{"Name":"KR06","Objects":[{"Length":100,"Height":123,"Stock":null,"Cost":12300}],"Items":[{"Length":39,"Height":13,"Demand":1,"DemandMax":null,"Value":507},{"Length":34,"Height":9,"Demand":1,"DemandMax":null,"Value":306},{"Length":10,"Height":39,"Demand":1,"DemandMax":null,"Value":390},{"Length":19,"Height":20,"Demand":1,"DemandMax":null,"Value":380},{"Length":13,"Height":1,"Demand":1,"DemandMax":null,"Value":13},{"Length":22,"Height":25,"Demand":1,"DemandMax":null,"Value":550},{"Length":39,"Height":1,"Demand":1,"DemandMax":null,"Value":39},{"Length":13,"Height":14,"Demand":1,"DemandMax":null,"Value":182},{"Length":37,"Height":17,"Demand":1,"DemandMax":null,"Value":629},{"Length":31,"Height":10,"Demand":1,"DemandMax":null,"Value":310},{"Length":25,"Height":3,"Demand":1,"DemandMax":null,"Value":75},{"Length":9,"Height":21,"Demand":1,"DemandMax":null,"Value":189},{"Length":12,"Height":30,"Demand":1,"DemandMax":null,"Value":360},{"Length":1,"Height":18,"Demand":1,"DemandMax":null,"Value":18},{"Length":27,"Height":38,"Demand":1,"DemandMax":null,"Value":1026},{"Length":27,"Height":29,"Demand":1,"DemandMax":null,"Value":783},{"Length":3,"Height":20,"Demand":1,"DemandMax":null,"Value":60},{"Length":40,"Height":30,"Demand":1,"DemandMax":null,"Value":1200},{"Length":32,"Height":28,"Demand":1,"DemandMax":null,"Value":896},{"Length":3,"Height":29,"Demand":1,"DemandMax":null,"Value":87},{"Length":9,"Height":25,"Demand":1,"DemandMax":null,"Value":225},{"Length":21,"Height":3,"Demand":1,"DemandMax":null,"Value":63},{"Length":11,"Height":30,"Demand":1,"DemandMax":null,"Value":330},{"Length":26,"Height":36,"Demand":1,"DemandMax":null,"Value":936},{"Length":40,"Height":4,"Demand":1,"DemandMax":null,"Value":160},{"Length":7,"Height":7,"Demand":1,"DemandMax":null,"Value":49},{"Length":31,"Height":3,"Demand":1,"DemandMax":null,"Value":93},{"Length":38,"Height":2,"Demand":1,"DemandMax":null,"Value":76},{"Length":9,"Height":30,"Demand":1,"DemandMax":null,"Value":270},{"Length":34,"Height":13,"Demand":1,"DemandMax":null,"Value":442},{"Length":10,"Height":11,"Demand":1,"DemandMax":null,"Value":110},{"Length":32,"Height":9,"Demand":1,"DemandMax":null,"Value":288},{"Length":39,"Height":27,"Demand":1,"DemandMax":null,"Value":1053},{"Length":2,"Height":14,"Demand":1,"DemandMax":null,"Value":28},{"Length":8,"Height":15,"Demand":1,"DemandMax":null,"Value":120}]}