{"Name":"KR08","Objects":[{"Length":100,"Height":163,"Stock":null,"Cost":16300}],"Items":[{"Length":12,"Height":22,"Demand":1,"DemandMax":null,"Value":264},{"Length":32,"Height":3,"Demand":1,"DemandMax":null,"Value":96},{"Length":38,"Height":36,"Demand":1,"DemandMax":null,"Value":1368},{"Length":9,"Height":13,"Demand":1,"DemandMax":null,"Value":117},{"Length":28,"Height":24,"Demand":1,"DemandMax":null,"Value":672},{"Length":16,"Height":2,"Demand":1,"DemandMax":null,"Value":32},{"Length":36,"Height":19,"Demand":1,"DemandMax":null,"Value":684},{"Length":15,"Height":1,"Demand":1,"DemandMax":null,"Value":15},{"Length":17,"Height":35,"Demand":1,"DemandMax":null,"Value":595},{"Length":34,"Height":14,"Demand":1,"DemandMax":null,"Value":476},{"Length":25,"Height":9,"Demand":1,"DemandMax":null,"Value":225},{"Length":23,"Height":7,"Demand":1,"DemandMax":null,"Value":161},{"Length":27,"Height":16,"Demand":1,"DemandMax":null,"Value":432},{"Length":23,"Height":24,"Demand":2,"DemandMax":null,"Value":552},{"Length":1,"Height":8,"Demand":1,"DemandMax":null,"Value":8},{"Length":9,"Height":16,"Demand":1,"DemandMax":null,"Value":144},{"Length":13,"Height":3,"Demand":1,"DemandMax":null,"Value":39},{"Length":34,"Height":1,"Demand":1,"DemandMax":null,"Value":34},{"Length":25,"Height":37,"Demand":1,"DemandMax":null,"Value":925},{"Length":17,"Height":10,"Demand":1,"DemandMax":null,"Value":170},{"Length":9,"Height":31,"Demand":1,"DemandMax":null,"Value":279},{"Length":19,"Height":1,"Demand":1,"DemandMax":null,"Value":19},{"Length":20,"Height":29,"Demand":1,"DemandMax":null,"Value":580},{"Length":2,"Height":38,"Demand":1,"DemandMax":null,"Value":76},{"Length":30,"Height":9,"Demand":1,"DemandMax":null,"Value":270},{"Length":12,"Height":16,"Demand":1,"DemandMax":null,"Value":192},{"Length":1,"Height":30,"Demand":1,"DemandMax":null,"Value":30},{"Length":40,"Height":24,"Demand":1,"DemandMax":null,"Value":960},{"Length":13,"Height":34,"Demand":1,"DemandMax":null,"Value":442},{"Length":7,"Height":14,"Demand":1,"DemandMax":null,"Value":98},{"Length":34,"Height":27,"Demand":1,"DemandMax":null,"Value":918},{"Length":6,"Height":36,"Demand":1,"DemandMax":null,"Value":216},{"Length":24,"Height":31,"Demand":1,"DemandMax":null,"Value":744},{"Length":35,"Height":11,"Demand":1,"DemandMax":null,"Value":385},{"Length":28,"Height":12,"Demand":1,"DemandMax":null,"Value":336},{"Length":1,"Height":17,"Demand":1,"DemandMax":null,"Value":17},{"Length":7,"Height":34,"Demand":1,"DemandMax":null,"Value":238},{"Length":32,"Height":33,"Demand":1,"DemandMax":null,"Value":1056},{"Length":9,"Height":33,"Demand":1,"DemandMax":null,"Value":297},{"Length":40,"Height":3,"Demand":1,"DemandMax":null,"Value":120},{"Length":4,"Height":26,"Demand":1,"DemandMax":null,"Value":104},{"Length":15,"Height":22,"Demand":1,"DemandMax":null,"Value":330},{"Length":28,"Height":33,"Demand":1,"DemandMax":null,"Value":924},{"Length":24,"Height":1,"Demand":1,"DemandMax":null,"Value":24}]}