{"Name":"KR01","Objects":[{"Length":100,"Height":107,"Stock":null,"Cost":10700}],"Items":[{"Length":3,"Height":3,"Demand":1,"DemandMax":null,"Value":9},{"Length":10,"Height":40,"Demand":1,"DemandMax":null,"Value":400},{"Length":3,"Height":37,"Demand":1,"DemandMax":null,"Value":111},{"Length":31,"Height":5,"Demand":1,"DemandMax":null,"Value":155},{"Length":6,"Height":34,"Demand":1,"DemandMax":null,"Value":204},{"Length":7,"Height":8,"Demand":1,"DemandMax":null,"Value":56},{"Length":9,"Height":3,"Demand":1,"DemandMax":null,"Value":27},{"Length":29,"Height":32,"Demand":1,"DemandMax":null,"Value":928},{"Length":20,"Height":39,"Demand":1,"DemandMax":null,"Value":780},{"Length":1,"Height":4,"Demand":1,"DemandMax":null,"Value":4},{"Length":20,"Height":32,"Demand":1,"DemandMax":null,"Value":640},{"Length":7,"Height":17,"Demand":1,"DemandMax":null,"Value":119},{"Length":34,"Height":31,"Demand":1,"DemandMax":null,"Value":1054},{"Length":25,"Height":38,"Demand":1,"DemandMax":null,"Value":950},{"Length":40,"Height":8,"Demand":1,"DemandMax":null,"Value":320},{"Length":31,"Height":27,"Demand":1,"DemandMax":null,"Value":837},{"Length":39,"Height":25,"Demand":1,"DemandMax":null,"Value":975},{"Length":1,"Height":25,"Demand":1,"DemandMax":null,"Value":25},{"Length":11,"Height":26,"Demand":1,"DemandMax":null,"Value":286},{"Length":34,"Height":17,"Demand":1,"DemandMax":null,"Value":578},{"Length":16,"Height":30,"Demand":1,"DemandMax":null,"Value":480},{"Length":20,"Height":35,"Demand":1,"DemandMax":null,"Value":700},{"Length":33,"Height":16,"Demand":1,"DemandMax":null,"Value":528},{"Length":9,"Height":5,"Demand":1,"DemandMax":null,"Value":45},{"Length":21,"Height":22,"Demand":1,"DemandMax":null,"Value":462}]}