{"Name":"KR03","Objects":[{"Length":100,"Height":102,"Stock":null,"Cost":10200}],"Items":[{"Length":15,"Height":17,"Demand":1,"DemandMax":null,"Value":255},{"Length":13,"Height":29,"Demand":1,"DemandMax":null,"Value":377},{"Length":27,"Height":6,"Demand":1,"DemandMax":null,"Value":162},{"Length":17,"Height":35,"Demand":1,"DemandMax":null,"Value":595},{"Length":28,"Height":16,"Demand":1,"DemandMax":null,"Value":448},{"Length":25,"Height":11,"Demand":1,"DemandMax":null,"Value":275},{"Length":5,"Height":28,"Demand":1,"DemandMax":null,"Value":140},{"Length":38,"Height":21,"Demand":1,"DemandMax":null,"Value":798},{"Length":23,"Height":19,"Demand":1,"DemandMax":null,"Value":437},{"Length":29,"Height":1,"Demand":1,"DemandMax":null,"Value":29},{"Length":24,"Height":17,"Demand":1,"DemandMax":null,"Value":408},{"Length":16,"Height":25,"Demand":1,"DemandMax":null,"Value":400},{"Length":11,"Height":19,"Demand":1,"DemandMax":null,"Value":209},{"Length":23,"Height":14,"Demand":1,"DemandMax":null,"Value":322},{"Length":28,"Height":23,"Demand":1,"DemandMax":null,"Value":644},{"Length":13,"Height":11,"Demand":1,"DemandMax":null,"Value":143},{"Length":24,"Height":25,"Demand":1,"DemandMax":null,"Value":600},{"Length":7,"Height":25,"Demand":1,"DemandMax":null,"Value":175},{"Length":35,"Height":33,"Demand":1,"DemandMax":null,"Value":1155},{"Length":16,"Height":28,"Demand":1,"DemandMax":null,"Value":448},{"Length":26,"Height":9,"Demand":1,"DemandMax":null,"Value":234},{"Length":39,"Height":25,"Demand":1,"DemandMax":null,"Value":975},{"Length":11,"Height":7,"Demand":1,"DemandMax":null,"Value":77},{"Length":20,"Height":26,"Demand":1,"DemandMax":null,"Value":520},{"Length":10,"Height":37,"Demand":1,"DemandMax":null,"Value":370}]}