{"Name":"path5","Objects":[{"Length":1000,"Height":1000,"Stock":null,"Cost":1000000}],"Items":[{"Length":627,"Height":75,"Demand":1,"DemandMax":null,"Value":47025},{"Length":627,"Height":56,"Demand":1,"DemandMax":null,"Value":35112},{"Length":627,"Height":49,"Demand":1,"DemandMax":null,"Value":30723},{"Length":390,"Height":44,"Demand":1,"DemandMax":null,"Value":17160},{"Length":627,"Height":18,"Demand":1,"DemandMax":null,"Value":11286},{"Length":175,"Height":63,"Demand":1,"DemandMax":null,"Value":11025},{"Length":237,"Height":44,"Demand":1,"DemandMax":null,"Value":10428},{"Length":144,"Height":63,"Demand":1,"DemandMax":null,"Value":9072},{"Length":210,"Height":36,"Demand":1,"DemandMax":null,"Value":7560},{"Length":24,"Height":143,"Demand":1,"DemandMax":null,"Value":3432},{"Length":69,"Height":47,"Demand":1,"DemandMax":null,"Value":3243},{"Length":40,"Height":76,"Demand":1,"DemandMax":null,"Value":3040},{"Length":32,"Height":95,"Demand":1,"DemandMax":null,"Value":3040},{"Length":261,"Height":12,"Demand":1,"DemandMax":null,"Value":3132},{"Length":256,"Height":12,"Demand":1,"DemandMax":null,"Value":3072},{"Length":108,"Height":28,"Demand":1,"DemandMax":null,"Value":3024},{"Length":425,"Height":7,"Demand":1,"DemandMax":null,"Value":2975},{"Length":13,"Height":230,"Demand":1,"DemandMax":null,"Value":2990},{"Length":6,"Height":480,"Demand":1,"DemandMax":null,"Value":2880},{"Length":14,"Height":212,"Demand":1,"DemandMax":null,"Value":2968},{"Length":201,"Height":15,"Demand":1,"DemandMax":null,"Value":3015},{"Length":23,"Height":130,"Demand":1,"DemandMax":null,"Value":2990},{"Length":123,"Height":24,"Demand":1,"DemandMax":null,"Value":2952},{"Length":24,"Height":124,"Demand":1,"DemandMax":null,"Value":2976},{"Length":60,"Height":48,"Demand":1,"DemandMax":null,"Value":2880},{"Length":108,"Height":27,"Demand":1,"DemandMax":null,"Value":2916},{"Length":6,"Height":515,"Demand":1,"DemandMax":null,"Value":3090},{"Length":62,"Height":46,"Demand":1,"DemandMax":null,"Value":2852},{"Length":256,"Height":11,"Demand":1,"DemandMax":null,"Value":2816},{"Length":311,"Height":9,"Demand":1,"DemandMax":null,"Value":2799},{"Length":414,"Height":7,"Demand":1,"DemandMax":null,"Value":2898},{"Length":161,"Height":17,"Demand":1,"DemandMax":null,"Value":2737},{"Length":24,"Height":116,"Demand":1,"DemandMax":null,"Value":2784},{"Length":30,"Height":93,"Demand":1,"DemandMax":null,"Value":2790},{"Length":39,"Height":71,"Demand":1,"DemandMax":null,"Value":2769},{"Length":300,"Height":9,"Demand":1,"DemandMax":null,"Value":2700},{"Length":9,"Height":291,"Demand":1,"DemandMax":null,"Value":2619},{"Length":319,"Height":9,"Demand":1,"DemandMax":null,"Value":2871},{"Length":366,"Height":7,"Demand":1,"DemandMax":null,"Value":2562},{"Length":27,"Height":100,"Demand":1,"DemandMax":null,"Value":2700},{"Length":421,"Height":6,"Demand":1,"DemandMax":null,"Value":2526},{"Length":73,"Height":37,"Demand":1,"DemandMax":null,"Value":2701},{"Length":9,"Height":289,"Demand":1,"DemandMax":null,"Value":2601},{"Length":7,"Height":371,"Demand":1,"DemandMax":null,"Value":2597},{"Length":182,"Height":15,"Demand":1,"DemandMax":null,"Value":2730},{"Length":127,"Height":21,"Demand":1,"DemandMax":null,"Value":2667},{"Length":55,"Height":49,"Demand":1,"DemandMax":null,"Value":2695},{"Length":45,"Height":60,"Demand":1,"DemandMax":null,"Value":2700},{"Length":166,"Height":16,"Demand":1,"DemandMax":null,"Value":2656},{"Length":374,"Height":7,"Demand":1,"DemandMax":null,"Value":2618},{"Length":319,"Height":8,"Demand":1,"DemandMax":null,"Value":2552},{"Length":306,"Height":9,"Demand":1,"DemandMax":null,"Value":2754},{"Length":22,"Height":118,"Demand":2,"DemandMax":null,"Value":2596},{"Length":8,"Height":330,"Demand":1,"DemandMax":null,"Value":2640},{"Length":59,"Height":45,"Demand":1,"DemandMax":null,"Value":2655},{"Length":179,"Height":15,"Demand":1,"DemandMax":null,"Value":2685},{"Length":10,"Height":273,"Demand":1,"DemandMax":null,"Value":2730},{"Length":33,"Height":79,"Demand":1,"DemandMax":null,"Value":2607},{"Length":58,"Height":44,"Demand":1,"DemandMax":null,"Value":2552},{"Length":53,"Height":49,"Demand":1,"DemandMax":null,"Value":2597},{"Length":43,"Height":58,"Demand":1,"DemandMax":null,"Value":2494},{"Length":52,"Height":49,"Demand":1,"DemandMax":null,"Value":2548},{"Length":99,"Height":26,"Demand":1,"DemandMax":null,"Value":2574},{"Length":33,"Height":76,"Demand":1,"DemandMax":null,"Value":2508},{"Length":51,"Height":49,"Demand":1,"DemandMax":null,"Value":2499},{"Length":52,"Height":48,"Demand":1,"DemandMax":null,"Value":2496},{"Length":15,"Height":161,"Demand":1,"DemandMax":null,"Value":2415},{"Length":35,"Height":70,"Demand":1,"DemandMax":null,"Value":2450},{"Length":5,"Height":459,"Demand":2,"DemandMax":null,"Value":2295},{"Length":24,"Height":100,"Demand":1,"DemandMax":null,"Value":2400},{"Length":64,"Height":38,"Demand":1,"DemandMax":null,"Value":2432},{"Length":26,"Height":92,"Demand":1,"DemandMax":null,"Value":2392},{"Length":134,"Height":18,"Demand":1,"DemandMax":null,"Value":2412},{"Length":22,"Height":107,"Demand":1,"DemandMax":null,"Value":2354},{"Length":23,"Height":104,"Demand":1,"DemandMax":null,"Value":2392},{"Length":24,"Height":99,"Demand":1,"DemandMax":null,"Value":2376},{"Length":16,"Height":146,"Demand":1,"DemandMax":null,"Value":2336},{"Length":132,"Height":18,"Demand":1,"DemandMax":null,"Value":2376},{"Length":13,"Height":187,"Demand":1,"DemandMax":null,"Value":2431},{"Length":13,"Height":186,"Demand":1,"DemandMax":null,"Value":2418},{"Length":9,"Height":257,"Demand":1,"DemandMax":null,"Value":2313},{"Length":268,"Height":9,"Demand":1,"DemandMax":null,"Value":2412},{"Length":22,"Height":110,"Demand":1,"DemandMax":null,"Value":2420},{"Length":131,"Height":18,"Demand":1,"DemandMax":null,"Value":2358},{"Length":49,"Height":48,"Demand":1,"DemandMax":null,"Value":2352},{"Length":216,"Height":11,"Demand":1,"DemandMax":null,"Value":2376},{"Length":74,"Height":32,"Demand":1,"DemandMax":null,"Value":2368},{"Length":157,"Height":15,"Demand":1,"DemandMax":null,"Value":2355},{"Length":20,"Height":119,"Demand":1,"DemandMax":null,"Value":2380},{"Length":5,"Height":480,"Demand":2,"DemandMax":null,"Value":2400},{"Length":158,"Height":15,"Demand":1,"DemandMax":null,"Value":2370},{"Length":19,"Height":124,"Demand":1,"DemandMax":null,"Value":2356},{"Length":13,"Height":184,"Demand":1,"DemandMax":null,"Value":2392},{"Length":20,"Height":118,"Demand":1,"DemandMax":null,"Value":2360},{"Length":40,"Height":58,"Demand":1,"DemandMax":null,"Value":2320},{"Length":29,"Height":79,"Demand":1,"DemandMax":null,"Value":2291},{"Length":53,"Height":43,"Demand":1,"DemandMax":null,"Value":2279},{"Length":219,"Height":10,"Demand":1,"DemandMax":null,"Value":2190},{"Length":108,"Height":21,"Demand":1,"DemandMax":null,"Value":2268},{"Length":24,"Height":93,"Demand":1,"DemandMax":null,"Value":2232},{"Length":8,"Height":268,"Demand":1,"DemandMax":null,"Value":2144},{"Length":138,"Height":16,"Demand":1,"DemandMax":null,"Value":2208},{"Length":59,"Height":38,"Demand":1,"DemandMax":null,"Value":2242},{"Length":22,"Height":102,"Demand":1,"DemandMax":null,"Value":2244},{"Length":10,"Height":215,"Demand":2,"DemandMax":null,"Value":2150},{"Length":42,"Height":53,"Demand":1,"DemandMax":null,"Value":2226},{"Length":148,"Height":15,"Demand":1,"DemandMax":null,"Value":2220},{"Length":25,"Height":90,"Demand":1,"DemandMax":null,"Value":2250},{"Length":308,"Height":7,"Demand":1,"DemandMax":null,"Value":2156},{"Length":11,"Height":207,"Demand":1,"DemandMax":null,"Value":2277},{"Length":234,"Height":9,"Demand":1,"DemandMax":null,"Value":2106},{"Length":296,"Height":7,"Demand":2,"DemandMax":null,"Value":2072},{"Length":41,"Height":53,"Demand":1,"DemandMax":null,"Value":2173},{"Length":22,"Height":99,"Demand":1,"DemandMax":null,"Value":2178},{"Length":58,"Height":37,"Demand":2,"DemandMax":null,"Value":2146},{"Length":59,"Height":37,"Demand":1,"DemandMax":null,"Value":2183},{"Length":119,"Height":18,"Demand":1,"DemandMax":null,"Value":2142},{"Length":18,"Height":121,"Demand":1,"DemandMax":null,"Value":2178},{"Length":48,"Height":45,"Demand":1,"DemandMax":null,"Value":2160},{"Length":421,"Height":5,"Demand":1,"DemandMax":null,"Value":2105},{"Length":135,"Height":16,"Demand":1,"DemandMax":null,"Value":2160},{"Length":129,"Height":17,"Demand":1,"DemandMax":null,"Value":2193},{"Length":62,"Height":35,"Demand":1,"DemandMax":null,"Value":2170},{"Length":26,"Height":83,"Demand":1,"DemandMax":null,"Value":2158},{"Length":47,"Height":45,"Demand":1,"DemandMax":null,"Value":2115},{"Length":16,"Height":130,"Demand":1,"DemandMax":null,"Value":2080},{"Length":15,"Height":143,"Demand":1,"DemandMax":null,"Value":2145},{"Length":144,"Height":15,"Demand":1,"DemandMax":null,"Value":2160},{"Length":57,"Height":37,"Demand":1,"DemandMax":null,"Value":2109},{"Length":67,"Height":32,"Demand":1,"DemandMax":null,"Value":2144},{"Length":45,"Height":48,"Demand":1,"DemandMax":null,"Value":2160},{"Length":13,"Height":161,"Demand":1,"DemandMax":null,"Value":2093},{"Length":9,"Height":230,"Demand":2,"DemandMax":null,"Value":2070},{"Length":19,"Height":110,"Demand":1,"DemandMax":null,"Value":2090},{"Length":23,"Height":93,"Demand":1,"DemandMax":null,"Value":2139},{"Length":143,"Height":15,"Demand":1,"DemandMax":null,"Value":2145},{"Length":34,"Height":61,"Demand":1,"DemandMax":null,"Value":2074},{"Length":17,"Height":121,"Demand":1,"DemandMax":null,"Value":2057},{"Length":216,"Height":10,"Demand":1,"DemandMax":null,"Value":2160},{"Length":99,"Height":21,"Demand":1,"DemandMax":null,"Value":2079},{"Length":26,"Height":79,"Demand":1,"DemandMax":null,"Value":2054},{"Length":18,"Height":118,"Demand":1,"DemandMax":null,"Value":2124},{"Length":27,"Height":76,"Demand":3,"DemandMax":null,"Value":2052},{"Length":12,"Height":170,"Demand":1,"DemandMax":null,"Value":2040},{"Length":220,"Height":9,"Demand":1,"DemandMax":null,"Value":1980},{"Length":208,"Height":10,"Demand":1,"DemandMax":null,"Value":2080},{"Length":16,"Height":125,"Demand":1,"DemandMax":null,"Value":2000},{"Length":319,"Height":6,"Demand":5,"DemandMax":null,"Value":1914},{"Length":52,"Height":39,"Demand":1,"DemandMax":null,"Value":2028},{"Length":231,"Height":9,"Demand":1,"DemandMax":null,"Value":2079},{"Length":12,"Height":164,"Demand":1,"DemandMax":null,"Value":1968},{"Length":127,"Height":16,"Demand":1,"DemandMax":null,"Value":2032},{"Length":121,"Height":17,"Demand":1,"DemandMax":null,"Value":2057},{"Length":253,"Height":8,"Demand":1,"DemandMax":null,"Value":2024},{"Length":8,"Height":243,"Demand":1,"DemandMax":null,"Value":1944},{"Length":22,"Height":90,"Demand":1,"DemandMax":null,"Value":1980},{"Length":90,"Height":22,"Demand":1,"DemandMax":null,"Value":1980},{"Length":41,"Height":49,"Demand":1,"DemandMax":null,"Value":2009},{"Length":20,"Height":102,"Demand":2,"DemandMax":null,"Value":2040},{"Length":25,"Height":80,"Demand":1,"DemandMax":null,"Value":2000},{"Length":272,"Height":7,"Demand":1,"DemandMax":null,"Value":1904},{"Length":250,"Height":8,"Demand":1,"DemandMax":null,"Value":2000},{"Length":89,"Height":22,"Demand":1,"DemandMax":null,"Value":1958},{"Length":123,"Height":16,"Demand":2,"DemandMax":null,"Value":1968},{"Length":24,"Height":83,"Demand":1,"DemandMax":null,"Value":1992},{"Length":405,"Height":5,"Demand":1,"DemandMax":null,"Value":2025},{"Length":40,"Height":49,"Demand":1,"DemandMax":null,"Value":1960},{"Length":223,"Height":9,"Demand":1,"DemandMax":null,"Value":2007},{"Length":17,"Height":119,"Demand":1,"DemandMax":null,"Value":2023},{"Length":23,"Height":83,"Demand":1,"DemandMax":null,"Value":1909},{"Length":245,"Height":8,"Demand":1,"DemandMax":null,"Value":1960},{"Length":8,"Height":257,"Demand":1,"DemandMax":null,"Value":2056},{"Length":99,"Height":20,"Demand":1,"DemandMax":null,"Value":1980},{"Length":186,"Height":10,"Demand":1,"DemandMax":null,"Value":1860},{"Length":99,"Height":19,"Demand":2,"DemandMax":null,"Value":1881},{"Length":32,"Height":60,"Demand":1,"DemandMax":null,"Value":1920},{"Length":7,"Height":257,"Demand":1,"DemandMax":null,"Value":1799},{"Length":48,"Height":40,"Demand":1,"DemandMax":null,"Value":1920},{"Length":268,"Height":7,"Demand":1,"DemandMax":null,"Value":1876},{"Length":44,"Height":43,"Demand":1,"DemandMax":null,"Value":1892},{"Length":28,"Height":66,"Demand":1,"DemandMax":null,"Value":1848},{"Length":49,"Height":38,"Demand":1,"DemandMax":null,"Value":1862},{"Length":269,"Height":7,"Demand":1,"DemandMax":null,"Value":1883},{"Length":79,"Height":24,"Demand":1,"DemandMax":null,"Value":1896},{"Length":131,"Height":14,"Demand":2,"DemandMax":null,"Value":1834},{"Length":16,"Height":113,"Demand":1,"DemandMax":null,"Value":1808},{"Length":18,"Height":102,"Demand":1,"DemandMax":null,"Value":1836},{"Length":179,"Height":10,"Demand":1,"DemandMax":null,"Value":1790},{"Length":81,"Height":23,"Demand":1,"DemandMax":null,"Value":1863},{"Length":69,"Height":27,"Demand":1,"DemandMax":null,"Value":1863},{"Length":14,"Height":132,"Demand":1,"DemandMax":null,"Value":1848},{"Length":124,"Height":15,"Demand":1,"DemandMax":null,"Value":1860},{"Length":235,"Height":8,"Demand":1,"DemandMax":null,"Value":1880},{"Length":17,"Height":107,"Demand":1,"DemandMax":null,"Value":1819},{"Length":24,"Height":76,"Demand":1,"DemandMax":null,"Value":1824},{"Length":5,"Height":371,"Demand":1,"DemandMax":null,"Value":1855},{"Length":67,"Height":27,"Demand":1,"DemandMax":null,"Value":1809},{"Length":123,"Height":15,"Demand":1,"DemandMax":null,"Value":1845},{"Length":199,"Height":9,"Demand":1,"DemandMax":null,"Value":1791},{"Length":159,"Height":11,"Demand":2,"DemandMax":null,"Value":1749},{"Length":267,"Height":7,"Demand":2,"DemandMax":null,"Value":1869},{"Length":53,"Height":34,"Demand":1,"DemandMax":null,"Value":1802},{"Length":157,"Height":12,"Demand":1,"DemandMax":null,"Value":1884},{"Length":27,"Height":67,"Demand":1,"DemandMax":null,"Value":1809},{"Length":22,"Height":83,"Demand":1,"DemandMax":null,"Value":1826},{"Length":49,"Height":37,"Demand":1,"DemandMax":null,"Value":1813},{"Length":77,"Height":23,"Demand":1,"DemandMax":null,"Value":1771},{"Length":35,"Height":51,"Demand":1,"DemandMax":null,"Value":1785},{"Length":7,"Height":268,"Demand":1,"DemandMax":null,"Value":1876},{"Length":98,"Height":18,"Demand":1,"DemandMax":null,"Value":1764},{"Length":216,"Height":8,"Demand":1,"DemandMax":null,"Value":1728},{"Length":99,"Height":18,"Demand":3,"DemandMax":null,"Value":1782},{"Length":31,"Height":57,"Demand":2,"DemandMax":null,"Value":1767},{"Length":18,"Height":99,"Demand":1,"DemandMax":null,"Value":1782},{"Length":9,"Height":189,"Demand":1,"DemandMax":null,"Value":1701},{"Length":14,"Height":131,"Demand":1,"DemandMax":null,"Value":1834},{"Length":53,"Height":33,"Demand":1,"DemandMax":null,"Value":1749},{"Length":10,"Height":186,"Demand":1,"DemandMax":null,"Value":1860},{"Length":50,"Height":35,"Demand":1,"DemandMax":null,"Value":1750},{"Length":37,"Height":48,"Demand":1,"DemandMax":null,"Value":1776},{"Length":20,"Height":86,"Demand":1,"DemandMax":null,"Value":1720},{"Length":76,"Height":23,"Demand":1,"DemandMax":null,"Value":1748},{"Length":13,"Height":137,"Demand":1,"DemandMax":null,"Value":1781},{"Length":79,"Height":22,"Demand":1,"DemandMax":null,"Value":1738},{"Length":71,"Height":24,"Demand":1,"DemandMax":null,"Value":1704},{"Length":15,"Height":118,"Demand":1,"DemandMax":null,"Value":1770},{"Length":7,"Height":234,"Demand":1,"DemandMax":null,"Value":1638},{"Length":16,"Height":106,"Demand":1,"DemandMax":null,"Value":1696},{"Length":7,"Height":230,"Demand":2,"DemandMax":null,"Value":1610},{"Length":59,"Height":29,"Demand":2,"DemandMax":null,"Value":1711},{"Length":31,"Height":55,"Demand":1,"DemandMax":null,"Value":1705},{"Length":102,"Height":17,"Demand":1,"DemandMax":null,"Value":1734},{"Length":133,"Height":13,"Demand":1,"DemandMax":null,"Value":1729},{"Length":16,"Height":104,"Demand":1,"DemandMax":null,"Value":1664},{"Length":35,"Height":48,"Demand":1,"DemandMax":null,"Value":1680},{"Length":6,"Height":257,"Demand":1,"DemandMax":null,"Value":1542},{"Length":49,"Height":34,"Demand":1,"DemandMax":null,"Value":1666},{"Length":31,"Height":52,"Demand":1,"DemandMax":null,"Value":1612},{"Length":7,"Height":224,"Demand":1,"DemandMax":null,"Value":1568},{"Length":184,"Height":9,"Demand":1,"DemandMax":null,"Value":1656},{"Length":45,"Height":36,"Demand":1,"DemandMax":null,"Value":1620},{"Length":58,"Height":28,"Demand":1,"DemandMax":null,"Value":1624},{"Length":19,"Height":87,"Demand":1,"DemandMax":null,"Value":1653},{"Length":97,"Height":17,"Demand":1,"DemandMax":null,"Value":1649},{"Length":30,"Height":54,"Demand":1,"DemandMax":null,"Value":1620},{"Length":71,"Height":23,"Demand":1,"DemandMax":null,"Value":1633},{"Length":92,"Height":17,"Demand":1,"DemandMax":null,"Value":1564},{"Length":47,"Height":34,"Demand":1,"DemandMax":null,"Value":1598},{"Length":14,"Height":114,"Demand":1,"DemandMax":null,"Value":1596},{"Length":9,"Height":185,"Demand":1,"DemandMax":null,"Value":1665},{"Length":179,"Height":9,"Demand":2,"DemandMax":null,"Value":1611},{"Length":27,"Height":58,"Demand":2,"DemandMax":null,"Value":1566},{"Length":30,"Height":53,"Demand":2,"DemandMax":null,"Value":1590},{"Length":67,"Height":24,"Demand":1,"DemandMax":null,"Value":1608},{"Length":15,"Height":102,"Demand":3,"DemandMax":null,"Value":1530},{"Length":15,"Height":107,"Demand":2,"DemandMax":null,"Value":1605},{"Length":197,"Height":8,"Demand":1,"DemandMax":null,"Value":1576},{"Length":267,"Height":6,"Demand":1,"DemandMax":null,"Value":1602},{"Length":58,"Height":27,"Demand":2,"DemandMax":null,"Value":1566},{"Length":201,"Height":8,"Demand":1,"DemandMax":null,"Value":1608},{"Length":161,"Height":10,"Demand":1,"DemandMax":null,"Value":1610},{"Length":31,"Height":50,"Demand":1,"DemandMax":null,"Value":1550},{"Length":187,"Height":8,"Demand":2,"DemandMax":null,"Value":1496},{"Length":108,"Height":14,"Demand":2,"DemandMax":null,"Value":1512},{"Length":9,"Height":172,"Demand":1,"DemandMax":null,"Value":1548},{"Length":12,"Height":128,"Demand":2,"DemandMax":null,"Value":1536},{"Length":131,"Height":12,"Demand":1,"DemandMax":null,"Value":1572},{"Length":7,"Height":221,"Demand":2,"DemandMax":null,"Value":1547},{"Length":27,"Height":57,"Demand":2,"DemandMax":null,"Value":1539},{"Length":16,"Height":96,"Demand":1,"DemandMax":null,"Value":1536},{"Length":130,"Height":12,"Demand":1,"DemandMax":null,"Value":1560},{"Length":19,"Height":83,"Demand":1,"DemandMax":null,"Value":1577},{"Length":356,"Height":4,"Demand":2,"DemandMax":null,"Value":1424},{"Length":58,"Height":26,"Demand":1,"DemandMax":null,"Value":1508},{"Length":30,"Height":51,"Demand":1,"DemandMax":null,"Value":1530},{"Length":12,"Height":131,"Demand":1,"DemandMax":null,"Value":1572},{"Length":99,"Height":16,"Demand":1,"DemandMax":null,"Value":1584},{"Length":20,"Height":75,"Demand":1,"DemandMax":null,"Value":1500},{"Length":102,"Height":15,"Demand":1,"DemandMax":null,"Value":1530},{"Length":52,"Height":30,"Demand":1,"DemandMax":null,"Value":1560},{"Length":28,"Height":54,"Demand":1,"DemandMax":null,"Value":1512},{"Length":18,"Height":83,"Demand":1,"DemandMax":null,"Value":1494},{"Length":40,"Height":38,"Demand":1,"DemandMax":null,"Value":1520},{"Length":27,"Height":55,"Demand":1,"DemandMax":null,"Value":1485},{"Length":69,"Height":22,"Demand":1,"DemandMax":null,"Value":1518},{"Length":87,"Height":17,"Demand":1,"DemandMax":null,"Value":1479},{"Length":158,"Height":10,"Demand":1,"DemandMax":null,"Value":1580},{"Length":7,"Height":233,"Demand":1,"DemandMax":null,"Value":1631},{"Length":25,"Height":61,"Demand":1,"DemandMax":null,"Value":1525},{"Length":7,"Height":215,"Demand":1,"DemandMax":null,"Value":1505},{"Length":31,"Height":47,"Demand":1,"DemandMax":null,"Value":1457},{"Length":6,"Height":237,"Demand":1,"DemandMax":null,"Value":1422},{"Length":172,"Height":9,"Demand":1,"DemandMax":null,"Value":1548},{"Length":7,"Height":226,"Demand":1,"DemandMax":null,"Value":1582},{"Length":14,"Height":102,"Demand":1,"DemandMax":null,"Value":1428},{"Length":71,"Height":20,"Demand":1,"DemandMax":null,"Value":1420},{"Length":103,"Height":14,"Demand":1,"DemandMax":null,"Value":1442},{"Length":11,"Height":122,"Demand":1,"DemandMax":null,"Value":1342},{"Length":109,"Height":13,"Demand":1,"DemandMax":null,"Value":1417},{"Length":12,"Height":120,"Demand":1,"DemandMax":null,"Value":1440},{"Length":7,"Height":199,"Demand":1,"DemandMax":null,"Value":1393},{"Length":28,"Height":48,"Demand":1,"DemandMax":null,"Value":1344},{"Length":52,"Height":26,"Demand":1,"DemandMax":null,"Value":1352},{"Length":147,"Height":9,"Demand":1,"DemandMax":null,"Value":1323},{"Length":169,"Height":8,"Demand":1,"DemandMax":null,"Value":1352},{"Length":5,"Height":272,"Demand":1,"DemandMax":null,"Value":1360},{"Length":95,"Height":14,"Demand":1,"DemandMax":null,"Value":1330},{"Length":161,"Height":8,"Demand":1,"DemandMax":null,"Value":1288},{"Length":27,"Height":47,"Demand":1,"DemandMax":null,"Value":1269},{"Length":10,"Height":125,"Demand":1,"DemandMax":null,"Value":1250},{"Length":26,"Height":48,"Demand":2,"DemandMax":null,"Value":1248},{"Length":11,"Height":108,"Demand":1,"DemandMax":null,"Value":1188},{"Length":39,"Height":32,"Demand":1,"DemandMax":null,"Value":1248},{"Length":28,"Height":43,"Demand":1,"DemandMax":null,"Value":1204},{"Length":339,"Height":4,"Demand":1,"DemandMax":null,"Value":1356},{"Length":64,"Height":19,"Demand":1,"DemandMax":null,"Value":1216},{"Length":5,"Height":221,"Demand":2,"DemandMax":null,"Value":1105},{"Length":38,"Height":32,"Demand":1,"DemandMax":null,"Value":1216},{"Length":272,"Height":4,"Demand":1,"DemandMax":null,"Value":1088},{"Length":25,"Height":48,"Demand":1,"DemandMax":null,"Value":1200},{"Length":22,"Height":53,"Demand":1,"DemandMax":null,"Value":1166},{"Length":20,"Height":57,"Demand":1,"DemandMax":null,"Value":1140},{"Length":5,"Height":257,"Demand":1,"DemandMax":null,"Value":1285},{"Length":6,"Height":185,"Demand":1,"DemandMax":null,"Value":1110},{"Length":12,"Height":100,"Demand":1,"DemandMax":null,"Value":1200},{"Length":30,"Height":39,"Demand":1,"DemandMax":null,"Value":1170},{"Length":339,"Height":3,"Demand":1,"DemandMax":null,"Value":1017},{"Length":17,"Height":69,"Demand":1,"DemandMax":null,"Value":1173},{"Length":206,"Height":6,"Demand":1,"DemandMax":null,"Value":1236},{"Length":19,"Height":61,"Demand":1,"DemandMax":null,"Value":1159},{"Length":33,"Height":35,"Demand":1,"DemandMax":null,"Value":1155},{"Length":50,"Height":22,"Demand":1,"DemandMax":null,"Value":1100},{"Length":71,"Height":15,"Demand":1,"DemandMax":null,"Value":1065},{"Length":181,"Height":6,"Demand":1,"DemandMax":null,"Value":1086},{"Length":6,"Height":173,"Demand":2,"DemandMax":null,"Value":1038},{"Length":35,"Height":31,"Demand":1,"DemandMax":null,"Value":1085},{"Length":13,"Height":83,"Demand":1,"DemandMax":null,"Value":1079},{"Length":48,"Height":22,"Demand":1,"DemandMax":null,"Value":1056},{"Length":172,"Height":6,"Demand":1,"DemandMax":null,"Value":1032},{"Length":15,"Height":71,"Demand":1,"DemandMax":null,"Value":1065},{"Length":8,"Height":125,"Demand":1,"DemandMax":null,"Value":1000},{"Length":24,"Height":43,"Demand":1,"DemandMax":null,"Value":1032},{"Length":33,"Height":32,"Demand":1,"DemandMax":null,"Value":1056},{"Length":27,"Height":38,"Demand":1,"DemandMax":null,"Value":1026},{"Length":57,"Height":18,"Demand":1,"DemandMax":null,"Value":1026},{"Length":17,"Height":60,"Demand":1,"DemandMax":null,"Value":1020},{"Length":20,"Height":51,"Demand":1,"DemandMax":null,"Value":1020},{"Length":12,"Height":83,"Demand":1,"DemandMax":null,"Value":996},{"Length":18,"Height":56,"Demand":1,"DemandMax":null,"Value":1008},{"Length":5,"Height":208,"Demand":1,"DemandMax":null,"Value":1040},{"Length":11,"Height":91,"Demand":1,"DemandMax":null,"Value":1001},{"Length":33,"Height":31,"Demand":1,"DemandMax":null,"Value":1023},{"Length":48,"Height":21,"Demand":1,"DemandMax":null,"Value":1008},{"Length":7,"Height":137,"Demand":1,"DemandMax":null,"Value":959},{"Length":102,"Height":10,"Demand":1,"DemandMax":null,"Value":1020},{"Length":68,"Height":14,"Demand":1,"DemandMax":null,"Value":952},{"Length":133,"Height":7,"Demand":1,"DemandMax":null,"Value":931},{"Length":52,"Height":18,"Demand":2,"DemandMax":null,"Value":936},{"Length":20,"Height":48,"Demand":1,"DemandMax":null,"Value":960},{"Length":10,"Height":96,"Demand":1,"DemandMax":null,"Value":960},{"Length":161,"Height":6,"Demand":1,"DemandMax":null,"Value":966},{"Length":30,"Height":32,"Demand":1,"DemandMax":null,"Value":960},{"Length":8,"Height":112,"Demand":2,"DemandMax":null,"Value":896},{"Length":9,"Height":102,"Demand":2,"DemandMax":null,"Value":918},{"Length":11,"Height":87,"Demand":1,"DemandMax":null,"Value":957},{"Length":81,"Height":12,"Demand":1,"DemandMax":null,"Value":972},{"Length":267,"Height":3,"Demand":1,"DemandMax":null,"Value":801},{"Length":80,"Height":12,"Demand":1,"DemandMax":null,"Value":960},{"Length":99,"Height":9,"Demand":1,"DemandMax":null,"Value":891},{"Length":7,"Height":131,"Demand":2,"DemandMax":null,"Value":917},{"Length":5,"Height":191,"Demand":2,"DemandMax":null,"Value":955},{"Length":24,"Height":37,"Demand":1,"DemandMax":null,"Value":888},{"Length":17,"Height":55,"Demand":1,"DemandMax":null,"Value":935},{"Length":111,"Height":8,"Demand":1,"DemandMax":null,"Value":888},{"Length":7,"Height":130,"Demand":1,"DemandMax":null,"Value":910},{"Length":20,"Height":45,"Demand":1,"DemandMax":null,"Value":900},{"Length":10,"Height":90,"Demand":1,"DemandMax":null,"Value":900},{"Length":52,"Height":17,"Demand":1,"DemandMax":null,"Value":884},{"Length":98,"Height":9,"Demand":1,"DemandMax":null,"Value":882},{"Length":76,"Height":12,"Demand":1,"DemandMax":null,"Value":912},{"Length":163,"Height":5,"Demand":1,"DemandMax":null,"Value":815},{"Length":21,"Height":43,"Demand":1,"DemandMax":null,"Value":903},{"Length":272,"Height":3,"Demand":1,"DemandMax":null,"Value":816},{"Length":4,"Height":252,"Demand":1,"DemandMax":null,"Value":1008},{"Length":206,"Height":4,"Demand":1,"DemandMax":null,"Value":824},{"Length":178,"Height":5,"Demand":1,"DemandMax":null,"Value":890},{"Length":3,"Height":252,"Demand":2,"DemandMax":null,"Value":756},{"Length":38,"Height":23,"Demand":2,"DemandMax":null,"Value":874},{"Length":110,"Height":8,"Demand":1,"DemandMax":null,"Value":880},{"Length":55,"Height":16,"Demand":2,"DemandMax":null,"Value":880},{"Length":10,"Height":87,"Demand":1,"DemandMax":null,"Value":870},{"Length":102,"Height":9,"Demand":1,"DemandMax":null,"Value":918},{"Length":76,"Height":11,"Demand":1,"DemandMax":null,"Value":836},{"Length":21,"Height":42,"Demand":1,"DemandMax":null,"Value":882},{"Length":40,"Height":22,"Demand":1,"DemandMax":null,"Value":880},{"Length":105,"Height":8,"Demand":2,"DemandMax":null,"Value":840},{"Length":57,"Height":15,"Demand":1,"DemandMax":null,"Value":855},{"Length":51,"Height":17,"Demand":1,"DemandMax":null,"Value":867},{"Length":22,"Height":39,"Demand":1,"DemandMax":null,"Value":858},{"Length":156,"Height":5,"Demand":1,"DemandMax":null,"Value":780},{"Length":124,"Height":7,"Demand":1,"DemandMax":null,"Value":868},{"Length":18,"Height":47,"Demand":1,"DemandMax":null,"Value":846},{"Length":93,"Height":9,"Demand":1,"DemandMax":null,"Value":837},{"Length":147,"Height":6,"Demand":1,"DemandMax":null,"Value":882},{"Length":107,"Height":8,"Demand":1,"DemandMax":null,"Value":856},{"Length":212,"Height":4,"Demand":2,"DemandMax":null,"Value":848},{"Length":94,"Height":9,"Demand":1,"DemandMax":null,"Value":846},{"Length":12,"Height":70,"Demand":1,"DemandMax":null,"Value":840},{"Length":6,"Height":134,"Demand":1,"DemandMax":null,"Value":804},{"Length":7,"Height":115,"Demand":1,"DemandMax":null,"Value":805},{"Length":64,"Height":13,"Demand":1,"DemandMax":null,"Value":832},{"Length":138,"Height":6,"Demand":1,"DemandMax":null,"Value":828},{"Length":17,"Height":48,"Demand":1,"DemandMax":null,"Value":816},{"Length":58,"Height":14,"Demand":1,"DemandMax":null,"Value":812},{"Length":8,"Height":98,"Demand":1,"DemandMax":null,"Value":784},{"Length":23,"Height":36,"Demand":1,"DemandMax":null,"Value":828},{"Length":27,"Height":30,"Demand":1,"DemandMax":null,"Value":810},{"Length":26,"Height":30,"Demand":1,"DemandMax":null,"Value":780},{"Length":59,"Height":13,"Demand":1,"DemandMax":null,"Value":767},{"Length":27,"Height":26,"Demand":1,"DemandMax":null,"Value":702},{"Length":161,"Height":4,"Demand":2,"DemandMax":null,"Value":644},{"Length":141,"Height":5,"Demand":1,"DemandMax":null,"Value":705},{"Length":15,"Height":47,"Demand":1,"DemandMax":null,"Value":705},{"Length":8,"Height":91,"Demand":1,"DemandMax":null,"Value":728},{"Length":30,"Height":23,"Demand":1,"DemandMax":null,"Value":690},{"Length":40,"Height":16,"Demand":1,"DemandMax":null,"Value":640},{"Length":90,"Height":7,"Demand":1,"DemandMax":null,"Value":630},{"Length":3,"Height":185,"Demand":4,"DemandMax":null,"Value":555},{"Length":20,"Height":32,"Demand":1,"DemandMax":null,"Value":640},{"Length":3,"Height":221,"Demand":1,"DemandMax":null,"Value":663},{"Length":11,"Height":57,"Demand":1,"DemandMax":null,"Value":627},{"Length":6,"Height":96,"Demand":1,"DemandMax":null,"Value":576},{"Length":58,"Height":10,"Demand":1,"DemandMax":null,"Value":580},{"Length":6,"Height":92,"Demand":1,"DemandMax":null,"Value":552},{"Length":12,"Height":48,"Demand":1,"DemandMax":null,"Value":576},{"Length":78,"Height":7,"Demand":1,"DemandMax":null,"Value":546},{"Length":3,"Height":172,"Demand":1,"DemandMax":null,"Value":516},{"Length":16,"Height":32,"Demand":1,"DemandMax":null,"Value":512},{"Length":63,"Height":8,"Demand":1,"DemandMax":null,"Value":504},{"Length":6,"Height":80,"Demand":1,"DemandMax":null,"Value":480},{"Length":61,"Height":8,"Demand":1,"DemandMax":null,"Value":488},{"Length":4,"Height":109,"Demand":1,"DemandMax":null,"Value":436},{"Length":23,"Height":22,"Demand":1,"DemandMax":null,"Value":506},{"Length":15,"Height":32,"Demand":2,"DemandMax":null,"Value":480},{"Length":4,"Height":106,"Demand":1,"DemandMax":null,"Value":424}]}