{"Name":"nice22t","Objects":[{"Length":1000,"Height":1001,"Stock":null,"Cost":1001000}],"Items":[{"Length":78,"Height":26,"Demand":1,"DemandMax":null,"Value":2028},{"Length":44,"Height":38,"Demand":1,"DemandMax":null,"Value":1672},{"Length":29,"Height":56,"Demand":1,"DemandMax":null,"Value":1624},{"Length":38,"Height":39,"Demand":1,"DemandMax":null,"Value":1482},{"Length":63,"Height":23,"Demand":1,"DemandMax":null,"Value":1449},{"Length":48,"Height":29,"Demand":1,"DemandMax":null,"Value":1392},{"Length":41,"Height":33,"Demand":1,"DemandMax":null,"Value":1353},{"Length":22,"Height":60,"Demand":1,"DemandMax":null,"Value":1320},{"Length":18,"Height":66,"Demand":1,"DemandMax":null,"Value":1188},{"Length":29,"Height":41,"Demand":1,"DemandMax":null,"Value":1189},{"Length":50,"Height":23,"Demand":1,"DemandMax":null,"Value":1150},{"Length":25,"Height":47,"Demand":1,"DemandMax":null,"Value":1175},{"Length":20,"Height":52,"Demand":1,"DemandMax":null,"Value":1040},{"Length":38,"Height":27,"Demand":1,"DemandMax":null,"Value":1026},{"Length":41,"Height":25,"Demand":1,"DemandMax":null,"Value":1025},{"Length":30,"Height":34,"Demand":1,"DemandMax":null,"Value":1020},{"Length":41,"Height":24,"Demand":1,"DemandMax":null,"Value":984},{"Length":26,"Height":38,"Demand":1,"DemandMax":null,"Value":988},{"Length":34,"Height":29,"Demand":1,"DemandMax":null,"Value":986},{"Length":19,"Height":48,"Demand":1,"DemandMax":null,"Value":912},{"Length":30,"Height":31,"Demand":1,"DemandMax":null,"Value":930},{"Length":27,"Height":34,"Demand":1,"DemandMax":null,"Value":918},{"Length":56,"Height":16,"Demand":2,"DemandMax":null,"Value":896},{"Length":34,"Height":27,"Demand":1,"DemandMax":null,"Value":918},{"Length":24,"Height":37,"Demand":4,"DemandMax":null,"Value":888},{"Length":28,"Height":32,"Demand":1,"DemandMax":null,"Value":896},{"Length":26,"Height":35,"Demand":1,"DemandMax":null,"Value":910},{"Length":20,"Height":45,"Demand":1,"DemandMax":null,"Value":900},{"Length":54,"Height":17,"Demand":1,"DemandMax":null,"Value":918},{"Length":27,"Height":33,"Demand":1,"DemandMax":null,"Value":891},{"Length":31,"Height":29,"Demand":1,"DemandMax":null,"Value":899},{"Length":25,"Height":36,"Demand":1,"DemandMax":null,"Value":900},{"Length":58,"Height":15,"Demand":1,"DemandMax":null,"Value":870},{"Length":18,"Height":49,"Demand":2,"DemandMax":null,"Value":882},{"Length":43,"Height":21,"Demand":1,"DemandMax":null,"Value":903},{"Length":22,"Height":39,"Demand":2,"DemandMax":null,"Value":858},{"Length":18,"Height":50,"Demand":1,"DemandMax":null,"Value":900},{"Length":23,"Height":38,"Demand":1,"DemandMax":null,"Value":874},{"Length":16,"Height":55,"Demand":1,"DemandMax":null,"Value":880},{"Length":57,"Height":15,"Demand":1,"DemandMax":null,"Value":855},{"Length":37,"Height":24,"Demand":1,"DemandMax":null,"Value":888},{"Length":21,"Height":41,"Demand":2,"DemandMax":null,"Value":861},{"Length":34,"Height":26,"Demand":1,"DemandMax":null,"Value":884},{"Length":38,"Height":23,"Demand":2,"DemandMax":null,"Value":874},{"Length":44,"Height":20,"Demand":1,"DemandMax":null,"Value":880},{"Length":31,"Height":28,"Demand":2,"DemandMax":null,"Value":868},{"Length":43,"Height":20,"Demand":2,"DemandMax":null,"Value":860},{"Length":39,"Height":22,"Demand":1,"DemandMax":null,"Value":858},{"Length":18,"Height":47,"Demand":2,"DemandMax":null,"Value":846},{"Length":22,"Height":40,"Demand":1,"DemandMax":null,"Value":880},{"Length":40,"Height":22,"Demand":1,"DemandMax":null,"Value":880},{"Length":30,"Height":29,"Demand":1,"DemandMax":null,"Value":870},{"Length":16,"Height":54,"Demand":1,"DemandMax":null,"Value":864},{"Length":36,"Height":24,"Demand":2,"DemandMax":null,"Value":864},{"Length":15,"Height":56,"Demand":2,"DemandMax":null,"Value":840},{"Length":24,"Height":36,"Demand":2,"DemandMax":null,"Value":864},{"Length":46,"Height":19,"Demand":1,"DemandMax":null,"Value":874},{"Length":45,"Height":19,"Demand":1,"DemandMax":null,"Value":855},{"Length":25,"Height":35,"Demand":1,"DemandMax":null,"Value":875},{"Length":25,"Height":34,"Demand":1,"DemandMax":null,"Value":850},{"Length":31,"Height":27,"Demand":2,"DemandMax":null,"Value":837},{"Length":35,"Height":25,"Demand":1,"DemandMax":null,"Value":875},{"Length":37,"Height":23,"Demand":1,"DemandMax":null,"Value":851},{"Length":29,"Height":29,"Demand":2,"DemandMax":null,"Value":841},{"Length":30,"Height":28,"Demand":1,"DemandMax":null,"Value":840},{"Length":17,"Height":49,"Demand":1,"DemandMax":null,"Value":833},{"Length":39,"Height":21,"Demand":1,"DemandMax":null,"Value":819},{"Length":19,"Height":44,"Demand":1,"DemandMax":null,"Value":836},{"Length":20,"Height":41,"Demand":1,"DemandMax":null,"Value":820},{"Length":19,"Height":43,"Demand":1,"DemandMax":null,"Value":817},{"Length":25,"Height":33,"Demand":1,"DemandMax":null,"Value":825},{"Length":29,"Height":28,"Demand":2,"DemandMax":null,"Value":812},{"Length":16,"Height":52,"Demand":1,"DemandMax":null,"Value":832},{"Length":33,"Height":25,"Demand":1,"DemandMax":null,"Value":825},{"Length":25,"Height":32,"Demand":2,"DemandMax":null,"Value":800},{"Length":17,"Height":48,"Demand":1,"DemandMax":null,"Value":816},{"Length":40,"Height":20,"Demand":1,"DemandMax":null,"Value":800},{"Length":34,"Height":24,"Demand":1,"DemandMax":null,"Value":816},{"Length":54,"Height":15,"Demand":1,"DemandMax":null,"Value":810},{"Length":35,"Height":23,"Demand":1,"DemandMax":null,"Value":805},{"Length":28,"Height":29,"Demand":1,"DemandMax":null,"Value":812},{"Length":37,"Height":22,"Demand":1,"DemandMax":null,"Value":814},{"Length":51,"Height":15,"Demand":1,"DemandMax":null,"Value":765},{"Length":31,"Height":25,"Demand":1,"DemandMax":null,"Value":775},{"Length":14,"Height":55,"Demand":2,"DemandMax":null,"Value":770},{"Length":46,"Height":17,"Demand":1,"DemandMax":null,"Value":782},{"Length":33,"Height":23,"Demand":2,"DemandMax":null,"Value":759},{"Length":38,"Height":20,"Demand":4,"DemandMax":null,"Value":760},{"Length":49,"Height":16,"Demand":1,"DemandMax":null,"Value":784},{"Length":37,"Height":21,"Demand":2,"DemandMax":null,"Value":777},{"Length":35,"Height":22,"Demand":4,"DemandMax":null,"Value":770},{"Length":36,"Height":22,"Demand":1,"DemandMax":null,"Value":792},{"Length":34,"Height":23,"Demand":1,"DemandMax":null,"Value":782},{"Length":27,"Height":28,"Demand":2,"DemandMax":null,"Value":756},{"Length":25,"Height":31,"Demand":3,"DemandMax":null,"Value":775},{"Length":29,"Height":26,"Demand":1,"DemandMax":null,"Value":754},{"Length":28,"Height":28,"Demand":1,"DemandMax":null,"Value":784},{"Length":28,"Height":27,"Demand":3,"DemandMax":null,"Value":756},{"Length":24,"Height":32,"Demand":3,"DemandMax":null,"Value":768},{"Length":39,"Height":20,"Demand":1,"DemandMax":null,"Value":780},{"Length":26,"Height":29,"Demand":2,"DemandMax":null,"Value":754},{"Length":15,"Height":51,"Demand":2,"DemandMax":null,"Value":765},{"Length":21,"Height":37,"Demand":1,"DemandMax":null,"Value":777},{"Length":52,"Height":15,"Demand":1,"DemandMax":null,"Value":780},{"Length":18,"Height":42,"Demand":1,"DemandMax":null,"Value":756},{"Length":19,"Height":40,"Demand":1,"DemandMax":null,"Value":760},{"Length":54,"Height":14,"Demand":1,"DemandMax":null,"Value":756},{"Length":47,"Height":16,"Demand":1,"DemandMax":null,"Value":752},{"Length":19,"Height":41,"Demand":1,"DemandMax":null,"Value":779},{"Length":23,"Height":34,"Demand":1,"DemandMax":null,"Value":782},{"Length":42,"Height":18,"Demand":1,"DemandMax":null,"Value":756},{"Length":30,"Height":26,"Demand":1,"DemandMax":null,"Value":780},{"Length":20,"Height":37,"Demand":1,"DemandMax":null,"Value":740},{"Length":21,"Height":35,"Demand":1,"DemandMax":null,"Value":735},{"Length":49,"Height":15,"Demand":1,"DemandMax":null,"Value":735},{"Length":32,"Height":24,"Demand":1,"DemandMax":null,"Value":768},{"Length":36,"Height":21,"Demand":1,"DemandMax":null,"Value":756},{"Length":20,"Height":38,"Demand":2,"DemandMax":null,"Value":760},{"Length":37,"Height":20,"Demand":2,"DemandMax":null,"Value":740},{"Length":45,"Height":16,"Demand":1,"DemandMax":null,"Value":720},{"Length":44,"Height":17,"Demand":1,"DemandMax":null,"Value":748},{"Length":21,"Height":36,"Demand":1,"DemandMax":null,"Value":756},{"Length":18,"Height":40,"Demand":1,"DemandMax":null,"Value":720},{"Length":48,"Height":15,"Demand":2,"DemandMax":null,"Value":720},{"Length":40,"Height":18,"Demand":1,"DemandMax":null,"Value":720},{"Length":24,"Height":31,"Demand":2,"DemandMax":null,"Value":744},{"Length":43,"Height":17,"Demand":1,"DemandMax":null,"Value":731},{"Length":30,"Height":24,"Demand":1,"DemandMax":null,"Value":720},{"Length":13,"Height":54,"Demand":1,"DemandMax":null,"Value":702},{"Length":25,"Height":29,"Demand":1,"DemandMax":null,"Value":725},{"Length":39,"Height":19,"Demand":1,"DemandMax":null,"Value":741},{"Length":28,"Height":26,"Demand":1,"DemandMax":null,"Value":728},{"Length":33,"Height":22,"Demand":1,"DemandMax":null,"Value":726},{"Length":27,"Height":27,"Demand":1,"DemandMax":null,"Value":729},{"Length":14,"Height":51,"Demand":1,"DemandMax":null,"Value":714},{"Length":29,"Height":24,"Demand":3,"DemandMax":null,"Value":696},{"Length":22,"Height":33,"Demand":1,"DemandMax":null,"Value":726},{"Length":31,"Height":23,"Demand":3,"DemandMax":null,"Value":713},{"Length":27,"Height":26,"Demand":2,"DemandMax":null,"Value":702},{"Length":15,"Height":46,"Demand":2,"DemandMax":null,"Value":690},{"Length":39,"Height":18,"Demand":2,"DemandMax":null,"Value":702},{"Length":20,"Height":35,"Demand":1,"DemandMax":null,"Value":700},{"Length":17,"Height":43,"Demand":1,"DemandMax":null,"Value":731},{"Length":49,"Height":14,"Demand":2,"DemandMax":null,"Value":686},{"Length":28,"Height":25,"Demand":1,"DemandMax":null,"Value":700},{"Length":36,"Height":20,"Demand":1,"DemandMax":null,"Value":720},{"Length":53,"Height":13,"Demand":1,"DemandMax":null,"Value":689},{"Length":46,"Height":15,"Demand":2,"DemandMax":null,"Value":690},{"Length":14,"Height":50,"Demand":1,"DemandMax":null,"Value":700},{"Length":16,"Height":42,"Demand":1,"DemandMax":null,"Value":672},{"Length":22,"Height":32,"Demand":1,"DemandMax":null,"Value":704},{"Length":24,"Height":29,"Demand":1,"DemandMax":null,"Value":696},{"Length":52,"Height":13,"Demand":1,"DemandMax":null,"Value":676},{"Length":43,"Height":16,"Demand":1,"DemandMax":null,"Value":688},{"Length":38,"Height":18,"Demand":1,"DemandMax":null,"Value":684},{"Length":37,"Height":18,"Demand":3,"DemandMax":null,"Value":666},{"Length":29,"Height":23,"Demand":3,"DemandMax":null,"Value":667},{"Length":26,"Height":27,"Demand":1,"DemandMax":null,"Value":702},{"Length":14,"Height":48,"Demand":2,"DemandMax":null,"Value":672},{"Length":35,"Height":19,"Demand":2,"DemandMax":null,"Value":665},{"Length":45,"Height":15,"Demand":2,"DemandMax":null,"Value":675},{"Length":34,"Height":20,"Demand":1,"DemandMax":null,"Value":680},{"Length":17,"Height":39,"Demand":2,"DemandMax":null,"Value":663},{"Length":18,"Height":38,"Demand":1,"DemandMax":null,"Value":684},{"Length":24,"Height":28,"Demand":2,"DemandMax":null,"Value":672},{"Length":31,"Height":22,"Demand":1,"DemandMax":null,"Value":682},{"Length":20,"Height":33,"Demand":1,"DemandMax":null,"Value":660},{"Length":15,"Height":45,"Demand":1,"DemandMax":null,"Value":675},{"Length":44,"Height":15,"Demand":2,"DemandMax":null,"Value":660},{"Length":30,"Height":22,"Demand":4,"DemandMax":null,"Value":660},{"Length":36,"Height":18,"Demand":1,"DemandMax":null,"Value":648},{"Length":23,"Height":29,"Demand":3,"DemandMax":null,"Value":667},{"Length":33,"Height":20,"Demand":2,"DemandMax":null,"Value":660},{"Length":22,"Height":30,"Demand":1,"DemandMax":null,"Value":660},{"Length":39,"Height":17,"Demand":1,"DemandMax":null,"Value":663},{"Length":27,"Height":25,"Demand":2,"DemandMax":null,"Value":675},{"Length":16,"Height":41,"Demand":2,"DemandMax":null,"Value":656},{"Length":25,"Height":27,"Demand":1,"DemandMax":null,"Value":675},{"Length":24,"Height":27,"Demand":2,"DemandMax":null,"Value":648},{"Length":19,"Height":35,"Demand":2,"DemandMax":null,"Value":665},{"Length":18,"Height":36,"Demand":1,"DemandMax":null,"Value":648},{"Length":32,"Height":20,"Demand":2,"DemandMax":null,"Value":640},{"Length":27,"Height":24,"Demand":1,"DemandMax":null,"Value":648},{"Length":20,"Height":32,"Demand":2,"DemandMax":null,"Value":640},{"Length":21,"Height":32,"Demand":1,"DemandMax":null,"Value":672},{"Length":15,"Height":44,"Demand":1,"DemandMax":null,"Value":660},{"Length":17,"Height":37,"Demand":2,"DemandMax":null,"Value":629},{"Length":22,"Height":29,"Demand":2,"DemandMax":null,"Value":638},{"Length":38,"Height":17,"Demand":1,"DemandMax":null,"Value":646},{"Length":34,"Height":19,"Demand":1,"DemandMax":null,"Value":646},{"Length":46,"Height":14,"Demand":1,"DemandMax":null,"Value":644},{"Length":42,"Height":15,"Demand":2,"DemandMax":null,"Value":630},{"Length":25,"Height":25,"Demand":2,"DemandMax":null,"Value":625},{"Length":40,"Height":16,"Demand":2,"DemandMax":null,"Value":640},{"Length":23,"Height":27,"Demand":1,"DemandMax":null,"Value":621},{"Length":49,"Height":13,"Demand":1,"DemandMax":null,"Value":637},{"Length":13,"Height":50,"Demand":3,"DemandMax":null,"Value":650},{"Length":15,"Height":43,"Demand":1,"DemandMax":null,"Value":645},{"Length":39,"Height":16,"Demand":3,"DemandMax":null,"Value":624},{"Length":19,"Height":34,"Demand":1,"DemandMax":null,"Value":646},{"Length":21,"Height":29,"Demand":5,"DemandMax":null,"Value":609},{"Length":31,"Height":21,"Demand":1,"DemandMax":null,"Value":651},{"Length":45,"Height":14,"Demand":1,"DemandMax":null,"Value":630},{"Length":30,"Height":21,"Demand":2,"DemandMax":null,"Value":630},{"Length":26,"Height":24,"Demand":1,"DemandMax":null,"Value":624},{"Length":24,"Height":26,"Demand":2,"DemandMax":null,"Value":624},{"Length":21,"Height":30,"Demand":1,"DemandMax":null,"Value":630},{"Length":24,"Height":25,"Demand":2,"DemandMax":null,"Value":600},{"Length":15,"Height":41,"Demand":3,"DemandMax":null,"Value":615},{"Length":16,"Height":39,"Demand":1,"DemandMax":null,"Value":624},{"Length":17,"Height":36,"Demand":1,"DemandMax":null,"Value":612},{"Length":27,"Height":23,"Demand":1,"DemandMax":null,"Value":621},{"Length":34,"Height":18,"Demand":1,"DemandMax":null,"Value":612},{"Length":20,"Height":31,"Demand":2,"DemandMax":null,"Value":620},{"Length":46,"Height":13,"Demand":2,"DemandMax":null,"Value":598},{"Length":35,"Height":18,"Demand":1,"DemandMax":null,"Value":630},{"Length":29,"Height":21,"Demand":3,"DemandMax":null,"Value":609},{"Length":15,"Height":40,"Demand":2,"DemandMax":null,"Value":600},{"Length":28,"Height":22,"Demand":2,"DemandMax":null,"Value":616},{"Length":20,"Height":30,"Demand":2,"DemandMax":null,"Value":600},{"Length":25,"Height":24,"Demand":2,"DemandMax":null,"Value":600},{"Length":14,"Height":43,"Demand":3,"DemandMax":null,"Value":602},{"Length":17,"Height":35,"Demand":1,"DemandMax":null,"Value":595},{"Length":33,"Height":18,"Demand":3,"DemandMax":null,"Value":594},{"Length":45,"Height":13,"Demand":3,"DemandMax":null,"Value":585},{"Length":19,"Height":32,"Demand":1,"DemandMax":null,"Value":608},{"Length":22,"Height":27,"Demand":1,"DemandMax":null,"Value":594},{"Length":13,"Height":46,"Demand":1,"DemandMax":null,"Value":598},{"Length":38,"Height":16,"Demand":1,"DemandMax":null,"Value":608},{"Length":47,"Height":13,"Demand":1,"DemandMax":null,"Value":611},{"Length":40,"Height":15,"Demand":1,"DemandMax":null,"Value":600},{"Length":12,"Height":49,"Demand":1,"DemandMax":null,"Value":588},{"Length":14,"Height":41,"Demand":1,"DemandMax":null,"Value":574},{"Length":19,"Height":31,"Demand":1,"DemandMax":null,"Value":589},{"Length":16,"Height":36,"Demand":5,"DemandMax":null,"Value":576},{"Length":23,"Height":26,"Demand":2,"DemandMax":null,"Value":598},{"Length":39,"Height":15,"Demand":3,"DemandMax":null,"Value":585},{"Length":30,"Height":20,"Demand":1,"DemandMax":null,"Value":600},{"Length":27,"Height":21,"Demand":3,"DemandMax":null,"Value":567},{"Length":27,"Height":22,"Demand":1,"DemandMax":null,"Value":594},{"Length":15,"Height":39,"Demand":1,"DemandMax":null,"Value":585},{"Length":36,"Height":16,"Demand":3,"DemandMax":null,"Value":576},{"Length":19,"Height":30,"Demand":4,"DemandMax":null,"Value":570},{"Length":15,"Height":38,"Demand":4,"DemandMax":null,"Value":570},{"Length":31,"Height":18,"Demand":1,"DemandMax":null,"Value":558},{"Length":37,"Height":16,"Demand":1,"DemandMax":null,"Value":592},{"Length":20,"Height":29,"Demand":2,"DemandMax":null,"Value":580},{"Length":34,"Height":17,"Demand":1,"DemandMax":null,"Value":578},{"Length":22,"Height":26,"Demand":3,"DemandMax":null,"Value":572},{"Length":24,"Height":24,"Demand":1,"DemandMax":null,"Value":576},{"Length":26,"Height":22,"Demand":3,"DemandMax":null,"Value":572},{"Length":23,"Height":24,"Demand":3,"DemandMax":null,"Value":552},{"Length":47,"Height":12,"Demand":2,"DemandMax":null,"Value":564},{"Length":29,"Height":19,"Demand":8,"DemandMax":null,"Value":551},{"Length":32,"Height":18,"Demand":3,"DemandMax":null,"Value":576},{"Length":24,"Height":23,"Demand":3,"DemandMax":null,"Value":552},{"Length":23,"Height":25,"Demand":1,"DemandMax":null,"Value":575},{"Length":21,"Height":27,"Demand":5,"DemandMax":null,"Value":567},{"Length":30,"Height":19,"Demand":1,"DemandMax":null,"Value":570},{"Length":44,"Height":13,"Demand":2,"DemandMax":null,"Value":572},{"Length":17,"Height":34,"Demand":2,"DemandMax":null,"Value":578},{"Length":25,"Height":23,"Demand":1,"DemandMax":null,"Value":575},{"Length":18,"Height":32,"Demand":1,"DemandMax":null,"Value":576},{"Length":18,"Height":31,"Demand":5,"DemandMax":null,"Value":558},{"Length":38,"Height":15,"Demand":2,"DemandMax":null,"Value":570},{"Length":37,"Height":15,"Demand":1,"DemandMax":null,"Value":555},{"Length":40,"Height":14,"Demand":3,"DemandMax":null,"Value":560},{"Length":14,"Height":40,"Demand":2,"DemandMax":null,"Value":560},{"Length":33,"Height":17,"Demand":3,"DemandMax":null,"Value":561},{"Length":13,"Height":44,"Demand":1,"DemandMax":null,"Value":572},{"Length":17,"Height":33,"Demand":2,"DemandMax":null,"Value":561},{"Length":29,"Height":20,"Demand":1,"DemandMax":null,"Value":580},{"Length":46,"Height":12,"Demand":3,"DemandMax":null,"Value":552},{"Length":28,"Height":20,"Demand":5,"DemandMax":null,"Value":560},{"Length":32,"Height":17,"Demand":3,"DemandMax":null,"Value":544},{"Length":21,"Height":26,"Demand":5,"DemandMax":null,"Value":546},{"Length":27,"Height":20,"Demand":3,"DemandMax":null,"Value":540},{"Length":14,"Height":39,"Demand":2,"DemandMax":null,"Value":546},{"Length":25,"Height":22,"Demand":2,"DemandMax":null,"Value":550},{"Length":19,"Height":29,"Demand":2,"DemandMax":null,"Value":551},{"Length":43,"Height":13,"Demand":1,"DemandMax":null,"Value":559},{"Length":35,"Height":16,"Demand":3,"DemandMax":null,"Value":560},{"Length":20,"Height":27,"Demand":4,"DemandMax":null,"Value":540},{"Length":17,"Height":32,"Demand":2,"DemandMax":null,"Value":544},{"Length":12,"Height":45,"Demand":1,"DemandMax":null,"Value":540},{"Length":22,"Height":25,"Demand":2,"DemandMax":null,"Value":550},{"Length":16,"Height":34,"Demand":2,"DemandMax":null,"Value":544},{"Length":42,"Height":13,"Demand":3,"DemandMax":null,"Value":546},{"Length":14,"Height":38,"Demand":2,"DemandMax":null,"Value":532},{"Length":30,"Height":18,"Demand":2,"DemandMax":null,"Value":540},{"Length":39,"Height":14,"Demand":5,"DemandMax":null,"Value":546},{"Length":44,"Height":12,"Demand":3,"DemandMax":null,"Value":528},{"Length":26,"Height":21,"Demand":5,"DemandMax":null,"Value":546},{"Length":23,"Height":23,"Demand":6,"DemandMax":null,"Value":529},{"Length":28,"Height":19,"Demand":2,"DemandMax":null,"Value":532},{"Length":16,"Height":33,"Demand":4,"DemandMax":null,"Value":528},{"Length":34,"Height":16,"Demand":2,"DemandMax":null,"Value":544},{"Length":13,"Height":41,"Demand":7,"DemandMax":null,"Value":533},{"Length":24,"Height":22,"Demand":5,"DemandMax":null,"Value":528},{"Length":40,"Height":13,"Demand":2,"DemandMax":null,"Value":520},{"Length":20,"Height":28,"Demand":1,"DemandMax":null,"Value":560},{"Length":19,"Height":28,"Demand":6,"DemandMax":null,"Value":532},{"Length":17,"Height":31,"Demand":8,"DemandMax":null,"Value":527},{"Length":21,"Height":25,"Demand":7,"DemandMax":null,"Value":525},{"Length":29,"Height":18,"Demand":8,"DemandMax":null,"Value":522},{"Length":31,"Height":17,"Demand":6,"DemandMax":null,"Value":527},{"Length":18,"Height":30,"Demand":1,"DemandMax":null,"Value":540},{"Length":33,"Height":16,"Demand":2,"DemandMax":null,"Value":528},{"Length":13,"Height":42,"Demand":1,"DemandMax":null,"Value":546},{"Length":26,"Height":20,"Demand":8,"DemandMax":null,"Value":520},{"Length":18,"Height":29,"Demand":7,"DemandMax":null,"Value":522},{"Length":17,"Height":30,"Demand":6,"DemandMax":null,"Value":510},{"Length":38,"Height":14,"Demand":1,"DemandMax":null,"Value":532},{"Length":13,"Height":40,"Demand":2,"DemandMax":null,"Value":520},{"Length":32,"Height":16,"Demand":5,"DemandMax":null,"Value":512},{"Length":35,"Height":15,"Demand":1,"DemandMax":null,"Value":525},{"Length":45,"Height":12,"Demand":3,"DemandMax":null,"Value":540},{"Length":22,"Height":24,"Demand":4,"DemandMax":null,"Value":528},{"Length":27,"Height":19,"Demand":6,"DemandMax":null,"Value":513},{"Length":20,"Height":26,"Demand":5,"DemandMax":null,"Value":520},{"Length":34,"Height":15,"Demand":2,"DemandMax":null,"Value":510},{"Length":15,"Height":36,"Demand":1,"DemandMax":null,"Value":540},{"Length":25,"Height":21,"Demand":5,"DemandMax":null,"Value":525},{"Length":14,"Height":37,"Demand":4,"DemandMax":null,"Value":518},{"Length":13,"Height":39,"Demand":7,"DemandMax":null,"Value":507},{"Length":19,"Height":27,"Demand":7,"DemandMax":null,"Value":513},{"Length":24,"Height":21,"Demand":7,"DemandMax":null,"Value":504},{"Length":20,"Height":25,"Demand":9,"DemandMax":null,"Value":500},{"Length":12,"Height":43,"Demand":4,"DemandMax":null,"Value":516},{"Length":37,"Height":14,"Demand":2,"DemandMax":null,"Value":518},{"Length":43,"Height":12,"Demand":2,"DemandMax":null,"Value":516},{"Length":30,"Height":17,"Demand":6,"DemandMax":null,"Value":510},{"Length":45,"Height":11,"Demand":2,"DemandMax":null,"Value":495},{"Length":16,"Height":32,"Demand":4,"DemandMax":null,"Value":512},{"Length":28,"Height":18,"Demand":11,"DemandMax":null,"Value":504},{"Length":33,"Height":15,"Demand":6,"DemandMax":null,"Value":495},{"Length":21,"Height":24,"Demand":5,"DemandMax":null,"Value":504},{"Length":15,"Height":35,"Demand":1,"DemandMax":null,"Value":525},{"Length":39,"Height":13,"Demand":3,"DemandMax":null,"Value":507},{"Length":12,"Height":44,"Demand":3,"DemandMax":null,"Value":528},{"Length":22,"Height":23,"Demand":5,"DemandMax":null,"Value":506},{"Length":15,"Height":34,"Demand":3,"DemandMax":null,"Value":510},{"Length":19,"Height":26,"Demand":13,"DemandMax":null,"Value":494},{"Length":25,"Height":20,"Demand":7,"DemandMax":null,"Value":500},{"Length":29,"Height":17,"Demand":11,"DemandMax":null,"Value":493},{"Length":14,"Height":36,"Demand":1,"DemandMax":null,"Value":504},{"Length":17,"Height":29,"Demand":5,"DemandMax":null,"Value":493},{"Length":15,"Height":33,"Demand":4,"DemandMax":null,"Value":495},{"Length":23,"Height":22,"Demand":5,"DemandMax":null,"Value":506},{"Length":31,"Height":16,"Demand":5,"DemandMax":null,"Value":496},{"Length":18,"Height":28,"Demand":4,"DemandMax":null,"Value":504},{"Length":42,"Height":12,"Demand":1,"DemandMax":null,"Value":504},{"Length":12,"Height":41,"Demand":5,"DemandMax":null,"Value":492},{"Length":32,"Height":15,"Demand":8,"DemandMax":null,"Value":480},{"Length":26,"Height":19,"Demand":11,"DemandMax":null,"Value":494},{"Length":15,"Height":32,"Demand":5,"DemandMax":null,"Value":480},{"Length":35,"Height":14,"Demand":2,"DemandMax":null,"Value":490},{"Length":36,"Height":14,"Demand":2,"DemandMax":null,"Value":504},{"Length":16,"Height":31,"Demand":6,"DemandMax":null,"Value":496},{"Length":38,"Height":13,"Demand":3,"DemandMax":null,"Value":494},{"Length":44,"Height":11,"Demand":4,"DemandMax":null,"Value":484},{"Length":24,"Height":20,"Demand":13,"DemandMax":null,"Value":480},{"Length":27,"Height":18,"Demand":10,"DemandMax":null,"Value":486},{"Length":18,"Height":27,"Demand":10,"DemandMax":null,"Value":486},{"Length":41,"Height":12,"Demand":2,"DemandMax":null,"Value":492},{"Length":11,"Height":44,"Demand":1,"DemandMax":null,"Value":484},{"Length":13,"Height":37,"Demand":5,"DemandMax":null,"Value":481},{"Length":16,"Height":30,"Demand":5,"DemandMax":null,"Value":480},{"Length":14,"Height":34,"Demand":8,"DemandMax":null,"Value":476},{"Length":12,"Height":42,"Demand":1,"DemandMax":null,"Value":504},{"Length":22,"Height":22,"Demand":12,"DemandMax":null,"Value":484},{"Length":34,"Height":14,"Demand":7,"DemandMax":null,"Value":476},{"Length":43,"Height":11,"Demand":5,"DemandMax":null,"Value":473},{"Length":30,"Height":16,"Demand":9,"DemandMax":null,"Value":480},{"Length":40,"Height":12,"Demand":3,"DemandMax":null,"Value":480},{"Length":37,"Height":13,"Demand":5,"DemandMax":null,"Value":481},{"Length":17,"Height":28,"Demand":20,"DemandMax":null,"Value":476},{"Length":23,"Height":21,"Demand":9,"DemandMax":null,"Value":483},{"Length":21,"Height":23,"Demand":6,"DemandMax":null,"Value":483},{"Length":13,"Height":38,"Demand":3,"DemandMax":null,"Value":494},{"Length":28,"Height":17,"Demand":13,"DemandMax":null,"Value":476},{"Length":19,"Height":25,"Demand":18,"DemandMax":null,"Value":475},{"Length":12,"Height":39,"Demand":7,"DemandMax":null,"Value":468},{"Length":11,"Height":43,"Demand":6,"DemandMax":null,"Value":473},{"Length":20,"Height":24,"Demand":5,"DemandMax":null,"Value":480},{"Length":26,"Height":18,"Demand":26,"DemandMax":null,"Value":468},{"Length":13,"Height":36,"Demand":6,"DemandMax":null,"Value":468},{"Length":16,"Height":29,"Demand":10,"DemandMax":null,"Value":464},{"Length":42,"Height":11,"Demand":5,"DemandMax":null,"Value":462},{"Length":31,"Height":15,"Demand":12,"DemandMax":null,"Value":465},{"Length":25,"Height":19,"Demand":11,"DemandMax":null,"Value":475},{"Length":14,"Height":33,"Demand":4,"DemandMax":null,"Value":462},{"Length":33,"Height":14,"Demand":7,"DemandMax":null,"Value":462},{"Length":39,"Height":12,"Demand":7,"DemandMax":null,"Value":468},{"Length":29,"Height":16,"Demand":25,"DemandMax":null,"Value":464},{"Length":21,"Height":22,"Demand":14,"DemandMax":null,"Value":462},{"Length":15,"Height":31,"Demand":6,"DemandMax":null,"Value":465},{"Length":17,"Height":27,"Demand":15,"DemandMax":null,"Value":459},{"Length":27,"Height":17,"Demand":11,"DemandMax":null,"Value":459},{"Length":36,"Height":13,"Demand":3,"DemandMax":null,"Value":468},{"Length":18,"Height":26,"Demand":14,"DemandMax":null,"Value":468},{"Length":20,"Height":23,"Demand":12,"DemandMax":null,"Value":460},{"Length":13,"Height":35,"Demand":5,"DemandMax":null,"Value":455},{"Length":12,"Height":40,"Demand":5,"DemandMax":null,"Value":480},{"Length":24,"Height":19,"Demand":9,"DemandMax":null,"Value":456},{"Length":12,"Height":38,"Demand":8,"DemandMax":null,"Value":456},{"Length":22,"Height":21,"Demand":19,"DemandMax":null,"Value":462},{"Length":30,"Height":15,"Demand":10,"DemandMax":null,"Value":450},{"Length":23,"Height":20,"Demand":20,"DemandMax":null,"Value":460},{"Length":25,"Height":18,"Demand":12,"DemandMax":null,"Value":450},{"Length":11,"Height":41,"Demand":6,"DemandMax":null,"Value":451},{"Length":28,"Height":16,"Demand":17,"DemandMax":null,"Value":448},{"Length":11,"Height":42,"Demand":1,"DemandMax":null,"Value":462},{"Length":35,"Height":13,"Demand":4,"DemandMax":null,"Value":455},{"Length":38,"Height":12,"Demand":4,"DemandMax":null,"Value":456},{"Length":37,"Height":12,"Demand":4,"DemandMax":null,"Value":444},{"Length":18,"Height":25,"Demand":14,"DemandMax":null,"Value":450},{"Length":32,"Height":14,"Demand":5,"DemandMax":null,"Value":448},{"Length":26,"Height":17,"Demand":7,"DemandMax":null,"Value":442},{"Length":11,"Height":40,"Demand":5,"DemandMax":null,"Value":440},{"Length":13,"Height":34,"Demand":5,"DemandMax":null,"Value":442},{"Length":40,"Height":11,"Demand":4,"DemandMax":null,"Value":440},{"Length":16,"Height":28,"Demand":3,"DemandMax":null,"Value":448},{"Length":34,"Height":13,"Demand":3,"DemandMax":null,"Value":442},{"Length":14,"Height":32,"Demand":8,"DemandMax":null,"Value":448},{"Length":23,"Height":19,"Demand":8,"DemandMax":null,"Value":437},{"Length":20,"Height":22,"Demand":5,"DemandMax":null,"Value":440},{"Length":22,"Height":20,"Demand":6,"DemandMax":null,"Value":440},{"Length":15,"Height":30,"Demand":4,"DemandMax":null,"Value":450},{"Length":17,"Height":26,"Demand":1,"DemandMax":null,"Value":442},{"Length":19,"Height":24,"Demand":3,"DemandMax":null,"Value":456},{"Length":12,"Height":36,"Demand":3,"DemandMax":null,"Value":432},{"Length":19,"Height":23,"Demand":6,"DemandMax":null,"Value":437},{"Length":29,"Height":15,"Demand":8,"DemandMax":null,"Value":435},{"Length":36,"Height":12,"Demand":3,"DemandMax":null,"Value":432},{"Length":21,"Height":21,"Demand":8,"DemandMax":null,"Value":441},{"Length":24,"Height":18,"Demand":3,"DemandMax":null,"Value":432},{"Length":39,"Height":11,"Demand":4,"DemandMax":null,"Value":429},{"Length":12,"Height":37,"Demand":3,"DemandMax":null,"Value":444},{"Length":41,"Height":11,"Demand":2,"DemandMax":null,"Value":451},{"Length":18,"Height":24,"Demand":2,"DemandMax":null,"Value":432},{"Length":33,"Height":13,"Demand":9,"DemandMax":null,"Value":429},{"Length":35,"Height":12,"Demand":3,"DemandMax":null,"Value":420},{"Length":32,"Height":13,"Demand":5,"DemandMax":null,"Value":416},{"Length":25,"Height":17,"Demand":5,"DemandMax":null,"Value":425},{"Length":15,"Height":29,"Demand":2,"DemandMax":null,"Value":435},{"Length":16,"Height":27,"Demand":1,"DemandMax":null,"Value":432},{"Length":27,"Height":16,"Demand":2,"DemandMax":null,"Value":432},{"Length":14,"Height":30,"Demand":3,"DemandMax":null,"Value":420},{"Length":22,"Height":19,"Demand":11,"DemandMax":null,"Value":418},{"Length":30,"Height":14,"Demand":3,"DemandMax":null,"Value":420},{"Length":23,"Height":18,"Demand":3,"DemandMax":null,"Value":414},{"Length":34,"Height":12,"Demand":4,"DemandMax":null,"Value":408},{"Length":15,"Height":28,"Demand":5,"DemandMax":null,"Value":420},{"Length":21,"Height":20,"Demand":4,"DemandMax":null,"Value":420},{"Length":10,"Height":41,"Demand":1,"DemandMax":null,"Value":410},{"Length":26,"Height":16,"Demand":7,"DemandMax":null,"Value":416},{"Length":29,"Height":14,"Demand":6,"DemandMax":null,"Value":406},{"Length":19,"Height":22,"Demand":6,"DemandMax":null,"Value":418},{"Length":38,"Height":11,"Demand":3,"DemandMax":null,"Value":418},{"Length":10,"Height":40,"Demand":5,"DemandMax":null,"Value":400},{"Length":20,"Height":21,"Demand":7,"DemandMax":null,"Value":420},{"Length":13,"Height":32,"Demand":4,"DemandMax":null,"Value":416},{"Length":27,"Height":15,"Demand":7,"DemandMax":null,"Value":405},{"Length":14,"Height":31,"Demand":1,"DemandMax":null,"Value":434},{"Length":11,"Height":37,"Demand":7,"DemandMax":null,"Value":407},{"Length":41,"Height":10,"Demand":3,"DemandMax":null,"Value":410},{"Length":11,"Height":39,"Demand":1,"DemandMax":null,"Value":429},{"Length":37,"Height":11,"Demand":6,"DemandMax":null,"Value":407},{"Length":18,"Height":23,"Demand":2,"DemandMax":null,"Value":414},{"Length":21,"Height":19,"Demand":19,"DemandMax":null,"Value":399},{"Length":17,"Height":24,"Demand":5,"DemandMax":null,"Value":408},{"Length":17,"Height":25,"Demand":1,"DemandMax":null,"Value":425},{"Length":22,"Height":18,"Demand":7,"DemandMax":null,"Value":396},{"Length":15,"Height":27,"Demand":7,"DemandMax":null,"Value":405},{"Length":14,"Height":29,"Demand":4,"DemandMax":null,"Value":406},{"Length":24,"Height":17,"Demand":2,"DemandMax":null,"Value":408},{"Length":31,"Height":13,"Demand":3,"DemandMax":null,"Value":403},{"Length":36,"Height":11,"Demand":1,"DemandMax":null,"Value":396},{"Length":14,"Height":28,"Demand":8,"DemandMax":null,"Value":392},{"Length":18,"Height":22,"Demand":11,"DemandMax":null,"Value":396},{"Length":12,"Height":34,"Demand":3,"DemandMax":null,"Value":408},{"Length":39,"Height":10,"Demand":10,"DemandMax":null,"Value":390},{"Length":13,"Height":31,"Demand":5,"DemandMax":null,"Value":403},{"Length":25,"Height":16,"Demand":9,"DemandMax":null,"Value":400},{"Length":19,"Height":21,"Demand":6,"DemandMax":null,"Value":399},{"Length":28,"Height":14,"Demand":3,"DemandMax":null,"Value":392},{"Length":17,"Height":23,"Demand":5,"DemandMax":null,"Value":391},{"Length":20,"Height":20,"Demand":6,"DemandMax":null,"Value":400},{"Length":23,"Height":17,"Demand":4,"DemandMax":null,"Value":391},{"Length":11,"Height":38,"Demand":1,"DemandMax":null,"Value":418},{"Length":10,"Height":39,"Demand":3,"DemandMax":null,"Value":390},{"Length":11,"Height":36,"Demand":4,"DemandMax":null,"Value":396},{"Length":16,"Height":25,"Demand":5,"DemandMax":null,"Value":400},{"Length":13,"Height":30,"Demand":5,"DemandMax":null,"Value":390},{"Length":26,"Height":15,"Demand":6,"DemandMax":null,"Value":390},{"Length":30,"Height":13,"Demand":8,"DemandMax":null,"Value":390},{"Length":33,"Height":12,"Demand":1,"DemandMax":null,"Value":396},{"Length":16,"Height":26,"Demand":1,"DemandMax":null,"Value":416},{"Length":11,"Height":35,"Demand":1,"DemandMax":null,"Value":385},{"Length":35,"Height":11,"Demand":6,"DemandMax":null,"Value":385},{"Length":12,"Height":33,"Demand":1,"DemandMax":null,"Value":396},{"Length":24,"Height":16,"Demand":2,"DemandMax":null,"Value":384},{"Length":15,"Height":26,"Demand":4,"DemandMax":null,"Value":390},{"Length":29,"Height":13,"Demand":4,"DemandMax":null,"Value":377},{"Length":31,"Height":12,"Demand":1,"DemandMax":null,"Value":372},{"Length":19,"Height":20,"Demand":4,"DemandMax":null,"Value":380},{"Length":38,"Height":10,"Demand":4,"DemandMax":null,"Value":380},{"Length":32,"Height":12,"Demand":3,"DemandMax":null,"Value":384},{"Length":13,"Height":29,"Demand":2,"DemandMax":null,"Value":377},{"Length":16,"Height":24,"Demand":5,"DemandMax":null,"Value":384},{"Length":10,"Height":38,"Demand":1,"DemandMax":null,"Value":380},{"Length":21,"Height":18,"Demand":2,"DemandMax":null,"Value":378},{"Length":18,"Height":21,"Demand":2,"DemandMax":null,"Value":378},{"Length":27,"Height":14,"Demand":2,"DemandMax":null,"Value":378},{"Length":10,"Height":37,"Demand":4,"DemandMax":null,"Value":370},{"Length":11,"Height":34,"Demand":1,"DemandMax":null,"Value":374},{"Length":12,"Height":32,"Demand":3,"DemandMax":null,"Value":384},{"Length":17,"Height":22,"Demand":4,"DemandMax":null,"Value":374},{"Length":22,"Height":17,"Demand":2,"DemandMax":null,"Value":374},{"Length":20,"Height":19,"Demand":1,"DemandMax":null,"Value":380},{"Length":34,"Height":11,"Demand":3,"DemandMax":null,"Value":374},{"Length":25,"Height":15,"Demand":2,"DemandMax":null,"Value":375},{"Length":30,"Height":12,"Demand":1,"DemandMax":null,"Value":360},{"Length":16,"Height":23,"Demand":3,"DemandMax":null,"Value":368},{"Length":11,"Height":33,"Demand":1,"DemandMax":null,"Value":363},{"Length":21,"Height":17,"Demand":1,"DemandMax":null,"Value":357},{"Length":20,"Height":18,"Demand":1,"DemandMax":null,"Value":360},{"Length":17,"Height":21,"Demand":1,"DemandMax":null,"Value":357},{"Length":19,"Height":19,"Demand":3,"DemandMax":null,"Value":361},{"Length":35,"Height":10,"Demand":1,"DemandMax":null,"Value":350},{"Length":13,"Height":28,"Demand":1,"DemandMax":null,"Value":364},{"Length":16,"Height":22,"Demand":5,"DemandMax":null,"Value":352},{"Length":14,"Height":26,"Demand":3,"DemandMax":null,"Value":364},{"Length":10,"Height":36,"Demand":5,"DemandMax":null,"Value":360},{"Length":22,"Height":16,"Demand":4,"DemandMax":null,"Value":352},{"Length":11,"Height":32,"Demand":2,"DemandMax":null,"Value":352},{"Length":12,"Height":31,"Demand":1,"DemandMax":null,"Value":372},{"Length":29,"Height":12,"Demand":1,"DemandMax":null,"Value":348},{"Length":14,"Height":25,"Demand":3,"DemandMax":null,"Value":350},{"Length":18,"Height":20,"Demand":2,"DemandMax":null,"Value":360},{"Length":34,"Height":10,"Demand":3,"DemandMax":null,"Value":340},{"Length":37,"Height":10,"Demand":1,"DemandMax":null,"Value":370},{"Length":19,"Height":18,"Demand":3,"DemandMax":null,"Value":342},{"Length":24,"Height":15,"Demand":1,"DemandMax":null,"Value":360},{"Length":20,"Height":17,"Demand":2,"DemandMax":null,"Value":340},{"Length":21,"Height":16,"Demand":4,"DemandMax":null,"Value":336},{"Length":24,"Height":14,"Demand":1,"DemandMax":null,"Value":336},{"Length":28,"Height":13,"Demand":1,"DemandMax":null,"Value":364},{"Length":33,"Height":11,"Demand":1,"DemandMax":null,"Value":363},{"Length":13,"Height":27,"Demand":3,"DemandMax":null,"Value":351},{"Length":17,"Height":20,"Demand":3,"DemandMax":null,"Value":340},{"Length":18,"Height":19,"Demand":1,"DemandMax":null,"Value":342},{"Length":16,"Height":21,"Demand":4,"DemandMax":null,"Value":336},{"Length":12,"Height":28,"Demand":1,"DemandMax":null,"Value":336},{"Length":11,"Height":31,"Demand":2,"DemandMax":null,"Value":341},{"Length":25,"Height":14,"Demand":1,"DemandMax":null,"Value":350},{"Length":14,"Height":24,"Demand":3,"DemandMax":null,"Value":336},{"Length":10,"Height":34,"Demand":2,"DemandMax":null,"Value":340},{"Length":11,"Height":30,"Demand":2,"DemandMax":null,"Value":330},{"Length":36,"Height":10,"Demand":1,"DemandMax":null,"Value":360},{"Length":22,"Height":15,"Demand":3,"DemandMax":null,"Value":330},{"Length":15,"Height":23,"Demand":2,"DemandMax":null,"Value":345},{"Length":29,"Height":11,"Demand":5,"DemandMax":null,"Value":319},{"Length":18,"Height":18,"Demand":5,"DemandMax":null,"Value":324},{"Length":15,"Height":22,"Demand":3,"DemandMax":null,"Value":330},{"Length":37,"Height":9,"Demand":1,"DemandMax":null,"Value":333},{"Length":23,"Height":15,"Demand":1,"DemandMax":null,"Value":345},{"Length":27,"Height":12,"Demand":1,"DemandMax":null,"Value":324},{"Length":20,"Height":16,"Demand":9,"DemandMax":null,"Value":320},{"Length":9,"Height":36,"Demand":2,"DemandMax":null,"Value":324},{"Length":33,"Height":10,"Demand":1,"DemandMax":null,"Value":330},{"Length":14,"Height":23,"Demand":4,"DemandMax":null,"Value":322},{"Length":23,"Height":14,"Demand":1,"DemandMax":null,"Value":322},{"Length":13,"Height":26,"Demand":1,"DemandMax":null,"Value":338},{"Length":28,"Height":12,"Demand":2,"DemandMax":null,"Value":336},{"Length":16,"Height":20,"Demand":3,"DemandMax":null,"Value":320},{"Length":15,"Height":21,"Demand":1,"DemandMax":null,"Value":315},{"Length":11,"Height":28,"Demand":4,"DemandMax":null,"Value":308},{"Length":11,"Height":29,"Demand":1,"DemandMax":null,"Value":319},{"Length":24,"Height":13,"Demand":5,"DemandMax":null,"Value":312},{"Length":12,"Height":27,"Demand":3,"DemandMax":null,"Value":324},{"Length":19,"Height":17,"Demand":3,"DemandMax":null,"Value":323},{"Length":36,"Height":9,"Demand":1,"DemandMax":null,"Value":324},{"Length":22,"Height":14,"Demand":3,"DemandMax":null,"Value":308},{"Length":14,"Height":22,"Demand":3,"DemandMax":null,"Value":308},{"Length":10,"Height":31,"Demand":3,"DemandMax":null,"Value":310},{"Length":28,"Height":11,"Demand":1,"DemandMax":null,"Value":308},{"Length":23,"Height":13,"Demand":3,"DemandMax":null,"Value":299},{"Length":13,"Height":24,"Demand":1,"DemandMax":null,"Value":312},{"Length":17,"Height":18,"Demand":2,"DemandMax":null,"Value":306},{"Length":16,"Height":19,"Demand":4,"DemandMax":null,"Value":304},{"Length":21,"Height":15,"Demand":2,"DemandMax":null,"Value":315},{"Length":35,"Height":9,"Demand":1,"DemandMax":null,"Value":315},{"Length":12,"Height":25,"Demand":3,"DemandMax":null,"Value":300},{"Length":30,"Height":10,"Demand":1,"DemandMax":null,"Value":300},{"Length":11,"Height":27,"Demand":6,"DemandMax":null,"Value":297},{"Length":19,"Height":16,"Demand":2,"DemandMax":null,"Value":304},{"Length":12,"Height":26,"Demand":1,"DemandMax":null,"Value":312},{"Length":34,"Height":9,"Demand":5,"DemandMax":null,"Value":306},{"Length":18,"Height":17,"Demand":3,"DemandMax":null,"Value":306},{"Length":10,"Height":30,"Demand":2,"DemandMax":null,"Value":300},{"Length":29,"Height":10,"Demand":2,"DemandMax":null,"Value":290},{"Length":9,"Height":32,"Demand":3,"DemandMax":null,"Value":288},{"Length":16,"Height":18,"Demand":2,"DemandMax":null,"Value":288},{"Length":26,"Height":12,"Demand":1,"DemandMax":null,"Value":312},{"Length":13,"Height":22,"Demand":1,"DemandMax":null,"Value":286},{"Length":24,"Height":12,"Demand":2,"DemandMax":null,"Value":288},{"Length":18,"Height":16,"Demand":5,"DemandMax":null,"Value":288},{"Length":19,"Height":15,"Demand":2,"DemandMax":null,"Value":285},{"Length":13,"Height":23,"Demand":2,"DemandMax":null,"Value":299},{"Length":12,"Height":24,"Demand":4,"DemandMax":null,"Value":288},{"Length":23,"Height":12,"Demand":1,"DemandMax":null,"Value":276},{"Length":9,"Height":31,"Demand":4,"DemandMax":null,"Value":279},{"Length":17,"Height":17,"Demand":2,"DemandMax":null,"Value":289},{"Length":22,"Height":13,"Demand":3,"DemandMax":null,"Value":286},{"Length":20,"Height":14,"Demand":4,"DemandMax":null,"Value":280},{"Length":20,"Height":15,"Demand":2,"DemandMax":null,"Value":300},{"Length":12,"Height":23,"Demand":1,"DemandMax":null,"Value":276},{"Length":33,"Height":9,"Demand":2,"DemandMax":null,"Value":297},{"Length":28,"Height":10,"Demand":2,"DemandMax":null,"Value":280},{"Length":15,"Height":19,"Demand":1,"DemandMax":null,"Value":285},{"Length":27,"Height":11,"Demand":1,"DemandMax":null,"Value":297}]}