{"Name":"path31t","Objects":[{"Length":1000,"Height":1001,"Stock":null,"Cost":1001000}],"Items":[{"Length":634,"Height":59,"Demand":1,"DemandMax":null,"Value":37406},{"Length":159,"Height":165,"Demand":1,"DemandMax":null,"Value":26235},{"Length":154,"Height":163,"Demand":1,"DemandMax":null,"Value":25102},{"Length":80,"Height":261,"Demand":1,"DemandMax":null,"Value":20880},{"Length":106,"Height":187,"Demand":1,"DemandMax":null,"Value":19822},{"Length":192,"Height":80,"Demand":1,"DemandMax":null,"Value":15360},{"Length":258,"Height":59,"Demand":1,"DemandMax":null,"Value":15222},{"Length":38,"Height":378,"Demand":1,"DemandMax":null,"Value":14364},{"Length":86,"Height":162,"Demand":1,"DemandMax":null,"Value":13932},{"Length":130,"Height":92,"Demand":1,"DemandMax":null,"Value":11960},{"Length":243,"Height":44,"Demand":1,"DemandMax":null,"Value":10692},{"Length":78,"Height":107,"Demand":1,"DemandMax":null,"Value":8346},{"Length":232,"Height":29,"Demand":1,"DemandMax":null,"Value":6728},{"Length":52,"Height":127,"Demand":1,"DemandMax":null,"Value":6604},{"Length":78,"Height":84,"Demand":1,"DemandMax":null,"Value":6552},{"Length":144,"Height":43,"Demand":1,"DemandMax":null,"Value":6192},{"Length":130,"Height":39,"Demand":1,"DemandMax":null,"Value":5070},{"Length":200,"Height":25,"Demand":1,"DemandMax":null,"Value":5000},{"Length":13,"Height":381,"Demand":1,"DemandMax":null,"Value":4953},{"Length":34,"Height":135,"Demand":1,"DemandMax":null,"Value":4590},{"Length":36,"Height":124,"Demand":1,"DemandMax":null,"Value":4464},{"Length":29,"Height":150,"Demand":1,"DemandMax":null,"Value":4350},{"Length":54,"Height":80,"Demand":1,"DemandMax":null,"Value":4320},{"Length":29,"Height":142,"Demand":1,"DemandMax":null,"Value":4118},{"Length":25,"Height":165,"Demand":1,"DemandMax":null,"Value":4125},{"Length":33,"Height":122,"Demand":1,"DemandMax":null,"Value":4026},{"Length":88,"Height":43,"Demand":1,"DemandMax":null,"Value":3784},{"Length":154,"Height":24,"Demand":1,"DemandMax":null,"Value":3696},{"Length":10,"Height":378,"Demand":1,"DemandMax":null,"Value":3780},{"Length":196,"Height":19,"Demand":1,"DemandMax":null,"Value":3724},{"Length":43,"Height":84,"Demand":1,"DemandMax":null,"Value":3612},{"Length":123,"Height":29,"Demand":1,"DemandMax":null,"Value":3567},{"Length":19,"Height":187,"Demand":1,"DemandMax":null,"Value":3553},{"Length":39,"Height":89,"Demand":1,"DemandMax":null,"Value":3471},{"Length":57,"Height":60,"Demand":1,"DemandMax":null,"Value":3420},{"Length":119,"Height":29,"Demand":1,"DemandMax":null,"Value":3451},{"Length":20,"Height":165,"Demand":1,"DemandMax":null,"Value":3300},{"Length":34,"Height":96,"Demand":1,"DemandMax":null,"Value":3264},{"Length":13,"Height":237,"Demand":1,"DemandMax":null,"Value":3081},{"Length":36,"Height":87,"Demand":1,"DemandMax":null,"Value":3132},{"Length":41,"Height":73,"Demand":1,"DemandMax":null,"Value":2993},{"Length":57,"Height":52,"Demand":1,"DemandMax":null,"Value":2964},{"Length":8,"Height":378,"Demand":1,"DemandMax":null,"Value":3024},{"Length":96,"Height":31,"Demand":1,"DemandMax":null,"Value":2976},{"Length":53,"Height":54,"Demand":1,"DemandMax":null,"Value":2862},{"Length":103,"Height":28,"Demand":1,"DemandMax":null,"Value":2884},{"Length":39,"Height":73,"Demand":1,"DemandMax":null,"Value":2847},{"Length":31,"Height":88,"Demand":1,"DemandMax":null,"Value":2728},{"Length":23,"Height":121,"Demand":1,"DemandMax":null,"Value":2783},{"Length":16,"Height":175,"Demand":1,"DemandMax":null,"Value":2800},{"Length":113,"Height":23,"Demand":1,"DemandMax":null,"Value":2599},{"Length":51,"Height":52,"Demand":1,"DemandMax":null,"Value":2652},{"Length":197,"Height":13,"Demand":1,"DemandMax":null,"Value":2561},{"Length":29,"Height":85,"Demand":1,"DemandMax":null,"Value":2465},{"Length":13,"Height":187,"Demand":1,"DemandMax":null,"Value":2431},{"Length":6,"Height":416,"Demand":1,"DemandMax":null,"Value":2496},{"Length":197,"Height":12,"Demand":1,"DemandMax":null,"Value":2364},{"Length":7,"Height":345,"Demand":1,"DemandMax":null,"Value":2415},{"Length":18,"Height":136,"Demand":1,"DemandMax":null,"Value":2448},{"Length":39,"Height":57,"Demand":1,"DemandMax":null,"Value":2223},{"Length":71,"Height":31,"Demand":1,"DemandMax":null,"Value":2201},{"Length":37,"Height":57,"Demand":1,"DemandMax":null,"Value":2109},{"Length":138,"Height":15,"Demand":1,"DemandMax":null,"Value":2070},{"Length":17,"Height":122,"Demand":1,"DemandMax":null,"Value":2074},{"Length":20,"Height":104,"Demand":1,"DemandMax":null,"Value":2080},{"Length":72,"Height":28,"Demand":1,"DemandMax":null,"Value":2016},{"Length":19,"Height":104,"Demand":1,"DemandMax":null,"Value":1976},{"Length":388,"Height":5,"Demand":1,"DemandMax":null,"Value":1940},{"Length":12,"Height":165,"Demand":1,"DemandMax":null,"Value":1980},{"Length":59,"Height":33,"Demand":1,"DemandMax":null,"Value":1947},{"Length":5,"Height":381,"Demand":1,"DemandMax":null,"Value":1905},{"Length":196,"Height":10,"Demand":1,"DemandMax":null,"Value":1960},{"Length":211,"Height":9,"Demand":1,"DemandMax":null,"Value":1899},{"Length":56,"Height":31,"Demand":1,"DemandMax":null,"Value":1736},{"Length":20,"Height":86,"Demand":1,"DemandMax":null,"Value":1720},{"Length":50,"Height":34,"Demand":1,"DemandMax":null,"Value":1700},{"Length":4,"Height":381,"Demand":1,"DemandMax":null,"Value":1524},{"Length":25,"Height":68,"Demand":1,"DemandMax":null,"Value":1700},{"Length":90,"Height":19,"Demand":1,"DemandMax":null,"Value":1710},{"Length":125,"Height":13,"Demand":1,"DemandMax":null,"Value":1625},{"Length":5,"Height":357,"Demand":1,"DemandMax":null,"Value":1785},{"Length":7,"Height":237,"Demand":1,"DemandMax":null,"Value":1659},{"Length":80,"Height":21,"Demand":1,"DemandMax":null,"Value":1680},{"Length":57,"Height":29,"Demand":1,"DemandMax":null,"Value":1653},{"Length":15,"Height":111,"Demand":1,"DemandMax":null,"Value":1665},{"Length":367,"Height":4,"Demand":1,"DemandMax":null,"Value":1468},{"Length":356,"Height":5,"Demand":1,"DemandMax":null,"Value":1780},{"Length":10,"Height":162,"Demand":1,"DemandMax":null,"Value":1620},{"Length":242,"Height":7,"Demand":1,"DemandMax":null,"Value":1694},{"Length":53,"Height":30,"Demand":1,"DemandMax":null,"Value":1590},{"Length":20,"Height":78,"Demand":1,"DemandMax":null,"Value":1560},{"Length":20,"Height":80,"Demand":1,"DemandMax":null,"Value":1600},{"Length":14,"Height":111,"Demand":1,"DemandMax":null,"Value":1554},{"Length":4,"Height":345,"Demand":2,"DemandMax":null,"Value":1380},{"Length":12,"Height":127,"Demand":1,"DemandMax":null,"Value":1524},{"Length":11,"Height":131,"Demand":1,"DemandMax":null,"Value":1441},{"Length":21,"Height":70,"Demand":1,"DemandMax":null,"Value":1470},{"Length":21,"Height":69,"Demand":1,"DemandMax":null,"Value":1449},{"Length":209,"Height":7,"Demand":1,"DemandMax":null,"Value":1463},{"Length":9,"Height":167,"Demand":1,"DemandMax":null,"Value":1503},{"Length":14,"Height":106,"Demand":1,"DemandMax":null,"Value":1484},{"Length":36,"Height":40,"Demand":1,"DemandMax":null,"Value":1440},{"Length":5,"Height":269,"Demand":2,"DemandMax":null,"Value":1345},{"Length":12,"Height":122,"Demand":1,"DemandMax":null,"Value":1464},{"Length":208,"Height":7,"Demand":1,"DemandMax":null,"Value":1456},{"Length":23,"Height":62,"Demand":1,"DemandMax":null,"Value":1426},{"Length":39,"Height":36,"Demand":1,"DemandMax":null,"Value":1404},{"Length":46,"Height":31,"Demand":1,"DemandMax":null,"Value":1426},{"Length":11,"Height":126,"Demand":1,"DemandMax":null,"Value":1386},{"Length":16,"Height":88,"Demand":1,"DemandMax":null,"Value":1408},{"Length":79,"Height":17,"Demand":1,"DemandMax":null,"Value":1343},{"Length":29,"Height":47,"Demand":1,"DemandMax":null,"Value":1363},{"Length":6,"Height":224,"Demand":1,"DemandMax":null,"Value":1344},{"Length":29,"Height":45,"Demand":1,"DemandMax":null,"Value":1305},{"Length":32,"Height":41,"Demand":1,"DemandMax":null,"Value":1312},{"Length":135,"Height":10,"Demand":1,"DemandMax":null,"Value":1350},{"Length":356,"Height":4,"Demand":1,"DemandMax":null,"Value":1424},{"Length":158,"Height":8,"Demand":1,"DemandMax":null,"Value":1264},{"Length":8,"Height":162,"Demand":1,"DemandMax":null,"Value":1296},{"Length":108,"Height":12,"Demand":1,"DemandMax":null,"Value":1296},{"Length":172,"Height":8,"Demand":1,"DemandMax":null,"Value":1376},{"Length":15,"Height":83,"Demand":1,"DemandMax":null,"Value":1245},{"Length":9,"Height":137,"Demand":1,"DemandMax":null,"Value":1233},{"Length":14,"Height":89,"Demand":1,"DemandMax":null,"Value":1246},{"Length":18,"Height":69,"Demand":1,"DemandMax":null,"Value":1242},{"Length":16,"Height":76,"Demand":1,"DemandMax":null,"Value":1216},{"Length":31,"Height":39,"Demand":1,"DemandMax":null,"Value":1209},{"Length":4,"Height":280,"Demand":1,"DemandMax":null,"Value":1120},{"Length":37,"Height":32,"Demand":1,"DemandMax":null,"Value":1184},{"Length":66,"Height":18,"Demand":1,"DemandMax":null,"Value":1188},{"Length":15,"Height":79,"Demand":1,"DemandMax":null,"Value":1185},{"Length":12,"Height":96,"Demand":1,"DemandMax":null,"Value":1152},{"Length":61,"Height":19,"Demand":1,"DemandMax":null,"Value":1159},{"Length":70,"Height":16,"Demand":1,"DemandMax":null,"Value":1120},{"Length":28,"Height":41,"Demand":1,"DemandMax":null,"Value":1148},{"Length":45,"Height":25,"Demand":1,"DemandMax":null,"Value":1125},{"Length":9,"Height":131,"Demand":2,"DemandMax":null,"Value":1179},{"Length":18,"Height":62,"Demand":1,"DemandMax":null,"Value":1116},{"Length":22,"Height":52,"Demand":1,"DemandMax":null,"Value":1144},{"Length":9,"Height":130,"Demand":1,"DemandMax":null,"Value":1170},{"Length":24,"Height":47,"Demand":1,"DemandMax":null,"Value":1128},{"Length":16,"Height":68,"Demand":1,"DemandMax":null,"Value":1088},{"Length":134,"Height":8,"Demand":1,"DemandMax":null,"Value":1072},{"Length":93,"Height":12,"Demand":1,"DemandMax":null,"Value":1116},{"Length":11,"Height":100,"Demand":1,"DemandMax":null,"Value":1100},{"Length":73,"Height":15,"Demand":1,"DemandMax":null,"Value":1095},{"Length":9,"Height":122,"Demand":1,"DemandMax":null,"Value":1098},{"Length":18,"Height":60,"Demand":1,"DemandMax":null,"Value":1080},{"Length":200,"Height":5,"Demand":1,"DemandMax":null,"Value":1000},{"Length":278,"Height":4,"Demand":1,"DemandMax":null,"Value":1112},{"Length":29,"Height":36,"Demand":1,"DemandMax":null,"Value":1044},{"Length":107,"Height":10,"Demand":1,"DemandMax":null,"Value":1070},{"Length":51,"Height":21,"Demand":1,"DemandMax":null,"Value":1071},{"Length":5,"Height":188,"Demand":1,"DemandMax":null,"Value":940},{"Length":124,"Height":8,"Demand":1,"DemandMax":null,"Value":992},{"Length":29,"Height":35,"Demand":1,"DemandMax":null,"Value":1015},{"Length":31,"Height":34,"Demand":1,"DemandMax":null,"Value":1054},{"Length":15,"Height":69,"Demand":1,"DemandMax":null,"Value":1035},{"Length":8,"Height":131,"Demand":1,"DemandMax":null,"Value":1048},{"Length":103,"Height":10,"Demand":1,"DemandMax":null,"Value":1030},{"Length":32,"Height":31,"Demand":1,"DemandMax":null,"Value":992},{"Length":17,"Height":60,"Demand":1,"DemandMax":null,"Value":1020},{"Length":9,"Height":104,"Demand":1,"DemandMax":null,"Value":936},{"Length":143,"Height":7,"Demand":1,"DemandMax":null,"Value":1001},{"Length":6,"Height":162,"Demand":1,"DemandMax":null,"Value":972},{"Length":137,"Height":7,"Demand":1,"DemandMax":null,"Value":959},{"Length":242,"Height":4,"Demand":1,"DemandMax":null,"Value":968},{"Length":99,"Height":10,"Demand":1,"DemandMax":null,"Value":990},{"Length":27,"Height":35,"Demand":1,"DemandMax":null,"Value":945},{"Length":39,"Height":24,"Demand":1,"DemandMax":null,"Value":936},{"Length":18,"Height":51,"Demand":1,"DemandMax":null,"Value":918},{"Length":12,"Height":76,"Demand":1,"DemandMax":null,"Value":912},{"Length":101,"Height":9,"Demand":1,"DemandMax":null,"Value":909},{"Length":107,"Height":9,"Demand":1,"DemandMax":null,"Value":963},{"Length":131,"Height":7,"Demand":1,"DemandMax":null,"Value":917},{"Length":15,"Height":63,"Demand":1,"DemandMax":null,"Value":945},{"Length":5,"Height":187,"Demand":1,"DemandMax":null,"Value":935},{"Length":173,"Height":5,"Demand":1,"DemandMax":null,"Value":865},{"Length":38,"Height":24,"Demand":1,"DemandMax":null,"Value":912},{"Length":13,"Height":73,"Demand":1,"DemandMax":null,"Value":949},{"Length":180,"Height":5,"Demand":1,"DemandMax":null,"Value":900},{"Length":189,"Height":5,"Demand":1,"DemandMax":null,"Value":945},{"Length":154,"Height":6,"Demand":1,"DemandMax":null,"Value":924},{"Length":22,"Height":40,"Demand":1,"DemandMax":null,"Value":880},{"Length":38,"Height":23,"Demand":1,"DemandMax":null,"Value":874},{"Length":16,"Height":56,"Demand":1,"DemandMax":null,"Value":896},{"Length":21,"Height":43,"Demand":1,"DemandMax":null,"Value":903},{"Length":6,"Height":145,"Demand":1,"DemandMax":null,"Value":870},{"Length":15,"Height":59,"Demand":1,"DemandMax":null,"Value":885},{"Length":28,"Height":31,"Demand":1,"DemandMax":null,"Value":868},{"Length":35,"Height":24,"Demand":1,"DemandMax":null,"Value":840},{"Length":215,"Height":4,"Demand":2,"DemandMax":null,"Value":860},{"Length":21,"Height":40,"Demand":1,"DemandMax":null,"Value":840},{"Length":33,"Height":25,"Demand":1,"DemandMax":null,"Value":825},{"Length":60,"Height":14,"Demand":1,"DemandMax":null,"Value":840},{"Length":16,"Height":54,"Demand":1,"DemandMax":null,"Value":864},{"Length":8,"Height":103,"Demand":1,"DemandMax":null,"Value":824},{"Length":10,"Height":84,"Demand":1,"DemandMax":null,"Value":840},{"Length":11,"Height":80,"Demand":1,"DemandMax":null,"Value":880},{"Length":55,"Height":15,"Demand":1,"DemandMax":null,"Value":825},{"Length":10,"Height":86,"Demand":1,"DemandMax":null,"Value":860},{"Length":85,"Height":10,"Demand":1,"DemandMax":null,"Value":850},{"Length":9,"Height":96,"Demand":1,"DemandMax":null,"Value":864},{"Length":59,"Height":14,"Demand":1,"DemandMax":null,"Value":826},{"Length":14,"Height":59,"Demand":1,"DemandMax":null,"Value":826},{"Length":130,"Height":6,"Demand":1,"DemandMax":null,"Value":780},{"Length":53,"Height":15,"Demand":1,"DemandMax":null,"Value":795},{"Length":161,"Height":5,"Demand":1,"DemandMax":null,"Value":805},{"Length":54,"Height":15,"Demand":2,"DemandMax":null,"Value":810},{"Length":128,"Height":6,"Demand":1,"DemandMax":null,"Value":768},{"Length":9,"Height":85,"Demand":1,"DemandMax":null,"Value":765},{"Length":24,"Height":33,"Demand":1,"DemandMax":null,"Value":792},{"Length":12,"Height":68,"Demand":1,"DemandMax":null,"Value":816},{"Length":114,"Height":7,"Demand":1,"DemandMax":null,"Value":798},{"Length":222,"Height":4,"Demand":1,"DemandMax":null,"Value":888},{"Length":116,"Height":7,"Demand":1,"DemandMax":null,"Value":812},{"Length":223,"Height":3,"Demand":1,"DemandMax":null,"Value":669},{"Length":32,"Height":24,"Demand":1,"DemandMax":null,"Value":768},{"Length":12,"Height":62,"Demand":2,"DemandMax":null,"Value":744},{"Length":83,"Height":9,"Demand":2,"DemandMax":null,"Value":747},{"Length":26,"Height":30,"Demand":1,"DemandMax":null,"Value":780},{"Length":22,"Height":36,"Demand":1,"DemandMax":null,"Value":792},{"Length":5,"Height":162,"Demand":3,"DemandMax":null,"Value":810},{"Length":119,"Height":6,"Demand":3,"DemandMax":null,"Value":714},{"Length":6,"Height":137,"Demand":1,"DemandMax":null,"Value":822},{"Length":41,"Height":18,"Demand":2,"DemandMax":null,"Value":738},{"Length":26,"Height":29,"Demand":2,"DemandMax":null,"Value":754},{"Length":148,"Height":5,"Demand":2,"DemandMax":null,"Value":740},{"Length":154,"Height":5,"Demand":1,"DemandMax":null,"Value":770},{"Length":89,"Height":8,"Demand":1,"DemandMax":null,"Value":712},{"Length":12,"Height":60,"Demand":1,"DemandMax":null,"Value":720},{"Length":7,"Height":104,"Demand":1,"DemandMax":null,"Value":728},{"Length":167,"Height":4,"Demand":2,"DemandMax":null,"Value":668},{"Length":183,"Height":4,"Demand":2,"DemandMax":null,"Value":732},{"Length":84,"Height":9,"Demand":1,"DemandMax":null,"Value":756},{"Length":116,"Height":6,"Demand":2,"DemandMax":null,"Value":696},{"Length":29,"Height":25,"Demand":1,"DemandMax":null,"Value":725},{"Length":50,"Height":15,"Demand":1,"DemandMax":null,"Value":750},{"Length":25,"Height":29,"Demand":1,"DemandMax":null,"Value":725},{"Length":12,"Height":64,"Demand":1,"DemandMax":null,"Value":768},{"Length":21,"Height":36,"Demand":1,"DemandMax":null,"Value":756},{"Length":3,"Height":247,"Demand":1,"DemandMax":null,"Value":741},{"Length":97,"Height":8,"Demand":1,"DemandMax":null,"Value":776},{"Length":93,"Height":8,"Demand":2,"DemandMax":null,"Value":744},{"Length":53,"Height":14,"Demand":1,"DemandMax":null,"Value":742},{"Length":115,"Height":6,"Demand":1,"DemandMax":null,"Value":690},{"Length":26,"Height":28,"Demand":1,"DemandMax":null,"Value":728},{"Length":28,"Height":26,"Demand":1,"DemandMax":null,"Value":728},{"Length":37,"Height":20,"Demand":1,"DemandMax":null,"Value":740},{"Length":51,"Height":14,"Demand":1,"DemandMax":null,"Value":714},{"Length":18,"Height":41,"Demand":1,"DemandMax":null,"Value":738},{"Length":21,"Height":35,"Demand":1,"DemandMax":null,"Value":735},{"Length":232,"Height":3,"Demand":2,"DemandMax":null,"Value":696},{"Length":134,"Height":5,"Demand":1,"DemandMax":null,"Value":670},{"Length":46,"Height":16,"Demand":1,"DemandMax":null,"Value":736},{"Length":5,"Height":161,"Demand":1,"DemandMax":null,"Value":805},{"Length":16,"Height":46,"Demand":1,"DemandMax":null,"Value":736},{"Length":162,"Height":5,"Demand":1,"DemandMax":null,"Value":810},{"Length":6,"Height":117,"Demand":1,"DemandMax":null,"Value":702},{"Length":23,"Height":31,"Demand":1,"DemandMax":null,"Value":713},{"Length":4,"Height":187,"Demand":5,"DemandMax":null,"Value":748},{"Length":13,"Height":55,"Demand":1,"DemandMax":null,"Value":715},{"Length":113,"Height":6,"Demand":1,"DemandMax":null,"Value":678},{"Length":9,"Height":83,"Demand":1,"DemandMax":null,"Value":747},{"Length":11,"Height":65,"Demand":1,"DemandMax":null,"Value":715},{"Length":42,"Height":17,"Demand":1,"DemandMax":null,"Value":714},{"Length":77,"Height":9,"Demand":4,"DemandMax":null,"Value":693},{"Length":16,"Height":44,"Demand":1,"DemandMax":null,"Value":704},{"Length":5,"Height":159,"Demand":1,"DemandMax":null,"Value":795},{"Length":216,"Height":3,"Demand":2,"DemandMax":null,"Value":648},{"Length":17,"Height":42,"Demand":1,"DemandMax":null,"Value":714},{"Length":104,"Height":7,"Demand":1,"DemandMax":null,"Value":728},{"Length":84,"Height":8,"Demand":1,"DemandMax":null,"Value":672},{"Length":22,"Height":33,"Demand":1,"DemandMax":null,"Value":726},{"Length":4,"Height":192,"Demand":1,"DemandMax":null,"Value":768},{"Length":4,"Height":169,"Demand":2,"DemandMax":null,"Value":676},{"Length":215,"Height":3,"Demand":4,"DemandMax":null,"Value":645},{"Length":5,"Height":136,"Demand":2,"DemandMax":null,"Value":680},{"Length":9,"Height":77,"Demand":1,"DemandMax":null,"Value":693},{"Length":147,"Height":5,"Demand":1,"DemandMax":null,"Value":735},{"Length":48,"Height":14,"Demand":1,"DemandMax":null,"Value":672},{"Length":58,"Height":12,"Demand":1,"DemandMax":null,"Value":696},{"Length":7,"Height":94,"Demand":1,"DemandMax":null,"Value":658},{"Length":108,"Height":6,"Demand":2,"DemandMax":null,"Value":648},{"Length":17,"Height":41,"Demand":1,"DemandMax":null,"Value":697},{"Length":57,"Height":12,"Demand":2,"DemandMax":null,"Value":684},{"Length":44,"Height":16,"Demand":1,"DemandMax":null,"Value":704},{"Length":242,"Height":3,"Demand":1,"DemandMax":null,"Value":726},{"Length":50,"Height":14,"Demand":1,"DemandMax":null,"Value":700},{"Length":22,"Height":31,"Demand":1,"DemandMax":null,"Value":682},{"Length":168,"Height":4,"Demand":3,"DemandMax":null,"Value":672},{"Length":9,"Height":78,"Demand":1,"DemandMax":null,"Value":702},{"Length":28,"Height":24,"Demand":2,"DemandMax":null,"Value":672},{"Length":95,"Height":7,"Demand":1,"DemandMax":null,"Value":665},{"Length":4,"Height":156,"Demand":1,"DemandMax":null,"Value":624},{"Length":37,"Height":19,"Demand":1,"DemandMax":null,"Value":703},{"Length":27,"Height":26,"Demand":1,"DemandMax":null,"Value":702},{"Length":85,"Height":8,"Demand":1,"DemandMax":null,"Value":680},{"Length":18,"Height":38,"Demand":1,"DemandMax":null,"Value":684},{"Length":36,"Height":19,"Demand":2,"DemandMax":null,"Value":684},{"Length":79,"Height":9,"Demand":3,"DemandMax":null,"Value":711},{"Length":162,"Height":4,"Demand":2,"DemandMax":null,"Value":648},{"Length":11,"Height":64,"Demand":1,"DemandMax":null,"Value":704},{"Length":220,"Height":3,"Demand":1,"DemandMax":null,"Value":660},{"Length":32,"Height":21,"Demand":1,"DemandMax":null,"Value":672},{"Length":93,"Height":7,"Demand":2,"DemandMax":null,"Value":651},{"Length":154,"Height":4,"Demand":1,"DemandMax":null,"Value":616},{"Length":72,"Height":10,"Demand":1,"DemandMax":null,"Value":720},{"Length":11,"Height":63,"Demand":2,"DemandMax":null,"Value":693},{"Length":39,"Height":18,"Demand":1,"DemandMax":null,"Value":702},{"Length":181,"Height":4,"Demand":1,"DemandMax":null,"Value":724},{"Length":9,"Height":80,"Demand":1,"DemandMax":null,"Value":720},{"Length":26,"Height":26,"Demand":1,"DemandMax":null,"Value":676},{"Length":51,"Height":13,"Demand":1,"DemandMax":null,"Value":663},{"Length":12,"Height":54,"Demand":1,"DemandMax":null,"Value":648},{"Length":86,"Height":8,"Demand":1,"DemandMax":null,"Value":688},{"Length":15,"Height":46,"Demand":1,"DemandMax":null,"Value":690},{"Length":8,"Height":80,"Demand":1,"DemandMax":null,"Value":640},{"Length":136,"Height":5,"Demand":2,"DemandMax":null,"Value":680},{"Length":10,"Height":69,"Demand":1,"DemandMax":null,"Value":690},{"Length":152,"Height":4,"Demand":3,"DemandMax":null,"Value":608},{"Length":161,"Height":4,"Demand":3,"DemandMax":null,"Value":644},{"Length":50,"Height":13,"Demand":1,"DemandMax":null,"Value":650},{"Length":66,"Height":10,"Demand":2,"DemandMax":null,"Value":660},{"Length":3,"Height":192,"Demand":1,"DemandMax":null,"Value":576},{"Length":4,"Height":162,"Demand":1,"DemandMax":null,"Value":648},{"Length":25,"Height":26,"Demand":1,"DemandMax":null,"Value":650},{"Length":8,"Height":86,"Demand":1,"DemandMax":null,"Value":688},{"Length":140,"Height":5,"Demand":1,"DemandMax":null,"Value":700},{"Length":79,"Height":8,"Demand":4,"DemandMax":null,"Value":632},{"Length":15,"Height":45,"Demand":1,"DemandMax":null,"Value":675},{"Length":17,"Height":39,"Demand":2,"DemandMax":null,"Value":663},{"Length":11,"Height":59,"Demand":2,"DemandMax":null,"Value":649},{"Length":33,"Height":20,"Demand":1,"DemandMax":null,"Value":660},{"Length":70,"Height":10,"Demand":1,"DemandMax":null,"Value":700},{"Length":19,"Height":36,"Demand":1,"DemandMax":null,"Value":684},{"Length":211,"Height":3,"Demand":1,"DemandMax":null,"Value":633},{"Length":37,"Height":18,"Demand":2,"DemandMax":null,"Value":666},{"Length":11,"Height":60,"Demand":1,"DemandMax":null,"Value":660},{"Length":74,"Height":9,"Demand":1,"DemandMax":null,"Value":666},{"Length":49,"Height":14,"Demand":1,"DemandMax":null,"Value":686},{"Length":7,"Height":89,"Demand":1,"DemandMax":null,"Value":623},{"Length":175,"Height":4,"Demand":1,"DemandMax":null,"Value":700},{"Length":142,"Height":5,"Demand":1,"DemandMax":null,"Value":710},{"Length":53,"Height":12,"Demand":2,"DemandMax":null,"Value":636},{"Length":54,"Height":12,"Demand":1,"DemandMax":null,"Value":648},{"Length":7,"Height":96,"Demand":1,"DemandMax":null,"Value":672},{"Length":137,"Height":5,"Demand":1,"DemandMax":null,"Value":685},{"Length":68,"Height":10,"Demand":1,"DemandMax":null,"Value":680},{"Length":20,"Height":33,"Demand":2,"DemandMax":null,"Value":660},{"Length":8,"Height":84,"Demand":1,"DemandMax":null,"Value":672},{"Length":27,"Height":24,"Demand":1,"DemandMax":null,"Value":648},{"Length":16,"Height":42,"Demand":1,"DemandMax":null,"Value":672},{"Length":26,"Height":24,"Demand":1,"DemandMax":null,"Value":624},{"Length":59,"Height":11,"Demand":1,"DemandMax":null,"Value":649},{"Length":17,"Height":38,"Demand":1,"DemandMax":null,"Value":646},{"Length":32,"Height":20,"Demand":1,"DemandMax":null,"Value":640},{"Length":125,"Height":5,"Demand":2,"DemandMax":null,"Value":625},{"Length":52,"Height":12,"Demand":2,"DemandMax":null,"Value":624},{"Length":39,"Height":16,"Demand":1,"DemandMax":null,"Value":624},{"Length":36,"Height":18,"Demand":1,"DemandMax":null,"Value":648},{"Length":21,"Height":30,"Demand":1,"DemandMax":null,"Value":630},{"Length":10,"Height":64,"Demand":1,"DemandMax":null,"Value":640},{"Length":104,"Height":6,"Demand":1,"DemandMax":null,"Value":624},{"Length":122,"Height":5,"Demand":2,"DemandMax":null,"Value":610},{"Length":5,"Height":131,"Demand":2,"DemandMax":null,"Value":655},{"Length":13,"Height":48,"Demand":1,"DemandMax":null,"Value":624},{"Length":23,"Height":27,"Demand":2,"DemandMax":null,"Value":621},{"Length":78,"Height":8,"Demand":1,"DemandMax":null,"Value":624},{"Length":89,"Height":7,"Demand":1,"DemandMax":null,"Value":623},{"Length":16,"Height":40,"Demand":1,"DemandMax":null,"Value":640},{"Length":27,"Height":23,"Demand":1,"DemandMax":null,"Value":621},{"Length":50,"Height":12,"Demand":1,"DemandMax":null,"Value":600},{"Length":178,"Height":4,"Demand":1,"DemandMax":null,"Value":712},{"Length":66,"Height":9,"Demand":1,"DemandMax":null,"Value":594},{"Length":84,"Height":7,"Demand":1,"DemandMax":null,"Value":588},{"Length":5,"Height":137,"Demand":1,"DemandMax":null,"Value":685},{"Length":64,"Height":10,"Demand":1,"DemandMax":null,"Value":640},{"Length":3,"Height":237,"Demand":1,"DemandMax":null,"Value":711},{"Length":90,"Height":7,"Demand":1,"DemandMax":null,"Value":630},{"Length":112,"Height":5,"Demand":3,"DemandMax":null,"Value":560},{"Length":129,"Height":5,"Demand":1,"DemandMax":null,"Value":645},{"Length":135,"Height":5,"Demand":1,"DemandMax":null,"Value":675},{"Length":171,"Height":4,"Demand":1,"DemandMax":null,"Value":684},{"Length":29,"Height":21,"Demand":2,"DemandMax":null,"Value":609},{"Length":16,"Height":39,"Demand":1,"DemandMax":null,"Value":624},{"Length":10,"Height":62,"Demand":2,"DemandMax":null,"Value":620},{"Length":120,"Height":5,"Demand":1,"DemandMax":null,"Value":600},{"Length":25,"Height":25,"Demand":1,"DemandMax":null,"Value":625},{"Length":20,"Height":30,"Demand":1,"DemandMax":null,"Value":600},{"Length":71,"Height":9,"Demand":1,"DemandMax":null,"Value":639},{"Length":19,"Height":33,"Demand":1,"DemandMax":null,"Value":627},{"Length":95,"Height":6,"Demand":1,"DemandMax":null,"Value":570},{"Length":12,"Height":50,"Demand":2,"DemandMax":null,"Value":600},{"Length":9,"Height":64,"Demand":2,"DemandMax":null,"Value":576},{"Length":25,"Height":24,"Demand":1,"DemandMax":null,"Value":600},{"Length":28,"Height":22,"Demand":1,"DemandMax":null,"Value":616},{"Length":24,"Height":25,"Demand":1,"DemandMax":null,"Value":600},{"Length":22,"Height":27,"Demand":2,"DemandMax":null,"Value":594},{"Length":11,"Height":55,"Demand":1,"DemandMax":null,"Value":605},{"Length":44,"Height":14,"Demand":1,"DemandMax":null,"Value":616},{"Length":6,"Height":96,"Demand":3,"DemandMax":null,"Value":576},{"Length":48,"Height":12,"Demand":1,"DemandMax":null,"Value":576},{"Length":49,"Height":12,"Demand":2,"DemandMax":null,"Value":588},{"Length":17,"Height":35,"Demand":1,"DemandMax":null,"Value":595},{"Length":44,"Height":13,"Demand":1,"DemandMax":null,"Value":572},{"Length":101,"Height":6,"Demand":1,"DemandMax":null,"Value":606},{"Length":17,"Height":34,"Demand":2,"DemandMax":null,"Value":578},{"Length":15,"Height":40,"Demand":1,"DemandMax":null,"Value":600},{"Length":28,"Height":21,"Demand":1,"DemandMax":null,"Value":588},{"Length":42,"Height":14,"Demand":1,"DemandMax":null,"Value":588},{"Length":116,"Height":5,"Demand":1,"DemandMax":null,"Value":580},{"Length":11,"Height":53,"Demand":1,"DemandMax":null,"Value":583},{"Length":33,"Height":18,"Demand":1,"DemandMax":null,"Value":594},{"Length":39,"Height":15,"Demand":1,"DemandMax":null,"Value":585},{"Length":58,"Height":10,"Demand":2,"DemandMax":null,"Value":580},{"Length":9,"Height":62,"Demand":2,"DemandMax":null,"Value":558},{"Length":29,"Height":20,"Demand":1,"DemandMax":null,"Value":580},{"Length":7,"Height":84,"Demand":1,"DemandMax":null,"Value":588},{"Length":168,"Height":3,"Demand":2,"DemandMax":null,"Value":504},{"Length":163,"Height":4,"Demand":1,"DemandMax":null,"Value":652},{"Length":54,"Height":11,"Demand":1,"DemandMax":null,"Value":594},{"Length":93,"Height":6,"Demand":3,"DemandMax":null,"Value":558},{"Length":11,"Height":51,"Demand":1,"DemandMax":null,"Value":561},{"Length":105,"Height":5,"Demand":1,"DemandMax":null,"Value":525},{"Length":33,"Height":17,"Demand":1,"DemandMax":null,"Value":561},{"Length":21,"Height":28,"Demand":1,"DemandMax":null,"Value":588},{"Length":13,"Height":44,"Demand":4,"DemandMax":null,"Value":572},{"Length":17,"Height":33,"Demand":1,"DemandMax":null,"Value":561},{"Length":12,"Height":47,"Demand":1,"DemandMax":null,"Value":564},{"Length":10,"Height":55,"Demand":2,"DemandMax":null,"Value":550},{"Length":16,"Height":36,"Demand":1,"DemandMax":null,"Value":576},{"Length":22,"Height":25,"Demand":1,"DemandMax":null,"Value":550},{"Length":13,"Height":43,"Demand":1,"DemandMax":null,"Value":559},{"Length":30,"Height":19,"Demand":1,"DemandMax":null,"Value":570},{"Length":4,"Height":131,"Demand":1,"DemandMax":null,"Value":524},{"Length":187,"Height":3,"Demand":2,"DemandMax":null,"Value":561},{"Length":86,"Height":6,"Demand":1,"DemandMax":null,"Value":516},{"Length":19,"Height":30,"Demand":2,"DemandMax":null,"Value":570},{"Length":106,"Height":5,"Demand":3,"DemandMax":null,"Value":530},{"Length":28,"Height":20,"Demand":1,"DemandMax":null,"Value":560},{"Length":6,"Height":91,"Demand":1,"DemandMax":null,"Value":546},{"Length":103,"Height":5,"Demand":1,"DemandMax":null,"Value":515},{"Length":31,"Height":18,"Demand":2,"DemandMax":null,"Value":558},{"Length":67,"Height":8,"Demand":1,"DemandMax":null,"Value":536},{"Length":6,"Height":86,"Demand":1,"DemandMax":null,"Value":516},{"Length":79,"Height":7,"Demand":2,"DemandMax":null,"Value":553},{"Length":9,"Height":59,"Demand":2,"DemandMax":null,"Value":531},{"Length":68,"Height":8,"Demand":1,"DemandMax":null,"Value":544},{"Length":9,"Height":63,"Demand":1,"DemandMax":null,"Value":567},{"Length":65,"Height":8,"Demand":1,"DemandMax":null,"Value":520},{"Length":76,"Height":7,"Demand":1,"DemandMax":null,"Value":532},{"Length":7,"Height":73,"Demand":1,"DemandMax":null,"Value":511},{"Length":180,"Height":3,"Demand":2,"DemandMax":null,"Value":540},{"Length":125,"Height":4,"Demand":1,"DemandMax":null,"Value":500},{"Length":29,"Height":19,"Demand":1,"DemandMax":null,"Value":551},{"Length":145,"Height":4,"Demand":1,"DemandMax":null,"Value":580},{"Length":45,"Height":12,"Demand":2,"DemandMax":null,"Value":540},{"Length":23,"Height":24,"Demand":1,"DemandMax":null,"Value":552},{"Length":81,"Height":7,"Demand":1,"DemandMax":null,"Value":567},{"Length":17,"Height":32,"Demand":1,"DemandMax":null,"Value":544},{"Length":134,"Height":4,"Demand":2,"DemandMax":null,"Value":536},{"Length":13,"Height":40,"Demand":1,"DemandMax":null,"Value":520},{"Length":19,"Height":28,"Demand":1,"DemandMax":null,"Value":532},{"Length":36,"Height":15,"Demand":1,"DemandMax":null,"Value":540},{"Length":101,"Height":5,"Demand":1,"DemandMax":null,"Value":505},{"Length":61,"Height":9,"Demand":1,"DemandMax":null,"Value":549},{"Length":6,"Height":83,"Demand":1,"DemandMax":null,"Value":498},{"Length":24,"Height":22,"Demand":1,"DemandMax":null,"Value":528},{"Length":8,"Height":71,"Demand":1,"DemandMax":null,"Value":568},{"Length":66,"Height":8,"Demand":3,"DemandMax":null,"Value":528},{"Length":32,"Height":16,"Demand":1,"DemandMax":null,"Value":512},{"Length":119,"Height":4,"Demand":3,"DemandMax":null,"Value":476},{"Length":10,"Height":53,"Demand":1,"DemandMax":null,"Value":530},{"Length":18,"Height":29,"Demand":1,"DemandMax":null,"Value":522},{"Length":5,"Height":110,"Demand":1,"DemandMax":null,"Value":550},{"Length":54,"Height":10,"Demand":2,"DemandMax":null,"Value":540},{"Length":8,"Height":62,"Demand":2,"DemandMax":null,"Value":496},{"Length":60,"Height":9,"Demand":1,"DemandMax":null,"Value":540},{"Length":22,"Height":24,"Demand":2,"DemandMax":null,"Value":528},{"Length":121,"Height":4,"Demand":2,"DemandMax":null,"Value":484},{"Length":16,"Height":33,"Demand":2,"DemandMax":null,"Value":528},{"Length":25,"Height":21,"Demand":1,"DemandMax":null,"Value":525},{"Length":2,"Height":215,"Demand":2,"DemandMax":null,"Value":430},{"Length":120,"Height":4,"Demand":4,"DemandMax":null,"Value":480},{"Length":8,"Height":64,"Demand":1,"DemandMax":null,"Value":512},{"Length":215,"Height":2,"Demand":1,"DemandMax":null,"Value":430},{"Length":26,"Height":20,"Demand":1,"DemandMax":null,"Value":520},{"Length":21,"Height":24,"Demand":1,"DemandMax":null,"Value":504},{"Length":29,"Height":17,"Demand":5,"DemandMax":null,"Value":493},{"Length":77,"Height":7,"Demand":2,"DemandMax":null,"Value":539},{"Length":7,"Height":71,"Demand":1,"DemandMax":null,"Value":497},{"Length":96,"Height":5,"Demand":2,"DemandMax":null,"Value":480},{"Length":108,"Height":5,"Demand":1,"DemandMax":null,"Value":540},{"Length":99,"Height":5,"Demand":2,"DemandMax":null,"Value":495},{"Length":159,"Height":3,"Demand":1,"DemandMax":null,"Value":477},{"Length":5,"Height":107,"Demand":1,"DemandMax":null,"Value":535},{"Length":59,"Height":9,"Demand":1,"DemandMax":null,"Value":531},{"Length":97,"Height":5,"Demand":1,"DemandMax":null,"Value":485},{"Length":211,"Height":2,"Demand":1,"DemandMax":null,"Value":422},{"Length":73,"Height":7,"Demand":2,"DemandMax":null,"Value":511},{"Length":54,"Height":9,"Demand":2,"DemandMax":null,"Value":486},{"Length":55,"Height":9,"Demand":1,"DemandMax":null,"Value":495},{"Length":16,"Height":32,"Demand":1,"DemandMax":null,"Value":512},{"Length":5,"Height":103,"Demand":1,"DemandMax":null,"Value":515},{"Length":18,"Height":28,"Demand":1,"DemandMax":null,"Value":504},{"Length":3,"Height":159,"Demand":2,"DemandMax":null,"Value":477},{"Length":98,"Height":5,"Demand":1,"DemandMax":null,"Value":490},{"Length":46,"Height":11,"Demand":2,"DemandMax":null,"Value":506},{"Length":5,"Height":96,"Demand":3,"DemandMax":null,"Value":480},{"Length":23,"Height":22,"Demand":1,"DemandMax":null,"Value":506},{"Length":52,"Height":10,"Demand":1,"DemandMax":null,"Value":520},{"Length":8,"Height":59,"Demand":3,"DemandMax":null,"Value":472},{"Length":112,"Height":4,"Demand":1,"DemandMax":null,"Value":448},{"Length":16,"Height":31,"Demand":1,"DemandMax":null,"Value":496},{"Length":148,"Height":3,"Demand":4,"DemandMax":null,"Value":444},{"Length":15,"Height":32,"Demand":2,"DemandMax":null,"Value":480},{"Length":12,"Height":40,"Demand":1,"DemandMax":null,"Value":480},{"Length":20,"Height":24,"Demand":1,"DemandMax":null,"Value":480},{"Length":5,"Height":92,"Demand":2,"DemandMax":null,"Value":460},{"Length":19,"Height":25,"Demand":1,"DemandMax":null,"Value":475},{"Length":26,"Height":19,"Demand":1,"DemandMax":null,"Value":494},{"Length":7,"Height":69,"Demand":2,"DemandMax":null,"Value":483},{"Length":91,"Height":5,"Demand":3,"DemandMax":null,"Value":455},{"Length":25,"Height":20,"Demand":1,"DemandMax":null,"Value":500},{"Length":93,"Height":5,"Demand":4,"DemandMax":null,"Value":465},{"Length":60,"Height":8,"Demand":1,"DemandMax":null,"Value":480},{"Length":61,"Height":8,"Demand":1,"DemandMax":null,"Value":488},{"Length":41,"Height":12,"Demand":1,"DemandMax":null,"Value":492},{"Length":37,"Height":13,"Demand":4,"DemandMax":null,"Value":481},{"Length":89,"Height":5,"Demand":3,"DemandMax":null,"Value":445},{"Length":56,"Height":9,"Demand":1,"DemandMax":null,"Value":504},{"Length":79,"Height":6,"Demand":3,"DemandMax":null,"Value":474},{"Length":83,"Height":6,"Demand":2,"DemandMax":null,"Value":498},{"Length":15,"Height":33,"Demand":1,"DemandMax":null,"Value":495},{"Length":90,"Height":5,"Demand":1,"DemandMax":null,"Value":450},{"Length":2,"Height":202,"Demand":2,"DemandMax":null,"Value":404},{"Length":10,"Height":49,"Demand":1,"DemandMax":null,"Value":490},{"Length":9,"Height":56,"Demand":1,"DemandMax":null,"Value":504},{"Length":143,"Height":3,"Demand":3,"DemandMax":null,"Value":429},{"Length":34,"Height":14,"Demand":1,"DemandMax":null,"Value":476},{"Length":184,"Height":3,"Demand":1,"DemandMax":null,"Value":552},{"Length":3,"Height":162,"Demand":1,"DemandMax":null,"Value":486},{"Length":40,"Height":12,"Demand":1,"DemandMax":null,"Value":480},{"Length":102,"Height":5,"Demand":1,"DemandMax":null,"Value":510},{"Length":16,"Height":29,"Demand":2,"DemandMax":null,"Value":464},{"Length":59,"Height":8,"Demand":1,"DemandMax":null,"Value":472},{"Length":3,"Height":187,"Demand":1,"DemandMax":null,"Value":561},{"Length":22,"Height":22,"Demand":1,"DemandMax":null,"Value":484},{"Length":53,"Height":9,"Demand":1,"DemandMax":null,"Value":477},{"Length":13,"Height":36,"Demand":1,"DemandMax":null,"Value":468},{"Length":95,"Height":5,"Demand":1,"DemandMax":null,"Value":475},{"Length":24,"Height":20,"Demand":1,"DemandMax":null,"Value":480},{"Length":6,"Height":73,"Demand":1,"DemandMax":null,"Value":438},{"Length":13,"Height":35,"Demand":1,"DemandMax":null,"Value":455},{"Length":5,"Height":93,"Demand":1,"DemandMax":null,"Value":465},{"Length":152,"Height":3,"Demand":2,"DemandMax":null,"Value":456},{"Length":45,"Height":11,"Demand":1,"DemandMax":null,"Value":495},{"Length":39,"Height":12,"Demand":3,"DemandMax":null,"Value":468},{"Length":41,"Height":11,"Demand":3,"DemandMax":null,"Value":451},{"Length":74,"Height":6,"Demand":1,"DemandMax":null,"Value":444},{"Length":133,"Height":4,"Demand":1,"DemandMax":null,"Value":532},{"Length":32,"Height":15,"Demand":1,"DemandMax":null,"Value":480},{"Length":155,"Height":3,"Demand":1,"DemandMax":null,"Value":465},{"Length":70,"Height":7,"Demand":1,"DemandMax":null,"Value":490},{"Length":56,"Height":8,"Demand":2,"DemandMax":null,"Value":448},{"Length":62,"Height":8,"Demand":1,"DemandMax":null,"Value":496},{"Length":66,"Height":7,"Demand":3,"DemandMax":null,"Value":462},{"Length":29,"Height":16,"Demand":4,"DemandMax":null,"Value":464},{"Length":11,"Height":44,"Demand":1,"DemandMax":null,"Value":484},{"Length":2,"Height":201,"Demand":2,"DemandMax":null,"Value":402},{"Length":7,"Height":62,"Demand":1,"DemandMax":null,"Value":434},{"Length":10,"Height":45,"Demand":3,"DemandMax":null,"Value":450},{"Length":6,"Height":76,"Demand":1,"DemandMax":null,"Value":456},{"Length":12,"Height":38,"Demand":2,"DemandMax":null,"Value":456},{"Length":28,"Height":16,"Demand":4,"DemandMax":null,"Value":448},{"Length":25,"Height":18,"Demand":2,"DemandMax":null,"Value":450},{"Length":68,"Height":7,"Demand":1,"DemandMax":null,"Value":476},{"Length":7,"Height":63,"Demand":1,"DemandMax":null,"Value":441},{"Length":77,"Height":6,"Demand":2,"DemandMax":null,"Value":462},{"Length":65,"Height":7,"Demand":2,"DemandMax":null,"Value":455},{"Length":105,"Height":4,"Demand":1,"DemandMax":null,"Value":420},{"Length":61,"Height":7,"Demand":1,"DemandMax":null,"Value":427},{"Length":11,"Height":41,"Demand":1,"DemandMax":null,"Value":451},{"Length":12,"Height":37,"Demand":1,"DemandMax":null,"Value":444},{"Length":6,"Height":78,"Demand":1,"DemandMax":null,"Value":468},{"Length":3,"Height":140,"Demand":1,"DemandMax":null,"Value":420},{"Length":147,"Height":3,"Demand":1,"DemandMax":null,"Value":441},{"Length":4,"Height":107,"Demand":2,"DemandMax":null,"Value":428},{"Length":19,"Height":24,"Demand":2,"DemandMax":null,"Value":456},{"Length":30,"Height":15,"Demand":1,"DemandMax":null,"Value":450},{"Length":2,"Height":187,"Demand":4,"DemandMax":null,"Value":374},{"Length":17,"Height":26,"Demand":1,"DemandMax":null,"Value":442},{"Length":7,"Height":64,"Demand":2,"DemandMax":null,"Value":448},{"Length":64,"Height":7,"Demand":2,"DemandMax":null,"Value":448},{"Length":35,"Height":13,"Demand":1,"DemandMax":null,"Value":455},{"Length":12,"Height":39,"Demand":1,"DemandMax":null,"Value":468},{"Length":9,"Height":48,"Demand":1,"DemandMax":null,"Value":432},{"Length":187,"Height":2,"Demand":2,"DemandMax":null,"Value":374},{"Length":67,"Height":7,"Demand":2,"DemandMax":null,"Value":469},{"Length":14,"Height":31,"Demand":2,"DemandMax":null,"Value":434},{"Length":11,"Height":40,"Demand":1,"DemandMax":null,"Value":440},{"Length":58,"Height":8,"Demand":2,"DemandMax":null,"Value":464},{"Length":5,"Height":84,"Demand":2,"DemandMax":null,"Value":420},{"Length":163,"Height":3,"Demand":1,"DemandMax":null,"Value":489},{"Length":69,"Height":6,"Demand":1,"DemandMax":null,"Value":414},{"Length":54,"Height":8,"Demand":1,"DemandMax":null,"Value":432},{"Length":46,"Height":10,"Demand":2,"DemandMax":null,"Value":460},{"Length":8,"Height":54,"Demand":1,"DemandMax":null,"Value":432},{"Length":81,"Height":5,"Demand":2,"DemandMax":null,"Value":405},{"Length":29,"Height":15,"Demand":4,"DemandMax":null,"Value":435},{"Length":5,"Height":97,"Demand":1,"DemandMax":null,"Value":485},{"Length":80,"Height":5,"Demand":2,"DemandMax":null,"Value":400},{"Length":34,"Height":13,"Demand":2,"DemandMax":null,"Value":442},{"Length":6,"Height":69,"Demand":1,"DemandMax":null,"Value":414},{"Length":24,"Height":19,"Demand":1,"DemandMax":null,"Value":456},{"Length":9,"Height":47,"Demand":2,"DemandMax":null,"Value":423},{"Length":68,"Height":6,"Demand":1,"DemandMax":null,"Value":408},{"Length":37,"Height":12,"Demand":2,"DemandMax":null,"Value":444},{"Length":94,"Height":5,"Demand":1,"DemandMax":null,"Value":470},{"Length":13,"Height":32,"Demand":2,"DemandMax":null,"Value":416},{"Length":5,"Height":83,"Demand":1,"DemandMax":null,"Value":415},{"Length":25,"Height":17,"Demand":1,"DemandMax":null,"Value":425},{"Length":71,"Height":6,"Demand":1,"DemandMax":null,"Value":426},{"Length":11,"Height":38,"Demand":1,"DemandMax":null,"Value":418},{"Length":16,"Height":26,"Demand":3,"DemandMax":null,"Value":416},{"Length":5,"Height":91,"Demand":2,"DemandMax":null,"Value":455},{"Length":10,"Height":42,"Demand":1,"DemandMax":null,"Value":420},{"Length":3,"Height":131,"Demand":2,"DemandMax":null,"Value":393},{"Length":59,"Height":7,"Demand":1,"DemandMax":null,"Value":413},{"Length":123,"Height":4,"Demand":1,"DemandMax":null,"Value":492},{"Length":98,"Height":4,"Demand":1,"DemandMax":null,"Value":392},{"Length":208,"Height":2,"Demand":2,"DemandMax":null,"Value":416},{"Length":184,"Height":2,"Demand":1,"DemandMax":null,"Value":368},{"Length":18,"Height":24,"Demand":2,"DemandMax":null,"Value":432},{"Length":19,"Height":22,"Demand":1,"DemandMax":null,"Value":418},{"Length":48,"Height":9,"Demand":2,"DemandMax":null,"Value":432},{"Length":14,"Height":30,"Demand":1,"DemandMax":null,"Value":420},{"Length":76,"Height":6,"Demand":1,"DemandMax":null,"Value":456},{"Length":67,"Height":6,"Demand":3,"DemandMax":null,"Value":402},{"Length":31,"Height":14,"Demand":1,"DemandMax":null,"Value":434},{"Length":21,"Height":20,"Demand":1,"DemandMax":null,"Value":420},{"Length":10,"Height":43,"Demand":2,"DemandMax":null,"Value":430},{"Length":28,"Height":15,"Demand":3,"DemandMax":null,"Value":420},{"Length":70,"Height":6,"Demand":1,"DemandMax":null,"Value":420},{"Length":13,"Height":33,"Demand":2,"DemandMax":null,"Value":429},{"Length":83,"Height":5,"Demand":6,"DemandMax":null,"Value":415},{"Length":46,"Height":9,"Demand":3,"DemandMax":null,"Value":414},{"Length":3,"Height":129,"Demand":3,"DemandMax":null,"Value":387},{"Length":7,"Height":58,"Demand":4,"DemandMax":null,"Value":406},{"Length":26,"Height":16,"Demand":1,"DemandMax":null,"Value":416},{"Length":44,"Height":9,"Demand":2,"DemandMax":null,"Value":396},{"Length":137,"Height":3,"Demand":2,"DemandMax":null,"Value":411},{"Length":6,"Height":71,"Demand":1,"DemandMax":null,"Value":426},{"Length":14,"Height":29,"Demand":2,"DemandMax":null,"Value":406},{"Length":79,"Height":5,"Demand":4,"DemandMax":null,"Value":395},{"Length":18,"Height":23,"Demand":2,"DemandMax":null,"Value":414},{"Length":7,"Height":55,"Demand":1,"DemandMax":null,"Value":385},{"Length":15,"Height":27,"Demand":2,"DemandMax":null,"Value":405},{"Length":167,"Height":2,"Demand":2,"DemandMax":null,"Value":334},{"Length":8,"Height":52,"Demand":1,"DemandMax":null,"Value":416},{"Length":166,"Height":2,"Demand":2,"DemandMax":null,"Value":332},{"Length":87,"Height":5,"Demand":2,"DemandMax":null,"Value":435},{"Length":128,"Height":3,"Demand":1,"DemandMax":null,"Value":384},{"Length":4,"Height":109,"Demand":1,"DemandMax":null,"Value":436},{"Length":39,"Height":10,"Demand":1,"DemandMax":null,"Value":390},{"Length":4,"Height":98,"Demand":1,"DemandMax":null,"Value":392},{"Length":19,"Height":21,"Demand":1,"DemandMax":null,"Value":399},{"Length":85,"Height":5,"Demand":2,"DemandMax":null,"Value":425},{"Length":8,"Height":51,"Demand":1,"DemandMax":null,"Value":408},{"Length":47,"Height":9,"Demand":2,"DemandMax":null,"Value":423},{"Length":29,"Height":14,"Demand":3,"DemandMax":null,"Value":406},{"Length":4,"Height":93,"Demand":2,"DemandMax":null,"Value":372},{"Length":38,"Height":11,"Demand":1,"DemandMax":null,"Value":418},{"Length":20,"Height":20,"Demand":2,"DemandMax":null,"Value":400},{"Length":84,"Height":5,"Demand":1,"DemandMax":null,"Value":420},{"Length":10,"Height":41,"Demand":1,"DemandMax":null,"Value":410},{"Length":18,"Height":22,"Demand":3,"DemandMax":null,"Value":396},{"Length":32,"Height":12,"Demand":1,"DemandMax":null,"Value":384},{"Length":8,"Height":47,"Demand":2,"DemandMax":null,"Value":376},{"Length":41,"Height":10,"Demand":1,"DemandMax":null,"Value":410},{"Length":12,"Height":35,"Demand":1,"DemandMax":null,"Value":420},{"Length":73,"Height":5,"Demand":1,"DemandMax":null,"Value":365},{"Length":21,"Height":19,"Demand":1,"DemandMax":null,"Value":399},{"Length":58,"Height":7,"Demand":4,"DemandMax":null,"Value":406},{"Length":5,"Height":80,"Demand":1,"DemandMax":null,"Value":400},{"Length":66,"Height":6,"Demand":2,"DemandMax":null,"Value":396},{"Length":93,"Height":4,"Demand":2,"DemandMax":null,"Value":372},{"Length":3,"Height":127,"Demand":2,"DemandMax":null,"Value":381},{"Length":7,"Height":56,"Demand":1,"DemandMax":null,"Value":392},{"Length":38,"Height":10,"Demand":1,"DemandMax":null,"Value":380},{"Length":4,"Height":103,"Demand":1,"DemandMax":null,"Value":412},{"Length":28,"Height":14,"Demand":2,"DemandMax":null,"Value":392},{"Length":51,"Height":8,"Demand":1,"DemandMax":null,"Value":408},{"Length":5,"Height":78,"Demand":2,"DemandMax":null,"Value":390},{"Length":141,"Height":3,"Demand":1,"DemandMax":null,"Value":423},{"Length":56,"Height":7,"Demand":2,"DemandMax":null,"Value":392},{"Length":6,"Height":67,"Demand":1,"DemandMax":null,"Value":402},{"Length":55,"Height":7,"Demand":3,"DemandMax":null,"Value":385},{"Length":27,"Height":14,"Demand":1,"DemandMax":null,"Value":378},{"Length":13,"Height":30,"Demand":1,"DemandMax":null,"Value":390},{"Length":29,"Height":13,"Demand":3,"DemandMax":null,"Value":377},{"Length":7,"Height":52,"Demand":1,"DemandMax":null,"Value":364},{"Length":41,"Height":9,"Demand":2,"DemandMax":null,"Value":369},{"Length":122,"Height":3,"Demand":1,"DemandMax":null,"Value":366},{"Length":125,"Height":3,"Demand":1,"DemandMax":null,"Value":375},{"Length":17,"Height":23,"Demand":1,"DemandMax":null,"Value":391},{"Length":12,"Height":32,"Demand":1,"DemandMax":null,"Value":384},{"Length":89,"Height":4,"Demand":2,"DemandMax":null,"Value":356},{"Length":36,"Height":11,"Demand":1,"DemandMax":null,"Value":396},{"Length":30,"Height":13,"Demand":1,"DemandMax":null,"Value":390},{"Length":57,"Height":7,"Demand":2,"DemandMax":null,"Value":399},{"Length":91,"Height":4,"Demand":1,"DemandMax":null,"Value":364},{"Length":9,"Height":45,"Demand":2,"DemandMax":null,"Value":405},{"Length":5,"Height":74,"Demand":1,"DemandMax":null,"Value":370},{"Length":17,"Height":22,"Demand":2,"DemandMax":null,"Value":374},{"Length":75,"Height":5,"Demand":2,"DemandMax":null,"Value":375},{"Length":53,"Height":7,"Demand":1,"DemandMax":null,"Value":371},{"Length":92,"Height":4,"Demand":2,"DemandMax":null,"Value":368},{"Length":94,"Height":4,"Demand":1,"DemandMax":null,"Value":376},{"Length":112,"Height":3,"Demand":1,"DemandMax":null,"Value":336},{"Length":13,"Height":29,"Demand":1,"DemandMax":null,"Value":377},{"Length":25,"Height":15,"Demand":2,"DemandMax":null,"Value":375},{"Length":120,"Height":3,"Demand":1,"DemandMax":null,"Value":360},{"Length":59,"Height":6,"Demand":1,"DemandMax":null,"Value":354},{"Length":21,"Height":18,"Demand":1,"DemandMax":null,"Value":378},{"Length":14,"Height":26,"Demand":1,"DemandMax":null,"Value":364},{"Length":4,"Height":91,"Demand":1,"DemandMax":null,"Value":364},{"Length":101,"Height":4,"Demand":1,"DemandMax":null,"Value":404},{"Length":96,"Height":4,"Demand":2,"DemandMax":null,"Value":384},{"Length":20,"Height":19,"Demand":2,"DemandMax":null,"Value":380},{"Length":31,"Height":12,"Demand":2,"DemandMax":null,"Value":372},{"Length":6,"Height":65,"Demand":1,"DemandMax":null,"Value":390},{"Length":5,"Height":73,"Demand":1,"DemandMax":null,"Value":365},{"Length":16,"Height":24,"Demand":2,"DemandMax":null,"Value":384},{"Length":11,"Height":35,"Demand":1,"DemandMax":null,"Value":385},{"Length":6,"Height":64,"Demand":1,"DemandMax":null,"Value":384},{"Length":40,"Height":9,"Demand":1,"DemandMax":null,"Value":360},{"Length":87,"Height":4,"Demand":1,"DemandMax":null,"Value":348},{"Length":15,"Height":25,"Demand":1,"DemandMax":null,"Value":375},{"Length":3,"Height":145,"Demand":1,"DemandMax":null,"Value":435},{"Length":14,"Height":27,"Demand":1,"DemandMax":null,"Value":378},{"Length":54,"Height":7,"Demand":1,"DemandMax":null,"Value":378},{"Length":46,"Height":8,"Demand":1,"DemandMax":null,"Value":368}]}