{"Name":"nice6","Objects":[{"Length":1000,"Height":1000,"Stock":null,"Cost":1000000}],"Items":[{"Length":119,"Height":35,"Demand":1,"DemandMax":null,"Value":4165},{"Length":53,"Height":71,"Demand":1,"DemandMax":null,"Value":3763},{"Length":63,"Height":57,"Demand":1,"DemandMax":null,"Value":3591},{"Length":31,"Height":113,"Demand":1,"DemandMax":null,"Value":3503},{"Length":34,"Height":88,"Demand":1,"DemandMax":null,"Value":2992},{"Length":77,"Height":38,"Demand":1,"DemandMax":null,"Value":2926},{"Length":54,"Height":53,"Demand":1,"DemandMax":null,"Value":2862},{"Length":80,"Height":36,"Demand":1,"DemandMax":null,"Value":2880},{"Length":65,"Height":44,"Demand":1,"DemandMax":null,"Value":2860},{"Length":44,"Height":65,"Demand":1,"DemandMax":null,"Value":2860},{"Length":53,"Height":53,"Demand":1,"DemandMax":null,"Value":2809},{"Length":48,"Height":57,"Demand":1,"DemandMax":null,"Value":2736},{"Length":27,"Height":102,"Demand":1,"DemandMax":null,"Value":2754},{"Length":44,"Height":62,"Demand":1,"DemandMax":null,"Value":2728},{"Length":43,"Height":63,"Demand":1,"DemandMax":null,"Value":2709},{"Length":26,"Height":104,"Demand":1,"DemandMax":null,"Value":2704},{"Length":52,"Height":52,"Demand":1,"DemandMax":null,"Value":2704},{"Length":101,"Height":26,"Demand":1,"DemandMax":null,"Value":2626},{"Length":61,"Height":44,"Demand":1,"DemandMax":null,"Value":2684},{"Length":38,"Height":69,"Demand":1,"DemandMax":null,"Value":2622},{"Length":71,"Height":35,"Demand":1,"DemandMax":null,"Value":2485},{"Length":62,"Height":39,"Demand":1,"DemandMax":null,"Value":2418},{"Length":38,"Height":64,"Demand":1,"DemandMax":null,"Value":2432},{"Length":38,"Height":63,"Demand":1,"DemandMax":null,"Value":2394},{"Length":25,"Height":95,"Demand":1,"DemandMax":null,"Value":2375},{"Length":70,"Height":33,"Demand":1,"DemandMax":null,"Value":2310},{"Length":47,"Height":48,"Demand":1,"DemandMax":null,"Value":2256},{"Length":82,"Height":28,"Demand":1,"DemandMax":null,"Value":2296},{"Length":63,"Height":36,"Demand":1,"DemandMax":null,"Value":2268},{"Length":65,"Height":35,"Demand":1,"DemandMax":null,"Value":2275},{"Length":34,"Height":65,"Demand":1,"DemandMax":null,"Value":2210},{"Length":36,"Height":61,"Demand":1,"DemandMax":null,"Value":2196},{"Length":37,"Height":56,"Demand":1,"DemandMax":null,"Value":2072},{"Length":35,"Height":57,"Demand":1,"DemandMax":null,"Value":1995},{"Length":34,"Height":58,"Demand":1,"DemandMax":null,"Value":1972},{"Length":36,"Height":54,"Demand":1,"DemandMax":null,"Value":1944},{"Length":38,"Height":50,"Demand":1,"DemandMax":null,"Value":1900},{"Length":43,"Height":44,"Demand":1,"DemandMax":null,"Value":1892},{"Length":72,"Height":26,"Demand":1,"DemandMax":null,"Value":1872},{"Length":23,"Height":81,"Demand":1,"DemandMax":null,"Value":1863},{"Length":44,"Height":42,"Demand":1,"DemandMax":null,"Value":1848},{"Length":41,"Height":45,"Demand":1,"DemandMax":null,"Value":1845},{"Length":47,"Height":39,"Demand":1,"DemandMax":null,"Value":1833},{"Length":66,"Height":28,"Demand":1,"DemandMax":null,"Value":1848},{"Length":44,"Height":41,"Demand":1,"DemandMax":null,"Value":1804},{"Length":49,"Height":37,"Demand":1,"DemandMax":null,"Value":1813},{"Length":50,"Height":36,"Demand":1,"DemandMax":null,"Value":1800},{"Length":29,"Height":61,"Demand":2,"DemandMax":null,"Value":1769},{"Length":38,"Height":47,"Demand":1,"DemandMax":null,"Value":1786},{"Length":52,"Height":34,"Demand":1,"DemandMax":null,"Value":1768},{"Length":56,"Height":32,"Demand":1,"DemandMax":null,"Value":1792},{"Length":28,"Height":61,"Demand":1,"DemandMax":null,"Value":1708},{"Length":31,"Height":56,"Demand":1,"DemandMax":null,"Value":1736},{"Length":38,"Height":46,"Demand":1,"DemandMax":null,"Value":1748},{"Length":42,"Height":41,"Demand":1,"DemandMax":null,"Value":1722},{"Length":44,"Height":38,"Demand":1,"DemandMax":null,"Value":1672},{"Length":50,"Height":34,"Demand":1,"DemandMax":null,"Value":1700},{"Length":27,"Height":62,"Demand":1,"DemandMax":null,"Value":1674},{"Length":35,"Height":48,"Demand":1,"DemandMax":null,"Value":1680},{"Length":59,"Height":28,"Demand":1,"DemandMax":null,"Value":1652},{"Length":38,"Height":44,"Demand":1,"DemandMax":null,"Value":1672},{"Length":41,"Height":40,"Demand":1,"DemandMax":null,"Value":1640},{"Length":50,"Height":33,"Demand":1,"DemandMax":null,"Value":1650},{"Length":34,"Height":48,"Demand":1,"DemandMax":null,"Value":1632},{"Length":37,"Height":44,"Demand":1,"DemandMax":null,"Value":1628},{"Length":44,"Height":36,"Demand":1,"DemandMax":null,"Value":1584},{"Length":50,"Height":32,"Demand":1,"DemandMax":null,"Value":1600},{"Length":41,"Height":39,"Demand":1,"DemandMax":null,"Value":1599},{"Length":36,"Height":44,"Demand":1,"DemandMax":null,"Value":1584},{"Length":64,"Height":25,"Demand":1,"DemandMax":null,"Value":1600},{"Length":55,"Height":29,"Demand":1,"DemandMax":null,"Value":1595},{"Length":28,"Height":57,"Demand":1,"DemandMax":null,"Value":1596},{"Length":25,"Height":62,"Demand":1,"DemandMax":null,"Value":1550},{"Length":33,"Height":48,"Demand":1,"DemandMax":null,"Value":1584},{"Length":49,"Height":32,"Demand":1,"DemandMax":null,"Value":1568},{"Length":56,"Height":28,"Demand":1,"DemandMax":null,"Value":1568},{"Length":40,"Height":39,"Demand":2,"DemandMax":null,"Value":1560},{"Length":71,"Height":22,"Demand":1,"DemandMax":null,"Value":1562},{"Length":23,"Height":69,"Demand":1,"DemandMax":null,"Value":1587},{"Length":69,"Height":23,"Demand":1,"DemandMax":null,"Value":1587},{"Length":28,"Height":55,"Demand":1,"DemandMax":null,"Value":1540},{"Length":32,"Height":48,"Demand":1,"DemandMax":null,"Value":1536},{"Length":58,"Height":26,"Demand":1,"DemandMax":null,"Value":1508},{"Length":27,"Height":56,"Demand":1,"DemandMax":null,"Value":1512},{"Length":47,"Height":32,"Demand":2,"DemandMax":null,"Value":1504},{"Length":61,"Height":25,"Demand":1,"DemandMax":null,"Value":1525},{"Length":26,"Height":57,"Demand":1,"DemandMax":null,"Value":1482},{"Length":38,"Height":39,"Demand":1,"DemandMax":null,"Value":1482},{"Length":36,"Height":41,"Demand":1,"DemandMax":null,"Value":1476},{"Length":48,"Height":30,"Demand":1,"DemandMax":null,"Value":1440},{"Length":42,"Height":35,"Demand":1,"DemandMax":null,"Value":1470},{"Length":27,"Height":54,"Demand":1,"DemandMax":null,"Value":1458},{"Length":53,"Height":27,"Demand":1,"DemandMax":null,"Value":1431},{"Length":64,"Height":23,"Demand":1,"DemandMax":null,"Value":1472},{"Length":36,"Height":40,"Demand":1,"DemandMax":null,"Value":1440},{"Length":28,"Height":51,"Demand":1,"DemandMax":null,"Value":1428},{"Length":24,"Height":61,"Demand":1,"DemandMax":null,"Value":1464},{"Length":46,"Height":31,"Demand":2,"DemandMax":null,"Value":1426},{"Length":27,"Height":53,"Demand":1,"DemandMax":null,"Value":1431},{"Length":49,"Height":29,"Demand":1,"DemandMax":null,"Value":1421},{"Length":35,"Height":41,"Demand":1,"DemandMax":null,"Value":1435},{"Length":38,"Height":37,"Demand":1,"DemandMax":null,"Value":1406},{"Length":26,"Height":53,"Demand":1,"DemandMax":null,"Value":1378},{"Length":47,"Height":30,"Demand":1,"DemandMax":null,"Value":1410},{"Length":61,"Height":23,"Demand":1,"DemandMax":null,"Value":1403},{"Length":32,"Height":44,"Demand":1,"DemandMax":null,"Value":1408},{"Length":34,"Height":40,"Demand":1,"DemandMax":null,"Value":1360},{"Length":55,"Height":25,"Demand":1,"DemandMax":null,"Value":1375},{"Length":38,"Height":35,"Demand":3,"DemandMax":null,"Value":1330},{"Length":64,"Height":21,"Demand":1,"DemandMax":null,"Value":1344},{"Length":28,"Height":48,"Demand":1,"DemandMax":null,"Value":1344},{"Length":19,"Height":71,"Demand":1,"DemandMax":null,"Value":1349},{"Length":22,"Height":61,"Demand":1,"DemandMax":null,"Value":1342},{"Length":27,"Height":50,"Demand":1,"DemandMax":null,"Value":1350},{"Length":41,"Height":33,"Demand":1,"DemandMax":null,"Value":1353},{"Length":24,"Height":56,"Demand":1,"DemandMax":null,"Value":1344},{"Length":48,"Height":27,"Demand":1,"DemandMax":null,"Value":1296},{"Length":26,"Height":50,"Demand":1,"DemandMax":null,"Value":1300},{"Length":28,"Height":46,"Demand":1,"DemandMax":null,"Value":1288},{"Length":49,"Height":27,"Demand":1,"DemandMax":null,"Value":1323},{"Length":42,"Height":31,"Demand":1,"DemandMax":null,"Value":1302},{"Length":46,"Height":29,"Demand":1,"DemandMax":null,"Value":1334},{"Length":24,"Height":55,"Demand":1,"DemandMax":null,"Value":1320},{"Length":63,"Height":21,"Demand":1,"DemandMax":null,"Value":1323},{"Length":43,"Height":30,"Demand":1,"DemandMax":null,"Value":1290},{"Length":33,"Height":40,"Demand":1,"DemandMax":null,"Value":1320},{"Length":18,"Height":71,"Demand":1,"DemandMax":null,"Value":1278},{"Length":31,"Height":42,"Demand":1,"DemandMax":null,"Value":1302},{"Length":69,"Height":19,"Demand":1,"DemandMax":null,"Value":1311},{"Length":56,"Height":23,"Demand":1,"DemandMax":null,"Value":1288},{"Length":32,"Height":41,"Demand":1,"DemandMax":null,"Value":1312},{"Length":25,"Height":52,"Demand":1,"DemandMax":null,"Value":1300},{"Length":22,"Height":59,"Demand":1,"DemandMax":null,"Value":1298},{"Length":33,"Height":39,"Demand":2,"DemandMax":null,"Value":1287},{"Length":34,"Height":37,"Demand":1,"DemandMax":null,"Value":1258},{"Length":36,"Height":35,"Demand":1,"DemandMax":null,"Value":1260},{"Length":29,"Height":44,"Demand":1,"DemandMax":null,"Value":1276},{"Length":35,"Height":37,"Demand":1,"DemandMax":null,"Value":1295},{"Length":26,"Height":49,"Demand":1,"DemandMax":null,"Value":1274},{"Length":25,"Height":51,"Demand":1,"DemandMax":null,"Value":1275},{"Length":69,"Height":18,"Demand":1,"DemandMax":null,"Value":1242},{"Length":47,"Height":27,"Demand":1,"DemandMax":null,"Value":1269},{"Length":32,"Height":39,"Demand":1,"DemandMax":null,"Value":1248},{"Length":26,"Height":48,"Demand":1,"DemandMax":null,"Value":1248},{"Length":26,"Height":47,"Demand":1,"DemandMax":null,"Value":1222},{"Length":66,"Height":19,"Demand":1,"DemandMax":null,"Value":1254},{"Length":22,"Height":57,"Demand":1,"DemandMax":null,"Value":1254},{"Length":27,"Height":46,"Demand":1,"DemandMax":null,"Value":1242},{"Length":37,"Height":34,"Demand":2,"DemandMax":null,"Value":1258},{"Length":60,"Height":21,"Demand":1,"DemandMax":null,"Value":1260},{"Length":42,"Height":29,"Demand":1,"DemandMax":null,"Value":1218},{"Length":63,"Height":20,"Demand":1,"DemandMax":null,"Value":1260},{"Length":25,"Height":48,"Demand":1,"DemandMax":null,"Value":1200},{"Length":25,"Height":50,"Demand":1,"DemandMax":null,"Value":1250},{"Length":63,"Height":19,"Demand":1,"DemandMax":null,"Value":1197},{"Length":59,"Height":20,"Demand":1,"DemandMax":null,"Value":1180},{"Length":70,"Height":17,"Demand":1,"DemandMax":null,"Value":1190},{"Length":28,"Height":44,"Demand":1,"DemandMax":null,"Value":1232},{"Length":19,"Height":64,"Demand":1,"DemandMax":null,"Value":1216},{"Length":29,"Height":42,"Demand":1,"DemandMax":null,"Value":1218},{"Length":20,"Height":61,"Demand":1,"DemandMax":null,"Value":1220},{"Length":39,"Height":31,"Demand":1,"DemandMax":null,"Value":1209},{"Length":29,"Height":41,"Demand":2,"DemandMax":null,"Value":1189},{"Length":54,"Height":22,"Demand":1,"DemandMax":null,"Value":1188},{"Length":21,"Height":59,"Demand":1,"DemandMax":null,"Value":1239},{"Length":64,"Height":19,"Demand":1,"DemandMax":null,"Value":1216},{"Length":51,"Height":24,"Demand":1,"DemandMax":null,"Value":1224},{"Length":37,"Height":32,"Demand":1,"DemandMax":null,"Value":1184},{"Length":42,"Height":28,"Demand":2,"DemandMax":null,"Value":1176},{"Length":32,"Height":37,"Demand":1,"DemandMax":null,"Value":1184},{"Length":66,"Height":18,"Demand":1,"DemandMax":null,"Value":1188},{"Length":41,"Height":29,"Demand":1,"DemandMax":null,"Value":1189},{"Length":43,"Height":28,"Demand":1,"DemandMax":null,"Value":1204},{"Length":52,"Height":23,"Demand":1,"DemandMax":null,"Value":1196},{"Length":27,"Height":43,"Demand":2,"DemandMax":null,"Value":1161},{"Length":21,"Height":57,"Demand":1,"DemandMax":null,"Value":1197},{"Length":34,"Height":34,"Demand":3,"DemandMax":null,"Value":1156},{"Length":26,"Height":45,"Demand":2,"DemandMax":null,"Value":1170},{"Length":47,"Height":25,"Demand":2,"DemandMax":null,"Value":1175},{"Length":41,"Height":28,"Demand":1,"DemandMax":null,"Value":1148},{"Length":68,"Height":17,"Demand":2,"DemandMax":null,"Value":1156},{"Length":65,"Height":18,"Demand":1,"DemandMax":null,"Value":1170},{"Length":18,"Height":64,"Demand":2,"DemandMax":null,"Value":1152},{"Length":22,"Height":53,"Demand":1,"DemandMax":null,"Value":1166},{"Length":36,"Height":32,"Demand":1,"DemandMax":null,"Value":1152},{"Length":30,"Height":39,"Demand":1,"DemandMax":null,"Value":1170},{"Length":28,"Height":41,"Demand":4,"DemandMax":null,"Value":1148},{"Length":29,"Height":40,"Demand":1,"DemandMax":null,"Value":1160},{"Length":35,"Height":33,"Demand":3,"DemandMax":null,"Value":1155},{"Length":42,"Height":27,"Demand":2,"DemandMax":null,"Value":1134},{"Length":19,"Height":59,"Demand":3,"DemandMax":null,"Value":1121},{"Length":37,"Height":31,"Demand":2,"DemandMax":null,"Value":1147},{"Length":20,"Height":59,"Demand":1,"DemandMax":null,"Value":1180},{"Length":26,"Height":44,"Demand":1,"DemandMax":null,"Value":1144},{"Length":18,"Height":65,"Demand":1,"DemandMax":null,"Value":1170},{"Length":24,"Height":48,"Demand":2,"DemandMax":null,"Value":1152},{"Length":57,"Height":20,"Demand":1,"DemandMax":null,"Value":1140},{"Length":63,"Height":18,"Demand":1,"DemandMax":null,"Value":1134},{"Length":24,"Height":47,"Demand":2,"DemandMax":null,"Value":1128},{"Length":62,"Height":19,"Demand":1,"DemandMax":null,"Value":1178},{"Length":33,"Height":34,"Demand":4,"DemandMax":null,"Value":1122},{"Length":36,"Height":31,"Demand":3,"DemandMax":null,"Value":1116},{"Length":39,"Height":29,"Demand":2,"DemandMax":null,"Value":1131},{"Length":21,"Height":56,"Demand":1,"DemandMax":null,"Value":1176},{"Length":40,"Height":29,"Demand":1,"DemandMax":null,"Value":1160},{"Length":38,"Height":30,"Demand":1,"DemandMax":null,"Value":1140},{"Length":44,"Height":26,"Demand":1,"DemandMax":null,"Value":1144},{"Length":31,"Height":37,"Demand":1,"DemandMax":null,"Value":1147},{"Length":29,"Height":39,"Demand":1,"DemandMax":null,"Value":1131},{"Length":43,"Height":26,"Demand":2,"DemandMax":null,"Value":1118},{"Length":66,"Height":17,"Demand":1,"DemandMax":null,"Value":1122},{"Length":27,"Height":42,"Demand":1,"DemandMax":null,"Value":1134},{"Length":65,"Height":17,"Demand":3,"DemandMax":null,"Value":1105},{"Length":54,"Height":21,"Demand":1,"DemandMax":null,"Value":1134},{"Length":58,"Height":19,"Demand":1,"DemandMax":null,"Value":1102},{"Length":17,"Height":65,"Demand":1,"DemandMax":null,"Value":1105},{"Length":33,"Height":33,"Demand":2,"DemandMax":null,"Value":1089},{"Length":17,"Height":64,"Demand":2,"DemandMax":null,"Value":1088},{"Length":32,"Height":35,"Demand":1,"DemandMax":null,"Value":1120},{"Length":62,"Height":18,"Demand":2,"DemandMax":null,"Value":1116},{"Length":26,"Height":42,"Demand":2,"DemandMax":null,"Value":1092},{"Length":27,"Height":41,"Demand":1,"DemandMax":null,"Value":1107},{"Length":31,"Height":35,"Demand":3,"DemandMax":null,"Value":1085},{"Length":19,"Height":57,"Demand":1,"DemandMax":null,"Value":1083},{"Length":43,"Height":25,"Demand":1,"DemandMax":null,"Value":1075},{"Length":35,"Height":31,"Demand":3,"DemandMax":null,"Value":1085},{"Length":18,"Height":61,"Demand":1,"DemandMax":null,"Value":1098},{"Length":30,"Height":37,"Demand":1,"DemandMax":null,"Value":1110},{"Length":22,"Height":50,"Demand":1,"DemandMax":null,"Value":1100},{"Length":40,"Height":27,"Demand":2,"DemandMax":null,"Value":1080},{"Length":54,"Height":20,"Demand":1,"DemandMax":null,"Value":1080},{"Length":37,"Height":29,"Demand":1,"DemandMax":null,"Value":1073},{"Length":36,"Height":30,"Demand":2,"DemandMax":null,"Value":1080},{"Length":45,"Height":24,"Demand":3,"DemandMax":null,"Value":1080},{"Length":42,"Height":26,"Demand":1,"DemandMax":null,"Value":1092},{"Length":20,"Height":54,"Demand":1,"DemandMax":null,"Value":1080},{"Length":63,"Height":17,"Demand":3,"DemandMax":null,"Value":1071},{"Length":19,"Height":56,"Demand":1,"DemandMax":null,"Value":1064},{"Length":32,"Height":34,"Demand":1,"DemandMax":null,"Value":1088},{"Length":26,"Height":41,"Demand":2,"DemandMax":null,"Value":1066},{"Length":22,"Height":49,"Demand":1,"DemandMax":null,"Value":1078},{"Length":37,"Height":30,"Demand":1,"DemandMax":null,"Value":1110},{"Length":29,"Height":37,"Demand":1,"DemandMax":null,"Value":1073},{"Length":31,"Height":34,"Demand":1,"DemandMax":null,"Value":1054},{"Length":46,"Height":23,"Demand":2,"DemandMax":null,"Value":1058},{"Length":28,"Height":39,"Demand":1,"DemandMax":null,"Value":1092},{"Length":41,"Height":26,"Demand":1,"DemandMax":null,"Value":1066},{"Length":29,"Height":36,"Demand":2,"DemandMax":null,"Value":1044},{"Length":23,"Height":46,"Demand":1,"DemandMax":null,"Value":1058},{"Length":38,"Height":29,"Demand":1,"DemandMax":null,"Value":1102},{"Length":48,"Height":22,"Demand":2,"DemandMax":null,"Value":1056},{"Length":18,"Height":59,"Demand":1,"DemandMax":null,"Value":1062},{"Length":50,"Height":21,"Demand":1,"DemandMax":null,"Value":1050},{"Length":27,"Height":39,"Demand":1,"DemandMax":null,"Value":1053},{"Length":57,"Height":19,"Demand":1,"DemandMax":null,"Value":1083},{"Length":34,"Height":31,"Demand":1,"DemandMax":null,"Value":1054},{"Length":18,"Height":60,"Demand":2,"DemandMax":null,"Value":1080},{"Length":35,"Height":30,"Demand":2,"DemandMax":null,"Value":1050},{"Length":60,"Height":18,"Demand":1,"DemandMax":null,"Value":1080},{"Length":32,"Height":33,"Demand":2,"DemandMax":null,"Value":1056},{"Length":26,"Height":40,"Demand":1,"DemandMax":null,"Value":1040},{"Length":55,"Height":19,"Demand":1,"DemandMax":null,"Value":1045},{"Length":22,"Height":48,"Demand":1,"DemandMax":null,"Value":1056},{"Length":16,"Height":64,"Demand":2,"DemandMax":null,"Value":1024},{"Length":21,"Height":50,"Demand":1,"DemandMax":null,"Value":1050},{"Length":44,"Height":24,"Demand":1,"DemandMax":null,"Value":1056},{"Length":31,"Height":33,"Demand":4,"DemandMax":null,"Value":1023},{"Length":17,"Height":61,"Demand":1,"DemandMax":null,"Value":1037},{"Length":25,"Height":43,"Demand":1,"DemandMax":null,"Value":1075},{"Length":41,"Height":25,"Demand":3,"DemandMax":null,"Value":1025},{"Length":19,"Height":54,"Demand":1,"DemandMax":null,"Value":1026},{"Length":47,"Height":22,"Demand":1,"DemandMax":null,"Value":1034},{"Length":23,"Height":45,"Demand":2,"DemandMax":null,"Value":1035},{"Length":27,"Height":38,"Demand":2,"DemandMax":null,"Value":1026},{"Length":44,"Height":23,"Demand":1,"DemandMax":null,"Value":1012},{"Length":22,"Height":47,"Demand":1,"DemandMax":null,"Value":1034},{"Length":36,"Height":29,"Demand":1,"DemandMax":null,"Value":1044},{"Length":28,"Height":37,"Demand":2,"DemandMax":null,"Value":1036},{"Length":63,"Height":16,"Demand":4,"DemandMax":null,"Value":1008},{"Length":24,"Height":44,"Demand":1,"DemandMax":null,"Value":1056},{"Length":34,"Height":30,"Demand":3,"DemandMax":null,"Value":1020},{"Length":35,"Height":29,"Demand":3,"DemandMax":null,"Value":1015},{"Length":32,"Height":32,"Demand":2,"DemandMax":null,"Value":1024},{"Length":45,"Height":23,"Demand":1,"DemandMax":null,"Value":1035},{"Length":61,"Height":17,"Demand":1,"DemandMax":null,"Value":1037},{"Length":38,"Height":27,"Demand":1,"DemandMax":null,"Value":1026},{"Length":17,"Height":60,"Demand":1,"DemandMax":null,"Value":1020},{"Length":26,"Height":39,"Demand":2,"DemandMax":null,"Value":1014},{"Length":20,"Height":51,"Demand":1,"DemandMax":null,"Value":1020},{"Length":39,"Height":26,"Demand":2,"DemandMax":null,"Value":1014},{"Length":49,"Height":21,"Demand":1,"DemandMax":null,"Value":1029},{"Length":46,"Height":22,"Demand":1,"DemandMax":null,"Value":1012},{"Length":33,"Height":31,"Demand":3,"DemandMax":null,"Value":1023},{"Length":30,"Height":34,"Demand":1,"DemandMax":null,"Value":1020},{"Length":24,"Height":42,"Demand":1,"DemandMax":null,"Value":1008},{"Length":53,"Height":19,"Demand":2,"DemandMax":null,"Value":1007},{"Length":30,"Height":33,"Demand":3,"DemandMax":null,"Value":990},{"Length":22,"Height":45,"Demand":1,"DemandMax":null,"Value":990},{"Length":27,"Height":37,"Demand":1,"DemandMax":null,"Value":999},{"Length":25,"Height":40,"Demand":2,"DemandMax":null,"Value":1000},{"Length":32,"Height":31,"Demand":4,"DemandMax":null,"Value":992},{"Length":31,"Height":32,"Demand":1,"DemandMax":null,"Value":992},{"Length":29,"Height":35,"Demand":1,"DemandMax":null,"Value":1015},{"Length":25,"Height":41,"Demand":1,"DemandMax":null,"Value":1025},{"Length":35,"Height":28,"Demand":4,"DemandMax":null,"Value":980},{"Length":37,"Height":27,"Demand":2,"DemandMax":null,"Value":999},{"Length":19,"Height":53,"Demand":1,"DemandMax":null,"Value":1007},{"Length":47,"Height":21,"Demand":1,"DemandMax":null,"Value":987},{"Length":23,"Height":43,"Demand":1,"DemandMax":null,"Value":989},{"Length":52,"Height":19,"Demand":1,"DemandMax":null,"Value":988},{"Length":57,"Height":18,"Demand":1,"DemandMax":null,"Value":1026},{"Length":57,"Height":17,"Demand":1,"DemandMax":null,"Value":969},{"Length":42,"Height":24,"Demand":1,"DemandMax":null,"Value":1008},{"Length":36,"Height":28,"Demand":1,"DemandMax":null,"Value":1008},{"Length":61,"Height":16,"Demand":2,"DemandMax":null,"Value":976},{"Length":17,"Height":58,"Demand":1,"DemandMax":null,"Value":986},{"Length":20,"Height":49,"Demand":4,"DemandMax":null,"Value":980},{"Length":41,"Height":24,"Demand":1,"DemandMax":null,"Value":984},{"Length":29,"Height":34,"Demand":1,"DemandMax":null,"Value":986},{"Length":62,"Height":16,"Demand":1,"DemandMax":null,"Value":992},{"Length":56,"Height":18,"Demand":1,"DemandMax":null,"Value":1008},{"Length":28,"Height":36,"Demand":1,"DemandMax":null,"Value":1008},{"Length":18,"Height":55,"Demand":1,"DemandMax":null,"Value":990},{"Length":33,"Height":30,"Demand":2,"DemandMax":null,"Value":990},{"Length":31,"Height":31,"Demand":5,"DemandMax":null,"Value":961},{"Length":30,"Height":32,"Demand":2,"DemandMax":null,"Value":960},{"Length":21,"Height":48,"Demand":1,"DemandMax":null,"Value":1008},{"Length":36,"Height":27,"Demand":1,"DemandMax":null,"Value":972},{"Length":20,"Height":50,"Demand":1,"DemandMax":null,"Value":1000},{"Length":38,"Height":25,"Demand":1,"DemandMax":null,"Value":950},{"Length":28,"Height":35,"Demand":1,"DemandMax":null,"Value":980},{"Length":17,"Height":56,"Demand":3,"DemandMax":null,"Value":952},{"Length":42,"Height":23,"Demand":1,"DemandMax":null,"Value":966},{"Length":27,"Height":36,"Demand":1,"DemandMax":null,"Value":972},{"Length":34,"Height":29,"Demand":2,"DemandMax":null,"Value":986},{"Length":22,"Height":44,"Demand":1,"DemandMax":null,"Value":968},{"Length":38,"Height":26,"Demand":1,"DemandMax":null,"Value":988},{"Length":33,"Height":29,"Demand":1,"DemandMax":null,"Value":957},{"Length":58,"Height":17,"Demand":1,"DemandMax":null,"Value":986},{"Length":20,"Height":48,"Demand":1,"DemandMax":null,"Value":960},{"Length":45,"Height":21,"Demand":1,"DemandMax":null,"Value":945},{"Length":24,"Height":41,"Demand":1,"DemandMax":null,"Value":984},{"Length":17,"Height":57,"Demand":1,"DemandMax":null,"Value":969},{"Length":25,"Height":39,"Demand":1,"DemandMax":null,"Value":975},{"Length":18,"Height":52,"Demand":1,"DemandMax":null,"Value":936},{"Length":24,"Height":40,"Demand":1,"DemandMax":null,"Value":960},{"Length":53,"Height":18,"Demand":1,"DemandMax":null,"Value":954},{"Length":16,"Height":59,"Demand":1,"DemandMax":null,"Value":944},{"Length":21,"Height":44,"Demand":4,"DemandMax":null,"Value":924},{"Length":28,"Height":34,"Demand":1,"DemandMax":null,"Value":952},{"Length":25,"Height":38,"Demand":1,"DemandMax":null,"Value":950},{"Length":21,"Height":45,"Demand":1,"DemandMax":null,"Value":945},{"Length":61,"Height":15,"Demand":1,"DemandMax":null,"Value":915},{"Length":24,"Height":39,"Demand":1,"DemandMax":null,"Value":936},{"Length":48,"Height":20,"Demand":1,"DemandMax":null,"Value":960},{"Length":40,"Height":23,"Demand":1,"DemandMax":null,"Value":920},{"Length":27,"Height":35,"Demand":2,"DemandMax":null,"Value":945},{"Length":19,"Height":48,"Demand":1,"DemandMax":null,"Value":912},{"Length":54,"Height":17,"Demand":1,"DemandMax":null,"Value":918},{"Length":31,"Height":30,"Demand":2,"DemandMax":null,"Value":930},{"Length":19,"Height":49,"Demand":1,"DemandMax":null,"Value":931},{"Length":29,"Height":31,"Demand":2,"DemandMax":null,"Value":899},{"Length":26,"Height":35,"Demand":2,"DemandMax":null,"Value":910},{"Length":39,"Height":24,"Demand":1,"DemandMax":null,"Value":936},{"Length":23,"Height":41,"Demand":1,"DemandMax":null,"Value":943},{"Length":33,"Height":28,"Demand":1,"DemandMax":null,"Value":924},{"Length":32,"Height":28,"Demand":2,"DemandMax":null,"Value":896},{"Length":46,"Height":20,"Demand":1,"DemandMax":null,"Value":920},{"Length":18,"Height":51,"Demand":1,"DemandMax":null,"Value":918},{"Length":35,"Height":26,"Demand":1,"DemandMax":null,"Value":910},{"Length":28,"Height":32,"Demand":3,"DemandMax":null,"Value":896},{"Length":17,"Height":53,"Demand":2,"DemandMax":null,"Value":901},{"Length":24,"Height":38,"Demand":1,"DemandMax":null,"Value":912},{"Length":30,"Height":31,"Demand":1,"DemandMax":null,"Value":930},{"Length":32,"Height":29,"Demand":2,"DemandMax":null,"Value":928},{"Length":44,"Height":21,"Demand":1,"DemandMax":null,"Value":924},{"Length":27,"Height":33,"Demand":4,"DemandMax":null,"Value":891},{"Length":36,"Height":25,"Demand":3,"DemandMax":null,"Value":900},{"Length":39,"Height":23,"Demand":2,"DemandMax":null,"Value":897},{"Length":34,"Height":26,"Demand":2,"DemandMax":null,"Value":884},{"Length":16,"Height":57,"Demand":2,"DemandMax":null,"Value":912},{"Length":20,"Height":45,"Demand":1,"DemandMax":null,"Value":900},{"Length":52,"Height":17,"Demand":3,"DemandMax":null,"Value":884},{"Length":37,"Height":24,"Demand":1,"DemandMax":null,"Value":888},{"Length":42,"Height":21,"Demand":1,"DemandMax":null,"Value":882},{"Length":23,"Height":39,"Demand":1,"DemandMax":null,"Value":897},{"Length":18,"Height":49,"Demand":1,"DemandMax":null,"Value":882},{"Length":15,"Height":59,"Demand":1,"DemandMax":null,"Value":885},{"Length":54,"Height":16,"Demand":1,"DemandMax":null,"Value":864},{"Length":38,"Height":23,"Demand":2,"DemandMax":null,"Value":874},{"Length":16,"Height":56,"Demand":1,"DemandMax":null,"Value":896},{"Length":45,"Height":20,"Demand":1,"DemandMax":null,"Value":900},{"Length":20,"Height":44,"Demand":1,"DemandMax":null,"Value":880},{"Length":31,"Height":29,"Demand":2,"DemandMax":null,"Value":899},{"Length":22,"Height":41,"Demand":1,"DemandMax":null,"Value":902},{"Length":26,"Height":34,"Demand":1,"DemandMax":null,"Value":884},{"Length":57,"Height":15,"Demand":3,"DemandMax":null,"Value":855},{"Length":32,"Height":27,"Demand":2,"DemandMax":null,"Value":864},{"Length":50,"Height":18,"Demand":1,"DemandMax":null,"Value":900},{"Length":26,"Height":33,"Demand":1,"DemandMax":null,"Value":858},{"Length":36,"Height":24,"Demand":3,"DemandMax":null,"Value":864},{"Length":24,"Height":35,"Demand":1,"DemandMax":null,"Value":840},{"Length":19,"Height":45,"Demand":1,"DemandMax":null,"Value":855},{"Length":40,"Height":22,"Demand":1,"DemandMax":null,"Value":880},{"Length":27,"Height":32,"Demand":3,"DemandMax":null,"Value":864},{"Length":35,"Height":25,"Demand":2,"DemandMax":null,"Value":875},{"Length":15,"Height":58,"Demand":1,"DemandMax":null,"Value":870},{"Length":33,"Height":26,"Demand":2,"DemandMax":null,"Value":858},{"Length":24,"Height":36,"Demand":2,"DemandMax":null,"Value":864},{"Length":17,"Height":52,"Demand":1,"DemandMax":null,"Value":884},{"Length":44,"Height":20,"Demand":1,"DemandMax":null,"Value":880},{"Length":19,"Height":46,"Demand":1,"DemandMax":null,"Value":874},{"Length":22,"Height":40,"Demand":1,"DemandMax":null,"Value":880},{"Length":58,"Height":15,"Demand":2,"DemandMax":null,"Value":870},{"Length":20,"Height":43,"Demand":2,"DemandMax":null,"Value":860},{"Length":53,"Height":16,"Demand":1,"DemandMax":null,"Value":848},{"Length":38,"Height":22,"Demand":1,"DemandMax":null,"Value":836},{"Length":34,"Height":25,"Demand":1,"DemandMax":null,"Value":850},{"Length":55,"Height":16,"Demand":1,"DemandMax":null,"Value":880},{"Length":17,"Height":50,"Demand":1,"DemandMax":null,"Value":850},{"Length":41,"Height":21,"Demand":1,"DemandMax":null,"Value":861},{"Length":18,"Height":48,"Demand":1,"DemandMax":null,"Value":864},{"Length":32,"Height":26,"Demand":2,"DemandMax":null,"Value":832},{"Length":36,"Height":23,"Demand":1,"DemandMax":null,"Value":828},{"Length":26,"Height":32,"Demand":1,"DemandMax":null,"Value":832},{"Length":27,"Height":31,"Demand":1,"DemandMax":null,"Value":837},{"Length":25,"Height":33,"Demand":2,"DemandMax":null,"Value":825},{"Length":19,"Height":44,"Demand":1,"DemandMax":null,"Value":836},{"Length":52,"Height":16,"Demand":1,"DemandMax":null,"Value":832},{"Length":54,"Height":15,"Demand":3,"DemandMax":null,"Value":810},{"Length":31,"Height":27,"Demand":1,"DemandMax":null,"Value":837},{"Length":17,"Height":51,"Demand":1,"DemandMax":null,"Value":867},{"Length":43,"Height":20,"Demand":1,"DemandMax":null,"Value":860},{"Length":34,"Height":24,"Demand":2,"DemandMax":null,"Value":816},{"Length":16,"Height":52,"Demand":1,"DemandMax":null,"Value":832},{"Length":15,"Height":56,"Demand":1,"DemandMax":null,"Value":840},{"Length":46,"Height":18,"Demand":3,"DemandMax":null,"Value":828},{"Length":41,"Height":20,"Demand":1,"DemandMax":null,"Value":820},{"Length":45,"Height":18,"Demand":1,"DemandMax":null,"Value":810},{"Length":16,"Height":51,"Demand":1,"DemandMax":null,"Value":816},{"Length":23,"Height":36,"Demand":1,"DemandMax":null,"Value":828},{"Length":21,"Height":38,"Demand":1,"DemandMax":null,"Value":798},{"Length":22,"Height":37,"Demand":1,"DemandMax":null,"Value":814},{"Length":17,"Height":48,"Demand":1,"DemandMax":null,"Value":816},{"Length":31,"Height":26,"Demand":2,"DemandMax":null,"Value":806},{"Length":51,"Height":16,"Demand":1,"DemandMax":null,"Value":816},{"Length":57,"Height":14,"Demand":1,"DemandMax":null,"Value":798},{"Length":27,"Height":30,"Demand":2,"DemandMax":null,"Value":810},{"Length":28,"Height":29,"Demand":4,"DemandMax":null,"Value":812},{"Length":55,"Height":15,"Demand":1,"DemandMax":null,"Value":825},{"Length":56,"Height":15,"Demand":2,"DemandMax":null,"Value":840},{"Length":30,"Height":27,"Demand":2,"DemandMax":null,"Value":810},{"Length":29,"Height":28,"Demand":1,"DemandMax":null,"Value":812},{"Length":36,"Height":22,"Demand":2,"DemandMax":null,"Value":792},{"Length":25,"Height":32,"Demand":1,"DemandMax":null,"Value":800},{"Length":38,"Height":21,"Demand":2,"DemandMax":null,"Value":798},{"Length":35,"Height":23,"Demand":2,"DemandMax":null,"Value":805},{"Length":20,"Height":39,"Demand":4,"DemandMax":null,"Value":780},{"Length":26,"Height":31,"Demand":1,"DemandMax":null,"Value":806},{"Length":49,"Height":16,"Demand":1,"DemandMax":null,"Value":784},{"Length":33,"Height":25,"Demand":1,"DemandMax":null,"Value":825},{"Length":23,"Height":35,"Demand":2,"DemandMax":null,"Value":805},{"Length":37,"Height":22,"Demand":1,"DemandMax":null,"Value":814},{"Length":20,"Height":40,"Demand":1,"DemandMax":null,"Value":800},{"Length":19,"Height":43,"Demand":1,"DemandMax":null,"Value":817},{"Length":27,"Height":29,"Demand":4,"DemandMax":null,"Value":783},{"Length":26,"Height":30,"Demand":2,"DemandMax":null,"Value":780},{"Length":18,"Height":43,"Demand":2,"DemandMax":null,"Value":774},{"Length":53,"Height":15,"Demand":3,"DemandMax":null,"Value":795},{"Length":34,"Height":23,"Demand":1,"DemandMax":null,"Value":782},{"Length":28,"Height":28,"Demand":2,"DemandMax":null,"Value":784},{"Length":55,"Height":14,"Demand":3,"DemandMax":null,"Value":770},{"Length":44,"Height":18,"Demand":1,"DemandMax":null,"Value":792},{"Length":40,"Height":20,"Demand":1,"DemandMax":null,"Value":800},{"Length":35,"Height":22,"Demand":2,"DemandMax":null,"Value":770},{"Length":14,"Height":56,"Demand":2,"DemandMax":null,"Value":784},{"Length":24,"Height":32,"Demand":3,"DemandMax":null,"Value":768},{"Length":16,"Height":50,"Demand":1,"DemandMax":null,"Value":800},{"Length":22,"Height":35,"Demand":3,"DemandMax":null,"Value":770},{"Length":39,"Height":20,"Demand":3,"DemandMax":null,"Value":780},{"Length":32,"Height":25,"Demand":2,"DemandMax":null,"Value":800},{"Length":21,"Height":37,"Demand":1,"DemandMax":null,"Value":777},{"Length":23,"Height":33,"Demand":2,"DemandMax":null,"Value":759},{"Length":31,"Height":25,"Demand":1,"DemandMax":null,"Value":775},{"Length":56,"Height":14,"Demand":1,"DemandMax":null,"Value":784},{"Length":51,"Height":15,"Demand":1,"DemandMax":null,"Value":765},{"Length":52,"Height":15,"Demand":1,"DemandMax":null,"Value":780},{"Length":17,"Height":44,"Demand":2,"DemandMax":null,"Value":748},{"Length":22,"Height":36,"Demand":1,"DemandMax":null,"Value":792},{"Length":54,"Height":14,"Demand":3,"DemandMax":null,"Value":756},{"Length":19,"Height":39,"Demand":2,"DemandMax":null,"Value":741},{"Length":22,"Height":34,"Demand":5,"DemandMax":null,"Value":748},{"Length":36,"Height":21,"Demand":3,"DemandMax":null,"Value":756},{"Length":20,"Height":38,"Demand":1,"DemandMax":null,"Value":760},{"Length":29,"Height":26,"Demand":1,"DemandMax":null,"Value":754},{"Length":42,"Height":18,"Demand":2,"DemandMax":null,"Value":756},{"Length":15,"Height":51,"Demand":1,"DemandMax":null,"Value":765},{"Length":38,"Height":20,"Demand":2,"DemandMax":null,"Value":760},{"Length":53,"Height":14,"Demand":3,"DemandMax":null,"Value":742},{"Length":41,"Height":19,"Demand":1,"DemandMax":null,"Value":779},{"Length":26,"Height":29,"Demand":3,"DemandMax":null,"Value":754},{"Length":34,"Height":22,"Demand":2,"DemandMax":null,"Value":748},{"Length":18,"Height":42,"Demand":1,"DemandMax":null,"Value":756},{"Length":32,"Height":24,"Demand":1,"DemandMax":null,"Value":768},{"Length":46,"Height":16,"Demand":2,"DemandMax":null,"Value":736},{"Length":31,"Height":24,"Demand":1,"DemandMax":null,"Value":744},{"Length":39,"Height":19,"Demand":2,"DemandMax":null,"Value":741},{"Length":19,"Height":40,"Demand":1,"DemandMax":null,"Value":760},{"Length":32,"Height":23,"Demand":3,"DemandMax":null,"Value":736},{"Length":22,"Height":33,"Demand":2,"DemandMax":null,"Value":726},{"Length":35,"Height":21,"Demand":3,"DemandMax":null,"Value":735},{"Length":43,"Height":17,"Demand":1,"DemandMax":null,"Value":731},{"Length":16,"Height":45,"Demand":2,"DemandMax":null,"Value":720},{"Length":40,"Height":19,"Demand":1,"DemandMax":null,"Value":760},{"Length":44,"Height":17,"Demand":1,"DemandMax":null,"Value":748},{"Length":33,"Height":23,"Demand":1,"DemandMax":null,"Value":759},{"Length":16,"Height":46,"Demand":2,"DemandMax":null,"Value":736},{"Length":21,"Height":36,"Demand":2,"DemandMax":null,"Value":756},{"Length":18,"Height":41,"Demand":1,"DemandMax":null,"Value":738},{"Length":20,"Height":37,"Demand":1,"DemandMax":null,"Value":740},{"Length":28,"Height":26,"Demand":6,"DemandMax":null,"Value":728},{"Length":27,"Height":27,"Demand":2,"DemandMax":null,"Value":729},{"Length":42,"Height":17,"Demand":1,"DemandMax":null,"Value":714},{"Length":48,"Height":15,"Demand":2,"DemandMax":null,"Value":720},{"Length":15,"Height":48,"Demand":2,"DemandMax":null,"Value":720},{"Length":23,"Height":31,"Demand":3,"DemandMax":null,"Value":713},{"Length":17,"Height":43,"Demand":2,"DemandMax":null,"Value":731},{"Length":36,"Height":20,"Demand":2,"DemandMax":null,"Value":720},{"Length":31,"Height":23,"Demand":4,"DemandMax":null,"Value":713},{"Length":14,"Height":53,"Demand":2,"DemandMax":null,"Value":742},{"Length":21,"Height":35,"Demand":2,"DemandMax":null,"Value":735},{"Length":26,"Height":28,"Demand":3,"DemandMax":null,"Value":728},{"Length":25,"Height":29,"Demand":1,"DemandMax":null,"Value":725},{"Length":24,"Height":31,"Demand":1,"DemandMax":null,"Value":744},{"Length":14,"Height":50,"Demand":3,"DemandMax":null,"Value":700},{"Length":52,"Height":14,"Demand":2,"DemandMax":null,"Value":728},{"Length":24,"Height":30,"Demand":1,"DemandMax":null,"Value":720},{"Length":33,"Height":22,"Demand":2,"DemandMax":null,"Value":726},{"Length":47,"Height":15,"Demand":3,"DemandMax":null,"Value":705},{"Length":38,"Height":19,"Demand":1,"DemandMax":null,"Value":722},{"Length":41,"Height":18,"Demand":1,"DemandMax":null,"Value":738},{"Length":19,"Height":37,"Demand":3,"DemandMax":null,"Value":703},{"Length":32,"Height":22,"Demand":5,"DemandMax":null,"Value":704},{"Length":28,"Height":25,"Demand":5,"DemandMax":null,"Value":700},{"Length":37,"Height":19,"Demand":1,"DemandMax":null,"Value":703},{"Length":26,"Height":27,"Demand":1,"DemandMax":null,"Value":702},{"Length":18,"Height":39,"Demand":3,"DemandMax":null,"Value":702},{"Length":18,"Height":40,"Demand":1,"DemandMax":null,"Value":720},{"Length":29,"Height":25,"Demand":1,"DemandMax":null,"Value":725},{"Length":33,"Height":21,"Demand":4,"DemandMax":null,"Value":693},{"Length":18,"Height":38,"Demand":3,"DemandMax":null,"Value":684},{"Length":53,"Height":13,"Demand":1,"DemandMax":null,"Value":689},{"Length":23,"Height":30,"Demand":3,"DemandMax":null,"Value":690},{"Length":35,"Height":20,"Demand":1,"DemandMax":null,"Value":700},{"Length":16,"Height":43,"Demand":2,"DemandMax":null,"Value":688},{"Length":21,"Height":33,"Demand":4,"DemandMax":null,"Value":693},{"Length":24,"Height":29,"Demand":2,"DemandMax":null,"Value":696},{"Length":15,"Height":46,"Demand":4,"DemandMax":null,"Value":690},{"Length":14,"Height":51,"Demand":1,"DemandMax":null,"Value":714},{"Length":49,"Height":14,"Demand":3,"DemandMax":null,"Value":686},{"Length":34,"Height":21,"Demand":1,"DemandMax":null,"Value":714},{"Length":26,"Height":26,"Demand":2,"DemandMax":null,"Value":676},{"Length":41,"Height":17,"Demand":3,"DemandMax":null,"Value":697},{"Length":52,"Height":13,"Demand":1,"DemandMax":null,"Value":676},{"Length":27,"Height":26,"Demand":1,"DemandMax":null,"Value":702},{"Length":29,"Height":24,"Demand":3,"DemandMax":null,"Value":696},{"Length":31,"Height":22,"Demand":9,"DemandMax":null,"Value":682},{"Length":40,"Height":18,"Demand":1,"DemandMax":null,"Value":720},{"Length":21,"Height":34,"Demand":2,"DemandMax":null,"Value":714},{"Length":17,"Height":40,"Demand":1,"DemandMax":null,"Value":680},{"Length":14,"Height":49,"Demand":1,"DemandMax":null,"Value":686},{"Length":30,"Height":23,"Demand":2,"DemandMax":null,"Value":690},{"Length":16,"Height":44,"Demand":2,"DemandMax":null,"Value":704},{"Length":22,"Height":31,"Demand":3,"DemandMax":null,"Value":682},{"Length":43,"Height":16,"Demand":1,"DemandMax":null,"Value":688},{"Length":16,"Height":42,"Demand":1,"DemandMax":null,"Value":672},{"Length":21,"Height":32,"Demand":1,"DemandMax":null,"Value":672},{"Length":32,"Height":21,"Demand":1,"DemandMax":null,"Value":672},{"Length":22,"Height":32,"Demand":1,"DemandMax":null,"Value":704},{"Length":18,"Height":37,"Demand":2,"DemandMax":null,"Value":666},{"Length":34,"Height":20,"Demand":4,"DemandMax":null,"Value":680},{"Length":13,"Height":52,"Demand":1,"DemandMax":null,"Value":676},{"Length":29,"Height":23,"Demand":2,"DemandMax":null,"Value":667},{"Length":22,"Height":30,"Demand":2,"DemandMax":null,"Value":660},{"Length":28,"Height":24,"Demand":2,"DemandMax":null,"Value":672},{"Length":17,"Height":39,"Demand":1,"DemandMax":null,"Value":663},{"Length":40,"Height":17,"Demand":1,"DemandMax":null,"Value":680},{"Length":27,"Height":25,"Demand":2,"DemandMax":null,"Value":675},{"Length":14,"Height":48,"Demand":1,"DemandMax":null,"Value":672},{"Length":19,"Height":35,"Demand":2,"DemandMax":null,"Value":665},{"Length":15,"Height":44,"Demand":2,"DemandMax":null,"Value":660},{"Length":14,"Height":47,"Demand":3,"DemandMax":null,"Value":658},{"Length":23,"Height":29,"Demand":3,"DemandMax":null,"Value":667},{"Length":37,"Height":18,"Demand":1,"DemandMax":null,"Value":666},{"Length":33,"Height":20,"Demand":2,"DemandMax":null,"Value":660},{"Length":24,"Height":28,"Demand":1,"DemandMax":null,"Value":672},{"Length":20,"Height":33,"Demand":2,"DemandMax":null,"Value":660},{"Length":30,"Height":22,"Demand":1,"DemandMax":null,"Value":660},{"Length":25,"Height":26,"Demand":1,"DemandMax":null,"Value":650},{"Length":18,"Height":36,"Demand":1,"DemandMax":null,"Value":648},{"Length":32,"Height":20,"Demand":2,"DemandMax":null,"Value":640},{"Length":22,"Height":29,"Demand":2,"DemandMax":null,"Value":638},{"Length":45,"Height":14,"Demand":1,"DemandMax":null,"Value":630},{"Length":23,"Height":28,"Demand":1,"DemandMax":null,"Value":644},{"Length":42,"Height":16,"Demand":1,"DemandMax":null,"Value":672},{"Length":34,"Height":19,"Demand":1,"DemandMax":null,"Value":646},{"Length":26,"Height":25,"Demand":1,"DemandMax":null,"Value":650},{"Length":37,"Height":17,"Demand":2,"DemandMax":null,"Value":629},{"Length":24,"Height":27,"Demand":1,"DemandMax":null,"Value":648},{"Length":28,"Height":23,"Demand":2,"DemandMax":null,"Value":644},{"Length":20,"Height":31,"Demand":1,"DemandMax":null,"Value":620},{"Length":27,"Height":23,"Demand":3,"DemandMax":null,"Value":621},{"Length":26,"Height":24,"Demand":1,"DemandMax":null,"Value":624},{"Length":17,"Height":36,"Demand":2,"DemandMax":null,"Value":612},{"Length":14,"Height":44,"Demand":5,"DemandMax":null,"Value":616},{"Length":18,"Height":35,"Demand":4,"DemandMax":null,"Value":630},{"Length":28,"Height":22,"Demand":2,"DemandMax":null,"Value":616},{"Length":21,"Height":29,"Demand":4,"DemandMax":null,"Value":609},{"Length":39,"Height":16,"Demand":2,"DemandMax":null,"Value":624},{"Length":47,"Height":13,"Demand":3,"DemandMax":null,"Value":611},{"Length":19,"Height":32,"Demand":3,"DemandMax":null,"Value":608},{"Length":31,"Height":20,"Demand":2,"DemandMax":null,"Value":620},{"Length":36,"Height":17,"Demand":4,"DemandMax":null,"Value":612},{"Length":13,"Height":47,"Demand":1,"DemandMax":null,"Value":611},{"Length":25,"Height":25,"Demand":1,"DemandMax":null,"Value":625},{"Length":15,"Height":40,"Demand":2,"DemandMax":null,"Value":600},{"Length":23,"Height":27,"Demand":2,"DemandMax":null,"Value":621},{"Length":29,"Height":21,"Demand":3,"DemandMax":null,"Value":609},{"Length":32,"Height":19,"Demand":4,"DemandMax":null,"Value":608},{"Length":22,"Height":28,"Demand":1,"DemandMax":null,"Value":616},{"Length":35,"Height":17,"Demand":5,"DemandMax":null,"Value":595},{"Length":42,"Height":15,"Demand":1,"DemandMax":null,"Value":630},{"Length":17,"Height":37,"Demand":1,"DemandMax":null,"Value":629},{"Length":46,"Height":13,"Demand":1,"DemandMax":null,"Value":598},{"Length":26,"Height":23,"Demand":1,"DemandMax":null,"Value":598},{"Length":18,"Height":33,"Demand":4,"DemandMax":null,"Value":594},{"Length":30,"Height":20,"Demand":3,"DemandMax":null,"Value":600},{"Length":33,"Height":19,"Demand":2,"DemandMax":null,"Value":627},{"Length":27,"Height":22,"Demand":3,"DemandMax":null,"Value":594},{"Length":24,"Height":26,"Demand":1,"DemandMax":null,"Value":624},{"Length":42,"Height":14,"Demand":1,"DemandMax":null,"Value":588},{"Length":14,"Height":43,"Demand":2,"DemandMax":null,"Value":602},{"Length":19,"Height":31,"Demand":1,"DemandMax":null,"Value":589},{"Length":13,"Height":48,"Demand":1,"DemandMax":null,"Value":624},{"Length":31,"Height":19,"Demand":2,"DemandMax":null,"Value":589},{"Length":34,"Height":17,"Demand":1,"DemandMax":null,"Value":578},{"Length":25,"Height":24,"Demand":1,"DemandMax":null,"Value":600},{"Length":20,"Height":30,"Demand":1,"DemandMax":null,"Value":600},{"Length":16,"Height":37,"Demand":3,"DemandMax":null,"Value":592},{"Length":18,"Height":34,"Demand":1,"DemandMax":null,"Value":612},{"Length":23,"Height":26,"Demand":1,"DemandMax":null,"Value":598},{"Length":13,"Height":44,"Demand":1,"DemandMax":null,"Value":572},{"Length":16,"Height":36,"Demand":1,"DemandMax":null,"Value":576},{"Length":29,"Height":20,"Demand":1,"DemandMax":null,"Value":580},{"Length":20,"Height":29,"Demand":1,"DemandMax":null,"Value":580}]}