{"Name":"nice21t","Objects":[{"Length":1000,"Height":1001,"Stock":null,"Cost":1001000}],"Items":[{"Length":50,"Height":63,"Demand":1,"DemandMax":null,"Value":3150},{"Length":52,"Height":52,"Demand":1,"DemandMax":null,"Value":2704},{"Length":65,"Height":41,"Demand":1,"DemandMax":null,"Value":2665},{"Length":26,"Height":101,"Demand":2,"DemandMax":null,"Value":2626},{"Length":61,"Height":42,"Demand":1,"DemandMax":null,"Value":2562},{"Length":36,"Height":71,"Demand":1,"DemandMax":null,"Value":2556},{"Length":35,"Height":69,"Demand":1,"DemandMax":null,"Value":2415},{"Length":94,"Height":26,"Demand":1,"DemandMax":null,"Value":2444},{"Length":82,"Height":29,"Demand":1,"DemandMax":null,"Value":2378},{"Length":96,"Height":24,"Demand":1,"DemandMax":null,"Value":2304},{"Length":44,"Height":50,"Demand":1,"DemandMax":null,"Value":2200},{"Length":76,"Height":27,"Demand":1,"DemandMax":null,"Value":2052},{"Length":24,"Height":87,"Demand":1,"DemandMax":null,"Value":2088},{"Length":54,"Height":38,"Demand":2,"DemandMax":null,"Value":2052},{"Length":28,"Height":73,"Demand":1,"DemandMax":null,"Value":2044},{"Length":49,"Height":41,"Demand":1,"DemandMax":null,"Value":2009},{"Length":56,"Height":36,"Demand":1,"DemandMax":null,"Value":2016},{"Length":37,"Height":52,"Demand":1,"DemandMax":null,"Value":1924},{"Length":55,"Height":35,"Demand":1,"DemandMax":null,"Value":1925},{"Length":29,"Height":66,"Demand":1,"DemandMax":null,"Value":1914},{"Length":66,"Height":29,"Demand":1,"DemandMax":null,"Value":1914},{"Length":50,"Height":38,"Demand":1,"DemandMax":null,"Value":1900},{"Length":53,"Height":35,"Demand":1,"DemandMax":null,"Value":1855},{"Length":31,"Height":60,"Demand":1,"DemandMax":null,"Value":1860},{"Length":40,"Height":44,"Demand":1,"DemandMax":null,"Value":1760},{"Length":57,"Height":31,"Demand":1,"DemandMax":null,"Value":1767},{"Length":40,"Height":43,"Demand":1,"DemandMax":null,"Value":1720},{"Length":66,"Height":26,"Demand":2,"DemandMax":null,"Value":1716},{"Length":25,"Height":70,"Demand":1,"DemandMax":null,"Value":1750},{"Length":42,"Height":41,"Demand":1,"DemandMax":null,"Value":1722},{"Length":51,"Height":33,"Demand":1,"DemandMax":null,"Value":1683},{"Length":25,"Height":67,"Demand":2,"DemandMax":null,"Value":1675},{"Length":44,"Height":39,"Demand":1,"DemandMax":null,"Value":1716},{"Length":55,"Height":31,"Demand":1,"DemandMax":null,"Value":1705},{"Length":44,"Height":38,"Demand":1,"DemandMax":null,"Value":1672},{"Length":67,"Height":25,"Demand":1,"DemandMax":null,"Value":1675},{"Length":39,"Height":43,"Demand":1,"DemandMax":null,"Value":1677},{"Length":21,"Height":82,"Demand":1,"DemandMax":null,"Value":1722},{"Length":41,"Height":41,"Demand":1,"DemandMax":null,"Value":1681},{"Length":23,"Height":73,"Demand":1,"DemandMax":null,"Value":1679},{"Length":33,"Height":51,"Demand":1,"DemandMax":null,"Value":1683},{"Length":58,"Height":28,"Demand":1,"DemandMax":null,"Value":1624},{"Length":42,"Height":40,"Demand":1,"DemandMax":null,"Value":1680},{"Length":45,"Height":36,"Demand":1,"DemandMax":null,"Value":1620},{"Length":24,"Height":67,"Demand":2,"DemandMax":null,"Value":1608},{"Length":40,"Height":41,"Demand":1,"DemandMax":null,"Value":1640},{"Length":31,"Height":53,"Demand":1,"DemandMax":null,"Value":1643},{"Length":34,"Height":48,"Demand":1,"DemandMax":null,"Value":1632},{"Length":29,"Height":56,"Demand":1,"DemandMax":null,"Value":1624},{"Length":57,"Height":28,"Demand":1,"DemandMax":null,"Value":1596},{"Length":39,"Height":41,"Demand":2,"DemandMax":null,"Value":1599},{"Length":76,"Height":21,"Demand":1,"DemandMax":null,"Value":1596},{"Length":39,"Height":40,"Demand":1,"DemandMax":null,"Value":1560},{"Length":61,"Height":26,"Demand":1,"DemandMax":null,"Value":1586},{"Length":26,"Height":60,"Demand":1,"DemandMax":null,"Value":1560},{"Length":24,"Height":64,"Demand":1,"DemandMax":null,"Value":1536},{"Length":44,"Height":36,"Demand":1,"DemandMax":null,"Value":1584},{"Length":29,"Height":54,"Demand":1,"DemandMax":null,"Value":1566},{"Length":69,"Height":23,"Demand":1,"DemandMax":null,"Value":1587},{"Length":28,"Height":55,"Demand":1,"DemandMax":null,"Value":1540},{"Length":57,"Height":27,"Demand":1,"DemandMax":null,"Value":1539},{"Length":48,"Height":32,"Demand":1,"DemandMax":null,"Value":1536},{"Length":49,"Height":31,"Demand":1,"DemandMax":null,"Value":1519},{"Length":45,"Height":33,"Demand":1,"DemandMax":null,"Value":1485},{"Length":47,"Height":32,"Demand":2,"DemandMax":null,"Value":1504},{"Length":33,"Height":45,"Demand":1,"DemandMax":null,"Value":1485},{"Length":42,"Height":36,"Demand":2,"DemandMax":null,"Value":1512},{"Length":56,"Height":27,"Demand":1,"DemandMax":null,"Value":1512},{"Length":41,"Height":37,"Demand":1,"DemandMax":null,"Value":1517},{"Length":44,"Height":34,"Demand":1,"DemandMax":null,"Value":1496},{"Length":59,"Height":26,"Demand":1,"DemandMax":null,"Value":1534},{"Length":34,"Height":43,"Demand":1,"DemandMax":null,"Value":1462},{"Length":40,"Height":37,"Demand":2,"DemandMax":null,"Value":1480},{"Length":36,"Height":41,"Demand":2,"DemandMax":null,"Value":1476},{"Length":49,"Height":30,"Demand":2,"DemandMax":null,"Value":1470},{"Length":29,"Height":51,"Demand":3,"DemandMax":null,"Value":1479},{"Length":74,"Height":20,"Demand":1,"DemandMax":null,"Value":1480},{"Length":46,"Height":32,"Demand":1,"DemandMax":null,"Value":1472},{"Length":31,"Height":48,"Demand":1,"DemandMax":null,"Value":1488},{"Length":76,"Height":19,"Demand":1,"DemandMax":null,"Value":1444},{"Length":23,"Height":63,"Demand":2,"DemandMax":null,"Value":1449},{"Length":32,"Height":46,"Demand":1,"DemandMax":null,"Value":1472},{"Length":38,"Height":39,"Demand":1,"DemandMax":null,"Value":1482},{"Length":47,"Height":31,"Demand":1,"DemandMax":null,"Value":1457},{"Length":21,"Height":69,"Demand":1,"DemandMax":null,"Value":1449},{"Length":37,"Height":40,"Demand":1,"DemandMax":null,"Value":1480},{"Length":35,"Height":42,"Demand":1,"DemandMax":null,"Value":1470},{"Length":39,"Height":37,"Demand":3,"DemandMax":null,"Value":1443},{"Length":48,"Height":30,"Demand":2,"DemandMax":null,"Value":1440},{"Length":41,"Height":36,"Demand":1,"DemandMax":null,"Value":1476},{"Length":20,"Height":72,"Demand":1,"DemandMax":null,"Value":1440},{"Length":20,"Height":75,"Demand":1,"DemandMax":null,"Value":1500},{"Length":57,"Height":26,"Demand":2,"DemandMax":null,"Value":1482},{"Length":27,"Height":54,"Demand":1,"DemandMax":null,"Value":1458},{"Length":29,"Height":49,"Demand":1,"DemandMax":null,"Value":1421},{"Length":59,"Height":25,"Demand":1,"DemandMax":null,"Value":1475},{"Length":70,"Height":21,"Demand":1,"DemandMax":null,"Value":1470},{"Length":52,"Height":28,"Demand":1,"DemandMax":null,"Value":1456},{"Length":63,"Height":23,"Demand":1,"DemandMax":null,"Value":1449},{"Length":57,"Height":25,"Demand":2,"DemandMax":null,"Value":1425},{"Length":31,"Height":47,"Demand":1,"DemandMax":null,"Value":1457},{"Length":26,"Height":56,"Demand":1,"DemandMax":null,"Value":1456},{"Length":21,"Height":67,"Demand":2,"DemandMax":null,"Value":1407},{"Length":36,"Height":40,"Demand":1,"DemandMax":null,"Value":1440},{"Length":40,"Height":36,"Demand":1,"DemandMax":null,"Value":1440},{"Length":34,"Height":42,"Demand":3,"DemandMax":null,"Value":1428},{"Length":59,"Height":24,"Demand":1,"DemandMax":null,"Value":1416},{"Length":53,"Height":27,"Demand":1,"DemandMax":null,"Value":1431},{"Length":37,"Height":39,"Demand":1,"DemandMax":null,"Value":1443},{"Length":43,"Height":33,"Demand":1,"DemandMax":null,"Value":1419},{"Length":74,"Height":19,"Demand":1,"DemandMax":null,"Value":1406},{"Length":19,"Height":75,"Demand":1,"DemandMax":null,"Value":1425},{"Length":55,"Height":26,"Demand":1,"DemandMax":null,"Value":1430},{"Length":30,"Height":47,"Demand":1,"DemandMax":null,"Value":1410},{"Length":25,"Height":57,"Demand":1,"DemandMax":null,"Value":1425},{"Length":28,"Height":49,"Demand":1,"DemandMax":null,"Value":1372},{"Length":61,"Height":23,"Demand":2,"DemandMax":null,"Value":1403},{"Length":46,"Height":30,"Demand":1,"DemandMax":null,"Value":1380},{"Length":48,"Height":29,"Demand":1,"DemandMax":null,"Value":1392},{"Length":23,"Height":59,"Demand":1,"DemandMax":null,"Value":1357},{"Length":58,"Height":24,"Demand":1,"DemandMax":null,"Value":1392},{"Length":34,"Height":41,"Demand":1,"DemandMax":null,"Value":1394},{"Length":27,"Height":51,"Demand":1,"DemandMax":null,"Value":1377},{"Length":53,"Height":26,"Demand":1,"DemandMax":null,"Value":1378},{"Length":33,"Height":41,"Demand":1,"DemandMax":null,"Value":1353},{"Length":21,"Height":66,"Demand":1,"DemandMax":null,"Value":1386},{"Length":45,"Height":31,"Demand":1,"DemandMax":null,"Value":1395},{"Length":20,"Height":67,"Demand":1,"DemandMax":null,"Value":1340},{"Length":50,"Height":28,"Demand":1,"DemandMax":null,"Value":1400},{"Length":42,"Height":32,"Demand":2,"DemandMax":null,"Value":1344},{"Length":24,"Height":56,"Demand":1,"DemandMax":null,"Value":1344},{"Length":29,"Height":47,"Demand":1,"DemandMax":null,"Value":1363},{"Length":58,"Height":23,"Demand":2,"DemandMax":null,"Value":1334},{"Length":39,"Height":34,"Demand":1,"DemandMax":null,"Value":1326},{"Length":44,"Height":31,"Demand":1,"DemandMax":null,"Value":1364},{"Length":41,"Height":33,"Demand":1,"DemandMax":null,"Value":1353},{"Length":22,"Height":60,"Demand":1,"DemandMax":null,"Value":1320},{"Length":60,"Height":22,"Demand":1,"DemandMax":null,"Value":1320},{"Length":67,"Height":20,"Demand":1,"DemandMax":null,"Value":1340},{"Length":42,"Height":31,"Demand":1,"DemandMax":null,"Value":1302},{"Length":28,"Height":47,"Demand":1,"DemandMax":null,"Value":1316},{"Length":19,"Height":70,"Demand":1,"DemandMax":null,"Value":1330},{"Length":27,"Height":48,"Demand":1,"DemandMax":null,"Value":1296},{"Length":21,"Height":64,"Demand":1,"DemandMax":null,"Value":1344},{"Length":28,"Height":46,"Demand":1,"DemandMax":null,"Value":1288},{"Length":54,"Height":24,"Demand":1,"DemandMax":null,"Value":1296},{"Length":27,"Height":49,"Demand":1,"DemandMax":null,"Value":1323},{"Length":45,"Height":29,"Demand":1,"DemandMax":null,"Value":1305},{"Length":33,"Height":40,"Demand":1,"DemandMax":null,"Value":1320},{"Length":35,"Height":37,"Demand":1,"DemandMax":null,"Value":1295},{"Length":49,"Height":27,"Demand":2,"DemandMax":null,"Value":1323},{"Length":38,"Height":34,"Demand":2,"DemandMax":null,"Value":1292},{"Length":24,"Height":53,"Demand":1,"DemandMax":null,"Value":1272},{"Length":51,"Height":25,"Demand":1,"DemandMax":null,"Value":1275},{"Length":47,"Height":28,"Demand":1,"DemandMax":null,"Value":1316},{"Length":47,"Height":27,"Demand":1,"DemandMax":null,"Value":1269},{"Length":30,"Height":43,"Demand":1,"DemandMax":null,"Value":1290},{"Length":23,"Height":57,"Demand":1,"DemandMax":null,"Value":1311},{"Length":40,"Height":32,"Demand":1,"DemandMax":null,"Value":1280},{"Length":31,"Height":41,"Demand":1,"DemandMax":null,"Value":1271},{"Length":29,"Height":44,"Demand":2,"DemandMax":null,"Value":1276},{"Length":38,"Height":33,"Demand":2,"DemandMax":null,"Value":1254},{"Length":25,"Height":50,"Demand":2,"DemandMax":null,"Value":1250},{"Length":22,"Height":58,"Demand":1,"DemandMax":null,"Value":1276},{"Length":20,"Height":63,"Demand":1,"DemandMax":null,"Value":1260},{"Length":48,"Height":26,"Demand":1,"DemandMax":null,"Value":1248},{"Length":29,"Height":42,"Demand":1,"DemandMax":null,"Value":1218},{"Length":39,"Height":32,"Demand":2,"DemandMax":null,"Value":1248},{"Length":42,"Height":29,"Demand":1,"DemandMax":null,"Value":1218},{"Length":46,"Height":27,"Demand":1,"DemandMax":null,"Value":1242},{"Length":70,"Height":18,"Demand":1,"DemandMax":null,"Value":1260},{"Length":58,"Height":21,"Demand":1,"DemandMax":null,"Value":1218},{"Length":27,"Height":45,"Demand":1,"DemandMax":null,"Value":1215},{"Length":29,"Height":43,"Demand":1,"DemandMax":null,"Value":1247},{"Length":56,"Height":22,"Demand":1,"DemandMax":null,"Value":1232},{"Length":24,"Height":51,"Demand":1,"DemandMax":null,"Value":1224},{"Length":45,"Height":27,"Demand":2,"DemandMax":null,"Value":1215},{"Length":40,"Height":31,"Demand":1,"DemandMax":null,"Value":1240},{"Length":27,"Height":44,"Demand":1,"DemandMax":null,"Value":1188},{"Length":39,"Height":31,"Demand":1,"DemandMax":null,"Value":1209},{"Length":33,"Height":37,"Demand":1,"DemandMax":null,"Value":1221},{"Length":35,"Height":34,"Demand":1,"DemandMax":null,"Value":1190},{"Length":67,"Height":18,"Demand":1,"DemandMax":null,"Value":1206},{"Length":41,"Height":30,"Demand":1,"DemandMax":null,"Value":1230},{"Length":18,"Height":66,"Demand":1,"DemandMax":null,"Value":1188},{"Length":37,"Height":33,"Demand":1,"DemandMax":null,"Value":1221},{"Length":52,"Height":23,"Demand":1,"DemandMax":null,"Value":1196},{"Length":29,"Height":41,"Demand":3,"DemandMax":null,"Value":1189},{"Length":28,"Height":43,"Demand":1,"DemandMax":null,"Value":1204},{"Length":36,"Height":33,"Demand":1,"DemandMax":null,"Value":1188},{"Length":19,"Height":64,"Demand":1,"DemandMax":null,"Value":1216},{"Length":55,"Height":22,"Demand":1,"DemandMax":null,"Value":1210},{"Length":64,"Height":18,"Demand":1,"DemandMax":null,"Value":1152},{"Length":17,"Height":67,"Demand":1,"DemandMax":null,"Value":1139},{"Length":46,"Height":26,"Demand":2,"DemandMax":null,"Value":1196},{"Length":37,"Height":32,"Demand":1,"DemandMax":null,"Value":1184},{"Length":58,"Height":20,"Demand":1,"DemandMax":null,"Value":1160},{"Length":57,"Height":21,"Demand":1,"DemandMax":null,"Value":1197},{"Length":29,"Height":40,"Demand":2,"DemandMax":null,"Value":1160},{"Length":38,"Height":31,"Demand":1,"DemandMax":null,"Value":1178},{"Length":45,"Height":26,"Demand":1,"DemandMax":null,"Value":1170},{"Length":25,"Height":47,"Demand":1,"DemandMax":null,"Value":1175},{"Length":30,"Height":38,"Demand":1,"DemandMax":null,"Value":1140},{"Length":28,"Height":40,"Demand":3,"DemandMax":null,"Value":1120},{"Length":56,"Height":21,"Demand":1,"DemandMax":null,"Value":1176},{"Length":25,"Height":45,"Demand":1,"DemandMax":null,"Value":1125},{"Length":35,"Height":33,"Demand":1,"DemandMax":null,"Value":1155},{"Length":38,"Height":30,"Demand":1,"DemandMax":null,"Value":1140},{"Length":48,"Height":24,"Demand":1,"DemandMax":null,"Value":1152},{"Length":40,"Height":28,"Demand":1,"DemandMax":null,"Value":1120},{"Length":39,"Height":29,"Demand":2,"DemandMax":null,"Value":1131},{"Length":44,"Height":26,"Demand":1,"DemandMax":null,"Value":1144},{"Length":56,"Height":20,"Demand":1,"DemandMax":null,"Value":1120},{"Length":29,"Height":38,"Demand":2,"DemandMax":null,"Value":1102},{"Length":27,"Height":41,"Demand":5,"DemandMax":null,"Value":1107},{"Length":61,"Height":18,"Demand":2,"DemandMax":null,"Value":1098},{"Length":29,"Height":39,"Demand":2,"DemandMax":null,"Value":1131},{"Length":42,"Height":27,"Demand":1,"DemandMax":null,"Value":1134},{"Length":28,"Height":39,"Demand":1,"DemandMax":null,"Value":1092},{"Length":23,"Height":49,"Demand":1,"DemandMax":null,"Value":1127},{"Length":35,"Height":31,"Demand":1,"DemandMax":null,"Value":1085},{"Length":37,"Height":30,"Demand":1,"DemandMax":null,"Value":1110},{"Length":22,"Height":50,"Demand":1,"DemandMax":null,"Value":1100},{"Length":41,"Height":27,"Demand":1,"DemandMax":null,"Value":1107},{"Length":24,"Height":45,"Demand":1,"DemandMax":null,"Value":1080},{"Length":21,"Height":53,"Demand":1,"DemandMax":null,"Value":1113},{"Length":17,"Height":64,"Demand":1,"DemandMax":null,"Value":1088},{"Length":57,"Height":19,"Demand":1,"DemandMax":null,"Value":1083},{"Length":39,"Height":28,"Demand":1,"DemandMax":null,"Value":1092},{"Length":58,"Height":19,"Demand":1,"DemandMax":null,"Value":1102},{"Length":26,"Height":42,"Demand":1,"DemandMax":null,"Value":1092},{"Length":45,"Height":24,"Demand":1,"DemandMax":null,"Value":1080},{"Length":23,"Height":46,"Demand":1,"DemandMax":null,"Value":1058},{"Length":23,"Height":47,"Demand":1,"DemandMax":null,"Value":1081},{"Length":46,"Height":23,"Demand":1,"DemandMax":null,"Value":1058},{"Length":51,"Height":21,"Demand":1,"DemandMax":null,"Value":1071},{"Length":29,"Height":37,"Demand":1,"DemandMax":null,"Value":1073},{"Length":18,"Height":59,"Demand":1,"DemandMax":null,"Value":1062},{"Length":19,"Height":58,"Demand":1,"DemandMax":null,"Value":1102},{"Length":34,"Height":32,"Demand":1,"DemandMax":null,"Value":1088},{"Length":26,"Height":41,"Demand":2,"DemandMax":null,"Value":1066},{"Length":37,"Height":29,"Demand":2,"DemandMax":null,"Value":1073},{"Length":27,"Height":40,"Demand":1,"DemandMax":null,"Value":1080},{"Length":30,"Height":36,"Demand":1,"DemandMax":null,"Value":1080},{"Length":64,"Height":17,"Demand":1,"DemandMax":null,"Value":1088},{"Length":59,"Height":18,"Demand":1,"DemandMax":null,"Value":1062},{"Length":29,"Height":36,"Demand":2,"DemandMax":null,"Value":1044},{"Length":32,"Height":33,"Demand":1,"DemandMax":null,"Value":1056},{"Length":64,"Height":16,"Demand":3,"DemandMax":null,"Value":1024},{"Length":40,"Height":27,"Demand":1,"DemandMax":null,"Value":1080},{"Length":19,"Height":54,"Demand":2,"DemandMax":null,"Value":1026},{"Length":39,"Height":27,"Demand":2,"DemandMax":null,"Value":1053},{"Length":26,"Height":40,"Demand":5,"DemandMax":null,"Value":1040},{"Length":31,"Height":34,"Demand":2,"DemandMax":null,"Value":1054},{"Length":22,"Height":49,"Demand":1,"DemandMax":null,"Value":1078},{"Length":45,"Height":23,"Demand":2,"DemandMax":null,"Value":1035},{"Length":58,"Height":18,"Demand":2,"DemandMax":null,"Value":1044},{"Length":28,"Height":38,"Demand":2,"DemandMax":null,"Value":1064},{"Length":37,"Height":28,"Demand":3,"DemandMax":null,"Value":1036},{"Length":36,"Height":29,"Demand":1,"DemandMax":null,"Value":1044},{"Length":35,"Height":30,"Demand":1,"DemandMax":null,"Value":1050},{"Length":17,"Height":60,"Demand":3,"DemandMax":null,"Value":1020},{"Length":40,"Height":26,"Demand":1,"DemandMax":null,"Value":1040},{"Length":17,"Height":61,"Demand":1,"DemandMax":null,"Value":1037},{"Length":61,"Height":17,"Demand":1,"DemandMax":null,"Value":1037},{"Length":31,"Height":33,"Demand":3,"DemandMax":null,"Value":1023},{"Length":44,"Height":24,"Demand":1,"DemandMax":null,"Value":1056},{"Length":25,"Height":42,"Demand":1,"DemandMax":null,"Value":1050},{"Length":20,"Height":51,"Demand":1,"DemandMax":null,"Value":1020},{"Length":43,"Height":24,"Demand":2,"DemandMax":null,"Value":1032},{"Length":47,"Height":22,"Demand":1,"DemandMax":null,"Value":1034},{"Length":29,"Height":35,"Demand":1,"DemandMax":null,"Value":1015},{"Length":38,"Height":27,"Demand":3,"DemandMax":null,"Value":1026},{"Length":27,"Height":38,"Demand":3,"DemandMax":null,"Value":1026},{"Length":18,"Height":57,"Demand":1,"DemandMax":null,"Value":1026},{"Length":25,"Height":40,"Demand":1,"DemandMax":null,"Value":1000},{"Length":26,"Height":39,"Demand":3,"DemandMax":null,"Value":1014},{"Length":23,"Height":44,"Demand":2,"DemandMax":null,"Value":1012},{"Length":33,"Height":31,"Demand":3,"DemandMax":null,"Value":1023},{"Length":56,"Height":18,"Demand":3,"DemandMax":null,"Value":1008},{"Length":21,"Height":48,"Demand":2,"DemandMax":null,"Value":1008},{"Length":20,"Height":50,"Demand":1,"DemandMax":null,"Value":1000},{"Length":29,"Height":34,"Demand":4,"DemandMax":null,"Value":986},{"Length":30,"Height":34,"Demand":1,"DemandMax":null,"Value":1020},{"Length":17,"Height":58,"Demand":1,"DemandMax":null,"Value":986},{"Length":54,"Height":19,"Demand":1,"DemandMax":null,"Value":1026},{"Length":22,"Height":45,"Demand":1,"DemandMax":null,"Value":990},{"Length":28,"Height":37,"Demand":1,"DemandMax":null,"Value":1036},{"Length":21,"Height":47,"Demand":2,"DemandMax":null,"Value":987},{"Length":42,"Height":24,"Demand":1,"DemandMax":null,"Value":1008},{"Length":53,"Height":19,"Demand":1,"DemandMax":null,"Value":1007},{"Length":27,"Height":37,"Demand":1,"DemandMax":null,"Value":999},{"Length":49,"Height":20,"Demand":2,"DemandMax":null,"Value":980},{"Length":24,"Height":43,"Demand":1,"DemandMax":null,"Value":1032},{"Length":32,"Height":31,"Demand":4,"DemandMax":null,"Value":992},{"Length":33,"Height":30,"Demand":2,"DemandMax":null,"Value":990},{"Length":39,"Height":26,"Demand":1,"DemandMax":null,"Value":1014},{"Length":30,"Height":33,"Demand":3,"DemandMax":null,"Value":990},{"Length":35,"Height":28,"Demand":3,"DemandMax":null,"Value":980},{"Length":36,"Height":28,"Demand":1,"DemandMax":null,"Value":1008},{"Length":41,"Height":24,"Demand":1,"DemandMax":null,"Value":984},{"Length":23,"Height":43,"Demand":1,"DemandMax":null,"Value":989},{"Length":34,"Height":29,"Demand":3,"DemandMax":null,"Value":986},{"Length":24,"Height":42,"Demand":1,"DemandMax":null,"Value":1008},{"Length":44,"Height":23,"Demand":1,"DemandMax":null,"Value":1012},{"Length":58,"Height":17,"Demand":4,"DemandMax":null,"Value":986},{"Length":46,"Height":22,"Demand":1,"DemandMax":null,"Value":1012},{"Length":54,"Height":18,"Demand":1,"DemandMax":null,"Value":972},{"Length":39,"Height":25,"Demand":2,"DemandMax":null,"Value":975},{"Length":43,"Height":23,"Demand":2,"DemandMax":null,"Value":989},{"Length":26,"Height":38,"Demand":2,"DemandMax":null,"Value":988},{"Length":24,"Height":41,"Demand":1,"DemandMax":null,"Value":984},{"Length":19,"Height":51,"Demand":3,"DemandMax":null,"Value":969},{"Length":60,"Height":16,"Demand":1,"DemandMax":null,"Value":960},{"Length":45,"Height":22,"Demand":1,"DemandMax":null,"Value":990},{"Length":38,"Height":26,"Demand":2,"DemandMax":null,"Value":988},{"Length":25,"Height":39,"Demand":3,"DemandMax":null,"Value":975},{"Length":33,"Height":29,"Demand":4,"DemandMax":null,"Value":957},{"Length":18,"Height":54,"Demand":2,"DemandMax":null,"Value":972},{"Length":40,"Height":25,"Demand":1,"DemandMax":null,"Value":1000},{"Length":36,"Height":27,"Demand":3,"DemandMax":null,"Value":972},{"Length":31,"Height":32,"Demand":1,"DemandMax":null,"Value":992},{"Length":44,"Height":22,"Demand":2,"DemandMax":null,"Value":968},{"Length":56,"Height":17,"Demand":1,"DemandMax":null,"Value":952},{"Length":28,"Height":34,"Demand":4,"DemandMax":null,"Value":952},{"Length":42,"Height":23,"Demand":1,"DemandMax":null,"Value":966},{"Length":27,"Height":36,"Demand":2,"DemandMax":null,"Value":972},{"Length":29,"Height":33,"Demand":2,"DemandMax":null,"Value":957},{"Length":31,"Height":31,"Demand":2,"DemandMax":null,"Value":961},{"Length":16,"Height":61,"Demand":1,"DemandMax":null,"Value":976},{"Length":20,"Height":49,"Demand":1,"DemandMax":null,"Value":980},{"Length":46,"Height":21,"Demand":1,"DemandMax":null,"Value":966},{"Length":30,"Height":32,"Demand":2,"DemandMax":null,"Value":960},{"Length":37,"Height":26,"Demand":1,"DemandMax":null,"Value":962},{"Length":22,"Height":43,"Demand":3,"DemandMax":null,"Value":946},{"Length":23,"Height":42,"Demand":1,"DemandMax":null,"Value":966},{"Length":34,"Height":28,"Demand":3,"DemandMax":null,"Value":952},{"Length":62,"Height":15,"Demand":1,"DemandMax":null,"Value":930},{"Length":53,"Height":18,"Demand":2,"DemandMax":null,"Value":954},{"Length":24,"Height":40,"Demand":1,"DemandMax":null,"Value":960},{"Length":57,"Height":17,"Demand":1,"DemandMax":null,"Value":969},{"Length":48,"Height":20,"Demand":1,"DemandMax":null,"Value":960},{"Length":26,"Height":37,"Demand":1,"DemandMax":null,"Value":962},{"Length":35,"Height":27,"Demand":3,"DemandMax":null,"Value":945},{"Length":17,"Height":55,"Demand":1,"DemandMax":null,"Value":935},{"Length":38,"Height":25,"Demand":2,"DemandMax":null,"Value":950},{"Length":41,"Height":23,"Demand":1,"DemandMax":null,"Value":943},{"Length":55,"Height":17,"Demand":1,"DemandMax":null,"Value":935},{"Length":23,"Height":41,"Demand":2,"DemandMax":null,"Value":943},{"Length":43,"Height":22,"Demand":2,"DemandMax":null,"Value":946},{"Length":45,"Height":21,"Demand":1,"DemandMax":null,"Value":945},{"Length":27,"Height":35,"Demand":1,"DemandMax":null,"Value":945},{"Length":20,"Height":47,"Demand":1,"DemandMax":null,"Value":940},{"Length":39,"Height":24,"Demand":1,"DemandMax":null,"Value":936},{"Length":25,"Height":38,"Demand":1,"DemandMax":null,"Value":950},{"Length":26,"Height":36,"Demand":3,"DemandMax":null,"Value":936},{"Length":18,"Height":51,"Demand":3,"DemandMax":null,"Value":918},{"Length":30,"Height":31,"Demand":3,"DemandMax":null,"Value":930},{"Length":31,"Height":30,"Demand":2,"DemandMax":null,"Value":930},{"Length":58,"Height":16,"Demand":4,"DemandMax":null,"Value":928},{"Length":57,"Height":16,"Demand":1,"DemandMax":null,"Value":912},{"Length":46,"Height":20,"Demand":4,"DemandMax":null,"Value":920},{"Length":40,"Height":23,"Demand":1,"DemandMax":null,"Value":920},{"Length":37,"Height":25,"Demand":1,"DemandMax":null,"Value":925},{"Length":48,"Height":19,"Demand":2,"DemandMax":null,"Value":912},{"Length":60,"Height":15,"Demand":1,"DemandMax":null,"Value":900},{"Length":32,"Height":29,"Demand":1,"DemandMax":null,"Value":928},{"Length":21,"Height":44,"Demand":1,"DemandMax":null,"Value":924},{"Length":26,"Height":35,"Demand":4,"DemandMax":null,"Value":910},{"Length":52,"Height":18,"Demand":2,"DemandMax":null,"Value":936},{"Length":47,"Height":20,"Demand":1,"DemandMax":null,"Value":940},{"Length":43,"Height":21,"Demand":3,"DemandMax":null,"Value":903},{"Length":22,"Height":41,"Demand":2,"DemandMax":null,"Value":902},{"Length":29,"Height":32,"Demand":1,"DemandMax":null,"Value":928},{"Length":27,"Height":34,"Demand":4,"DemandMax":null,"Value":918},{"Length":44,"Height":21,"Demand":1,"DemandMax":null,"Value":924},{"Length":23,"Height":40,"Demand":1,"DemandMax":null,"Value":920},{"Length":61,"Height":15,"Demand":1,"DemandMax":null,"Value":915},{"Length":23,"Height":39,"Demand":5,"DemandMax":null,"Value":897},{"Length":25,"Height":36,"Demand":3,"DemandMax":null,"Value":900},{"Length":42,"Height":22,"Demand":2,"DemandMax":null,"Value":924},{"Length":39,"Height":23,"Demand":2,"DemandMax":null,"Value":897},{"Length":29,"Height":31,"Demand":3,"DemandMax":null,"Value":899},{"Length":45,"Height":20,"Demand":1,"DemandMax":null,"Value":900},{"Length":34,"Height":27,"Demand":1,"DemandMax":null,"Value":918},{"Length":17,"Height":53,"Demand":1,"DemandMax":null,"Value":901},{"Length":35,"Height":26,"Demand":1,"DemandMax":null,"Value":910},{"Length":33,"Height":27,"Demand":7,"DemandMax":null,"Value":891},{"Length":20,"Height":44,"Demand":1,"DemandMax":null,"Value":880},{"Length":24,"Height":38,"Demand":1,"DemandMax":null,"Value":912},{"Length":32,"Height":28,"Demand":3,"DemandMax":null,"Value":896},{"Length":36,"Height":25,"Demand":4,"DemandMax":null,"Value":900},{"Length":28,"Height":32,"Demand":7,"DemandMax":null,"Value":896},{"Length":17,"Height":54,"Demand":1,"DemandMax":null,"Value":918},{"Length":33,"Height":28,"Demand":1,"DemandMax":null,"Value":924},{"Length":56,"Height":16,"Demand":2,"DemandMax":null,"Value":896},{"Length":55,"Height":16,"Demand":3,"DemandMax":null,"Value":880},{"Length":25,"Height":37,"Demand":1,"DemandMax":null,"Value":925},{"Length":30,"Height":30,"Demand":3,"DemandMax":null,"Value":900},{"Length":24,"Height":37,"Demand":4,"DemandMax":null,"Value":888},{"Length":20,"Height":45,"Demand":1,"DemandMax":null,"Value":900},{"Length":19,"Height":48,"Demand":1,"DemandMax":null,"Value":912},{"Length":54,"Height":17,"Demand":1,"DemandMax":null,"Value":918},{"Length":51,"Height":17,"Demand":2,"DemandMax":null,"Value":867},{"Length":26,"Height":34,"Demand":3,"DemandMax":null,"Value":884},{"Length":46,"Height":19,"Demand":4,"DemandMax":null,"Value":874},{"Length":52,"Height":17,"Demand":2,"DemandMax":null,"Value":884},{"Length":41,"Height":22,"Demand":2,"DemandMax":null,"Value":902},{"Length":35,"Height":25,"Demand":8,"DemandMax":null,"Value":875},{"Length":27,"Height":33,"Demand":1,"DemandMax":null,"Value":891},{"Length":22,"Height":40,"Demand":4,"DemandMax":null,"Value":880},{"Length":38,"Height":24,"Demand":1,"DemandMax":null,"Value":912},{"Length":31,"Height":29,"Demand":4,"DemandMax":null,"Value":899},{"Length":40,"Height":22,"Demand":7,"DemandMax":null,"Value":880},{"Length":58,"Height":15,"Demand":1,"DemandMax":null,"Value":870},{"Length":28,"Height":31,"Demand":2,"DemandMax":null,"Value":868},{"Length":18,"Height":49,"Demand":4,"DemandMax":null,"Value":882},{"Length":37,"Height":24,"Demand":2,"DemandMax":null,"Value":888},{"Length":23,"Height":38,"Demand":1,"DemandMax":null,"Value":874},{"Length":22,"Height":39,"Demand":4,"DemandMax":null,"Value":858},{"Length":21,"Height":43,"Demand":1,"DemandMax":null,"Value":903},{"Length":18,"Height":50,"Demand":2,"DemandMax":null,"Value":900},{"Length":16,"Height":56,"Demand":1,"DemandMax":null,"Value":896},{"Length":21,"Height":41,"Demand":4,"DemandMax":null,"Value":861},{"Length":39,"Height":22,"Demand":5,"DemandMax":null,"Value":858},{"Length":42,"Height":21,"Demand":2,"DemandMax":null,"Value":882},{"Length":29,"Height":30,"Demand":4,"DemandMax":null,"Value":870},{"Length":16,"Height":55,"Demand":1,"DemandMax":null,"Value":880},{"Length":18,"Height":48,"Demand":1,"DemandMax":null,"Value":864},{"Length":54,"Height":16,"Demand":4,"DemandMax":null,"Value":864},{"Length":34,"Height":26,"Demand":1,"DemandMax":null,"Value":884},{"Length":27,"Height":32,"Demand":3,"DemandMax":null,"Value":864},{"Length":30,"Height":29,"Demand":7,"DemandMax":null,"Value":870},{"Length":38,"Height":23,"Demand":2,"DemandMax":null,"Value":874},{"Length":47,"Height":19,"Demand":1,"DemandMax":null,"Value":893},{"Length":44,"Height":20,"Demand":3,"DemandMax":null,"Value":880},{"Length":32,"Height":27,"Demand":2,"DemandMax":null,"Value":864},{"Length":31,"Height":28,"Demand":3,"DemandMax":null,"Value":868},{"Length":43,"Height":20,"Demand":3,"DemandMax":null,"Value":860},{"Length":19,"Height":45,"Demand":2,"DemandMax":null,"Value":855},{"Length":18,"Height":47,"Demand":2,"DemandMax":null,"Value":846},{"Length":23,"Height":37,"Demand":4,"DemandMax":null,"Value":851},{"Length":20,"Height":43,"Demand":3,"DemandMax":null,"Value":860},{"Length":34,"Height":25,"Demand":1,"DemandMax":null,"Value":850},{"Length":16,"Height":54,"Demand":1,"DemandMax":null,"Value":864},{"Length":57,"Height":15,"Demand":2,"DemandMax":null,"Value":855},{"Length":25,"Height":35,"Demand":2,"DemandMax":null,"Value":875},{"Length":15,"Height":56,"Demand":2,"DemandMax":null,"Value":840},{"Length":24,"Height":36,"Demand":1,"DemandMax":null,"Value":864},{"Length":31,"Height":27,"Demand":1,"DemandMax":null,"Value":837},{"Length":49,"Height":18,"Demand":1,"DemandMax":null,"Value":882},{"Length":38,"Height":22,"Demand":1,"DemandMax":null,"Value":836},{"Length":45,"Height":19,"Demand":2,"DemandMax":null,"Value":855},{"Length":36,"Height":24,"Demand":1,"DemandMax":null,"Value":864},{"Length":25,"Height":34,"Demand":1,"DemandMax":null,"Value":850},{"Length":44,"Height":19,"Demand":2,"DemandMax":null,"Value":836},{"Length":15,"Height":58,"Demand":1,"DemandMax":null,"Value":870},{"Length":41,"Height":21,"Demand":1,"DemandMax":null,"Value":861},{"Length":19,"Height":44,"Demand":1,"DemandMax":null,"Value":836},{"Length":42,"Height":20,"Demand":1,"DemandMax":null,"Value":840},{"Length":30,"Height":28,"Demand":3,"DemandMax":null,"Value":840},{"Length":49,"Height":17,"Demand":1,"DemandMax":null,"Value":833},{"Length":33,"Height":26,"Demand":1,"DemandMax":null,"Value":858},{"Length":26,"Height":33,"Demand":1,"DemandMax":null,"Value":858},{"Length":26,"Height":32,"Demand":3,"DemandMax":null,"Value":832},{"Length":17,"Height":50,"Demand":1,"DemandMax":null,"Value":850},{"Length":20,"Height":42,"Demand":1,"DemandMax":null,"Value":840},{"Length":21,"Height":40,"Demand":2,"DemandMax":null,"Value":840},{"Length":28,"Height":30,"Demand":2,"DemandMax":null,"Value":840},{"Length":29,"Height":29,"Demand":3,"DemandMax":null,"Value":841},{"Length":19,"Height":43,"Demand":1,"DemandMax":null,"Value":817},{"Length":30,"Height":27,"Demand":3,"DemandMax":null,"Value":810},{"Length":41,"Height":20,"Demand":1,"DemandMax":null,"Value":820},{"Length":27,"Height":31,"Demand":1,"DemandMax":null,"Value":837},{"Length":17,"Height":49,"Demand":1,"DemandMax":null,"Value":833},{"Length":15,"Height":57,"Demand":1,"DemandMax":null,"Value":855},{"Length":37,"Height":22,"Demand":3,"DemandMax":null,"Value":814},{"Length":19,"Height":42,"Demand":1,"DemandMax":null,"Value":798},{"Length":46,"Height":18,"Demand":1,"DemandMax":null,"Value":828},{"Length":34,"Height":24,"Demand":1,"DemandMax":null,"Value":816},{"Length":51,"Height":16,"Demand":1,"DemandMax":null,"Value":816},{"Length":44,"Height":18,"Demand":2,"DemandMax":null,"Value":792},{"Length":14,"Height":57,"Demand":1,"DemandMax":null,"Value":798},{"Length":25,"Height":33,"Demand":1,"DemandMax":null,"Value":825},{"Length":29,"Height":28,"Demand":1,"DemandMax":null,"Value":812},{"Length":35,"Height":23,"Demand":3,"DemandMax":null,"Value":805},{"Length":22,"Height":37,"Demand":1,"DemandMax":null,"Value":814},{"Length":25,"Height":32,"Demand":3,"DemandMax":null,"Value":800},{"Length":33,"Height":25,"Demand":1,"DemandMax":null,"Value":825},{"Length":27,"Height":30,"Demand":1,"DemandMax":null,"Value":810},{"Length":26,"Height":30,"Demand":3,"DemandMax":null,"Value":780},{"Length":39,"Height":20,"Demand":2,"DemandMax":null,"Value":780},{"Length":42,"Height":19,"Demand":2,"DemandMax":null,"Value":798},{"Length":38,"Height":21,"Demand":1,"DemandMax":null,"Value":798},{"Length":26,"Height":31,"Demand":1,"DemandMax":null,"Value":806},{"Length":54,"Height":15,"Demand":1,"DemandMax":null,"Value":810},{"Length":37,"Height":21,"Demand":3,"DemandMax":null,"Value":777},{"Length":28,"Height":29,"Demand":1,"DemandMax":null,"Value":812},{"Length":21,"Height":38,"Demand":1,"DemandMax":null,"Value":798},{"Length":29,"Height":27,"Demand":2,"DemandMax":null,"Value":783},{"Length":41,"Height":19,"Demand":2,"DemandMax":null,"Value":779},{"Length":36,"Height":22,"Demand":2,"DemandMax":null,"Value":792},{"Length":21,"Height":37,"Demand":1,"DemandMax":null,"Value":777},{"Length":40,"Height":20,"Demand":1,"DemandMax":null,"Value":800},{"Length":18,"Height":43,"Demand":1,"DemandMax":null,"Value":774},{"Length":46,"Height":17,"Demand":1,"DemandMax":null,"Value":782},{"Length":27,"Height":29,"Demand":1,"DemandMax":null,"Value":783},{"Length":32,"Height":24,"Demand":2,"DemandMax":null,"Value":768},{"Length":16,"Height":49,"Demand":1,"DemandMax":null,"Value":784},{"Length":38,"Height":20,"Demand":5,"DemandMax":null,"Value":760},{"Length":55,"Height":14,"Demand":1,"DemandMax":null,"Value":770},{"Length":45,"Height":17,"Demand":2,"DemandMax":null,"Value":765},{"Length":49,"Height":16,"Demand":1,"DemandMax":null,"Value":784},{"Length":35,"Height":22,"Demand":6,"DemandMax":null,"Value":770},{"Length":27,"Height":28,"Demand":2,"DemandMax":null,"Value":756},{"Length":29,"Height":26,"Demand":3,"DemandMax":null,"Value":754},{"Length":24,"Height":32,"Demand":2,"DemandMax":null,"Value":768},{"Length":28,"Height":28,"Demand":1,"DemandMax":null,"Value":784},{"Length":43,"Height":18,"Demand":1,"DemandMax":null,"Value":774},{"Length":26,"Height":29,"Demand":3,"DemandMax":null,"Value":754},{"Length":22,"Height":35,"Demand":1,"DemandMax":null,"Value":770},{"Length":19,"Height":40,"Demand":1,"DemandMax":null,"Value":760},{"Length":36,"Height":21,"Demand":3,"DemandMax":null,"Value":756},{"Length":21,"Height":36,"Demand":4,"DemandMax":null,"Value":756},{"Length":19,"Height":41,"Demand":1,"DemandMax":null,"Value":779},{"Length":25,"Height":31,"Demand":1,"DemandMax":null,"Value":775},{"Length":20,"Height":37,"Demand":1,"DemandMax":null,"Value":740},{"Length":44,"Height":17,"Demand":2,"DemandMax":null,"Value":748},{"Length":42,"Height":18,"Demand":1,"DemandMax":null,"Value":756},{"Length":28,"Height":27,"Demand":2,"DemandMax":null,"Value":756},{"Length":18,"Height":41,"Demand":1,"DemandMax":null,"Value":738},{"Length":23,"Height":32,"Demand":1,"DemandMax":null,"Value":736},{"Length":17,"Height":43,"Demand":1,"DemandMax":null,"Value":731},{"Length":21,"Height":35,"Demand":1,"DemandMax":null,"Value":735},{"Length":49,"Height":15,"Demand":1,"DemandMax":null,"Value":735},{"Length":40,"Height":19,"Demand":1,"DemandMax":null,"Value":760},{"Length":34,"Height":22,"Demand":1,"DemandMax":null,"Value":748},{"Length":22,"Height":34,"Demand":2,"DemandMax":null,"Value":748},{"Length":20,"Height":38,"Demand":1,"DemandMax":null,"Value":760},{"Length":25,"Height":30,"Demand":1,"DemandMax":null,"Value":750},{"Length":19,"Height":39,"Demand":1,"DemandMax":null,"Value":741},{"Length":37,"Height":20,"Demand":1,"DemandMax":null,"Value":740},{"Length":45,"Height":16,"Demand":1,"DemandMax":null,"Value":720},{"Length":18,"Height":40,"Demand":2,"DemandMax":null,"Value":720},{"Length":26,"Height":28,"Demand":1,"DemandMax":null,"Value":728},{"Length":28,"Height":25,"Demand":1,"DemandMax":null,"Value":700},{"Length":16,"Height":42,"Demand":1,"DemandMax":null,"Value":672},{"Length":22,"Height":31,"Demand":1,"DemandMax":null,"Value":682},{"Length":45,"Height":15,"Demand":1,"DemandMax":null,"Value":675},{"Length":22,"Height":32,"Demand":1,"DemandMax":null,"Value":704},{"Length":24,"Height":29,"Demand":1,"DemandMax":null,"Value":696},{"Length":26,"Height":27,"Demand":1,"DemandMax":null,"Value":702},{"Length":33,"Height":21,"Demand":1,"DemandMax":null,"Value":693},{"Length":38,"Height":18,"Demand":1,"DemandMax":null,"Value":684},{"Length":19,"Height":36,"Demand":1,"DemandMax":null,"Value":684},{"Length":22,"Height":30,"Demand":1,"DemandMax":null,"Value":660},{"Length":30,"Height":22,"Demand":1,"DemandMax":null,"Value":660},{"Length":40,"Height":16,"Demand":1,"DemandMax":null,"Value":640},{"Length":22,"Height":29,"Demand":1,"DemandMax":null,"Value":638},{"Length":42,"Height":15,"Demand":1,"DemandMax":null,"Value":630},{"Length":32,"Height":20,"Demand":1,"DemandMax":null,"Value":640},{"Length":41,"Height":15,"Demand":1,"DemandMax":null,"Value":615},{"Length":35,"Height":18,"Demand":1,"DemandMax":null,"Value":630},{"Length":24,"Height":25,"Demand":1,"DemandMax":null,"Value":600},{"Length":19,"Height":31,"Demand":1,"DemandMax":null,"Value":589},{"Length":19,"Height":32,"Demand":1,"DemandMax":null,"Value":608},{"Length":19,"Height":30,"Demand":2,"DemandMax":null,"Value":570},{"Length":16,"Height":36,"Demand":1,"DemandMax":null,"Value":576},{"Length":29,"Height":19,"Demand":2,"DemandMax":null,"Value":551},{"Length":40,"Height":14,"Demand":1,"DemandMax":null,"Value":560},{"Length":26,"Height":22,"Demand":1,"DemandMax":null,"Value":572},{"Length":17,"Height":32,"Demand":1,"DemandMax":null,"Value":544},{"Length":44,"Height":12,"Demand":1,"DemandMax":null,"Value":528},{"Length":28,"Height":20,"Demand":1,"DemandMax":null,"Value":560},{"Length":14,"Height":40,"Demand":1,"DemandMax":null,"Value":560},{"Length":26,"Height":20,"Demand":1,"DemandMax":null,"Value":520},{"Length":20,"Height":27,"Demand":1,"DemandMax":null,"Value":540},{"Length":18,"Height":29,"Demand":1,"DemandMax":null,"Value":522},{"Length":40,"Height":13,"Demand":1,"DemandMax":null,"Value":520},{"Length":17,"Height":31,"Demand":2,"DemandMax":null,"Value":527},{"Length":27,"Height":19,"Demand":1,"DemandMax":null,"Value":513},{"Length":31,"Height":17,"Demand":1,"DemandMax":null,"Value":527},{"Length":23,"Height":23,"Demand":1,"DemandMax":null,"Value":529},{"Length":43,"Height":12,"Demand":1,"DemandMax":null,"Value":516},{"Length":19,"Height":27,"Demand":2,"DemandMax":null,"Value":513},{"Length":16,"Height":32,"Demand":1,"DemandMax":null,"Value":512},{"Length":13,"Height":39,"Demand":2,"DemandMax":null,"Value":507},{"Length":24,"Height":22,"Demand":1,"DemandMax":null,"Value":528},{"Length":21,"Height":25,"Demand":1,"DemandMax":null,"Value":525},{"Length":25,"Height":20,"Demand":1,"DemandMax":null,"Value":500},{"Length":28,"Height":18,"Demand":1,"DemandMax":null,"Value":504},{"Length":32,"Height":15,"Demand":4,"DemandMax":null,"Value":480},{"Length":17,"Height":30,"Demand":1,"DemandMax":null,"Value":510},{"Length":24,"Height":21,"Demand":1,"DemandMax":null,"Value":504},{"Length":20,"Height":25,"Demand":2,"DemandMax":null,"Value":500},{"Length":26,"Height":19,"Demand":1,"DemandMax":null,"Value":494},{"Length":44,"Height":11,"Demand":1,"DemandMax":null,"Value":484},{"Length":24,"Height":20,"Demand":2,"DemandMax":null,"Value":480},{"Length":27,"Height":18,"Demand":1,"DemandMax":null,"Value":486},{"Length":12,"Height":42,"Demand":1,"DemandMax":null,"Value":504},{"Length":16,"Height":30,"Demand":1,"DemandMax":null,"Value":480},{"Length":34,"Height":14,"Demand":3,"DemandMax":null,"Value":476},{"Length":40,"Height":12,"Demand":1,"DemandMax":null,"Value":480},{"Length":18,"Height":27,"Demand":1,"DemandMax":null,"Value":486},{"Length":19,"Height":25,"Demand":3,"DemandMax":null,"Value":475},{"Length":30,"Height":17,"Demand":1,"DemandMax":null,"Value":510},{"Length":17,"Height":28,"Demand":6,"DemandMax":null,"Value":476},{"Length":21,"Height":23,"Demand":1,"DemandMax":null,"Value":483},{"Length":25,"Height":19,"Demand":1,"DemandMax":null,"Value":475},{"Length":31,"Height":15,"Demand":1,"DemandMax":null,"Value":465},{"Length":23,"Height":21,"Demand":2,"DemandMax":null,"Value":483},{"Length":20,"Height":24,"Demand":1,"DemandMax":null,"Value":480},{"Length":29,"Height":16,"Demand":4,"DemandMax":null,"Value":464},{"Length":14,"Height":34,"Demand":1,"DemandMax":null,"Value":476},{"Length":26,"Height":18,"Demand":5,"DemandMax":null,"Value":468},{"Length":30,"Height":16,"Demand":2,"DemandMax":null,"Value":480},{"Length":22,"Height":22,"Demand":3,"DemandMax":null,"Value":484},{"Length":24,"Height":19,"Demand":3,"DemandMax":null,"Value":456},{"Length":22,"Height":21,"Demand":3,"DemandMax":null,"Value":462},{"Length":42,"Height":11,"Demand":1,"DemandMax":null,"Value":462},{"Length":27,"Height":17,"Demand":3,"DemandMax":null,"Value":459},{"Length":28,"Height":17,"Demand":3,"DemandMax":null,"Value":476},{"Length":13,"Height":35,"Demand":2,"DemandMax":null,"Value":455},{"Length":18,"Height":25,"Demand":1,"DemandMax":null,"Value":450},{"Length":32,"Height":14,"Demand":1,"DemandMax":null,"Value":448},{"Length":23,"Height":20,"Demand":2,"DemandMax":null,"Value":460},{"Length":25,"Height":18,"Demand":1,"DemandMax":null,"Value":450},{"Length":40,"Height":11,"Demand":1,"DemandMax":null,"Value":440},{"Length":21,"Height":22,"Demand":1,"DemandMax":null,"Value":462},{"Length":34,"Height":13,"Demand":1,"DemandMax":null,"Value":442},{"Length":13,"Height":34,"Demand":1,"DemandMax":null,"Value":442},{"Length":15,"Height":31,"Demand":1,"DemandMax":null,"Value":465},{"Length":22,"Height":20,"Demand":1,"DemandMax":null,"Value":440},{"Length":38,"Height":12,"Demand":2,"DemandMax":null,"Value":456},{"Length":12,"Height":40,"Demand":1,"DemandMax":null,"Value":480},{"Length":17,"Height":26,"Demand":1,"DemandMax":null,"Value":442},{"Length":16,"Height":28,"Demand":1,"DemandMax":null,"Value":448},{"Length":29,"Height":15,"Demand":1,"DemandMax":null,"Value":435},{"Length":21,"Height":21,"Demand":1,"DemandMax":null,"Value":441},{"Length":19,"Height":24,"Demand":1,"DemandMax":null,"Value":456}]}