{"Name":"nice11t","Objects":[{"Length":1000,"Height":1001,"Stock":null,"Cost":1001000}],"Items":[{"Length":84,"Height":46,"Demand":1,"DemandMax":null,"Value":3864},{"Length":61,"Height":62,"Demand":1,"DemandMax":null,"Value":3782},{"Length":72,"Height":51,"Demand":1,"DemandMax":null,"Value":3672},{"Length":84,"Height":41,"Demand":1,"DemandMax":null,"Value":3444},{"Length":66,"Height":52,"Demand":1,"DemandMax":null,"Value":3432},{"Length":58,"Height":52,"Demand":1,"DemandMax":null,"Value":3016},{"Length":42,"Height":71,"Demand":1,"DemandMax":null,"Value":2982},{"Length":72,"Height":41,"Demand":1,"DemandMax":null,"Value":2952},{"Length":76,"Height":34,"Demand":1,"DemandMax":null,"Value":2584},{"Length":29,"Height":90,"Demand":1,"DemandMax":null,"Value":2610},{"Length":28,"Height":89,"Demand":1,"DemandMax":null,"Value":2492},{"Length":29,"Height":86,"Demand":1,"DemandMax":null,"Value":2494},{"Length":44,"Height":56,"Demand":1,"DemandMax":null,"Value":2464},{"Length":46,"Height":49,"Demand":1,"DemandMax":null,"Value":2254},{"Length":39,"Height":55,"Demand":1,"DemandMax":null,"Value":2145},{"Length":29,"Height":73,"Demand":1,"DemandMax":null,"Value":2117},{"Length":42,"Height":50,"Demand":1,"DemandMax":null,"Value":2100},{"Length":23,"Height":90,"Demand":1,"DemandMax":null,"Value":2070},{"Length":42,"Height":46,"Demand":1,"DemandMax":null,"Value":1932},{"Length":24,"Height":79,"Demand":1,"DemandMax":null,"Value":1896},{"Length":67,"Height":28,"Demand":1,"DemandMax":null,"Value":1876},{"Length":69,"Height":27,"Demand":2,"DemandMax":null,"Value":1863},{"Length":43,"Height":44,"Demand":1,"DemandMax":null,"Value":1892},{"Length":50,"Height":37,"Demand":1,"DemandMax":null,"Value":1850},{"Length":22,"Height":83,"Demand":1,"DemandMax":null,"Value":1826},{"Length":45,"Height":41,"Demand":1,"DemandMax":null,"Value":1845},{"Length":29,"Height":61,"Demand":1,"DemandMax":null,"Value":1769},{"Length":46,"Height":38,"Demand":1,"DemandMax":null,"Value":1748},{"Length":43,"Height":41,"Demand":1,"DemandMax":null,"Value":1763},{"Length":48,"Height":37,"Demand":1,"DemandMax":null,"Value":1776},{"Length":47,"Height":37,"Demand":1,"DemandMax":null,"Value":1739},{"Length":63,"Height":27,"Demand":1,"DemandMax":null,"Value":1701},{"Length":48,"Height":36,"Demand":1,"DemandMax":null,"Value":1728},{"Length":50,"Height":34,"Demand":1,"DemandMax":null,"Value":1700},{"Length":32,"Height":53,"Demand":1,"DemandMax":null,"Value":1696},{"Length":27,"Height":62,"Demand":1,"DemandMax":null,"Value":1674},{"Length":21,"Height":81,"Demand":2,"DemandMax":null,"Value":1701},{"Length":49,"Height":33,"Demand":1,"DemandMax":null,"Value":1617},{"Length":68,"Height":24,"Demand":1,"DemandMax":null,"Value":1632},{"Length":41,"Height":38,"Demand":1,"DemandMax":null,"Value":1558},{"Length":51,"Height":31,"Demand":1,"DemandMax":null,"Value":1581},{"Length":20,"Height":78,"Demand":1,"DemandMax":null,"Value":1560},{"Length":36,"Height":42,"Demand":1,"DemandMax":null,"Value":1512},{"Length":48,"Height":32,"Demand":1,"DemandMax":null,"Value":1536},{"Length":31,"Height":48,"Demand":1,"DemandMax":null,"Value":1488},{"Length":55,"Height":27,"Demand":1,"DemandMax":null,"Value":1485},{"Length":40,"Height":37,"Demand":1,"DemandMax":null,"Value":1480},{"Length":48,"Height":31,"Demand":1,"DemandMax":null,"Value":1488},{"Length":23,"Height":64,"Demand":1,"DemandMax":null,"Value":1472},{"Length":54,"Height":27,"Demand":1,"DemandMax":null,"Value":1458},{"Length":33,"Height":45,"Demand":1,"DemandMax":null,"Value":1485},{"Length":29,"Height":50,"Demand":1,"DemandMax":null,"Value":1450},{"Length":31,"Height":47,"Demand":1,"DemandMax":null,"Value":1457},{"Length":22,"Height":65,"Demand":1,"DemandMax":null,"Value":1430},{"Length":48,"Height":29,"Demand":1,"DemandMax":null,"Value":1392},{"Length":30,"Height":47,"Demand":1,"DemandMax":null,"Value":1410},{"Length":34,"Height":41,"Demand":1,"DemandMax":null,"Value":1394},{"Length":42,"Height":33,"Demand":1,"DemandMax":null,"Value":1386},{"Length":27,"Height":52,"Demand":1,"DemandMax":null,"Value":1404},{"Length":25,"Height":56,"Demand":1,"DemandMax":null,"Value":1400},{"Length":45,"Height":31,"Demand":1,"DemandMax":null,"Value":1395},{"Length":46,"Height":31,"Demand":1,"DemandMax":null,"Value":1426},{"Length":54,"Height":26,"Demand":1,"DemandMax":null,"Value":1404},{"Length":26,"Height":53,"Demand":2,"DemandMax":null,"Value":1378},{"Length":40,"Height":34,"Demand":1,"DemandMax":null,"Value":1360},{"Length":36,"Height":38,"Demand":2,"DemandMax":null,"Value":1368},{"Length":41,"Height":33,"Demand":1,"DemandMax":null,"Value":1353},{"Length":66,"Height":21,"Demand":1,"DemandMax":null,"Value":1386},{"Length":19,"Height":73,"Demand":1,"DemandMax":null,"Value":1387},{"Length":51,"Height":27,"Demand":1,"DemandMax":null,"Value":1377},{"Length":72,"Height":19,"Demand":1,"DemandMax":null,"Value":1368},{"Length":60,"Height":23,"Demand":1,"DemandMax":null,"Value":1380},{"Length":23,"Height":59,"Demand":1,"DemandMax":null,"Value":1357},{"Length":54,"Height":25,"Demand":1,"DemandMax":null,"Value":1350},{"Length":23,"Height":58,"Demand":1,"DemandMax":null,"Value":1334},{"Length":39,"Height":35,"Demand":1,"DemandMax":null,"Value":1365},{"Length":31,"Height":44,"Demand":1,"DemandMax":null,"Value":1364},{"Length":48,"Height":28,"Demand":1,"DemandMax":null,"Value":1344},{"Length":30,"Height":45,"Demand":1,"DemandMax":null,"Value":1350},{"Length":20,"Height":65,"Demand":4,"DemandMax":null,"Value":1300},{"Length":68,"Height":20,"Demand":1,"DemandMax":null,"Value":1360},{"Length":71,"Height":19,"Demand":1,"DemandMax":null,"Value":1349},{"Length":24,"Height":56,"Demand":1,"DemandMax":null,"Value":1344},{"Length":62,"Height":21,"Demand":1,"DemandMax":null,"Value":1302},{"Length":39,"Height":34,"Demand":3,"DemandMax":null,"Value":1326},{"Length":29,"Height":46,"Demand":1,"DemandMax":null,"Value":1334},{"Length":30,"Height":44,"Demand":3,"DemandMax":null,"Value":1320},{"Length":46,"Height":28,"Demand":1,"DemandMax":null,"Value":1288},{"Length":33,"Height":39,"Demand":1,"DemandMax":null,"Value":1287},{"Length":32,"Height":41,"Demand":1,"DemandMax":null,"Value":1312},{"Length":18,"Height":72,"Demand":1,"DemandMax":null,"Value":1296},{"Length":26,"Height":50,"Demand":2,"DemandMax":null,"Value":1300},{"Length":34,"Height":39,"Demand":1,"DemandMax":null,"Value":1326},{"Length":20,"Height":64,"Demand":1,"DemandMax":null,"Value":1280},{"Length":31,"Height":42,"Demand":1,"DemandMax":null,"Value":1302},{"Length":34,"Height":38,"Demand":1,"DemandMax":null,"Value":1292},{"Length":35,"Height":37,"Demand":1,"DemandMax":null,"Value":1295},{"Length":61,"Height":21,"Demand":2,"DemandMax":null,"Value":1281},{"Length":42,"Height":31,"Demand":1,"DemandMax":null,"Value":1302},{"Length":48,"Height":27,"Demand":1,"DemandMax":null,"Value":1296},{"Length":28,"Height":46,"Demand":1,"DemandMax":null,"Value":1288},{"Length":30,"Height":43,"Demand":1,"DemandMax":null,"Value":1290},{"Length":70,"Height":18,"Demand":3,"DemandMax":null,"Value":1260},{"Length":25,"Height":52,"Demand":1,"DemandMax":null,"Value":1300},{"Length":68,"Height":19,"Demand":1,"DemandMax":null,"Value":1292},{"Length":22,"Height":58,"Demand":1,"DemandMax":null,"Value":1276},{"Length":71,"Height":18,"Demand":2,"DemandMax":null,"Value":1278},{"Length":31,"Height":41,"Demand":1,"DemandMax":null,"Value":1271},{"Length":34,"Height":37,"Demand":1,"DemandMax":null,"Value":1258},{"Length":36,"Height":35,"Demand":3,"DemandMax":null,"Value":1260},{"Length":67,"Height":19,"Demand":2,"DemandMax":null,"Value":1273},{"Length":37,"Height":34,"Demand":1,"DemandMax":null,"Value":1258},{"Length":39,"Height":33,"Demand":2,"DemandMax":null,"Value":1287},{"Length":25,"Height":51,"Demand":1,"DemandMax":null,"Value":1275},{"Length":24,"Height":51,"Demand":2,"DemandMax":null,"Value":1224},{"Length":23,"Height":55,"Demand":1,"DemandMax":null,"Value":1265},{"Length":43,"Height":29,"Demand":2,"DemandMax":null,"Value":1247},{"Length":40,"Height":31,"Demand":2,"DemandMax":null,"Value":1240},{"Length":29,"Height":43,"Demand":1,"DemandMax":null,"Value":1247},{"Length":33,"Height":38,"Demand":1,"DemandMax":null,"Value":1254},{"Length":20,"Height":63,"Demand":1,"DemandMax":null,"Value":1260},{"Length":46,"Height":27,"Demand":1,"DemandMax":null,"Value":1242},{"Length":52,"Height":24,"Demand":1,"DemandMax":null,"Value":1248},{"Length":28,"Height":44,"Demand":1,"DemandMax":null,"Value":1232},{"Length":39,"Height":32,"Demand":2,"DemandMax":null,"Value":1248},{"Length":26,"Height":48,"Demand":1,"DemandMax":null,"Value":1248},{"Length":23,"Height":54,"Demand":1,"DemandMax":null,"Value":1242},{"Length":20,"Height":60,"Demand":1,"DemandMax":null,"Value":1200},{"Length":38,"Height":33,"Demand":1,"DemandMax":null,"Value":1254},{"Length":27,"Height":46,"Demand":1,"DemandMax":null,"Value":1242},{"Length":21,"Height":58,"Demand":2,"DemandMax":null,"Value":1218},{"Length":30,"Height":40,"Demand":1,"DemandMax":null,"Value":1200},{"Length":37,"Height":33,"Demand":1,"DemandMax":null,"Value":1221},{"Length":32,"Height":38,"Demand":1,"DemandMax":null,"Value":1216},{"Length":19,"Height":63,"Demand":1,"DemandMax":null,"Value":1197},{"Length":39,"Height":31,"Demand":2,"DemandMax":null,"Value":1209},{"Length":67,"Height":18,"Demand":2,"DemandMax":null,"Value":1206},{"Length":24,"Height":50,"Demand":1,"DemandMax":null,"Value":1200},{"Length":22,"Height":54,"Demand":3,"DemandMax":null,"Value":1188},{"Length":47,"Height":26,"Demand":1,"DemandMax":null,"Value":1222},{"Length":29,"Height":41,"Demand":2,"DemandMax":null,"Value":1189},{"Length":56,"Height":22,"Demand":1,"DemandMax":null,"Value":1232},{"Length":18,"Height":67,"Demand":1,"DemandMax":null,"Value":1206},{"Length":35,"Height":35,"Demand":1,"DemandMax":null,"Value":1225},{"Length":51,"Height":23,"Demand":2,"DemandMax":null,"Value":1173},{"Length":28,"Height":43,"Demand":1,"DemandMax":null,"Value":1204},{"Length":25,"Height":49,"Demand":1,"DemandMax":null,"Value":1225},{"Length":26,"Height":46,"Demand":1,"DemandMax":null,"Value":1196},{"Length":24,"Height":48,"Demand":3,"DemandMax":null,"Value":1152},{"Length":41,"Height":29,"Demand":4,"DemandMax":null,"Value":1189},{"Length":54,"Height":22,"Demand":1,"DemandMax":null,"Value":1188},{"Length":36,"Height":33,"Demand":1,"DemandMax":null,"Value":1188},{"Length":31,"Height":38,"Demand":1,"DemandMax":null,"Value":1178},{"Length":22,"Height":53,"Demand":1,"DemandMax":null,"Value":1166},{"Length":23,"Height":52,"Demand":1,"DemandMax":null,"Value":1196},{"Length":37,"Height":32,"Demand":1,"DemandMax":null,"Value":1184},{"Length":48,"Height":24,"Demand":4,"DemandMax":null,"Value":1152},{"Length":49,"Height":24,"Demand":1,"DemandMax":null,"Value":1176},{"Length":22,"Height":52,"Demand":2,"DemandMax":null,"Value":1144},{"Length":26,"Height":45,"Demand":1,"DemandMax":null,"Value":1170},{"Length":23,"Height":50,"Demand":1,"DemandMax":null,"Value":1150},{"Length":47,"Height":25,"Demand":1,"DemandMax":null,"Value":1175},{"Length":18,"Height":63,"Demand":1,"DemandMax":null,"Value":1134},{"Length":61,"Height":19,"Demand":2,"DemandMax":null,"Value":1159},{"Length":37,"Height":31,"Demand":1,"DemandMax":null,"Value":1147},{"Length":36,"Height":32,"Demand":3,"DemandMax":null,"Value":1152},{"Length":52,"Height":22,"Demand":1,"DemandMax":null,"Value":1144},{"Length":41,"Height":28,"Demand":1,"DemandMax":null,"Value":1148},{"Length":39,"Height":29,"Demand":4,"DemandMax":null,"Value":1131},{"Length":17,"Height":67,"Demand":1,"DemandMax":null,"Value":1139},{"Length":23,"Height":51,"Demand":1,"DemandMax":null,"Value":1173},{"Length":27,"Height":42,"Demand":1,"DemandMax":null,"Value":1134},{"Length":18,"Height":65,"Demand":1,"DemandMax":null,"Value":1170},{"Length":46,"Height":25,"Demand":3,"DemandMax":null,"Value":1150},{"Length":31,"Height":37,"Demand":1,"DemandMax":null,"Value":1147},{"Length":29,"Height":39,"Demand":2,"DemandMax":null,"Value":1131},{"Length":50,"Height":23,"Demand":1,"DemandMax":null,"Value":1150},{"Length":30,"Height":38,"Demand":2,"DemandMax":null,"Value":1140},{"Length":23,"Height":49,"Demand":2,"DemandMax":null,"Value":1127},{"Length":25,"Height":46,"Demand":2,"DemandMax":null,"Value":1150},{"Length":35,"Height":33,"Demand":2,"DemandMax":null,"Value":1155},{"Length":27,"Height":41,"Demand":5,"DemandMax":null,"Value":1107},{"Length":32,"Height":35,"Demand":1,"DemandMax":null,"Value":1120},{"Length":24,"Height":47,"Demand":3,"DemandMax":null,"Value":1128},{"Length":47,"Height":24,"Demand":1,"DemandMax":null,"Value":1128},{"Length":20,"Height":56,"Demand":2,"DemandMax":null,"Value":1120},{"Length":21,"Height":53,"Demand":2,"DemandMax":null,"Value":1113},{"Length":53,"Height":21,"Demand":1,"DemandMax":null,"Value":1113},{"Length":26,"Height":44,"Demand":1,"DemandMax":null,"Value":1144},{"Length":36,"Height":31,"Demand":1,"DemandMax":null,"Value":1116},{"Length":23,"Height":48,"Demand":1,"DemandMax":null,"Value":1104},{"Length":42,"Height":26,"Demand":2,"DemandMax":null,"Value":1092},{"Length":34,"Height":33,"Demand":1,"DemandMax":null,"Value":1122},{"Length":22,"Height":50,"Demand":3,"DemandMax":null,"Value":1100},{"Length":18,"Height":61,"Demand":1,"DemandMax":null,"Value":1098},{"Length":34,"Height":32,"Demand":3,"DemandMax":null,"Value":1088},{"Length":25,"Height":45,"Demand":1,"DemandMax":null,"Value":1125},{"Length":23,"Height":47,"Demand":1,"DemandMax":null,"Value":1081},{"Length":22,"Height":51,"Demand":1,"DemandMax":null,"Value":1122},{"Length":25,"Height":44,"Demand":3,"DemandMax":null,"Value":1100},{"Length":51,"Height":22,"Demand":2,"DemandMax":null,"Value":1122},{"Length":31,"Height":36,"Demand":1,"DemandMax":null,"Value":1116},{"Length":24,"Height":46,"Demand":2,"DemandMax":null,"Value":1104},{"Length":19,"Height":57,"Demand":1,"DemandMax":null,"Value":1083},{"Length":26,"Height":43,"Demand":1,"DemandMax":null,"Value":1118},{"Length":19,"Height":58,"Demand":1,"DemandMax":null,"Value":1102},{"Length":52,"Height":21,"Demand":2,"DemandMax":null,"Value":1092},{"Length":21,"Height":52,"Demand":1,"DemandMax":null,"Value":1092},{"Length":27,"Height":40,"Demand":1,"DemandMax":null,"Value":1080},{"Length":31,"Height":35,"Demand":2,"DemandMax":null,"Value":1085},{"Length":40,"Height":27,"Demand":2,"DemandMax":null,"Value":1080},{"Length":23,"Height":46,"Demand":3,"DemandMax":null,"Value":1058},{"Length":26,"Height":41,"Demand":3,"DemandMax":null,"Value":1066},{"Length":33,"Height":33,"Demand":1,"DemandMax":null,"Value":1089},{"Length":35,"Height":30,"Demand":3,"DemandMax":null,"Value":1050},{"Length":32,"Height":34,"Demand":1,"DemandMax":null,"Value":1088},{"Length":19,"Height":55,"Demand":1,"DemandMax":null,"Value":1045},{"Length":37,"Height":29,"Demand":3,"DemandMax":null,"Value":1073},{"Length":47,"Height":23,"Demand":1,"DemandMax":null,"Value":1081},{"Length":29,"Height":37,"Demand":2,"DemandMax":null,"Value":1073},{"Length":54,"Height":20,"Demand":1,"DemandMax":null,"Value":1080},{"Length":21,"Height":50,"Demand":2,"DemandMax":null,"Value":1050},{"Length":29,"Height":36,"Demand":2,"DemandMax":null,"Value":1044},{"Length":24,"Height":44,"Demand":2,"DemandMax":null,"Value":1056},{"Length":22,"Height":47,"Demand":2,"DemandMax":null,"Value":1034},{"Length":28,"Height":38,"Demand":2,"DemandMax":null,"Value":1064},{"Length":25,"Height":42,"Demand":2,"DemandMax":null,"Value":1050},{"Length":22,"Height":49,"Demand":1,"DemandMax":null,"Value":1078},{"Length":32,"Height":33,"Demand":1,"DemandMax":null,"Value":1056},{"Length":24,"Height":43,"Demand":3,"DemandMax":null,"Value":1032},{"Length":33,"Height":32,"Demand":2,"DemandMax":null,"Value":1056},{"Length":27,"Height":39,"Demand":1,"DemandMax":null,"Value":1053},{"Length":30,"Height":36,"Demand":1,"DemandMax":null,"Value":1080},{"Length":38,"Height":28,"Demand":1,"DemandMax":null,"Value":1064},{"Length":20,"Height":53,"Demand":2,"DemandMax":null,"Value":1060},{"Length":51,"Height":21,"Demand":1,"DemandMax":null,"Value":1071},{"Length":41,"Height":26,"Demand":2,"DemandMax":null,"Value":1066},{"Length":37,"Height":28,"Demand":2,"DemandMax":null,"Value":1036},{"Length":19,"Height":54,"Demand":2,"DemandMax":null,"Value":1026},{"Length":45,"Height":23,"Demand":3,"DemandMax":null,"Value":1035},{"Length":45,"Height":24,"Demand":1,"DemandMax":null,"Value":1080},{"Length":49,"Height":21,"Demand":2,"DemandMax":null,"Value":1029},{"Length":39,"Height":27,"Demand":2,"DemandMax":null,"Value":1053},{"Length":40,"Height":26,"Demand":1,"DemandMax":null,"Value":1040},{"Length":17,"Height":63,"Demand":1,"DemandMax":null,"Value":1071},{"Length":23,"Height":45,"Demand":3,"DemandMax":null,"Value":1035},{"Length":18,"Height":57,"Demand":1,"DemandMax":null,"Value":1026},{"Length":43,"Height":24,"Demand":1,"DemandMax":null,"Value":1032},{"Length":59,"Height":17,"Demand":2,"DemandMax":null,"Value":1003},{"Length":64,"Height":16,"Demand":1,"DemandMax":null,"Value":1024},{"Length":31,"Height":33,"Demand":4,"DemandMax":null,"Value":1023},{"Length":54,"Height":19,"Demand":2,"DemandMax":null,"Value":1026},{"Length":16,"Height":64,"Demand":1,"DemandMax":null,"Value":1024},{"Length":25,"Height":41,"Demand":4,"DemandMax":null,"Value":1025},{"Length":34,"Height":30,"Demand":2,"DemandMax":null,"Value":1020},{"Length":51,"Height":20,"Demand":1,"DemandMax":null,"Value":1020},{"Length":20,"Height":52,"Demand":1,"DemandMax":null,"Value":1040},{"Length":36,"Height":29,"Demand":1,"DemandMax":null,"Value":1044},{"Length":22,"Height":46,"Demand":4,"DemandMax":null,"Value":1012},{"Length":61,"Height":17,"Demand":3,"DemandMax":null,"Value":1037},{"Length":36,"Height":28,"Demand":2,"DemandMax":null,"Value":1008},{"Length":23,"Height":44,"Demand":1,"DemandMax":null,"Value":1012},{"Length":32,"Height":32,"Demand":4,"DemandMax":null,"Value":1024},{"Length":52,"Height":20,"Demand":1,"DemandMax":null,"Value":1040},{"Length":17,"Height":60,"Demand":1,"DemandMax":null,"Value":1020},{"Length":27,"Height":38,"Demand":3,"DemandMax":null,"Value":1026},{"Length":24,"Height":42,"Demand":2,"DemandMax":null,"Value":1008},{"Length":20,"Height":51,"Demand":2,"DemandMax":null,"Value":1020},{"Length":44,"Height":23,"Demand":2,"DemandMax":null,"Value":1012},{"Length":18,"Height":56,"Demand":2,"DemandMax":null,"Value":1008},{"Length":30,"Height":34,"Demand":1,"DemandMax":null,"Value":1020},{"Length":16,"Height":63,"Demand":1,"DemandMax":null,"Value":1008},{"Length":19,"Height":53,"Demand":3,"DemandMax":null,"Value":1007},{"Length":19,"Height":52,"Demand":3,"DemandMax":null,"Value":988},{"Length":26,"Height":39,"Demand":1,"DemandMax":null,"Value":1014},{"Length":46,"Height":22,"Demand":4,"DemandMax":null,"Value":1012},{"Length":42,"Height":24,"Demand":3,"DemandMax":null,"Value":1008},{"Length":33,"Height":30,"Demand":4,"DemandMax":null,"Value":990},{"Length":48,"Height":21,"Demand":2,"DemandMax":null,"Value":1008},{"Length":45,"Height":22,"Demand":2,"DemandMax":null,"Value":990},{"Length":25,"Height":40,"Demand":3,"DemandMax":null,"Value":1000},{"Length":24,"Height":41,"Demand":4,"DemandMax":null,"Value":984},{"Length":57,"Height":18,"Demand":1,"DemandMax":null,"Value":1026},{"Length":37,"Height":27,"Demand":4,"DemandMax":null,"Value":999},{"Length":43,"Height":23,"Demand":1,"DemandMax":null,"Value":989},{"Length":23,"Height":43,"Demand":3,"DemandMax":null,"Value":989},{"Length":21,"Height":49,"Demand":1,"DemandMax":null,"Value":1029},{"Length":29,"Height":34,"Demand":2,"DemandMax":null,"Value":986},{"Length":17,"Height":57,"Demand":1,"DemandMax":null,"Value":969},{"Length":50,"Height":20,"Demand":1,"DemandMax":null,"Value":1000},{"Length":23,"Height":42,"Demand":2,"DemandMax":null,"Value":966},{"Length":61,"Height":16,"Demand":2,"DemandMax":null,"Value":976},{"Length":30,"Height":33,"Demand":2,"DemandMax":null,"Value":990},{"Length":18,"Height":54,"Demand":1,"DemandMax":null,"Value":972},{"Length":34,"Height":29,"Demand":2,"DemandMax":null,"Value":986},{"Length":40,"Height":25,"Demand":1,"DemandMax":null,"Value":1000},{"Length":27,"Height":37,"Demand":1,"DemandMax":null,"Value":999},{"Length":22,"Height":45,"Demand":2,"DemandMax":null,"Value":990},{"Length":17,"Height":58,"Demand":1,"DemandMax":null,"Value":986},{"Length":36,"Height":27,"Demand":1,"DemandMax":null,"Value":972},{"Length":34,"Height":28,"Demand":1,"DemandMax":null,"Value":952},{"Length":39,"Height":25,"Demand":1,"DemandMax":null,"Value":975},{"Length":38,"Height":25,"Demand":1,"DemandMax":null,"Value":950},{"Length":26,"Height":38,"Demand":1,"DemandMax":null,"Value":988},{"Length":48,"Height":20,"Demand":2,"DemandMax":null,"Value":960},{"Length":29,"Height":33,"Demand":3,"DemandMax":null,"Value":957},{"Length":24,"Height":40,"Demand":2,"DemandMax":null,"Value":960},{"Length":19,"Height":50,"Demand":1,"DemandMax":null,"Value":950},{"Length":21,"Height":46,"Demand":1,"DemandMax":null,"Value":966},{"Length":30,"Height":32,"Demand":3,"DemandMax":null,"Value":960},{"Length":59,"Height":16,"Demand":2,"DemandMax":null,"Value":944},{"Length":16,"Height":59,"Demand":1,"DemandMax":null,"Value":944},{"Length":25,"Height":39,"Demand":2,"DemandMax":null,"Value":975},{"Length":44,"Height":22,"Demand":2,"DemandMax":null,"Value":968},{"Length":37,"Height":26,"Demand":1,"DemandMax":null,"Value":962},{"Length":41,"Height":23,"Demand":2,"DemandMax":null,"Value":943},{"Length":25,"Height":38,"Demand":4,"DemandMax":null,"Value":950},{"Length":53,"Height":18,"Demand":2,"DemandMax":null,"Value":954},{"Length":51,"Height":19,"Demand":3,"DemandMax":null,"Value":969},{"Length":22,"Height":43,"Demand":1,"DemandMax":null,"Value":946},{"Length":40,"Height":24,"Demand":2,"DemandMax":null,"Value":960},{"Length":19,"Height":51,"Demand":2,"DemandMax":null,"Value":969},{"Length":28,"Height":33,"Demand":2,"DemandMax":null,"Value":924},{"Length":20,"Height":49,"Demand":2,"DemandMax":null,"Value":980},{"Length":29,"Height":32,"Demand":3,"DemandMax":null,"Value":928},{"Length":52,"Height":18,"Demand":1,"DemandMax":null,"Value":936},{"Length":35,"Height":27,"Demand":1,"DemandMax":null,"Value":945},{"Length":37,"Height":25,"Demand":2,"DemandMax":null,"Value":925},{"Length":33,"Height":28,"Demand":3,"DemandMax":null,"Value":924},{"Length":15,"Height":61,"Demand":1,"DemandMax":null,"Value":915},{"Length":16,"Height":60,"Demand":1,"DemandMax":null,"Value":960},{"Length":20,"Height":46,"Demand":2,"DemandMax":null,"Value":920},{"Length":23,"Height":41,"Demand":1,"DemandMax":null,"Value":943},{"Length":40,"Height":23,"Demand":2,"DemandMax":null,"Value":920},{"Length":45,"Height":21,"Demand":1,"DemandMax":null,"Value":945},{"Length":18,"Height":51,"Demand":3,"DemandMax":null,"Value":918},{"Length":44,"Height":21,"Demand":3,"DemandMax":null,"Value":924},{"Length":38,"Height":24,"Demand":1,"DemandMax":null,"Value":912},{"Length":24,"Height":39,"Demand":5,"DemandMax":null,"Value":936},{"Length":27,"Height":35,"Demand":1,"DemandMax":null,"Value":945},{"Length":23,"Height":40,"Demand":2,"DemandMax":null,"Value":920},{"Length":15,"Height":60,"Demand":1,"DemandMax":null,"Value":900},{"Length":42,"Height":22,"Demand":1,"DemandMax":null,"Value":924},{"Length":20,"Height":47,"Demand":1,"DemandMax":null,"Value":940},{"Length":51,"Height":18,"Demand":3,"DemandMax":null,"Value":918},{"Length":22,"Height":41,"Demand":1,"DemandMax":null,"Value":902},{"Length":24,"Height":38,"Demand":2,"DemandMax":null,"Value":912},{"Length":30,"Height":31,"Demand":2,"DemandMax":null,"Value":930},{"Length":50,"Height":19,"Demand":1,"DemandMax":null,"Value":950},{"Length":36,"Height":26,"Demand":3,"DemandMax":null,"Value":936},{"Length":32,"Height":29,"Demand":1,"DemandMax":null,"Value":928},{"Length":19,"Height":49,"Demand":4,"DemandMax":null,"Value":931},{"Length":31,"Height":30,"Demand":2,"DemandMax":null,"Value":930},{"Length":60,"Height":15,"Demand":2,"DemandMax":null,"Value":900},{"Length":19,"Height":48,"Demand":1,"DemandMax":null,"Value":912},{"Length":41,"Height":22,"Demand":1,"DemandMax":null,"Value":902},{"Length":16,"Height":57,"Demand":1,"DemandMax":null,"Value":912},{"Length":49,"Height":19,"Demand":1,"DemandMax":null,"Value":931},{"Length":32,"Height":28,"Demand":3,"DemandMax":null,"Value":896},{"Length":27,"Height":33,"Demand":1,"DemandMax":null,"Value":891},{"Length":21,"Height":43,"Demand":1,"DemandMax":null,"Value":903},{"Length":45,"Height":20,"Demand":3,"DemandMax":null,"Value":900},{"Length":30,"Height":30,"Demand":1,"DemandMax":null,"Value":900},{"Length":20,"Height":45,"Demand":2,"DemandMax":null,"Value":900},{"Length":35,"Height":26,"Demand":1,"DemandMax":null,"Value":910},{"Length":19,"Height":47,"Demand":2,"DemandMax":null,"Value":893},{"Length":36,"Height":25,"Demand":2,"DemandMax":null,"Value":900},{"Length":46,"Height":20,"Demand":1,"DemandMax":null,"Value":920},{"Length":50,"Height":18,"Demand":1,"DemandMax":null,"Value":900},{"Length":15,"Height":59,"Demand":1,"DemandMax":null,"Value":885},{"Length":17,"Height":54,"Demand":1,"DemandMax":null,"Value":918},{"Length":17,"Height":53,"Demand":1,"DemandMax":null,"Value":901},{"Length":47,"Height":19,"Demand":1,"DemandMax":null,"Value":893},{"Length":23,"Height":39,"Demand":3,"DemandMax":null,"Value":897},{"Length":21,"Height":42,"Demand":3,"DemandMax":null,"Value":882},{"Length":17,"Height":52,"Demand":2,"DemandMax":null,"Value":884},{"Length":29,"Height":31,"Demand":1,"DemandMax":null,"Value":899},{"Length":31,"Height":28,"Demand":1,"DemandMax":null,"Value":868},{"Length":43,"Height":21,"Demand":1,"DemandMax":null,"Value":903},{"Length":29,"Height":30,"Demand":1,"DemandMax":null,"Value":870},{"Length":16,"Height":54,"Demand":2,"DemandMax":null,"Value":864},{"Length":42,"Height":21,"Demand":1,"DemandMax":null,"Value":882},{"Length":19,"Height":46,"Demand":3,"DemandMax":null,"Value":874},{"Length":32,"Height":27,"Demand":2,"DemandMax":null,"Value":864},{"Length":35,"Height":25,"Demand":1,"DemandMax":null,"Value":875},{"Length":23,"Height":38,"Demand":3,"DemandMax":null,"Value":874},{"Length":15,"Height":58,"Demand":6,"DemandMax":null,"Value":870},{"Length":22,"Height":39,"Demand":1,"DemandMax":null,"Value":858},{"Length":28,"Height":32,"Demand":1,"DemandMax":null,"Value":896},{"Length":57,"Height":16,"Demand":1,"DemandMax":null,"Value":912},{"Length":58,"Height":15,"Demand":2,"DemandMax":null,"Value":870},{"Length":44,"Height":20,"Demand":1,"DemandMax":null,"Value":880},{"Length":37,"Height":24,"Demand":3,"DemandMax":null,"Value":888},{"Length":20,"Height":44,"Demand":1,"DemandMax":null,"Value":880},{"Length":40,"Height":22,"Demand":1,"DemandMax":null,"Value":880},{"Length":43,"Height":20,"Demand":1,"DemandMax":null,"Value":860},{"Length":26,"Height":33,"Demand":2,"DemandMax":null,"Value":858},{"Length":17,"Height":51,"Demand":2,"DemandMax":null,"Value":867},{"Length":25,"Height":34,"Demand":3,"DemandMax":null,"Value":850},{"Length":45,"Height":19,"Demand":1,"DemandMax":null,"Value":855},{"Length":33,"Height":27,"Demand":1,"DemandMax":null,"Value":891},{"Length":25,"Height":36,"Demand":1,"DemandMax":null,"Value":900},{"Length":51,"Height":17,"Demand":1,"DemandMax":null,"Value":867},{"Length":18,"Height":49,"Demand":1,"DemandMax":null,"Value":882},{"Length":52,"Height":17,"Demand":1,"DemandMax":null,"Value":884},{"Length":38,"Height":23,"Demand":1,"DemandMax":null,"Value":874},{"Length":34,"Height":26,"Demand":2,"DemandMax":null,"Value":884},{"Length":25,"Height":35,"Demand":2,"DemandMax":null,"Value":875},{"Length":17,"Height":50,"Demand":2,"DemandMax":null,"Value":850},{"Length":53,"Height":16,"Demand":1,"DemandMax":null,"Value":848},{"Length":30,"Height":29,"Demand":2,"DemandMax":null,"Value":870},{"Length":16,"Height":55,"Demand":1,"DemandMax":null,"Value":880},{"Length":28,"Height":31,"Demand":2,"DemandMax":null,"Value":868},{"Length":41,"Height":21,"Demand":3,"DemandMax":null,"Value":861},{"Length":19,"Height":45,"Demand":2,"DemandMax":null,"Value":855},{"Length":24,"Height":36,"Demand":1,"DemandMax":null,"Value":864},{"Length":29,"Height":29,"Demand":3,"DemandMax":null,"Value":841},{"Length":20,"Height":42,"Demand":4,"DemandMax":null,"Value":840},{"Length":44,"Height":19,"Demand":2,"DemandMax":null,"Value":836},{"Length":52,"Height":16,"Demand":3,"DemandMax":null,"Value":832},{"Length":27,"Height":32,"Demand":2,"DemandMax":null,"Value":864},{"Length":18,"Height":47,"Demand":3,"DemandMax":null,"Value":846},{"Length":23,"Height":37,"Demand":1,"DemandMax":null,"Value":851},{"Length":57,"Height":15,"Demand":2,"DemandMax":null,"Value":855},{"Length":47,"Height":18,"Demand":2,"DemandMax":null,"Value":846},{"Length":18,"Height":46,"Demand":3,"DemandMax":null,"Value":828},{"Length":54,"Height":16,"Demand":1,"DemandMax":null,"Value":864},{"Length":21,"Height":40,"Demand":3,"DemandMax":null,"Value":840},{"Length":32,"Height":26,"Demand":4,"DemandMax":null,"Value":832},{"Length":35,"Height":24,"Demand":2,"DemandMax":null,"Value":840},{"Length":40,"Height":21,"Demand":4,"DemandMax":null,"Value":840},{"Length":21,"Height":41,"Demand":1,"DemandMax":null,"Value":861},{"Length":15,"Height":56,"Demand":1,"DemandMax":null,"Value":840},{"Length":18,"Height":48,"Demand":1,"DemandMax":null,"Value":864},{"Length":42,"Height":20,"Demand":1,"DemandMax":null,"Value":840},{"Length":28,"Height":30,"Demand":2,"DemandMax":null,"Value":840},{"Length":49,"Height":17,"Demand":1,"DemandMax":null,"Value":833},{"Length":23,"Height":36,"Demand":1,"DemandMax":null,"Value":828},{"Length":51,"Height":16,"Demand":1,"DemandMax":null,"Value":816},{"Length":36,"Height":23,"Demand":2,"DemandMax":null,"Value":828},{"Length":24,"Height":34,"Demand":3,"DemandMax":null,"Value":816},{"Length":25,"Height":33,"Demand":1,"DemandMax":null,"Value":825},{"Length":45,"Height":18,"Demand":3,"DemandMax":null,"Value":810},{"Length":31,"Height":27,"Demand":2,"DemandMax":null,"Value":837},{"Length":24,"Height":35,"Demand":1,"DemandMax":null,"Value":840},{"Length":16,"Height":51,"Demand":4,"DemandMax":null,"Value":816},{"Length":43,"Height":19,"Demand":1,"DemandMax":null,"Value":817},{"Length":21,"Height":39,"Demand":3,"DemandMax":null,"Value":819},{"Length":30,"Height":28,"Demand":1,"DemandMax":null,"Value":840},{"Length":22,"Height":38,"Demand":3,"DemandMax":null,"Value":836},{"Length":33,"Height":25,"Demand":1,"DemandMax":null,"Value":825},{"Length":21,"Height":38,"Demand":4,"DemandMax":null,"Value":798},{"Length":46,"Height":18,"Demand":1,"DemandMax":null,"Value":828},{"Length":29,"Height":28,"Demand":3,"DemandMax":null,"Value":812},{"Length":55,"Height":15,"Demand":1,"DemandMax":null,"Value":825},{"Length":26,"Height":32,"Demand":1,"DemandMax":null,"Value":832},{"Length":22,"Height":37,"Demand":2,"DemandMax":null,"Value":814},{"Length":27,"Height":30,"Demand":4,"DemandMax":null,"Value":810},{"Length":19,"Height":43,"Demand":1,"DemandMax":null,"Value":817},{"Length":30,"Height":27,"Demand":1,"DemandMax":null,"Value":810},{"Length":39,"Height":21,"Demand":1,"DemandMax":null,"Value":819},{"Length":37,"Height":22,"Demand":1,"DemandMax":null,"Value":814},{"Length":26,"Height":31,"Demand":3,"DemandMax":null,"Value":806},{"Length":17,"Height":49,"Demand":1,"DemandMax":null,"Value":833},{"Length":38,"Height":22,"Demand":1,"DemandMax":null,"Value":836},{"Length":42,"Height":19,"Demand":1,"DemandMax":null,"Value":798},{"Length":28,"Height":29,"Demand":1,"DemandMax":null,"Value":812},{"Length":23,"Height":35,"Demand":1,"DemandMax":null,"Value":805},{"Length":54,"Height":15,"Demand":1,"DemandMax":null,"Value":810},{"Length":40,"Height":20,"Demand":1,"DemandMax":null,"Value":800},{"Length":32,"Height":25,"Demand":1,"DemandMax":null,"Value":800},{"Length":22,"Height":36,"Demand":2,"DemandMax":null,"Value":792},{"Length":17,"Height":47,"Demand":2,"DemandMax":null,"Value":799},{"Length":31,"Height":25,"Demand":1,"DemandMax":null,"Value":775},{"Length":25,"Height":32,"Demand":2,"DemandMax":null,"Value":800},{"Length":38,"Height":21,"Demand":1,"DemandMax":null,"Value":798},{"Length":33,"Height":24,"Demand":1,"DemandMax":null,"Value":792},{"Length":16,"Height":50,"Demand":1,"DemandMax":null,"Value":800},{"Length":27,"Height":29,"Demand":2,"DemandMax":null,"Value":783},{"Length":29,"Height":27,"Demand":1,"DemandMax":null,"Value":783},{"Length":41,"Height":19,"Demand":2,"DemandMax":null,"Value":779},{"Length":55,"Height":14,"Demand":2,"DemandMax":null,"Value":770},{"Length":20,"Height":39,"Demand":1,"DemandMax":null,"Value":780},{"Length":21,"Height":37,"Demand":1,"DemandMax":null,"Value":777},{"Length":15,"Height":52,"Demand":1,"DemandMax":null,"Value":780},{"Length":30,"Height":26,"Demand":1,"DemandMax":null,"Value":780},{"Length":36,"Height":21,"Demand":1,"DemandMax":null,"Value":756},{"Length":35,"Height":22,"Demand":2,"DemandMax":null,"Value":770},{"Length":38,"Height":20,"Demand":1,"DemandMax":null,"Value":760},{"Length":34,"Height":23,"Demand":2,"DemandMax":null,"Value":782},{"Length":28,"Height":27,"Demand":1,"DemandMax":null,"Value":756},{"Length":47,"Height":16,"Demand":1,"DemandMax":null,"Value":752},{"Length":49,"Height":16,"Demand":1,"DemandMax":null,"Value":784},{"Length":16,"Height":47,"Demand":2,"DemandMax":null,"Value":752},{"Length":33,"Height":23,"Demand":2,"DemandMax":null,"Value":759},{"Length":20,"Height":38,"Demand":4,"DemandMax":null,"Value":760},{"Length":29,"Height":26,"Demand":3,"DemandMax":null,"Value":754},{"Length":44,"Height":18,"Demand":1,"DemandMax":null,"Value":792},{"Length":15,"Height":50,"Demand":1,"DemandMax":null,"Value":750},{"Length":24,"Height":32,"Demand":1,"DemandMax":null,"Value":768},{"Length":14,"Height":55,"Demand":2,"DemandMax":null,"Value":770},{"Length":25,"Height":31,"Demand":1,"DemandMax":null,"Value":775},{"Length":21,"Height":36,"Demand":1,"DemandMax":null,"Value":756},{"Length":45,"Height":17,"Demand":2,"DemandMax":null,"Value":765},{"Length":23,"Height":34,"Demand":1,"DemandMax":null,"Value":782},{"Length":22,"Height":35,"Demand":1,"DemandMax":null,"Value":770},{"Length":27,"Height":28,"Demand":1,"DemandMax":null,"Value":756},{"Length":15,"Height":51,"Demand":1,"DemandMax":null,"Value":765},{"Length":20,"Height":37,"Demand":2,"DemandMax":null,"Value":740},{"Length":32,"Height":23,"Demand":1,"DemandMax":null,"Value":736},{"Length":37,"Height":20,"Demand":2,"DemandMax":null,"Value":740},{"Length":30,"Height":25,"Demand":1,"DemandMax":null,"Value":750},{"Length":19,"Height":40,"Demand":1,"DemandMax":null,"Value":760},{"Length":35,"Height":21,"Demand":4,"DemandMax":null,"Value":735},{"Length":18,"Height":41,"Demand":2,"DemandMax":null,"Value":738},{"Length":31,"Height":24,"Demand":1,"DemandMax":null,"Value":744},{"Length":40,"Height":19,"Demand":1,"DemandMax":null,"Value":760},{"Length":19,"Height":39,"Demand":2,"DemandMax":null,"Value":741},{"Length":29,"Height":25,"Demand":4,"DemandMax":null,"Value":725},{"Length":23,"Height":32,"Demand":1,"DemandMax":null,"Value":736},{"Length":28,"Height":26,"Demand":3,"DemandMax":null,"Value":728},{"Length":25,"Height":30,"Demand":2,"DemandMax":null,"Value":750},{"Length":42,"Height":17,"Demand":1,"DemandMax":null,"Value":714},{"Length":33,"Height":22,"Demand":1,"DemandMax":null,"Value":726},{"Length":48,"Height":15,"Demand":2,"DemandMax":null,"Value":720},{"Length":34,"Height":21,"Demand":1,"DemandMax":null,"Value":714},{"Length":40,"Height":18,"Demand":2,"DemandMax":null,"Value":720},{"Length":17,"Height":44,"Demand":1,"DemandMax":null,"Value":748},{"Length":27,"Height":27,"Demand":2,"DemandMax":null,"Value":729},{"Length":25,"Height":29,"Demand":2,"DemandMax":null,"Value":725},{"Length":36,"Height":20,"Demand":3,"DemandMax":null,"Value":720},{"Length":41,"Height":18,"Demand":1,"DemandMax":null,"Value":738},{"Length":19,"Height":38,"Demand":1,"DemandMax":null,"Value":722},{"Length":45,"Height":16,"Demand":2,"DemandMax":null,"Value":720},{"Length":21,"Height":34,"Demand":2,"DemandMax":null,"Value":714},{"Length":15,"Height":47,"Demand":2,"DemandMax":null,"Value":705},{"Length":26,"Height":28,"Demand":2,"DemandMax":null,"Value":728},{"Length":21,"Height":35,"Demand":1,"DemandMax":null,"Value":735},{"Length":18,"Height":39,"Demand":2,"DemandMax":null,"Value":702},{"Length":25,"Height":28,"Demand":1,"DemandMax":null,"Value":700},{"Length":33,"Height":21,"Demand":4,"DemandMax":null,"Value":693},{"Length":18,"Height":40,"Demand":1,"DemandMax":null,"Value":720},{"Length":37,"Height":19,"Demand":1,"DemandMax":null,"Value":703},{"Length":49,"Height":15,"Demand":1,"DemandMax":null,"Value":735},{"Length":16,"Height":45,"Demand":1,"DemandMax":null,"Value":720},{"Length":31,"Height":23,"Demand":2,"DemandMax":null,"Value":713},{"Length":14,"Height":52,"Demand":1,"DemandMax":null,"Value":728},{"Length":14,"Height":53,"Demand":1,"DemandMax":null,"Value":742},{"Length":46,"Height":16,"Demand":1,"DemandMax":null,"Value":736},{"Length":53,"Height":13,"Demand":1,"DemandMax":null,"Value":689},{"Length":38,"Height":19,"Demand":2,"DemandMax":null,"Value":722},{"Length":26,"Height":27,"Demand":2,"DemandMax":null,"Value":702},{"Length":43,"Height":17,"Demand":1,"DemandMax":null,"Value":731},{"Length":19,"Height":37,"Demand":2,"DemandMax":null,"Value":703},{"Length":22,"Height":32,"Demand":3,"DemandMax":null,"Value":704},{"Length":32,"Height":22,"Demand":2,"DemandMax":null,"Value":704},{"Length":35,"Height":20,"Demand":1,"DemandMax":null,"Value":700},{"Length":44,"Height":16,"Demand":1,"DemandMax":null,"Value":704},{"Length":20,"Height":36,"Demand":1,"DemandMax":null,"Value":720},{"Length":30,"Height":23,"Demand":1,"DemandMax":null,"Value":690},{"Length":13,"Height":53,"Demand":1,"DemandMax":null,"Value":689},{"Length":34,"Height":20,"Demand":1,"DemandMax":null,"Value":680},{"Length":24,"Height":29,"Demand":1,"DemandMax":null,"Value":696},{"Length":28,"Height":24,"Demand":1,"DemandMax":null,"Value":672},{"Length":36,"Height":19,"Demand":3,"DemandMax":null,"Value":684},{"Length":16,"Height":44,"Demand":2,"DemandMax":null,"Value":704},{"Length":13,"Height":51,"Demand":2,"DemandMax":null,"Value":663},{"Length":26,"Height":26,"Demand":2,"DemandMax":null,"Value":676},{"Length":21,"Height":32,"Demand":3,"DemandMax":null,"Value":672},{"Length":20,"Height":35,"Demand":1,"DemandMax":null,"Value":700},{"Length":23,"Height":30,"Demand":1,"DemandMax":null,"Value":690},{"Length":27,"Height":25,"Demand":3,"DemandMax":null,"Value":675},{"Length":24,"Height":28,"Demand":1,"DemandMax":null,"Value":672},{"Length":27,"Height":26,"Demand":1,"DemandMax":null,"Value":702},{"Length":31,"Height":22,"Demand":1,"DemandMax":null,"Value":682},{"Length":43,"Height":16,"Demand":1,"DemandMax":null,"Value":688},{"Length":29,"Height":23,"Demand":1,"DemandMax":null,"Value":667},{"Length":51,"Height":13,"Demand":1,"DemandMax":null,"Value":663},{"Length":41,"Height":17,"Demand":2,"DemandMax":null,"Value":697},{"Length":22,"Height":30,"Demand":1,"DemandMax":null,"Value":660},{"Length":25,"Height":27,"Demand":2,"DemandMax":null,"Value":675},{"Length":35,"Height":19,"Demand":1,"DemandMax":null,"Value":665},{"Length":13,"Height":50,"Demand":2,"DemandMax":null,"Value":650},{"Length":20,"Height":33,"Demand":1,"DemandMax":null,"Value":660},{"Length":33,"Height":20,"Demand":1,"DemandMax":null,"Value":660},{"Length":48,"Height":13,"Demand":1,"DemandMax":null,"Value":624},{"Length":32,"Height":20,"Demand":1,"DemandMax":null,"Value":640},{"Length":23,"Height":28,"Demand":1,"DemandMax":null,"Value":644},{"Length":36,"Height":18,"Demand":1,"DemandMax":null,"Value":648},{"Length":33,"Height":19,"Demand":1,"DemandMax":null,"Value":627},{"Length":27,"Height":24,"Demand":1,"DemandMax":null,"Value":648},{"Length":43,"Height":15,"Demand":1,"DemandMax":null,"Value":645},{"Length":18,"Height":35,"Demand":1,"DemandMax":null,"Value":630},{"Length":31,"Height":20,"Demand":1,"DemandMax":null,"Value":620},{"Length":13,"Height":47,"Demand":1,"DemandMax":null,"Value":611},{"Length":23,"Height":27,"Demand":1,"DemandMax":null,"Value":621},{"Length":13,"Height":46,"Demand":2,"DemandMax":null,"Value":598},{"Length":34,"Height":18,"Demand":2,"DemandMax":null,"Value":612},{"Length":27,"Height":23,"Demand":1,"DemandMax":null,"Value":621},{"Length":15,"Height":40,"Demand":1,"DemandMax":null,"Value":600},{"Length":42,"Height":14,"Demand":1,"DemandMax":null,"Value":588},{"Length":16,"Height":38,"Demand":2,"DemandMax":null,"Value":608},{"Length":30,"Height":20,"Demand":1,"DemandMax":null,"Value":600},{"Length":27,"Height":22,"Demand":3,"DemandMax":null,"Value":594},{"Length":29,"Height":20,"Demand":2,"DemandMax":null,"Value":580},{"Length":16,"Height":36,"Demand":2,"DemandMax":null,"Value":576},{"Length":14,"Height":41,"Demand":3,"DemandMax":null,"Value":574},{"Length":44,"Height":13,"Demand":1,"DemandMax":null,"Value":572},{"Length":12,"Height":47,"Demand":1,"DemandMax":null,"Value":564},{"Length":34,"Height":17,"Demand":1,"DemandMax":null,"Value":578},{"Length":25,"Height":23,"Demand":3,"DemandMax":null,"Value":575},{"Length":33,"Height":18,"Demand":1,"DemandMax":null,"Value":594},{"Length":26,"Height":22,"Demand":3,"DemandMax":null,"Value":572},{"Length":17,"Height":33,"Demand":1,"DemandMax":null,"Value":561},{"Length":33,"Height":17,"Demand":4,"DemandMax":null,"Value":561},{"Length":19,"Height":30,"Demand":2,"DemandMax":null,"Value":570},{"Length":36,"Height":16,"Demand":2,"DemandMax":null,"Value":576},{"Length":15,"Height":38,"Demand":2,"DemandMax":null,"Value":570},{"Length":37,"Height":15,"Demand":2,"DemandMax":null,"Value":555},{"Length":23,"Height":24,"Demand":1,"DemandMax":null,"Value":552},{"Length":42,"Height":13,"Demand":1,"DemandMax":null,"Value":546},{"Length":14,"Height":39,"Demand":1,"DemandMax":null,"Value":546},{"Length":20,"Height":28,"Demand":1,"DemandMax":null,"Value":560},{"Length":25,"Height":22,"Demand":1,"DemandMax":null,"Value":550},{"Length":28,"Height":20,"Demand":1,"DemandMax":null,"Value":560},{"Length":13,"Height":41,"Demand":1,"DemandMax":null,"Value":533},{"Length":22,"Height":26,"Demand":1,"DemandMax":null,"Value":572},{"Length":21,"Height":26,"Demand":1,"DemandMax":null,"Value":546}]}