{"Name":"path42t","Objects":[{"Length":1000,"Height":999,"Stock":null,"Cost":999000}],"Items":[{"Length":53,"Height":230,"Demand":1,"DemandMax":null,"Value":12190},{"Length":454,"Height":26,"Demand":1,"DemandMax":null,"Value":11804},{"Length":44,"Height":230,"Demand":1,"DemandMax":null,"Value":10120},{"Length":48,"Height":205,"Demand":1,"DemandMax":null,"Value":9840},{"Length":29,"Height":319,"Demand":1,"DemandMax":null,"Value":9251},{"Length":89,"Height":99,"Demand":1,"DemandMax":null,"Value":8811},{"Length":54,"Height":136,"Demand":1,"DemandMax":null,"Value":7344},{"Length":252,"Height":28,"Demand":1,"DemandMax":null,"Value":7056},{"Length":33,"Height":199,"Demand":1,"DemandMax":null,"Value":6567},{"Length":485,"Height":13,"Demand":1,"DemandMax":null,"Value":6305},{"Length":50,"Height":129,"Demand":1,"DemandMax":null,"Value":6450},{"Length":104,"Height":59,"Demand":1,"DemandMax":null,"Value":6136},{"Length":83,"Height":73,"Demand":1,"DemandMax":null,"Value":6059},{"Length":57,"Height":102,"Demand":1,"DemandMax":null,"Value":5814},{"Length":528,"Height":11,"Demand":1,"DemandMax":null,"Value":5808},{"Length":56,"Height":88,"Demand":1,"DemandMax":null,"Value":4928},{"Length":205,"Height":22,"Demand":1,"DemandMax":null,"Value":4510},{"Length":447,"Height":9,"Demand":1,"DemandMax":null,"Value":4023},{"Length":204,"Height":20,"Demand":1,"DemandMax":null,"Value":4080},{"Length":13,"Height":319,"Demand":1,"DemandMax":null,"Value":4147},{"Length":47,"Height":87,"Demand":1,"DemandMax":null,"Value":4089},{"Length":55,"Height":74,"Demand":1,"DemandMax":null,"Value":4070},{"Length":252,"Height":15,"Demand":1,"DemandMax":null,"Value":3780},{"Length":204,"Height":19,"Demand":1,"DemandMax":null,"Value":3876},{"Length":105,"Height":36,"Demand":1,"DemandMax":null,"Value":3780},{"Length":54,"Height":69,"Demand":1,"DemandMax":null,"Value":3726},{"Length":49,"Height":75,"Demand":1,"DemandMax":null,"Value":3675},{"Length":137,"Height":26,"Demand":1,"DemandMax":null,"Value":3562},{"Length":320,"Height":11,"Demand":1,"DemandMax":null,"Value":3520},{"Length":485,"Height":7,"Demand":1,"DemandMax":null,"Value":3395},{"Length":34,"Height":94,"Demand":1,"DemandMax":null,"Value":3196},{"Length":154,"Height":20,"Demand":1,"DemandMax":null,"Value":3080},{"Length":15,"Height":199,"Demand":1,"DemandMax":null,"Value":2985},{"Length":224,"Height":12,"Demand":1,"DemandMax":null,"Value":2688},{"Length":25,"Height":106,"Demand":1,"DemandMax":null,"Value":2650},{"Length":56,"Height":47,"Demand":1,"DemandMax":null,"Value":2632},{"Length":320,"Height":8,"Demand":1,"DemandMax":null,"Value":2560},{"Length":14,"Height":172,"Demand":1,"DemandMax":null,"Value":2408},{"Length":302,"Height":8,"Demand":1,"DemandMax":null,"Value":2416},{"Length":306,"Height":8,"Demand":1,"DemandMax":null,"Value":2448},{"Length":209,"Height":11,"Demand":1,"DemandMax":null,"Value":2299},{"Length":91,"Height":26,"Demand":1,"DemandMax":null,"Value":2366},{"Length":171,"Height":13,"Demand":1,"DemandMax":null,"Value":2223},{"Length":43,"Height":52,"Demand":1,"DemandMax":null,"Value":2236},{"Length":181,"Height":12,"Demand":1,"DemandMax":null,"Value":2172},{"Length":332,"Height":7,"Demand":1,"DemandMax":null,"Value":2324},{"Length":26,"Height":85,"Demand":1,"DemandMax":null,"Value":2210},{"Length":146,"Height":15,"Demand":1,"DemandMax":null,"Value":2190},{"Length":44,"Height":49,"Demand":1,"DemandMax":null,"Value":2156},{"Length":120,"Height":18,"Demand":1,"DemandMax":null,"Value":2160},{"Length":46,"Height":45,"Demand":1,"DemandMax":null,"Value":2070},{"Length":13,"Height":157,"Demand":1,"DemandMax":null,"Value":2041},{"Length":69,"Height":28,"Demand":1,"DemandMax":null,"Value":1932},{"Length":135,"Height":14,"Demand":1,"DemandMax":null,"Value":1890},{"Length":100,"Height":19,"Demand":1,"DemandMax":null,"Value":1900},{"Length":70,"Height":28,"Demand":1,"DemandMax":null,"Value":1960},{"Length":49,"Height":39,"Demand":1,"DemandMax":null,"Value":1911},{"Length":27,"Height":70,"Demand":1,"DemandMax":null,"Value":1890},{"Length":71,"Height":27,"Demand":1,"DemandMax":null,"Value":1917},{"Length":57,"Height":33,"Demand":1,"DemandMax":null,"Value":1881},{"Length":56,"Height":34,"Demand":1,"DemandMax":null,"Value":1904},{"Length":101,"Height":19,"Demand":1,"DemandMax":null,"Value":1919},{"Length":59,"Height":32,"Demand":1,"DemandMax":null,"Value":1888},{"Length":56,"Height":33,"Demand":1,"DemandMax":null,"Value":1848},{"Length":165,"Height":11,"Demand":1,"DemandMax":null,"Value":1815},{"Length":35,"Height":53,"Demand":1,"DemandMax":null,"Value":1855},{"Length":44,"Height":42,"Demand":1,"DemandMax":null,"Value":1848},{"Length":31,"Height":59,"Demand":1,"DemandMax":null,"Value":1829},{"Length":142,"Height":13,"Demand":1,"DemandMax":null,"Value":1846},{"Length":40,"Height":45,"Demand":1,"DemandMax":null,"Value":1800},{"Length":8,"Height":230,"Demand":1,"DemandMax":null,"Value":1840},{"Length":235,"Height":7,"Demand":1,"DemandMax":null,"Value":1645},{"Length":5,"Height":319,"Demand":1,"DemandMax":null,"Value":1595},{"Length":236,"Height":7,"Demand":1,"DemandMax":null,"Value":1652},{"Length":15,"Height":114,"Demand":1,"DemandMax":null,"Value":1710},{"Length":189,"Height":8,"Demand":1,"DemandMax":null,"Value":1512},{"Length":47,"Height":33,"Demand":1,"DemandMax":null,"Value":1551},{"Length":209,"Height":8,"Demand":1,"DemandMax":null,"Value":1672},{"Length":94,"Height":17,"Demand":1,"DemandMax":null,"Value":1598},{"Length":27,"Height":59,"Demand":1,"DemandMax":null,"Value":1593},{"Length":376,"Height":4,"Demand":1,"DemandMax":null,"Value":1504},{"Length":73,"Height":21,"Demand":1,"DemandMax":null,"Value":1533},{"Length":123,"Height":12,"Demand":1,"DemandMax":null,"Value":1476},{"Length":20,"Height":74,"Demand":1,"DemandMax":null,"Value":1480},{"Length":47,"Height":32,"Demand":1,"DemandMax":null,"Value":1504},{"Length":17,"Height":87,"Demand":1,"DemandMax":null,"Value":1479},{"Length":42,"Height":35,"Demand":1,"DemandMax":null,"Value":1470},{"Length":91,"Height":16,"Demand":2,"DemandMax":null,"Value":1456},{"Length":17,"Height":85,"Demand":1,"DemandMax":null,"Value":1445},{"Length":22,"Height":65,"Demand":1,"DemandMax":null,"Value":1430},{"Length":157,"Height":9,"Demand":1,"DemandMax":null,"Value":1413},{"Length":104,"Height":14,"Demand":1,"DemandMax":null,"Value":1456},{"Length":182,"Height":8,"Demand":1,"DemandMax":null,"Value":1456},{"Length":219,"Height":7,"Demand":1,"DemandMax":null,"Value":1533},{"Length":6,"Height":237,"Demand":1,"DemandMax":null,"Value":1422},{"Length":216,"Height":6,"Demand":1,"DemandMax":null,"Value":1296},{"Length":16,"Height":86,"Demand":1,"DemandMax":null,"Value":1376},{"Length":154,"Height":9,"Demand":1,"DemandMax":null,"Value":1386},{"Length":45,"Height":30,"Demand":1,"DemandMax":null,"Value":1350},{"Length":252,"Height":5,"Demand":1,"DemandMax":null,"Value":1260},{"Length":6,"Height":214,"Demand":1,"DemandMax":null,"Value":1284},{"Length":69,"Height":19,"Demand":1,"DemandMax":null,"Value":1311},{"Length":183,"Height":7,"Demand":1,"DemandMax":null,"Value":1281},{"Length":205,"Height":6,"Demand":1,"DemandMax":null,"Value":1230},{"Length":19,"Height":65,"Demand":1,"DemandMax":null,"Value":1235},{"Length":172,"Height":7,"Demand":1,"DemandMax":null,"Value":1204},{"Length":59,"Height":21,"Demand":1,"DemandMax":null,"Value":1239},{"Length":25,"Height":50,"Demand":1,"DemandMax":null,"Value":1250},{"Length":51,"Height":24,"Demand":1,"DemandMax":null,"Value":1224},{"Length":153,"Height":8,"Demand":1,"DemandMax":null,"Value":1224},{"Length":15,"Height":80,"Demand":1,"DemandMax":null,"Value":1200},{"Length":27,"Height":43,"Demand":1,"DemandMax":null,"Value":1161},{"Length":25,"Height":46,"Demand":1,"DemandMax":null,"Value":1150},{"Length":115,"Height":10,"Demand":1,"DemandMax":null,"Value":1150},{"Length":40,"Height":29,"Demand":1,"DemandMax":null,"Value":1160},{"Length":234,"Height":5,"Demand":1,"DemandMax":null,"Value":1170},{"Length":29,"Height":40,"Demand":1,"DemandMax":null,"Value":1160},{"Length":11,"Height":103,"Demand":1,"DemandMax":null,"Value":1133},{"Length":9,"Height":125,"Demand":1,"DemandMax":null,"Value":1125},{"Length":3,"Height":319,"Demand":1,"DemandMax":null,"Value":957},{"Length":39,"Height":28,"Demand":1,"DemandMax":null,"Value":1092},{"Length":13,"Height":85,"Demand":1,"DemandMax":null,"Value":1105},{"Length":81,"Height":13,"Demand":1,"DemandMax":null,"Value":1053},{"Length":158,"Height":7,"Demand":1,"DemandMax":null,"Value":1106},{"Length":15,"Height":73,"Demand":1,"DemandMax":null,"Value":1095},{"Length":57,"Height":19,"Demand":1,"DemandMax":null,"Value":1083},{"Length":9,"Height":121,"Demand":1,"DemandMax":null,"Value":1089},{"Length":30,"Height":35,"Demand":1,"DemandMax":null,"Value":1050},{"Length":162,"Height":6,"Demand":1,"DemandMax":null,"Value":972},{"Length":89,"Height":12,"Demand":1,"DemandMax":null,"Value":1068},{"Length":8,"Height":130,"Demand":2,"DemandMax":null,"Value":1040},{"Length":38,"Height":27,"Demand":1,"DemandMax":null,"Value":1026},{"Length":13,"Height":79,"Demand":1,"DemandMax":null,"Value":1027},{"Length":124,"Height":8,"Demand":1,"DemandMax":null,"Value":992},{"Length":5,"Height":199,"Demand":1,"DemandMax":null,"Value":995},{"Length":182,"Height":6,"Demand":1,"DemandMax":null,"Value":1092},{"Length":211,"Height":5,"Demand":1,"DemandMax":null,"Value":1055},{"Length":31,"Height":33,"Demand":1,"DemandMax":null,"Value":1023},{"Length":205,"Height":5,"Demand":1,"DemandMax":null,"Value":1025},{"Length":84,"Height":12,"Demand":1,"DemandMax":null,"Value":1008},{"Length":86,"Height":11,"Demand":1,"DemandMax":null,"Value":946},{"Length":45,"Height":21,"Demand":1,"DemandMax":null,"Value":945},{"Length":161,"Height":6,"Demand":1,"DemandMax":null,"Value":966},{"Length":29,"Height":33,"Demand":1,"DemandMax":null,"Value":957},{"Length":54,"Height":18,"Demand":1,"DemandMax":null,"Value":972},{"Length":236,"Height":4,"Demand":2,"DemandMax":null,"Value":944},{"Length":51,"Height":18,"Demand":1,"DemandMax":null,"Value":918},{"Length":13,"Height":70,"Demand":1,"DemandMax":null,"Value":910},{"Length":25,"Height":37,"Demand":1,"DemandMax":null,"Value":925},{"Length":198,"Height":5,"Demand":1,"DemandMax":null,"Value":990},{"Length":66,"Height":14,"Demand":1,"DemandMax":null,"Value":924},{"Length":14,"Height":65,"Demand":1,"DemandMax":null,"Value":910},{"Length":5,"Height":167,"Demand":1,"DemandMax":null,"Value":835},{"Length":17,"Height":54,"Demand":1,"DemandMax":null,"Value":918},{"Length":27,"Height":34,"Demand":1,"DemandMax":null,"Value":918},{"Length":27,"Height":33,"Demand":1,"DemandMax":null,"Value":891},{"Length":86,"Height":10,"Demand":1,"DemandMax":null,"Value":860},{"Length":20,"Height":44,"Demand":1,"DemandMax":null,"Value":880},{"Length":10,"Height":91,"Demand":1,"DemandMax":null,"Value":910},{"Length":38,"Height":23,"Demand":1,"DemandMax":null,"Value":874},{"Length":32,"Height":28,"Demand":1,"DemandMax":null,"Value":896},{"Length":11,"Height":79,"Demand":1,"DemandMax":null,"Value":869},{"Length":154,"Height":6,"Demand":1,"DemandMax":null,"Value":924},{"Length":71,"Height":12,"Demand":1,"DemandMax":null,"Value":852},{"Length":53,"Height":16,"Demand":1,"DemandMax":null,"Value":848},{"Length":83,"Height":10,"Demand":1,"DemandMax":null,"Value":830},{"Length":186,"Height":4,"Demand":1,"DemandMax":null,"Value":744},{"Length":178,"Height":5,"Demand":1,"DemandMax":null,"Value":890},{"Length":25,"Height":33,"Demand":1,"DemandMax":null,"Value":825},{"Length":11,"Height":73,"Demand":1,"DemandMax":null,"Value":803},{"Length":19,"Height":42,"Demand":1,"DemandMax":null,"Value":798},{"Length":30,"Height":26,"Demand":1,"DemandMax":null,"Value":780},{"Length":37,"Height":22,"Demand":1,"DemandMax":null,"Value":814},{"Length":157,"Height":5,"Demand":1,"DemandMax":null,"Value":785},{"Length":62,"Height":13,"Demand":1,"DemandMax":null,"Value":806},{"Length":25,"Height":32,"Demand":1,"DemandMax":null,"Value":800},{"Length":32,"Height":25,"Demand":1,"DemandMax":null,"Value":800},{"Length":11,"Height":70,"Demand":1,"DemandMax":null,"Value":770},{"Length":18,"Height":43,"Demand":1,"DemandMax":null,"Value":774},{"Length":59,"Height":13,"Demand":1,"DemandMax":null,"Value":767},{"Length":5,"Height":162,"Demand":1,"DemandMax":null,"Value":810},{"Length":9,"Height":87,"Demand":1,"DemandMax":null,"Value":783},{"Length":33,"Height":23,"Demand":1,"DemandMax":null,"Value":759},{"Length":4,"Height":199,"Demand":1,"DemandMax":null,"Value":796},{"Length":114,"Height":6,"Demand":1,"DemandMax":null,"Value":684},{"Length":136,"Height":5,"Demand":1,"DemandMax":null,"Value":680},{"Length":104,"Height":7,"Demand":1,"DemandMax":null,"Value":728},{"Length":146,"Height":5,"Demand":1,"DemandMax":null,"Value":730},{"Length":5,"Height":157,"Demand":1,"DemandMax":null,"Value":785},{"Length":154,"Height":5,"Demand":1,"DemandMax":null,"Value":770},{"Length":13,"Height":56,"Demand":1,"DemandMax":null,"Value":728},{"Length":34,"Height":22,"Demand":1,"DemandMax":null,"Value":748},{"Length":4,"Height":174,"Demand":1,"DemandMax":null,"Value":696},{"Length":153,"Height":5,"Demand":2,"DemandMax":null,"Value":765},{"Length":24,"Height":30,"Demand":1,"DemandMax":null,"Value":720},{"Length":11,"Height":67,"Demand":1,"DemandMax":null,"Value":737},{"Length":115,"Height":6,"Demand":1,"DemandMax":null,"Value":690},{"Length":26,"Height":27,"Demand":1,"DemandMax":null,"Value":702},{"Length":4,"Height":171,"Demand":1,"DemandMax":null,"Value":684},{"Length":28,"Height":24,"Demand":2,"DemandMax":null,"Value":672},{"Length":45,"Height":15,"Demand":1,"DemandMax":null,"Value":675},{"Length":68,"Height":10,"Demand":1,"DemandMax":null,"Value":680},{"Length":101,"Height":7,"Demand":1,"DemandMax":null,"Value":707},{"Length":74,"Height":9,"Demand":1,"DemandMax":null,"Value":666},{"Length":49,"Height":14,"Demand":2,"DemandMax":null,"Value":686},{"Length":37,"Height":18,"Demand":1,"DemandMax":null,"Value":666},{"Length":9,"Height":74,"Demand":1,"DemandMax":null,"Value":666},{"Length":93,"Height":7,"Demand":1,"DemandMax":null,"Value":651},{"Length":53,"Height":13,"Demand":1,"DemandMax":null,"Value":689},{"Length":138,"Height":5,"Demand":1,"DemandMax":null,"Value":690},{"Length":85,"Height":8,"Demand":1,"DemandMax":null,"Value":680},{"Length":129,"Height":5,"Demand":1,"DemandMax":null,"Value":645},{"Length":10,"Height":65,"Demand":1,"DemandMax":null,"Value":650},{"Length":3,"Height":217,"Demand":1,"DemandMax":null,"Value":651},{"Length":16,"Height":42,"Demand":1,"DemandMax":null,"Value":672},{"Length":89,"Height":7,"Demand":1,"DemandMax":null,"Value":623},{"Length":33,"Height":20,"Demand":1,"DemandMax":null,"Value":660},{"Length":64,"Height":10,"Demand":1,"DemandMax":null,"Value":640},{"Length":139,"Height":5,"Demand":1,"DemandMax":null,"Value":695},{"Length":14,"Height":46,"Demand":1,"DemandMax":null,"Value":644},{"Length":47,"Height":14,"Demand":1,"DemandMax":null,"Value":658},{"Length":66,"Height":10,"Demand":1,"DemandMax":null,"Value":660},{"Length":44,"Height":14,"Demand":1,"DemandMax":null,"Value":616},{"Length":61,"Height":10,"Demand":1,"DemandMax":null,"Value":610},{"Length":6,"Height":105,"Demand":1,"DemandMax":null,"Value":630},{"Length":62,"Height":10,"Demand":1,"DemandMax":null,"Value":620},{"Length":84,"Height":7,"Demand":1,"DemandMax":null,"Value":588},{"Length":97,"Height":6,"Demand":2,"DemandMax":null,"Value":582},{"Length":34,"Height":19,"Demand":1,"DemandMax":null,"Value":646},{"Length":28,"Height":22,"Demand":1,"DemandMax":null,"Value":616},{"Length":14,"Height":44,"Demand":2,"DemandMax":null,"Value":616},{"Length":9,"Height":69,"Demand":2,"DemandMax":null,"Value":621},{"Length":244,"Height":3,"Demand":1,"DemandMax":null,"Value":732},{"Length":18,"Height":35,"Demand":1,"DemandMax":null,"Value":630},{"Length":122,"Height":5,"Demand":1,"DemandMax":null,"Value":610},{"Length":12,"Height":53,"Demand":1,"DemandMax":null,"Value":636},{"Length":121,"Height":5,"Demand":2,"DemandMax":null,"Value":605},{"Length":120,"Height":5,"Demand":1,"DemandMax":null,"Value":600},{"Length":26,"Height":24,"Demand":1,"DemandMax":null,"Value":624},{"Length":7,"Height":87,"Demand":1,"DemandMax":null,"Value":609},{"Length":36,"Height":17,"Demand":1,"DemandMax":null,"Value":612},{"Length":189,"Height":3,"Demand":1,"DemandMax":null,"Value":567},{"Length":3,"Height":199,"Demand":1,"DemandMax":null,"Value":597},{"Length":14,"Height":42,"Demand":1,"DemandMax":null,"Value":588},{"Length":116,"Height":5,"Demand":1,"DemandMax":null,"Value":580},{"Length":26,"Height":23,"Demand":1,"DemandMax":null,"Value":598},{"Length":53,"Height":11,"Demand":1,"DemandMax":null,"Value":583},{"Length":136,"Height":4,"Demand":2,"DemandMax":null,"Value":544},{"Length":23,"Height":25,"Demand":1,"DemandMax":null,"Value":575},{"Length":13,"Height":46,"Demand":1,"DemandMax":null,"Value":598},{"Length":4,"Height":132,"Demand":1,"DemandMax":null,"Value":528},{"Length":236,"Height":2,"Demand":1,"DemandMax":null,"Value":472},{"Length":124,"Height":5,"Demand":1,"DemandMax":null,"Value":620},{"Length":7,"Height":84,"Demand":1,"DemandMax":null,"Value":588},{"Length":17,"Height":35,"Demand":1,"DemandMax":null,"Value":595},{"Length":6,"Height":98,"Demand":1,"DemandMax":null,"Value":588},{"Length":67,"Height":9,"Demand":1,"DemandMax":null,"Value":603},{"Length":14,"Height":40,"Demand":2,"DemandMax":null,"Value":560},{"Length":129,"Height":4,"Demand":1,"DemandMax":null,"Value":516},{"Length":18,"Height":31,"Demand":1,"DemandMax":null,"Value":558},{"Length":45,"Height":13,"Demand":1,"DemandMax":null,"Value":585},{"Length":22,"Height":26,"Demand":1,"DemandMax":null,"Value":572},{"Length":5,"Height":126,"Demand":1,"DemandMax":null,"Value":630},{"Length":29,"Height":19,"Demand":3,"DemandMax":null,"Value":551},{"Length":83,"Height":7,"Demand":1,"DemandMax":null,"Value":581},{"Length":18,"Height":32,"Demand":1,"DemandMax":null,"Value":576},{"Length":64,"Height":9,"Demand":1,"DemandMax":null,"Value":576},{"Length":12,"Height":46,"Demand":2,"DemandMax":null,"Value":552},{"Length":48,"Height":12,"Demand":1,"DemandMax":null,"Value":576},{"Length":91,"Height":6,"Demand":1,"DemandMax":null,"Value":546},{"Length":52,"Height":11,"Demand":1,"DemandMax":null,"Value":572},{"Length":166,"Height":3,"Demand":1,"DemandMax":null,"Value":498},{"Length":13,"Height":43,"Demand":1,"DemandMax":null,"Value":559},{"Length":49,"Height":11,"Demand":1,"DemandMax":null,"Value":539},{"Length":31,"Height":18,"Demand":1,"DemandMax":null,"Value":558},{"Length":17,"Height":33,"Demand":1,"DemandMax":null,"Value":561},{"Length":54,"Height":10,"Demand":1,"DemandMax":null,"Value":540},{"Length":11,"Height":48,"Demand":1,"DemandMax":null,"Value":528},{"Length":26,"Height":21,"Demand":1,"DemandMax":null,"Value":546},{"Length":14,"Height":38,"Demand":1,"DemandMax":null,"Value":532},{"Length":40,"Height":14,"Demand":1,"DemandMax":null,"Value":560},{"Length":134,"Height":4,"Demand":1,"DemandMax":null,"Value":536},{"Length":132,"Height":4,"Demand":1,"DemandMax":null,"Value":528},{"Length":21,"Height":26,"Demand":1,"DemandMax":null,"Value":546},{"Length":151,"Height":4,"Demand":1,"DemandMax":null,"Value":604},{"Length":22,"Height":24,"Demand":1,"DemandMax":null,"Value":528},{"Length":165,"Height":3,"Demand":1,"DemandMax":null,"Value":495},{"Length":40,"Height":13,"Demand":1,"DemandMax":null,"Value":520},{"Length":50,"Height":10,"Demand":1,"DemandMax":null,"Value":500},{"Length":23,"Height":22,"Demand":1,"DemandMax":null,"Value":506},{"Length":149,"Height":3,"Demand":4,"DemandMax":null,"Value":447},{"Length":121,"Height":4,"Demand":1,"DemandMax":null,"Value":484},{"Length":148,"Height":3,"Demand":2,"DemandMax":null,"Value":444},{"Length":173,"Height":3,"Demand":1,"DemandMax":null,"Value":519},{"Length":67,"Height":8,"Demand":1,"DemandMax":null,"Value":536},{"Length":92,"Height":6,"Demand":1,"DemandMax":null,"Value":552},{"Length":8,"Height":61,"Demand":2,"DemandMax":null,"Value":488},{"Length":62,"Height":8,"Demand":1,"DemandMax":null,"Value":496},{"Length":25,"Height":20,"Demand":2,"DemandMax":null,"Value":500},{"Length":207,"Height":2,"Demand":1,"DemandMax":null,"Value":414},{"Length":11,"Height":44,"Demand":1,"DemandMax":null,"Value":484},{"Length":111,"Height":5,"Demand":1,"DemandMax":null,"Value":555},{"Length":100,"Height":5,"Demand":1,"DemandMax":null,"Value":500},{"Length":160,"Height":3,"Demand":1,"DemandMax":null,"Value":480},{"Length":82,"Height":6,"Demand":1,"DemandMax":null,"Value":492},{"Length":220,"Height":2,"Demand":1,"DemandMax":null,"Value":440},{"Length":57,"Height":9,"Demand":1,"DemandMax":null,"Value":513},{"Length":15,"Height":33,"Demand":3,"DemandMax":null,"Value":495},{"Length":31,"Height":16,"Demand":1,"DemandMax":null,"Value":496},{"Length":12,"Height":41,"Demand":1,"DemandMax":null,"Value":492},{"Length":30,"Height":16,"Demand":2,"DemandMax":null,"Value":480},{"Length":13,"Height":38,"Demand":1,"DemandMax":null,"Value":494},{"Length":29,"Height":17,"Demand":2,"DemandMax":null,"Value":493},{"Length":40,"Height":12,"Demand":2,"DemandMax":null,"Value":480},{"Length":73,"Height":7,"Demand":1,"DemandMax":null,"Value":511},{"Length":7,"Height":67,"Demand":1,"DemandMax":null,"Value":469},{"Length":16,"Height":31,"Demand":1,"DemandMax":null,"Value":496},{"Length":128,"Height":4,"Demand":2,"DemandMax":null,"Value":512},{"Length":25,"Height":19,"Demand":2,"DemandMax":null,"Value":475},{"Length":18,"Height":27,"Demand":2,"DemandMax":null,"Value":486},{"Length":59,"Height":8,"Demand":1,"DemandMax":null,"Value":472},{"Length":86,"Height":6,"Demand":1,"DemandMax":null,"Value":516},{"Length":113,"Height":4,"Demand":1,"DemandMax":null,"Value":452},{"Length":60,"Height":8,"Demand":1,"DemandMax":null,"Value":480},{"Length":37,"Height":13,"Demand":2,"DemandMax":null,"Value":481},{"Length":56,"Height":9,"Demand":1,"DemandMax":null,"Value":504},{"Length":48,"Height":10,"Demand":1,"DemandMax":null,"Value":480},{"Length":6,"Height":86,"Demand":1,"DemandMax":null,"Value":516},{"Length":105,"Height":5,"Demand":1,"DemandMax":null,"Value":525},{"Length":87,"Height":6,"Demand":1,"DemandMax":null,"Value":522},{"Length":28,"Height":17,"Demand":2,"DemandMax":null,"Value":476},{"Length":52,"Height":9,"Demand":2,"DemandMax":null,"Value":468},{"Length":3,"Height":151,"Demand":1,"DemandMax":null,"Value":453},{"Length":2,"Height":217,"Demand":1,"DemandMax":null,"Value":434},{"Length":34,"Height":14,"Demand":1,"DemandMax":null,"Value":476},{"Length":199,"Height":2,"Demand":3,"DemandMax":null,"Value":398},{"Length":102,"Height":5,"Demand":1,"DemandMax":null,"Value":510},{"Length":77,"Height":6,"Demand":2,"DemandMax":null,"Value":462},{"Length":13,"Height":37,"Demand":1,"DemandMax":null,"Value":481},{"Length":23,"Height":21,"Demand":1,"DemandMax":null,"Value":483},{"Length":43,"Height":11,"Demand":2,"DemandMax":null,"Value":473},{"Length":29,"Height":16,"Demand":1,"DemandMax":null,"Value":464},{"Length":139,"Height":3,"Demand":1,"DemandMax":null,"Value":417},{"Length":118,"Height":4,"Demand":2,"DemandMax":null,"Value":472},{"Length":12,"Height":40,"Demand":2,"DemandMax":null,"Value":480},{"Length":154,"Height":3,"Demand":2,"DemandMax":null,"Value":462},{"Length":5,"Height":105,"Demand":1,"DemandMax":null,"Value":525},{"Length":3,"Height":145,"Demand":1,"DemandMax":null,"Value":435},{"Length":14,"Height":35,"Demand":1,"DemandMax":null,"Value":490},{"Length":130,"Height":4,"Demand":1,"DemandMax":null,"Value":520},{"Length":35,"Height":14,"Demand":1,"DemandMax":null,"Value":490},{"Length":3,"Height":142,"Demand":1,"DemandMax":null,"Value":426},{"Length":45,"Height":10,"Demand":1,"DemandMax":null,"Value":450},{"Length":96,"Height":5,"Demand":2,"DemandMax":null,"Value":480},{"Length":99,"Height":5,"Demand":1,"DemandMax":null,"Value":495},{"Length":112,"Height":4,"Demand":2,"DemandMax":null,"Value":448},{"Length":7,"Height":68,"Demand":1,"DemandMax":null,"Value":476},{"Length":17,"Height":27,"Demand":1,"DemandMax":null,"Value":459},{"Length":35,"Height":13,"Demand":1,"DemandMax":null,"Value":455},{"Length":9,"Height":50,"Demand":2,"DemandMax":null,"Value":450},{"Length":101,"Height":5,"Demand":1,"DemandMax":null,"Value":505},{"Length":22,"Height":21,"Demand":1,"DemandMax":null,"Value":462},{"Length":89,"Height":5,"Demand":2,"DemandMax":null,"Value":445},{"Length":58,"Height":8,"Demand":1,"DemandMax":null,"Value":464},{"Length":122,"Height":4,"Demand":1,"DemandMax":null,"Value":488},{"Length":3,"Height":133,"Demand":1,"DemandMax":null,"Value":399},{"Length":9,"Height":52,"Demand":1,"DemandMax":null,"Value":468},{"Length":18,"Height":26,"Demand":1,"DemandMax":null,"Value":468},{"Length":23,"Height":20,"Demand":1,"DemandMax":null,"Value":460},{"Length":8,"Height":58,"Demand":1,"DemandMax":null,"Value":464},{"Length":161,"Height":3,"Demand":2,"DemandMax":null,"Value":483},{"Length":9,"Height":51,"Demand":1,"DemandMax":null,"Value":459},{"Length":75,"Height":6,"Demand":2,"DemandMax":null,"Value":450},{"Length":50,"Height":9,"Demand":2,"DemandMax":null,"Value":450},{"Length":84,"Height":6,"Demand":1,"DemandMax":null,"Value":504},{"Length":64,"Height":7,"Demand":3,"DemandMax":null,"Value":448},{"Length":6,"Height":80,"Demand":1,"DemandMax":null,"Value":480},{"Length":3,"Height":183,"Demand":1,"DemandMax":null,"Value":549},{"Length":76,"Height":6,"Demand":1,"DemandMax":null,"Value":456},{"Length":21,"Height":22,"Demand":1,"DemandMax":null,"Value":462},{"Length":71,"Height":6,"Demand":2,"DemandMax":null,"Value":426},{"Length":26,"Height":18,"Demand":1,"DemandMax":null,"Value":468},{"Length":95,"Height":5,"Demand":1,"DemandMax":null,"Value":475},{"Length":30,"Height":15,"Demand":1,"DemandMax":null,"Value":450},{"Length":74,"Height":6,"Demand":1,"DemandMax":null,"Value":444},{"Length":36,"Height":13,"Demand":1,"DemandMax":null,"Value":468},{"Length":4,"Height":103,"Demand":3,"DemandMax":null,"Value":412},{"Length":73,"Height":6,"Demand":2,"DemandMax":null,"Value":438},{"Length":9,"Height":48,"Demand":2,"DemandMax":null,"Value":432},{"Length":2,"Height":183,"Demand":1,"DemandMax":null,"Value":366},{"Length":69,"Height":7,"Demand":1,"DemandMax":null,"Value":483},{"Length":31,"Height":14,"Demand":1,"DemandMax":null,"Value":434},{"Length":152,"Height":3,"Demand":1,"DemandMax":null,"Value":456},{"Length":10,"Height":46,"Demand":1,"DemandMax":null,"Value":460},{"Length":17,"Height":26,"Demand":1,"DemandMax":null,"Value":442},{"Length":131,"Height":3,"Demand":1,"DemandMax":null,"Value":393},{"Length":110,"Height":4,"Demand":1,"DemandMax":null,"Value":440},{"Length":7,"Height":65,"Demand":4,"DemandMax":null,"Value":455},{"Length":92,"Height":5,"Demand":1,"DemandMax":null,"Value":460},{"Length":5,"Height":83,"Demand":1,"DemandMax":null,"Value":415},{"Length":20,"Height":22,"Demand":1,"DemandMax":null,"Value":440},{"Length":94,"Height":5,"Demand":2,"DemandMax":null,"Value":470},{"Length":25,"Height":18,"Demand":1,"DemandMax":null,"Value":450},{"Length":93,"Height":5,"Demand":2,"DemandMax":null,"Value":465},{"Length":83,"Height":5,"Demand":3,"DemandMax":null,"Value":415},{"Length":188,"Height":2,"Demand":3,"DemandMax":null,"Value":376},{"Length":19,"Height":24,"Demand":1,"DemandMax":null,"Value":456},{"Length":21,"Height":21,"Demand":2,"DemandMax":null,"Value":441},{"Length":7,"Height":61,"Demand":1,"DemandMax":null,"Value":427},{"Length":4,"Height":107,"Demand":2,"DemandMax":null,"Value":428},{"Length":13,"Height":35,"Demand":1,"DemandMax":null,"Value":455},{"Length":91,"Height":5,"Demand":1,"DemandMax":null,"Value":455},{"Length":24,"Height":18,"Demand":3,"DemandMax":null,"Value":432},{"Length":23,"Height":19,"Demand":5,"DemandMax":null,"Value":437},{"Length":29,"Height":15,"Demand":1,"DemandMax":null,"Value":435},{"Length":6,"Height":79,"Demand":1,"DemandMax":null,"Value":474},{"Length":100,"Height":4,"Demand":3,"DemandMax":null,"Value":400},{"Length":28,"Height":16,"Demand":2,"DemandMax":null,"Value":448},{"Length":8,"Height":56,"Demand":2,"DemandMax":null,"Value":448},{"Length":18,"Height":25,"Demand":1,"DemandMax":null,"Value":450},{"Length":40,"Height":11,"Demand":1,"DemandMax":null,"Value":440},{"Length":146,"Height":3,"Demand":2,"DemandMax":null,"Value":438},{"Length":16,"Height":28,"Demand":1,"DemandMax":null,"Value":448},{"Length":63,"Height":7,"Demand":2,"DemandMax":null,"Value":441},{"Length":48,"Height":9,"Demand":1,"DemandMax":null,"Value":432},{"Length":159,"Height":3,"Demand":1,"DemandMax":null,"Value":477},{"Length":13,"Height":33,"Demand":2,"DemandMax":null,"Value":429},{"Length":68,"Height":6,"Demand":3,"DemandMax":null,"Value":408},{"Length":11,"Height":40,"Demand":1,"DemandMax":null,"Value":440},{"Length":57,"Height":8,"Demand":2,"DemandMax":null,"Value":456},{"Length":124,"Height":4,"Demand":1,"DemandMax":null,"Value":496},{"Length":10,"Height":42,"Demand":1,"DemandMax":null,"Value":420},{"Length":58,"Height":7,"Demand":1,"DemandMax":null,"Value":406},{"Length":150,"Height":3,"Demand":4,"DemandMax":null,"Value":450},{"Length":26,"Height":17,"Demand":1,"DemandMax":null,"Value":442},{"Length":2,"Height":199,"Demand":3,"DemandMax":null,"Value":398},{"Length":11,"Height":39,"Demand":1,"DemandMax":null,"Value":429},{"Length":84,"Height":5,"Demand":2,"DemandMax":null,"Value":420},{"Length":182,"Height":2,"Demand":1,"DemandMax":null,"Value":364},{"Length":66,"Height":7,"Demand":1,"DemandMax":null,"Value":462},{"Length":5,"Height":87,"Demand":2,"DemandMax":null,"Value":435},{"Length":17,"Height":25,"Demand":1,"DemandMax":null,"Value":425},{"Length":69,"Height":6,"Demand":2,"DemandMax":null,"Value":414},{"Length":103,"Height":4,"Demand":1,"DemandMax":null,"Value":412},{"Length":49,"Height":9,"Demand":1,"DemandMax":null,"Value":441},{"Length":124,"Height":3,"Demand":5,"DemandMax":null,"Value":372},{"Length":2,"Height":186,"Demand":6,"DemandMax":null,"Value":372},{"Length":26,"Height":16,"Demand":6,"DemandMax":null,"Value":416},{"Length":111,"Height":4,"Demand":1,"DemandMax":null,"Value":444},{"Length":11,"Height":37,"Demand":1,"DemandMax":null,"Value":407},{"Length":120,"Height":4,"Demand":1,"DemandMax":null,"Value":480},{"Length":94,"Height":4,"Demand":4,"DemandMax":null,"Value":376},{"Length":105,"Height":4,"Demand":2,"DemandMax":null,"Value":420},{"Length":29,"Height":14,"Demand":1,"DemandMax":null,"Value":406},{"Length":57,"Height":7,"Demand":1,"DemandMax":null,"Value":399},{"Length":7,"Height":57,"Demand":1,"DemandMax":null,"Value":399},{"Length":56,"Height":8,"Demand":2,"DemandMax":null,"Value":448},{"Length":40,"Height":10,"Demand":2,"DemandMax":null,"Value":400},{"Length":6,"Height":73,"Demand":2,"DemandMax":null,"Value":438},{"Length":9,"Height":45,"Demand":1,"DemandMax":null,"Value":405},{"Length":30,"Height":14,"Demand":1,"DemandMax":null,"Value":420},{"Length":18,"Height":23,"Demand":1,"DemandMax":null,"Value":414},{"Length":121,"Height":3,"Demand":5,"DemandMax":null,"Value":363},{"Length":23,"Height":18,"Demand":2,"DemandMax":null,"Value":414},{"Length":15,"Height":28,"Demand":2,"DemandMax":null,"Value":420},{"Length":27,"Height":16,"Demand":1,"DemandMax":null,"Value":432},{"Length":79,"Height":5,"Demand":2,"DemandMax":null,"Value":395},{"Length":21,"Height":20,"Demand":1,"DemandMax":null,"Value":420},{"Length":20,"Height":21,"Demand":3,"DemandMax":null,"Value":420},{"Length":5,"Height":78,"Demand":1,"DemandMax":null,"Value":390},{"Length":45,"Height":9,"Demand":2,"DemandMax":null,"Value":405},{"Length":38,"Height":11,"Demand":1,"DemandMax":null,"Value":418},{"Length":6,"Height":75,"Demand":1,"DemandMax":null,"Value":450},{"Length":53,"Height":8,"Demand":2,"DemandMax":null,"Value":424},{"Length":108,"Height":4,"Demand":1,"DemandMax":null,"Value":432},{"Length":13,"Height":32,"Demand":3,"DemandMax":null,"Value":416},{"Length":5,"Height":81,"Demand":2,"DemandMax":null,"Value":405},{"Length":189,"Height":2,"Demand":3,"DemandMax":null,"Value":378},{"Length":42,"Height":10,"Demand":1,"DemandMax":null,"Value":420},{"Length":14,"Height":30,"Demand":1,"DemandMax":null,"Value":420},{"Length":17,"Height":23,"Demand":2,"DemandMax":null,"Value":391},{"Length":64,"Height":6,"Demand":3,"DemandMax":null,"Value":384},{"Length":63,"Height":6,"Demand":6,"DemandMax":null,"Value":378},{"Length":118,"Height":3,"Demand":4,"DemandMax":null,"Value":354},{"Length":10,"Height":40,"Demand":1,"DemandMax":null,"Value":400},{"Length":60,"Height":7,"Demand":1,"DemandMax":null,"Value":420},{"Length":7,"Height":56,"Demand":2,"DemandMax":null,"Value":392},{"Length":66,"Height":6,"Demand":2,"DemandMax":null,"Value":396},{"Length":3,"Height":157,"Demand":1,"DemandMax":null,"Value":471},{"Length":96,"Height":4,"Demand":1,"DemandMax":null,"Value":384},{"Length":78,"Height":5,"Demand":2,"DemandMax":null,"Value":390},{"Length":5,"Height":90,"Demand":1,"DemandMax":null,"Value":450},{"Length":4,"Height":91,"Demand":2,"DemandMax":null,"Value":364},{"Length":28,"Height":14,"Demand":1,"DemandMax":null,"Value":392},{"Length":14,"Height":29,"Demand":2,"DemandMax":null,"Value":406},{"Length":37,"Height":11,"Demand":1,"DemandMax":null,"Value":407},{"Length":18,"Height":22,"Demand":1,"DemandMax":null,"Value":396},{"Length":20,"Height":20,"Demand":1,"DemandMax":null,"Value":400},{"Length":24,"Height":17,"Demand":1,"DemandMax":null,"Value":408},{"Length":6,"Height":63,"Demand":2,"DemandMax":null,"Value":378},{"Length":12,"Height":33,"Demand":4,"DemandMax":null,"Value":396},{"Length":12,"Height":35,"Demand":1,"DemandMax":null,"Value":420},{"Length":3,"Height":135,"Demand":1,"DemandMax":null,"Value":405},{"Length":21,"Height":19,"Demand":1,"DemandMax":null,"Value":399},{"Length":27,"Height":15,"Demand":1,"DemandMax":null,"Value":405},{"Length":50,"Height":8,"Demand":2,"DemandMax":null,"Value":400},{"Length":127,"Height":3,"Demand":2,"DemandMax":null,"Value":381},{"Length":15,"Height":26,"Demand":2,"DemandMax":null,"Value":390},{"Length":32,"Height":12,"Demand":1,"DemandMax":null,"Value":384},{"Length":8,"Height":49,"Demand":2,"DemandMax":null,"Value":392},{"Length":115,"Height":3,"Demand":2,"DemandMax":null,"Value":345},{"Length":8,"Height":52,"Demand":1,"DemandMax":null,"Value":416},{"Length":7,"Height":53,"Demand":3,"DemandMax":null,"Value":371},{"Length":8,"Height":50,"Demand":1,"DemandMax":null,"Value":400},{"Length":74,"Height":5,"Demand":3,"DemandMax":null,"Value":370},{"Length":39,"Height":10,"Demand":2,"DemandMax":null,"Value":390},{"Length":11,"Height":35,"Demand":1,"DemandMax":null,"Value":385},{"Length":26,"Height":15,"Demand":3,"DemandMax":null,"Value":390},{"Length":46,"Height":9,"Demand":1,"DemandMax":null,"Value":414},{"Length":75,"Height":5,"Demand":2,"DemandMax":null,"Value":375},{"Length":77,"Height":5,"Demand":6,"DemandMax":null,"Value":385},{"Length":54,"Height":7,"Demand":2,"DemandMax":null,"Value":378},{"Length":24,"Height":16,"Demand":1,"DemandMax":null,"Value":384},{"Length":25,"Height":16,"Demand":1,"DemandMax":null,"Value":400},{"Length":16,"Height":25,"Demand":3,"DemandMax":null,"Value":400},{"Length":19,"Height":21,"Demand":1,"DemandMax":null,"Value":399},{"Length":2,"Height":172,"Demand":3,"DemandMax":null,"Value":344},{"Length":37,"Height":10,"Demand":4,"DemandMax":null,"Value":370},{"Length":125,"Height":3,"Demand":3,"DemandMax":null,"Value":375},{"Length":25,"Height":15,"Demand":6,"DemandMax":null,"Value":375},{"Length":4,"Height":93,"Demand":2,"DemandMax":null,"Value":372},{"Length":7,"Height":54,"Demand":2,"DemandMax":null,"Value":378},{"Length":34,"Height":12,"Demand":1,"DemandMax":null,"Value":408},{"Length":12,"Height":32,"Demand":1,"DemandMax":null,"Value":384},{"Length":5,"Height":74,"Demand":2,"DemandMax":null,"Value":370},{"Length":157,"Height":2,"Demand":3,"DemandMax":null,"Value":314},{"Length":20,"Height":19,"Demand":4,"DemandMax":null,"Value":380},{"Length":8,"Height":47,"Demand":3,"DemandMax":null,"Value":376},{"Length":12,"Height":31,"Demand":4,"DemandMax":null,"Value":372},{"Length":82,"Height":5,"Demand":1,"DemandMax":null,"Value":410},{"Length":51,"Height":8,"Demand":1,"DemandMax":null,"Value":408},{"Length":30,"Height":13,"Demand":2,"DemandMax":null,"Value":390},{"Length":23,"Height":17,"Demand":3,"DemandMax":null,"Value":391},{"Length":3,"Height":114,"Demand":1,"DemandMax":null,"Value":342},{"Length":4,"Height":86,"Demand":3,"DemandMax":null,"Value":344},{"Length":22,"Height":18,"Demand":1,"DemandMax":null,"Value":396},{"Length":6,"Height":61,"Demand":2,"DemandMax":null,"Value":366},{"Length":85,"Height":5,"Demand":1,"DemandMax":null,"Value":425},{"Length":53,"Height":7,"Demand":2,"DemandMax":null,"Value":371},{"Length":4,"Height":105,"Demand":2,"DemandMax":null,"Value":420},{"Length":112,"Height":3,"Demand":4,"DemandMax":null,"Value":336},{"Length":33,"Height":12,"Demand":1,"DemandMax":null,"Value":396},{"Length":46,"Height":8,"Demand":3,"DemandMax":null,"Value":368},{"Length":171,"Height":2,"Demand":4,"DemandMax":null,"Value":342},{"Length":35,"Height":11,"Demand":1,"DemandMax":null,"Value":385},{"Length":154,"Height":2,"Demand":7,"DemandMax":null,"Value":308},{"Length":159,"Height":2,"Demand":1,"DemandMax":null,"Value":318},{"Length":9,"Height":42,"Demand":1,"DemandMax":null,"Value":378},{"Length":8,"Height":48,"Demand":3,"DemandMax":null,"Value":384},{"Length":71,"Height":5,"Demand":2,"DemandMax":null,"Value":355},{"Length":4,"Height":109,"Demand":1,"DemandMax":null,"Value":436},{"Length":93,"Height":4,"Demand":1,"DemandMax":null,"Value":372},{"Length":16,"Height":24,"Demand":2,"DemandMax":null,"Value":384},{"Length":9,"Height":40,"Demand":7,"DemandMax":null,"Value":360},{"Length":44,"Height":9,"Demand":1,"DemandMax":null,"Value":396},{"Length":18,"Height":21,"Demand":1,"DemandMax":null,"Value":378},{"Length":9,"Height":41,"Demand":2,"DemandMax":null,"Value":369},{"Length":26,"Height":14,"Demand":4,"DemandMax":null,"Value":364},{"Length":17,"Height":22,"Demand":3,"DemandMax":null,"Value":374},{"Length":13,"Height":30,"Demand":1,"DemandMax":null,"Value":390},{"Length":11,"Height":34,"Demand":2,"DemandMax":null,"Value":374},{"Length":98,"Height":4,"Demand":2,"DemandMax":null,"Value":392},{"Length":4,"Height":101,"Demand":1,"DemandMax":null,"Value":404},{"Length":42,"Height":9,"Demand":2,"DemandMax":null,"Value":378},{"Length":5,"Height":73,"Demand":1,"DemandMax":null,"Value":365},{"Length":15,"Height":25,"Demand":3,"DemandMax":null,"Value":375},{"Length":8,"Height":46,"Demand":1,"DemandMax":null,"Value":368},{"Length":85,"Height":4,"Demand":2,"DemandMax":null,"Value":340},{"Length":7,"Height":50,"Demand":3,"DemandMax":null,"Value":350},{"Length":3,"Height":132,"Demand":1,"DemandMax":null,"Value":396},{"Length":34,"Height":11,"Demand":1,"DemandMax":null,"Value":374},{"Length":65,"Height":6,"Demand":1,"DemandMax":null,"Value":390},{"Length":151,"Height":2,"Demand":3,"DemandMax":null,"Value":302},{"Length":3,"Height":111,"Demand":1,"DemandMax":null,"Value":333},{"Length":11,"Height":33,"Demand":2,"DemandMax":null,"Value":363},{"Length":104,"Height":4,"Demand":1,"DemandMax":null,"Value":416},{"Length":40,"Height":9,"Demand":2,"DemandMax":null,"Value":360},{"Length":67,"Height":6,"Demand":1,"DemandMax":null,"Value":402},{"Length":99,"Height":4,"Demand":3,"DemandMax":null,"Value":396},{"Length":4,"Height":95,"Demand":1,"DemandMax":null,"Value":380},{"Length":6,"Height":58,"Demand":1,"DemandMax":null,"Value":348},{"Length":22,"Height":17,"Demand":1,"DemandMax":null,"Value":374},{"Length":58,"Height":6,"Demand":2,"DemandMax":null,"Value":348},{"Length":60,"Height":6,"Demand":3,"DemandMax":null,"Value":360},{"Length":29,"Height":13,"Demand":2,"DemandMax":null,"Value":377},{"Length":17,"Height":21,"Demand":3,"DemandMax":null,"Value":357},{"Length":43,"Height":9,"Demand":2,"DemandMax":null,"Value":387},{"Length":92,"Height":4,"Demand":1,"DemandMax":null,"Value":368},{"Length":38,"Height":10,"Demand":2,"DemandMax":null,"Value":380},{"Length":22,"Height":16,"Demand":2,"DemandMax":null,"Value":352},{"Length":23,"Height":16,"Demand":3,"DemandMax":null,"Value":368},{"Length":14,"Height":27,"Demand":1,"DemandMax":null,"Value":378},{"Length":90,"Height":4,"Demand":2,"DemandMax":null,"Value":360},{"Length":62,"Height":6,"Demand":1,"DemandMax":null,"Value":372},{"Length":105,"Height":3,"Demand":6,"DemandMax":null,"Value":315},{"Length":3,"Height":126,"Demand":1,"DemandMax":null,"Value":378},{"Length":95,"Height":4,"Demand":1,"DemandMax":null,"Value":380},{"Length":14,"Height":26,"Demand":1,"DemandMax":null,"Value":364},{"Length":84,"Height":4,"Demand":3,"DemandMax":null,"Value":336},{"Length":49,"Height":8,"Demand":1,"DemandMax":null,"Value":392},{"Length":16,"Height":22,"Demand":3,"DemandMax":null,"Value":352},{"Length":35,"Height":10,"Demand":1,"DemandMax":null,"Value":350},{"Length":120,"Height":3,"Demand":2,"DemandMax":null,"Value":360},{"Length":24,"Height":15,"Demand":3,"DemandMax":null,"Value":360},{"Length":107,"Height":3,"Demand":2,"DemandMax":null,"Value":321},{"Length":28,"Height":13,"Demand":8,"DemandMax":null,"Value":364},{"Length":47,"Height":8,"Demand":2,"DemandMax":null,"Value":376},{"Length":2,"Height":154,"Demand":5,"DemandMax":null,"Value":308},{"Length":19,"Height":19,"Demand":2,"DemandMax":null,"Value":361},{"Length":41,"Height":9,"Demand":1,"DemandMax":null,"Value":369},{"Length":45,"Height":8,"Demand":4,"DemandMax":null,"Value":360},{"Length":31,"Height":12,"Demand":2,"DemandMax":null,"Value":372},{"Length":21,"Height":18,"Demand":1,"DemandMax":null,"Value":378},{"Length":12,"Height":29,"Demand":3,"DemandMax":null,"Value":348},{"Length":12,"Height":30,"Demand":2,"DemandMax":null,"Value":360},{"Length":44,"Height":8,"Demand":4,"DemandMax":null,"Value":352},{"Length":11,"Height":32,"Demand":2,"DemandMax":null,"Value":352},{"Length":20,"Height":18,"Demand":3,"DemandMax":null,"Value":360},{"Length":15,"Height":24,"Demand":2,"DemandMax":null,"Value":360},{"Length":19,"Height":18,"Demand":2,"DemandMax":null,"Value":342},{"Length":43,"Height":8,"Demand":3,"DemandMax":null,"Value":344},{"Length":42,"Height":8,"Demand":1,"DemandMax":null,"Value":336},{"Length":25,"Height":14,"Demand":1,"DemandMax":null,"Value":350},{"Length":70,"Height":5,"Demand":1,"DemandMax":null,"Value":350},{"Length":7,"Height":48,"Demand":3,"DemandMax":null,"Value":336},{"Length":10,"Height":36,"Demand":1,"DemandMax":null,"Value":360},{"Length":16,"Height":23,"Demand":1,"DemandMax":null,"Value":368},{"Length":141,"Height":3,"Demand":1,"DemandMax":null,"Value":423},{"Length":153,"Height":2,"Demand":2,"DemandMax":null,"Value":306},{"Length":129,"Height":3,"Demand":1,"DemandMax":null,"Value":387},{"Length":102,"Height":3,"Demand":5,"DemandMax":null,"Value":306},{"Length":3,"Height":107,"Demand":2,"DemandMax":null,"Value":321},{"Length":21,"Height":17,"Demand":1,"DemandMax":null,"Value":357},{"Length":18,"Height":19,"Demand":2,"DemandMax":null,"Value":342},{"Length":65,"Height":5,"Demand":3,"DemandMax":null,"Value":325},{"Length":33,"Height":11,"Demand":1,"DemandMax":null,"Value":363},{"Length":79,"Height":4,"Demand":4,"DemandMax":null,"Value":316},{"Length":31,"Height":11,"Demand":4,"DemandMax":null,"Value":341},{"Length":86,"Height":4,"Demand":2,"DemandMax":null,"Value":344},{"Length":4,"Height":85,"Demand":1,"DemandMax":null,"Value":340},{"Length":5,"Height":75,"Demand":1,"DemandMax":null,"Value":375},{"Length":16,"Height":21,"Demand":3,"DemandMax":null,"Value":336},{"Length":14,"Height":25,"Demand":3,"DemandMax":null,"Value":350},{"Length":13,"Height":28,"Demand":1,"DemandMax":null,"Value":364},{"Length":101,"Height":3,"Demand":3,"DemandMax":null,"Value":303},{"Length":8,"Height":42,"Demand":2,"DemandMax":null,"Value":336},{"Length":162,"Height":2,"Demand":2,"DemandMax":null,"Value":324},{"Length":5,"Height":76,"Demand":1,"DemandMax":null,"Value":380},{"Length":9,"Height":38,"Demand":2,"DemandMax":null,"Value":342},{"Length":13,"Height":27,"Demand":4,"DemandMax":null,"Value":351},{"Length":3,"Height":115,"Demand":1,"DemandMax":null,"Value":345},{"Length":4,"Height":87,"Demand":2,"DemandMax":null,"Value":348},{"Length":23,"Height":15,"Demand":3,"DemandMax":null,"Value":345},{"Length":150,"Height":2,"Demand":1,"DemandMax":null,"Value":300},{"Length":117,"Height":3,"Demand":1,"DemandMax":null,"Value":351},{"Length":34,"Height":10,"Demand":2,"DemandMax":null,"Value":340},{"Length":54,"Height":6,"Demand":1,"DemandMax":null,"Value":324},{"Length":5,"Height":69,"Demand":1,"DemandMax":null,"Value":345},{"Length":10,"Height":37,"Demand":1,"DemandMax":null,"Value":370},{"Length":41,"Height":8,"Demand":3,"DemandMax":null,"Value":328},{"Length":10,"Height":34,"Demand":2,"DemandMax":null,"Value":340},{"Length":6,"Height":56,"Demand":3,"DemandMax":null,"Value":336},{"Length":3,"Height":101,"Demand":1,"DemandMax":null,"Value":303},{"Length":9,"Height":39,"Demand":2,"DemandMax":null,"Value":351},{"Length":32,"Height":11,"Demand":1,"DemandMax":null,"Value":352},{"Length":27,"Height":13,"Demand":1,"DemandMax":null,"Value":351},{"Length":165,"Height":2,"Demand":2,"DemandMax":null,"Value":330},{"Length":77,"Height":4,"Demand":2,"DemandMax":null,"Value":308},{"Length":149,"Height":2,"Demand":1,"DemandMax":null,"Value":298},{"Length":180,"Height":2,"Demand":2,"DemandMax":null,"Value":360},{"Length":108,"Height":3,"Demand":4,"DemandMax":null,"Value":324},{"Length":30,"Height":12,"Demand":1,"DemandMax":null,"Value":360},{"Length":20,"Height":17,"Demand":2,"DemandMax":null,"Value":340},{"Length":53,"Height":6,"Demand":2,"DemandMax":null,"Value":318},{"Length":67,"Height":5,"Demand":2,"DemandMax":null,"Value":335},{"Length":66,"Height":5,"Demand":2,"DemandMax":null,"Value":330},{"Length":29,"Height":12,"Demand":2,"DemandMax":null,"Value":348},{"Length":99,"Height":3,"Demand":4,"DemandMax":null,"Value":297},{"Length":103,"Height":3,"Demand":3,"DemandMax":null,"Value":309},{"Length":30,"Height":11,"Demand":2,"DemandMax":null,"Value":330},{"Length":7,"Height":52,"Demand":1,"DemandMax":null,"Value":364},{"Length":26,"Height":13,"Demand":2,"DemandMax":null,"Value":338},{"Length":89,"Height":4,"Demand":2,"DemandMax":null,"Value":356},{"Length":28,"Height":12,"Demand":4,"DemandMax":null,"Value":336},{"Length":12,"Height":28,"Demand":1,"DemandMax":null,"Value":336},{"Length":59,"Height":6,"Demand":1,"DemandMax":null,"Value":354},{"Length":3,"Height":108,"Demand":1,"DemandMax":null,"Value":324},{"Length":39,"Height":9,"Demand":1,"DemandMax":null,"Value":351},{"Length":8,"Height":44,"Demand":2,"DemandMax":null,"Value":352},{"Length":3,"Height":105,"Demand":3,"DemandMax":null,"Value":315},{"Length":25,"Height":13,"Demand":5,"DemandMax":null,"Value":325},{"Length":73,"Height":5,"Demand":1,"DemandMax":null,"Value":365},{"Length":11,"Height":30,"Demand":4,"DemandMax":null,"Value":330},{"Length":63,"Height":5,"Demand":1,"DemandMax":null,"Value":315},{"Length":5,"Height":65,"Demand":3,"DemandMax":null,"Value":325},{"Length":8,"Height":41,"Demand":3,"DemandMax":null,"Value":328},{"Length":38,"Height":9,"Demand":2,"DemandMax":null,"Value":342},{"Length":14,"Height":24,"Demand":1,"DemandMax":null,"Value":336},{"Length":62,"Height":5,"Demand":3,"DemandMax":null,"Value":310},{"Length":72,"Height":5,"Demand":2,"DemandMax":null,"Value":360},{"Length":21,"Height":16,"Demand":1,"DemandMax":null,"Value":336},{"Length":8,"Height":45,"Demand":1,"DemandMax":null,"Value":360},{"Length":51,"Height":7,"Demand":1,"DemandMax":null,"Value":357},{"Length":2,"Height":145,"Demand":1,"DemandMax":null,"Value":290},{"Length":4,"Height":81,"Demand":1,"DemandMax":null,"Value":324},{"Length":82,"Height":4,"Demand":2,"DemandMax":null,"Value":328},{"Length":10,"Height":35,"Demand":1,"DemandMax":null,"Value":350},{"Length":52,"Height":6,"Demand":4,"DemandMax":null,"Value":312},{"Length":100,"Height":3,"Demand":2,"DemandMax":null,"Value":300},{"Length":49,"Height":7,"Demand":2,"DemandMax":null,"Value":343},{"Length":123,"Height":3,"Demand":2,"DemandMax":null,"Value":369},{"Length":113,"Height":3,"Demand":1,"DemandMax":null,"Value":339},{"Length":8,"Height":40,"Demand":1,"DemandMax":null,"Value":320},{"Length":46,"Height":7,"Demand":1,"DemandMax":null,"Value":322},{"Length":2,"Height":161,"Demand":2,"DemandMax":null,"Value":322},{"Length":11,"Height":31,"Demand":1,"DemandMax":null,"Value":341},{"Length":15,"Height":22,"Demand":2,"DemandMax":null,"Value":330},{"Length":29,"Height":11,"Demand":5,"DemandMax":null,"Value":319},{"Length":14,"Height":23,"Demand":1,"DemandMax":null,"Value":322},{"Length":114,"Height":3,"Demand":2,"DemandMax":null,"Value":342},{"Length":12,"Height":27,"Demand":3,"DemandMax":null,"Value":324},{"Length":23,"Height":14,"Demand":4,"DemandMax":null,"Value":322},{"Length":9,"Height":37,"Demand":2,"DemandMax":null,"Value":333},{"Length":40,"Height":8,"Demand":4,"DemandMax":null,"Value":320},{"Length":57,"Height":6,"Demand":1,"DemandMax":null,"Value":342},{"Length":4,"Height":75,"Demand":1,"DemandMax":null,"Value":300},{"Length":19,"Height":17,"Demand":2,"DemandMax":null,"Value":323},{"Length":94,"Height":3,"Demand":5,"DemandMax":null,"Value":282},{"Length":17,"Height":19,"Demand":1,"DemandMax":null,"Value":323},{"Length":74,"Height":4,"Demand":9,"DemandMax":null,"Value":296},{"Length":18,"Height":18,"Demand":1,"DemandMax":null,"Value":324},{"Length":9,"Height":35,"Demand":1,"DemandMax":null,"Value":315},{"Length":15,"Height":21,"Demand":3,"DemandMax":null,"Value":315},{"Length":13,"Height":25,"Demand":1,"DemandMax":null,"Value":325},{"Length":47,"Height":7,"Demand":2,"DemandMax":null,"Value":329},{"Length":87,"Height":4,"Demand":1,"DemandMax":null,"Value":348},{"Length":28,"Height":11,"Demand":9,"DemandMax":null,"Value":308},{"Length":110,"Height":3,"Demand":1,"DemandMax":null,"Value":330},{"Length":33,"Height":10,"Demand":2,"DemandMax":null,"Value":330},{"Length":11,"Height":28,"Demand":1,"DemandMax":null,"Value":308},{"Length":6,"Height":51,"Demand":2,"DemandMax":null,"Value":306},{"Length":44,"Height":7,"Demand":2,"DemandMax":null,"Value":308},{"Length":7,"Height":45,"Demand":1,"DemandMax":null,"Value":315},{"Length":9,"Height":36,"Demand":1,"DemandMax":null,"Value":324},{"Length":31,"Height":10,"Demand":4,"DemandMax":null,"Value":310},{"Length":37,"Height":9,"Demand":1,"DemandMax":null,"Value":333},{"Length":109,"Height":3,"Demand":3,"DemandMax":null,"Value":327},{"Length":20,"Height":16,"Demand":2,"DemandMax":null,"Value":320},{"Length":59,"Height":5,"Demand":6,"DemandMax":null,"Value":295},{"Length":12,"Height":25,"Demand":3,"DemandMax":null,"Value":300},{"Length":7,"Height":47,"Demand":1,"DemandMax":null,"Value":329},{"Length":2,"Height":140,"Demand":1,"DemandMax":null,"Value":280},{"Length":38,"Height":8,"Demand":4,"DemandMax":null,"Value":304},{"Length":4,"Height":73,"Demand":1,"DemandMax":null,"Value":292},{"Length":36,"Height":9,"Demand":1,"DemandMax":null,"Value":324},{"Length":5,"Height":64,"Demand":1,"DemandMax":null,"Value":320},{"Length":126,"Height":2,"Demand":2,"DemandMax":null,"Value":252},{"Length":6,"Height":55,"Demand":3,"DemandMax":null,"Value":330},{"Length":5,"Height":58,"Demand":2,"DemandMax":null,"Value":290},{"Length":9,"Height":34,"Demand":2,"DemandMax":null,"Value":306},{"Length":80,"Height":4,"Demand":2,"DemandMax":null,"Value":320},{"Length":61,"Height":5,"Demand":1,"DemandMax":null,"Value":305},{"Length":104,"Height":3,"Demand":1,"DemandMax":null,"Value":312},{"Length":10,"Height":32,"Demand":1,"DemandMax":null,"Value":320},{"Length":16,"Height":20,"Demand":1,"DemandMax":null,"Value":320},{"Length":27,"Height":11,"Demand":3,"DemandMax":null,"Value":297},{"Length":43,"Height":7,"Demand":1,"DemandMax":null,"Value":301},{"Length":106,"Height":3,"Demand":2,"DemandMax":null,"Value":318},{"Length":4,"Height":72,"Demand":2,"DemandMax":null,"Value":288},{"Length":124,"Height":2,"Demand":4,"DemandMax":null,"Value":248},{"Length":68,"Height":5,"Demand":1,"DemandMax":null,"Value":340},{"Length":129,"Height":2,"Demand":3,"DemandMax":null,"Value":258},{"Length":7,"Height":46,"Demand":1,"DemandMax":null,"Value":322},{"Length":20,"Height":15,"Demand":2,"DemandMax":null,"Value":300},{"Length":13,"Height":24,"Demand":2,"DemandMax":null,"Value":312},{"Length":71,"Height":4,"Demand":5,"DemandMax":null,"Value":284},{"Length":18,"Height":17,"Demand":2,"DemandMax":null,"Value":306},{"Length":70,"Height":4,"Demand":3,"DemandMax":null,"Value":280},{"Length":134,"Height":2,"Demand":2,"DemandMax":null,"Value":268},{"Length":95,"Height":3,"Demand":1,"DemandMax":null,"Value":285},{"Length":111,"Height":3,"Demand":1,"DemandMax":null,"Value":333},{"Length":5,"Height":60,"Demand":2,"DemandMax":null,"Value":300},{"Length":8,"Height":39,"Demand":1,"DemandMax":null,"Value":312},{"Length":72,"Height":4,"Demand":3,"DemandMax":null,"Value":288},{"Length":64,"Height":5,"Demand":3,"DemandMax":null,"Value":320},{"Length":25,"Height":12,"Demand":4,"DemandMax":null,"Value":300},{"Length":21,"Height":15,"Demand":1,"DemandMax":null,"Value":315},{"Length":12,"Height":26,"Demand":1,"DemandMax":null,"Value":312},{"Length":5,"Height":61,"Demand":2,"DemandMax":null,"Value":305},{"Length":17,"Height":18,"Demand":1,"DemandMax":null,"Value":306},{"Length":49,"Height":6,"Demand":6,"DemandMax":null,"Value":294},{"Length":6,"Height":48,"Demand":1,"DemandMax":null,"Value":288},{"Length":131,"Height":2,"Demand":1,"DemandMax":null,"Value":262},{"Length":4,"Height":74,"Demand":2,"DemandMax":null,"Value":296},{"Length":15,"Height":20,"Demand":4,"DemandMax":null,"Value":300},{"Length":24,"Height":13,"Demand":1,"DemandMax":null,"Value":312},{"Length":35,"Height":9,"Demand":2,"DemandMax":null,"Value":315},{"Length":11,"Height":27,"Demand":2,"DemandMax":null,"Value":297},{"Length":3,"Height":87,"Demand":2,"DemandMax":null,"Value":261},{"Length":21,"Height":14,"Demand":1,"DemandMax":null,"Value":294},{"Length":16,"Height":19,"Demand":1,"DemandMax":null,"Value":304},{"Length":91,"Height":3,"Demand":1,"DemandMax":null,"Value":273},{"Length":3,"Height":112,"Demand":1,"DemandMax":null,"Value":336},{"Length":10,"Height":31,"Demand":1,"DemandMax":null,"Value":310},{"Length":7,"Height":41,"Demand":4,"DemandMax":null,"Value":287},{"Length":10,"Height":30,"Demand":1,"DemandMax":null,"Value":300},{"Length":8,"Height":36,"Demand":1,"DemandMax":null,"Value":288},{"Length":23,"Height":13,"Demand":4,"DemandMax":null,"Value":299},{"Length":32,"Height":9,"Demand":1,"DemandMax":null,"Value":288},{"Length":8,"Height":37,"Demand":2,"DemandMax":null,"Value":296},{"Length":73,"Height":4,"Demand":1,"DemandMax":null,"Value":292},{"Length":50,"Height":6,"Demand":1,"DemandMax":null,"Value":300},{"Length":34,"Height":9,"Demand":1,"DemandMax":null,"Value":306},{"Length":8,"Height":38,"Demand":1,"DemandMax":null,"Value":304},{"Length":19,"Height":15,"Demand":1,"DemandMax":null,"Value":285},{"Length":7,"Height":42,"Demand":2,"DemandMax":null,"Value":294},{"Length":4,"Height":70,"Demand":3,"DemandMax":null,"Value":280},{"Length":14,"Height":22,"Demand":1,"DemandMax":null,"Value":308},{"Length":3,"Height":98,"Demand":1,"DemandMax":null,"Value":294},{"Length":45,"Height":7,"Demand":1,"DemandMax":null,"Value":315},{"Length":46,"Height":6,"Demand":3,"DemandMax":null,"Value":276},{"Length":13,"Height":23,"Demand":1,"DemandMax":null,"Value":299},{"Length":24,"Height":12,"Demand":5,"DemandMax":null,"Value":288},{"Length":14,"Height":21,"Demand":2,"DemandMax":null,"Value":294},{"Length":7,"Height":39,"Demand":4,"DemandMax":null,"Value":273},{"Length":3,"Height":106,"Demand":1,"DemandMax":null,"Value":318},{"Length":2,"Height":142,"Demand":2,"DemandMax":null,"Value":284},{"Length":7,"Height":40,"Demand":7,"DemandMax":null,"Value":280},{"Length":16,"Height":18,"Demand":2,"DemandMax":null,"Value":288},{"Length":93,"Height":3,"Demand":2,"DemandMax":null,"Value":279},{"Length":3,"Height":86,"Demand":1,"DemandMax":null,"Value":258},{"Length":51,"Height":6,"Demand":1,"DemandMax":null,"Value":306},{"Length":7,"Height":44,"Demand":1,"DemandMax":null,"Value":308},{"Length":9,"Height":31,"Demand":1,"DemandMax":null,"Value":279},{"Length":92,"Height":3,"Demand":2,"DemandMax":null,"Value":276},{"Length":45,"Height":6,"Demand":6,"DemandMax":null,"Value":270},{"Length":17,"Height":17,"Demand":1,"DemandMax":null,"Value":289},{"Length":40,"Height":7,"Demand":1,"DemandMax":null,"Value":280},{"Length":9,"Height":32,"Demand":2,"DemandMax":null,"Value":288},{"Length":9,"Height":33,"Demand":1,"DemandMax":null,"Value":297},{"Length":4,"Height":80,"Demand":1,"DemandMax":null,"Value":320},{"Length":6,"Height":44,"Demand":6,"DemandMax":null,"Value":264},{"Length":41,"Height":7,"Demand":2,"DemandMax":null,"Value":287},{"Length":3,"Height":99,"Demand":1,"DemandMax":null,"Value":297},{"Length":44,"Height":6,"Demand":1,"DemandMax":null,"Value":264},{"Length":6,"Height":52,"Demand":1,"DemandMax":null,"Value":312},{"Length":2,"Height":141,"Demand":2,"DemandMax":null,"Value":282},{"Length":28,"Height":10,"Demand":3,"DemandMax":null,"Value":280},{"Length":8,"Height":34,"Demand":1,"DemandMax":null,"Value":272},{"Length":2,"Height":127,"Demand":1,"DemandMax":null,"Value":254},{"Length":38,"Height":7,"Demand":4,"DemandMax":null,"Value":266},{"Length":26,"Height":11,"Demand":4,"DemandMax":null,"Value":286},{"Length":121,"Height":2,"Demand":2,"DemandMax":null,"Value":242},{"Length":5,"Height":63,"Demand":1,"DemandMax":null,"Value":315},{"Length":2,"Height":132,"Demand":1,"DemandMax":null,"Value":264},{"Length":56,"Height":5,"Demand":1,"DemandMax":null,"Value":280},{"Length":52,"Height":5,"Demand":4,"DemandMax":null,"Value":260},{"Length":8,"Height":35,"Demand":1,"DemandMax":null,"Value":280},{"Length":22,"Height":13,"Demand":2,"DemandMax":null,"Value":286},{"Length":31,"Height":9,"Demand":3,"DemandMax":null,"Value":279},{"Length":34,"Height":8,"Demand":3,"DemandMax":null,"Value":272},{"Length":11,"Height":26,"Demand":2,"DemandMax":null,"Value":286},{"Length":4,"Height":64,"Demand":1,"DemandMax":null,"Value":256},{"Length":12,"Height":24,"Demand":1,"DemandMax":null,"Value":288},{"Length":25,"Height":11,"Demand":5,"DemandMax":null,"Value":275},{"Length":18,"Height":16,"Demand":2,"DemandMax":null,"Value":288},{"Length":6,"Height":47,"Demand":1,"DemandMax":null,"Value":282},{"Length":10,"Height":28,"Demand":2,"DemandMax":null,"Value":280},{"Length":67,"Height":4,"Demand":7,"DemandMax":null,"Value":268},{"Length":58,"Height":5,"Demand":2,"DemandMax":null,"Value":290},{"Length":47,"Height":6,"Demand":3,"DemandMax":null,"Value":282},{"Length":82,"Height":3,"Demand":1,"DemandMax":null,"Value":246},{"Length":43,"Height":6,"Demand":4,"DemandMax":null,"Value":258},{"Length":16,"Height":17,"Demand":3,"DemandMax":null,"Value":272},{"Length":166,"Height":2,"Demand":1,"DemandMax":null,"Value":332},{"Length":4,"Height":67,"Demand":2,"DemandMax":null,"Value":268},{"Length":156,"Height":2,"Demand":1,"DemandMax":null,"Value":312},{"Length":42,"Height":7,"Demand":1,"DemandMax":null,"Value":294},{"Length":18,"Height":15,"Demand":3,"DemandMax":null,"Value":270},{"Length":33,"Height":8,"Demand":4,"DemandMax":null,"Value":264},{"Length":4,"Height":78,"Demand":1,"DemandMax":null,"Value":312},{"Length":15,"Height":18,"Demand":4,"DemandMax":null,"Value":270},{"Length":5,"Height":55,"Demand":1,"DemandMax":null,"Value":275},{"Length":5,"Height":53,"Demand":2,"DemandMax":null,"Value":265},{"Length":21,"Height":13,"Demand":1,"DemandMax":null,"Value":273},{"Length":54,"Height":5,"Demand":3,"DemandMax":null,"Value":270},{"Length":4,"Height":65,"Demand":6,"DemandMax":null,"Value":260},{"Length":9,"Height":30,"Demand":4,"DemandMax":null,"Value":270},{"Length":68,"Height":4,"Demand":3,"DemandMax":null,"Value":272},{"Length":23,"Height":12,"Demand":3,"DemandMax":null,"Value":276},{"Length":84,"Height":3,"Demand":1,"DemandMax":null,"Value":252},{"Length":85,"Height":3,"Demand":1,"DemandMax":null,"Value":255},{"Length":57,"Height":5,"Demand":6,"DemandMax":null,"Value":285},{"Length":14,"Height":20,"Demand":1,"DemandMax":null,"Value":280},{"Length":26,"Height":10,"Demand":5,"DemandMax":null,"Value":260},{"Length":2,"Height":126,"Demand":1,"DemandMax":null,"Value":252},{"Length":112,"Height":2,"Demand":3,"DemandMax":null,"Value":224},{"Length":3,"Height":91,"Demand":1,"DemandMax":null,"Value":273},{"Length":122,"Height":2,"Demand":3,"DemandMax":null,"Value":244},{"Length":11,"Height":24,"Demand":2,"DemandMax":null,"Value":264},{"Length":7,"Height":37,"Demand":1,"DemandMax":null,"Value":259},{"Length":7,"Height":38,"Demand":6,"DemandMax":null,"Value":266},{"Length":35,"Height":8,"Demand":1,"DemandMax":null,"Value":280},{"Length":115,"Height":2,"Demand":2,"DemandMax":null,"Value":230},{"Length":8,"Height":33,"Demand":2,"DemandMax":null,"Value":264},{"Length":5,"Height":50,"Demand":2,"DemandMax":null,"Value":250},{"Length":66,"Height":4,"Demand":4,"DemandMax":null,"Value":264},{"Length":4,"Height":77,"Demand":1,"DemandMax":null,"Value":308},{"Length":2,"Height":144,"Demand":2,"DemandMax":null,"Value":288},{"Length":4,"Height":76,"Demand":1,"DemandMax":null,"Value":304},{"Length":27,"Height":10,"Demand":1,"DemandMax":null,"Value":270},{"Length":4,"Height":66,"Demand":1,"DemandMax":null,"Value":264},{"Length":3,"Height":84,"Demand":3,"DemandMax":null,"Value":252},{"Length":3,"Height":103,"Demand":1,"DemandMax":null,"Value":309},{"Length":120,"Height":2,"Demand":1,"DemandMax":null,"Value":240},{"Length":69,"Height":4,"Demand":5,"DemandMax":null,"Value":276},{"Length":10,"Height":26,"Demand":1,"DemandMax":null,"Value":260},{"Length":17,"Height":16,"Demand":1,"DemandMax":null,"Value":272},{"Length":2,"Height":152,"Demand":1,"DemandMax":null,"Value":304},{"Length":39,"Height":7,"Demand":1,"DemandMax":null,"Value":273},{"Length":80,"Height":3,"Demand":2,"DemandMax":null,"Value":240},{"Length":42,"Height":6,"Demand":4,"DemandMax":null,"Value":252},{"Length":4,"Height":68,"Demand":2,"DemandMax":null,"Value":272},{"Length":7,"Height":36,"Demand":2,"DemandMax":null,"Value":252},{"Length":11,"Height":23,"Demand":2,"DemandMax":null,"Value":253},{"Length":12,"Height":23,"Demand":2,"DemandMax":null,"Value":276},{"Length":4,"Height":69,"Demand":2,"DemandMax":null,"Value":276},{"Length":9,"Height":29,"Demand":1,"DemandMax":null,"Value":261},{"Length":97,"Height":3,"Demand":1,"DemandMax":null,"Value":291},{"Length":25,"Height":10,"Demand":7,"DemandMax":null,"Value":250},{"Length":35,"Height":7,"Demand":2,"DemandMax":null,"Value":245},{"Length":23,"Height":11,"Demand":7,"DemandMax":null,"Value":253},{"Length":31,"Height":8,"Demand":5,"DemandMax":null,"Value":248},{"Length":28,"Height":9,"Demand":3,"DemandMax":null,"Value":252},{"Length":6,"Height":46,"Demand":1,"DemandMax":null,"Value":276},{"Length":3,"Height":94,"Demand":2,"DemandMax":null,"Value":282},{"Length":13,"Height":20,"Demand":2,"DemandMax":null,"Value":260},{"Length":51,"Height":5,"Demand":2,"DemandMax":null,"Value":255},{"Length":6,"Height":41,"Demand":3,"DemandMax":null,"Value":246},{"Length":6,"Height":43,"Demand":1,"DemandMax":null,"Value":258},{"Length":50,"Height":5,"Demand":3,"DemandMax":null,"Value":250},{"Length":9,"Height":28,"Demand":5,"DemandMax":null,"Value":252},{"Length":14,"Height":18,"Demand":4,"DemandMax":null,"Value":252},{"Length":10,"Height":25,"Demand":4,"DemandMax":null,"Value":250},{"Length":90,"Height":3,"Demand":1,"DemandMax":null,"Value":270},{"Length":13,"Height":21,"Demand":1,"DemandMax":null,"Value":273},{"Length":5,"Height":48,"Demand":2,"DemandMax":null,"Value":240},{"Length":75,"Height":3,"Demand":1,"DemandMax":null,"Value":225},{"Length":29,"Height":9,"Demand":2,"DemandMax":null,"Value":261},{"Length":30,"Height":9,"Demand":1,"DemandMax":null,"Value":270},{"Length":40,"Height":6,"Demand":2,"DemandMax":null,"Value":240},{"Length":78,"Height":3,"Demand":3,"DemandMax":null,"Value":234},{"Length":62,"Height":4,"Demand":5,"DemandMax":null,"Value":248},{"Length":109,"Height":2,"Demand":2,"DemandMax":null,"Value":218},{"Length":59,"Height":4,"Demand":2,"DemandMax":null,"Value":236},{"Length":64,"Height":4,"Demand":3,"DemandMax":null,"Value":256},{"Length":49,"Height":5,"Demand":3,"DemandMax":null,"Value":245},{"Length":6,"Height":40,"Demand":2,"DemandMax":null,"Value":240},{"Length":19,"Height":14,"Demand":1,"DemandMax":null,"Value":266},{"Length":3,"Height":85,"Demand":1,"DemandMax":null,"Value":255},{"Length":107,"Height":2,"Demand":1,"DemandMax":null,"Value":214},{"Length":8,"Height":32,"Demand":1,"DemandMax":null,"Value":256},{"Length":16,"Height":16,"Demand":2,"DemandMax":null,"Value":256},{"Length":123,"Height":2,"Demand":1,"DemandMax":null,"Value":246},{"Length":58,"Height":4,"Demand":1,"DemandMax":null,"Value":232},{"Length":14,"Height":19,"Demand":1,"DemandMax":null,"Value":266},{"Length":89,"Height":3,"Demand":1,"DemandMax":null,"Value":267},{"Length":86,"Height":3,"Demand":1,"DemandMax":null,"Value":258},{"Length":4,"Height":58,"Demand":2,"DemandMax":null,"Value":232},{"Length":88,"Height":3,"Demand":1,"DemandMax":null,"Value":264},{"Length":12,"Height":22,"Demand":1,"DemandMax":null,"Value":264},{"Length":15,"Height":17,"Demand":4,"DemandMax":null,"Value":255},{"Length":53,"Height":5,"Demand":1,"DemandMax":null,"Value":265},{"Length":9,"Height":27,"Demand":1,"DemandMax":null,"Value":243},{"Length":41,"Height":6,"Demand":1,"DemandMax":null,"Value":246},{"Length":24,"Height":11,"Demand":1,"DemandMax":null,"Value":264},{"Length":3,"Height":95,"Demand":2,"DemandMax":null,"Value":285},{"Length":30,"Height":8,"Demand":1,"DemandMax":null,"Value":240},{"Length":5,"Height":47,"Demand":1,"DemandMax":null,"Value":235},{"Length":12,"Height":21,"Demand":1,"DemandMax":null,"Value":252},{"Length":108,"Height":2,"Demand":2,"DemandMax":null,"Value":216},{"Length":8,"Height":31,"Demand":2,"DemandMax":null,"Value":248},{"Length":102,"Height":2,"Demand":1,"DemandMax":null,"Value":204},{"Length":60,"Height":4,"Demand":1,"DemandMax":null,"Value":240},{"Length":128,"Height":2,"Demand":1,"DemandMax":null,"Value":256},{"Length":46,"Height":5,"Demand":5,"DemandMax":null,"Value":230},{"Length":2,"Height":107,"Demand":1,"DemandMax":null,"Value":214},{"Length":98,"Height":3,"Demand":1,"DemandMax":null,"Value":294},{"Length":55,"Height":5,"Demand":2,"DemandMax":null,"Value":275},{"Length":5,"Height":52,"Demand":1,"DemandMax":null,"Value":260},{"Length":2,"Height":112,"Demand":1,"DemandMax":null,"Value":224},{"Length":21,"Height":12,"Demand":1,"DemandMax":null,"Value":252},{"Length":22,"Height":11,"Demand":3,"DemandMax":null,"Value":242},{"Length":12,"Height":20,"Demand":2,"DemandMax":null,"Value":240},{"Length":13,"Height":19,"Demand":3,"DemandMax":null,"Value":247},{"Length":3,"Height":73,"Demand":1,"DemandMax":null,"Value":219},{"Length":56,"Height":4,"Demand":4,"DemandMax":null,"Value":224},{"Length":18,"Height":14,"Demand":1,"DemandMax":null,"Value":252},{"Length":5,"Height":49,"Demand":1,"DemandMax":null,"Value":245},{"Length":2,"Height":111,"Demand":1,"DemandMax":null,"Value":222},{"Length":19,"Height":13,"Demand":1,"DemandMax":null,"Value":247},{"Length":3,"Height":72,"Demand":1,"DemandMax":null,"Value":216},{"Length":37,"Height":7,"Demand":1,"DemandMax":null,"Value":259},{"Length":16,"Height":15,"Demand":3,"DemandMax":null,"Value":240},{"Length":24,"Height":10,"Demand":2,"DemandMax":null,"Value":240},{"Length":99,"Height":2,"Demand":1,"DemandMax":null,"Value":198},{"Length":4,"Height":61,"Demand":2,"DemandMax":null,"Value":244},{"Length":4,"Height":63,"Demand":1,"DemandMax":null,"Value":252},{"Length":15,"Height":16,"Demand":2,"DemandMax":null,"Value":240},{"Length":136,"Height":2,"Demand":1,"DemandMax":null,"Value":272},{"Length":83,"Height":3,"Demand":1,"DemandMax":null,"Value":249},{"Length":5,"Height":46,"Demand":2,"DemandMax":null,"Value":230},{"Length":45,"Height":5,"Demand":1,"DemandMax":null,"Value":225},{"Length":8,"Height":30,"Demand":1,"DemandMax":null,"Value":240},{"Length":38,"Height":6,"Demand":1,"DemandMax":null,"Value":228},{"Length":4,"Height":53,"Demand":2,"DemandMax":null,"Value":212},{"Length":23,"Height":10,"Demand":1,"DemandMax":null,"Value":230},{"Length":20,"Height":12,"Demand":1,"DemandMax":null,"Value":240},{"Length":13,"Height":18,"Demand":2,"DemandMax":null,"Value":234},{"Length":14,"Height":17,"Demand":1,"DemandMax":null,"Value":238},{"Length":16,"Height":14,"Demand":1,"DemandMax":null,"Value":224},{"Length":10,"Height":24,"Demand":1,"DemandMax":null,"Value":240},{"Length":35,"Height":6,"Demand":1,"DemandMax":null,"Value":210},{"Length":37,"Height":6,"Demand":1,"DemandMax":null,"Value":222},{"Length":2,"Height":94,"Demand":2,"DemandMax":null,"Value":188},{"Length":65,"Height":3,"Demand":2,"DemandMax":null,"Value":195},{"Length":4,"Height":51,"Demand":1,"DemandMax":null,"Value":204},{"Length":43,"Height":5,"Demand":1,"DemandMax":null,"Value":215},{"Length":32,"Height":7,"Demand":1,"DemandMax":null,"Value":224},{"Length":8,"Height":27,"Demand":1,"DemandMax":null,"Value":216},{"Length":28,"Height":8,"Demand":2,"DemandMax":null,"Value":224},{"Length":9,"Height":25,"Demand":1,"DemandMax":null,"Value":225},{"Length":3,"Height":65,"Demand":1,"DemandMax":null,"Value":195},{"Length":10,"Height":21,"Demand":1,"DemandMax":null,"Value":210},{"Length":67,"Height":3,"Demand":1,"DemandMax":null,"Value":201},{"Length":47,"Height":5,"Demand":1,"DemandMax":null,"Value":235},{"Length":25,"Height":9,"Demand":1,"DemandMax":null,"Value":225},{"Length":77,"Height":3,"Demand":1,"DemandMax":null,"Value":231},{"Length":27,"Height":8,"Demand":1,"DemandMax":null,"Value":216},{"Length":18,"Height":12,"Demand":1,"DemandMax":null,"Value":216},{"Length":4,"Height":52,"Demand":1,"DemandMax":null,"Value":208},{"Length":54,"Height":4,"Demand":1,"DemandMax":null,"Value":216},{"Length":12,"Height":17,"Demand":1,"DemandMax":null,"Value":204},{"Length":94,"Height":2,"Demand":2,"DemandMax":null,"Value":188},{"Length":49,"Height":4,"Demand":1,"DemandMax":null,"Value":196},{"Length":9,"Height":24,"Demand":1,"DemandMax":null,"Value":216},{"Length":9,"Height":22,"Demand":2,"DemandMax":null,"Value":198},{"Length":46,"Height":4,"Demand":1,"DemandMax":null,"Value":184},{"Length":4,"Height":50,"Demand":1,"DemandMax":null,"Value":200},{"Length":16,"Height":12,"Demand":3,"DemandMax":null,"Value":192},{"Length":9,"Height":23,"Demand":1,"DemandMax":null,"Value":207},{"Length":4,"Height":46,"Demand":1,"DemandMax":null,"Value":184},{"Length":22,"Height":9,"Demand":1,"DemandMax":null,"Value":198},{"Length":15,"Height":13,"Demand":1,"DemandMax":null,"Value":195},{"Length":17,"Height":12,"Demand":1,"DemandMax":null,"Value":204},{"Length":26,"Height":8,"Demand":1,"DemandMax":null,"Value":208},{"Length":64,"Height":3,"Demand":1,"DemandMax":null,"Value":192},{"Length":77,"Height":2,"Demand":2,"DemandMax":null,"Value":154},{"Length":128,"Height":1,"Demand":4,"DemandMax":null,"Value":128},{"Length":21,"Height":9,"Demand":1,"DemandMax":null,"Value":189},{"Length":54,"Height":3,"Demand":3,"DemandMax":null,"Value":162},{"Length":41,"Height":5,"Demand":1,"DemandMax":null,"Value":205},{"Length":1,"Height":124,"Demand":2,"DemandMax":null,"Value":124},{"Length":29,"Height":6,"Demand":1,"DemandMax":null,"Value":174},{"Length":13,"Height":14,"Demand":3,"DemandMax":null,"Value":182},{"Length":18,"Height":10,"Demand":1,"DemandMax":null,"Value":180},{"Length":2,"Height":91,"Demand":2,"DemandMax":null,"Value":182},{"Length":47,"Height":4,"Demand":1,"DemandMax":null,"Value":188},{"Length":131,"Height":1,"Demand":1,"DemandMax":null,"Value":131},{"Length":12,"Height":15,"Demand":1,"DemandMax":null,"Value":180},{"Length":82,"Height":2,"Demand":2,"DemandMax":null,"Value":164},{"Length":62,"Height":3,"Demand":1,"DemandMax":null,"Value":186},{"Length":10,"Height":17,"Demand":1,"DemandMax":null,"Value":170},{"Length":15,"Height":12,"Demand":2,"DemandMax":null,"Value":180},{"Length":26,"Height":7,"Demand":1,"DemandMax":null,"Value":182},{"Length":6,"Height":27,"Demand":1,"DemandMax":null,"Value":162},{"Length":39,"Height":5,"Demand":1,"DemandMax":null,"Value":195},{"Length":92,"Height":2,"Demand":1,"DemandMax":null,"Value":184},{"Length":7,"Height":24,"Demand":2,"DemandMax":null,"Value":168},{"Length":17,"Height":10,"Demand":2,"DemandMax":null,"Value":170},{"Length":9,"Height":20,"Demand":1,"DemandMax":null,"Value":180},{"Length":28,"Height":6,"Demand":1,"DemandMax":null,"Value":168},{"Length":20,"Height":8,"Demand":2,"DemandMax":null,"Value":160},{"Length":121,"Height":1,"Demand":1,"DemandMax":null,"Value":121},{"Length":2,"Height":95,"Demand":1,"DemandMax":null,"Value":190},{"Length":2,"Height":76,"Demand":1,"DemandMax":null,"Value":152},{"Length":13,"Height":13,"Demand":2,"DemandMax":null,"Value":169},{"Length":110,"Height":2,"Demand":1,"DemandMax":null,"Value":220},{"Length":23,"Height":8,"Demand":1,"DemandMax":null,"Value":184},{"Length":15,"Height":11,"Demand":2,"DemandMax":null,"Value":165},{"Length":85,"Height":2,"Demand":1,"DemandMax":null,"Value":170},{"Length":7,"Height":23,"Demand":1,"DemandMax":null,"Value":161},{"Length":2,"Height":86,"Demand":1,"DemandMax":null,"Value":172},{"Length":74,"Height":2,"Demand":2,"DemandMax":null,"Value":148},{"Length":5,"Height":36,"Demand":1,"DemandMax":null,"Value":180},{"Length":22,"Height":8,"Demand":1,"DemandMax":null,"Value":176},{"Length":109,"Height":1,"Demand":1,"DemandMax":null,"Value":109},{"Length":18,"Height":9,"Demand":2,"DemandMax":null,"Value":162},{"Length":3,"Height":57,"Demand":1,"DemandMax":null,"Value":171},{"Length":6,"Height":25,"Demand":1,"DemandMax":null,"Value":150},{"Length":21,"Height":8,"Demand":1,"DemandMax":null,"Value":168},{"Length":32,"Height":5,"Demand":1,"DemandMax":null,"Value":160},{"Length":2,"Height":65,"Demand":1,"DemandMax":null,"Value":130},{"Length":50,"Height":3,"Demand":4,"DemandMax":null,"Value":150},{"Length":22,"Height":7,"Demand":1,"DemandMax":null,"Value":154},{"Length":24,"Height":6,"Demand":2,"DemandMax":null,"Value":144},{"Length":3,"Height":54,"Demand":1,"DemandMax":null,"Value":162},{"Length":51,"Height":3,"Demand":2,"DemandMax":null,"Value":153},{"Length":4,"Height":40,"Demand":2,"DemandMax":null,"Value":160},{"Length":26,"Height":6,"Demand":2,"DemandMax":null,"Value":156},{"Length":23,"Height":7,"Demand":2,"DemandMax":null,"Value":161},{"Length":47,"Height":3,"Demand":1,"DemandMax":null,"Value":141},{"Length":2,"Height":72,"Demand":2,"DemandMax":null,"Value":144},{"Length":4,"Height":35,"Demand":2,"DemandMax":null,"Value":140},{"Length":34,"Height":4,"Demand":2,"DemandMax":null,"Value":136},{"Length":2,"Height":63,"Demand":2,"DemandMax":null,"Value":126},{"Length":44,"Height":3,"Demand":1,"DemandMax":null,"Value":132},{"Length":18,"Height":8,"Demand":2,"DemandMax":null,"Value":144},{"Length":87,"Height":2,"Demand":1,"DemandMax":null,"Value":174},{"Length":5,"Height":28,"Demand":3,"DemandMax":null,"Value":140},{"Length":7,"Height":22,"Demand":1,"DemandMax":null,"Value":154},{"Length":6,"Height":26,"Demand":1,"DemandMax":null,"Value":156},{"Length":49,"Height":3,"Demand":2,"DemandMax":null,"Value":147},{"Length":43,"Height":3,"Demand":1,"DemandMax":null,"Value":129},{"Length":36,"Height":4,"Demand":1,"DemandMax":null,"Value":144},{"Length":10,"Height":15,"Demand":1,"DemandMax":null,"Value":150},{"Length":8,"Height":18,"Demand":1,"DemandMax":null,"Value":144},{"Length":6,"Height":23,"Demand":2,"DemandMax":null,"Value":138},{"Length":9,"Height":16,"Demand":2,"DemandMax":null,"Value":144},{"Length":15,"Height":10,"Demand":2,"DemandMax":null,"Value":150},{"Length":5,"Height":30,"Demand":2,"DemandMax":null,"Value":150},{"Length":16,"Height":9,"Demand":1,"DemandMax":null,"Value":144},{"Length":5,"Height":32,"Demand":1,"DemandMax":null,"Value":160},{"Length":57,"Height":3,"Demand":1,"DemandMax":null,"Value":171},{"Length":23,"Height":6,"Demand":1,"DemandMax":null,"Value":138},{"Length":38,"Height":4,"Demand":1,"DemandMax":null,"Value":152},{"Length":32,"Height":4,"Demand":3,"DemandMax":null,"Value":128},{"Length":22,"Height":6,"Demand":2,"DemandMax":null,"Value":132},{"Length":12,"Height":12,"Demand":2,"DemandMax":null,"Value":144},{"Length":57,"Height":2,"Demand":1,"DemandMax":null,"Value":114},{"Length":13,"Height":11,"Demand":4,"DemandMax":null,"Value":143},{"Length":6,"Height":22,"Demand":5,"DemandMax":null,"Value":132},{"Length":26,"Height":5,"Demand":1,"DemandMax":null,"Value":130},{"Length":4,"Height":32,"Demand":2,"DemandMax":null,"Value":128},{"Length":41,"Height":3,"Demand":1,"DemandMax":null,"Value":123},{"Length":8,"Height":17,"Demand":1,"DemandMax":null,"Value":136},{"Length":71,"Height":2,"Demand":1,"DemandMax":null,"Value":142},{"Length":21,"Height":6,"Demand":3,"DemandMax":null,"Value":126},{"Length":37,"Height":4,"Demand":2,"DemandMax":null,"Value":148},{"Length":2,"Height":64,"Demand":1,"DemandMax":null,"Value":128},{"Length":40,"Height":3,"Demand":2,"DemandMax":null,"Value":120},{"Length":6,"Height":24,"Demand":2,"DemandMax":null,"Value":144},{"Length":4,"Height":39,"Demand":1,"DemandMax":null,"Value":156},{"Length":16,"Height":8,"Demand":4,"DemandMax":null,"Value":128},{"Length":28,"Height":5,"Demand":3,"DemandMax":null,"Value":140},{"Length":3,"Height":47,"Demand":1,"DemandMax":null,"Value":141},{"Length":9,"Height":15,"Demand":1,"DemandMax":null,"Value":135},{"Length":1,"Height":95,"Demand":1,"DemandMax":null,"Value":95},{"Length":25,"Height":5,"Demand":3,"DemandMax":null,"Value":125},{"Length":2,"Height":67,"Demand":2,"DemandMax":null,"Value":134},{"Length":17,"Height":8,"Demand":2,"DemandMax":null,"Value":136},{"Length":5,"Height":25,"Demand":2,"DemandMax":null,"Value":125},{"Length":3,"Height":48,"Demand":2,"DemandMax":null,"Value":144},{"Length":3,"Height":39,"Demand":1,"DemandMax":null,"Value":117},{"Length":12,"Height":11,"Demand":1,"DemandMax":null,"Value":132},{"Length":4,"Height":36,"Demand":1,"DemandMax":null,"Value":144},{"Length":6,"Height":21,"Demand":1,"DemandMax":null,"Value":126},{"Length":37,"Height":3,"Demand":3,"DemandMax":null,"Value":111},{"Length":39,"Height":3,"Demand":1,"DemandMax":null,"Value":117},{"Length":9,"Height":14,"Demand":2,"DemandMax":null,"Value":126},{"Length":99,"Height":1,"Demand":2,"DemandMax":null,"Value":99},{"Length":18,"Height":7,"Demand":1,"DemandMax":null,"Value":126},{"Length":30,"Height":4,"Demand":2,"DemandMax":null,"Value":120},{"Length":7,"Height":18,"Demand":2,"DemandMax":null,"Value":126},{"Length":4,"Height":28,"Demand":1,"DemandMax":null,"Value":112},{"Length":14,"Height":9,"Demand":1,"DemandMax":null,"Value":126},{"Length":2,"Height":66,"Demand":1,"DemandMax":null,"Value":132},{"Length":87,"Height":1,"Demand":1,"DemandMax":null,"Value":87},{"Length":5,"Height":27,"Demand":1,"DemandMax":null,"Value":135},{"Length":63,"Height":2,"Demand":2,"DemandMax":null,"Value":126},{"Length":15,"Height":8,"Demand":2,"DemandMax":null,"Value":120},{"Length":110,"Height":1,"Demand":1,"DemandMax":null,"Value":110},{"Length":4,"Height":34,"Demand":2,"DemandMax":null,"Value":136},{"Length":12,"Height":10,"Demand":1,"DemandMax":null,"Value":120},{"Length":20,"Height":6,"Demand":1,"DemandMax":null,"Value":120},{"Length":11,"Height":12,"Demand":1,"DemandMax":null,"Value":132},{"Length":64,"Height":2,"Demand":1,"DemandMax":null,"Value":128},{"Length":31,"Height":4,"Demand":1,"DemandMax":null,"Value":124},{"Length":35,"Height":4,"Demand":1,"DemandMax":null,"Value":140},{"Length":17,"Height":7,"Demand":1,"DemandMax":null,"Value":119}]}