{"Name":"path92t","Objects":[{"Length":1000,"Height":1001,"Stock":null,"Cost":1001000}],"Items":[{"Length":30,"Height":522,"Demand":1,"DemandMax":null,"Value":15660},{"Length":110,"Height":136,"Demand":1,"DemandMax":null,"Value":14960},{"Length":53,"Height":209,"Demand":1,"DemandMax":null,"Value":11077},{"Length":20,"Height":522,"Demand":1,"DemandMax":null,"Value":10440},{"Length":110,"Height":86,"Demand":1,"DemandMax":null,"Value":9460},{"Length":31,"Height":268,"Demand":1,"DemandMax":null,"Value":8308},{"Length":36,"Height":192,"Demand":1,"DemandMax":null,"Value":6912},{"Length":57,"Height":108,"Demand":1,"DemandMax":null,"Value":6156},{"Length":36,"Height":166,"Demand":1,"DemandMax":null,"Value":5976},{"Length":110,"Height":53,"Demand":1,"DemandMax":null,"Value":5830},{"Length":30,"Height":166,"Demand":1,"DemandMax":null,"Value":4980},{"Length":24,"Height":209,"Demand":1,"DemandMax":null,"Value":5016},{"Length":41,"Height":114,"Demand":1,"DemandMax":null,"Value":4674},{"Length":21,"Height":197,"Demand":1,"DemandMax":null,"Value":4137},{"Length":163,"Height":24,"Demand":1,"DemandMax":null,"Value":3912},{"Length":42,"Height":87,"Demand":1,"DemandMax":null,"Value":3654},{"Length":25,"Height":114,"Demand":1,"DemandMax":null,"Value":2850},{"Length":9,"Height":277,"Demand":1,"DemandMax":null,"Value":2493},{"Length":249,"Height":10,"Demand":1,"DemandMax":null,"Value":2490},{"Length":19,"Height":122,"Demand":1,"DemandMax":null,"Value":2318},{"Length":11,"Height":209,"Demand":1,"DemandMax":null,"Value":2299},{"Length":184,"Height":12,"Demand":1,"DemandMax":null,"Value":2208},{"Length":44,"Height":50,"Demand":1,"DemandMax":null,"Value":2200},{"Length":166,"Height":13,"Demand":1,"DemandMax":null,"Value":2158},{"Length":40,"Height":53,"Demand":1,"DemandMax":null,"Value":2120},{"Length":7,"Height":312,"Demand":1,"DemandMax":null,"Value":2184},{"Length":10,"Height":203,"Demand":1,"DemandMax":null,"Value":2030},{"Length":24,"Height":85,"Demand":1,"DemandMax":null,"Value":2040},{"Length":67,"Height":31,"Demand":1,"DemandMax":null,"Value":2077},{"Length":45,"Height":45,"Demand":1,"DemandMax":null,"Value":2025},{"Length":36,"Height":53,"Demand":1,"DemandMax":null,"Value":1908},{"Length":6,"Height":337,"Demand":1,"DemandMax":null,"Value":2022},{"Length":50,"Height":38,"Demand":1,"DemandMax":null,"Value":1900},{"Length":27,"Height":71,"Demand":1,"DemandMax":null,"Value":1917},{"Length":27,"Height":69,"Demand":1,"DemandMax":null,"Value":1863},{"Length":13,"Height":140,"Demand":1,"DemandMax":null,"Value":1820},{"Length":19,"Height":96,"Demand":1,"DemandMax":null,"Value":1824},{"Length":15,"Height":120,"Demand":1,"DemandMax":null,"Value":1800},{"Length":14,"Height":126,"Demand":1,"DemandMax":null,"Value":1764},{"Length":20,"Height":85,"Demand":1,"DemandMax":null,"Value":1700},{"Length":16,"Height":109,"Demand":1,"DemandMax":null,"Value":1744},{"Length":13,"Height":132,"Demand":1,"DemandMax":null,"Value":1716},{"Length":34,"Height":50,"Demand":1,"DemandMax":null,"Value":1700},{"Length":19,"Height":89,"Demand":1,"DemandMax":null,"Value":1691},{"Length":19,"Height":87,"Demand":1,"DemandMax":null,"Value":1653},{"Length":114,"Height":14,"Demand":1,"DemandMax":null,"Value":1596},{"Length":84,"Height":19,"Demand":1,"DemandMax":null,"Value":1596},{"Length":39,"Height":40,"Demand":1,"DemandMax":null,"Value":1560},{"Length":230,"Height":7,"Demand":2,"DemandMax":null,"Value":1610},{"Length":18,"Height":85,"Demand":1,"DemandMax":null,"Value":1530},{"Length":45,"Height":35,"Demand":1,"DemandMax":null,"Value":1575},{"Length":30,"Height":50,"Demand":1,"DemandMax":null,"Value":1500},{"Length":12,"Height":124,"Demand":1,"DemandMax":null,"Value":1488},{"Length":20,"Height":75,"Demand":1,"DemandMax":null,"Value":1500},{"Length":17,"Height":85,"Demand":1,"DemandMax":null,"Value":1445},{"Length":27,"Height":52,"Demand":1,"DemandMax":null,"Value":1404},{"Length":19,"Height":72,"Demand":1,"DemandMax":null,"Value":1368},{"Length":16,"Height":85,"Demand":1,"DemandMax":null,"Value":1360},{"Length":102,"Height":13,"Demand":1,"DemandMax":null,"Value":1326},{"Length":6,"Height":214,"Demand":1,"DemandMax":null,"Value":1284},{"Length":65,"Height":21,"Demand":1,"DemandMax":null,"Value":1365},{"Length":196,"Height":7,"Demand":1,"DemandMax":null,"Value":1372},{"Length":9,"Height":147,"Demand":1,"DemandMax":null,"Value":1323},{"Length":131,"Height":10,"Demand":1,"DemandMax":null,"Value":1310},{"Length":214,"Height":6,"Demand":1,"DemandMax":null,"Value":1284},{"Length":63,"Height":21,"Demand":1,"DemandMax":null,"Value":1323},{"Length":172,"Height":8,"Demand":1,"DemandMax":null,"Value":1376},{"Length":64,"Height":21,"Demand":1,"DemandMax":null,"Value":1344},{"Length":228,"Height":6,"Demand":1,"DemandMax":null,"Value":1368},{"Length":21,"Height":61,"Demand":1,"DemandMax":null,"Value":1281},{"Length":11,"Height":117,"Demand":1,"DemandMax":null,"Value":1287},{"Length":19,"Height":66,"Demand":1,"DemandMax":null,"Value":1254},{"Length":16,"Height":79,"Demand":1,"DemandMax":null,"Value":1264},{"Length":8,"Height":163,"Demand":1,"DemandMax":null,"Value":1304},{"Length":150,"Height":8,"Demand":1,"DemandMax":null,"Value":1200},{"Length":42,"Height":29,"Demand":1,"DemandMax":null,"Value":1218},{"Length":108,"Height":11,"Demand":1,"DemandMax":null,"Value":1188},{"Length":38,"Height":32,"Demand":1,"DemandMax":null,"Value":1216},{"Length":5,"Height":257,"Demand":1,"DemandMax":null,"Value":1285},{"Length":75,"Height":16,"Demand":1,"DemandMax":null,"Value":1200},{"Length":8,"Height":145,"Demand":1,"DemandMax":null,"Value":1160},{"Length":5,"Height":234,"Demand":1,"DemandMax":null,"Value":1170},{"Length":26,"Height":44,"Demand":1,"DemandMax":null,"Value":1144},{"Length":65,"Height":18,"Demand":1,"DemandMax":null,"Value":1170},{"Length":10,"Height":115,"Demand":1,"DemandMax":null,"Value":1150},{"Length":33,"Height":35,"Demand":1,"DemandMax":null,"Value":1155},{"Length":49,"Height":23,"Demand":1,"DemandMax":null,"Value":1127},{"Length":24,"Height":47,"Demand":1,"DemandMax":null,"Value":1128},{"Length":8,"Height":139,"Demand":1,"DemandMax":null,"Value":1112},{"Length":14,"Height":77,"Demand":1,"DemandMax":null,"Value":1078},{"Length":15,"Height":73,"Demand":1,"DemandMax":null,"Value":1095},{"Length":89,"Height":12,"Demand":1,"DemandMax":null,"Value":1068},{"Length":42,"Height":26,"Demand":1,"DemandMax":null,"Value":1092},{"Length":4,"Height":257,"Demand":1,"DemandMax":null,"Value":1028},{"Length":8,"Height":132,"Demand":1,"DemandMax":null,"Value":1056},{"Length":20,"Height":52,"Demand":1,"DemandMax":null,"Value":1040},{"Length":3,"Height":314,"Demand":1,"DemandMax":null,"Value":942},{"Length":38,"Height":27,"Demand":1,"DemandMax":null,"Value":1026},{"Length":43,"Height":24,"Demand":1,"DemandMax":null,"Value":1032},{"Length":26,"Height":40,"Demand":1,"DemandMax":null,"Value":1040},{"Length":58,"Height":18,"Demand":1,"DemandMax":null,"Value":1044},{"Length":17,"Height":62,"Demand":1,"DemandMax":null,"Value":1054},{"Length":14,"Height":69,"Demand":1,"DemandMax":null,"Value":966},{"Length":57,"Height":17,"Demand":1,"DemandMax":null,"Value":969},{"Length":213,"Height":5,"Demand":1,"DemandMax":null,"Value":1065},{"Length":16,"Height":62,"Demand":1,"DemandMax":null,"Value":992},{"Length":12,"Height":79,"Demand":1,"DemandMax":null,"Value":948},{"Length":46,"Height":21,"Demand":1,"DemandMax":null,"Value":966},{"Length":47,"Height":20,"Demand":1,"DemandMax":null,"Value":940},{"Length":48,"Height":20,"Demand":1,"DemandMax":null,"Value":960},{"Length":14,"Height":68,"Demand":1,"DemandMax":null,"Value":952},{"Length":122,"Height":8,"Demand":1,"DemandMax":null,"Value":976},{"Length":5,"Height":197,"Demand":1,"DemandMax":null,"Value":985},{"Length":240,"Height":4,"Demand":1,"DemandMax":null,"Value":960},{"Length":87,"Height":10,"Demand":1,"DemandMax":null,"Value":870},{"Length":118,"Height":8,"Demand":1,"DemandMax":null,"Value":944},{"Length":24,"Height":37,"Demand":1,"DemandMax":null,"Value":888},{"Length":230,"Height":4,"Demand":1,"DemandMax":null,"Value":920},{"Length":7,"Height":126,"Demand":1,"DemandMax":null,"Value":882},{"Length":22,"Height":40,"Demand":1,"DemandMax":null,"Value":880},{"Length":4,"Height":209,"Demand":1,"DemandMax":null,"Value":836},{"Length":18,"Height":47,"Demand":1,"DemandMax":null,"Value":846},{"Length":61,"Height":14,"Demand":1,"DemandMax":null,"Value":854},{"Length":67,"Height":13,"Demand":1,"DemandMax":null,"Value":871},{"Length":136,"Height":6,"Demand":1,"DemandMax":null,"Value":816},{"Length":21,"Height":40,"Demand":1,"DemandMax":null,"Value":840},{"Length":8,"Height":111,"Demand":1,"DemandMax":null,"Value":888},{"Length":82,"Height":10,"Demand":1,"DemandMax":null,"Value":820},{"Length":6,"Height":145,"Demand":1,"DemandMax":null,"Value":870},{"Length":183,"Height":5,"Demand":1,"DemandMax":null,"Value":915},{"Length":12,"Height":69,"Demand":1,"DemandMax":null,"Value":828},{"Length":6,"Height":130,"Demand":1,"DemandMax":null,"Value":780},{"Length":55,"Height":15,"Demand":1,"DemandMax":null,"Value":825},{"Length":11,"Height":75,"Demand":1,"DemandMax":null,"Value":825},{"Length":21,"Height":39,"Demand":1,"DemandMax":null,"Value":819},{"Length":3,"Height":267,"Demand":1,"DemandMax":null,"Value":801},{"Length":3,"Height":278,"Demand":1,"DemandMax":null,"Value":834},{"Length":37,"Height":21,"Demand":1,"DemandMax":null,"Value":777},{"Length":147,"Height":5,"Demand":1,"DemandMax":null,"Value":735},{"Length":115,"Height":7,"Demand":1,"DemandMax":null,"Value":805},{"Length":70,"Height":11,"Demand":1,"DemandMax":null,"Value":770},{"Length":220,"Height":4,"Demand":1,"DemandMax":null,"Value":880},{"Length":88,"Height":9,"Demand":1,"DemandMax":null,"Value":792},{"Length":111,"Height":7,"Demand":1,"DemandMax":null,"Value":777},{"Length":95,"Height":8,"Demand":1,"DemandMax":null,"Value":760},{"Length":71,"Height":11,"Demand":2,"DemandMax":null,"Value":781},{"Length":14,"Height":54,"Demand":1,"DemandMax":null,"Value":756},{"Length":36,"Height":22,"Demand":1,"DemandMax":null,"Value":792},{"Length":34,"Height":23,"Demand":1,"DemandMax":null,"Value":782},{"Length":13,"Height":58,"Demand":1,"DemandMax":null,"Value":754},{"Length":162,"Height":5,"Demand":2,"DemandMax":null,"Value":810},{"Length":12,"Height":63,"Demand":1,"DemandMax":null,"Value":756},{"Length":171,"Height":5,"Demand":1,"DemandMax":null,"Value":855},{"Length":213,"Height":4,"Demand":1,"DemandMax":null,"Value":852},{"Length":7,"Height":111,"Demand":1,"DemandMax":null,"Value":777},{"Length":135,"Height":6,"Demand":1,"DemandMax":null,"Value":810},{"Length":107,"Height":7,"Demand":1,"DemandMax":null,"Value":749},{"Length":27,"Height":28,"Demand":1,"DemandMax":null,"Value":756},{"Length":141,"Height":5,"Demand":2,"DemandMax":null,"Value":705},{"Length":138,"Height":5,"Demand":1,"DemandMax":null,"Value":690},{"Length":29,"Height":25,"Demand":1,"DemandMax":null,"Value":725},{"Length":81,"Height":9,"Demand":1,"DemandMax":null,"Value":729},{"Length":57,"Height":13,"Demand":1,"DemandMax":null,"Value":741},{"Length":76,"Height":10,"Demand":1,"DemandMax":null,"Value":760},{"Length":6,"Height":114,"Demand":1,"DemandMax":null,"Value":684},{"Length":54,"Height":14,"Demand":1,"DemandMax":null,"Value":756},{"Length":209,"Height":4,"Demand":1,"DemandMax":null,"Value":836},{"Length":92,"Height":8,"Demand":1,"DemandMax":null,"Value":736},{"Length":33,"Height":22,"Demand":1,"DemandMax":null,"Value":726},{"Length":7,"Height":101,"Demand":1,"DemandMax":null,"Value":707},{"Length":14,"Height":50,"Demand":1,"DemandMax":null,"Value":700},{"Length":47,"Height":15,"Demand":1,"DemandMax":null,"Value":705},{"Length":13,"Height":53,"Demand":1,"DemandMax":null,"Value":689},{"Length":6,"Height":121,"Demand":1,"DemandMax":null,"Value":726},{"Length":33,"Height":21,"Demand":1,"DemandMax":null,"Value":693},{"Length":46,"Height":15,"Demand":1,"DemandMax":null,"Value":690},{"Length":24,"Height":29,"Demand":1,"DemandMax":null,"Value":696},{"Length":120,"Height":6,"Demand":1,"DemandMax":null,"Value":720},{"Length":28,"Height":25,"Demand":1,"DemandMax":null,"Value":700},{"Length":7,"Height":98,"Demand":1,"DemandMax":null,"Value":686},{"Length":69,"Height":10,"Demand":1,"DemandMax":null,"Value":690},{"Length":8,"Height":88,"Demand":1,"DemandMax":null,"Value":704},{"Length":76,"Height":9,"Demand":1,"DemandMax":null,"Value":684},{"Length":5,"Height":135,"Demand":1,"DemandMax":null,"Value":675},{"Length":53,"Height":13,"Demand":1,"DemandMax":null,"Value":689},{"Length":85,"Height":8,"Demand":1,"DemandMax":null,"Value":680},{"Length":12,"Height":55,"Demand":1,"DemandMax":null,"Value":660},{"Length":20,"Height":34,"Demand":1,"DemandMax":null,"Value":680},{"Length":87,"Height":8,"Demand":1,"DemandMax":null,"Value":696},{"Length":8,"Height":89,"Demand":1,"DemandMax":null,"Value":712},{"Length":39,"Height":17,"Demand":1,"DemandMax":null,"Value":663},{"Length":3,"Height":210,"Demand":1,"DemandMax":null,"Value":630},{"Length":36,"Height":18,"Demand":1,"DemandMax":null,"Value":648},{"Length":35,"Height":19,"Demand":1,"DemandMax":null,"Value":665},{"Length":42,"Height":16,"Demand":1,"DemandMax":null,"Value":672},{"Length":9,"Height":71,"Demand":2,"DemandMax":null,"Value":639},{"Length":47,"Height":14,"Demand":1,"DemandMax":null,"Value":658},{"Length":79,"Height":8,"Demand":2,"DemandMax":null,"Value":632},{"Length":4,"Height":146,"Demand":1,"DemandMax":null,"Value":584},{"Length":53,"Height":12,"Demand":2,"DemandMax":null,"Value":636},{"Length":10,"Height":66,"Demand":1,"DemandMax":null,"Value":660},{"Length":152,"Height":4,"Demand":1,"DemandMax":null,"Value":608},{"Length":29,"Height":22,"Demand":2,"DemandMax":null,"Value":638},{"Length":86,"Height":7,"Demand":1,"DemandMax":null,"Value":602},{"Length":110,"Height":6,"Demand":1,"DemandMax":null,"Value":660},{"Length":14,"Height":45,"Demand":1,"DemandMax":null,"Value":630},{"Length":42,"Height":15,"Demand":1,"DemandMax":null,"Value":630},{"Length":13,"Height":48,"Demand":1,"DemandMax":null,"Value":624},{"Length":18,"Height":36,"Demand":1,"DemandMax":null,"Value":648},{"Length":28,"Height":23,"Demand":1,"DemandMax":null,"Value":644},{"Length":87,"Height":7,"Demand":2,"DemandMax":null,"Value":609},{"Length":11,"Height":57,"Demand":1,"DemandMax":null,"Value":627},{"Length":6,"Height":110,"Demand":1,"DemandMax":null,"Value":660},{"Length":5,"Height":130,"Demand":1,"DemandMax":null,"Value":650},{"Length":9,"Height":72,"Demand":1,"DemandMax":null,"Value":648},{"Length":15,"Height":42,"Demand":2,"DemandMax":null,"Value":630},{"Length":49,"Height":13,"Demand":1,"DemandMax":null,"Value":637},{"Length":7,"Height":92,"Demand":1,"DemandMax":null,"Value":644},{"Length":30,"Height":21,"Demand":1,"DemandMax":null,"Value":630},{"Length":13,"Height":47,"Demand":2,"DemandMax":null,"Value":611},{"Length":19,"Height":32,"Demand":2,"DemandMax":null,"Value":608},{"Length":18,"Height":34,"Demand":1,"DemandMax":null,"Value":612},{"Length":15,"Height":41,"Demand":1,"DemandMax":null,"Value":615},{"Length":43,"Height":14,"Demand":1,"DemandMax":null,"Value":602},{"Length":5,"Height":120,"Demand":1,"DemandMax":null,"Value":600},{"Length":16,"Height":39,"Demand":1,"DemandMax":null,"Value":624},{"Length":6,"Height":105,"Demand":1,"DemandMax":null,"Value":630},{"Length":9,"Height":69,"Demand":1,"DemandMax":null,"Value":621},{"Length":46,"Height":13,"Demand":1,"DemandMax":null,"Value":598},{"Length":17,"Height":35,"Demand":2,"DemandMax":null,"Value":595},{"Length":3,"Height":208,"Demand":1,"DemandMax":null,"Value":624},{"Length":20,"Height":30,"Demand":1,"DemandMax":null,"Value":600},{"Length":145,"Height":4,"Demand":1,"DemandMax":null,"Value":580},{"Length":108,"Height":6,"Demand":2,"DemandMax":null,"Value":648},{"Length":7,"Height":87,"Demand":1,"DemandMax":null,"Value":609},{"Length":3,"Height":206,"Demand":1,"DemandMax":null,"Value":618},{"Length":14,"Height":41,"Demand":1,"DemandMax":null,"Value":574},{"Length":80,"Height":8,"Demand":1,"DemandMax":null,"Value":640},{"Length":6,"Height":96,"Demand":1,"DemandMax":null,"Value":576},{"Length":3,"Height":183,"Demand":1,"DemandMax":null,"Value":549},{"Length":8,"Height":75,"Demand":1,"DemandMax":null,"Value":600},{"Length":4,"Height":147,"Demand":1,"DemandMax":null,"Value":588},{"Length":144,"Height":4,"Demand":1,"DemandMax":null,"Value":576},{"Length":70,"Height":9,"Demand":1,"DemandMax":null,"Value":630},{"Length":16,"Height":38,"Demand":1,"DemandMax":null,"Value":608},{"Length":11,"Height":52,"Demand":1,"DemandMax":null,"Value":572},{"Length":24,"Height":25,"Demand":1,"DemandMax":null,"Value":600},{"Length":6,"Height":100,"Demand":1,"DemandMax":null,"Value":600},{"Length":17,"Height":36,"Demand":1,"DemandMax":null,"Value":612},{"Length":97,"Height":6,"Demand":1,"DemandMax":null,"Value":582},{"Length":71,"Height":8,"Demand":1,"DemandMax":null,"Value":568},{"Length":32,"Height":19,"Demand":2,"DemandMax":null,"Value":608},{"Length":7,"Height":81,"Demand":1,"DemandMax":null,"Value":567},{"Length":53,"Height":11,"Demand":1,"DemandMax":null,"Value":583},{"Length":24,"Height":24,"Demand":2,"DemandMax":null,"Value":576},{"Length":35,"Height":17,"Demand":1,"DemandMax":null,"Value":595},{"Length":4,"Height":135,"Demand":1,"DemandMax":null,"Value":540},{"Length":4,"Height":134,"Demand":1,"DemandMax":null,"Value":536},{"Length":217,"Height":3,"Demand":1,"DemandMax":null,"Value":651},{"Length":29,"Height":21,"Demand":1,"DemandMax":null,"Value":609},{"Length":7,"Height":83,"Demand":1,"DemandMax":null,"Value":581},{"Length":57,"Height":10,"Demand":1,"DemandMax":null,"Value":570},{"Length":45,"Height":13,"Demand":2,"DemandMax":null,"Value":585},{"Length":205,"Height":3,"Demand":1,"DemandMax":null,"Value":615},{"Length":23,"Height":26,"Demand":1,"DemandMax":null,"Value":598},{"Length":8,"Height":71,"Demand":1,"DemandMax":null,"Value":568},{"Length":39,"Height":15,"Demand":1,"DemandMax":null,"Value":585},{"Length":13,"Height":45,"Demand":1,"DemandMax":null,"Value":585},{"Length":6,"Height":95,"Demand":1,"DemandMax":null,"Value":570},{"Length":42,"Height":14,"Demand":1,"DemandMax":null,"Value":588},{"Length":6,"Height":93,"Demand":1,"DemandMax":null,"Value":558},{"Length":28,"Height":21,"Demand":1,"DemandMax":null,"Value":588},{"Length":4,"Height":130,"Demand":2,"DemandMax":null,"Value":520},{"Length":34,"Height":17,"Demand":2,"DemandMax":null,"Value":578},{"Length":8,"Height":73,"Demand":1,"DemandMax":null,"Value":584},{"Length":40,"Height":14,"Demand":2,"DemandMax":null,"Value":560},{"Length":56,"Height":10,"Demand":2,"DemandMax":null,"Value":560},{"Length":155,"Height":4,"Demand":1,"DemandMax":null,"Value":620},{"Length":64,"Height":9,"Demand":1,"DemandMax":null,"Value":576},{"Length":42,"Height":13,"Demand":1,"DemandMax":null,"Value":546},{"Length":49,"Height":12,"Demand":1,"DemandMax":null,"Value":588},{"Length":17,"Height":34,"Demand":1,"DemandMax":null,"Value":578},{"Length":141,"Height":4,"Demand":1,"DemandMax":null,"Value":564},{"Length":12,"Height":46,"Demand":1,"DemandMax":null,"Value":552},{"Length":86,"Height":6,"Demand":1,"DemandMax":null,"Value":516},{"Length":84,"Height":7,"Demand":1,"DemandMax":null,"Value":588},{"Length":105,"Height":5,"Demand":1,"DemandMax":null,"Value":525},{"Length":69,"Height":8,"Demand":1,"DemandMax":null,"Value":552},{"Length":30,"Height":18,"Demand":1,"DemandMax":null,"Value":540},{"Length":13,"Height":42,"Demand":1,"DemandMax":null,"Value":546},{"Length":4,"Height":126,"Demand":1,"DemandMax":null,"Value":504},{"Length":101,"Height":5,"Demand":1,"DemandMax":null,"Value":505},{"Length":74,"Height":7,"Demand":1,"DemandMax":null,"Value":518},{"Length":10,"Height":56,"Demand":1,"DemandMax":null,"Value":560},{"Length":126,"Height":4,"Demand":1,"DemandMax":null,"Value":504},{"Length":4,"Height":136,"Demand":2,"DemandMax":null,"Value":544},{"Length":3,"Height":163,"Demand":1,"DemandMax":null,"Value":489},{"Length":58,"Height":9,"Demand":1,"DemandMax":null,"Value":522},{"Length":19,"Height":29,"Demand":1,"DemandMax":null,"Value":551},{"Length":9,"Height":61,"Demand":2,"DemandMax":null,"Value":549},{"Length":65,"Height":8,"Demand":1,"DemandMax":null,"Value":520},{"Length":20,"Height":27,"Demand":1,"DemandMax":null,"Value":540},{"Length":8,"Height":65,"Demand":1,"DemandMax":null,"Value":520},{"Length":15,"Height":36,"Demand":1,"DemandMax":null,"Value":540},{"Length":33,"Height":16,"Demand":2,"DemandMax":null,"Value":528},{"Length":39,"Height":14,"Demand":1,"DemandMax":null,"Value":546},{"Length":72,"Height":7,"Demand":1,"DemandMax":null,"Value":504},{"Length":9,"Height":62,"Demand":1,"DemandMax":null,"Value":558},{"Length":6,"Height":85,"Demand":1,"DemandMax":null,"Value":510},{"Length":29,"Height":18,"Demand":2,"DemandMax":null,"Value":522},{"Length":20,"Height":26,"Demand":1,"DemandMax":null,"Value":520},{"Length":11,"Height":46,"Demand":2,"DemandMax":null,"Value":506},{"Length":12,"Height":44,"Demand":2,"DemandMax":null,"Value":528},{"Length":6,"Height":87,"Demand":1,"DemandMax":null,"Value":522},{"Length":9,"Height":57,"Demand":1,"DemandMax":null,"Value":513},{"Length":8,"Height":64,"Demand":1,"DemandMax":null,"Value":512},{"Length":183,"Height":3,"Demand":2,"DemandMax":null,"Value":549},{"Length":131,"Height":4,"Demand":2,"DemandMax":null,"Value":524},{"Length":46,"Height":11,"Demand":1,"DemandMax":null,"Value":506},{"Length":8,"Height":69,"Demand":1,"DemandMax":null,"Value":552},{"Length":80,"Height":7,"Demand":1,"DemandMax":null,"Value":560},{"Length":17,"Height":30,"Demand":1,"DemandMax":null,"Value":510},{"Length":3,"Height":175,"Demand":1,"DemandMax":null,"Value":525},{"Length":11,"Height":50,"Demand":1,"DemandMax":null,"Value":550},{"Length":11,"Height":45,"Demand":1,"DemandMax":null,"Value":495},{"Length":31,"Height":17,"Demand":1,"DemandMax":null,"Value":527},{"Length":39,"Height":13,"Demand":1,"DemandMax":null,"Value":507},{"Length":97,"Height":5,"Demand":4,"DemandMax":null,"Value":485},{"Length":9,"Height":56,"Demand":1,"DemandMax":null,"Value":504},{"Length":14,"Height":38,"Demand":1,"DemandMax":null,"Value":532},{"Length":69,"Height":7,"Demand":1,"DemandMax":null,"Value":483},{"Length":30,"Height":17,"Demand":1,"DemandMax":null,"Value":510},{"Length":171,"Height":3,"Demand":1,"DemandMax":null,"Value":513},{"Length":27,"Height":19,"Demand":1,"DemandMax":null,"Value":513},{"Length":57,"Height":9,"Demand":1,"DemandMax":null,"Value":513},{"Length":40,"Height":13,"Demand":1,"DemandMax":null,"Value":520},{"Length":15,"Height":34,"Demand":2,"DemandMax":null,"Value":510},{"Length":13,"Height":38,"Demand":1,"DemandMax":null,"Value":494},{"Length":108,"Height":5,"Demand":1,"DemandMax":null,"Value":540},{"Length":67,"Height":8,"Demand":1,"DemandMax":null,"Value":536},{"Length":130,"Height":4,"Demand":1,"DemandMax":null,"Value":520},{"Length":13,"Height":40,"Demand":1,"DemandMax":null,"Value":520},{"Length":12,"Height":42,"Demand":1,"DemandMax":null,"Value":504},{"Length":63,"Height":8,"Demand":1,"DemandMax":null,"Value":504},{"Length":3,"Height":145,"Demand":3,"DemandMax":null,"Value":435},{"Length":2,"Height":218,"Demand":2,"DemandMax":null,"Value":436},{"Length":45,"Height":11,"Demand":2,"DemandMax":null,"Value":495},{"Length":149,"Height":3,"Demand":3,"DemandMax":null,"Value":447},{"Length":9,"Height":58,"Demand":1,"DemandMax":null,"Value":522},{"Length":40,"Height":12,"Demand":1,"DemandMax":null,"Value":480},{"Length":33,"Height":15,"Demand":2,"DemandMax":null,"Value":495},{"Length":5,"Height":91,"Demand":2,"DemandMax":null,"Value":455},{"Length":4,"Height":112,"Demand":1,"DemandMax":null,"Value":448},{"Length":24,"Height":21,"Demand":1,"DemandMax":null,"Value":504},{"Length":6,"Height":88,"Demand":1,"DemandMax":null,"Value":528},{"Length":25,"Height":20,"Demand":1,"DemandMax":null,"Value":500},{"Length":38,"Height":13,"Demand":1,"DemandMax":null,"Value":494},{"Length":37,"Height":13,"Demand":2,"DemandMax":null,"Value":481},{"Length":36,"Height":14,"Demand":1,"DemandMax":null,"Value":504},{"Length":113,"Height":4,"Demand":3,"DemandMax":null,"Value":452},{"Length":16,"Height":31,"Demand":1,"DemandMax":null,"Value":496},{"Length":91,"Height":5,"Demand":2,"DemandMax":null,"Value":455},{"Length":39,"Height":12,"Demand":1,"DemandMax":null,"Value":468},{"Length":26,"Height":19,"Demand":1,"DemandMax":null,"Value":494},{"Length":220,"Height":2,"Demand":1,"DemandMax":null,"Value":440},{"Length":123,"Height":4,"Demand":1,"DemandMax":null,"Value":492},{"Length":4,"Height":122,"Demand":1,"DemandMax":null,"Value":488},{"Length":17,"Height":29,"Demand":1,"DemandMax":null,"Value":493},{"Length":7,"Height":71,"Demand":1,"DemandMax":null,"Value":497},{"Length":122,"Height":4,"Demand":2,"DemandMax":null,"Value":488},{"Length":9,"Height":53,"Demand":1,"DemandMax":null,"Value":477},{"Length":2,"Height":204,"Demand":2,"DemandMax":null,"Value":408},{"Length":68,"Height":7,"Demand":2,"DemandMax":null,"Value":476},{"Length":16,"Height":29,"Demand":3,"DemandMax":null,"Value":464},{"Length":6,"Height":82,"Demand":2,"DemandMax":null,"Value":492},{"Length":43,"Height":11,"Demand":2,"DemandMax":null,"Value":473},{"Length":50,"Height":10,"Demand":1,"DemandMax":null,"Value":500},{"Length":13,"Height":36,"Demand":2,"DemandMax":null,"Value":468},{"Length":31,"Height":16,"Demand":1,"DemandMax":null,"Value":496},{"Length":5,"Height":89,"Demand":2,"DemandMax":null,"Value":445},{"Length":5,"Height":103,"Demand":1,"DemandMax":null,"Value":515},{"Length":5,"Height":100,"Demand":2,"DemandMax":null,"Value":500},{"Length":22,"Height":22,"Demand":1,"DemandMax":null,"Value":484},{"Length":15,"Height":33,"Demand":2,"DemandMax":null,"Value":495},{"Length":33,"Height":14,"Demand":2,"DemandMax":null,"Value":462},{"Length":23,"Height":21,"Demand":1,"DemandMax":null,"Value":483},{"Length":14,"Height":35,"Demand":1,"DemandMax":null,"Value":490},{"Length":14,"Height":34,"Demand":3,"DemandMax":null,"Value":476},{"Length":32,"Height":15,"Demand":1,"DemandMax":null,"Value":480},{"Length":9,"Height":52,"Demand":1,"DemandMax":null,"Value":468},{"Length":102,"Height":5,"Demand":1,"DemandMax":null,"Value":510},{"Length":19,"Height":25,"Demand":3,"DemandMax":null,"Value":475},{"Length":7,"Height":69,"Demand":3,"DemandMax":null,"Value":483},{"Length":124,"Height":4,"Demand":3,"DemandMax":null,"Value":496},{"Length":15,"Height":32,"Demand":2,"DemandMax":null,"Value":480},{"Length":20,"Height":23,"Demand":5,"DemandMax":null,"Value":460},{"Length":136,"Height":4,"Demand":1,"DemandMax":null,"Value":544},{"Length":11,"Height":42,"Demand":5,"DemandMax":null,"Value":462},{"Length":7,"Height":72,"Demand":1,"DemandMax":null,"Value":504},{"Length":10,"Height":50,"Demand":1,"DemandMax":null,"Value":500},{"Length":11,"Height":41,"Demand":2,"DemandMax":null,"Value":451},{"Length":20,"Height":24,"Demand":1,"DemandMax":null,"Value":480},{"Length":5,"Height":98,"Demand":3,"DemandMax":null,"Value":490},{"Length":3,"Height":166,"Demand":1,"DemandMax":null,"Value":498},{"Length":46,"Height":10,"Demand":1,"DemandMax":null,"Value":460},{"Length":193,"Height":2,"Demand":1,"DemandMax":null,"Value":386},{"Length":42,"Height":11,"Demand":1,"DemandMax":null,"Value":462},{"Length":7,"Height":68,"Demand":3,"DemandMax":null,"Value":476},{"Length":23,"Height":20,"Demand":2,"DemandMax":null,"Value":460},{"Length":3,"Height":169,"Demand":1,"DemandMax":null,"Value":507},{"Length":99,"Height":5,"Demand":1,"DemandMax":null,"Value":495},{"Length":31,"Height":15,"Demand":3,"DemandMax":null,"Value":465},{"Length":22,"Height":21,"Demand":1,"DemandMax":null,"Value":462},{"Length":110,"Height":4,"Demand":1,"DemandMax":null,"Value":440},{"Length":51,"Height":9,"Demand":3,"DemandMax":null,"Value":459},{"Length":21,"Height":23,"Demand":1,"DemandMax":null,"Value":483},{"Length":28,"Height":17,"Demand":2,"DemandMax":null,"Value":476},{"Length":11,"Height":43,"Demand":2,"DemandMax":null,"Value":473},{"Length":59,"Height":8,"Demand":2,"DemandMax":null,"Value":472},{"Length":26,"Height":18,"Demand":2,"DemandMax":null,"Value":468},{"Length":140,"Height":3,"Demand":2,"DemandMax":null,"Value":420},{"Length":55,"Height":8,"Demand":2,"DemandMax":null,"Value":440},{"Length":36,"Height":13,"Demand":3,"DemandMax":null,"Value":468},{"Length":34,"Height":14,"Demand":1,"DemandMax":null,"Value":476},{"Length":5,"Height":95,"Demand":1,"DemandMax":null,"Value":475},{"Length":6,"Height":78,"Demand":1,"DemandMax":null,"Value":468},{"Length":61,"Height":8,"Demand":2,"DemandMax":null,"Value":488},{"Length":8,"Height":58,"Demand":2,"DemandMax":null,"Value":464},{"Length":7,"Height":70,"Demand":1,"DemandMax":null,"Value":490},{"Length":66,"Height":7,"Demand":2,"DemandMax":null,"Value":462},{"Length":172,"Height":3,"Demand":1,"DemandMax":null,"Value":516},{"Length":6,"Height":84,"Demand":1,"DemandMax":null,"Value":504},{"Length":6,"Height":83,"Demand":1,"DemandMax":null,"Value":498},{"Length":136,"Height":3,"Demand":2,"DemandMax":null,"Value":408},{"Length":27,"Height":17,"Demand":1,"DemandMax":null,"Value":459},{"Length":35,"Height":13,"Demand":3,"DemandMax":null,"Value":455},{"Length":53,"Height":9,"Demand":1,"DemandMax":null,"Value":477},{"Length":70,"Height":7,"Demand":1,"DemandMax":null,"Value":490},{"Length":24,"Height":19,"Demand":1,"DemandMax":null,"Value":456},{"Length":58,"Height":8,"Demand":1,"DemandMax":null,"Value":464},{"Length":28,"Height":16,"Demand":4,"DemandMax":null,"Value":448},{"Length":15,"Height":31,"Demand":2,"DemandMax":null,"Value":465},{"Length":10,"Height":47,"Demand":1,"DemandMax":null,"Value":470},{"Length":6,"Height":74,"Demand":1,"DemandMax":null,"Value":444},{"Length":117,"Height":4,"Demand":2,"DemandMax":null,"Value":468},{"Length":25,"Height":19,"Demand":1,"DemandMax":null,"Value":475},{"Length":205,"Height":2,"Demand":3,"DemandMax":null,"Value":410},{"Length":8,"Height":60,"Demand":1,"DemandMax":null,"Value":480},{"Length":18,"Height":26,"Demand":1,"DemandMax":null,"Value":468},{"Length":76,"Height":6,"Demand":1,"DemandMax":null,"Value":456},{"Length":50,"Height":9,"Demand":1,"DemandMax":null,"Value":450},{"Length":18,"Height":25,"Demand":1,"DemandMax":null,"Value":450},{"Length":19,"Height":24,"Demand":4,"DemandMax":null,"Value":456},{"Length":57,"Height":8,"Demand":1,"DemandMax":null,"Value":456},{"Length":21,"Height":22,"Demand":1,"DemandMax":null,"Value":462},{"Length":3,"Height":136,"Demand":1,"DemandMax":null,"Value":408},{"Length":25,"Height":18,"Demand":1,"DemandMax":null,"Value":450},{"Length":3,"Height":148,"Demand":1,"DemandMax":null,"Value":444},{"Length":15,"Height":30,"Demand":2,"DemandMax":null,"Value":450},{"Length":32,"Height":14,"Demand":1,"DemandMax":null,"Value":448},{"Length":13,"Height":35,"Demand":2,"DemandMax":null,"Value":455},{"Length":26,"Height":17,"Demand":3,"DemandMax":null,"Value":442},{"Length":2,"Height":183,"Demand":4,"DemandMax":null,"Value":366},{"Length":14,"Height":32,"Demand":2,"DemandMax":null,"Value":448},{"Length":3,"Height":174,"Demand":1,"DemandMax":null,"Value":522},{"Length":4,"Height":128,"Demand":1,"DemandMax":null,"Value":512},{"Length":4,"Height":111,"Demand":2,"DemandMax":null,"Value":444},{"Length":52,"Height":9,"Demand":1,"DemandMax":null,"Value":468},{"Length":36,"Height":12,"Demand":3,"DemandMax":null,"Value":432},{"Length":3,"Height":132,"Demand":1,"DemandMax":null,"Value":396},{"Length":7,"Height":62,"Demand":2,"DemandMax":null,"Value":434},{"Length":145,"Height":3,"Demand":1,"DemandMax":null,"Value":435},{"Length":96,"Height":5,"Demand":1,"DemandMax":null,"Value":480},{"Length":20,"Height":22,"Demand":3,"DemandMax":null,"Value":440},{"Length":11,"Height":40,"Demand":4,"DemandMax":null,"Value":440},{"Length":31,"Height":14,"Demand":3,"DemandMax":null,"Value":434},{"Length":7,"Height":66,"Demand":1,"DemandMax":null,"Value":462},{"Length":116,"Height":4,"Demand":1,"DemandMax":null,"Value":464},{"Length":75,"Height":6,"Demand":1,"DemandMax":null,"Value":450},{"Length":7,"Height":65,"Demand":1,"DemandMax":null,"Value":455},{"Length":64,"Height":7,"Demand":1,"DemandMax":null,"Value":448},{"Length":63,"Height":7,"Demand":2,"DemandMax":null,"Value":441},{"Length":12,"Height":36,"Demand":1,"DemandMax":null,"Value":432},{"Length":43,"Height":10,"Demand":2,"DemandMax":null,"Value":430},{"Length":151,"Height":3,"Demand":1,"DemandMax":null,"Value":453},{"Length":8,"Height":59,"Demand":1,"DemandMax":null,"Value":472},{"Length":5,"Height":94,"Demand":2,"DemandMax":null,"Value":470},{"Length":7,"Height":67,"Demand":1,"DemandMax":null,"Value":469},{"Length":84,"Height":5,"Demand":2,"DemandMax":null,"Value":420},{"Length":120,"Height":4,"Demand":1,"DemandMax":null,"Value":480},{"Length":10,"Height":45,"Demand":1,"DemandMax":null,"Value":450},{"Length":12,"Height":38,"Demand":1,"DemandMax":null,"Value":456},{"Length":9,"Height":50,"Demand":1,"DemandMax":null,"Value":450},{"Length":2,"Height":206,"Demand":2,"DemandMax":null,"Value":412},{"Length":49,"Height":9,"Demand":1,"DemandMax":null,"Value":441},{"Length":146,"Height":3,"Demand":1,"DemandMax":null,"Value":438},{"Length":5,"Height":88,"Demand":3,"DemandMax":null,"Value":440},{"Length":13,"Height":34,"Demand":2,"DemandMax":null,"Value":442},{"Length":12,"Height":35,"Demand":1,"DemandMax":null,"Value":420},{"Length":6,"Height":79,"Demand":1,"DemandMax":null,"Value":474},{"Length":3,"Height":161,"Demand":2,"DemandMax":null,"Value":483},{"Length":10,"Height":44,"Demand":3,"DemandMax":null,"Value":440},{"Length":60,"Height":7,"Demand":3,"DemandMax":null,"Value":420},{"Length":6,"Height":69,"Demand":3,"DemandMax":null,"Value":414},{"Length":108,"Height":4,"Demand":4,"DemandMax":null,"Value":432},{"Length":7,"Height":64,"Demand":4,"DemandMax":null,"Value":448},{"Length":17,"Height":26,"Demand":1,"DemandMax":null,"Value":442},{"Length":21,"Height":21,"Demand":1,"DemandMax":null,"Value":441},{"Length":23,"Height":19,"Demand":2,"DemandMax":null,"Value":437},{"Length":5,"Height":85,"Demand":3,"DemandMax":null,"Value":425},{"Length":29,"Height":15,"Demand":1,"DemandMax":null,"Value":435},{"Length":22,"Height":20,"Demand":1,"DemandMax":null,"Value":440},{"Length":33,"Height":13,"Demand":2,"DemandMax":null,"Value":429},{"Length":183,"Height":2,"Demand":3,"DemandMax":null,"Value":366},{"Length":34,"Height":13,"Demand":1,"DemandMax":null,"Value":442},{"Length":9,"Height":47,"Demand":1,"DemandMax":null,"Value":423},{"Length":92,"Height":5,"Demand":1,"DemandMax":null,"Value":460},{"Length":16,"Height":27,"Demand":2,"DemandMax":null,"Value":432},{"Length":21,"Height":20,"Demand":6,"DemandMax":null,"Value":420},{"Length":144,"Height":3,"Demand":1,"DemandMax":null,"Value":432},{"Length":209,"Height":2,"Demand":1,"DemandMax":null,"Value":418},{"Length":83,"Height":5,"Demand":1,"DemandMax":null,"Value":415},{"Length":79,"Height":6,"Demand":1,"DemandMax":null,"Value":474},{"Length":5,"Height":92,"Demand":1,"DemandMax":null,"Value":460},{"Length":4,"Height":99,"Demand":1,"DemandMax":null,"Value":396},{"Length":45,"Height":10,"Demand":2,"DemandMax":null,"Value":450},{"Length":42,"Height":10,"Demand":3,"DemandMax":null,"Value":420},{"Length":5,"Height":81,"Demand":3,"DemandMax":null,"Value":405},{"Length":25,"Height":17,"Demand":1,"DemandMax":null,"Value":425},{"Length":124,"Height":3,"Demand":3,"DemandMax":null,"Value":372},{"Length":3,"Height":149,"Demand":1,"DemandMax":null,"Value":447},{"Length":118,"Height":4,"Demand":1,"DemandMax":null,"Value":472},{"Length":18,"Height":24,"Demand":2,"DemandMax":null,"Value":432},{"Length":5,"Height":79,"Demand":4,"DemandMax":null,"Value":395},{"Length":39,"Height":11,"Demand":1,"DemandMax":null,"Value":429},{"Length":12,"Height":37,"Demand":1,"DemandMax":null,"Value":444},{"Length":87,"Height":5,"Demand":1,"DemandMax":null,"Value":435},{"Length":19,"Height":22,"Demand":2,"DemandMax":null,"Value":418},{"Length":101,"Height":4,"Demand":2,"DemandMax":null,"Value":404},{"Length":86,"Height":5,"Demand":2,"DemandMax":null,"Value":430},{"Length":2,"Height":193,"Demand":2,"DemandMax":null,"Value":386},{"Length":65,"Height":7,"Demand":1,"DemandMax":null,"Value":455},{"Length":4,"Height":121,"Demand":2,"DemandMax":null,"Value":484},{"Length":6,"Height":77,"Demand":1,"DemandMax":null,"Value":462},{"Length":17,"Height":25,"Demand":2,"DemandMax":null,"Value":425},{"Length":38,"Height":11,"Demand":1,"DemandMax":null,"Value":418},{"Length":13,"Height":32,"Demand":3,"DemandMax":null,"Value":416},{"Length":134,"Height":3,"Demand":1,"DemandMax":null,"Value":402},{"Length":5,"Height":84,"Demand":1,"DemandMax":null,"Value":420},{"Length":24,"Height":18,"Demand":1,"DemandMax":null,"Value":432},{"Length":14,"Height":30,"Demand":1,"DemandMax":null,"Value":420},{"Length":6,"Height":67,"Demand":3,"DemandMax":null,"Value":402},{"Length":20,"Height":21,"Demand":3,"DemandMax":null,"Value":420},{"Length":2,"Height":197,"Demand":1,"DemandMax":null,"Value":394},{"Length":102,"Height":4,"Demand":1,"DemandMax":null,"Value":408},{"Length":37,"Height":11,"Demand":1,"DemandMax":null,"Value":407},{"Length":3,"Height":143,"Demand":1,"DemandMax":null,"Value":429},{"Length":26,"Height":16,"Demand":3,"DemandMax":null,"Value":416},{"Length":72,"Height":6,"Demand":1,"DemandMax":null,"Value":432},{"Length":28,"Height":15,"Demand":4,"DemandMax":null,"Value":420},{"Length":3,"Height":141,"Demand":1,"DemandMax":null,"Value":423},{"Length":35,"Height":12,"Demand":1,"DemandMax":null,"Value":420},{"Length":81,"Height":5,"Demand":2,"DemandMax":null,"Value":405},{"Length":9,"Height":45,"Demand":2,"DemandMax":null,"Value":405},{"Length":4,"Height":104,"Demand":1,"DemandMax":null,"Value":416},{"Length":141,"Height":3,"Demand":1,"DemandMax":null,"Value":423},{"Length":8,"Height":50,"Demand":1,"DemandMax":null,"Value":400},{"Length":59,"Height":7,"Demand":3,"DemandMax":null,"Value":413},{"Length":20,"Height":20,"Demand":2,"DemandMax":null,"Value":400},{"Length":67,"Height":6,"Demand":2,"DemandMax":null,"Value":402},{"Length":24,"Height":17,"Demand":2,"DemandMax":null,"Value":408},{"Length":34,"Height":12,"Demand":3,"DemandMax":null,"Value":408},{"Length":131,"Height":3,"Demand":5,"DemandMax":null,"Value":393},{"Length":4,"Height":115,"Demand":1,"DemandMax":null,"Value":460},{"Length":4,"Height":103,"Demand":1,"DemandMax":null,"Value":412},{"Length":14,"Height":29,"Demand":3,"DemandMax":null,"Value":406},{"Length":32,"Height":13,"Demand":3,"DemandMax":null,"Value":416},{"Length":92,"Height":4,"Demand":1,"DemandMax":null,"Value":368},{"Length":73,"Height":6,"Demand":1,"DemandMax":null,"Value":438},{"Length":85,"Height":5,"Demand":1,"DemandMax":null,"Value":425},{"Length":11,"Height":39,"Demand":1,"DemandMax":null,"Value":429},{"Length":23,"Height":18,"Demand":2,"DemandMax":null,"Value":414},{"Length":95,"Height":4,"Demand":3,"DemandMax":null,"Value":380},{"Length":12,"Height":34,"Demand":3,"DemandMax":null,"Value":408},{"Length":129,"Height":3,"Demand":8,"DemandMax":null,"Value":387},{"Length":36,"Height":11,"Demand":1,"DemandMax":null,"Value":396},{"Length":133,"Height":3,"Demand":2,"DemandMax":null,"Value":399},{"Length":25,"Height":16,"Demand":1,"DemandMax":null,"Value":400},{"Length":111,"Height":4,"Demand":1,"DemandMax":null,"Value":444},{"Length":47,"Height":9,"Demand":1,"DemandMax":null,"Value":423},{"Length":3,"Height":137,"Demand":1,"DemandMax":null,"Value":411},{"Length":8,"Height":52,"Demand":2,"DemandMax":null,"Value":416},{"Length":4,"Height":101,"Demand":1,"DemandMax":null,"Value":404},{"Length":13,"Height":31,"Demand":1,"DemandMax":null,"Value":403},{"Length":65,"Height":6,"Demand":1,"DemandMax":null,"Value":390},{"Length":3,"Height":130,"Demand":2,"DemandMax":null,"Value":390},{"Length":49,"Height":8,"Demand":3,"DemandMax":null,"Value":392},{"Length":7,"Height":56,"Demand":1,"DemandMax":null,"Value":392},{"Length":22,"Height":19,"Demand":1,"DemandMax":null,"Value":418},{"Length":6,"Height":71,"Demand":2,"DemandMax":null,"Value":426},{"Length":3,"Height":119,"Demand":1,"DemandMax":null,"Value":357},{"Length":6,"Height":68,"Demand":2,"DemandMax":null,"Value":408},{"Length":109,"Height":4,"Demand":1,"DemandMax":null,"Value":436},{"Length":9,"Height":46,"Demand":1,"DemandMax":null,"Value":414},{"Length":64,"Height":6,"Demand":2,"DemandMax":null,"Value":384},{"Length":52,"Height":8,"Demand":1,"DemandMax":null,"Value":416},{"Length":30,"Height":13,"Demand":3,"DemandMax":null,"Value":390},{"Length":4,"Height":95,"Demand":1,"DemandMax":null,"Value":380},{"Length":91,"Height":4,"Demand":4,"DemandMax":null,"Value":364},{"Length":68,"Height":6,"Demand":1,"DemandMax":null,"Value":408},{"Length":6,"Height":64,"Demand":1,"DemandMax":null,"Value":384},{"Length":31,"Height":13,"Demand":4,"DemandMax":null,"Value":403},{"Length":56,"Height":7,"Demand":4,"DemandMax":null,"Value":392},{"Length":135,"Height":3,"Demand":2,"DemandMax":null,"Value":405},{"Length":82,"Height":5,"Demand":2,"DemandMax":null,"Value":410},{"Length":96,"Height":4,"Demand":1,"DemandMax":null,"Value":384},{"Length":10,"Height":41,"Demand":3,"DemandMax":null,"Value":410},{"Length":74,"Height":6,"Demand":1,"DemandMax":null,"Value":444},{"Length":4,"Height":94,"Demand":3,"DemandMax":null,"Value":376},{"Length":14,"Height":28,"Demand":5,"DemandMax":null,"Value":392},{"Length":29,"Height":14,"Demand":2,"DemandMax":null,"Value":406},{"Length":130,"Height":3,"Demand":2,"DemandMax":null,"Value":390},{"Length":9,"Height":44,"Demand":1,"DemandMax":null,"Value":396},{"Length":7,"Height":59,"Demand":1,"DemandMax":null,"Value":413},{"Length":33,"Height":12,"Demand":1,"DemandMax":null,"Value":396},{"Length":19,"Height":21,"Demand":2,"DemandMax":null,"Value":399},{"Length":6,"Height":72,"Demand":2,"DemandMax":null,"Value":432},{"Length":62,"Height":7,"Demand":1,"DemandMax":null,"Value":434},{"Length":11,"Height":36,"Demand":2,"DemandMax":null,"Value":396},{"Length":172,"Height":2,"Demand":1,"DemandMax":null,"Value":344},{"Length":13,"Height":30,"Demand":1,"DemandMax":null,"Value":390},{"Length":10,"Height":38,"Demand":2,"DemandMax":null,"Value":380},{"Length":51,"Height":8,"Demand":1,"DemandMax":null,"Value":408},{"Length":137,"Height":3,"Demand":2,"DemandMax":null,"Value":411},{"Length":4,"Height":93,"Demand":4,"DemandMax":null,"Value":372},{"Length":12,"Height":32,"Demand":2,"DemandMax":null,"Value":384},{"Length":53,"Height":8,"Demand":2,"DemandMax":null,"Value":424},{"Length":5,"Height":75,"Demand":1,"DemandMax":null,"Value":375},{"Length":55,"Height":7,"Demand":1,"DemandMax":null,"Value":385},{"Length":57,"Height":7,"Demand":2,"DemandMax":null,"Value":399},{"Length":50,"Height":8,"Demand":2,"DemandMax":null,"Value":400},{"Length":3,"Height":140,"Demand":1,"DemandMax":null,"Value":420},{"Length":23,"Height":17,"Demand":1,"DemandMax":null,"Value":391},{"Length":10,"Height":40,"Demand":3,"DemandMax":null,"Value":400},{"Length":48,"Height":8,"Demand":2,"DemandMax":null,"Value":384},{"Length":123,"Height":3,"Demand":3,"DemandMax":null,"Value":369},{"Length":21,"Height":19,"Demand":1,"DemandMax":null,"Value":399},{"Length":3,"Height":127,"Demand":4,"DemandMax":null,"Value":381},{"Length":2,"Height":163,"Demand":6,"DemandMax":null,"Value":326},{"Length":47,"Height":8,"Demand":2,"DemandMax":null,"Value":376},{"Length":114,"Height":3,"Demand":5,"DemandMax":null,"Value":342},{"Length":12,"Height":33,"Demand":1,"DemandMax":null,"Value":396},{"Length":73,"Height":5,"Demand":3,"DemandMax":null,"Value":365},{"Length":39,"Height":10,"Demand":3,"DemandMax":null,"Value":390},{"Length":6,"Height":62,"Demand":4,"DemandMax":null,"Value":372},{"Length":63,"Height":6,"Demand":1,"DemandMax":null,"Value":378},{"Length":8,"Height":49,"Demand":1,"DemandMax":null,"Value":392},{"Length":69,"Height":6,"Demand":1,"DemandMax":null,"Value":414},{"Length":5,"Height":78,"Demand":2,"DemandMax":null,"Value":390},{"Length":5,"Height":80,"Demand":2,"DemandMax":null,"Value":400},{"Length":3,"Height":135,"Demand":2,"DemandMax":null,"Value":405},{"Length":35,"Height":11,"Demand":2,"DemandMax":null,"Value":385},{"Length":9,"Height":41,"Demand":1,"DemandMax":null,"Value":369},{"Length":150,"Height":3,"Demand":1,"DemandMax":null,"Value":450},{"Length":10,"Height":39,"Demand":2,"DemandMax":null,"Value":390},{"Length":54,"Height":7,"Demand":2,"DemandMax":null,"Value":378},{"Length":78,"Height":5,"Demand":2,"DemandMax":null,"Value":390},{"Length":7,"Height":57,"Demand":2,"DemandMax":null,"Value":399},{"Length":6,"Height":65,"Demand":1,"DemandMax":null,"Value":390},{"Length":4,"Height":105,"Demand":1,"DemandMax":null,"Value":420},{"Length":34,"Height":11,"Demand":1,"DemandMax":null,"Value":374},{"Length":17,"Height":23,"Demand":2,"DemandMax":null,"Value":391},{"Length":18,"Height":21,"Demand":3,"DemandMax":null,"Value":378},{"Length":5,"Height":71,"Demand":3,"DemandMax":null,"Value":355},{"Length":29,"Height":13,"Demand":4,"DemandMax":null,"Value":377},{"Length":5,"Height":74,"Demand":1,"DemandMax":null,"Value":370},{"Length":11,"Height":35,"Demand":1,"DemandMax":null,"Value":385},{"Length":2,"Height":171,"Demand":2,"DemandMax":null,"Value":342},{"Length":9,"Height":43,"Demand":2,"DemandMax":null,"Value":387},{"Length":23,"Height":16,"Demand":1,"DemandMax":null,"Value":368},{"Length":28,"Height":14,"Demand":1,"DemandMax":null,"Value":392},{"Length":46,"Height":8,"Demand":3,"DemandMax":null,"Value":368},{"Length":38,"Height":10,"Demand":3,"DemandMax":null,"Value":380},{"Length":20,"Height":19,"Demand":2,"DemandMax":null,"Value":380},{"Length":45,"Height":8,"Demand":3,"DemandMax":null,"Value":360},{"Length":17,"Height":22,"Demand":3,"DemandMax":null,"Value":374},{"Length":12,"Height":31,"Demand":1,"DemandMax":null,"Value":372},{"Length":8,"Height":46,"Demand":4,"DemandMax":null,"Value":368},{"Length":7,"Height":53,"Demand":2,"DemandMax":null,"Value":371},{"Length":6,"Height":63,"Demand":2,"DemandMax":null,"Value":378},{"Length":6,"Height":60,"Demand":2,"DemandMax":null,"Value":360},{"Length":10,"Height":37,"Demand":4,"DemandMax":null,"Value":370},{"Length":5,"Height":73,"Demand":3,"DemandMax":null,"Value":365},{"Length":119,"Height":3,"Demand":1,"DemandMax":null,"Value":357},{"Length":41,"Height":9,"Demand":1,"DemandMax":null,"Value":369},{"Length":3,"Height":129,"Demand":1,"DemandMax":null,"Value":387},{"Length":53,"Height":7,"Demand":2,"DemandMax":null,"Value":371},{"Length":27,"Height":14,"Demand":2,"DemandMax":null,"Value":378},{"Length":61,"Height":6,"Demand":4,"DemandMax":null,"Value":366},{"Length":36,"Height":10,"Demand":2,"DemandMax":null,"Value":360},{"Length":26,"Height":14,"Demand":1,"DemandMax":null,"Value":364},{"Length":69,"Height":5,"Demand":7,"DemandMax":null,"Value":345},{"Length":52,"Height":7,"Demand":1,"DemandMax":null,"Value":364},{"Length":14,"Height":27,"Demand":1,"DemandMax":null,"Value":378},{"Length":112,"Height":3,"Demand":3,"DemandMax":null,"Value":336},{"Length":40,"Height":9,"Demand":1,"DemandMax":null,"Value":360},{"Length":43,"Height":9,"Demand":1,"DemandMax":null,"Value":387},{"Length":13,"Height":28,"Demand":1,"DemandMax":null,"Value":364},{"Length":150,"Height":2,"Demand":1,"DemandMax":null,"Value":300},{"Length":142,"Height":3,"Demand":2,"DemandMax":null,"Value":426},{"Length":66,"Height":6,"Demand":2,"DemandMax":null,"Value":396},{"Length":9,"Height":42,"Demand":1,"DemandMax":null,"Value":378},{"Length":11,"Height":34,"Demand":1,"DemandMax":null,"Value":374},{"Length":30,"Height":12,"Demand":4,"DemandMax":null,"Value":360},{"Length":59,"Height":6,"Demand":2,"DemandMax":null,"Value":354},{"Length":9,"Height":39,"Demand":5,"DemandMax":null,"Value":351},{"Length":85,"Height":4,"Demand":1,"DemandMax":null,"Value":340},{"Length":118,"Height":3,"Demand":1,"DemandMax":null,"Value":354},{"Length":15,"Height":25,"Demand":1,"DemandMax":null,"Value":375},{"Length":10,"Height":36,"Demand":3,"DemandMax":null,"Value":360},{"Length":3,"Height":124,"Demand":1,"DemandMax":null,"Value":372},{"Length":22,"Height":17,"Demand":2,"DemandMax":null,"Value":374},{"Length":132,"Height":3,"Demand":1,"DemandMax":null,"Value":396},{"Length":12,"Height":29,"Demand":6,"DemandMax":null,"Value":348},{"Length":32,"Height":11,"Demand":2,"DemandMax":null,"Value":352},{"Length":28,"Height":13,"Demand":2,"DemandMax":null,"Value":364},{"Length":18,"Height":20,"Demand":2,"DemandMax":null,"Value":360},{"Length":21,"Height":18,"Demand":1,"DemandMax":null,"Value":378},{"Length":27,"Height":13,"Demand":2,"DemandMax":null,"Value":351},{"Length":6,"Height":66,"Demand":1,"DemandMax":null,"Value":396},{"Length":8,"Height":44,"Demand":2,"DemandMax":null,"Value":352},{"Length":4,"Height":91,"Demand":4,"DemandMax":null,"Value":364},{"Length":8,"Height":45,"Demand":3,"DemandMax":null,"Value":360},{"Length":20,"Height":18,"Demand":2,"DemandMax":null,"Value":360},{"Length":5,"Height":69,"Demand":1,"DemandMax":null,"Value":345},{"Length":2,"Height":174,"Demand":2,"DemandMax":null,"Value":348},{"Length":15,"Height":24,"Demand":2,"DemandMax":null,"Value":360},{"Length":8,"Height":47,"Demand":1,"DemandMax":null,"Value":376},{"Length":11,"Height":33,"Demand":1,"DemandMax":null,"Value":363},{"Length":6,"Height":61,"Demand":4,"DemandMax":null,"Value":366},{"Length":3,"Height":111,"Demand":1,"DemandMax":null,"Value":333},{"Length":9,"Height":40,"Demand":2,"DemandMax":null,"Value":360},{"Length":7,"Height":52,"Demand":1,"DemandMax":null,"Value":364},{"Length":67,"Height":5,"Demand":4,"DemandMax":null,"Value":335},{"Length":7,"Height":50,"Demand":3,"DemandMax":null,"Value":350},{"Length":21,"Height":17,"Demand":1,"DemandMax":null,"Value":357},{"Length":127,"Height":3,"Demand":3,"DemandMax":null,"Value":381},{"Length":50,"Height":7,"Demand":5,"DemandMax":null,"Value":350},{"Length":44,"Height":8,"Demand":2,"DemandMax":null,"Value":352},{"Length":29,"Height":12,"Demand":4,"DemandMax":null,"Value":348},{"Length":4,"Height":81,"Demand":1,"DemandMax":null,"Value":324},{"Length":62,"Height":6,"Demand":1,"DemandMax":null,"Value":372},{"Length":6,"Height":57,"Demand":1,"DemandMax":null,"Value":342},{"Length":42,"Height":9,"Demand":1,"DemandMax":null,"Value":378},{"Length":5,"Height":70,"Demand":1,"DemandMax":null,"Value":350},{"Length":86,"Height":4,"Demand":2,"DemandMax":null,"Value":344},{"Length":165,"Height":2,"Demand":1,"DemandMax":null,"Value":330},{"Length":22,"Height":16,"Demand":3,"DemandMax":null,"Value":352},{"Length":76,"Height":5,"Demand":1,"DemandMax":null,"Value":380},{"Length":42,"Height":8,"Demand":4,"DemandMax":null,"Value":336},{"Length":38,"Height":9,"Demand":3,"DemandMax":null,"Value":342},{"Length":7,"Height":51,"Demand":1,"DemandMax":null,"Value":357},{"Length":68,"Height":5,"Demand":2,"DemandMax":null,"Value":340},{"Length":7,"Height":49,"Demand":3,"DemandMax":null,"Value":343},{"Length":65,"Height":5,"Demand":3,"DemandMax":null,"Value":325},{"Length":51,"Height":7,"Demand":2,"DemandMax":null,"Value":357},{"Length":20,"Height":17,"Demand":4,"DemandMax":null,"Value":340},{"Length":3,"Height":108,"Demand":3,"DemandMax":null,"Value":324},{"Length":15,"Height":23,"Demand":1,"DemandMax":null,"Value":345},{"Length":17,"Height":21,"Demand":1,"DemandMax":null,"Value":357},{"Length":35,"Height":10,"Demand":3,"DemandMax":null,"Value":350},{"Length":10,"Height":35,"Demand":2,"DemandMax":null,"Value":350},{"Length":6,"Height":58,"Demand":2,"DemandMax":null,"Value":348},{"Length":97,"Height":4,"Demand":1,"DemandMax":null,"Value":388},{"Length":149,"Height":2,"Demand":1,"DemandMax":null,"Value":298},{"Length":88,"Height":4,"Demand":1,"DemandMax":null,"Value":352},{"Length":25,"Height":14,"Demand":1,"DemandMax":null,"Value":350},{"Length":3,"Height":109,"Demand":1,"DemandMax":null,"Value":327},{"Length":14,"Height":24,"Demand":4,"DemandMax":null,"Value":336},{"Length":2,"Height":167,"Demand":2,"DemandMax":null,"Value":334},{"Length":8,"Height":43,"Demand":3,"DemandMax":null,"Value":344},{"Length":64,"Height":5,"Demand":3,"DemandMax":null,"Value":320},{"Length":140,"Height":2,"Demand":1,"DemandMax":null,"Value":280},{"Length":5,"Height":76,"Demand":1,"DemandMax":null,"Value":380},{"Length":3,"Height":104,"Demand":3,"DemandMax":null,"Value":312},{"Length":39,"Height":9,"Demand":1,"DemandMax":null,"Value":351},{"Length":5,"Height":67,"Demand":8,"DemandMax":null,"Value":335},{"Length":104,"Height":3,"Demand":2,"DemandMax":null,"Value":312},{"Length":4,"Height":85,"Demand":5,"DemandMax":null,"Value":340},{"Length":11,"Height":31,"Demand":3,"DemandMax":null,"Value":341},{"Length":49,"Height":7,"Demand":5,"DemandMax":null,"Value":343},{"Length":28,"Height":12,"Demand":2,"DemandMax":null,"Value":336},{"Length":14,"Height":25,"Demand":2,"DemandMax":null,"Value":350},{"Length":19,"Height":18,"Demand":1,"DemandMax":null,"Value":342},{"Length":57,"Height":6,"Demand":4,"DemandMax":null,"Value":342},{"Length":11,"Height":30,"Demand":2,"DemandMax":null,"Value":330},{"Length":89,"Height":4,"Demand":4,"DemandMax":null,"Value":356},{"Length":26,"Height":13,"Demand":3,"DemandMax":null,"Value":338},{"Length":22,"Height":15,"Demand":4,"DemandMax":null,"Value":330},{"Length":12,"Height":30,"Demand":1,"DemandMax":null,"Value":360},{"Length":48,"Height":7,"Demand":1,"DemandMax":null,"Value":336},{"Length":4,"Height":78,"Demand":1,"DemandMax":null,"Value":312},{"Length":79,"Height":4,"Demand":1,"DemandMax":null,"Value":316},{"Length":6,"Height":59,"Demand":1,"DemandMax":null,"Value":354},{"Length":43,"Height":8,"Demand":2,"DemandMax":null,"Value":344},{"Length":34,"Height":10,"Demand":1,"DemandMax":null,"Value":340},{"Length":4,"Height":79,"Demand":1,"DemandMax":null,"Value":316},{"Length":24,"Height":14,"Demand":1,"DemandMax":null,"Value":336},{"Length":31,"Height":11,"Demand":1,"DemandMax":null,"Value":341},{"Length":15,"Height":22,"Demand":2,"DemandMax":null,"Value":330},{"Length":21,"Height":16,"Demand":2,"DemandMax":null,"Value":336},{"Length":8,"Height":42,"Demand":2,"DemandMax":null,"Value":336},{"Length":4,"Height":96,"Demand":1,"DemandMax":null,"Value":384},{"Length":138,"Height":2,"Demand":2,"DemandMax":null,"Value":276},{"Length":3,"Height":101,"Demand":1,"DemandMax":null,"Value":303},{"Length":18,"Height":19,"Demand":3,"DemandMax":null,"Value":342},{"Length":78,"Height":4,"Demand":1,"DemandMax":null,"Value":312},{"Length":53,"Height":6,"Demand":3,"DemandMax":null,"Value":318},{"Length":2,"Height":140,"Demand":1,"DemandMax":null,"Value":280},{"Length":6,"Height":54,"Demand":6,"DemandMax":null,"Value":324},{"Length":63,"Height":5,"Demand":5,"DemandMax":null,"Value":315},{"Length":3,"Height":103,"Demand":7,"DemandMax":null,"Value":309},{"Length":47,"Height":7,"Demand":6,"DemandMax":null,"Value":329},{"Length":2,"Height":145,"Demand":1,"DemandMax":null,"Value":290},{"Length":7,"Height":47,"Demand":3,"DemandMax":null,"Value":329},{"Length":10,"Height":32,"Demand":9,"DemandMax":null,"Value":320},{"Length":4,"Height":75,"Demand":2,"DemandMax":null,"Value":300},{"Length":162,"Height":2,"Demand":3,"DemandMax":null,"Value":324},{"Length":10,"Height":33,"Demand":5,"DemandMax":null,"Value":330},{"Length":2,"Height":146,"Demand":2,"DemandMax":null,"Value":292},{"Length":54,"Height":6,"Demand":2,"DemandMax":null,"Value":324},{"Length":4,"Height":83,"Demand":1,"DemandMax":null,"Value":332},{"Length":2,"Height":144,"Demand":2,"DemandMax":null,"Value":288},{"Length":16,"Height":21,"Demand":3,"DemandMax":null,"Value":336},{"Length":3,"Height":100,"Demand":4,"DemandMax":null,"Value":300},{"Length":9,"Height":38,"Demand":2,"DemandMax":null,"Value":342},{"Length":20,"Height":16,"Demand":4,"DemandMax":null,"Value":320},{"Length":18,"Height":18,"Demand":8,"DemandMax":null,"Value":324},{"Length":7,"Height":46,"Demand":3,"DemandMax":null,"Value":322},{"Length":17,"Height":20,"Demand":1,"DemandMax":null,"Value":340},{"Length":45,"Height":7,"Demand":9,"DemandMax":null,"Value":315},{"Length":13,"Height":26,"Demand":1,"DemandMax":null,"Value":338},{"Length":25,"Height":13,"Demand":2,"DemandMax":null,"Value":325},{"Length":3,"Height":117,"Demand":1,"DemandMax":null,"Value":351},{"Length":9,"Height":36,"Demand":4,"DemandMax":null,"Value":324},{"Length":8,"Height":41,"Demand":1,"DemandMax":null,"Value":328},{"Length":3,"Height":99,"Demand":2,"DemandMax":null,"Value":297},{"Length":27,"Height":12,"Demand":3,"DemandMax":null,"Value":324},{"Length":62,"Height":5,"Demand":4,"DemandMax":null,"Value":310},{"Length":82,"Height":4,"Demand":2,"DemandMax":null,"Value":328},{"Length":3,"Height":95,"Demand":1,"DemandMax":null,"Value":285},{"Length":97,"Height":3,"Demand":3,"DemandMax":null,"Value":291},{"Length":2,"Height":142,"Demand":2,"DemandMax":null,"Value":284},{"Length":145,"Height":2,"Demand":1,"DemandMax":null,"Value":290},{"Length":3,"Height":118,"Demand":2,"DemandMax":null,"Value":354},{"Length":13,"Height":25,"Demand":2,"DemandMax":null,"Value":325},{"Length":71,"Height":5,"Demand":1,"DemandMax":null,"Value":355},{"Length":46,"Height":7,"Demand":4,"DemandMax":null,"Value":322},{"Length":7,"Height":45,"Demand":2,"DemandMax":null,"Value":315},{"Length":51,"Height":6,"Demand":3,"DemandMax":null,"Value":306},{"Length":2,"Height":132,"Demand":2,"DemandMax":null,"Value":264},{"Length":60,"Height":5,"Demand":3,"DemandMax":null,"Value":300},{"Length":23,"Height":14,"Demand":1,"DemandMax":null,"Value":322},{"Length":50,"Height":6,"Demand":2,"DemandMax":null,"Value":300},{"Length":16,"Height":20,"Demand":7,"DemandMax":null,"Value":320},{"Length":111,"Height":3,"Demand":2,"DemandMax":null,"Value":333},{"Length":84,"Height":4,"Demand":2,"DemandMax":null,"Value":336},{"Length":3,"Height":94,"Demand":4,"DemandMax":null,"Value":282},{"Length":6,"Height":56,"Demand":1,"DemandMax":null,"Value":336},{"Length":5,"Height":62,"Demand":3,"DemandMax":null,"Value":310},{"Length":9,"Height":37,"Demand":1,"DemandMax":null,"Value":333},{"Length":11,"Height":29,"Demand":5,"DemandMax":null,"Value":319},{"Length":30,"Height":11,"Demand":1,"DemandMax":null,"Value":330},{"Length":159,"Height":2,"Demand":4,"DemandMax":null,"Value":318},{"Length":39,"Height":8,"Demand":1,"DemandMax":null,"Value":312},{"Length":7,"Height":44,"Demand":6,"DemandMax":null,"Value":308},{"Length":12,"Height":27,"Demand":2,"DemandMax":null,"Value":324},{"Length":4,"Height":73,"Demand":5,"DemandMax":null,"Value":292},{"Length":105,"Height":3,"Demand":3,"DemandMax":null,"Value":315},{"Length":9,"Height":35,"Demand":6,"DemandMax":null,"Value":315},{"Length":19,"Height":17,"Demand":2,"DemandMax":null,"Value":323},{"Length":117,"Height":3,"Demand":2,"DemandMax":null,"Value":351},{"Length":5,"Height":60,"Demand":1,"DemandMax":null,"Value":300},{"Length":61,"Height":5,"Demand":1,"DemandMax":null,"Value":305},{"Length":7,"Height":48,"Demand":1,"DemandMax":null,"Value":336},{"Length":135,"Height":2,"Demand":1,"DemandMax":null,"Value":270},{"Length":3,"Height":98,"Demand":2,"DemandMax":null,"Value":294},{"Length":5,"Height":66,"Demand":3,"DemandMax":null,"Value":330},{"Length":12,"Height":28,"Demand":1,"DemandMax":null,"Value":336},{"Length":144,"Height":2,"Demand":2,"DemandMax":null,"Value":288},{"Length":77,"Height":4,"Demand":2,"DemandMax":null,"Value":308},{"Length":4,"Height":72,"Demand":5,"DemandMax":null,"Value":288},{"Length":9,"Height":34,"Demand":2,"DemandMax":null,"Value":306},{"Length":4,"Height":74,"Demand":3,"DemandMax":null,"Value":296},{"Length":55,"Height":6,"Demand":2,"DemandMax":null,"Value":330},{"Length":15,"Height":21,"Demand":7,"DemandMax":null,"Value":315},{"Length":121,"Height":3,"Demand":1,"DemandMax":null,"Value":363},{"Length":3,"Height":112,"Demand":1,"DemandMax":null,"Value":336},{"Length":5,"Height":59,"Demand":1,"DemandMax":null,"Value":295},{"Length":29,"Height":11,"Demand":2,"DemandMax":null,"Value":319},{"Length":2,"Height":157,"Demand":2,"DemandMax":null,"Value":314},{"Length":99,"Height":3,"Demand":1,"DemandMax":null,"Value":297},{"Length":40,"Height":8,"Demand":1,"DemandMax":null,"Value":320},{"Length":32,"Height":10,"Demand":3,"DemandMax":null,"Value":320},{"Length":8,"Height":39,"Demand":2,"DemandMax":null,"Value":312},{"Length":44,"Height":7,"Demand":2,"DemandMax":null,"Value":308},{"Length":76,"Height":4,"Demand":1,"DemandMax":null,"Value":304},{"Length":4,"Height":90,"Demand":1,"DemandMax":null,"Value":360},{"Length":7,"Height":43,"Demand":4,"DemandMax":null,"Value":301},{"Length":38,"Height":8,"Demand":7,"DemandMax":null,"Value":304},{"Length":8,"Height":40,"Demand":7,"DemandMax":null,"Value":320},{"Length":146,"Height":2,"Demand":1,"DemandMax":null,"Value":292},{"Length":5,"Height":58,"Demand":3,"DemandMax":null,"Value":290},{"Length":49,"Height":6,"Demand":3,"DemandMax":null,"Value":294},{"Length":41,"Height":8,"Demand":2,"DemandMax":null,"Value":328},{"Length":34,"Height":9,"Demand":5,"DemandMax":null,"Value":306},{"Length":4,"Height":71,"Demand":3,"DemandMax":null,"Value":284},{"Length":31,"Height":10,"Demand":1,"DemandMax":null,"Value":310},{"Length":14,"Height":23,"Demand":4,"DemandMax":null,"Value":322},{"Length":4,"Height":88,"Demand":1,"DemandMax":null,"Value":352},{"Length":75,"Height":4,"Demand":2,"DemandMax":null,"Value":300},{"Length":19,"Height":16,"Demand":6,"DemandMax":null,"Value":304},{"Length":3,"Height":106,"Demand":1,"DemandMax":null,"Value":318},{"Length":4,"Height":89,"Demand":1,"DemandMax":null,"Value":356},{"Length":59,"Height":5,"Demand":2,"DemandMax":null,"Value":295},{"Length":3,"Height":93,"Demand":2,"DemandMax":null,"Value":279},{"Length":27,"Height":11,"Demand":5,"DemandMax":null,"Value":297},{"Length":131,"Height":2,"Demand":7,"DemandMax":null,"Value":262},{"Length":36,"Height":9,"Demand":2,"DemandMax":null,"Value":324},{"Length":12,"Height":26,"Demand":3,"DemandMax":null,"Value":312},{"Length":3,"Height":102,"Demand":2,"DemandMax":null,"Value":306},{"Length":108,"Height":3,"Demand":2,"DemandMax":null,"Value":324},{"Length":16,"Height":19,"Demand":2,"DemandMax":null,"Value":304},{"Length":137,"Height":2,"Demand":2,"DemandMax":null,"Value":274},{"Length":126,"Height":2,"Demand":1,"DemandMax":null,"Value":252},{"Length":2,"Height":148,"Demand":2,"DemandMax":null,"Value":296},{"Length":102,"Height":3,"Demand":4,"DemandMax":null,"Value":306},{"Length":22,"Height":14,"Demand":1,"DemandMax":null,"Value":308},{"Length":20,"Height":15,"Demand":5,"DemandMax":null,"Value":300},{"Length":2,"Height":150,"Demand":2,"DemandMax":null,"Value":300},{"Length":43,"Height":7,"Demand":4,"DemandMax":null,"Value":301},{"Length":72,"Height":4,"Demand":1,"DemandMax":null,"Value":288},{"Length":26,"Height":12,"Demand":1,"DemandMax":null,"Value":312},{"Length":6,"Height":53,"Demand":1,"DemandMax":null,"Value":318},{"Length":120,"Height":3,"Demand":3,"DemandMax":null,"Value":360},{"Length":5,"Height":61,"Demand":2,"DemandMax":null,"Value":305},{"Length":28,"Height":11,"Demand":1,"DemandMax":null,"Value":308},{"Length":73,"Height":4,"Demand":1,"DemandMax":null,"Value":292},{"Length":21,"Height":15,"Demand":4,"DemandMax":null,"Value":315},{"Length":58,"Height":5,"Demand":1,"DemandMax":null,"Value":290},{"Length":52,"Height":6,"Demand":2,"DemandMax":null,"Value":312},{"Length":115,"Height":3,"Demand":1,"DemandMax":null,"Value":345},{"Length":30,"Height":10,"Demand":3,"DemandMax":null,"Value":300},{"Length":7,"Height":41,"Demand":2,"DemandMax":null,"Value":287},{"Length":4,"Height":87,"Demand":1,"DemandMax":null,"Value":348},{"Length":17,"Height":19,"Demand":1,"DemandMax":null,"Value":323},{"Length":11,"Height":27,"Demand":3,"DemandMax":null,"Value":297},{"Length":70,"Height":4,"Demand":2,"DemandMax":null,"Value":280},{"Length":17,"Height":18,"Demand":1,"DemandMax":null,"Value":306},{"Length":101,"Height":3,"Demand":1,"DemandMax":null,"Value":303},{"Length":14,"Height":22,"Demand":1,"DemandMax":null,"Value":308},{"Length":47,"Height":6,"Demand":5,"DemandMax":null,"Value":282},{"Length":23,"Height":13,"Demand":1,"DemandMax":null,"Value":299},{"Length":9,"Height":32,"Demand":2,"DemandMax":null,"Value":288},{"Length":10,"Height":30,"Demand":2,"DemandMax":null,"Value":300},{"Length":14,"Height":21,"Demand":2,"DemandMax":null,"Value":294},{"Length":9,"Height":33,"Demand":2,"DemandMax":null,"Value":297},{"Length":18,"Height":17,"Demand":2,"DemandMax":null,"Value":306},{"Length":57,"Height":5,"Demand":5,"DemandMax":null,"Value":285},{"Length":69,"Height":4,"Demand":4,"DemandMax":null,"Value":276},{"Length":41,"Height":7,"Demand":2,"DemandMax":null,"Value":287},{"Length":11,"Height":28,"Demand":3,"DemandMax":null,"Value":308},{"Length":5,"Height":56,"Demand":6,"DemandMax":null,"Value":280},{"Length":10,"Height":29,"Demand":2,"DemandMax":null,"Value":290},{"Length":68,"Height":4,"Demand":4,"DemandMax":null,"Value":272},{"Length":8,"Height":38,"Demand":2,"DemandMax":null,"Value":304},{"Length":8,"Height":37,"Demand":2,"DemandMax":null,"Value":296},{"Length":94,"Height":3,"Demand":1,"DemandMax":null,"Value":282},{"Length":6,"Height":50,"Demand":1,"DemandMax":null,"Value":300},{"Length":4,"Height":69,"Demand":3,"DemandMax":null,"Value":276},{"Length":21,"Height":14,"Demand":1,"DemandMax":null,"Value":294},{"Length":7,"Height":42,"Demand":2,"DemandMax":null,"Value":294},{"Length":98,"Height":3,"Demand":2,"DemandMax":null,"Value":294},{"Length":25,"Height":12,"Demand":2,"DemandMax":null,"Value":300},{"Length":33,"Height":9,"Demand":1,"DemandMax":null,"Value":297},{"Length":55,"Height":5,"Demand":3,"DemandMax":null,"Value":275},{"Length":3,"Height":89,"Demand":3,"DemandMax":null,"Value":267},{"Length":113,"Height":3,"Demand":1,"DemandMax":null,"Value":339},{"Length":116,"Height":3,"Demand":1,"DemandMax":null,"Value":348},{"Length":15,"Height":20,"Demand":2,"DemandMax":null,"Value":300},{"Length":42,"Height":7,"Demand":1,"DemandMax":null,"Value":294},{"Length":9,"Height":31,"Demand":2,"DemandMax":null,"Value":279},{"Length":18,"Height":16,"Demand":2,"DemandMax":null,"Value":288},{"Length":32,"Height":9,"Demand":1,"DemandMax":null,"Value":288},{"Length":48,"Height":6,"Demand":1,"DemandMax":null,"Value":288},{"Length":5,"Height":64,"Demand":1,"DemandMax":null,"Value":320},{"Length":74,"Height":4,"Demand":1,"DemandMax":null,"Value":296},{"Length":28,"Height":10,"Demand":2,"DemandMax":null,"Value":280},{"Length":17,"Height":17,"Demand":2,"DemandMax":null,"Value":289},{"Length":8,"Height":36,"Demand":2,"DemandMax":null,"Value":288},{"Length":31,"Height":9,"Demand":1,"DemandMax":null,"Value":279},{"Length":40,"Height":7,"Demand":2,"DemandMax":null,"Value":280},{"Length":3,"Height":96,"Demand":1,"DemandMax":null,"Value":288},{"Length":64,"Height":4,"Demand":5,"DemandMax":null,"Value":256},{"Length":36,"Height":8,"Demand":2,"DemandMax":null,"Value":288},{"Length":25,"Height":11,"Demand":1,"DemandMax":null,"Value":275},{"Length":6,"Height":48,"Demand":2,"DemandMax":null,"Value":288},{"Length":81,"Height":4,"Demand":1,"DemandMax":null,"Value":324},{"Length":11,"Height":25,"Demand":2,"DemandMax":null,"Value":275},{"Length":11,"Height":26,"Demand":2,"DemandMax":null,"Value":286},{"Length":9,"Height":30,"Demand":3,"DemandMax":null,"Value":270},{"Length":4,"Height":64,"Demand":2,"DemandMax":null,"Value":256},{"Length":26,"Height":11,"Demand":2,"DemandMax":null,"Value":286},{"Length":88,"Height":3,"Demand":2,"DemandMax":null,"Value":264},{"Length":15,"Height":19,"Demand":2,"DemandMax":null,"Value":285},{"Length":124,"Height":2,"Demand":2,"DemandMax":null,"Value":248},{"Length":10,"Height":28,"Demand":2,"DemandMax":null,"Value":280},{"Length":54,"Height":5,"Demand":1,"DemandMax":null,"Value":270},{"Length":6,"Height":44,"Demand":5,"DemandMax":null,"Value":264},{"Length":106,"Height":3,"Demand":2,"DemandMax":null,"Value":318},{"Length":3,"Height":82,"Demand":2,"DemandMax":null,"Value":246},{"Length":7,"Height":40,"Demand":5,"DemandMax":null,"Value":280},{"Length":86,"Height":3,"Demand":3,"DemandMax":null,"Value":258},{"Length":33,"Height":8,"Demand":1,"DemandMax":null,"Value":264},{"Length":35,"Height":8,"Demand":1,"DemandMax":null,"Value":280},{"Length":4,"Height":62,"Demand":1,"DemandMax":null,"Value":248},{"Length":8,"Height":34,"Demand":2,"DemandMax":null,"Value":272},{"Length":12,"Height":22,"Demand":3,"DemandMax":null,"Value":264},{"Length":23,"Height":12,"Demand":1,"DemandMax":null,"Value":276},{"Length":62,"Height":4,"Demand":3,"DemandMax":null,"Value":248},{"Length":56,"Height":5,"Demand":1,"DemandMax":null,"Value":280},{"Length":4,"Height":61,"Demand":2,"DemandMax":null,"Value":244},{"Length":13,"Height":21,"Demand":2,"DemandMax":null,"Value":273},{"Length":15,"Height":18,"Demand":2,"DemandMax":null,"Value":270},{"Length":50,"Height":5,"Demand":1,"DemandMax":null,"Value":250},{"Length":2,"Height":135,"Demand":2,"DemandMax":null,"Value":270},{"Length":17,"Height":16,"Demand":1,"DemandMax":null,"Value":272},{"Length":8,"Height":32,"Demand":4,"DemandMax":null,"Value":256},{"Length":53,"Height":5,"Demand":4,"DemandMax":null,"Value":265},{"Length":2,"Height":112,"Demand":1,"DemandMax":null,"Value":224},{"Length":30,"Height":9,"Demand":2,"DemandMax":null,"Value":270},{"Length":10,"Height":27,"Demand":2,"DemandMax":null,"Value":270},{"Length":24,"Height":11,"Demand":2,"DemandMax":null,"Value":264},{"Length":67,"Height":4,"Demand":2,"DemandMax":null,"Value":268},{"Length":85,"Height":3,"Demand":1,"DemandMax":null,"Value":255},{"Length":13,"Height":20,"Demand":2,"DemandMax":null,"Value":260},{"Length":14,"Height":19,"Demand":1,"DemandMax":null,"Value":266},{"Length":19,"Height":14,"Demand":1,"DemandMax":null,"Value":266},{"Length":7,"Height":39,"Demand":2,"DemandMax":null,"Value":273},{"Length":22,"Height":12,"Demand":1,"DemandMax":null,"Value":264},{"Length":34,"Height":8,"Demand":1,"DemandMax":null,"Value":272},{"Length":25,"Height":10,"Demand":2,"DemandMax":null,"Value":250},{"Length":4,"Height":59,"Demand":1,"DemandMax":null,"Value":236},{"Length":42,"Height":6,"Demand":2,"DemandMax":null,"Value":252},{"Length":65,"Height":4,"Demand":1,"DemandMax":null,"Value":260},{"Length":95,"Height":3,"Demand":1,"DemandMax":null,"Value":285},{"Length":3,"Height":84,"Demand":1,"DemandMax":null,"Value":252},{"Length":10,"Height":26,"Demand":4,"DemandMax":null,"Value":260},{"Length":43,"Height":6,"Demand":6,"DemandMax":null,"Value":258},{"Length":84,"Height":3,"Demand":1,"DemandMax":null,"Value":252},{"Length":7,"Height":37,"Demand":4,"DemandMax":null,"Value":259},{"Length":18,"Height":15,"Demand":1,"DemandMax":null,"Value":270},{"Length":2,"Height":115,"Demand":2,"DemandMax":null,"Value":230},{"Length":9,"Height":28,"Demand":3,"DemandMax":null,"Value":252},{"Length":121,"Height":2,"Demand":2,"DemandMax":null,"Value":242},{"Length":5,"Height":51,"Demand":4,"DemandMax":null,"Value":255},{"Length":49,"Height":5,"Demand":4,"DemandMax":null,"Value":245},{"Length":9,"Height":29,"Demand":2,"DemandMax":null,"Value":261},{"Length":27,"Height":10,"Demand":1,"DemandMax":null,"Value":270},{"Length":23,"Height":11,"Demand":5,"DemandMax":null,"Value":253},{"Length":2,"Height":107,"Demand":1,"DemandMax":null,"Value":214},{"Length":12,"Height":21,"Demand":1,"DemandMax":null,"Value":252},{"Length":81,"Height":3,"Demand":1,"DemandMax":null,"Value":243},{"Length":61,"Height":4,"Demand":1,"DemandMax":null,"Value":244},{"Length":7,"Height":35,"Demand":4,"DemandMax":null,"Value":245},{"Length":15,"Height":17,"Demand":3,"DemandMax":null,"Value":255},{"Length":113,"Height":2,"Demand":1,"DemandMax":null,"Value":226},{"Length":107,"Height":2,"Demand":2,"DemandMax":null,"Value":214},{"Length":11,"Height":23,"Demand":1,"DemandMax":null,"Value":253},{"Length":5,"Height":52,"Demand":1,"DemandMax":null,"Value":260},{"Length":45,"Height":6,"Demand":1,"DemandMax":null,"Value":270},{"Length":39,"Height":7,"Demand":1,"DemandMax":null,"Value":273},{"Length":4,"Height":60,"Demand":1,"DemandMax":null,"Value":240},{"Length":37,"Height":7,"Demand":3,"DemandMax":null,"Value":259},{"Length":24,"Height":10,"Demand":1,"DemandMax":null,"Value":240},{"Length":6,"Height":40,"Demand":3,"DemandMax":null,"Value":240},{"Length":51,"Height":5,"Demand":1,"DemandMax":null,"Value":255},{"Length":19,"Height":13,"Demand":1,"DemandMax":null,"Value":247},{"Length":26,"Height":10,"Demand":3,"DemandMax":null,"Value":260},{"Length":34,"Height":7,"Demand":3,"DemandMax":null,"Value":238},{"Length":3,"Height":87,"Demand":1,"DemandMax":null,"Value":261},{"Length":29,"Height":9,"Demand":1,"DemandMax":null,"Value":261},{"Length":6,"Height":45,"Demand":4,"DemandMax":null,"Value":270},{"Length":5,"Height":53,"Demand":2,"DemandMax":null,"Value":265},{"Length":28,"Height":9,"Demand":1,"DemandMax":null,"Value":252},{"Length":6,"Height":43,"Demand":2,"DemandMax":null,"Value":258},{"Length":59,"Height":4,"Demand":1,"DemandMax":null,"Value":236},{"Length":20,"Height":12,"Demand":1,"DemandMax":null,"Value":240},{"Length":2,"Height":101,"Demand":1,"DemandMax":null,"Value":202},{"Length":79,"Height":3,"Demand":1,"DemandMax":null,"Value":237},{"Length":58,"Height":4,"Demand":2,"DemandMax":null,"Value":232},{"Length":21,"Height":12,"Demand":1,"DemandMax":null,"Value":252},{"Length":3,"Height":77,"Demand":2,"DemandMax":null,"Value":231},{"Length":27,"Height":9,"Demand":2,"DemandMax":null,"Value":243},{"Length":20,"Height":13,"Demand":2,"DemandMax":null,"Value":260},{"Length":7,"Height":36,"Demand":1,"DemandMax":null,"Value":252},{"Length":13,"Height":19,"Demand":3,"DemandMax":null,"Value":247},{"Length":7,"Height":33,"Demand":1,"DemandMax":null,"Value":231},{"Length":22,"Height":11,"Demand":2,"DemandMax":null,"Value":242},{"Length":30,"Height":8,"Demand":1,"DemandMax":null,"Value":240},{"Length":17,"Height":15,"Demand":2,"DemandMax":null,"Value":255},{"Length":11,"Height":22,"Demand":2,"DemandMax":null,"Value":242},{"Length":12,"Height":20,"Demand":1,"DemandMax":null,"Value":240},{"Length":6,"Height":42,"Demand":1,"DemandMax":null,"Value":252},{"Length":5,"Height":54,"Demand":1,"DemandMax":null,"Value":270},{"Length":10,"Height":25,"Demand":1,"DemandMax":null,"Value":250},{"Length":66,"Height":4,"Demand":1,"DemandMax":null,"Value":264},{"Length":16,"Height":16,"Demand":1,"DemandMax":null,"Value":256},{"Length":41,"Height":6,"Demand":1,"DemandMax":null,"Value":246},{"Length":10,"Height":24,"Demand":4,"DemandMax":null,"Value":240},{"Length":3,"Height":88,"Demand":1,"DemandMax":null,"Value":264},{"Length":11,"Height":21,"Demand":1,"DemandMax":null,"Value":231},{"Length":15,"Height":16,"Demand":1,"DemandMax":null,"Value":240},{"Length":74,"Height":3,"Demand":1,"DemandMax":null,"Value":222},{"Length":6,"Height":41,"Demand":1,"DemandMax":null,"Value":246},{"Length":46,"Height":5,"Demand":1,"DemandMax":null,"Value":230},{"Length":2,"Height":96,"Demand":2,"DemandMax":null,"Value":192},{"Length":19,"Height":12,"Demand":1,"DemandMax":null,"Value":228},{"Length":5,"Height":41,"Demand":1,"DemandMax":null,"Value":205},{"Length":40,"Height":5,"Demand":1,"DemandMax":null,"Value":200},{"Length":17,"Height":12,"Demand":1,"DemandMax":null,"Value":204},{"Length":82,"Height":3,"Demand":1,"DemandMax":null,"Value":246},{"Length":5,"Height":37,"Demand":1,"DemandMax":null,"Value":185},{"Length":5,"Height":39,"Demand":1,"DemandMax":null,"Value":195},{"Length":9,"Height":21,"Demand":1,"DemandMax":null,"Value":189},{"Length":21,"Height":9,"Demand":1,"DemandMax":null,"Value":189},{"Length":65,"Height":3,"Demand":1,"DemandMax":null,"Value":195},{"Length":52,"Height":4,"Demand":1,"DemandMax":null,"Value":208},{"Length":8,"Height":22,"Demand":1,"DemandMax":null,"Value":176},{"Length":3,"Height":52,"Demand":1,"DemandMax":null,"Value":156},{"Length":27,"Height":6,"Demand":1,"DemandMax":null,"Value":162},{"Length":60,"Height":3,"Demand":1,"DemandMax":null,"Value":180},{"Length":67,"Height":3,"Demand":1,"DemandMax":null,"Value":201},{"Length":78,"Height":2,"Demand":1,"DemandMax":null,"Value":156},{"Length":8,"Height":20,"Demand":1,"DemandMax":null,"Value":160},{"Length":41,"Height":4,"Demand":1,"DemandMax":null,"Value":164},{"Length":14,"Height":11,"Demand":2,"DemandMax":null,"Value":154},{"Length":17,"Height":9,"Demand":1,"DemandMax":null,"Value":153}]}