{"Name":"path102t","Objects":[{"Length":1000,"Height":1003,"Stock":null,"Cost":1003000}],"Items":[{"Length":628,"Height":28,"Demand":1,"DemandMax":null,"Value":17584},{"Length":290,"Height":56,"Demand":1,"DemandMax":null,"Value":16240},{"Length":212,"Height":56,"Demand":1,"DemandMax":null,"Value":11872},{"Length":211,"Height":53,"Demand":1,"DemandMax":null,"Value":11183},{"Length":222,"Height":47,"Demand":1,"DemandMax":null,"Value":10434},{"Length":422,"Height":24,"Demand":1,"DemandMax":null,"Value":10128},{"Length":117,"Height":81,"Demand":1,"DemandMax":null,"Value":9477},{"Length":665,"Height":13,"Demand":1,"DemandMax":null,"Value":8645},{"Length":65,"Height":91,"Demand":1,"DemandMax":null,"Value":5915},{"Length":52,"Height":92,"Demand":1,"DemandMax":null,"Value":4784},{"Length":57,"Height":81,"Demand":1,"DemandMax":null,"Value":4617},{"Length":62,"Height":75,"Demand":1,"DemandMax":null,"Value":4650},{"Length":313,"Height":13,"Demand":1,"DemandMax":null,"Value":4069},{"Length":64,"Height":65,"Demand":1,"DemandMax":null,"Value":4160},{"Length":542,"Height":8,"Demand":1,"DemandMax":null,"Value":4336},{"Length":49,"Height":81,"Demand":1,"DemandMax":null,"Value":3969},{"Length":94,"Height":42,"Demand":1,"DemandMax":null,"Value":3948},{"Length":428,"Height":9,"Demand":1,"DemandMax":null,"Value":3852},{"Length":327,"Height":11,"Demand":1,"DemandMax":null,"Value":3597},{"Length":151,"Height":24,"Demand":1,"DemandMax":null,"Value":3624},{"Length":164,"Height":21,"Demand":1,"DemandMax":null,"Value":3444},{"Length":289,"Height":12,"Demand":1,"DemandMax":null,"Value":3468},{"Length":111,"Height":30,"Demand":1,"DemandMax":null,"Value":3330},{"Length":70,"Height":48,"Demand":1,"DemandMax":null,"Value":3360},{"Length":134,"Height":23,"Demand":1,"DemandMax":null,"Value":3082},{"Length":109,"Height":28,"Demand":1,"DemandMax":null,"Value":3052},{"Length":42,"Height":71,"Demand":1,"DemandMax":null,"Value":2982},{"Length":131,"Height":22,"Demand":1,"DemandMax":null,"Value":2882},{"Length":228,"Height":12,"Demand":2,"DemandMax":null,"Value":2736},{"Length":89,"Height":32,"Demand":1,"DemandMax":null,"Value":2848},{"Length":52,"Height":54,"Demand":1,"DemandMax":null,"Value":2808},{"Length":371,"Height":7,"Demand":1,"DemandMax":null,"Value":2597},{"Length":165,"Height":17,"Demand":1,"DemandMax":null,"Value":2805},{"Length":46,"Height":56,"Demand":1,"DemandMax":null,"Value":2576},{"Length":268,"Height":9,"Demand":1,"DemandMax":null,"Value":2412},{"Length":265,"Height":9,"Demand":1,"DemandMax":null,"Value":2385},{"Length":215,"Height":11,"Demand":1,"DemandMax":null,"Value":2365},{"Length":37,"Height":64,"Demand":1,"DemandMax":null,"Value":2368},{"Length":51,"Height":46,"Demand":1,"DemandMax":null,"Value":2346},{"Length":42,"Height":54,"Demand":1,"DemandMax":null,"Value":2268},{"Length":234,"Height":10,"Demand":1,"DemandMax":null,"Value":2340},{"Length":170,"Height":13,"Demand":1,"DemandMax":null,"Value":2210},{"Length":83,"Height":27,"Demand":1,"DemandMax":null,"Value":2241},{"Length":48,"Height":46,"Demand":1,"DemandMax":null,"Value":2208},{"Length":208,"Height":10,"Demand":1,"DemandMax":null,"Value":2080},{"Length":215,"Height":10,"Demand":1,"DemandMax":null,"Value":2150},{"Length":74,"Height":27,"Demand":1,"DemandMax":null,"Value":1998},{"Length":63,"Height":32,"Demand":1,"DemandMax":null,"Value":2016},{"Length":44,"Height":46,"Demand":1,"DemandMax":null,"Value":2024},{"Length":172,"Height":12,"Demand":1,"DemandMax":null,"Value":2064},{"Length":366,"Height":5,"Demand":1,"DemandMax":null,"Value":1830},{"Length":36,"Height":56,"Demand":1,"DemandMax":null,"Value":2016},{"Length":292,"Height":7,"Demand":1,"DemandMax":null,"Value":2044},{"Length":46,"Height":42,"Demand":1,"DemandMax":null,"Value":1932},{"Length":342,"Height":6,"Demand":1,"DemandMax":null,"Value":2052},{"Length":328,"Height":6,"Demand":1,"DemandMax":null,"Value":1968},{"Length":45,"Height":42,"Demand":1,"DemandMax":null,"Value":1890},{"Length":251,"Height":7,"Demand":1,"DemandMax":null,"Value":1757},{"Length":9,"Height":217,"Demand":1,"DemandMax":null,"Value":1953},{"Length":26,"Height":72,"Demand":1,"DemandMax":null,"Value":1872},{"Length":273,"Height":7,"Demand":1,"DemandMax":null,"Value":1911},{"Length":127,"Height":14,"Demand":1,"DemandMax":null,"Value":1778},{"Length":228,"Height":8,"Demand":1,"DemandMax":null,"Value":1824},{"Length":72,"Height":25,"Demand":1,"DemandMax":null,"Value":1800},{"Length":132,"Height":13,"Demand":1,"DemandMax":null,"Value":1716},{"Length":53,"Height":33,"Demand":1,"DemandMax":null,"Value":1749},{"Length":28,"Height":60,"Demand":1,"DemandMax":null,"Value":1680},{"Length":228,"Height":7,"Demand":1,"DemandMax":null,"Value":1596},{"Length":72,"Height":23,"Demand":1,"DemandMax":null,"Value":1656},{"Length":257,"Height":6,"Demand":1,"DemandMax":null,"Value":1542},{"Length":97,"Height":17,"Demand":1,"DemandMax":null,"Value":1649},{"Length":86,"Height":19,"Demand":1,"DemandMax":null,"Value":1634},{"Length":159,"Height":10,"Demand":1,"DemandMax":null,"Value":1590},{"Length":38,"Height":42,"Demand":1,"DemandMax":null,"Value":1596},{"Length":234,"Height":7,"Demand":1,"DemandMax":null,"Value":1638},{"Length":72,"Height":22,"Demand":1,"DemandMax":null,"Value":1584},{"Length":134,"Height":12,"Demand":1,"DemandMax":null,"Value":1608},{"Length":51,"Height":31,"Demand":1,"DemandMax":null,"Value":1581},{"Length":197,"Height":8,"Demand":1,"DemandMax":null,"Value":1576},{"Length":53,"Height":28,"Demand":1,"DemandMax":null,"Value":1484},{"Length":188,"Height":8,"Demand":1,"DemandMax":null,"Value":1504},{"Length":24,"Height":62,"Demand":1,"DemandMax":null,"Value":1488},{"Length":119,"Height":13,"Demand":1,"DemandMax":null,"Value":1547},{"Length":19,"Height":76,"Demand":1,"DemandMax":null,"Value":1444},{"Length":290,"Height":5,"Demand":1,"DemandMax":null,"Value":1450},{"Length":26,"Height":53,"Demand":1,"DemandMax":null,"Value":1378},{"Length":14,"Height":99,"Demand":1,"DemandMax":null,"Value":1386},{"Length":53,"Height":26,"Demand":1,"DemandMax":null,"Value":1378},{"Length":97,"Height":14,"Demand":1,"DemandMax":null,"Value":1358},{"Length":181,"Height":7,"Demand":1,"DemandMax":null,"Value":1267},{"Length":66,"Height":21,"Demand":1,"DemandMax":null,"Value":1386},{"Length":225,"Height":6,"Demand":1,"DemandMax":null,"Value":1350},{"Length":247,"Height":5,"Demand":1,"DemandMax":null,"Value":1235},{"Length":33,"Height":40,"Demand":1,"DemandMax":null,"Value":1320},{"Length":89,"Height":15,"Demand":1,"DemandMax":null,"Value":1335},{"Length":32,"Height":42,"Demand":1,"DemandMax":null,"Value":1344},{"Length":146,"Height":9,"Demand":1,"DemandMax":null,"Value":1314},{"Length":79,"Height":16,"Demand":1,"DemandMax":null,"Value":1264},{"Length":290,"Height":4,"Demand":1,"DemandMax":null,"Value":1160},{"Length":54,"Height":24,"Demand":1,"DemandMax":null,"Value":1296},{"Length":198,"Height":6,"Demand":1,"DemandMax":null,"Value":1188},{"Length":106,"Height":12,"Demand":1,"DemandMax":null,"Value":1272},{"Length":114,"Height":11,"Demand":1,"DemandMax":null,"Value":1254},{"Length":142,"Height":9,"Demand":1,"DemandMax":null,"Value":1278},{"Length":324,"Height":4,"Demand":1,"DemandMax":null,"Value":1296},{"Length":228,"Height":5,"Demand":1,"DemandMax":null,"Value":1140},{"Length":47,"Height":26,"Demand":1,"DemandMax":null,"Value":1222},{"Length":34,"Height":35,"Demand":1,"DemandMax":null,"Value":1190},{"Length":48,"Height":25,"Demand":1,"DemandMax":null,"Value":1200},{"Length":29,"Height":41,"Demand":1,"DemandMax":null,"Value":1189},{"Length":28,"Height":42,"Demand":1,"DemandMax":null,"Value":1176},{"Length":85,"Height":14,"Demand":1,"DemandMax":null,"Value":1190},{"Length":18,"Height":64,"Demand":1,"DemandMax":null,"Value":1152},{"Length":21,"Height":54,"Demand":1,"DemandMax":null,"Value":1134},{"Length":116,"Height":10,"Demand":1,"DemandMax":null,"Value":1160},{"Length":86,"Height":13,"Demand":1,"DemandMax":null,"Value":1118},{"Length":143,"Height":8,"Demand":1,"DemandMax":null,"Value":1144},{"Length":25,"Height":45,"Demand":1,"DemandMax":null,"Value":1125},{"Length":49,"Height":22,"Demand":1,"DemandMax":null,"Value":1078},{"Length":40,"Height":27,"Demand":1,"DemandMax":null,"Value":1080},{"Length":45,"Height":24,"Demand":1,"DemandMax":null,"Value":1080},{"Length":52,"Height":21,"Demand":1,"DemandMax":null,"Value":1092},{"Length":324,"Height":3,"Demand":1,"DemandMax":null,"Value":972},{"Length":159,"Height":7,"Demand":1,"DemandMax":null,"Value":1113},{"Length":148,"Height":7,"Demand":1,"DemandMax":null,"Value":1036},{"Length":15,"Height":68,"Demand":1,"DemandMax":null,"Value":1020},{"Length":38,"Height":27,"Demand":1,"DemandMax":null,"Value":1026},{"Length":154,"Height":7,"Demand":1,"DemandMax":null,"Value":1078},{"Length":135,"Height":7,"Demand":1,"DemandMax":null,"Value":945},{"Length":55,"Height":18,"Demand":1,"DemandMax":null,"Value":990},{"Length":86,"Height":12,"Demand":1,"DemandMax":null,"Value":1032},{"Length":30,"Height":32,"Demand":1,"DemandMax":null,"Value":960},{"Length":15,"Height":65,"Demand":1,"DemandMax":null,"Value":975},{"Length":20,"Height":47,"Demand":1,"DemandMax":null,"Value":940},{"Length":18,"Height":53,"Demand":1,"DemandMax":null,"Value":954},{"Length":111,"Height":8,"Demand":1,"DemandMax":null,"Value":888},{"Length":121,"Height":8,"Demand":1,"DemandMax":null,"Value":968},{"Length":156,"Height":6,"Demand":1,"DemandMax":null,"Value":936},{"Length":166,"Height":6,"Demand":1,"DemandMax":null,"Value":996},{"Length":16,"Height":58,"Demand":1,"DemandMax":null,"Value":928},{"Length":113,"Height":8,"Demand":1,"DemandMax":null,"Value":904},{"Length":34,"Height":27,"Demand":1,"DemandMax":null,"Value":918},{"Length":146,"Height":6,"Demand":1,"DemandMax":null,"Value":876},{"Length":121,"Height":7,"Demand":1,"DemandMax":null,"Value":847},{"Length":176,"Height":5,"Demand":1,"DemandMax":null,"Value":880},{"Length":26,"Height":34,"Demand":1,"DemandMax":null,"Value":884},{"Length":163,"Height":5,"Demand":1,"DemandMax":null,"Value":815},{"Length":9,"Height":95,"Demand":1,"DemandMax":null,"Value":855},{"Length":89,"Height":10,"Demand":1,"DemandMax":null,"Value":890},{"Length":180,"Height":5,"Demand":1,"DemandMax":null,"Value":900},{"Length":228,"Height":4,"Demand":1,"DemandMax":null,"Value":912},{"Length":39,"Height":22,"Demand":1,"DemandMax":null,"Value":858},{"Length":45,"Height":19,"Demand":1,"DemandMax":null,"Value":855},{"Length":135,"Height":6,"Demand":1,"DemandMax":null,"Value":810},{"Length":156,"Height":5,"Demand":1,"DemandMax":null,"Value":780},{"Length":33,"Height":26,"Demand":1,"DemandMax":null,"Value":858},{"Length":29,"Height":29,"Demand":1,"DemandMax":null,"Value":841},{"Length":10,"Height":83,"Demand":1,"DemandMax":null,"Value":830},{"Length":177,"Height":5,"Demand":1,"DemandMax":null,"Value":885},{"Length":125,"Height":7,"Demand":1,"DemandMax":null,"Value":875},{"Length":66,"Height":13,"Demand":1,"DemandMax":null,"Value":858},{"Length":18,"Height":48,"Demand":1,"DemandMax":null,"Value":864},{"Length":75,"Height":11,"Demand":1,"DemandMax":null,"Value":825},{"Length":37,"Height":22,"Demand":1,"DemandMax":null,"Value":814},{"Length":33,"Height":25,"Demand":1,"DemandMax":null,"Value":825},{"Length":20,"Height":40,"Demand":1,"DemandMax":null,"Value":800},{"Length":61,"Height":13,"Demand":1,"DemandMax":null,"Value":793},{"Length":172,"Height":5,"Demand":1,"DemandMax":null,"Value":860},{"Length":95,"Height":8,"Demand":1,"DemandMax":null,"Value":760},{"Length":250,"Height":3,"Demand":1,"DemandMax":null,"Value":750},{"Length":28,"Height":28,"Demand":1,"DemandMax":null,"Value":784},{"Length":121,"Height":6,"Demand":1,"DemandMax":null,"Value":726},{"Length":17,"Height":46,"Demand":1,"DemandMax":null,"Value":782},{"Length":144,"Height":5,"Demand":1,"DemandMax":null,"Value":720},{"Length":146,"Height":5,"Demand":1,"DemandMax":null,"Value":730},{"Length":97,"Height":8,"Demand":1,"DemandMax":null,"Value":776},{"Length":101,"Height":8,"Demand":1,"DemandMax":null,"Value":808},{"Length":14,"Height":57,"Demand":1,"DemandMax":null,"Value":798},{"Length":181,"Height":4,"Demand":1,"DemandMax":null,"Value":724},{"Length":268,"Height":3,"Demand":1,"DemandMax":null,"Value":804},{"Length":115,"Height":7,"Demand":1,"DemandMax":null,"Value":805},{"Length":39,"Height":19,"Demand":1,"DemandMax":null,"Value":741},{"Length":152,"Height":5,"Demand":2,"DemandMax":null,"Value":760},{"Length":22,"Height":35,"Demand":1,"DemandMax":null,"Value":770},{"Length":20,"Height":37,"Demand":1,"DemandMax":null,"Value":740},{"Length":14,"Height":54,"Demand":1,"DemandMax":null,"Value":756},{"Length":13,"Height":55,"Demand":1,"DemandMax":null,"Value":715},{"Length":59,"Height":12,"Demand":1,"DemandMax":null,"Value":708},{"Length":120,"Height":6,"Demand":1,"DemandMax":null,"Value":720},{"Length":119,"Height":6,"Demand":1,"DemandMax":null,"Value":714},{"Length":23,"Height":32,"Demand":1,"DemandMax":null,"Value":736},{"Length":75,"Height":10,"Demand":1,"DemandMax":null,"Value":750},{"Length":13,"Height":54,"Demand":1,"DemandMax":null,"Value":702},{"Length":176,"Height":4,"Demand":1,"DemandMax":null,"Value":704},{"Length":48,"Height":15,"Demand":1,"DemandMax":null,"Value":720},{"Length":98,"Height":7,"Demand":1,"DemandMax":null,"Value":686},{"Length":9,"Height":76,"Demand":1,"DemandMax":null,"Value":684},{"Length":11,"Height":64,"Demand":1,"DemandMax":null,"Value":704},{"Length":24,"Height":30,"Demand":1,"DemandMax":null,"Value":720},{"Length":42,"Height":17,"Demand":1,"DemandMax":null,"Value":714},{"Length":68,"Height":10,"Demand":1,"DemandMax":null,"Value":680},{"Length":10,"Height":72,"Demand":1,"DemandMax":null,"Value":720},{"Length":31,"Height":23,"Demand":1,"DemandMax":null,"Value":713},{"Length":239,"Height":3,"Demand":2,"DemandMax":null,"Value":717},{"Length":105,"Height":7,"Demand":1,"DemandMax":null,"Value":735},{"Length":34,"Height":20,"Demand":1,"DemandMax":null,"Value":680},{"Length":50,"Height":14,"Demand":1,"DemandMax":null,"Value":700},{"Length":30,"Height":23,"Demand":1,"DemandMax":null,"Value":690},{"Length":150,"Height":5,"Demand":1,"DemandMax":null,"Value":750},{"Length":27,"Height":25,"Demand":1,"DemandMax":null,"Value":675},{"Length":26,"Height":26,"Demand":1,"DemandMax":null,"Value":676},{"Length":23,"Height":29,"Demand":1,"DemandMax":null,"Value":667},{"Length":10,"Height":64,"Demand":2,"DemandMax":null,"Value":640},{"Length":46,"Height":14,"Demand":3,"DemandMax":null,"Value":644},{"Length":71,"Height":9,"Demand":3,"DemandMax":null,"Value":639},{"Length":44,"Height":15,"Demand":1,"DemandMax":null,"Value":660},{"Length":19,"Height":34,"Demand":1,"DemandMax":null,"Value":646},{"Length":62,"Height":11,"Demand":1,"DemandMax":null,"Value":682},{"Length":54,"Height":12,"Demand":1,"DemandMax":null,"Value":648},{"Length":102,"Height":6,"Demand":3,"DemandMax":null,"Value":612},{"Length":14,"Height":48,"Demand":2,"DemandMax":null,"Value":672},{"Length":70,"Height":9,"Demand":1,"DemandMax":null,"Value":630},{"Length":16,"Height":41,"Demand":2,"DemandMax":null,"Value":656},{"Length":57,"Height":11,"Demand":1,"DemandMax":null,"Value":627},{"Length":84,"Height":8,"Demand":2,"DemandMax":null,"Value":672},{"Length":124,"Height":5,"Demand":1,"DemandMax":null,"Value":620},{"Length":119,"Height":5,"Demand":3,"DemandMax":null,"Value":595},{"Length":59,"Height":11,"Demand":1,"DemandMax":null,"Value":649},{"Length":40,"Height":16,"Demand":1,"DemandMax":null,"Value":640},{"Length":77,"Height":8,"Demand":2,"DemandMax":null,"Value":616},{"Length":25,"Height":26,"Demand":1,"DemandMax":null,"Value":650},{"Length":90,"Height":7,"Demand":1,"DemandMax":null,"Value":630},{"Length":9,"Height":73,"Demand":1,"DemandMax":null,"Value":657},{"Length":9,"Height":72,"Demand":1,"DemandMax":null,"Value":648},{"Length":28,"Height":23,"Demand":2,"DemandMax":null,"Value":644},{"Length":113,"Height":6,"Demand":1,"DemandMax":null,"Value":678},{"Length":96,"Height":7,"Demand":1,"DemandMax":null,"Value":672},{"Length":9,"Height":67,"Demand":1,"DemandMax":null,"Value":603},{"Length":78,"Height":8,"Demand":1,"DemandMax":null,"Value":624},{"Length":26,"Height":24,"Demand":1,"DemandMax":null,"Value":624},{"Length":211,"Height":3,"Demand":1,"DemandMax":null,"Value":633},{"Length":196,"Height":3,"Demand":1,"DemandMax":null,"Value":588},{"Length":68,"Height":9,"Demand":1,"DemandMax":null,"Value":612},{"Length":74,"Height":8,"Demand":1,"DemandMax":null,"Value":592},{"Length":104,"Height":6,"Demand":1,"DemandMax":null,"Value":624},{"Length":152,"Height":4,"Demand":2,"DemandMax":null,"Value":608},{"Length":45,"Height":14,"Demand":1,"DemandMax":null,"Value":630},{"Length":134,"Height":5,"Demand":1,"DemandMax":null,"Value":670},{"Length":12,"Height":54,"Demand":1,"DemandMax":null,"Value":648},{"Length":47,"Height":13,"Demand":1,"DemandMax":null,"Value":611},{"Length":197,"Height":3,"Demand":1,"DemandMax":null,"Value":591},{"Length":92,"Height":7,"Demand":1,"DemandMax":null,"Value":644},{"Length":7,"Height":88,"Demand":1,"DemandMax":null,"Value":616},{"Length":39,"Height":16,"Demand":1,"DemandMax":null,"Value":624},{"Length":17,"Height":36,"Demand":2,"DemandMax":null,"Value":612},{"Length":48,"Height":13,"Demand":1,"DemandMax":null,"Value":624},{"Length":188,"Height":3,"Demand":3,"DemandMax":null,"Value":564},{"Length":121,"Height":5,"Demand":2,"DemandMax":null,"Value":605},{"Length":100,"Height":6,"Demand":4,"DemandMax":null,"Value":600},{"Length":13,"Height":46,"Demand":1,"DemandMax":null,"Value":598},{"Length":62,"Height":10,"Demand":2,"DemandMax":null,"Value":620},{"Length":135,"Height":5,"Demand":1,"DemandMax":null,"Value":675},{"Length":30,"Height":21,"Demand":1,"DemandMax":null,"Value":630},{"Length":228,"Height":3,"Demand":1,"DemandMax":null,"Value":684},{"Length":33,"Height":18,"Demand":1,"DemandMax":null,"Value":594},{"Length":4,"Height":160,"Demand":1,"DemandMax":null,"Value":640},{"Length":22,"Height":27,"Demand":1,"DemandMax":null,"Value":594},{"Length":95,"Height":6,"Demand":3,"DemandMax":null,"Value":570},{"Length":170,"Height":4,"Demand":1,"DemandMax":null,"Value":680},{"Length":31,"Height":19,"Demand":1,"DemandMax":null,"Value":589},{"Length":108,"Height":6,"Demand":1,"DemandMax":null,"Value":648},{"Length":11,"Height":54,"Demand":1,"DemandMax":null,"Value":594},{"Length":48,"Height":12,"Demand":1,"DemandMax":null,"Value":576},{"Length":39,"Height":15,"Demand":1,"DemandMax":null,"Value":585},{"Length":29,"Height":20,"Demand":2,"DemandMax":null,"Value":580},{"Length":63,"Height":9,"Demand":3,"DemandMax":null,"Value":567},{"Length":14,"Height":42,"Demand":1,"DemandMax":null,"Value":588},{"Length":20,"Height":29,"Demand":1,"DemandMax":null,"Value":580},{"Length":97,"Height":6,"Demand":1,"DemandMax":null,"Value":582},{"Length":106,"Height":6,"Demand":1,"DemandMax":null,"Value":636},{"Length":18,"Height":33,"Demand":2,"DemandMax":null,"Value":594},{"Length":26,"Height":22,"Demand":1,"DemandMax":null,"Value":572},{"Length":32,"Height":19,"Demand":1,"DemandMax":null,"Value":608},{"Length":12,"Height":50,"Demand":1,"DemandMax":null,"Value":600},{"Length":10,"Height":57,"Demand":1,"DemandMax":null,"Value":570},{"Length":83,"Height":7,"Demand":1,"DemandMax":null,"Value":581},{"Length":66,"Height":9,"Demand":1,"DemandMax":null,"Value":594},{"Length":56,"Height":10,"Demand":3,"DemandMax":null,"Value":560},{"Length":156,"Height":4,"Demand":1,"DemandMax":null,"Value":624},{"Length":44,"Height":13,"Demand":1,"DemandMax":null,"Value":572},{"Length":20,"Height":30,"Demand":1,"DemandMax":null,"Value":600},{"Length":75,"Height":8,"Demand":1,"DemandMax":null,"Value":600},{"Length":23,"Height":25,"Demand":3,"DemandMax":null,"Value":575},{"Length":101,"Height":6,"Demand":2,"DemandMax":null,"Value":606},{"Length":51,"Height":11,"Demand":2,"DemandMax":null,"Value":561},{"Length":43,"Height":13,"Demand":1,"DemandMax":null,"Value":559},{"Length":114,"Height":5,"Demand":1,"DemandMax":null,"Value":570},{"Length":92,"Height":6,"Demand":2,"DemandMax":null,"Value":552},{"Length":8,"Height":72,"Demand":2,"DemandMax":null,"Value":576},{"Length":7,"Height":85,"Demand":1,"DemandMax":null,"Value":595},{"Length":7,"Height":84,"Demand":1,"DemandMax":null,"Value":588},{"Length":28,"Height":20,"Demand":1,"DemandMax":null,"Value":560},{"Length":38,"Height":15,"Demand":1,"DemandMax":null,"Value":570},{"Length":33,"Height":17,"Demand":4,"DemandMax":null,"Value":561},{"Length":17,"Height":33,"Demand":2,"DemandMax":null,"Value":561},{"Length":13,"Height":42,"Demand":1,"DemandMax":null,"Value":546},{"Length":52,"Height":11,"Demand":1,"DemandMax":null,"Value":572},{"Length":21,"Height":27,"Demand":1,"DemandMax":null,"Value":567},{"Length":158,"Height":4,"Demand":1,"DemandMax":null,"Value":632},{"Length":67,"Height":9,"Demand":1,"DemandMax":null,"Value":603},{"Length":24,"Height":23,"Demand":1,"DemandMax":null,"Value":552},{"Length":27,"Height":21,"Demand":1,"DemandMax":null,"Value":567},{"Length":10,"Height":54,"Demand":2,"DemandMax":null,"Value":540},{"Length":12,"Height":47,"Demand":1,"DemandMax":null,"Value":564},{"Length":53,"Height":11,"Demand":1,"DemandMax":null,"Value":583},{"Length":77,"Height":7,"Demand":2,"DemandMax":null,"Value":539},{"Length":20,"Height":28,"Demand":1,"DemandMax":null,"Value":560},{"Length":225,"Height":2,"Demand":1,"DemandMax":null,"Value":450},{"Length":24,"Height":24,"Demand":1,"DemandMax":null,"Value":576},{"Length":12,"Height":48,"Demand":1,"DemandMax":null,"Value":576},{"Length":19,"Height":29,"Demand":3,"DemandMax":null,"Value":551},{"Length":39,"Height":14,"Demand":2,"DemandMax":null,"Value":546},{"Length":14,"Height":40,"Demand":2,"DemandMax":null,"Value":560},{"Length":146,"Height":4,"Demand":1,"DemandMax":null,"Value":584},{"Length":78,"Height":7,"Demand":3,"DemandMax":null,"Value":546},{"Length":30,"Height":18,"Demand":2,"DemandMax":null,"Value":540},{"Length":53,"Height":10,"Demand":2,"DemandMax":null,"Value":530},{"Length":106,"Height":5,"Demand":2,"DemandMax":null,"Value":530},{"Length":127,"Height":4,"Demand":1,"DemandMax":null,"Value":508},{"Length":49,"Height":11,"Demand":1,"DemandMax":null,"Value":539},{"Length":141,"Height":4,"Demand":1,"DemandMax":null,"Value":564},{"Length":23,"Height":24,"Demand":1,"DemandMax":null,"Value":552},{"Length":99,"Height":6,"Demand":1,"DemandMax":null,"Value":594},{"Length":64,"Height":9,"Demand":1,"DemandMax":null,"Value":576},{"Length":5,"Height":117,"Demand":1,"DemandMax":null,"Value":585},{"Length":42,"Height":13,"Demand":1,"DemandMax":null,"Value":546},{"Length":6,"Height":93,"Demand":1,"DemandMax":null,"Value":558},{"Length":140,"Height":4,"Demand":2,"DemandMax":null,"Value":560},{"Length":181,"Height":3,"Demand":1,"DemandMax":null,"Value":543},{"Length":23,"Height":23,"Demand":1,"DemandMax":null,"Value":529},{"Length":7,"Height":77,"Demand":1,"DemandMax":null,"Value":539},{"Length":71,"Height":8,"Demand":1,"DemandMax":null,"Value":568},{"Length":15,"Height":36,"Demand":2,"DemandMax":null,"Value":540},{"Length":44,"Height":12,"Demand":1,"DemandMax":null,"Value":528},{"Length":93,"Height":6,"Demand":1,"DemandMax":null,"Value":558},{"Length":62,"Height":9,"Demand":1,"DemandMax":null,"Value":558},{"Length":10,"Height":53,"Demand":1,"DemandMax":null,"Value":530},{"Length":20,"Height":27,"Demand":2,"DemandMax":null,"Value":540},{"Length":38,"Height":14,"Demand":1,"DemandMax":null,"Value":532},{"Length":82,"Height":6,"Demand":2,"DemandMax":null,"Value":492},{"Length":67,"Height":8,"Demand":1,"DemandMax":null,"Value":536},{"Length":26,"Height":21,"Demand":1,"DemandMax":null,"Value":546},{"Length":105,"Height":5,"Demand":2,"DemandMax":null,"Value":525},{"Length":27,"Height":20,"Demand":1,"DemandMax":null,"Value":540},{"Length":31,"Height":17,"Demand":2,"DemandMax":null,"Value":527},{"Length":130,"Height":4,"Demand":1,"DemandMax":null,"Value":520},{"Length":11,"Height":47,"Demand":1,"DemandMax":null,"Value":517},{"Length":5,"Height":102,"Demand":2,"DemandMax":null,"Value":510},{"Length":123,"Height":4,"Demand":1,"DemandMax":null,"Value":492},{"Length":46,"Height":12,"Demand":1,"DemandMax":null,"Value":552},{"Length":60,"Height":9,"Demand":1,"DemandMax":null,"Value":540},{"Length":21,"Height":25,"Demand":2,"DemandMax":null,"Value":525},{"Length":73,"Height":7,"Demand":1,"DemandMax":null,"Value":511},{"Length":6,"Height":95,"Demand":1,"DemandMax":null,"Value":570},{"Length":47,"Height":11,"Demand":2,"DemandMax":null,"Value":517},{"Length":193,"Height":3,"Demand":1,"DemandMax":null,"Value":579},{"Length":35,"Height":15,"Demand":2,"DemandMax":null,"Value":525},{"Length":41,"Height":13,"Demand":1,"DemandMax":null,"Value":533},{"Length":32,"Height":17,"Demand":1,"DemandMax":null,"Value":544},{"Length":50,"Height":11,"Demand":1,"DemandMax":null,"Value":550},{"Length":13,"Height":40,"Demand":2,"DemandMax":null,"Value":520},{"Length":95,"Height":5,"Demand":1,"DemandMax":null,"Value":475},{"Length":9,"Height":55,"Demand":1,"DemandMax":null,"Value":495},{"Length":39,"Height":13,"Demand":3,"DemandMax":null,"Value":507},{"Length":45,"Height":12,"Demand":1,"DemandMax":null,"Value":540},{"Length":89,"Height":6,"Demand":1,"DemandMax":null,"Value":534},{"Length":131,"Height":4,"Demand":2,"DemandMax":null,"Value":524},{"Length":48,"Height":11,"Demand":1,"DemandMax":null,"Value":528},{"Length":3,"Height":160,"Demand":3,"DemandMax":null,"Value":480},{"Length":75,"Height":7,"Demand":4,"DemandMax":null,"Value":525},{"Length":115,"Height":5,"Demand":1,"DemandMax":null,"Value":575},{"Length":55,"Height":9,"Demand":1,"DemandMax":null,"Value":495},{"Length":112,"Height":5,"Demand":1,"DemandMax":null,"Value":560},{"Length":117,"Height":4,"Demand":1,"DemandMax":null,"Value":468},{"Length":8,"Height":64,"Demand":1,"DemandMax":null,"Value":512},{"Length":86,"Height":6,"Demand":2,"DemandMax":null,"Value":516},{"Length":18,"Height":28,"Demand":2,"DemandMax":null,"Value":504},{"Length":16,"Height":33,"Demand":1,"DemandMax":null,"Value":528},{"Length":134,"Height":4,"Demand":1,"DemandMax":null,"Value":536},{"Length":120,"Height":4,"Demand":1,"DemandMax":null,"Value":480},{"Length":63,"Height":8,"Demand":1,"DemandMax":null,"Value":504},{"Length":19,"Height":27,"Demand":1,"DemandMax":null,"Value":513},{"Length":17,"Height":30,"Demand":1,"DemandMax":null,"Value":510},{"Length":12,"Height":41,"Demand":3,"DemandMax":null,"Value":492},{"Length":15,"Height":33,"Demand":1,"DemandMax":null,"Value":495},{"Length":191,"Height":3,"Demand":3,"DemandMax":null,"Value":573},{"Length":6,"Height":88,"Demand":1,"DemandMax":null,"Value":528},{"Length":17,"Height":29,"Demand":1,"DemandMax":null,"Value":493},{"Length":7,"Height":73,"Demand":1,"DemandMax":null,"Value":511},{"Length":21,"Height":24,"Demand":3,"DemandMax":null,"Value":504},{"Length":109,"Height":5,"Demand":1,"DemandMax":null,"Value":545},{"Length":94,"Height":5,"Demand":2,"DemandMax":null,"Value":470},{"Length":36,"Height":14,"Demand":4,"DemandMax":null,"Value":504},{"Length":100,"Height":5,"Demand":2,"DemandMax":null,"Value":500},{"Length":38,"Height":13,"Demand":2,"DemandMax":null,"Value":494},{"Length":51,"Height":10,"Demand":1,"DemandMax":null,"Value":510},{"Length":216,"Height":2,"Demand":2,"DemandMax":null,"Value":432},{"Length":22,"Height":22,"Demand":1,"DemandMax":null,"Value":484},{"Length":7,"Height":72,"Demand":2,"DemandMax":null,"Value":504},{"Length":11,"Height":45,"Demand":1,"DemandMax":null,"Value":495},{"Length":128,"Height":4,"Demand":1,"DemandMax":null,"Value":512},{"Length":32,"Height":15,"Demand":1,"DemandMax":null,"Value":480},{"Length":74,"Height":7,"Demand":1,"DemandMax":null,"Value":518},{"Length":102,"Height":5,"Demand":1,"DemandMax":null,"Value":510},{"Length":7,"Height":70,"Demand":2,"DemandMax":null,"Value":490},{"Length":121,"Height":4,"Demand":2,"DemandMax":null,"Value":484},{"Length":10,"Height":51,"Demand":1,"DemandMax":null,"Value":510},{"Length":14,"Height":35,"Demand":2,"DemandMax":null,"Value":490},{"Length":67,"Height":7,"Demand":2,"DemandMax":null,"Value":469},{"Length":173,"Height":3,"Demand":1,"DemandMax":null,"Value":519},{"Length":45,"Height":11,"Demand":1,"DemandMax":null,"Value":495},{"Length":41,"Height":12,"Demand":1,"DemandMax":null,"Value":492},{"Length":8,"Height":65,"Demand":1,"DemandMax":null,"Value":520},{"Length":10,"Height":48,"Demand":3,"DemandMax":null,"Value":480},{"Length":58,"Height":8,"Demand":3,"DemandMax":null,"Value":464},{"Length":6,"Height":83,"Demand":2,"DemandMax":null,"Value":498},{"Length":31,"Height":16,"Demand":1,"DemandMax":null,"Value":496},{"Length":57,"Height":9,"Demand":1,"DemandMax":null,"Value":513},{"Length":35,"Height":14,"Demand":1,"DemandMax":null,"Value":490},{"Length":27,"Height":18,"Demand":1,"DemandMax":null,"Value":486},{"Length":142,"Height":3,"Demand":4,"DemandMax":null,"Value":426},{"Length":39,"Height":12,"Demand":3,"DemandMax":null,"Value":468},{"Length":6,"Height":82,"Demand":1,"DemandMax":null,"Value":492},{"Length":61,"Height":8,"Demand":2,"DemandMax":null,"Value":488},{"Length":28,"Height":17,"Demand":3,"DemandMax":null,"Value":476},{"Length":153,"Height":3,"Demand":1,"DemandMax":null,"Value":459},{"Length":34,"Height":14,"Demand":4,"DemandMax":null,"Value":476},{"Length":21,"Height":23,"Demand":1,"DemandMax":null,"Value":483},{"Length":18,"Height":26,"Demand":1,"DemandMax":null,"Value":468},{"Length":16,"Height":30,"Demand":1,"DemandMax":null,"Value":480},{"Length":74,"Height":6,"Demand":2,"DemandMax":null,"Value":444},{"Length":18,"Height":27,"Demand":1,"DemandMax":null,"Value":486},{"Length":65,"Height":7,"Demand":3,"DemandMax":null,"Value":455},{"Length":62,"Height":8,"Demand":1,"DemandMax":null,"Value":496},{"Length":59,"Height":8,"Demand":2,"DemandMax":null,"Value":472},{"Length":137,"Height":3,"Demand":1,"DemandMax":null,"Value":411},{"Length":5,"Height":105,"Demand":1,"DemandMax":null,"Value":525},{"Length":30,"Height":16,"Demand":1,"DemandMax":null,"Value":480},{"Length":193,"Height":2,"Demand":1,"DemandMax":null,"Value":386},{"Length":91,"Height":5,"Demand":2,"DemandMax":null,"Value":455},{"Length":40,"Height":12,"Demand":3,"DemandMax":null,"Value":480},{"Length":10,"Height":47,"Demand":1,"DemandMax":null,"Value":470},{"Length":11,"Height":41,"Demand":2,"DemandMax":null,"Value":451},{"Length":97,"Height":5,"Demand":1,"DemandMax":null,"Value":485},{"Length":103,"Height":5,"Demand":1,"DemandMax":null,"Value":515},{"Length":21,"Height":22,"Demand":1,"DemandMax":null,"Value":462},{"Length":17,"Height":27,"Demand":1,"DemandMax":null,"Value":459},{"Length":42,"Height":11,"Demand":1,"DemandMax":null,"Value":462},{"Length":35,"Height":13,"Demand":1,"DemandMax":null,"Value":455},{"Length":78,"Height":6,"Demand":1,"DemandMax":null,"Value":468},{"Length":197,"Height":2,"Demand":1,"DemandMax":null,"Value":394},{"Length":19,"Height":25,"Demand":1,"DemandMax":null,"Value":475},{"Length":66,"Height":7,"Demand":2,"DemandMax":null,"Value":462},{"Length":114,"Height":4,"Demand":1,"DemandMax":null,"Value":456},{"Length":6,"Height":78,"Demand":1,"DemandMax":null,"Value":468},{"Length":7,"Height":64,"Demand":2,"DemandMax":null,"Value":448},{"Length":7,"Height":66,"Demand":1,"DemandMax":null,"Value":462},{"Length":17,"Height":28,"Demand":1,"DemandMax":null,"Value":476},{"Length":104,"Height":4,"Demand":1,"DemandMax":null,"Value":416},{"Length":52,"Height":9,"Demand":1,"DemandMax":null,"Value":468},{"Length":188,"Height":2,"Demand":2,"DemandMax":null,"Value":376},{"Length":8,"Height":60,"Demand":1,"DemandMax":null,"Value":480},{"Length":170,"Height":3,"Demand":1,"DemandMax":null,"Value":510},{"Length":206,"Height":2,"Demand":1,"DemandMax":null,"Value":412},{"Length":33,"Height":14,"Demand":2,"DemandMax":null,"Value":462},{"Length":101,"Height":5,"Demand":1,"DemandMax":null,"Value":505},{"Length":215,"Height":2,"Demand":1,"DemandMax":null,"Value":430},{"Length":28,"Height":16,"Demand":2,"DemandMax":null,"Value":448},{"Length":16,"Height":29,"Demand":1,"DemandMax":null,"Value":464},{"Length":5,"Height":95,"Demand":1,"DemandMax":null,"Value":475},{"Length":109,"Height":4,"Demand":4,"DemandMax":null,"Value":436},{"Length":22,"Height":21,"Demand":2,"DemandMax":null,"Value":462},{"Length":64,"Height":7,"Demand":1,"DemandMax":null,"Value":448},{"Length":88,"Height":5,"Demand":1,"DemandMax":null,"Value":440},{"Length":50,"Height":9,"Demand":1,"DemandMax":null,"Value":450},{"Length":122,"Height":4,"Demand":1,"DemandMax":null,"Value":488},{"Length":110,"Height":4,"Demand":1,"DemandMax":null,"Value":440},{"Length":38,"Height":12,"Demand":1,"DemandMax":null,"Value":456},{"Length":24,"Height":19,"Demand":2,"DemandMax":null,"Value":456},{"Length":30,"Height":15,"Demand":2,"DemandMax":null,"Value":450},{"Length":14,"Height":33,"Demand":1,"DemandMax":null,"Value":462},{"Length":48,"Height":9,"Demand":2,"DemandMax":null,"Value":432},{"Length":6,"Height":71,"Demand":1,"DemandMax":null,"Value":426},{"Length":131,"Height":3,"Demand":2,"DemandMax":null,"Value":393},{"Length":44,"Height":10,"Demand":2,"DemandMax":null,"Value":440},{"Length":51,"Height":9,"Demand":1,"DemandMax":null,"Value":459},{"Length":32,"Height":14,"Demand":2,"DemandMax":null,"Value":448},{"Length":15,"Height":30,"Demand":1,"DemandMax":null,"Value":450},{"Length":81,"Height":6,"Demand":1,"DemandMax":null,"Value":486},{"Length":177,"Height":3,"Demand":1,"DemandMax":null,"Value":531},{"Length":12,"Height":39,"Demand":1,"DemandMax":null,"Value":468},{"Length":14,"Height":31,"Demand":2,"DemandMax":null,"Value":434},{"Length":18,"Height":25,"Demand":2,"DemandMax":null,"Value":450},{"Length":19,"Height":24,"Demand":1,"DemandMax":null,"Value":456},{"Length":11,"Height":39,"Demand":2,"DemandMax":null,"Value":429},{"Length":47,"Height":9,"Demand":2,"DemandMax":null,"Value":423},{"Length":143,"Height":3,"Demand":2,"DemandMax":null,"Value":429},{"Length":20,"Height":22,"Demand":1,"DemandMax":null,"Value":440},{"Length":69,"Height":6,"Demand":1,"DemandMax":null,"Value":414},{"Length":191,"Height":2,"Demand":2,"DemandMax":null,"Value":382},{"Length":37,"Height":12,"Demand":1,"DemandMax":null,"Value":444},{"Length":7,"Height":65,"Demand":1,"DemandMax":null,"Value":455},{"Length":12,"Height":36,"Demand":1,"DemandMax":null,"Value":432},{"Length":68,"Height":6,"Demand":4,"DemandMax":null,"Value":408},{"Length":16,"Height":28,"Demand":1,"DemandMax":null,"Value":448},{"Length":79,"Height":6,"Demand":2,"DemandMax":null,"Value":474},{"Length":56,"Height":8,"Demand":1,"DemandMax":null,"Value":448},{"Length":60,"Height":7,"Demand":1,"DemandMax":null,"Value":420},{"Length":42,"Height":10,"Demand":1,"DemandMax":null,"Value":420},{"Length":9,"Height":48,"Demand":2,"DemandMax":null,"Value":432},{"Length":126,"Height":3,"Demand":8,"DemandMax":null,"Value":378},{"Length":15,"Height":29,"Demand":1,"DemandMax":null,"Value":435},{"Length":128,"Height":3,"Demand":1,"DemandMax":null,"Value":384},{"Length":61,"Height":7,"Demand":2,"DemandMax":null,"Value":427},{"Length":83,"Height":5,"Demand":1,"DemandMax":null,"Value":415},{"Length":57,"Height":7,"Demand":2,"DemandMax":null,"Value":399},{"Length":10,"Height":43,"Demand":1,"DemandMax":null,"Value":430},{"Length":24,"Height":18,"Demand":1,"DemandMax":null,"Value":432},{"Length":81,"Height":5,"Demand":2,"DemandMax":null,"Value":405},{"Length":116,"Height":4,"Demand":1,"DemandMax":null,"Value":464},{"Length":35,"Height":12,"Demand":2,"DemandMax":null,"Value":420},{"Length":107,"Height":4,"Demand":1,"DemandMax":null,"Value":428},{"Length":50,"Height":8,"Demand":1,"DemandMax":null,"Value":400},{"Length":96,"Height":4,"Demand":2,"DemandMax":null,"Value":384},{"Length":23,"Height":18,"Demand":2,"DemandMax":null,"Value":414},{"Length":51,"Height":8,"Demand":1,"DemandMax":null,"Value":408},{"Length":62,"Height":7,"Demand":1,"DemandMax":null,"Value":434},{"Length":75,"Height":6,"Demand":1,"DemandMax":null,"Value":450},{"Length":14,"Height":30,"Demand":1,"DemandMax":null,"Value":420},{"Length":40,"Height":11,"Demand":1,"DemandMax":null,"Value":440},{"Length":10,"Height":42,"Demand":1,"DemandMax":null,"Value":420},{"Length":6,"Height":68,"Demand":1,"DemandMax":null,"Value":408},{"Length":17,"Height":24,"Demand":2,"DemandMax":null,"Value":408},{"Length":58,"Height":7,"Demand":1,"DemandMax":null,"Value":406},{"Length":11,"Height":37,"Demand":1,"DemandMax":null,"Value":407},{"Length":84,"Height":5,"Demand":2,"DemandMax":null,"Value":420},{"Length":30,"Height":14,"Demand":1,"DemandMax":null,"Value":420},{"Length":22,"Height":18,"Demand":2,"DemandMax":null,"Value":396},{"Length":133,"Height":3,"Demand":4,"DemandMax":null,"Value":399},{"Length":18,"Height":23,"Demand":1,"DemandMax":null,"Value":414},{"Length":6,"Height":73,"Demand":1,"DemandMax":null,"Value":438},{"Length":121,"Height":3,"Demand":3,"DemandMax":null,"Value":363},{"Length":7,"Height":55,"Demand":1,"DemandMax":null,"Value":385},{"Length":9,"Height":45,"Demand":1,"DemandMax":null,"Value":405},{"Length":15,"Height":27,"Demand":1,"DemandMax":null,"Value":405},{"Length":37,"Height":11,"Demand":1,"DemandMax":null,"Value":407},{"Length":9,"Height":43,"Demand":2,"DemandMax":null,"Value":387},{"Length":23,"Height":17,"Demand":1,"DemandMax":null,"Value":391},{"Length":10,"Height":39,"Demand":1,"DemandMax":null,"Value":390},{"Length":14,"Height":29,"Demand":1,"DemandMax":null,"Value":406},{"Length":13,"Height":30,"Demand":3,"DemandMax":null,"Value":390},{"Length":38,"Height":11,"Demand":1,"DemandMax":null,"Value":418},{"Length":73,"Height":5,"Demand":1,"DemandMax":null,"Value":365},{"Length":24,"Height":17,"Demand":1,"DemandMax":null,"Value":408},{"Length":64,"Height":6,"Demand":1,"DemandMax":null,"Value":384},{"Length":5,"Height":84,"Demand":1,"DemandMax":null,"Value":420},{"Length":19,"Height":21,"Demand":1,"DemandMax":null,"Value":399},{"Length":42,"Height":9,"Demand":1,"DemandMax":null,"Value":378},{"Length":55,"Height":7,"Demand":1,"DemandMax":null,"Value":385},{"Length":16,"Height":25,"Demand":1,"DemandMax":null,"Value":400},{"Length":30,"Height":13,"Demand":1,"DemandMax":null,"Value":390},{"Length":151,"Height":3,"Demand":1,"DemandMax":null,"Value":453},{"Length":10,"Height":41,"Demand":1,"DemandMax":null,"Value":410},{"Length":4,"Height":95,"Demand":3,"DemandMax":null,"Value":380},{"Length":170,"Height":2,"Demand":1,"DemandMax":null,"Value":340},{"Length":15,"Height":26,"Demand":2,"DemandMax":null,"Value":390},{"Length":5,"Height":82,"Demand":1,"DemandMax":null,"Value":410},{"Length":62,"Height":6,"Demand":2,"DemandMax":null,"Value":372},{"Length":47,"Height":8,"Demand":2,"DemandMax":null,"Value":376},{"Length":28,"Height":14,"Demand":2,"DemandMax":null,"Value":392},{"Length":106,"Height":4,"Demand":1,"DemandMax":null,"Value":424},{"Length":98,"Height":4,"Demand":1,"DemandMax":null,"Value":392},{"Length":10,"Height":40,"Demand":2,"DemandMax":null,"Value":400},{"Length":27,"Height":14,"Demand":1,"DemandMax":null,"Value":378},{"Length":177,"Height":2,"Demand":2,"DemandMax":null,"Value":354},{"Length":6,"Height":65,"Demand":2,"DemandMax":null,"Value":390},{"Length":49,"Height":8,"Demand":1,"DemandMax":null,"Value":392},{"Length":44,"Height":9,"Demand":2,"DemandMax":null,"Value":396},{"Length":32,"Height":12,"Demand":1,"DemandMax":null,"Value":384},{"Length":19,"Height":20,"Demand":2,"DemandMax":null,"Value":380},{"Length":17,"Height":23,"Demand":1,"DemandMax":null,"Value":391},{"Length":33,"Height":12,"Demand":1,"DemandMax":null,"Value":396},{"Length":13,"Height":29,"Demand":2,"DemandMax":null,"Value":377},{"Length":94,"Height":4,"Demand":1,"DemandMax":null,"Value":376},{"Length":12,"Height":31,"Demand":1,"DemandMax":null,"Value":372},{"Length":89,"Height":4,"Demand":1,"DemandMax":null,"Value":356},{"Length":26,"Height":15,"Demand":1,"DemandMax":null,"Value":390},{"Length":40,"Height":10,"Demand":1,"DemandMax":null,"Value":400},{"Length":65,"Height":6,"Demand":3,"DemandMax":null,"Value":390},{"Length":52,"Height":7,"Demand":2,"DemandMax":null,"Value":364},{"Length":16,"Height":23,"Demand":1,"DemandMax":null,"Value":368},{"Length":120,"Height":3,"Demand":1,"DemandMax":null,"Value":360},{"Length":12,"Height":32,"Demand":1,"DemandMax":null,"Value":384},{"Length":39,"Height":10,"Demand":1,"DemandMax":null,"Value":390},{"Length":15,"Height":24,"Demand":2,"DemandMax":null,"Value":360},{"Length":6,"Height":60,"Demand":2,"DemandMax":null,"Value":360},{"Length":13,"Height":28,"Demand":1,"DemandMax":null,"Value":364},{"Length":82,"Height":5,"Demand":1,"DemandMax":null,"Value":410},{"Length":181,"Height":2,"Demand":5,"DemandMax":null,"Value":362},{"Length":127,"Height":3,"Demand":3,"DemandMax":null,"Value":381},{"Length":24,"Height":15,"Demand":2,"DemandMax":null,"Value":360},{"Length":79,"Height":5,"Demand":1,"DemandMax":null,"Value":395},{"Length":22,"Height":17,"Demand":1,"DemandMax":null,"Value":374},{"Length":4,"Height":84,"Demand":1,"DemandMax":null,"Value":336},{"Length":38,"Height":10,"Demand":1,"DemandMax":null,"Value":380},{"Length":3,"Height":106,"Demand":2,"DemandMax":null,"Value":318},{"Length":60,"Height":6,"Demand":3,"DemandMax":null,"Value":360},{"Length":26,"Height":14,"Demand":1,"DemandMax":null,"Value":364},{"Length":44,"Height":8,"Demand":1,"DemandMax":null,"Value":352},{"Length":5,"Height":78,"Demand":1,"DemandMax":null,"Value":390},{"Length":10,"Height":36,"Demand":3,"DemandMax":null,"Value":360},{"Length":57,"Height":6,"Demand":2,"DemandMax":null,"Value":342},{"Length":61,"Height":6,"Demand":4,"DemandMax":null,"Value":366},{"Length":41,"Height":9,"Demand":1,"DemandMax":null,"Value":369},{"Length":159,"Height":2,"Demand":4,"DemandMax":null,"Value":318},{"Length":5,"Height":76,"Demand":1,"DemandMax":null,"Value":380},{"Length":134,"Height":3,"Demand":1,"DemandMax":null,"Value":402},{"Length":151,"Height":2,"Demand":1,"DemandMax":null,"Value":302},{"Length":92,"Height":4,"Demand":3,"DemandMax":null,"Value":368},{"Length":40,"Height":9,"Demand":2,"DemandMax":null,"Value":360},{"Length":11,"Height":34,"Demand":1,"DemandMax":null,"Value":374},{"Length":113,"Height":3,"Demand":1,"DemandMax":null,"Value":339},{"Length":136,"Height":3,"Demand":2,"DemandMax":null,"Value":408},{"Length":102,"Height":4,"Demand":1,"DemandMax":null,"Value":408},{"Length":19,"Height":19,"Demand":1,"DemandMax":null,"Value":361},{"Length":68,"Height":5,"Demand":3,"DemandMax":null,"Value":340},{"Length":22,"Height":16,"Demand":2,"DemandMax":null,"Value":352},{"Length":17,"Height":22,"Demand":1,"DemandMax":null,"Value":374},{"Length":106,"Height":3,"Demand":3,"DemandMax":null,"Value":318},{"Length":7,"Height":48,"Demand":1,"DemandMax":null,"Value":336},{"Length":6,"Height":58,"Demand":2,"DemandMax":null,"Value":348},{"Length":31,"Height":12,"Demand":1,"DemandMax":null,"Value":372},{"Length":18,"Height":19,"Demand":4,"DemandMax":null,"Value":342},{"Length":7,"Height":50,"Demand":3,"DemandMax":null,"Value":350},{"Length":114,"Height":3,"Demand":1,"DemandMax":null,"Value":342},{"Length":21,"Height":17,"Demand":2,"DemandMax":null,"Value":357},{"Length":74,"Height":5,"Demand":2,"DemandMax":null,"Value":370},{"Length":20,"Height":18,"Demand":1,"DemandMax":null,"Value":360},{"Length":51,"Height":7,"Demand":1,"DemandMax":null,"Value":357},{"Length":72,"Height":5,"Demand":4,"DemandMax":null,"Value":360},{"Length":4,"Height":83,"Demand":2,"DemandMax":null,"Value":332},{"Length":55,"Height":6,"Demand":3,"DemandMax":null,"Value":330},{"Length":76,"Height":5,"Demand":1,"DemandMax":null,"Value":380},{"Length":29,"Height":12,"Demand":2,"DemandMax":null,"Value":348},{"Length":59,"Height":6,"Demand":1,"DemandMax":null,"Value":354},{"Length":14,"Height":24,"Demand":2,"DemandMax":null,"Value":336},{"Length":49,"Height":7,"Demand":8,"DemandMax":null,"Value":343},{"Length":66,"Height":5,"Demand":1,"DemandMax":null,"Value":330},{"Length":95,"Height":4,"Demand":2,"DemandMax":null,"Value":380},{"Length":12,"Height":29,"Demand":5,"DemandMax":null,"Value":348},{"Length":85,"Height":4,"Demand":1,"DemandMax":null,"Value":340},{"Length":25,"Height":14,"Demand":1,"DemandMax":null,"Value":350},{"Length":13,"Height":27,"Demand":2,"DemandMax":null,"Value":351},{"Length":10,"Height":34,"Demand":3,"DemandMax":null,"Value":340},{"Length":36,"Height":10,"Demand":1,"DemandMax":null,"Value":360},{"Length":33,"Height":11,"Demand":3,"DemandMax":null,"Value":363},{"Length":21,"Height":16,"Demand":3,"DemandMax":null,"Value":336},{"Length":19,"Height":18,"Demand":3,"DemandMax":null,"Value":342},{"Length":12,"Height":30,"Demand":2,"DemandMax":null,"Value":360},{"Length":88,"Height":4,"Demand":1,"DemandMax":null,"Value":352},{"Length":23,"Height":15,"Demand":3,"DemandMax":null,"Value":345},{"Length":5,"Height":67,"Demand":2,"DemandMax":null,"Value":335},{"Length":130,"Height":3,"Demand":1,"DemandMax":null,"Value":390},{"Length":43,"Height":8,"Demand":1,"DemandMax":null,"Value":344},{"Length":47,"Height":7,"Demand":2,"DemandMax":null,"Value":329},{"Length":37,"Height":9,"Demand":1,"DemandMax":null,"Value":333},{"Length":93,"Height":4,"Demand":1,"DemandMax":null,"Value":372},{"Length":42,"Height":8,"Demand":2,"DemandMax":null,"Value":336},{"Length":4,"Height":81,"Demand":1,"DemandMax":null,"Value":324},{"Length":6,"Height":56,"Demand":2,"DemandMax":null,"Value":336},{"Length":14,"Height":25,"Demand":1,"DemandMax":null,"Value":350},{"Length":45,"Height":8,"Demand":1,"DemandMax":null,"Value":360},{"Length":67,"Height":5,"Demand":2,"DemandMax":null,"Value":335},{"Length":13,"Height":26,"Demand":2,"DemandMax":null,"Value":338},{"Length":17,"Height":21,"Demand":1,"DemandMax":null,"Value":357},{"Length":30,"Height":12,"Demand":1,"DemandMax":null,"Value":360},{"Length":3,"Height":117,"Demand":2,"DemandMax":null,"Value":351},{"Length":110,"Height":3,"Demand":2,"DemandMax":null,"Value":330},{"Length":26,"Height":13,"Demand":4,"DemandMax":null,"Value":338},{"Length":111,"Height":3,"Demand":1,"DemandMax":null,"Value":333},{"Length":39,"Height":9,"Demand":1,"DemandMax":null,"Value":351},{"Length":54,"Height":6,"Demand":5,"DemandMax":null,"Value":324},{"Length":33,"Height":10,"Demand":3,"DemandMax":null,"Value":330},{"Length":50,"Height":7,"Demand":2,"DemandMax":null,"Value":350},{"Length":11,"Height":31,"Demand":1,"DemandMax":null,"Value":341},{"Length":30,"Height":11,"Demand":5,"DemandMax":null,"Value":330},{"Length":175,"Height":2,"Demand":2,"DemandMax":null,"Value":350},{"Length":2,"Height":160,"Demand":1,"DemandMax":null,"Value":320},{"Length":81,"Height":4,"Demand":1,"DemandMax":null,"Value":324},{"Length":5,"Height":68,"Demand":1,"DemandMax":null,"Value":340},{"Length":48,"Height":7,"Demand":4,"DemandMax":null,"Value":336},{"Length":90,"Height":4,"Demand":1,"DemandMax":null,"Value":360},{"Length":11,"Height":30,"Demand":6,"DemandMax":null,"Value":330},{"Length":78,"Height":4,"Demand":1,"DemandMax":null,"Value":312},{"Length":8,"Height":40,"Demand":3,"DemandMax":null,"Value":320},{"Length":16,"Height":21,"Demand":2,"DemandMax":null,"Value":336},{"Length":20,"Height":17,"Demand":1,"DemandMax":null,"Value":340},{"Length":82,"Height":4,"Demand":3,"DemandMax":null,"Value":328},{"Length":124,"Height":3,"Demand":1,"DemandMax":null,"Value":372},{"Length":10,"Height":33,"Demand":1,"DemandMax":null,"Value":330},{"Length":38,"Height":9,"Demand":1,"DemandMax":null,"Value":342},{"Length":41,"Height":8,"Demand":2,"DemandMax":null,"Value":328},{"Length":32,"Height":11,"Demand":3,"DemandMax":null,"Value":352},{"Length":116,"Height":3,"Demand":1,"DemandMax":null,"Value":348},{"Length":6,"Height":54,"Demand":2,"DemandMax":null,"Value":324},{"Length":36,"Height":9,"Demand":1,"DemandMax":null,"Value":324},{"Length":125,"Height":3,"Demand":2,"DemandMax":null,"Value":375},{"Length":109,"Height":3,"Demand":2,"DemandMax":null,"Value":327},{"Length":75,"Height":5,"Demand":1,"DemandMax":null,"Value":375},{"Length":8,"Height":45,"Demand":1,"DemandMax":null,"Value":360},{"Length":18,"Height":18,"Demand":4,"DemandMax":null,"Value":324},{"Length":17,"Height":20,"Demand":2,"DemandMax":null,"Value":340},{"Length":13,"Height":25,"Demand":2,"DemandMax":null,"Value":325},{"Length":15,"Height":23,"Demand":1,"DemandMax":null,"Value":345},{"Length":4,"Height":92,"Demand":1,"DemandMax":null,"Value":368},{"Length":17,"Height":19,"Demand":2,"DemandMax":null,"Value":323},{"Length":107,"Height":3,"Demand":4,"DemandMax":null,"Value":321},{"Length":11,"Height":32,"Demand":1,"DemandMax":null,"Value":352},{"Length":91,"Height":4,"Demand":1,"DemandMax":null,"Value":364},{"Length":8,"Height":43,"Demand":2,"DemandMax":null,"Value":344},{"Length":98,"Height":3,"Demand":3,"DemandMax":null,"Value":294},{"Length":62,"Height":5,"Demand":1,"DemandMax":null,"Value":310},{"Length":24,"Height":14,"Demand":2,"DemandMax":null,"Value":336},{"Length":22,"Height":15,"Demand":2,"DemandMax":null,"Value":330},{"Length":5,"Height":73,"Demand":1,"DemandMax":null,"Value":365},{"Length":5,"Height":71,"Demand":2,"DemandMax":null,"Value":355},{"Length":103,"Height":3,"Demand":1,"DemandMax":null,"Value":309},{"Length":25,"Height":13,"Demand":2,"DemandMax":null,"Value":325},{"Length":102,"Height":3,"Demand":3,"DemandMax":null,"Value":306},{"Length":19,"Height":17,"Demand":1,"DemandMax":null,"Value":323},{"Length":34,"Height":10,"Demand":2,"DemandMax":null,"Value":340},{"Length":12,"Height":27,"Demand":1,"DemandMax":null,"Value":324},{"Length":28,"Height":12,"Demand":1,"DemandMax":null,"Value":336},{"Length":6,"Height":51,"Demand":1,"DemandMax":null,"Value":306},{"Length":3,"Height":122,"Demand":1,"DemandMax":null,"Value":366},{"Length":80,"Height":4,"Demand":1,"DemandMax":null,"Value":320},{"Length":63,"Height":5,"Demand":1,"DemandMax":null,"Value":315},{"Length":16,"Height":20,"Demand":3,"DemandMax":null,"Value":320},{"Length":7,"Height":49,"Demand":1,"DemandMax":null,"Value":343},{"Length":117,"Height":3,"Demand":1,"DemandMax":null,"Value":351},{"Length":11,"Height":29,"Demand":7,"DemandMax":null,"Value":319},{"Length":97,"Height":3,"Demand":1,"DemandMax":null,"Value":291},{"Length":14,"Height":23,"Demand":5,"DemandMax":null,"Value":322},{"Length":45,"Height":7,"Demand":1,"DemandMax":null,"Value":315},{"Length":15,"Height":22,"Demand":1,"DemandMax":null,"Value":330},{"Length":77,"Height":4,"Demand":3,"DemandMax":null,"Value":308},{"Length":32,"Height":10,"Demand":2,"DemandMax":null,"Value":320},{"Length":112,"Height":3,"Demand":2,"DemandMax":null,"Value":336},{"Length":51,"Height":6,"Demand":1,"DemandMax":null,"Value":306},{"Length":23,"Height":14,"Demand":2,"DemandMax":null,"Value":322},{"Length":75,"Height":4,"Demand":6,"DemandMax":null,"Value":300},{"Length":4,"Height":79,"Demand":1,"DemandMax":null,"Value":316},{"Length":10,"Height":32,"Demand":3,"DemandMax":null,"Value":320},{"Length":44,"Height":7,"Demand":1,"DemandMax":null,"Value":308},{"Length":4,"Height":86,"Demand":1,"DemandMax":null,"Value":344},{"Length":27,"Height":12,"Demand":1,"DemandMax":null,"Value":324},{"Length":9,"Height":36,"Demand":1,"DemandMax":null,"Value":324},{"Length":76,"Height":4,"Demand":2,"DemandMax":null,"Value":304},{"Length":149,"Height":2,"Demand":4,"DemandMax":null,"Value":298},{"Length":9,"Height":34,"Demand":1,"DemandMax":null,"Value":306},{"Length":9,"Height":37,"Demand":1,"DemandMax":null,"Value":333},{"Length":131,"Height":2,"Demand":1,"DemandMax":null,"Value":262},{"Length":5,"Height":70,"Demand":1,"DemandMax":null,"Value":350},{"Length":83,"Height":4,"Demand":1,"DemandMax":null,"Value":332},{"Length":31,"Height":10,"Demand":3,"DemandMax":null,"Value":310},{"Length":14,"Height":22,"Demand":1,"DemandMax":null,"Value":308},{"Length":9,"Height":35,"Demand":1,"DemandMax":null,"Value":315},{"Length":24,"Height":13,"Demand":1,"DemandMax":null,"Value":312},{"Length":28,"Height":11,"Demand":2,"DemandMax":null,"Value":308},{"Length":20,"Height":16,"Demand":1,"DemandMax":null,"Value":320},{"Length":10,"Height":31,"Demand":1,"DemandMax":null,"Value":310},{"Length":57,"Height":5,"Demand":2,"DemandMax":null,"Value":285},{"Length":5,"Height":59,"Demand":1,"DemandMax":null,"Value":295},{"Length":13,"Height":23,"Demand":1,"DemandMax":null,"Value":299},{"Length":42,"Height":7,"Demand":1,"DemandMax":null,"Value":294},{"Length":8,"Height":41,"Demand":1,"DemandMax":null,"Value":328},{"Length":56,"Height":6,"Demand":1,"DemandMax":null,"Value":336},{"Length":4,"Height":75,"Demand":1,"DemandMax":null,"Value":300},{"Length":5,"Height":60,"Demand":1,"DemandMax":null,"Value":300},{"Length":7,"Height":45,"Demand":1,"DemandMax":null,"Value":315},{"Length":59,"Height":5,"Demand":3,"DemandMax":null,"Value":295},{"Length":74,"Height":4,"Demand":2,"DemandMax":null,"Value":296},{"Length":56,"Height":5,"Demand":2,"DemandMax":null,"Value":280},{"Length":34,"Height":9,"Demand":2,"DemandMax":null,"Value":306},{"Length":86,"Height":4,"Demand":1,"DemandMax":null,"Value":344},{"Length":26,"Height":12,"Demand":1,"DemandMax":null,"Value":312},{"Length":25,"Height":12,"Demand":1,"DemandMax":null,"Value":300},{"Length":64,"Height":5,"Demand":2,"DemandMax":null,"Value":320},{"Length":22,"Height":14,"Demand":1,"DemandMax":null,"Value":308},{"Length":158,"Height":2,"Demand":1,"DemandMax":null,"Value":316},{"Length":10,"Height":29,"Demand":2,"DemandMax":null,"Value":290},{"Length":29,"Height":11,"Demand":1,"DemandMax":null,"Value":319},{"Length":20,"Height":15,"Demand":2,"DemandMax":null,"Value":300},{"Length":3,"Height":112,"Demand":1,"DemandMax":null,"Value":336},{"Length":16,"Height":18,"Demand":2,"DemandMax":null,"Value":288},{"Length":5,"Height":56,"Demand":1,"DemandMax":null,"Value":280},{"Length":11,"Height":27,"Demand":1,"DemandMax":null,"Value":297},{"Length":7,"Height":46,"Demand":1,"DemandMax":null,"Value":322},{"Length":24,"Height":12,"Demand":2,"DemandMax":null,"Value":288},{"Length":61,"Height":5,"Demand":2,"DemandMax":null,"Value":305},{"Length":100,"Height":3,"Demand":2,"DemandMax":null,"Value":300},{"Length":37,"Height":8,"Demand":2,"DemandMax":null,"Value":296},{"Length":8,"Height":36,"Demand":1,"DemandMax":null,"Value":288},{"Length":9,"Height":32,"Demand":2,"DemandMax":null,"Value":288},{"Length":33,"Height":9,"Demand":2,"DemandMax":null,"Value":297},{"Length":8,"Height":37,"Demand":1,"DemandMax":null,"Value":296},{"Length":18,"Height":17,"Demand":1,"DemandMax":null,"Value":306},{"Length":46,"Height":6,"Demand":1,"DemandMax":null,"Value":276},{"Length":3,"Height":96,"Demand":1,"DemandMax":null,"Value":288},{"Length":2,"Height":154,"Demand":2,"DemandMax":null,"Value":308},{"Length":11,"Height":26,"Demand":1,"DemandMax":null,"Value":286},{"Length":6,"Height":47,"Demand":1,"DemandMax":null,"Value":282},{"Length":47,"Height":6,"Demand":1,"DemandMax":null,"Value":282},{"Length":19,"Height":16,"Demand":1,"DemandMax":null,"Value":304},{"Length":22,"Height":13,"Demand":3,"DemandMax":null,"Value":286},{"Length":35,"Height":8,"Demand":1,"DemandMax":null,"Value":280},{"Length":101,"Height":3,"Demand":1,"DemandMax":null,"Value":303},{"Length":8,"Height":35,"Demand":1,"DemandMax":null,"Value":280},{"Length":25,"Height":11,"Demand":2,"DemandMax":null,"Value":275},{"Length":18,"Height":16,"Demand":5,"DemandMax":null,"Value":288},{"Length":43,"Height":7,"Demand":1,"DemandMax":null,"Value":301},{"Length":41,"Height":7,"Demand":3,"DemandMax":null,"Value":287},{"Length":45,"Height":6,"Demand":2,"DemandMax":null,"Value":270},{"Length":15,"Height":19,"Demand":2,"DemandMax":null,"Value":285},{"Length":67,"Height":4,"Demand":1,"DemandMax":null,"Value":268},{"Length":114,"Height":2,"Demand":3,"DemandMax":null,"Value":228},{"Length":71,"Height":4,"Demand":1,"DemandMax":null,"Value":284},{"Length":5,"Height":57,"Demand":1,"DemandMax":null,"Value":285},{"Length":9,"Height":33,"Demand":1,"DemandMax":null,"Value":297},{"Length":4,"Height":65,"Demand":4,"DemandMax":null,"Value":260},{"Length":6,"Height":45,"Demand":1,"DemandMax":null,"Value":270},{"Length":5,"Height":55,"Demand":2,"DemandMax":null,"Value":275},{"Length":68,"Height":4,"Demand":2,"DemandMax":null,"Value":272},{"Length":13,"Height":21,"Demand":2,"DemandMax":null,"Value":273},{"Length":20,"Height":14,"Demand":2,"DemandMax":null,"Value":280},{"Length":122,"Height":2,"Demand":3,"DemandMax":null,"Value":244},{"Length":104,"Height":3,"Demand":1,"DemandMax":null,"Value":312},{"Length":88,"Height":3,"Demand":1,"DemandMax":null,"Value":264},{"Length":12,"Height":23,"Demand":1,"DemandMax":null,"Value":276},{"Length":4,"Height":74,"Demand":2,"DemandMax":null,"Value":296},{"Length":64,"Height":4,"Demand":3,"DemandMax":null,"Value":256},{"Length":9,"Height":31,"Demand":2,"DemandMax":null,"Value":279},{"Length":152,"Height":2,"Demand":5,"DemandMax":null,"Value":304},{"Length":69,"Height":4,"Demand":1,"DemandMax":null,"Value":276},{"Length":31,"Height":9,"Demand":3,"DemandMax":null,"Value":279},{"Length":108,"Height":3,"Demand":1,"DemandMax":null,"Value":324},{"Length":39,"Height":7,"Demand":2,"DemandMax":null,"Value":273},{"Length":62,"Height":4,"Demand":1,"DemandMax":null,"Value":248},{"Length":30,"Height":9,"Demand":3,"DemandMax":null,"Value":270},{"Length":28,"Height":10,"Demand":1,"DemandMax":null,"Value":280},{"Length":11,"Height":25,"Demand":2,"DemandMax":null,"Value":275},{"Length":36,"Height":8,"Demand":1,"DemandMax":null,"Value":288},{"Length":51,"Height":5,"Demand":3,"DemandMax":null,"Value":255},{"Length":19,"Height":14,"Demand":1,"DemandMax":null,"Value":266},{"Length":23,"Height":12,"Demand":1,"DemandMax":null,"Value":276},{"Length":14,"Height":19,"Demand":1,"DemandMax":null,"Value":266},{"Length":37,"Height":7,"Demand":2,"DemandMax":null,"Value":259},{"Length":40,"Height":7,"Demand":2,"DemandMax":null,"Value":280},{"Length":54,"Height":5,"Demand":1,"DemandMax":null,"Value":270},{"Length":50,"Height":5,"Demand":2,"DemandMax":null,"Value":250},{"Length":22,"Height":12,"Demand":5,"DemandMax":null,"Value":264},{"Length":77,"Height":3,"Demand":5,"DemandMax":null,"Value":231},{"Length":18,"Height":15,"Demand":1,"DemandMax":null,"Value":270},{"Length":96,"Height":3,"Demand":1,"DemandMax":null,"Value":288},{"Length":5,"Height":52,"Demand":1,"DemandMax":null,"Value":260},{"Length":93,"Height":3,"Demand":1,"DemandMax":null,"Value":279},{"Length":42,"Height":6,"Demand":4,"DemandMax":null,"Value":252},{"Length":11,"Height":24,"Demand":3,"DemandMax":null,"Value":264},{"Length":8,"Height":33,"Demand":1,"DemandMax":null,"Value":264},{"Length":146,"Height":2,"Demand":2,"DemandMax":null,"Value":292},{"Length":4,"Height":68,"Demand":2,"DemandMax":null,"Value":272},{"Length":141,"Height":2,"Demand":1,"DemandMax":null,"Value":282},{"Length":65,"Height":4,"Demand":1,"DemandMax":null,"Value":260},{"Length":12,"Height":22,"Demand":1,"DemandMax":null,"Value":264},{"Length":3,"Height":86,"Demand":1,"DemandMax":null,"Value":258},{"Length":21,"Height":13,"Demand":3,"DemandMax":null,"Value":273},{"Length":10,"Height":27,"Demand":2,"DemandMax":null,"Value":270},{"Length":3,"Height":92,"Demand":1,"DemandMax":null,"Value":276},{"Length":10,"Height":25,"Demand":3,"DemandMax":null,"Value":250},{"Length":20,"Height":13,"Demand":1,"DemandMax":null,"Value":260},{"Length":17,"Height":16,"Demand":1,"DemandMax":null,"Value":272},{"Length":18,"Height":14,"Demand":4,"DemandMax":null,"Value":252},{"Length":90,"Height":3,"Demand":1,"DemandMax":null,"Value":270},{"Length":32,"Height":8,"Demand":3,"DemandMax":null,"Value":256},{"Length":41,"Height":6,"Demand":3,"DemandMax":null,"Value":246},{"Length":5,"Height":48,"Demand":2,"DemandMax":null,"Value":240},{"Length":29,"Height":9,"Demand":1,"DemandMax":null,"Value":261},{"Length":16,"Height":17,"Demand":1,"DemandMax":null,"Value":272},{"Length":16,"Height":16,"Demand":1,"DemandMax":null,"Value":256},{"Length":21,"Height":12,"Demand":3,"DemandMax":null,"Value":252},{"Length":38,"Height":7,"Demand":2,"DemandMax":null,"Value":266},{"Length":5,"Height":50,"Demand":1,"DemandMax":null,"Value":250},{"Length":2,"Height":106,"Demand":2,"DemandMax":null,"Value":212},{"Length":24,"Height":11,"Demand":1,"DemandMax":null,"Value":264},{"Length":8,"Height":31,"Demand":1,"DemandMax":null,"Value":248},{"Length":11,"Height":23,"Demand":1,"DemandMax":null,"Value":253},{"Length":53,"Height":5,"Demand":1,"DemandMax":null,"Value":265},{"Length":19,"Height":13,"Demand":3,"DemandMax":null,"Value":247},{"Length":66,"Height":4,"Demand":2,"DemandMax":null,"Value":264},{"Length":47,"Height":5,"Demand":5,"DemandMax":null,"Value":235},{"Length":28,"Height":9,"Demand":3,"DemandMax":null,"Value":252},{"Length":60,"Height":4,"Demand":1,"DemandMax":null,"Value":240},{"Length":46,"Height":5,"Demand":4,"DemandMax":null,"Value":230},{"Length":33,"Height":8,"Demand":1,"DemandMax":null,"Value":264},{"Length":7,"Height":37,"Demand":1,"DemandMax":null,"Value":259},{"Length":57,"Height":4,"Demand":3,"DemandMax":null,"Value":228},{"Length":15,"Height":16,"Demand":1,"DemandMax":null,"Value":240},{"Length":128,"Height":2,"Demand":2,"DemandMax":null,"Value":256},{"Length":59,"Height":4,"Demand":1,"DemandMax":null,"Value":236},{"Length":80,"Height":3,"Demand":3,"DemandMax":null,"Value":240},{"Length":27,"Height":9,"Demand":2,"DemandMax":null,"Value":243},{"Length":9,"Height":28,"Demand":1,"DemandMax":null,"Value":252},{"Length":14,"Height":18,"Demand":2,"DemandMax":null,"Value":252},{"Length":6,"Height":41,"Demand":2,"DemandMax":null,"Value":246},{"Length":3,"Height":93,"Demand":2,"DemandMax":null,"Value":279},{"Length":121,"Height":2,"Demand":1,"DemandMax":null,"Value":242},{"Length":58,"Height":4,"Demand":4,"DemandMax":null,"Value":232},{"Length":91,"Height":3,"Demand":1,"DemandMax":null,"Value":273},{"Length":13,"Height":19,"Demand":1,"DemandMax":null,"Value":247},{"Length":8,"Height":30,"Demand":1,"DemandMax":null,"Value":240},{"Length":14,"Height":17,"Demand":3,"DemandMax":null,"Value":238},{"Length":106,"Height":2,"Demand":1,"DemandMax":null,"Value":212},{"Length":12,"Height":21,"Demand":1,"DemandMax":null,"Value":252},{"Length":12,"Height":20,"Demand":4,"DemandMax":null,"Value":240},{"Length":142,"Height":2,"Demand":2,"DemandMax":null,"Value":284},{"Length":36,"Height":7,"Demand":1,"DemandMax":null,"Value":252},{"Length":78,"Height":3,"Demand":1,"DemandMax":null,"Value":234},{"Length":111,"Height":2,"Demand":1,"DemandMax":null,"Value":222},{"Length":75,"Height":3,"Demand":5,"DemandMax":null,"Value":225},{"Length":94,"Height":3,"Demand":2,"DemandMax":null,"Value":282},{"Length":13,"Height":18,"Demand":5,"DemandMax":null,"Value":234},{"Length":38,"Height":6,"Demand":1,"DemandMax":null,"Value":228},{"Length":6,"Height":37,"Demand":4,"DemandMax":null,"Value":222},{"Length":34,"Height":7,"Demand":3,"DemandMax":null,"Value":238},{"Length":23,"Height":10,"Demand":2,"DemandMax":null,"Value":230},{"Length":20,"Height":12,"Demand":3,"DemandMax":null,"Value":240},{"Length":16,"Height":15,"Demand":2,"DemandMax":null,"Value":240},{"Length":35,"Height":7,"Demand":2,"DemandMax":null,"Value":245},{"Length":33,"Height":7,"Demand":2,"DemandMax":null,"Value":231},{"Length":6,"Height":42,"Demand":1,"DemandMax":null,"Value":252},{"Length":113,"Height":2,"Demand":2,"DemandMax":null,"Value":226},{"Length":26,"Height":9,"Demand":2,"DemandMax":null,"Value":234},{"Length":17,"Height":14,"Demand":4,"DemandMax":null,"Value":238},{"Length":31,"Height":8,"Demand":1,"DemandMax":null,"Value":248},{"Length":30,"Height":8,"Demand":1,"DemandMax":null,"Value":240},{"Length":71,"Height":3,"Demand":5,"DemandMax":null,"Value":213},{"Length":11,"Height":21,"Demand":2,"DemandMax":null,"Value":231},{"Length":61,"Height":4,"Demand":2,"DemandMax":null,"Value":244},{"Length":10,"Height":24,"Demand":1,"DemandMax":null,"Value":240},{"Length":110,"Height":2,"Demand":2,"DemandMax":null,"Value":220},{"Length":3,"Height":82,"Demand":2,"DemandMax":null,"Value":246},{"Length":32,"Height":7,"Demand":2,"DemandMax":null,"Value":224},{"Length":19,"Height":12,"Demand":6,"DemandMax":null,"Value":228},{"Length":28,"Height":8,"Demand":2,"DemandMax":null,"Value":224},{"Length":40,"Height":6,"Demand":2,"DemandMax":null,"Value":240},{"Length":103,"Height":2,"Demand":3,"DemandMax":null,"Value":206},{"Length":4,"Height":57,"Demand":2,"DemandMax":null,"Value":228},{"Length":5,"Height":47,"Demand":1,"DemandMax":null,"Value":235},{"Length":10,"Height":23,"Demand":1,"DemandMax":null,"Value":230},{"Length":48,"Height":5,"Demand":1,"DemandMax":null,"Value":240},{"Length":9,"Height":26,"Demand":3,"DemandMax":null,"Value":234},{"Length":24,"Height":10,"Demand":1,"DemandMax":null,"Value":240},{"Length":130,"Height":2,"Demand":1,"DemandMax":null,"Value":260},{"Length":15,"Height":15,"Demand":2,"DemandMax":null,"Value":225},{"Length":94,"Height":2,"Demand":3,"DemandMax":null,"Value":188},{"Length":16,"Height":14,"Demand":3,"DemandMax":null,"Value":224},{"Length":115,"Height":2,"Demand":3,"DemandMax":null,"Value":230},{"Length":4,"Height":56,"Demand":1,"DemandMax":null,"Value":224},{"Length":42,"Height":5,"Demand":2,"DemandMax":null,"Value":210},{"Length":45,"Height":5,"Demand":1,"DemandMax":null,"Value":225},{"Length":53,"Height":4,"Demand":2,"DemandMax":null,"Value":212},{"Length":9,"Height":25,"Demand":3,"DemandMax":null,"Value":225},{"Length":4,"Height":54,"Demand":2,"DemandMax":null,"Value":216},{"Length":24,"Height":9,"Demand":4,"DemandMax":null,"Value":216},{"Length":8,"Height":28,"Demand":1,"DemandMax":null,"Value":224},{"Length":35,"Height":6,"Demand":6,"DemandMax":null,"Value":210},{"Length":108,"Height":2,"Demand":1,"DemandMax":null,"Value":216},{"Length":20,"Height":11,"Demand":4,"DemandMax":null,"Value":220},{"Length":133,"Height":2,"Demand":3,"DemandMax":null,"Value":266},{"Length":21,"Height":11,"Demand":1,"DemandMax":null,"Value":231},{"Length":4,"Height":52,"Demand":5,"DemandMax":null,"Value":208},{"Length":63,"Height":4,"Demand":1,"DemandMax":null,"Value":252},{"Length":8,"Height":27,"Demand":3,"DemandMax":null,"Value":216},{"Length":69,"Height":3,"Demand":2,"DemandMax":null,"Value":207},{"Length":12,"Height":19,"Demand":1,"DemandMax":null,"Value":228},{"Length":101,"Height":2,"Demand":4,"DemandMax":null,"Value":202},{"Length":5,"Height":42,"Demand":3,"DemandMax":null,"Value":210},{"Length":72,"Height":3,"Demand":4,"DemandMax":null,"Value":216},{"Length":143,"Height":2,"Demand":1,"DemandMax":null,"Value":286},{"Length":27,"Height":8,"Demand":1,"DemandMax":null,"Value":216},{"Length":3,"Height":74,"Demand":1,"DemandMax":null,"Value":222},{"Length":68,"Height":3,"Demand":3,"DemandMax":null,"Value":204},{"Length":12,"Height":18,"Demand":2,"DemandMax":null,"Value":216},{"Length":11,"Height":19,"Demand":1,"DemandMax":null,"Value":209},{"Length":2,"Height":93,"Demand":2,"DemandMax":null,"Value":186},{"Length":36,"Height":6,"Demand":2,"DemandMax":null,"Value":216},{"Length":51,"Height":4,"Demand":2,"DemandMax":null,"Value":204},{"Length":17,"Height":13,"Demand":2,"DemandMax":null,"Value":221},{"Length":82,"Height":3,"Demand":1,"DemandMax":null,"Value":246},{"Length":79,"Height":3,"Demand":2,"DemandMax":null,"Value":237},{"Length":18,"Height":12,"Demand":3,"DemandMax":null,"Value":216},{"Length":9,"Height":24,"Demand":1,"DemandMax":null,"Value":216},{"Length":4,"Height":50,"Demand":3,"DemandMax":null,"Value":200},{"Length":6,"Height":36,"Demand":1,"DemandMax":null,"Value":216},{"Length":70,"Height":3,"Demand":2,"DemandMax":null,"Value":210},{"Length":44,"Height":5,"Demand":2,"DemandMax":null,"Value":220},{"Length":39,"Height":6,"Demand":1,"DemandMax":null,"Value":234},{"Length":3,"Height":62,"Demand":2,"DemandMax":null,"Value":186},{"Length":9,"Height":23,"Demand":2,"DemandMax":null,"Value":207},{"Length":2,"Height":122,"Demand":1,"DemandMax":null,"Value":244},{"Length":13,"Height":16,"Demand":3,"DemandMax":null,"Value":208},{"Length":26,"Height":8,"Demand":3,"DemandMax":null,"Value":208},{"Length":120,"Height":2,"Demand":2,"DemandMax":null,"Value":240},{"Length":7,"Height":29,"Demand":1,"DemandMax":null,"Value":203},{"Length":14,"Height":15,"Demand":3,"DemandMax":null,"Value":210},{"Length":146,"Height":1,"Demand":1,"DemandMax":null,"Value":146},{"Length":23,"Height":9,"Demand":5,"DemandMax":null,"Value":207},{"Length":55,"Height":4,"Demand":3,"DemandMax":null,"Value":220},{"Length":31,"Height":7,"Demand":2,"DemandMax":null,"Value":217},{"Length":34,"Height":6,"Demand":3,"DemandMax":null,"Value":204},{"Length":8,"Height":26,"Demand":4,"DemandMax":null,"Value":208},{"Length":41,"Height":5,"Demand":4,"DemandMax":null,"Value":205},{"Length":99,"Height":2,"Demand":1,"DemandMax":null,"Value":198},{"Length":48,"Height":4,"Demand":5,"DemandMax":null,"Value":192},{"Length":21,"Height":10,"Demand":3,"DemandMax":null,"Value":210},{"Length":25,"Height":9,"Demand":1,"DemandMax":null,"Value":225},{"Length":17,"Height":12,"Demand":5,"DemandMax":null,"Value":204},{"Length":7,"Height":31,"Demand":1,"DemandMax":null,"Value":217},{"Length":100,"Height":2,"Demand":3,"DemandMax":null,"Value":200},{"Length":3,"Height":65,"Demand":5,"DemandMax":null,"Value":195},{"Length":2,"Height":112,"Demand":1,"DemandMax":null,"Value":224},{"Length":19,"Height":11,"Demand":7,"DemandMax":null,"Value":209},{"Length":54,"Height":4,"Demand":4,"DemandMax":null,"Value":216},{"Length":16,"Height":13,"Demand":2,"DemandMax":null,"Value":208},{"Length":67,"Height":3,"Demand":3,"DemandMax":null,"Value":201},{"Length":10,"Height":21,"Demand":1,"DemandMax":null,"Value":210},{"Length":20,"Height":10,"Demand":3,"DemandMax":null,"Value":200},{"Length":63,"Height":3,"Demand":5,"DemandMax":null,"Value":189},{"Length":43,"Height":5,"Demand":1,"DemandMax":null,"Value":215},{"Length":28,"Height":7,"Demand":6,"DemandMax":null,"Value":196},{"Length":119,"Height":2,"Demand":3,"DemandMax":null,"Value":238},{"Length":126,"Height":2,"Demand":1,"DemandMax":null,"Value":252},{"Length":37,"Height":6,"Demand":1,"DemandMax":null,"Value":222},{"Length":56,"Height":4,"Demand":4,"DemandMax":null,"Value":224},{"Length":104,"Height":2,"Demand":1,"DemandMax":null,"Value":208},{"Length":8,"Height":25,"Demand":2,"DemandMax":null,"Value":200},{"Length":65,"Height":3,"Demand":3,"DemandMax":null,"Value":195},{"Length":37,"Height":5,"Demand":3,"DemandMax":null,"Value":185},{"Length":12,"Height":17,"Demand":2,"DemandMax":null,"Value":204},{"Length":3,"Height":59,"Demand":1,"DemandMax":null,"Value":177},{"Length":16,"Height":12,"Demand":5,"DemandMax":null,"Value":192},{"Length":38,"Height":5,"Demand":8,"DemandMax":null,"Value":190},{"Length":39,"Height":5,"Demand":8,"DemandMax":null,"Value":195},{"Length":6,"Height":31,"Demand":1,"DemandMax":null,"Value":186},{"Length":10,"Height":20,"Demand":5,"DemandMax":null,"Value":200},{"Length":15,"Height":13,"Demand":8,"DemandMax":null,"Value":195},{"Length":47,"Height":4,"Demand":5,"DemandMax":null,"Value":188},{"Length":98,"Height":2,"Demand":1,"DemandMax":null,"Value":196},{"Length":8,"Height":24,"Demand":4,"DemandMax":null,"Value":192},{"Length":11,"Height":18,"Demand":3,"DemandMax":null,"Value":198},{"Length":40,"Height":5,"Demand":6,"DemandMax":null,"Value":200},{"Length":12,"Height":16,"Demand":1,"DemandMax":null,"Value":192},{"Length":4,"Height":55,"Demand":2,"DemandMax":null,"Value":220},{"Length":5,"Height":38,"Demand":3,"DemandMax":null,"Value":190},{"Length":32,"Height":6,"Demand":5,"DemandMax":null,"Value":192},{"Length":91,"Height":2,"Demand":3,"DemandMax":null,"Value":182},{"Length":22,"Height":9,"Demand":2,"DemandMax":null,"Value":198},{"Length":19,"Height":10,"Demand":5,"DemandMax":null,"Value":190},{"Length":82,"Height":2,"Demand":3,"DemandMax":null,"Value":164},{"Length":5,"Height":39,"Demand":1,"DemandMax":null,"Value":195},{"Length":33,"Height":6,"Demand":6,"DemandMax":null,"Value":198},{"Length":3,"Height":64,"Demand":1,"DemandMax":null,"Value":192},{"Length":30,"Height":7,"Demand":1,"DemandMax":null,"Value":210},{"Length":17,"Height":11,"Demand":8,"DemandMax":null,"Value":187},{"Length":95,"Height":2,"Demand":1,"DemandMax":null,"Value":190},{"Length":29,"Height":7,"Demand":3,"DemandMax":null,"Value":203},{"Length":46,"Height":4,"Demand":1,"DemandMax":null,"Value":184},{"Length":64,"Height":3,"Demand":3,"DemandMax":null,"Value":192},{"Length":10,"Height":19,"Demand":3,"DemandMax":null,"Value":190},{"Length":26,"Height":7,"Demand":7,"DemandMax":null,"Value":182},{"Length":8,"Height":23,"Demand":2,"DemandMax":null,"Value":184},{"Length":24,"Height":8,"Demand":2,"DemandMax":null,"Value":192},{"Length":18,"Height":11,"Demand":3,"DemandMax":null,"Value":198},{"Length":57,"Height":3,"Demand":5,"DemandMax":null,"Value":171},{"Length":25,"Height":8,"Demand":4,"DemandMax":null,"Value":200},{"Length":3,"Height":75,"Demand":1,"DemandMax":null,"Value":225},{"Length":36,"Height":5,"Demand":4,"DemandMax":null,"Value":180},{"Length":23,"Height":8,"Demand":4,"DemandMax":null,"Value":184},{"Length":6,"Height":30,"Demand":2,"DemandMax":null,"Value":180},{"Length":31,"Height":6,"Demand":5,"DemandMax":null,"Value":186},{"Length":58,"Height":3,"Demand":2,"DemandMax":null,"Value":174},{"Length":74,"Height":3,"Demand":1,"DemandMax":null,"Value":222},{"Length":5,"Height":41,"Demand":1,"DemandMax":null,"Value":205},{"Length":30,"Height":6,"Demand":2,"DemandMax":null,"Value":180},{"Length":5,"Height":36,"Demand":4,"DemandMax":null,"Value":180},{"Length":11,"Height":17,"Demand":3,"DemandMax":null,"Value":187},{"Length":27,"Height":7,"Demand":6,"DemandMax":null,"Value":189},{"Length":44,"Height":4,"Demand":3,"DemandMax":null,"Value":176},{"Length":9,"Height":22,"Demand":1,"DemandMax":null,"Value":198},{"Length":43,"Height":4,"Demand":4,"DemandMax":null,"Value":172},{"Length":10,"Height":18,"Demand":4,"DemandMax":null,"Value":180},{"Length":14,"Height":13,"Demand":6,"DemandMax":null,"Value":182},{"Length":4,"Height":45,"Demand":2,"DemandMax":null,"Value":180},{"Length":7,"Height":27,"Demand":6,"DemandMax":null,"Value":189},{"Length":13,"Height":14,"Demand":3,"DemandMax":null,"Value":182},{"Length":52,"Height":4,"Demand":1,"DemandMax":null,"Value":208},{"Length":62,"Height":3,"Demand":4,"DemandMax":null,"Value":186},{"Length":6,"Height":32,"Demand":1,"DemandMax":null,"Value":192},{"Length":3,"Height":56,"Demand":3,"DemandMax":null,"Value":168},{"Length":85,"Height":2,"Demand":5,"DemandMax":null,"Value":170},{"Length":14,"Height":14,"Demand":1,"DemandMax":null,"Value":196},{"Length":92,"Height":2,"Demand":2,"DemandMax":null,"Value":184},{"Length":76,"Height":3,"Demand":1,"DemandMax":null,"Value":228},{"Length":21,"Height":9,"Demand":4,"DemandMax":null,"Value":189},{"Length":96,"Height":2,"Demand":4,"DemandMax":null,"Value":192},{"Length":60,"Height":3,"Demand":2,"DemandMax":null,"Value":180},{"Length":88,"Height":2,"Demand":1,"DemandMax":null,"Value":176},{"Length":73,"Height":3,"Demand":2,"DemandMax":null,"Value":219},{"Length":50,"Height":4,"Demand":3,"DemandMax":null,"Value":200},{"Length":134,"Height":1,"Demand":2,"DemandMax":null,"Value":134},{"Length":76,"Height":2,"Demand":1,"DemandMax":null,"Value":152},{"Length":133,"Height":1,"Demand":1,"DemandMax":null,"Value":133},{"Length":86,"Height":2,"Demand":2,"DemandMax":null,"Value":172},{"Length":29,"Height":6,"Demand":4,"DemandMax":null,"Value":174},{"Length":9,"Height":20,"Demand":3,"DemandMax":null,"Value":180},{"Length":126,"Height":1,"Demand":2,"DemandMax":null,"Value":126},{"Length":61,"Height":3,"Demand":1,"DemandMax":null,"Value":183},{"Length":18,"Height":10,"Demand":4,"DemandMax":null,"Value":180},{"Length":9,"Height":21,"Demand":1,"DemandMax":null,"Value":189},{"Length":6,"Height":29,"Demand":6,"DemandMax":null,"Value":174},{"Length":74,"Height":2,"Demand":1,"DemandMax":null,"Value":148},{"Length":41,"Height":4,"Demand":1,"DemandMax":null,"Value":164},{"Length":2,"Height":82,"Demand":1,"DemandMax":null,"Value":164},{"Length":75,"Height":2,"Demand":1,"DemandMax":null,"Value":150},{"Length":33,"Height":5,"Demand":3,"DemandMax":null,"Value":165},{"Length":127,"Height":1,"Demand":2,"DemandMax":null,"Value":127},{"Length":107,"Height":2,"Demand":1,"DemandMax":null,"Value":214},{"Length":84,"Height":2,"Demand":1,"DemandMax":null,"Value":168},{"Length":7,"Height":25,"Demand":3,"DemandMax":null,"Value":175},{"Length":42,"Height":4,"Demand":2,"DemandMax":null,"Value":168},{"Length":4,"Height":47,"Demand":1,"DemandMax":null,"Value":188},{"Length":22,"Height":8,"Demand":1,"DemandMax":null,"Value":176},{"Length":8,"Height":22,"Demand":1,"DemandMax":null,"Value":176},{"Length":12,"Height":15,"Demand":1,"DemandMax":null,"Value":180},{"Length":25,"Height":7,"Demand":1,"DemandMax":null,"Value":175},{"Length":35,"Height":5,"Demand":1,"DemandMax":null,"Value":175},{"Length":34,"Height":5,"Demand":2,"DemandMax":null,"Value":170},{"Length":49,"Height":4,"Demand":4,"DemandMax":null,"Value":196},{"Length":16,"Height":11,"Demand":1,"DemandMax":null,"Value":176},{"Length":7,"Height":26,"Demand":1,"DemandMax":null,"Value":182},{"Length":81,"Height":2,"Demand":1,"DemandMax":null,"Value":162},{"Length":5,"Height":35,"Demand":1,"DemandMax":null,"Value":175},{"Length":90,"Height":2,"Demand":1,"DemandMax":null,"Value":180},{"Length":52,"Height":3,"Demand":2,"DemandMax":null,"Value":156},{"Length":3,"Height":55,"Demand":1,"DemandMax":null,"Value":165},{"Length":72,"Height":2,"Demand":3,"DemandMax":null,"Value":144},{"Length":66,"Height":3,"Demand":1,"DemandMax":null,"Value":198},{"Length":79,"Height":2,"Demand":1,"DemandMax":null,"Value":158},{"Length":19,"Height":9,"Demand":1,"DemandMax":null,"Value":171},{"Length":20,"Height":9,"Demand":1,"DemandMax":null,"Value":180},{"Length":15,"Height":12,"Demand":2,"DemandMax":null,"Value":180},{"Length":2,"Height":75,"Demand":1,"DemandMax":null,"Value":150},{"Length":59,"Height":3,"Demand":1,"DemandMax":null,"Value":177}]}