{"Name":"path35t","Objects":[{"Length":1000,"Height":1000,"Stock":null,"Cost":1000000}],"Items":[{"Length":90,"Height":118,"Demand":1,"DemandMax":null,"Value":10620},{"Length":350,"Height":24,"Demand":1,"DemandMax":null,"Value":8400},{"Length":64,"Height":86,"Demand":1,"DemandMax":null,"Value":5504},{"Length":472,"Height":11,"Demand":1,"DemandMax":null,"Value":5192},{"Length":148,"Height":31,"Demand":1,"DemandMax":null,"Value":4588},{"Length":109,"Height":35,"Demand":1,"DemandMax":null,"Value":3815},{"Length":41,"Height":90,"Demand":1,"DemandMax":null,"Value":3690},{"Length":28,"Height":127,"Demand":1,"DemandMax":null,"Value":3556},{"Length":57,"Height":56,"Demand":1,"DemandMax":null,"Value":3192},{"Length":56,"Height":56,"Demand":1,"DemandMax":null,"Value":3136},{"Length":59,"Height":48,"Demand":1,"DemandMax":null,"Value":2832},{"Length":389,"Height":7,"Demand":1,"DemandMax":null,"Value":2723},{"Length":239,"Height":11,"Demand":1,"DemandMax":null,"Value":2629},{"Length":44,"Height":59,"Demand":1,"DemandMax":null,"Value":2596},{"Length":29,"Height":86,"Demand":1,"DemandMax":null,"Value":2494},{"Length":15,"Height":165,"Demand":1,"DemandMax":null,"Value":2475},{"Length":74,"Height":34,"Demand":1,"DemandMax":null,"Value":2516},{"Length":31,"Height":77,"Demand":1,"DemandMax":null,"Value":2387},{"Length":22,"Height":91,"Demand":1,"DemandMax":null,"Value":2002},{"Length":35,"Height":56,"Demand":1,"DemandMax":null,"Value":1960},{"Length":16,"Height":118,"Demand":1,"DemandMax":null,"Value":1888},{"Length":92,"Height":17,"Demand":1,"DemandMax":null,"Value":1564},{"Length":51,"Height":30,"Demand":1,"DemandMax":null,"Value":1530},{"Length":23,"Height":67,"Demand":1,"DemandMax":null,"Value":1541},{"Length":64,"Height":22,"Demand":1,"DemandMax":null,"Value":1408},{"Length":70,"Height":19,"Demand":1,"DemandMax":null,"Value":1330},{"Length":17,"Height":76,"Demand":1,"DemandMax":null,"Value":1292},{"Length":70,"Height":18,"Demand":1,"DemandMax":null,"Value":1260},{"Length":55,"Height":23,"Demand":1,"DemandMax":null,"Value":1265},{"Length":35,"Height":36,"Demand":1,"DemandMax":null,"Value":1260},{"Length":10,"Height":127,"Demand":1,"DemandMax":null,"Value":1270},{"Length":23,"Height":54,"Demand":1,"DemandMax":null,"Value":1242},{"Length":28,"Height":44,"Demand":1,"DemandMax":null,"Value":1232},{"Length":44,"Height":28,"Demand":1,"DemandMax":null,"Value":1232},{"Length":38,"Height":31,"Demand":1,"DemandMax":null,"Value":1178},{"Length":11,"Height":102,"Demand":1,"DemandMax":null,"Value":1122},{"Length":129,"Height":9,"Demand":1,"DemandMax":null,"Value":1161},{"Length":74,"Height":15,"Demand":1,"DemandMax":null,"Value":1110},{"Length":14,"Height":73,"Demand":1,"DemandMax":null,"Value":1022},{"Length":87,"Height":12,"Demand":1,"DemandMax":null,"Value":1044},{"Length":74,"Height":13,"Demand":1,"DemandMax":null,"Value":962},{"Length":78,"Height":12,"Demand":1,"DemandMax":null,"Value":936},{"Length":10,"Height":96,"Demand":1,"DemandMax":null,"Value":960},{"Length":32,"Height":30,"Demand":1,"DemandMax":null,"Value":960},{"Length":18,"Height":54,"Demand":1,"DemandMax":null,"Value":972},{"Length":27,"Height":35,"Demand":1,"DemandMax":null,"Value":945},{"Length":54,"Height":17,"Demand":1,"DemandMax":null,"Value":918},{"Length":16,"Height":60,"Demand":1,"DemandMax":null,"Value":960},{"Length":20,"Height":45,"Demand":1,"DemandMax":null,"Value":900},{"Length":37,"Height":24,"Demand":1,"DemandMax":null,"Value":888},{"Length":17,"Height":54,"Demand":1,"DemandMax":null,"Value":918},{"Length":14,"Height":62,"Demand":1,"DemandMax":null,"Value":868},{"Length":69,"Height":13,"Demand":1,"DemandMax":null,"Value":897},{"Length":49,"Height":17,"Demand":1,"DemandMax":null,"Value":833},{"Length":19,"Height":42,"Demand":1,"DemandMax":null,"Value":798},{"Length":97,"Height":8,"Demand":1,"DemandMax":null,"Value":776},{"Length":16,"Height":49,"Demand":1,"DemandMax":null,"Value":784},{"Length":53,"Height":14,"Demand":1,"DemandMax":null,"Value":742},{"Length":9,"Height":87,"Demand":1,"DemandMax":null,"Value":783},{"Length":172,"Height":4,"Demand":1,"DemandMax":null,"Value":688},{"Length":42,"Height":17,"Demand":1,"DemandMax":null,"Value":714},{"Length":12,"Height":59,"Demand":1,"DemandMax":null,"Value":708},{"Length":50,"Height":14,"Demand":1,"DemandMax":null,"Value":700},{"Length":68,"Height":10,"Demand":1,"DemandMax":null,"Value":680},{"Length":46,"Height":15,"Demand":1,"DemandMax":null,"Value":690},{"Length":41,"Height":17,"Demand":1,"DemandMax":null,"Value":697},{"Length":5,"Height":127,"Demand":1,"DemandMax":null,"Value":635},{"Length":12,"Height":54,"Demand":2,"DemandMax":null,"Value":648},{"Length":21,"Height":32,"Demand":1,"DemandMax":null,"Value":672},{"Length":10,"Height":69,"Demand":1,"DemandMax":null,"Value":690},{"Length":161,"Height":4,"Demand":1,"DemandMax":null,"Value":644},{"Length":96,"Height":7,"Demand":1,"DemandMax":null,"Value":672},{"Length":20,"Height":32,"Demand":1,"DemandMax":null,"Value":640},{"Length":56,"Height":11,"Demand":1,"DemandMax":null,"Value":616},{"Length":16,"Height":38,"Demand":1,"DemandMax":null,"Value":608},{"Length":14,"Height":45,"Demand":1,"DemandMax":null,"Value":630},{"Length":5,"Height":125,"Demand":1,"DemandMax":null,"Value":625},{"Length":152,"Height":4,"Demand":1,"DemandMax":null,"Value":608},{"Length":24,"Height":25,"Demand":1,"DemandMax":null,"Value":600},{"Length":27,"Height":22,"Demand":1,"DemandMax":null,"Value":594},{"Length":64,"Height":9,"Demand":1,"DemandMax":null,"Value":576},{"Length":22,"Height":27,"Demand":1,"DemandMax":null,"Value":594},{"Length":34,"Height":17,"Demand":1,"DemandMax":null,"Value":578},{"Length":11,"Height":54,"Demand":1,"DemandMax":null,"Value":594},{"Length":4,"Height":151,"Demand":1,"DemandMax":null,"Value":604},{"Length":177,"Height":3,"Demand":1,"DemandMax":null,"Value":531},{"Length":83,"Height":7,"Demand":1,"DemandMax":null,"Value":581},{"Length":5,"Height":122,"Demand":1,"DemandMax":null,"Value":610},{"Length":77,"Height":7,"Demand":1,"DemandMax":null,"Value":539},{"Length":53,"Height":11,"Demand":1,"DemandMax":null,"Value":583},{"Length":62,"Height":9,"Demand":1,"DemandMax":null,"Value":558},{"Length":14,"Height":41,"Demand":1,"DemandMax":null,"Value":574},{"Length":35,"Height":16,"Demand":1,"DemandMax":null,"Value":560},{"Length":24,"Height":23,"Demand":1,"DemandMax":null,"Value":552},{"Length":7,"Height":76,"Demand":1,"DemandMax":null,"Value":532},{"Length":3,"Height":188,"Demand":1,"DemandMax":null,"Value":564},{"Length":41,"Height":13,"Demand":1,"DemandMax":null,"Value":533},{"Length":9,"Height":57,"Demand":2,"DemandMax":null,"Value":513},{"Length":66,"Height":8,"Demand":1,"DemandMax":null,"Value":528},{"Length":17,"Height":31,"Demand":1,"DemandMax":null,"Value":527},{"Length":156,"Height":3,"Demand":1,"DemandMax":null,"Value":468},{"Length":52,"Height":10,"Demand":1,"DemandMax":null,"Value":520},{"Length":11,"Height":47,"Demand":1,"DemandMax":null,"Value":517},{"Length":22,"Height":23,"Demand":1,"DemandMax":null,"Value":506},{"Length":172,"Height":3,"Demand":1,"DemandMax":null,"Value":516},{"Length":126,"Height":4,"Demand":1,"DemandMax":null,"Value":504},{"Length":38,"Height":13,"Demand":1,"DemandMax":null,"Value":494},{"Length":13,"Height":37,"Demand":1,"DemandMax":null,"Value":481},{"Length":24,"Height":20,"Demand":1,"DemandMax":null,"Value":480},{"Length":65,"Height":7,"Demand":1,"DemandMax":null,"Value":455},{"Length":27,"Height":18,"Demand":1,"DemandMax":null,"Value":486},{"Length":60,"Height":8,"Demand":1,"DemandMax":null,"Value":480},{"Length":21,"Height":22,"Demand":2,"DemandMax":null,"Value":462},{"Length":5,"Height":93,"Demand":1,"DemandMax":null,"Value":465},{"Length":6,"Height":76,"Demand":1,"DemandMax":null,"Value":456},{"Length":59,"Height":8,"Demand":1,"DemandMax":null,"Value":472},{"Length":170,"Height":3,"Demand":1,"DemandMax":null,"Value":510},{"Length":19,"Height":24,"Demand":1,"DemandMax":null,"Value":456},{"Length":40,"Height":11,"Demand":1,"DemandMax":null,"Value":440},{"Length":5,"Height":86,"Demand":1,"DemandMax":null,"Value":430},{"Length":20,"Height":22,"Demand":1,"DemandMax":null,"Value":440},{"Length":15,"Height":29,"Demand":1,"DemandMax":null,"Value":435},{"Length":55,"Height":8,"Demand":1,"DemandMax":null,"Value":440},{"Length":16,"Height":26,"Demand":1,"DemandMax":null,"Value":416},{"Length":42,"Height":10,"Demand":2,"DemandMax":null,"Value":420},{"Length":83,"Height":5,"Demand":2,"DemandMax":null,"Value":415},{"Length":11,"Height":39,"Demand":1,"DemandMax":null,"Value":429},{"Length":23,"Height":18,"Demand":1,"DemandMax":null,"Value":414},{"Length":44,"Height":9,"Demand":1,"DemandMax":null,"Value":396},{"Length":58,"Height":7,"Demand":1,"DemandMax":null,"Value":406},{"Length":28,"Height":15,"Demand":1,"DemandMax":null,"Value":420},{"Length":30,"Height":14,"Demand":1,"DemandMax":null,"Value":420},{"Length":72,"Height":6,"Demand":1,"DemandMax":null,"Value":432},{"Length":12,"Height":33,"Demand":1,"DemandMax":null,"Value":396},{"Length":40,"Height":10,"Demand":2,"DemandMax":null,"Value":400},{"Length":32,"Height":13,"Demand":1,"DemandMax":null,"Value":416},{"Length":3,"Height":135,"Demand":1,"DemandMax":null,"Value":405},{"Length":116,"Height":3,"Demand":1,"DemandMax":null,"Value":348},{"Length":25,"Height":16,"Demand":1,"DemandMax":null,"Value":400},{"Length":26,"Height":15,"Demand":1,"DemandMax":null,"Value":390},{"Length":14,"Height":29,"Demand":1,"DemandMax":null,"Value":406},{"Length":14,"Height":28,"Demand":1,"DemandMax":null,"Value":392},{"Length":5,"Height":85,"Demand":1,"DemandMax":null,"Value":425},{"Length":18,"Height":22,"Demand":1,"DemandMax":null,"Value":396},{"Length":126,"Height":3,"Demand":1,"DemandMax":null,"Value":378},{"Length":15,"Height":26,"Demand":1,"DemandMax":null,"Value":390},{"Length":70,"Height":6,"Demand":1,"DemandMax":null,"Value":420},{"Length":15,"Height":27,"Demand":1,"DemandMax":null,"Value":405},{"Length":6,"Height":62,"Demand":1,"DemandMax":null,"Value":372},{"Length":14,"Height":27,"Demand":2,"DemandMax":null,"Value":378},{"Length":152,"Height":3,"Demand":1,"DemandMax":null,"Value":456},{"Length":4,"Height":95,"Demand":1,"DemandMax":null,"Value":380},{"Length":8,"Height":47,"Demand":2,"DemandMax":null,"Value":376},{"Length":3,"Height":127,"Demand":1,"DemandMax":null,"Value":381},{"Length":27,"Height":14,"Demand":2,"DemandMax":null,"Value":378},{"Length":16,"Height":24,"Demand":1,"DemandMax":null,"Value":384},{"Length":20,"Height":19,"Demand":1,"DemandMax":null,"Value":380},{"Length":4,"Height":86,"Demand":1,"DemandMax":null,"Value":344},{"Length":109,"Height":3,"Demand":1,"DemandMax":null,"Value":327},{"Length":31,"Height":12,"Demand":1,"DemandMax":null,"Value":372},{"Length":7,"Height":57,"Demand":1,"DemandMax":null,"Value":399},{"Length":70,"Height":5,"Demand":2,"DemandMax":null,"Value":350},{"Length":6,"Height":60,"Demand":2,"DemandMax":null,"Value":360},{"Length":9,"Height":43,"Demand":1,"DemandMax":null,"Value":387},{"Length":40,"Height":9,"Demand":1,"DemandMax":null,"Value":360},{"Length":29,"Height":13,"Demand":1,"DemandMax":null,"Value":377},{"Length":156,"Height":2,"Demand":2,"DemandMax":null,"Value":312},{"Length":54,"Height":7,"Demand":1,"DemandMax":null,"Value":378},{"Length":15,"Height":24,"Demand":2,"DemandMax":null,"Value":360},{"Length":137,"Height":3,"Demand":1,"DemandMax":null,"Value":411},{"Length":114,"Height":3,"Demand":1,"DemandMax":null,"Value":342},{"Length":77,"Height":5,"Demand":1,"DemandMax":null,"Value":385},{"Length":23,"Height":16,"Demand":1,"DemandMax":null,"Value":368},{"Length":38,"Height":9,"Demand":1,"DemandMax":null,"Value":342},{"Length":23,"Height":15,"Demand":1,"DemandMax":null,"Value":345},{"Length":30,"Height":12,"Demand":1,"DemandMax":null,"Value":360},{"Length":16,"Height":22,"Demand":1,"DemandMax":null,"Value":352},{"Length":107,"Height":3,"Demand":1,"DemandMax":null,"Value":321},{"Length":15,"Height":23,"Demand":1,"DemandMax":null,"Value":345},{"Length":62,"Height":5,"Demand":1,"DemandMax":null,"Value":310},{"Length":55,"Height":6,"Demand":1,"DemandMax":null,"Value":330},{"Length":14,"Height":24,"Demand":1,"DemandMax":null,"Value":336},{"Length":129,"Height":3,"Demand":1,"DemandMax":null,"Value":387},{"Length":9,"Height":35,"Demand":1,"DemandMax":null,"Value":315},{"Length":21,"Height":16,"Demand":1,"DemandMax":null,"Value":336},{"Length":45,"Height":7,"Demand":1,"DemandMax":null,"Value":315},{"Length":6,"Height":58,"Demand":1,"DemandMax":null,"Value":348},{"Length":8,"Height":43,"Demand":1,"DemandMax":null,"Value":344},{"Length":3,"Height":130,"Demand":1,"DemandMax":null,"Value":390},{"Length":18,"Height":18,"Demand":1,"DemandMax":null,"Value":324},{"Length":6,"Height":53,"Demand":1,"DemandMax":null,"Value":318},{"Length":10,"Height":32,"Demand":2,"DemandMax":null,"Value":320},{"Length":7,"Height":46,"Demand":2,"DemandMax":null,"Value":322},{"Length":64,"Height":5,"Demand":1,"DemandMax":null,"Value":320},{"Length":7,"Height":45,"Demand":1,"DemandMax":null,"Value":315},{"Length":4,"Height":88,"Demand":1,"DemandMax":null,"Value":352},{"Length":5,"Height":60,"Demand":1,"DemandMax":null,"Value":300},{"Length":13,"Height":24,"Demand":2,"DemandMax":null,"Value":312},{"Length":34,"Height":10,"Demand":1,"DemandMax":null,"Value":340},{"Length":11,"Height":30,"Demand":1,"DemandMax":null,"Value":330},{"Length":93,"Height":3,"Demand":2,"DemandMax":null,"Value":279},{"Length":12,"Height":26,"Demand":1,"DemandMax":null,"Value":312},{"Length":2,"Height":138,"Demand":1,"DemandMax":null,"Value":276},{"Length":5,"Height":62,"Demand":1,"DemandMax":null,"Value":310},{"Length":3,"Height":96,"Demand":2,"DemandMax":null,"Value":288},{"Length":28,"Height":11,"Demand":1,"DemandMax":null,"Value":308},{"Length":86,"Height":4,"Demand":1,"DemandMax":null,"Value":344},{"Length":20,"Height":16,"Demand":1,"DemandMax":null,"Value":320},{"Length":31,"Height":10,"Demand":2,"DemandMax":null,"Value":310},{"Length":63,"Height":5,"Demand":2,"DemandMax":null,"Value":315},{"Length":10,"Height":30,"Demand":1,"DemandMax":null,"Value":300},{"Length":6,"Height":49,"Demand":1,"DemandMax":null,"Value":294},{"Length":23,"Height":13,"Demand":2,"DemandMax":null,"Value":299},{"Length":90,"Height":3,"Demand":1,"DemandMax":null,"Value":270},{"Length":15,"Height":21,"Demand":1,"DemandMax":null,"Value":315},{"Length":7,"Height":42,"Demand":1,"DemandMax":null,"Value":294},{"Length":56,"Height":5,"Demand":1,"DemandMax":null,"Value":280},{"Length":11,"Height":28,"Demand":1,"DemandMax":null,"Value":308},{"Length":145,"Height":2,"Demand":2,"DemandMax":null,"Value":290},{"Length":171,"Height":2,"Demand":1,"DemandMax":null,"Value":342},{"Length":101,"Height":3,"Demand":1,"DemandMax":null,"Value":303},{"Length":18,"Height":17,"Demand":1,"DemandMax":null,"Value":306},{"Length":29,"Height":10,"Demand":2,"DemandMax":null,"Value":290},{"Length":6,"Height":52,"Demand":1,"DemandMax":null,"Value":312},{"Length":22,"Height":14,"Demand":1,"DemandMax":null,"Value":308},{"Length":14,"Height":21,"Demand":1,"DemandMax":null,"Value":294},{"Length":13,"Height":22,"Demand":3,"DemandMax":null,"Value":286},{"Length":82,"Height":4,"Demand":1,"DemandMax":null,"Value":328},{"Length":17,"Height":17,"Demand":1,"DemandMax":null,"Value":289},{"Length":3,"Height":85,"Demand":2,"DemandMax":null,"Value":255},{"Length":3,"Height":95,"Demand":1,"DemandMax":null,"Value":285},{"Length":59,"Height":5,"Demand":1,"DemandMax":null,"Value":295},{"Length":10,"Height":29,"Demand":1,"DemandMax":null,"Value":290},{"Length":19,"Height":16,"Demand":1,"DemandMax":null,"Value":304},{"Length":8,"Height":35,"Demand":1,"DemandMax":null,"Value":280},{"Length":12,"Height":24,"Demand":1,"DemandMax":null,"Value":288},{"Length":31,"Height":9,"Demand":1,"DemandMax":null,"Value":279},{"Length":5,"Height":57,"Demand":1,"DemandMax":null,"Value":285},{"Length":66,"Height":4,"Demand":1,"DemandMax":null,"Value":264},{"Length":3,"Height":89,"Demand":3,"DemandMax":null,"Value":267},{"Length":26,"Height":11,"Demand":2,"DemandMax":null,"Value":286},{"Length":6,"Height":47,"Demand":1,"DemandMax":null,"Value":282},{"Length":4,"Height":72,"Demand":1,"DemandMax":null,"Value":288},{"Length":60,"Height":5,"Demand":1,"DemandMax":null,"Value":300},{"Length":2,"Height":131,"Demand":3,"DemandMax":null,"Value":262},{"Length":9,"Height":31,"Demand":1,"DemandMax":null,"Value":279},{"Length":4,"Height":77,"Demand":1,"DemandMax":null,"Value":308},{"Length":42,"Height":7,"Demand":1,"DemandMax":null,"Value":294},{"Length":38,"Height":7,"Demand":1,"DemandMax":null,"Value":266},{"Length":22,"Height":13,"Demand":1,"DemandMax":null,"Value":286},{"Length":3,"Height":92,"Demand":1,"DemandMax":null,"Value":276},{"Length":3,"Height":105,"Demand":1,"DemandMax":null,"Value":315},{"Length":6,"Height":48,"Demand":1,"DemandMax":null,"Value":288},{"Length":9,"Height":32,"Demand":1,"DemandMax":null,"Value":288},{"Length":65,"Height":4,"Demand":3,"DemandMax":null,"Value":260},{"Length":167,"Height":2,"Demand":1,"DemandMax":null,"Value":334},{"Length":55,"Height":5,"Demand":1,"DemandMax":null,"Value":275},{"Length":33,"Height":8,"Demand":2,"DemandMax":null,"Value":264},{"Length":14,"Height":19,"Demand":4,"DemandMax":null,"Value":266},{"Length":91,"Height":3,"Demand":2,"DemandMax":null,"Value":273},{"Length":8,"Height":33,"Demand":2,"DemandMax":null,"Value":264},{"Length":5,"Height":58,"Demand":1,"DemandMax":null,"Value":290},{"Length":50,"Height":6,"Demand":1,"DemandMax":null,"Value":300},{"Length":27,"Height":10,"Demand":1,"DemandMax":null,"Value":270},{"Length":11,"Height":25,"Demand":1,"DemandMax":null,"Value":275},{"Length":5,"Height":59,"Demand":1,"DemandMax":null,"Value":295},{"Length":7,"Height":41,"Demand":1,"DemandMax":null,"Value":287},{"Length":5,"Height":55,"Demand":2,"DemandMax":null,"Value":275},{"Length":99,"Height":3,"Demand":1,"DemandMax":null,"Value":297},{"Length":4,"Height":65,"Demand":3,"DemandMax":null,"Value":260},{"Length":15,"Height":18,"Demand":1,"DemandMax":null,"Value":270},{"Length":48,"Height":6,"Demand":1,"DemandMax":null,"Value":288},{"Length":25,"Height":11,"Demand":1,"DemandMax":null,"Value":275},{"Length":51,"Height":5,"Demand":1,"DemandMax":null,"Value":255},{"Length":70,"Height":4,"Demand":3,"DemandMax":null,"Value":280},{"Length":37,"Height":7,"Demand":3,"DemandMax":null,"Value":259},{"Length":47,"Height":6,"Demand":1,"DemandMax":null,"Value":282},{"Length":18,"Height":15,"Demand":1,"DemandMax":null,"Value":270},{"Length":42,"Height":6,"Demand":3,"DemandMax":null,"Value":252},{"Length":2,"Height":135,"Demand":2,"DemandMax":null,"Value":270},{"Length":5,"Height":53,"Demand":1,"DemandMax":null,"Value":265},{"Length":3,"Height":76,"Demand":6,"DemandMax":null,"Value":228},{"Length":20,"Height":13,"Demand":4,"DemandMax":null,"Value":260},{"Length":80,"Height":3,"Demand":1,"DemandMax":null,"Value":240},{"Length":10,"Height":26,"Demand":1,"DemandMax":null,"Value":260},{"Length":6,"Height":40,"Demand":4,"DemandMax":null,"Value":240},{"Length":12,"Height":21,"Demand":3,"DemandMax":null,"Value":252},{"Length":40,"Height":6,"Demand":4,"DemandMax":null,"Value":240},{"Length":22,"Height":12,"Demand":1,"DemandMax":null,"Value":264},{"Length":3,"Height":73,"Demand":10,"DemandMax":null,"Value":219},{"Length":53,"Height":5,"Demand":2,"DemandMax":null,"Value":265},{"Length":39,"Height":7,"Demand":1,"DemandMax":null,"Value":273},{"Length":14,"Height":18,"Demand":3,"DemandMax":null,"Value":252},{"Length":81,"Height":3,"Demand":4,"DemandMax":null,"Value":243},{"Length":34,"Height":7,"Demand":7,"DemandMax":null,"Value":238},{"Length":4,"Height":62,"Demand":3,"DemandMax":null,"Value":248},{"Length":82,"Height":3,"Demand":3,"DemandMax":null,"Value":246},{"Length":39,"Height":6,"Demand":7,"DemandMax":null,"Value":234},{"Length":43,"Height":6,"Demand":2,"DemandMax":null,"Value":258},{"Length":13,"Height":19,"Demand":7,"DemandMax":null,"Value":247},{"Length":86,"Height":3,"Demand":2,"DemandMax":null,"Value":258},{"Length":105,"Height":2,"Demand":4,"DemandMax":null,"Value":210},{"Length":60,"Height":4,"Demand":6,"DemandMax":null,"Value":240},{"Length":5,"Height":54,"Demand":1,"DemandMax":null,"Value":270},{"Length":21,"Height":12,"Demand":4,"DemandMax":null,"Value":252},{"Length":19,"Height":13,"Demand":4,"DemandMax":null,"Value":247},{"Length":6,"Height":43,"Demand":2,"DemandMax":null,"Value":258},{"Length":7,"Height":34,"Demand":4,"DemandMax":null,"Value":238},{"Length":6,"Height":45,"Demand":1,"DemandMax":null,"Value":270},{"Length":4,"Height":64,"Demand":4,"DemandMax":null,"Value":256},{"Length":9,"Height":28,"Demand":2,"DemandMax":null,"Value":252},{"Length":96,"Height":3,"Demand":1,"DemandMax":null,"Value":288},{"Length":11,"Height":22,"Demand":1,"DemandMax":null,"Value":242},{"Length":16,"Height":16,"Demand":1,"DemandMax":null,"Value":256},{"Length":2,"Height":125,"Demand":1,"DemandMax":null,"Value":250},{"Length":2,"Height":111,"Demand":5,"DemandMax":null,"Value":222},{"Length":68,"Height":4,"Demand":1,"DemandMax":null,"Value":272},{"Length":41,"Height":6,"Demand":3,"DemandMax":null,"Value":246},{"Length":28,"Height":9,"Demand":3,"DemandMax":null,"Value":252},{"Length":2,"Height":114,"Demand":4,"DemandMax":null,"Value":228},{"Length":143,"Height":2,"Demand":1,"DemandMax":null,"Value":286},{"Length":3,"Height":78,"Demand":9,"DemandMax":null,"Value":234},{"Length":85,"Height":3,"Demand":5,"DemandMax":null,"Value":255},{"Length":119,"Height":2,"Demand":7,"DemandMax":null,"Value":238},{"Length":15,"Height":17,"Demand":1,"DemandMax":null,"Value":255},{"Length":15,"Height":16,"Demand":5,"DemandMax":null,"Value":240},{"Length":22,"Height":11,"Demand":3,"DemandMax":null,"Value":242},{"Length":63,"Height":4,"Demand":2,"DemandMax":null,"Value":252},{"Length":8,"Height":30,"Demand":4,"DemandMax":null,"Value":240},{"Length":4,"Height":71,"Demand":1,"DemandMax":null,"Value":284},{"Length":18,"Height":14,"Demand":1,"DemandMax":null,"Value":252},{"Length":2,"Height":107,"Demand":5,"DemandMax":null,"Value":214},{"Length":4,"Height":59,"Demand":2,"DemandMax":null,"Value":236},{"Length":115,"Height":2,"Demand":3,"DemandMax":null,"Value":230},{"Length":67,"Height":4,"Demand":1,"DemandMax":null,"Value":268},{"Length":5,"Height":45,"Demand":11,"DemandMax":null,"Value":225},{"Length":35,"Height":7,"Demand":2,"DemandMax":null,"Value":245},{"Length":79,"Height":3,"Demand":10,"DemandMax":null,"Value":237},{"Length":4,"Height":56,"Demand":6,"DemandMax":null,"Value":224},{"Length":2,"Height":147,"Demand":1,"DemandMax":null,"Value":294},{"Length":110,"Height":2,"Demand":3,"DemandMax":null,"Value":220},{"Length":10,"Height":24,"Demand":6,"DemandMax":null,"Value":240},{"Length":9,"Height":27,"Demand":6,"DemandMax":null,"Value":243},{"Length":3,"Height":81,"Demand":2,"DemandMax":null,"Value":243},{"Length":16,"Height":15,"Demand":3,"DemandMax":null,"Value":240},{"Length":2,"Height":104,"Demand":6,"DemandMax":null,"Value":208},{"Length":2,"Height":101,"Demand":2,"DemandMax":null,"Value":202},{"Length":5,"Height":52,"Demand":1,"DemandMax":null,"Value":260},{"Length":3,"Height":80,"Demand":3,"DemandMax":null,"Value":240},{"Length":5,"Height":47,"Demand":4,"DemandMax":null,"Value":235},{"Length":61,"Height":4,"Demand":3,"DemandMax":null,"Value":244},{"Length":103,"Height":2,"Demand":2,"DemandMax":null,"Value":206},{"Length":38,"Height":6,"Demand":4,"DemandMax":null,"Value":228},{"Length":152,"Height":2,"Demand":3,"DemandMax":null,"Value":304},{"Length":6,"Height":38,"Demand":9,"DemandMax":null,"Value":228},{"Length":95,"Height":3,"Demand":1,"DemandMax":null,"Value":285},{"Length":83,"Height":3,"Demand":6,"DemandMax":null,"Value":249},{"Length":12,"Height":20,"Demand":4,"DemandMax":null,"Value":240},{"Length":5,"Height":51,"Demand":1,"DemandMax":null,"Value":255},{"Length":6,"Height":44,"Demand":2,"DemandMax":null,"Value":264},{"Length":21,"Height":11,"Demand":7,"DemandMax":null,"Value":231},{"Length":2,"Height":109,"Demand":3,"DemandMax":null,"Value":218},{"Length":48,"Height":5,"Demand":5,"DemandMax":null,"Value":240},{"Length":6,"Height":41,"Demand":1,"DemandMax":null,"Value":246},{"Length":77,"Height":3,"Demand":10,"DemandMax":null,"Value":231},{"Length":30,"Height":8,"Demand":2,"DemandMax":null,"Value":240},{"Length":10,"Height":23,"Demand":4,"DemandMax":null,"Value":230},{"Length":3,"Height":90,"Demand":1,"DemandMax":null,"Value":270},{"Length":2,"Height":128,"Demand":1,"DemandMax":null,"Value":256},{"Length":8,"Height":32,"Demand":1,"DemandMax":null,"Value":256},{"Length":9,"Height":26,"Demand":3,"DemandMax":null,"Value":234},{"Length":29,"Height":8,"Demand":7,"DemandMax":null,"Value":232},{"Length":7,"Height":35,"Demand":3,"DemandMax":null,"Value":245},{"Length":6,"Height":39,"Demand":3,"DemandMax":null,"Value":234},{"Length":7,"Height":36,"Demand":2,"DemandMax":null,"Value":252},{"Length":50,"Height":5,"Demand":1,"DemandMax":null,"Value":250},{"Length":2,"Height":102,"Demand":4,"DemandMax":null,"Value":204},{"Length":11,"Height":23,"Demand":1,"DemandMax":null,"Value":253},{"Length":13,"Height":18,"Demand":4,"DemandMax":null,"Value":234},{"Length":45,"Height":5,"Demand":4,"DemandMax":null,"Value":225},{"Length":3,"Height":84,"Demand":3,"DemandMax":null,"Value":252},{"Length":8,"Height":29,"Demand":5,"DemandMax":null,"Value":232},{"Length":3,"Height":75,"Demand":2,"DemandMax":null,"Value":225},{"Length":3,"Height":86,"Demand":3,"DemandMax":null,"Value":258},{"Length":2,"Height":96,"Demand":10,"DemandMax":null,"Value":192},{"Length":84,"Height":3,"Demand":1,"DemandMax":null,"Value":252},{"Length":24,"Height":10,"Demand":3,"DemandMax":null,"Value":240},{"Length":136,"Height":2,"Demand":3,"DemandMax":null,"Value":272},{"Length":27,"Height":9,"Demand":3,"DemandMax":null,"Value":243},{"Length":135,"Height":2,"Demand":2,"DemandMax":null,"Value":270},{"Length":25,"Height":10,"Demand":4,"DemandMax":null,"Value":250},{"Length":89,"Height":3,"Demand":5,"DemandMax":null,"Value":267},{"Length":52,"Height":5,"Demand":2,"DemandMax":null,"Value":260},{"Length":5,"Height":48,"Demand":5,"DemandMax":null,"Value":240},{"Length":4,"Height":68,"Demand":1,"DemandMax":null,"Value":272},{"Length":37,"Height":6,"Demand":8,"DemandMax":null,"Value":222},{"Length":17,"Height":14,"Demand":3,"DemandMax":null,"Value":238},{"Length":23,"Height":10,"Demand":5,"DemandMax":null,"Value":230},{"Length":47,"Height":5,"Demand":4,"DemandMax":null,"Value":235},{"Length":106,"Height":2,"Demand":4,"DemandMax":null,"Value":212},{"Length":55,"Height":4,"Demand":8,"DemandMax":null,"Value":220},{"Length":2,"Height":103,"Demand":4,"DemandMax":null,"Value":206},{"Length":28,"Height":8,"Demand":8,"DemandMax":null,"Value":224},{"Length":94,"Height":3,"Demand":1,"DemandMax":null,"Value":282},{"Length":16,"Height":14,"Demand":6,"DemandMax":null,"Value":224},{"Length":58,"Height":4,"Demand":2,"DemandMax":null,"Value":232},{"Length":8,"Height":31,"Demand":2,"DemandMax":null,"Value":248},{"Length":46,"Height":5,"Demand":5,"DemandMax":null,"Value":230},{"Length":98,"Height":2,"Demand":3,"DemandMax":null,"Value":196},{"Length":44,"Height":5,"Demand":6,"DemandMax":null,"Value":220},{"Length":19,"Height":12,"Demand":3,"DemandMax":null,"Value":228},{"Length":62,"Height":4,"Demand":1,"DemandMax":null,"Value":248},{"Length":3,"Height":82,"Demand":3,"DemandMax":null,"Value":246},{"Length":6,"Height":36,"Demand":9,"DemandMax":null,"Value":216},{"Length":4,"Height":58,"Demand":3,"DemandMax":null,"Value":232},{"Length":49,"Height":5,"Demand":4,"DemandMax":null,"Value":245},{"Length":14,"Height":16,"Demand":10,"DemandMax":null,"Value":224},{"Length":6,"Height":42,"Demand":2,"DemandMax":null,"Value":252},{"Length":107,"Height":2,"Demand":2,"DemandMax":null,"Value":214},{"Length":2,"Height":95,"Demand":4,"DemandMax":null,"Value":190},{"Length":3,"Height":68,"Demand":1,"DemandMax":null,"Value":204},{"Length":20,"Height":12,"Demand":3,"DemandMax":null,"Value":240},{"Length":5,"Height":49,"Demand":2,"DemandMax":null,"Value":245},{"Length":97,"Height":2,"Demand":5,"DemandMax":null,"Value":194},{"Length":11,"Height":21,"Demand":4,"DemandMax":null,"Value":231},{"Length":32,"Height":7,"Demand":8,"DemandMax":null,"Value":224},{"Length":4,"Height":61,"Demand":1,"DemandMax":null,"Value":244},{"Length":8,"Height":28,"Demand":4,"DemandMax":null,"Value":224},{"Length":87,"Height":3,"Demand":1,"DemandMax":null,"Value":261},{"Length":147,"Height":2,"Demand":2,"DemandMax":null,"Value":294},{"Length":73,"Height":3,"Demand":6,"DemandMax":null,"Value":219},{"Length":67,"Height":3,"Demand":10,"DemandMax":null,"Value":201},{"Length":2,"Height":127,"Demand":2,"DemandMax":null,"Value":254},{"Length":96,"Height":2,"Demand":10,"DemandMax":null,"Value":192},{"Length":36,"Height":6,"Demand":2,"DemandMax":null,"Value":216},{"Length":130,"Height":2,"Demand":3,"DemandMax":null,"Value":260},{"Length":95,"Height":2,"Demand":4,"DemandMax":null,"Value":190},{"Length":18,"Height":13,"Demand":4,"DemandMax":null,"Value":234},{"Length":17,"Height":13,"Demand":4,"DemandMax":null,"Value":221},{"Length":7,"Height":31,"Demand":13,"DemandMax":null,"Value":217},{"Length":7,"Height":32,"Demand":8,"DemandMax":null,"Value":224},{"Length":53,"Height":4,"Demand":10,"DemandMax":null,"Value":212},{"Length":78,"Height":3,"Demand":4,"DemandMax":null,"Value":234},{"Length":15,"Height":15,"Demand":4,"DemandMax":null,"Value":225},{"Length":5,"Height":42,"Demand":7,"DemandMax":null,"Value":210},{"Length":10,"Height":22,"Demand":7,"DemandMax":null,"Value":220},{"Length":3,"Height":87,"Demand":1,"DemandMax":null,"Value":261},{"Length":6,"Height":37,"Demand":2,"DemandMax":null,"Value":222},{"Length":59,"Height":4,"Demand":4,"DemandMax":null,"Value":236},{"Length":8,"Height":27,"Demand":4,"DemandMax":null,"Value":216},{"Length":3,"Height":71,"Demand":4,"DemandMax":null,"Value":213},{"Length":3,"Height":66,"Demand":6,"DemandMax":null,"Value":198},{"Length":2,"Height":97,"Demand":2,"DemandMax":null,"Value":194},{"Length":93,"Height":2,"Demand":12,"DemandMax":null,"Value":186},{"Length":72,"Height":3,"Demand":4,"DemandMax":null,"Value":216},{"Length":111,"Height":2,"Demand":5,"DemandMax":null,"Value":222},{"Length":42,"Height":5,"Demand":10,"DemandMax":null,"Value":210},{"Length":24,"Height":9,"Demand":11,"DemandMax":null,"Value":216},{"Length":5,"Height":46,"Demand":8,"DemandMax":null,"Value":230},{"Length":41,"Height":5,"Demand":11,"DemandMax":null,"Value":205},{"Length":5,"Height":44,"Demand":1,"DemandMax":null,"Value":220},{"Length":7,"Height":33,"Demand":2,"DemandMax":null,"Value":231},{"Length":43,"Height":5,"Demand":4,"DemandMax":null,"Value":215},{"Length":5,"Height":50,"Demand":1,"DemandMax":null,"Value":250},{"Length":12,"Height":19,"Demand":5,"DemandMax":null,"Value":228},{"Length":66,"Height":3,"Demand":11,"DemandMax":null,"Value":198},{"Length":70,"Height":3,"Demand":10,"DemandMax":null,"Value":210},{"Length":26,"Height":9,"Demand":1,"DemandMax":null,"Value":234},{"Length":121,"Height":2,"Demand":2,"DemandMax":null,"Value":242},{"Length":9,"Height":25,"Demand":4,"DemandMax":null,"Value":225},{"Length":25,"Height":9,"Demand":4,"DemandMax":null,"Value":225},{"Length":30,"Height":7,"Demand":15,"DemandMax":null,"Value":210},{"Length":12,"Height":18,"Demand":4,"DemandMax":null,"Value":216},{"Length":52,"Height":4,"Demand":2,"DemandMax":null,"Value":208},{"Length":3,"Height":69,"Demand":6,"DemandMax":null,"Value":207},{"Length":2,"Height":117,"Demand":2,"DemandMax":null,"Value":234},{"Length":4,"Height":52,"Demand":11,"DemandMax":null,"Value":208},{"Length":2,"Height":98,"Demand":3,"DemandMax":null,"Value":196},{"Length":5,"Height":43,"Demand":5,"DemandMax":null,"Value":215},{"Length":54,"Height":4,"Demand":5,"DemandMax":null,"Value":216},{"Length":20,"Height":11,"Demand":5,"DemandMax":null,"Value":220},{"Length":2,"Height":129,"Demand":4,"DemandMax":null,"Value":258},{"Length":3,"Height":64,"Demand":9,"DemandMax":null,"Value":192},{"Length":13,"Height":17,"Demand":4,"DemandMax":null,"Value":221},{"Length":14,"Height":15,"Demand":9,"DemandMax":null,"Value":210},{"Length":8,"Height":26,"Demand":13,"DemandMax":null,"Value":208},{"Length":109,"Height":2,"Demand":1,"DemandMax":null,"Value":218},{"Length":4,"Height":54,"Demand":2,"DemandMax":null,"Value":216},{"Length":3,"Height":65,"Demand":5,"DemandMax":null,"Value":195},{"Length":2,"Height":108,"Demand":1,"DemandMax":null,"Value":216},{"Length":18,"Height":12,"Demand":8,"DemandMax":null,"Value":216},{"Length":2,"Height":92,"Demand":4,"DemandMax":null,"Value":184},{"Length":22,"Height":10,"Demand":5,"DemandMax":null,"Value":220},{"Length":120,"Height":2,"Demand":2,"DemandMax":null,"Value":240},{"Length":35,"Height":6,"Demand":8,"DemandMax":null,"Value":210},{"Length":3,"Height":83,"Demand":5,"DemandMax":null,"Value":249},{"Length":99,"Height":2,"Demand":4,"DemandMax":null,"Value":198},{"Length":4,"Height":50,"Demand":6,"DemandMax":null,"Value":200},{"Length":7,"Height":30,"Demand":8,"DemandMax":null,"Value":210},{"Length":1,"Height":147,"Demand":1,"DemandMax":null,"Value":147},{"Length":11,"Height":20,"Demand":6,"DemandMax":null,"Value":220},{"Length":9,"Height":24,"Demand":9,"DemandMax":null,"Value":216},{"Length":51,"Height":4,"Demand":14,"DemandMax":null,"Value":204},{"Length":33,"Height":7,"Demand":2,"DemandMax":null,"Value":231},{"Length":5,"Height":41,"Demand":6,"DemandMax":null,"Value":205},{"Length":92,"Height":2,"Demand":7,"DemandMax":null,"Value":184},{"Length":26,"Height":8,"Demand":11,"DemandMax":null,"Value":208},{"Length":5,"Height":40,"Demand":9,"DemandMax":null,"Value":200},{"Length":23,"Height":9,"Demand":12,"DemandMax":null,"Value":207},{"Length":2,"Height":122,"Demand":2,"DemandMax":null,"Value":244},{"Length":4,"Height":60,"Demand":1,"DemandMax":null,"Value":240},{"Length":13,"Height":16,"Demand":12,"DemandMax":null,"Value":208},{"Length":133,"Height":2,"Demand":2,"DemandMax":null,"Value":266},{"Length":16,"Height":13,"Demand":10,"DemandMax":null,"Value":208},{"Length":74,"Height":3,"Demand":3,"DemandMax":null,"Value":222},{"Length":68,"Height":3,"Demand":9,"DemandMax":null,"Value":204},{"Length":4,"Height":49,"Demand":7,"DemandMax":null,"Value":196},{"Length":40,"Height":5,"Demand":10,"DemandMax":null,"Value":200},{"Length":31,"Height":7,"Demand":5,"DemandMax":null,"Value":217},{"Length":57,"Height":4,"Demand":3,"DemandMax":null,"Value":228},{"Length":76,"Height":3,"Demand":3,"DemandMax":null,"Value":228},{"Length":3,"Height":62,"Demand":6,"DemandMax":null,"Value":186},{"Length":12,"Height":17,"Demand":9,"DemandMax":null,"Value":204},{"Length":108,"Height":2,"Demand":6,"DemandMax":null,"Value":216},{"Length":4,"Height":53,"Demand":3,"DemandMax":null,"Value":212},{"Length":3,"Height":72,"Demand":2,"DemandMax":null,"Value":216},{"Length":63,"Height":3,"Demand":6,"DemandMax":null,"Value":189},{"Length":90,"Height":2,"Demand":6,"DemandMax":null,"Value":180},{"Length":34,"Height":6,"Demand":4,"DemandMax":null,"Value":204},{"Length":3,"Height":77,"Demand":2,"DemandMax":null,"Value":231},{"Length":6,"Height":35,"Demand":3,"DemandMax":null,"Value":210},{"Length":116,"Height":2,"Demand":1,"DemandMax":null,"Value":232},{"Length":39,"Height":5,"Demand":9,"DemandMax":null,"Value":195},{"Length":6,"Height":33,"Demand":12,"DemandMax":null,"Value":198},{"Length":7,"Height":29,"Demand":12,"DemandMax":null,"Value":203},{"Length":75,"Height":3,"Demand":7,"DemandMax":null,"Value":225},{"Length":29,"Height":7,"Demand":8,"DemandMax":null,"Value":203},{"Length":4,"Height":51,"Demand":7,"DemandMax":null,"Value":204},{"Length":101,"Height":2,"Demand":3,"DemandMax":null,"Value":202},{"Length":100,"Height":2,"Demand":6,"DemandMax":null,"Value":200},{"Length":5,"Height":39,"Demand":11,"DemandMax":null,"Value":195},{"Length":86,"Height":2,"Demand":12,"DemandMax":null,"Value":172},{"Length":9,"Height":23,"Demand":7,"DemandMax":null,"Value":207},{"Length":4,"Height":48,"Demand":4,"DemandMax":null,"Value":192},{"Length":137,"Height":2,"Demand":2,"DemandMax":null,"Value":274},{"Length":102,"Height":2,"Demand":2,"DemandMax":null,"Value":204},{"Length":11,"Height":19,"Demand":5,"DemandMax":null,"Value":209},{"Length":27,"Height":8,"Demand":4,"DemandMax":null,"Value":216},{"Length":10,"Height":21,"Demand":5,"DemandMax":null,"Value":210},{"Length":8,"Height":25,"Demand":7,"DemandMax":null,"Value":200},{"Length":20,"Height":10,"Demand":9,"DemandMax":null,"Value":200},{"Length":2,"Height":116,"Demand":2,"DemandMax":null,"Value":232},{"Length":15,"Height":14,"Demand":10,"DemandMax":null,"Value":210},{"Length":91,"Height":2,"Demand":7,"DemandMax":null,"Value":182},{"Length":33,"Height":6,"Demand":6,"DemandMax":null,"Value":198},{"Length":10,"Height":20,"Demand":7,"DemandMax":null,"Value":200},{"Length":128,"Height":2,"Demand":3,"DemandMax":null,"Value":256},{"Length":2,"Height":99,"Demand":1,"DemandMax":null,"Value":198},{"Length":50,"Height":4,"Demand":11,"DemandMax":null,"Value":200},{"Length":2,"Height":86,"Demand":12,"DemandMax":null,"Value":172},{"Length":6,"Height":34,"Demand":6,"DemandMax":null,"Value":204},{"Length":4,"Height":55,"Demand":1,"DemandMax":null,"Value":220},{"Length":9,"Height":22,"Demand":10,"DemandMax":null,"Value":198},{"Length":2,"Height":93,"Demand":3,"DemandMax":null,"Value":186},{"Length":4,"Height":47,"Demand":6,"DemandMax":null,"Value":188},{"Length":17,"Height":12,"Demand":12,"DemandMax":null,"Value":204},{"Length":3,"Height":67,"Demand":3,"DemandMax":null,"Value":201},{"Length":85,"Height":2,"Demand":10,"DemandMax":null,"Value":170},{"Length":21,"Height":10,"Demand":5,"DemandMax":null,"Value":210},{"Length":32,"Height":6,"Demand":10,"DemandMax":null,"Value":192},{"Length":3,"Height":79,"Demand":2,"DemandMax":null,"Value":237},{"Length":22,"Height":9,"Demand":4,"DemandMax":null,"Value":198},{"Length":19,"Height":11,"Demand":4,"DemandMax":null,"Value":209},{"Length":89,"Height":2,"Demand":11,"DemandMax":null,"Value":178},{"Length":38,"Height":5,"Demand":10,"DemandMax":null,"Value":190},{"Length":125,"Height":2,"Demand":1,"DemandMax":null,"Value":250},{"Length":28,"Height":7,"Demand":14,"DemandMax":null,"Value":196},{"Length":104,"Height":2,"Demand":3,"DemandMax":null,"Value":208},{"Length":84,"Height":2,"Demand":8,"DemandMax":null,"Value":168},{"Length":64,"Height":3,"Demand":9,"DemandMax":null,"Value":192},{"Length":2,"Height":91,"Demand":5,"DemandMax":null,"Value":182},{"Length":5,"Height":38,"Demand":13,"DemandMax":null,"Value":190},{"Length":88,"Height":2,"Demand":5,"DemandMax":null,"Value":176},{"Length":13,"Height":15,"Demand":7,"DemandMax":null,"Value":195},{"Length":94,"Height":2,"Demand":3,"DemandMax":null,"Value":188},{"Length":61,"Height":3,"Demand":4,"DemandMax":null,"Value":183},{"Length":131,"Height":2,"Demand":1,"DemandMax":null,"Value":262},{"Length":2,"Height":90,"Demand":3,"DemandMax":null,"Value":180},{"Length":2,"Height":83,"Demand":13,"DemandMax":null,"Value":166},{"Length":2,"Height":94,"Demand":2,"DemandMax":null,"Value":188},{"Length":25,"Height":8,"Demand":9,"DemandMax":null,"Value":200},{"Length":59,"Height":3,"Demand":12,"DemandMax":null,"Value":177},{"Length":7,"Height":28,"Demand":3,"DemandMax":null,"Value":196},{"Length":3,"Height":59,"Demand":7,"DemandMax":null,"Value":177},{"Length":6,"Height":32,"Demand":13,"DemandMax":null,"Value":192},{"Length":3,"Height":60,"Demand":9,"DemandMax":null,"Value":180},{"Length":83,"Height":2,"Demand":17,"DemandMax":null,"Value":166},{"Length":15,"Height":13,"Demand":10,"DemandMax":null,"Value":195},{"Length":8,"Height":24,"Demand":9,"DemandMax":null,"Value":192},{"Length":47,"Height":4,"Demand":6,"DemandMax":null,"Value":188},{"Length":18,"Height":11,"Demand":9,"DemandMax":null,"Value":198},{"Length":1,"Height":142,"Demand":2,"DemandMax":null,"Value":142},{"Length":2,"Height":89,"Demand":4,"DemandMax":null,"Value":178},{"Length":137,"Height":1,"Demand":2,"DemandMax":null,"Value":137},{"Length":14,"Height":14,"Demand":6,"DemandMax":null,"Value":196},{"Length":58,"Height":3,"Demand":8,"DemandMax":null,"Value":174},{"Length":4,"Height":45,"Demand":10,"DemandMax":null,"Value":180},{"Length":56,"Height":4,"Demand":1,"DemandMax":null,"Value":224},{"Length":6,"Height":31,"Demand":7,"DemandMax":null,"Value":186},{"Length":27,"Height":7,"Demand":5,"DemandMax":null,"Value":189},{"Length":46,"Height":4,"Demand":2,"DemandMax":null,"Value":184},{"Length":2,"Height":82,"Demand":6,"DemandMax":null,"Value":164},{"Length":37,"Height":5,"Demand":10,"DemandMax":null,"Value":185},{"Length":16,"Height":12,"Demand":10,"DemandMax":null,"Value":192},{"Length":31,"Height":6,"Demand":7,"DemandMax":null,"Value":186},{"Length":10,"Height":19,"Demand":8,"DemandMax":null,"Value":190},{"Length":24,"Height":8,"Demand":10,"DemandMax":null,"Value":192},{"Length":3,"Height":58,"Demand":4,"DemandMax":null,"Value":174},{"Length":1,"Height":140,"Demand":1,"DemandMax":null,"Value":140},{"Length":2,"Height":81,"Demand":10,"DemandMax":null,"Value":162},{"Length":71,"Height":3,"Demand":4,"DemandMax":null,"Value":213},{"Length":2,"Height":84,"Demand":10,"DemandMax":null,"Value":168},{"Length":2,"Height":110,"Demand":3,"DemandMax":null,"Value":220},{"Length":122,"Height":2,"Demand":2,"DemandMax":null,"Value":244},{"Length":11,"Height":18,"Demand":4,"DemandMax":null,"Value":198},{"Length":12,"Height":16,"Demand":13,"DemandMax":null,"Value":192},{"Length":80,"Height":2,"Demand":7,"DemandMax":null,"Value":160},{"Length":3,"Height":57,"Demand":6,"DemandMax":null,"Value":171},{"Length":2,"Height":88,"Demand":7,"DemandMax":null,"Value":176},{"Length":44,"Height":4,"Demand":8,"DemandMax":null,"Value":176},{"Length":17,"Height":11,"Demand":15,"DemandMax":null,"Value":187},{"Length":4,"Height":46,"Demand":5,"DemandMax":null,"Value":184},{"Length":9,"Height":21,"Demand":5,"DemandMax":null,"Value":189},{"Length":65,"Height":3,"Demand":2,"DemandMax":null,"Value":195},{"Length":5,"Height":36,"Demand":10,"DemandMax":null,"Value":180},{"Length":21,"Height":9,"Demand":10,"DemandMax":null,"Value":189},{"Length":60,"Height":3,"Demand":6,"DemandMax":null,"Value":180},{"Length":3,"Height":61,"Demand":3,"DemandMax":null,"Value":183},{"Length":3,"Height":74,"Demand":1,"DemandMax":null,"Value":222},{"Length":3,"Height":56,"Demand":5,"DemandMax":null,"Value":168},{"Length":1,"Height":135,"Demand":2,"DemandMax":null,"Value":135},{"Length":5,"Height":37,"Demand":6,"DemandMax":null,"Value":185},{"Length":114,"Height":2,"Demand":2,"DemandMax":null,"Value":228},{"Length":19,"Height":10,"Demand":7,"DemandMax":null,"Value":190},{"Length":82,"Height":2,"Demand":11,"DemandMax":null,"Value":164},{"Length":3,"Height":63,"Demand":6,"DemandMax":null,"Value":189},{"Length":49,"Height":4,"Demand":5,"DemandMax":null,"Value":196},{"Length":11,"Height":17,"Demand":12,"DemandMax":null,"Value":187},{"Length":112,"Height":2,"Demand":2,"DemandMax":null,"Value":224},{"Length":7,"Height":26,"Demand":7,"DemandMax":null,"Value":182},{"Length":2,"Height":79,"Demand":14,"DemandMax":null,"Value":158},{"Length":113,"Height":2,"Demand":3,"DemandMax":null,"Value":226},{"Length":118,"Height":2,"Demand":3,"DemandMax":null,"Value":236},{"Length":14,"Height":13,"Demand":10,"DemandMax":null,"Value":182},{"Length":30,"Height":6,"Demand":12,"DemandMax":null,"Value":180},{"Length":77,"Height":2,"Demand":9,"DemandMax":null,"Value":154},{"Length":8,"Height":23,"Demand":7,"DemandMax":null,"Value":184},{"Length":10,"Height":18,"Demand":12,"DemandMax":null,"Value":180},{"Length":3,"Height":55,"Demand":10,"DemandMax":null,"Value":165},{"Length":2,"Height":85,"Demand":4,"DemandMax":null,"Value":170},{"Length":29,"Height":6,"Demand":9,"DemandMax":null,"Value":174},{"Length":7,"Height":27,"Demand":8,"DemandMax":null,"Value":189},{"Length":130,"Height":1,"Demand":4,"DemandMax":null,"Value":130},{"Length":6,"Height":30,"Demand":11,"DemandMax":null,"Value":180},{"Length":5,"Height":35,"Demand":7,"DemandMax":null,"Value":175},{"Length":57,"Height":3,"Demand":11,"DemandMax":null,"Value":171},{"Length":7,"Height":25,"Demand":6,"DemandMax":null,"Value":175},{"Length":4,"Height":44,"Demand":7,"DemandMax":null,"Value":176},{"Length":87,"Height":2,"Demand":5,"DemandMax":null,"Value":174},{"Length":15,"Height":12,"Demand":7,"DemandMax":null,"Value":180},{"Length":36,"Height":5,"Demand":8,"DemandMax":null,"Value":180},{"Length":4,"Height":43,"Demand":3,"DemandMax":null,"Value":172},{"Length":22,"Height":8,"Demand":7,"DemandMax":null,"Value":176},{"Length":43,"Height":4,"Demand":10,"DemandMax":null,"Value":172},{"Length":123,"Height":2,"Demand":1,"DemandMax":null,"Value":246},{"Length":2,"Height":77,"Demand":10,"DemandMax":null,"Value":154},{"Length":3,"Height":54,"Demand":5,"DemandMax":null,"Value":162},{"Length":9,"Height":20,"Demand":10,"DemandMax":null,"Value":180},{"Length":54,"Height":3,"Demand":18,"DemandMax":null,"Value":162},{"Length":1,"Height":129,"Demand":2,"DemandMax":null,"Value":129},{"Length":79,"Height":2,"Demand":9,"DemandMax":null,"Value":158},{"Length":4,"Height":42,"Demand":2,"DemandMax":null,"Value":168},{"Length":6,"Height":29,"Demand":9,"DemandMax":null,"Value":174},{"Length":25,"Height":7,"Demand":10,"DemandMax":null,"Value":175},{"Length":131,"Height":1,"Demand":1,"DemandMax":null,"Value":131},{"Length":2,"Height":100,"Demand":2,"DemandMax":null,"Value":200},{"Length":35,"Height":5,"Demand":5,"DemandMax":null,"Value":175},{"Length":8,"Height":22,"Demand":9,"DemandMax":null,"Value":176},{"Length":18,"Height":10,"Demand":14,"DemandMax":null,"Value":180},{"Length":62,"Height":3,"Demand":3,"DemandMax":null,"Value":186},{"Length":135,"Height":1,"Demand":3,"DemandMax":null,"Value":135},{"Length":53,"Height":3,"Demand":13,"DemandMax":null,"Value":159},{"Length":20,"Height":9,"Demand":7,"DemandMax":null,"Value":180},{"Length":2,"Height":87,"Demand":3,"DemandMax":null,"Value":174},{"Length":26,"Height":7,"Demand":4,"DemandMax":null,"Value":182},{"Length":45,"Height":4,"Demand":2,"DemandMax":null,"Value":180},{"Length":1,"Height":127,"Demand":4,"DemandMax":null,"Value":127},{"Length":56,"Height":3,"Demand":6,"DemandMax":null,"Value":168},{"Length":23,"Height":8,"Demand":2,"DemandMax":null,"Value":184},{"Length":16,"Height":11,"Demand":8,"DemandMax":null,"Value":176},{"Length":74,"Height":2,"Demand":9,"DemandMax":null,"Value":148},{"Length":1,"Height":125,"Demand":1,"DemandMax":null,"Value":125},{"Length":13,"Height":14,"Demand":9,"DemandMax":null,"Value":182},{"Length":12,"Height":15,"Demand":6,"DemandMax":null,"Value":180},{"Length":34,"Height":5,"Demand":5,"DemandMax":null,"Value":170},{"Length":5,"Height":34,"Demand":14,"DemandMax":null,"Value":170},{"Length":1,"Height":124,"Demand":1,"DemandMax":null,"Value":124},{"Length":10,"Height":17,"Demand":7,"DemandMax":null,"Value":170},{"Length":4,"Height":41,"Demand":9,"DemandMax":null,"Value":164},{"Length":28,"Height":6,"Demand":9,"DemandMax":null,"Value":168},{"Length":2,"Height":73,"Demand":13,"DemandMax":null,"Value":146},{"Length":11,"Height":16,"Demand":10,"DemandMax":null,"Value":176},{"Length":7,"Height":24,"Demand":5,"DemandMax":null,"Value":168},{"Length":75,"Height":2,"Demand":4,"DemandMax":null,"Value":150},{"Length":19,"Height":9,"Demand":11,"DemandMax":null,"Value":171},{"Length":33,"Height":5,"Demand":13,"DemandMax":null,"Value":165},{"Length":69,"Height":3,"Demand":1,"DemandMax":null,"Value":207},{"Length":4,"Height":40,"Demand":9,"DemandMax":null,"Value":160},{"Length":76,"Height":2,"Demand":8,"DemandMax":null,"Value":152},{"Length":2,"Height":75,"Demand":4,"DemandMax":null,"Value":150},{"Length":55,"Height":3,"Demand":7,"DemandMax":null,"Value":165},{"Length":2,"Height":80,"Demand":3,"DemandMax":null,"Value":160},{"Length":48,"Height":4,"Demand":2,"DemandMax":null,"Value":192},{"Length":41,"Height":4,"Demand":6,"DemandMax":null,"Value":164},{"Length":14,"Height":12,"Demand":9,"DemandMax":null,"Value":168},{"Length":24,"Height":7,"Demand":8,"DemandMax":null,"Value":168},{"Length":42,"Height":4,"Demand":6,"DemandMax":null,"Value":168},{"Length":119,"Height":1,"Demand":2,"DemandMax":null,"Value":119},{"Length":8,"Height":21,"Demand":7,"DemandMax":null,"Value":168},{"Length":5,"Height":33,"Demand":8,"DemandMax":null,"Value":165},{"Length":9,"Height":19,"Demand":3,"DemandMax":null,"Value":171},{"Length":2,"Height":78,"Demand":3,"DemandMax":null,"Value":156},{"Length":1,"Height":131,"Demand":1,"DemandMax":null,"Value":131},{"Length":21,"Height":8,"Demand":7,"DemandMax":null,"Value":168},{"Length":72,"Height":2,"Demand":8,"DemandMax":null,"Value":144},{"Length":18,"Height":9,"Demand":3,"DemandMax":null,"Value":162},{"Length":17,"Height":10,"Demand":4,"DemandMax":null,"Value":170},{"Length":32,"Height":5,"Demand":6,"DemandMax":null,"Value":160},{"Length":15,"Height":11,"Demand":3,"DemandMax":null,"Value":165},{"Length":13,"Height":13,"Demand":10,"DemandMax":null,"Value":169},{"Length":23,"Height":7,"Demand":8,"DemandMax":null,"Value":161},{"Length":11,"Height":15,"Demand":6,"DemandMax":null,"Value":165},{"Length":52,"Height":3,"Demand":3,"DemandMax":null,"Value":156},{"Length":6,"Height":27,"Demand":6,"DemandMax":null,"Value":162},{"Length":50,"Height":3,"Demand":5,"DemandMax":null,"Value":150},{"Length":27,"Height":6,"Demand":3,"DemandMax":null,"Value":162},{"Length":12,"Height":14,"Demand":7,"DemandMax":null,"Value":168},{"Length":3,"Height":51,"Demand":4,"DemandMax":null,"Value":153},{"Length":39,"Height":4,"Demand":9,"DemandMax":null,"Value":156},{"Length":125,"Height":1,"Demand":2,"DemandMax":null,"Value":125},{"Length":6,"Height":28,"Demand":4,"DemandMax":null,"Value":168},{"Length":116,"Height":1,"Demand":2,"DemandMax":null,"Value":116},{"Length":7,"Height":23,"Demand":2,"DemandMax":null,"Value":161},{"Length":6,"Height":26,"Demand":6,"DemandMax":null,"Value":156},{"Length":3,"Height":49,"Demand":13,"DemandMax":null,"Value":147},{"Length":4,"Height":39,"Demand":4,"DemandMax":null,"Value":156},{"Length":40,"Height":4,"Demand":6,"DemandMax":null,"Value":160},{"Length":70,"Height":2,"Demand":20,"DemandMax":null,"Value":140},{"Length":16,"Height":10,"Demand":8,"DemandMax":null,"Value":160},{"Length":1,"Height":120,"Demand":2,"DemandMax":null,"Value":120},{"Length":51,"Height":3,"Demand":4,"DemandMax":null,"Value":153},{"Length":8,"Height":20,"Demand":8,"DemandMax":null,"Value":160},{"Length":5,"Height":31,"Demand":9,"DemandMax":null,"Value":155},{"Length":9,"Height":18,"Demand":7,"DemandMax":null,"Value":162},{"Length":4,"Height":38,"Demand":5,"DemandMax":null,"Value":152},{"Length":67,"Height":2,"Demand":15,"DemandMax":null,"Value":134},{"Length":7,"Height":22,"Demand":8,"DemandMax":null,"Value":154},{"Length":2,"Height":72,"Demand":2,"DemandMax":null,"Value":144},{"Length":120,"Height":1,"Demand":1,"DemandMax":null,"Value":120},{"Length":2,"Height":69,"Demand":10,"DemandMax":null,"Value":138},{"Length":3,"Height":53,"Demand":6,"DemandMax":null,"Value":159},{"Length":26,"Height":6,"Demand":8,"DemandMax":null,"Value":156},{"Length":2,"Height":68,"Demand":3,"DemandMax":null,"Value":136},{"Length":13,"Height":12,"Demand":7,"DemandMax":null,"Value":156},{"Length":123,"Height":1,"Demand":3,"DemandMax":null,"Value":123},{"Length":11,"Height":14,"Demand":13,"DemandMax":null,"Value":154},{"Length":38,"Height":4,"Demand":3,"DemandMax":null,"Value":152},{"Length":10,"Height":16,"Demand":6,"DemandMax":null,"Value":160},{"Length":30,"Height":5,"Demand":7,"DemandMax":null,"Value":150},{"Length":37,"Height":4,"Demand":6,"DemandMax":null,"Value":148},{"Length":49,"Height":3,"Demand":9,"DemandMax":null,"Value":147},{"Length":2,"Height":65,"Demand":21,"DemandMax":null,"Value":130},{"Length":9,"Height":17,"Demand":5,"DemandMax":null,"Value":153},{"Length":20,"Height":8,"Demand":5,"DemandMax":null,"Value":160},{"Length":2,"Height":67,"Demand":5,"DemandMax":null,"Value":134},{"Length":31,"Height":5,"Demand":8,"DemandMax":null,"Value":155},{"Length":22,"Height":7,"Demand":12,"DemandMax":null,"Value":154},{"Length":68,"Height":2,"Demand":4,"DemandMax":null,"Value":136},{"Length":29,"Height":5,"Demand":16,"DemandMax":null,"Value":145},{"Length":10,"Height":15,"Demand":14,"DemandMax":null,"Value":150},{"Length":78,"Height":2,"Demand":5,"DemandMax":null,"Value":156},{"Length":25,"Height":6,"Demand":8,"DemandMax":null,"Value":150},{"Length":21,"Height":7,"Demand":12,"DemandMax":null,"Value":147},{"Length":2,"Height":66,"Demand":7,"DemandMax":null,"Value":132},{"Length":19,"Height":8,"Demand":10,"DemandMax":null,"Value":152},{"Length":8,"Height":19,"Demand":10,"DemandMax":null,"Value":152},{"Length":5,"Height":29,"Demand":9,"DemandMax":null,"Value":145},{"Length":36,"Height":4,"Demand":10,"DemandMax":null,"Value":144},{"Length":4,"Height":36,"Demand":13,"DemandMax":null,"Value":144},{"Length":66,"Height":2,"Demand":14,"DemandMax":null,"Value":132},{"Length":109,"Height":1,"Demand":2,"DemandMax":null,"Value":109},{"Length":3,"Height":46,"Demand":10,"DemandMax":null,"Value":138},{"Length":14,"Height":11,"Demand":5,"DemandMax":null,"Value":154},{"Length":15,"Height":10,"Demand":10,"DemandMax":null,"Value":150},{"Length":48,"Height":3,"Demand":8,"DemandMax":null,"Value":144},{"Length":24,"Height":6,"Demand":10,"DemandMax":null,"Value":144},{"Length":7,"Height":21,"Demand":7,"DemandMax":null,"Value":147},{"Length":3,"Height":48,"Demand":6,"DemandMax":null,"Value":144},{"Length":122,"Height":1,"Demand":2,"DemandMax":null,"Value":122},{"Length":17,"Height":9,"Demand":3,"DemandMax":null,"Value":153},{"Length":63,"Height":2,"Demand":6,"DemandMax":null,"Value":126},{"Length":18,"Height":8,"Demand":9,"DemandMax":null,"Value":144},{"Length":11,"Height":13,"Demand":17,"DemandMax":null,"Value":143},{"Length":3,"Height":45,"Demand":16,"DemandMax":null,"Value":135},{"Length":9,"Height":16,"Demand":8,"DemandMax":null,"Value":144},{"Length":12,"Height":12,"Demand":12,"DemandMax":null,"Value":144},{"Length":6,"Height":24,"Demand":10,"DemandMax":null,"Value":144},{"Length":8,"Height":18,"Demand":15,"DemandMax":null,"Value":144},{"Length":12,"Height":13,"Demand":2,"DemandMax":null,"Value":156},{"Length":28,"Height":5,"Demand":15,"DemandMax":null,"Value":140},{"Length":44,"Height":3,"Demand":13,"DemandMax":null,"Value":132},{"Length":4,"Height":34,"Demand":14,"DemandMax":null,"Value":136},{"Length":16,"Height":9,"Demand":14,"DemandMax":null,"Value":144},{"Length":5,"Height":30,"Demand":9,"DemandMax":null,"Value":150},{"Length":4,"Height":35,"Demand":9,"DemandMax":null,"Value":140},{"Length":45,"Height":3,"Demand":11,"DemandMax":null,"Value":135},{"Length":102,"Height":1,"Demand":3,"DemandMax":null,"Value":102},{"Length":2,"Height":76,"Demand":8,"DemandMax":null,"Value":152},{"Length":3,"Height":44,"Demand":7,"DemandMax":null,"Value":132},{"Length":100,"Height":1,"Demand":3,"DemandMax":null,"Value":100},{"Length":7,"Height":20,"Demand":12,"DemandMax":null,"Value":140},{"Length":62,"Height":2,"Demand":18,"DemandMax":null,"Value":124},{"Length":23,"Height":6,"Demand":9,"DemandMax":null,"Value":138},{"Length":3,"Height":52,"Demand":3,"DemandMax":null,"Value":156},{"Length":6,"Height":25,"Demand":6,"DemandMax":null,"Value":150},{"Length":3,"Height":47,"Demand":9,"DemandMax":null,"Value":141},{"Length":10,"Height":14,"Demand":8,"DemandMax":null,"Value":140},{"Length":20,"Height":7,"Demand":9,"DemandMax":null,"Value":140},{"Length":71,"Height":2,"Demand":6,"DemandMax":null,"Value":142},{"Length":4,"Height":37,"Demand":1,"DemandMax":null,"Value":148},{"Length":2,"Height":70,"Demand":6,"DemandMax":null,"Value":140},{"Length":5,"Height":28,"Demand":17,"DemandMax":null,"Value":140},{"Length":105,"Height":1,"Demand":2,"DemandMax":null,"Value":105},{"Length":13,"Height":11,"Demand":8,"DemandMax":null,"Value":143},{"Length":2,"Height":61,"Demand":7,"DemandMax":null,"Value":122},{"Length":5,"Height":27,"Demand":15,"DemandMax":null,"Value":135},{"Length":6,"Height":23,"Demand":14,"DemandMax":null,"Value":138},{"Length":47,"Height":3,"Demand":6,"DemandMax":null,"Value":141},{"Length":14,"Height":10,"Demand":15,"DemandMax":null,"Value":140},{"Length":2,"Height":60,"Demand":4,"DemandMax":null,"Value":120},{"Length":5,"Height":32,"Demand":2,"DemandMax":null,"Value":160},{"Length":60,"Height":2,"Demand":7,"DemandMax":null,"Value":120},{"Length":107,"Height":1,"Demand":3,"DemandMax":null,"Value":107},{"Length":4,"Height":33,"Demand":10,"DemandMax":null,"Value":132},{"Length":99,"Height":1,"Demand":2,"DemandMax":null,"Value":99},{"Length":17,"Height":8,"Demand":20,"DemandMax":null,"Value":136},{"Length":106,"Height":1,"Demand":6,"DemandMax":null,"Value":106},{"Length":8,"Height":17,"Demand":17,"DemandMax":null,"Value":136},{"Length":4,"Height":32,"Demand":11,"DemandMax":null,"Value":128},{"Length":22,"Height":6,"Demand":14,"DemandMax":null,"Value":132},{"Length":33,"Height":4,"Demand":6,"DemandMax":null,"Value":132},{"Length":69,"Height":2,"Demand":3,"DemandMax":null,"Value":138},{"Length":97,"Height":1,"Demand":2,"DemandMax":null,"Value":97},{"Length":7,"Height":19,"Demand":13,"DemandMax":null,"Value":133},{"Length":2,"Height":62,"Demand":8,"DemandMax":null,"Value":124},{"Length":35,"Height":4,"Demand":5,"DemandMax":null,"Value":140},{"Length":42,"Height":3,"Demand":6,"DemandMax":null,"Value":126},{"Length":1,"Height":96,"Demand":1,"DemandMax":null,"Value":96},{"Length":2,"Height":59,"Demand":12,"DemandMax":null,"Value":118},{"Length":3,"Height":42,"Demand":14,"DemandMax":null,"Value":126},{"Length":41,"Height":3,"Demand":15,"DemandMax":null,"Value":123},{"Length":9,"Height":15,"Demand":22,"DemandMax":null,"Value":135},{"Length":34,"Height":4,"Demand":12,"DemandMax":null,"Value":136},{"Length":27,"Height":5,"Demand":19,"DemandMax":null,"Value":135},{"Length":26,"Height":5,"Demand":13,"DemandMax":null,"Value":130},{"Length":19,"Height":7,"Demand":19,"DemandMax":null,"Value":133},{"Length":43,"Height":3,"Demand":6,"DemandMax":null,"Value":129},{"Length":1,"Height":104,"Demand":4,"DemandMax":null,"Value":104},{"Length":59,"Height":2,"Demand":6,"DemandMax":null,"Value":118},{"Length":61,"Height":2,"Demand":2,"DemandMax":null,"Value":122},{"Length":2,"Height":64,"Demand":5,"DemandMax":null,"Value":128},{"Length":1,"Height":118,"Demand":2,"DemandMax":null,"Value":118},{"Length":32,"Height":4,"Demand":16,"DemandMax":null,"Value":128},{"Length":58,"Height":2,"Demand":9,"DemandMax":null,"Value":116},{"Length":31,"Height":4,"Demand":16,"DemandMax":null,"Value":124},{"Length":6,"Height":22,"Demand":13,"DemandMax":null,"Value":132},{"Length":11,"Height":12,"Demand":22,"DemandMax":null,"Value":132},{"Length":2,"Height":74,"Demand":1,"DemandMax":null,"Value":148},{"Length":104,"Height":1,"Demand":3,"DemandMax":null,"Value":104},{"Length":112,"Height":1,"Demand":4,"DemandMax":null,"Value":112},{"Length":4,"Height":31,"Demand":9,"DemandMax":null,"Value":124},{"Length":12,"Height":11,"Demand":17,"DemandMax":null,"Value":132},{"Length":10,"Height":13,"Demand":21,"DemandMax":null,"Value":130},{"Length":114,"Height":1,"Demand":3,"DemandMax":null,"Value":114},{"Length":16,"Height":8,"Demand":11,"DemandMax":null,"Value":128},{"Length":13,"Height":10,"Demand":19,"DemandMax":null,"Value":130},{"Length":5,"Height":25,"Demand":9,"DemandMax":null,"Value":125},{"Length":2,"Height":58,"Demand":2,"DemandMax":null,"Value":116},{"Length":5,"Height":26,"Demand":19,"DemandMax":null,"Value":130},{"Length":2,"Height":56,"Demand":6,"DemandMax":null,"Value":112},{"Length":25,"Height":5,"Demand":16,"DemandMax":null,"Value":125},{"Length":2,"Height":55,"Demand":6,"DemandMax":null,"Value":110},{"Length":8,"Height":16,"Demand":23,"DemandMax":null,"Value":128},{"Length":57,"Height":2,"Demand":9,"DemandMax":null,"Value":114},{"Length":91,"Height":1,"Demand":4,"DemandMax":null,"Value":91},{"Length":39,"Height":3,"Demand":20,"DemandMax":null,"Value":117},{"Length":81,"Height":2,"Demand":1,"DemandMax":null,"Value":162},{"Length":18,"Height":7,"Demand":11,"DemandMax":null,"Value":126},{"Length":40,"Height":3,"Demand":8,"DemandMax":null,"Value":120},{"Length":3,"Height":40,"Demand":8,"DemandMax":null,"Value":120},{"Length":110,"Height":1,"Demand":2,"DemandMax":null,"Value":110},{"Length":1,"Height":102,"Demand":1,"DemandMax":null,"Value":102},{"Length":4,"Height":30,"Demand":16,"DemandMax":null,"Value":120},{"Length":3,"Height":41,"Demand":4,"DemandMax":null,"Value":123},{"Length":73,"Height":2,"Demand":6,"DemandMax":null,"Value":146},{"Length":1,"Height":91,"Demand":4,"DemandMax":null,"Value":91},{"Length":3,"Height":43,"Demand":4,"DemandMax":null,"Value":129},{"Length":111,"Height":1,"Demand":1,"DemandMax":null,"Value":111},{"Length":54,"Height":2,"Demand":7,"DemandMax":null,"Value":108},{"Length":9,"Height":14,"Demand":15,"DemandMax":null,"Value":126},{"Length":21,"Height":6,"Demand":11,"DemandMax":null,"Value":126},{"Length":55,"Height":2,"Demand":7,"DemandMax":null,"Value":110},{"Length":98,"Height":1,"Demand":4,"DemandMax":null,"Value":98},{"Length":7,"Height":18,"Demand":16,"DemandMax":null,"Value":126},{"Length":6,"Height":21,"Demand":6,"DemandMax":null,"Value":126},{"Length":15,"Height":9,"Demand":11,"DemandMax":null,"Value":135},{"Length":1,"Height":107,"Demand":2,"DemandMax":null,"Value":107},{"Length":2,"Height":54,"Demand":6,"DemandMax":null,"Value":108},{"Length":89,"Height":1,"Demand":3,"DemandMax":null,"Value":89},{"Length":95,"Height":1,"Demand":2,"DemandMax":null,"Value":95},{"Length":53,"Height":2,"Demand":8,"DemandMax":null,"Value":106},{"Length":6,"Height":20,"Demand":9,"DemandMax":null,"Value":120},{"Length":1,"Height":90,"Demand":2,"DemandMax":null,"Value":90},{"Length":3,"Height":50,"Demand":2,"DemandMax":null,"Value":150},{"Length":38,"Height":3,"Demand":12,"DemandMax":null,"Value":114},{"Length":93,"Height":1,"Demand":5,"DemandMax":null,"Value":93},{"Length":2,"Height":63,"Demand":3,"DemandMax":null,"Value":126},{"Length":8,"Height":15,"Demand":12,"DemandMax":null,"Value":120},{"Length":56,"Height":2,"Demand":5,"DemandMax":null,"Value":112},{"Length":5,"Height":24,"Demand":13,"DemandMax":null,"Value":120},{"Length":29,"Height":4,"Demand":14,"DemandMax":null,"Value":116},{"Length":2,"Height":71,"Demand":3,"DemandMax":null,"Value":142},{"Length":12,"Height":10,"Demand":11,"DemandMax":null,"Value":120},{"Length":14,"Height":9,"Demand":11,"DemandMax":null,"Value":126},{"Length":1,"Height":105,"Demand":1,"DemandMax":null,"Value":105},{"Length":24,"Height":5,"Demand":20,"DemandMax":null,"Value":120},{"Length":46,"Height":3,"Demand":6,"DemandMax":null,"Value":138},{"Length":30,"Height":4,"Demand":3,"DemandMax":null,"Value":120},{"Length":90,"Height":1,"Demand":1,"DemandMax":null,"Value":90},{"Length":10,"Height":12,"Demand":12,"DemandMax":null,"Value":120},{"Length":37,"Height":3,"Demand":14,"DemandMax":null,"Value":111},{"Length":1,"Height":101,"Demand":2,"DemandMax":null,"Value":101},{"Length":11,"Height":11,"Demand":11,"DemandMax":null,"Value":121},{"Length":17,"Height":7,"Demand":9,"DemandMax":null,"Value":119},{"Length":20,"Height":6,"Demand":3,"DemandMax":null,"Value":120},{"Length":65,"Height":2,"Demand":6,"DemandMax":null,"Value":130},{"Length":52,"Height":2,"Demand":4,"DemandMax":null,"Value":104},{"Length":64,"Height":2,"Demand":6,"DemandMax":null,"Value":128},{"Length":3,"Height":38,"Demand":4,"DemandMax":null,"Value":114},{"Length":15,"Height":8,"Demand":7,"DemandMax":null,"Value":120},{"Length":3,"Height":37,"Demand":4,"DemandMax":null,"Value":111},{"Length":4,"Height":29,"Demand":8,"DemandMax":null,"Value":116},{"Length":1,"Height":89,"Demand":1,"DemandMax":null,"Value":89},{"Length":2,"Height":52,"Demand":5,"DemandMax":null,"Value":104},{"Length":108,"Height":1,"Demand":2,"DemandMax":null,"Value":108},{"Length":87,"Height":1,"Demand":2,"DemandMax":null,"Value":87},{"Length":7,"Height":17,"Demand":4,"DemandMax":null,"Value":119},{"Length":85,"Height":1,"Demand":1,"DemandMax":null,"Value":85},{"Length":50,"Height":2,"Demand":5,"DemandMax":null,"Value":100},{"Length":84,"Height":1,"Demand":1,"DemandMax":null,"Value":84},{"Length":51,"Height":2,"Demand":4,"DemandMax":null,"Value":102},{"Length":28,"Height":4,"Demand":8,"DemandMax":null,"Value":112},{"Length":1,"Height":85,"Demand":2,"DemandMax":null,"Value":85},{"Length":2,"Height":53,"Demand":4,"DemandMax":null,"Value":106},{"Length":3,"Height":36,"Demand":3,"DemandMax":null,"Value":108},{"Length":13,"Height":9,"Demand":11,"DemandMax":null,"Value":117},{"Length":36,"Height":3,"Demand":3,"DemandMax":null,"Value":108},{"Length":83,"Height":1,"Demand":1,"DemandMax":null,"Value":83},{"Length":4,"Height":28,"Demand":5,"DemandMax":null,"Value":112},{"Length":5,"Height":23,"Demand":5,"DemandMax":null,"Value":115},{"Length":35,"Height":3,"Demand":6,"DemandMax":null,"Value":105},{"Length":3,"Height":39,"Demand":4,"DemandMax":null,"Value":117},{"Length":16,"Height":7,"Demand":8,"DemandMax":null,"Value":112},{"Length":19,"Height":6,"Demand":12,"DemandMax":null,"Value":114},{"Length":14,"Height":8,"Demand":4,"DemandMax":null,"Value":112},{"Length":1,"Height":83,"Demand":3,"DemandMax":null,"Value":83},{"Length":22,"Height":5,"Demand":6,"DemandMax":null,"Value":110},{"Length":94,"Height":1,"Demand":2,"DemandMax":null,"Value":94},{"Length":34,"Height":3,"Demand":4,"DemandMax":null,"Value":102},{"Length":80,"Height":1,"Demand":2,"DemandMax":null,"Value":80},{"Length":26,"Height":4,"Demand":6,"DemandMax":null,"Value":104},{"Length":7,"Height":16,"Demand":9,"DemandMax":null,"Value":112},{"Length":5,"Height":22,"Demand":8,"DemandMax":null,"Value":110},{"Length":2,"Height":50,"Demand":4,"DemandMax":null,"Value":100},{"Length":8,"Height":14,"Demand":7,"DemandMax":null,"Value":112},{"Length":18,"Height":6,"Demand":11,"DemandMax":null,"Value":108},{"Length":10,"Height":11,"Demand":10,"DemandMax":null,"Value":110},{"Length":21,"Height":5,"Demand":10,"DemandMax":null,"Value":105},{"Length":2,"Height":49,"Demand":2,"DemandMax":null,"Value":98},{"Length":4,"Height":27,"Demand":8,"DemandMax":null,"Value":108},{"Length":88,"Height":1,"Demand":2,"DemandMax":null,"Value":88},{"Length":7,"Height":15,"Demand":8,"DemandMax":null,"Value":105},{"Length":4,"Height":26,"Demand":6,"DemandMax":null,"Value":104},{"Length":5,"Height":21,"Demand":4,"DemandMax":null,"Value":105},{"Length":12,"Height":9,"Demand":8,"DemandMax":null,"Value":108},{"Length":13,"Height":8,"Demand":8,"DemandMax":null,"Value":104},{"Length":2,"Height":48,"Demand":3,"DemandMax":null,"Value":96},{"Length":6,"Height":19,"Demand":6,"DemandMax":null,"Value":114},{"Length":79,"Height":1,"Demand":2,"DemandMax":null,"Value":79},{"Length":3,"Height":33,"Demand":3,"DemandMax":null,"Value":99},{"Length":1,"Height":93,"Demand":2,"DemandMax":null,"Value":93},{"Length":9,"Height":13,"Demand":2,"DemandMax":null,"Value":117},{"Length":27,"Height":4,"Demand":3,"DemandMax":null,"Value":108},{"Length":6,"Height":18,"Demand":6,"DemandMax":null,"Value":108},{"Length":9,"Height":12,"Demand":11,"DemandMax":null,"Value":108},{"Length":1,"Height":77,"Demand":1,"DemandMax":null,"Value":77},{"Length":1,"Height":88,"Demand":3,"DemandMax":null,"Value":88},{"Length":11,"Height":10,"Demand":11,"DemandMax":null,"Value":110},{"Length":45,"Height":2,"Demand":3,"DemandMax":null,"Value":90},{"Length":2,"Height":46,"Demand":2,"DemandMax":null,"Value":92},{"Length":4,"Height":25,"Demand":2,"DemandMax":null,"Value":100},{"Length":5,"Height":20,"Demand":4,"DemandMax":null,"Value":100},{"Length":20,"Height":5,"Demand":3,"DemandMax":null,"Value":100},{"Length":32,"Height":3,"Demand":3,"DemandMax":null,"Value":96},{"Length":25,"Height":4,"Demand":3,"DemandMax":null,"Value":100},{"Length":2,"Height":47,"Demand":1,"DemandMax":null,"Value":94},{"Length":15,"Height":7,"Demand":3,"DemandMax":null,"Value":105},{"Length":8,"Height":13,"Demand":3,"DemandMax":null,"Value":104},{"Length":23,"Height":5,"Demand":1,"DemandMax":null,"Value":115},{"Length":2,"Height":45,"Demand":1,"DemandMax":null,"Value":90},{"Length":74,"Height":1,"Demand":2,"DemandMax":null,"Value":74},{"Length":2,"Height":51,"Demand":1,"DemandMax":null,"Value":102},{"Length":1,"Height":80,"Demand":1,"DemandMax":null,"Value":80},{"Length":44,"Height":2,"Demand":4,"DemandMax":null,"Value":88},{"Length":73,"Height":1,"Demand":2,"DemandMax":null,"Value":73},{"Length":17,"Height":6,"Demand":1,"DemandMax":null,"Value":102},{"Length":7,"Height":14,"Demand":2,"DemandMax":null,"Value":98},{"Length":2,"Height":43,"Demand":2,"DemandMax":null,"Value":86},{"Length":4,"Height":24,"Demand":1,"DemandMax":null,"Value":96},{"Length":24,"Height":4,"Demand":2,"DemandMax":null,"Value":96},{"Length":14,"Height":7,"Demand":2,"DemandMax":null,"Value":98},{"Length":96,"Height":1,"Demand":1,"DemandMax":null,"Value":96},{"Length":31,"Height":3,"Demand":1,"DemandMax":null,"Value":93}]}