{"Name":"path2","Objects":[{"Length":1000,"Height":1000,"Stock":null,"Cost":1000000}],"Items":[{"Length":500,"Height":419,"Demand":1,"DemandMax":null,"Value":209500},{"Length":118,"Height":808,"Demand":1,"DemandMax":null,"Value":95344},{"Length":500,"Height":180,"Demand":1,"DemandMax":null,"Value":90000},{"Length":157,"Height":550,"Demand":1,"DemandMax":null,"Value":86350},{"Length":95,"Height":808,"Demand":1,"DemandMax":null,"Value":76760},{"Length":500,"Height":118,"Demand":1,"DemandMax":null,"Value":59000},{"Length":157,"Height":234,"Demand":1,"DemandMax":null,"Value":36738},{"Length":43,"Height":808,"Demand":1,"DemandMax":null,"Value":34744},{"Length":380,"Height":65,"Demand":1,"DemandMax":null,"Value":24700},{"Length":316,"Height":75,"Demand":1,"DemandMax":null,"Value":23700},{"Length":400,"Height":57,"Demand":1,"DemandMax":null,"Value":22800},{"Length":30,"Height":717,"Demand":1,"DemandMax":null,"Value":21510},{"Length":318,"Height":65,"Demand":1,"DemandMax":null,"Value":20670},{"Length":271,"Height":49,"Demand":1,"DemandMax":null,"Value":13279},{"Length":193,"Height":65,"Demand":1,"DemandMax":null,"Value":12545},{"Length":487,"Height":23,"Demand":1,"DemandMax":null,"Value":11201},{"Length":487,"Height":16,"Demand":1,"DemandMax":null,"Value":7792},{"Length":95,"Height":75,"Demand":1,"DemandMax":null,"Value":7125},{"Length":109,"Height":65,"Demand":1,"DemandMax":null,"Value":7085},{"Length":90,"Height":75,"Demand":1,"DemandMax":null,"Value":6750},{"Length":9,"Height":717,"Demand":1,"DemandMax":null,"Value":6453},{"Length":104,"Height":64,"Demand":1,"DemandMax":null,"Value":6656},{"Length":487,"Height":13,"Demand":1,"DemandMax":null,"Value":6331},{"Length":233,"Height":25,"Demand":1,"DemandMax":null,"Value":5825},{"Length":20,"Height":287,"Demand":1,"DemandMax":null,"Value":5740},{"Length":487,"Height":12,"Demand":1,"DemandMax":null,"Value":5844},{"Length":100,"Height":53,"Demand":1,"DemandMax":null,"Value":5300},{"Length":7,"Height":717,"Demand":1,"DemandMax":null,"Value":5019},{"Length":11,"Height":451,"Demand":1,"DemandMax":null,"Value":4961},{"Length":100,"Height":48,"Demand":1,"DemandMax":null,"Value":4800},{"Length":9,"Height":496,"Demand":1,"DemandMax":null,"Value":4464},{"Length":57,"Height":75,"Demand":1,"DemandMax":null,"Value":4275},{"Length":100,"Height":43,"Demand":1,"DemandMax":null,"Value":4300},{"Length":413,"Height":10,"Demand":1,"DemandMax":null,"Value":4130},{"Length":20,"Height":209,"Demand":1,"DemandMax":null,"Value":4180},{"Length":271,"Height":15,"Demand":1,"DemandMax":null,"Value":4065},{"Length":99,"Height":42,"Demand":1,"DemandMax":null,"Value":4158},{"Length":210,"Height":18,"Demand":1,"DemandMax":null,"Value":3780},{"Length":233,"Height":16,"Demand":1,"DemandMax":null,"Value":3728},{"Length":487,"Height":8,"Demand":2,"DemandMax":null,"Value":3896},{"Length":157,"Height":24,"Demand":1,"DemandMax":null,"Value":3768},{"Length":112,"Height":32,"Demand":1,"DemandMax":null,"Value":3584},{"Length":112,"Height":31,"Demand":1,"DemandMax":null,"Value":3472},{"Length":190,"Height":18,"Demand":1,"DemandMax":null,"Value":3420},{"Length":15,"Height":221,"Demand":1,"DemandMax":null,"Value":3315},{"Length":81,"Height":42,"Demand":1,"DemandMax":null,"Value":3402},{"Length":42,"Height":75,"Demand":1,"DemandMax":null,"Value":3150},{"Length":14,"Height":221,"Demand":1,"DemandMax":null,"Value":3094},{"Length":11,"Height":266,"Demand":1,"DemandMax":null,"Value":2926}]}