{"Name":"nice5","Objects":[{"Length":1000,"Height":1000,"Stock":null,"Cost":1000000}],"Items":[{"Length":112,"Height":59,"Demand":1,"DemandMax":null,"Value":6608},{"Length":80,"Height":79,"Demand":1,"DemandMax":null,"Value":6320},{"Length":62,"Height":102,"Demand":1,"DemandMax":null,"Value":6324},{"Length":53,"Height":109,"Demand":1,"DemandMax":null,"Value":5777},{"Length":50,"Height":116,"Demand":1,"DemandMax":null,"Value":5800},{"Length":47,"Height":111,"Demand":1,"DemandMax":null,"Value":5217},{"Length":62,"Height":79,"Demand":1,"DemandMax":null,"Value":4898},{"Length":66,"Height":73,"Demand":1,"DemandMax":null,"Value":4818},{"Length":35,"Height":137,"Demand":1,"DemandMax":null,"Value":4795},{"Length":45,"Height":102,"Demand":1,"DemandMax":null,"Value":4590},{"Length":59,"Height":77,"Demand":1,"DemandMax":null,"Value":4543},{"Length":104,"Height":43,"Demand":1,"DemandMax":null,"Value":4472},{"Length":56,"Height":79,"Demand":1,"DemandMax":null,"Value":4424},{"Length":67,"Height":64,"Demand":1,"DemandMax":null,"Value":4288},{"Length":57,"Height":75,"Demand":1,"DemandMax":null,"Value":4275},{"Length":112,"Height":38,"Demand":1,"DemandMax":null,"Value":4256},{"Length":39,"Height":111,"Demand":1,"DemandMax":null,"Value":4329},{"Length":62,"Height":66,"Demand":1,"DemandMax":null,"Value":4092},{"Length":56,"Height":73,"Demand":1,"DemandMax":null,"Value":4088},{"Length":76,"Height":52,"Demand":1,"DemandMax":null,"Value":3952},{"Length":47,"Height":82,"Demand":1,"DemandMax":null,"Value":3854},{"Length":49,"Height":79,"Demand":1,"DemandMax":null,"Value":3871},{"Length":52,"Height":72,"Demand":1,"DemandMax":null,"Value":3744},{"Length":43,"Height":86,"Demand":1,"DemandMax":null,"Value":3698},{"Length":117,"Height":31,"Demand":1,"DemandMax":null,"Value":3627},{"Length":61,"Height":59,"Demand":1,"DemandMax":null,"Value":3599},{"Length":64,"Height":55,"Demand":1,"DemandMax":null,"Value":3520},{"Length":61,"Height":57,"Demand":1,"DemandMax":null,"Value":3477},{"Length":81,"Height":43,"Demand":1,"DemandMax":null,"Value":3483},{"Length":117,"Height":30,"Demand":1,"DemandMax":null,"Value":3510},{"Length":56,"Height":62,"Demand":2,"DemandMax":null,"Value":3472},{"Length":32,"Height":107,"Demand":1,"DemandMax":null,"Value":3424},{"Length":31,"Height":111,"Demand":1,"DemandMax":null,"Value":3441},{"Length":96,"Height":36,"Demand":1,"DemandMax":null,"Value":3456},{"Length":41,"Height":85,"Demand":1,"DemandMax":null,"Value":3485},{"Length":82,"Height":42,"Demand":1,"DemandMax":null,"Value":3444},{"Length":62,"Height":55,"Demand":1,"DemandMax":null,"Value":3410},{"Length":59,"Height":59,"Demand":1,"DemandMax":null,"Value":3481},{"Length":75,"Height":46,"Demand":1,"DemandMax":null,"Value":3450},{"Length":66,"Height":52,"Demand":2,"DemandMax":null,"Value":3432},{"Length":40,"Height":85,"Demand":1,"DemandMax":null,"Value":3400},{"Length":36,"Height":93,"Demand":1,"DemandMax":null,"Value":3348},{"Length":30,"Height":111,"Demand":1,"DemandMax":null,"Value":3330},{"Length":59,"Height":57,"Demand":1,"DemandMax":null,"Value":3363},{"Length":58,"Height":58,"Demand":1,"DemandMax":null,"Value":3364},{"Length":60,"Height":55,"Demand":1,"DemandMax":null,"Value":3300},{"Length":66,"Height":51,"Demand":1,"DemandMax":null,"Value":3366},{"Length":54,"Height":62,"Demand":1,"DemandMax":null,"Value":3348},{"Length":32,"Height":103,"Demand":1,"DemandMax":null,"Value":3296},{"Length":42,"Height":79,"Demand":1,"DemandMax":null,"Value":3318},{"Length":45,"Height":74,"Demand":1,"DemandMax":null,"Value":3330},{"Length":44,"Height":75,"Demand":1,"DemandMax":null,"Value":3300},{"Length":55,"Height":59,"Demand":1,"DemandMax":null,"Value":3245},{"Length":62,"Height":52,"Demand":1,"DemandMax":null,"Value":3224},{"Length":76,"Height":42,"Demand":1,"DemandMax":null,"Value":3192},{"Length":49,"Height":65,"Demand":1,"DemandMax":null,"Value":3185},{"Length":64,"Height":49,"Demand":1,"DemandMax":null,"Value":3136},{"Length":34,"Height":91,"Demand":1,"DemandMax":null,"Value":3094},{"Length":33,"Height":95,"Demand":1,"DemandMax":null,"Value":3135},{"Length":40,"Height":78,"Demand":1,"DemandMax":null,"Value":3120},{"Length":38,"Height":81,"Demand":1,"DemandMax":null,"Value":3078},{"Length":95,"Height":33,"Demand":1,"DemandMax":null,"Value":3135},{"Length":44,"Height":71,"Demand":1,"DemandMax":null,"Value":3124},{"Length":49,"Height":62,"Demand":1,"DemandMax":null,"Value":3038},{"Length":58,"Height":52,"Demand":1,"DemandMax":null,"Value":3016},{"Length":64,"Height":48,"Demand":1,"DemandMax":null,"Value":3072},{"Length":29,"Height":102,"Demand":1,"DemandMax":null,"Value":2958},{"Length":95,"Height":32,"Demand":1,"DemandMax":null,"Value":3040},{"Length":37,"Height":81,"Demand":1,"DemandMax":null,"Value":2997},{"Length":67,"Height":45,"Demand":1,"DemandMax":null,"Value":3015},{"Length":43,"Height":69,"Demand":1,"DemandMax":null,"Value":2967},{"Length":57,"Height":52,"Demand":1,"DemandMax":null,"Value":2964},{"Length":36,"Height":82,"Demand":1,"DemandMax":null,"Value":2952},{"Length":42,"Height":70,"Demand":1,"DemandMax":null,"Value":2940},{"Length":42,"Height":69,"Demand":1,"DemandMax":null,"Value":2898},{"Length":38,"Height":75,"Demand":1,"DemandMax":null,"Value":2850},{"Length":61,"Height":47,"Demand":1,"DemandMax":null,"Value":2867},{"Length":35,"Height":81,"Demand":1,"DemandMax":null,"Value":2835},{"Length":44,"Height":64,"Demand":1,"DemandMax":null,"Value":2816},{"Length":54,"Height":52,"Demand":1,"DemandMax":null,"Value":2808},{"Length":65,"Height":43,"Demand":1,"DemandMax":null,"Value":2795},{"Length":56,"Height":50,"Demand":1,"DemandMax":null,"Value":2800},{"Length":84,"Height":33,"Demand":1,"DemandMax":null,"Value":2772},{"Length":35,"Height":78,"Demand":2,"DemandMax":null,"Value":2730},{"Length":61,"Height":45,"Demand":1,"DemandMax":null,"Value":2745},{"Length":35,"Height":76,"Demand":1,"DemandMax":null,"Value":2660},{"Length":34,"Height":79,"Demand":1,"DemandMax":null,"Value":2686},{"Length":48,"Height":55,"Demand":1,"DemandMax":null,"Value":2640},{"Length":26,"Height":102,"Demand":2,"DemandMax":null,"Value":2652},{"Length":41,"Height":64,"Demand":1,"DemandMax":null,"Value":2624},{"Length":51,"Height":51,"Demand":1,"DemandMax":null,"Value":2601},{"Length":32,"Height":81,"Demand":1,"DemandMax":null,"Value":2592},{"Length":50,"Height":52,"Demand":1,"DemandMax":null,"Value":2600},{"Length":40,"Height":64,"Demand":1,"DemandMax":null,"Value":2560},{"Length":56,"Height":46,"Demand":1,"DemandMax":null,"Value":2576},{"Length":57,"Height":45,"Demand":1,"DemandMax":null,"Value":2565},{"Length":41,"Height":63,"Demand":1,"DemandMax":null,"Value":2583},{"Length":32,"Height":79,"Demand":1,"DemandMax":null,"Value":2528},{"Length":46,"Height":54,"Demand":1,"DemandMax":null,"Value":2484},{"Length":30,"Height":85,"Demand":1,"DemandMax":null,"Value":2550},{"Length":79,"Height":32,"Demand":1,"DemandMax":null,"Value":2528},{"Length":41,"Height":62,"Demand":1,"DemandMax":null,"Value":2542},{"Length":45,"Height":55,"Demand":1,"DemandMax":null,"Value":2475},{"Length":63,"Height":39,"Demand":2,"DemandMax":null,"Value":2457},{"Length":79,"Height":31,"Demand":1,"DemandMax":null,"Value":2449},{"Length":66,"Height":37,"Demand":1,"DemandMax":null,"Value":2442},{"Length":34,"Height":73,"Demand":1,"DemandMax":null,"Value":2482},{"Length":50,"Height":49,"Demand":1,"DemandMax":null,"Value":2450},{"Length":58,"Height":42,"Demand":1,"DemandMax":null,"Value":2436},{"Length":42,"Height":57,"Demand":1,"DemandMax":null,"Value":2394},{"Length":28,"Height":84,"Demand":1,"DemandMax":null,"Value":2352},{"Length":72,"Height":33,"Demand":1,"DemandMax":null,"Value":2376},{"Length":65,"Height":37,"Demand":1,"DemandMax":null,"Value":2405},{"Length":45,"Height":52,"Demand":1,"DemandMax":null,"Value":2340},{"Length":42,"Height":56,"Demand":1,"DemandMax":null,"Value":2352},{"Length":36,"Height":66,"Demand":1,"DemandMax":null,"Value":2376},{"Length":66,"Height":36,"Demand":1,"DemandMax":null,"Value":2376},{"Length":46,"Height":51,"Demand":1,"DemandMax":null,"Value":2346},{"Length":39,"Height":59,"Demand":1,"DemandMax":null,"Value":2301},{"Length":35,"Height":65,"Demand":1,"DemandMax":null,"Value":2275},{"Length":60,"Height":38,"Demand":1,"DemandMax":null,"Value":2280},{"Length":35,"Height":67,"Demand":1,"DemandMax":null,"Value":2345},{"Length":27,"Height":84,"Demand":1,"DemandMax":null,"Value":2268},{"Length":52,"Height":44,"Demand":1,"DemandMax":null,"Value":2288},{"Length":42,"Height":54,"Demand":1,"DemandMax":null,"Value":2268},{"Length":30,"Height":75,"Demand":1,"DemandMax":null,"Value":2250},{"Length":56,"Height":41,"Demand":1,"DemandMax":null,"Value":2296},{"Length":35,"Height":64,"Demand":1,"DemandMax":null,"Value":2240},{"Length":66,"Height":34,"Demand":1,"DemandMax":null,"Value":2244},{"Length":31,"Height":73,"Demand":1,"DemandMax":null,"Value":2263},{"Length":51,"Height":44,"Demand":1,"DemandMax":null,"Value":2244},{"Length":47,"Height":47,"Demand":1,"DemandMax":null,"Value":2209},{"Length":33,"Height":67,"Demand":1,"DemandMax":null,"Value":2211},{"Length":56,"Height":39,"Demand":1,"DemandMax":null,"Value":2184},{"Length":68,"Height":32,"Demand":2,"DemandMax":null,"Value":2176},{"Length":36,"Height":60,"Demand":1,"DemandMax":null,"Value":2160},{"Length":34,"Height":64,"Demand":1,"DemandMax":null,"Value":2176},{"Length":59,"Height":37,"Demand":1,"DemandMax":null,"Value":2183},{"Length":46,"Height":46,"Demand":1,"DemandMax":null,"Value":2116},{"Length":46,"Height":47,"Demand":1,"DemandMax":null,"Value":2162},{"Length":34,"Height":63,"Demand":1,"DemandMax":null,"Value":2142},{"Length":43,"Height":49,"Demand":1,"DemandMax":null,"Value":2107},{"Length":64,"Height":33,"Demand":1,"DemandMax":null,"Value":2112},{"Length":41,"Height":52,"Demand":1,"DemandMax":null,"Value":2132},{"Length":79,"Height":27,"Demand":1,"DemandMax":null,"Value":2133},{"Length":56,"Height":38,"Demand":1,"DemandMax":null,"Value":2128},{"Length":42,"Height":50,"Demand":1,"DemandMax":null,"Value":2100},{"Length":27,"Height":79,"Demand":1,"DemandMax":null,"Value":2133},{"Length":51,"Height":41,"Demand":1,"DemandMax":null,"Value":2091},{"Length":52,"Height":40,"Demand":1,"DemandMax":null,"Value":2080},{"Length":61,"Height":35,"Demand":1,"DemandMax":null,"Value":2135},{"Length":55,"Height":38,"Demand":1,"DemandMax":null,"Value":2090},{"Length":56,"Height":37,"Demand":1,"DemandMax":null,"Value":2072},{"Length":34,"Height":62,"Demand":1,"DemandMax":null,"Value":2108},{"Length":37,"Height":57,"Demand":1,"DemandMax":null,"Value":2109},{"Length":31,"Height":67,"Demand":1,"DemandMax":null,"Value":2077},{"Length":44,"Height":48,"Demand":1,"DemandMax":null,"Value":2112},{"Length":58,"Height":35,"Demand":1,"DemandMax":null,"Value":2030},{"Length":26,"Height":79,"Demand":1,"DemandMax":null,"Value":2054},{"Length":37,"Height":55,"Demand":1,"DemandMax":null,"Value":2035},{"Length":46,"Height":45,"Demand":1,"DemandMax":null,"Value":2070},{"Length":62,"Height":33,"Demand":1,"DemandMax":null,"Value":2046},{"Length":57,"Height":36,"Demand":2,"DemandMax":null,"Value":2052},{"Length":47,"Height":43,"Demand":1,"DemandMax":null,"Value":2021},{"Length":64,"Height":32,"Demand":2,"DemandMax":null,"Value":2048},{"Length":31,"Height":65,"Demand":3,"DemandMax":null,"Value":2015},{"Length":27,"Height":76,"Demand":1,"DemandMax":null,"Value":2052},{"Length":74,"Height":27,"Demand":2,"DemandMax":null,"Value":1998},{"Length":50,"Height":41,"Demand":1,"DemandMax":null,"Value":2050},{"Length":39,"Height":52,"Demand":1,"DemandMax":null,"Value":2028},{"Length":39,"Height":51,"Demand":2,"DemandMax":null,"Value":1989},{"Length":66,"Height":31,"Demand":1,"DemandMax":null,"Value":2046},{"Length":57,"Height":35,"Demand":2,"DemandMax":null,"Value":1995},{"Length":24,"Height":84,"Demand":1,"DemandMax":null,"Value":2016},{"Length":67,"Height":29,"Demand":1,"DemandMax":null,"Value":1943},{"Length":26,"Height":75,"Demand":1,"DemandMax":null,"Value":1950},{"Length":60,"Height":33,"Demand":1,"DemandMax":null,"Value":1980},{"Length":37,"Height":54,"Demand":1,"DemandMax":null,"Value":1998},{"Length":57,"Height":34,"Demand":2,"DemandMax":null,"Value":1938},{"Length":35,"Height":56,"Demand":1,"DemandMax":null,"Value":1960},{"Length":50,"Height":39,"Demand":1,"DemandMax":null,"Value":1950},{"Length":31,"Height":62,"Demand":2,"DemandMax":null,"Value":1922},{"Length":32,"Height":62,"Demand":1,"DemandMax":null,"Value":1984},{"Length":32,"Height":60,"Demand":1,"DemandMax":null,"Value":1920},{"Length":37,"Height":53,"Demand":1,"DemandMax":null,"Value":1961},{"Length":30,"Height":64,"Demand":2,"DemandMax":null,"Value":1920},{"Length":38,"Height":51,"Demand":1,"DemandMax":null,"Value":1938},{"Length":24,"Height":82,"Demand":1,"DemandMax":null,"Value":1968},{"Length":35,"Height":55,"Demand":1,"DemandMax":null,"Value":1925},{"Length":25,"Height":75,"Demand":1,"DemandMax":null,"Value":1875},{"Length":35,"Height":54,"Demand":1,"DemandMax":null,"Value":1890},{"Length":39,"Height":48,"Demand":1,"DemandMax":null,"Value":1872},{"Length":50,"Height":38,"Demand":1,"DemandMax":null,"Value":1900},{"Length":45,"Height":42,"Demand":1,"DemandMax":null,"Value":1890},{"Length":29,"Height":66,"Demand":2,"DemandMax":null,"Value":1914},{"Length":37,"Height":51,"Demand":3,"DemandMax":null,"Value":1887},{"Length":67,"Height":28,"Demand":1,"DemandMax":null,"Value":1876},{"Length":34,"Height":55,"Demand":4,"DemandMax":null,"Value":1870},{"Length":57,"Height":33,"Demand":1,"DemandMax":null,"Value":1881},{"Length":32,"Height":59,"Demand":2,"DemandMax":null,"Value":1888},{"Length":59,"Height":32,"Demand":2,"DemandMax":null,"Value":1888},{"Length":56,"Height":34,"Demand":1,"DemandMax":null,"Value":1904},{"Length":24,"Height":79,"Demand":1,"DemandMax":null,"Value":1896},{"Length":46,"Height":41,"Demand":1,"DemandMax":null,"Value":1886},{"Length":66,"Height":28,"Demand":1,"DemandMax":null,"Value":1848},{"Length":38,"Height":50,"Demand":1,"DemandMax":null,"Value":1900},{"Length":40,"Height":47,"Demand":1,"DemandMax":null,"Value":1880},{"Length":65,"Height":29,"Demand":1,"DemandMax":null,"Value":1885},{"Length":29,"Height":65,"Demand":1,"DemandMax":null,"Value":1885},{"Length":22,"Height":84,"Demand":1,"DemandMax":null,"Value":1848},{"Length":84,"Height":22,"Demand":2,"DemandMax":null,"Value":1848},{"Length":74,"Height":25,"Demand":1,"DemandMax":null,"Value":1850},{"Length":31,"Height":60,"Demand":2,"DemandMax":null,"Value":1860},{"Length":47,"Height":39,"Demand":2,"DemandMax":null,"Value":1833},{"Length":75,"Height":25,"Demand":1,"DemandMax":null,"Value":1875},{"Length":66,"Height":29,"Demand":1,"DemandMax":null,"Value":1914},{"Length":39,"Height":47,"Demand":1,"DemandMax":null,"Value":1833},{"Length":36,"Height":52,"Demand":3,"DemandMax":null,"Value":1872},{"Length":37,"Height":50,"Demand":3,"DemandMax":null,"Value":1850},{"Length":53,"Height":35,"Demand":3,"DemandMax":null,"Value":1855},{"Length":36,"Height":51,"Demand":1,"DemandMax":null,"Value":1836},{"Length":42,"Height":44,"Demand":1,"DemandMax":null,"Value":1848},{"Length":44,"Height":42,"Demand":1,"DemandMax":null,"Value":1848},{"Length":38,"Height":49,"Demand":1,"DemandMax":null,"Value":1862},{"Length":33,"Height":57,"Demand":1,"DemandMax":null,"Value":1881},{"Length":46,"Height":40,"Demand":2,"DemandMax":null,"Value":1840},{"Length":33,"Height":56,"Demand":1,"DemandMax":null,"Value":1848},{"Length":52,"Height":35,"Demand":1,"DemandMax":null,"Value":1820},{"Length":30,"Height":62,"Demand":1,"DemandMax":null,"Value":1860},{"Length":34,"Height":54,"Demand":1,"DemandMax":null,"Value":1836},{"Length":28,"Height":66,"Demand":1,"DemandMax":null,"Value":1848},{"Length":63,"Height":29,"Demand":2,"DemandMax":null,"Value":1827},{"Length":32,"Height":57,"Demand":2,"DemandMax":null,"Value":1824},{"Length":33,"Height":55,"Demand":3,"DemandMax":null,"Value":1815},{"Length":29,"Height":62,"Demand":2,"DemandMax":null,"Value":1798},{"Length":82,"Height":22,"Demand":2,"DemandMax":null,"Value":1804},{"Length":51,"Height":36,"Demand":2,"DemandMax":null,"Value":1836},{"Length":23,"Height":79,"Demand":1,"DemandMax":null,"Value":1817},{"Length":27,"Height":67,"Demand":1,"DemandMax":null,"Value":1809},{"Length":37,"Height":49,"Demand":3,"DemandMax":null,"Value":1813},{"Length":24,"Height":75,"Demand":2,"DemandMax":null,"Value":1800},{"Length":59,"Height":31,"Demand":1,"DemandMax":null,"Value":1829},{"Length":67,"Height":27,"Demand":1,"DemandMax":null,"Value":1809},{"Length":41,"Height":44,"Demand":2,"DemandMax":null,"Value":1804},{"Length":74,"Height":24,"Demand":2,"DemandMax":null,"Value":1776},{"Length":28,"Height":65,"Demand":1,"DemandMax":null,"Value":1820},{"Length":55,"Height":33,"Demand":2,"DemandMax":null,"Value":1815},{"Length":60,"Height":30,"Demand":2,"DemandMax":null,"Value":1800},{"Length":84,"Height":21,"Demand":1,"DemandMax":null,"Value":1764},{"Length":30,"Height":60,"Demand":3,"DemandMax":null,"Value":1800},{"Length":66,"Height":27,"Demand":1,"DemandMax":null,"Value":1782},{"Length":35,"Height":52,"Demand":1,"DemandMax":null,"Value":1820},{"Length":35,"Height":51,"Demand":2,"DemandMax":null,"Value":1785},{"Length":39,"Height":45,"Demand":1,"DemandMax":null,"Value":1755},{"Length":23,"Height":78,"Demand":1,"DemandMax":null,"Value":1794},{"Length":48,"Height":37,"Demand":2,"DemandMax":null,"Value":1776},{"Length":36,"Height":49,"Demand":2,"DemandMax":null,"Value":1764},{"Length":30,"Height":59,"Demand":1,"DemandMax":null,"Value":1770},{"Length":54,"Height":33,"Demand":1,"DemandMax":null,"Value":1782},{"Length":56,"Height":32,"Demand":2,"DemandMax":null,"Value":1792},{"Length":32,"Height":55,"Demand":2,"DemandMax":null,"Value":1760},{"Length":22,"Height":79,"Demand":1,"DemandMax":null,"Value":1738},{"Length":34,"Height":52,"Demand":1,"DemandMax":null,"Value":1768},{"Length":55,"Height":32,"Demand":1,"DemandMax":null,"Value":1760},{"Length":41,"Height":43,"Demand":1,"DemandMax":null,"Value":1763},{"Length":58,"Height":31,"Demand":1,"DemandMax":null,"Value":1798},{"Length":40,"Height":44,"Demand":1,"DemandMax":null,"Value":1760},{"Length":65,"Height":27,"Demand":1,"DemandMax":null,"Value":1755},{"Length":60,"Height":29,"Demand":2,"DemandMax":null,"Value":1740},{"Length":49,"Height":35,"Demand":1,"DemandMax":null,"Value":1715},{"Length":31,"Height":56,"Demand":1,"DemandMax":null,"Value":1736},{"Length":38,"Height":45,"Demand":1,"DemandMax":null,"Value":1710},{"Length":33,"Height":51,"Demand":2,"DemandMax":null,"Value":1683},{"Length":36,"Height":47,"Demand":1,"DemandMax":null,"Value":1692},{"Length":48,"Height":34,"Demand":1,"DemandMax":null,"Value":1632},{"Length":21,"Height":78,"Demand":1,"DemandMax":null,"Value":1638},{"Length":60,"Height":27,"Demand":1,"DemandMax":null,"Value":1620},{"Length":52,"Height":31,"Demand":1,"DemandMax":null,"Value":1612},{"Length":36,"Height":43,"Demand":1,"DemandMax":null,"Value":1548},{"Length":49,"Height":32,"Demand":1,"DemandMax":null,"Value":1568},{"Length":21,"Height":75,"Demand":1,"DemandMax":null,"Value":1575},{"Length":26,"Height":58,"Demand":1,"DemandMax":null,"Value":1508},{"Length":32,"Height":48,"Demand":1,"DemandMax":null,"Value":1536},{"Length":52,"Height":29,"Demand":1,"DemandMax":null,"Value":1508},{"Length":67,"Height":22,"Demand":1,"DemandMax":null,"Value":1474},{"Length":33,"Height":46,"Demand":1,"DemandMax":null,"Value":1518},{"Length":49,"Height":30,"Demand":1,"DemandMax":null,"Value":1470},{"Length":20,"Height":75,"Demand":1,"DemandMax":null,"Value":1500},{"Length":25,"Height":60,"Demand":1,"DemandMax":null,"Value":1500},{"Length":43,"Height":33,"Demand":1,"DemandMax":null,"Value":1419},{"Length":22,"Height":65,"Demand":1,"DemandMax":null,"Value":1430},{"Length":65,"Height":22,"Demand":1,"DemandMax":null,"Value":1430},{"Length":37,"Height":38,"Demand":1,"DemandMax":null,"Value":1406},{"Length":67,"Height":21,"Demand":1,"DemandMax":null,"Value":1407},{"Length":28,"Height":50,"Demand":1,"DemandMax":null,"Value":1400},{"Length":51,"Height":27,"Demand":1,"DemandMax":null,"Value":1377},{"Length":31,"Height":44,"Demand":1,"DemandMax":null,"Value":1364},{"Length":64,"Height":21,"Demand":1,"DemandMax":null,"Value":1344},{"Length":44,"Height":31,"Demand":1,"DemandMax":null,"Value":1364},{"Length":33,"Height":41,"Demand":1,"DemandMax":null,"Value":1353},{"Length":42,"Height":32,"Demand":1,"DemandMax":null,"Value":1344},{"Length":28,"Height":48,"Demand":1,"DemandMax":null,"Value":1344},{"Length":52,"Height":26,"Demand":1,"DemandMax":null,"Value":1352},{"Length":64,"Height":20,"Demand":1,"DemandMax":null,"Value":1280},{"Length":56,"Height":23,"Demand":1,"DemandMax":null,"Value":1288},{"Length":43,"Height":31,"Demand":1,"DemandMax":null,"Value":1333},{"Length":46,"Height":28,"Demand":1,"DemandMax":null,"Value":1288},{"Length":50,"Height":26,"Demand":1,"DemandMax":null,"Value":1300},{"Length":20,"Height":65,"Demand":1,"DemandMax":null,"Value":1300},{"Length":44,"Height":29,"Demand":1,"DemandMax":null,"Value":1276},{"Length":44,"Height":28,"Demand":1,"DemandMax":null,"Value":1232},{"Length":30,"Height":41,"Demand":1,"DemandMax":null,"Value":1230},{"Length":48,"Height":26,"Demand":1,"DemandMax":null,"Value":1248},{"Length":25,"Height":50,"Demand":1,"DemandMax":null,"Value":1250},{"Length":41,"Height":30,"Demand":1,"DemandMax":null,"Value":1230},{"Length":60,"Height":20,"Demand":1,"DemandMax":null,"Value":1200},{"Length":55,"Height":22,"Demand":1,"DemandMax":null,"Value":1210},{"Length":61,"Height":20,"Demand":1,"DemandMax":null,"Value":1220},{"Length":24,"Height":50,"Demand":1,"DemandMax":null,"Value":1200},{"Length":45,"Height":27,"Demand":1,"DemandMax":null,"Value":1215},{"Length":36,"Height":33,"Demand":2,"DemandMax":null,"Value":1188},{"Length":20,"Height":59,"Demand":3,"DemandMax":null,"Value":1180},{"Length":25,"Height":47,"Demand":1,"DemandMax":null,"Value":1175},{"Length":47,"Height":26,"Demand":1,"DemandMax":null,"Value":1222},{"Length":43,"Height":28,"Demand":1,"DemandMax":null,"Value":1204},{"Length":48,"Height":25,"Demand":1,"DemandMax":null,"Value":1200},{"Length":51,"Height":23,"Demand":1,"DemandMax":null,"Value":1173},{"Length":46,"Height":26,"Demand":1,"DemandMax":null,"Value":1196},{"Length":26,"Height":45,"Demand":1,"DemandMax":null,"Value":1170},{"Length":42,"Height":28,"Demand":2,"DemandMax":null,"Value":1176},{"Length":36,"Height":32,"Demand":1,"DemandMax":null,"Value":1152},{"Length":27,"Height":43,"Demand":1,"DemandMax":null,"Value":1161},{"Length":49,"Height":24,"Demand":1,"DemandMax":null,"Value":1176},{"Length":43,"Height":27,"Demand":1,"DemandMax":null,"Value":1161},{"Length":44,"Height":26,"Demand":2,"DemandMax":null,"Value":1144},{"Length":27,"Height":42,"Demand":1,"DemandMax":null,"Value":1134},{"Length":37,"Height":31,"Demand":3,"DemandMax":null,"Value":1147},{"Length":31,"Height":36,"Demand":1,"DemandMax":null,"Value":1116},{"Length":62,"Height":18,"Demand":1,"DemandMax":null,"Value":1116},{"Length":24,"Height":48,"Demand":1,"DemandMax":null,"Value":1152},{"Length":33,"Height":35,"Demand":1,"DemandMax":null,"Value":1155},{"Length":67,"Height":17,"Demand":1,"DemandMax":null,"Value":1139},{"Length":22,"Height":52,"Demand":1,"DemandMax":null,"Value":1144},{"Length":23,"Height":50,"Demand":1,"DemandMax":null,"Value":1150},{"Length":20,"Height":55,"Demand":1,"DemandMax":null,"Value":1100},{"Length":22,"Height":51,"Demand":1,"DemandMax":null,"Value":1122},{"Length":56,"Height":20,"Demand":1,"DemandMax":null,"Value":1120},{"Length":38,"Height":29,"Demand":1,"DemandMax":null,"Value":1102},{"Length":21,"Height":52,"Demand":1,"DemandMax":null,"Value":1092},{"Length":28,"Height":39,"Demand":2,"DemandMax":null,"Value":1092},{"Length":25,"Height":44,"Demand":1,"DemandMax":null,"Value":1100},{"Length":42,"Height":26,"Demand":1,"DemandMax":null,"Value":1092},{"Length":33,"Height":33,"Demand":1,"DemandMax":null,"Value":1089},{"Length":36,"Height":30,"Demand":1,"DemandMax":null,"Value":1080},{"Length":59,"Height":19,"Demand":1,"DemandMax":null,"Value":1121},{"Length":35,"Height":31,"Demand":5,"DemandMax":null,"Value":1085},{"Length":27,"Height":40,"Demand":1,"DemandMax":null,"Value":1080},{"Length":37,"Height":29,"Demand":1,"DemandMax":null,"Value":1073},{"Length":24,"Height":45,"Demand":1,"DemandMax":null,"Value":1080},{"Length":45,"Height":24,"Demand":2,"DemandMax":null,"Value":1080},{"Length":33,"Height":32,"Demand":2,"DemandMax":null,"Value":1056},{"Length":59,"Height":18,"Demand":1,"DemandMax":null,"Value":1062},{"Length":17,"Height":62,"Demand":1,"DemandMax":null,"Value":1054},{"Length":41,"Height":26,"Demand":1,"DemandMax":null,"Value":1066},{"Length":44,"Height":24,"Demand":2,"DemandMax":null,"Value":1056},{"Length":18,"Height":60,"Demand":1,"DemandMax":null,"Value":1080},{"Length":42,"Height":25,"Demand":1,"DemandMax":null,"Value":1050},{"Length":18,"Height":57,"Demand":3,"DemandMax":null,"Value":1026},{"Length":32,"Height":33,"Demand":1,"DemandMax":null,"Value":1056},{"Length":23,"Height":46,"Demand":1,"DemandMax":null,"Value":1058},{"Length":35,"Height":29,"Demand":1,"DemandMax":null,"Value":1015},{"Length":21,"Height":49,"Demand":1,"DemandMax":null,"Value":1029},{"Length":41,"Height":25,"Demand":1,"DemandMax":null,"Value":1025},{"Length":19,"Height":54,"Demand":1,"DemandMax":null,"Value":1026},{"Length":34,"Height":30,"Demand":1,"DemandMax":null,"Value":1020},{"Length":27,"Height":37,"Demand":2,"DemandMax":null,"Value":999},{"Length":38,"Height":27,"Demand":1,"DemandMax":null,"Value":1026},{"Length":20,"Height":52,"Demand":1,"DemandMax":null,"Value":1040},{"Length":37,"Height":28,"Demand":1,"DemandMax":null,"Value":1036},{"Length":17,"Height":59,"Demand":1,"DemandMax":null,"Value":1003},{"Length":55,"Height":18,"Demand":3,"DemandMax":null,"Value":990},{"Length":20,"Height":50,"Demand":1,"DemandMax":null,"Value":1000},{"Length":18,"Height":54,"Demand":3,"DemandMax":null,"Value":972},{"Length":24,"Height":42,"Demand":1,"DemandMax":null,"Value":1008},{"Length":34,"Height":29,"Demand":1,"DemandMax":null,"Value":986},{"Length":20,"Height":51,"Demand":1,"DemandMax":null,"Value":1020},{"Length":33,"Height":30,"Demand":2,"DemandMax":null,"Value":990},{"Length":19,"Height":53,"Demand":1,"DemandMax":null,"Value":1007},{"Length":40,"Height":25,"Demand":1,"DemandMax":null,"Value":1000},{"Length":46,"Height":21,"Demand":1,"DemandMax":null,"Value":966},{"Length":20,"Height":49,"Demand":1,"DemandMax":null,"Value":980},{"Length":36,"Height":27,"Demand":1,"DemandMax":null,"Value":972},{"Length":24,"Height":41,"Demand":1,"DemandMax":null,"Value":984},{"Length":16,"Height":62,"Demand":1,"DemandMax":null,"Value":992},{"Length":56,"Height":17,"Demand":2,"DemandMax":null,"Value":952},{"Length":17,"Height":58,"Demand":1,"DemandMax":null,"Value":986},{"Length":26,"Height":37,"Demand":3,"DemandMax":null,"Value":962},{"Length":35,"Height":28,"Demand":1,"DemandMax":null,"Value":980},{"Length":18,"Height":55,"Demand":1,"DemandMax":null,"Value":990},{"Length":32,"Height":31,"Demand":1,"DemandMax":null,"Value":992},{"Length":23,"Height":42,"Demand":1,"DemandMax":null,"Value":966},{"Length":19,"Height":52,"Demand":1,"DemandMax":null,"Value":988},{"Length":42,"Height":23,"Demand":2,"DemandMax":null,"Value":966},{"Length":39,"Height":25,"Demand":1,"DemandMax":null,"Value":975},{"Length":17,"Height":55,"Demand":1,"DemandMax":null,"Value":935},{"Length":49,"Height":20,"Demand":1,"DemandMax":null,"Value":980},{"Length":60,"Height":16,"Demand":1,"DemandMax":null,"Value":960},{"Length":27,"Height":36,"Demand":1,"DemandMax":null,"Value":972},{"Length":31,"Height":31,"Demand":1,"DemandMax":null,"Value":961},{"Length":31,"Height":30,"Demand":1,"DemandMax":null,"Value":930},{"Length":17,"Height":57,"Demand":1,"DemandMax":null,"Value":969},{"Length":18,"Height":53,"Demand":1,"DemandMax":null,"Value":954},{"Length":23,"Height":41,"Demand":1,"DemandMax":null,"Value":943},{"Length":19,"Height":51,"Demand":1,"DemandMax":null,"Value":969},{"Length":16,"Height":58,"Demand":2,"DemandMax":null,"Value":928}]}