{"Name":"nice4","Objects":[{"Length":1000,"Height":1000,"Stock":null,"Cost":1000000}],"Items":[{"Length":261,"Height":88,"Demand":1,"DemandMax":null,"Value":22968},{"Length":108,"Height":189,"Demand":1,"DemandMax":null,"Value":20412},{"Length":150,"Height":82,"Demand":1,"DemandMax":null,"Value":12300},{"Length":127,"Height":92,"Demand":1,"DemandMax":null,"Value":11684},{"Length":108,"Height":105,"Demand":1,"DemandMax":null,"Value":11340},{"Length":114,"Height":98,"Demand":1,"DemandMax":null,"Value":11172},{"Length":103,"Height":101,"Demand":1,"DemandMax":null,"Value":10403},{"Length":87,"Height":115,"Demand":1,"DemandMax":null,"Value":10005},{"Length":98,"Height":101,"Demand":1,"DemandMax":null,"Value":9898},{"Length":49,"Height":189,"Demand":1,"DemandMax":null,"Value":9261},{"Length":100,"Height":92,"Demand":1,"DemandMax":null,"Value":9200},{"Length":110,"Height":82,"Demand":1,"DemandMax":null,"Value":9020},{"Length":72,"Height":124,"Demand":1,"DemandMax":null,"Value":8928},{"Length":79,"Height":110,"Demand":1,"DemandMax":null,"Value":8690},{"Length":86,"Height":101,"Demand":1,"DemandMax":null,"Value":8686},{"Length":87,"Height":90,"Demand":1,"DemandMax":null,"Value":7830},{"Length":123,"Height":64,"Demand":1,"DemandMax":null,"Value":7872},{"Length":113,"Height":69,"Demand":1,"DemandMax":null,"Value":7797},{"Length":108,"Height":71,"Demand":1,"DemandMax":null,"Value":7668},{"Length":140,"Height":55,"Demand":1,"DemandMax":null,"Value":7700},{"Length":98,"Height":75,"Demand":1,"DemandMax":null,"Value":7350},{"Length":122,"Height":60,"Demand":1,"DemandMax":null,"Value":7320},{"Length":70,"Height":101,"Demand":1,"DemandMax":null,"Value":7070},{"Length":94,"Height":74,"Demand":1,"DemandMax":null,"Value":6956},{"Length":58,"Height":119,"Demand":1,"DemandMax":null,"Value":6902},{"Length":47,"Height":146,"Demand":1,"DemandMax":null,"Value":6862},{"Length":113,"Height":59,"Demand":1,"DemandMax":null,"Value":6667},{"Length":80,"Height":82,"Demand":1,"DemandMax":null,"Value":6560},{"Length":82,"Height":80,"Demand":1,"DemandMax":null,"Value":6560},{"Length":134,"Height":49,"Demand":1,"DemandMax":null,"Value":6566},{"Length":75,"Height":88,"Demand":1,"DemandMax":null,"Value":6600},{"Length":70,"Height":92,"Demand":1,"DemandMax":null,"Value":6440},{"Length":44,"Height":146,"Demand":2,"DemandMax":null,"Value":6424},{"Length":121,"Height":53,"Demand":1,"DemandMax":null,"Value":6413},{"Length":64,"Height":101,"Demand":1,"DemandMax":null,"Value":6464},{"Length":47,"Height":136,"Demand":1,"DemandMax":null,"Value":6392},{"Length":79,"Height":80,"Demand":1,"DemandMax":null,"Value":6320},{"Length":121,"Height":52,"Demand":1,"DemandMax":null,"Value":6292},{"Length":140,"Height":45,"Demand":1,"DemandMax":null,"Value":6300},{"Length":74,"Height":85,"Demand":1,"DemandMax":null,"Value":6290},{"Length":81,"Height":76,"Demand":1,"DemandMax":null,"Value":6156},{"Length":123,"Height":50,"Demand":1,"DemandMax":null,"Value":6150},{"Length":107,"Height":58,"Demand":1,"DemandMax":null,"Value":6206},{"Length":54,"Height":113,"Demand":1,"DemandMax":null,"Value":6102},{"Length":123,"Height":49,"Demand":1,"DemandMax":null,"Value":6027},{"Length":96,"Height":63,"Demand":1,"DemandMax":null,"Value":6048},{"Length":108,"Height":54,"Demand":1,"DemandMax":null,"Value":5832},{"Length":43,"Height":136,"Demand":1,"DemandMax":null,"Value":5848},{"Length":84,"Height":68,"Demand":1,"DemandMax":null,"Value":5712},{"Length":96,"Height":59,"Demand":1,"DemandMax":null,"Value":5664},{"Length":63,"Height":90,"Demand":1,"DemandMax":null,"Value":5670},{"Length":73,"Height":76,"Demand":1,"DemandMax":null,"Value":5548},{"Length":69,"Height":80,"Demand":1,"DemandMax":null,"Value":5520},{"Length":91,"Height":60,"Demand":3,"DemandMax":null,"Value":5460},{"Length":114,"Height":48,"Demand":1,"DemandMax":null,"Value":5472},{"Length":103,"Height":51,"Demand":1,"DemandMax":null,"Value":5253},{"Length":81,"Height":64,"Demand":1,"DemandMax":null,"Value":5184},{"Length":92,"Height":57,"Demand":1,"DemandMax":null,"Value":5244},{"Length":81,"Height":63,"Demand":1,"DemandMax":null,"Value":5103},{"Length":90,"Height":57,"Demand":1,"DemandMax":null,"Value":5130},{"Length":123,"Height":41,"Demand":1,"DemandMax":null,"Value":5043},{"Length":58,"Height":88,"Demand":1,"DemandMax":null,"Value":5104},{"Length":84,"Height":61,"Demand":1,"DemandMax":null,"Value":5124},{"Length":57,"Height":88,"Demand":1,"DemandMax":null,"Value":5016},{"Length":99,"Height":51,"Demand":1,"DemandMax":null,"Value":5049},{"Length":61,"Height":82,"Demand":1,"DemandMax":null,"Value":5002},{"Length":44,"Height":113,"Demand":1,"DemandMax":null,"Value":4972},{"Length":62,"Height":80,"Demand":1,"DemandMax":null,"Value":4960},{"Length":66,"Height":75,"Demand":1,"DemandMax":null,"Value":4950},{"Length":84,"Height":58,"Demand":1,"DemandMax":null,"Value":4872},{"Length":72,"Height":66,"Demand":1,"DemandMax":null,"Value":4752},{"Length":105,"Height":45,"Demand":1,"DemandMax":null,"Value":4725},{"Length":70,"Height":67,"Demand":1,"DemandMax":null,"Value":4690},{"Length":108,"Height":43,"Demand":1,"DemandMax":null,"Value":4644},{"Length":68,"Height":69,"Demand":1,"DemandMax":null,"Value":4692},{"Length":51,"Height":90,"Demand":1,"DemandMax":null,"Value":4590},{"Length":69,"Height":67,"Demand":1,"DemandMax":null,"Value":4623},{"Length":34,"Height":136,"Demand":1,"DemandMax":null,"Value":4624},{"Length":114,"Height":40,"Demand":1,"DemandMax":null,"Value":4560},{"Length":46,"Height":101,"Demand":1,"DemandMax":null,"Value":4646},{"Length":58,"Height":80,"Demand":1,"DemandMax":null,"Value":4640},{"Length":68,"Height":67,"Demand":1,"DemandMax":null,"Value":4556},{"Length":91,"Height":50,"Demand":1,"DemandMax":null,"Value":4550},{"Length":89,"Height":51,"Demand":1,"DemandMax":null,"Value":4539},{"Length":44,"Height":101,"Demand":1,"DemandMax":null,"Value":4444},{"Length":82,"Height":54,"Demand":1,"DemandMax":null,"Value":4428},{"Length":114,"Height":39,"Demand":1,"DemandMax":null,"Value":4446},{"Length":45,"Height":95,"Demand":1,"DemandMax":null,"Value":4275},{"Length":34,"Height":127,"Demand":1,"DemandMax":null,"Value":4318},{"Length":66,"Height":65,"Demand":1,"DemandMax":null,"Value":4290},{"Length":69,"Height":61,"Demand":1,"DemandMax":null,"Value":4209},{"Length":105,"Height":40,"Demand":2,"DemandMax":null,"Value":4200},{"Length":41,"Height":101,"Demand":1,"DemandMax":null,"Value":4141},{"Length":95,"Height":44,"Demand":1,"DemandMax":null,"Value":4180},{"Length":90,"Height":46,"Demand":1,"DemandMax":null,"Value":4140},{"Length":48,"Height":86,"Demand":1,"DemandMax":null,"Value":4128},{"Length":97,"Height":43,"Demand":1,"DemandMax":null,"Value":4171},{"Length":103,"Height":40,"Demand":1,"DemandMax":null,"Value":4120},{"Length":52,"Height":80,"Demand":1,"DemandMax":null,"Value":4160},{"Length":57,"Height":72,"Demand":1,"DemandMax":null,"Value":4104},{"Length":97,"Height":42,"Demand":1,"DemandMax":null,"Value":4074},{"Length":73,"Height":55,"Demand":1,"DemandMax":null,"Value":4015},{"Length":91,"Height":45,"Demand":1,"DemandMax":null,"Value":4095},{"Length":58,"Height":70,"Demand":1,"DemandMax":null,"Value":4060},{"Length":103,"Height":39,"Demand":1,"DemandMax":null,"Value":4017},{"Length":72,"Height":56,"Demand":1,"DemandMax":null,"Value":4032},{"Length":37,"Height":108,"Demand":1,"DemandMax":null,"Value":3996},{"Length":70,"Height":56,"Demand":1,"DemandMax":null,"Value":3920},{"Length":85,"Height":46,"Demand":2,"DemandMax":null,"Value":3910},{"Length":70,"Height":55,"Demand":1,"DemandMax":null,"Value":3850},{"Length":66,"Height":58,"Demand":1,"DemandMax":null,"Value":3828},{"Length":57,"Height":67,"Demand":1,"DemandMax":null,"Value":3819},{"Length":108,"Height":34,"Demand":1,"DemandMax":null,"Value":3672},{"Length":51,"Height":73,"Demand":1,"DemandMax":null,"Value":3723},{"Length":82,"Height":46,"Demand":1,"DemandMax":null,"Value":3772},{"Length":73,"Height":51,"Demand":1,"DemandMax":null,"Value":3723},{"Length":42,"Height":88,"Demand":1,"DemandMax":null,"Value":3696},{"Length":72,"Height":51,"Demand":1,"DemandMax":null,"Value":3672},{"Length":97,"Height":38,"Demand":1,"DemandMax":null,"Value":3686},{"Length":99,"Height":37,"Demand":1,"DemandMax":null,"Value":3663},{"Length":37,"Height":100,"Demand":1,"DemandMax":null,"Value":3700},{"Length":95,"Height":38,"Demand":1,"DemandMax":null,"Value":3610},{"Length":43,"Height":85,"Demand":1,"DemandMax":null,"Value":3655},{"Length":73,"Height":50,"Demand":1,"DemandMax":null,"Value":3650},{"Length":57,"Height":64,"Demand":1,"DemandMax":null,"Value":3648},{"Length":90,"Height":40,"Demand":1,"DemandMax":null,"Value":3600},{"Length":33,"Height":108,"Demand":1,"DemandMax":null,"Value":3564},{"Length":43,"Height":82,"Demand":1,"DemandMax":null,"Value":3526},{"Length":68,"Height":52,"Demand":1,"DemandMax":null,"Value":3536},{"Length":97,"Height":37,"Demand":1,"DemandMax":null,"Value":3589},{"Length":91,"Height":39,"Demand":1,"DemandMax":null,"Value":3549},{"Length":50,"Height":70,"Demand":1,"DemandMax":null,"Value":3500},{"Length":69,"Height":51,"Demand":1,"DemandMax":null,"Value":3519},{"Length":42,"Height":84,"Demand":1,"DemandMax":null,"Value":3528},{"Length":53,"Height":66,"Demand":2,"DemandMax":null,"Value":3498},{"Length":84,"Height":42,"Demand":1,"DemandMax":null,"Value":3528},{"Length":70,"Height":50,"Demand":1,"DemandMax":null,"Value":3500},{"Length":66,"Height":52,"Demand":1,"DemandMax":null,"Value":3432},{"Length":105,"Height":33,"Demand":1,"DemandMax":null,"Value":3465},{"Length":68,"Height":51,"Demand":1,"DemandMax":null,"Value":3468},{"Length":42,"Height":82,"Demand":1,"DemandMax":null,"Value":3444},{"Length":31,"Height":112,"Demand":1,"DemandMax":null,"Value":3472},{"Length":58,"Height":60,"Demand":1,"DemandMax":null,"Value":3480},{"Length":81,"Height":43,"Demand":1,"DemandMax":null,"Value":3483},{"Length":62,"Height":56,"Demand":2,"DemandMax":null,"Value":3472},{"Length":91,"Height":38,"Demand":1,"DemandMax":null,"Value":3458},{"Length":111,"Height":31,"Demand":1,"DemandMax":null,"Value":3441},{"Length":40,"Height":86,"Demand":1,"DemandMax":null,"Value":3440},{"Length":39,"Height":88,"Demand":1,"DemandMax":null,"Value":3432},{"Length":103,"Height":33,"Demand":1,"DemandMax":null,"Value":3399},{"Length":57,"Height":60,"Demand":2,"DemandMax":null,"Value":3420},{"Length":43,"Height":79,"Demand":1,"DemandMax":null,"Value":3397},{"Length":36,"Height":95,"Demand":1,"DemandMax":null,"Value":3420},{"Length":82,"Height":41,"Demand":2,"DemandMax":null,"Value":3362},{"Length":60,"Height":57,"Demand":1,"DemandMax":null,"Value":3420},{"Length":87,"Height":39,"Demand":1,"DemandMax":null,"Value":3393},{"Length":46,"Height":73,"Demand":1,"DemandMax":null,"Value":3358},{"Length":34,"Height":100,"Demand":1,"DemandMax":null,"Value":3400},{"Length":41,"Height":82,"Demand":3,"DemandMax":null,"Value":3362},{"Length":30,"Height":112,"Demand":1,"DemandMax":null,"Value":3360},{"Length":69,"Height":49,"Demand":2,"DemandMax":null,"Value":3381},{"Length":42,"Height":80,"Demand":1,"DemandMax":null,"Value":3360},{"Length":42,"Height":79,"Demand":1,"DemandMax":null,"Value":3318},{"Length":53,"Height":63,"Demand":1,"DemandMax":null,"Value":3339},{"Length":41,"Height":83,"Demand":2,"DemandMax":null,"Value":3403},{"Length":108,"Height":31,"Demand":3,"DemandMax":null,"Value":3348},{"Length":72,"Height":46,"Demand":1,"DemandMax":null,"Value":3312},{"Length":51,"Height":66,"Demand":1,"DemandMax":null,"Value":3366},{"Length":50,"Height":66,"Demand":1,"DemandMax":null,"Value":3300},{"Length":111,"Height":30,"Demand":1,"DemandMax":null,"Value":3330},{"Length":36,"Height":92,"Demand":1,"DemandMax":null,"Value":3312},{"Length":59,"Height":56,"Demand":1,"DemandMax":null,"Value":3304},{"Length":40,"Height":82,"Demand":1,"DemandMax":null,"Value":3280},{"Length":82,"Height":40,"Demand":1,"DemandMax":null,"Value":3280},{"Length":85,"Height":39,"Demand":2,"DemandMax":null,"Value":3315},{"Length":103,"Height":32,"Demand":1,"DemandMax":null,"Value":3296},{"Length":33,"Height":101,"Demand":1,"DemandMax":null,"Value":3333},{"Length":60,"Height":55,"Demand":1,"DemandMax":null,"Value":3300},{"Length":38,"Height":88,"Demand":1,"DemandMax":null,"Value":3344},{"Length":89,"Height":37,"Demand":1,"DemandMax":null,"Value":3293},{"Length":87,"Height":38,"Demand":1,"DemandMax":null,"Value":3306},{"Length":37,"Height":88,"Demand":1,"DemandMax":null,"Value":3256},{"Length":35,"Height":92,"Demand":1,"DemandMax":null,"Value":3220},{"Length":30,"Height":110,"Demand":1,"DemandMax":null,"Value":3300}]}