{"Name":"path91t","Objects":[{"Length":1000,"Height":999,"Stock":null,"Cost":999000}],"Items":[{"Length":146,"Height":275,"Demand":1,"DemandMax":null,"Value":40150},{"Length":50,"Height":522,"Demand":1,"DemandMax":null,"Value":26100},{"Length":66,"Height":275,"Demand":1,"DemandMax":null,"Value":18150},{"Length":82,"Height":209,"Demand":1,"DemandMax":null,"Value":17138},{"Length":64,"Height":209,"Demand":1,"DemandMax":null,"Value":13376},{"Length":117,"Height":85,"Demand":1,"DemandMax":null,"Value":9945},{"Length":31,"Height":268,"Demand":1,"DemandMax":null,"Value":8308},{"Length":66,"Height":114,"Demand":1,"DemandMax":null,"Value":7524},{"Length":63,"Height":101,"Demand":1,"DemandMax":null,"Value":6363},{"Length":66,"Height":83,"Demand":1,"DemandMax":null,"Value":5478},{"Length":66,"Height":69,"Demand":1,"DemandMax":null,"Value":4554},{"Length":163,"Height":24,"Demand":1,"DemandMax":null,"Value":3912},{"Length":12,"Height":312,"Demand":1,"DemandMax":null,"Value":3744},{"Length":18,"Height":203,"Demand":1,"DemandMax":null,"Value":3654},{"Length":6,"Height":569,"Demand":1,"DemandMax":null,"Value":3414},{"Length":45,"Height":71,"Demand":1,"DemandMax":null,"Value":3195},{"Length":14,"Height":214,"Demand":1,"DemandMax":null,"Value":2996},{"Length":58,"Height":53,"Demand":1,"DemandMax":null,"Value":3074},{"Length":12,"Height":237,"Demand":1,"DemandMax":null,"Value":2844},{"Length":31,"Height":89,"Demand":1,"DemandMax":null,"Value":2759},{"Length":155,"Height":18,"Demand":1,"DemandMax":null,"Value":2790},{"Length":85,"Height":32,"Demand":1,"DemandMax":null,"Value":2720},{"Length":11,"Height":243,"Demand":1,"DemandMax":null,"Value":2673},{"Length":67,"Height":40,"Demand":1,"DemandMax":null,"Value":2680},{"Length":107,"Height":25,"Demand":1,"DemandMax":null,"Value":2675},{"Length":195,"Height":13,"Demand":1,"DemandMax":null,"Value":2535},{"Length":114,"Height":22,"Demand":1,"DemandMax":null,"Value":2508},{"Length":230,"Height":11,"Demand":1,"DemandMax":null,"Value":2530},{"Length":9,"Height":277,"Demand":1,"DemandMax":null,"Value":2493},{"Length":26,"Height":95,"Demand":1,"DemandMax":null,"Value":2470},{"Length":29,"Height":85,"Demand":1,"DemandMax":null,"Value":2465},{"Length":61,"Height":40,"Demand":1,"DemandMax":null,"Value":2440},{"Length":30,"Height":80,"Demand":1,"DemandMax":null,"Value":2400},{"Length":14,"Height":169,"Demand":1,"DemandMax":null,"Value":2366},{"Length":249,"Height":10,"Demand":1,"DemandMax":null,"Value":2490},{"Length":19,"Height":128,"Demand":1,"DemandMax":null,"Value":2432},{"Length":6,"Height":401,"Demand":1,"DemandMax":null,"Value":2406},{"Length":33,"Height":72,"Demand":2,"DemandMax":null,"Value":2376},{"Length":20,"Height":119,"Demand":1,"DemandMax":null,"Value":2380},{"Length":33,"Height":71,"Demand":1,"DemandMax":null,"Value":2343},{"Length":37,"Height":61,"Demand":1,"DemandMax":null,"Value":2257},{"Length":9,"Height":257,"Demand":1,"DemandMax":null,"Value":2313},{"Length":264,"Height":9,"Demand":1,"DemandMax":null,"Value":2376},{"Length":53,"Height":42,"Demand":1,"DemandMax":null,"Value":2226},{"Length":9,"Height":243,"Demand":1,"DemandMax":null,"Value":2187},{"Length":184,"Height":12,"Demand":1,"DemandMax":null,"Value":2208},{"Length":44,"Height":50,"Demand":1,"DemandMax":null,"Value":2200},{"Length":15,"Height":145,"Demand":1,"DemandMax":null,"Value":2175},{"Length":162,"Height":13,"Demand":1,"DemandMax":null,"Value":2106},{"Length":164,"Height":13,"Demand":1,"DemandMax":null,"Value":2132},{"Length":18,"Height":123,"Demand":1,"DemandMax":null,"Value":2214},{"Length":29,"Height":73,"Demand":1,"DemandMax":null,"Value":2117},{"Length":398,"Height":5,"Demand":1,"DemandMax":null,"Value":1990},{"Length":24,"Height":89,"Demand":1,"DemandMax":null,"Value":2136},{"Length":38,"Height":56,"Demand":1,"DemandMax":null,"Value":2128},{"Length":18,"Height":115,"Demand":1,"DemandMax":null,"Value":2070},{"Length":33,"Height":62,"Demand":1,"DemandMax":null,"Value":2046},{"Length":10,"Height":203,"Demand":1,"DemandMax":null,"Value":2030},{"Length":21,"Height":99,"Demand":1,"DemandMax":null,"Value":2079},{"Length":43,"Height":47,"Demand":1,"DemandMax":null,"Value":2021},{"Length":142,"Height":14,"Demand":1,"DemandMax":null,"Value":1988},{"Length":50,"Height":40,"Demand":1,"DemandMax":null,"Value":2000},{"Length":140,"Height":14,"Demand":1,"DemandMax":null,"Value":1960},{"Length":17,"Height":117,"Demand":1,"DemandMax":null,"Value":1989},{"Length":258,"Height":8,"Demand":1,"DemandMax":null,"Value":2064},{"Length":113,"Height":17,"Demand":1,"DemandMax":null,"Value":1921},{"Length":228,"Height":8,"Demand":1,"DemandMax":null,"Value":1824},{"Length":50,"Height":38,"Demand":1,"DemandMax":null,"Value":1900},{"Length":27,"Height":71,"Demand":1,"DemandMax":null,"Value":1917},{"Length":214,"Height":9,"Demand":1,"DemandMax":null,"Value":1926},{"Length":14,"Height":132,"Demand":1,"DemandMax":null,"Value":1848},{"Length":97,"Height":19,"Demand":1,"DemandMax":null,"Value":1843},{"Length":80,"Height":23,"Demand":1,"DemandMax":null,"Value":1840},{"Length":13,"Height":138,"Demand":1,"DemandMax":null,"Value":1794},{"Length":13,"Height":140,"Demand":1,"DemandMax":null,"Value":1820},{"Length":213,"Height":8,"Demand":1,"DemandMax":null,"Value":1704},{"Length":14,"Height":130,"Demand":1,"DemandMax":null,"Value":1820},{"Length":9,"Height":191,"Demand":1,"DemandMax":null,"Value":1719},{"Length":15,"Height":120,"Demand":1,"DemandMax":null,"Value":1800},{"Length":84,"Height":21,"Demand":1,"DemandMax":null,"Value":1764},{"Length":210,"Height":8,"Demand":2,"DemandMax":null,"Value":1680},{"Length":100,"Height":17,"Demand":1,"DemandMax":null,"Value":1700},{"Length":14,"Height":126,"Demand":1,"DemandMax":null,"Value":1764},{"Length":14,"Height":121,"Demand":1,"DemandMax":null,"Value":1694},{"Length":8,"Height":213,"Demand":1,"DemandMax":null,"Value":1704},{"Length":16,"Height":109,"Demand":1,"DemandMax":null,"Value":1744},{"Length":129,"Height":13,"Demand":2,"DemandMax":null,"Value":1677},{"Length":118,"Height":14,"Demand":1,"DemandMax":null,"Value":1652},{"Length":13,"Height":132,"Demand":1,"DemandMax":null,"Value":1716},{"Length":19,"Height":87,"Demand":1,"DemandMax":null,"Value":1653},{"Length":31,"Height":54,"Demand":1,"DemandMax":null,"Value":1674},{"Length":162,"Height":10,"Demand":1,"DemandMax":null,"Value":1620},{"Length":34,"Height":50,"Demand":1,"DemandMax":null,"Value":1700},{"Length":212,"Height":8,"Demand":1,"DemandMax":null,"Value":1696},{"Length":233,"Height":7,"Demand":1,"DemandMax":null,"Value":1631},{"Length":136,"Height":12,"Demand":1,"DemandMax":null,"Value":1632},{"Length":35,"Height":47,"Demand":1,"DemandMax":null,"Value":1645},{"Length":135,"Height":12,"Demand":1,"DemandMax":null,"Value":1620},{"Length":5,"Height":296,"Demand":1,"DemandMax":null,"Value":1480},{"Length":19,"Height":84,"Demand":1,"DemandMax":null,"Value":1596},{"Length":20,"Height":79,"Demand":1,"DemandMax":null,"Value":1580},{"Length":16,"Height":98,"Demand":1,"DemandMax":null,"Value":1568},{"Length":86,"Height":18,"Demand":1,"DemandMax":null,"Value":1548},{"Length":230,"Height":7,"Demand":2,"DemandMax":null,"Value":1610},{"Length":18,"Height":87,"Demand":1,"DemandMax":null,"Value":1566},{"Length":102,"Height":15,"Demand":1,"DemandMax":null,"Value":1530},{"Length":47,"Height":33,"Demand":1,"DemandMax":null,"Value":1551},{"Length":45,"Height":35,"Demand":1,"DemandMax":null,"Value":1575},{"Length":16,"Height":94,"Demand":1,"DemandMax":null,"Value":1504},{"Length":75,"Height":20,"Demand":1,"DemandMax":null,"Value":1500},{"Length":70,"Height":22,"Demand":1,"DemandMax":null,"Value":1540},{"Length":9,"Height":172,"Demand":1,"DemandMax":null,"Value":1548},{"Length":61,"Height":25,"Demand":1,"DemandMax":null,"Value":1525},{"Length":12,"Height":126,"Demand":1,"DemandMax":null,"Value":1512},{"Length":110,"Height":13,"Demand":1,"DemandMax":null,"Value":1430},{"Length":99,"Height":15,"Demand":1,"DemandMax":null,"Value":1485},{"Length":44,"Height":32,"Demand":1,"DemandMax":null,"Value":1408},{"Length":42,"Height":34,"Demand":1,"DemandMax":null,"Value":1428},{"Length":20,"Height":70,"Demand":1,"DemandMax":null,"Value":1400},{"Length":36,"Height":38,"Demand":1,"DemandMax":null,"Value":1368},{"Length":183,"Height":8,"Demand":1,"DemandMax":null,"Value":1464},{"Length":34,"Height":41,"Demand":1,"DemandMax":null,"Value":1394},{"Length":69,"Height":20,"Demand":1,"DemandMax":null,"Value":1380},{"Length":26,"Height":53,"Demand":1,"DemandMax":null,"Value":1378},{"Length":6,"Height":251,"Demand":1,"DemandMax":null,"Value":1506},{"Length":102,"Height":13,"Demand":3,"DemandMax":null,"Value":1326},{"Length":9,"Height":146,"Demand":1,"DemandMax":null,"Value":1314},{"Length":116,"Height":12,"Demand":1,"DemandMax":null,"Value":1392},{"Length":19,"Height":73,"Demand":1,"DemandMax":null,"Value":1387},{"Length":196,"Height":7,"Demand":1,"DemandMax":null,"Value":1372},{"Length":5,"Height":265,"Demand":1,"DemandMax":null,"Value":1325},{"Length":131,"Height":10,"Demand":1,"DemandMax":null,"Value":1310},{"Length":105,"Height":13,"Demand":1,"DemandMax":null,"Value":1365},{"Length":138,"Height":10,"Demand":1,"DemandMax":null,"Value":1380},{"Length":45,"Height":29,"Demand":1,"DemandMax":null,"Value":1305},{"Length":136,"Height":10,"Demand":1,"DemandMax":null,"Value":1360},{"Length":63,"Height":21,"Demand":1,"DemandMax":null,"Value":1323},{"Length":268,"Height":5,"Demand":1,"DemandMax":null,"Value":1340},{"Length":64,"Height":21,"Demand":1,"DemandMax":null,"Value":1344},{"Length":9,"Height":138,"Demand":1,"DemandMax":null,"Value":1242},{"Length":4,"Height":317,"Demand":1,"DemandMax":null,"Value":1268},{"Length":13,"Height":96,"Demand":1,"DemandMax":null,"Value":1248},{"Length":10,"Height":133,"Demand":1,"DemandMax":null,"Value":1330},{"Length":103,"Height":12,"Demand":1,"DemandMax":null,"Value":1236},{"Length":171,"Height":8,"Demand":1,"DemandMax":null,"Value":1368},{"Length":33,"Height":39,"Demand":1,"DemandMax":null,"Value":1287},{"Length":38,"Height":34,"Demand":1,"DemandMax":null,"Value":1292},{"Length":19,"Height":66,"Demand":1,"DemandMax":null,"Value":1254},{"Length":15,"Height":85,"Demand":1,"DemandMax":null,"Value":1275},{"Length":35,"Height":36,"Demand":1,"DemandMax":null,"Value":1260},{"Length":21,"Height":61,"Demand":1,"DemandMax":null,"Value":1281},{"Length":26,"Height":50,"Demand":1,"DemandMax":null,"Value":1300},{"Length":13,"Height":95,"Demand":2,"DemandMax":null,"Value":1235},{"Length":239,"Height":5,"Demand":1,"DemandMax":null,"Value":1195},{"Length":130,"Height":10,"Demand":1,"DemandMax":null,"Value":1300},{"Length":32,"Height":40,"Demand":1,"DemandMax":null,"Value":1280},{"Length":162,"Height":8,"Demand":1,"DemandMax":null,"Value":1296},{"Length":141,"Height":9,"Demand":1,"DemandMax":null,"Value":1269},{"Length":150,"Height":8,"Demand":1,"DemandMax":null,"Value":1200},{"Length":34,"Height":37,"Demand":1,"DemandMax":null,"Value":1258},{"Length":14,"Height":93,"Demand":1,"DemandMax":null,"Value":1302},{"Length":29,"Height":43,"Demand":1,"DemandMax":null,"Value":1247},{"Length":42,"Height":29,"Demand":1,"DemandMax":null,"Value":1218},{"Length":329,"Height":4,"Demand":1,"DemandMax":null,"Value":1316},{"Length":112,"Height":11,"Demand":1,"DemandMax":null,"Value":1232},{"Length":108,"Height":11,"Demand":1,"DemandMax":null,"Value":1188},{"Length":38,"Height":32,"Demand":1,"DemandMax":null,"Value":1216},{"Length":6,"Height":206,"Demand":1,"DemandMax":null,"Value":1236},{"Length":84,"Height":15,"Demand":1,"DemandMax":null,"Value":1260},{"Length":27,"Height":45,"Demand":1,"DemandMax":null,"Value":1215},{"Length":29,"Height":41,"Demand":1,"DemandMax":null,"Value":1189},{"Length":49,"Height":24,"Demand":1,"DemandMax":null,"Value":1176},{"Length":11,"Height":111,"Demand":1,"DemandMax":null,"Value":1221},{"Length":63,"Height":19,"Demand":1,"DemandMax":null,"Value":1197},{"Length":75,"Height":16,"Demand":1,"DemandMax":null,"Value":1200},{"Length":4,"Height":277,"Demand":1,"DemandMax":null,"Value":1108},{"Length":144,"Height":8,"Demand":1,"DemandMax":null,"Value":1152},{"Length":18,"Height":67,"Demand":1,"DemandMax":null,"Value":1206},{"Length":69,"Height":17,"Demand":1,"DemandMax":null,"Value":1173},{"Length":18,"Height":65,"Demand":1,"DemandMax":null,"Value":1170},{"Length":103,"Height":11,"Demand":1,"DemandMax":null,"Value":1133},{"Length":269,"Height":4,"Demand":1,"DemandMax":null,"Value":1076},{"Length":131,"Height":9,"Demand":1,"DemandMax":null,"Value":1179},{"Length":5,"Height":243,"Demand":1,"DemandMax":null,"Value":1215},{"Length":183,"Height":6,"Demand":1,"DemandMax":null,"Value":1098},{"Length":35,"Height":32,"Demand":1,"DemandMax":null,"Value":1120},{"Length":7,"Height":174,"Demand":1,"DemandMax":null,"Value":1218},{"Length":159,"Height":7,"Demand":1,"DemandMax":null,"Value":1113},{"Length":39,"Height":29,"Demand":1,"DemandMax":null,"Value":1131},{"Length":4,"Height":278,"Demand":1,"DemandMax":null,"Value":1112},{"Length":20,"Height":54,"Demand":1,"DemandMax":null,"Value":1080},{"Length":15,"Height":73,"Demand":1,"DemandMax":null,"Value":1095},{"Length":253,"Height":4,"Demand":2,"DemandMax":null,"Value":1012},{"Length":131,"Height":8,"Demand":1,"DemandMax":null,"Value":1048},{"Length":85,"Height":13,"Demand":1,"DemandMax":null,"Value":1105},{"Length":145,"Height":7,"Demand":1,"DemandMax":null,"Value":1015},{"Length":206,"Height":5,"Demand":1,"DemandMax":null,"Value":1030},{"Length":23,"Height":47,"Demand":1,"DemandMax":null,"Value":1081},{"Length":3,"Height":314,"Demand":1,"DemandMax":null,"Value":942},{"Length":20,"Height":51,"Demand":1,"DemandMax":null,"Value":1020},{"Length":80,"Height":13,"Demand":1,"DemandMax":null,"Value":1040},{"Length":243,"Height":4,"Demand":1,"DemandMax":null,"Value":972},{"Length":28,"Height":37,"Demand":1,"DemandMax":null,"Value":1036},{"Length":43,"Height":24,"Demand":1,"DemandMax":null,"Value":1032},{"Length":26,"Height":40,"Demand":2,"DemandMax":null,"Value":1040},{"Length":205,"Height":5,"Demand":1,"DemandMax":null,"Value":1025},{"Length":26,"Height":39,"Demand":1,"DemandMax":null,"Value":1014},{"Length":21,"Height":50,"Demand":1,"DemandMax":null,"Value":1050},{"Length":67,"Height":15,"Demand":1,"DemandMax":null,"Value":1005},{"Length":113,"Height":9,"Demand":1,"DemandMax":null,"Value":1017},{"Length":58,"Height":18,"Demand":1,"DemandMax":null,"Value":1044},{"Length":29,"Height":35,"Demand":1,"DemandMax":null,"Value":1015},{"Length":6,"Height":161,"Demand":1,"DemandMax":null,"Value":966},{"Length":15,"Height":67,"Demand":1,"DemandMax":null,"Value":1005},{"Length":9,"Height":105,"Demand":1,"DemandMax":null,"Value":945},{"Length":5,"Height":218,"Demand":1,"DemandMax":null,"Value":1090},{"Length":4,"Height":225,"Demand":1,"DemandMax":null,"Value":900},{"Length":87,"Height":11,"Demand":1,"DemandMax":null,"Value":957},{"Length":16,"Height":62,"Demand":1,"DemandMax":null,"Value":992},{"Length":24,"Height":40,"Demand":1,"DemandMax":null,"Value":960},{"Length":183,"Height":5,"Demand":2,"DemandMax":null,"Value":915},{"Length":15,"Height":64,"Demand":1,"DemandMax":null,"Value":960},{"Length":46,"Height":21,"Demand":1,"DemandMax":null,"Value":966},{"Length":21,"Height":47,"Demand":1,"DemandMax":null,"Value":987},{"Length":12,"Height":78,"Demand":1,"DemandMax":null,"Value":936},{"Length":35,"Height":27,"Demand":1,"DemandMax":null,"Value":945},{"Length":17,"Height":56,"Demand":1,"DemandMax":null,"Value":952},{"Length":48,"Height":20,"Demand":1,"DemandMax":null,"Value":960},{"Length":28,"Height":34,"Demand":1,"DemandMax":null,"Value":952},{"Length":12,"Height":82,"Demand":1,"DemandMax":null,"Value":984},{"Length":18,"Height":54,"Demand":1,"DemandMax":null,"Value":972},{"Length":17,"Height":57,"Demand":1,"DemandMax":null,"Value":969},{"Length":5,"Height":202,"Demand":1,"DemandMax":null,"Value":1010},{"Length":77,"Height":12,"Demand":1,"DemandMax":null,"Value":924},{"Length":22,"Height":42,"Demand":1,"DemandMax":null,"Value":924},{"Length":20,"Height":46,"Demand":2,"DemandMax":null,"Value":920},{"Length":27,"Height":34,"Demand":2,"DemandMax":null,"Value":918},{"Length":11,"Height":88,"Demand":1,"DemandMax":null,"Value":968},{"Length":24,"Height":38,"Demand":1,"DemandMax":null,"Value":912},{"Length":55,"Height":17,"Demand":1,"DemandMax":null,"Value":935},{"Length":70,"Height":13,"Demand":1,"DemandMax":null,"Value":910},{"Length":65,"Height":14,"Demand":1,"DemandMax":null,"Value":910},{"Length":28,"Height":33,"Demand":1,"DemandMax":null,"Value":924},{"Length":40,"Height":23,"Demand":1,"DemandMax":null,"Value":920},{"Length":20,"Height":45,"Demand":1,"DemandMax":null,"Value":900},{"Length":17,"Height":54,"Demand":1,"DemandMax":null,"Value":918},{"Length":8,"Height":111,"Demand":1,"DemandMax":null,"Value":888},{"Length":35,"Height":26,"Demand":1,"DemandMax":null,"Value":910},{"Length":215,"Height":4,"Demand":2,"DemandMax":null,"Value":860},{"Length":94,"Height":10,"Demand":1,"DemandMax":null,"Value":940},{"Length":26,"Height":35,"Demand":1,"DemandMax":null,"Value":910},{"Length":87,"Height":10,"Demand":2,"DemandMax":null,"Value":870},{"Length":114,"Height":8,"Demand":1,"DemandMax":null,"Value":912},{"Length":205,"Height":4,"Demand":1,"DemandMax":null,"Value":820},{"Length":112,"Height":8,"Demand":1,"DemandMax":null,"Value":896},{"Length":6,"Height":140,"Demand":1,"DemandMax":null,"Value":840},{"Length":7,"Height":135,"Demand":1,"DemandMax":null,"Value":945},{"Length":3,"Height":296,"Demand":1,"DemandMax":null,"Value":888},{"Length":25,"Height":35,"Demand":1,"DemandMax":null,"Value":875},{"Length":12,"Height":73,"Demand":1,"DemandMax":null,"Value":876},{"Length":62,"Height":14,"Demand":1,"DemandMax":null,"Value":868},{"Length":27,"Height":32,"Demand":1,"DemandMax":null,"Value":864},{"Length":43,"Height":21,"Demand":1,"DemandMax":null,"Value":903},{"Length":230,"Height":4,"Demand":1,"DemandMax":null,"Value":920},{"Length":90,"Height":10,"Demand":1,"DemandMax":null,"Value":900},{"Length":209,"Height":4,"Demand":2,"DemandMax":null,"Value":836},{"Length":67,"Height":13,"Demand":1,"DemandMax":null,"Value":871},{"Length":28,"Height":31,"Demand":1,"DemandMax":null,"Value":868},{"Length":7,"Height":126,"Demand":1,"DemandMax":null,"Value":882},{"Length":29,"Height":31,"Demand":1,"DemandMax":null,"Value":899},{"Length":172,"Height":5,"Demand":2,"DemandMax":null,"Value":860},{"Length":33,"Height":26,"Demand":1,"DemandMax":null,"Value":858},{"Length":23,"Height":37,"Demand":1,"DemandMax":null,"Value":851},{"Length":4,"Height":243,"Demand":1,"DemandMax":null,"Value":972},{"Length":28,"Height":30,"Demand":1,"DemandMax":null,"Value":840},{"Length":14,"Height":59,"Demand":1,"DemandMax":null,"Value":826},{"Length":70,"Height":12,"Demand":1,"DemandMax":null,"Value":840},{"Length":20,"Height":43,"Demand":1,"DemandMax":null,"Value":860},{"Length":91,"Height":9,"Demand":1,"DemandMax":null,"Value":819},{"Length":24,"Height":35,"Demand":1,"DemandMax":null,"Value":840},{"Length":29,"Height":29,"Demand":1,"DemandMax":null,"Value":841},{"Length":53,"Height":16,"Demand":1,"DemandMax":null,"Value":848},{"Length":42,"Height":20,"Demand":1,"DemandMax":null,"Value":840},{"Length":15,"Height":56,"Demand":1,"DemandMax":null,"Value":840},{"Length":4,"Height":206,"Demand":1,"DemandMax":null,"Value":824},{"Length":66,"Height":13,"Demand":1,"DemandMax":null,"Value":858},{"Length":82,"Height":10,"Demand":2,"DemandMax":null,"Value":820},{"Length":62,"Height":13,"Demand":1,"DemandMax":null,"Value":806},{"Length":11,"Height":79,"Demand":1,"DemandMax":null,"Value":869},{"Length":3,"Height":278,"Demand":4,"DemandMax":null,"Value":834},{"Length":10,"Height":84,"Demand":1,"DemandMax":null,"Value":840},{"Length":6,"Height":151,"Demand":1,"DemandMax":null,"Value":906},{"Length":20,"Height":41,"Demand":1,"DemandMax":null,"Value":820},{"Length":28,"Height":29,"Demand":2,"DemandMax":null,"Value":812},{"Length":108,"Height":8,"Demand":2,"DemandMax":null,"Value":864},{"Length":50,"Height":16,"Demand":1,"DemandMax":null,"Value":800},{"Length":183,"Height":4,"Demand":1,"DemandMax":null,"Value":732},{"Length":36,"Height":23,"Demand":1,"DemandMax":null,"Value":828},{"Length":68,"Height":12,"Demand":1,"DemandMax":null,"Value":816},{"Length":9,"Height":88,"Demand":1,"DemandMax":null,"Value":792},{"Length":31,"Height":26,"Demand":1,"DemandMax":null,"Value":806},{"Length":30,"Height":27,"Demand":1,"DemandMax":null,"Value":810},{"Length":217,"Height":4,"Demand":1,"DemandMax":null,"Value":868},{"Length":34,"Height":23,"Demand":2,"DemandMax":null,"Value":782},{"Length":10,"Height":80,"Demand":1,"DemandMax":null,"Value":800},{"Length":253,"Height":3,"Demand":1,"DemandMax":null,"Value":759},{"Length":20,"Height":40,"Demand":1,"DemandMax":null,"Value":800},{"Length":56,"Height":14,"Demand":2,"DemandMax":null,"Value":784},{"Length":17,"Height":47,"Demand":1,"DemandMax":null,"Value":799},{"Length":37,"Height":21,"Demand":2,"DemandMax":null,"Value":777},{"Length":55,"Height":14,"Demand":1,"DemandMax":null,"Value":770},{"Length":115,"Height":7,"Demand":1,"DemandMax":null,"Value":805},{"Length":28,"Height":28,"Demand":2,"DemandMax":null,"Value":784},{"Length":9,"Height":85,"Demand":1,"DemandMax":null,"Value":765},{"Length":10,"Height":79,"Demand":3,"DemandMax":null,"Value":790},{"Length":70,"Height":11,"Demand":1,"DemandMax":null,"Value":770},{"Length":220,"Height":4,"Demand":1,"DemandMax":null,"Value":880},{"Length":45,"Height":18,"Demand":1,"DemandMax":null,"Value":810},{"Length":111,"Height":7,"Demand":3,"DemandMax":null,"Value":777},{"Length":63,"Height":12,"Demand":2,"DemandMax":null,"Value":756},{"Length":41,"Height":19,"Demand":1,"DemandMax":null,"Value":779},{"Length":71,"Height":11,"Demand":1,"DemandMax":null,"Value":781},{"Length":5,"Height":154,"Demand":1,"DemandMax":null,"Value":770},{"Length":124,"Height":6,"Demand":1,"DemandMax":null,"Value":744},{"Length":137,"Height":6,"Demand":2,"DemandMax":null,"Value":822},{"Length":11,"Height":69,"Demand":1,"DemandMax":null,"Value":759},{"Length":33,"Height":24,"Demand":1,"DemandMax":null,"Value":792},{"Length":26,"Height":31,"Demand":1,"DemandMax":null,"Value":806},{"Length":13,"Height":60,"Demand":1,"DemandMax":null,"Value":780},{"Length":36,"Height":22,"Demand":1,"DemandMax":null,"Value":792},{"Length":4,"Height":219,"Demand":1,"DemandMax":null,"Value":876},{"Length":39,"Height":20,"Demand":1,"DemandMax":null,"Value":780},{"Length":10,"Height":81,"Demand":1,"DemandMax":null,"Value":810},{"Length":264,"Height":3,"Demand":1,"DemandMax":null,"Value":792},{"Length":145,"Height":5,"Demand":1,"DemandMax":null,"Value":725},{"Length":44,"Height":18,"Demand":1,"DemandMax":null,"Value":792},{"Length":7,"Height":113,"Demand":1,"DemandMax":null,"Value":791},{"Length":24,"Height":32,"Demand":1,"DemandMax":null,"Value":768},{"Length":12,"Height":62,"Demand":3,"DemandMax":null,"Value":744},{"Length":103,"Height":7,"Demand":1,"DemandMax":null,"Value":721},{"Length":4,"Height":173,"Demand":1,"DemandMax":null,"Value":692},{"Length":60,"Height":13,"Demand":1,"DemandMax":null,"Value":780},{"Length":64,"Height":12,"Demand":1,"DemandMax":null,"Value":768},{"Length":162,"Height":5,"Demand":1,"DemandMax":null,"Value":810},{"Length":144,"Height":5,"Demand":1,"DemandMax":null,"Value":720},{"Length":8,"Height":94,"Demand":1,"DemandMax":null,"Value":752},{"Length":12,"Height":63,"Demand":1,"DemandMax":null,"Value":756},{"Length":131,"Height":6,"Demand":1,"DemandMax":null,"Value":786},{"Length":17,"Height":44,"Demand":1,"DemandMax":null,"Value":748},{"Length":213,"Height":4,"Demand":1,"DemandMax":null,"Value":852},{"Length":13,"Height":57,"Demand":1,"DemandMax":null,"Value":741},{"Length":6,"Height":133,"Demand":1,"DemandMax":null,"Value":798},{"Length":146,"Height":5,"Demand":1,"DemandMax":null,"Value":730},{"Length":6,"Height":127,"Demand":2,"DemandMax":null,"Value":762},{"Length":7,"Height":111,"Demand":1,"DemandMax":null,"Value":777},{"Length":135,"Height":6,"Demand":1,"DemandMax":null,"Value":810},{"Length":8,"Height":93,"Demand":1,"DemandMax":null,"Value":744},{"Length":36,"Height":21,"Demand":1,"DemandMax":null,"Value":756},{"Length":27,"Height":28,"Demand":1,"DemandMax":null,"Value":756},{"Length":58,"Height":13,"Demand":1,"DemandMax":null,"Value":754},{"Length":141,"Height":5,"Demand":1,"DemandMax":null,"Value":705},{"Length":19,"Height":40,"Demand":1,"DemandMax":null,"Value":760},{"Length":95,"Height":8,"Demand":1,"DemandMax":null,"Value":760},{"Length":125,"Height":6,"Demand":1,"DemandMax":null,"Value":750},{"Length":86,"Height":9,"Demand":1,"DemandMax":null,"Value":774},{"Length":78,"Height":10,"Demand":1,"DemandMax":null,"Value":780},{"Length":6,"Height":130,"Demand":1,"DemandMax":null,"Value":780},{"Length":138,"Height":5,"Demand":1,"DemandMax":null,"Value":690},{"Length":17,"Height":45,"Demand":1,"DemandMax":null,"Value":765},{"Length":59,"Height":13,"Demand":1,"DemandMax":null,"Value":767},{"Length":19,"Height":39,"Demand":1,"DemandMax":null,"Value":741},{"Length":118,"Height":6,"Demand":1,"DemandMax":null,"Value":708},{"Length":20,"Height":37,"Demand":1,"DemandMax":null,"Value":740},{"Length":5,"Height":163,"Demand":1,"DemandMax":null,"Value":815},{"Length":29,"Height":25,"Demand":2,"DemandMax":null,"Value":725},{"Length":90,"Height":8,"Demand":1,"DemandMax":null,"Value":720},{"Length":23,"Height":32,"Demand":1,"DemandMax":null,"Value":736},{"Length":193,"Height":4,"Demand":2,"DemandMax":null,"Value":772},{"Length":57,"Height":13,"Demand":2,"DemandMax":null,"Value":741},{"Length":142,"Height":5,"Demand":1,"DemandMax":null,"Value":710},{"Length":76,"Height":10,"Demand":1,"DemandMax":null,"Value":760},{"Length":12,"Height":64,"Demand":2,"DemandMax":null,"Value":768},{"Length":45,"Height":16,"Demand":1,"DemandMax":null,"Value":720},{"Length":34,"Height":22,"Demand":1,"DemandMax":null,"Value":748},{"Length":6,"Height":114,"Demand":1,"DemandMax":null,"Value":684},{"Length":54,"Height":14,"Demand":1,"DemandMax":null,"Value":756},{"Length":38,"Height":19,"Demand":3,"DemandMax":null,"Value":722},{"Length":104,"Height":7,"Demand":1,"DemandMax":null,"Value":728},{"Length":136,"Height":5,"Demand":1,"DemandMax":null,"Value":680},{"Length":12,"Height":60,"Demand":1,"DemandMax":null,"Value":720},{"Length":18,"Height":40,"Demand":2,"DemandMax":null,"Value":720},{"Length":8,"Height":91,"Demand":2,"DemandMax":null,"Value":728},{"Length":47,"Height":15,"Demand":2,"DemandMax":null,"Value":705},{"Length":21,"Height":36,"Demand":1,"DemandMax":null,"Value":756},{"Length":3,"Height":257,"Demand":1,"DemandMax":null,"Value":771},{"Length":135,"Height":5,"Demand":2,"DemandMax":null,"Value":675},{"Length":34,"Height":21,"Demand":2,"DemandMax":null,"Value":714},{"Length":129,"Height":6,"Demand":1,"DemandMax":null,"Value":774},{"Length":25,"Height":29,"Demand":1,"DemandMax":null,"Value":725},{"Length":9,"Height":78,"Demand":1,"DemandMax":null,"Value":702},{"Length":20,"Height":36,"Demand":1,"DemandMax":null,"Value":720},{"Length":54,"Height":13,"Demand":1,"DemandMax":null,"Value":702},{"Length":39,"Height":19,"Demand":1,"DemandMax":null,"Value":741},{"Length":40,"Height":18,"Demand":1,"DemandMax":null,"Value":720},{"Length":217,"Height":3,"Demand":3,"DemandMax":null,"Value":651},{"Length":265,"Height":3,"Demand":1,"DemandMax":null,"Value":795},{"Length":18,"Height":39,"Demand":1,"DemandMax":null,"Value":702},{"Length":7,"Height":103,"Demand":1,"DemandMax":null,"Value":721},{"Length":21,"Height":35,"Demand":1,"DemandMax":null,"Value":735},{"Length":42,"Height":17,"Demand":1,"DemandMax":null,"Value":714},{"Length":7,"Height":101,"Demand":2,"DemandMax":null,"Value":707},{"Length":69,"Height":10,"Demand":2,"DemandMax":null,"Value":690},{"Length":4,"Height":202,"Demand":1,"DemandMax":null,"Value":808},{"Length":12,"Height":58,"Demand":1,"DemandMax":null,"Value":696},{"Length":61,"Height":12,"Demand":1,"DemandMax":null,"Value":732},{"Length":30,"Height":24,"Demand":1,"DemandMax":null,"Value":720},{"Length":22,"Height":32,"Demand":2,"DemandMax":null,"Value":704},{"Length":108,"Height":7,"Demand":1,"DemandMax":null,"Value":756},{"Length":231,"Height":3,"Demand":1,"DemandMax":null,"Value":693},{"Length":9,"Height":74,"Demand":1,"DemandMax":null,"Value":666},{"Length":5,"Height":130,"Demand":1,"DemandMax":null,"Value":650},{"Length":57,"Height":12,"Demand":1,"DemandMax":null,"Value":684},{"Length":98,"Height":7,"Demand":1,"DemandMax":null,"Value":686},{"Length":21,"Height":34,"Demand":1,"DemandMax":null,"Value":714},{"Length":13,"Height":53,"Demand":1,"DemandMax":null,"Value":689},{"Length":35,"Height":20,"Demand":1,"DemandMax":null,"Value":700},{"Length":10,"Height":67,"Demand":5,"DemandMax":null,"Value":670},{"Length":6,"Height":121,"Demand":1,"DemandMax":null,"Value":726},{"Length":33,"Height":21,"Demand":1,"DemandMax":null,"Value":693},{"Length":46,"Height":15,"Demand":2,"DemandMax":null,"Value":690},{"Length":4,"Height":171,"Demand":1,"DemandMax":null,"Value":684},{"Length":27,"Height":26,"Demand":1,"DemandMax":null,"Value":702},{"Length":114,"Height":6,"Demand":1,"DemandMax":null,"Value":684},{"Length":31,"Height":23,"Demand":1,"DemandMax":null,"Value":713},{"Length":133,"Height":5,"Demand":1,"DemandMax":null,"Value":665},{"Length":120,"Height":6,"Demand":1,"DemandMax":null,"Value":720},{"Length":20,"Height":34,"Demand":2,"DemandMax":null,"Value":680},{"Length":4,"Height":170,"Demand":1,"DemandMax":null,"Value":680},{"Length":45,"Height":15,"Demand":1,"DemandMax":null,"Value":675},{"Length":11,"Height":61,"Demand":3,"DemandMax":null,"Value":671},{"Length":15,"Height":47,"Demand":1,"DemandMax":null,"Value":705},{"Length":28,"Height":25,"Demand":1,"DemandMax":null,"Value":700},{"Length":7,"Height":98,"Demand":1,"DemandMax":null,"Value":686},{"Length":10,"Height":71,"Demand":1,"DemandMax":null,"Value":710},{"Length":43,"Height":16,"Demand":1,"DemandMax":null,"Value":688},{"Length":91,"Height":8,"Demand":1,"DemandMax":null,"Value":728},{"Length":127,"Height":5,"Demand":1,"DemandMax":null,"Value":635},{"Length":56,"Height":12,"Demand":2,"DemandMax":null,"Value":672},{"Length":42,"Height":16,"Demand":2,"DemandMax":null,"Value":672},{"Length":170,"Height":4,"Demand":1,"DemandMax":null,"Value":680},{"Length":19,"Height":36,"Demand":1,"DemandMax":null,"Value":684},{"Length":247,"Height":3,"Demand":2,"DemandMax":null,"Value":741},{"Length":50,"Height":13,"Demand":2,"DemandMax":null,"Value":650},{"Length":131,"Height":5,"Demand":2,"DemandMax":null,"Value":655},{"Length":3,"Height":203,"Demand":1,"DemandMax":null,"Value":609},{"Length":24,"Height":28,"Demand":1,"DemandMax":null,"Value":672},{"Length":9,"Height":79,"Demand":1,"DemandMax":null,"Value":711},{"Length":243,"Height":3,"Demand":1,"DemandMax":null,"Value":729},{"Length":7,"Height":93,"Demand":1,"DemandMax":null,"Value":651},{"Length":3,"Height":206,"Demand":3,"DemandMax":null,"Value":618},{"Length":29,"Height":23,"Demand":1,"DemandMax":null,"Value":667},{"Length":22,"Height":30,"Demand":1,"DemandMax":null,"Value":660},{"Length":209,"Height":3,"Demand":1,"DemandMax":null,"Value":627},{"Length":95,"Height":7,"Demand":1,"DemandMax":null,"Value":665},{"Length":19,"Height":35,"Demand":1,"DemandMax":null,"Value":665},{"Length":15,"Height":46,"Demand":1,"DemandMax":null,"Value":690},{"Length":3,"Height":208,"Demand":2,"DemandMax":null,"Value":624},{"Length":20,"Height":33,"Demand":3,"DemandMax":null,"Value":660},{"Length":87,"Height":8,"Demand":1,"DemandMax":null,"Value":696},{"Length":235,"Height":3,"Demand":1,"DemandMax":null,"Value":705},{"Length":17,"Height":40,"Demand":2,"DemandMax":null,"Value":680},{"Length":32,"Height":21,"Demand":1,"DemandMax":null,"Value":672},{"Length":3,"Height":210,"Demand":2,"DemandMax":null,"Value":630},{"Length":44,"Height":15,"Demand":1,"DemandMax":null,"Value":660},{"Length":36,"Height":18,"Demand":1,"DemandMax":null,"Value":648},{"Length":7,"Height":92,"Demand":2,"DemandMax":null,"Value":644},{"Length":35,"Height":19,"Demand":1,"DemandMax":null,"Value":665},{"Length":9,"Height":71,"Demand":4,"DemandMax":null,"Value":639},{"Length":49,"Height":13,"Demand":2,"DemandMax":null,"Value":637},{"Length":20,"Height":32,"Demand":2,"DemandMax":null,"Value":640},{"Length":4,"Height":163,"Demand":2,"DemandMax":null,"Value":652},{"Length":4,"Height":187,"Demand":1,"DemandMax":null,"Value":748},{"Length":10,"Height":66,"Demand":2,"DemandMax":null,"Value":660},{"Length":47,"Height":14,"Demand":1,"DemandMax":null,"Value":658},{"Length":113,"Height":6,"Demand":1,"DemandMax":null,"Value":678},{"Length":13,"Height":50,"Demand":1,"DemandMax":null,"Value":650},{"Length":40,"Height":16,"Demand":1,"DemandMax":null,"Value":640},{"Length":46,"Height":14,"Demand":1,"DemandMax":null,"Value":644},{"Length":14,"Height":48,"Demand":1,"DemandMax":null,"Value":672},{"Length":67,"Height":10,"Demand":1,"DemandMax":null,"Value":670},{"Length":7,"Height":95,"Demand":1,"DemandMax":null,"Value":665},{"Length":18,"Height":36,"Demand":3,"DemandMax":null,"Value":648},{"Length":53,"Height":12,"Demand":2,"DemandMax":null,"Value":636},{"Length":84,"Height":8,"Demand":1,"DemandMax":null,"Value":672},{"Length":39,"Height":16,"Demand":2,"DemandMax":null,"Value":624},{"Length":5,"Height":118,"Demand":1,"DemandMax":null,"Value":590},{"Length":5,"Height":132,"Demand":1,"DemandMax":null,"Value":660},{"Length":6,"Height":103,"Demand":2,"DemandMax":null,"Value":618},{"Length":121,"Height":5,"Demand":2,"DemandMax":null,"Value":605},{"Length":29,"Height":22,"Demand":2,"DemandMax":null,"Value":638},{"Length":205,"Height":3,"Demand":1,"DemandMax":null,"Value":615},{"Length":4,"Height":145,"Demand":2,"DemandMax":null,"Value":580},{"Length":4,"Height":160,"Demand":1,"DemandMax":null,"Value":640},{"Length":238,"Height":3,"Demand":2,"DemandMax":null,"Value":714},{"Length":97,"Height":7,"Demand":2,"DemandMax":null,"Value":679},{"Length":31,"Height":21,"Demand":1,"DemandMax":null,"Value":651},{"Length":4,"Height":144,"Demand":1,"DemandMax":null,"Value":576},{"Length":5,"Height":142,"Demand":1,"DemandMax":null,"Value":710},{"Length":16,"Height":40,"Demand":3,"DemandMax":null,"Value":640},{"Length":54,"Height":12,"Demand":1,"DemandMax":null,"Value":648},{"Length":6,"Height":110,"Demand":2,"DemandMax":null,"Value":660},{"Length":110,"Height":6,"Demand":1,"DemandMax":null,"Value":660},{"Length":22,"Height":29,"Demand":1,"DemandMax":null,"Value":638},{"Length":14,"Height":45,"Demand":1,"DemandMax":null,"Value":630},{"Length":42,"Height":15,"Demand":1,"DemandMax":null,"Value":630},{"Length":13,"Height":48,"Demand":1,"DemandMax":null,"Value":624},{"Length":30,"Height":22,"Demand":1,"DemandMax":null,"Value":660},{"Length":159,"Height":4,"Demand":1,"DemandMax":null,"Value":636},{"Length":28,"Height":23,"Demand":1,"DemandMax":null,"Value":644},{"Length":89,"Height":7,"Demand":1,"DemandMax":null,"Value":623},{"Length":87,"Height":7,"Demand":6,"DemandMax":null,"Value":609},{"Length":11,"Height":57,"Demand":1,"DemandMax":null,"Value":627},{"Length":6,"Height":101,"Demand":2,"DemandMax":null,"Value":606},{"Length":105,"Height":6,"Demand":1,"DemandMax":null,"Value":630},{"Length":109,"Height":6,"Demand":1,"DemandMax":null,"Value":654},{"Length":38,"Height":17,"Demand":2,"DemandMax":null,"Value":646},{"Length":18,"Height":35,"Demand":2,"DemandMax":null,"Value":630},{"Length":4,"Height":142,"Demand":1,"DemandMax":null,"Value":568},{"Length":8,"Height":81,"Demand":1,"DemandMax":null,"Value":648},{"Length":7,"Height":91,"Demand":1,"DemandMax":null,"Value":637},{"Length":23,"Height":27,"Demand":2,"DemandMax":null,"Value":621},{"Length":4,"Height":157,"Demand":1,"DemandMax":null,"Value":628},{"Length":47,"Height":13,"Demand":2,"DemandMax":null,"Value":611},{"Length":14,"Height":44,"Demand":1,"DemandMax":null,"Value":616},{"Length":6,"Height":100,"Demand":2,"DemandMax":null,"Value":600},{"Length":31,"Height":20,"Demand":1,"DemandMax":null,"Value":620},{"Length":16,"Height":38,"Demand":1,"DemandMax":null,"Value":608},{"Length":14,"Height":46,"Demand":1,"DemandMax":null,"Value":644},{"Length":61,"Height":10,"Demand":1,"DemandMax":null,"Value":610},{"Length":43,"Height":15,"Demand":1,"DemandMax":null,"Value":645},{"Length":30,"Height":21,"Demand":1,"DemandMax":null,"Value":630},{"Length":193,"Height":3,"Demand":1,"DemandMax":null,"Value":579},{"Length":36,"Height":17,"Demand":1,"DemandMax":null,"Value":612},{"Length":6,"Height":108,"Demand":2,"DemandMax":null,"Value":648},{"Length":75,"Height":8,"Demand":1,"DemandMax":null,"Value":600},{"Length":137,"Height":5,"Demand":1,"DemandMax":null,"Value":685},{"Length":29,"Height":21,"Demand":2,"DemandMax":null,"Value":609},{"Length":10,"Height":62,"Demand":1,"DemandMax":null,"Value":620},{"Length":25,"Height":25,"Demand":1,"DemandMax":null,"Value":625},{"Length":41,"Height":15,"Demand":1,"DemandMax":null,"Value":615},{"Length":45,"Height":14,"Demand":1,"DemandMax":null,"Value":630},{"Length":19,"Height":32,"Demand":1,"DemandMax":null,"Value":608},{"Length":40,"Height":15,"Demand":1,"DemandMax":null,"Value":600},{"Length":141,"Height":4,"Demand":1,"DemandMax":null,"Value":564},{"Length":19,"Height":33,"Demand":1,"DemandMax":null,"Value":627},{"Length":64,"Height":10,"Demand":1,"DemandMax":null,"Value":640},{"Length":50,"Height":12,"Demand":1,"DemandMax":null,"Value":600},{"Length":11,"Height":58,"Demand":1,"DemandMax":null,"Value":638},{"Length":210,"Height":3,"Demand":1,"DemandMax":null,"Value":630},{"Length":137,"Height":4,"Demand":1,"DemandMax":null,"Value":548},{"Length":55,"Height":11,"Demand":2,"DemandMax":null,"Value":605},{"Length":15,"Height":40,"Demand":1,"DemandMax":null,"Value":600},{"Length":68,"Height":9,"Demand":1,"DemandMax":null,"Value":612},{"Length":16,"Height":39,"Demand":1,"DemandMax":null,"Value":624},{"Length":9,"Height":66,"Demand":1,"DemandMax":null,"Value":594},{"Length":239,"Height":3,"Demand":1,"DemandMax":null,"Value":717},{"Length":46,"Height":13,"Demand":1,"DemandMax":null,"Value":598},{"Length":17,"Height":35,"Demand":2,"DemandMax":null,"Value":595},{"Length":15,"Height":42,"Demand":1,"DemandMax":null,"Value":630},{"Length":20,"Height":30,"Demand":1,"DemandMax":null,"Value":600},{"Length":108,"Height":6,"Demand":2,"DemandMax":null,"Value":648},{"Length":4,"Height":134,"Demand":2,"DemandMax":null,"Value":536},{"Length":17,"Height":36,"Demand":1,"DemandMax":null,"Value":612},{"Length":80,"Height":8,"Demand":1,"DemandMax":null,"Value":640},{"Length":4,"Height":147,"Demand":1,"DemandMax":null,"Value":588},{"Length":144,"Height":4,"Demand":2,"DemandMax":null,"Value":576},{"Length":130,"Height":5,"Demand":1,"DemandMax":null,"Value":650},{"Length":8,"Height":79,"Demand":1,"DemandMax":null,"Value":632},{"Length":70,"Height":9,"Demand":1,"DemandMax":null,"Value":630},{"Length":4,"Height":146,"Demand":1,"DemandMax":null,"Value":584},{"Length":57,"Height":10,"Demand":2,"DemandMax":null,"Value":570},{"Length":14,"Height":42,"Demand":1,"DemandMax":null,"Value":588},{"Length":11,"Height":52,"Demand":1,"DemandMax":null,"Value":572},{"Length":24,"Height":25,"Demand":1,"DemandMax":null,"Value":600},{"Length":79,"Height":8,"Demand":1,"DemandMax":null,"Value":632},{"Length":5,"Height":131,"Demand":1,"DemandMax":null,"Value":655},{"Length":7,"Height":85,"Demand":1,"DemandMax":null,"Value":595},{"Length":71,"Height":8,"Demand":1,"DemandMax":null,"Value":568},{"Length":7,"Height":81,"Demand":1,"DemandMax":null,"Value":567},{"Length":24,"Height":24,"Demand":2,"DemandMax":null,"Value":576},{"Length":49,"Height":12,"Demand":2,"DemandMax":null,"Value":588},{"Length":116,"Height":5,"Demand":1,"DemandMax":null,"Value":580},{"Length":11,"Height":51,"Demand":1,"DemandMax":null,"Value":561},{"Length":45,"Height":13,"Demand":1,"DemandMax":null,"Value":585},{"Length":6,"Height":102,"Demand":1,"DemandMax":null,"Value":612},{"Length":23,"Height":26,"Demand":2,"DemandMax":null,"Value":598},{"Length":9,"Height":62,"Demand":1,"DemandMax":null,"Value":558},{"Length":8,"Height":71,"Demand":1,"DemandMax":null,"Value":568},{"Length":13,"Height":45,"Demand":1,"DemandMax":null,"Value":585},{"Length":18,"Height":32,"Demand":3,"DemandMax":null,"Value":576},{"Length":15,"Height":39,"Demand":2,"DemandMax":null,"Value":585},{"Length":35,"Height":17,"Demand":1,"DemandMax":null,"Value":595},{"Length":39,"Height":15,"Demand":1,"DemandMax":null,"Value":585},{"Length":4,"Height":130,"Demand":1,"DemandMax":null,"Value":520},{"Length":34,"Height":17,"Demand":2,"DemandMax":null,"Value":578},{"Length":8,"Height":73,"Demand":1,"DemandMax":null,"Value":584},{"Length":56,"Height":10,"Demand":2,"DemandMax":null,"Value":560},{"Length":27,"Height":21,"Demand":1,"DemandMax":null,"Value":567},{"Length":64,"Height":9,"Demand":2,"DemandMax":null,"Value":576},{"Length":4,"Height":133,"Demand":1,"DemandMax":null,"Value":532},{"Length":8,"Height":74,"Demand":1,"DemandMax":null,"Value":592},{"Length":14,"Height":40,"Demand":1,"DemandMax":null,"Value":560},{"Length":12,"Height":48,"Demand":1,"DemandMax":null,"Value":576},{"Length":6,"Height":87,"Demand":1,"DemandMax":null,"Value":522},{"Length":13,"Height":44,"Demand":1,"DemandMax":null,"Value":572},{"Length":4,"Height":148,"Demand":1,"DemandMax":null,"Value":592},{"Length":86,"Height":6,"Demand":2,"DemandMax":null,"Value":516},{"Length":92,"Height":6,"Demand":1,"DemandMax":null,"Value":552},{"Length":16,"Height":35,"Demand":1,"DemandMax":null,"Value":560},{"Length":88,"Height":6,"Demand":1,"DemandMax":null,"Value":528},{"Length":50,"Height":11,"Demand":1,"DemandMax":null,"Value":550},{"Length":30,"Height":18,"Demand":1,"DemandMax":null,"Value":540},{"Length":149,"Height":4,"Demand":1,"DemandMax":null,"Value":596},{"Length":131,"Height":4,"Demand":2,"DemandMax":null,"Value":524},{"Length":43,"Height":13,"Demand":1,"DemandMax":null,"Value":559},{"Length":8,"Height":72,"Demand":1,"DemandMax":null,"Value":576},{"Length":40,"Height":14,"Demand":1,"DemandMax":null,"Value":560},{"Length":27,"Height":20,"Demand":3,"DemandMax":null,"Value":540},{"Length":106,"Height":5,"Demand":1,"DemandMax":null,"Value":530},{"Length":101,"Height":5,"Demand":1,"DemandMax":null,"Value":505},{"Length":9,"Height":61,"Demand":2,"DemandMax":null,"Value":549},{"Length":51,"Height":11,"Demand":1,"DemandMax":null,"Value":561},{"Length":3,"Height":163,"Demand":1,"DemandMax":null,"Value":489},{"Length":9,"Height":58,"Demand":3,"DemandMax":null,"Value":522},{"Length":58,"Height":9,"Demand":1,"DemandMax":null,"Value":522},{"Length":19,"Height":29,"Demand":1,"DemandMax":null,"Value":551},{"Length":20,"Height":27,"Demand":1,"DemandMax":null,"Value":540},{"Length":6,"Height":89,"Demand":1,"DemandMax":null,"Value":534},{"Length":24,"Height":22,"Demand":1,"DemandMax":null,"Value":528},{"Length":15,"Height":36,"Demand":2,"DemandMax":null,"Value":540},{"Length":33,"Height":16,"Demand":2,"DemandMax":null,"Value":528},{"Length":29,"Height":18,"Demand":1,"DemandMax":null,"Value":522},{"Length":11,"Height":46,"Demand":1,"DemandMax":null,"Value":506},{"Length":64,"Height":8,"Demand":1,"DemandMax":null,"Value":512},{"Length":51,"Height":10,"Demand":1,"DemandMax":null,"Value":510},{"Length":2,"Height":219,"Demand":1,"DemandMax":null,"Value":438},{"Length":80,"Height":7,"Demand":1,"DemandMax":null,"Value":560},{"Length":24,"Height":21,"Demand":2,"DemandMax":null,"Value":504},{"Length":12,"Height":44,"Demand":1,"DemandMax":null,"Value":528},{"Length":13,"Height":40,"Demand":4,"DemandMax":null,"Value":520},{"Length":17,"Height":30,"Demand":1,"DemandMax":null,"Value":510},{"Length":10,"Height":51,"Demand":2,"DemandMax":null,"Value":510},{"Length":6,"Height":94,"Demand":1,"DemandMax":null,"Value":564},{"Length":3,"Height":166,"Demand":1,"DemandMax":null,"Value":498},{"Length":31,"Height":17,"Demand":1,"DemandMax":null,"Value":527},{"Length":97,"Height":5,"Demand":1,"DemandMax":null,"Value":485},{"Length":27,"Height":19,"Demand":1,"DemandMax":null,"Value":513},{"Length":57,"Height":9,"Demand":1,"DemandMax":null,"Value":513},{"Length":127,"Height":4,"Demand":1,"DemandMax":null,"Value":508},{"Length":15,"Height":34,"Demand":1,"DemandMax":null,"Value":510},{"Length":13,"Height":38,"Demand":1,"DemandMax":null,"Value":494},{"Length":121,"Height":4,"Demand":1,"DemandMax":null,"Value":484},{"Length":130,"Height":4,"Demand":1,"DemandMax":null,"Value":520},{"Length":14,"Height":35,"Demand":1,"DemandMax":null,"Value":490},{"Length":30,"Height":17,"Demand":1,"DemandMax":null,"Value":510},{"Length":149,"Height":3,"Demand":1,"DemandMax":null,"Value":447},{"Length":26,"Height":19,"Demand":1,"DemandMax":null,"Value":494},{"Length":20,"Height":25,"Demand":1,"DemandMax":null,"Value":500},{"Length":40,"Height":12,"Demand":1,"DemandMax":null,"Value":480},{"Length":33,"Height":15,"Demand":1,"DemandMax":null,"Value":495},{"Length":6,"Height":88,"Demand":1,"DemandMax":null,"Value":528},{"Length":45,"Height":11,"Demand":1,"DemandMax":null,"Value":495},{"Length":38,"Height":13,"Demand":1,"DemandMax":null,"Value":494},{"Length":53,"Height":9,"Demand":1,"DemandMax":null,"Value":477},{"Length":37,"Height":13,"Demand":1,"DemandMax":null,"Value":481},{"Length":36,"Height":14,"Demand":1,"DemandMax":null,"Value":504},{"Length":31,"Height":16,"Demand":2,"DemandMax":null,"Value":496},{"Length":43,"Height":12,"Demand":1,"DemandMax":null,"Value":516},{"Length":16,"Height":31,"Demand":1,"DemandMax":null,"Value":496},{"Length":13,"Height":37,"Demand":1,"DemandMax":null,"Value":481},{"Length":39,"Height":12,"Demand":1,"DemandMax":null,"Value":468},{"Length":220,"Height":2,"Demand":1,"DemandMax":null,"Value":440},{"Length":123,"Height":4,"Demand":1,"DemandMax":null,"Value":492},{"Length":7,"Height":71,"Demand":1,"DemandMax":null,"Value":497},{"Length":122,"Height":4,"Demand":2,"DemandMax":null,"Value":488},{"Length":2,"Height":204,"Demand":2,"DemandMax":null,"Value":408},{"Length":68,"Height":7,"Demand":1,"DemandMax":null,"Value":476},{"Length":43,"Height":11,"Demand":1,"DemandMax":null,"Value":473},{"Length":5,"Height":100,"Demand":2,"DemandMax":null,"Value":500},{"Length":33,"Height":14,"Demand":2,"DemandMax":null,"Value":462},{"Length":23,"Height":21,"Demand":1,"DemandMax":null,"Value":483},{"Length":4,"Height":136,"Demand":1,"DemandMax":null,"Value":544},{"Length":32,"Height":15,"Demand":1,"DemandMax":null,"Value":480},{"Length":102,"Height":5,"Demand":1,"DemandMax":null,"Value":510},{"Length":7,"Height":69,"Demand":1,"DemandMax":null,"Value":483},{"Length":15,"Height":33,"Demand":1,"DemandMax":null,"Value":495},{"Length":15,"Height":32,"Demand":2,"DemandMax":null,"Value":480},{"Length":20,"Height":23,"Demand":3,"DemandMax":null,"Value":460},{"Length":136,"Height":4,"Demand":1,"DemandMax":null,"Value":544},{"Length":14,"Height":34,"Demand":1,"DemandMax":null,"Value":476},{"Length":11,"Height":42,"Demand":3,"DemandMax":null,"Value":462},{"Length":7,"Height":72,"Demand":1,"DemandMax":null,"Value":504},{"Length":11,"Height":41,"Demand":1,"DemandMax":null,"Value":451},{"Length":20,"Height":24,"Demand":1,"DemandMax":null,"Value":480},{"Length":5,"Height":98,"Demand":2,"DemandMax":null,"Value":490},{"Length":46,"Height":10,"Demand":1,"DemandMax":null,"Value":460},{"Length":193,"Height":2,"Demand":1,"DemandMax":null,"Value":386},{"Length":7,"Height":68,"Demand":2,"DemandMax":null,"Value":476},{"Length":23,"Height":20,"Demand":2,"DemandMax":null,"Value":460},{"Length":22,"Height":21,"Demand":1,"DemandMax":null,"Value":462},{"Length":110,"Height":4,"Demand":1,"DemandMax":null,"Value":440},{"Length":51,"Height":9,"Demand":3,"DemandMax":null,"Value":459},{"Length":11,"Height":43,"Demand":1,"DemandMax":null,"Value":473},{"Length":59,"Height":8,"Demand":1,"DemandMax":null,"Value":472},{"Length":26,"Height":18,"Demand":1,"DemandMax":null,"Value":468},{"Length":55,"Height":8,"Demand":1,"DemandMax":null,"Value":440},{"Length":133,"Height":4,"Demand":1,"DemandMax":null,"Value":532},{"Length":34,"Height":14,"Demand":1,"DemandMax":null,"Value":476},{"Length":31,"Height":15,"Demand":1,"DemandMax":null,"Value":465},{"Length":6,"Height":78,"Demand":1,"DemandMax":null,"Value":468},{"Length":8,"Height":58,"Demand":1,"DemandMax":null,"Value":464},{"Length":7,"Height":70,"Demand":1,"DemandMax":null,"Value":490},{"Length":183,"Height":3,"Demand":1,"DemandMax":null,"Value":549},{"Length":35,"Height":13,"Demand":3,"DemandMax":null,"Value":455},{"Length":70,"Height":7,"Demand":1,"DemandMax":null,"Value":490},{"Length":24,"Height":19,"Demand":1,"DemandMax":null,"Value":456},{"Length":58,"Height":8,"Demand":1,"DemandMax":null,"Value":464},{"Length":15,"Height":31,"Demand":1,"DemandMax":null,"Value":465},{"Length":5,"Height":91,"Demand":1,"DemandMax":null,"Value":455},{"Length":6,"Height":74,"Demand":1,"DemandMax":null,"Value":444},{"Length":36,"Height":13,"Demand":2,"DemandMax":null,"Value":468},{"Length":117,"Height":4,"Demand":2,"DemandMax":null,"Value":468},{"Length":25,"Height":19,"Demand":1,"DemandMax":null,"Value":475},{"Length":76,"Height":6,"Demand":1,"DemandMax":null,"Value":456},{"Length":50,"Height":9,"Demand":1,"DemandMax":null,"Value":450},{"Length":19,"Height":24,"Demand":3,"DemandMax":null,"Value":456},{"Length":57,"Height":8,"Demand":1,"DemandMax":null,"Value":456},{"Length":21,"Height":22,"Demand":1,"DemandMax":null,"Value":462},{"Length":3,"Height":136,"Demand":1,"DemandMax":null,"Value":408},{"Length":3,"Height":148,"Demand":1,"DemandMax":null,"Value":444},{"Length":15,"Height":30,"Demand":2,"DemandMax":null,"Value":450},{"Length":13,"Height":35,"Demand":2,"DemandMax":null,"Value":455},{"Length":16,"Height":29,"Demand":1,"DemandMax":null,"Value":464},{"Length":26,"Height":17,"Demand":1,"DemandMax":null,"Value":442},{"Length":66,"Height":7,"Demand":1,"DemandMax":null,"Value":462},{"Length":4,"Height":128,"Demand":1,"DemandMax":null,"Value":512},{"Length":52,"Height":9,"Demand":1,"DemandMax":null,"Value":468},{"Length":20,"Height":22,"Demand":1,"DemandMax":null,"Value":440},{"Length":7,"Height":66,"Demand":1,"DemandMax":null,"Value":462},{"Length":75,"Height":6,"Demand":1,"DemandMax":null,"Value":450},{"Length":7,"Height":65,"Demand":1,"DemandMax":null,"Value":455},{"Length":28,"Height":16,"Demand":2,"DemandMax":null,"Value":448},{"Length":12,"Height":36,"Demand":1,"DemandMax":null,"Value":432},{"Length":43,"Height":10,"Demand":1,"DemandMax":null,"Value":430},{"Length":5,"Height":89,"Demand":1,"DemandMax":null,"Value":445},{"Length":7,"Height":67,"Demand":1,"DemandMax":null,"Value":469},{"Length":10,"Height":45,"Demand":1,"DemandMax":null,"Value":450},{"Length":12,"Height":38,"Demand":1,"DemandMax":null,"Value":456},{"Length":9,"Height":50,"Demand":1,"DemandMax":null,"Value":450},{"Length":2,"Height":206,"Demand":2,"DemandMax":null,"Value":412},{"Length":49,"Height":9,"Demand":1,"DemandMax":null,"Value":441},{"Length":5,"Height":88,"Demand":1,"DemandMax":null,"Value":440},{"Length":13,"Height":34,"Demand":1,"DemandMax":null,"Value":442},{"Length":12,"Height":35,"Demand":1,"DemandMax":null,"Value":420},{"Length":3,"Height":161,"Demand":2,"DemandMax":null,"Value":483},{"Length":10,"Height":44,"Demand":1,"DemandMax":null,"Value":440},{"Length":60,"Height":7,"Demand":3,"DemandMax":null,"Value":420},{"Length":6,"Height":69,"Demand":2,"DemandMax":null,"Value":414},{"Length":108,"Height":4,"Demand":2,"DemandMax":null,"Value":432},{"Length":7,"Height":64,"Demand":1,"DemandMax":null,"Value":448},{"Length":17,"Height":26,"Demand":1,"DemandMax":null,"Value":442},{"Length":23,"Height":19,"Demand":2,"DemandMax":null,"Value":437},{"Length":36,"Height":12,"Demand":2,"DemandMax":null,"Value":432},{"Length":29,"Height":15,"Demand":1,"DemandMax":null,"Value":435},{"Length":22,"Height":20,"Demand":1,"DemandMax":null,"Value":440},{"Length":11,"Height":40,"Demand":1,"DemandMax":null,"Value":440},{"Length":92,"Height":5,"Demand":1,"DemandMax":null,"Value":460},{"Length":5,"Height":85,"Demand":1,"DemandMax":null,"Value":425},{"Length":21,"Height":20,"Demand":4,"DemandMax":null,"Value":420},{"Length":144,"Height":3,"Demand":1,"DemandMax":null,"Value":432},{"Length":91,"Height":5,"Demand":1,"DemandMax":null,"Value":455},{"Length":79,"Height":6,"Demand":1,"DemandMax":null,"Value":474},{"Length":5,"Height":92,"Demand":1,"DemandMax":null,"Value":460},{"Length":5,"Height":81,"Demand":1,"DemandMax":null,"Value":405},{"Length":18,"Height":24,"Demand":1,"DemandMax":null,"Value":432},{"Length":39,"Height":11,"Demand":1,"DemandMax":null,"Value":429},{"Length":183,"Height":2,"Demand":1,"DemandMax":null,"Value":366},{"Length":87,"Height":5,"Demand":1,"DemandMax":null,"Value":435},{"Length":7,"Height":62,"Demand":1,"DemandMax":null,"Value":434},{"Length":86,"Height":5,"Demand":1,"DemandMax":null,"Value":430},{"Length":2,"Height":193,"Demand":2,"DemandMax":null,"Value":386},{"Length":65,"Height":7,"Demand":1,"DemandMax":null,"Value":455},{"Length":14,"Height":30,"Demand":1,"DemandMax":null,"Value":420},{"Length":6,"Height":67,"Demand":1,"DemandMax":null,"Value":402},{"Length":26,"Height":16,"Demand":2,"DemandMax":null,"Value":416},{"Length":13,"Height":32,"Demand":1,"DemandMax":null,"Value":416},{"Length":28,"Height":15,"Demand":1,"DemandMax":null,"Value":420},{"Length":31,"Height":14,"Demand":1,"DemandMax":null,"Value":434},{"Length":3,"Height":141,"Demand":1,"DemandMax":null,"Value":423},{"Length":35,"Height":12,"Demand":1,"DemandMax":null,"Value":420},{"Length":81,"Height":5,"Demand":1,"DemandMax":null,"Value":405},{"Length":141,"Height":3,"Demand":1,"DemandMax":null,"Value":423},{"Length":113,"Height":4,"Demand":1,"DemandMax":null,"Value":452},{"Length":20,"Height":20,"Demand":2,"DemandMax":null,"Value":400},{"Length":59,"Height":7,"Demand":1,"DemandMax":null,"Value":413},{"Length":14,"Height":29,"Demand":3,"DemandMax":null,"Value":406},{"Length":95,"Height":4,"Demand":2,"DemandMax":null,"Value":380},{"Length":36,"Height":11,"Demand":1,"DemandMax":null,"Value":396},{"Length":3,"Height":137,"Demand":1,"DemandMax":null,"Value":411},{"Length":13,"Height":31,"Demand":1,"DemandMax":null,"Value":403},{"Length":65,"Height":6,"Demand":1,"DemandMax":null,"Value":390},{"Length":32,"Height":13,"Demand":1,"DemandMax":null,"Value":416},{"Length":3,"Height":130,"Demand":1,"DemandMax":null,"Value":390},{"Length":49,"Height":8,"Demand":2,"DemandMax":null,"Value":392},{"Length":22,"Height":19,"Demand":1,"DemandMax":null,"Value":418},{"Length":6,"Height":64,"Demand":1,"DemandMax":null,"Value":384},{"Length":33,"Height":12,"Demand":1,"DemandMax":null,"Value":396},{"Length":24,"Height":17,"Demand":1,"DemandMax":null,"Value":408},{"Length":6,"Height":72,"Demand":2,"DemandMax":null,"Value":432},{"Length":31,"Height":13,"Demand":2,"DemandMax":null,"Value":403},{"Length":11,"Height":36,"Demand":1,"DemandMax":null,"Value":396},{"Length":29,"Height":14,"Demand":1,"DemandMax":null,"Value":406}]}