{"Name":"path25t","Objects":[{"Length":1000,"Height":998,"Stock":null,"Cost":998000}],"Items":[{"Length":386,"Height":26,"Demand":1,"DemandMax":null,"Value":10036},{"Length":83,"Height":112,"Demand":1,"DemandMax":null,"Value":9296},{"Length":123,"Height":56,"Demand":1,"DemandMax":null,"Value":6888},{"Length":78,"Height":85,"Demand":1,"DemandMax":null,"Value":6630},{"Length":72,"Height":80,"Demand":1,"DemandMax":null,"Value":5760},{"Length":139,"Height":38,"Demand":1,"DemandMax":null,"Value":5282},{"Length":119,"Height":38,"Demand":1,"DemandMax":null,"Value":4522},{"Length":49,"Height":89,"Demand":1,"DemandMax":null,"Value":4361},{"Length":267,"Height":13,"Demand":1,"DemandMax":null,"Value":3471},{"Length":79,"Height":44,"Demand":1,"DemandMax":null,"Value":3476},{"Length":140,"Height":24,"Demand":1,"DemandMax":null,"Value":3360},{"Length":82,"Height":41,"Demand":1,"DemandMax":null,"Value":3362},{"Length":42,"Height":66,"Demand":1,"DemandMax":null,"Value":2772},{"Length":26,"Height":104,"Demand":1,"DemandMax":null,"Value":2704},{"Length":253,"Height":10,"Demand":1,"DemandMax":null,"Value":2530},{"Length":100,"Height":25,"Demand":1,"DemandMax":null,"Value":2500},{"Length":13,"Height":175,"Demand":1,"DemandMax":null,"Value":2275},{"Length":135,"Height":17,"Demand":1,"DemandMax":null,"Value":2295},{"Length":60,"Height":35,"Demand":1,"DemandMax":null,"Value":2100},{"Length":48,"Height":44,"Demand":1,"DemandMax":null,"Value":2112},{"Length":25,"Height":81,"Demand":1,"DemandMax":null,"Value":2025},{"Length":24,"Height":84,"Demand":1,"DemandMax":null,"Value":2016},{"Length":230,"Height":8,"Demand":1,"DemandMax":null,"Value":1840},{"Length":96,"Height":20,"Demand":1,"DemandMax":null,"Value":1920},{"Length":36,"Height":52,"Demand":1,"DemandMax":null,"Value":1872},{"Length":71,"Height":26,"Demand":1,"DemandMax":null,"Value":1846},{"Length":135,"Height":14,"Demand":1,"DemandMax":null,"Value":1890},{"Length":94,"Height":19,"Demand":1,"DemandMax":null,"Value":1786},{"Length":47,"Height":38,"Demand":1,"DemandMax":null,"Value":1786},{"Length":67,"Height":27,"Demand":1,"DemandMax":null,"Value":1809},{"Length":30,"Height":59,"Demand":1,"DemandMax":null,"Value":1770},{"Length":36,"Height":49,"Demand":1,"DemandMax":null,"Value":1764},{"Length":47,"Height":37,"Demand":1,"DemandMax":null,"Value":1739},{"Length":41,"Height":42,"Demand":1,"DemandMax":null,"Value":1722},{"Length":48,"Height":35,"Demand":1,"DemandMax":null,"Value":1680},{"Length":87,"Height":19,"Demand":1,"DemandMax":null,"Value":1653},{"Length":267,"Height":6,"Demand":1,"DemandMax":null,"Value":1602},{"Length":64,"Height":26,"Demand":1,"DemandMax":null,"Value":1664},{"Length":26,"Height":62,"Demand":1,"DemandMax":null,"Value":1612},{"Length":31,"Height":52,"Demand":1,"DemandMax":null,"Value":1612},{"Length":69,"Height":23,"Demand":1,"DemandMax":null,"Value":1587},{"Length":24,"Height":65,"Demand":1,"DemandMax":null,"Value":1560},{"Length":168,"Height":9,"Demand":1,"DemandMax":null,"Value":1512},{"Length":66,"Height":23,"Demand":1,"DemandMax":null,"Value":1518},{"Length":41,"Height":36,"Demand":1,"DemandMax":null,"Value":1476},{"Length":116,"Height":13,"Demand":1,"DemandMax":null,"Value":1508},{"Length":34,"Height":44,"Demand":1,"DemandMax":null,"Value":1496},{"Length":61,"Height":24,"Demand":1,"DemandMax":null,"Value":1464},{"Length":25,"Height":57,"Demand":1,"DemandMax":null,"Value":1425},{"Length":16,"Height":86,"Demand":1,"DemandMax":null,"Value":1376},{"Length":39,"Height":36,"Demand":1,"DemandMax":null,"Value":1404},{"Length":54,"Height":26,"Demand":1,"DemandMax":null,"Value":1404},{"Length":45,"Height":31,"Demand":1,"DemandMax":null,"Value":1395},{"Length":40,"Height":33,"Demand":1,"DemandMax":null,"Value":1320},{"Length":117,"Height":11,"Demand":1,"DemandMax":null,"Value":1287},{"Length":5,"Height":256,"Demand":1,"DemandMax":null,"Value":1280},{"Length":19,"Height":65,"Demand":1,"DemandMax":null,"Value":1235},{"Length":14,"Height":87,"Demand":1,"DemandMax":null,"Value":1218},{"Length":56,"Height":21,"Demand":1,"DemandMax":null,"Value":1176},{"Length":31,"Height":38,"Demand":2,"DemandMax":null,"Value":1178},{"Length":88,"Height":14,"Demand":1,"DemandMax":null,"Value":1232},{"Length":17,"Height":72,"Demand":1,"DemandMax":null,"Value":1224},{"Length":44,"Height":26,"Demand":1,"DemandMax":null,"Value":1144},{"Length":110,"Height":10,"Demand":1,"DemandMax":null,"Value":1100},{"Length":9,"Height":128,"Demand":1,"DemandMax":null,"Value":1152},{"Length":169,"Height":7,"Demand":1,"DemandMax":null,"Value":1183},{"Length":37,"Height":30,"Demand":1,"DemandMax":null,"Value":1110},{"Length":16,"Height":72,"Demand":1,"DemandMax":null,"Value":1152},{"Length":135,"Height":8,"Demand":1,"DemandMax":null,"Value":1080},{"Length":42,"Height":25,"Demand":1,"DemandMax":null,"Value":1050},{"Length":125,"Height":8,"Demand":1,"DemandMax":null,"Value":1000},{"Length":39,"Height":27,"Demand":1,"DemandMax":null,"Value":1053},{"Length":6,"Height":175,"Demand":1,"DemandMax":null,"Value":1050},{"Length":87,"Height":12,"Demand":1,"DemandMax":null,"Value":1044},{"Length":10,"Height":100,"Demand":1,"DemandMax":null,"Value":1000},{"Length":96,"Height":11,"Demand":1,"DemandMax":null,"Value":1056},{"Length":14,"Height":71,"Demand":1,"DemandMax":null,"Value":994},{"Length":12,"Height":82,"Demand":1,"DemandMax":null,"Value":984},{"Length":100,"Height":10,"Demand":1,"DemandMax":null,"Value":1000},{"Length":37,"Height":26,"Demand":1,"DemandMax":null,"Value":962},{"Length":91,"Height":10,"Demand":1,"DemandMax":null,"Value":910},{"Length":255,"Height":4,"Demand":1,"DemandMax":null,"Value":1020},{"Length":22,"Height":42,"Demand":1,"DemandMax":null,"Value":924},{"Length":19,"Height":49,"Demand":1,"DemandMax":null,"Value":931},{"Length":83,"Height":11,"Demand":1,"DemandMax":null,"Value":913},{"Length":41,"Height":22,"Demand":1,"DemandMax":null,"Value":902},{"Length":5,"Height":183,"Demand":1,"DemandMax":null,"Value":915},{"Length":25,"Height":36,"Demand":1,"DemandMax":null,"Value":900},{"Length":34,"Height":27,"Demand":1,"DemandMax":null,"Value":918},{"Length":67,"Height":13,"Demand":1,"DemandMax":null,"Value":871},{"Length":40,"Height":22,"Demand":1,"DemandMax":null,"Value":880},{"Length":25,"Height":35,"Demand":1,"DemandMax":null,"Value":875},{"Length":73,"Height":12,"Demand":1,"DemandMax":null,"Value":876},{"Length":69,"Height":13,"Demand":1,"DemandMax":null,"Value":897},{"Length":37,"Height":23,"Demand":1,"DemandMax":null,"Value":851},{"Length":29,"Height":29,"Demand":1,"DemandMax":null,"Value":841},{"Length":59,"Height":14,"Demand":1,"DemandMax":null,"Value":826},{"Length":135,"Height":6,"Demand":1,"DemandMax":null,"Value":810},{"Length":22,"Height":36,"Demand":1,"DemandMax":null,"Value":792},{"Length":14,"Height":60,"Demand":1,"DemandMax":null,"Value":840},{"Length":47,"Height":17,"Demand":1,"DemandMax":null,"Value":799},{"Length":64,"Height":13,"Demand":1,"DemandMax":null,"Value":832},{"Length":27,"Height":30,"Demand":1,"DemandMax":null,"Value":810},{"Length":63,"Height":13,"Demand":1,"DemandMax":null,"Value":819},{"Length":76,"Height":10,"Demand":1,"DemandMax":null,"Value":760},{"Length":267,"Height":3,"Demand":1,"DemandMax":null,"Value":801},{"Length":11,"Height":72,"Demand":1,"DemandMax":null,"Value":792},{"Length":40,"Height":19,"Demand":1,"DemandMax":null,"Value":760},{"Length":16,"Height":49,"Demand":1,"DemandMax":null,"Value":784},{"Length":6,"Height":122,"Demand":1,"DemandMax":null,"Value":732},{"Length":54,"Height":14,"Demand":1,"DemandMax":null,"Value":756},{"Length":125,"Height":6,"Demand":1,"DemandMax":null,"Value":750},{"Length":55,"Height":14,"Demand":1,"DemandMax":null,"Value":770},{"Length":4,"Height":198,"Demand":1,"DemandMax":null,"Value":792},{"Length":19,"Height":38,"Demand":1,"DemandMax":null,"Value":722},{"Length":67,"Height":11,"Demand":1,"DemandMax":null,"Value":737},{"Length":14,"Height":50,"Demand":2,"DemandMax":null,"Value":700},{"Length":44,"Height":16,"Demand":1,"DemandMax":null,"Value":704},{"Length":16,"Height":45,"Demand":1,"DemandMax":null,"Value":720},{"Length":9,"Height":79,"Demand":1,"DemandMax":null,"Value":711},{"Length":21,"Height":34,"Demand":1,"DemandMax":null,"Value":714},{"Length":7,"Height":93,"Demand":1,"DemandMax":null,"Value":651},{"Length":88,"Height":8,"Demand":1,"DemandMax":null,"Value":704},{"Length":123,"Height":6,"Demand":1,"DemandMax":null,"Value":738},{"Length":148,"Height":5,"Demand":1,"DemandMax":null,"Value":740},{"Length":39,"Height":17,"Demand":1,"DemandMax":null,"Value":663},{"Length":35,"Height":19,"Demand":1,"DemandMax":null,"Value":665},{"Length":38,"Height":17,"Demand":1,"DemandMax":null,"Value":646},{"Length":17,"Height":39,"Demand":1,"DemandMax":null,"Value":663},{"Length":49,"Height":14,"Demand":1,"DemandMax":null,"Value":686},{"Length":57,"Height":12,"Demand":1,"DemandMax":null,"Value":684},{"Length":138,"Height":5,"Demand":1,"DemandMax":null,"Value":690},{"Length":43,"Height":15,"Demand":1,"DemandMax":null,"Value":645},{"Length":40,"Height":16,"Demand":1,"DemandMax":null,"Value":640},{"Length":238,"Height":3,"Demand":1,"DemandMax":null,"Value":714},{"Length":7,"Height":96,"Demand":1,"DemandMax":null,"Value":672},{"Length":19,"Height":33,"Demand":1,"DemandMax":null,"Value":627},{"Length":110,"Height":6,"Demand":1,"DemandMax":null,"Value":660},{"Length":203,"Height":3,"Demand":1,"DemandMax":null,"Value":609},{"Length":13,"Height":47,"Demand":1,"DemandMax":null,"Value":611},{"Length":5,"Height":119,"Demand":1,"DemandMax":null,"Value":595},{"Length":44,"Height":14,"Demand":1,"DemandMax":null,"Value":616},{"Length":45,"Height":14,"Demand":1,"DemandMax":null,"Value":630},{"Length":24,"Height":25,"Demand":1,"DemandMax":null,"Value":600},{"Length":77,"Height":8,"Demand":1,"DemandMax":null,"Value":616},{"Length":38,"Height":16,"Demand":1,"DemandMax":null,"Value":608},{"Length":34,"Height":18,"Demand":1,"DemandMax":null,"Value":612},{"Length":135,"Height":4,"Demand":1,"DemandMax":null,"Value":540},{"Length":41,"Height":15,"Demand":1,"DemandMax":null,"Value":615},{"Length":31,"Height":19,"Demand":1,"DemandMax":null,"Value":589},{"Length":10,"Height":59,"Demand":1,"DemandMax":null,"Value":590},{"Length":76,"Height":8,"Demand":1,"DemandMax":null,"Value":608},{"Length":33,"Height":18,"Demand":1,"DemandMax":null,"Value":594},{"Length":98,"Height":6,"Demand":1,"DemandMax":null,"Value":588},{"Length":91,"Height":6,"Demand":1,"DemandMax":null,"Value":546},{"Length":38,"Height":15,"Demand":1,"DemandMax":null,"Value":570},{"Length":3,"Height":228,"Demand":1,"DemandMax":null,"Value":684},{"Length":227,"Height":3,"Demand":1,"DemandMax":null,"Value":681},{"Length":45,"Height":13,"Demand":1,"DemandMax":null,"Value":585},{"Length":64,"Height":9,"Demand":1,"DemandMax":null,"Value":576},{"Length":23,"Height":25,"Demand":1,"DemandMax":null,"Value":575},{"Length":169,"Height":3,"Demand":2,"DemandMax":null,"Value":507},{"Length":32,"Height":18,"Demand":1,"DemandMax":null,"Value":576},{"Length":49,"Height":12,"Demand":1,"DemandMax":null,"Value":588},{"Length":28,"Height":20,"Demand":1,"DemandMax":null,"Value":560},{"Length":146,"Height":4,"Demand":1,"DemandMax":null,"Value":584},{"Length":142,"Height":4,"Demand":1,"DemandMax":null,"Value":568},{"Length":21,"Height":26,"Demand":1,"DemandMax":null,"Value":546},{"Length":117,"Height":5,"Demand":1,"DemandMax":null,"Value":585},{"Length":83,"Height":7,"Demand":1,"DemandMax":null,"Value":581},{"Length":87,"Height":6,"Demand":1,"DemandMax":null,"Value":522},{"Length":158,"Height":3,"Demand":1,"DemandMax":null,"Value":474},{"Length":14,"Height":40,"Demand":2,"DemandMax":null,"Value":560},{"Length":45,"Height":12,"Demand":1,"DemandMax":null,"Value":540},{"Length":211,"Height":3,"Demand":1,"DemandMax":null,"Value":633},{"Length":74,"Height":7,"Demand":1,"DemandMax":null,"Value":518},{"Length":44,"Height":12,"Demand":1,"DemandMax":null,"Value":528},{"Length":49,"Height":11,"Demand":1,"DemandMax":null,"Value":539},{"Length":3,"Height":156,"Demand":1,"DemandMax":null,"Value":468},{"Length":11,"Height":48,"Demand":1,"DemandMax":null,"Value":528},{"Length":40,"Height":14,"Demand":1,"DemandMax":null,"Value":560},{"Length":16,"Height":34,"Demand":1,"DemandMax":null,"Value":544},{"Length":100,"Height":5,"Demand":1,"DemandMax":null,"Value":500},{"Length":46,"Height":12,"Demand":1,"DemandMax":null,"Value":552},{"Length":5,"Height":117,"Demand":1,"DemandMax":null,"Value":585},{"Length":164,"Height":3,"Demand":1,"DemandMax":null,"Value":492},{"Length":4,"Height":120,"Demand":1,"DemandMax":null,"Value":480},{"Length":183,"Height":3,"Demand":1,"DemandMax":null,"Value":549},{"Length":5,"Height":112,"Demand":1,"DemandMax":null,"Value":560},{"Length":5,"Height":97,"Demand":1,"DemandMax":null,"Value":485},{"Length":167,"Height":3,"Demand":1,"DemandMax":null,"Value":501},{"Length":113,"Height":5,"Demand":1,"DemandMax":null,"Value":565},{"Length":22,"Height":24,"Demand":1,"DemandMax":null,"Value":528},{"Length":21,"Height":25,"Demand":1,"DemandMax":null,"Value":525},{"Length":18,"Height":29,"Demand":1,"DemandMax":null,"Value":522},{"Length":48,"Height":11,"Demand":1,"DemandMax":null,"Value":528},{"Length":197,"Height":3,"Demand":1,"DemandMax":null,"Value":591},{"Length":166,"Height":3,"Demand":1,"DemandMax":null,"Value":498},{"Length":104,"Height":5,"Demand":1,"DemandMax":null,"Value":520},{"Length":42,"Height":12,"Demand":1,"DemandMax":null,"Value":504},{"Length":9,"Height":56,"Demand":1,"DemandMax":null,"Value":504},{"Length":16,"Height":32,"Demand":1,"DemandMax":null,"Value":512},{"Length":92,"Height":5,"Demand":1,"DemandMax":null,"Value":460},{"Length":170,"Height":3,"Demand":1,"DemandMax":null,"Value":510},{"Length":36,"Height":14,"Demand":1,"DemandMax":null,"Value":504},{"Length":8,"Height":60,"Demand":1,"DemandMax":null,"Value":480},{"Length":26,"Height":19,"Demand":1,"DemandMax":null,"Value":494},{"Length":35,"Height":14,"Demand":1,"DemandMax":null,"Value":490},{"Length":28,"Height":17,"Demand":1,"DemandMax":null,"Value":476},{"Length":2,"Height":200,"Demand":1,"DemandMax":null,"Value":400},{"Length":54,"Height":9,"Demand":1,"DemandMax":null,"Value":486},{"Length":19,"Height":25,"Demand":1,"DemandMax":null,"Value":475},{"Length":3,"Height":170,"Demand":1,"DemandMax":null,"Value":510},{"Length":162,"Height":3,"Demand":1,"DemandMax":null,"Value":486},{"Length":23,"Height":20,"Demand":1,"DemandMax":null,"Value":460},{"Length":26,"Height":18,"Demand":1,"DemandMax":null,"Value":468},{"Length":17,"Height":27,"Demand":1,"DemandMax":null,"Value":459},{"Length":68,"Height":7,"Demand":1,"DemandMax":null,"Value":476},{"Length":41,"Height":11,"Demand":1,"DemandMax":null,"Value":451},{"Length":6,"Height":83,"Demand":1,"DemandMax":null,"Value":498},{"Length":211,"Height":2,"Demand":1,"DemandMax":null,"Value":422},{"Length":10,"Height":48,"Demand":1,"DemandMax":null,"Value":480},{"Length":121,"Height":4,"Demand":1,"DemandMax":null,"Value":484},{"Length":95,"Height":5,"Demand":1,"DemandMax":null,"Value":475},{"Length":9,"Height":47,"Demand":1,"DemandMax":null,"Value":423},{"Length":88,"Height":5,"Demand":1,"DemandMax":null,"Value":440},{"Length":15,"Height":30,"Demand":1,"DemandMax":null,"Value":450},{"Length":8,"Height":55,"Demand":1,"DemandMax":null,"Value":440},{"Length":89,"Height":5,"Demand":1,"DemandMax":null,"Value":445},{"Length":11,"Height":38,"Demand":1,"DemandMax":null,"Value":418},{"Length":24,"Height":18,"Demand":1,"DemandMax":null,"Value":432},{"Length":11,"Height":41,"Demand":1,"DemandMax":null,"Value":451},{"Length":45,"Height":10,"Demand":1,"DemandMax":null,"Value":450},{"Length":36,"Height":12,"Demand":1,"DemandMax":null,"Value":432},{"Length":114,"Height":4,"Demand":1,"DemandMax":null,"Value":456},{"Length":40,"Height":11,"Demand":1,"DemandMax":null,"Value":440},{"Length":23,"Height":19,"Demand":1,"DemandMax":null,"Value":437},{"Length":23,"Height":18,"Demand":1,"DemandMax":null,"Value":414},{"Length":4,"Height":106,"Demand":1,"DemandMax":null,"Value":424},{"Length":38,"Height":11,"Demand":1,"DemandMax":null,"Value":418},{"Length":20,"Height":21,"Demand":1,"DemandMax":null,"Value":420},{"Length":10,"Height":41,"Demand":1,"DemandMax":null,"Value":410},{"Length":14,"Height":29,"Demand":2,"DemandMax":null,"Value":406},{"Length":2,"Height":166,"Demand":1,"DemandMax":null,"Value":332},{"Length":167,"Height":2,"Demand":2,"DemandMax":null,"Value":334},{"Length":14,"Height":30,"Demand":1,"DemandMax":null,"Value":420},{"Length":22,"Height":18,"Demand":1,"DemandMax":null,"Value":396},{"Length":75,"Height":5,"Demand":1,"DemandMax":null,"Value":375},{"Length":31,"Height":13,"Demand":1,"DemandMax":null,"Value":403},{"Length":40,"Height":10,"Demand":1,"DemandMax":null,"Value":400},{"Length":12,"Height":33,"Demand":2,"DemandMax":null,"Value":396},{"Length":110,"Height":4,"Demand":1,"DemandMax":null,"Value":440},{"Length":81,"Height":5,"Demand":1,"DemandMax":null,"Value":405},{"Length":85,"Height":5,"Demand":1,"DemandMax":null,"Value":425},{"Length":10,"Height":38,"Demand":1,"DemandMax":null,"Value":380},{"Length":6,"Height":67,"Demand":1,"DemandMax":null,"Value":402},{"Length":5,"Height":73,"Demand":1,"DemandMax":null,"Value":365},{"Length":62,"Height":6,"Demand":1,"DemandMax":null,"Value":372},{"Length":115,"Height":3,"Demand":1,"DemandMax":null,"Value":345},{"Length":101,"Height":4,"Demand":1,"DemandMax":null,"Value":404},{"Length":57,"Height":7,"Demand":1,"DemandMax":null,"Value":399},{"Length":23,"Height":17,"Demand":1,"DemandMax":null,"Value":391},{"Length":28,"Height":14,"Demand":2,"DemandMax":null,"Value":392},{"Length":76,"Height":5,"Demand":3,"DemandMax":null,"Value":380},{"Length":9,"Height":45,"Demand":1,"DemandMax":null,"Value":405},{"Length":64,"Height":6,"Demand":2,"DemandMax":null,"Value":384},{"Length":65,"Height":6,"Demand":1,"DemandMax":null,"Value":390},{"Length":132,"Height":3,"Demand":1,"DemandMax":null,"Value":396},{"Length":25,"Height":15,"Demand":1,"DemandMax":null,"Value":375},{"Length":108,"Height":4,"Demand":1,"DemandMax":null,"Value":432},{"Length":22,"Height":17,"Demand":1,"DemandMax":null,"Value":374},{"Length":12,"Height":32,"Demand":1,"DemandMax":null,"Value":384},{"Length":27,"Height":14,"Demand":1,"DemandMax":null,"Value":378},{"Length":8,"Height":45,"Demand":1,"DemandMax":null,"Value":360},{"Length":135,"Height":3,"Demand":1,"DemandMax":null,"Value":405},{"Length":69,"Height":6,"Demand":1,"DemandMax":null,"Value":414},{"Length":87,"Height":4,"Demand":4,"DemandMax":null,"Value":348},{"Length":7,"Height":51,"Demand":1,"DemandMax":null,"Value":357},{"Length":12,"Height":30,"Demand":3,"DemandMax":null,"Value":360},{"Length":18,"Height":20,"Demand":1,"DemandMax":null,"Value":360},{"Length":8,"Height":48,"Demand":1,"DemandMax":null,"Value":384},{"Length":31,"Height":12,"Demand":3,"DemandMax":null,"Value":372},{"Length":30,"Height":13,"Demand":1,"DemandMax":null,"Value":390},{"Length":11,"Height":34,"Demand":1,"DemandMax":null,"Value":374},{"Length":23,"Height":16,"Demand":2,"DemandMax":null,"Value":368},{"Length":16,"Height":23,"Demand":1,"DemandMax":null,"Value":368},{"Length":79,"Height":5,"Demand":1,"DemandMax":null,"Value":395},{"Length":39,"Height":9,"Demand":2,"DemandMax":null,"Value":351},{"Length":126,"Height":3,"Demand":1,"DemandMax":null,"Value":378},{"Length":44,"Height":8,"Demand":3,"DemandMax":null,"Value":352},{"Length":3,"Height":135,"Demand":1,"DemandMax":null,"Value":405},{"Length":13,"Height":29,"Demand":1,"DemandMax":null,"Value":377},{"Length":49,"Height":7,"Demand":2,"DemandMax":null,"Value":343},{"Length":7,"Height":52,"Demand":1,"DemandMax":null,"Value":364},{"Length":41,"Height":9,"Demand":1,"DemandMax":null,"Value":369},{"Length":13,"Height":28,"Demand":1,"DemandMax":null,"Value":364},{"Length":58,"Height":6,"Demand":1,"DemandMax":null,"Value":348},{"Length":51,"Height":7,"Demand":1,"DemandMax":null,"Value":357},{"Length":54,"Height":7,"Demand":1,"DemandMax":null,"Value":378},{"Length":43,"Height":8,"Demand":2,"DemandMax":null,"Value":344},{"Length":4,"Height":88,"Demand":1,"DemandMax":null,"Value":352},{"Length":18,"Height":19,"Demand":2,"DemandMax":null,"Value":342},{"Length":5,"Height":70,"Demand":1,"DemandMax":null,"Value":350},{"Length":95,"Height":4,"Demand":1,"DemandMax":null,"Value":380},{"Length":40,"Height":9,"Demand":1,"DemandMax":null,"Value":360},{"Length":30,"Height":12,"Demand":2,"DemandMax":null,"Value":360},{"Length":19,"Height":18,"Demand":1,"DemandMax":null,"Value":342},{"Length":4,"Height":79,"Demand":2,"DemandMax":null,"Value":316},{"Length":14,"Height":25,"Demand":1,"DemandMax":null,"Value":350},{"Length":108,"Height":3,"Demand":1,"DemandMax":null,"Value":324},{"Length":69,"Height":5,"Demand":1,"DemandMax":null,"Value":345},{"Length":17,"Height":20,"Demand":1,"DemandMax":null,"Value":340},{"Length":170,"Height":2,"Demand":1,"DemandMax":null,"Value":340},{"Length":56,"Height":6,"Demand":1,"DemandMax":null,"Value":336},{"Length":21,"Height":17,"Demand":1,"DemandMax":null,"Value":357},{"Length":32,"Height":11,"Demand":1,"DemandMax":null,"Value":352},{"Length":73,"Height":5,"Demand":3,"DemandMax":null,"Value":365},{"Length":67,"Height":5,"Demand":1,"DemandMax":null,"Value":335},{"Length":60,"Height":6,"Demand":1,"DemandMax":null,"Value":360},{"Length":116,"Height":3,"Demand":1,"DemandMax":null,"Value":348},{"Length":8,"Height":44,"Demand":1,"DemandMax":null,"Value":352},{"Length":29,"Height":12,"Demand":1,"DemandMax":null,"Value":348},{"Length":30,"Height":11,"Demand":1,"DemandMax":null,"Value":330},{"Length":3,"Height":130,"Demand":1,"DemandMax":null,"Value":390},{"Length":26,"Height":13,"Demand":1,"DemandMax":null,"Value":338},{"Length":48,"Height":7,"Demand":1,"DemandMax":null,"Value":336},{"Length":129,"Height":3,"Demand":1,"DemandMax":null,"Value":387},{"Length":23,"Height":14,"Demand":1,"DemandMax":null,"Value":322},{"Length":59,"Height":6,"Demand":1,"DemandMax":null,"Value":354},{"Length":15,"Height":22,"Demand":1,"DemandMax":null,"Value":330},{"Length":94,"Height":4,"Demand":1,"DemandMax":null,"Value":376},{"Length":42,"Height":8,"Demand":1,"DemandMax":null,"Value":336},{"Length":14,"Height":24,"Demand":1,"DemandMax":null,"Value":336},{"Length":13,"Height":26,"Demand":1,"DemandMax":null,"Value":338},{"Length":39,"Height":8,"Demand":1,"DemandMax":null,"Value":312},{"Length":7,"Height":47,"Demand":1,"DemandMax":null,"Value":329},{"Length":33,"Height":10,"Demand":1,"DemandMax":null,"Value":330},{"Length":45,"Height":7,"Demand":1,"DemandMax":null,"Value":315},{"Length":10,"Height":31,"Demand":1,"DemandMax":null,"Value":310},{"Length":59,"Height":5,"Demand":1,"DemandMax":null,"Value":295},{"Length":8,"Height":42,"Demand":1,"DemandMax":null,"Value":336},{"Length":38,"Height":8,"Demand":1,"DemandMax":null,"Value":304},{"Length":15,"Height":21,"Demand":1,"DemandMax":null,"Value":315},{"Length":18,"Height":18,"Demand":1,"DemandMax":null,"Value":324},{"Length":7,"Height":43,"Demand":1,"DemandMax":null,"Value":301},{"Length":151,"Height":2,"Demand":3,"DemandMax":null,"Value":302},{"Length":63,"Height":5,"Demand":1,"DemandMax":null,"Value":315},{"Length":17,"Height":19,"Demand":1,"DemandMax":null,"Value":323},{"Length":5,"Height":60,"Demand":1,"DemandMax":null,"Value":300},{"Length":178,"Height":2,"Demand":1,"DemandMax":null,"Value":356},{"Length":10,"Height":33,"Demand":1,"DemandMax":null,"Value":330},{"Length":49,"Height":6,"Demand":2,"DemandMax":null,"Value":294},{"Length":22,"Height":14,"Demand":1,"DemandMax":null,"Value":308},{"Length":97,"Height":3,"Demand":1,"DemandMax":null,"Value":291},{"Length":3,"Height":112,"Demand":1,"DemandMax":null,"Value":336},{"Length":55,"Height":6,"Demand":1,"DemandMax":null,"Value":330},{"Length":118,"Height":3,"Demand":1,"DemandMax":null,"Value":354},{"Length":24,"Height":13,"Demand":1,"DemandMax":null,"Value":312},{"Length":12,"Height":26,"Demand":2,"DemandMax":null,"Value":312},{"Length":142,"Height":2,"Demand":1,"DemandMax":null,"Value":284},{"Length":79,"Height":4,"Demand":1,"DemandMax":null,"Value":316},{"Length":138,"Height":2,"Demand":1,"DemandMax":null,"Value":276},{"Length":13,"Height":23,"Demand":1,"DemandMax":null,"Value":299},{"Length":3,"Height":100,"Demand":1,"DemandMax":null,"Value":300},{"Length":46,"Height":7,"Demand":1,"DemandMax":null,"Value":322},{"Length":18,"Height":17,"Demand":1,"DemandMax":null,"Value":306},{"Length":8,"Height":39,"Demand":1,"DemandMax":null,"Value":312},{"Length":24,"Height":12,"Demand":3,"DemandMax":null,"Value":288},{"Length":16,"Height":18,"Demand":2,"DemandMax":null,"Value":288},{"Length":8,"Height":38,"Demand":1,"DemandMax":null,"Value":304},{"Length":15,"Height":20,"Demand":1,"DemandMax":null,"Value":300},{"Length":61,"Height":5,"Demand":1,"DemandMax":null,"Value":305},{"Length":47,"Height":6,"Demand":2,"DemandMax":null,"Value":282},{"Length":147,"Height":2,"Demand":2,"DemandMax":null,"Value":294},{"Length":34,"Height":9,"Demand":1,"DemandMax":null,"Value":306},{"Length":109,"Height":3,"Demand":1,"DemandMax":null,"Value":327},{"Length":9,"Height":33,"Demand":1,"DemandMax":null,"Value":297},{"Length":25,"Height":12,"Demand":2,"DemandMax":null,"Value":300},{"Length":137,"Height":2,"Demand":1,"DemandMax":null,"Value":274},{"Length":41,"Height":7,"Demand":2,"DemandMax":null,"Value":287},{"Length":3,"Height":88,"Demand":1,"DemandMax":null,"Value":264},{"Length":7,"Height":40,"Demand":1,"DemandMax":null,"Value":280},{"Length":37,"Height":8,"Demand":1,"DemandMax":null,"Value":296},{"Length":48,"Height":6,"Demand":1,"DemandMax":null,"Value":288},{"Length":11,"Height":26,"Demand":1,"DemandMax":null,"Value":286},{"Length":119,"Height":2,"Demand":1,"DemandMax":null,"Value":238},{"Length":11,"Height":25,"Demand":2,"DemandMax":null,"Value":275},{"Length":18,"Height":16,"Demand":1,"DemandMax":null,"Value":288},{"Length":12,"Height":25,"Demand":1,"DemandMax":null,"Value":300},{"Length":39,"Height":7,"Demand":1,"DemandMax":null,"Value":273},{"Length":12,"Height":24,"Demand":1,"DemandMax":null,"Value":288},{"Length":120,"Height":2,"Demand":2,"DemandMax":null,"Value":240},{"Length":26,"Height":11,"Demand":1,"DemandMax":null,"Value":286},{"Length":30,"Height":9,"Demand":1,"DemandMax":null,"Value":270},{"Length":13,"Height":22,"Demand":2,"DemandMax":null,"Value":286},{"Length":60,"Height":5,"Demand":1,"DemandMax":null,"Value":300},{"Length":36,"Height":8,"Demand":1,"DemandMax":null,"Value":288},{"Length":3,"Height":85,"Demand":1,"DemandMax":null,"Value":255},{"Length":95,"Height":3,"Demand":2,"DemandMax":null,"Value":285},{"Length":3,"Height":87,"Demand":1,"DemandMax":null,"Value":261},{"Length":2,"Height":123,"Demand":2,"DemandMax":null,"Value":246},{"Length":2,"Height":151,"Demand":1,"DemandMax":null,"Value":302},{"Length":4,"Height":75,"Demand":1,"DemandMax":null,"Value":300},{"Length":80,"Height":3,"Demand":1,"DemandMax":null,"Value":240},{"Length":7,"Height":42,"Demand":1,"DemandMax":null,"Value":294},{"Length":78,"Height":4,"Demand":1,"DemandMax":null,"Value":312},{"Length":24,"Height":11,"Demand":2,"DemandMax":null,"Value":264},{"Length":45,"Height":6,"Demand":1,"DemandMax":null,"Value":270},{"Length":2,"Height":137,"Demand":1,"DemandMax":null,"Value":274},{"Length":52,"Height":5,"Demand":1,"DemandMax":null,"Value":260},{"Length":4,"Height":67,"Demand":3,"DemandMax":null,"Value":268},{"Length":4,"Height":77,"Demand":1,"DemandMax":null,"Value":308},{"Length":29,"Height":9,"Demand":5,"DemandMax":null,"Value":261},{"Length":4,"Height":71,"Demand":1,"DemandMax":null,"Value":284},{"Length":25,"Height":11,"Demand":1,"DemandMax":null,"Value":275},{"Length":3,"Height":104,"Demand":1,"DemandMax":null,"Value":312},{"Length":32,"Height":8,"Demand":2,"DemandMax":null,"Value":256},{"Length":125,"Height":2,"Demand":3,"DemandMax":null,"Value":250},{"Length":127,"Height":2,"Demand":2,"DemandMax":null,"Value":254},{"Length":8,"Height":34,"Demand":1,"DemandMax":null,"Value":272},{"Length":31,"Height":9,"Demand":1,"DemandMax":null,"Value":279},{"Length":98,"Height":3,"Demand":1,"DemandMax":null,"Value":294},{"Length":57,"Height":5,"Demand":1,"DemandMax":null,"Value":285},{"Length":99,"Height":3,"Demand":2,"DemandMax":null,"Value":297},{"Length":112,"Height":2,"Demand":1,"DemandMax":null,"Value":224},{"Length":63,"Height":4,"Demand":3,"DemandMax":null,"Value":252},{"Length":18,"Height":14,"Demand":3,"DemandMax":null,"Value":252},{"Length":15,"Height":17,"Demand":1,"DemandMax":null,"Value":255},{"Length":37,"Height":7,"Demand":1,"DemandMax":null,"Value":259},{"Length":7,"Height":41,"Demand":1,"DemandMax":null,"Value":287},{"Length":60,"Height":4,"Demand":2,"DemandMax":null,"Value":240},{"Length":4,"Height":61,"Demand":1,"DemandMax":null,"Value":244},{"Length":145,"Height":2,"Demand":1,"DemandMax":null,"Value":290},{"Length":20,"Height":13,"Demand":1,"DemandMax":null,"Value":260},{"Length":34,"Height":8,"Demand":1,"DemandMax":null,"Value":272},{"Length":16,"Height":16,"Demand":2,"DemandMax":null,"Value":256},{"Length":12,"Height":22,"Demand":1,"DemandMax":null,"Value":264},{"Length":5,"Height":52,"Demand":1,"DemandMax":null,"Value":260},{"Length":59,"Height":4,"Demand":1,"DemandMax":null,"Value":236},{"Length":27,"Height":9,"Demand":3,"DemandMax":null,"Value":243},{"Length":114,"Height":2,"Demand":2,"DemandMax":null,"Value":228},{"Length":2,"Height":103,"Demand":1,"DemandMax":null,"Value":206},{"Length":4,"Height":65,"Demand":1,"DemandMax":null,"Value":260},{"Length":149,"Height":2,"Demand":1,"DemandMax":null,"Value":298},{"Length":4,"Height":66,"Demand":1,"DemandMax":null,"Value":264},{"Length":101,"Height":2,"Demand":7,"DemandMax":null,"Value":202},{"Length":10,"Height":24,"Demand":2,"DemandMax":null,"Value":240},{"Length":7,"Height":34,"Demand":1,"DemandMax":null,"Value":238},{"Length":140,"Height":2,"Demand":1,"DemandMax":null,"Value":280},{"Length":5,"Height":46,"Demand":1,"DemandMax":null,"Value":230},{"Length":87,"Height":3,"Demand":3,"DemandMax":null,"Value":261},{"Length":2,"Height":152,"Demand":1,"DemandMax":null,"Value":304},{"Length":16,"Height":15,"Demand":4,"DemandMax":null,"Value":240},{"Length":5,"Height":50,"Demand":2,"DemandMax":null,"Value":250},{"Length":13,"Height":20,"Demand":1,"DemandMax":null,"Value":260},{"Length":76,"Height":3,"Demand":6,"DemandMax":null,"Value":228},{"Length":13,"Height":18,"Demand":4,"DemandMax":null,"Value":234},{"Length":17,"Height":14,"Demand":2,"DemandMax":null,"Value":238},{"Length":4,"Height":64,"Demand":1,"DemandMax":null,"Value":256},{"Length":18,"Height":13,"Demand":2,"DemandMax":null,"Value":234},{"Length":23,"Height":11,"Demand":1,"DemandMax":null,"Value":253},{"Length":21,"Height":12,"Demand":1,"DemandMax":null,"Value":252},{"Length":9,"Height":28,"Demand":1,"DemandMax":null,"Value":252},{"Length":14,"Height":17,"Demand":2,"DemandMax":null,"Value":238},{"Length":9,"Height":26,"Demand":2,"DemandMax":null,"Value":234},{"Length":14,"Height":18,"Demand":1,"DemandMax":null,"Value":252},{"Length":110,"Height":2,"Demand":1,"DemandMax":null,"Value":220},{"Length":25,"Height":10,"Demand":1,"DemandMax":null,"Value":250},{"Length":5,"Height":51,"Demand":1,"DemandMax":null,"Value":255},{"Length":78,"Height":3,"Demand":1,"DemandMax":null,"Value":234},{"Length":66,"Height":4,"Demand":1,"DemandMax":null,"Value":264},{"Length":83,"Height":3,"Demand":2,"DemandMax":null,"Value":249},{"Length":24,"Height":10,"Demand":2,"DemandMax":null,"Value":240},{"Length":109,"Height":2,"Demand":1,"DemandMax":null,"Value":218},{"Length":15,"Height":16,"Demand":2,"DemandMax":null,"Value":240},{"Length":38,"Height":6,"Demand":2,"DemandMax":null,"Value":228},{"Length":44,"Height":5,"Demand":5,"DemandMax":null,"Value":220},{"Length":10,"Height":25,"Demand":1,"DemandMax":null,"Value":250},{"Length":19,"Height":13,"Demand":1,"DemandMax":null,"Value":247},{"Length":2,"Height":102,"Demand":1,"DemandMax":null,"Value":204},{"Length":3,"Height":76,"Demand":3,"DemandMax":null,"Value":228},{"Length":8,"Height":32,"Demand":1,"DemandMax":null,"Value":256},{"Length":8,"Height":31,"Demand":1,"DemandMax":null,"Value":248},{"Length":20,"Height":12,"Demand":2,"DemandMax":null,"Value":240},{"Length":6,"Height":38,"Demand":5,"DemandMax":null,"Value":228},{"Length":7,"Height":35,"Demand":1,"DemandMax":null,"Value":245},{"Length":13,"Height":19,"Demand":1,"DemandMax":null,"Value":247},{"Length":2,"Height":108,"Demand":8,"DemandMax":null,"Value":216},{"Length":100,"Height":2,"Demand":2,"DemandMax":null,"Value":200},{"Length":14,"Height":16,"Demand":5,"DemandMax":null,"Value":224},{"Length":33,"Height":7,"Demand":1,"DemandMax":null,"Value":231},{"Length":16,"Height":14,"Demand":1,"DemandMax":null,"Value":224},{"Length":45,"Height":5,"Demand":4,"DemandMax":null,"Value":225},{"Length":86,"Height":3,"Demand":1,"DemandMax":null,"Value":258},{"Length":2,"Height":113,"Demand":3,"DemandMax":null,"Value":226},{"Length":2,"Height":134,"Demand":1,"DemandMax":null,"Value":268},{"Length":46,"Height":5,"Demand":4,"DemandMax":null,"Value":230},{"Length":102,"Height":2,"Demand":4,"DemandMax":null,"Value":204},{"Length":69,"Height":3,"Demand":11,"DemandMax":null,"Value":207},{"Length":41,"Height":6,"Demand":1,"DemandMax":null,"Value":246},{"Length":40,"Height":6,"Demand":1,"DemandMax":null,"Value":240},{"Length":5,"Height":45,"Demand":1,"DemandMax":null,"Value":225},{"Length":49,"Height":5,"Demand":1,"DemandMax":null,"Value":245},{"Length":4,"Height":57,"Demand":2,"DemandMax":null,"Value":228},{"Length":54,"Height":4,"Demand":6,"DemandMax":null,"Value":216},{"Length":71,"Height":3,"Demand":4,"DemandMax":null,"Value":213},{"Length":10,"Height":23,"Demand":2,"DemandMax":null,"Value":230},{"Length":35,"Height":6,"Demand":6,"DemandMax":null,"Value":210},{"Length":24,"Height":9,"Demand":4,"DemandMax":null,"Value":216},{"Length":6,"Height":36,"Demand":2,"DemandMax":null,"Value":216},{"Length":11,"Height":21,"Demand":2,"DemandMax":null,"Value":231},{"Length":2,"Height":116,"Demand":1,"DemandMax":null,"Value":232},{"Length":10,"Height":22,"Demand":3,"DemandMax":null,"Value":220},{"Length":9,"Height":25,"Demand":1,"DemandMax":null,"Value":225},{"Length":57,"Height":4,"Demand":2,"DemandMax":null,"Value":228},{"Length":4,"Height":52,"Demand":8,"DemandMax":null,"Value":208},{"Length":98,"Height":2,"Demand":6,"DemandMax":null,"Value":196},{"Length":36,"Height":6,"Demand":2,"DemandMax":null,"Value":216},{"Length":34,"Height":7,"Demand":1,"DemandMax":null,"Value":238},{"Length":81,"Height":3,"Demand":1,"DemandMax":null,"Value":243},{"Length":26,"Height":9,"Demand":3,"DemandMax":null,"Value":234},{"Length":15,"Height":15,"Demand":1,"DemandMax":null,"Value":225},{"Length":12,"Height":19,"Demand":3,"DemandMax":null,"Value":228},{"Length":22,"Height":10,"Demand":4,"DemandMax":null,"Value":220},{"Length":52,"Height":4,"Demand":8,"DemandMax":null,"Value":208},{"Length":31,"Height":7,"Demand":2,"DemandMax":null,"Value":217},{"Length":13,"Height":17,"Demand":2,"DemandMax":null,"Value":221},{"Length":88,"Height":3,"Demand":1,"DemandMax":null,"Value":264},{"Length":84,"Height":3,"Demand":1,"DemandMax":null,"Value":252},{"Length":48,"Height":5,"Demand":1,"DemandMax":null,"Value":240},{"Length":41,"Height":5,"Demand":12,"DemandMax":null,"Value":205},{"Length":39,"Height":6,"Demand":3,"DemandMax":null,"Value":234},{"Length":6,"Height":37,"Demand":1,"DemandMax":null,"Value":222},{"Length":4,"Height":50,"Demand":1,"DemandMax":null,"Value":200},{"Length":16,"Height":13,"Demand":3,"DemandMax":null,"Value":208},{"Length":5,"Height":43,"Demand":4,"DemandMax":null,"Value":215},{"Length":58,"Height":4,"Demand":2,"DemandMax":null,"Value":232},{"Length":89,"Height":2,"Demand":1,"DemandMax":null,"Value":178},{"Length":27,"Height":8,"Demand":2,"DemandMax":null,"Value":216},{"Length":26,"Height":8,"Demand":4,"DemandMax":null,"Value":208},{"Length":12,"Height":18,"Demand":3,"DemandMax":null,"Value":216},{"Length":34,"Height":6,"Demand":11,"DemandMax":null,"Value":204},{"Length":10,"Height":21,"Demand":3,"DemandMax":null,"Value":210},{"Length":8,"Height":27,"Demand":2,"DemandMax":null,"Value":216},{"Length":56,"Height":4,"Demand":2,"DemandMax":null,"Value":224},{"Length":7,"Height":33,"Demand":1,"DemandMax":null,"Value":231},{"Length":68,"Height":3,"Demand":4,"DemandMax":null,"Value":204},{"Length":5,"Height":41,"Demand":5,"DemandMax":null,"Value":205},{"Length":70,"Height":3,"Demand":5,"DemandMax":null,"Value":210},{"Length":25,"Height":9,"Demand":1,"DemandMax":null,"Value":225},{"Length":3,"Height":66,"Demand":2,"DemandMax":null,"Value":198},{"Length":42,"Height":5,"Demand":7,"DemandMax":null,"Value":210},{"Length":115,"Height":2,"Demand":2,"DemandMax":null,"Value":230},{"Length":2,"Height":94,"Demand":3,"DemandMax":null,"Value":188},{"Length":6,"Height":33,"Demand":2,"DemandMax":null,"Value":198},{"Length":11,"Height":20,"Demand":1,"DemandMax":null,"Value":220},{"Length":94,"Height":2,"Demand":4,"DemandMax":null,"Value":188},{"Length":11,"Height":19,"Demand":4,"DemandMax":null,"Value":209},{"Length":51,"Height":4,"Demand":2,"DemandMax":null,"Value":204},{"Length":18,"Height":12,"Demand":2,"DemandMax":null,"Value":216},{"Length":13,"Height":16,"Demand":3,"DemandMax":null,"Value":208},{"Length":5,"Height":39,"Demand":4,"DemandMax":null,"Value":195},{"Length":3,"Height":80,"Demand":1,"DemandMax":null,"Value":240},{"Length":128,"Height":2,"Demand":1,"DemandMax":null,"Value":256},{"Length":37,"Height":6,"Demand":1,"DemandMax":null,"Value":222},{"Length":3,"Height":84,"Demand":1,"DemandMax":null,"Value":252},{"Length":20,"Height":11,"Demand":1,"DemandMax":null,"Value":220},{"Length":66,"Height":3,"Demand":13,"DemandMax":null,"Value":198},{"Length":74,"Height":3,"Demand":4,"DemandMax":null,"Value":222},{"Length":2,"Height":96,"Demand":1,"DemandMax":null,"Value":192},{"Length":9,"Height":23,"Demand":4,"DemandMax":null,"Value":207},{"Length":3,"Height":82,"Demand":1,"DemandMax":null,"Value":246},{"Length":73,"Height":3,"Demand":4,"DemandMax":null,"Value":219},{"Length":7,"Height":29,"Demand":3,"DemandMax":null,"Value":203},{"Length":2,"Height":95,"Demand":9,"DemandMax":null,"Value":190},{"Length":30,"Height":7,"Demand":3,"DemandMax":null,"Value":210},{"Length":3,"Height":67,"Demand":6,"DemandMax":null,"Value":201},{"Length":8,"Height":25,"Demand":2,"DemandMax":null,"Value":200},{"Length":123,"Height":2,"Demand":1,"DemandMax":null,"Value":246},{"Length":91,"Height":2,"Demand":4,"DemandMax":null,"Value":182},{"Length":97,"Height":2,"Demand":2,"DemandMax":null,"Value":194},{"Length":99,"Height":2,"Demand":1,"DemandMax":null,"Value":198},{"Length":7,"Height":28,"Demand":4,"DemandMax":null,"Value":196},{"Length":5,"Height":40,"Demand":3,"DemandMax":null,"Value":200},{"Length":64,"Height":3,"Demand":5,"DemandMax":null,"Value":192},{"Length":2,"Height":128,"Demand":1,"DemandMax":null,"Value":256},{"Length":15,"Height":14,"Demand":3,"DemandMax":null,"Value":210},{"Length":88,"Height":2,"Demand":6,"DemandMax":null,"Value":176},{"Length":4,"Height":47,"Demand":4,"DemandMax":null,"Value":188},{"Length":32,"Height":7,"Demand":1,"DemandMax":null,"Value":224},{"Length":84,"Height":2,"Demand":5,"DemandMax":null,"Value":168},{"Length":7,"Height":31,"Demand":1,"DemandMax":null,"Value":217},{"Length":49,"Height":4,"Demand":4,"DemandMax":null,"Value":196},{"Length":18,"Height":11,"Demand":11,"DemandMax":null,"Value":198},{"Length":62,"Height":3,"Demand":9,"DemandMax":null,"Value":186},{"Length":22,"Height":9,"Demand":6,"DemandMax":null,"Value":198},{"Length":53,"Height":4,"Demand":2,"DemandMax":null,"Value":212},{"Length":6,"Height":32,"Demand":5,"DemandMax":null,"Value":192},{"Length":4,"Height":54,"Demand":1,"DemandMax":null,"Value":216},{"Length":47,"Height":4,"Demand":7,"DemandMax":null,"Value":188},{"Length":113,"Height":2,"Demand":2,"DemandMax":null,"Value":226},{"Length":9,"Height":22,"Demand":9,"DemandMax":null,"Value":198},{"Length":75,"Height":3,"Demand":1,"DemandMax":null,"Value":225},{"Length":60,"Height":3,"Demand":7,"DemandMax":null,"Value":180},{"Length":3,"Height":59,"Demand":5,"DemandMax":null,"Value":177},{"Length":1,"Height":138,"Demand":2,"DemandMax":null,"Value":138},{"Length":20,"Height":10,"Demand":8,"DemandMax":null,"Value":200},{"Length":11,"Height":18,"Demand":10,"DemandMax":null,"Value":198},{"Length":5,"Height":42,"Demand":5,"DemandMax":null,"Value":210},{"Length":23,"Height":9,"Demand":1,"DemandMax":null,"Value":207},{"Length":14,"Height":15,"Demand":1,"DemandMax":null,"Value":210},{"Length":136,"Height":1,"Demand":4,"DemandMax":null,"Value":136},{"Length":9,"Height":21,"Demand":6,"DemandMax":null,"Value":189},{"Length":4,"Height":48,"Demand":12,"DemandMax":null,"Value":192},{"Length":92,"Height":2,"Demand":4,"DemandMax":null,"Value":184},{"Length":1,"Height":137,"Demand":1,"DemandMax":null,"Value":137},{"Length":2,"Height":84,"Demand":2,"DemandMax":null,"Value":168},{"Length":39,"Height":5,"Demand":9,"DemandMax":null,"Value":195},{"Length":17,"Height":12,"Demand":2,"DemandMax":null,"Value":204},{"Length":79,"Height":3,"Demand":1,"DemandMax":null,"Value":237},{"Length":65,"Height":3,"Demand":7,"DemandMax":null,"Value":195},{"Length":95,"Height":2,"Demand":2,"DemandMax":null,"Value":190},{"Length":3,"Height":75,"Demand":2,"DemandMax":null,"Value":225},{"Length":38,"Height":5,"Demand":12,"DemandMax":null,"Value":190},{"Length":13,"Height":15,"Demand":6,"DemandMax":null,"Value":195},{"Length":16,"Height":12,"Demand":11,"DemandMax":null,"Value":192},{"Length":103,"Height":2,"Demand":3,"DemandMax":null,"Value":206},{"Length":6,"Height":34,"Demand":1,"DemandMax":null,"Value":204},{"Length":4,"Height":44,"Demand":1,"DemandMax":null,"Value":176},{"Length":138,"Height":1,"Demand":2,"DemandMax":null,"Value":138},{"Length":48,"Height":4,"Demand":4,"DemandMax":null,"Value":192},{"Length":1,"Height":136,"Demand":2,"DemandMax":null,"Value":136},{"Length":21,"Height":9,"Demand":6,"DemandMax":null,"Value":189},{"Length":3,"Height":60,"Demand":2,"DemandMax":null,"Value":180},{"Length":33,"Height":6,"Demand":12,"DemandMax":null,"Value":198},{"Length":12,"Height":17,"Demand":4,"DemandMax":null,"Value":204},{"Length":37,"Height":5,"Demand":11,"DemandMax":null,"Value":185},{"Length":19,"Height":10,"Demand":16,"DemandMax":null,"Value":190},{"Length":25,"Height":8,"Demand":6,"DemandMax":null,"Value":200},{"Length":5,"Height":37,"Demand":3,"DemandMax":null,"Value":185},{"Length":61,"Height":3,"Demand":9,"DemandMax":null,"Value":183},{"Length":14,"Height":14,"Demand":7,"DemandMax":null,"Value":196},{"Length":6,"Height":31,"Demand":3,"DemandMax":null,"Value":186},{"Length":44,"Height":4,"Demand":12,"DemandMax":null,"Value":176},{"Length":43,"Height":5,"Demand":2,"DemandMax":null,"Value":215},{"Length":2,"Height":124,"Demand":1,"DemandMax":null,"Value":248},{"Length":80,"Height":2,"Demand":5,"DemandMax":null,"Value":160},{"Length":11,"Height":17,"Demand":12,"DemandMax":null,"Value":187},{"Length":28,"Height":7,"Demand":2,"DemandMax":null,"Value":196},{"Length":2,"Height":130,"Demand":1,"DemandMax":null,"Value":260},{"Length":10,"Height":20,"Demand":4,"DemandMax":null,"Value":200},{"Length":24,"Height":8,"Demand":9,"DemandMax":null,"Value":192},{"Length":1,"Height":141,"Demand":2,"DemandMax":null,"Value":141},{"Length":32,"Height":6,"Demand":12,"DemandMax":null,"Value":192},{"Length":57,"Height":3,"Demand":7,"DemandMax":null,"Value":171},{"Length":59,"Height":3,"Demand":7,"DemandMax":null,"Value":177},{"Length":63,"Height":3,"Demand":13,"DemandMax":null,"Value":189},{"Length":4,"Height":55,"Demand":3,"DemandMax":null,"Value":220},{"Length":2,"Height":85,"Demand":8,"DemandMax":null,"Value":170},{"Length":85,"Height":2,"Demand":13,"DemandMax":null,"Value":170},{"Length":7,"Height":30,"Demand":1,"DemandMax":null,"Value":210},{"Length":45,"Height":4,"Demand":9,"DemandMax":null,"Value":180},{"Length":77,"Height":3,"Demand":2,"DemandMax":null,"Value":231},{"Length":15,"Height":13,"Demand":8,"DemandMax":null,"Value":195},{"Length":134,"Height":1,"Demand":4,"DemandMax":null,"Value":134},{"Length":40,"Height":5,"Demand":6,"DemandMax":null,"Value":200},{"Length":1,"Height":135,"Demand":1,"DemandMax":null,"Value":135},{"Length":2,"Height":109,"Demand":1,"DemandMax":null,"Value":218},{"Length":6,"Height":35,"Demand":1,"DemandMax":null,"Value":210},{"Length":58,"Height":3,"Demand":6,"DemandMax":null,"Value":174},{"Length":14,"Height":13,"Demand":6,"DemandMax":null,"Value":182},{"Length":81,"Height":2,"Demand":5,"DemandMax":null,"Value":162},{"Length":12,"Height":16,"Demand":10,"DemandMax":null,"Value":192},{"Length":3,"Height":65,"Demand":5,"DemandMax":null,"Value":195},{"Length":17,"Height":11,"Demand":9,"DemandMax":null,"Value":187},{"Length":2,"Height":125,"Demand":3,"DemandMax":null,"Value":250},{"Length":8,"Height":26,"Demand":2,"DemandMax":null,"Value":208},{"Length":8,"Height":23,"Demand":13,"DemandMax":null,"Value":184},{"Length":3,"Height":58,"Demand":10,"DemandMax":null,"Value":174},{"Length":72,"Height":3,"Demand":3,"DemandMax":null,"Value":216},{"Length":5,"Height":38,"Demand":5,"DemandMax":null,"Value":190},{"Length":3,"Height":70,"Demand":2,"DemandMax":null,"Value":210},{"Length":107,"Height":2,"Demand":1,"DemandMax":null,"Value":214},{"Length":27,"Height":7,"Demand":2,"DemandMax":null,"Value":189},{"Length":2,"Height":80,"Demand":6,"DemandMax":null,"Value":160},{"Length":90,"Height":2,"Demand":2,"DemandMax":null,"Value":180},{"Length":26,"Height":7,"Demand":13,"DemandMax":null,"Value":182},{"Length":50,"Height":4,"Demand":7,"DemandMax":null,"Value":200},{"Length":46,"Height":4,"Demand":5,"DemandMax":null,"Value":184},{"Length":4,"Height":49,"Demand":1,"DemandMax":null,"Value":196},{"Length":8,"Height":24,"Demand":10,"DemandMax":null,"Value":192},{"Length":2,"Height":126,"Demand":2,"DemandMax":null,"Value":252},{"Length":29,"Height":7,"Demand":6,"DemandMax":null,"Value":203},{"Length":35,"Height":5,"Demand":7,"DemandMax":null,"Value":175},{"Length":23,"Height":8,"Demand":7,"DemandMax":null,"Value":184},{"Length":2,"Height":83,"Demand":1,"DemandMax":null,"Value":166},{"Length":3,"Height":73,"Demand":2,"DemandMax":null,"Value":219},{"Length":78,"Height":2,"Demand":4,"DemandMax":null,"Value":156},{"Length":10,"Height":19,"Demand":3,"DemandMax":null,"Value":190},{"Length":7,"Height":26,"Demand":7,"DemandMax":null,"Value":182},{"Length":3,"Height":68,"Demand":2,"DemandMax":null,"Value":204},{"Length":3,"Height":64,"Demand":8,"DemandMax":null,"Value":192},{"Length":124,"Height":2,"Demand":1,"DemandMax":null,"Value":248},{"Length":2,"Height":87,"Demand":1,"DemandMax":null,"Value":174},{"Length":3,"Height":55,"Demand":6,"DemandMax":null,"Value":165},{"Length":86,"Height":2,"Demand":3,"DemandMax":null,"Value":172},{"Length":2,"Height":111,"Demand":1,"DemandMax":null,"Value":222},{"Length":2,"Height":112,"Demand":4,"DemandMax":null,"Value":224},{"Length":3,"Height":72,"Demand":4,"DemandMax":null,"Value":216},{"Length":7,"Height":27,"Demand":3,"DemandMax":null,"Value":189},{"Length":87,"Height":2,"Demand":7,"DemandMax":null,"Value":174},{"Length":43,"Height":4,"Demand":6,"DemandMax":null,"Value":172},{"Length":6,"Height":30,"Demand":3,"DemandMax":null,"Value":180},{"Length":108,"Height":2,"Demand":1,"DemandMax":null,"Value":216},{"Length":42,"Height":4,"Demand":7,"DemandMax":null,"Value":168},{"Length":6,"Height":29,"Demand":10,"DemandMax":null,"Value":174},{"Length":30,"Height":6,"Demand":7,"DemandMax":null,"Value":180},{"Length":55,"Height":3,"Demand":5,"DemandMax":null,"Value":165},{"Length":2,"Height":88,"Demand":6,"DemandMax":null,"Value":176},{"Length":31,"Height":6,"Demand":6,"DemandMax":null,"Value":186},{"Length":34,"Height":5,"Demand":8,"DemandMax":null,"Value":170},{"Length":83,"Height":2,"Demand":8,"DemandMax":null,"Value":166},{"Length":9,"Height":20,"Demand":5,"DemandMax":null,"Value":180},{"Length":3,"Height":62,"Demand":4,"DemandMax":null,"Value":186},{"Length":5,"Height":36,"Demand":7,"DemandMax":null,"Value":180},{"Length":22,"Height":8,"Demand":8,"DemandMax":null,"Value":176},{"Length":54,"Height":3,"Demand":6,"DemandMax":null,"Value":162},{"Length":105,"Height":2,"Demand":2,"DemandMax":null,"Value":210},{"Length":56,"Height":3,"Demand":6,"DemandMax":null,"Value":168},{"Length":77,"Height":2,"Demand":9,"DemandMax":null,"Value":154},{"Length":12,"Height":15,"Demand":8,"DemandMax":null,"Value":180},{"Length":79,"Height":2,"Demand":3,"DemandMax":null,"Value":158},{"Length":13,"Height":14,"Demand":9,"DemandMax":null,"Value":182},{"Length":7,"Height":25,"Demand":5,"DemandMax":null,"Value":175},{"Length":3,"Height":53,"Demand":3,"DemandMax":null,"Value":159},{"Length":15,"Height":12,"Demand":7,"DemandMax":null,"Value":180},{"Length":1,"Height":126,"Demand":4,"DemandMax":null,"Value":126},{"Length":3,"Height":61,"Demand":1,"DemandMax":null,"Value":183},{"Length":3,"Height":56,"Demand":2,"DemandMax":null,"Value":168},{"Length":20,"Height":9,"Demand":8,"DemandMax":null,"Value":180},{"Length":3,"Height":69,"Demand":2,"DemandMax":null,"Value":207},{"Length":3,"Height":74,"Demand":1,"DemandMax":null,"Value":222},{"Length":130,"Height":1,"Demand":5,"DemandMax":null,"Value":130},{"Length":2,"Height":119,"Demand":1,"DemandMax":null,"Value":238},{"Length":18,"Height":10,"Demand":6,"DemandMax":null,"Value":180},{"Length":29,"Height":6,"Demand":8,"DemandMax":null,"Value":174},{"Length":3,"Height":57,"Demand":5,"DemandMax":null,"Value":171},{"Length":4,"Height":45,"Demand":3,"DemandMax":null,"Value":180},{"Length":11,"Height":16,"Demand":4,"DemandMax":null,"Value":176},{"Length":41,"Height":4,"Demand":9,"DemandMax":null,"Value":164},{"Length":2,"Height":100,"Demand":2,"DemandMax":null,"Value":200},{"Length":8,"Height":22,"Demand":3,"DemandMax":null,"Value":176},{"Length":67,"Height":3,"Demand":2,"DemandMax":null,"Value":201},{"Length":36,"Height":5,"Demand":4,"DemandMax":null,"Value":180},{"Length":1,"Height":125,"Demand":6,"DemandMax":null,"Value":125},{"Length":10,"Height":18,"Demand":3,"DemandMax":null,"Value":180},{"Length":82,"Height":2,"Demand":5,"DemandMax":null,"Value":164},{"Length":76,"Height":2,"Demand":5,"DemandMax":null,"Value":152},{"Length":16,"Height":11,"Demand":8,"DemandMax":null,"Value":176},{"Length":53,"Height":3,"Demand":12,"DemandMax":null,"Value":159},{"Length":25,"Height":7,"Demand":6,"DemandMax":null,"Value":175},{"Length":2,"Height":75,"Demand":3,"DemandMax":null,"Value":150},{"Length":93,"Height":2,"Demand":6,"DemandMax":null,"Value":186},{"Length":10,"Height":17,"Demand":4,"DemandMax":null,"Value":170},{"Length":73,"Height":2,"Demand":7,"DemandMax":null,"Value":146},{"Length":74,"Height":2,"Demand":20,"DemandMax":null,"Value":148},{"Length":5,"Height":35,"Demand":3,"DemandMax":null,"Value":175},{"Length":19,"Height":9,"Demand":5,"DemandMax":null,"Value":171},{"Length":5,"Height":33,"Demand":11,"DemandMax":null,"Value":165},{"Length":1,"Height":123,"Demand":2,"DemandMax":null,"Value":123},{"Length":5,"Height":34,"Demand":2,"DemandMax":null,"Value":170},{"Length":4,"Height":40,"Demand":7,"DemandMax":null,"Value":160},{"Length":1,"Height":130,"Demand":2,"DemandMax":null,"Value":130},{"Length":12,"Height":14,"Demand":4,"DemandMax":null,"Value":168},{"Length":4,"Height":41,"Demand":6,"DemandMax":null,"Value":164},{"Length":7,"Height":24,"Demand":6,"DemandMax":null,"Value":168},{"Length":2,"Height":97,"Demand":1,"DemandMax":null,"Value":194},{"Length":4,"Height":43,"Demand":6,"DemandMax":null,"Value":172},{"Length":6,"Height":27,"Demand":5,"DemandMax":null,"Value":162},{"Length":3,"Height":52,"Demand":6,"DemandMax":null,"Value":156},{"Length":17,"Height":10,"Demand":6,"DemandMax":null,"Value":170},{"Length":4,"Height":46,"Demand":2,"DemandMax":null,"Value":184},{"Length":125,"Height":1,"Demand":1,"DemandMax":null,"Value":125},{"Length":13,"Height":13,"Demand":9,"DemandMax":null,"Value":169},{"Length":4,"Height":42,"Demand":7,"DemandMax":null,"Value":168},{"Length":28,"Height":6,"Demand":8,"DemandMax":null,"Value":168},{"Length":8,"Height":21,"Demand":7,"DemandMax":null,"Value":168},{"Length":9,"Height":19,"Demand":6,"DemandMax":null,"Value":171},{"Length":32,"Height":5,"Demand":5,"DemandMax":null,"Value":160},{"Length":3,"Height":51,"Demand":3,"DemandMax":null,"Value":153},{"Length":27,"Height":6,"Demand":8,"DemandMax":null,"Value":162},{"Length":24,"Height":7,"Demand":4,"DemandMax":null,"Value":168},{"Length":75,"Height":2,"Demand":7,"DemandMax":null,"Value":150},{"Length":2,"Height":89,"Demand":2,"DemandMax":null,"Value":178},{"Length":51,"Height":3,"Demand":6,"DemandMax":null,"Value":153},{"Length":71,"Height":2,"Demand":11,"DemandMax":null,"Value":142},{"Length":50,"Height":3,"Demand":9,"DemandMax":null,"Value":150},{"Length":2,"Height":77,"Demand":4,"DemandMax":null,"Value":154},{"Length":120,"Height":1,"Demand":2,"DemandMax":null,"Value":120},{"Length":2,"Height":81,"Demand":4,"DemandMax":null,"Value":162},{"Length":7,"Height":23,"Demand":2,"DemandMax":null,"Value":161},{"Length":40,"Height":4,"Demand":6,"DemandMax":null,"Value":160},{"Length":2,"Height":86,"Demand":2,"DemandMax":null,"Value":172},{"Length":38,"Height":4,"Demand":14,"DemandMax":null,"Value":152},{"Length":72,"Height":2,"Demand":9,"DemandMax":null,"Value":144},{"Length":8,"Height":20,"Demand":5,"DemandMax":null,"Value":160},{"Length":2,"Height":76,"Demand":3,"DemandMax":null,"Value":152},{"Length":6,"Height":28,"Demand":4,"DemandMax":null,"Value":168},{"Length":14,"Height":12,"Demand":5,"DemandMax":null,"Value":168},{"Length":4,"Height":39,"Demand":4,"DemandMax":null,"Value":156},{"Length":115,"Height":1,"Demand":1,"DemandMax":null,"Value":115},{"Length":15,"Height":11,"Demand":5,"DemandMax":null,"Value":165},{"Length":3,"Height":63,"Demand":2,"DemandMax":null,"Value":189},{"Length":23,"Height":7,"Demand":7,"DemandMax":null,"Value":161},{"Length":2,"Height":73,"Demand":4,"DemandMax":null,"Value":146},{"Length":16,"Height":10,"Demand":7,"DemandMax":null,"Value":160},{"Length":5,"Height":31,"Demand":6,"DemandMax":null,"Value":155},{"Length":12,"Height":13,"Demand":5,"DemandMax":null,"Value":156},{"Length":4,"Height":38,"Demand":7,"DemandMax":null,"Value":152},{"Length":5,"Height":32,"Demand":6,"DemandMax":null,"Value":160},{"Length":9,"Height":18,"Demand":4,"DemandMax":null,"Value":162},{"Length":1,"Height":119,"Demand":2,"DemandMax":null,"Value":119},{"Length":39,"Height":4,"Demand":8,"DemandMax":null,"Value":156},{"Length":49,"Height":3,"Demand":9,"DemandMax":null,"Value":147},{"Length":2,"Height":70,"Demand":5,"DemandMax":null,"Value":140},{"Length":7,"Height":22,"Demand":8,"DemandMax":null,"Value":154},{"Length":124,"Height":1,"Demand":1,"DemandMax":null,"Value":124},{"Length":18,"Height":9,"Demand":5,"DemandMax":null,"Value":162},{"Length":11,"Height":15,"Demand":3,"DemandMax":null,"Value":165},{"Length":69,"Height":2,"Demand":10,"DemandMax":null,"Value":138},{"Length":9,"Height":17,"Demand":4,"DemandMax":null,"Value":153},{"Length":13,"Height":12,"Demand":5,"DemandMax":null,"Value":156},{"Length":20,"Height":8,"Demand":11,"DemandMax":null,"Value":160},{"Length":19,"Height":8,"Demand":6,"DemandMax":null,"Value":152},{"Length":126,"Height":1,"Demand":1,"DemandMax":null,"Value":126},{"Length":3,"Height":49,"Demand":4,"DemandMax":null,"Value":147},{"Length":2,"Height":72,"Demand":10,"DemandMax":null,"Value":144},{"Length":21,"Height":8,"Demand":3,"DemandMax":null,"Value":168},{"Length":68,"Height":2,"Demand":12,"DemandMax":null,"Value":136},{"Length":2,"Height":67,"Demand":7,"DemandMax":null,"Value":134},{"Length":2,"Height":92,"Demand":2,"DemandMax":null,"Value":184},{"Length":1,"Height":124,"Demand":2,"DemandMax":null,"Value":124},{"Length":3,"Height":47,"Demand":9,"DemandMax":null,"Value":141},{"Length":65,"Height":2,"Demand":14,"DemandMax":null,"Value":130},{"Length":30,"Height":5,"Demand":6,"DemandMax":null,"Value":150},{"Length":5,"Height":30,"Demand":3,"DemandMax":null,"Value":150},{"Length":2,"Height":71,"Demand":5,"DemandMax":null,"Value":142},{"Length":17,"Height":9,"Demand":2,"DemandMax":null,"Value":153},{"Length":52,"Height":3,"Demand":6,"DemandMax":null,"Value":156},{"Length":10,"Height":16,"Demand":5,"DemandMax":null,"Value":160},{"Length":26,"Height":6,"Demand":3,"DemandMax":null,"Value":156},{"Length":66,"Height":2,"Demand":6,"DemandMax":null,"Value":132},{"Length":2,"Height":106,"Demand":1,"DemandMax":null,"Value":212},{"Length":11,"Height":14,"Demand":5,"DemandMax":null,"Value":154},{"Length":6,"Height":26,"Demand":7,"DemandMax":null,"Value":156},{"Length":36,"Height":4,"Demand":12,"DemandMax":null,"Value":144},{"Length":104,"Height":2,"Demand":1,"DemandMax":null,"Value":208},{"Length":33,"Height":5,"Demand":5,"DemandMax":null,"Value":165},{"Length":1,"Height":108,"Demand":8,"DemandMax":null,"Value":108},{"Length":3,"Height":50,"Demand":3,"DemandMax":null,"Value":150},{"Length":2,"Height":90,"Demand":2,"DemandMax":null,"Value":180},{"Length":67,"Height":2,"Demand":7,"DemandMax":null,"Value":134},{"Length":47,"Height":3,"Demand":11,"DemandMax":null,"Value":141},{"Length":8,"Height":19,"Demand":11,"DemandMax":null,"Value":152},{"Length":123,"Height":1,"Demand":4,"DemandMax":null,"Value":123},{"Length":31,"Height":5,"Demand":2,"DemandMax":null,"Value":155},{"Length":25,"Height":6,"Demand":4,"DemandMax":null,"Value":150},{"Length":22,"Height":7,"Demand":6,"DemandMax":null,"Value":154},{"Length":37,"Height":4,"Demand":7,"DemandMax":null,"Value":148},{"Length":15,"Height":10,"Demand":9,"DemandMax":null,"Value":150},{"Length":4,"Height":37,"Demand":6,"DemandMax":null,"Value":148},{"Length":46,"Height":3,"Demand":17,"DemandMax":null,"Value":138},{"Length":4,"Height":36,"Demand":5,"DemandMax":null,"Value":144},{"Length":18,"Height":8,"Demand":6,"DemandMax":null,"Value":144},{"Length":1,"Height":111,"Demand":1,"DemandMax":null,"Value":111},{"Length":11,"Height":13,"Demand":13,"DemandMax":null,"Value":143},{"Length":70,"Height":2,"Demand":9,"DemandMax":null,"Value":140},{"Length":10,"Height":15,"Demand":5,"DemandMax":null,"Value":150},{"Length":35,"Height":4,"Demand":9,"DemandMax":null,"Value":140},{"Length":2,"Height":62,"Demand":19,"DemandMax":null,"Value":124},{"Length":6,"Height":24,"Demand":3,"DemandMax":null,"Value":144},{"Length":21,"Height":7,"Demand":6,"DemandMax":null,"Value":147},{"Length":45,"Height":3,"Demand":13,"DemandMax":null,"Value":135},{"Length":7,"Height":21,"Demand":11,"DemandMax":null,"Value":147},{"Length":119,"Height":1,"Demand":1,"DemandMax":null,"Value":119},{"Length":24,"Height":6,"Demand":15,"DemandMax":null,"Value":144},{"Length":48,"Height":3,"Demand":7,"DemandMax":null,"Value":144},{"Length":3,"Height":46,"Demand":3,"DemandMax":null,"Value":138},{"Length":3,"Height":45,"Demand":18,"DemandMax":null,"Value":135},{"Length":12,"Height":12,"Demand":17,"DemandMax":null,"Value":144},{"Length":14,"Height":11,"Demand":5,"DemandMax":null,"Value":154},{"Length":3,"Height":44,"Demand":5,"DemandMax":null,"Value":132},{"Length":2,"Height":64,"Demand":6,"DemandMax":null,"Value":128},{"Length":29,"Height":5,"Demand":8,"DemandMax":null,"Value":145},{"Length":101,"Height":1,"Demand":9,"DemandMax":null,"Value":101},{"Length":44,"Height":3,"Demand":13,"DemandMax":null,"Value":132},{"Length":7,"Height":20,"Demand":9,"DemandMax":null,"Value":140},{"Length":6,"Height":23,"Demand":6,"DemandMax":null,"Value":138},{"Length":34,"Height":4,"Demand":6,"DemandMax":null,"Value":136},{"Length":6,"Height":25,"Demand":5,"DemandMax":null,"Value":150},{"Length":10,"Height":14,"Demand":7,"DemandMax":null,"Value":140},{"Length":2,"Height":61,"Demand":9,"DemandMax":null,"Value":122},{"Length":16,"Height":9,"Demand":10,"DemandMax":null,"Value":144},{"Length":23,"Height":6,"Demand":10,"DemandMax":null,"Value":138},{"Length":100,"Height":1,"Demand":4,"DemandMax":null,"Value":100},{"Length":110,"Height":1,"Demand":3,"DemandMax":null,"Value":110},{"Length":13,"Height":11,"Demand":10,"DemandMax":null,"Value":143},{"Length":8,"Height":18,"Demand":7,"DemandMax":null,"Value":144},{"Length":2,"Height":69,"Demand":5,"DemandMax":null,"Value":138},{"Length":9,"Height":16,"Demand":5,"DemandMax":null,"Value":144},{"Length":60,"Height":2,"Demand":11,"DemandMax":null,"Value":120},{"Length":102,"Height":1,"Demand":2,"DemandMax":null,"Value":102},{"Length":20,"Height":7,"Demand":12,"DemandMax":null,"Value":140},{"Length":27,"Height":5,"Demand":13,"DemandMax":null,"Value":135},{"Length":64,"Height":2,"Demand":16,"DemandMax":null,"Value":128},{"Length":28,"Height":5,"Demand":9,"DemandMax":null,"Value":140},{"Length":1,"Height":101,"Demand":3,"DemandMax":null,"Value":101},{"Length":17,"Height":8,"Demand":8,"DemandMax":null,"Value":136},{"Length":2,"Height":65,"Demand":6,"DemandMax":null,"Value":130},{"Length":4,"Height":34,"Demand":11,"DemandMax":null,"Value":136},{"Length":33,"Height":4,"Demand":12,"DemandMax":null,"Value":132},{"Length":42,"Height":3,"Demand":12,"DemandMax":null,"Value":126},{"Length":99,"Height":1,"Demand":4,"DemandMax":null,"Value":99},{"Length":14,"Height":10,"Demand":5,"DemandMax":null,"Value":140},{"Length":5,"Height":27,"Demand":5,"DemandMax":null,"Value":135},{"Length":3,"Height":43,"Demand":8,"DemandMax":null,"Value":129},{"Length":3,"Height":54,"Demand":2,"DemandMax":null,"Value":162},{"Length":113,"Height":1,"Demand":1,"DemandMax":null,"Value":113},{"Length":26,"Height":5,"Demand":16,"DemandMax":null,"Value":130},{"Length":15,"Height":9,"Demand":7,"DemandMax":null,"Value":135},{"Length":19,"Height":7,"Demand":12,"DemandMax":null,"Value":133},{"Length":59,"Height":2,"Demand":14,"DemandMax":null,"Value":118},{"Length":4,"Height":35,"Demand":5,"DemandMax":null,"Value":140},{"Length":6,"Height":22,"Demand":6,"DemandMax":null,"Value":132},{"Length":1,"Height":112,"Demand":1,"DemandMax":null,"Value":112},{"Length":3,"Height":42,"Demand":12,"DemandMax":null,"Value":126},{"Length":62,"Height":2,"Demand":8,"DemandMax":null,"Value":124},{"Length":3,"Height":48,"Demand":3,"DemandMax":null,"Value":144},{"Length":1,"Height":96,"Demand":2,"DemandMax":null,"Value":96},{"Length":43,"Height":3,"Demand":14,"DemandMax":null,"Value":129},{"Length":7,"Height":19,"Demand":11,"DemandMax":null,"Value":133},{"Length":13,"Height":10,"Demand":11,"DemandMax":null,"Value":130},{"Length":2,"Height":58,"Demand":7,"DemandMax":null,"Value":116},{"Length":11,"Height":12,"Demand":14,"DemandMax":null,"Value":132},{"Length":61,"Height":2,"Demand":12,"DemandMax":null,"Value":122},{"Length":12,"Height":11,"Demand":12,"DemandMax":null,"Value":132},{"Length":116,"Height":1,"Demand":3,"DemandMax":null,"Value":116},{"Length":40,"Height":3,"Demand":17,"DemandMax":null,"Value":120},{"Length":32,"Height":4,"Demand":16,"DemandMax":null,"Value":128},{"Length":3,"Height":41,"Demand":15,"DemandMax":null,"Value":123},{"Length":57,"Height":2,"Demand":19,"DemandMax":null,"Value":114},{"Length":25,"Height":5,"Demand":22,"DemandMax":null,"Value":125},{"Length":8,"Height":17,"Demand":10,"DemandMax":null,"Value":136},{"Length":5,"Height":26,"Demand":9,"DemandMax":null,"Value":130},{"Length":4,"Height":32,"Demand":12,"DemandMax":null,"Value":128},{"Length":31,"Height":4,"Demand":21,"DemandMax":null,"Value":124},{"Length":4,"Height":33,"Demand":9,"DemandMax":null,"Value":132},{"Length":7,"Height":18,"Demand":8,"DemandMax":null,"Value":126},{"Length":95,"Height":1,"Demand":5,"DemandMax":null,"Value":95},{"Length":10,"Height":13,"Demand":14,"DemandMax":null,"Value":130},{"Length":1,"Height":100,"Demand":1,"DemandMax":null,"Value":100},{"Length":41,"Height":3,"Demand":11,"DemandMax":null,"Value":123},{"Length":4,"Height":31,"Demand":15,"DemandMax":null,"Value":124},{"Length":21,"Height":6,"Demand":10,"DemandMax":null,"Value":126},{"Length":91,"Height":1,"Demand":9,"DemandMax":null,"Value":91},{"Length":63,"Height":2,"Demand":9,"DemandMax":null,"Value":126},{"Length":3,"Height":40,"Demand":8,"DemandMax":null,"Value":120},{"Length":18,"Height":7,"Demand":15,"DemandMax":null,"Value":126},{"Length":5,"Height":29,"Demand":1,"DemandMax":null,"Value":145},{"Length":6,"Height":21,"Demand":11,"DemandMax":null,"Value":126},{"Length":8,"Height":16,"Demand":13,"DemandMax":null,"Value":128},{"Length":2,"Height":66,"Demand":3,"DemandMax":null,"Value":132},{"Length":56,"Height":2,"Demand":13,"DemandMax":null,"Value":112},{"Length":5,"Height":25,"Demand":5,"DemandMax":null,"Value":125},{"Length":22,"Height":6,"Demand":7,"DemandMax":null,"Value":132},{"Length":1,"Height":113,"Demand":1,"DemandMax":null,"Value":113},{"Length":1,"Height":94,"Demand":3,"DemandMax":null,"Value":94},{"Length":1,"Height":102,"Demand":2,"DemandMax":null,"Value":102},{"Length":98,"Height":1,"Demand":6,"DemandMax":null,"Value":98},{"Length":54,"Height":2,"Demand":19,"DemandMax":null,"Value":108},{"Length":9,"Height":15,"Demand":4,"DemandMax":null,"Value":135},{"Length":93,"Height":1,"Demand":7,"DemandMax":null,"Value":93},{"Length":9,"Height":14,"Demand":12,"DemandMax":null,"Value":126},{"Length":4,"Height":30,"Demand":15,"DemandMax":null,"Value":120},{"Length":16,"Height":8,"Demand":7,"DemandMax":null,"Value":128},{"Length":3,"Height":38,"Demand":14,"DemandMax":null,"Value":114},{"Length":14,"Height":9,"Demand":16,"DemandMax":null,"Value":126},{"Length":30,"Height":4,"Demand":14,"DemandMax":null,"Value":120},{"Length":39,"Height":3,"Demand":16,"DemandMax":null,"Value":117},{"Length":2,"Height":60,"Demand":5,"DemandMax":null,"Value":120},{"Length":2,"Height":63,"Demand":4,"DemandMax":null,"Value":126},{"Length":1,"Height":104,"Demand":2,"DemandMax":null,"Value":104},{"Length":2,"Height":79,"Demand":2,"DemandMax":null,"Value":158},{"Length":2,"Height":55,"Demand":7,"DemandMax":null,"Value":110},{"Length":55,"Height":2,"Demand":7,"DemandMax":null,"Value":110},{"Length":24,"Height":5,"Demand":16,"DemandMax":null,"Value":120},{"Length":6,"Height":20,"Demand":22,"DemandMax":null,"Value":120},{"Length":3,"Height":37,"Demand":10,"DemandMax":null,"Value":111},{"Length":29,"Height":4,"Demand":19,"DemandMax":null,"Value":116},{"Length":20,"Height":6,"Demand":33,"DemandMax":null,"Value":120},{"Length":2,"Height":57,"Demand":8,"DemandMax":null,"Value":114},{"Length":2,"Height":59,"Demand":7,"DemandMax":null,"Value":118},{"Length":15,"Height":8,"Demand":9,"DemandMax":null,"Value":120},{"Length":58,"Height":2,"Demand":8,"DemandMax":null,"Value":116},{"Length":11,"Height":11,"Demand":11,"DemandMax":null,"Value":121},{"Length":4,"Height":29,"Demand":10,"DemandMax":null,"Value":116},{"Length":17,"Height":7,"Demand":12,"DemandMax":null,"Value":119},{"Length":5,"Height":24,"Demand":8,"DemandMax":null,"Value":120},{"Length":7,"Height":17,"Demand":11,"DemandMax":null,"Value":119},{"Length":4,"Height":28,"Demand":15,"DemandMax":null,"Value":112},{"Length":109,"Height":1,"Demand":2,"DemandMax":null,"Value":109},{"Length":3,"Height":39,"Demand":3,"DemandMax":null,"Value":117},{"Length":87,"Height":1,"Demand":8,"DemandMax":null,"Value":87},{"Length":37,"Height":3,"Demand":7,"DemandMax":null,"Value":111},{"Length":23,"Height":5,"Demand":18,"DemandMax":null,"Value":115},{"Length":10,"Height":12,"Demand":28,"DemandMax":null,"Value":120},{"Length":3,"Height":36,"Demand":11,"DemandMax":null,"Value":108},{"Length":38,"Height":3,"Demand":17,"DemandMax":null,"Value":114},{"Length":12,"Height":10,"Demand":17,"DemandMax":null,"Value":120},{"Length":86,"Height":1,"Demand":2,"DemandMax":null,"Value":86},{"Length":1,"Height":88,"Demand":5,"DemandMax":null,"Value":88},{"Length":1,"Height":97,"Demand":4,"DemandMax":null,"Value":97},{"Length":51,"Height":2,"Demand":6,"DemandMax":null,"Value":102},{"Length":28,"Height":4,"Demand":23,"DemandMax":null,"Value":112},{"Length":94,"Height":1,"Demand":2,"DemandMax":null,"Value":94},{"Length":13,"Height":9,"Demand":26,"DemandMax":null,"Value":117},{"Length":49,"Height":2,"Demand":6,"DemandMax":null,"Value":98},{"Length":9,"Height":13,"Demand":16,"DemandMax":null,"Value":117},{"Length":36,"Height":3,"Demand":17,"DemandMax":null,"Value":108},{"Length":52,"Height":2,"Demand":10,"DemandMax":null,"Value":104},{"Length":2,"Height":51,"Demand":3,"DemandMax":null,"Value":102},{"Length":50,"Height":2,"Demand":6,"DemandMax":null,"Value":100},{"Length":1,"Height":109,"Demand":1,"DemandMax":null,"Value":109},{"Length":27,"Height":4,"Demand":15,"DemandMax":null,"Value":108},{"Length":84,"Height":1,"Demand":4,"DemandMax":null,"Value":84},{"Length":83,"Height":1,"Demand":7,"DemandMax":null,"Value":83},{"Length":22,"Height":5,"Demand":31,"DemandMax":null,"Value":110},{"Length":2,"Height":54,"Demand":4,"DemandMax":null,"Value":108},{"Length":16,"Height":7,"Demand":24,"DemandMax":null,"Value":112},{"Length":5,"Height":23,"Demand":10,"DemandMax":null,"Value":115},{"Length":103,"Height":1,"Demand":1,"DemandMax":null,"Value":103},{"Length":85,"Height":1,"Demand":6,"DemandMax":null,"Value":85},{"Length":8,"Height":15,"Demand":11,"DemandMax":null,"Value":120},{"Length":81,"Height":1,"Demand":5,"DemandMax":null,"Value":81},{"Length":7,"Height":16,"Demand":12,"DemandMax":null,"Value":112},{"Length":88,"Height":1,"Demand":7,"DemandMax":null,"Value":88},{"Length":19,"Height":6,"Demand":14,"DemandMax":null,"Value":114},{"Length":2,"Height":53,"Demand":7,"DemandMax":null,"Value":106},{"Length":6,"Height":19,"Demand":18,"DemandMax":null,"Value":114},{"Length":14,"Height":8,"Demand":16,"DemandMax":null,"Value":112},{"Length":2,"Height":50,"Demand":4,"DemandMax":null,"Value":100},{"Length":3,"Height":35,"Demand":4,"DemandMax":null,"Value":105},{"Length":8,"Height":14,"Demand":15,"DemandMax":null,"Value":112},{"Length":108,"Height":1,"Demand":2,"DemandMax":null,"Value":108},{"Length":1,"Height":106,"Demand":1,"DemandMax":null,"Value":106},{"Length":3,"Height":34,"Demand":16,"DemandMax":null,"Value":102},{"Length":80,"Height":1,"Demand":3,"DemandMax":null,"Value":80},{"Length":107,"Height":1,"Demand":1,"DemandMax":null,"Value":107},{"Length":5,"Height":22,"Demand":8,"DemandMax":null,"Value":110},{"Length":18,"Height":6,"Demand":35,"DemandMax":null,"Value":108},{"Length":2,"Height":49,"Demand":4,"DemandMax":null,"Value":98},{"Length":2,"Height":48,"Demand":9,"DemandMax":null,"Value":96},{"Length":35,"Height":3,"Demand":11,"DemandMax":null,"Value":105},{"Length":53,"Height":2,"Demand":8,"DemandMax":null,"Value":106},{"Length":1,"Height":80,"Demand":1,"DemandMax":null,"Value":80},{"Length":48,"Height":2,"Demand":8,"DemandMax":null,"Value":96},{"Length":4,"Height":27,"Demand":9,"DemandMax":null,"Value":108},{"Length":1,"Height":85,"Demand":2,"DemandMax":null,"Value":85},{"Length":1,"Height":81,"Demand":3,"DemandMax":null,"Value":81},{"Length":34,"Height":3,"Demand":25,"DemandMax":null,"Value":102},{"Length":4,"Height":26,"Demand":15,"DemandMax":null,"Value":104},{"Length":2,"Height":47,"Demand":5,"DemandMax":null,"Value":94},{"Length":5,"Height":21,"Demand":13,"DemandMax":null,"Value":105},{"Length":10,"Height":11,"Demand":33,"DemandMax":null,"Value":110},{"Length":6,"Height":18,"Demand":13,"DemandMax":null,"Value":108},{"Length":9,"Height":12,"Demand":17,"DemandMax":null,"Value":108},{"Length":105,"Height":1,"Demand":1,"DemandMax":null,"Value":105},{"Length":7,"Height":15,"Demand":12,"DemandMax":null,"Value":105},{"Length":26,"Height":4,"Demand":17,"DemandMax":null,"Value":104},{"Length":2,"Height":52,"Demand":5,"DemandMax":null,"Value":104},{"Length":46,"Height":2,"Demand":7,"DemandMax":null,"Value":92},{"Length":4,"Height":25,"Demand":8,"DemandMax":null,"Value":100},{"Length":33,"Height":3,"Demand":10,"DemandMax":null,"Value":99},{"Length":104,"Height":1,"Demand":2,"DemandMax":null,"Value":104},{"Length":47,"Height":2,"Demand":9,"DemandMax":null,"Value":94},{"Length":17,"Height":6,"Demand":15,"DemandMax":null,"Value":102},{"Length":11,"Height":10,"Demand":13,"DemandMax":null,"Value":110},{"Length":3,"Height":33,"Demand":4,"DemandMax":null,"Value":99},{"Length":89,"Height":1,"Demand":4,"DemandMax":null,"Value":89},{"Length":15,"Height":7,"Demand":22,"DemandMax":null,"Value":105},{"Length":25,"Height":4,"Demand":12,"DemandMax":null,"Value":100},{"Length":82,"Height":1,"Demand":3,"DemandMax":null,"Value":82},{"Length":8,"Height":13,"Demand":28,"DemandMax":null,"Value":104},{"Length":12,"Height":9,"Demand":30,"DemandMax":null,"Value":108},{"Length":1,"Height":83,"Demand":2,"DemandMax":null,"Value":83},{"Length":75,"Height":1,"Demand":4,"DemandMax":null,"Value":75},{"Length":13,"Height":8,"Demand":18,"DemandMax":null,"Value":104},{"Length":32,"Height":3,"Demand":10,"DemandMax":null,"Value":96},{"Length":3,"Height":32,"Demand":8,"DemandMax":null,"Value":96},{"Length":74,"Height":1,"Demand":3,"DemandMax":null,"Value":74},{"Length":2,"Height":68,"Demand":1,"DemandMax":null,"Value":136},{"Length":21,"Height":5,"Demand":7,"DemandMax":null,"Value":105},{"Length":4,"Height":24,"Demand":11,"DemandMax":null,"Value":96},{"Length":6,"Height":17,"Demand":19,"DemandMax":null,"Value":102},{"Length":20,"Height":5,"Demand":12,"DemandMax":null,"Value":100},{"Length":5,"Height":20,"Demand":7,"DemandMax":null,"Value":100},{"Length":77,"Height":1,"Demand":5,"DemandMax":null,"Value":77},{"Length":44,"Height":2,"Demand":8,"DemandMax":null,"Value":88},{"Length":11,"Height":9,"Demand":15,"DemandMax":null,"Value":99},{"Length":10,"Height":10,"Demand":16,"DemandMax":null,"Value":100},{"Length":90,"Height":1,"Demand":2,"DemandMax":null,"Value":90},{"Length":31,"Height":3,"Demand":12,"DemandMax":null,"Value":93},{"Length":2,"Height":43,"Demand":4,"DemandMax":null,"Value":86},{"Length":2,"Height":45,"Demand":4,"DemandMax":null,"Value":90},{"Length":1,"Height":72,"Demand":1,"DemandMax":null,"Value":72},{"Length":2,"Height":46,"Demand":3,"DemandMax":null,"Value":92},{"Length":1,"Height":76,"Demand":2,"DemandMax":null,"Value":76},{"Length":76,"Height":1,"Demand":2,"DemandMax":null,"Value":76},{"Length":6,"Height":16,"Demand":17,"DemandMax":null,"Value":96},{"Length":16,"Height":6,"Demand":12,"DemandMax":null,"Value":96},{"Length":24,"Height":4,"Demand":13,"DemandMax":null,"Value":96},{"Length":9,"Height":11,"Demand":22,"DemandMax":null,"Value":99},{"Length":14,"Height":7,"Demand":9,"DemandMax":null,"Value":98},{"Length":43,"Height":2,"Demand":9,"DemandMax":null,"Value":86},{"Length":71,"Height":1,"Demand":7,"DemandMax":null,"Value":71},{"Length":3,"Height":31,"Demand":5,"DemandMax":null,"Value":93},{"Length":45,"Height":2,"Demand":7,"DemandMax":null,"Value":90},{"Length":42,"Height":2,"Demand":5,"DemandMax":null,"Value":84},{"Length":3,"Height":30,"Demand":10,"DemandMax":null,"Value":90},{"Length":30,"Height":3,"Demand":3,"DemandMax":null,"Value":90},{"Length":1,"Height":77,"Demand":2,"DemandMax":null,"Value":77},{"Length":23,"Height":4,"Demand":9,"DemandMax":null,"Value":92},{"Length":7,"Height":14,"Demand":6,"DemandMax":null,"Value":98},{"Length":19,"Height":5,"Demand":8,"DemandMax":null,"Value":95},{"Length":1,"Height":95,"Demand":2,"DemandMax":null,"Value":95},{"Length":1,"Height":73,"Demand":3,"DemandMax":null,"Value":73},{"Length":12,"Height":8,"Demand":9,"DemandMax":null,"Value":96},{"Length":5,"Height":19,"Demand":8,"DemandMax":null,"Value":95},{"Length":73,"Height":1,"Demand":1,"DemandMax":null,"Value":73},{"Length":29,"Height":3,"Demand":1,"DemandMax":null,"Value":87},{"Length":8,"Height":12,"Demand":6,"DemandMax":null,"Value":96},{"Length":41,"Height":2,"Demand":8,"DemandMax":null,"Value":82},{"Length":4,"Height":23,"Demand":1,"DemandMax":null,"Value":92},{"Length":2,"Height":42,"Demand":1,"DemandMax":null,"Value":84},{"Length":2,"Height":41,"Demand":6,"DemandMax":null,"Value":82},{"Length":70,"Height":1,"Demand":2,"DemandMax":null,"Value":70},{"Length":40,"Height":2,"Demand":1,"DemandMax":null,"Value":80},{"Length":92,"Height":1,"Demand":1,"DemandMax":null,"Value":92},{"Length":69,"Height":1,"Demand":3,"DemandMax":null,"Value":69},{"Length":3,"Height":29,"Demand":3,"DemandMax":null,"Value":87},{"Length":22,"Height":4,"Demand":2,"DemandMax":null,"Value":88},{"Length":7,"Height":13,"Demand":1,"DemandMax":null,"Value":91},{"Length":5,"Height":18,"Demand":2,"DemandMax":null,"Value":90},{"Length":2,"Height":40,"Demand":1,"DemandMax":null,"Value":80},{"Length":67,"Height":1,"Demand":1,"DemandMax":null,"Value":67}]}