{"Name":"path82t","Objects":[{"Length":1000,"Height":998,"Stock":null,"Cost":998000}],"Items":[{"Length":125,"Height":209,"Demand":1,"DemandMax":null,"Value":26125},{"Length":116,"Height":204,"Demand":1,"DemandMax":null,"Value":23664},{"Length":125,"Height":81,"Demand":1,"DemandMax":null,"Value":10125},{"Length":105,"Height":94,"Demand":1,"DemandMax":null,"Value":9870},{"Length":286,"Height":32,"Demand":1,"DemandMax":null,"Value":9152},{"Length":73,"Height":108,"Demand":1,"DemandMax":null,"Value":7884},{"Length":64,"Height":105,"Demand":1,"DemandMax":null,"Value":6720},{"Length":71,"Height":94,"Demand":1,"DemandMax":null,"Value":6674},{"Length":59,"Height":108,"Demand":1,"DemandMax":null,"Value":6372},{"Length":99,"Height":45,"Demand":1,"DemandMax":null,"Value":4455},{"Length":70,"Height":62,"Demand":1,"DemandMax":null,"Value":4340},{"Length":99,"Height":43,"Demand":1,"DemandMax":null,"Value":4257},{"Length":42,"Height":94,"Demand":2,"DemandMax":null,"Value":3948},{"Length":269,"Height":14,"Demand":1,"DemandMax":null,"Value":3766},{"Length":185,"Height":21,"Demand":1,"DemandMax":null,"Value":3885},{"Length":32,"Height":115,"Demand":1,"DemandMax":null,"Value":3680},{"Length":29,"Height":112,"Demand":1,"DemandMax":null,"Value":3248},{"Length":286,"Height":11,"Demand":1,"DemandMax":null,"Value":3146},{"Length":18,"Height":176,"Demand":1,"DemandMax":null,"Value":3168},{"Length":14,"Height":220,"Demand":1,"DemandMax":null,"Value":3080},{"Length":372,"Height":8,"Demand":1,"DemandMax":null,"Value":2976},{"Length":185,"Height":15,"Demand":1,"DemandMax":null,"Value":2775},{"Length":71,"Height":40,"Demand":1,"DemandMax":null,"Value":2840},{"Length":42,"Height":67,"Demand":1,"DemandMax":null,"Value":2814},{"Length":11,"Height":256,"Demand":1,"DemandMax":null,"Value":2816},{"Length":12,"Height":220,"Demand":1,"DemandMax":null,"Value":2640},{"Length":171,"Height":15,"Demand":1,"DemandMax":null,"Value":2565},{"Length":25,"Height":94,"Demand":1,"DemandMax":null,"Value":2350},{"Length":186,"Height":12,"Demand":1,"DemandMax":null,"Value":2232},{"Length":24,"Height":88,"Demand":1,"DemandMax":null,"Value":2112},{"Length":135,"Height":16,"Demand":1,"DemandMax":null,"Value":2160},{"Length":21,"Height":101,"Demand":1,"DemandMax":null,"Value":2121},{"Length":116,"Height":18,"Demand":1,"DemandMax":null,"Value":2088},{"Length":113,"Height":18,"Demand":1,"DemandMax":null,"Value":2034},{"Length":58,"Height":35,"Demand":1,"DemandMax":null,"Value":2030},{"Length":63,"Height":32,"Demand":1,"DemandMax":null,"Value":2016},{"Length":6,"Height":315,"Demand":1,"DemandMax":null,"Value":1890},{"Length":9,"Height":220,"Demand":1,"DemandMax":null,"Value":1980},{"Length":28,"Height":65,"Demand":1,"DemandMax":null,"Value":1820},{"Length":38,"Height":47,"Demand":1,"DemandMax":null,"Value":1786},{"Length":18,"Height":96,"Demand":1,"DemandMax":null,"Value":1728},{"Length":18,"Height":94,"Demand":1,"DemandMax":null,"Value":1692},{"Length":53,"Height":32,"Demand":1,"DemandMax":null,"Value":1696},{"Length":12,"Height":139,"Demand":1,"DemandMax":null,"Value":1668},{"Length":29,"Height":57,"Demand":1,"DemandMax":null,"Value":1653},{"Length":242,"Height":7,"Demand":1,"DemandMax":null,"Value":1694},{"Length":125,"Height":13,"Demand":1,"DemandMax":null,"Value":1625},{"Length":133,"Height":12,"Demand":1,"DemandMax":null,"Value":1596},{"Length":185,"Height":8,"Demand":1,"DemandMax":null,"Value":1480},{"Length":24,"Height":64,"Demand":1,"DemandMax":null,"Value":1536},{"Length":123,"Height":12,"Demand":1,"DemandMax":null,"Value":1476},{"Length":47,"Height":32,"Demand":1,"DemandMax":null,"Value":1504},{"Length":155,"Height":9,"Demand":1,"DemandMax":null,"Value":1395},{"Length":42,"Height":33,"Demand":1,"DemandMax":null,"Value":1386},{"Length":14,"Height":100,"Demand":1,"DemandMax":null,"Value":1400},{"Length":34,"Height":41,"Demand":1,"DemandMax":null,"Value":1394},{"Length":50,"Height":27,"Demand":1,"DemandMax":null,"Value":1350},{"Length":20,"Height":67,"Demand":1,"DemandMax":null,"Value":1340},{"Length":15,"Height":86,"Demand":1,"DemandMax":null,"Value":1290},{"Length":102,"Height":13,"Demand":1,"DemandMax":null,"Value":1326},{"Length":61,"Height":21,"Demand":1,"DemandMax":null,"Value":1281},{"Length":254,"Height":5,"Demand":1,"DemandMax":null,"Value":1270},{"Length":14,"Height":90,"Demand":1,"DemandMax":null,"Value":1260},{"Length":212,"Height":6,"Demand":1,"DemandMax":null,"Value":1272},{"Length":269,"Height":5,"Demand":1,"DemandMax":null,"Value":1345},{"Length":68,"Height":18,"Demand":1,"DemandMax":null,"Value":1224},{"Length":14,"Height":86,"Demand":1,"DemandMax":null,"Value":1204},{"Length":24,"Height":51,"Demand":1,"DemandMax":null,"Value":1224},{"Length":33,"Height":36,"Demand":1,"DemandMax":null,"Value":1188},{"Length":25,"Height":47,"Demand":1,"DemandMax":null,"Value":1175},{"Length":146,"Height":8,"Demand":1,"DemandMax":null,"Value":1168},{"Length":34,"Height":33,"Demand":1,"DemandMax":null,"Value":1122},{"Length":49,"Height":23,"Demand":1,"DemandMax":null,"Value":1127},{"Length":37,"Height":29,"Demand":1,"DemandMax":null,"Value":1073},{"Length":12,"Height":86,"Demand":1,"DemandMax":null,"Value":1032},{"Length":5,"Height":201,"Demand":1,"DemandMax":null,"Value":1005},{"Length":42,"Height":25,"Demand":1,"DemandMax":null,"Value":1050},{"Length":19,"Height":54,"Demand":1,"DemandMax":null,"Value":1026},{"Length":18,"Height":55,"Demand":1,"DemandMax":null,"Value":990},{"Length":34,"Height":28,"Demand":1,"DemandMax":null,"Value":952},{"Length":137,"Height":7,"Demand":1,"DemandMax":null,"Value":959},{"Length":14,"Height":67,"Demand":1,"DemandMax":null,"Value":938},{"Length":184,"Height":5,"Demand":1,"DemandMax":null,"Value":920},{"Length":207,"Height":4,"Demand":1,"DemandMax":null,"Value":828},{"Length":106,"Height":9,"Demand":1,"DemandMax":null,"Value":954},{"Length":74,"Height":12,"Demand":1,"DemandMax":null,"Value":888},{"Length":200,"Height":5,"Demand":1,"DemandMax":null,"Value":1000},{"Length":45,"Height":20,"Demand":1,"DemandMax":null,"Value":900},{"Length":145,"Height":6,"Demand":1,"DemandMax":null,"Value":870},{"Length":135,"Height":7,"Demand":1,"DemandMax":null,"Value":945},{"Length":46,"Height":19,"Demand":1,"DemandMax":null,"Value":874},{"Length":19,"Height":45,"Demand":1,"DemandMax":null,"Value":855},{"Length":68,"Height":13,"Demand":1,"DemandMax":null,"Value":884},{"Length":41,"Height":21,"Demand":1,"DemandMax":null,"Value":861},{"Length":204,"Height":4,"Demand":1,"DemandMax":null,"Value":816},{"Length":36,"Height":23,"Demand":1,"DemandMax":null,"Value":828},{"Length":179,"Height":5,"Demand":1,"DemandMax":null,"Value":895},{"Length":98,"Height":8,"Demand":1,"DemandMax":null,"Value":784},{"Length":6,"Height":130,"Demand":1,"DemandMax":null,"Value":780},{"Length":26,"Height":32,"Demand":1,"DemandMax":null,"Value":832},{"Length":12,"Height":69,"Demand":1,"DemandMax":null,"Value":828},{"Length":78,"Height":10,"Demand":1,"DemandMax":null,"Value":780},{"Length":34,"Height":23,"Demand":1,"DemandMax":null,"Value":782},{"Length":188,"Height":4,"Demand":1,"DemandMax":null,"Value":752},{"Length":102,"Height":8,"Demand":1,"DemandMax":null,"Value":816},{"Length":25,"Height":32,"Demand":1,"DemandMax":null,"Value":800},{"Length":81,"Height":10,"Demand":1,"DemandMax":null,"Value":810},{"Length":26,"Height":30,"Demand":1,"DemandMax":null,"Value":780},{"Length":27,"Height":28,"Demand":1,"DemandMax":null,"Value":756},{"Length":114,"Height":7,"Demand":1,"DemandMax":null,"Value":798},{"Length":99,"Height":8,"Demand":1,"DemandMax":null,"Value":792},{"Length":115,"Height":7,"Demand":1,"DemandMax":null,"Value":805},{"Length":82,"Height":9,"Demand":1,"DemandMax":null,"Value":738},{"Length":29,"Height":26,"Demand":1,"DemandMax":null,"Value":754},{"Length":30,"Height":25,"Demand":1,"DemandMax":null,"Value":750},{"Length":5,"Height":138,"Demand":1,"DemandMax":null,"Value":690},{"Length":119,"Height":6,"Demand":1,"DemandMax":null,"Value":714},{"Length":37,"Height":20,"Demand":1,"DemandMax":null,"Value":740},{"Length":74,"Height":10,"Demand":1,"DemandMax":null,"Value":740},{"Length":7,"Height":100,"Demand":1,"DemandMax":null,"Value":700},{"Length":28,"Height":26,"Demand":1,"DemandMax":null,"Value":728},{"Length":36,"Height":20,"Demand":1,"DemandMax":null,"Value":720},{"Length":6,"Height":119,"Demand":1,"DemandMax":null,"Value":714},{"Length":137,"Height":5,"Demand":1,"DemandMax":null,"Value":685},{"Length":29,"Height":25,"Demand":1,"DemandMax":null,"Value":725},{"Length":20,"Height":36,"Demand":1,"DemandMax":null,"Value":720},{"Length":115,"Height":6,"Demand":1,"DemandMax":null,"Value":690},{"Length":104,"Height":7,"Demand":1,"DemandMax":null,"Value":728},{"Length":97,"Height":7,"Demand":1,"DemandMax":null,"Value":679},{"Length":6,"Height":116,"Demand":1,"DemandMax":null,"Value":696},{"Length":134,"Height":5,"Demand":1,"DemandMax":null,"Value":670},{"Length":14,"Height":50,"Demand":1,"DemandMax":null,"Value":700},{"Length":7,"Height":101,"Demand":1,"DemandMax":null,"Value":707},{"Length":7,"Height":94,"Demand":1,"DemandMax":null,"Value":658},{"Length":8,"Height":86,"Demand":1,"DemandMax":null,"Value":688},{"Length":162,"Height":4,"Demand":1,"DemandMax":null,"Value":648},{"Length":26,"Height":26,"Demand":1,"DemandMax":null,"Value":676},{"Length":9,"Height":78,"Demand":1,"DemandMax":null,"Value":702},{"Length":6,"Height":104,"Demand":1,"DemandMax":null,"Value":624},{"Length":50,"Height":13,"Demand":1,"DemandMax":null,"Value":650},{"Length":24,"Height":28,"Demand":1,"DemandMax":null,"Value":672},{"Length":52,"Height":13,"Demand":1,"DemandMax":null,"Value":676},{"Length":6,"Height":108,"Demand":1,"DemandMax":null,"Value":648},{"Length":57,"Height":12,"Demand":1,"DemandMax":null,"Value":684},{"Length":142,"Height":5,"Demand":1,"DemandMax":null,"Value":710},{"Length":176,"Height":4,"Demand":1,"DemandMax":null,"Value":704},{"Length":207,"Height":3,"Demand":1,"DemandMax":null,"Value":621},{"Length":146,"Height":4,"Demand":1,"DemandMax":null,"Value":584},{"Length":12,"Height":55,"Demand":1,"DemandMax":null,"Value":660},{"Length":4,"Height":154,"Demand":1,"DemandMax":null,"Value":616},{"Length":56,"Height":11,"Demand":1,"DemandMax":null,"Value":616},{"Length":112,"Height":6,"Demand":1,"DemandMax":null,"Value":672},{"Length":10,"Height":67,"Demand":1,"DemandMax":null,"Value":670},{"Length":72,"Height":9,"Demand":1,"DemandMax":null,"Value":648},{"Length":17,"Height":36,"Demand":1,"DemandMax":null,"Value":612},{"Length":201,"Height":3,"Demand":1,"DemandMax":null,"Value":603},{"Length":44,"Height":14,"Demand":1,"DemandMax":null,"Value":616},{"Length":6,"Height":98,"Demand":1,"DemandMax":null,"Value":588},{"Length":8,"Height":77,"Demand":1,"DemandMax":null,"Value":616},{"Length":14,"Height":43,"Demand":2,"DemandMax":null,"Value":602},{"Length":37,"Height":17,"Demand":1,"DemandMax":null,"Value":629},{"Length":105,"Height":6,"Demand":1,"DemandMax":null,"Value":630},{"Length":30,"Height":20,"Demand":1,"DemandMax":null,"Value":600},{"Length":36,"Height":17,"Demand":1,"DemandMax":null,"Value":612},{"Length":142,"Height":4,"Demand":1,"DemandMax":null,"Value":568},{"Length":35,"Height":18,"Demand":1,"DemandMax":null,"Value":630},{"Length":25,"Height":25,"Demand":1,"DemandMax":null,"Value":625},{"Length":21,"Height":30,"Demand":1,"DemandMax":null,"Value":630},{"Length":28,"Height":22,"Demand":1,"DemandMax":null,"Value":616},{"Length":99,"Height":6,"Demand":2,"DemandMax":null,"Value":594},{"Length":49,"Height":13,"Demand":1,"DemandMax":null,"Value":637},{"Length":41,"Height":15,"Demand":1,"DemandMax":null,"Value":615},{"Length":13,"Height":47,"Demand":1,"DemandMax":null,"Value":611},{"Length":9,"Height":67,"Demand":1,"DemandMax":null,"Value":603},{"Length":24,"Height":25,"Demand":1,"DemandMax":null,"Value":600},{"Length":29,"Height":21,"Demand":1,"DemandMax":null,"Value":609},{"Length":6,"Height":96,"Demand":1,"DemandMax":null,"Value":576},{"Length":48,"Height":13,"Demand":1,"DemandMax":null,"Value":624},{"Length":119,"Height":5,"Demand":1,"DemandMax":null,"Value":595},{"Length":58,"Height":10,"Demand":2,"DemandMax":null,"Value":580},{"Length":15,"Height":39,"Demand":2,"DemandMax":null,"Value":585},{"Length":78,"Height":8,"Demand":1,"DemandMax":null,"Value":624},{"Length":185,"Height":3,"Demand":1,"DemandMax":null,"Value":555},{"Length":137,"Height":4,"Demand":1,"DemandMax":null,"Value":548},{"Length":33,"Height":18,"Demand":1,"DemandMax":null,"Value":594},{"Length":9,"Height":66,"Demand":1,"DemandMax":null,"Value":594},{"Length":15,"Height":40,"Demand":1,"DemandMax":null,"Value":600},{"Length":28,"Height":21,"Demand":1,"DemandMax":null,"Value":588},{"Length":129,"Height":5,"Demand":1,"DemandMax":null,"Value":645},{"Length":154,"Height":4,"Demand":1,"DemandMax":null,"Value":616},{"Length":8,"Height":75,"Demand":1,"DemandMax":null,"Value":600},{"Length":26,"Height":22,"Demand":1,"DemandMax":null,"Value":572},{"Length":173,"Height":3,"Demand":3,"DemandMax":null,"Value":519},{"Length":166,"Height":4,"Demand":1,"DemandMax":null,"Value":664},{"Length":22,"Height":26,"Demand":1,"DemandMax":null,"Value":572},{"Length":12,"Height":47,"Demand":2,"DemandMax":null,"Value":564},{"Length":11,"Height":53,"Demand":1,"DemandMax":null,"Value":583},{"Length":129,"Height":4,"Demand":1,"DemandMax":null,"Value":516},{"Length":6,"Height":100,"Demand":1,"DemandMax":null,"Value":600},{"Length":103,"Height":6,"Demand":1,"DemandMax":null,"Value":618},{"Length":7,"Height":86,"Demand":1,"DemandMax":null,"Value":602},{"Length":31,"Height":18,"Demand":1,"DemandMax":null,"Value":558},{"Length":13,"Height":44,"Demand":1,"DemandMax":null,"Value":572},{"Length":43,"Height":13,"Demand":1,"DemandMax":null,"Value":559},{"Length":98,"Height":6,"Demand":1,"DemandMax":null,"Value":588},{"Length":4,"Height":155,"Demand":1,"DemandMax":null,"Value":620},{"Length":18,"Height":32,"Demand":1,"DemandMax":null,"Value":576},{"Length":6,"Height":93,"Demand":2,"DemandMax":null,"Value":558},{"Length":35,"Height":16,"Demand":1,"DemandMax":null,"Value":560},{"Length":150,"Height":4,"Demand":1,"DemandMax":null,"Value":600},{"Length":15,"Height":37,"Demand":1,"DemandMax":null,"Value":555},{"Length":184,"Height":3,"Demand":1,"DemandMax":null,"Value":552},{"Length":2,"Height":228,"Demand":2,"DemandMax":null,"Value":456},{"Length":56,"Height":10,"Demand":1,"DemandMax":null,"Value":560},{"Length":63,"Height":9,"Demand":1,"DemandMax":null,"Value":567},{"Length":8,"Height":71,"Demand":2,"DemandMax":null,"Value":568},{"Length":5,"Height":114,"Demand":1,"DemandMax":null,"Value":570},{"Length":4,"Height":133,"Demand":2,"DemandMax":null,"Value":532},{"Length":123,"Height":4,"Demand":1,"DemandMax":null,"Value":492},{"Length":14,"Height":38,"Demand":1,"DemandMax":null,"Value":532},{"Length":59,"Height":9,"Demand":3,"DemandMax":null,"Value":531},{"Length":22,"Height":25,"Demand":1,"DemandMax":null,"Value":550},{"Length":102,"Height":5,"Demand":1,"DemandMax":null,"Value":510},{"Length":60,"Height":9,"Demand":1,"DemandMax":null,"Value":540},{"Length":86,"Height":6,"Demand":1,"DemandMax":null,"Value":516},{"Length":6,"Height":85,"Demand":1,"DemandMax":null,"Value":510},{"Length":6,"Height":90,"Demand":1,"DemandMax":null,"Value":540},{"Length":130,"Height":4,"Demand":1,"DemandMax":null,"Value":520},{"Length":72,"Height":8,"Demand":1,"DemandMax":null,"Value":576},{"Length":34,"Height":16,"Demand":1,"DemandMax":null,"Value":544},{"Length":3,"Height":161,"Demand":3,"DemandMax":null,"Value":483},{"Length":27,"Height":20,"Demand":1,"DemandMax":null,"Value":540},{"Length":23,"Height":24,"Demand":1,"DemandMax":null,"Value":552},{"Length":9,"Height":62,"Demand":1,"DemandMax":null,"Value":558},{"Length":11,"Height":47,"Demand":2,"DemandMax":null,"Value":517},{"Length":5,"Height":100,"Demand":2,"DemandMax":null,"Value":500},{"Length":48,"Height":11,"Demand":2,"DemandMax":null,"Value":528},{"Length":54,"Height":10,"Demand":1,"DemandMax":null,"Value":540},{"Length":3,"Height":163,"Demand":2,"DemandMax":null,"Value":489},{"Length":20,"Height":27,"Demand":1,"DemandMax":null,"Value":540},{"Length":89,"Height":6,"Demand":1,"DemandMax":null,"Value":534},{"Length":19,"Height":28,"Demand":1,"DemandMax":null,"Value":532},{"Length":90,"Height":6,"Demand":1,"DemandMax":null,"Value":540},{"Length":126,"Height":4,"Demand":2,"DemandMax":null,"Value":504},{"Length":79,"Height":7,"Demand":1,"DemandMax":null,"Value":553},{"Length":88,"Height":6,"Demand":1,"DemandMax":null,"Value":528},{"Length":14,"Height":37,"Demand":3,"DemandMax":null,"Value":518},{"Length":71,"Height":7,"Demand":2,"DemandMax":null,"Value":497},{"Length":23,"Height":23,"Demand":1,"DemandMax":null,"Value":529},{"Length":36,"Height":15,"Demand":1,"DemandMax":null,"Value":540},{"Length":29,"Height":18,"Demand":2,"DemandMax":null,"Value":522},{"Length":62,"Height":8,"Demand":1,"DemandMax":null,"Value":496},{"Length":13,"Height":41,"Demand":1,"DemandMax":null,"Value":533},{"Length":6,"Height":84,"Demand":1,"DemandMax":null,"Value":504},{"Length":56,"Height":9,"Demand":2,"DemandMax":null,"Value":504},{"Length":134,"Height":4,"Demand":1,"DemandMax":null,"Value":536},{"Length":22,"Height":24,"Demand":1,"DemandMax":null,"Value":528},{"Length":8,"Height":62,"Demand":1,"DemandMax":null,"Value":496},{"Length":21,"Height":25,"Demand":1,"DemandMax":null,"Value":525},{"Length":10,"Height":52,"Demand":1,"DemandMax":null,"Value":520},{"Length":13,"Height":39,"Demand":1,"DemandMax":null,"Value":507},{"Length":224,"Height":2,"Demand":1,"DemandMax":null,"Value":448},{"Length":5,"Height":94,"Demand":1,"DemandMax":null,"Value":470},{"Length":6,"Height":88,"Demand":1,"DemandMax":null,"Value":528},{"Length":106,"Height":5,"Demand":2,"DemandMax":null,"Value":530},{"Length":111,"Height":5,"Demand":1,"DemandMax":null,"Value":555},{"Length":20,"Height":26,"Demand":1,"DemandMax":null,"Value":520},{"Length":165,"Height":3,"Demand":2,"DemandMax":null,"Value":495},{"Length":101,"Height":5,"Demand":1,"DemandMax":null,"Value":505},{"Length":34,"Height":15,"Demand":2,"DemandMax":null,"Value":510},{"Length":11,"Height":45,"Demand":4,"DemandMax":null,"Value":495},{"Length":39,"Height":13,"Demand":1,"DemandMax":null,"Value":507},{"Length":119,"Height":4,"Demand":5,"DemandMax":null,"Value":476},{"Length":38,"Height":13,"Demand":3,"DemandMax":null,"Value":494},{"Length":18,"Height":28,"Demand":1,"DemandMax":null,"Value":504},{"Length":81,"Height":6,"Demand":1,"DemandMax":null,"Value":486},{"Length":5,"Height":97,"Demand":1,"DemandMax":null,"Value":485},{"Length":5,"Height":96,"Demand":4,"DemandMax":null,"Value":480},{"Length":29,"Height":17,"Demand":2,"DemandMax":null,"Value":493},{"Length":3,"Height":146,"Demand":1,"DemandMax":null,"Value":438},{"Length":24,"Height":22,"Demand":1,"DemandMax":null,"Value":528},{"Length":66,"Height":8,"Demand":1,"DemandMax":null,"Value":528},{"Length":113,"Height":4,"Demand":1,"DemandMax":null,"Value":452},{"Length":82,"Height":6,"Demand":1,"DemandMax":null,"Value":492},{"Length":54,"Height":9,"Demand":2,"DemandMax":null,"Value":486},{"Length":24,"Height":21,"Demand":1,"DemandMax":null,"Value":504},{"Length":27,"Height":19,"Demand":1,"DemandMax":null,"Value":513},{"Length":3,"Height":174,"Demand":2,"DemandMax":null,"Value":522},{"Length":104,"Height":5,"Demand":1,"DemandMax":null,"Value":520},{"Length":10,"Height":50,"Demand":2,"DemandMax":null,"Value":500},{"Length":10,"Height":53,"Demand":2,"DemandMax":null,"Value":530},{"Length":11,"Height":46,"Demand":2,"DemandMax":null,"Value":506},{"Length":107,"Height":5,"Demand":1,"DemandMax":null,"Value":535},{"Length":14,"Height":36,"Demand":1,"DemandMax":null,"Value":504},{"Length":22,"Height":23,"Demand":1,"DemandMax":null,"Value":506},{"Length":23,"Height":22,"Demand":1,"DemandMax":null,"Value":506},{"Length":169,"Height":3,"Demand":1,"DemandMax":null,"Value":507},{"Length":124,"Height":4,"Demand":1,"DemandMax":null,"Value":496},{"Length":72,"Height":7,"Demand":2,"DemandMax":null,"Value":504},{"Length":26,"Height":19,"Demand":1,"DemandMax":null,"Value":494},{"Length":5,"Height":110,"Demand":1,"DemandMax":null,"Value":550},{"Length":9,"Height":54,"Demand":1,"DemandMax":null,"Value":486},{"Length":67,"Height":8,"Demand":1,"DemandMax":null,"Value":536},{"Length":16,"Height":32,"Demand":1,"DemandMax":null,"Value":512},{"Length":152,"Height":3,"Demand":3,"DemandMax":null,"Value":456},{"Length":19,"Height":26,"Demand":1,"DemandMax":null,"Value":494},{"Length":5,"Height":99,"Demand":1,"DemandMax":null,"Value":495},{"Length":5,"Height":93,"Demand":1,"DemandMax":null,"Value":465},{"Length":6,"Height":81,"Demand":1,"DemandMax":null,"Value":486},{"Length":6,"Height":86,"Demand":2,"DemandMax":null,"Value":516},{"Length":111,"Height":4,"Demand":5,"DemandMax":null,"Value":444},{"Length":128,"Height":4,"Demand":1,"DemandMax":null,"Value":512},{"Length":57,"Height":9,"Demand":1,"DemandMax":null,"Value":513},{"Length":24,"Height":20,"Demand":2,"DemandMax":null,"Value":480},{"Length":21,"Height":24,"Demand":1,"DemandMax":null,"Value":504},{"Length":87,"Height":6,"Demand":1,"DemandMax":null,"Value":522},{"Length":3,"Height":143,"Demand":3,"DemandMax":null,"Value":429},{"Length":14,"Height":34,"Demand":2,"DemandMax":null,"Value":476},{"Length":9,"Height":52,"Demand":3,"DemandMax":null,"Value":468},{"Length":7,"Height":75,"Demand":1,"DemandMax":null,"Value":525},{"Length":112,"Height":4,"Demand":5,"DemandMax":null,"Value":448},{"Length":97,"Height":5,"Demand":3,"DemandMax":null,"Value":485},{"Length":95,"Height":5,"Demand":4,"DemandMax":null,"Value":475},{"Length":15,"Height":34,"Demand":1,"DemandMax":null,"Value":510},{"Length":43,"Height":11,"Demand":2,"DemandMax":null,"Value":473},{"Length":85,"Height":6,"Demand":1,"DemandMax":null,"Value":510},{"Length":18,"Height":27,"Demand":1,"DemandMax":null,"Value":486},{"Length":51,"Height":10,"Demand":2,"DemandMax":null,"Value":510},{"Length":66,"Height":7,"Demand":1,"DemandMax":null,"Value":462},{"Length":37,"Height":13,"Demand":2,"DemandMax":null,"Value":481},{"Length":158,"Height":3,"Demand":1,"DemandMax":null,"Value":474},{"Length":63,"Height":8,"Demand":1,"DemandMax":null,"Value":504},{"Length":8,"Height":64,"Demand":1,"DemandMax":null,"Value":512},{"Length":58,"Height":8,"Demand":1,"DemandMax":null,"Value":464},{"Length":8,"Height":60,"Demand":3,"DemandMax":null,"Value":480},{"Length":7,"Height":71,"Demand":3,"DemandMax":null,"Value":497},{"Length":98,"Height":5,"Demand":1,"DemandMax":null,"Value":490},{"Length":10,"Height":51,"Demand":1,"DemandMax":null,"Value":510},{"Length":3,"Height":151,"Demand":1,"DemandMax":null,"Value":453},{"Length":33,"Height":15,"Demand":1,"DemandMax":null,"Value":495},{"Length":147,"Height":3,"Demand":2,"DemandMax":null,"Value":441},{"Length":39,"Height":12,"Demand":1,"DemandMax":null,"Value":468},{"Length":31,"Height":15,"Demand":1,"DemandMax":null,"Value":465},{"Length":32,"Height":15,"Demand":1,"DemandMax":null,"Value":480},{"Length":23,"Height":21,"Demand":2,"DemandMax":null,"Value":483},{"Length":6,"Height":77,"Demand":2,"DemandMax":null,"Value":462},{"Length":7,"Height":69,"Demand":3,"DemandMax":null,"Value":483},{"Length":21,"Height":23,"Demand":2,"DemandMax":null,"Value":483},{"Length":53,"Height":9,"Demand":4,"DemandMax":null,"Value":477},{"Length":12,"Height":41,"Demand":1,"DemandMax":null,"Value":492},{"Length":57,"Height":8,"Demand":3,"DemandMax":null,"Value":456},{"Length":12,"Height":40,"Demand":2,"DemandMax":null,"Value":480},{"Length":89,"Height":5,"Demand":4,"DemandMax":null,"Value":445},{"Length":198,"Height":2,"Demand":2,"DemandMax":null,"Value":396},{"Length":99,"Height":5,"Demand":2,"DemandMax":null,"Value":495},{"Length":83,"Height":6,"Demand":2,"DemandMax":null,"Value":498},{"Length":145,"Height":3,"Demand":1,"DemandMax":null,"Value":435},{"Length":4,"Height":116,"Demand":2,"DemandMax":null,"Value":464},{"Length":67,"Height":7,"Demand":2,"DemandMax":null,"Value":469},{"Length":25,"Height":19,"Demand":3,"DemandMax":null,"Value":475},{"Length":4,"Height":112,"Demand":3,"DemandMax":null,"Value":448},{"Length":84,"Height":6,"Demand":1,"DemandMax":null,"Value":504},{"Length":13,"Height":36,"Demand":3,"DemandMax":null,"Value":468},{"Length":155,"Height":3,"Demand":1,"DemandMax":null,"Value":465},{"Length":4,"Height":119,"Demand":4,"DemandMax":null,"Value":476},{"Length":80,"Height":6,"Demand":1,"DemandMax":null,"Value":480},{"Length":15,"Height":32,"Demand":1,"DemandMax":null,"Value":480},{"Length":26,"Height":18,"Demand":3,"DemandMax":null,"Value":468},{"Length":28,"Height":17,"Demand":1,"DemandMax":null,"Value":476},{"Length":76,"Height":6,"Demand":2,"DemandMax":null,"Value":456},{"Length":27,"Height":17,"Demand":2,"DemandMax":null,"Value":459},{"Length":52,"Height":9,"Demand":4,"DemandMax":null,"Value":468},{"Length":148,"Height":3,"Demand":1,"DemandMax":null,"Value":444},{"Length":24,"Height":19,"Demand":3,"DemandMax":null,"Value":456},{"Length":79,"Height":6,"Demand":2,"DemandMax":null,"Value":474},{"Length":51,"Height":9,"Demand":2,"DemandMax":null,"Value":459},{"Length":35,"Height":14,"Demand":1,"DemandMax":null,"Value":490},{"Length":34,"Height":14,"Demand":1,"DemandMax":null,"Value":476},{"Length":46,"Height":10,"Demand":2,"DemandMax":null,"Value":460},{"Length":22,"Height":21,"Demand":1,"DemandMax":null,"Value":462},{"Length":9,"Height":53,"Demand":1,"DemandMax":null,"Value":477},{"Length":17,"Height":28,"Demand":1,"DemandMax":null,"Value":476},{"Length":40,"Height":12,"Demand":1,"DemandMax":null,"Value":480},{"Length":78,"Height":6,"Demand":2,"DemandMax":null,"Value":468},{"Length":44,"Height":11,"Demand":1,"DemandMax":null,"Value":484},{"Length":106,"Height":4,"Demand":4,"DemandMax":null,"Value":424},{"Length":4,"Height":128,"Demand":1,"DemandMax":null,"Value":512},{"Length":55,"Height":8,"Demand":2,"DemandMax":null,"Value":440},{"Length":19,"Height":25,"Demand":1,"DemandMax":null,"Value":475},{"Length":86,"Height":5,"Demand":2,"DemandMax":null,"Value":430},{"Length":33,"Height":14,"Demand":1,"DemandMax":null,"Value":462},{"Length":23,"Height":20,"Demand":1,"DemandMax":null,"Value":460},{"Length":9,"Height":51,"Demand":1,"DemandMax":null,"Value":459},{"Length":35,"Height":13,"Demand":2,"DemandMax":null,"Value":455},{"Length":69,"Height":7,"Demand":1,"DemandMax":null,"Value":483},{"Length":16,"Height":30,"Demand":1,"DemandMax":null,"Value":480},{"Length":4,"Height":115,"Demand":1,"DemandMax":null,"Value":460},{"Length":139,"Height":3,"Demand":1,"DemandMax":null,"Value":417},{"Length":38,"Height":12,"Demand":5,"DemandMax":null,"Value":456},{"Length":20,"Height":24,"Demand":1,"DemandMax":null,"Value":480},{"Length":110,"Height":4,"Demand":2,"DemandMax":null,"Value":440},{"Length":8,"Height":55,"Demand":2,"DemandMax":null,"Value":440},{"Length":92,"Height":5,"Demand":1,"DemandMax":null,"Value":460},{"Length":90,"Height":5,"Demand":4,"DemandMax":null,"Value":450},{"Length":65,"Height":7,"Demand":1,"DemandMax":null,"Value":455},{"Length":26,"Height":17,"Demand":1,"DemandMax":null,"Value":442},{"Length":5,"Height":86,"Demand":8,"DemandMax":null,"Value":430},{"Length":34,"Height":13,"Demand":4,"DemandMax":null,"Value":442},{"Length":21,"Height":21,"Demand":4,"DemandMax":null,"Value":441},{"Length":25,"Height":18,"Demand":3,"DemandMax":null,"Value":450},{"Length":14,"Height":32,"Demand":2,"DemandMax":null,"Value":448},{"Length":156,"Height":3,"Demand":2,"DemandMax":null,"Value":468},{"Length":73,"Height":6,"Demand":2,"DemandMax":null,"Value":438},{"Length":85,"Height":5,"Demand":3,"DemandMax":null,"Value":425},{"Length":181,"Height":3,"Demand":1,"DemandMax":null,"Value":543},{"Length":15,"Height":31,"Demand":1,"DemandMax":null,"Value":465},{"Length":50,"Height":9,"Demand":2,"DemandMax":null,"Value":450},{"Length":77,"Height":6,"Demand":3,"DemandMax":null,"Value":462},{"Length":36,"Height":13,"Demand":1,"DemandMax":null,"Value":468},{"Length":172,"Height":3,"Demand":1,"DemandMax":null,"Value":516},{"Length":5,"Height":98,"Demand":1,"DemandMax":null,"Value":490},{"Length":64,"Height":7,"Demand":2,"DemandMax":null,"Value":448},{"Length":5,"Height":101,"Demand":1,"DemandMax":null,"Value":505},{"Length":30,"Height":15,"Demand":3,"DemandMax":null,"Value":450},{"Length":131,"Height":3,"Demand":3,"DemandMax":null,"Value":393},{"Length":6,"Height":71,"Demand":4,"DemandMax":null,"Value":426},{"Length":143,"Height":3,"Demand":5,"DemandMax":null,"Value":429},{"Length":9,"Height":48,"Demand":1,"DemandMax":null,"Value":432},{"Length":146,"Height":3,"Demand":1,"DemandMax":null,"Value":438},{"Length":49,"Height":9,"Demand":1,"DemandMax":null,"Value":441},{"Length":10,"Height":45,"Demand":2,"DemandMax":null,"Value":450},{"Length":72,"Height":6,"Demand":2,"DemandMax":null,"Value":432},{"Length":5,"Height":88,"Demand":1,"DemandMax":null,"Value":440},{"Length":7,"Height":67,"Demand":2,"DemandMax":null,"Value":469},{"Length":15,"Height":30,"Demand":3,"DemandMax":null,"Value":450},{"Length":10,"Height":47,"Demand":1,"DemandMax":null,"Value":470},{"Length":32,"Height":14,"Demand":2,"DemandMax":null,"Value":448},{"Length":14,"Height":33,"Demand":2,"DemandMax":null,"Value":462},{"Length":13,"Height":35,"Demand":1,"DemandMax":null,"Value":455},{"Length":2,"Height":192,"Demand":1,"DemandMax":null,"Value":384},{"Length":43,"Height":10,"Demand":3,"DemandMax":null,"Value":430},{"Length":59,"Height":8,"Demand":2,"DemandMax":null,"Value":472},{"Length":171,"Height":3,"Demand":2,"DemandMax":null,"Value":513},{"Length":20,"Height":23,"Demand":1,"DemandMax":null,"Value":460},{"Length":40,"Height":11,"Demand":4,"DemandMax":null,"Value":440},{"Length":3,"Height":139,"Demand":3,"DemandMax":null,"Value":417},{"Length":22,"Height":20,"Demand":2,"DemandMax":null,"Value":440},{"Length":135,"Height":3,"Demand":1,"DemandMax":null,"Value":405},{"Length":28,"Height":16,"Demand":3,"DemandMax":null,"Value":448},{"Length":116,"Height":4,"Demand":3,"DemandMax":null,"Value":464},{"Length":17,"Height":26,"Demand":1,"DemandMax":null,"Value":442},{"Length":133,"Height":3,"Demand":2,"DemandMax":null,"Value":399},{"Length":130,"Height":3,"Demand":2,"DemandMax":null,"Value":390},{"Length":29,"Height":15,"Demand":1,"DemandMax":null,"Value":435},{"Length":74,"Height":6,"Demand":5,"DemandMax":null,"Value":444},{"Length":63,"Height":7,"Demand":2,"DemandMax":null,"Value":441},{"Length":7,"Height":65,"Demand":1,"DemandMax":null,"Value":455},{"Length":5,"Height":95,"Demand":1,"DemandMax":null,"Value":475},{"Length":6,"Height":73,"Demand":1,"DemandMax":null,"Value":438},{"Length":13,"Height":34,"Demand":3,"DemandMax":null,"Value":442},{"Length":9,"Height":47,"Demand":8,"DemandMax":null,"Value":423},{"Length":4,"Height":100,"Demand":4,"DemandMax":null,"Value":400},{"Length":4,"Height":101,"Demand":1,"DemandMax":null,"Value":404},{"Length":5,"Height":87,"Demand":3,"DemandMax":null,"Value":435},{"Length":24,"Height":18,"Demand":3,"DemandMax":null,"Value":432},{"Length":3,"Height":142,"Demand":2,"DemandMax":null,"Value":426},{"Length":8,"Height":53,"Demand":3,"DemandMax":null,"Value":424},{"Length":153,"Height":3,"Demand":2,"DemandMax":null,"Value":459},{"Length":108,"Height":4,"Demand":1,"DemandMax":null,"Value":432},{"Length":8,"Height":56,"Demand":1,"DemandMax":null,"Value":448},{"Length":138,"Height":3,"Demand":2,"DemandMax":null,"Value":414},{"Length":69,"Height":6,"Demand":1,"DemandMax":null,"Value":414},{"Length":39,"Height":11,"Demand":1,"DemandMax":null,"Value":429},{"Length":98,"Height":4,"Demand":2,"DemandMax":null,"Value":392},{"Length":15,"Height":29,"Demand":2,"DemandMax":null,"Value":435},{"Length":136,"Height":3,"Demand":3,"DemandMax":null,"Value":408},{"Length":11,"Height":38,"Demand":5,"DemandMax":null,"Value":418},{"Length":37,"Height":12,"Demand":2,"DemandMax":null,"Value":444},{"Length":14,"Height":30,"Demand":1,"DemandMax":null,"Value":420},{"Length":71,"Height":6,"Demand":3,"DemandMax":null,"Value":426},{"Length":16,"Height":27,"Demand":1,"DemandMax":null,"Value":432},{"Length":8,"Height":52,"Demand":3,"DemandMax":null,"Value":416},{"Length":144,"Height":3,"Demand":1,"DemandMax":null,"Value":432},{"Length":114,"Height":4,"Demand":1,"DemandMax":null,"Value":456},{"Length":54,"Height":8,"Demand":3,"DemandMax":null,"Value":432},{"Length":56,"Height":8,"Demand":3,"DemandMax":null,"Value":448},{"Length":10,"Height":43,"Demand":1,"DemandMax":null,"Value":430},{"Length":7,"Height":62,"Demand":1,"DemandMax":null,"Value":434},{"Length":100,"Height":4,"Demand":2,"DemandMax":null,"Value":400},{"Length":5,"Height":81,"Demand":3,"DemandMax":null,"Value":405},{"Length":82,"Height":5,"Demand":1,"DemandMax":null,"Value":410},{"Length":18,"Height":25,"Demand":1,"DemandMax":null,"Value":450},{"Length":104,"Height":4,"Demand":4,"DemandMax":null,"Value":416},{"Length":11,"Height":41,"Demand":2,"DemandMax":null,"Value":451},{"Length":19,"Height":23,"Demand":2,"DemandMax":null,"Value":437},{"Length":25,"Height":17,"Demand":5,"DemandMax":null,"Value":425},{"Length":31,"Height":14,"Demand":2,"DemandMax":null,"Value":434},{"Length":8,"Height":51,"Demand":3,"DemandMax":null,"Value":408},{"Length":9,"Height":49,"Demand":2,"DemandMax":null,"Value":441},{"Length":184,"Height":2,"Demand":2,"DemandMax":null,"Value":368},{"Length":53,"Height":8,"Demand":4,"DemandMax":null,"Value":424},{"Length":34,"Height":12,"Demand":5,"DemandMax":null,"Value":408},{"Length":20,"Height":21,"Demand":8,"DemandMax":null,"Value":420},{"Length":123,"Height":3,"Demand":3,"DemandMax":null,"Value":369},{"Length":6,"Height":70,"Demand":1,"DemandMax":null,"Value":420},{"Length":26,"Height":16,"Demand":3,"DemandMax":null,"Value":416},{"Length":17,"Height":25,"Demand":3,"DemandMax":null,"Value":425},{"Length":13,"Height":33,"Demand":3,"DemandMax":null,"Value":429},{"Length":105,"Height":4,"Demand":1,"DemandMax":null,"Value":420},{"Length":5,"Height":79,"Demand":2,"DemandMax":null,"Value":395},{"Length":51,"Height":8,"Demand":2,"DemandMax":null,"Value":408},{"Length":129,"Height":3,"Demand":1,"DemandMax":null,"Value":387},{"Length":27,"Height":16,"Demand":1,"DemandMax":null,"Value":432},{"Length":18,"Height":24,"Demand":2,"DemandMax":null,"Value":432},{"Length":10,"Height":41,"Demand":1,"DemandMax":null,"Value":410},{"Length":32,"Height":13,"Demand":1,"DemandMax":null,"Value":416},{"Length":4,"Height":111,"Demand":1,"DemandMax":null,"Value":444},{"Length":191,"Height":2,"Demand":1,"DemandMax":null,"Value":382},{"Length":67,"Height":6,"Demand":3,"DemandMax":null,"Value":402},{"Length":22,"Height":19,"Demand":2,"DemandMax":null,"Value":418},{"Length":23,"Height":19,"Demand":1,"DemandMax":null,"Value":437},{"Length":4,"Height":110,"Demand":1,"DemandMax":null,"Value":440},{"Length":28,"Height":15,"Demand":3,"DemandMax":null,"Value":420},{"Length":23,"Height":18,"Demand":1,"DemandMax":null,"Value":414},{"Length":12,"Height":35,"Demand":1,"DemandMax":null,"Value":420},{"Length":14,"Height":29,"Demand":3,"DemandMax":null,"Value":406},{"Length":5,"Height":80,"Demand":2,"DemandMax":null,"Value":400},{"Length":101,"Height":4,"Demand":2,"DemandMax":null,"Value":404},{"Length":4,"Height":120,"Demand":1,"DemandMax":null,"Value":480},{"Length":48,"Height":9,"Demand":1,"DemandMax":null,"Value":432},{"Length":6,"Height":69,"Demand":2,"DemandMax":null,"Value":414},{"Length":42,"Height":10,"Demand":1,"DemandMax":null,"Value":420},{"Length":173,"Height":2,"Demand":6,"DemandMax":null,"Value":346},{"Length":46,"Height":9,"Demand":1,"DemandMax":null,"Value":414},{"Length":2,"Height":172,"Demand":2,"DemandMax":null,"Value":344},{"Length":52,"Height":8,"Demand":3,"DemandMax":null,"Value":416},{"Length":94,"Height":4,"Demand":4,"DemandMax":null,"Value":376},{"Length":29,"Height":14,"Demand":2,"DemandMax":null,"Value":406},{"Length":37,"Height":11,"Demand":2,"DemandMax":null,"Value":407},{"Length":12,"Height":36,"Demand":1,"DemandMax":null,"Value":432},{"Length":93,"Height":5,"Demand":1,"DemandMax":null,"Value":465},{"Length":6,"Height":76,"Demand":1,"DemandMax":null,"Value":456},{"Length":13,"Height":32,"Demand":1,"DemandMax":null,"Value":416},{"Length":2,"Height":194,"Demand":2,"DemandMax":null,"Value":388},{"Length":27,"Height":15,"Demand":1,"DemandMax":null,"Value":405},{"Length":7,"Height":63,"Demand":1,"DemandMax":null,"Value":441},{"Length":58,"Height":7,"Demand":2,"DemandMax":null,"Value":406},{"Length":45,"Height":9,"Demand":2,"DemandMax":null,"Value":405},{"Length":65,"Height":6,"Demand":1,"DemandMax":null,"Value":390},{"Length":30,"Height":14,"Demand":2,"DemandMax":null,"Value":420},{"Length":18,"Height":23,"Demand":2,"DemandMax":null,"Value":414},{"Length":78,"Height":5,"Demand":6,"DemandMax":null,"Value":390},{"Length":15,"Height":28,"Demand":1,"DemandMax":null,"Value":420},{"Length":6,"Height":67,"Demand":1,"DemandMax":null,"Value":402},{"Length":16,"Height":25,"Demand":4,"DemandMax":null,"Value":400},{"Length":3,"Height":149,"Demand":2,"DemandMax":null,"Value":447},{"Length":77,"Height":5,"Demand":4,"DemandMax":null,"Value":385},{"Length":47,"Height":9,"Demand":1,"DemandMax":null,"Value":423},{"Length":8,"Height":50,"Demand":5,"DemandMax":null,"Value":400},{"Length":6,"Height":65,"Demand":1,"DemandMax":null,"Value":390},{"Length":149,"Height":3,"Demand":1,"DemandMax":null,"Value":447},{"Length":36,"Height":11,"Demand":1,"DemandMax":null,"Value":396},{"Length":95,"Height":4,"Demand":8,"DemandMax":null,"Value":380},{"Length":6,"Height":75,"Demand":1,"DemandMax":null,"Value":450},{"Length":7,"Height":59,"Demand":2,"DemandMax":null,"Value":413},{"Length":83,"Height":5,"Demand":2,"DemandMax":null,"Value":415},{"Length":124,"Height":3,"Demand":2,"DemandMax":null,"Value":372},{"Length":107,"Height":4,"Demand":1,"DemandMax":null,"Value":428},{"Length":66,"Height":6,"Demand":3,"DemandMax":null,"Value":396},{"Length":57,"Height":7,"Demand":1,"DemandMax":null,"Value":399},{"Length":75,"Height":5,"Demand":1,"DemandMax":null,"Value":375},{"Length":2,"Height":182,"Demand":2,"DemandMax":null,"Value":364},{"Length":19,"Height":21,"Demand":2,"DemandMax":null,"Value":399},{"Length":8,"Height":49,"Demand":1,"DemandMax":null,"Value":392},{"Length":16,"Height":26,"Demand":1,"DemandMax":null,"Value":416},{"Length":9,"Height":44,"Demand":1,"DemandMax":null,"Value":396},{"Length":119,"Height":3,"Demand":5,"DemandMax":null,"Value":357},{"Length":39,"Height":10,"Demand":1,"DemandMax":null,"Value":390},{"Length":97,"Height":4,"Demand":1,"DemandMax":null,"Value":388},{"Length":189,"Height":2,"Demand":2,"DemandMax":null,"Value":378},{"Length":44,"Height":9,"Demand":1,"DemandMax":null,"Value":396},{"Length":21,"Height":19,"Demand":1,"DemandMax":null,"Value":399},{"Length":7,"Height":55,"Demand":2,"DemandMax":null,"Value":385},{"Length":3,"Height":144,"Demand":1,"DemandMax":null,"Value":432},{"Length":2,"Height":163,"Demand":3,"DemandMax":null,"Value":326},{"Length":15,"Height":27,"Demand":1,"DemandMax":null,"Value":405},{"Length":88,"Height":5,"Demand":1,"DemandMax":null,"Value":440},{"Length":7,"Height":60,"Demand":1,"DemandMax":null,"Value":420},{"Length":99,"Height":4,"Demand":3,"DemandMax":null,"Value":396},{"Length":43,"Height":9,"Demand":2,"DemandMax":null,"Value":387},{"Length":12,"Height":33,"Demand":1,"DemandMax":null,"Value":396},{"Length":4,"Height":98,"Demand":1,"DemandMax":null,"Value":392},{"Length":132,"Height":3,"Demand":6,"DemandMax":null,"Value":396},{"Length":29,"Height":13,"Demand":1,"DemandMax":null,"Value":377},{"Length":81,"Height":5,"Demand":1,"DemandMax":null,"Value":405},{"Length":17,"Height":23,"Demand":1,"DemandMax":null,"Value":391},{"Length":150,"Height":3,"Demand":1,"DemandMax":null,"Value":450},{"Length":4,"Height":90,"Demand":3,"DemandMax":null,"Value":360},{"Length":20,"Height":19,"Demand":4,"DemandMax":null,"Value":380},{"Length":26,"Height":15,"Demand":2,"DemandMax":null,"Value":390},{"Length":5,"Height":77,"Demand":2,"DemandMax":null,"Value":385},{"Length":12,"Height":34,"Demand":1,"DemandMax":null,"Value":408},{"Length":176,"Height":2,"Demand":1,"DemandMax":null,"Value":352},{"Length":9,"Height":42,"Demand":3,"DemandMax":null,"Value":378},{"Length":11,"Height":35,"Demand":2,"DemandMax":null,"Value":385},{"Length":13,"Height":31,"Demand":1,"DemandMax":null,"Value":403},{"Length":140,"Height":3,"Demand":2,"DemandMax":null,"Value":420},{"Length":13,"Height":30,"Demand":2,"DemandMax":null,"Value":390},{"Length":25,"Height":16,"Demand":1,"DemandMax":null,"Value":400},{"Length":120,"Height":3,"Demand":1,"DemandMax":null,"Value":360},{"Length":7,"Height":56,"Demand":1,"DemandMax":null,"Value":392},{"Length":22,"Height":18,"Demand":1,"DemandMax":null,"Value":396},{"Length":48,"Height":8,"Demand":3,"DemandMax":null,"Value":384},{"Length":112,"Height":3,"Demand":3,"DemandMax":null,"Value":336},{"Length":10,"Height":38,"Demand":1,"DemandMax":null,"Value":380},{"Length":23,"Height":17,"Demand":1,"DemandMax":null,"Value":391},{"Length":21,"Height":18,"Demand":1,"DemandMax":null,"Value":378},{"Length":33,"Height":12,"Demand":1,"DemandMax":null,"Value":396},{"Length":5,"Height":74,"Demand":1,"DemandMax":null,"Value":370},{"Length":22,"Height":17,"Demand":3,"DemandMax":null,"Value":374},{"Length":8,"Height":47,"Demand":3,"DemandMax":null,"Value":376},{"Length":11,"Height":34,"Demand":3,"DemandMax":null,"Value":374},{"Length":118,"Height":3,"Demand":2,"DemandMax":null,"Value":354},{"Length":4,"Height":105,"Demand":1,"DemandMax":null,"Value":420},{"Length":64,"Height":6,"Demand":1,"DemandMax":null,"Value":384},{"Length":41,"Height":9,"Demand":3,"DemandMax":null,"Value":369},{"Length":4,"Height":87,"Demand":4,"DemandMax":null,"Value":348},{"Length":7,"Height":53,"Demand":1,"DemandMax":null,"Value":371},{"Length":24,"Height":16,"Demand":4,"DemandMax":null,"Value":384},{"Length":4,"Height":94,"Demand":1,"DemandMax":null,"Value":376},{"Length":56,"Height":7,"Demand":1,"DemandMax":null,"Value":392},{"Length":76,"Height":5,"Demand":1,"DemandMax":null,"Value":380},{"Length":30,"Height":13,"Demand":1,"DemandMax":null,"Value":390},{"Length":6,"Height":61,"Demand":2,"DemandMax":null,"Value":366},{"Length":8,"Height":45,"Demand":1,"DemandMax":null,"Value":360},{"Length":93,"Height":4,"Demand":2,"DemandMax":null,"Value":372},{"Length":114,"Height":3,"Demand":3,"DemandMax":null,"Value":342},{"Length":19,"Height":20,"Demand":1,"DemandMax":null,"Value":380},{"Length":25,"Height":15,"Demand":2,"DemandMax":null,"Value":375},{"Length":32,"Height":12,"Demand":1,"DemandMax":null,"Value":384},{"Length":73,"Height":5,"Demand":3,"DemandMax":null,"Value":365},{"Length":72,"Height":5,"Demand":1,"DemandMax":null,"Value":360},{"Length":26,"Height":14,"Demand":2,"DemandMax":null,"Value":364},{"Length":68,"Height":5,"Demand":4,"DemandMax":null,"Value":340},{"Length":14,"Height":26,"Demand":1,"DemandMax":null,"Value":364},{"Length":3,"Height":107,"Demand":2,"DemandMax":null,"Value":321},{"Length":142,"Height":3,"Demand":1,"DemandMax":null,"Value":426},{"Length":27,"Height":14,"Demand":1,"DemandMax":null,"Value":378},{"Length":34,"Height":11,"Demand":1,"DemandMax":null,"Value":374},{"Length":10,"Height":37,"Demand":2,"DemandMax":null,"Value":370},{"Length":32,"Height":11,"Demand":5,"DemandMax":null,"Value":352},{"Length":80,"Height":5,"Demand":2,"DemandMax":null,"Value":400},{"Length":11,"Height":33,"Demand":4,"DemandMax":null,"Value":363},{"Length":15,"Height":25,"Demand":3,"DemandMax":null,"Value":375},{"Length":3,"Height":116,"Demand":2,"DemandMax":null,"Value":348},{"Length":3,"Height":122,"Demand":1,"DemandMax":null,"Value":366},{"Length":24,"Height":15,"Demand":4,"DemandMax":null,"Value":360},{"Length":87,"Height":4,"Demand":1,"DemandMax":null,"Value":348},{"Length":31,"Height":12,"Demand":1,"DemandMax":null,"Value":372},{"Length":134,"Height":3,"Demand":1,"DemandMax":null,"Value":402},{"Length":35,"Height":10,"Demand":2,"DemandMax":null,"Value":350},{"Length":185,"Height":2,"Demand":3,"DemandMax":null,"Value":370},{"Length":8,"Height":46,"Demand":3,"DemandMax":null,"Value":368},{"Length":13,"Height":29,"Demand":1,"DemandMax":null,"Value":377},{"Length":44,"Height":8,"Demand":4,"DemandMax":null,"Value":352},{"Length":107,"Height":3,"Demand":5,"DemandMax":null,"Value":321},{"Length":92,"Height":4,"Demand":4,"DemandMax":null,"Value":368},{"Length":67,"Height":5,"Demand":5,"DemandMax":null,"Value":335},{"Length":8,"Height":44,"Demand":2,"DemandMax":null,"Value":352},{"Length":18,"Height":20,"Demand":3,"DemandMax":null,"Value":360},{"Length":20,"Height":18,"Demand":2,"DemandMax":null,"Value":360},{"Length":11,"Height":32,"Demand":2,"DemandMax":null,"Value":352},{"Length":4,"Height":102,"Demand":1,"DemandMax":null,"Value":408},{"Length":16,"Height":23,"Demand":1,"DemandMax":null,"Value":368},{"Length":5,"Height":66,"Demand":4,"DemandMax":null,"Value":330},{"Length":3,"Height":112,"Demand":4,"DemandMax":null,"Value":336},{"Length":49,"Height":7,"Demand":1,"DemandMax":null,"Value":343},{"Length":6,"Height":60,"Demand":1,"DemandMax":null,"Value":360},{"Length":19,"Height":19,"Demand":2,"DemandMax":null,"Value":361},{"Length":9,"Height":39,"Demand":1,"DemandMax":null,"Value":351},{"Length":13,"Height":28,"Demand":1,"DemandMax":null,"Value":364},{"Length":3,"Height":138,"Demand":1,"DemandMax":null,"Value":414},{"Length":74,"Height":5,"Demand":3,"DemandMax":null,"Value":370},{"Length":154,"Height":2,"Demand":1,"DemandMax":null,"Value":308},{"Length":116,"Height":3,"Demand":3,"DemandMax":null,"Value":348},{"Length":36,"Height":10,"Demand":2,"DemandMax":null,"Value":360},{"Length":6,"Height":56,"Demand":2,"DemandMax":null,"Value":336},{"Length":156,"Height":2,"Demand":4,"DemandMax":null,"Value":312},{"Length":80,"Height":4,"Demand":5,"DemandMax":null,"Value":320},{"Length":88,"Height":4,"Demand":1,"DemandMax":null,"Value":352},{"Length":10,"Height":35,"Demand":1,"DemandMax":null,"Value":350},{"Length":9,"Height":38,"Demand":4,"DemandMax":null,"Value":342},{"Length":104,"Height":3,"Demand":8,"DemandMax":null,"Value":312},{"Length":172,"Height":2,"Demand":2,"DemandMax":null,"Value":344},{"Length":71,"Height":5,"Demand":4,"DemandMax":null,"Value":355},{"Length":53,"Height":7,"Demand":1,"DemandMax":null,"Value":371},{"Length":8,"Height":42,"Demand":2,"DemandMax":null,"Value":336},{"Length":4,"Height":81,"Demand":4,"DemandMax":null,"Value":324},{"Length":3,"Height":114,"Demand":2,"DemandMax":null,"Value":342},{"Length":15,"Height":23,"Demand":1,"DemandMax":null,"Value":345},{"Length":5,"Height":67,"Demand":1,"DemandMax":null,"Value":335},{"Length":84,"Height":4,"Demand":1,"DemandMax":null,"Value":336},{"Length":25,"Height":14,"Demand":2,"DemandMax":null,"Value":350},{"Length":18,"Height":19,"Demand":2,"DemandMax":null,"Value":342},{"Length":13,"Height":27,"Demand":3,"DemandMax":null,"Value":351},{"Length":7,"Height":47,"Demand":11,"DemandMax":null,"Value":329},{"Length":21,"Height":16,"Demand":5,"DemandMax":null,"Value":336},{"Length":57,"Height":6,"Demand":2,"DemandMax":null,"Value":342},{"Length":13,"Height":26,"Demand":3,"DemandMax":null,"Value":338},{"Length":91,"Height":4,"Demand":2,"DemandMax":null,"Value":364},{"Length":21,"Height":17,"Demand":1,"DemandMax":null,"Value":357},{"Length":59,"Height":6,"Demand":2,"DemandMax":null,"Value":354},{"Length":89,"Height":4,"Demand":2,"DemandMax":null,"Value":356},{"Length":22,"Height":16,"Demand":5,"DemandMax":null,"Value":352},{"Length":70,"Height":5,"Demand":3,"DemandMax":null,"Value":350},{"Length":5,"Height":71,"Demand":2,"DemandMax":null,"Value":355},{"Length":3,"Height":103,"Demand":2,"DemandMax":null,"Value":309},{"Length":14,"Height":25,"Demand":2,"DemandMax":null,"Value":350},{"Length":145,"Height":2,"Demand":2,"DemandMax":null,"Value":290},{"Length":7,"Height":48,"Demand":1,"DemandMax":null,"Value":336},{"Length":78,"Height":4,"Demand":3,"DemandMax":null,"Value":312},{"Length":23,"Height":15,"Demand":2,"DemandMax":null,"Value":345},{"Length":19,"Height":18,"Demand":3,"DemandMax":null,"Value":342},{"Length":6,"Height":57,"Demand":4,"DemandMax":null,"Value":342},{"Length":22,"Height":15,"Demand":3,"DemandMax":null,"Value":330},{"Length":6,"Height":54,"Demand":4,"DemandMax":null,"Value":324},{"Length":7,"Height":46,"Demand":6,"DemandMax":null,"Value":322},{"Length":101,"Height":3,"Demand":2,"DemandMax":null,"Value":303},{"Length":10,"Height":33,"Demand":2,"DemandMax":null,"Value":330},{"Length":10,"Height":34,"Demand":3,"DemandMax":null,"Value":340},{"Length":28,"Height":12,"Demand":3,"DemandMax":null,"Value":336},{"Length":55,"Height":6,"Demand":2,"DemandMax":null,"Value":330},{"Length":69,"Height":5,"Demand":3,"DemandMax":null,"Value":345},{"Length":24,"Height":14,"Demand":7,"DemandMax":null,"Value":336},{"Length":3,"Height":105,"Demand":2,"DemandMax":null,"Value":315},{"Length":108,"Height":3,"Demand":1,"DemandMax":null,"Value":324},{"Length":181,"Height":2,"Demand":1,"DemandMax":null,"Value":362},{"Length":4,"Height":97,"Demand":1,"DemandMax":null,"Value":388},{"Length":8,"Height":41,"Demand":3,"DemandMax":null,"Value":328},{"Length":98,"Height":3,"Demand":4,"DemandMax":null,"Value":294},{"Length":7,"Height":49,"Demand":1,"DemandMax":null,"Value":343},{"Length":106,"Height":3,"Demand":4,"DemandMax":null,"Value":318},{"Length":139,"Height":2,"Demand":2,"DemandMax":null,"Value":278},{"Length":17,"Height":21,"Demand":1,"DemandMax":null,"Value":357},{"Length":4,"Height":86,"Demand":3,"DemandMax":null,"Value":344},{"Length":20,"Height":17,"Demand":1,"DemandMax":null,"Value":340},{"Length":151,"Height":2,"Demand":2,"DemandMax":null,"Value":302},{"Length":9,"Height":36,"Demand":1,"DemandMax":null,"Value":324},{"Length":3,"Height":129,"Demand":1,"DemandMax":null,"Value":387},{"Length":76,"Height":4,"Demand":3,"DemandMax":null,"Value":304},{"Length":27,"Height":12,"Demand":3,"DemandMax":null,"Value":324},{"Length":29,"Height":11,"Demand":2,"DemandMax":null,"Value":319},{"Length":3,"Height":104,"Demand":2,"DemandMax":null,"Value":312},{"Length":56,"Height":6,"Demand":3,"DemandMax":null,"Value":336},{"Length":11,"Height":30,"Demand":5,"DemandMax":null,"Value":330},{"Length":17,"Height":20,"Demand":4,"DemandMax":null,"Value":340},{"Length":126,"Height":3,"Demand":2,"DemandMax":null,"Value":378},{"Length":122,"Height":3,"Demand":2,"DemandMax":null,"Value":366},{"Length":34,"Height":10,"Demand":1,"DemandMax":null,"Value":340},{"Length":153,"Height":2,"Demand":2,"DemandMax":null,"Value":306},{"Length":5,"Height":69,"Demand":1,"DemandMax":null,"Value":345},{"Length":2,"Height":138,"Demand":1,"DemandMax":null,"Value":276},{"Length":12,"Height":29,"Demand":1,"DemandMax":null,"Value":348},{"Length":46,"Height":7,"Demand":4,"DemandMax":null,"Value":322},{"Length":2,"Height":152,"Demand":2,"DemandMax":null,"Value":304},{"Length":125,"Height":3,"Demand":1,"DemandMax":null,"Value":375},{"Length":99,"Height":3,"Demand":4,"DemandMax":null,"Value":297},{"Length":42,"Height":8,"Demand":1,"DemandMax":null,"Value":336},{"Length":8,"Height":43,"Demand":1,"DemandMax":null,"Value":344},{"Length":32,"Height":10,"Demand":3,"DemandMax":null,"Value":320},{"Length":38,"Height":9,"Demand":3,"DemandMax":null,"Value":342},{"Length":36,"Height":9,"Demand":4,"DemandMax":null,"Value":324},{"Length":3,"Height":98,"Demand":3,"DemandMax":null,"Value":294},{"Length":39,"Height":9,"Demand":1,"DemandMax":null,"Value":351},{"Length":41,"Height":8,"Demand":1,"DemandMax":null,"Value":328},{"Length":43,"Height":8,"Demand":2,"DemandMax":null,"Value":344},{"Length":8,"Height":39,"Demand":2,"DemandMax":null,"Value":312},{"Length":158,"Height":2,"Demand":1,"DemandMax":null,"Value":316},{"Length":12,"Height":27,"Demand":1,"DemandMax":null,"Value":324},{"Length":85,"Height":4,"Demand":1,"DemandMax":null,"Value":340},{"Length":63,"Height":5,"Demand":3,"DemandMax":null,"Value":315},{"Length":65,"Height":5,"Demand":2,"DemandMax":null,"Value":325},{"Length":74,"Height":4,"Demand":3,"DemandMax":null,"Value":296},{"Length":110,"Height":3,"Demand":3,"DemandMax":null,"Value":330},{"Length":19,"Height":17,"Demand":4,"DemandMax":null,"Value":323},{"Length":30,"Height":11,"Demand":3,"DemandMax":null,"Value":330},{"Length":26,"Height":13,"Demand":1,"DemandMax":null,"Value":338},{"Length":35,"Height":9,"Demand":3,"DemandMax":null,"Value":315},{"Length":4,"Height":93,"Demand":1,"DemandMax":null,"Value":372},{"Length":3,"Height":126,"Demand":1,"DemandMax":null,"Value":378},{"Length":15,"Height":21,"Demand":5,"DemandMax":null,"Value":315},{"Length":31,"Height":11,"Demand":1,"DemandMax":null,"Value":341},{"Length":77,"Height":4,"Demand":1,"DemandMax":null,"Value":308},{"Length":17,"Height":19,"Demand":2,"DemandMax":null,"Value":323},{"Length":25,"Height":13,"Demand":2,"DemandMax":null,"Value":325},{"Length":86,"Height":4,"Demand":1,"DemandMax":null,"Value":344},{"Length":40,"Height":8,"Demand":3,"DemandMax":null,"Value":320},{"Length":7,"Height":45,"Demand":1,"DemandMax":null,"Value":315},{"Length":132,"Height":2,"Demand":3,"DemandMax":null,"Value":264},{"Length":4,"Height":89,"Demand":2,"DemandMax":null,"Value":356},{"Length":121,"Height":3,"Demand":2,"DemandMax":null,"Value":363},{"Length":24,"Height":13,"Demand":4,"DemandMax":null,"Value":312},{"Length":23,"Height":14,"Demand":2,"DemandMax":null,"Value":322},{"Length":22,"Height":14,"Demand":9,"DemandMax":null,"Value":308},{"Length":9,"Height":37,"Demand":1,"DemandMax":null,"Value":333},{"Length":95,"Height":3,"Demand":5,"DemandMax":null,"Value":285},{"Length":8,"Height":40,"Demand":3,"DemandMax":null,"Value":320},{"Length":16,"Height":20,"Demand":5,"DemandMax":null,"Value":320},{"Length":90,"Height":4,"Demand":2,"DemandMax":null,"Value":360},{"Length":13,"Height":25,"Demand":3,"DemandMax":null,"Value":325},{"Length":2,"Height":151,"Demand":2,"DemandMax":null,"Value":302},{"Length":26,"Height":12,"Demand":4,"DemandMax":null,"Value":312},{"Length":51,"Height":6,"Demand":4,"DemandMax":null,"Value":306},{"Length":37,"Height":9,"Demand":1,"DemandMax":null,"Value":333},{"Length":10,"Height":31,"Demand":1,"DemandMax":null,"Value":310},{"Length":73,"Height":4,"Demand":4,"DemandMax":null,"Value":292},{"Length":83,"Height":4,"Demand":3,"DemandMax":null,"Value":332},{"Length":13,"Height":24,"Demand":3,"DemandMax":null,"Value":312},{"Length":131,"Height":2,"Demand":1,"DemandMax":null,"Value":262},{"Length":53,"Height":6,"Demand":4,"DemandMax":null,"Value":318},{"Length":9,"Height":35,"Demand":2,"DemandMax":null,"Value":315},{"Length":6,"Height":53,"Demand":3,"DemandMax":null,"Value":318},{"Length":100,"Height":3,"Demand":4,"DemandMax":null,"Value":300},{"Length":14,"Height":23,"Demand":4,"DemandMax":null,"Value":322},{"Length":165,"Height":2,"Demand":2,"DemandMax":null,"Value":330},{"Length":136,"Height":2,"Demand":2,"DemandMax":null,"Value":272},{"Length":94,"Height":3,"Demand":3,"DemandMax":null,"Value":282},{"Length":79,"Height":4,"Demand":2,"DemandMax":null,"Value":316},{"Length":11,"Height":29,"Demand":2,"DemandMax":null,"Value":319},{"Length":75,"Height":4,"Demand":2,"DemandMax":null,"Value":300},{"Length":18,"Height":17,"Demand":2,"DemandMax":null,"Value":306},{"Length":129,"Height":2,"Demand":2,"DemandMax":null,"Value":258},{"Length":31,"Height":10,"Demand":4,"DemandMax":null,"Value":310},{"Length":14,"Height":22,"Demand":2,"DemandMax":null,"Value":308},{"Length":3,"Height":92,"Demand":1,"DemandMax":null,"Value":276},{"Length":4,"Height":82,"Demand":1,"DemandMax":null,"Value":328},{"Length":11,"Height":28,"Demand":1,"DemandMax":null,"Value":308},{"Length":9,"Height":34,"Demand":6,"DemandMax":null,"Value":306},{"Length":3,"Height":119,"Demand":2,"DemandMax":null,"Value":357},{"Length":82,"Height":4,"Demand":1,"DemandMax":null,"Value":328},{"Length":12,"Height":26,"Demand":3,"DemandMax":null,"Value":312},{"Length":4,"Height":71,"Demand":2,"DemandMax":null,"Value":284},{"Length":150,"Height":2,"Demand":1,"DemandMax":null,"Value":300},{"Length":20,"Height":16,"Demand":1,"DemandMax":null,"Value":320},{"Length":3,"Height":91,"Demand":1,"DemandMax":null,"Value":273},{"Length":103,"Height":3,"Demand":2,"DemandMax":null,"Value":309},{"Length":5,"Height":61,"Demand":3,"DemandMax":null,"Value":305},{"Length":138,"Height":2,"Demand":4,"DemandMax":null,"Value":276},{"Length":16,"Height":19,"Demand":4,"DemandMax":null,"Value":304},{"Length":2,"Height":149,"Demand":1,"DemandMax":null,"Value":298},{"Length":34,"Height":9,"Demand":3,"DemandMax":null,"Value":306},{"Length":3,"Height":100,"Demand":2,"DemandMax":null,"Value":300},{"Length":42,"Height":7,"Demand":3,"DemandMax":null,"Value":294},{"Length":21,"Height":15,"Demand":3,"DemandMax":null,"Value":315},{"Length":5,"Height":57,"Demand":3,"DemandMax":null,"Value":285},{"Length":38,"Height":8,"Demand":8,"DemandMax":null,"Value":304},{"Length":45,"Height":7,"Demand":1,"DemandMax":null,"Value":315},{"Length":3,"Height":111,"Demand":3,"DemandMax":null,"Value":333},{"Length":81,"Height":4,"Demand":2,"DemandMax":null,"Value":324},{"Length":19,"Height":16,"Demand":2,"DemandMax":null,"Value":304},{"Length":15,"Height":20,"Demand":4,"DemandMax":null,"Value":300},{"Length":124,"Height":2,"Demand":3,"DemandMax":null,"Value":248},{"Length":8,"Height":37,"Demand":4,"DemandMax":null,"Value":296},{"Length":2,"Height":164,"Demand":2,"DemandMax":null,"Value":328},{"Length":6,"Height":49,"Demand":3,"DemandMax":null,"Value":294},{"Length":60,"Height":5,"Demand":2,"DemandMax":null,"Value":300},{"Length":47,"Height":7,"Demand":1,"DemandMax":null,"Value":329},{"Length":50,"Height":6,"Demand":2,"DemandMax":null,"Value":300},{"Length":56,"Height":5,"Demand":5,"DemandMax":null,"Value":280},{"Length":2,"Height":165,"Demand":2,"DemandMax":null,"Value":330},{"Length":6,"Height":47,"Demand":6,"DemandMax":null,"Value":282},{"Length":71,"Height":4,"Demand":4,"DemandMax":null,"Value":284},{"Length":25,"Height":12,"Demand":3,"DemandMax":null,"Value":300},{"Length":2,"Height":140,"Demand":2,"DemandMax":null,"Value":280},{"Length":8,"Height":36,"Demand":3,"DemandMax":null,"Value":288},{"Length":130,"Height":2,"Demand":2,"DemandMax":null,"Value":260},{"Length":37,"Height":8,"Demand":1,"DemandMax":null,"Value":296},{"Length":57,"Height":5,"Demand":4,"DemandMax":null,"Value":285},{"Length":49,"Height":6,"Demand":2,"DemandMax":null,"Value":294},{"Length":6,"Height":50,"Demand":3,"DemandMax":null,"Value":300},{"Length":6,"Height":48,"Demand":3,"DemandMax":null,"Value":288},{"Length":147,"Height":2,"Demand":2,"DemandMax":null,"Value":294},{"Length":21,"Height":14,"Demand":2,"DemandMax":null,"Value":294},{"Length":6,"Height":51,"Demand":1,"DemandMax":null,"Value":306},{"Length":61,"Height":5,"Demand":2,"DemandMax":null,"Value":305},{"Length":32,"Height":9,"Demand":4,"DemandMax":null,"Value":288},{"Length":44,"Height":7,"Demand":3,"DemandMax":null,"Value":308},{"Length":30,"Height":10,"Demand":2,"DemandMax":null,"Value":300},{"Length":66,"Height":5,"Demand":1,"DemandMax":null,"Value":330},{"Length":17,"Height":17,"Demand":4,"DemandMax":null,"Value":289},{"Length":48,"Height":6,"Demand":1,"DemandMax":null,"Value":288},{"Length":58,"Height":5,"Demand":2,"DemandMax":null,"Value":290},{"Length":27,"Height":11,"Demand":2,"DemandMax":null,"Value":297},{"Length":162,"Height":2,"Demand":4,"DemandMax":null,"Value":324},{"Length":3,"Height":88,"Demand":3,"DemandMax":null,"Value":264},{"Length":2,"Height":124,"Demand":2,"DemandMax":null,"Value":248},{"Length":29,"Height":10,"Demand":3,"DemandMax":null,"Value":290},{"Length":3,"Height":86,"Demand":8,"DemandMax":null,"Value":258},{"Length":14,"Height":21,"Demand":3,"DemandMax":null,"Value":294},{"Length":13,"Height":23,"Demand":1,"DemandMax":null,"Value":299},{"Length":47,"Height":6,"Demand":4,"DemandMax":null,"Value":282},{"Length":96,"Height":3,"Demand":2,"DemandMax":null,"Value":288},{"Length":64,"Height":5,"Demand":3,"DemandMax":null,"Value":320},{"Length":3,"Height":106,"Demand":3,"DemandMax":null,"Value":318},{"Length":67,"Height":4,"Demand":5,"DemandMax":null,"Value":268},{"Length":5,"Height":55,"Demand":3,"DemandMax":null,"Value":275},{"Length":70,"Height":4,"Demand":3,"DemandMax":null,"Value":280},{"Length":5,"Height":62,"Demand":1,"DemandMax":null,"Value":310},{"Length":89,"Height":3,"Demand":3,"DemandMax":null,"Value":267},{"Length":23,"Height":13,"Demand":4,"DemandMax":null,"Value":299},{"Length":10,"Height":29,"Demand":2,"DemandMax":null,"Value":290},{"Length":3,"Height":101,"Demand":1,"DemandMax":null,"Value":303},{"Length":4,"Height":69,"Demand":1,"DemandMax":null,"Value":276},{"Length":6,"Height":52,"Demand":1,"DemandMax":null,"Value":312},{"Length":55,"Height":5,"Demand":3,"DemandMax":null,"Value":275},{"Length":20,"Height":15,"Demand":3,"DemandMax":null,"Value":300},{"Length":5,"Height":56,"Demand":1,"DemandMax":null,"Value":280},{"Length":28,"Height":10,"Demand":4,"DemandMax":null,"Value":280},{"Length":3,"Height":94,"Demand":3,"DemandMax":null,"Value":282},{"Length":12,"Height":25,"Demand":1,"DemandMax":null,"Value":300},{"Length":7,"Height":41,"Demand":2,"DemandMax":null,"Value":287},{"Length":11,"Height":26,"Demand":2,"DemandMax":null,"Value":286},{"Length":41,"Height":7,"Demand":4,"DemandMax":null,"Value":287},{"Length":2,"Height":122,"Demand":1,"DemandMax":null,"Value":244},{"Length":166,"Height":2,"Demand":2,"DemandMax":null,"Value":332},{"Length":8,"Height":35,"Demand":5,"DemandMax":null,"Value":280},{"Length":13,"Height":22,"Demand":1,"DemandMax":null,"Value":286},{"Length":3,"Height":87,"Demand":1,"DemandMax":null,"Value":261},{"Length":35,"Height":8,"Demand":2,"DemandMax":null,"Value":280},{"Length":92,"Height":3,"Demand":4,"DemandMax":null,"Value":276},{"Length":9,"Height":32,"Demand":1,"DemandMax":null,"Value":288},{"Length":117,"Height":2,"Demand":1,"DemandMax":null,"Value":234},{"Length":43,"Height":7,"Demand":1,"DemandMax":null,"Value":301},{"Length":12,"Height":24,"Demand":3,"DemandMax":null,"Value":288},{"Length":16,"Height":18,"Demand":1,"DemandMax":null,"Value":288},{"Length":6,"Height":45,"Demand":1,"DemandMax":null,"Value":270},{"Length":15,"Height":19,"Demand":2,"DemandMax":null,"Value":285},{"Length":91,"Height":3,"Demand":5,"DemandMax":null,"Value":273},{"Length":140,"Height":2,"Demand":3,"DemandMax":null,"Value":280},{"Length":10,"Height":30,"Demand":1,"DemandMax":null,"Value":300},{"Length":19,"Height":15,"Demand":2,"DemandMax":null,"Value":285},{"Length":46,"Height":6,"Demand":1,"DemandMax":null,"Value":276},{"Length":3,"Height":82,"Demand":1,"DemandMax":null,"Value":246},{"Length":142,"Height":2,"Demand":1,"DemandMax":null,"Value":284},{"Length":59,"Height":5,"Demand":4,"DemandMax":null,"Value":295},{"Length":31,"Height":9,"Demand":3,"DemandMax":null,"Value":279},{"Length":54,"Height":5,"Demand":3,"DemandMax":null,"Value":270},{"Length":68,"Height":4,"Demand":3,"DemandMax":null,"Value":272},{"Length":4,"Height":66,"Demand":2,"DemandMax":null,"Value":264},{"Length":7,"Height":43,"Demand":2,"DemandMax":null,"Value":301},{"Length":119,"Height":2,"Demand":1,"DemandMax":null,"Value":238},{"Length":4,"Height":68,"Demand":5,"DemandMax":null,"Value":272},{"Length":20,"Height":14,"Demand":2,"DemandMax":null,"Value":280},{"Length":10,"Height":28,"Demand":1,"DemandMax":null,"Value":280},{"Length":22,"Height":13,"Demand":3,"DemandMax":null,"Value":286},{"Length":24,"Height":12,"Demand":3,"DemandMax":null,"Value":288},{"Length":12,"Height":23,"Demand":2,"DemandMax":null,"Value":276},{"Length":90,"Height":3,"Demand":1,"DemandMax":null,"Value":270},{"Length":11,"Height":25,"Demand":5,"DemandMax":null,"Value":275},{"Length":10,"Height":27,"Demand":1,"DemandMax":null,"Value":270},{"Length":23,"Height":12,"Demand":3,"DemandMax":null,"Value":276},{"Length":116,"Height":2,"Demand":1,"DemandMax":null,"Value":232},{"Length":87,"Height":3,"Demand":1,"DemandMax":null,"Value":261},{"Length":4,"Height":63,"Demand":2,"DemandMax":null,"Value":252},{"Length":85,"Height":3,"Demand":1,"DemandMax":null,"Value":255},{"Length":66,"Height":4,"Demand":5,"DemandMax":null,"Value":264},{"Length":4,"Height":62,"Demand":1,"DemandMax":null,"Value":248},{"Length":19,"Height":14,"Demand":7,"DemandMax":null,"Value":266},{"Length":88,"Height":3,"Demand":2,"DemandMax":null,"Value":264},{"Length":3,"Height":81,"Demand":4,"DemandMax":null,"Value":243},{"Length":25,"Height":11,"Demand":2,"DemandMax":null,"Value":275},{"Length":14,"Height":20,"Demand":2,"DemandMax":null,"Value":280},{"Length":22,"Height":12,"Demand":9,"DemandMax":null,"Value":264},{"Length":7,"Height":42,"Demand":1,"DemandMax":null,"Value":294},{"Length":5,"Height":60,"Demand":1,"DemandMax":null,"Value":300},{"Length":5,"Height":52,"Demand":1,"DemandMax":null,"Value":260},{"Length":4,"Height":65,"Demand":1,"DemandMax":null,"Value":260},{"Length":82,"Height":3,"Demand":1,"DemandMax":null,"Value":246},{"Length":53,"Height":5,"Demand":2,"DemandMax":null,"Value":265},{"Length":3,"Height":79,"Demand":1,"DemandMax":null,"Value":237},{"Length":26,"Height":11,"Demand":1,"DemandMax":null,"Value":286},{"Length":6,"Height":46,"Demand":3,"DemandMax":null,"Value":276},{"Length":118,"Height":2,"Demand":3,"DemandMax":null,"Value":236},{"Length":18,"Height":16,"Demand":1,"DemandMax":null,"Value":288},{"Length":6,"Height":44,"Demand":1,"DemandMax":null,"Value":264},{"Length":18,"Height":15,"Demand":2,"DemandMax":null,"Value":270},{"Length":11,"Height":24,"Demand":6,"DemandMax":null,"Value":264},{"Length":50,"Height":5,"Demand":2,"DemandMax":null,"Value":250},{"Length":27,"Height":10,"Demand":2,"DemandMax":null,"Value":270},{"Length":80,"Height":3,"Demand":1,"DemandMax":null,"Value":240},{"Length":16,"Height":17,"Demand":1,"DemandMax":null,"Value":272},{"Length":8,"Height":34,"Demand":5,"DemandMax":null,"Value":272},{"Length":114,"Height":2,"Demand":1,"DemandMax":null,"Value":228},{"Length":9,"Height":30,"Demand":1,"DemandMax":null,"Value":270},{"Length":29,"Height":9,"Demand":3,"DemandMax":null,"Value":261},{"Length":8,"Height":33,"Demand":4,"DemandMax":null,"Value":264},{"Length":2,"Height":119,"Demand":1,"DemandMax":null,"Value":238},{"Length":7,"Height":37,"Demand":4,"DemandMax":null,"Value":259},{"Length":3,"Height":97,"Demand":1,"DemandMax":null,"Value":291},{"Length":78,"Height":3,"Demand":1,"DemandMax":null,"Value":234},{"Length":4,"Height":73,"Demand":2,"DemandMax":null,"Value":292},{"Length":14,"Height":19,"Demand":1,"DemandMax":null,"Value":266},{"Length":81,"Height":3,"Demand":1,"DemandMax":null,"Value":243},{"Length":9,"Height":31,"Demand":2,"DemandMax":null,"Value":279},{"Length":24,"Height":11,"Demand":3,"DemandMax":null,"Value":264},{"Length":17,"Height":16,"Demand":3,"DemandMax":null,"Value":272},{"Length":110,"Height":2,"Demand":1,"DemandMax":null,"Value":220},{"Length":108,"Height":2,"Demand":2,"DemandMax":null,"Value":216},{"Length":34,"Height":8,"Demand":3,"DemandMax":null,"Value":272},{"Length":9,"Height":29,"Demand":3,"DemandMax":null,"Value":261},{"Length":37,"Height":7,"Demand":1,"DemandMax":null,"Value":259},{"Length":3,"Height":80,"Demand":1,"DemandMax":null,"Value":240},{"Length":61,"Height":4,"Demand":1,"DemandMax":null,"Value":244},{"Length":20,"Height":13,"Demand":2,"DemandMax":null,"Value":260},{"Length":21,"Height":13,"Demand":2,"DemandMax":null,"Value":273},{"Length":3,"Height":89,"Demand":2,"DemandMax":null,"Value":267},{"Length":32,"Height":8,"Demand":1,"DemandMax":null,"Value":256},{"Length":44,"Height":6,"Demand":3,"DemandMax":null,"Value":264},{"Length":5,"Height":51,"Demand":3,"DemandMax":null,"Value":255},{"Length":2,"Height":107,"Demand":1,"DemandMax":null,"Value":214},{"Length":3,"Height":95,"Demand":1,"DemandMax":null,"Value":285},{"Length":36,"Height":7,"Demand":2,"DemandMax":null,"Value":252},{"Length":10,"Height":26,"Demand":4,"DemandMax":null,"Value":260},{"Length":26,"Height":10,"Demand":1,"DemandMax":null,"Value":260},{"Length":16,"Height":16,"Demand":1,"DemandMax":null,"Value":256},{"Length":2,"Height":150,"Demand":2,"DemandMax":null,"Value":300},{"Length":59,"Height":4,"Demand":1,"DemandMax":null,"Value":236},{"Length":4,"Height":72,"Demand":1,"DemandMax":null,"Value":288},{"Length":83,"Height":3,"Demand":1,"DemandMax":null,"Value":249},{"Length":65,"Height":4,"Demand":1,"DemandMax":null,"Value":260},{"Length":2,"Height":106,"Demand":1,"DemandMax":null,"Value":212},{"Length":137,"Height":2,"Demand":1,"DemandMax":null,"Value":274},{"Length":12,"Height":21,"Demand":2,"DemandMax":null,"Value":252},{"Length":64,"Height":4,"Demand":1,"DemandMax":null,"Value":256},{"Length":5,"Height":53,"Demand":1,"DemandMax":null,"Value":265},{"Length":5,"Height":50,"Demand":1,"DemandMax":null,"Value":250},{"Length":15,"Height":17,"Demand":2,"DemandMax":null,"Value":255},{"Length":30,"Height":9,"Demand":1,"DemandMax":null,"Value":270},{"Length":8,"Height":32,"Demand":1,"DemandMax":null,"Value":256},{"Length":62,"Height":4,"Demand":1,"DemandMax":null,"Value":248},{"Length":106,"Height":2,"Demand":1,"DemandMax":null,"Value":212},{"Length":2,"Height":114,"Demand":1,"DemandMax":null,"Value":228},{"Length":49,"Height":5,"Demand":1,"DemandMax":null,"Value":245},{"Length":21,"Height":12,"Demand":2,"DemandMax":null,"Value":252},{"Length":77,"Height":3,"Demand":1,"DemandMax":null,"Value":231},{"Length":28,"Height":9,"Demand":2,"DemandMax":null,"Value":252},{"Length":52,"Height":5,"Demand":1,"DemandMax":null,"Value":260},{"Length":76,"Height":3,"Demand":1,"DemandMax":null,"Value":228},{"Length":2,"Height":108,"Demand":2,"DemandMax":null,"Value":216},{"Length":2,"Height":113,"Demand":2,"DemandMax":null,"Value":226},{"Length":23,"Height":11,"Demand":1,"DemandMax":null,"Value":253},{"Length":43,"Height":6,"Demand":1,"DemandMax":null,"Value":258}]}