{"Name":"nice45t","Objects":[{"Length":1000,"Height":1000,"Stock":null,"Cost":1000000}],"Items":[{"Length":16,"Height":54,"Demand":1,"DemandMax":null,"Value":864},{"Length":54,"Height":16,"Demand":1,"DemandMax":null,"Value":864},{"Length":35,"Height":24,"Demand":1,"DemandMax":null,"Value":840},{"Length":15,"Height":54,"Demand":1,"DemandMax":null,"Value":810},{"Length":43,"Height":18,"Demand":1,"DemandMax":null,"Value":774},{"Length":27,"Height":24,"Demand":2,"DemandMax":null,"Value":648},{"Length":32,"Height":20,"Demand":1,"DemandMax":null,"Value":640},{"Length":25,"Height":25,"Demand":1,"DemandMax":null,"Value":625},{"Length":13,"Height":46,"Demand":1,"DemandMax":null,"Value":598},{"Length":32,"Height":19,"Demand":1,"DemandMax":null,"Value":608},{"Length":19,"Height":30,"Demand":1,"DemandMax":null,"Value":570},{"Length":15,"Height":37,"Demand":1,"DemandMax":null,"Value":555},{"Length":25,"Height":23,"Demand":1,"DemandMax":null,"Value":575},{"Length":28,"Height":20,"Demand":1,"DemandMax":null,"Value":560},{"Length":16,"Height":34,"Demand":1,"DemandMax":null,"Value":544},{"Length":14,"Height":38,"Demand":1,"DemandMax":null,"Value":532},{"Length":31,"Height":17,"Demand":1,"DemandMax":null,"Value":527},{"Length":18,"Height":30,"Demand":1,"DemandMax":null,"Value":540},{"Length":25,"Height":21,"Demand":1,"DemandMax":null,"Value":525},{"Length":19,"Height":27,"Demand":1,"DemandMax":null,"Value":513},{"Length":22,"Height":23,"Demand":1,"DemandMax":null,"Value":506},{"Length":34,"Height":14,"Demand":1,"DemandMax":null,"Value":476},{"Length":21,"Height":23,"Demand":1,"DemandMax":null,"Value":483},{"Length":31,"Height":16,"Demand":1,"DemandMax":null,"Value":496},{"Length":33,"Height":15,"Demand":1,"DemandMax":null,"Value":495},{"Length":16,"Height":30,"Demand":1,"DemandMax":null,"Value":480},{"Length":17,"Height":27,"Demand":1,"DemandMax":null,"Value":459},{"Length":22,"Height":21,"Demand":3,"DemandMax":null,"Value":462},{"Length":26,"Height":18,"Demand":1,"DemandMax":null,"Value":468},{"Length":31,"Height":15,"Demand":1,"DemandMax":null,"Value":465},{"Length":16,"Height":29,"Demand":1,"DemandMax":null,"Value":464},{"Length":29,"Height":16,"Demand":2,"DemandMax":null,"Value":464},{"Length":28,"Height":17,"Demand":1,"DemandMax":null,"Value":476},{"Length":15,"Height":31,"Demand":1,"DemandMax":null,"Value":465},{"Length":18,"Height":26,"Demand":2,"DemandMax":null,"Value":468},{"Length":24,"Height":19,"Demand":3,"DemandMax":null,"Value":456},{"Length":33,"Height":14,"Demand":1,"DemandMax":null,"Value":462},{"Length":12,"Height":39,"Demand":1,"DemandMax":null,"Value":468},{"Length":30,"Height":15,"Demand":1,"DemandMax":null,"Value":450},{"Length":14,"Height":32,"Demand":1,"DemandMax":null,"Value":448},{"Length":21,"Height":22,"Demand":2,"DemandMax":null,"Value":462},{"Length":40,"Height":11,"Demand":1,"DemandMax":null,"Value":440},{"Length":23,"Height":20,"Demand":1,"DemandMax":null,"Value":460},{"Length":28,"Height":16,"Demand":1,"DemandMax":null,"Value":448},{"Length":23,"Height":19,"Demand":1,"DemandMax":null,"Value":437},{"Length":35,"Height":12,"Demand":1,"DemandMax":null,"Value":420},{"Length":42,"Height":10,"Demand":1,"DemandMax":null,"Value":420},{"Length":32,"Height":14,"Demand":1,"DemandMax":null,"Value":448},{"Length":18,"Height":24,"Demand":1,"DemandMax":null,"Value":432},{"Length":13,"Height":32,"Demand":2,"DemandMax":null,"Value":416},{"Length":17,"Height":25,"Demand":1,"DemandMax":null,"Value":425},{"Length":18,"Height":23,"Demand":1,"DemandMax":null,"Value":414},{"Length":24,"Height":17,"Demand":1,"DemandMax":null,"Value":408},{"Length":17,"Height":24,"Demand":1,"DemandMax":null,"Value":408},{"Length":14,"Height":29,"Demand":1,"DemandMax":null,"Value":406},{"Length":22,"Height":19,"Demand":1,"DemandMax":null,"Value":418},{"Length":21,"Height":19,"Demand":1,"DemandMax":null,"Value":399},{"Length":28,"Height":14,"Demand":1,"DemandMax":null,"Value":392},{"Length":21,"Height":20,"Demand":1,"DemandMax":null,"Value":420},{"Length":31,"Height":13,"Demand":1,"DemandMax":null,"Value":403},{"Length":30,"Height":14,"Demand":1,"DemandMax":null,"Value":420},{"Length":18,"Height":22,"Demand":1,"DemandMax":null,"Value":396},{"Length":26,"Height":15,"Demand":1,"DemandMax":null,"Value":390},{"Length":15,"Height":27,"Demand":1,"DemandMax":null,"Value":405},{"Length":15,"Height":26,"Demand":2,"DemandMax":null,"Value":390},{"Length":11,"Height":34,"Demand":1,"DemandMax":null,"Value":374},{"Length":19,"Height":20,"Demand":2,"DemandMax":null,"Value":380},{"Length":25,"Height":16,"Demand":1,"DemandMax":null,"Value":400},{"Length":23,"Height":17,"Demand":2,"DemandMax":null,"Value":391},{"Length":31,"Height":12,"Demand":2,"DemandMax":null,"Value":372},{"Length":16,"Height":25,"Demand":1,"DemandMax":null,"Value":400},{"Length":39,"Height":10,"Demand":1,"DemandMax":null,"Value":390},{"Length":23,"Height":16,"Demand":3,"DemandMax":null,"Value":368},{"Length":21,"Height":18,"Demand":1,"DemandMax":null,"Value":378},{"Length":13,"Height":29,"Demand":2,"DemandMax":null,"Value":377},{"Length":10,"Height":38,"Demand":1,"DemandMax":null,"Value":380},{"Length":34,"Height":11,"Demand":2,"DemandMax":null,"Value":374},{"Length":18,"Height":20,"Demand":1,"DemandMax":null,"Value":360},{"Length":36,"Height":10,"Demand":1,"DemandMax":null,"Value":360},{"Length":24,"Height":15,"Demand":1,"DemandMax":null,"Value":360},{"Length":16,"Height":23,"Demand":3,"DemandMax":null,"Value":368},{"Length":20,"Height":18,"Demand":1,"DemandMax":null,"Value":360},{"Length":27,"Height":14,"Demand":1,"DemandMax":null,"Value":378},{"Length":15,"Height":24,"Demand":2,"DemandMax":null,"Value":360},{"Length":16,"Height":22,"Demand":1,"DemandMax":null,"Value":352},{"Length":25,"Height":14,"Demand":2,"DemandMax":null,"Value":350},{"Length":17,"Height":20,"Demand":2,"DemandMax":null,"Value":340},{"Length":9,"Height":37,"Demand":1,"DemandMax":null,"Value":333},{"Length":22,"Height":16,"Demand":1,"DemandMax":null,"Value":352},{"Length":12,"Height":29,"Demand":2,"DemandMax":null,"Value":348},{"Length":15,"Height":23,"Demand":1,"DemandMax":null,"Value":345},{"Length":23,"Height":15,"Demand":2,"DemandMax":null,"Value":345},{"Length":30,"Height":11,"Demand":4,"DemandMax":null,"Value":330},{"Length":24,"Height":14,"Demand":2,"DemandMax":null,"Value":336},{"Length":17,"Height":19,"Demand":3,"DemandMax":null,"Value":323},{"Length":21,"Height":17,"Demand":1,"DemandMax":null,"Value":357},{"Length":27,"Height":12,"Demand":3,"DemandMax":null,"Value":324},{"Length":11,"Height":30,"Demand":2,"DemandMax":null,"Value":330},{"Length":10,"Height":34,"Demand":2,"DemandMax":null,"Value":340},{"Length":13,"Height":27,"Demand":1,"DemandMax":null,"Value":351},{"Length":11,"Height":32,"Demand":1,"DemandMax":null,"Value":352},{"Length":21,"Height":16,"Demand":1,"DemandMax":null,"Value":336},{"Length":20,"Height":17,"Demand":1,"DemandMax":null,"Value":340},{"Length":29,"Height":12,"Demand":1,"DemandMax":null,"Value":348},{"Length":9,"Height":36,"Demand":1,"DemandMax":null,"Value":324},{"Length":14,"Height":24,"Demand":1,"DemandMax":null,"Value":336},{"Length":34,"Height":10,"Demand":1,"DemandMax":null,"Value":340},{"Length":21,"Height":15,"Demand":2,"DemandMax":null,"Value":315},{"Length":16,"Height":21,"Demand":3,"DemandMax":null,"Value":336},{"Length":12,"Height":26,"Demand":3,"DemandMax":null,"Value":312},{"Length":11,"Height":29,"Demand":2,"DemandMax":null,"Value":319},{"Length":20,"Height":16,"Demand":5,"DemandMax":null,"Value":320},{"Length":22,"Height":14,"Demand":7,"DemandMax":null,"Value":308},{"Length":18,"Height":17,"Demand":2,"DemandMax":null,"Value":306},{"Length":23,"Height":14,"Demand":2,"DemandMax":null,"Value":322},{"Length":35,"Height":9,"Demand":1,"DemandMax":null,"Value":315},{"Length":12,"Height":28,"Demand":1,"DemandMax":null,"Value":336},{"Length":16,"Height":20,"Demand":3,"DemandMax":null,"Value":320},{"Length":10,"Height":31,"Demand":3,"DemandMax":null,"Value":310},{"Length":19,"Height":17,"Demand":1,"DemandMax":null,"Value":323},{"Length":11,"Height":28,"Demand":1,"DemandMax":null,"Value":308},{"Length":13,"Height":24,"Demand":2,"DemandMax":null,"Value":312},{"Length":31,"Height":10,"Demand":5,"DemandMax":null,"Value":310},{"Length":14,"Height":23,"Demand":1,"DemandMax":null,"Value":322},{"Length":25,"Height":13,"Demand":2,"DemandMax":null,"Value":325},{"Length":15,"Height":22,"Demand":1,"DemandMax":null,"Value":330},{"Length":19,"Height":16,"Demand":5,"DemandMax":null,"Value":304},{"Length":32,"Height":10,"Demand":1,"DemandMax":null,"Value":320},{"Length":29,"Height":11,"Demand":1,"DemandMax":null,"Value":319},{"Length":34,"Height":9,"Demand":2,"DemandMax":null,"Value":306},{"Length":15,"Height":21,"Demand":4,"DemandMax":null,"Value":315},{"Length":24,"Height":13,"Demand":2,"DemandMax":null,"Value":312},{"Length":13,"Height":25,"Demand":1,"DemandMax":null,"Value":325},{"Length":10,"Height":32,"Demand":2,"DemandMax":null,"Value":320},{"Length":16,"Height":19,"Demand":2,"DemandMax":null,"Value":304},{"Length":26,"Height":12,"Demand":1,"DemandMax":null,"Value":312},{"Length":33,"Height":9,"Demand":2,"DemandMax":null,"Value":297},{"Length":28,"Height":11,"Demand":1,"DemandMax":null,"Value":308},{"Length":14,"Height":22,"Demand":3,"DemandMax":null,"Value":308},{"Length":12,"Height":25,"Demand":2,"DemandMax":null,"Value":300},{"Length":32,"Height":9,"Demand":3,"DemandMax":null,"Value":288},{"Length":30,"Height":10,"Demand":2,"DemandMax":null,"Value":300},{"Length":21,"Height":14,"Demand":5,"DemandMax":null,"Value":294},{"Length":10,"Height":30,"Demand":3,"DemandMax":null,"Value":300},{"Length":13,"Height":23,"Demand":3,"DemandMax":null,"Value":299},{"Length":17,"Height":18,"Demand":2,"DemandMax":null,"Value":306},{"Length":10,"Height":29,"Demand":2,"DemandMax":null,"Value":290},{"Length":23,"Height":13,"Demand":7,"DemandMax":null,"Value":299},{"Length":20,"Height":15,"Demand":3,"DemandMax":null,"Value":300},{"Length":25,"Height":12,"Demand":2,"DemandMax":null,"Value":300},{"Length":24,"Height":12,"Demand":7,"DemandMax":null,"Value":288},{"Length":14,"Height":21,"Demand":7,"DemandMax":null,"Value":294},{"Length":29,"Height":10,"Demand":4,"DemandMax":null,"Value":290},{"Length":18,"Height":16,"Demand":9,"DemandMax":null,"Value":288},{"Length":17,"Height":17,"Demand":9,"DemandMax":null,"Value":289},{"Length":15,"Height":19,"Demand":13,"DemandMax":null,"Value":285},{"Length":9,"Height":31,"Demand":3,"DemandMax":null,"Value":279},{"Length":22,"Height":13,"Demand":6,"DemandMax":null,"Value":286},{"Length":16,"Height":18,"Demand":10,"DemandMax":null,"Value":288},{"Length":13,"Height":22,"Demand":8,"DemandMax":null,"Value":286},{"Length":15,"Height":20,"Demand":2,"DemandMax":null,"Value":300},{"Length":14,"Height":20,"Demand":12,"DemandMax":null,"Value":280},{"Length":10,"Height":28,"Demand":3,"DemandMax":null,"Value":280},{"Length":12,"Height":24,"Demand":4,"DemandMax":null,"Value":288},{"Length":19,"Height":15,"Demand":3,"DemandMax":null,"Value":285},{"Length":26,"Height":11,"Demand":5,"DemandMax":null,"Value":286},{"Length":11,"Height":26,"Demand":3,"DemandMax":null,"Value":286},{"Length":20,"Height":14,"Demand":13,"DemandMax":null,"Value":280},{"Length":28,"Height":10,"Demand":5,"DemandMax":null,"Value":280},{"Length":25,"Height":11,"Demand":5,"DemandMax":null,"Value":275},{"Length":23,"Height":12,"Demand":6,"DemandMax":null,"Value":276},{"Length":30,"Height":9,"Demand":14,"DemandMax":null,"Value":270},{"Length":9,"Height":33,"Demand":2,"DemandMax":null,"Value":297},{"Length":18,"Height":15,"Demand":17,"DemandMax":null,"Value":270},{"Length":11,"Height":27,"Demand":1,"DemandMax":null,"Value":297},{"Length":21,"Height":13,"Demand":13,"DemandMax":null,"Value":273},{"Length":12,"Height":23,"Demand":6,"DemandMax":null,"Value":276},{"Length":17,"Height":16,"Demand":14,"DemandMax":null,"Value":272},{"Length":14,"Height":19,"Demand":18,"DemandMax":null,"Value":266},{"Length":13,"Height":21,"Demand":6,"DemandMax":null,"Value":273},{"Length":33,"Height":8,"Demand":4,"DemandMax":null,"Value":264},{"Length":9,"Height":30,"Demand":9,"DemandMax":null,"Value":270},{"Length":16,"Height":17,"Demand":16,"DemandMax":null,"Value":272},{"Length":12,"Height":22,"Demand":23,"DemandMax":null,"Value":264},{"Length":31,"Height":9,"Demand":5,"DemandMax":null,"Value":279},{"Length":9,"Height":32,"Demand":2,"DemandMax":null,"Value":288},{"Length":22,"Height":12,"Demand":13,"DemandMax":null,"Value":264},{"Length":19,"Height":14,"Demand":14,"DemandMax":null,"Value":266},{"Length":15,"Height":18,"Demand":12,"DemandMax":null,"Value":270},{"Length":24,"Height":11,"Demand":13,"DemandMax":null,"Value":264},{"Length":27,"Height":10,"Demand":5,"DemandMax":null,"Value":270},{"Length":32,"Height":8,"Demand":8,"DemandMax":null,"Value":256},{"Length":11,"Height":25,"Demand":6,"DemandMax":null,"Value":275},{"Length":13,"Height":20,"Demand":15,"DemandMax":null,"Value":260},{"Length":10,"Height":27,"Demand":7,"DemandMax":null,"Value":270},{"Length":9,"Height":29,"Demand":7,"DemandMax":null,"Value":261},{"Length":20,"Height":13,"Demand":13,"DemandMax":null,"Value":260},{"Length":8,"Height":33,"Demand":1,"DemandMax":null,"Value":264},{"Length":26,"Height":10,"Demand":15,"DemandMax":null,"Value":260},{"Length":10,"Height":26,"Demand":9,"DemandMax":null,"Value":260},{"Length":11,"Height":24,"Demand":6,"DemandMax":null,"Value":264},{"Length":23,"Height":11,"Demand":22,"DemandMax":null,"Value":253},{"Length":29,"Height":9,"Demand":13,"DemandMax":null,"Value":261},{"Length":16,"Height":16,"Demand":18,"DemandMax":null,"Value":256},{"Length":28,"Height":9,"Demand":27,"DemandMax":null,"Value":252},{"Length":17,"Height":15,"Demand":20,"DemandMax":null,"Value":255},{"Length":11,"Height":23,"Demand":9,"DemandMax":null,"Value":253},{"Length":10,"Height":25,"Demand":20,"DemandMax":null,"Value":250},{"Length":21,"Height":12,"Demand":19,"DemandMax":null,"Value":252},{"Length":14,"Height":18,"Demand":19,"DemandMax":null,"Value":252},{"Length":9,"Height":28,"Demand":20,"DemandMax":null,"Value":252},{"Length":15,"Height":17,"Demand":17,"DemandMax":null,"Value":255},{"Length":12,"Height":21,"Demand":18,"DemandMax":null,"Value":252},{"Length":18,"Height":14,"Demand":33,"DemandMax":null,"Value":252},{"Length":25,"Height":10,"Demand":18,"DemandMax":null,"Value":250},{"Length":13,"Height":19,"Demand":30,"DemandMax":null,"Value":247},{"Length":19,"Height":13,"Demand":22,"DemandMax":null,"Value":247},{"Length":8,"Height":31,"Demand":10,"DemandMax":null,"Value":248},{"Length":9,"Height":27,"Demand":21,"DemandMax":null,"Value":243},{"Length":8,"Height":32,"Demand":2,"DemandMax":null,"Value":256},{"Length":11,"Height":22,"Demand":28,"DemandMax":null,"Value":242},{"Length":31,"Height":8,"Demand":14,"DemandMax":null,"Value":248},{"Length":12,"Height":20,"Demand":29,"DemandMax":null,"Value":240},{"Length":30,"Height":8,"Demand":35,"DemandMax":null,"Value":240},{"Length":24,"Height":10,"Demand":10,"DemandMax":null,"Value":240},{"Length":27,"Height":9,"Demand":7,"DemandMax":null,"Value":243},{"Length":20,"Height":12,"Demand":21,"DemandMax":null,"Value":240},{"Length":16,"Height":15,"Demand":40,"DemandMax":null,"Value":240},{"Length":22,"Height":11,"Demand":22,"DemandMax":null,"Value":242},{"Length":17,"Height":14,"Demand":35,"DemandMax":null,"Value":238},{"Length":8,"Height":30,"Demand":15,"DemandMax":null,"Value":240},{"Length":10,"Height":24,"Demand":12,"DemandMax":null,"Value":240},{"Length":9,"Height":26,"Demand":18,"DemandMax":null,"Value":234},{"Length":8,"Height":29,"Demand":14,"DemandMax":null,"Value":232},{"Length":14,"Height":17,"Demand":38,"DemandMax":null,"Value":238},{"Length":13,"Height":18,"Demand":23,"DemandMax":null,"Value":234},{"Length":29,"Height":8,"Demand":26,"DemandMax":null,"Value":232},{"Length":15,"Height":16,"Demand":35,"DemandMax":null,"Value":240},{"Length":18,"Height":13,"Demand":32,"DemandMax":null,"Value":234},{"Length":26,"Height":9,"Demand":15,"DemandMax":null,"Value":234},{"Length":23,"Height":10,"Demand":19,"DemandMax":null,"Value":230},{"Length":28,"Height":8,"Demand":11,"DemandMax":null,"Value":224},{"Length":9,"Height":25,"Demand":9,"DemandMax":null,"Value":225},{"Length":12,"Height":19,"Demand":18,"DemandMax":null,"Value":228},{"Length":21,"Height":11,"Demand":17,"DemandMax":null,"Value":231},{"Length":19,"Height":12,"Demand":9,"DemandMax":null,"Value":228},{"Length":25,"Height":9,"Demand":8,"DemandMax":null,"Value":225},{"Length":11,"Height":21,"Demand":13,"DemandMax":null,"Value":231},{"Length":15,"Height":15,"Demand":26,"DemandMax":null,"Value":225},{"Length":10,"Height":23,"Demand":7,"DemandMax":null,"Value":230},{"Length":16,"Height":14,"Demand":29,"DemandMax":null,"Value":224},{"Length":14,"Height":16,"Demand":13,"DemandMax":null,"Value":224},{"Length":17,"Height":13,"Demand":12,"DemandMax":null,"Value":221},{"Length":10,"Height":22,"Demand":13,"DemandMax":null,"Value":220},{"Length":22,"Height":10,"Demand":12,"DemandMax":null,"Value":220},{"Length":20,"Height":11,"Demand":17,"DemandMax":null,"Value":220},{"Length":8,"Height":28,"Demand":9,"DemandMax":null,"Value":224},{"Length":12,"Height":18,"Demand":10,"DemandMax":null,"Value":216},{"Length":13,"Height":17,"Demand":12,"DemandMax":null,"Value":221},{"Length":8,"Height":27,"Demand":15,"DemandMax":null,"Value":216},{"Length":11,"Height":20,"Demand":9,"DemandMax":null,"Value":220},{"Length":26,"Height":8,"Demand":6,"DemandMax":null,"Value":208},{"Length":18,"Height":12,"Demand":10,"DemandMax":null,"Value":216},{"Length":8,"Height":26,"Demand":6,"DemandMax":null,"Value":208},{"Length":27,"Height":8,"Demand":4,"DemandMax":null,"Value":216},{"Length":24,"Height":9,"Demand":6,"DemandMax":null,"Value":216},{"Length":9,"Height":24,"Demand":6,"DemandMax":null,"Value":216},{"Length":13,"Height":16,"Demand":21,"DemandMax":null,"Value":208},{"Length":11,"Height":19,"Demand":15,"DemandMax":null,"Value":209},{"Length":19,"Height":11,"Demand":17,"DemandMax":null,"Value":209},{"Length":29,"Height":7,"Demand":7,"DemandMax":null,"Value":203},{"Length":16,"Height":13,"Demand":16,"DemandMax":null,"Value":208},{"Length":14,"Height":15,"Demand":17,"DemandMax":null,"Value":210},{"Length":21,"Height":10,"Demand":15,"DemandMax":null,"Value":210},{"Length":10,"Height":21,"Demand":9,"DemandMax":null,"Value":210},{"Length":7,"Height":29,"Demand":3,"DemandMax":null,"Value":203},{"Length":15,"Height":14,"Demand":22,"DemandMax":null,"Value":210},{"Length":9,"Height":23,"Demand":9,"DemandMax":null,"Value":207},{"Length":17,"Height":12,"Demand":16,"DemandMax":null,"Value":204},{"Length":23,"Height":9,"Demand":7,"DemandMax":null,"Value":207},{"Length":25,"Height":8,"Demand":11,"DemandMax":null,"Value":200},{"Length":18,"Height":11,"Demand":16,"DemandMax":null,"Value":198},{"Length":20,"Height":10,"Demand":14,"DemandMax":null,"Value":200},{"Length":8,"Height":25,"Demand":8,"DemandMax":null,"Value":200},{"Length":12,"Height":17,"Demand":10,"DemandMax":null,"Value":204},{"Length":28,"Height":7,"Demand":3,"DemandMax":null,"Value":196},{"Length":9,"Height":22,"Demand":14,"DemandMax":null,"Value":198},{"Length":14,"Height":14,"Demand":24,"DemandMax":null,"Value":196},{"Length":22,"Height":9,"Demand":12,"DemandMax":null,"Value":198},{"Length":7,"Height":28,"Demand":3,"DemandMax":null,"Value":196},{"Length":24,"Height":8,"Demand":12,"DemandMax":null,"Value":192},{"Length":13,"Height":15,"Demand":24,"DemandMax":null,"Value":195},{"Length":10,"Height":20,"Demand":9,"DemandMax":null,"Value":200},{"Length":16,"Height":12,"Demand":24,"DemandMax":null,"Value":192},{"Length":11,"Height":18,"Demand":3,"DemandMax":null,"Value":198},{"Length":27,"Height":7,"Demand":11,"DemandMax":null,"Value":189},{"Length":9,"Height":21,"Demand":14,"DemandMax":null,"Value":189},{"Length":8,"Height":24,"Demand":8,"DemandMax":null,"Value":192},{"Length":19,"Height":10,"Demand":18,"DemandMax":null,"Value":190},{"Length":15,"Height":13,"Demand":18,"DemandMax":null,"Value":195},{"Length":7,"Height":27,"Demand":16,"DemandMax":null,"Value":189},{"Length":12,"Height":16,"Demand":18,"DemandMax":null,"Value":192},{"Length":10,"Height":19,"Demand":23,"DemandMax":null,"Value":190},{"Length":21,"Height":9,"Demand":14,"DemandMax":null,"Value":189},{"Length":11,"Height":17,"Demand":20,"DemandMax":null,"Value":187},{"Length":26,"Height":7,"Demand":21,"DemandMax":null,"Value":182},{"Length":17,"Height":11,"Demand":20,"DemandMax":null,"Value":187},{"Length":10,"Height":18,"Demand":16,"DemandMax":null,"Value":180},{"Length":23,"Height":8,"Demand":10,"DemandMax":null,"Value":184},{"Length":15,"Height":12,"Demand":36,"DemandMax":null,"Value":180},{"Length":13,"Height":14,"Demand":30,"DemandMax":null,"Value":182},{"Length":18,"Height":10,"Demand":19,"DemandMax":null,"Value":180},{"Length":8,"Height":22,"Demand":23,"DemandMax":null,"Value":176},{"Length":12,"Height":15,"Demand":35,"DemandMax":null,"Value":180},{"Length":25,"Height":7,"Demand":17,"DemandMax":null,"Value":175},{"Length":20,"Height":9,"Demand":15,"DemandMax":null,"Value":180},{"Length":8,"Height":23,"Demand":12,"DemandMax":null,"Value":184},{"Length":9,"Height":20,"Demand":20,"DemandMax":null,"Value":180},{"Length":7,"Height":26,"Demand":18,"DemandMax":null,"Value":182},{"Length":14,"Height":13,"Demand":28,"DemandMax":null,"Value":182},{"Length":16,"Height":11,"Demand":36,"DemandMax":null,"Value":176},{"Length":11,"Height":16,"Demand":27,"DemandMax":null,"Value":176},{"Length":7,"Height":25,"Demand":19,"DemandMax":null,"Value":175},{"Length":22,"Height":8,"Demand":16,"DemandMax":null,"Value":176},{"Length":17,"Height":10,"Demand":41,"DemandMax":null,"Value":170},{"Length":10,"Height":17,"Demand":31,"DemandMax":null,"Value":170},{"Length":7,"Height":24,"Demand":18,"DemandMax":null,"Value":168},{"Length":9,"Height":19,"Demand":26,"DemandMax":null,"Value":171},{"Length":8,"Height":21,"Demand":25,"DemandMax":null,"Value":168},{"Length":19,"Height":9,"Demand":19,"DemandMax":null,"Value":171},{"Length":13,"Height":13,"Demand":59,"DemandMax":null,"Value":169},{"Length":14,"Height":12,"Demand":58,"DemandMax":null,"Value":168},{"Length":12,"Height":14,"Demand":62,"DemandMax":null,"Value":168},{"Length":21,"Height":8,"Demand":20,"DemandMax":null,"Value":168},{"Length":11,"Height":15,"Demand":31,"DemandMax":null,"Value":165},{"Length":24,"Height":7,"Demand":17,"DemandMax":null,"Value":168},{"Length":23,"Height":7,"Demand":28,"DemandMax":null,"Value":161},{"Length":7,"Height":23,"Demand":25,"DemandMax":null,"Value":161},{"Length":18,"Height":9,"Demand":27,"DemandMax":null,"Value":162},{"Length":15,"Height":11,"Demand":48,"DemandMax":null,"Value":165},{"Length":9,"Height":18,"Demand":36,"DemandMax":null,"Value":162},{"Length":20,"Height":8,"Demand":28,"DemandMax":null,"Value":160},{"Length":8,"Height":20,"Demand":37,"DemandMax":null,"Value":160},{"Length":16,"Height":10,"Demand":40,"DemandMax":null,"Value":160},{"Length":10,"Height":16,"Demand":38,"DemandMax":null,"Value":160},{"Length":22,"Height":7,"Demand":24,"DemandMax":null,"Value":154},{"Length":13,"Height":12,"Demand":46,"DemandMax":null,"Value":156},{"Length":7,"Height":22,"Demand":34,"DemandMax":null,"Value":154},{"Length":12,"Height":13,"Demand":36,"DemandMax":null,"Value":156},{"Length":14,"Height":11,"Demand":46,"DemandMax":null,"Value":154},{"Length":25,"Height":6,"Demand":7,"DemandMax":null,"Value":150},{"Length":9,"Height":17,"Demand":47,"DemandMax":null,"Value":153},{"Length":17,"Height":9,"Demand":29,"DemandMax":null,"Value":153},{"Length":6,"Height":25,"Demand":4,"DemandMax":null,"Value":150},{"Length":11,"Height":14,"Demand":46,"DemandMax":null,"Value":154},{"Length":19,"Height":8,"Demand":23,"DemandMax":null,"Value":152},{"Length":15,"Height":10,"Demand":52,"DemandMax":null,"Value":150},{"Length":8,"Height":19,"Demand":31,"DemandMax":null,"Value":152},{"Length":10,"Height":15,"Demand":34,"DemandMax":null,"Value":150},{"Length":21,"Height":7,"Demand":32,"DemandMax":null,"Value":147},{"Length":6,"Height":24,"Demand":14,"DemandMax":null,"Value":144},{"Length":24,"Height":6,"Demand":7,"DemandMax":null,"Value":144},{"Length":9,"Height":16,"Demand":53,"DemandMax":null,"Value":144},{"Length":7,"Height":21,"Demand":30,"DemandMax":null,"Value":147},{"Length":12,"Height":12,"Demand":85,"DemandMax":null,"Value":144},{"Length":16,"Height":9,"Demand":47,"DemandMax":null,"Value":144},{"Length":8,"Height":18,"Demand":30,"DemandMax":null,"Value":144},{"Length":18,"Height":8,"Demand":40,"DemandMax":null,"Value":144},{"Length":7,"Height":20,"Demand":38,"DemandMax":null,"Value":140},{"Length":20,"Height":7,"Demand":33,"DemandMax":null,"Value":140},{"Length":11,"Height":13,"Demand":45,"DemandMax":null,"Value":143},{"Length":6,"Height":23,"Demand":22,"DemandMax":null,"Value":138},{"Length":13,"Height":11,"Demand":75,"DemandMax":null,"Value":143},{"Length":14,"Height":10,"Demand":59,"DemandMax":null,"Value":140},{"Length":10,"Height":14,"Demand":66,"DemandMax":null,"Value":140},{"Length":23,"Height":6,"Demand":15,"DemandMax":null,"Value":138},{"Length":6,"Height":22,"Demand":17,"DemandMax":null,"Value":132},{"Length":15,"Height":9,"Demand":50,"DemandMax":null,"Value":135},{"Length":17,"Height":8,"Demand":32,"DemandMax":null,"Value":136},{"Length":7,"Height":19,"Demand":17,"DemandMax":null,"Value":133},{"Length":19,"Height":7,"Demand":13,"DemandMax":null,"Value":133},{"Length":8,"Height":17,"Demand":22,"DemandMax":null,"Value":136},{"Length":12,"Height":11,"Demand":30,"DemandMax":null,"Value":132},{"Length":22,"Height":6,"Demand":8,"DemandMax":null,"Value":132},{"Length":11,"Height":12,"Demand":24,"DemandMax":null,"Value":132},{"Length":9,"Height":15,"Demand":28,"DemandMax":null,"Value":135},{"Length":13,"Height":10,"Demand":18,"DemandMax":null,"Value":130},{"Length":10,"Height":13,"Demand":9,"DemandMax":null,"Value":130},{"Length":16,"Height":8,"Demand":9,"DemandMax":null,"Value":128},{"Length":8,"Height":16,"Demand":13,"DemandMax":null,"Value":128},{"Length":7,"Height":18,"Demand":7,"DemandMax":null,"Value":126},{"Length":6,"Height":21,"Demand":4,"DemandMax":null,"Value":126},{"Length":14,"Height":9,"Demand":11,"DemandMax":null,"Value":126},{"Length":21,"Height":6,"Demand":2,"DemandMax":null,"Value":126},{"Length":8,"Height":15,"Demand":3,"DemandMax":null,"Value":120},{"Length":18,"Height":7,"Demand":4,"DemandMax":null,"Value":126},{"Length":11,"Height":11,"Demand":8,"DemandMax":null,"Value":121},{"Length":20,"Height":6,"Demand":5,"DemandMax":null,"Value":120},{"Length":15,"Height":8,"Demand":8,"DemandMax":null,"Value":120},{"Length":10,"Height":12,"Demand":6,"DemandMax":null,"Value":120},{"Length":9,"Height":14,"Demand":11,"DemandMax":null,"Value":126},{"Length":13,"Height":9,"Demand":1,"DemandMax":null,"Value":117},{"Length":19,"Height":6,"Demand":1,"DemandMax":null,"Value":114},{"Length":6,"Height":20,"Demand":2,"DemandMax":null,"Value":120},{"Length":9,"Height":13,"Demand":1,"DemandMax":null,"Value":117}]}