{"Name":"nice15t","Objects":[{"Length":1000,"Height":1000,"Stock":null,"Cost":1000000}],"Items":[{"Length":44,"Height":20,"Demand":1,"DemandMax":null,"Value":880},{"Length":17,"Height":49,"Demand":1,"DemandMax":null,"Value":833},{"Length":29,"Height":28,"Demand":1,"DemandMax":null,"Value":812},{"Length":42,"Height":18,"Demand":1,"DemandMax":null,"Value":756},{"Length":31,"Height":24,"Demand":1,"DemandMax":null,"Value":744},{"Length":36,"Height":20,"Demand":1,"DemandMax":null,"Value":720},{"Length":27,"Height":25,"Demand":1,"DemandMax":null,"Value":675},{"Length":29,"Height":23,"Demand":1,"DemandMax":null,"Value":667},{"Length":16,"Height":40,"Demand":1,"DemandMax":null,"Value":640},{"Length":27,"Height":23,"Demand":1,"DemandMax":null,"Value":621},{"Length":31,"Height":19,"Demand":1,"DemandMax":null,"Value":589},{"Length":23,"Height":25,"Demand":1,"DemandMax":null,"Value":575},{"Length":34,"Height":17,"Demand":1,"DemandMax":null,"Value":578},{"Length":15,"Height":37,"Demand":1,"DemandMax":null,"Value":555},{"Length":12,"Height":47,"Demand":1,"DemandMax":null,"Value":564},{"Length":27,"Height":20,"Demand":1,"DemandMax":null,"Value":540},{"Length":13,"Height":43,"Demand":1,"DemandMax":null,"Value":559},{"Length":26,"Height":20,"Demand":1,"DemandMax":null,"Value":520},{"Length":43,"Height":12,"Demand":1,"DemandMax":null,"Value":516},{"Length":13,"Height":40,"Demand":1,"DemandMax":null,"Value":520},{"Length":23,"Height":22,"Demand":2,"DemandMax":null,"Value":506},{"Length":13,"Height":38,"Demand":1,"DemandMax":null,"Value":494},{"Length":31,"Height":16,"Demand":1,"DemandMax":null,"Value":496},{"Length":30,"Height":17,"Demand":1,"DemandMax":null,"Value":510},{"Length":13,"Height":39,"Demand":1,"DemandMax":null,"Value":507},{"Length":44,"Height":11,"Demand":1,"DemandMax":null,"Value":484},{"Length":14,"Height":36,"Demand":1,"DemandMax":null,"Value":504},{"Length":41,"Height":12,"Demand":1,"DemandMax":null,"Value":492},{"Length":19,"Height":26,"Demand":1,"DemandMax":null,"Value":494},{"Length":30,"Height":16,"Demand":1,"DemandMax":null,"Value":480},{"Length":27,"Height":18,"Demand":1,"DemandMax":null,"Value":486},{"Length":17,"Height":28,"Demand":1,"DemandMax":null,"Value":476},{"Length":15,"Height":32,"Demand":1,"DemandMax":null,"Value":480},{"Length":25,"Height":18,"Demand":1,"DemandMax":null,"Value":450},{"Length":32,"Height":15,"Demand":1,"DemandMax":null,"Value":480},{"Length":42,"Height":11,"Demand":1,"DemandMax":null,"Value":462},{"Length":17,"Height":26,"Demand":2,"DemandMax":null,"Value":442},{"Length":33,"Height":14,"Demand":1,"DemandMax":null,"Value":462},{"Length":30,"Height":15,"Demand":1,"DemandMax":null,"Value":450},{"Length":20,"Height":22,"Demand":1,"DemandMax":null,"Value":440},{"Length":16,"Height":27,"Demand":1,"DemandMax":null,"Value":432},{"Length":14,"Height":31,"Demand":1,"DemandMax":null,"Value":434},{"Length":20,"Height":21,"Demand":2,"DemandMax":null,"Value":420},{"Length":33,"Height":13,"Demand":1,"DemandMax":null,"Value":429},{"Length":24,"Height":18,"Demand":1,"DemandMax":null,"Value":432},{"Length":12,"Height":36,"Demand":1,"DemandMax":null,"Value":432},{"Length":18,"Height":22,"Demand":5,"DemandMax":null,"Value":396},{"Length":12,"Height":33,"Demand":1,"DemandMax":null,"Value":396},{"Length":21,"Height":19,"Demand":1,"DemandMax":null,"Value":399},{"Length":31,"Height":13,"Demand":2,"DemandMax":null,"Value":403},{"Length":21,"Height":20,"Demand":1,"DemandMax":null,"Value":420},{"Length":19,"Height":21,"Demand":2,"DemandMax":null,"Value":399},{"Length":14,"Height":28,"Demand":2,"DemandMax":null,"Value":392},{"Length":23,"Height":17,"Demand":4,"DemandMax":null,"Value":391},{"Length":36,"Height":11,"Demand":2,"DemandMax":null,"Value":396},{"Length":27,"Height":15,"Demand":1,"DemandMax":null,"Value":405},{"Length":28,"Height":14,"Demand":1,"DemandMax":null,"Value":392},{"Length":10,"Height":38,"Demand":3,"DemandMax":null,"Value":380},{"Length":15,"Height":26,"Demand":1,"DemandMax":null,"Value":390},{"Length":13,"Height":30,"Demand":1,"DemandMax":null,"Value":390},{"Length":33,"Height":12,"Demand":1,"DemandMax":null,"Value":396},{"Length":10,"Height":39,"Demand":2,"DemandMax":null,"Value":390},{"Length":14,"Height":29,"Demand":1,"DemandMax":null,"Value":406},{"Length":26,"Height":15,"Demand":1,"DemandMax":null,"Value":390},{"Length":13,"Height":29,"Demand":2,"DemandMax":null,"Value":377},{"Length":17,"Height":23,"Demand":2,"DemandMax":null,"Value":391},{"Length":11,"Height":34,"Demand":1,"DemandMax":null,"Value":374},{"Length":11,"Height":33,"Demand":1,"DemandMax":null,"Value":363},{"Length":22,"Height":17,"Demand":4,"DemandMax":null,"Value":374},{"Length":20,"Height":19,"Demand":3,"DemandMax":null,"Value":380},{"Length":19,"Height":20,"Demand":1,"DemandMax":null,"Value":380},{"Length":23,"Height":16,"Demand":4,"DemandMax":null,"Value":368},{"Length":28,"Height":13,"Demand":1,"DemandMax":null,"Value":364},{"Length":21,"Height":18,"Demand":2,"DemandMax":null,"Value":378},{"Length":35,"Height":11,"Demand":1,"DemandMax":null,"Value":385},{"Length":31,"Height":12,"Demand":2,"DemandMax":null,"Value":372},{"Length":12,"Height":30,"Demand":1,"DemandMax":null,"Value":360},{"Length":29,"Height":13,"Demand":1,"DemandMax":null,"Value":377},{"Length":25,"Height":15,"Demand":2,"DemandMax":null,"Value":375},{"Length":17,"Height":22,"Demand":1,"DemandMax":null,"Value":374},{"Length":14,"Height":26,"Demand":2,"DemandMax":null,"Value":364},{"Length":18,"Height":20,"Demand":1,"DemandMax":null,"Value":360},{"Length":12,"Height":31,"Demand":2,"DemandMax":null,"Value":372},{"Length":14,"Height":27,"Demand":1,"DemandMax":null,"Value":378},{"Length":24,"Height":15,"Demand":2,"DemandMax":null,"Value":360},{"Length":16,"Height":23,"Demand":2,"DemandMax":null,"Value":368},{"Length":20,"Height":18,"Demand":2,"DemandMax":null,"Value":360},{"Length":36,"Height":10,"Demand":2,"DemandMax":null,"Value":360},{"Length":21,"Height":17,"Demand":2,"DemandMax":null,"Value":357},{"Length":38,"Height":10,"Demand":1,"DemandMax":null,"Value":380},{"Length":16,"Height":24,"Demand":1,"DemandMax":null,"Value":384},{"Length":12,"Height":29,"Demand":2,"DemandMax":null,"Value":348},{"Length":18,"Height":21,"Demand":1,"DemandMax":null,"Value":378},{"Length":13,"Height":28,"Demand":2,"DemandMax":null,"Value":364},{"Length":16,"Height":22,"Demand":4,"DemandMax":null,"Value":352},{"Length":29,"Height":12,"Demand":4,"DemandMax":null,"Value":348},{"Length":15,"Height":24,"Demand":1,"DemandMax":null,"Value":360},{"Length":23,"Height":15,"Demand":1,"DemandMax":null,"Value":345},{"Length":30,"Height":12,"Demand":1,"DemandMax":null,"Value":360},{"Length":11,"Height":31,"Demand":1,"DemandMax":null,"Value":341},{"Length":10,"Height":37,"Demand":3,"DemandMax":null,"Value":370},{"Length":17,"Height":21,"Demand":3,"DemandMax":null,"Value":357},{"Length":25,"Height":14,"Demand":1,"DemandMax":null,"Value":350},{"Length":16,"Height":21,"Demand":3,"DemandMax":null,"Value":336},{"Length":19,"Height":18,"Demand":3,"DemandMax":null,"Value":342},{"Length":9,"Height":37,"Demand":1,"DemandMax":null,"Value":333},{"Length":35,"Height":10,"Demand":1,"DemandMax":null,"Value":350},{"Length":20,"Height":17,"Demand":3,"DemandMax":null,"Value":340},{"Length":18,"Height":19,"Demand":4,"DemandMax":null,"Value":342},{"Length":32,"Height":10,"Demand":2,"DemandMax":null,"Value":320},{"Length":12,"Height":27,"Demand":5,"DemandMax":null,"Value":324},{"Length":15,"Height":23,"Demand":1,"DemandMax":null,"Value":345},{"Length":37,"Height":9,"Demand":1,"DemandMax":null,"Value":333},{"Length":23,"Height":14,"Demand":3,"DemandMax":null,"Value":322},{"Length":16,"Height":20,"Demand":7,"DemandMax":null,"Value":320},{"Length":14,"Height":23,"Demand":3,"DemandMax":null,"Value":322},{"Length":36,"Height":9,"Demand":1,"DemandMax":null,"Value":324},{"Length":14,"Height":24,"Demand":3,"DemandMax":null,"Value":336},{"Length":17,"Height":19,"Demand":3,"DemandMax":null,"Value":323},{"Length":20,"Height":16,"Demand":4,"DemandMax":null,"Value":320},{"Length":13,"Height":25,"Demand":3,"DemandMax":null,"Value":325},{"Length":10,"Height":34,"Demand":2,"DemandMax":null,"Value":340},{"Length":25,"Height":13,"Demand":2,"DemandMax":null,"Value":325},{"Length":17,"Height":20,"Demand":1,"DemandMax":null,"Value":340},{"Length":10,"Height":32,"Demand":1,"DemandMax":null,"Value":320},{"Length":26,"Height":13,"Demand":2,"DemandMax":null,"Value":338},{"Length":22,"Height":15,"Demand":1,"DemandMax":null,"Value":330},{"Length":27,"Height":12,"Demand":2,"DemandMax":null,"Value":324},{"Length":18,"Height":18,"Demand":3,"DemandMax":null,"Value":324},{"Length":12,"Height":26,"Demand":4,"DemandMax":null,"Value":312},{"Length":21,"Height":15,"Demand":4,"DemandMax":null,"Value":315},{"Length":19,"Height":17,"Demand":2,"DemandMax":null,"Value":323},{"Length":18,"Height":17,"Demand":3,"DemandMax":null,"Value":306},{"Length":11,"Height":30,"Demand":2,"DemandMax":null,"Value":330},{"Length":24,"Height":13,"Demand":4,"DemandMax":null,"Value":312},{"Length":17,"Height":18,"Demand":3,"DemandMax":null,"Value":306},{"Length":15,"Height":21,"Demand":4,"DemandMax":null,"Value":315},{"Length":28,"Height":11,"Demand":2,"DemandMax":null,"Value":308},{"Length":15,"Height":22,"Demand":2,"DemandMax":null,"Value":330},{"Length":11,"Height":29,"Demand":1,"DemandMax":null,"Value":319},{"Length":29,"Height":11,"Demand":1,"DemandMax":null,"Value":319},{"Length":31,"Height":10,"Demand":1,"DemandMax":null,"Value":310},{"Length":22,"Height":14,"Demand":3,"DemandMax":null,"Value":308},{"Length":35,"Height":9,"Demand":3,"DemandMax":null,"Value":315},{"Length":13,"Height":24,"Demand":4,"DemandMax":null,"Value":312},{"Length":9,"Height":33,"Demand":7,"DemandMax":null,"Value":297},{"Length":14,"Height":22,"Demand":5,"DemandMax":null,"Value":308},{"Length":9,"Height":34,"Demand":5,"DemandMax":null,"Value":306},{"Length":16,"Height":19,"Demand":8,"DemandMax":null,"Value":304},{"Length":33,"Height":10,"Demand":1,"DemandMax":null,"Value":330},{"Length":9,"Height":35,"Demand":2,"DemandMax":null,"Value":315},{"Length":25,"Height":12,"Demand":4,"DemandMax":null,"Value":300},{"Length":11,"Height":27,"Demand":8,"DemandMax":null,"Value":297},{"Length":19,"Height":16,"Demand":4,"DemandMax":null,"Value":304},{"Length":11,"Height":28,"Demand":2,"DemandMax":null,"Value":308},{"Length":34,"Height":9,"Demand":3,"DemandMax":null,"Value":306},{"Length":20,"Height":15,"Demand":10,"DemandMax":null,"Value":300},{"Length":13,"Height":23,"Demand":7,"DemandMax":null,"Value":299},{"Length":10,"Height":31,"Demand":1,"DemandMax":null,"Value":310},{"Length":24,"Height":12,"Demand":8,"DemandMax":null,"Value":288},{"Length":12,"Height":25,"Demand":7,"DemandMax":null,"Value":300},{"Length":10,"Height":29,"Demand":7,"DemandMax":null,"Value":290},{"Length":23,"Height":13,"Demand":6,"DemandMax":null,"Value":299},{"Length":29,"Height":10,"Demand":6,"DemandMax":null,"Value":290},{"Length":33,"Height":9,"Demand":4,"DemandMax":null,"Value":297},{"Length":15,"Height":20,"Demand":7,"DemandMax":null,"Value":300},{"Length":9,"Height":32,"Demand":7,"DemandMax":null,"Value":288},{"Length":12,"Height":24,"Demand":15,"DemandMax":null,"Value":288},{"Length":22,"Height":13,"Demand":11,"DemandMax":null,"Value":286},{"Length":11,"Height":26,"Demand":9,"DemandMax":null,"Value":286},{"Length":18,"Height":16,"Demand":8,"DemandMax":null,"Value":288},{"Length":17,"Height":17,"Demand":6,"DemandMax":null,"Value":289},{"Length":13,"Height":22,"Demand":13,"DemandMax":null,"Value":286},{"Length":15,"Height":19,"Demand":21,"DemandMax":null,"Value":285},{"Length":21,"Height":14,"Demand":6,"DemandMax":null,"Value":294},{"Length":14,"Height":21,"Demand":3,"DemandMax":null,"Value":294},{"Length":16,"Height":18,"Demand":14,"DemandMax":null,"Value":288},{"Length":10,"Height":28,"Demand":6,"DemandMax":null,"Value":280},{"Length":32,"Height":9,"Demand":6,"DemandMax":null,"Value":288},{"Length":9,"Height":31,"Demand":7,"DemandMax":null,"Value":279},{"Length":27,"Height":11,"Demand":4,"DemandMax":null,"Value":297},{"Length":26,"Height":11,"Demand":7,"DemandMax":null,"Value":286},{"Length":20,"Height":14,"Demand":9,"DemandMax":null,"Value":280},{"Length":23,"Height":12,"Demand":15,"DemandMax":null,"Value":276},{"Length":19,"Height":15,"Demand":10,"DemandMax":null,"Value":285},{"Length":13,"Height":21,"Demand":20,"DemandMax":null,"Value":273},{"Length":9,"Height":30,"Demand":4,"DemandMax":null,"Value":270},{"Length":12,"Height":23,"Demand":15,"DemandMax":null,"Value":276},{"Length":30,"Height":9,"Demand":6,"DemandMax":null,"Value":270},{"Length":27,"Height":10,"Demand":14,"DemandMax":null,"Value":270},{"Length":14,"Height":20,"Demand":8,"DemandMax":null,"Value":280},{"Length":17,"Height":16,"Demand":15,"DemandMax":null,"Value":272},{"Length":18,"Height":15,"Demand":16,"DemandMax":null,"Value":270},{"Length":21,"Height":13,"Demand":14,"DemandMax":null,"Value":273},{"Length":8,"Height":34,"Demand":1,"DemandMax":null,"Value":272},{"Length":28,"Height":10,"Demand":2,"DemandMax":null,"Value":280},{"Length":16,"Height":17,"Demand":12,"DemandMax":null,"Value":272},{"Length":11,"Height":25,"Demand":7,"DemandMax":null,"Value":275},{"Length":10,"Height":27,"Demand":7,"DemandMax":null,"Value":270},{"Length":22,"Height":12,"Demand":16,"DemandMax":null,"Value":264},{"Length":15,"Height":18,"Demand":19,"DemandMax":null,"Value":270},{"Length":25,"Height":11,"Demand":9,"DemandMax":null,"Value":275},{"Length":33,"Height":8,"Demand":2,"DemandMax":null,"Value":264},{"Length":8,"Height":33,"Demand":3,"DemandMax":null,"Value":264},{"Length":20,"Height":13,"Demand":15,"DemandMax":null,"Value":260},{"Length":24,"Height":11,"Demand":4,"DemandMax":null,"Value":264},{"Length":14,"Height":19,"Demand":22,"DemandMax":null,"Value":266},{"Length":12,"Height":22,"Demand":18,"DemandMax":null,"Value":264},{"Length":10,"Height":26,"Demand":12,"DemandMax":null,"Value":260},{"Length":31,"Height":9,"Demand":3,"DemandMax":null,"Value":279},{"Length":29,"Height":9,"Demand":11,"DemandMax":null,"Value":261},{"Length":32,"Height":8,"Demand":3,"DemandMax":null,"Value":256},{"Length":11,"Height":24,"Demand":12,"DemandMax":null,"Value":264},{"Length":19,"Height":14,"Demand":13,"DemandMax":null,"Value":266},{"Length":26,"Height":10,"Demand":7,"DemandMax":null,"Value":260},{"Length":16,"Height":16,"Demand":13,"DemandMax":null,"Value":256},{"Length":13,"Height":20,"Demand":13,"DemandMax":null,"Value":260},{"Length":17,"Height":15,"Demand":14,"DemandMax":null,"Value":255},{"Length":21,"Height":12,"Demand":15,"DemandMax":null,"Value":252},{"Length":14,"Height":18,"Demand":10,"DemandMax":null,"Value":252},{"Length":15,"Height":17,"Demand":10,"DemandMax":null,"Value":255},{"Length":18,"Height":14,"Demand":8,"DemandMax":null,"Value":252},{"Length":8,"Height":32,"Demand":5,"DemandMax":null,"Value":256},{"Length":23,"Height":11,"Demand":8,"DemandMax":null,"Value":253},{"Length":12,"Height":21,"Demand":11,"DemandMax":null,"Value":252},{"Length":8,"Height":31,"Demand":5,"DemandMax":null,"Value":248},{"Length":9,"Height":29,"Demand":9,"DemandMax":null,"Value":261},{"Length":11,"Height":23,"Demand":5,"DemandMax":null,"Value":253},{"Length":9,"Height":28,"Demand":7,"DemandMax":null,"Value":252},{"Length":31,"Height":8,"Demand":3,"DemandMax":null,"Value":248},{"Length":9,"Height":27,"Demand":16,"DemandMax":null,"Value":243},{"Length":28,"Height":9,"Demand":3,"DemandMax":null,"Value":252},{"Length":27,"Height":9,"Demand":6,"DemandMax":null,"Value":243},{"Length":13,"Height":19,"Demand":21,"DemandMax":null,"Value":247},{"Length":25,"Height":10,"Demand":7,"DemandMax":null,"Value":250},{"Length":11,"Height":22,"Demand":12,"DemandMax":null,"Value":242},{"Length":10,"Height":24,"Demand":8,"DemandMax":null,"Value":240},{"Length":10,"Height":25,"Demand":2,"DemandMax":null,"Value":250},{"Length":15,"Height":16,"Demand":13,"DemandMax":null,"Value":240},{"Length":22,"Height":11,"Demand":4,"DemandMax":null,"Value":242},{"Length":20,"Height":12,"Demand":13,"DemandMax":null,"Value":240},{"Length":19,"Height":13,"Demand":8,"DemandMax":null,"Value":247},{"Length":9,"Height":26,"Demand":10,"DemandMax":null,"Value":234},{"Length":24,"Height":10,"Demand":6,"DemandMax":null,"Value":240},{"Length":12,"Height":20,"Demand":13,"DemandMax":null,"Value":240},{"Length":11,"Height":21,"Demand":15,"DemandMax":null,"Value":231},{"Length":17,"Height":14,"Demand":10,"DemandMax":null,"Value":238},{"Length":8,"Height":30,"Demand":5,"DemandMax":null,"Value":240},{"Length":14,"Height":17,"Demand":15,"DemandMax":null,"Value":238},{"Length":18,"Height":13,"Demand":14,"DemandMax":null,"Value":234},{"Length":8,"Height":29,"Demand":9,"DemandMax":null,"Value":232},{"Length":26,"Height":9,"Demand":5,"DemandMax":null,"Value":234},{"Length":30,"Height":8,"Demand":7,"DemandMax":null,"Value":240},{"Length":16,"Height":15,"Demand":9,"DemandMax":null,"Value":240},{"Length":21,"Height":11,"Demand":11,"DemandMax":null,"Value":231},{"Length":10,"Height":23,"Demand":7,"DemandMax":null,"Value":230},{"Length":13,"Height":18,"Demand":12,"DemandMax":null,"Value":234},{"Length":19,"Height":12,"Demand":12,"DemandMax":null,"Value":228},{"Length":9,"Height":25,"Demand":5,"DemandMax":null,"Value":225},{"Length":8,"Height":28,"Demand":9,"DemandMax":null,"Value":224},{"Length":12,"Height":19,"Demand":14,"DemandMax":null,"Value":228},{"Length":23,"Height":10,"Demand":10,"DemandMax":null,"Value":230},{"Length":29,"Height":8,"Demand":13,"DemandMax":null,"Value":232},{"Length":16,"Height":14,"Demand":15,"DemandMax":null,"Value":224},{"Length":28,"Height":8,"Demand":2,"DemandMax":null,"Value":224},{"Length":10,"Height":22,"Demand":24,"DemandMax":null,"Value":220},{"Length":25,"Height":9,"Demand":9,"DemandMax":null,"Value":225},{"Length":11,"Height":20,"Demand":29,"DemandMax":null,"Value":220},{"Length":15,"Height":15,"Demand":22,"DemandMax":null,"Value":225},{"Length":14,"Height":16,"Demand":14,"DemandMax":null,"Value":224},{"Length":22,"Height":10,"Demand":10,"DemandMax":null,"Value":220},{"Length":17,"Height":13,"Demand":16,"DemandMax":null,"Value":221},{"Length":20,"Height":11,"Demand":17,"DemandMax":null,"Value":220},{"Length":8,"Height":27,"Demand":16,"DemandMax":null,"Value":216},{"Length":12,"Height":18,"Demand":14,"DemandMax":null,"Value":216},{"Length":9,"Height":24,"Demand":14,"DemandMax":null,"Value":216},{"Length":13,"Height":17,"Demand":15,"DemandMax":null,"Value":221},{"Length":26,"Height":8,"Demand":20,"DemandMax":null,"Value":208},{"Length":10,"Height":21,"Demand":30,"DemandMax":null,"Value":210},{"Length":23,"Height":9,"Demand":14,"DemandMax":null,"Value":207},{"Length":15,"Height":14,"Demand":31,"DemandMax":null,"Value":210},{"Length":18,"Height":12,"Demand":22,"DemandMax":null,"Value":216},{"Length":7,"Height":30,"Demand":1,"DemandMax":null,"Value":210},{"Length":14,"Height":15,"Demand":27,"DemandMax":null,"Value":210},{"Length":21,"Height":10,"Demand":21,"DemandMax":null,"Value":210},{"Length":11,"Height":19,"Demand":43,"DemandMax":null,"Value":209},{"Length":13,"Height":16,"Demand":38,"DemandMax":null,"Value":208},{"Length":29,"Height":7,"Demand":9,"DemandMax":null,"Value":203},{"Length":16,"Height":13,"Demand":28,"DemandMax":null,"Value":208},{"Length":24,"Height":9,"Demand":7,"DemandMax":null,"Value":216},{"Length":17,"Height":12,"Demand":36,"DemandMax":null,"Value":204},{"Length":8,"Height":26,"Demand":23,"DemandMax":null,"Value":208},{"Length":12,"Height":17,"Demand":29,"DemandMax":null,"Value":204},{"Length":19,"Height":11,"Demand":24,"DemandMax":null,"Value":209},{"Length":27,"Height":8,"Demand":6,"DemandMax":null,"Value":216},{"Length":9,"Height":23,"Demand":15,"DemandMax":null,"Value":207},{"Length":8,"Height":25,"Demand":14,"DemandMax":null,"Value":200},{"Length":28,"Height":7,"Demand":8,"DemandMax":null,"Value":196},{"Length":10,"Height":20,"Demand":39,"DemandMax":null,"Value":200},{"Length":20,"Height":10,"Demand":33,"DemandMax":null,"Value":200},{"Length":7,"Height":28,"Demand":5,"DemandMax":null,"Value":196},{"Length":11,"Height":18,"Demand":46,"DemandMax":null,"Value":198},{"Length":18,"Height":11,"Demand":31,"DemandMax":null,"Value":198},{"Length":25,"Height":8,"Demand":22,"DemandMax":null,"Value":200},{"Length":9,"Height":22,"Demand":17,"DemandMax":null,"Value":198},{"Length":14,"Height":14,"Demand":48,"DemandMax":null,"Value":196},{"Length":22,"Height":9,"Demand":24,"DemandMax":null,"Value":198},{"Length":15,"Height":13,"Demand":41,"DemandMax":null,"Value":195},{"Length":13,"Height":15,"Demand":31,"DemandMax":null,"Value":195},{"Length":8,"Height":24,"Demand":14,"DemandMax":null,"Value":192},{"Length":24,"Height":8,"Demand":13,"DemandMax":null,"Value":192},{"Length":7,"Height":27,"Demand":28,"DemandMax":null,"Value":189},{"Length":27,"Height":7,"Demand":13,"DemandMax":null,"Value":189},{"Length":12,"Height":16,"Demand":25,"DemandMax":null,"Value":192},{"Length":9,"Height":21,"Demand":17,"DemandMax":null,"Value":189},{"Length":10,"Height":19,"Demand":50,"DemandMax":null,"Value":190},{"Length":21,"Height":9,"Demand":14,"DemandMax":null,"Value":189},{"Length":17,"Height":11,"Demand":22,"DemandMax":null,"Value":187},{"Length":16,"Height":12,"Demand":29,"DemandMax":null,"Value":192},{"Length":19,"Height":10,"Demand":27,"DemandMax":null,"Value":190},{"Length":11,"Height":17,"Demand":32,"DemandMax":null,"Value":187},{"Length":23,"Height":8,"Demand":14,"DemandMax":null,"Value":184},{"Length":8,"Height":23,"Demand":13,"DemandMax":null,"Value":184},{"Length":13,"Height":14,"Demand":23,"DemandMax":null,"Value":182},{"Length":18,"Height":10,"Demand":28,"DemandMax":null,"Value":180},{"Length":12,"Height":15,"Demand":26,"DemandMax":null,"Value":180},{"Length":15,"Height":12,"Demand":32,"DemandMax":null,"Value":180},{"Length":7,"Height":26,"Demand":20,"DemandMax":null,"Value":182},{"Length":14,"Height":13,"Demand":28,"DemandMax":null,"Value":182},{"Length":20,"Height":9,"Demand":23,"DemandMax":null,"Value":180},{"Length":9,"Height":20,"Demand":19,"DemandMax":null,"Value":180},{"Length":8,"Height":22,"Demand":11,"DemandMax":null,"Value":176},{"Length":10,"Height":18,"Demand":40,"DemandMax":null,"Value":180},{"Length":16,"Height":11,"Demand":22,"DemandMax":null,"Value":176},{"Length":25,"Height":7,"Demand":7,"DemandMax":null,"Value":175},{"Length":11,"Height":16,"Demand":53,"DemandMax":null,"Value":176},{"Length":7,"Height":25,"Demand":10,"DemandMax":null,"Value":175},{"Length":26,"Height":7,"Demand":6,"DemandMax":null,"Value":182},{"Length":22,"Height":8,"Demand":18,"DemandMax":null,"Value":176},{"Length":9,"Height":19,"Demand":29,"DemandMax":null,"Value":171},{"Length":19,"Height":9,"Demand":22,"DemandMax":null,"Value":171},{"Length":10,"Height":17,"Demand":31,"DemandMax":null,"Value":170},{"Length":17,"Height":10,"Demand":19,"DemandMax":null,"Value":170},{"Length":14,"Height":12,"Demand":37,"DemandMax":null,"Value":168},{"Length":12,"Height":14,"Demand":27,"DemandMax":null,"Value":168},{"Length":8,"Height":21,"Demand":14,"DemandMax":null,"Value":168},{"Length":13,"Height":13,"Demand":37,"DemandMax":null,"Value":169},{"Length":21,"Height":8,"Demand":20,"DemandMax":null,"Value":168},{"Length":11,"Height":15,"Demand":35,"DemandMax":null,"Value":165},{"Length":24,"Height":7,"Demand":12,"DemandMax":null,"Value":168},{"Length":15,"Height":11,"Demand":36,"DemandMax":null,"Value":165},{"Length":7,"Height":24,"Demand":6,"DemandMax":null,"Value":168},{"Length":9,"Height":18,"Demand":23,"DemandMax":null,"Value":162},{"Length":16,"Height":10,"Demand":15,"DemandMax":null,"Value":160},{"Length":8,"Height":20,"Demand":10,"DemandMax":null,"Value":160},{"Length":7,"Height":23,"Demand":15,"DemandMax":null,"Value":161},{"Length":18,"Height":9,"Demand":25,"DemandMax":null,"Value":162},{"Length":20,"Height":8,"Demand":24,"DemandMax":null,"Value":160},{"Length":23,"Height":7,"Demand":9,"DemandMax":null,"Value":161},{"Length":10,"Height":16,"Demand":32,"DemandMax":null,"Value":160},{"Length":13,"Height":12,"Demand":34,"DemandMax":null,"Value":156},{"Length":12,"Height":13,"Demand":29,"DemandMax":null,"Value":156},{"Length":6,"Height":26,"Demand":3,"DemandMax":null,"Value":156},{"Length":9,"Height":17,"Demand":19,"DemandMax":null,"Value":153},{"Length":14,"Height":11,"Demand":26,"DemandMax":null,"Value":154},{"Length":7,"Height":22,"Demand":20,"DemandMax":null,"Value":154},{"Length":26,"Height":6,"Demand":1,"DemandMax":null,"Value":156},{"Length":22,"Height":7,"Demand":14,"DemandMax":null,"Value":154},{"Length":11,"Height":14,"Demand":34,"DemandMax":null,"Value":154},{"Length":17,"Height":9,"Demand":18,"DemandMax":null,"Value":153},{"Length":6,"Height":25,"Demand":4,"DemandMax":null,"Value":150},{"Length":25,"Height":6,"Demand":6,"DemandMax":null,"Value":150},{"Length":19,"Height":8,"Demand":15,"DemandMax":null,"Value":152},{"Length":10,"Height":15,"Demand":28,"DemandMax":null,"Value":150},{"Length":6,"Height":24,"Demand":3,"DemandMax":null,"Value":144},{"Length":15,"Height":10,"Demand":32,"DemandMax":null,"Value":150},{"Length":8,"Height":19,"Demand":17,"DemandMax":null,"Value":152},{"Length":8,"Height":18,"Demand":22,"DemandMax":null,"Value":144},{"Length":12,"Height":12,"Demand":41,"DemandMax":null,"Value":144},{"Length":21,"Height":7,"Demand":13,"DemandMax":null,"Value":147},{"Length":9,"Height":16,"Demand":33,"DemandMax":null,"Value":144},{"Length":18,"Height":8,"Demand":13,"DemandMax":null,"Value":144},{"Length":16,"Height":9,"Demand":31,"DemandMax":null,"Value":144},{"Length":7,"Height":21,"Demand":18,"DemandMax":null,"Value":147},{"Length":13,"Height":11,"Demand":48,"DemandMax":null,"Value":143},{"Length":14,"Height":10,"Demand":35,"DemandMax":null,"Value":140},{"Length":24,"Height":6,"Demand":5,"DemandMax":null,"Value":144},{"Length":11,"Height":13,"Demand":39,"DemandMax":null,"Value":143},{"Length":10,"Height":14,"Demand":30,"DemandMax":null,"Value":140},{"Length":20,"Height":7,"Demand":25,"DemandMax":null,"Value":140},{"Length":7,"Height":20,"Demand":24,"DemandMax":null,"Value":140},{"Length":6,"Height":23,"Demand":11,"DemandMax":null,"Value":138},{"Length":8,"Height":17,"Demand":33,"DemandMax":null,"Value":136},{"Length":15,"Height":9,"Demand":61,"DemandMax":null,"Value":135},{"Length":23,"Height":6,"Demand":16,"DemandMax":null,"Value":138},{"Length":19,"Height":7,"Demand":21,"DemandMax":null,"Value":133},{"Length":17,"Height":8,"Demand":29,"DemandMax":null,"Value":136},{"Length":22,"Height":6,"Demand":25,"DemandMax":null,"Value":132},{"Length":7,"Height":19,"Demand":28,"DemandMax":null,"Value":133},{"Length":6,"Height":22,"Demand":33,"DemandMax":null,"Value":132},{"Length":9,"Height":15,"Demand":44,"DemandMax":null,"Value":135},{"Length":12,"Height":11,"Demand":65,"DemandMax":null,"Value":132},{"Length":13,"Height":10,"Demand":60,"DemandMax":null,"Value":130},{"Length":11,"Height":12,"Demand":75,"DemandMax":null,"Value":132},{"Length":6,"Height":21,"Demand":25,"DemandMax":null,"Value":126},{"Length":8,"Height":16,"Demand":38,"DemandMax":null,"Value":128},{"Length":7,"Height":18,"Demand":22,"DemandMax":null,"Value":126},{"Length":18,"Height":7,"Demand":24,"DemandMax":null,"Value":126},{"Length":10,"Height":13,"Demand":45,"DemandMax":null,"Value":130},{"Length":21,"Height":6,"Demand":13,"DemandMax":null,"Value":126},{"Length":16,"Height":8,"Demand":35,"DemandMax":null,"Value":128},{"Length":9,"Height":14,"Demand":20,"DemandMax":null,"Value":126},{"Length":14,"Height":9,"Demand":32,"DemandMax":null,"Value":126},{"Length":20,"Height":6,"Demand":9,"DemandMax":null,"Value":120},{"Length":6,"Height":20,"Demand":8,"DemandMax":null,"Value":120},{"Length":8,"Height":15,"Demand":15,"DemandMax":null,"Value":120},{"Length":15,"Height":8,"Demand":11,"DemandMax":null,"Value":120},{"Length":11,"Height":11,"Demand":24,"DemandMax":null,"Value":121},{"Length":17,"Height":7,"Demand":7,"DemandMax":null,"Value":119},{"Length":12,"Height":10,"Demand":8,"DemandMax":null,"Value":120},{"Length":7,"Height":17,"Demand":3,"DemandMax":null,"Value":119},{"Length":10,"Height":12,"Demand":3,"DemandMax":null,"Value":120},{"Length":13,"Height":9,"Demand":2,"DemandMax":null,"Value":117},{"Length":9,"Height":13,"Demand":1,"DemandMax":null,"Value":117}]}