{"Name":"nice31t","Objects":[{"Length":1000,"Height":1000,"Stock":null,"Cost":1000000}],"Items":[{"Length":72,"Height":51,"Demand":1,"DemandMax":null,"Value":3672},{"Length":62,"Height":55,"Demand":1,"DemandMax":null,"Value":3410},{"Length":56,"Height":58,"Demand":1,"DemandMax":null,"Value":3248},{"Length":79,"Height":39,"Demand":1,"DemandMax":null,"Value":3081},{"Length":87,"Height":34,"Demand":1,"DemandMax":null,"Value":2958},{"Length":93,"Height":27,"Demand":1,"DemandMax":null,"Value":2511},{"Length":52,"Height":47,"Demand":1,"DemandMax":null,"Value":2444},{"Length":47,"Height":52,"Demand":1,"DemandMax":null,"Value":2444},{"Length":87,"Height":27,"Demand":1,"DemandMax":null,"Value":2349},{"Length":25,"Height":91,"Demand":1,"DemandMax":null,"Value":2275},{"Length":24,"Height":94,"Demand":1,"DemandMax":null,"Value":2256},{"Length":48,"Height":47,"Demand":1,"DemandMax":null,"Value":2256},{"Length":49,"Height":45,"Demand":1,"DemandMax":null,"Value":2205},{"Length":93,"Height":23,"Demand":1,"DemandMax":null,"Value":2139},{"Length":61,"Height":35,"Demand":1,"DemandMax":null,"Value":2135},{"Length":23,"Height":91,"Demand":1,"DemandMax":null,"Value":2093},{"Length":33,"Height":63,"Demand":1,"DemandMax":null,"Value":2079},{"Length":46,"Height":45,"Demand":1,"DemandMax":null,"Value":2070},{"Length":24,"Height":84,"Demand":1,"DemandMax":null,"Value":2016},{"Length":55,"Height":37,"Demand":1,"DemandMax":null,"Value":2035},{"Length":50,"Height":40,"Demand":1,"DemandMax":null,"Value":2000},{"Length":87,"Height":23,"Demand":1,"DemandMax":null,"Value":2001},{"Length":35,"Height":57,"Demand":1,"DemandMax":null,"Value":1995},{"Length":41,"Height":48,"Demand":1,"DemandMax":null,"Value":1968},{"Length":80,"Height":24,"Demand":1,"DemandMax":null,"Value":1920},{"Length":76,"Height":25,"Demand":1,"DemandMax":null,"Value":1900},{"Length":54,"Height":36,"Demand":1,"DemandMax":null,"Value":1944},{"Length":23,"Height":83,"Demand":1,"DemandMax":null,"Value":1909},{"Length":50,"Height":37,"Demand":1,"DemandMax":null,"Value":1850},{"Length":38,"Height":49,"Demand":1,"DemandMax":null,"Value":1862},{"Length":34,"Height":54,"Demand":1,"DemandMax":null,"Value":1836},{"Length":47,"Height":39,"Demand":1,"DemandMax":null,"Value":1833},{"Length":40,"Height":45,"Demand":1,"DemandMax":null,"Value":1800},{"Length":38,"Height":48,"Demand":1,"DemandMax":null,"Value":1824},{"Length":41,"Height":43,"Demand":1,"DemandMax":null,"Value":1763},{"Length":29,"Height":60,"Demand":1,"DemandMax":null,"Value":1740},{"Length":52,"Height":33,"Demand":1,"DemandMax":null,"Value":1716},{"Length":33,"Height":52,"Demand":2,"DemandMax":null,"Value":1716},{"Length":37,"Height":45,"Demand":1,"DemandMax":null,"Value":1665},{"Length":35,"Height":47,"Demand":1,"DemandMax":null,"Value":1645},{"Length":45,"Height":36,"Demand":1,"DemandMax":null,"Value":1620},{"Length":36,"Height":45,"Demand":1,"DemandMax":null,"Value":1620},{"Length":39,"Height":41,"Demand":1,"DemandMax":null,"Value":1599},{"Length":41,"Height":39,"Demand":1,"DemandMax":null,"Value":1599},{"Length":34,"Height":47,"Demand":1,"DemandMax":null,"Value":1598},{"Length":70,"Height":23,"Demand":1,"DemandMax":null,"Value":1610},{"Length":78,"Height":20,"Demand":1,"DemandMax":null,"Value":1560},{"Length":61,"Height":25,"Demand":1,"DemandMax":null,"Value":1525},{"Length":35,"Height":44,"Demand":1,"DemandMax":null,"Value":1540},{"Length":22,"Height":69,"Demand":1,"DemandMax":null,"Value":1518},{"Length":32,"Height":48,"Demand":1,"DemandMax":null,"Value":1536},{"Length":31,"Height":49,"Demand":1,"DemandMax":null,"Value":1519},{"Length":47,"Height":32,"Demand":1,"DemandMax":null,"Value":1504},{"Length":30,"Height":51,"Demand":1,"DemandMax":null,"Value":1530},{"Length":60,"Height":25,"Demand":1,"DemandMax":null,"Value":1500},{"Length":32,"Height":47,"Demand":1,"DemandMax":null,"Value":1504},{"Length":43,"Height":35,"Demand":1,"DemandMax":null,"Value":1505},{"Length":25,"Height":62,"Demand":1,"DemandMax":null,"Value":1550},{"Length":48,"Height":31,"Demand":2,"DemandMax":null,"Value":1488},{"Length":27,"Height":54,"Demand":1,"DemandMax":null,"Value":1458},{"Length":52,"Height":29,"Demand":1,"DemandMax":null,"Value":1508},{"Length":49,"Height":30,"Demand":1,"DemandMax":null,"Value":1470},{"Length":46,"Height":32,"Demand":1,"DemandMax":null,"Value":1472},{"Length":62,"Height":24,"Demand":1,"DemandMax":null,"Value":1488},{"Length":35,"Height":42,"Demand":2,"DemandMax":null,"Value":1470},{"Length":40,"Height":37,"Demand":1,"DemandMax":null,"Value":1480},{"Length":20,"Height":74,"Demand":1,"DemandMax":null,"Value":1480},{"Length":73,"Height":20,"Demand":1,"DemandMax":null,"Value":1460},{"Length":26,"Height":55,"Demand":1,"DemandMax":null,"Value":1430},{"Length":28,"Height":52,"Demand":1,"DemandMax":null,"Value":1456},{"Length":43,"Height":34,"Demand":1,"DemandMax":null,"Value":1462},{"Length":47,"Height":31,"Demand":1,"DemandMax":null,"Value":1457},{"Length":23,"Height":63,"Demand":1,"DemandMax":null,"Value":1449},{"Length":32,"Height":46,"Demand":1,"DemandMax":null,"Value":1472},{"Length":20,"Height":72,"Demand":1,"DemandMax":null,"Value":1440},{"Length":29,"Height":49,"Demand":1,"DemandMax":null,"Value":1421},{"Length":22,"Height":63,"Demand":1,"DemandMax":null,"Value":1386},{"Length":47,"Height":30,"Demand":2,"DemandMax":null,"Value":1410},{"Length":35,"Height":41,"Demand":1,"DemandMax":null,"Value":1435},{"Length":30,"Height":47,"Demand":2,"DemandMax":null,"Value":1410},{"Length":50,"Height":28,"Demand":1,"DemandMax":null,"Value":1400},{"Length":33,"Height":43,"Demand":1,"DemandMax":null,"Value":1419},{"Length":49,"Height":28,"Demand":2,"DemandMax":null,"Value":1372},{"Length":74,"Height":19,"Demand":2,"DemandMax":null,"Value":1406},{"Length":19,"Height":74,"Demand":1,"DemandMax":null,"Value":1406},{"Length":60,"Height":23,"Demand":1,"DemandMax":null,"Value":1380},{"Length":63,"Height":22,"Demand":1,"DemandMax":null,"Value":1386},{"Length":39,"Height":35,"Demand":1,"DemandMax":null,"Value":1365},{"Length":32,"Height":43,"Demand":1,"DemandMax":null,"Value":1376},{"Length":35,"Height":39,"Demand":1,"DemandMax":null,"Value":1365},{"Length":45,"Height":30,"Demand":2,"DemandMax":null,"Value":1350},{"Length":59,"Height":23,"Demand":1,"DemandMax":null,"Value":1357},{"Length":21,"Height":64,"Demand":1,"DemandMax":null,"Value":1344},{"Length":56,"Height":24,"Demand":1,"DemandMax":null,"Value":1344},{"Length":55,"Height":24,"Demand":1,"DemandMax":null,"Value":1320},{"Length":47,"Height":29,"Demand":1,"DemandMax":null,"Value":1363},{"Length":39,"Height":34,"Demand":2,"DemandMax":null,"Value":1326},{"Length":26,"Height":51,"Demand":1,"DemandMax":null,"Value":1326},{"Length":21,"Height":65,"Demand":1,"DemandMax":null,"Value":1365},{"Length":43,"Height":31,"Demand":2,"DemandMax":null,"Value":1333},{"Length":21,"Height":63,"Demand":1,"DemandMax":null,"Value":1323},{"Length":46,"Height":28,"Demand":1,"DemandMax":null,"Value":1288},{"Length":62,"Height":21,"Demand":1,"DemandMax":null,"Value":1302},{"Length":59,"Height":22,"Demand":1,"DemandMax":null,"Value":1298},{"Length":26,"Height":50,"Demand":1,"DemandMax":null,"Value":1300},{"Length":31,"Height":42,"Demand":1,"DemandMax":null,"Value":1302},{"Length":57,"Height":23,"Demand":1,"DemandMax":null,"Value":1311},{"Length":42,"Height":31,"Demand":1,"DemandMax":null,"Value":1302},{"Length":35,"Height":37,"Demand":1,"DemandMax":null,"Value":1295},{"Length":23,"Height":57,"Demand":1,"DemandMax":null,"Value":1311},{"Length":26,"Height":49,"Demand":1,"DemandMax":null,"Value":1274},{"Length":41,"Height":31,"Demand":3,"DemandMax":null,"Value":1271},{"Length":36,"Height":35,"Demand":1,"DemandMax":null,"Value":1260},{"Length":34,"Height":37,"Demand":1,"DemandMax":null,"Value":1258},{"Length":33,"Height":39,"Demand":1,"DemandMax":null,"Value":1287},{"Length":30,"Height":42,"Demand":1,"DemandMax":null,"Value":1260},{"Length":42,"Height":30,"Demand":2,"DemandMax":null,"Value":1260},{"Length":31,"Height":41,"Demand":1,"DemandMax":null,"Value":1271},{"Length":47,"Height":27,"Demand":1,"DemandMax":null,"Value":1269},{"Length":32,"Height":39,"Demand":1,"DemandMax":null,"Value":1248},{"Length":70,"Height":18,"Demand":2,"DemandMax":null,"Value":1260},{"Length":23,"Height":55,"Demand":1,"DemandMax":null,"Value":1265},{"Length":35,"Height":35,"Demand":5,"DemandMax":null,"Value":1225},{"Length":47,"Height":26,"Demand":3,"DemandMax":null,"Value":1222},{"Length":41,"Height":30,"Demand":1,"DemandMax":null,"Value":1230},{"Length":29,"Height":43,"Demand":2,"DemandMax":null,"Value":1247},{"Length":33,"Height":38,"Demand":2,"DemandMax":null,"Value":1254},{"Length":24,"Height":52,"Demand":1,"DemandMax":null,"Value":1248},{"Length":53,"Height":23,"Demand":1,"DemandMax":null,"Value":1219},{"Length":20,"Height":61,"Demand":2,"DemandMax":null,"Value":1220},{"Length":31,"Height":40,"Demand":1,"DemandMax":null,"Value":1240},{"Length":39,"Height":32,"Demand":1,"DemandMax":null,"Value":1248},{"Length":22,"Height":57,"Demand":1,"DemandMax":null,"Value":1254},{"Length":25,"Height":49,"Demand":2,"DemandMax":null,"Value":1225},{"Length":44,"Height":28,"Demand":2,"DemandMax":null,"Value":1232},{"Length":30,"Height":41,"Demand":2,"DemandMax":null,"Value":1230},{"Length":28,"Height":44,"Demand":2,"DemandMax":null,"Value":1232},{"Length":20,"Height":63,"Demand":1,"DemandMax":null,"Value":1260},{"Length":37,"Height":33,"Demand":1,"DemandMax":null,"Value":1221},{"Length":40,"Height":31,"Demand":1,"DemandMax":null,"Value":1240},{"Length":32,"Height":38,"Demand":1,"DemandMax":null,"Value":1216},{"Length":29,"Height":42,"Demand":2,"DemandMax":null,"Value":1218},{"Length":21,"Height":57,"Demand":2,"DemandMax":null,"Value":1197},{"Length":35,"Height":34,"Demand":6,"DemandMax":null,"Value":1190},{"Length":41,"Height":29,"Demand":1,"DemandMax":null,"Value":1189},{"Length":36,"Height":33,"Demand":3,"DemandMax":null,"Value":1188},{"Length":52,"Height":23,"Demand":2,"DemandMax":null,"Value":1196},{"Length":45,"Height":27,"Demand":3,"DemandMax":null,"Value":1215},{"Length":22,"Height":54,"Demand":2,"DemandMax":null,"Value":1188},{"Length":19,"Height":63,"Demand":1,"DemandMax":null,"Value":1197},{"Length":62,"Height":19,"Demand":1,"DemandMax":null,"Value":1178},{"Length":46,"Height":26,"Demand":3,"DemandMax":null,"Value":1196},{"Length":43,"Height":28,"Demand":2,"DemandMax":null,"Value":1204},{"Length":24,"Height":51,"Demand":1,"DemandMax":null,"Value":1224},{"Length":24,"Height":50,"Demand":1,"DemandMax":null,"Value":1200},{"Length":40,"Height":30,"Demand":3,"DemandMax":null,"Value":1200},{"Length":65,"Height":18,"Demand":3,"DemandMax":null,"Value":1170},{"Length":28,"Height":42,"Demand":2,"DemandMax":null,"Value":1176},{"Length":21,"Height":56,"Demand":1,"DemandMax":null,"Value":1176},{"Length":39,"Height":31,"Demand":1,"DemandMax":null,"Value":1209},{"Length":48,"Height":25,"Demand":1,"DemandMax":null,"Value":1200},{"Length":37,"Height":32,"Demand":1,"DemandMax":null,"Value":1184},{"Length":28,"Height":43,"Demand":1,"DemandMax":null,"Value":1204},{"Length":23,"Height":52,"Demand":1,"DemandMax":null,"Value":1196},{"Length":26,"Height":45,"Demand":1,"DemandMax":null,"Value":1170},{"Length":25,"Height":48,"Demand":1,"DemandMax":null,"Value":1200},{"Length":49,"Height":24,"Demand":1,"DemandMax":null,"Value":1176},{"Length":48,"Height":24,"Demand":1,"DemandMax":null,"Value":1152},{"Length":30,"Height":39,"Demand":2,"DemandMax":null,"Value":1170},{"Length":29,"Height":41,"Demand":1,"DemandMax":null,"Value":1189},{"Length":27,"Height":43,"Demand":2,"DemandMax":null,"Value":1161},{"Length":44,"Height":26,"Demand":2,"DemandMax":null,"Value":1144},{"Length":47,"Height":25,"Demand":3,"DemandMax":null,"Value":1175},{"Length":50,"Height":23,"Demand":2,"DemandMax":null,"Value":1150},{"Length":45,"Height":26,"Demand":1,"DemandMax":null,"Value":1170},{"Length":20,"Height":58,"Demand":1,"DemandMax":null,"Value":1160},{"Length":33,"Height":35,"Demand":2,"DemandMax":null,"Value":1155},{"Length":58,"Height":20,"Demand":1,"DemandMax":null,"Value":1160},{"Length":35,"Height":33,"Demand":1,"DemandMax":null,"Value":1155},{"Length":52,"Height":22,"Demand":1,"DemandMax":null,"Value":1144},{"Length":28,"Height":41,"Demand":4,"DemandMax":null,"Value":1148},{"Length":40,"Height":29,"Demand":1,"DemandMax":null,"Value":1160},{"Length":30,"Height":38,"Demand":1,"DemandMax":null,"Value":1140},{"Length":21,"Height":54,"Demand":1,"DemandMax":null,"Value":1134},{"Length":22,"Height":51,"Demand":1,"DemandMax":null,"Value":1122},{"Length":44,"Height":25,"Demand":4,"DemandMax":null,"Value":1100},{"Length":36,"Height":31,"Demand":2,"DemandMax":null,"Value":1116},{"Length":42,"Height":27,"Demand":1,"DemandMax":null,"Value":1134},{"Length":43,"Height":26,"Demand":2,"DemandMax":null,"Value":1118},{"Length":18,"Height":62,"Demand":1,"DemandMax":null,"Value":1116},{"Length":55,"Height":20,"Demand":3,"DemandMax":null,"Value":1100},{"Length":18,"Height":63,"Demand":1,"DemandMax":null,"Value":1134},{"Length":67,"Height":17,"Demand":2,"DemandMax":null,"Value":1139},{"Length":33,"Height":34,"Demand":1,"DemandMax":null,"Value":1122},{"Length":60,"Height":19,"Demand":2,"DemandMax":null,"Value":1140},{"Length":47,"Height":24,"Demand":1,"DemandMax":null,"Value":1128},{"Length":31,"Height":36,"Demand":2,"DemandMax":null,"Value":1116},{"Length":28,"Height":40,"Demand":2,"DemandMax":null,"Value":1120},{"Length":63,"Height":18,"Demand":1,"DemandMax":null,"Value":1134},{"Length":24,"Height":46,"Demand":1,"DemandMax":null,"Value":1104},{"Length":27,"Height":42,"Demand":1,"DemandMax":null,"Value":1134},{"Length":27,"Height":41,"Demand":1,"DemandMax":null,"Value":1107},{"Length":37,"Height":30,"Demand":2,"DemandMax":null,"Value":1110},{"Length":29,"Height":38,"Demand":2,"DemandMax":null,"Value":1102},{"Length":26,"Height":42,"Demand":2,"DemandMax":null,"Value":1092},{"Length":51,"Height":22,"Demand":1,"DemandMax":null,"Value":1122},{"Length":50,"Height":22,"Demand":1,"DemandMax":null,"Value":1100},{"Length":22,"Height":50,"Demand":1,"DemandMax":null,"Value":1100},{"Length":29,"Height":37,"Demand":3,"DemandMax":null,"Value":1073},{"Length":24,"Height":45,"Demand":3,"DemandMax":null,"Value":1080},{"Length":65,"Height":17,"Demand":2,"DemandMax":null,"Value":1105},{"Length":19,"Height":57,"Demand":1,"DemandMax":null,"Value":1083},{"Length":30,"Height":36,"Demand":2,"DemandMax":null,"Value":1080},{"Length":43,"Height":25,"Demand":2,"DemandMax":null,"Value":1075},{"Length":25,"Height":43,"Demand":2,"DemandMax":null,"Value":1075},{"Length":35,"Height":31,"Demand":1,"DemandMax":null,"Value":1085},{"Length":17,"Height":63,"Demand":1,"DemandMax":null,"Value":1071},{"Length":60,"Height":18,"Demand":2,"DemandMax":null,"Value":1080},{"Length":27,"Height":40,"Demand":1,"DemandMax":null,"Value":1080},{"Length":26,"Height":41,"Demand":1,"DemandMax":null,"Value":1066},{"Length":47,"Height":23,"Demand":2,"DemandMax":null,"Value":1081},{"Length":54,"Height":20,"Demand":1,"DemandMax":null,"Value":1080},{"Length":25,"Height":42,"Demand":2,"DemandMax":null,"Value":1050},{"Length":59,"Height":18,"Demand":1,"DemandMax":null,"Value":1062},{"Length":61,"Height":18,"Demand":1,"DemandMax":null,"Value":1098},{"Length":41,"Height":26,"Demand":2,"DemandMax":null,"Value":1066},{"Length":62,"Height":17,"Demand":3,"DemandMax":null,"Value":1054},{"Length":27,"Height":39,"Demand":2,"DemandMax":null,"Value":1053},{"Length":55,"Height":19,"Demand":1,"DemandMax":null,"Value":1045},{"Length":23,"Height":47,"Demand":1,"DemandMax":null,"Value":1081},{"Length":35,"Height":30,"Demand":3,"DemandMax":null,"Value":1050},{"Length":22,"Height":49,"Demand":1,"DemandMax":null,"Value":1078},{"Length":30,"Height":35,"Demand":1,"DemandMax":null,"Value":1050},{"Length":28,"Height":37,"Demand":1,"DemandMax":null,"Value":1036},{"Length":46,"Height":23,"Demand":1,"DemandMax":null,"Value":1058},{"Length":40,"Height":27,"Demand":1,"DemandMax":null,"Value":1080},{"Length":36,"Height":29,"Demand":3,"DemandMax":null,"Value":1044},{"Length":40,"Height":26,"Demand":1,"DemandMax":null,"Value":1040},{"Length":53,"Height":20,"Demand":3,"DemandMax":null,"Value":1060},{"Length":20,"Height":52,"Demand":1,"DemandMax":null,"Value":1040},{"Length":33,"Height":32,"Demand":1,"DemandMax":null,"Value":1056},{"Length":22,"Height":48,"Demand":1,"DemandMax":null,"Value":1056},{"Length":41,"Height":25,"Demand":1,"DemandMax":null,"Value":1025},{"Length":26,"Height":40,"Demand":1,"DemandMax":null,"Value":1040},{"Length":50,"Height":21,"Demand":1,"DemandMax":null,"Value":1050},{"Length":45,"Height":23,"Demand":1,"DemandMax":null,"Value":1035},{"Length":21,"Height":50,"Demand":1,"DemandMax":null,"Value":1050},{"Length":29,"Height":35,"Demand":2,"DemandMax":null,"Value":1015},{"Length":61,"Height":17,"Demand":2,"DemandMax":null,"Value":1037},{"Length":49,"Height":21,"Demand":1,"DemandMax":null,"Value":1029},{"Length":22,"Height":46,"Demand":2,"DemandMax":null,"Value":1012},{"Length":33,"Height":31,"Demand":2,"DemandMax":null,"Value":1023},{"Length":23,"Height":45,"Demand":2,"DemandMax":null,"Value":1035},{"Length":27,"Height":38,"Demand":1,"DemandMax":null,"Value":1026},{"Length":54,"Height":19,"Demand":1,"DemandMax":null,"Value":1026},{"Length":35,"Height":29,"Demand":1,"DemandMax":null,"Value":1015},{"Length":39,"Height":27,"Demand":1,"DemandMax":null,"Value":1053},{"Length":29,"Height":36,"Demand":1,"DemandMax":null,"Value":1044},{"Length":30,"Height":34,"Demand":1,"DemandMax":null,"Value":1020},{"Length":38,"Height":27,"Demand":1,"DemandMax":null,"Value":1026},{"Length":17,"Height":60,"Demand":1,"DemandMax":null,"Value":1020},{"Length":46,"Height":22,"Demand":1,"DemandMax":null,"Value":1012},{"Length":30,"Height":33,"Demand":1,"DemandMax":null,"Value":990},{"Length":47,"Height":21,"Demand":2,"DemandMax":null,"Value":987},{"Length":37,"Height":27,"Demand":5,"DemandMax":null,"Value":999},{"Length":28,"Height":36,"Demand":1,"DemandMax":null,"Value":1008},{"Length":20,"Height":51,"Demand":1,"DemandMax":null,"Value":1020},{"Length":21,"Height":49,"Demand":1,"DemandMax":null,"Value":1029},{"Length":21,"Height":47,"Demand":1,"DemandMax":null,"Value":987},{"Length":42,"Height":24,"Demand":1,"DemandMax":null,"Value":1008},{"Length":43,"Height":24,"Demand":1,"DemandMax":null,"Value":1032},{"Length":47,"Height":22,"Demand":1,"DemandMax":null,"Value":1034},{"Length":40,"Height":25,"Demand":3,"DemandMax":null,"Value":1000},{"Length":20,"Height":49,"Demand":2,"DemandMax":null,"Value":980},{"Length":62,"Height":16,"Demand":1,"DemandMax":null,"Value":992},{"Length":55,"Height":18,"Demand":2,"DemandMax":null,"Value":990},{"Length":18,"Height":56,"Demand":1,"DemandMax":null,"Value":1008},{"Length":26,"Height":38,"Demand":4,"DemandMax":null,"Value":988},{"Length":45,"Height":22,"Demand":4,"DemandMax":null,"Value":990},{"Length":22,"Height":45,"Demand":3,"DemandMax":null,"Value":990},{"Length":36,"Height":28,"Demand":2,"DemandMax":null,"Value":1008},{"Length":24,"Height":42,"Demand":1,"DemandMax":null,"Value":1008},{"Length":44,"Height":23,"Demand":1,"DemandMax":null,"Value":1012},{"Length":32,"Height":31,"Demand":1,"DemandMax":null,"Value":992},{"Length":52,"Height":19,"Demand":1,"DemandMax":null,"Value":988},{"Length":21,"Height":48,"Demand":1,"DemandMax":null,"Value":1008},{"Length":60,"Height":17,"Demand":1,"DemandMax":null,"Value":1020},{"Length":35,"Height":28,"Demand":5,"DemandMax":null,"Value":980},{"Length":54,"Height":18,"Demand":1,"DemandMax":null,"Value":972},{"Length":53,"Height":19,"Demand":1,"DemandMax":null,"Value":1007},{"Length":51,"Height":19,"Demand":2,"DemandMax":null,"Value":969},{"Length":17,"Height":57,"Demand":1,"DemandMax":null,"Value":969},{"Length":29,"Height":34,"Demand":1,"DemandMax":null,"Value":986},{"Length":34,"Height":29,"Demand":2,"DemandMax":null,"Value":986},{"Length":31,"Height":32,"Demand":3,"DemandMax":null,"Value":992},{"Length":59,"Height":17,"Demand":1,"DemandMax":null,"Value":1003},{"Length":42,"Height":23,"Demand":1,"DemandMax":null,"Value":966},{"Length":24,"Height":41,"Demand":3,"DemandMax":null,"Value":984},{"Length":37,"Height":26,"Demand":1,"DemandMax":null,"Value":962},{"Length":48,"Height":20,"Demand":1,"DemandMax":null,"Value":960},{"Length":29,"Height":33,"Demand":5,"DemandMax":null,"Value":957},{"Length":53,"Height":18,"Demand":1,"DemandMax":null,"Value":954},{"Length":46,"Height":21,"Demand":3,"DemandMax":null,"Value":966},{"Length":26,"Height":37,"Demand":3,"DemandMax":null,"Value":962},{"Length":40,"Height":24,"Demand":1,"DemandMax":null,"Value":960},{"Length":25,"Height":39,"Demand":1,"DemandMax":null,"Value":975},{"Length":30,"Height":32,"Demand":1,"DemandMax":null,"Value":960},{"Length":50,"Height":19,"Demand":3,"DemandMax":null,"Value":950},{"Length":28,"Height":34,"Demand":1,"DemandMax":null,"Value":952},{"Length":60,"Height":16,"Demand":1,"DemandMax":null,"Value":960},{"Length":31,"Height":31,"Demand":2,"DemandMax":null,"Value":961},{"Length":24,"Height":40,"Demand":2,"DemandMax":null,"Value":960},{"Length":27,"Height":35,"Demand":1,"DemandMax":null,"Value":945},{"Length":52,"Height":18,"Demand":2,"DemandMax":null,"Value":936},{"Length":19,"Height":50,"Demand":1,"DemandMax":null,"Value":950},{"Length":41,"Height":23,"Demand":3,"DemandMax":null,"Value":943},{"Length":61,"Height":16,"Demand":1,"DemandMax":null,"Value":976},{"Length":62,"Height":15,"Demand":1,"DemandMax":null,"Value":930},{"Length":36,"Height":26,"Demand":3,"DemandMax":null,"Value":936},{"Length":43,"Height":22,"Demand":3,"DemandMax":null,"Value":946},{"Length":20,"Height":48,"Demand":1,"DemandMax":null,"Value":960},{"Length":23,"Height":41,"Demand":6,"DemandMax":null,"Value":943},{"Length":33,"Height":29,"Demand":2,"DemandMax":null,"Value":957},{"Length":39,"Height":24,"Demand":3,"DemandMax":null,"Value":936},{"Length":56,"Height":17,"Demand":2,"DemandMax":null,"Value":952},{"Length":26,"Height":36,"Demand":5,"DemandMax":null,"Value":936},{"Length":45,"Height":21,"Demand":1,"DemandMax":null,"Value":945},{"Length":55,"Height":17,"Demand":2,"DemandMax":null,"Value":935},{"Length":18,"Height":52,"Demand":2,"DemandMax":null,"Value":936},{"Length":34,"Height":28,"Demand":1,"DemandMax":null,"Value":952},{"Length":39,"Height":25,"Demand":1,"DemandMax":null,"Value":975},{"Length":57,"Height":17,"Demand":1,"DemandMax":null,"Value":969},{"Length":51,"Height":18,"Demand":2,"DemandMax":null,"Value":918},{"Length":31,"Height":30,"Demand":1,"DemandMax":null,"Value":930},{"Length":35,"Height":27,"Demand":4,"DemandMax":null,"Value":945},{"Length":37,"Height":25,"Demand":3,"DemandMax":null,"Value":925},{"Length":38,"Height":25,"Demand":1,"DemandMax":null,"Value":950},{"Length":16,"Height":59,"Demand":1,"DemandMax":null,"Value":944},{"Length":25,"Height":37,"Demand":7,"DemandMax":null,"Value":925},{"Length":18,"Height":51,"Demand":1,"DemandMax":null,"Value":918},{"Length":40,"Height":23,"Demand":3,"DemandMax":null,"Value":920},{"Length":33,"Height":28,"Demand":4,"DemandMax":null,"Value":924},{"Length":19,"Height":49,"Demand":2,"DemandMax":null,"Value":931},{"Length":42,"Height":22,"Demand":3,"DemandMax":null,"Value":924},{"Length":47,"Height":20,"Demand":1,"DemandMax":null,"Value":940},{"Length":22,"Height":42,"Demand":1,"DemandMax":null,"Value":924},{"Length":20,"Height":47,"Demand":2,"DemandMax":null,"Value":940},{"Length":24,"Height":39,"Demand":1,"DemandMax":null,"Value":936},{"Length":16,"Height":57,"Demand":2,"DemandMax":null,"Value":912},{"Length":25,"Height":38,"Demand":1,"DemandMax":null,"Value":950},{"Length":49,"Height":19,"Demand":1,"DemandMax":null,"Value":931},{"Length":24,"Height":38,"Demand":3,"DemandMax":null,"Value":912},{"Length":21,"Height":43,"Demand":4,"DemandMax":null,"Value":903},{"Length":34,"Height":27,"Demand":1,"DemandMax":null,"Value":918},{"Length":15,"Height":60,"Demand":1,"DemandMax":null,"Value":900},{"Length":35,"Height":26,"Demand":8,"DemandMax":null,"Value":910},{"Length":22,"Height":41,"Demand":3,"DemandMax":null,"Value":902},{"Length":41,"Height":22,"Demand":7,"DemandMax":null,"Value":902},{"Length":27,"Height":34,"Demand":3,"DemandMax":null,"Value":918},{"Length":23,"Height":40,"Demand":5,"DemandMax":null,"Value":920},{"Length":29,"Height":32,"Demand":1,"DemandMax":null,"Value":928},{"Length":46,"Height":20,"Demand":2,"DemandMax":null,"Value":920},{"Length":60,"Height":15,"Demand":6,"DemandMax":null,"Value":900},{"Length":17,"Height":56,"Demand":1,"DemandMax":null,"Value":952},{"Length":28,"Height":33,"Demand":2,"DemandMax":null,"Value":924},{"Length":32,"Height":29,"Demand":2,"DemandMax":null,"Value":928},{"Length":48,"Height":19,"Demand":2,"DemandMax":null,"Value":912},{"Length":54,"Height":17,"Demand":1,"DemandMax":null,"Value":918},{"Length":38,"Height":24,"Demand":3,"DemandMax":null,"Value":912},{"Length":17,"Height":54,"Demand":3,"DemandMax":null,"Value":918},{"Length":22,"Height":43,"Demand":1,"DemandMax":null,"Value":946},{"Length":17,"Height":53,"Demand":2,"DemandMax":null,"Value":901},{"Length":30,"Height":30,"Demand":5,"DemandMax":null,"Value":900},{"Length":53,"Height":17,"Demand":2,"DemandMax":null,"Value":901},{"Length":26,"Height":35,"Demand":2,"DemandMax":null,"Value":910},{"Length":43,"Height":21,"Demand":5,"DemandMax":null,"Value":903},{"Length":36,"Height":25,"Demand":4,"DemandMax":null,"Value":900},{"Length":18,"Height":50,"Demand":1,"DemandMax":null,"Value":900},{"Length":24,"Height":37,"Demand":3,"DemandMax":null,"Value":888},{"Length":15,"Height":59,"Demand":1,"DemandMax":null,"Value":885},{"Length":16,"Height":56,"Demand":2,"DemandMax":null,"Value":896},{"Length":25,"Height":36,"Demand":2,"DemandMax":null,"Value":900},{"Length":32,"Height":28,"Demand":2,"DemandMax":null,"Value":896},{"Length":31,"Height":29,"Demand":4,"DemandMax":null,"Value":899},{"Length":28,"Height":32,"Demand":4,"DemandMax":null,"Value":896},{"Length":49,"Height":18,"Demand":3,"DemandMax":null,"Value":882},{"Length":42,"Height":21,"Demand":3,"DemandMax":null,"Value":882},{"Length":26,"Height":34,"Demand":3,"DemandMax":null,"Value":884},{"Length":16,"Height":58,"Demand":1,"DemandMax":null,"Value":928},{"Length":58,"Height":16,"Demand":1,"DemandMax":null,"Value":928},{"Length":56,"Height":16,"Demand":1,"DemandMax":null,"Value":896},{"Length":20,"Height":45,"Demand":2,"DemandMax":null,"Value":900},{"Length":44,"Height":20,"Demand":2,"DemandMax":null,"Value":880},{"Length":39,"Height":23,"Demand":2,"DemandMax":null,"Value":897},{"Length":22,"Height":40,"Demand":1,"DemandMax":null,"Value":880},{"Length":33,"Height":27,"Demand":3,"DemandMax":null,"Value":891},{"Length":17,"Height":52,"Demand":1,"DemandMax":null,"Value":884},{"Length":37,"Height":24,"Demand":1,"DemandMax":null,"Value":888},{"Length":31,"Height":28,"Demand":1,"DemandMax":null,"Value":868},{"Length":35,"Height":25,"Demand":1,"DemandMax":null,"Value":875},{"Length":29,"Height":30,"Demand":1,"DemandMax":null,"Value":870},{"Length":30,"Height":29,"Demand":2,"DemandMax":null,"Value":870},{"Length":37,"Height":23,"Demand":2,"DemandMax":null,"Value":851},{"Length":22,"Height":39,"Demand":2,"DemandMax":null,"Value":858},{"Length":55,"Height":16,"Demand":1,"DemandMax":null,"Value":880},{"Length":33,"Height":26,"Demand":1,"DemandMax":null,"Value":858},{"Length":26,"Height":33,"Demand":1,"DemandMax":null,"Value":858},{"Length":25,"Height":35,"Demand":1,"DemandMax":null,"Value":875},{"Length":56,"Height":15,"Demand":1,"DemandMax":null,"Value":840},{"Length":36,"Height":24,"Demand":1,"DemandMax":null,"Value":864},{"Length":25,"Height":34,"Demand":2,"DemandMax":null,"Value":850},{"Length":32,"Height":27,"Demand":1,"DemandMax":null,"Value":864},{"Length":43,"Height":20,"Demand":2,"DemandMax":null,"Value":860},{"Length":40,"Height":21,"Demand":1,"DemandMax":null,"Value":840},{"Length":55,"Height":15,"Demand":2,"DemandMax":null,"Value":825},{"Length":17,"Height":49,"Demand":1,"DemandMax":null,"Value":833},{"Length":39,"Height":22,"Demand":1,"DemandMax":null,"Value":858},{"Length":30,"Height":28,"Demand":1,"DemandMax":null,"Value":840},{"Length":29,"Height":29,"Demand":1,"DemandMax":null,"Value":841},{"Length":31,"Height":27,"Demand":2,"DemandMax":null,"Value":837},{"Length":39,"Height":21,"Demand":3,"DemandMax":null,"Value":819},{"Length":23,"Height":36,"Demand":2,"DemandMax":null,"Value":828},{"Length":21,"Height":39,"Demand":2,"DemandMax":null,"Value":819},{"Length":21,"Height":40,"Demand":1,"DemandMax":null,"Value":840},{"Length":42,"Height":20,"Demand":1,"DemandMax":null,"Value":840},{"Length":36,"Height":23,"Demand":1,"DemandMax":null,"Value":828},{"Length":34,"Height":24,"Demand":4,"DemandMax":null,"Value":816},{"Length":24,"Height":34,"Demand":2,"DemandMax":null,"Value":816},{"Length":35,"Height":24,"Demand":1,"DemandMax":null,"Value":840},{"Length":33,"Height":25,"Demand":1,"DemandMax":null,"Value":825},{"Length":38,"Height":22,"Demand":1,"DemandMax":null,"Value":836},{"Length":26,"Height":32,"Demand":1,"DemandMax":null,"Value":832},{"Length":41,"Height":20,"Demand":1,"DemandMax":null,"Value":820},{"Length":35,"Height":23,"Demand":2,"DemandMax":null,"Value":805},{"Length":50,"Height":16,"Demand":1,"DemandMax":null,"Value":800},{"Length":26,"Height":31,"Demand":2,"DemandMax":null,"Value":806},{"Length":30,"Height":27,"Demand":3,"DemandMax":null,"Value":810},{"Length":22,"Height":38,"Demand":1,"DemandMax":null,"Value":836},{"Length":27,"Height":30,"Demand":1,"DemandMax":null,"Value":810},{"Length":45,"Height":18,"Demand":3,"DemandMax":null,"Value":810},{"Length":47,"Height":18,"Demand":1,"DemandMax":null,"Value":846},{"Length":16,"Height":50,"Demand":2,"DemandMax":null,"Value":800},{"Length":28,"Height":29,"Demand":2,"DemandMax":null,"Value":812},{"Length":16,"Height":52,"Demand":1,"DemandMax":null,"Value":832},{"Length":46,"Height":18,"Demand":1,"DemandMax":null,"Value":828},{"Length":15,"Height":55,"Demand":1,"DemandMax":null,"Value":825},{"Length":43,"Height":19,"Demand":2,"DemandMax":null,"Value":817},{"Length":26,"Height":30,"Demand":2,"DemandMax":null,"Value":780},{"Length":40,"Height":20,"Demand":2,"DemandMax":null,"Value":800},{"Length":49,"Height":16,"Demand":2,"DemandMax":null,"Value":784},{"Length":41,"Height":19,"Demand":2,"DemandMax":null,"Value":779},{"Length":37,"Height":22,"Demand":1,"DemandMax":null,"Value":814},{"Length":21,"Height":38,"Demand":3,"DemandMax":null,"Value":798},{"Length":14,"Height":56,"Demand":1,"DemandMax":null,"Value":784},{"Length":34,"Height":23,"Demand":3,"DemandMax":null,"Value":782},{"Length":29,"Height":27,"Demand":3,"DemandMax":null,"Value":783},{"Length":24,"Height":32,"Demand":1,"DemandMax":null,"Value":768},{"Length":15,"Height":53,"Demand":1,"DemandMax":null,"Value":795},{"Length":28,"Height":28,"Demand":1,"DemandMax":null,"Value":784},{"Length":31,"Height":25,"Demand":2,"DemandMax":null,"Value":775},{"Length":36,"Height":22,"Demand":2,"DemandMax":null,"Value":792},{"Length":20,"Height":39,"Demand":1,"DemandMax":null,"Value":780},{"Length":39,"Height":20,"Demand":2,"DemandMax":null,"Value":780},{"Length":35,"Height":22,"Demand":2,"DemandMax":null,"Value":770},{"Length":33,"Height":24,"Demand":1,"DemandMax":null,"Value":792},{"Length":19,"Height":41,"Demand":1,"DemandMax":null,"Value":779},{"Length":14,"Height":54,"Demand":3,"DemandMax":null,"Value":756},{"Length":27,"Height":28,"Demand":2,"DemandMax":null,"Value":756},{"Length":45,"Height":17,"Demand":1,"DemandMax":null,"Value":765},{"Length":26,"Height":29,"Demand":1,"DemandMax":null,"Value":754},{"Length":43,"Height":18,"Demand":3,"DemandMax":null,"Value":774},{"Length":52,"Height":15,"Demand":1,"DemandMax":null,"Value":780},{"Length":32,"Height":24,"Demand":3,"DemandMax":null,"Value":768},{"Length":30,"Height":26,"Demand":1,"DemandMax":null,"Value":780},{"Length":40,"Height":19,"Demand":1,"DemandMax":null,"Value":760},{"Length":25,"Height":30,"Demand":1,"DemandMax":null,"Value":750},{"Length":37,"Height":20,"Demand":1,"DemandMax":null,"Value":740},{"Length":49,"Height":15,"Demand":1,"DemandMax":null,"Value":735},{"Length":31,"Height":24,"Demand":1,"DemandMax":null,"Value":744},{"Length":47,"Height":16,"Demand":1,"DemandMax":null,"Value":752},{"Length":19,"Height":39,"Demand":1,"DemandMax":null,"Value":741},{"Length":36,"Height":21,"Demand":1,"DemandMax":null,"Value":756},{"Length":23,"Height":32,"Demand":2,"DemandMax":null,"Value":736},{"Length":30,"Height":24,"Demand":4,"DemandMax":null,"Value":720},{"Length":15,"Height":49,"Demand":1,"DemandMax":null,"Value":735},{"Length":44,"Height":17,"Demand":1,"DemandMax":null,"Value":748},{"Length":15,"Height":50,"Demand":1,"DemandMax":null,"Value":750},{"Length":36,"Height":20,"Demand":1,"DemandMax":null,"Value":720},{"Length":21,"Height":34,"Demand":1,"DemandMax":null,"Value":714},{"Length":24,"Height":31,"Demand":1,"DemandMax":null,"Value":744},{"Length":52,"Height":14,"Demand":3,"DemandMax":null,"Value":728},{"Length":53,"Height":14,"Demand":2,"DemandMax":null,"Value":742},{"Length":32,"Height":23,"Demand":2,"DemandMax":null,"Value":736},{"Length":50,"Height":15,"Demand":1,"DemandMax":null,"Value":750},{"Length":31,"Height":23,"Demand":2,"DemandMax":null,"Value":713},{"Length":14,"Height":52,"Demand":1,"DemandMax":null,"Value":728},{"Length":23,"Height":31,"Demand":1,"DemandMax":null,"Value":713},{"Length":27,"Height":27,"Demand":1,"DemandMax":null,"Value":729},{"Length":29,"Height":25,"Demand":1,"DemandMax":null,"Value":725},{"Length":24,"Height":29,"Demand":2,"DemandMax":null,"Value":696},{"Length":42,"Height":17,"Demand":2,"DemandMax":null,"Value":714},{"Length":38,"Height":19,"Demand":1,"DemandMax":null,"Value":722},{"Length":26,"Height":28,"Demand":1,"DemandMax":null,"Value":728},{"Length":28,"Height":25,"Demand":1,"DemandMax":null,"Value":700},{"Length":50,"Height":14,"Demand":2,"DemandMax":null,"Value":700},{"Length":47,"Height":15,"Demand":1,"DemandMax":null,"Value":705},{"Length":37,"Height":19,"Demand":1,"DemandMax":null,"Value":703},{"Length":25,"Height":28,"Demand":4,"DemandMax":null,"Value":700},{"Length":39,"Height":18,"Demand":2,"DemandMax":null,"Value":702},{"Length":53,"Height":13,"Demand":3,"DemandMax":null,"Value":689},{"Length":33,"Height":21,"Demand":3,"DemandMax":null,"Value":693},{"Length":26,"Height":27,"Demand":2,"DemandMax":null,"Value":702},{"Length":23,"Height":30,"Demand":2,"DemandMax":null,"Value":690},{"Length":14,"Height":49,"Demand":2,"DemandMax":null,"Value":686},{"Length":19,"Height":37,"Demand":2,"DemandMax":null,"Value":703},{"Length":16,"Height":45,"Demand":1,"DemandMax":null,"Value":720},{"Length":27,"Height":25,"Demand":3,"DemandMax":null,"Value":675},{"Length":32,"Height":22,"Demand":2,"DemandMax":null,"Value":704},{"Length":49,"Height":14,"Demand":1,"DemandMax":null,"Value":686},{"Length":17,"Height":41,"Demand":1,"DemandMax":null,"Value":697},{"Length":42,"Height":16,"Demand":1,"DemandMax":null,"Value":672},{"Length":38,"Height":18,"Demand":3,"DemandMax":null,"Value":684},{"Length":13,"Height":52,"Demand":1,"DemandMax":null,"Value":676},{"Length":26,"Height":26,"Demand":5,"DemandMax":null,"Value":676},{"Length":29,"Height":23,"Demand":1,"DemandMax":null,"Value":667},{"Length":25,"Height":27,"Demand":3,"DemandMax":null,"Value":675},{"Length":31,"Height":22,"Demand":1,"DemandMax":null,"Value":682},{"Length":52,"Height":13,"Demand":2,"DemandMax":null,"Value":676},{"Length":28,"Height":24,"Demand":3,"DemandMax":null,"Value":672},{"Length":29,"Height":24,"Demand":2,"DemandMax":null,"Value":696},{"Length":21,"Height":32,"Demand":2,"DemandMax":null,"Value":672},{"Length":35,"Height":20,"Demand":1,"DemandMax":null,"Value":700},{"Length":44,"Height":16,"Demand":1,"DemandMax":null,"Value":704},{"Length":15,"Height":45,"Demand":1,"DemandMax":null,"Value":675},{"Length":24,"Height":28,"Demand":1,"DemandMax":null,"Value":672},{"Length":36,"Height":19,"Demand":1,"DemandMax":null,"Value":684},{"Length":18,"Height":39,"Demand":1,"DemandMax":null,"Value":702},{"Length":18,"Height":37,"Demand":3,"DemandMax":null,"Value":666},{"Length":39,"Height":17,"Demand":4,"DemandMax":null,"Value":663},{"Length":40,"Height":17,"Demand":2,"DemandMax":null,"Value":680},{"Length":41,"Height":16,"Demand":2,"DemandMax":null,"Value":656},{"Length":22,"Height":31,"Demand":1,"DemandMax":null,"Value":682},{"Length":50,"Height":13,"Demand":1,"DemandMax":null,"Value":650},{"Length":16,"Height":41,"Demand":1,"DemandMax":null,"Value":656},{"Length":19,"Height":36,"Demand":2,"DemandMax":null,"Value":684},{"Length":19,"Height":35,"Demand":3,"DemandMax":null,"Value":665},{"Length":32,"Height":21,"Demand":1,"DemandMax":null,"Value":672},{"Length":30,"Height":22,"Demand":2,"DemandMax":null,"Value":660},{"Length":38,"Height":17,"Demand":3,"DemandMax":null,"Value":646},{"Length":23,"Height":29,"Demand":1,"DemandMax":null,"Value":667},{"Length":47,"Height":14,"Demand":1,"DemandMax":null,"Value":658},{"Length":13,"Height":50,"Demand":3,"DemandMax":null,"Value":650},{"Length":36,"Height":18,"Demand":1,"DemandMax":null,"Value":648},{"Length":37,"Height":18,"Demand":1,"DemandMax":null,"Value":666},{"Length":26,"Height":25,"Demand":1,"DemandMax":null,"Value":650},{"Length":35,"Height":19,"Demand":1,"DemandMax":null,"Value":665},{"Length":33,"Height":20,"Demand":1,"DemandMax":null,"Value":660},{"Length":27,"Height":24,"Demand":3,"DemandMax":null,"Value":648},{"Length":13,"Height":49,"Demand":2,"DemandMax":null,"Value":637},{"Length":21,"Height":31,"Demand":1,"DemandMax":null,"Value":651},{"Length":25,"Height":26,"Demand":1,"DemandMax":null,"Value":650},{"Length":31,"Height":21,"Demand":1,"DemandMax":null,"Value":651},{"Length":23,"Height":28,"Demand":3,"DemandMax":null,"Value":644},{"Length":16,"Height":40,"Demand":3,"DemandMax":null,"Value":640},{"Length":48,"Height":13,"Demand":2,"DemandMax":null,"Value":624},{"Length":24,"Height":27,"Demand":5,"DemandMax":null,"Value":648},{"Length":26,"Height":24,"Demand":1,"DemandMax":null,"Value":624},{"Length":33,"Height":19,"Demand":2,"DemandMax":null,"Value":627},{"Length":34,"Height":19,"Demand":1,"DemandMax":null,"Value":646},{"Length":44,"Height":15,"Demand":1,"DemandMax":null,"Value":660},{"Length":18,"Height":35,"Demand":2,"DemandMax":null,"Value":630},{"Length":32,"Height":20,"Demand":1,"DemandMax":null,"Value":640},{"Length":25,"Height":25,"Demand":3,"DemandMax":null,"Value":625},{"Length":46,"Height":14,"Demand":2,"DemandMax":null,"Value":644},{"Length":14,"Height":45,"Demand":2,"DemandMax":null,"Value":630},{"Length":44,"Height":14,"Demand":3,"DemandMax":null,"Value":616},{"Length":30,"Height":21,"Demand":2,"DemandMax":null,"Value":630},{"Length":49,"Height":13,"Demand":1,"DemandMax":null,"Value":637},{"Length":24,"Height":26,"Demand":3,"DemandMax":null,"Value":624},{"Length":17,"Height":37,"Demand":2,"DemandMax":null,"Value":629},{"Length":13,"Height":48,"Demand":1,"DemandMax":null,"Value":624},{"Length":39,"Height":16,"Demand":1,"DemandMax":null,"Value":624},{"Length":22,"Height":29,"Demand":1,"DemandMax":null,"Value":638},{"Length":19,"Height":33,"Demand":3,"DemandMax":null,"Value":627},{"Length":21,"Height":30,"Demand":1,"DemandMax":null,"Value":630},{"Length":31,"Height":20,"Demand":2,"DemandMax":null,"Value":620},{"Length":23,"Height":27,"Demand":3,"DemandMax":null,"Value":621},{"Length":29,"Height":22,"Demand":1,"DemandMax":null,"Value":638},{"Length":18,"Height":36,"Demand":1,"DemandMax":null,"Value":648},{"Length":27,"Height":23,"Demand":2,"DemandMax":null,"Value":621},{"Length":37,"Height":17,"Demand":2,"DemandMax":null,"Value":629},{"Length":45,"Height":14,"Demand":3,"DemandMax":null,"Value":630},{"Length":40,"Height":16,"Demand":2,"DemandMax":null,"Value":640},{"Length":40,"Height":15,"Demand":1,"DemandMax":null,"Value":600},{"Length":47,"Height":13,"Demand":1,"DemandMax":null,"Value":611},{"Length":35,"Height":18,"Demand":2,"DemandMax":null,"Value":630},{"Length":32,"Height":19,"Demand":2,"DemandMax":null,"Value":608},{"Length":21,"Height":29,"Demand":1,"DemandMax":null,"Value":609},{"Length":42,"Height":15,"Demand":1,"DemandMax":null,"Value":630},{"Length":19,"Height":32,"Demand":2,"DemandMax":null,"Value":608},{"Length":21,"Height":27,"Demand":1,"DemandMax":null,"Value":567},{"Length":33,"Height":17,"Demand":1,"DemandMax":null,"Value":561},{"Length":20,"Height":27,"Demand":2,"DemandMax":null,"Value":540},{"Length":32,"Height":17,"Demand":1,"DemandMax":null,"Value":544},{"Length":14,"Height":37,"Demand":1,"DemandMax":null,"Value":518}]}