{"Name":"path11t","Objects":[{"Length":1000,"Height":999,"Stock":null,"Cost":999000}],"Items":[{"Length":220,"Height":123,"Demand":1,"DemandMax":null,"Value":27060},{"Length":125,"Height":202,"Demand":1,"DemandMax":null,"Value":25250},{"Length":144,"Height":158,"Demand":1,"DemandMax":null,"Value":22752},{"Length":202,"Height":87,"Demand":1,"DemandMax":null,"Value":17574},{"Length":65,"Height":202,"Demand":1,"DemandMax":null,"Value":13130},{"Length":212,"Height":47,"Demand":1,"DemandMax":null,"Value":9964},{"Length":422,"Height":22,"Demand":1,"DemandMax":null,"Value":9284},{"Length":149,"Height":56,"Demand":1,"DemandMax":null,"Value":8344},{"Length":46,"Height":182,"Demand":1,"DemandMax":null,"Value":8372},{"Length":158,"Height":52,"Demand":1,"DemandMax":null,"Value":8216},{"Length":231,"Height":36,"Demand":1,"DemandMax":null,"Value":8316},{"Length":46,"Height":169,"Demand":1,"DemandMax":null,"Value":7774},{"Length":28,"Height":273,"Demand":1,"DemandMax":null,"Value":7644},{"Length":202,"Height":36,"Demand":1,"DemandMax":null,"Value":7272},{"Length":52,"Height":136,"Demand":1,"DemandMax":null,"Value":7072},{"Length":154,"Height":44,"Demand":1,"DemandMax":null,"Value":6776},{"Length":33,"Height":197,"Demand":1,"DemandMax":null,"Value":6501},{"Length":193,"Height":33,"Demand":1,"DemandMax":null,"Value":6369},{"Length":106,"Height":60,"Demand":1,"DemandMax":null,"Value":6360},{"Length":257,"Height":23,"Demand":1,"DemandMax":null,"Value":5911},{"Length":52,"Height":107,"Demand":1,"DemandMax":null,"Value":5564},{"Length":140,"Height":36,"Demand":1,"DemandMax":null,"Value":5040},{"Length":96,"Height":47,"Demand":1,"DemandMax":null,"Value":4512},{"Length":21,"Height":222,"Demand":1,"DemandMax":null,"Value":4662},{"Length":34,"Height":131,"Demand":1,"DemandMax":null,"Value":4454},{"Length":96,"Height":44,"Demand":1,"DemandMax":null,"Value":4224},{"Length":78,"Height":53,"Demand":1,"DemandMax":null,"Value":4134},{"Length":386,"Height":11,"Demand":1,"DemandMax":null,"Value":4246},{"Length":212,"Height":19,"Demand":1,"DemandMax":null,"Value":4028},{"Length":126,"Height":31,"Demand":1,"DemandMax":null,"Value":3906},{"Length":40,"Height":98,"Demand":1,"DemandMax":null,"Value":3920},{"Length":188,"Height":21,"Demand":1,"DemandMax":null,"Value":3948},{"Length":165,"Height":23,"Demand":1,"DemandMax":null,"Value":3795},{"Length":56,"Height":66,"Demand":1,"DemandMax":null,"Value":3696},{"Length":41,"Height":84,"Demand":1,"DemandMax":null,"Value":3444},{"Length":310,"Height":11,"Demand":1,"DemandMax":null,"Value":3410},{"Length":34,"Height":100,"Demand":1,"DemandMax":null,"Value":3400},{"Length":72,"Height":47,"Demand":1,"DemandMax":null,"Value":3384},{"Length":21,"Height":157,"Demand":1,"DemandMax":null,"Value":3297},{"Length":71,"Height":46,"Demand":1,"DemandMax":null,"Value":3266},{"Length":45,"Height":71,"Demand":1,"DemandMax":null,"Value":3195},{"Length":23,"Height":134,"Demand":1,"DemandMax":null,"Value":3082},{"Length":65,"Height":47,"Demand":1,"DemandMax":null,"Value":3055},{"Length":14,"Height":205,"Demand":1,"DemandMax":null,"Value":2870},{"Length":67,"Height":43,"Demand":1,"DemandMax":null,"Value":2881},{"Length":44,"Height":66,"Demand":1,"DemandMax":null,"Value":2904},{"Length":34,"Height":84,"Demand":1,"DemandMax":null,"Value":2856},{"Length":158,"Height":17,"Demand":1,"DemandMax":null,"Value":2686},{"Length":55,"Height":49,"Demand":1,"DemandMax":null,"Value":2695},{"Length":239,"Height":11,"Demand":1,"DemandMax":null,"Value":2629},{"Length":11,"Height":222,"Demand":1,"DemandMax":null,"Value":2442},{"Length":11,"Height":220,"Demand":1,"DemandMax":null,"Value":2420},{"Length":39,"Height":62,"Demand":1,"DemandMax":null,"Value":2418},{"Length":422,"Height":6,"Demand":1,"DemandMax":null,"Value":2532},{"Length":20,"Height":123,"Demand":1,"DemandMax":null,"Value":2460},{"Length":186,"Height":13,"Demand":1,"DemandMax":null,"Value":2418},{"Length":17,"Height":136,"Demand":1,"DemandMax":null,"Value":2312},{"Length":62,"Height":38,"Demand":1,"DemandMax":null,"Value":2356},{"Length":168,"Height":14,"Demand":1,"DemandMax":null,"Value":2352},{"Length":22,"Height":102,"Demand":1,"DemandMax":null,"Value":2244},{"Length":43,"Height":51,"Demand":1,"DemandMax":null,"Value":2193},{"Length":18,"Height":119,"Demand":1,"DemandMax":null,"Value":2142},{"Length":189,"Height":11,"Demand":1,"DemandMax":null,"Value":2079},{"Length":15,"Height":135,"Demand":1,"DemandMax":null,"Value":2025},{"Length":329,"Height":6,"Demand":1,"DemandMax":null,"Value":1974},{"Length":78,"Height":26,"Demand":1,"DemandMax":null,"Value":2028},{"Length":44,"Height":47,"Demand":1,"DemandMax":null,"Value":2068},{"Length":17,"Height":119,"Demand":1,"DemandMax":null,"Value":2023},{"Length":422,"Height":5,"Demand":1,"DemandMax":null,"Value":2110},{"Length":6,"Height":345,"Demand":1,"DemandMax":null,"Value":2070},{"Length":106,"Height":18,"Demand":1,"DemandMax":null,"Value":1908},{"Length":15,"Height":125,"Demand":1,"DemandMax":null,"Value":1875},{"Length":42,"Height":44,"Demand":1,"DemandMax":null,"Value":1848},{"Length":268,"Height":7,"Demand":1,"DemandMax":null,"Value":1876},{"Length":20,"Height":91,"Demand":1,"DemandMax":null,"Value":1820},{"Length":42,"Height":42,"Demand":1,"DemandMax":null,"Value":1764},{"Length":301,"Height":6,"Demand":1,"DemandMax":null,"Value":1806},{"Length":331,"Height":5,"Demand":1,"DemandMax":null,"Value":1655},{"Length":21,"Height":83,"Demand":1,"DemandMax":null,"Value":1743},{"Length":108,"Height":16,"Demand":1,"DemandMax":null,"Value":1728},{"Length":49,"Height":36,"Demand":1,"DemandMax":null,"Value":1764},{"Length":33,"Height":53,"Demand":1,"DemandMax":null,"Value":1749},{"Length":48,"Height":36,"Demand":1,"DemandMax":null,"Value":1728},{"Length":15,"Height":113,"Demand":1,"DemandMax":null,"Value":1695},{"Length":36,"Height":47,"Demand":1,"DemandMax":null,"Value":1692},{"Length":77,"Height":22,"Demand":1,"DemandMax":null,"Value":1694},{"Length":46,"Height":37,"Demand":1,"DemandMax":null,"Value":1702},{"Length":71,"Height":24,"Demand":1,"DemandMax":null,"Value":1704},{"Length":254,"Height":6,"Demand":2,"DemandMax":null,"Value":1524},{"Length":32,"Height":52,"Demand":1,"DemandMax":null,"Value":1664},{"Length":186,"Height":9,"Demand":1,"DemandMax":null,"Value":1674},{"Length":11,"Height":140,"Demand":1,"DemandMax":null,"Value":1540},{"Length":126,"Height":13,"Demand":1,"DemandMax":null,"Value":1638},{"Length":20,"Height":78,"Demand":1,"DemandMax":null,"Value":1560},{"Length":22,"Height":72,"Demand":1,"DemandMax":null,"Value":1584},{"Length":231,"Height":7,"Demand":1,"DemandMax":null,"Value":1617},{"Length":44,"Height":36,"Demand":1,"DemandMax":null,"Value":1584},{"Length":7,"Height":222,"Demand":1,"DemandMax":null,"Value":1554},{"Length":29,"Height":52,"Demand":1,"DemandMax":null,"Value":1508},{"Length":106,"Height":14,"Demand":1,"DemandMax":null,"Value":1484},{"Length":287,"Height":5,"Demand":1,"DemandMax":null,"Value":1435},{"Length":14,"Height":106,"Demand":1,"DemandMax":null,"Value":1484},{"Length":7,"Height":226,"Demand":1,"DemandMax":null,"Value":1582},{"Length":157,"Height":10,"Demand":1,"DemandMax":null,"Value":1570},{"Length":15,"Height":98,"Demand":1,"DemandMax":null,"Value":1470},{"Length":25,"Height":60,"Demand":1,"DemandMax":null,"Value":1500},{"Length":55,"Height":27,"Demand":1,"DemandMax":null,"Value":1485},{"Length":165,"Height":9,"Demand":1,"DemandMax":null,"Value":1485},{"Length":7,"Height":205,"Demand":1,"DemandMax":null,"Value":1435},{"Length":96,"Height":15,"Demand":2,"DemandMax":null,"Value":1440},{"Length":44,"Height":32,"Demand":1,"DemandMax":null,"Value":1408},{"Length":11,"Height":129,"Demand":1,"DemandMax":null,"Value":1419},{"Length":22,"Height":63,"Demand":1,"DemandMax":null,"Value":1386},{"Length":178,"Height":8,"Demand":1,"DemandMax":null,"Value":1424},{"Length":234,"Height":6,"Demand":1,"DemandMax":null,"Value":1404},{"Length":14,"Height":95,"Demand":2,"DemandMax":null,"Value":1330},{"Length":115,"Height":12,"Demand":1,"DemandMax":null,"Value":1380},{"Length":120,"Height":11,"Demand":1,"DemandMax":null,"Value":1320},{"Length":6,"Height":208,"Demand":1,"DemandMax":null,"Value":1248},{"Length":17,"Height":77,"Demand":1,"DemandMax":null,"Value":1309},{"Length":331,"Height":4,"Demand":1,"DemandMax":null,"Value":1324},{"Length":14,"Height":97,"Demand":1,"DemandMax":null,"Value":1358},{"Length":5,"Height":254,"Demand":1,"DemandMax":null,"Value":1270},{"Length":307,"Height":4,"Demand":1,"DemandMax":null,"Value":1228},{"Length":13,"Height":97,"Demand":1,"DemandMax":null,"Value":1261},{"Length":12,"Height":110,"Demand":1,"DemandMax":null,"Value":1320},{"Length":13,"Height":99,"Demand":1,"DemandMax":null,"Value":1287},{"Length":162,"Height":8,"Demand":1,"DemandMax":null,"Value":1296},{"Length":14,"Height":90,"Demand":1,"DemandMax":null,"Value":1260},{"Length":5,"Height":250,"Demand":1,"DemandMax":null,"Value":1250},{"Length":196,"Height":7,"Demand":1,"DemandMax":null,"Value":1372},{"Length":168,"Height":8,"Demand":1,"DemandMax":null,"Value":1344},{"Length":20,"Height":63,"Demand":2,"DemandMax":null,"Value":1260},{"Length":5,"Height":249,"Demand":1,"DemandMax":null,"Value":1245},{"Length":14,"Height":89,"Demand":1,"DemandMax":null,"Value":1246},{"Length":9,"Height":134,"Demand":1,"DemandMax":null,"Value":1206},{"Length":7,"Height":178,"Demand":1,"DemandMax":null,"Value":1246},{"Length":88,"Height":14,"Demand":1,"DemandMax":null,"Value":1232},{"Length":33,"Height":36,"Demand":1,"DemandMax":null,"Value":1188},{"Length":168,"Height":7,"Demand":1,"DemandMax":null,"Value":1176},{"Length":74,"Height":16,"Demand":1,"DemandMax":null,"Value":1184},{"Length":71,"Height":17,"Demand":1,"DemandMax":null,"Value":1207},{"Length":128,"Height":9,"Demand":1,"DemandMax":null,"Value":1152},{"Length":11,"Height":106,"Demand":1,"DemandMax":null,"Value":1166},{"Length":178,"Height":7,"Demand":1,"DemandMax":null,"Value":1246},{"Length":243,"Height":5,"Demand":1,"DemandMax":null,"Value":1215},{"Length":78,"Height":15,"Demand":1,"DemandMax":null,"Value":1170},{"Length":231,"Height":5,"Demand":1,"DemandMax":null,"Value":1155},{"Length":55,"Height":21,"Demand":1,"DemandMax":null,"Value":1155},{"Length":29,"Height":40,"Demand":1,"DemandMax":null,"Value":1160},{"Length":18,"Height":64,"Demand":1,"DemandMax":null,"Value":1152},{"Length":222,"Height":5,"Demand":2,"DemandMax":null,"Value":1110},{"Length":81,"Height":14,"Demand":1,"DemandMax":null,"Value":1134},{"Length":178,"Height":6,"Demand":1,"DemandMax":null,"Value":1068},{"Length":104,"Height":11,"Demand":1,"DemandMax":null,"Value":1144},{"Length":9,"Height":119,"Demand":1,"DemandMax":null,"Value":1071},{"Length":317,"Height":4,"Demand":1,"DemandMax":null,"Value":1268},{"Length":34,"Height":33,"Demand":1,"DemandMax":null,"Value":1122},{"Length":21,"Height":53,"Demand":1,"DemandMax":null,"Value":1113},{"Length":52,"Height":21,"Demand":1,"DemandMax":null,"Value":1092},{"Length":12,"Height":90,"Demand":1,"DemandMax":null,"Value":1080},{"Length":78,"Height":14,"Demand":1,"DemandMax":null,"Value":1092},{"Length":21,"Height":52,"Demand":2,"DemandMax":null,"Value":1092},{"Length":96,"Height":11,"Demand":2,"DemandMax":null,"Value":1056},{"Length":15,"Height":71,"Demand":1,"DemandMax":null,"Value":1065},{"Length":21,"Height":51,"Demand":1,"DemandMax":null,"Value":1071},{"Length":297,"Height":4,"Demand":1,"DemandMax":null,"Value":1188},{"Length":32,"Height":34,"Demand":1,"DemandMax":null,"Value":1088},{"Length":26,"Height":41,"Demand":1,"DemandMax":null,"Value":1066},{"Length":55,"Height":20,"Demand":1,"DemandMax":null,"Value":1100},{"Length":239,"Height":4,"Demand":1,"DemandMax":null,"Value":956},{"Length":170,"Height":6,"Demand":1,"DemandMax":null,"Value":1020},{"Length":158,"Height":7,"Demand":1,"DemandMax":null,"Value":1106},{"Length":31,"Height":33,"Demand":2,"DemandMax":null,"Value":1023},{"Length":200,"Height":5,"Demand":1,"DemandMax":null,"Value":1000},{"Length":163,"Height":6,"Demand":1,"DemandMax":null,"Value":978},{"Length":7,"Height":141,"Demand":1,"DemandMax":null,"Value":987},{"Length":39,"Height":26,"Demand":1,"DemandMax":null,"Value":1014},{"Length":60,"Height":17,"Demand":1,"DemandMax":null,"Value":1020},{"Length":42,"Height":24,"Demand":1,"DemandMax":null,"Value":1008},{"Length":144,"Height":7,"Demand":1,"DemandMax":null,"Value":1008},{"Length":15,"Height":67,"Demand":1,"DemandMax":null,"Value":1005},{"Length":110,"Height":9,"Demand":1,"DemandMax":null,"Value":990},{"Length":40,"Height":25,"Demand":1,"DemandMax":null,"Value":1000},{"Length":13,"Height":76,"Demand":1,"DemandMax":null,"Value":988},{"Length":43,"Height":23,"Demand":1,"DemandMax":null,"Value":989},{"Length":15,"Height":66,"Demand":1,"DemandMax":null,"Value":990},{"Length":67,"Height":15,"Demand":1,"DemandMax":null,"Value":1005},{"Length":34,"Height":29,"Demand":1,"DemandMax":null,"Value":986},{"Length":66,"Height":15,"Demand":1,"DemandMax":null,"Value":990},{"Length":32,"Height":31,"Demand":1,"DemandMax":null,"Value":992},{"Length":27,"Height":37,"Demand":1,"DemandMax":null,"Value":999},{"Length":11,"Height":91,"Demand":1,"DemandMax":null,"Value":1001},{"Length":19,"Height":51,"Demand":1,"DemandMax":null,"Value":969},{"Length":78,"Height":12,"Demand":2,"DemandMax":null,"Value":936},{"Length":169,"Height":6,"Demand":1,"DemandMax":null,"Value":1014},{"Length":33,"Height":29,"Demand":2,"DemandMax":null,"Value":957},{"Length":12,"Height":79,"Demand":1,"DemandMax":null,"Value":948},{"Length":22,"Height":44,"Demand":1,"DemandMax":null,"Value":968},{"Length":5,"Height":179,"Demand":1,"DemandMax":null,"Value":895},{"Length":48,"Height":20,"Demand":1,"DemandMax":null,"Value":960},{"Length":9,"Height":102,"Demand":1,"DemandMax":null,"Value":918},{"Length":35,"Height":26,"Demand":1,"DemandMax":null,"Value":910},{"Length":38,"Height":24,"Demand":1,"DemandMax":null,"Value":912},{"Length":5,"Height":178,"Demand":1,"DemandMax":null,"Value":890},{"Length":38,"Height":25,"Demand":1,"DemandMax":null,"Value":950},{"Length":96,"Height":10,"Demand":1,"DemandMax":null,"Value":960},{"Length":8,"Height":123,"Demand":1,"DemandMax":null,"Value":984},{"Length":188,"Height":5,"Demand":1,"DemandMax":null,"Value":940},{"Length":66,"Height":14,"Demand":1,"DemandMax":null,"Value":924},{"Length":41,"Height":22,"Demand":1,"DemandMax":null,"Value":902},{"Length":132,"Height":7,"Demand":1,"DemandMax":null,"Value":924},{"Length":144,"Height":6,"Demand":1,"DemandMax":null,"Value":864},{"Length":27,"Height":33,"Demand":1,"DemandMax":null,"Value":891},{"Length":28,"Height":32,"Demand":1,"DemandMax":null,"Value":896},{"Length":46,"Height":20,"Demand":1,"DemandMax":null,"Value":920},{"Length":15,"Height":60,"Demand":1,"DemandMax":null,"Value":900},{"Length":43,"Height":21,"Demand":1,"DemandMax":null,"Value":903},{"Length":9,"Height":97,"Demand":1,"DemandMax":null,"Value":873},{"Length":36,"Height":24,"Demand":1,"DemandMax":null,"Value":864},{"Length":8,"Height":106,"Demand":1,"DemandMax":null,"Value":848},{"Length":6,"Height":149,"Demand":2,"DemandMax":null,"Value":894},{"Length":71,"Height":12,"Demand":1,"DemandMax":null,"Value":852},{"Length":40,"Height":22,"Demand":1,"DemandMax":null,"Value":880},{"Length":9,"Height":101,"Demand":1,"DemandMax":null,"Value":909},{"Length":158,"Height":6,"Demand":1,"DemandMax":null,"Value":948},{"Length":9,"Height":99,"Demand":2,"DemandMax":null,"Value":891},{"Length":125,"Height":7,"Demand":1,"DemandMax":null,"Value":875},{"Length":17,"Height":51,"Demand":1,"DemandMax":null,"Value":867},{"Length":108,"Height":8,"Demand":2,"DemandMax":null,"Value":864},{"Length":57,"Height":15,"Demand":1,"DemandMax":null,"Value":855},{"Length":13,"Height":65,"Demand":2,"DemandMax":null,"Value":845},{"Length":209,"Height":4,"Demand":1,"DemandMax":null,"Value":836},{"Length":23,"Height":38,"Demand":1,"DemandMax":null,"Value":874},{"Length":44,"Height":20,"Demand":1,"DemandMax":null,"Value":880},{"Length":5,"Height":159,"Demand":1,"DemandMax":null,"Value":795},{"Length":96,"Height":9,"Demand":1,"DemandMax":null,"Value":864},{"Length":27,"Height":31,"Demand":1,"DemandMax":null,"Value":837},{"Length":85,"Height":10,"Demand":1,"DemandMax":null,"Value":850},{"Length":178,"Height":5,"Demand":1,"DemandMax":null,"Value":890},{"Length":61,"Height":14,"Demand":1,"DemandMax":null,"Value":854},{"Length":10,"Height":88,"Demand":1,"DemandMax":null,"Value":880},{"Length":16,"Height":52,"Demand":1,"DemandMax":null,"Value":832},{"Length":184,"Height":5,"Demand":1,"DemandMax":null,"Value":920},{"Length":177,"Height":5,"Demand":1,"DemandMax":null,"Value":885},{"Length":10,"Height":87,"Demand":1,"DemandMax":null,"Value":870},{"Length":102,"Height":8,"Demand":1,"DemandMax":null,"Value":816},{"Length":50,"Height":17,"Demand":1,"DemandMax":null,"Value":850},{"Length":142,"Height":6,"Demand":2,"DemandMax":null,"Value":852},{"Length":6,"Height":141,"Demand":1,"DemandMax":null,"Value":846},{"Length":9,"Height":88,"Demand":1,"DemandMax":null,"Value":792},{"Length":35,"Height":24,"Demand":1,"DemandMax":null,"Value":840},{"Length":3,"Height":248,"Demand":2,"DemandMax":null,"Value":744},{"Length":74,"Height":11,"Demand":1,"DemandMax":null,"Value":814},{"Length":97,"Height":9,"Demand":1,"DemandMax":null,"Value":873},{"Length":127,"Height":6,"Demand":1,"DemandMax":null,"Value":762},{"Length":192,"Height":4,"Demand":1,"DemandMax":null,"Value":768},{"Length":26,"Height":31,"Demand":1,"DemandMax":null,"Value":806},{"Length":103,"Height":8,"Demand":1,"DemandMax":null,"Value":824},{"Length":189,"Height":4,"Demand":2,"DemandMax":null,"Value":756},{"Length":40,"Height":20,"Demand":1,"DemandMax":null,"Value":800},{"Length":3,"Height":284,"Demand":1,"DemandMax":null,"Value":852},{"Length":23,"Height":36,"Demand":1,"DemandMax":null,"Value":828},{"Length":13,"Height":64,"Demand":1,"DemandMax":null,"Value":832},{"Length":6,"Height":134,"Demand":1,"DemandMax":null,"Value":804},{"Length":47,"Height":17,"Demand":1,"DemandMax":null,"Value":799},{"Length":64,"Height":13,"Demand":1,"DemandMax":null,"Value":832},{"Length":8,"Height":97,"Demand":1,"DemandMax":null,"Value":776},{"Length":170,"Height":5,"Demand":1,"DemandMax":null,"Value":850},{"Length":11,"Height":70,"Demand":2,"DemandMax":null,"Value":770},{"Length":17,"Height":47,"Demand":1,"DemandMax":null,"Value":799},{"Length":9,"Height":94,"Demand":1,"DemandMax":null,"Value":846},{"Length":29,"Height":27,"Demand":1,"DemandMax":null,"Value":783},{"Length":114,"Height":7,"Demand":1,"DemandMax":null,"Value":798},{"Length":25,"Height":31,"Demand":1,"DemandMax":null,"Value":775},{"Length":76,"Height":11,"Demand":1,"DemandMax":null,"Value":836},{"Length":23,"Height":34,"Demand":1,"DemandMax":null,"Value":782},{"Length":178,"Height":4,"Demand":2,"DemandMax":null,"Value":712},{"Length":12,"Height":68,"Demand":1,"DemandMax":null,"Value":816},{"Length":54,"Height":15,"Demand":1,"DemandMax":null,"Value":810},{"Length":92,"Height":9,"Demand":1,"DemandMax":null,"Value":828},{"Length":18,"Height":43,"Demand":1,"DemandMax":null,"Value":774},{"Length":216,"Height":4,"Demand":1,"DemandMax":null,"Value":864},{"Length":28,"Height":28,"Demand":1,"DemandMax":null,"Value":784},{"Length":7,"Height":119,"Demand":2,"DemandMax":null,"Value":833},{"Length":22,"Height":35,"Demand":1,"DemandMax":null,"Value":770},{"Length":27,"Height":28,"Demand":1,"DemandMax":null,"Value":756},{"Length":7,"Height":117,"Demand":3,"DemandMax":null,"Value":819},{"Length":33,"Height":23,"Demand":1,"DemandMax":null,"Value":759},{"Length":90,"Height":9,"Demand":1,"DemandMax":null,"Value":810},{"Length":18,"Height":44,"Demand":1,"DemandMax":null,"Value":792},{"Length":31,"Height":25,"Demand":1,"DemandMax":null,"Value":775},{"Length":6,"Height":119,"Demand":1,"DemandMax":null,"Value":714},{"Length":231,"Height":3,"Demand":2,"DemandMax":null,"Value":693},{"Length":184,"Height":4,"Demand":2,"DemandMax":null,"Value":736},{"Length":56,"Height":14,"Demand":2,"DemandMax":null,"Value":784},{"Length":40,"Height":19,"Demand":1,"DemandMax":null,"Value":760},{"Length":37,"Height":20,"Demand":2,"DemandMax":null,"Value":740},{"Length":5,"Height":140,"Demand":1,"DemandMax":null,"Value":700},{"Length":90,"Height":8,"Demand":1,"DemandMax":null,"Value":720},{"Length":118,"Height":6,"Demand":1,"DemandMax":null,"Value":708},{"Length":36,"Height":21,"Demand":1,"DemandMax":null,"Value":756},{"Length":13,"Height":60,"Demand":1,"DemandMax":null,"Value":780},{"Length":30,"Height":26,"Demand":1,"DemandMax":null,"Value":780},{"Length":169,"Height":5,"Demand":1,"DemandMax":null,"Value":845},{"Length":12,"Height":63,"Demand":1,"DemandMax":null,"Value":756},{"Length":34,"Height":22,"Demand":1,"DemandMax":null,"Value":748},{"Length":6,"Height":117,"Demand":1,"DemandMax":null,"Value":702},{"Length":29,"Height":26,"Demand":2,"DemandMax":null,"Value":754},{"Length":24,"Height":31,"Demand":1,"DemandMax":null,"Value":744},{"Length":122,"Height":6,"Demand":1,"DemandMax":null,"Value":732},{"Length":108,"Height":7,"Demand":1,"DemandMax":null,"Value":756},{"Length":19,"Height":40,"Demand":1,"DemandMax":null,"Value":760},{"Length":61,"Height":12,"Demand":2,"DemandMax":null,"Value":732},{"Length":89,"Height":9,"Demand":1,"DemandMax":null,"Value":801},{"Length":23,"Height":32,"Demand":2,"DemandMax":null,"Value":736},{"Length":32,"Height":24,"Demand":1,"DemandMax":null,"Value":768},{"Length":82,"Height":9,"Demand":1,"DemandMax":null,"Value":738},{"Length":14,"Height":52,"Demand":1,"DemandMax":null,"Value":728},{"Length":7,"Height":106,"Demand":1,"DemandMax":null,"Value":742},{"Length":11,"Height":69,"Demand":1,"DemandMax":null,"Value":759},{"Length":5,"Height":157,"Demand":1,"DemandMax":null,"Value":785},{"Length":6,"Height":123,"Demand":1,"DemandMax":null,"Value":738},{"Length":33,"Height":22,"Demand":1,"DemandMax":null,"Value":726},{"Length":78,"Height":9,"Demand":2,"DemandMax":null,"Value":702},{"Length":140,"Height":5,"Demand":1,"DemandMax":null,"Value":700},{"Length":4,"Height":174,"Demand":1,"DemandMax":null,"Value":696},{"Length":175,"Height":4,"Demand":1,"DemandMax":null,"Value":700},{"Length":96,"Height":8,"Demand":2,"DemandMax":null,"Value":768},{"Length":104,"Height":7,"Demand":1,"DemandMax":null,"Value":728},{"Length":116,"Height":6,"Demand":1,"DemandMax":null,"Value":696},{"Length":52,"Height":14,"Demand":1,"DemandMax":null,"Value":728},{"Length":36,"Height":20,"Demand":1,"DemandMax":null,"Value":720},{"Length":35,"Height":21,"Demand":1,"DemandMax":null,"Value":735},{"Length":7,"Height":99,"Demand":1,"DemandMax":null,"Value":693},{"Length":77,"Height":9,"Demand":1,"DemandMax":null,"Value":693},{"Length":7,"Height":110,"Demand":1,"DemandMax":null,"Value":770},{"Length":44,"Height":16,"Demand":1,"DemandMax":null,"Value":704},{"Length":20,"Height":37,"Demand":1,"DemandMax":null,"Value":740},{"Length":20,"Height":35,"Demand":2,"DemandMax":null,"Value":700},{"Length":16,"Height":45,"Demand":1,"DemandMax":null,"Value":720},{"Length":26,"Height":28,"Demand":1,"DemandMax":null,"Value":728},{"Length":23,"Height":31,"Demand":2,"DemandMax":null,"Value":713},{"Length":32,"Height":22,"Demand":2,"DemandMax":null,"Value":704},{"Length":55,"Height":13,"Demand":1,"DemandMax":null,"Value":715},{"Length":236,"Height":3,"Demand":1,"DemandMax":null,"Value":708},{"Length":97,"Height":7,"Demand":1,"DemandMax":null,"Value":679},{"Length":69,"Height":10,"Demand":1,"DemandMax":null,"Value":690},{"Length":15,"Height":46,"Demand":1,"DemandMax":null,"Value":690},{"Length":42,"Height":17,"Demand":1,"DemandMax":null,"Value":714},{"Length":11,"Height":62,"Demand":2,"DemandMax":null,"Value":682},{"Length":68,"Height":10,"Demand":1,"DemandMax":null,"Value":680},{"Length":92,"Height":8,"Demand":1,"DemandMax":null,"Value":736},{"Length":113,"Height":6,"Demand":1,"DemandMax":null,"Value":678},{"Length":4,"Height":166,"Demand":1,"DemandMax":null,"Value":664},{"Length":41,"Height":17,"Demand":1,"DemandMax":null,"Value":697},{"Length":165,"Height":4,"Demand":1,"DemandMax":null,"Value":660},{"Length":36,"Height":19,"Demand":1,"DemandMax":null,"Value":684},{"Length":5,"Height":134,"Demand":1,"DemandMax":null,"Value":670},{"Length":8,"Height":83,"Demand":1,"DemandMax":null,"Value":664},{"Length":11,"Height":63,"Demand":1,"DemandMax":null,"Value":693},{"Length":22,"Height":31,"Demand":2,"DemandMax":null,"Value":682},{"Length":5,"Height":132,"Demand":2,"DemandMax":null,"Value":660},{"Length":72,"Height":10,"Demand":1,"DemandMax":null,"Value":720},{"Length":26,"Height":26,"Demand":2,"DemandMax":null,"Value":676},{"Length":157,"Height":4,"Demand":2,"DemandMax":null,"Value":628},{"Length":10,"Height":66,"Demand":1,"DemandMax":null,"Value":660},{"Length":23,"Height":30,"Demand":1,"DemandMax":null,"Value":690},{"Length":4,"Height":159,"Demand":1,"DemandMax":null,"Value":636},{"Length":13,"Height":53,"Demand":1,"DemandMax":null,"Value":689},{"Length":6,"Height":108,"Demand":1,"DemandMax":null,"Value":648},{"Length":6,"Height":120,"Demand":1,"DemandMax":null,"Value":720},{"Length":10,"Height":67,"Demand":1,"DemandMax":null,"Value":670},{"Length":5,"Height":135,"Demand":1,"DemandMax":null,"Value":675},{"Length":46,"Height":15,"Demand":1,"DemandMax":null,"Value":690},{"Length":28,"Height":24,"Demand":1,"DemandMax":null,"Value":672},{"Length":5,"Height":151,"Demand":1,"DemandMax":null,"Value":755},{"Length":60,"Height":11,"Demand":3,"DemandMax":null,"Value":660},{"Length":5,"Height":149,"Demand":1,"DemandMax":null,"Value":745},{"Length":38,"Height":18,"Demand":1,"DemandMax":null,"Value":684},{"Length":13,"Height":52,"Demand":1,"DemandMax":null,"Value":676},{"Length":3,"Height":222,"Demand":1,"DemandMax":null,"Value":666},{"Length":92,"Height":7,"Demand":1,"DemandMax":null,"Value":644},{"Length":9,"Height":72,"Demand":1,"DemandMax":null,"Value":648},{"Length":163,"Height":4,"Demand":2,"DemandMax":null,"Value":652},{"Length":12,"Height":54,"Demand":2,"DemandMax":null,"Value":648},{"Length":33,"Height":20,"Demand":1,"DemandMax":null,"Value":660},{"Length":29,"Height":23,"Demand":2,"DemandMax":null,"Value":667},{"Length":7,"Height":91,"Demand":1,"DemandMax":null,"Value":637},{"Length":4,"Height":162,"Demand":1,"DemandMax":null,"Value":648},{"Length":87,"Height":8,"Demand":1,"DemandMax":null,"Value":696},{"Length":8,"Height":86,"Demand":1,"DemandMax":null,"Value":688},{"Length":5,"Height":139,"Demand":1,"DemandMax":null,"Value":695},{"Length":203,"Height":3,"Demand":1,"DemandMax":null,"Value":609},{"Length":24,"Height":28,"Demand":2,"DemandMax":null,"Value":672},{"Length":43,"Height":15,"Demand":3,"DemandMax":null,"Value":645},{"Length":149,"Height":4,"Demand":3,"DemandMax":null,"Value":596},{"Length":7,"Height":89,"Demand":2,"DemandMax":null,"Value":623},{"Length":14,"Height":46,"Demand":1,"DemandMax":null,"Value":644},{"Length":4,"Height":184,"Demand":1,"DemandMax":null,"Value":736},{"Length":12,"Height":55,"Demand":3,"DemandMax":null,"Value":660},{"Length":20,"Height":33,"Demand":1,"DemandMax":null,"Value":660},{"Length":42,"Height":16,"Demand":1,"DemandMax":null,"Value":672},{"Length":27,"Height":25,"Demand":1,"DemandMax":null,"Value":675},{"Length":104,"Height":6,"Demand":2,"DemandMax":null,"Value":624},{"Length":14,"Height":48,"Demand":1,"DemandMax":null,"Value":672},{"Length":65,"Height":10,"Demand":2,"DemandMax":null,"Value":650},{"Length":58,"Height":11,"Demand":3,"DemandMax":null,"Value":638},{"Length":25,"Height":26,"Demand":1,"DemandMax":null,"Value":650},{"Length":111,"Height":6,"Demand":1,"DemandMax":null,"Value":666},{"Length":240,"Height":3,"Demand":1,"DemandMax":null,"Value":720},{"Length":96,"Height":7,"Demand":1,"DemandMax":null,"Value":672},{"Length":44,"Height":15,"Demand":1,"DemandMax":null,"Value":660},{"Length":31,"Height":21,"Demand":1,"DemandMax":null,"Value":651},{"Length":177,"Height":4,"Demand":1,"DemandMax":null,"Value":708},{"Length":53,"Height":12,"Demand":1,"DemandMax":null,"Value":636},{"Length":14,"Height":45,"Demand":1,"DemandMax":null,"Value":630},{"Length":5,"Height":124,"Demand":1,"DemandMax":null,"Value":620},{"Length":22,"Height":29,"Demand":1,"DemandMax":null,"Value":638},{"Length":151,"Height":4,"Demand":1,"DemandMax":null,"Value":604},{"Length":32,"Height":20,"Demand":2,"DemandMax":null,"Value":640},{"Length":15,"Height":42,"Demand":1,"DemandMax":null,"Value":630},{"Length":6,"Height":112,"Demand":1,"DemandMax":null,"Value":672},{"Length":9,"Height":74,"Demand":1,"DemandMax":null,"Value":666},{"Length":14,"Height":47,"Demand":1,"DemandMax":null,"Value":658},{"Length":188,"Height":3,"Demand":1,"DemandMax":null,"Value":564},{"Length":85,"Height":8,"Demand":1,"DemandMax":null,"Value":680},{"Length":108,"Height":6,"Demand":1,"DemandMax":null,"Value":648},{"Length":76,"Height":8,"Demand":1,"DemandMax":null,"Value":608},{"Length":52,"Height":12,"Demand":1,"DemandMax":null,"Value":624},{"Length":11,"Height":55,"Demand":2,"DemandMax":null,"Value":605},{"Length":64,"Height":10,"Demand":1,"DemandMax":null,"Value":640},{"Length":11,"Height":57,"Demand":2,"DemandMax":null,"Value":627},{"Length":23,"Height":27,"Demand":2,"DemandMax":null,"Value":621},{"Length":9,"Height":68,"Demand":1,"DemandMax":null,"Value":612},{"Length":66,"Height":9,"Demand":1,"DemandMax":null,"Value":594},{"Length":4,"Height":145,"Demand":1,"DemandMax":null,"Value":580},{"Length":20,"Height":32,"Demand":1,"DemandMax":null,"Value":640},{"Length":15,"Height":41,"Demand":1,"DemandMax":null,"Value":615},{"Length":12,"Height":53,"Demand":1,"DemandMax":null,"Value":636},{"Length":17,"Height":36,"Demand":1,"DemandMax":null,"Value":612},{"Length":14,"Height":44,"Demand":1,"DemandMax":null,"Value":616},{"Length":6,"Height":109,"Demand":1,"DemandMax":null,"Value":654},{"Length":94,"Height":7,"Demand":1,"DemandMax":null,"Value":658},{"Length":15,"Height":40,"Demand":1,"DemandMax":null,"Value":600},{"Length":4,"Height":149,"Demand":1,"DemandMax":null,"Value":596},{"Length":5,"Height":129,"Demand":1,"DemandMax":null,"Value":645},{"Length":144,"Height":4,"Demand":1,"DemandMax":null,"Value":576},{"Length":11,"Height":54,"Demand":1,"DemandMax":null,"Value":594},{"Length":5,"Height":121,"Demand":1,"DemandMax":null,"Value":605},{"Length":6,"Height":97,"Demand":1,"DemandMax":null,"Value":582},{"Length":12,"Height":50,"Demand":2,"DemandMax":null,"Value":600},{"Length":88,"Height":7,"Demand":1,"DemandMax":null,"Value":616},{"Length":42,"Height":14,"Demand":3,"DemandMax":null,"Value":588},{"Length":33,"Height":18,"Demand":1,"DemandMax":null,"Value":594},{"Length":34,"Height":18,"Demand":1,"DemandMax":null,"Value":612},{"Length":27,"Height":23,"Demand":1,"DemandMax":null,"Value":621},{"Length":7,"Height":83,"Demand":1,"DemandMax":null,"Value":581},{"Length":31,"Height":20,"Demand":1,"DemandMax":null,"Value":620},{"Length":23,"Height":26,"Demand":2,"DemandMax":null,"Value":598},{"Length":20,"Height":31,"Demand":1,"DemandMax":null,"Value":620},{"Length":97,"Height":6,"Demand":1,"DemandMax":null,"Value":582},{"Length":41,"Height":15,"Demand":1,"DemandMax":null,"Value":615},{"Length":13,"Height":48,"Demand":1,"DemandMax":null,"Value":624},{"Length":54,"Height":11,"Demand":1,"DemandMax":null,"Value":594},{"Length":48,"Height":12,"Demand":1,"DemandMax":null,"Value":576},{"Length":87,"Height":7,"Demand":1,"DemandMax":null,"Value":609},{"Length":172,"Height":3,"Demand":1,"DemandMax":null,"Value":516},{"Length":72,"Height":8,"Demand":2,"DemandMax":null,"Value":576},{"Length":133,"Height":4,"Demand":2,"DemandMax":null,"Value":532},{"Length":4,"Height":142,"Demand":1,"DemandMax":null,"Value":568},{"Length":34,"Height":17,"Demand":2,"DemandMax":null,"Value":578},{"Length":6,"Height":102,"Demand":1,"DemandMax":null,"Value":612},{"Length":13,"Height":45,"Demand":1,"DemandMax":null,"Value":585},{"Length":63,"Height":9,"Demand":1,"DemandMax":null,"Value":567},{"Length":50,"Height":12,"Demand":1,"DemandMax":null,"Value":600},{"Length":68,"Height":9,"Demand":2,"DemandMax":null,"Value":612},{"Length":81,"Height":7,"Demand":3,"DemandMax":null,"Value":567},{"Length":23,"Height":25,"Demand":1,"DemandMax":null,"Value":575},{"Length":74,"Height":8,"Demand":1,"DemandMax":null,"Value":592},{"Length":178,"Height":3,"Demand":2,"DemandMax":null,"Value":534},{"Length":8,"Height":70,"Demand":1,"DemandMax":null,"Value":560},{"Length":125,"Height":5,"Demand":1,"DemandMax":null,"Value":625},{"Length":55,"Height":10,"Demand":1,"DemandMax":null,"Value":550},{"Length":15,"Height":38,"Demand":1,"DemandMax":null,"Value":570},{"Length":38,"Height":15,"Demand":1,"DemandMax":null,"Value":570},{"Length":106,"Height":5,"Demand":1,"DemandMax":null,"Value":530},{"Length":9,"Height":67,"Demand":1,"DemandMax":null,"Value":603},{"Length":14,"Height":41,"Demand":1,"DemandMax":null,"Value":574},{"Length":4,"Height":147,"Demand":1,"DemandMax":null,"Value":588},{"Length":28,"Height":20,"Demand":1,"DemandMax":null,"Value":560},{"Length":70,"Height":8,"Demand":2,"DemandMax":null,"Value":560},{"Length":12,"Height":48,"Demand":1,"DemandMax":null,"Value":576},{"Length":5,"Height":114,"Demand":2,"DemandMax":null,"Value":570},{"Length":3,"Height":178,"Demand":2,"DemandMax":null,"Value":534},{"Length":62,"Height":9,"Demand":1,"DemandMax":null,"Value":558},{"Length":9,"Height":66,"Demand":1,"DemandMax":null,"Value":594},{"Length":34,"Height":16,"Demand":1,"DemandMax":null,"Value":544},{"Length":18,"Height":32,"Demand":3,"DemandMax":null,"Value":576},{"Length":92,"Height":6,"Demand":3,"DemandMax":null,"Value":552},{"Length":8,"Height":69,"Demand":2,"DemandMax":null,"Value":552},{"Length":132,"Height":4,"Demand":2,"DemandMax":null,"Value":528},{"Length":45,"Height":12,"Demand":1,"DemandMax":null,"Value":540},{"Length":11,"Height":50,"Demand":1,"DemandMax":null,"Value":550},{"Length":23,"Height":24,"Demand":1,"DemandMax":null,"Value":552},{"Length":85,"Height":7,"Demand":1,"DemandMax":null,"Value":595},{"Length":8,"Height":72,"Demand":1,"DemandMax":null,"Value":576},{"Length":9,"Height":63,"Demand":1,"DemandMax":null,"Value":567},{"Length":8,"Height":68,"Demand":1,"DemandMax":null,"Value":544},{"Length":17,"Height":33,"Demand":1,"DemandMax":null,"Value":561},{"Length":27,"Height":21,"Demand":2,"DemandMax":null,"Value":567},{"Length":53,"Height":11,"Demand":1,"DemandMax":null,"Value":583},{"Length":4,"Height":151,"Demand":1,"DemandMax":null,"Value":604},{"Length":33,"Height":17,"Demand":1,"DemandMax":null,"Value":561},{"Length":5,"Height":106,"Demand":2,"DemandMax":null,"Value":530},{"Length":73,"Height":8,"Demand":1,"DemandMax":null,"Value":584},{"Length":15,"Height":36,"Demand":2,"DemandMax":null,"Value":540},{"Length":35,"Height":16,"Demand":1,"DemandMax":null,"Value":560},{"Length":103,"Height":5,"Demand":3,"DemandMax":null,"Value":515},{"Length":11,"Height":48,"Demand":2,"DemandMax":null,"Value":528},{"Length":20,"Height":27,"Demand":1,"DemandMax":null,"Value":540},{"Length":2,"Height":222,"Demand":2,"DemandMax":null,"Value":444},{"Length":64,"Height":9,"Demand":1,"DemandMax":null,"Value":576},{"Length":96,"Height":6,"Demand":1,"DemandMax":null,"Value":576},{"Length":5,"Height":120,"Demand":1,"DemandMax":null,"Value":600},{"Length":17,"Height":31,"Demand":2,"DemandMax":null,"Value":527},{"Length":30,"Height":18,"Demand":3,"DemandMax":null,"Value":540},{"Length":75,"Height":7,"Demand":1,"DemandMax":null,"Value":525},{"Length":4,"Height":132,"Demand":1,"DemandMax":null,"Value":528},{"Length":26,"Height":21,"Demand":1,"DemandMax":null,"Value":546},{"Length":18,"Height":30,"Demand":2,"DemandMax":null,"Value":540},{"Length":17,"Height":32,"Demand":1,"DemandMax":null,"Value":544},{"Length":31,"Height":17,"Demand":1,"DemandMax":null,"Value":527},{"Length":12,"Height":44,"Demand":2,"DemandMax":null,"Value":528},{"Length":32,"Height":17,"Demand":1,"DemandMax":null,"Value":544},{"Length":74,"Height":7,"Demand":1,"DemandMax":null,"Value":518},{"Length":3,"Height":186,"Demand":1,"DemandMax":null,"Value":558},{"Length":56,"Height":10,"Demand":1,"DemandMax":null,"Value":560},{"Length":12,"Height":47,"Demand":1,"DemandMax":null,"Value":564},{"Length":5,"Height":102,"Demand":1,"DemandMax":null,"Value":510},{"Length":50,"Height":11,"Demand":1,"DemandMax":null,"Value":550},{"Length":8,"Height":66,"Demand":1,"DemandMax":null,"Value":528},{"Length":3,"Height":179,"Demand":1,"DemandMax":null,"Value":537},{"Length":4,"Height":140,"Demand":1,"DemandMax":null,"Value":560},{"Length":71,"Height":8,"Demand":1,"DemandMax":null,"Value":568},{"Length":39,"Height":14,"Demand":1,"DemandMax":null,"Value":546},{"Length":46,"Height":12,"Demand":1,"DemandMax":null,"Value":552},{"Length":76,"Height":7,"Demand":1,"DemandMax":null,"Value":532},{"Length":20,"Height":26,"Demand":1,"DemandMax":null,"Value":520},{"Length":4,"Height":139,"Demand":1,"DemandMax":null,"Value":556},{"Length":9,"Height":60,"Demand":2,"DemandMax":null,"Value":540},{"Length":47,"Height":11,"Demand":1,"DemandMax":null,"Value":517},{"Length":22,"Height":24,"Demand":1,"DemandMax":null,"Value":528},{"Length":9,"Height":57,"Demand":1,"DemandMax":null,"Value":513},{"Length":38,"Height":14,"Demand":1,"DemandMax":null,"Value":532},{"Length":11,"Height":47,"Demand":2,"DemandMax":null,"Value":517},{"Length":73,"Height":7,"Demand":1,"DemandMax":null,"Value":511},{"Length":90,"Height":6,"Demand":2,"DemandMax":null,"Value":540},{"Length":26,"Height":20,"Demand":1,"DemandMax":null,"Value":520},{"Length":30,"Height":17,"Demand":2,"DemandMax":null,"Value":510},{"Length":15,"Height":34,"Demand":1,"DemandMax":null,"Value":510},{"Length":157,"Height":3,"Demand":1,"DemandMax":null,"Value":471},{"Length":8,"Height":63,"Demand":1,"DemandMax":null,"Value":504},{"Length":95,"Height":6,"Demand":1,"DemandMax":null,"Value":570},{"Length":22,"Height":23,"Demand":1,"DemandMax":null,"Value":506},{"Length":32,"Height":16,"Demand":1,"DemandMax":null,"Value":512},{"Length":39,"Height":13,"Demand":1,"DemandMax":null,"Value":507},{"Length":88,"Height":6,"Demand":1,"DemandMax":null,"Value":528},{"Length":78,"Height":7,"Demand":2,"DemandMax":null,"Value":546},{"Length":61,"Height":8,"Demand":1,"DemandMax":null,"Value":488},{"Length":94,"Height":6,"Demand":1,"DemandMax":null,"Value":564},{"Length":12,"Height":42,"Demand":2,"DemandMax":null,"Value":504},{"Length":6,"Height":83,"Demand":1,"DemandMax":null,"Value":498},{"Length":44,"Height":12,"Demand":1,"DemandMax":null,"Value":528},{"Length":3,"Height":184,"Demand":1,"DemandMax":null,"Value":552},{"Length":7,"Height":74,"Demand":1,"DemandMax":null,"Value":518},{"Length":24,"Height":21,"Demand":1,"DemandMax":null,"Value":504},{"Length":4,"Height":120,"Demand":2,"DemandMax":null,"Value":480},{"Length":8,"Height":67,"Demand":1,"DemandMax":null,"Value":536},{"Length":10,"Height":53,"Demand":1,"DemandMax":null,"Value":530},{"Length":43,"Height":12,"Demand":1,"DemandMax":null,"Value":516},{"Length":89,"Height":6,"Demand":1,"DemandMax":null,"Value":534},{"Length":8,"Height":60,"Demand":1,"DemandMax":null,"Value":480},{"Length":14,"Height":35,"Demand":2,"DemandMax":null,"Value":490},{"Length":7,"Height":77,"Demand":1,"DemandMax":null,"Value":539},{"Length":38,"Height":13,"Demand":2,"DemandMax":null,"Value":494},{"Length":14,"Height":36,"Demand":1,"DemandMax":null,"Value":504},{"Length":9,"Height":55,"Demand":1,"DemandMax":null,"Value":495},{"Length":28,"Height":17,"Demand":1,"DemandMax":null,"Value":476},{"Length":15,"Height":32,"Demand":2,"DemandMax":null,"Value":480},{"Length":16,"Height":31,"Demand":1,"DemandMax":null,"Value":496},{"Length":7,"Height":67,"Demand":1,"DemandMax":null,"Value":469},{"Length":30,"Height":16,"Demand":1,"DemandMax":null,"Value":480},{"Length":96,"Height":5,"Demand":1,"DemandMax":null,"Value":480},{"Length":32,"Height":15,"Demand":1,"DemandMax":null,"Value":480},{"Length":52,"Height":9,"Demand":1,"DemandMax":null,"Value":468},{"Length":84,"Height":6,"Demand":1,"DemandMax":null,"Value":504},{"Length":155,"Height":3,"Demand":1,"DemandMax":null,"Value":465},{"Length":2,"Height":201,"Demand":2,"DemandMax":null,"Value":402},{"Length":13,"Height":36,"Demand":1,"DemandMax":null,"Value":468},{"Length":87,"Height":6,"Demand":1,"DemandMax":null,"Value":522},{"Length":22,"Height":22,"Demand":1,"DemandMax":null,"Value":484},{"Length":81,"Height":6,"Demand":1,"DemandMax":null,"Value":486},{"Length":35,"Height":14,"Demand":1,"DemandMax":null,"Value":490},{"Length":8,"Height":59,"Demand":1,"DemandMax":null,"Value":472},{"Length":144,"Height":3,"Demand":4,"DemandMax":null,"Value":432},{"Length":12,"Height":39,"Demand":1,"DemandMax":null,"Value":468},{"Length":7,"Height":69,"Demand":1,"DemandMax":null,"Value":483},{"Length":56,"Height":9,"Demand":2,"DemandMax":null,"Value":504},{"Length":12,"Height":41,"Demand":1,"DemandMax":null,"Value":492},{"Length":57,"Height":8,"Demand":1,"DemandMax":null,"Value":456},{"Length":20,"Height":24,"Demand":1,"DemandMax":null,"Value":480},{"Length":4,"Height":106,"Demand":2,"DemandMax":null,"Value":424},{"Length":54,"Height":9,"Demand":1,"DemandMax":null,"Value":486},{"Length":10,"Height":47,"Demand":2,"DemandMax":null,"Value":470},{"Length":135,"Height":3,"Demand":1,"DemandMax":null,"Value":405},{"Length":67,"Height":7,"Demand":1,"DemandMax":null,"Value":469},{"Length":27,"Height":18,"Demand":1,"DemandMax":null,"Value":486},{"Length":5,"Height":92,"Demand":2,"DemandMax":null,"Value":460},{"Length":78,"Height":6,"Demand":2,"DemandMax":null,"Value":468},{"Length":92,"Height":5,"Demand":1,"DemandMax":null,"Value":460},{"Length":209,"Height":2,"Demand":1,"DemandMax":null,"Value":418},{"Length":50,"Height":9,"Demand":1,"DemandMax":null,"Value":450},{"Length":3,"Height":137,"Demand":2,"DemandMax":null,"Value":411},{"Length":186,"Height":2,"Demand":2,"DemandMax":null,"Value":372},{"Length":43,"Height":11,"Demand":1,"DemandMax":null,"Value":473},{"Length":2,"Height":186,"Demand":1,"DemandMax":null,"Value":372},{"Length":17,"Height":27,"Demand":1,"DemandMax":null,"Value":459},{"Length":5,"Height":99,"Demand":1,"DemandMax":null,"Value":495},{"Length":9,"Height":51,"Demand":1,"DemandMax":null,"Value":459},{"Length":9,"Height":54,"Demand":1,"DemandMax":null,"Value":486},{"Length":24,"Height":20,"Demand":1,"DemandMax":null,"Value":480},{"Length":7,"Height":63,"Demand":1,"DemandMax":null,"Value":441},{"Length":4,"Height":107,"Demand":2,"DemandMax":null,"Value":428},{"Length":40,"Height":11,"Demand":2,"DemandMax":null,"Value":440},{"Length":74,"Height":6,"Demand":1,"DemandMax":null,"Value":444},{"Length":10,"Height":45,"Demand":1,"DemandMax":null,"Value":450},{"Length":83,"Height":6,"Demand":1,"DemandMax":null,"Value":498},{"Length":5,"Height":91,"Demand":1,"DemandMax":null,"Value":455},{"Length":14,"Height":32,"Demand":1,"DemandMax":null,"Value":448},{"Length":11,"Height":42,"Demand":1,"DemandMax":null,"Value":462},{"Length":9,"Height":48,"Demand":1,"DemandMax":null,"Value":432},{"Length":15,"Height":30,"Demand":1,"DemandMax":null,"Value":450},{"Length":11,"Height":41,"Demand":1,"DemandMax":null,"Value":451},{"Length":28,"Height":16,"Demand":1,"DemandMax":null,"Value":448},{"Length":103,"Height":4,"Demand":2,"DemandMax":null,"Value":412},{"Length":98,"Height":5,"Demand":1,"DemandMax":null,"Value":490},{"Length":30,"Height":15,"Demand":1,"DemandMax":null,"Value":450},{"Length":27,"Height":17,"Demand":2,"DemandMax":null,"Value":459},{"Length":12,"Height":38,"Demand":1,"DemandMax":null,"Value":456},{"Length":8,"Height":55,"Demand":2,"DemandMax":null,"Value":440},{"Length":3,"Height":140,"Demand":3,"DemandMax":null,"Value":420},{"Length":90,"Height":5,"Demand":1,"DemandMax":null,"Value":450},{"Length":6,"Height":69,"Demand":2,"DemandMax":null,"Value":414},{"Length":26,"Height":17,"Demand":1,"DemandMax":null,"Value":442},{"Length":61,"Height":7,"Demand":1,"DemandMax":null,"Value":427},{"Length":4,"Height":97,"Demand":1,"DemandMax":null,"Value":388},{"Length":15,"Height":29,"Demand":2,"DemandMax":null,"Value":435},{"Length":5,"Height":81,"Demand":2,"DemandMax":null,"Value":405},{"Length":94,"Height":5,"Demand":1,"DemandMax":null,"Value":470},{"Length":34,"Height":13,"Demand":1,"DemandMax":null,"Value":442},{"Length":36,"Height":12,"Demand":1,"DemandMax":null,"Value":432},{"Length":5,"Height":83,"Demand":1,"DemandMax":null,"Value":415},{"Length":8,"Height":51,"Demand":2,"DemandMax":null,"Value":408},{"Length":2,"Height":184,"Demand":1,"DemandMax":null,"Value":368},{"Length":4,"Height":102,"Demand":1,"DemandMax":null,"Value":408},{"Length":54,"Height":8,"Demand":1,"DemandMax":null,"Value":432},{"Length":9,"Height":47,"Demand":1,"DemandMax":null,"Value":423},{"Length":125,"Height":3,"Demand":1,"DemandMax":null,"Value":375},{"Length":6,"Height":71,"Demand":2,"DemandMax":null,"Value":426},{"Length":33,"Height":13,"Demand":1,"DemandMax":null,"Value":429},{"Length":39,"Height":11,"Demand":1,"DemandMax":null,"Value":429},{"Length":9,"Height":46,"Demand":1,"DemandMax":null,"Value":414},{"Length":19,"Height":22,"Demand":1,"DemandMax":null,"Value":418},{"Length":43,"Height":10,"Demand":2,"DemandMax":null,"Value":430},{"Length":139,"Height":3,"Demand":2,"DemandMax":null,"Value":417},{"Length":46,"Height":9,"Demand":2,"DemandMax":null,"Value":414},{"Length":177,"Height":2,"Demand":2,"DemandMax":null,"Value":354},{"Length":32,"Height":13,"Demand":1,"DemandMax":null,"Value":416},{"Length":3,"Height":147,"Demand":2,"DemandMax":null,"Value":441},{"Length":6,"Height":77,"Demand":1,"DemandMax":null,"Value":462},{"Length":69,"Height":6,"Demand":2,"DemandMax":null,"Value":414},{"Length":14,"Height":31,"Demand":1,"DemandMax":null,"Value":434},{"Length":3,"Height":148,"Demand":1,"DemandMax":null,"Value":444},{"Length":3,"Height":124,"Demand":1,"DemandMax":null,"Value":372},{"Length":7,"Height":58,"Demand":2,"DemandMax":null,"Value":406},{"Length":16,"Height":27,"Demand":1,"DemandMax":null,"Value":432},{"Length":5,"Height":84,"Demand":1,"DemandMax":null,"Value":420},{"Length":78,"Height":5,"Demand":4,"DemandMax":null,"Value":390},{"Length":4,"Height":98,"Demand":2,"DemandMax":null,"Value":392},{"Length":12,"Height":36,"Demand":3,"DemandMax":null,"Value":432},{"Length":83,"Height":5,"Demand":1,"DemandMax":null,"Value":415},{"Length":4,"Height":99,"Demand":3,"DemandMax":null,"Value":396},{"Length":89,"Height":5,"Demand":1,"DemandMax":null,"Value":445},{"Length":29,"Height":14,"Demand":3,"DemandMax":null,"Value":406},{"Length":2,"Height":178,"Demand":2,"DemandMax":null,"Value":356},{"Length":28,"Height":15,"Demand":3,"DemandMax":null,"Value":420},{"Length":49,"Height":8,"Demand":1,"DemandMax":null,"Value":392},{"Length":94,"Height":4,"Demand":1,"DemandMax":null,"Value":376},{"Length":41,"Height":10,"Demand":2,"DemandMax":null,"Value":410},{"Length":67,"Height":6,"Demand":1,"DemandMax":null,"Value":402},{"Length":8,"Height":53,"Demand":2,"DemandMax":null,"Value":424},{"Length":141,"Height":3,"Demand":6,"DemandMax":null,"Value":423},{"Length":153,"Height":3,"Demand":2,"DemandMax":null,"Value":459},{"Length":18,"Height":22,"Demand":2,"DemandMax":null,"Value":396},{"Length":3,"Height":139,"Demand":1,"DemandMax":null,"Value":417},{"Length":11,"Height":36,"Demand":1,"DemandMax":null,"Value":396},{"Length":104,"Height":4,"Demand":1,"DemandMax":null,"Value":416},{"Length":38,"Height":11,"Demand":2,"DemandMax":null,"Value":418},{"Length":24,"Height":17,"Demand":1,"DemandMax":null,"Value":408},{"Length":20,"Height":21,"Demand":1,"DemandMax":null,"Value":420},{"Length":23,"Height":18,"Demand":1,"DemandMax":null,"Value":414},{"Length":11,"Height":37,"Demand":3,"DemandMax":null,"Value":407},{"Length":8,"Height":49,"Demand":2,"DemandMax":null,"Value":392},{"Length":92,"Height":4,"Demand":1,"DemandMax":null,"Value":368},{"Length":12,"Height":35,"Demand":1,"DemandMax":null,"Value":420},{"Length":22,"Height":18,"Demand":2,"DemandMax":null,"Value":396},{"Length":2,"Height":190,"Demand":2,"DemandMax":null,"Value":380},{"Length":15,"Height":27,"Demand":1,"DemandMax":null,"Value":405},{"Length":79,"Height":5,"Demand":1,"DemandMax":null,"Value":395},{"Length":7,"Height":55,"Demand":2,"DemandMax":null,"Value":385},{"Length":14,"Height":29,"Demand":1,"DemandMax":null,"Value":406},{"Length":36,"Height":11,"Demand":4,"DemandMax":null,"Value":396},{"Length":73,"Height":6,"Demand":1,"DemandMax":null,"Value":438},{"Length":65,"Height":6,"Demand":1,"DemandMax":null,"Value":390},{"Length":7,"Height":60,"Demand":2,"DemandMax":null,"Value":420},{"Length":48,"Height":8,"Demand":1,"DemandMax":null,"Value":384},{"Length":8,"Height":47,"Demand":4,"DemandMax":null,"Value":376},{"Length":47,"Height":9,"Demand":1,"DemandMax":null,"Value":423},{"Length":40,"Height":10,"Demand":1,"DemandMax":null,"Value":400},{"Length":100,"Height":4,"Demand":1,"DemandMax":null,"Value":400},{"Length":4,"Height":110,"Demand":1,"DemandMax":null,"Value":440},{"Length":90,"Height":4,"Demand":2,"DemandMax":null,"Value":360},{"Length":33,"Height":12,"Demand":1,"DemandMax":null,"Value":396},{"Length":6,"Height":68,"Demand":1,"DemandMax":null,"Value":408},{"Length":86,"Height":5,"Demand":1,"DemandMax":null,"Value":430},{"Length":43,"Height":9,"Demand":1,"DemandMax":null,"Value":387},{"Length":3,"Height":134,"Demand":2,"DemandMax":null,"Value":402},{"Length":10,"Height":39,"Demand":2,"DemandMax":null,"Value":390},{"Length":47,"Height":8,"Demand":1,"DemandMax":null,"Value":376},{"Length":23,"Height":17,"Demand":3,"DemandMax":null,"Value":391},{"Length":56,"Height":7,"Demand":1,"DemandMax":null,"Value":392},{"Length":34,"Height":11,"Demand":2,"DemandMax":null,"Value":374},{"Length":15,"Height":26,"Demand":4,"DemandMax":null,"Value":390},{"Length":77,"Height":5,"Demand":2,"DemandMax":null,"Value":385},{"Length":5,"Height":77,"Demand":2,"DemandMax":null,"Value":385},{"Length":14,"Height":27,"Demand":1,"DemandMax":null,"Value":378},{"Length":42,"Height":9,"Demand":1,"DemandMax":null,"Value":378},{"Length":70,"Height":6,"Demand":1,"DemandMax":null,"Value":420},{"Length":22,"Height":17,"Demand":2,"DemandMax":null,"Value":374},{"Length":3,"Height":136,"Demand":1,"DemandMax":null,"Value":408},{"Length":12,"Height":31,"Demand":2,"DemandMax":null,"Value":372},{"Length":74,"Height":5,"Demand":1,"DemandMax":null,"Value":370},{"Length":98,"Height":4,"Demand":1,"DemandMax":null,"Value":392},{"Length":10,"Height":38,"Demand":2,"DemandMax":null,"Value":380},{"Length":9,"Height":42,"Demand":2,"DemandMax":null,"Value":378},{"Length":59,"Height":7,"Demand":1,"DemandMax":null,"Value":413},{"Length":194,"Height":2,"Demand":2,"DemandMax":null,"Value":388},{"Length":46,"Height":8,"Demand":1,"DemandMax":null,"Value":368},{"Length":155,"Height":2,"Demand":1,"DemandMax":null,"Value":310},{"Length":4,"Height":100,"Demand":2,"DemandMax":null,"Value":400},{"Length":6,"Height":60,"Demand":1,"DemandMax":null,"Value":360},{"Length":12,"Height":32,"Demand":1,"DemandMax":null,"Value":384},{"Length":11,"Height":35,"Demand":1,"DemandMax":null,"Value":385},{"Length":20,"Height":19,"Demand":2,"DemandMax":null,"Value":380},{"Length":24,"Height":16,"Demand":1,"DemandMax":null,"Value":384},{"Length":38,"Height":10,"Demand":2,"DemandMax":null,"Value":380},{"Length":35,"Height":11,"Demand":1,"DemandMax":null,"Value":385},{"Length":6,"Height":66,"Demand":1,"DemandMax":null,"Value":396},{"Length":64,"Height":6,"Demand":2,"DemandMax":null,"Value":384},{"Length":31,"Height":12,"Demand":1,"DemandMax":null,"Value":372},{"Length":40,"Height":9,"Demand":1,"DemandMax":null,"Value":360},{"Length":30,"Height":12,"Demand":1,"DemandMax":null,"Value":360},{"Length":59,"Height":6,"Demand":1,"DemandMax":null,"Value":354},{"Length":131,"Height":3,"Demand":1,"DemandMax":null,"Value":393},{"Length":114,"Height":3,"Demand":1,"DemandMax":null,"Value":342},{"Length":57,"Height":6,"Demand":1,"DemandMax":null,"Value":342},{"Length":119,"Height":3,"Demand":1,"DemandMax":null,"Value":357},{"Length":95,"Height":4,"Demand":1,"DemandMax":null,"Value":380},{"Length":8,"Height":43,"Demand":1,"DemandMax":null,"Value":344},{"Length":22,"Height":15,"Demand":1,"DemandMax":null,"Value":330},{"Length":106,"Height":3,"Demand":2,"DemandMax":null,"Value":318},{"Length":18,"Height":19,"Demand":1,"DemandMax":null,"Value":342},{"Length":66,"Height":5,"Demand":2,"DemandMax":null,"Value":330},{"Length":4,"Height":74,"Demand":1,"DemandMax":null,"Value":296},{"Length":35,"Height":9,"Demand":1,"DemandMax":null,"Value":315},{"Length":9,"Height":33,"Demand":1,"DemandMax":null,"Value":297},{"Length":78,"Height":4,"Demand":3,"DemandMax":null,"Value":312},{"Length":37,"Height":8,"Demand":1,"DemandMax":null,"Value":296},{"Length":57,"Height":5,"Demand":1,"DemandMax":null,"Value":285},{"Length":110,"Height":3,"Demand":1,"DemandMax":null,"Value":330},{"Length":97,"Height":3,"Demand":2,"DemandMax":null,"Value":291},{"Length":69,"Height":4,"Demand":1,"DemandMax":null,"Value":276},{"Length":6,"Height":52,"Demand":1,"DemandMax":null,"Value":312},{"Length":82,"Height":4,"Demand":1,"DemandMax":null,"Value":328},{"Length":34,"Height":9,"Demand":3,"DemandMax":null,"Value":306},{"Length":18,"Height":17,"Demand":1,"DemandMax":null,"Value":306},{"Length":34,"Height":8,"Demand":1,"DemandMax":null,"Value":272},{"Length":90,"Height":3,"Demand":1,"DemandMax":null,"Value":270},{"Length":4,"Height":62,"Demand":2,"DemandMax":null,"Value":248},{"Length":65,"Height":4,"Demand":1,"DemandMax":null,"Value":260},{"Length":9,"Height":30,"Demand":1,"DemandMax":null,"Value":270},{"Length":135,"Height":2,"Demand":2,"DemandMax":null,"Value":270}]}