{"Name":"nice75t","Objects":[{"Length":1000,"Height":1001,"Stock":null,"Cost":1001000}],"Items":[{"Length":26,"Height":32,"Demand":1,"DemandMax":null,"Value":832},{"Length":26,"Height":31,"Demand":1,"DemandMax":null,"Value":806},{"Length":48,"Height":13,"Demand":1,"DemandMax":null,"Value":624},{"Length":26,"Height":23,"Demand":1,"DemandMax":null,"Value":598},{"Length":39,"Height":15,"Demand":1,"DemandMax":null,"Value":585},{"Length":14,"Height":41,"Demand":1,"DemandMax":null,"Value":574},{"Length":25,"Height":23,"Demand":1,"DemandMax":null,"Value":575},{"Length":20,"Height":28,"Demand":1,"DemandMax":null,"Value":560},{"Length":16,"Height":35,"Demand":1,"DemandMax":null,"Value":560},{"Length":22,"Height":26,"Demand":1,"DemandMax":null,"Value":572},{"Length":19,"Height":27,"Demand":1,"DemandMax":null,"Value":513},{"Length":29,"Height":18,"Demand":1,"DemandMax":null,"Value":522},{"Length":27,"Height":19,"Demand":1,"DemandMax":null,"Value":513},{"Length":31,"Height":17,"Demand":1,"DemandMax":null,"Value":527},{"Length":43,"Height":12,"Demand":2,"DemandMax":null,"Value":516},{"Length":24,"Height":21,"Demand":1,"DemandMax":null,"Value":504},{"Length":37,"Height":13,"Demand":1,"DemandMax":null,"Value":481},{"Length":26,"Height":19,"Demand":2,"DemandMax":null,"Value":494},{"Length":33,"Height":15,"Demand":1,"DemandMax":null,"Value":495},{"Length":30,"Height":16,"Demand":3,"DemandMax":null,"Value":480},{"Length":14,"Height":36,"Demand":1,"DemandMax":null,"Value":504},{"Length":30,"Height":17,"Demand":1,"DemandMax":null,"Value":510},{"Length":28,"Height":18,"Demand":1,"DemandMax":null,"Value":504},{"Length":29,"Height":17,"Demand":1,"DemandMax":null,"Value":493},{"Length":19,"Height":26,"Demand":1,"DemandMax":null,"Value":494},{"Length":20,"Height":24,"Demand":1,"DemandMax":null,"Value":480},{"Length":34,"Height":14,"Demand":1,"DemandMax":null,"Value":476},{"Length":19,"Height":25,"Demand":2,"DemandMax":null,"Value":475},{"Length":16,"Height":31,"Demand":2,"DemandMax":null,"Value":496},{"Length":43,"Height":11,"Demand":1,"DemandMax":null,"Value":473},{"Length":18,"Height":27,"Demand":1,"DemandMax":null,"Value":486},{"Length":31,"Height":15,"Demand":2,"DemandMax":null,"Value":465},{"Length":22,"Height":21,"Demand":1,"DemandMax":null,"Value":462},{"Length":29,"Height":16,"Demand":1,"DemandMax":null,"Value":464},{"Length":18,"Height":26,"Demand":1,"DemandMax":null,"Value":468},{"Length":11,"Height":43,"Demand":1,"DemandMax":null,"Value":473},{"Length":20,"Height":23,"Demand":2,"DemandMax":null,"Value":460},{"Length":27,"Height":17,"Demand":2,"DemandMax":null,"Value":459},{"Length":37,"Height":12,"Demand":1,"DemandMax":null,"Value":444},{"Length":14,"Height":33,"Demand":1,"DemandMax":null,"Value":462},{"Length":19,"Height":24,"Demand":2,"DemandMax":null,"Value":456},{"Length":18,"Height":25,"Demand":1,"DemandMax":null,"Value":450},{"Length":21,"Height":21,"Demand":1,"DemandMax":null,"Value":441},{"Length":20,"Height":22,"Demand":2,"DemandMax":null,"Value":440},{"Length":25,"Height":17,"Demand":1,"DemandMax":null,"Value":425},{"Length":14,"Height":31,"Demand":2,"DemandMax":null,"Value":434},{"Length":22,"Height":20,"Demand":3,"DemandMax":null,"Value":440},{"Length":16,"Height":28,"Demand":2,"DemandMax":null,"Value":448},{"Length":32,"Height":14,"Demand":1,"DemandMax":null,"Value":448},{"Length":39,"Height":11,"Demand":1,"DemandMax":null,"Value":429},{"Length":11,"Height":38,"Demand":3,"DemandMax":null,"Value":418},{"Length":29,"Height":15,"Demand":3,"DemandMax":null,"Value":435},{"Length":18,"Height":24,"Demand":2,"DemandMax":null,"Value":432},{"Length":30,"Height":14,"Demand":1,"DemandMax":null,"Value":420},{"Length":19,"Height":22,"Demand":3,"DemandMax":null,"Value":418},{"Length":22,"Height":19,"Demand":1,"DemandMax":null,"Value":418},{"Length":12,"Height":35,"Demand":3,"DemandMax":null,"Value":420},{"Length":23,"Height":18,"Demand":1,"DemandMax":null,"Value":414},{"Length":17,"Height":24,"Demand":2,"DemandMax":null,"Value":408},{"Length":32,"Height":13,"Demand":1,"DemandMax":null,"Value":416},{"Length":15,"Height":27,"Demand":2,"DemandMax":null,"Value":405},{"Length":26,"Height":16,"Demand":1,"DemandMax":null,"Value":416},{"Length":14,"Height":30,"Demand":1,"DemandMax":null,"Value":420},{"Length":17,"Height":25,"Demand":1,"DemandMax":null,"Value":425},{"Length":29,"Height":14,"Demand":1,"DemandMax":null,"Value":406},{"Length":16,"Height":25,"Demand":2,"DemandMax":null,"Value":400},{"Length":26,"Height":15,"Demand":2,"DemandMax":null,"Value":390},{"Length":19,"Height":21,"Demand":2,"DemandMax":null,"Value":399},{"Length":27,"Height":15,"Demand":2,"DemandMax":null,"Value":405},{"Length":28,"Height":14,"Demand":1,"DemandMax":null,"Value":392},{"Length":11,"Height":37,"Demand":3,"DemandMax":null,"Value":407},{"Length":39,"Height":10,"Demand":2,"DemandMax":null,"Value":390},{"Length":20,"Height":20,"Demand":3,"DemandMax":null,"Value":400},{"Length":13,"Height":31,"Demand":1,"DemandMax":null,"Value":403},{"Length":15,"Height":26,"Demand":2,"DemandMax":null,"Value":390},{"Length":30,"Height":13,"Demand":2,"DemandMax":null,"Value":390},{"Length":22,"Height":18,"Demand":2,"DemandMax":null,"Value":396},{"Length":13,"Height":29,"Demand":1,"DemandMax":null,"Value":377},{"Length":25,"Height":15,"Demand":2,"DemandMax":null,"Value":375},{"Length":13,"Height":30,"Demand":1,"DemandMax":null,"Value":390},{"Length":24,"Height":16,"Demand":1,"DemandMax":null,"Value":384},{"Length":21,"Height":18,"Demand":4,"DemandMax":null,"Value":378},{"Length":33,"Height":12,"Demand":1,"DemandMax":null,"Value":396},{"Length":17,"Height":23,"Demand":1,"DemandMax":null,"Value":391},{"Length":19,"Height":20,"Demand":2,"DemandMax":null,"Value":380},{"Length":10,"Height":39,"Demand":1,"DemandMax":null,"Value":390},{"Length":14,"Height":27,"Demand":1,"DemandMax":null,"Value":378},{"Length":10,"Height":38,"Demand":1,"DemandMax":null,"Value":380},{"Length":15,"Height":25,"Demand":3,"DemandMax":null,"Value":375},{"Length":22,"Height":17,"Demand":1,"DemandMax":null,"Value":374},{"Length":24,"Height":15,"Demand":4,"DemandMax":null,"Value":360},{"Length":10,"Height":35,"Demand":2,"DemandMax":null,"Value":350},{"Length":12,"Height":31,"Demand":1,"DemandMax":null,"Value":372},{"Length":27,"Height":14,"Demand":1,"DemandMax":null,"Value":378},{"Length":16,"Height":23,"Demand":3,"DemandMax":null,"Value":368},{"Length":35,"Height":11,"Demand":1,"DemandMax":null,"Value":385},{"Length":18,"Height":21,"Demand":2,"DemandMax":null,"Value":378},{"Length":32,"Height":12,"Demand":1,"DemandMax":null,"Value":384},{"Length":32,"Height":11,"Demand":1,"DemandMax":null,"Value":352},{"Length":21,"Height":17,"Demand":5,"DemandMax":null,"Value":357},{"Length":20,"Height":18,"Demand":2,"DemandMax":null,"Value":360},{"Length":19,"Height":19,"Demand":3,"DemandMax":null,"Value":361},{"Length":23,"Height":16,"Demand":2,"DemandMax":null,"Value":368},{"Length":17,"Height":22,"Demand":2,"DemandMax":null,"Value":374},{"Length":13,"Height":27,"Demand":3,"DemandMax":null,"Value":351},{"Length":13,"Height":28,"Demand":1,"DemandMax":null,"Value":364},{"Length":34,"Height":11,"Demand":2,"DemandMax":null,"Value":374},{"Length":12,"Height":29,"Demand":1,"DemandMax":null,"Value":348},{"Length":29,"Height":13,"Demand":1,"DemandMax":null,"Value":377},{"Length":18,"Height":20,"Demand":2,"DemandMax":null,"Value":360},{"Length":33,"Height":11,"Demand":1,"DemandMax":null,"Value":363},{"Length":38,"Height":10,"Demand":1,"DemandMax":null,"Value":380},{"Length":15,"Height":24,"Demand":3,"DemandMax":null,"Value":360},{"Length":14,"Height":26,"Demand":1,"DemandMax":null,"Value":364},{"Length":25,"Height":14,"Demand":2,"DemandMax":null,"Value":350},{"Length":16,"Height":22,"Demand":4,"DemandMax":null,"Value":352},{"Length":22,"Height":16,"Demand":4,"DemandMax":null,"Value":352},{"Length":27,"Height":13,"Demand":2,"DemandMax":null,"Value":351},{"Length":17,"Height":20,"Demand":2,"DemandMax":null,"Value":340},{"Length":12,"Height":28,"Demand":1,"DemandMax":null,"Value":336},{"Length":30,"Height":12,"Demand":1,"DemandMax":null,"Value":360},{"Length":21,"Height":16,"Demand":8,"DemandMax":null,"Value":336},{"Length":14,"Height":25,"Demand":2,"DemandMax":null,"Value":350},{"Length":16,"Height":21,"Demand":3,"DemandMax":null,"Value":336},{"Length":10,"Height":36,"Demand":1,"DemandMax":null,"Value":360},{"Length":29,"Height":12,"Demand":7,"DemandMax":null,"Value":348},{"Length":23,"Height":15,"Demand":7,"DemandMax":null,"Value":345},{"Length":28,"Height":12,"Demand":4,"DemandMax":null,"Value":336},{"Length":15,"Height":23,"Demand":5,"DemandMax":null,"Value":345},{"Length":34,"Height":10,"Demand":2,"DemandMax":null,"Value":340},{"Length":19,"Height":18,"Demand":2,"DemandMax":null,"Value":342},{"Length":17,"Height":21,"Demand":1,"DemandMax":null,"Value":357},{"Length":18,"Height":19,"Demand":3,"DemandMax":null,"Value":342},{"Length":37,"Height":9,"Demand":1,"DemandMax":null,"Value":333},{"Length":24,"Height":14,"Demand":6,"DemandMax":null,"Value":336},{"Length":36,"Height":9,"Demand":2,"DemandMax":null,"Value":324},{"Length":25,"Height":13,"Demand":7,"DemandMax":null,"Value":325},{"Length":26,"Height":13,"Demand":2,"DemandMax":null,"Value":338},{"Length":14,"Height":24,"Demand":2,"DemandMax":null,"Value":336},{"Length":30,"Height":11,"Demand":3,"DemandMax":null,"Value":330},{"Length":12,"Height":27,"Demand":5,"DemandMax":null,"Value":324},{"Length":22,"Height":15,"Demand":2,"DemandMax":null,"Value":330},{"Length":9,"Height":36,"Demand":2,"DemandMax":null,"Value":324},{"Length":17,"Height":19,"Demand":3,"DemandMax":null,"Value":323},{"Length":19,"Height":17,"Demand":5,"DemandMax":null,"Value":323},{"Length":15,"Height":22,"Demand":3,"DemandMax":null,"Value":330},{"Length":35,"Height":10,"Demand":1,"DemandMax":null,"Value":350},{"Length":20,"Height":16,"Demand":6,"DemandMax":null,"Value":320},{"Length":21,"Height":15,"Demand":6,"DemandMax":null,"Value":315},{"Length":9,"Height":35,"Demand":2,"DemandMax":null,"Value":315},{"Length":20,"Height":17,"Demand":2,"DemandMax":null,"Value":340},{"Length":11,"Height":29,"Demand":4,"DemandMax":null,"Value":319},{"Length":16,"Height":20,"Demand":3,"DemandMax":null,"Value":320},{"Length":23,"Height":14,"Demand":4,"DemandMax":null,"Value":322},{"Length":14,"Height":23,"Demand":3,"DemandMax":null,"Value":322},{"Length":31,"Height":11,"Demand":1,"DemandMax":null,"Value":341},{"Length":29,"Height":11,"Demand":3,"DemandMax":null,"Value":319},{"Length":10,"Height":32,"Demand":4,"DemandMax":null,"Value":320},{"Length":27,"Height":12,"Demand":2,"DemandMax":null,"Value":324},{"Length":11,"Height":30,"Demand":2,"DemandMax":null,"Value":330},{"Length":15,"Height":21,"Demand":5,"DemandMax":null,"Value":315},{"Length":13,"Height":24,"Demand":2,"DemandMax":null,"Value":312},{"Length":13,"Height":25,"Demand":1,"DemandMax":null,"Value":325},{"Length":18,"Height":18,"Demand":2,"DemandMax":null,"Value":324},{"Length":10,"Height":31,"Demand":1,"DemandMax":null,"Value":310},{"Length":24,"Height":13,"Demand":3,"DemandMax":null,"Value":312},{"Length":35,"Height":9,"Demand":1,"DemandMax":null,"Value":315},{"Length":25,"Height":12,"Demand":5,"DemandMax":null,"Value":300},{"Length":31,"Height":10,"Demand":3,"DemandMax":null,"Value":310},{"Length":14,"Height":22,"Demand":3,"DemandMax":null,"Value":308},{"Length":26,"Height":12,"Demand":1,"DemandMax":null,"Value":312},{"Length":23,"Height":13,"Demand":3,"DemandMax":null,"Value":299},{"Length":19,"Height":16,"Demand":4,"DemandMax":null,"Value":304},{"Length":16,"Height":19,"Demand":5,"DemandMax":null,"Value":304},{"Length":21,"Height":14,"Demand":7,"DemandMax":null,"Value":294},{"Length":33,"Height":9,"Demand":2,"DemandMax":null,"Value":297},{"Length":10,"Height":30,"Demand":2,"DemandMax":null,"Value":300},{"Length":13,"Height":23,"Demand":3,"DemandMax":null,"Value":299},{"Length":22,"Height":14,"Demand":3,"DemandMax":null,"Value":308},{"Length":9,"Height":34,"Demand":1,"DemandMax":null,"Value":306},{"Length":9,"Height":32,"Demand":4,"DemandMax":null,"Value":288},{"Length":15,"Height":20,"Demand":7,"DemandMax":null,"Value":300},{"Length":18,"Height":16,"Demand":16,"DemandMax":null,"Value":288},{"Length":12,"Height":25,"Demand":1,"DemandMax":null,"Value":300},{"Length":14,"Height":21,"Demand":6,"DemandMax":null,"Value":294},{"Length":17,"Height":18,"Demand":3,"DemandMax":null,"Value":306},{"Length":20,"Height":15,"Demand":2,"DemandMax":null,"Value":300},{"Length":27,"Height":11,"Demand":4,"DemandMax":null,"Value":297},{"Length":18,"Height":17,"Demand":1,"DemandMax":null,"Value":306},{"Length":26,"Height":11,"Demand":8,"DemandMax":null,"Value":286},{"Length":15,"Height":19,"Demand":9,"DemandMax":null,"Value":285},{"Length":12,"Height":24,"Demand":4,"DemandMax":null,"Value":288},{"Length":17,"Height":17,"Demand":7,"DemandMax":null,"Value":289},{"Length":24,"Height":12,"Demand":11,"DemandMax":null,"Value":288},{"Length":16,"Height":18,"Demand":8,"DemandMax":null,"Value":288},{"Length":22,"Height":13,"Demand":8,"DemandMax":null,"Value":286},{"Length":34,"Height":9,"Demand":2,"DemandMax":null,"Value":306},{"Length":13,"Height":22,"Demand":5,"DemandMax":null,"Value":286},{"Length":9,"Height":31,"Demand":8,"DemandMax":null,"Value":279},{"Length":23,"Height":12,"Demand":14,"DemandMax":null,"Value":276},{"Length":11,"Height":26,"Demand":8,"DemandMax":null,"Value":286},{"Length":32,"Height":9,"Demand":3,"DemandMax":null,"Value":288},{"Length":29,"Height":10,"Demand":4,"DemandMax":null,"Value":290},{"Length":12,"Height":23,"Demand":8,"DemandMax":null,"Value":276},{"Length":11,"Height":27,"Demand":2,"DemandMax":null,"Value":297},{"Length":21,"Height":13,"Demand":14,"DemandMax":null,"Value":273},{"Length":19,"Height":15,"Demand":10,"DemandMax":null,"Value":285},{"Length":10,"Height":29,"Demand":2,"DemandMax":null,"Value":290},{"Length":8,"Height":34,"Demand":1,"DemandMax":null,"Value":272},{"Length":16,"Height":17,"Demand":12,"DemandMax":null,"Value":272},{"Length":11,"Height":25,"Demand":14,"DemandMax":null,"Value":275},{"Length":28,"Height":10,"Demand":4,"DemandMax":null,"Value":280},{"Length":10,"Height":27,"Demand":8,"DemandMax":null,"Value":270},{"Length":25,"Height":11,"Demand":10,"DemandMax":null,"Value":275},{"Length":10,"Height":28,"Demand":4,"DemandMax":null,"Value":280},{"Length":20,"Height":14,"Demand":12,"DemandMax":null,"Value":280},{"Length":13,"Height":21,"Demand":16,"DemandMax":null,"Value":273},{"Length":14,"Height":19,"Demand":18,"DemandMax":null,"Value":266},{"Length":15,"Height":18,"Demand":20,"DemandMax":null,"Value":270},{"Length":17,"Height":16,"Demand":14,"DemandMax":null,"Value":272},{"Length":9,"Height":30,"Demand":10,"DemandMax":null,"Value":270},{"Length":14,"Height":20,"Demand":11,"DemandMax":null,"Value":280},{"Length":18,"Height":15,"Demand":22,"DemandMax":null,"Value":270},{"Length":27,"Height":10,"Demand":12,"DemandMax":null,"Value":270},{"Length":30,"Height":9,"Demand":4,"DemandMax":null,"Value":270},{"Length":9,"Height":33,"Demand":1,"DemandMax":null,"Value":297},{"Length":11,"Height":24,"Demand":9,"DemandMax":null,"Value":264},{"Length":19,"Height":14,"Demand":19,"DemandMax":null,"Value":266},{"Length":12,"Height":22,"Demand":19,"DemandMax":null,"Value":264},{"Length":9,"Height":29,"Demand":7,"DemandMax":null,"Value":261},{"Length":32,"Height":8,"Demand":1,"DemandMax":null,"Value":256},{"Length":8,"Height":33,"Demand":2,"DemandMax":null,"Value":264},{"Length":10,"Height":26,"Demand":9,"DemandMax":null,"Value":260},{"Length":13,"Height":20,"Demand":15,"DemandMax":null,"Value":260},{"Length":22,"Height":12,"Demand":20,"DemandMax":null,"Value":264},{"Length":26,"Height":10,"Demand":6,"DemandMax":null,"Value":260},{"Length":24,"Height":11,"Demand":9,"DemandMax":null,"Value":264},{"Length":29,"Height":9,"Demand":8,"DemandMax":null,"Value":261},{"Length":9,"Height":28,"Demand":7,"DemandMax":null,"Value":252},{"Length":20,"Height":13,"Demand":17,"DemandMax":null,"Value":260},{"Length":23,"Height":11,"Demand":8,"DemandMax":null,"Value":253},{"Length":16,"Height":16,"Demand":15,"DemandMax":null,"Value":256},{"Length":14,"Height":18,"Demand":9,"DemandMax":null,"Value":252},{"Length":15,"Height":17,"Demand":14,"DemandMax":null,"Value":255},{"Length":12,"Height":21,"Demand":19,"DemandMax":null,"Value":252},{"Length":18,"Height":14,"Demand":11,"DemandMax":null,"Value":252},{"Length":8,"Height":32,"Demand":4,"DemandMax":null,"Value":256},{"Length":8,"Height":31,"Demand":5,"DemandMax":null,"Value":248},{"Length":17,"Height":15,"Demand":10,"DemandMax":null,"Value":255},{"Length":21,"Height":12,"Demand":6,"DemandMax":null,"Value":252},{"Length":10,"Height":25,"Demand":10,"DemandMax":null,"Value":250},{"Length":11,"Height":23,"Demand":8,"DemandMax":null,"Value":253},{"Length":13,"Height":19,"Demand":11,"DemandMax":null,"Value":247},{"Length":31,"Height":8,"Demand":7,"DemandMax":null,"Value":248},{"Length":25,"Height":10,"Demand":7,"DemandMax":null,"Value":250},{"Length":28,"Height":9,"Demand":3,"DemandMax":null,"Value":252},{"Length":19,"Height":13,"Demand":13,"DemandMax":null,"Value":247},{"Length":9,"Height":27,"Demand":8,"DemandMax":null,"Value":243},{"Length":27,"Height":9,"Demand":8,"DemandMax":null,"Value":243},{"Length":11,"Height":22,"Demand":12,"DemandMax":null,"Value":242},{"Length":16,"Height":15,"Demand":10,"DemandMax":null,"Value":240},{"Length":20,"Height":12,"Demand":14,"DemandMax":null,"Value":240},{"Length":22,"Height":11,"Demand":13,"DemandMax":null,"Value":242},{"Length":12,"Height":20,"Demand":16,"DemandMax":null,"Value":240},{"Length":10,"Height":24,"Demand":7,"DemandMax":null,"Value":240},{"Length":18,"Height":13,"Demand":16,"DemandMax":null,"Value":234},{"Length":15,"Height":16,"Demand":6,"DemandMax":null,"Value":240},{"Length":9,"Height":26,"Demand":7,"DemandMax":null,"Value":234},{"Length":17,"Height":14,"Demand":11,"DemandMax":null,"Value":238},{"Length":11,"Height":21,"Demand":22,"DemandMax":null,"Value":231},{"Length":14,"Height":17,"Demand":10,"DemandMax":null,"Value":238},{"Length":13,"Height":18,"Demand":14,"DemandMax":null,"Value":234},{"Length":21,"Height":11,"Demand":24,"DemandMax":null,"Value":231},{"Length":24,"Height":10,"Demand":5,"DemandMax":null,"Value":240},{"Length":10,"Height":23,"Demand":13,"DemandMax":null,"Value":230},{"Length":8,"Height":30,"Demand":4,"DemandMax":null,"Value":240},{"Length":12,"Height":19,"Demand":26,"DemandMax":null,"Value":228},{"Length":29,"Height":8,"Demand":13,"DemandMax":null,"Value":232},{"Length":25,"Height":9,"Demand":17,"DemandMax":null,"Value":225},{"Length":23,"Height":10,"Demand":15,"DemandMax":null,"Value":230},{"Length":14,"Height":16,"Demand":18,"DemandMax":null,"Value":224},{"Length":8,"Height":29,"Demand":8,"DemandMax":null,"Value":232},{"Length":28,"Height":8,"Demand":7,"DemandMax":null,"Value":224},{"Length":26,"Height":9,"Demand":5,"DemandMax":null,"Value":234},{"Length":15,"Height":15,"Demand":37,"DemandMax":null,"Value":225},{"Length":19,"Height":12,"Demand":23,"DemandMax":null,"Value":228},{"Length":16,"Height":14,"Demand":38,"DemandMax":null,"Value":224},{"Length":13,"Height":17,"Demand":19,"DemandMax":null,"Value":221},{"Length":11,"Height":20,"Demand":25,"DemandMax":null,"Value":220},{"Length":17,"Height":13,"Demand":32,"DemandMax":null,"Value":221},{"Length":22,"Height":10,"Demand":25,"DemandMax":null,"Value":220},{"Length":9,"Height":25,"Demand":10,"DemandMax":null,"Value":225},{"Length":27,"Height":8,"Demand":13,"DemandMax":null,"Value":216},{"Length":20,"Height":11,"Demand":57,"DemandMax":null,"Value":220},{"Length":24,"Height":9,"Demand":9,"DemandMax":null,"Value":216},{"Length":8,"Height":27,"Demand":10,"DemandMax":null,"Value":216},{"Length":12,"Height":18,"Demand":32,"DemandMax":null,"Value":216},{"Length":10,"Height":22,"Demand":15,"DemandMax":null,"Value":220},{"Length":18,"Height":12,"Demand":28,"DemandMax":null,"Value":216},{"Length":7,"Height":30,"Demand":3,"DemandMax":null,"Value":210},{"Length":8,"Height":28,"Demand":6,"DemandMax":null,"Value":224},{"Length":9,"Height":24,"Demand":15,"DemandMax":null,"Value":216},{"Length":11,"Height":19,"Demand":26,"DemandMax":null,"Value":209},{"Length":14,"Height":15,"Demand":29,"DemandMax":null,"Value":210},{"Length":8,"Height":26,"Demand":18,"DemandMax":null,"Value":208},{"Length":26,"Height":8,"Demand":5,"DemandMax":null,"Value":208},{"Length":13,"Height":16,"Demand":19,"DemandMax":null,"Value":208},{"Length":30,"Height":7,"Demand":3,"DemandMax":null,"Value":210},{"Length":10,"Height":21,"Demand":15,"DemandMax":null,"Value":210},{"Length":16,"Height":13,"Demand":23,"DemandMax":null,"Value":208},{"Length":19,"Height":11,"Demand":27,"DemandMax":null,"Value":209},{"Length":23,"Height":9,"Demand":15,"DemandMax":null,"Value":207},{"Length":21,"Height":10,"Demand":19,"DemandMax":null,"Value":210},{"Length":29,"Height":7,"Demand":6,"DemandMax":null,"Value":203},{"Length":12,"Height":17,"Demand":14,"DemandMax":null,"Value":204},{"Length":15,"Height":14,"Demand":21,"DemandMax":null,"Value":210},{"Length":7,"Height":29,"Demand":3,"DemandMax":null,"Value":203},{"Length":9,"Height":23,"Demand":15,"DemandMax":null,"Value":207},{"Length":8,"Height":25,"Demand":9,"DemandMax":null,"Value":200},{"Length":17,"Height":12,"Demand":22,"DemandMax":null,"Value":204},{"Length":25,"Height":8,"Demand":7,"DemandMax":null,"Value":200},{"Length":20,"Height":10,"Demand":16,"DemandMax":null,"Value":200},{"Length":10,"Height":20,"Demand":16,"DemandMax":null,"Value":200},{"Length":11,"Height":18,"Demand":15,"DemandMax":null,"Value":198},{"Length":18,"Height":11,"Demand":14,"DemandMax":null,"Value":198},{"Length":22,"Height":9,"Demand":16,"DemandMax":null,"Value":198},{"Length":7,"Height":28,"Demand":3,"DemandMax":null,"Value":196},{"Length":28,"Height":7,"Demand":7,"DemandMax":null,"Value":196},{"Length":14,"Height":14,"Demand":16,"DemandMax":null,"Value":196},{"Length":13,"Height":15,"Demand":17,"DemandMax":null,"Value":195},{"Length":27,"Height":7,"Demand":7,"DemandMax":null,"Value":189},{"Length":16,"Height":12,"Demand":19,"DemandMax":null,"Value":192},{"Length":15,"Height":13,"Demand":19,"DemandMax":null,"Value":195},{"Length":8,"Height":24,"Demand":9,"DemandMax":null,"Value":192},{"Length":7,"Height":27,"Demand":5,"DemandMax":null,"Value":189},{"Length":19,"Height":10,"Demand":16,"DemandMax":null,"Value":190},{"Length":21,"Height":9,"Demand":15,"DemandMax":null,"Value":189},{"Length":9,"Height":22,"Demand":6,"DemandMax":null,"Value":198},{"Length":11,"Height":17,"Demand":17,"DemandMax":null,"Value":187},{"Length":24,"Height":8,"Demand":7,"DemandMax":null,"Value":192},{"Length":10,"Height":19,"Demand":14,"DemandMax":null,"Value":190},{"Length":12,"Height":16,"Demand":10,"DemandMax":null,"Value":192},{"Length":9,"Height":21,"Demand":9,"DemandMax":null,"Value":189},{"Length":8,"Height":23,"Demand":12,"DemandMax":null,"Value":184},{"Length":14,"Height":13,"Demand":19,"DemandMax":null,"Value":182},{"Length":23,"Height":8,"Demand":6,"DemandMax":null,"Value":184},{"Length":26,"Height":7,"Demand":11,"DemandMax":null,"Value":182},{"Length":7,"Height":26,"Demand":8,"DemandMax":null,"Value":182},{"Length":17,"Height":11,"Demand":19,"DemandMax":null,"Value":187},{"Length":20,"Height":9,"Demand":17,"DemandMax":null,"Value":180},{"Length":18,"Height":10,"Demand":15,"DemandMax":null,"Value":180},{"Length":12,"Height":15,"Demand":22,"DemandMax":null,"Value":180},{"Length":7,"Height":25,"Demand":18,"DemandMax":null,"Value":175},{"Length":13,"Height":14,"Demand":13,"DemandMax":null,"Value":182},{"Length":9,"Height":20,"Demand":21,"DemandMax":null,"Value":180},{"Length":11,"Height":16,"Demand":30,"DemandMax":null,"Value":176},{"Length":25,"Height":7,"Demand":17,"DemandMax":null,"Value":175},{"Length":15,"Height":12,"Demand":25,"DemandMax":null,"Value":180},{"Length":8,"Height":22,"Demand":15,"DemandMax":null,"Value":176},{"Length":16,"Height":11,"Demand":25,"DemandMax":null,"Value":176},{"Length":22,"Height":8,"Demand":17,"DemandMax":null,"Value":176},{"Length":9,"Height":19,"Demand":19,"DemandMax":null,"Value":171},{"Length":19,"Height":9,"Demand":17,"DemandMax":null,"Value":171},{"Length":24,"Height":7,"Demand":6,"DemandMax":null,"Value":168},{"Length":10,"Height":18,"Demand":15,"DemandMax":null,"Value":180},{"Length":14,"Height":12,"Demand":31,"DemandMax":null,"Value":168},{"Length":8,"Height":21,"Demand":19,"DemandMax":null,"Value":168},{"Length":13,"Height":13,"Demand":33,"DemandMax":null,"Value":169},{"Length":21,"Height":8,"Demand":20,"DemandMax":null,"Value":168},{"Length":17,"Height":10,"Demand":22,"DemandMax":null,"Value":170},{"Length":7,"Height":24,"Demand":18,"DemandMax":null,"Value":168},{"Length":15,"Height":11,"Demand":28,"DemandMax":null,"Value":165},{"Length":12,"Height":14,"Demand":28,"DemandMax":null,"Value":168},{"Length":11,"Height":15,"Demand":31,"DemandMax":null,"Value":165},{"Length":9,"Height":18,"Demand":26,"DemandMax":null,"Value":162},{"Length":10,"Height":17,"Demand":21,"DemandMax":null,"Value":170},{"Length":16,"Height":10,"Demand":39,"DemandMax":null,"Value":160},{"Length":7,"Height":23,"Demand":36,"DemandMax":null,"Value":161},{"Length":20,"Height":8,"Demand":25,"DemandMax":null,"Value":160},{"Length":8,"Height":20,"Demand":17,"DemandMax":null,"Value":160},{"Length":23,"Height":7,"Demand":18,"DemandMax":null,"Value":161},{"Length":18,"Height":9,"Demand":25,"DemandMax":null,"Value":162},{"Length":26,"Height":6,"Demand":3,"DemandMax":null,"Value":156},{"Length":10,"Height":16,"Demand":29,"DemandMax":null,"Value":160},{"Length":12,"Height":13,"Demand":57,"DemandMax":null,"Value":156},{"Length":13,"Height":12,"Demand":48,"DemandMax":null,"Value":156},{"Length":14,"Height":11,"Demand":55,"DemandMax":null,"Value":154},{"Length":22,"Height":7,"Demand":39,"DemandMax":null,"Value":154},{"Length":7,"Height":22,"Demand":40,"DemandMax":null,"Value":154},{"Length":11,"Height":14,"Demand":44,"DemandMax":null,"Value":154},{"Length":25,"Height":6,"Demand":9,"DemandMax":null,"Value":150},{"Length":6,"Height":25,"Demand":12,"DemandMax":null,"Value":150},{"Length":17,"Height":9,"Demand":30,"DemandMax":null,"Value":153},{"Length":19,"Height":8,"Demand":24,"DemandMax":null,"Value":152},{"Length":9,"Height":17,"Demand":41,"DemandMax":null,"Value":153},{"Length":21,"Height":7,"Demand":31,"DemandMax":null,"Value":147},{"Length":15,"Height":10,"Demand":54,"DemandMax":null,"Value":150},{"Length":10,"Height":15,"Demand":57,"DemandMax":null,"Value":150},{"Length":8,"Height":19,"Demand":18,"DemandMax":null,"Value":152},{"Length":24,"Height":6,"Demand":11,"DemandMax":null,"Value":144},{"Length":7,"Height":21,"Demand":30,"DemandMax":null,"Value":147},{"Length":12,"Height":12,"Demand":87,"DemandMax":null,"Value":144},{"Length":16,"Height":9,"Demand":55,"DemandMax":null,"Value":144},{"Length":6,"Height":24,"Demand":9,"DemandMax":null,"Value":144},{"Length":9,"Height":16,"Demand":43,"DemandMax":null,"Value":144},{"Length":18,"Height":8,"Demand":24,"DemandMax":null,"Value":144},{"Length":8,"Height":18,"Demand":12,"DemandMax":null,"Value":144},{"Length":13,"Height":11,"Demand":79,"DemandMax":null,"Value":143},{"Length":6,"Height":23,"Demand":26,"DemandMax":null,"Value":138},{"Length":11,"Height":13,"Demand":56,"DemandMax":null,"Value":143},{"Length":23,"Height":6,"Demand":31,"DemandMax":null,"Value":138},{"Length":14,"Height":10,"Demand":52,"DemandMax":null,"Value":140},{"Length":7,"Height":20,"Demand":21,"DemandMax":null,"Value":140},{"Length":20,"Height":7,"Demand":26,"DemandMax":null,"Value":140},{"Length":10,"Height":14,"Demand":39,"DemandMax":null,"Value":140},{"Length":8,"Height":17,"Demand":23,"DemandMax":null,"Value":136},{"Length":17,"Height":8,"Demand":12,"DemandMax":null,"Value":136},{"Length":19,"Height":7,"Demand":13,"DemandMax":null,"Value":133},{"Length":9,"Height":15,"Demand":33,"DemandMax":null,"Value":135},{"Length":15,"Height":9,"Demand":25,"DemandMax":null,"Value":135},{"Length":6,"Height":22,"Demand":23,"DemandMax":null,"Value":132},{"Length":22,"Height":6,"Demand":16,"DemandMax":null,"Value":132},{"Length":7,"Height":19,"Demand":17,"DemandMax":null,"Value":133},{"Length":12,"Height":11,"Demand":39,"DemandMax":null,"Value":132},{"Length":11,"Height":12,"Demand":27,"DemandMax":null,"Value":132},{"Length":16,"Height":8,"Demand":9,"DemandMax":null,"Value":128},{"Length":6,"Height":21,"Demand":17,"DemandMax":null,"Value":126},{"Length":13,"Height":10,"Demand":33,"DemandMax":null,"Value":130},{"Length":21,"Height":6,"Demand":11,"DemandMax":null,"Value":126},{"Length":10,"Height":13,"Demand":30,"DemandMax":null,"Value":130},{"Length":9,"Height":14,"Demand":32,"DemandMax":null,"Value":126},{"Length":14,"Height":9,"Demand":30,"DemandMax":null,"Value":126},{"Length":7,"Height":18,"Demand":7,"DemandMax":null,"Value":126},{"Length":8,"Height":16,"Demand":14,"DemandMax":null,"Value":128},{"Length":18,"Height":7,"Demand":13,"DemandMax":null,"Value":126},{"Length":7,"Height":17,"Demand":8,"DemandMax":null,"Value":119},{"Length":6,"Height":20,"Demand":11,"DemandMax":null,"Value":120},{"Length":15,"Height":8,"Demand":14,"DemandMax":null,"Value":120},{"Length":11,"Height":11,"Demand":43,"DemandMax":null,"Value":121},{"Length":12,"Height":10,"Demand":24,"DemandMax":null,"Value":120},{"Length":10,"Height":12,"Demand":24,"DemandMax":null,"Value":120},{"Length":17,"Height":7,"Demand":15,"DemandMax":null,"Value":119},{"Length":20,"Height":6,"Demand":13,"DemandMax":null,"Value":120},{"Length":8,"Height":15,"Demand":13,"DemandMax":null,"Value":120},{"Length":13,"Height":9,"Demand":19,"DemandMax":null,"Value":117},{"Length":9,"Height":13,"Demand":14,"DemandMax":null,"Value":117},{"Length":6,"Height":19,"Demand":7,"DemandMax":null,"Value":114},{"Length":16,"Height":7,"Demand":4,"DemandMax":null,"Value":112},{"Length":8,"Height":14,"Demand":3,"DemandMax":null,"Value":112},{"Length":14,"Height":8,"Demand":2,"DemandMax":null,"Value":112},{"Length":19,"Height":6,"Demand":3,"DemandMax":null,"Value":114},{"Length":10,"Height":11,"Demand":1,"DemandMax":null,"Value":110},{"Length":11,"Height":10,"Demand":1,"DemandMax":null,"Value":110},{"Length":5,"Height":22,"Demand":1,"DemandMax":null,"Value":110}]}