{"Name":"nice12t","Objects":[{"Length":1000,"Height":1001,"Stock":null,"Cost":1001000}],"Items":[{"Length":84,"Height":21,"Demand":1,"DemandMax":null,"Value":1764},{"Length":45,"Height":40,"Demand":1,"DemandMax":null,"Value":1800},{"Length":46,"Height":34,"Demand":1,"DemandMax":null,"Value":1564},{"Length":27,"Height":51,"Demand":1,"DemandMax":null,"Value":1377},{"Length":54,"Height":26,"Demand":1,"DemandMax":null,"Value":1404},{"Length":40,"Height":34,"Demand":1,"DemandMax":null,"Value":1360},{"Length":23,"Height":58,"Demand":1,"DemandMax":null,"Value":1334},{"Length":31,"Height":44,"Demand":1,"DemandMax":null,"Value":1364},{"Length":31,"Height":42,"Demand":1,"DemandMax":null,"Value":1302},{"Length":39,"Height":32,"Demand":1,"DemandMax":null,"Value":1248},{"Length":22,"Height":54,"Demand":1,"DemandMax":null,"Value":1188},{"Length":23,"Height":50,"Demand":1,"DemandMax":null,"Value":1150},{"Length":36,"Height":32,"Demand":1,"DemandMax":null,"Value":1152},{"Length":32,"Height":35,"Demand":1,"DemandMax":null,"Value":1120},{"Length":20,"Height":56,"Demand":1,"DemandMax":null,"Value":1120},{"Length":40,"Height":27,"Demand":1,"DemandMax":null,"Value":1080},{"Length":26,"Height":41,"Demand":1,"DemandMax":null,"Value":1066},{"Length":35,"Height":30,"Demand":1,"DemandMax":null,"Value":1050},{"Length":33,"Height":32,"Demand":1,"DemandMax":null,"Value":1056},{"Length":30,"Height":36,"Demand":1,"DemandMax":null,"Value":1080},{"Length":38,"Height":28,"Demand":1,"DemandMax":null,"Value":1064},{"Length":41,"Height":26,"Demand":1,"DemandMax":null,"Value":1066},{"Length":24,"Height":43,"Demand":2,"DemandMax":null,"Value":1032},{"Length":45,"Height":24,"Demand":1,"DemandMax":null,"Value":1080},{"Length":37,"Height":28,"Demand":1,"DemandMax":null,"Value":1036},{"Length":28,"Height":38,"Demand":1,"DemandMax":null,"Value":1064},{"Length":17,"Height":63,"Demand":1,"DemandMax":null,"Value":1071},{"Length":43,"Height":24,"Demand":1,"DemandMax":null,"Value":1032},{"Length":64,"Height":16,"Demand":1,"DemandMax":null,"Value":1024},{"Length":31,"Height":33,"Demand":1,"DemandMax":null,"Value":1023},{"Length":16,"Height":64,"Demand":1,"DemandMax":null,"Value":1024},{"Length":24,"Height":44,"Demand":1,"DemandMax":null,"Value":1056},{"Length":20,"Height":52,"Demand":1,"DemandMax":null,"Value":1040},{"Length":25,"Height":41,"Demand":2,"DemandMax":null,"Value":1025},{"Length":45,"Height":23,"Demand":1,"DemandMax":null,"Value":1035},{"Length":32,"Height":32,"Demand":1,"DemandMax":null,"Value":1024},{"Length":23,"Height":45,"Demand":1,"DemandMax":null,"Value":1035},{"Length":19,"Height":53,"Demand":1,"DemandMax":null,"Value":1007},{"Length":19,"Height":52,"Demand":2,"DemandMax":null,"Value":988},{"Length":26,"Height":39,"Demand":1,"DemandMax":null,"Value":1014},{"Length":42,"Height":24,"Demand":2,"DemandMax":null,"Value":1008},{"Length":25,"Height":40,"Demand":2,"DemandMax":null,"Value":1000},{"Length":46,"Height":22,"Demand":3,"DemandMax":null,"Value":1012},{"Length":18,"Height":56,"Demand":1,"DemandMax":null,"Value":1008},{"Length":57,"Height":18,"Demand":1,"DemandMax":null,"Value":1026},{"Length":23,"Height":43,"Demand":1,"DemandMax":null,"Value":989},{"Length":21,"Height":49,"Demand":1,"DemandMax":null,"Value":1029},{"Length":37,"Height":27,"Demand":1,"DemandMax":null,"Value":999},{"Length":22,"Height":46,"Demand":1,"DemandMax":null,"Value":1012},{"Length":26,"Height":38,"Demand":1,"DemandMax":null,"Value":988},{"Length":29,"Height":34,"Demand":1,"DemandMax":null,"Value":986},{"Length":24,"Height":41,"Demand":1,"DemandMax":null,"Value":984},{"Length":59,"Height":17,"Demand":1,"DemandMax":null,"Value":1003},{"Length":33,"Height":30,"Demand":1,"DemandMax":null,"Value":990},{"Length":30,"Height":33,"Demand":1,"DemandMax":null,"Value":990},{"Length":36,"Height":27,"Demand":1,"DemandMax":null,"Value":972},{"Length":39,"Height":25,"Demand":1,"DemandMax":null,"Value":975},{"Length":24,"Height":40,"Demand":1,"DemandMax":null,"Value":960},{"Length":19,"Height":50,"Demand":1,"DemandMax":null,"Value":950},{"Length":34,"Height":29,"Demand":1,"DemandMax":null,"Value":986},{"Length":16,"Height":59,"Demand":1,"DemandMax":null,"Value":944},{"Length":25,"Height":39,"Demand":2,"DemandMax":null,"Value":975},{"Length":40,"Height":24,"Demand":1,"DemandMax":null,"Value":960},{"Length":28,"Height":33,"Demand":1,"DemandMax":null,"Value":924},{"Length":29,"Height":32,"Demand":3,"DemandMax":null,"Value":928},{"Length":51,"Height":19,"Demand":1,"DemandMax":null,"Value":969},{"Length":33,"Height":28,"Demand":1,"DemandMax":null,"Value":924},{"Length":16,"Height":60,"Demand":1,"DemandMax":null,"Value":960},{"Length":45,"Height":21,"Demand":1,"DemandMax":null,"Value":945},{"Length":44,"Height":21,"Demand":1,"DemandMax":null,"Value":924},{"Length":27,"Height":35,"Demand":1,"DemandMax":null,"Value":945},{"Length":23,"Height":40,"Demand":1,"DemandMax":null,"Value":920},{"Length":15,"Height":60,"Demand":1,"DemandMax":null,"Value":900},{"Length":51,"Height":18,"Demand":3,"DemandMax":null,"Value":918},{"Length":21,"Height":45,"Demand":1,"DemandMax":null,"Value":945},{"Length":30,"Height":31,"Demand":2,"DemandMax":null,"Value":930},{"Length":19,"Height":49,"Demand":2,"DemandMax":null,"Value":931},{"Length":36,"Height":26,"Demand":1,"DemandMax":null,"Value":936},{"Length":41,"Height":22,"Demand":1,"DemandMax":null,"Value":902},{"Length":16,"Height":57,"Demand":1,"DemandMax":null,"Value":912},{"Length":32,"Height":28,"Demand":2,"DemandMax":null,"Value":896},{"Length":46,"Height":20,"Demand":1,"DemandMax":null,"Value":920},{"Length":17,"Height":53,"Demand":1,"DemandMax":null,"Value":901},{"Length":47,"Height":19,"Demand":1,"DemandMax":null,"Value":893},{"Length":21,"Height":42,"Demand":3,"DemandMax":null,"Value":882},{"Length":17,"Height":52,"Demand":2,"DemandMax":null,"Value":884},{"Length":43,"Height":21,"Demand":1,"DemandMax":null,"Value":903},{"Length":39,"Height":23,"Demand":1,"DemandMax":null,"Value":897},{"Length":42,"Height":21,"Demand":1,"DemandMax":null,"Value":882},{"Length":24,"Height":38,"Demand":1,"DemandMax":null,"Value":912},{"Length":23,"Height":38,"Demand":1,"DemandMax":null,"Value":874},{"Length":57,"Height":16,"Demand":1,"DemandMax":null,"Value":912},{"Length":58,"Height":15,"Demand":1,"DemandMax":null,"Value":870},{"Length":44,"Height":20,"Demand":1,"DemandMax":null,"Value":880},{"Length":37,"Height":24,"Demand":2,"DemandMax":null,"Value":888},{"Length":26,"Height":33,"Demand":1,"DemandMax":null,"Value":858},{"Length":45,"Height":19,"Demand":1,"DemandMax":null,"Value":855},{"Length":45,"Height":20,"Demand":1,"DemandMax":null,"Value":900},{"Length":32,"Height":27,"Demand":1,"DemandMax":null,"Value":864},{"Length":30,"Height":29,"Demand":1,"DemandMax":null,"Value":870},{"Length":25,"Height":35,"Demand":1,"DemandMax":null,"Value":875},{"Length":53,"Height":16,"Demand":1,"DemandMax":null,"Value":848},{"Length":15,"Height":58,"Demand":2,"DemandMax":null,"Value":870},{"Length":41,"Height":21,"Demand":1,"DemandMax":null,"Value":861},{"Length":24,"Height":36,"Demand":1,"DemandMax":null,"Value":864},{"Length":44,"Height":19,"Demand":1,"DemandMax":null,"Value":836},{"Length":49,"Height":18,"Demand":1,"DemandMax":null,"Value":882},{"Length":18,"Height":47,"Demand":2,"DemandMax":null,"Value":846},{"Length":27,"Height":32,"Demand":1,"DemandMax":null,"Value":864},{"Length":57,"Height":15,"Demand":1,"DemandMax":null,"Value":855},{"Length":31,"Height":28,"Demand":1,"DemandMax":null,"Value":868},{"Length":47,"Height":18,"Demand":1,"DemandMax":null,"Value":846},{"Length":28,"Height":31,"Demand":1,"DemandMax":null,"Value":868},{"Length":33,"Height":26,"Demand":1,"DemandMax":null,"Value":858},{"Length":35,"Height":24,"Demand":2,"DemandMax":null,"Value":840},{"Length":50,"Height":17,"Demand":1,"DemandMax":null,"Value":850},{"Length":15,"Height":56,"Demand":1,"DemandMax":null,"Value":840},{"Length":18,"Height":48,"Demand":1,"DemandMax":null,"Value":864},{"Length":28,"Height":30,"Demand":1,"DemandMax":null,"Value":840},{"Length":51,"Height":16,"Demand":1,"DemandMax":null,"Value":816},{"Length":22,"Height":38,"Demand":3,"DemandMax":null,"Value":836},{"Length":29,"Height":29,"Demand":2,"DemandMax":null,"Value":841},{"Length":25,"Height":34,"Demand":1,"DemandMax":null,"Value":850},{"Length":30,"Height":27,"Demand":1,"DemandMax":null,"Value":810},{"Length":21,"Height":40,"Demand":1,"DemandMax":null,"Value":840},{"Length":25,"Height":33,"Demand":1,"DemandMax":null,"Value":825},{"Length":16,"Height":51,"Demand":2,"DemandMax":null,"Value":816},{"Length":43,"Height":19,"Demand":1,"DemandMax":null,"Value":817},{"Length":33,"Height":25,"Demand":1,"DemandMax":null,"Value":825},{"Length":26,"Height":32,"Demand":1,"DemandMax":null,"Value":832},{"Length":19,"Height":43,"Demand":1,"DemandMax":null,"Value":817},{"Length":39,"Height":21,"Demand":1,"DemandMax":null,"Value":819},{"Length":17,"Height":49,"Demand":1,"DemandMax":null,"Value":833},{"Length":42,"Height":19,"Demand":2,"DemandMax":null,"Value":798},{"Length":27,"Height":30,"Demand":1,"DemandMax":null,"Value":810},{"Length":28,"Height":29,"Demand":1,"DemandMax":null,"Value":812},{"Length":29,"Height":28,"Demand":1,"DemandMax":null,"Value":812},{"Length":54,"Height":15,"Demand":1,"DemandMax":null,"Value":810},{"Length":40,"Height":20,"Demand":1,"DemandMax":null,"Value":800},{"Length":24,"Height":34,"Demand":1,"DemandMax":null,"Value":816},{"Length":23,"Height":34,"Demand":2,"DemandMax":null,"Value":782},{"Length":17,"Height":47,"Demand":1,"DemandMax":null,"Value":799},{"Length":32,"Height":25,"Demand":1,"DemandMax":null,"Value":800},{"Length":38,"Height":21,"Demand":1,"DemandMax":null,"Value":798},{"Length":25,"Height":32,"Demand":1,"DemandMax":null,"Value":800},{"Length":35,"Height":23,"Demand":1,"DemandMax":null,"Value":805},{"Length":33,"Height":24,"Demand":1,"DemandMax":null,"Value":792},{"Length":29,"Height":27,"Demand":2,"DemandMax":null,"Value":783},{"Length":21,"Height":37,"Demand":1,"DemandMax":null,"Value":777},{"Length":19,"Height":41,"Demand":1,"DemandMax":null,"Value":779},{"Length":30,"Height":26,"Demand":1,"DemandMax":null,"Value":780},{"Length":35,"Height":22,"Demand":1,"DemandMax":null,"Value":770},{"Length":16,"Height":47,"Demand":2,"DemandMax":null,"Value":752},{"Length":44,"Height":18,"Demand":1,"DemandMax":null,"Value":792},{"Length":20,"Height":39,"Demand":1,"DemandMax":null,"Value":780},{"Length":33,"Height":23,"Demand":1,"DemandMax":null,"Value":759},{"Length":27,"Height":28,"Demand":1,"DemandMax":null,"Value":756},{"Length":20,"Height":37,"Demand":2,"DemandMax":null,"Value":740},{"Length":30,"Height":25,"Demand":2,"DemandMax":null,"Value":750},{"Length":42,"Height":18,"Demand":1,"DemandMax":null,"Value":756},{"Length":17,"Height":45,"Demand":1,"DemandMax":null,"Value":765},{"Length":35,"Height":21,"Demand":2,"DemandMax":null,"Value":735},{"Length":22,"Height":35,"Demand":1,"DemandMax":null,"Value":770},{"Length":39,"Height":19,"Demand":2,"DemandMax":null,"Value":741},{"Length":29,"Height":25,"Demand":2,"DemandMax":null,"Value":725},{"Length":22,"Height":33,"Demand":1,"DemandMax":null,"Value":726},{"Length":28,"Height":26,"Demand":1,"DemandMax":null,"Value":728},{"Length":23,"Height":32,"Demand":3,"DemandMax":null,"Value":736},{"Length":48,"Height":15,"Demand":3,"DemandMax":null,"Value":720},{"Length":37,"Height":20,"Demand":1,"DemandMax":null,"Value":740},{"Length":40,"Height":18,"Demand":1,"DemandMax":null,"Value":720},{"Length":25,"Height":30,"Demand":1,"DemandMax":null,"Value":750},{"Length":20,"Height":38,"Demand":1,"DemandMax":null,"Value":760},{"Length":27,"Height":27,"Demand":1,"DemandMax":null,"Value":729},{"Length":20,"Height":36,"Demand":3,"DemandMax":null,"Value":720},{"Length":19,"Height":38,"Demand":2,"DemandMax":null,"Value":722},{"Length":45,"Height":16,"Demand":2,"DemandMax":null,"Value":720},{"Length":26,"Height":28,"Demand":2,"DemandMax":null,"Value":728},{"Length":18,"Height":39,"Demand":4,"DemandMax":null,"Value":702},{"Length":44,"Height":16,"Demand":1,"DemandMax":null,"Value":704},{"Length":33,"Height":21,"Demand":4,"DemandMax":null,"Value":693},{"Length":36,"Height":20,"Demand":5,"DemandMax":null,"Value":720},{"Length":18,"Height":40,"Demand":1,"DemandMax":null,"Value":720},{"Length":16,"Height":45,"Demand":1,"DemandMax":null,"Value":720},{"Length":31,"Height":23,"Demand":1,"DemandMax":null,"Value":713},{"Length":14,"Height":52,"Demand":2,"DemandMax":null,"Value":728},{"Length":14,"Height":53,"Demand":1,"DemandMax":null,"Value":742},{"Length":15,"Height":47,"Demand":2,"DemandMax":null,"Value":705},{"Length":13,"Height":53,"Demand":1,"DemandMax":null,"Value":689},{"Length":46,"Height":16,"Demand":1,"DemandMax":null,"Value":736},{"Length":34,"Height":21,"Demand":1,"DemandMax":null,"Value":714},{"Length":21,"Height":34,"Demand":1,"DemandMax":null,"Value":714},{"Length":43,"Height":17,"Demand":1,"DemandMax":null,"Value":731},{"Length":26,"Height":27,"Demand":2,"DemandMax":null,"Value":702},{"Length":38,"Height":19,"Demand":2,"DemandMax":null,"Value":722},{"Length":19,"Height":37,"Demand":3,"DemandMax":null,"Value":703},{"Length":22,"Height":32,"Demand":4,"DemandMax":null,"Value":704},{"Length":32,"Height":22,"Demand":2,"DemandMax":null,"Value":704},{"Length":51,"Height":14,"Demand":1,"DemandMax":null,"Value":714},{"Length":35,"Height":20,"Demand":1,"DemandMax":null,"Value":700},{"Length":24,"Height":29,"Demand":3,"DemandMax":null,"Value":696},{"Length":39,"Height":18,"Demand":1,"DemandMax":null,"Value":702},{"Length":37,"Height":19,"Demand":1,"DemandMax":null,"Value":703},{"Length":13,"Height":52,"Demand":1,"DemandMax":null,"Value":676},{"Length":29,"Height":24,"Demand":1,"DemandMax":null,"Value":696},{"Length":20,"Height":35,"Demand":1,"DemandMax":null,"Value":700},{"Length":22,"Height":31,"Demand":1,"DemandMax":null,"Value":682},{"Length":24,"Height":30,"Demand":1,"DemandMax":null,"Value":720},{"Length":49,"Height":14,"Demand":1,"DemandMax":null,"Value":686},{"Length":16,"Height":44,"Demand":1,"DemandMax":null,"Value":704},{"Length":36,"Height":19,"Demand":2,"DemandMax":null,"Value":684},{"Length":13,"Height":51,"Demand":2,"DemandMax":null,"Value":663},{"Length":26,"Height":26,"Demand":2,"DemandMax":null,"Value":676},{"Length":21,"Height":32,"Demand":2,"DemandMax":null,"Value":672},{"Length":30,"Height":23,"Demand":1,"DemandMax":null,"Value":690},{"Length":23,"Height":30,"Demand":1,"DemandMax":null,"Value":690},{"Length":27,"Height":25,"Demand":2,"DemandMax":null,"Value":675},{"Length":24,"Height":28,"Demand":1,"DemandMax":null,"Value":672},{"Length":27,"Height":26,"Demand":1,"DemandMax":null,"Value":702},{"Length":31,"Height":22,"Demand":1,"DemandMax":null,"Value":682},{"Length":32,"Height":21,"Demand":1,"DemandMax":null,"Value":672},{"Length":29,"Height":23,"Demand":1,"DemandMax":null,"Value":667},{"Length":51,"Height":13,"Demand":2,"DemandMax":null,"Value":663},{"Length":22,"Height":30,"Demand":3,"DemandMax":null,"Value":660},{"Length":25,"Height":27,"Demand":2,"DemandMax":null,"Value":675},{"Length":18,"Height":38,"Demand":2,"DemandMax":null,"Value":684},{"Length":13,"Height":50,"Demand":3,"DemandMax":null,"Value":650},{"Length":20,"Height":33,"Demand":4,"DemandMax":null,"Value":660},{"Length":28,"Height":24,"Demand":1,"DemandMax":null,"Value":672},{"Length":16,"Height":41,"Demand":4,"DemandMax":null,"Value":656},{"Length":23,"Height":29,"Demand":2,"DemandMax":null,"Value":667},{"Length":40,"Height":17,"Demand":1,"DemandMax":null,"Value":680},{"Length":35,"Height":19,"Demand":3,"DemandMax":null,"Value":665},{"Length":30,"Height":22,"Demand":2,"DemandMax":null,"Value":660},{"Length":23,"Height":28,"Demand":4,"DemandMax":null,"Value":644},{"Length":46,"Height":14,"Demand":1,"DemandMax":null,"Value":644},{"Length":32,"Height":20,"Demand":4,"DemandMax":null,"Value":640},{"Length":31,"Height":21,"Demand":2,"DemandMax":null,"Value":651},{"Length":19,"Height":34,"Demand":1,"DemandMax":null,"Value":646},{"Length":39,"Height":17,"Demand":2,"DemandMax":null,"Value":663},{"Length":19,"Height":35,"Demand":1,"DemandMax":null,"Value":665},{"Length":26,"Height":25,"Demand":1,"DemandMax":null,"Value":650},{"Length":42,"Height":16,"Demand":1,"DemandMax":null,"Value":672},{"Length":36,"Height":18,"Demand":6,"DemandMax":null,"Value":648},{"Length":33,"Height":20,"Demand":1,"DemandMax":null,"Value":660},{"Length":18,"Height":36,"Demand":2,"DemandMax":null,"Value":648},{"Length":30,"Height":21,"Demand":3,"DemandMax":null,"Value":630},{"Length":48,"Height":13,"Demand":2,"DemandMax":null,"Value":624},{"Length":38,"Height":17,"Demand":1,"DemandMax":null,"Value":646},{"Length":24,"Height":27,"Demand":3,"DemandMax":null,"Value":648},{"Length":37,"Height":17,"Demand":1,"DemandMax":null,"Value":629},{"Length":29,"Height":22,"Demand":3,"DemandMax":null,"Value":638},{"Length":21,"Height":30,"Demand":1,"DemandMax":null,"Value":630},{"Length":35,"Height":18,"Demand":3,"DemandMax":null,"Value":630},{"Length":18,"Height":35,"Demand":2,"DemandMax":null,"Value":630},{"Length":22,"Height":28,"Demand":4,"DemandMax":null,"Value":616},{"Length":24,"Height":26,"Demand":2,"DemandMax":null,"Value":624},{"Length":19,"Height":33,"Demand":1,"DemandMax":null,"Value":627},{"Length":27,"Height":24,"Demand":1,"DemandMax":null,"Value":648},{"Length":20,"Height":31,"Demand":3,"DemandMax":null,"Value":620},{"Length":27,"Height":23,"Demand":2,"DemandMax":null,"Value":621},{"Length":29,"Height":21,"Demand":5,"DemandMax":null,"Value":609},{"Length":13,"Height":48,"Demand":3,"DemandMax":null,"Value":624},{"Length":23,"Height":27,"Demand":5,"DemandMax":null,"Value":621},{"Length":26,"Height":24,"Demand":2,"DemandMax":null,"Value":624},{"Length":14,"Height":44,"Demand":2,"DemandMax":null,"Value":616},{"Length":21,"Height":31,"Demand":1,"DemandMax":null,"Value":651},{"Length":39,"Height":16,"Demand":3,"DemandMax":null,"Value":624},{"Length":36,"Height":17,"Demand":2,"DemandMax":null,"Value":612},{"Length":41,"Height":15,"Demand":4,"DemandMax":null,"Value":615},{"Length":22,"Height":29,"Demand":1,"DemandMax":null,"Value":638},{"Length":31,"Height":20,"Demand":2,"DemandMax":null,"Value":620},{"Length":16,"Height":39,"Demand":2,"DemandMax":null,"Value":624},{"Length":17,"Height":36,"Demand":1,"DemandMax":null,"Value":612},{"Length":13,"Height":47,"Demand":1,"DemandMax":null,"Value":611},{"Length":44,"Height":14,"Demand":1,"DemandMax":null,"Value":616},{"Length":13,"Height":46,"Demand":4,"DemandMax":null,"Value":598},{"Length":20,"Height":30,"Demand":3,"DemandMax":null,"Value":600},{"Length":34,"Height":18,"Demand":2,"DemandMax":null,"Value":612},{"Length":25,"Height":25,"Demand":2,"DemandMax":null,"Value":625},{"Length":26,"Height":23,"Demand":1,"DemandMax":null,"Value":598},{"Length":15,"Height":40,"Demand":1,"DemandMax":null,"Value":600},{"Length":15,"Height":41,"Demand":1,"DemandMax":null,"Value":615},{"Length":23,"Height":26,"Demand":6,"DemandMax":null,"Value":598},{"Length":32,"Height":19,"Demand":1,"DemandMax":null,"Value":608},{"Length":22,"Height":27,"Demand":8,"DemandMax":null,"Value":594},{"Length":27,"Height":22,"Demand":4,"DemandMax":null,"Value":594},{"Length":18,"Height":34,"Demand":2,"DemandMax":null,"Value":612},{"Length":19,"Height":31,"Demand":1,"DemandMax":null,"Value":589},{"Length":31,"Height":19,"Demand":4,"DemandMax":null,"Value":589},{"Length":19,"Height":32,"Demand":2,"DemandMax":null,"Value":608},{"Length":16,"Height":38,"Demand":2,"DemandMax":null,"Value":608},{"Length":25,"Height":24,"Demand":2,"DemandMax":null,"Value":600},{"Length":35,"Height":17,"Demand":1,"DemandMax":null,"Value":595},{"Length":18,"Height":33,"Demand":5,"DemandMax":null,"Value":594},{"Length":12,"Height":49,"Demand":2,"DemandMax":null,"Value":588},{"Length":24,"Height":25,"Demand":3,"DemandMax":null,"Value":600},{"Length":20,"Height":29,"Demand":6,"DemandMax":null,"Value":580},{"Length":33,"Height":18,"Demand":3,"DemandMax":null,"Value":594},{"Length":36,"Height":16,"Demand":6,"DemandMax":null,"Value":576},{"Length":12,"Height":48,"Demand":1,"DemandMax":null,"Value":576},{"Length":30,"Height":20,"Demand":2,"DemandMax":null,"Value":600},{"Length":42,"Height":14,"Demand":2,"DemandMax":null,"Value":588},{"Length":17,"Height":35,"Demand":1,"DemandMax":null,"Value":595},{"Length":29,"Height":20,"Demand":5,"DemandMax":null,"Value":580},{"Length":18,"Height":32,"Demand":3,"DemandMax":null,"Value":576},{"Length":47,"Height":13,"Demand":1,"DemandMax":null,"Value":611},{"Length":46,"Height":13,"Demand":1,"DemandMax":null,"Value":598},{"Length":47,"Height":12,"Demand":5,"DemandMax":null,"Value":564},{"Length":15,"Height":39,"Demand":2,"DemandMax":null,"Value":585},{"Length":16,"Height":36,"Demand":2,"DemandMax":null,"Value":576},{"Length":14,"Height":41,"Demand":2,"DemandMax":null,"Value":574},{"Length":48,"Height":12,"Demand":2,"DemandMax":null,"Value":576},{"Length":21,"Height":29,"Demand":1,"DemandMax":null,"Value":609},{"Length":24,"Height":24,"Demand":6,"DemandMax":null,"Value":576},{"Length":23,"Height":25,"Demand":4,"DemandMax":null,"Value":575},{"Length":22,"Height":26,"Demand":8,"DemandMax":null,"Value":572},{"Length":21,"Height":28,"Demand":1,"DemandMax":null,"Value":588},{"Length":44,"Height":13,"Demand":1,"DemandMax":null,"Value":572},{"Length":13,"Height":45,"Demand":1,"DemandMax":null,"Value":585},{"Length":43,"Height":14,"Demand":1,"DemandMax":null,"Value":602},{"Length":39,"Height":15,"Demand":5,"DemandMax":null,"Value":585},{"Length":34,"Height":17,"Demand":2,"DemandMax":null,"Value":578},{"Length":16,"Height":37,"Demand":2,"DemandMax":null,"Value":592},{"Length":31,"Height":18,"Demand":5,"DemandMax":null,"Value":558},{"Length":20,"Height":28,"Demand":5,"DemandMax":null,"Value":560},{"Length":25,"Height":23,"Demand":5,"DemandMax":null,"Value":575},{"Length":17,"Height":34,"Demand":1,"DemandMax":null,"Value":578},{"Length":14,"Height":42,"Demand":2,"DemandMax":null,"Value":588},{"Length":27,"Height":21,"Demand":5,"DemandMax":null,"Value":567},{"Length":21,"Height":27,"Demand":5,"DemandMax":null,"Value":567},{"Length":33,"Height":17,"Demand":5,"DemandMax":null,"Value":561},{"Length":12,"Height":47,"Demand":4,"DemandMax":null,"Value":564},{"Length":37,"Height":16,"Demand":1,"DemandMax":null,"Value":592},{"Length":23,"Height":24,"Demand":8,"DemandMax":null,"Value":552},{"Length":26,"Height":22,"Demand":5,"DemandMax":null,"Value":572},{"Length":32,"Height":18,"Demand":1,"DemandMax":null,"Value":576},{"Length":41,"Height":14,"Demand":4,"DemandMax":null,"Value":574},{"Length":19,"Height":30,"Demand":3,"DemandMax":null,"Value":570},{"Length":17,"Height":33,"Demand":6,"DemandMax":null,"Value":561},{"Length":18,"Height":31,"Demand":3,"DemandMax":null,"Value":558},{"Length":15,"Height":37,"Demand":1,"DemandMax":null,"Value":555},{"Length":15,"Height":38,"Demand":4,"DemandMax":null,"Value":570},{"Length":13,"Height":44,"Demand":2,"DemandMax":null,"Value":572},{"Length":14,"Height":39,"Demand":2,"DemandMax":null,"Value":546},{"Length":19,"Height":29,"Demand":13,"DemandMax":null,"Value":551},{"Length":34,"Height":16,"Demand":4,"DemandMax":null,"Value":544},{"Length":24,"Height":23,"Demand":9,"DemandMax":null,"Value":552},{"Length":42,"Height":13,"Demand":2,"DemandMax":null,"Value":546},{"Length":16,"Height":34,"Demand":2,"DemandMax":null,"Value":544},{"Length":30,"Height":19,"Demand":2,"DemandMax":null,"Value":570},{"Length":35,"Height":16,"Demand":1,"DemandMax":null,"Value":560},{"Length":12,"Height":46,"Demand":5,"DemandMax":null,"Value":552},{"Length":32,"Height":17,"Demand":2,"DemandMax":null,"Value":544},{"Length":25,"Height":22,"Demand":10,"DemandMax":null,"Value":550},{"Length":29,"Height":19,"Demand":5,"DemandMax":null,"Value":551},{"Length":38,"Height":15,"Demand":1,"DemandMax":null,"Value":570},{"Length":22,"Height":25,"Demand":8,"DemandMax":null,"Value":550},{"Length":28,"Height":20,"Demand":2,"DemandMax":null,"Value":560},{"Length":21,"Height":26,"Demand":5,"DemandMax":null,"Value":546},{"Length":17,"Height":32,"Demand":5,"DemandMax":null,"Value":544},{"Length":13,"Height":41,"Demand":6,"DemandMax":null,"Value":533},{"Length":30,"Height":18,"Demand":2,"DemandMax":null,"Value":540},{"Length":18,"Height":30,"Demand":1,"DemandMax":null,"Value":540},{"Length":14,"Height":40,"Demand":2,"DemandMax":null,"Value":560},{"Length":26,"Height":21,"Demand":10,"DemandMax":null,"Value":546},{"Length":23,"Height":23,"Demand":5,"DemandMax":null,"Value":529},{"Length":15,"Height":36,"Demand":3,"DemandMax":null,"Value":540},{"Length":27,"Height":20,"Demand":4,"DemandMax":null,"Value":540},{"Length":13,"Height":42,"Demand":1,"DemandMax":null,"Value":546},{"Length":16,"Height":33,"Demand":2,"DemandMax":null,"Value":528},{"Length":19,"Height":28,"Demand":2,"DemandMax":null,"Value":532},{"Length":20,"Height":27,"Demand":9,"DemandMax":null,"Value":540},{"Length":36,"Height":15,"Demand":1,"DemandMax":null,"Value":540},{"Length":14,"Height":38,"Demand":4,"DemandMax":null,"Value":532},{"Length":17,"Height":31,"Demand":1,"DemandMax":null,"Value":527},{"Length":28,"Height":19,"Demand":4,"DemandMax":null,"Value":532},{"Length":31,"Height":17,"Demand":4,"DemandMax":null,"Value":527},{"Length":25,"Height":21,"Demand":5,"DemandMax":null,"Value":525},{"Length":33,"Height":16,"Demand":4,"DemandMax":null,"Value":528},{"Length":21,"Height":25,"Demand":6,"DemandMax":null,"Value":525},{"Length":13,"Height":40,"Demand":2,"DemandMax":null,"Value":520},{"Length":18,"Height":29,"Demand":4,"DemandMax":null,"Value":522},{"Length":12,"Height":44,"Demand":1,"DemandMax":null,"Value":528},{"Length":41,"Height":13,"Demand":1,"DemandMax":null,"Value":533},{"Length":37,"Height":14,"Demand":2,"DemandMax":null,"Value":518},{"Length":26,"Height":20,"Demand":5,"DemandMax":null,"Value":520},{"Length":22,"Height":24,"Demand":4,"DemandMax":null,"Value":528},{"Length":24,"Height":22,"Demand":6,"DemandMax":null,"Value":528},{"Length":29,"Height":18,"Demand":3,"DemandMax":null,"Value":522},{"Length":32,"Height":16,"Demand":3,"DemandMax":null,"Value":512},{"Length":19,"Height":27,"Demand":3,"DemandMax":null,"Value":513},{"Length":27,"Height":19,"Demand":4,"DemandMax":null,"Value":513},{"Length":20,"Height":26,"Demand":4,"DemandMax":null,"Value":520},{"Length":22,"Height":23,"Demand":3,"DemandMax":null,"Value":506},{"Length":16,"Height":32,"Demand":3,"DemandMax":null,"Value":512},{"Length":44,"Height":12,"Demand":2,"DemandMax":null,"Value":528},{"Length":17,"Height":30,"Demand":1,"DemandMax":null,"Value":510},{"Length":15,"Height":34,"Demand":2,"DemandMax":null,"Value":510},{"Length":35,"Height":15,"Demand":3,"DemandMax":null,"Value":525},{"Length":45,"Height":12,"Demand":2,"DemandMax":null,"Value":540},{"Length":38,"Height":14,"Demand":1,"DemandMax":null,"Value":532},{"Length":40,"Height":13,"Demand":1,"DemandMax":null,"Value":520},{"Length":16,"Height":31,"Demand":3,"DemandMax":null,"Value":496},{"Length":20,"Height":25,"Demand":5,"DemandMax":null,"Value":500},{"Length":15,"Height":33,"Demand":2,"DemandMax":null,"Value":495},{"Length":11,"Height":45,"Demand":1,"DemandMax":null,"Value":495},{"Length":25,"Height":20,"Demand":4,"DemandMax":null,"Value":500},{"Length":19,"Height":26,"Demand":6,"DemandMax":null,"Value":494},{"Length":18,"Height":28,"Demand":4,"DemandMax":null,"Value":504},{"Length":13,"Height":39,"Demand":3,"DemandMax":null,"Value":507},{"Length":23,"Height":22,"Demand":6,"DemandMax":null,"Value":506},{"Length":13,"Height":38,"Demand":2,"DemandMax":null,"Value":494},{"Length":31,"Height":16,"Demand":2,"DemandMax":null,"Value":496},{"Length":33,"Height":15,"Demand":2,"DemandMax":null,"Value":495},{"Length":18,"Height":27,"Demand":4,"DemandMax":null,"Value":486},{"Length":38,"Height":13,"Demand":1,"DemandMax":null,"Value":494},{"Length":17,"Height":29,"Demand":3,"DemandMax":null,"Value":493},{"Length":29,"Height":17,"Demand":3,"DemandMax":null,"Value":493},{"Length":40,"Height":12,"Demand":2,"DemandMax":null,"Value":480},{"Length":26,"Height":19,"Demand":3,"DemandMax":null,"Value":494},{"Length":15,"Height":32,"Demand":7,"DemandMax":null,"Value":480},{"Length":12,"Height":40,"Demand":1,"DemandMax":null,"Value":480},{"Length":12,"Height":41,"Demand":4,"DemandMax":null,"Value":492},{"Length":44,"Height":11,"Demand":4,"DemandMax":null,"Value":484},{"Length":36,"Height":14,"Demand":1,"DemandMax":null,"Value":504},{"Length":21,"Height":24,"Demand":1,"DemandMax":null,"Value":504},{"Length":12,"Height":43,"Demand":1,"DemandMax":null,"Value":516},{"Length":24,"Height":21,"Demand":1,"DemandMax":null,"Value":504},{"Length":30,"Height":16,"Demand":3,"DemandMax":null,"Value":480},{"Length":24,"Height":20,"Demand":3,"DemandMax":null,"Value":480},{"Length":16,"Height":30,"Demand":2,"DemandMax":null,"Value":480},{"Length":22,"Height":22,"Demand":1,"DemandMax":null,"Value":484},{"Length":18,"Height":26,"Demand":3,"DemandMax":null,"Value":468},{"Length":36,"Height":13,"Demand":2,"DemandMax":null,"Value":468},{"Length":20,"Height":24,"Demand":2,"DemandMax":null,"Value":480},{"Length":23,"Height":21,"Demand":5,"DemandMax":null,"Value":483},{"Length":41,"Height":12,"Demand":1,"DemandMax":null,"Value":492},{"Length":14,"Height":34,"Demand":3,"DemandMax":null,"Value":476},{"Length":42,"Height":12,"Demand":1,"DemandMax":null,"Value":504},{"Length":27,"Height":18,"Demand":2,"DemandMax":null,"Value":486},{"Length":19,"Height":25,"Demand":3,"DemandMax":null,"Value":475},{"Length":14,"Height":33,"Demand":4,"DemandMax":null,"Value":462},{"Length":26,"Height":18,"Demand":5,"DemandMax":null,"Value":468},{"Length":31,"Height":15,"Demand":2,"DemandMax":null,"Value":465},{"Length":17,"Height":28,"Demand":2,"DemandMax":null,"Value":476},{"Length":25,"Height":19,"Demand":5,"DemandMax":null,"Value":475},{"Length":13,"Height":36,"Demand":2,"DemandMax":null,"Value":468},{"Length":33,"Height":14,"Demand":2,"DemandMax":null,"Value":462},{"Length":22,"Height":21,"Demand":3,"DemandMax":null,"Value":462},{"Length":23,"Height":20,"Demand":5,"DemandMax":null,"Value":460},{"Length":20,"Height":23,"Demand":7,"DemandMax":null,"Value":460},{"Length":37,"Height":13,"Demand":1,"DemandMax":null,"Value":481},{"Length":32,"Height":14,"Demand":1,"DemandMax":null,"Value":448},{"Length":29,"Height":16,"Demand":4,"DemandMax":null,"Value":464},{"Length":28,"Height":17,"Demand":1,"DemandMax":null,"Value":476},{"Length":16,"Height":29,"Demand":2,"DemandMax":null,"Value":464},{"Length":11,"Height":41,"Demand":2,"DemandMax":null,"Value":451},{"Length":18,"Height":25,"Demand":2,"DemandMax":null,"Value":450},{"Length":17,"Height":27,"Demand":4,"DemandMax":null,"Value":459},{"Length":25,"Height":18,"Demand":3,"DemandMax":null,"Value":450},{"Length":11,"Height":43,"Demand":1,"DemandMax":null,"Value":473},{"Length":19,"Height":24,"Demand":3,"DemandMax":null,"Value":456},{"Length":32,"Height":15,"Demand":1,"DemandMax":null,"Value":480},{"Length":34,"Height":14,"Demand":1,"DemandMax":null,"Value":476},{"Length":21,"Height":22,"Demand":2,"DemandMax":null,"Value":462},{"Length":12,"Height":38,"Demand":2,"DemandMax":null,"Value":456},{"Length":13,"Height":35,"Demand":3,"DemandMax":null,"Value":455},{"Length":37,"Height":12,"Demand":1,"DemandMax":null,"Value":444},{"Length":13,"Height":34,"Demand":5,"DemandMax":null,"Value":442},{"Length":28,"Height":16,"Demand":2,"DemandMax":null,"Value":448},{"Length":27,"Height":17,"Demand":2,"DemandMax":null,"Value":459},{"Length":38,"Height":12,"Demand":3,"DemandMax":null,"Value":456},{"Length":15,"Height":31,"Demand":1,"DemandMax":null,"Value":465},{"Length":39,"Height":12,"Demand":1,"DemandMax":null,"Value":468},{"Length":34,"Height":13,"Demand":2,"DemandMax":null,"Value":442},{"Length":40,"Height":11,"Demand":4,"DemandMax":null,"Value":440},{"Length":30,"Height":15,"Demand":3,"DemandMax":null,"Value":450},{"Length":15,"Height":30,"Demand":3,"DemandMax":null,"Value":450},{"Length":11,"Height":40,"Demand":2,"DemandMax":null,"Value":440},{"Length":17,"Height":26,"Demand":4,"DemandMax":null,"Value":442},{"Length":20,"Height":22,"Demand":5,"DemandMax":null,"Value":440},{"Length":27,"Height":16,"Demand":3,"DemandMax":null,"Value":432},{"Length":13,"Height":33,"Demand":1,"DemandMax":null,"Value":429},{"Length":21,"Height":21,"Demand":3,"DemandMax":null,"Value":441},{"Length":15,"Height":29,"Demand":2,"DemandMax":null,"Value":435},{"Length":23,"Height":19,"Demand":4,"DemandMax":null,"Value":437},{"Length":14,"Height":32,"Demand":4,"DemandMax":null,"Value":448},{"Length":12,"Height":36,"Demand":2,"DemandMax":null,"Value":432},{"Length":31,"Height":14,"Demand":1,"DemandMax":null,"Value":434},{"Length":22,"Height":20,"Demand":1,"DemandMax":null,"Value":440},{"Length":16,"Height":27,"Demand":9,"DemandMax":null,"Value":432},{"Length":41,"Height":11,"Demand":1,"DemandMax":null,"Value":451},{"Length":29,"Height":15,"Demand":4,"DemandMax":null,"Value":435},{"Length":26,"Height":17,"Demand":3,"DemandMax":null,"Value":442},{"Length":16,"Height":28,"Demand":3,"DemandMax":null,"Value":448},{"Length":11,"Height":42,"Demand":1,"DemandMax":null,"Value":462},{"Length":24,"Height":19,"Demand":1,"DemandMax":null,"Value":456},{"Length":11,"Height":38,"Demand":6,"DemandMax":null,"Value":418},{"Length":17,"Height":25,"Demand":4,"DemandMax":null,"Value":425},{"Length":24,"Height":18,"Demand":7,"DemandMax":null,"Value":432},{"Length":18,"Height":24,"Demand":3,"DemandMax":null,"Value":432},{"Length":19,"Height":23,"Demand":4,"DemandMax":null,"Value":437},{"Length":14,"Height":31,"Demand":2,"DemandMax":null,"Value":434},{"Length":18,"Height":23,"Demand":2,"DemandMax":null,"Value":414},{"Length":10,"Height":41,"Demand":4,"DemandMax":null,"Value":410},{"Length":38,"Height":11,"Demand":1,"DemandMax":null,"Value":418},{"Length":33,"Height":13,"Demand":2,"DemandMax":null,"Value":429},{"Length":26,"Height":16,"Demand":3,"DemandMax":null,"Value":416},{"Length":25,"Height":17,"Demand":5,"DemandMax":null,"Value":425},{"Length":21,"Height":20,"Demand":11,"DemandMax":null,"Value":420},{"Length":36,"Height":12,"Demand":3,"DemandMax":null,"Value":432},{"Length":22,"Height":19,"Demand":4,"DemandMax":null,"Value":418},{"Length":19,"Height":22,"Demand":6,"DemandMax":null,"Value":418},{"Length":12,"Height":34,"Demand":3,"DemandMax":null,"Value":408},{"Length":23,"Height":18,"Demand":6,"DemandMax":null,"Value":414},{"Length":32,"Height":13,"Demand":5,"DemandMax":null,"Value":416},{"Length":14,"Height":30,"Demand":2,"DemandMax":null,"Value":420},{"Length":11,"Height":39,"Demand":2,"DemandMax":null,"Value":429},{"Length":16,"Height":26,"Demand":2,"DemandMax":null,"Value":416},{"Length":14,"Height":29,"Demand":3,"DemandMax":null,"Value":406},{"Length":20,"Height":21,"Demand":4,"DemandMax":null,"Value":420},{"Length":29,"Height":14,"Demand":7,"DemandMax":null,"Value":406},{"Length":41,"Height":10,"Demand":1,"DemandMax":null,"Value":410},{"Length":13,"Height":31,"Demand":3,"DemandMax":null,"Value":403},{"Length":28,"Height":15,"Demand":1,"DemandMax":null,"Value":420},{"Length":40,"Height":10,"Demand":6,"DemandMax":null,"Value":400},{"Length":31,"Height":13,"Demand":4,"DemandMax":null,"Value":403},{"Length":27,"Height":15,"Demand":8,"DemandMax":null,"Value":405},{"Length":20,"Height":20,"Demand":6,"DemandMax":null,"Value":400},{"Length":17,"Height":24,"Demand":3,"DemandMax":null,"Value":408},{"Length":18,"Height":22,"Demand":6,"DemandMax":null,"Value":396},{"Length":15,"Height":28,"Demand":1,"DemandMax":null,"Value":420},{"Length":16,"Height":25,"Demand":3,"DemandMax":null,"Value":400},{"Length":12,"Height":33,"Demand":4,"DemandMax":null,"Value":396},{"Length":30,"Height":14,"Demand":1,"DemandMax":null,"Value":420},{"Length":21,"Height":19,"Demand":8,"DemandMax":null,"Value":399},{"Length":10,"Height":39,"Demand":5,"DemandMax":null,"Value":390},{"Length":19,"Height":21,"Demand":5,"DemandMax":null,"Value":399},{"Length":25,"Height":16,"Demand":7,"DemandMax":null,"Value":400},{"Length":37,"Height":11,"Demand":1,"DemandMax":null,"Value":407},{"Length":15,"Height":27,"Demand":6,"DemandMax":null,"Value":405},{"Length":22,"Height":18,"Demand":13,"DemandMax":null,"Value":396},{"Length":11,"Height":37,"Demand":3,"DemandMax":null,"Value":407},{"Length":34,"Height":12,"Demand":1,"DemandMax":null,"Value":408},{"Length":14,"Height":28,"Demand":4,"DemandMax":null,"Value":392},{"Length":23,"Height":17,"Demand":10,"DemandMax":null,"Value":391},{"Length":15,"Height":26,"Demand":12,"DemandMax":null,"Value":390},{"Length":10,"Height":40,"Demand":3,"DemandMax":null,"Value":400},{"Length":33,"Height":12,"Demand":4,"DemandMax":null,"Value":396},{"Length":17,"Height":23,"Demand":8,"DemandMax":null,"Value":391},{"Length":36,"Height":11,"Demand":2,"DemandMax":null,"Value":396},{"Length":28,"Height":14,"Demand":3,"DemandMax":null,"Value":392},{"Length":24,"Height":16,"Demand":8,"DemandMax":null,"Value":384},{"Length":13,"Height":30,"Demand":2,"DemandMax":null,"Value":390},{"Length":11,"Height":36,"Demand":3,"DemandMax":null,"Value":396},{"Length":30,"Height":13,"Demand":3,"DemandMax":null,"Value":390},{"Length":39,"Height":10,"Demand":1,"DemandMax":null,"Value":390},{"Length":32,"Height":12,"Demand":6,"DemandMax":null,"Value":384},{"Length":20,"Height":19,"Demand":19,"DemandMax":null,"Value":380},{"Length":10,"Height":38,"Demand":12,"DemandMax":null,"Value":380},{"Length":27,"Height":14,"Demand":6,"DemandMax":null,"Value":378},{"Length":14,"Height":27,"Demand":9,"DemandMax":null,"Value":378},{"Length":11,"Height":35,"Demand":2,"DemandMax":null,"Value":385},{"Length":21,"Height":18,"Demand":8,"DemandMax":null,"Value":378},{"Length":22,"Height":17,"Demand":11,"DemandMax":null,"Value":374},{"Length":34,"Height":11,"Demand":1,"DemandMax":null,"Value":374},{"Length":18,"Height":21,"Demand":13,"DemandMax":null,"Value":378},{"Length":29,"Height":13,"Demand":7,"DemandMax":null,"Value":377},{"Length":38,"Height":10,"Demand":3,"DemandMax":null,"Value":380},{"Length":13,"Height":29,"Demand":1,"DemandMax":null,"Value":377},{"Length":11,"Height":34,"Demand":4,"DemandMax":null,"Value":374},{"Length":16,"Height":24,"Demand":7,"DemandMax":null,"Value":384},{"Length":26,"Height":15,"Demand":4,"DemandMax":null,"Value":390},{"Length":12,"Height":32,"Demand":1,"DemandMax":null,"Value":384},{"Length":31,"Height":12,"Demand":5,"DemandMax":null,"Value":372},{"Length":10,"Height":37,"Demand":6,"DemandMax":null,"Value":370},{"Length":17,"Height":22,"Demand":4,"DemandMax":null,"Value":374},{"Length":25,"Height":15,"Demand":3,"DemandMax":null,"Value":375},{"Length":35,"Height":11,"Demand":4,"DemandMax":null,"Value":385},{"Length":11,"Height":33,"Demand":9,"DemandMax":null,"Value":363},{"Length":15,"Height":25,"Demand":6,"DemandMax":null,"Value":375},{"Length":26,"Height":14,"Demand":1,"DemandMax":null,"Value":364},{"Length":23,"Height":16,"Demand":7,"DemandMax":null,"Value":368},{"Length":28,"Height":13,"Demand":1,"DemandMax":null,"Value":364},{"Length":19,"Height":20,"Demand":7,"DemandMax":null,"Value":380},{"Length":12,"Height":31,"Demand":4,"DemandMax":null,"Value":372},{"Length":14,"Height":26,"Demand":9,"DemandMax":null,"Value":364},{"Length":20,"Height":18,"Demand":3,"DemandMax":null,"Value":360},{"Length":12,"Height":30,"Demand":3,"DemandMax":null,"Value":360},{"Length":17,"Height":21,"Demand":6,"DemandMax":null,"Value":357},{"Length":16,"Height":23,"Demand":3,"DemandMax":null,"Value":368},{"Length":19,"Height":19,"Demand":5,"DemandMax":null,"Value":361},{"Length":15,"Height":24,"Demand":2,"DemandMax":null,"Value":360},{"Length":24,"Height":15,"Demand":5,"DemandMax":null,"Value":360},{"Length":21,"Height":17,"Demand":4,"DemandMax":null,"Value":357},{"Length":33,"Height":11,"Demand":2,"DemandMax":null,"Value":363},{"Length":18,"Height":20,"Demand":6,"DemandMax":null,"Value":360},{"Length":35,"Height":10,"Demand":2,"DemandMax":null,"Value":350},{"Length":12,"Height":29,"Demand":1,"DemandMax":null,"Value":348},{"Length":13,"Height":28,"Demand":3,"DemandMax":null,"Value":364},{"Length":10,"Height":36,"Demand":2,"DemandMax":null,"Value":360},{"Length":29,"Height":12,"Demand":9,"DemandMax":null,"Value":348},{"Length":22,"Height":16,"Demand":4,"DemandMax":null,"Value":352},{"Length":32,"Height":11,"Demand":1,"DemandMax":null,"Value":352},{"Length":36,"Height":10,"Demand":2,"DemandMax":null,"Value":360},{"Length":30,"Height":12,"Demand":1,"DemandMax":null,"Value":360},{"Length":13,"Height":27,"Demand":4,"DemandMax":null,"Value":351},{"Length":15,"Height":23,"Demand":4,"DemandMax":null,"Value":345},{"Length":11,"Height":32,"Demand":3,"DemandMax":null,"Value":352},{"Length":16,"Height":22,"Demand":2,"DemandMax":null,"Value":352},{"Length":18,"Height":19,"Demand":9,"DemandMax":null,"Value":342},{"Length":20,"Height":17,"Demand":7,"DemandMax":null,"Value":340},{"Length":31,"Height":11,"Demand":1,"DemandMax":null,"Value":341},{"Length":37,"Height":10,"Demand":2,"DemandMax":null,"Value":370},{"Length":10,"Height":35,"Demand":2,"DemandMax":null,"Value":350},{"Length":25,"Height":14,"Demand":2,"DemandMax":null,"Value":350},{"Length":37,"Height":9,"Demand":2,"DemandMax":null,"Value":333},{"Length":11,"Height":31,"Demand":5,"DemandMax":null,"Value":341},{"Length":27,"Height":13,"Demand":4,"DemandMax":null,"Value":351},{"Length":19,"Height":18,"Demand":4,"DemandMax":null,"Value":342},{"Length":30,"Height":11,"Demand":1,"DemandMax":null,"Value":330},{"Length":14,"Height":25,"Demand":2,"DemandMax":null,"Value":350},{"Length":17,"Height":20,"Demand":3,"DemandMax":null,"Value":340},{"Length":21,"Height":16,"Demand":7,"DemandMax":null,"Value":336},{"Length":13,"Height":26,"Demand":2,"DemandMax":null,"Value":338},{"Length":9,"Height":37,"Demand":1,"DemandMax":null,"Value":333},{"Length":13,"Height":25,"Demand":5,"DemandMax":null,"Value":325},{"Length":12,"Height":27,"Demand":6,"DemandMax":null,"Value":324},{"Length":36,"Height":9,"Demand":1,"DemandMax":null,"Value":324},{"Length":24,"Height":14,"Demand":1,"DemandMax":null,"Value":336},{"Length":10,"Height":34,"Demand":2,"DemandMax":null,"Value":340},{"Length":28,"Height":12,"Demand":1,"DemandMax":null,"Value":336},{"Length":25,"Height":13,"Demand":4,"DemandMax":null,"Value":325},{"Length":18,"Height":18,"Demand":4,"DemandMax":null,"Value":324},{"Length":22,"Height":15,"Demand":3,"DemandMax":null,"Value":330},{"Length":16,"Height":21,"Demand":1,"DemandMax":null,"Value":336},{"Length":26,"Height":13,"Demand":1,"DemandMax":null,"Value":338},{"Length":16,"Height":20,"Demand":5,"DemandMax":null,"Value":320},{"Length":17,"Height":19,"Demand":4,"DemandMax":null,"Value":323},{"Length":15,"Height":22,"Demand":3,"DemandMax":null,"Value":330},{"Length":29,"Height":11,"Demand":1,"DemandMax":null,"Value":319},{"Length":10,"Height":32,"Demand":1,"DemandMax":null,"Value":320},{"Length":33,"Height":10,"Demand":1,"DemandMax":null,"Value":330},{"Length":11,"Height":29,"Demand":1,"DemandMax":null,"Value":319},{"Length":32,"Height":10,"Demand":1,"DemandMax":null,"Value":320},{"Length":26,"Height":12,"Demand":3,"DemandMax":null,"Value":312},{"Length":31,"Height":10,"Demand":2,"DemandMax":null,"Value":310},{"Length":21,"Height":15,"Demand":4,"DemandMax":null,"Value":315},{"Length":18,"Height":17,"Demand":2,"DemandMax":null,"Value":306},{"Length":13,"Height":24,"Demand":3,"DemandMax":null,"Value":312},{"Length":24,"Height":13,"Demand":3,"DemandMax":null,"Value":312},{"Length":15,"Height":21,"Demand":1,"DemandMax":null,"Value":315},{"Length":14,"Height":23,"Demand":2,"DemandMax":null,"Value":322},{"Length":20,"Height":16,"Demand":1,"DemandMax":null,"Value":320},{"Length":14,"Height":22,"Demand":3,"DemandMax":null,"Value":308},{"Length":19,"Height":16,"Demand":3,"DemandMax":null,"Value":304},{"Length":12,"Height":26,"Demand":1,"DemandMax":null,"Value":312},{"Length":22,"Height":14,"Demand":1,"DemandMax":null,"Value":308},{"Length":19,"Height":17,"Demand":1,"DemandMax":null,"Value":323},{"Length":10,"Height":33,"Demand":1,"DemandMax":null,"Value":330},{"Length":23,"Height":14,"Demand":1,"DemandMax":null,"Value":322},{"Length":11,"Height":27,"Demand":3,"DemandMax":null,"Value":297},{"Length":12,"Height":25,"Demand":3,"DemandMax":null,"Value":300},{"Length":33,"Height":9,"Demand":3,"DemandMax":null,"Value":297},{"Length":16,"Height":19,"Demand":4,"DemandMax":null,"Value":304},{"Length":20,"Height":15,"Demand":7,"DemandMax":null,"Value":300},{"Length":15,"Height":20,"Demand":2,"DemandMax":null,"Value":300},{"Length":10,"Height":31,"Demand":2,"DemandMax":null,"Value":310},{"Length":28,"Height":11,"Demand":1,"DemandMax":null,"Value":308},{"Length":14,"Height":21,"Demand":2,"DemandMax":null,"Value":294},{"Length":35,"Height":9,"Demand":1,"DemandMax":null,"Value":315},{"Length":25,"Height":12,"Demand":2,"DemandMax":null,"Value":300},{"Length":22,"Height":13,"Demand":5,"DemandMax":null,"Value":286},{"Length":13,"Height":22,"Demand":7,"DemandMax":null,"Value":286},{"Length":24,"Height":12,"Demand":4,"DemandMax":null,"Value":288},{"Length":29,"Height":10,"Demand":2,"DemandMax":null,"Value":290},{"Length":17,"Height":18,"Demand":2,"DemandMax":null,"Value":306},{"Length":9,"Height":32,"Demand":1,"DemandMax":null,"Value":288},{"Length":19,"Height":15,"Demand":4,"DemandMax":null,"Value":285},{"Length":10,"Height":29,"Demand":2,"DemandMax":null,"Value":290},{"Length":16,"Height":18,"Demand":4,"DemandMax":null,"Value":288},{"Length":32,"Height":9,"Demand":2,"DemandMax":null,"Value":288},{"Length":9,"Height":31,"Demand":3,"DemandMax":null,"Value":279},{"Length":13,"Height":23,"Demand":5,"DemandMax":null,"Value":299},{"Length":20,"Height":14,"Demand":4,"DemandMax":null,"Value":280},{"Length":9,"Height":34,"Demand":1,"DemandMax":null,"Value":306},{"Length":23,"Height":13,"Demand":1,"DemandMax":null,"Value":299},{"Length":11,"Height":26,"Demand":2,"DemandMax":null,"Value":286},{"Length":25,"Height":11,"Demand":3,"DemandMax":null,"Value":275},{"Length":18,"Height":16,"Demand":2,"DemandMax":null,"Value":288},{"Length":21,"Height":14,"Demand":1,"DemandMax":null,"Value":294},{"Length":12,"Height":23,"Demand":10,"DemandMax":null,"Value":276},{"Length":15,"Height":19,"Demand":5,"DemandMax":null,"Value":285},{"Length":14,"Height":20,"Demand":5,"DemandMax":null,"Value":280},{"Length":27,"Height":11,"Demand":1,"DemandMax":null,"Value":297},{"Length":8,"Height":34,"Demand":1,"DemandMax":null,"Value":272},{"Length":31,"Height":9,"Demand":1,"DemandMax":null,"Value":279},{"Length":11,"Height":25,"Demand":4,"DemandMax":null,"Value":275},{"Length":21,"Height":13,"Demand":5,"DemandMax":null,"Value":273},{"Length":17,"Height":17,"Demand":1,"DemandMax":null,"Value":289},{"Length":10,"Height":27,"Demand":5,"DemandMax":null,"Value":270},{"Length":12,"Height":24,"Demand":1,"DemandMax":null,"Value":288},{"Length":22,"Height":12,"Demand":12,"DemandMax":null,"Value":264},{"Length":26,"Height":11,"Demand":2,"DemandMax":null,"Value":286},{"Length":28,"Height":10,"Demand":1,"DemandMax":null,"Value":280},{"Length":16,"Height":17,"Demand":6,"DemandMax":null,"Value":272},{"Length":15,"Height":18,"Demand":9,"DemandMax":null,"Value":270},{"Length":18,"Height":15,"Demand":6,"DemandMax":null,"Value":270},{"Length":27,"Height":10,"Demand":7,"DemandMax":null,"Value":270},{"Length":17,"Height":16,"Demand":3,"DemandMax":null,"Value":272},{"Length":14,"Height":19,"Demand":9,"DemandMax":null,"Value":266},{"Length":13,"Height":21,"Demand":4,"DemandMax":null,"Value":273},{"Length":12,"Height":22,"Demand":6,"DemandMax":null,"Value":264},{"Length":33,"Height":8,"Demand":3,"DemandMax":null,"Value":264},{"Length":20,"Height":13,"Demand":3,"DemandMax":null,"Value":260},{"Length":9,"Height":29,"Demand":3,"DemandMax":null,"Value":261},{"Length":10,"Height":26,"Demand":3,"DemandMax":null,"Value":260},{"Length":11,"Height":24,"Demand":5,"DemandMax":null,"Value":264},{"Length":29,"Height":9,"Demand":3,"DemandMax":null,"Value":261},{"Length":23,"Height":12,"Demand":3,"DemandMax":null,"Value":276},{"Length":8,"Height":33,"Demand":1,"DemandMax":null,"Value":264},{"Length":9,"Height":30,"Demand":1,"DemandMax":null,"Value":270},{"Length":8,"Height":32,"Demand":1,"DemandMax":null,"Value":256},{"Length":13,"Height":20,"Demand":2,"DemandMax":null,"Value":260},{"Length":26,"Height":10,"Demand":1,"DemandMax":null,"Value":260},{"Length":15,"Height":17,"Demand":2,"DemandMax":null,"Value":255},{"Length":19,"Height":14,"Demand":2,"DemandMax":null,"Value":266},{"Length":17,"Height":15,"Demand":7,"DemandMax":null,"Value":255},{"Length":14,"Height":18,"Demand":5,"DemandMax":null,"Value":252},{"Length":8,"Height":31,"Demand":2,"DemandMax":null,"Value":248},{"Length":16,"Height":16,"Demand":5,"DemandMax":null,"Value":256},{"Length":12,"Height":21,"Demand":2,"DemandMax":null,"Value":252},{"Length":9,"Height":27,"Demand":1,"DemandMax":null,"Value":243},{"Length":21,"Height":12,"Demand":3,"DemandMax":null,"Value":252},{"Length":30,"Height":9,"Demand":1,"DemandMax":null,"Value":270},{"Length":23,"Height":11,"Demand":2,"DemandMax":null,"Value":253},{"Length":9,"Height":28,"Demand":2,"DemandMax":null,"Value":252},{"Length":11,"Height":22,"Demand":1,"DemandMax":null,"Value":242},{"Length":25,"Height":10,"Demand":1,"DemandMax":null,"Value":250},{"Length":19,"Height":13,"Demand":1,"DemandMax":null,"Value":247},{"Length":22,"Height":11,"Demand":1,"DemandMax":null,"Value":242}]}