{"Name":"nice91t","Objects":[{"Length":1000,"Height":1000,"Stock":null,"Cost":1000000}],"Items":[{"Length":117,"Height":33,"Demand":1,"DemandMax":null,"Value":3861},{"Length":59,"Height":57,"Demand":1,"DemandMax":null,"Value":3363},{"Length":97,"Height":35,"Demand":1,"DemandMax":null,"Value":3395},{"Length":59,"Height":56,"Demand":1,"DemandMax":null,"Value":3304},{"Length":29,"Height":113,"Demand":1,"DemandMax":null,"Value":3277},{"Length":30,"Height":110,"Demand":1,"DemandMax":null,"Value":3300},{"Length":80,"Height":39,"Demand":1,"DemandMax":null,"Value":3120},{"Length":45,"Height":66,"Demand":1,"DemandMax":null,"Value":2970},{"Length":104,"Height":28,"Demand":1,"DemandMax":null,"Value":2912},{"Length":77,"Height":38,"Demand":1,"DemandMax":null,"Value":2926},{"Length":62,"Height":46,"Demand":1,"DemandMax":null,"Value":2852},{"Length":53,"Height":53,"Demand":1,"DemandMax":null,"Value":2809},{"Length":44,"Height":62,"Demand":1,"DemandMax":null,"Value":2728},{"Length":31,"Height":88,"Demand":1,"DemandMax":null,"Value":2728},{"Length":52,"Height":52,"Demand":1,"DemandMax":null,"Value":2704},{"Length":41,"Height":66,"Demand":1,"DemandMax":null,"Value":2706},{"Length":52,"Height":50,"Demand":1,"DemandMax":null,"Value":2600},{"Length":71,"Height":36,"Demand":1,"DemandMax":null,"Value":2556},{"Length":57,"Height":44,"Demand":1,"DemandMax":null,"Value":2508},{"Length":45,"Height":54,"Demand":1,"DemandMax":null,"Value":2430},{"Length":41,"Height":57,"Demand":2,"DemandMax":null,"Value":2337},{"Length":71,"Height":33,"Demand":1,"DemandMax":null,"Value":2343},{"Length":43,"Height":54,"Demand":1,"DemandMax":null,"Value":2322},{"Length":34,"Height":67,"Demand":1,"DemandMax":null,"Value":2278},{"Length":62,"Height":36,"Demand":1,"DemandMax":null,"Value":2232},{"Length":63,"Height":35,"Demand":1,"DemandMax":null,"Value":2205},{"Length":27,"Height":79,"Demand":1,"DemandMax":null,"Value":2133},{"Length":27,"Height":80,"Demand":1,"DemandMax":null,"Value":2160},{"Length":29,"Height":74,"Demand":1,"DemandMax":null,"Value":2146},{"Length":38,"Height":55,"Demand":1,"DemandMax":null,"Value":2090},{"Length":23,"Height":89,"Demand":1,"DemandMax":null,"Value":2047},{"Length":45,"Height":46,"Demand":1,"DemandMax":null,"Value":2070},{"Length":55,"Height":38,"Demand":1,"DemandMax":null,"Value":2090},{"Length":27,"Height":75,"Demand":1,"DemandMax":null,"Value":2025},{"Length":41,"Height":48,"Demand":1,"DemandMax":null,"Value":1968},{"Length":28,"Height":71,"Demand":1,"DemandMax":null,"Value":1988},{"Length":22,"Height":88,"Demand":1,"DemandMax":null,"Value":1936},{"Length":54,"Height":36,"Demand":1,"DemandMax":null,"Value":1944},{"Length":50,"Height":37,"Demand":1,"DemandMax":null,"Value":1850},{"Length":57,"Height":32,"Demand":1,"DemandMax":null,"Value":1824},{"Length":29,"Height":62,"Demand":1,"DemandMax":null,"Value":1798},{"Length":28,"Height":64,"Demand":1,"DemandMax":null,"Value":1792},{"Length":37,"Height":48,"Demand":1,"DemandMax":null,"Value":1776},{"Length":29,"Height":61,"Demand":1,"DemandMax":null,"Value":1769},{"Length":57,"Height":30,"Demand":1,"DemandMax":null,"Value":1710},{"Length":35,"Height":49,"Demand":1,"DemandMax":null,"Value":1715},{"Length":42,"Height":39,"Demand":1,"DemandMax":null,"Value":1638},{"Length":35,"Height":48,"Demand":1,"DemandMax":null,"Value":1680},{"Length":79,"Height":20,"Demand":1,"DemandMax":null,"Value":1580},{"Length":52,"Height":31,"Demand":1,"DemandMax":null,"Value":1612},{"Length":51,"Height":31,"Demand":1,"DemandMax":null,"Value":1581},{"Length":49,"Height":32,"Demand":1,"DemandMax":null,"Value":1568},{"Length":33,"Height":48,"Demand":1,"DemandMax":null,"Value":1584},{"Length":63,"Height":25,"Demand":1,"DemandMax":null,"Value":1575},{"Length":54,"Height":29,"Demand":1,"DemandMax":null,"Value":1566},{"Length":72,"Height":21,"Demand":1,"DemandMax":null,"Value":1512},{"Length":47,"Height":33,"Demand":1,"DemandMax":null,"Value":1551},{"Length":30,"Height":51,"Demand":1,"DemandMax":null,"Value":1530},{"Length":34,"Height":45,"Demand":1,"DemandMax":null,"Value":1530},{"Length":42,"Height":36,"Demand":1,"DemandMax":null,"Value":1512},{"Length":30,"Height":49,"Demand":1,"DemandMax":null,"Value":1470},{"Length":26,"Height":57,"Demand":1,"DemandMax":null,"Value":1482},{"Length":25,"Height":60,"Demand":1,"DemandMax":null,"Value":1500},{"Length":31,"Height":47,"Demand":1,"DemandMax":null,"Value":1457},{"Length":58,"Height":25,"Demand":2,"DemandMax":null,"Value":1450},{"Length":26,"Height":56,"Demand":1,"DemandMax":null,"Value":1456},{"Length":53,"Height":27,"Demand":1,"DemandMax":null,"Value":1431},{"Length":29,"Height":49,"Demand":1,"DemandMax":null,"Value":1421},{"Length":19,"Height":74,"Demand":1,"DemandMax":null,"Value":1406},{"Length":59,"Height":23,"Demand":1,"DemandMax":null,"Value":1357},{"Length":25,"Height":56,"Demand":1,"DemandMax":null,"Value":1400},{"Length":37,"Height":38,"Demand":2,"DemandMax":null,"Value":1406},{"Length":32,"Height":44,"Demand":1,"DemandMax":null,"Value":1408},{"Length":56,"Height":25,"Demand":1,"DemandMax":null,"Value":1400},{"Length":41,"Height":34,"Demand":1,"DemandMax":null,"Value":1394},{"Length":72,"Height":19,"Demand":4,"DemandMax":null,"Value":1368},{"Length":32,"Height":43,"Demand":1,"DemandMax":null,"Value":1376},{"Length":35,"Height":40,"Demand":1,"DemandMax":null,"Value":1400},{"Length":46,"Height":30,"Demand":1,"DemandMax":null,"Value":1380},{"Length":57,"Height":24,"Demand":1,"DemandMax":null,"Value":1368},{"Length":29,"Height":48,"Demand":1,"DemandMax":null,"Value":1392},{"Length":62,"Height":22,"Demand":1,"DemandMax":null,"Value":1364},{"Length":51,"Height":27,"Demand":1,"DemandMax":null,"Value":1377},{"Length":43,"Height":32,"Demand":2,"DemandMax":null,"Value":1376},{"Length":33,"Height":41,"Demand":1,"DemandMax":null,"Value":1353},{"Length":39,"Height":35,"Demand":1,"DemandMax":null,"Value":1365},{"Length":41,"Height":33,"Demand":1,"DemandMax":null,"Value":1353},{"Length":47,"Height":29,"Demand":1,"DemandMax":null,"Value":1363},{"Length":27,"Height":49,"Demand":1,"DemandMax":null,"Value":1323},{"Length":44,"Height":31,"Demand":1,"DemandMax":null,"Value":1364},{"Length":30,"Height":44,"Demand":2,"DemandMax":null,"Value":1320},{"Length":47,"Height":28,"Demand":3,"DemandMax":null,"Value":1316},{"Length":37,"Height":36,"Demand":2,"DemandMax":null,"Value":1332},{"Length":65,"Height":20,"Demand":1,"DemandMax":null,"Value":1300},{"Length":30,"Height":45,"Demand":1,"DemandMax":null,"Value":1350},{"Length":37,"Height":35,"Demand":3,"DemandMax":null,"Value":1295},{"Length":21,"Height":63,"Demand":1,"DemandMax":null,"Value":1323},{"Length":42,"Height":31,"Demand":2,"DemandMax":null,"Value":1302},{"Length":27,"Height":48,"Demand":1,"DemandMax":null,"Value":1296},{"Length":32,"Height":41,"Demand":1,"DemandMax":null,"Value":1312},{"Length":72,"Height":18,"Demand":1,"DemandMax":null,"Value":1296},{"Length":46,"Height":28,"Demand":4,"DemandMax":null,"Value":1288},{"Length":46,"Height":29,"Demand":1,"DemandMax":null,"Value":1334},{"Length":38,"Height":34,"Demand":1,"DemandMax":null,"Value":1292},{"Length":71,"Height":18,"Demand":1,"DemandMax":null,"Value":1278},{"Length":47,"Height":27,"Demand":1,"DemandMax":null,"Value":1269},{"Length":45,"Height":29,"Demand":1,"DemandMax":null,"Value":1305},{"Length":26,"Height":50,"Demand":1,"DemandMax":null,"Value":1300},{"Length":24,"Height":55,"Demand":1,"DemandMax":null,"Value":1320},{"Length":21,"Height":61,"Demand":1,"DemandMax":null,"Value":1281},{"Length":52,"Height":25,"Demand":1,"DemandMax":null,"Value":1300},{"Length":53,"Height":24,"Demand":2,"DemandMax":null,"Value":1272},{"Length":29,"Height":44,"Demand":1,"DemandMax":null,"Value":1276},{"Length":48,"Height":26,"Demand":2,"DemandMax":null,"Value":1248},{"Length":43,"Height":30,"Demand":1,"DemandMax":null,"Value":1290},{"Length":27,"Height":47,"Demand":1,"DemandMax":null,"Value":1269},{"Length":32,"Height":40,"Demand":1,"DemandMax":null,"Value":1280},{"Length":30,"Height":43,"Demand":1,"DemandMax":null,"Value":1290},{"Length":42,"Height":30,"Demand":3,"DemandMax":null,"Value":1260},{"Length":59,"Height":21,"Demand":1,"DemandMax":null,"Value":1239},{"Length":62,"Height":20,"Demand":2,"DemandMax":null,"Value":1240},{"Length":52,"Height":24,"Demand":1,"DemandMax":null,"Value":1248},{"Length":44,"Height":29,"Demand":1,"DemandMax":null,"Value":1276},{"Length":31,"Height":40,"Demand":2,"DemandMax":null,"Value":1240},{"Length":46,"Height":27,"Demand":1,"DemandMax":null,"Value":1242},{"Length":20,"Height":62,"Demand":1,"DemandMax":null,"Value":1240},{"Length":29,"Height":42,"Demand":2,"DemandMax":null,"Value":1218},{"Length":64,"Height":20,"Demand":1,"DemandMax":null,"Value":1280},{"Length":28,"Height":44,"Demand":1,"DemandMax":null,"Value":1232},{"Length":45,"Height":27,"Demand":1,"DemandMax":null,"Value":1215},{"Length":64,"Height":19,"Demand":2,"DemandMax":null,"Value":1216},{"Length":33,"Height":37,"Demand":2,"DemandMax":null,"Value":1221},{"Length":26,"Height":47,"Demand":2,"DemandMax":null,"Value":1222},{"Length":40,"Height":31,"Demand":1,"DemandMax":null,"Value":1240},{"Length":28,"Height":43,"Demand":3,"DemandMax":null,"Value":1204},{"Length":41,"Height":30,"Demand":1,"DemandMax":null,"Value":1230},{"Length":21,"Height":57,"Demand":1,"DemandMax":null,"Value":1197},{"Length":39,"Height":31,"Demand":1,"DemandMax":null,"Value":1209},{"Length":46,"Height":26,"Demand":3,"DemandMax":null,"Value":1196},{"Length":29,"Height":41,"Demand":2,"DemandMax":null,"Value":1189},{"Length":36,"Height":34,"Demand":1,"DemandMax":null,"Value":1224},{"Length":68,"Height":18,"Demand":1,"DemandMax":null,"Value":1224},{"Length":30,"Height":39,"Demand":3,"DemandMax":null,"Value":1170},{"Length":21,"Height":58,"Demand":1,"DemandMax":null,"Value":1218},{"Length":39,"Height":30,"Demand":1,"DemandMax":null,"Value":1170},{"Length":23,"Height":52,"Demand":1,"DemandMax":null,"Value":1196},{"Length":22,"Height":55,"Demand":1,"DemandMax":null,"Value":1210},{"Length":51,"Height":23,"Demand":1,"DemandMax":null,"Value":1173},{"Length":31,"Height":38,"Demand":1,"DemandMax":null,"Value":1178},{"Length":28,"Height":42,"Demand":1,"DemandMax":null,"Value":1176},{"Length":38,"Height":31,"Demand":1,"DemandMax":null,"Value":1178},{"Length":18,"Height":64,"Demand":1,"DemandMax":null,"Value":1152},{"Length":25,"Height":48,"Demand":1,"DemandMax":null,"Value":1200},{"Length":35,"Height":34,"Demand":1,"DemandMax":null,"Value":1190},{"Length":31,"Height":37,"Demand":2,"DemandMax":null,"Value":1147},{"Length":26,"Height":44,"Demand":2,"DemandMax":null,"Value":1144},{"Length":58,"Height":20,"Demand":1,"DemandMax":null,"Value":1160},{"Length":28,"Height":41,"Demand":2,"DemandMax":null,"Value":1148},{"Length":25,"Height":46,"Demand":1,"DemandMax":null,"Value":1150},{"Length":17,"Height":68,"Demand":1,"DemandMax":null,"Value":1156},{"Length":17,"Height":66,"Demand":1,"DemandMax":null,"Value":1122},{"Length":19,"Height":62,"Demand":1,"DemandMax":null,"Value":1178},{"Length":33,"Height":35,"Demand":1,"DemandMax":null,"Value":1155},{"Length":39,"Height":29,"Demand":1,"DemandMax":null,"Value":1131},{"Length":67,"Height":17,"Demand":1,"DemandMax":null,"Value":1139},{"Length":57,"Height":20,"Demand":1,"DemandMax":null,"Value":1140},{"Length":59,"Height":19,"Demand":2,"DemandMax":null,"Value":1121},{"Length":24,"Height":48,"Demand":2,"DemandMax":null,"Value":1152},{"Length":32,"Height":36,"Demand":1,"DemandMax":null,"Value":1152},{"Length":62,"Height":19,"Demand":1,"DemandMax":null,"Value":1178},{"Length":21,"Height":55,"Demand":1,"DemandMax":null,"Value":1155},{"Length":34,"Height":33,"Demand":2,"DemandMax":null,"Value":1122},{"Length":34,"Height":34,"Demand":1,"DemandMax":null,"Value":1156},{"Length":23,"Height":49,"Demand":1,"DemandMax":null,"Value":1127},{"Length":51,"Height":22,"Demand":1,"DemandMax":null,"Value":1122},{"Length":45,"Height":25,"Demand":2,"DemandMax":null,"Value":1125},{"Length":24,"Height":47,"Demand":2,"DemandMax":null,"Value":1128},{"Length":28,"Height":40,"Demand":2,"DemandMax":null,"Value":1120},{"Length":40,"Height":28,"Demand":1,"DemandMax":null,"Value":1120},{"Length":53,"Height":21,"Demand":2,"DemandMax":null,"Value":1113},{"Length":42,"Height":27,"Demand":1,"DemandMax":null,"Value":1134},{"Length":29,"Height":39,"Demand":1,"DemandMax":null,"Value":1131},{"Length":47,"Height":24,"Demand":1,"DemandMax":null,"Value":1128},{"Length":22,"Height":51,"Demand":1,"DemandMax":null,"Value":1122},{"Length":19,"Height":59,"Demand":2,"DemandMax":null,"Value":1121},{"Length":26,"Height":42,"Demand":2,"DemandMax":null,"Value":1092},{"Length":33,"Height":34,"Demand":2,"DemandMax":null,"Value":1122},{"Length":46,"Height":24,"Demand":3,"DemandMax":null,"Value":1104},{"Length":38,"Height":29,"Demand":2,"DemandMax":null,"Value":1102},{"Length":17,"Height":64,"Demand":3,"DemandMax":null,"Value":1088},{"Length":38,"Height":30,"Demand":1,"DemandMax":null,"Value":1140},{"Length":44,"Height":25,"Demand":3,"DemandMax":null,"Value":1100},{"Length":27,"Height":41,"Demand":4,"DemandMax":null,"Value":1107},{"Length":55,"Height":20,"Demand":3,"DemandMax":null,"Value":1100},{"Length":35,"Height":32,"Demand":1,"DemandMax":null,"Value":1120},{"Length":57,"Height":19,"Demand":1,"DemandMax":null,"Value":1083},{"Length":21,"Height":52,"Demand":1,"DemandMax":null,"Value":1092},{"Length":52,"Height":21,"Demand":1,"DemandMax":null,"Value":1092},{"Length":30,"Height":37,"Demand":2,"DemandMax":null,"Value":1110},{"Length":22,"Height":49,"Demand":2,"DemandMax":null,"Value":1078},{"Length":33,"Height":33,"Demand":1,"DemandMax":null,"Value":1089},{"Length":62,"Height":18,"Demand":2,"DemandMax":null,"Value":1116},{"Length":18,"Height":62,"Demand":1,"DemandMax":null,"Value":1116},{"Length":37,"Height":30,"Demand":2,"DemandMax":null,"Value":1110},{"Length":47,"Height":23,"Demand":2,"DemandMax":null,"Value":1081},{"Length":29,"Height":38,"Demand":1,"DemandMax":null,"Value":1102},{"Length":25,"Height":44,"Demand":2,"DemandMax":null,"Value":1100},{"Length":63,"Height":17,"Demand":2,"DemandMax":null,"Value":1071},{"Length":43,"Height":26,"Demand":1,"DemandMax":null,"Value":1118},{"Length":42,"Height":26,"Demand":1,"DemandMax":null,"Value":1092},{"Length":20,"Height":55,"Demand":1,"DemandMax":null,"Value":1100},{"Length":50,"Height":22,"Demand":1,"DemandMax":null,"Value":1100},{"Length":43,"Height":25,"Demand":5,"DemandMax":null,"Value":1075},{"Length":23,"Height":48,"Demand":1,"DemandMax":null,"Value":1104},{"Length":23,"Height":47,"Demand":1,"DemandMax":null,"Value":1081},{"Length":61,"Height":18,"Demand":1,"DemandMax":null,"Value":1098},{"Length":35,"Height":31,"Demand":1,"DemandMax":null,"Value":1085},{"Length":24,"Height":45,"Demand":2,"DemandMax":null,"Value":1080},{"Length":58,"Height":19,"Demand":1,"DemandMax":null,"Value":1102},{"Length":31,"Height":35,"Demand":2,"DemandMax":null,"Value":1085},{"Length":20,"Height":53,"Demand":3,"DemandMax":null,"Value":1060},{"Length":32,"Height":34,"Demand":1,"DemandMax":null,"Value":1088},{"Length":29,"Height":37,"Demand":5,"DemandMax":null,"Value":1073},{"Length":28,"Height":38,"Demand":2,"DemandMax":null,"Value":1064},{"Length":19,"Height":57,"Demand":3,"DemandMax":null,"Value":1083},{"Length":28,"Height":39,"Demand":1,"DemandMax":null,"Value":1092},{"Length":40,"Height":27,"Demand":1,"DemandMax":null,"Value":1080},{"Length":25,"Height":43,"Demand":1,"DemandMax":null,"Value":1075},{"Length":17,"Height":63,"Demand":1,"DemandMax":null,"Value":1071},{"Length":32,"Height":33,"Demand":1,"DemandMax":null,"Value":1056},{"Length":30,"Height":36,"Demand":3,"DemandMax":null,"Value":1080},{"Length":51,"Height":21,"Demand":1,"DemandMax":null,"Value":1071},{"Length":23,"Height":46,"Demand":3,"DemandMax":null,"Value":1058},{"Length":20,"Height":54,"Demand":1,"DemandMax":null,"Value":1080},{"Length":27,"Height":39,"Demand":1,"DemandMax":null,"Value":1053},{"Length":29,"Height":36,"Demand":1,"DemandMax":null,"Value":1044},{"Length":30,"Height":35,"Demand":2,"DemandMax":null,"Value":1050},{"Length":46,"Height":23,"Demand":1,"DemandMax":null,"Value":1058},{"Length":17,"Height":61,"Demand":1,"DemandMax":null,"Value":1037},{"Length":33,"Height":32,"Demand":2,"DemandMax":null,"Value":1056},{"Length":58,"Height":18,"Demand":3,"DemandMax":null,"Value":1044},{"Length":37,"Height":28,"Demand":3,"DemandMax":null,"Value":1036},{"Length":39,"Height":27,"Demand":2,"DemandMax":null,"Value":1053},{"Length":34,"Height":31,"Demand":2,"DemandMax":null,"Value":1054},{"Length":48,"Height":22,"Demand":1,"DemandMax":null,"Value":1056},{"Length":28,"Height":37,"Demand":3,"DemandMax":null,"Value":1036},{"Length":19,"Height":54,"Demand":1,"DemandMax":null,"Value":1026},{"Length":31,"Height":34,"Demand":2,"DemandMax":null,"Value":1054},{"Length":16,"Height":64,"Demand":1,"DemandMax":null,"Value":1024},{"Length":22,"Height":47,"Demand":1,"DemandMax":null,"Value":1034},{"Length":44,"Height":24,"Demand":3,"DemandMax":null,"Value":1056},{"Length":53,"Height":20,"Demand":1,"DemandMax":null,"Value":1060},{"Length":24,"Height":44,"Demand":1,"DemandMax":null,"Value":1056},{"Length":20,"Height":52,"Demand":1,"DemandMax":null,"Value":1040},{"Length":35,"Height":30,"Demand":1,"DemandMax":null,"Value":1050},{"Length":22,"Height":48,"Demand":1,"DemandMax":null,"Value":1056},{"Length":32,"Height":32,"Demand":4,"DemandMax":null,"Value":1024},{"Length":24,"Height":43,"Demand":3,"DemandMax":null,"Value":1032},{"Length":20,"Height":51,"Demand":2,"DemandMax":null,"Value":1020},{"Length":34,"Height":30,"Demand":4,"DemandMax":null,"Value":1020},{"Length":43,"Height":24,"Demand":1,"DemandMax":null,"Value":1032},{"Length":53,"Height":19,"Demand":1,"DemandMax":null,"Value":1007},{"Length":49,"Height":21,"Demand":1,"DemandMax":null,"Value":1029},{"Length":55,"Height":19,"Demand":2,"DemandMax":null,"Value":1045},{"Length":26,"Height":39,"Demand":1,"DemandMax":null,"Value":1014},{"Length":27,"Height":38,"Demand":2,"DemandMax":null,"Value":1026},{"Length":23,"Height":44,"Demand":1,"DemandMax":null,"Value":1012},{"Length":62,"Height":16,"Demand":3,"DemandMax":null,"Value":992},{"Length":29,"Height":35,"Demand":3,"DemandMax":null,"Value":1015},{"Length":21,"Height":49,"Demand":1,"DemandMax":null,"Value":1029},{"Length":32,"Height":31,"Demand":3,"DemandMax":null,"Value":992},{"Length":50,"Height":20,"Demand":1,"DemandMax":null,"Value":1000},{"Length":21,"Height":48,"Demand":1,"DemandMax":null,"Value":1008},{"Length":27,"Height":37,"Demand":2,"DemandMax":null,"Value":999},{"Length":18,"Height":55,"Demand":6,"DemandMax":null,"Value":990},{"Length":43,"Height":23,"Demand":4,"DemandMax":null,"Value":989},{"Length":36,"Height":28,"Demand":1,"DemandMax":null,"Value":1008},{"Length":23,"Height":43,"Demand":1,"DemandMax":null,"Value":989},{"Length":33,"Height":30,"Demand":3,"DemandMax":null,"Value":990},{"Length":56,"Height":18,"Demand":1,"DemandMax":null,"Value":1008},{"Length":31,"Height":32,"Demand":1,"DemandMax":null,"Value":992},{"Length":16,"Height":63,"Demand":1,"DemandMax":null,"Value":1008},{"Length":29,"Height":34,"Demand":3,"DemandMax":null,"Value":986},{"Length":42,"Height":24,"Demand":1,"DemandMax":null,"Value":1008},{"Length":49,"Height":20,"Demand":1,"DemandMax":null,"Value":980},{"Length":47,"Height":21,"Demand":2,"DemandMax":null,"Value":987},{"Length":35,"Height":28,"Demand":1,"DemandMax":null,"Value":980},{"Length":22,"Height":45,"Demand":1,"DemandMax":null,"Value":990},{"Length":28,"Height":35,"Demand":1,"DemandMax":null,"Value":980},{"Length":25,"Height":39,"Demand":1,"DemandMax":null,"Value":975},{"Length":16,"Height":61,"Demand":1,"DemandMax":null,"Value":976},{"Length":20,"Height":49,"Demand":2,"DemandMax":null,"Value":980},{"Length":41,"Height":24,"Demand":4,"DemandMax":null,"Value":984},{"Length":53,"Height":18,"Demand":1,"DemandMax":null,"Value":954},{"Length":30,"Height":33,"Demand":1,"DemandMax":null,"Value":990},{"Length":46,"Height":22,"Demand":1,"DemandMax":null,"Value":1012},{"Length":17,"Height":58,"Demand":1,"DemandMax":null,"Value":986},{"Length":34,"Height":29,"Demand":1,"DemandMax":null,"Value":986},{"Length":27,"Height":36,"Demand":2,"DemandMax":null,"Value":972},{"Length":38,"Height":26,"Demand":1,"DemandMax":null,"Value":988},{"Length":61,"Height":16,"Demand":1,"DemandMax":null,"Value":976},{"Length":42,"Height":23,"Demand":2,"DemandMax":null,"Value":966},{"Length":16,"Height":62,"Demand":1,"DemandMax":null,"Value":992},{"Length":19,"Height":52,"Demand":1,"DemandMax":null,"Value":988},{"Length":22,"Height":44,"Demand":1,"DemandMax":null,"Value":968},{"Length":18,"Height":54,"Demand":1,"DemandMax":null,"Value":972},{"Length":20,"Height":48,"Demand":1,"DemandMax":null,"Value":960},{"Length":38,"Height":25,"Demand":4,"DemandMax":null,"Value":950},{"Length":25,"Height":40,"Demand":1,"DemandMax":null,"Value":1000},{"Length":24,"Height":41,"Demand":2,"DemandMax":null,"Value":984},{"Length":19,"Height":50,"Demand":1,"DemandMax":null,"Value":950},{"Length":37,"Height":26,"Demand":4,"DemandMax":null,"Value":962},{"Length":19,"Height":51,"Demand":2,"DemandMax":null,"Value":969},{"Length":21,"Height":46,"Demand":1,"DemandMax":null,"Value":966},{"Length":43,"Height":22,"Demand":2,"DemandMax":null,"Value":946},{"Length":23,"Height":41,"Demand":2,"DemandMax":null,"Value":943},{"Length":27,"Height":35,"Demand":1,"DemandMax":null,"Value":945},{"Length":24,"Height":40,"Demand":2,"DemandMax":null,"Value":960},{"Length":22,"Height":43,"Demand":3,"DemandMax":null,"Value":946},{"Length":44,"Height":22,"Demand":1,"DemandMax":null,"Value":968},{"Length":55,"Height":18,"Demand":1,"DemandMax":null,"Value":990},{"Length":17,"Height":57,"Demand":3,"DemandMax":null,"Value":969},{"Length":30,"Height":32,"Demand":1,"DemandMax":null,"Value":960},{"Length":35,"Height":27,"Demand":2,"DemandMax":null,"Value":945},{"Length":58,"Height":16,"Demand":1,"DemandMax":null,"Value":928},{"Length":23,"Height":42,"Demand":1,"DemandMax":null,"Value":966},{"Length":16,"Height":59,"Demand":2,"DemandMax":null,"Value":944},{"Length":46,"Height":21,"Demand":1,"DemandMax":null,"Value":966},{"Length":29,"Height":32,"Demand":1,"DemandMax":null,"Value":928},{"Length":32,"Height":30,"Demand":1,"DemandMax":null,"Value":960},{"Length":40,"Height":24,"Demand":1,"DemandMax":null,"Value":960},{"Length":33,"Height":28,"Demand":5,"DemandMax":null,"Value":924},{"Length":36,"Height":26,"Demand":2,"DemandMax":null,"Value":936},{"Length":26,"Height":36,"Demand":2,"DemandMax":null,"Value":936},{"Length":18,"Height":52,"Demand":2,"DemandMax":null,"Value":936},{"Length":55,"Height":17,"Demand":2,"DemandMax":null,"Value":935},{"Length":34,"Height":27,"Demand":5,"DemandMax":null,"Value":918},{"Length":46,"Height":20,"Demand":2,"DemandMax":null,"Value":920},{"Length":51,"Height":18,"Demand":2,"DemandMax":null,"Value":918},{"Length":61,"Height":15,"Demand":1,"DemandMax":null,"Value":915},{"Length":57,"Height":17,"Demand":1,"DemandMax":null,"Value":969},{"Length":28,"Height":33,"Demand":3,"DemandMax":null,"Value":924},{"Length":25,"Height":37,"Demand":3,"DemandMax":null,"Value":925},{"Length":30,"Height":31,"Demand":1,"DemandMax":null,"Value":930},{"Length":15,"Height":61,"Demand":1,"DemandMax":null,"Value":915},{"Length":44,"Height":21,"Demand":1,"DemandMax":null,"Value":924},{"Length":42,"Height":22,"Demand":2,"DemandMax":null,"Value":924},{"Length":18,"Height":51,"Demand":2,"DemandMax":null,"Value":918},{"Length":17,"Height":53,"Demand":1,"DemandMax":null,"Value":901},{"Length":56,"Height":17,"Demand":1,"DemandMax":null,"Value":952},{"Length":29,"Height":31,"Demand":1,"DemandMax":null,"Value":899},{"Length":19,"Height":48,"Demand":1,"DemandMax":null,"Value":912},{"Length":31,"Height":30,"Demand":3,"DemandMax":null,"Value":930},{"Length":19,"Height":49,"Demand":1,"DemandMax":null,"Value":931},{"Length":50,"Height":19,"Demand":1,"DemandMax":null,"Value":950},{"Length":59,"Height":16,"Demand":1,"DemandMax":null,"Value":944},{"Length":23,"Height":40,"Demand":1,"DemandMax":null,"Value":920},{"Length":27,"Height":34,"Demand":2,"DemandMax":null,"Value":918},{"Length":57,"Height":16,"Demand":1,"DemandMax":null,"Value":912},{"Length":23,"Height":39,"Demand":1,"DemandMax":null,"Value":897},{"Length":24,"Height":38,"Demand":2,"DemandMax":null,"Value":912},{"Length":40,"Height":23,"Demand":1,"DemandMax":null,"Value":920},{"Length":26,"Height":35,"Demand":1,"DemandMax":null,"Value":910},{"Length":53,"Height":17,"Demand":1,"DemandMax":null,"Value":901},{"Length":47,"Height":20,"Demand":1,"DemandMax":null,"Value":940},{"Length":32,"Height":29,"Demand":1,"DemandMax":null,"Value":928},{"Length":43,"Height":21,"Demand":1,"DemandMax":null,"Value":903},{"Length":19,"Height":47,"Demand":1,"DemandMax":null,"Value":893},{"Length":16,"Height":58,"Demand":1,"DemandMax":null,"Value":928},{"Length":30,"Height":30,"Demand":2,"DemandMax":null,"Value":900},{"Length":21,"Height":44,"Demand":1,"DemandMax":null,"Value":924},{"Length":35,"Height":26,"Demand":1,"DemandMax":null,"Value":910},{"Length":20,"Height":45,"Demand":1,"DemandMax":null,"Value":900},{"Length":22,"Height":42,"Demand":1,"DemandMax":null,"Value":924},{"Length":21,"Height":43,"Demand":1,"DemandMax":null,"Value":903},{"Length":38,"Height":24,"Demand":1,"DemandMax":null,"Value":912},{"Length":31,"Height":29,"Demand":2,"DemandMax":null,"Value":899},{"Length":36,"Height":25,"Demand":1,"DemandMax":null,"Value":900},{"Length":28,"Height":32,"Demand":2,"DemandMax":null,"Value":896},{"Length":42,"Height":21,"Demand":3,"DemandMax":null,"Value":882},{"Length":18,"Height":49,"Demand":2,"DemandMax":null,"Value":882},{"Length":40,"Height":22,"Demand":3,"DemandMax":null,"Value":880},{"Length":22,"Height":40,"Demand":1,"DemandMax":null,"Value":880},{"Length":24,"Height":37,"Demand":1,"DemandMax":null,"Value":888},{"Length":37,"Height":24,"Demand":2,"DemandMax":null,"Value":888},{"Length":17,"Height":52,"Demand":1,"DemandMax":null,"Value":884},{"Length":30,"Height":29,"Demand":2,"DemandMax":null,"Value":870},{"Length":43,"Height":20,"Demand":2,"DemandMax":null,"Value":860},{"Length":15,"Height":58,"Demand":1,"DemandMax":null,"Value":870},{"Length":17,"Height":51,"Demand":1,"DemandMax":null,"Value":867},{"Length":20,"Height":44,"Demand":2,"DemandMax":null,"Value":880},{"Length":33,"Height":27,"Demand":1,"DemandMax":null,"Value":891},{"Length":22,"Height":39,"Demand":2,"DemandMax":null,"Value":858},{"Length":27,"Height":33,"Demand":1,"DemandMax":null,"Value":891},{"Length":57,"Height":15,"Demand":4,"DemandMax":null,"Value":855},{"Length":34,"Height":25,"Demand":1,"DemandMax":null,"Value":850},{"Length":18,"Height":47,"Demand":1,"DemandMax":null,"Value":846},{"Length":44,"Height":20,"Demand":1,"DemandMax":null,"Value":880},{"Length":56,"Height":16,"Demand":1,"DemandMax":null,"Value":896},{"Length":31,"Height":28,"Demand":1,"DemandMax":null,"Value":868},{"Length":23,"Height":38,"Demand":1,"DemandMax":null,"Value":874},{"Length":17,"Height":50,"Demand":1,"DemandMax":null,"Value":850},{"Length":25,"Height":35,"Demand":1,"DemandMax":null,"Value":875},{"Length":15,"Height":59,"Demand":1,"DemandMax":null,"Value":885},{"Length":25,"Height":34,"Demand":4,"DemandMax":null,"Value":850},{"Length":28,"Height":31,"Demand":1,"DemandMax":null,"Value":868},{"Length":24,"Height":35,"Demand":3,"DemandMax":null,"Value":840},{"Length":41,"Height":21,"Demand":1,"DemandMax":null,"Value":861},{"Length":19,"Height":45,"Demand":1,"DemandMax":null,"Value":855},{"Length":31,"Height":27,"Demand":3,"DemandMax":null,"Value":837},{"Length":33,"Height":26,"Demand":2,"DemandMax":null,"Value":858},{"Length":50,"Height":17,"Demand":1,"DemandMax":null,"Value":850},{"Length":55,"Height":16,"Demand":1,"DemandMax":null,"Value":880},{"Length":29,"Height":30,"Demand":1,"DemandMax":null,"Value":870},{"Length":45,"Height":19,"Demand":2,"DemandMax":null,"Value":855},{"Length":27,"Height":31,"Demand":2,"DemandMax":null,"Value":837},{"Length":38,"Height":22,"Demand":1,"DemandMax":null,"Value":836},{"Length":23,"Height":37,"Demand":1,"DemandMax":null,"Value":851},{"Length":54,"Height":15,"Demand":1,"DemandMax":null,"Value":810},{"Length":34,"Height":24,"Demand":2,"DemandMax":null,"Value":816},{"Length":20,"Height":43,"Demand":1,"DemandMax":null,"Value":860},{"Length":28,"Height":30,"Demand":1,"DemandMax":null,"Value":840},{"Length":30,"Height":28,"Demand":1,"DemandMax":null,"Value":840},{"Length":16,"Height":52,"Demand":1,"DemandMax":null,"Value":832},{"Length":29,"Height":28,"Demand":2,"DemandMax":null,"Value":812},{"Length":44,"Height":19,"Demand":1,"DemandMax":null,"Value":836},{"Length":47,"Height":17,"Demand":1,"DemandMax":null,"Value":799},{"Length":25,"Height":33,"Demand":1,"DemandMax":null,"Value":825},{"Length":27,"Height":30,"Demand":3,"DemandMax":null,"Value":810},{"Length":28,"Height":29,"Demand":3,"DemandMax":null,"Value":812},{"Length":31,"Height":26,"Demand":2,"DemandMax":null,"Value":806},{"Length":35,"Height":24,"Demand":1,"DemandMax":null,"Value":840},{"Length":23,"Height":35,"Demand":3,"DemandMax":null,"Value":805},{"Length":30,"Height":27,"Demand":1,"DemandMax":null,"Value":810},{"Length":35,"Height":23,"Demand":1,"DemandMax":null,"Value":805},{"Length":20,"Height":41,"Demand":2,"DemandMax":null,"Value":820},{"Length":33,"Height":25,"Demand":1,"DemandMax":null,"Value":825},{"Length":21,"Height":39,"Demand":2,"DemandMax":null,"Value":819},{"Length":26,"Height":31,"Demand":1,"DemandMax":null,"Value":806},{"Length":16,"Height":51,"Demand":1,"DemandMax":null,"Value":816},{"Length":45,"Height":18,"Demand":1,"DemandMax":null,"Value":810},{"Length":43,"Height":19,"Demand":1,"DemandMax":null,"Value":817},{"Length":38,"Height":21,"Demand":1,"DemandMax":null,"Value":798},{"Length":30,"Height":26,"Demand":6,"DemandMax":null,"Value":780},{"Length":37,"Height":22,"Demand":1,"DemandMax":null,"Value":814},{"Length":20,"Height":39,"Demand":1,"DemandMax":null,"Value":780},{"Length":18,"Height":45,"Demand":1,"DemandMax":null,"Value":810},{"Length":22,"Height":36,"Demand":2,"DemandMax":null,"Value":792},{"Length":20,"Height":40,"Demand":1,"DemandMax":null,"Value":800},{"Length":39,"Height":20,"Demand":4,"DemandMax":null,"Value":780},{"Length":49,"Height":16,"Demand":1,"DemandMax":null,"Value":784},{"Length":29,"Height":27,"Demand":3,"DemandMax":null,"Value":783},{"Length":25,"Height":32,"Demand":1,"DemandMax":null,"Value":800},{"Length":37,"Height":21,"Demand":4,"DemandMax":null,"Value":777},{"Length":31,"Height":25,"Demand":3,"DemandMax":null,"Value":775},{"Length":33,"Height":24,"Demand":1,"DemandMax":null,"Value":792},{"Length":22,"Height":35,"Demand":2,"DemandMax":null,"Value":770},{"Length":34,"Height":23,"Demand":3,"DemandMax":null,"Value":782},{"Length":29,"Height":26,"Demand":2,"DemandMax":null,"Value":754},{"Length":55,"Height":14,"Demand":3,"DemandMax":null,"Value":770},{"Length":19,"Height":41,"Demand":1,"DemandMax":null,"Value":779},{"Length":40,"Height":20,"Demand":1,"DemandMax":null,"Value":800},{"Length":36,"Height":21,"Demand":2,"DemandMax":null,"Value":756},{"Length":42,"Height":18,"Demand":1,"DemandMax":null,"Value":756},{"Length":14,"Height":54,"Demand":1,"DemandMax":null,"Value":756},{"Length":25,"Height":31,"Demand":1,"DemandMax":null,"Value":775},{"Length":21,"Height":37,"Demand":2,"DemandMax":null,"Value":777},{"Length":26,"Height":30,"Demand":2,"DemandMax":null,"Value":780},{"Length":38,"Height":20,"Demand":1,"DemandMax":null,"Value":760},{"Length":16,"Height":50,"Demand":2,"DemandMax":null,"Value":800},{"Length":17,"Height":46,"Demand":2,"DemandMax":null,"Value":782},{"Length":46,"Height":17,"Demand":1,"DemandMax":null,"Value":782},{"Length":15,"Height":53,"Demand":1,"DemandMax":null,"Value":795},{"Length":15,"Height":51,"Demand":1,"DemandMax":null,"Value":765},{"Length":16,"Height":49,"Demand":1,"DemandMax":null,"Value":784},{"Length":28,"Height":28,"Demand":2,"DemandMax":null,"Value":784},{"Length":28,"Height":27,"Demand":5,"DemandMax":null,"Value":756},{"Length":15,"Height":52,"Demand":1,"DemandMax":null,"Value":780},{"Length":24,"Height":32,"Demand":4,"DemandMax":null,"Value":768},{"Length":41,"Height":19,"Demand":1,"DemandMax":null,"Value":779},{"Length":20,"Height":38,"Demand":1,"DemandMax":null,"Value":760},{"Length":54,"Height":14,"Demand":1,"DemandMax":null,"Value":756},{"Length":14,"Height":55,"Demand":1,"DemandMax":null,"Value":770},{"Length":39,"Height":19,"Demand":1,"DemandMax":null,"Value":741},{"Length":31,"Height":24,"Demand":3,"DemandMax":null,"Value":744},{"Length":23,"Height":33,"Demand":1,"DemandMax":null,"Value":759},{"Length":21,"Height":35,"Demand":5,"DemandMax":null,"Value":735},{"Length":18,"Height":43,"Demand":1,"DemandMax":null,"Value":774},{"Length":16,"Height":47,"Demand":2,"DemandMax":null,"Value":752},{"Length":26,"Height":29,"Demand":1,"DemandMax":null,"Value":754},{"Length":50,"Height":15,"Demand":1,"DemandMax":null,"Value":750},{"Length":21,"Height":36,"Demand":5,"DemandMax":null,"Value":756},{"Length":45,"Height":17,"Demand":2,"DemandMax":null,"Value":765},{"Length":25,"Height":30,"Demand":2,"DemandMax":null,"Value":750},{"Length":22,"Height":34,"Demand":2,"DemandMax":null,"Value":748},{"Length":53,"Height":14,"Demand":1,"DemandMax":null,"Value":742},{"Length":41,"Height":18,"Demand":1,"DemandMax":null,"Value":738},{"Length":14,"Height":53,"Demand":1,"DemandMax":null,"Value":742},{"Length":30,"Height":24,"Demand":1,"DemandMax":null,"Value":720},{"Length":35,"Height":21,"Demand":2,"DemandMax":null,"Value":735},{"Length":32,"Height":23,"Demand":1,"DemandMax":null,"Value":736},{"Length":49,"Height":15,"Demand":1,"DemandMax":null,"Value":735},{"Length":20,"Height":37,"Demand":2,"DemandMax":null,"Value":740},{"Length":27,"Height":28,"Demand":1,"DemandMax":null,"Value":756},{"Length":24,"Height":31,"Demand":6,"DemandMax":null,"Value":744},{"Length":19,"Height":39,"Demand":1,"DemandMax":null,"Value":741},{"Length":24,"Height":30,"Demand":2,"DemandMax":null,"Value":720},{"Length":23,"Height":32,"Demand":2,"DemandMax":null,"Value":736},{"Length":20,"Height":36,"Demand":3,"DemandMax":null,"Value":720},{"Length":27,"Height":27,"Demand":3,"DemandMax":null,"Value":729},{"Length":34,"Height":22,"Demand":1,"DemandMax":null,"Value":748},{"Length":16,"Height":46,"Demand":2,"DemandMax":null,"Value":736},{"Length":21,"Height":34,"Demand":5,"DemandMax":null,"Value":714},{"Length":16,"Height":44,"Demand":2,"DemandMax":null,"Value":704},{"Length":46,"Height":16,"Demand":1,"DemandMax":null,"Value":736},{"Length":23,"Height":31,"Demand":5,"DemandMax":null,"Value":713},{"Length":44,"Height":17,"Demand":1,"DemandMax":null,"Value":748},{"Length":19,"Height":38,"Demand":2,"DemandMax":null,"Value":722},{"Length":17,"Height":43,"Demand":1,"DemandMax":null,"Value":731},{"Length":34,"Height":21,"Demand":2,"DemandMax":null,"Value":714},{"Length":15,"Height":47,"Demand":1,"DemandMax":null,"Value":705},{"Length":36,"Height":20,"Demand":3,"DemandMax":null,"Value":720},{"Length":15,"Height":48,"Demand":3,"DemandMax":null,"Value":720},{"Length":26,"Height":28,"Demand":2,"DemandMax":null,"Value":728},{"Length":50,"Height":14,"Demand":1,"DemandMax":null,"Value":700},{"Length":27,"Height":26,"Demand":3,"DemandMax":null,"Value":702},{"Length":29,"Height":25,"Demand":2,"DemandMax":null,"Value":725},{"Length":18,"Height":40,"Demand":3,"DemandMax":null,"Value":720},{"Length":31,"Height":23,"Demand":3,"DemandMax":null,"Value":713},{"Length":18,"Height":39,"Demand":2,"DemandMax":null,"Value":702},{"Length":22,"Height":33,"Demand":1,"DemandMax":null,"Value":726},{"Length":14,"Height":51,"Demand":3,"DemandMax":null,"Value":714},{"Length":44,"Height":16,"Demand":1,"DemandMax":null,"Value":704},{"Length":25,"Height":29,"Demand":1,"DemandMax":null,"Value":725},{"Length":51,"Height":14,"Demand":2,"DemandMax":null,"Value":714},{"Length":37,"Height":19,"Demand":1,"DemandMax":null,"Value":703},{"Length":33,"Height":21,"Demand":1,"DemandMax":null,"Value":693},{"Length":28,"Height":25,"Demand":3,"DemandMax":null,"Value":700},{"Length":35,"Height":20,"Demand":2,"DemandMax":null,"Value":700},{"Length":46,"Height":15,"Demand":4,"DemandMax":null,"Value":690},{"Length":19,"Height":37,"Demand":3,"DemandMax":null,"Value":703},{"Length":15,"Height":49,"Demand":1,"DemandMax":null,"Value":735},{"Length":28,"Height":26,"Demand":3,"DemandMax":null,"Value":728},{"Length":31,"Height":22,"Demand":2,"DemandMax":null,"Value":682},{"Length":24,"Height":29,"Demand":1,"DemandMax":null,"Value":696},{"Length":26,"Height":27,"Demand":3,"DemandMax":null,"Value":702},{"Length":17,"Height":41,"Demand":1,"DemandMax":null,"Value":697},{"Length":14,"Height":49,"Demand":3,"DemandMax":null,"Value":686},{"Length":22,"Height":31,"Demand":1,"DemandMax":null,"Value":682},{"Length":29,"Height":24,"Demand":1,"DemandMax":null,"Value":696},{"Length":34,"Height":20,"Demand":1,"DemandMax":null,"Value":680},{"Length":14,"Height":52,"Demand":1,"DemandMax":null,"Value":728},{"Length":14,"Height":50,"Demand":2,"DemandMax":null,"Value":700},{"Length":30,"Height":23,"Demand":3,"DemandMax":null,"Value":690},{"Length":28,"Height":24,"Demand":1,"DemandMax":null,"Value":672},{"Length":26,"Height":26,"Demand":1,"DemandMax":null,"Value":676},{"Length":16,"Height":42,"Demand":2,"DemandMax":null,"Value":672},{"Length":25,"Height":28,"Demand":1,"DemandMax":null,"Value":700},{"Length":19,"Height":36,"Demand":1,"DemandMax":null,"Value":684},{"Length":13,"Height":52,"Demand":1,"DemandMax":null,"Value":676},{"Length":52,"Height":13,"Demand":1,"DemandMax":null,"Value":676},{"Length":18,"Height":38,"Demand":1,"DemandMax":null,"Value":684},{"Length":29,"Height":23,"Demand":2,"DemandMax":null,"Value":667},{"Length":19,"Height":35,"Demand":2,"DemandMax":null,"Value":665},{"Length":18,"Height":37,"Demand":1,"DemandMax":null,"Value":666},{"Length":27,"Height":25,"Demand":2,"DemandMax":null,"Value":675},{"Length":47,"Height":14,"Demand":1,"DemandMax":null,"Value":658},{"Length":21,"Height":31,"Demand":2,"DemandMax":null,"Value":651},{"Length":37,"Height":18,"Demand":1,"DemandMax":null,"Value":666},{"Length":22,"Height":30,"Demand":2,"DemandMax":null,"Value":660},{"Length":30,"Height":22,"Demand":2,"DemandMax":null,"Value":660},{"Length":25,"Height":27,"Demand":1,"DemandMax":null,"Value":675},{"Length":19,"Height":34,"Demand":4,"DemandMax":null,"Value":646},{"Length":27,"Height":24,"Demand":1,"DemandMax":null,"Value":648},{"Length":20,"Height":33,"Demand":1,"DemandMax":null,"Value":660},{"Length":15,"Height":44,"Demand":1,"DemandMax":null,"Value":660},{"Length":13,"Height":51,"Demand":1,"DemandMax":null,"Value":663},{"Length":25,"Height":26,"Demand":1,"DemandMax":null,"Value":650},{"Length":28,"Height":23,"Demand":1,"DemandMax":null,"Value":644},{"Length":20,"Height":32,"Demand":1,"DemandMax":null,"Value":640},{"Length":46,"Height":14,"Demand":1,"DemandMax":null,"Value":644},{"Length":14,"Height":47,"Demand":1,"DemandMax":null,"Value":658},{"Length":23,"Height":28,"Demand":1,"DemandMax":null,"Value":644},{"Length":29,"Height":22,"Demand":2,"DemandMax":null,"Value":638},{"Length":33,"Height":19,"Demand":1,"DemandMax":null,"Value":627},{"Length":30,"Height":21,"Demand":1,"DemandMax":null,"Value":630},{"Length":20,"Height":31,"Demand":2,"DemandMax":null,"Value":620},{"Length":25,"Height":25,"Demand":1,"DemandMax":null,"Value":625},{"Length":36,"Height":18,"Demand":1,"DemandMax":null,"Value":648},{"Length":23,"Height":27,"Demand":2,"DemandMax":null,"Value":621},{"Length":13,"Height":49,"Demand":1,"DemandMax":null,"Value":637},{"Length":24,"Height":26,"Demand":1,"DemandMax":null,"Value":624},{"Length":19,"Height":32,"Demand":1,"DemandMax":null,"Value":608},{"Length":47,"Height":13,"Demand":2,"DemandMax":null,"Value":611},{"Length":17,"Height":36,"Demand":2,"DemandMax":null,"Value":612},{"Length":28,"Height":22,"Demand":2,"DemandMax":null,"Value":616},{"Length":35,"Height":18,"Demand":1,"DemandMax":null,"Value":630},{"Length":13,"Height":47,"Demand":3,"DemandMax":null,"Value":611},{"Length":21,"Height":29,"Demand":2,"DemandMax":null,"Value":609},{"Length":16,"Height":38,"Demand":2,"DemandMax":null,"Value":608},{"Length":26,"Height":23,"Demand":2,"DemandMax":null,"Value":598},{"Length":22,"Height":28,"Demand":1,"DemandMax":null,"Value":616},{"Length":27,"Height":23,"Demand":1,"DemandMax":null,"Value":621},{"Length":18,"Height":33,"Demand":2,"DemandMax":null,"Value":594},{"Length":15,"Height":41,"Demand":1,"DemandMax":null,"Value":615},{"Length":14,"Height":43,"Demand":2,"DemandMax":null,"Value":602},{"Length":33,"Height":18,"Demand":3,"DemandMax":null,"Value":594},{"Length":19,"Height":31,"Demand":2,"DemandMax":null,"Value":589},{"Length":28,"Height":21,"Demand":1,"DemandMax":null,"Value":588},{"Length":16,"Height":37,"Demand":3,"DemandMax":null,"Value":592},{"Length":29,"Height":21,"Demand":1,"DemandMax":null,"Value":609},{"Length":30,"Height":20,"Demand":1,"DemandMax":null,"Value":600},{"Length":43,"Height":14,"Demand":2,"DemandMax":null,"Value":602},{"Length":46,"Height":13,"Demand":1,"DemandMax":null,"Value":598},{"Length":15,"Height":39,"Demand":1,"DemandMax":null,"Value":585},{"Length":17,"Height":34,"Demand":3,"DemandMax":null,"Value":578},{"Length":20,"Height":30,"Demand":1,"DemandMax":null,"Value":600},{"Length":22,"Height":27,"Demand":1,"DemandMax":null,"Value":594},{"Length":23,"Height":26,"Demand":1,"DemandMax":null,"Value":598},{"Length":39,"Height":15,"Demand":1,"DemandMax":null,"Value":585},{"Length":29,"Height":20,"Demand":1,"DemandMax":null,"Value":580},{"Length":15,"Height":38,"Demand":1,"DemandMax":null,"Value":570},{"Length":23,"Height":25,"Demand":5,"DemandMax":null,"Value":575},{"Length":34,"Height":17,"Demand":2,"DemandMax":null,"Value":578},{"Length":22,"Height":26,"Demand":2,"DemandMax":null,"Value":572},{"Length":33,"Height":17,"Demand":1,"DemandMax":null,"Value":561},{"Length":30,"Height":19,"Demand":1,"DemandMax":null,"Value":570},{"Length":36,"Height":16,"Demand":1,"DemandMax":null,"Value":576},{"Length":17,"Height":33,"Demand":2,"DemandMax":null,"Value":561},{"Length":37,"Height":16,"Demand":1,"DemandMax":null,"Value":592},{"Length":24,"Height":24,"Demand":2,"DemandMax":null,"Value":576},{"Length":13,"Height":45,"Demand":1,"DemandMax":null,"Value":585},{"Length":18,"Height":32,"Demand":2,"DemandMax":null,"Value":576},{"Length":15,"Height":37,"Demand":1,"DemandMax":null,"Value":555},{"Length":26,"Height":22,"Demand":1,"DemandMax":null,"Value":572},{"Length":37,"Height":15,"Demand":1,"DemandMax":null,"Value":555},{"Length":22,"Height":25,"Demand":1,"DemandMax":null,"Value":550},{"Length":29,"Height":19,"Demand":1,"DemandMax":null,"Value":551},{"Length":24,"Height":23,"Demand":1,"DemandMax":null,"Value":552}]}