{"Name":"path75t","Objects":[{"Length":1000,"Height":998,"Stock":null,"Cost":998000}],"Items":[{"Length":254,"Height":37,"Demand":1,"DemandMax":null,"Value":9398},{"Length":211,"Height":37,"Demand":1,"DemandMax":null,"Value":7807},{"Length":67,"Height":103,"Demand":1,"DemandMax":null,"Value":6901},{"Length":137,"Height":42,"Demand":1,"DemandMax":null,"Value":5754},{"Length":68,"Height":69,"Demand":1,"DemandMax":null,"Value":4692},{"Length":38,"Height":113,"Demand":1,"DemandMax":null,"Value":4294},{"Length":107,"Height":38,"Demand":1,"DemandMax":null,"Value":4066},{"Length":403,"Height":10,"Demand":1,"DemandMax":null,"Value":4030},{"Length":74,"Height":49,"Demand":1,"DemandMax":null,"Value":3626},{"Length":32,"Height":113,"Demand":1,"DemandMax":null,"Value":3616},{"Length":49,"Height":66,"Demand":1,"DemandMax":null,"Value":3234},{"Length":50,"Height":63,"Demand":1,"DemandMax":null,"Value":3150},{"Length":27,"Height":107,"Demand":1,"DemandMax":null,"Value":2889},{"Length":355,"Height":8,"Demand":1,"DemandMax":null,"Value":2840},{"Length":37,"Height":75,"Demand":1,"DemandMax":null,"Value":2775},{"Length":74,"Height":36,"Demand":1,"DemandMax":null,"Value":2664},{"Length":279,"Height":9,"Demand":1,"DemandMax":null,"Value":2511},{"Length":109,"Height":22,"Demand":1,"DemandMax":null,"Value":2398},{"Length":11,"Height":214,"Demand":1,"DemandMax":null,"Value":2354},{"Length":63,"Height":38,"Demand":1,"DemandMax":null,"Value":2394},{"Length":220,"Height":11,"Demand":1,"DemandMax":null,"Value":2420},{"Length":178,"Height":13,"Demand":1,"DemandMax":null,"Value":2314},{"Length":80,"Height":28,"Demand":1,"DemandMax":null,"Value":2240},{"Length":235,"Height":9,"Demand":1,"DemandMax":null,"Value":2115},{"Length":288,"Height":7,"Demand":1,"DemandMax":null,"Value":2016},{"Length":449,"Height":5,"Demand":1,"DemandMax":null,"Value":2245},{"Length":284,"Height":7,"Demand":1,"DemandMax":null,"Value":1988},{"Length":366,"Height":5,"Demand":1,"DemandMax":null,"Value":1830},{"Length":131,"Height":15,"Demand":1,"DemandMax":null,"Value":1965},{"Length":64,"Height":30,"Demand":1,"DemandMax":null,"Value":1920},{"Length":260,"Height":7,"Demand":1,"DemandMax":null,"Value":1820},{"Length":144,"Height":13,"Demand":1,"DemandMax":null,"Value":1872},{"Length":183,"Height":10,"Demand":1,"DemandMax":null,"Value":1830},{"Length":252,"Height":7,"Demand":1,"DemandMax":null,"Value":1764},{"Length":155,"Height":11,"Demand":2,"DemandMax":null,"Value":1705},{"Length":67,"Height":25,"Demand":1,"DemandMax":null,"Value":1675},{"Length":16,"Height":103,"Demand":1,"DemandMax":null,"Value":1648},{"Length":56,"Height":29,"Demand":1,"DemandMax":null,"Value":1624},{"Length":36,"Height":43,"Demand":1,"DemandMax":null,"Value":1548},{"Length":170,"Height":9,"Demand":1,"DemandMax":null,"Value":1530},{"Length":67,"Height":23,"Demand":1,"DemandMax":null,"Value":1541},{"Length":348,"Height":4,"Demand":2,"DemandMax":null,"Value":1392},{"Length":137,"Height":11,"Demand":1,"DemandMax":null,"Value":1507},{"Length":82,"Height":18,"Demand":1,"DemandMax":null,"Value":1476},{"Length":294,"Height":5,"Demand":1,"DemandMax":null,"Value":1470},{"Length":14,"Height":103,"Demand":1,"DemandMax":null,"Value":1442},{"Length":367,"Height":4,"Demand":1,"DemandMax":null,"Value":1468},{"Length":48,"Height":30,"Demand":1,"DemandMax":null,"Value":1440},{"Length":252,"Height":6,"Demand":1,"DemandMax":null,"Value":1512},{"Length":110,"Height":13,"Demand":1,"DemandMax":null,"Value":1430},{"Length":280,"Height":5,"Demand":1,"DemandMax":null,"Value":1400},{"Length":6,"Height":214,"Demand":1,"DemandMax":null,"Value":1284},{"Length":13,"Height":103,"Demand":1,"DemandMax":null,"Value":1339},{"Length":104,"Height":13,"Demand":1,"DemandMax":null,"Value":1352},{"Length":14,"Height":97,"Demand":1,"DemandMax":null,"Value":1358},{"Length":26,"Height":50,"Demand":1,"DemandMax":null,"Value":1300},{"Length":110,"Height":12,"Demand":1,"DemandMax":null,"Value":1320},{"Length":243,"Height":5,"Demand":1,"DemandMax":null,"Value":1215},{"Length":277,"Height":4,"Demand":1,"DemandMax":null,"Value":1108},{"Length":14,"Height":92,"Demand":1,"DemandMax":null,"Value":1288},{"Length":204,"Height":6,"Demand":2,"DemandMax":null,"Value":1224},{"Length":18,"Height":69,"Demand":1,"DemandMax":null,"Value":1242},{"Length":60,"Height":20,"Demand":1,"DemandMax":null,"Value":1200},{"Length":75,"Height":15,"Demand":1,"DemandMax":null,"Value":1125},{"Length":229,"Height":5,"Demand":1,"DemandMax":null,"Value":1145},{"Length":28,"Height":40,"Demand":1,"DemandMax":null,"Value":1120},{"Length":118,"Height":10,"Demand":1,"DemandMax":null,"Value":1180},{"Length":125,"Height":9,"Demand":1,"DemandMax":null,"Value":1125},{"Length":105,"Height":11,"Demand":1,"DemandMax":null,"Value":1155},{"Length":206,"Height":5,"Demand":1,"DemandMax":null,"Value":1030},{"Length":38,"Height":28,"Demand":1,"DemandMax":null,"Value":1064},{"Length":161,"Height":7,"Demand":1,"DemandMax":null,"Value":1127},{"Length":92,"Height":11,"Demand":1,"DemandMax":null,"Value":1012},{"Length":14,"Height":77,"Demand":1,"DemandMax":null,"Value":1078},{"Length":36,"Height":28,"Demand":1,"DemandMax":null,"Value":1008},{"Length":11,"Height":90,"Demand":1,"DemandMax":null,"Value":990},{"Length":22,"Height":47,"Demand":1,"DemandMax":null,"Value":1034},{"Length":41,"Height":25,"Demand":1,"DemandMax":null,"Value":1025},{"Length":170,"Height":6,"Demand":1,"DemandMax":null,"Value":1020},{"Length":39,"Height":26,"Demand":1,"DemandMax":null,"Value":1014},{"Length":107,"Height":9,"Demand":1,"DemandMax":null,"Value":963},{"Length":197,"Height":5,"Demand":1,"DemandMax":null,"Value":985},{"Length":313,"Height":3,"Demand":2,"DemandMax":null,"Value":939},{"Length":86,"Height":11,"Demand":1,"DemandMax":null,"Value":946},{"Length":9,"Height":111,"Demand":1,"DemandMax":null,"Value":999},{"Length":56,"Height":17,"Demand":1,"DemandMax":null,"Value":952},{"Length":84,"Height":11,"Demand":1,"DemandMax":null,"Value":924},{"Length":278,"Height":3,"Demand":1,"DemandMax":null,"Value":834},{"Length":83,"Height":11,"Demand":1,"DemandMax":null,"Value":913},{"Length":9,"Height":103,"Demand":1,"DemandMax":null,"Value":927},{"Length":183,"Height":5,"Demand":1,"DemandMax":null,"Value":915},{"Length":36,"Height":26,"Demand":1,"DemandMax":null,"Value":936},{"Length":182,"Height":5,"Demand":1,"DemandMax":null,"Value":910},{"Length":5,"Height":174,"Demand":1,"DemandMax":null,"Value":870},{"Length":125,"Height":7,"Demand":1,"DemandMax":null,"Value":875},{"Length":52,"Height":17,"Demand":1,"DemandMax":null,"Value":884},{"Length":234,"Height":4,"Demand":1,"DemandMax":null,"Value":936},{"Length":71,"Height":13,"Demand":1,"DemandMax":null,"Value":923},{"Length":38,"Height":23,"Demand":1,"DemandMax":null,"Value":874},{"Length":73,"Height":12,"Demand":2,"DemandMax":null,"Value":876},{"Length":10,"Height":82,"Demand":1,"DemandMax":null,"Value":820},{"Length":79,"Height":11,"Demand":1,"DemandMax":null,"Value":869},{"Length":121,"Height":7,"Demand":1,"DemandMax":null,"Value":847},{"Length":130,"Height":6,"Demand":1,"DemandMax":null,"Value":780},{"Length":198,"Height":4,"Demand":1,"DemandMax":null,"Value":792},{"Length":84,"Height":10,"Demand":1,"DemandMax":null,"Value":840},{"Length":32,"Height":26,"Demand":1,"DemandMax":null,"Value":832},{"Length":109,"Height":7,"Demand":2,"DemandMax":null,"Value":763},{"Length":141,"Height":6,"Demand":1,"DemandMax":null,"Value":846},{"Length":85,"Height":9,"Demand":1,"DemandMax":null,"Value":765},{"Length":20,"Height":38,"Demand":1,"DemandMax":null,"Value":760},{"Length":11,"Height":69,"Demand":1,"DemandMax":null,"Value":759},{"Length":22,"Height":34,"Demand":1,"DemandMax":null,"Value":748},{"Length":39,"Height":19,"Demand":1,"DemandMax":null,"Value":741},{"Length":216,"Height":3,"Demand":1,"DemandMax":null,"Value":648},{"Length":66,"Height":11,"Demand":1,"DemandMax":null,"Value":726},{"Length":58,"Height":12,"Demand":2,"DemandMax":null,"Value":696},{"Length":19,"Height":38,"Demand":1,"DemandMax":null,"Value":722},{"Length":16,"Height":43,"Demand":1,"DemandMax":null,"Value":688},{"Length":8,"Height":82,"Demand":1,"DemandMax":null,"Value":656},{"Length":15,"Height":47,"Demand":1,"DemandMax":null,"Value":705},{"Length":113,"Height":6,"Demand":1,"DemandMax":null,"Value":678},{"Length":21,"Height":33,"Demand":1,"DemandMax":null,"Value":693},{"Length":106,"Height":6,"Demand":1,"DemandMax":null,"Value":636},{"Length":70,"Height":10,"Demand":1,"DemandMax":null,"Value":700},{"Length":167,"Height":4,"Demand":1,"DemandMax":null,"Value":668},{"Length":66,"Height":10,"Demand":1,"DemandMax":null,"Value":660},{"Length":4,"Height":153,"Demand":1,"DemandMax":null,"Value":612},{"Length":95,"Height":7,"Demand":1,"DemandMax":null,"Value":665},{"Length":182,"Height":4,"Demand":1,"DemandMax":null,"Value":728},{"Length":74,"Height":9,"Demand":1,"DemandMax":null,"Value":666},{"Length":70,"Height":9,"Demand":1,"DemandMax":null,"Value":630},{"Length":5,"Height":120,"Demand":1,"DemandMax":null,"Value":600},{"Length":103,"Height":6,"Demand":1,"DemandMax":null,"Value":618},{"Length":4,"Height":175,"Demand":1,"DemandMax":null,"Value":700},{"Length":41,"Height":15,"Demand":1,"DemandMax":null,"Value":615},{"Length":21,"Height":30,"Demand":1,"DemandMax":null,"Value":630},{"Length":144,"Height":4,"Demand":1,"DemandMax":null,"Value":576},{"Length":14,"Height":43,"Demand":1,"DemandMax":null,"Value":602},{"Length":60,"Height":10,"Demand":1,"DemandMax":null,"Value":600},{"Length":112,"Height":5,"Demand":1,"DemandMax":null,"Value":560},{"Length":52,"Height":11,"Demand":1,"DemandMax":null,"Value":572},{"Length":80,"Height":7,"Demand":1,"DemandMax":null,"Value":560},{"Length":162,"Height":4,"Demand":1,"DemandMax":null,"Value":648},{"Length":163,"Height":4,"Demand":1,"DemandMax":null,"Value":652},{"Length":27,"Height":22,"Demand":1,"DemandMax":null,"Value":594},{"Length":233,"Height":2,"Demand":1,"DemandMax":null,"Value":466},{"Length":36,"Height":16,"Demand":1,"DemandMax":null,"Value":576},{"Length":12,"Height":46,"Demand":1,"DemandMax":null,"Value":552},{"Length":26,"Height":21,"Demand":1,"DemandMax":null,"Value":546},{"Length":9,"Height":62,"Demand":1,"DemandMax":null,"Value":558},{"Length":101,"Height":5,"Demand":1,"DemandMax":null,"Value":505},{"Length":76,"Height":7,"Demand":1,"DemandMax":null,"Value":532},{"Length":39,"Height":14,"Demand":1,"DemandMax":null,"Value":546},{"Length":204,"Height":3,"Demand":1,"DemandMax":null,"Value":612},{"Length":110,"Height":5,"Demand":1,"DemandMax":null,"Value":550},{"Length":31,"Height":17,"Demand":2,"DemandMax":null,"Value":527},{"Length":19,"Height":29,"Demand":1,"DemandMax":null,"Value":551},{"Length":7,"Height":79,"Demand":1,"DemandMax":null,"Value":553},{"Length":10,"Height":52,"Demand":1,"DemandMax":null,"Value":520},{"Length":12,"Height":42,"Demand":1,"DemandMax":null,"Value":504},{"Length":221,"Height":2,"Demand":1,"DemandMax":null,"Value":442},{"Length":18,"Height":28,"Demand":1,"DemandMax":null,"Value":504},{"Length":125,"Height":4,"Demand":1,"DemandMax":null,"Value":500},{"Length":67,"Height":8,"Demand":1,"DemandMax":null,"Value":536},{"Length":8,"Height":68,"Demand":1,"DemandMax":null,"Value":544},{"Length":5,"Height":95,"Demand":1,"DemandMax":null,"Value":475},{"Length":6,"Height":82,"Demand":1,"DemandMax":null,"Value":492},{"Length":55,"Height":9,"Demand":1,"DemandMax":null,"Value":495},{"Length":193,"Height":3,"Demand":1,"DemandMax":null,"Value":579},{"Length":23,"Height":21,"Demand":2,"DemandMax":null,"Value":483},{"Length":15,"Height":34,"Demand":1,"DemandMax":null,"Value":510},{"Length":10,"Height":49,"Demand":1,"DemandMax":null,"Value":490},{"Length":4,"Height":114,"Demand":1,"DemandMax":null,"Value":456},{"Length":33,"Height":15,"Demand":1,"DemandMax":null,"Value":495},{"Length":164,"Height":3,"Demand":1,"DemandMax":null,"Value":492},{"Length":71,"Height":7,"Demand":1,"DemandMax":null,"Value":497},{"Length":13,"Height":36,"Demand":1,"DemandMax":null,"Value":468},{"Length":80,"Height":6,"Demand":1,"DemandMax":null,"Value":480},{"Length":68,"Height":7,"Demand":2,"DemandMax":null,"Value":476},{"Length":21,"Height":23,"Demand":1,"DemandMax":null,"Value":483},{"Length":5,"Height":103,"Demand":1,"DemandMax":null,"Value":515},{"Length":30,"Height":16,"Demand":1,"DemandMax":null,"Value":480},{"Length":16,"Height":30,"Demand":1,"DemandMax":null,"Value":480},{"Length":146,"Height":3,"Demand":1,"DemandMax":null,"Value":438},{"Length":126,"Height":4,"Demand":1,"DemandMax":null,"Value":504},{"Length":192,"Height":2,"Demand":2,"DemandMax":null,"Value":384},{"Length":29,"Height":16,"Demand":1,"DemandMax":null,"Value":464},{"Length":123,"Height":4,"Demand":1,"DemandMax":null,"Value":492},{"Length":38,"Height":12,"Demand":1,"DemandMax":null,"Value":456},{"Length":183,"Height":2,"Demand":2,"DemandMax":null,"Value":366},{"Length":131,"Height":3,"Demand":2,"DemandMax":null,"Value":393},{"Length":5,"Height":99,"Demand":1,"DemandMax":null,"Value":495},{"Length":8,"Height":55,"Demand":1,"DemandMax":null,"Value":440},{"Length":78,"Height":6,"Demand":1,"DemandMax":null,"Value":468},{"Length":5,"Height":82,"Demand":1,"DemandMax":null,"Value":410},{"Length":136,"Height":3,"Demand":1,"DemandMax":null,"Value":408},{"Length":119,"Height":4,"Demand":1,"DemandMax":null,"Value":476},{"Length":204,"Height":2,"Demand":1,"DemandMax":null,"Value":408},{"Length":208,"Height":2,"Demand":1,"DemandMax":null,"Value":416},{"Length":6,"Height":74,"Demand":1,"DemandMax":null,"Value":444},{"Length":190,"Height":2,"Demand":1,"DemandMax":null,"Value":380},{"Length":21,"Height":21,"Demand":1,"DemandMax":null,"Value":441},{"Length":81,"Height":5,"Demand":1,"DemandMax":null,"Value":405},{"Length":9,"Height":50,"Demand":1,"DemandMax":null,"Value":450},{"Length":105,"Height":4,"Demand":1,"DemandMax":null,"Value":420},{"Length":14,"Height":30,"Demand":1,"DemandMax":null,"Value":420},{"Length":15,"Height":29,"Demand":1,"DemandMax":null,"Value":435},{"Length":197,"Height":2,"Demand":1,"DemandMax":null,"Value":394},{"Length":6,"Height":70,"Demand":1,"DemandMax":null,"Value":420},{"Length":24,"Height":17,"Demand":1,"DemandMax":null,"Value":408},{"Length":32,"Height":13,"Demand":1,"DemandMax":null,"Value":416},{"Length":83,"Height":5,"Demand":1,"DemandMax":null,"Value":415},{"Length":9,"Height":47,"Demand":1,"DemandMax":null,"Value":423},{"Length":63,"Height":7,"Demand":1,"DemandMax":null,"Value":441},{"Length":26,"Height":16,"Demand":1,"DemandMax":null,"Value":416},{"Length":17,"Height":24,"Demand":2,"DemandMax":null,"Value":408},{"Length":5,"Height":89,"Demand":1,"DemandMax":null,"Value":445},{"Length":15,"Height":27,"Demand":1,"DemandMax":null,"Value":405},{"Length":84,"Height":5,"Demand":1,"DemandMax":null,"Value":420},{"Length":16,"Height":25,"Demand":2,"DemandMax":null,"Value":400},{"Length":55,"Height":7,"Demand":1,"DemandMax":null,"Value":385},{"Length":6,"Height":65,"Demand":1,"DemandMax":null,"Value":390},{"Length":42,"Height":10,"Demand":1,"DemandMax":null,"Value":420},{"Length":152,"Height":3,"Demand":1,"DemandMax":null,"Value":456},{"Length":187,"Height":2,"Demand":1,"DemandMax":null,"Value":374},{"Length":40,"Height":10,"Demand":1,"DemandMax":null,"Value":400},{"Length":117,"Height":3,"Demand":1,"DemandMax":null,"Value":351},{"Length":67,"Height":6,"Demand":1,"DemandMax":null,"Value":402},{"Length":19,"Height":21,"Demand":1,"DemandMax":null,"Value":399},{"Length":111,"Height":4,"Demand":1,"DemandMax":null,"Value":444},{"Length":200,"Height":2,"Demand":1,"DemandMax":null,"Value":400},{"Length":163,"Height":2,"Demand":1,"DemandMax":null,"Value":326},{"Length":4,"Height":89,"Demand":1,"DemandMax":null,"Value":356},{"Length":118,"Height":3,"Demand":1,"DemandMax":null,"Value":354},{"Length":14,"Height":29,"Demand":1,"DemandMax":null,"Value":406},{"Length":50,"Height":8,"Demand":1,"DemandMax":null,"Value":400},{"Length":22,"Height":17,"Demand":1,"DemandMax":null,"Value":374},{"Length":94,"Height":4,"Demand":2,"DemandMax":null,"Value":376},{"Length":135,"Height":3,"Demand":1,"DemandMax":null,"Value":405},{"Length":139,"Height":3,"Demand":1,"DemandMax":null,"Value":417},{"Length":49,"Height":8,"Demand":1,"DemandMax":null,"Value":392},{"Length":5,"Height":71,"Demand":1,"DemandMax":null,"Value":355},{"Length":97,"Height":4,"Demand":1,"DemandMax":null,"Value":388},{"Length":19,"Height":20,"Demand":2,"DemandMax":null,"Value":380},{"Length":23,"Height":16,"Demand":1,"DemandMax":null,"Value":368},{"Length":12,"Height":32,"Demand":1,"DemandMax":null,"Value":384},{"Length":10,"Height":37,"Demand":1,"DemandMax":null,"Value":370},{"Length":33,"Height":11,"Demand":1,"DemandMax":null,"Value":363},{"Length":8,"Height":47,"Demand":1,"DemandMax":null,"Value":376},{"Length":74,"Height":5,"Demand":1,"DemandMax":null,"Value":370},{"Length":38,"Height":10,"Demand":1,"DemandMax":null,"Value":380},{"Length":3,"Height":116,"Demand":2,"DemandMax":null,"Value":348},{"Length":104,"Height":4,"Demand":1,"DemandMax":null,"Value":416},{"Length":108,"Height":3,"Demand":1,"DemandMax":null,"Value":324},{"Length":106,"Height":3,"Demand":2,"DemandMax":null,"Value":318},{"Length":18,"Height":20,"Demand":1,"DemandMax":null,"Value":360},{"Length":162,"Height":2,"Demand":1,"DemandMax":null,"Value":324},{"Length":10,"Height":36,"Demand":1,"DemandMax":null,"Value":360},{"Length":6,"Height":62,"Demand":1,"DemandMax":null,"Value":372},{"Length":86,"Height":4,"Demand":1,"DemandMax":null,"Value":344},{"Length":36,"Height":10,"Demand":1,"DemandMax":null,"Value":360},{"Length":7,"Height":55,"Demand":1,"DemandMax":null,"Value":385},{"Length":2,"Height":152,"Demand":1,"DemandMax":null,"Value":304},{"Length":44,"Height":8,"Demand":1,"DemandMax":null,"Value":352},{"Length":69,"Height":5,"Demand":1,"DemandMax":null,"Value":345},{"Length":17,"Height":22,"Demand":1,"DemandMax":null,"Value":374},{"Length":4,"Height":82,"Demand":1,"DemandMax":null,"Value":328},{"Length":73,"Height":5,"Demand":1,"DemandMax":null,"Value":365},{"Length":6,"Height":64,"Demand":1,"DemandMax":null,"Value":384},{"Length":115,"Height":3,"Demand":1,"DemandMax":null,"Value":345},{"Length":21,"Height":17,"Demand":3,"DemandMax":null,"Value":357},{"Length":3,"Height":121,"Demand":3,"DemandMax":null,"Value":363},{"Length":11,"Height":31,"Demand":1,"DemandMax":null,"Value":341},{"Length":72,"Height":5,"Demand":1,"DemandMax":null,"Value":360},{"Length":81,"Height":4,"Demand":2,"DemandMax":null,"Value":324},{"Length":31,"Height":11,"Demand":1,"DemandMax":null,"Value":341},{"Length":9,"Height":40,"Demand":1,"DemandMax":null,"Value":360},{"Length":56,"Height":6,"Demand":1,"DemandMax":null,"Value":336},{"Length":141,"Height":3,"Demand":2,"DemandMax":null,"Value":423},{"Length":58,"Height":6,"Demand":1,"DemandMax":null,"Value":348},{"Length":6,"Height":59,"Demand":1,"DemandMax":null,"Value":354},{"Length":6,"Height":61,"Demand":1,"DemandMax":null,"Value":366},{"Length":50,"Height":7,"Demand":2,"DemandMax":null,"Value":350},{"Length":110,"Height":3,"Demand":1,"DemandMax":null,"Value":330},{"Length":100,"Height":3,"Demand":1,"DemandMax":null,"Value":300},{"Length":39,"Height":9,"Demand":1,"DemandMax":null,"Value":351},{"Length":22,"Height":16,"Demand":2,"DemandMax":null,"Value":352},{"Length":128,"Height":3,"Demand":1,"DemandMax":null,"Value":384},{"Length":9,"Height":38,"Demand":1,"DemandMax":null,"Value":342},{"Length":8,"Height":43,"Demand":1,"DemandMax":null,"Value":344},{"Length":84,"Height":4,"Demand":1,"DemandMax":null,"Value":336},{"Length":13,"Height":26,"Demand":2,"DemandMax":null,"Value":338},{"Length":4,"Height":86,"Demand":1,"DemandMax":null,"Value":344},{"Length":10,"Height":35,"Demand":1,"DemandMax":null,"Value":350},{"Length":35,"Height":10,"Demand":1,"DemandMax":null,"Value":350},{"Length":4,"Height":81,"Demand":2,"DemandMax":null,"Value":324},{"Length":10,"Height":34,"Demand":1,"DemandMax":null,"Value":340},{"Length":18,"Height":19,"Demand":1,"DemandMax":null,"Value":342},{"Length":182,"Height":2,"Demand":1,"DemandMax":null,"Value":364},{"Length":49,"Height":7,"Demand":1,"DemandMax":null,"Value":343},{"Length":142,"Height":2,"Demand":2,"DemandMax":null,"Value":284},{"Length":15,"Height":23,"Demand":1,"DemandMax":null,"Value":345},{"Length":6,"Height":57,"Demand":1,"DemandMax":null,"Value":342},{"Length":92,"Height":4,"Demand":1,"DemandMax":null,"Value":368},{"Length":67,"Height":5,"Demand":2,"DemandMax":null,"Value":335},{"Length":5,"Height":73,"Demand":1,"DemandMax":null,"Value":365},{"Length":7,"Height":47,"Demand":2,"DemandMax":null,"Value":329},{"Length":57,"Height":6,"Demand":1,"DemandMax":null,"Value":342},{"Length":37,"Height":9,"Demand":2,"DemandMax":null,"Value":333},{"Length":3,"Height":115,"Demand":1,"DemandMax":null,"Value":345},{"Length":52,"Height":6,"Demand":2,"DemandMax":null,"Value":312},{"Length":29,"Height":11,"Demand":1,"DemandMax":null,"Value":319},{"Length":83,"Height":4,"Demand":1,"DemandMax":null,"Value":332},{"Length":7,"Height":45,"Demand":1,"DemandMax":null,"Value":315},{"Length":65,"Height":5,"Demand":1,"DemandMax":null,"Value":325},{"Length":125,"Height":3,"Demand":2,"DemandMax":null,"Value":375},{"Length":18,"Height":18,"Demand":1,"DemandMax":null,"Value":324},{"Length":3,"Height":107,"Demand":1,"DemandMax":null,"Value":321},{"Length":111,"Height":3,"Demand":3,"DemandMax":null,"Value":333},{"Length":43,"Height":8,"Demand":1,"DemandMax":null,"Value":344},{"Length":144,"Height":2,"Demand":2,"DemandMax":null,"Value":288},{"Length":153,"Height":2,"Demand":2,"DemandMax":null,"Value":306},{"Length":9,"Height":35,"Demand":1,"DemandMax":null,"Value":315},{"Length":7,"Height":46,"Demand":2,"DemandMax":null,"Value":322},{"Length":22,"Height":15,"Demand":2,"DemandMax":null,"Value":330},{"Length":46,"Height":7,"Demand":1,"DemandMax":null,"Value":322},{"Length":39,"Height":8,"Demand":1,"DemandMax":null,"Value":312},{"Length":15,"Height":21,"Demand":2,"DemandMax":null,"Value":315},{"Length":48,"Height":7,"Demand":1,"DemandMax":null,"Value":336},{"Length":4,"Height":85,"Demand":1,"DemandMax":null,"Value":340},{"Length":85,"Height":4,"Demand":1,"DemandMax":null,"Value":340},{"Length":3,"Height":96,"Demand":1,"DemandMax":null,"Value":288},{"Length":98,"Height":3,"Demand":2,"DemandMax":null,"Value":294},{"Length":23,"Height":14,"Demand":1,"DemandMax":null,"Value":322},{"Length":78,"Height":4,"Demand":1,"DemandMax":null,"Value":312},{"Length":14,"Height":24,"Demand":1,"DemandMax":null,"Value":336},{"Length":3,"Height":118,"Demand":1,"DemandMax":null,"Value":354},{"Length":154,"Height":2,"Demand":1,"DemandMax":null,"Value":308},{"Length":5,"Height":69,"Demand":1,"DemandMax":null,"Value":345},{"Length":8,"Height":40,"Demand":1,"DemandMax":null,"Value":320},{"Length":3,"Height":94,"Demand":1,"DemandMax":null,"Value":282},{"Length":77,"Height":4,"Demand":1,"DemandMax":null,"Value":308},{"Length":8,"Height":39,"Demand":2,"DemandMax":null,"Value":312},{"Length":21,"Height":15,"Demand":1,"DemandMax":null,"Value":315},{"Length":17,"Height":18,"Demand":2,"DemandMax":null,"Value":306},{"Length":20,"Height":16,"Demand":1,"DemandMax":null,"Value":320},{"Length":82,"Height":4,"Demand":1,"DemandMax":null,"Value":328},{"Length":7,"Height":44,"Demand":1,"DemandMax":null,"Value":308},{"Length":6,"Height":55,"Demand":1,"DemandMax":null,"Value":330},{"Length":13,"Height":24,"Demand":1,"DemandMax":null,"Value":312},{"Length":38,"Height":8,"Demand":2,"DemandMax":null,"Value":304},{"Length":27,"Height":12,"Demand":2,"DemandMax":null,"Value":324},{"Length":13,"Height":25,"Demand":1,"DemandMax":null,"Value":325},{"Length":129,"Height":2,"Demand":2,"DemandMax":null,"Value":258},{"Length":30,"Height":10,"Demand":1,"DemandMax":null,"Value":300},{"Length":7,"Height":43,"Demand":1,"DemandMax":null,"Value":301},{"Length":4,"Height":75,"Demand":1,"DemandMax":null,"Value":300},{"Length":40,"Height":8,"Demand":1,"DemandMax":null,"Value":320},{"Length":3,"Height":91,"Demand":2,"DemandMax":null,"Value":273},{"Length":12,"Height":26,"Demand":2,"DemandMax":null,"Value":312},{"Length":128,"Height":2,"Demand":1,"DemandMax":null,"Value":256},{"Length":11,"Height":28,"Demand":1,"DemandMax":null,"Value":308},{"Length":23,"Height":13,"Demand":2,"DemandMax":null,"Value":299},{"Length":10,"Height":31,"Demand":1,"DemandMax":null,"Value":310},{"Length":19,"Height":16,"Demand":1,"DemandMax":null,"Value":304},{"Length":61,"Height":5,"Demand":2,"DemandMax":null,"Value":305},{"Length":21,"Height":14,"Demand":1,"DemandMax":null,"Value":294},{"Length":102,"Height":3,"Demand":2,"DemandMax":null,"Value":306},{"Length":3,"Height":95,"Demand":2,"DemandMax":null,"Value":285},{"Length":55,"Height":6,"Demand":1,"DemandMax":null,"Value":330},{"Length":50,"Height":6,"Demand":1,"DemandMax":null,"Value":300},{"Length":20,"Height":15,"Demand":2,"DemandMax":null,"Value":300},{"Length":42,"Height":7,"Demand":1,"DemandMax":null,"Value":294},{"Length":6,"Height":54,"Demand":1,"DemandMax":null,"Value":324},{"Length":4,"Height":68,"Demand":1,"DemandMax":null,"Value":272},{"Length":104,"Height":3,"Demand":3,"DemandMax":null,"Value":312},{"Length":71,"Height":4,"Demand":1,"DemandMax":null,"Value":284},{"Length":26,"Height":12,"Demand":2,"DemandMax":null,"Value":312},{"Length":55,"Height":5,"Demand":2,"DemandMax":null,"Value":275},{"Length":8,"Height":38,"Demand":1,"DemandMax":null,"Value":304},{"Length":25,"Height":12,"Demand":2,"DemandMax":null,"Value":300},{"Length":14,"Height":22,"Demand":1,"DemandMax":null,"Value":308},{"Length":59,"Height":5,"Demand":1,"DemandMax":null,"Value":295},{"Length":41,"Height":7,"Demand":2,"DemandMax":null,"Value":287},{"Length":13,"Height":23,"Demand":1,"DemandMax":null,"Value":299},{"Length":26,"Height":11,"Demand":1,"DemandMax":null,"Value":286},{"Length":53,"Height":6,"Demand":1,"DemandMax":null,"Value":318},{"Length":113,"Height":3,"Demand":1,"DemandMax":null,"Value":339},{"Length":16,"Height":18,"Demand":1,"DemandMax":null,"Value":288},{"Length":6,"Height":46,"Demand":2,"DemandMax":null,"Value":276},{"Length":16,"Height":19,"Demand":1,"DemandMax":null,"Value":304},{"Length":6,"Height":47,"Demand":3,"DemandMax":null,"Value":282},{"Length":9,"Height":31,"Demand":2,"DemandMax":null,"Value":279},{"Length":4,"Height":73,"Demand":1,"DemandMax":null,"Value":292},{"Length":85,"Height":3,"Demand":2,"DemandMax":null,"Value":255},{"Length":7,"Height":42,"Demand":2,"DemandMax":null,"Value":294},{"Length":164,"Height":2,"Demand":1,"DemandMax":null,"Value":328},{"Length":64,"Height":5,"Demand":1,"DemandMax":null,"Value":320},{"Length":6,"Height":51,"Demand":1,"DemandMax":null,"Value":306},{"Length":4,"Height":71,"Demand":1,"DemandMax":null,"Value":284},{"Length":34,"Height":8,"Demand":2,"DemandMax":null,"Value":272},{"Length":37,"Height":8,"Demand":1,"DemandMax":null,"Value":296},{"Length":56,"Height":5,"Demand":1,"DemandMax":null,"Value":280},{"Length":103,"Height":3,"Demand":2,"DemandMax":null,"Value":309},{"Length":105,"Height":3,"Demand":1,"DemandMax":null,"Value":315},{"Length":11,"Height":26,"Demand":1,"DemandMax":null,"Value":286},{"Length":107,"Height":3,"Demand":1,"DemandMax":null,"Value":321},{"Length":11,"Height":25,"Demand":2,"DemandMax":null,"Value":275},{"Length":18,"Height":16,"Demand":1,"DemandMax":null,"Value":288},{"Length":12,"Height":24,"Demand":2,"DemandMax":null,"Value":288},{"Length":5,"Height":53,"Demand":3,"DemandMax":null,"Value":265},{"Length":130,"Height":2,"Demand":2,"DemandMax":null,"Value":260},{"Length":72,"Height":4,"Demand":2,"DemandMax":null,"Value":288},{"Length":4,"Height":66,"Demand":1,"DemandMax":null,"Value":264},{"Length":25,"Height":11,"Demand":2,"DemandMax":null,"Value":275},{"Length":52,"Height":5,"Demand":2,"DemandMax":null,"Value":260},{"Length":22,"Height":13,"Demand":1,"DemandMax":null,"Value":286},{"Length":6,"Height":49,"Demand":1,"DemandMax":null,"Value":294},{"Length":17,"Height":16,"Demand":3,"DemandMax":null,"Value":272},{"Length":43,"Height":7,"Demand":1,"DemandMax":null,"Value":301},{"Length":20,"Height":14,"Demand":1,"DemandMax":null,"Value":280},{"Length":14,"Height":20,"Demand":2,"DemandMax":null,"Value":280},{"Length":89,"Height":3,"Demand":1,"DemandMax":null,"Value":267},{"Length":94,"Height":3,"Demand":1,"DemandMax":null,"Value":282},{"Length":6,"Height":44,"Demand":2,"DemandMax":null,"Value":264},{"Length":7,"Height":37,"Demand":1,"DemandMax":null,"Value":259},{"Length":18,"Height":15,"Demand":1,"DemandMax":null,"Value":270},{"Length":122,"Height":2,"Demand":2,"DemandMax":null,"Value":244},{"Length":19,"Height":14,"Demand":2,"DemandMax":null,"Value":266},{"Length":148,"Height":2,"Demand":3,"DemandMax":null,"Value":296},{"Length":2,"Height":129,"Demand":2,"DemandMax":null,"Value":258},{"Length":63,"Height":4,"Demand":1,"DemandMax":null,"Value":252},{"Length":15,"Height":18,"Demand":1,"DemandMax":null,"Value":270},{"Length":7,"Height":38,"Demand":2,"DemandMax":null,"Value":266},{"Length":3,"Height":78,"Demand":2,"DemandMax":null,"Value":234},{"Length":33,"Height":8,"Demand":3,"DemandMax":null,"Value":264},{"Length":2,"Height":135,"Demand":1,"DemandMax":null,"Value":270},{"Length":54,"Height":5,"Demand":2,"DemandMax":null,"Value":270},{"Length":110,"Height":2,"Demand":3,"DemandMax":null,"Value":220},{"Length":7,"Height":36,"Demand":1,"DemandMax":null,"Value":252},{"Length":8,"Height":35,"Demand":1,"DemandMax":null,"Value":280},{"Length":24,"Height":11,"Demand":1,"DemandMax":null,"Value":264},{"Length":87,"Height":3,"Demand":1,"DemandMax":null,"Value":261},{"Length":8,"Height":32,"Demand":1,"DemandMax":null,"Value":256},{"Length":2,"Height":122,"Demand":2,"DemandMax":null,"Value":244},{"Length":6,"Height":42,"Demand":1,"DemandMax":null,"Value":252},{"Length":5,"Height":56,"Demand":2,"DemandMax":null,"Value":280},{"Length":112,"Height":2,"Demand":3,"DemandMax":null,"Value":224},{"Length":5,"Height":52,"Demand":2,"DemandMax":null,"Value":260},{"Length":115,"Height":2,"Demand":3,"DemandMax":null,"Value":230},{"Length":84,"Height":3,"Demand":1,"DemandMax":null,"Value":252},{"Length":39,"Height":7,"Demand":2,"DemandMax":null,"Value":273},{"Length":9,"Height":29,"Demand":2,"DemandMax":null,"Value":261},{"Length":83,"Height":3,"Demand":4,"DemandMax":null,"Value":249},{"Length":7,"Height":39,"Demand":2,"DemandMax":null,"Value":273},{"Length":77,"Height":3,"Demand":2,"DemandMax":null,"Value":231},{"Length":10,"Height":28,"Demand":1,"DemandMax":null,"Value":280},{"Length":82,"Height":3,"Demand":4,"DemandMax":null,"Value":246},{"Length":2,"Height":113,"Demand":2,"DemandMax":null,"Value":226},{"Length":149,"Height":2,"Demand":1,"DemandMax":null,"Value":298},{"Length":12,"Height":21,"Demand":4,"DemandMax":null,"Value":252},{"Length":4,"Height":64,"Demand":1,"DemandMax":null,"Value":256},{"Length":51,"Height":5,"Demand":2,"DemandMax":null,"Value":255},{"Length":3,"Height":82,"Demand":3,"DemandMax":null,"Value":246},{"Length":49,"Height":5,"Demand":3,"DemandMax":null,"Value":245},{"Length":90,"Height":3,"Demand":1,"DemandMax":null,"Value":270},{"Length":120,"Height":2,"Demand":5,"DemandMax":null,"Value":240},{"Length":4,"Height":67,"Demand":1,"DemandMax":null,"Value":268},{"Length":10,"Height":27,"Demand":1,"DemandMax":null,"Value":270},{"Length":81,"Height":3,"Demand":2,"DemandMax":null,"Value":243},{"Length":8,"Height":31,"Demand":3,"DemandMax":null,"Value":248},{"Length":38,"Height":7,"Demand":1,"DemandMax":null,"Value":266},{"Length":27,"Height":9,"Demand":1,"DemandMax":null,"Value":243},{"Length":14,"Height":18,"Demand":2,"DemandMax":null,"Value":252},{"Length":20,"Height":13,"Demand":2,"DemandMax":null,"Value":260},{"Length":6,"Height":45,"Demand":1,"DemandMax":null,"Value":270},{"Length":16,"Height":16,"Demand":1,"DemandMax":null,"Value":256},{"Length":74,"Height":3,"Demand":4,"DemandMax":null,"Value":222},{"Length":30,"Height":8,"Demand":6,"DemandMax":null,"Value":240},{"Length":102,"Height":2,"Demand":6,"DemandMax":null,"Value":204},{"Length":3,"Height":87,"Demand":1,"DemandMax":null,"Value":261},{"Length":4,"Height":61,"Demand":1,"DemandMax":null,"Value":244},{"Length":12,"Height":22,"Demand":2,"DemandMax":null,"Value":264},{"Length":2,"Height":120,"Demand":1,"DemandMax":null,"Value":240},{"Length":10,"Height":24,"Demand":1,"DemandMax":null,"Value":240},{"Length":14,"Height":19,"Demand":1,"DemandMax":null,"Value":266},{"Length":47,"Height":5,"Demand":4,"DemandMax":null,"Value":235},{"Length":59,"Height":4,"Demand":1,"DemandMax":null,"Value":236},{"Length":95,"Height":3,"Demand":2,"DemandMax":null,"Value":285},{"Length":8,"Height":30,"Demand":3,"DemandMax":null,"Value":240},{"Length":53,"Height":5,"Demand":2,"DemandMax":null,"Value":265},{"Length":44,"Height":6,"Demand":1,"DemandMax":null,"Value":264},{"Length":106,"Height":2,"Demand":6,"DemandMax":null,"Value":212},{"Length":30,"Height":9,"Demand":1,"DemandMax":null,"Value":270},{"Length":2,"Height":104,"Demand":3,"DemandMax":null,"Value":208},{"Length":35,"Height":7,"Demand":1,"DemandMax":null,"Value":245},{"Length":141,"Height":2,"Demand":2,"DemandMax":null,"Value":282},{"Length":37,"Height":7,"Demand":1,"DemandMax":null,"Value":259},{"Length":7,"Height":34,"Demand":3,"DemandMax":null,"Value":238},{"Length":46,"Height":5,"Demand":1,"DemandMax":null,"Value":230},{"Length":104,"Height":2,"Demand":5,"DemandMax":null,"Value":208},{"Length":32,"Height":8,"Demand":1,"DemandMax":null,"Value":256},{"Length":4,"Height":56,"Demand":3,"DemandMax":null,"Value":224},{"Length":6,"Height":43,"Demand":1,"DemandMax":null,"Value":258},{"Length":62,"Height":4,"Demand":4,"DemandMax":null,"Value":248},{"Length":105,"Height":2,"Demand":4,"DemandMax":null,"Value":210},{"Length":9,"Height":27,"Demand":1,"DemandMax":null,"Value":243},{"Length":5,"Height":46,"Demand":2,"DemandMax":null,"Value":230},{"Length":41,"Height":6,"Demand":2,"DemandMax":null,"Value":246},{"Length":11,"Height":23,"Demand":2,"DemandMax":null,"Value":253},{"Length":4,"Height":63,"Demand":1,"DemandMax":null,"Value":252},{"Length":96,"Height":3,"Demand":1,"DemandMax":null,"Value":288},{"Length":48,"Height":5,"Demand":2,"DemandMax":null,"Value":240},{"Length":136,"Height":2,"Demand":2,"DemandMax":null,"Value":272},{"Length":114,"Height":2,"Demand":3,"DemandMax":null,"Value":228},{"Length":33,"Height":7,"Demand":4,"DemandMax":null,"Value":231},{"Length":14,"Height":17,"Demand":5,"DemandMax":null,"Value":238},{"Length":97,"Height":2,"Demand":5,"DemandMax":null,"Value":194},{"Length":9,"Height":28,"Demand":2,"DemandMax":null,"Value":252},{"Length":6,"Height":38,"Demand":3,"DemandMax":null,"Value":228},{"Length":18,"Height":13,"Demand":1,"DemandMax":null,"Value":234},{"Length":76,"Height":3,"Demand":1,"DemandMax":null,"Value":228},{"Length":19,"Height":13,"Demand":1,"DemandMax":null,"Value":247},{"Length":8,"Height":29,"Demand":2,"DemandMax":null,"Value":232},{"Length":45,"Height":5,"Demand":2,"DemandMax":null,"Value":225},{"Length":9,"Height":26,"Demand":2,"DemandMax":null,"Value":234},{"Length":9,"Height":25,"Demand":3,"DemandMax":null,"Value":225},{"Length":7,"Height":35,"Demand":1,"DemandMax":null,"Value":245},{"Length":72,"Height":3,"Demand":2,"DemandMax":null,"Value":216},{"Length":12,"Height":20,"Demand":2,"DemandMax":null,"Value":240},{"Length":43,"Height":6,"Demand":1,"DemandMax":null,"Value":258},{"Length":118,"Height":2,"Demand":4,"DemandMax":null,"Value":236},{"Length":3,"Height":80,"Demand":2,"DemandMax":null,"Value":240},{"Length":22,"Height":11,"Demand":1,"DemandMax":null,"Value":242},{"Length":40,"Height":6,"Demand":1,"DemandMax":null,"Value":240},{"Length":4,"Height":59,"Demand":1,"DemandMax":null,"Value":236},{"Length":54,"Height":4,"Demand":3,"DemandMax":null,"Value":216},{"Length":60,"Height":4,"Demand":2,"DemandMax":null,"Value":240},{"Length":28,"Height":8,"Demand":2,"DemandMax":null,"Value":224},{"Length":25,"Height":9,"Demand":5,"DemandMax":null,"Value":225},{"Length":28,"Height":9,"Demand":1,"DemandMax":null,"Value":252},{"Length":2,"Height":97,"Demand":2,"DemandMax":null,"Value":194},{"Length":13,"Height":19,"Demand":1,"DemandMax":null,"Value":247},{"Length":101,"Height":2,"Demand":8,"DemandMax":null,"Value":202},{"Length":13,"Height":18,"Demand":3,"DemandMax":null,"Value":234},{"Length":3,"Height":75,"Demand":4,"DemandMax":null,"Value":225},{"Length":78,"Height":3,"Demand":3,"DemandMax":null,"Value":234},{"Length":6,"Height":37,"Demand":2,"DemandMax":null,"Value":222},{"Length":7,"Height":32,"Demand":1,"DemandMax":null,"Value":224},{"Length":99,"Height":2,"Demand":2,"DemandMax":null,"Value":198},{"Length":44,"Height":5,"Demand":5,"DemandMax":null,"Value":220},{"Length":24,"Height":10,"Demand":1,"DemandMax":null,"Value":240},{"Length":6,"Height":41,"Demand":1,"DemandMax":null,"Value":246},{"Length":96,"Height":2,"Demand":6,"DemandMax":null,"Value":192},{"Length":52,"Height":4,"Demand":4,"DemandMax":null,"Value":208},{"Length":55,"Height":4,"Demand":4,"DemandMax":null,"Value":220},{"Length":58,"Height":4,"Demand":4,"DemandMax":null,"Value":232},{"Length":38,"Height":6,"Demand":2,"DemandMax":null,"Value":228},{"Length":67,"Height":3,"Demand":7,"DemandMax":null,"Value":201},{"Length":139,"Height":2,"Demand":2,"DemandMax":null,"Value":278},{"Length":94,"Height":2,"Demand":4,"DemandMax":null,"Value":188},{"Length":12,"Height":19,"Demand":2,"DemandMax":null,"Value":228},{"Length":26,"Height":9,"Demand":1,"DemandMax":null,"Value":234},{"Length":5,"Height":47,"Demand":1,"DemandMax":null,"Value":235},{"Length":20,"Height":12,"Demand":1,"DemandMax":null,"Value":240},{"Length":10,"Height":23,"Demand":1,"DemandMax":null,"Value":230},{"Length":64,"Height":4,"Demand":1,"DemandMax":null,"Value":256},{"Length":32,"Height":7,"Demand":2,"DemandMax":null,"Value":224},{"Length":23,"Height":10,"Demand":2,"DemandMax":null,"Value":230},{"Length":103,"Height":2,"Demand":3,"DemandMax":null,"Value":206},{"Length":15,"Height":15,"Demand":2,"DemandMax":null,"Value":225},{"Length":39,"Height":6,"Demand":1,"DemandMax":null,"Value":234},{"Length":30,"Height":7,"Demand":5,"DemandMax":null,"Value":210},{"Length":17,"Height":13,"Demand":3,"DemandMax":null,"Value":221},{"Length":8,"Height":28,"Demand":4,"DemandMax":null,"Value":224},{"Length":20,"Height":11,"Demand":4,"DemandMax":null,"Value":220},{"Length":86,"Height":3,"Demand":1,"DemandMax":null,"Value":258},{"Length":107,"Height":2,"Demand":1,"DemandMax":null,"Value":214},{"Length":9,"Height":24,"Demand":1,"DemandMax":null,"Value":216},{"Length":11,"Height":20,"Demand":3,"DemandMax":null,"Value":220},{"Length":15,"Height":16,"Demand":1,"DemandMax":null,"Value":240},{"Length":70,"Height":3,"Demand":3,"DemandMax":null,"Value":210},{"Length":5,"Height":44,"Demand":2,"DemandMax":null,"Value":220},{"Length":3,"Height":68,"Demand":5,"DemandMax":null,"Value":204},{"Length":80,"Height":3,"Demand":2,"DemandMax":null,"Value":240},{"Length":11,"Height":21,"Demand":1,"DemandMax":null,"Value":231},{"Length":22,"Height":10,"Demand":2,"DemandMax":null,"Value":220},{"Length":9,"Height":23,"Demand":4,"DemandMax":null,"Value":207},{"Length":14,"Height":16,"Demand":1,"DemandMax":null,"Value":224},{"Length":4,"Height":53,"Demand":4,"DemandMax":null,"Value":212},{"Length":50,"Height":4,"Demand":8,"DemandMax":null,"Value":200},{"Length":42,"Height":5,"Demand":5,"DemandMax":null,"Value":210},{"Length":35,"Height":6,"Demand":2,"DemandMax":null,"Value":210},{"Length":3,"Height":83,"Demand":1,"DemandMax":null,"Value":249},{"Length":7,"Height":30,"Demand":2,"DemandMax":null,"Value":210},{"Length":34,"Height":6,"Demand":5,"DemandMax":null,"Value":204},{"Length":3,"Height":73,"Demand":3,"DemandMax":null,"Value":219},{"Length":64,"Height":3,"Demand":8,"DemandMax":null,"Value":192},{"Length":13,"Height":17,"Demand":3,"DemandMax":null,"Value":221},{"Length":26,"Height":8,"Demand":3,"DemandMax":null,"Value":208},{"Length":7,"Height":31,"Demand":2,"DemandMax":null,"Value":217},{"Length":16,"Height":14,"Demand":1,"DemandMax":null,"Value":224},{"Length":147,"Height":1,"Demand":1,"DemandMax":null,"Value":147},{"Length":63,"Height":3,"Demand":9,"DemandMax":null,"Value":189},{"Length":53,"Height":4,"Demand":3,"DemandMax":null,"Value":212},{"Length":19,"Height":11,"Demand":7,"DemandMax":null,"Value":209},{"Length":91,"Height":2,"Demand":3,"DemandMax":null,"Value":182},{"Length":13,"Height":16,"Demand":6,"DemandMax":null,"Value":208},{"Length":29,"Height":8,"Demand":2,"DemandMax":null,"Value":232},{"Length":12,"Height":18,"Demand":2,"DemandMax":null,"Value":216},{"Length":2,"Height":124,"Demand":3,"DemandMax":null,"Value":248},{"Length":5,"Height":42,"Demand":1,"DemandMax":null,"Value":210},{"Length":16,"Height":13,"Demand":3,"DemandMax":null,"Value":208},{"Length":31,"Height":7,"Demand":2,"DemandMax":null,"Value":217},{"Length":8,"Height":25,"Demand":3,"DemandMax":null,"Value":200},{"Length":73,"Height":3,"Demand":2,"DemandMax":null,"Value":219},{"Length":95,"Height":2,"Demand":5,"DemandMax":null,"Value":190},{"Length":3,"Height":67,"Demand":3,"DemandMax":null,"Value":201},{"Length":21,"Height":10,"Demand":1,"DemandMax":null,"Value":210},{"Length":89,"Height":2,"Demand":1,"DemandMax":null,"Value":178},{"Length":18,"Height":12,"Demand":3,"DemandMax":null,"Value":216},{"Length":3,"Height":64,"Demand":3,"DemandMax":null,"Value":192},{"Length":61,"Height":4,"Demand":1,"DemandMax":null,"Value":244},{"Length":6,"Height":33,"Demand":5,"DemandMax":null,"Value":198},{"Length":11,"Height":19,"Demand":4,"DemandMax":null,"Value":209},{"Length":33,"Height":6,"Demand":2,"DemandMax":null,"Value":198},{"Length":117,"Height":2,"Demand":1,"DemandMax":null,"Value":234},{"Length":146,"Height":1,"Demand":1,"DemandMax":null,"Value":146},{"Length":127,"Height":2,"Demand":3,"DemandMax":null,"Value":254},{"Length":41,"Height":5,"Demand":3,"DemandMax":null,"Value":205},{"Length":69,"Height":3,"Demand":3,"DemandMax":null,"Value":207},{"Length":2,"Height":114,"Demand":2,"DemandMax":null,"Value":228},{"Length":10,"Height":21,"Demand":2,"DemandMax":null,"Value":210},{"Length":3,"Height":77,"Demand":1,"DemandMax":null,"Value":231},{"Length":17,"Height":12,"Demand":3,"DemandMax":null,"Value":204},{"Length":11,"Height":18,"Demand":5,"DemandMax":null,"Value":198},{"Length":47,"Height":4,"Demand":5,"DemandMax":null,"Value":188},{"Length":10,"Height":22,"Demand":2,"DemandMax":null,"Value":220},{"Length":4,"Height":51,"Demand":5,"DemandMax":null,"Value":204},{"Length":23,"Height":9,"Demand":3,"DemandMax":null,"Value":207},{"Length":2,"Height":91,"Demand":7,"DemandMax":null,"Value":182},{"Length":40,"Height":5,"Demand":5,"DemandMax":null,"Value":200},{"Length":39,"Height":5,"Demand":6,"DemandMax":null,"Value":195},{"Length":5,"Height":43,"Demand":1,"DemandMax":null,"Value":215},{"Length":8,"Height":27,"Demand":3,"DemandMax":null,"Value":216},{"Length":60,"Height":3,"Demand":7,"DemandMax":null,"Value":180},{"Length":3,"Height":66,"Demand":6,"DemandMax":null,"Value":198},{"Length":15,"Height":14,"Demand":1,"DemandMax":null,"Value":210},{"Length":7,"Height":29,"Demand":7,"DemandMax":null,"Value":203},{"Length":2,"Height":89,"Demand":2,"DemandMax":null,"Value":178},{"Length":85,"Height":2,"Demand":4,"DemandMax":null,"Value":170},{"Length":7,"Height":28,"Demand":6,"DemandMax":null,"Value":196},{"Length":4,"Height":47,"Demand":14,"DemandMax":null,"Value":188},{"Length":6,"Height":35,"Demand":2,"DemandMax":null,"Value":210},{"Length":22,"Height":9,"Demand":4,"DemandMax":null,"Value":198},{"Length":88,"Height":2,"Demand":10,"DemandMax":null,"Value":176},{"Length":87,"Height":2,"Demand":5,"DemandMax":null,"Value":174},{"Length":135,"Height":2,"Demand":1,"DemandMax":null,"Value":270},{"Length":68,"Height":3,"Demand":2,"DemandMax":null,"Value":204},{"Length":38,"Height":5,"Demand":8,"DemandMax":null,"Value":190},{"Length":137,"Height":1,"Demand":3,"DemandMax":null,"Value":137},{"Length":14,"Height":15,"Demand":1,"DemandMax":null,"Value":210},{"Length":4,"Height":50,"Demand":3,"DemandMax":null,"Value":200},{"Length":24,"Height":8,"Demand":5,"DemandMax":null,"Value":192},{"Length":14,"Height":14,"Demand":7,"DemandMax":null,"Value":196},{"Length":6,"Height":32,"Demand":7,"DemandMax":null,"Value":192},{"Length":2,"Height":83,"Demand":8,"DemandMax":null,"Value":166},{"Length":29,"Height":7,"Demand":4,"DemandMax":null,"Value":203},{"Length":43,"Height":5,"Demand":3,"DemandMax":null,"Value":215},{"Length":46,"Height":4,"Demand":8,"DemandMax":null,"Value":184},{"Length":61,"Height":3,"Demand":10,"DemandMax":null,"Value":183},{"Length":124,"Height":2,"Demand":2,"DemandMax":null,"Value":248},{"Length":5,"Height":41,"Demand":1,"DemandMax":null,"Value":205},{"Length":56,"Height":4,"Demand":1,"DemandMax":null,"Value":224},{"Length":49,"Height":4,"Demand":6,"DemandMax":null,"Value":196},{"Length":9,"Height":22,"Demand":5,"DemandMax":null,"Value":198},{"Length":2,"Height":121,"Demand":2,"DemandMax":null,"Value":242},{"Length":81,"Height":2,"Demand":8,"DemandMax":null,"Value":162},{"Length":3,"Height":70,"Demand":1,"DemandMax":null,"Value":210},{"Length":3,"Height":63,"Demand":11,"DemandMax":null,"Value":189},{"Length":36,"Height":6,"Demand":1,"DemandMax":null,"Value":216},{"Length":4,"Height":49,"Demand":3,"DemandMax":null,"Value":196},{"Length":37,"Height":5,"Demand":11,"DemandMax":null,"Value":185},{"Length":13,"Height":15,"Demand":4,"DemandMax":null,"Value":195},{"Length":10,"Height":19,"Demand":4,"DemandMax":null,"Value":190},{"Length":8,"Height":26,"Demand":1,"DemandMax":null,"Value":208},{"Length":66,"Height":3,"Demand":7,"DemandMax":null,"Value":198},{"Length":12,"Height":16,"Demand":8,"DemandMax":null,"Value":192},{"Length":92,"Height":2,"Demand":6,"DemandMax":null,"Value":184},{"Length":62,"Height":3,"Demand":6,"DemandMax":null,"Value":186},{"Length":80,"Height":2,"Demand":9,"DemandMax":null,"Value":160},{"Length":32,"Height":6,"Demand":4,"DemandMax":null,"Value":192},{"Length":59,"Height":3,"Demand":13,"DemandMax":null,"Value":177},{"Length":83,"Height":2,"Demand":12,"DemandMax":null,"Value":166},{"Length":45,"Height":4,"Demand":5,"DemandMax":null,"Value":180},{"Length":17,"Height":11,"Demand":12,"DemandMax":null,"Value":187},{"Length":7,"Height":27,"Demand":7,"DemandMax":null,"Value":189},{"Length":5,"Height":37,"Demand":5,"DemandMax":null,"Value":185},{"Length":116,"Height":2,"Demand":2,"DemandMax":null,"Value":232},{"Length":19,"Height":10,"Demand":8,"DemandMax":null,"Value":190},{"Length":26,"Height":7,"Demand":6,"DemandMax":null,"Value":182},{"Length":90,"Height":2,"Demand":6,"DemandMax":null,"Value":180},{"Length":57,"Height":3,"Demand":15,"DemandMax":null,"Value":171},{"Length":75,"Height":3,"Demand":1,"DemandMax":null,"Value":225},{"Length":9,"Height":21,"Demand":14,"DemandMax":null,"Value":189},{"Length":4,"Height":45,"Demand":4,"DemandMax":null,"Value":180},{"Length":43,"Height":4,"Demand":6,"DemandMax":null,"Value":172},{"Length":3,"Height":65,"Demand":3,"DemandMax":null,"Value":195},{"Length":3,"Height":58,"Demand":6,"DemandMax":null,"Value":174},{"Length":2,"Height":117,"Demand":2,"DemandMax":null,"Value":234},{"Length":123,"Height":2,"Demand":1,"DemandMax":null,"Value":246},{"Length":6,"Height":31,"Demand":7,"DemandMax":null,"Value":186},{"Length":65,"Height":3,"Demand":5,"DemandMax":null,"Value":195},{"Length":51,"Height":4,"Demand":3,"DemandMax":null,"Value":204},{"Length":4,"Height":46,"Demand":7,"DemandMax":null,"Value":184},{"Length":86,"Height":2,"Demand":6,"DemandMax":null,"Value":172},{"Length":8,"Height":24,"Demand":1,"DemandMax":null,"Value":192},{"Length":7,"Height":26,"Demand":15,"DemandMax":null,"Value":182},{"Length":25,"Height":8,"Demand":4,"DemandMax":null,"Value":200},{"Length":71,"Height":3,"Demand":1,"DemandMax":null,"Value":213},{"Length":4,"Height":43,"Demand":9,"DemandMax":null,"Value":172},{"Length":58,"Height":3,"Demand":7,"DemandMax":null,"Value":174},{"Length":133,"Height":1,"Demand":2,"DemandMax":null,"Value":133},{"Length":16,"Height":12,"Demand":3,"DemandMax":null,"Value":192},{"Length":2,"Height":108,"Demand":1,"DemandMax":null,"Value":216},{"Length":56,"Height":3,"Demand":9,"DemandMax":null,"Value":168},{"Length":8,"Height":22,"Demand":7,"DemandMax":null,"Value":176},{"Length":93,"Height":2,"Demand":8,"DemandMax":null,"Value":186},{"Length":30,"Height":6,"Demand":5,"DemandMax":null,"Value":180},{"Length":14,"Height":13,"Demand":8,"DemandMax":null,"Value":182},{"Length":18,"Height":11,"Demand":1,"DemandMax":null,"Value":198},{"Length":28,"Height":7,"Demand":4,"DemandMax":null,"Value":196},{"Length":54,"Height":3,"Demand":10,"DemandMax":null,"Value":162},{"Length":11,"Height":17,"Demand":7,"DemandMax":null,"Value":187},{"Length":55,"Height":3,"Demand":8,"DemandMax":null,"Value":165},{"Length":6,"Height":30,"Demand":8,"DemandMax":null,"Value":180},{"Length":31,"Height":6,"Demand":7,"DemandMax":null,"Value":186},{"Length":8,"Height":23,"Demand":6,"DemandMax":null,"Value":184},{"Length":12,"Height":15,"Demand":10,"DemandMax":null,"Value":180},{"Length":4,"Height":52,"Demand":2,"DemandMax":null,"Value":208},{"Length":132,"Height":1,"Demand":4,"DemandMax":null,"Value":132},{"Length":18,"Height":10,"Demand":16,"DemandMax":null,"Value":180},{"Length":3,"Height":59,"Demand":5,"DemandMax":null,"Value":177},{"Length":42,"Height":4,"Demand":10,"DemandMax":null,"Value":168},{"Length":21,"Height":9,"Demand":4,"DemandMax":null,"Value":189},{"Length":3,"Height":57,"Demand":7,"DemandMax":null,"Value":171},{"Length":29,"Height":6,"Demand":11,"DemandMax":null,"Value":174},{"Length":3,"Height":60,"Demand":6,"DemandMax":null,"Value":180},{"Length":2,"Height":105,"Demand":2,"DemandMax":null,"Value":210},{"Length":15,"Height":12,"Demand":6,"DemandMax":null,"Value":180},{"Length":20,"Height":9,"Demand":11,"DemandMax":null,"Value":180},{"Length":2,"Height":107,"Demand":1,"DemandMax":null,"Value":214},{"Length":125,"Height":2,"Demand":1,"DemandMax":null,"Value":250},{"Length":4,"Height":48,"Demand":7,"DemandMax":null,"Value":192},{"Length":23,"Height":8,"Demand":3,"DemandMax":null,"Value":184},{"Length":2,"Height":76,"Demand":3,"DemandMax":null,"Value":152},{"Length":2,"Height":78,"Demand":7,"DemandMax":null,"Value":156},{"Length":6,"Height":29,"Demand":9,"DemandMax":null,"Value":174},{"Length":2,"Height":95,"Demand":10,"DemandMax":null,"Value":190},{"Length":27,"Height":7,"Demand":6,"DemandMax":null,"Value":189},{"Length":77,"Height":2,"Demand":13,"DemandMax":null,"Value":154},{"Length":35,"Height":5,"Demand":13,"DemandMax":null,"Value":175},{"Length":2,"Height":88,"Demand":3,"DemandMax":null,"Value":176},{"Length":75,"Height":2,"Demand":8,"DemandMax":null,"Value":150},{"Length":1,"Height":135,"Demand":3,"DemandMax":null,"Value":135},{"Length":5,"Height":35,"Demand":4,"DemandMax":null,"Value":175},{"Length":3,"Height":56,"Demand":4,"DemandMax":null,"Value":168},{"Length":100,"Height":2,"Demand":2,"DemandMax":null,"Value":200},{"Length":34,"Height":5,"Demand":9,"DemandMax":null,"Value":170},{"Length":9,"Height":20,"Demand":8,"DemandMax":null,"Value":180},{"Length":22,"Height":8,"Demand":15,"DemandMax":null,"Value":176},{"Length":5,"Height":40,"Demand":4,"DemandMax":null,"Value":200},{"Length":3,"Height":61,"Demand":1,"DemandMax":null,"Value":183},{"Length":2,"Height":80,"Demand":5,"DemandMax":null,"Value":160},{"Length":2,"Height":110,"Demand":1,"DemandMax":null,"Value":220},{"Length":5,"Height":38,"Demand":4,"DemandMax":null,"Value":190},{"Length":15,"Height":13,"Demand":1,"DemandMax":null,"Value":195},{"Length":3,"Height":55,"Demand":8,"DemandMax":null,"Value":165},{"Length":76,"Height":2,"Demand":12,"DemandMax":null,"Value":152},{"Length":13,"Height":14,"Demand":9,"DemandMax":null,"Value":182},{"Length":25,"Height":7,"Demand":9,"DemandMax":null,"Value":175},{"Length":3,"Height":62,"Demand":3,"DemandMax":null,"Value":186},{"Length":6,"Height":28,"Demand":7,"DemandMax":null,"Value":168},{"Length":3,"Height":54,"Demand":10,"DemandMax":null,"Value":162},{"Length":3,"Height":69,"Demand":3,"DemandMax":null,"Value":207},{"Length":16,"Height":11,"Demand":6,"DemandMax":null,"Value":176},{"Length":28,"Height":6,"Demand":7,"DemandMax":null,"Value":168},{"Length":53,"Height":3,"Demand":8,"DemandMax":null,"Value":159},{"Length":41,"Height":4,"Demand":8,"DemandMax":null,"Value":164},{"Length":10,"Height":18,"Demand":3,"DemandMax":null,"Value":180},{"Length":19,"Height":9,"Demand":15,"DemandMax":null,"Value":171},{"Length":2,"Height":85,"Demand":1,"DemandMax":null,"Value":170},{"Length":11,"Height":16,"Demand":6,"DemandMax":null,"Value":176},{"Length":84,"Height":2,"Demand":4,"DemandMax":null,"Value":168},{"Length":36,"Height":5,"Demand":7,"DemandMax":null,"Value":180},{"Length":2,"Height":90,"Demand":2,"DemandMax":null,"Value":180},{"Length":4,"Height":41,"Demand":6,"DemandMax":null,"Value":164},{"Length":52,"Height":3,"Demand":12,"DemandMax":null,"Value":156},{"Length":78,"Height":2,"Demand":11,"DemandMax":null,"Value":156},{"Length":24,"Height":7,"Demand":7,"DemandMax":null,"Value":168},{"Length":40,"Height":4,"Demand":8,"DemandMax":null,"Value":160},{"Length":3,"Height":52,"Demand":9,"DemandMax":null,"Value":156},{"Length":1,"Height":121,"Demand":3,"DemandMax":null,"Value":121},{"Length":82,"Height":2,"Demand":5,"DemandMax":null,"Value":164},{"Length":2,"Height":82,"Demand":4,"DemandMax":null,"Value":164},{"Length":33,"Height":5,"Demand":12,"DemandMax":null,"Value":165},{"Length":12,"Height":14,"Demand":11,"DemandMax":null,"Value":168},{"Length":2,"Height":75,"Demand":6,"DemandMax":null,"Value":150},{"Length":74,"Height":2,"Demand":6,"DemandMax":null,"Value":148},{"Length":5,"Height":36,"Demand":4,"DemandMax":null,"Value":180},{"Length":7,"Height":25,"Demand":8,"DemandMax":null,"Value":175},{"Length":44,"Height":4,"Demand":7,"DemandMax":null,"Value":176},{"Length":4,"Height":44,"Demand":12,"DemandMax":null,"Value":176},{"Length":17,"Height":10,"Demand":15,"DemandMax":null,"Value":170},{"Length":113,"Height":2,"Demand":2,"DemandMax":null,"Value":226},{"Length":51,"Height":3,"Demand":7,"DemandMax":null,"Value":153},{"Length":7,"Height":24,"Demand":4,"DemandMax":null,"Value":168},{"Length":2,"Height":81,"Demand":3,"DemandMax":null,"Value":162},{"Length":127,"Height":1,"Demand":4,"DemandMax":null,"Value":127},{"Length":8,"Height":21,"Demand":9,"DemandMax":null,"Value":168},{"Length":2,"Height":86,"Demand":2,"DemandMax":null,"Value":172},{"Length":124,"Height":1,"Demand":1,"DemandMax":null,"Value":124},{"Length":39,"Height":4,"Demand":6,"DemandMax":null,"Value":156},{"Length":23,"Height":7,"Demand":13,"DemandMax":null,"Value":161},{"Length":14,"Height":12,"Demand":6,"DemandMax":null,"Value":168},{"Length":98,"Height":2,"Demand":3,"DemandMax":null,"Value":196},{"Length":2,"Height":73,"Demand":3,"DemandMax":null,"Value":146},{"Length":1,"Height":120,"Demand":3,"DemandMax":null,"Value":120},{"Length":5,"Height":34,"Demand":8,"DemandMax":null,"Value":170},{"Length":7,"Height":23,"Demand":8,"DemandMax":null,"Value":161},{"Length":18,"Height":9,"Demand":13,"DemandMax":null,"Value":162},{"Length":108,"Height":2,"Demand":2,"DemandMax":null,"Value":216},{"Length":27,"Height":6,"Demand":9,"DemandMax":null,"Value":162},{"Length":70,"Height":2,"Demand":11,"DemandMax":null,"Value":140},{"Length":9,"Height":19,"Demand":8,"DemandMax":null,"Value":171},{"Length":73,"Height":2,"Demand":12,"DemandMax":null,"Value":146},{"Length":13,"Height":13,"Demand":5,"DemandMax":null,"Value":169},{"Length":11,"Height":15,"Demand":8,"DemandMax":null,"Value":165},{"Length":10,"Height":17,"Demand":8,"DemandMax":null,"Value":170},{"Length":5,"Height":32,"Demand":5,"DemandMax":null,"Value":160},{"Length":50,"Height":3,"Demand":7,"DemandMax":null,"Value":150},{"Length":3,"Height":51,"Demand":4,"DemandMax":null,"Value":153},{"Length":79,"Height":2,"Demand":6,"DemandMax":null,"Value":158},{"Length":32,"Height":5,"Demand":7,"DemandMax":null,"Value":160},{"Length":5,"Height":31,"Demand":9,"DemandMax":null,"Value":155},{"Length":6,"Height":27,"Demand":8,"DemandMax":null,"Value":162},{"Length":120,"Height":1,"Demand":4,"DemandMax":null,"Value":120},{"Length":114,"Height":1,"Demand":1,"DemandMax":null,"Value":114},{"Length":20,"Height":8,"Demand":6,"DemandMax":null,"Value":160},{"Length":2,"Height":74,"Demand":4,"DemandMax":null,"Value":148},{"Length":4,"Height":42,"Demand":4,"DemandMax":null,"Value":168},{"Length":2,"Height":101,"Demand":1,"DemandMax":null,"Value":202},{"Length":1,"Height":118,"Demand":2,"DemandMax":null,"Value":118},{"Length":10,"Height":16,"Demand":6,"DemandMax":null,"Value":160},{"Length":122,"Height":1,"Demand":1,"DemandMax":null,"Value":122},{"Length":6,"Height":26,"Demand":11,"DemandMax":null,"Value":156},{"Length":3,"Height":49,"Demand":5,"DemandMax":null,"Value":147},{"Length":69,"Height":2,"Demand":10,"DemandMax":null,"Value":138},{"Length":8,"Height":20,"Demand":4,"DemandMax":null,"Value":160},{"Length":21,"Height":8,"Demand":6,"DemandMax":null,"Value":168},{"Length":130,"Height":1,"Demand":1,"DemandMax":null,"Value":130},{"Length":123,"Height":1,"Demand":1,"DemandMax":null,"Value":123},{"Length":9,"Height":18,"Demand":11,"DemandMax":null,"Value":162},{"Length":2,"Height":79,"Demand":1,"DemandMax":null,"Value":158},{"Length":26,"Height":6,"Demand":8,"DemandMax":null,"Value":156},{"Length":31,"Height":5,"Demand":15,"DemandMax":null,"Value":155},{"Length":48,"Height":3,"Demand":6,"DemandMax":null,"Value":144},{"Length":49,"Height":3,"Demand":5,"DemandMax":null,"Value":147},{"Length":5,"Height":33,"Demand":1,"DemandMax":null,"Value":165},{"Length":3,"Height":50,"Demand":6,"DemandMax":null,"Value":150},{"Length":16,"Height":10,"Demand":8,"DemandMax":null,"Value":160},{"Length":116,"Height":1,"Demand":1,"DemandMax":null,"Value":116},{"Length":3,"Height":53,"Demand":5,"DemandMax":null,"Value":159},{"Length":4,"Height":39,"Demand":6,"DemandMax":null,"Value":156},{"Length":3,"Height":48,"Demand":7,"DemandMax":null,"Value":144},{"Length":71,"Height":2,"Demand":7,"DemandMax":null,"Value":142},{"Length":4,"Height":40,"Demand":3,"DemandMax":null,"Value":160},{"Length":15,"Height":11,"Demand":4,"DemandMax":null,"Value":165},{"Length":112,"Height":1,"Demand":5,"DemandMax":null,"Value":112},{"Length":2,"Height":102,"Demand":2,"DemandMax":null,"Value":204},{"Length":12,"Height":13,"Demand":6,"DemandMax":null,"Value":156},{"Length":2,"Height":66,"Demand":2,"DemandMax":null,"Value":132},{"Length":2,"Height":71,"Demand":3,"DemandMax":null,"Value":142},{"Length":1,"Height":110,"Demand":1,"DemandMax":null,"Value":110},{"Length":22,"Height":7,"Demand":7,"DemandMax":null,"Value":154},{"Length":37,"Height":4,"Demand":6,"DemandMax":null,"Value":148},{"Length":68,"Height":2,"Demand":14,"DemandMax":null,"Value":136},{"Length":47,"Height":3,"Demand":11,"DemandMax":null,"Value":141},{"Length":30,"Height":5,"Demand":6,"DemandMax":null,"Value":150},{"Length":25,"Height":6,"Demand":15,"DemandMax":null,"Value":150},{"Length":66,"Height":2,"Demand":12,"DemandMax":null,"Value":132},{"Length":11,"Height":14,"Demand":4,"DemandMax":null,"Value":154},{"Length":2,"Height":68,"Demand":6,"DemandMax":null,"Value":136},{"Length":7,"Height":22,"Demand":5,"DemandMax":null,"Value":154},{"Length":14,"Height":11,"Demand":5,"DemandMax":null,"Value":154},{"Length":111,"Height":1,"Demand":1,"DemandMax":null,"Value":111},{"Length":2,"Height":77,"Demand":4,"DemandMax":null,"Value":154},{"Length":4,"Height":38,"Demand":2,"DemandMax":null,"Value":152},{"Length":36,"Height":4,"Demand":5,"DemandMax":null,"Value":144},{"Length":15,"Height":10,"Demand":2,"DemandMax":null,"Value":150},{"Length":5,"Height":29,"Demand":4,"DemandMax":null,"Value":145},{"Length":3,"Height":47,"Demand":3,"DemandMax":null,"Value":141},{"Length":1,"Height":124,"Demand":1,"DemandMax":null,"Value":124},{"Length":1,"Height":123,"Demand":2,"DemandMax":null,"Value":123},{"Length":17,"Height":9,"Demand":3,"DemandMax":null,"Value":153},{"Length":1,"Height":113,"Demand":1,"DemandMax":null,"Value":113},{"Length":109,"Height":1,"Demand":2,"DemandMax":null,"Value":109},{"Length":6,"Height":25,"Demand":4,"DemandMax":null,"Value":150},{"Length":10,"Height":15,"Demand":3,"DemandMax":null,"Value":150},{"Length":2,"Height":63,"Demand":8,"DemandMax":null,"Value":126},{"Length":7,"Height":21,"Demand":7,"DemandMax":null,"Value":147},{"Length":62,"Height":2,"Demand":35,"DemandMax":null,"Value":124},{"Length":2,"Height":69,"Demand":6,"DemandMax":null,"Value":138},{"Length":5,"Height":28,"Demand":4,"DemandMax":null,"Value":140},{"Length":38,"Height":4,"Demand":3,"DemandMax":null,"Value":152},{"Length":45,"Height":3,"Demand":2,"DemandMax":null,"Value":135},{"Length":5,"Height":30,"Demand":3,"DemandMax":null,"Value":150},{"Length":9,"Height":16,"Demand":1,"DemandMax":null,"Value":144},{"Length":19,"Height":8,"Demand":4,"DemandMax":null,"Value":152},{"Length":6,"Height":24,"Demand":3,"DemandMax":null,"Value":144},{"Length":28,"Height":5,"Demand":6,"DemandMax":null,"Value":140},{"Length":8,"Height":18,"Demand":8,"DemandMax":null,"Value":144},{"Length":34,"Height":4,"Demand":4,"DemandMax":null,"Value":136},{"Length":2,"Height":70,"Demand":3,"DemandMax":null,"Value":140},{"Length":4,"Height":35,"Demand":4,"DemandMax":null,"Value":140},{"Length":44,"Height":3,"Demand":2,"DemandMax":null,"Value":132},{"Length":13,"Height":11,"Demand":6,"DemandMax":null,"Value":143},{"Length":4,"Height":34,"Demand":5,"DemandMax":null,"Value":136},{"Length":33,"Height":4,"Demand":9,"DemandMax":null,"Value":132},{"Length":7,"Height":20,"Demand":3,"DemandMax":null,"Value":140},{"Length":24,"Height":6,"Demand":9,"DemandMax":null,"Value":144},{"Length":5,"Height":27,"Demand":5,"DemandMax":null,"Value":135},{"Length":60,"Height":2,"Demand":13,"DemandMax":null,"Value":120},{"Length":21,"Height":7,"Demand":3,"DemandMax":null,"Value":147},{"Length":61,"Height":2,"Demand":19,"DemandMax":null,"Value":122},{"Length":9,"Height":17,"Demand":1,"DemandMax":null,"Value":153},{"Length":46,"Height":3,"Demand":5,"DemandMax":null,"Value":138},{"Length":6,"Height":23,"Demand":2,"DemandMax":null,"Value":138},{"Length":10,"Height":14,"Demand":5,"DemandMax":null,"Value":140},{"Length":102,"Height":1,"Demand":7,"DemandMax":null,"Value":102},{"Length":2,"Height":61,"Demand":8,"DemandMax":null,"Value":122},{"Length":20,"Height":7,"Demand":4,"DemandMax":null,"Value":140},{"Length":14,"Height":10,"Demand":2,"DemandMax":null,"Value":140},{"Length":17,"Height":8,"Demand":6,"DemandMax":null,"Value":136},{"Length":72,"Height":2,"Demand":6,"DemandMax":null,"Value":144},{"Length":4,"Height":33,"Demand":2,"DemandMax":null,"Value":132},{"Length":67,"Height":2,"Demand":5,"DemandMax":null,"Value":134},{"Length":27,"Height":5,"Demand":8,"DemandMax":null,"Value":135},{"Length":11,"Height":13,"Demand":4,"DemandMax":null,"Value":143},{"Length":12,"Height":12,"Demand":4,"DemandMax":null,"Value":144},{"Length":64,"Height":2,"Demand":13,"DemandMax":null,"Value":128},{"Length":43,"Height":3,"Demand":7,"DemandMax":null,"Value":129},{"Length":58,"Height":2,"Demand":26,"DemandMax":null,"Value":116},{"Length":1,"Height":114,"Demand":1,"DemandMax":null,"Value":114},{"Length":23,"Height":6,"Demand":3,"DemandMax":null,"Value":138},{"Length":65,"Height":2,"Demand":6,"DemandMax":null,"Value":130},{"Length":32,"Height":4,"Demand":6,"DemandMax":null,"Value":128},{"Length":15,"Height":9,"Demand":8,"DemandMax":null,"Value":135},{"Length":4,"Height":32,"Demand":8,"DemandMax":null,"Value":128},{"Length":99,"Height":1,"Demand":1,"DemandMax":null,"Value":99},{"Length":9,"Height":15,"Demand":3,"DemandMax":null,"Value":135},{"Length":6,"Height":22,"Demand":4,"DemandMax":null,"Value":132},{"Length":35,"Height":4,"Demand":7,"DemandMax":null,"Value":140},{"Length":57,"Height":2,"Demand":17,"DemandMax":null,"Value":114},{"Length":1,"Height":95,"Demand":5,"DemandMax":null,"Value":95},{"Length":2,"Height":59,"Demand":15,"DemandMax":null,"Value":118},{"Length":7,"Height":19,"Demand":2,"DemandMax":null,"Value":133},{"Length":2,"Height":60,"Demand":7,"DemandMax":null,"Value":120},{"Length":26,"Height":5,"Demand":9,"DemandMax":null,"Value":130},{"Length":11,"Height":12,"Demand":12,"DemandMax":null,"Value":132},{"Length":63,"Height":2,"Demand":16,"DemandMax":null,"Value":126},{"Length":59,"Height":2,"Demand":10,"DemandMax":null,"Value":118},{"Length":16,"Height":9,"Demand":2,"DemandMax":null,"Value":144},{"Length":108,"Height":1,"Demand":2,"DemandMax":null,"Value":108},{"Length":12,"Height":11,"Demand":9,"DemandMax":null,"Value":132},{"Length":1,"Height":103,"Demand":2,"DemandMax":null,"Value":103},{"Length":3,"Height":42,"Demand":3,"DemandMax":null,"Value":126},{"Length":10,"Height":13,"Demand":7,"DemandMax":null,"Value":130},{"Length":22,"Height":6,"Demand":7,"DemandMax":null,"Value":132},{"Length":4,"Height":31,"Demand":5,"DemandMax":null,"Value":124},{"Length":6,"Height":21,"Demand":10,"DemandMax":null,"Value":126},{"Length":3,"Height":46,"Demand":6,"DemandMax":null,"Value":138},{"Length":7,"Height":18,"Demand":9,"DemandMax":null,"Value":126},{"Length":19,"Height":7,"Demand":1,"DemandMax":null,"Value":133},{"Length":8,"Height":17,"Demand":5,"DemandMax":null,"Value":136},{"Length":110,"Height":1,"Demand":2,"DemandMax":null,"Value":110},{"Length":25,"Height":5,"Demand":10,"DemandMax":null,"Value":125},{"Length":29,"Height":5,"Demand":3,"DemandMax":null,"Value":145},{"Length":39,"Height":3,"Demand":10,"DemandMax":null,"Value":117},{"Length":55,"Height":2,"Demand":10,"DemandMax":null,"Value":110},{"Length":18,"Height":8,"Demand":2,"DemandMax":null,"Value":144},{"Length":13,"Height":10,"Demand":8,"DemandMax":null,"Value":130},{"Length":30,"Height":4,"Demand":12,"DemandMax":null,"Value":120},{"Length":1,"Height":91,"Demand":1,"DemandMax":null,"Value":91},{"Length":18,"Height":7,"Demand":10,"DemandMax":null,"Value":126},{"Length":90,"Height":1,"Demand":5,"DemandMax":null,"Value":90},{"Length":9,"Height":14,"Demand":10,"DemandMax":null,"Value":126},{"Length":16,"Height":8,"Demand":7,"DemandMax":null,"Value":128},{"Length":3,"Height":45,"Demand":1,"DemandMax":null,"Value":135},{"Length":5,"Height":26,"Demand":3,"DemandMax":null,"Value":130},{"Length":3,"Height":39,"Demand":7,"DemandMax":null,"Value":117},{"Length":2,"Height":65,"Demand":2,"DemandMax":null,"Value":130},{"Length":4,"Height":37,"Demand":1,"DemandMax":null,"Value":148},{"Length":14,"Height":9,"Demand":7,"DemandMax":null,"Value":126},{"Length":21,"Height":6,"Demand":8,"DemandMax":null,"Value":126},{"Length":31,"Height":4,"Demand":7,"DemandMax":null,"Value":124},{"Length":3,"Height":40,"Demand":6,"DemandMax":null,"Value":120},{"Length":107,"Height":1,"Demand":1,"DemandMax":null,"Value":107},{"Length":40,"Height":3,"Demand":9,"DemandMax":null,"Value":120},{"Length":11,"Height":11,"Demand":11,"DemandMax":null,"Value":121},{"Length":95,"Height":1,"Demand":5,"DemandMax":null,"Value":95},{"Length":54,"Height":2,"Demand":14,"DemandMax":null,"Value":108},{"Length":4,"Height":30,"Demand":10,"DemandMax":null,"Value":120},{"Length":98,"Height":1,"Demand":3,"DemandMax":null,"Value":98},{"Length":5,"Height":25,"Demand":3,"DemandMax":null,"Value":125},{"Length":42,"Height":3,"Demand":6,"DemandMax":null,"Value":126},{"Length":24,"Height":5,"Demand":11,"DemandMax":null,"Value":120},{"Length":20,"Height":6,"Demand":13,"DemandMax":null,"Value":120},{"Length":1,"Height":90,"Demand":2,"DemandMax":null,"Value":90},{"Length":6,"Height":20,"Demand":4,"DemandMax":null,"Value":120},{"Length":5,"Height":24,"Demand":8,"DemandMax":null,"Value":120},{"Length":29,"Height":4,"Demand":16,"DemandMax":null,"Value":116},{"Length":2,"Height":55,"Demand":7,"DemandMax":null,"Value":110},{"Length":17,"Height":7,"Demand":10,"DemandMax":null,"Value":119},{"Length":38,"Height":3,"Demand":20,"DemandMax":null,"Value":114},{"Length":8,"Height":16,"Demand":4,"DemandMax":null,"Value":128},{"Length":36,"Height":3,"Demand":18,"DemandMax":null,"Value":108},{"Length":12,"Height":10,"Demand":13,"DemandMax":null,"Value":120},{"Length":5,"Height":23,"Demand":10,"DemandMax":null,"Value":115},{"Length":10,"Height":12,"Demand":8,"DemandMax":null,"Value":120},{"Length":92,"Height":1,"Demand":5,"DemandMax":null,"Value":92},{"Length":37,"Height":3,"Demand":23,"DemandMax":null,"Value":111},{"Length":104,"Height":1,"Demand":2,"DemandMax":null,"Value":104},{"Length":13,"Height":9,"Demand":7,"DemandMax":null,"Value":117},{"Length":28,"Height":4,"Demand":12,"DemandMax":null,"Value":112},{"Length":101,"Height":1,"Demand":2,"DemandMax":null,"Value":101},{"Length":2,"Height":53,"Demand":9,"DemandMax":null,"Value":106},{"Length":7,"Height":17,"Demand":1,"DemandMax":null,"Value":119},{"Length":6,"Height":19,"Demand":6,"DemandMax":null,"Value":114},{"Length":3,"Height":44,"Demand":6,"DemandMax":null,"Value":132},{"Length":19,"Height":6,"Demand":14,"DemandMax":null,"Value":114},{"Length":15,"Height":8,"Demand":7,"DemandMax":null,"Value":120},{"Length":2,"Height":52,"Demand":4,"DemandMax":null,"Value":104},{"Length":2,"Height":51,"Demand":4,"DemandMax":null,"Value":102},{"Length":2,"Height":58,"Demand":6,"DemandMax":null,"Value":116},{"Length":53,"Height":2,"Demand":10,"DemandMax":null,"Value":106},{"Length":51,"Height":2,"Demand":10,"DemandMax":null,"Value":102},{"Length":91,"Height":1,"Demand":8,"DemandMax":null,"Value":91},{"Length":56,"Height":2,"Demand":16,"DemandMax":null,"Value":112},{"Length":52,"Height":2,"Demand":25,"DemandMax":null,"Value":104},{"Length":4,"Height":27,"Demand":10,"DemandMax":null,"Value":108},{"Length":23,"Height":5,"Demand":13,"DemandMax":null,"Value":115},{"Length":8,"Height":15,"Demand":5,"DemandMax":null,"Value":120},{"Length":35,"Height":3,"Demand":20,"DemandMax":null,"Value":105},{"Length":49,"Height":2,"Demand":19,"DemandMax":null,"Value":98},{"Length":93,"Height":1,"Demand":7,"DemandMax":null,"Value":93},{"Length":86,"Height":1,"Demand":4,"DemandMax":null,"Value":86},{"Length":87,"Height":1,"Demand":4,"DemandMax":null,"Value":87},{"Length":16,"Height":7,"Demand":9,"DemandMax":null,"Value":112},{"Length":3,"Height":35,"Demand":10,"DemandMax":null,"Value":105},{"Length":85,"Height":1,"Demand":4,"DemandMax":null,"Value":85},{"Length":4,"Height":29,"Demand":8,"DemandMax":null,"Value":116},{"Length":3,"Height":43,"Demand":3,"DemandMax":null,"Value":129},{"Length":3,"Height":38,"Demand":13,"DemandMax":null,"Value":114},{"Length":11,"Height":10,"Demand":12,"DemandMax":null,"Value":110},{"Length":9,"Height":13,"Demand":7,"DemandMax":null,"Value":117},{"Length":2,"Height":56,"Demand":4,"DemandMax":null,"Value":112},{"Length":3,"Height":37,"Demand":6,"DemandMax":null,"Value":111},{"Length":88,"Height":1,"Demand":5,"DemandMax":null,"Value":88},{"Length":4,"Height":28,"Demand":10,"DemandMax":null,"Value":112},{"Length":34,"Height":3,"Demand":12,"DemandMax":null,"Value":102},{"Length":14,"Height":8,"Demand":16,"DemandMax":null,"Value":112},{"Length":7,"Height":16,"Demand":12,"DemandMax":null,"Value":112},{"Length":48,"Height":2,"Demand":7,"DemandMax":null,"Value":96},{"Length":1,"Height":97,"Demand":3,"DemandMax":null,"Value":97},{"Length":3,"Height":34,"Demand":11,"DemandMax":null,"Value":102},{"Length":80,"Height":1,"Demand":7,"DemandMax":null,"Value":80},{"Length":8,"Height":14,"Demand":11,"DemandMax":null,"Value":112},{"Length":27,"Height":4,"Demand":16,"DemandMax":null,"Value":108},{"Length":18,"Height":6,"Demand":11,"DemandMax":null,"Value":108},{"Length":9,"Height":12,"Demand":14,"DemandMax":null,"Value":108},{"Length":5,"Height":22,"Demand":8,"DemandMax":null,"Value":110},{"Length":2,"Height":47,"Demand":9,"DemandMax":null,"Value":94},{"Length":78,"Height":1,"Demand":1,"DemandMax":null,"Value":78},{"Length":7,"Height":15,"Demand":28,"DemandMax":null,"Value":105},{"Length":1,"Height":78,"Demand":5,"DemandMax":null,"Value":78},{"Length":12,"Height":9,"Demand":18,"DemandMax":null,"Value":108},{"Length":5,"Height":21,"Demand":12,"DemandMax":null,"Value":105},{"Length":6,"Height":18,"Demand":21,"DemandMax":null,"Value":108},{"Length":83,"Height":1,"Demand":9,"DemandMax":null,"Value":83},{"Length":50,"Height":2,"Demand":4,"DemandMax":null,"Value":100},{"Length":3,"Height":36,"Demand":7,"DemandMax":null,"Value":108},{"Length":2,"Height":57,"Demand":4,"DemandMax":null,"Value":114},{"Length":84,"Height":1,"Demand":8,"DemandMax":null,"Value":84},{"Length":3,"Height":41,"Demand":4,"DemandMax":null,"Value":123},{"Length":4,"Height":26,"Demand":11,"DemandMax":null,"Value":104},{"Length":21,"Height":5,"Demand":22,"DemandMax":null,"Value":105},{"Length":41,"Height":3,"Demand":10,"DemandMax":null,"Value":123},{"Length":47,"Height":2,"Demand":11,"DemandMax":null,"Value":94},{"Length":1,"Height":77,"Demand":2,"DemandMax":null,"Value":77},{"Length":26,"Height":4,"Demand":10,"DemandMax":null,"Value":104},{"Length":22,"Height":5,"Demand":10,"DemandMax":null,"Value":110},{"Length":2,"Height":49,"Demand":4,"DemandMax":null,"Value":98},{"Length":10,"Height":11,"Demand":9,"DemandMax":null,"Value":110},{"Length":4,"Height":25,"Demand":10,"DemandMax":null,"Value":100},{"Length":33,"Height":3,"Demand":18,"DemandMax":null,"Value":99},{"Length":1,"Height":82,"Demand":3,"DemandMax":null,"Value":82},{"Length":32,"Height":3,"Demand":23,"DemandMax":null,"Value":96},{"Length":75,"Height":1,"Demand":3,"DemandMax":null,"Value":75},{"Length":76,"Height":1,"Demand":3,"DemandMax":null,"Value":76},{"Length":46,"Height":2,"Demand":10,"DemandMax":null,"Value":92},{"Length":2,"Height":50,"Demand":6,"DemandMax":null,"Value":100},{"Length":15,"Height":7,"Demand":21,"DemandMax":null,"Value":105},{"Length":45,"Height":2,"Demand":14,"DemandMax":null,"Value":90},{"Length":8,"Height":13,"Demand":14,"DemandMax":null,"Value":104},{"Length":3,"Height":33,"Demand":12,"DemandMax":null,"Value":99},{"Length":25,"Height":4,"Demand":14,"DemandMax":null,"Value":100},{"Length":81,"Height":1,"Demand":1,"DemandMax":null,"Value":81},{"Length":13,"Height":8,"Demand":17,"DemandMax":null,"Value":104},{"Length":5,"Height":20,"Demand":7,"DemandMax":null,"Value":100},{"Length":44,"Height":2,"Demand":11,"DemandMax":null,"Value":88},{"Length":17,"Height":6,"Demand":30,"DemandMax":null,"Value":102},{"Length":96,"Height":1,"Demand":5,"DemandMax":null,"Value":96},{"Length":1,"Height":89,"Demand":4,"DemandMax":null,"Value":89},{"Length":1,"Height":73,"Demand":4,"DemandMax":null,"Value":73},{"Length":2,"Height":44,"Demand":7,"DemandMax":null,"Value":88},{"Length":2,"Height":46,"Demand":4,"DemandMax":null,"Value":92},{"Length":31,"Height":3,"Demand":11,"DemandMax":null,"Value":93},{"Length":82,"Height":1,"Demand":3,"DemandMax":null,"Value":82},{"Length":6,"Height":17,"Demand":14,"DemandMax":null,"Value":102},{"Length":1,"Height":88,"Demand":2,"DemandMax":null,"Value":88},{"Length":1,"Height":99,"Demand":4,"DemandMax":null,"Value":99},{"Length":2,"Height":64,"Demand":2,"DemandMax":null,"Value":128},{"Length":24,"Height":4,"Demand":9,"DemandMax":null,"Value":96},{"Length":43,"Height":2,"Demand":13,"DemandMax":null,"Value":86},{"Length":2,"Height":62,"Demand":3,"DemandMax":null,"Value":124},{"Length":79,"Height":1,"Demand":2,"DemandMax":null,"Value":79},{"Length":3,"Height":32,"Demand":8,"DemandMax":null,"Value":96},{"Length":1,"Height":87,"Demand":2,"DemandMax":null,"Value":87},{"Length":71,"Height":1,"Demand":6,"DemandMax":null,"Value":71},{"Length":74,"Height":1,"Demand":7,"DemandMax":null,"Value":74},{"Length":11,"Height":9,"Demand":19,"DemandMax":null,"Value":99},{"Length":30,"Height":3,"Demand":9,"DemandMax":null,"Value":90},{"Length":14,"Height":7,"Demand":28,"DemandMax":null,"Value":98},{"Length":19,"Height":5,"Demand":14,"DemandMax":null,"Value":95},{"Length":1,"Height":86,"Demand":2,"DemandMax":null,"Value":86},{"Length":10,"Height":10,"Demand":18,"DemandMax":null,"Value":100},{"Length":4,"Height":24,"Demand":9,"DemandMax":null,"Value":96},{"Length":20,"Height":5,"Demand":31,"DemandMax":null,"Value":100},{"Length":3,"Height":31,"Demand":11,"DemandMax":null,"Value":93},{"Length":16,"Height":6,"Demand":14,"DemandMax":null,"Value":96},{"Length":73,"Height":1,"Demand":8,"DemandMax":null,"Value":73},{"Length":12,"Height":8,"Demand":21,"DemandMax":null,"Value":96},{"Length":9,"Height":11,"Demand":17,"DemandMax":null,"Value":99},{"Length":70,"Height":1,"Demand":1,"DemandMax":null,"Value":70},{"Length":2,"Height":42,"Demand":5,"DemandMax":null,"Value":84},{"Length":1,"Height":101,"Demand":1,"DemandMax":null,"Value":101},{"Length":5,"Height":19,"Demand":17,"DemandMax":null,"Value":95},{"Length":3,"Height":30,"Demand":14,"DemandMax":null,"Value":90},{"Length":8,"Height":12,"Demand":14,"DemandMax":null,"Value":96},{"Length":42,"Height":2,"Demand":7,"DemandMax":null,"Value":84},{"Length":1,"Height":69,"Demand":4,"DemandMax":null,"Value":69},{"Length":7,"Height":14,"Demand":25,"DemandMax":null,"Value":98},{"Length":72,"Height":1,"Demand":3,"DemandMax":null,"Value":72},{"Length":1,"Height":83,"Demand":2,"DemandMax":null,"Value":83},{"Length":69,"Height":1,"Demand":7,"DemandMax":null,"Value":69},{"Length":41,"Height":2,"Demand":9,"DemandMax":null,"Value":82},{"Length":2,"Height":48,"Demand":2,"DemandMax":null,"Value":96},{"Length":4,"Height":23,"Demand":12,"DemandMax":null,"Value":92},{"Length":6,"Height":16,"Demand":18,"DemandMax":null,"Value":96},{"Length":18,"Height":5,"Demand":7,"DemandMax":null,"Value":90},{"Length":29,"Height":3,"Demand":8,"DemandMax":null,"Value":87},{"Length":2,"Height":67,"Demand":1,"DemandMax":null,"Value":134},{"Length":22,"Height":4,"Demand":12,"DemandMax":null,"Value":88},{"Length":3,"Height":29,"Demand":8,"DemandMax":null,"Value":87},{"Length":2,"Height":41,"Demand":2,"DemandMax":null,"Value":82},{"Length":68,"Height":1,"Demand":3,"DemandMax":null,"Value":68},{"Length":6,"Height":15,"Demand":15,"DemandMax":null,"Value":90},{"Length":1,"Height":74,"Demand":4,"DemandMax":null,"Value":74},{"Length":1,"Height":68,"Demand":5,"DemandMax":null,"Value":68},{"Length":4,"Height":22,"Demand":8,"DemandMax":null,"Value":88},{"Length":13,"Height":7,"Demand":13,"DemandMax":null,"Value":91},{"Length":5,"Height":18,"Demand":11,"DemandMax":null,"Value":90},{"Length":23,"Height":4,"Demand":4,"DemandMax":null,"Value":92},{"Length":2,"Height":39,"Demand":6,"DemandMax":null,"Value":78},{"Length":9,"Height":10,"Demand":3,"DemandMax":null,"Value":90},{"Length":40,"Height":2,"Demand":3,"DemandMax":null,"Value":80},{"Length":1,"Height":75,"Demand":1,"DemandMax":null,"Value":75},{"Length":65,"Height":1,"Demand":4,"DemandMax":null,"Value":65},{"Length":2,"Height":54,"Demand":1,"DemandMax":null,"Value":108},{"Length":3,"Height":28,"Demand":11,"DemandMax":null,"Value":84},{"Length":7,"Height":13,"Demand":10,"DemandMax":null,"Value":91},{"Length":28,"Height":3,"Demand":4,"DemandMax":null,"Value":84},{"Length":11,"Height":8,"Demand":4,"DemandMax":null,"Value":88},{"Length":10,"Height":9,"Demand":5,"DemandMax":null,"Value":90},{"Length":15,"Height":6,"Demand":2,"DemandMax":null,"Value":90},{"Length":8,"Height":11,"Demand":2,"DemandMax":null,"Value":88},{"Length":1,"Height":66,"Demand":4,"DemandMax":null,"Value":66},{"Length":39,"Height":2,"Demand":2,"DemandMax":null,"Value":78},{"Length":1,"Height":67,"Demand":1,"DemandMax":null,"Value":67},{"Length":5,"Height":17,"Demand":3,"DemandMax":null,"Value":85},{"Length":38,"Height":2,"Demand":2,"DemandMax":null,"Value":76},{"Length":64,"Height":1,"Demand":3,"DemandMax":null,"Value":64},{"Length":4,"Height":21,"Demand":3,"DemandMax":null,"Value":84},{"Length":21,"Height":4,"Demand":3,"DemandMax":null,"Value":84},{"Length":66,"Height":1,"Demand":1,"DemandMax":null,"Value":66},{"Length":17,"Height":5,"Demand":1,"DemandMax":null,"Value":85},{"Length":2,"Height":43,"Demand":2,"DemandMax":null,"Value":86},{"Length":27,"Height":3,"Demand":1,"DemandMax":null,"Value":81},{"Length":63,"Height":1,"Demand":1,"DemandMax":null,"Value":63},{"Length":67,"Height":1,"Demand":1,"DemandMax":null,"Value":67}]}