{"Name":"path105t","Objects":[{"Length":1000,"Height":1002,"Stock":null,"Cost":1002000}],"Items":[{"Length":171,"Height":50,"Demand":1,"DemandMax":null,"Value":8550},{"Length":628,"Height":13,"Demand":1,"DemandMax":null,"Value":8164},{"Length":628,"Height":9,"Demand":1,"DemandMax":null,"Value":5652},{"Length":83,"Height":53,"Demand":1,"DemandMax":null,"Value":4399},{"Length":222,"Height":18,"Demand":1,"DemandMax":null,"Value":3996},{"Length":48,"Height":81,"Demand":1,"DemandMax":null,"Value":3888},{"Length":68,"Height":53,"Demand":1,"DemandMax":null,"Value":3604},{"Length":86,"Height":40,"Demand":1,"DemandMax":null,"Value":3440},{"Length":164,"Height":21,"Demand":1,"DemandMax":null,"Value":3444},{"Length":383,"Height":9,"Demand":1,"DemandMax":null,"Value":3447},{"Length":58,"Height":58,"Demand":1,"DemandMax":null,"Value":3364},{"Length":484,"Height":7,"Demand":1,"DemandMax":null,"Value":3388},{"Length":57,"Height":53,"Demand":1,"DemandMax":null,"Value":3021},{"Length":163,"Height":18,"Demand":1,"DemandMax":null,"Value":2934},{"Length":38,"Height":75,"Demand":1,"DemandMax":null,"Value":2850},{"Length":222,"Height":11,"Demand":1,"DemandMax":null,"Value":2442},{"Length":71,"Height":33,"Demand":1,"DemandMax":null,"Value":2343},{"Length":327,"Height":7,"Demand":1,"DemandMax":null,"Value":2289},{"Length":38,"Height":58,"Demand":1,"DemandMax":null,"Value":2204},{"Length":73,"Height":30,"Demand":1,"DemandMax":null,"Value":2190},{"Length":64,"Height":33,"Demand":1,"DemandMax":null,"Value":2112},{"Length":35,"Height":56,"Demand":1,"DemandMax":null,"Value":1960},{"Length":212,"Height":9,"Demand":1,"DemandMax":null,"Value":1908},{"Length":244,"Height":8,"Demand":1,"DemandMax":null,"Value":1952},{"Length":28,"Height":60,"Demand":1,"DemandMax":null,"Value":1680},{"Length":165,"Height":10,"Demand":1,"DemandMax":null,"Value":1650},{"Length":72,"Height":22,"Demand":1,"DemandMax":null,"Value":1584},{"Length":51,"Height":30,"Demand":1,"DemandMax":null,"Value":1530},{"Length":99,"Height":15,"Demand":1,"DemandMax":null,"Value":1485},{"Length":327,"Height":4,"Demand":1,"DemandMax":null,"Value":1308},{"Length":41,"Height":36,"Demand":1,"DemandMax":null,"Value":1476},{"Length":150,"Height":10,"Demand":1,"DemandMax":null,"Value":1500},{"Length":35,"Height":40,"Demand":1,"DemandMax":null,"Value":1400},{"Length":131,"Height":11,"Demand":1,"DemandMax":null,"Value":1441},{"Length":42,"Height":31,"Demand":1,"DemandMax":null,"Value":1302},{"Length":66,"Height":19,"Demand":1,"DemandMax":null,"Value":1254},{"Length":280,"Height":5,"Demand":1,"DemandMax":null,"Value":1400},{"Length":222,"Height":6,"Demand":1,"DemandMax":null,"Value":1332},{"Length":47,"Height":26,"Demand":1,"DemandMax":null,"Value":1222},{"Length":128,"Height":9,"Demand":1,"DemandMax":null,"Value":1152},{"Length":24,"Height":50,"Demand":1,"DemandMax":null,"Value":1200},{"Length":228,"Height":5,"Demand":2,"DemandMax":null,"Value":1140},{"Length":192,"Height":6,"Demand":1,"DemandMax":null,"Value":1152},{"Length":46,"Height":25,"Demand":1,"DemandMax":null,"Value":1150},{"Length":143,"Height":8,"Demand":1,"DemandMax":null,"Value":1144},{"Length":12,"Height":91,"Demand":1,"DemandMax":null,"Value":1092},{"Length":133,"Height":8,"Demand":1,"DemandMax":null,"Value":1064},{"Length":19,"Height":57,"Demand":1,"DemandMax":null,"Value":1083},{"Length":45,"Height":24,"Demand":1,"DemandMax":null,"Value":1080},{"Length":212,"Height":5,"Demand":1,"DemandMax":null,"Value":1060},{"Length":148,"Height":7,"Demand":1,"DemandMax":null,"Value":1036},{"Length":83,"Height":13,"Demand":1,"DemandMax":null,"Value":1079},{"Length":42,"Height":25,"Demand":1,"DemandMax":null,"Value":1050},{"Length":292,"Height":4,"Demand":1,"DemandMax":null,"Value":1168},{"Length":11,"Height":91,"Demand":1,"DemandMax":null,"Value":1001},{"Length":251,"Height":4,"Demand":2,"DemandMax":null,"Value":1004},{"Length":144,"Height":7,"Demand":1,"DemandMax":null,"Value":1008},{"Length":292,"Height":3,"Demand":1,"DemandMax":null,"Value":876},{"Length":23,"Height":42,"Demand":1,"DemandMax":null,"Value":966},{"Length":19,"Height":50,"Demand":1,"DemandMax":null,"Value":950},{"Length":16,"Height":58,"Demand":1,"DemandMax":null,"Value":928},{"Length":67,"Height":14,"Demand":1,"DemandMax":null,"Value":938},{"Length":66,"Height":13,"Demand":1,"DemandMax":null,"Value":858},{"Length":89,"Height":10,"Demand":1,"DemandMax":null,"Value":890},{"Length":24,"Height":36,"Demand":1,"DemandMax":null,"Value":864},{"Length":22,"Height":39,"Demand":1,"DemandMax":null,"Value":858},{"Length":47,"Height":18,"Demand":1,"DemandMax":null,"Value":846},{"Length":45,"Height":19,"Demand":1,"DemandMax":null,"Value":855},{"Length":165,"Height":5,"Demand":1,"DemandMax":null,"Value":825},{"Length":20,"Height":40,"Demand":1,"DemandMax":null,"Value":800},{"Length":11,"Height":75,"Demand":1,"DemandMax":null,"Value":825},{"Length":99,"Height":8,"Demand":1,"DemandMax":null,"Value":792},{"Length":121,"Height":7,"Demand":1,"DemandMax":null,"Value":847},{"Length":18,"Height":45,"Demand":1,"DemandMax":null,"Value":810},{"Length":70,"Height":11,"Demand":1,"DemandMax":null,"Value":770},{"Length":121,"Height":6,"Demand":1,"DemandMax":null,"Value":726},{"Length":26,"Height":31,"Demand":1,"DemandMax":null,"Value":806},{"Length":65,"Height":12,"Demand":1,"DemandMax":null,"Value":780},{"Length":76,"Height":10,"Demand":1,"DemandMax":null,"Value":760},{"Length":9,"Height":81,"Demand":1,"DemandMax":null,"Value":729},{"Length":60,"Height":13,"Demand":1,"DemandMax":null,"Value":780},{"Length":56,"Height":13,"Demand":1,"DemandMax":null,"Value":728},{"Length":23,"Height":32,"Demand":1,"DemandMax":null,"Value":736},{"Length":52,"Height":14,"Demand":1,"DemandMax":null,"Value":728},{"Length":73,"Height":10,"Demand":1,"DemandMax":null,"Value":730},{"Length":59,"Height":12,"Demand":1,"DemandMax":null,"Value":708},{"Length":62,"Height":12,"Demand":1,"DemandMax":null,"Value":744},{"Length":47,"Height":15,"Demand":1,"DemandMax":null,"Value":705},{"Length":38,"Height":19,"Demand":1,"DemandMax":null,"Value":722},{"Length":44,"Height":17,"Demand":1,"DemandMax":null,"Value":748},{"Length":24,"Height":30,"Demand":1,"DemandMax":null,"Value":720},{"Length":31,"Height":23,"Demand":1,"DemandMax":null,"Value":713},{"Length":124,"Height":6,"Demand":1,"DemandMax":null,"Value":744},{"Length":144,"Height":5,"Demand":1,"DemandMax":null,"Value":720},{"Length":44,"Height":15,"Demand":1,"DemandMax":null,"Value":660},{"Length":67,"Height":10,"Demand":2,"DemandMax":null,"Value":670},{"Length":49,"Height":13,"Demand":2,"DemandMax":null,"Value":637},{"Length":16,"Height":41,"Demand":1,"DemandMax":null,"Value":656},{"Length":57,"Height":11,"Demand":1,"DemandMax":null,"Value":627},{"Length":24,"Height":27,"Demand":1,"DemandMax":null,"Value":648},{"Length":173,"Height":4,"Demand":1,"DemandMax":null,"Value":692},{"Length":16,"Height":39,"Demand":1,"DemandMax":null,"Value":624},{"Length":10,"Height":66,"Demand":1,"DemandMax":null,"Value":660},{"Length":19,"Height":33,"Demand":1,"DemandMax":null,"Value":627},{"Length":3,"Height":217,"Demand":1,"DemandMax":null,"Value":651},{"Length":167,"Height":4,"Demand":1,"DemandMax":null,"Value":668},{"Length":171,"Height":4,"Demand":1,"DemandMax":null,"Value":684},{"Length":12,"Height":54,"Demand":1,"DemandMax":null,"Value":648},{"Length":23,"Height":27,"Demand":1,"DemandMax":null,"Value":621},{"Length":118,"Height":5,"Demand":1,"DemandMax":null,"Value":590},{"Length":114,"Height":5,"Demand":1,"DemandMax":null,"Value":570},{"Length":33,"Height":19,"Demand":1,"DemandMax":null,"Value":627},{"Length":6,"Height":109,"Demand":1,"DemandMax":null,"Value":654},{"Length":8,"Height":75,"Demand":1,"DemandMax":null,"Value":600},{"Length":6,"Height":108,"Demand":1,"DemandMax":null,"Value":648},{"Length":133,"Height":5,"Demand":1,"DemandMax":null,"Value":665},{"Length":31,"Height":20,"Demand":1,"DemandMax":null,"Value":620},{"Length":51,"Height":12,"Demand":1,"DemandMax":null,"Value":612},{"Length":134,"Height":4,"Demand":1,"DemandMax":null,"Value":536},{"Length":153,"Height":4,"Demand":1,"DemandMax":null,"Value":612},{"Length":21,"Height":29,"Demand":1,"DemandMax":null,"Value":609},{"Length":83,"Height":7,"Demand":1,"DemandMax":null,"Value":581},{"Length":26,"Height":22,"Demand":1,"DemandMax":null,"Value":572},{"Length":32,"Height":19,"Demand":1,"DemandMax":null,"Value":608},{"Length":36,"Height":16,"Demand":1,"DemandMax":null,"Value":576},{"Length":69,"Height":8,"Demand":1,"DemandMax":null,"Value":552},{"Length":147,"Height":4,"Demand":1,"DemandMax":null,"Value":588},{"Length":7,"Height":85,"Demand":1,"DemandMax":null,"Value":595},{"Length":47,"Height":12,"Demand":1,"DemandMax":null,"Value":564},{"Length":15,"Height":37,"Demand":1,"DemandMax":null,"Value":555},{"Length":145,"Height":4,"Demand":1,"DemandMax":null,"Value":580},{"Length":61,"Height":9,"Demand":1,"DemandMax":null,"Value":549},{"Length":29,"Height":20,"Demand":1,"DemandMax":null,"Value":580},{"Length":152,"Height":4,"Demand":1,"DemandMax":null,"Value":608},{"Length":129,"Height":4,"Demand":1,"DemandMax":null,"Value":516},{"Length":89,"Height":6,"Demand":2,"DemandMax":null,"Value":534},{"Length":25,"Height":22,"Demand":1,"DemandMax":null,"Value":550},{"Length":22,"Height":25,"Demand":1,"DemandMax":null,"Value":550},{"Length":180,"Height":3,"Demand":1,"DemandMax":null,"Value":540},{"Length":222,"Height":2,"Demand":1,"DemandMax":null,"Value":444},{"Length":204,"Height":3,"Demand":1,"DemandMax":null,"Value":612},{"Length":29,"Height":19,"Demand":1,"DemandMax":null,"Value":551},{"Length":181,"Height":3,"Demand":1,"DemandMax":null,"Value":543},{"Length":11,"Height":48,"Demand":1,"DemandMax":null,"Value":528},{"Length":105,"Height":5,"Demand":2,"DemandMax":null,"Value":525},{"Length":40,"Height":13,"Demand":1,"DemandMax":null,"Value":520},{"Length":48,"Height":11,"Demand":1,"DemandMax":null,"Value":528},{"Length":42,"Height":12,"Demand":1,"DemandMax":null,"Value":504},{"Length":135,"Height":4,"Demand":1,"DemandMax":null,"Value":540},{"Length":44,"Height":12,"Demand":1,"DemandMax":null,"Value":528},{"Length":101,"Height":5,"Demand":1,"DemandMax":null,"Value":505},{"Length":118,"Height":4,"Demand":1,"DemandMax":null,"Value":472},{"Length":53,"Height":9,"Demand":2,"DemandMax":null,"Value":477},{"Length":70,"Height":7,"Demand":2,"DemandMax":null,"Value":490},{"Length":18,"Height":28,"Demand":1,"DemandMax":null,"Value":504},{"Length":172,"Height":3,"Demand":1,"DemandMax":null,"Value":516},{"Length":47,"Height":11,"Demand":1,"DemandMax":null,"Value":517},{"Length":41,"Height":12,"Demand":2,"DemandMax":null,"Value":492},{"Length":10,"Height":48,"Demand":1,"DemandMax":null,"Value":480},{"Length":58,"Height":9,"Demand":1,"DemandMax":null,"Value":522},{"Length":167,"Height":3,"Demand":1,"DemandMax":null,"Value":501},{"Length":106,"Height":5,"Demand":1,"DemandMax":null,"Value":530},{"Length":25,"Height":19,"Demand":2,"DemandMax":null,"Value":475},{"Length":21,"Height":23,"Demand":1,"DemandMax":null,"Value":483},{"Length":16,"Height":30,"Demand":1,"DemandMax":null,"Value":480},{"Length":153,"Height":3,"Demand":1,"DemandMax":null,"Value":459},{"Length":59,"Height":8,"Demand":1,"DemandMax":null,"Value":472},{"Length":189,"Height":3,"Demand":1,"DemandMax":null,"Value":567},{"Length":86,"Height":5,"Demand":1,"DemandMax":null,"Value":430},{"Length":142,"Height":3,"Demand":3,"DemandMax":null,"Value":426},{"Length":211,"Height":2,"Demand":2,"DemandMax":null,"Value":422},{"Length":34,"Height":14,"Demand":1,"DemandMax":null,"Value":476},{"Length":151,"Height":3,"Demand":1,"DemandMax":null,"Value":453},{"Length":7,"Height":66,"Demand":1,"DemandMax":null,"Value":462},{"Length":206,"Height":2,"Demand":1,"DemandMax":null,"Value":412},{"Length":7,"Height":64,"Demand":1,"DemandMax":null,"Value":448},{"Length":12,"Height":40,"Demand":1,"DemandMax":null,"Value":480},{"Length":92,"Height":5,"Demand":1,"DemandMax":null,"Value":460},{"Length":49,"Height":9,"Demand":1,"DemandMax":null,"Value":441},{"Length":124,"Height":4,"Demand":1,"DemandMax":null,"Value":496},{"Length":68,"Height":7,"Demand":1,"DemandMax":null,"Value":476},{"Length":13,"Height":36,"Demand":1,"DemandMax":null,"Value":468},{"Length":30,"Height":15,"Demand":1,"DemandMax":null,"Value":450},{"Length":127,"Height":4,"Demand":1,"DemandMax":null,"Value":508},{"Length":60,"Height":7,"Demand":2,"DemandMax":null,"Value":420},{"Length":52,"Height":9,"Demand":1,"DemandMax":null,"Value":468},{"Length":8,"Height":54,"Demand":1,"DemandMax":null,"Value":432},{"Length":16,"Height":28,"Demand":1,"DemandMax":null,"Value":448},{"Length":34,"Height":13,"Demand":1,"DemandMax":null,"Value":442},{"Length":66,"Height":7,"Demand":1,"DemandMax":null,"Value":462},{"Length":101,"Height":4,"Demand":1,"DemandMax":null,"Value":404},{"Length":68,"Height":6,"Demand":2,"DemandMax":null,"Value":408},{"Length":38,"Height":11,"Demand":2,"DemandMax":null,"Value":418},{"Length":10,"Height":43,"Demand":1,"DemandMax":null,"Value":430},{"Length":20,"Height":21,"Demand":1,"DemandMax":null,"Value":420},{"Length":13,"Height":34,"Demand":1,"DemandMax":null,"Value":442},{"Length":50,"Height":8,"Demand":1,"DemandMax":null,"Value":400},{"Length":15,"Height":29,"Demand":1,"DemandMax":null,"Value":435},{"Length":44,"Height":10,"Demand":1,"DemandMax":null,"Value":440},{"Length":10,"Height":41,"Demand":2,"DemandMax":null,"Value":410},{"Length":100,"Height":4,"Demand":2,"DemandMax":null,"Value":400},{"Length":25,"Height":16,"Demand":1,"DemandMax":null,"Value":400},{"Length":18,"Height":23,"Demand":1,"DemandMax":null,"Value":414},{"Length":125,"Height":3,"Demand":1,"DemandMax":null,"Value":375},{"Length":121,"Height":3,"Demand":2,"DemandMax":null,"Value":363},{"Length":10,"Height":40,"Demand":1,"DemandMax":null,"Value":400},{"Length":51,"Height":8,"Demand":1,"DemandMax":null,"Value":408},{"Length":37,"Height":11,"Demand":1,"DemandMax":null,"Value":407},{"Length":49,"Height":8,"Demand":2,"DemandMax":null,"Value":392},{"Length":15,"Height":26,"Demand":1,"DemandMax":null,"Value":390},{"Length":118,"Height":3,"Demand":2,"DemandMax":null,"Value":354},{"Length":87,"Height":4,"Demand":1,"DemandMax":null,"Value":348},{"Length":19,"Height":20,"Demand":1,"DemandMax":null,"Value":380},{"Length":40,"Height":10,"Demand":1,"DemandMax":null,"Value":400},{"Length":113,"Height":3,"Demand":1,"DemandMax":null,"Value":339},{"Length":119,"Height":3,"Demand":2,"DemandMax":null,"Value":357},{"Length":5,"Height":75,"Demand":1,"DemandMax":null,"Value":375},{"Length":23,"Height":17,"Demand":1,"DemandMax":null,"Value":391},{"Length":48,"Height":8,"Demand":2,"DemandMax":null,"Value":384},{"Length":10,"Height":37,"Demand":1,"DemandMax":null,"Value":370},{"Length":85,"Height":4,"Demand":2,"DemandMax":null,"Value":340},{"Length":6,"Height":65,"Demand":1,"DemandMax":null,"Value":390},{"Length":146,"Height":3,"Demand":1,"DemandMax":null,"Value":438},{"Length":17,"Height":23,"Demand":1,"DemandMax":null,"Value":391},{"Length":13,"Height":28,"Demand":1,"DemandMax":null,"Value":364},{"Length":109,"Height":3,"Demand":3,"DemandMax":null,"Value":327},{"Length":33,"Height":11,"Demand":3,"DemandMax":null,"Value":363},{"Length":127,"Height":3,"Demand":1,"DemandMax":null,"Value":381},{"Length":6,"Height":58,"Demand":1,"DemandMax":null,"Value":348},{"Length":21,"Height":17,"Demand":2,"DemandMax":null,"Value":357},{"Length":20,"Height":18,"Demand":2,"DemandMax":null,"Value":360},{"Length":15,"Height":25,"Demand":1,"DemandMax":null,"Value":375},{"Length":71,"Height":5,"Demand":1,"DemandMax":null,"Value":355},{"Length":26,"Height":14,"Demand":1,"DemandMax":null,"Value":364},{"Length":130,"Height":3,"Demand":1,"DemandMax":null,"Value":390},{"Length":23,"Height":16,"Demand":1,"DemandMax":null,"Value":368},{"Length":106,"Height":3,"Demand":2,"DemandMax":null,"Value":318},{"Length":51,"Height":7,"Demand":1,"DemandMax":null,"Value":357},{"Length":25,"Height":14,"Demand":1,"DemandMax":null,"Value":350},{"Length":94,"Height":4,"Demand":1,"DemandMax":null,"Value":376},{"Length":54,"Height":7,"Demand":1,"DemandMax":null,"Value":378},{"Length":4,"Height":83,"Demand":1,"DemandMax":null,"Value":332},{"Length":40,"Height":9,"Demand":1,"DemandMax":null,"Value":360},{"Length":80,"Height":4,"Demand":1,"DemandMax":null,"Value":320},{"Length":112,"Height":3,"Demand":1,"DemandMax":null,"Value":336},{"Length":14,"Height":24,"Demand":2,"DemandMax":null,"Value":336},{"Length":7,"Height":50,"Demand":1,"DemandMax":null,"Value":350},{"Length":65,"Height":5,"Demand":1,"DemandMax":null,"Value":325},{"Length":13,"Height":26,"Demand":1,"DemandMax":null,"Value":338},{"Length":10,"Height":36,"Demand":1,"DemandMax":null,"Value":360},{"Length":49,"Height":7,"Demand":2,"DemandMax":null,"Value":343},{"Length":95,"Height":4,"Demand":1,"DemandMax":null,"Value":380},{"Length":21,"Height":16,"Demand":3,"DemandMax":null,"Value":336},{"Length":102,"Height":3,"Demand":2,"DemandMax":null,"Value":306},{"Length":12,"Height":30,"Demand":1,"DemandMax":null,"Value":360},{"Length":156,"Height":2,"Demand":1,"DemandMax":null,"Value":312},{"Length":60,"Height":6,"Demand":1,"DemandMax":null,"Value":360},{"Length":23,"Height":15,"Demand":1,"DemandMax":null,"Value":345},{"Length":5,"Height":67,"Demand":2,"DemandMax":null,"Value":335},{"Length":18,"Height":19,"Demand":1,"DemandMax":null,"Value":342},{"Length":37,"Height":9,"Demand":2,"DemandMax":null,"Value":333},{"Length":10,"Height":34,"Demand":1,"DemandMax":null,"Value":340},{"Length":68,"Height":5,"Demand":2,"DemandMax":null,"Value":340},{"Length":16,"Height":22,"Demand":1,"DemandMax":null,"Value":352},{"Length":42,"Height":8,"Demand":1,"DemandMax":null,"Value":336},{"Length":6,"Height":56,"Demand":2,"DemandMax":null,"Value":336},{"Length":4,"Height":84,"Demand":1,"DemandMax":null,"Value":336},{"Length":29,"Height":12,"Demand":3,"DemandMax":null,"Value":348},{"Length":53,"Height":7,"Demand":1,"DemandMax":null,"Value":371},{"Length":3,"Height":117,"Demand":1,"DemandMax":null,"Value":351},{"Length":110,"Height":3,"Demand":1,"DemandMax":null,"Value":330},{"Length":64,"Height":5,"Demand":3,"DemandMax":null,"Value":320},{"Length":33,"Height":10,"Demand":1,"DemandMax":null,"Value":330},{"Length":15,"Height":23,"Demand":1,"DemandMax":null,"Value":345},{"Length":30,"Height":11,"Demand":2,"DemandMax":null,"Value":330},{"Length":81,"Height":4,"Demand":1,"DemandMax":null,"Value":324},{"Length":26,"Height":13,"Demand":3,"DemandMax":null,"Value":338},{"Length":19,"Height":18,"Demand":2,"DemandMax":null,"Value":342},{"Length":12,"Height":29,"Demand":1,"DemandMax":null,"Value":348},{"Length":92,"Height":4,"Demand":1,"DemandMax":null,"Value":368},{"Length":124,"Height":3,"Demand":1,"DemandMax":null,"Value":372},{"Length":40,"Height":8,"Demand":2,"DemandMax":null,"Value":320},{"Length":10,"Height":33,"Demand":1,"DemandMax":null,"Value":330},{"Length":47,"Height":7,"Demand":2,"DemandMax":null,"Value":329},{"Length":54,"Height":6,"Demand":2,"DemandMax":null,"Value":324},{"Length":145,"Height":2,"Demand":2,"DemandMax":null,"Value":290},{"Length":20,"Height":17,"Demand":1,"DemandMax":null,"Value":340},{"Length":84,"Height":4,"Demand":1,"DemandMax":null,"Value":336},{"Length":131,"Height":3,"Demand":1,"DemandMax":null,"Value":393},{"Length":176,"Height":2,"Demand":1,"DemandMax":null,"Value":352},{"Length":70,"Height":5,"Demand":1,"DemandMax":null,"Value":350},{"Length":107,"Height":3,"Demand":1,"DemandMax":null,"Value":321},{"Length":11,"Height":32,"Demand":1,"DemandMax":null,"Value":352},{"Length":98,"Height":3,"Demand":2,"DemandMax":null,"Value":294},{"Length":5,"Height":73,"Demand":1,"DemandMax":null,"Value":365},{"Length":11,"Height":30,"Demand":2,"DemandMax":null,"Value":330},{"Length":25,"Height":13,"Demand":1,"DemandMax":null,"Value":325},{"Length":19,"Height":17,"Demand":1,"DemandMax":null,"Value":323},{"Length":34,"Height":10,"Demand":1,"DemandMax":null,"Value":340},{"Length":4,"Height":77,"Demand":1,"DemandMax":null,"Value":308},{"Length":56,"Height":6,"Demand":1,"DemandMax":null,"Value":336},{"Length":126,"Height":3,"Demand":1,"DemandMax":null,"Value":378},{"Length":18,"Height":18,"Demand":1,"DemandMax":null,"Value":324},{"Length":31,"Height":11,"Demand":2,"DemandMax":null,"Value":341},{"Length":11,"Height":29,"Demand":5,"DemandMax":null,"Value":319},{"Length":14,"Height":23,"Demand":3,"DemandMax":null,"Value":322},{"Length":32,"Height":10,"Demand":1,"DemandMax":null,"Value":320},{"Length":51,"Height":6,"Demand":1,"DemandMax":null,"Value":306},{"Length":10,"Height":32,"Demand":2,"DemandMax":null,"Value":320},{"Length":88,"Height":4,"Demand":1,"DemandMax":null,"Value":352},{"Length":4,"Height":86,"Demand":1,"DemandMax":null,"Value":344},{"Length":6,"Height":54,"Demand":1,"DemandMax":null,"Value":324},{"Length":27,"Height":12,"Demand":2,"DemandMax":null,"Value":324},{"Length":13,"Height":25,"Demand":1,"DemandMax":null,"Value":325},{"Length":9,"Height":37,"Demand":1,"DemandMax":null,"Value":333},{"Length":17,"Height":19,"Demand":1,"DemandMax":null,"Value":323},{"Length":16,"Height":20,"Demand":1,"DemandMax":null,"Value":320},{"Length":43,"Height":8,"Demand":1,"DemandMax":null,"Value":344},{"Length":83,"Height":4,"Demand":2,"DemandMax":null,"Value":332},{"Length":4,"Height":91,"Demand":1,"DemandMax":null,"Value":364},{"Length":108,"Height":3,"Demand":1,"DemandMax":null,"Value":324},{"Length":28,"Height":11,"Demand":2,"DemandMax":null,"Value":308},{"Length":97,"Height":3,"Demand":1,"DemandMax":null,"Value":291},{"Length":57,"Height":6,"Demand":1,"DemandMax":null,"Value":342},{"Length":86,"Height":4,"Demand":1,"DemandMax":null,"Value":344},{"Length":77,"Height":4,"Demand":1,"DemandMax":null,"Value":308},{"Length":142,"Height":2,"Demand":3,"DemandMax":null,"Value":284},{"Length":10,"Height":31,"Demand":2,"DemandMax":null,"Value":310},{"Length":34,"Height":9,"Demand":2,"DemandMax":null,"Value":306},{"Length":9,"Height":34,"Demand":1,"DemandMax":null,"Value":306},{"Length":63,"Height":5,"Demand":2,"DemandMax":null,"Value":315},{"Length":135,"Height":2,"Demand":2,"DemandMax":null,"Value":270},{"Length":33,"Height":9,"Demand":3,"DemandMax":null,"Value":297},{"Length":146,"Height":2,"Demand":2,"DemandMax":null,"Value":292},{"Length":13,"Height":23,"Demand":1,"DemandMax":null,"Value":299},{"Length":8,"Height":40,"Demand":2,"DemandMax":null,"Value":320},{"Length":90,"Height":3,"Demand":1,"DemandMax":null,"Value":270},{"Length":41,"Height":8,"Demand":1,"DemandMax":null,"Value":328},{"Length":62,"Height":5,"Demand":1,"DemandMax":null,"Value":310},{"Length":78,"Height":4,"Demand":1,"DemandMax":null,"Value":312},{"Length":58,"Height":5,"Demand":2,"DemandMax":null,"Value":290},{"Length":25,"Height":12,"Demand":3,"DemandMax":null,"Value":300},{"Length":59,"Height":5,"Demand":2,"DemandMax":null,"Value":295},{"Length":96,"Height":3,"Demand":4,"DemandMax":null,"Value":288},{"Length":74,"Height":4,"Demand":2,"DemandMax":null,"Value":296},{"Length":31,"Height":10,"Demand":1,"DemandMax":null,"Value":310},{"Length":22,"Height":14,"Demand":3,"DemandMax":null,"Value":308},{"Length":44,"Height":7,"Demand":1,"DemandMax":null,"Value":308},{"Length":19,"Height":16,"Demand":1,"DemandMax":null,"Value":304},{"Length":16,"Height":19,"Demand":1,"DemandMax":null,"Value":304},{"Length":12,"Height":24,"Demand":1,"DemandMax":null,"Value":288},{"Length":20,"Height":15,"Demand":1,"DemandMax":null,"Value":300},{"Length":30,"Height":10,"Demand":1,"DemandMax":null,"Value":300},{"Length":16,"Height":18,"Demand":1,"DemandMax":null,"Value":288},{"Length":5,"Height":56,"Demand":1,"DemandMax":null,"Value":280},{"Length":172,"Height":2,"Demand":1,"DemandMax":null,"Value":344},{"Length":61,"Height":5,"Demand":2,"DemandMax":null,"Value":305},{"Length":37,"Height":8,"Demand":3,"DemandMax":null,"Value":296},{"Length":8,"Height":36,"Demand":1,"DemandMax":null,"Value":288},{"Length":70,"Height":4,"Demand":2,"DemandMax":null,"Value":280},{"Length":55,"Height":5,"Demand":2,"DemandMax":null,"Value":275},{"Length":24,"Height":12,"Demand":2,"DemandMax":null,"Value":288},{"Length":21,"Height":14,"Demand":1,"DemandMax":null,"Value":294},{"Length":38,"Height":8,"Demand":1,"DemandMax":null,"Value":304},{"Length":24,"Height":13,"Demand":1,"DemandMax":null,"Value":312},{"Length":2,"Height":154,"Demand":2,"DemandMax":null,"Value":308},{"Length":23,"Height":13,"Demand":1,"DemandMax":null,"Value":299},{"Length":6,"Height":47,"Demand":1,"DemandMax":null,"Value":282},{"Length":47,"Height":6,"Demand":3,"DemandMax":null,"Value":282},{"Length":35,"Height":8,"Demand":1,"DemandMax":null,"Value":280},{"Length":10,"Height":29,"Demand":1,"DemandMax":null,"Value":290},{"Length":119,"Height":2,"Demand":6,"DemandMax":null,"Value":238},{"Length":25,"Height":11,"Demand":2,"DemandMax":null,"Value":275},{"Length":39,"Height":7,"Demand":4,"DemandMax":null,"Value":273},{"Length":48,"Height":6,"Demand":1,"DemandMax":null,"Value":288},{"Length":9,"Height":31,"Demand":2,"DemandMax":null,"Value":279},{"Length":67,"Height":4,"Demand":4,"DemandMax":null,"Value":268},{"Length":68,"Height":4,"Demand":3,"DemandMax":null,"Value":272},{"Length":29,"Height":10,"Demand":1,"DemandMax":null,"Value":290},{"Length":9,"Height":32,"Demand":1,"DemandMax":null,"Value":288},{"Length":18,"Height":16,"Demand":4,"DemandMax":null,"Value":288},{"Length":43,"Height":7,"Demand":1,"DemandMax":null,"Value":301},{"Length":95,"Height":3,"Demand":1,"DemandMax":null,"Value":285},{"Length":131,"Height":2,"Demand":3,"DemandMax":null,"Value":262},{"Length":158,"Height":2,"Demand":2,"DemandMax":null,"Value":316},{"Length":10,"Height":28,"Demand":1,"DemandMax":null,"Value":280},{"Length":84,"Height":3,"Demand":2,"DemandMax":null,"Value":252},{"Length":9,"Height":33,"Demand":1,"DemandMax":null,"Value":297},{"Length":42,"Height":7,"Demand":1,"DemandMax":null,"Value":294},{"Length":23,"Height":12,"Demand":2,"DemandMax":null,"Value":276},{"Length":115,"Height":2,"Demand":3,"DemandMax":null,"Value":230},{"Length":38,"Height":7,"Demand":3,"DemandMax":null,"Value":266},{"Length":5,"Height":55,"Demand":1,"DemandMax":null,"Value":275},{"Length":20,"Height":14,"Demand":4,"DemandMax":null,"Value":280},{"Length":30,"Height":9,"Demand":3,"DemandMax":null,"Value":270},{"Length":13,"Height":21,"Demand":2,"DemandMax":null,"Value":273},{"Length":163,"Height":2,"Demand":1,"DemandMax":null,"Value":326},{"Length":41,"Height":7,"Demand":1,"DemandMax":null,"Value":287},{"Length":88,"Height":3,"Demand":1,"DemandMax":null,"Value":264},{"Length":21,"Height":13,"Demand":3,"DemandMax":null,"Value":273},{"Length":6,"Height":48,"Demand":1,"DemandMax":null,"Value":288},{"Length":71,"Height":4,"Demand":2,"DemandMax":null,"Value":284},{"Length":64,"Height":4,"Demand":3,"DemandMax":null,"Value":256},{"Length":17,"Height":16,"Demand":2,"DemandMax":null,"Value":272},{"Length":19,"Height":15,"Demand":1,"DemandMax":null,"Value":285},{"Length":26,"Height":10,"Demand":2,"DemandMax":null,"Value":260},{"Length":31,"Height":9,"Demand":2,"DemandMax":null,"Value":279},{"Length":152,"Height":2,"Demand":3,"DemandMax":null,"Value":304},{"Length":32,"Height":9,"Demand":1,"DemandMax":null,"Value":288},{"Length":4,"Height":65,"Demand":3,"DemandMax":null,"Value":260},{"Length":57,"Height":5,"Demand":1,"DemandMax":null,"Value":285},{"Length":111,"Height":2,"Demand":4,"DemandMax":null,"Value":222},{"Length":87,"Height":3,"Demand":1,"DemandMax":null,"Value":261},{"Length":53,"Height":5,"Demand":2,"DemandMax":null,"Value":265},{"Length":37,"Height":7,"Demand":1,"DemandMax":null,"Value":259},{"Length":109,"Height":2,"Demand":6,"DemandMax":null,"Value":218},{"Length":45,"Height":6,"Demand":4,"DemandMax":null,"Value":270},{"Length":10,"Height":27,"Demand":3,"DemandMax":null,"Value":270},{"Length":16,"Height":16,"Demand":3,"DemandMax":null,"Value":256},{"Length":19,"Height":14,"Demand":2,"DemandMax":null,"Value":266},{"Length":22,"Height":12,"Demand":2,"DemandMax":null,"Value":264},{"Length":16,"Height":17,"Demand":1,"DemandMax":null,"Value":272},{"Length":5,"Height":52,"Demand":1,"DemandMax":null,"Value":260},{"Length":14,"Height":19,"Demand":1,"DemandMax":null,"Value":266},{"Length":42,"Height":6,"Demand":2,"DemandMax":null,"Value":252},{"Length":27,"Height":10,"Demand":1,"DemandMax":null,"Value":270},{"Length":11,"Height":24,"Demand":3,"DemandMax":null,"Value":264},{"Length":8,"Height":33,"Demand":1,"DemandMax":null,"Value":264},{"Length":40,"Height":7,"Demand":3,"DemandMax":null,"Value":280},{"Length":11,"Height":23,"Demand":2,"DemandMax":null,"Value":253},{"Length":128,"Height":2,"Demand":3,"DemandMax":null,"Value":256},{"Length":5,"Height":57,"Demand":1,"DemandMax":null,"Value":285},{"Length":20,"Height":13,"Demand":1,"DemandMax":null,"Value":260},{"Length":5,"Height":51,"Demand":1,"DemandMax":null,"Value":255},{"Length":51,"Height":5,"Demand":1,"DemandMax":null,"Value":255},{"Length":18,"Height":14,"Demand":1,"DemandMax":null,"Value":252},{"Length":23,"Height":11,"Demand":3,"DemandMax":null,"Value":253},{"Length":7,"Height":39,"Demand":1,"DemandMax":null,"Value":273},{"Length":12,"Height":22,"Demand":1,"DemandMax":null,"Value":264},{"Length":5,"Height":48,"Demand":2,"DemandMax":null,"Value":240},{"Length":82,"Height":3,"Demand":1,"DemandMax":null,"Value":246},{"Length":29,"Height":9,"Demand":1,"DemandMax":null,"Value":261},{"Length":58,"Height":4,"Demand":8,"DemandMax":null,"Value":232},{"Length":2,"Height":160,"Demand":1,"DemandMax":null,"Value":320},{"Length":21,"Height":12,"Demand":2,"DemandMax":null,"Value":252},{"Length":92,"Height":3,"Demand":3,"DemandMax":null,"Value":276},{"Length":27,"Height":9,"Demand":3,"DemandMax":null,"Value":243},{"Length":59,"Height":4,"Demand":1,"DemandMax":null,"Value":236},{"Length":66,"Height":4,"Demand":3,"DemandMax":null,"Value":264},{"Length":14,"Height":18,"Demand":1,"DemandMax":null,"Value":252},{"Length":10,"Height":25,"Demand":3,"DemandMax":null,"Value":250},{"Length":65,"Height":4,"Demand":1,"DemandMax":null,"Value":260},{"Length":57,"Height":4,"Demand":3,"DemandMax":null,"Value":228},{"Length":10,"Height":26,"Demand":1,"DemandMax":null,"Value":260},{"Length":4,"Height":70,"Demand":1,"DemandMax":null,"Value":280},{"Length":28,"Height":9,"Demand":1,"DemandMax":null,"Value":252},{"Length":149,"Height":2,"Demand":1,"DemandMax":null,"Value":298},{"Length":120,"Height":2,"Demand":5,"DemandMax":null,"Value":240},{"Length":105,"Height":2,"Demand":4,"DemandMax":null,"Value":210},{"Length":15,"Height":16,"Demand":3,"DemandMax":null,"Value":240},{"Length":80,"Height":3,"Demand":2,"DemandMax":null,"Value":240},{"Length":8,"Height":32,"Demand":2,"DemandMax":null,"Value":256},{"Length":79,"Height":3,"Demand":1,"DemandMax":null,"Value":237},{"Length":6,"Height":45,"Demand":1,"DemandMax":null,"Value":270},{"Length":9,"Height":28,"Demand":1,"DemandMax":null,"Value":252},{"Length":104,"Height":2,"Demand":5,"DemandMax":null,"Value":208},{"Length":123,"Height":2,"Demand":2,"DemandMax":null,"Value":246},{"Length":47,"Height":5,"Demand":4,"DemandMax":null,"Value":235},{"Length":17,"Height":15,"Demand":1,"DemandMax":null,"Value":255},{"Length":15,"Height":17,"Demand":2,"DemandMax":null,"Value":255},{"Length":33,"Height":8,"Demand":1,"DemandMax":null,"Value":264},{"Length":153,"Height":2,"Demand":1,"DemandMax":null,"Value":306},{"Length":45,"Height":5,"Demand":2,"DemandMax":null,"Value":225},{"Length":76,"Height":3,"Demand":7,"DemandMax":null,"Value":228},{"Length":8,"Height":29,"Demand":4,"DemandMax":null,"Value":232},{"Length":127,"Height":2,"Demand":2,"DemandMax":null,"Value":254},{"Length":12,"Height":21,"Demand":1,"DemandMax":null,"Value":252},{"Length":19,"Height":13,"Demand":2,"DemandMax":null,"Value":247},{"Length":32,"Height":8,"Demand":2,"DemandMax":null,"Value":256},{"Length":33,"Height":7,"Demand":4,"DemandMax":null,"Value":231},{"Length":17,"Height":14,"Demand":5,"DemandMax":null,"Value":238},{"Length":126,"Height":2,"Demand":5,"DemandMax":null,"Value":252},{"Length":124,"Height":2,"Demand":1,"DemandMax":null,"Value":248},{"Length":39,"Height":6,"Demand":2,"DemandMax":null,"Value":234},{"Length":38,"Height":6,"Demand":2,"DemandMax":null,"Value":228},{"Length":10,"Height":24,"Demand":2,"DemandMax":null,"Value":240},{"Length":12,"Height":20,"Demand":1,"DemandMax":null,"Value":240},{"Length":43,"Height":6,"Demand":1,"DemandMax":null,"Value":258},{"Length":4,"Height":68,"Demand":1,"DemandMax":null,"Value":272},{"Length":73,"Height":3,"Demand":6,"DemandMax":null,"Value":219},{"Length":30,"Height":8,"Demand":3,"DemandMax":null,"Value":240},{"Length":16,"Height":15,"Demand":1,"DemandMax":null,"Value":240},{"Length":11,"Height":21,"Demand":2,"DemandMax":null,"Value":231},{"Length":6,"Height":42,"Demand":1,"DemandMax":null,"Value":252},{"Length":46,"Height":5,"Demand":2,"DemandMax":null,"Value":230},{"Length":31,"Height":8,"Demand":1,"DemandMax":null,"Value":248},{"Length":103,"Height":2,"Demand":4,"DemandMax":null,"Value":206},{"Length":13,"Height":19,"Demand":1,"DemandMax":null,"Value":247},{"Length":41,"Height":6,"Demand":1,"DemandMax":null,"Value":246},{"Length":74,"Height":3,"Demand":7,"DemandMax":null,"Value":222},{"Length":23,"Height":10,"Demand":3,"DemandMax":null,"Value":230},{"Length":5,"Height":46,"Demand":1,"DemandMax":null,"Value":230},{"Length":3,"Height":82,"Demand":3,"DemandMax":null,"Value":246},{"Length":3,"Height":72,"Demand":4,"DemandMax":null,"Value":216},{"Length":9,"Height":26,"Demand":1,"DemandMax":null,"Value":234},{"Length":136,"Height":2,"Demand":1,"DemandMax":null,"Value":272},{"Length":9,"Height":25,"Demand":3,"DemandMax":null,"Value":225},{"Length":56,"Height":4,"Demand":5,"DemandMax":null,"Value":224},{"Length":20,"Height":11,"Demand":3,"DemandMax":null,"Value":220},{"Length":35,"Height":7,"Demand":1,"DemandMax":null,"Value":245},{"Length":83,"Height":3,"Demand":2,"DemandMax":null,"Value":249},{"Length":4,"Height":57,"Demand":1,"DemandMax":null,"Value":228},{"Length":5,"Height":47,"Demand":1,"DemandMax":null,"Value":235},{"Length":22,"Height":11,"Demand":1,"DemandMax":null,"Value":242},{"Length":7,"Height":34,"Demand":1,"DemandMax":null,"Value":238},{"Length":7,"Height":35,"Demand":1,"DemandMax":null,"Value":245},{"Length":13,"Height":18,"Demand":2,"DemandMax":null,"Value":234},{"Length":70,"Height":3,"Demand":8,"DemandMax":null,"Value":210},{"Length":130,"Height":2,"Demand":1,"DemandMax":null,"Value":260},{"Length":15,"Height":15,"Demand":2,"DemandMax":null,"Value":225},{"Length":16,"Height":14,"Demand":4,"DemandMax":null,"Value":224},{"Length":62,"Height":4,"Demand":1,"DemandMax":null,"Value":248},{"Length":18,"Height":13,"Demand":2,"DemandMax":null,"Value":234},{"Length":6,"Height":40,"Demand":1,"DemandMax":null,"Value":240},{"Length":29,"Height":8,"Demand":1,"DemandMax":null,"Value":232},{"Length":10,"Height":23,"Demand":1,"DemandMax":null,"Value":230},{"Length":91,"Height":3,"Demand":1,"DemandMax":null,"Value":273},{"Length":97,"Height":2,"Demand":5,"DemandMax":null,"Value":194},{"Length":69,"Height":3,"Demand":6,"DemandMax":null,"Value":207},{"Length":32,"Height":7,"Demand":3,"DemandMax":null,"Value":224},{"Length":14,"Height":16,"Demand":3,"DemandMax":null,"Value":224},{"Length":140,"Height":2,"Demand":2,"DemandMax":null,"Value":280},{"Length":19,"Height":12,"Demand":3,"DemandMax":null,"Value":228},{"Length":2,"Height":106,"Demand":2,"DemandMax":null,"Value":212},{"Length":22,"Height":10,"Demand":2,"DemandMax":null,"Value":220},{"Length":37,"Height":6,"Demand":2,"DemandMax":null,"Value":222},{"Length":143,"Height":2,"Demand":2,"DemandMax":null,"Value":286},{"Length":36,"Height":6,"Demand":4,"DemandMax":null,"Value":216},{"Length":68,"Height":3,"Demand":11,"DemandMax":null,"Value":204},{"Length":4,"Height":62,"Demand":1,"DemandMax":null,"Value":248},{"Length":12,"Height":19,"Demand":3,"DemandMax":null,"Value":228},{"Length":41,"Height":5,"Demand":7,"DemandMax":null,"Value":205},{"Length":7,"Height":31,"Demand":3,"DemandMax":null,"Value":217},{"Length":85,"Height":3,"Demand":1,"DemandMax":null,"Value":255},{"Length":8,"Height":27,"Demand":4,"DemandMax":null,"Value":216},{"Length":134,"Height":2,"Demand":3,"DemandMax":null,"Value":268},{"Length":4,"Height":64,"Demand":1,"DemandMax":null,"Value":256},{"Length":92,"Height":2,"Demand":8,"DemandMax":null,"Value":184},{"Length":101,"Height":2,"Demand":4,"DemandMax":null,"Value":202},{"Length":95,"Height":2,"Demand":11,"DemandMax":null,"Value":190},{"Length":34,"Height":7,"Demand":1,"DemandMax":null,"Value":238},{"Length":121,"Height":2,"Demand":8,"DemandMax":null,"Value":242},{"Length":93,"Height":2,"Demand":5,"DemandMax":null,"Value":186},{"Length":55,"Height":4,"Demand":6,"DemandMax":null,"Value":220},{"Length":3,"Height":74,"Demand":1,"DemandMax":null,"Value":222},{"Length":65,"Height":3,"Demand":11,"DemandMax":null,"Value":195},{"Length":98,"Height":2,"Demand":5,"DemandMax":null,"Value":196},{"Length":51,"Height":4,"Demand":4,"DemandMax":null,"Value":204},{"Length":5,"Height":43,"Demand":3,"DemandMax":null,"Value":215},{"Length":3,"Height":65,"Demand":8,"DemandMax":null,"Value":195},{"Length":75,"Height":3,"Demand":8,"DemandMax":null,"Value":225},{"Length":24,"Height":9,"Demand":8,"DemandMax":null,"Value":216},{"Length":17,"Height":13,"Demand":3,"DemandMax":null,"Value":221},{"Length":9,"Height":24,"Demand":6,"DemandMax":null,"Value":216},{"Length":52,"Height":4,"Demand":9,"DemandMax":null,"Value":208},{"Length":3,"Height":64,"Demand":10,"DemandMax":null,"Value":192},{"Length":30,"Height":7,"Demand":8,"DemandMax":null,"Value":210},{"Length":35,"Height":6,"Demand":14,"DemandMax":null,"Value":210},{"Length":9,"Height":23,"Demand":5,"DemandMax":null,"Value":207},{"Length":28,"Height":8,"Demand":3,"DemandMax":null,"Value":224},{"Length":34,"Height":6,"Demand":10,"DemandMax":null,"Value":204},{"Length":15,"Height":14,"Demand":3,"DemandMax":null,"Value":210},{"Length":81,"Height":3,"Demand":4,"DemandMax":null,"Value":243},{"Length":6,"Height":34,"Demand":5,"DemandMax":null,"Value":204},{"Length":3,"Height":70,"Demand":1,"DemandMax":null,"Value":210},{"Length":60,"Height":4,"Demand":1,"DemandMax":null,"Value":240},{"Length":20,"Height":10,"Demand":7,"DemandMax":null,"Value":200},{"Length":10,"Height":22,"Demand":1,"DemandMax":null,"Value":220},{"Length":54,"Height":4,"Demand":7,"DemandMax":null,"Value":216},{"Length":66,"Height":3,"Demand":7,"DemandMax":null,"Value":198},{"Length":88,"Height":2,"Demand":9,"DemandMax":null,"Value":176},{"Length":3,"Height":78,"Demand":1,"DemandMax":null,"Value":234},{"Length":4,"Height":54,"Demand":4,"DemandMax":null,"Value":216},{"Length":29,"Height":7,"Demand":4,"DemandMax":null,"Value":203},{"Length":12,"Height":17,"Demand":5,"DemandMax":null,"Value":204},{"Length":3,"Height":84,"Demand":1,"DemandMax":null,"Value":252},{"Length":5,"Height":42,"Demand":4,"DemandMax":null,"Value":210},{"Length":9,"Height":22,"Demand":6,"DemandMax":null,"Value":198},{"Length":10,"Height":21,"Demand":8,"DemandMax":null,"Value":210},{"Length":28,"Height":7,"Demand":15,"DemandMax":null,"Value":196},{"Length":4,"Height":60,"Demand":1,"DemandMax":null,"Value":240},{"Length":91,"Height":2,"Demand":7,"DemandMax":null,"Value":182},{"Length":62,"Height":3,"Demand":14,"DemandMax":null,"Value":186},{"Length":2,"Height":112,"Demand":1,"DemandMax":null,"Value":224},{"Length":71,"Height":3,"Demand":4,"DemandMax":null,"Value":213},{"Length":13,"Height":16,"Demand":5,"DemandMax":null,"Value":208},{"Length":33,"Height":6,"Demand":20,"DemandMax":null,"Value":198},{"Length":96,"Height":2,"Demand":8,"DemandMax":null,"Value":192},{"Length":12,"Height":18,"Demand":2,"DemandMax":null,"Value":216},{"Length":2,"Height":93,"Demand":1,"DemandMax":null,"Value":186},{"Length":84,"Height":2,"Demand":8,"DemandMax":null,"Value":168},{"Length":18,"Height":12,"Demand":4,"DemandMax":null,"Value":216},{"Length":67,"Height":3,"Demand":10,"DemandMax":null,"Value":201},{"Length":50,"Height":4,"Demand":10,"DemandMax":null,"Value":200},{"Length":3,"Height":73,"Demand":1,"DemandMax":null,"Value":219},{"Length":19,"Height":11,"Demand":13,"DemandMax":null,"Value":209},{"Length":21,"Height":10,"Demand":7,"DemandMax":null,"Value":210},{"Length":16,"Height":13,"Demand":8,"DemandMax":null,"Value":208},{"Length":78,"Height":3,"Demand":1,"DemandMax":null,"Value":234},{"Length":27,"Height":8,"Demand":1,"DemandMax":null,"Value":216},{"Length":2,"Height":91,"Demand":2,"DemandMax":null,"Value":182},{"Length":5,"Height":41,"Demand":3,"DemandMax":null,"Value":205},{"Length":3,"Height":83,"Demand":1,"DemandMax":null,"Value":249},{"Length":10,"Height":20,"Demand":8,"DemandMax":null,"Value":200},{"Length":22,"Height":9,"Demand":6,"DemandMax":null,"Value":198},{"Length":133,"Height":2,"Demand":1,"DemandMax":null,"Value":266},{"Length":17,"Height":12,"Demand":10,"DemandMax":null,"Value":204},{"Length":112,"Height":2,"Demand":1,"DemandMax":null,"Value":224},{"Length":31,"Height":7,"Demand":5,"DemandMax":null,"Value":217},{"Length":63,"Height":3,"Demand":12,"DemandMax":null,"Value":189},{"Length":8,"Height":26,"Demand":3,"DemandMax":null,"Value":208},{"Length":3,"Height":77,"Demand":2,"DemandMax":null,"Value":231},{"Length":60,"Height":3,"Demand":9,"DemandMax":null,"Value":180},{"Length":4,"Height":47,"Demand":2,"DemandMax":null,"Value":188},{"Length":43,"Height":5,"Demand":1,"DemandMax":null,"Value":215},{"Length":7,"Height":28,"Demand":6,"DemandMax":null,"Value":196},{"Length":61,"Height":3,"Demand":11,"DemandMax":null,"Value":183},{"Length":94,"Height":2,"Demand":5,"DemandMax":null,"Value":188},{"Length":23,"Height":9,"Demand":8,"DemandMax":null,"Value":207},{"Length":8,"Height":28,"Demand":1,"DemandMax":null,"Value":224},{"Length":13,"Height":15,"Demand":7,"DemandMax":null,"Value":195},{"Length":7,"Height":30,"Demand":2,"DemandMax":null,"Value":210},{"Length":26,"Height":8,"Demand":2,"DemandMax":null,"Value":208},{"Length":2,"Height":88,"Demand":3,"DemandMax":null,"Value":176},{"Length":38,"Height":5,"Demand":13,"DemandMax":null,"Value":190},{"Length":2,"Height":103,"Demand":1,"DemandMax":null,"Value":206},{"Length":40,"Height":5,"Demand":12,"DemandMax":null,"Value":200},{"Length":49,"Height":4,"Demand":12,"DemandMax":null,"Value":196},{"Length":44,"Height":5,"Demand":2,"DemandMax":null,"Value":220},{"Length":14,"Height":15,"Demand":3,"DemandMax":null,"Value":210},{"Length":48,"Height":4,"Demand":15,"DemandMax":null,"Value":192},{"Length":53,"Height":4,"Demand":9,"DemandMax":null,"Value":212},{"Length":142,"Height":1,"Demand":1,"DemandMax":null,"Value":142},{"Length":6,"Height":37,"Demand":1,"DemandMax":null,"Value":222},{"Length":8,"Height":25,"Demand":4,"DemandMax":null,"Value":200},{"Length":37,"Height":5,"Demand":10,"DemandMax":null,"Value":185},{"Length":89,"Height":2,"Demand":9,"DemandMax":null,"Value":178},{"Length":2,"Height":95,"Demand":9,"DemandMax":null,"Value":190},{"Length":3,"Height":59,"Demand":1,"DemandMax":null,"Value":177},{"Length":64,"Height":3,"Demand":5,"DemandMax":null,"Value":192},{"Length":72,"Height":3,"Demand":6,"DemandMax":null,"Value":216},{"Length":85,"Height":2,"Demand":7,"DemandMax":null,"Value":170},{"Length":39,"Height":5,"Demand":13,"DemandMax":null,"Value":195},{"Length":18,"Height":11,"Demand":6,"DemandMax":null,"Value":198},{"Length":6,"Height":31,"Demand":5,"DemandMax":null,"Value":186},{"Length":15,"Height":13,"Demand":13,"DemandMax":null,"Value":195},{"Length":5,"Height":40,"Demand":6,"DemandMax":null,"Value":200},{"Length":110,"Height":2,"Demand":3,"DemandMax":null,"Value":220},{"Length":47,"Height":4,"Demand":19,"DemandMax":null,"Value":188},{"Length":83,"Height":2,"Demand":6,"DemandMax":null,"Value":166},{"Length":4,"Height":58,"Demand":1,"DemandMax":null,"Value":232},{"Length":6,"Height":32,"Demand":4,"DemandMax":null,"Value":192},{"Length":108,"Height":2,"Demand":2,"DemandMax":null,"Value":216},{"Length":8,"Height":24,"Demand":10,"DemandMax":null,"Value":192},{"Length":32,"Height":6,"Demand":8,"DemandMax":null,"Value":192},{"Length":25,"Height":8,"Demand":11,"DemandMax":null,"Value":200},{"Length":3,"Height":60,"Demand":2,"DemandMax":null,"Value":180},{"Length":11,"Height":18,"Demand":7,"DemandMax":null,"Value":198},{"Length":3,"Height":71,"Demand":1,"DemandMax":null,"Value":213},{"Length":12,"Height":16,"Demand":7,"DemandMax":null,"Value":192},{"Length":5,"Height":45,"Demand":1,"DemandMax":null,"Value":225},{"Length":7,"Height":29,"Demand":6,"DemandMax":null,"Value":203},{"Length":4,"Height":55,"Demand":2,"DemandMax":null,"Value":220},{"Length":42,"Height":5,"Demand":10,"DemandMax":null,"Value":210},{"Length":5,"Height":38,"Demand":7,"DemandMax":null,"Value":190},{"Length":14,"Height":14,"Demand":8,"DemandMax":null,"Value":196},{"Length":4,"Height":52,"Demand":3,"DemandMax":null,"Value":208},{"Length":87,"Height":2,"Demand":7,"DemandMax":null,"Value":174},{"Length":58,"Height":3,"Demand":9,"DemandMax":null,"Value":174},{"Length":5,"Height":44,"Demand":2,"DemandMax":null,"Value":220},{"Length":19,"Height":10,"Demand":15,"DemandMax":null,"Value":190},{"Length":82,"Height":2,"Demand":9,"DemandMax":null,"Value":164},{"Length":77,"Height":3,"Demand":1,"DemandMax":null,"Value":231},{"Length":5,"Height":39,"Demand":4,"DemandMax":null,"Value":195},{"Length":100,"Height":2,"Demand":9,"DemandMax":null,"Value":200},{"Length":116,"Height":2,"Demand":1,"DemandMax":null,"Value":232},{"Length":17,"Height":11,"Demand":21,"DemandMax":null,"Value":187},{"Length":31,"Height":6,"Demand":11,"DemandMax":null,"Value":186},{"Length":11,"Height":17,"Demand":10,"DemandMax":null,"Value":187},{"Length":24,"Height":8,"Demand":8,"DemandMax":null,"Value":192},{"Length":21,"Height":9,"Demand":11,"DemandMax":null,"Value":189},{"Length":16,"Height":12,"Demand":8,"DemandMax":null,"Value":192},{"Length":3,"Height":57,"Demand":2,"DemandMax":null,"Value":171},{"Length":4,"Height":53,"Demand":1,"DemandMax":null,"Value":212},{"Length":6,"Height":35,"Demand":2,"DemandMax":null,"Value":210},{"Length":122,"Height":2,"Demand":1,"DemandMax":null,"Value":244},{"Length":46,"Height":4,"Demand":7,"DemandMax":null,"Value":184},{"Length":90,"Height":2,"Demand":7,"DemandMax":null,"Value":180},{"Length":4,"Height":46,"Demand":3,"DemandMax":null,"Value":184},{"Length":10,"Height":19,"Demand":7,"DemandMax":null,"Value":190},{"Length":7,"Height":26,"Demand":6,"DemandMax":null,"Value":182},{"Length":26,"Height":7,"Demand":16,"DemandMax":null,"Value":182},{"Length":99,"Height":2,"Demand":2,"DemandMax":null,"Value":198},{"Length":57,"Height":3,"Demand":14,"DemandMax":null,"Value":171},{"Length":79,"Height":2,"Demand":8,"DemandMax":null,"Value":158},{"Length":4,"Height":48,"Demand":3,"DemandMax":null,"Value":192},{"Length":13,"Height":14,"Demand":16,"DemandMax":null,"Value":182},{"Length":114,"Height":2,"Demand":3,"DemandMax":null,"Value":228},{"Length":3,"Height":75,"Demand":1,"DemandMax":null,"Value":225},{"Length":80,"Height":2,"Demand":7,"DemandMax":null,"Value":160},{"Length":36,"Height":5,"Demand":6,"DemandMax":null,"Value":180},{"Length":45,"Height":4,"Demand":7,"DemandMax":null,"Value":180},{"Length":7,"Height":27,"Demand":10,"DemandMax":null,"Value":189},{"Length":27,"Height":7,"Demand":10,"DemandMax":null,"Value":189},{"Length":23,"Height":8,"Demand":13,"DemandMax":null,"Value":184},{"Length":14,"Height":13,"Demand":13,"DemandMax":null,"Value":182},{"Length":131,"Height":1,"Demand":2,"DemandMax":null,"Value":131},{"Length":5,"Height":36,"Demand":6,"DemandMax":null,"Value":180},{"Length":8,"Height":23,"Demand":8,"DemandMax":null,"Value":184},{"Length":78,"Height":2,"Demand":5,"DemandMax":null,"Value":156},{"Length":9,"Height":21,"Demand":3,"DemandMax":null,"Value":189},{"Length":132,"Height":1,"Demand":2,"DemandMax":null,"Value":132},{"Length":18,"Height":10,"Demand":9,"DemandMax":null,"Value":180},{"Length":44,"Height":4,"Demand":8,"DemandMax":null,"Value":176},{"Length":43,"Height":4,"Demand":13,"DemandMax":null,"Value":172},{"Length":10,"Height":18,"Demand":11,"DemandMax":null,"Value":180},{"Length":3,"Height":67,"Demand":1,"DemandMax":null,"Value":201},{"Length":30,"Height":6,"Demand":8,"DemandMax":null,"Value":180},{"Length":4,"Height":45,"Demand":3,"DemandMax":null,"Value":180},{"Length":6,"Height":30,"Demand":3,"DemandMax":null,"Value":180},{"Length":77,"Height":2,"Demand":11,"DemandMax":null,"Value":154},{"Length":4,"Height":44,"Demand":2,"DemandMax":null,"Value":176},{"Length":117,"Height":2,"Demand":1,"DemandMax":null,"Value":234},{"Length":3,"Height":56,"Demand":3,"DemandMax":null,"Value":168},{"Length":15,"Height":12,"Demand":13,"DemandMax":null,"Value":180},{"Length":6,"Height":29,"Demand":18,"DemandMax":null,"Value":174},{"Length":107,"Height":2,"Demand":3,"DemandMax":null,"Value":214},{"Length":134,"Height":1,"Demand":2,"DemandMax":null,"Value":134},{"Length":3,"Height":62,"Demand":1,"DemandMax":null,"Value":186},{"Length":81,"Height":2,"Demand":8,"DemandMax":null,"Value":162},{"Length":20,"Height":9,"Demand":9,"DemandMax":null,"Value":180},{"Length":29,"Height":6,"Demand":10,"DemandMax":null,"Value":174},{"Length":22,"Height":8,"Demand":6,"DemandMax":null,"Value":176},{"Length":56,"Height":3,"Demand":10,"DemandMax":null,"Value":168},{"Length":9,"Height":20,"Demand":13,"DemandMax":null,"Value":180},{"Length":126,"Height":1,"Demand":10,"DemandMax":null,"Value":126},{"Length":127,"Height":1,"Demand":8,"DemandMax":null,"Value":127},{"Length":54,"Height":3,"Demand":6,"DemandMax":null,"Value":162},{"Length":6,"Height":33,"Demand":1,"DemandMax":null,"Value":198},{"Length":76,"Height":2,"Demand":14,"DemandMax":null,"Value":152},{"Length":133,"Height":1,"Demand":3,"DemandMax":null,"Value":133},{"Length":2,"Height":78,"Demand":2,"DemandMax":null,"Value":156},{"Length":25,"Height":7,"Demand":6,"DemandMax":null,"Value":175},{"Length":59,"Height":3,"Demand":12,"DemandMax":null,"Value":177},{"Length":5,"Height":37,"Demand":1,"DemandMax":null,"Value":185},{"Length":4,"Height":51,"Demand":1,"DemandMax":null,"Value":204},{"Length":12,"Height":15,"Demand":12,"DemandMax":null,"Value":180},{"Length":2,"Height":84,"Demand":1,"DemandMax":null,"Value":168},{"Length":2,"Height":82,"Demand":2,"DemandMax":null,"Value":164},{"Length":5,"Height":34,"Demand":4,"DemandMax":null,"Value":170},{"Length":34,"Height":5,"Demand":5,"DemandMax":null,"Value":170},{"Length":41,"Height":4,"Demand":7,"DemandMax":null,"Value":164},{"Length":75,"Height":2,"Demand":10,"DemandMax":null,"Value":150},{"Length":3,"Height":55,"Demand":2,"DemandMax":null,"Value":165},{"Length":4,"Height":43,"Demand":2,"DemandMax":null,"Value":172},{"Length":8,"Height":22,"Demand":4,"DemandMax":null,"Value":176},{"Length":74,"Height":2,"Demand":6,"DemandMax":null,"Value":148},{"Length":2,"Height":92,"Demand":4,"DemandMax":null,"Value":184},{"Length":33,"Height":5,"Demand":5,"DemandMax":null,"Value":165},{"Length":4,"Height":41,"Demand":2,"DemandMax":null,"Value":164},{"Length":6,"Height":28,"Demand":8,"DemandMax":null,"Value":168},{"Length":16,"Height":11,"Demand":10,"DemandMax":null,"Value":176},{"Length":4,"Height":50,"Demand":1,"DemandMax":null,"Value":200},{"Length":7,"Height":25,"Demand":9,"DemandMax":null,"Value":175},{"Length":42,"Height":4,"Demand":9,"DemandMax":null,"Value":168},{"Length":11,"Height":16,"Demand":7,"DemandMax":null,"Value":176},{"Length":24,"Height":7,"Demand":7,"DemandMax":null,"Value":168},{"Length":102,"Height":2,"Demand":3,"DemandMax":null,"Value":204},{"Length":35,"Height":5,"Demand":4,"DemandMax":null,"Value":175},{"Length":9,"Height":19,"Demand":12,"DemandMax":null,"Value":171},{"Length":86,"Height":2,"Demand":6,"DemandMax":null,"Value":172},{"Length":5,"Height":33,"Demand":4,"DemandMax":null,"Value":165},{"Length":13,"Height":13,"Demand":6,"DemandMax":null,"Value":169},{"Length":28,"Height":6,"Demand":9,"DemandMax":null,"Value":168},{"Length":73,"Height":2,"Demand":10,"DemandMax":null,"Value":146},{"Length":7,"Height":24,"Demand":4,"DemandMax":null,"Value":168},{"Length":5,"Height":35,"Demand":3,"DemandMax":null,"Value":175},{"Length":52,"Height":3,"Demand":8,"DemandMax":null,"Value":156},{"Length":3,"Height":68,"Demand":1,"DemandMax":null,"Value":204},{"Length":4,"Height":40,"Demand":5,"DemandMax":null,"Value":160},{"Length":3,"Height":53,"Demand":4,"DemandMax":null,"Value":159},{"Length":55,"Height":3,"Demand":7,"DemandMax":null,"Value":165},{"Length":19,"Height":9,"Demand":1,"DemandMax":null,"Value":171},{"Length":10,"Height":17,"Demand":3,"DemandMax":null,"Value":170},{"Length":53,"Height":3,"Demand":6,"DemandMax":null,"Value":159},{"Length":125,"Height":1,"Demand":3,"DemandMax":null,"Value":125},{"Length":2,"Height":75,"Demand":1,"DemandMax":null,"Value":150},{"Length":72,"Height":2,"Demand":19,"DemandMax":null,"Value":144},{"Length":2,"Height":83,"Demand":1,"DemandMax":null,"Value":166},{"Length":2,"Height":73,"Demand":2,"DemandMax":null,"Value":146},{"Length":128,"Height":1,"Demand":1,"DemandMax":null,"Value":128},{"Length":14,"Height":12,"Demand":5,"DemandMax":null,"Value":168},{"Length":129,"Height":1,"Demand":1,"DemandMax":null,"Value":129},{"Length":70,"Height":2,"Demand":16,"DemandMax":null,"Value":140},{"Length":51,"Height":3,"Demand":7,"DemandMax":null,"Value":153},{"Length":32,"Height":5,"Demand":9,"DemandMax":null,"Value":160},{"Length":6,"Height":27,"Demand":6,"DemandMax":null,"Value":162},{"Length":21,"Height":8,"Demand":4,"DemandMax":null,"Value":168},{"Length":121,"Height":1,"Demand":3,"DemandMax":null,"Value":121},{"Length":31,"Height":5,"Demand":12,"DemandMax":null,"Value":155},{"Length":17,"Height":10,"Demand":2,"DemandMax":null,"Value":170},{"Length":12,"Height":14,"Demand":8,"DemandMax":null,"Value":168},{"Length":23,"Height":7,"Demand":10,"DemandMax":null,"Value":161},{"Length":18,"Height":9,"Demand":7,"DemandMax":null,"Value":162},{"Length":10,"Height":16,"Demand":13,"DemandMax":null,"Value":160},{"Length":15,"Height":11,"Demand":7,"DemandMax":null,"Value":165},{"Length":11,"Height":15,"Demand":3,"DemandMax":null,"Value":165},{"Length":3,"Height":52,"Demand":3,"DemandMax":null,"Value":156},{"Length":71,"Height":2,"Demand":12,"DemandMax":null,"Value":142},{"Length":26,"Height":6,"Demand":2,"DemandMax":null,"Value":156},{"Length":20,"Height":8,"Demand":7,"DemandMax":null,"Value":160},{"Length":7,"Height":23,"Demand":5,"DemandMax":null,"Value":161},{"Length":114,"Height":1,"Demand":3,"DemandMax":null,"Value":114},{"Length":50,"Height":3,"Demand":4,"DemandMax":null,"Value":150},{"Length":8,"Height":20,"Demand":3,"DemandMax":null,"Value":160},{"Length":69,"Height":2,"Demand":10,"DemandMax":null,"Value":138},{"Length":39,"Height":4,"Demand":4,"DemandMax":null,"Value":156},{"Length":4,"Height":38,"Demand":2,"DemandMax":null,"Value":152},{"Length":49,"Height":3,"Demand":11,"DemandMax":null,"Value":147},{"Length":13,"Height":12,"Demand":6,"DemandMax":null,"Value":156},{"Length":106,"Height":2,"Demand":1,"DemandMax":null,"Value":212},{"Length":3,"Height":54,"Demand":4,"DemandMax":null,"Value":162},{"Length":12,"Height":13,"Demand":5,"DemandMax":null,"Value":156},{"Length":3,"Height":49,"Demand":4,"DemandMax":null,"Value":147},{"Length":2,"Height":94,"Demand":1,"DemandMax":null,"Value":188},{"Length":112,"Height":1,"Demand":4,"DemandMax":null,"Value":112},{"Length":48,"Height":3,"Demand":14,"DemandMax":null,"Value":144},{"Length":68,"Height":2,"Demand":21,"DemandMax":null,"Value":136},{"Length":30,"Height":5,"Demand":11,"DemandMax":null,"Value":150},{"Length":8,"Height":21,"Demand":1,"DemandMax":null,"Value":168},{"Length":7,"Height":22,"Demand":5,"DemandMax":null,"Value":154},{"Length":25,"Height":6,"Demand":14,"DemandMax":null,"Value":150},{"Length":3,"Height":50,"Demand":2,"DemandMax":null,"Value":150},{"Length":8,"Height":19,"Demand":4,"DemandMax":null,"Value":152},{"Length":4,"Height":39,"Demand":4,"DemandMax":null,"Value":156},{"Length":11,"Height":14,"Demand":7,"DemandMax":null,"Value":154},{"Length":46,"Height":3,"Demand":6,"DemandMax":null,"Value":138},{"Length":16,"Height":10,"Demand":4,"DemandMax":null,"Value":160},{"Length":22,"Height":7,"Demand":8,"DemandMax":null,"Value":154},{"Length":36,"Height":4,"Demand":9,"DemandMax":null,"Value":144},{"Length":38,"Height":4,"Demand":2,"DemandMax":null,"Value":152},{"Length":116,"Height":1,"Demand":3,"DemandMax":null,"Value":116},{"Length":109,"Height":1,"Demand":4,"DemandMax":null,"Value":109},{"Length":9,"Height":18,"Demand":2,"DemandMax":null,"Value":162},{"Length":66,"Height":2,"Demand":14,"DemandMax":null,"Value":132},{"Length":19,"Height":8,"Demand":7,"DemandMax":null,"Value":152},{"Length":110,"Height":1,"Demand":3,"DemandMax":null,"Value":110},{"Length":5,"Height":29,"Demand":7,"DemandMax":null,"Value":145},{"Length":118,"Height":1,"Demand":2,"DemandMax":null,"Value":118},{"Length":6,"Height":26,"Demand":3,"DemandMax":null,"Value":156},{"Length":10,"Height":15,"Demand":11,"DemandMax":null,"Value":150},{"Length":5,"Height":30,"Demand":4,"DemandMax":null,"Value":150},{"Length":108,"Height":1,"Demand":3,"DemandMax":null,"Value":108},{"Length":27,"Height":6,"Demand":4,"DemandMax":null,"Value":162},{"Length":5,"Height":31,"Demand":6,"DemandMax":null,"Value":155},{"Length":14,"Height":11,"Demand":4,"DemandMax":null,"Value":154},{"Length":17,"Height":9,"Demand":5,"DemandMax":null,"Value":153},{"Length":106,"Height":1,"Demand":7,"DemandMax":null,"Value":106},{"Length":5,"Height":32,"Demand":3,"DemandMax":null,"Value":160},{"Length":37,"Height":4,"Demand":6,"DemandMax":null,"Value":148},{"Length":29,"Height":5,"Demand":4,"DemandMax":null,"Value":145},{"Length":107,"Height":1,"Demand":2,"DemandMax":null,"Value":107},{"Length":35,"Height":4,"Demand":9,"DemandMax":null,"Value":140},{"Length":24,"Height":6,"Demand":10,"DemandMax":null,"Value":144},{"Length":3,"Height":58,"Demand":1,"DemandMax":null,"Value":174},{"Length":3,"Height":45,"Demand":10,"DemandMax":null,"Value":135},{"Length":18,"Height":8,"Demand":12,"DemandMax":null,"Value":144},{"Length":6,"Height":25,"Demand":4,"DemandMax":null,"Value":150},{"Length":15,"Height":10,"Demand":8,"DemandMax":null,"Value":150},{"Length":2,"Height":62,"Demand":6,"DemandMax":null,"Value":124},{"Length":21,"Height":7,"Demand":10,"DemandMax":null,"Value":147},{"Length":13,"Height":11,"Demand":11,"DemandMax":null,"Value":143},{"Length":5,"Height":28,"Demand":7,"DemandMax":null,"Value":140},{"Length":1,"Height":112,"Demand":2,"DemandMax":null,"Value":112},{"Length":7,"Height":21,"Demand":5,"DemandMax":null,"Value":147},{"Length":9,"Height":17,"Demand":1,"DemandMax":null,"Value":153},{"Length":28,"Height":5,"Demand":4,"DemandMax":null,"Value":140},{"Length":7,"Height":20,"Demand":4,"DemandMax":null,"Value":140},{"Length":34,"Height":4,"Demand":10,"DemandMax":null,"Value":136},{"Length":65,"Height":2,"Demand":15,"DemandMax":null,"Value":130},{"Length":62,"Height":2,"Demand":15,"DemandMax":null,"Value":124},{"Length":4,"Height":37,"Demand":4,"DemandMax":null,"Value":148},{"Length":16,"Height":9,"Demand":10,"DemandMax":null,"Value":144},{"Length":2,"Height":74,"Demand":4,"DemandMax":null,"Value":148},{"Length":40,"Height":4,"Demand":2,"DemandMax":null,"Value":160},{"Length":11,"Height":13,"Demand":10,"DemandMax":null,"Value":143},{"Length":10,"Height":14,"Demand":11,"DemandMax":null,"Value":140},{"Length":23,"Height":6,"Demand":7,"DemandMax":null,"Value":138},{"Length":8,"Height":18,"Demand":2,"DemandMax":null,"Value":144},{"Length":60,"Height":2,"Demand":15,"DemandMax":null,"Value":120},{"Length":6,"Height":23,"Demand":7,"DemandMax":null,"Value":138},{"Length":45,"Height":3,"Demand":18,"DemandMax":null,"Value":135},{"Length":14,"Height":10,"Demand":7,"DemandMax":null,"Value":140},{"Length":3,"Height":51,"Demand":3,"DemandMax":null,"Value":153},{"Length":33,"Height":4,"Demand":13,"DemandMax":null,"Value":132},{"Length":17,"Height":8,"Demand":4,"DemandMax":null,"Value":136},{"Length":2,"Height":64,"Demand":7,"DemandMax":null,"Value":128},{"Length":42,"Height":3,"Demand":20,"DemandMax":null,"Value":126},{"Length":2,"Height":65,"Demand":4,"DemandMax":null,"Value":130},{"Length":20,"Height":7,"Demand":9,"DemandMax":null,"Value":140},{"Length":97,"Height":1,"Demand":5,"DemandMax":null,"Value":97},{"Length":4,"Height":35,"Demand":4,"DemandMax":null,"Value":140},{"Length":8,"Height":17,"Demand":8,"DemandMax":null,"Value":136},{"Length":15,"Height":9,"Demand":13,"DemandMax":null,"Value":135},{"Length":9,"Height":16,"Demand":6,"DemandMax":null,"Value":144},{"Length":22,"Height":6,"Demand":13,"DemandMax":null,"Value":132},{"Length":41,"Height":3,"Demand":21,"DemandMax":null,"Value":123},{"Length":26,"Height":5,"Demand":10,"DemandMax":null,"Value":130},{"Length":96,"Height":1,"Demand":3,"DemandMax":null,"Value":96},{"Length":47,"Height":3,"Demand":8,"DemandMax":null,"Value":141},{"Length":9,"Height":15,"Demand":9,"DemandMax":null,"Value":135},{"Length":12,"Height":12,"Demand":5,"DemandMax":null,"Value":144},{"Length":6,"Height":24,"Demand":1,"DemandMax":null,"Value":144},{"Length":6,"Height":22,"Demand":3,"DemandMax":null,"Value":132},{"Length":19,"Height":7,"Demand":17,"DemandMax":null,"Value":133},{"Length":2,"Height":86,"Demand":1,"DemandMax":null,"Value":172},{"Length":4,"Height":36,"Demand":5,"DemandMax":null,"Value":144},{"Length":12,"Height":11,"Demand":13,"DemandMax":null,"Value":132},{"Length":7,"Height":19,"Demand":6,"DemandMax":null,"Value":133},{"Length":101,"Height":1,"Demand":3,"DemandMax":null,"Value":101},{"Length":117,"Height":1,"Demand":1,"DemandMax":null,"Value":117},{"Length":56,"Height":2,"Demand":10,"DemandMax":null,"Value":112},{"Length":2,"Height":56,"Demand":2,"DemandMax":null,"Value":112},{"Length":40,"Height":3,"Demand":12,"DemandMax":null,"Value":120},{"Length":27,"Height":5,"Demand":5,"DemandMax":null,"Value":135},{"Length":61,"Height":2,"Demand":18,"DemandMax":null,"Value":122},{"Length":11,"Height":12,"Demand":12,"DemandMax":null,"Value":132},{"Length":10,"Height":13,"Demand":12,"DemandMax":null,"Value":130},{"Length":4,"Height":31,"Demand":5,"DemandMax":null,"Value":124},{"Length":44,"Height":3,"Demand":5,"DemandMax":null,"Value":132},{"Length":63,"Height":2,"Demand":14,"DemandMax":null,"Value":126},{"Length":67,"Height":2,"Demand":11,"DemandMax":null,"Value":134},{"Length":21,"Height":6,"Demand":7,"DemandMax":null,"Value":126},{"Length":102,"Height":1,"Demand":6,"DemandMax":null,"Value":102},{"Length":3,"Height":40,"Demand":6,"DemandMax":null,"Value":120},{"Length":59,"Height":2,"Demand":8,"DemandMax":null,"Value":118},{"Length":31,"Height":4,"Demand":19,"DemandMax":null,"Value":124},{"Length":55,"Height":2,"Demand":12,"DemandMax":null,"Value":110},{"Length":43,"Height":3,"Demand":12,"DemandMax":null,"Value":129},{"Length":57,"Height":2,"Demand":14,"DemandMax":null,"Value":114},{"Length":3,"Height":47,"Demand":5,"DemandMax":null,"Value":141},{"Length":4,"Height":34,"Demand":5,"DemandMax":null,"Value":136},{"Length":25,"Height":5,"Demand":15,"DemandMax":null,"Value":125},{"Length":5,"Height":27,"Demand":8,"DemandMax":null,"Value":135},{"Length":3,"Height":46,"Demand":1,"DemandMax":null,"Value":138},{"Length":5,"Height":26,"Demand":10,"DemandMax":null,"Value":130},{"Length":3,"Height":42,"Demand":4,"DemandMax":null,"Value":126},{"Length":3,"Height":44,"Demand":3,"DemandMax":null,"Value":132},{"Length":2,"Height":89,"Demand":1,"DemandMax":null,"Value":178},{"Length":14,"Height":9,"Demand":10,"DemandMax":null,"Value":126},{"Length":4,"Height":33,"Demand":4,"DemandMax":null,"Value":132},{"Length":13,"Height":10,"Demand":9,"DemandMax":null,"Value":130},{"Length":91,"Height":1,"Demand":6,"DemandMax":null,"Value":91},{"Length":3,"Height":39,"Demand":6,"DemandMax":null,"Value":117},{"Length":1,"Height":106,"Demand":2,"DemandMax":null,"Value":106},{"Length":32,"Height":4,"Demand":15,"DemandMax":null,"Value":128},{"Length":16,"Height":8,"Demand":8,"DemandMax":null,"Value":128},{"Length":8,"Height":16,"Demand":4,"DemandMax":null,"Value":128},{"Length":18,"Height":7,"Demand":9,"DemandMax":null,"Value":126},{"Length":104,"Height":1,"Demand":5,"DemandMax":null,"Value":104},{"Length":2,"Height":60,"Demand":5,"DemandMax":null,"Value":120},{"Length":38,"Height":3,"Demand":21,"DemandMax":null,"Value":114},{"Length":3,"Height":41,"Demand":9,"DemandMax":null,"Value":123},{"Length":5,"Height":25,"Demand":7,"DemandMax":null,"Value":125},{"Length":53,"Height":2,"Demand":20,"DemandMax":null,"Value":106},{"Length":9,"Height":14,"Demand":14,"DemandMax":null,"Value":126},{"Length":98,"Height":1,"Demand":5,"DemandMax":null,"Value":98},{"Length":94,"Height":1,"Demand":10,"DemandMax":null,"Value":94},{"Length":6,"Height":20,"Demand":11,"DemandMax":null,"Value":120},{"Length":24,"Height":5,"Demand":22,"DemandMax":null,"Value":120},{"Length":7,"Height":18,"Demand":3,"DemandMax":null,"Value":126},{"Length":58,"Height":2,"Demand":13,"DemandMax":null,"Value":116},{"Length":100,"Height":1,"Demand":6,"DemandMax":null,"Value":100},{"Length":3,"Height":48,"Demand":4,"DemandMax":null,"Value":144},{"Length":7,"Height":17,"Demand":16,"DemandMax":null,"Value":119},{"Length":6,"Height":21,"Demand":5,"DemandMax":null,"Value":126},{"Length":93,"Height":1,"Demand":4,"DemandMax":null,"Value":93},{"Length":52,"Height":2,"Demand":11,"DemandMax":null,"Value":104},{"Length":30,"Height":4,"Demand":22,"DemandMax":null,"Value":120},{"Length":15,"Height":8,"Demand":16,"DemandMax":null,"Value":120},{"Length":39,"Height":3,"Demand":14,"DemandMax":null,"Value":117},{"Length":29,"Height":4,"Demand":11,"DemandMax":null,"Value":116},{"Length":2,"Height":54,"Demand":5,"DemandMax":null,"Value":108},{"Length":4,"Height":30,"Demand":4,"DemandMax":null,"Value":120},{"Length":3,"Height":43,"Demand":1,"DemandMax":null,"Value":129},{"Length":20,"Height":6,"Demand":25,"DemandMax":null,"Value":120},{"Length":3,"Height":37,"Demand":8,"DemandMax":null,"Value":111},{"Length":17,"Height":7,"Demand":24,"DemandMax":null,"Value":119},{"Length":2,"Height":72,"Demand":3,"DemandMax":null,"Value":144},{"Length":111,"Height":1,"Demand":2,"DemandMax":null,"Value":111},{"Length":88,"Height":1,"Demand":3,"DemandMax":null,"Value":88},{"Length":4,"Height":28,"Demand":16,"DemandMax":null,"Value":112},{"Length":19,"Height":6,"Demand":27,"DemandMax":null,"Value":114},{"Length":87,"Height":1,"Demand":1,"DemandMax":null,"Value":87},{"Length":2,"Height":57,"Demand":7,"DemandMax":null,"Value":114},{"Length":11,"Height":11,"Demand":8,"DemandMax":null,"Value":121},{"Length":9,"Height":13,"Demand":20,"DemandMax":null,"Value":117},{"Length":51,"Height":2,"Demand":10,"DemandMax":null,"Value":102},{"Length":64,"Height":2,"Demand":6,"DemandMax":null,"Value":128},{"Length":92,"Height":1,"Demand":3,"DemandMax":null,"Value":92},{"Length":10,"Height":12,"Demand":18,"DemandMax":null,"Value":120},{"Length":28,"Height":4,"Demand":17,"DemandMax":null,"Value":112},{"Length":89,"Height":1,"Demand":2,"DemandMax":null,"Value":89},{"Length":2,"Height":50,"Demand":9,"DemandMax":null,"Value":100},{"Length":13,"Height":9,"Demand":16,"DemandMax":null,"Value":117},{"Length":23,"Height":5,"Demand":19,"DemandMax":null,"Value":115},{"Length":50,"Height":2,"Demand":10,"DemandMax":null,"Value":100},{"Length":1,"Height":86,"Demand":1,"DemandMax":null,"Value":86},{"Length":4,"Height":29,"Demand":13,"DemandMax":null,"Value":116},{"Length":36,"Height":3,"Demand":16,"DemandMax":null,"Value":108},{"Length":4,"Height":32,"Demand":5,"DemandMax":null,"Value":128},{"Length":8,"Height":15,"Demand":13,"DemandMax":null,"Value":120},{"Length":5,"Height":24,"Demand":3,"DemandMax":null,"Value":120},{"Length":6,"Height":19,"Demand":13,"DemandMax":null,"Value":114},{"Length":83,"Height":1,"Demand":4,"DemandMax":null,"Value":83},{"Length":35,"Height":3,"Demand":14,"DemandMax":null,"Value":105},{"Length":3,"Height":36,"Demand":6,"DemandMax":null,"Value":108},{"Length":1,"Height":89,"Demand":1,"DemandMax":null,"Value":89},{"Length":11,"Height":10,"Demand":23,"DemandMax":null,"Value":110},{"Length":27,"Height":4,"Demand":16,"DemandMax":null,"Value":108},{"Length":4,"Height":27,"Demand":8,"DemandMax":null,"Value":108},{"Length":49,"Height":2,"Demand":8,"DemandMax":null,"Value":98},{"Length":14,"Height":8,"Demand":26,"DemandMax":null,"Value":112},{"Length":22,"Height":5,"Demand":19,"DemandMax":null,"Value":110},{"Length":12,"Height":10,"Demand":5,"DemandMax":null,"Value":120},{"Length":16,"Height":7,"Demand":21,"DemandMax":null,"Value":112},{"Length":3,"Height":34,"Demand":3,"DemandMax":null,"Value":102},{"Length":5,"Height":22,"Demand":9,"DemandMax":null,"Value":110},{"Length":34,"Height":3,"Demand":10,"DemandMax":null,"Value":102},{"Length":103,"Height":1,"Demand":6,"DemandMax":null,"Value":103},{"Length":2,"Height":48,"Demand":5,"DemandMax":null,"Value":96},{"Length":37,"Height":3,"Demand":9,"DemandMax":null,"Value":111},{"Length":6,"Height":18,"Demand":13,"DemandMax":null,"Value":108},{"Length":26,"Height":4,"Demand":11,"DemandMax":null,"Value":104},{"Length":105,"Height":1,"Demand":1,"DemandMax":null,"Value":105},{"Length":18,"Height":6,"Demand":23,"DemandMax":null,"Value":108},{"Length":8,"Height":14,"Demand":13,"DemandMax":null,"Value":112},{"Length":5,"Height":23,"Demand":4,"DemandMax":null,"Value":115},{"Length":47,"Height":2,"Demand":10,"DemandMax":null,"Value":94},{"Length":2,"Height":66,"Demand":1,"DemandMax":null,"Value":132},{"Length":9,"Height":12,"Demand":19,"DemandMax":null,"Value":108},{"Length":54,"Height":2,"Demand":10,"DemandMax":null,"Value":108},{"Length":10,"Height":11,"Demand":17,"DemandMax":null,"Value":110},{"Length":7,"Height":16,"Demand":10,"DemandMax":null,"Value":112},{"Length":33,"Height":3,"Demand":19,"DemandMax":null,"Value":99},{"Length":2,"Height":46,"Demand":2,"DemandMax":null,"Value":92},{"Length":48,"Height":2,"Demand":8,"DemandMax":null,"Value":96},{"Length":46,"Height":2,"Demand":6,"DemandMax":null,"Value":92},{"Length":21,"Height":5,"Demand":16,"DemandMax":null,"Value":105},{"Length":78,"Height":1,"Demand":3,"DemandMax":null,"Value":78},{"Length":12,"Height":9,"Demand":26,"DemandMax":null,"Value":108},{"Length":7,"Height":15,"Demand":15,"DemandMax":null,"Value":105},{"Length":1,"Height":88,"Demand":1,"DemandMax":null,"Value":88},{"Length":1,"Height":95,"Demand":1,"DemandMax":null,"Value":95},{"Length":4,"Height":26,"Demand":8,"DemandMax":null,"Value":104},{"Length":13,"Height":8,"Demand":12,"DemandMax":null,"Value":104},{"Length":82,"Height":1,"Demand":4,"DemandMax":null,"Value":82},{"Length":80,"Height":1,"Demand":2,"DemandMax":null,"Value":80},{"Length":77,"Height":1,"Demand":5,"DemandMax":null,"Value":77},{"Length":5,"Height":20,"Demand":11,"DemandMax":null,"Value":100},{"Length":17,"Height":6,"Demand":25,"DemandMax":null,"Value":102},{"Length":1,"Height":84,"Demand":2,"DemandMax":null,"Value":84},{"Length":25,"Height":4,"Demand":8,"DemandMax":null,"Value":100},{"Length":20,"Height":5,"Demand":16,"DemandMax":null,"Value":100},{"Length":75,"Height":1,"Demand":4,"DemandMax":null,"Value":75},{"Length":4,"Height":25,"Demand":6,"DemandMax":null,"Value":100},{"Length":1,"Height":93,"Demand":2,"DemandMax":null,"Value":93},{"Length":79,"Height":1,"Demand":3,"DemandMax":null,"Value":79},{"Length":2,"Height":47,"Demand":3,"DemandMax":null,"Value":94},{"Length":45,"Height":2,"Demand":1,"DemandMax":null,"Value":90},{"Length":15,"Height":7,"Demand":13,"DemandMax":null,"Value":105},{"Length":2,"Height":53,"Demand":4,"DemandMax":null,"Value":106},{"Length":32,"Height":3,"Demand":4,"DemandMax":null,"Value":96},{"Length":8,"Height":13,"Demand":16,"DemandMax":null,"Value":104},{"Length":3,"Height":38,"Demand":1,"DemandMax":null,"Value":114},{"Length":81,"Height":1,"Demand":2,"DemandMax":null,"Value":81},{"Length":3,"Height":33,"Demand":3,"DemandMax":null,"Value":99},{"Length":5,"Height":21,"Demand":1,"DemandMax":null,"Value":105},{"Length":2,"Height":45,"Demand":2,"DemandMax":null,"Value":90},{"Length":10,"Height":10,"Demand":9,"DemandMax":null,"Value":100},{"Length":2,"Height":68,"Demand":1,"DemandMax":null,"Value":136},{"Length":3,"Height":32,"Demand":2,"DemandMax":null,"Value":96},{"Length":24,"Height":4,"Demand":2,"DemandMax":null,"Value":96},{"Length":90,"Height":1,"Demand":1,"DemandMax":null,"Value":90},{"Length":44,"Height":2,"Demand":5,"DemandMax":null,"Value":88},{"Length":73,"Height":1,"Demand":3,"DemandMax":null,"Value":73},{"Length":6,"Height":17,"Demand":9,"DemandMax":null,"Value":102},{"Length":74,"Height":1,"Demand":1,"DemandMax":null,"Value":74},{"Length":11,"Height":9,"Demand":7,"DemandMax":null,"Value":99},{"Length":72,"Height":1,"Demand":5,"DemandMax":null,"Value":72},{"Length":31,"Height":3,"Demand":8,"DemandMax":null,"Value":93},{"Length":2,"Height":49,"Demand":1,"DemandMax":null,"Value":98},{"Length":2,"Height":58,"Demand":2,"DemandMax":null,"Value":116},{"Length":43,"Height":2,"Demand":3,"DemandMax":null,"Value":86},{"Length":14,"Height":7,"Demand":7,"DemandMax":null,"Value":98},{"Length":95,"Height":1,"Demand":3,"DemandMax":null,"Value":95},{"Length":19,"Height":5,"Demand":9,"DemandMax":null,"Value":95},{"Length":1,"Height":92,"Demand":1,"DemandMax":null,"Value":92},{"Length":9,"Height":11,"Demand":5,"DemandMax":null,"Value":99},{"Length":3,"Height":31,"Demand":1,"DemandMax":null,"Value":93},{"Length":4,"Height":24,"Demand":2,"DemandMax":null,"Value":96},{"Length":71,"Height":1,"Demand":1,"DemandMax":null,"Value":71},{"Length":16,"Height":6,"Demand":10,"DemandMax":null,"Value":96},{"Length":6,"Height":16,"Demand":4,"DemandMax":null,"Value":96},{"Length":2,"Height":52,"Demand":3,"DemandMax":null,"Value":104},{"Length":70,"Height":1,"Demand":3,"DemandMax":null,"Value":70},{"Length":4,"Height":23,"Demand":4,"DemandMax":null,"Value":92},{"Length":30,"Height":3,"Demand":5,"DemandMax":null,"Value":90},{"Length":41,"Height":2,"Demand":2,"DemandMax":null,"Value":82},{"Length":13,"Height":7,"Demand":5,"DemandMax":null,"Value":91},{"Length":12,"Height":8,"Demand":5,"DemandMax":null,"Value":96},{"Length":4,"Height":22,"Demand":3,"DemandMax":null,"Value":88},{"Length":7,"Height":14,"Demand":1,"DemandMax":null,"Value":98},{"Length":3,"Height":29,"Demand":1,"DemandMax":null,"Value":87},{"Length":84,"Height":1,"Demand":2,"DemandMax":null,"Value":84},{"Length":9,"Height":10,"Demand":7,"DemandMax":null,"Value":90},{"Length":68,"Height":1,"Demand":1,"DemandMax":null,"Value":68},{"Length":6,"Height":15,"Demand":6,"DemandMax":null,"Value":90},{"Length":38,"Height":2,"Demand":3,"DemandMax":null,"Value":76},{"Length":7,"Height":13,"Demand":4,"DemandMax":null,"Value":91},{"Length":27,"Height":3,"Demand":3,"DemandMax":null,"Value":81},{"Length":17,"Height":5,"Demand":2,"DemandMax":null,"Value":85},{"Length":66,"Height":1,"Demand":1,"DemandMax":null,"Value":66},{"Length":3,"Height":30,"Demand":2,"DemandMax":null,"Value":90},{"Length":5,"Height":17,"Demand":2,"DemandMax":null,"Value":85},{"Length":18,"Height":5,"Demand":4,"DemandMax":null,"Value":90},{"Length":6,"Height":14,"Demand":3,"DemandMax":null,"Value":84},{"Length":15,"Height":6,"Demand":5,"DemandMax":null,"Value":90},{"Length":42,"Height":2,"Demand":3,"DemandMax":null,"Value":84},{"Length":4,"Height":20,"Demand":2,"DemandMax":null,"Value":80},{"Length":10,"Height":9,"Demand":4,"DemandMax":null,"Value":90},{"Length":3,"Height":26,"Demand":1,"DemandMax":null,"Value":78},{"Length":22,"Height":4,"Demand":1,"DemandMax":null,"Value":88},{"Length":36,"Height":2,"Demand":2,"DemandMax":null,"Value":72},{"Length":12,"Height":7,"Demand":6,"DemandMax":null,"Value":84},{"Length":8,"Height":11,"Demand":2,"DemandMax":null,"Value":88},{"Length":20,"Height":4,"Demand":2,"DemandMax":null,"Value":80},{"Length":3,"Height":35,"Demand":1,"DemandMax":null,"Value":105},{"Length":16,"Height":5,"Demand":1,"DemandMax":null,"Value":80},{"Length":8,"Height":10,"Demand":1,"DemandMax":null,"Value":80},{"Length":14,"Height":6,"Demand":2,"DemandMax":null,"Value":84},{"Length":28,"Height":3,"Demand":1,"DemandMax":null,"Value":84},{"Length":39,"Height":2,"Demand":2,"DemandMax":null,"Value":78},{"Length":13,"Height":6,"Demand":1,"DemandMax":null,"Value":78},{"Length":2,"Height":38,"Demand":1,"DemandMax":null,"Value":76},{"Length":4,"Height":19,"Demand":1,"DemandMax":null,"Value":76},{"Length":11,"Height":8,"Demand":1,"DemandMax":null,"Value":88},{"Length":35,"Height":2,"Demand":1,"DemandMax":null,"Value":70}]}