{"Name":"path6","Objects":[{"Length":1000,"Height":1000,"Stock":null,"Cost":1000000}],"Items":[{"Length":219,"Height":114,"Demand":1,"DemandMax":null,"Value":24966},{"Length":173,"Height":118,"Demand":1,"DemandMax":null,"Value":20414},{"Length":173,"Height":114,"Demand":1,"DemandMax":null,"Value":19722},{"Length":392,"Height":41,"Demand":1,"DemandMax":null,"Value":16072},{"Length":123,"Height":93,"Demand":1,"DemandMax":null,"Value":11439},{"Length":70,"Height":89,"Demand":1,"DemandMax":null,"Value":6230},{"Length":46,"Height":132,"Demand":1,"DemandMax":null,"Value":6072},{"Length":121,"Height":50,"Demand":1,"DemandMax":null,"Value":6050},{"Length":83,"Height":64,"Demand":1,"DemandMax":null,"Value":5312},{"Length":87,"Height":55,"Demand":1,"DemandMax":null,"Value":4785},{"Length":86,"Height":54,"Demand":1,"DemandMax":null,"Value":4644},{"Length":22,"Height":200,"Demand":1,"DemandMax":null,"Value":4400},{"Length":38,"Height":111,"Demand":1,"DemandMax":null,"Value":4218},{"Length":38,"Height":107,"Demand":1,"DemandMax":null,"Value":4066},{"Length":59,"Height":66,"Demand":1,"DemandMax":null,"Value":3894},{"Length":185,"Height":18,"Demand":1,"DemandMax":null,"Value":3330},{"Length":90,"Height":37,"Demand":1,"DemandMax":null,"Value":3330},{"Length":18,"Height":184,"Demand":1,"DemandMax":null,"Value":3312},{"Length":83,"Height":37,"Demand":1,"DemandMax":null,"Value":3071},{"Length":46,"Height":66,"Demand":1,"DemandMax":null,"Value":3036},{"Length":38,"Height":78,"Demand":1,"DemandMax":null,"Value":2964},{"Length":9,"Height":318,"Demand":1,"DemandMax":null,"Value":2862},{"Length":67,"Height":40,"Demand":1,"DemandMax":null,"Value":2680},{"Length":22,"Height":118,"Demand":1,"DemandMax":null,"Value":2596},{"Length":34,"Height":71,"Demand":1,"DemandMax":null,"Value":2414},{"Length":223,"Height":10,"Demand":1,"DemandMax":null,"Value":2230},{"Length":400,"Height":6,"Demand":1,"DemandMax":null,"Value":2400},{"Length":9,"Height":239,"Demand":1,"DemandMax":null,"Value":2151},{"Length":17,"Height":127,"Demand":1,"DemandMax":null,"Value":2159},{"Length":7,"Height":318,"Demand":1,"DemandMax":null,"Value":2226},{"Length":209,"Height":10,"Demand":1,"DemandMax":null,"Value":2090},{"Length":37,"Height":55,"Demand":1,"DemandMax":null,"Value":2035},{"Length":61,"Height":32,"Demand":1,"DemandMax":null,"Value":1952},{"Length":121,"Height":16,"Demand":1,"DemandMax":null,"Value":1936},{"Length":31,"Height":56,"Demand":1,"DemandMax":null,"Value":1736},{"Length":8,"Height":201,"Demand":1,"DemandMax":null,"Value":1608},{"Length":100,"Height":17,"Demand":1,"DemandMax":null,"Value":1700},{"Length":5,"Height":362,"Demand":1,"DemandMax":null,"Value":1810},{"Length":115,"Height":14,"Demand":1,"DemandMax":null,"Value":1610},{"Length":38,"Height":42,"Demand":1,"DemandMax":null,"Value":1596},{"Length":12,"Height":132,"Demand":1,"DemandMax":null,"Value":1584},{"Length":226,"Height":7,"Demand":1,"DemandMax":null,"Value":1582},{"Length":15,"Height":102,"Demand":1,"DemandMax":null,"Value":1530},{"Length":166,"Height":9,"Demand":1,"DemandMax":null,"Value":1494},{"Length":321,"Height":5,"Demand":1,"DemandMax":null,"Value":1605},{"Length":41,"Height":36,"Demand":1,"DemandMax":null,"Value":1476},{"Length":65,"Height":23,"Demand":1,"DemandMax":null,"Value":1495},{"Length":236,"Height":6,"Demand":1,"DemandMax":null,"Value":1416},{"Length":11,"Height":132,"Demand":1,"DemandMax":null,"Value":1452},{"Length":215,"Height":7,"Demand":1,"DemandMax":null,"Value":1505},{"Length":8,"Height":184,"Demand":1,"DemandMax":null,"Value":1472},{"Length":39,"Height":36,"Demand":1,"DemandMax":null,"Value":1404},{"Length":23,"Height":58,"Demand":2,"DemandMax":null,"Value":1334},{"Length":51,"Height":26,"Demand":1,"DemandMax":null,"Value":1326},{"Length":14,"Height":92,"Demand":1,"DemandMax":null,"Value":1288},{"Length":27,"Height":48,"Demand":1,"DemandMax":null,"Value":1296},{"Length":43,"Height":30,"Demand":1,"DemandMax":null,"Value":1290},{"Length":30,"Height":42,"Demand":1,"DemandMax":null,"Value":1260},{"Length":56,"Height":22,"Demand":1,"DemandMax":null,"Value":1232},{"Length":154,"Height":8,"Demand":1,"DemandMax":null,"Value":1232},{"Length":28,"Height":44,"Demand":1,"DemandMax":null,"Value":1232},{"Length":108,"Height":11,"Demand":2,"DemandMax":null,"Value":1188},{"Length":193,"Height":6,"Demand":1,"DemandMax":null,"Value":1158},{"Length":10,"Height":127,"Demand":1,"DemandMax":null,"Value":1270},{"Length":161,"Height":8,"Demand":1,"DemandMax":null,"Value":1288},{"Length":23,"Height":52,"Demand":1,"DemandMax":null,"Value":1196},{"Length":123,"Height":10,"Demand":1,"DemandMax":null,"Value":1230},{"Length":50,"Height":24,"Demand":1,"DemandMax":null,"Value":1200},{"Length":157,"Height":8,"Demand":1,"DemandMax":null,"Value":1256},{"Length":153,"Height":8,"Demand":1,"DemandMax":null,"Value":1224},{"Length":30,"Height":40,"Demand":1,"DemandMax":null,"Value":1200},{"Length":26,"Height":46,"Demand":1,"DemandMax":null,"Value":1196},{"Length":9,"Height":128,"Demand":1,"DemandMax":null,"Value":1152},{"Length":174,"Height":7,"Demand":1,"DemandMax":null,"Value":1218},{"Length":164,"Height":7,"Demand":1,"DemandMax":null,"Value":1148},{"Length":34,"Height":36,"Demand":1,"DemandMax":null,"Value":1224},{"Length":230,"Height":5,"Demand":4,"DemandMax":null,"Value":1150},{"Length":6,"Height":207,"Demand":1,"DemandMax":null,"Value":1242},{"Length":159,"Height":8,"Demand":1,"DemandMax":null,"Value":1272},{"Length":5,"Height":256,"Demand":1,"DemandMax":null,"Value":1280},{"Length":52,"Height":23,"Demand":1,"DemandMax":null,"Value":1196},{"Length":85,"Height":14,"Demand":1,"DemandMax":null,"Value":1190},{"Length":71,"Height":17,"Demand":1,"DemandMax":null,"Value":1207},{"Length":19,"Height":61,"Demand":3,"DemandMax":null,"Value":1159},{"Length":37,"Height":32,"Demand":1,"DemandMax":null,"Value":1184},{"Length":12,"Height":95,"Demand":2,"DemandMax":null,"Value":1140},{"Length":12,"Height":97,"Demand":1,"DemandMax":null,"Value":1164},{"Length":8,"Height":141,"Demand":2,"DemandMax":null,"Value":1128},{"Length":98,"Height":12,"Demand":1,"DemandMax":null,"Value":1176},{"Length":31,"Height":38,"Demand":2,"DemandMax":null,"Value":1178},{"Length":6,"Height":208,"Demand":2,"DemandMax":null,"Value":1248},{"Length":211,"Height":6,"Demand":1,"DemandMax":null,"Value":1266},{"Length":12,"Height":96,"Demand":1,"DemandMax":null,"Value":1152},{"Length":33,"Height":35,"Demand":3,"DemandMax":null,"Value":1155},{"Length":6,"Height":210,"Demand":1,"DemandMax":null,"Value":1260},{"Length":48,"Height":24,"Demand":1,"DemandMax":null,"Value":1152},{"Length":21,"Height":57,"Demand":1,"DemandMax":null,"Value":1197},{"Length":156,"Height":7,"Demand":2,"DemandMax":null,"Value":1092},{"Length":54,"Height":22,"Demand":1,"DemandMax":null,"Value":1188},{"Length":75,"Height":16,"Demand":1,"DemandMax":null,"Value":1200},{"Length":28,"Height":41,"Demand":1,"DemandMax":null,"Value":1148},{"Length":147,"Height":8,"Demand":1,"DemandMax":null,"Value":1176},{"Length":7,"Height":177,"Demand":1,"DemandMax":null,"Value":1239},{"Length":90,"Height":13,"Demand":2,"DemandMax":null,"Value":1170},{"Length":84,"Height":14,"Demand":2,"DemandMax":null,"Value":1176},{"Length":31,"Height":37,"Demand":1,"DemandMax":null,"Value":1147},{"Length":143,"Height":8,"Demand":1,"DemandMax":null,"Value":1144},{"Length":130,"Height":9,"Demand":1,"DemandMax":null,"Value":1170},{"Length":7,"Height":175,"Demand":1,"DemandMax":null,"Value":1225},{"Length":112,"Height":10,"Demand":1,"DemandMax":null,"Value":1120},{"Length":69,"Height":17,"Demand":1,"DemandMax":null,"Value":1173},{"Length":17,"Height":69,"Demand":2,"DemandMax":null,"Value":1173},{"Length":89,"Height":13,"Demand":1,"DemandMax":null,"Value":1157},{"Length":161,"Height":7,"Demand":1,"DemandMax":null,"Value":1127},{"Length":125,"Height":9,"Demand":1,"DemandMax":null,"Value":1125},{"Length":38,"Height":30,"Demand":1,"DemandMax":null,"Value":1140},{"Length":10,"Height":118,"Demand":2,"DemandMax":null,"Value":1180},{"Length":207,"Height":6,"Demand":1,"DemandMax":null,"Value":1242},{"Length":71,"Height":16,"Demand":2,"DemandMax":null,"Value":1136},{"Length":4,"Height":276,"Demand":1,"DemandMax":null,"Value":1104},{"Length":70,"Height":16,"Demand":2,"DemandMax":null,"Value":1120},{"Length":99,"Height":12,"Demand":1,"DemandMax":null,"Value":1188},{"Length":6,"Height":202,"Demand":1,"DemandMax":null,"Value":1212},{"Length":37,"Height":31,"Demand":1,"DemandMax":null,"Value":1147},{"Length":26,"Height":45,"Demand":1,"DemandMax":null,"Value":1170},{"Length":6,"Height":187,"Demand":2,"DemandMax":null,"Value":1122},{"Length":20,"Height":56,"Demand":1,"DemandMax":null,"Value":1120},{"Length":136,"Height":8,"Demand":2,"DemandMax":null,"Value":1088},{"Length":236,"Height":5,"Demand":2,"DemandMax":null,"Value":1180},{"Length":9,"Height":126,"Demand":1,"DemandMax":null,"Value":1134},{"Length":74,"Height":15,"Demand":2,"DemandMax":null,"Value":1110},{"Length":42,"Height":27,"Demand":1,"DemandMax":null,"Value":1134},{"Length":25,"Height":46,"Demand":2,"DemandMax":null,"Value":1150},{"Length":24,"Height":48,"Demand":1,"DemandMax":null,"Value":1152},{"Length":17,"Height":66,"Demand":2,"DemandMax":null,"Value":1122},{"Length":14,"Height":79,"Demand":1,"DemandMax":null,"Value":1106},{"Length":184,"Height":6,"Demand":1,"DemandMax":null,"Value":1104},{"Length":80,"Height":14,"Demand":1,"DemandMax":null,"Value":1120},{"Length":94,"Height":12,"Demand":1,"DemandMax":null,"Value":1128},{"Length":198,"Height":6,"Demand":1,"DemandMax":null,"Value":1188},{"Length":5,"Height":206,"Demand":1,"DemandMax":null,"Value":1030},{"Length":166,"Height":7,"Demand":1,"DemandMax":null,"Value":1162},{"Length":15,"Height":74,"Demand":1,"DemandMax":null,"Value":1110},{"Length":5,"Height":246,"Demand":1,"DemandMax":null,"Value":1230},{"Length":5,"Height":215,"Demand":1,"DemandMax":null,"Value":1075},{"Length":132,"Height":8,"Demand":3,"DemandMax":null,"Value":1056},{"Length":55,"Height":20,"Demand":1,"DemandMax":null,"Value":1100},{"Length":9,"Height":118,"Demand":1,"DemandMax":null,"Value":1062},{"Length":10,"Height":109,"Demand":1,"DemandMax":null,"Value":1090},{"Length":13,"Height":86,"Demand":1,"DemandMax":null,"Value":1118},{"Length":108,"Height":10,"Demand":1,"DemandMax":null,"Value":1080},{"Length":15,"Height":75,"Demand":1,"DemandMax":null,"Value":1125},{"Length":51,"Height":21,"Demand":1,"DemandMax":null,"Value":1071},{"Length":231,"Height":5,"Demand":1,"DemandMax":null,"Value":1155},{"Length":70,"Height":15,"Demand":1,"DemandMax":null,"Value":1050},{"Length":146,"Height":7,"Demand":1,"DemandMax":null,"Value":1022},{"Length":69,"Height":16,"Demand":2,"DemandMax":null,"Value":1104},{"Length":61,"Height":18,"Demand":1,"DemandMax":null,"Value":1098},{"Length":28,"Height":39,"Demand":1,"DemandMax":null,"Value":1092},{"Length":43,"Height":25,"Demand":1,"DemandMax":null,"Value":1075},{"Length":74,"Height":14,"Demand":2,"DemandMax":null,"Value":1036},{"Length":16,"Height":66,"Demand":1,"DemandMax":null,"Value":1056},{"Length":63,"Height":17,"Demand":1,"DemandMax":null,"Value":1071},{"Length":31,"Height":34,"Demand":1,"DemandMax":null,"Value":1054},{"Length":41,"Height":26,"Demand":1,"DemandMax":null,"Value":1066},{"Length":35,"Height":30,"Demand":1,"DemandMax":null,"Value":1050},{"Length":53,"Height":20,"Demand":1,"DemandMax":null,"Value":1060},{"Length":33,"Height":32,"Demand":1,"DemandMax":null,"Value":1056},{"Length":105,"Height":10,"Demand":1,"DemandMax":null,"Value":1050},{"Length":5,"Height":218,"Demand":1,"DemandMax":null,"Value":1090},{"Length":301,"Height":3,"Demand":1,"DemandMax":null,"Value":903},{"Length":102,"Height":10,"Demand":1,"DemandMax":null,"Value":1020},{"Length":61,"Height":17,"Demand":1,"DemandMax":null,"Value":1037},{"Length":104,"Height":10,"Demand":1,"DemandMax":null,"Value":1040},{"Length":5,"Height":191,"Demand":1,"DemandMax":null,"Value":955},{"Length":84,"Height":12,"Demand":2,"DemandMax":null,"Value":1008},{"Length":246,"Height":4,"Demand":1,"DemandMax":null,"Value":984},{"Length":90,"Height":12,"Demand":1,"DemandMax":null,"Value":1080},{"Length":33,"Height":31,"Demand":1,"DemandMax":null,"Value":1023},{"Length":155,"Height":7,"Demand":1,"DemandMax":null,"Value":1085},{"Length":88,"Height":12,"Demand":1,"DemandMax":null,"Value":1056},{"Length":9,"Height":111,"Demand":1,"DemandMax":null,"Value":999},{"Length":151,"Height":7,"Demand":1,"DemandMax":null,"Value":1057},{"Length":152,"Height":7,"Demand":1,"DemandMax":null,"Value":1064},{"Length":6,"Height":177,"Demand":1,"DemandMax":null,"Value":1062},{"Length":37,"Height":28,"Demand":1,"DemandMax":null,"Value":1036},{"Length":51,"Height":20,"Demand":1,"DemandMax":null,"Value":1020},{"Length":94,"Height":11,"Demand":1,"DemandMax":null,"Value":1034},{"Length":55,"Height":19,"Demand":1,"DemandMax":null,"Value":1045},{"Length":45,"Height":23,"Demand":1,"DemandMax":null,"Value":1035},{"Length":43,"Height":24,"Demand":1,"DemandMax":null,"Value":1032},{"Length":53,"Height":19,"Demand":1,"DemandMax":null,"Value":1007},{"Length":59,"Height":17,"Demand":1,"DemandMax":null,"Value":1003},{"Length":26,"Height":40,"Demand":1,"DemandMax":null,"Value":1040},{"Length":32,"Height":32,"Demand":1,"DemandMax":null,"Value":1024},{"Length":24,"Height":42,"Demand":2,"DemandMax":null,"Value":1008},{"Length":137,"Height":7,"Demand":1,"DemandMax":null,"Value":959},{"Length":123,"Height":8,"Demand":1,"DemandMax":null,"Value":984},{"Length":27,"Height":38,"Demand":1,"DemandMax":null,"Value":1026},{"Length":157,"Height":7,"Demand":1,"DemandMax":null,"Value":1099},{"Length":86,"Height":12,"Demand":1,"DemandMax":null,"Value":1032},{"Length":24,"Height":43,"Demand":1,"DemandMax":null,"Value":1032},{"Length":101,"Height":10,"Demand":2,"DemandMax":null,"Value":1010},{"Length":9,"Height":109,"Demand":1,"DemandMax":null,"Value":981},{"Length":48,"Height":21,"Demand":1,"DemandMax":null,"Value":1008},{"Length":111,"Height":9,"Demand":1,"DemandMax":null,"Value":999},{"Length":33,"Height":30,"Demand":2,"DemandMax":null,"Value":990},{"Length":28,"Height":36,"Demand":1,"DemandMax":null,"Value":1008},{"Length":31,"Height":32,"Demand":2,"DemandMax":null,"Value":992},{"Length":196,"Height":5,"Demand":1,"DemandMax":null,"Value":980},{"Length":24,"Height":41,"Demand":1,"DemandMax":null,"Value":984},{"Length":14,"Height":70,"Demand":1,"DemandMax":null,"Value":980},{"Length":9,"Height":115,"Demand":1,"DemandMax":null,"Value":1035},{"Length":20,"Height":50,"Demand":1,"DemandMax":null,"Value":1000},{"Length":184,"Height":5,"Demand":1,"DemandMax":null,"Value":920},{"Length":60,"Height":17,"Demand":1,"DemandMax":null,"Value":1020},{"Length":49,"Height":21,"Demand":1,"DemandMax":null,"Value":1029},{"Length":4,"Height":225,"Demand":1,"DemandMax":null,"Value":900},{"Length":25,"Height":41,"Demand":1,"DemandMax":null,"Value":1025},{"Length":44,"Height":23,"Demand":1,"DemandMax":null,"Value":1012},{"Length":25,"Height":40,"Demand":1,"DemandMax":null,"Value":1000},{"Length":61,"Height":16,"Demand":1,"DemandMax":null,"Value":976},{"Length":103,"Height":10,"Demand":1,"DemandMax":null,"Value":1030},{"Length":134,"Height":7,"Demand":1,"DemandMax":null,"Value":938},{"Length":10,"Height":99,"Demand":1,"DemandMax":null,"Value":990},{"Length":268,"Height":4,"Demand":1,"DemandMax":null,"Value":1072},{"Length":41,"Height":24,"Demand":1,"DemandMax":null,"Value":984},{"Length":108,"Height":9,"Demand":1,"DemandMax":null,"Value":972},{"Length":69,"Height":14,"Demand":1,"DemandMax":null,"Value":966},{"Length":43,"Height":23,"Demand":2,"DemandMax":null,"Value":989},{"Length":83,"Height":12,"Demand":1,"DemandMax":null,"Value":996},{"Length":46,"Height":22,"Demand":1,"DemandMax":null,"Value":1012},{"Length":33,"Height":29,"Demand":1,"DemandMax":null,"Value":957},{"Length":60,"Height":16,"Demand":2,"DemandMax":null,"Value":960},{"Length":195,"Height":5,"Demand":1,"DemandMax":null,"Value":975},{"Length":6,"Height":175,"Demand":1,"DemandMax":null,"Value":1050},{"Length":15,"Height":65,"Demand":1,"DemandMax":null,"Value":975},{"Length":46,"Height":21,"Demand":1,"DemandMax":null,"Value":966},{"Length":89,"Height":11,"Demand":3,"DemandMax":null,"Value":979},{"Length":153,"Height":6,"Demand":2,"DemandMax":null,"Value":918},{"Length":120,"Height":8,"Demand":2,"DemandMax":null,"Value":960},{"Length":50,"Height":19,"Demand":2,"DemandMax":null,"Value":950},{"Length":28,"Height":35,"Demand":2,"DemandMax":null,"Value":980},{"Length":17,"Height":58,"Demand":1,"DemandMax":null,"Value":986},{"Length":35,"Height":28,"Demand":1,"DemandMax":null,"Value":980},{"Length":71,"Height":14,"Demand":1,"DemandMax":null,"Value":994},{"Length":239,"Height":4,"Demand":1,"DemandMax":null,"Value":956},{"Length":96,"Height":10,"Demand":1,"DemandMax":null,"Value":960},{"Length":32,"Height":30,"Demand":2,"DemandMax":null,"Value":960},{"Length":4,"Height":218,"Demand":1,"DemandMax":null,"Value":872},{"Length":39,"Height":25,"Demand":1,"DemandMax":null,"Value":975},{"Length":106,"Height":9,"Demand":1,"DemandMax":null,"Value":954},{"Length":43,"Height":22,"Demand":1,"DemandMax":null,"Value":946},{"Length":13,"Height":76,"Demand":1,"DemandMax":null,"Value":988},{"Length":172,"Height":6,"Demand":1,"DemandMax":null,"Value":1032},{"Length":136,"Height":7,"Demand":1,"DemandMax":null,"Value":952},{"Length":208,"Height":5,"Demand":1,"DemandMax":null,"Value":1040},{"Length":84,"Height":11,"Demand":2,"DemandMax":null,"Value":924},{"Length":236,"Height":4,"Demand":2,"DemandMax":null,"Value":944},{"Length":17,"Height":57,"Demand":1,"DemandMax":null,"Value":969},{"Length":174,"Height":6,"Demand":1,"DemandMax":null,"Value":1044},{"Length":3,"Height":290,"Demand":1,"DemandMax":null,"Value":870},{"Length":27,"Height":36,"Demand":1,"DemandMax":null,"Value":972},{"Length":214,"Height":4,"Demand":2,"DemandMax":null,"Value":856},{"Length":176,"Height":5,"Demand":1,"DemandMax":null,"Value":880},{"Length":44,"Height":22,"Demand":1,"DemandMax":null,"Value":968},{"Length":3,"Height":301,"Demand":1,"DemandMax":null,"Value":903},{"Length":235,"Height":4,"Demand":1,"DemandMax":null,"Value":940},{"Length":52,"Height":18,"Demand":2,"DemandMax":null,"Value":936},{"Length":15,"Height":66,"Demand":1,"DemandMax":null,"Value":990},{"Length":101,"Height":9,"Demand":2,"DemandMax":null,"Value":909},{"Length":8,"Height":127,"Demand":1,"DemandMax":null,"Value":1016},{"Length":95,"Height":10,"Demand":1,"DemandMax":null,"Value":950},{"Length":102,"Height":9,"Demand":1,"DemandMax":null,"Value":918},{"Length":154,"Height":6,"Demand":1,"DemandMax":null,"Value":924},{"Length":24,"Height":40,"Demand":1,"DemandMax":null,"Value":960},{"Length":200,"Height":5,"Demand":1,"DemandMax":null,"Value":1000},{"Length":6,"Height":169,"Demand":1,"DemandMax":null,"Value":1014},{"Length":66,"Height":14,"Demand":1,"DemandMax":null,"Value":924},{"Length":25,"Height":38,"Demand":1,"DemandMax":null,"Value":950},{"Length":191,"Height":5,"Demand":2,"DemandMax":null,"Value":955},{"Length":275,"Height":3,"Demand":2,"DemandMax":null,"Value":825},{"Length":67,"Height":14,"Demand":1,"DemandMax":null,"Value":938},{"Length":12,"Height":79,"Demand":1,"DemandMax":null,"Value":948},{"Length":28,"Height":34,"Demand":1,"DemandMax":null,"Value":952},{"Length":45,"Height":21,"Demand":1,"DemandMax":null,"Value":945},{"Length":48,"Height":19,"Demand":4,"DemandMax":null,"Value":912},{"Length":203,"Height":5,"Demand":1,"DemandMax":null,"Value":1015},{"Length":21,"Height":45,"Demand":1,"DemandMax":null,"Value":945},{"Length":7,"Height":140,"Demand":1,"DemandMax":null,"Value":980},{"Length":9,"Height":104,"Demand":1,"DemandMax":null,"Value":936},{"Length":29,"Height":33,"Demand":1,"DemandMax":null,"Value":957},{"Length":68,"Height":14,"Demand":1,"DemandMax":null,"Value":952},{"Length":99,"Height":9,"Demand":1,"DemandMax":null,"Value":891},{"Length":74,"Height":13,"Demand":1,"DemandMax":null,"Value":962},{"Length":23,"Height":41,"Demand":1,"DemandMax":null,"Value":943},{"Length":55,"Height":17,"Demand":1,"DemandMax":null,"Value":935},{"Length":61,"Height":15,"Demand":1,"DemandMax":null,"Value":915},{"Length":34,"Height":28,"Demand":1,"DemandMax":null,"Value":952},{"Length":6,"Height":164,"Demand":1,"DemandMax":null,"Value":984},{"Length":79,"Height":12,"Demand":1,"DemandMax":null,"Value":948},{"Length":35,"Height":27,"Demand":1,"DemandMax":null,"Value":945},{"Length":5,"Height":170,"Demand":1,"DemandMax":null,"Value":850},{"Length":109,"Height":9,"Demand":1,"DemandMax":null,"Value":981},{"Length":87,"Height":11,"Demand":1,"DemandMax":null,"Value":957},{"Length":57,"Height":16,"Demand":4,"DemandMax":null,"Value":912},{"Length":88,"Height":11,"Demand":1,"DemandMax":null,"Value":968},{"Length":140,"Height":7,"Demand":1,"DemandMax":null,"Value":980},{"Length":44,"Height":21,"Demand":1,"DemandMax":null,"Value":924},{"Length":16,"Height":58,"Demand":1,"DemandMax":null,"Value":928},{"Length":6,"Height":162,"Demand":1,"DemandMax":null,"Value":972},{"Length":13,"Height":74,"Demand":1,"DemandMax":null,"Value":962},{"Length":19,"Height":48,"Demand":1,"DemandMax":null,"Value":912},{"Length":42,"Height":22,"Demand":1,"DemandMax":null,"Value":924},{"Length":29,"Height":32,"Demand":1,"DemandMax":null,"Value":928},{"Length":210,"Height":4,"Demand":3,"DemandMax":null,"Value":840},{"Length":167,"Height":6,"Demand":1,"DemandMax":null,"Value":1002},{"Length":22,"Height":43,"Demand":1,"DemandMax":null,"Value":946},{"Length":164,"Height":6,"Demand":1,"DemandMax":null,"Value":984},{"Length":7,"Height":141,"Demand":1,"DemandMax":null,"Value":987},{"Length":80,"Height":12,"Demand":1,"DemandMax":null,"Value":960},{"Length":155,"Height":6,"Demand":1,"DemandMax":null,"Value":930},{"Length":5,"Height":178,"Demand":1,"DemandMax":null,"Value":890},{"Length":35,"Height":26,"Demand":1,"DemandMax":null,"Value":910},{"Length":80,"Height":11,"Demand":1,"DemandMax":null,"Value":880},{"Length":17,"Height":55,"Demand":1,"DemandMax":null,"Value":935},{"Length":26,"Height":36,"Demand":1,"DemandMax":null,"Value":936},{"Length":34,"Height":27,"Demand":3,"DemandMax":null,"Value":918},{"Length":37,"Height":25,"Demand":1,"DemandMax":null,"Value":925},{"Length":73,"Height":12,"Demand":1,"DemandMax":null,"Value":876},{"Length":24,"Height":39,"Demand":1,"DemandMax":null,"Value":936},{"Length":148,"Height":6,"Demand":2,"DemandMax":null,"Value":888},{"Length":90,"Height":10,"Demand":1,"DemandMax":null,"Value":900},{"Length":8,"Height":116,"Demand":1,"DemandMax":null,"Value":928},{"Length":4,"Height":249,"Demand":1,"DemandMax":null,"Value":996},{"Length":6,"Height":160,"Demand":1,"DemandMax":null,"Value":960},{"Length":9,"Height":101,"Demand":1,"DemandMax":null,"Value":909},{"Length":207,"Height":4,"Demand":1,"DemandMax":null,"Value":828},{"Length":54,"Height":17,"Demand":2,"DemandMax":null,"Value":918},{"Length":203,"Height":4,"Demand":1,"DemandMax":null,"Value":812},{"Length":272,"Height":3,"Demand":2,"DemandMax":null,"Value":816},{"Length":111,"Height":8,"Demand":1,"DemandMax":null,"Value":888},{"Length":14,"Height":63,"Demand":1,"DemandMax":null,"Value":882},{"Length":43,"Height":21,"Demand":1,"DemandMax":null,"Value":903},{"Length":205,"Height":4,"Demand":3,"DemandMax":null,"Value":820},{"Length":74,"Height":12,"Demand":1,"DemandMax":null,"Value":888},{"Length":68,"Height":13,"Demand":1,"DemandMax":null,"Value":884},{"Length":8,"Height":107,"Demand":1,"DemandMax":null,"Value":856},{"Length":140,"Height":6,"Demand":1,"DemandMax":null,"Value":840},{"Length":21,"Height":43,"Demand":1,"DemandMax":null,"Value":903},{"Length":33,"Height":27,"Demand":1,"DemandMax":null,"Value":891},{"Length":18,"Height":49,"Demand":1,"DemandMax":null,"Value":882},{"Length":92,"Height":10,"Demand":1,"DemandMax":null,"Value":920},{"Length":189,"Height":5,"Demand":1,"DemandMax":null,"Value":945},{"Length":20,"Height":45,"Demand":1,"DemandMax":null,"Value":900},{"Length":31,"Height":29,"Demand":1,"DemandMax":null,"Value":899},{"Length":104,"Height":9,"Demand":1,"DemandMax":null,"Value":936},{"Length":211,"Height":4,"Demand":1,"DemandMax":null,"Value":844},{"Length":6,"Height":155,"Demand":1,"DemandMax":null,"Value":930},{"Length":78,"Height":11,"Demand":1,"DemandMax":null,"Value":858},{"Length":27,"Height":33,"Demand":1,"DemandMax":null,"Value":891},{"Length":50,"Height":18,"Demand":1,"DemandMax":null,"Value":900},{"Length":100,"Height":9,"Demand":1,"DemandMax":null,"Value":900},{"Length":7,"Height":127,"Demand":1,"DemandMax":null,"Value":889},{"Length":16,"Height":57,"Demand":1,"DemandMax":null,"Value":912},{"Length":106,"Height":8,"Demand":2,"DemandMax":null,"Value":848},{"Length":6,"Height":141,"Demand":2,"DemandMax":null,"Value":846},{"Length":32,"Height":27,"Demand":1,"DemandMax":null,"Value":864},{"Length":24,"Height":37,"Demand":1,"DemandMax":null,"Value":888},{"Length":9,"Height":94,"Demand":1,"DemandMax":null,"Value":846},{"Length":39,"Height":23,"Demand":1,"DemandMax":null,"Value":897},{"Length":86,"Height":10,"Demand":1,"DemandMax":null,"Value":860},{"Length":48,"Height":18,"Demand":1,"DemandMax":null,"Value":864},{"Length":7,"Height":130,"Demand":1,"DemandMax":null,"Value":910},{"Length":262,"Height":3,"Demand":3,"DemandMax":null,"Value":786},{"Length":206,"Height":4,"Demand":1,"DemandMax":null,"Value":824},{"Length":162,"Height":5,"Demand":1,"DemandMax":null,"Value":810},{"Length":245,"Height":4,"Demand":1,"DemandMax":null,"Value":980},{"Length":125,"Height":7,"Demand":1,"DemandMax":null,"Value":875},{"Length":192,"Height":4,"Demand":1,"DemandMax":null,"Value":768},{"Length":181,"Height":5,"Demand":1,"DemandMax":null,"Value":905},{"Length":38,"Height":23,"Demand":3,"DemandMax":null,"Value":874},{"Length":112,"Height":8,"Demand":1,"DemandMax":null,"Value":896},{"Length":54,"Height":16,"Demand":1,"DemandMax":null,"Value":864},{"Length":5,"Height":165,"Demand":2,"DemandMax":null,"Value":825},{"Length":41,"Height":21,"Demand":1,"DemandMax":null,"Value":861},{"Length":17,"Height":50,"Demand":1,"DemandMax":null,"Value":850},{"Length":22,"Height":40,"Demand":1,"DemandMax":null,"Value":880},{"Length":123,"Height":7,"Demand":1,"DemandMax":null,"Value":861},{"Length":11,"Height":78,"Demand":2,"DemandMax":null,"Value":858},{"Length":51,"Height":17,"Demand":1,"DemandMax":null,"Value":867},{"Length":42,"Height":20,"Demand":1,"DemandMax":null,"Value":840},{"Length":109,"Height":8,"Demand":1,"DemandMax":null,"Value":872},{"Length":22,"Height":39,"Demand":1,"DemandMax":null,"Value":858},{"Length":28,"Height":30,"Demand":1,"DemandMax":null,"Value":840},{"Length":47,"Height":18,"Demand":2,"DemandMax":null,"Value":846},{"Length":33,"Height":25,"Demand":1,"DemandMax":null,"Value":825},{"Length":52,"Height":16,"Demand":1,"DemandMax":null,"Value":832},{"Length":15,"Height":56,"Demand":1,"DemandMax":null,"Value":840},{"Length":101,"Height":8,"Demand":1,"DemandMax":null,"Value":808},{"Length":21,"Height":40,"Demand":1,"DemandMax":null,"Value":840},{"Length":15,"Height":57,"Demand":1,"DemandMax":null,"Value":855},{"Length":11,"Height":74,"Demand":2,"DemandMax":null,"Value":814},{"Length":99,"Height":8,"Demand":2,"DemandMax":null,"Value":792},{"Length":31,"Height":27,"Demand":1,"DemandMax":null,"Value":837},{"Length":5,"Height":184,"Demand":1,"DemandMax":null,"Value":920},{"Length":19,"Height":44,"Demand":2,"DemandMax":null,"Value":836},{"Length":164,"Height":5,"Demand":3,"DemandMax":null,"Value":820},{"Length":8,"Height":98,"Demand":2,"DemandMax":null,"Value":784},{"Length":22,"Height":38,"Demand":1,"DemandMax":null,"Value":836},{"Length":51,"Height":16,"Demand":1,"DemandMax":null,"Value":816},{"Length":22,"Height":37,"Demand":1,"DemandMax":null,"Value":814},{"Length":3,"Height":246,"Demand":1,"DemandMax":null,"Value":738},{"Length":157,"Height":5,"Demand":2,"DemandMax":null,"Value":785},{"Length":34,"Height":24,"Demand":1,"DemandMax":null,"Value":816},{"Length":147,"Height":6,"Demand":1,"DemandMax":null,"Value":882},{"Length":4,"Height":206,"Demand":1,"DemandMax":null,"Value":824},{"Length":14,"Height":56,"Demand":1,"DemandMax":null,"Value":784},{"Length":27,"Height":30,"Demand":1,"DemandMax":null,"Value":810},{"Length":128,"Height":6,"Demand":1,"DemandMax":null,"Value":768},{"Length":28,"Height":28,"Demand":3,"DemandMax":null,"Value":784},{"Length":88,"Height":9,"Demand":1,"DemandMax":null,"Value":792},{"Length":33,"Height":24,"Demand":1,"DemandMax":null,"Value":792},{"Length":23,"Height":34,"Demand":2,"DemandMax":null,"Value":782},{"Length":18,"Height":44,"Demand":2,"DemandMax":null,"Value":792},{"Length":143,"Height":6,"Demand":1,"DemandMax":null,"Value":858},{"Length":90,"Height":9,"Demand":2,"DemandMax":null,"Value":810},{"Length":35,"Height":23,"Demand":1,"DemandMax":null,"Value":805},{"Length":103,"Height":8,"Demand":1,"DemandMax":null,"Value":824},{"Length":25,"Height":32,"Demand":1,"DemandMax":null,"Value":800},{"Length":13,"Height":60,"Demand":1,"DemandMax":null,"Value":780},{"Length":78,"Height":10,"Demand":2,"DemandMax":null,"Value":780},{"Length":8,"Height":104,"Demand":1,"DemandMax":null,"Value":832},{"Length":196,"Height":4,"Demand":1,"DemandMax":null,"Value":784},{"Length":56,"Height":14,"Demand":1,"DemandMax":null,"Value":784},{"Length":38,"Height":21,"Demand":2,"DemandMax":null,"Value":798},{"Length":5,"Height":152,"Demand":1,"DemandMax":null,"Value":760},{"Length":25,"Height":31,"Demand":1,"DemandMax":null,"Value":775},{"Length":49,"Height":16,"Demand":1,"DemandMax":null,"Value":784},{"Length":68,"Height":12,"Demand":1,"DemandMax":null,"Value":816},{"Length":54,"Height":15,"Demand":1,"DemandMax":null,"Value":810},{"Length":71,"Height":11,"Demand":1,"DemandMax":null,"Value":781},{"Length":15,"Height":52,"Demand":2,"DemandMax":null,"Value":780},{"Length":26,"Height":30,"Demand":1,"DemandMax":null,"Value":780},{"Length":32,"Height":24,"Demand":2,"DemandMax":null,"Value":768},{"Length":174,"Height":4,"Demand":5,"DemandMax":null,"Value":696},{"Length":43,"Height":18,"Demand":1,"DemandMax":null,"Value":774},{"Length":115,"Height":7,"Demand":1,"DemandMax":null,"Value":805},{"Length":7,"Height":114,"Demand":1,"DemandMax":null,"Value":798},{"Length":134,"Height":6,"Demand":2,"DemandMax":null,"Value":804},{"Length":22,"Height":36,"Demand":1,"DemandMax":null,"Value":792},{"Length":9,"Height":82,"Demand":1,"DemandMax":null,"Value":738},{"Length":5,"Height":167,"Demand":2,"DemandMax":null,"Value":835},{"Length":191,"Height":4,"Demand":1,"DemandMax":null,"Value":764},{"Length":170,"Height":5,"Demand":1,"DemandMax":null,"Value":850},{"Length":179,"Height":4,"Demand":3,"DemandMax":null,"Value":716},{"Length":15,"Height":53,"Demand":2,"DemandMax":null,"Value":795},{"Length":105,"Height":7,"Demand":2,"DemandMax":null,"Value":735},{"Length":19,"Height":42,"Demand":1,"DemandMax":null,"Value":798},{"Length":41,"Height":19,"Demand":1,"DemandMax":null,"Value":779},{"Length":17,"Height":46,"Demand":1,"DemandMax":null,"Value":782},{"Length":57,"Height":13,"Demand":1,"DemandMax":null,"Value":741},{"Length":3,"Height":262,"Demand":1,"DemandMax":null,"Value":786},{"Length":153,"Height":5,"Demand":1,"DemandMax":null,"Value":765},{"Length":13,"Height":58,"Demand":1,"DemandMax":null,"Value":754},{"Length":51,"Height":15,"Demand":1,"DemandMax":null,"Value":765},{"Length":236,"Height":3,"Demand":2,"DemandMax":null,"Value":708},{"Length":170,"Height":4,"Demand":2,"DemandMax":null,"Value":680},{"Length":136,"Height":6,"Demand":1,"DemandMax":null,"Value":816},{"Length":21,"Height":36,"Demand":1,"DemandMax":null,"Value":756},{"Length":10,"Height":79,"Demand":1,"DemandMax":null,"Value":790},{"Length":76,"Height":10,"Demand":2,"DemandMax":null,"Value":760},{"Length":19,"Height":39,"Demand":1,"DemandMax":null,"Value":741},{"Length":25,"Height":30,"Demand":1,"DemandMax":null,"Value":750},{"Length":175,"Height":4,"Demand":2,"DemandMax":null,"Value":700},{"Length":36,"Height":21,"Demand":2,"DemandMax":null,"Value":756},{"Length":268,"Height":3,"Demand":1,"DemandMax":null,"Value":804},{"Length":126,"Height":6,"Demand":2,"DemandMax":null,"Value":756},{"Length":6,"Height":125,"Demand":1,"DemandMax":null,"Value":750},{"Length":79,"Height":9,"Demand":2,"DemandMax":null,"Value":711},{"Length":64,"Height":12,"Demand":1,"DemandMax":null,"Value":768},{"Length":89,"Height":8,"Demand":2,"DemandMax":null,"Value":712},{"Length":13,"Height":56,"Demand":1,"DemandMax":null,"Value":728},{"Length":21,"Height":35,"Demand":1,"DemandMax":null,"Value":735},{"Length":29,"Height":25,"Demand":1,"DemandMax":null,"Value":725},{"Length":228,"Height":3,"Demand":2,"DemandMax":null,"Value":684},{"Length":46,"Height":16,"Demand":3,"DemandMax":null,"Value":736},{"Length":9,"Height":78,"Demand":3,"DemandMax":null,"Value":702},{"Length":23,"Height":32,"Demand":1,"DemandMax":null,"Value":736},{"Length":90,"Height":8,"Demand":2,"DemandMax":null,"Value":720},{"Length":42,"Height":18,"Demand":1,"DemandMax":null,"Value":756},{"Length":61,"Height":12,"Demand":1,"DemandMax":null,"Value":732},{"Length":87,"Height":8,"Demand":2,"DemandMax":null,"Value":696},{"Length":95,"Height":8,"Demand":1,"DemandMax":null,"Value":760},{"Length":155,"Height":5,"Demand":1,"DemandMax":null,"Value":775},{"Length":164,"Height":4,"Demand":4,"DemandMax":null,"Value":656},{"Length":160,"Height":5,"Demand":1,"DemandMax":null,"Value":800},{"Length":5,"Height":151,"Demand":1,"DemandMax":null,"Value":755},{"Length":136,"Height":5,"Demand":4,"DemandMax":null,"Value":680},{"Length":172,"Height":4,"Demand":1,"DemandMax":null,"Value":688},{"Length":20,"Height":37,"Demand":1,"DemandMax":null,"Value":740},{"Length":42,"Height":17,"Demand":1,"DemandMax":null,"Value":714},{"Length":4,"Height":207,"Demand":1,"DemandMax":null,"Value":828},{"Length":43,"Height":17,"Demand":1,"DemandMax":null,"Value":731},{"Length":78,"Height":9,"Demand":1,"DemandMax":null,"Value":702},{"Length":24,"Height":30,"Demand":2,"DemandMax":null,"Value":720},{"Length":77,"Height":9,"Demand":1,"DemandMax":null,"Value":693},{"Length":33,"Height":22,"Demand":1,"DemandMax":null,"Value":726},{"Length":3,"Height":208,"Demand":1,"DemandMax":null,"Value":624},{"Length":117,"Height":6,"Demand":2,"DemandMax":null,"Value":702},{"Length":115,"Height":6,"Demand":1,"DemandMax":null,"Value":690},{"Length":127,"Height":6,"Demand":1,"DemandMax":null,"Value":762},{"Length":94,"Height":8,"Demand":1,"DemandMax":null,"Value":752},{"Length":62,"Height":12,"Demand":1,"DemandMax":null,"Value":744},{"Length":100,"Height":7,"Demand":3,"DemandMax":null,"Value":700},{"Length":55,"Height":13,"Demand":1,"DemandMax":null,"Value":715},{"Length":7,"Height":110,"Demand":1,"DemandMax":null,"Value":770},{"Length":6,"Height":127,"Demand":2,"DemandMax":null,"Value":762},{"Length":8,"Height":86,"Demand":2,"DemandMax":null,"Value":688},{"Length":9,"Height":79,"Demand":4,"DemandMax":null,"Value":711},{"Length":38,"Height":19,"Demand":1,"DemandMax":null,"Value":722},{"Length":26,"Height":27,"Demand":2,"DemandMax":null,"Value":702},{"Length":17,"Height":43,"Demand":1,"DemandMax":null,"Value":731},{"Length":22,"Height":32,"Demand":2,"DemandMax":null,"Value":704},{"Length":4,"Height":162,"Demand":3,"DemandMax":null,"Value":648},{"Length":121,"Height":6,"Demand":1,"DemandMax":null,"Value":726},{"Length":97,"Height":7,"Demand":2,"DemandMax":null,"Value":679},{"Length":8,"Height":95,"Demand":1,"DemandMax":null,"Value":760},{"Length":4,"Height":169,"Demand":2,"DemandMax":null,"Value":676},{"Length":45,"Height":16,"Demand":1,"DemandMax":null,"Value":720},{"Length":202,"Height":4,"Demand":1,"DemandMax":null,"Value":808},{"Length":33,"Height":21,"Demand":2,"DemandMax":null,"Value":693},{"Length":36,"Height":20,"Demand":1,"DemandMax":null,"Value":720},{"Length":16,"Height":46,"Demand":1,"DemandMax":null,"Value":736},{"Length":13,"Height":55,"Demand":1,"DemandMax":null,"Value":715},{"Length":6,"Height":116,"Demand":2,"DemandMax":null,"Value":696},{"Length":102,"Height":7,"Demand":1,"DemandMax":null,"Value":714},{"Length":86,"Height":8,"Demand":2,"DemandMax":null,"Value":688},{"Length":3,"Height":213,"Demand":2,"DemandMax":null,"Value":639},{"Length":50,"Height":14,"Demand":2,"DemandMax":null,"Value":700},{"Length":12,"Height":60,"Demand":1,"DemandMax":null,"Value":720},{"Length":10,"Height":70,"Demand":1,"DemandMax":null,"Value":700},{"Length":70,"Height":10,"Demand":1,"DemandMax":null,"Value":700},{"Length":44,"Height":16,"Demand":3,"DemandMax":null,"Value":704},{"Length":28,"Height":25,"Demand":1,"DemandMax":null,"Value":700},{"Length":125,"Height":6,"Demand":1,"DemandMax":null,"Value":750},{"Length":74,"Height":9,"Demand":2,"DemandMax":null,"Value":666},{"Length":32,"Height":22,"Demand":1,"DemandMax":null,"Value":704},{"Length":43,"Height":16,"Demand":1,"DemandMax":null,"Value":688},{"Length":41,"Height":17,"Demand":1,"DemandMax":null,"Value":697},{"Length":9,"Height":74,"Demand":4,"DemandMax":null,"Value":666},{"Length":5,"Height":142,"Demand":2,"DemandMax":null,"Value":710},{"Length":5,"Height":127,"Demand":1,"DemandMax":null,"Value":635},{"Length":8,"Height":93,"Demand":1,"DemandMax":null,"Value":744},{"Length":11,"Height":63,"Demand":2,"DemandMax":null,"Value":693},{"Length":157,"Height":4,"Demand":7,"DemandMax":null,"Value":628},{"Length":47,"Height":15,"Demand":1,"DemandMax":null,"Value":705},{"Length":49,"Height":14,"Demand":1,"DemandMax":null,"Value":686},{"Length":37,"Height":19,"Demand":1,"DemandMax":null,"Value":703},{"Length":112,"Height":6,"Demand":1,"DemandMax":null,"Value":672},{"Length":5,"Height":145,"Demand":1,"DemandMax":null,"Value":725},{"Length":25,"Height":28,"Demand":1,"DemandMax":null,"Value":700},{"Length":7,"Height":94,"Demand":1,"DemandMax":null,"Value":658},{"Length":21,"Height":32,"Demand":2,"DemandMax":null,"Value":672},{"Length":4,"Height":167,"Demand":2,"DemandMax":null,"Value":668},{"Length":3,"Height":249,"Demand":1,"DemandMax":null,"Value":747},{"Length":24,"Height":29,"Demand":1,"DemandMax":null,"Value":696},{"Length":57,"Height":12,"Demand":1,"DemandMax":null,"Value":684},{"Length":23,"Height":30,"Demand":2,"DemandMax":null,"Value":690},{"Length":52,"Height":13,"Demand":1,"DemandMax":null,"Value":676},{"Length":7,"Height":98,"Demand":3,"DemandMax":null,"Value":686},{"Length":167,"Height":4,"Demand":3,"DemandMax":null,"Value":668},{"Length":7,"Height":93,"Demand":2,"DemandMax":null,"Value":651},{"Length":42,"Height":16,"Demand":2,"DemandMax":null,"Value":672},{"Length":153,"Height":4,"Demand":3,"DemandMax":null,"Value":612},{"Length":17,"Height":41,"Demand":1,"DemandMax":null,"Value":697},{"Length":9,"Height":72,"Demand":1,"DemandMax":null,"Value":648},{"Length":18,"Height":37,"Demand":2,"DemandMax":null,"Value":666},{"Length":208,"Height":3,"Demand":2,"DemandMax":null,"Value":624},{"Length":72,"Height":10,"Demand":1,"DemandMax":null,"Value":720},{"Length":44,"Height":15,"Demand":1,"DemandMax":null,"Value":660},{"Length":40,"Height":17,"Demand":2,"DemandMax":null,"Value":680},{"Length":107,"Height":6,"Demand":1,"DemandMax":null,"Value":642},{"Length":15,"Height":46,"Demand":1,"DemandMax":null,"Value":690},{"Length":84,"Height":8,"Demand":3,"DemandMax":null,"Value":672},{"Length":13,"Height":52,"Demand":2,"DemandMax":null,"Value":676},{"Length":210,"Height":3,"Demand":2,"DemandMax":null,"Value":630},{"Length":32,"Height":21,"Demand":1,"DemandMax":null,"Value":672},{"Length":72,"Height":9,"Demand":1,"DemandMax":null,"Value":648},{"Length":16,"Height":41,"Demand":1,"DemandMax":null,"Value":656},{"Length":39,"Height":17,"Demand":2,"DemandMax":null,"Value":663},{"Length":48,"Height":14,"Demand":1,"DemandMax":null,"Value":672},{"Length":165,"Height":4,"Demand":3,"DemandMax":null,"Value":660},{"Length":23,"Height":29,"Demand":2,"DemandMax":null,"Value":667},{"Length":4,"Height":155,"Demand":2,"DemandMax":null,"Value":620},{"Length":90,"Height":7,"Demand":3,"DemandMax":null,"Value":630},{"Length":22,"Height":30,"Demand":1,"DemandMax":null,"Value":660},{"Length":8,"Height":79,"Demand":4,"DemandMax":null,"Value":632},{"Length":12,"Height":55,"Demand":2,"DemandMax":null,"Value":660},{"Length":101,"Height":7,"Demand":1,"DemandMax":null,"Value":707},{"Length":120,"Height":6,"Demand":1,"DemandMax":null,"Value":720},{"Length":26,"Height":26,"Demand":2,"DemandMax":null,"Value":676},{"Length":148,"Height":4,"Demand":1,"DemandMax":null,"Value":592},{"Length":30,"Height":22,"Demand":1,"DemandMax":null,"Value":660},{"Length":17,"Height":40,"Demand":1,"DemandMax":null,"Value":680},{"Length":124,"Height":5,"Demand":2,"DemandMax":null,"Value":620},{"Length":15,"Height":44,"Demand":2,"DemandMax":null,"Value":660},{"Length":28,"Height":24,"Demand":1,"DemandMax":null,"Value":672},{"Length":162,"Height":4,"Demand":4,"DemandMax":null,"Value":648},{"Length":47,"Height":14,"Demand":1,"DemandMax":null,"Value":658},{"Length":46,"Height":14,"Demand":2,"DemandMax":null,"Value":644},{"Length":9,"Height":71,"Demand":1,"DemandMax":null,"Value":639},{"Length":85,"Height":8,"Demand":1,"DemandMax":null,"Value":680},{"Length":103,"Height":6,"Demand":1,"DemandMax":null,"Value":618},{"Length":29,"Height":23,"Demand":1,"DemandMax":null,"Value":667},{"Length":38,"Height":17,"Demand":2,"DemandMax":null,"Value":646},{"Length":16,"Height":40,"Demand":2,"DemandMax":null,"Value":640},{"Length":17,"Height":38,"Demand":1,"DemandMax":null,"Value":646},{"Length":50,"Height":13,"Demand":1,"DemandMax":null,"Value":650},{"Length":15,"Height":43,"Demand":1,"DemandMax":null,"Value":645},{"Length":33,"Height":20,"Demand":1,"DemandMax":null,"Value":660},{"Length":4,"Height":165,"Demand":1,"DemandMax":null,"Value":660},{"Length":87,"Height":7,"Demand":4,"DemandMax":null,"Value":609},{"Length":22,"Height":29,"Demand":2,"DemandMax":null,"Value":638},{"Length":98,"Height":7,"Demand":1,"DemandMax":null,"Value":686},{"Length":8,"Height":77,"Demand":2,"DemandMax":null,"Value":616},{"Length":140,"Height":5,"Demand":1,"DemandMax":null,"Value":700},{"Length":5,"Height":132,"Demand":1,"DemandMax":null,"Value":660},{"Length":205,"Height":3,"Demand":1,"DemandMax":null,"Value":615},{"Length":34,"Height":19,"Demand":4,"DemandMax":null,"Value":646},{"Length":147,"Height":4,"Demand":2,"DemandMax":null,"Value":588},{"Length":93,"Height":7,"Demand":1,"DemandMax":null,"Value":651},{"Length":70,"Height":9,"Demand":1,"DemandMax":null,"Value":630},{"Length":81,"Height":8,"Demand":3,"DemandMax":null,"Value":648},{"Length":143,"Height":5,"Demand":1,"DemandMax":null,"Value":715},{"Length":9,"Height":76,"Demand":1,"DemandMax":null,"Value":684},{"Length":245,"Height":3,"Demand":1,"DemandMax":null,"Value":735},{"Length":61,"Height":11,"Demand":1,"DemandMax":null,"Value":671},{"Length":108,"Height":6,"Demand":4,"DemandMax":null,"Value":648},{"Length":69,"Height":9,"Demand":1,"DemandMax":null,"Value":621},{"Length":31,"Height":21,"Demand":3,"DemandMax":null,"Value":651},{"Length":40,"Height":16,"Demand":1,"DemandMax":null,"Value":640},{"Length":73,"Height":9,"Demand":1,"DemandMax":null,"Value":657},{"Length":19,"Height":34,"Demand":1,"DemandMax":null,"Value":646},{"Length":67,"Height":10,"Demand":1,"DemandMax":null,"Value":670},{"Length":137,"Height":5,"Demand":1,"DemandMax":null,"Value":685},{"Length":12,"Height":52,"Demand":1,"DemandMax":null,"Value":624},{"Length":9,"Height":69,"Demand":3,"DemandMax":null,"Value":621},{"Length":76,"Height":8,"Demand":1,"DemandMax":null,"Value":608},{"Length":51,"Height":13,"Demand":1,"DemandMax":null,"Value":663},{"Length":14,"Height":46,"Demand":1,"DemandMax":null,"Value":644},{"Length":9,"Height":68,"Demand":1,"DemandMax":null,"Value":612},{"Length":23,"Height":28,"Demand":1,"DemandMax":null,"Value":644},{"Length":27,"Height":24,"Demand":1,"DemandMax":null,"Value":648},{"Length":114,"Height":6,"Demand":1,"DemandMax":null,"Value":684},{"Length":101,"Height":6,"Demand":2,"DemandMax":null,"Value":606},{"Length":19,"Height":35,"Demand":1,"DemandMax":null,"Value":665},{"Length":25,"Height":25,"Demand":2,"DemandMax":null,"Value":625},{"Length":33,"Height":19,"Demand":2,"DemandMax":null,"Value":627},{"Length":232,"Height":3,"Demand":2,"DemandMax":null,"Value":696},{"Length":26,"Height":25,"Demand":1,"DemandMax":null,"Value":650},{"Length":156,"Height":4,"Demand":1,"DemandMax":null,"Value":624},{"Length":3,"Height":224,"Demand":2,"DemandMax":null,"Value":672},{"Length":8,"Height":83,"Demand":2,"DemandMax":null,"Value":664},{"Length":5,"Height":130,"Demand":1,"DemandMax":null,"Value":650},{"Length":5,"Height":125,"Demand":1,"DemandMax":null,"Value":625},{"Length":155,"Height":4,"Demand":1,"DemandMax":null,"Value":620},{"Length":6,"Height":112,"Demand":2,"DemandMax":null,"Value":672},{"Length":13,"Height":48,"Demand":1,"DemandMax":null,"Value":624},{"Length":9,"Height":67,"Demand":1,"DemandMax":null,"Value":603},{"Length":191,"Height":3,"Demand":1,"DemandMax":null,"Value":573},{"Length":18,"Height":35,"Demand":2,"DemandMax":null,"Value":630},{"Length":55,"Height":12,"Demand":1,"DemandMax":null,"Value":660},{"Length":8,"Height":78,"Demand":1,"DemandMax":null,"Value":624},{"Length":51,"Height":12,"Demand":4,"DemandMax":null,"Value":612},{"Length":75,"Height":8,"Demand":1,"DemandMax":null,"Value":600},{"Length":41,"Height":15,"Demand":1,"DemandMax":null,"Value":615},{"Length":39,"Height":16,"Demand":2,"DemandMax":null,"Value":624},{"Length":5,"Height":139,"Demand":2,"DemandMax":null,"Value":695},{"Length":26,"Height":24,"Demand":1,"DemandMax":null,"Value":624},{"Length":9,"Height":66,"Demand":1,"DemandMax":null,"Value":594},{"Length":100,"Height":6,"Demand":1,"DemandMax":null,"Value":600},{"Length":130,"Height":5,"Demand":2,"DemandMax":null,"Value":650},{"Length":15,"Height":42,"Demand":2,"DemandMax":null,"Value":630},{"Length":13,"Height":47,"Demand":1,"DemandMax":null,"Value":611},{"Length":56,"Height":11,"Demand":2,"DemandMax":null,"Value":616},{"Length":16,"Height":39,"Demand":1,"DemandMax":null,"Value":624},{"Length":34,"Height":18,"Demand":3,"DemandMax":null,"Value":612},{"Length":4,"Height":142,"Demand":2,"DemandMax":null,"Value":568},{"Length":28,"Height":22,"Demand":2,"DemandMax":null,"Value":616},{"Length":91,"Height":7,"Demand":1,"DemandMax":null,"Value":637},{"Length":52,"Height":12,"Demand":2,"DemandMax":null,"Value":624},{"Length":3,"Height":210,"Demand":2,"DemandMax":null,"Value":630},{"Length":4,"Height":150,"Demand":1,"DemandMax":null,"Value":600},{"Length":18,"Height":34,"Demand":1,"DemandMax":null,"Value":612},{"Length":85,"Height":7,"Demand":1,"DemandMax":null,"Value":595},{"Length":57,"Height":11,"Demand":2,"DemandMax":null,"Value":627},{"Length":89,"Height":7,"Demand":1,"DemandMax":null,"Value":623},{"Length":11,"Height":55,"Demand":2,"DemandMax":null,"Value":605},{"Length":50,"Height":12,"Demand":1,"DemandMax":null,"Value":600},{"Length":21,"Height":30,"Demand":1,"DemandMax":null,"Value":630},{"Length":202,"Height":3,"Demand":1,"DemandMax":null,"Value":606},{"Length":5,"Height":134,"Demand":1,"DemandMax":null,"Value":670},{"Length":49,"Height":13,"Demand":1,"DemandMax":null,"Value":637},{"Length":4,"Height":177,"Demand":1,"DemandMax":null,"Value":708},{"Length":132,"Height":5,"Demand":1,"DemandMax":null,"Value":660},{"Length":23,"Height":27,"Demand":1,"DemandMax":null,"Value":621},{"Length":30,"Height":21,"Demand":1,"DemandMax":null,"Value":630},{"Length":4,"Height":145,"Demand":1,"DemandMax":null,"Value":580},{"Length":122,"Height":5,"Demand":1,"DemandMax":null,"Value":610},{"Length":73,"Height":8,"Demand":1,"DemandMax":null,"Value":584},{"Length":36,"Height":17,"Demand":1,"DemandMax":null,"Value":612},{"Length":30,"Height":20,"Demand":2,"DemandMax":null,"Value":600},{"Length":21,"Height":29,"Demand":1,"DemandMax":null,"Value":609},{"Length":15,"Height":41,"Demand":1,"DemandMax":null,"Value":615},{"Length":17,"Height":36,"Demand":1,"DemandMax":null,"Value":612},{"Length":61,"Height":10,"Demand":1,"DemandMax":null,"Value":610},{"Length":65,"Height":10,"Demand":1,"DemandMax":null,"Value":650},{"Length":38,"Height":16,"Demand":1,"DemandMax":null,"Value":608},{"Length":6,"Height":109,"Demand":1,"DemandMax":null,"Value":654},{"Length":5,"Height":126,"Demand":1,"DemandMax":null,"Value":630},{"Length":92,"Height":7,"Demand":1,"DemandMax":null,"Value":644},{"Length":8,"Height":80,"Demand":1,"DemandMax":null,"Value":640},{"Length":39,"Height":15,"Demand":1,"DemandMax":null,"Value":585},{"Length":13,"Height":46,"Demand":2,"DemandMax":null,"Value":598},{"Length":8,"Height":72,"Demand":1,"DemandMax":null,"Value":576},{"Length":5,"Height":114,"Demand":1,"DemandMax":null,"Value":570},{"Length":86,"Height":7,"Demand":1,"DemandMax":null,"Value":602},{"Length":16,"Height":37,"Demand":1,"DemandMax":null,"Value":592},{"Length":29,"Height":21,"Demand":1,"DemandMax":null,"Value":609},{"Length":38,"Height":15,"Demand":1,"DemandMax":null,"Value":570},{"Length":179,"Height":3,"Demand":1,"DemandMax":null,"Value":537},{"Length":39,"Height":14,"Demand":1,"DemandMax":null,"Value":546},{"Length":24,"Height":22,"Demand":1,"DemandMax":null,"Value":528},{"Length":133,"Height":4,"Demand":1,"DemandMax":null,"Value":532},{"Length":13,"Height":38,"Demand":2,"DemandMax":null,"Value":494},{"Length":129,"Height":4,"Demand":1,"DemandMax":null,"Value":516},{"Length":29,"Height":17,"Demand":1,"DemandMax":null,"Value":493},{"Length":39,"Height":12,"Demand":1,"DemandMax":null,"Value":468},{"Length":99,"Height":5,"Demand":2,"DemandMax":null,"Value":495},{"Length":13,"Height":34,"Demand":2,"DemandMax":null,"Value":442},{"Length":77,"Height":6,"Demand":1,"DemandMax":null,"Value":462},{"Length":76,"Height":6,"Demand":1,"DemandMax":null,"Value":456},{"Length":61,"Height":7,"Demand":1,"DemandMax":null,"Value":427},{"Length":24,"Height":18,"Demand":1,"DemandMax":null,"Value":432},{"Length":29,"Height":14,"Demand":1,"DemandMax":null,"Value":406},{"Length":142,"Height":3,"Demand":1,"DemandMax":null,"Value":426},{"Length":52,"Height":7,"Demand":1,"DemandMax":null,"Value":364},{"Length":13,"Height":27,"Demand":1,"DemandMax":null,"Value":351},{"Length":101,"Height":3,"Demand":2,"DemandMax":null,"Value":303},{"Length":13,"Height":25,"Demand":3,"DemandMax":null,"Value":325},{"Length":4,"Height":74,"Demand":1,"DemandMax":null,"Value":296},{"Length":89,"Height":3,"Demand":1,"DemandMax":null,"Value":267},{"Length":28,"Height":10,"Demand":1,"DemandMax":null,"Value":280},{"Length":38,"Height":7,"Demand":1,"DemandMax":null,"Value":266},{"Length":142,"Height":2,"Demand":1,"DemandMax":null,"Value":284}]}