{"Name":"path12t","Objects":[{"Length":1000,"Height":1000,"Stock":null,"Cost":1000000}],"Items":[{"Length":88,"Height":202,"Demand":1,"DemandMax":null,"Value":17776},{"Length":122,"Height":123,"Demand":1,"DemandMax":null,"Value":15006},{"Length":70,"Height":158,"Demand":1,"DemandMax":null,"Value":11060},{"Length":85,"Height":123,"Demand":1,"DemandMax":null,"Value":10455},{"Length":61,"Height":158,"Demand":1,"DemandMax":null,"Value":9638},{"Length":46,"Height":182,"Demand":1,"DemandMax":null,"Value":8372},{"Length":46,"Height":169,"Demand":1,"DemandMax":null,"Value":7774},{"Length":164,"Height":47,"Demand":1,"DemandMax":null,"Value":7708},{"Length":58,"Height":117,"Demand":1,"DemandMax":null,"Value":6786},{"Length":106,"Height":52,"Demand":1,"DemandMax":null,"Value":5512},{"Length":20,"Height":273,"Demand":1,"DemandMax":null,"Value":5460},{"Length":58,"Height":84,"Demand":1,"DemandMax":null,"Value":4872},{"Length":202,"Height":24,"Demand":1,"DemandMax":null,"Value":4848},{"Length":202,"Height":23,"Demand":1,"DemandMax":null,"Value":4646},{"Length":96,"Height":47,"Demand":1,"DemandMax":null,"Value":4512},{"Length":194,"Height":21,"Demand":1,"DemandMax":null,"Value":4074},{"Length":202,"Height":21,"Demand":1,"DemandMax":null,"Value":4242},{"Length":144,"Height":28,"Demand":1,"DemandMax":null,"Value":4032},{"Length":177,"Height":20,"Demand":1,"DemandMax":null,"Value":3540},{"Length":31,"Height":112,"Demand":1,"DemandMax":null,"Value":3472},{"Length":135,"Height":25,"Demand":1,"DemandMax":null,"Value":3375},{"Length":21,"Height":157,"Demand":1,"DemandMax":null,"Value":3297},{"Length":112,"Height":29,"Demand":1,"DemandMax":null,"Value":3248},{"Length":31,"Height":98,"Demand":1,"DemandMax":null,"Value":3038},{"Length":107,"Height":27,"Demand":1,"DemandMax":null,"Value":2889},{"Length":52,"Height":52,"Demand":1,"DemandMax":null,"Value":2704},{"Length":55,"Height":49,"Demand":1,"DemandMax":null,"Value":2695},{"Length":34,"Height":80,"Demand":1,"DemandMax":null,"Value":2720},{"Length":122,"Height":22,"Demand":1,"DemandMax":null,"Value":2684},{"Length":84,"Height":31,"Demand":1,"DemandMax":null,"Value":2604},{"Length":151,"Height":17,"Demand":1,"DemandMax":null,"Value":2567},{"Length":11,"Height":222,"Demand":1,"DemandMax":null,"Value":2442},{"Length":11,"Height":220,"Demand":1,"DemandMax":null,"Value":2420},{"Length":30,"Height":84,"Demand":1,"DemandMax":null,"Value":2520},{"Length":386,"Height":6,"Demand":1,"DemandMax":null,"Value":2316},{"Length":48,"Height":47,"Demand":1,"DemandMax":null,"Value":2256},{"Length":56,"Height":39,"Demand":1,"DemandMax":null,"Value":2184},{"Length":43,"Height":51,"Demand":1,"DemandMax":null,"Value":2193},{"Length":33,"Height":66,"Demand":1,"DemandMax":null,"Value":2178},{"Length":52,"Height":42,"Demand":1,"DemandMax":null,"Value":2184},{"Length":21,"Height":101,"Demand":1,"DemandMax":null,"Value":2121},{"Length":58,"Height":36,"Demand":1,"DemandMax":null,"Value":2088},{"Length":78,"Height":26,"Demand":1,"DemandMax":null,"Value":2028},{"Length":123,"Height":16,"Demand":1,"DemandMax":null,"Value":1968},{"Length":115,"Height":17,"Demand":1,"DemandMax":null,"Value":1955},{"Length":140,"Height":13,"Demand":1,"DemandMax":null,"Value":1820},{"Length":34,"Height":56,"Demand":1,"DemandMax":null,"Value":1904},{"Length":31,"Height":61,"Demand":1,"DemandMax":null,"Value":1891},{"Length":106,"Height":18,"Demand":1,"DemandMax":null,"Value":1908},{"Length":9,"Height":205,"Demand":1,"DemandMax":null,"Value":1845},{"Length":268,"Height":7,"Demand":1,"DemandMax":null,"Value":1876},{"Length":30,"Height":60,"Demand":1,"DemandMax":null,"Value":1800},{"Length":29,"Height":62,"Demand":1,"DemandMax":null,"Value":1798},{"Length":39,"Height":46,"Demand":1,"DemandMax":null,"Value":1794},{"Length":11,"Height":156,"Demand":1,"DemandMax":null,"Value":1716},{"Length":208,"Height":8,"Demand":1,"DemandMax":null,"Value":1664},{"Length":135,"Height":13,"Demand":1,"DemandMax":null,"Value":1755},{"Length":62,"Height":28,"Demand":1,"DemandMax":null,"Value":1736},{"Length":39,"Height":44,"Demand":1,"DemandMax":null,"Value":1716},{"Length":165,"Height":10,"Demand":1,"DemandMax":null,"Value":1650},{"Length":36,"Height":47,"Demand":1,"DemandMax":null,"Value":1692},{"Length":37,"Height":46,"Demand":1,"DemandMax":null,"Value":1702},{"Length":386,"Height":4,"Demand":1,"DemandMax":null,"Value":1544},{"Length":231,"Height":7,"Demand":1,"DemandMax":null,"Value":1617},{"Length":21,"Height":75,"Demand":1,"DemandMax":null,"Value":1575},{"Length":11,"Height":134,"Demand":1,"DemandMax":null,"Value":1474},{"Length":23,"Height":66,"Demand":1,"DemandMax":null,"Value":1518},{"Length":7,"Height":226,"Demand":1,"DemandMax":null,"Value":1582},{"Length":254,"Height":6,"Demand":1,"DemandMax":null,"Value":1524},{"Length":59,"Height":25,"Demand":1,"DemandMax":null,"Value":1475},{"Length":55,"Height":27,"Demand":1,"DemandMax":null,"Value":1485},{"Length":90,"Height":16,"Demand":1,"DemandMax":null,"Value":1440},{"Length":7,"Height":205,"Demand":1,"DemandMax":null,"Value":1435},{"Length":112,"Height":13,"Demand":1,"DemandMax":null,"Value":1456},{"Length":7,"Height":202,"Demand":1,"DemandMax":null,"Value":1414},{"Length":223,"Height":6,"Demand":1,"DemandMax":null,"Value":1338},{"Length":34,"Height":41,"Demand":1,"DemandMax":null,"Value":1394},{"Length":331,"Height":4,"Demand":1,"DemandMax":null,"Value":1324},{"Length":244,"Height":5,"Demand":1,"DemandMax":null,"Value":1220},{"Length":307,"Height":4,"Demand":1,"DemandMax":null,"Value":1228},{"Length":168,"Height":8,"Demand":1,"DemandMax":null,"Value":1344},{"Length":13,"Height":99,"Demand":1,"DemandMax":null,"Value":1287},{"Length":92,"Height":14,"Demand":1,"DemandMax":null,"Value":1288},{"Length":7,"Height":178,"Demand":1,"DemandMax":null,"Value":1246},{"Length":188,"Height":6,"Demand":1,"DemandMax":null,"Value":1128},{"Length":13,"Height":91,"Demand":1,"DemandMax":null,"Value":1183},{"Length":8,"Height":158,"Demand":1,"DemandMax":null,"Value":1264},{"Length":44,"Height":27,"Demand":1,"DemandMax":null,"Value":1188},{"Length":11,"Height":106,"Demand":1,"DemandMax":null,"Value":1166},{"Length":243,"Height":5,"Demand":1,"DemandMax":null,"Value":1215},{"Length":45,"Height":26,"Demand":1,"DemandMax":null,"Value":1170},{"Length":55,"Height":21,"Demand":1,"DemandMax":null,"Value":1155},{"Length":29,"Height":40,"Demand":1,"DemandMax":null,"Value":1160},{"Length":53,"Height":22,"Demand":1,"DemandMax":null,"Value":1166},{"Length":144,"Height":8,"Demand":1,"DemandMax":null,"Value":1152},{"Length":178,"Height":6,"Demand":1,"DemandMax":null,"Value":1068},{"Length":21,"Height":53,"Demand":1,"DemandMax":null,"Value":1113},{"Length":13,"Height":84,"Demand":1,"DemandMax":null,"Value":1092},{"Length":52,"Height":21,"Demand":2,"DemandMax":null,"Value":1092},{"Length":189,"Height":6,"Demand":1,"DemandMax":null,"Value":1134},{"Length":87,"Height":13,"Demand":1,"DemandMax":null,"Value":1131},{"Length":30,"Height":37,"Demand":1,"DemandMax":null,"Value":1110},{"Length":15,"Height":71,"Demand":1,"DemandMax":null,"Value":1065},{"Length":21,"Height":51,"Demand":1,"DemandMax":null,"Value":1071},{"Length":297,"Height":4,"Demand":1,"DemandMax":null,"Value":1188},{"Length":5,"Height":205,"Demand":1,"DemandMax":null,"Value":1025},{"Length":4,"Height":273,"Demand":1,"DemandMax":null,"Value":1092},{"Length":158,"Height":7,"Demand":1,"DemandMax":null,"Value":1106},{"Length":17,"Height":63,"Demand":1,"DemandMax":null,"Value":1071},{"Length":49,"Height":22,"Demand":1,"DemandMax":null,"Value":1078},{"Length":218,"Height":5,"Demand":1,"DemandMax":null,"Value":1090},{"Length":193,"Height":5,"Demand":1,"DemandMax":null,"Value":965},{"Length":42,"Height":25,"Demand":1,"DemandMax":null,"Value":1050},{"Length":96,"Height":11,"Demand":1,"DemandMax":null,"Value":1056},{"Length":62,"Height":17,"Demand":1,"DemandMax":null,"Value":1054},{"Length":8,"Height":125,"Demand":1,"DemandMax":null,"Value":1000},{"Length":48,"Height":21,"Demand":1,"DemandMax":null,"Value":1008},{"Length":43,"Height":23,"Demand":1,"DemandMax":null,"Value":989},{"Length":27,"Height":37,"Demand":1,"DemandMax":null,"Value":999},{"Length":15,"Height":66,"Demand":1,"DemandMax":null,"Value":990},{"Length":20,"Height":48,"Demand":1,"DemandMax":null,"Value":960},{"Length":10,"Height":101,"Demand":1,"DemandMax":null,"Value":1010},{"Length":167,"Height":6,"Demand":1,"DemandMax":null,"Value":1002},{"Length":109,"Height":9,"Demand":1,"DemandMax":null,"Value":981},{"Length":19,"Height":51,"Demand":1,"DemandMax":null,"Value":969},{"Length":78,"Height":12,"Demand":1,"DemandMax":null,"Value":936},{"Length":239,"Height":4,"Demand":1,"DemandMax":null,"Value":956},{"Length":22,"Height":44,"Demand":1,"DemandMax":null,"Value":968},{"Length":68,"Height":14,"Demand":1,"DemandMax":null,"Value":952},{"Length":69,"Height":13,"Demand":2,"DemandMax":null,"Value":897},{"Length":9,"Height":106,"Demand":1,"DemandMax":null,"Value":954},{"Length":27,"Height":33,"Demand":1,"DemandMax":null,"Value":891},{"Length":7,"Height":134,"Demand":1,"DemandMax":null,"Value":938},{"Length":52,"Height":17,"Demand":1,"DemandMax":null,"Value":884},{"Length":6,"Height":149,"Demand":1,"DemandMax":null,"Value":894},{"Length":40,"Height":22,"Demand":1,"DemandMax":null,"Value":880},{"Length":108,"Height":8,"Demand":1,"DemandMax":null,"Value":864},{"Length":78,"Height":11,"Demand":1,"DemandMax":null,"Value":858},{"Length":15,"Height":56,"Demand":1,"DemandMax":null,"Value":840},{"Length":23,"Height":38,"Demand":1,"DemandMax":null,"Value":874},{"Length":5,"Height":159,"Demand":1,"DemandMax":null,"Value":795},{"Length":7,"Height":119,"Demand":1,"DemandMax":null,"Value":833},{"Length":14,"Height":59,"Demand":1,"DemandMax":null,"Value":826},{"Length":14,"Height":60,"Demand":1,"DemandMax":null,"Value":840},{"Length":12,"Height":67,"Demand":1,"DemandMax":null,"Value":804},{"Length":10,"Height":83,"Demand":1,"DemandMax":null,"Value":830},{"Length":212,"Height":4,"Demand":1,"DemandMax":null,"Value":848},{"Length":13,"Height":64,"Demand":1,"DemandMax":null,"Value":832},{"Length":32,"Height":25,"Demand":1,"DemandMax":null,"Value":800},{"Length":170,"Height":5,"Demand":1,"DemandMax":null,"Value":850},{"Length":48,"Height":17,"Demand":1,"DemandMax":null,"Value":816},{"Length":138,"Height":6,"Demand":1,"DemandMax":null,"Value":828},{"Length":219,"Height":4,"Demand":1,"DemandMax":null,"Value":876},{"Length":178,"Height":4,"Demand":1,"DemandMax":null,"Value":712},{"Length":15,"Height":51,"Demand":1,"DemandMax":null,"Value":765},{"Length":13,"Height":61,"Demand":1,"DemandMax":null,"Value":793},{"Length":15,"Height":52,"Demand":1,"DemandMax":null,"Value":780},{"Length":125,"Height":6,"Demand":1,"DemandMax":null,"Value":750},{"Length":31,"Height":25,"Demand":1,"DemandMax":null,"Value":775},{"Length":12,"Height":63,"Demand":1,"DemandMax":null,"Value":756},{"Length":7,"Height":117,"Demand":1,"DemandMax":null,"Value":819},{"Length":62,"Height":13,"Demand":1,"DemandMax":null,"Value":806},{"Length":231,"Height":3,"Demand":2,"DemandMax":null,"Value":693},{"Length":40,"Height":19,"Demand":1,"DemandMax":null,"Value":760},{"Length":5,"Height":140,"Demand":1,"DemandMax":null,"Value":700},{"Length":36,"Height":21,"Demand":1,"DemandMax":null,"Value":756},{"Length":20,"Height":38,"Demand":1,"DemandMax":null,"Value":760},{"Length":9,"Height":81,"Demand":1,"DemandMax":null,"Value":729},{"Length":21,"Height":37,"Demand":1,"DemandMax":null,"Value":777},{"Length":6,"Height":117,"Demand":1,"DemandMax":null,"Value":702},{"Length":7,"Height":102,"Demand":1,"DemandMax":null,"Value":714},{"Length":37,"Height":20,"Demand":1,"DemandMax":null,"Value":740},{"Length":7,"Height":106,"Demand":1,"DemandMax":null,"Value":742},{"Length":6,"Height":123,"Demand":1,"DemandMax":null,"Value":738},{"Length":162,"Height":5,"Demand":1,"DemandMax":null,"Value":810},{"Length":4,"Height":208,"Demand":1,"DemandMax":null,"Value":832},{"Length":144,"Height":5,"Demand":1,"DemandMax":null,"Value":720},{"Length":43,"Height":17,"Demand":1,"DemandMax":null,"Value":731},{"Length":20,"Height":37,"Demand":1,"DemandMax":null,"Value":740},{"Length":7,"Height":104,"Demand":1,"DemandMax":null,"Value":728},{"Length":116,"Height":6,"Demand":1,"DemandMax":null,"Value":696},{"Length":48,"Height":15,"Demand":1,"DemandMax":null,"Value":720},{"Length":31,"Height":24,"Demand":1,"DemandMax":null,"Value":744},{"Length":96,"Height":8,"Demand":2,"DemandMax":null,"Value":768},{"Length":23,"Height":32,"Demand":1,"DemandMax":null,"Value":736},{"Length":140,"Height":5,"Demand":1,"DemandMax":null,"Value":700},{"Length":10,"Height":75,"Demand":1,"DemandMax":null,"Value":750},{"Length":79,"Height":9,"Demand":2,"DemandMax":null,"Value":711},{"Length":44,"Height":16,"Demand":1,"DemandMax":null,"Value":704},{"Length":33,"Height":22,"Demand":1,"DemandMax":null,"Value":726},{"Length":239,"Height":3,"Demand":1,"DemandMax":null,"Value":717},{"Length":8,"Height":87,"Demand":1,"DemandMax":null,"Value":696},{"Length":30,"Height":24,"Demand":1,"DemandMax":null,"Value":720},{"Length":15,"Height":47,"Demand":1,"DemandMax":null,"Value":705},{"Length":3,"Height":222,"Demand":1,"DemandMax":null,"Value":666},{"Length":68,"Height":10,"Demand":1,"DemandMax":null,"Value":680},{"Length":113,"Height":6,"Demand":1,"DemandMax":null,"Value":678},{"Length":165,"Height":4,"Demand":1,"DemandMax":null,"Value":660},{"Length":62,"Height":11,"Demand":1,"DemandMax":null,"Value":682},{"Length":40,"Height":18,"Demand":1,"DemandMax":null,"Value":720},{"Length":5,"Height":132,"Demand":1,"DemandMax":null,"Value":660},{"Length":22,"Height":31,"Demand":1,"DemandMax":null,"Value":682},{"Length":23,"Height":30,"Demand":1,"DemandMax":null,"Value":690},{"Length":157,"Height":4,"Demand":1,"DemandMax":null,"Value":628},{"Length":13,"Height":53,"Demand":2,"DemandMax":null,"Value":689},{"Length":9,"Height":78,"Demand":1,"DemandMax":null,"Value":702},{"Length":67,"Height":10,"Demand":2,"DemandMax":null,"Value":670},{"Length":28,"Height":24,"Demand":1,"DemandMax":null,"Value":672},{"Length":18,"Height":39,"Demand":1,"DemandMax":null,"Value":702},{"Length":118,"Height":6,"Demand":1,"DemandMax":null,"Value":708},{"Length":5,"Height":149,"Demand":1,"DemandMax":null,"Value":745},{"Length":12,"Height":57,"Demand":1,"DemandMax":null,"Value":684},{"Length":8,"Height":86,"Demand":1,"DemandMax":null,"Value":688},{"Length":7,"Height":89,"Demand":2,"DemandMax":null,"Value":623},{"Length":52,"Height":13,"Demand":1,"DemandMax":null,"Value":676},{"Length":32,"Height":21,"Demand":1,"DemandMax":null,"Value":672},{"Length":106,"Height":6,"Demand":1,"DemandMax":null,"Value":636},{"Length":212,"Height":3,"Demand":1,"DemandMax":null,"Value":636},{"Length":240,"Height":3,"Demand":1,"DemandMax":null,"Value":720},{"Length":20,"Height":33,"Demand":1,"DemandMax":null,"Value":660},{"Length":12,"Height":53,"Demand":2,"DemandMax":null,"Value":636},{"Length":9,"Height":72,"Demand":1,"DemandMax":null,"Value":648},{"Length":112,"Height":6,"Demand":1,"DemandMax":null,"Value":672},{"Length":8,"Height":84,"Demand":1,"DemandMax":null,"Value":672},{"Length":33,"Height":20,"Demand":1,"DemandMax":null,"Value":660},{"Length":14,"Height":45,"Demand":1,"DemandMax":null,"Value":630},{"Length":6,"Height":102,"Demand":1,"DemandMax":null,"Value":612},{"Length":151,"Height":4,"Demand":1,"DemandMax":null,"Value":604},{"Length":9,"Height":71,"Demand":1,"DemandMax":null,"Value":639},{"Length":27,"Height":24,"Demand":1,"DemandMax":null,"Value":648},{"Length":19,"Height":34,"Demand":1,"DemandMax":null,"Value":646},{"Length":76,"Height":8,"Demand":1,"DemandMax":null,"Value":608},{"Length":11,"Height":57,"Demand":1,"DemandMax":null,"Value":627},{"Length":17,"Height":36,"Demand":1,"DemandMax":null,"Value":612},{"Length":11,"Height":59,"Demand":1,"DemandMax":null,"Value":649},{"Length":11,"Height":56,"Demand":1,"DemandMax":null,"Value":616},{"Length":71,"Height":9,"Demand":1,"DemandMax":null,"Value":639},{"Length":44,"Height":14,"Demand":1,"DemandMax":null,"Value":616},{"Length":20,"Height":31,"Demand":1,"DemandMax":null,"Value":620},{"Length":66,"Height":9,"Demand":1,"DemandMax":null,"Value":594},{"Length":6,"Height":104,"Demand":1,"DemandMax":null,"Value":624},{"Length":3,"Height":208,"Demand":1,"DemandMax":null,"Value":624},{"Length":7,"Height":79,"Demand":1,"DemandMax":null,"Value":553},{"Length":30,"Height":20,"Demand":1,"DemandMax":null,"Value":600},{"Length":42,"Height":14,"Demand":1,"DemandMax":null,"Value":588},{"Length":125,"Height":5,"Demand":1,"DemandMax":null,"Value":625},{"Length":39,"Height":15,"Demand":1,"DemandMax":null,"Value":585},{"Length":10,"Height":59,"Demand":1,"DemandMax":null,"Value":590},{"Length":202,"Height":3,"Demand":1,"DemandMax":null,"Value":606},{"Length":65,"Height":9,"Demand":1,"DemandMax":null,"Value":585},{"Length":6,"Height":95,"Demand":2,"DemandMax":null,"Value":570},{"Length":14,"Height":41,"Demand":1,"DemandMax":null,"Value":574},{"Length":4,"Height":147,"Demand":1,"DemandMax":null,"Value":588},{"Length":5,"Height":114,"Demand":1,"DemandMax":null,"Value":570},{"Length":4,"Height":141,"Demand":1,"DemandMax":null,"Value":564},{"Length":11,"Height":50,"Demand":2,"DemandMax":null,"Value":550},{"Length":9,"Height":66,"Demand":1,"DemandMax":null,"Value":594},{"Length":11,"Height":51,"Demand":1,"DemandMax":null,"Value":561},{"Length":24,"Height":24,"Demand":1,"DemandMax":null,"Value":576},{"Length":13,"Height":44,"Demand":1,"DemandMax":null,"Value":572},{"Length":41,"Height":14,"Demand":1,"DemandMax":null,"Value":574},{"Length":62,"Height":9,"Demand":1,"DemandMax":null,"Value":558},{"Length":38,"Height":15,"Demand":1,"DemandMax":null,"Value":570},{"Length":8,"Height":69,"Demand":1,"DemandMax":null,"Value":552},{"Length":45,"Height":12,"Demand":1,"DemandMax":null,"Value":540},{"Length":31,"Height":18,"Demand":1,"DemandMax":null,"Value":558},{"Length":33,"Height":17,"Demand":1,"DemandMax":null,"Value":561},{"Length":117,"Height":5,"Demand":1,"DemandMax":null,"Value":585},{"Length":5,"Height":106,"Demand":2,"DemandMax":null,"Value":530},{"Length":87,"Height":6,"Demand":2,"DemandMax":null,"Value":522},{"Length":15,"Height":36,"Demand":2,"DemandMax":null,"Value":540},{"Length":35,"Height":16,"Demand":1,"DemandMax":null,"Value":560},{"Length":14,"Height":40,"Demand":1,"DemandMax":null,"Value":560},{"Length":96,"Height":6,"Demand":1,"DemandMax":null,"Value":576},{"Length":75,"Height":7,"Demand":1,"DemandMax":null,"Value":525},{"Length":12,"Height":47,"Demand":1,"DemandMax":null,"Value":564},{"Length":19,"Height":29,"Demand":1,"DemandMax":null,"Value":551},{"Length":17,"Height":32,"Demand":1,"DemandMax":null,"Value":544},{"Length":12,"Height":44,"Demand":1,"DemandMax":null,"Value":528},{"Length":74,"Height":7,"Demand":1,"DemandMax":null,"Value":518},{"Length":92,"Height":6,"Demand":1,"DemandMax":null,"Value":552},{"Length":3,"Height":186,"Demand":1,"DemandMax":null,"Value":558},{"Length":44,"Height":12,"Demand":2,"DemandMax":null,"Value":528},{"Length":56,"Height":10,"Demand":1,"DemandMax":null,"Value":560},{"Length":81,"Height":7,"Demand":2,"DemandMax":null,"Value":567},{"Length":162,"Height":3,"Demand":1,"DemandMax":null,"Value":486},{"Length":22,"Height":25,"Demand":1,"DemandMax":null,"Value":550},{"Length":50,"Height":11,"Demand":1,"DemandMax":null,"Value":550},{"Length":30,"Height":18,"Demand":1,"DemandMax":null,"Value":540},{"Length":71,"Height":8,"Demand":1,"DemandMax":null,"Value":568},{"Length":21,"Height":26,"Demand":1,"DemandMax":null,"Value":546},{"Length":3,"Height":159,"Demand":1,"DemandMax":null,"Value":477},{"Length":76,"Height":7,"Demand":1,"DemandMax":null,"Value":532},{"Length":9,"Height":60,"Demand":1,"DemandMax":null,"Value":540},{"Length":46,"Height":12,"Demand":1,"DemandMax":null,"Value":552},{"Length":17,"Height":31,"Demand":1,"DemandMax":null,"Value":527},{"Length":38,"Height":14,"Demand":1,"DemandMax":null,"Value":532},{"Length":103,"Height":5,"Demand":3,"DemandMax":null,"Value":515},{"Length":90,"Height":6,"Demand":1,"DemandMax":null,"Value":540},{"Length":123,"Height":4,"Demand":1,"DemandMax":null,"Value":492},{"Length":2,"Height":222,"Demand":1,"DemandMax":null,"Value":444},{"Length":5,"Height":103,"Demand":1,"DemandMax":null,"Value":515},{"Length":19,"Height":27,"Demand":2,"DemandMax":null,"Value":513},{"Length":15,"Height":34,"Demand":1,"DemandMax":null,"Value":510},{"Length":157,"Height":3,"Demand":1,"DemandMax":null,"Value":471},{"Length":30,"Height":17,"Demand":2,"DemandMax":null,"Value":510},{"Length":32,"Height":16,"Demand":1,"DemandMax":null,"Value":512},{"Length":188,"Height":3,"Demand":1,"DemandMax":null,"Value":564},{"Length":12,"Height":42,"Demand":3,"DemandMax":null,"Value":504},{"Length":55,"Height":9,"Demand":2,"DemandMax":null,"Value":495},{"Length":14,"Height":36,"Demand":2,"DemandMax":null,"Value":504},{"Length":20,"Height":26,"Demand":1,"DemandMax":null,"Value":520},{"Length":15,"Height":33,"Demand":1,"DemandMax":null,"Value":495},{"Length":3,"Height":184,"Demand":1,"DemandMax":null,"Value":552},{"Length":7,"Height":74,"Demand":1,"DemandMax":null,"Value":518},{"Length":8,"Height":67,"Demand":3,"DemandMax":null,"Value":536},{"Length":24,"Height":21,"Demand":1,"DemandMax":null,"Value":504},{"Length":38,"Height":13,"Demand":3,"DemandMax":null,"Value":494},{"Length":4,"Height":120,"Demand":2,"DemandMax":null,"Value":480},{"Length":221,"Height":2,"Demand":1,"DemandMax":null,"Value":442},{"Length":178,"Height":3,"Demand":1,"DemandMax":null,"Value":534},{"Length":10,"Height":53,"Demand":1,"DemandMax":null,"Value":530},{"Length":126,"Height":4,"Demand":1,"DemandMax":null,"Value":504},{"Length":43,"Height":12,"Demand":1,"DemandMax":null,"Value":516},{"Length":31,"Height":16,"Demand":1,"DemandMax":null,"Value":496},{"Length":21,"Height":24,"Demand":2,"DemandMax":null,"Value":504},{"Length":23,"Height":22,"Demand":1,"DemandMax":null,"Value":506},{"Length":116,"Height":4,"Demand":1,"DemandMax":null,"Value":464},{"Length":133,"Height":4,"Demand":1,"DemandMax":null,"Value":532},{"Length":34,"Height":15,"Demand":1,"DemandMax":null,"Value":510},{"Length":14,"Height":35,"Demand":2,"DemandMax":null,"Value":490},{"Length":52,"Height":10,"Demand":1,"DemandMax":null,"Value":520},{"Length":7,"Height":77,"Demand":1,"DemandMax":null,"Value":539},{"Length":22,"Height":23,"Demand":1,"DemandMax":null,"Value":506},{"Length":120,"Height":4,"Demand":1,"DemandMax":null,"Value":480},{"Length":11,"Height":43,"Demand":4,"DemandMax":null,"Value":473},{"Length":13,"Height":37,"Demand":3,"DemandMax":null,"Value":481},{"Length":96,"Height":5,"Demand":3,"DemandMax":null,"Value":480},{"Length":56,"Height":9,"Demand":3,"DemandMax":null,"Value":504},{"Length":219,"Height":2,"Demand":1,"DemandMax":null,"Value":438},{"Length":13,"Height":38,"Demand":1,"DemandMax":null,"Value":494},{"Length":44,"Height":11,"Demand":2,"DemandMax":null,"Value":484},{"Length":6,"Height":78,"Demand":1,"DemandMax":null,"Value":468},{"Length":28,"Height":17,"Demand":1,"DemandMax":null,"Value":476},{"Length":7,"Height":75,"Demand":1,"DemandMax":null,"Value":525},{"Length":146,"Height":3,"Demand":1,"DemandMax":null,"Value":438},{"Length":136,"Height":4,"Demand":1,"DemandMax":null,"Value":544},{"Length":15,"Height":32,"Demand":3,"DemandMax":null,"Value":480},{"Length":35,"Height":14,"Demand":2,"DemandMax":null,"Value":490},{"Length":36,"Height":14,"Demand":1,"DemandMax":null,"Value":504},{"Length":16,"Height":31,"Demand":1,"DemandMax":null,"Value":496},{"Length":7,"Height":67,"Demand":1,"DemandMax":null,"Value":469},{"Length":9,"Height":52,"Demand":1,"DemandMax":null,"Value":468},{"Length":71,"Height":7,"Demand":1,"DemandMax":null,"Value":497},{"Length":8,"Height":63,"Demand":2,"DemandMax":null,"Value":504},{"Length":30,"Height":16,"Demand":1,"DemandMax":null,"Value":480},{"Length":95,"Height":5,"Demand":1,"DemandMax":null,"Value":475},{"Length":32,"Height":15,"Demand":1,"DemandMax":null,"Value":480},{"Length":101,"Height":5,"Demand":1,"DemandMax":null,"Value":505},{"Length":67,"Height":7,"Demand":2,"DemandMax":null,"Value":469},{"Length":140,"Height":3,"Demand":3,"DemandMax":null,"Value":420},{"Length":34,"Height":14,"Demand":1,"DemandMax":null,"Value":476},{"Length":52,"Height":9,"Demand":2,"DemandMax":null,"Value":468},{"Length":4,"Height":119,"Demand":1,"DemandMax":null,"Value":476},{"Length":84,"Height":6,"Demand":1,"DemandMax":null,"Value":504},{"Length":155,"Height":3,"Demand":1,"DemandMax":null,"Value":465},{"Length":39,"Height":13,"Demand":1,"DemandMax":null,"Value":507},{"Length":31,"Height":15,"Demand":1,"DemandMax":null,"Value":465},{"Length":2,"Height":201,"Demand":2,"DemandMax":null,"Value":402},{"Length":20,"Height":25,"Demand":1,"DemandMax":null,"Value":500},{"Length":3,"Height":169,"Demand":1,"DemandMax":null,"Value":507},{"Length":13,"Height":36,"Demand":2,"DemandMax":null,"Value":468},{"Length":112,"Height":4,"Demand":3,"DemandMax":null,"Value":448},{"Length":12,"Height":41,"Demand":2,"DemandMax":null,"Value":492},{"Length":2,"Height":197,"Demand":1,"DemandMax":null,"Value":394},{"Length":22,"Height":22,"Demand":1,"DemandMax":null,"Value":484},{"Length":6,"Height":83,"Demand":2,"DemandMax":null,"Value":498},{"Length":86,"Height":6,"Demand":1,"DemandMax":null,"Value":516},{"Length":8,"Height":59,"Demand":1,"DemandMax":null,"Value":472},{"Length":8,"Height":58,"Demand":1,"DemandMax":null,"Value":464},{"Length":17,"Height":28,"Demand":1,"DemandMax":null,"Value":476},{"Length":144,"Height":3,"Demand":3,"DemandMax":null,"Value":432},{"Length":43,"Height":11,"Demand":2,"DemandMax":null,"Value":473},{"Length":45,"Height":11,"Demand":1,"DemandMax":null,"Value":495},{"Length":62,"Height":8,"Demand":1,"DemandMax":null,"Value":496},{"Length":29,"Height":16,"Demand":1,"DemandMax":null,"Value":464},{"Length":63,"Height":8,"Demand":1,"DemandMax":null,"Value":504},{"Length":9,"Height":53,"Demand":2,"DemandMax":null,"Value":477},{"Length":3,"Height":163,"Demand":1,"DemandMax":null,"Value":489},{"Length":20,"Height":24,"Demand":2,"DemandMax":null,"Value":480},{"Length":127,"Height":4,"Demand":1,"DemandMax":null,"Value":508},{"Length":3,"Height":178,"Demand":3,"DemandMax":null,"Value":534},{"Length":57,"Height":8,"Demand":1,"DemandMax":null,"Value":456},{"Length":19,"Height":24,"Demand":1,"DemandMax":null,"Value":456},{"Length":25,"Height":19,"Demand":1,"DemandMax":null,"Value":475},{"Length":80,"Height":6,"Demand":1,"DemandMax":null,"Value":480},{"Length":4,"Height":106,"Demand":2,"DemandMax":null,"Value":424},{"Length":194,"Height":2,"Demand":4,"DemandMax":null,"Value":388},{"Length":54,"Height":9,"Demand":1,"DemandMax":null,"Value":486},{"Length":10,"Height":47,"Demand":2,"DemandMax":null,"Value":470},{"Length":27,"Height":18,"Demand":1,"DemandMax":null,"Value":486},{"Length":3,"Height":164,"Demand":1,"DemandMax":null,"Value":492},{"Length":5,"Height":92,"Demand":2,"DemandMax":null,"Value":460},{"Length":87,"Height":5,"Demand":1,"DemandMax":null,"Value":435},{"Length":78,"Height":6,"Demand":2,"DemandMax":null,"Value":468},{"Length":92,"Height":5,"Demand":1,"DemandMax":null,"Value":460},{"Length":209,"Height":2,"Demand":1,"DemandMax":null,"Value":418},{"Length":42,"Height":11,"Demand":1,"DemandMax":null,"Value":462},{"Length":50,"Height":9,"Demand":1,"DemandMax":null,"Value":450},{"Length":3,"Height":137,"Demand":2,"DemandMax":null,"Value":411},{"Length":186,"Height":2,"Demand":2,"DemandMax":null,"Value":372},{"Length":35,"Height":13,"Demand":2,"DemandMax":null,"Value":455},{"Length":17,"Height":27,"Demand":1,"DemandMax":null,"Value":459},{"Length":11,"Height":42,"Demand":2,"DemandMax":null,"Value":462},{"Length":5,"Height":99,"Demand":1,"DemandMax":null,"Value":495},{"Length":9,"Height":51,"Demand":2,"DemandMax":null,"Value":459},{"Length":212,"Height":2,"Demand":1,"DemandMax":null,"Value":424},{"Length":41,"Height":11,"Demand":2,"DemandMax":null,"Value":451},{"Length":110,"Height":4,"Demand":1,"DemandMax":null,"Value":440},{"Length":9,"Height":54,"Demand":1,"DemandMax":null,"Value":486},{"Length":117,"Height":4,"Demand":1,"DemandMax":null,"Value":468},{"Length":18,"Height":25,"Demand":2,"DemandMax":null,"Value":450},{"Length":24,"Height":20,"Demand":1,"DemandMax":null,"Value":480},{"Length":6,"Height":75,"Demand":1,"DemandMax":null,"Value":450},{"Length":7,"Height":63,"Demand":3,"DemandMax":null,"Value":441},{"Length":23,"Height":20,"Demand":1,"DemandMax":null,"Value":460},{"Length":4,"Height":107,"Demand":2,"DemandMax":null,"Value":428},{"Length":40,"Height":11,"Demand":2,"DemandMax":null,"Value":440},{"Length":74,"Height":6,"Demand":1,"DemandMax":null,"Value":444},{"Length":10,"Height":45,"Demand":2,"DemandMax":null,"Value":450},{"Length":83,"Height":6,"Demand":1,"DemandMax":null,"Value":498},{"Length":11,"Height":40,"Demand":1,"DemandMax":null,"Value":440},{"Length":26,"Height":17,"Demand":3,"DemandMax":null,"Value":442},{"Length":15,"Height":31,"Demand":1,"DemandMax":null,"Value":465},{"Length":5,"Height":91,"Demand":1,"DemandMax":null,"Value":455},{"Length":14,"Height":32,"Demand":2,"DemandMax":null,"Value":448},{"Length":7,"Height":64,"Demand":3,"DemandMax":null,"Value":448},{"Length":12,"Height":39,"Demand":1,"DemandMax":null,"Value":468},{"Length":34,"Height":13,"Demand":2,"DemandMax":null,"Value":442},{"Length":21,"Height":22,"Demand":1,"DemandMax":null,"Value":462},{"Length":9,"Height":48,"Demand":1,"DemandMax":null,"Value":432},{"Length":15,"Height":30,"Demand":1,"DemandMax":null,"Value":450},{"Length":20,"Height":23,"Demand":1,"DemandMax":null,"Value":460},{"Length":28,"Height":16,"Demand":2,"DemandMax":null,"Value":448},{"Length":6,"Height":77,"Demand":2,"DemandMax":null,"Value":462},{"Length":32,"Height":14,"Demand":2,"DemandMax":null,"Value":448},{"Length":115,"Height":4,"Demand":2,"DemandMax":null,"Value":460},{"Length":103,"Height":4,"Demand":3,"DemandMax":null,"Value":412},{"Length":98,"Height":5,"Demand":1,"DemandMax":null,"Value":490},{"Length":30,"Height":15,"Demand":1,"DemandMax":null,"Value":450},{"Length":27,"Height":17,"Demand":1,"DemandMax":null,"Value":459},{"Length":114,"Height":4,"Demand":2,"DemandMax":null,"Value":456},{"Length":8,"Height":55,"Demand":2,"DemandMax":null,"Value":440},{"Length":189,"Height":2,"Demand":1,"DemandMax":null,"Value":378},{"Length":3,"Height":140,"Demand":3,"DemandMax":null,"Value":420},{"Length":39,"Height":11,"Demand":2,"DemandMax":null,"Value":429},{"Length":61,"Height":7,"Demand":5,"DemandMax":null,"Value":427},{"Length":44,"Height":10,"Demand":2,"DemandMax":null,"Value":440},{"Length":90,"Height":5,"Demand":4,"DemandMax":null,"Value":450},{"Length":13,"Height":33,"Demand":2,"DemandMax":null,"Value":429},{"Length":6,"Height":69,"Demand":3,"DemandMax":null,"Value":414},{"Length":77,"Height":6,"Demand":1,"DemandMax":null,"Value":462},{"Length":3,"Height":134,"Demand":5,"DemandMax":null,"Value":402},{"Length":60,"Height":7,"Demand":1,"DemandMax":null,"Value":420},{"Length":9,"Height":47,"Demand":2,"DemandMax":null,"Value":423},{"Length":27,"Height":16,"Demand":1,"DemandMax":null,"Value":432},{"Length":45,"Height":10,"Demand":1,"DemandMax":null,"Value":450},{"Length":42,"Height":10,"Demand":2,"DemandMax":null,"Value":420},{"Length":4,"Height":97,"Demand":2,"DemandMax":null,"Value":388},{"Length":51,"Height":9,"Demand":2,"DemandMax":null,"Value":459},{"Length":7,"Height":60,"Demand":3,"DemandMax":null,"Value":420},{"Length":15,"Height":29,"Demand":2,"DemandMax":null,"Value":435},{"Length":15,"Height":28,"Demand":1,"DemandMax":null,"Value":420},{"Length":14,"Height":31,"Demand":2,"DemandMax":null,"Value":434},{"Length":20,"Height":22,"Demand":1,"DemandMax":null,"Value":440},{"Length":36,"Height":12,"Demand":1,"DemandMax":null,"Value":432},{"Length":21,"Height":20,"Demand":3,"DemandMax":null,"Value":420},{"Length":8,"Height":51,"Demand":2,"DemandMax":null,"Value":408},{"Length":2,"Height":184,"Demand":1,"DemandMax":null,"Value":368},{"Length":4,"Height":102,"Demand":3,"DemandMax":null,"Value":408},{"Length":170,"Height":3,"Demand":1,"DemandMax":null,"Value":510},{"Length":56,"Height":8,"Demand":2,"DemandMax":null,"Value":448},{"Length":54,"Height":8,"Demand":1,"DemandMax":null,"Value":432},{"Length":125,"Height":3,"Demand":2,"DemandMax":null,"Value":375},{"Length":9,"Height":50,"Demand":1,"DemandMax":null,"Value":450},{"Length":9,"Height":46,"Demand":1,"DemandMax":null,"Value":414},{"Length":9,"Height":49,"Demand":1,"DemandMax":null,"Value":441},{"Length":5,"Height":84,"Demand":3,"DemandMax":null,"Value":420},{"Length":19,"Height":22,"Demand":2,"DemandMax":null,"Value":418},{"Length":43,"Height":10,"Demand":3,"DemandMax":null,"Value":430},{"Length":4,"Height":110,"Demand":2,"DemandMax":null,"Value":440},{"Length":139,"Height":3,"Demand":2,"DemandMax":null,"Value":417},{"Length":66,"Height":6,"Demand":2,"DemandMax":null,"Value":396},{"Length":46,"Height":9,"Demand":2,"DemandMax":null,"Value":414},{"Length":5,"Height":88,"Demand":2,"DemandMax":null,"Value":440},{"Length":23,"Height":19,"Demand":1,"DemandMax":null,"Value":437},{"Length":33,"Height":13,"Demand":2,"DemandMax":null,"Value":429},{"Length":18,"Height":24,"Demand":1,"DemandMax":null,"Value":432},{"Length":177,"Height":2,"Demand":1,"DemandMax":null,"Value":354},{"Length":32,"Height":13,"Demand":1,"DemandMax":null,"Value":416},{"Length":20,"Height":21,"Demand":2,"DemandMax":null,"Value":420},{"Length":3,"Height":147,"Demand":2,"DemandMax":null,"Value":441},{"Length":16,"Height":26,"Demand":2,"DemandMax":null,"Value":416},{"Length":3,"Height":148,"Demand":1,"DemandMax":null,"Value":444},{"Length":6,"Height":70,"Demand":2,"DemandMax":null,"Value":420},{"Length":26,"Height":16,"Demand":1,"DemandMax":null,"Value":416},{"Length":11,"Height":37,"Demand":5,"DemandMax":null,"Value":407},{"Length":3,"Height":124,"Demand":1,"DemandMax":null,"Value":372},{"Length":14,"Height":30,"Demand":1,"DemandMax":null,"Value":420},{"Length":7,"Height":58,"Demand":2,"DemandMax":null,"Value":406},{"Length":16,"Height":27,"Demand":1,"DemandMax":null,"Value":432},{"Length":13,"Height":32,"Demand":1,"DemandMax":null,"Value":416},{"Length":78,"Height":5,"Demand":5,"DemandMax":null,"Value":390},{"Length":4,"Height":117,"Demand":1,"DemandMax":null,"Value":468},{"Length":4,"Height":98,"Demand":1,"DemandMax":null,"Value":392},{"Length":68,"Height":6,"Demand":1,"DemandMax":null,"Value":408},{"Length":12,"Height":36,"Demand":2,"DemandMax":null,"Value":432},{"Length":83,"Height":5,"Demand":1,"DemandMax":null,"Value":415},{"Length":34,"Height":12,"Demand":1,"DemandMax":null,"Value":408},{"Length":38,"Height":11,"Demand":2,"DemandMax":null,"Value":418},{"Length":141,"Height":3,"Demand":7,"DemandMax":null,"Value":423},{"Length":37,"Height":11,"Demand":2,"DemandMax":null,"Value":407},{"Length":4,"Height":99,"Demand":3,"DemandMax":null,"Value":396},{"Length":89,"Height":5,"Demand":1,"DemandMax":null,"Value":445},{"Length":11,"Height":38,"Demand":1,"DemandMax":null,"Value":418},{"Length":58,"Height":7,"Demand":1,"DemandMax":null,"Value":406},{"Length":2,"Height":178,"Demand":1,"DemandMax":null,"Value":356},{"Length":24,"Height":17,"Demand":1,"DemandMax":null,"Value":408},{"Length":28,"Height":15,"Demand":3,"DemandMax":null,"Value":420},{"Length":5,"Height":81,"Demand":1,"DemandMax":null,"Value":405},{"Length":109,"Height":4,"Demand":1,"DemandMax":null,"Value":436},{"Length":94,"Height":4,"Demand":1,"DemandMax":null,"Value":376},{"Length":17,"Height":24,"Demand":1,"DemandMax":null,"Value":408},{"Length":67,"Height":6,"Demand":1,"DemandMax":null,"Value":402},{"Length":8,"Height":53,"Demand":3,"DemandMax":null,"Value":424},{"Length":41,"Height":10,"Demand":2,"DemandMax":null,"Value":410},{"Length":153,"Height":3,"Demand":2,"DemandMax":null,"Value":459},{"Length":18,"Height":22,"Demand":3,"DemandMax":null,"Value":396},{"Length":3,"Height":139,"Demand":2,"DemandMax":null,"Value":417},{"Length":12,"Height":35,"Demand":2,"DemandMax":null,"Value":420},{"Length":33,"Height":12,"Demand":2,"DemandMax":null,"Value":396},{"Length":113,"Height":4,"Demand":1,"DemandMax":null,"Value":452},{"Length":11,"Height":36,"Demand":1,"DemandMax":null,"Value":396},{"Length":104,"Height":4,"Demand":5,"DemandMax":null,"Value":416},{"Length":29,"Height":14,"Demand":2,"DemandMax":null,"Value":406},{"Length":4,"Height":96,"Demand":2,"DemandMax":null,"Value":384},{"Length":31,"Height":13,"Demand":1,"DemandMax":null,"Value":403},{"Length":23,"Height":18,"Demand":1,"DemandMax":null,"Value":414},{"Length":10,"Height":42,"Demand":1,"DemandMax":null,"Value":420},{"Length":8,"Height":49,"Demand":3,"DemandMax":null,"Value":392},{"Length":184,"Height":2,"Demand":4,"DemandMax":null,"Value":368},{"Length":92,"Height":4,"Demand":3,"DemandMax":null,"Value":368},{"Length":6,"Height":67,"Demand":1,"DemandMax":null,"Value":402},{"Length":22,"Height":18,"Demand":2,"DemandMax":null,"Value":396},{"Length":20,"Height":20,"Demand":3,"DemandMax":null,"Value":400},{"Length":14,"Height":29,"Demand":3,"DemandMax":null,"Value":406},{"Length":6,"Height":62,"Demand":3,"DemandMax":null,"Value":372},{"Length":15,"Height":27,"Demand":1,"DemandMax":null,"Value":405},{"Length":5,"Height":83,"Demand":1,"DemandMax":null,"Value":415},{"Length":79,"Height":5,"Demand":1,"DemandMax":null,"Value":395},{"Length":4,"Height":93,"Demand":1,"DemandMax":null,"Value":372},{"Length":26,"Height":15,"Demand":1,"DemandMax":null,"Value":390},{"Length":40,"Height":10,"Demand":2,"DemandMax":null,"Value":400},{"Length":7,"Height":55,"Demand":3,"DemandMax":null,"Value":385},{"Length":9,"Height":43,"Demand":1,"DemandMax":null,"Value":387},{"Length":36,"Height":11,"Demand":4,"DemandMax":null,"Value":396},{"Length":73,"Height":6,"Demand":1,"DemandMax":null,"Value":438},{"Length":48,"Height":8,"Demand":1,"DemandMax":null,"Value":384},{"Length":5,"Height":78,"Demand":1,"DemandMax":null,"Value":390},{"Length":9,"Height":45,"Demand":3,"DemandMax":null,"Value":405},{"Length":96,"Height":4,"Demand":1,"DemandMax":null,"Value":384},{"Length":3,"Height":119,"Demand":6,"DemandMax":null,"Value":357},{"Length":8,"Height":47,"Demand":5,"DemandMax":null,"Value":376},{"Length":47,"Height":9,"Demand":1,"DemandMax":null,"Value":423},{"Length":62,"Height":6,"Demand":1,"DemandMax":null,"Value":372},{"Length":19,"Height":21,"Demand":1,"DemandMax":null,"Value":399},{"Length":3,"Height":129,"Demand":1,"DemandMax":null,"Value":387},{"Length":6,"Height":71,"Demand":1,"DemandMax":null,"Value":426},{"Length":13,"Height":31,"Demand":1,"DemandMax":null,"Value":403},{"Length":90,"Height":4,"Demand":4,"DemandMax":null,"Value":360},{"Length":99,"Height":4,"Demand":3,"DemandMax":null,"Value":396},{"Length":11,"Height":35,"Demand":3,"DemandMax":null,"Value":385},{"Length":86,"Height":5,"Demand":1,"DemandMax":null,"Value":430},{"Length":43,"Height":9,"Demand":2,"DemandMax":null,"Value":387},{"Length":10,"Height":39,"Demand":2,"DemandMax":null,"Value":390},{"Length":47,"Height":8,"Demand":1,"DemandMax":null,"Value":376},{"Length":23,"Height":17,"Demand":3,"DemandMax":null,"Value":391},{"Length":169,"Height":2,"Demand":3,"DemandMax":null,"Value":338},{"Length":56,"Height":7,"Demand":1,"DemandMax":null,"Value":392},{"Length":15,"Height":26,"Demand":4,"DemandMax":null,"Value":390},{"Length":77,"Height":5,"Demand":2,"DemandMax":null,"Value":385},{"Length":5,"Height":77,"Demand":2,"DemandMax":null,"Value":385},{"Length":108,"Height":4,"Demand":1,"DemandMax":null,"Value":432},{"Length":29,"Height":13,"Demand":2,"DemandMax":null,"Value":377},{"Length":14,"Height":27,"Demand":1,"DemandMax":null,"Value":378},{"Length":57,"Height":7,"Demand":1,"DemandMax":null,"Value":399},{"Length":4,"Height":91,"Demand":1,"DemandMax":null,"Value":364},{"Length":70,"Height":6,"Demand":1,"DemandMax":null,"Value":420},{"Length":22,"Height":17,"Demand":3,"DemandMax":null,"Value":374},{"Length":165,"Height":2,"Demand":3,"DemandMax":null,"Value":330},{"Length":12,"Height":31,"Demand":4,"DemandMax":null,"Value":372},{"Length":7,"Height":53,"Demand":1,"DemandMax":null,"Value":371},{"Length":74,"Height":5,"Demand":1,"DemandMax":null,"Value":370},{"Length":98,"Height":4,"Demand":1,"DemandMax":null,"Value":392},{"Length":38,"Height":10,"Demand":3,"DemandMax":null,"Value":380},{"Length":10,"Height":38,"Demand":2,"DemandMax":null,"Value":380},{"Length":41,"Height":9,"Demand":3,"DemandMax":null,"Value":369},{"Length":3,"Height":142,"Demand":1,"DemandMax":null,"Value":426},{"Length":9,"Height":42,"Demand":3,"DemandMax":null,"Value":378},{"Length":59,"Height":7,"Demand":1,"DemandMax":null,"Value":413},{"Length":46,"Height":8,"Demand":2,"DemandMax":null,"Value":368},{"Length":155,"Height":2,"Demand":1,"DemandMax":null,"Value":310},{"Length":24,"Height":16,"Demand":4,"DemandMax":null,"Value":384},{"Length":4,"Height":100,"Demand":2,"DemandMax":null,"Value":400},{"Length":6,"Height":60,"Demand":1,"DemandMax":null,"Value":360},{"Length":11,"Height":34,"Demand":1,"DemandMax":null,"Value":374},{"Length":12,"Height":32,"Demand":1,"DemandMax":null,"Value":384},{"Length":20,"Height":19,"Demand":2,"DemandMax":null,"Value":380},{"Length":2,"Height":190,"Demand":1,"DemandMax":null,"Value":380},{"Length":35,"Height":11,"Demand":2,"DemandMax":null,"Value":385},{"Length":10,"Height":37,"Demand":1,"DemandMax":null,"Value":370},{"Length":178,"Height":2,"Demand":3,"DemandMax":null,"Value":356},{"Length":44,"Height":9,"Demand":1,"DemandMax":null,"Value":396},{"Length":53,"Height":7,"Demand":3,"DemandMax":null,"Value":371},{"Length":8,"Height":48,"Demand":1,"DemandMax":null,"Value":384},{"Length":4,"Height":89,"Demand":1,"DemandMax":null,"Value":356},{"Length":2,"Height":162,"Demand":2,"DemandMax":null,"Value":324},{"Length":7,"Height":57,"Demand":1,"DemandMax":null,"Value":399},{"Length":49,"Height":8,"Demand":1,"DemandMax":null,"Value":392},{"Length":11,"Height":33,"Demand":2,"DemandMax":null,"Value":363},{"Length":42,"Height":9,"Demand":2,"DemandMax":null,"Value":378},{"Length":51,"Height":7,"Demand":1,"DemandMax":null,"Value":357},{"Length":5,"Height":70,"Demand":1,"DemandMax":null,"Value":350},{"Length":37,"Height":10,"Demand":2,"DemandMax":null,"Value":370},{"Length":9,"Height":44,"Demand":1,"DemandMax":null,"Value":396},{"Length":131,"Height":3,"Demand":2,"DemandMax":null,"Value":393},{"Length":27,"Height":14,"Demand":1,"DemandMax":null,"Value":378},{"Length":17,"Height":21,"Demand":2,"DemandMax":null,"Value":357},{"Length":31,"Height":12,"Demand":2,"DemandMax":null,"Value":372},{"Length":32,"Height":12,"Demand":1,"DemandMax":null,"Value":384},{"Length":106,"Height":4,"Demand":1,"DemandMax":null,"Value":424},{"Length":24,"Height":15,"Demand":1,"DemandMax":null,"Value":360},{"Length":13,"Height":28,"Demand":3,"DemandMax":null,"Value":364},{"Length":3,"Height":136,"Demand":2,"DemandMax":null,"Value":408},{"Length":154,"Height":2,"Demand":2,"DemandMax":null,"Value":308},{"Length":18,"Height":20,"Demand":3,"DemandMax":null,"Value":360},{"Length":40,"Height":9,"Demand":1,"DemandMax":null,"Value":360},{"Length":82,"Height":4,"Demand":3,"DemandMax":null,"Value":328},{"Length":2,"Height":151,"Demand":4,"DemandMax":null,"Value":302},{"Length":16,"Height":24,"Demand":1,"DemandMax":null,"Value":384},{"Length":19,"Height":19,"Demand":2,"DemandMax":null,"Value":361},{"Length":34,"Height":11,"Demand":1,"DemandMax":null,"Value":374},{"Length":11,"Height":32,"Demand":2,"DemandMax":null,"Value":352},{"Length":25,"Height":15,"Demand":1,"DemandMax":null,"Value":375},{"Length":4,"Height":101,"Demand":1,"DemandMax":null,"Value":404},{"Length":87,"Height":4,"Demand":1,"DemandMax":null,"Value":348},{"Length":59,"Height":6,"Demand":2,"DemandMax":null,"Value":354},{"Length":3,"Height":108,"Demand":2,"DemandMax":null,"Value":324},{"Length":15,"Height":24,"Demand":1,"DemandMax":null,"Value":360},{"Length":6,"Height":63,"Demand":2,"DemandMax":null,"Value":378},{"Length":30,"Height":12,"Demand":2,"DemandMax":null,"Value":360},{"Length":7,"Height":51,"Demand":1,"DemandMax":null,"Value":357},{"Length":6,"Height":65,"Demand":1,"DemandMax":null,"Value":390},{"Length":56,"Height":6,"Demand":2,"DemandMax":null,"Value":336},{"Length":5,"Height":79,"Demand":1,"DemandMax":null,"Value":395},{"Length":10,"Height":35,"Demand":3,"DemandMax":null,"Value":350},{"Length":66,"Height":5,"Demand":3,"DemandMax":null,"Value":330},{"Length":5,"Height":68,"Demand":2,"DemandMax":null,"Value":340},{"Length":64,"Height":6,"Demand":1,"DemandMax":null,"Value":384},{"Length":26,"Height":14,"Demand":2,"DemandMax":null,"Value":364},{"Length":16,"Height":22,"Demand":2,"DemandMax":null,"Value":352},{"Length":44,"Height":8,"Demand":2,"DemandMax":null,"Value":352},{"Length":25,"Height":14,"Demand":1,"DemandMax":null,"Value":350},{"Length":111,"Height":3,"Demand":2,"DemandMax":null,"Value":333},{"Length":65,"Height":6,"Demand":1,"DemandMax":null,"Value":390},{"Length":121,"Height":3,"Demand":1,"DemandMax":null,"Value":363},{"Length":58,"Height":6,"Demand":3,"DemandMax":null,"Value":348},{"Length":12,"Height":29,"Demand":2,"DemandMax":null,"Value":348},{"Length":3,"Height":117,"Demand":1,"DemandMax":null,"Value":351},{"Length":43,"Height":8,"Demand":2,"DemandMax":null,"Value":344},{"Length":9,"Height":38,"Demand":2,"DemandMax":null,"Value":342},{"Length":114,"Height":3,"Demand":3,"DemandMax":null,"Value":342},{"Length":8,"Height":46,"Demand":1,"DemandMax":null,"Value":368},{"Length":37,"Height":9,"Demand":1,"DemandMax":null,"Value":333},{"Length":5,"Height":67,"Demand":4,"DemandMax":null,"Value":335},{"Length":61,"Height":6,"Demand":1,"DemandMax":null,"Value":366},{"Length":91,"Height":4,"Demand":1,"DemandMax":null,"Value":364},{"Length":11,"Height":31,"Demand":4,"DemandMax":null,"Value":341},{"Length":5,"Height":74,"Demand":1,"DemandMax":null,"Value":370},{"Length":13,"Height":26,"Demand":2,"DemandMax":null,"Value":338},{"Length":17,"Height":20,"Demand":2,"DemandMax":null,"Value":340},{"Length":15,"Height":23,"Demand":3,"DemandMax":null,"Value":345},{"Length":22,"Height":16,"Demand":2,"DemandMax":null,"Value":352},{"Length":20,"Height":18,"Demand":2,"DemandMax":null,"Value":360},{"Length":35,"Height":10,"Demand":1,"DemandMax":null,"Value":350},{"Length":8,"Height":44,"Demand":2,"DemandMax":null,"Value":352},{"Length":149,"Height":2,"Demand":2,"DemandMax":null,"Value":298},{"Length":33,"Height":11,"Demand":1,"DemandMax":null,"Value":363},{"Length":107,"Height":3,"Demand":1,"DemandMax":null,"Value":321},{"Length":8,"Height":41,"Demand":1,"DemandMax":null,"Value":328},{"Length":4,"Height":92,"Demand":1,"DemandMax":null,"Value":368},{"Length":41,"Height":8,"Demand":5,"DemandMax":null,"Value":328},{"Length":11,"Height":30,"Demand":2,"DemandMax":null,"Value":330},{"Length":5,"Height":73,"Demand":1,"DemandMax":null,"Value":365},{"Length":31,"Height":11,"Demand":2,"DemandMax":null,"Value":341},{"Length":127,"Height":3,"Demand":1,"DemandMax":null,"Value":381},{"Length":13,"Height":27,"Demand":2,"DemandMax":null,"Value":351},{"Length":14,"Height":25,"Demand":1,"DemandMax":null,"Value":350},{"Length":3,"Height":109,"Demand":2,"DemandMax":null,"Value":327},{"Length":23,"Height":15,"Demand":2,"DemandMax":null,"Value":345},{"Length":8,"Height":42,"Demand":1,"DemandMax":null,"Value":336},{"Length":52,"Height":7,"Demand":1,"DemandMax":null,"Value":364},{"Length":5,"Height":63,"Demand":4,"DemandMax":null,"Value":315},{"Length":38,"Height":9,"Demand":3,"DemandMax":null,"Value":342},{"Length":57,"Height":6,"Demand":1,"DemandMax":null,"Value":342},{"Length":6,"Height":55,"Demand":1,"DemandMax":null,"Value":330},{"Length":45,"Height":8,"Demand":1,"DemandMax":null,"Value":360},{"Length":119,"Height":3,"Demand":1,"DemandMax":null,"Value":357},{"Length":115,"Height":3,"Demand":2,"DemandMax":null,"Value":345},{"Length":8,"Height":43,"Demand":4,"DemandMax":null,"Value":344},{"Length":55,"Height":6,"Demand":1,"DemandMax":null,"Value":330},{"Length":4,"Height":79,"Demand":1,"DemandMax":null,"Value":316},{"Length":12,"Height":28,"Demand":2,"DemandMax":null,"Value":336},{"Length":32,"Height":11,"Demand":1,"DemandMax":null,"Value":352},{"Length":104,"Height":3,"Demand":3,"DemandMax":null,"Value":312},{"Length":67,"Height":5,"Demand":1,"DemandMax":null,"Value":335},{"Length":95,"Height":4,"Demand":1,"DemandMax":null,"Value":380},{"Length":27,"Height":12,"Demand":5,"DemandMax":null,"Value":324},{"Length":122,"Height":3,"Demand":3,"DemandMax":null,"Value":366},{"Length":20,"Height":17,"Demand":2,"DemandMax":null,"Value":340},{"Length":100,"Height":3,"Demand":1,"DemandMax":null,"Value":300},{"Length":19,"Height":18,"Demand":1,"DemandMax":null,"Value":342},{"Length":33,"Height":10,"Demand":3,"DemandMax":null,"Value":330},{"Length":3,"Height":132,"Demand":1,"DemandMax":null,"Value":396},{"Length":22,"Height":15,"Demand":2,"DemandMax":null,"Value":330},{"Length":9,"Height":37,"Demand":1,"DemandMax":null,"Value":333},{"Length":12,"Height":27,"Demand":2,"DemandMax":null,"Value":324},{"Length":7,"Height":47,"Demand":2,"DemandMax":null,"Value":329},{"Length":113,"Height":3,"Demand":1,"DemandMax":null,"Value":339},{"Length":79,"Height":4,"Demand":2,"DemandMax":null,"Value":316},{"Length":18,"Height":18,"Demand":3,"DemandMax":null,"Value":324},{"Length":23,"Height":14,"Demand":4,"DemandMax":null,"Value":322},{"Length":3,"Height":131,"Demand":1,"DemandMax":null,"Value":393},{"Length":75,"Height":4,"Demand":3,"DemandMax":null,"Value":300},{"Length":110,"Height":3,"Demand":2,"DemandMax":null,"Value":330},{"Length":74,"Height":4,"Demand":2,"DemandMax":null,"Value":296},{"Length":2,"Height":134,"Demand":2,"DemandMax":null,"Value":268},{"Length":17,"Height":19,"Demand":1,"DemandMax":null,"Value":323},{"Length":52,"Height":6,"Demand":4,"DemandMax":null,"Value":312},{"Length":7,"Height":48,"Demand":2,"DemandMax":null,"Value":336},{"Length":30,"Height":11,"Demand":4,"DemandMax":null,"Value":330},{"Length":3,"Height":106,"Demand":5,"DemandMax":null,"Value":318},{"Length":47,"Height":7,"Demand":2,"DemandMax":null,"Value":329},{"Length":106,"Height":3,"Demand":5,"DemandMax":null,"Value":318},{"Length":3,"Height":130,"Demand":1,"DemandMax":null,"Value":390},{"Length":4,"Height":78,"Demand":3,"DemandMax":null,"Value":312},{"Length":3,"Height":121,"Demand":1,"DemandMax":null,"Value":363},{"Length":3,"Height":115,"Demand":1,"DemandMax":null,"Value":345},{"Length":26,"Height":12,"Demand":1,"DemandMax":null,"Value":312},{"Length":9,"Height":36,"Demand":4,"DemandMax":null,"Value":324},{"Length":6,"Height":53,"Demand":3,"DemandMax":null,"Value":318},{"Length":72,"Height":5,"Demand":1,"DemandMax":null,"Value":360},{"Length":14,"Height":24,"Demand":1,"DemandMax":null,"Value":336},{"Length":16,"Height":21,"Demand":1,"DemandMax":null,"Value":336},{"Length":2,"Height":149,"Demand":3,"DemandMax":null,"Value":298},{"Length":32,"Height":10,"Demand":2,"DemandMax":null,"Value":320},{"Length":18,"Height":19,"Demand":2,"DemandMax":null,"Value":342},{"Length":7,"Height":44,"Demand":1,"DemandMax":null,"Value":308},{"Length":8,"Height":39,"Demand":2,"DemandMax":null,"Value":312},{"Length":46,"Height":7,"Demand":1,"DemandMax":null,"Value":322},{"Length":25,"Height":13,"Demand":1,"DemandMax":null,"Value":325},{"Length":9,"Height":35,"Demand":3,"DemandMax":null,"Value":315},{"Length":16,"Height":20,"Demand":1,"DemandMax":null,"Value":320},{"Length":12,"Height":26,"Demand":2,"DemandMax":null,"Value":312},{"Length":36,"Height":9,"Demand":1,"DemandMax":null,"Value":324},{"Length":8,"Height":40,"Demand":1,"DemandMax":null,"Value":320},{"Length":141,"Height":2,"Demand":1,"DemandMax":null,"Value":282},{"Length":14,"Height":23,"Demand":4,"DemandMax":null,"Value":322},{"Length":3,"Height":112,"Demand":1,"DemandMax":null,"Value":336},{"Length":20,"Height":16,"Demand":6,"DemandMax":null,"Value":320},{"Length":31,"Height":10,"Demand":3,"DemandMax":null,"Value":310},{"Length":158,"Height":2,"Demand":3,"DemandMax":null,"Value":316},{"Length":21,"Height":16,"Demand":1,"DemandMax":null,"Value":336},{"Length":4,"Height":74,"Demand":2,"DemandMax":null,"Value":296},{"Length":60,"Height":5,"Demand":3,"DemandMax":null,"Value":300},{"Length":4,"Height":76,"Demand":2,"DemandMax":null,"Value":304},{"Length":9,"Height":34,"Demand":2,"DemandMax":null,"Value":306},{"Length":170,"Height":2,"Demand":2,"DemandMax":null,"Value":340},{"Length":49,"Height":7,"Demand":1,"DemandMax":null,"Value":343},{"Length":50,"Height":6,"Demand":5,"DemandMax":null,"Value":300},{"Length":11,"Height":29,"Demand":2,"DemandMax":null,"Value":319},{"Length":24,"Height":13,"Demand":2,"DemandMax":null,"Value":312},{"Length":7,"Height":45,"Demand":2,"DemandMax":null,"Value":315},{"Length":97,"Height":3,"Demand":5,"DemandMax":null,"Value":291},{"Length":39,"Height":8,"Demand":3,"DemandMax":null,"Value":312},{"Length":108,"Height":3,"Demand":3,"DemandMax":null,"Value":324},{"Length":4,"Height":88,"Demand":2,"DemandMax":null,"Value":352},{"Length":35,"Height":9,"Demand":2,"DemandMax":null,"Value":315},{"Length":73,"Height":4,"Demand":2,"DemandMax":null,"Value":292},{"Length":14,"Height":22,"Demand":4,"DemandMax":null,"Value":308},{"Length":144,"Height":2,"Demand":2,"DemandMax":null,"Value":288},{"Length":4,"Height":81,"Demand":2,"DemandMax":null,"Value":324},{"Length":83,"Height":4,"Demand":1,"DemandMax":null,"Value":332},{"Length":17,"Height":18,"Demand":1,"DemandMax":null,"Value":306},{"Length":3,"Height":123,"Demand":1,"DemandMax":null,"Value":369},{"Length":120,"Height":3,"Demand":1,"DemandMax":null,"Value":360},{"Length":13,"Height":24,"Demand":2,"DemandMax":null,"Value":312},{"Length":6,"Height":51,"Demand":1,"DemandMax":null,"Value":306},{"Length":109,"Height":3,"Demand":3,"DemandMax":null,"Value":327},{"Length":5,"Height":64,"Demand":2,"DemandMax":null,"Value":320},{"Length":21,"Height":15,"Demand":1,"DemandMax":null,"Value":315},{"Length":3,"Height":122,"Demand":1,"DemandMax":null,"Value":366},{"Length":42,"Height":7,"Demand":6,"DemandMax":null,"Value":294},{"Length":9,"Height":33,"Demand":1,"DemandMax":null,"Value":297},{"Length":15,"Height":21,"Demand":1,"DemandMax":null,"Value":315},{"Length":6,"Height":54,"Demand":1,"DemandMax":null,"Value":324},{"Length":70,"Height":4,"Demand":5,"DemandMax":null,"Value":280},{"Length":3,"Height":91,"Demand":6,"DemandMax":null,"Value":273},{"Length":7,"Height":46,"Demand":1,"DemandMax":null,"Value":322},{"Length":78,"Height":4,"Demand":5,"DemandMax":null,"Value":312},{"Length":6,"Height":48,"Demand":9,"DemandMax":null,"Value":288},{"Length":8,"Height":37,"Demand":2,"DemandMax":null,"Value":296},{"Length":4,"Height":69,"Demand":5,"DemandMax":null,"Value":276},{"Length":10,"Height":29,"Demand":4,"DemandMax":null,"Value":290},{"Length":14,"Height":21,"Demand":2,"DemandMax":null,"Value":294},{"Length":11,"Height":28,"Demand":6,"DemandMax":null,"Value":308},{"Length":58,"Height":5,"Demand":3,"DemandMax":null,"Value":290},{"Length":59,"Height":5,"Demand":3,"DemandMax":null,"Value":295},{"Length":6,"Height":52,"Demand":4,"DemandMax":null,"Value":312},{"Length":20,"Height":15,"Demand":6,"DemandMax":null,"Value":300},{"Length":6,"Height":50,"Demand":5,"DemandMax":null,"Value":300},{"Length":37,"Height":8,"Demand":2,"DemandMax":null,"Value":296},{"Length":90,"Height":3,"Demand":4,"DemandMax":null,"Value":270},{"Length":33,"Height":9,"Demand":4,"DemandMax":null,"Value":297},{"Length":5,"Height":56,"Demand":1,"DemandMax":null,"Value":280},{"Length":94,"Height":3,"Demand":2,"DemandMax":null,"Value":282},{"Length":4,"Height":83,"Demand":3,"DemandMax":null,"Value":332},{"Length":34,"Height":9,"Demand":6,"DemandMax":null,"Value":306},{"Length":8,"Height":36,"Demand":5,"DemandMax":null,"Value":288},{"Length":15,"Height":20,"Demand":4,"DemandMax":null,"Value":300},{"Length":13,"Height":23,"Demand":2,"DemandMax":null,"Value":299},{"Length":133,"Height":2,"Demand":2,"DemandMax":null,"Value":266},{"Length":7,"Height":43,"Demand":2,"DemandMax":null,"Value":301},{"Length":12,"Height":25,"Demand":4,"DemandMax":null,"Value":300},{"Length":65,"Height":5,"Demand":1,"DemandMax":null,"Value":325},{"Length":2,"Height":142,"Demand":2,"DemandMax":null,"Value":284},{"Length":57,"Height":5,"Demand":2,"DemandMax":null,"Value":285},{"Length":16,"Height":19,"Demand":1,"DemandMax":null,"Value":304},{"Length":72,"Height":4,"Demand":3,"DemandMax":null,"Value":288},{"Length":24,"Height":12,"Demand":2,"DemandMax":null,"Value":288},{"Length":13,"Height":22,"Demand":4,"DemandMax":null,"Value":286},{"Length":80,"Height":4,"Demand":2,"DemandMax":null,"Value":320},{"Length":41,"Height":7,"Demand":4,"DemandMax":null,"Value":287},{"Length":40,"Height":8,"Demand":1,"DemandMax":null,"Value":320},{"Length":88,"Height":3,"Demand":2,"DemandMax":null,"Value":264},{"Length":21,"Height":14,"Demand":2,"DemandMax":null,"Value":294},{"Length":55,"Height":5,"Demand":3,"DemandMax":null,"Value":275},{"Length":32,"Height":9,"Demand":3,"DemandMax":null,"Value":288},{"Length":11,"Height":27,"Demand":3,"DemandMax":null,"Value":297},{"Length":44,"Height":7,"Demand":2,"DemandMax":null,"Value":308},{"Length":87,"Height":3,"Demand":1,"DemandMax":null,"Value":261},{"Length":38,"Height":8,"Demand":2,"DemandMax":null,"Value":304},{"Length":69,"Height":4,"Demand":2,"DemandMax":null,"Value":276},{"Length":67,"Height":4,"Demand":3,"DemandMax":null,"Value":268},{"Length":17,"Height":17,"Demand":4,"DemandMax":null,"Value":289},{"Length":4,"Height":75,"Demand":1,"DemandMax":null,"Value":300},{"Length":5,"Height":60,"Demand":3,"DemandMax":null,"Value":300},{"Length":81,"Height":4,"Demand":4,"DemandMax":null,"Value":324},{"Length":4,"Height":70,"Demand":2,"DemandMax":null,"Value":280},{"Length":43,"Height":7,"Demand":4,"DemandMax":null,"Value":301},{"Length":7,"Height":42,"Demand":1,"DemandMax":null,"Value":294},{"Length":11,"Height":26,"Demand":3,"DemandMax":null,"Value":286},{"Length":5,"Height":57,"Demand":1,"DemandMax":null,"Value":285},{"Length":3,"Height":88,"Demand":1,"DemandMax":null,"Value":264},{"Length":26,"Height":11,"Demand":2,"DemandMax":null,"Value":286},{"Length":28,"Height":11,"Demand":1,"DemandMax":null,"Value":308},{"Length":51,"Height":6,"Demand":2,"DemandMax":null,"Value":306},{"Length":22,"Height":14,"Demand":1,"DemandMax":null,"Value":308},{"Length":25,"Height":12,"Demand":2,"DemandMax":null,"Value":300},{"Length":103,"Height":3,"Demand":1,"DemandMax":null,"Value":309},{"Length":7,"Height":40,"Demand":1,"DemandMax":null,"Value":280},{"Length":8,"Height":38,"Demand":2,"DemandMax":null,"Value":304},{"Length":18,"Height":17,"Demand":1,"DemandMax":null,"Value":306},{"Length":3,"Height":110,"Demand":1,"DemandMax":null,"Value":330},{"Length":30,"Height":10,"Demand":1,"DemandMax":null,"Value":300},{"Length":85,"Height":3,"Demand":1,"DemandMax":null,"Value":255},{"Length":163,"Height":2,"Demand":1,"DemandMax":null,"Value":326},{"Length":23,"Height":13,"Demand":1,"DemandMax":null,"Value":299},{"Length":16,"Height":18,"Demand":4,"DemandMax":null,"Value":288},{"Length":18,"Height":16,"Demand":6,"DemandMax":null,"Value":288},{"Length":27,"Height":11,"Demand":4,"DemandMax":null,"Value":297},{"Length":6,"Height":45,"Demand":1,"DemandMax":null,"Value":270},{"Length":54,"Height":5,"Demand":1,"DemandMax":null,"Value":270},{"Length":34,"Height":8,"Demand":9,"DemandMax":null,"Value":272},{"Length":7,"Height":39,"Demand":1,"DemandMax":null,"Value":273},{"Length":12,"Height":24,"Demand":5,"DemandMax":null,"Value":288},{"Length":9,"Height":32,"Demand":4,"DemandMax":null,"Value":288},{"Length":31,"Height":9,"Demand":4,"DemandMax":null,"Value":279},{"Length":4,"Height":72,"Demand":2,"DemandMax":null,"Value":288},{"Length":2,"Height":119,"Demand":3,"DemandMax":null,"Value":238},{"Length":11,"Height":25,"Demand":4,"DemandMax":null,"Value":275},{"Length":36,"Height":8,"Demand":3,"DemandMax":null,"Value":288},{"Length":22,"Height":13,"Demand":2,"DemandMax":null,"Value":286},{"Length":92,"Height":3,"Demand":2,"DemandMax":null,"Value":276},{"Length":20,"Height":14,"Demand":3,"DemandMax":null,"Value":280},{"Length":3,"Height":105,"Demand":1,"DemandMax":null,"Value":315},{"Length":4,"Height":66,"Demand":5,"DemandMax":null,"Value":264},{"Length":38,"Height":7,"Demand":1,"DemandMax":null,"Value":266},{"Length":3,"Height":113,"Demand":1,"DemandMax":null,"Value":339},{"Length":6,"Height":49,"Demand":2,"DemandMax":null,"Value":294},{"Length":3,"Height":104,"Demand":1,"DemandMax":null,"Value":312},{"Length":28,"Height":10,"Demand":3,"DemandMax":null,"Value":280},{"Length":2,"Height":121,"Demand":1,"DemandMax":null,"Value":242},{"Length":157,"Height":2,"Demand":1,"DemandMax":null,"Value":314},{"Length":30,"Height":9,"Demand":5,"DemandMax":null,"Value":270},{"Length":8,"Height":35,"Demand":2,"DemandMax":null,"Value":280},{"Length":8,"Height":33,"Demand":3,"DemandMax":null,"Value":264},{"Length":16,"Height":17,"Demand":4,"DemandMax":null,"Value":272},{"Length":7,"Height":38,"Demand":3,"DemandMax":null,"Value":266},{"Length":5,"Height":55,"Demand":3,"DemandMax":null,"Value":275},{"Length":9,"Height":31,"Demand":5,"DemandMax":null,"Value":279},{"Length":77,"Height":4,"Demand":1,"DemandMax":null,"Value":308},{"Length":12,"Height":23,"Demand":2,"DemandMax":null,"Value":276},{"Length":47,"Height":6,"Demand":7,"DemandMax":null,"Value":282},{"Length":48,"Height":6,"Demand":4,"DemandMax":null,"Value":288},{"Length":4,"Height":62,"Demand":3,"DemandMax":null,"Value":248},{"Length":140,"Height":2,"Demand":2,"DemandMax":null,"Value":280},{"Length":29,"Height":10,"Demand":2,"DemandMax":null,"Value":290},{"Length":115,"Height":2,"Demand":2,"DemandMax":null,"Value":230},{"Length":13,"Height":21,"Demand":3,"DemandMax":null,"Value":273},{"Length":40,"Height":7,"Demand":2,"DemandMax":null,"Value":280},{"Length":68,"Height":4,"Demand":1,"DemandMax":null,"Value":272},{"Length":65,"Height":4,"Demand":2,"DemandMax":null,"Value":260},{"Length":19,"Height":15,"Demand":1,"DemandMax":null,"Value":285},{"Length":4,"Height":63,"Demand":4,"DemandMax":null,"Value":252},{"Length":21,"Height":13,"Demand":3,"DemandMax":null,"Value":273},{"Length":15,"Height":18,"Demand":7,"DemandMax":null,"Value":270},{"Length":3,"Height":87,"Demand":2,"DemandMax":null,"Value":261},{"Length":15,"Height":19,"Demand":1,"DemandMax":null,"Value":285},{"Length":125,"Height":2,"Demand":2,"DemandMax":null,"Value":250},{"Length":7,"Height":41,"Demand":1,"DemandMax":null,"Value":287},{"Length":46,"Height":6,"Demand":4,"DemandMax":null,"Value":276},{"Length":19,"Height":14,"Demand":2,"DemandMax":null,"Value":266},{"Length":5,"Height":53,"Demand":4,"DemandMax":null,"Value":265},{"Length":2,"Height":120,"Demand":2,"DemandMax":null,"Value":240},{"Length":96,"Height":3,"Demand":4,"DemandMax":null,"Value":288},{"Length":2,"Height":140,"Demand":2,"DemandMax":null,"Value":280},{"Length":9,"Height":30,"Demand":10,"DemandMax":null,"Value":270},{"Length":2,"Height":112,"Demand":2,"DemandMax":null,"Value":224},{"Length":4,"Height":67,"Demand":3,"DemandMax":null,"Value":268},{"Length":12,"Height":22,"Demand":6,"DemandMax":null,"Value":264},{"Length":53,"Height":5,"Demand":2,"DemandMax":null,"Value":265},{"Length":2,"Height":111,"Demand":2,"DemandMax":null,"Value":222},{"Length":52,"Height":5,"Demand":2,"DemandMax":null,"Value":260},{"Length":5,"Height":52,"Demand":3,"DemandMax":null,"Value":260},{"Length":10,"Height":28,"Demand":2,"DemandMax":null,"Value":280},{"Length":14,"Height":20,"Demand":1,"DemandMax":null,"Value":280},{"Length":11,"Height":24,"Demand":4,"DemandMax":null,"Value":264},{"Length":10,"Height":27,"Demand":3,"DemandMax":null,"Value":270},{"Length":14,"Height":19,"Demand":1,"DemandMax":null,"Value":266},{"Length":64,"Height":4,"Demand":3,"DemandMax":null,"Value":256},{"Length":3,"Height":97,"Demand":2,"DemandMax":null,"Value":291},{"Length":39,"Height":7,"Demand":7,"DemandMax":null,"Value":273},{"Length":146,"Height":2,"Demand":1,"DemandMax":null,"Value":292},{"Length":101,"Height":3,"Demand":1,"DemandMax":null,"Value":303},{"Length":4,"Height":65,"Demand":2,"DemandMax":null,"Value":260},{"Length":5,"Height":59,"Demand":1,"DemandMax":null,"Value":295},{"Length":3,"Height":90,"Demand":2,"DemandMax":null,"Value":270},{"Length":6,"Height":44,"Demand":2,"DemandMax":null,"Value":264},{"Length":50,"Height":5,"Demand":2,"DemandMax":null,"Value":250},{"Length":33,"Height":8,"Demand":3,"DemandMax":null,"Value":264},{"Length":84,"Height":3,"Demand":1,"DemandMax":null,"Value":252},{"Length":2,"Height":110,"Demand":1,"DemandMax":null,"Value":220},{"Length":135,"Height":2,"Demand":4,"DemandMax":null,"Value":270},{"Length":26,"Height":10,"Demand":4,"DemandMax":null,"Value":260},{"Length":27,"Height":10,"Demand":4,"DemandMax":null,"Value":270},{"Length":24,"Height":11,"Demand":5,"DemandMax":null,"Value":264},{"Length":37,"Height":7,"Demand":2,"DemandMax":null,"Value":259},{"Length":8,"Height":34,"Demand":4,"DemandMax":null,"Value":272},{"Length":22,"Height":12,"Demand":3,"DemandMax":null,"Value":264},{"Length":51,"Height":5,"Demand":1,"DemandMax":null,"Value":255},{"Length":42,"Height":6,"Demand":1,"DemandMax":null,"Value":252},{"Length":13,"Height":20,"Demand":1,"DemandMax":null,"Value":260},{"Length":29,"Height":9,"Demand":1,"DemandMax":null,"Value":261},{"Length":43,"Height":6,"Demand":1,"DemandMax":null,"Value":258},{"Length":71,"Height":4,"Demand":1,"DemandMax":null,"Value":284},{"Length":3,"Height":83,"Demand":2,"DemandMax":null,"Value":249},{"Length":76,"Height":4,"Demand":1,"DemandMax":null,"Value":304},{"Length":23,"Height":12,"Demand":4,"DemandMax":null,"Value":276},{"Length":2,"Height":139,"Demand":3,"DemandMax":null,"Value":278},{"Length":20,"Height":13,"Demand":3,"DemandMax":null,"Value":260},{"Length":81,"Height":3,"Demand":2,"DemandMax":null,"Value":243},{"Length":4,"Height":68,"Demand":2,"DemandMax":null,"Value":272},{"Length":18,"Height":15,"Demand":1,"DemandMax":null,"Value":270},{"Length":9,"Height":29,"Demand":2,"DemandMax":null,"Value":261},{"Length":66,"Height":4,"Demand":2,"DemandMax":null,"Value":264},{"Length":8,"Height":32,"Demand":1,"DemandMax":null,"Value":256},{"Length":21,"Height":12,"Demand":4,"DemandMax":null,"Value":252},{"Length":93,"Height":3,"Demand":1,"DemandMax":null,"Value":279},{"Length":11,"Height":23,"Demand":2,"DemandMax":null,"Value":253},{"Length":45,"Height":6,"Demand":4,"DemandMax":null,"Value":270},{"Length":3,"Height":89,"Demand":1,"DemandMax":null,"Value":267},{"Length":6,"Height":42,"Demand":2,"DemandMax":null,"Value":252},{"Length":79,"Height":3,"Demand":1,"DemandMax":null,"Value":237},{"Length":17,"Height":15,"Demand":3,"DemandMax":null,"Value":255},{"Length":31,"Height":8,"Demand":1,"DemandMax":null,"Value":248},{"Length":6,"Height":47,"Demand":2,"DemandMax":null,"Value":282},{"Length":9,"Height":28,"Demand":1,"DemandMax":null,"Value":252},{"Length":124,"Height":2,"Demand":1,"DemandMax":null,"Value":248},{"Length":32,"Height":8,"Demand":1,"DemandMax":null,"Value":256},{"Length":44,"Height":6,"Demand":3,"DemandMax":null,"Value":264},{"Length":49,"Height":5,"Demand":3,"DemandMax":null,"Value":245},{"Length":14,"Height":18,"Demand":2,"DemandMax":null,"Value":252},{"Length":3,"Height":75,"Demand":1,"DemandMax":null,"Value":225},{"Length":5,"Height":49,"Demand":2,"DemandMax":null,"Value":245},{"Length":78,"Height":3,"Demand":3,"DemandMax":null,"Value":234},{"Length":7,"Height":37,"Demand":1,"DemandMax":null,"Value":259},{"Length":23,"Height":11,"Demand":2,"DemandMax":null,"Value":253},{"Length":5,"Height":51,"Demand":1,"DemandMax":null,"Value":255},{"Length":36,"Height":7,"Demand":2,"DemandMax":null,"Value":252},{"Length":3,"Height":76,"Demand":2,"DemandMax":null,"Value":228},{"Length":4,"Height":64,"Demand":1,"DemandMax":null,"Value":256},{"Length":19,"Height":13,"Demand":2,"DemandMax":null,"Value":247},{"Length":5,"Height":50,"Demand":1,"DemandMax":null,"Value":250},{"Length":120,"Height":2,"Demand":1,"DemandMax":null,"Value":240},{"Length":56,"Height":5,"Demand":1,"DemandMax":null,"Value":280},{"Length":41,"Height":6,"Demand":1,"DemandMax":null,"Value":246},{"Length":6,"Height":41,"Demand":1,"DemandMax":null,"Value":246},{"Length":5,"Height":48,"Demand":2,"DemandMax":null,"Value":240},{"Length":30,"Height":8,"Demand":1,"DemandMax":null,"Value":240},{"Length":27,"Height":9,"Demand":2,"DemandMax":null,"Value":243},{"Length":10,"Height":25,"Demand":1,"DemandMax":null,"Value":250},{"Length":45,"Height":5,"Demand":2,"DemandMax":null,"Value":225},{"Length":91,"Height":3,"Demand":1,"DemandMax":null,"Value":273},{"Length":63,"Height":4,"Demand":3,"DemandMax":null,"Value":252},{"Length":26,"Height":9,"Demand":1,"DemandMax":null,"Value":234},{"Length":20,"Height":12,"Demand":1,"DemandMax":null,"Value":240},{"Length":11,"Height":22,"Demand":1,"DemandMax":null,"Value":242},{"Length":12,"Height":20,"Demand":1,"DemandMax":null,"Value":240},{"Length":11,"Height":21,"Demand":1,"DemandMax":null,"Value":231},{"Length":122,"Height":2,"Demand":1,"DemandMax":null,"Value":244},{"Length":7,"Height":32,"Demand":1,"DemandMax":null,"Value":224},{"Length":28,"Height":8,"Demand":2,"DemandMax":null,"Value":224},{"Length":6,"Height":36,"Demand":1,"DemandMax":null,"Value":216},{"Length":5,"Height":43,"Demand":1,"DemandMax":null,"Value":215},{"Length":7,"Height":34,"Demand":1,"DemandMax":null,"Value":238},{"Length":23,"Height":10,"Demand":1,"DemandMax":null,"Value":230},{"Length":9,"Height":25,"Demand":1,"DemandMax":null,"Value":225},{"Length":100,"Height":2,"Demand":4,"DemandMax":null,"Value":200},{"Length":9,"Height":26,"Demand":1,"DemandMax":null,"Value":234},{"Length":27,"Height":8,"Demand":2,"DemandMax":null,"Value":216},{"Length":31,"Height":7,"Demand":2,"DemandMax":null,"Value":217},{"Length":22,"Height":10,"Demand":2,"DemandMax":null,"Value":220},{"Length":6,"Height":37,"Demand":1,"DemandMax":null,"Value":222},{"Length":34,"Height":7,"Demand":1,"DemandMax":null,"Value":238},{"Length":50,"Height":4,"Demand":1,"DemandMax":null,"Value":200},{"Length":117,"Height":2,"Demand":1,"DemandMax":null,"Value":234},{"Length":47,"Height":5,"Demand":1,"DemandMax":null,"Value":235},{"Length":91,"Height":2,"Demand":1,"DemandMax":null,"Value":182},{"Length":69,"Height":3,"Demand":4,"DemandMax":null,"Value":207},{"Length":104,"Height":2,"Demand":1,"DemandMax":null,"Value":208},{"Length":35,"Height":6,"Demand":1,"DemandMax":null,"Value":210},{"Length":2,"Height":129,"Demand":1,"DemandMax":null,"Value":258},{"Length":38,"Height":6,"Demand":1,"DemandMax":null,"Value":228},{"Length":3,"Height":71,"Demand":2,"DemandMax":null,"Value":213},{"Length":142,"Height":2,"Demand":2,"DemandMax":null,"Value":284},{"Length":8,"Height":28,"Demand":1,"DemandMax":null,"Value":224},{"Length":24,"Height":9,"Demand":1,"DemandMax":null,"Value":216},{"Length":4,"Height":52,"Demand":1,"DemandMax":null,"Value":208},{"Length":3,"Height":68,"Demand":2,"DemandMax":null,"Value":204},{"Length":34,"Height":6,"Demand":3,"DemandMax":null,"Value":204},{"Length":4,"Height":55,"Demand":2,"DemandMax":null,"Value":220},{"Length":20,"Height":10,"Demand":1,"DemandMax":null,"Value":200},{"Length":2,"Height":100,"Demand":1,"DemandMax":null,"Value":200},{"Length":15,"Height":14,"Demand":1,"DemandMax":null,"Value":210},{"Length":11,"Height":20,"Demand":1,"DemandMax":null,"Value":220},{"Length":93,"Height":2,"Demand":1,"DemandMax":null,"Value":186},{"Length":4,"Height":60,"Demand":1,"DemandMax":null,"Value":240},{"Length":12,"Height":17,"Demand":1,"DemandMax":null,"Value":204},{"Length":38,"Height":5,"Demand":4,"DemandMax":null,"Value":190},{"Length":3,"Height":73,"Demand":1,"DemandMax":null,"Value":219},{"Length":76,"Height":3,"Demand":1,"DemandMax":null,"Value":228},{"Length":3,"Height":69,"Demand":1,"DemandMax":null,"Value":207},{"Length":12,"Height":18,"Demand":1,"DemandMax":null,"Value":216},{"Length":56,"Height":4,"Demand":2,"DemandMax":null,"Value":224},{"Length":6,"Height":35,"Demand":2,"DemandMax":null,"Value":210},{"Length":2,"Height":95,"Demand":1,"DemandMax":null,"Value":190},{"Length":5,"Height":41,"Demand":2,"DemandMax":null,"Value":205},{"Length":7,"Height":29,"Demand":1,"DemandMax":null,"Value":203},{"Length":2,"Height":104,"Demand":1,"DemandMax":null,"Value":208},{"Length":3,"Height":60,"Demand":2,"DemandMax":null,"Value":180},{"Length":5,"Height":38,"Demand":1,"DemandMax":null,"Value":190},{"Length":3,"Height":67,"Demand":1,"DemandMax":null,"Value":201},{"Length":63,"Height":3,"Demand":1,"DemandMax":null,"Value":189},{"Length":94,"Height":2,"Demand":1,"DemandMax":null,"Value":188},{"Length":6,"Height":34,"Demand":2,"DemandMax":null,"Value":204},{"Length":52,"Height":4,"Demand":3,"DemandMax":null,"Value":208},{"Length":44,"Height":5,"Demand":1,"DemandMax":null,"Value":220},{"Length":14,"Height":14,"Demand":1,"DemandMax":null,"Value":196},{"Length":2,"Height":91,"Demand":3,"DemandMax":null,"Value":182},{"Length":12,"Height":16,"Demand":2,"DemandMax":null,"Value":192},{"Length":4,"Height":47,"Demand":1,"DemandMax":null,"Value":188},{"Length":43,"Height":5,"Demand":1,"DemandMax":null,"Value":215},{"Length":57,"Height":4,"Demand":1,"DemandMax":null,"Value":228},{"Length":45,"Height":4,"Demand":2,"DemandMax":null,"Value":180},{"Length":42,"Height":5,"Demand":1,"DemandMax":null,"Value":210},{"Length":3,"Height":66,"Demand":2,"DemandMax":null,"Value":198},{"Length":84,"Height":2,"Demand":2,"DemandMax":null,"Value":168},{"Length":13,"Height":15,"Demand":1,"DemandMax":null,"Value":195},{"Length":17,"Height":12,"Demand":2,"DemandMax":null,"Value":204},{"Length":3,"Height":65,"Demand":1,"DemandMax":null,"Value":195},{"Length":46,"Height":4,"Demand":2,"DemandMax":null,"Value":184},{"Length":31,"Height":6,"Demand":2,"DemandMax":null,"Value":186},{"Length":55,"Height":4,"Demand":1,"DemandMax":null,"Value":220},{"Length":23,"Height":9,"Demand":1,"DemandMax":null,"Value":207},{"Length":8,"Height":24,"Demand":1,"DemandMax":null,"Value":192},{"Length":4,"Height":49,"Demand":2,"DemandMax":null,"Value":196},{"Length":73,"Height":3,"Demand":1,"DemandMax":null,"Value":219},{"Length":6,"Height":33,"Demand":1,"DemandMax":null,"Value":198},{"Length":4,"Height":51,"Demand":1,"DemandMax":null,"Value":204},{"Length":29,"Height":7,"Demand":1,"DemandMax":null,"Value":203},{"Length":24,"Height":8,"Demand":2,"DemandMax":null,"Value":192},{"Length":18,"Height":10,"Demand":2,"DemandMax":null,"Value":180},{"Length":54,"Height":4,"Demand":1,"DemandMax":null,"Value":216},{"Length":64,"Height":3,"Demand":1,"DemandMax":null,"Value":192},{"Length":2,"Height":90,"Demand":1,"DemandMax":null,"Value":180},{"Length":25,"Height":8,"Demand":2,"DemandMax":null,"Value":200},{"Length":2,"Height":88,"Demand":1,"DemandMax":null,"Value":176},{"Length":42,"Height":4,"Demand":1,"DemandMax":null,"Value":168},{"Length":71,"Height":3,"Demand":1,"DemandMax":null,"Value":213},{"Length":23,"Height":8,"Demand":2,"DemandMax":null,"Value":184},{"Length":12,"Height":15,"Demand":4,"DemandMax":null,"Value":180},{"Length":16,"Height":12,"Demand":1,"DemandMax":null,"Value":192},{"Length":49,"Height":4,"Demand":1,"DemandMax":null,"Value":196},{"Length":35,"Height":5,"Demand":2,"DemandMax":null,"Value":175},{"Length":7,"Height":26,"Demand":1,"DemandMax":null,"Value":182},{"Length":4,"Height":44,"Demand":1,"DemandMax":null,"Value":176},{"Length":33,"Height":6,"Demand":3,"DemandMax":null,"Value":198},{"Length":4,"Height":46,"Demand":1,"DemandMax":null,"Value":184},{"Length":2,"Height":76,"Demand":1,"DemandMax":null,"Value":152},{"Length":19,"Height":10,"Demand":1,"DemandMax":null,"Value":190},{"Length":95,"Height":2,"Demand":1,"DemandMax":null,"Value":190},{"Length":13,"Height":14,"Demand":1,"DemandMax":null,"Value":182},{"Length":3,"Height":55,"Demand":1,"DemandMax":null,"Value":165},{"Length":8,"Height":23,"Demand":1,"DemandMax":null,"Value":184},{"Length":34,"Height":5,"Demand":3,"DemandMax":null,"Value":170},{"Length":14,"Height":13,"Demand":3,"DemandMax":null,"Value":182},{"Length":81,"Height":2,"Demand":1,"DemandMax":null,"Value":162},{"Length":6,"Height":31,"Demand":1,"DemandMax":null,"Value":186},{"Length":78,"Height":2,"Demand":1,"DemandMax":null,"Value":156},{"Length":27,"Height":7,"Demand":1,"DemandMax":null,"Value":189},{"Length":32,"Height":6,"Demand":1,"DemandMax":null,"Value":192},{"Length":5,"Height":36,"Demand":1,"DemandMax":null,"Value":180},{"Length":3,"Height":63,"Demand":2,"DemandMax":null,"Value":189},{"Length":25,"Height":7,"Demand":1,"DemandMax":null,"Value":175},{"Length":3,"Height":62,"Demand":2,"DemandMax":null,"Value":186},{"Length":20,"Height":9,"Demand":3,"DemandMax":null,"Value":180},{"Length":39,"Height":5,"Demand":1,"DemandMax":null,"Value":195},{"Length":52,"Height":3,"Demand":1,"DemandMax":null,"Value":156},{"Length":5,"Height":37,"Demand":1,"DemandMax":null,"Value":185},{"Length":29,"Height":6,"Demand":1,"DemandMax":null,"Value":174},{"Length":44,"Height":4,"Demand":1,"DemandMax":null,"Value":176},{"Length":83,"Height":2,"Demand":1,"DemandMax":null,"Value":166},{"Length":4,"Height":43,"Demand":1,"DemandMax":null,"Value":172},{"Length":60,"Height":3,"Demand":1,"DemandMax":null,"Value":180},{"Length":21,"Height":8,"Demand":1,"DemandMax":null,"Value":168},{"Length":5,"Height":34,"Demand":1,"DemandMax":null,"Value":170},{"Length":122,"Height":1,"Demand":1,"DemandMax":null,"Value":122},{"Length":30,"Height":6,"Demand":1,"DemandMax":null,"Value":180},{"Length":96,"Height":2,"Demand":2,"DemandMax":null,"Value":192},{"Length":56,"Height":3,"Demand":2,"DemandMax":null,"Value":168},{"Length":5,"Height":35,"Demand":1,"DemandMax":null,"Value":175},{"Length":26,"Height":7,"Demand":2,"DemandMax":null,"Value":182},{"Length":5,"Height":39,"Demand":1,"DemandMax":null,"Value":195}]}