{"Name":"path81t","Objects":[{"Length":1000,"Height":1000,"Stock":null,"Cost":1000000}],"Items":[{"Length":174,"Height":236,"Demand":1,"DemandMax":null,"Value":41064},{"Length":125,"Height":315,"Demand":1,"DemandMax":null,"Value":39375},{"Length":267,"Height":94,"Demand":1,"DemandMax":null,"Value":25098},{"Length":70,"Height":213,"Demand":1,"DemandMax":null,"Value":14910},{"Length":185,"Height":79,"Demand":1,"DemandMax":null,"Value":14615},{"Length":132,"Height":108,"Demand":1,"DemandMax":null,"Value":14256},{"Length":141,"Height":100,"Demand":1,"DemandMax":null,"Value":14100},{"Length":104,"Height":99,"Demand":1,"DemandMax":null,"Value":10296},{"Length":443,"Height":23,"Demand":1,"DemandMax":null,"Value":10189},{"Length":497,"Height":20,"Demand":1,"DemandMax":null,"Value":9940},{"Length":286,"Height":32,"Demand":1,"DemandMax":null,"Value":9152},{"Length":71,"Height":108,"Demand":1,"DemandMax":null,"Value":7668},{"Length":112,"Height":67,"Demand":1,"DemandMax":null,"Value":7504},{"Length":32,"Height":214,"Demand":1,"DemandMax":null,"Value":6848},{"Length":61,"Height":108,"Demand":1,"DemandMax":null,"Value":6588},{"Length":286,"Height":22,"Demand":1,"DemandMax":null,"Value":6292},{"Length":72,"Height":86,"Demand":1,"DemandMax":null,"Value":6192},{"Length":29,"Height":194,"Demand":1,"DemandMax":null,"Value":5626},{"Length":257,"Height":22,"Demand":1,"DemandMax":null,"Value":5654},{"Length":286,"Height":17,"Demand":1,"DemandMax":null,"Value":4862},{"Length":267,"Height":18,"Demand":1,"DemandMax":null,"Value":4806},{"Length":64,"Height":67,"Demand":1,"DemandMax":null,"Value":4288},{"Length":350,"Height":12,"Demand":1,"DemandMax":null,"Value":4200},{"Length":32,"Height":124,"Demand":1,"DemandMax":null,"Value":3968},{"Length":34,"Height":115,"Demand":1,"DemandMax":null,"Value":3910},{"Length":116,"Height":33,"Demand":1,"DemandMax":null,"Value":3828},{"Length":30,"Height":126,"Demand":1,"DemandMax":null,"Value":3780},{"Length":50,"Height":75,"Demand":1,"DemandMax":null,"Value":3750},{"Length":135,"Height":28,"Demand":1,"DemandMax":null,"Value":3780},{"Length":227,"Height":16,"Demand":1,"DemandMax":null,"Value":3632},{"Length":137,"Height":26,"Demand":1,"DemandMax":null,"Value":3562},{"Length":13,"Height":256,"Demand":1,"DemandMax":null,"Value":3328},{"Length":29,"Height":112,"Demand":1,"DemandMax":null,"Value":3248},{"Length":220,"Height":15,"Demand":1,"DemandMax":null,"Value":3300},{"Length":101,"Height":32,"Demand":1,"DemandMax":null,"Value":3232},{"Length":29,"Height":108,"Demand":1,"DemandMax":null,"Value":3132},{"Length":26,"Height":116,"Demand":1,"DemandMax":null,"Value":3016},{"Length":70,"Height":42,"Demand":1,"DemandMax":null,"Value":2940},{"Length":52,"Height":55,"Demand":1,"DemandMax":null,"Value":2860},{"Length":71,"Height":40,"Demand":1,"DemandMax":null,"Value":2840},{"Length":297,"Height":9,"Demand":1,"DemandMax":null,"Value":2673},{"Length":171,"Height":15,"Demand":1,"DemandMax":null,"Value":2565},{"Length":330,"Height":8,"Demand":1,"DemandMax":null,"Value":2640},{"Length":403,"Height":6,"Demand":1,"DemandMax":null,"Value":2418},{"Length":173,"Height":13,"Demand":1,"DemandMax":null,"Value":2249},{"Length":11,"Height":201,"Demand":1,"DemandMax":null,"Value":2211},{"Length":257,"Height":9,"Demand":1,"DemandMax":null,"Value":2313},{"Length":186,"Height":12,"Demand":1,"DemandMax":null,"Value":2232},{"Length":16,"Height":140,"Demand":1,"DemandMax":null,"Value":2240},{"Length":24,"Height":93,"Demand":1,"DemandMax":null,"Value":2232},{"Length":19,"Height":114,"Demand":1,"DemandMax":null,"Value":2166},{"Length":11,"Height":194,"Demand":1,"DemandMax":null,"Value":2134},{"Length":443,"Height":5,"Demand":1,"DemandMax":null,"Value":2215},{"Length":18,"Height":112,"Demand":1,"DemandMax":null,"Value":2016},{"Length":43,"Height":47,"Demand":1,"DemandMax":null,"Value":2021},{"Length":328,"Height":6,"Demand":1,"DemandMax":null,"Value":1968},{"Length":42,"Height":47,"Demand":1,"DemandMax":null,"Value":1974},{"Length":74,"Height":26,"Demand":1,"DemandMax":null,"Value":1924},{"Length":123,"Height":16,"Demand":1,"DemandMax":null,"Value":1968},{"Length":46,"Height":42,"Demand":1,"DemandMax":null,"Value":1932},{"Length":218,"Height":9,"Demand":1,"DemandMax":null,"Value":1962},{"Length":6,"Height":315,"Demand":1,"DemandMax":null,"Value":1890},{"Length":252,"Height":8,"Demand":1,"DemandMax":null,"Value":2016},{"Length":57,"Height":33,"Demand":1,"DemandMax":null,"Value":1881},{"Length":169,"Height":11,"Demand":1,"DemandMax":null,"Value":1859},{"Length":62,"Height":30,"Demand":1,"DemandMax":null,"Value":1860},{"Length":15,"Height":124,"Demand":1,"DemandMax":null,"Value":1860},{"Length":13,"Height":140,"Demand":1,"DemandMax":null,"Value":1820},{"Length":38,"Height":47,"Demand":1,"DemandMax":null,"Value":1786},{"Length":37,"Height":47,"Demand":1,"DemandMax":null,"Value":1739},{"Length":11,"Height":151,"Demand":1,"DemandMax":null,"Value":1661},{"Length":21,"Height":81,"Demand":1,"DemandMax":null,"Value":1701},{"Length":78,"Height":22,"Demand":1,"DemandMax":null,"Value":1716},{"Length":12,"Height":139,"Demand":1,"DemandMax":null,"Value":1668},{"Length":169,"Height":10,"Demand":1,"DemandMax":null,"Value":1690},{"Length":77,"Height":21,"Demand":1,"DemandMax":null,"Value":1617},{"Length":81,"Height":20,"Demand":1,"DemandMax":null,"Value":1620},{"Length":11,"Height":155,"Demand":1,"DemandMax":null,"Value":1705},{"Length":41,"Height":40,"Demand":1,"DemandMax":null,"Value":1640},{"Length":173,"Height":9,"Demand":1,"DemandMax":null,"Value":1557},{"Length":43,"Height":37,"Demand":1,"DemandMax":null,"Value":1591},{"Length":7,"Height":216,"Demand":1,"DemandMax":null,"Value":1512},{"Length":14,"Height":111,"Demand":1,"DemandMax":null,"Value":1554},{"Length":22,"Height":70,"Demand":1,"DemandMax":null,"Value":1540},{"Length":12,"Height":125,"Demand":1,"DemandMax":null,"Value":1500},{"Length":136,"Height":11,"Demand":1,"DemandMax":null,"Value":1496},{"Length":184,"Height":8,"Demand":1,"DemandMax":null,"Value":1472},{"Length":330,"Height":4,"Demand":1,"DemandMax":null,"Value":1320},{"Length":257,"Height":6,"Demand":1,"DemandMax":null,"Value":1542},{"Length":7,"Height":194,"Demand":1,"DemandMax":null,"Value":1358},{"Length":69,"Height":21,"Demand":1,"DemandMax":null,"Value":1449},{"Length":15,"Height":92,"Demand":1,"DemandMax":null,"Value":1380},{"Length":6,"Height":236,"Demand":1,"DemandMax":null,"Value":1416},{"Length":36,"Height":38,"Demand":1,"DemandMax":null,"Value":1368},{"Length":12,"Height":116,"Demand":1,"DemandMax":null,"Value":1392},{"Length":290,"Height":5,"Demand":1,"DemandMax":null,"Value":1450},{"Length":16,"Height":86,"Demand":1,"DemandMax":null,"Value":1376},{"Length":9,"Height":155,"Demand":1,"DemandMax":null,"Value":1395},{"Length":32,"Height":41,"Demand":1,"DemandMax":null,"Value":1312},{"Length":11,"Height":124,"Demand":1,"DemandMax":null,"Value":1364},{"Length":292,"Height":5,"Demand":1,"DemandMax":null,"Value":1460},{"Length":225,"Height":6,"Demand":1,"DemandMax":null,"Value":1350},{"Length":292,"Height":4,"Demand":1,"DemandMax":null,"Value":1168},{"Length":104,"Height":13,"Demand":1,"DemandMax":null,"Value":1352},{"Length":154,"Height":8,"Demand":1,"DemandMax":null,"Value":1232},{"Length":46,"Height":28,"Demand":1,"DemandMax":null,"Value":1288},{"Length":6,"Height":201,"Demand":1,"DemandMax":null,"Value":1206},{"Length":20,"Height":65,"Demand":1,"DemandMax":null,"Value":1300},{"Length":66,"Height":19,"Demand":1,"DemandMax":null,"Value":1254},{"Length":165,"Height":8,"Demand":1,"DemandMax":null,"Value":1320},{"Length":44,"Height":29,"Demand":1,"DemandMax":null,"Value":1276},{"Length":243,"Height":5,"Demand":1,"DemandMax":null,"Value":1215},{"Length":8,"Height":163,"Demand":1,"DemandMax":null,"Value":1304},{"Length":72,"Height":17,"Demand":1,"DemandMax":null,"Value":1224},{"Length":16,"Height":77,"Demand":1,"DemandMax":null,"Value":1232},{"Length":43,"Height":28,"Demand":1,"DemandMax":null,"Value":1204},{"Length":260,"Height":5,"Demand":1,"DemandMax":null,"Value":1300},{"Length":19,"Height":64,"Demand":1,"DemandMax":null,"Value":1216},{"Length":29,"Height":41,"Demand":1,"DemandMax":null,"Value":1189},{"Length":14,"Height":86,"Demand":1,"DemandMax":null,"Value":1204},{"Length":78,"Height":15,"Demand":1,"DemandMax":null,"Value":1170},{"Length":25,"Height":47,"Demand":2,"DemandMax":null,"Value":1175},{"Length":35,"Height":34,"Demand":1,"DemandMax":null,"Value":1190},{"Length":224,"Height":5,"Demand":1,"DemandMax":null,"Value":1120},{"Length":159,"Height":7,"Demand":1,"DemandMax":null,"Value":1113},{"Length":13,"Height":86,"Demand":1,"DemandMax":null,"Value":1118},{"Length":333,"Height":3,"Demand":2,"DemandMax":null,"Value":999},{"Length":172,"Height":7,"Demand":1,"DemandMax":null,"Value":1204},{"Length":287,"Height":4,"Demand":1,"DemandMax":null,"Value":1148},{"Length":5,"Height":228,"Demand":1,"DemandMax":null,"Value":1140},{"Length":3,"Height":312,"Demand":1,"DemandMax":null,"Value":936},{"Length":72,"Height":15,"Demand":1,"DemandMax":null,"Value":1080},{"Length":5,"Height":204,"Demand":1,"DemandMax":null,"Value":1020},{"Length":12,"Height":93,"Demand":1,"DemandMax":null,"Value":1116},{"Length":9,"Height":116,"Demand":1,"DemandMax":null,"Value":1044},{"Length":99,"Height":11,"Demand":1,"DemandMax":null,"Value":1089},{"Length":25,"Height":42,"Demand":1,"DemandMax":null,"Value":1050},{"Length":112,"Height":9,"Demand":1,"DemandMax":null,"Value":1008},{"Length":191,"Height":5,"Demand":1,"DemandMax":null,"Value":955},{"Length":257,"Height":4,"Demand":1,"DemandMax":null,"Value":1028},{"Length":73,"Height":14,"Demand":1,"DemandMax":null,"Value":1022},{"Length":25,"Height":41,"Demand":1,"DemandMax":null,"Value":1025},{"Length":29,"Height":34,"Demand":1,"DemandMax":null,"Value":986},{"Length":81,"Height":12,"Demand":2,"DemandMax":null,"Value":972},{"Length":14,"Height":71,"Demand":1,"DemandMax":null,"Value":994},{"Length":19,"Height":53,"Demand":1,"DemandMax":null,"Value":1007},{"Length":39,"Height":25,"Demand":1,"DemandMax":null,"Value":975},{"Length":94,"Height":10,"Demand":1,"DemandMax":null,"Value":940},{"Length":130,"Height":8,"Demand":1,"DemandMax":null,"Value":1040},{"Length":20,"Height":49,"Demand":1,"DemandMax":null,"Value":980},{"Length":168,"Height":6,"Demand":1,"DemandMax":null,"Value":1008},{"Length":28,"Height":34,"Demand":1,"DemandMax":null,"Value":952},{"Length":230,"Height":4,"Demand":1,"DemandMax":null,"Value":920},{"Length":21,"Height":46,"Demand":1,"DemandMax":null,"Value":966},{"Length":66,"Height":15,"Demand":1,"DemandMax":null,"Value":990},{"Length":18,"Height":53,"Demand":1,"DemandMax":null,"Value":954},{"Length":14,"Height":66,"Demand":1,"DemandMax":null,"Value":924},{"Length":42,"Height":22,"Demand":1,"DemandMax":null,"Value":924},{"Length":35,"Height":26,"Demand":1,"DemandMax":null,"Value":910},{"Length":27,"Height":34,"Demand":1,"DemandMax":null,"Value":918},{"Length":8,"Height":119,"Demand":1,"DemandMax":null,"Value":952},{"Length":106,"Height":9,"Demand":1,"DemandMax":null,"Value":954},{"Length":289,"Height":3,"Demand":1,"DemandMax":null,"Value":867},{"Length":14,"Height":63,"Demand":1,"DemandMax":null,"Value":882},{"Length":80,"Height":11,"Demand":1,"DemandMax":null,"Value":880},{"Length":26,"Height":34,"Demand":1,"DemandMax":null,"Value":884},{"Length":97,"Height":9,"Demand":1,"DemandMax":null,"Value":873},{"Length":111,"Height":8,"Demand":1,"DemandMax":null,"Value":888},{"Length":17,"Height":51,"Demand":1,"DemandMax":null,"Value":867},{"Length":10,"Height":86,"Demand":1,"DemandMax":null,"Value":860},{"Length":46,"Height":19,"Demand":1,"DemandMax":null,"Value":874},{"Length":56,"Height":16,"Demand":1,"DemandMax":null,"Value":896},{"Length":50,"Height":17,"Demand":1,"DemandMax":null,"Value":850},{"Length":136,"Height":6,"Demand":1,"DemandMax":null,"Value":816},{"Length":18,"Height":47,"Demand":2,"DemandMax":null,"Value":846},{"Length":16,"Height":52,"Demand":1,"DemandMax":null,"Value":832},{"Length":17,"Height":49,"Demand":1,"DemandMax":null,"Value":833},{"Length":58,"Height":15,"Demand":1,"DemandMax":null,"Value":870},{"Length":74,"Height":11,"Demand":2,"DemandMax":null,"Value":814},{"Length":29,"Height":29,"Demand":1,"DemandMax":null,"Value":841},{"Length":217,"Height":4,"Demand":1,"DemandMax":null,"Value":868},{"Length":22,"Height":38,"Demand":1,"DemandMax":null,"Value":836},{"Length":37,"Height":23,"Demand":1,"DemandMax":null,"Value":851},{"Length":4,"Height":194,"Demand":3,"DemandMax":null,"Value":776},{"Length":20,"Height":41,"Demand":1,"DemandMax":null,"Value":820},{"Length":158,"Height":5,"Demand":1,"DemandMax":null,"Value":790},{"Length":13,"Height":62,"Demand":2,"DemandMax":null,"Value":806},{"Length":89,"Height":9,"Demand":1,"DemandMax":null,"Value":801},{"Length":201,"Height":4,"Demand":1,"DemandMax":null,"Value":804},{"Length":45,"Height":18,"Demand":1,"DemandMax":null,"Value":810},{"Length":195,"Height":4,"Demand":1,"DemandMax":null,"Value":780},{"Length":165,"Height":5,"Demand":1,"DemandMax":null,"Value":825},{"Length":6,"Height":139,"Demand":1,"DemandMax":null,"Value":834},{"Length":92,"Height":9,"Demand":1,"DemandMax":null,"Value":828},{"Length":12,"Height":69,"Demand":1,"DemandMax":null,"Value":828},{"Length":3,"Height":255,"Demand":2,"DemandMax":null,"Value":765},{"Length":5,"Height":163,"Demand":1,"DemandMax":null,"Value":815},{"Length":32,"Height":25,"Demand":1,"DemandMax":null,"Value":800},{"Length":42,"Height":19,"Demand":1,"DemandMax":null,"Value":798},{"Length":67,"Height":12,"Demand":1,"DemandMax":null,"Value":804},{"Length":101,"Height":8,"Demand":1,"DemandMax":null,"Value":808},{"Length":8,"Height":102,"Demand":1,"DemandMax":null,"Value":816},{"Length":13,"Height":64,"Demand":1,"DemandMax":null,"Value":832},{"Length":181,"Height":4,"Demand":1,"DemandMax":null,"Value":724},{"Length":11,"Height":71,"Demand":2,"DemandMax":null,"Value":781},{"Length":6,"Height":124,"Demand":2,"DemandMax":null,"Value":744},{"Length":9,"Height":86,"Demand":3,"DemandMax":null,"Value":774},{"Length":15,"Height":53,"Demand":1,"DemandMax":null,"Value":795},{"Length":252,"Height":3,"Demand":3,"DemandMax":null,"Value":756},{"Length":189,"Height":4,"Demand":1,"DemandMax":null,"Value":756},{"Length":34,"Height":23,"Demand":1,"DemandMax":null,"Value":782},{"Length":188,"Height":4,"Demand":1,"DemandMax":null,"Value":752},{"Length":95,"Height":8,"Demand":2,"DemandMax":null,"Value":760},{"Length":10,"Height":76,"Demand":1,"DemandMax":null,"Value":760},{"Length":25,"Height":32,"Demand":2,"DemandMax":null,"Value":800},{"Length":98,"Height":8,"Demand":1,"DemandMax":null,"Value":784},{"Length":4,"Height":192,"Demand":1,"DemandMax":null,"Value":768},{"Length":4,"Height":177,"Demand":1,"DemandMax":null,"Value":708},{"Length":134,"Height":6,"Demand":1,"DemandMax":null,"Value":804},{"Length":53,"Height":15,"Demand":1,"DemandMax":null,"Value":795},{"Length":16,"Height":49,"Demand":1,"DemandMax":null,"Value":784},{"Length":38,"Height":20,"Demand":2,"DemandMax":null,"Value":760},{"Length":88,"Height":9,"Demand":2,"DemandMax":null,"Value":792},{"Length":43,"Height":18,"Demand":1,"DemandMax":null,"Value":774},{"Length":238,"Height":3,"Demand":4,"DemandMax":null,"Value":714},{"Length":28,"Height":27,"Demand":1,"DemandMax":null,"Value":756},{"Length":30,"Height":26,"Demand":1,"DemandMax":null,"Value":780},{"Length":6,"Height":121,"Demand":1,"DemandMax":null,"Value":726},{"Length":20,"Height":38,"Demand":2,"DemandMax":null,"Value":760},{"Length":153,"Height":5,"Demand":3,"DemandMax":null,"Value":765},{"Length":18,"Height":43,"Demand":1,"DemandMax":null,"Value":774},{"Length":99,"Height":8,"Demand":2,"DemandMax":null,"Value":792},{"Length":54,"Height":14,"Demand":1,"DemandMax":null,"Value":756},{"Length":27,"Height":28,"Demand":1,"DemandMax":null,"Value":756},{"Length":37,"Height":21,"Demand":1,"DemandMax":null,"Value":777},{"Length":132,"Height":6,"Demand":1,"DemandMax":null,"Value":792},{"Length":50,"Height":15,"Demand":1,"DemandMax":null,"Value":750},{"Length":52,"Height":15,"Demand":1,"DemandMax":null,"Value":780},{"Length":130,"Height":6,"Demand":2,"DemandMax":null,"Value":780},{"Length":8,"Height":98,"Demand":1,"DemandMax":null,"Value":784},{"Length":22,"Height":34,"Demand":4,"DemandMax":null,"Value":748},{"Length":74,"Height":10,"Demand":1,"DemandMax":null,"Value":740},{"Length":33,"Height":23,"Demand":1,"DemandMax":null,"Value":759},{"Length":49,"Height":16,"Demand":1,"DemandMax":null,"Value":784},{"Length":4,"Height":182,"Demand":2,"DemandMax":null,"Value":728},{"Length":6,"Height":119,"Demand":1,"DemandMax":null,"Value":714},{"Length":30,"Height":25,"Demand":3,"DemandMax":null,"Value":750},{"Length":64,"Height":12,"Demand":1,"DemandMax":null,"Value":768},{"Length":31,"Height":25,"Demand":1,"DemandMax":null,"Value":775},{"Length":110,"Height":7,"Demand":1,"DemandMax":null,"Value":770},{"Length":119,"Height":6,"Demand":2,"DemandMax":null,"Value":714},{"Length":17,"Height":43,"Demand":1,"DemandMax":null,"Value":731},{"Length":41,"Height":18,"Demand":1,"DemandMax":null,"Value":738},{"Length":5,"Height":138,"Demand":2,"DemandMax":null,"Value":690},{"Length":93,"Height":8,"Demand":2,"DemandMax":null,"Value":744},{"Length":23,"Height":33,"Demand":1,"DemandMax":null,"Value":759},{"Length":25,"Height":30,"Demand":2,"DemandMax":null,"Value":750},{"Length":19,"Height":38,"Demand":2,"DemandMax":null,"Value":722},{"Length":131,"Height":6,"Demand":1,"DemandMax":null,"Value":786},{"Length":260,"Height":3,"Demand":1,"DemandMax":null,"Value":780},{"Length":19,"Height":39,"Demand":1,"DemandMax":null,"Value":741},{"Length":46,"Height":16,"Demand":1,"DemandMax":null,"Value":736},{"Length":8,"Height":87,"Demand":2,"DemandMax":null,"Value":696},{"Length":16,"Height":47,"Demand":2,"DemandMax":null,"Value":752},{"Length":37,"Height":20,"Demand":1,"DemandMax":null,"Value":740},{"Length":12,"Height":61,"Demand":1,"DemandMax":null,"Value":732},{"Length":265,"Height":3,"Demand":1,"DemandMax":null,"Value":795},{"Length":7,"Height":100,"Demand":1,"DemandMax":null,"Value":700},{"Length":106,"Height":7,"Demand":1,"DemandMax":null,"Value":742},{"Length":24,"Height":30,"Demand":2,"DemandMax":null,"Value":720},{"Length":7,"Height":107,"Demand":1,"DemandMax":null,"Value":749},{"Length":53,"Height":14,"Demand":1,"DemandMax":null,"Value":742},{"Length":136,"Height":5,"Demand":2,"DemandMax":null,"Value":680},{"Length":8,"Height":85,"Demand":1,"DemandMax":null,"Value":680},{"Length":28,"Height":26,"Demand":1,"DemandMax":null,"Value":728},{"Length":8,"Height":86,"Demand":2,"DemandMax":null,"Value":688},{"Length":22,"Height":33,"Demand":1,"DemandMax":null,"Value":726},{"Length":56,"Height":13,"Demand":1,"DemandMax":null,"Value":728},{"Length":78,"Height":9,"Demand":1,"DemandMax":null,"Value":702},{"Length":13,"Height":56,"Demand":2,"DemandMax":null,"Value":728},{"Length":67,"Height":11,"Demand":1,"DemandMax":null,"Value":737},{"Length":45,"Height":16,"Demand":3,"DemandMax":null,"Value":720},{"Length":48,"Height":15,"Demand":1,"DemandMax":null,"Value":720},{"Length":37,"Height":19,"Demand":2,"DemandMax":null,"Value":703},{"Length":11,"Height":66,"Demand":1,"DemandMax":null,"Value":726},{"Length":15,"Height":47,"Demand":3,"DemandMax":null,"Value":705},{"Length":27,"Height":26,"Demand":1,"DemandMax":null,"Value":702},{"Length":30,"Height":24,"Demand":1,"DemandMax":null,"Value":720},{"Length":107,"Height":7,"Demand":1,"DemandMax":null,"Value":749},{"Length":44,"Height":16,"Demand":2,"DemandMax":null,"Value":704},{"Length":166,"Height":4,"Demand":4,"DemandMax":null,"Value":664},{"Length":80,"Height":9,"Demand":1,"DemandMax":null,"Value":720},{"Length":15,"Height":48,"Demand":1,"DemandMax":null,"Value":720},{"Length":115,"Height":6,"Demand":1,"DemandMax":null,"Value":690},{"Length":130,"Height":5,"Demand":3,"DemandMax":null,"Value":650},{"Length":17,"Height":42,"Demand":1,"DemandMax":null,"Value":714},{"Length":261,"Height":3,"Demand":2,"DemandMax":null,"Value":783},{"Length":24,"Height":29,"Demand":1,"DemandMax":null,"Value":696},{"Length":21,"Height":33,"Demand":1,"DemandMax":null,"Value":693},{"Length":28,"Height":25,"Demand":1,"DemandMax":null,"Value":700},{"Length":15,"Height":46,"Demand":1,"DemandMax":null,"Value":690},{"Length":11,"Height":62,"Demand":1,"DemandMax":null,"Value":682},{"Length":95,"Height":7,"Demand":1,"DemandMax":null,"Value":665},{"Length":92,"Height":8,"Demand":1,"DemandMax":null,"Value":736},{"Length":19,"Height":37,"Demand":1,"DemandMax":null,"Value":703},{"Length":97,"Height":7,"Demand":1,"DemandMax":null,"Value":679},{"Length":50,"Height":14,"Demand":1,"DemandMax":null,"Value":700},{"Length":41,"Height":17,"Demand":1,"DemandMax":null,"Value":697},{"Length":48,"Height":14,"Demand":1,"DemandMax":null,"Value":672},{"Length":156,"Height":4,"Demand":3,"DemandMax":null,"Value":624},{"Length":94,"Height":7,"Demand":1,"DemandMax":null,"Value":658},{"Length":3,"Height":260,"Demand":2,"DemandMax":null,"Value":780},{"Length":21,"Height":32,"Demand":1,"DemandMax":null,"Value":672},{"Length":35,"Height":20,"Demand":1,"DemandMax":null,"Value":700},{"Length":132,"Height":5,"Demand":3,"DemandMax":null,"Value":660},{"Length":56,"Height":12,"Demand":1,"DemandMax":null,"Value":672},{"Length":148,"Height":5,"Demand":1,"DemandMax":null,"Value":740},{"Length":110,"Height":6,"Demand":1,"DemandMax":null,"Value":660},{"Length":178,"Height":4,"Demand":1,"DemandMax":null,"Value":712},{"Length":49,"Height":14,"Demand":1,"DemandMax":null,"Value":686},{"Length":164,"Height":4,"Demand":1,"DemandMax":null,"Value":656},{"Length":3,"Height":209,"Demand":2,"DemandMax":null,"Value":627},{"Length":3,"Height":201,"Demand":1,"DemandMax":null,"Value":603},{"Length":3,"Height":216,"Demand":2,"DemandMax":null,"Value":648},{"Length":71,"Height":10,"Demand":1,"DemandMax":null,"Value":710},{"Length":140,"Height":5,"Demand":2,"DemandMax":null,"Value":700},{"Length":74,"Height":9,"Demand":3,"DemandMax":null,"Value":666},{"Length":11,"Height":60,"Demand":1,"DemandMax":null,"Value":660},{"Length":10,"Height":71,"Demand":1,"DemandMax":null,"Value":710},{"Length":20,"Height":34,"Demand":1,"DemandMax":null,"Value":680},{"Length":14,"Height":47,"Demand":2,"DemandMax":null,"Value":658},{"Length":9,"Height":78,"Demand":1,"DemandMax":null,"Value":702},{"Length":22,"Height":30,"Demand":2,"DemandMax":null,"Value":660},{"Length":12,"Height":57,"Demand":1,"DemandMax":null,"Value":684},{"Length":184,"Height":4,"Demand":3,"DemandMax":null,"Value":736},{"Length":137,"Height":5,"Demand":2,"DemandMax":null,"Value":685},{"Length":6,"Height":104,"Demand":1,"DemandMax":null,"Value":624},{"Length":4,"Height":152,"Demand":1,"DemandMax":null,"Value":608},{"Length":151,"Height":4,"Demand":1,"DemandMax":null,"Value":604},{"Length":17,"Height":40,"Demand":1,"DemandMax":null,"Value":680},{"Length":13,"Height":53,"Demand":1,"DemandMax":null,"Value":689},{"Length":34,"Height":19,"Demand":1,"DemandMax":null,"Value":646},{"Length":53,"Height":12,"Demand":2,"DemandMax":null,"Value":636},{"Length":46,"Height":14,"Demand":2,"DemandMax":null,"Value":644},{"Length":8,"Height":78,"Demand":3,"DemandMax":null,"Value":624},{"Length":81,"Height":8,"Demand":1,"DemandMax":null,"Value":648},{"Length":66,"Height":10,"Demand":1,"DemandMax":null,"Value":660},{"Length":135,"Height":5,"Demand":1,"DemandMax":null,"Value":675},{"Length":24,"Height":28,"Demand":1,"DemandMax":null,"Value":672},{"Length":32,"Height":21,"Demand":1,"DemandMax":null,"Value":672},{"Length":197,"Height":3,"Demand":1,"DemandMax":null,"Value":591},{"Length":4,"Height":158,"Demand":1,"DemandMax":null,"Value":632},{"Length":24,"Height":27,"Demand":2,"DemandMax":null,"Value":648},{"Length":76,"Height":9,"Demand":1,"DemandMax":null,"Value":684},{"Length":42,"Height":16,"Demand":1,"DemandMax":null,"Value":672},{"Length":38,"Height":17,"Demand":1,"DemandMax":null,"Value":646},{"Length":4,"Height":176,"Demand":1,"DemandMax":null,"Value":704},{"Length":13,"Height":50,"Demand":1,"DemandMax":null,"Value":650},{"Length":5,"Height":124,"Demand":3,"DemandMax":null,"Value":620},{"Length":12,"Height":52,"Demand":1,"DemandMax":null,"Value":624},{"Length":44,"Height":15,"Demand":1,"DemandMax":null,"Value":660},{"Length":26,"Height":25,"Demand":1,"DemandMax":null,"Value":650},{"Length":31,"Height":21,"Demand":1,"DemandMax":null,"Value":651},{"Length":21,"Height":30,"Demand":2,"DemandMax":null,"Value":630},{"Length":45,"Height":14,"Demand":2,"DemandMax":null,"Value":630},{"Length":6,"Height":112,"Demand":1,"DemandMax":null,"Value":672},{"Length":106,"Height":6,"Demand":2,"DemandMax":null,"Value":636},{"Length":12,"Height":55,"Demand":1,"DemandMax":null,"Value":660},{"Length":73,"Height":9,"Demand":3,"DemandMax":null,"Value":657},{"Length":4,"Height":154,"Demand":1,"DemandMax":null,"Value":616},{"Length":56,"Height":11,"Demand":2,"DemandMax":null,"Value":616},{"Length":165,"Height":4,"Demand":2,"DemandMax":null,"Value":660},{"Length":31,"Height":20,"Demand":2,"DemandMax":null,"Value":620},{"Length":12,"Height":53,"Demand":1,"DemandMax":null,"Value":636},{"Length":27,"Height":23,"Demand":1,"DemandMax":null,"Value":621},{"Length":3,"Height":183,"Demand":1,"DemandMax":null,"Value":549},{"Length":13,"Height":47,"Demand":2,"DemandMax":null,"Value":611},{"Length":15,"Height":42,"Demand":1,"DemandMax":null,"Value":630},{"Length":7,"Height":86,"Demand":3,"DemandMax":null,"Value":602},{"Length":22,"Height":29,"Demand":1,"DemandMax":null,"Value":638},{"Length":24,"Height":26,"Demand":1,"DemandMax":null,"Value":624},{"Length":7,"Height":92,"Demand":1,"DemandMax":null,"Value":644},{"Length":51,"Height":12,"Demand":1,"DemandMax":null,"Value":612},{"Length":11,"Height":57,"Demand":2,"DemandMax":null,"Value":627},{"Length":155,"Height":4,"Demand":1,"DemandMax":null,"Value":620},{"Length":201,"Height":3,"Demand":1,"DemandMax":null,"Value":603},{"Length":78,"Height":8,"Demand":2,"DemandMax":null,"Value":624},{"Length":119,"Height":5,"Demand":4,"DemandMax":null,"Value":595},{"Length":32,"Height":20,"Demand":1,"DemandMax":null,"Value":640},{"Length":44,"Height":14,"Demand":1,"DemandMax":null,"Value":616},{"Length":141,"Height":4,"Demand":1,"DemandMax":null,"Value":564},{"Length":6,"Height":98,"Demand":2,"DemandMax":null,"Value":588},{"Length":89,"Height":7,"Demand":1,"DemandMax":null,"Value":623},{"Length":37,"Height":17,"Demand":2,"DemandMax":null,"Value":629},{"Length":8,"Height":81,"Demand":2,"DemandMax":null,"Value":648},{"Length":107,"Height":6,"Demand":1,"DemandMax":null,"Value":642},{"Length":105,"Height":6,"Demand":1,"DemandMax":null,"Value":630},{"Length":42,"Height":15,"Demand":2,"DemandMax":null,"Value":630},{"Length":18,"Height":34,"Demand":1,"DemandMax":null,"Value":612},{"Length":30,"Height":20,"Demand":1,"DemandMax":null,"Value":600},{"Length":10,"Height":60,"Demand":1,"DemandMax":null,"Value":600},{"Length":145,"Height":4,"Demand":3,"DemandMax":null,"Value":580},{"Length":32,"Height":19,"Demand":2,"DemandMax":null,"Value":608},{"Length":43,"Height":14,"Demand":2,"DemandMax":null,"Value":602},{"Length":14,"Height":43,"Demand":1,"DemandMax":null,"Value":602},{"Length":35,"Height":18,"Demand":2,"DemandMax":null,"Value":630},{"Length":17,"Height":37,"Demand":1,"DemandMax":null,"Value":629},{"Length":184,"Height":3,"Demand":2,"DemandMax":null,"Value":552},{"Length":167,"Height":4,"Demand":1,"DemandMax":null,"Value":668},{"Length":25,"Height":25,"Demand":1,"DemandMax":null,"Value":625},{"Length":17,"Height":36,"Demand":1,"DemandMax":null,"Value":612},{"Length":100,"Height":6,"Demand":1,"DemandMax":null,"Value":600},{"Length":138,"Height":4,"Demand":3,"DemandMax":null,"Value":552},{"Length":35,"Height":17,"Demand":1,"DemandMax":null,"Value":595},{"Length":12,"Height":49,"Demand":1,"DemandMax":null,"Value":588},{"Length":224,"Height":3,"Demand":1,"DemandMax":null,"Value":672},{"Length":4,"Height":165,"Demand":1,"DemandMax":null,"Value":660},{"Length":47,"Height":13,"Demand":3,"DemandMax":null,"Value":611},{"Length":4,"Height":140,"Demand":2,"DemandMax":null,"Value":560},{"Length":4,"Height":164,"Demand":1,"DemandMax":null,"Value":656},{"Length":81,"Height":7,"Demand":2,"DemandMax":null,"Value":567},{"Length":9,"Height":69,"Demand":1,"DemandMax":null,"Value":621},{"Length":24,"Height":25,"Demand":1,"DemandMax":null,"Value":600},{"Length":121,"Height":5,"Demand":1,"DemandMax":null,"Value":605},{"Length":4,"Height":151,"Demand":1,"DemandMax":null,"Value":604},{"Length":29,"Height":21,"Demand":1,"DemandMax":null,"Value":609},{"Length":46,"Height":13,"Demand":1,"DemandMax":null,"Value":598},{"Length":71,"Height":9,"Demand":1,"DemandMax":null,"Value":639},{"Length":31,"Height":19,"Demand":1,"DemandMax":null,"Value":589},{"Length":161,"Height":4,"Demand":1,"DemandMax":null,"Value":644},{"Length":75,"Height":8,"Demand":1,"DemandMax":null,"Value":600},{"Length":48,"Height":13,"Demand":1,"DemandMax":null,"Value":624},{"Length":71,"Height":8,"Demand":1,"DemandMax":null,"Value":568},{"Length":53,"Height":11,"Demand":1,"DemandMax":null,"Value":583},{"Length":124,"Height":5,"Demand":1,"DemandMax":null,"Value":620},{"Length":127,"Height":5,"Demand":1,"DemandMax":null,"Value":635},{"Length":58,"Height":10,"Demand":1,"DemandMax":null,"Value":580},{"Length":6,"Height":106,"Demand":1,"DemandMax":null,"Value":636},{"Length":134,"Height":4,"Demand":1,"DemandMax":null,"Value":536},{"Length":42,"Height":14,"Demand":1,"DemandMax":null,"Value":588},{"Length":95,"Height":6,"Demand":2,"DemandMax":null,"Value":570},{"Length":86,"Height":7,"Demand":1,"DemandMax":null,"Value":602},{"Length":99,"Height":6,"Demand":2,"DemandMax":null,"Value":594},{"Length":6,"Height":100,"Demand":1,"DemandMax":null,"Value":600},{"Length":174,"Height":3,"Demand":2,"DemandMax":null,"Value":522},{"Length":29,"Height":20,"Demand":1,"DemandMax":null,"Value":580},{"Length":61,"Height":10,"Demand":2,"DemandMax":null,"Value":610},{"Length":15,"Height":41,"Demand":1,"DemandMax":null,"Value":615},{"Length":129,"Height":5,"Demand":3,"DemandMax":null,"Value":645},{"Length":26,"Height":23,"Demand":1,"DemandMax":null,"Value":598},{"Length":202,"Height":3,"Demand":1,"DemandMax":null,"Value":606},{"Length":76,"Height":8,"Demand":1,"DemandMax":null,"Value":608},{"Length":66,"Height":9,"Demand":2,"DemandMax":null,"Value":594},{"Length":19,"Height":32,"Demand":1,"DemandMax":null,"Value":608},{"Length":17,"Height":34,"Demand":1,"DemandMax":null,"Value":578},{"Length":110,"Height":5,"Demand":1,"DemandMax":null,"Value":550},{"Length":113,"Height":5,"Demand":1,"DemandMax":null,"Value":565},{"Length":15,"Height":40,"Demand":1,"DemandMax":null,"Value":600},{"Length":7,"Height":88,"Demand":1,"DemandMax":null,"Value":616},{"Length":186,"Height":3,"Demand":2,"DemandMax":null,"Value":558},{"Length":60,"Height":10,"Demand":1,"DemandMax":null,"Value":600},{"Length":12,"Height":47,"Demand":3,"DemandMax":null,"Value":564},{"Length":7,"Height":89,"Demand":1,"DemandMax":null,"Value":623},{"Length":8,"Height":75,"Demand":1,"DemandMax":null,"Value":600},{"Length":20,"Height":30,"Demand":1,"DemandMax":null,"Value":600},{"Length":50,"Height":12,"Demand":1,"DemandMax":null,"Value":600},{"Length":6,"Height":94,"Demand":1,"DemandMax":null,"Value":564},{"Length":5,"Height":119,"Demand":1,"DemandMax":null,"Value":595},{"Length":5,"Height":112,"Demand":1,"DemandMax":null,"Value":560},{"Length":137,"Height":4,"Demand":2,"DemandMax":null,"Value":548},{"Length":129,"Height":4,"Demand":1,"DemandMax":null,"Value":516},{"Length":162,"Height":4,"Demand":1,"DemandMax":null,"Value":648},{"Length":52,"Height":11,"Demand":1,"DemandMax":null,"Value":572},{"Length":15,"Height":37,"Demand":2,"DemandMax":null,"Value":555},{"Length":56,"Height":10,"Demand":3,"DemandMax":null,"Value":560},{"Length":238,"Height":2,"Demand":1,"DemandMax":null,"Value":476},{"Length":3,"Height":182,"Demand":1,"DemandMax":null,"Value":546},{"Length":103,"Height":6,"Demand":1,"DemandMax":null,"Value":618},{"Length":50,"Height":11,"Demand":1,"DemandMax":null,"Value":550},{"Length":22,"Height":25,"Demand":4,"DemandMax":null,"Value":550},{"Length":45,"Height":13,"Demand":1,"DemandMax":null,"Value":585},{"Length":9,"Height":66,"Demand":1,"DemandMax":null,"Value":594},{"Length":106,"Height":5,"Demand":4,"DemandMax":null,"Value":530},{"Length":31,"Height":18,"Demand":2,"DemandMax":null,"Value":558},{"Length":13,"Height":44,"Demand":1,"DemandMax":null,"Value":572},{"Length":98,"Height":6,"Demand":1,"DemandMax":null,"Value":588},{"Length":5,"Height":123,"Demand":1,"DemandMax":null,"Value":615},{"Length":11,"Height":50,"Demand":1,"DemandMax":null,"Value":550},{"Length":64,"Height":9,"Demand":1,"DemandMax":null,"Value":576},{"Length":28,"Height":20,"Demand":1,"DemandMax":null,"Value":560},{"Length":18,"Height":32,"Demand":1,"DemandMax":null,"Value":576},{"Length":4,"Height":153,"Demand":1,"DemandMax":null,"Value":612},{"Length":6,"Height":88,"Demand":1,"DemandMax":null,"Value":528},{"Length":133,"Height":4,"Demand":1,"DemandMax":null,"Value":532},{"Length":44,"Height":13,"Demand":1,"DemandMax":null,"Value":572},{"Length":3,"Height":168,"Demand":1,"DemandMax":null,"Value":504},{"Length":6,"Height":93,"Demand":1,"DemandMax":null,"Value":558},{"Length":150,"Height":4,"Demand":1,"DemandMax":null,"Value":600},{"Length":23,"Height":25,"Demand":1,"DemandMax":null,"Value":575},{"Length":8,"Height":71,"Demand":2,"DemandMax":null,"Value":568},{"Length":17,"Height":33,"Demand":1,"DemandMax":null,"Value":561},{"Length":11,"Height":49,"Demand":4,"DemandMax":null,"Value":539},{"Length":16,"Height":34,"Demand":1,"DemandMax":null,"Value":544},{"Length":37,"Height":15,"Demand":1,"DemandMax":null,"Value":555},{"Length":162,"Height":3,"Demand":1,"DemandMax":null,"Value":486},{"Length":63,"Height":9,"Demand":1,"DemandMax":null,"Value":567},{"Length":21,"Height":26,"Demand":1,"DemandMax":null,"Value":546},{"Length":59,"Height":9,"Demand":3,"DemandMax":null,"Value":531},{"Length":36,"Height":16,"Demand":1,"DemandMax":null,"Value":576},{"Length":24,"Height":23,"Demand":1,"DemandMax":null,"Value":552},{"Length":14,"Height":39,"Demand":1,"DemandMax":null,"Value":546},{"Length":4,"Height":133,"Demand":2,"DemandMax":null,"Value":532},{"Length":6,"Height":92,"Demand":1,"DemandMax":null,"Value":552},{"Length":123,"Height":4,"Demand":1,"DemandMax":null,"Value":492},{"Length":91,"Height":6,"Demand":3,"DemandMax":null,"Value":546},{"Length":27,"Height":20,"Demand":2,"DemandMax":null,"Value":540},{"Length":9,"Height":63,"Demand":1,"DemandMax":null,"Value":567},{"Length":14,"Height":38,"Demand":1,"DemandMax":null,"Value":532},{"Length":45,"Height":12,"Demand":1,"DemandMax":null,"Value":540},{"Length":224,"Height":2,"Demand":2,"DemandMax":null,"Value":448},{"Length":60,"Height":9,"Demand":1,"DemandMax":null,"Value":540},{"Length":86,"Height":6,"Demand":1,"DemandMax":null,"Value":516},{"Length":6,"Height":85,"Demand":1,"DemandMax":null,"Value":510},{"Length":6,"Height":90,"Demand":1,"DemandMax":null,"Value":540},{"Length":35,"Height":16,"Demand":1,"DemandMax":null,"Value":560},{"Length":22,"Height":24,"Demand":2,"DemandMax":null,"Value":528},{"Length":3,"Height":161,"Demand":3,"DemandMax":null,"Value":483},{"Length":23,"Height":24,"Demand":2,"DemandMax":null,"Value":552},{"Length":112,"Height":5,"Demand":1,"DemandMax":null,"Value":560},{"Length":3,"Height":192,"Demand":1,"DemandMax":null,"Value":576},{"Length":128,"Height":4,"Demand":2,"DemandMax":null,"Value":512},{"Length":11,"Height":47,"Demand":1,"DemandMax":null,"Value":517},{"Length":8,"Height":68,"Demand":3,"DemandMax":null,"Value":544},{"Length":7,"Height":73,"Demand":1,"DemandMax":null,"Value":511},{"Length":48,"Height":11,"Demand":2,"DemandMax":null,"Value":528},{"Length":20,"Height":26,"Demand":1,"DemandMax":null,"Value":520},{"Length":19,"Height":29,"Demand":1,"DemandMax":null,"Value":551},{"Length":44,"Height":12,"Demand":1,"DemandMax":null,"Value":528},{"Length":2,"Height":214,"Demand":1,"DemandMax":null,"Value":428},{"Length":10,"Height":52,"Demand":2,"DemandMax":null,"Value":520},{"Length":7,"Height":81,"Demand":1,"DemandMax":null,"Value":567},{"Length":10,"Height":51,"Demand":2,"DemandMax":null,"Value":510},{"Length":15,"Height":34,"Demand":2,"DemandMax":null,"Value":510},{"Length":36,"Height":15,"Demand":1,"DemandMax":null,"Value":540},{"Length":88,"Height":6,"Demand":2,"DemandMax":null,"Value":528},{"Length":8,"Height":69,"Demand":1,"DemandMax":null,"Value":552},{"Length":8,"Height":67,"Demand":1,"DemandMax":null,"Value":536},{"Length":6,"Height":86,"Demand":1,"DemandMax":null,"Value":516},{"Length":19,"Height":28,"Demand":1,"DemandMax":null,"Value":532},{"Length":90,"Height":6,"Demand":1,"DemandMax":null,"Value":540},{"Length":126,"Height":4,"Demand":2,"DemandMax":null,"Value":504},{"Length":23,"Height":23,"Demand":2,"DemandMax":null,"Value":529},{"Length":21,"Height":24,"Demand":2,"DemandMax":null,"Value":504},{"Length":79,"Height":7,"Demand":1,"DemandMax":null,"Value":553},{"Length":5,"Height":113,"Demand":1,"DemandMax":null,"Value":565},{"Length":5,"Height":108,"Demand":1,"DemandMax":null,"Value":540},{"Length":14,"Height":37,"Demand":1,"DemandMax":null,"Value":518},{"Length":71,"Height":7,"Demand":2,"DemandMax":null,"Value":497},{"Length":29,"Height":18,"Demand":1,"DemandMax":null,"Value":522},{"Length":62,"Height":8,"Demand":1,"DemandMax":null,"Value":496},{"Length":13,"Height":41,"Demand":1,"DemandMax":null,"Value":533},{"Length":6,"Height":84,"Demand":1,"DemandMax":null,"Value":504},{"Length":56,"Height":9,"Demand":2,"DemandMax":null,"Value":504},{"Length":21,"Height":25,"Demand":1,"DemandMax":null,"Value":525},{"Length":13,"Height":39,"Demand":1,"DemandMax":null,"Value":507},{"Length":5,"Height":94,"Demand":1,"DemandMax":null,"Value":470},{"Length":165,"Height":3,"Demand":1,"DemandMax":null,"Value":495},{"Length":34,"Height":15,"Demand":1,"DemandMax":null,"Value":510},{"Length":11,"Height":45,"Demand":2,"DemandMax":null,"Value":495},{"Length":119,"Height":4,"Demand":4,"DemandMax":null,"Value":476},{"Length":38,"Height":13,"Demand":2,"DemandMax":null,"Value":494},{"Length":81,"Height":6,"Demand":1,"DemandMax":null,"Value":486},{"Length":5,"Height":96,"Demand":4,"DemandMax":null,"Value":480},{"Length":3,"Height":146,"Demand":1,"DemandMax":null,"Value":438},{"Length":24,"Height":22,"Demand":1,"DemandMax":null,"Value":528},{"Length":113,"Height":4,"Demand":1,"DemandMax":null,"Value":452},{"Length":82,"Height":6,"Demand":1,"DemandMax":null,"Value":492},{"Length":54,"Height":9,"Demand":2,"DemandMax":null,"Value":486},{"Length":3,"Height":174,"Demand":2,"DemandMax":null,"Value":522},{"Length":10,"Height":53,"Demand":1,"DemandMax":null,"Value":530},{"Length":107,"Height":5,"Demand":1,"DemandMax":null,"Value":535},{"Length":14,"Height":36,"Demand":1,"DemandMax":null,"Value":504},{"Length":22,"Height":23,"Demand":1,"DemandMax":null,"Value":506},{"Length":23,"Height":22,"Demand":1,"DemandMax":null,"Value":506},{"Length":169,"Height":3,"Demand":1,"DemandMax":null,"Value":507},{"Length":72,"Height":7,"Demand":1,"DemandMax":null,"Value":504},{"Length":5,"Height":110,"Demand":1,"DemandMax":null,"Value":550},{"Length":67,"Height":8,"Demand":1,"DemandMax":null,"Value":536},{"Length":11,"Height":46,"Demand":1,"DemandMax":null,"Value":506},{"Length":111,"Height":4,"Demand":3,"DemandMax":null,"Value":444},{"Length":57,"Height":9,"Demand":1,"DemandMax":null,"Value":513},{"Length":3,"Height":143,"Demand":2,"DemandMax":null,"Value":429},{"Length":9,"Height":52,"Demand":3,"DemandMax":null,"Value":468},{"Length":7,"Height":75,"Demand":1,"DemandMax":null,"Value":525},{"Length":112,"Height":4,"Demand":5,"DemandMax":null,"Value":448},{"Length":97,"Height":5,"Demand":2,"DemandMax":null,"Value":485},{"Length":95,"Height":5,"Demand":4,"DemandMax":null,"Value":475},{"Length":43,"Height":11,"Demand":1,"DemandMax":null,"Value":473},{"Length":51,"Height":10,"Demand":2,"DemandMax":null,"Value":510},{"Length":66,"Height":7,"Demand":1,"DemandMax":null,"Value":462},{"Length":63,"Height":8,"Demand":1,"DemandMax":null,"Value":504},{"Length":58,"Height":8,"Demand":1,"DemandMax":null,"Value":464},{"Length":33,"Height":15,"Demand":1,"DemandMax":null,"Value":495},{"Length":147,"Height":3,"Demand":2,"DemandMax":null,"Value":441},{"Length":31,"Height":15,"Demand":1,"DemandMax":null,"Value":465},{"Length":32,"Height":15,"Demand":1,"DemandMax":null,"Value":480},{"Length":23,"Height":21,"Demand":1,"DemandMax":null,"Value":483},{"Length":21,"Height":23,"Demand":2,"DemandMax":null,"Value":483},{"Length":53,"Height":9,"Demand":3,"DemandMax":null,"Value":477},{"Length":57,"Height":8,"Demand":2,"DemandMax":null,"Value":456},{"Length":99,"Height":5,"Demand":2,"DemandMax":null,"Value":495},{"Length":145,"Height":3,"Demand":1,"DemandMax":null,"Value":435},{"Length":4,"Height":116,"Demand":2,"DemandMax":null,"Value":464},{"Length":67,"Height":7,"Demand":1,"DemandMax":null,"Value":469},{"Length":13,"Height":36,"Demand":3,"DemandMax":null,"Value":468},{"Length":24,"Height":20,"Demand":1,"DemandMax":null,"Value":480},{"Length":8,"Height":60,"Demand":1,"DemandMax":null,"Value":480},{"Length":28,"Height":17,"Demand":1,"DemandMax":null,"Value":476},{"Length":76,"Height":6,"Demand":1,"DemandMax":null,"Value":456},{"Length":27,"Height":17,"Demand":2,"DemandMax":null,"Value":459},{"Length":79,"Height":6,"Demand":2,"DemandMax":null,"Value":474},{"Length":25,"Height":19,"Demand":2,"DemandMax":null,"Value":475},{"Length":51,"Height":9,"Demand":2,"DemandMax":null,"Value":459},{"Length":35,"Height":14,"Demand":1,"DemandMax":null,"Value":490},{"Length":17,"Height":28,"Demand":1,"DemandMax":null,"Value":476},{"Length":24,"Height":19,"Demand":2,"DemandMax":null,"Value":456},{"Length":78,"Height":6,"Demand":1,"DemandMax":null,"Value":468},{"Length":106,"Height":4,"Demand":2,"DemandMax":null,"Value":424},{"Length":19,"Height":25,"Demand":1,"DemandMax":null,"Value":475},{"Length":86,"Height":5,"Demand":2,"DemandMax":null,"Value":430},{"Length":26,"Height":18,"Demand":1,"DemandMax":null,"Value":468},{"Length":14,"Height":34,"Demand":1,"DemandMax":null,"Value":476},{"Length":52,"Height":9,"Demand":2,"DemandMax":null,"Value":468},{"Length":4,"Height":115,"Demand":1,"DemandMax":null,"Value":460},{"Length":20,"Height":24,"Demand":1,"DemandMax":null,"Value":480},{"Length":8,"Height":55,"Demand":2,"DemandMax":null,"Value":440},{"Length":5,"Height":86,"Demand":3,"DemandMax":null,"Value":430},{"Length":37,"Height":13,"Demand":1,"DemandMax":null,"Value":481},{"Length":21,"Height":21,"Demand":2,"DemandMax":null,"Value":441},{"Length":83,"Height":6,"Demand":1,"DemandMax":null,"Value":498},{"Length":14,"Height":32,"Demand":2,"DemandMax":null,"Value":448},{"Length":4,"Height":119,"Demand":1,"DemandMax":null,"Value":476},{"Length":156,"Height":3,"Demand":2,"DemandMax":null,"Value":468},{"Length":73,"Height":6,"Demand":2,"DemandMax":null,"Value":438},{"Length":85,"Height":5,"Demand":2,"DemandMax":null,"Value":425},{"Length":15,"Height":31,"Demand":1,"DemandMax":null,"Value":465},{"Length":50,"Height":9,"Demand":2,"DemandMax":null,"Value":450},{"Length":77,"Height":6,"Demand":3,"DemandMax":null,"Value":462},{"Length":36,"Height":13,"Demand":1,"DemandMax":null,"Value":468},{"Length":5,"Height":98,"Demand":1,"DemandMax":null,"Value":490},{"Length":64,"Height":7,"Demand":2,"DemandMax":null,"Value":448},{"Length":38,"Height":12,"Demand":3,"DemandMax":null,"Value":456},{"Length":131,"Height":3,"Demand":1,"DemandMax":null,"Value":393},{"Length":143,"Height":3,"Demand":2,"DemandMax":null,"Value":429},{"Length":9,"Height":48,"Demand":1,"DemandMax":null,"Value":432},{"Length":7,"Height":69,"Demand":2,"DemandMax":null,"Value":483},{"Length":49,"Height":9,"Demand":1,"DemandMax":null,"Value":441},{"Length":46,"Height":10,"Demand":1,"DemandMax":null,"Value":460},{"Length":10,"Height":45,"Demand":1,"DemandMax":null,"Value":450},{"Length":72,"Height":6,"Demand":1,"DemandMax":null,"Value":432},{"Length":5,"Height":88,"Demand":1,"DemandMax":null,"Value":440},{"Length":10,"Height":47,"Demand":1,"DemandMax":null,"Value":470},{"Length":13,"Height":35,"Demand":1,"DemandMax":null,"Value":455},{"Length":2,"Height":192,"Demand":1,"DemandMax":null,"Value":384},{"Length":4,"Height":112,"Demand":2,"DemandMax":null,"Value":448},{"Length":171,"Height":3,"Demand":2,"DemandMax":null,"Value":513},{"Length":59,"Height":8,"Demand":1,"DemandMax":null,"Value":472},{"Length":89,"Height":5,"Demand":2,"DemandMax":null,"Value":445},{"Length":135,"Height":3,"Demand":1,"DemandMax":null,"Value":405},{"Length":28,"Height":16,"Demand":2,"DemandMax":null,"Value":448},{"Length":14,"Height":33,"Demand":1,"DemandMax":null,"Value":462},{"Length":173,"Height":3,"Demand":1,"DemandMax":null,"Value":519},{"Length":133,"Height":3,"Demand":1,"DemandMax":null,"Value":399},{"Length":29,"Height":15,"Demand":1,"DemandMax":null,"Value":435},{"Length":74,"Height":6,"Demand":1,"DemandMax":null,"Value":444},{"Length":63,"Height":7,"Demand":2,"DemandMax":null,"Value":441},{"Length":7,"Height":65,"Demand":1,"DemandMax":null,"Value":455},{"Length":5,"Height":95,"Demand":1,"DemandMax":null,"Value":475},{"Length":6,"Height":73,"Demand":1,"DemandMax":null,"Value":438},{"Length":13,"Height":34,"Demand":1,"DemandMax":null,"Value":442},{"Length":9,"Height":47,"Demand":2,"DemandMax":null,"Value":423},{"Length":5,"Height":87,"Demand":2,"DemandMax":null,"Value":435},{"Length":116,"Height":4,"Demand":2,"DemandMax":null,"Value":464},{"Length":3,"Height":142,"Demand":2,"DemandMax":null,"Value":426},{"Length":35,"Height":13,"Demand":1,"DemandMax":null,"Value":455},{"Length":8,"Height":56,"Demand":1,"DemandMax":null,"Value":448},{"Length":39,"Height":11,"Demand":1,"DemandMax":null,"Value":429},{"Length":15,"Height":29,"Demand":1,"DemandMax":null,"Value":435},{"Length":11,"Height":38,"Demand":2,"DemandMax":null,"Value":418},{"Length":34,"Height":13,"Demand":1,"DemandMax":null,"Value":442},{"Length":71,"Height":6,"Demand":2,"DemandMax":null,"Value":426},{"Length":8,"Height":52,"Demand":1,"DemandMax":null,"Value":416},{"Length":144,"Height":3,"Demand":1,"DemandMax":null,"Value":432},{"Length":114,"Height":4,"Demand":1,"DemandMax":null,"Value":456},{"Length":54,"Height":8,"Demand":2,"DemandMax":null,"Value":432},{"Length":15,"Height":30,"Demand":2,"DemandMax":null,"Value":450},{"Length":43,"Height":10,"Demand":2,"DemandMax":null,"Value":430},{"Length":7,"Height":62,"Demand":1,"DemandMax":null,"Value":434},{"Length":90,"Height":5,"Demand":2,"DemandMax":null,"Value":450},{"Length":110,"Height":4,"Demand":1,"DemandMax":null,"Value":440},{"Length":25,"Height":17,"Demand":3,"DemandMax":null,"Value":425},{"Length":5,"Height":81,"Demand":1,"DemandMax":null,"Value":405},{"Length":53,"Height":8,"Demand":2,"DemandMax":null,"Value":424},{"Length":34,"Height":12,"Demand":3,"DemandMax":null,"Value":408},{"Length":6,"Height":77,"Demand":1,"DemandMax":null,"Value":462},{"Length":6,"Height":70,"Demand":1,"DemandMax":null,"Value":420},{"Length":31,"Height":14,"Demand":1,"DemandMax":null,"Value":434},{"Length":17,"Height":25,"Demand":3,"DemandMax":null,"Value":425},{"Length":105,"Height":4,"Demand":1,"DemandMax":null,"Value":420},{"Length":51,"Height":8,"Demand":2,"DemandMax":null,"Value":408},{"Length":20,"Height":21,"Demand":3,"DemandMax":null,"Value":420},{"Length":8,"Height":53,"Demand":1,"DemandMax":null,"Value":424},{"Length":129,"Height":3,"Demand":1,"DemandMax":null,"Value":387},{"Length":18,"Height":24,"Demand":2,"DemandMax":null,"Value":432},{"Length":4,"Height":111,"Demand":1,"DemandMax":null,"Value":444},{"Length":13,"Height":33,"Demand":1,"DemandMax":null,"Value":429},{"Length":67,"Height":6,"Demand":1,"DemandMax":null,"Value":402},{"Length":4,"Height":110,"Demand":1,"DemandMax":null,"Value":440},{"Length":23,"Height":18,"Demand":1,"DemandMax":null,"Value":414},{"Length":101,"Height":4,"Demand":1,"DemandMax":null,"Value":404},{"Length":37,"Height":12,"Demand":1,"DemandMax":null,"Value":444},{"Length":48,"Height":9,"Demand":1,"DemandMax":null,"Value":432},{"Length":6,"Height":69,"Demand":1,"DemandMax":null,"Value":414},{"Length":42,"Height":10,"Demand":1,"DemandMax":null,"Value":420},{"Length":173,"Height":2,"Demand":1,"DemandMax":null,"Value":346},{"Length":46,"Height":9,"Demand":1,"DemandMax":null,"Value":414},{"Length":2,"Height":172,"Demand":2,"DemandMax":null,"Value":344},{"Length":52,"Height":8,"Demand":1,"DemandMax":null,"Value":416},{"Length":37,"Height":11,"Demand":1,"DemandMax":null,"Value":407},{"Length":12,"Height":36,"Demand":1,"DemandMax":null,"Value":432},{"Length":56,"Height":8,"Demand":1,"DemandMax":null,"Value":448},{"Length":6,"Height":76,"Demand":1,"DemandMax":null,"Value":456},{"Length":7,"Height":63,"Demand":1,"DemandMax":null,"Value":441},{"Length":58,"Height":7,"Demand":1,"DemandMax":null,"Value":406},{"Length":78,"Height":5,"Demand":2,"DemandMax":null,"Value":390},{"Length":15,"Height":28,"Demand":1,"DemandMax":null,"Value":420},{"Length":6,"Height":67,"Demand":1,"DemandMax":null,"Value":402},{"Length":77,"Height":5,"Demand":1,"DemandMax":null,"Value":385},{"Length":8,"Height":50,"Demand":4,"DemandMax":null,"Value":400},{"Length":36,"Height":11,"Demand":1,"DemandMax":null,"Value":396},{"Length":26,"Height":16,"Demand":1,"DemandMax":null,"Value":416},{"Length":28,"Height":15,"Demand":1,"DemandMax":null,"Value":420},{"Length":95,"Height":4,"Demand":3,"DemandMax":null,"Value":380},{"Length":6,"Height":75,"Demand":1,"DemandMax":null,"Value":450},{"Length":7,"Height":59,"Demand":1,"DemandMax":null,"Value":413},{"Length":16,"Height":25,"Demand":1,"DemandMax":null,"Value":400},{"Length":83,"Height":5,"Demand":2,"DemandMax":null,"Value":415},{"Length":124,"Height":3,"Demand":1,"DemandMax":null,"Value":372},{"Length":98,"Height":4,"Demand":1,"DemandMax":null,"Value":392},{"Length":107,"Height":4,"Demand":1,"DemandMax":null,"Value":428}]}