{"Name":"nice81t","Objects":[{"Length":1000,"Height":1001,"Stock":null,"Cost":1001000}],"Items":[{"Length":72,"Height":57,"Demand":1,"DemandMax":null,"Value":4104},{"Length":55,"Height":73,"Demand":1,"DemandMax":null,"Value":4015},{"Length":48,"Height":78,"Demand":1,"DemandMax":null,"Value":3744},{"Length":56,"Height":66,"Demand":1,"DemandMax":null,"Value":3696},{"Length":67,"Height":54,"Demand":1,"DemandMax":null,"Value":3618},{"Length":58,"Height":56,"Demand":1,"DemandMax":null,"Value":3248},{"Length":47,"Height":60,"Demand":1,"DemandMax":null,"Value":2820},{"Length":63,"Height":45,"Demand":1,"DemandMax":null,"Value":2835},{"Length":50,"Height":56,"Demand":1,"DemandMax":null,"Value":2800},{"Length":84,"Height":32,"Demand":1,"DemandMax":null,"Value":2688},{"Length":69,"Height":38,"Demand":1,"DemandMax":null,"Value":2622},{"Length":79,"Height":33,"Demand":1,"DemandMax":null,"Value":2607},{"Length":78,"Height":33,"Demand":1,"DemandMax":null,"Value":2574},{"Length":60,"Height":43,"Demand":1,"DemandMax":null,"Value":2580},{"Length":88,"Height":29,"Demand":1,"DemandMax":null,"Value":2552},{"Length":70,"Height":35,"Demand":1,"DemandMax":null,"Value":2450},{"Length":26,"Height":93,"Demand":1,"DemandMax":null,"Value":2418},{"Length":90,"Height":26,"Demand":1,"DemandMax":null,"Value":2340},{"Length":58,"Height":38,"Demand":1,"DemandMax":null,"Value":2204},{"Length":94,"Height":23,"Demand":1,"DemandMax":null,"Value":2162},{"Length":69,"Height":32,"Demand":1,"DemandMax":null,"Value":2208},{"Length":49,"Height":44,"Demand":1,"DemandMax":null,"Value":2156},{"Length":54,"Height":39,"Demand":1,"DemandMax":null,"Value":2106},{"Length":70,"Height":28,"Demand":1,"DemandMax":null,"Value":1960},{"Length":26,"Height":76,"Demand":1,"DemandMax":null,"Value":1976},{"Length":34,"Height":57,"Demand":1,"DemandMax":null,"Value":1938},{"Length":56,"Height":35,"Demand":1,"DemandMax":null,"Value":1960},{"Length":38,"Height":50,"Demand":2,"DemandMax":null,"Value":1900},{"Length":57,"Height":34,"Demand":1,"DemandMax":null,"Value":1938},{"Length":51,"Height":37,"Demand":1,"DemandMax":null,"Value":1887},{"Length":45,"Height":41,"Demand":1,"DemandMax":null,"Value":1845},{"Length":34,"Height":55,"Demand":1,"DemandMax":null,"Value":1870},{"Length":22,"Height":85,"Demand":1,"DemandMax":null,"Value":1870},{"Length":86,"Height":22,"Demand":1,"DemandMax":null,"Value":1892},{"Length":59,"Height":30,"Demand":1,"DemandMax":null,"Value":1770},{"Length":31,"Height":58,"Demand":1,"DemandMax":null,"Value":1798},{"Length":28,"Height":64,"Demand":1,"DemandMax":null,"Value":1792},{"Length":64,"Height":28,"Demand":1,"DemandMax":null,"Value":1792},{"Length":65,"Height":27,"Demand":1,"DemandMax":null,"Value":1755},{"Length":55,"Height":31,"Demand":1,"DemandMax":null,"Value":1705},{"Length":22,"Height":76,"Demand":1,"DemandMax":null,"Value":1672},{"Length":30,"Height":55,"Demand":1,"DemandMax":null,"Value":1650},{"Length":43,"Height":38,"Demand":1,"DemandMax":null,"Value":1634},{"Length":44,"Height":38,"Demand":1,"DemandMax":null,"Value":1672},{"Length":52,"Height":32,"Demand":1,"DemandMax":null,"Value":1664},{"Length":49,"Height":33,"Demand":1,"DemandMax":null,"Value":1617},{"Length":69,"Height":24,"Demand":1,"DemandMax":null,"Value":1656},{"Length":42,"Height":39,"Demand":1,"DemandMax":null,"Value":1638},{"Length":29,"Height":57,"Demand":1,"DemandMax":null,"Value":1653},{"Length":32,"Height":50,"Demand":1,"DemandMax":null,"Value":1600},{"Length":26,"Height":61,"Demand":1,"DemandMax":null,"Value":1586},{"Length":58,"Height":27,"Demand":2,"DemandMax":null,"Value":1566},{"Length":76,"Height":20,"Demand":1,"DemandMax":null,"Value":1520},{"Length":29,"Height":53,"Demand":1,"DemandMax":null,"Value":1537},{"Length":36,"Height":42,"Demand":1,"DemandMax":null,"Value":1512},{"Length":31,"Height":50,"Demand":1,"DemandMax":null,"Value":1550},{"Length":39,"Height":39,"Demand":1,"DemandMax":null,"Value":1521},{"Length":30,"Height":50,"Demand":1,"DemandMax":null,"Value":1500},{"Length":23,"Height":65,"Demand":1,"DemandMax":null,"Value":1495},{"Length":36,"Height":41,"Demand":1,"DemandMax":null,"Value":1476},{"Length":43,"Height":34,"Demand":1,"DemandMax":null,"Value":1462},{"Length":28,"Height":52,"Demand":1,"DemandMax":null,"Value":1456},{"Length":49,"Height":30,"Demand":1,"DemandMax":null,"Value":1470},{"Length":19,"Height":75,"Demand":1,"DemandMax":null,"Value":1425},{"Length":52,"Height":28,"Demand":1,"DemandMax":null,"Value":1456},{"Length":64,"Height":23,"Demand":1,"DemandMax":null,"Value":1472},{"Length":27,"Height":54,"Demand":1,"DemandMax":null,"Value":1458},{"Length":25,"Height":57,"Demand":1,"DemandMax":null,"Value":1425},{"Length":32,"Height":45,"Demand":1,"DemandMax":null,"Value":1440},{"Length":29,"Height":50,"Demand":1,"DemandMax":null,"Value":1450},{"Length":40,"Height":36,"Demand":1,"DemandMax":null,"Value":1440},{"Length":69,"Height":21,"Demand":1,"DemandMax":null,"Value":1449},{"Length":49,"Height":29,"Demand":2,"DemandMax":null,"Value":1421},{"Length":75,"Height":19,"Demand":1,"DemandMax":null,"Value":1425},{"Length":20,"Height":72,"Demand":1,"DemandMax":null,"Value":1440},{"Length":39,"Height":36,"Demand":2,"DemandMax":null,"Value":1404},{"Length":47,"Height":30,"Demand":1,"DemandMax":null,"Value":1410},{"Length":33,"Height":43,"Demand":1,"DemandMax":null,"Value":1419},{"Length":28,"Height":50,"Demand":1,"DemandMax":null,"Value":1400},{"Length":38,"Height":38,"Demand":1,"DemandMax":null,"Value":1444},{"Length":40,"Height":35,"Demand":1,"DemandMax":null,"Value":1400},{"Length":34,"Height":41,"Demand":1,"DemandMax":null,"Value":1394},{"Length":33,"Height":42,"Demand":1,"DemandMax":null,"Value":1386},{"Length":48,"Height":29,"Demand":1,"DemandMax":null,"Value":1392},{"Length":22,"Height":65,"Demand":1,"DemandMax":null,"Value":1430},{"Length":38,"Height":37,"Demand":1,"DemandMax":null,"Value":1406},{"Length":70,"Height":20,"Demand":1,"DemandMax":null,"Value":1400},{"Length":25,"Height":56,"Demand":1,"DemandMax":null,"Value":1400},{"Length":38,"Height":36,"Demand":2,"DemandMax":null,"Value":1368},{"Length":35,"Height":39,"Demand":1,"DemandMax":null,"Value":1365},{"Length":62,"Height":22,"Demand":1,"DemandMax":null,"Value":1364},{"Length":25,"Height":54,"Demand":1,"DemandMax":null,"Value":1350},{"Length":39,"Height":35,"Demand":1,"DemandMax":null,"Value":1365},{"Length":23,"Height":60,"Demand":1,"DemandMax":null,"Value":1380},{"Length":21,"Height":65,"Demand":1,"DemandMax":null,"Value":1365},{"Length":19,"Height":72,"Demand":1,"DemandMax":null,"Value":1368},{"Length":60,"Height":23,"Demand":1,"DemandMax":null,"Value":1380},{"Length":25,"Height":53,"Demand":2,"DemandMax":null,"Value":1325},{"Length":45,"Height":30,"Demand":1,"DemandMax":null,"Value":1350},{"Length":19,"Height":70,"Demand":1,"DemandMax":null,"Value":1330},{"Length":36,"Height":37,"Demand":1,"DemandMax":null,"Value":1332},{"Length":29,"Height":47,"Demand":1,"DemandMax":null,"Value":1363},{"Length":41,"Height":33,"Demand":1,"DemandMax":null,"Value":1353},{"Length":60,"Height":22,"Demand":1,"DemandMax":null,"Value":1320},{"Length":28,"Height":48,"Demand":1,"DemandMax":null,"Value":1344},{"Length":66,"Height":20,"Demand":1,"DemandMax":null,"Value":1320},{"Length":32,"Height":41,"Demand":1,"DemandMax":null,"Value":1312},{"Length":23,"Height":58,"Demand":1,"DemandMax":null,"Value":1334},{"Length":45,"Height":29,"Demand":1,"DemandMax":null,"Value":1305},{"Length":26,"Height":52,"Demand":1,"DemandMax":null,"Value":1352},{"Length":39,"Height":33,"Demand":3,"DemandMax":null,"Value":1287},{"Length":20,"Height":65,"Demand":1,"DemandMax":null,"Value":1300},{"Length":21,"Height":63,"Demand":2,"DemandMax":null,"Value":1323},{"Length":26,"Height":50,"Demand":1,"DemandMax":null,"Value":1300},{"Length":36,"Height":36,"Demand":3,"DemandMax":null,"Value":1296},{"Length":47,"Height":27,"Demand":4,"DemandMax":null,"Value":1269},{"Length":34,"Height":38,"Demand":1,"DemandMax":null,"Value":1292},{"Length":46,"Height":28,"Demand":1,"DemandMax":null,"Value":1288},{"Length":20,"Height":64,"Demand":1,"DemandMax":null,"Value":1280},{"Length":49,"Height":26,"Demand":1,"DemandMax":null,"Value":1274},{"Length":31,"Height":41,"Demand":1,"DemandMax":null,"Value":1271},{"Length":33,"Height":38,"Demand":1,"DemandMax":null,"Value":1254},{"Length":38,"Height":33,"Demand":2,"DemandMax":null,"Value":1254},{"Length":34,"Height":37,"Demand":1,"DemandMax":null,"Value":1258},{"Length":25,"Height":50,"Demand":2,"DemandMax":null,"Value":1250},{"Length":65,"Height":19,"Demand":2,"DemandMax":null,"Value":1235},{"Length":52,"Height":24,"Demand":1,"DemandMax":null,"Value":1248},{"Length":56,"Height":22,"Demand":1,"DemandMax":null,"Value":1232},{"Length":21,"Height":59,"Demand":1,"DemandMax":null,"Value":1239},{"Length":24,"Height":52,"Demand":2,"DemandMax":null,"Value":1248},{"Length":26,"Height":49,"Demand":1,"DemandMax":null,"Value":1274},{"Length":23,"Height":55,"Demand":3,"DemandMax":null,"Value":1265},{"Length":18,"Height":70,"Demand":2,"DemandMax":null,"Value":1260},{"Length":19,"Height":66,"Demand":2,"DemandMax":null,"Value":1254},{"Length":30,"Height":42,"Demand":1,"DemandMax":null,"Value":1260},{"Length":35,"Height":35,"Demand":5,"DemandMax":null,"Value":1225},{"Length":24,"Height":53,"Demand":1,"DemandMax":null,"Value":1272},{"Length":39,"Height":31,"Demand":2,"DemandMax":null,"Value":1209},{"Length":30,"Height":41,"Demand":2,"DemandMax":null,"Value":1230},{"Length":18,"Height":68,"Demand":1,"DemandMax":null,"Value":1224},{"Length":57,"Height":22,"Demand":1,"DemandMax":null,"Value":1254},{"Length":33,"Height":37,"Demand":1,"DemandMax":null,"Value":1221},{"Length":32,"Height":39,"Demand":1,"DemandMax":null,"Value":1248},{"Length":20,"Height":61,"Demand":2,"DemandMax":null,"Value":1220},{"Length":48,"Height":26,"Demand":1,"DemandMax":null,"Value":1248},{"Length":42,"Height":29,"Demand":2,"DemandMax":null,"Value":1218},{"Length":49,"Height":25,"Demand":3,"DemandMax":null,"Value":1225},{"Length":45,"Height":27,"Demand":1,"DemandMax":null,"Value":1215},{"Length":32,"Height":38,"Demand":1,"DemandMax":null,"Value":1216},{"Length":27,"Height":44,"Demand":1,"DemandMax":null,"Value":1188},{"Length":66,"Height":18,"Demand":1,"DemandMax":null,"Value":1188},{"Length":29,"Height":41,"Demand":1,"DemandMax":null,"Value":1189},{"Length":25,"Height":48,"Demand":1,"DemandMax":null,"Value":1200},{"Length":22,"Height":55,"Demand":2,"DemandMax":null,"Value":1210},{"Length":21,"Height":58,"Demand":1,"DemandMax":null,"Value":1218},{"Length":37,"Height":33,"Demand":1,"DemandMax":null,"Value":1221},{"Length":21,"Height":57,"Demand":1,"DemandMax":null,"Value":1197},{"Length":68,"Height":18,"Demand":2,"DemandMax":null,"Value":1224},{"Length":35,"Height":33,"Demand":5,"DemandMax":null,"Value":1155},{"Length":38,"Height":32,"Demand":1,"DemandMax":null,"Value":1216},{"Length":19,"Height":63,"Demand":1,"DemandMax":null,"Value":1197},{"Length":26,"Height":45,"Demand":1,"DemandMax":null,"Value":1170},{"Length":42,"Height":28,"Demand":2,"DemandMax":null,"Value":1176},{"Length":49,"Height":24,"Demand":1,"DemandMax":null,"Value":1176},{"Length":18,"Height":64,"Demand":1,"DemandMax":null,"Value":1152},{"Length":48,"Height":25,"Demand":1,"DemandMax":null,"Value":1200},{"Length":65,"Height":18,"Demand":1,"DemandMax":null,"Value":1170},{"Length":33,"Height":35,"Demand":2,"DemandMax":null,"Value":1155},{"Length":45,"Height":26,"Demand":1,"DemandMax":null,"Value":1170},{"Length":46,"Height":25,"Demand":1,"DemandMax":null,"Value":1150},{"Length":41,"Height":28,"Demand":1,"DemandMax":null,"Value":1148},{"Length":23,"Height":52,"Demand":1,"DemandMax":null,"Value":1196},{"Length":62,"Height":19,"Demand":1,"DemandMax":null,"Value":1178},{"Length":18,"Height":63,"Demand":1,"DemandMax":null,"Value":1134},{"Length":32,"Height":36,"Demand":4,"DemandMax":null,"Value":1152},{"Length":19,"Height":59,"Demand":1,"DemandMax":null,"Value":1121},{"Length":28,"Height":41,"Demand":1,"DemandMax":null,"Value":1148},{"Length":33,"Height":36,"Demand":1,"DemandMax":null,"Value":1188},{"Length":23,"Height":50,"Demand":1,"DemandMax":null,"Value":1150},{"Length":47,"Height":24,"Demand":1,"DemandMax":null,"Value":1128},{"Length":54,"Height":21,"Demand":2,"DemandMax":null,"Value":1134},{"Length":39,"Height":29,"Demand":3,"DemandMax":null,"Value":1131},{"Length":22,"Height":53,"Demand":1,"DemandMax":null,"Value":1166},{"Length":39,"Height":30,"Demand":1,"DemandMax":null,"Value":1170},{"Length":61,"Height":19,"Demand":2,"DemandMax":null,"Value":1159},{"Length":36,"Height":32,"Demand":1,"DemandMax":null,"Value":1152},{"Length":26,"Height":44,"Demand":2,"DemandMax":null,"Value":1144},{"Length":32,"Height":35,"Demand":1,"DemandMax":null,"Value":1120},{"Length":58,"Height":20,"Demand":1,"DemandMax":null,"Value":1160},{"Length":29,"Height":39,"Demand":3,"DemandMax":null,"Value":1131},{"Length":37,"Height":31,"Demand":1,"DemandMax":null,"Value":1147},{"Length":43,"Height":26,"Demand":1,"DemandMax":null,"Value":1118},{"Length":31,"Height":36,"Demand":2,"DemandMax":null,"Value":1116},{"Length":67,"Height":17,"Demand":1,"DemandMax":null,"Value":1139},{"Length":36,"Height":31,"Demand":2,"DemandMax":null,"Value":1116},{"Length":27,"Height":41,"Demand":2,"DemandMax":null,"Value":1107},{"Length":37,"Height":30,"Demand":2,"DemandMax":null,"Value":1110},{"Length":65,"Height":17,"Demand":1,"DemandMax":null,"Value":1105},{"Length":23,"Height":49,"Demand":2,"DemandMax":null,"Value":1127},{"Length":31,"Height":37,"Demand":1,"DemandMax":null,"Value":1147},{"Length":50,"Height":23,"Demand":1,"DemandMax":null,"Value":1150},{"Length":38,"Height":29,"Demand":4,"DemandMax":null,"Value":1102},{"Length":55,"Height":20,"Demand":1,"DemandMax":null,"Value":1100},{"Length":34,"Height":33,"Demand":2,"DemandMax":null,"Value":1122},{"Length":22,"Height":50,"Demand":2,"DemandMax":null,"Value":1100},{"Length":42,"Height":27,"Demand":2,"DemandMax":null,"Value":1134},{"Length":26,"Height":43,"Demand":1,"DemandMax":null,"Value":1118},{"Length":41,"Height":27,"Demand":1,"DemandMax":null,"Value":1107},{"Length":64,"Height":17,"Demand":2,"DemandMax":null,"Value":1088},{"Length":48,"Height":23,"Demand":2,"DemandMax":null,"Value":1104},{"Length":28,"Height":40,"Demand":1,"DemandMax":null,"Value":1120},{"Length":20,"Height":56,"Demand":1,"DemandMax":null,"Value":1120},{"Length":56,"Height":20,"Demand":1,"DemandMax":null,"Value":1120},{"Length":23,"Height":48,"Demand":3,"DemandMax":null,"Value":1104},{"Length":30,"Height":36,"Demand":2,"DemandMax":null,"Value":1080},{"Length":25,"Height":44,"Demand":2,"DemandMax":null,"Value":1100},{"Length":40,"Height":28,"Demand":1,"DemandMax":null,"Value":1120},{"Length":20,"Height":54,"Demand":1,"DemandMax":null,"Value":1080},{"Length":49,"Height":23,"Demand":1,"DemandMax":null,"Value":1127},{"Length":17,"Height":65,"Demand":4,"DemandMax":null,"Value":1105},{"Length":35,"Height":31,"Demand":4,"DemandMax":null,"Value":1085},{"Length":43,"Height":25,"Demand":3,"DemandMax":null,"Value":1075},{"Length":51,"Height":22,"Demand":1,"DemandMax":null,"Value":1122},{"Length":20,"Height":55,"Demand":1,"DemandMax":null,"Value":1100},{"Length":33,"Height":34,"Demand":1,"DemandMax":null,"Value":1122},{"Length":33,"Height":33,"Demand":1,"DemandMax":null,"Value":1089},{"Length":32,"Height":34,"Demand":1,"DemandMax":null,"Value":1088},{"Length":29,"Height":38,"Demand":1,"DemandMax":null,"Value":1102},{"Length":41,"Height":26,"Demand":3,"DemandMax":null,"Value":1066},{"Length":39,"Height":28,"Demand":1,"DemandMax":null,"Value":1092},{"Length":62,"Height":17,"Demand":1,"DemandMax":null,"Value":1054},{"Length":51,"Height":21,"Demand":2,"DemandMax":null,"Value":1071},{"Length":17,"Height":63,"Demand":3,"DemandMax":null,"Value":1071},{"Length":42,"Height":26,"Demand":1,"DemandMax":null,"Value":1092},{"Length":34,"Height":32,"Demand":1,"DemandMax":null,"Value":1088},{"Length":26,"Height":41,"Demand":1,"DemandMax":null,"Value":1066},{"Length":18,"Height":61,"Demand":1,"DemandMax":null,"Value":1098},{"Length":47,"Height":23,"Demand":1,"DemandMax":null,"Value":1081},{"Length":37,"Height":29,"Demand":2,"DemandMax":null,"Value":1073},{"Length":19,"Height":57,"Demand":1,"DemandMax":null,"Value":1083},{"Length":55,"Height":19,"Demand":1,"DemandMax":null,"Value":1045},{"Length":34,"Height":31,"Demand":1,"DemandMax":null,"Value":1054},{"Length":19,"Height":56,"Demand":1,"DemandMax":null,"Value":1064},{"Length":56,"Height":19,"Demand":1,"DemandMax":null,"Value":1064},{"Length":35,"Height":30,"Demand":3,"DemandMax":null,"Value":1050},{"Length":24,"Height":44,"Demand":2,"DemandMax":null,"Value":1056},{"Length":36,"Height":29,"Demand":1,"DemandMax":null,"Value":1044},{"Length":17,"Height":61,"Demand":3,"DemandMax":null,"Value":1037},{"Length":17,"Height":64,"Demand":1,"DemandMax":null,"Value":1088},{"Length":29,"Height":36,"Demand":3,"DemandMax":null,"Value":1044},{"Length":54,"Height":20,"Demand":1,"DemandMax":null,"Value":1080},{"Length":31,"Height":35,"Demand":1,"DemandMax":null,"Value":1085},{"Length":37,"Height":28,"Demand":2,"DemandMax":null,"Value":1036},{"Length":33,"Height":32,"Demand":1,"DemandMax":null,"Value":1056},{"Length":24,"Height":45,"Demand":1,"DemandMax":null,"Value":1080},{"Length":58,"Height":18,"Demand":2,"DemandMax":null,"Value":1044},{"Length":25,"Height":42,"Demand":2,"DemandMax":null,"Value":1050},{"Length":47,"Height":22,"Demand":1,"DemandMax":null,"Value":1034},{"Length":26,"Height":40,"Demand":2,"DemandMax":null,"Value":1040},{"Length":48,"Height":22,"Demand":2,"DemandMax":null,"Value":1056},{"Length":38,"Height":28,"Demand":1,"DemandMax":null,"Value":1064},{"Length":60,"Height":18,"Demand":1,"DemandMax":null,"Value":1080},{"Length":36,"Height":30,"Demand":1,"DemandMax":null,"Value":1080},{"Length":40,"Height":26,"Demand":1,"DemandMax":null,"Value":1040},{"Length":43,"Height":24,"Demand":2,"DemandMax":null,"Value":1032},{"Length":34,"Height":30,"Demand":2,"DemandMax":null,"Value":1020},{"Length":38,"Height":27,"Demand":1,"DemandMax":null,"Value":1026},{"Length":53,"Height":20,"Demand":1,"DemandMax":null,"Value":1060},{"Length":42,"Height":25,"Demand":3,"DemandMax":null,"Value":1050},{"Length":54,"Height":19,"Demand":1,"DemandMax":null,"Value":1026},{"Length":31,"Height":34,"Demand":3,"DemandMax":null,"Value":1054},{"Length":39,"Height":27,"Demand":1,"DemandMax":null,"Value":1053},{"Length":32,"Height":33,"Demand":3,"DemandMax":null,"Value":1056},{"Length":20,"Height":53,"Demand":1,"DemandMax":null,"Value":1060},{"Length":27,"Height":38,"Demand":3,"DemandMax":null,"Value":1026},{"Length":21,"Height":49,"Demand":2,"DemandMax":null,"Value":1029},{"Length":20,"Height":52,"Demand":1,"DemandMax":null,"Value":1040},{"Length":23,"Height":45,"Demand":1,"DemandMax":null,"Value":1035},{"Length":30,"Height":34,"Demand":1,"DemandMax":null,"Value":1020},{"Length":50,"Height":21,"Demand":1,"DemandMax":null,"Value":1050},{"Length":64,"Height":16,"Demand":1,"DemandMax":null,"Value":1024},{"Length":16,"Height":64,"Demand":1,"DemandMax":null,"Value":1024},{"Length":21,"Height":50,"Demand":1,"DemandMax":null,"Value":1050},{"Length":24,"Height":42,"Demand":1,"DemandMax":null,"Value":1008},{"Length":35,"Height":29,"Demand":3,"DemandMax":null,"Value":1015},{"Length":22,"Height":46,"Demand":1,"DemandMax":null,"Value":1012},{"Length":25,"Height":41,"Demand":1,"DemandMax":null,"Value":1025},{"Length":49,"Height":21,"Demand":1,"DemandMax":null,"Value":1029},{"Length":33,"Height":31,"Demand":1,"DemandMax":null,"Value":1023},{"Length":39,"Height":26,"Demand":2,"DemandMax":null,"Value":1014},{"Length":20,"Height":50,"Demand":1,"DemandMax":null,"Value":1000},{"Length":51,"Height":20,"Demand":1,"DemandMax":null,"Value":1020},{"Length":28,"Height":36,"Demand":2,"DemandMax":null,"Value":1008},{"Length":19,"Height":53,"Demand":1,"DemandMax":null,"Value":1007},{"Length":31,"Height":33,"Demand":1,"DemandMax":null,"Value":1023},{"Length":27,"Height":37,"Demand":2,"DemandMax":null,"Value":999},{"Length":48,"Height":21,"Demand":1,"DemandMax":null,"Value":1008},{"Length":18,"Height":56,"Demand":1,"DemandMax":null,"Value":1008},{"Length":47,"Height":21,"Demand":1,"DemandMax":null,"Value":987},{"Length":39,"Height":25,"Demand":4,"DemandMax":null,"Value":975},{"Length":34,"Height":29,"Demand":1,"DemandMax":null,"Value":986},{"Length":16,"Height":61,"Demand":3,"DemandMax":null,"Value":976},{"Length":41,"Height":24,"Demand":3,"DemandMax":null,"Value":984},{"Length":31,"Height":32,"Demand":1,"DemandMax":null,"Value":992},{"Length":25,"Height":39,"Demand":2,"DemandMax":null,"Value":975},{"Length":56,"Height":18,"Demand":1,"DemandMax":null,"Value":1008},{"Length":38,"Height":26,"Demand":1,"DemandMax":null,"Value":988},{"Length":29,"Height":34,"Demand":1,"DemandMax":null,"Value":986},{"Length":21,"Height":46,"Demand":1,"DemandMax":null,"Value":966},{"Length":42,"Height":23,"Demand":2,"DemandMax":null,"Value":966},{"Length":20,"Height":48,"Demand":1,"DemandMax":null,"Value":960},{"Length":49,"Height":20,"Demand":1,"DemandMax":null,"Value":980},{"Length":58,"Height":17,"Demand":1,"DemandMax":null,"Value":986},{"Length":32,"Height":31,"Demand":1,"DemandMax":null,"Value":992},{"Length":18,"Height":53,"Demand":2,"DemandMax":null,"Value":954},{"Length":34,"Height":28,"Demand":1,"DemandMax":null,"Value":952},{"Length":18,"Height":55,"Demand":1,"DemandMax":null,"Value":990},{"Length":24,"Height":40,"Demand":1,"DemandMax":null,"Value":960},{"Length":33,"Height":29,"Demand":2,"DemandMax":null,"Value":957},{"Length":36,"Height":27,"Demand":2,"DemandMax":null,"Value":972},{"Length":30,"Height":32,"Demand":1,"DemandMax":null,"Value":960},{"Length":29,"Height":33,"Demand":3,"DemandMax":null,"Value":957},{"Length":31,"Height":31,"Demand":2,"DemandMax":null,"Value":961},{"Length":23,"Height":42,"Demand":2,"DemandMax":null,"Value":966},{"Length":38,"Height":25,"Demand":2,"DemandMax":null,"Value":950},{"Length":28,"Height":34,"Demand":2,"DemandMax":null,"Value":952},{"Length":18,"Height":52,"Demand":2,"DemandMax":null,"Value":936},{"Length":22,"Height":44,"Demand":2,"DemandMax":null,"Value":968},{"Length":27,"Height":35,"Demand":2,"DemandMax":null,"Value":945},{"Length":17,"Height":55,"Demand":3,"DemandMax":null,"Value":935},{"Length":19,"Height":50,"Demand":3,"DemandMax":null,"Value":950},{"Length":37,"Height":25,"Demand":2,"DemandMax":null,"Value":925},{"Length":35,"Height":27,"Demand":1,"DemandMax":null,"Value":945},{"Length":41,"Height":23,"Demand":1,"DemandMax":null,"Value":943},{"Length":37,"Height":26,"Demand":1,"DemandMax":null,"Value":962},{"Length":39,"Height":24,"Demand":1,"DemandMax":null,"Value":936},{"Length":26,"Height":37,"Demand":1,"DemandMax":null,"Value":962},{"Length":29,"Height":32,"Demand":6,"DemandMax":null,"Value":928},{"Length":43,"Height":22,"Demand":2,"DemandMax":null,"Value":946},{"Length":31,"Height":30,"Demand":1,"DemandMax":null,"Value":930},{"Length":46,"Height":20,"Demand":1,"DemandMax":null,"Value":920},{"Length":53,"Height":18,"Demand":1,"DemandMax":null,"Value":954},{"Length":36,"Height":26,"Demand":1,"DemandMax":null,"Value":936},{"Length":33,"Height":28,"Demand":3,"DemandMax":null,"Value":924},{"Length":59,"Height":16,"Demand":1,"DemandMax":null,"Value":944},{"Length":24,"Height":39,"Demand":1,"DemandMax":null,"Value":936},{"Length":22,"Height":41,"Demand":4,"DemandMax":null,"Value":902},{"Length":22,"Height":42,"Demand":3,"DemandMax":null,"Value":924},{"Length":45,"Height":21,"Demand":1,"DemandMax":null,"Value":945},{"Length":28,"Height":33,"Demand":3,"DemandMax":null,"Value":924},{"Length":53,"Height":17,"Demand":2,"DemandMax":null,"Value":901},{"Length":41,"Height":22,"Demand":1,"DemandMax":null,"Value":902},{"Length":17,"Height":54,"Demand":1,"DemandMax":null,"Value":918},{"Length":21,"Height":44,"Demand":4,"DemandMax":null,"Value":924},{"Length":45,"Height":20,"Demand":1,"DemandMax":null,"Value":900},{"Length":23,"Height":41,"Demand":1,"DemandMax":null,"Value":943},{"Length":16,"Height":59,"Demand":1,"DemandMax":null,"Value":944},{"Length":24,"Height":38,"Demand":1,"DemandMax":null,"Value":912},{"Length":15,"Height":61,"Demand":1,"DemandMax":null,"Value":915},{"Length":32,"Height":29,"Demand":1,"DemandMax":null,"Value":928},{"Length":34,"Height":27,"Demand":3,"DemandMax":null,"Value":918},{"Length":40,"Height":23,"Demand":1,"DemandMax":null,"Value":920},{"Length":22,"Height":43,"Demand":1,"DemandMax":null,"Value":946},{"Length":50,"Height":18,"Demand":1,"DemandMax":null,"Value":900},{"Length":16,"Height":57,"Demand":1,"DemandMax":null,"Value":912},{"Length":17,"Height":53,"Demand":2,"DemandMax":null,"Value":901},{"Length":58,"Height":16,"Demand":1,"DemandMax":null,"Value":928},{"Length":16,"Height":56,"Demand":2,"DemandMax":null,"Value":896},{"Length":42,"Height":22,"Demand":1,"DemandMax":null,"Value":924},{"Length":30,"Height":30,"Demand":1,"DemandMax":null,"Value":900},{"Length":36,"Height":25,"Demand":3,"DemandMax":null,"Value":900},{"Length":27,"Height":34,"Demand":1,"DemandMax":null,"Value":918},{"Length":23,"Height":39,"Demand":3,"DemandMax":null,"Value":897},{"Length":39,"Height":23,"Demand":2,"DemandMax":null,"Value":897},{"Length":31,"Height":29,"Demand":3,"DemandMax":null,"Value":899},{"Length":37,"Height":24,"Demand":1,"DemandMax":null,"Value":888},{"Length":38,"Height":24,"Demand":1,"DemandMax":null,"Value":912},{"Length":19,"Height":47,"Demand":1,"DemandMax":null,"Value":893},{"Length":18,"Height":50,"Demand":2,"DemandMax":null,"Value":900},{"Length":60,"Height":15,"Demand":1,"DemandMax":null,"Value":900},{"Length":19,"Height":48,"Demand":1,"DemandMax":null,"Value":912},{"Length":25,"Height":37,"Demand":1,"DemandMax":null,"Value":925},{"Length":55,"Height":16,"Demand":1,"DemandMax":null,"Value":880},{"Length":32,"Height":28,"Demand":1,"DemandMax":null,"Value":896},{"Length":27,"Height":33,"Demand":2,"DemandMax":null,"Value":891},{"Length":24,"Height":37,"Demand":3,"DemandMax":null,"Value":888},{"Length":31,"Height":28,"Demand":2,"DemandMax":null,"Value":868},{"Length":29,"Height":31,"Demand":2,"DemandMax":null,"Value":899},{"Length":26,"Height":34,"Demand":2,"DemandMax":null,"Value":884},{"Length":27,"Height":32,"Demand":1,"DemandMax":null,"Value":864},{"Length":33,"Height":27,"Demand":2,"DemandMax":null,"Value":891},{"Length":28,"Height":32,"Demand":1,"DemandMax":null,"Value":896},{"Length":49,"Height":18,"Demand":1,"DemandMax":null,"Value":882},{"Length":35,"Height":25,"Demand":5,"DemandMax":null,"Value":875},{"Length":23,"Height":38,"Demand":1,"DemandMax":null,"Value":874},{"Length":21,"Height":42,"Demand":2,"DemandMax":null,"Value":882},{"Length":46,"Height":19,"Demand":1,"DemandMax":null,"Value":874},{"Length":30,"Height":29,"Demand":4,"DemandMax":null,"Value":870},{"Length":17,"Height":52,"Demand":1,"DemandMax":null,"Value":884},{"Length":22,"Height":39,"Demand":1,"DemandMax":null,"Value":858},{"Length":24,"Height":36,"Demand":1,"DemandMax":null,"Value":864},{"Length":54,"Height":16,"Demand":2,"DemandMax":null,"Value":864},{"Length":23,"Height":37,"Demand":2,"DemandMax":null,"Value":851},{"Length":56,"Height":15,"Demand":1,"DemandMax":null,"Value":840},{"Length":37,"Height":23,"Demand":2,"DemandMax":null,"Value":851},{"Length":18,"Height":48,"Demand":1,"DemandMax":null,"Value":864},{"Length":35,"Height":24,"Demand":4,"DemandMax":null,"Value":840},{"Length":21,"Height":41,"Demand":1,"DemandMax":null,"Value":861},{"Length":17,"Height":50,"Demand":2,"DemandMax":null,"Value":850},{"Length":16,"Height":55,"Demand":1,"DemandMax":null,"Value":880},{"Length":42,"Height":20,"Demand":1,"DemandMax":null,"Value":840},{"Length":17,"Height":51,"Demand":1,"DemandMax":null,"Value":867},{"Length":25,"Height":35,"Demand":1,"DemandMax":null,"Value":875},{"Length":30,"Height":28,"Demand":4,"DemandMax":null,"Value":840},{"Length":31,"Height":27,"Demand":1,"DemandMax":null,"Value":837},{"Length":34,"Height":25,"Demand":1,"DemandMax":null,"Value":850},{"Length":32,"Height":27,"Demand":1,"DemandMax":null,"Value":864},{"Length":33,"Height":26,"Demand":1,"DemandMax":null,"Value":858},{"Length":29,"Height":29,"Demand":4,"DemandMax":null,"Value":841},{"Length":28,"Height":30,"Demand":2,"DemandMax":null,"Value":840},{"Length":41,"Height":21,"Demand":1,"DemandMax":null,"Value":861},{"Length":26,"Height":33,"Demand":1,"DemandMax":null,"Value":858},{"Length":22,"Height":38,"Demand":2,"DemandMax":null,"Value":836},{"Length":47,"Height":18,"Demand":1,"DemandMax":null,"Value":846},{"Length":20,"Height":42,"Demand":1,"DemandMax":null,"Value":840},{"Length":25,"Height":33,"Demand":1,"DemandMax":null,"Value":825},{"Length":52,"Height":16,"Demand":1,"DemandMax":null,"Value":832},{"Length":32,"Height":26,"Demand":2,"DemandMax":null,"Value":832},{"Length":26,"Height":32,"Demand":3,"DemandMax":null,"Value":832},{"Length":23,"Height":36,"Demand":2,"DemandMax":null,"Value":828},{"Length":22,"Height":37,"Demand":3,"DemandMax":null,"Value":814},{"Length":25,"Height":34,"Demand":1,"DemandMax":null,"Value":850},{"Length":21,"Height":40,"Demand":1,"DemandMax":null,"Value":840},{"Length":29,"Height":28,"Demand":1,"DemandMax":null,"Value":812},{"Length":30,"Height":27,"Demand":2,"DemandMax":null,"Value":810},{"Length":25,"Height":32,"Demand":3,"DemandMax":null,"Value":800},{"Length":47,"Height":17,"Demand":1,"DemandMax":null,"Value":799},{"Length":27,"Height":31,"Demand":1,"DemandMax":null,"Value":837},{"Length":21,"Height":39,"Demand":1,"DemandMax":null,"Value":819},{"Length":20,"Height":41,"Demand":3,"DemandMax":null,"Value":820},{"Length":36,"Height":23,"Demand":3,"DemandMax":null,"Value":828},{"Length":33,"Height":24,"Demand":3,"DemandMax":null,"Value":792},{"Length":26,"Height":31,"Demand":2,"DemandMax":null,"Value":806},{"Length":42,"Height":19,"Demand":5,"DemandMax":null,"Value":798},{"Length":39,"Height":21,"Demand":1,"DemandMax":null,"Value":819},{"Length":24,"Height":34,"Demand":1,"DemandMax":null,"Value":816},{"Length":15,"Height":55,"Demand":1,"DemandMax":null,"Value":825},{"Length":27,"Height":30,"Demand":2,"DemandMax":null,"Value":810},{"Length":19,"Height":44,"Demand":1,"DemandMax":null,"Value":836},{"Length":15,"Height":53,"Demand":2,"DemandMax":null,"Value":795},{"Length":48,"Height":17,"Demand":2,"DemandMax":null,"Value":816},{"Length":23,"Height":35,"Demand":1,"DemandMax":null,"Value":805},{"Length":46,"Height":18,"Demand":1,"DemandMax":null,"Value":828},{"Length":19,"Height":43,"Demand":2,"DemandMax":null,"Value":817},{"Length":39,"Height":20,"Demand":3,"DemandMax":null,"Value":780},{"Length":37,"Height":22,"Demand":1,"DemandMax":null,"Value":814},{"Length":17,"Height":47,"Demand":2,"DemandMax":null,"Value":799},{"Length":16,"Height":50,"Demand":1,"DemandMax":null,"Value":800},{"Length":31,"Height":26,"Demand":1,"DemandMax":null,"Value":806},{"Length":21,"Height":38,"Demand":2,"DemandMax":null,"Value":798},{"Length":27,"Height":29,"Demand":1,"DemandMax":null,"Value":783},{"Length":56,"Height":14,"Demand":1,"DemandMax":null,"Value":784},{"Length":18,"Height":44,"Demand":2,"DemandMax":null,"Value":792},{"Length":49,"Height":16,"Demand":2,"DemandMax":null,"Value":784},{"Length":53,"Height":15,"Demand":1,"DemandMax":null,"Value":795},{"Length":52,"Height":15,"Demand":3,"DemandMax":null,"Value":780},{"Length":29,"Height":27,"Demand":3,"DemandMax":null,"Value":783},{"Length":15,"Height":52,"Demand":1,"DemandMax":null,"Value":780},{"Length":35,"Height":23,"Demand":1,"DemandMax":null,"Value":805},{"Length":22,"Height":36,"Demand":1,"DemandMax":null,"Value":792},{"Length":20,"Height":39,"Demand":3,"DemandMax":null,"Value":780},{"Length":24,"Height":32,"Demand":3,"DemandMax":null,"Value":768},{"Length":36,"Height":22,"Demand":1,"DemandMax":null,"Value":792},{"Length":15,"Height":51,"Demand":1,"DemandMax":null,"Value":765},{"Length":31,"Height":25,"Demand":5,"DemandMax":null,"Value":775},{"Length":25,"Height":31,"Demand":3,"DemandMax":null,"Value":775},{"Length":34,"Height":23,"Demand":3,"DemandMax":null,"Value":782},{"Length":24,"Height":33,"Demand":3,"DemandMax":null,"Value":792},{"Length":42,"Height":18,"Demand":4,"DemandMax":null,"Value":756},{"Length":18,"Height":43,"Demand":1,"DemandMax":null,"Value":774},{"Length":26,"Height":30,"Demand":4,"DemandMax":null,"Value":780},{"Length":23,"Height":33,"Demand":5,"DemandMax":null,"Value":759},{"Length":20,"Height":38,"Demand":5,"DemandMax":null,"Value":760},{"Length":21,"Height":37,"Demand":2,"DemandMax":null,"Value":777},{"Length":30,"Height":26,"Demand":2,"DemandMax":null,"Value":780},{"Length":27,"Height":28,"Demand":4,"DemandMax":null,"Value":756},{"Length":21,"Height":36,"Demand":3,"DemandMax":null,"Value":756},{"Length":37,"Height":21,"Demand":2,"DemandMax":null,"Value":777},{"Length":47,"Height":16,"Demand":2,"DemandMax":null,"Value":752},{"Length":16,"Height":47,"Demand":2,"DemandMax":null,"Value":752},{"Length":41,"Height":19,"Demand":1,"DemandMax":null,"Value":779},{"Length":14,"Height":55,"Demand":1,"DemandMax":null,"Value":770},{"Length":38,"Height":20,"Demand":4,"DemandMax":null,"Value":760},{"Length":35,"Height":22,"Demand":3,"DemandMax":null,"Value":770},{"Length":22,"Height":34,"Demand":1,"DemandMax":null,"Value":748},{"Length":18,"Height":42,"Demand":1,"DemandMax":null,"Value":756},{"Length":28,"Height":28,"Demand":1,"DemandMax":null,"Value":784},{"Length":28,"Height":27,"Demand":3,"DemandMax":null,"Value":756},{"Length":26,"Height":29,"Demand":2,"DemandMax":null,"Value":754},{"Length":22,"Height":35,"Demand":3,"DemandMax":null,"Value":770},{"Length":25,"Height":30,"Demand":3,"DemandMax":null,"Value":750},{"Length":30,"Height":25,"Demand":3,"DemandMax":null,"Value":750},{"Length":32,"Height":23,"Demand":3,"DemandMax":null,"Value":736},{"Length":36,"Height":21,"Demand":2,"DemandMax":null,"Value":756},{"Length":17,"Height":45,"Demand":2,"DemandMax":null,"Value":765},{"Length":15,"Height":50,"Demand":3,"DemandMax":null,"Value":750},{"Length":29,"Height":26,"Demand":3,"DemandMax":null,"Value":754},{"Length":35,"Height":21,"Demand":4,"DemandMax":null,"Value":735},{"Length":22,"Height":33,"Demand":8,"DemandMax":null,"Value":726},{"Length":31,"Height":24,"Demand":3,"DemandMax":null,"Value":744},{"Length":23,"Height":32,"Demand":4,"DemandMax":null,"Value":736},{"Length":41,"Height":18,"Demand":1,"DemandMax":null,"Value":738},{"Length":18,"Height":41,"Demand":1,"DemandMax":null,"Value":738},{"Length":37,"Height":20,"Demand":2,"DemandMax":null,"Value":740},{"Length":17,"Height":44,"Demand":2,"DemandMax":null,"Value":748},{"Length":24,"Height":31,"Demand":2,"DemandMax":null,"Value":744},{"Length":21,"Height":35,"Demand":1,"DemandMax":null,"Value":735},{"Length":29,"Height":25,"Demand":3,"DemandMax":null,"Value":725},{"Length":16,"Height":45,"Demand":1,"DemandMax":null,"Value":720},{"Length":39,"Height":19,"Demand":2,"DemandMax":null,"Value":741},{"Length":25,"Height":29,"Demand":3,"DemandMax":null,"Value":725},{"Length":30,"Height":24,"Demand":1,"DemandMax":null,"Value":720},{"Length":28,"Height":26,"Demand":1,"DemandMax":null,"Value":728},{"Length":14,"Height":54,"Demand":1,"DemandMax":null,"Value":756},{"Length":20,"Height":37,"Demand":1,"DemandMax":null,"Value":740},{"Length":49,"Height":15,"Demand":1,"DemandMax":null,"Value":735},{"Length":14,"Height":53,"Demand":1,"DemandMax":null,"Value":742},{"Length":33,"Height":22,"Demand":1,"DemandMax":null,"Value":726},{"Length":52,"Height":14,"Demand":2,"DemandMax":null,"Value":728},{"Length":19,"Height":38,"Demand":2,"DemandMax":null,"Value":722},{"Length":17,"Height":42,"Demand":1,"DemandMax":null,"Value":714},{"Length":19,"Height":37,"Demand":2,"DemandMax":null,"Value":703},{"Length":53,"Height":14,"Demand":1,"DemandMax":null,"Value":742},{"Length":23,"Height":31,"Demand":1,"DemandMax":null,"Value":713},{"Length":24,"Height":29,"Demand":1,"DemandMax":null,"Value":696},{"Length":30,"Height":23,"Demand":1,"DemandMax":null,"Value":690},{"Length":41,"Height":17,"Demand":2,"DemandMax":null,"Value":697},{"Length":21,"Height":33,"Demand":2,"DemandMax":null,"Value":693},{"Length":26,"Height":27,"Demand":1,"DemandMax":null,"Value":702},{"Length":53,"Height":13,"Demand":1,"DemandMax":null,"Value":689},{"Length":32,"Height":21,"Demand":1,"DemandMax":null,"Value":672},{"Length":26,"Height":26,"Demand":1,"DemandMax":null,"Value":676},{"Length":21,"Height":32,"Demand":2,"DemandMax":null,"Value":672},{"Length":35,"Height":20,"Demand":2,"DemandMax":null,"Value":700},{"Length":31,"Height":22,"Demand":2,"DemandMax":null,"Value":682},{"Length":27,"Height":26,"Demand":1,"DemandMax":null,"Value":702},{"Length":14,"Height":50,"Demand":1,"DemandMax":null,"Value":700},{"Length":16,"Height":44,"Demand":1,"DemandMax":null,"Value":704},{"Length":17,"Height":39,"Demand":1,"DemandMax":null,"Value":663},{"Length":23,"Height":30,"Demand":1,"DemandMax":null,"Value":690},{"Length":42,"Height":16,"Demand":3,"DemandMax":null,"Value":672},{"Length":13,"Height":50,"Demand":3,"DemandMax":null,"Value":650},{"Length":18,"Height":37,"Demand":1,"DemandMax":null,"Value":666},{"Length":23,"Height":29,"Demand":4,"DemandMax":null,"Value":667},{"Length":18,"Height":36,"Demand":1,"DemandMax":null,"Value":648},{"Length":19,"Height":35,"Demand":1,"DemandMax":null,"Value":665},{"Length":16,"Height":41,"Demand":1,"DemandMax":null,"Value":656},{"Length":20,"Height":32,"Demand":3,"DemandMax":null,"Value":640},{"Length":14,"Height":45,"Demand":2,"DemandMax":null,"Value":630},{"Length":13,"Height":49,"Demand":1,"DemandMax":null,"Value":637},{"Length":20,"Height":33,"Demand":1,"DemandMax":null,"Value":660},{"Length":22,"Height":29,"Demand":4,"DemandMax":null,"Value":638},{"Length":15,"Height":44,"Demand":1,"DemandMax":null,"Value":660},{"Length":39,"Height":16,"Demand":2,"DemandMax":null,"Value":624},{"Length":35,"Height":18,"Demand":2,"DemandMax":null,"Value":630},{"Length":30,"Height":22,"Demand":1,"DemandMax":null,"Value":660},{"Length":25,"Height":26,"Demand":2,"DemandMax":null,"Value":650},{"Length":15,"Height":43,"Demand":1,"DemandMax":null,"Value":645},{"Length":42,"Height":15,"Demand":3,"DemandMax":null,"Value":630},{"Length":32,"Height":20,"Demand":1,"DemandMax":null,"Value":640},{"Length":14,"Height":47,"Demand":1,"DemandMax":null,"Value":658},{"Length":23,"Height":28,"Demand":1,"DemandMax":null,"Value":644},{"Length":26,"Height":25,"Demand":1,"DemandMax":null,"Value":650},{"Length":33,"Height":19,"Demand":1,"DemandMax":null,"Value":627},{"Length":26,"Height":24,"Demand":1,"DemandMax":null,"Value":624},{"Length":19,"Height":32,"Demand":3,"DemandMax":null,"Value":608},{"Length":20,"Height":31,"Demand":1,"DemandMax":null,"Value":620},{"Length":38,"Height":17,"Demand":1,"DemandMax":null,"Value":646},{"Length":24,"Height":26,"Demand":1,"DemandMax":null,"Value":624},{"Length":17,"Height":37,"Demand":1,"DemandMax":null,"Value":629},{"Length":24,"Height":25,"Demand":2,"DemandMax":null,"Value":600},{"Length":23,"Height":26,"Demand":3,"DemandMax":null,"Value":598},{"Length":21,"Height":29,"Demand":1,"DemandMax":null,"Value":609},{"Length":32,"Height":19,"Demand":1,"DemandMax":null,"Value":608},{"Length":14,"Height":44,"Demand":1,"DemandMax":null,"Value":616},{"Length":22,"Height":27,"Demand":9,"DemandMax":null,"Value":594},{"Length":16,"Height":37,"Demand":3,"DemandMax":null,"Value":592},{"Length":22,"Height":28,"Demand":1,"DemandMax":null,"Value":616},{"Length":33,"Height":18,"Demand":4,"DemandMax":null,"Value":594},{"Length":14,"Height":43,"Demand":3,"DemandMax":null,"Value":602},{"Length":26,"Height":23,"Demand":1,"DemandMax":null,"Value":598},{"Length":47,"Height":13,"Demand":2,"DemandMax":null,"Value":611},{"Length":21,"Height":28,"Demand":5,"DemandMax":null,"Value":588},{"Length":23,"Height":27,"Demand":2,"DemandMax":null,"Value":621},{"Length":45,"Height":13,"Demand":1,"DemandMax":null,"Value":585},{"Length":29,"Height":21,"Demand":2,"DemandMax":null,"Value":609},{"Length":12,"Height":49,"Demand":1,"DemandMax":null,"Value":588},{"Length":46,"Height":13,"Demand":1,"DemandMax":null,"Value":598},{"Length":15,"Height":41,"Demand":2,"DemandMax":null,"Value":615},{"Length":35,"Height":17,"Demand":3,"DemandMax":null,"Value":595},{"Length":25,"Height":24,"Demand":1,"DemandMax":null,"Value":600},{"Length":18,"Height":33,"Demand":2,"DemandMax":null,"Value":594},{"Length":20,"Height":29,"Demand":2,"DemandMax":null,"Value":580},{"Length":27,"Height":22,"Demand":4,"DemandMax":null,"Value":594},{"Length":16,"Height":36,"Demand":1,"DemandMax":null,"Value":576},{"Length":18,"Height":32,"Demand":2,"DemandMax":null,"Value":576},{"Length":30,"Height":19,"Demand":2,"DemandMax":null,"Value":570},{"Length":38,"Height":16,"Demand":1,"DemandMax":null,"Value":608},{"Length":29,"Height":20,"Demand":1,"DemandMax":null,"Value":580},{"Length":48,"Height":12,"Demand":1,"DemandMax":null,"Value":576},{"Length":42,"Height":14,"Demand":1,"DemandMax":null,"Value":588},{"Length":19,"Height":30,"Demand":3,"DemandMax":null,"Value":570},{"Length":34,"Height":17,"Demand":2,"DemandMax":null,"Value":578},{"Length":27,"Height":21,"Demand":1,"DemandMax":null,"Value":567},{"Length":19,"Height":31,"Demand":1,"DemandMax":null,"Value":589},{"Length":14,"Height":42,"Demand":1,"DemandMax":null,"Value":588},{"Length":22,"Height":26,"Demand":2,"DemandMax":null,"Value":572},{"Length":43,"Height":14,"Demand":2,"DemandMax":null,"Value":602},{"Length":17,"Height":33,"Demand":1,"DemandMax":null,"Value":561}]}