{"Name":"path21t","Objects":[{"Length":1000,"Height":1001,"Stock":null,"Cost":1001000}],"Items":[{"Length":320,"Height":108,"Demand":1,"DemandMax":null,"Value":34560},{"Length":230,"Height":92,"Demand":1,"DemandMax":null,"Value":21160},{"Length":300,"Height":69,"Demand":1,"DemandMax":null,"Value":20700},{"Length":153,"Height":119,"Demand":1,"DemandMax":null,"Value":18207},{"Length":108,"Height":119,"Demand":1,"DemandMax":null,"Value":12852},{"Length":105,"Height":114,"Demand":1,"DemandMax":null,"Value":11970},{"Length":451,"Height":26,"Demand":1,"DemandMax":null,"Value":11726},{"Length":158,"Height":69,"Demand":1,"DemandMax":null,"Value":10902},{"Length":300,"Height":36,"Demand":1,"DemandMax":null,"Value":10800},{"Length":85,"Height":103,"Demand":1,"DemandMax":null,"Value":8755},{"Length":88,"Height":96,"Demand":1,"DemandMax":null,"Value":8448},{"Length":19,"Height":411,"Demand":1,"DemandMax":null,"Value":7809},{"Length":71,"Height":108,"Demand":1,"DemandMax":null,"Value":7668},{"Length":64,"Height":119,"Demand":1,"DemandMax":null,"Value":7616},{"Length":45,"Height":165,"Demand":1,"DemandMax":null,"Value":7425},{"Length":164,"Height":43,"Demand":1,"DemandMax":null,"Value":7052},{"Length":56,"Height":119,"Demand":1,"DemandMax":null,"Value":6664},{"Length":451,"Height":14,"Demand":1,"DemandMax":null,"Value":6314},{"Length":135,"Height":45,"Demand":1,"DemandMax":null,"Value":6075},{"Length":14,"Height":411,"Demand":2,"DemandMax":null,"Value":5754},{"Length":140,"Height":41,"Demand":1,"DemandMax":null,"Value":5740},{"Length":72,"Height":80,"Demand":1,"DemandMax":null,"Value":5760},{"Length":187,"Height":30,"Demand":1,"DemandMax":null,"Value":5610},{"Length":72,"Height":72,"Demand":1,"DemandMax":null,"Value":5184},{"Length":121,"Height":43,"Demand":1,"DemandMax":null,"Value":5203},{"Length":21,"Height":242,"Demand":1,"DemandMax":null,"Value":5082},{"Length":88,"Height":58,"Demand":1,"DemandMax":null,"Value":5104},{"Length":24,"Height":204,"Demand":1,"DemandMax":null,"Value":4896},{"Length":160,"Height":30,"Demand":1,"DemandMax":null,"Value":4800},{"Length":87,"Height":55,"Demand":1,"DemandMax":null,"Value":4785},{"Length":377,"Height":13,"Demand":1,"DemandMax":null,"Value":4901},{"Length":70,"Height":63,"Demand":1,"DemandMax":null,"Value":4410},{"Length":39,"Height":108,"Demand":1,"DemandMax":null,"Value":4212},{"Length":10,"Height":411,"Demand":1,"DemandMax":null,"Value":4110},{"Length":86,"Height":48,"Demand":1,"DemandMax":null,"Value":4128},{"Length":92,"Height":45,"Demand":1,"DemandMax":null,"Value":4140},{"Length":100,"Height":41,"Demand":1,"DemandMax":null,"Value":4100},{"Length":18,"Height":214,"Demand":1,"DemandMax":null,"Value":3852},{"Length":32,"Height":119,"Demand":1,"DemandMax":null,"Value":3808},{"Length":24,"Height":151,"Demand":1,"DemandMax":null,"Value":3624},{"Length":39,"Height":92,"Demand":1,"DemandMax":null,"Value":3588},{"Length":451,"Height":8,"Demand":1,"DemandMax":null,"Value":3608},{"Length":45,"Height":77,"Demand":1,"DemandMax":null,"Value":3465},{"Length":290,"Height":12,"Demand":1,"DemandMax":null,"Value":3480},{"Length":105,"Height":32,"Demand":1,"DemandMax":null,"Value":3360},{"Length":451,"Height":7,"Demand":1,"DemandMax":null,"Value":3157},{"Length":87,"Height":38,"Demand":1,"DemandMax":null,"Value":3306},{"Length":125,"Height":26,"Demand":1,"DemandMax":null,"Value":3250},{"Length":64,"Height":48,"Demand":1,"DemandMax":null,"Value":3072},{"Length":14,"Height":220,"Demand":1,"DemandMax":null,"Value":3080},{"Length":168,"Height":18,"Demand":1,"DemandMax":null,"Value":3024},{"Length":133,"Height":22,"Demand":1,"DemandMax":null,"Value":2926},{"Length":352,"Height":8,"Demand":1,"DemandMax":null,"Value":2816},{"Length":41,"Height":67,"Demand":1,"DemandMax":null,"Value":2747},{"Length":194,"Height":14,"Demand":1,"DemandMax":null,"Value":2716},{"Length":76,"Height":36,"Demand":1,"DemandMax":null,"Value":2736},{"Length":70,"Height":39,"Demand":1,"DemandMax":null,"Value":2730},{"Length":55,"Height":49,"Demand":1,"DemandMax":null,"Value":2695},{"Length":87,"Height":30,"Demand":1,"DemandMax":null,"Value":2610},{"Length":331,"Height":8,"Demand":1,"DemandMax":null,"Value":2648},{"Length":8,"Height":304,"Demand":1,"DemandMax":null,"Value":2432},{"Length":36,"Height":68,"Demand":1,"DemandMax":null,"Value":2448},{"Length":362,"Height":7,"Demand":1,"DemandMax":null,"Value":2534},{"Length":71,"Height":34,"Demand":1,"DemandMax":null,"Value":2414},{"Length":187,"Height":13,"Demand":1,"DemandMax":null,"Value":2431},{"Length":188,"Height":13,"Demand":1,"DemandMax":null,"Value":2444},{"Length":19,"Height":124,"Demand":1,"DemandMax":null,"Value":2356},{"Length":5,"Height":447,"Demand":1,"DemandMax":null,"Value":2235},{"Length":136,"Height":17,"Demand":1,"DemandMax":null,"Value":2312},{"Length":92,"Height":24,"Demand":1,"DemandMax":null,"Value":2208},{"Length":66,"Height":33,"Demand":1,"DemandMax":null,"Value":2178},{"Length":16,"Height":137,"Demand":1,"DemandMax":null,"Value":2192},{"Length":41,"Height":52,"Demand":1,"DemandMax":null,"Value":2132},{"Length":98,"Height":21,"Demand":1,"DemandMax":null,"Value":2058},{"Length":451,"Height":5,"Demand":1,"DemandMax":null,"Value":2255},{"Length":95,"Height":21,"Demand":1,"DemandMax":null,"Value":1995},{"Length":71,"Height":28,"Demand":1,"DemandMax":null,"Value":1988},{"Length":230,"Height":8,"Demand":1,"DemandMax":null,"Value":1840},{"Length":27,"Height":72,"Demand":1,"DemandMax":null,"Value":1944},{"Length":171,"Height":11,"Demand":1,"DemandMax":null,"Value":1881},{"Length":12,"Height":163,"Demand":1,"DemandMax":null,"Value":1956},{"Length":263,"Height":7,"Demand":1,"DemandMax":null,"Value":1841},{"Length":121,"Height":16,"Demand":1,"DemandMax":null,"Value":1936},{"Length":60,"Height":30,"Demand":1,"DemandMax":null,"Value":1800},{"Length":71,"Height":25,"Demand":1,"DemandMax":null,"Value":1775},{"Length":19,"Height":95,"Demand":1,"DemandMax":null,"Value":1805},{"Length":16,"Height":108,"Demand":1,"DemandMax":null,"Value":1728},{"Length":120,"Height":14,"Demand":1,"DemandMax":null,"Value":1680},{"Length":158,"Height":10,"Demand":1,"DemandMax":null,"Value":1580},{"Length":134,"Height":12,"Demand":1,"DemandMax":null,"Value":1608},{"Length":87,"Height":18,"Demand":1,"DemandMax":null,"Value":1566},{"Length":82,"Height":19,"Demand":2,"DemandMax":null,"Value":1558},{"Length":16,"Height":97,"Demand":1,"DemandMax":null,"Value":1552},{"Length":7,"Height":220,"Demand":1,"DemandMax":null,"Value":1540},{"Length":80,"Height":19,"Demand":1,"DemandMax":null,"Value":1520},{"Length":109,"Height":14,"Demand":1,"DemandMax":null,"Value":1526},{"Length":7,"Height":206,"Demand":1,"DemandMax":null,"Value":1442},{"Length":47,"Height":32,"Demand":1,"DemandMax":null,"Value":1504},{"Length":237,"Height":6,"Demand":1,"DemandMax":null,"Value":1422},{"Length":17,"Height":86,"Demand":1,"DemandMax":null,"Value":1462},{"Length":186,"Height":8,"Demand":1,"DemandMax":null,"Value":1488},{"Length":122,"Height":12,"Demand":1,"DemandMax":null,"Value":1464},{"Length":197,"Height":7,"Demand":1,"DemandMax":null,"Value":1379},{"Length":196,"Height":7,"Demand":1,"DemandMax":null,"Value":1372},{"Length":307,"Height":5,"Demand":1,"DemandMax":null,"Value":1535},{"Length":148,"Height":10,"Demand":1,"DemandMax":null,"Value":1480},{"Length":169,"Height":8,"Demand":1,"DemandMax":null,"Value":1352},{"Length":228,"Height":6,"Demand":1,"DemandMax":null,"Value":1368},{"Length":16,"Height":89,"Demand":1,"DemandMax":null,"Value":1424},{"Length":90,"Height":16,"Demand":1,"DemandMax":null,"Value":1440},{"Length":27,"Height":52,"Demand":1,"DemandMax":null,"Value":1404},{"Length":24,"Height":59,"Demand":1,"DemandMax":null,"Value":1416},{"Length":89,"Height":16,"Demand":1,"DemandMax":null,"Value":1424},{"Length":80,"Height":17,"Demand":1,"DemandMax":null,"Value":1360},{"Length":25,"Height":56,"Demand":1,"DemandMax":null,"Value":1400},{"Length":93,"Height":15,"Demand":1,"DemandMax":null,"Value":1395},{"Length":34,"Height":41,"Demand":1,"DemandMax":null,"Value":1394},{"Length":18,"Height":74,"Demand":1,"DemandMax":null,"Value":1332},{"Length":87,"Height":15,"Demand":1,"DemandMax":null,"Value":1305},{"Length":12,"Height":111,"Demand":1,"DemandMax":null,"Value":1332},{"Length":63,"Height":21,"Demand":1,"DemandMax":null,"Value":1323},{"Length":38,"Height":34,"Demand":1,"DemandMax":null,"Value":1292},{"Length":33,"Height":40,"Demand":1,"DemandMax":null,"Value":1320},{"Length":227,"Height":6,"Demand":1,"DemandMax":null,"Value":1362},{"Length":40,"Height":32,"Demand":1,"DemandMax":null,"Value":1280},{"Length":206,"Height":6,"Demand":1,"DemandMax":null,"Value":1236},{"Length":69,"Height":19,"Demand":1,"DemandMax":null,"Value":1311},{"Length":62,"Height":20,"Demand":1,"DemandMax":null,"Value":1240},{"Length":259,"Height":5,"Demand":1,"DemandMax":null,"Value":1295},{"Length":30,"Height":43,"Demand":1,"DemandMax":null,"Value":1290},{"Length":20,"Height":64,"Demand":1,"DemandMax":null,"Value":1280},{"Length":39,"Height":32,"Demand":1,"DemandMax":null,"Value":1248},{"Length":32,"Height":39,"Demand":1,"DemandMax":null,"Value":1248},{"Length":45,"Height":27,"Demand":1,"DemandMax":null,"Value":1215},{"Length":41,"Height":30,"Demand":1,"DemandMax":null,"Value":1230},{"Length":89,"Height":14,"Demand":1,"DemandMax":null,"Value":1246},{"Length":215,"Height":6,"Demand":1,"DemandMax":null,"Value":1290},{"Length":15,"Height":82,"Demand":1,"DemandMax":null,"Value":1230},{"Length":39,"Height":31,"Demand":1,"DemandMax":null,"Value":1209},{"Length":63,"Height":19,"Demand":1,"DemandMax":null,"Value":1197},{"Length":118,"Height":10,"Demand":1,"DemandMax":null,"Value":1180},{"Length":210,"Height":6,"Demand":1,"DemandMax":null,"Value":1260},{"Length":16,"Height":75,"Demand":1,"DemandMax":null,"Value":1200},{"Length":23,"Height":52,"Demand":1,"DemandMax":null,"Value":1196},{"Length":88,"Height":13,"Demand":1,"DemandMax":null,"Value":1144},{"Length":6,"Height":183,"Demand":1,"DemandMax":null,"Value":1098},{"Length":31,"Height":37,"Demand":1,"DemandMax":null,"Value":1147},{"Length":5,"Height":244,"Demand":1,"DemandMax":null,"Value":1220},{"Length":50,"Height":23,"Demand":1,"DemandMax":null,"Value":1150},{"Length":78,"Height":15,"Demand":1,"DemandMax":null,"Value":1170},{"Length":234,"Height":5,"Demand":1,"DemandMax":null,"Value":1170},{"Length":17,"Height":65,"Demand":1,"DemandMax":null,"Value":1105},{"Length":87,"Height":13,"Demand":1,"DemandMax":null,"Value":1131},{"Length":60,"Height":19,"Demand":1,"DemandMax":null,"Value":1140},{"Length":12,"Height":94,"Demand":1,"DemandMax":null,"Value":1128},{"Length":63,"Height":18,"Demand":1,"DemandMax":null,"Value":1134},{"Length":7,"Height":151,"Demand":1,"DemandMax":null,"Value":1057},{"Length":42,"Height":26,"Demand":1,"DemandMax":null,"Value":1092},{"Length":48,"Height":23,"Demand":1,"DemandMax":null,"Value":1104},{"Length":63,"Height":17,"Demand":1,"DemandMax":null,"Value":1071},{"Length":3,"Height":328,"Demand":1,"DemandMax":null,"Value":984},{"Length":29,"Height":37,"Demand":1,"DemandMax":null,"Value":1073},{"Length":321,"Height":3,"Demand":1,"DemandMax":null,"Value":963},{"Length":92,"Height":12,"Demand":1,"DemandMax":null,"Value":1104},{"Length":31,"Height":34,"Demand":1,"DemandMax":null,"Value":1054},{"Length":84,"Height":13,"Demand":1,"DemandMax":null,"Value":1092},{"Length":191,"Height":6,"Demand":1,"DemandMax":null,"Value":1146},{"Length":8,"Height":137,"Demand":1,"DemandMax":null,"Value":1096},{"Length":147,"Height":7,"Demand":1,"DemandMax":null,"Value":1029},{"Length":26,"Height":41,"Demand":1,"DemandMax":null,"Value":1066},{"Length":192,"Height":5,"Demand":1,"DemandMax":null,"Value":960},{"Length":121,"Height":9,"Demand":1,"DemandMax":null,"Value":1089},{"Length":70,"Height":15,"Demand":1,"DemandMax":null,"Value":1050},{"Length":123,"Height":8,"Demand":2,"DemandMax":null,"Value":984},{"Length":60,"Height":17,"Demand":1,"DemandMax":null,"Value":1020},{"Length":80,"Height":13,"Demand":1,"DemandMax":null,"Value":1040},{"Length":53,"Height":20,"Demand":1,"DemandMax":null,"Value":1060},{"Length":32,"Height":33,"Demand":1,"DemandMax":null,"Value":1056},{"Length":38,"Height":27,"Demand":1,"DemandMax":null,"Value":1026},{"Length":221,"Height":5,"Demand":1,"DemandMax":null,"Value":1105},{"Length":96,"Height":11,"Demand":1,"DemandMax":null,"Value":1056},{"Length":55,"Height":19,"Demand":1,"DemandMax":null,"Value":1045},{"Length":84,"Height":12,"Demand":1,"DemandMax":null,"Value":1008},{"Length":89,"Height":11,"Demand":1,"DemandMax":null,"Value":979},{"Length":21,"Height":48,"Demand":1,"DemandMax":null,"Value":1008},{"Length":36,"Height":27,"Demand":1,"DemandMax":null,"Value":972},{"Length":166,"Height":6,"Demand":1,"DemandMax":null,"Value":996},{"Length":107,"Height":9,"Demand":1,"DemandMax":null,"Value":963},{"Length":279,"Height":4,"Demand":1,"DemandMax":null,"Value":1116},{"Length":37,"Height":27,"Demand":1,"DemandMax":null,"Value":999},{"Length":83,"Height":12,"Demand":1,"DemandMax":null,"Value":996},{"Length":8,"Height":125,"Demand":1,"DemandMax":null,"Value":1000},{"Length":106,"Height":9,"Demand":1,"DemandMax":null,"Value":954},{"Length":218,"Height":5,"Demand":1,"DemandMax":null,"Value":1090},{"Length":39,"Height":25,"Demand":1,"DemandMax":null,"Value":975},{"Length":41,"Height":24,"Demand":1,"DemandMax":null,"Value":984},{"Length":105,"Height":9,"Demand":1,"DemandMax":null,"Value":945},{"Length":177,"Height":5,"Demand":2,"DemandMax":null,"Value":885},{"Length":98,"Height":10,"Demand":2,"DemandMax":null,"Value":980},{"Length":26,"Height":38,"Demand":1,"DemandMax":null,"Value":988},{"Length":27,"Height":36,"Demand":1,"DemandMax":null,"Value":972},{"Length":45,"Height":21,"Demand":1,"DemandMax":null,"Value":945},{"Length":49,"Height":20,"Demand":1,"DemandMax":null,"Value":980},{"Length":129,"Height":7,"Demand":1,"DemandMax":null,"Value":903},{"Length":206,"Height":5,"Demand":1,"DemandMax":null,"Value":1030},{"Length":67,"Height":14,"Demand":1,"DemandMax":null,"Value":938},{"Length":212,"Height":4,"Demand":2,"DemandMax":null,"Value":848},{"Length":51,"Height":18,"Demand":1,"DemandMax":null,"Value":918},{"Length":4,"Height":215,"Demand":1,"DemandMax":null,"Value":860},{"Length":46,"Height":20,"Demand":1,"DemandMax":null,"Value":920},{"Length":27,"Height":34,"Demand":1,"DemandMax":null,"Value":918},{"Length":29,"Height":32,"Demand":1,"DemandMax":null,"Value":928},{"Length":13,"Height":73,"Demand":1,"DemandMax":null,"Value":949},{"Length":10,"Height":94,"Demand":1,"DemandMax":null,"Value":940},{"Length":7,"Height":122,"Demand":1,"DemandMax":null,"Value":854},{"Length":120,"Height":8,"Demand":1,"DemandMax":null,"Value":960},{"Length":22,"Height":41,"Demand":1,"DemandMax":null,"Value":902},{"Length":31,"Height":29,"Demand":1,"DemandMax":null,"Value":899},{"Length":44,"Height":20,"Demand":1,"DemandMax":null,"Value":880},{"Length":9,"Height":102,"Demand":1,"DemandMax":null,"Value":918},{"Length":35,"Height":26,"Demand":1,"DemandMax":null,"Value":910},{"Length":170,"Height":5,"Demand":2,"DemandMax":null,"Value":850},{"Length":29,"Height":31,"Demand":1,"DemandMax":null,"Value":899},{"Length":117,"Height":7,"Demand":1,"DemandMax":null,"Value":819},{"Length":41,"Height":21,"Demand":1,"DemandMax":null,"Value":861},{"Length":21,"Height":41,"Demand":1,"DemandMax":null,"Value":861},{"Length":15,"Height":58,"Demand":1,"DemandMax":null,"Value":870},{"Length":141,"Height":6,"Demand":1,"DemandMax":null,"Value":846},{"Length":8,"Height":106,"Demand":1,"DemandMax":null,"Value":848},{"Length":37,"Height":23,"Demand":1,"DemandMax":null,"Value":851},{"Length":14,"Height":62,"Demand":1,"DemandMax":null,"Value":868},{"Length":120,"Height":7,"Demand":1,"DemandMax":null,"Value":840},{"Length":8,"Height":108,"Demand":1,"DemandMax":null,"Value":864},{"Length":5,"Height":173,"Demand":1,"DemandMax":null,"Value":865},{"Length":63,"Height":13,"Demand":1,"DemandMax":null,"Value":819},{"Length":8,"Height":111,"Demand":1,"DemandMax":null,"Value":888},{"Length":42,"Height":20,"Demand":1,"DemandMax":null,"Value":840},{"Length":13,"Height":62,"Demand":1,"DemandMax":null,"Value":806},{"Length":98,"Height":8,"Demand":2,"DemandMax":null,"Value":784},{"Length":116,"Height":7,"Demand":1,"DemandMax":null,"Value":812},{"Length":9,"Height":94,"Demand":1,"DemandMax":null,"Value":846},{"Length":19,"Height":43,"Demand":1,"DemandMax":null,"Value":817},{"Length":167,"Height":5,"Demand":1,"DemandMax":null,"Value":835},{"Length":7,"Height":112,"Demand":1,"DemandMax":null,"Value":784},{"Length":124,"Height":7,"Demand":1,"DemandMax":null,"Value":868},{"Length":16,"Height":51,"Demand":1,"DemandMax":null,"Value":816},{"Length":65,"Height":13,"Demand":1,"DemandMax":null,"Value":845},{"Length":82,"Height":10,"Demand":1,"DemandMax":null,"Value":820},{"Length":51,"Height":16,"Demand":1,"DemandMax":null,"Value":816},{"Length":62,"Height":13,"Demand":1,"DemandMax":null,"Value":806},{"Length":34,"Height":24,"Demand":1,"DemandMax":null,"Value":816},{"Length":64,"Height":13,"Demand":1,"DemandMax":null,"Value":832},{"Length":19,"Height":41,"Demand":1,"DemandMax":null,"Value":779},{"Length":138,"Height":6,"Demand":1,"DemandMax":null,"Value":828},{"Length":74,"Height":11,"Demand":1,"DemandMax":null,"Value":814},{"Length":9,"Height":85,"Demand":2,"DemandMax":null,"Value":765},{"Length":130,"Height":6,"Demand":1,"DemandMax":null,"Value":780},{"Length":11,"Height":70,"Demand":1,"DemandMax":null,"Value":770},{"Length":105,"Height":7,"Demand":1,"DemandMax":null,"Value":735},{"Length":18,"Height":42,"Demand":1,"DemandMax":null,"Value":756},{"Length":70,"Height":11,"Demand":2,"DemandMax":null,"Value":770},{"Length":135,"Height":6,"Demand":1,"DemandMax":null,"Value":810},{"Length":10,"Height":80,"Demand":1,"DemandMax":null,"Value":800},{"Length":101,"Height":8,"Demand":1,"DemandMax":null,"Value":808},{"Length":22,"Height":35,"Demand":1,"DemandMax":null,"Value":770},{"Length":12,"Height":65,"Demand":1,"DemandMax":null,"Value":780},{"Length":112,"Height":7,"Demand":1,"DemandMax":null,"Value":784},{"Length":41,"Height":19,"Demand":1,"DemandMax":null,"Value":779},{"Length":18,"Height":41,"Demand":1,"DemandMax":null,"Value":738},{"Length":24,"Height":31,"Demand":1,"DemandMax":null,"Value":744},{"Length":55,"Height":14,"Demand":1,"DemandMax":null,"Value":770},{"Length":20,"Height":38,"Demand":1,"DemandMax":null,"Value":760},{"Length":165,"Height":5,"Demand":1,"DemandMax":null,"Value":825},{"Length":8,"Height":95,"Demand":2,"DemandMax":null,"Value":760},{"Length":13,"Height":58,"Demand":1,"DemandMax":null,"Value":754},{"Length":63,"Height":12,"Demand":1,"DemandMax":null,"Value":756},{"Length":12,"Height":63,"Demand":1,"DemandMax":null,"Value":756},{"Length":6,"Height":119,"Demand":1,"DemandMax":null,"Value":714},{"Length":121,"Height":6,"Demand":1,"DemandMax":null,"Value":726},{"Length":205,"Height":4,"Demand":1,"DemandMax":null,"Value":820},{"Length":4,"Height":176,"Demand":1,"DemandMax":null,"Value":704},{"Length":87,"Height":8,"Demand":2,"DemandMax":null,"Value":696},{"Length":6,"Height":124,"Demand":1,"DemandMax":null,"Value":744},{"Length":70,"Height":10,"Demand":1,"DemandMax":null,"Value":700},{"Length":8,"Height":88,"Demand":2,"DemandMax":null,"Value":704},{"Length":3,"Height":265,"Demand":1,"DemandMax":null,"Value":795},{"Length":22,"Height":32,"Demand":1,"DemandMax":null,"Value":704},{"Length":263,"Height":3,"Demand":2,"DemandMax":null,"Value":789},{"Length":19,"Height":36,"Demand":2,"DemandMax":null,"Value":684},{"Length":17,"Height":43,"Demand":1,"DemandMax":null,"Value":731},{"Length":5,"Height":137,"Demand":1,"DemandMax":null,"Value":685},{"Length":92,"Height":8,"Demand":1,"DemandMax":null,"Value":736},{"Length":17,"Height":41,"Demand":1,"DemandMax":null,"Value":697},{"Length":18,"Height":40,"Demand":1,"DemandMax":null,"Value":720},{"Length":93,"Height":7,"Demand":1,"DemandMax":null,"Value":651},{"Length":74,"Height":9,"Demand":1,"DemandMax":null,"Value":666},{"Length":23,"Height":30,"Demand":1,"DemandMax":null,"Value":690},{"Length":100,"Height":7,"Demand":1,"DemandMax":null,"Value":700},{"Length":227,"Height":3,"Demand":2,"DemandMax":null,"Value":681},{"Length":88,"Height":8,"Demand":1,"DemandMax":null,"Value":704},{"Length":139,"Height":5,"Demand":1,"DemandMax":null,"Value":695},{"Length":148,"Height":5,"Demand":1,"DemandMax":null,"Value":740},{"Length":28,"Height":24,"Demand":1,"DemandMax":null,"Value":672},{"Length":123,"Height":5,"Demand":2,"DemandMax":null,"Value":615},{"Length":35,"Height":20,"Demand":1,"DemandMax":null,"Value":700},{"Length":120,"Height":6,"Demand":1,"DemandMax":null,"Value":720},{"Length":49,"Height":14,"Demand":1,"DemandMax":null,"Value":686},{"Length":26,"Height":26,"Demand":1,"DemandMax":null,"Value":676},{"Length":24,"Height":28,"Demand":1,"DemandMax":null,"Value":672},{"Length":54,"Height":12,"Demand":1,"DemandMax":null,"Value":648},{"Length":95,"Height":7,"Demand":2,"DemandMax":null,"Value":665},{"Length":22,"Height":30,"Demand":1,"DemandMax":null,"Value":660},{"Length":84,"Height":8,"Demand":1,"DemandMax":null,"Value":672},{"Length":43,"Height":15,"Demand":2,"DemandMax":null,"Value":645},{"Length":5,"Height":136,"Demand":1,"DemandMax":null,"Value":680},{"Length":42,"Height":16,"Demand":1,"DemandMax":null,"Value":672},{"Length":170,"Height":4,"Demand":2,"DemandMax":null,"Value":680},{"Length":94,"Height":7,"Demand":1,"DemandMax":null,"Value":658},{"Length":24,"Height":27,"Demand":1,"DemandMax":null,"Value":648},{"Length":38,"Height":17,"Demand":3,"DemandMax":null,"Value":646},{"Length":52,"Height":13,"Demand":1,"DemandMax":null,"Value":676},{"Length":16,"Height":43,"Demand":1,"DemandMax":null,"Value":688},{"Length":134,"Height":5,"Demand":1,"DemandMax":null,"Value":670},{"Length":154,"Height":4,"Demand":1,"DemandMax":null,"Value":616},{"Length":63,"Height":10,"Demand":1,"DemandMax":null,"Value":630},{"Length":20,"Height":33,"Demand":1,"DemandMax":null,"Value":660},{"Length":50,"Height":13,"Demand":1,"DemandMax":null,"Value":650},{"Length":55,"Height":12,"Demand":1,"DemandMax":null,"Value":660},{"Length":212,"Height":3,"Demand":2,"DemandMax":null,"Value":636},{"Length":48,"Height":13,"Demand":1,"DemandMax":null,"Value":624},{"Length":125,"Height":5,"Demand":1,"DemandMax":null,"Value":625},{"Length":3,"Height":234,"Demand":2,"DemandMax":null,"Value":702},{"Length":19,"Height":34,"Demand":1,"DemandMax":null,"Value":646},{"Length":191,"Height":3,"Demand":1,"DemandMax":null,"Value":573},{"Length":128,"Height":5,"Demand":1,"DemandMax":null,"Value":640},{"Length":101,"Height":6,"Demand":2,"DemandMax":null,"Value":606},{"Length":34,"Height":19,"Demand":1,"DemandMax":null,"Value":646},{"Length":35,"Height":18,"Demand":1,"DemandMax":null,"Value":630},{"Length":6,"Height":111,"Demand":1,"DemandMax":null,"Value":666},{"Length":39,"Height":16,"Demand":1,"DemandMax":null,"Value":624},{"Length":24,"Height":26,"Demand":1,"DemandMax":null,"Value":624},{"Length":11,"Height":60,"Demand":1,"DemandMax":null,"Value":660},{"Length":19,"Height":33,"Demand":1,"DemandMax":null,"Value":627},{"Length":14,"Height":45,"Demand":2,"DemandMax":null,"Value":630},{"Length":147,"Height":4,"Demand":1,"DemandMax":null,"Value":588},{"Length":18,"Height":34,"Demand":2,"DemandMax":null,"Value":612},{"Length":30,"Height":21,"Demand":1,"DemandMax":null,"Value":630},{"Length":13,"Height":48,"Demand":2,"DemandMax":null,"Value":624},{"Length":16,"Height":41,"Demand":1,"DemandMax":null,"Value":656},{"Length":214,"Height":3,"Demand":1,"DemandMax":null,"Value":642},{"Length":64,"Height":10,"Demand":1,"DemandMax":null,"Value":640},{"Length":6,"Height":112,"Demand":1,"DemandMax":null,"Value":672},{"Length":20,"Height":32,"Demand":1,"DemandMax":null,"Value":640},{"Length":90,"Height":7,"Demand":2,"DemandMax":null,"Value":630},{"Length":87,"Height":7,"Demand":1,"DemandMax":null,"Value":609},{"Length":8,"Height":80,"Demand":1,"DemandMax":null,"Value":640},{"Length":223,"Height":3,"Demand":1,"DemandMax":null,"Value":669},{"Length":21,"Height":29,"Demand":1,"DemandMax":null,"Value":609},{"Length":5,"Height":126,"Demand":1,"DemandMax":null,"Value":630},{"Length":26,"Height":24,"Demand":1,"DemandMax":null,"Value":624},{"Length":27,"Height":22,"Demand":2,"DemandMax":null,"Value":594},{"Length":12,"Height":52,"Demand":1,"DemandMax":null,"Value":624},{"Length":36,"Height":17,"Demand":1,"DemandMax":null,"Value":612},{"Length":83,"Height":7,"Demand":2,"DemandMax":null,"Value":581},{"Length":77,"Height":8,"Demand":1,"DemandMax":null,"Value":616},{"Length":138,"Height":4,"Demand":1,"DemandMax":null,"Value":552},{"Length":65,"Height":9,"Demand":1,"DemandMax":null,"Value":585},{"Length":31,"Height":20,"Demand":1,"DemandMax":null,"Value":620},{"Length":33,"Height":19,"Demand":1,"DemandMax":null,"Value":627},{"Length":38,"Height":16,"Demand":1,"DemandMax":null,"Value":608},{"Length":34,"Height":18,"Demand":1,"DemandMax":null,"Value":612},{"Length":197,"Height":3,"Demand":2,"DemandMax":null,"Value":591},{"Length":49,"Height":12,"Demand":1,"DemandMax":null,"Value":588},{"Length":7,"Height":81,"Demand":2,"DemandMax":null,"Value":567},{"Length":219,"Height":3,"Demand":2,"DemandMax":null,"Value":657},{"Length":30,"Height":20,"Demand":1,"DemandMax":null,"Value":600},{"Length":205,"Height":3,"Demand":1,"DemandMax":null,"Value":615},{"Length":176,"Height":3,"Demand":1,"DemandMax":null,"Value":528},{"Length":14,"Height":42,"Demand":1,"DemandMax":null,"Value":588},{"Length":53,"Height":11,"Demand":1,"DemandMax":null,"Value":583},{"Length":43,"Height":14,"Demand":1,"DemandMax":null,"Value":602},{"Length":17,"Height":34,"Demand":1,"DemandMax":null,"Value":578},{"Length":8,"Height":79,"Demand":1,"DemandMax":null,"Value":632},{"Length":5,"Height":111,"Demand":3,"DemandMax":null,"Value":555},{"Length":62,"Height":10,"Demand":1,"DemandMax":null,"Value":620},{"Length":89,"Height":7,"Demand":1,"DemandMax":null,"Value":623},{"Length":18,"Height":33,"Demand":2,"DemandMax":null,"Value":594},{"Length":124,"Height":5,"Demand":1,"DemandMax":null,"Value":620},{"Length":18,"Height":32,"Demand":1,"DemandMax":null,"Value":576},{"Length":34,"Height":17,"Demand":2,"DemandMax":null,"Value":578},{"Length":8,"Height":75,"Demand":1,"DemandMax":null,"Value":600},{"Length":37,"Height":16,"Demand":1,"DemandMax":null,"Value":592},{"Length":36,"Height":16,"Demand":1,"DemandMax":null,"Value":576},{"Length":5,"Height":109,"Demand":1,"DemandMax":null,"Value":545},{"Length":127,"Height":5,"Demand":1,"DemandMax":null,"Value":635},{"Length":44,"Height":13,"Demand":1,"DemandMax":null,"Value":572},{"Length":165,"Height":4,"Demand":1,"DemandMax":null,"Value":660},{"Length":38,"Height":15,"Demand":2,"DemandMax":null,"Value":570},{"Length":61,"Height":10,"Demand":1,"DemandMax":null,"Value":610},{"Length":4,"Height":136,"Demand":1,"DemandMax":null,"Value":544},{"Length":98,"Height":6,"Demand":1,"DemandMax":null,"Value":588},{"Length":75,"Height":8,"Demand":2,"DemandMax":null,"Value":600},{"Length":74,"Height":8,"Demand":1,"DemandMax":null,"Value":592},{"Length":23,"Height":26,"Demand":1,"DemandMax":null,"Value":598},{"Length":167,"Height":3,"Demand":1,"DemandMax":null,"Value":501},{"Length":91,"Height":6,"Demand":1,"DemandMax":null,"Value":546},{"Length":35,"Height":16,"Demand":2,"DemandMax":null,"Value":560},{"Length":64,"Height":9,"Demand":1,"DemandMax":null,"Value":576},{"Length":14,"Height":41,"Demand":1,"DemandMax":null,"Value":574},{"Length":22,"Height":26,"Demand":1,"DemandMax":null,"Value":572},{"Length":99,"Height":6,"Demand":1,"DemandMax":null,"Value":594},{"Length":80,"Height":7,"Demand":1,"DemandMax":null,"Value":560},{"Length":18,"Height":31,"Demand":2,"DemandMax":null,"Value":558},{"Length":29,"Height":20,"Demand":1,"DemandMax":null,"Value":580},{"Length":26,"Height":22,"Demand":1,"DemandMax":null,"Value":572},{"Length":4,"Height":137,"Demand":1,"DemandMax":null,"Value":548},{"Length":16,"Height":35,"Demand":1,"DemandMax":null,"Value":560},{"Length":31,"Height":18,"Demand":1,"DemandMax":null,"Value":558},{"Length":36,"Height":15,"Demand":1,"DemandMax":null,"Value":540},{"Length":105,"Height":5,"Demand":1,"DemandMax":null,"Value":525},{"Length":62,"Height":9,"Demand":1,"DemandMax":null,"Value":558},{"Length":23,"Height":24,"Demand":1,"DemandMax":null,"Value":552},{"Length":5,"Height":108,"Demand":1,"DemandMax":null,"Value":540},{"Length":145,"Height":4,"Demand":1,"DemandMax":null,"Value":580},{"Length":4,"Height":126,"Demand":2,"DemandMax":null,"Value":504},{"Length":4,"Height":152,"Demand":1,"DemandMax":null,"Value":608},{"Length":17,"Height":32,"Demand":2,"DemandMax":null,"Value":544},{"Length":6,"Height":84,"Demand":1,"DemandMax":null,"Value":504},{"Length":113,"Height":5,"Demand":1,"DemandMax":null,"Value":565},{"Length":92,"Height":6,"Demand":2,"DemandMax":null,"Value":552},{"Length":5,"Height":102,"Demand":3,"DemandMax":null,"Value":510},{"Length":3,"Height":203,"Demand":1,"DemandMax":null,"Value":609},{"Length":34,"Height":16,"Demand":1,"DemandMax":null,"Value":544},{"Length":16,"Height":34,"Demand":1,"DemandMax":null,"Value":544},{"Length":12,"Height":44,"Demand":2,"DemandMax":null,"Value":528},{"Length":26,"Height":21,"Demand":1,"DemandMax":null,"Value":546},{"Length":22,"Height":25,"Demand":1,"DemandMax":null,"Value":550},{"Length":97,"Height":6,"Demand":1,"DemandMax":null,"Value":582},{"Length":4,"Height":130,"Demand":1,"DemandMax":null,"Value":520},{"Length":6,"Height":85,"Demand":1,"DemandMax":null,"Value":510},{"Length":39,"Height":14,"Demand":1,"DemandMax":null,"Value":546},{"Length":100,"Height":5,"Demand":2,"DemandMax":null,"Value":500},{"Length":13,"Height":43,"Demand":2,"DemandMax":null,"Value":559},{"Length":102,"Height":5,"Demand":1,"DemandMax":null,"Value":510},{"Length":24,"Height":22,"Demand":1,"DemandMax":null,"Value":528},{"Length":8,"Height":68,"Demand":1,"DemandMax":null,"Value":544},{"Length":32,"Height":17,"Demand":1,"DemandMax":null,"Value":544},{"Length":18,"Height":29,"Demand":2,"DemandMax":null,"Value":522},{"Length":5,"Height":104,"Demand":1,"DemandMax":null,"Value":520},{"Length":21,"Height":25,"Demand":1,"DemandMax":null,"Value":525},{"Length":28,"Height":19,"Demand":1,"DemandMax":null,"Value":532},{"Length":88,"Height":6,"Demand":1,"DemandMax":null,"Value":528},{"Length":42,"Height":12,"Demand":4,"DemandMax":null,"Value":504},{"Length":39,"Height":13,"Demand":1,"DemandMax":null,"Value":507},{"Length":212,"Height":2,"Demand":5,"DemandMax":null,"Value":424},{"Length":155,"Height":3,"Demand":2,"DemandMax":null,"Value":465},{"Length":44,"Height":12,"Demand":1,"DemandMax":null,"Value":528},{"Length":30,"Height":17,"Demand":2,"DemandMax":null,"Value":510},{"Length":135,"Height":4,"Demand":1,"DemandMax":null,"Value":540},{"Length":31,"Height":17,"Demand":1,"DemandMax":null,"Value":527},{"Length":190,"Height":3,"Demand":1,"DemandMax":null,"Value":570},{"Length":5,"Height":101,"Demand":1,"DemandMax":null,"Value":505},{"Length":14,"Height":37,"Demand":1,"DemandMax":null,"Value":518},{"Length":29,"Height":18,"Demand":1,"DemandMax":null,"Value":522},{"Length":84,"Height":6,"Demand":1,"DemandMax":null,"Value":504},{"Length":38,"Height":13,"Demand":1,"DemandMax":null,"Value":494},{"Length":8,"Height":62,"Demand":1,"DemandMax":null,"Value":496},{"Length":56,"Height":9,"Demand":1,"DemandMax":null,"Value":504},{"Length":12,"Height":42,"Demand":2,"DemandMax":null,"Value":504},{"Length":133,"Height":4,"Demand":1,"DemandMax":null,"Value":532},{"Length":10,"Height":52,"Demand":1,"DemandMax":null,"Value":520},{"Length":223,"Height":2,"Demand":1,"DemandMax":null,"Value":446},{"Length":54,"Height":9,"Demand":1,"DemandMax":null,"Value":486},{"Length":33,"Height":15,"Demand":1,"DemandMax":null,"Value":495},{"Length":87,"Height":6,"Demand":1,"DemandMax":null,"Value":522},{"Length":31,"Height":16,"Demand":1,"DemandMax":null,"Value":496},{"Length":64,"Height":8,"Demand":1,"DemandMax":null,"Value":512},{"Length":36,"Height":14,"Demand":1,"DemandMax":null,"Value":504},{"Length":86,"Height":6,"Demand":1,"DemandMax":null,"Value":516},{"Length":41,"Height":12,"Demand":2,"DemandMax":null,"Value":492},{"Length":35,"Height":15,"Demand":1,"DemandMax":null,"Value":525},{"Length":104,"Height":5,"Demand":2,"DemandMax":null,"Value":520},{"Length":98,"Height":5,"Demand":2,"DemandMax":null,"Value":490},{"Length":9,"Height":59,"Demand":1,"DemandMax":null,"Value":531},{"Length":9,"Height":56,"Demand":1,"DemandMax":null,"Value":504},{"Length":21,"Height":24,"Demand":2,"DemandMax":null,"Value":504},{"Length":52,"Height":10,"Demand":1,"DemandMax":null,"Value":520},{"Length":62,"Height":8,"Demand":1,"DemandMax":null,"Value":496},{"Length":32,"Height":16,"Demand":2,"DemandMax":null,"Value":512},{"Length":101,"Height":5,"Demand":1,"DemandMax":null,"Value":505},{"Length":16,"Height":30,"Demand":2,"DemandMax":null,"Value":480},{"Length":18,"Height":27,"Demand":1,"DemandMax":null,"Value":486},{"Length":40,"Height":13,"Demand":1,"DemandMax":null,"Value":520},{"Length":203,"Height":2,"Demand":2,"DemandMax":null,"Value":406},{"Length":37,"Height":13,"Demand":3,"DemandMax":null,"Value":481},{"Length":46,"Height":11,"Demand":1,"DemandMax":null,"Value":506},{"Length":122,"Height":4,"Demand":1,"DemandMax":null,"Value":488},{"Length":145,"Height":3,"Demand":1,"DemandMax":null,"Value":435},{"Length":59,"Height":8,"Demand":1,"DemandMax":null,"Value":472},{"Length":10,"Height":48,"Demand":3,"DemandMax":null,"Value":480},{"Length":9,"Height":55,"Demand":1,"DemandMax":null,"Value":495},{"Length":9,"Height":52,"Demand":1,"DemandMax":null,"Value":468},{"Length":12,"Height":43,"Demand":1,"DemandMax":null,"Value":516},{"Length":44,"Height":11,"Demand":2,"DemandMax":null,"Value":484},{"Length":23,"Height":21,"Demand":1,"DemandMax":null,"Value":483},{"Length":16,"Height":31,"Demand":1,"DemandMax":null,"Value":496},{"Length":66,"Height":7,"Demand":1,"DemandMax":null,"Value":462},{"Length":4,"Height":134,"Demand":1,"DemandMax":null,"Value":536},{"Length":4,"Height":135,"Demand":1,"DemandMax":null,"Value":540},{"Length":24,"Height":21,"Demand":1,"DemandMax":null,"Value":504},{"Length":4,"Height":116,"Demand":2,"DemandMax":null,"Value":464},{"Length":68,"Height":7,"Demand":1,"DemandMax":null,"Value":476},{"Length":45,"Height":11,"Demand":1,"DemandMax":null,"Value":495},{"Length":52,"Height":9,"Demand":1,"DemandMax":null,"Value":468},{"Length":69,"Height":7,"Demand":1,"DemandMax":null,"Value":483},{"Length":30,"Height":16,"Demand":1,"DemandMax":null,"Value":480},{"Length":19,"Height":25,"Demand":1,"DemandMax":null,"Value":475},{"Length":48,"Height":10,"Demand":1,"DemandMax":null,"Value":480},{"Length":21,"Height":23,"Demand":1,"DemandMax":null,"Value":483},{"Length":4,"Height":125,"Demand":1,"DemandMax":null,"Value":500},{"Length":65,"Height":7,"Demand":1,"DemandMax":null,"Value":455},{"Length":11,"Height":42,"Demand":1,"DemandMax":null,"Value":462},{"Length":28,"Height":17,"Demand":2,"DemandMax":null,"Value":476},{"Length":74,"Height":7,"Demand":1,"DemandMax":null,"Value":518},{"Length":15,"Height":32,"Demand":1,"DemandMax":null,"Value":480},{"Length":13,"Height":38,"Demand":1,"DemandMax":null,"Value":494},{"Length":157,"Height":3,"Demand":1,"DemandMax":null,"Value":471},{"Length":64,"Height":7,"Demand":2,"DemandMax":null,"Value":448},{"Length":103,"Height":5,"Demand":1,"DemandMax":null,"Value":515},{"Length":70,"Height":7,"Demand":1,"DemandMax":null,"Value":490},{"Length":25,"Height":19,"Demand":1,"DemandMax":null,"Value":475},{"Length":8,"Height":57,"Demand":1,"DemandMax":null,"Value":456},{"Length":29,"Height":16,"Demand":1,"DemandMax":null,"Value":464},{"Length":32,"Height":15,"Demand":1,"DemandMax":null,"Value":480},{"Length":87,"Height":5,"Demand":2,"DemandMax":null,"Value":435},{"Length":22,"Height":21,"Demand":1,"DemandMax":null,"Value":462},{"Length":3,"Height":144,"Demand":2,"DemandMax":null,"Value":432},{"Length":8,"Height":60,"Demand":1,"DemandMax":null,"Value":480},{"Length":27,"Height":17,"Demand":2,"DemandMax":null,"Value":459},{"Length":34,"Height":14,"Demand":1,"DemandMax":null,"Value":476},{"Length":118,"Height":4,"Demand":1,"DemandMax":null,"Value":472},{"Length":39,"Height":12,"Demand":1,"DemandMax":null,"Value":468},{"Length":5,"Height":97,"Demand":1,"DemandMax":null,"Value":485},{"Length":210,"Height":2,"Demand":1,"DemandMax":null,"Value":420},{"Length":169,"Height":3,"Demand":1,"DemandMax":null,"Value":507},{"Length":26,"Height":18,"Demand":1,"DemandMax":null,"Value":468},{"Length":18,"Height":25,"Demand":3,"DemandMax":null,"Value":450},{"Length":89,"Height":5,"Demand":1,"DemandMax":null,"Value":445},{"Length":20,"Height":23,"Demand":2,"DemandMax":null,"Value":460},{"Length":3,"Height":137,"Demand":2,"DemandMax":null,"Value":411},{"Length":60,"Height":8,"Demand":1,"DemandMax":null,"Value":480},{"Length":166,"Height":3,"Demand":1,"DemandMax":null,"Value":498},{"Length":16,"Height":28,"Demand":1,"DemandMax":null,"Value":448},{"Length":88,"Height":5,"Demand":1,"DemandMax":null,"Value":440},{"Length":74,"Height":6,"Demand":1,"DemandMax":null,"Value":444},{"Length":120,"Height":4,"Demand":1,"DemandMax":null,"Value":480},{"Length":11,"Height":41,"Demand":3,"DemandMax":null,"Value":451},{"Length":73,"Height":6,"Demand":1,"DemandMax":null,"Value":438},{"Length":4,"Height":108,"Demand":1,"DemandMax":null,"Value":432},{"Length":77,"Height":6,"Demand":1,"DemandMax":null,"Value":462},{"Length":62,"Height":7,"Demand":1,"DemandMax":null,"Value":434},{"Length":83,"Height":5,"Demand":2,"DemandMax":null,"Value":415},{"Length":25,"Height":18,"Demand":1,"DemandMax":null,"Value":450},{"Length":84,"Height":5,"Demand":3,"DemandMax":null,"Value":420},{"Length":11,"Height":43,"Demand":1,"DemandMax":null,"Value":473},{"Length":4,"Height":124,"Demand":1,"DemandMax":null,"Value":496},{"Length":147,"Height":3,"Demand":2,"DemandMax":null,"Value":441},{"Length":14,"Height":33,"Demand":1,"DemandMax":null,"Value":462},{"Length":12,"Height":39,"Demand":1,"DemandMax":null,"Value":468},{"Length":124,"Height":4,"Demand":1,"DemandMax":null,"Value":496},{"Length":15,"Height":29,"Demand":1,"DemandMax":null,"Value":435},{"Length":26,"Height":17,"Demand":2,"DemandMax":null,"Value":442},{"Length":5,"Height":84,"Demand":1,"DemandMax":null,"Value":420},{"Length":38,"Height":12,"Demand":1,"DemandMax":null,"Value":456},{"Length":63,"Height":7,"Demand":3,"DemandMax":null,"Value":441},{"Length":8,"Height":59,"Demand":1,"DemandMax":null,"Value":472},{"Length":121,"Height":4,"Demand":1,"DemandMax":null,"Value":484},{"Length":170,"Height":3,"Demand":1,"DemandMax":null,"Value":510},{"Length":22,"Height":20,"Demand":1,"DemandMax":null,"Value":440},{"Length":205,"Height":2,"Demand":2,"DemandMax":null,"Value":410},{"Length":50,"Height":9,"Demand":2,"DemandMax":null,"Value":450},{"Length":34,"Height":13,"Demand":1,"DemandMax":null,"Value":442},{"Length":51,"Height":9,"Demand":1,"DemandMax":null,"Value":459},{"Length":103,"Height":4,"Demand":2,"DemandMax":null,"Value":412},{"Length":12,"Height":38,"Demand":2,"DemandMax":null,"Value":456},{"Length":20,"Height":22,"Demand":1,"DemandMax":null,"Value":440},{"Length":15,"Height":30,"Demand":1,"DemandMax":null,"Value":450},{"Length":102,"Height":4,"Demand":1,"DemandMax":null,"Value":408},{"Length":31,"Height":14,"Demand":1,"DemandMax":null,"Value":434},{"Length":70,"Height":6,"Demand":2,"DemandMax":null,"Value":420},{"Length":17,"Height":25,"Demand":3,"DemandMax":null,"Value":425},{"Length":49,"Height":9,"Demand":1,"DemandMax":null,"Value":441},{"Length":28,"Height":16,"Demand":1,"DemandMax":null,"Value":448},{"Length":85,"Height":5,"Demand":3,"DemandMax":null,"Value":425},{"Length":36,"Height":12,"Demand":2,"DemandMax":null,"Value":432},{"Length":80,"Height":5,"Demand":1,"DemandMax":null,"Value":400},{"Length":91,"Height":5,"Demand":1,"DemandMax":null,"Value":455},{"Length":9,"Height":48,"Demand":1,"DemandMax":null,"Value":432},{"Length":135,"Height":3,"Demand":1,"DemandMax":null,"Value":405},{"Length":35,"Height":12,"Demand":1,"DemandMax":null,"Value":420},{"Length":94,"Height":5,"Demand":1,"DemandMax":null,"Value":470},{"Length":20,"Height":21,"Demand":3,"DemandMax":null,"Value":420},{"Length":28,"Height":15,"Demand":1,"DemandMax":null,"Value":420},{"Length":12,"Height":35,"Demand":1,"DemandMax":null,"Value":420},{"Length":22,"Height":19,"Demand":2,"DemandMax":null,"Value":418},{"Length":55,"Height":8,"Demand":1,"DemandMax":null,"Value":440},{"Length":17,"Height":26,"Demand":2,"DemandMax":null,"Value":442},{"Length":175,"Height":2,"Demand":2,"DemandMax":null,"Value":350},{"Length":4,"Height":112,"Demand":1,"DemandMax":null,"Value":448},{"Length":7,"Height":63,"Demand":1,"DemandMax":null,"Value":441},{"Length":46,"Height":9,"Demand":3,"DemandMax":null,"Value":414},{"Length":101,"Height":4,"Demand":1,"DemandMax":null,"Value":404},{"Length":23,"Height":19,"Demand":2,"DemandMax":null,"Value":437},{"Length":12,"Height":36,"Demand":1,"DemandMax":null,"Value":432},{"Length":11,"Height":39,"Demand":1,"DemandMax":null,"Value":429},{"Length":13,"Height":33,"Demand":1,"DemandMax":null,"Value":429},{"Length":123,"Height":3,"Demand":5,"DemandMax":null,"Value":369},{"Length":44,"Height":10,"Demand":2,"DemandMax":null,"Value":440},{"Length":14,"Height":30,"Demand":1,"DemandMax":null,"Value":420},{"Length":66,"Height":6,"Demand":2,"DemandMax":null,"Value":396},{"Length":151,"Height":3,"Demand":1,"DemandMax":null,"Value":453},{"Length":59,"Height":7,"Demand":1,"DemandMax":null,"Value":413},{"Length":8,"Height":52,"Demand":1,"DemandMax":null,"Value":416},{"Length":58,"Height":7,"Demand":3,"DemandMax":null,"Value":406},{"Length":10,"Height":43,"Demand":1,"DemandMax":null,"Value":430},{"Length":41,"Height":10,"Demand":1,"DemandMax":null,"Value":410},{"Length":72,"Height":6,"Demand":1,"DemandMax":null,"Value":432},{"Length":4,"Height":98,"Demand":1,"DemandMax":null,"Value":392},{"Length":21,"Height":20,"Demand":2,"DemandMax":null,"Value":420},{"Length":82,"Height":5,"Demand":2,"DemandMax":null,"Value":410},{"Length":16,"Height":25,"Demand":1,"DemandMax":null,"Value":400},{"Length":4,"Height":111,"Demand":1,"DemandMax":null,"Value":444},{"Length":12,"Height":34,"Demand":2,"DemandMax":null,"Value":408},{"Length":16,"Height":26,"Demand":2,"DemandMax":null,"Value":416},{"Length":42,"Height":10,"Demand":2,"DemandMax":null,"Value":420},{"Length":26,"Height":16,"Demand":3,"DemandMax":null,"Value":416},{"Length":27,"Height":15,"Demand":1,"DemandMax":null,"Value":405},{"Length":18,"Height":23,"Demand":1,"DemandMax":null,"Value":414},{"Length":6,"Height":65,"Demand":2,"DemandMax":null,"Value":390},{"Length":34,"Height":12,"Demand":1,"DemandMax":null,"Value":408},{"Length":81,"Height":5,"Demand":1,"DemandMax":null,"Value":405},{"Length":3,"Height":123,"Demand":3,"DemandMax":null,"Value":369},{"Length":51,"Height":8,"Demand":1,"DemandMax":null,"Value":408},{"Length":44,"Height":9,"Demand":1,"DemandMax":null,"Value":396},{"Length":2,"Height":203,"Demand":1,"DemandMax":null,"Value":406},{"Length":14,"Height":29,"Demand":2,"DemandMax":null,"Value":406},{"Length":48,"Height":9,"Demand":1,"DemandMax":null,"Value":432},{"Length":7,"Height":55,"Demand":4,"DemandMax":null,"Value":385},{"Length":33,"Height":13,"Demand":1,"DemandMax":null,"Value":429},{"Length":25,"Height":16,"Demand":4,"DemandMax":null,"Value":400},{"Length":69,"Height":6,"Demand":1,"DemandMax":null,"Value":414},{"Length":45,"Height":9,"Demand":1,"DemandMax":null,"Value":405},{"Length":2,"Height":185,"Demand":2,"DemandMax":null,"Value":370},{"Length":22,"Height":18,"Demand":3,"DemandMax":null,"Value":396},{"Length":11,"Height":38,"Demand":1,"DemandMax":null,"Value":418},{"Length":52,"Height":8,"Demand":1,"DemandMax":null,"Value":416},{"Length":78,"Height":5,"Demand":1,"DemandMax":null,"Value":390},{"Length":6,"Height":64,"Demand":2,"DemandMax":null,"Value":384},{"Length":191,"Height":2,"Demand":1,"DemandMax":null,"Value":382},{"Length":18,"Height":22,"Demand":3,"DemandMax":null,"Value":396},{"Length":10,"Height":42,"Demand":1,"DemandMax":null,"Value":420},{"Length":3,"Height":139,"Demand":1,"DemandMax":null,"Value":417},{"Length":3,"Height":138,"Demand":1,"DemandMax":null,"Value":414},{"Length":24,"Height":17,"Demand":1,"DemandMax":null,"Value":408},{"Length":12,"Height":33,"Demand":4,"DemandMax":null,"Value":396},{"Length":29,"Height":14,"Demand":1,"DemandMax":null,"Value":406},{"Length":6,"Height":70,"Demand":1,"DemandMax":null,"Value":420},{"Length":190,"Height":2,"Demand":1,"DemandMax":null,"Value":380},{"Length":77,"Height":5,"Demand":2,"DemandMax":null,"Value":385},{"Length":138,"Height":3,"Demand":1,"DemandMax":null,"Value":414},{"Length":40,"Height":10,"Demand":1,"DemandMax":null,"Value":400},{"Length":11,"Height":36,"Demand":2,"DemandMax":null,"Value":396},{"Length":3,"Height":155,"Demand":1,"DemandMax":null,"Value":465},{"Length":10,"Height":41,"Demand":1,"DemandMax":null,"Value":410},{"Length":125,"Height":3,"Demand":3,"DemandMax":null,"Value":375},{"Length":38,"Height":10,"Demand":3,"DemandMax":null,"Value":380},{"Length":13,"Height":31,"Demand":1,"DemandMax":null,"Value":403},{"Length":3,"Height":141,"Demand":1,"DemandMax":null,"Value":423},{"Length":16,"Height":24,"Demand":3,"DemandMax":null,"Value":384},{"Length":30,"Height":13,"Demand":2,"DemandMax":null,"Value":390},{"Length":13,"Height":30,"Demand":1,"DemandMax":null,"Value":390},{"Length":31,"Height":13,"Demand":1,"DemandMax":null,"Value":403},{"Length":113,"Height":3,"Demand":1,"DemandMax":null,"Value":339},{"Length":5,"Height":73,"Demand":1,"DemandMax":null,"Value":365},{"Length":63,"Height":6,"Demand":2,"DemandMax":null,"Value":378},{"Length":3,"Height":124,"Demand":1,"DemandMax":null,"Value":372},{"Length":42,"Height":9,"Demand":4,"DemandMax":null,"Value":378},{"Length":32,"Height":12,"Demand":3,"DemandMax":null,"Value":384},{"Length":3,"Height":112,"Demand":1,"DemandMax":null,"Value":336},{"Length":56,"Height":7,"Demand":1,"DemandMax":null,"Value":392},{"Length":9,"Height":43,"Demand":3,"DemandMax":null,"Value":387},{"Length":13,"Height":29,"Demand":2,"DemandMax":null,"Value":377},{"Length":4,"Height":91,"Demand":1,"DemandMax":null,"Value":364},{"Length":100,"Height":4,"Demand":1,"DemandMax":null,"Value":400},{"Length":9,"Height":44,"Demand":1,"DemandMax":null,"Value":396},{"Length":22,"Height":17,"Demand":3,"DemandMax":null,"Value":374},{"Length":9,"Height":41,"Demand":1,"DemandMax":null,"Value":369},{"Length":15,"Height":25,"Demand":1,"DemandMax":null,"Value":375},{"Length":53,"Height":7,"Demand":1,"DemandMax":null,"Value":371},{"Length":34,"Height":11,"Demand":1,"DemandMax":null,"Value":374},{"Length":39,"Height":10,"Demand":1,"DemandMax":null,"Value":390},{"Length":65,"Height":6,"Demand":4,"DemandMax":null,"Value":390},{"Length":118,"Height":3,"Demand":1,"DemandMax":null,"Value":354},{"Length":86,"Height":4,"Demand":1,"DemandMax":null,"Value":344},{"Length":142,"Height":3,"Demand":2,"DemandMax":null,"Value":426},{"Length":41,"Height":9,"Demand":5,"DemandMax":null,"Value":369},{"Length":10,"Height":38,"Demand":2,"DemandMax":null,"Value":380},{"Length":73,"Height":5,"Demand":1,"DemandMax":null,"Value":365},{"Length":26,"Height":15,"Demand":2,"DemandMax":null,"Value":390},{"Length":136,"Height":3,"Demand":3,"DemandMax":null,"Value":408},{"Length":75,"Height":5,"Demand":2,"DemandMax":null,"Value":375},{"Length":31,"Height":12,"Demand":5,"DemandMax":null,"Value":372},{"Length":4,"Height":85,"Demand":1,"DemandMax":null,"Value":340},{"Length":64,"Height":6,"Demand":1,"DemandMax":null,"Value":384},{"Length":19,"Height":20,"Demand":1,"DemandMax":null,"Value":380},{"Length":93,"Height":4,"Demand":1,"DemandMax":null,"Value":372},{"Length":157,"Height":2,"Demand":1,"DemandMax":null,"Value":314},{"Length":23,"Height":16,"Demand":3,"DemandMax":null,"Value":368},{"Length":167,"Height":2,"Demand":2,"DemandMax":null,"Value":334},{"Length":26,"Height":14,"Demand":4,"DemandMax":null,"Value":364},{"Length":69,"Height":5,"Demand":1,"DemandMax":null,"Value":345},{"Length":51,"Height":7,"Demand":1,"DemandMax":null,"Value":357},{"Length":105,"Height":4,"Demand":1,"DemandMax":null,"Value":420},{"Length":24,"Height":16,"Demand":1,"DemandMax":null,"Value":384},{"Length":29,"Height":13,"Demand":3,"DemandMax":null,"Value":377},{"Length":25,"Height":15,"Demand":1,"DemandMax":null,"Value":375},{"Length":8,"Height":48,"Demand":2,"DemandMax":null,"Value":384},{"Length":3,"Height":133,"Demand":1,"DemandMax":null,"Value":399},{"Length":17,"Height":22,"Demand":1,"DemandMax":null,"Value":374},{"Length":12,"Height":32,"Demand":2,"DemandMax":null,"Value":384},{"Length":84,"Height":4,"Demand":1,"DemandMax":null,"Value":336},{"Length":11,"Height":33,"Demand":2,"DemandMax":null,"Value":363},{"Length":4,"Height":87,"Demand":1,"DemandMax":null,"Value":348},{"Length":14,"Height":27,"Demand":1,"DemandMax":null,"Value":378},{"Length":54,"Height":7,"Demand":1,"DemandMax":null,"Value":378},{"Length":33,"Height":11,"Demand":1,"DemandMax":null,"Value":363},{"Length":30,"Height":12,"Demand":1,"DemandMax":null,"Value":360},{"Length":18,"Height":21,"Demand":1,"DemandMax":null,"Value":378},{"Length":21,"Height":17,"Demand":2,"DemandMax":null,"Value":357},{"Length":4,"Height":100,"Demand":1,"DemandMax":null,"Value":400},{"Length":3,"Height":130,"Demand":2,"DemandMax":null,"Value":390},{"Length":12,"Height":30,"Demand":1,"DemandMax":null,"Value":360},{"Length":61,"Height":6,"Demand":2,"DemandMax":null,"Value":366},{"Length":3,"Height":135,"Demand":1,"DemandMax":null,"Value":405},{"Length":3,"Height":108,"Demand":1,"DemandMax":null,"Value":324},{"Length":45,"Height":8,"Demand":2,"DemandMax":null,"Value":360},{"Length":3,"Height":125,"Demand":2,"DemandMax":null,"Value":375},{"Length":98,"Height":4,"Demand":1,"DemandMax":null,"Value":392},{"Length":55,"Height":7,"Demand":1,"DemandMax":null,"Value":385},{"Length":10,"Height":36,"Demand":2,"DemandMax":null,"Value":360},{"Length":46,"Height":8,"Demand":1,"DemandMax":null,"Value":368},{"Length":151,"Height":2,"Demand":1,"DemandMax":null,"Value":302},{"Length":12,"Height":29,"Demand":1,"DemandMax":null,"Value":348},{"Length":3,"Height":126,"Demand":2,"DemandMax":null,"Value":378},{"Length":124,"Height":3,"Demand":1,"DemandMax":null,"Value":372},{"Length":13,"Height":28,"Demand":1,"DemandMax":null,"Value":364},{"Length":7,"Height":52,"Demand":1,"DemandMax":null,"Value":364},{"Length":2,"Height":155,"Demand":1,"DemandMax":null,"Value":310},{"Length":20,"Height":18,"Demand":1,"DemandMax":null,"Value":360},{"Length":4,"Height":88,"Demand":2,"DemandMax":null,"Value":352},{"Length":10,"Height":35,"Demand":1,"DemandMax":null,"Value":350},{"Length":15,"Height":24,"Demand":1,"DemandMax":null,"Value":360},{"Length":134,"Height":3,"Demand":2,"DemandMax":null,"Value":402},{"Length":2,"Height":144,"Demand":1,"DemandMax":null,"Value":288},{"Length":133,"Height":3,"Demand":1,"DemandMax":null,"Value":399},{"Length":22,"Height":16,"Demand":1,"DemandMax":null,"Value":352},{"Length":55,"Height":6,"Demand":1,"DemandMax":null,"Value":330},{"Length":8,"Height":42,"Demand":1,"DemandMax":null,"Value":336},{"Length":52,"Height":7,"Demand":1,"DemandMax":null,"Value":364},{"Length":79,"Height":4,"Demand":1,"DemandMax":null,"Value":316},{"Length":26,"Height":13,"Demand":3,"DemandMax":null,"Value":338},{"Length":24,"Height":15,"Demand":1,"DemandMax":null,"Value":360},{"Length":5,"Height":70,"Demand":1,"DemandMax":null,"Value":350},{"Length":122,"Height":3,"Demand":1,"DemandMax":null,"Value":366},{"Length":101,"Height":3,"Demand":1,"DemandMax":null,"Value":303},{"Length":14,"Height":25,"Demand":1,"DemandMax":null,"Value":350},{"Length":147,"Height":2,"Demand":1,"DemandMax":null,"Value":294},{"Length":31,"Height":11,"Demand":1,"DemandMax":null,"Value":341},{"Length":65,"Height":5,"Demand":1,"DemandMax":null,"Value":325},{"Length":62,"Height":6,"Demand":1,"DemandMax":null,"Value":372},{"Length":34,"Height":10,"Demand":1,"DemandMax":null,"Value":340},{"Length":108,"Height":3,"Demand":1,"DemandMax":null,"Value":324},{"Length":37,"Height":9,"Demand":1,"DemandMax":null,"Value":333},{"Length":170,"Height":2,"Demand":1,"DemandMax":null,"Value":340},{"Length":20,"Height":17,"Demand":1,"DemandMax":null,"Value":340},{"Length":39,"Height":9,"Demand":1,"DemandMax":null,"Value":351},{"Length":107,"Height":3,"Demand":2,"DemandMax":null,"Value":321},{"Length":24,"Height":14,"Demand":2,"DemandMax":null,"Value":336},{"Length":4,"Height":95,"Demand":1,"DemandMax":null,"Value":380},{"Length":130,"Height":3,"Demand":1,"DemandMax":null,"Value":390},{"Length":5,"Height":68,"Demand":1,"DemandMax":null,"Value":340},{"Length":25,"Height":14,"Demand":1,"DemandMax":null,"Value":350},{"Length":54,"Height":6,"Demand":1,"DemandMax":null,"Value":324},{"Length":38,"Height":9,"Demand":1,"DemandMax":null,"Value":342},{"Length":66,"Height":5,"Demand":1,"DemandMax":null,"Value":330}]}