{"Name":"path95t","Objects":[{"Length":1000,"Height":997,"Stock":null,"Cost":997000}],"Items":[{"Length":31,"Height":268,"Demand":1,"DemandMax":null,"Value":8308},{"Length":110,"Height":49,"Demand":1,"DemandMax":null,"Value":5390},{"Length":27,"Height":192,"Demand":1,"DemandMax":null,"Value":5184},{"Length":29,"Height":176,"Demand":1,"DemandMax":null,"Value":5104},{"Length":60,"Height":68,"Demand":1,"DemandMax":null,"Value":4080},{"Length":7,"Height":522,"Demand":2,"DemandMax":null,"Value":3654},{"Length":42,"Height":87,"Demand":1,"DemandMax":null,"Value":3654},{"Length":12,"Height":289,"Demand":1,"DemandMax":null,"Value":3468},{"Length":65,"Height":53,"Demand":1,"DemandMax":null,"Value":3445},{"Length":6,"Height":522,"Demand":1,"DemandMax":null,"Value":3132},{"Length":28,"Height":108,"Demand":1,"DemandMax":null,"Value":3024},{"Length":51,"Height":59,"Demand":1,"DemandMax":null,"Value":3009},{"Length":14,"Height":209,"Demand":1,"DemandMax":null,"Value":2926},{"Length":15,"Height":166,"Demand":1,"DemandMax":null,"Value":2490},{"Length":9,"Height":277,"Demand":1,"DemandMax":null,"Value":2493},{"Length":14,"Height":176,"Demand":1,"DemandMax":null,"Value":2464},{"Length":7,"Height":318,"Demand":1,"DemandMax":null,"Value":2226},{"Length":12,"Height":191,"Demand":1,"DemandMax":null,"Value":2292},{"Length":29,"Height":79,"Demand":1,"DemandMax":null,"Value":2291},{"Length":163,"Height":13,"Demand":1,"DemandMax":null,"Value":2119},{"Length":26,"Height":78,"Demand":1,"DemandMax":null,"Value":2028},{"Length":27,"Height":71,"Demand":1,"DemandMax":null,"Value":1917},{"Length":17,"Height":108,"Demand":1,"DemandMax":null,"Value":1836},{"Length":249,"Height":7,"Demand":1,"DemandMax":null,"Value":1743},{"Length":40,"Height":44,"Demand":1,"DemandMax":null,"Value":1760},{"Length":23,"Height":77,"Demand":1,"DemandMax":null,"Value":1771},{"Length":10,"Height":176,"Demand":1,"DemandMax":null,"Value":1760},{"Length":30,"Height":57,"Demand":1,"DemandMax":null,"Value":1710},{"Length":9,"Height":192,"Demand":1,"DemandMax":null,"Value":1728},{"Length":45,"Height":35,"Demand":1,"DemandMax":null,"Value":1575},{"Length":29,"Height":53,"Demand":1,"DemandMax":null,"Value":1537},{"Length":15,"Height":104,"Demand":1,"DemandMax":null,"Value":1560},{"Length":53,"Height":26,"Demand":1,"DemandMax":null,"Value":1378},{"Length":17,"Height":77,"Demand":1,"DemandMax":null,"Value":1309},{"Length":30,"Height":44,"Demand":1,"DemandMax":null,"Value":1320},{"Length":228,"Height":6,"Demand":1,"DemandMax":null,"Value":1368},{"Length":6,"Height":203,"Demand":1,"DemandMax":null,"Value":1218},{"Length":45,"Height":28,"Demand":1,"DemandMax":null,"Value":1260},{"Length":8,"Height":166,"Demand":1,"DemandMax":null,"Value":1328},{"Length":6,"Height":194,"Demand":1,"DemandMax":null,"Value":1164},{"Length":108,"Height":11,"Demand":1,"DemandMax":null,"Value":1188},{"Length":10,"Height":126,"Demand":1,"DemandMax":null,"Value":1260},{"Length":15,"Height":79,"Demand":1,"DemandMax":null,"Value":1185},{"Length":6,"Height":209,"Demand":1,"DemandMax":null,"Value":1254},{"Length":30,"Height":40,"Demand":1,"DemandMax":null,"Value":1200},{"Length":112,"Height":10,"Demand":1,"DemandMax":null,"Value":1120},{"Length":16,"Height":70,"Demand":1,"DemandMax":null,"Value":1120},{"Length":33,"Height":35,"Demand":1,"DemandMax":null,"Value":1155},{"Length":110,"Height":10,"Demand":1,"DemandMax":null,"Value":1100},{"Length":10,"Height":108,"Demand":1,"DemandMax":null,"Value":1080},{"Length":3,"Height":312,"Demand":1,"DemandMax":null,"Value":936},{"Length":8,"Height":132,"Demand":1,"DemandMax":null,"Value":1056},{"Length":26,"Height":40,"Demand":1,"DemandMax":null,"Value":1040},{"Length":58,"Height":18,"Demand":1,"DemandMax":null,"Value":1044},{"Length":6,"Height":177,"Demand":1,"DemandMax":null,"Value":1062},{"Length":27,"Height":38,"Demand":1,"DemandMax":null,"Value":1026},{"Length":51,"Height":19,"Demand":1,"DemandMax":null,"Value":969},{"Length":38,"Height":26,"Demand":1,"DemandMax":null,"Value":988},{"Length":7,"Height":139,"Demand":1,"DemandMax":null,"Value":973},{"Length":73,"Height":13,"Demand":1,"DemandMax":null,"Value":949},{"Length":16,"Height":58,"Demand":1,"DemandMax":null,"Value":928},{"Length":19,"Height":48,"Demand":1,"DemandMax":null,"Value":912},{"Length":5,"Height":197,"Demand":1,"DemandMax":null,"Value":985},{"Length":6,"Height":160,"Demand":1,"DemandMax":null,"Value":960},{"Length":17,"Height":55,"Demand":1,"DemandMax":null,"Value":935},{"Length":30,"Height":30,"Demand":1,"DemandMax":null,"Value":900},{"Length":129,"Height":7,"Demand":1,"DemandMax":null,"Value":903},{"Length":22,"Height":40,"Demand":2,"DemandMax":null,"Value":880},{"Length":16,"Height":56,"Demand":1,"DemandMax":null,"Value":896},{"Length":7,"Height":126,"Demand":1,"DemandMax":null,"Value":882},{"Length":10,"Height":85,"Demand":1,"DemandMax":null,"Value":850},{"Length":128,"Height":7,"Demand":1,"DemandMax":null,"Value":896},{"Length":5,"Height":166,"Demand":1,"DemandMax":null,"Value":830},{"Length":21,"Height":40,"Demand":1,"DemandMax":null,"Value":840},{"Length":27,"Height":32,"Demand":1,"DemandMax":null,"Value":864},{"Length":4,"Height":208,"Demand":1,"DemandMax":null,"Value":832},{"Length":172,"Height":5,"Demand":1,"DemandMax":null,"Value":860},{"Length":6,"Height":139,"Demand":2,"DemandMax":null,"Value":834},{"Length":13,"Height":66,"Demand":1,"DemandMax":null,"Value":858},{"Length":67,"Height":13,"Demand":1,"DemandMax":null,"Value":871},{"Length":59,"Height":14,"Demand":1,"DemandMax":null,"Value":826},{"Length":44,"Height":19,"Demand":1,"DemandMax":null,"Value":836},{"Length":6,"Height":145,"Demand":1,"DemandMax":null,"Value":870},{"Length":6,"Height":132,"Demand":1,"DemandMax":null,"Value":792},{"Length":110,"Height":7,"Demand":1,"DemandMax":null,"Value":770},{"Length":9,"Height":85,"Demand":1,"DemandMax":null,"Value":765},{"Length":10,"Height":78,"Demand":1,"DemandMax":null,"Value":780},{"Length":36,"Height":22,"Demand":1,"DemandMax":null,"Value":792},{"Length":41,"Height":19,"Demand":1,"DemandMax":null,"Value":779},{"Length":4,"Height":203,"Demand":1,"DemandMax":null,"Value":812},{"Length":12,"Height":65,"Demand":1,"DemandMax":null,"Value":780},{"Length":14,"Height":53,"Demand":1,"DemandMax":null,"Value":742},{"Length":27,"Height":28,"Demand":1,"DemandMax":null,"Value":756},{"Length":67,"Height":11,"Demand":1,"DemandMax":null,"Value":737},{"Length":29,"Height":25,"Demand":1,"DemandMax":null,"Value":725},{"Length":4,"Height":210,"Demand":1,"DemandMax":null,"Value":840},{"Length":42,"Height":17,"Demand":1,"DemandMax":null,"Value":714},{"Length":4,"Height":180,"Demand":1,"DemandMax":null,"Value":720},{"Length":18,"Height":40,"Demand":1,"DemandMax":null,"Value":720},{"Length":44,"Height":16,"Demand":1,"DemandMax":null,"Value":704},{"Length":47,"Height":15,"Demand":1,"DemandMax":null,"Value":705},{"Length":38,"Height":18,"Demand":1,"DemandMax":null,"Value":684},{"Length":16,"Height":43,"Demand":1,"DemandMax":null,"Value":688},{"Length":178,"Height":4,"Demand":1,"DemandMax":null,"Value":712},{"Length":20,"Height":33,"Demand":1,"DemandMax":null,"Value":660},{"Length":84,"Height":8,"Demand":1,"DemandMax":null,"Value":672},{"Length":12,"Height":55,"Demand":1,"DemandMax":null,"Value":660},{"Length":39,"Height":17,"Demand":1,"DemandMax":null,"Value":663},{"Length":3,"Height":210,"Demand":1,"DemandMax":null,"Value":630},{"Length":36,"Height":18,"Demand":1,"DemandMax":null,"Value":648},{"Length":9,"Height":71,"Demand":1,"DemandMax":null,"Value":639},{"Length":6,"Height":105,"Demand":2,"DemandMax":null,"Value":630},{"Length":22,"Height":29,"Demand":1,"DemandMax":null,"Value":638},{"Length":42,"Height":15,"Demand":1,"DemandMax":null,"Value":630},{"Length":82,"Height":8,"Demand":1,"DemandMax":null,"Value":656},{"Length":79,"Height":8,"Demand":1,"DemandMax":null,"Value":632},{"Length":7,"Height":85,"Demand":2,"DemandMax":null,"Value":595},{"Length":16,"Height":39,"Demand":1,"DemandMax":null,"Value":624},{"Length":18,"Height":35,"Demand":1,"DemandMax":null,"Value":630},{"Length":117,"Height":5,"Demand":1,"DemandMax":null,"Value":585},{"Length":5,"Height":122,"Demand":1,"DemandMax":null,"Value":610},{"Length":16,"Height":40,"Demand":1,"DemandMax":null,"Value":640},{"Length":5,"Height":130,"Demand":1,"DemandMax":null,"Value":650},{"Length":7,"Height":92,"Demand":1,"DemandMax":null,"Value":644},{"Length":56,"Height":11,"Demand":1,"DemandMax":null,"Value":616},{"Length":30,"Height":21,"Demand":1,"DemandMax":null,"Value":630},{"Length":53,"Height":12,"Demand":1,"DemandMax":null,"Value":636},{"Length":249,"Height":2,"Demand":1,"DemandMax":null,"Value":498},{"Length":12,"Height":51,"Demand":1,"DemandMax":null,"Value":612},{"Length":67,"Height":9,"Demand":1,"DemandMax":null,"Value":603},{"Length":27,"Height":23,"Demand":1,"DemandMax":null,"Value":621},{"Length":17,"Height":35,"Demand":1,"DemandMax":null,"Value":595},{"Length":7,"Height":81,"Demand":1,"DemandMax":null,"Value":567},{"Length":46,"Height":13,"Demand":1,"DemandMax":null,"Value":598},{"Length":4,"Height":151,"Demand":1,"DemandMax":null,"Value":604},{"Length":80,"Height":8,"Demand":1,"DemandMax":null,"Value":640},{"Length":8,"Height":79,"Demand":1,"DemandMax":null,"Value":632},{"Length":4,"Height":147,"Demand":1,"DemandMax":null,"Value":588},{"Length":70,"Height":9,"Demand":1,"DemandMax":null,"Value":630},{"Length":4,"Height":134,"Demand":1,"DemandMax":null,"Value":536},{"Length":24,"Height":24,"Demand":1,"DemandMax":null,"Value":576},{"Length":85,"Height":7,"Demand":1,"DemandMax":null,"Value":595},{"Length":14,"Height":40,"Demand":1,"DemandMax":null,"Value":560},{"Length":49,"Height":12,"Demand":1,"DemandMax":null,"Value":588},{"Length":92,"Height":6,"Demand":1,"DemandMax":null,"Value":552},{"Length":75,"Height":7,"Demand":1,"DemandMax":null,"Value":525},{"Length":69,"Height":8,"Demand":2,"DemandMax":null,"Value":552},{"Length":30,"Height":18,"Demand":1,"DemandMax":null,"Value":540},{"Length":19,"Height":29,"Demand":1,"DemandMax":null,"Value":551},{"Length":7,"Height":78,"Demand":1,"DemandMax":null,"Value":546},{"Length":6,"Height":85,"Demand":1,"DemandMax":null,"Value":510},{"Length":60,"Height":9,"Demand":1,"DemandMax":null,"Value":540},{"Length":126,"Height":4,"Demand":1,"DemandMax":null,"Value":504},{"Length":4,"Height":136,"Demand":1,"DemandMax":null,"Value":544},{"Length":15,"Height":37,"Demand":1,"DemandMax":null,"Value":555},{"Length":20,"Height":26,"Demand":1,"DemandMax":null,"Value":520},{"Length":45,"Height":12,"Demand":1,"DemandMax":null,"Value":540},{"Length":3,"Height":209,"Demand":1,"DemandMax":null,"Value":627},{"Length":33,"Height":16,"Demand":1,"DemandMax":null,"Value":528},{"Length":71,"Height":7,"Demand":1,"DemandMax":null,"Value":497},{"Length":40,"Height":13,"Demand":1,"DemandMax":null,"Value":520},{"Length":69,"Height":7,"Demand":1,"DemandMax":null,"Value":483},{"Length":30,"Height":17,"Demand":1,"DemandMax":null,"Value":510},{"Length":171,"Height":3,"Demand":1,"DemandMax":null,"Value":513},{"Length":12,"Height":42,"Demand":2,"DemandMax":null,"Value":504},{"Length":37,"Height":14,"Demand":1,"DemandMax":null,"Value":518},{"Length":10,"Height":50,"Demand":2,"DemandMax":null,"Value":500},{"Length":42,"Height":12,"Demand":1,"DemandMax":null,"Value":504},{"Length":36,"Height":14,"Demand":1,"DemandMax":null,"Value":504},{"Length":3,"Height":177,"Demand":1,"DemandMax":null,"Value":531},{"Length":48,"Height":11,"Demand":1,"DemandMax":null,"Value":528},{"Length":3,"Height":145,"Demand":3,"DemandMax":null,"Value":435},{"Length":27,"Height":19,"Demand":1,"DemandMax":null,"Value":513},{"Length":45,"Height":11,"Demand":2,"DemandMax":null,"Value":495},{"Length":111,"Height":5,"Demand":1,"DemandMax":null,"Value":555},{"Length":40,"Height":12,"Demand":1,"DemandMax":null,"Value":480},{"Length":5,"Height":91,"Demand":1,"DemandMax":null,"Value":455},{"Length":10,"Height":48,"Demand":1,"DemandMax":null,"Value":480},{"Length":81,"Height":6,"Demand":1,"DemandMax":null,"Value":486},{"Length":117,"Height":4,"Demand":2,"DemandMax":null,"Value":468},{"Length":34,"Height":15,"Demand":1,"DemandMax":null,"Value":510},{"Length":8,"Height":66,"Demand":1,"DemandMax":null,"Value":528},{"Length":4,"Height":126,"Demand":1,"DemandMax":null,"Value":504},{"Length":26,"Height":19,"Demand":1,"DemandMax":null,"Value":494},{"Length":220,"Height":2,"Demand":1,"DemandMax":null,"Value":440},{"Length":9,"Height":53,"Demand":2,"DemandMax":null,"Value":477},{"Length":86,"Height":6,"Demand":1,"DemandMax":null,"Value":516},{"Length":68,"Height":7,"Demand":1,"DemandMax":null,"Value":476},{"Length":50,"Height":10,"Demand":1,"DemandMax":null,"Value":500},{"Length":26,"Height":18,"Demand":1,"DemandMax":null,"Value":468},{"Length":19,"Height":25,"Demand":1,"DemandMax":null,"Value":475},{"Length":4,"Height":123,"Demand":1,"DemandMax":null,"Value":492},{"Length":30,"Height":16,"Demand":1,"DemandMax":null,"Value":480},{"Length":65,"Height":7,"Demand":1,"DemandMax":null,"Value":455},{"Length":102,"Height":5,"Demand":1,"DemandMax":null,"Value":510},{"Length":13,"Height":36,"Demand":2,"DemandMax":null,"Value":468},{"Length":4,"Height":115,"Demand":2,"DemandMax":null,"Value":460},{"Length":7,"Height":69,"Demand":1,"DemandMax":null,"Value":483},{"Length":15,"Height":33,"Demand":1,"DemandMax":null,"Value":495},{"Length":33,"Height":14,"Demand":2,"DemandMax":null,"Value":462},{"Length":7,"Height":65,"Demand":1,"DemandMax":null,"Value":455},{"Length":11,"Height":42,"Demand":2,"DemandMax":null,"Value":462},{"Length":7,"Height":72,"Demand":1,"DemandMax":null,"Value":504},{"Length":20,"Height":24,"Demand":1,"DemandMax":null,"Value":480},{"Length":193,"Height":2,"Demand":1,"DemandMax":null,"Value":386},{"Length":14,"Height":34,"Demand":1,"DemandMax":null,"Value":476},{"Length":3,"Height":169,"Demand":1,"DemandMax":null,"Value":507},{"Length":21,"Height":23,"Demand":1,"DemandMax":null,"Value":483},{"Length":2,"Height":209,"Demand":3,"DemandMax":null,"Value":418},{"Length":59,"Height":8,"Demand":1,"DemandMax":null,"Value":472},{"Length":135,"Height":3,"Demand":3,"DemandMax":null,"Value":405},{"Length":9,"Height":54,"Demand":2,"DemandMax":null,"Value":486},{"Length":23,"Height":21,"Demand":1,"DemandMax":null,"Value":483},{"Length":36,"Height":13,"Demand":1,"DemandMax":null,"Value":468},{"Length":11,"Height":43,"Demand":1,"DemandMax":null,"Value":473},{"Length":66,"Height":7,"Demand":2,"DemandMax":null,"Value":462},{"Length":163,"Height":3,"Demand":1,"DemandMax":null,"Value":489},{"Length":8,"Height":62,"Demand":1,"DemandMax":null,"Value":496},{"Length":63,"Height":7,"Demand":1,"DemandMax":null,"Value":441},{"Length":24,"Height":19,"Demand":1,"DemandMax":null,"Value":456},{"Length":172,"Height":3,"Demand":1,"DemandMax":null,"Value":516},{"Length":28,"Height":16,"Demand":1,"DemandMax":null,"Value":448},{"Length":35,"Height":13,"Demand":1,"DemandMax":null,"Value":455},{"Length":25,"Height":19,"Demand":1,"DemandMax":null,"Value":475},{"Length":16,"Height":28,"Demand":1,"DemandMax":null,"Value":448},{"Length":3,"Height":158,"Demand":1,"DemandMax":null,"Value":474},{"Length":50,"Height":9,"Demand":2,"DemandMax":null,"Value":450},{"Length":30,"Height":15,"Demand":1,"DemandMax":null,"Value":450},{"Length":101,"Height":5,"Demand":1,"DemandMax":null,"Value":505},{"Length":9,"Height":50,"Demand":1,"DemandMax":null,"Value":450},{"Length":3,"Height":168,"Demand":1,"DemandMax":null,"Value":504},{"Length":2,"Height":204,"Demand":1,"DemandMax":null,"Value":408},{"Length":52,"Height":9,"Demand":1,"DemandMax":null,"Value":468},{"Length":3,"Height":132,"Demand":1,"DemandMax":null,"Value":396},{"Length":21,"Height":22,"Demand":1,"DemandMax":null,"Value":462},{"Length":20,"Height":22,"Demand":2,"DemandMax":null,"Value":440},{"Length":4,"Height":101,"Demand":1,"DemandMax":null,"Value":404},{"Length":7,"Height":60,"Demand":1,"DemandMax":null,"Value":420},{"Length":64,"Height":7,"Demand":1,"DemandMax":null,"Value":448},{"Length":11,"Height":40,"Demand":2,"DemandMax":null,"Value":440},{"Length":27,"Height":17,"Demand":1,"DemandMax":null,"Value":459},{"Length":5,"Height":94,"Demand":1,"DemandMax":null,"Value":470},{"Length":120,"Height":4,"Demand":1,"DemandMax":null,"Value":480},{"Length":21,"Height":21,"Demand":1,"DemandMax":null,"Value":441},{"Length":6,"Height":75,"Demand":1,"DemandMax":null,"Value":450},{"Length":49,"Height":9,"Demand":2,"DemandMax":null,"Value":441},{"Length":26,"Height":17,"Demand":1,"DemandMax":null,"Value":442},{"Length":10,"Height":44,"Demand":1,"DemandMax":null,"Value":440},{"Length":14,"Height":32,"Demand":1,"DemandMax":null,"Value":448},{"Length":60,"Height":7,"Demand":1,"DemandMax":null,"Value":420},{"Length":5,"Height":83,"Demand":1,"DemandMax":null,"Value":415},{"Length":5,"Height":85,"Demand":1,"DemandMax":null,"Value":425},{"Length":5,"Height":92,"Demand":1,"DemandMax":null,"Value":460},{"Length":6,"Height":70,"Demand":1,"DemandMax":null,"Value":420},{"Length":7,"Height":64,"Demand":1,"DemandMax":null,"Value":448},{"Length":8,"Height":53,"Demand":2,"DemandMax":null,"Value":424},{"Length":6,"Height":69,"Demand":2,"DemandMax":null,"Value":414},{"Length":5,"Height":79,"Demand":2,"DemandMax":null,"Value":395},{"Length":183,"Height":2,"Demand":1,"DemandMax":null,"Value":366},{"Length":87,"Height":5,"Demand":2,"DemandMax":null,"Value":435},{"Length":7,"Height":62,"Demand":1,"DemandMax":null,"Value":434},{"Length":20,"Height":21,"Demand":1,"DemandMax":null,"Value":420},{"Length":2,"Height":197,"Demand":1,"DemandMax":null,"Value":394},{"Length":26,"Height":16,"Demand":1,"DemandMax":null,"Value":416},{"Length":72,"Height":6,"Demand":1,"DemandMax":null,"Value":432},{"Length":81,"Height":5,"Demand":1,"DemandMax":null,"Value":405},{"Length":4,"Height":111,"Demand":1,"DemandMax":null,"Value":444},{"Length":67,"Height":6,"Demand":1,"DemandMax":null,"Value":402},{"Length":2,"Height":193,"Demand":1,"DemandMax":null,"Value":386},{"Length":116,"Height":4,"Demand":1,"DemandMax":null,"Value":464},{"Length":59,"Height":7,"Demand":1,"DemandMax":null,"Value":413},{"Length":14,"Height":29,"Demand":2,"DemandMax":null,"Value":406},{"Length":73,"Height":6,"Demand":1,"DemandMax":null,"Value":438},{"Length":23,"Height":18,"Demand":1,"DemandMax":null,"Value":414},{"Length":10,"Height":41,"Demand":1,"DemandMax":null,"Value":410},{"Length":77,"Height":5,"Demand":1,"DemandMax":null,"Value":385},{"Length":36,"Height":11,"Demand":1,"DemandMax":null,"Value":396},{"Length":28,"Height":15,"Demand":1,"DemandMax":null,"Value":420},{"Length":3,"Height":137,"Demand":1,"DemandMax":null,"Value":411},{"Length":13,"Height":31,"Demand":1,"DemandMax":null,"Value":403},{"Length":52,"Height":8,"Demand":1,"DemandMax":null,"Value":416},{"Length":49,"Height":8,"Demand":3,"DemandMax":null,"Value":392},{"Length":4,"Height":94,"Demand":2,"DemandMax":null,"Value":376},{"Length":31,"Height":13,"Demand":2,"DemandMax":null,"Value":403},{"Length":29,"Height":14,"Demand":1,"DemandMax":null,"Value":406},{"Length":54,"Height":7,"Demand":1,"DemandMax":null,"Value":378},{"Length":63,"Height":6,"Demand":1,"DemandMax":null,"Value":378},{"Length":2,"Height":183,"Demand":1,"DemandMax":null,"Value":366},{"Length":139,"Height":3,"Demand":1,"DemandMax":null,"Value":417},{"Length":7,"Height":59,"Demand":1,"DemandMax":null,"Value":413},{"Length":6,"Height":72,"Demand":1,"DemandMax":null,"Value":432},{"Length":21,"Height":20,"Demand":1,"DemandMax":null,"Value":420},{"Length":3,"Height":124,"Demand":1,"DemandMax":null,"Value":372},{"Length":19,"Height":21,"Demand":1,"DemandMax":null,"Value":399},{"Length":137,"Height":3,"Demand":2,"DemandMax":null,"Value":411},{"Length":6,"Height":71,"Demand":1,"DemandMax":null,"Value":426},{"Length":12,"Height":34,"Demand":1,"DemandMax":null,"Value":408},{"Length":7,"Height":55,"Demand":1,"DemandMax":null,"Value":385},{"Length":9,"Height":45,"Demand":1,"DemandMax":null,"Value":405},{"Length":39,"Height":10,"Demand":2,"DemandMax":null,"Value":390},{"Length":108,"Height":4,"Demand":1,"DemandMax":null,"Value":432},{"Length":112,"Height":4,"Demand":1,"DemandMax":null,"Value":448},{"Length":69,"Height":6,"Demand":1,"DemandMax":null,"Value":414},{"Length":45,"Height":9,"Demand":1,"DemandMax":null,"Value":405},{"Length":3,"Height":135,"Demand":1,"DemandMax":null,"Value":405},{"Length":150,"Height":3,"Demand":1,"DemandMax":null,"Value":450},{"Length":8,"Height":52,"Demand":1,"DemandMax":null,"Value":416},{"Length":3,"Height":117,"Demand":1,"DemandMax":null,"Value":351},{"Length":30,"Height":13,"Demand":1,"DemandMax":null,"Value":390},{"Length":10,"Height":39,"Demand":2,"DemandMax":null,"Value":390},{"Length":9,"Height":42,"Demand":1,"DemandMax":null,"Value":378},{"Length":26,"Height":15,"Demand":2,"DemandMax":null,"Value":390},{"Length":4,"Height":87,"Demand":1,"DemandMax":null,"Value":348},{"Length":16,"Height":24,"Demand":1,"DemandMax":null,"Value":384},{"Length":14,"Height":28,"Demand":1,"DemandMax":null,"Value":392},{"Length":34,"Height":11,"Demand":1,"DemandMax":null,"Value":374},{"Length":12,"Height":33,"Demand":1,"DemandMax":null,"Value":396},{"Length":3,"Height":112,"Demand":1,"DemandMax":null,"Value":336},{"Length":11,"Height":35,"Demand":2,"DemandMax":null,"Value":385},{"Length":17,"Height":23,"Demand":1,"DemandMax":null,"Value":391},{"Length":11,"Height":34,"Demand":1,"DemandMax":null,"Value":374},{"Length":45,"Height":8,"Demand":1,"DemandMax":null,"Value":360},{"Length":3,"Height":115,"Demand":1,"DemandMax":null,"Value":345},{"Length":133,"Height":3,"Demand":1,"DemandMax":null,"Value":399},{"Length":29,"Height":13,"Demand":1,"DemandMax":null,"Value":377},{"Length":3,"Height":116,"Demand":1,"DemandMax":null,"Value":348},{"Length":6,"Height":66,"Demand":1,"DemandMax":null,"Value":396},{"Length":14,"Height":26,"Demand":2,"DemandMax":null,"Value":364},{"Length":57,"Height":7,"Demand":1,"DemandMax":null,"Value":399},{"Length":26,"Height":14,"Demand":2,"DemandMax":null,"Value":364},{"Length":28,"Height":13,"Demand":1,"DemandMax":null,"Value":364},{"Length":14,"Height":27,"Demand":1,"DemandMax":null,"Value":378},{"Length":40,"Height":9,"Demand":1,"DemandMax":null,"Value":360},{"Length":93,"Height":4,"Demand":1,"DemandMax":null,"Value":372},{"Length":69,"Height":5,"Demand":2,"DemandMax":null,"Value":345},{"Length":64,"Height":6,"Demand":1,"DemandMax":null,"Value":384},{"Length":13,"Height":28,"Demand":1,"DemandMax":null,"Value":364},{"Length":5,"Height":74,"Demand":1,"DemandMax":null,"Value":370},{"Length":59,"Height":6,"Demand":2,"DemandMax":null,"Value":354},{"Length":115,"Height":3,"Demand":2,"DemandMax":null,"Value":345},{"Length":101,"Height":4,"Demand":1,"DemandMax":null,"Value":404},{"Length":22,"Height":17,"Demand":1,"DemandMax":null,"Value":374},{"Length":132,"Height":3,"Demand":1,"DemandMax":null,"Value":396},{"Length":38,"Height":10,"Demand":1,"DemandMax":null,"Value":380},{"Length":27,"Height":13,"Demand":2,"DemandMax":null,"Value":351},{"Length":18,"Height":20,"Demand":1,"DemandMax":null,"Value":360},{"Length":8,"Height":44,"Demand":1,"DemandMax":null,"Value":352},{"Length":129,"Height":3,"Demand":1,"DemandMax":null,"Value":387},{"Length":3,"Height":127,"Demand":1,"DemandMax":null,"Value":381},{"Length":42,"Height":9,"Demand":2,"DemandMax":null,"Value":378},{"Length":2,"Height":171,"Demand":2,"DemandMax":null,"Value":342},{"Length":20,"Height":18,"Demand":1,"DemandMax":null,"Value":360},{"Length":11,"Height":33,"Demand":1,"DemandMax":null,"Value":363},{"Length":3,"Height":111,"Demand":2,"DemandMax":null,"Value":333},{"Length":5,"Height":75,"Demand":1,"DemandMax":null,"Value":375},{"Length":3,"Height":110,"Demand":1,"DemandMax":null,"Value":330},{"Length":46,"Height":8,"Demand":1,"DemandMax":null,"Value":368},{"Length":15,"Height":24,"Demand":1,"DemandMax":null,"Value":360},{"Length":29,"Height":12,"Demand":1,"DemandMax":null,"Value":348},{"Length":10,"Height":35,"Demand":1,"DemandMax":null,"Value":350},{"Length":3,"Height":133,"Demand":1,"DemandMax":null,"Value":399},{"Length":72,"Height":5,"Demand":1,"DemandMax":null,"Value":360},{"Length":7,"Height":51,"Demand":1,"DemandMax":null,"Value":357},{"Length":102,"Height":3,"Demand":3,"DemandMax":null,"Value":306},{"Length":19,"Height":19,"Demand":2,"DemandMax":null,"Value":361},{"Length":3,"Height":108,"Demand":1,"DemandMax":null,"Value":324},{"Length":19,"Height":18,"Demand":3,"DemandMax":null,"Value":342},{"Length":37,"Height":9,"Demand":1,"DemandMax":null,"Value":333},{"Length":123,"Height":3,"Demand":2,"DemandMax":null,"Value":369},{"Length":13,"Height":27,"Demand":1,"DemandMax":null,"Value":351},{"Length":6,"Height":61,"Demand":1,"DemandMax":null,"Value":366},{"Length":5,"Height":77,"Demand":1,"DemandMax":null,"Value":385},{"Length":50,"Height":7,"Demand":2,"DemandMax":null,"Value":350},{"Length":10,"Height":37,"Demand":1,"DemandMax":null,"Value":370},{"Length":3,"Height":109,"Demand":1,"DemandMax":null,"Value":327},{"Length":2,"Height":147,"Demand":1,"DemandMax":null,"Value":294},{"Length":2,"Height":163,"Demand":2,"DemandMax":null,"Value":326},{"Length":30,"Height":12,"Demand":1,"DemandMax":null,"Value":360},{"Length":5,"Height":69,"Demand":1,"DemandMax":null,"Value":345},{"Length":39,"Height":9,"Demand":1,"DemandMax":null,"Value":351},{"Length":5,"Height":67,"Demand":2,"DemandMax":null,"Value":335},{"Length":4,"Height":79,"Demand":2,"DemandMax":null,"Value":316},{"Length":179,"Height":2,"Demand":1,"DemandMax":null,"Value":358},{"Length":49,"Height":7,"Demand":1,"DemandMax":null,"Value":343},{"Length":35,"Height":10,"Demand":1,"DemandMax":null,"Value":350},{"Length":20,"Height":17,"Demand":1,"DemandMax":null,"Value":340},{"Length":64,"Height":5,"Demand":1,"DemandMax":null,"Value":320},{"Length":7,"Height":50,"Demand":1,"DemandMax":null,"Value":350},{"Length":12,"Height":30,"Demand":1,"DemandMax":null,"Value":360},{"Length":12,"Height":29,"Demand":1,"DemandMax":null,"Value":348},{"Length":34,"Height":10,"Demand":2,"DemandMax":null,"Value":340},{"Length":13,"Height":25,"Demand":1,"DemandMax":null,"Value":325},{"Length":53,"Height":6,"Demand":2,"DemandMax":null,"Value":318},{"Length":18,"Height":19,"Demand":2,"DemandMax":null,"Value":342},{"Length":4,"Height":85,"Demand":1,"DemandMax":null,"Value":340},{"Length":21,"Height":16,"Demand":1,"DemandMax":null,"Value":336},{"Length":8,"Height":42,"Demand":1,"DemandMax":null,"Value":336},{"Length":8,"Height":43,"Demand":1,"DemandMax":null,"Value":344},{"Length":48,"Height":7,"Demand":1,"DemandMax":null,"Value":336},{"Length":40,"Height":8,"Demand":1,"DemandMax":null,"Value":320},{"Length":36,"Height":9,"Demand":1,"DemandMax":null,"Value":324},{"Length":5,"Height":72,"Demand":1,"DemandMax":null,"Value":360},{"Length":10,"Height":33,"Demand":1,"DemandMax":null,"Value":330},{"Length":73,"Height":5,"Demand":1,"DemandMax":null,"Value":365},{"Length":15,"Height":22,"Demand":2,"DemandMax":null,"Value":330},{"Length":10,"Height":32,"Demand":4,"DemandMax":null,"Value":320},{"Length":67,"Height":5,"Demand":1,"DemandMax":null,"Value":335},{"Length":16,"Height":21,"Demand":1,"DemandMax":null,"Value":336},{"Length":7,"Height":48,"Demand":1,"DemandMax":null,"Value":336},{"Length":21,"Height":15,"Demand":2,"DemandMax":null,"Value":315},{"Length":11,"Height":30,"Demand":2,"DemandMax":null,"Value":330},{"Length":31,"Height":11,"Demand":1,"DemandMax":null,"Value":341},{"Length":5,"Height":62,"Demand":2,"DemandMax":null,"Value":310},{"Length":8,"Height":41,"Demand":2,"DemandMax":null,"Value":328},{"Length":3,"Height":103,"Demand":1,"DemandMax":null,"Value":309},{"Length":17,"Height":19,"Demand":1,"DemandMax":null,"Value":323},{"Length":71,"Height":5,"Demand":1,"DemandMax":null,"Value":355},{"Length":80,"Height":4,"Demand":1,"DemandMax":null,"Value":320},{"Length":46,"Height":7,"Demand":3,"DemandMax":null,"Value":322},{"Length":18,"Height":18,"Demand":3,"DemandMax":null,"Value":324},{"Length":7,"Height":46,"Demand":1,"DemandMax":null,"Value":322},{"Length":32,"Height":10,"Demand":2,"DemandMax":null,"Value":320},{"Length":8,"Height":39,"Demand":2,"DemandMax":null,"Value":312},{"Length":4,"Height":73,"Demand":1,"DemandMax":null,"Value":292},{"Length":13,"Height":24,"Demand":2,"DemandMax":null,"Value":312},{"Length":117,"Height":3,"Demand":1,"DemandMax":null,"Value":351},{"Length":5,"Height":60,"Demand":1,"DemandMax":null,"Value":300},{"Length":3,"Height":98,"Demand":1,"DemandMax":null,"Value":294},{"Length":22,"Height":15,"Demand":1,"DemandMax":null,"Value":330},{"Length":12,"Height":28,"Demand":1,"DemandMax":null,"Value":336},{"Length":23,"Height":14,"Demand":2,"DemandMax":null,"Value":322},{"Length":4,"Height":74,"Demand":1,"DemandMax":null,"Value":296},{"Length":3,"Height":99,"Demand":2,"DemandMax":null,"Value":297},{"Length":8,"Height":40,"Demand":3,"DemandMax":null,"Value":320},{"Length":97,"Height":3,"Demand":1,"DemandMax":null,"Value":291},{"Length":57,"Height":6,"Demand":1,"DemandMax":null,"Value":342},{"Length":14,"Height":22,"Demand":2,"DemandMax":null,"Value":308},{"Length":89,"Height":4,"Demand":1,"DemandMax":null,"Value":356},{"Length":28,"Height":11,"Demand":2,"DemandMax":null,"Value":308},{"Length":51,"Height":6,"Demand":2,"DemandMax":null,"Value":306},{"Length":9,"Height":37,"Demand":1,"DemandMax":null,"Value":333},{"Length":3,"Height":105,"Demand":1,"DemandMax":null,"Value":315},{"Length":6,"Height":55,"Demand":1,"DemandMax":null,"Value":330},{"Length":3,"Height":104,"Demand":1,"DemandMax":null,"Value":312},{"Length":6,"Height":54,"Demand":1,"DemandMax":null,"Value":324},{"Length":9,"Height":34,"Demand":2,"DemandMax":null,"Value":306},{"Length":131,"Height":2,"Demand":7,"DemandMax":null,"Value":262},{"Length":30,"Height":10,"Demand":5,"DemandMax":null,"Value":300},{"Length":126,"Height":2,"Demand":1,"DemandMax":null,"Value":252},{"Length":108,"Height":3,"Demand":1,"DemandMax":null,"Value":324},{"Length":2,"Height":150,"Demand":1,"DemandMax":null,"Value":300},{"Length":48,"Height":6,"Demand":2,"DemandMax":null,"Value":288},{"Length":14,"Height":23,"Demand":1,"DemandMax":null,"Value":322},{"Length":72,"Height":4,"Demand":2,"DemandMax":null,"Value":288},{"Length":26,"Height":12,"Demand":1,"DemandMax":null,"Value":312},{"Length":15,"Height":21,"Demand":2,"DemandMax":null,"Value":315},{"Length":6,"Height":53,"Demand":1,"DemandMax":null,"Value":318},{"Length":9,"Height":35,"Demand":1,"DemandMax":null,"Value":315},{"Length":52,"Height":6,"Demand":1,"DemandMax":null,"Value":312},{"Length":45,"Height":7,"Demand":3,"DemandMax":null,"Value":315},{"Length":137,"Height":2,"Demand":1,"DemandMax":null,"Value":274},{"Length":4,"Height":81,"Demand":2,"DemandMax":null,"Value":324},{"Length":74,"Height":4,"Demand":1,"DemandMax":null,"Value":296},{"Length":105,"Height":3,"Demand":3,"DemandMax":null,"Value":315},{"Length":75,"Height":4,"Demand":1,"DemandMax":null,"Value":300},{"Length":16,"Height":19,"Demand":1,"DemandMax":null,"Value":304},{"Length":9,"Height":32,"Demand":1,"DemandMax":null,"Value":288},{"Length":14,"Height":21,"Demand":1,"DemandMax":null,"Value":294},{"Length":11,"Height":27,"Demand":1,"DemandMax":null,"Value":297},{"Length":57,"Height":5,"Demand":4,"DemandMax":null,"Value":285},{"Length":17,"Height":18,"Demand":1,"DemandMax":null,"Value":306},{"Length":7,"Height":44,"Demand":1,"DemandMax":null,"Value":308},{"Length":10,"Height":29,"Demand":3,"DemandMax":null,"Value":290},{"Length":19,"Height":16,"Demand":1,"DemandMax":null,"Value":304},{"Length":42,"Height":7,"Demand":3,"DemandMax":null,"Value":294},{"Length":3,"Height":107,"Demand":1,"DemandMax":null,"Value":321},{"Length":10,"Height":30,"Demand":1,"DemandMax":null,"Value":300},{"Length":7,"Height":45,"Demand":1,"DemandMax":null,"Value":315},{"Length":5,"Height":56,"Demand":1,"DemandMax":null,"Value":280},{"Length":6,"Height":50,"Demand":2,"DemandMax":null,"Value":300},{"Length":47,"Height":6,"Demand":2,"DemandMax":null,"Value":282},{"Length":114,"Height":3,"Demand":1,"DemandMax":null,"Value":342},{"Length":17,"Height":17,"Demand":2,"DemandMax":null,"Value":289},{"Length":26,"Height":11,"Demand":1,"DemandMax":null,"Value":286},{"Length":2,"Height":121,"Demand":2,"DemandMax":null,"Value":242},{"Length":5,"Height":65,"Demand":1,"DemandMax":null,"Value":325},{"Length":6,"Height":48,"Demand":1,"DemandMax":null,"Value":288},{"Length":12,"Height":25,"Demand":1,"DemandMax":null,"Value":300},{"Length":65,"Height":5,"Demand":1,"DemandMax":null,"Value":325},{"Length":15,"Height":20,"Demand":1,"DemandMax":null,"Value":300},{"Length":9,"Height":31,"Demand":3,"DemandMax":null,"Value":279},{"Length":4,"Height":66,"Demand":2,"DemandMax":null,"Value":264},{"Length":19,"Height":15,"Demand":2,"DemandMax":null,"Value":285},{"Length":3,"Height":89,"Demand":2,"DemandMax":null,"Value":267},{"Length":25,"Height":12,"Demand":1,"DemandMax":null,"Value":300},{"Length":8,"Height":38,"Demand":1,"DemandMax":null,"Value":304},{"Length":2,"Height":166,"Demand":2,"DemandMax":null,"Value":332},{"Length":22,"Height":13,"Demand":1,"DemandMax":null,"Value":286},{"Length":34,"Height":9,"Demand":1,"DemandMax":null,"Value":306},{"Length":49,"Height":6,"Demand":1,"DemandMax":null,"Value":294},{"Length":38,"Height":8,"Demand":1,"DemandMax":null,"Value":304},{"Length":12,"Height":24,"Demand":1,"DemandMax":null,"Value":288},{"Length":34,"Height":8,"Demand":2,"DemandMax":null,"Value":272},{"Length":8,"Height":36,"Demand":2,"DemandMax":null,"Value":288},{"Length":41,"Height":7,"Demand":1,"DemandMax":null,"Value":287},{"Length":40,"Height":7,"Demand":2,"DemandMax":null,"Value":280},{"Length":33,"Height":9,"Demand":1,"DemandMax":null,"Value":297},{"Length":23,"Height":12,"Demand":3,"DemandMax":null,"Value":276},{"Length":3,"Height":96,"Demand":1,"DemandMax":null,"Value":288},{"Length":31,"Height":9,"Demand":4,"DemandMax":null,"Value":279},{"Length":130,"Height":2,"Demand":1,"DemandMax":null,"Value":260},{"Length":4,"Height":68,"Demand":1,"DemandMax":null,"Value":272},{"Length":39,"Height":7,"Demand":1,"DemandMax":null,"Value":273},{"Length":5,"Height":52,"Demand":3,"DemandMax":null,"Value":260},{"Length":7,"Height":38,"Demand":2,"DemandMax":null,"Value":266},{"Length":32,"Height":9,"Demand":1,"DemandMax":null,"Value":288},{"Length":7,"Height":40,"Demand":1,"DemandMax":null,"Value":280},{"Length":25,"Height":11,"Demand":2,"DemandMax":null,"Value":275},{"Length":144,"Height":2,"Demand":2,"DemandMax":null,"Value":288},{"Length":7,"Height":41,"Demand":1,"DemandMax":null,"Value":287},{"Length":73,"Height":4,"Demand":1,"DemandMax":null,"Value":292},{"Length":11,"Height":25,"Demand":2,"DemandMax":null,"Value":275},{"Length":4,"Height":64,"Demand":1,"DemandMax":null,"Value":256},{"Length":54,"Height":5,"Demand":1,"DemandMax":null,"Value":270},{"Length":46,"Height":6,"Demand":1,"DemandMax":null,"Value":276},{"Length":152,"Height":2,"Demand":1,"DemandMax":null,"Value":304},{"Length":88,"Height":3,"Demand":1,"DemandMax":null,"Value":264},{"Length":36,"Height":8,"Demand":1,"DemandMax":null,"Value":288},{"Length":4,"Height":62,"Demand":2,"DemandMax":null,"Value":248},{"Length":45,"Height":6,"Demand":2,"DemandMax":null,"Value":270},{"Length":79,"Height":3,"Demand":2,"DemandMax":null,"Value":237},{"Length":3,"Height":101,"Demand":1,"DemandMax":null,"Value":303},{"Length":69,"Height":4,"Demand":2,"DemandMax":null,"Value":276},{"Length":53,"Height":5,"Demand":3,"DemandMax":null,"Value":265},{"Length":24,"Height":12,"Demand":1,"DemandMax":null,"Value":288},{"Length":2,"Height":112,"Demand":1,"DemandMax":null,"Value":224},{"Length":78,"Height":3,"Demand":1,"DemandMax":null,"Value":234},{"Length":5,"Height":58,"Demand":1,"DemandMax":null,"Value":290},{"Length":24,"Height":11,"Demand":1,"DemandMax":null,"Value":264},{"Length":16,"Height":17,"Demand":1,"DemandMax":null,"Value":272},{"Length":2,"Height":116,"Demand":1,"DemandMax":null,"Value":232},{"Length":28,"Height":10,"Demand":1,"DemandMax":null,"Value":280},{"Length":63,"Height":4,"Demand":1,"DemandMax":null,"Value":252},{"Length":150,"Height":2,"Demand":3,"DemandMax":null,"Value":300},{"Length":22,"Height":12,"Demand":1,"DemandMax":null,"Value":264},{"Length":8,"Height":33,"Demand":1,"DemandMax":null,"Value":264},{"Length":6,"Height":42,"Demand":3,"DemandMax":null,"Value":252},{"Length":4,"Height":59,"Demand":1,"DemandMax":null,"Value":236},{"Length":51,"Height":5,"Demand":2,"DemandMax":null,"Value":255},{"Length":14,"Height":19,"Demand":1,"DemandMax":null,"Value":266},{"Length":3,"Height":100,"Demand":1,"DemandMax":null,"Value":300},{"Length":61,"Height":4,"Demand":2,"DemandMax":null,"Value":244},{"Length":4,"Height":72,"Demand":1,"DemandMax":null,"Value":288},{"Length":118,"Height":2,"Demand":1,"DemandMax":null,"Value":236},{"Length":3,"Height":81,"Demand":1,"DemandMax":null,"Value":243},{"Length":9,"Height":28,"Demand":2,"DemandMax":null,"Value":252},{"Length":56,"Height":5,"Demand":1,"DemandMax":null,"Value":280},{"Length":29,"Height":9,"Demand":1,"DemandMax":null,"Value":261},{"Length":13,"Height":20,"Demand":1,"DemandMax":null,"Value":260},{"Length":21,"Height":12,"Demand":2,"DemandMax":null,"Value":252},{"Length":80,"Height":3,"Demand":1,"DemandMax":null,"Value":240},{"Length":4,"Height":71,"Demand":1,"DemandMax":null,"Value":284},{"Length":21,"Height":13,"Demand":1,"DemandMax":null,"Value":273},{"Length":3,"Height":79,"Demand":4,"DemandMax":null,"Value":237},{"Length":4,"Height":60,"Demand":2,"DemandMax":null,"Value":240},{"Length":3,"Height":93,"Demand":1,"DemandMax":null,"Value":279},{"Length":8,"Height":32,"Demand":2,"DemandMax":null,"Value":256},{"Length":6,"Height":40,"Demand":1,"DemandMax":null,"Value":240},{"Length":11,"Height":24,"Demand":1,"DemandMax":null,"Value":264},{"Length":90,"Height":3,"Demand":1,"DemandMax":null,"Value":270},{"Length":7,"Height":37,"Demand":2,"DemandMax":null,"Value":259},{"Length":8,"Height":34,"Demand":1,"DemandMax":null,"Value":272},{"Length":102,"Height":2,"Demand":5,"DemandMax":null,"Value":204},{"Length":28,"Height":9,"Demand":1,"DemandMax":null,"Value":252},{"Length":15,"Height":17,"Demand":1,"DemandMax":null,"Value":255},{"Length":2,"Height":101,"Demand":4,"DemandMax":null,"Value":202},{"Length":58,"Height":4,"Demand":1,"DemandMax":null,"Value":232},{"Length":30,"Height":8,"Demand":1,"DemandMax":null,"Value":240},{"Length":38,"Height":7,"Demand":1,"DemandMax":null,"Value":266},{"Length":7,"Height":36,"Demand":1,"DemandMax":null,"Value":252},{"Length":3,"Height":85,"Demand":2,"DemandMax":null,"Value":255},{"Length":105,"Height":2,"Demand":3,"DemandMax":null,"Value":210},{"Length":7,"Height":35,"Demand":2,"DemandMax":null,"Value":245},{"Length":55,"Height":5,"Demand":1,"DemandMax":null,"Value":275},{"Length":23,"Height":11,"Demand":1,"DemandMax":null,"Value":253},{"Length":3,"Height":75,"Demand":1,"DemandMax":null,"Value":225},{"Length":6,"Height":44,"Demand":2,"DemandMax":null,"Value":264},{"Length":55,"Height":4,"Demand":2,"DemandMax":null,"Value":220},{"Length":2,"Height":136,"Demand":2,"DemandMax":null,"Value":272},{"Length":16,"Height":16,"Demand":1,"DemandMax":null,"Value":256},{"Length":13,"Height":19,"Demand":3,"DemandMax":null,"Value":247},{"Length":14,"Height":18,"Demand":3,"DemandMax":null,"Value":252},{"Length":37,"Height":7,"Demand":1,"DemandMax":null,"Value":259},{"Length":6,"Height":41,"Demand":1,"DemandMax":null,"Value":246},{"Length":68,"Height":4,"Demand":1,"DemandMax":null,"Value":272},{"Length":10,"Height":24,"Demand":4,"DemandMax":null,"Value":240},{"Length":15,"Height":16,"Demand":1,"DemandMax":null,"Value":240},{"Length":59,"Height":4,"Demand":1,"DemandMax":null,"Value":236},{"Length":19,"Height":13,"Demand":1,"DemandMax":null,"Value":247},{"Length":33,"Height":7,"Demand":1,"DemandMax":null,"Value":231},{"Length":4,"Height":69,"Demand":3,"DemandMax":null,"Value":276},{"Length":32,"Height":8,"Demand":1,"DemandMax":null,"Value":256},{"Length":27,"Height":9,"Demand":1,"DemandMax":null,"Value":243},{"Length":36,"Height":7,"Demand":2,"DemandMax":null,"Value":252},{"Length":48,"Height":5,"Demand":2,"DemandMax":null,"Value":240},{"Length":8,"Height":31,"Demand":1,"DemandMax":null,"Value":248},{"Length":5,"Height":49,"Demand":2,"DemandMax":null,"Value":245},{"Length":62,"Height":4,"Demand":1,"DemandMax":null,"Value":248},{"Length":6,"Height":38,"Demand":1,"DemandMax":null,"Value":228},{"Length":44,"Height":5,"Demand":2,"DemandMax":null,"Value":220},{"Length":8,"Height":30,"Demand":3,"DemandMax":null,"Value":240},{"Length":5,"Height":47,"Demand":1,"DemandMax":null,"Value":235},{"Length":46,"Height":5,"Demand":2,"DemandMax":null,"Value":230},{"Length":26,"Height":9,"Demand":1,"DemandMax":null,"Value":234},{"Length":2,"Height":140,"Demand":1,"DemandMax":null,"Value":280},{"Length":2,"Height":99,"Demand":4,"DemandMax":null,"Value":198},{"Length":65,"Height":4,"Demand":1,"DemandMax":null,"Value":260},{"Length":3,"Height":88,"Demand":2,"DemandMax":null,"Value":264},{"Length":14,"Height":17,"Demand":1,"DemandMax":null,"Value":238},{"Length":3,"Height":87,"Demand":1,"DemandMax":null,"Value":261},{"Length":2,"Height":128,"Demand":1,"DemandMax":null,"Value":256},{"Length":16,"Height":15,"Demand":1,"DemandMax":null,"Value":240},{"Length":24,"Height":10,"Demand":3,"DemandMax":null,"Value":240},{"Length":12,"Height":20,"Demand":1,"DemandMax":null,"Value":240},{"Length":21,"Height":11,"Demand":1,"DemandMax":null,"Value":231},{"Length":3,"Height":69,"Demand":4,"DemandMax":null,"Value":207},{"Length":50,"Height":5,"Demand":1,"DemandMax":null,"Value":250},{"Length":2,"Height":94,"Demand":6,"DemandMax":null,"Value":188},{"Length":11,"Height":21,"Demand":1,"DemandMax":null,"Value":231},{"Length":7,"Height":32,"Demand":2,"DemandMax":null,"Value":224},{"Length":66,"Height":4,"Demand":1,"DemandMax":null,"Value":264},{"Length":87,"Height":3,"Demand":1,"DemandMax":null,"Value":261},{"Length":7,"Height":33,"Demand":1,"DemandMax":null,"Value":231},{"Length":14,"Height":16,"Demand":4,"DemandMax":null,"Value":224},{"Length":5,"Height":43,"Demand":4,"DemandMax":null,"Value":215},{"Length":2,"Height":135,"Demand":1,"DemandMax":null,"Value":270},{"Length":17,"Height":14,"Demand":1,"DemandMax":null,"Value":238},{"Length":4,"Height":58,"Demand":3,"DemandMax":null,"Value":232},{"Length":2,"Height":100,"Demand":1,"DemandMax":null,"Value":200},{"Length":85,"Height":3,"Demand":1,"DemandMax":null,"Value":255},{"Length":19,"Height":12,"Demand":2,"DemandMax":null,"Value":228},{"Length":28,"Height":8,"Demand":2,"DemandMax":null,"Value":224},{"Length":9,"Height":26,"Demand":3,"DemandMax":null,"Value":234},{"Length":99,"Height":2,"Demand":1,"DemandMax":null,"Value":198},{"Length":2,"Height":108,"Demand":1,"DemandMax":null,"Value":216},{"Length":91,"Height":2,"Demand":4,"DemandMax":null,"Value":182},{"Length":2,"Height":115,"Demand":1,"DemandMax":null,"Value":230},{"Length":43,"Height":5,"Demand":3,"DemandMax":null,"Value":215},{"Length":13,"Height":18,"Demand":2,"DemandMax":null,"Value":234},{"Length":29,"Height":8,"Demand":1,"DemandMax":null,"Value":232},{"Length":4,"Height":56,"Demand":2,"DemandMax":null,"Value":224},{"Length":34,"Height":7,"Demand":1,"DemandMax":null,"Value":238},{"Length":2,"Height":96,"Demand":5,"DemandMax":null,"Value":192},{"Length":4,"Height":51,"Demand":1,"DemandMax":null,"Value":204},{"Length":2,"Height":114,"Demand":1,"DemandMax":null,"Value":228},{"Length":4,"Height":63,"Demand":1,"DemandMax":null,"Value":252},{"Length":4,"Height":55,"Demand":1,"DemandMax":null,"Value":220},{"Length":42,"Height":5,"Demand":4,"DemandMax":null,"Value":210},{"Length":8,"Height":29,"Demand":1,"DemandMax":null,"Value":232},{"Length":31,"Height":7,"Demand":2,"DemandMax":null,"Value":217},{"Length":3,"Height":67,"Demand":6,"DemandMax":null,"Value":201},{"Length":3,"Height":78,"Demand":1,"DemandMax":null,"Value":234},{"Length":15,"Height":15,"Demand":3,"DemandMax":null,"Value":225},{"Length":11,"Height":20,"Demand":2,"DemandMax":null,"Value":220},{"Length":5,"Height":46,"Demand":2,"DemandMax":null,"Value":230},{"Length":20,"Height":11,"Demand":2,"DemandMax":null,"Value":220},{"Length":5,"Height":42,"Demand":2,"DemandMax":null,"Value":210},{"Length":13,"Height":17,"Demand":2,"DemandMax":null,"Value":221},{"Length":14,"Height":15,"Demand":3,"DemandMax":null,"Value":210},{"Length":18,"Height":12,"Demand":1,"DemandMax":null,"Value":216},{"Length":49,"Height":4,"Demand":11,"DemandMax":null,"Value":196},{"Length":32,"Height":7,"Demand":2,"DemandMax":null,"Value":224},{"Length":2,"Height":143,"Demand":1,"DemandMax":null,"Value":286},{"Length":38,"Height":6,"Demand":2,"DemandMax":null,"Value":228},{"Length":12,"Height":18,"Demand":1,"DemandMax":null,"Value":216},{"Length":17,"Height":13,"Demand":1,"DemandMax":null,"Value":221},{"Length":26,"Height":8,"Demand":3,"DemandMax":null,"Value":208},{"Length":7,"Height":30,"Demand":4,"DemandMax":null,"Value":210},{"Length":2,"Height":113,"Demand":1,"DemandMax":null,"Value":226},{"Length":5,"Height":40,"Demand":5,"DemandMax":null,"Value":200},{"Length":21,"Height":10,"Demand":5,"DemandMax":null,"Value":210},{"Length":2,"Height":127,"Demand":1,"DemandMax":null,"Value":254},{"Length":70,"Height":3,"Demand":1,"DemandMax":null,"Value":210},{"Length":53,"Height":4,"Demand":3,"DemandMax":null,"Value":212},{"Length":95,"Height":2,"Demand":3,"DemandMax":null,"Value":190},{"Length":9,"Height":23,"Demand":3,"DemandMax":null,"Value":207},{"Length":56,"Height":4,"Demand":1,"DemandMax":null,"Value":224},{"Length":6,"Height":36,"Demand":2,"DemandMax":null,"Value":216},{"Length":5,"Height":44,"Demand":1,"DemandMax":null,"Value":220},{"Length":30,"Height":7,"Demand":3,"DemandMax":null,"Value":210},{"Length":16,"Height":14,"Demand":1,"DemandMax":null,"Value":224},{"Length":27,"Height":8,"Demand":3,"DemandMax":null,"Value":216},{"Length":133,"Height":2,"Demand":2,"DemandMax":null,"Value":266},{"Length":22,"Height":10,"Demand":1,"DemandMax":null,"Value":220},{"Length":8,"Height":26,"Demand":1,"DemandMax":null,"Value":208},{"Length":64,"Height":3,"Demand":5,"DemandMax":null,"Value":192},{"Length":6,"Height":33,"Demand":7,"DemandMax":null,"Value":198},{"Length":17,"Height":12,"Demand":2,"DemandMax":null,"Value":204},{"Length":33,"Height":6,"Demand":4,"DemandMax":null,"Value":198},{"Length":10,"Height":22,"Demand":1,"DemandMax":null,"Value":220},{"Length":68,"Height":3,"Demand":2,"DemandMax":null,"Value":204},{"Length":35,"Height":6,"Demand":4,"DemandMax":null,"Value":210},{"Length":19,"Height":11,"Demand":2,"DemandMax":null,"Value":209},{"Length":81,"Height":3,"Demand":1,"DemandMax":null,"Value":243},{"Length":4,"Height":53,"Demand":1,"DemandMax":null,"Value":212},{"Length":2,"Height":103,"Demand":4,"DemandMax":null,"Value":206},{"Length":10,"Height":21,"Demand":3,"DemandMax":null,"Value":210},{"Length":4,"Height":47,"Demand":8,"DemandMax":null,"Value":188},{"Length":1,"Height":141,"Demand":1,"DemandMax":null,"Value":141},{"Length":13,"Height":16,"Demand":3,"DemandMax":null,"Value":208},{"Length":3,"Height":71,"Demand":4,"DemandMax":null,"Value":213},{"Length":18,"Height":11,"Demand":4,"DemandMax":null,"Value":198},{"Length":2,"Height":87,"Demand":4,"DemandMax":null,"Value":174},{"Length":23,"Height":9,"Demand":2,"DemandMax":null,"Value":207},{"Length":97,"Height":2,"Demand":4,"DemandMax":null,"Value":194},{"Length":41,"Height":5,"Demand":1,"DemandMax":null,"Value":205},{"Length":7,"Height":28,"Demand":7,"DemandMax":null,"Value":196},{"Length":85,"Height":2,"Demand":3,"DemandMax":null,"Value":170},{"Length":6,"Height":37,"Demand":2,"DemandMax":null,"Value":222},{"Length":5,"Height":41,"Demand":2,"DemandMax":null,"Value":205},{"Length":50,"Height":4,"Demand":5,"DemandMax":null,"Value":200},{"Length":3,"Height":68,"Demand":3,"DemandMax":null,"Value":204},{"Length":5,"Height":38,"Demand":5,"DemandMax":null,"Value":190},{"Length":6,"Height":34,"Demand":4,"DemandMax":null,"Value":204},{"Length":7,"Height":29,"Demand":1,"DemandMax":null,"Value":203},{"Length":62,"Height":3,"Demand":10,"DemandMax":null,"Value":186},{"Length":28,"Height":7,"Demand":4,"DemandMax":null,"Value":196},{"Length":3,"Height":62,"Demand":9,"DemandMax":null,"Value":186},{"Length":12,"Height":17,"Demand":3,"DemandMax":null,"Value":204},{"Length":37,"Height":5,"Demand":1,"DemandMax":null,"Value":185},{"Length":2,"Height":129,"Demand":1,"DemandMax":null,"Value":258},{"Length":36,"Height":6,"Demand":2,"DemandMax":null,"Value":216},{"Length":61,"Height":3,"Demand":9,"DemandMax":null,"Value":183},{"Length":59,"Height":3,"Demand":9,"DemandMax":null,"Value":177},{"Length":8,"Height":27,"Demand":1,"DemandMax":null,"Value":216},{"Length":2,"Height":110,"Demand":1,"DemandMax":null,"Value":220},{"Length":2,"Height":88,"Demand":3,"DemandMax":null,"Value":176},{"Length":90,"Height":2,"Demand":5,"DemandMax":null,"Value":180},{"Length":63,"Height":3,"Demand":12,"DemandMax":null,"Value":189},{"Length":3,"Height":63,"Demand":4,"DemandMax":null,"Value":189},{"Length":20,"Height":10,"Demand":4,"DemandMax":null,"Value":200},{"Length":4,"Height":46,"Demand":5,"DemandMax":null,"Value":184},{"Length":9,"Height":22,"Demand":7,"DemandMax":null,"Value":198},{"Length":14,"Height":14,"Demand":4,"DemandMax":null,"Value":196},{"Length":6,"Height":32,"Demand":5,"DemandMax":null,"Value":192},{"Length":22,"Height":9,"Demand":2,"DemandMax":null,"Value":198},{"Length":92,"Height":2,"Demand":3,"DemandMax":null,"Value":184},{"Length":5,"Height":37,"Demand":7,"DemandMax":null,"Value":185},{"Length":8,"Height":24,"Demand":4,"DemandMax":null,"Value":192},{"Length":120,"Height":2,"Demand":1,"DemandMax":null,"Value":240},{"Length":45,"Height":4,"Demand":10,"DemandMax":null,"Value":180},{"Length":89,"Height":2,"Demand":4,"DemandMax":null,"Value":178},{"Length":2,"Height":124,"Demand":1,"DemandMax":null,"Value":248},{"Length":10,"Height":20,"Demand":7,"DemandMax":null,"Value":200},{"Length":58,"Height":3,"Demand":6,"DemandMax":null,"Value":174},{"Length":31,"Height":6,"Demand":3,"DemandMax":null,"Value":186},{"Length":11,"Height":18,"Demand":4,"DemandMax":null,"Value":198},{"Length":101,"Height":2,"Demand":2,"DemandMax":null,"Value":202},{"Length":47,"Height":4,"Demand":3,"DemandMax":null,"Value":188},{"Length":80,"Height":2,"Demand":2,"DemandMax":null,"Value":160},{"Length":3,"Height":65,"Demand":1,"DemandMax":null,"Value":195},{"Length":3,"Height":74,"Demand":2,"DemandMax":null,"Value":222},{"Length":29,"Height":7,"Demand":3,"DemandMax":null,"Value":203},{"Length":2,"Height":105,"Demand":2,"DemandMax":null,"Value":210},{"Length":74,"Height":3,"Demand":1,"DemandMax":null,"Value":222},{"Length":15,"Height":13,"Demand":1,"DemandMax":null,"Value":195},{"Length":6,"Height":35,"Demand":1,"DemandMax":null,"Value":210},{"Length":51,"Height":4,"Demand":2,"DemandMax":null,"Value":204},{"Length":5,"Height":39,"Demand":2,"DemandMax":null,"Value":195},{"Length":10,"Height":19,"Demand":5,"DemandMax":null,"Value":190},{"Length":3,"Height":76,"Demand":1,"DemandMax":null,"Value":228},{"Length":2,"Height":93,"Demand":4,"DemandMax":null,"Value":186},{"Length":67,"Height":3,"Demand":3,"DemandMax":null,"Value":201},{"Length":69,"Height":3,"Demand":5,"DemandMax":null,"Value":207},{"Length":19,"Height":10,"Demand":5,"DemandMax":null,"Value":190},{"Length":135,"Height":1,"Demand":1,"DemandMax":null,"Value":135},{"Length":16,"Height":12,"Demand":3,"DemandMax":null,"Value":192},{"Length":46,"Height":4,"Demand":6,"DemandMax":null,"Value":184},{"Length":2,"Height":106,"Demand":1,"DemandMax":null,"Value":212},{"Length":4,"Height":45,"Demand":5,"DemandMax":null,"Value":180},{"Length":140,"Height":1,"Demand":1,"DemandMax":null,"Value":140},{"Length":11,"Height":19,"Demand":1,"DemandMax":null,"Value":209},{"Length":23,"Height":8,"Demand":8,"DemandMax":null,"Value":184},{"Length":6,"Height":31,"Demand":3,"DemandMax":null,"Value":186},{"Length":12,"Height":16,"Demand":2,"DemandMax":null,"Value":192},{"Length":27,"Height":7,"Demand":8,"DemandMax":null,"Value":189},{"Length":7,"Height":26,"Demand":4,"DemandMax":null,"Value":182},{"Length":56,"Height":3,"Demand":5,"DemandMax":null,"Value":168},{"Length":9,"Height":21,"Demand":9,"DemandMax":null,"Value":189},{"Length":6,"Height":30,"Demand":6,"DemandMax":null,"Value":180},{"Length":3,"Height":66,"Demand":4,"DemandMax":null,"Value":198},{"Length":13,"Height":15,"Demand":1,"DemandMax":null,"Value":195},{"Length":71,"Height":3,"Demand":2,"DemandMax":null,"Value":213},{"Length":4,"Height":43,"Demand":6,"DemandMax":null,"Value":172},{"Length":7,"Height":27,"Demand":1,"DemandMax":null,"Value":189},{"Length":32,"Height":6,"Demand":1,"DemandMax":null,"Value":192},{"Length":4,"Height":54,"Demand":1,"DemandMax":null,"Value":216},{"Length":35,"Height":5,"Demand":4,"DemandMax":null,"Value":175},{"Length":11,"Height":17,"Demand":6,"DemandMax":null,"Value":187},{"Length":2,"Height":123,"Demand":1,"DemandMax":null,"Value":246},{"Length":83,"Height":2,"Demand":3,"DemandMax":null,"Value":166},{"Length":10,"Height":18,"Demand":5,"DemandMax":null,"Value":180},{"Length":36,"Height":5,"Demand":9,"DemandMax":null,"Value":180},{"Length":18,"Height":10,"Demand":9,"DemandMax":null,"Value":180},{"Length":17,"Height":11,"Demand":6,"DemandMax":null,"Value":187},{"Length":29,"Height":6,"Demand":10,"DemandMax":null,"Value":174},{"Length":124,"Height":2,"Demand":1,"DemandMax":null,"Value":248},{"Length":30,"Height":6,"Demand":4,"DemandMax":null,"Value":180},{"Length":8,"Height":23,"Demand":6,"DemandMax":null,"Value":184},{"Length":4,"Height":52,"Demand":1,"DemandMax":null,"Value":208},{"Length":8,"Height":25,"Demand":2,"DemandMax":null,"Value":200},{"Length":9,"Height":20,"Demand":7,"DemandMax":null,"Value":180},{"Length":3,"Height":73,"Demand":1,"DemandMax":null,"Value":219},{"Length":129,"Height":1,"Demand":7,"DemandMax":null,"Value":129},{"Length":14,"Height":13,"Demand":6,"DemandMax":null,"Value":182},{"Length":4,"Height":50,"Demand":2,"DemandMax":null,"Value":200},{"Length":78,"Height":2,"Demand":4,"DemandMax":null,"Value":156},{"Length":4,"Height":42,"Demand":6,"DemandMax":null,"Value":168},{"Length":79,"Height":2,"Demand":2,"DemandMax":null,"Value":158},{"Length":5,"Height":36,"Demand":7,"DemandMax":null,"Value":180},{"Length":34,"Height":5,"Demand":10,"DemandMax":null,"Value":170},{"Length":22,"Height":8,"Demand":14,"DemandMax":null,"Value":176},{"Length":5,"Height":35,"Demand":7,"DemandMax":null,"Value":175},{"Length":43,"Height":4,"Demand":15,"DemandMax":null,"Value":172},{"Length":65,"Height":3,"Demand":2,"DemandMax":null,"Value":195},{"Length":48,"Height":4,"Demand":2,"DemandMax":null,"Value":192},{"Length":2,"Height":85,"Demand":5,"DemandMax":null,"Value":170},{"Length":2,"Height":81,"Demand":4,"DemandMax":null,"Value":162},{"Length":88,"Height":2,"Demand":1,"DemandMax":null,"Value":176},{"Length":15,"Height":12,"Demand":10,"DemandMax":null,"Value":180},{"Length":124,"Height":1,"Demand":2,"DemandMax":null,"Value":124},{"Length":34,"Height":6,"Demand":1,"DemandMax":null,"Value":204},{"Length":38,"Height":5,"Demand":3,"DemandMax":null,"Value":190},{"Length":13,"Height":14,"Demand":2,"DemandMax":null,"Value":182},{"Length":24,"Height":8,"Demand":3,"DemandMax":null,"Value":192},{"Length":111,"Height":2,"Demand":2,"DemandMax":null,"Value":222},{"Length":20,"Height":9,"Demand":8,"DemandMax":null,"Value":180},{"Length":3,"Height":59,"Demand":6,"DemandMax":null,"Value":177},{"Length":52,"Height":4,"Demand":1,"DemandMax":null,"Value":208},{"Length":8,"Height":22,"Demand":9,"DemandMax":null,"Value":176},{"Length":2,"Height":90,"Demand":1,"DemandMax":null,"Value":180},{"Length":21,"Height":9,"Demand":3,"DemandMax":null,"Value":189},{"Length":60,"Height":3,"Demand":7,"DemandMax":null,"Value":180},{"Length":133,"Height":1,"Demand":1,"DemandMax":null,"Value":133},{"Length":39,"Height":5,"Demand":1,"DemandMax":null,"Value":195},{"Length":3,"Height":61,"Demand":4,"DemandMax":null,"Value":183},{"Length":1,"Height":127,"Demand":4,"DemandMax":null,"Value":127},{"Length":3,"Height":53,"Demand":10,"DemandMax":null,"Value":159},{"Length":57,"Height":3,"Demand":5,"DemandMax":null,"Value":171},{"Length":76,"Height":2,"Demand":10,"DemandMax":null,"Value":152},{"Length":53,"Height":3,"Demand":11,"DemandMax":null,"Value":159},{"Length":11,"Height":16,"Demand":12,"DemandMax":null,"Value":176},{"Length":2,"Height":111,"Demand":1,"DemandMax":null,"Value":222},{"Length":104,"Height":2,"Demand":3,"DemandMax":null,"Value":208},{"Length":2,"Height":76,"Demand":6,"DemandMax":null,"Value":152},{"Length":7,"Height":25,"Demand":8,"DemandMax":null,"Value":175},{"Length":75,"Height":2,"Demand":7,"DemandMax":null,"Value":150},{"Length":12,"Height":15,"Demand":11,"DemandMax":null,"Value":180},{"Length":66,"Height":3,"Demand":4,"DemandMax":null,"Value":198},{"Length":40,"Height":5,"Demand":1,"DemandMax":null,"Value":200},{"Length":26,"Height":7,"Demand":6,"DemandMax":null,"Value":182},{"Length":3,"Height":55,"Demand":5,"DemandMax":null,"Value":165},{"Length":6,"Height":29,"Demand":9,"DemandMax":null,"Value":174},{"Length":3,"Height":70,"Demand":1,"DemandMax":null,"Value":210},{"Length":16,"Height":11,"Demand":3,"DemandMax":null,"Value":176},{"Length":25,"Height":7,"Demand":7,"DemandMax":null,"Value":175},{"Length":72,"Height":3,"Demand":1,"DemandMax":null,"Value":216},{"Length":42,"Height":4,"Demand":5,"DemandMax":null,"Value":168},{"Length":74,"Height":2,"Demand":7,"DemandMax":null,"Value":148},{"Length":9,"Height":19,"Demand":4,"DemandMax":null,"Value":171},{"Length":110,"Height":2,"Demand":1,"DemandMax":null,"Value":220},{"Length":7,"Height":24,"Demand":8,"DemandMax":null,"Value":168},{"Length":2,"Height":83,"Demand":6,"DemandMax":null,"Value":166},{"Length":3,"Height":72,"Demand":1,"DemandMax":null,"Value":216},{"Length":2,"Height":73,"Demand":16,"DemandMax":null,"Value":146},{"Length":2,"Height":78,"Demand":7,"DemandMax":null,"Value":156},{"Length":10,"Height":17,"Demand":12,"DemandMax":null,"Value":170},{"Length":2,"Height":75,"Demand":8,"DemandMax":null,"Value":150},{"Length":27,"Height":6,"Demand":7,"DemandMax":null,"Value":162},{"Length":6,"Height":28,"Demand":7,"DemandMax":null,"Value":168},{"Length":19,"Height":9,"Demand":6,"DemandMax":null,"Value":171},{"Length":2,"Height":71,"Demand":10,"DemandMax":null,"Value":142},{"Length":109,"Height":2,"Demand":1,"DemandMax":null,"Value":218},{"Length":5,"Height":32,"Demand":11,"DemandMax":null,"Value":160},{"Length":4,"Height":44,"Demand":6,"DemandMax":null,"Value":176},{"Length":2,"Height":79,"Demand":14,"DemandMax":null,"Value":158},{"Length":13,"Height":13,"Demand":10,"DemandMax":null,"Value":169},{"Length":3,"Height":52,"Demand":6,"DemandMax":null,"Value":156},{"Length":73,"Height":2,"Demand":11,"DemandMax":null,"Value":146},{"Length":28,"Height":6,"Demand":7,"DemandMax":null,"Value":168},{"Length":4,"Height":48,"Demand":3,"DemandMax":null,"Value":192},{"Length":5,"Height":34,"Demand":5,"DemandMax":null,"Value":170},{"Length":23,"Height":7,"Demand":13,"DemandMax":null,"Value":161},{"Length":3,"Height":58,"Demand":3,"DemandMax":null,"Value":174},{"Length":82,"Height":2,"Demand":3,"DemandMax":null,"Value":164},{"Length":24,"Height":7,"Demand":8,"DemandMax":null,"Value":168},{"Length":7,"Height":23,"Demand":9,"DemandMax":null,"Value":161},{"Length":39,"Height":4,"Demand":7,"DemandMax":null,"Value":156},{"Length":3,"Height":60,"Demand":3,"DemandMax":null,"Value":180},{"Length":77,"Height":2,"Demand":7,"DemandMax":null,"Value":154},{"Length":17,"Height":10,"Demand":8,"DemandMax":null,"Value":170},{"Length":4,"Height":39,"Demand":7,"DemandMax":null,"Value":156},{"Length":131,"Height":1,"Demand":1,"DemandMax":null,"Value":131},{"Length":51,"Height":3,"Demand":10,"DemandMax":null,"Value":153},{"Length":114,"Height":2,"Demand":1,"DemandMax":null,"Value":228},{"Length":8,"Height":21,"Demand":10,"DemandMax":null,"Value":168},{"Length":84,"Height":2,"Demand":2,"DemandMax":null,"Value":168},{"Length":2,"Height":74,"Demand":6,"DemandMax":null,"Value":148},{"Length":54,"Height":3,"Demand":6,"DemandMax":null,"Value":162},{"Length":1,"Height":129,"Demand":1,"DemandMax":null,"Value":129},{"Length":12,"Height":14,"Demand":3,"DemandMax":null,"Value":168},{"Length":121,"Height":1,"Demand":2,"DemandMax":null,"Value":121},{"Length":4,"Height":49,"Demand":1,"DemandMax":null,"Value":196},{"Length":18,"Height":9,"Demand":13,"DemandMax":null,"Value":162},{"Length":2,"Height":95,"Demand":3,"DemandMax":null,"Value":190},{"Length":3,"Height":51,"Demand":6,"DemandMax":null,"Value":153},{"Length":9,"Height":18,"Demand":10,"DemandMax":null,"Value":162},{"Length":11,"Height":15,"Demand":13,"DemandMax":null,"Value":165},{"Length":55,"Height":3,"Demand":6,"DemandMax":null,"Value":165},{"Length":14,"Height":12,"Demand":5,"DemandMax":null,"Value":168},{"Length":6,"Height":27,"Demand":6,"DemandMax":null,"Value":162},{"Length":20,"Height":8,"Demand":12,"DemandMax":null,"Value":160},{"Length":3,"Height":54,"Demand":7,"DemandMax":null,"Value":162},{"Length":2,"Height":69,"Demand":7,"DemandMax":null,"Value":138},{"Length":50,"Height":3,"Demand":11,"DemandMax":null,"Value":150},{"Length":3,"Height":56,"Demand":6,"DemandMax":null,"Value":168},{"Length":123,"Height":1,"Demand":3,"DemandMax":null,"Value":123},{"Length":16,"Height":10,"Demand":7,"DemandMax":null,"Value":160},{"Length":49,"Height":3,"Demand":13,"DemandMax":null,"Value":147},{"Length":52,"Height":3,"Demand":5,"DemandMax":null,"Value":156},{"Length":93,"Height":2,"Demand":1,"DemandMax":null,"Value":186},{"Length":2,"Height":84,"Demand":4,"DemandMax":null,"Value":168},{"Length":69,"Height":2,"Demand":8,"DemandMax":null,"Value":138},{"Length":2,"Height":72,"Demand":5,"DemandMax":null,"Value":144},{"Length":4,"Height":38,"Demand":7,"DemandMax":null,"Value":152},{"Length":26,"Height":6,"Demand":6,"DemandMax":null,"Value":156},{"Length":127,"Height":1,"Demand":4,"DemandMax":null,"Value":127},{"Length":86,"Height":2,"Demand":6,"DemandMax":null,"Value":172},{"Length":118,"Height":1,"Demand":1,"DemandMax":null,"Value":118},{"Length":40,"Height":4,"Demand":5,"DemandMax":null,"Value":160},{"Length":4,"Height":40,"Demand":8,"DemandMax":null,"Value":160},{"Length":4,"Height":41,"Demand":6,"DemandMax":null,"Value":164},{"Length":32,"Height":5,"Demand":5,"DemandMax":null,"Value":160},{"Length":1,"Height":124,"Demand":1,"DemandMax":null,"Value":124},{"Length":31,"Height":5,"Demand":5,"DemandMax":null,"Value":155},{"Length":21,"Height":8,"Demand":4,"DemandMax":null,"Value":168},{"Length":8,"Height":20,"Demand":5,"DemandMax":null,"Value":160},{"Length":48,"Height":3,"Demand":4,"DemandMax":null,"Value":144},{"Length":6,"Height":26,"Demand":9,"DemandMax":null,"Value":156},{"Length":3,"Height":50,"Demand":7,"DemandMax":null,"Value":150},{"Length":112,"Height":1,"Demand":2,"DemandMax":null,"Value":112},{"Length":1,"Height":123,"Demand":1,"DemandMax":null,"Value":123},{"Length":15,"Height":11,"Demand":9,"DemandMax":null,"Value":165},{"Length":3,"Height":49,"Demand":4,"DemandMax":null,"Value":147},{"Length":2,"Height":67,"Demand":11,"DemandMax":null,"Value":134},{"Length":117,"Height":1,"Demand":5,"DemandMax":null,"Value":117},{"Length":3,"Height":57,"Demand":1,"DemandMax":null,"Value":171},{"Length":2,"Height":102,"Demand":1,"DemandMax":null,"Value":204},{"Length":37,"Height":4,"Demand":9,"DemandMax":null,"Value":148},{"Length":10,"Height":16,"Demand":13,"DemandMax":null,"Value":160},{"Length":11,"Height":14,"Demand":8,"DemandMax":null,"Value":154},{"Length":98,"Height":2,"Demand":2,"DemandMax":null,"Value":196},{"Length":13,"Height":12,"Demand":6,"DemandMax":null,"Value":156},{"Length":44,"Height":4,"Demand":4,"DemandMax":null,"Value":176},{"Length":12,"Height":13,"Demand":7,"DemandMax":null,"Value":156},{"Length":2,"Height":86,"Demand":1,"DemandMax":null,"Value":172},{"Length":30,"Height":5,"Demand":11,"DemandMax":null,"Value":150},{"Length":1,"Height":119,"Demand":1,"DemandMax":null,"Value":119},{"Length":7,"Height":22,"Demand":13,"DemandMax":null,"Value":154},{"Length":113,"Height":1,"Demand":4,"DemandMax":null,"Value":113},{"Length":5,"Height":31,"Demand":4,"DemandMax":null,"Value":155},{"Length":6,"Height":25,"Demand":5,"DemandMax":null,"Value":150},{"Length":3,"Height":47,"Demand":9,"DemandMax":null,"Value":141},{"Length":2,"Height":66,"Demand":13,"DemandMax":null,"Value":132},{"Length":4,"Height":37,"Demand":10,"DemandMax":null,"Value":148},{"Length":111,"Height":1,"Demand":3,"DemandMax":null,"Value":111},{"Length":9,"Height":17,"Demand":7,"DemandMax":null,"Value":153},{"Length":17,"Height":9,"Demand":7,"DemandMax":null,"Value":153},{"Length":2,"Height":68,"Demand":7,"DemandMax":null,"Value":136},{"Length":2,"Height":70,"Demand":6,"DemandMax":null,"Value":140},{"Length":41,"Height":4,"Demand":5,"DemandMax":null,"Value":164},{"Length":33,"Height":5,"Demand":6,"DemandMax":null,"Value":165},{"Length":96,"Height":2,"Demand":1,"DemandMax":null,"Value":192},{"Length":66,"Height":2,"Demand":9,"DemandMax":null,"Value":132},{"Length":94,"Height":2,"Demand":3,"DemandMax":null,"Value":188},{"Length":5,"Height":30,"Demand":2,"DemandMax":null,"Value":150},{"Length":29,"Height":5,"Demand":10,"DemandMax":null,"Value":145},{"Length":1,"Height":111,"Demand":2,"DemandMax":null,"Value":111},{"Length":4,"Height":36,"Demand":7,"DemandMax":null,"Value":144},{"Length":38,"Height":4,"Demand":7,"DemandMax":null,"Value":152},{"Length":47,"Height":3,"Demand":16,"DemandMax":null,"Value":141},{"Length":1,"Height":108,"Demand":2,"DemandMax":null,"Value":108},{"Length":14,"Height":11,"Demand":12,"DemandMax":null,"Value":154},{"Length":1,"Height":106,"Demand":2,"DemandMax":null,"Value":106},{"Length":2,"Height":65,"Demand":2,"DemandMax":null,"Value":130},{"Length":19,"Height":8,"Demand":10,"DemandMax":null,"Value":152},{"Length":116,"Height":1,"Demand":1,"DemandMax":null,"Value":116},{"Length":65,"Height":2,"Demand":14,"DemandMax":null,"Value":130},{"Length":10,"Height":15,"Demand":11,"DemandMax":null,"Value":150},{"Length":3,"Height":45,"Demand":10,"DemandMax":null,"Value":135},{"Length":22,"Height":7,"Demand":8,"DemandMax":null,"Value":154},{"Length":46,"Height":3,"Demand":5,"DemandMax":null,"Value":138},{"Length":70,"Height":2,"Demand":7,"DemandMax":null,"Value":140},{"Length":45,"Height":3,"Demand":10,"DemandMax":null,"Value":135},{"Length":36,"Height":4,"Demand":11,"DemandMax":null,"Value":144},{"Length":8,"Height":19,"Demand":5,"DemandMax":null,"Value":152},{"Length":6,"Height":24,"Demand":8,"DemandMax":null,"Value":144},{"Length":68,"Height":2,"Demand":15,"DemandMax":null,"Value":136},{"Length":7,"Height":21,"Demand":10,"DemandMax":null,"Value":147},{"Length":15,"Height":10,"Demand":10,"DemandMax":null,"Value":150},{"Length":2,"Height":77,"Demand":1,"DemandMax":null,"Value":154},{"Length":115,"Height":1,"Demand":1,"DemandMax":null,"Value":115},{"Length":87,"Height":2,"Demand":1,"DemandMax":null,"Value":174},{"Length":2,"Height":64,"Demand":14,"DemandMax":null,"Value":128},{"Length":120,"Height":1,"Demand":4,"DemandMax":null,"Value":120},{"Length":3,"Height":46,"Demand":8,"DemandMax":null,"Value":138},{"Length":35,"Height":4,"Demand":8,"DemandMax":null,"Value":140},{"Length":12,"Height":12,"Demand":6,"DemandMax":null,"Value":144},{"Length":9,"Height":16,"Demand":8,"DemandMax":null,"Value":144},{"Length":24,"Height":6,"Demand":5,"DemandMax":null,"Value":144},{"Length":1,"Height":103,"Demand":7,"DemandMax":null,"Value":103},{"Length":102,"Height":1,"Demand":6,"DemandMax":null,"Value":102},{"Length":21,"Height":7,"Demand":9,"DemandMax":null,"Value":147},{"Length":1,"Height":110,"Demand":3,"DemandMax":null,"Value":110},{"Length":13,"Height":11,"Demand":7,"DemandMax":null,"Value":143},{"Length":18,"Height":8,"Demand":8,"DemandMax":null,"Value":144},{"Length":5,"Height":29,"Demand":10,"DemandMax":null,"Value":145},{"Length":23,"Height":6,"Demand":16,"DemandMax":null,"Value":138},{"Length":34,"Height":4,"Demand":19,"DemandMax":null,"Value":136},{"Length":3,"Height":48,"Demand":4,"DemandMax":null,"Value":144},{"Length":25,"Height":6,"Demand":2,"DemandMax":null,"Value":150},{"Length":7,"Height":20,"Demand":13,"DemandMax":null,"Value":140},{"Length":8,"Height":18,"Demand":8,"DemandMax":null,"Value":144},{"Length":4,"Height":35,"Demand":14,"DemandMax":null,"Value":140},{"Length":14,"Height":10,"Demand":17,"DemandMax":null,"Value":140},{"Length":4,"Height":34,"Demand":11,"DemandMax":null,"Value":136},{"Length":16,"Height":9,"Demand":17,"DemandMax":null,"Value":144},{"Length":64,"Height":2,"Demand":12,"DemandMax":null,"Value":128},{"Length":28,"Height":5,"Demand":9,"DemandMax":null,"Value":140},{"Length":3,"Height":44,"Demand":11,"DemandMax":null,"Value":132},{"Length":5,"Height":27,"Demand":9,"DemandMax":null,"Value":135},{"Length":20,"Height":7,"Demand":5,"DemandMax":null,"Value":140},{"Length":106,"Height":1,"Demand":2,"DemandMax":null,"Value":106},{"Length":2,"Height":82,"Demand":2,"DemandMax":null,"Value":164},{"Length":1,"Height":115,"Demand":2,"DemandMax":null,"Value":115},{"Length":2,"Height":89,"Demand":2,"DemandMax":null,"Value":178},{"Length":63,"Height":2,"Demand":12,"DemandMax":null,"Value":126},{"Length":67,"Height":2,"Demand":6,"DemandMax":null,"Value":134},{"Length":10,"Height":14,"Demand":7,"DemandMax":null,"Value":140},{"Length":43,"Height":3,"Demand":22,"DemandMax":null,"Value":129},{"Length":98,"Height":1,"Demand":2,"DemandMax":null,"Value":98},{"Length":2,"Height":61,"Demand":7,"DemandMax":null,"Value":122},{"Length":6,"Height":23,"Demand":14,"DemandMax":null,"Value":138},{"Length":2,"Height":58,"Demand":15,"DemandMax":null,"Value":116},{"Length":8,"Height":17,"Demand":8,"DemandMax":null,"Value":136},{"Length":2,"Height":62,"Demand":5,"DemandMax":null,"Value":124},{"Length":11,"Height":13,"Demand":4,"DemandMax":null,"Value":143},{"Length":27,"Height":5,"Demand":12,"DemandMax":null,"Value":135},{"Length":7,"Height":19,"Demand":7,"DemandMax":null,"Value":133},{"Length":42,"Height":3,"Demand":8,"DemandMax":null,"Value":126},{"Length":61,"Height":2,"Demand":4,"DemandMax":null,"Value":122},{"Length":58,"Height":2,"Demand":6,"DemandMax":null,"Value":116},{"Length":44,"Height":3,"Demand":6,"DemandMax":null,"Value":132},{"Length":5,"Height":28,"Demand":2,"DemandMax":null,"Value":140},{"Length":3,"Height":43,"Demand":12,"DemandMax":null,"Value":129},{"Length":17,"Height":8,"Demand":16,"DemandMax":null,"Value":136},{"Length":95,"Height":1,"Demand":3,"DemandMax":null,"Value":95},{"Length":4,"Height":33,"Demand":3,"DemandMax":null,"Value":132},{"Length":33,"Height":4,"Demand":12,"DemandMax":null,"Value":132},{"Length":3,"Height":41,"Demand":15,"DemandMax":null,"Value":123},{"Length":62,"Height":2,"Demand":6,"DemandMax":null,"Value":124},{"Length":81,"Height":2,"Demand":4,"DemandMax":null,"Value":162},{"Length":41,"Height":3,"Demand":8,"DemandMax":null,"Value":123},{"Length":72,"Height":2,"Demand":1,"DemandMax":null,"Value":144},{"Length":32,"Height":4,"Demand":6,"DemandMax":null,"Value":128},{"Length":6,"Height":22,"Demand":14,"DemandMax":null,"Value":132},{"Length":26,"Height":5,"Demand":7,"DemandMax":null,"Value":130},{"Length":1,"Height":118,"Demand":1,"DemandMax":null,"Value":118},{"Length":11,"Height":12,"Demand":9,"DemandMax":null,"Value":132},{"Length":57,"Height":2,"Demand":9,"DemandMax":null,"Value":114},{"Length":15,"Height":9,"Demand":10,"DemandMax":null,"Value":135},{"Length":97,"Height":1,"Demand":5,"DemandMax":null,"Value":97},{"Length":3,"Height":42,"Demand":12,"DemandMax":null,"Value":126},{"Length":5,"Height":26,"Demand":7,"DemandMax":null,"Value":130},{"Length":13,"Height":10,"Demand":14,"DemandMax":null,"Value":130},{"Length":2,"Height":59,"Demand":6,"DemandMax":null,"Value":118},{"Length":22,"Height":6,"Demand":7,"DemandMax":null,"Value":132},{"Length":21,"Height":6,"Demand":12,"DemandMax":null,"Value":126},{"Length":1,"Height":117,"Demand":1,"DemandMax":null,"Value":117},{"Length":12,"Height":11,"Demand":7,"DemandMax":null,"Value":132},{"Length":19,"Height":7,"Demand":6,"DemandMax":null,"Value":133},{"Length":59,"Height":2,"Demand":12,"DemandMax":null,"Value":118},{"Length":16,"Height":8,"Demand":8,"DemandMax":null,"Value":128},{"Length":104,"Height":1,"Demand":2,"DemandMax":null,"Value":104},{"Length":31,"Height":4,"Demand":10,"DemandMax":null,"Value":124},{"Length":2,"Height":60,"Demand":7,"DemandMax":null,"Value":120},{"Length":2,"Height":57,"Demand":7,"DemandMax":null,"Value":114},{"Length":9,"Height":15,"Demand":6,"DemandMax":null,"Value":135},{"Length":1,"Height":98,"Demand":3,"DemandMax":null,"Value":98},{"Length":56,"Height":2,"Demand":10,"DemandMax":null,"Value":112},{"Length":71,"Height":2,"Demand":1,"DemandMax":null,"Value":142},{"Length":25,"Height":5,"Demand":13,"DemandMax":null,"Value":125},{"Length":1,"Height":114,"Demand":1,"DemandMax":null,"Value":114},{"Length":1,"Height":94,"Demand":6,"DemandMax":null,"Value":94},{"Length":6,"Height":21,"Demand":22,"DemandMax":null,"Value":126},{"Length":3,"Height":40,"Demand":18,"DemandMax":null,"Value":120},{"Length":2,"Height":54,"Demand":7,"DemandMax":null,"Value":108},{"Length":30,"Height":4,"Demand":13,"DemandMax":null,"Value":120},{"Length":60,"Height":2,"Demand":7,"DemandMax":null,"Value":120},{"Length":91,"Height":1,"Demand":10,"DemandMax":null,"Value":91},{"Length":7,"Height":18,"Demand":5,"DemandMax":null,"Value":126},{"Length":40,"Height":3,"Demand":9,"DemandMax":null,"Value":120},{"Length":114,"Height":1,"Demand":1,"DemandMax":null,"Value":114},{"Length":10,"Height":13,"Demand":12,"DemandMax":null,"Value":130},{"Length":8,"Height":16,"Demand":14,"DemandMax":null,"Value":128},{"Length":1,"Height":95,"Demand":3,"DemandMax":null,"Value":95},{"Length":9,"Height":14,"Demand":8,"DemandMax":null,"Value":126},{"Length":2,"Height":55,"Demand":7,"DemandMax":null,"Value":110},{"Length":5,"Height":24,"Demand":11,"DemandMax":null,"Value":120},{"Length":4,"Height":30,"Demand":11,"DemandMax":null,"Value":120},{"Length":39,"Height":3,"Demand":12,"DemandMax":null,"Value":117},{"Length":53,"Height":2,"Demand":14,"DemandMax":null,"Value":106},{"Length":18,"Height":7,"Demand":10,"DemandMax":null,"Value":126},{"Length":3,"Height":39,"Demand":13,"DemandMax":null,"Value":117},{"Length":3,"Height":38,"Demand":12,"DemandMax":null,"Value":114},{"Length":5,"Height":25,"Demand":6,"DemandMax":null,"Value":125},{"Length":14,"Height":9,"Demand":8,"DemandMax":null,"Value":126},{"Length":15,"Height":8,"Demand":18,"DemandMax":null,"Value":120},{"Length":29,"Height":4,"Demand":12,"DemandMax":null,"Value":116},{"Length":6,"Height":20,"Demand":10,"DemandMax":null,"Value":120},{"Length":20,"Height":6,"Demand":10,"DemandMax":null,"Value":120},{"Length":17,"Height":7,"Demand":18,"DemandMax":null,"Value":119},{"Length":4,"Height":32,"Demand":7,"DemandMax":null,"Value":128},{"Length":4,"Height":31,"Demand":4,"DemandMax":null,"Value":124},{"Length":38,"Height":3,"Demand":12,"DemandMax":null,"Value":114},{"Length":54,"Height":2,"Demand":8,"DemandMax":null,"Value":108},{"Length":2,"Height":53,"Demand":9,"DemandMax":null,"Value":106},{"Length":2,"Height":56,"Demand":8,"DemandMax":null,"Value":112},{"Length":2,"Height":63,"Demand":2,"DemandMax":null,"Value":126},{"Length":52,"Height":2,"Demand":12,"DemandMax":null,"Value":104},{"Length":96,"Height":1,"Demand":2,"DemandMax":null,"Value":96},{"Length":12,"Height":10,"Demand":12,"DemandMax":null,"Value":120},{"Length":1,"Height":85,"Demand":5,"DemandMax":null,"Value":85},{"Length":4,"Height":28,"Demand":12,"DemandMax":null,"Value":112},{"Length":101,"Height":1,"Demand":3,"DemandMax":null,"Value":101},{"Length":5,"Height":23,"Demand":13,"DemandMax":null,"Value":115},{"Length":24,"Height":5,"Demand":6,"DemandMax":null,"Value":120},{"Length":11,"Height":11,"Demand":15,"DemandMax":null,"Value":121},{"Length":23,"Height":5,"Demand":16,"DemandMax":null,"Value":115},{"Length":89,"Height":1,"Demand":1,"DemandMax":null,"Value":89},{"Length":3,"Height":36,"Demand":23,"DemandMax":null,"Value":108},{"Length":8,"Height":15,"Demand":7,"DemandMax":null,"Value":120},{"Length":10,"Height":12,"Demand":14,"DemandMax":null,"Value":120},{"Length":1,"Height":88,"Demand":2,"DemandMax":null,"Value":88},{"Length":7,"Height":17,"Demand":12,"DemandMax":null,"Value":119},{"Length":51,"Height":2,"Demand":13,"DemandMax":null,"Value":102},{"Length":19,"Height":6,"Demand":17,"DemandMax":null,"Value":114},{"Length":37,"Height":3,"Demand":9,"DemandMax":null,"Value":111},{"Length":55,"Height":2,"Demand":9,"DemandMax":null,"Value":110},{"Length":94,"Height":1,"Demand":1,"DemandMax":null,"Value":94},{"Length":2,"Height":51,"Demand":8,"DemandMax":null,"Value":102},{"Length":2,"Height":52,"Demand":6,"DemandMax":null,"Value":104},{"Length":50,"Height":2,"Demand":8,"DemandMax":null,"Value":100},{"Length":3,"Height":37,"Demand":15,"DemandMax":null,"Value":111},{"Length":9,"Height":13,"Demand":11,"DemandMax":null,"Value":117},{"Length":6,"Height":19,"Demand":17,"DemandMax":null,"Value":114},{"Length":13,"Height":9,"Demand":10,"DemandMax":null,"Value":117},{"Length":7,"Height":16,"Demand":12,"DemandMax":null,"Value":112},{"Length":2,"Height":50,"Demand":9,"DemandMax":null,"Value":100},{"Length":28,"Height":4,"Demand":16,"DemandMax":null,"Value":112},{"Length":14,"Height":8,"Demand":11,"DemandMax":null,"Value":112},{"Length":36,"Height":3,"Demand":15,"DemandMax":null,"Value":108},{"Length":16,"Height":7,"Demand":19,"DemandMax":null,"Value":112},{"Length":8,"Height":14,"Demand":11,"DemandMax":null,"Value":112},{"Length":48,"Height":2,"Demand":5,"DemandMax":null,"Value":96},{"Length":81,"Height":1,"Demand":3,"DemandMax":null,"Value":81},{"Length":5,"Height":22,"Demand":25,"DemandMax":null,"Value":110},{"Length":35,"Height":3,"Demand":7,"DemandMax":null,"Value":105},{"Length":1,"Height":100,"Demand":2,"DemandMax":null,"Value":100},{"Length":3,"Height":35,"Demand":12,"DemandMax":null,"Value":105},{"Length":6,"Height":18,"Demand":19,"DemandMax":null,"Value":108},{"Length":4,"Height":26,"Demand":11,"DemandMax":null,"Value":104},{"Length":105,"Height":1,"Demand":1,"DemandMax":null,"Value":105},{"Length":3,"Height":34,"Demand":17,"DemandMax":null,"Value":102},{"Length":4,"Height":27,"Demand":12,"DemandMax":null,"Value":108},{"Length":1,"Height":87,"Demand":4,"DemandMax":null,"Value":87},{"Length":9,"Height":12,"Demand":18,"DemandMax":null,"Value":108},{"Length":108,"Height":1,"Demand":1,"DemandMax":null,"Value":108},{"Length":18,"Height":6,"Demand":13,"DemandMax":null,"Value":108},{"Length":11,"Height":10,"Demand":21,"DemandMax":null,"Value":110},{"Length":2,"Height":48,"Demand":8,"DemandMax":null,"Value":96},{"Length":27,"Height":4,"Demand":12,"DemandMax":null,"Value":108},{"Length":1,"Height":89,"Demand":6,"DemandMax":null,"Value":89},{"Length":49,"Height":2,"Demand":23,"DemandMax":null,"Value":98},{"Length":12,"Height":9,"Demand":13,"DemandMax":null,"Value":108},{"Length":26,"Height":4,"Demand":10,"DemandMax":null,"Value":104},{"Length":21,"Height":5,"Demand":17,"DemandMax":null,"Value":105},{"Length":1,"Height":78,"Demand":6,"DemandMax":null,"Value":78},{"Length":10,"Height":11,"Demand":15,"DemandMax":null,"Value":110},{"Length":34,"Height":3,"Demand":6,"DemandMax":null,"Value":102},{"Length":5,"Height":21,"Demand":20,"DemandMax":null,"Value":105},{"Length":85,"Height":1,"Demand":4,"DemandMax":null,"Value":85},{"Length":2,"Height":47,"Demand":6,"DemandMax":null,"Value":94},{"Length":2,"Height":46,"Demand":8,"DemandMax":null,"Value":92},{"Length":7,"Height":15,"Demand":12,"DemandMax":null,"Value":105},{"Length":3,"Height":33,"Demand":9,"DemandMax":null,"Value":99},{"Length":22,"Height":5,"Demand":9,"DemandMax":null,"Value":110},{"Length":1,"Height":79,"Demand":3,"DemandMax":null,"Value":79},{"Length":3,"Height":32,"Demand":7,"DemandMax":null,"Value":96},{"Length":47,"Height":2,"Demand":8,"DemandMax":null,"Value":94},{"Length":2,"Height":45,"Demand":7,"DemandMax":null,"Value":90},{"Length":45,"Height":2,"Demand":4,"DemandMax":null,"Value":90},{"Length":8,"Height":13,"Demand":12,"DemandMax":null,"Value":104},{"Length":5,"Height":20,"Demand":16,"DemandMax":null,"Value":100},{"Length":20,"Height":5,"Demand":12,"DemandMax":null,"Value":100},{"Length":15,"Height":7,"Demand":15,"DemandMax":null,"Value":105},{"Length":17,"Height":6,"Demand":19,"DemandMax":null,"Value":102},{"Length":25,"Height":4,"Demand":7,"DemandMax":null,"Value":100},{"Length":1,"Height":104,"Demand":1,"DemandMax":null,"Value":104},{"Length":84,"Height":1,"Demand":3,"DemandMax":null,"Value":84},{"Length":13,"Height":8,"Demand":20,"DemandMax":null,"Value":104},{"Length":4,"Height":25,"Demand":10,"DemandMax":null,"Value":100},{"Length":33,"Height":3,"Demand":5,"DemandMax":null,"Value":99},{"Length":2,"Height":49,"Demand":5,"DemandMax":null,"Value":98},{"Length":1,"Height":91,"Demand":3,"DemandMax":null,"Value":91},{"Length":44,"Height":2,"Demand":2,"DemandMax":null,"Value":88},{"Length":1,"Height":92,"Demand":2,"DemandMax":null,"Value":92},{"Length":3,"Height":31,"Demand":5,"DemandMax":null,"Value":93},{"Length":82,"Height":1,"Demand":6,"DemandMax":null,"Value":82},{"Length":31,"Height":3,"Demand":6,"DemandMax":null,"Value":93},{"Length":1,"Height":99,"Demand":1,"DemandMax":null,"Value":99},{"Length":1,"Height":102,"Demand":1,"DemandMax":null,"Value":102},{"Length":77,"Height":1,"Demand":1,"DemandMax":null,"Value":77},{"Length":1,"Height":73,"Demand":3,"DemandMax":null,"Value":73},{"Length":1,"Height":75,"Demand":1,"DemandMax":null,"Value":75},{"Length":1,"Height":84,"Demand":2,"DemandMax":null,"Value":84},{"Length":1,"Height":81,"Demand":1,"DemandMax":null,"Value":81},{"Length":32,"Height":3,"Demand":10,"DemandMax":null,"Value":96},{"Length":1,"Height":72,"Demand":2,"DemandMax":null,"Value":72},{"Length":11,"Height":9,"Demand":14,"DemandMax":null,"Value":99},{"Length":79,"Height":1,"Demand":5,"DemandMax":null,"Value":79},{"Length":1,"Height":74,"Demand":3,"DemandMax":null,"Value":74},{"Length":7,"Height":14,"Demand":14,"DemandMax":null,"Value":98},{"Length":43,"Height":2,"Demand":6,"DemandMax":null,"Value":86},{"Length":72,"Height":1,"Demand":1,"DemandMax":null,"Value":72},{"Length":10,"Height":10,"Demand":10,"DemandMax":null,"Value":100},{"Length":14,"Height":7,"Demand":4,"DemandMax":null,"Value":98},{"Length":2,"Height":43,"Demand":2,"DemandMax":null,"Value":86},{"Length":9,"Height":11,"Demand":8,"DemandMax":null,"Value":99},{"Length":4,"Height":29,"Demand":1,"DemandMax":null,"Value":116},{"Length":24,"Height":4,"Demand":4,"DemandMax":null,"Value":96},{"Length":2,"Height":42,"Demand":2,"DemandMax":null,"Value":84},{"Length":70,"Height":1,"Demand":3,"DemandMax":null,"Value":70},{"Length":12,"Height":8,"Demand":9,"DemandMax":null,"Value":96},{"Length":1,"Height":71,"Demand":2,"DemandMax":null,"Value":71},{"Length":1,"Height":101,"Demand":1,"DemandMax":null,"Value":101},{"Length":19,"Height":5,"Demand":7,"DemandMax":null,"Value":95},{"Length":2,"Height":44,"Demand":6,"DemandMax":null,"Value":88},{"Length":1,"Height":83,"Demand":2,"DemandMax":null,"Value":83},{"Length":16,"Height":6,"Demand":12,"DemandMax":null,"Value":96},{"Length":6,"Height":16,"Demand":16,"DemandMax":null,"Value":96},{"Length":4,"Height":23,"Demand":4,"DemandMax":null,"Value":92},{"Length":5,"Height":19,"Demand":7,"DemandMax":null,"Value":95},{"Length":23,"Height":4,"Demand":9,"DemandMax":null,"Value":92},{"Length":6,"Height":17,"Demand":5,"DemandMax":null,"Value":102},{"Length":73,"Height":1,"Demand":4,"DemandMax":null,"Value":73},{"Length":42,"Height":2,"Demand":7,"DemandMax":null,"Value":84},{"Length":80,"Height":1,"Demand":3,"DemandMax":null,"Value":80},{"Length":3,"Height":30,"Demand":2,"DemandMax":null,"Value":90},{"Length":1,"Height":93,"Demand":2,"DemandMax":null,"Value":93},{"Length":5,"Height":18,"Demand":9,"DemandMax":null,"Value":90},{"Length":1,"Height":90,"Demand":3,"DemandMax":null,"Value":90},{"Length":69,"Height":1,"Demand":7,"DemandMax":null,"Value":69},{"Length":7,"Height":13,"Demand":6,"DemandMax":null,"Value":91},{"Length":29,"Height":3,"Demand":3,"DemandMax":null,"Value":87},{"Length":46,"Height":2,"Demand":2,"DemandMax":null,"Value":92},{"Length":68,"Height":1,"Demand":1,"DemandMax":null,"Value":68},{"Length":8,"Height":12,"Demand":6,"DemandMax":null,"Value":96},{"Length":40,"Height":2,"Demand":2,"DemandMax":null,"Value":80},{"Length":2,"Height":41,"Demand":2,"DemandMax":null,"Value":82},{"Length":30,"Height":3,"Demand":4,"DemandMax":null,"Value":90},{"Length":1,"Height":68,"Demand":2,"DemandMax":null,"Value":68},{"Length":4,"Height":22,"Demand":8,"DemandMax":null,"Value":88},{"Length":90,"Height":1,"Demand":1,"DemandMax":null,"Value":90},{"Length":18,"Height":5,"Demand":1,"DemandMax":null,"Value":90},{"Length":10,"Height":9,"Demand":7,"DemandMax":null,"Value":90},{"Length":15,"Height":6,"Demand":8,"DemandMax":null,"Value":90},{"Length":13,"Height":7,"Demand":10,"DemandMax":null,"Value":91},{"Length":92,"Height":1,"Demand":1,"DemandMax":null,"Value":92},{"Length":65,"Height":1,"Demand":4,"DemandMax":null,"Value":65},{"Length":22,"Height":4,"Demand":7,"DemandMax":null,"Value":88},{"Length":86,"Height":1,"Demand":2,"DemandMax":null,"Value":86},{"Length":39,"Height":2,"Demand":1,"DemandMax":null,"Value":78},{"Length":3,"Height":29,"Demand":3,"DemandMax":null,"Value":87},{"Length":28,"Height":3,"Demand":5,"DemandMax":null,"Value":84},{"Length":9,"Height":10,"Demand":5,"DemandMax":null,"Value":90},{"Length":8,"Height":11,"Demand":7,"DemandMax":null,"Value":88},{"Length":76,"Height":1,"Demand":1,"DemandMax":null,"Value":76},{"Length":1,"Height":67,"Demand":2,"DemandMax":null,"Value":67},{"Length":4,"Height":24,"Demand":4,"DemandMax":null,"Value":96},{"Length":5,"Height":17,"Demand":5,"DemandMax":null,"Value":85},{"Length":1,"Height":66,"Demand":1,"DemandMax":null,"Value":66},{"Length":2,"Height":40,"Demand":4,"DemandMax":null,"Value":80},{"Length":88,"Height":1,"Demand":1,"DemandMax":null,"Value":88},{"Length":6,"Height":15,"Demand":6,"DemandMax":null,"Value":90},{"Length":11,"Height":8,"Demand":10,"DemandMax":null,"Value":88},{"Length":66,"Height":1,"Demand":1,"DemandMax":null,"Value":66},{"Length":2,"Height":39,"Demand":1,"DemandMax":null,"Value":78},{"Length":1,"Height":64,"Demand":1,"DemandMax":null,"Value":64},{"Length":3,"Height":27,"Demand":3,"DemandMax":null,"Value":81},{"Length":41,"Height":2,"Demand":2,"DemandMax":null,"Value":82},{"Length":17,"Height":5,"Demand":1,"DemandMax":null,"Value":85},{"Length":3,"Height":28,"Demand":3,"DemandMax":null,"Value":84},{"Length":64,"Height":1,"Demand":2,"DemandMax":null,"Value":64},{"Length":4,"Height":20,"Demand":1,"DemandMax":null,"Value":80},{"Length":63,"Height":1,"Demand":3,"DemandMax":null,"Value":63},{"Length":7,"Height":12,"Demand":1,"DemandMax":null,"Value":84},{"Length":74,"Height":1,"Demand":2,"DemandMax":null,"Value":74},{"Length":14,"Height":6,"Demand":2,"DemandMax":null,"Value":84},{"Length":1,"Height":58,"Demand":2,"DemandMax":null,"Value":58},{"Length":12,"Height":7,"Demand":2,"DemandMax":null,"Value":84},{"Length":16,"Height":5,"Demand":1,"DemandMax":null,"Value":80},{"Length":1,"Height":61,"Demand":1,"DemandMax":null,"Value":61},{"Length":8,"Height":10,"Demand":1,"DemandMax":null,"Value":80},{"Length":60,"Height":1,"Demand":1,"DemandMax":null,"Value":60},{"Length":27,"Height":3,"Demand":3,"DemandMax":null,"Value":81},{"Length":20,"Height":4,"Demand":1,"DemandMax":null,"Value":80}]}