{"Name":"path62t","Objects":[{"Length":1000,"Height":1002,"Stock":null,"Cost":1002000}],"Items":[{"Length":97,"Height":181,"Demand":1,"DemandMax":null,"Value":17557},{"Length":132,"Height":92,"Demand":1,"DemandMax":null,"Value":12144},{"Length":43,"Height":198,"Demand":1,"DemandMax":null,"Value":8514},{"Length":24,"Height":311,"Demand":1,"DemandMax":null,"Value":7464},{"Length":61,"Height":122,"Demand":1,"DemandMax":null,"Value":7442},{"Length":58,"Height":121,"Demand":1,"DemandMax":null,"Value":7018},{"Length":175,"Height":35,"Demand":1,"DemandMax":null,"Value":6125},{"Length":71,"Height":79,"Demand":1,"DemandMax":null,"Value":5609},{"Length":33,"Height":165,"Demand":1,"DemandMax":null,"Value":5445},{"Length":30,"Height":173,"Demand":1,"DemandMax":null,"Value":5190},{"Length":175,"Height":29,"Demand":1,"DemandMax":null,"Value":5075},{"Length":115,"Height":41,"Demand":1,"DemandMax":null,"Value":4715},{"Length":112,"Height":41,"Demand":1,"DemandMax":null,"Value":4592},{"Length":87,"Height":52,"Demand":1,"DemandMax":null,"Value":4524},{"Length":40,"Height":112,"Demand":1,"DemandMax":null,"Value":4480},{"Length":24,"Height":181,"Demand":1,"DemandMax":null,"Value":4344},{"Length":50,"Height":85,"Demand":1,"DemandMax":null,"Value":4250},{"Length":81,"Height":52,"Demand":1,"DemandMax":null,"Value":4212},{"Length":120,"Height":35,"Demand":1,"DemandMax":null,"Value":4200},{"Length":74,"Height":52,"Demand":1,"DemandMax":null,"Value":3848},{"Length":11,"Height":336,"Demand":1,"DemandMax":null,"Value":3696},{"Length":57,"Height":61,"Demand":1,"DemandMax":null,"Value":3477},{"Length":75,"Height":45,"Demand":1,"DemandMax":null,"Value":3375},{"Length":26,"Height":126,"Demand":1,"DemandMax":null,"Value":3276},{"Length":66,"Height":48,"Demand":1,"DemandMax":null,"Value":3168},{"Length":29,"Height":105,"Demand":1,"DemandMax":null,"Value":3045},{"Length":10,"Height":311,"Demand":1,"DemandMax":null,"Value":3110},{"Length":43,"Height":70,"Demand":1,"DemandMax":null,"Value":3010},{"Length":58,"Height":48,"Demand":1,"DemandMax":null,"Value":2784},{"Length":40,"Height":69,"Demand":1,"DemandMax":null,"Value":2760},{"Length":48,"Height":56,"Demand":1,"DemandMax":null,"Value":2688},{"Length":155,"Height":17,"Demand":1,"DemandMax":null,"Value":2635},{"Length":112,"Height":23,"Demand":1,"DemandMax":null,"Value":2576},{"Length":16,"Height":159,"Demand":1,"DemandMax":null,"Value":2544},{"Length":29,"Height":87,"Demand":1,"DemandMax":null,"Value":2523},{"Length":32,"Height":79,"Demand":1,"DemandMax":null,"Value":2528},{"Length":13,"Height":181,"Demand":1,"DemandMax":null,"Value":2353},{"Length":35,"Height":68,"Demand":1,"DemandMax":null,"Value":2380},{"Length":349,"Height":7,"Demand":1,"DemandMax":null,"Value":2443},{"Length":26,"Height":88,"Demand":1,"DemandMax":null,"Value":2288},{"Length":87,"Height":27,"Demand":1,"DemandMax":null,"Value":2349},{"Length":8,"Height":277,"Demand":1,"DemandMax":null,"Value":2216},{"Length":33,"Height":69,"Demand":1,"DemandMax":null,"Value":2277},{"Length":7,"Height":293,"Demand":1,"DemandMax":null,"Value":2051},{"Length":73,"Height":29,"Demand":1,"DemandMax":null,"Value":2117},{"Length":45,"Height":46,"Demand":1,"DemandMax":null,"Value":2070},{"Length":58,"Height":36,"Demand":1,"DemandMax":null,"Value":2088},{"Length":124,"Height":17,"Demand":1,"DemandMax":null,"Value":2108},{"Length":114,"Height":18,"Demand":1,"DemandMax":null,"Value":2052},{"Length":124,"Height":16,"Demand":1,"DemandMax":null,"Value":1984},{"Length":19,"Height":107,"Demand":1,"DemandMax":null,"Value":2033},{"Length":58,"Height":35,"Demand":1,"DemandMax":null,"Value":2030},{"Length":17,"Height":120,"Demand":1,"DemandMax":null,"Value":2040},{"Length":73,"Height":27,"Demand":1,"DemandMax":null,"Value":1971},{"Length":67,"Height":29,"Demand":1,"DemandMax":null,"Value":1943},{"Length":30,"Height":64,"Demand":1,"DemandMax":null,"Value":1920},{"Length":175,"Height":11,"Demand":1,"DemandMax":null,"Value":1925},{"Length":16,"Height":117,"Demand":1,"DemandMax":null,"Value":1872},{"Length":12,"Height":148,"Demand":1,"DemandMax":null,"Value":1776},{"Length":18,"Height":97,"Demand":1,"DemandMax":null,"Value":1746},{"Length":45,"Height":38,"Demand":1,"DemandMax":null,"Value":1710},{"Length":48,"Height":35,"Demand":1,"DemandMax":null,"Value":1680},{"Length":30,"Height":56,"Demand":1,"DemandMax":null,"Value":1680},{"Length":81,"Height":21,"Demand":1,"DemandMax":null,"Value":1701},{"Length":27,"Height":62,"Demand":1,"DemandMax":null,"Value":1674},{"Length":27,"Height":61,"Demand":1,"DemandMax":null,"Value":1647},{"Length":140,"Height":12,"Demand":1,"DemandMax":null,"Value":1680},{"Length":31,"Height":52,"Demand":1,"DemandMax":null,"Value":1612},{"Length":13,"Height":126,"Demand":1,"DemandMax":null,"Value":1638},{"Length":44,"Height":36,"Demand":1,"DemandMax":null,"Value":1584},{"Length":21,"Height":73,"Demand":1,"DemandMax":null,"Value":1533},{"Length":60,"Height":26,"Demand":1,"DemandMax":null,"Value":1560},{"Length":7,"Height":209,"Demand":1,"DemandMax":null,"Value":1463},{"Length":23,"Height":67,"Demand":1,"DemandMax":null,"Value":1541},{"Length":41,"Height":36,"Demand":1,"DemandMax":null,"Value":1476},{"Length":70,"Height":21,"Demand":1,"DemandMax":null,"Value":1470},{"Length":11,"Height":134,"Demand":1,"DemandMax":null,"Value":1474},{"Length":8,"Height":179,"Demand":1,"DemandMax":null,"Value":1432},{"Length":56,"Height":25,"Demand":1,"DemandMax":null,"Value":1400},{"Length":22,"Height":62,"Demand":1,"DemandMax":null,"Value":1364},{"Length":230,"Height":6,"Demand":1,"DemandMax":null,"Value":1380},{"Length":56,"Height":24,"Demand":1,"DemandMax":null,"Value":1344},{"Length":20,"Height":66,"Demand":1,"DemandMax":null,"Value":1320},{"Length":14,"Height":91,"Demand":2,"DemandMax":null,"Value":1274},{"Length":31,"Height":42,"Demand":1,"DemandMax":null,"Value":1302},{"Length":10,"Height":124,"Demand":1,"DemandMax":null,"Value":1240},{"Length":12,"Height":107,"Demand":1,"DemandMax":null,"Value":1284},{"Length":180,"Height":7,"Demand":1,"DemandMax":null,"Value":1260},{"Length":73,"Height":17,"Demand":1,"DemandMax":null,"Value":1241},{"Length":124,"Height":10,"Demand":1,"DemandMax":null,"Value":1240},{"Length":49,"Height":25,"Demand":1,"DemandMax":null,"Value":1225},{"Length":36,"Height":34,"Demand":1,"DemandMax":null,"Value":1224},{"Length":35,"Height":35,"Demand":1,"DemandMax":null,"Value":1225},{"Length":11,"Height":110,"Demand":1,"DemandMax":null,"Value":1210},{"Length":38,"Height":31,"Demand":1,"DemandMax":null,"Value":1178},{"Length":39,"Height":31,"Demand":1,"DemandMax":null,"Value":1209},{"Length":5,"Height":232,"Demand":1,"DemandMax":null,"Value":1160},{"Length":48,"Height":24,"Demand":1,"DemandMax":null,"Value":1152},{"Length":34,"Height":34,"Demand":1,"DemandMax":null,"Value":1156},{"Length":75,"Height":16,"Demand":1,"DemandMax":null,"Value":1200},{"Length":54,"Height":22,"Demand":1,"DemandMax":null,"Value":1188},{"Length":20,"Height":57,"Demand":1,"DemandMax":null,"Value":1140},{"Length":17,"Height":65,"Demand":1,"DemandMax":null,"Value":1105},{"Length":24,"Height":47,"Demand":1,"DemandMax":null,"Value":1128},{"Length":18,"Height":62,"Demand":1,"DemandMax":null,"Value":1116},{"Length":45,"Height":24,"Demand":1,"DemandMax":null,"Value":1080},{"Length":9,"Height":124,"Demand":1,"DemandMax":null,"Value":1116},{"Length":57,"Height":19,"Demand":1,"DemandMax":null,"Value":1083},{"Length":119,"Height":9,"Demand":1,"DemandMax":null,"Value":1071},{"Length":56,"Height":19,"Demand":1,"DemandMax":null,"Value":1064},{"Length":12,"Height":86,"Demand":1,"DemandMax":null,"Value":1032},{"Length":29,"Height":36,"Demand":1,"DemandMax":null,"Value":1044},{"Length":115,"Height":9,"Demand":1,"DemandMax":null,"Value":1035},{"Length":6,"Height":179,"Demand":1,"DemandMax":null,"Value":1074},{"Length":101,"Height":10,"Demand":1,"DemandMax":null,"Value":1010},{"Length":132,"Height":8,"Demand":1,"DemandMax":null,"Value":1056},{"Length":12,"Height":83,"Demand":1,"DemandMax":null,"Value":996},{"Length":5,"Height":221,"Demand":1,"DemandMax":null,"Value":1105},{"Length":16,"Height":63,"Demand":1,"DemandMax":null,"Value":1008},{"Length":72,"Height":14,"Demand":2,"DemandMax":null,"Value":1008},{"Length":10,"Height":99,"Demand":1,"DemandMax":null,"Value":990},{"Length":62,"Height":16,"Demand":1,"DemandMax":null,"Value":992},{"Length":66,"Height":15,"Demand":1,"DemandMax":null,"Value":990},{"Length":75,"Height":13,"Demand":1,"DemandMax":null,"Value":975},{"Length":25,"Height":40,"Demand":1,"DemandMax":null,"Value":1000},{"Length":48,"Height":20,"Demand":1,"DemandMax":null,"Value":960},{"Length":58,"Height":17,"Demand":1,"DemandMax":null,"Value":986},{"Length":5,"Height":209,"Demand":1,"DemandMax":null,"Value":1045},{"Length":73,"Height":13,"Demand":1,"DemandMax":null,"Value":949},{"Length":36,"Height":26,"Demand":1,"DemandMax":null,"Value":936},{"Length":119,"Height":8,"Demand":1,"DemandMax":null,"Value":952},{"Length":38,"Height":25,"Demand":1,"DemandMax":null,"Value":950},{"Length":96,"Height":10,"Demand":1,"DemandMax":null,"Value":960},{"Length":92,"Height":10,"Demand":1,"DemandMax":null,"Value":920},{"Length":25,"Height":37,"Demand":1,"DemandMax":null,"Value":925},{"Length":89,"Height":10,"Demand":1,"DemandMax":null,"Value":890},{"Length":10,"Height":88,"Demand":1,"DemandMax":null,"Value":880},{"Length":43,"Height":21,"Demand":3,"DemandMax":null,"Value":903},{"Length":28,"Height":32,"Demand":1,"DemandMax":null,"Value":896},{"Length":7,"Height":121,"Demand":1,"DemandMax":null,"Value":847},{"Length":3,"Height":287,"Demand":2,"DemandMax":null,"Value":861},{"Length":24,"Height":36,"Demand":1,"DemandMax":null,"Value":864},{"Length":11,"Height":79,"Demand":1,"DemandMax":null,"Value":869},{"Length":6,"Height":138,"Demand":1,"DemandMax":null,"Value":828},{"Length":25,"Height":36,"Demand":1,"DemandMax":null,"Value":900},{"Length":163,"Height":5,"Demand":1,"DemandMax":null,"Value":815},{"Length":39,"Height":23,"Demand":1,"DemandMax":null,"Value":897},{"Length":4,"Height":208,"Demand":1,"DemandMax":null,"Value":832},{"Length":10,"Height":83,"Demand":1,"DemandMax":null,"Value":830},{"Length":41,"Height":21,"Demand":1,"DemandMax":null,"Value":861},{"Length":18,"Height":46,"Demand":1,"DemandMax":null,"Value":828},{"Length":11,"Height":73,"Demand":1,"DemandMax":null,"Value":803},{"Length":6,"Height":128,"Demand":1,"DemandMax":null,"Value":768},{"Length":44,"Height":19,"Demand":1,"DemandMax":null,"Value":836},{"Length":13,"Height":62,"Demand":1,"DemandMax":null,"Value":806},{"Length":5,"Height":181,"Demand":1,"DemandMax":null,"Value":905},{"Length":58,"Height":14,"Demand":1,"DemandMax":null,"Value":812},{"Length":76,"Height":11,"Demand":1,"DemandMax":null,"Value":836},{"Length":17,"Height":48,"Demand":1,"DemandMax":null,"Value":816},{"Length":23,"Height":35,"Demand":1,"DemandMax":null,"Value":805},{"Length":16,"Height":49,"Demand":1,"DemandMax":null,"Value":784},{"Length":15,"Height":52,"Demand":1,"DemandMax":null,"Value":780},{"Length":3,"Height":277,"Demand":1,"DemandMax":null,"Value":831},{"Length":25,"Height":31,"Demand":1,"DemandMax":null,"Value":775},{"Length":42,"Height":18,"Demand":1,"DemandMax":null,"Value":756},{"Length":21,"Height":37,"Demand":1,"DemandMax":null,"Value":777},{"Length":7,"Height":106,"Demand":2,"DemandMax":null,"Value":742},{"Length":72,"Height":11,"Demand":1,"DemandMax":null,"Value":792},{"Length":5,"Height":153,"Demand":1,"DemandMax":null,"Value":765},{"Length":60,"Height":12,"Demand":1,"DemandMax":null,"Value":720},{"Length":4,"Height":181,"Demand":1,"DemandMax":null,"Value":724},{"Length":5,"Height":137,"Demand":1,"DemandMax":null,"Value":685},{"Length":175,"Height":4,"Demand":1,"DemandMax":null,"Value":700},{"Length":16,"Height":45,"Demand":1,"DemandMax":null,"Value":720},{"Length":5,"Height":157,"Demand":1,"DemandMax":null,"Value":785},{"Length":28,"Height":25,"Demand":1,"DemandMax":null,"Value":700},{"Length":54,"Height":13,"Demand":1,"DemandMax":null,"Value":702},{"Length":24,"Height":28,"Demand":1,"DemandMax":null,"Value":672},{"Length":10,"Height":69,"Demand":1,"DemandMax":null,"Value":690},{"Length":110,"Height":6,"Demand":1,"DemandMax":null,"Value":660},{"Length":21,"Height":33,"Demand":1,"DemandMax":null,"Value":693},{"Length":32,"Height":21,"Demand":1,"DemandMax":null,"Value":672},{"Length":5,"Height":124,"Demand":1,"DemandMax":null,"Value":620},{"Length":6,"Height":106,"Demand":1,"DemandMax":null,"Value":636},{"Length":16,"Height":42,"Demand":1,"DemandMax":null,"Value":672},{"Length":105,"Height":6,"Demand":1,"DemandMax":null,"Value":630},{"Length":125,"Height":5,"Demand":1,"DemandMax":null,"Value":625},{"Length":35,"Height":19,"Demand":1,"DemandMax":null,"Value":665},{"Length":26,"Height":25,"Demand":1,"DemandMax":null,"Value":650},{"Length":6,"Height":107,"Demand":1,"DemandMax":null,"Value":642},{"Length":31,"Height":21,"Demand":1,"DemandMax":null,"Value":651},{"Length":40,"Height":16,"Demand":1,"DemandMax":null,"Value":640},{"Length":14,"Height":46,"Demand":1,"DemandMax":null,"Value":644},{"Length":171,"Height":4,"Demand":1,"DemandMax":null,"Value":684},{"Length":39,"Height":16,"Demand":2,"DemandMax":null,"Value":624},{"Length":8,"Height":84,"Demand":1,"DemandMax":null,"Value":672},{"Length":158,"Height":4,"Demand":1,"DemandMax":null,"Value":632},{"Length":108,"Height":6,"Demand":1,"DemandMax":null,"Value":648},{"Length":38,"Height":16,"Demand":1,"DemandMax":null,"Value":608},{"Length":26,"Height":24,"Demand":1,"DemandMax":null,"Value":624},{"Length":32,"Height":20,"Demand":1,"DemandMax":null,"Value":640},{"Length":37,"Height":17,"Demand":1,"DemandMax":null,"Value":629},{"Length":9,"Height":70,"Demand":2,"DemandMax":null,"Value":630},{"Length":82,"Height":7,"Demand":1,"DemandMax":null,"Value":574},{"Length":3,"Height":198,"Demand":1,"DemandMax":null,"Value":594},{"Length":62,"Height":10,"Demand":1,"DemandMax":null,"Value":620},{"Length":31,"Height":20,"Demand":1,"DemandMax":null,"Value":620},{"Length":5,"Height":123,"Demand":1,"DemandMax":null,"Value":615},{"Length":11,"Height":54,"Demand":2,"DemandMax":null,"Value":594},{"Length":5,"Height":120,"Demand":1,"DemandMax":null,"Value":600},{"Length":146,"Height":4,"Demand":1,"DemandMax":null,"Value":584},{"Length":67,"Height":9,"Demand":1,"DemandMax":null,"Value":603},{"Length":57,"Height":10,"Demand":2,"DemandMax":null,"Value":570},{"Length":5,"Height":112,"Demand":2,"DemandMax":null,"Value":560},{"Length":18,"Height":32,"Demand":1,"DemandMax":null,"Value":576},{"Length":51,"Height":11,"Demand":1,"DemandMax":null,"Value":561},{"Length":20,"Height":29,"Demand":1,"DemandMax":null,"Value":580},{"Length":30,"Height":19,"Demand":2,"DemandMax":null,"Value":570},{"Length":33,"Height":17,"Demand":1,"DemandMax":null,"Value":561},{"Length":44,"Height":13,"Demand":1,"DemandMax":null,"Value":572},{"Length":17,"Height":34,"Demand":1,"DemandMax":null,"Value":578},{"Length":3,"Height":208,"Demand":1,"DemandMax":null,"Value":624},{"Length":66,"Height":9,"Demand":1,"DemandMax":null,"Value":594},{"Length":54,"Height":10,"Demand":3,"DemandMax":null,"Value":540},{"Length":98,"Height":6,"Demand":1,"DemandMax":null,"Value":588},{"Length":103,"Height":5,"Demand":1,"DemandMax":null,"Value":515},{"Length":9,"Height":64,"Demand":1,"DemandMax":null,"Value":576},{"Length":92,"Height":6,"Demand":1,"DemandMax":null,"Value":552},{"Length":15,"Height":38,"Demand":1,"DemandMax":null,"Value":570},{"Length":11,"Height":53,"Demand":1,"DemandMax":null,"Value":583},{"Length":7,"Height":83,"Demand":1,"DemandMax":null,"Value":581},{"Length":108,"Height":5,"Demand":1,"DemandMax":null,"Value":540},{"Length":93,"Height":6,"Demand":1,"DemandMax":null,"Value":558},{"Length":26,"Height":21,"Demand":1,"DemandMax":null,"Value":546},{"Length":19,"Height":29,"Demand":1,"DemandMax":null,"Value":551},{"Length":3,"Height":186,"Demand":1,"DemandMax":null,"Value":558},{"Length":7,"Height":76,"Demand":4,"DemandMax":null,"Value":532},{"Length":17,"Height":33,"Demand":3,"DemandMax":null,"Value":561},{"Length":8,"Height":67,"Demand":2,"DemandMax":null,"Value":536},{"Length":45,"Height":12,"Demand":2,"DemandMax":null,"Value":540},{"Length":20,"Height":28,"Demand":1,"DemandMax":null,"Value":560},{"Length":140,"Height":4,"Demand":1,"DemandMax":null,"Value":560},{"Length":179,"Height":3,"Demand":1,"DemandMax":null,"Value":537},{"Length":107,"Height":5,"Demand":1,"DemandMax":null,"Value":535},{"Length":62,"Height":9,"Demand":1,"DemandMax":null,"Value":558},{"Length":66,"Height":8,"Demand":2,"DemandMax":null,"Value":528},{"Length":40,"Height":14,"Demand":1,"DemandMax":null,"Value":560},{"Length":5,"Height":117,"Demand":1,"DemandMax":null,"Value":585},{"Length":3,"Height":209,"Demand":1,"DemandMax":null,"Value":627},{"Length":4,"Height":144,"Demand":2,"DemandMax":null,"Value":576},{"Length":136,"Height":4,"Demand":1,"DemandMax":null,"Value":544},{"Length":28,"Height":20,"Demand":2,"DemandMax":null,"Value":560},{"Length":7,"Height":85,"Demand":1,"DemandMax":null,"Value":595},{"Length":5,"Height":103,"Demand":2,"DemandMax":null,"Value":515},{"Length":60,"Height":9,"Demand":1,"DemandMax":null,"Value":540},{"Length":91,"Height":6,"Demand":2,"DemandMax":null,"Value":546},{"Length":15,"Height":36,"Demand":1,"DemandMax":null,"Value":540},{"Length":80,"Height":7,"Demand":1,"DemandMax":null,"Value":560},{"Length":35,"Height":16,"Demand":1,"DemandMax":null,"Value":560},{"Length":88,"Height":6,"Demand":3,"DemandMax":null,"Value":528},{"Length":8,"Height":65,"Demand":2,"DemandMax":null,"Value":520},{"Length":47,"Height":12,"Demand":1,"DemandMax":null,"Value":564},{"Length":59,"Height":9,"Demand":2,"DemandMax":null,"Value":531},{"Length":37,"Height":15,"Demand":1,"DemandMax":null,"Value":555},{"Length":10,"Height":56,"Demand":1,"DemandMax":null,"Value":560},{"Length":109,"Height":5,"Demand":2,"DemandMax":null,"Value":545},{"Length":16,"Height":34,"Demand":1,"DemandMax":null,"Value":544},{"Length":97,"Height":6,"Demand":1,"DemandMax":null,"Value":582},{"Length":69,"Height":8,"Demand":1,"DemandMax":null,"Value":552},{"Length":5,"Height":110,"Demand":1,"DemandMax":null,"Value":550},{"Length":81,"Height":7,"Demand":1,"DemandMax":null,"Value":567},{"Length":10,"Height":54,"Demand":3,"DemandMax":null,"Value":540},{"Length":73,"Height":7,"Demand":3,"DemandMax":null,"Value":511},{"Length":4,"Height":126,"Demand":1,"DemandMax":null,"Value":504},{"Length":42,"Height":13,"Demand":2,"DemandMax":null,"Value":546},{"Length":23,"Height":23,"Demand":3,"DemandMax":null,"Value":529},{"Length":30,"Height":18,"Demand":1,"DemandMax":null,"Value":540},{"Length":105,"Height":5,"Demand":3,"DemandMax":null,"Value":525},{"Length":5,"Height":116,"Demand":1,"DemandMax":null,"Value":580},{"Length":3,"Height":179,"Demand":1,"DemandMax":null,"Value":537},{"Length":61,"Height":9,"Demand":1,"DemandMax":null,"Value":549},{"Length":71,"Height":8,"Demand":1,"DemandMax":null,"Value":568},{"Length":15,"Height":35,"Demand":2,"DemandMax":null,"Value":525},{"Length":13,"Height":41,"Demand":2,"DemandMax":null,"Value":533},{"Length":163,"Height":3,"Demand":4,"DemandMax":null,"Value":489},{"Length":5,"Height":108,"Demand":1,"DemandMax":null,"Value":540},{"Length":4,"Height":122,"Demand":1,"DemandMax":null,"Value":488},{"Length":18,"Height":29,"Demand":1,"DemandMax":null,"Value":522},{"Length":12,"Height":45,"Demand":1,"DemandMax":null,"Value":540},{"Length":14,"Height":39,"Demand":1,"DemandMax":null,"Value":546},{"Length":9,"Height":59,"Demand":1,"DemandMax":null,"Value":531},{"Length":32,"Height":16,"Demand":1,"DemandMax":null,"Value":512},{"Length":89,"Height":6,"Demand":3,"DemandMax":null,"Value":534},{"Length":43,"Height":12,"Demand":1,"DemandMax":null,"Value":516},{"Length":5,"Height":115,"Demand":1,"DemandMax":null,"Value":575},{"Length":24,"Height":22,"Demand":1,"DemandMax":null,"Value":528},{"Length":3,"Height":195,"Demand":1,"DemandMax":null,"Value":585},{"Length":4,"Height":133,"Demand":3,"DemandMax":null,"Value":532},{"Length":11,"Height":49,"Demand":1,"DemandMax":null,"Value":539},{"Length":10,"Height":51,"Demand":2,"DemandMax":null,"Value":510},{"Length":84,"Height":6,"Demand":1,"DemandMax":null,"Value":504},{"Length":11,"Height":48,"Demand":1,"DemandMax":null,"Value":528},{"Length":28,"Height":19,"Demand":1,"DemandMax":null,"Value":532},{"Length":141,"Height":4,"Demand":1,"DemandMax":null,"Value":564},{"Length":18,"Height":28,"Demand":1,"DemandMax":null,"Value":504},{"Length":21,"Height":25,"Demand":1,"DemandMax":null,"Value":525},{"Length":3,"Height":178,"Demand":1,"DemandMax":null,"Value":534},{"Length":67,"Height":8,"Demand":1,"DemandMax":null,"Value":536},{"Length":5,"Height":113,"Demand":1,"DemandMax":null,"Value":565},{"Length":7,"Height":77,"Demand":1,"DemandMax":null,"Value":539},{"Length":5,"Height":104,"Demand":1,"DemandMax":null,"Value":520},{"Length":17,"Height":30,"Demand":1,"DemandMax":null,"Value":510},{"Length":4,"Height":137,"Demand":1,"DemandMax":null,"Value":548},{"Length":63,"Height":8,"Demand":2,"DemandMax":null,"Value":504},{"Length":15,"Height":34,"Demand":1,"DemandMax":null,"Value":510},{"Length":3,"Height":202,"Demand":1,"DemandMax":null,"Value":606},{"Length":55,"Height":9,"Demand":2,"DemandMax":null,"Value":495},{"Length":45,"Height":11,"Demand":1,"DemandMax":null,"Value":495},{"Length":9,"Height":56,"Demand":1,"DemandMax":null,"Value":504},{"Length":97,"Height":5,"Demand":3,"DemandMax":null,"Value":485},{"Length":46,"Height":11,"Demand":3,"DemandMax":null,"Value":506},{"Length":25,"Height":20,"Demand":2,"DemandMax":null,"Value":500},{"Length":9,"Height":60,"Demand":1,"DemandMax":null,"Value":540},{"Length":33,"Height":16,"Demand":1,"DemandMax":null,"Value":528},{"Length":182,"Height":3,"Demand":1,"DemandMax":null,"Value":546},{"Length":11,"Height":45,"Demand":2,"DemandMax":null,"Value":495},{"Length":4,"Height":123,"Demand":1,"DemandMax":null,"Value":492},{"Length":10,"Height":52,"Demand":1,"DemandMax":null,"Value":520},{"Length":3,"Height":149,"Demand":2,"DemandMax":null,"Value":447},{"Length":19,"Height":28,"Demand":1,"DemandMax":null,"Value":532},{"Length":9,"Height":55,"Demand":2,"DemandMax":null,"Value":495},{"Length":21,"Height":24,"Demand":2,"DemandMax":null,"Value":504},{"Length":216,"Height":2,"Demand":1,"DemandMax":null,"Value":432},{"Length":14,"Height":36,"Demand":1,"DemandMax":null,"Value":504},{"Length":169,"Height":3,"Demand":1,"DemandMax":null,"Value":507},{"Length":5,"Height":100,"Demand":1,"DemandMax":null,"Value":500},{"Length":38,"Height":13,"Demand":2,"DemandMax":null,"Value":494},{"Length":11,"Height":46,"Demand":1,"DemandMax":null,"Value":506},{"Length":34,"Height":15,"Demand":3,"DemandMax":null,"Value":510},{"Length":23,"Height":22,"Demand":1,"DemandMax":null,"Value":506},{"Length":6,"Height":84,"Demand":1,"DemandMax":null,"Value":504},{"Length":52,"Height":10,"Demand":1,"DemandMax":null,"Value":520},{"Length":114,"Height":4,"Demand":2,"DemandMax":null,"Value":456},{"Length":8,"Height":64,"Demand":2,"DemandMax":null,"Value":512},{"Length":30,"Height":17,"Demand":1,"DemandMax":null,"Value":510},{"Length":5,"Height":111,"Demand":1,"DemandMax":null,"Value":555},{"Length":13,"Height":39,"Demand":2,"DemandMax":null,"Value":507},{"Length":5,"Height":95,"Demand":1,"DemandMax":null,"Value":475},{"Length":39,"Height":13,"Demand":1,"DemandMax":null,"Value":507},{"Length":5,"Height":99,"Demand":2,"DemandMax":null,"Value":495},{"Length":5,"Height":92,"Demand":2,"DemandMax":null,"Value":460},{"Length":48,"Height":10,"Demand":1,"DemandMax":null,"Value":480},{"Length":82,"Height":6,"Demand":2,"DemandMax":null,"Value":492},{"Length":110,"Height":5,"Demand":1,"DemandMax":null,"Value":550},{"Length":3,"Height":143,"Demand":2,"DemandMax":null,"Value":429},{"Length":5,"Height":96,"Demand":1,"DemandMax":null,"Value":480},{"Length":6,"Height":90,"Demand":1,"DemandMax":null,"Value":540},{"Length":41,"Height":12,"Demand":1,"DemandMax":null,"Value":492},{"Length":30,"Height":16,"Demand":3,"DemandMax":null,"Value":480},{"Length":15,"Height":33,"Demand":1,"DemandMax":null,"Value":495},{"Length":5,"Height":98,"Demand":1,"DemandMax":null,"Value":490},{"Length":15,"Height":32,"Demand":2,"DemandMax":null,"Value":480},{"Length":7,"Height":68,"Demand":3,"DemandMax":null,"Value":476},{"Length":6,"Height":88,"Demand":1,"DemandMax":null,"Value":528},{"Length":17,"Height":28,"Demand":1,"DemandMax":null,"Value":476},{"Length":3,"Height":144,"Demand":2,"DemandMax":null,"Value":432},{"Length":87,"Height":6,"Demand":1,"DemandMax":null,"Value":522},{"Length":10,"Height":48,"Demand":1,"DemandMax":null,"Value":480},{"Length":6,"Height":86,"Demand":2,"DemandMax":null,"Value":516},{"Length":19,"Height":26,"Demand":1,"DemandMax":null,"Value":494},{"Length":18,"Height":27,"Demand":1,"DemandMax":null,"Value":486},{"Length":10,"Height":50,"Demand":1,"DemandMax":null,"Value":500},{"Length":29,"Height":17,"Demand":3,"DemandMax":null,"Value":493},{"Length":11,"Height":44,"Demand":1,"DemandMax":null,"Value":484},{"Length":170,"Height":3,"Demand":2,"DemandMax":null,"Value":510},{"Length":8,"Height":59,"Demand":3,"DemandMax":null,"Value":472},{"Length":24,"Height":20,"Demand":2,"DemandMax":null,"Value":480},{"Length":6,"Height":78,"Demand":1,"DemandMax":null,"Value":468},{"Length":53,"Height":9,"Demand":3,"DemandMax":null,"Value":477},{"Length":6,"Height":87,"Demand":1,"DemandMax":null,"Value":522},{"Length":21,"Height":23,"Demand":2,"DemandMax":null,"Value":483},{"Length":40,"Height":12,"Demand":1,"DemandMax":null,"Value":480},{"Length":27,"Height":18,"Demand":1,"DemandMax":null,"Value":486},{"Length":95,"Height":5,"Demand":1,"DemandMax":null,"Value":475},{"Length":5,"Height":89,"Demand":1,"DemandMax":null,"Value":445},{"Length":6,"Height":80,"Demand":1,"DemandMax":null,"Value":480},{"Length":10,"Height":49,"Demand":1,"DemandMax":null,"Value":490},{"Length":39,"Height":12,"Demand":3,"DemandMax":null,"Value":468},{"Length":28,"Height":17,"Demand":1,"DemandMax":null,"Value":476},{"Length":65,"Height":7,"Demand":6,"DemandMax":null,"Value":455},{"Length":12,"Height":40,"Demand":1,"DemandMax":null,"Value":480},{"Length":4,"Height":130,"Demand":1,"DemandMax":null,"Value":520},{"Length":42,"Height":11,"Demand":3,"DemandMax":null,"Value":462},{"Length":16,"Height":30,"Demand":1,"DemandMax":null,"Value":480},{"Length":21,"Height":22,"Demand":2,"DemandMax":null,"Value":462},{"Length":37,"Height":13,"Demand":1,"DemandMax":null,"Value":481},{"Length":3,"Height":181,"Demand":2,"DemandMax":null,"Value":543},{"Length":158,"Height":3,"Demand":2,"DemandMax":null,"Value":474},{"Length":26,"Height":18,"Demand":2,"DemandMax":null,"Value":468},{"Length":106,"Height":5,"Demand":1,"DemandMax":null,"Value":530},{"Length":57,"Height":8,"Demand":1,"DemandMax":null,"Value":456},{"Length":8,"Height":57,"Demand":1,"DemandMax":null,"Value":456},{"Length":11,"Height":43,"Demand":1,"DemandMax":null,"Value":473},{"Length":44,"Height":11,"Demand":2,"DemandMax":null,"Value":484},{"Length":19,"Height":25,"Demand":1,"DemandMax":null,"Value":475},{"Length":3,"Height":136,"Demand":1,"DemandMax":null,"Value":408},{"Length":46,"Height":10,"Demand":1,"DemandMax":null,"Value":460},{"Length":51,"Height":9,"Demand":1,"DemandMax":null,"Value":459},{"Length":111,"Height":4,"Demand":4,"DemandMax":null,"Value":444},{"Length":113,"Height":4,"Demand":2,"DemandMax":null,"Value":452},{"Length":33,"Height":14,"Demand":1,"DemandMax":null,"Value":462},{"Length":3,"Height":142,"Demand":1,"DemandMax":null,"Value":426},{"Length":9,"Height":50,"Demand":1,"DemandMax":null,"Value":450},{"Length":25,"Height":19,"Demand":1,"DemandMax":null,"Value":475},{"Length":43,"Height":11,"Demand":1,"DemandMax":null,"Value":473},{"Length":8,"Height":62,"Demand":1,"DemandMax":null,"Value":496},{"Length":50,"Height":9,"Demand":1,"DemandMax":null,"Value":450},{"Length":63,"Height":7,"Demand":3,"DemandMax":null,"Value":441},{"Length":146,"Height":3,"Demand":2,"DemandMax":null,"Value":438},{"Length":15,"Height":31,"Demand":1,"DemandMax":null,"Value":465},{"Length":30,"Height":15,"Demand":2,"DemandMax":null,"Value":450},{"Length":70,"Height":7,"Demand":1,"DemandMax":null,"Value":490},{"Length":89,"Height":5,"Demand":2,"DemandMax":null,"Value":445},{"Length":32,"Height":15,"Demand":2,"DemandMax":null,"Value":480},{"Length":3,"Height":155,"Demand":1,"DemandMax":null,"Value":465},{"Length":4,"Height":111,"Demand":1,"DemandMax":null,"Value":444},{"Length":22,"Height":22,"Demand":1,"DemandMax":null,"Value":484},{"Length":136,"Height":3,"Demand":2,"DemandMax":null,"Value":408},{"Length":86,"Height":5,"Demand":1,"DemandMax":null,"Value":430},{"Length":6,"Height":74,"Demand":2,"DemandMax":null,"Value":444},{"Length":9,"Height":52,"Demand":1,"DemandMax":null,"Value":468},{"Length":20,"Height":23,"Demand":2,"DemandMax":null,"Value":460},{"Length":3,"Height":150,"Demand":2,"DemandMax":null,"Value":450},{"Length":7,"Height":63,"Demand":1,"DemandMax":null,"Value":441},{"Length":36,"Height":13,"Demand":1,"DemandMax":null,"Value":468},{"Length":14,"Height":32,"Demand":1,"DemandMax":null,"Value":448},{"Length":45,"Height":10,"Demand":3,"DemandMax":null,"Value":450},{"Length":13,"Height":37,"Demand":1,"DemandMax":null,"Value":481},{"Length":5,"Height":88,"Demand":1,"DemandMax":null,"Value":440},{"Length":66,"Height":7,"Demand":2,"DemandMax":null,"Value":462},{"Length":37,"Height":12,"Demand":1,"DemandMax":null,"Value":444},{"Length":105,"Height":4,"Demand":3,"DemandMax":null,"Value":420},{"Length":6,"Height":73,"Demand":3,"DemandMax":null,"Value":438},{"Length":3,"Height":162,"Demand":1,"DemandMax":null,"Value":486},{"Length":18,"Height":25,"Demand":3,"DemandMax":null,"Value":450},{"Length":12,"Height":38,"Demand":1,"DemandMax":null,"Value":456},{"Length":59,"Height":8,"Demand":1,"DemandMax":null,"Value":472},{"Length":4,"Height":120,"Demand":1,"DemandMax":null,"Value":480},{"Length":38,"Height":12,"Demand":1,"DemandMax":null,"Value":456},{"Length":5,"Height":86,"Demand":2,"DemandMax":null,"Value":430},{"Length":15,"Height":30,"Demand":2,"DemandMax":null,"Value":450},{"Length":4,"Height":115,"Demand":1,"DemandMax":null,"Value":460},{"Length":175,"Height":3,"Demand":1,"DemandMax":null,"Value":525},{"Length":69,"Height":7,"Demand":1,"DemandMax":null,"Value":483},{"Length":7,"Height":69,"Demand":1,"DemandMax":null,"Value":483},{"Length":5,"Height":97,"Demand":1,"DemandMax":null,"Value":485},{"Length":10,"Height":44,"Demand":1,"DemandMax":null,"Value":440},{"Length":32,"Height":14,"Demand":4,"DemandMax":null,"Value":448},{"Length":78,"Height":6,"Demand":1,"DemandMax":null,"Value":468},{"Length":106,"Height":4,"Demand":3,"DemandMax":null,"Value":424},{"Length":91,"Height":5,"Demand":1,"DemandMax":null,"Value":455},{"Length":5,"Height":84,"Demand":1,"DemandMax":null,"Value":420},{"Length":43,"Height":10,"Demand":1,"DemandMax":null,"Value":430},{"Length":60,"Height":8,"Demand":1,"DemandMax":null,"Value":480},{"Length":3,"Height":135,"Demand":1,"DemandMax":null,"Value":405},{"Length":11,"Height":41,"Demand":2,"DemandMax":null,"Value":451},{"Length":31,"Height":15,"Demand":1,"DemandMax":null,"Value":465},{"Length":2,"Height":184,"Demand":1,"DemandMax":null,"Value":368},{"Length":33,"Height":13,"Demand":2,"DemandMax":null,"Value":429},{"Length":11,"Height":40,"Demand":1,"DemandMax":null,"Value":440},{"Length":18,"Height":26,"Demand":1,"DemandMax":null,"Value":468},{"Length":72,"Height":6,"Demand":1,"DemandMax":null,"Value":432},{"Length":16,"Height":28,"Demand":1,"DemandMax":null,"Value":448},{"Length":29,"Height":16,"Demand":1,"DemandMax":null,"Value":464},{"Length":8,"Height":54,"Demand":2,"DemandMax":null,"Value":432},{"Length":10,"Height":46,"Demand":2,"DemandMax":null,"Value":460},{"Length":3,"Height":140,"Demand":2,"DemandMax":null,"Value":420},{"Length":76,"Height":6,"Demand":2,"DemandMax":null,"Value":456},{"Length":12,"Height":36,"Demand":1,"DemandMax":null,"Value":432},{"Length":200,"Height":2,"Demand":1,"DemandMax":null,"Value":400},{"Length":4,"Height":119,"Demand":2,"DemandMax":null,"Value":476},{"Length":69,"Height":6,"Demand":1,"DemandMax":null,"Value":414},{"Length":4,"Height":101,"Demand":2,"DemandMax":null,"Value":404},{"Length":40,"Height":11,"Demand":1,"DemandMax":null,"Value":440},{"Length":8,"Height":53,"Demand":1,"DemandMax":null,"Value":424},{"Length":17,"Height":25,"Demand":2,"DemandMax":null,"Value":425},{"Length":23,"Height":19,"Demand":1,"DemandMax":null,"Value":437},{"Length":84,"Height":5,"Demand":1,"DemandMax":null,"Value":420},{"Length":3,"Height":126,"Demand":1,"DemandMax":null,"Value":378},{"Length":18,"Height":24,"Demand":1,"DemandMax":null,"Value":432},{"Length":74,"Height":6,"Demand":1,"DemandMax":null,"Value":444},{"Length":68,"Height":6,"Demand":1,"DemandMax":null,"Value":408},{"Length":5,"Height":94,"Demand":1,"DemandMax":null,"Value":470},{"Length":54,"Height":8,"Demand":1,"DemandMax":null,"Value":432},{"Length":47,"Height":9,"Demand":2,"DemandMax":null,"Value":423},{"Length":19,"Height":23,"Demand":1,"DemandMax":null,"Value":437},{"Length":26,"Height":17,"Demand":1,"DemandMax":null,"Value":442},{"Length":49,"Height":9,"Demand":1,"DemandMax":null,"Value":441},{"Length":88,"Height":5,"Demand":1,"DemandMax":null,"Value":440},{"Length":24,"Height":18,"Demand":3,"DemandMax":null,"Value":432},{"Length":29,"Height":15,"Demand":2,"DemandMax":null,"Value":435},{"Length":4,"Height":109,"Demand":1,"DemandMax":null,"Value":436},{"Length":11,"Height":38,"Demand":1,"DemandMax":null,"Value":418},{"Length":27,"Height":16,"Demand":3,"DemandMax":null,"Value":432},{"Length":7,"Height":59,"Demand":1,"DemandMax":null,"Value":413},{"Length":21,"Height":21,"Demand":1,"DemandMax":null,"Value":441},{"Length":22,"Height":20,"Demand":1,"DemandMax":null,"Value":440},{"Length":13,"Height":34,"Demand":1,"DemandMax":null,"Value":442},{"Length":36,"Height":12,"Demand":1,"DemandMax":null,"Value":432},{"Length":39,"Height":11,"Demand":1,"DemandMax":null,"Value":429},{"Length":10,"Height":45,"Demand":2,"DemandMax":null,"Value":450},{"Length":75,"Height":6,"Demand":1,"DemandMax":null,"Value":450},{"Length":6,"Height":71,"Demand":2,"DemandMax":null,"Value":426},{"Length":48,"Height":9,"Demand":1,"DemandMax":null,"Value":432},{"Length":19,"Height":22,"Demand":1,"DemandMax":null,"Value":418},{"Length":67,"Height":6,"Demand":2,"DemandMax":null,"Value":402},{"Length":12,"Height":35,"Demand":5,"DemandMax":null,"Value":420},{"Length":3,"Height":164,"Demand":1,"DemandMax":null,"Value":492},{"Length":170,"Height":2,"Demand":3,"DemandMax":null,"Value":340},{"Length":12,"Height":34,"Demand":4,"DemandMax":null,"Value":408},{"Length":7,"Height":64,"Demand":1,"DemandMax":null,"Value":448},{"Length":2,"Height":178,"Demand":1,"DemandMax":null,"Value":356},{"Length":2,"Height":169,"Demand":2,"DemandMax":null,"Value":338},{"Length":66,"Height":6,"Demand":2,"DemandMax":null,"Value":396},{"Length":16,"Height":26,"Demand":1,"DemandMax":null,"Value":416},{"Length":35,"Height":12,"Demand":1,"DemandMax":null,"Value":420},{"Length":5,"Height":87,"Demand":1,"DemandMax":null,"Value":435},{"Length":3,"Height":153,"Demand":1,"DemandMax":null,"Value":459},{"Length":6,"Height":69,"Demand":1,"DemandMax":null,"Value":414},{"Length":21,"Height":20,"Demand":1,"DemandMax":null,"Value":420},{"Length":26,"Height":16,"Demand":1,"DemandMax":null,"Value":416},{"Length":64,"Height":7,"Demand":1,"DemandMax":null,"Value":448},{"Length":9,"Height":45,"Demand":3,"DemandMax":null,"Value":405},{"Length":98,"Height":4,"Demand":3,"DemandMax":null,"Value":392},{"Length":27,"Height":15,"Demand":2,"DemandMax":null,"Value":405},{"Length":5,"Height":76,"Demand":2,"DemandMax":null,"Value":380},{"Length":64,"Height":6,"Demand":2,"DemandMax":null,"Value":384},{"Length":32,"Height":13,"Demand":1,"DemandMax":null,"Value":416},{"Length":25,"Height":17,"Demand":1,"DemandMax":null,"Value":425},{"Length":16,"Height":25,"Demand":1,"DemandMax":null,"Value":400},{"Length":4,"Height":98,"Demand":2,"DemandMax":null,"Value":392},{"Length":58,"Height":7,"Demand":1,"DemandMax":null,"Value":406},{"Length":11,"Height":39,"Demand":1,"DemandMax":null,"Value":429},{"Length":97,"Height":4,"Demand":1,"DemandMax":null,"Value":388},{"Length":6,"Height":68,"Demand":3,"DemandMax":null,"Value":408},{"Length":51,"Height":8,"Demand":1,"DemandMax":null,"Value":408},{"Length":135,"Height":3,"Demand":2,"DemandMax":null,"Value":405},{"Length":10,"Height":41,"Demand":4,"DemandMax":null,"Value":410},{"Length":5,"Height":80,"Demand":2,"DemandMax":null,"Value":400},{"Length":71,"Height":6,"Demand":2,"DemandMax":null,"Value":426},{"Length":13,"Height":31,"Demand":2,"DemandMax":null,"Value":403},{"Length":59,"Height":7,"Demand":1,"DemandMax":null,"Value":413},{"Length":7,"Height":62,"Demand":1,"DemandMax":null,"Value":434},{"Length":20,"Height":20,"Demand":2,"DemandMax":null,"Value":400},{"Length":14,"Height":29,"Demand":2,"DemandMax":null,"Value":406},{"Length":28,"Height":15,"Demand":1,"DemandMax":null,"Value":420},{"Length":25,"Height":16,"Demand":1,"DemandMax":null,"Value":400},{"Length":12,"Height":33,"Demand":1,"DemandMax":null,"Value":396},{"Length":121,"Height":3,"Demand":2,"DemandMax":null,"Value":363},{"Length":4,"Height":110,"Demand":2,"DemandMax":null,"Value":440},{"Length":7,"Height":57,"Demand":1,"DemandMax":null,"Value":399},{"Length":17,"Height":23,"Demand":2,"DemandMax":null,"Value":391},{"Length":60,"Height":7,"Demand":1,"DemandMax":null,"Value":420},{"Length":2,"Height":198,"Demand":1,"DemandMax":null,"Value":396},{"Length":65,"Height":6,"Demand":1,"DemandMax":null,"Value":390},{"Length":99,"Height":4,"Demand":1,"DemandMax":null,"Value":396},{"Length":24,"Height":16,"Demand":3,"DemandMax":null,"Value":384},{"Length":7,"Height":61,"Demand":1,"DemandMax":null,"Value":427},{"Length":2,"Height":195,"Demand":1,"DemandMax":null,"Value":390},{"Length":5,"Height":82,"Demand":1,"DemandMax":null,"Value":410},{"Length":11,"Height":34,"Demand":4,"DemandMax":null,"Value":374},{"Length":11,"Height":37,"Demand":1,"DemandMax":null,"Value":407},{"Length":2,"Height":179,"Demand":2,"DemandMax":null,"Value":358},{"Length":52,"Height":8,"Demand":1,"DemandMax":null,"Value":416},{"Length":17,"Height":24,"Demand":1,"DemandMax":null,"Value":408},{"Length":11,"Height":35,"Demand":3,"DemandMax":null,"Value":385},{"Length":5,"Height":77,"Demand":1,"DemandMax":null,"Value":385},{"Length":36,"Height":11,"Demand":1,"DemandMax":null,"Value":396},{"Length":150,"Height":3,"Demand":1,"DemandMax":null,"Value":450},{"Length":31,"Height":13,"Demand":2,"DemandMax":null,"Value":403},{"Length":35,"Height":11,"Demand":2,"DemandMax":null,"Value":385},{"Length":13,"Height":30,"Demand":3,"DemandMax":null,"Value":390},{"Length":10,"Height":38,"Demand":3,"DemandMax":null,"Value":380},{"Length":54,"Height":7,"Demand":1,"DemandMax":null,"Value":378},{"Length":19,"Height":21,"Demand":1,"DemandMax":null,"Value":399},{"Length":9,"Height":44,"Demand":3,"DemandMax":null,"Value":396},{"Length":2,"Height":159,"Demand":5,"DemandMax":null,"Value":318},{"Length":4,"Height":95,"Demand":1,"DemandMax":null,"Value":380},{"Length":27,"Height":14,"Demand":1,"DemandMax":null,"Value":378},{"Length":89,"Height":4,"Demand":4,"DemandMax":null,"Value":356},{"Length":30,"Height":13,"Demand":2,"DemandMax":null,"Value":390},{"Length":12,"Height":32,"Demand":3,"DemandMax":null,"Value":384},{"Length":6,"Height":64,"Demand":1,"DemandMax":null,"Value":384},{"Length":3,"Height":137,"Demand":1,"DemandMax":null,"Value":411},{"Length":29,"Height":13,"Demand":4,"DemandMax":null,"Value":377},{"Length":47,"Height":8,"Demand":2,"DemandMax":null,"Value":376},{"Length":13,"Height":29,"Demand":1,"DemandMax":null,"Value":377},{"Length":57,"Height":7,"Demand":3,"DemandMax":null,"Value":399},{"Length":18,"Height":21,"Demand":1,"DemandMax":null,"Value":378},{"Length":3,"Height":141,"Demand":1,"DemandMax":null,"Value":423},{"Length":8,"Height":47,"Demand":2,"DemandMax":null,"Value":376},{"Length":11,"Height":36,"Demand":1,"DemandMax":null,"Value":396},{"Length":4,"Height":91,"Demand":2,"DemandMax":null,"Value":364},{"Length":6,"Height":62,"Demand":1,"DemandMax":null,"Value":372},{"Length":6,"Height":60,"Demand":1,"DemandMax":null,"Value":360},{"Length":44,"Height":9,"Demand":1,"DemandMax":null,"Value":396},{"Length":18,"Height":22,"Demand":1,"DemandMax":null,"Value":396},{"Length":19,"Height":20,"Demand":1,"DemandMax":null,"Value":380},{"Length":127,"Height":3,"Demand":2,"DemandMax":null,"Value":381},{"Length":117,"Height":3,"Demand":1,"DemandMax":null,"Value":351},{"Length":5,"Height":83,"Demand":1,"DemandMax":null,"Value":415},{"Length":115,"Height":3,"Demand":2,"DemandMax":null,"Value":345},{"Length":4,"Height":92,"Demand":2,"DemandMax":null,"Value":368},{"Length":56,"Height":7,"Demand":2,"DemandMax":null,"Value":392},{"Length":62,"Height":6,"Demand":1,"DemandMax":null,"Value":372},{"Length":22,"Height":18,"Demand":1,"DemandMax":null,"Value":396},{"Length":55,"Height":7,"Demand":1,"DemandMax":null,"Value":385},{"Length":8,"Height":45,"Demand":2,"DemandMax":null,"Value":360},{"Length":38,"Height":10,"Demand":1,"DemandMax":null,"Value":380},{"Length":114,"Height":3,"Demand":3,"DemandMax":null,"Value":342},{"Length":7,"Height":54,"Demand":4,"DemandMax":null,"Value":378},{"Length":102,"Height":4,"Demand":1,"DemandMax":null,"Value":408},{"Length":6,"Height":61,"Demand":1,"DemandMax":null,"Value":366},{"Length":4,"Height":102,"Demand":1,"DemandMax":null,"Value":408},{"Length":75,"Height":5,"Demand":1,"DemandMax":null,"Value":375},{"Length":37,"Height":10,"Demand":6,"DemandMax":null,"Value":370},{"Length":59,"Height":6,"Demand":4,"DemandMax":null,"Value":354},{"Length":14,"Height":27,"Demand":2,"DemandMax":null,"Value":378},{"Length":36,"Height":10,"Demand":2,"DemandMax":null,"Value":360},{"Length":3,"Height":124,"Demand":1,"DemandMax":null,"Value":372},{"Length":32,"Height":12,"Demand":1,"DemandMax":null,"Value":384},{"Length":72,"Height":5,"Demand":1,"DemandMax":null,"Value":360},{"Length":3,"Height":131,"Demand":1,"DemandMax":null,"Value":393},{"Length":8,"Height":46,"Demand":2,"DemandMax":null,"Value":368},{"Length":20,"Height":18,"Demand":2,"DemandMax":null,"Value":360},{"Length":93,"Height":4,"Demand":1,"DemandMax":null,"Value":372},{"Length":188,"Height":2,"Demand":1,"DemandMax":null,"Value":376},{"Length":58,"Height":6,"Demand":5,"DemandMax":null,"Value":348},{"Length":50,"Height":7,"Demand":1,"DemandMax":null,"Value":350},{"Length":21,"Height":17,"Demand":1,"DemandMax":null,"Value":357},{"Length":68,"Height":5,"Demand":1,"DemandMax":null,"Value":340},{"Length":4,"Height":89,"Demand":2,"DemandMax":null,"Value":356},{"Length":6,"Height":58,"Demand":3,"DemandMax":null,"Value":348},{"Length":53,"Height":7,"Demand":2,"DemandMax":null,"Value":371},{"Length":80,"Height":5,"Demand":1,"DemandMax":null,"Value":400},{"Length":23,"Height":16,"Demand":3,"DemandMax":null,"Value":368},{"Length":88,"Height":4,"Demand":3,"DemandMax":null,"Value":352},{"Length":11,"Height":32,"Demand":3,"DemandMax":null,"Value":352},{"Length":26,"Height":14,"Demand":3,"DemandMax":null,"Value":364},{"Length":10,"Height":36,"Demand":2,"DemandMax":null,"Value":360},{"Length":4,"Height":84,"Demand":5,"DemandMax":null,"Value":336},{"Length":10,"Height":37,"Demand":1,"DemandMax":null,"Value":370},{"Length":21,"Height":18,"Demand":1,"DemandMax":null,"Value":378},{"Length":9,"Height":40,"Demand":1,"DemandMax":null,"Value":360},{"Length":46,"Height":8,"Demand":2,"DemandMax":null,"Value":368},{"Length":15,"Height":25,"Demand":1,"DemandMax":null,"Value":375},{"Length":3,"Height":129,"Demand":1,"DemandMax":null,"Value":387},{"Length":5,"Height":79,"Demand":1,"DemandMax":null,"Value":395},{"Length":110,"Height":3,"Demand":4,"DemandMax":null,"Value":330},{"Length":25,"Height":15,"Demand":1,"DemandMax":null,"Value":375},{"Length":4,"Height":86,"Demand":1,"DemandMax":null,"Value":344},{"Length":3,"Height":105,"Demand":1,"DemandMax":null,"Value":315},{"Length":11,"Height":33,"Demand":4,"DemandMax":null,"Value":363},{"Length":12,"Height":31,"Demand":1,"DemandMax":null,"Value":372},{"Length":70,"Height":5,"Demand":3,"DemandMax":null,"Value":350},{"Length":106,"Height":3,"Demand":1,"DemandMax":null,"Value":318},{"Length":19,"Height":19,"Demand":2,"DemandMax":null,"Value":361},{"Length":18,"Height":20,"Demand":2,"DemandMax":null,"Value":360},{"Length":33,"Height":11,"Demand":4,"DemandMax":null,"Value":363},{"Length":45,"Height":8,"Demand":1,"DemandMax":null,"Value":360},{"Length":73,"Height":5,"Demand":1,"DemandMax":null,"Value":365},{"Length":10,"Height":35,"Demand":3,"DemandMax":null,"Value":350},{"Length":30,"Height":12,"Demand":1,"DemandMax":null,"Value":360},{"Length":9,"Height":39,"Demand":1,"DemandMax":null,"Value":351},{"Length":9,"Height":42,"Demand":2,"DemandMax":null,"Value":378},{"Length":7,"Height":48,"Demand":2,"DemandMax":null,"Value":336},{"Length":22,"Height":16,"Demand":5,"DemandMax":null,"Value":352},{"Length":4,"Height":83,"Demand":2,"DemandMax":null,"Value":332},{"Length":3,"Height":119,"Demand":1,"DemandMax":null,"Value":357},{"Length":15,"Height":23,"Demand":2,"DemandMax":null,"Value":345},{"Length":5,"Height":68,"Demand":3,"DemandMax":null,"Value":340},{"Length":48,"Height":7,"Demand":3,"DemandMax":null,"Value":336},{"Length":34,"Height":11,"Demand":1,"DemandMax":null,"Value":374},{"Length":13,"Height":27,"Demand":2,"DemandMax":null,"Value":351},{"Length":28,"Height":13,"Demand":1,"DemandMax":null,"Value":364},{"Length":6,"Height":56,"Demand":4,"DemandMax":null,"Value":336},{"Length":6,"Height":63,"Demand":2,"DemandMax":null,"Value":378},{"Length":29,"Height":12,"Demand":1,"DemandMax":null,"Value":348},{"Length":23,"Height":15,"Demand":3,"DemandMax":null,"Value":345},{"Length":25,"Height":14,"Demand":1,"DemandMax":null,"Value":350},{"Length":56,"Height":6,"Demand":2,"DemandMax":null,"Value":336},{"Length":3,"Height":116,"Demand":2,"DemandMax":null,"Value":348},{"Length":14,"Height":26,"Demand":1,"DemandMax":null,"Value":364},{"Length":12,"Height":30,"Demand":2,"DemandMax":null,"Value":360},{"Length":125,"Height":3,"Demand":1,"DemandMax":null,"Value":375},{"Length":10,"Height":34,"Demand":4,"DemandMax":null,"Value":340},{"Length":12,"Height":29,"Demand":1,"DemandMax":null,"Value":348},{"Length":55,"Height":6,"Demand":2,"DemandMax":null,"Value":330},{"Length":4,"Height":85,"Demand":2,"DemandMax":null,"Value":340},{"Length":6,"Height":54,"Demand":2,"DemandMax":null,"Value":324},{"Length":147,"Height":2,"Demand":2,"DemandMax":null,"Value":294},{"Length":11,"Height":31,"Demand":2,"DemandMax":null,"Value":341},{"Length":3,"Height":130,"Demand":2,"DemandMax":null,"Value":390},{"Length":35,"Height":10,"Demand":4,"DemandMax":null,"Value":350},{"Length":32,"Height":11,"Demand":4,"DemandMax":null,"Value":352},{"Length":17,"Height":21,"Demand":2,"DemandMax":null,"Value":357},{"Length":66,"Height":5,"Demand":8,"DemandMax":null,"Value":330},{"Length":31,"Height":11,"Demand":2,"DemandMax":null,"Value":341},{"Length":3,"Height":133,"Demand":1,"DemandMax":null,"Value":399},{"Length":102,"Height":3,"Demand":4,"DemandMax":null,"Value":306},{"Length":15,"Height":24,"Demand":1,"DemandMax":null,"Value":360},{"Length":27,"Height":13,"Demand":1,"DemandMax":null,"Value":351},{"Length":2,"Height":150,"Demand":3,"DemandMax":null,"Value":300},{"Length":52,"Height":7,"Demand":1,"DemandMax":null,"Value":364},{"Length":51,"Height":7,"Demand":2,"DemandMax":null,"Value":357},{"Length":2,"Height":175,"Demand":2,"DemandMax":null,"Value":350},{"Length":24,"Height":15,"Demand":1,"DemandMax":null,"Value":360},{"Length":5,"Height":65,"Demand":1,"DemandMax":null,"Value":325},{"Length":18,"Height":19,"Demand":1,"DemandMax":null,"Value":342},{"Length":14,"Height":24,"Demand":3,"DemandMax":null,"Value":336},{"Length":44,"Height":8,"Demand":2,"DemandMax":null,"Value":352},{"Length":42,"Height":8,"Demand":5,"DemandMax":null,"Value":336},{"Length":6,"Height":57,"Demand":1,"DemandMax":null,"Value":342},{"Length":20,"Height":17,"Demand":6,"DemandMax":null,"Value":340},{"Length":9,"Height":37,"Demand":4,"DemandMax":null,"Value":333},{"Length":5,"Height":63,"Demand":2,"DemandMax":null,"Value":315},{"Length":132,"Height":3,"Demand":1,"DemandMax":null,"Value":396},{"Length":10,"Height":33,"Demand":5,"DemandMax":null,"Value":330},{"Length":30,"Height":11,"Demand":3,"DemandMax":null,"Value":330},{"Length":5,"Height":71,"Demand":1,"DemandMax":null,"Value":355},{"Length":21,"Height":16,"Demand":4,"DemandMax":null,"Value":336},{"Length":13,"Height":26,"Demand":1,"DemandMax":null,"Value":338},{"Length":38,"Height":9,"Demand":1,"DemandMax":null,"Value":342},{"Length":8,"Height":41,"Demand":3,"DemandMax":null,"Value":328},{"Length":16,"Height":21,"Demand":3,"DemandMax":null,"Value":336},{"Length":27,"Height":12,"Demand":6,"DemandMax":null,"Value":324},{"Length":2,"Height":164,"Demand":1,"DemandMax":null,"Value":328},{"Length":34,"Height":10,"Demand":1,"DemandMax":null,"Value":340},{"Length":7,"Height":50,"Demand":1,"DemandMax":null,"Value":350},{"Length":133,"Height":3,"Demand":1,"DemandMax":null,"Value":399},{"Length":4,"Height":87,"Demand":2,"DemandMax":null,"Value":348},{"Length":11,"Height":30,"Demand":3,"DemandMax":null,"Value":330},{"Length":10,"Height":32,"Demand":3,"DemandMax":null,"Value":320},{"Length":3,"Height":101,"Demand":3,"DemandMax":null,"Value":303},{"Length":14,"Height":25,"Demand":1,"DemandMax":null,"Value":350},{"Length":22,"Height":15,"Demand":2,"DemandMax":null,"Value":330},{"Length":40,"Height":8,"Demand":3,"DemandMax":null,"Value":320},{"Length":7,"Height":46,"Demand":2,"DemandMax":null,"Value":322},{"Length":5,"Height":69,"Demand":1,"DemandMax":null,"Value":345},{"Length":16,"Height":20,"Demand":5,"DemandMax":null,"Value":320},{"Length":26,"Height":13,"Demand":5,"DemandMax":null,"Value":338},{"Length":2,"Height":141,"Demand":4,"DemandMax":null,"Value":282},{"Length":8,"Height":40,"Demand":2,"DemandMax":null,"Value":320},{"Length":128,"Height":3,"Demand":1,"DemandMax":null,"Value":384},{"Length":3,"Height":104,"Demand":2,"DemandMax":null,"Value":312},{"Length":2,"Height":152,"Demand":2,"DemandMax":null,"Value":304},{"Length":150,"Height":2,"Demand":1,"DemandMax":null,"Value":300},{"Length":13,"Height":25,"Demand":2,"DemandMax":null,"Value":325},{"Length":3,"Height":121,"Demand":1,"DemandMax":null,"Value":363},{"Length":3,"Height":113,"Demand":1,"DemandMax":null,"Value":339},{"Length":9,"Height":36,"Demand":5,"DemandMax":null,"Value":324},{"Length":5,"Height":62,"Demand":11,"DemandMax":null,"Value":310},{"Length":77,"Height":4,"Demand":7,"DemandMax":null,"Value":308},{"Length":9,"Height":38,"Demand":1,"DemandMax":null,"Value":342},{"Length":36,"Height":9,"Demand":2,"DemandMax":null,"Value":324},{"Length":133,"Height":2,"Demand":3,"DemandMax":null,"Value":266},{"Length":7,"Height":44,"Demand":2,"DemandMax":null,"Value":308},{"Length":105,"Height":3,"Demand":3,"DemandMax":null,"Value":315},{"Length":81,"Height":4,"Demand":1,"DemandMax":null,"Value":324},{"Length":19,"Height":17,"Demand":4,"DemandMax":null,"Value":323},{"Length":9,"Height":35,"Demand":4,"DemandMax":null,"Value":315},{"Length":49,"Height":7,"Demand":2,"DemandMax":null,"Value":343},{"Length":65,"Height":5,"Demand":3,"DemandMax":null,"Value":325},{"Length":14,"Height":23,"Demand":2,"DemandMax":null,"Value":322},{"Length":2,"Height":137,"Demand":1,"DemandMax":null,"Value":274},{"Length":73,"Height":4,"Demand":4,"DemandMax":null,"Value":292},{"Length":29,"Height":11,"Demand":3,"DemandMax":null,"Value":319},{"Length":52,"Height":6,"Demand":1,"DemandMax":null,"Value":312},{"Length":84,"Height":4,"Demand":1,"DemandMax":null,"Value":336},{"Length":6,"Height":53,"Demand":3,"DemandMax":null,"Value":318},{"Length":3,"Height":117,"Demand":3,"DemandMax":null,"Value":351},{"Length":116,"Height":3,"Demand":2,"DemandMax":null,"Value":348},{"Length":111,"Height":3,"Demand":3,"DemandMax":null,"Value":333},{"Length":8,"Height":39,"Demand":1,"DemandMax":null,"Value":312},{"Length":37,"Height":9,"Demand":1,"DemandMax":null,"Value":333},{"Length":15,"Height":21,"Demand":3,"DemandMax":null,"Value":315},{"Length":4,"Height":93,"Demand":1,"DemandMax":null,"Value":372},{"Length":3,"Height":102,"Demand":2,"DemandMax":null,"Value":306},{"Length":6,"Height":52,"Demand":2,"DemandMax":null,"Value":312},{"Length":4,"Height":77,"Demand":4,"DemandMax":null,"Value":308},{"Length":33,"Height":10,"Demand":3,"DemandMax":null,"Value":330},{"Length":3,"Height":123,"Demand":1,"DemandMax":null,"Value":369},{"Length":6,"Height":50,"Demand":3,"DemandMax":null,"Value":300},{"Length":5,"Height":60,"Demand":3,"DemandMax":null,"Value":300},{"Length":5,"Height":64,"Demand":1,"DemandMax":null,"Value":320},{"Length":39,"Height":8,"Demand":4,"DemandMax":null,"Value":312},{"Length":129,"Height":3,"Demand":1,"DemandMax":null,"Value":387},{"Length":2,"Height":140,"Demand":1,"DemandMax":null,"Value":280},{"Length":4,"Height":80,"Demand":2,"DemandMax":null,"Value":320},{"Length":98,"Height":3,"Demand":5,"DemandMax":null,"Value":294},{"Length":12,"Height":26,"Demand":3,"DemandMax":null,"Value":312},{"Length":119,"Height":3,"Demand":1,"DemandMax":null,"Value":357},{"Length":4,"Height":90,"Demand":1,"DemandMax":null,"Value":360},{"Length":2,"Height":177,"Demand":2,"DemandMax":null,"Value":354},{"Length":11,"Height":29,"Demand":7,"DemandMax":null,"Value":319},{"Length":20,"Height":16,"Demand":3,"DemandMax":null,"Value":320},{"Length":63,"Height":5,"Demand":1,"DemandMax":null,"Value":315},{"Length":24,"Height":13,"Demand":5,"DemandMax":null,"Value":312},{"Length":54,"Height":6,"Demand":3,"DemandMax":null,"Value":324},{"Length":3,"Height":111,"Demand":2,"DemandMax":null,"Value":333},{"Length":163,"Height":2,"Demand":2,"DemandMax":null,"Value":326},{"Length":7,"Height":47,"Demand":1,"DemandMax":null,"Value":329},{"Length":2,"Height":160,"Demand":2,"DemandMax":null,"Value":320},{"Length":86,"Height":4,"Demand":1,"DemandMax":null,"Value":344},{"Length":35,"Height":9,"Demand":2,"DemandMax":null,"Value":315},{"Length":122,"Height":3,"Demand":1,"DemandMax":null,"Value":366},{"Length":6,"Height":55,"Demand":3,"DemandMax":null,"Value":330},{"Length":21,"Height":15,"Demand":2,"DemandMax":null,"Value":315},{"Length":79,"Height":4,"Demand":1,"DemandMax":null,"Value":316},{"Length":59,"Height":5,"Demand":5,"DemandMax":null,"Value":295},{"Length":14,"Height":22,"Demand":3,"DemandMax":null,"Value":308},{"Length":4,"Height":75,"Demand":5,"DemandMax":null,"Value":300},{"Length":34,"Height":9,"Demand":1,"DemandMax":null,"Value":306},{"Length":11,"Height":28,"Demand":3,"DemandMax":null,"Value":308},{"Length":5,"Height":61,"Demand":1,"DemandMax":null,"Value":305},{"Length":30,"Height":10,"Demand":6,"DemandMax":null,"Value":300},{"Length":50,"Height":6,"Demand":3,"DemandMax":null,"Value":300},{"Length":9,"Height":34,"Demand":4,"DemandMax":null,"Value":306},{"Length":32,"Height":10,"Demand":3,"DemandMax":null,"Value":320},{"Length":38,"Height":8,"Demand":6,"DemandMax":null,"Value":304},{"Length":12,"Height":27,"Demand":1,"DemandMax":null,"Value":324},{"Length":10,"Height":31,"Demand":2,"DemandMax":null,"Value":310},{"Length":33,"Height":9,"Demand":2,"DemandMax":null,"Value":297},{"Length":97,"Height":3,"Demand":2,"DemandMax":null,"Value":291},{"Length":45,"Height":7,"Demand":2,"DemandMax":null,"Value":315},{"Length":5,"Height":59,"Demand":3,"DemandMax":null,"Value":295},{"Length":17,"Height":18,"Demand":2,"DemandMax":null,"Value":306},{"Length":8,"Height":37,"Demand":2,"DemandMax":null,"Value":296},{"Length":4,"Height":76,"Demand":1,"DemandMax":null,"Value":304},{"Length":5,"Height":58,"Demand":3,"DemandMax":null,"Value":290},{"Length":47,"Height":7,"Demand":5,"DemandMax":null,"Value":329},{"Length":2,"Height":126,"Demand":3,"DemandMax":null,"Value":252},{"Length":2,"Height":171,"Demand":2,"DemandMax":null,"Value":342},{"Length":26,"Height":12,"Demand":6,"DemandMax":null,"Value":312},{"Length":22,"Height":14,"Demand":3,"DemandMax":null,"Value":308},{"Length":27,"Height":11,"Demand":3,"DemandMax":null,"Value":297},{"Length":18,"Height":17,"Demand":2,"DemandMax":null,"Value":306},{"Length":23,"Height":14,"Demand":1,"DemandMax":null,"Value":322},{"Length":19,"Height":16,"Demand":3,"DemandMax":null,"Value":304},{"Length":155,"Height":2,"Demand":2,"DemandMax":null,"Value":310},{"Length":8,"Height":38,"Demand":2,"DemandMax":null,"Value":304},{"Length":31,"Height":10,"Demand":7,"DemandMax":null,"Value":310},{"Length":13,"Height":24,"Demand":2,"DemandMax":null,"Value":312},{"Length":9,"Height":33,"Demand":3,"DemandMax":null,"Value":297},{"Length":28,"Height":11,"Demand":4,"DemandMax":null,"Value":308},{"Length":13,"Height":23,"Demand":4,"DemandMax":null,"Value":299},{"Length":4,"Height":82,"Demand":4,"DemandMax":null,"Value":328},{"Length":3,"Height":96,"Demand":2,"DemandMax":null,"Value":288},{"Length":61,"Height":5,"Demand":3,"DemandMax":null,"Value":305},{"Length":48,"Height":6,"Demand":3,"DemandMax":null,"Value":288},{"Length":12,"Height":25,"Demand":4,"DemandMax":null,"Value":300},{"Length":118,"Height":3,"Demand":1,"DemandMax":null,"Value":354},{"Length":46,"Height":7,"Demand":1,"DemandMax":null,"Value":322},{"Length":15,"Height":20,"Demand":3,"DemandMax":null,"Value":300},{"Length":11,"Height":27,"Demand":2,"DemandMax":null,"Value":297},{"Length":2,"Height":172,"Demand":3,"DemandMax":null,"Value":344},{"Length":3,"Height":92,"Demand":3,"DemandMax":null,"Value":276},{"Length":7,"Height":43,"Demand":3,"DemandMax":null,"Value":301},{"Length":88,"Height":3,"Demand":1,"DemandMax":null,"Value":264},{"Length":2,"Height":148,"Demand":2,"DemandMax":null,"Value":296},{"Length":32,"Height":9,"Demand":4,"DemandMax":null,"Value":288},{"Length":5,"Height":56,"Demand":3,"DemandMax":null,"Value":280},{"Length":3,"Height":100,"Demand":2,"DemandMax":null,"Value":300},{"Length":7,"Height":41,"Demand":2,"DemandMax":null,"Value":287},{"Length":113,"Height":3,"Demand":2,"DemandMax":null,"Value":339},{"Length":22,"Height":13,"Demand":1,"DemandMax":null,"Value":286},{"Length":37,"Height":8,"Demand":4,"DemandMax":null,"Value":296},{"Length":21,"Height":14,"Demand":4,"DemandMax":null,"Value":294},{"Length":8,"Height":36,"Demand":5,"DemandMax":null,"Value":288},{"Length":2,"Height":128,"Demand":2,"DemandMax":null,"Value":256},{"Length":4,"Height":73,"Demand":2,"DemandMax":null,"Value":292},{"Length":16,"Height":19,"Demand":2,"DemandMax":null,"Value":304},{"Length":75,"Height":4,"Demand":2,"DemandMax":null,"Value":300},{"Length":91,"Height":3,"Demand":1,"DemandMax":null,"Value":273},{"Length":6,"Height":47,"Demand":2,"DemandMax":null,"Value":282},{"Length":23,"Height":13,"Demand":3,"DemandMax":null,"Value":299},{"Length":17,"Height":17,"Demand":3,"DemandMax":null,"Value":289},{"Length":4,"Height":68,"Demand":2,"DemandMax":null,"Value":272},{"Length":125,"Height":2,"Demand":1,"DemandMax":null,"Value":250},{"Length":6,"Height":51,"Demand":1,"DemandMax":null,"Value":306},{"Length":9,"Height":32,"Demand":4,"DemandMax":null,"Value":288},{"Length":3,"Height":107,"Demand":1,"DemandMax":null,"Value":321},{"Length":7,"Height":40,"Demand":1,"DemandMax":null,"Value":280},{"Length":44,"Height":7,"Demand":3,"DemandMax":null,"Value":308},{"Length":24,"Height":12,"Demand":2,"DemandMax":null,"Value":288},{"Length":29,"Height":10,"Demand":2,"DemandMax":null,"Value":290},{"Length":51,"Height":6,"Demand":3,"DemandMax":null,"Value":306},{"Length":10,"Height":29,"Demand":6,"DemandMax":null,"Value":290},{"Length":82,"Height":4,"Demand":2,"DemandMax":null,"Value":328},{"Length":25,"Height":12,"Demand":2,"DemandMax":null,"Value":300},{"Length":7,"Height":45,"Demand":1,"DemandMax":null,"Value":315},{"Length":10,"Height":30,"Demand":3,"DemandMax":null,"Value":300},{"Length":47,"Height":6,"Demand":1,"DemandMax":null,"Value":282},{"Length":4,"Height":81,"Demand":1,"DemandMax":null,"Value":324},{"Length":16,"Height":18,"Demand":3,"DemandMax":null,"Value":288},{"Length":148,"Height":2,"Demand":2,"DemandMax":null,"Value":296},{"Length":9,"Height":31,"Demand":2,"DemandMax":null,"Value":279},{"Length":83,"Height":4,"Demand":1,"DemandMax":null,"Value":332},{"Length":18,"Height":16,"Demand":4,"DemandMax":null,"Value":288},{"Length":2,"Height":158,"Demand":2,"DemandMax":null,"Value":316},{"Length":31,"Height":9,"Demand":2,"DemandMax":null,"Value":279},{"Length":119,"Height":2,"Demand":2,"DemandMax":null,"Value":238},{"Length":40,"Height":7,"Demand":3,"DemandMax":null,"Value":280},{"Length":3,"Height":89,"Demand":1,"DemandMax":null,"Value":267},{"Length":3,"Height":87,"Demand":2,"DemandMax":null,"Value":261},{"Length":11,"Height":26,"Demand":6,"DemandMax":null,"Value":286},{"Length":14,"Height":20,"Demand":5,"DemandMax":null,"Value":280},{"Length":26,"Height":11,"Demand":4,"DemandMax":null,"Value":286},{"Length":3,"Height":90,"Demand":2,"DemandMax":null,"Value":270},{"Length":72,"Height":4,"Demand":2,"DemandMax":null,"Value":288},{"Length":5,"Height":57,"Demand":2,"DemandMax":null,"Value":285},{"Length":20,"Height":15,"Demand":2,"DemandMax":null,"Value":300},{"Length":14,"Height":21,"Demand":2,"DemandMax":null,"Value":294},{"Length":36,"Height":8,"Demand":3,"DemandMax":null,"Value":288},{"Length":4,"Height":65,"Demand":3,"DemandMax":null,"Value":260},{"Length":12,"Height":23,"Demand":3,"DemandMax":null,"Value":276},{"Length":7,"Height":42,"Demand":1,"DemandMax":null,"Value":294},{"Length":2,"Height":144,"Demand":6,"DemandMax":null,"Value":288},{"Length":60,"Height":5,"Demand":3,"DemandMax":null,"Value":300},{"Length":35,"Height":8,"Demand":2,"DemandMax":null,"Value":280},{"Length":13,"Height":22,"Demand":2,"DemandMax":null,"Value":286},{"Length":2,"Height":143,"Demand":2,"DemandMax":null,"Value":286},{"Length":2,"Height":130,"Demand":2,"DemandMax":null,"Value":260},{"Length":4,"Height":79,"Demand":1,"DemandMax":null,"Value":316},{"Length":6,"Height":45,"Demand":2,"DemandMax":null,"Value":270},{"Length":3,"Height":84,"Demand":2,"DemandMax":null,"Value":252},{"Length":45,"Height":6,"Demand":2,"DemandMax":null,"Value":270},{"Length":19,"Height":15,"Demand":3,"DemandMax":null,"Value":285},{"Length":11,"Height":25,"Demand":1,"DemandMax":null,"Value":275},{"Length":64,"Height":4,"Demand":2,"DemandMax":null,"Value":256},{"Length":20,"Height":14,"Demand":4,"DemandMax":null,"Value":280},{"Length":10,"Height":28,"Demand":4,"DemandMax":null,"Value":280},{"Length":2,"Height":146,"Demand":2,"DemandMax":null,"Value":292},{"Length":6,"Height":46,"Demand":4,"DemandMax":null,"Value":276},{"Length":84,"Height":3,"Demand":2,"DemandMax":null,"Value":252},{"Length":12,"Height":24,"Demand":5,"DemandMax":null,"Value":288},{"Length":39,"Height":7,"Demand":2,"DemandMax":null,"Value":273},{"Length":85,"Height":3,"Demand":2,"DemandMax":null,"Value":255},{"Length":42,"Height":7,"Demand":1,"DemandMax":null,"Value":294},{"Length":100,"Height":3,"Demand":2,"DemandMax":null,"Value":300},{"Length":3,"Height":88,"Demand":1,"DemandMax":null,"Value":264},{"Length":9,"Height":30,"Demand":2,"DemandMax":null,"Value":270},{"Length":41,"Height":7,"Demand":1,"DemandMax":null,"Value":287},{"Length":28,"Height":10,"Demand":2,"DemandMax":null,"Value":280},{"Length":4,"Height":64,"Demand":1,"DemandMax":null,"Value":256},{"Length":108,"Height":3,"Demand":1,"DemandMax":null,"Value":324},{"Length":4,"Height":71,"Demand":1,"DemandMax":null,"Value":284},{"Length":107,"Height":3,"Demand":1,"DemandMax":null,"Value":321},{"Length":8,"Height":34,"Demand":1,"DemandMax":null,"Value":272},{"Length":8,"Height":35,"Demand":1,"DemandMax":null,"Value":280},{"Length":123,"Height":2,"Demand":2,"DemandMax":null,"Value":246},{"Length":3,"Height":81,"Demand":1,"DemandMax":null,"Value":243},{"Length":66,"Height":4,"Demand":1,"DemandMax":null,"Value":264},{"Length":30,"Height":9,"Demand":1,"DemandMax":null,"Value":270},{"Length":62,"Height":5,"Demand":1,"DemandMax":null,"Value":310},{"Length":65,"Height":4,"Demand":3,"DemandMax":null,"Value":260},{"Length":54,"Height":5,"Demand":1,"DemandMax":null,"Value":270},{"Length":17,"Height":16,"Demand":1,"DemandMax":null,"Value":272},{"Length":4,"Height":72,"Demand":2,"DemandMax":null,"Value":288},{"Length":5,"Height":53,"Demand":2,"DemandMax":null,"Value":265},{"Length":44,"Height":6,"Demand":3,"DemandMax":null,"Value":264},{"Length":53,"Height":5,"Demand":1,"DemandMax":null,"Value":265},{"Length":21,"Height":13,"Demand":1,"DemandMax":null,"Value":273},{"Length":38,"Height":7,"Demand":2,"DemandMax":null,"Value":266},{"Length":3,"Height":91,"Demand":1,"DemandMax":null,"Value":273},{"Length":2,"Height":119,"Demand":2,"DemandMax":null,"Value":238},{"Length":3,"Height":97,"Demand":1,"DemandMax":null,"Value":291},{"Length":89,"Height":3,"Demand":1,"DemandMax":null,"Value":267},{"Length":13,"Height":20,"Demand":1,"DemandMax":null,"Value":260},{"Length":24,"Height":11,"Demand":1,"DemandMax":null,"Value":264},{"Length":5,"Height":55,"Demand":1,"DemandMax":null,"Value":275},{"Length":28,"Height":9,"Demand":2,"DemandMax":null,"Value":252},{"Length":3,"Height":77,"Demand":1,"DemandMax":null,"Value":231},{"Length":22,"Height":12,"Demand":1,"DemandMax":null,"Value":264},{"Length":26,"Height":10,"Demand":1,"DemandMax":null,"Value":260},{"Length":37,"Height":7,"Demand":1,"DemandMax":null,"Value":259},{"Length":27,"Height":10,"Demand":1,"DemandMax":null,"Value":270},{"Length":9,"Height":29,"Demand":1,"DemandMax":null,"Value":261},{"Length":23,"Height":11,"Demand":1,"DemandMax":null,"Value":253},{"Length":90,"Height":3,"Demand":2,"DemandMax":null,"Value":270},{"Length":112,"Height":2,"Demand":2,"DemandMax":null,"Value":224},{"Length":34,"Height":8,"Demand":1,"DemandMax":null,"Value":272},{"Length":5,"Height":49,"Demand":1,"DemandMax":null,"Value":245},{"Length":56,"Height":5,"Demand":1,"DemandMax":null,"Value":280},{"Length":10,"Height":25,"Demand":1,"DemandMax":null,"Value":250},{"Length":93,"Height":3,"Demand":2,"DemandMax":null,"Value":279},{"Length":21,"Height":12,"Demand":1,"DemandMax":null,"Value":252},{"Length":14,"Height":18,"Demand":2,"DemandMax":null,"Value":252},{"Length":12,"Height":21,"Demand":1,"DemandMax":null,"Value":252},{"Length":95,"Height":3,"Demand":1,"DemandMax":null,"Value":285},{"Length":32,"Height":8,"Demand":1,"DemandMax":null,"Value":256},{"Length":14,"Height":17,"Demand":3,"DemandMax":null,"Value":238},{"Length":5,"Height":52,"Demand":1,"DemandMax":null,"Value":260},{"Length":6,"Height":42,"Demand":1,"DemandMax":null,"Value":252},{"Length":62,"Height":4,"Demand":2,"DemandMax":null,"Value":248},{"Length":83,"Height":3,"Demand":4,"DemandMax":null,"Value":249},{"Length":3,"Height":95,"Demand":1,"DemandMax":null,"Value":285},{"Length":18,"Height":14,"Demand":2,"DemandMax":null,"Value":252},{"Length":17,"Height":15,"Demand":1,"DemandMax":null,"Value":255},{"Length":16,"Height":15,"Demand":1,"DemandMax":null,"Value":240},{"Length":30,"Height":8,"Demand":2,"DemandMax":null,"Value":240},{"Length":58,"Height":4,"Demand":1,"DemandMax":null,"Value":232},{"Length":13,"Height":19,"Demand":2,"DemandMax":null,"Value":247},{"Length":4,"Height":62,"Demand":2,"DemandMax":null,"Value":248},{"Length":24,"Height":10,"Demand":2,"DemandMax":null,"Value":240},{"Length":39,"Height":6,"Demand":2,"DemandMax":null,"Value":234},{"Length":18,"Height":13,"Demand":5,"DemandMax":null,"Value":234},{"Length":59,"Height":4,"Demand":3,"DemandMax":null,"Value":236},{"Length":34,"Height":7,"Demand":2,"DemandMax":null,"Value":238},{"Length":6,"Height":41,"Demand":1,"DemandMax":null,"Value":246},{"Length":4,"Height":59,"Demand":2,"DemandMax":null,"Value":236},{"Length":9,"Height":28,"Demand":1,"DemandMax":null,"Value":252},{"Length":56,"Height":4,"Demand":1,"DemandMax":null,"Value":224},{"Length":52,"Height":5,"Demand":1,"DemandMax":null,"Value":260},{"Length":27,"Height":9,"Demand":2,"DemandMax":null,"Value":243},{"Length":46,"Height":5,"Demand":5,"DemandMax":null,"Value":230},{"Length":4,"Height":56,"Demand":1,"DemandMax":null,"Value":224},{"Length":15,"Height":16,"Demand":1,"DemandMax":null,"Value":240},{"Length":3,"Height":79,"Demand":2,"DemandMax":null,"Value":237},{"Length":54,"Height":4,"Demand":3,"DemandMax":null,"Value":216},{"Length":79,"Height":3,"Demand":2,"DemandMax":null,"Value":237},{"Length":3,"Height":75,"Demand":1,"DemandMax":null,"Value":225},{"Length":10,"Height":24,"Demand":3,"DemandMax":null,"Value":240},{"Length":22,"Height":11,"Demand":3,"DemandMax":null,"Value":242},{"Length":2,"Height":106,"Demand":1,"DemandMax":null,"Value":212},{"Length":9,"Height":26,"Demand":1,"DemandMax":null,"Value":234},{"Length":108,"Height":2,"Demand":1,"DemandMax":null,"Value":216},{"Length":3,"Height":70,"Demand":2,"DemandMax":null,"Value":210},{"Length":8,"Height":31,"Demand":1,"DemandMax":null,"Value":248},{"Length":4,"Height":54,"Demand":6,"DemandMax":null,"Value":216},{"Length":75,"Height":3,"Demand":2,"DemandMax":null,"Value":225},{"Length":7,"Height":31,"Demand":1,"DemandMax":null,"Value":217},{"Length":9,"Height":27,"Demand":1,"DemandMax":null,"Value":243},{"Length":11,"Height":22,"Demand":1,"DemandMax":null,"Value":242},{"Length":9,"Height":25,"Demand":3,"DemandMax":null,"Value":225},{"Length":4,"Height":55,"Demand":3,"DemandMax":null,"Value":220},{"Length":7,"Height":34,"Demand":1,"DemandMax":null,"Value":238},{"Length":25,"Height":9,"Demand":2,"DemandMax":null,"Value":225},{"Length":41,"Height":6,"Demand":1,"DemandMax":null,"Value":246},{"Length":81,"Height":3,"Demand":1,"DemandMax":null,"Value":243},{"Length":7,"Height":32,"Demand":2,"DemandMax":null,"Value":224},{"Length":38,"Height":6,"Demand":3,"DemandMax":null,"Value":228},{"Length":3,"Height":73,"Demand":1,"DemandMax":null,"Value":219},{"Length":21,"Height":11,"Demand":1,"DemandMax":null,"Value":231},{"Length":11,"Height":20,"Demand":4,"DemandMax":null,"Value":220},{"Length":19,"Height":12,"Demand":1,"DemandMax":null,"Value":228},{"Length":2,"Height":151,"Demand":2,"DemandMax":null,"Value":302},{"Length":31,"Height":7,"Demand":1,"DemandMax":null,"Value":217},{"Length":93,"Height":2,"Demand":1,"DemandMax":null,"Value":186},{"Length":32,"Height":7,"Demand":1,"DemandMax":null,"Value":224},{"Length":3,"Height":83,"Demand":4,"DemandMax":null,"Value":249},{"Length":30,"Height":7,"Demand":4,"DemandMax":null,"Value":210},{"Length":26,"Height":9,"Demand":1,"DemandMax":null,"Value":234},{"Length":15,"Height":15,"Demand":2,"DemandMax":null,"Value":225},{"Length":9,"Height":24,"Demand":2,"DemandMax":null,"Value":216},{"Length":14,"Height":16,"Demand":1,"DemandMax":null,"Value":224},{"Length":3,"Height":76,"Demand":1,"DemandMax":null,"Value":228},{"Length":23,"Height":10,"Demand":1,"DemandMax":null,"Value":230},{"Length":22,"Height":10,"Demand":2,"DemandMax":null,"Value":220},{"Length":10,"Height":23,"Demand":1,"DemandMax":null,"Value":230},{"Length":16,"Height":14,"Demand":1,"DemandMax":null,"Value":224},{"Length":5,"Height":42,"Demand":2,"DemandMax":null,"Value":210},{"Length":5,"Height":45,"Demand":5,"DemandMax":null,"Value":225},{"Length":2,"Height":111,"Demand":1,"DemandMax":null,"Value":222},{"Length":61,"Height":4,"Demand":1,"DemandMax":null,"Value":244},{"Length":7,"Height":29,"Demand":4,"DemandMax":null,"Value":203},{"Length":147,"Height":1,"Demand":1,"DemandMax":null,"Value":147},{"Length":28,"Height":8,"Demand":1,"DemandMax":null,"Value":224},{"Length":87,"Height":3,"Demand":1,"DemandMax":null,"Value":261},{"Length":42,"Height":5,"Demand":1,"DemandMax":null,"Value":210},{"Length":12,"Height":17,"Demand":1,"DemandMax":null,"Value":204},{"Length":2,"Height":112,"Demand":1,"DemandMax":null,"Value":224},{"Length":3,"Height":74,"Demand":2,"DemandMax":null,"Value":222},{"Length":21,"Height":10,"Demand":2,"DemandMax":null,"Value":210},{"Length":10,"Height":21,"Demand":1,"DemandMax":null,"Value":210},{"Length":90,"Height":2,"Demand":1,"DemandMax":null,"Value":180},{"Length":14,"Height":15,"Demand":5,"DemandMax":null,"Value":210},{"Length":34,"Height":6,"Demand":1,"DemandMax":null,"Value":204},{"Length":3,"Height":68,"Demand":1,"DemandMax":null,"Value":204},{"Length":6,"Height":35,"Demand":1,"DemandMax":null,"Value":210},{"Length":4,"Height":51,"Demand":2,"DemandMax":null,"Value":204},{"Length":10,"Height":22,"Demand":1,"DemandMax":null,"Value":220},{"Length":23,"Height":9,"Demand":1,"DemandMax":null,"Value":207},{"Length":2,"Height":95,"Demand":1,"DemandMax":null,"Value":190},{"Length":5,"Height":46,"Demand":1,"DemandMax":null,"Value":230},{"Length":77,"Height":3,"Demand":1,"DemandMax":null,"Value":231},{"Length":13,"Height":17,"Demand":1,"DemandMax":null,"Value":221},{"Length":37,"Height":6,"Demand":3,"DemandMax":null,"Value":222},{"Length":65,"Height":3,"Demand":2,"DemandMax":null,"Value":195},{"Length":10,"Height":20,"Demand":6,"DemandMax":null,"Value":200},{"Length":12,"Height":18,"Demand":2,"DemandMax":null,"Value":216},{"Length":11,"Height":19,"Demand":3,"DemandMax":null,"Value":209},{"Length":48,"Height":4,"Demand":1,"DemandMax":null,"Value":192},{"Length":19,"Height":11,"Demand":3,"DemandMax":null,"Value":209},{"Length":4,"Height":53,"Demand":2,"DemandMax":null,"Value":212},{"Length":39,"Height":5,"Demand":1,"DemandMax":null,"Value":195},{"Length":16,"Height":13,"Demand":1,"DemandMax":null,"Value":208},{"Length":6,"Height":36,"Demand":1,"DemandMax":null,"Value":216},{"Length":15,"Height":14,"Demand":1,"DemandMax":null,"Value":210},{"Length":27,"Height":8,"Demand":1,"DemandMax":null,"Value":216},{"Length":2,"Height":88,"Demand":1,"DemandMax":null,"Value":176},{"Length":22,"Height":9,"Demand":2,"DemandMax":null,"Value":198},{"Length":4,"Height":58,"Demand":1,"DemandMax":null,"Value":232},{"Length":62,"Height":3,"Demand":1,"DemandMax":null,"Value":186},{"Length":6,"Height":34,"Demand":1,"DemandMax":null,"Value":204},{"Length":25,"Height":8,"Demand":1,"DemandMax":null,"Value":200},{"Length":35,"Height":6,"Demand":2,"DemandMax":null,"Value":210},{"Length":44,"Height":5,"Demand":1,"DemandMax":null,"Value":220},{"Length":33,"Height":6,"Demand":1,"DemandMax":null,"Value":198},{"Length":11,"Height":18,"Demand":3,"DemandMax":null,"Value":198},{"Length":5,"Height":41,"Demand":1,"DemandMax":null,"Value":205},{"Length":50,"Height":4,"Demand":1,"DemandMax":null,"Value":200},{"Length":61,"Height":3,"Demand":1,"DemandMax":null,"Value":183},{"Length":78,"Height":3,"Demand":1,"DemandMax":null,"Value":234},{"Length":92,"Height":2,"Demand":1,"DemandMax":null,"Value":184},{"Length":17,"Height":12,"Demand":1,"DemandMax":null,"Value":204},{"Length":28,"Height":7,"Demand":1,"DemandMax":null,"Value":196},{"Length":53,"Height":4,"Demand":1,"DemandMax":null,"Value":212},{"Length":2,"Height":83,"Demand":1,"DemandMax":null,"Value":166},{"Length":51,"Height":4,"Demand":1,"DemandMax":null,"Value":204},{"Length":82,"Height":2,"Demand":2,"DemandMax":null,"Value":164},{"Length":8,"Height":27,"Demand":1,"DemandMax":null,"Value":216},{"Length":72,"Height":3,"Demand":1,"DemandMax":null,"Value":216},{"Length":3,"Height":65,"Demand":2,"DemandMax":null,"Value":195},{"Length":3,"Height":58,"Demand":1,"DemandMax":null,"Value":174},{"Length":13,"Height":16,"Demand":1,"DemandMax":null,"Value":208},{"Length":1,"Height":141,"Demand":1,"DemandMax":null,"Value":141},{"Length":5,"Height":38,"Demand":1,"DemandMax":null,"Value":190},{"Length":12,"Height":16,"Demand":1,"DemandMax":null,"Value":192},{"Length":18,"Height":11,"Demand":1,"DemandMax":null,"Value":198},{"Length":7,"Height":26,"Demand":5,"DemandMax":null,"Value":182},{"Length":29,"Height":7,"Demand":1,"DemandMax":null,"Value":203},{"Length":9,"Height":21,"Demand":3,"DemandMax":null,"Value":189},{"Length":114,"Height":2,"Demand":1,"DemandMax":null,"Value":228},{"Length":11,"Height":17,"Demand":4,"DemandMax":null,"Value":187},{"Length":3,"Height":62,"Demand":2,"DemandMax":null,"Value":186},{"Length":21,"Height":9,"Demand":1,"DemandMax":null,"Value":189},{"Length":2,"Height":90,"Demand":2,"DemandMax":null,"Value":180},{"Length":47,"Height":4,"Demand":2,"DemandMax":null,"Value":188},{"Length":20,"Height":10,"Demand":1,"DemandMax":null,"Value":200},{"Length":32,"Height":6,"Demand":1,"DemandMax":null,"Value":192},{"Length":14,"Height":13,"Demand":3,"DemandMax":null,"Value":182},{"Length":11,"Height":16,"Demand":1,"DemandMax":null,"Value":176},{"Length":35,"Height":5,"Demand":2,"DemandMax":null,"Value":175},{"Length":3,"Height":61,"Demand":1,"DemandMax":null,"Value":183},{"Length":8,"Height":24,"Demand":2,"DemandMax":null,"Value":192},{"Length":3,"Height":54,"Demand":1,"DemandMax":null,"Value":162},{"Length":58,"Height":3,"Demand":1,"DemandMax":null,"Value":174},{"Length":6,"Height":28,"Demand":1,"DemandMax":null,"Value":168},{"Length":4,"Height":46,"Demand":2,"DemandMax":null,"Value":184},{"Length":2,"Height":97,"Demand":1,"DemandMax":null,"Value":194},{"Length":30,"Height":6,"Demand":1,"DemandMax":null,"Value":180},{"Length":12,"Height":15,"Demand":1,"DemandMax":null,"Value":180},{"Length":4,"Height":41,"Demand":2,"DemandMax":null,"Value":164},{"Length":18,"Height":10,"Demand":1,"DemandMax":null,"Value":180},{"Length":53,"Height":3,"Demand":1,"DemandMax":null,"Value":159},{"Length":81,"Height":2,"Demand":1,"DemandMax":null,"Value":162},{"Length":80,"Height":2,"Demand":1,"DemandMax":null,"Value":160},{"Length":25,"Height":7,"Demand":1,"DemandMax":null,"Value":175},{"Length":4,"Height":40,"Demand":2,"DemandMax":null,"Value":160},{"Length":6,"Height":31,"Demand":1,"DemandMax":null,"Value":186},{"Length":8,"Height":23,"Demand":1,"DemandMax":null,"Value":184},{"Length":5,"Height":33,"Demand":2,"DemandMax":null,"Value":165},{"Length":2,"Height":78,"Demand":1,"DemandMax":null,"Value":156}]}