{"Name":"nice3","Objects":[{"Length":1000,"Height":1000,"Stock":null,"Cost":1000000}],"Items":[{"Length":126,"Height":229,"Demand":1,"DemandMax":null,"Value":28854},{"Length":118,"Height":229,"Demand":1,"DemandMax":null,"Value":27022},{"Length":174,"Height":142,"Demand":1,"DemandMax":null,"Value":24708},{"Length":197,"Height":112,"Demand":1,"DemandMax":null,"Value":22064},{"Length":118,"Height":166,"Demand":1,"DemandMax":null,"Value":19588},{"Length":118,"Height":155,"Demand":1,"DemandMax":null,"Value":18290},{"Length":118,"Height":148,"Demand":1,"DemandMax":null,"Value":17464},{"Length":188,"Height":88,"Demand":1,"DemandMax":null,"Value":16544},{"Length":249,"Height":65,"Demand":1,"DemandMax":null,"Value":16185},{"Length":225,"Height":71,"Demand":1,"DemandMax":null,"Value":15975},{"Length":197,"Height":77,"Demand":1,"DemandMax":null,"Value":15169},{"Length":102,"Height":146,"Demand":1,"DemandMax":null,"Value":14892},{"Length":73,"Height":189,"Demand":1,"DemandMax":null,"Value":13797},{"Length":58,"Height":229,"Demand":1,"DemandMax":null,"Value":13282},{"Length":57,"Height":229,"Demand":1,"DemandMax":null,"Value":13053},{"Length":100,"Height":127,"Demand":1,"DemandMax":null,"Value":12700},{"Length":174,"Height":68,"Demand":1,"DemandMax":null,"Value":11832},{"Length":137,"Height":85,"Demand":1,"DemandMax":null,"Value":11645},{"Length":155,"Height":74,"Demand":1,"DemandMax":null,"Value":11470},{"Length":197,"Height":58,"Demand":1,"DemandMax":null,"Value":11426},{"Length":81,"Height":140,"Demand":1,"DemandMax":null,"Value":11340},{"Length":118,"Height":96,"Demand":1,"DemandMax":null,"Value":11328},{"Length":166,"Height":68,"Demand":1,"DemandMax":null,"Value":11288},{"Length":119,"Height":94,"Demand":1,"DemandMax":null,"Value":11186},{"Length":91,"Height":122,"Demand":1,"DemandMax":null,"Value":11102},{"Length":64,"Height":171,"Demand":1,"DemandMax":null,"Value":10944},{"Length":171,"Height":64,"Demand":1,"DemandMax":null,"Value":10944},{"Length":58,"Height":189,"Demand":1,"DemandMax":null,"Value":10962},{"Length":133,"Height":81,"Demand":1,"DemandMax":null,"Value":10773},{"Length":134,"Height":80,"Demand":1,"DemandMax":null,"Value":10720},{"Length":57,"Height":186,"Demand":1,"DemandMax":null,"Value":10602},{"Length":110,"Height":96,"Demand":1,"DemandMax":null,"Value":10560},{"Length":96,"Height":109,"Demand":1,"DemandMax":null,"Value":10464},{"Length":178,"Height":58,"Demand":1,"DemandMax":null,"Value":10324},{"Length":77,"Height":135,"Demand":1,"DemandMax":null,"Value":10395},{"Length":163,"Height":64,"Demand":1,"DemandMax":null,"Value":10432},{"Length":139,"Height":74,"Demand":1,"DemandMax":null,"Value":10286},{"Length":80,"Height":130,"Demand":1,"DemandMax":null,"Value":10400},{"Length":202,"Height":51,"Demand":1,"DemandMax":null,"Value":10302},{"Length":174,"Height":59,"Demand":1,"DemandMax":null,"Value":10266},{"Length":171,"Height":60,"Demand":1,"DemandMax":null,"Value":10260},{"Length":83,"Height":122,"Demand":1,"DemandMax":null,"Value":10126},{"Length":129,"Height":78,"Demand":1,"DemandMax":null,"Value":10062},{"Length":178,"Height":56,"Demand":1,"DemandMax":null,"Value":9968},{"Length":116,"Height":86,"Demand":1,"DemandMax":null,"Value":9976},{"Length":52,"Height":187,"Demand":1,"DemandMax":null,"Value":9724},{"Length":70,"Height":134,"Demand":1,"DemandMax":null,"Value":9380},{"Length":55,"Height":171,"Demand":1,"DemandMax":null,"Value":9405},{"Length":114,"Height":80,"Demand":1,"DemandMax":null,"Value":9120},{"Length":84,"Height":107,"Demand":1,"DemandMax":null,"Value":8988},{"Length":118,"Height":76,"Demand":1,"DemandMax":null,"Value":8968},{"Length":100,"Height":89,"Demand":1,"DemandMax":null,"Value":8900},{"Length":82,"Height":107,"Demand":1,"DemandMax":null,"Value":8774},{"Length":92,"Height":96,"Demand":1,"DemandMax":null,"Value":8832},{"Length":171,"Height":51,"Demand":1,"DemandMax":null,"Value":8721},{"Length":174,"Height":49,"Demand":1,"DemandMax":null,"Value":8526},{"Length":95,"Height":88,"Demand":1,"DemandMax":null,"Value":8360},{"Length":64,"Height":130,"Demand":1,"DemandMax":null,"Value":8320},{"Length":60,"Height":138,"Demand":1,"DemandMax":null,"Value":8280},{"Length":163,"Height":51,"Demand":1,"DemandMax":null,"Value":8313},{"Length":55,"Height":146,"Demand":1,"DemandMax":null,"Value":8030},{"Length":81,"Height":99,"Demand":1,"DemandMax":null,"Value":8019},{"Length":74,"Height":108,"Demand":1,"DemandMax":null,"Value":7992},{"Length":174,"Height":44,"Demand":2,"DemandMax":null,"Value":7656},{"Length":56,"Height":134,"Demand":1,"DemandMax":null,"Value":7504},{"Length":54,"Height":138,"Demand":1,"DemandMax":null,"Value":7452},{"Length":92,"Height":81,"Demand":1,"DemandMax":null,"Value":7452},{"Length":137,"Height":54,"Demand":1,"DemandMax":null,"Value":7398},{"Length":59,"Height":126,"Demand":1,"DemandMax":null,"Value":7434},{"Length":101,"Height":71,"Demand":1,"DemandMax":null,"Value":7171},{"Length":82,"Height":88,"Demand":1,"DemandMax":null,"Value":7216},{"Length":116,"Height":61,"Demand":1,"DemandMax":null,"Value":7076},{"Length":53,"Height":130,"Demand":1,"DemandMax":null,"Value":6890},{"Length":69,"Height":99,"Demand":1,"DemandMax":null,"Value":6831},{"Length":137,"Height":50,"Demand":1,"DemandMax":null,"Value":6850},{"Length":88,"Height":78,"Demand":1,"DemandMax":null,"Value":6864},{"Length":54,"Height":125,"Demand":1,"DemandMax":null,"Value":6750},{"Length":83,"Height":81,"Demand":1,"DemandMax":null,"Value":6723},{"Length":81,"Height":82,"Demand":1,"DemandMax":null,"Value":6642},{"Length":119,"Height":55,"Demand":1,"DemandMax":null,"Value":6545},{"Length":45,"Height":145,"Demand":1,"DemandMax":null,"Value":6525},{"Length":101,"Height":63,"Demand":1,"DemandMax":null,"Value":6363},{"Length":43,"Height":145,"Demand":1,"DemandMax":null,"Value":6235},{"Length":77,"Height":81,"Demand":1,"DemandMax":null,"Value":6237},{"Length":101,"Height":61,"Demand":1,"DemandMax":null,"Value":6161},{"Length":96,"Height":64,"Demand":1,"DemandMax":null,"Value":6144},{"Length":59,"Height":104,"Demand":1,"DemandMax":null,"Value":6136},{"Length":69,"Height":87,"Demand":1,"DemandMax":null,"Value":6003},{"Length":77,"Height":78,"Demand":1,"DemandMax":null,"Value":6006},{"Length":83,"Height":71,"Demand":1,"DemandMax":null,"Value":5893},{"Length":74,"Height":81,"Demand":1,"DemandMax":null,"Value":5994},{"Length":92,"Height":64,"Demand":1,"DemandMax":null,"Value":5888},{"Length":40,"Height":146,"Demand":1,"DemandMax":null,"Value":5840},{"Length":63,"Height":93,"Demand":2,"DemandMax":null,"Value":5859},{"Length":47,"Height":125,"Demand":1,"DemandMax":null,"Value":5875},{"Length":114,"Height":51,"Demand":1,"DemandMax":null,"Value":5814},{"Length":48,"Height":120,"Demand":2,"DemandMax":null,"Value":5760}]}