{"Name":"nice52t","Objects":[{"Length":1000,"Height":1000,"Stock":null,"Cost":1000000}],"Items":[{"Length":36,"Height":44,"Demand":1,"DemandMax":null,"Value":1584},{"Length":60,"Height":25,"Demand":1,"DemandMax":null,"Value":1500},{"Length":36,"Height":40,"Demand":1,"DemandMax":null,"Value":1440},{"Length":42,"Height":34,"Demand":1,"DemandMax":null,"Value":1428},{"Length":53,"Height":25,"Demand":2,"DemandMax":null,"Value":1325},{"Length":24,"Height":54,"Demand":1,"DemandMax":null,"Value":1296},{"Length":41,"Height":31,"Demand":1,"DemandMax":null,"Value":1271},{"Length":27,"Height":46,"Demand":1,"DemandMax":null,"Value":1242},{"Length":36,"Height":33,"Demand":1,"DemandMax":null,"Value":1188},{"Length":60,"Height":20,"Demand":1,"DemandMax":null,"Value":1200},{"Length":43,"Height":27,"Demand":1,"DemandMax":null,"Value":1161},{"Length":47,"Height":25,"Demand":1,"DemandMax":null,"Value":1175},{"Length":30,"Height":38,"Demand":1,"DemandMax":null,"Value":1140},{"Length":46,"Height":25,"Demand":1,"DemandMax":null,"Value":1150},{"Length":52,"Height":22,"Demand":1,"DemandMax":null,"Value":1144},{"Length":48,"Height":23,"Demand":1,"DemandMax":null,"Value":1104},{"Length":30,"Height":36,"Demand":1,"DemandMax":null,"Value":1080},{"Length":51,"Height":21,"Demand":1,"DemandMax":null,"Value":1071},{"Length":49,"Height":22,"Demand":1,"DemandMax":null,"Value":1078},{"Length":48,"Height":22,"Demand":2,"DemandMax":null,"Value":1056},{"Length":36,"Height":30,"Demand":1,"DemandMax":null,"Value":1080},{"Length":31,"Height":34,"Demand":1,"DemandMax":null,"Value":1054},{"Length":20,"Height":52,"Demand":1,"DemandMax":null,"Value":1040},{"Length":41,"Height":25,"Demand":1,"DemandMax":null,"Value":1025},{"Length":32,"Height":31,"Demand":1,"DemandMax":null,"Value":992},{"Length":39,"Height":25,"Demand":1,"DemandMax":null,"Value":975},{"Length":32,"Height":30,"Demand":1,"DemandMax":null,"Value":960},{"Length":35,"Height":28,"Demand":1,"DemandMax":null,"Value":980},{"Length":25,"Height":38,"Demand":1,"DemandMax":null,"Value":950},{"Length":39,"Height":24,"Demand":1,"DemandMax":null,"Value":936},{"Length":20,"Height":47,"Demand":1,"DemandMax":null,"Value":940},{"Length":59,"Height":16,"Demand":2,"DemandMax":null,"Value":944},{"Length":33,"Height":29,"Demand":1,"DemandMax":null,"Value":957},{"Length":60,"Height":16,"Demand":1,"DemandMax":null,"Value":960},{"Length":26,"Height":36,"Demand":1,"DemandMax":null,"Value":936},{"Length":36,"Height":26,"Demand":1,"DemandMax":null,"Value":936},{"Length":27,"Height":35,"Demand":1,"DemandMax":null,"Value":945},{"Length":43,"Height":22,"Demand":1,"DemandMax":null,"Value":946},{"Length":42,"Height":22,"Demand":2,"DemandMax":null,"Value":924},{"Length":18,"Height":52,"Demand":1,"DemandMax":null,"Value":936},{"Length":27,"Height":34,"Demand":1,"DemandMax":null,"Value":918},{"Length":24,"Height":39,"Demand":1,"DemandMax":null,"Value":936},{"Length":24,"Height":38,"Demand":1,"DemandMax":null,"Value":912},{"Length":56,"Height":17,"Demand":2,"DemandMax":null,"Value":952},{"Length":41,"Height":23,"Demand":1,"DemandMax":null,"Value":943},{"Length":45,"Height":20,"Demand":2,"DemandMax":null,"Value":900},{"Length":21,"Height":44,"Demand":2,"DemandMax":null,"Value":924},{"Length":60,"Height":15,"Demand":1,"DemandMax":null,"Value":900},{"Length":50,"Height":18,"Demand":1,"DemandMax":null,"Value":900},{"Length":43,"Height":21,"Demand":1,"DemandMax":null,"Value":903},{"Length":15,"Height":58,"Demand":2,"DemandMax":null,"Value":870},{"Length":28,"Height":32,"Demand":2,"DemandMax":null,"Value":896},{"Length":33,"Height":27,"Demand":1,"DemandMax":null,"Value":891},{"Length":54,"Height":17,"Demand":1,"DemandMax":null,"Value":918},{"Length":20,"Height":45,"Demand":1,"DemandMax":null,"Value":900},{"Length":55,"Height":16,"Demand":1,"DemandMax":null,"Value":880},{"Length":25,"Height":35,"Demand":1,"DemandMax":null,"Value":875},{"Length":35,"Height":26,"Demand":1,"DemandMax":null,"Value":910},{"Length":16,"Height":54,"Demand":2,"DemandMax":null,"Value":864},{"Length":27,"Height":33,"Demand":1,"DemandMax":null,"Value":891},{"Length":52,"Height":17,"Demand":1,"DemandMax":null,"Value":884},{"Length":34,"Height":26,"Demand":1,"DemandMax":null,"Value":884},{"Length":29,"Height":30,"Demand":2,"DemandMax":null,"Value":870},{"Length":24,"Height":37,"Demand":1,"DemandMax":null,"Value":888},{"Length":31,"Height":28,"Demand":1,"DemandMax":null,"Value":868},{"Length":20,"Height":44,"Demand":1,"DemandMax":null,"Value":880},{"Length":30,"Height":29,"Demand":1,"DemandMax":null,"Value":870},{"Length":35,"Height":25,"Demand":1,"DemandMax":null,"Value":875},{"Length":41,"Height":21,"Demand":2,"DemandMax":null,"Value":861},{"Length":46,"Height":19,"Demand":1,"DemandMax":null,"Value":874},{"Length":38,"Height":23,"Demand":1,"DemandMax":null,"Value":874},{"Length":16,"Height":56,"Demand":1,"DemandMax":null,"Value":896},{"Length":44,"Height":20,"Demand":1,"DemandMax":null,"Value":880},{"Length":22,"Height":40,"Demand":1,"DemandMax":null,"Value":880},{"Length":45,"Height":19,"Demand":1,"DemandMax":null,"Value":855},{"Length":17,"Height":50,"Demand":1,"DemandMax":null,"Value":850},{"Length":28,"Height":31,"Demand":1,"DemandMax":null,"Value":868},{"Length":24,"Height":35,"Demand":3,"DemandMax":null,"Value":840},{"Length":15,"Height":56,"Demand":1,"DemandMax":null,"Value":840},{"Length":26,"Height":32,"Demand":1,"DemandMax":null,"Value":832},{"Length":33,"Height":26,"Demand":1,"DemandMax":null,"Value":858},{"Length":49,"Height":17,"Demand":1,"DemandMax":null,"Value":833},{"Length":48,"Height":17,"Demand":2,"DemandMax":null,"Value":816},{"Length":23,"Height":36,"Demand":2,"DemandMax":null,"Value":828},{"Length":28,"Height":30,"Demand":2,"DemandMax":null,"Value":840},{"Length":43,"Height":20,"Demand":1,"DemandMax":null,"Value":860},{"Length":39,"Height":22,"Demand":1,"DemandMax":null,"Value":858},{"Length":37,"Height":23,"Demand":2,"DemandMax":null,"Value":851},{"Length":33,"Height":25,"Demand":1,"DemandMax":null,"Value":825},{"Length":20,"Height":41,"Demand":2,"DemandMax":null,"Value":820},{"Length":51,"Height":16,"Demand":1,"DemandMax":null,"Value":816},{"Length":21,"Height":40,"Demand":1,"DemandMax":null,"Value":840},{"Length":50,"Height":16,"Demand":1,"DemandMax":null,"Value":800},{"Length":35,"Height":24,"Demand":1,"DemandMax":null,"Value":840},{"Length":18,"Height":46,"Demand":1,"DemandMax":null,"Value":828},{"Length":35,"Height":23,"Demand":1,"DemandMax":null,"Value":805},{"Length":38,"Height":22,"Demand":1,"DemandMax":null,"Value":836},{"Length":41,"Height":20,"Demand":1,"DemandMax":null,"Value":820},{"Length":26,"Height":31,"Demand":1,"DemandMax":null,"Value":806},{"Length":28,"Height":29,"Demand":1,"DemandMax":null,"Value":812},{"Length":19,"Height":42,"Demand":1,"DemandMax":null,"Value":798},{"Length":19,"Height":43,"Demand":1,"DemandMax":null,"Value":817},{"Length":23,"Height":35,"Demand":3,"DemandMax":null,"Value":805},{"Length":21,"Height":38,"Demand":1,"DemandMax":null,"Value":798},{"Length":40,"Height":20,"Demand":1,"DemandMax":null,"Value":800},{"Length":36,"Height":23,"Demand":1,"DemandMax":null,"Value":828},{"Length":31,"Height":26,"Demand":2,"DemandMax":null,"Value":806},{"Length":24,"Height":34,"Demand":1,"DemandMax":null,"Value":816},{"Length":38,"Height":21,"Demand":2,"DemandMax":null,"Value":798},{"Length":30,"Height":26,"Demand":1,"DemandMax":null,"Value":780},{"Length":39,"Height":21,"Demand":1,"DemandMax":null,"Value":819},{"Length":45,"Height":18,"Demand":3,"DemandMax":null,"Value":810},{"Length":54,"Height":15,"Demand":1,"DemandMax":null,"Value":810},{"Length":55,"Height":14,"Demand":2,"DemandMax":null,"Value":770},{"Length":15,"Height":52,"Demand":1,"DemandMax":null,"Value":780},{"Length":41,"Height":19,"Demand":2,"DemandMax":null,"Value":779},{"Length":31,"Height":25,"Demand":1,"DemandMax":null,"Value":775},{"Length":34,"Height":23,"Demand":1,"DemandMax":null,"Value":782},{"Length":17,"Height":47,"Demand":1,"DemandMax":null,"Value":799},{"Length":25,"Height":31,"Demand":1,"DemandMax":null,"Value":775},{"Length":28,"Height":28,"Demand":2,"DemandMax":null,"Value":784},{"Length":33,"Height":24,"Demand":2,"DemandMax":null,"Value":792},{"Length":23,"Height":34,"Demand":1,"DemandMax":null,"Value":782},{"Length":42,"Height":18,"Demand":1,"DemandMax":null,"Value":756},{"Length":14,"Height":54,"Demand":1,"DemandMax":null,"Value":756},{"Length":22,"Height":35,"Demand":1,"DemandMax":null,"Value":770},{"Length":32,"Height":24,"Demand":3,"DemandMax":null,"Value":768},{"Length":21,"Height":37,"Demand":1,"DemandMax":null,"Value":777},{"Length":27,"Height":28,"Demand":2,"DemandMax":null,"Value":756},{"Length":15,"Height":53,"Demand":1,"DemandMax":null,"Value":795},{"Length":37,"Height":21,"Demand":1,"DemandMax":null,"Value":777},{"Length":52,"Height":15,"Demand":2,"DemandMax":null,"Value":780},{"Length":24,"Height":32,"Demand":1,"DemandMax":null,"Value":768},{"Length":19,"Height":40,"Demand":1,"DemandMax":null,"Value":760},{"Length":20,"Height":37,"Demand":3,"DemandMax":null,"Value":740},{"Length":21,"Height":35,"Demand":1,"DemandMax":null,"Value":735},{"Length":32,"Height":23,"Demand":3,"DemandMax":null,"Value":736},{"Length":22,"Height":34,"Demand":1,"DemandMax":null,"Value":748},{"Length":41,"Height":18,"Demand":2,"DemandMax":null,"Value":738},{"Length":36,"Height":21,"Demand":2,"DemandMax":null,"Value":756},{"Length":23,"Height":32,"Demand":3,"DemandMax":null,"Value":736},{"Length":25,"Height":30,"Demand":1,"DemandMax":null,"Value":750},{"Length":46,"Height":16,"Demand":2,"DemandMax":null,"Value":736},{"Length":37,"Height":20,"Demand":2,"DemandMax":null,"Value":740},{"Length":44,"Height":17,"Demand":1,"DemandMax":null,"Value":748},{"Length":26,"Height":29,"Demand":1,"DemandMax":null,"Value":754},{"Length":18,"Height":42,"Demand":2,"DemandMax":null,"Value":756},{"Length":22,"Height":33,"Demand":2,"DemandMax":null,"Value":726},{"Length":31,"Height":24,"Demand":2,"DemandMax":null,"Value":744},{"Length":14,"Height":53,"Demand":2,"DemandMax":null,"Value":742},{"Length":15,"Height":48,"Demand":1,"DemandMax":null,"Value":720},{"Length":19,"Height":39,"Demand":1,"DemandMax":null,"Value":741},{"Length":45,"Height":16,"Demand":1,"DemandMax":null,"Value":720},{"Length":17,"Height":44,"Demand":1,"DemandMax":null,"Value":748},{"Length":42,"Height":17,"Demand":1,"DemandMax":null,"Value":714},{"Length":30,"Height":25,"Demand":1,"DemandMax":null,"Value":750},{"Length":36,"Height":20,"Demand":3,"DemandMax":null,"Value":720},{"Length":17,"Height":43,"Demand":1,"DemandMax":null,"Value":731},{"Length":39,"Height":19,"Demand":1,"DemandMax":null,"Value":741},{"Length":31,"Height":23,"Demand":3,"DemandMax":null,"Value":713},{"Length":50,"Height":14,"Demand":1,"DemandMax":null,"Value":700},{"Length":17,"Height":42,"Demand":1,"DemandMax":null,"Value":714},{"Length":52,"Height":14,"Demand":1,"DemandMax":null,"Value":728},{"Length":29,"Height":25,"Demand":3,"DemandMax":null,"Value":725},{"Length":44,"Height":16,"Demand":1,"DemandMax":null,"Value":704},{"Length":24,"Height":30,"Demand":2,"DemandMax":null,"Value":720},{"Length":23,"Height":30,"Demand":4,"DemandMax":null,"Value":690},{"Length":39,"Height":18,"Demand":1,"DemandMax":null,"Value":702},{"Length":23,"Height":31,"Demand":1,"DemandMax":null,"Value":713},{"Length":18,"Height":41,"Demand":1,"DemandMax":null,"Value":738},{"Length":30,"Height":23,"Demand":9,"DemandMax":null,"Value":690},{"Length":28,"Height":26,"Demand":1,"DemandMax":null,"Value":728},{"Length":17,"Height":41,"Demand":1,"DemandMax":null,"Value":697},{"Length":26,"Height":27,"Demand":4,"DemandMax":null,"Value":702},{"Length":36,"Height":19,"Demand":2,"DemandMax":null,"Value":684},{"Length":32,"Height":22,"Demand":1,"DemandMax":null,"Value":704},{"Length":28,"Height":25,"Demand":3,"DemandMax":null,"Value":700},{"Length":19,"Height":36,"Demand":2,"DemandMax":null,"Value":684},{"Length":34,"Height":21,"Demand":2,"DemandMax":null,"Value":714},{"Length":21,"Height":33,"Demand":2,"DemandMax":null,"Value":693},{"Length":20,"Height":35,"Demand":4,"DemandMax":null,"Value":700},{"Length":21,"Height":34,"Demand":4,"DemandMax":null,"Value":714},{"Length":16,"Height":44,"Demand":2,"DemandMax":null,"Value":704},{"Length":18,"Height":39,"Demand":1,"DemandMax":null,"Value":702},{"Length":46,"Height":15,"Demand":1,"DemandMax":null,"Value":690},{"Length":25,"Height":28,"Demand":1,"DemandMax":null,"Value":700},{"Length":19,"Height":38,"Demand":1,"DemandMax":null,"Value":722},{"Length":27,"Height":26,"Demand":1,"DemandMax":null,"Value":702},{"Length":15,"Height":47,"Demand":3,"DemandMax":null,"Value":705},{"Length":20,"Height":34,"Demand":2,"DemandMax":null,"Value":680},{"Length":29,"Height":24,"Demand":1,"DemandMax":null,"Value":696},{"Length":28,"Height":24,"Demand":2,"DemandMax":null,"Value":672},{"Length":24,"Height":28,"Demand":1,"DemandMax":null,"Value":672},{"Length":22,"Height":31,"Demand":3,"DemandMax":null,"Value":682},{"Length":23,"Height":29,"Demand":3,"DemandMax":null,"Value":667},{"Length":13,"Height":52,"Demand":1,"DemandMax":null,"Value":676},{"Length":33,"Height":21,"Demand":2,"DemandMax":null,"Value":693},{"Length":13,"Height":51,"Demand":1,"DemandMax":null,"Value":663},{"Length":19,"Height":35,"Demand":2,"DemandMax":null,"Value":665},{"Length":31,"Height":22,"Demand":1,"DemandMax":null,"Value":682},{"Length":15,"Height":45,"Demand":1,"DemandMax":null,"Value":675},{"Length":24,"Height":29,"Demand":1,"DemandMax":null,"Value":696},{"Length":16,"Height":43,"Demand":1,"DemandMax":null,"Value":688},{"Length":27,"Height":25,"Demand":1,"DemandMax":null,"Value":675},{"Length":26,"Height":26,"Demand":1,"DemandMax":null,"Value":676},{"Length":21,"Height":32,"Demand":3,"DemandMax":null,"Value":672},{"Length":29,"Height":23,"Demand":3,"DemandMax":null,"Value":667},{"Length":34,"Height":20,"Demand":1,"DemandMax":null,"Value":680},{"Length":35,"Height":19,"Demand":4,"DemandMax":null,"Value":665},{"Length":13,"Height":50,"Demand":3,"DemandMax":null,"Value":650},{"Length":46,"Height":14,"Demand":1,"DemandMax":null,"Value":644},{"Length":33,"Height":20,"Demand":1,"DemandMax":null,"Value":660},{"Length":24,"Height":27,"Demand":2,"DemandMax":null,"Value":648},{"Length":41,"Height":16,"Demand":1,"DemandMax":null,"Value":656},{"Length":25,"Height":26,"Demand":2,"DemandMax":null,"Value":650},{"Length":38,"Height":17,"Demand":2,"DemandMax":null,"Value":646},{"Length":16,"Height":40,"Demand":1,"DemandMax":null,"Value":640},{"Length":15,"Height":43,"Demand":2,"DemandMax":null,"Value":645},{"Length":15,"Height":44,"Demand":1,"DemandMax":null,"Value":660},{"Length":17,"Height":38,"Demand":1,"DemandMax":null,"Value":646},{"Length":14,"Height":47,"Demand":1,"DemandMax":null,"Value":658},{"Length":20,"Height":33,"Demand":2,"DemandMax":null,"Value":660},{"Length":22,"Height":30,"Demand":1,"DemandMax":null,"Value":660},{"Length":50,"Height":13,"Demand":1,"DemandMax":null,"Value":650},{"Length":21,"Height":31,"Demand":2,"DemandMax":null,"Value":651},{"Length":39,"Height":17,"Demand":1,"DemandMax":null,"Value":663},{"Length":28,"Height":23,"Demand":2,"DemandMax":null,"Value":644},{"Length":27,"Height":24,"Demand":3,"DemandMax":null,"Value":648},{"Length":31,"Height":21,"Demand":1,"DemandMax":null,"Value":651},{"Length":44,"Height":15,"Demand":1,"DemandMax":null,"Value":660},{"Length":43,"Height":15,"Demand":2,"DemandMax":null,"Value":645},{"Length":20,"Height":32,"Demand":2,"DemandMax":null,"Value":640},{"Length":48,"Height":13,"Demand":1,"DemandMax":null,"Value":624},{"Length":34,"Height":19,"Demand":2,"DemandMax":null,"Value":646},{"Length":23,"Height":27,"Demand":3,"DemandMax":null,"Value":621},{"Length":19,"Height":33,"Demand":3,"DemandMax":null,"Value":627},{"Length":18,"Height":36,"Demand":1,"DemandMax":null,"Value":648},{"Length":36,"Height":18,"Demand":1,"DemandMax":null,"Value":648},{"Length":29,"Height":22,"Demand":2,"DemandMax":null,"Value":638},{"Length":41,"Height":15,"Demand":3,"DemandMax":null,"Value":615},{"Length":30,"Height":21,"Demand":3,"DemandMax":null,"Value":630},{"Length":47,"Height":13,"Demand":4,"DemandMax":null,"Value":611},{"Length":22,"Height":29,"Demand":1,"DemandMax":null,"Value":638},{"Length":36,"Height":17,"Demand":4,"DemandMax":null,"Value":612},{"Length":18,"Height":35,"Demand":1,"DemandMax":null,"Value":630},{"Length":37,"Height":17,"Demand":2,"DemandMax":null,"Value":629},{"Length":33,"Height":19,"Demand":1,"DemandMax":null,"Value":627},{"Length":35,"Height":18,"Demand":2,"DemandMax":null,"Value":630},{"Length":26,"Height":24,"Demand":4,"DemandMax":null,"Value":624},{"Length":20,"Height":31,"Demand":4,"DemandMax":null,"Value":620},{"Length":24,"Height":26,"Demand":4,"DemandMax":null,"Value":624},{"Length":28,"Height":22,"Demand":2,"DemandMax":null,"Value":616},{"Length":27,"Height":23,"Demand":4,"DemandMax":null,"Value":621},{"Length":19,"Height":34,"Demand":2,"DemandMax":null,"Value":646},{"Length":21,"Height":30,"Demand":1,"DemandMax":null,"Value":630},{"Length":16,"Height":39,"Demand":1,"DemandMax":null,"Value":624},{"Length":14,"Height":45,"Demand":1,"DemandMax":null,"Value":630},{"Length":25,"Height":25,"Demand":1,"DemandMax":null,"Value":625},{"Length":31,"Height":20,"Demand":1,"DemandMax":null,"Value":620},{"Length":42,"Height":15,"Demand":1,"DemandMax":null,"Value":630},{"Length":40,"Height":15,"Demand":1,"DemandMax":null,"Value":600},{"Length":40,"Height":16,"Demand":1,"DemandMax":null,"Value":640},{"Length":22,"Height":28,"Demand":4,"DemandMax":null,"Value":616},{"Length":15,"Height":41,"Demand":3,"DemandMax":null,"Value":615},{"Length":21,"Height":29,"Demand":4,"DemandMax":null,"Value":609},{"Length":38,"Height":16,"Demand":1,"DemandMax":null,"Value":608},{"Length":45,"Height":14,"Demand":2,"DemandMax":null,"Value":630},{"Length":29,"Height":21,"Demand":5,"DemandMax":null,"Value":609},{"Length":18,"Height":34,"Demand":1,"DemandMax":null,"Value":612},{"Length":19,"Height":32,"Demand":2,"DemandMax":null,"Value":608},{"Length":27,"Height":22,"Demand":8,"DemandMax":null,"Value":594},{"Length":35,"Height":17,"Demand":3,"DemandMax":null,"Value":595},{"Length":42,"Height":14,"Demand":4,"DemandMax":null,"Value":588},{"Length":23,"Height":26,"Demand":6,"DemandMax":null,"Value":598},{"Length":34,"Height":18,"Demand":1,"DemandMax":null,"Value":612},{"Length":18,"Height":33,"Demand":7,"DemandMax":null,"Value":594},{"Length":26,"Height":23,"Demand":6,"DemandMax":null,"Value":598},{"Length":43,"Height":14,"Demand":1,"DemandMax":null,"Value":602},{"Length":14,"Height":44,"Demand":1,"DemandMax":null,"Value":616},{"Length":24,"Height":25,"Demand":2,"DemandMax":null,"Value":600},{"Length":33,"Height":18,"Demand":4,"DemandMax":null,"Value":594},{"Length":30,"Height":20,"Demand":4,"DemandMax":null,"Value":600},{"Length":20,"Height":30,"Demand":2,"DemandMax":null,"Value":600},{"Length":15,"Height":39,"Demand":2,"DemandMax":null,"Value":585},{"Length":44,"Height":14,"Demand":2,"DemandMax":null,"Value":616},{"Length":22,"Height":27,"Demand":7,"DemandMax":null,"Value":594},{"Length":32,"Height":19,"Demand":3,"DemandMax":null,"Value":608},{"Length":17,"Height":36,"Demand":1,"DemandMax":null,"Value":612},{"Length":12,"Height":49,"Demand":2,"DemandMax":null,"Value":588},{"Length":16,"Height":38,"Demand":3,"DemandMax":null,"Value":608},{"Length":28,"Height":21,"Demand":4,"DemandMax":null,"Value":588},{"Length":13,"Height":48,"Demand":1,"DemandMax":null,"Value":624},{"Length":18,"Height":32,"Demand":4,"DemandMax":null,"Value":576},{"Length":41,"Height":14,"Demand":6,"DemandMax":null,"Value":574},{"Length":20,"Height":29,"Demand":9,"DemandMax":null,"Value":580},{"Length":26,"Height":22,"Demand":8,"DemandMax":null,"Value":572},{"Length":21,"Height":28,"Demand":4,"DemandMax":null,"Value":588},{"Length":39,"Height":15,"Demand":1,"DemandMax":null,"Value":585},{"Length":44,"Height":13,"Demand":4,"DemandMax":null,"Value":572},{"Length":23,"Height":25,"Demand":6,"DemandMax":null,"Value":575},{"Length":45,"Height":13,"Demand":4,"DemandMax":null,"Value":585},{"Length":25,"Height":24,"Demand":2,"DemandMax":null,"Value":600},{"Length":31,"Height":19,"Demand":2,"DemandMax":null,"Value":589},{"Length":13,"Height":47,"Demand":1,"DemandMax":null,"Value":611},{"Length":37,"Height":16,"Demand":2,"DemandMax":null,"Value":592},{"Length":30,"Height":19,"Demand":4,"DemandMax":null,"Value":570},{"Length":22,"Height":26,"Demand":5,"DemandMax":null,"Value":572},{"Length":25,"Height":23,"Demand":6,"DemandMax":null,"Value":575},{"Length":17,"Height":35,"Demand":2,"DemandMax":null,"Value":595},{"Length":32,"Height":18,"Demand":3,"DemandMax":null,"Value":576},{"Length":17,"Height":34,"Demand":3,"DemandMax":null,"Value":578},{"Length":19,"Height":30,"Demand":4,"DemandMax":null,"Value":570},{"Length":15,"Height":38,"Demand":4,"DemandMax":null,"Value":570},{"Length":16,"Height":37,"Demand":1,"DemandMax":null,"Value":592},{"Length":14,"Height":41,"Demand":4,"DemandMax":null,"Value":574},{"Length":29,"Height":20,"Demand":3,"DemandMax":null,"Value":580},{"Length":46,"Height":13,"Demand":1,"DemandMax":null,"Value":598},{"Length":43,"Height":13,"Demand":5,"DemandMax":null,"Value":559},{"Length":21,"Height":27,"Demand":6,"DemandMax":null,"Value":567},{"Length":47,"Height":12,"Demand":3,"DemandMax":null,"Value":564},{"Length":28,"Height":20,"Demand":4,"DemandMax":null,"Value":560},{"Length":48,"Height":12,"Demand":1,"DemandMax":null,"Value":576},{"Length":46,"Height":12,"Demand":6,"DemandMax":null,"Value":552},{"Length":17,"Height":33,"Demand":4,"DemandMax":null,"Value":561},{"Length":24,"Height":24,"Demand":4,"DemandMax":null,"Value":576},{"Length":27,"Height":21,"Demand":8,"DemandMax":null,"Value":567},{"Length":40,"Height":14,"Demand":4,"DemandMax":null,"Value":560},{"Length":15,"Height":37,"Demand":4,"DemandMax":null,"Value":555},{"Length":13,"Height":44,"Demand":4,"DemandMax":null,"Value":572},{"Length":36,"Height":16,"Demand":3,"DemandMax":null,"Value":576},{"Length":35,"Height":16,"Demand":3,"DemandMax":null,"Value":560},{"Length":20,"Height":28,"Demand":7,"DemandMax":null,"Value":560},{"Length":26,"Height":21,"Demand":11,"DemandMax":null,"Value":546},{"Length":19,"Height":29,"Demand":5,"DemandMax":null,"Value":551},{"Length":24,"Height":23,"Demand":4,"DemandMax":null,"Value":552},{"Length":13,"Height":43,"Demand":6,"DemandMax":null,"Value":559},{"Length":34,"Height":17,"Demand":1,"DemandMax":null,"Value":578},{"Length":21,"Height":26,"Demand":11,"DemandMax":null,"Value":546},{"Length":16,"Height":35,"Demand":3,"DemandMax":null,"Value":560},{"Length":23,"Height":24,"Demand":10,"DemandMax":null,"Value":552},{"Length":29,"Height":19,"Demand":4,"DemandMax":null,"Value":551},{"Length":25,"Height":22,"Demand":5,"DemandMax":null,"Value":550},{"Length":30,"Height":18,"Demand":5,"DemandMax":null,"Value":540},{"Length":20,"Height":27,"Demand":12,"DemandMax":null,"Value":540},{"Length":38,"Height":15,"Demand":3,"DemandMax":null,"Value":570},{"Length":22,"Height":25,"Demand":7,"DemandMax":null,"Value":550},{"Length":42,"Height":13,"Demand":3,"DemandMax":null,"Value":546},{"Length":36,"Height":15,"Demand":7,"DemandMax":null,"Value":540},{"Length":33,"Height":17,"Demand":2,"DemandMax":null,"Value":561},{"Length":27,"Height":20,"Demand":7,"DemandMax":null,"Value":540},{"Length":12,"Height":46,"Demand":1,"DemandMax":null,"Value":552},{"Length":16,"Height":34,"Demand":4,"DemandMax":null,"Value":544},{"Length":12,"Height":45,"Demand":5,"DemandMax":null,"Value":540},{"Length":18,"Height":30,"Demand":4,"DemandMax":null,"Value":540},{"Length":31,"Height":18,"Demand":3,"DemandMax":null,"Value":558},{"Length":12,"Height":44,"Demand":6,"DemandMax":null,"Value":528},{"Length":28,"Height":19,"Demand":3,"DemandMax":null,"Value":532},{"Length":13,"Height":41,"Demand":3,"DemandMax":null,"Value":533},{"Length":17,"Height":32,"Demand":5,"DemandMax":null,"Value":544},{"Length":34,"Height":16,"Demand":5,"DemandMax":null,"Value":544},{"Length":45,"Height":12,"Demand":3,"DemandMax":null,"Value":540},{"Length":19,"Height":28,"Demand":4,"DemandMax":null,"Value":532},{"Length":14,"Height":38,"Demand":2,"DemandMax":null,"Value":532},{"Length":41,"Height":13,"Demand":6,"DemandMax":null,"Value":533},{"Length":31,"Height":17,"Demand":4,"DemandMax":null,"Value":527},{"Length":24,"Height":22,"Demand":10,"DemandMax":null,"Value":528},{"Length":15,"Height":36,"Demand":3,"DemandMax":null,"Value":540},{"Length":13,"Height":42,"Demand":2,"DemandMax":null,"Value":546},{"Length":15,"Height":35,"Demand":1,"DemandMax":null,"Value":525},{"Length":37,"Height":15,"Demand":1,"DemandMax":null,"Value":555},{"Length":33,"Height":16,"Demand":5,"DemandMax":null,"Value":528},{"Length":14,"Height":37,"Demand":1,"DemandMax":null,"Value":518},{"Length":32,"Height":17,"Demand":1,"DemandMax":null,"Value":544},{"Length":44,"Height":12,"Demand":1,"DemandMax":null,"Value":528},{"Length":25,"Height":21,"Demand":6,"DemandMax":null,"Value":525},{"Length":29,"Height":18,"Demand":1,"DemandMax":null,"Value":522},{"Length":23,"Height":23,"Demand":4,"DemandMax":null,"Value":529},{"Length":22,"Height":24,"Demand":12,"DemandMax":null,"Value":528},{"Length":38,"Height":14,"Demand":4,"DemandMax":null,"Value":532},{"Length":14,"Height":39,"Demand":2,"DemandMax":null,"Value":546},{"Length":35,"Height":15,"Demand":3,"DemandMax":null,"Value":525},{"Length":26,"Height":20,"Demand":5,"DemandMax":null,"Value":520},{"Length":39,"Height":14,"Demand":1,"DemandMax":null,"Value":546},{"Length":20,"Height":26,"Demand":5,"DemandMax":null,"Value":520},{"Length":34,"Height":15,"Demand":5,"DemandMax":null,"Value":510},{"Length":21,"Height":25,"Demand":3,"DemandMax":null,"Value":525},{"Length":19,"Height":27,"Demand":9,"DemandMax":null,"Value":513},{"Length":37,"Height":14,"Demand":1,"DemandMax":null,"Value":518},{"Length":40,"Height":13,"Demand":4,"DemandMax":null,"Value":520},{"Length":18,"Height":29,"Demand":2,"DemandMax":null,"Value":522},{"Length":17,"Height":30,"Demand":1,"DemandMax":null,"Value":510},{"Length":13,"Height":40,"Demand":1,"DemandMax":null,"Value":520},{"Length":27,"Height":19,"Demand":4,"DemandMax":null,"Value":513},{"Length":39,"Height":13,"Demand":2,"DemandMax":null,"Value":507},{"Length":14,"Height":36,"Demand":6,"DemandMax":null,"Value":504},{"Length":22,"Height":23,"Demand":4,"DemandMax":null,"Value":506},{"Length":24,"Height":21,"Demand":10,"DemandMax":null,"Value":504},{"Length":16,"Height":33,"Demand":1,"DemandMax":null,"Value":528},{"Length":23,"Height":22,"Demand":5,"DemandMax":null,"Value":506},{"Length":46,"Height":11,"Demand":1,"DemandMax":null,"Value":506},{"Length":36,"Height":14,"Demand":5,"DemandMax":null,"Value":504},{"Length":12,"Height":43,"Demand":3,"DemandMax":null,"Value":516},{"Length":43,"Height":12,"Demand":1,"DemandMax":null,"Value":516},{"Length":18,"Height":28,"Demand":5,"DemandMax":null,"Value":504},{"Length":15,"Height":33,"Demand":2,"DemandMax":null,"Value":495},{"Length":20,"Height":25,"Demand":9,"DemandMax":null,"Value":500},{"Length":13,"Height":38,"Demand":2,"DemandMax":null,"Value":494},{"Length":12,"Height":41,"Demand":5,"DemandMax":null,"Value":492},{"Length":32,"Height":16,"Demand":1,"DemandMax":null,"Value":512},{"Length":30,"Height":17,"Demand":4,"DemandMax":null,"Value":510},{"Length":33,"Height":15,"Demand":4,"DemandMax":null,"Value":495},{"Length":17,"Height":29,"Demand":5,"DemandMax":null,"Value":493},{"Length":42,"Height":12,"Demand":2,"DemandMax":null,"Value":504},{"Length":21,"Height":24,"Demand":7,"DemandMax":null,"Value":504},{"Length":19,"Height":26,"Demand":8,"DemandMax":null,"Value":494},{"Length":38,"Height":13,"Demand":3,"DemandMax":null,"Value":494},{"Length":25,"Height":20,"Demand":10,"DemandMax":null,"Value":500},{"Length":44,"Height":11,"Demand":2,"DemandMax":null,"Value":484},{"Length":28,"Height":18,"Demand":3,"DemandMax":null,"Value":504},{"Length":26,"Height":19,"Demand":3,"DemandMax":null,"Value":494},{"Length":29,"Height":17,"Demand":4,"DemandMax":null,"Value":493},{"Length":22,"Height":22,"Demand":9,"DemandMax":null,"Value":484},{"Length":16,"Height":32,"Demand":1,"DemandMax":null,"Value":512},{"Length":23,"Height":21,"Demand":8,"DemandMax":null,"Value":483},{"Length":15,"Height":34,"Demand":1,"DemandMax":null,"Value":510},{"Length":11,"Height":44,"Demand":1,"DemandMax":null,"Value":484},{"Length":20,"Height":24,"Demand":7,"DemandMax":null,"Value":480},{"Length":37,"Height":13,"Demand":1,"DemandMax":null,"Value":481},{"Length":12,"Height":40,"Demand":1,"DemandMax":null,"Value":480},{"Length":13,"Height":39,"Demand":1,"DemandMax":null,"Value":507},{"Length":35,"Height":14,"Demand":6,"DemandMax":null,"Value":490},{"Length":18,"Height":27,"Demand":7,"DemandMax":null,"Value":486},{"Length":21,"Height":23,"Demand":2,"DemandMax":null,"Value":483},{"Length":40,"Height":12,"Demand":2,"DemandMax":null,"Value":480},{"Length":30,"Height":16,"Demand":5,"DemandMax":null,"Value":480},{"Length":27,"Height":18,"Demand":3,"DemandMax":null,"Value":486},{"Length":32,"Height":15,"Demand":3,"DemandMax":null,"Value":480},{"Length":28,"Height":17,"Demand":7,"DemandMax":null,"Value":476},{"Length":16,"Height":31,"Demand":1,"DemandMax":null,"Value":496},{"Length":19,"Height":25,"Demand":10,"DemandMax":null,"Value":475},{"Length":12,"Height":42,"Demand":1,"DemandMax":null,"Value":504},{"Length":13,"Height":36,"Demand":1,"DemandMax":null,"Value":468},{"Length":25,"Height":19,"Demand":2,"DemandMax":null,"Value":475},{"Length":24,"Height":20,"Demand":4,"DemandMax":null,"Value":480},{"Length":18,"Height":26,"Demand":1,"DemandMax":null,"Value":468},{"Length":14,"Height":33,"Demand":4,"DemandMax":null,"Value":462},{"Length":11,"Height":43,"Demand":1,"DemandMax":null,"Value":473},{"Length":17,"Height":28,"Demand":2,"DemandMax":null,"Value":476},{"Length":42,"Height":11,"Demand":2,"DemandMax":null,"Value":462},{"Length":39,"Height":12,"Demand":2,"DemandMax":null,"Value":468},{"Length":33,"Height":14,"Demand":3,"DemandMax":null,"Value":462},{"Length":41,"Height":12,"Demand":1,"DemandMax":null,"Value":492},{"Length":29,"Height":16,"Demand":2,"DemandMax":null,"Value":464},{"Length":15,"Height":31,"Demand":1,"DemandMax":null,"Value":465},{"Length":21,"Height":22,"Demand":4,"DemandMax":null,"Value":462},{"Length":14,"Height":34,"Demand":1,"DemandMax":null,"Value":476},{"Length":16,"Height":30,"Demand":2,"DemandMax":null,"Value":480},{"Length":43,"Height":11,"Demand":2,"DemandMax":null,"Value":473},{"Length":13,"Height":35,"Demand":1,"DemandMax":null,"Value":455},{"Length":23,"Height":20,"Demand":3,"DemandMax":null,"Value":460},{"Length":26,"Height":18,"Demand":1,"DemandMax":null,"Value":468},{"Length":27,"Height":17,"Demand":1,"DemandMax":null,"Value":459},{"Length":19,"Height":24,"Demand":2,"DemandMax":null,"Value":456},{"Length":24,"Height":19,"Demand":3,"DemandMax":null,"Value":456},{"Length":31,"Height":15,"Demand":1,"DemandMax":null,"Value":465},{"Length":20,"Height":22,"Demand":7,"DemandMax":null,"Value":440},{"Length":16,"Height":28,"Demand":1,"DemandMax":null,"Value":448},{"Length":30,"Height":15,"Demand":1,"DemandMax":null,"Value":450},{"Length":41,"Height":11,"Demand":2,"DemandMax":null,"Value":451},{"Length":17,"Height":26,"Demand":1,"DemandMax":null,"Value":442},{"Length":37,"Height":12,"Demand":3,"DemandMax":null,"Value":444},{"Length":16,"Height":29,"Demand":1,"DemandMax":null,"Value":464},{"Length":22,"Height":21,"Demand":1,"DemandMax":null,"Value":462},{"Length":18,"Height":25,"Demand":1,"DemandMax":null,"Value":450},{"Length":26,"Height":17,"Demand":1,"DemandMax":null,"Value":442},{"Length":24,"Height":18,"Demand":2,"DemandMax":null,"Value":432},{"Length":21,"Height":21,"Demand":1,"DemandMax":null,"Value":441},{"Length":36,"Height":12,"Demand":2,"DemandMax":null,"Value":432},{"Length":31,"Height":14,"Demand":3,"DemandMax":null,"Value":434},{"Length":27,"Height":16,"Demand":2,"DemandMax":null,"Value":432},{"Length":16,"Height":27,"Demand":1,"DemandMax":null,"Value":432},{"Length":14,"Height":32,"Demand":1,"DemandMax":null,"Value":448},{"Length":30,"Height":14,"Demand":2,"DemandMax":null,"Value":420},{"Length":15,"Height":28,"Demand":2,"DemandMax":null,"Value":420},{"Length":22,"Height":20,"Demand":1,"DemandMax":null,"Value":440},{"Length":23,"Height":19,"Demand":1,"DemandMax":null,"Value":437},{"Length":17,"Height":25,"Demand":2,"DemandMax":null,"Value":425},{"Length":18,"Height":24,"Demand":3,"DemandMax":null,"Value":432},{"Length":21,"Height":20,"Demand":2,"DemandMax":null,"Value":420},{"Length":33,"Height":13,"Demand":2,"DemandMax":null,"Value":429},{"Length":38,"Height":11,"Demand":2,"DemandMax":null,"Value":418},{"Length":40,"Height":11,"Demand":3,"DemandMax":null,"Value":440},{"Length":14,"Height":30,"Demand":3,"DemandMax":null,"Value":420},{"Length":25,"Height":17,"Demand":3,"DemandMax":null,"Value":425},{"Length":19,"Height":22,"Demand":2,"DemandMax":null,"Value":418},{"Length":35,"Height":12,"Demand":2,"DemandMax":null,"Value":420},{"Length":13,"Height":32,"Demand":1,"DemandMax":null,"Value":416},{"Length":29,"Height":15,"Demand":2,"DemandMax":null,"Value":435},{"Length":20,"Height":21,"Demand":2,"DemandMax":null,"Value":420},{"Length":18,"Height":23,"Demand":2,"DemandMax":null,"Value":414},{"Length":23,"Height":18,"Demand":1,"DemandMax":null,"Value":414},{"Length":41,"Height":10,"Demand":1,"DemandMax":null,"Value":410},{"Length":31,"Height":13,"Demand":3,"DemandMax":null,"Value":403},{"Length":22,"Height":19,"Demand":1,"DemandMax":null,"Value":418},{"Length":27,"Height":15,"Demand":4,"DemandMax":null,"Value":405},{"Length":11,"Height":39,"Demand":1,"DemandMax":null,"Value":429},{"Length":16,"Height":26,"Demand":1,"DemandMax":null,"Value":416},{"Length":36,"Height":11,"Demand":2,"DemandMax":null,"Value":396},{"Length":40,"Height":10,"Demand":1,"DemandMax":null,"Value":400},{"Length":20,"Height":20,"Demand":4,"DemandMax":null,"Value":400},{"Length":21,"Height":19,"Demand":4,"DemandMax":null,"Value":399},{"Length":15,"Height":27,"Demand":3,"DemandMax":null,"Value":405},{"Length":16,"Height":25,"Demand":5,"DemandMax":null,"Value":400},{"Length":12,"Height":33,"Demand":2,"DemandMax":null,"Value":396},{"Length":19,"Height":21,"Demand":5,"DemandMax":null,"Value":399},{"Length":23,"Height":17,"Demand":3,"DemandMax":null,"Value":391},{"Length":11,"Height":35,"Demand":1,"DemandMax":null,"Value":385},{"Length":17,"Height":23,"Demand":2,"DemandMax":null,"Value":391},{"Length":17,"Height":24,"Demand":2,"DemandMax":null,"Value":408},{"Length":29,"Height":14,"Demand":2,"DemandMax":null,"Value":406},{"Length":25,"Height":16,"Demand":3,"DemandMax":null,"Value":400},{"Length":11,"Height":36,"Demand":1,"DemandMax":null,"Value":396},{"Length":13,"Height":30,"Demand":2,"DemandMax":null,"Value":390},{"Length":39,"Height":10,"Demand":3,"DemandMax":null,"Value":390},{"Length":26,"Height":15,"Demand":4,"DemandMax":null,"Value":390},{"Length":35,"Height":11,"Demand":5,"DemandMax":null,"Value":385},{"Length":38,"Height":10,"Demand":4,"DemandMax":null,"Value":380},{"Length":27,"Height":14,"Demand":6,"DemandMax":null,"Value":378},{"Length":18,"Height":22,"Demand":2,"DemandMax":null,"Value":396},{"Length":19,"Height":20,"Demand":2,"DemandMax":null,"Value":380},{"Length":15,"Height":25,"Demand":2,"DemandMax":null,"Value":375},{"Length":34,"Height":11,"Demand":3,"DemandMax":null,"Value":374},{"Length":34,"Height":12,"Demand":1,"DemandMax":null,"Value":408},{"Length":20,"Height":19,"Demand":4,"DemandMax":null,"Value":380},{"Length":17,"Height":22,"Demand":7,"DemandMax":null,"Value":374},{"Length":12,"Height":31,"Demand":3,"DemandMax":null,"Value":372},{"Length":33,"Height":12,"Demand":1,"DemandMax":null,"Value":396},{"Length":13,"Height":28,"Demand":3,"DemandMax":null,"Value":364},{"Length":16,"Height":24,"Demand":3,"DemandMax":null,"Value":384},{"Length":16,"Height":23,"Demand":3,"DemandMax":null,"Value":368},{"Length":18,"Height":21,"Demand":3,"DemandMax":null,"Value":378},{"Length":15,"Height":26,"Demand":3,"DemandMax":null,"Value":390},{"Length":31,"Height":12,"Demand":2,"DemandMax":null,"Value":372},{"Length":14,"Height":27,"Demand":2,"DemandMax":null,"Value":378},{"Length":21,"Height":18,"Demand":1,"DemandMax":null,"Value":378},{"Length":12,"Height":32,"Demand":1,"DemandMax":null,"Value":384},{"Length":13,"Height":29,"Demand":1,"DemandMax":null,"Value":377},{"Length":23,"Height":16,"Demand":4,"DemandMax":null,"Value":368},{"Length":19,"Height":19,"Demand":8,"DemandMax":null,"Value":361},{"Length":24,"Height":15,"Demand":8,"DemandMax":null,"Value":360},{"Length":20,"Height":18,"Demand":4,"DemandMax":null,"Value":360},{"Length":21,"Height":17,"Demand":5,"DemandMax":null,"Value":357},{"Length":32,"Height":12,"Demand":1,"DemandMax":null,"Value":384},{"Length":36,"Height":10,"Demand":3,"DemandMax":null,"Value":360},{"Length":11,"Height":32,"Demand":3,"DemandMax":null,"Value":352},{"Length":11,"Height":33,"Demand":1,"DemandMax":null,"Value":363},{"Length":14,"Height":26,"Demand":1,"DemandMax":null,"Value":364},{"Length":26,"Height":14,"Demand":6,"DemandMax":null,"Value":364},{"Length":28,"Height":13,"Demand":2,"DemandMax":null,"Value":364},{"Length":18,"Height":20,"Demand":2,"DemandMax":null,"Value":360},{"Length":15,"Height":24,"Demand":3,"DemandMax":null,"Value":360},{"Length":10,"Height":35,"Demand":2,"DemandMax":null,"Value":350},{"Length":17,"Height":21,"Demand":6,"DemandMax":null,"Value":357},{"Length":25,"Height":14,"Demand":3,"DemandMax":null,"Value":350},{"Length":10,"Height":34,"Demand":1,"DemandMax":null,"Value":340},{"Length":22,"Height":16,"Demand":5,"DemandMax":null,"Value":352},{"Length":16,"Height":22,"Demand":9,"DemandMax":null,"Value":352},{"Length":33,"Height":11,"Demand":3,"DemandMax":null,"Value":363},{"Length":10,"Height":36,"Demand":3,"DemandMax":null,"Value":360},{"Length":17,"Height":20,"Demand":4,"DemandMax":null,"Value":340},{"Length":35,"Height":10,"Demand":2,"DemandMax":null,"Value":350},{"Length":37,"Height":10,"Demand":2,"DemandMax":null,"Value":370},{"Length":19,"Height":18,"Demand":9,"DemandMax":null,"Value":342},{"Length":29,"Height":12,"Demand":2,"DemandMax":null,"Value":348},{"Length":14,"Height":25,"Demand":2,"DemandMax":null,"Value":350},{"Length":27,"Height":13,"Demand":2,"DemandMax":null,"Value":351},{"Length":32,"Height":11,"Demand":1,"DemandMax":null,"Value":352},{"Length":18,"Height":19,"Demand":5,"DemandMax":null,"Value":342},{"Length":34,"Height":10,"Demand":3,"DemandMax":null,"Value":340},{"Length":15,"Height":23,"Demand":4,"DemandMax":null,"Value":345},{"Length":30,"Height":12,"Demand":2,"DemandMax":null,"Value":360},{"Length":23,"Height":15,"Demand":5,"DemandMax":null,"Value":345},{"Length":20,"Height":17,"Demand":4,"DemandMax":null,"Value":340},{"Length":13,"Height":26,"Demand":6,"DemandMax":null,"Value":338},{"Length":31,"Height":11,"Demand":2,"DemandMax":null,"Value":341},{"Length":13,"Height":27,"Demand":2,"DemandMax":null,"Value":351},{"Length":10,"Height":33,"Demand":5,"DemandMax":null,"Value":330},{"Length":15,"Height":22,"Demand":12,"DemandMax":null,"Value":330},{"Length":14,"Height":24,"Demand":6,"DemandMax":null,"Value":336},{"Length":12,"Height":27,"Demand":4,"DemandMax":null,"Value":324},{"Length":28,"Height":12,"Demand":2,"DemandMax":null,"Value":336},{"Length":33,"Height":10,"Demand":2,"DemandMax":null,"Value":330},{"Length":16,"Height":21,"Demand":3,"DemandMax":null,"Value":336},{"Length":21,"Height":16,"Demand":5,"DemandMax":null,"Value":336},{"Length":22,"Height":15,"Demand":2,"DemandMax":null,"Value":330},{"Length":11,"Height":30,"Demand":2,"DemandMax":null,"Value":330},{"Length":36,"Height":9,"Demand":2,"DemandMax":null,"Value":324},{"Length":9,"Height":36,"Demand":1,"DemandMax":null,"Value":324},{"Length":18,"Height":18,"Demand":1,"DemandMax":null,"Value":324},{"Length":25,"Height":13,"Demand":4,"DemandMax":null,"Value":325},{"Length":17,"Height":19,"Demand":10,"DemandMax":null,"Value":323},{"Length":26,"Height":13,"Demand":6,"DemandMax":null,"Value":338},{"Length":23,"Height":14,"Demand":9,"DemandMax":null,"Value":322},{"Length":21,"Height":15,"Demand":14,"DemandMax":null,"Value":315},{"Length":12,"Height":26,"Demand":14,"DemandMax":null,"Value":312},{"Length":27,"Height":12,"Demand":6,"DemandMax":null,"Value":324},{"Length":9,"Height":35,"Demand":6,"DemandMax":null,"Value":315},{"Length":16,"Height":20,"Demand":12,"DemandMax":null,"Value":320},{"Length":24,"Height":14,"Demand":1,"DemandMax":null,"Value":336},{"Length":14,"Height":23,"Demand":8,"DemandMax":null,"Value":322},{"Length":13,"Height":25,"Demand":3,"DemandMax":null,"Value":325},{"Length":32,"Height":10,"Demand":6,"DemandMax":null,"Value":320},{"Length":10,"Height":32,"Demand":5,"DemandMax":null,"Value":320},{"Length":20,"Height":16,"Demand":13,"DemandMax":null,"Value":320},{"Length":26,"Height":12,"Demand":9,"DemandMax":null,"Value":312},{"Length":11,"Height":29,"Demand":5,"DemandMax":null,"Value":319},{"Length":29,"Height":11,"Demand":4,"DemandMax":null,"Value":319},{"Length":28,"Height":11,"Demand":6,"DemandMax":null,"Value":308},{"Length":22,"Height":14,"Demand":19,"DemandMax":null,"Value":308},{"Length":19,"Height":17,"Demand":9,"DemandMax":null,"Value":323},{"Length":30,"Height":11,"Demand":3,"DemandMax":null,"Value":330},{"Length":15,"Height":21,"Demand":9,"DemandMax":null,"Value":315},{"Length":9,"Height":34,"Demand":10,"DemandMax":null,"Value":306},{"Length":35,"Height":9,"Demand":1,"DemandMax":null,"Value":315},{"Length":13,"Height":24,"Demand":7,"DemandMax":null,"Value":312},{"Length":19,"Height":16,"Demand":7,"DemandMax":null,"Value":304},{"Length":17,"Height":18,"Demand":8,"DemandMax":null,"Value":306},{"Length":10,"Height":31,"Demand":2,"DemandMax":null,"Value":310},{"Length":34,"Height":9,"Demand":2,"DemandMax":null,"Value":306},{"Length":30,"Height":10,"Demand":4,"DemandMax":null,"Value":300},{"Length":16,"Height":19,"Demand":7,"DemandMax":null,"Value":304},{"Length":15,"Height":20,"Demand":6,"DemandMax":null,"Value":300},{"Length":14,"Height":22,"Demand":15,"DemandMax":null,"Value":308},{"Length":18,"Height":17,"Demand":8,"DemandMax":null,"Value":306},{"Length":24,"Height":13,"Demand":1,"DemandMax":null,"Value":312},{"Length":11,"Height":28,"Demand":8,"DemandMax":null,"Value":308},{"Length":10,"Height":30,"Demand":4,"DemandMax":null,"Value":300},{"Length":9,"Height":33,"Demand":5,"DemandMax":null,"Value":297},{"Length":23,"Height":13,"Demand":7,"DemandMax":null,"Value":299},{"Length":13,"Height":23,"Demand":7,"DemandMax":null,"Value":299},{"Length":20,"Height":15,"Demand":5,"DemandMax":null,"Value":300},{"Length":31,"Height":10,"Demand":3,"DemandMax":null,"Value":310},{"Length":25,"Height":12,"Demand":5,"DemandMax":null,"Value":300},{"Length":12,"Height":25,"Demand":3,"DemandMax":null,"Value":300},{"Length":21,"Height":14,"Demand":9,"DemandMax":null,"Value":294},{"Length":29,"Height":10,"Demand":7,"DemandMax":null,"Value":290},{"Length":10,"Height":29,"Demand":2,"DemandMax":null,"Value":290},{"Length":27,"Height":11,"Demand":7,"DemandMax":null,"Value":297},{"Length":14,"Height":21,"Demand":6,"DemandMax":null,"Value":294},{"Length":11,"Height":27,"Demand":4,"DemandMax":null,"Value":297},{"Length":11,"Height":26,"Demand":4,"DemandMax":null,"Value":286},{"Length":12,"Height":24,"Demand":5,"DemandMax":null,"Value":288},{"Length":32,"Height":9,"Demand":2,"DemandMax":null,"Value":288},{"Length":9,"Height":32,"Demand":4,"DemandMax":null,"Value":288},{"Length":13,"Height":22,"Demand":8,"DemandMax":null,"Value":286},{"Length":26,"Height":11,"Demand":5,"DemandMax":null,"Value":286},{"Length":14,"Height":20,"Demand":7,"DemandMax":null,"Value":280},{"Length":16,"Height":18,"Demand":3,"DemandMax":null,"Value":288},{"Length":24,"Height":12,"Demand":2,"DemandMax":null,"Value":288},{"Length":31,"Height":9,"Demand":3,"DemandMax":null,"Value":279},{"Length":17,"Height":17,"Demand":2,"DemandMax":null,"Value":289},{"Length":18,"Height":16,"Demand":4,"DemandMax":null,"Value":288},{"Length":19,"Height":15,"Demand":5,"DemandMax":null,"Value":285},{"Length":28,"Height":10,"Demand":1,"DemandMax":null,"Value":280},{"Length":10,"Height":28,"Demand":4,"DemandMax":null,"Value":280},{"Length":22,"Height":13,"Demand":6,"DemandMax":null,"Value":286},{"Length":23,"Height":12,"Demand":2,"DemandMax":null,"Value":276},{"Length":15,"Height":19,"Demand":5,"DemandMax":null,"Value":285},{"Length":12,"Height":23,"Demand":5,"DemandMax":null,"Value":276},{"Length":20,"Height":14,"Demand":5,"DemandMax":null,"Value":280},{"Length":25,"Height":11,"Demand":1,"DemandMax":null,"Value":275},{"Length":9,"Height":31,"Demand":2,"DemandMax":null,"Value":279},{"Length":27,"Height":10,"Demand":2,"DemandMax":null,"Value":270},{"Length":21,"Height":13,"Demand":3,"DemandMax":null,"Value":273},{"Length":10,"Height":27,"Demand":1,"DemandMax":null,"Value":270},{"Length":9,"Height":30,"Demand":1,"DemandMax":null,"Value":270},{"Length":11,"Height":25,"Demand":1,"DemandMax":null,"Value":275},{"Length":16,"Height":17,"Demand":1,"DemandMax":null,"Value":272},{"Length":20,"Height":13,"Demand":2,"DemandMax":null,"Value":260},{"Length":15,"Height":17,"Demand":1,"DemandMax":null,"Value":255},{"Length":19,"Height":14,"Demand":1,"DemandMax":null,"Value":266},{"Length":16,"Height":16,"Demand":1,"DemandMax":null,"Value":256},{"Length":13,"Height":19,"Demand":5,"DemandMax":null,"Value":247},{"Length":11,"Height":22,"Demand":3,"DemandMax":null,"Value":242},{"Length":25,"Height":10,"Demand":1,"DemandMax":null,"Value":250},{"Length":21,"Height":11,"Demand":2,"DemandMax":null,"Value":231},{"Length":18,"Height":13,"Demand":1,"DemandMax":null,"Value":234},{"Length":27,"Height":9,"Demand":1,"DemandMax":null,"Value":243},{"Length":12,"Height":20,"Demand":1,"DemandMax":null,"Value":240},{"Length":26,"Height":9,"Demand":1,"DemandMax":null,"Value":234},{"Length":16,"Height":14,"Demand":1,"DemandMax":null,"Value":224},{"Length":19,"Height":12,"Demand":1,"DemandMax":null,"Value":228},{"Length":17,"Height":13,"Demand":1,"DemandMax":null,"Value":221},{"Length":13,"Height":18,"Demand":1,"DemandMax":null,"Value":234}]}