{"Name":"10000","Objects":[{"Length":400,"Height":600,"Stock":null,"Cost":240000}],"Items":[{"Length":3,"Height":2,"Demand":142,"DemandMax":null,"Value":6},{"Length":1,"Height":1,"Demand":1868,"DemandMax":null,"Value":1},{"Length":5,"Height":1,"Demand":144,"DemandMax":null,"Value":5},{"Length":3,"Height":1,"Demand":363,"DemandMax":null,"Value":3},{"Length":1,"Height":3,"Demand":361,"DemandMax":null,"Value":3},{"Length":1,"Height":2,"Demand":689,"DemandMax":null,"Value":2},{"Length":2,"Height":1,"Demand":690,"DemandMax":null,"Value":2},{"Length":8,"Height":3,"Demand":19,"DemandMax":null,"Value":24},{"Length":1,"Height":4,"Demand":263,"DemandMax":null,"Value":4},{"Length":1,"Height":13,"Demand":35,"DemandMax":null,"Value":13},{"Length":1,"Height":9,"Demand":76,"DemandMax":null,"Value":9},{"Length":1,"Height":7,"Demand":125,"DemandMax":null,"Value":7},{"Length":17,"Height":1,"Demand":13,"DemandMax":null,"Value":17},{"Length":5,"Height":2,"Demand":73,"DemandMax":null,"Value":10},{"Length":9,"Height":9,"Demand":5,"DemandMax":null,"Value":81},{"Length":2,"Height":2,"Demand":269,"DemandMax":null,"Value":4},{"Length":19,"Height":1,"Demand":17,"DemandMax":null,"Value":19},{"Length":1,"Height":6,"Demand":152,"DemandMax":null,"Value":6},{"Length":1,"Height":22,"Demand":10,"DemandMax":null,"Value":22},{"Length":4,"Height":1,"Demand":237,"DemandMax":null,"Value":4},{"Length":1,"Height":5,"Demand":188,"DemandMax":null,"Value":5},{"Length":5,"Height":11,"Demand":8,"DemandMax":null,"Value":55},{"Length":1,"Height":25,"Demand":16,"DemandMax":null,"Value":25},{"Length":18,"Height":1,"Demand":21,"DemandMax":null,"Value":18},{"Length":4,"Height":2,"Demand":91,"DemandMax":null,"Value":8},{"Length":6,"Height":1,"Demand":112,"DemandMax":null,"Value":6},{"Length":11,"Height":7,"Demand":3,"DemandMax":null,"Value":77},{"Length":7,"Height":3,"Demand":19,"DemandMax":null,"Value":21},{"Length":4,"Height":4,"Demand":30,"DemandMax":null,"Value":16},{"Length":29,"Height":1,"Demand":8,"DemandMax":null,"Value":29},{"Length":1,"Height":8,"Demand":105,"DemandMax":null,"Value":8},{"Length":1,"Height":10,"Demand":77,"DemandMax":null,"Value":10},{"Length":2,"Height":14,"Demand":19,"DemandMax":null,"Value":28},{"Length":2,"Height":4,"Demand":99,"DemandMax":null,"Value":8},{"Length":1,"Height":11,"Demand":63,"DemandMax":null,"Value":11},{"Length":10,"Height":2,"Demand":23,"DemandMax":null,"Value":20},{"Length":3,"Height":5,"Demand":47,"DemandMax":null,"Value":15},{"Length":2,"Height":8,"Demand":39,"DemandMax":null,"Value":16},{"Length":4,"Height":5,"Demand":33,"DemandMax":null,"Value":20},{"Length":1,"Height":15,"Demand":37,"DemandMax":null,"Value":15},{"Length":4,"Height":3,"Demand":52,"DemandMax":null,"Value":12},{"Length":3,"Height":14,"Demand":6,"DemandMax":null,"Value":42},{"Length":1,"Height":45,"Demand":2,"DemandMax":null,"Value":45},{"Length":9,"Height":1,"Demand":47,"DemandMax":null,"Value":9},{"Length":1,"Height":17,"Demand":31,"DemandMax":null,"Value":17},{"Length":6,"Height":2,"Demand":43,"DemandMax":null,"Value":12},{"Length":7,"Height":2,"Demand":28,"DemandMax":null,"Value":14},{"Length":3,"Height":3,"Demand":81,"DemandMax":null,"Value":9},{"Length":2,"Height":25,"Demand":5,"DemandMax":null,"Value":50},{"Length":2,"Height":17,"Demand":11,"DemandMax":null,"Value":34},{"Length":14,"Height":1,"Demand":26,"DemandMax":null,"Value":14},{"Length":16,"Height":16,"Demand":1,"DemandMax":null,"Value":256},{"Length":10,"Height":8,"Demand":3,"DemandMax":null,"Value":80},{"Length":7,"Height":1,"Demand":93,"DemandMax":null,"Value":7},{"Length":8,"Height":1,"Demand":68,"DemandMax":null,"Value":8},{"Length":8,"Height":15,"Demand":2,"DemandMax":null,"Value":120},{"Length":2,"Height":32,"Demand":4,"DemandMax":null,"Value":64},{"Length":2,"Height":7,"Demand":56,"DemandMax":null,"Value":14},{"Length":2,"Height":68,"Demand":1,"DemandMax":null,"Value":136},{"Length":3,"Height":7,"Demand":31,"DemandMax":null,"Value":21},{"Length":20,"Height":7,"Demand":1,"DemandMax":null,"Value":140},{"Length":2,"Height":6,"Demand":48,"DemandMax":null,"Value":12},{"Length":3,"Height":20,"Demand":3,"DemandMax":null,"Value":60},{"Length":21,"Height":1,"Demand":7,"DemandMax":null,"Value":21},{"Length":4,"Height":6,"Demand":19,"DemandMax":null,"Value":24},{"Length":14,"Height":2,"Demand":6,"DemandMax":null,"Value":28},{"Length":1,"Height":21,"Demand":20,"DemandMax":null,"Value":21},{"Length":31,"Height":1,"Demand":5,"DemandMax":null,"Value":31},{"Length":1,"Height":19,"Demand":16,"DemandMax":null,"Value":19},{"Length":3,"Height":4,"Demand":64,"DemandMax":null,"Value":12},{"Length":14,"Height":3,"Demand":5,"DemandMax":null,"Value":42},{"Length":1,"Height":90,"Demand":3,"DemandMax":null,"Value":90},{"Length":8,"Height":18,"Demand":2,"DemandMax":null,"Value":144},{"Length":6,"Height":3,"Demand":23,"DemandMax":null,"Value":18},{"Length":1,"Height":23,"Demand":19,"DemandMax":null,"Value":23},{"Length":1,"Height":12,"Demand":54,"DemandMax":null,"Value":12},{"Length":8,"Height":9,"Demand":7,"DemandMax":null,"Value":72},{"Length":4,"Height":8,"Demand":8,"DemandMax":null,"Value":32},{"Length":7,"Height":5,"Demand":9,"DemandMax":null,"Value":35},{"Length":2,"Height":83,"Demand":1,"DemandMax":null,"Value":166},{"Length":9,"Height":2,"Demand":15,"DemandMax":null,"Value":18},{"Length":1,"Height":37,"Demand":3,"DemandMax":null,"Value":37},{"Length":1,"Height":31,"Demand":5,"DemandMax":null,"Value":31},{"Length":22,"Height":2,"Demand":1,"DemandMax":null,"Value":44},{"Length":2,"Height":3,"Demand":161,"DemandMax":null,"Value":6},{"Length":2,"Height":21,"Demand":10,"DemandMax":null,"Value":42},{"Length":32,"Height":2,"Demand":1,"DemandMax":null,"Value":64},{"Length":2,"Height":11,"Demand":23,"DemandMax":null,"Value":22},{"Length":15,"Height":14,"Demand":3,"DemandMax":null,"Value":210},{"Length":3,"Height":12,"Demand":14,"DemandMax":null,"Value":36},{"Length":8,"Height":6,"Demand":10,"DemandMax":null,"Value":48},{"Length":4,"Height":10,"Demand":9,"DemandMax":null,"Value":40},{"Length":3,"Height":8,"Demand":30,"DemandMax":null,"Value":24},{"Length":26,"Height":2,"Demand":4,"DemandMax":null,"Value":52},{"Length":3,"Height":24,"Demand":5,"DemandMax":null,"Value":72},{"Length":16,"Height":1,"Demand":24,"DemandMax":null,"Value":16},{"Length":2,"Height":5,"Demand":85,"DemandMax":null,"Value":10},{"Length":11,"Height":1,"Demand":39,"DemandMax":null,"Value":11},{"Length":2,"Height":30,"Demand":6,"DemandMax":null,"Value":60},{"Length":11,"Height":2,"Demand":21,"DemandMax":null,"Value":22},{"Length":3,"Height":6,"Demand":26,"DemandMax":null,"Value":18},{"Length":12,"Height":1,"Demand":27,"DemandMax":null,"Value":12},{"Length":9,"Height":7,"Demand":3,"DemandMax":null,"Value":63},{"Length":34,"Height":9,"Demand":1,"DemandMax":null,"Value":306},{"Length":37,"Height":1,"Demand":5,"DemandMax":null,"Value":37},{"Length":3,"Height":9,"Demand":20,"DemandMax":null,"Value":27},{"Length":1,"Height":39,"Demand":3,"DemandMax":null,"Value":39},{"Length":7,"Height":7,"Demand":13,"DemandMax":null,"Value":49},{"Length":13,"Height":1,"Demand":27,"DemandMax":null,"Value":13},{"Length":2,"Height":19,"Demand":12,"DemandMax":null,"Value":38},{"Length":10,"Height":7,"Demand":5,"DemandMax":null,"Value":70},{"Length":1,"Height":16,"Demand":29,"DemandMax":null,"Value":16},{"Length":2,"Height":10,"Demand":21,"DemandMax":null,"Value":20},{"Length":28,"Height":10,"Demand":1,"DemandMax":null,"Value":280},{"Length":40,"Height":2,"Demand":2,"DemandMax":null,"Value":80},{"Length":4,"Height":35,"Demand":2,"DemandMax":null,"Value":140},{"Length":5,"Height":4,"Demand":22,"DemandMax":null,"Value":20},{"Length":2,"Height":35,"Demand":3,"DemandMax":null,"Value":70},{"Length":4,"Height":25,"Demand":2,"DemandMax":null,"Value":100},{"Length":1,"Height":26,"Demand":8,"DemandMax":null,"Value":26},{"Length":11,"Height":4,"Demand":3,"DemandMax":null,"Value":44},{"Length":50,"Height":1,"Demand":2,"DemandMax":null,"Value":50},{"Length":10,"Height":1,"Demand":46,"DemandMax":null,"Value":10},{"Length":12,"Height":3,"Demand":7,"DemandMax":null,"Value":36},{"Length":7,"Height":11,"Demand":2,"DemandMax":null,"Value":77},{"Length":15,"Height":3,"Demand":5,"DemandMax":null,"Value":45},{"Length":16,"Height":34,"Demand":1,"DemandMax":null,"Value":544},{"Length":5,"Height":6,"Demand":13,"DemandMax":null,"Value":30},{"Length":16,"Height":17,"Demand":1,"DemandMax":null,"Value":272},{"Length":5,"Height":3,"Demand":26,"DemandMax":null,"Value":15},{"Length":53,"Height":1,"Demand":1,"DemandMax":null,"Value":53},{"Length":3,"Height":35,"Demand":2,"DemandMax":null,"Value":105},{"Length":20,"Height":1,"Demand":19,"DemandMax":null,"Value":20},{"Length":7,"Height":6,"Demand":4,"DemandMax":null,"Value":42},{"Length":2,"Height":33,"Demand":2,"DemandMax":null,"Value":66},{"Length":1,"Height":60,"Demand":4,"DemandMax":null,"Value":60},{"Length":45,"Height":7,"Demand":1,"DemandMax":null,"Value":315},{"Length":1,"Height":61,"Demand":1,"DemandMax":null,"Value":61},{"Length":1,"Height":32,"Demand":6,"DemandMax":null,"Value":32},{"Length":23,"Height":1,"Demand":13,"DemandMax":null,"Value":23},{"Length":16,"Height":2,"Demand":7,"DemandMax":null,"Value":32},{"Length":2,"Height":9,"Demand":23,"DemandMax":null,"Value":18},{"Length":1,"Height":24,"Demand":14,"DemandMax":null,"Value":24},{"Length":8,"Height":4,"Demand":11,"DemandMax":null,"Value":32},{"Length":1,"Height":14,"Demand":34,"DemandMax":null,"Value":14},{"Length":48,"Height":2,"Demand":2,"DemandMax":null,"Value":96},{"Length":25,"Height":1,"Demand":15,"DemandMax":null,"Value":25},{"Length":17,"Height":12,"Demand":1,"DemandMax":null,"Value":204},{"Length":1,"Height":18,"Demand":19,"DemandMax":null,"Value":18},{"Length":31,"Height":2,"Demand":5,"DemandMax":null,"Value":62},{"Length":19,"Height":2,"Demand":5,"DemandMax":null,"Value":38},{"Length":111,"Height":1,"Demand":1,"DemandMax":null,"Value":111},{"Length":7,"Height":12,"Demand":5,"DemandMax":null,"Value":84},{"Length":7,"Height":65,"Demand":1,"DemandMax":null,"Value":455},{"Length":7,"Height":16,"Demand":1,"DemandMax":null,"Value":112},{"Length":5,"Height":16,"Demand":5,"DemandMax":null,"Value":80},{"Length":3,"Height":11,"Demand":14,"DemandMax":null,"Value":33},{"Length":1,"Height":20,"Demand":16,"DemandMax":null,"Value":20},{"Length":1,"Height":29,"Demand":9,"DemandMax":null,"Value":29},{"Length":6,"Height":13,"Demand":3,"DemandMax":null,"Value":78},{"Length":30,"Height":4,"Demand":2,"DemandMax":null,"Value":120},{"Length":11,"Height":14,"Demand":3,"DemandMax":null,"Value":154},{"Length":9,"Height":3,"Demand":12,"DemandMax":null,"Value":27},{"Length":18,"Height":2,"Demand":11,"DemandMax":null,"Value":36},{"Length":10,"Height":16,"Demand":1,"DemandMax":null,"Value":160},{"Length":3,"Height":36,"Demand":1,"DemandMax":null,"Value":108},{"Length":2,"Height":18,"Demand":7,"DemandMax":null,"Value":36},{"Length":4,"Height":9,"Demand":13,"DemandMax":null,"Value":36},{"Length":7,"Height":23,"Demand":2,"DemandMax":null,"Value":161},{"Length":28,"Height":1,"Demand":8,"DemandMax":null,"Value":28},{"Length":4,"Height":12,"Demand":9,"DemandMax":null,"Value":48},{"Length":9,"Height":22,"Demand":3,"DemandMax":null,"Value":198},{"Length":22,"Height":1,"Demand":6,"DemandMax":null,"Value":22},{"Length":4,"Height":7,"Demand":19,"DemandMax":null,"Value":28},{"Length":2,"Height":16,"Demand":13,"DemandMax":null,"Value":32},{"Length":17,"Height":7,"Demand":3,"DemandMax":null,"Value":119},{"Length":23,"Height":11,"Demand":1,"DemandMax":null,"Value":253},{"Length":59,"Height":2,"Demand":1,"DemandMax":null,"Value":118},{"Length":17,"Height":2,"Demand":11,"DemandMax":null,"Value":34},{"Length":67,"Height":1,"Demand":1,"DemandMax":null,"Value":67},{"Length":4,"Height":19,"Demand":4,"DemandMax":null,"Value":76},{"Length":69,"Height":6,"Demand":1,"DemandMax":null,"Value":414},{"Length":45,"Height":1,"Demand":4,"DemandMax":null,"Value":45},{"Length":2,"Height":47,"Demand":1,"DemandMax":null,"Value":94},{"Length":16,"Height":6,"Demand":3,"DemandMax":null,"Value":96},{"Length":1,"Height":65,"Demand":1,"DemandMax":null,"Value":65},{"Length":1,"Height":48,"Demand":1,"DemandMax":null,"Value":48},{"Length":11,"Height":3,"Demand":12,"DemandMax":null,"Value":33},{"Length":32,"Height":1,"Demand":6,"DemandMax":null,"Value":32},{"Length":12,"Height":21,"Demand":1,"DemandMax":null,"Value":252},{"Length":59,"Height":1,"Demand":1,"DemandMax":null,"Value":59},{"Length":38,"Height":1,"Demand":4,"DemandMax":null,"Value":38},{"Length":4,"Height":32,"Demand":4,"DemandMax":null,"Value":128},{"Length":3,"Height":10,"Demand":12,"DemandMax":null,"Value":30},{"Length":5,"Height":7,"Demand":10,"DemandMax":null,"Value":35},{"Length":2,"Height":13,"Demand":18,"DemandMax":null,"Value":26},{"Length":10,"Height":3,"Demand":12,"DemandMax":null,"Value":30},{"Length":4,"Height":16,"Demand":9,"DemandMax":null,"Value":64},{"Length":43,"Height":1,"Demand":2,"DemandMax":null,"Value":43},{"Length":7,"Height":4,"Demand":10,"DemandMax":null,"Value":28},{"Length":16,"Height":12,"Demand":2,"DemandMax":null,"Value":192},{"Length":4,"Height":13,"Demand":7,"DemandMax":null,"Value":52},{"Length":2,"Height":15,"Demand":10,"DemandMax":null,"Value":30},{"Length":27,"Height":1,"Demand":5,"DemandMax":null,"Value":27},{"Length":12,"Height":2,"Demand":17,"DemandMax":null,"Value":24},{"Length":7,"Height":9,"Demand":3,"DemandMax":null,"Value":63},{"Length":7,"Height":22,"Demand":2,"DemandMax":null,"Value":154},{"Length":2,"Height":12,"Demand":17,"DemandMax":null,"Value":24},{"Length":13,"Height":8,"Demand":1,"DemandMax":null,"Value":104},{"Length":3,"Height":18,"Demand":5,"DemandMax":null,"Value":54},{"Length":10,"Height":4,"Demand":5,"DemandMax":null,"Value":40},{"Length":41,"Height":1,"Demand":4,"DemandMax":null,"Value":41},{"Length":10,"Height":12,"Demand":1,"DemandMax":null,"Value":120},{"Length":3,"Height":16,"Demand":7,"DemandMax":null,"Value":48},{"Length":14,"Height":37,"Demand":1,"DemandMax":null,"Value":518},{"Length":15,"Height":5,"Demand":2,"DemandMax":null,"Value":75},{"Length":5,"Height":5,"Demand":28,"DemandMax":null,"Value":25},{"Length":56,"Height":4,"Demand":2,"DemandMax":null,"Value":224},{"Length":1,"Height":38,"Demand":6,"DemandMax":null,"Value":38},{"Length":6,"Height":10,"Demand":8,"DemandMax":null,"Value":60},{"Length":26,"Height":15,"Demand":1,"DemandMax":null,"Value":390},{"Length":24,"Height":3,"Demand":5,"DemandMax":null,"Value":72},{"Length":16,"Height":3,"Demand":9,"DemandMax":null,"Value":48},{"Length":1,"Height":41,"Demand":2,"DemandMax":null,"Value":41},{"Length":9,"Height":15,"Demand":2,"DemandMax":null,"Value":135},{"Length":10,"Height":6,"Demand":9,"DemandMax":null,"Value":60},{"Length":8,"Height":11,"Demand":1,"DemandMax":null,"Value":88},{"Length":6,"Height":9,"Demand":4,"DemandMax":null,"Value":54},{"Length":4,"Height":11,"Demand":9,"DemandMax":null,"Value":44},{"Length":1,"Height":102,"Demand":1,"DemandMax":null,"Value":102},{"Length":8,"Height":2,"Demand":28,"DemandMax":null,"Value":16},{"Length":1,"Height":75,"Demand":2,"DemandMax":null,"Value":75},{"Length":10,"Height":21,"Demand":1,"DemandMax":null,"Value":210},{"Length":1,"Height":49,"Demand":2,"DemandMax":null,"Value":49},{"Length":14,"Height":5,"Demand":3,"DemandMax":null,"Value":70},{"Length":8,"Height":10,"Demand":5,"DemandMax":null,"Value":80},{"Length":6,"Height":5,"Demand":19,"DemandMax":null,"Value":30},{"Length":27,"Height":2,"Demand":4,"DemandMax":null,"Value":54},{"Length":3,"Height":22,"Demand":5,"DemandMax":null,"Value":66},{"Length":1,"Height":30,"Demand":6,"DemandMax":null,"Value":30},{"Length":4,"Height":24,"Demand":3,"DemandMax":null,"Value":96},{"Length":8,"Height":30,"Demand":1,"DemandMax":null,"Value":240},{"Length":10,"Height":5,"Demand":5,"DemandMax":null,"Value":50},{"Length":17,"Height":25,"Demand":1,"DemandMax":null,"Value":425},{"Length":4,"Height":105,"Demand":1,"DemandMax":null,"Value":420},{"Length":18,"Height":3,"Demand":6,"DemandMax":null,"Value":54},{"Length":43,"Height":3,"Demand":1,"DemandMax":null,"Value":129},{"Length":1,"Height":79,"Demand":1,"DemandMax":null,"Value":79},{"Length":9,"Height":5,"Demand":4,"DemandMax":null,"Value":45},{"Length":2,"Height":23,"Demand":4,"DemandMax":null,"Value":46},{"Length":13,"Height":7,"Demand":2,"DemandMax":null,"Value":91},{"Length":4,"Height":23,"Demand":1,"DemandMax":null,"Value":92},{"Length":7,"Height":15,"Demand":2,"DemandMax":null,"Value":105},{"Length":1,"Height":27,"Demand":4,"DemandMax":null,"Value":27},{"Length":7,"Height":26,"Demand":4,"DemandMax":null,"Value":182},{"Length":27,"Height":3,"Demand":2,"DemandMax":null,"Value":81},{"Length":30,"Height":5,"Demand":2,"DemandMax":null,"Value":150},{"Length":1,"Height":85,"Demand":2,"DemandMax":null,"Value":85},{"Length":24,"Height":1,"Demand":8,"DemandMax":null,"Value":24},{"Length":1,"Height":40,"Demand":4,"DemandMax":null,"Value":40},{"Length":33,"Height":6,"Demand":1,"DemandMax":null,"Value":198},{"Length":6,"Height":19,"Demand":1,"DemandMax":null,"Value":114},{"Length":6,"Height":35,"Demand":2,"DemandMax":null,"Value":210},{"Length":2,"Height":20,"Demand":8,"DemandMax":null,"Value":40},{"Length":77,"Height":1,"Demand":1,"DemandMax":null,"Value":77},{"Length":12,"Height":15,"Demand":1,"DemandMax":null,"Value":180},{"Length":2,"Height":24,"Demand":4,"DemandMax":null,"Value":48},{"Length":8,"Height":8,"Demand":4,"DemandMax":null,"Value":64},{"Length":49,"Height":2,"Demand":1,"DemandMax":null,"Value":98},{"Length":7,"Height":13,"Demand":4,"DemandMax":null,"Value":91},{"Length":19,"Height":3,"Demand":7,"DemandMax":null,"Value":57},{"Length":33,"Height":1,"Demand":3,"DemandMax":null,"Value":33},{"Length":15,"Height":21,"Demand":1,"DemandMax":null,"Value":315},{"Length":1,"Height":42,"Demand":4,"DemandMax":null,"Value":42},{"Length":17,"Height":6,"Demand":2,"DemandMax":null,"Value":102},{"Length":15,"Height":1,"Demand":25,"DemandMax":null,"Value":15},{"Length":1,"Height":33,"Demand":6,"DemandMax":null,"Value":33},{"Length":8,"Height":12,"Demand":4,"DemandMax":null,"Value":96},{"Length":16,"Height":5,"Demand":5,"DemandMax":null,"Value":80},{"Length":34,"Height":1,"Demand":1,"DemandMax":null,"Value":34},{"Length":4,"Height":51,"Demand":1,"DemandMax":null,"Value":204},{"Length":11,"Height":12,"Demand":2,"DemandMax":null,"Value":132},{"Length":65,"Height":7,"Demand":1,"DemandMax":null,"Value":455},{"Length":8,"Height":63,"Demand":1,"DemandMax":null,"Value":504},{"Length":13,"Height":2,"Demand":9,"DemandMax":null,"Value":26},{"Length":11,"Height":5,"Demand":6,"DemandMax":null,"Value":55},{"Length":3,"Height":17,"Demand":6,"DemandMax":null,"Value":51},{"Length":14,"Height":29,"Demand":1,"DemandMax":null,"Value":406},{"Length":45,"Height":16,"Demand":1,"DemandMax":null,"Value":720},{"Length":19,"Height":5,"Demand":1,"DemandMax":null,"Value":95},{"Length":33,"Height":2,"Demand":1,"DemandMax":null,"Value":66},{"Length":4,"Height":17,"Demand":4,"DemandMax":null,"Value":68},{"Length":6,"Height":4,"Demand":13,"DemandMax":null,"Value":24},{"Length":14,"Height":10,"Demand":4,"DemandMax":null,"Value":140},{"Length":5,"Height":44,"Demand":1,"DemandMax":null,"Value":220},{"Length":9,"Height":20,"Demand":1,"DemandMax":null,"Value":180},{"Length":65,"Height":2,"Demand":1,"DemandMax":null,"Value":130},{"Length":2,"Height":45,"Demand":3,"DemandMax":null,"Value":90},{"Length":11,"Height":9,"Demand":2,"DemandMax":null,"Value":99},{"Length":10,"Height":14,"Demand":1,"DemandMax":null,"Value":140},{"Length":24,"Height":9,"Demand":3,"DemandMax":null,"Value":216},{"Length":1,"Height":59,"Demand":3,"DemandMax":null,"Value":59},{"Length":17,"Height":14,"Demand":3,"DemandMax":null,"Value":238},{"Length":24,"Height":15,"Demand":1,"DemandMax":null,"Value":360},{"Length":29,"Height":3,"Demand":2,"DemandMax":null,"Value":87},{"Length":18,"Height":5,"Demand":3,"DemandMax":null,"Value":90},{"Length":4,"Height":33,"Demand":2,"DemandMax":null,"Value":132},{"Length":5,"Height":19,"Demand":3,"DemandMax":null,"Value":95},{"Length":61,"Height":15,"Demand":1,"DemandMax":null,"Value":915},{"Length":1,"Height":36,"Demand":8,"DemandMax":null,"Value":36},{"Length":8,"Height":5,"Demand":14,"DemandMax":null,"Value":40},{"Length":1,"Height":46,"Demand":1,"DemandMax":null,"Value":46},{"Length":83,"Height":6,"Demand":1,"DemandMax":null,"Value":498},{"Length":10,"Height":13,"Demand":3,"DemandMax":null,"Value":130},{"Length":5,"Height":8,"Demand":6,"DemandMax":null,"Value":40},{"Length":1,"Height":76,"Demand":2,"DemandMax":null,"Value":76},{"Length":1,"Height":34,"Demand":4,"DemandMax":null,"Value":34},{"Length":30,"Height":2,"Demand":3,"DemandMax":null,"Value":60},{"Length":6,"Height":6,"Demand":11,"DemandMax":null,"Value":36},{"Length":31,"Height":8,"Demand":1,"DemandMax":null,"Value":248},{"Length":24,"Height":2,"Demand":3,"DemandMax":null,"Value":48},{"Length":30,"Height":1,"Demand":2,"DemandMax":null,"Value":30},{"Length":4,"Height":28,"Demand":3,"DemandMax":null,"Value":112},{"Length":17,"Height":3,"Demand":4,"DemandMax":null,"Value":51},{"Length":11,"Height":13,"Demand":2,"DemandMax":null,"Value":143},{"Length":3,"Height":30,"Demand":3,"DemandMax":null,"Value":90},{"Length":9,"Height":4,"Demand":9,"DemandMax":null,"Value":36},{"Length":66,"Height":1,"Demand":2,"DemandMax":null,"Value":66},{"Length":10,"Height":34,"Demand":1,"DemandMax":null,"Value":340},{"Length":2,"Height":39,"Demand":3,"DemandMax":null,"Value":78},{"Length":39,"Height":35,"Demand":1,"DemandMax":null,"Value":1365},{"Length":6,"Height":11,"Demand":2,"DemandMax":null,"Value":66},{"Length":2,"Height":43,"Demand":1,"DemandMax":null,"Value":86},{"Length":23,"Height":5,"Demand":2,"DemandMax":null,"Value":115},{"Length":11,"Height":8,"Demand":3,"DemandMax":null,"Value":88},{"Length":35,"Height":1,"Demand":2,"DemandMax":null,"Value":35},{"Length":20,"Height":5,"Demand":2,"DemandMax":null,"Value":100},{"Length":46,"Height":1,"Demand":2,"DemandMax":null,"Value":46},{"Length":48,"Height":1,"Demand":4,"DemandMax":null,"Value":48},{"Length":6,"Height":22,"Demand":1,"DemandMax":null,"Value":132},{"Length":1,"Height":28,"Demand":7,"DemandMax":null,"Value":28},{"Length":11,"Height":17,"Demand":1,"DemandMax":null,"Value":187},{"Length":7,"Height":19,"Demand":2,"DemandMax":null,"Value":133},{"Length":5,"Height":20,"Demand":2,"DemandMax":null,"Value":100},{"Length":7,"Height":8,"Demand":3,"DemandMax":null,"Value":56},{"Length":5,"Height":39,"Demand":1,"DemandMax":null,"Value":195},{"Length":39,"Height":11,"Demand":1,"DemandMax":null,"Value":429},{"Length":19,"Height":9,"Demand":1,"DemandMax":null,"Value":171},{"Length":10,"Height":17,"Demand":2,"DemandMax":null,"Value":170},{"Length":80,"Height":1,"Demand":1,"DemandMax":null,"Value":80},{"Length":2,"Height":46,"Demand":2,"DemandMax":null,"Value":92},{"Length":73,"Height":22,"Demand":1,"DemandMax":null,"Value":1606},{"Length":2,"Height":36,"Demand":2,"DemandMax":null,"Value":72},{"Length":7,"Height":73,"Demand":1,"DemandMax":null,"Value":511},{"Length":21,"Height":68,"Demand":1,"DemandMax":null,"Value":1428},{"Length":38,"Height":2,"Demand":3,"DemandMax":null,"Value":76},{"Length":23,"Height":2,"Demand":4,"DemandMax":null,"Value":46},{"Length":10,"Height":9,"Demand":1,"DemandMax":null,"Value":90},{"Length":1,"Height":44,"Demand":5,"DemandMax":null,"Value":44},{"Length":22,"Height":22,"Demand":1,"DemandMax":null,"Value":484},{"Length":21,"Height":3,"Demand":1,"DemandMax":null,"Value":63},{"Length":90,"Height":6,"Demand":1,"DemandMax":null,"Value":540},{"Length":13,"Height":31,"Demand":1,"DemandMax":null,"Value":403},{"Length":25,"Height":4,"Demand":2,"DemandMax":null,"Value":100},{"Length":3,"Height":31,"Demand":1,"DemandMax":null,"Value":93},{"Length":15,"Height":11,"Demand":2,"DemandMax":null,"Value":165},{"Length":5,"Height":25,"Demand":2,"DemandMax":null,"Value":125},{"Length":15,"Height":17,"Demand":1,"DemandMax":null,"Value":255},{"Length":10,"Height":20,"Demand":2,"DemandMax":null,"Value":200},{"Length":3,"Height":21,"Demand":1,"DemandMax":null,"Value":63},{"Length":78,"Height":5,"Demand":1,"DemandMax":null,"Value":390},{"Length":4,"Height":14,"Demand":6,"DemandMax":null,"Value":56},{"Length":2,"Height":57,"Demand":2,"DemandMax":null,"Value":114},{"Length":13,"Height":14,"Demand":1,"DemandMax":null,"Value":182},{"Length":101,"Height":3,"Demand":1,"DemandMax":null,"Value":303},{"Length":14,"Height":8,"Demand":1,"DemandMax":null,"Value":112},{"Length":15,"Height":2,"Demand":8,"DemandMax":null,"Value":30},{"Length":29,"Height":10,"Demand":1,"DemandMax":null,"Value":290},{"Length":10,"Height":52,"Demand":1,"DemandMax":null,"Value":520},{"Length":3,"Height":59,"Demand":1,"DemandMax":null,"Value":177},{"Length":31,"Height":26,"Demand":1,"DemandMax":null,"Value":806},{"Length":9,"Height":17,"Demand":2,"DemandMax":null,"Value":153},{"Length":27,"Height":5,"Demand":1,"DemandMax":null,"Value":135},{"Length":10,"Height":10,"Demand":4,"DemandMax":null,"Value":100},{"Length":47,"Height":1,"Demand":2,"DemandMax":null,"Value":47},{"Length":34,"Height":8,"Demand":1,"DemandMax":null,"Value":272},{"Length":5,"Height":14,"Demand":4,"DemandMax":null,"Value":70},{"Length":6,"Height":20,"Demand":3,"DemandMax":null,"Value":120},{"Length":2,"Height":76,"Demand":3,"DemandMax":null,"Value":152},{"Length":3,"Height":93,"Demand":2,"DemandMax":null,"Value":279},{"Length":24,"Height":10,"Demand":1,"DemandMax":null,"Value":240},{"Length":5,"Height":10,"Demand":6,"DemandMax":null,"Value":50},{"Length":13,"Height":25,"Demand":1,"DemandMax":null,"Value":325},{"Length":3,"Height":13,"Demand":4,"DemandMax":null,"Value":39},{"Length":90,"Height":1,"Demand":1,"DemandMax":null,"Value":90},{"Length":10,"Height":19,"Demand":2,"DemandMax":null,"Value":190},{"Length":1,"Height":35,"Demand":6,"DemandMax":null,"Value":35},{"Length":32,"Height":10,"Demand":1,"DemandMax":null,"Value":320},{"Length":2,"Height":40,"Demand":1,"DemandMax":null,"Value":80},{"Length":35,"Height":15,"Demand":2,"DemandMax":null,"Value":525},{"Length":16,"Height":4,"Demand":3,"DemandMax":null,"Value":64},{"Length":26,"Height":3,"Demand":3,"DemandMax":null,"Value":78},{"Length":83,"Height":3,"Demand":1,"DemandMax":null,"Value":249},{"Length":9,"Height":24,"Demand":2,"DemandMax":null,"Value":216},{"Length":21,"Height":2,"Demand":5,"DemandMax":null,"Value":42},{"Length":7,"Height":41,"Demand":1,"DemandMax":null,"Value":287},{"Length":31,"Height":3,"Demand":2,"DemandMax":null,"Value":93},{"Length":16,"Height":7,"Demand":1,"DemandMax":null,"Value":112},{"Length":19,"Height":6,"Demand":2,"DemandMax":null,"Value":114},{"Length":36,"Height":1,"Demand":5,"DemandMax":null,"Value":36},{"Length":38,"Height":10,"Demand":2,"DemandMax":null,"Value":380},{"Length":5,"Height":43,"Demand":1,"DemandMax":null,"Value":215},{"Length":7,"Height":42,"Demand":1,"DemandMax":null,"Value":294},{"Length":3,"Height":15,"Demand":4,"DemandMax":null,"Value":45},{"Length":4,"Height":18,"Demand":3,"DemandMax":null,"Value":72},{"Length":9,"Height":26,"Demand":1,"DemandMax":null,"Value":234},{"Length":73,"Height":1,"Demand":1,"DemandMax":null,"Value":73},{"Length":3,"Height":40,"Demand":1,"DemandMax":null,"Value":120},{"Length":2,"Height":27,"Demand":2,"DemandMax":null,"Value":54},{"Length":3,"Height":26,"Demand":2,"DemandMax":null,"Value":78},{"Length":13,"Height":4,"Demand":3,"DemandMax":null,"Value":52},{"Length":1,"Height":47,"Demand":2,"DemandMax":null,"Value":47},{"Length":5,"Height":33,"Demand":1,"DemandMax":null,"Value":165},{"Length":18,"Height":4,"Demand":2,"DemandMax":null,"Value":72},{"Length":20,"Height":28,"Demand":1,"DemandMax":null,"Value":560},{"Length":2,"Height":37,"Demand":1,"DemandMax":null,"Value":74},{"Length":7,"Height":10,"Demand":2,"DemandMax":null,"Value":70},{"Length":1,"Height":62,"Demand":1,"DemandMax":null,"Value":62},{"Length":15,"Height":4,"Demand":3,"DemandMax":null,"Value":60},{"Length":15,"Height":12,"Demand":2,"DemandMax":null,"Value":180},{"Length":3,"Height":25,"Demand":3,"DemandMax":null,"Value":75},{"Length":7,"Height":28,"Demand":1,"DemandMax":null,"Value":196},{"Length":4,"Height":22,"Demand":1,"DemandMax":null,"Value":88},{"Length":3,"Height":37,"Demand":1,"DemandMax":null,"Value":111},{"Length":13,"Height":5,"Demand":3,"DemandMax":null,"Value":65},{"Length":1,"Height":70,"Demand":1,"DemandMax":null,"Value":70},{"Length":12,"Height":4,"Demand":8,"DemandMax":null,"Value":48},{"Length":5,"Height":18,"Demand":2,"DemandMax":null,"Value":90},{"Length":25,"Height":20,"Demand":1,"DemandMax":null,"Value":500},{"Length":6,"Height":8,"Demand":7,"DemandMax":null,"Value":48},{"Length":6,"Height":12,"Demand":1,"DemandMax":null,"Value":72},{"Length":11,"Height":6,"Demand":5,"DemandMax":null,"Value":66},{"Length":8,"Height":22,"Demand":1,"DemandMax":null,"Value":176},{"Length":44,"Height":2,"Demand":3,"DemandMax":null,"Value":88},{"Length":1,"Height":57,"Demand":1,"DemandMax":null,"Value":57},{"Length":20,"Height":4,"Demand":1,"DemandMax":null,"Value":80},{"Length":5,"Height":27,"Demand":2,"DemandMax":null,"Value":135},{"Length":106,"Height":5,"Demand":1,"DemandMax":null,"Value":530},{"Length":8,"Height":50,"Demand":1,"DemandMax":null,"Value":400},{"Length":4,"Height":26,"Demand":2,"DemandMax":null,"Value":104},{"Length":5,"Height":38,"Demand":1,"DemandMax":null,"Value":190},{"Length":5,"Height":35,"Demand":2,"DemandMax":null,"Value":175},{"Length":28,"Height":3,"Demand":1,"DemandMax":null,"Value":84},{"Length":3,"Height":29,"Demand":2,"DemandMax":null,"Value":87},{"Length":2,"Height":26,"Demand":2,"DemandMax":null,"Value":52},{"Length":10,"Height":31,"Demand":1,"DemandMax":null,"Value":310},{"Length":21,"Height":12,"Demand":2,"DemandMax":null,"Value":252},{"Length":83,"Height":4,"Demand":1,"DemandMax":null,"Value":332},{"Length":14,"Height":4,"Demand":3,"DemandMax":null,"Value":56},{"Length":8,"Height":25,"Demand":1,"DemandMax":null,"Value":200},{"Length":4,"Height":40,"Demand":1,"DemandMax":null,"Value":160},{"Length":75,"Height":18,"Demand":1,"DemandMax":null,"Value":1350},{"Length":41,"Height":6,"Demand":1,"DemandMax":null,"Value":246},{"Length":4,"Height":29,"Demand":2,"DemandMax":null,"Value":116},{"Length":5,"Height":96,"Demand":1,"DemandMax":null,"Value":480},{"Length":5,"Height":13,"Demand":3,"DemandMax":null,"Value":65},{"Length":7,"Height":18,"Demand":1,"DemandMax":null,"Value":126},{"Length":84,"Height":7,"Demand":2,"DemandMax":null,"Value":588},{"Length":63,"Height":1,"Demand":1,"DemandMax":null,"Value":63},{"Length":4,"Height":27,"Demand":3,"DemandMax":null,"Value":108},{"Length":6,"Height":16,"Demand":1,"DemandMax":null,"Value":96},{"Length":52,"Height":32,"Demand":1,"DemandMax":null,"Value":1664},{"Length":3,"Height":23,"Demand":3,"DemandMax":null,"Value":69},{"Length":2,"Height":44,"Demand":1,"DemandMax":null,"Value":88},{"Length":87,"Height":39,"Demand":1,"DemandMax":null,"Value":3393},{"Length":20,"Height":20,"Demand":1,"DemandMax":null,"Value":400},{"Length":2,"Height":60,"Demand":3,"DemandMax":null,"Value":120},{"Length":19,"Height":29,"Demand":1,"DemandMax":null,"Value":551},{"Length":15,"Height":10,"Demand":1,"DemandMax":null,"Value":150},{"Length":106,"Height":6,"Demand":1,"DemandMax":null,"Value":636},{"Length":14,"Height":16,"Demand":1,"DemandMax":null,"Value":224},{"Length":15,"Height":8,"Demand":1,"DemandMax":null,"Value":120},{"Length":55,"Height":5,"Demand":1,"DemandMax":null,"Value":275},{"Length":4,"Height":39,"Demand":2,"DemandMax":null,"Value":156},{"Length":26,"Height":6,"Demand":1,"DemandMax":null,"Value":156},{"Length":19,"Height":8,"Demand":1,"DemandMax":null,"Value":152},{"Length":37,"Height":21,"Demand":1,"DemandMax":null,"Value":777},{"Length":9,"Height":16,"Demand":1,"DemandMax":null,"Value":144},{"Length":7,"Height":14,"Demand":2,"DemandMax":null,"Value":98},{"Length":3,"Height":33,"Demand":1,"DemandMax":null,"Value":99},{"Length":8,"Height":13,"Demand":1,"DemandMax":null,"Value":104},{"Length":12,"Height":43,"Demand":1,"DemandMax":null,"Value":516},{"Length":23,"Height":19,"Demand":1,"DemandMax":null,"Value":437},{"Length":23,"Height":8,"Demand":1,"DemandMax":null,"Value":184},{"Length":11,"Height":16,"Demand":1,"DemandMax":null,"Value":176},{"Length":9,"Height":8,"Demand":2,"DemandMax":null,"Value":72},{"Length":5,"Height":17,"Demand":2,"DemandMax":null,"Value":85},{"Length":8,"Height":53,"Demand":1,"DemandMax":null,"Value":424},{"Length":28,"Height":29,"Demand":1,"DemandMax":null,"Value":812},{"Length":20,"Height":14,"Demand":1,"DemandMax":null,"Value":280},{"Length":36,"Height":16,"Demand":1,"DemandMax":null,"Value":576},{"Length":28,"Height":20,"Demand":1,"DemandMax":null,"Value":560},{"Length":8,"Height":16,"Demand":2,"DemandMax":null,"Value":128},{"Length":72,"Height":5,"Demand":1,"DemandMax":null,"Value":360},{"Length":5,"Height":29,"Demand":2,"DemandMax":null,"Value":145},{"Length":31,"Height":14,"Demand":1,"DemandMax":null,"Value":434},{"Length":35,"Height":4,"Demand":1,"DemandMax":null,"Value":140},{"Length":27,"Height":7,"Demand":1,"DemandMax":null,"Value":189},{"Length":8,"Height":27,"Demand":1,"DemandMax":null,"Value":216},{"Length":7,"Height":24,"Demand":2,"DemandMax":null,"Value":168},{"Length":1,"Height":50,"Demand":2,"DemandMax":null,"Value":50},{"Length":3,"Height":38,"Demand":3,"DemandMax":null,"Value":114},{"Length":26,"Height":4,"Demand":1,"DemandMax":null,"Value":104},{"Length":1,"Height":43,"Demand":2,"DemandMax":null,"Value":43},{"Length":23,"Height":30,"Demand":1,"DemandMax":null,"Value":690},{"Length":2,"Height":61,"Demand":1,"DemandMax":null,"Value":122},{"Length":27,"Height":8,"Demand":1,"DemandMax":null,"Value":216},{"Length":62,"Height":3,"Demand":1,"DemandMax":null,"Value":186},{"Length":5,"Height":24,"Demand":3,"DemandMax":null,"Value":120},{"Length":6,"Height":36,"Demand":1,"DemandMax":null,"Value":216},{"Length":4,"Height":15,"Demand":2,"DemandMax":null,"Value":60},{"Length":5,"Height":36,"Demand":1,"DemandMax":null,"Value":180},{"Length":22,"Height":40,"Demand":1,"DemandMax":null,"Value":880},{"Length":77,"Height":2,"Demand":1,"DemandMax":null,"Value":154},{"Length":3,"Height":19,"Demand":4,"DemandMax":null,"Value":57},{"Length":61,"Height":1,"Demand":1,"DemandMax":null,"Value":61},{"Length":37,"Height":10,"Demand":1,"DemandMax":null,"Value":370},{"Length":17,"Height":30,"Demand":1,"DemandMax":null,"Value":510},{"Length":53,"Height":19,"Demand":1,"DemandMax":null,"Value":1007},{"Length":33,"Height":9,"Demand":1,"DemandMax":null,"Value":297},{"Length":4,"Height":50,"Demand":1,"DemandMax":null,"Value":200},{"Length":25,"Height":3,"Demand":1,"DemandMax":null,"Value":75},{"Length":28,"Height":2,"Demand":1,"DemandMax":null,"Value":56},{"Length":15,"Height":25,"Demand":1,"DemandMax":null,"Value":375},{"Length":2,"Height":42,"Demand":1,"DemandMax":null,"Value":84},{"Length":5,"Height":31,"Demand":3,"DemandMax":null,"Value":155},{"Length":15,"Height":19,"Demand":1,"DemandMax":null,"Value":285},{"Length":11,"Height":22,"Demand":1,"DemandMax":null,"Value":242},{"Length":36,"Height":2,"Demand":4,"DemandMax":null,"Value":72},{"Length":21,"Height":5,"Demand":3,"DemandMax":null,"Value":105},{"Length":133,"Height":6,"Demand":1,"DemandMax":null,"Value":798},{"Length":2,"Height":29,"Demand":1,"DemandMax":null,"Value":58},{"Length":38,"Height":25,"Demand":1,"DemandMax":null,"Value":950},{"Length":5,"Height":23,"Demand":2,"DemandMax":null,"Value":115},{"Length":26,"Height":14,"Demand":1,"DemandMax":null,"Value":364},{"Length":98,"Height":25,"Demand":1,"DemandMax":null,"Value":2450},{"Length":16,"Height":25,"Demand":1,"DemandMax":null,"Value":400},{"Length":12,"Height":11,"Demand":2,"DemandMax":null,"Value":132},{"Length":126,"Height":2,"Demand":1,"DemandMax":null,"Value":252},{"Length":14,"Height":14,"Demand":1,"DemandMax":null,"Value":196},{"Length":22,"Height":6,"Demand":1,"DemandMax":null,"Value":132},{"Length":39,"Height":1,"Demand":3,"DemandMax":null,"Value":39},{"Length":5,"Height":68,"Demand":1,"DemandMax":null,"Value":340},{"Length":70,"Height":3,"Demand":1,"DemandMax":null,"Value":210},{"Length":6,"Height":7,"Demand":4,"DemandMax":null,"Value":42},{"Length":5,"Height":15,"Demand":2,"DemandMax":null,"Value":75},{"Length":10,"Height":11,"Demand":1,"DemandMax":null,"Value":110},{"Length":13,"Height":15,"Demand":1,"DemandMax":null,"Value":195},{"Length":56,"Height":5,"Demand":1,"DemandMax":null,"Value":280},{"Length":25,"Height":17,"Demand":1,"DemandMax":null,"Value":425},{"Length":13,"Height":3,"Demand":3,"DemandMax":null,"Value":39},{"Length":84,"Height":1,"Demand":2,"DemandMax":null,"Value":84},{"Length":86,"Height":6,"Demand":1,"DemandMax":null,"Value":516},{"Length":44,"Height":4,"Demand":1,"DemandMax":null,"Value":176},{"Length":7,"Height":17,"Demand":1,"DemandMax":null,"Value":119},{"Length":5,"Height":26,"Demand":1,"DemandMax":null,"Value":130},{"Length":32,"Height":4,"Demand":1,"DemandMax":null,"Value":128},{"Length":18,"Height":10,"Demand":1,"DemandMax":null,"Value":180},{"Length":45,"Height":2,"Demand":1,"DemandMax":null,"Value":90},{"Length":21,"Height":4,"Demand":3,"DemandMax":null,"Value":84},{"Length":9,"Height":44,"Demand":1,"DemandMax":null,"Value":396},{"Length":5,"Height":37,"Demand":2,"DemandMax":null,"Value":185},{"Length":17,"Height":5,"Demand":2,"DemandMax":null,"Value":85},{"Length":28,"Height":7,"Demand":2,"DemandMax":null,"Value":196},{"Length":46,"Height":9,"Demand":1,"DemandMax":null,"Value":414},{"Length":41,"Height":2,"Demand":1,"DemandMax":null,"Value":82},{"Length":83,"Height":2,"Demand":1,"DemandMax":null,"Value":166},{"Length":82,"Height":2,"Demand":1,"DemandMax":null,"Value":164},{"Length":34,"Height":4,"Demand":1,"DemandMax":null,"Value":136},{"Length":22,"Height":26,"Demand":1,"DemandMax":null,"Value":572},{"Length":7,"Height":45,"Demand":1,"DemandMax":null,"Value":315},{"Length":67,"Height":2,"Demand":1,"DemandMax":null,"Value":134},{"Length":13,"Height":6,"Demand":2,"DemandMax":null,"Value":78},{"Length":26,"Height":24,"Demand":1,"DemandMax":null,"Value":624},{"Length":29,"Height":2,"Demand":2,"DemandMax":null,"Value":58},{"Length":23,"Height":4,"Demand":2,"DemandMax":null,"Value":92},{"Length":6,"Height":15,"Demand":4,"DemandMax":null,"Value":90},{"Length":11,"Height":35,"Demand":1,"DemandMax":null,"Value":385},{"Length":35,"Height":18,"Demand":1,"DemandMax":null,"Value":630},{"Length":5,"Height":64,"Demand":1,"DemandMax":null,"Value":320},{"Length":98,"Height":1,"Demand":1,"DemandMax":null,"Value":98},{"Length":26,"Height":11,"Demand":1,"DemandMax":null,"Value":286},{"Length":26,"Height":5,"Demand":1,"DemandMax":null,"Value":130},{"Length":30,"Height":12,"Demand":1,"DemandMax":null,"Value":360},{"Length":14,"Height":33,"Demand":1,"DemandMax":null,"Value":462},{"Length":4,"Height":38,"Demand":1,"DemandMax":null,"Value":152},{"Length":22,"Height":4,"Demand":2,"DemandMax":null,"Value":88},{"Length":117,"Height":2,"Demand":1,"DemandMax":null,"Value":234},{"Length":21,"Height":7,"Demand":3,"DemandMax":null,"Value":147},{"Length":32,"Height":6,"Demand":1,"DemandMax":null,"Value":192},{"Length":22,"Height":5,"Demand":1,"DemandMax":null,"Value":110},{"Length":9,"Height":6,"Demand":1,"DemandMax":null,"Value":54},{"Length":50,"Height":14,"Demand":1,"DemandMax":null,"Value":700},{"Length":10,"Height":25,"Demand":1,"DemandMax":null,"Value":250},{"Length":8,"Height":7,"Demand":3,"DemandMax":null,"Value":56},{"Length":54,"Height":1,"Demand":1,"DemandMax":null,"Value":54},{"Length":36,"Height":41,"Demand":1,"DemandMax":null,"Value":1476},{"Length":11,"Height":28,"Demand":2,"DemandMax":null,"Value":308},{"Length":11,"Height":10,"Demand":1,"DemandMax":null,"Value":110},{"Length":4,"Height":30,"Demand":1,"DemandMax":null,"Value":120},{"Length":43,"Height":2,"Demand":1,"DemandMax":null,"Value":86},{"Length":16,"Height":8,"Demand":3,"DemandMax":null,"Value":128},{"Length":3,"Height":50,"Demand":1,"DemandMax":null,"Value":150},{"Length":21,"Height":8,"Demand":1,"DemandMax":null,"Value":168},{"Length":54,"Height":2,"Demand":2,"DemandMax":null,"Value":108},{"Length":14,"Height":6,"Demand":3,"DemandMax":null,"Value":84},{"Length":68,"Height":2,"Demand":1,"DemandMax":null,"Value":136},{"Length":99,"Height":1,"Demand":1,"DemandMax":null,"Value":99},{"Length":16,"Height":18,"Demand":1,"DemandMax":null,"Value":288},{"Length":6,"Height":23,"Demand":1,"DemandMax":null,"Value":138},{"Length":64,"Height":11,"Demand":1,"DemandMax":null,"Value":704},{"Length":25,"Height":2,"Demand":1,"DemandMax":null,"Value":50},{"Length":48,"Height":25,"Demand":1,"DemandMax":null,"Value":1200},{"Length":9,"Height":12,"Demand":2,"DemandMax":null,"Value":108},{"Length":2,"Height":22,"Demand":2,"DemandMax":null,"Value":44},{"Length":15,"Height":6,"Demand":2,"DemandMax":null,"Value":90},{"Length":9,"Height":28,"Demand":1,"DemandMax":null,"Value":252},{"Length":22,"Height":3,"Demand":1,"DemandMax":null,"Value":66},{"Length":5,"Height":9,"Demand":2,"DemandMax":null,"Value":45},{"Length":10,"Height":30,"Demand":1,"DemandMax":null,"Value":300},{"Length":88,"Height":1,"Demand":2,"DemandMax":null,"Value":88},{"Length":12,"Height":6,"Demand":1,"DemandMax":null,"Value":72},{"Length":10,"Height":15,"Demand":1,"DemandMax":null,"Value":150},{"Length":35,"Height":8,"Demand":1,"DemandMax":null,"Value":280},{"Length":9,"Height":29,"Demand":1,"DemandMax":null,"Value":261},{"Length":11,"Height":19,"Demand":1,"DemandMax":null,"Value":209},{"Length":13,"Height":17,"Demand":1,"DemandMax":null,"Value":221},{"Length":52,"Height":2,"Demand":2,"DemandMax":null,"Value":104},{"Length":1,"Height":83,"Demand":1,"DemandMax":null,"Value":83},{"Length":71,"Height":10,"Demand":1,"DemandMax":null,"Value":710},{"Length":13,"Height":24,"Demand":1,"DemandMax":null,"Value":312},{"Length":14,"Height":30,"Demand":1,"DemandMax":null,"Value":420},{"Length":50,"Height":9,"Demand":1,"DemandMax":null,"Value":450},{"Length":17,"Height":4,"Demand":2,"DemandMax":null,"Value":68},{"Length":9,"Height":34,"Demand":1,"DemandMax":null,"Value":306},{"Length":52,"Height":1,"Demand":1,"DemandMax":null,"Value":52},{"Length":20,"Height":2,"Demand":3,"DemandMax":null,"Value":40},{"Length":14,"Height":12,"Demand":1,"DemandMax":null,"Value":168},{"Length":5,"Height":12,"Demand":3,"DemandMax":null,"Value":60},{"Length":12,"Height":9,"Demand":3,"DemandMax":null,"Value":108},{"Length":2,"Height":65,"Demand":1,"DemandMax":null,"Value":130},{"Length":4,"Height":20,"Demand":1,"DemandMax":null,"Value":80},{"Length":23,"Height":16,"Demand":1,"DemandMax":null,"Value":368},{"Length":66,"Height":7,"Demand":1,"DemandMax":null,"Value":462},{"Length":9,"Height":13,"Demand":1,"DemandMax":null,"Value":117},{"Length":4,"Height":48,"Demand":1,"DemandMax":null,"Value":192},{"Length":6,"Height":21,"Demand":1,"DemandMax":null,"Value":126},{"Length":5,"Height":32,"Demand":2,"DemandMax":null,"Value":160},{"Length":46,"Height":3,"Demand":1,"DemandMax":null,"Value":138},{"Length":36,"Height":12,"Demand":1,"DemandMax":null,"Value":432},{"Length":71,"Height":1,"Demand":1,"DemandMax":null,"Value":71},{"Length":13,"Height":9,"Demand":1,"DemandMax":null,"Value":117},{"Length":65,"Height":1,"Demand":1,"DemandMax":null,"Value":65},{"Length":60,"Height":4,"Demand":1,"DemandMax":null,"Value":240},{"Length":11,"Height":15,"Demand":1,"DemandMax":null,"Value":165},{"Length":20,"Height":30,"Demand":1,"DemandMax":null,"Value":600},{"Length":16,"Height":9,"Demand":2,"DemandMax":null,"Value":144},{"Length":19,"Height":25,"Demand":1,"DemandMax":null,"Value":475},{"Length":7,"Height":105,"Demand":1,"DemandMax":null,"Value":735},{"Length":28,"Height":35,"Demand":1,"DemandMax":null,"Value":980},{"Length":7,"Height":20,"Demand":1,"DemandMax":null,"Value":140},{"Length":14,"Height":15,"Demand":1,"DemandMax":null,"Value":210},{"Length":61,"Height":2,"Demand":1,"DemandMax":null,"Value":122},{"Length":6,"Height":14,"Demand":1,"DemandMax":null,"Value":84},{"Length":45,"Height":5,"Demand":1,"DemandMax":null,"Value":225},{"Length":6,"Height":33,"Demand":1,"DemandMax":null,"Value":198},{"Length":12,"Height":7,"Demand":1,"DemandMax":null,"Value":84},{"Length":75,"Height":1,"Demand":1,"DemandMax":null,"Value":75},{"Length":2,"Height":63,"Demand":1,"DemandMax":null,"Value":126},{"Length":20,"Height":6,"Demand":1,"DemandMax":null,"Value":120},{"Length":109,"Height":2,"Demand":1,"DemandMax":null,"Value":218},{"Length":131,"Height":3,"Demand":1,"DemandMax":null,"Value":393},{"Length":21,"Height":14,"Demand":1,"DemandMax":null,"Value":294},{"Length":30,"Height":3,"Demand":2,"DemandMax":null,"Value":90},{"Length":10,"Height":23,"Demand":1,"DemandMax":null,"Value":230},{"Length":37,"Height":15,"Demand":1,"DemandMax":null,"Value":555},{"Length":43,"Height":6,"Demand":1,"DemandMax":null,"Value":258},{"Length":26,"Height":1,"Demand":4,"DemandMax":null,"Value":26},{"Length":39,"Height":8,"Demand":1,"DemandMax":null,"Value":312},{"Length":44,"Height":1,"Demand":1,"DemandMax":null,"Value":44},{"Length":34,"Height":3,"Demand":1,"DemandMax":null,"Value":102},{"Length":39,"Height":3,"Demand":1,"DemandMax":null,"Value":117},{"Length":14,"Height":13,"Demand":1,"DemandMax":null,"Value":182},{"Length":8,"Height":14,"Demand":2,"DemandMax":null,"Value":112},{"Length":76,"Height":34,"Demand":1,"DemandMax":null,"Value":2584},{"Length":3,"Height":43,"Demand":1,"DemandMax":null,"Value":129},{"Length":41,"Height":20,"Demand":1,"DemandMax":null,"Value":820},{"Length":25,"Height":5,"Demand":1,"DemandMax":null,"Value":125},{"Length":3,"Height":28,"Demand":2,"DemandMax":null,"Value":84},{"Length":12,"Height":39,"Demand":1,"DemandMax":null,"Value":468},{"Length":20,"Height":11,"Demand":1,"DemandMax":null,"Value":220},{"Length":31,"Height":17,"Demand":1,"DemandMax":null,"Value":527},{"Length":3,"Height":46,"Demand":1,"DemandMax":null,"Value":138},{"Length":2,"Height":73,"Demand":1,"DemandMax":null,"Value":146},{"Length":1,"Height":68,"Demand":1,"DemandMax":null,"Value":68},{"Length":36,"Height":5,"Demand":1,"DemandMax":null,"Value":180},{"Length":70,"Height":1,"Demand":1,"DemandMax":null,"Value":70},{"Length":13,"Height":22,"Demand":1,"DemandMax":null,"Value":286},{"Length":17,"Height":31,"Demand":1,"DemandMax":null,"Value":527},{"Length":27,"Height":4,"Demand":1,"DemandMax":null,"Value":108},{"Length":33,"Height":4,"Demand":1,"DemandMax":null,"Value":132},{"Length":14,"Height":17,"Demand":1,"DemandMax":null,"Value":238},{"Length":12,"Height":20,"Demand":1,"DemandMax":null,"Value":240},{"Length":39,"Height":5,"Demand":1,"DemandMax":null,"Value":195},{"Length":15,"Height":13,"Demand":1,"DemandMax":null,"Value":195},{"Length":21,"Height":10,"Demand":1,"DemandMax":null,"Value":210},{"Length":8,"Height":23,"Demand":1,"DemandMax":null,"Value":184},{"Length":57,"Height":1,"Demand":1,"DemandMax":null,"Value":57},{"Length":24,"Height":4,"Demand":1,"DemandMax":null,"Value":96},{"Length":38,"Height":3,"Demand":1,"DemandMax":null,"Value":114},{"Length":96,"Height":1,"Demand":1,"DemandMax":null,"Value":96},{"Length":9,"Height":41,"Demand":1,"DemandMax":null,"Value":369},{"Length":33,"Height":3,"Demand":1,"DemandMax":null,"Value":99},{"Length":7,"Height":43,"Demand":1,"DemandMax":null,"Value":301},{"Length":9,"Height":42,"Demand":1,"DemandMax":null,"Value":378},{"Length":4,"Height":21,"Demand":1,"DemandMax":null,"Value":84},{"Length":6,"Height":18,"Demand":1,"DemandMax":null,"Value":108},{"Length":8,"Height":59,"Demand":1,"DemandMax":null,"Value":472},{"Length":3,"Height":27,"Demand":1,"DemandMax":null,"Value":81},{"Length":19,"Height":4,"Demand":1,"DemandMax":null,"Value":76},{"Length":19,"Height":33,"Demand":1,"DemandMax":null,"Value":627},{"Length":5,"Height":22,"Demand":1,"DemandMax":null,"Value":110},{"Length":6,"Height":28,"Demand":1,"DemandMax":null,"Value":168},{"Length":2,"Height":28,"Demand":1,"DemandMax":null,"Value":56},{"Length":10,"Height":22,"Demand":1,"DemandMax":null,"Value":220},{"Length":9,"Height":10,"Demand":1,"DemandMax":null,"Value":90},{"Length":71,"Height":4,"Demand":1,"DemandMax":null,"Value":284},{"Length":82,"Height":3,"Demand":1,"DemandMax":null,"Value":246},{"Length":17,"Height":20,"Demand":1,"DemandMax":null,"Value":340},{"Length":60,"Height":6,"Demand":1,"DemandMax":null,"Value":360},{"Length":12,"Height":22,"Demand":1,"DemandMax":null,"Value":264},{"Length":3,"Height":32,"Demand":1,"DemandMax":null,"Value":96},{"Length":9,"Height":18,"Demand":1,"DemandMax":null,"Value":162},{"Length":2,"Height":50,"Demand":1,"DemandMax":null,"Value":100},{"Length":23,"Height":13,"Demand":1,"DemandMax":null,"Value":299},{"Length":3,"Height":44,"Demand":1,"DemandMax":null,"Value":132},{"Length":2,"Height":31,"Demand":1,"DemandMax":null,"Value":62}]}