{"Name":"t7d","Objects":[{"Length":200,"Height":200,"Stock":null,"Cost":40000}],"Items":[{"Length":14,"Height":46,"Demand":1,"DemandMax":null,"Value":644},{"Length":28,"Height":46,"Demand":1,"DemandMax":null,"Value":1288},{"Length":29,"Height":7,"Demand":1,"DemandMax":null,"Value":203},{"Length":34,"Height":7,"Demand":1,"DemandMax":null,"Value":238},{"Length":10,"Height":33,"Demand":1,"DemandMax":null,"Value":330},{"Length":23,"Height":49,"Demand":1,"DemandMax":null,"Value":1127},{"Length":20,"Height":86,"Demand":1,"DemandMax":null,"Value":1720},{"Length":19,"Height":31,"Demand":1,"DemandMax":null,"Value":589},{"Length":23,"Height":31,"Demand":1,"DemandMax":null,"Value":713},{"Length":3,"Height":6,"Demand":1,"DemandMax":null,"Value":18},{"Length":26,"Height":6,"Demand":1,"DemandMax":null,"Value":156},{"Length":21,"Height":19,"Demand":1,"DemandMax":null,"Value":399},{"Length":4,"Height":19,"Demand":1,"DemandMax":null,"Value":76},{"Length":9,"Height":22,"Demand":1,"DemandMax":null,"Value":198},{"Length":3,"Height":20,"Demand":1,"DemandMax":null,"Value":60},{"Length":21,"Height":14,"Demand":1,"DemandMax":null,"Value":294},{"Length":5,"Height":14,"Demand":2,"DemandMax":null,"Value":70},{"Length":21,"Height":3,"Demand":1,"DemandMax":null,"Value":63},{"Length":4,"Height":3,"Demand":1,"DemandMax":null,"Value":12},{"Length":21,"Height":6,"Demand":2,"DemandMax":null,"Value":126},{"Length":5,"Height":6,"Demand":1,"DemandMax":null,"Value":30},{"Length":25,"Height":4,"Demand":2,"DemandMax":null,"Value":100},{"Length":9,"Height":4,"Demand":3,"DemandMax":null,"Value":36},{"Length":8,"Height":14,"Demand":1,"DemandMax":null,"Value":112},{"Length":9,"Height":6,"Demand":2,"DemandMax":null,"Value":54},{"Length":2,"Height":6,"Demand":2,"DemandMax":null,"Value":12},{"Length":11,"Height":20,"Demand":1,"DemandMax":null,"Value":220},{"Length":8,"Height":11,"Demand":1,"DemandMax":null,"Value":88},{"Length":4,"Height":11,"Demand":2,"DemandMax":null,"Value":44},{"Length":63,"Height":16,"Demand":1,"DemandMax":null,"Value":1008},{"Length":7,"Height":9,"Demand":1,"DemandMax":null,"Value":63},{"Length":3,"Height":9,"Demand":1,"DemandMax":null,"Value":27},{"Length":9,"Height":8,"Demand":1,"DemandMax":null,"Value":72},{"Length":2,"Height":8,"Demand":1,"DemandMax":null,"Value":16},{"Length":7,"Height":7,"Demand":2,"DemandMax":null,"Value":49},{"Length":3,"Height":7,"Demand":1,"DemandMax":null,"Value":21},{"Length":8,"Height":9,"Demand":1,"DemandMax":null,"Value":72},{"Length":4,"Height":9,"Demand":2,"DemandMax":null,"Value":36},{"Length":8,"Height":41,"Demand":1,"DemandMax":null,"Value":328},{"Length":11,"Height":41,"Demand":1,"DemandMax":null,"Value":451},{"Length":10,"Height":12,"Demand":1,"DemandMax":null,"Value":120},{"Length":4,"Height":12,"Demand":1,"DemandMax":null,"Value":48},{"Length":21,"Height":15,"Demand":1,"DemandMax":null,"Value":315},{"Length":7,"Height":15,"Demand":1,"DemandMax":null,"Value":105},{"Length":73,"Height":18,"Demand":1,"DemandMax":null,"Value":1314},{"Length":23,"Height":18,"Demand":1,"DemandMax":null,"Value":414},{"Length":11,"Height":35,"Demand":1,"DemandMax":null,"Value":385},{"Length":12,"Height":35,"Demand":1,"DemandMax":null,"Value":420},{"Length":10,"Height":9,"Demand":1,"DemandMax":null,"Value":90},{"Length":7,"Height":6,"Demand":1,"DemandMax":null,"Value":42},{"Length":5,"Height":10,"Demand":1,"DemandMax":null,"Value":50},{"Length":16,"Height":10,"Demand":1,"DemandMax":null,"Value":160},{"Length":6,"Height":6,"Demand":1,"DemandMax":null,"Value":36},{"Length":15,"Height":6,"Demand":3,"DemandMax":null,"Value":90},{"Length":42,"Height":6,"Demand":1,"DemandMax":null,"Value":252},{"Length":28,"Height":6,"Demand":1,"DemandMax":null,"Value":168},{"Length":10,"Height":8,"Demand":1,"DemandMax":null,"Value":80},{"Length":7,"Height":3,"Demand":1,"DemandMax":null,"Value":21},{"Length":9,"Height":3,"Demand":1,"DemandMax":null,"Value":27},{"Length":7,"Height":5,"Demand":2,"DemandMax":null,"Value":35},{"Length":9,"Height":5,"Demand":2,"DemandMax":null,"Value":45},{"Length":6,"Height":9,"Demand":1,"DemandMax":null,"Value":54},{"Length":15,"Height":9,"Demand":1,"DemandMax":null,"Value":135},{"Length":20,"Height":5,"Demand":1,"DemandMax":null,"Value":100},{"Length":22,"Height":5,"Demand":1,"DemandMax":null,"Value":110},{"Length":21,"Height":5,"Demand":1,"DemandMax":null,"Value":105},{"Length":10,"Height":11,"Demand":1,"DemandMax":null,"Value":110},{"Length":9,"Height":7,"Demand":1,"DemandMax":null,"Value":63},{"Length":5,"Height":5,"Demand":3,"DemandMax":null,"Value":25},{"Length":16,"Height":5,"Demand":1,"DemandMax":null,"Value":80},{"Length":20,"Height":8,"Demand":1,"DemandMax":null,"Value":160},{"Length":22,"Height":8,"Demand":3,"DemandMax":null,"Value":176},{"Length":7,"Height":8,"Demand":1,"DemandMax":null,"Value":56},{"Length":21,"Height":8,"Demand":2,"DemandMax":null,"Value":168},{"Length":5,"Height":19,"Demand":1,"DemandMax":null,"Value":95},{"Length":16,"Height":19,"Demand":1,"DemandMax":null,"Value":304},{"Length":21,"Height":49,"Demand":1,"DemandMax":null,"Value":1029},{"Length":7,"Height":4,"Demand":1,"DemandMax":null,"Value":28},{"Length":26,"Height":35,"Demand":1,"DemandMax":null,"Value":910},{"Length":31,"Height":11,"Demand":1,"DemandMax":null,"Value":341},{"Length":13,"Height":11,"Demand":1,"DemandMax":null,"Value":143},{"Length":4,"Height":15,"Demand":2,"DemandMax":null,"Value":60},{"Length":3,"Height":15,"Demand":1,"DemandMax":null,"Value":45},{"Length":10,"Height":5,"Demand":1,"DemandMax":null,"Value":50},{"Length":10,"Height":13,"Demand":2,"DemandMax":null,"Value":130},{"Length":27,"Height":6,"Demand":1,"DemandMax":null,"Value":162},{"Length":10,"Height":15,"Demand":1,"DemandMax":null,"Value":150},{"Length":9,"Height":15,"Demand":1,"DemandMax":null,"Value":135},{"Length":7,"Height":16,"Demand":2,"DemandMax":null,"Value":112},{"Length":8,"Height":16,"Demand":1,"DemandMax":null,"Value":128},{"Length":10,"Height":10,"Demand":1,"DemandMax":null,"Value":100},{"Length":12,"Height":5,"Demand":2,"DemandMax":null,"Value":60},{"Length":31,"Height":24,"Demand":1,"DemandMax":null,"Value":744},{"Length":7,"Height":11,"Demand":1,"DemandMax":null,"Value":77},{"Length":6,"Height":11,"Demand":2,"DemandMax":null,"Value":66},{"Length":10,"Height":32,"Demand":1,"DemandMax":null,"Value":320},{"Length":5,"Height":12,"Demand":2,"DemandMax":null,"Value":60},{"Length":5,"Height":30,"Demand":1,"DemandMax":null,"Value":150},{"Length":16,"Height":30,"Demand":1,"DemandMax":null,"Value":480},{"Length":4,"Height":5,"Demand":2,"DemandMax":null,"Value":20},{"Length":3,"Height":5,"Demand":2,"DemandMax":null,"Value":15},{"Length":4,"Height":18,"Demand":1,"DemandMax":null,"Value":72},{"Length":6,"Height":18,"Demand":1,"DemandMax":null,"Value":108},{"Length":17,"Height":29,"Demand":1,"DemandMax":null,"Value":493},{"Length":7,"Height":25,"Demand":1,"DemandMax":null,"Value":175},{"Length":14,"Height":14,"Demand":1,"DemandMax":null,"Value":196},{"Length":6,"Height":13,"Demand":1,"DemandMax":null,"Value":78},{"Length":7,"Height":23,"Demand":1,"DemandMax":null,"Value":161},{"Length":8,"Height":23,"Demand":1,"DemandMax":null,"Value":184},{"Length":5,"Height":20,"Demand":3,"DemandMax":null,"Value":100},{"Length":4,"Height":8,"Demand":1,"DemandMax":null,"Value":32},{"Length":3,"Height":8,"Demand":1,"DemandMax":null,"Value":24},{"Length":5,"Height":11,"Demand":1,"DemandMax":null,"Value":55},{"Length":14,"Height":11,"Demand":1,"DemandMax":null,"Value":154},{"Length":26,"Height":10,"Demand":1,"DemandMax":null,"Value":260},{"Length":19,"Height":4,"Demand":2,"DemandMax":null,"Value":76},{"Length":19,"Height":6,"Demand":2,"DemandMax":null,"Value":114},{"Length":25,"Height":6,"Demand":1,"DemandMax":null,"Value":150},{"Length":12,"Height":24,"Demand":1,"DemandMax":null,"Value":288},{"Length":22,"Height":10,"Demand":1,"DemandMax":null,"Value":220},{"Length":35,"Height":10,"Demand":1,"DemandMax":null,"Value":350},{"Length":6,"Height":20,"Demand":1,"DemandMax":null,"Value":120},{"Length":15,"Height":8,"Demand":2,"DemandMax":null,"Value":120},{"Length":21,"Height":16,"Demand":1,"DemandMax":null,"Value":336},{"Length":19,"Height":15,"Demand":1,"DemandMax":null,"Value":285},{"Length":16,"Height":15,"Demand":1,"DemandMax":null,"Value":240},{"Length":8,"Height":10,"Demand":1,"DemandMax":null,"Value":80},{"Length":4,"Height":4,"Demand":1,"DemandMax":null,"Value":16},{"Length":15,"Height":4,"Demand":1,"DemandMax":null,"Value":60},{"Length":4,"Height":6,"Demand":1,"DemandMax":null,"Value":24},{"Length":22,"Height":14,"Demand":1,"DemandMax":null,"Value":308},{"Length":35,"Height":14,"Demand":1,"DemandMax":null,"Value":490},{"Length":8,"Height":8,"Demand":1,"DemandMax":null,"Value":64},{"Length":19,"Height":8,"Demand":1,"DemandMax":null,"Value":152},{"Length":19,"Height":3,"Demand":1,"DemandMax":null,"Value":57},{"Length":16,"Height":3,"Demand":1,"DemandMax":null,"Value":48},{"Length":37,"Height":35,"Demand":1,"DemandMax":null,"Value":1295},{"Length":11,"Height":18,"Demand":1,"DemandMax":null,"Value":198},{"Length":3,"Height":16,"Demand":1,"DemandMax":null,"Value":48},{"Length":17,"Height":24,"Demand":1,"DemandMax":null,"Value":408},{"Length":18,"Height":24,"Demand":1,"DemandMax":null,"Value":432},{"Length":13,"Height":35,"Demand":1,"DemandMax":null,"Value":455},{"Length":14,"Height":35,"Demand":1,"DemandMax":null,"Value":490},{"Length":6,"Height":21,"Demand":1,"DemandMax":null,"Value":126},{"Length":5,"Height":21,"Demand":1,"DemandMax":null,"Value":105},{"Length":8,"Height":15,"Demand":1,"DemandMax":null,"Value":120},{"Length":57,"Height":17,"Demand":1,"DemandMax":null,"Value":969},{"Length":3,"Height":2,"Demand":1,"DemandMax":null,"Value":6},{"Length":7,"Height":2,"Demand":1,"DemandMax":null,"Value":14},{"Length":11,"Height":17,"Demand":2,"DemandMax":null,"Value":187},{"Length":10,"Height":17,"Demand":1,"DemandMax":null,"Value":170},{"Length":8,"Height":2,"Demand":1,"DemandMax":null,"Value":16},{"Length":4,"Height":2,"Demand":1,"DemandMax":null,"Value":8},{"Length":69,"Height":10,"Demand":1,"DemandMax":null,"Value":690},{"Length":2,"Height":4,"Demand":1,"DemandMax":null,"Value":8},{"Length":17,"Height":27,"Demand":1,"DemandMax":null,"Value":459},{"Length":7,"Height":17,"Demand":1,"DemandMax":null,"Value":119},{"Length":80,"Height":18,"Demand":1,"DemandMax":null,"Value":1440},{"Length":37,"Height":8,"Demand":1,"DemandMax":null,"Value":296},{"Length":13,"Height":16,"Demand":1,"DemandMax":null,"Value":208},{"Length":14,"Height":16,"Demand":1,"DemandMax":null,"Value":224},{"Length":18,"Height":4,"Demand":1,"DemandMax":null,"Value":72},{"Length":21,"Height":10,"Demand":1,"DemandMax":null,"Value":210},{"Length":11,"Height":10,"Demand":1,"DemandMax":null,"Value":110},{"Length":7,"Height":10,"Demand":1,"DemandMax":null,"Value":70},{"Length":18,"Height":6,"Demand":1,"DemandMax":null,"Value":108}]}