{"Name":"t2c","Objects":[{"Length":200,"Height":200,"Stock":null,"Cost":40000}],"Items":[{"Length":11,"Height":76,"Demand":1,"DemandMax":null,"Value":836},{"Length":58,"Height":71,"Demand":1,"DemandMax":null,"Value":4118},{"Length":42,"Height":34,"Demand":1,"DemandMax":null,"Value":1428},{"Length":89,"Height":21,"Demand":1,"DemandMax":null,"Value":1869},{"Length":14,"Height":13,"Demand":1,"DemandMax":null,"Value":182},{"Length":75,"Height":44,"Demand":1,"DemandMax":null,"Value":3300},{"Length":56,"Height":31,"Demand":1,"DemandMax":null,"Value":1736},{"Length":20,"Height":45,"Demand":1,"DemandMax":null,"Value":900},{"Length":29,"Height":6,"Demand":1,"DemandMax":null,"Value":174},{"Length":11,"Height":21,"Demand":1,"DemandMax":null,"Value":231},{"Length":17,"Height":112,"Demand":1,"DemandMax":null,"Value":1904},{"Length":54,"Height":69,"Demand":1,"DemandMax":null,"Value":3726},{"Length":24,"Height":5,"Demand":1,"DemandMax":null,"Value":120},{"Length":34,"Height":98,"Demand":1,"DemandMax":null,"Value":3332},{"Length":11,"Height":27,"Demand":1,"DemandMax":null,"Value":297},{"Length":18,"Height":15,"Demand":1,"DemandMax":null,"Value":270},{"Length":35,"Height":93,"Demand":1,"DemandMax":null,"Value":3255},{"Length":29,"Height":12,"Demand":1,"DemandMax":null,"Value":348},{"Length":18,"Height":12,"Demand":1,"DemandMax":null,"Value":216},{"Length":22,"Height":71,"Demand":1,"DemandMax":null,"Value":1562},{"Length":38,"Height":59,"Demand":1,"DemandMax":null,"Value":2242},{"Length":40,"Height":43,"Demand":1,"DemandMax":null,"Value":1720},{"Length":14,"Height":66,"Demand":1,"DemandMax":null,"Value":924},{"Length":129,"Height":31,"Demand":1,"DemandMax":null,"Value":3999},{"Length":57,"Height":23,"Demand":1,"DemandMax":null,"Value":1311}]}