{"Name":"t2b","Objects":[{"Length":200,"Height":200,"Stock":null,"Cost":40000}],"Items":[{"Length":82,"Height":39,"Demand":1,"DemandMax":null,"Value":3198},{"Length":45,"Height":56,"Demand":1,"DemandMax":null,"Value":2520},{"Length":73,"Height":20,"Demand":1,"DemandMax":null,"Value":1460},{"Length":21,"Height":35,"Demand":1,"DemandMax":null,"Value":735},{"Length":17,"Height":9,"Demand":1,"DemandMax":null,"Value":153},{"Length":35,"Height":180,"Demand":1,"DemandMax":null,"Value":6300},{"Length":8,"Height":26,"Demand":1,"DemandMax":null,"Value":208},{"Length":9,"Height":44,"Demand":1,"DemandMax":null,"Value":396},{"Length":22,"Height":34,"Demand":1,"DemandMax":null,"Value":748},{"Length":60,"Height":17,"Demand":1,"DemandMax":null,"Value":1020},{"Length":29,"Height":18,"Demand":1,"DemandMax":null,"Value":522},{"Length":105,"Height":17,"Demand":1,"DemandMax":null,"Value":1785},{"Length":86,"Height":33,"Demand":1,"DemandMax":null,"Value":2838},{"Length":28,"Height":17,"Demand":1,"DemandMax":null,"Value":476},{"Length":51,"Height":84,"Demand":1,"DemandMax":null,"Value":4284},{"Length":11,"Height":16,"Demand":1,"DemandMax":null,"Value":176},{"Length":17,"Height":41,"Demand":1,"DemandMax":null,"Value":697},{"Length":97,"Height":25,"Demand":1,"DemandMax":null,"Value":2425},{"Length":15,"Height":49,"Demand":1,"DemandMax":null,"Value":735},{"Length":30,"Height":43,"Demand":1,"DemandMax":null,"Value":1290},{"Length":69,"Height":26,"Demand":1,"DemandMax":null,"Value":1794},{"Length":120,"Height":43,"Demand":1,"DemandMax":null,"Value":5160},{"Length":23,"Height":6,"Demand":1,"DemandMax":null,"Value":138},{"Length":7,"Height":26,"Demand":1,"DemandMax":null,"Value":182},{"Length":38,"Height":20,"Demand":1,"DemandMax":null,"Value":760}]}