{"Name":"t1a","Objects":[{"Length":200,"Height":200,"Stock":null,"Cost":40000}],"Items":[{"Length":82,"Height":38,"Demand":1,"DemandMax":null,"Value":3116},{"Length":37,"Height":13,"Demand":1,"DemandMax":null,"Value":481},{"Length":81,"Height":22,"Demand":1,"DemandMax":null,"Value":1782},{"Length":16,"Height":25,"Demand":1,"DemandMax":null,"Value":400},{"Length":21,"Height":64,"Demand":1,"DemandMax":null,"Value":1344},{"Length":29,"Height":55,"Demand":1,"DemandMax":null,"Value":1595},{"Length":52,"Height":178,"Demand":1,"DemandMax":null,"Value":9256},{"Length":98,"Height":39,"Demand":1,"DemandMax":null,"Value":3822},{"Length":102,"Height":37,"Demand":1,"DemandMax":null,"Value":3774},{"Length":46,"Height":103,"Demand":1,"DemandMax":null,"Value":4738},{"Length":29,"Height":86,"Demand":1,"DemandMax":null,"Value":2494},{"Length":10,"Height":37,"Demand":1,"DemandMax":null,"Value":370},{"Length":63,"Height":26,"Demand":1,"DemandMax":null,"Value":1638},{"Length":50,"Height":11,"Demand":1,"DemandMax":null,"Value":550},{"Length":13,"Height":40,"Demand":1,"DemandMax":null,"Value":520},{"Length":60,"Height":29,"Demand":1,"DemandMax":null,"Value":1740},{"Length":119,"Height":20,"Demand":1,"DemandMax":null,"Value":2380}]}