{"Name":"n4d","Objects":[{"Length":200,"Height":200,"Stock":null,"Cost":40000}],"Items":[{"Length":25,"Height":105,"Demand":1,"DemandMax":null,"Value":2625},{"Length":57,"Height":24,"Demand":1,"DemandMax":null,"Value":1368},{"Length":27,"Height":18,"Demand":2,"DemandMax":null,"Value":486},{"Length":13,"Height":25,"Demand":2,"DemandMax":null,"Value":325},{"Length":20,"Height":15,"Demand":1,"DemandMax":null,"Value":300},{"Length":58,"Height":20,"Demand":1,"DemandMax":null,"Value":1160},{"Length":14,"Height":10,"Demand":1,"DemandMax":null,"Value":140},{"Length":6,"Height":28,"Demand":1,"DemandMax":null,"Value":168},{"Length":14,"Height":59,"Demand":1,"DemandMax":null,"Value":826},{"Length":17,"Height":57,"Demand":1,"DemandMax":null,"Value":969},{"Length":41,"Height":82,"Demand":1,"DemandMax":null,"Value":3362},{"Length":32,"Height":81,"Demand":1,"DemandMax":null,"Value":2592},{"Length":25,"Height":102,"Demand":1,"DemandMax":null,"Value":2550},{"Length":46,"Height":34,"Demand":1,"DemandMax":null,"Value":1564},{"Length":77,"Height":25,"Demand":1,"DemandMax":null,"Value":1925},{"Length":8,"Height":15,"Demand":1,"DemandMax":null,"Value":120},{"Length":25,"Height":18,"Demand":1,"DemandMax":null,"Value":450},{"Length":64,"Height":13,"Demand":1,"DemandMax":null,"Value":832},{"Length":7,"Height":19,"Demand":1,"DemandMax":null,"Value":133},{"Length":14,"Height":74,"Demand":1,"DemandMax":null,"Value":1036},{"Length":57,"Height":21,"Demand":1,"DemandMax":null,"Value":1197},{"Length":58,"Height":11,"Demand":1,"DemandMax":null,"Value":638},{"Length":6,"Height":6,"Demand":1,"DemandMax":null,"Value":36},{"Length":4,"Height":9,"Demand":1,"DemandMax":null,"Value":36},{"Length":4,"Height":3,"Demand":1,"DemandMax":null,"Value":12},{"Length":29,"Height":6,"Demand":1,"DemandMax":null,"Value":174},{"Length":13,"Height":5,"Demand":1,"DemandMax":null,"Value":65},{"Length":105,"Height":22,"Demand":1,"DemandMax":null,"Value":2310},{"Length":10,"Height":45,"Demand":1,"DemandMax":null,"Value":450},{"Length":39,"Height":74,"Demand":1,"DemandMax":null,"Value":2886},{"Length":6,"Height":31,"Demand":1,"DemandMax":null,"Value":186},{"Length":26,"Height":21,"Demand":1,"DemandMax":null,"Value":546},{"Length":13,"Height":10,"Demand":1,"DemandMax":null,"Value":130},{"Length":13,"Height":29,"Demand":1,"DemandMax":null,"Value":377},{"Length":51,"Height":52,"Demand":1,"DemandMax":null,"Value":2652},{"Length":54,"Height":23,"Demand":1,"DemandMax":null,"Value":1242},{"Length":19,"Height":19,"Demand":1,"DemandMax":null,"Value":361},{"Length":44,"Height":8,"Demand":1,"DemandMax":null,"Value":352},{"Length":11,"Height":11,"Demand":1,"DemandMax":null,"Value":121},{"Length":9,"Height":9,"Demand":1,"DemandMax":null,"Value":81},{"Length":46,"Height":24,"Demand":1,"DemandMax":null,"Value":1104},{"Length":36,"Height":21,"Demand":1,"DemandMax":null,"Value":756},{"Length":8,"Height":8,"Demand":1,"DemandMax":null,"Value":64},{"Length":7,"Height":2,"Demand":1,"DemandMax":null,"Value":14},{"Length":2,"Height":7,"Demand":1,"DemandMax":null,"Value":14},{"Length":18,"Height":5,"Demand":1,"DemandMax":null,"Value":90},{"Length":28,"Height":13,"Demand":1,"DemandMax":null,"Value":364}]}