{"Name":"n4c","Objects":[{"Length":200,"Height":200,"Stock":null,"Cost":40000}],"Items":[{"Length":54,"Height":27,"Demand":1,"DemandMax":null,"Value":1458},{"Length":109,"Height":16,"Demand":1,"DemandMax":null,"Value":1744},{"Length":37,"Height":102,"Demand":1,"DemandMax":null,"Value":3774},{"Length":33,"Height":11,"Demand":1,"DemandMax":null,"Value":363},{"Length":76,"Height":35,"Demand":1,"DemandMax":null,"Value":2660},{"Length":46,"Height":15,"Demand":1,"DemandMax":null,"Value":690},{"Length":41,"Height":6,"Demand":1,"DemandMax":null,"Value":246},{"Length":14,"Height":9,"Demand":1,"DemandMax":null,"Value":126},{"Length":27,"Height":18,"Demand":1,"DemandMax":null,"Value":486},{"Length":60,"Height":9,"Demand":1,"DemandMax":null,"Value":540},{"Length":35,"Height":46,"Demand":1,"DemandMax":null,"Value":1610},{"Length":56,"Height":18,"Demand":1,"DemandMax":null,"Value":1008},{"Length":22,"Height":92,"Demand":1,"DemandMax":null,"Value":2024},{"Length":45,"Height":19,"Demand":1,"DemandMax":null,"Value":855},{"Length":5,"Height":30,"Demand":1,"DemandMax":null,"Value":150},{"Length":20,"Height":28,"Demand":1,"DemandMax":null,"Value":560},{"Length":36,"Height":56,"Demand":1,"DemandMax":null,"Value":2016},{"Length":15,"Height":32,"Demand":1,"DemandMax":null,"Value":480},{"Length":30,"Height":11,"Demand":1,"DemandMax":null,"Value":330},{"Length":17,"Height":13,"Demand":1,"DemandMax":null,"Value":221},{"Length":18,"Height":11,"Demand":1,"DemandMax":null,"Value":198},{"Length":5,"Height":2,"Demand":1,"DemandMax":null,"Value":10},{"Length":13,"Height":10,"Demand":1,"DemandMax":null,"Value":130},{"Length":22,"Height":8,"Demand":1,"DemandMax":null,"Value":176},{"Length":55,"Height":28,"Demand":1,"DemandMax":null,"Value":1540},{"Length":16,"Height":51,"Demand":1,"DemandMax":null,"Value":816},{"Length":71,"Height":38,"Demand":1,"DemandMax":null,"Value":2698},{"Length":51,"Height":75,"Demand":1,"DemandMax":null,"Value":3825},{"Length":40,"Height":18,"Demand":1,"DemandMax":null,"Value":720},{"Length":32,"Height":13,"Demand":1,"DemandMax":null,"Value":416},{"Length":7,"Height":42,"Demand":1,"DemandMax":null,"Value":294},{"Length":27,"Height":23,"Demand":1,"DemandMax":null,"Value":621},{"Length":5,"Height":26,"Demand":1,"DemandMax":null,"Value":130},{"Length":50,"Height":37,"Demand":1,"DemandMax":null,"Value":1850},{"Length":12,"Height":45,"Demand":1,"DemandMax":null,"Value":540},{"Length":11,"Height":37,"Demand":1,"DemandMax":null,"Value":407},{"Length":37,"Height":32,"Demand":1,"DemandMax":null,"Value":1184},{"Length":10,"Height":8,"Demand":1,"DemandMax":null,"Value":80},{"Length":17,"Height":3,"Demand":1,"DemandMax":null,"Value":51},{"Length":22,"Height":5,"Demand":1,"DemandMax":null,"Value":110},{"Length":25,"Height":11,"Demand":1,"DemandMax":null,"Value":275},{"Length":7,"Height":29,"Demand":1,"DemandMax":null,"Value":203},{"Length":31,"Height":20,"Demand":1,"DemandMax":null,"Value":620},{"Length":19,"Height":8,"Demand":1,"DemandMax":null,"Value":152},{"Length":32,"Height":18,"Demand":1,"DemandMax":null,"Value":576},{"Length":25,"Height":5,"Demand":1,"DemandMax":null,"Value":125},{"Length":12,"Height":15,"Demand":1,"DemandMax":null,"Value":180},{"Length":31,"Height":12,"Demand":1,"DemandMax":null,"Value":372},{"Length":36,"Height":10,"Demand":1,"DemandMax":null,"Value":360}]}