{"Name":"n6d","Objects":[{"Length":200,"Height":200,"Stock":null,"Cost":40000}],"Items":[{"Length":52,"Height":34,"Demand":1,"DemandMax":null,"Value":1768},{"Length":31,"Height":14,"Demand":1,"DemandMax":null,"Value":434},{"Length":29,"Height":7,"Demand":1,"DemandMax":null,"Value":203},{"Length":16,"Height":79,"Demand":1,"DemandMax":null,"Value":1264},{"Length":7,"Height":48,"Demand":1,"DemandMax":null,"Value":336},{"Length":7,"Height":24,"Demand":1,"DemandMax":null,"Value":168},{"Length":21,"Height":12,"Demand":1,"DemandMax":null,"Value":252},{"Length":22,"Height":37,"Demand":1,"DemandMax":null,"Value":814},{"Length":15,"Height":13,"Demand":1,"DemandMax":null,"Value":195},{"Length":11,"Height":7,"Demand":1,"DemandMax":null,"Value":77},{"Length":4,"Height":15,"Demand":1,"DemandMax":null,"Value":60},{"Length":14,"Height":10,"Demand":1,"DemandMax":null,"Value":140},{"Length":3,"Height":6,"Demand":1,"DemandMax":null,"Value":18},{"Length":3,"Height":10,"Demand":1,"DemandMax":null,"Value":30},{"Length":15,"Height":26,"Demand":1,"DemandMax":null,"Value":390},{"Length":5,"Height":24,"Demand":1,"DemandMax":null,"Value":120},{"Length":10,"Height":35,"Demand":1,"DemandMax":null,"Value":350},{"Length":42,"Height":22,"Demand":1,"DemandMax":null,"Value":924},{"Length":7,"Height":5,"Demand":1,"DemandMax":null,"Value":35},{"Length":7,"Height":19,"Demand":1,"DemandMax":null,"Value":133},{"Length":1,"Height":6,"Demand":1,"DemandMax":null,"Value":6},{"Length":2,"Height":4,"Demand":1,"DemandMax":null,"Value":8},{"Length":11,"Height":14,"Demand":1,"DemandMax":null,"Value":154},{"Length":5,"Height":2,"Demand":1,"DemandMax":null,"Value":10},{"Length":13,"Height":14,"Demand":1,"DemandMax":null,"Value":182},{"Length":50,"Height":11,"Demand":1,"DemandMax":null,"Value":550},{"Length":2,"Height":2,"Demand":1,"DemandMax":null,"Value":4},{"Length":62,"Height":9,"Demand":1,"DemandMax":null,"Value":558},{"Length":27,"Height":11,"Demand":1,"DemandMax":null,"Value":297},{"Length":13,"Height":10,"Demand":1,"DemandMax":null,"Value":130},{"Length":15,"Height":36,"Demand":1,"DemandMax":null,"Value":540},{"Length":33,"Height":11,"Demand":1,"DemandMax":null,"Value":363},{"Length":18,"Height":18,"Demand":1,"DemandMax":null,"Value":324},{"Length":42,"Height":32,"Demand":1,"DemandMax":null,"Value":1344},{"Length":19,"Height":34,"Demand":1,"DemandMax":null,"Value":646},{"Length":20,"Height":26,"Demand":1,"DemandMax":null,"Value":520},{"Length":14,"Height":26,"Demand":1,"DemandMax":null,"Value":364},{"Length":23,"Height":98,"Demand":1,"DemandMax":null,"Value":2254},{"Length":25,"Height":11,"Demand":1,"DemandMax":null,"Value":275},{"Length":8,"Height":7,"Demand":1,"DemandMax":null,"Value":56},{"Length":26,"Height":4,"Demand":1,"DemandMax":null,"Value":104},{"Length":21,"Height":26,"Demand":1,"DemandMax":null,"Value":546},{"Length":30,"Height":10,"Demand":1,"DemandMax":null,"Value":300},{"Length":24,"Height":52,"Demand":1,"DemandMax":null,"Value":1248},{"Length":11,"Height":36,"Demand":1,"DemandMax":null,"Value":396},{"Length":14,"Height":28,"Demand":2,"DemandMax":null,"Value":392},{"Length":72,"Height":16,"Demand":1,"DemandMax":null,"Value":1152},{"Length":35,"Height":14,"Demand":1,"DemandMax":null,"Value":490},{"Length":13,"Height":48,"Demand":1,"DemandMax":null,"Value":624},{"Length":76,"Height":13,"Demand":1,"DemandMax":null,"Value":988},{"Length":7,"Height":17,"Demand":1,"DemandMax":null,"Value":119},{"Length":7,"Height":18,"Demand":1,"DemandMax":null,"Value":126},{"Length":25,"Height":8,"Demand":1,"DemandMax":null,"Value":200},{"Length":12,"Height":22,"Demand":1,"DemandMax":null,"Value":264},{"Length":13,"Height":45,"Demand":1,"DemandMax":null,"Value":585},{"Length":2,"Height":8,"Demand":1,"DemandMax":null,"Value":16},{"Length":12,"Height":29,"Demand":1,"DemandMax":null,"Value":348},{"Length":37,"Height":20,"Demand":1,"DemandMax":null,"Value":740},{"Length":13,"Height":29,"Demand":1,"DemandMax":null,"Value":377},{"Length":26,"Height":94,"Demand":1,"DemandMax":null,"Value":2444},{"Length":6,"Height":13,"Demand":1,"DemandMax":null,"Value":78},{"Length":1,"Height":1,"Demand":1,"DemandMax":null,"Value":1},{"Length":13,"Height":21,"Demand":1,"DemandMax":null,"Value":273},{"Length":8,"Height":12,"Demand":1,"DemandMax":null,"Value":96},{"Length":26,"Height":23,"Demand":1,"DemandMax":null,"Value":598},{"Length":28,"Height":15,"Demand":2,"DemandMax":null,"Value":420},{"Length":9,"Height":9,"Demand":1,"DemandMax":null,"Value":81},{"Length":21,"Height":20,"Demand":1,"DemandMax":null,"Value":420},{"Length":3,"Height":5,"Demand":1,"DemandMax":null,"Value":15},{"Length":22,"Height":6,"Demand":1,"DemandMax":null,"Value":132},{"Length":6,"Height":14,"Demand":1,"DemandMax":null,"Value":84},{"Length":9,"Height":5,"Demand":1,"DemandMax":null,"Value":45},{"Length":23,"Height":9,"Demand":1,"DemandMax":null,"Value":207},{"Length":7,"Height":14,"Demand":1,"DemandMax":null,"Value":98},{"Length":18,"Height":17,"Demand":1,"DemandMax":null,"Value":306},{"Length":6,"Height":9,"Demand":1,"DemandMax":null,"Value":54},{"Length":3,"Height":16,"Demand":1,"DemandMax":null,"Value":48},{"Length":42,"Height":26,"Demand":1,"DemandMax":null,"Value":1092},{"Length":9,"Height":26,"Demand":1,"DemandMax":null,"Value":234},{"Length":60,"Height":14,"Demand":1,"DemandMax":null,"Value":840},{"Length":5,"Height":12,"Demand":1,"DemandMax":null,"Value":60},{"Length":18,"Height":41,"Demand":1,"DemandMax":null,"Value":738},{"Length":12,"Height":7,"Demand":1,"DemandMax":null,"Value":84},{"Length":5,"Height":34,"Demand":1,"DemandMax":null,"Value":170},{"Length":2,"Height":3,"Demand":1,"DemandMax":null,"Value":6},{"Length":20,"Height":31,"Demand":1,"DemandMax":null,"Value":620},{"Length":37,"Height":12,"Demand":1,"DemandMax":null,"Value":444},{"Length":23,"Height":19,"Demand":1,"DemandMax":null,"Value":437},{"Length":20,"Height":29,"Demand":1,"DemandMax":null,"Value":580},{"Length":28,"Height":7,"Demand":1,"DemandMax":null,"Value":196},{"Length":46,"Height":7,"Demand":1,"DemandMax":null,"Value":322},{"Length":97,"Height":21,"Demand":1,"DemandMax":null,"Value":2037},{"Length":10,"Height":2,"Demand":1,"DemandMax":null,"Value":20},{"Length":15,"Height":11,"Demand":1,"DemandMax":null,"Value":165},{"Length":48,"Height":9,"Demand":1,"DemandMax":null,"Value":432}]}