{"Name":"n4e","Objects":[{"Length":200,"Height":200,"Stock":null,"Cost":40000}],"Items":[{"Length":28,"Height":99,"Demand":1,"DemandMax":null,"Value":2772},{"Length":57,"Height":27,"Demand":1,"DemandMax":null,"Value":1539},{"Length":13,"Height":25,"Demand":1,"DemandMax":null,"Value":325},{"Length":21,"Height":12,"Demand":1,"DemandMax":null,"Value":252},{"Length":17,"Height":46,"Demand":1,"DemandMax":null,"Value":782},{"Length":8,"Height":10,"Demand":1,"DemandMax":null,"Value":80},{"Length":24,"Height":5,"Demand":1,"DemandMax":null,"Value":120},{"Length":32,"Height":69,"Demand":1,"DemandMax":null,"Value":2208},{"Length":13,"Height":5,"Demand":1,"DemandMax":null,"Value":65},{"Length":11,"Height":18,"Demand":1,"DemandMax":null,"Value":198},{"Length":21,"Height":13,"Demand":1,"DemandMax":null,"Value":273},{"Length":10,"Height":13,"Demand":1,"DemandMax":null,"Value":130},{"Length":11,"Height":48,"Demand":1,"DemandMax":null,"Value":528},{"Length":11,"Height":23,"Demand":1,"DemandMax":null,"Value":253},{"Length":21,"Height":30,"Demand":1,"DemandMax":null,"Value":630},{"Length":23,"Height":35,"Demand":1,"DemandMax":null,"Value":805},{"Length":48,"Height":43,"Demand":1,"DemandMax":null,"Value":2064},{"Length":9,"Height":33,"Demand":1,"DemandMax":null,"Value":297},{"Length":28,"Height":7,"Demand":1,"DemandMax":null,"Value":196},{"Length":45,"Height":39,"Demand":1,"DemandMax":null,"Value":1755},{"Length":4,"Height":16,"Demand":1,"DemandMax":null,"Value":64},{"Length":43,"Height":10,"Demand":1,"DemandMax":null,"Value":430},{"Length":36,"Height":23,"Demand":1,"DemandMax":null,"Value":828},{"Length":4,"Height":27,"Demand":1,"DemandMax":null,"Value":108},{"Length":24,"Height":15,"Demand":1,"DemandMax":null,"Value":360},{"Length":46,"Height":12,"Demand":1,"DemandMax":null,"Value":552},{"Length":17,"Height":4,"Demand":1,"DemandMax":null,"Value":68},{"Length":7,"Height":8,"Demand":1,"DemandMax":null,"Value":56},{"Length":10,"Height":36,"Demand":1,"DemandMax":null,"Value":360},{"Length":53,"Height":28,"Demand":1,"DemandMax":null,"Value":1484},{"Length":2,"Height":12,"Demand":1,"DemandMax":null,"Value":24},{"Length":22,"Height":14,"Demand":1,"DemandMax":null,"Value":308},{"Length":57,"Height":18,"Demand":1,"DemandMax":null,"Value":1026},{"Length":24,"Height":108,"Demand":1,"DemandMax":null,"Value":2592},{"Length":6,"Height":2,"Demand":1,"DemandMax":null,"Value":12},{"Length":56,"Height":11,"Demand":1,"DemandMax":null,"Value":616},{"Length":9,"Height":51,"Demand":1,"DemandMax":null,"Value":459},{"Length":36,"Height":48,"Demand":1,"DemandMax":null,"Value":1728},{"Length":131,"Height":23,"Demand":1,"DemandMax":null,"Value":3013},{"Length":49,"Height":38,"Demand":1,"DemandMax":null,"Value":1862},{"Length":17,"Height":37,"Demand":1,"DemandMax":null,"Value":629},{"Length":65,"Height":19,"Demand":1,"DemandMax":null,"Value":1235},{"Length":40,"Height":18,"Demand":1,"DemandMax":null,"Value":720},{"Length":25,"Height":48,"Demand":1,"DemandMax":null,"Value":1200},{"Length":1,"Height":3,"Demand":1,"DemandMax":null,"Value":3},{"Length":35,"Height":13,"Demand":1,"DemandMax":null,"Value":455},{"Length":10,"Height":10,"Demand":1,"DemandMax":null,"Value":100},{"Length":57,"Height":30,"Demand":1,"DemandMax":null,"Value":1710},{"Length":94,"Height":29,"Demand":1,"DemandMax":null,"Value":2726}]}