{"Name":"n5b","Objects":[{"Length":200,"Height":200,"Stock":null,"Cost":40000}],"Items":[{"Length":66,"Height":25,"Demand":1,"DemandMax":null,"Value":1650},{"Length":14,"Height":30,"Demand":1,"DemandMax":null,"Value":420},{"Length":18,"Height":14,"Demand":2,"DemandMax":null,"Value":252},{"Length":43,"Height":34,"Demand":1,"DemandMax":null,"Value":1462},{"Length":59,"Height":30,"Demand":1,"DemandMax":null,"Value":1770},{"Length":10,"Height":16,"Demand":1,"DemandMax":null,"Value":160},{"Length":8,"Height":33,"Demand":1,"DemandMax":null,"Value":264},{"Length":22,"Height":47,"Demand":1,"DemandMax":null,"Value":1034},{"Length":18,"Height":16,"Demand":1,"DemandMax":null,"Value":288},{"Length":26,"Height":13,"Demand":1,"DemandMax":null,"Value":338},{"Length":24,"Height":17,"Demand":1,"DemandMax":null,"Value":408},{"Length":26,"Height":4,"Demand":1,"DemandMax":null,"Value":104},{"Length":7,"Height":28,"Demand":1,"DemandMax":null,"Value":196},{"Length":26,"Height":14,"Demand":1,"DemandMax":null,"Value":364},{"Length":30,"Height":51,"Demand":1,"DemandMax":null,"Value":1530},{"Length":39,"Height":25,"Demand":1,"DemandMax":null,"Value":975},{"Length":7,"Height":3,"Demand":1,"DemandMax":null,"Value":21},{"Length":19,"Height":9,"Demand":1,"DemandMax":null,"Value":171},{"Length":25,"Height":6,"Demand":1,"DemandMax":null,"Value":150},{"Length":8,"Height":14,"Demand":1,"DemandMax":null,"Value":112},{"Length":18,"Height":78,"Demand":1,"DemandMax":null,"Value":1404},{"Length":14,"Height":17,"Demand":1,"DemandMax":null,"Value":238},{"Length":62,"Height":12,"Demand":1,"DemandMax":null,"Value":744},{"Length":15,"Height":64,"Demand":1,"DemandMax":null,"Value":960},{"Length":16,"Height":5,"Demand":1,"DemandMax":null,"Value":80},{"Length":46,"Height":13,"Demand":1,"DemandMax":null,"Value":598},{"Length":27,"Height":26,"Demand":1,"DemandMax":null,"Value":702},{"Length":12,"Height":63,"Demand":1,"DemandMax":null,"Value":756},{"Length":30,"Height":8,"Demand":1,"DemandMax":null,"Value":240},{"Length":36,"Height":91,"Demand":1,"DemandMax":null,"Value":3276},{"Length":23,"Height":31,"Demand":1,"DemandMax":null,"Value":713},{"Length":8,"Height":13,"Demand":1,"DemandMax":null,"Value":104},{"Length":22,"Height":9,"Demand":1,"DemandMax":null,"Value":198},{"Length":9,"Height":50,"Demand":1,"DemandMax":null,"Value":450},{"Length":14,"Height":4,"Demand":1,"DemandMax":null,"Value":56},{"Length":8,"Height":16,"Demand":1,"DemandMax":null,"Value":128},{"Length":22,"Height":12,"Demand":1,"DemandMax":null,"Value":264},{"Length":57,"Height":37,"Demand":1,"DemandMax":null,"Value":2109},{"Length":7,"Height":6,"Demand":1,"DemandMax":null,"Value":42},{"Length":12,"Height":36,"Demand":1,"DemandMax":null,"Value":432},{"Length":11,"Height":29,"Demand":1,"DemandMax":null,"Value":319},{"Length":30,"Height":56,"Demand":1,"DemandMax":null,"Value":1680},{"Length":50,"Height":62,"Demand":1,"DemandMax":null,"Value":3100},{"Length":61,"Height":13,"Demand":1,"DemandMax":null,"Value":793},{"Length":4,"Height":7,"Demand":1,"DemandMax":null,"Value":28},{"Length":7,"Height":33,"Demand":1,"DemandMax":null,"Value":231},{"Length":16,"Height":26,"Demand":1,"DemandMax":null,"Value":416},{"Length":12,"Height":46,"Demand":1,"DemandMax":null,"Value":552},{"Length":21,"Height":27,"Demand":1,"DemandMax":null,"Value":567},{"Length":28,"Height":65,"Demand":1,"DemandMax":null,"Value":1820},{"Length":4,"Height":4,"Demand":1,"DemandMax":null,"Value":16},{"Length":9,"Height":19,"Demand":1,"DemandMax":null,"Value":171},{"Length":40,"Height":13,"Demand":1,"DemandMax":null,"Value":520},{"Length":6,"Height":19,"Demand":2,"DemandMax":null,"Value":114},{"Length":15,"Height":22,"Demand":1,"DemandMax":null,"Value":330},{"Length":19,"Height":31,"Demand":1,"DemandMax":null,"Value":589},{"Length":21,"Height":17,"Demand":1,"DemandMax":null,"Value":357},{"Length":5,"Height":6,"Demand":1,"DemandMax":null,"Value":30},{"Length":5,"Height":15,"Demand":1,"DemandMax":null,"Value":75},{"Length":30,"Height":7,"Demand":1,"DemandMax":null,"Value":210},{"Length":8,"Height":12,"Demand":1,"DemandMax":null,"Value":96},{"Length":11,"Height":8,"Demand":1,"DemandMax":null,"Value":88},{"Length":19,"Height":21,"Demand":1,"DemandMax":null,"Value":399},{"Length":3,"Height":20,"Demand":1,"DemandMax":null,"Value":60},{"Length":18,"Height":3,"Demand":1,"DemandMax":null,"Value":54},{"Length":83,"Height":16,"Demand":1,"DemandMax":null,"Value":1328},{"Length":16,"Height":13,"Demand":1,"DemandMax":null,"Value":208},{"Length":2,"Height":7,"Demand":1,"DemandMax":null,"Value":14},{"Length":6,"Height":10,"Demand":1,"DemandMax":null,"Value":60},{"Length":37,"Height":6,"Demand":1,"DemandMax":null,"Value":222},{"Length":8,"Height":3,"Demand":1,"DemandMax":null,"Value":24}]}