{"Name":"t4e","Objects":[{"Length":200,"Height":200,"Stock":null,"Cost":40000}],"Items":[{"Length":110,"Height":32,"Demand":1,"DemandMax":null,"Value":3520},{"Length":12,"Height":33,"Demand":1,"DemandMax":null,"Value":396},{"Length":78,"Height":15,"Demand":1,"DemandMax":null,"Value":1170},{"Length":62,"Height":18,"Demand":1,"DemandMax":null,"Value":1116},{"Length":16,"Height":53,"Demand":1,"DemandMax":null,"Value":848},{"Length":37,"Height":76,"Demand":1,"DemandMax":null,"Value":2812},{"Length":14,"Height":97,"Demand":1,"DemandMax":null,"Value":1358},{"Length":28,"Height":43,"Demand":1,"DemandMax":null,"Value":1204},{"Length":16,"Height":9,"Demand":1,"DemandMax":null,"Value":144},{"Length":15,"Height":22,"Demand":1,"DemandMax":null,"Value":330},{"Length":64,"Height":19,"Demand":1,"DemandMax":null,"Value":1216},{"Length":10,"Height":13,"Demand":1,"DemandMax":null,"Value":130},{"Length":4,"Height":27,"Demand":1,"DemandMax":null,"Value":108},{"Length":12,"Height":13,"Demand":1,"DemandMax":null,"Value":156},{"Length":3,"Height":6,"Demand":1,"DemandMax":null,"Value":18},{"Length":7,"Height":22,"Demand":1,"DemandMax":null,"Value":154},{"Length":67,"Height":16,"Demand":1,"DemandMax":null,"Value":1072},{"Length":27,"Height":14,"Demand":1,"DemandMax":null,"Value":378},{"Length":13,"Height":41,"Demand":1,"DemandMax":null,"Value":533},{"Length":78,"Height":35,"Demand":1,"DemandMax":null,"Value":2730},{"Length":30,"Height":115,"Demand":1,"DemandMax":null,"Value":3450},{"Length":8,"Height":54,"Demand":1,"DemandMax":null,"Value":432},{"Length":20,"Height":91,"Demand":1,"DemandMax":null,"Value":1820},{"Length":6,"Height":6,"Demand":1,"DemandMax":null,"Value":36},{"Length":72,"Height":12,"Demand":1,"DemandMax":null,"Value":864},{"Length":15,"Height":92,"Demand":1,"DemandMax":null,"Value":1380},{"Length":22,"Height":58,"Demand":1,"DemandMax":null,"Value":1276},{"Length":19,"Height":6,"Demand":1,"DemandMax":null,"Value":114},{"Length":38,"Height":48,"Demand":1,"DemandMax":null,"Value":1824},{"Length":21,"Height":61,"Demand":1,"DemandMax":null,"Value":1281},{"Length":10,"Height":38,"Demand":1,"DemandMax":null,"Value":380},{"Length":22,"Height":47,"Demand":1,"DemandMax":null,"Value":1034},{"Length":22,"Height":37,"Demand":1,"DemandMax":null,"Value":814},{"Length":5,"Height":30,"Demand":1,"DemandMax":null,"Value":150},{"Length":5,"Height":9,"Demand":1,"DemandMax":null,"Value":45},{"Length":3,"Height":15,"Demand":1,"DemandMax":null,"Value":45},{"Length":24,"Height":10,"Demand":1,"DemandMax":null,"Value":240},{"Length":20,"Height":37,"Demand":1,"DemandMax":null,"Value":740},{"Length":18,"Height":13,"Demand":1,"DemandMax":null,"Value":234},{"Length":23,"Height":19,"Demand":1,"DemandMax":null,"Value":437},{"Length":41,"Height":27,"Demand":1,"DemandMax":null,"Value":1107},{"Length":18,"Height":5,"Demand":1,"DemandMax":null,"Value":90},{"Length":6,"Height":11,"Demand":1,"DemandMax":null,"Value":66},{"Length":39,"Height":24,"Demand":1,"DemandMax":null,"Value":936},{"Length":21,"Height":6,"Demand":1,"DemandMax":null,"Value":126},{"Length":62,"Height":17,"Demand":1,"DemandMax":null,"Value":1054},{"Length":20,"Height":15,"Demand":1,"DemandMax":null,"Value":300},{"Length":3,"Height":8,"Demand":1,"DemandMax":null,"Value":24},{"Length":44,"Height":7,"Demand":1,"DemandMax":null,"Value":308}]}