{"Name":"n1c","Objects":[{"Length":200,"Height":200,"Stock":null,"Cost":40000}],"Items":[{"Length":35,"Height":86,"Demand":1,"DemandMax":null,"Value":3010},{"Length":17,"Height":54,"Demand":1,"DemandMax":null,"Value":918},{"Length":36,"Height":81,"Demand":1,"DemandMax":null,"Value":2916},{"Length":70,"Height":88,"Demand":1,"DemandMax":null,"Value":6160},{"Length":42,"Height":117,"Demand":1,"DemandMax":null,"Value":4914},{"Length":5,"Height":32,"Demand":1,"DemandMax":null,"Value":160},{"Length":12,"Height":42,"Demand":1,"DemandMax":null,"Value":504},{"Length":25,"Height":15,"Demand":1,"DemandMax":null,"Value":375},{"Length":11,"Height":55,"Demand":1,"DemandMax":null,"Value":605},{"Length":40,"Height":10,"Demand":1,"DemandMax":null,"Value":400},{"Length":26,"Height":78,"Demand":1,"DemandMax":null,"Value":2028},{"Length":44,"Height":29,"Demand":1,"DemandMax":null,"Value":1276},{"Length":77,"Height":40,"Demand":1,"DemandMax":null,"Value":3080},{"Length":86,"Height":49,"Demand":1,"DemandMax":null,"Value":4214},{"Length":79,"Height":64,"Demand":1,"DemandMax":null,"Value":5056},{"Length":9,"Height":30,"Demand":1,"DemandMax":null,"Value":270},{"Length":121,"Height":34,"Demand":1,"DemandMax":null,"Value":4114}]}