{"Name":"n3c","Objects":[{"Length":200,"Height":200,"Stock":null,"Cost":40000}],"Items":[{"Length":35,"Height":55,"Demand":1,"DemandMax":null,"Value":1925},{"Length":65,"Height":50,"Demand":1,"DemandMax":null,"Value":3250},{"Length":54,"Height":39,"Demand":1,"DemandMax":null,"Value":2106},{"Length":46,"Height":80,"Demand":1,"DemandMax":null,"Value":3680},{"Length":33,"Height":108,"Demand":1,"DemandMax":null,"Value":3564},{"Length":21,"Height":41,"Demand":1,"DemandMax":null,"Value":861},{"Length":34,"Height":5,"Demand":1,"DemandMax":null,"Value":170},{"Length":22,"Height":29,"Demand":1,"DemandMax":null,"Value":638},{"Length":9,"Height":43,"Demand":1,"DemandMax":null,"Value":387},{"Length":40,"Height":53,"Demand":1,"DemandMax":null,"Value":2120},{"Length":29,"Height":48,"Demand":1,"DemandMax":null,"Value":1392},{"Length":19,"Height":41,"Demand":1,"DemandMax":null,"Value":779},{"Length":3,"Height":14,"Demand":1,"DemandMax":null,"Value":42},{"Length":67,"Height":67,"Demand":1,"DemandMax":null,"Value":4489},{"Length":12,"Height":27,"Demand":1,"DemandMax":null,"Value":324},{"Length":25,"Height":5,"Demand":1,"DemandMax":null,"Value":125},{"Length":4,"Height":17,"Demand":1,"DemandMax":null,"Value":68},{"Length":65,"Height":12,"Demand":1,"DemandMax":null,"Value":780},{"Length":59,"Height":80,"Demand":1,"DemandMax":null,"Value":4720},{"Length":41,"Height":27,"Demand":1,"DemandMax":null,"Value":1107},{"Length":39,"Height":15,"Demand":1,"DemandMax":null,"Value":585},{"Length":50,"Height":16,"Demand":1,"DemandMax":null,"Value":800},{"Length":52,"Height":14,"Demand":1,"DemandMax":null,"Value":728},{"Length":5,"Height":2,"Demand":1,"DemandMax":null,"Value":10},{"Length":47,"Height":16,"Demand":1,"DemandMax":null,"Value":752},{"Length":27,"Height":38,"Demand":1,"DemandMax":null,"Value":1026},{"Length":12,"Height":15,"Demand":1,"DemandMax":null,"Value":180},{"Length":55,"Height":14,"Demand":1,"DemandMax":null,"Value":770},{"Length":114,"Height":23,"Demand":1,"DemandMax":null,"Value":2622}]}