{"Name":"t2e","Objects":[{"Length":200,"Height":200,"Stock":null,"Cost":40000}],"Items":[{"Length":37,"Height":71,"Demand":1,"DemandMax":null,"Value":2627},{"Length":61,"Height":28,"Demand":1,"DemandMax":null,"Value":1708},{"Length":90,"Height":32,"Demand":1,"DemandMax":null,"Value":2880},{"Length":12,"Height":48,"Demand":1,"DemandMax":null,"Value":576},{"Length":7,"Height":43,"Demand":1,"DemandMax":null,"Value":301},{"Length":37,"Height":10,"Demand":1,"DemandMax":null,"Value":370},{"Length":17,"Height":33,"Demand":1,"DemandMax":null,"Value":561},{"Length":64,"Height":94,"Demand":1,"DemandMax":null,"Value":6016},{"Length":26,"Height":16,"Demand":1,"DemandMax":null,"Value":416},{"Length":26,"Height":112,"Demand":1,"DemandMax":null,"Value":2912},{"Length":11,"Height":23,"Demand":1,"DemandMax":null,"Value":253},{"Length":38,"Height":78,"Demand":1,"DemandMax":null,"Value":2964},{"Length":28,"Height":89,"Demand":1,"DemandMax":null,"Value":2492},{"Length":44,"Height":79,"Demand":1,"DemandMax":null,"Value":3476},{"Length":50,"Height":24,"Demand":1,"DemandMax":null,"Value":1200},{"Length":43,"Height":44,"Demand":1,"DemandMax":null,"Value":1892},{"Length":9,"Height":50,"Demand":1,"DemandMax":null,"Value":450},{"Length":46,"Height":18,"Demand":1,"DemandMax":null,"Value":828},{"Length":102,"Height":32,"Demand":1,"DemandMax":null,"Value":3264},{"Length":29,"Height":32,"Demand":1,"DemandMax":null,"Value":928},{"Length":17,"Height":14,"Demand":1,"DemandMax":null,"Value":238},{"Length":26,"Height":30,"Demand":1,"DemandMax":null,"Value":780},{"Length":17,"Height":6,"Demand":1,"DemandMax":null,"Value":102},{"Length":26,"Height":24,"Demand":1,"DemandMax":null,"Value":624},{"Length":119,"Height":18,"Demand":1,"DemandMax":null,"Value":2142}]}