{"Name":"t1d","Objects":[{"Length":200,"Height":200,"Stock":null,"Cost":40000}],"Items":[{"Length":178,"Height":58,"Demand":1,"DemandMax":null,"Value":10324},{"Length":22,"Height":153,"Demand":1,"DemandMax":null,"Value":3366},{"Length":46,"Height":142,"Demand":1,"DemandMax":null,"Value":6532},{"Length":59,"Height":62,"Demand":1,"DemandMax":null,"Value":3658},{"Length":73,"Height":44,"Demand":1,"DemandMax":null,"Value":3212},{"Length":20,"Height":18,"Demand":1,"DemandMax":null,"Value":360},{"Length":32,"Height":20,"Demand":1,"DemandMax":null,"Value":640},{"Length":21,"Height":34,"Demand":1,"DemandMax":null,"Value":714},{"Length":74,"Height":11,"Demand":1,"DemandMax":null,"Value":814},{"Length":5,"Height":19,"Demand":1,"DemandMax":null,"Value":95},{"Length":22,"Height":31,"Demand":1,"DemandMax":null,"Value":682},{"Length":10,"Height":14,"Demand":1,"DemandMax":null,"Value":140},{"Length":46,"Height":22,"Demand":1,"DemandMax":null,"Value":1012},{"Length":28,"Height":8,"Demand":1,"DemandMax":null,"Value":224},{"Length":31,"Height":17,"Demand":1,"DemandMax":null,"Value":527},{"Length":33,"Height":14,"Demand":1,"DemandMax":null,"Value":462},{"Length":154,"Height":47,"Demand":1,"DemandMax":null,"Value":7238}]}