{"Name":"n1d","Objects":[{"Length":200,"Height":200,"Stock":null,"Cost":40000}],"Items":[{"Length":41,"Height":12,"Demand":1,"DemandMax":null,"Value":492},{"Length":25,"Height":34,"Demand":1,"DemandMax":null,"Value":850},{"Length":19,"Height":44,"Demand":1,"DemandMax":null,"Value":836},{"Length":115,"Height":22,"Demand":1,"DemandMax":null,"Value":2530},{"Length":25,"Height":51,"Demand":1,"DemandMax":null,"Value":1275},{"Length":16,"Height":22,"Demand":1,"DemandMax":null,"Value":352},{"Length":71,"Height":22,"Demand":1,"DemandMax":null,"Value":1562},{"Length":44,"Height":109,"Demand":1,"DemandMax":null,"Value":4796},{"Length":41,"Height":29,"Demand":1,"DemandMax":null,"Value":1189},{"Length":90,"Height":87,"Demand":1,"DemandMax":null,"Value":7830},{"Length":35,"Height":137,"Demand":1,"DemandMax":null,"Value":4795},{"Length":31,"Height":68,"Demand":1,"DemandMax":null,"Value":2108},{"Length":129,"Height":44,"Demand":1,"DemandMax":null,"Value":5676},{"Length":36,"Height":15,"Demand":1,"DemandMax":null,"Value":540},{"Length":17,"Height":29,"Demand":1,"DemandMax":null,"Value":493},{"Length":19,"Height":54,"Demand":1,"DemandMax":null,"Value":1026},{"Length":146,"Height":25,"Demand":1,"DemandMax":null,"Value":3650}]}