{"Name":"n2c","Objects":[{"Length":200,"Height":200,"Stock":null,"Cost":40000}],"Items":[{"Length":34,"Height":79,"Demand":1,"DemandMax":null,"Value":2686},{"Length":79,"Height":30,"Demand":1,"DemandMax":null,"Value":2370},{"Length":24,"Height":112,"Demand":1,"DemandMax":null,"Value":2688},{"Length":63,"Height":71,"Demand":1,"DemandMax":null,"Value":4473},{"Length":47,"Height":49,"Demand":1,"DemandMax":null,"Value":2303},{"Length":32,"Height":86,"Demand":1,"DemandMax":null,"Value":2752},{"Length":52,"Height":41,"Demand":1,"DemandMax":null,"Value":2132},{"Length":11,"Height":69,"Demand":1,"DemandMax":null,"Value":759},{"Length":81,"Height":37,"Demand":1,"DemandMax":null,"Value":2997},{"Length":76,"Height":28,"Demand":1,"DemandMax":null,"Value":2128},{"Length":75,"Height":47,"Demand":1,"DemandMax":null,"Value":3525},{"Length":14,"Height":38,"Demand":1,"DemandMax":null,"Value":532},{"Length":24,"Height":24,"Demand":1,"DemandMax":null,"Value":576},{"Length":22,"Height":37,"Demand":1,"DemandMax":null,"Value":814},{"Length":89,"Height":13,"Demand":1,"DemandMax":null,"Value":1157},{"Length":77,"Height":24,"Demand":1,"DemandMax":null,"Value":1848},{"Length":12,"Height":47,"Demand":1,"DemandMax":null,"Value":564},{"Length":4,"Height":9,"Demand":1,"DemandMax":null,"Value":36},{"Length":10,"Height":46,"Demand":1,"DemandMax":null,"Value":460},{"Length":30,"Height":7,"Demand":1,"DemandMax":null,"Value":210},{"Length":49,"Height":27,"Demand":1,"DemandMax":null,"Value":1323},{"Length":26,"Height":30,"Demand":1,"DemandMax":null,"Value":780},{"Length":4,"Height":20,"Demand":1,"DemandMax":null,"Value":80},{"Length":99,"Height":23,"Demand":1,"DemandMax":null,"Value":2277},{"Length":53,"Height":10,"Demand":1,"DemandMax":null,"Value":530}]}