{"Name":"n7e","Objects":[{"Length":200,"Height":200,"Stock":null,"Cost":40000}],"Items":[{"Length":17,"Height":57,"Demand":1,"DemandMax":null,"Value":969},{"Length":21,"Height":19,"Demand":1,"DemandMax":null,"Value":399},{"Length":36,"Height":8,"Demand":1,"DemandMax":null,"Value":288},{"Length":24,"Height":9,"Demand":1,"DemandMax":null,"Value":216},{"Length":5,"Height":24,"Demand":1,"DemandMax":null,"Value":120},{"Length":20,"Height":20,"Demand":1,"DemandMax":null,"Value":400},{"Length":35,"Height":19,"Demand":1,"DemandMax":null,"Value":665},{"Length":42,"Height":15,"Demand":1,"DemandMax":null,"Value":630},{"Length":11,"Height":11,"Demand":2,"DemandMax":null,"Value":121},{"Length":25,"Height":26,"Demand":1,"DemandMax":null,"Value":650},{"Length":10,"Height":31,"Demand":1,"DemandMax":null,"Value":310},{"Length":14,"Height":19,"Demand":1,"DemandMax":null,"Value":266},{"Length":2,"Height":4,"Demand":1,"DemandMax":null,"Value":8},{"Length":22,"Height":12,"Demand":1,"DemandMax":null,"Value":264},{"Length":18,"Height":4,"Demand":2,"DemandMax":null,"Value":72},{"Length":32,"Height":15,"Demand":1,"DemandMax":null,"Value":480},{"Length":37,"Height":13,"Demand":1,"DemandMax":null,"Value":481},{"Length":3,"Height":8,"Demand":2,"DemandMax":null,"Value":24},{"Length":15,"Height":13,"Demand":1,"DemandMax":null,"Value":195},{"Length":10,"Height":4,"Demand":1,"DemandMax":null,"Value":40},{"Length":10,"Height":8,"Demand":1,"DemandMax":null,"Value":80},{"Length":15,"Height":4,"Demand":1,"DemandMax":null,"Value":60},{"Length":25,"Height":5,"Demand":1,"DemandMax":null,"Value":125},{"Length":39,"Height":12,"Demand":1,"DemandMax":null,"Value":468},{"Length":11,"Height":8,"Demand":1,"DemandMax":null,"Value":88},{"Length":16,"Height":8,"Demand":2,"DemandMax":null,"Value":128},{"Length":6,"Height":22,"Demand":1,"DemandMax":null,"Value":132},{"Length":40,"Height":10,"Demand":1,"DemandMax":null,"Value":400},{"Length":4,"Height":19,"Demand":1,"DemandMax":null,"Value":76},{"Length":6,"Height":14,"Demand":1,"DemandMax":null,"Value":84},{"Length":13,"Height":5,"Demand":1,"DemandMax":null,"Value":65},{"Length":11,"Height":2,"Demand":1,"DemandMax":null,"Value":22},{"Length":15,"Height":5,"Demand":1,"DemandMax":null,"Value":75},{"Length":12,"Height":42,"Demand":1,"DemandMax":null,"Value":504},{"Length":8,"Height":22,"Demand":1,"DemandMax":null,"Value":176},{"Length":3,"Height":3,"Demand":1,"DemandMax":null,"Value":9},{"Length":5,"Height":9,"Demand":1,"DemandMax":null,"Value":45},{"Length":8,"Height":18,"Demand":2,"DemandMax":null,"Value":144},{"Length":7,"Height":6,"Demand":1,"DemandMax":null,"Value":42},{"Length":18,"Height":29,"Demand":1,"DemandMax":null,"Value":522},{"Length":42,"Height":12,"Demand":1,"DemandMax":null,"Value":504},{"Length":6,"Height":25,"Demand":1,"DemandMax":null,"Value":150},{"Length":10,"Height":14,"Demand":1,"DemandMax":null,"Value":140},{"Length":19,"Height":15,"Demand":1,"DemandMax":null,"Value":285},{"Length":21,"Height":9,"Demand":1,"DemandMax":null,"Value":189},{"Length":2,"Height":13,"Demand":2,"DemandMax":null,"Value":26},{"Length":5,"Height":5,"Demand":2,"DemandMax":null,"Value":25},{"Length":11,"Height":9,"Demand":1,"DemandMax":null,"Value":99},{"Length":25,"Height":6,"Demand":1,"DemandMax":null,"Value":150},{"Length":3,"Height":10,"Demand":1,"DemandMax":null,"Value":30},{"Length":11,"Height":7,"Demand":1,"DemandMax":null,"Value":77},{"Length":28,"Height":30,"Demand":1,"DemandMax":null,"Value":840},{"Length":16,"Height":11,"Demand":3,"DemandMax":null,"Value":176},{"Length":30,"Height":10,"Demand":1,"DemandMax":null,"Value":300},{"Length":6,"Height":16,"Demand":1,"DemandMax":null,"Value":96},{"Length":31,"Height":8,"Demand":1,"DemandMax":null,"Value":248},{"Length":7,"Height":4,"Demand":2,"DemandMax":null,"Value":28},{"Length":6,"Height":13,"Demand":1,"DemandMax":null,"Value":78},{"Length":15,"Height":47,"Demand":1,"DemandMax":null,"Value":705},{"Length":11,"Height":18,"Demand":1,"DemandMax":null,"Value":198},{"Length":9,"Height":3,"Demand":1,"DemandMax":null,"Value":27},{"Length":2,"Height":10,"Demand":1,"DemandMax":null,"Value":20},{"Length":5,"Height":21,"Demand":1,"DemandMax":null,"Value":105},{"Length":2,"Height":9,"Demand":4,"DemandMax":null,"Value":18},{"Length":12,"Height":7,"Demand":1,"DemandMax":null,"Value":84},{"Length":53,"Height":17,"Demand":1,"DemandMax":null,"Value":901},{"Length":6,"Height":38,"Demand":1,"DemandMax":null,"Value":228},{"Length":24,"Height":6,"Demand":1,"DemandMax":null,"Value":144},{"Length":32,"Height":13,"Demand":1,"DemandMax":null,"Value":416},{"Length":8,"Height":12,"Demand":1,"DemandMax":null,"Value":96},{"Length":8,"Height":17,"Demand":1,"DemandMax":null,"Value":136},{"Length":22,"Height":22,"Demand":1,"DemandMax":null,"Value":484},{"Length":9,"Height":20,"Demand":1,"DemandMax":null,"Value":180},{"Length":14,"Height":18,"Demand":1,"DemandMax":null,"Value":252},{"Length":64,"Height":23,"Demand":1,"DemandMax":null,"Value":1472},{"Length":14,"Height":37,"Demand":1,"DemandMax":null,"Value":518},{"Length":8,"Height":10,"Demand":1,"DemandMax":null,"Value":80},{"Length":4,"Height":10,"Demand":1,"DemandMax":null,"Value":40},{"Length":18,"Height":102,"Demand":1,"DemandMax":null,"Value":1836},{"Length":5,"Height":6,"Demand":2,"DemandMax":null,"Value":30},{"Length":13,"Height":8,"Demand":1,"DemandMax":null,"Value":104},{"Length":2,"Height":11,"Demand":3,"DemandMax":null,"Value":22},{"Length":4,"Height":5,"Demand":1,"DemandMax":null,"Value":20},{"Length":3,"Height":7,"Demand":1,"DemandMax":null,"Value":21},{"Length":5,"Height":2,"Demand":3,"DemandMax":null,"Value":10},{"Length":9,"Height":2,"Demand":1,"DemandMax":null,"Value":18},{"Length":12,"Height":2,"Demand":1,"DemandMax":null,"Value":24},{"Length":27,"Height":5,"Demand":1,"DemandMax":null,"Value":135},{"Length":26,"Height":10,"Demand":1,"DemandMax":null,"Value":260},{"Length":15,"Height":6,"Demand":1,"DemandMax":null,"Value":90},{"Length":6,"Height":5,"Demand":1,"DemandMax":null,"Value":30},{"Length":1,"Height":6,"Demand":1,"DemandMax":null,"Value":6},{"Length":1,"Height":2,"Demand":1,"DemandMax":null,"Value":2},{"Length":3,"Height":20,"Demand":1,"DemandMax":null,"Value":60},{"Length":27,"Height":27,"Demand":1,"DemandMax":null,"Value":729},{"Length":3,"Height":4,"Demand":1,"DemandMax":null,"Value":12},{"Length":1,"Height":1,"Demand":1,"DemandMax":null,"Value":1},{"Length":5,"Height":4,"Demand":1,"DemandMax":null,"Value":20},{"Length":16,"Height":3,"Demand":1,"DemandMax":null,"Value":48},{"Length":73,"Height":15,"Demand":1,"DemandMax":null,"Value":1095},{"Length":11,"Height":27,"Demand":1,"DemandMax":null,"Value":297},{"Length":4,"Height":15,"Demand":1,"DemandMax":null,"Value":60},{"Length":7,"Height":24,"Demand":1,"DemandMax":null,"Value":168},{"Length":6,"Height":15,"Demand":1,"DemandMax":null,"Value":90},{"Length":6,"Height":10,"Demand":1,"DemandMax":null,"Value":60},{"Length":10,"Height":9,"Demand":1,"DemandMax":null,"Value":90},{"Length":5,"Height":8,"Demand":1,"DemandMax":null,"Value":40},{"Length":3,"Height":1,"Demand":2,"DemandMax":null,"Value":3},{"Length":2,"Height":12,"Demand":1,"DemandMax":null,"Value":24},{"Length":13,"Height":11,"Demand":1,"DemandMax":null,"Value":143},{"Length":1,"Height":5,"Demand":2,"DemandMax":null,"Value":5},{"Length":5,"Height":16,"Demand":1,"DemandMax":null,"Value":80},{"Length":4,"Height":8,"Demand":1,"DemandMax":null,"Value":32},{"Length":10,"Height":2,"Demand":1,"DemandMax":null,"Value":20},{"Length":5,"Height":15,"Demand":1,"DemandMax":null,"Value":75},{"Length":17,"Height":7,"Demand":1,"DemandMax":null,"Value":119},{"Length":12,"Height":16,"Demand":2,"DemandMax":null,"Value":192},{"Length":43,"Height":7,"Demand":3,"DemandMax":null,"Value":301},{"Length":18,"Height":12,"Demand":1,"DemandMax":null,"Value":216},{"Length":7,"Height":11,"Demand":1,"DemandMax":null,"Value":77},{"Length":6,"Height":1,"Demand":1,"DemandMax":null,"Value":6},{"Length":3,"Height":5,"Demand":1,"DemandMax":null,"Value":15},{"Length":2,"Height":8,"Demand":1,"DemandMax":null,"Value":16},{"Length":4,"Height":4,"Demand":1,"DemandMax":null,"Value":16},{"Length":17,"Height":8,"Demand":1,"DemandMax":null,"Value":136},{"Length":17,"Height":4,"Demand":1,"DemandMax":null,"Value":68},{"Length":3,"Height":11,"Demand":1,"DemandMax":null,"Value":33},{"Length":6,"Height":41,"Demand":1,"DemandMax":null,"Value":246},{"Length":18,"Height":58,"Demand":1,"DemandMax":null,"Value":1044},{"Length":31,"Height":9,"Demand":1,"DemandMax":null,"Value":279},{"Length":9,"Height":4,"Demand":1,"DemandMax":null,"Value":36},{"Length":9,"Height":7,"Demand":1,"DemandMax":null,"Value":63},{"Length":8,"Height":2,"Demand":1,"DemandMax":null,"Value":16},{"Length":4,"Height":18,"Demand":2,"DemandMax":null,"Value":72},{"Length":24,"Height":7,"Demand":1,"DemandMax":null,"Value":168},{"Length":13,"Height":2,"Demand":1,"DemandMax":null,"Value":26},{"Length":6,"Height":4,"Demand":1,"DemandMax":null,"Value":24},{"Length":20,"Height":16,"Demand":1,"DemandMax":null,"Value":320},{"Length":7,"Height":17,"Demand":1,"DemandMax":null,"Value":119},{"Length":8,"Height":14,"Demand":1,"DemandMax":null,"Value":112},{"Length":3,"Height":6,"Demand":1,"DemandMax":null,"Value":18},{"Length":2,"Height":2,"Demand":1,"DemandMax":null,"Value":4},{"Length":11,"Height":12,"Demand":1,"DemandMax":null,"Value":132},{"Length":12,"Height":11,"Demand":1,"DemandMax":null,"Value":132},{"Length":26,"Height":4,"Demand":1,"DemandMax":null,"Value":104},{"Length":22,"Height":32,"Demand":1,"DemandMax":null,"Value":704},{"Length":12,"Height":43,"Demand":1,"DemandMax":null,"Value":516},{"Length":16,"Height":13,"Demand":1,"DemandMax":null,"Value":208},{"Length":34,"Height":13,"Demand":1,"DemandMax":null,"Value":442},{"Length":14,"Height":52,"Demand":1,"DemandMax":null,"Value":728},{"Length":3,"Height":13,"Demand":1,"DemandMax":null,"Value":39},{"Length":4,"Height":6,"Demand":2,"DemandMax":null,"Value":24},{"Length":7,"Height":5,"Demand":1,"DemandMax":null,"Value":35},{"Length":9,"Height":30,"Demand":1,"DemandMax":null,"Value":270},{"Length":7,"Height":38,"Demand":1,"DemandMax":null,"Value":266},{"Length":8,"Height":37,"Demand":1,"DemandMax":null,"Value":296},{"Length":80,"Height":16,"Demand":1,"DemandMax":null,"Value":1280},{"Length":12,"Height":33,"Demand":1,"DemandMax":null,"Value":396},{"Length":15,"Height":21,"Demand":1,"DemandMax":null,"Value":315},{"Length":57,"Height":10,"Demand":1,"DemandMax":null,"Value":570},{"Length":8,"Height":13,"Demand":1,"DemandMax":null,"Value":104},{"Length":14,"Height":25,"Demand":1,"DemandMax":null,"Value":350},{"Length":8,"Height":19,"Demand":1,"DemandMax":null,"Value":152},{"Length":47,"Height":18,"Demand":1,"DemandMax":null,"Value":846},{"Length":10,"Height":3,"Demand":1,"DemandMax":null,"Value":30},{"Length":15,"Height":7,"Demand":1,"DemandMax":null,"Value":105},{"Length":21,"Height":5,"Demand":1,"DemandMax":null,"Value":105},{"Length":18,"Height":15,"Demand":1,"DemandMax":null,"Value":270},{"Length":21,"Height":8,"Demand":1,"DemandMax":null,"Value":168},{"Length":20,"Height":9,"Demand":1,"DemandMax":null,"Value":180},{"Length":23,"Height":7,"Demand":1,"DemandMax":null,"Value":161},{"Length":36,"Height":6,"Demand":1,"DemandMax":null,"Value":216}]}