{"Name":"t6c","Objects":[{"Length":200,"Height":200,"Stock":null,"Cost":40000}],"Items":[{"Length":18,"Height":90,"Demand":1,"DemandMax":null,"Value":1620},{"Length":15,"Height":63,"Demand":1,"DemandMax":null,"Value":945},{"Length":23,"Height":89,"Demand":1,"DemandMax":null,"Value":2047},{"Length":108,"Height":19,"Demand":1,"DemandMax":null,"Value":2052},{"Length":17,"Height":45,"Demand":1,"DemandMax":null,"Value":765},{"Length":19,"Height":106,"Demand":1,"DemandMax":null,"Value":2014},{"Length":12,"Height":30,"Demand":1,"DemandMax":null,"Value":360},{"Length":22,"Height":14,"Demand":1,"DemandMax":null,"Value":308},{"Length":74,"Height":26,"Demand":1,"DemandMax":null,"Value":1924},{"Length":5,"Height":16,"Demand":1,"DemandMax":null,"Value":80},{"Length":17,"Height":41,"Demand":1,"DemandMax":null,"Value":697},{"Length":9,"Height":16,"Demand":1,"DemandMax":null,"Value":144},{"Length":82,"Height":12,"Demand":1,"DemandMax":null,"Value":984},{"Length":17,"Height":25,"Demand":1,"DemandMax":null,"Value":425},{"Length":3,"Height":4,"Demand":1,"DemandMax":null,"Value":12},{"Length":79,"Height":17,"Demand":1,"DemandMax":null,"Value":1343},{"Length":12,"Height":13,"Demand":1,"DemandMax":null,"Value":156},{"Length":7,"Height":27,"Demand":1,"DemandMax":null,"Value":189},{"Length":8,"Height":32,"Demand":1,"DemandMax":null,"Value":256},{"Length":33,"Height":5,"Demand":1,"DemandMax":null,"Value":165},{"Length":4,"Height":17,"Demand":1,"DemandMax":null,"Value":68},{"Length":20,"Height":5,"Demand":1,"DemandMax":null,"Value":100},{"Length":48,"Height":13,"Demand":1,"DemandMax":null,"Value":624},{"Length":10,"Height":20,"Demand":1,"DemandMax":null,"Value":200},{"Length":10,"Height":32,"Demand":1,"DemandMax":null,"Value":320},{"Length":25,"Height":22,"Demand":1,"DemandMax":null,"Value":550},{"Length":8,"Height":12,"Demand":1,"DemandMax":null,"Value":96},{"Length":9,"Height":12,"Demand":1,"DemandMax":null,"Value":108},{"Length":3,"Height":20,"Demand":1,"DemandMax":null,"Value":60},{"Length":8,"Height":36,"Demand":1,"DemandMax":null,"Value":288},{"Length":14,"Height":9,"Demand":1,"DemandMax":null,"Value":126},{"Length":26,"Height":7,"Demand":1,"DemandMax":null,"Value":182},{"Length":8,"Height":7,"Demand":1,"DemandMax":null,"Value":56},{"Length":9,"Height":6,"Demand":1,"DemandMax":null,"Value":54},{"Length":14,"Height":73,"Demand":1,"DemandMax":null,"Value":1022},{"Length":25,"Height":5,"Demand":1,"DemandMax":null,"Value":125},{"Length":12,"Height":10,"Demand":1,"DemandMax":null,"Value":120},{"Length":5,"Height":10,"Demand":1,"DemandMax":null,"Value":50},{"Length":4,"Height":8,"Demand":1,"DemandMax":null,"Value":32},{"Length":9,"Height":2,"Demand":1,"DemandMax":null,"Value":18},{"Length":17,"Height":11,"Demand":1,"DemandMax":null,"Value":187},{"Length":18,"Height":11,"Demand":1,"DemandMax":null,"Value":198},{"Length":35,"Height":11,"Demand":2,"DemandMax":null,"Value":385},{"Length":7,"Height":29,"Demand":1,"DemandMax":null,"Value":203},{"Length":23,"Height":9,"Demand":2,"DemandMax":null,"Value":207},{"Length":7,"Height":2,"Demand":1,"DemandMax":null,"Value":14},{"Length":49,"Height":14,"Demand":1,"DemandMax":null,"Value":686},{"Length":30,"Height":10,"Demand":1,"DemandMax":null,"Value":300},{"Length":28,"Height":40,"Demand":1,"DemandMax":null,"Value":1120},{"Length":21,"Height":48,"Demand":1,"DemandMax":null,"Value":1008},{"Length":11,"Height":44,"Demand":1,"DemandMax":null,"Value":484},{"Length":3,"Height":18,"Demand":1,"DemandMax":null,"Value":54},{"Length":13,"Height":13,"Demand":1,"DemandMax":null,"Value":169},{"Length":16,"Height":16,"Demand":1,"DemandMax":null,"Value":256},{"Length":87,"Height":30,"Demand":1,"DemandMax":null,"Value":2610},{"Length":5,"Height":26,"Demand":1,"DemandMax":null,"Value":130},{"Length":8,"Height":3,"Demand":1,"DemandMax":null,"Value":24},{"Length":24,"Height":23,"Demand":1,"DemandMax":null,"Value":552},{"Length":10,"Height":38,"Demand":1,"DemandMax":null,"Value":380},{"Length":22,"Height":6,"Demand":1,"DemandMax":null,"Value":132},{"Length":67,"Height":16,"Demand":1,"DemandMax":null,"Value":1072},{"Length":32,"Height":24,"Demand":1,"DemandMax":null,"Value":768},{"Length":1,"Height":4,"Demand":1,"DemandMax":null,"Value":4},{"Length":10,"Height":12,"Demand":2,"DemandMax":null,"Value":120},{"Length":6,"Height":11,"Demand":1,"DemandMax":null,"Value":66},{"Length":16,"Height":3,"Demand":1,"DemandMax":null,"Value":48},{"Length":22,"Height":8,"Demand":1,"DemandMax":null,"Value":176},{"Length":39,"Height":8,"Demand":1,"DemandMax":null,"Value":312},{"Length":8,"Height":20,"Demand":1,"DemandMax":null,"Value":160},{"Length":4,"Height":26,"Demand":1,"DemandMax":null,"Value":104},{"Length":55,"Height":8,"Demand":1,"DemandMax":null,"Value":440},{"Length":63,"Height":18,"Demand":1,"DemandMax":null,"Value":1134},{"Length":18,"Height":5,"Demand":1,"DemandMax":null,"Value":90},{"Length":20,"Height":4,"Demand":1,"DemandMax":null,"Value":80},{"Length":4,"Height":1,"Demand":1,"DemandMax":null,"Value":4},{"Length":6,"Height":13,"Demand":1,"DemandMax":null,"Value":78},{"Length":22,"Height":22,"Demand":1,"DemandMax":null,"Value":484},{"Length":49,"Height":15,"Demand":1,"DemandMax":null,"Value":735},{"Length":3,"Height":13,"Demand":1,"DemandMax":null,"Value":39},{"Length":1,"Height":1,"Demand":1,"DemandMax":null,"Value":1},{"Length":9,"Height":11,"Demand":1,"DemandMax":null,"Value":99},{"Length":7,"Height":10,"Demand":1,"DemandMax":null,"Value":70},{"Length":35,"Height":20,"Demand":1,"DemandMax":null,"Value":700},{"Length":28,"Height":9,"Demand":1,"DemandMax":null,"Value":252},{"Length":31,"Height":11,"Demand":1,"DemandMax":null,"Value":341},{"Length":4,"Height":2,"Demand":1,"DemandMax":null,"Value":8},{"Length":7,"Height":19,"Demand":1,"DemandMax":null,"Value":133},{"Length":1,"Height":6,"Demand":1,"DemandMax":null,"Value":6},{"Length":7,"Height":9,"Demand":1,"DemandMax":null,"Value":63},{"Length":47,"Height":16,"Demand":1,"DemandMax":null,"Value":752},{"Length":2,"Height":7,"Demand":1,"DemandMax":null,"Value":14},{"Length":5,"Height":13,"Demand":1,"DemandMax":null,"Value":65},{"Length":66,"Height":11,"Demand":1,"DemandMax":null,"Value":726},{"Length":40,"Height":9,"Demand":1,"DemandMax":null,"Value":360}]}