{"Name":"t2a","Objects":[{"Length":200,"Height":200,"Stock":null,"Cost":40000}],"Items":[{"Length":114,"Height":36,"Demand":1,"DemandMax":null,"Value":4104},{"Length":22,"Height":75,"Demand":1,"DemandMax":null,"Value":1650},{"Length":64,"Height":150,"Demand":1,"DemandMax":null,"Value":9600},{"Length":13,"Height":55,"Demand":1,"DemandMax":null,"Value":715},{"Length":81,"Height":31,"Demand":1,"DemandMax":null,"Value":2511},{"Length":16,"Height":3,"Demand":1,"DemandMax":null,"Value":48},{"Length":4,"Height":24,"Demand":1,"DemandMax":null,"Value":96},{"Length":12,"Height":36,"Demand":1,"DemandMax":null,"Value":432},{"Length":4,"Height":21,"Demand":1,"DemandMax":null,"Value":84},{"Length":8,"Height":15,"Demand":1,"DemandMax":null,"Value":120},{"Length":44,"Height":24,"Demand":1,"DemandMax":null,"Value":1056},{"Length":37,"Height":46,"Demand":1,"DemandMax":null,"Value":1702},{"Length":21,"Height":31,"Demand":1,"DemandMax":null,"Value":651},{"Length":21,"Height":6,"Demand":1,"DemandMax":null,"Value":126},{"Length":5,"Height":25,"Demand":1,"DemandMax":null,"Value":125},{"Length":16,"Height":32,"Demand":1,"DemandMax":null,"Value":512},{"Length":57,"Height":22,"Demand":1,"DemandMax":null,"Value":1254},{"Length":26,"Height":7,"Demand":1,"DemandMax":null,"Value":182},{"Length":56,"Height":87,"Demand":1,"DemandMax":null,"Value":4872},{"Length":80,"Height":37,"Demand":1,"DemandMax":null,"Value":2960},{"Length":27,"Height":34,"Demand":1,"DemandMax":null,"Value":918},{"Length":117,"Height":17,"Demand":1,"DemandMax":null,"Value":1989},{"Length":55,"Height":17,"Demand":1,"DemandMax":null,"Value":935},{"Length":62,"Height":33,"Demand":1,"DemandMax":null,"Value":2046},{"Length":82,"Height":16,"Demand":1,"DemandMax":null,"Value":1312}]}