{"Name":"t6d","Objects":[{"Length":200,"Height":200,"Stock":null,"Cost":40000}],"Items":[{"Length":13,"Height":9,"Demand":1,"DemandMax":null,"Value":117},{"Length":22,"Height":7,"Demand":1,"DemandMax":null,"Value":154},{"Length":22,"Height":64,"Demand":1,"DemandMax":null,"Value":1408},{"Length":11,"Height":12,"Demand":2,"DemandMax":null,"Value":132},{"Length":35,"Height":11,"Demand":1,"DemandMax":null,"Value":385},{"Length":36,"Height":14,"Demand":1,"DemandMax":null,"Value":504},{"Length":21,"Height":55,"Demand":1,"DemandMax":null,"Value":1155},{"Length":18,"Height":116,"Demand":1,"DemandMax":null,"Value":2088},{"Length":22,"Height":56,"Demand":1,"DemandMax":null,"Value":1232},{"Length":10,"Height":2,"Demand":1,"DemandMax":null,"Value":20},{"Length":12,"Height":27,"Demand":1,"DemandMax":null,"Value":324},{"Length":23,"Height":25,"Demand":1,"DemandMax":null,"Value":575},{"Length":5,"Height":1,"Demand":1,"DemandMax":null,"Value":5},{"Length":30,"Height":42,"Demand":1,"DemandMax":null,"Value":1260},{"Length":16,"Height":41,"Demand":1,"DemandMax":null,"Value":656},{"Length":16,"Height":68,"Demand":1,"DemandMax":null,"Value":1088},{"Length":7,"Height":20,"Demand":1,"DemandMax":null,"Value":140},{"Length":13,"Height":6,"Demand":1,"DemandMax":null,"Value":78},{"Length":4,"Height":14,"Demand":1,"DemandMax":null,"Value":56},{"Length":9,"Height":35,"Demand":1,"DemandMax":null,"Value":315},{"Length":27,"Height":94,"Demand":1,"DemandMax":null,"Value":2538},{"Length":8,"Height":46,"Demand":1,"DemandMax":null,"Value":368},{"Length":11,"Height":21,"Demand":1,"DemandMax":null,"Value":231},{"Length":7,"Height":11,"Demand":2,"DemandMax":null,"Value":77},{"Length":31,"Height":20,"Demand":1,"DemandMax":null,"Value":620},{"Length":8,"Height":2,"Demand":1,"DemandMax":null,"Value":16},{"Length":4,"Height":18,"Demand":1,"DemandMax":null,"Value":72},{"Length":4,"Height":25,"Demand":2,"DemandMax":null,"Value":100},{"Length":41,"Height":27,"Demand":1,"DemandMax":null,"Value":1107},{"Length":10,"Height":60,"Demand":1,"DemandMax":null,"Value":600},{"Length":12,"Height":75,"Demand":1,"DemandMax":null,"Value":900},{"Length":29,"Height":16,"Demand":1,"DemandMax":null,"Value":464},{"Length":35,"Height":7,"Demand":1,"DemandMax":null,"Value":245},{"Length":12,"Height":7,"Demand":1,"DemandMax":null,"Value":84},{"Length":4,"Height":24,"Demand":1,"DemandMax":null,"Value":96},{"Length":47,"Height":12,"Demand":1,"DemandMax":null,"Value":564},{"Length":6,"Height":20,"Demand":1,"DemandMax":null,"Value":120},{"Length":34,"Height":102,"Demand":1,"DemandMax":null,"Value":3468},{"Length":23,"Height":49,"Demand":1,"DemandMax":null,"Value":1127},{"Length":8,"Height":11,"Demand":1,"DemandMax":null,"Value":88},{"Length":4,"Height":4,"Demand":1,"DemandMax":null,"Value":16},{"Length":11,"Height":7,"Demand":1,"DemandMax":null,"Value":77},{"Length":14,"Height":10,"Demand":1,"DemandMax":null,"Value":140},{"Length":6,"Height":5,"Demand":1,"DemandMax":null,"Value":30},{"Length":27,"Height":8,"Demand":1,"DemandMax":null,"Value":216},{"Length":4,"Height":5,"Demand":1,"DemandMax":null,"Value":20},{"Length":2,"Height":10,"Demand":2,"DemandMax":null,"Value":20},{"Length":5,"Height":21,"Demand":1,"DemandMax":null,"Value":105},{"Length":14,"Height":6,"Demand":1,"DemandMax":null,"Value":84},{"Length":33,"Height":7,"Demand":1,"DemandMax":null,"Value":231},{"Length":18,"Height":5,"Demand":1,"DemandMax":null,"Value":90},{"Length":18,"Height":15,"Demand":1,"DemandMax":null,"Value":270},{"Length":5,"Height":9,"Demand":1,"DemandMax":null,"Value":45},{"Length":28,"Height":5,"Demand":1,"DemandMax":null,"Value":140},{"Length":20,"Height":21,"Demand":1,"DemandMax":null,"Value":420},{"Length":13,"Height":4,"Demand":1,"DemandMax":null,"Value":52},{"Length":15,"Height":7,"Demand":1,"DemandMax":null,"Value":105},{"Length":18,"Height":3,"Demand":1,"DemandMax":null,"Value":54},{"Length":28,"Height":15,"Demand":1,"DemandMax":null,"Value":420},{"Length":56,"Height":9,"Demand":1,"DemandMax":null,"Value":504},{"Length":14,"Height":4,"Demand":1,"DemandMax":null,"Value":56},{"Length":56,"Height":19,"Demand":1,"DemandMax":null,"Value":1064},{"Length":16,"Height":14,"Demand":1,"DemandMax":null,"Value":224},{"Length":13,"Height":56,"Demand":1,"DemandMax":null,"Value":728},{"Length":13,"Height":34,"Demand":1,"DemandMax":null,"Value":442},{"Length":50,"Height":24,"Demand":1,"DemandMax":null,"Value":1200},{"Length":7,"Height":33,"Demand":1,"DemandMax":null,"Value":231},{"Length":7,"Height":21,"Demand":1,"DemandMax":null,"Value":147},{"Length":7,"Height":2,"Demand":1,"DemandMax":null,"Value":14},{"Length":2,"Height":4,"Demand":1,"DemandMax":null,"Value":8},{"Length":7,"Height":22,"Demand":1,"DemandMax":null,"Value":154},{"Length":5,"Height":3,"Demand":1,"DemandMax":null,"Value":15},{"Length":2,"Height":2,"Demand":1,"DemandMax":null,"Value":4},{"Length":4,"Height":1,"Demand":1,"DemandMax":null,"Value":4},{"Length":65,"Height":17,"Demand":1,"DemandMax":null,"Value":1105},{"Length":13,"Height":10,"Demand":1,"DemandMax":null,"Value":130},{"Length":37,"Height":29,"Demand":1,"DemandMax":null,"Value":1073},{"Length":6,"Height":1,"Demand":1,"DemandMax":null,"Value":6},{"Length":55,"Height":15,"Demand":1,"DemandMax":null,"Value":825},{"Length":8,"Height":5,"Demand":1,"DemandMax":null,"Value":40},{"Length":3,"Height":15,"Demand":1,"DemandMax":null,"Value":45},{"Length":24,"Height":35,"Demand":1,"DemandMax":null,"Value":840},{"Length":14,"Height":11,"Demand":1,"DemandMax":null,"Value":154},{"Length":12,"Height":8,"Demand":1,"DemandMax":null,"Value":96},{"Length":6,"Height":22,"Demand":1,"DemandMax":null,"Value":132},{"Length":8,"Height":3,"Demand":1,"DemandMax":null,"Value":24},{"Length":4,"Height":11,"Demand":1,"DemandMax":null,"Value":44},{"Length":22,"Height":8,"Demand":1,"DemandMax":null,"Value":176},{"Length":19,"Height":21,"Demand":1,"DemandMax":null,"Value":399},{"Length":36,"Height":12,"Demand":1,"DemandMax":null,"Value":432},{"Length":5,"Height":12,"Demand":1,"DemandMax":null,"Value":60},{"Length":110,"Height":16,"Demand":1,"DemandMax":null,"Value":1760},{"Length":47,"Height":9,"Demand":1,"DemandMax":null,"Value":423}]}