{"Name":"n5d","Objects":[{"Length":200,"Height":200,"Stock":null,"Cost":40000}],"Items":[{"Length":18,"Height":43,"Demand":1,"DemandMax":null,"Value":774},{"Length":55,"Height":12,"Demand":1,"DemandMax":null,"Value":660},{"Length":16,"Height":41,"Demand":1,"DemandMax":null,"Value":656},{"Length":11,"Height":23,"Demand":2,"DemandMax":null,"Value":253},{"Length":29,"Height":20,"Demand":1,"DemandMax":null,"Value":580},{"Length":15,"Height":81,"Demand":1,"DemandMax":null,"Value":1215},{"Length":30,"Height":27,"Demand":1,"DemandMax":null,"Value":810},{"Length":17,"Height":23,"Demand":1,"DemandMax":null,"Value":391},{"Length":9,"Height":26,"Demand":1,"DemandMax":null,"Value":234},{"Length":15,"Height":31,"Demand":1,"DemandMax":null,"Value":465},{"Length":40,"Height":73,"Demand":1,"DemandMax":null,"Value":2920},{"Length":1,"Height":3,"Demand":1,"DemandMax":null,"Value":3},{"Length":28,"Height":14,"Demand":1,"DemandMax":null,"Value":392},{"Length":12,"Height":11,"Demand":1,"DemandMax":null,"Value":132},{"Length":15,"Height":7,"Demand":1,"DemandMax":null,"Value":105},{"Length":2,"Height":3,"Demand":1,"DemandMax":null,"Value":6},{"Length":11,"Height":4,"Demand":1,"DemandMax":null,"Value":44},{"Length":18,"Height":22,"Demand":2,"DemandMax":null,"Value":396},{"Length":12,"Height":3,"Demand":1,"DemandMax":null,"Value":36},{"Length":38,"Height":19,"Demand":1,"DemandMax":null,"Value":722},{"Length":36,"Height":7,"Demand":1,"DemandMax":null,"Value":252},{"Length":4,"Height":21,"Demand":1,"DemandMax":null,"Value":84},{"Length":52,"Height":14,"Demand":1,"DemandMax":null,"Value":728},{"Length":6,"Height":10,"Demand":1,"DemandMax":null,"Value":60},{"Length":7,"Height":11,"Demand":1,"DemandMax":null,"Value":77},{"Length":20,"Height":8,"Demand":1,"DemandMax":null,"Value":160},{"Length":32,"Height":32,"Demand":1,"DemandMax":null,"Value":1024},{"Length":24,"Height":76,"Demand":1,"DemandMax":null,"Value":1824},{"Length":12,"Height":15,"Demand":1,"DemandMax":null,"Value":180},{"Length":8,"Height":34,"Demand":1,"DemandMax":null,"Value":272},{"Length":2,"Height":13,"Demand":1,"DemandMax":null,"Value":26},{"Length":4,"Height":1,"Demand":1,"DemandMax":null,"Value":4},{"Length":11,"Height":12,"Demand":1,"DemandMax":null,"Value":132},{"Length":9,"Height":30,"Demand":1,"DemandMax":null,"Value":270},{"Length":13,"Height":39,"Demand":1,"DemandMax":null,"Value":507},{"Length":34,"Height":9,"Demand":1,"DemandMax":null,"Value":306},{"Length":20,"Height":30,"Demand":1,"DemandMax":null,"Value":600},{"Length":14,"Height":35,"Demand":1,"DemandMax":null,"Value":490},{"Length":25,"Height":19,"Demand":1,"DemandMax":null,"Value":475},{"Length":31,"Height":17,"Demand":1,"DemandMax":null,"Value":527},{"Length":16,"Height":30,"Demand":1,"DemandMax":null,"Value":480},{"Length":82,"Height":14,"Demand":1,"DemandMax":null,"Value":1148},{"Length":33,"Height":5,"Demand":1,"DemandMax":null,"Value":165},{"Length":4,"Height":27,"Demand":1,"DemandMax":null,"Value":108},{"Length":27,"Height":13,"Demand":1,"DemandMax":null,"Value":351},{"Length":97,"Height":16,"Demand":1,"DemandMax":null,"Value":1552},{"Length":20,"Height":56,"Demand":1,"DemandMax":null,"Value":1120},{"Length":12,"Height":26,"Demand":1,"DemandMax":null,"Value":312},{"Length":43,"Height":14,"Demand":1,"DemandMax":null,"Value":602},{"Length":64,"Height":17,"Demand":1,"DemandMax":null,"Value":1088},{"Length":25,"Height":74,"Demand":1,"DemandMax":null,"Value":1850},{"Length":8,"Height":40,"Demand":1,"DemandMax":null,"Value":320},{"Length":24,"Height":10,"Demand":1,"DemandMax":null,"Value":240},{"Length":7,"Height":45,"Demand":1,"DemandMax":null,"Value":315},{"Length":52,"Height":17,"Demand":1,"DemandMax":null,"Value":884},{"Length":47,"Height":68,"Demand":1,"DemandMax":null,"Value":3196},{"Length":17,"Height":57,"Demand":1,"DemandMax":null,"Value":969},{"Length":11,"Height":53,"Demand":1,"DemandMax":null,"Value":583},{"Length":13,"Height":35,"Demand":1,"DemandMax":null,"Value":455},{"Length":25,"Height":4,"Demand":1,"DemandMax":null,"Value":100},{"Length":7,"Height":31,"Demand":1,"DemandMax":null,"Value":217},{"Length":20,"Height":58,"Demand":1,"DemandMax":null,"Value":1160},{"Length":9,"Height":42,"Demand":1,"DemandMax":null,"Value":378},{"Length":16,"Height":27,"Demand":1,"DemandMax":null,"Value":432},{"Length":17,"Height":11,"Demand":1,"DemandMax":null,"Value":187},{"Length":10,"Height":34,"Demand":1,"DemandMax":null,"Value":340},{"Length":7,"Height":12,"Demand":1,"DemandMax":null,"Value":84},{"Length":20,"Height":18,"Demand":1,"DemandMax":null,"Value":360},{"Length":23,"Height":15,"Demand":1,"DemandMax":null,"Value":345},{"Length":63,"Height":12,"Demand":1,"DemandMax":null,"Value":756},{"Length":42,"Height":11,"Demand":1,"DemandMax":null,"Value":462}]}