{"Name":"n2e","Objects":[{"Length":200,"Height":200,"Stock":null,"Cost":40000}],"Items":[{"Length":14,"Height":50,"Demand":1,"DemandMax":null,"Value":700},{"Length":67,"Height":13,"Demand":1,"DemandMax":null,"Value":871},{"Length":51,"Height":57,"Demand":1,"DemandMax":null,"Value":2907},{"Length":68,"Height":44,"Demand":1,"DemandMax":null,"Value":2992},{"Length":38,"Height":37,"Demand":1,"DemandMax":null,"Value":1406},{"Length":29,"Height":96,"Demand":1,"DemandMax":null,"Value":2784},{"Length":22,"Height":13,"Demand":1,"DemandMax":null,"Value":286},{"Length":46,"Height":75,"Demand":1,"DemandMax":null,"Value":3450},{"Length":52,"Height":59,"Demand":1,"DemandMax":null,"Value":3068},{"Length":33,"Height":40,"Demand":1,"DemandMax":null,"Value":1320},{"Length":40,"Height":22,"Demand":1,"DemandMax":null,"Value":880},{"Length":21,"Height":18,"Demand":1,"DemandMax":null,"Value":378},{"Length":19,"Height":40,"Demand":1,"DemandMax":null,"Value":760},{"Length":54,"Height":22,"Demand":1,"DemandMax":null,"Value":1188},{"Length":47,"Height":24,"Demand":1,"DemandMax":null,"Value":1128},{"Length":21,"Height":67,"Demand":1,"DemandMax":null,"Value":1407},{"Length":13,"Height":10,"Demand":1,"DemandMax":null,"Value":130},{"Length":97,"Height":36,"Demand":1,"DemandMax":null,"Value":3492},{"Length":35,"Height":67,"Demand":1,"DemandMax":null,"Value":2345},{"Length":17,"Height":67,"Demand":1,"DemandMax":null,"Value":1139},{"Length":30,"Height":43,"Demand":1,"DemandMax":null,"Value":1290},{"Length":81,"Height":45,"Demand":1,"DemandMax":null,"Value":3645},{"Length":16,"Height":31,"Demand":1,"DemandMax":null,"Value":496},{"Length":51,"Height":24,"Demand":1,"DemandMax":null,"Value":1224},{"Length":51,"Height":14,"Demand":1,"DemandMax":null,"Value":714}]}