{"Name":"t3c","Objects":[{"Length":200,"Height":200,"Stock":null,"Cost":40000}],"Items":[{"Length":112,"Height":22,"Demand":1,"DemandMax":null,"Value":2464},{"Length":18,"Height":47,"Demand":1,"DemandMax":null,"Value":846},{"Length":61,"Height":25,"Demand":1,"DemandMax":null,"Value":1525},{"Length":9,"Height":38,"Demand":1,"DemandMax":null,"Value":342},{"Length":41,"Height":8,"Demand":1,"DemandMax":null,"Value":328},{"Length":50,"Height":12,"Demand":1,"DemandMax":null,"Value":600},{"Length":21,"Height":25,"Demand":1,"DemandMax":null,"Value":525},{"Length":26,"Height":57,"Demand":1,"DemandMax":null,"Value":1482},{"Length":35,"Height":13,"Demand":1,"DemandMax":null,"Value":455},{"Length":35,"Height":33,"Demand":1,"DemandMax":null,"Value":1155},{"Length":6,"Height":4,"Demand":1,"DemandMax":null,"Value":24},{"Length":56,"Height":29,"Demand":1,"DemandMax":null,"Value":1624},{"Length":44,"Height":44,"Demand":1,"DemandMax":null,"Value":1936},{"Length":39,"Height":16,"Demand":1,"DemandMax":null,"Value":624},{"Length":24,"Height":94,"Demand":1,"DemandMax":null,"Value":2256},{"Length":42,"Height":60,"Demand":1,"DemandMax":null,"Value":2520},{"Length":64,"Height":19,"Demand":1,"DemandMax":null,"Value":1216},{"Length":86,"Height":60,"Demand":1,"DemandMax":null,"Value":5160},{"Length":17,"Height":11,"Demand":1,"DemandMax":null,"Value":187},{"Length":31,"Height":5,"Demand":1,"DemandMax":null,"Value":155},{"Length":21,"Height":6,"Demand":1,"DemandMax":null,"Value":126},{"Length":10,"Height":41,"Demand":1,"DemandMax":null,"Value":410},{"Length":38,"Height":35,"Demand":1,"DemandMax":null,"Value":1330},{"Length":14,"Height":34,"Demand":1,"DemandMax":null,"Value":476},{"Length":28,"Height":77,"Demand":1,"DemandMax":null,"Value":2156},{"Length":25,"Height":14,"Demand":1,"DemandMax":null,"Value":350},{"Length":23,"Height":72,"Demand":1,"DemandMax":null,"Value":1656},{"Length":111,"Height":58,"Demand":1,"DemandMax":null,"Value":6438},{"Length":38,"Height":43,"Demand":1,"DemandMax":null,"Value":1634}]}