{"Name":"n5c","Objects":[{"Length":200,"Height":200,"Stock":null,"Cost":40000}],"Items":[{"Length":54,"Height":12,"Demand":1,"DemandMax":null,"Value":648},{"Length":39,"Height":23,"Demand":1,"DemandMax":null,"Value":897},{"Length":17,"Height":58,"Demand":1,"DemandMax":null,"Value":986},{"Length":90,"Height":30,"Demand":1,"DemandMax":null,"Value":2700},{"Length":12,"Height":32,"Demand":1,"DemandMax":null,"Value":384},{"Length":42,"Height":11,"Demand":2,"DemandMax":null,"Value":462},{"Length":81,"Height":21,"Demand":1,"DemandMax":null,"Value":1701},{"Length":58,"Height":20,"Demand":1,"DemandMax":null,"Value":1160},{"Length":4,"Height":23,"Demand":1,"DemandMax":null,"Value":92},{"Length":25,"Height":9,"Demand":1,"DemandMax":null,"Value":225},{"Length":3,"Height":13,"Demand":1,"DemandMax":null,"Value":39},{"Length":14,"Height":35,"Demand":1,"DemandMax":null,"Value":490},{"Length":11,"Height":4,"Demand":1,"DemandMax":null,"Value":44},{"Length":9,"Height":15,"Demand":1,"DemandMax":null,"Value":135},{"Length":5,"Height":23,"Demand":1,"DemandMax":null,"Value":115},{"Length":15,"Height":21,"Demand":1,"DemandMax":null,"Value":315},{"Length":18,"Height":10,"Demand":1,"DemandMax":null,"Value":180},{"Length":13,"Height":88,"Demand":1,"DemandMax":null,"Value":1144},{"Length":5,"Height":19,"Demand":1,"DemandMax":null,"Value":95},{"Length":42,"Height":10,"Demand":1,"DemandMax":null,"Value":420},{"Length":49,"Height":8,"Demand":1,"DemandMax":null,"Value":392},{"Length":9,"Height":3,"Demand":2,"DemandMax":null,"Value":27},{"Length":13,"Height":5,"Demand":1,"DemandMax":null,"Value":65},{"Length":4,"Height":11,"Demand":1,"DemandMax":null,"Value":44},{"Length":14,"Height":60,"Demand":1,"DemandMax":null,"Value":840},{"Length":37,"Height":9,"Demand":1,"DemandMax":null,"Value":333},{"Length":5,"Height":20,"Demand":1,"DemandMax":null,"Value":100},{"Length":79,"Height":16,"Demand":1,"DemandMax":null,"Value":1264},{"Length":5,"Height":16,"Demand":1,"DemandMax":null,"Value":80},{"Length":4,"Height":8,"Demand":1,"DemandMax":null,"Value":32},{"Length":19,"Height":49,"Demand":1,"DemandMax":null,"Value":931},{"Length":9,"Height":8,"Demand":1,"DemandMax":null,"Value":72},{"Length":33,"Height":22,"Demand":1,"DemandMax":null,"Value":726},{"Length":34,"Height":6,"Demand":1,"DemandMax":null,"Value":204},{"Length":27,"Height":12,"Demand":1,"DemandMax":null,"Value":324},{"Length":7,"Height":23,"Demand":1,"DemandMax":null,"Value":161},{"Length":4,"Height":21,"Demand":1,"DemandMax":null,"Value":84},{"Length":26,"Height":7,"Demand":1,"DemandMax":null,"Value":182},{"Length":23,"Height":4,"Demand":1,"DemandMax":null,"Value":92},{"Length":14,"Height":59,"Demand":1,"DemandMax":null,"Value":826},{"Length":18,"Height":16,"Demand":1,"DemandMax":null,"Value":288},{"Length":16,"Height":24,"Demand":1,"DemandMax":null,"Value":384},{"Length":27,"Height":49,"Demand":1,"DemandMax":null,"Value":1323},{"Length":8,"Height":47,"Demand":1,"DemandMax":null,"Value":376},{"Length":8,"Height":23,"Demand":1,"DemandMax":null,"Value":184},{"Length":19,"Height":14,"Demand":1,"DemandMax":null,"Value":266},{"Length":3,"Height":2,"Demand":1,"DemandMax":null,"Value":6},{"Length":1,"Height":5,"Demand":1,"DemandMax":null,"Value":5},{"Length":51,"Height":8,"Demand":1,"DemandMax":null,"Value":408},{"Length":10,"Height":3,"Demand":1,"DemandMax":null,"Value":30},{"Length":30,"Height":9,"Demand":2,"DemandMax":null,"Value":270},{"Length":28,"Height":96,"Demand":1,"DemandMax":null,"Value":2688},{"Length":9,"Height":31,"Demand":1,"DemandMax":null,"Value":279},{"Length":30,"Height":19,"Demand":1,"DemandMax":null,"Value":570},{"Length":18,"Height":55,"Demand":1,"DemandMax":null,"Value":990},{"Length":20,"Height":28,"Demand":1,"DemandMax":null,"Value":560},{"Length":23,"Height":86,"Demand":1,"DemandMax":null,"Value":1978},{"Length":10,"Height":18,"Demand":1,"DemandMax":null,"Value":180},{"Length":9,"Height":12,"Demand":1,"DemandMax":null,"Value":108},{"Length":21,"Height":41,"Demand":1,"DemandMax":null,"Value":861},{"Length":4,"Height":2,"Demand":1,"DemandMax":null,"Value":8},{"Length":4,"Height":9,"Demand":1,"DemandMax":null,"Value":36},{"Length":31,"Height":7,"Demand":1,"DemandMax":null,"Value":217},{"Length":23,"Height":68,"Demand":1,"DemandMax":null,"Value":1564},{"Length":18,"Height":29,"Demand":1,"DemandMax":null,"Value":522},{"Length":69,"Height":27,"Demand":1,"DemandMax":null,"Value":1863},{"Length":91,"Height":14,"Demand":1,"DemandMax":null,"Value":1274},{"Length":35,"Height":23,"Demand":1,"DemandMax":null,"Value":805},{"Length":61,"Height":22,"Demand":1,"DemandMax":null,"Value":1342},{"Length":65,"Height":13,"Demand":1,"DemandMax":null,"Value":845}]}