{"Name":"n3d","Objects":[{"Length":200,"Height":200,"Stock":null,"Cost":40000}],"Items":[{"Length":58,"Height":12,"Demand":1,"DemandMax":null,"Value":696},{"Length":22,"Height":20,"Demand":1,"DemandMax":null,"Value":440},{"Length":20,"Height":101,"Demand":1,"DemandMax":null,"Value":2020},{"Length":54,"Height":14,"Demand":1,"DemandMax":null,"Value":756},{"Length":14,"Height":40,"Demand":1,"DemandMax":null,"Value":560},{"Length":32,"Height":63,"Demand":1,"DemandMax":null,"Value":2016},{"Length":30,"Height":22,"Demand":1,"DemandMax":null,"Value":660},{"Length":28,"Height":8,"Demand":1,"DemandMax":null,"Value":224},{"Length":33,"Height":54,"Demand":1,"DemandMax":null,"Value":1782},{"Length":21,"Height":26,"Demand":1,"DemandMax":null,"Value":546},{"Length":50,"Height":14,"Demand":1,"DemandMax":null,"Value":700},{"Length":20,"Height":132,"Demand":1,"DemandMax":null,"Value":2640},{"Length":16,"Height":48,"Demand":1,"DemandMax":null,"Value":768},{"Length":44,"Height":16,"Demand":1,"DemandMax":null,"Value":704},{"Length":35,"Height":28,"Demand":1,"DemandMax":null,"Value":980},{"Length":33,"Height":32,"Demand":1,"DemandMax":null,"Value":1056},{"Length":11,"Height":51,"Demand":1,"DemandMax":null,"Value":561},{"Length":19,"Height":5,"Demand":1,"DemandMax":null,"Value":95},{"Length":13,"Height":48,"Demand":1,"DemandMax":null,"Value":624},{"Length":87,"Height":43,"Demand":1,"DemandMax":null,"Value":3741},{"Length":49,"Height":19,"Demand":1,"DemandMax":null,"Value":931},{"Length":64,"Height":21,"Demand":1,"DemandMax":null,"Value":1344},{"Length":16,"Height":33,"Demand":1,"DemandMax":null,"Value":528},{"Length":65,"Height":55,"Demand":1,"DemandMax":null,"Value":3575},{"Length":35,"Height":89,"Demand":1,"DemandMax":null,"Value":3115},{"Length":17,"Height":44,"Demand":1,"DemandMax":null,"Value":748},{"Length":47,"Height":12,"Demand":1,"DemandMax":null,"Value":564},{"Length":63,"Height":32,"Demand":1,"DemandMax":null,"Value":2016},{"Length":165,"Height":34,"Demand":1,"DemandMax":null,"Value":5610}]}