{"Name":"AH213","Objects":[{"Length":1000,"Height":2329,"Stock":null,"Cost":2329000}],"Items":[{"Length":86,"Height":89,"Demand":10,"DemandMax":null,"Value":7654},{"Length":77,"Height":90,"Demand":10,"DemandMax":null,"Value":6930},{"Length":79,"Height":86,"Demand":10,"DemandMax":null,"Value":6794},{"Length":78,"Height":84,"Demand":10,"DemandMax":null,"Value":6552},{"Length":84,"Height":70,"Demand":10,"DemandMax":null,"Value":5880},{"Length":67,"Height":85,"Demand":10,"DemandMax":null,"Value":5695},{"Length":77,"Height":70,"Demand":10,"DemandMax":null,"Value":5390},{"Length":60,"Height":89,"Demand":10,"DemandMax":null,"Value":5340},{"Length":83,"Height":62,"Demand":10,"DemandMax":null,"Value":5146},{"Length":62,"Height":79,"Demand":10,"DemandMax":null,"Value":4898},{"Length":87,"Height":54,"Demand":10,"DemandMax":null,"Value":4698},{"Length":66,"Height":71,"Demand":10,"DemandMax":null,"Value":4686},{"Length":88,"Height":50,"Demand":10,"DemandMax":null,"Value":4400},{"Length":58,"Height":72,"Demand":10,"DemandMax":null,"Value":4176},{"Length":58,"Height":70,"Demand":10,"DemandMax":null,"Value":4060},{"Length":52,"Height":77,"Demand":10,"DemandMax":null,"Value":4004},{"Length":65,"Height":59,"Demand":10,"DemandMax":null,"Value":3835},{"Length":51,"Height":75,"Demand":10,"DemandMax":null,"Value":3825},{"Length":46,"Height":83,"Demand":10,"DemandMax":null,"Value":3818},{"Length":51,"Height":72,"Demand":10,"DemandMax":null,"Value":3672},{"Length":60,"Height":61,"Demand":10,"DemandMax":null,"Value":3660},{"Length":64,"Height":56,"Demand":10,"DemandMax":null,"Value":3584},{"Length":73,"Height":49,"Demand":10,"DemandMax":null,"Value":3577},{"Length":64,"Height":55,"Demand":10,"DemandMax":null,"Value":3520},{"Length":63,"Height":55,"Demand":10,"DemandMax":null,"Value":3465},{"Length":86,"Height":40,"Demand":10,"DemandMax":null,"Value":3440},{"Length":43,"Height":76,"Demand":10,"DemandMax":null,"Value":3268},{"Length":74,"Height":43,"Demand":10,"DemandMax":null,"Value":3182},{"Length":49,"Height":64,"Demand":10,"DemandMax":null,"Value":3136},{"Length":59,"Height":52,"Demand":10,"DemandMax":null,"Value":3068},{"Length":68,"Height":45,"Demand":10,"DemandMax":null,"Value":3060},{"Length":43,"Height":67,"Demand":10,"DemandMax":null,"Value":2881},{"Length":35,"Height":79,"Demand":10,"DemandMax":null,"Value":2765},{"Length":40,"Height":69,"Demand":10,"DemandMax":null,"Value":2760},{"Length":51,"Height":53,"Demand":10,"DemandMax":null,"Value":2703},{"Length":86,"Height":31,"Demand":10,"DemandMax":null,"Value":2666},{"Length":31,"Height":85,"Demand":10,"DemandMax":null,"Value":2635},{"Length":64,"Height":41,"Demand":10,"DemandMax":null,"Value":2624},{"Length":33,"Height":79,"Demand":10,"DemandMax":null,"Value":2607},{"Length":81,"Height":32,"Demand":10,"DemandMax":null,"Value":2592},{"Length":37,"Height":70,"Demand":10,"DemandMax":null,"Value":2590},{"Length":42,"Height":61,"Demand":10,"DemandMax":null,"Value":2562},{"Length":66,"Height":37,"Demand":10,"DemandMax":null,"Value":2442},{"Length":67,"Height":36,"Demand":10,"DemandMax":null,"Value":2412},{"Length":44,"Height":54,"Demand":10,"DemandMax":null,"Value":2376},{"Length":37,"Height":64,"Demand":10,"DemandMax":null,"Value":2368},{"Length":26,"Height":81,"Demand":10,"DemandMax":null,"Value":2106},{"Length":41,"Height":50,"Demand":10,"DemandMax":null,"Value":2050},{"Length":36,"Height":55,"Demand":10,"DemandMax":null,"Value":1980},{"Length":28,"Height":66,"Demand":10,"DemandMax":null,"Value":1848},{"Length":55,"Height":33,"Demand":10,"DemandMax":null,"Value":1815},{"Length":45,"Height":38,"Demand":10,"DemandMax":null,"Value":1710},{"Length":21,"Height":81,"Demand":10,"DemandMax":null,"Value":1701},{"Length":20,"Height":84,"Demand":10,"DemandMax":null,"Value":1680},{"Length":50,"Height":33,"Demand":10,"DemandMax":null,"Value":1650},{"Length":81,"Height":20,"Demand":10,"DemandMax":null,"Value":1620},{"Length":76,"Height":21,"Demand":10,"DemandMax":null,"Value":1596},{"Length":33,"Height":48,"Demand":10,"DemandMax":null,"Value":1584},{"Length":56,"Height":28,"Demand":10,"DemandMax":null,"Value":1568},{"Length":55,"Height":28,"Demand":10,"DemandMax":null,"Value":1540},{"Length":42,"Height":36,"Demand":10,"DemandMax":null,"Value":1512},{"Length":18,"Height":81,"Demand":10,"DemandMax":null,"Value":1458},{"Length":47,"Height":31,"Demand":10,"DemandMax":null,"Value":1457},{"Length":28,"Height":52,"Demand":10,"DemandMax":null,"Value":1456},{"Length":33,"Height":44,"Demand":10,"DemandMax":null,"Value":1452},{"Length":29,"Height":49,"Demand":10,"DemandMax":null,"Value":1421},{"Length":49,"Height":27,"Demand":10,"DemandMax":null,"Value":1323},{"Length":14,"Height":89,"Demand":10,"DemandMax":null,"Value":1246},{"Length":80,"Height":15,"Demand":10,"DemandMax":null,"Value":1200},{"Length":28,"Height":40,"Demand":10,"DemandMax":null,"Value":1120},{"Length":24,"Height":46,"Demand":10,"DemandMax":null,"Value":1104},{"Length":22,"Height":47,"Demand":10,"DemandMax":null,"Value":1034},{"Length":28,"Height":36,"Demand":10,"DemandMax":null,"Value":1008},{"Length":28,"Height":31,"Demand":10,"DemandMax":null,"Value":868},{"Length":37,"Height":23,"Demand":10,"DemandMax":null,"Value":851},{"Length":10,"Height":84,"Demand":10,"DemandMax":null,"Value":840},{"Length":69,"Height":12,"Demand":10,"DemandMax":null,"Value":828},{"Length":16,"Height":51,"Demand":10,"DemandMax":null,"Value":816},{"Length":38,"Height":20,"Demand":10,"DemandMax":null,"Value":760},{"Length":21,"Height":36,"Demand":10,"DemandMax":null,"Value":756},{"Length":30,"Height":23,"Demand":10,"DemandMax":null,"Value":690},{"Length":13,"Height":52,"Demand":10,"DemandMax":null,"Value":676},{"Length":12,"Height":54,"Demand":10,"DemandMax":null,"Value":648},{"Length":68,"Height":9,"Demand":10,"DemandMax":null,"Value":612},{"Length":9,"Height":67,"Demand":10,"DemandMax":null,"Value":603},{"Length":12,"Height":43,"Demand":10,"DemandMax":null,"Value":516},{"Length":50,"Height":10,"Demand":10,"DemandMax":null,"Value":500},{"Length":33,"Height":15,"Demand":10,"DemandMax":null,"Value":495},{"Length":39,"Height":11,"Demand":10,"DemandMax":null,"Value":429},{"Length":6,"Height":68,"Demand":10,"DemandMax":null,"Value":408},{"Length":67,"Height":6,"Demand":10,"DemandMax":null,"Value":402},{"Length":20,"Height":19,"Demand":10,"DemandMax":null,"Value":380},{"Length":19,"Height":18,"Demand":10,"DemandMax":null,"Value":342},{"Length":7,"Height":45,"Demand":10,"DemandMax":null,"Value":315},{"Length":25,"Height":12,"Demand":10,"DemandMax":null,"Value":300},{"Length":10,"Height":27,"Demand":10,"DemandMax":null,"Value":270},{"Length":10,"Height":25,"Demand":10,"DemandMax":null,"Value":250},{"Length":31,"Height":7,"Demand":10,"DemandMax":null,"Value":217},{"Length":8,"Height":26,"Demand":10,"DemandMax":null,"Value":208},{"Length":9,"Height":22,"Demand":10,"DemandMax":null,"Value":198}]}