{"Name":"AH239","Objects":[{"Length":1000,"Height":2416,"Stock":null,"Cost":2416000}],"Items":[{"Length":89,"Height":89,"Demand":10,"DemandMax":null,"Value":7921},{"Length":81,"Height":83,"Demand":10,"DemandMax":null,"Value":6723},{"Length":88,"Height":76,"Demand":10,"DemandMax":null,"Value":6688},{"Length":84,"Height":77,"Demand":10,"DemandMax":null,"Value":6468},{"Length":72,"Height":83,"Demand":10,"DemandMax":null,"Value":5976},{"Length":79,"Height":68,"Demand":10,"DemandMax":null,"Value":5372},{"Length":86,"Height":60,"Demand":10,"DemandMax":null,"Value":5160},{"Length":77,"Height":62,"Demand":10,"DemandMax":null,"Value":4774},{"Length":67,"Height":70,"Demand":10,"DemandMax":null,"Value":4690},{"Length":62,"Height":75,"Demand":10,"DemandMax":null,"Value":4650},{"Length":51,"Height":90,"Demand":10,"DemandMax":null,"Value":4590},{"Length":57,"Height":80,"Demand":10,"DemandMax":null,"Value":4560},{"Length":64,"Height":69,"Demand":10,"DemandMax":null,"Value":4416},{"Length":71,"Height":61,"Demand":10,"DemandMax":null,"Value":4331},{"Length":50,"Height":86,"Demand":10,"DemandMax":null,"Value":4300},{"Length":61,"Height":70,"Demand":10,"DemandMax":null,"Value":4270},{"Length":85,"Height":50,"Demand":10,"DemandMax":null,"Value":4250},{"Length":88,"Height":47,"Demand":10,"DemandMax":null,"Value":4136},{"Length":81,"Height":51,"Demand":10,"DemandMax":null,"Value":4131},{"Length":48,"Height":86,"Demand":10,"DemandMax":null,"Value":4128},{"Length":47,"Height":86,"Demand":10,"DemandMax":null,"Value":4042},{"Length":83,"Height":48,"Demand":10,"DemandMax":null,"Value":3984},{"Length":88,"Height":45,"Demand":10,"DemandMax":null,"Value":3960},{"Length":88,"Height":43,"Demand":10,"DemandMax":null,"Value":3784},{"Length":61,"Height":62,"Demand":10,"DemandMax":null,"Value":3782},{"Length":64,"Height":58,"Demand":10,"DemandMax":null,"Value":3712},{"Length":55,"Height":65,"Demand":10,"DemandMax":null,"Value":3575},{"Length":72,"Height":49,"Demand":10,"DemandMax":null,"Value":3528},{"Length":80,"Height":43,"Demand":10,"DemandMax":null,"Value":3440},{"Length":59,"Height":56,"Demand":10,"DemandMax":null,"Value":3304},{"Length":55,"Height":60,"Demand":10,"DemandMax":null,"Value":3300},{"Length":58,"Height":55,"Demand":10,"DemandMax":null,"Value":3190},{"Length":63,"Height":49,"Demand":10,"DemandMax":null,"Value":3087},{"Length":81,"Height":37,"Demand":10,"DemandMax":null,"Value":2997},{"Length":32,"Height":89,"Demand":10,"DemandMax":null,"Value":2848},{"Length":53,"Height":53,"Demand":10,"DemandMax":null,"Value":2809},{"Length":66,"Height":40,"Demand":10,"DemandMax":null,"Value":2640},{"Length":30,"Height":88,"Demand":10,"DemandMax":null,"Value":2640},{"Length":67,"Height":39,"Demand":10,"DemandMax":null,"Value":2613},{"Length":49,"Height":53,"Demand":10,"DemandMax":null,"Value":2597},{"Length":57,"Height":44,"Demand":10,"DemandMax":null,"Value":2508},{"Length":38,"Height":66,"Demand":10,"DemandMax":null,"Value":2508},{"Length":40,"Height":62,"Demand":10,"DemandMax":null,"Value":2480},{"Length":29,"Height":82,"Demand":10,"DemandMax":null,"Value":2378},{"Length":81,"Height":29,"Demand":10,"DemandMax":null,"Value":2349},{"Length":33,"Height":71,"Demand":10,"DemandMax":null,"Value":2343},{"Length":24,"Height":88,"Demand":10,"DemandMax":null,"Value":2112},{"Length":60,"Height":35,"Demand":10,"DemandMax":null,"Value":2100},{"Length":67,"Height":31,"Demand":10,"DemandMax":null,"Value":2077},{"Length":62,"Height":32,"Demand":10,"DemandMax":null,"Value":1984},{"Length":21,"Height":90,"Demand":10,"DemandMax":null,"Value":1890},{"Length":47,"Height":40,"Demand":10,"DemandMax":null,"Value":1880},{"Length":31,"Height":59,"Demand":10,"DemandMax":null,"Value":1829},{"Length":35,"Height":49,"Demand":10,"DemandMax":null,"Value":1715},{"Length":48,"Height":35,"Demand":10,"DemandMax":null,"Value":1680},{"Length":22,"Height":74,"Demand":10,"DemandMax":null,"Value":1628},{"Length":76,"Height":21,"Demand":10,"DemandMax":null,"Value":1596},{"Length":34,"Height":46,"Demand":10,"DemandMax":null,"Value":1564},{"Length":37,"Height":42,"Demand":10,"DemandMax":null,"Value":1554},{"Length":38,"Height":40,"Demand":10,"DemandMax":null,"Value":1520},{"Length":52,"Height":28,"Demand":10,"DemandMax":null,"Value":1456},{"Length":57,"Height":25,"Demand":10,"DemandMax":null,"Value":1425},{"Length":49,"Height":28,"Demand":10,"DemandMax":null,"Value":1372},{"Length":72,"Height":19,"Demand":10,"DemandMax":null,"Value":1368},{"Length":17,"Height":80,"Demand":10,"DemandMax":null,"Value":1360},{"Length":35,"Height":38,"Demand":10,"DemandMax":null,"Value":1330},{"Length":51,"Height":26,"Demand":10,"DemandMax":null,"Value":1326},{"Length":72,"Height":18,"Demand":10,"DemandMax":null,"Value":1296},{"Length":75,"Height":17,"Demand":10,"DemandMax":null,"Value":1275},{"Length":53,"Height":24,"Demand":10,"DemandMax":null,"Value":1272},{"Length":27,"Height":45,"Demand":10,"DemandMax":null,"Value":1215},{"Length":38,"Height":30,"Demand":10,"DemandMax":null,"Value":1140},{"Length":15,"Height":70,"Demand":10,"DemandMax":null,"Value":1050},{"Length":29,"Height":35,"Demand":10,"DemandMax":null,"Value":1015},{"Length":46,"Height":22,"Demand":10,"DemandMax":null,"Value":1012},{"Length":43,"Height":23,"Demand":10,"DemandMax":null,"Value":989},{"Length":12,"Height":79,"Demand":10,"DemandMax":null,"Value":948},{"Length":55,"Height":17,"Demand":10,"DemandMax":null,"Value":935},{"Length":84,"Height":11,"Demand":10,"DemandMax":null,"Value":924},{"Length":18,"Height":49,"Demand":10,"DemandMax":null,"Value":882},{"Length":26,"Height":32,"Demand":10,"DemandMax":null,"Value":832},{"Length":15,"Height":55,"Demand":10,"DemandMax":null,"Value":825},{"Length":29,"Height":26,"Demand":10,"DemandMax":null,"Value":754},{"Length":19,"Height":39,"Demand":10,"DemandMax":null,"Value":741},{"Length":17,"Height":42,"Demand":10,"DemandMax":null,"Value":714},{"Length":11,"Height":64,"Demand":10,"DemandMax":null,"Value":704},{"Length":75,"Height":9,"Demand":10,"DemandMax":null,"Value":675},{"Length":43,"Height":14,"Demand":10,"DemandMax":null,"Value":602},{"Length":11,"Height":54,"Demand":10,"DemandMax":null,"Value":594},{"Length":13,"Height":44,"Demand":10,"DemandMax":null,"Value":572},{"Length":7,"Height":80,"Demand":10,"DemandMax":null,"Value":560},{"Length":15,"Height":35,"Demand":10,"DemandMax":null,"Value":525},{"Length":16,"Height":29,"Demand":10,"DemandMax":null,"Value":464},{"Length":46,"Height":10,"Demand":10,"DemandMax":null,"Value":460},{"Length":18,"Height":25,"Demand":10,"DemandMax":null,"Value":450},{"Length":12,"Height":33,"Demand":10,"DemandMax":null,"Value":396},{"Length":9,"Height":39,"Demand":10,"DemandMax":null,"Value":351},{"Length":54,"Height":6,"Demand":10,"DemandMax":null,"Value":324},{"Length":22,"Height":10,"Demand":10,"DemandMax":null,"Value":220},{"Length":27,"Height":6,"Demand":10,"DemandMax":null,"Value":162}]}