{"Name":"AH272","Objects":[{"Length":1000,"Height":39727,"Stock":null,"Cost":39727000}],"Items":[{"Length":364,"Height":375,"Demand":1,"DemandMax":null,"Value":136500},{"Length":368,"Height":369,"Demand":1,"DemandMax":null,"Value":135792},{"Length":366,"Height":369,"Demand":1,"DemandMax":null,"Value":135054},{"Length":351,"Height":372,"Demand":1,"DemandMax":null,"Value":130572},{"Length":363,"Height":355,"Demand":1,"DemandMax":null,"Value":128865},{"Length":374,"Height":339,"Demand":1,"DemandMax":null,"Value":126786},{"Length":338,"Height":375,"Demand":1,"DemandMax":null,"Value":126750},{"Length":346,"Height":358,"Demand":1,"DemandMax":null,"Value":123868},{"Length":365,"Height":339,"Demand":1,"DemandMax":null,"Value":123735},{"Length":323,"Height":370,"Demand":1,"DemandMax":null,"Value":119510},{"Length":366,"Height":326,"Demand":1,"DemandMax":null,"Value":119316},{"Length":357,"Height":332,"Demand":1,"DemandMax":null,"Value":118524},{"Length":364,"Height":325,"Demand":1,"DemandMax":null,"Value":118300},{"Length":321,"Height":368,"Demand":1,"DemandMax":null,"Value":118128},{"Length":365,"Height":322,"Demand":1,"DemandMax":null,"Value":117530},{"Length":356,"Height":330,"Demand":1,"DemandMax":null,"Value":117480},{"Length":358,"Height":323,"Demand":1,"DemandMax":null,"Value":115634},{"Length":319,"Height":362,"Demand":1,"DemandMax":null,"Value":115478},{"Length":308,"Height":369,"Demand":1,"DemandMax":null,"Value":113652},{"Length":322,"Height":351,"Demand":1,"DemandMax":null,"Value":113022},{"Length":374,"Height":302,"Demand":1,"DemandMax":null,"Value":112948},{"Length":316,"Height":355,"Demand":1,"DemandMax":null,"Value":112180},{"Length":334,"Height":334,"Demand":1,"DemandMax":null,"Value":111556},{"Length":359,"Height":308,"Demand":1,"DemandMax":null,"Value":110572},{"Length":298,"Height":371,"Demand":1,"DemandMax":null,"Value":110558},{"Length":368,"Height":300,"Demand":1,"DemandMax":null,"Value":110400},{"Length":310,"Height":356,"Demand":1,"DemandMax":null,"Value":110360},{"Length":299,"Height":369,"Demand":1,"DemandMax":null,"Value":110331},{"Length":348,"Height":316,"Demand":1,"DemandMax":null,"Value":109968},{"Length":323,"Height":340,"Demand":1,"DemandMax":null,"Value":109820},{"Length":346,"Height":317,"Demand":1,"DemandMax":null,"Value":109682},{"Length":312,"Height":351,"Demand":1,"DemandMax":null,"Value":109512},{"Length":332,"Height":329,"Demand":1,"DemandMax":null,"Value":109228},{"Length":334,"Height":327,"Demand":1,"DemandMax":null,"Value":109218},{"Length":295,"Height":370,"Demand":1,"DemandMax":null,"Value":109150},{"Length":358,"Height":303,"Demand":1,"DemandMax":null,"Value":108474},{"Length":348,"Height":310,"Demand":1,"DemandMax":null,"Value":107880},{"Length":317,"Height":338,"Demand":1,"DemandMax":null,"Value":107146},{"Length":314,"Height":333,"Demand":1,"DemandMax":null,"Value":104562},{"Length":311,"Height":335,"Demand":1,"DemandMax":null,"Value":104185},{"Length":366,"Height":282,"Demand":1,"DemandMax":null,"Value":103212},{"Length":337,"Height":305,"Demand":1,"DemandMax":null,"Value":102785},{"Length":319,"Height":321,"Demand":1,"DemandMax":null,"Value":102399},{"Length":364,"Height":281,"Demand":1,"DemandMax":null,"Value":102284},{"Length":361,"Height":283,"Demand":1,"DemandMax":null,"Value":102163},{"Length":301,"Height":339,"Demand":1,"DemandMax":null,"Value":102039},{"Length":335,"Height":304,"Demand":1,"DemandMax":null,"Value":101840},{"Length":319,"Height":319,"Demand":1,"DemandMax":null,"Value":101761},{"Length":358,"Height":282,"Demand":1,"DemandMax":null,"Value":100956},{"Length":345,"Height":292,"Demand":1,"DemandMax":null,"Value":100740},{"Length":287,"Height":351,"Demand":1,"DemandMax":null,"Value":100737},{"Length":343,"Height":293,"Demand":1,"DemandMax":null,"Value":100499},{"Length":316,"Height":314,"Demand":1,"DemandMax":null,"Value":99224},{"Length":325,"Height":303,"Demand":1,"DemandMax":null,"Value":98475},{"Length":352,"Height":279,"Demand":1,"DemandMax":null,"Value":98208},{"Length":367,"Height":267,"Demand":1,"DemandMax":null,"Value":97989},{"Length":355,"Height":276,"Demand":1,"DemandMax":null,"Value":97980},{"Length":342,"Height":286,"Demand":1,"DemandMax":null,"Value":97812},{"Length":273,"Height":357,"Demand":1,"DemandMax":null,"Value":97461},{"Length":280,"Height":347,"Demand":1,"DemandMax":null,"Value":97160},{"Length":336,"Height":289,"Demand":1,"DemandMax":null,"Value":97104},{"Length":344,"Height":282,"Demand":1,"DemandMax":null,"Value":97008},{"Length":343,"Height":281,"Demand":1,"DemandMax":null,"Value":96383},{"Length":323,"Height":297,"Demand":1,"DemandMax":null,"Value":95931},{"Length":327,"Height":293,"Demand":1,"DemandMax":null,"Value":95811},{"Length":331,"Height":289,"Demand":1,"DemandMax":null,"Value":95659},{"Length":255,"Height":375,"Demand":1,"DemandMax":null,"Value":95625},{"Length":346,"Height":275,"Demand":1,"DemandMax":null,"Value":95150},{"Length":315,"Height":302,"Demand":1,"DemandMax":null,"Value":95130},{"Length":347,"Height":274,"Demand":1,"DemandMax":null,"Value":95078},{"Length":319,"Height":298,"Demand":1,"DemandMax":null,"Value":95062},{"Length":351,"Height":270,"Demand":1,"DemandMax":null,"Value":94770},{"Length":321,"Height":294,"Demand":1,"DemandMax":null,"Value":94374},{"Length":296,"Height":318,"Demand":1,"DemandMax":null,"Value":94128},{"Length":355,"Height":265,"Demand":1,"DemandMax":null,"Value":94075},{"Length":266,"Height":353,"Demand":1,"DemandMax":null,"Value":93898},{"Length":286,"Height":328,"Demand":1,"DemandMax":null,"Value":93808},{"Length":279,"Height":336,"Demand":1,"DemandMax":null,"Value":93744},{"Length":283,"Height":328,"Demand":1,"DemandMax":null,"Value":92824},{"Length":374,"Height":248,"Demand":1,"DemandMax":null,"Value":92752},{"Length":329,"Height":281,"Demand":1,"DemandMax":null,"Value":92449},{"Length":249,"Height":369,"Demand":1,"DemandMax":null,"Value":91881},{"Length":363,"Height":253,"Demand":1,"DemandMax":null,"Value":91839},{"Length":257,"Height":357,"Demand":1,"DemandMax":null,"Value":91749},{"Length":374,"Height":245,"Demand":1,"DemandMax":null,"Value":91630},{"Length":327,"Height":280,"Demand":1,"DemandMax":null,"Value":91560},{"Length":259,"Height":353,"Demand":1,"DemandMax":null,"Value":91427},{"Length":283,"Height":323,"Demand":1,"DemandMax":null,"Value":91409},{"Length":279,"Height":327,"Demand":1,"DemandMax":null,"Value":91233},{"Length":371,"Height":245,"Demand":1,"DemandMax":null,"Value":90895},{"Length":246,"Height":368,"Demand":1,"DemandMax":null,"Value":90528},{"Length":343,"Height":263,"Demand":1,"DemandMax":null,"Value":90209},{"Length":281,"Height":321,"Demand":1,"DemandMax":null,"Value":90201},{"Length":273,"Height":330,"Demand":1,"DemandMax":null,"Value":90090},{"Length":315,"Height":286,"Demand":1,"DemandMax":null,"Value":90090},{"Length":283,"Height":318,"Demand":1,"DemandMax":null,"Value":89994},{"Length":354,"Height":254,"Demand":1,"DemandMax":null,"Value":89916},{"Length":351,"Height":256,"Demand":1,"DemandMax":null,"Value":89856},{"Length":310,"Height":288,"Demand":1,"DemandMax":null,"Value":89280},{"Length":243,"Height":365,"Demand":1,"DemandMax":null,"Value":88695},{"Length":312,"Height":284,"Demand":1,"DemandMax":null,"Value":88608},{"Length":311,"Height":284,"Demand":1,"DemandMax":null,"Value":88324},{"Length":314,"Height":281,"Demand":1,"DemandMax":null,"Value":88234},{"Length":300,"Height":293,"Demand":1,"DemandMax":null,"Value":87900},{"Length":369,"Height":238,"Demand":1,"DemandMax":null,"Value":87822},{"Length":332,"Height":264,"Demand":1,"DemandMax":null,"Value":87648},{"Length":262,"Height":332,"Demand":1,"DemandMax":null,"Value":86984},{"Length":344,"Height":252,"Demand":1,"DemandMax":null,"Value":86688},{"Length":328,"Height":263,"Demand":1,"DemandMax":null,"Value":86264},{"Length":272,"Height":317,"Demand":1,"DemandMax":null,"Value":86224},{"Length":338,"Height":255,"Demand":1,"DemandMax":null,"Value":86190},{"Length":256,"Height":336,"Demand":1,"DemandMax":null,"Value":86016},{"Length":304,"Height":280,"Demand":1,"DemandMax":null,"Value":85120},{"Length":327,"Height":258,"Demand":1,"DemandMax":null,"Value":84366},{"Length":254,"Height":331,"Demand":1,"DemandMax":null,"Value":84074},{"Length":282,"Height":298,"Demand":1,"DemandMax":null,"Value":84036},{"Length":362,"Height":232,"Demand":1,"DemandMax":null,"Value":83984},{"Length":301,"Height":279,"Demand":1,"DemandMax":null,"Value":83979},{"Length":274,"Height":306,"Demand":1,"DemandMax":null,"Value":83844},{"Length":312,"Height":268,"Demand":1,"DemandMax":null,"Value":83616},{"Length":335,"Height":249,"Demand":1,"DemandMax":null,"Value":83415},{"Length":268,"Height":310,"Demand":1,"DemandMax":null,"Value":83080},{"Length":242,"Height":343,"Demand":1,"DemandMax":null,"Value":83006},{"Length":293,"Height":283,"Demand":1,"DemandMax":null,"Value":82919},{"Length":286,"Height":287,"Demand":1,"DemandMax":null,"Value":82082},{"Length":309,"Height":264,"Demand":1,"DemandMax":null,"Value":81576},{"Length":217,"Height":375,"Demand":1,"DemandMax":null,"Value":81375},{"Length":375,"Height":216,"Demand":1,"DemandMax":null,"Value":81000},{"Length":331,"Height":244,"Demand":1,"DemandMax":null,"Value":80764},{"Length":333,"Height":242,"Demand":1,"DemandMax":null,"Value":80586},{"Length":311,"Height":259,"Demand":1,"DemandMax":null,"Value":80549},{"Length":352,"Height":227,"Demand":1,"DemandMax":null,"Value":79904},{"Length":283,"Height":282,"Demand":1,"DemandMax":null,"Value":79806},{"Length":311,"Height":256,"Demand":1,"DemandMax":null,"Value":79616},{"Length":355,"Height":224,"Demand":1,"DemandMax":null,"Value":79520},{"Length":247,"Height":321,"Demand":1,"DemandMax":null,"Value":79287},{"Length":301,"Height":263,"Demand":1,"DemandMax":null,"Value":79163},{"Length":261,"Height":303,"Demand":1,"DemandMax":null,"Value":79083},{"Length":216,"Height":366,"Demand":1,"DemandMax":null,"Value":79056},{"Length":339,"Height":233,"Demand":1,"DemandMax":null,"Value":78987},{"Length":221,"Height":356,"Demand":1,"DemandMax":null,"Value":78676},{"Length":276,"Height":285,"Demand":1,"DemandMax":null,"Value":78660},{"Length":256,"Height":307,"Demand":1,"DemandMax":null,"Value":78592},{"Length":227,"Height":344,"Demand":1,"DemandMax":null,"Value":78088},{"Length":321,"Height":243,"Demand":1,"DemandMax":null,"Value":78003},{"Length":217,"Height":357,"Demand":1,"DemandMax":null,"Value":77469},{"Length":222,"Height":348,"Demand":1,"DemandMax":null,"Value":77256},{"Length":217,"Height":355,"Demand":1,"DemandMax":null,"Value":77035},{"Length":345,"Height":223,"Demand":1,"DemandMax":null,"Value":76935},{"Length":282,"Height":272,"Demand":1,"DemandMax":null,"Value":76704},{"Length":244,"Height":314,"Demand":1,"DemandMax":null,"Value":76616},{"Length":209,"Height":366,"Demand":1,"DemandMax":null,"Value":76494},{"Length":340,"Height":224,"Demand":1,"DemandMax":null,"Value":76160},{"Length":269,"Height":283,"Demand":1,"DemandMax":null,"Value":76127},{"Length":332,"Height":229,"Demand":1,"DemandMax":null,"Value":76028},{"Length":345,"Height":220,"Demand":1,"DemandMax":null,"Value":75900},{"Length":250,"Height":302,"Demand":1,"DemandMax":null,"Value":75500},{"Length":262,"Height":288,"Demand":1,"DemandMax":null,"Value":75456},{"Length":211,"Height":357,"Demand":1,"DemandMax":null,"Value":75327},{"Length":356,"Height":211,"Demand":1,"DemandMax":null,"Value":75116},{"Length":271,"Height":277,"Demand":1,"DemandMax":null,"Value":75067},{"Length":327,"Height":229,"Demand":1,"DemandMax":null,"Value":74883},{"Length":201,"Height":370,"Demand":1,"DemandMax":null,"Value":74370},{"Length":328,"Height":225,"Demand":1,"DemandMax":null,"Value":73800},{"Length":287,"Height":255,"Demand":1,"DemandMax":null,"Value":73185},{"Length":350,"Height":209,"Demand":1,"DemandMax":null,"Value":73150},{"Length":370,"Height":196,"Demand":1,"DemandMax":null,"Value":72520},{"Length":237,"Height":304,"Demand":1,"DemandMax":null,"Value":72048},{"Length":243,"Height":296,"Demand":1,"DemandMax":null,"Value":71928},{"Length":268,"Height":268,"Demand":1,"DemandMax":null,"Value":71824},{"Length":243,"Height":295,"Demand":1,"DemandMax":null,"Value":71685},{"Length":238,"Height":301,"Demand":1,"DemandMax":null,"Value":71638},{"Length":354,"Height":202,"Demand":1,"DemandMax":null,"Value":71508},{"Length":248,"Height":288,"Demand":1,"DemandMax":null,"Value":71424},{"Length":338,"Height":211,"Demand":1,"DemandMax":null,"Value":71318},{"Length":209,"Height":341,"Demand":1,"DemandMax":null,"Value":71269},{"Length":212,"Height":336,"Demand":1,"DemandMax":null,"Value":71232},{"Length":293,"Height":243,"Demand":1,"DemandMax":null,"Value":71199},{"Length":259,"Height":274,"Demand":1,"DemandMax":null,"Value":70966},{"Length":326,"Height":217,"Demand":1,"DemandMax":null,"Value":70742},{"Length":195,"Height":360,"Demand":1,"DemandMax":null,"Value":70200},{"Length":372,"Height":188,"Demand":1,"DemandMax":null,"Value":69936},{"Length":361,"Height":193,"Demand":1,"DemandMax":null,"Value":69673},{"Length":215,"Height":324,"Demand":1,"DemandMax":null,"Value":69660},{"Length":200,"Height":348,"Demand":1,"DemandMax":null,"Value":69600},{"Length":232,"Height":299,"Demand":1,"DemandMax":null,"Value":69368},{"Length":271,"Height":255,"Demand":1,"DemandMax":null,"Value":69105},{"Length":231,"Height":297,"Demand":1,"DemandMax":null,"Value":68607},{"Length":196,"Height":349,"Demand":1,"DemandMax":null,"Value":68404},{"Length":207,"Height":330,"Demand":1,"DemandMax":null,"Value":68310},{"Length":331,"Height":206,"Demand":1,"DemandMax":null,"Value":68186},{"Length":299,"Height":228,"Demand":1,"DemandMax":null,"Value":68172},{"Length":227,"Height":300,"Demand":1,"DemandMax":null,"Value":68100},{"Length":269,"Height":253,"Demand":1,"DemandMax":null,"Value":68057},{"Length":324,"Height":209,"Demand":1,"DemandMax":null,"Value":67716},{"Length":335,"Height":202,"Demand":1,"DemandMax":null,"Value":67670},{"Length":186,"Height":362,"Demand":1,"DemandMax":null,"Value":67332},{"Length":322,"Height":209,"Demand":1,"DemandMax":null,"Value":67298},{"Length":300,"Height":224,"Demand":1,"DemandMax":null,"Value":67200},{"Length":299,"Height":224,"Demand":1,"DemandMax":null,"Value":66976},{"Length":225,"Height":297,"Demand":1,"DemandMax":null,"Value":66825},{"Length":239,"Height":279,"Demand":1,"DemandMax":null,"Value":66681},{"Length":295,"Height":225,"Demand":1,"DemandMax":null,"Value":66375},{"Length":256,"Height":258,"Demand":1,"DemandMax":null,"Value":66048},{"Length":198,"Height":333,"Demand":1,"DemandMax":null,"Value":65934},{"Length":326,"Height":202,"Demand":1,"DemandMax":null,"Value":65852},{"Length":315,"Height":209,"Demand":1,"DemandMax":null,"Value":65835},{"Length":207,"Height":318,"Demand":1,"DemandMax":null,"Value":65826},{"Length":185,"Height":355,"Demand":1,"DemandMax":null,"Value":65675},{"Length":191,"Height":342,"Demand":1,"DemandMax":null,"Value":65322},{"Length":202,"Height":323,"Demand":1,"DemandMax":null,"Value":65246},{"Length":267,"Height":244,"Demand":1,"DemandMax":null,"Value":65148},{"Length":193,"Height":337,"Demand":1,"DemandMax":null,"Value":65041},{"Length":285,"Height":225,"Demand":1,"DemandMax":null,"Value":64125},{"Length":362,"Height":177,"Demand":1,"DemandMax":null,"Value":64074},{"Length":213,"Height":300,"Demand":1,"DemandMax":null,"Value":63900},{"Length":343,"Height":186,"Demand":1,"DemandMax":null,"Value":63798},{"Length":239,"Height":265,"Demand":1,"DemandMax":null,"Value":63335},{"Length":269,"Height":235,"Demand":1,"DemandMax":null,"Value":63215},{"Length":188,"Height":335,"Demand":1,"DemandMax":null,"Value":62980},{"Length":209,"Height":300,"Demand":1,"DemandMax":null,"Value":62700},{"Length":348,"Height":180,"Demand":1,"DemandMax":null,"Value":62640},{"Length":343,"Height":182,"Demand":1,"DemandMax":null,"Value":62426},{"Length":216,"Height":288,"Demand":1,"DemandMax":null,"Value":62208},{"Length":195,"Height":318,"Demand":1,"DemandMax":null,"Value":62010},{"Length":289,"Height":213,"Demand":1,"DemandMax":null,"Value":61557},{"Length":224,"Height":274,"Demand":1,"DemandMax":null,"Value":61376},{"Length":180,"Height":339,"Demand":1,"DemandMax":null,"Value":61020},{"Length":244,"Height":250,"Demand":1,"DemandMax":null,"Value":61000},{"Length":234,"Height":260,"Demand":1,"DemandMax":null,"Value":60840},{"Length":189,"Height":321,"Demand":1,"DemandMax":null,"Value":60669},{"Length":200,"Height":303,"Demand":1,"DemandMax":null,"Value":60600},{"Length":204,"Height":297,"Demand":1,"DemandMax":null,"Value":60588},{"Length":211,"Height":286,"Demand":1,"DemandMax":null,"Value":60346},{"Length":163,"Height":370,"Demand":1,"DemandMax":null,"Value":60310},{"Length":174,"Height":345,"Demand":1,"DemandMax":null,"Value":60030},{"Length":373,"Height":160,"Demand":1,"DemandMax":null,"Value":59680},{"Length":193,"Height":309,"Demand":1,"DemandMax":null,"Value":59637},{"Length":159,"Height":374,"Demand":1,"DemandMax":null,"Value":59466},{"Length":285,"Height":208,"Demand":1,"DemandMax":null,"Value":59280},{"Length":358,"Height":165,"Demand":1,"DemandMax":null,"Value":59070},{"Length":282,"Height":209,"Demand":1,"DemandMax":null,"Value":58938},{"Length":310,"Height":190,"Demand":1,"DemandMax":null,"Value":58900},{"Length":157,"Height":375,"Demand":1,"DemandMax":null,"Value":58875},{"Length":237,"Height":247,"Demand":1,"DemandMax":null,"Value":58539},{"Length":216,"Height":271,"Demand":1,"DemandMax":null,"Value":58536},{"Length":354,"Height":165,"Demand":1,"DemandMax":null,"Value":58410},{"Length":252,"Height":231,"Demand":1,"DemandMax":null,"Value":58212},{"Length":190,"Height":306,"Demand":1,"DemandMax":null,"Value":58140},{"Length":168,"Height":345,"Demand":1,"DemandMax":null,"Value":57960},{"Length":278,"Height":208,"Demand":1,"DemandMax":null,"Value":57824},{"Length":281,"Height":205,"Demand":1,"DemandMax":null,"Value":57605},{"Length":192,"Height":300,"Demand":1,"DemandMax":null,"Value":57600},{"Length":248,"Height":232,"Demand":1,"DemandMax":null,"Value":57536},{"Length":283,"Height":203,"Demand":1,"DemandMax":null,"Value":57449},{"Length":176,"Height":325,"Demand":1,"DemandMax":null,"Value":57200},{"Length":182,"Height":314,"Demand":1,"DemandMax":null,"Value":57148},{"Length":362,"Height":156,"Demand":1,"DemandMax":null,"Value":56472},{"Length":312,"Height":181,"Demand":1,"DemandMax":null,"Value":56472},{"Length":236,"Height":239,"Demand":1,"DemandMax":null,"Value":56404},{"Length":185,"Height":304,"Demand":1,"DemandMax":null,"Value":56240},{"Length":206,"Height":273,"Demand":1,"DemandMax":null,"Value":56238},{"Length":372,"Height":151,"Demand":1,"DemandMax":null,"Value":56172},{"Length":226,"Height":248,"Demand":1,"DemandMax":null,"Value":56048},{"Length":176,"Height":317,"Demand":1,"DemandMax":null,"Value":55792},{"Length":180,"Height":308,"Demand":1,"DemandMax":null,"Value":55440},{"Length":309,"Height":179,"Demand":1,"DemandMax":null,"Value":55311},{"Length":256,"Height":216,"Demand":1,"DemandMax":null,"Value":55296},{"Length":159,"Height":347,"Demand":1,"DemandMax":null,"Value":55173},{"Length":168,"Height":328,"Demand":1,"DemandMax":null,"Value":55104},{"Length":353,"Height":156,"Demand":1,"DemandMax":null,"Value":55068},{"Length":180,"Height":303,"Demand":1,"DemandMax":null,"Value":54540},{"Length":254,"Height":214,"Demand":1,"DemandMax":null,"Value":54356},{"Length":148,"Height":367,"Demand":1,"DemandMax":null,"Value":54316},{"Length":290,"Height":187,"Demand":1,"DemandMax":null,"Value":54230},{"Length":279,"Height":194,"Demand":1,"DemandMax":null,"Value":54126},{"Length":249,"Height":217,"Demand":1,"DemandMax":null,"Value":54033},{"Length":197,"Height":274,"Demand":1,"DemandMax":null,"Value":53978},{"Length":331,"Height":163,"Demand":1,"DemandMax":null,"Value":53953},{"Length":253,"Height":212,"Demand":1,"DemandMax":null,"Value":53636},{"Length":230,"Height":233,"Demand":1,"DemandMax":null,"Value":53590},{"Length":261,"Height":205,"Demand":1,"DemandMax":null,"Value":53505},{"Length":205,"Height":260,"Demand":1,"DemandMax":null,"Value":53300},{"Length":160,"Height":333,"Demand":1,"DemandMax":null,"Value":53280},{"Length":148,"Height":360,"Demand":1,"DemandMax":null,"Value":53280},{"Length":289,"Height":184,"Demand":1,"DemandMax":null,"Value":53176},{"Length":252,"Height":211,"Demand":1,"DemandMax":null,"Value":53172},{"Length":334,"Height":159,"Demand":1,"DemandMax":null,"Value":53106},{"Length":275,"Height":193,"Demand":1,"DemandMax":null,"Value":53075},{"Length":241,"Height":220,"Demand":1,"DemandMax":null,"Value":53020},{"Length":141,"Height":374,"Demand":1,"DemandMax":null,"Value":52734},{"Length":333,"Height":158,"Demand":1,"DemandMax":null,"Value":52614},{"Length":243,"Height":216,"Demand":1,"DemandMax":null,"Value":52488},{"Length":322,"Height":163,"Demand":1,"DemandMax":null,"Value":52486},{"Length":179,"Height":292,"Demand":1,"DemandMax":null,"Value":52268},{"Length":192,"Height":272,"Demand":1,"DemandMax":null,"Value":52224},{"Length":273,"Height":191,"Demand":1,"DemandMax":null,"Value":52143},{"Length":151,"Height":345,"Demand":1,"DemandMax":null,"Value":52095},{"Length":240,"Height":216,"Demand":1,"DemandMax":null,"Value":51840},{"Length":152,"Height":341,"Demand":1,"DemandMax":null,"Value":51832},{"Length":375,"Height":138,"Demand":1,"DemandMax":null,"Value":51750},{"Length":206,"Height":251,"Demand":1,"DemandMax":null,"Value":51706},{"Length":272,"Height":190,"Demand":1,"DemandMax":null,"Value":51680},{"Length":276,"Height":187,"Demand":1,"DemandMax":null,"Value":51612},{"Length":191,"Height":270,"Demand":1,"DemandMax":null,"Value":51570},{"Length":204,"Height":252,"Demand":1,"DemandMax":null,"Value":51408},{"Length":235,"Height":218,"Demand":1,"DemandMax":null,"Value":51230},{"Length":324,"Height":157,"Demand":1,"DemandMax":null,"Value":50868},{"Length":345,"Height":147,"Demand":1,"DemandMax":null,"Value":50715},{"Length":271,"Height":187,"Demand":1,"DemandMax":null,"Value":50677},{"Length":154,"Height":329,"Demand":1,"DemandMax":null,"Value":50666},{"Length":221,"Height":229,"Demand":1,"DemandMax":null,"Value":50609},{"Length":148,"Height":341,"Demand":1,"DemandMax":null,"Value":50468},{"Length":264,"Height":190,"Demand":1,"DemandMax":null,"Value":50160},{"Length":229,"Height":219,"Demand":1,"DemandMax":null,"Value":50151},{"Length":198,"Height":253,"Demand":1,"DemandMax":null,"Value":50094},{"Length":234,"Height":214,"Demand":1,"DemandMax":null,"Value":50076},{"Length":351,"Height":142,"Demand":1,"DemandMax":null,"Value":49842},{"Length":182,"Height":272,"Demand":1,"DemandMax":null,"Value":49504},{"Length":361,"Height":137,"Demand":1,"DemandMax":null,"Value":49457},{"Length":197,"Height":251,"Demand":1,"DemandMax":null,"Value":49447},{"Length":159,"Height":310,"Demand":1,"DemandMax":null,"Value":49290},{"Length":154,"Height":317,"Demand":1,"DemandMax":null,"Value":48818},{"Length":199,"Height":245,"Demand":1,"DemandMax":null,"Value":48755},{"Length":298,"Height":163,"Demand":1,"DemandMax":null,"Value":48574},{"Length":144,"Height":337,"Demand":1,"DemandMax":null,"Value":48528},{"Length":373,"Height":130,"Demand":1,"DemandMax":null,"Value":48490},{"Length":175,"Height":277,"Demand":1,"DemandMax":null,"Value":48475},{"Length":247,"Height":196,"Demand":1,"DemandMax":null,"Value":48412},{"Length":130,"Height":372,"Demand":1,"DemandMax":null,"Value":48360},{"Length":146,"Height":329,"Demand":1,"DemandMax":null,"Value":48034},{"Length":215,"Height":223,"Demand":1,"DemandMax":null,"Value":47945},{"Length":160,"Height":298,"Demand":1,"DemandMax":null,"Value":47680},{"Length":269,"Height":177,"Demand":1,"DemandMax":null,"Value":47613},{"Length":354,"Height":133,"Demand":1,"DemandMax":null,"Value":47082},{"Length":159,"Height":295,"Demand":1,"DemandMax":null,"Value":46905},{"Length":185,"Height":253,"Demand":1,"DemandMax":null,"Value":46805},{"Length":179,"Height":261,"Demand":1,"DemandMax":null,"Value":46719},{"Length":224,"Height":208,"Demand":1,"DemandMax":null,"Value":46592},{"Length":145,"Height":320,"Demand":1,"DemandMax":null,"Value":46400},{"Length":153,"Height":303,"Demand":1,"DemandMax":null,"Value":46359},{"Length":125,"Height":370,"Demand":1,"DemandMax":null,"Value":46250},{"Length":162,"Height":285,"Demand":1,"DemandMax":null,"Value":46170},{"Length":186,"Height":248,"Demand":1,"DemandMax":null,"Value":46128},{"Length":263,"Height":175,"Demand":1,"DemandMax":null,"Value":46025},{"Length":140,"Height":327,"Demand":1,"DemandMax":null,"Value":45780},{"Length":331,"Height":138,"Demand":1,"DemandMax":null,"Value":45678},{"Length":279,"Height":163,"Demand":1,"DemandMax":null,"Value":45477},{"Length":224,"Height":202,"Demand":1,"DemandMax":null,"Value":45248},{"Length":194,"Height":233,"Demand":1,"DemandMax":null,"Value":45202},{"Length":203,"Height":222,"Demand":1,"DemandMax":null,"Value":45066},{"Length":191,"Height":235,"Demand":1,"DemandMax":null,"Value":44885},{"Length":196,"Height":229,"Demand":1,"DemandMax":null,"Value":44884},{"Length":220,"Height":203,"Demand":1,"DemandMax":null,"Value":44660},{"Length":363,"Height":123,"Demand":1,"DemandMax":null,"Value":44649},{"Length":177,"Height":249,"Demand":1,"DemandMax":null,"Value":44073},{"Length":203,"Height":217,"Demand":1,"DemandMax":null,"Value":44051},{"Length":243,"Height":181,"Demand":1,"DemandMax":null,"Value":43983},{"Length":316,"Height":139,"Demand":1,"DemandMax":null,"Value":43924},{"Length":129,"Height":340,"Demand":1,"DemandMax":null,"Value":43860},{"Length":311,"Height":141,"Demand":1,"DemandMax":null,"Value":43851},{"Length":297,"Height":146,"Demand":1,"DemandMax":null,"Value":43362},{"Length":243,"Height":175,"Demand":1,"DemandMax":null,"Value":42525},{"Length":366,"Height":116,"Demand":1,"DemandMax":null,"Value":42456},{"Length":153,"Height":277,"Demand":1,"DemandMax":null,"Value":42381},{"Length":150,"Height":282,"Demand":1,"DemandMax":null,"Value":42300},{"Length":146,"Height":288,"Demand":1,"DemandMax":null,"Value":42048},{"Length":192,"Height":218,"Demand":1,"DemandMax":null,"Value":41856},{"Length":212,"Height":197,"Demand":1,"DemandMax":null,"Value":41764},{"Length":267,"Height":156,"Demand":1,"DemandMax":null,"Value":41652},{"Length":172,"Height":242,"Demand":1,"DemandMax":null,"Value":41624},{"Length":303,"Height":137,"Demand":1,"DemandMax":null,"Value":41511},{"Length":166,"Height":250,"Demand":1,"DemandMax":null,"Value":41500},{"Length":187,"Height":221,"Demand":1,"DemandMax":null,"Value":41327},{"Length":135,"Height":306,"Demand":1,"DemandMax":null,"Value":41310},{"Length":230,"Height":179,"Demand":1,"DemandMax":null,"Value":41170},{"Length":127,"Height":324,"Demand":1,"DemandMax":null,"Value":41148},{"Length":329,"Height":125,"Demand":1,"DemandMax":null,"Value":41125},{"Length":350,"Height":117,"Demand":1,"DemandMax":null,"Value":40950},{"Length":165,"Height":248,"Demand":1,"DemandMax":null,"Value":40920},{"Length":245,"Height":167,"Demand":1,"DemandMax":null,"Value":40915},{"Length":189,"Height":216,"Demand":1,"DemandMax":null,"Value":40824},{"Length":157,"Height":260,"Demand":1,"DemandMax":null,"Value":40820},{"Length":136,"Height":300,"Demand":1,"DemandMax":null,"Value":40800},{"Length":152,"Height":268,"Demand":1,"DemandMax":null,"Value":40736},{"Length":116,"Height":349,"Demand":1,"DemandMax":null,"Value":40484},{"Length":113,"Height":358,"Demand":1,"DemandMax":null,"Value":40454},{"Length":214,"Height":189,"Demand":1,"DemandMax":null,"Value":40446},{"Length":160,"Height":252,"Demand":1,"DemandMax":null,"Value":40320},{"Length":265,"Height":152,"Demand":1,"DemandMax":null,"Value":40280},{"Length":112,"Height":359,"Demand":1,"DemandMax":null,"Value":40208},{"Length":268,"Height":150,"Demand":1,"DemandMax":null,"Value":40200},{"Length":345,"Height":116,"Demand":1,"DemandMax":null,"Value":40020},{"Length":256,"Height":156,"Demand":1,"DemandMax":null,"Value":39936},{"Length":110,"Height":362,"Demand":1,"DemandMax":null,"Value":39820},{"Length":352,"Height":113,"Demand":1,"DemandMax":null,"Value":39776},{"Length":246,"Height":161,"Demand":1,"DemandMax":null,"Value":39606},{"Length":166,"Height":238,"Demand":1,"DemandMax":null,"Value":39508},{"Length":190,"Height":207,"Demand":1,"DemandMax":null,"Value":39330},{"Length":157,"Height":250,"Demand":1,"DemandMax":null,"Value":39250},{"Length":213,"Height":184,"Demand":1,"DemandMax":null,"Value":39192},{"Length":274,"Height":143,"Demand":1,"DemandMax":null,"Value":39182},{"Length":258,"Height":151,"Demand":1,"DemandMax":null,"Value":38958},{"Length":239,"Height":163,"Demand":1,"DemandMax":null,"Value":38957},{"Length":308,"Height":126,"Demand":1,"DemandMax":null,"Value":38808},{"Length":260,"Height":149,"Demand":1,"DemandMax":null,"Value":38740},{"Length":289,"Height":134,"Demand":1,"DemandMax":null,"Value":38726},{"Length":251,"Height":154,"Demand":1,"DemandMax":null,"Value":38654},{"Length":226,"Height":171,"Demand":1,"DemandMax":null,"Value":38646},{"Length":161,"Height":240,"Demand":1,"DemandMax":null,"Value":38640},{"Length":234,"Height":165,"Demand":1,"DemandMax":null,"Value":38610},{"Length":161,"Height":239,"Demand":1,"DemandMax":null,"Value":38479},{"Length":127,"Height":302,"Demand":1,"DemandMax":null,"Value":38354},{"Length":325,"Height":118,"Demand":1,"DemandMax":null,"Value":38350},{"Length":355,"Height":108,"Demand":1,"DemandMax":null,"Value":38340},{"Length":105,"Height":365,"Demand":1,"DemandMax":null,"Value":38325},{"Length":184,"Height":208,"Demand":1,"DemandMax":null,"Value":38272},{"Length":202,"Height":188,"Demand":1,"DemandMax":null,"Value":37976},{"Length":222,"Height":171,"Demand":1,"DemandMax":null,"Value":37962},{"Length":230,"Height":165,"Demand":1,"DemandMax":null,"Value":37950},{"Length":205,"Height":185,"Demand":1,"DemandMax":null,"Value":37925},{"Length":101,"Height":375,"Demand":1,"DemandMax":null,"Value":37875},{"Length":242,"Height":156,"Demand":1,"DemandMax":null,"Value":37752},{"Length":127,"Height":297,"Demand":1,"DemandMax":null,"Value":37719},{"Length":176,"Height":214,"Demand":1,"DemandMax":null,"Value":37664},{"Length":173,"Height":217,"Demand":1,"DemandMax":null,"Value":37541},{"Length":135,"Height":277,"Demand":1,"DemandMax":null,"Value":37395},{"Length":369,"Height":101,"Demand":1,"DemandMax":null,"Value":37269},{"Length":130,"Height":286,"Demand":1,"DemandMax":null,"Value":37180},{"Length":164,"Height":226,"Demand":1,"DemandMax":null,"Value":37064},{"Length":144,"Height":256,"Demand":1,"DemandMax":null,"Value":36864},{"Length":184,"Height":200,"Demand":1,"DemandMax":null,"Value":36800},{"Length":155,"Height":237,"Demand":1,"DemandMax":null,"Value":36735},{"Length":266,"Height":138,"Demand":1,"DemandMax":null,"Value":36708},{"Length":145,"Height":253,"Demand":1,"DemandMax":null,"Value":36685},{"Length":108,"Height":339,"Demand":1,"DemandMax":null,"Value":36612},{"Length":122,"Height":300,"Demand":1,"DemandMax":null,"Value":36600},{"Length":353,"Height":103,"Demand":1,"DemandMax":null,"Value":36359},{"Length":196,"Height":185,"Demand":1,"DemandMax":null,"Value":36260},{"Length":312,"Height":116,"Demand":1,"DemandMax":null,"Value":36192},{"Length":253,"Height":143,"Demand":1,"DemandMax":null,"Value":36179},{"Length":191,"Height":189,"Demand":1,"DemandMax":null,"Value":36099},{"Length":118,"Height":305,"Demand":1,"DemandMax":null,"Value":35990},{"Length":174,"Height":205,"Demand":1,"DemandMax":null,"Value":35670},{"Length":126,"Height":283,"Demand":1,"DemandMax":null,"Value":35658},{"Length":130,"Height":271,"Demand":1,"DemandMax":null,"Value":35230},{"Length":124,"Height":284,"Demand":1,"DemandMax":null,"Value":35216},{"Length":230,"Height":153,"Demand":1,"DemandMax":null,"Value":35190},{"Length":260,"Height":134,"Demand":1,"DemandMax":null,"Value":34840},{"Length":370,"Height":94,"Demand":1,"DemandMax":null,"Value":34780},{"Length":280,"Height":124,"Demand":1,"DemandMax":null,"Value":34720},{"Length":259,"Height":134,"Demand":1,"DemandMax":null,"Value":34706},{"Length":172,"Height":201,"Demand":1,"DemandMax":null,"Value":34572},{"Length":129,"Height":268,"Demand":1,"DemandMax":null,"Value":34572},{"Length":121,"Height":284,"Demand":1,"DemandMax":null,"Value":34364},{"Length":175,"Height":196,"Demand":1,"DemandMax":null,"Value":34300},{"Length":158,"Height":217,"Demand":1,"DemandMax":null,"Value":34286},{"Length":250,"Height":136,"Demand":1,"DemandMax":null,"Value":34000},{"Length":168,"Height":202,"Demand":1,"DemandMax":null,"Value":33936},{"Length":151,"Height":223,"Demand":1,"DemandMax":null,"Value":33673},{"Length":134,"Height":251,"Demand":1,"DemandMax":null,"Value":33634},{"Length":98,"Height":343,"Demand":1,"DemandMax":null,"Value":33614},{"Length":130,"Height":258,"Demand":1,"DemandMax":null,"Value":33540},{"Length":268,"Height":125,"Demand":1,"DemandMax":null,"Value":33500},{"Length":186,"Height":180,"Demand":1,"DemandMax":null,"Value":33480},{"Length":371,"Height":90,"Demand":1,"DemandMax":null,"Value":33390},{"Length":92,"Height":362,"Demand":1,"DemandMax":null,"Value":33304},{"Length":235,"Height":141,"Demand":1,"DemandMax":null,"Value":33135},{"Length":107,"Height":309,"Demand":1,"DemandMax":null,"Value":33063},{"Length":344,"Height":96,"Demand":1,"DemandMax":null,"Value":33024},{"Length":355,"Height":93,"Demand":1,"DemandMax":null,"Value":33015},{"Length":158,"Height":208,"Demand":1,"DemandMax":null,"Value":32864},{"Length":155,"Height":212,"Demand":1,"DemandMax":null,"Value":32860},{"Length":296,"Height":111,"Demand":1,"DemandMax":null,"Value":32856},{"Length":150,"Height":219,"Demand":1,"DemandMax":null,"Value":32850},{"Length":158,"Height":207,"Demand":1,"DemandMax":null,"Value":32706},{"Length":227,"Height":144,"Demand":1,"DemandMax":null,"Value":32688},{"Length":361,"Height":90,"Demand":1,"DemandMax":null,"Value":32490},{"Length":103,"Height":315,"Demand":1,"DemandMax":null,"Value":32445},{"Length":161,"Height":199,"Demand":1,"DemandMax":null,"Value":32039},{"Length":330,"Height":97,"Demand":1,"DemandMax":null,"Value":32010},{"Length":109,"Height":293,"Demand":1,"DemandMax":null,"Value":31937},{"Length":236,"Height":135,"Demand":1,"DemandMax":null,"Value":31860},{"Length":267,"Height":119,"Demand":1,"DemandMax":null,"Value":31773},{"Length":280,"Height":113,"Demand":1,"DemandMax":null,"Value":31640},{"Length":104,"Height":304,"Demand":1,"DemandMax":null,"Value":31616},{"Length":264,"Height":119,"Demand":1,"DemandMax":null,"Value":31416},{"Length":190,"Height":165,"Demand":1,"DemandMax":null,"Value":31350},{"Length":121,"Height":259,"Demand":1,"DemandMax":null,"Value":31339},{"Length":116,"Height":270,"Demand":1,"DemandMax":null,"Value":31320},{"Length":170,"Height":184,"Demand":1,"DemandMax":null,"Value":31280},{"Length":169,"Height":185,"Demand":1,"DemandMax":null,"Value":31265},{"Length":112,"Height":279,"Demand":1,"DemandMax":null,"Value":31248},{"Length":107,"Height":292,"Demand":1,"DemandMax":null,"Value":31244},{"Length":148,"Height":211,"Demand":1,"DemandMax":null,"Value":31228},{"Length":116,"Height":268,"Demand":1,"DemandMax":null,"Value":31088},{"Length":135,"Height":230,"Demand":1,"DemandMax":null,"Value":31050},{"Length":282,"Height":110,"Demand":1,"DemandMax":null,"Value":31020},{"Length":250,"Height":124,"Demand":1,"DemandMax":null,"Value":31000},{"Length":111,"Height":279,"Demand":1,"DemandMax":null,"Value":30969},{"Length":280,"Height":110,"Demand":1,"DemandMax":null,"Value":30800},{"Length":362,"Height":85,"Demand":1,"DemandMax":null,"Value":30770},{"Length":191,"Height":161,"Demand":1,"DemandMax":null,"Value":30751},{"Length":317,"Height":97,"Demand":1,"DemandMax":null,"Value":30749},{"Length":117,"Height":262,"Demand":1,"DemandMax":null,"Value":30654},{"Length":86,"Height":355,"Demand":1,"DemandMax":null,"Value":30530},{"Length":296,"Height":103,"Demand":1,"DemandMax":null,"Value":30488},{"Length":82,"Height":371,"Demand":1,"DemandMax":null,"Value":30422},{"Length":326,"Height":93,"Demand":1,"DemandMax":null,"Value":30318},{"Length":101,"Height":300,"Demand":1,"DemandMax":null,"Value":30300},{"Length":98,"Height":309,"Demand":1,"DemandMax":null,"Value":30282},{"Length":340,"Height":89,"Demand":1,"DemandMax":null,"Value":30260},{"Length":96,"Height":314,"Demand":1,"DemandMax":null,"Value":30144},{"Length":142,"Height":212,"Demand":1,"DemandMax":null,"Value":30104},{"Length":90,"Height":334,"Demand":1,"DemandMax":null,"Value":30060},{"Length":196,"Height":153,"Demand":1,"DemandMax":null,"Value":29988},{"Length":305,"Height":98,"Demand":1,"DemandMax":null,"Value":29890},{"Length":119,"Height":251,"Demand":1,"DemandMax":null,"Value":29869},{"Length":364,"Height":82,"Demand":1,"DemandMax":null,"Value":29848},{"Length":360,"Height":82,"Demand":1,"DemandMax":null,"Value":29520},{"Length":122,"Height":241,"Demand":1,"DemandMax":null,"Value":29402},{"Length":235,"Height":125,"Demand":1,"DemandMax":null,"Value":29375},{"Length":154,"Height":189,"Demand":1,"DemandMax":null,"Value":29106},{"Length":169,"Height":172,"Demand":1,"DemandMax":null,"Value":29068},{"Length":186,"Height":156,"Demand":1,"DemandMax":null,"Value":29016},{"Length":91,"Height":318,"Demand":1,"DemandMax":null,"Value":28938},{"Length":189,"Height":153,"Demand":1,"DemandMax":null,"Value":28917},{"Length":146,"Height":197,"Demand":1,"DemandMax":null,"Value":28762},{"Length":293,"Height":98,"Demand":1,"DemandMax":null,"Value":28714},{"Length":91,"Height":315,"Demand":1,"DemandMax":null,"Value":28665},{"Length":141,"Height":203,"Demand":1,"DemandMax":null,"Value":28623},{"Length":95,"Height":300,"Demand":1,"DemandMax":null,"Value":28500},{"Length":154,"Height":185,"Demand":1,"DemandMax":null,"Value":28490},{"Length":178,"Height":160,"Demand":1,"DemandMax":null,"Value":28480},{"Length":84,"Height":339,"Demand":1,"DemandMax":null,"Value":28476},{"Length":98,"Height":290,"Demand":1,"DemandMax":null,"Value":28420},{"Length":119,"Height":238,"Demand":1,"DemandMax":null,"Value":28322},{"Length":248,"Height":114,"Demand":1,"DemandMax":null,"Value":28272},{"Length":143,"Height":197,"Demand":1,"DemandMax":null,"Value":28171},{"Length":375,"Height":75,"Demand":1,"DemandMax":null,"Value":28125},{"Length":91,"Height":309,"Demand":1,"DemandMax":null,"Value":28119},{"Length":140,"Height":200,"Demand":1,"DemandMax":null,"Value":28000},{"Length":363,"Height":77,"Demand":1,"DemandMax":null,"Value":27951},{"Length":178,"Height":157,"Demand":1,"DemandMax":null,"Value":27946},{"Length":110,"Height":254,"Demand":1,"DemandMax":null,"Value":27940},{"Length":130,"Height":214,"Demand":1,"DemandMax":null,"Value":27820},{"Length":202,"Height":136,"Demand":1,"DemandMax":null,"Value":27472},{"Length":283,"Height":97,"Demand":1,"DemandMax":null,"Value":27451},{"Length":100,"Height":274,"Demand":1,"DemandMax":null,"Value":27400},{"Length":110,"Height":249,"Demand":1,"DemandMax":null,"Value":27390},{"Length":228,"Height":120,"Demand":1,"DemandMax":null,"Value":27360},{"Length":143,"Height":191,"Demand":1,"DemandMax":null,"Value":27313},{"Length":80,"Height":341,"Demand":1,"DemandMax":null,"Value":27280},{"Length":192,"Height":142,"Demand":1,"DemandMax":null,"Value":27264},{"Length":349,"Height":78,"Demand":1,"DemandMax":null,"Value":27222},{"Length":227,"Height":119,"Demand":1,"DemandMax":null,"Value":27013},{"Length":181,"Height":149,"Demand":1,"DemandMax":null,"Value":26969},{"Length":175,"Height":154,"Demand":1,"DemandMax":null,"Value":26950},{"Length":77,"Height":349,"Demand":1,"DemandMax":null,"Value":26873},{"Length":174,"Height":154,"Demand":1,"DemandMax":null,"Value":26796},{"Length":94,"Height":284,"Demand":1,"DemandMax":null,"Value":26696},{"Length":154,"Height":173,"Demand":1,"DemandMax":null,"Value":26642},{"Length":174,"Height":153,"Demand":1,"DemandMax":null,"Value":26622},{"Length":151,"Height":176,"Demand":1,"DemandMax":null,"Value":26576},{"Length":257,"Height":103,"Demand":1,"DemandMax":null,"Value":26471},{"Length":262,"Height":101,"Demand":1,"DemandMax":null,"Value":26462},{"Length":82,"Height":322,"Demand":1,"DemandMax":null,"Value":26404},{"Length":317,"Height":83,"Demand":1,"DemandMax":null,"Value":26311},{"Length":265,"Height":99,"Demand":1,"DemandMax":null,"Value":26235},{"Length":71,"Height":369,"Demand":1,"DemandMax":null,"Value":26199},{"Length":154,"Height":170,"Demand":1,"DemandMax":null,"Value":26180},{"Length":118,"Height":220,"Demand":1,"DemandMax":null,"Value":25960},{"Length":259,"Height":100,"Demand":1,"DemandMax":null,"Value":25900},{"Length":286,"Height":90,"Demand":1,"DemandMax":null,"Value":25740},{"Length":306,"Height":84,"Demand":1,"DemandMax":null,"Value":25704},{"Length":136,"Height":189,"Demand":1,"DemandMax":null,"Value":25704},{"Length":273,"Height":94,"Demand":1,"DemandMax":null,"Value":25662},{"Length":71,"Height":361,"Demand":1,"DemandMax":null,"Value":25631},{"Length":211,"Height":121,"Demand":1,"DemandMax":null,"Value":25531},{"Length":129,"Height":197,"Demand":1,"DemandMax":null,"Value":25413},{"Length":239,"Height":106,"Demand":1,"DemandMax":null,"Value":25334},{"Length":248,"Height":102,"Demand":1,"DemandMax":null,"Value":25296},{"Length":311,"Height":81,"Demand":1,"DemandMax":null,"Value":25191},{"Length":90,"Height":279,"Demand":1,"DemandMax":null,"Value":25110},{"Length":94,"Height":267,"Demand":1,"DemandMax":null,"Value":25098},{"Length":132,"Height":190,"Demand":1,"DemandMax":null,"Value":25080},{"Length":205,"Height":121,"Demand":1,"DemandMax":null,"Value":24805},{"Length":223,"Height":111,"Demand":1,"DemandMax":null,"Value":24753},{"Length":296,"Height":83,"Demand":1,"DemandMax":null,"Value":24568},{"Length":115,"Height":213,"Demand":1,"DemandMax":null,"Value":24495},{"Length":136,"Height":180,"Demand":1,"DemandMax":null,"Value":24480},{"Length":165,"Height":148,"Demand":1,"DemandMax":null,"Value":24420},{"Length":186,"Height":131,"Demand":1,"DemandMax":null,"Value":24366},{"Length":347,"Height":70,"Demand":1,"DemandMax":null,"Value":24290},{"Length":191,"Height":127,"Demand":1,"DemandMax":null,"Value":24257},{"Length":87,"Height":278,"Demand":1,"DemandMax":null,"Value":24186},{"Length":74,"Height":326,"Demand":1,"DemandMax":null,"Value":24124},{"Length":65,"Height":371,"Demand":1,"DemandMax":null,"Value":24115},{"Length":130,"Height":185,"Demand":1,"DemandMax":null,"Value":24050},{"Length":167,"Height":144,"Demand":1,"DemandMax":null,"Value":24048},{"Length":88,"Height":273,"Demand":1,"DemandMax":null,"Value":24024},{"Length":357,"Height":67,"Demand":1,"DemandMax":null,"Value":23919},{"Length":69,"Height":346,"Demand":1,"DemandMax":null,"Value":23874},{"Length":66,"Height":359,"Demand":1,"DemandMax":null,"Value":23694},{"Length":133,"Height":178,"Demand":1,"DemandMax":null,"Value":23674},{"Length":286,"Height":82,"Demand":1,"DemandMax":null,"Value":23452},{"Length":312,"Height":75,"Demand":1,"DemandMax":null,"Value":23400},{"Length":360,"Height":65,"Demand":1,"DemandMax":null,"Value":23400},{"Length":254,"Height":92,"Demand":1,"DemandMax":null,"Value":23368},{"Length":65,"Height":359,"Demand":1,"DemandMax":null,"Value":23335},{"Length":158,"Height":147,"Demand":1,"DemandMax":null,"Value":23226},{"Length":159,"Height":146,"Demand":1,"DemandMax":null,"Value":23214},{"Length":96,"Height":241,"Demand":1,"DemandMax":null,"Value":23136},{"Length":282,"Height":82,"Demand":1,"DemandMax":null,"Value":23124},{"Length":201,"Height":115,"Demand":1,"DemandMax":null,"Value":23115},{"Length":335,"Height":69,"Demand":1,"DemandMax":null,"Value":23115},{"Length":76,"Height":304,"Demand":1,"DemandMax":null,"Value":23104},{"Length":205,"Height":112,"Demand":1,"DemandMax":null,"Value":22960},{"Length":154,"Height":149,"Demand":1,"DemandMax":null,"Value":22946},{"Length":127,"Height":180,"Demand":1,"DemandMax":null,"Value":22860},{"Length":73,"Height":312,"Demand":1,"DemandMax":null,"Value":22776},{"Length":230,"Height":99,"Demand":1,"DemandMax":null,"Value":22770},{"Length":143,"Height":159,"Demand":1,"DemandMax":null,"Value":22737},{"Length":184,"Height":123,"Demand":1,"DemandMax":null,"Value":22632},{"Length":86,"Height":263,"Demand":1,"DemandMax":null,"Value":22618},{"Length":327,"Height":69,"Demand":1,"DemandMax":null,"Value":22563},{"Length":255,"Height":88,"Demand":1,"DemandMax":null,"Value":22440},{"Length":190,"Height":118,"Demand":1,"DemandMax":null,"Value":22420},{"Length":306,"Height":73,"Demand":1,"DemandMax":null,"Value":22338},{"Length":66,"Height":338,"Demand":1,"DemandMax":null,"Value":22308},{"Length":323,"Height":69,"Demand":1,"DemandMax":null,"Value":22287},{"Length":171,"Height":130,"Demand":1,"DemandMax":null,"Value":22230},{"Length":85,"Height":261,"Demand":1,"DemandMax":null,"Value":22185},{"Length":230,"Height":96,"Demand":1,"DemandMax":null,"Value":22080},{"Length":166,"Height":133,"Demand":1,"DemandMax":null,"Value":22078},{"Length":334,"Height":66,"Demand":1,"DemandMax":null,"Value":22044},{"Length":93,"Height":237,"Demand":1,"DemandMax":null,"Value":22041},{"Length":195,"Height":113,"Demand":1,"DemandMax":null,"Value":22035},{"Length":65,"Height":338,"Demand":1,"DemandMax":null,"Value":21970},{"Length":183,"Height":120,"Demand":1,"DemandMax":null,"Value":21960},{"Length":65,"Height":334,"Demand":1,"DemandMax":null,"Value":21710},{"Length":179,"Height":121,"Demand":1,"DemandMax":null,"Value":21659},{"Length":309,"Height":70,"Demand":1,"DemandMax":null,"Value":21630},{"Length":135,"Height":160,"Demand":1,"DemandMax":null,"Value":21600},{"Length":58,"Height":372,"Demand":1,"DemandMax":null,"Value":21576},{"Length":90,"Height":238,"Demand":1,"DemandMax":null,"Value":21420},{"Length":62,"Height":343,"Demand":1,"DemandMax":null,"Value":21266},{"Length":204,"Height":104,"Demand":1,"DemandMax":null,"Value":21216},{"Length":144,"Height":147,"Demand":1,"DemandMax":null,"Value":21168},{"Length":62,"Height":341,"Demand":1,"DemandMax":null,"Value":21142},{"Length":139,"Height":152,"Demand":1,"DemandMax":null,"Value":21128},{"Length":176,"Height":120,"Demand":1,"DemandMax":null,"Value":21120},{"Length":71,"Height":295,"Demand":1,"DemandMax":null,"Value":20945},{"Length":75,"Height":279,"Demand":1,"DemandMax":null,"Value":20925},{"Length":99,"Height":208,"Demand":1,"DemandMax":null,"Value":20592},{"Length":92,"Height":223,"Demand":1,"DemandMax":null,"Value":20516},{"Length":291,"Height":70,"Demand":1,"DemandMax":null,"Value":20370},{"Length":175,"Height":116,"Demand":1,"DemandMax":null,"Value":20300},{"Length":103,"Height":196,"Demand":1,"DemandMax":null,"Value":20188},{"Length":76,"Height":265,"Demand":1,"DemandMax":null,"Value":20140},{"Length":98,"Height":205,"Demand":1,"DemandMax":null,"Value":20090},{"Length":287,"Height":70,"Demand":1,"DemandMax":null,"Value":20090},{"Length":109,"Height":184,"Demand":1,"DemandMax":null,"Value":20056},{"Length":79,"Height":253,"Demand":1,"DemandMax":null,"Value":19987},{"Length":192,"Height":104,"Demand":1,"DemandMax":null,"Value":19968},{"Length":73,"Height":273,"Demand":1,"DemandMax":null,"Value":19929},{"Length":293,"Height":68,"Demand":1,"DemandMax":null,"Value":19924},{"Length":62,"Height":321,"Demand":1,"DemandMax":null,"Value":19902},{"Length":271,"Height":73,"Demand":1,"DemandMax":null,"Value":19783},{"Length":90,"Height":217,"Demand":1,"DemandMax":null,"Value":19530},{"Length":271,"Height":72,"Demand":1,"DemandMax":null,"Value":19512},{"Length":112,"Height":174,"Demand":1,"DemandMax":null,"Value":19488},{"Length":121,"Height":161,"Demand":1,"DemandMax":null,"Value":19481},{"Length":142,"Height":137,"Demand":1,"DemandMax":null,"Value":19454},{"Length":53,"Height":366,"Demand":1,"DemandMax":null,"Value":19398},{"Length":105,"Height":184,"Demand":1,"DemandMax":null,"Value":19320},{"Length":142,"Height":136,"Demand":1,"DemandMax":null,"Value":19312},{"Length":257,"Height":75,"Demand":1,"DemandMax":null,"Value":19275},{"Length":66,"Height":292,"Demand":1,"DemandMax":null,"Value":19272},{"Length":120,"Height":160,"Demand":1,"DemandMax":null,"Value":19200},{"Length":75,"Height":254,"Demand":1,"DemandMax":null,"Value":19050},{"Length":293,"Height":65,"Demand":1,"DemandMax":null,"Value":19045},{"Length":172,"Height":110,"Demand":1,"DemandMax":null,"Value":18920},{"Length":198,"Height":95,"Demand":1,"DemandMax":null,"Value":18810},{"Length":91,"Height":206,"Demand":1,"DemandMax":null,"Value":18746},{"Length":270,"Height":69,"Demand":1,"DemandMax":null,"Value":18630},{"Length":52,"Height":356,"Demand":1,"DemandMax":null,"Value":18512},{"Length":288,"Height":64,"Demand":1,"DemandMax":null,"Value":18432},{"Length":364,"Height":50,"Demand":1,"DemandMax":null,"Value":18200},{"Length":102,"Height":177,"Demand":1,"DemandMax":null,"Value":18054},{"Length":269,"Height":67,"Demand":1,"DemandMax":null,"Value":18023},{"Length":202,"Height":89,"Demand":1,"DemandMax":null,"Value":17978},{"Length":75,"Height":239,"Demand":1,"DemandMax":null,"Value":17925},{"Length":161,"Height":111,"Demand":1,"DemandMax":null,"Value":17871},{"Length":56,"Height":319,"Demand":1,"DemandMax":null,"Value":17864},{"Length":128,"Height":138,"Demand":1,"DemandMax":null,"Value":17664},{"Length":353,"Height":50,"Demand":1,"DemandMax":null,"Value":17650},{"Length":229,"Height":77,"Demand":1,"DemandMax":null,"Value":17633},{"Length":58,"Height":303,"Demand":1,"DemandMax":null,"Value":17574},{"Length":49,"Height":358,"Demand":1,"DemandMax":null,"Value":17542},{"Length":83,"Height":210,"Demand":1,"DemandMax":null,"Value":17430},{"Length":66,"Height":264,"Demand":1,"DemandMax":null,"Value":17424},{"Length":228,"Height":76,"Demand":1,"DemandMax":null,"Value":17328},{"Length":148,"Height":117,"Demand":1,"DemandMax":null,"Value":17316},{"Length":52,"Height":333,"Demand":1,"DemandMax":null,"Value":17316},{"Length":168,"Height":103,"Demand":1,"DemandMax":null,"Value":17304},{"Length":173,"Height":100,"Demand":1,"DemandMax":null,"Value":17300},{"Length":91,"Height":190,"Demand":1,"DemandMax":null,"Value":17290},{"Length":69,"Height":250,"Demand":1,"DemandMax":null,"Value":17250},{"Length":67,"Height":257,"Demand":1,"DemandMax":null,"Value":17219},{"Length":52,"Height":330,"Demand":1,"DemandMax":null,"Value":17160},{"Length":78,"Height":219,"Demand":1,"DemandMax":null,"Value":17082},{"Length":210,"Height":81,"Demand":1,"DemandMax":null,"Value":17010},{"Length":132,"Height":128,"Demand":1,"DemandMax":null,"Value":16896},{"Length":172,"Height":98,"Demand":1,"DemandMax":null,"Value":16856},{"Length":133,"Height":126,"Demand":1,"DemandMax":null,"Value":16758},{"Length":74,"Height":226,"Demand":1,"DemandMax":null,"Value":16724},{"Length":297,"Height":56,"Demand":1,"DemandMax":null,"Value":16632},{"Length":275,"Height":60,"Demand":1,"DemandMax":null,"Value":16500},{"Length":104,"Height":158,"Demand":1,"DemandMax":null,"Value":16432},{"Length":102,"Height":161,"Demand":1,"DemandMax":null,"Value":16422},{"Length":109,"Height":150,"Demand":1,"DemandMax":null,"Value":16350},{"Length":99,"Height":165,"Demand":1,"DemandMax":null,"Value":16335},{"Length":75,"Height":217,"Demand":1,"DemandMax":null,"Value":16275},{"Length":229,"Height":71,"Demand":1,"DemandMax":null,"Value":16259},{"Length":106,"Height":153,"Demand":1,"DemandMax":null,"Value":16218},{"Length":144,"Height":112,"Demand":1,"DemandMax":null,"Value":16128},{"Length":47,"Height":341,"Demand":1,"DemandMax":null,"Value":16027},{"Length":146,"Height":109,"Demand":1,"DemandMax":null,"Value":15914},{"Length":61,"Height":260,"Demand":1,"DemandMax":null,"Value":15860},{"Length":58,"Height":273,"Demand":1,"DemandMax":null,"Value":15834},{"Length":199,"Height":79,"Demand":1,"DemandMax":null,"Value":15721},{"Length":165,"Height":95,"Demand":1,"DemandMax":null,"Value":15675},{"Length":161,"Height":97,"Demand":1,"DemandMax":null,"Value":15617},{"Length":129,"Height":121,"Demand":1,"DemandMax":null,"Value":15609},{"Length":63,"Height":245,"Demand":1,"DemandMax":null,"Value":15435},{"Length":58,"Height":266,"Demand":1,"DemandMax":null,"Value":15428},{"Length":319,"Height":48,"Demand":1,"DemandMax":null,"Value":15312},{"Length":215,"Height":71,"Demand":1,"DemandMax":null,"Value":15265},{"Length":59,"Height":258,"Demand":1,"DemandMax":null,"Value":15222},{"Length":298,"Height":51,"Demand":1,"DemandMax":null,"Value":15198},{"Length":120,"Height":126,"Demand":1,"DemandMax":null,"Value":15120},{"Length":260,"Height":58,"Demand":1,"DemandMax":null,"Value":15080},{"Length":50,"Height":301,"Demand":1,"DemandMax":null,"Value":15050},{"Length":235,"Height":64,"Demand":1,"DemandMax":null,"Value":15040},{"Length":68,"Height":221,"Demand":1,"DemandMax":null,"Value":15028},{"Length":148,"Height":101,"Demand":1,"DemandMax":null,"Value":14948},{"Length":79,"Height":189,"Demand":1,"DemandMax":null,"Value":14931},{"Length":43,"Height":347,"Demand":1,"DemandMax":null,"Value":14921},{"Length":127,"Height":117,"Demand":1,"DemandMax":null,"Value":14859},{"Length":185,"Height":80,"Demand":1,"DemandMax":null,"Value":14800},{"Length":68,"Height":217,"Demand":1,"DemandMax":null,"Value":14756},{"Length":340,"Height":43,"Demand":1,"DemandMax":null,"Value":14620},{"Length":189,"Height":77,"Demand":1,"DemandMax":null,"Value":14553},{"Length":39,"Height":373,"Demand":1,"DemandMax":null,"Value":14547},{"Length":202,"Height":72,"Demand":1,"DemandMax":null,"Value":14544},{"Length":98,"Height":148,"Demand":1,"DemandMax":null,"Value":14504},{"Length":215,"Height":67,"Demand":1,"DemandMax":null,"Value":14405},{"Length":64,"Height":225,"Demand":1,"DemandMax":null,"Value":14400},{"Length":299,"Height":48,"Demand":1,"DemandMax":null,"Value":14352},{"Length":202,"Height":71,"Demand":1,"DemandMax":null,"Value":14342},{"Length":174,"Height":82,"Demand":1,"DemandMax":null,"Value":14268},{"Length":72,"Height":198,"Demand":1,"DemandMax":null,"Value":14256},{"Length":373,"Height":38,"Demand":1,"DemandMax":null,"Value":14174},{"Length":41,"Height":344,"Demand":1,"DemandMax":null,"Value":14104},{"Length":127,"Height":111,"Demand":1,"DemandMax":null,"Value":14097},{"Length":55,"Height":256,"Demand":1,"DemandMax":null,"Value":14080},{"Length":101,"Height":139,"Demand":1,"DemandMax":null,"Value":14039},{"Length":140,"Height":100,"Demand":1,"DemandMax":null,"Value":14000},{"Length":159,"Height":88,"Demand":1,"DemandMax":null,"Value":13992},{"Length":261,"Height":53,"Demand":1,"DemandMax":null,"Value":13833},{"Length":152,"Height":91,"Demand":1,"DemandMax":null,"Value":13832},{"Length":215,"Height":64,"Demand":1,"DemandMax":null,"Value":13760},{"Length":54,"Height":254,"Demand":1,"DemandMax":null,"Value":13716},{"Length":39,"Height":351,"Demand":1,"DemandMax":null,"Value":13689},{"Length":210,"Height":65,"Demand":1,"DemandMax":null,"Value":13650},{"Length":109,"Height":125,"Demand":1,"DemandMax":null,"Value":13625},{"Length":86,"Height":158,"Demand":1,"DemandMax":null,"Value":13588},{"Length":112,"Height":121,"Demand":1,"DemandMax":null,"Value":13552},{"Length":50,"Height":271,"Demand":1,"DemandMax":null,"Value":13550},{"Length":366,"Height":37,"Demand":1,"DemandMax":null,"Value":13542},{"Length":41,"Height":328,"Demand":1,"DemandMax":null,"Value":13448},{"Length":184,"Height":73,"Demand":1,"DemandMax":null,"Value":13432},{"Length":85,"Height":157,"Demand":1,"DemandMax":null,"Value":13345},{"Length":109,"Height":121,"Demand":1,"DemandMax":null,"Value":13189},{"Length":229,"Height":57,"Demand":1,"DemandMax":null,"Value":13053},{"Length":351,"Height":37,"Demand":1,"DemandMax":null,"Value":12987},{"Length":339,"Height":38,"Demand":1,"DemandMax":null,"Value":12882},{"Length":107,"Height":120,"Demand":1,"DemandMax":null,"Value":12840},{"Length":364,"Height":35,"Demand":1,"DemandMax":null,"Value":12740},{"Length":182,"Height":70,"Demand":1,"DemandMax":null,"Value":12740},{"Length":303,"Height":42,"Demand":1,"DemandMax":null,"Value":12726},{"Length":68,"Height":187,"Demand":1,"DemandMax":null,"Value":12716},{"Length":148,"Height":85,"Demand":1,"DemandMax":null,"Value":12580},{"Length":76,"Height":165,"Demand":1,"DemandMax":null,"Value":12540},{"Length":297,"Height":42,"Demand":1,"DemandMax":null,"Value":12474},{"Length":93,"Height":134,"Demand":1,"DemandMax":null,"Value":12462},{"Length":36,"Height":346,"Demand":1,"DemandMax":null,"Value":12456},{"Length":53,"Height":234,"Demand":1,"DemandMax":null,"Value":12402},{"Length":45,"Height":275,"Demand":1,"DemandMax":null,"Value":12375},{"Length":79,"Height":156,"Demand":1,"DemandMax":null,"Value":12324},{"Length":37,"Height":333,"Demand":1,"DemandMax":null,"Value":12321},{"Length":37,"Height":332,"Demand":1,"DemandMax":null,"Value":12284},{"Length":361,"Height":34,"Demand":1,"DemandMax":null,"Value":12274},{"Length":108,"Height":113,"Demand":1,"DemandMax":null,"Value":12204},{"Length":112,"Height":108,"Demand":1,"DemandMax":null,"Value":12096},{"Length":39,"Height":307,"Demand":1,"DemandMax":null,"Value":11973},{"Length":92,"Height":130,"Demand":1,"DemandMax":null,"Value":11960},{"Length":87,"Height":137,"Demand":1,"DemandMax":null,"Value":11919},{"Length":58,"Height":205,"Demand":1,"DemandMax":null,"Value":11890},{"Length":120,"Height":99,"Demand":1,"DemandMax":null,"Value":11880},{"Length":371,"Height":32,"Demand":1,"DemandMax":null,"Value":11872},{"Length":276,"Height":43,"Demand":1,"DemandMax":null,"Value":11868},{"Length":138,"Height":86,"Demand":1,"DemandMax":null,"Value":11868},{"Length":59,"Height":201,"Demand":1,"DemandMax":null,"Value":11859},{"Length":57,"Height":208,"Demand":1,"DemandMax":null,"Value":11856},{"Length":37,"Height":317,"Demand":1,"DemandMax":null,"Value":11729},{"Length":253,"Height":46,"Demand":1,"DemandMax":null,"Value":11638},{"Length":372,"Height":31,"Demand":1,"DemandMax":null,"Value":11532},{"Length":36,"Height":319,"Demand":1,"DemandMax":null,"Value":11484},{"Length":234,"Height":49,"Demand":1,"DemandMax":null,"Value":11466},{"Length":153,"Height":74,"Demand":1,"DemandMax":null,"Value":11322},{"Length":82,"Height":138,"Demand":1,"DemandMax":null,"Value":11316},{"Length":163,"Height":69,"Demand":1,"DemandMax":null,"Value":11247},{"Length":374,"Height":30,"Demand":1,"DemandMax":null,"Value":11220},{"Length":40,"Height":279,"Demand":1,"DemandMax":null,"Value":11160},{"Length":47,"Height":237,"Demand":1,"DemandMax":null,"Value":11139},{"Length":39,"Height":284,"Demand":1,"DemandMax":null,"Value":11076},{"Length":221,"Height":50,"Demand":1,"DemandMax":null,"Value":11050},{"Length":93,"Height":118,"Demand":1,"DemandMax":null,"Value":10974},{"Length":35,"Height":311,"Demand":1,"DemandMax":null,"Value":10885},{"Length":52,"Height":209,"Demand":1,"DemandMax":null,"Value":10868},{"Length":213,"Height":51,"Demand":1,"DemandMax":null,"Value":10863},{"Length":43,"Height":251,"Demand":1,"DemandMax":null,"Value":10793},{"Length":291,"Height":37,"Demand":1,"DemandMax":null,"Value":10767},{"Length":224,"Height":48,"Demand":1,"DemandMax":null,"Value":10752},{"Length":56,"Height":191,"Demand":1,"DemandMax":null,"Value":10696},{"Length":194,"Height":55,"Demand":1,"DemandMax":null,"Value":10670},{"Length":169,"Height":63,"Demand":1,"DemandMax":null,"Value":10647},{"Length":116,"Height":91,"Demand":1,"DemandMax":null,"Value":10556},{"Length":124,"Height":85,"Demand":1,"DemandMax":null,"Value":10540},{"Length":202,"Height":52,"Demand":1,"DemandMax":null,"Value":10504},{"Length":88,"Height":119,"Demand":1,"DemandMax":null,"Value":10472},{"Length":61,"Height":170,"Demand":1,"DemandMax":null,"Value":10370},{"Length":295,"Height":35,"Demand":1,"DemandMax":null,"Value":10325},{"Length":198,"Height":52,"Demand":1,"DemandMax":null,"Value":10296},{"Length":168,"Height":61,"Demand":1,"DemandMax":null,"Value":10248},{"Length":43,"Height":237,"Demand":1,"DemandMax":null,"Value":10191},{"Length":36,"Height":282,"Demand":1,"DemandMax":null,"Value":10152},{"Length":90,"Height":112,"Demand":1,"DemandMax":null,"Value":10080},{"Length":186,"Height":54,"Demand":1,"DemandMax":null,"Value":10044},{"Length":61,"Height":164,"Demand":1,"DemandMax":null,"Value":10004},{"Length":311,"Height":32,"Demand":1,"DemandMax":null,"Value":9952},{"Length":275,"Height":36,"Demand":1,"DemandMax":null,"Value":9900},{"Length":51,"Height":194,"Demand":1,"DemandMax":null,"Value":9894},{"Length":240,"Height":41,"Demand":1,"DemandMax":null,"Value":9840},{"Length":102,"Height":96,"Demand":1,"DemandMax":null,"Value":9792},{"Length":35,"Height":279,"Demand":1,"DemandMax":null,"Value":9765},{"Length":82,"Height":119,"Demand":1,"DemandMax":null,"Value":9758},{"Length":79,"Height":122,"Demand":1,"DemandMax":null,"Value":9638},{"Length":96,"Height":100,"Demand":1,"DemandMax":null,"Value":9600},{"Length":169,"Height":56,"Demand":1,"DemandMax":null,"Value":9464},{"Length":75,"Height":126,"Demand":1,"DemandMax":null,"Value":9450},{"Length":255,"Height":37,"Demand":1,"DemandMax":null,"Value":9435},{"Length":39,"Height":237,"Demand":1,"DemandMax":null,"Value":9243},{"Length":51,"Height":181,"Demand":1,"DemandMax":null,"Value":9231},{"Length":31,"Height":294,"Demand":1,"DemandMax":null,"Value":9114},{"Length":52,"Height":175,"Demand":1,"DemandMax":null,"Value":9100},{"Length":260,"Height":35,"Demand":1,"DemandMax":null,"Value":9100},{"Length":104,"Height":87,"Demand":1,"DemandMax":null,"Value":9048},{"Length":59,"Height":153,"Demand":1,"DemandMax":null,"Value":9027},{"Length":94,"Height":95,"Demand":1,"DemandMax":null,"Value":8930},{"Length":241,"Height":37,"Demand":1,"DemandMax":null,"Value":8917},{"Length":50,"Height":178,"Demand":1,"DemandMax":null,"Value":8900},{"Length":58,"Height":153,"Demand":1,"DemandMax":null,"Value":8874},{"Length":92,"Height":96,"Demand":1,"DemandMax":null,"Value":8832},{"Length":138,"Height":63,"Demand":1,"DemandMax":null,"Value":8694},{"Length":177,"Height":49,"Demand":1,"DemandMax":null,"Value":8673},{"Length":228,"Height":38,"Demand":1,"DemandMax":null,"Value":8664},{"Length":234,"Height":37,"Demand":1,"DemandMax":null,"Value":8658},{"Length":44,"Height":195,"Demand":1,"DemandMax":null,"Value":8580},{"Length":91,"Height":94,"Demand":1,"DemandMax":null,"Value":8554},{"Length":53,"Height":161,"Demand":1,"DemandMax":null,"Value":8533},{"Length":129,"Height":66,"Demand":1,"DemandMax":null,"Value":8514},{"Length":25,"Height":337,"Demand":1,"DemandMax":null,"Value":8425},{"Length":162,"Height":52,"Demand":1,"DemandMax":null,"Value":8424},{"Length":50,"Height":167,"Demand":1,"DemandMax":null,"Value":8350},{"Length":277,"Height":30,"Demand":1,"DemandMax":null,"Value":8310},{"Length":156,"Height":53,"Demand":1,"DemandMax":null,"Value":8268},{"Length":74,"Height":111,"Demand":1,"DemandMax":null,"Value":8214},{"Length":149,"Height":55,"Demand":1,"DemandMax":null,"Value":8195},{"Length":34,"Height":241,"Demand":1,"DemandMax":null,"Value":8194},{"Length":103,"Height":79,"Demand":1,"DemandMax":null,"Value":8137},{"Length":198,"Height":41,"Demand":1,"DemandMax":null,"Value":8118},{"Length":100,"Height":81,"Demand":1,"DemandMax":null,"Value":8100},{"Length":65,"Height":124,"Demand":1,"DemandMax":null,"Value":8060},{"Length":87,"Height":92,"Demand":1,"DemandMax":null,"Value":8004},{"Length":27,"Height":295,"Demand":1,"DemandMax":null,"Value":7965},{"Length":39,"Height":203,"Demand":1,"DemandMax":null,"Value":7917},{"Length":43,"Height":184,"Demand":1,"DemandMax":null,"Value":7912},{"Length":108,"Height":73,"Demand":1,"DemandMax":null,"Value":7884},{"Length":75,"Height":105,"Demand":1,"DemandMax":null,"Value":7875},{"Length":186,"Height":42,"Demand":1,"DemandMax":null,"Value":7812},{"Length":33,"Height":235,"Demand":1,"DemandMax":null,"Value":7755},{"Length":79,"Height":98,"Demand":1,"DemandMax":null,"Value":7742},{"Length":90,"Height":86,"Demand":1,"DemandMax":null,"Value":7740},{"Length":82,"Height":94,"Demand":1,"DemandMax":null,"Value":7708},{"Length":247,"Height":31,"Demand":1,"DemandMax":null,"Value":7657},{"Length":36,"Height":211,"Demand":1,"DemandMax":null,"Value":7596},{"Length":56,"Height":135,"Demand":1,"DemandMax":null,"Value":7560},{"Length":27,"Height":280,"Demand":1,"DemandMax":null,"Value":7560},{"Length":46,"Height":163,"Demand":1,"DemandMax":null,"Value":7498},{"Length":127,"Height":59,"Demand":1,"DemandMax":null,"Value":7493},{"Length":201,"Height":37,"Demand":1,"DemandMax":null,"Value":7437},{"Length":265,"Height":28,"Demand":1,"DemandMax":null,"Value":7420},{"Length":74,"Height":100,"Demand":1,"DemandMax":null,"Value":7400},{"Length":73,"Height":101,"Demand":1,"DemandMax":null,"Value":7373},{"Length":66,"Height":110,"Demand":1,"DemandMax":null,"Value":7260},{"Length":57,"Height":127,"Demand":1,"DemandMax":null,"Value":7239},{"Length":42,"Height":170,"Demand":1,"DemandMax":null,"Value":7140},{"Length":222,"Height":32,"Demand":1,"DemandMax":null,"Value":7104},{"Length":27,"Height":263,"Demand":1,"DemandMax":null,"Value":7101},{"Length":143,"Height":49,"Demand":1,"DemandMax":null,"Value":7007},{"Length":113,"Height":62,"Demand":1,"DemandMax":null,"Value":7006},{"Length":159,"Height":44,"Demand":1,"DemandMax":null,"Value":6996},{"Length":78,"Height":89,"Demand":1,"DemandMax":null,"Value":6942},{"Length":86,"Height":80,"Demand":1,"DemandMax":null,"Value":6880},{"Length":114,"Height":60,"Demand":1,"DemandMax":null,"Value":6840},{"Length":50,"Height":134,"Demand":1,"DemandMax":null,"Value":6700},{"Length":28,"Height":238,"Demand":1,"DemandMax":null,"Value":6664},{"Length":101,"Height":65,"Demand":1,"DemandMax":null,"Value":6565},{"Length":72,"Height":91,"Demand":1,"DemandMax":null,"Value":6552},{"Length":48,"Height":136,"Demand":1,"DemandMax":null,"Value":6528},{"Length":54,"Height":119,"Demand":1,"DemandMax":null,"Value":6426},{"Length":238,"Height":27,"Demand":1,"DemandMax":null,"Value":6426},{"Length":34,"Height":188,"Demand":1,"DemandMax":null,"Value":6392},{"Length":206,"Height":31,"Demand":1,"DemandMax":null,"Value":6386},{"Length":67,"Height":95,"Demand":1,"DemandMax":null,"Value":6365},{"Length":127,"Height":47,"Demand":1,"DemandMax":null,"Value":5969},{"Length":60,"Height":99,"Demand":1,"DemandMax":null,"Value":5940},{"Length":32,"Height":183,"Demand":1,"DemandMax":null,"Value":5856},{"Length":150,"Height":39,"Demand":1,"DemandMax":null,"Value":5850},{"Length":88,"Height":65,"Demand":1,"DemandMax":null,"Value":5720},{"Length":36,"Height":158,"Demand":1,"DemandMax":null,"Value":5688},{"Length":169,"Height":33,"Demand":1,"DemandMax":null,"Value":5577},{"Length":132,"Height":41,"Demand":1,"DemandMax":null,"Value":5412},{"Length":93,"Height":58,"Demand":1,"DemandMax":null,"Value":5394},{"Length":122,"Height":44,"Demand":1,"DemandMax":null,"Value":5368},{"Length":39,"Height":137,"Demand":1,"DemandMax":null,"Value":5343},{"Length":33,"Height":161,"Demand":1,"DemandMax":null,"Value":5313},{"Length":28,"Height":188,"Demand":1,"DemandMax":null,"Value":5264},{"Length":46,"Height":114,"Demand":1,"DemandMax":null,"Value":5244},{"Length":46,"Height":111,"Demand":1,"DemandMax":null,"Value":5106},{"Length":40,"Height":127,"Demand":1,"DemandMax":null,"Value":5080},{"Length":114,"Height":44,"Demand":1,"DemandMax":null,"Value":5016},{"Length":161,"Height":31,"Demand":1,"DemandMax":null,"Value":4991},{"Length":63,"Height":77,"Demand":1,"DemandMax":null,"Value":4851},{"Length":50,"Height":97,"Demand":1,"DemandMax":null,"Value":4850},{"Length":40,"Height":121,"Demand":1,"DemandMax":null,"Value":4840},{"Length":142,"Height":34,"Demand":1,"DemandMax":null,"Value":4828},{"Length":25,"Height":191,"Demand":1,"DemandMax":null,"Value":4775},{"Length":74,"Height":64,"Demand":1,"DemandMax":null,"Value":4736},{"Length":140,"Height":33,"Demand":1,"DemandMax":null,"Value":4620},{"Length":182,"Height":25,"Demand":1,"DemandMax":null,"Value":4550},{"Length":59,"Height":76,"Demand":1,"DemandMax":null,"Value":4484},{"Length":88,"Height":49,"Demand":1,"DemandMax":null,"Value":4312},{"Length":28,"Height":152,"Demand":1,"DemandMax":null,"Value":4256},{"Length":58,"Height":73,"Demand":1,"DemandMax":null,"Value":4234},{"Length":43,"Height":97,"Demand":1,"DemandMax":null,"Value":4171},{"Length":122,"Height":33,"Demand":1,"DemandMax":null,"Value":4026},{"Length":60,"Height":66,"Demand":1,"DemandMax":null,"Value":3960},{"Length":48,"Height":82,"Demand":1,"DemandMax":null,"Value":3936},{"Length":112,"Height":35,"Demand":1,"DemandMax":null,"Value":3920},{"Length":32,"Height":120,"Demand":1,"DemandMax":null,"Value":3840},{"Length":38,"Height":84,"Demand":1,"DemandMax":null,"Value":3192},{"Length":86,"Height":37,"Demand":1,"DemandMax":null,"Value":3182},{"Length":26,"Height":120,"Demand":1,"DemandMax":null,"Value":3120},{"Length":30,"Height":101,"Demand":1,"DemandMax":null,"Value":3030},{"Length":53,"Height":57,"Demand":1,"DemandMax":null,"Value":3021},{"Length":31,"Height":97,"Demand":1,"DemandMax":null,"Value":3007},{"Length":62,"Height":48,"Demand":1,"DemandMax":null,"Value":2976},{"Length":58,"Height":48,"Demand":1,"DemandMax":null,"Value":2784},{"Length":60,"Height":42,"Demand":1,"DemandMax":null,"Value":2520},{"Length":63,"Height":40,"Demand":1,"DemandMax":null,"Value":2520},{"Length":28,"Height":88,"Demand":1,"DemandMax":null,"Value":2464},{"Length":89,"Height":27,"Demand":1,"DemandMax":null,"Value":2403},{"Length":77,"Height":31,"Demand":1,"DemandMax":null,"Value":2387},{"Length":74,"Height":31,"Demand":1,"DemandMax":null,"Value":2294},{"Length":47,"Height":47,"Demand":1,"DemandMax":null,"Value":2209},{"Length":32,"Height":69,"Demand":1,"DemandMax":null,"Value":2208},{"Length":28,"Height":61,"Demand":1,"DemandMax":null,"Value":1708},{"Length":30,"Height":54,"Demand":1,"DemandMax":null,"Value":1620},{"Length":47,"Height":32,"Demand":1,"DemandMax":null,"Value":1504},{"Length":43,"Height":31,"Demand":1,"DemandMax":null,"Value":1333},{"Length":46,"Height":27,"Demand":1,"DemandMax":null,"Value":1242},{"Length":36,"Height":34,"Demand":1,"DemandMax":null,"Value":1224},{"Length":31,"Height":37,"Demand":1,"DemandMax":null,"Value":1147},{"Length":32,"Height":34,"Demand":1,"DemandMax":null,"Value":1088},{"Length":36,"Height":30,"Demand":1,"DemandMax":null,"Value":1080},{"Length":35,"Height":28,"Demand":1,"DemandMax":null,"Value":980}]}