{"Name":"AH255","Objects":[{"Length":1000,"Height":39600,"Stock":null,"Cost":39600000}],"Items":[{"Length":300,"Height":299,"Demand":1,"DemandMax":null,"Value":89700},{"Length":299,"Height":299,"Demand":1,"DemandMax":null,"Value":89401},{"Length":292,"Height":298,"Demand":1,"DemandMax":null,"Value":87016},{"Length":292,"Height":296,"Demand":1,"DemandMax":null,"Value":86432},{"Length":300,"Height":285,"Demand":1,"DemandMax":null,"Value":85500},{"Length":300,"Height":284,"Demand":1,"DemandMax":null,"Value":85200},{"Length":282,"Height":299,"Demand":1,"DemandMax":null,"Value":84318},{"Length":286,"Height":294,"Demand":1,"DemandMax":null,"Value":84084},{"Length":281,"Height":297,"Demand":1,"DemandMax":null,"Value":83457},{"Length":289,"Height":287,"Demand":1,"DemandMax":null,"Value":82943},{"Length":293,"Height":281,"Demand":1,"DemandMax":null,"Value":82333},{"Length":280,"Height":292,"Demand":1,"DemandMax":null,"Value":81760},{"Length":280,"Height":288,"Demand":1,"DemandMax":null,"Value":80640},{"Length":282,"Height":285,"Demand":1,"DemandMax":null,"Value":80370},{"Length":288,"Height":279,"Demand":1,"DemandMax":null,"Value":80352},{"Length":265,"Height":300,"Demand":1,"DemandMax":null,"Value":79500},{"Length":286,"Height":277,"Demand":1,"DemandMax":null,"Value":79222},{"Length":287,"Height":275,"Demand":1,"DemandMax":null,"Value":78925},{"Length":274,"Height":286,"Demand":1,"DemandMax":null,"Value":78364},{"Length":299,"Height":262,"Demand":1,"DemandMax":null,"Value":78338},{"Length":266,"Height":292,"Demand":1,"DemandMax":null,"Value":77672},{"Length":273,"Height":284,"Demand":1,"DemandMax":null,"Value":77532},{"Length":258,"Height":300,"Demand":1,"DemandMax":null,"Value":77400},{"Length":267,"Height":288,"Demand":1,"DemandMax":null,"Value":76896},{"Length":263,"Height":292,"Demand":1,"DemandMax":null,"Value":76796},{"Length":273,"Height":281,"Demand":1,"DemandMax":null,"Value":76713},{"Length":298,"Height":257,"Demand":1,"DemandMax":null,"Value":76586},{"Length":260,"Height":294,"Demand":1,"DemandMax":null,"Value":76440},{"Length":267,"Height":286,"Demand":1,"DemandMax":null,"Value":76362},{"Length":275,"Height":277,"Demand":1,"DemandMax":null,"Value":76175},{"Length":283,"Height":268,"Demand":1,"DemandMax":null,"Value":75844},{"Length":299,"Height":253,"Demand":1,"DemandMax":null,"Value":75647},{"Length":274,"Height":276,"Demand":1,"DemandMax":null,"Value":75624},{"Length":259,"Height":291,"Demand":1,"DemandMax":null,"Value":75369},{"Length":277,"Height":271,"Demand":1,"DemandMax":null,"Value":75067},{"Length":257,"Height":292,"Demand":1,"DemandMax":null,"Value":75044},{"Length":296,"Height":253,"Demand":1,"DemandMax":null,"Value":74888},{"Length":257,"Height":289,"Demand":1,"DemandMax":null,"Value":74273},{"Length":290,"Height":256,"Demand":1,"DemandMax":null,"Value":74240},{"Length":260,"Height":285,"Demand":1,"DemandMax":null,"Value":74100},{"Length":261,"Height":283,"Demand":1,"DemandMax":null,"Value":73863},{"Length":277,"Height":266,"Demand":1,"DemandMax":null,"Value":73682},{"Length":293,"Height":250,"Demand":1,"DemandMax":null,"Value":73250},{"Length":269,"Height":271,"Demand":1,"DemandMax":null,"Value":72899},{"Length":272,"Height":267,"Demand":1,"DemandMax":null,"Value":72624},{"Length":252,"Height":288,"Demand":1,"DemandMax":null,"Value":72576},{"Length":240,"Height":300,"Demand":1,"DemandMax":null,"Value":72000},{"Length":290,"Height":248,"Demand":1,"DemandMax":null,"Value":71920},{"Length":275,"Height":258,"Demand":1,"DemandMax":null,"Value":70950},{"Length":237,"Height":299,"Demand":1,"DemandMax":null,"Value":70863},{"Length":263,"Height":269,"Demand":1,"DemandMax":null,"Value":70747},{"Length":239,"Height":295,"Demand":1,"DemandMax":null,"Value":70505},{"Length":275,"Height":256,"Demand":1,"DemandMax":null,"Value":70400},{"Length":259,"Height":271,"Demand":1,"DemandMax":null,"Value":70189},{"Length":247,"Height":284,"Demand":1,"DemandMax":null,"Value":70148},{"Length":295,"Height":237,"Demand":1,"DemandMax":null,"Value":69915},{"Length":240,"Height":291,"Demand":1,"DemandMax":null,"Value":69840},{"Length":242,"Height":288,"Demand":1,"DemandMax":null,"Value":69696},{"Length":235,"Height":296,"Demand":1,"DemandMax":null,"Value":69560},{"Length":234,"Height":297,"Demand":1,"DemandMax":null,"Value":69498},{"Length":261,"Height":266,"Demand":1,"DemandMax":null,"Value":69426},{"Length":284,"Height":244,"Demand":1,"DemandMax":null,"Value":69296},{"Length":238,"Height":291,"Demand":1,"DemandMax":null,"Value":69258},{"Length":266,"Height":260,"Demand":1,"DemandMax":null,"Value":69160},{"Length":291,"Height":237,"Demand":1,"DemandMax":null,"Value":68967},{"Length":263,"Height":262,"Demand":1,"DemandMax":null,"Value":68906},{"Length":278,"Height":247,"Demand":1,"DemandMax":null,"Value":68666},{"Length":292,"Height":235,"Demand":1,"DemandMax":null,"Value":68620},{"Length":239,"Height":287,"Demand":1,"DemandMax":null,"Value":68593},{"Length":251,"Height":273,"Demand":1,"DemandMax":null,"Value":68523},{"Length":283,"Height":242,"Demand":1,"DemandMax":null,"Value":68486},{"Length":229,"Height":299,"Demand":1,"DemandMax":null,"Value":68471},{"Length":246,"Height":278,"Demand":1,"DemandMax":null,"Value":68388},{"Length":275,"Height":248,"Demand":1,"DemandMax":null,"Value":68200},{"Length":233,"Height":292,"Demand":1,"DemandMax":null,"Value":68036},{"Length":262,"Height":259,"Demand":1,"DemandMax":null,"Value":67858},{"Length":275,"Height":246,"Demand":1,"DemandMax":null,"Value":67650},{"Length":253,"Height":267,"Demand":1,"DemandMax":null,"Value":67551},{"Length":248,"Height":271,"Demand":1,"DemandMax":null,"Value":67208},{"Length":235,"Height":285,"Demand":1,"DemandMax":null,"Value":66975},{"Length":254,"Height":263,"Demand":1,"DemandMax":null,"Value":66802},{"Length":279,"Height":239,"Demand":1,"DemandMax":null,"Value":66681},{"Length":255,"Height":261,"Demand":1,"DemandMax":null,"Value":66555},{"Length":298,"Height":223,"Demand":1,"DemandMax":null,"Value":66454},{"Length":294,"Height":226,"Demand":1,"DemandMax":null,"Value":66444},{"Length":245,"Height":271,"Demand":1,"DemandMax":null,"Value":66395},{"Length":250,"Height":265,"Demand":1,"DemandMax":null,"Value":66250},{"Length":276,"Height":240,"Demand":1,"DemandMax":null,"Value":66240},{"Length":224,"Height":295,"Demand":1,"DemandMax":null,"Value":66080},{"Length":262,"Height":252,"Demand":1,"DemandMax":null,"Value":66024},{"Length":238,"Height":277,"Demand":1,"DemandMax":null,"Value":65926},{"Length":280,"Height":235,"Demand":1,"DemandMax":null,"Value":65800},{"Length":281,"Height":234,"Demand":1,"DemandMax":null,"Value":65754},{"Length":295,"Height":222,"Demand":1,"DemandMax":null,"Value":65490},{"Length":257,"Height":254,"Demand":1,"DemandMax":null,"Value":65278},{"Length":273,"Height":239,"Demand":1,"DemandMax":null,"Value":65247},{"Length":256,"Height":253,"Demand":1,"DemandMax":null,"Value":64768},{"Length":257,"Height":252,"Demand":1,"DemandMax":null,"Value":64764},{"Length":284,"Height":228,"Demand":1,"DemandMax":null,"Value":64752},{"Length":297,"Height":218,"Demand":1,"DemandMax":null,"Value":64746},{"Length":218,"Height":296,"Demand":1,"DemandMax":null,"Value":64528},{"Length":300,"Height":215,"Demand":1,"DemandMax":null,"Value":64500},{"Length":238,"Height":271,"Demand":1,"DemandMax":null,"Value":64498},{"Length":261,"Height":247,"Demand":1,"DemandMax":null,"Value":64467},{"Length":297,"Height":217,"Demand":1,"DemandMax":null,"Value":64449},{"Length":264,"Height":244,"Demand":1,"DemandMax":null,"Value":64416},{"Length":296,"Height":217,"Demand":1,"DemandMax":null,"Value":64232},{"Length":288,"Height":223,"Demand":1,"DemandMax":null,"Value":64224},{"Length":214,"Height":300,"Demand":1,"DemandMax":null,"Value":64200},{"Length":264,"Height":243,"Demand":1,"DemandMax":null,"Value":64152},{"Length":220,"Height":290,"Demand":1,"DemandMax":null,"Value":63800},{"Length":269,"Height":237,"Demand":1,"DemandMax":null,"Value":63753},{"Length":250,"Height":255,"Demand":1,"DemandMax":null,"Value":63750},{"Length":236,"Height":270,"Demand":1,"DemandMax":null,"Value":63720},{"Length":227,"Height":279,"Demand":1,"DemandMax":null,"Value":63333},{"Length":266,"Height":238,"Demand":1,"DemandMax":null,"Value":63308},{"Length":226,"Height":280,"Demand":1,"DemandMax":null,"Value":63280},{"Length":245,"Height":257,"Demand":1,"DemandMax":null,"Value":62965},{"Length":238,"Height":264,"Demand":1,"DemandMax":null,"Value":62832},{"Length":278,"Height":226,"Demand":1,"DemandMax":null,"Value":62828},{"Length":299,"Height":210,"Demand":1,"DemandMax":null,"Value":62790},{"Length":278,"Height":225,"Demand":1,"DemandMax":null,"Value":62550},{"Length":221,"Height":283,"Demand":1,"DemandMax":null,"Value":62543},{"Length":243,"Height":257,"Demand":1,"DemandMax":null,"Value":62451},{"Length":208,"Height":300,"Demand":1,"DemandMax":null,"Value":62400},{"Length":278,"Height":224,"Demand":1,"DemandMax":null,"Value":62272},{"Length":283,"Height":220,"Demand":1,"DemandMax":null,"Value":62260},{"Length":279,"Height":223,"Demand":1,"DemandMax":null,"Value":62217},{"Length":276,"Height":225,"Demand":1,"DemandMax":null,"Value":62100},{"Length":254,"Height":244,"Demand":1,"DemandMax":null,"Value":61976},{"Length":276,"Height":224,"Demand":1,"DemandMax":null,"Value":61824},{"Length":288,"Height":214,"Demand":1,"DemandMax":null,"Value":61632},{"Length":234,"Height":262,"Demand":1,"DemandMax":null,"Value":61308},{"Length":289,"Height":212,"Demand":1,"DemandMax":null,"Value":61268},{"Length":274,"Height":223,"Demand":1,"DemandMax":null,"Value":61102},{"Length":250,"Height":244,"Demand":1,"DemandMax":null,"Value":61000},{"Length":251,"Height":243,"Demand":1,"DemandMax":null,"Value":60993},{"Length":241,"Height":252,"Demand":1,"DemandMax":null,"Value":60732},{"Length":228,"Height":266,"Demand":1,"DemandMax":null,"Value":60648},{"Length":245,"Height":247,"Demand":1,"DemandMax":null,"Value":60515},{"Length":213,"Height":284,"Demand":1,"DemandMax":null,"Value":60492},{"Length":239,"Height":253,"Demand":1,"DemandMax":null,"Value":60467},{"Length":213,"Height":283,"Demand":1,"DemandMax":null,"Value":60279},{"Length":204,"Height":294,"Demand":1,"DemandMax":null,"Value":59976},{"Length":276,"Height":217,"Demand":1,"DemandMax":null,"Value":59892},{"Length":233,"Height":257,"Demand":1,"DemandMax":null,"Value":59881},{"Length":220,"Height":272,"Demand":1,"DemandMax":null,"Value":59840},{"Length":207,"Height":289,"Demand":1,"DemandMax":null,"Value":59823},{"Length":203,"Height":294,"Demand":1,"DemandMax":null,"Value":59682},{"Length":261,"Height":228,"Demand":1,"DemandMax":null,"Value":59508},{"Length":237,"Height":251,"Demand":1,"DemandMax":null,"Value":59487},{"Length":287,"Height":207,"Demand":1,"DemandMax":null,"Value":59409},{"Length":258,"Height":230,"Demand":1,"DemandMax":null,"Value":59340},{"Length":285,"Height":208,"Demand":1,"DemandMax":null,"Value":59280},{"Length":242,"Height":244,"Demand":1,"DemandMax":null,"Value":59048},{"Length":245,"Height":241,"Demand":1,"DemandMax":null,"Value":59045},{"Length":267,"Height":221,"Demand":1,"DemandMax":null,"Value":59007},{"Length":282,"Height":209,"Demand":1,"DemandMax":null,"Value":58938},{"Length":286,"Height":206,"Demand":1,"DemandMax":null,"Value":58916},{"Length":251,"Height":234,"Demand":1,"DemandMax":null,"Value":58734},{"Length":227,"Height":258,"Demand":1,"DemandMax":null,"Value":58566},{"Length":259,"Height":226,"Demand":1,"DemandMax":null,"Value":58534},{"Length":232,"Height":252,"Demand":1,"DemandMax":null,"Value":58464},{"Length":285,"Height":205,"Demand":1,"DemandMax":null,"Value":58425},{"Length":252,"Height":231,"Demand":1,"DemandMax":null,"Value":58212},{"Length":280,"Height":207,"Demand":1,"DemandMax":null,"Value":57960},{"Length":244,"Height":237,"Demand":1,"DemandMax":null,"Value":57828},{"Length":274,"Height":211,"Demand":1,"DemandMax":null,"Value":57814},{"Length":230,"Height":251,"Demand":1,"DemandMax":null,"Value":57730},{"Length":261,"Height":221,"Demand":1,"DemandMax":null,"Value":57681},{"Length":194,"Height":297,"Demand":1,"DemandMax":null,"Value":57618},{"Length":263,"Height":219,"Demand":1,"DemandMax":null,"Value":57597},{"Length":264,"Height":218,"Demand":1,"DemandMax":null,"Value":57552},{"Length":248,"Height":232,"Demand":1,"DemandMax":null,"Value":57536},{"Length":252,"Height":228,"Demand":1,"DemandMax":null,"Value":57456},{"Length":255,"Height":225,"Demand":1,"DemandMax":null,"Value":57375},{"Length":197,"Height":291,"Demand":1,"DemandMax":null,"Value":57327},{"Length":252,"Height":227,"Demand":1,"DemandMax":null,"Value":57204},{"Length":287,"Height":199,"Demand":1,"DemandMax":null,"Value":57113},{"Length":213,"Height":268,"Demand":1,"DemandMax":null,"Value":57084},{"Length":277,"Height":206,"Demand":1,"DemandMax":null,"Value":57062},{"Length":254,"Height":224,"Demand":1,"DemandMax":null,"Value":56896},{"Length":196,"Height":290,"Demand":1,"DemandMax":null,"Value":56840},{"Length":192,"Height":296,"Demand":1,"DemandMax":null,"Value":56832},{"Length":234,"Height":242,"Demand":1,"DemandMax":null,"Value":56628},{"Length":293,"Height":193,"Demand":1,"DemandMax":null,"Value":56549},{"Length":277,"Height":204,"Demand":1,"DemandMax":null,"Value":56508},{"Length":230,"Height":245,"Demand":1,"DemandMax":null,"Value":56350},{"Length":221,"Height":254,"Demand":1,"DemandMax":null,"Value":56134},{"Length":214,"Height":262,"Demand":1,"DemandMax":null,"Value":56068},{"Length":216,"Height":259,"Demand":1,"DemandMax":null,"Value":55944},{"Length":229,"Height":244,"Demand":1,"DemandMax":null,"Value":55876},{"Length":190,"Height":294,"Demand":1,"DemandMax":null,"Value":55860},{"Length":282,"Height":198,"Demand":1,"DemandMax":null,"Value":55836},{"Length":237,"Height":235,"Demand":1,"DemandMax":null,"Value":55695},{"Length":300,"Height":185,"Demand":1,"DemandMax":null,"Value":55500},{"Length":298,"Height":186,"Demand":1,"DemandMax":null,"Value":55428},{"Length":228,"Height":243,"Demand":1,"DemandMax":null,"Value":55404},{"Length":242,"Height":228,"Demand":1,"DemandMax":null,"Value":55176},{"Length":203,"Height":271,"Demand":1,"DemandMax":null,"Value":55013},{"Length":190,"Height":288,"Demand":1,"DemandMax":null,"Value":54720},{"Length":224,"Height":244,"Demand":1,"DemandMax":null,"Value":54656},{"Length":284,"Height":192,"Demand":1,"DemandMax":null,"Value":54528},{"Length":233,"Height":234,"Demand":1,"DemandMax":null,"Value":54522},{"Length":223,"Height":244,"Demand":1,"DemandMax":null,"Value":54412},{"Length":269,"Height":202,"Demand":1,"DemandMax":null,"Value":54338},{"Length":273,"Height":199,"Demand":1,"DemandMax":null,"Value":54327},{"Length":225,"Height":241,"Demand":1,"DemandMax":null,"Value":54225},{"Length":263,"Height":206,"Demand":1,"DemandMax":null,"Value":54178},{"Length":282,"Height":192,"Demand":1,"DemandMax":null,"Value":54144},{"Length":188,"Height":287,"Demand":1,"DemandMax":null,"Value":53956},{"Length":296,"Height":182,"Demand":1,"DemandMax":null,"Value":53872},{"Length":191,"Height":282,"Demand":1,"DemandMax":null,"Value":53862},{"Length":229,"Height":234,"Demand":1,"DemandMax":null,"Value":53586},{"Length":197,"Height":272,"Demand":1,"DemandMax":null,"Value":53584},{"Length":222,"Height":241,"Demand":1,"DemandMax":null,"Value":53502},{"Length":266,"Height":201,"Demand":1,"DemandMax":null,"Value":53466},{"Length":297,"Height":180,"Demand":1,"DemandMax":null,"Value":53460},{"Length":203,"Height":263,"Demand":1,"DemandMax":null,"Value":53389},{"Length":287,"Height":186,"Demand":1,"DemandMax":null,"Value":53382},{"Length":230,"Height":232,"Demand":1,"DemandMax":null,"Value":53360},{"Length":237,"Height":225,"Demand":1,"DemandMax":null,"Value":53325},{"Length":200,"Height":266,"Demand":1,"DemandMax":null,"Value":53200},{"Length":216,"Height":246,"Demand":1,"DemandMax":null,"Value":53136},{"Length":287,"Height":185,"Demand":1,"DemandMax":null,"Value":53095},{"Length":214,"Height":248,"Demand":1,"DemandMax":null,"Value":53072},{"Length":227,"Height":233,"Demand":1,"DemandMax":null,"Value":52891},{"Length":236,"Height":224,"Demand":1,"DemandMax":null,"Value":52864},{"Length":218,"Height":242,"Demand":1,"DemandMax":null,"Value":52756},{"Length":206,"Height":256,"Demand":1,"DemandMax":null,"Value":52736},{"Length":251,"Height":210,"Demand":1,"DemandMax":null,"Value":52710},{"Length":195,"Height":270,"Demand":1,"DemandMax":null,"Value":52650},{"Length":265,"Height":198,"Demand":1,"DemandMax":null,"Value":52470},{"Length":247,"Height":212,"Demand":1,"DemandMax":null,"Value":52364},{"Length":276,"Height":189,"Demand":1,"DemandMax":null,"Value":52164},{"Length":298,"Height":175,"Demand":1,"DemandMax":null,"Value":52150},{"Length":264,"Height":196,"Demand":1,"DemandMax":null,"Value":51744},{"Length":206,"Height":251,"Demand":1,"DemandMax":null,"Value":51706},{"Length":236,"Height":219,"Demand":1,"DemandMax":null,"Value":51684},{"Length":287,"Height":180,"Demand":1,"DemandMax":null,"Value":51660},{"Length":209,"Height":247,"Demand":1,"DemandMax":null,"Value":51623},{"Length":173,"Height":298,"Demand":1,"DemandMax":null,"Value":51554},{"Length":177,"Height":291,"Demand":1,"DemandMax":null,"Value":51507},{"Length":240,"Height":214,"Demand":1,"DemandMax":null,"Value":51360},{"Length":212,"Height":242,"Demand":1,"DemandMax":null,"Value":51304},{"Length":270,"Height":190,"Demand":1,"DemandMax":null,"Value":51300},{"Length":211,"Height":243,"Demand":1,"DemandMax":null,"Value":51273},{"Length":277,"Height":185,"Demand":1,"DemandMax":null,"Value":51245},{"Length":186,"Height":275,"Demand":1,"DemandMax":null,"Value":51150},{"Length":199,"Height":257,"Demand":1,"DemandMax":null,"Value":51143},{"Length":241,"Height":212,"Demand":1,"DemandMax":null,"Value":51092},{"Length":183,"Height":279,"Demand":1,"DemandMax":null,"Value":51057},{"Length":187,"Height":273,"Demand":1,"DemandMax":null,"Value":51051},{"Length":232,"Height":220,"Demand":1,"DemandMax":null,"Value":51040},{"Length":237,"Height":215,"Demand":1,"DemandMax":null,"Value":50955},{"Length":193,"Height":263,"Demand":1,"DemandMax":null,"Value":50759},{"Length":251,"Height":202,"Demand":1,"DemandMax":null,"Value":50702},{"Length":174,"Height":291,"Demand":1,"DemandMax":null,"Value":50634},{"Length":224,"Height":226,"Demand":1,"DemandMax":null,"Value":50624},{"Length":249,"Height":203,"Demand":1,"DemandMax":null,"Value":50547},{"Length":168,"Height":300,"Demand":1,"DemandMax":null,"Value":50400},{"Length":248,"Height":203,"Demand":1,"DemandMax":null,"Value":50344},{"Length":252,"Height":199,"Demand":1,"DemandMax":null,"Value":50148},{"Length":274,"Height":183,"Demand":1,"DemandMax":null,"Value":50142},{"Length":300,"Height":167,"Demand":1,"DemandMax":null,"Value":50100},{"Length":236,"Height":212,"Demand":1,"DemandMax":null,"Value":50032},{"Length":208,"Height":240,"Demand":1,"DemandMax":null,"Value":49920},{"Length":182,"Height":274,"Demand":1,"DemandMax":null,"Value":49868},{"Length":169,"Height":295,"Demand":1,"DemandMax":null,"Value":49855},{"Length":258,"Height":193,"Demand":1,"DemandMax":null,"Value":49794},{"Length":167,"Height":298,"Demand":1,"DemandMax":null,"Value":49766},{"Length":251,"Height":198,"Demand":1,"DemandMax":null,"Value":49698},{"Length":217,"Height":229,"Demand":1,"DemandMax":null,"Value":49693},{"Length":186,"Height":267,"Demand":1,"DemandMax":null,"Value":49662},{"Length":168,"Height":295,"Demand":1,"DemandMax":null,"Value":49560},{"Length":213,"Height":232,"Demand":1,"DemandMax":null,"Value":49416},{"Length":234,"Height":211,"Demand":1,"DemandMax":null,"Value":49374},{"Length":246,"Height":200,"Demand":1,"DemandMax":null,"Value":49200},{"Length":204,"Height":241,"Demand":1,"DemandMax":null,"Value":49164},{"Length":253,"Height":194,"Demand":1,"DemandMax":null,"Value":49082},{"Length":227,"Height":216,"Demand":1,"DemandMax":null,"Value":49032},{"Length":227,"Height":215,"Demand":1,"DemandMax":null,"Value":48805},{"Length":222,"Height":219,"Demand":1,"DemandMax":null,"Value":48618},{"Length":249,"Height":195,"Demand":1,"DemandMax":null,"Value":48555},{"Length":169,"Height":287,"Demand":1,"DemandMax":null,"Value":48503},{"Length":250,"Height":194,"Demand":1,"DemandMax":null,"Value":48500},{"Length":170,"Height":285,"Demand":1,"DemandMax":null,"Value":48450},{"Length":168,"Height":288,"Demand":1,"DemandMax":null,"Value":48384},{"Length":226,"Height":214,"Demand":1,"DemandMax":null,"Value":48364},{"Length":168,"Height":287,"Demand":1,"DemandMax":null,"Value":48216},{"Length":186,"Height":259,"Demand":1,"DemandMax":null,"Value":48174},{"Length":266,"Height":181,"Demand":1,"DemandMax":null,"Value":48146},{"Length":183,"Height":263,"Demand":1,"DemandMax":null,"Value":48129},{"Length":194,"Height":248,"Demand":1,"DemandMax":null,"Value":48112},{"Length":184,"Height":261,"Demand":1,"DemandMax":null,"Value":48024},{"Length":258,"Height":186,"Demand":1,"DemandMax":null,"Value":47988},{"Length":179,"Height":268,"Demand":1,"DemandMax":null,"Value":47972},{"Length":188,"Height":255,"Demand":1,"DemandMax":null,"Value":47940},{"Length":244,"Height":196,"Demand":1,"DemandMax":null,"Value":47824},{"Length":181,"Height":264,"Demand":1,"DemandMax":null,"Value":47784},{"Length":194,"Height":246,"Demand":1,"DemandMax":null,"Value":47724},{"Length":214,"Height":223,"Demand":1,"DemandMax":null,"Value":47722},{"Length":247,"Height":193,"Demand":1,"DemandMax":null,"Value":47671},{"Length":189,"Height":252,"Demand":1,"DemandMax":null,"Value":47628},{"Length":238,"Height":199,"Demand":1,"DemandMax":null,"Value":47362},{"Length":161,"Height":293,"Demand":1,"DemandMax":null,"Value":47173},{"Length":176,"Height":268,"Demand":1,"DemandMax":null,"Value":47168},{"Length":172,"Height":274,"Demand":1,"DemandMax":null,"Value":47128},{"Length":231,"Height":204,"Demand":1,"DemandMax":null,"Value":47124},{"Length":223,"Height":210,"Demand":1,"DemandMax":null,"Value":46830},{"Length":185,"Height":253,"Demand":1,"DemandMax":null,"Value":46805},{"Length":179,"Height":261,"Demand":1,"DemandMax":null,"Value":46719},{"Length":201,"Height":232,"Demand":1,"DemandMax":null,"Value":46632},{"Length":263,"Height":177,"Demand":1,"DemandMax":null,"Value":46551},{"Length":257,"Height":181,"Demand":1,"DemandMax":null,"Value":46517},{"Length":173,"Height":268,"Demand":1,"DemandMax":null,"Value":46364},{"Length":198,"Height":234,"Demand":1,"DemandMax":null,"Value":46332},{"Length":274,"Height":169,"Demand":1,"DemandMax":null,"Value":46306},{"Length":202,"Height":229,"Demand":1,"DemandMax":null,"Value":46258},{"Length":230,"Height":201,"Demand":1,"DemandMax":null,"Value":46230},{"Length":154,"Height":299,"Demand":1,"DemandMax":null,"Value":46046},{"Length":219,"Height":210,"Demand":1,"DemandMax":null,"Value":45990},{"Length":199,"Height":231,"Demand":1,"DemandMax":null,"Value":45969},{"Length":297,"Height":154,"Demand":1,"DemandMax":null,"Value":45738},{"Length":197,"Height":232,"Demand":1,"DemandMax":null,"Value":45704},{"Length":285,"Height":160,"Demand":1,"DemandMax":null,"Value":45600},{"Length":220,"Height":207,"Demand":1,"DemandMax":null,"Value":45540},{"Length":164,"Height":277,"Demand":1,"DemandMax":null,"Value":45428},{"Length":272,"Height":167,"Demand":1,"DemandMax":null,"Value":45424},{"Length":291,"Height":156,"Demand":1,"DemandMax":null,"Value":45396},{"Length":213,"Height":213,"Demand":1,"DemandMax":null,"Value":45369},{"Length":216,"Height":210,"Demand":1,"DemandMax":null,"Value":45360},{"Length":182,"Height":249,"Demand":1,"DemandMax":null,"Value":45318},{"Length":185,"Height":244,"Demand":1,"DemandMax":null,"Value":45140},{"Length":204,"Height":221,"Demand":1,"DemandMax":null,"Value":45084},{"Length":186,"Height":242,"Demand":1,"DemandMax":null,"Value":45012},{"Length":260,"Height":173,"Demand":1,"DemandMax":null,"Value":44980},{"Length":193,"Height":233,"Demand":1,"DemandMax":null,"Value":44969},{"Length":198,"Height":227,"Demand":1,"DemandMax":null,"Value":44946},{"Length":245,"Height":183,"Demand":1,"DemandMax":null,"Value":44835},{"Length":211,"Height":212,"Demand":1,"DemandMax":null,"Value":44732},{"Length":158,"Height":283,"Demand":1,"DemandMax":null,"Value":44714},{"Length":183,"Height":244,"Demand":1,"DemandMax":null,"Value":44652},{"Length":231,"Height":193,"Demand":1,"DemandMax":null,"Value":44583},{"Length":160,"Height":278,"Demand":1,"DemandMax":null,"Value":44480},{"Length":285,"Height":156,"Demand":1,"DemandMax":null,"Value":44460},{"Length":219,"Height":203,"Demand":1,"DemandMax":null,"Value":44457},{"Length":150,"Height":296,"Demand":1,"DemandMax":null,"Value":44400},{"Length":230,"Height":193,"Demand":1,"DemandMax":null,"Value":44390},{"Length":176,"Height":252,"Demand":1,"DemandMax":null,"Value":44352},{"Length":264,"Height":168,"Demand":1,"DemandMax":null,"Value":44352},{"Length":215,"Height":206,"Demand":1,"DemandMax":null,"Value":44290},{"Length":270,"Height":164,"Demand":1,"DemandMax":null,"Value":44280},{"Length":177,"Height":250,"Demand":1,"DemandMax":null,"Value":44250},{"Length":237,"Height":186,"Demand":1,"DemandMax":null,"Value":44082},{"Length":152,"Height":290,"Demand":1,"DemandMax":null,"Value":44080},{"Length":204,"Height":216,"Demand":1,"DemandMax":null,"Value":44064},{"Length":286,"Height":154,"Demand":1,"DemandMax":null,"Value":44044},{"Length":254,"Height":173,"Demand":1,"DemandMax":null,"Value":43942},{"Length":261,"Height":168,"Demand":1,"DemandMax":null,"Value":43848},{"Length":272,"Height":161,"Demand":1,"DemandMax":null,"Value":43792},{"Length":213,"Height":205,"Demand":1,"DemandMax":null,"Value":43665},{"Length":259,"Height":168,"Demand":1,"DemandMax":null,"Value":43512},{"Length":223,"Height":195,"Demand":1,"DemandMax":null,"Value":43485},{"Length":203,"Height":214,"Demand":1,"DemandMax":null,"Value":43442},{"Length":181,"Height":239,"Demand":1,"DemandMax":null,"Value":43259},{"Length":216,"Height":200,"Demand":1,"DemandMax":null,"Value":43200},{"Length":221,"Height":195,"Demand":1,"DemandMax":null,"Value":43095},{"Length":252,"Height":171,"Demand":1,"DemandMax":null,"Value":43092},{"Length":225,"Height":191,"Demand":1,"DemandMax":null,"Value":42975},{"Length":292,"Height":147,"Demand":1,"DemandMax":null,"Value":42924},{"Length":180,"Height":238,"Demand":1,"DemandMax":null,"Value":42840},{"Length":179,"Height":239,"Demand":1,"DemandMax":null,"Value":42781},{"Length":143,"Height":299,"Demand":1,"DemandMax":null,"Value":42757},{"Length":168,"Height":254,"Demand":1,"DemandMax":null,"Value":42672},{"Length":180,"Height":237,"Demand":1,"DemandMax":null,"Value":42660},{"Length":154,"Height":277,"Demand":1,"DemandMax":null,"Value":42658},{"Length":209,"Height":204,"Demand":1,"DemandMax":null,"Value":42636},{"Length":192,"Height":222,"Demand":1,"DemandMax":null,"Value":42624},{"Length":240,"Height":177,"Demand":1,"DemandMax":null,"Value":42480},{"Length":232,"Height":183,"Demand":1,"DemandMax":null,"Value":42456},{"Length":224,"Height":189,"Demand":1,"DemandMax":null,"Value":42336},{"Length":143,"Height":296,"Demand":1,"DemandMax":null,"Value":42328},{"Length":149,"Height":284,"Demand":1,"DemandMax":null,"Value":42316},{"Length":164,"Height":258,"Demand":1,"DemandMax":null,"Value":42312},{"Length":159,"Height":266,"Demand":1,"DemandMax":null,"Value":42294},{"Length":201,"Height":210,"Demand":1,"DemandMax":null,"Value":42210},{"Length":181,"Height":233,"Demand":1,"DemandMax":null,"Value":42173},{"Length":270,"Height":156,"Demand":1,"DemandMax":null,"Value":42120},{"Length":300,"Height":140,"Demand":1,"DemandMax":null,"Value":42000},{"Length":180,"Height":233,"Demand":1,"DemandMax":null,"Value":41940},{"Length":159,"Height":263,"Demand":1,"DemandMax":null,"Value":41817},{"Length":240,"Height":174,"Demand":1,"DemandMax":null,"Value":41760},{"Length":253,"Height":165,"Demand":1,"DemandMax":null,"Value":41745},{"Length":228,"Height":183,"Demand":1,"DemandMax":null,"Value":41724},{"Length":231,"Height":180,"Demand":1,"DemandMax":null,"Value":41580},{"Length":169,"Height":246,"Demand":1,"DemandMax":null,"Value":41574},{"Length":162,"Height":256,"Demand":1,"DemandMax":null,"Value":41472},{"Length":190,"Height":218,"Demand":1,"DemandMax":null,"Value":41420},{"Length":207,"Height":200,"Demand":1,"DemandMax":null,"Value":41400},{"Length":210,"Height":196,"Demand":1,"DemandMax":null,"Value":41160},{"Length":153,"Height":269,"Demand":1,"DemandMax":null,"Value":41157},{"Length":195,"Height":211,"Demand":1,"DemandMax":null,"Value":41145},{"Length":213,"Height":193,"Demand":1,"DemandMax":null,"Value":41109},{"Length":172,"Height":239,"Demand":1,"DemandMax":null,"Value":41108},{"Length":300,"Height":137,"Demand":1,"DemandMax":null,"Value":41100},{"Length":178,"Height":230,"Demand":1,"DemandMax":null,"Value":40940},{"Length":191,"Height":214,"Demand":1,"DemandMax":null,"Value":40874},{"Length":171,"Height":239,"Demand":1,"DemandMax":null,"Value":40869},{"Length":300,"Height":136,"Demand":1,"DemandMax":null,"Value":40800},{"Length":167,"Height":244,"Demand":1,"DemandMax":null,"Value":40748},{"Length":219,"Height":186,"Demand":1,"DemandMax":null,"Value":40734},{"Length":164,"Height":248,"Demand":1,"DemandMax":null,"Value":40672},{"Length":223,"Height":182,"Demand":1,"DemandMax":null,"Value":40586},{"Length":187,"Height":217,"Demand":1,"DemandMax":null,"Value":40579},{"Length":194,"Height":209,"Demand":1,"DemandMax":null,"Value":40546},{"Length":168,"Height":241,"Demand":1,"DemandMax":null,"Value":40488},{"Length":160,"Height":253,"Demand":1,"DemandMax":null,"Value":40480},{"Length":275,"Height":147,"Demand":1,"DemandMax":null,"Value":40425},{"Length":231,"Height":175,"Demand":1,"DemandMax":null,"Value":40425},{"Length":187,"Height":216,"Demand":1,"DemandMax":null,"Value":40392},{"Length":196,"Height":206,"Demand":1,"DemandMax":null,"Value":40376},{"Length":224,"Height":180,"Demand":1,"DemandMax":null,"Value":40320},{"Length":290,"Height":139,"Demand":1,"DemandMax":null,"Value":40310},{"Length":237,"Height":170,"Demand":1,"DemandMax":null,"Value":40290},{"Length":194,"Height":207,"Demand":1,"DemandMax":null,"Value":40158},{"Length":240,"Height":167,"Demand":1,"DemandMax":null,"Value":40080},{"Length":284,"Height":141,"Demand":1,"DemandMax":null,"Value":40044},{"Length":151,"Height":265,"Demand":1,"DemandMax":null,"Value":40015},{"Length":238,"Height":168,"Demand":1,"DemandMax":null,"Value":39984},{"Length":242,"Height":165,"Demand":1,"DemandMax":null,"Value":39930},{"Length":179,"Height":223,"Demand":1,"DemandMax":null,"Value":39917},{"Length":140,"Height":285,"Demand":1,"DemandMax":null,"Value":39900},{"Length":287,"Height":139,"Demand":1,"DemandMax":null,"Value":39893},{"Length":264,"Height":151,"Demand":1,"DemandMax":null,"Value":39864},{"Length":153,"Height":260,"Demand":1,"DemandMax":null,"Value":39780},{"Length":209,"Height":190,"Demand":1,"DemandMax":null,"Value":39710},{"Length":155,"Height":256,"Demand":1,"DemandMax":null,"Value":39680},{"Length":232,"Height":171,"Demand":1,"DemandMax":null,"Value":39672},{"Length":211,"Height":188,"Demand":1,"DemandMax":null,"Value":39668},{"Length":153,"Height":259,"Demand":1,"DemandMax":null,"Value":39627},{"Length":133,"Height":297,"Demand":1,"DemandMax":null,"Value":39501},{"Length":158,"Height":250,"Demand":1,"DemandMax":null,"Value":39500},{"Length":136,"Height":290,"Demand":1,"DemandMax":null,"Value":39440},{"Length":147,"Height":268,"Demand":1,"DemandMax":null,"Value":39396},{"Length":141,"Height":279,"Demand":1,"DemandMax":null,"Value":39339},{"Length":264,"Height":149,"Demand":1,"DemandMax":null,"Value":39336},{"Length":276,"Height":142,"Demand":1,"DemandMax":null,"Value":39192},{"Length":261,"Height":150,"Demand":1,"DemandMax":null,"Value":39150},{"Length":206,"Height":190,"Demand":1,"DemandMax":null,"Value":39140},{"Length":182,"Height":215,"Demand":1,"DemandMax":null,"Value":39130},{"Length":283,"Height":138,"Demand":1,"DemandMax":null,"Value":39054},{"Length":273,"Height":143,"Demand":1,"DemandMax":null,"Value":39039},{"Length":298,"Height":131,"Demand":1,"DemandMax":null,"Value":39038},{"Length":256,"Height":152,"Demand":1,"DemandMax":null,"Value":38912},{"Length":185,"Height":210,"Demand":1,"DemandMax":null,"Value":38850},{"Length":144,"Height":269,"Demand":1,"DemandMax":null,"Value":38736},{"Length":289,"Height":134,"Demand":1,"DemandMax":null,"Value":38726},{"Length":220,"Height":176,"Demand":1,"DemandMax":null,"Value":38720},{"Length":293,"Height":132,"Demand":1,"DemandMax":null,"Value":38676},{"Length":145,"Height":266,"Demand":1,"DemandMax":null,"Value":38570},{"Length":228,"Height":169,"Demand":1,"DemandMax":null,"Value":38532},{"Length":135,"Height":285,"Demand":1,"DemandMax":null,"Value":38475},{"Length":183,"Height":210,"Demand":1,"DemandMax":null,"Value":38430},{"Length":191,"Height":201,"Demand":1,"DemandMax":null,"Value":38391},{"Length":172,"Height":223,"Demand":1,"DemandMax":null,"Value":38356},{"Length":231,"Height":166,"Demand":1,"DemandMax":null,"Value":38346},{"Length":239,"Height":160,"Demand":1,"DemandMax":null,"Value":38240},{"Length":260,"Height":147,"Demand":1,"DemandMax":null,"Value":38220},{"Length":272,"Height":140,"Demand":1,"DemandMax":null,"Value":38080},{"Length":134,"Height":283,"Demand":1,"DemandMax":null,"Value":37922},{"Length":128,"Height":295,"Demand":1,"DemandMax":null,"Value":37760},{"Length":288,"Height":131,"Demand":1,"DemandMax":null,"Value":37728},{"Length":182,"Height":207,"Demand":1,"DemandMax":null,"Value":37674},{"Length":292,"Height":129,"Demand":1,"DemandMax":null,"Value":37668},{"Length":168,"Height":224,"Demand":1,"DemandMax":null,"Value":37632},{"Length":132,"Height":285,"Demand":1,"DemandMax":null,"Value":37620},{"Length":143,"Height":263,"Demand":1,"DemandMax":null,"Value":37609},{"Length":155,"Height":242,"Demand":1,"DemandMax":null,"Value":37510},{"Length":128,"Height":293,"Demand":1,"DemandMax":null,"Value":37504},{"Length":240,"Height":156,"Demand":1,"DemandMax":null,"Value":37440},{"Length":288,"Height":130,"Demand":1,"DemandMax":null,"Value":37440},{"Length":154,"Height":243,"Demand":1,"DemandMax":null,"Value":37422},{"Length":140,"Height":266,"Demand":1,"DemandMax":null,"Value":37240},{"Length":129,"Height":288,"Demand":1,"DemandMax":null,"Value":37152},{"Length":125,"Height":297,"Demand":1,"DemandMax":null,"Value":37125},{"Length":138,"Height":269,"Demand":1,"DemandMax":null,"Value":37122},{"Length":263,"Height":141,"Demand":1,"DemandMax":null,"Value":37083},{"Length":148,"Height":250,"Demand":1,"DemandMax":null,"Value":37000},{"Length":210,"Height":176,"Demand":1,"DemandMax":null,"Value":36960},{"Length":124,"Height":298,"Demand":1,"DemandMax":null,"Value":36952},{"Length":243,"Height":152,"Demand":1,"DemandMax":null,"Value":36936},{"Length":175,"Height":211,"Demand":1,"DemandMax":null,"Value":36925},{"Length":222,"Height":166,"Demand":1,"DemandMax":null,"Value":36852},{"Length":150,"Height":245,"Demand":1,"DemandMax":null,"Value":36750},{"Length":191,"Height":192,"Demand":1,"DemandMax":null,"Value":36672},{"Length":233,"Height":157,"Demand":1,"DemandMax":null,"Value":36581},{"Length":209,"Height":175,"Demand":1,"DemandMax":null,"Value":36575},{"Length":242,"Height":151,"Demand":1,"DemandMax":null,"Value":36542},{"Length":126,"Height":290,"Demand":1,"DemandMax":null,"Value":36540},{"Length":141,"Height":259,"Demand":1,"DemandMax":null,"Value":36519},{"Length":192,"Height":190,"Demand":1,"DemandMax":null,"Value":36480},{"Length":177,"Height":206,"Demand":1,"DemandMax":null,"Value":36462},{"Length":246,"Height":148,"Demand":1,"DemandMax":null,"Value":36408},{"Length":214,"Height":170,"Demand":1,"DemandMax":null,"Value":36380},{"Length":180,"Height":202,"Demand":1,"DemandMax":null,"Value":36360},{"Length":295,"Height":123,"Demand":1,"DemandMax":null,"Value":36285},{"Length":228,"Height":159,"Demand":1,"DemandMax":null,"Value":36252},{"Length":199,"Height":182,"Demand":1,"DemandMax":null,"Value":36218},{"Length":222,"Height":163,"Demand":1,"DemandMax":null,"Value":36186},{"Length":160,"Height":226,"Demand":1,"DemandMax":null,"Value":36160},{"Length":276,"Height":131,"Demand":1,"DemandMax":null,"Value":36156},{"Length":280,"Height":129,"Demand":1,"DemandMax":null,"Value":36120},{"Length":204,"Height":177,"Demand":1,"DemandMax":null,"Value":36108},{"Length":132,"Height":273,"Demand":1,"DemandMax":null,"Value":36036},{"Length":178,"Height":202,"Demand":1,"DemandMax":null,"Value":35956},{"Length":120,"Height":299,"Demand":1,"DemandMax":null,"Value":35880},{"Length":125,"Height":287,"Demand":1,"DemandMax":null,"Value":35875},{"Length":170,"Height":211,"Demand":1,"DemandMax":null,"Value":35870},{"Length":163,"Height":220,"Demand":1,"DemandMax":null,"Value":35860},{"Length":199,"Height":180,"Demand":1,"DemandMax":null,"Value":35820},{"Length":231,"Height":155,"Demand":1,"DemandMax":null,"Value":35805},{"Length":250,"Height":143,"Demand":1,"DemandMax":null,"Value":35750},{"Length":229,"Height":156,"Demand":1,"DemandMax":null,"Value":35724},{"Length":186,"Height":192,"Demand":1,"DemandMax":null,"Value":35712},{"Length":210,"Height":170,"Demand":1,"DemandMax":null,"Value":35700},{"Length":180,"Height":198,"Demand":1,"DemandMax":null,"Value":35640},{"Length":159,"Height":224,"Demand":1,"DemandMax":null,"Value":35616},{"Length":149,"Height":239,"Demand":1,"DemandMax":null,"Value":35611},{"Length":164,"Height":217,"Demand":1,"DemandMax":null,"Value":35588},{"Length":243,"Height":146,"Demand":1,"DemandMax":null,"Value":35478},{"Length":218,"Height":162,"Demand":1,"DemandMax":null,"Value":35316},{"Length":194,"Height":182,"Demand":1,"DemandMax":null,"Value":35308},{"Length":243,"Height":145,"Demand":1,"DemandMax":null,"Value":35235},{"Length":230,"Height":153,"Demand":1,"DemandMax":null,"Value":35190},{"Length":144,"Height":244,"Demand":1,"DemandMax":null,"Value":35136},{"Length":122,"Height":288,"Demand":1,"DemandMax":null,"Value":35136},{"Length":231,"Height":152,"Demand":1,"DemandMax":null,"Value":35112},{"Length":258,"Height":136,"Demand":1,"DemandMax":null,"Value":35088},{"Length":209,"Height":167,"Demand":1,"DemandMax":null,"Value":34903},{"Length":300,"Height":116,"Demand":1,"DemandMax":null,"Value":34800},{"Length":254,"Height":137,"Demand":1,"DemandMax":null,"Value":34798},{"Length":227,"Height":153,"Demand":1,"DemandMax":null,"Value":34731},{"Length":179,"Height":194,"Demand":1,"DemandMax":null,"Value":34726},{"Length":263,"Height":132,"Demand":1,"DemandMax":null,"Value":34716},{"Length":177,"Height":196,"Demand":1,"DemandMax":null,"Value":34692},{"Length":214,"Height":162,"Demand":1,"DemandMax":null,"Value":34668},{"Length":281,"Height":123,"Demand":1,"DemandMax":null,"Value":34563},{"Length":221,"Height":156,"Demand":1,"DemandMax":null,"Value":34476},{"Length":219,"Height":157,"Demand":1,"DemandMax":null,"Value":34383},{"Length":169,"Height":203,"Demand":1,"DemandMax":null,"Value":34307},{"Length":254,"Height":135,"Demand":1,"DemandMax":null,"Value":34290},{"Length":158,"Height":217,"Demand":1,"DemandMax":null,"Value":34286},{"Length":197,"Height":174,"Demand":1,"DemandMax":null,"Value":34278},{"Length":149,"Height":230,"Demand":1,"DemandMax":null,"Value":34270},{"Length":116,"Height":295,"Demand":1,"DemandMax":null,"Value":34220},{"Length":139,"Height":246,"Demand":1,"DemandMax":null,"Value":34194},{"Length":122,"Height":280,"Demand":1,"DemandMax":null,"Value":34160},{"Length":229,"Height":149,"Demand":1,"DemandMax":null,"Value":34121},{"Length":203,"Height":168,"Demand":1,"DemandMax":null,"Value":34104},{"Length":196,"Height":174,"Demand":1,"DemandMax":null,"Value":34104},{"Length":120,"Height":284,"Demand":1,"DemandMax":null,"Value":34080},{"Length":181,"Height":188,"Demand":1,"DemandMax":null,"Value":34028},{"Length":140,"Height":243,"Demand":1,"DemandMax":null,"Value":34020},{"Length":178,"Height":191,"Demand":1,"DemandMax":null,"Value":33998},{"Length":118,"Height":288,"Demand":1,"DemandMax":null,"Value":33984},{"Length":246,"Height":138,"Demand":1,"DemandMax":null,"Value":33948},{"Length":122,"Height":278,"Demand":1,"DemandMax":null,"Value":33916},{"Length":213,"Height":159,"Demand":1,"DemandMax":null,"Value":33867},{"Length":235,"Height":144,"Demand":1,"DemandMax":null,"Value":33840},{"Length":200,"Height":169,"Demand":1,"DemandMax":null,"Value":33800},{"Length":119,"Height":283,"Demand":1,"DemandMax":null,"Value":33677},{"Length":151,"Height":223,"Demand":1,"DemandMax":null,"Value":33673},{"Length":271,"Height":124,"Demand":1,"DemandMax":null,"Value":33604},{"Length":247,"Height":136,"Demand":1,"DemandMax":null,"Value":33592},{"Length":172,"Height":195,"Demand":1,"DemandMax":null,"Value":33540},{"Length":277,"Height":121,"Demand":1,"DemandMax":null,"Value":33517},{"Length":199,"Height":168,"Demand":1,"DemandMax":null,"Value":33432},{"Length":283,"Height":118,"Demand":1,"DemandMax":null,"Value":33394},{"Length":271,"Height":123,"Demand":1,"DemandMax":null,"Value":33333},{"Length":238,"Height":140,"Demand":1,"DemandMax":null,"Value":33320},{"Length":143,"Height":233,"Demand":1,"DemandMax":null,"Value":33319},{"Length":216,"Height":154,"Demand":1,"DemandMax":null,"Value":33264},{"Length":142,"Height":234,"Demand":1,"DemandMax":null,"Value":33228},{"Length":294,"Height":113,"Demand":1,"DemandMax":null,"Value":33222},{"Length":147,"Height":226,"Demand":1,"DemandMax":null,"Value":33222},{"Length":117,"Height":283,"Demand":1,"DemandMax":null,"Value":33111},{"Length":245,"Height":135,"Demand":1,"DemandMax":null,"Value":33075},{"Length":118,"Height":280,"Demand":1,"DemandMax":null,"Value":33040},{"Length":192,"Height":172,"Demand":1,"DemandMax":null,"Value":33024},{"Length":183,"Height":180,"Demand":1,"DemandMax":null,"Value":32940},{"Length":221,"Height":149,"Demand":1,"DemandMax":null,"Value":32929},{"Length":187,"Height":176,"Demand":1,"DemandMax":null,"Value":32912},{"Length":127,"Height":259,"Demand":1,"DemandMax":null,"Value":32893},{"Length":251,"Height":131,"Demand":1,"DemandMax":null,"Value":32881},{"Length":146,"Height":225,"Demand":1,"DemandMax":null,"Value":32850},{"Length":192,"Height":171,"Demand":1,"DemandMax":null,"Value":32832},{"Length":237,"Height":138,"Demand":1,"DemandMax":null,"Value":32706},{"Length":242,"Height":135,"Demand":1,"DemandMax":null,"Value":32670},{"Length":212,"Height":154,"Demand":1,"DemandMax":null,"Value":32648},{"Length":115,"Height":283,"Demand":1,"DemandMax":null,"Value":32545},{"Length":126,"Height":258,"Demand":1,"DemandMax":null,"Value":32508},{"Length":133,"Height":244,"Demand":1,"DemandMax":null,"Value":32452},{"Length":134,"Height":242,"Demand":1,"DemandMax":null,"Value":32428},{"Length":167,"Height":194,"Demand":1,"DemandMax":null,"Value":32398},{"Length":261,"Height":124,"Demand":1,"DemandMax":null,"Value":32364},{"Length":294,"Height":110,"Demand":1,"DemandMax":null,"Value":32340},{"Length":237,"Height":136,"Demand":1,"DemandMax":null,"Value":32232},{"Length":180,"Height":179,"Demand":1,"DemandMax":null,"Value":32220},{"Length":214,"Height":150,"Demand":1,"DemandMax":null,"Value":32100},{"Length":113,"Height":284,"Demand":1,"DemandMax":null,"Value":32092},{"Length":212,"Height":151,"Demand":1,"DemandMax":null,"Value":32012},{"Length":160,"Height":200,"Demand":1,"DemandMax":null,"Value":32000},{"Length":262,"Height":122,"Demand":1,"DemandMax":null,"Value":31964},{"Length":136,"Height":235,"Demand":1,"DemandMax":null,"Value":31960},{"Length":225,"Height":142,"Demand":1,"DemandMax":null,"Value":31950},{"Length":149,"Height":214,"Demand":1,"DemandMax":null,"Value":31886},{"Length":110,"Height":289,"Demand":1,"DemandMax":null,"Value":31790},{"Length":170,"Height":187,"Demand":1,"DemandMax":null,"Value":31790},{"Length":163,"Height":195,"Demand":1,"DemandMax":null,"Value":31785},{"Length":125,"Height":254,"Demand":1,"DemandMax":null,"Value":31750},{"Length":246,"Height":129,"Demand":1,"DemandMax":null,"Value":31734},{"Length":182,"Height":174,"Demand":1,"DemandMax":null,"Value":31668},{"Length":268,"Height":118,"Demand":1,"DemandMax":null,"Value":31624},{"Length":145,"Height":218,"Demand":1,"DemandMax":null,"Value":31610},{"Length":108,"Height":292,"Demand":1,"DemandMax":null,"Value":31536},{"Length":111,"Height":284,"Demand":1,"DemandMax":null,"Value":31524},{"Length":235,"Height":134,"Demand":1,"DemandMax":null,"Value":31490},{"Length":206,"Height":152,"Demand":1,"DemandMax":null,"Value":31312},{"Length":129,"Height":242,"Demand":1,"DemandMax":null,"Value":31218},{"Length":164,"Height":190,"Demand":1,"DemandMax":null,"Value":31160},{"Length":158,"Height":197,"Demand":1,"DemandMax":null,"Value":31126},{"Length":234,"Height":133,"Demand":1,"DemandMax":null,"Value":31122},{"Length":263,"Height":118,"Demand":1,"DemandMax":null,"Value":31034},{"Length":298,"Height":104,"Demand":1,"DemandMax":null,"Value":30992},{"Length":122,"Height":254,"Demand":1,"DemandMax":null,"Value":30988},{"Length":111,"Height":279,"Demand":1,"DemandMax":null,"Value":30969},{"Length":168,"Height":184,"Demand":1,"DemandMax":null,"Value":30912},{"Length":136,"Height":227,"Demand":1,"DemandMax":null,"Value":30872},{"Length":112,"Height":275,"Demand":1,"DemandMax":null,"Value":30800},{"Length":117,"Height":263,"Demand":1,"DemandMax":null,"Value":30771},{"Length":240,"Height":128,"Demand":1,"DemandMax":null,"Value":30720},{"Length":173,"Height":177,"Demand":1,"DemandMax":null,"Value":30621},{"Length":211,"Height":145,"Demand":1,"DemandMax":null,"Value":30595},{"Length":278,"Height":110,"Demand":1,"DemandMax":null,"Value":30580},{"Length":196,"Height":156,"Demand":1,"DemandMax":null,"Value":30576},{"Length":261,"Height":117,"Demand":1,"DemandMax":null,"Value":30537},{"Length":140,"Height":218,"Demand":1,"DemandMax":null,"Value":30520},{"Length":290,"Height":105,"Demand":1,"DemandMax":null,"Value":30450},{"Length":210,"Height":145,"Demand":1,"DemandMax":null,"Value":30450},{"Length":137,"Height":222,"Demand":1,"DemandMax":null,"Value":30414},{"Length":116,"Height":262,"Demand":1,"DemandMax":null,"Value":30392},{"Length":243,"Height":125,"Demand":1,"DemandMax":null,"Value":30375},{"Length":276,"Height":110,"Demand":1,"DemandMax":null,"Value":30360},{"Length":264,"Height":115,"Demand":1,"DemandMax":null,"Value":30360},{"Length":112,"Height":270,"Demand":1,"DemandMax":null,"Value":30240},{"Length":151,"Height":200,"Demand":1,"DemandMax":null,"Value":30200},{"Length":196,"Height":154,"Demand":1,"DemandMax":null,"Value":30184},{"Length":220,"Height":137,"Demand":1,"DemandMax":null,"Value":30140},{"Length":215,"Height":140,"Demand":1,"DemandMax":null,"Value":30100},{"Length":170,"Height":177,"Demand":1,"DemandMax":null,"Value":30090},{"Length":105,"Height":286,"Demand":1,"DemandMax":null,"Value":30030},{"Length":143,"Height":210,"Demand":1,"DemandMax":null,"Value":30030},{"Length":229,"Height":131,"Demand":1,"DemandMax":null,"Value":29999},{"Length":204,"Height":147,"Demand":1,"DemandMax":null,"Value":29988},{"Length":114,"Height":263,"Demand":1,"DemandMax":null,"Value":29982},{"Length":206,"Height":145,"Demand":1,"DemandMax":null,"Value":29870},{"Length":171,"Height":173,"Demand":1,"DemandMax":null,"Value":29583},{"Length":135,"Height":219,"Demand":1,"DemandMax":null,"Value":29565},{"Length":149,"Height":198,"Demand":1,"DemandMax":null,"Value":29502},{"Length":250,"Height":118,"Demand":1,"DemandMax":null,"Value":29500},{"Length":152,"Height":194,"Demand":1,"DemandMax":null,"Value":29488},{"Length":213,"Height":138,"Demand":1,"DemandMax":null,"Value":29394},{"Length":167,"Height":176,"Demand":1,"DemandMax":null,"Value":29392},{"Length":226,"Height":130,"Demand":1,"DemandMax":null,"Value":29380},{"Length":113,"Height":260,"Demand":1,"DemandMax":null,"Value":29380},{"Length":231,"Height":127,"Demand":1,"DemandMax":null,"Value":29337},{"Length":217,"Height":135,"Demand":1,"DemandMax":null,"Value":29295},{"Length":120,"Height":244,"Demand":1,"DemandMax":null,"Value":29280},{"Length":147,"Height":199,"Demand":1,"DemandMax":null,"Value":29253},{"Length":261,"Height":112,"Demand":1,"DemandMax":null,"Value":29232},{"Length":153,"Height":191,"Demand":1,"DemandMax":null,"Value":29223},{"Length":127,"Height":230,"Demand":1,"DemandMax":null,"Value":29210},{"Length":200,"Height":146,"Demand":1,"DemandMax":null,"Value":29200},{"Length":121,"Height":241,"Demand":1,"DemandMax":null,"Value":29161},{"Length":275,"Height":106,"Demand":1,"DemandMax":null,"Value":29150},{"Length":209,"Height":139,"Demand":1,"DemandMax":null,"Value":29051},{"Length":163,"Height":178,"Demand":1,"DemandMax":null,"Value":29014},{"Length":107,"Height":270,"Demand":1,"DemandMax":null,"Value":28890},{"Length":280,"Height":103,"Demand":1,"DemandMax":null,"Value":28840},{"Length":272,"Height":106,"Demand":1,"DemandMax":null,"Value":28832},{"Length":118,"Height":244,"Demand":1,"DemandMax":null,"Value":28792},{"Length":254,"Height":113,"Demand":1,"DemandMax":null,"Value":28702},{"Length":140,"Height":205,"Demand":1,"DemandMax":null,"Value":28700},{"Length":108,"Height":265,"Demand":1,"DemandMax":null,"Value":28620},{"Length":205,"Height":139,"Demand":1,"DemandMax":null,"Value":28495},{"Length":187,"Height":152,"Demand":1,"DemandMax":null,"Value":28424},{"Length":140,"Height":203,"Demand":1,"DemandMax":null,"Value":28420},{"Length":111,"Height":256,"Demand":1,"DemandMax":null,"Value":28416},{"Length":144,"Height":197,"Demand":1,"DemandMax":null,"Value":28368},{"Length":156,"Height":181,"Demand":1,"DemandMax":null,"Value":28236},{"Length":252,"Height":112,"Demand":1,"DemandMax":null,"Value":28224},{"Length":174,"Height":161,"Demand":1,"DemandMax":null,"Value":28014},{"Length":235,"Height":119,"Demand":1,"DemandMax":null,"Value":27965},{"Length":105,"Height":266,"Demand":1,"DemandMax":null,"Value":27930},{"Length":107,"Height":261,"Demand":1,"DemandMax":null,"Value":27927},{"Length":230,"Height":121,"Demand":1,"DemandMax":null,"Value":27830},{"Length":224,"Height":124,"Demand":1,"DemandMax":null,"Value":27776},{"Length":162,"Height":171,"Demand":1,"DemandMax":null,"Value":27702},{"Length":124,"Height":223,"Demand":1,"DemandMax":null,"Value":27652},{"Length":175,"Height":158,"Demand":1,"DemandMax":null,"Value":27650},{"Length":260,"Height":106,"Demand":1,"DemandMax":null,"Value":27560},{"Length":255,"Height":108,"Demand":1,"DemandMax":null,"Value":27540},{"Length":119,"Height":231,"Demand":1,"DemandMax":null,"Value":27489},{"Length":216,"Height":127,"Demand":1,"DemandMax":null,"Value":27432},{"Length":254,"Height":108,"Demand":1,"DemandMax":null,"Value":27432},{"Length":179,"Height":153,"Demand":1,"DemandMax":null,"Value":27387},{"Length":114,"Height":240,"Demand":1,"DemandMax":null,"Value":27360},{"Length":224,"Height":122,"Demand":1,"DemandMax":null,"Value":27328},{"Length":114,"Height":239,"Demand":1,"DemandMax":null,"Value":27246},{"Length":103,"Height":264,"Demand":1,"DemandMax":null,"Value":27192},{"Length":123,"Height":221,"Demand":1,"DemandMax":null,"Value":27183},{"Length":181,"Height":150,"Demand":1,"DemandMax":null,"Value":27150},{"Length":120,"Height":225,"Demand":1,"DemandMax":null,"Value":27000},{"Length":134,"Height":201,"Demand":1,"DemandMax":null,"Value":26934},{"Length":238,"Height":113,"Demand":1,"DemandMax":null,"Value":26894},{"Length":222,"Height":121,"Demand":1,"DemandMax":null,"Value":26862},{"Length":132,"Height":203,"Demand":1,"DemandMax":null,"Value":26796},{"Length":117,"Height":229,"Demand":1,"DemandMax":null,"Value":26793},{"Length":141,"Height":190,"Demand":1,"DemandMax":null,"Value":26790},{"Length":113,"Height":237,"Demand":1,"DemandMax":null,"Value":26781},{"Length":121,"Height":221,"Demand":1,"DemandMax":null,"Value":26741},{"Length":259,"Height":103,"Demand":1,"DemandMax":null,"Value":26677},{"Length":149,"Height":179,"Demand":1,"DemandMax":null,"Value":26671},{"Length":148,"Height":180,"Demand":1,"DemandMax":null,"Value":26640},{"Length":137,"Height":194,"Demand":1,"DemandMax":null,"Value":26578},{"Length":258,"Height":103,"Demand":1,"DemandMax":null,"Value":26574},{"Length":112,"Height":237,"Demand":1,"DemandMax":null,"Value":26544},{"Length":102,"Height":260,"Demand":1,"DemandMax":null,"Value":26520},{"Length":104,"Height":255,"Demand":1,"DemandMax":null,"Value":26520},{"Length":114,"Height":232,"Demand":1,"DemandMax":null,"Value":26448},{"Length":213,"Height":124,"Demand":1,"DemandMax":null,"Value":26412},{"Length":138,"Height":191,"Demand":1,"DemandMax":null,"Value":26358},{"Length":231,"Height":114,"Demand":1,"DemandMax":null,"Value":26334},{"Length":201,"Height":131,"Demand":1,"DemandMax":null,"Value":26331},{"Length":204,"Height":129,"Demand":1,"DemandMax":null,"Value":26316},{"Length":104,"Height":253,"Demand":1,"DemandMax":null,"Value":26312},{"Length":137,"Height":191,"Demand":1,"DemandMax":null,"Value":26167},{"Length":130,"Height":201,"Demand":1,"DemandMax":null,"Value":26130},{"Length":122,"Height":214,"Demand":1,"DemandMax":null,"Value":26108},{"Length":112,"Height":233,"Demand":1,"DemandMax":null,"Value":26096},{"Length":158,"Height":165,"Demand":1,"DemandMax":null,"Value":26070},{"Length":113,"Height":230,"Demand":1,"DemandMax":null,"Value":25990},{"Length":122,"Height":213,"Demand":1,"DemandMax":null,"Value":25986},{"Length":109,"Height":238,"Demand":1,"DemandMax":null,"Value":25942},{"Length":259,"Height":100,"Demand":1,"DemandMax":null,"Value":25900},{"Length":177,"Height":146,"Demand":1,"DemandMax":null,"Value":25842},{"Length":241,"Height":107,"Demand":1,"DemandMax":null,"Value":25787},{"Length":164,"Height":157,"Demand":1,"DemandMax":null,"Value":25748},{"Length":123,"Height":209,"Demand":1,"DemandMax":null,"Value":25707},{"Length":104,"Height":247,"Demand":1,"DemandMax":null,"Value":25688},{"Length":240,"Height":107,"Demand":1,"DemandMax":null,"Value":25680},{"Length":110,"Height":233,"Demand":1,"DemandMax":null,"Value":25630},{"Length":139,"Height":184,"Demand":1,"DemandMax":null,"Value":25576},{"Length":131,"Height":195,"Demand":1,"DemandMax":null,"Value":25545},{"Length":138,"Height":185,"Demand":1,"DemandMax":null,"Value":25530},{"Length":115,"Height":221,"Demand":1,"DemandMax":null,"Value":25415},{"Length":183,"Height":138,"Demand":1,"DemandMax":null,"Value":25254},{"Length":141,"Height":179,"Demand":1,"DemandMax":null,"Value":25239},{"Length":120,"Height":210,"Demand":1,"DemandMax":null,"Value":25200},{"Length":143,"Height":176,"Demand":1,"DemandMax":null,"Value":25168},{"Length":177,"Height":142,"Demand":1,"DemandMax":null,"Value":25134},{"Length":213,"Height":118,"Demand":1,"DemandMax":null,"Value":25134},{"Length":125,"Height":201,"Demand":1,"DemandMax":null,"Value":25125},{"Length":165,"Height":152,"Demand":1,"DemandMax":null,"Value":25080},{"Length":135,"Height":185,"Demand":1,"DemandMax":null,"Value":24975},{"Length":203,"Height":123,"Demand":1,"DemandMax":null,"Value":24969},{"Length":104,"Height":240,"Demand":1,"DemandMax":null,"Value":24960},{"Length":153,"Height":163,"Demand":1,"DemandMax":null,"Value":24939},{"Length":103,"Height":241,"Demand":1,"DemandMax":null,"Value":24823},{"Length":146,"Height":170,"Demand":1,"DemandMax":null,"Value":24820},{"Length":105,"Height":236,"Demand":1,"DemandMax":null,"Value":24780},{"Length":103,"Height":240,"Demand":1,"DemandMax":null,"Value":24720},{"Length":116,"Height":213,"Demand":1,"DemandMax":null,"Value":24708},{"Length":211,"Height":117,"Demand":1,"DemandMax":null,"Value":24687},{"Length":187,"Height":132,"Demand":1,"DemandMax":null,"Value":24684},{"Length":241,"Height":102,"Demand":1,"DemandMax":null,"Value":24582},{"Length":159,"Height":154,"Demand":1,"DemandMax":null,"Value":24486},{"Length":189,"Height":129,"Demand":1,"DemandMax":null,"Value":24381},{"Length":105,"Height":232,"Demand":1,"DemandMax":null,"Value":24360},{"Length":183,"Height":133,"Demand":1,"DemandMax":null,"Value":24339},{"Length":208,"Height":117,"Demand":1,"DemandMax":null,"Value":24336},{"Length":157,"Height":155,"Demand":1,"DemandMax":null,"Value":24335},{"Length":139,"Height":175,"Demand":1,"DemandMax":null,"Value":24325},{"Length":202,"Height":120,"Demand":1,"DemandMax":null,"Value":24240},{"Length":121,"Height":200,"Demand":1,"DemandMax":null,"Value":24200},{"Length":180,"Height":134,"Demand":1,"DemandMax":null,"Value":24120},{"Length":201,"Height":120,"Demand":1,"DemandMax":null,"Value":24120},{"Length":146,"Height":165,"Demand":1,"DemandMax":null,"Value":24090},{"Length":227,"Height":106,"Demand":1,"DemandMax":null,"Value":24062},{"Length":122,"Height":197,"Demand":1,"DemandMax":null,"Value":24034},{"Length":143,"Height":168,"Demand":1,"DemandMax":null,"Value":24024},{"Length":240,"Height":100,"Demand":1,"DemandMax":null,"Value":24000},{"Length":162,"Height":148,"Demand":1,"DemandMax":null,"Value":23976},{"Length":124,"Height":193,"Demand":1,"DemandMax":null,"Value":23932},{"Length":115,"Height":208,"Demand":1,"DemandMax":null,"Value":23920},{"Length":111,"Height":215,"Demand":1,"DemandMax":null,"Value":23865},{"Length":107,"Height":223,"Demand":1,"DemandMax":null,"Value":23861},{"Length":169,"Height":141,"Demand":1,"DemandMax":null,"Value":23829},{"Length":161,"Height":148,"Demand":1,"DemandMax":null,"Value":23828},{"Length":104,"Height":229,"Demand":1,"DemandMax":null,"Value":23816},{"Length":220,"Height":108,"Demand":1,"DemandMax":null,"Value":23760},{"Length":176,"Height":135,"Demand":1,"DemandMax":null,"Value":23760},{"Length":113,"Height":210,"Demand":1,"DemandMax":null,"Value":23730},{"Length":232,"Height":102,"Demand":1,"DemandMax":null,"Value":23664},{"Length":221,"Height":107,"Demand":1,"DemandMax":null,"Value":23647},{"Length":167,"Height":141,"Demand":1,"DemandMax":null,"Value":23547},{"Length":149,"Height":158,"Demand":1,"DemandMax":null,"Value":23542},{"Length":109,"Height":215,"Demand":1,"DemandMax":null,"Value":23435},{"Length":149,"Height":157,"Demand":1,"DemandMax":null,"Value":23393},{"Length":125,"Height":187,"Demand":1,"DemandMax":null,"Value":23375},{"Length":123,"Height":189,"Demand":1,"DemandMax":null,"Value":23247},{"Length":149,"Height":156,"Demand":1,"DemandMax":null,"Value":23244},{"Length":202,"Height":115,"Demand":1,"DemandMax":null,"Value":23230},{"Length":161,"Height":144,"Demand":1,"DemandMax":null,"Value":23184},{"Length":127,"Height":182,"Demand":1,"DemandMax":null,"Value":23114},{"Length":104,"Height":222,"Demand":1,"DemandMax":null,"Value":23088},{"Length":135,"Height":171,"Demand":1,"DemandMax":null,"Value":23085},{"Length":134,"Height":171,"Demand":1,"DemandMax":null,"Value":22914},{"Length":158,"Height":145,"Demand":1,"DemandMax":null,"Value":22910},{"Length":199,"Height":115,"Demand":1,"DemandMax":null,"Value":22885},{"Length":119,"Height":192,"Demand":1,"DemandMax":null,"Value":22848},{"Length":124,"Height":184,"Demand":1,"DemandMax":null,"Value":22816},{"Length":157,"Height":145,"Demand":1,"DemandMax":null,"Value":22765},{"Length":175,"Height":130,"Demand":1,"DemandMax":null,"Value":22750},{"Length":187,"Height":121,"Demand":1,"DemandMax":null,"Value":22627},{"Length":159,"Height":142,"Demand":1,"DemandMax":null,"Value":22578},{"Length":140,"Height":161,"Demand":1,"DemandMax":null,"Value":22540},{"Length":163,"Height":138,"Demand":1,"DemandMax":null,"Value":22494},{"Length":105,"Height":214,"Demand":1,"DemandMax":null,"Value":22470},{"Length":141,"Height":159,"Demand":1,"DemandMax":null,"Value":22419},{"Length":149,"Height":150,"Demand":1,"DemandMax":null,"Value":22350},{"Length":117,"Height":190,"Demand":1,"DemandMax":null,"Value":22230},{"Length":144,"Height":154,"Demand":1,"DemandMax":null,"Value":22176},{"Length":191,"Height":116,"Demand":1,"DemandMax":null,"Value":22156},{"Length":180,"Height":123,"Demand":1,"DemandMax":null,"Value":22140},{"Length":110,"Height":201,"Demand":1,"DemandMax":null,"Value":22110},{"Length":149,"Height":148,"Demand":1,"DemandMax":null,"Value":22052},{"Length":147,"Height":150,"Demand":1,"DemandMax":null,"Value":22050},{"Length":168,"Height":131,"Demand":1,"DemandMax":null,"Value":22008},{"Length":183,"Height":120,"Demand":1,"DemandMax":null,"Value":21960},{"Length":116,"Height":189,"Demand":1,"DemandMax":null,"Value":21924},{"Length":126,"Height":174,"Demand":1,"DemandMax":null,"Value":21924},{"Length":202,"Height":108,"Demand":1,"DemandMax":null,"Value":21816},{"Length":108,"Height":201,"Demand":1,"DemandMax":null,"Value":21708},{"Length":157,"Height":138,"Demand":1,"DemandMax":null,"Value":21666},{"Length":121,"Height":179,"Demand":1,"DemandMax":null,"Value":21659},{"Length":107,"Height":202,"Demand":1,"DemandMax":null,"Value":21614},{"Length":151,"Height":143,"Demand":1,"DemandMax":null,"Value":21593},{"Length":174,"Height":124,"Demand":1,"DemandMax":null,"Value":21576},{"Length":125,"Height":172,"Demand":1,"DemandMax":null,"Value":21500},{"Length":182,"Height":118,"Demand":1,"DemandMax":null,"Value":21476},{"Length":197,"Height":109,"Demand":1,"DemandMax":null,"Value":21473},{"Length":165,"Height":130,"Demand":1,"DemandMax":null,"Value":21450},{"Length":102,"Height":210,"Demand":1,"DemandMax":null,"Value":21420},{"Length":109,"Height":196,"Demand":1,"DemandMax":null,"Value":21364},{"Length":103,"Height":207,"Demand":1,"DemandMax":null,"Value":21321},{"Length":182,"Height":117,"Demand":1,"DemandMax":null,"Value":21294},{"Length":118,"Height":180,"Demand":1,"DemandMax":null,"Value":21240},{"Length":158,"Height":134,"Demand":1,"DemandMax":null,"Value":21172},{"Length":144,"Height":147,"Demand":1,"DemandMax":null,"Value":21168},{"Length":183,"Height":115,"Demand":1,"DemandMax":null,"Value":21045},{"Length":105,"Height":200,"Demand":1,"DemandMax":null,"Value":21000},{"Length":130,"Height":161,"Demand":1,"DemandMax":null,"Value":20930},{"Length":126,"Height":165,"Demand":1,"DemandMax":null,"Value":20790},{"Length":196,"Height":106,"Demand":1,"DemandMax":null,"Value":20776},{"Length":179,"Height":116,"Demand":1,"DemandMax":null,"Value":20764},{"Length":122,"Height":170,"Demand":1,"DemandMax":null,"Value":20740},{"Length":104,"Height":199,"Demand":1,"DemandMax":null,"Value":20696},{"Length":103,"Height":198,"Demand":1,"DemandMax":null,"Value":20394},{"Length":160,"Height":127,"Demand":1,"DemandMax":null,"Value":20320},{"Length":144,"Height":141,"Demand":1,"DemandMax":null,"Value":20304},{"Length":172,"Height":118,"Demand":1,"DemandMax":null,"Value":20296},{"Length":103,"Height":197,"Demand":1,"DemandMax":null,"Value":20291},{"Length":112,"Height":181,"Demand":1,"DemandMax":null,"Value":20272},{"Length":105,"Height":193,"Demand":1,"DemandMax":null,"Value":20265},{"Length":119,"Height":170,"Demand":1,"DemandMax":null,"Value":20230},{"Length":109,"Height":185,"Demand":1,"DemandMax":null,"Value":20165},{"Length":146,"Height":138,"Demand":1,"DemandMax":null,"Value":20148},{"Length":195,"Height":103,"Demand":1,"DemandMax":null,"Value":20085},{"Length":154,"Height":129,"Demand":1,"DemandMax":null,"Value":19866},{"Length":182,"Height":109,"Demand":1,"DemandMax":null,"Value":19838},{"Length":180,"Height":110,"Demand":1,"DemandMax":null,"Value":19800},{"Length":142,"Height":139,"Demand":1,"DemandMax":null,"Value":19738},{"Length":163,"Height":120,"Demand":1,"DemandMax":null,"Value":19560},{"Length":154,"Height":127,"Demand":1,"DemandMax":null,"Value":19558},{"Length":115,"Height":169,"Demand":1,"DemandMax":null,"Value":19435},{"Length":145,"Height":134,"Demand":1,"DemandMax":null,"Value":19430},{"Length":132,"Height":147,"Demand":1,"DemandMax":null,"Value":19404},{"Length":131,"Height":148,"Demand":1,"DemandMax":null,"Value":19388},{"Length":108,"Height":179,"Demand":1,"DemandMax":null,"Value":19332},{"Length":136,"Height":142,"Demand":1,"DemandMax":null,"Value":19312},{"Length":101,"Height":191,"Demand":1,"DemandMax":null,"Value":19291},{"Length":158,"Height":122,"Demand":1,"DemandMax":null,"Value":19276},{"Length":180,"Height":107,"Demand":1,"DemandMax":null,"Value":19260},{"Length":102,"Height":187,"Demand":1,"DemandMax":null,"Value":19074},{"Length":149,"Height":128,"Demand":1,"DemandMax":null,"Value":19072},{"Length":178,"Height":107,"Demand":1,"DemandMax":null,"Value":19046},{"Length":170,"Height":112,"Demand":1,"DemandMax":null,"Value":19040},{"Length":122,"Height":156,"Demand":1,"DemandMax":null,"Value":19032},{"Length":143,"Height":133,"Demand":1,"DemandMax":null,"Value":19019},{"Length":125,"Height":152,"Demand":1,"DemandMax":null,"Value":19000},{"Length":104,"Height":181,"Demand":1,"DemandMax":null,"Value":18824},{"Length":167,"Height":112,"Demand":1,"DemandMax":null,"Value":18704},{"Length":146,"Height":128,"Demand":1,"DemandMax":null,"Value":18688},{"Length":134,"Height":139,"Demand":1,"DemandMax":null,"Value":18626},{"Length":126,"Height":147,"Demand":1,"DemandMax":null,"Value":18522},{"Length":118,"Height":156,"Demand":1,"DemandMax":null,"Value":18408},{"Length":157,"Height":116,"Demand":1,"DemandMax":null,"Value":18212},{"Length":104,"Height":174,"Demand":1,"DemandMax":null,"Value":18096},{"Length":129,"Height":140,"Demand":1,"DemandMax":null,"Value":18060},{"Length":144,"Height":124,"Demand":1,"DemandMax":null,"Value":17856},{"Length":169,"Height":105,"Demand":1,"DemandMax":null,"Value":17745},{"Length":122,"Height":145,"Demand":1,"DemandMax":null,"Value":17690},{"Length":139,"Height":127,"Demand":1,"DemandMax":null,"Value":17653},{"Length":105,"Height":168,"Demand":1,"DemandMax":null,"Value":17640},{"Length":123,"Height":143,"Demand":1,"DemandMax":null,"Value":17589},{"Length":174,"Height":101,"Demand":1,"DemandMax":null,"Value":17574},{"Length":132,"Height":132,"Demand":1,"DemandMax":null,"Value":17424},{"Length":118,"Height":147,"Demand":1,"DemandMax":null,"Value":17346},{"Length":110,"Height":157,"Demand":1,"DemandMax":null,"Value":17270},{"Length":106,"Height":162,"Demand":1,"DemandMax":null,"Value":17172},{"Length":115,"Height":149,"Demand":1,"DemandMax":null,"Value":17135},{"Length":106,"Height":161,"Demand":1,"DemandMax":null,"Value":17066},{"Length":106,"Height":158,"Demand":1,"DemandMax":null,"Value":16748},{"Length":161,"Height":104,"Demand":1,"DemandMax":null,"Value":16744},{"Length":145,"Height":115,"Demand":1,"DemandMax":null,"Value":16675},{"Length":154,"Height":108,"Demand":1,"DemandMax":null,"Value":16632},{"Length":104,"Height":159,"Demand":1,"DemandMax":null,"Value":16536},{"Length":130,"Height":127,"Demand":1,"DemandMax":null,"Value":16510},{"Length":144,"Height":114,"Demand":1,"DemandMax":null,"Value":16416},{"Length":106,"Height":154,"Demand":1,"DemandMax":null,"Value":16324},{"Length":111,"Height":146,"Demand":1,"DemandMax":null,"Value":16206},{"Length":157,"Height":103,"Demand":1,"DemandMax":null,"Value":16171},{"Length":117,"Height":138,"Demand":1,"DemandMax":null,"Value":16146},{"Length":130,"Height":124,"Demand":1,"DemandMax":null,"Value":16120},{"Length":135,"Height":119,"Demand":1,"DemandMax":null,"Value":16065},{"Length":157,"Height":102,"Demand":1,"DemandMax":null,"Value":16014},{"Length":123,"Height":130,"Demand":1,"DemandMax":null,"Value":15990},{"Length":148,"Height":108,"Demand":1,"DemandMax":null,"Value":15984},{"Length":139,"Height":114,"Demand":1,"DemandMax":null,"Value":15846},{"Length":119,"Height":132,"Demand":1,"DemandMax":null,"Value":15708},{"Length":157,"Height":100,"Demand":1,"DemandMax":null,"Value":15700},{"Length":144,"Height":109,"Demand":1,"DemandMax":null,"Value":15696},{"Length":143,"Height":109,"Demand":1,"DemandMax":null,"Value":15587},{"Length":118,"Height":132,"Demand":1,"DemandMax":null,"Value":15576},{"Length":111,"Height":140,"Demand":1,"DemandMax":null,"Value":15540},{"Length":146,"Height":106,"Demand":1,"DemandMax":null,"Value":15476},{"Length":119,"Height":130,"Demand":1,"DemandMax":null,"Value":15470},{"Length":102,"Height":151,"Demand":1,"DemandMax":null,"Value":15402},{"Length":124,"Height":124,"Demand":1,"DemandMax":null,"Value":15376},{"Length":105,"Height":146,"Demand":1,"DemandMax":null,"Value":15330},{"Length":127,"Height":120,"Demand":1,"DemandMax":null,"Value":15240},{"Length":138,"Height":110,"Demand":1,"DemandMax":null,"Value":15180},{"Length":114,"Height":133,"Demand":1,"DemandMax":null,"Value":15162},{"Length":106,"Height":143,"Demand":1,"DemandMax":null,"Value":15158},{"Length":125,"Height":121,"Demand":1,"DemandMax":null,"Value":15125},{"Length":132,"Height":114,"Demand":1,"DemandMax":null,"Value":15048},{"Length":115,"Height":130,"Demand":1,"DemandMax":null,"Value":14950},{"Length":112,"Height":133,"Demand":1,"DemandMax":null,"Value":14896},{"Length":141,"Height":105,"Demand":1,"DemandMax":null,"Value":14805},{"Length":132,"Height":112,"Demand":1,"DemandMax":null,"Value":14784},{"Length":119,"Height":123,"Demand":1,"DemandMax":null,"Value":14637},{"Length":118,"Height":124,"Demand":1,"DemandMax":null,"Value":14632},{"Length":105,"Height":138,"Demand":1,"DemandMax":null,"Value":14490},{"Length":100,"Height":144,"Demand":1,"DemandMax":null,"Value":14400},{"Length":129,"Height":111,"Demand":1,"DemandMax":null,"Value":14319},{"Length":139,"Height":103,"Demand":1,"DemandMax":null,"Value":14317},{"Length":105,"Height":136,"Demand":1,"DemandMax":null,"Value":14280},{"Length":118,"Height":120,"Demand":1,"DemandMax":null,"Value":14160},{"Length":140,"Height":100,"Demand":1,"DemandMax":null,"Value":14000},{"Length":112,"Height":122,"Demand":1,"DemandMax":null,"Value":13664},{"Length":135,"Height":101,"Demand":1,"DemandMax":null,"Value":13635},{"Length":100,"Height":136,"Demand":1,"DemandMax":null,"Value":13600},{"Length":102,"Height":133,"Demand":1,"DemandMax":null,"Value":13566},{"Length":127,"Height":106,"Demand":1,"DemandMax":null,"Value":13462},{"Length":128,"Height":105,"Demand":1,"DemandMax":null,"Value":13440},{"Length":129,"Height":104,"Demand":1,"DemandMax":null,"Value":13416},{"Length":124,"Height":108,"Demand":1,"DemandMax":null,"Value":13392},{"Length":129,"Height":100,"Demand":1,"DemandMax":null,"Value":12900},{"Length":111,"Height":115,"Demand":1,"DemandMax":null,"Value":12765},{"Length":112,"Height":112,"Demand":1,"DemandMax":null,"Value":12544},{"Length":117,"Height":106,"Demand":1,"DemandMax":null,"Value":12402},{"Length":119,"Height":103,"Demand":1,"DemandMax":null,"Value":12257},{"Length":108,"Height":111,"Demand":1,"DemandMax":null,"Value":11988},{"Length":119,"Height":100,"Demand":1,"DemandMax":null,"Value":11900},{"Length":104,"Height":112,"Demand":1,"DemandMax":null,"Value":11648},{"Length":107,"Height":102,"Demand":1,"DemandMax":null,"Value":10914},{"Length":104,"Height":101,"Demand":1,"DemandMax":null,"Value":10504},{"Length":100,"Height":100,"Demand":1,"DemandMax":null,"Value":10000}]}