{"Name":"AH319","Objects":[{"Length":1000,"Height":2535,"Stock":null,"Cost":2535000}],"Items":[{"Length":75,"Height":75,"Demand":1,"DemandMax":null,"Value":5625},{"Length":74,"Height":74,"Demand":1,"DemandMax":null,"Value":5476},{"Length":75,"Height":73,"Demand":1,"DemandMax":null,"Value":5475},{"Length":73,"Height":74,"Demand":1,"DemandMax":null,"Value":5402},{"Length":72,"Height":75,"Demand":1,"DemandMax":null,"Value":5400},{"Length":72,"Height":74,"Demand":1,"DemandMax":null,"Value":5328},{"Length":75,"Height":71,"Demand":1,"DemandMax":null,"Value":5325},{"Length":74,"Height":71,"Demand":1,"DemandMax":null,"Value":5254},{"Length":75,"Height":70,"Demand":1,"DemandMax":null,"Value":5250},{"Length":72,"Height":72,"Demand":1,"DemandMax":null,"Value":5184},{"Length":73,"Height":71,"Demand":1,"DemandMax":null,"Value":5183},{"Length":74,"Height":70,"Demand":1,"DemandMax":null,"Value":5180},{"Length":69,"Height":75,"Demand":1,"DemandMax":null,"Value":5175},{"Length":72,"Height":71,"Demand":1,"DemandMax":null,"Value":5112},{"Length":73,"Height":70,"Demand":1,"DemandMax":null,"Value":5110},{"Length":69,"Height":74,"Demand":1,"DemandMax":null,"Value":5106},{"Length":68,"Height":75,"Demand":1,"DemandMax":null,"Value":5100},{"Length":71,"Height":71,"Demand":1,"DemandMax":null,"Value":5041},{"Length":70,"Height":72,"Demand":1,"DemandMax":null,"Value":5040},{"Length":73,"Height":69,"Demand":1,"DemandMax":null,"Value":5037},{"Length":67,"Height":75,"Demand":1,"DemandMax":null,"Value":5025},{"Length":70,"Height":71,"Demand":1,"DemandMax":null,"Value":4970},{"Length":72,"Height":69,"Demand":1,"DemandMax":null,"Value":4968},{"Length":73,"Height":68,"Demand":1,"DemandMax":null,"Value":4964},{"Length":66,"Height":75,"Demand":1,"DemandMax":null,"Value":4950},{"Length":70,"Height":70,"Demand":1,"DemandMax":null,"Value":4900},{"Length":69,"Height":71,"Demand":1,"DemandMax":null,"Value":4899},{"Length":67,"Height":73,"Demand":1,"DemandMax":null,"Value":4891},{"Length":66,"Height":74,"Demand":1,"DemandMax":null,"Value":4884},{"Length":69,"Height":70,"Demand":1,"DemandMax":null,"Value":4830},{"Length":71,"Height":68,"Demand":1,"DemandMax":null,"Value":4828},{"Length":74,"Height":65,"Demand":1,"DemandMax":null,"Value":4810},{"Length":64,"Height":75,"Demand":1,"DemandMax":null,"Value":4800},{"Length":70,"Height":68,"Demand":1,"DemandMax":null,"Value":4760},{"Length":67,"Height":71,"Demand":1,"DemandMax":null,"Value":4757},{"Length":66,"Height":72,"Demand":1,"DemandMax":null,"Value":4752},{"Length":73,"Height":65,"Demand":1,"DemandMax":null,"Value":4745},{"Length":74,"Height":64,"Demand":1,"DemandMax":null,"Value":4736},{"Length":68,"Height":69,"Demand":1,"DemandMax":null,"Value":4692},{"Length":67,"Height":70,"Demand":1,"DemandMax":null,"Value":4690},{"Length":72,"Height":65,"Demand":1,"DemandMax":null,"Value":4680},{"Length":73,"Height":64,"Demand":1,"DemandMax":null,"Value":4672},{"Length":74,"Height":63,"Demand":1,"DemandMax":null,"Value":4662},{"Length":68,"Height":68,"Demand":1,"DemandMax":null,"Value":4624},{"Length":67,"Height":69,"Demand":1,"DemandMax":null,"Value":4623},{"Length":66,"Height":70,"Demand":1,"DemandMax":null,"Value":4620},{"Length":72,"Height":64,"Demand":1,"DemandMax":null,"Value":4608},{"Length":62,"Height":74,"Demand":1,"DemandMax":null,"Value":4588},{"Length":75,"Height":61,"Demand":1,"DemandMax":null,"Value":4575},{"Length":68,"Height":67,"Demand":1,"DemandMax":null,"Value":4556},{"Length":66,"Height":69,"Demand":1,"DemandMax":null,"Value":4554},{"Length":70,"Height":65,"Demand":1,"DemandMax":null,"Value":4550},{"Length":64,"Height":71,"Demand":1,"DemandMax":null,"Value":4544},{"Length":72,"Height":63,"Demand":1,"DemandMax":null,"Value":4536},{"Length":73,"Height":62,"Demand":1,"DemandMax":null,"Value":4526},{"Length":61,"Height":74,"Demand":1,"DemandMax":null,"Value":4514},{"Length":75,"Height":60,"Demand":1,"DemandMax":null,"Value":4500},{"Length":67,"Height":67,"Demand":1,"DemandMax":null,"Value":4489},{"Length":68,"Height":66,"Demand":1,"DemandMax":null,"Value":4488},{"Length":69,"Height":65,"Demand":1,"DemandMax":null,"Value":4485},{"Length":70,"Height":64,"Demand":1,"DemandMax":null,"Value":4480},{"Length":71,"Height":63,"Demand":1,"DemandMax":null,"Value":4473},{"Length":72,"Height":62,"Demand":1,"DemandMax":null,"Value":4464},{"Length":73,"Height":61,"Demand":1,"DemandMax":null,"Value":4453},{"Length":60,"Height":74,"Demand":1,"DemandMax":null,"Value":4440},{"Length":66,"Height":67,"Demand":1,"DemandMax":null,"Value":4422},{"Length":65,"Height":68,"Demand":1,"DemandMax":null,"Value":4420},{"Length":64,"Height":69,"Demand":1,"DemandMax":null,"Value":4416},{"Length":70,"Height":63,"Demand":1,"DemandMax":null,"Value":4410},{"Length":62,"Height":71,"Demand":1,"DemandMax":null,"Value":4402},{"Length":61,"Height":72,"Demand":1,"DemandMax":null,"Value":4392},{"Length":60,"Height":73,"Demand":1,"DemandMax":null,"Value":4380},{"Length":59,"Height":74,"Demand":1,"DemandMax":null,"Value":4366},{"Length":66,"Height":66,"Demand":1,"DemandMax":null,"Value":4356},{"Length":65,"Height":67,"Demand":1,"DemandMax":null,"Value":4355},{"Length":75,"Height":58,"Demand":1,"DemandMax":null,"Value":4350},{"Length":63,"Height":69,"Demand":1,"DemandMax":null,"Value":4347},{"Length":62,"Height":70,"Demand":1,"DemandMax":null,"Value":4340},{"Length":60,"Height":72,"Demand":1,"DemandMax":null,"Value":4320},{"Length":73,"Height":59,"Demand":1,"DemandMax":null,"Value":4307},{"Length":58,"Height":74,"Demand":1,"DemandMax":null,"Value":4292},{"Length":66,"Height":65,"Demand":1,"DemandMax":null,"Value":4290},{"Length":62,"Height":69,"Demand":1,"DemandMax":null,"Value":4278},{"Length":75,"Height":57,"Demand":1,"DemandMax":null,"Value":4275},{"Length":61,"Height":70,"Demand":1,"DemandMax":null,"Value":4270},{"Length":59,"Height":72,"Demand":1,"DemandMax":null,"Value":4248},{"Length":73,"Height":58,"Demand":1,"DemandMax":null,"Value":4234},{"Length":64,"Height":66,"Demand":1,"DemandMax":null,"Value":4224},{"Length":63,"Height":67,"Demand":1,"DemandMax":null,"Value":4221},{"Length":62,"Height":68,"Demand":1,"DemandMax":null,"Value":4216},{"Length":69,"Height":61,"Demand":1,"DemandMax":null,"Value":4209},{"Length":56,"Height":75,"Demand":1,"DemandMax":null,"Value":4200},{"Length":70,"Height":60,"Demand":1,"DemandMax":null,"Value":4200},{"Length":71,"Height":59,"Demand":1,"DemandMax":null,"Value":4189},{"Length":58,"Height":72,"Demand":1,"DemandMax":null,"Value":4176},{"Length":57,"Height":73,"Demand":1,"DemandMax":null,"Value":4161},{"Length":65,"Height":64,"Demand":1,"DemandMax":null,"Value":4160},{"Length":66,"Height":63,"Demand":1,"DemandMax":null,"Value":4158},{"Length":62,"Height":67,"Demand":1,"DemandMax":null,"Value":4154},{"Length":61,"Height":68,"Demand":1,"DemandMax":null,"Value":4148},{"Length":60,"Height":69,"Demand":1,"DemandMax":null,"Value":4140},{"Length":59,"Height":70,"Demand":1,"DemandMax":null,"Value":4130},{"Length":55,"Height":75,"Demand":1,"DemandMax":null,"Value":4125},{"Length":58,"Height":71,"Demand":1,"DemandMax":null,"Value":4118},{"Length":72,"Height":57,"Demand":1,"DemandMax":null,"Value":4104},{"Length":64,"Height":64,"Demand":1,"DemandMax":null,"Value":4096},{"Length":65,"Height":63,"Demand":1,"DemandMax":null,"Value":4095},{"Length":66,"Height":62,"Demand":1,"DemandMax":null,"Value":4092},{"Length":56,"Height":73,"Demand":1,"DemandMax":null,"Value":4088},{"Length":61,"Height":67,"Demand":1,"DemandMax":null,"Value":4087},{"Length":68,"Height":60,"Demand":1,"DemandMax":null,"Value":4080},{"Length":69,"Height":59,"Demand":1,"DemandMax":null,"Value":4071},{"Length":74,"Height":55,"Demand":1,"DemandMax":null,"Value":4070},{"Length":58,"Height":70,"Demand":1,"DemandMax":null,"Value":4060},{"Length":54,"Height":75,"Demand":1,"DemandMax":null,"Value":4050},{"Length":64,"Height":63,"Demand":1,"DemandMax":null,"Value":4032},{"Length":56,"Height":72,"Demand":1,"DemandMax":null,"Value":4032},{"Length":61,"Height":66,"Demand":1,"DemandMax":null,"Value":4026},{"Length":60,"Height":67,"Demand":1,"DemandMax":null,"Value":4020},{"Length":55,"Height":73,"Demand":1,"DemandMax":null,"Value":4015},{"Length":68,"Height":59,"Demand":1,"DemandMax":null,"Value":4012},{"Length":69,"Height":58,"Demand":1,"DemandMax":null,"Value":4002},{"Length":74,"Height":54,"Demand":1,"DemandMax":null,"Value":3996},{"Length":56,"Height":71,"Demand":1,"DemandMax":null,"Value":3976},{"Length":75,"Height":53,"Demand":1,"DemandMax":null,"Value":3975},{"Length":63,"Height":63,"Demand":1,"DemandMax":null,"Value":3969},{"Length":62,"Height":64,"Demand":1,"DemandMax":null,"Value":3968},{"Length":61,"Height":65,"Demand":1,"DemandMax":null,"Value":3965},{"Length":66,"Height":60,"Demand":1,"DemandMax":null,"Value":3960},{"Length":67,"Height":59,"Demand":1,"DemandMax":null,"Value":3953},{"Length":68,"Height":58,"Demand":1,"DemandMax":null,"Value":3944},{"Length":73,"Height":54,"Demand":1,"DemandMax":null,"Value":3942},{"Length":69,"Height":57,"Demand":1,"DemandMax":null,"Value":3933},{"Length":56,"Height":70,"Demand":1,"DemandMax":null,"Value":3920},{"Length":63,"Height":62,"Demand":1,"DemandMax":null,"Value":3906},{"Length":55,"Height":71,"Demand":1,"DemandMax":null,"Value":3905},{"Length":64,"Height":61,"Demand":1,"DemandMax":null,"Value":3904},{"Length":65,"Height":60,"Demand":1,"DemandMax":null,"Value":3900},{"Length":52,"Height":75,"Demand":1,"DemandMax":null,"Value":3900},{"Length":72,"Height":54,"Demand":1,"DemandMax":null,"Value":3888},{"Length":67,"Height":58,"Demand":1,"DemandMax":null,"Value":3886},{"Length":57,"Height":68,"Demand":1,"DemandMax":null,"Value":3876},{"Length":73,"Height":53,"Demand":1,"DemandMax":null,"Value":3869},{"Length":52,"Height":74,"Demand":1,"DemandMax":null,"Value":3848},{"Length":62,"Height":62,"Demand":1,"DemandMax":null,"Value":3844},{"Length":65,"Height":59,"Demand":1,"DemandMax":null,"Value":3835},{"Length":71,"Height":54,"Demand":1,"DemandMax":null,"Value":3834},{"Length":67,"Height":57,"Demand":1,"DemandMax":null,"Value":3819},{"Length":72,"Height":53,"Demand":1,"DemandMax":null,"Value":3816},{"Length":68,"Height":56,"Demand":1,"DemandMax":null,"Value":3808},{"Length":73,"Height":52,"Demand":1,"DemandMax":null,"Value":3796},{"Length":55,"Height":69,"Demand":1,"DemandMax":null,"Value":3795},{"Length":61,"Height":62,"Demand":1,"DemandMax":null,"Value":3782},{"Length":63,"Height":60,"Demand":1,"DemandMax":null,"Value":3780},{"Length":54,"Height":70,"Demand":1,"DemandMax":null,"Value":3780},{"Length":64,"Height":59,"Demand":1,"DemandMax":null,"Value":3776},{"Length":74,"Height":51,"Demand":1,"DemandMax":null,"Value":3774},{"Length":58,"Height":65,"Demand":1,"DemandMax":null,"Value":3770},{"Length":56,"Height":67,"Demand":1,"DemandMax":null,"Value":3752},{"Length":50,"Height":75,"Demand":1,"DemandMax":null,"Value":3750},{"Length":52,"Height":72,"Demand":1,"DemandMax":null,"Value":3744},{"Length":55,"Height":68,"Demand":1,"DemandMax":null,"Value":3740},{"Length":51,"Height":73,"Demand":1,"DemandMax":null,"Value":3723},{"Length":61,"Height":61,"Demand":1,"DemandMax":null,"Value":3721},{"Length":60,"Height":62,"Demand":1,"DemandMax":null,"Value":3720},{"Length":70,"Height":53,"Demand":1,"DemandMax":null,"Value":3710},{"Length":74,"Height":50,"Demand":1,"DemandMax":null,"Value":3700},{"Length":52,"Height":71,"Demand":1,"DemandMax":null,"Value":3692},{"Length":55,"Height":67,"Demand":1,"DemandMax":null,"Value":3685},{"Length":49,"Height":75,"Demand":1,"DemandMax":null,"Value":3675},{"Length":54,"Height":68,"Demand":1,"DemandMax":null,"Value":3672},{"Length":62,"Height":59,"Demand":1,"DemandMax":null,"Value":3658},{"Length":69,"Height":53,"Demand":1,"DemandMax":null,"Value":3657},{"Length":63,"Height":58,"Demand":1,"DemandMax":null,"Value":3654},{"Length":57,"Height":64,"Demand":1,"DemandMax":null,"Value":3648},{"Length":70,"Height":52,"Demand":1,"DemandMax":null,"Value":3640},{"Length":65,"Height":56,"Demand":1,"DemandMax":null,"Value":3640},{"Length":66,"Height":55,"Demand":1,"DemandMax":null,"Value":3630},{"Length":51,"Height":71,"Demand":1,"DemandMax":null,"Value":3621},{"Length":67,"Height":54,"Demand":1,"DemandMax":null,"Value":3618},{"Length":60,"Height":60,"Demand":1,"DemandMax":null,"Value":3600},{"Length":75,"Height":48,"Demand":1,"DemandMax":null,"Value":3600},{"Length":57,"Height":63,"Demand":1,"DemandMax":null,"Value":3591},{"Length":52,"Height":69,"Demand":1,"DemandMax":null,"Value":3588},{"Length":56,"Height":64,"Demand":1,"DemandMax":null,"Value":3584},{"Length":49,"Height":73,"Demand":1,"DemandMax":null,"Value":3577},{"Length":65,"Height":55,"Demand":1,"DemandMax":null,"Value":3575},{"Length":51,"Height":70,"Demand":1,"DemandMax":null,"Value":3570},{"Length":66,"Height":54,"Demand":1,"DemandMax":null,"Value":3564},{"Length":48,"Height":74,"Demand":1,"DemandMax":null,"Value":3552},{"Length":67,"Height":53,"Demand":1,"DemandMax":null,"Value":3551},{"Length":71,"Height":50,"Demand":1,"DemandMax":null,"Value":3550},{"Length":60,"Height":59,"Demand":1,"DemandMax":null,"Value":3540},{"Length":61,"Height":58,"Demand":1,"DemandMax":null,"Value":3538},{"Length":68,"Height":52,"Demand":1,"DemandMax":null,"Value":3536},{"Length":57,"Height":62,"Demand":1,"DemandMax":null,"Value":3534},{"Length":64,"Height":55,"Demand":1,"DemandMax":null,"Value":3520},{"Length":51,"Height":69,"Demand":1,"DemandMax":null,"Value":3519},{"Length":54,"Height":65,"Demand":1,"DemandMax":null,"Value":3510},{"Length":48,"Height":73,"Demand":1,"DemandMax":null,"Value":3504},{"Length":50,"Height":70,"Demand":1,"DemandMax":null,"Value":3500},{"Length":66,"Height":53,"Demand":1,"DemandMax":null,"Value":3498},{"Length":59,"Height":59,"Demand":1,"DemandMax":null,"Value":3481},{"Length":71,"Height":49,"Demand":1,"DemandMax":null,"Value":3479},{"Length":74,"Height":47,"Demand":1,"DemandMax":null,"Value":3478},{"Length":61,"Height":57,"Demand":1,"DemandMax":null,"Value":3477},{"Length":62,"Height":56,"Demand":1,"DemandMax":null,"Value":3472},{"Length":51,"Height":68,"Demand":1,"DemandMax":null,"Value":3468},{"Length":63,"Height":55,"Demand":1,"DemandMax":null,"Value":3465},{"Length":64,"Height":54,"Demand":1,"DemandMax":null,"Value":3456},{"Length":72,"Height":48,"Demand":1,"DemandMax":null,"Value":3456},{"Length":69,"Height":50,"Demand":1,"DemandMax":null,"Value":3450},{"Length":75,"Height":46,"Demand":1,"DemandMax":null,"Value":3450},{"Length":65,"Height":53,"Demand":1,"DemandMax":null,"Value":3445},{"Length":52,"Height":66,"Demand":1,"DemandMax":null,"Value":3432},{"Length":49,"Height":70,"Demand":1,"DemandMax":null,"Value":3430},{"Length":58,"Height":59,"Demand":1,"DemandMax":null,"Value":3422},{"Length":57,"Height":60,"Demand":1,"DemandMax":null,"Value":3420},{"Length":51,"Height":67,"Demand":1,"DemandMax":null,"Value":3417},{"Length":61,"Height":56,"Demand":1,"DemandMax":null,"Value":3416},{"Length":55,"Height":62,"Demand":1,"DemandMax":null,"Value":3410},{"Length":71,"Height":48,"Demand":1,"DemandMax":null,"Value":3408},{"Length":74,"Height":46,"Demand":1,"DemandMax":null,"Value":3404},{"Length":63,"Height":54,"Demand":1,"DemandMax":null,"Value":3402},{"Length":53,"Height":64,"Demand":1,"DemandMax":null,"Value":3392},{"Length":72,"Height":47,"Demand":1,"DemandMax":null,"Value":3384},{"Length":49,"Height":69,"Demand":1,"DemandMax":null,"Value":3381},{"Length":65,"Height":52,"Demand":1,"DemandMax":null,"Value":3380},{"Length":66,"Height":51,"Demand":1,"DemandMax":null,"Value":3366},{"Length":58,"Height":58,"Demand":1,"DemandMax":null,"Value":3364},{"Length":59,"Height":57,"Demand":1,"DemandMax":null,"Value":3363},{"Length":55,"Height":61,"Demand":1,"DemandMax":null,"Value":3355},{"Length":50,"Height":67,"Demand":1,"DemandMax":null,"Value":3350},{"Length":62,"Height":54,"Demand":1,"DemandMax":null,"Value":3348},{"Length":53,"Height":63,"Demand":1,"DemandMax":null,"Value":3339},{"Length":71,"Height":47,"Demand":1,"DemandMax":null,"Value":3337},{"Length":68,"Height":49,"Demand":1,"DemandMax":null,"Value":3332},{"Length":52,"Height":64,"Demand":1,"DemandMax":null,"Value":3328},{"Length":51,"Height":65,"Demand":1,"DemandMax":null,"Value":3315},{"Length":69,"Height":48,"Demand":1,"DemandMax":null,"Value":3312},{"Length":72,"Height":46,"Demand":1,"DemandMax":null,"Value":3312},{"Length":57,"Height":58,"Demand":1,"DemandMax":null,"Value":3306},{"Length":59,"Height":56,"Demand":1,"DemandMax":null,"Value":3304},{"Length":75,"Height":44,"Demand":1,"DemandMax":null,"Value":3300},{"Length":66,"Height":50,"Demand":1,"DemandMax":null,"Value":3300},{"Length":55,"Height":60,"Demand":1,"DemandMax":null,"Value":3300},{"Length":47,"Height":70,"Demand":1,"DemandMax":null,"Value":3290},{"Length":53,"Height":62,"Demand":1,"DemandMax":null,"Value":3286},{"Length":45,"Height":73,"Demand":1,"DemandMax":null,"Value":3285},{"Length":63,"Height":52,"Demand":1,"DemandMax":null,"Value":3276},{"Length":71,"Height":46,"Demand":1,"DemandMax":null,"Value":3266},{"Length":68,"Height":48,"Demand":1,"DemandMax":null,"Value":3264},{"Length":51,"Height":64,"Demand":1,"DemandMax":null,"Value":3264},{"Length":44,"Height":74,"Demand":1,"DemandMax":null,"Value":3256},{"Length":50,"Height":65,"Demand":1,"DemandMax":null,"Value":3250},{"Length":58,"Height":56,"Demand":1,"DemandMax":null,"Value":3248},{"Length":59,"Height":55,"Demand":1,"DemandMax":null,"Value":3245},{"Length":69,"Height":47,"Demand":1,"DemandMax":null,"Value":3243},{"Length":54,"Height":60,"Demand":1,"DemandMax":null,"Value":3240},{"Length":45,"Height":72,"Demand":1,"DemandMax":null,"Value":3240},{"Length":49,"Height":66,"Demand":1,"DemandMax":null,"Value":3234},{"Length":61,"Height":53,"Demand":1,"DemandMax":null,"Value":3233},{"Length":75,"Height":43,"Demand":1,"DemandMax":null,"Value":3225},{"Length":48,"Height":67,"Demand":1,"DemandMax":null,"Value":3216},{"Length":51,"Height":63,"Demand":1,"DemandMax":null,"Value":3213},{"Length":44,"Height":73,"Demand":1,"DemandMax":null,"Value":3212},{"Length":64,"Height":50,"Demand":1,"DemandMax":null,"Value":3200},{"Length":47,"Height":68,"Demand":1,"DemandMax":null,"Value":3196},{"Length":57,"Height":56,"Demand":1,"DemandMax":null,"Value":3192},{"Length":58,"Height":55,"Demand":1,"DemandMax":null,"Value":3190},{"Length":54,"Height":59,"Demand":1,"DemandMax":null,"Value":3186},{"Length":49,"Height":65,"Demand":1,"DemandMax":null,"Value":3185},{"Length":74,"Height":43,"Demand":1,"DemandMax":null,"Value":3182},{"Length":53,"Height":60,"Demand":1,"DemandMax":null,"Value":3180},{"Length":69,"Height":46,"Demand":1,"DemandMax":null,"Value":3174},{"Length":44,"Height":72,"Demand":1,"DemandMax":null,"Value":3168},{"Length":66,"Height":48,"Demand":1,"DemandMax":null,"Value":3168},{"Length":51,"Height":62,"Demand":1,"DemandMax":null,"Value":3162},{"Length":45,"Height":70,"Demand":1,"DemandMax":null,"Value":3150},{"Length":63,"Height":50,"Demand":1,"DemandMax":null,"Value":3150},{"Length":42,"Height":75,"Demand":1,"DemandMax":null,"Value":3150},{"Length":47,"Height":67,"Demand":1,"DemandMax":null,"Value":3149},{"Length":73,"Height":43,"Demand":1,"DemandMax":null,"Value":3139},{"Length":49,"Height":64,"Demand":1,"DemandMax":null,"Value":3136},{"Length":57,"Height":55,"Demand":1,"DemandMax":null,"Value":3135},{"Length":59,"Height":53,"Demand":1,"DemandMax":null,"Value":3127},{"Length":71,"Height":44,"Demand":1,"DemandMax":null,"Value":3124},{"Length":65,"Height":48,"Demand":1,"DemandMax":null,"Value":3120},{"Length":51,"Height":61,"Demand":1,"DemandMax":null,"Value":3111},{"Length":42,"Height":74,"Demand":1,"DemandMax":null,"Value":3108},{"Length":45,"Height":69,"Demand":1,"DemandMax":null,"Value":3105},{"Length":50,"Height":62,"Demand":1,"DemandMax":null,"Value":3100},{"Length":72,"Height":43,"Demand":1,"DemandMax":null,"Value":3096},{"Length":63,"Height":49,"Demand":1,"DemandMax":null,"Value":3087},{"Length":46,"Height":67,"Demand":1,"DemandMax":null,"Value":3082},{"Length":70,"Height":44,"Demand":1,"DemandMax":null,"Value":3080},{"Length":54,"Height":57,"Demand":1,"DemandMax":null,"Value":3078},{"Length":75,"Height":41,"Demand":1,"DemandMax":null,"Value":3075},{"Length":48,"Height":64,"Demand":1,"DemandMax":null,"Value":3072},{"Length":59,"Height":52,"Demand":1,"DemandMax":null,"Value":3068},{"Length":42,"Height":73,"Demand":1,"DemandMax":null,"Value":3066},{"Length":60,"Height":51,"Demand":1,"DemandMax":null,"Value":3060},{"Length":45,"Height":68,"Demand":1,"DemandMax":null,"Value":3060},{"Length":65,"Height":47,"Demand":1,"DemandMax":null,"Value":3055},{"Length":43,"Height":71,"Demand":1,"DemandMax":null,"Value":3053},{"Length":50,"Height":61,"Demand":1,"DemandMax":null,"Value":3050},{"Length":62,"Height":49,"Demand":1,"DemandMax":null,"Value":3038},{"Length":44,"Height":69,"Demand":1,"DemandMax":null,"Value":3036},{"Length":48,"Height":63,"Demand":1,"DemandMax":null,"Value":3024},{"Length":72,"Height":42,"Demand":1,"DemandMax":null,"Value":3024},{"Length":53,"Height":57,"Demand":1,"DemandMax":null,"Value":3021},{"Length":58,"Height":52,"Demand":1,"DemandMax":null,"Value":3016},{"Length":45,"Height":67,"Demand":1,"DemandMax":null,"Value":3015},{"Length":70,"Height":43,"Demand":1,"DemandMax":null,"Value":3010},{"Length":59,"Height":51,"Demand":1,"DemandMax":null,"Value":3009},{"Length":64,"Height":47,"Demand":1,"DemandMax":null,"Value":3008},{"Length":41,"Height":73,"Demand":1,"DemandMax":null,"Value":2993},{"Length":65,"Height":46,"Demand":1,"DemandMax":null,"Value":2990},{"Length":61,"Height":49,"Demand":1,"DemandMax":null,"Value":2989},{"Length":62,"Height":48,"Demand":1,"DemandMax":null,"Value":2976},{"Length":45,"Height":66,"Demand":1,"DemandMax":null,"Value":2970},{"Length":56,"Height":53,"Demand":1,"DemandMax":null,"Value":2968},{"Length":47,"Height":63,"Demand":1,"DemandMax":null,"Value":2961},{"Length":40,"Height":74,"Demand":1,"DemandMax":null,"Value":2960},{"Length":51,"Height":58,"Demand":1,"DemandMax":null,"Value":2958},{"Length":50,"Height":59,"Demand":1,"DemandMax":null,"Value":2950},{"Length":67,"Height":44,"Demand":1,"DemandMax":null,"Value":2948},{"Length":64,"Height":46,"Demand":1,"DemandMax":null,"Value":2944},{"Length":39,"Height":75,"Demand":1,"DemandMax":null,"Value":2925},{"Length":65,"Height":45,"Demand":1,"DemandMax":null,"Value":2925},{"Length":68,"Height":43,"Demand":1,"DemandMax":null,"Value":2924},{"Length":40,"Height":73,"Demand":1,"DemandMax":null,"Value":2920},{"Length":54,"Height":54,"Demand":1,"DemandMax":null,"Value":2916},{"Length":53,"Height":55,"Demand":1,"DemandMax":null,"Value":2915},{"Length":52,"Height":56,"Demand":1,"DemandMax":null,"Value":2912},{"Length":41,"Height":71,"Demand":1,"DemandMax":null,"Value":2911},{"Length":51,"Height":57,"Demand":1,"DemandMax":null,"Value":2907},{"Length":66,"Height":44,"Demand":1,"DemandMax":null,"Value":2904},{"Length":69,"Height":42,"Demand":1,"DemandMax":null,"Value":2898},{"Length":63,"Height":46,"Demand":1,"DemandMax":null,"Value":2898},{"Length":49,"Height":59,"Demand":1,"DemandMax":null,"Value":2891},{"Length":39,"Height":74,"Demand":1,"DemandMax":null,"Value":2886},{"Length":45,"Height":64,"Demand":1,"DemandMax":null,"Value":2880},{"Length":72,"Height":40,"Demand":1,"DemandMax":null,"Value":2880},{"Length":41,"Height":70,"Demand":1,"DemandMax":null,"Value":2870},{"Length":61,"Height":47,"Demand":1,"DemandMax":null,"Value":2867},{"Length":54,"Height":53,"Demand":1,"DemandMax":null,"Value":2862},{"Length":44,"Height":65,"Demand":1,"DemandMax":null,"Value":2860},{"Length":51,"Height":56,"Demand":1,"DemandMax":null,"Value":2856},{"Length":46,"Height":62,"Demand":1,"DemandMax":null,"Value":2852},{"Length":57,"Height":50,"Demand":1,"DemandMax":null,"Value":2850},{"Length":58,"Height":49,"Demand":1,"DemandMax":null,"Value":2842},{"Length":45,"Height":63,"Demand":1,"DemandMax":null,"Value":2835},{"Length":59,"Height":48,"Demand":1,"DemandMax":null,"Value":2832},{"Length":69,"Height":41,"Demand":1,"DemandMax":null,"Value":2829},{"Length":47,"Height":60,"Demand":1,"DemandMax":null,"Value":2820},{"Length":64,"Height":44,"Demand":1,"DemandMax":null,"Value":2816},{"Length":67,"Height":42,"Demand":1,"DemandMax":null,"Value":2814},{"Length":74,"Height":38,"Demand":1,"DemandMax":null,"Value":2812},{"Length":54,"Height":52,"Demand":1,"DemandMax":null,"Value":2808},{"Length":72,"Height":39,"Demand":1,"DemandMax":null,"Value":2808},{"Length":61,"Height":46,"Demand":1,"DemandMax":null,"Value":2806},{"Length":70,"Height":40,"Demand":1,"DemandMax":null,"Value":2800},{"Length":50,"Height":56,"Demand":1,"DemandMax":null,"Value":2800},{"Length":43,"Height":65,"Demand":1,"DemandMax":null,"Value":2795},{"Length":49,"Height":57,"Demand":1,"DemandMax":null,"Value":2793},{"Length":62,"Height":45,"Demand":1,"DemandMax":null,"Value":2790},{"Length":68,"Height":41,"Demand":1,"DemandMax":null,"Value":2788},{"Length":73,"Height":38,"Demand":1,"DemandMax":null,"Value":2774},{"Length":47,"Height":59,"Demand":1,"DemandMax":null,"Value":2773},{"Length":42,"Height":66,"Demand":1,"DemandMax":null,"Value":2772},{"Length":71,"Height":39,"Demand":1,"DemandMax":null,"Value":2769},{"Length":46,"Height":60,"Demand":1,"DemandMax":null,"Value":2760},{"Length":53,"Height":52,"Demand":1,"DemandMax":null,"Value":2756},{"Length":54,"Height":51,"Demand":1,"DemandMax":null,"Value":2754},{"Length":43,"Height":64,"Demand":1,"DemandMax":null,"Value":2752},{"Length":55,"Height":50,"Demand":1,"DemandMax":null,"Value":2750},{"Length":41,"Height":67,"Demand":1,"DemandMax":null,"Value":2747},{"Length":37,"Height":74,"Demand":1,"DemandMax":null,"Value":2738},{"Length":48,"Height":57,"Demand":1,"DemandMax":null,"Value":2736},{"Length":72,"Height":38,"Demand":1,"DemandMax":null,"Value":2736},{"Length":39,"Height":70,"Demand":1,"DemandMax":null,"Value":2730},{"Length":42,"Height":65,"Demand":1,"DemandMax":null,"Value":2730},{"Length":62,"Height":44,"Demand":1,"DemandMax":null,"Value":2728},{"Length":47,"Height":58,"Demand":1,"DemandMax":null,"Value":2726},{"Length":41,"Height":66,"Demand":1,"DemandMax":null,"Value":2706},{"Length":51,"Height":53,"Demand":1,"DemandMax":null,"Value":2703},{"Length":73,"Height":37,"Demand":1,"DemandMax":null,"Value":2701},{"Length":60,"Height":45,"Demand":1,"DemandMax":null,"Value":2700},{"Length":75,"Height":36,"Demand":1,"DemandMax":null,"Value":2700},{"Length":71,"Height":38,"Demand":1,"DemandMax":null,"Value":2698},{"Length":39,"Height":69,"Demand":1,"DemandMax":null,"Value":2691},{"Length":40,"Height":67,"Demand":1,"DemandMax":null,"Value":2680},{"Length":46,"Height":58,"Demand":1,"DemandMax":null,"Value":2668},{"Length":41,"Height":65,"Demand":1,"DemandMax":null,"Value":2665},{"Length":74,"Height":36,"Demand":1,"DemandMax":null,"Value":2664},{"Length":38,"Height":70,"Demand":1,"DemandMax":null,"Value":2660},{"Length":45,"Height":59,"Demand":1,"DemandMax":null,"Value":2655},{"Length":39,"Height":68,"Demand":1,"DemandMax":null,"Value":2652},{"Length":51,"Height":52,"Demand":1,"DemandMax":null,"Value":2652},{"Length":50,"Height":53,"Demand":1,"DemandMax":null,"Value":2650},{"Length":49,"Height":54,"Demand":1,"DemandMax":null,"Value":2646},{"Length":63,"Height":42,"Demand":1,"DemandMax":null,"Value":2646},{"Length":44,"Height":60,"Demand":1,"DemandMax":null,"Value":2640},{"Length":40,"Height":66,"Demand":1,"DemandMax":null,"Value":2640},{"Length":56,"Height":47,"Demand":1,"DemandMax":null,"Value":2632},{"Length":73,"Height":36,"Demand":1,"DemandMax":null,"Value":2628},{"Length":37,"Height":71,"Demand":1,"DemandMax":null,"Value":2627},{"Length":35,"Height":75,"Demand":1,"DemandMax":null,"Value":2625},{"Length":61,"Height":43,"Demand":1,"DemandMax":null,"Value":2623},{"Length":69,"Height":38,"Demand":1,"DemandMax":null,"Value":2622},{"Length":39,"Height":67,"Demand":1,"DemandMax":null,"Value":2613},{"Length":62,"Height":42,"Demand":1,"DemandMax":null,"Value":2604},{"Length":51,"Height":51,"Demand":1,"DemandMax":null,"Value":2601},{"Length":50,"Height":52,"Demand":1,"DemandMax":null,"Value":2600},{"Length":49,"Height":53,"Demand":1,"DemandMax":null,"Value":2597},{"Length":36,"Height":72,"Demand":1,"DemandMax":null,"Value":2592},{"Length":54,"Height":48,"Demand":1,"DemandMax":null,"Value":2592},{"Length":70,"Height":37,"Demand":1,"DemandMax":null,"Value":2590},{"Length":35,"Height":74,"Demand":1,"DemandMax":null,"Value":2590},{"Length":41,"Height":63,"Demand":1,"DemandMax":null,"Value":2583},{"Length":60,"Height":43,"Demand":1,"DemandMax":null,"Value":2580},{"Length":56,"Height":46,"Demand":1,"DemandMax":null,"Value":2576},{"Length":39,"Height":66,"Demand":1,"DemandMax":null,"Value":2574},{"Length":57,"Height":45,"Demand":1,"DemandMax":null,"Value":2565},{"Length":61,"Height":42,"Demand":1,"DemandMax":null,"Value":2562},{"Length":73,"Height":35,"Demand":1,"DemandMax":null,"Value":2555},{"Length":69,"Height":37,"Demand":1,"DemandMax":null,"Value":2553},{"Length":34,"Height":75,"Demand":1,"DemandMax":null,"Value":2550},{"Length":50,"Height":51,"Demand":1,"DemandMax":null,"Value":2550},{"Length":52,"Height":49,"Demand":1,"DemandMax":null,"Value":2548},{"Length":67,"Height":38,"Demand":1,"DemandMax":null,"Value":2546},{"Length":48,"Height":53,"Demand":1,"DemandMax":null,"Value":2544},{"Length":41,"Height":62,"Demand":1,"DemandMax":null,"Value":2542},{"Length":54,"Height":47,"Demand":1,"DemandMax":null,"Value":2538},{"Length":43,"Height":59,"Demand":1,"DemandMax":null,"Value":2537},{"Length":46,"Height":55,"Demand":1,"DemandMax":null,"Value":2530},{"Length":70,"Height":36,"Demand":1,"DemandMax":null,"Value":2520},{"Length":42,"Height":60,"Demand":1,"DemandMax":null,"Value":2520},{"Length":63,"Height":40,"Demand":1,"DemandMax":null,"Value":2520},{"Length":56,"Height":45,"Demand":1,"DemandMax":null,"Value":2520},{"Length":72,"Height":35,"Demand":1,"DemandMax":null,"Value":2520},{"Length":34,"Height":74,"Demand":1,"DemandMax":null,"Value":2516},{"Length":57,"Height":44,"Demand":1,"DemandMax":null,"Value":2508},{"Length":41,"Height":61,"Demand":1,"DemandMax":null,"Value":2501},{"Length":50,"Height":50,"Demand":1,"DemandMax":null,"Value":2500},{"Length":52,"Height":48,"Demand":1,"DemandMax":null,"Value":2496},{"Length":43,"Height":58,"Demand":1,"DemandMax":null,"Value":2494},{"Length":47,"Height":53,"Demand":1,"DemandMax":null,"Value":2491},{"Length":46,"Height":54,"Demand":1,"DemandMax":null,"Value":2484},{"Length":69,"Height":36,"Demand":1,"DemandMax":null,"Value":2484},{"Length":34,"Height":73,"Demand":1,"DemandMax":null,"Value":2482},{"Length":67,"Height":37,"Demand":1,"DemandMax":null,"Value":2479},{"Length":59,"Height":42,"Demand":1,"DemandMax":null,"Value":2478},{"Length":75,"Height":33,"Demand":1,"DemandMax":null,"Value":2475},{"Length":55,"Height":45,"Demand":1,"DemandMax":null,"Value":2475},{"Length":44,"Height":56,"Demand":1,"DemandMax":null,"Value":2464},{"Length":60,"Height":41,"Demand":1,"DemandMax":null,"Value":2460},{"Length":57,"Height":43,"Demand":1,"DemandMax":null,"Value":2451},{"Length":35,"Height":70,"Demand":1,"DemandMax":null,"Value":2450},{"Length":50,"Height":49,"Demand":1,"DemandMax":null,"Value":2450},{"Length":68,"Height":36,"Demand":1,"DemandMax":null,"Value":2448},{"Length":48,"Height":51,"Demand":1,"DemandMax":null,"Value":2448},{"Length":52,"Height":47,"Demand":1,"DemandMax":null,"Value":2444},{"Length":74,"Height":33,"Demand":1,"DemandMax":null,"Value":2442},{"Length":66,"Height":37,"Demand":1,"DemandMax":null,"Value":2442},{"Length":61,"Height":40,"Demand":1,"DemandMax":null,"Value":2440},{"Length":53,"Height":46,"Demand":1,"DemandMax":null,"Value":2438},{"Length":58,"Height":42,"Demand":1,"DemandMax":null,"Value":2436},{"Length":38,"Height":64,"Demand":1,"DemandMax":null,"Value":2432},{"Length":45,"Height":54,"Demand":1,"DemandMax":null,"Value":2430},{"Length":55,"Height":44,"Demand":1,"DemandMax":null,"Value":2420},{"Length":41,"Height":59,"Demand":1,"DemandMax":null,"Value":2419},{"Length":62,"Height":39,"Demand":1,"DemandMax":null,"Value":2418},{"Length":36,"Height":67,"Demand":1,"DemandMax":null,"Value":2412},{"Length":43,"Height":56,"Demand":1,"DemandMax":null,"Value":2408},{"Length":49,"Height":49,"Demand":1,"DemandMax":null,"Value":2401},{"Length":50,"Height":48,"Demand":1,"DemandMax":null,"Value":2400},{"Length":32,"Height":75,"Demand":1,"DemandMax":null,"Value":2400},{"Length":40,"Height":60,"Demand":1,"DemandMax":null,"Value":2400},{"Length":63,"Height":38,"Demand":1,"DemandMax":null,"Value":2394},{"Length":42,"Height":57,"Demand":1,"DemandMax":null,"Value":2394},{"Length":52,"Height":46,"Demand":1,"DemandMax":null,"Value":2392},{"Length":45,"Height":53,"Demand":1,"DemandMax":null,"Value":2385},{"Length":35,"Height":68,"Demand":1,"DemandMax":null,"Value":2380},{"Length":34,"Height":70,"Demand":1,"DemandMax":null,"Value":2380},{"Length":61,"Height":39,"Demand":1,"DemandMax":null,"Value":2379},{"Length":58,"Height":41,"Demand":1,"DemandMax":null,"Value":2378},{"Length":66,"Height":36,"Demand":1,"DemandMax":null,"Value":2376},{"Length":33,"Height":72,"Demand":1,"DemandMax":null,"Value":2376},{"Length":44,"Height":54,"Demand":1,"DemandMax":null,"Value":2376},{"Length":64,"Height":37,"Demand":1,"DemandMax":null,"Value":2368},{"Length":74,"Height":32,"Demand":1,"DemandMax":null,"Value":2368},{"Length":55,"Height":43,"Demand":1,"DemandMax":null,"Value":2365},{"Length":59,"Height":40,"Demand":1,"DemandMax":null,"Value":2360},{"Length":38,"Height":62,"Demand":1,"DemandMax":null,"Value":2356},{"Length":49,"Height":48,"Demand":1,"DemandMax":null,"Value":2352},{"Length":42,"Height":56,"Demand":1,"DemandMax":null,"Value":2352},{"Length":50,"Height":47,"Demand":1,"DemandMax":null,"Value":2350},{"Length":69,"Height":34,"Demand":1,"DemandMax":null,"Value":2346},{"Length":67,"Height":35,"Demand":1,"DemandMax":null,"Value":2345},{"Length":71,"Height":33,"Demand":1,"DemandMax":null,"Value":2343},{"Length":36,"Height":65,"Demand":1,"DemandMax":null,"Value":2340},{"Length":39,"Height":60,"Demand":1,"DemandMax":null,"Value":2340},{"Length":41,"Height":57,"Demand":1,"DemandMax":null,"Value":2337},{"Length":32,"Height":73,"Demand":1,"DemandMax":null,"Value":2336},{"Length":44,"Height":53,"Demand":1,"DemandMax":null,"Value":2332},{"Length":63,"Height":37,"Demand":1,"DemandMax":null,"Value":2331},{"Length":43,"Height":54,"Demand":1,"DemandMax":null,"Value":2322},{"Length":40,"Height":58,"Demand":1,"DemandMax":null,"Value":2320},{"Length":38,"Height":61,"Demand":1,"DemandMax":null,"Value":2318},{"Length":68,"Height":34,"Demand":1,"DemandMax":null,"Value":2312},{"Length":42,"Height":55,"Demand":1,"DemandMax":null,"Value":2310},{"Length":72,"Height":32,"Demand":1,"DemandMax":null,"Value":2304},{"Length":48,"Height":48,"Demand":1,"DemandMax":null,"Value":2304},{"Length":47,"Height":49,"Demand":1,"DemandMax":null,"Value":2303},{"Length":59,"Height":39,"Demand":1,"DemandMax":null,"Value":2301},{"Length":46,"Height":50,"Demand":1,"DemandMax":null,"Value":2300},{"Length":56,"Height":41,"Demand":1,"DemandMax":null,"Value":2296},{"Length":45,"Height":51,"Demand":1,"DemandMax":null,"Value":2295},{"Length":74,"Height":31,"Demand":1,"DemandMax":null,"Value":2294},{"Length":62,"Height":37,"Demand":1,"DemandMax":null,"Value":2294},{"Length":52,"Height":44,"Demand":1,"DemandMax":null,"Value":2288},{"Length":38,"Height":60,"Demand":1,"DemandMax":null,"Value":2280},{"Length":40,"Height":57,"Demand":1,"DemandMax":null,"Value":2280},{"Length":43,"Height":53,"Demand":1,"DemandMax":null,"Value":2279},{"Length":34,"Height":67,"Demand":1,"DemandMax":null,"Value":2278},{"Length":71,"Height":32,"Demand":1,"DemandMax":null,"Value":2272},{"Length":73,"Height":31,"Demand":1,"DemandMax":null,"Value":2263},{"Length":39,"Height":58,"Demand":1,"DemandMax":null,"Value":2262},{"Length":61,"Height":37,"Demand":1,"DemandMax":null,"Value":2257},{"Length":47,"Height":48,"Demand":1,"DemandMax":null,"Value":2256},{"Length":46,"Height":49,"Demand":1,"DemandMax":null,"Value":2254},{"Length":50,"Height":45,"Demand":1,"DemandMax":null,"Value":2250},{"Length":30,"Height":75,"Demand":1,"DemandMax":null,"Value":2250},{"Length":51,"Height":44,"Demand":1,"DemandMax":null,"Value":2244},{"Length":38,"Height":59,"Demand":1,"DemandMax":null,"Value":2242},{"Length":64,"Height":35,"Demand":1,"DemandMax":null,"Value":2240},{"Length":40,"Height":56,"Demand":1,"DemandMax":null,"Value":2240},{"Length":70,"Height":32,"Demand":1,"DemandMax":null,"Value":2240},{"Length":52,"Height":43,"Demand":1,"DemandMax":null,"Value":2236},{"Length":72,"Height":31,"Demand":1,"DemandMax":null,"Value":2232},{"Length":53,"Height":42,"Demand":1,"DemandMax":null,"Value":2226},{"Length":60,"Height":37,"Demand":1,"DemandMax":null,"Value":2220},{"Length":74,"Height":30,"Demand":1,"DemandMax":null,"Value":2220},{"Length":33,"Height":67,"Demand":1,"DemandMax":null,"Value":2211},{"Length":32,"Height":69,"Demand":1,"DemandMax":null,"Value":2208},{"Length":48,"Height":46,"Demand":1,"DemandMax":null,"Value":2208},{"Length":49,"Height":45,"Demand":1,"DemandMax":null,"Value":2205},{"Length":35,"Height":63,"Demand":1,"DemandMax":null,"Value":2205},{"Length":55,"Height":40,"Demand":1,"DemandMax":null,"Value":2200},{"Length":61,"Height":36,"Demand":1,"DemandMax":null,"Value":2196},{"Length":73,"Height":30,"Demand":1,"DemandMax":null,"Value":2190},{"Length":56,"Height":39,"Demand":1,"DemandMax":null,"Value":2184},{"Length":37,"Height":59,"Demand":1,"DemandMax":null,"Value":2183},{"Length":31,"Height":70,"Demand":1,"DemandMax":null,"Value":2170},{"Length":35,"Height":62,"Demand":1,"DemandMax":null,"Value":2170},{"Length":38,"Height":57,"Demand":1,"DemandMax":null,"Value":2166},{"Length":47,"Height":46,"Demand":1,"DemandMax":null,"Value":2162},{"Length":72,"Height":30,"Demand":1,"DemandMax":null,"Value":2160},{"Length":54,"Height":40,"Demand":1,"DemandMax":null,"Value":2160},{"Length":48,"Height":45,"Demand":1,"DemandMax":null,"Value":2160},{"Length":44,"Height":49,"Demand":1,"DemandMax":null,"Value":2156},{"Length":50,"Height":43,"Demand":1,"DemandMax":null,"Value":2150},{"Length":58,"Height":37,"Demand":1,"DemandMax":null,"Value":2146},{"Length":74,"Height":29,"Demand":1,"DemandMax":null,"Value":2146},{"Length":33,"Height":65,"Demand":1,"DemandMax":null,"Value":2145},{"Length":55,"Height":39,"Demand":1,"DemandMax":null,"Value":2145},{"Length":63,"Height":34,"Demand":1,"DemandMax":null,"Value":2142},{"Length":69,"Height":31,"Demand":1,"DemandMax":null,"Value":2139},{"Length":61,"Height":35,"Demand":1,"DemandMax":null,"Value":2135},{"Length":36,"Height":59,"Demand":1,"DemandMax":null,"Value":2124},{"Length":53,"Height":40,"Demand":1,"DemandMax":null,"Value":2120},{"Length":29,"Height":73,"Demand":1,"DemandMax":null,"Value":2117},{"Length":46,"Height":46,"Demand":1,"DemandMax":null,"Value":2116},{"Length":45,"Height":47,"Demand":1,"DemandMax":null,"Value":2115},{"Length":44,"Height":48,"Demand":1,"DemandMax":null,"Value":2112},{"Length":33,"Height":64,"Demand":1,"DemandMax":null,"Value":2112},{"Length":57,"Height":37,"Demand":1,"DemandMax":null,"Value":2109},{"Length":68,"Height":31,"Demand":1,"DemandMax":null,"Value":2108},{"Length":43,"Height":49,"Demand":1,"DemandMax":null,"Value":2107},{"Length":39,"Height":54,"Demand":1,"DemandMax":null,"Value":2106},{"Length":28,"Height":75,"Demand":1,"DemandMax":null,"Value":2100},{"Length":35,"Height":60,"Demand":1,"DemandMax":null,"Value":2100},{"Length":70,"Height":30,"Demand":1,"DemandMax":null,"Value":2100},{"Length":51,"Height":41,"Demand":1,"DemandMax":null,"Value":2091},{"Length":29,"Height":72,"Demand":1,"DemandMax":null,"Value":2088},{"Length":32,"Height":65,"Demand":1,"DemandMax":null,"Value":2080},{"Length":40,"Height":52,"Demand":1,"DemandMax":null,"Value":2080},{"Length":63,"Height":33,"Demand":1,"DemandMax":null,"Value":2079},{"Length":34,"Height":61,"Demand":1,"DemandMax":null,"Value":2074},{"Length":28,"Height":74,"Demand":1,"DemandMax":null,"Value":2072},{"Length":46,"Height":45,"Demand":1,"DemandMax":null,"Value":2070},{"Length":30,"Height":69,"Demand":1,"DemandMax":null,"Value":2070},{"Length":47,"Height":44,"Demand":1,"DemandMax":null,"Value":2068},{"Length":39,"Height":53,"Demand":1,"DemandMax":null,"Value":2067},{"Length":59,"Height":35,"Demand":1,"DemandMax":null,"Value":2065},{"Length":48,"Height":43,"Demand":1,"DemandMax":null,"Value":2064},{"Length":29,"Height":71,"Demand":1,"DemandMax":null,"Value":2059},{"Length":42,"Height":49,"Demand":1,"DemandMax":null,"Value":2058},{"Length":64,"Height":32,"Demand":1,"DemandMax":null,"Value":2048},{"Length":33,"Height":62,"Demand":1,"DemandMax":null,"Value":2046},{"Length":66,"Height":31,"Demand":1,"DemandMax":null,"Value":2046},{"Length":73,"Height":28,"Demand":1,"DemandMax":null,"Value":2044},{"Length":40,"Height":51,"Demand":1,"DemandMax":null,"Value":2040},{"Length":30,"Height":68,"Demand":1,"DemandMax":null,"Value":2040},{"Length":34,"Height":60,"Demand":1,"DemandMax":null,"Value":2040},{"Length":37,"Height":55,"Demand":1,"DemandMax":null,"Value":2035},{"Length":70,"Height":29,"Demand":1,"DemandMax":null,"Value":2030},{"Length":58,"Height":35,"Demand":1,"DemandMax":null,"Value":2030},{"Length":39,"Height":52,"Demand":1,"DemandMax":null,"Value":2028},{"Length":27,"Height":75,"Demand":1,"DemandMax":null,"Value":2025},{"Length":45,"Height":45,"Demand":1,"DemandMax":null,"Value":2025},{"Length":43,"Height":47,"Demand":1,"DemandMax":null,"Value":2021},{"Length":63,"Height":32,"Demand":1,"DemandMax":null,"Value":2016},{"Length":42,"Height":48,"Demand":1,"DemandMax":null,"Value":2016},{"Length":72,"Height":28,"Demand":1,"DemandMax":null,"Value":2016},{"Length":31,"Height":65,"Demand":1,"DemandMax":null,"Value":2015},{"Length":38,"Height":53,"Demand":1,"DemandMax":null,"Value":2014},{"Length":33,"Height":61,"Demand":1,"DemandMax":null,"Value":2013},{"Length":67,"Height":30,"Demand":1,"DemandMax":null,"Value":2010},{"Length":41,"Height":49,"Demand":1,"DemandMax":null,"Value":2009},{"Length":59,"Height":34,"Demand":1,"DemandMax":null,"Value":2006},{"Length":29,"Height":69,"Demand":1,"DemandMax":null,"Value":2001},{"Length":50,"Height":40,"Demand":1,"DemandMax":null,"Value":2000},{"Length":37,"Height":54,"Demand":1,"DemandMax":null,"Value":1998},{"Length":35,"Height":57,"Demand":1,"DemandMax":null,"Value":1995},{"Length":39,"Height":51,"Demand":1,"DemandMax":null,"Value":1989},{"Length":62,"Height":32,"Demand":1,"DemandMax":null,"Value":1984},{"Length":31,"Height":64,"Demand":1,"DemandMax":null,"Value":1984},{"Length":45,"Height":44,"Demand":1,"DemandMax":null,"Value":1980},{"Length":55,"Height":36,"Demand":1,"DemandMax":null,"Value":1980},{"Length":30,"Height":66,"Demand":1,"DemandMax":null,"Value":1980},{"Length":60,"Height":33,"Demand":1,"DemandMax":null,"Value":1980},{"Length":46,"Height":43,"Demand":1,"DemandMax":null,"Value":1978},{"Length":42,"Height":47,"Demand":1,"DemandMax":null,"Value":1974},{"Length":68,"Height":29,"Demand":1,"DemandMax":null,"Value":1972},{"Length":27,"Height":73,"Demand":1,"DemandMax":null,"Value":1971},{"Length":48,"Height":41,"Demand":1,"DemandMax":null,"Value":1968},{"Length":53,"Height":37,"Demand":1,"DemandMax":null,"Value":1961},{"Length":56,"Height":35,"Demand":1,"DemandMax":null,"Value":1960},{"Length":31,"Height":63,"Demand":1,"DemandMax":null,"Value":1953},{"Length":61,"Height":32,"Demand":1,"DemandMax":null,"Value":1952},{"Length":39,"Height":50,"Demand":1,"DemandMax":null,"Value":1950},{"Length":26,"Height":75,"Demand":1,"DemandMax":null,"Value":1950},{"Length":33,"Height":59,"Demand":1,"DemandMax":null,"Value":1947},{"Length":72,"Height":27,"Demand":1,"DemandMax":null,"Value":1944},{"Length":54,"Height":36,"Demand":1,"DemandMax":null,"Value":1944},{"Length":67,"Height":29,"Demand":1,"DemandMax":null,"Value":1943},{"Length":57,"Height":34,"Demand":1,"DemandMax":null,"Value":1938},{"Length":43,"Height":45,"Demand":1,"DemandMax":null,"Value":1935},{"Length":28,"Height":69,"Demand":1,"DemandMax":null,"Value":1932},{"Length":46,"Height":42,"Demand":1,"DemandMax":null,"Value":1932},{"Length":41,"Height":47,"Demand":1,"DemandMax":null,"Value":1927},{"Length":35,"Height":55,"Demand":1,"DemandMax":null,"Value":1925},{"Length":26,"Height":74,"Demand":1,"DemandMax":null,"Value":1924},{"Length":37,"Height":52,"Demand":1,"DemandMax":null,"Value":1924},{"Length":31,"Height":62,"Demand":1,"DemandMax":null,"Value":1922},{"Length":40,"Height":48,"Demand":1,"DemandMax":null,"Value":1920},{"Length":30,"Height":64,"Demand":1,"DemandMax":null,"Value":1920},{"Length":71,"Height":27,"Demand":1,"DemandMax":null,"Value":1917},{"Length":33,"Height":58,"Demand":1,"DemandMax":null,"Value":1914},{"Length":29,"Height":66,"Demand":1,"DemandMax":null,"Value":1914},{"Length":39,"Height":49,"Demand":1,"DemandMax":null,"Value":1911},{"Length":34,"Height":56,"Demand":1,"DemandMax":null,"Value":1904},{"Length":38,"Height":50,"Demand":1,"DemandMax":null,"Value":1900},{"Length":26,"Height":73,"Demand":1,"DemandMax":null,"Value":1898},{"Length":43,"Height":44,"Demand":1,"DemandMax":null,"Value":1892},{"Length":31,"Height":61,"Demand":1,"DemandMax":null,"Value":1891},{"Length":70,"Height":27,"Demand":1,"DemandMax":null,"Value":1890},{"Length":30,"Height":63,"Demand":1,"DemandMax":null,"Value":1890},{"Length":35,"Height":54,"Demand":1,"DemandMax":null,"Value":1890},{"Length":42,"Height":45,"Demand":1,"DemandMax":null,"Value":1890},{"Length":59,"Height":32,"Demand":1,"DemandMax":null,"Value":1888},{"Length":51,"Height":37,"Demand":1,"DemandMax":null,"Value":1887},{"Length":65,"Height":29,"Demand":1,"DemandMax":null,"Value":1885},{"Length":33,"Height":57,"Demand":1,"DemandMax":null,"Value":1881},{"Length":47,"Height":40,"Demand":1,"DemandMax":null,"Value":1880},{"Length":25,"Height":75,"Demand":1,"DemandMax":null,"Value":1875},{"Length":26,"Height":72,"Demand":1,"DemandMax":null,"Value":1872},{"Length":48,"Height":39,"Demand":1,"DemandMax":null,"Value":1872},{"Length":52,"Height":36,"Demand":1,"DemandMax":null,"Value":1872},{"Length":55,"Height":34,"Demand":1,"DemandMax":null,"Value":1870},{"Length":27,"Height":69,"Demand":1,"DemandMax":null,"Value":1863},{"Length":38,"Height":49,"Demand":1,"DemandMax":null,"Value":1862},{"Length":62,"Height":30,"Demand":1,"DemandMax":null,"Value":1860},{"Length":31,"Height":60,"Demand":1,"DemandMax":null,"Value":1860},{"Length":29,"Height":64,"Demand":1,"DemandMax":null,"Value":1856},{"Length":53,"Height":35,"Demand":1,"DemandMax":null,"Value":1855},{"Length":74,"Height":25,"Demand":1,"DemandMax":null,"Value":1850},{"Length":42,"Height":44,"Demand":1,"DemandMax":null,"Value":1848},{"Length":66,"Height":28,"Demand":1,"DemandMax":null,"Value":1848},{"Length":45,"Height":41,"Demand":1,"DemandMax":null,"Value":1845},{"Length":46,"Height":40,"Demand":1,"DemandMax":null,"Value":1840},{"Length":34,"Height":54,"Demand":1,"DemandMax":null,"Value":1836},{"Length":51,"Height":36,"Demand":1,"DemandMax":null,"Value":1836},{"Length":68,"Height":27,"Demand":1,"DemandMax":null,"Value":1836},{"Length":47,"Height":39,"Demand":1,"DemandMax":null,"Value":1833},{"Length":30,"Height":61,"Demand":1,"DemandMax":null,"Value":1830},{"Length":31,"Height":59,"Demand":1,"DemandMax":null,"Value":1829},{"Length":73,"Height":25,"Demand":1,"DemandMax":null,"Value":1825},{"Length":32,"Height":57,"Demand":1,"DemandMax":null,"Value":1824},{"Length":37,"Height":49,"Demand":1,"DemandMax":null,"Value":1813},{"Length":27,"Height":67,"Demand":1,"DemandMax":null,"Value":1809},{"Length":41,"Height":44,"Demand":1,"DemandMax":null,"Value":1804},{"Length":53,"Height":34,"Demand":1,"DemandMax":null,"Value":1802},{"Length":72,"Height":25,"Demand":1,"DemandMax":null,"Value":1800},{"Length":50,"Height":36,"Demand":1,"DemandMax":null,"Value":1800},{"Length":30,"Height":60,"Demand":1,"DemandMax":null,"Value":1800},{"Length":58,"Height":31,"Demand":1,"DemandMax":null,"Value":1798},{"Length":29,"Height":62,"Demand":1,"DemandMax":null,"Value":1798},{"Length":46,"Height":39,"Demand":1,"DemandMax":null,"Value":1794},{"Length":26,"Height":69,"Demand":1,"DemandMax":null,"Value":1794},{"Length":28,"Height":64,"Demand":1,"DemandMax":null,"Value":1792},{"Length":38,"Height":47,"Demand":1,"DemandMax":null,"Value":1786},{"Length":27,"Height":66,"Demand":1,"DemandMax":null,"Value":1782},{"Length":33,"Height":54,"Demand":1,"DemandMax":null,"Value":1782},{"Length":30,"Height":59,"Demand":1,"DemandMax":null,"Value":1770},{"Length":29,"Height":61,"Demand":1,"DemandMax":null,"Value":1769},{"Length":68,"Height":26,"Demand":1,"DemandMax":null,"Value":1768},{"Length":36,"Height":49,"Demand":1,"DemandMax":null,"Value":1764},{"Length":28,"Height":63,"Demand":1,"DemandMax":null,"Value":1764},{"Length":41,"Height":43,"Demand":1,"DemandMax":null,"Value":1763},{"Length":40,"Height":44,"Demand":1,"DemandMax":null,"Value":1760},{"Length":45,"Height":39,"Demand":1,"DemandMax":null,"Value":1755},{"Length":35,"Height":50,"Demand":1,"DemandMax":null,"Value":1750},{"Length":53,"Height":33,"Demand":1,"DemandMax":null,"Value":1749},{"Length":38,"Height":46,"Demand":1,"DemandMax":null,"Value":1748},{"Length":67,"Height":26,"Demand":1,"DemandMax":null,"Value":1742},{"Length":60,"Height":29,"Demand":1,"DemandMax":null,"Value":1740},{"Length":30,"Height":58,"Demand":1,"DemandMax":null,"Value":1740},{"Length":37,"Height":47,"Demand":1,"DemandMax":null,"Value":1739},{"Length":56,"Height":31,"Demand":1,"DemandMax":null,"Value":1736},{"Length":28,"Height":62,"Demand":1,"DemandMax":null,"Value":1736},{"Length":64,"Height":27,"Demand":1,"DemandMax":null,"Value":1728},{"Length":48,"Height":36,"Demand":1,"DemandMax":null,"Value":1728},{"Length":32,"Height":54,"Demand":1,"DemandMax":null,"Value":1728},{"Length":41,"Height":42,"Demand":1,"DemandMax":null,"Value":1722},{"Length":40,"Height":43,"Demand":1,"DemandMax":null,"Value":1720},{"Length":39,"Height":44,"Demand":1,"DemandMax":null,"Value":1716},{"Length":49,"Height":35,"Demand":1,"DemandMax":null,"Value":1715},{"Length":30,"Height":57,"Demand":1,"DemandMax":null,"Value":1710},{"Length":38,"Height":45,"Demand":1,"DemandMax":null,"Value":1710},{"Length":28,"Height":61,"Demand":1,"DemandMax":null,"Value":1708},{"Length":46,"Height":37,"Demand":1,"DemandMax":null,"Value":1702},{"Length":63,"Height":27,"Demand":1,"DemandMax":null,"Value":1701},{"Length":68,"Height":25,"Demand":1,"DemandMax":null,"Value":1700},{"Length":34,"Height":50,"Demand":1,"DemandMax":null,"Value":1700},{"Length":36,"Height":47,"Demand":1,"DemandMax":null,"Value":1692},{"Length":51,"Height":33,"Demand":1,"DemandMax":null,"Value":1683},{"Length":41,"Height":41,"Demand":1,"DemandMax":null,"Value":1681},{"Length":60,"Height":28,"Demand":1,"DemandMax":null,"Value":1680},{"Length":42,"Height":40,"Demand":1,"DemandMax":null,"Value":1680},{"Length":30,"Height":56,"Demand":1,"DemandMax":null,"Value":1680},{"Length":43,"Height":39,"Demand":1,"DemandMax":null,"Value":1677},{"Length":67,"Height":25,"Demand":1,"DemandMax":null,"Value":1675},{"Length":54,"Height":31,"Demand":1,"DemandMax":null,"Value":1674},{"Length":27,"Height":62,"Demand":1,"DemandMax":null,"Value":1674},{"Length":44,"Height":38,"Demand":1,"DemandMax":null,"Value":1672},{"Length":49,"Height":34,"Demand":1,"DemandMax":null,"Value":1666},{"Length":37,"Height":45,"Demand":1,"DemandMax":null,"Value":1665},{"Length":52,"Height":32,"Demand":1,"DemandMax":null,"Value":1664},{"Length":26,"Height":64,"Demand":1,"DemandMax":null,"Value":1664},{"Length":46,"Height":36,"Demand":1,"DemandMax":null,"Value":1656},{"Length":29,"Height":57,"Demand":1,"DemandMax":null,"Value":1653},{"Length":28,"Height":59,"Demand":1,"DemandMax":null,"Value":1652},{"Length":66,"Height":25,"Demand":1,"DemandMax":null,"Value":1650},{"Length":30,"Height":55,"Demand":1,"DemandMax":null,"Value":1650},{"Length":33,"Height":50,"Demand":1,"DemandMax":null,"Value":1650},{"Length":61,"Height":27,"Demand":1,"DemandMax":null,"Value":1647},{"Length":35,"Height":47,"Demand":1,"DemandMax":null,"Value":1645},{"Length":31,"Height":53,"Demand":1,"DemandMax":null,"Value":1643},{"Length":63,"Height":26,"Demand":1,"DemandMax":null,"Value":1638},{"Length":39,"Height":42,"Demand":1,"DemandMax":null,"Value":1638},{"Length":43,"Height":38,"Demand":1,"DemandMax":null,"Value":1634},{"Length":34,"Height":48,"Demand":1,"DemandMax":null,"Value":1632},{"Length":32,"Height":51,"Demand":1,"DemandMax":null,"Value":1632},{"Length":37,"Height":44,"Demand":1,"DemandMax":null,"Value":1628},{"Length":65,"Height":25,"Demand":1,"DemandMax":null,"Value":1625},{"Length":29,"Height":56,"Demand":1,"DemandMax":null,"Value":1624},{"Length":58,"Height":28,"Demand":1,"DemandMax":null,"Value":1624},{"Length":30,"Height":54,"Demand":1,"DemandMax":null,"Value":1620},{"Length":52,"Height":31,"Demand":1,"DemandMax":null,"Value":1612},{"Length":50,"Height":32,"Demand":1,"DemandMax":null,"Value":1600},{"Length":40,"Height":40,"Demand":1,"DemandMax":null,"Value":1600},{"Length":41,"Height":39,"Demand":1,"DemandMax":null,"Value":1599},{"Length":34,"Height":47,"Demand":1,"DemandMax":null,"Value":1598},{"Length":42,"Height":38,"Demand":1,"DemandMax":null,"Value":1596},{"Length":28,"Height":57,"Demand":1,"DemandMax":null,"Value":1596},{"Length":55,"Height":29,"Demand":1,"DemandMax":null,"Value":1595},{"Length":59,"Height":27,"Demand":1,"DemandMax":null,"Value":1593},{"Length":43,"Height":37,"Demand":1,"DemandMax":null,"Value":1591},{"Length":53,"Height":30,"Demand":1,"DemandMax":null,"Value":1590},{"Length":61,"Height":26,"Demand":1,"DemandMax":null,"Value":1586},{"Length":44,"Height":36,"Demand":1,"DemandMax":null,"Value":1584},{"Length":48,"Height":33,"Demand":1,"DemandMax":null,"Value":1584},{"Length":51,"Height":31,"Demand":1,"DemandMax":null,"Value":1581},{"Length":35,"Height":45,"Demand":1,"DemandMax":null,"Value":1575},{"Length":63,"Height":25,"Demand":1,"DemandMax":null,"Value":1575},{"Length":49,"Height":32,"Demand":1,"DemandMax":null,"Value":1568},{"Length":54,"Height":29,"Demand":1,"DemandMax":null,"Value":1566},{"Length":46,"Height":34,"Demand":1,"DemandMax":null,"Value":1564},{"Length":52,"Height":30,"Demand":1,"DemandMax":null,"Value":1560},{"Length":60,"Height":26,"Demand":1,"DemandMax":null,"Value":1560},{"Length":41,"Height":38,"Demand":1,"DemandMax":null,"Value":1558},{"Length":33,"Height":47,"Demand":1,"DemandMax":null,"Value":1551},{"Length":25,"Height":62,"Demand":1,"DemandMax":null,"Value":1550},{"Length":55,"Height":28,"Demand":1,"DemandMax":null,"Value":1540},{"Length":53,"Height":29,"Demand":1,"DemandMax":null,"Value":1537},{"Length":48,"Height":32,"Demand":1,"DemandMax":null,"Value":1536},{"Length":59,"Height":26,"Demand":1,"DemandMax":null,"Value":1534},{"Length":51,"Height":30,"Demand":1,"DemandMax":null,"Value":1530},{"Length":45,"Height":34,"Demand":1,"DemandMax":null,"Value":1530},{"Length":25,"Height":61,"Demand":1,"DemandMax":null,"Value":1525},{"Length":40,"Height":38,"Demand":1,"DemandMax":null,"Value":1520},{"Length":41,"Height":37,"Demand":1,"DemandMax":null,"Value":1517},{"Length":27,"Height":56,"Demand":1,"DemandMax":null,"Value":1512},{"Length":28,"Height":54,"Demand":1,"DemandMax":null,"Value":1512},{"Length":42,"Height":36,"Demand":1,"DemandMax":null,"Value":1512},{"Length":52,"Height":29,"Demand":1,"DemandMax":null,"Value":1508},{"Length":35,"Height":43,"Demand":1,"DemandMax":null,"Value":1505},{"Length":47,"Height":32,"Demand":1,"DemandMax":null,"Value":1504},{"Length":30,"Height":50,"Demand":1,"DemandMax":null,"Value":1500},{"Length":25,"Height":60,"Demand":1,"DemandMax":null,"Value":1500},{"Length":44,"Height":34,"Demand":1,"DemandMax":null,"Value":1496},{"Length":48,"Height":31,"Demand":1,"DemandMax":null,"Value":1488},{"Length":33,"Height":45,"Demand":1,"DemandMax":null,"Value":1485},{"Length":55,"Height":27,"Demand":1,"DemandMax":null,"Value":1485},{"Length":28,"Height":53,"Demand":1,"DemandMax":null,"Value":1484},{"Length":39,"Height":38,"Demand":1,"DemandMax":null,"Value":1482},{"Length":37,"Height":40,"Demand":1,"DemandMax":null,"Value":1480},{"Length":29,"Height":51,"Demand":1,"DemandMax":null,"Value":1479},{"Length":59,"Height":25,"Demand":1,"DemandMax":null,"Value":1475},{"Length":35,"Height":42,"Demand":1,"DemandMax":null,"Value":1470},{"Length":43,"Height":34,"Demand":1,"DemandMax":null,"Value":1462},{"Length":27,"Height":54,"Demand":1,"DemandMax":null,"Value":1458},{"Length":47,"Height":31,"Demand":1,"DemandMax":null,"Value":1457},{"Length":56,"Height":26,"Demand":1,"DemandMax":null,"Value":1456},{"Length":52,"Height":28,"Demand":1,"DemandMax":null,"Value":1456},{"Length":33,"Height":44,"Demand":1,"DemandMax":null,"Value":1452},{"Length":58,"Height":25,"Demand":1,"DemandMax":null,"Value":1450},{"Length":50,"Height":29,"Demand":1,"DemandMax":null,"Value":1450},{"Length":39,"Height":37,"Demand":1,"DemandMax":null,"Value":1443},{"Length":40,"Height":36,"Demand":1,"DemandMax":null,"Value":1440},{"Length":32,"Height":45,"Demand":1,"DemandMax":null,"Value":1440},{"Length":35,"Height":41,"Demand":1,"DemandMax":null,"Value":1435},{"Length":51,"Height":28,"Demand":1,"DemandMax":null,"Value":1428},{"Length":42,"Height":34,"Demand":1,"DemandMax":null,"Value":1428},{"Length":57,"Height":25,"Demand":1,"DemandMax":null,"Value":1425},{"Length":43,"Height":33,"Demand":1,"DemandMax":null,"Value":1419},{"Length":30,"Height":47,"Demand":1,"DemandMax":null,"Value":1410},{"Length":44,"Height":32,"Demand":1,"DemandMax":null,"Value":1408},{"Length":38,"Height":37,"Demand":1,"DemandMax":null,"Value":1406},{"Length":39,"Height":36,"Demand":1,"DemandMax":null,"Value":1404},{"Length":54,"Height":26,"Demand":1,"DemandMax":null,"Value":1404},{"Length":50,"Height":28,"Demand":1,"DemandMax":null,"Value":1400},{"Length":25,"Height":56,"Demand":1,"DemandMax":null,"Value":1400},{"Length":31,"Height":45,"Demand":1,"DemandMax":null,"Value":1395},{"Length":34,"Height":41,"Demand":1,"DemandMax":null,"Value":1394},{"Length":48,"Height":29,"Demand":1,"DemandMax":null,"Value":1392},{"Length":42,"Height":33,"Demand":1,"DemandMax":null,"Value":1386},{"Length":30,"Height":46,"Demand":1,"DemandMax":null,"Value":1380},{"Length":51,"Height":27,"Demand":1,"DemandMax":null,"Value":1377},{"Length":43,"Height":32,"Demand":1,"DemandMax":null,"Value":1376},{"Length":28,"Height":49,"Demand":1,"DemandMax":null,"Value":1372},{"Length":37,"Height":37,"Demand":1,"DemandMax":null,"Value":1369},{"Length":38,"Height":36,"Demand":1,"DemandMax":null,"Value":1368},{"Length":39,"Height":35,"Demand":1,"DemandMax":null,"Value":1365},{"Length":47,"Height":29,"Demand":1,"DemandMax":null,"Value":1363},{"Length":33,"Height":41,"Demand":1,"DemandMax":null,"Value":1353},{"Length":26,"Height":52,"Demand":1,"DemandMax":null,"Value":1352},{"Length":25,"Height":54,"Demand":1,"DemandMax":null,"Value":1350},{"Length":30,"Height":45,"Demand":1,"DemandMax":null,"Value":1350},{"Length":50,"Height":27,"Demand":1,"DemandMax":null,"Value":1350},{"Length":48,"Height":28,"Demand":1,"DemandMax":null,"Value":1344},{"Length":32,"Height":42,"Demand":1,"DemandMax":null,"Value":1344},{"Length":31,"Height":43,"Demand":1,"DemandMax":null,"Value":1333},{"Length":36,"Height":37,"Demand":1,"DemandMax":null,"Value":1332},{"Length":34,"Height":39,"Demand":1,"DemandMax":null,"Value":1326},{"Length":51,"Height":26,"Demand":1,"DemandMax":null,"Value":1326},{"Length":53,"Height":25,"Demand":1,"DemandMax":null,"Value":1325},{"Length":27,"Height":49,"Demand":1,"DemandMax":null,"Value":1323},{"Length":33,"Height":40,"Demand":1,"DemandMax":null,"Value":1320},{"Length":28,"Height":47,"Demand":1,"DemandMax":null,"Value":1316},{"Length":45,"Height":29,"Demand":1,"DemandMax":null,"Value":1305},{"Length":42,"Height":31,"Demand":1,"DemandMax":null,"Value":1302},{"Length":27,"Height":48,"Demand":1,"DemandMax":null,"Value":1296},{"Length":37,"Height":35,"Demand":1,"DemandMax":null,"Value":1295},{"Length":34,"Height":38,"Demand":1,"DemandMax":null,"Value":1292},{"Length":32,"Height":40,"Demand":1,"DemandMax":null,"Value":1280},{"Length":44,"Height":29,"Demand":1,"DemandMax":null,"Value":1276},{"Length":25,"Height":51,"Demand":1,"DemandMax":null,"Value":1275},{"Length":49,"Height":26,"Demand":1,"DemandMax":null,"Value":1274},{"Length":30,"Height":42,"Demand":1,"DemandMax":null,"Value":1260},{"Length":45,"Height":28,"Demand":1,"DemandMax":null,"Value":1260},{"Length":36,"Height":35,"Demand":1,"DemandMax":null,"Value":1260},{"Length":37,"Height":34,"Demand":1,"DemandMax":null,"Value":1258},{"Length":33,"Height":38,"Demand":1,"DemandMax":null,"Value":1254},{"Length":50,"Height":25,"Demand":1,"DemandMax":null,"Value":1250},{"Length":26,"Height":48,"Demand":1,"DemandMax":null,"Value":1248},{"Length":29,"Height":43,"Demand":1,"DemandMax":null,"Value":1247},{"Length":27,"Height":46,"Demand":1,"DemandMax":null,"Value":1242},{"Length":40,"Height":31,"Demand":1,"DemandMax":null,"Value":1240},{"Length":44,"Height":28,"Demand":1,"DemandMax":null,"Value":1232},{"Length":25,"Height":49,"Demand":1,"DemandMax":null,"Value":1225},{"Length":36,"Height":34,"Demand":1,"DemandMax":null,"Value":1224},{"Length":33,"Height":37,"Demand":1,"DemandMax":null,"Value":1221},{"Length":29,"Height":42,"Demand":1,"DemandMax":null,"Value":1218},{"Length":32,"Height":38,"Demand":1,"DemandMax":null,"Value":1216},{"Length":45,"Height":27,"Demand":1,"DemandMax":null,"Value":1215},{"Length":48,"Height":25,"Demand":1,"DemandMax":null,"Value":1200},{"Length":30,"Height":40,"Demand":1,"DemandMax":null,"Value":1200},{"Length":46,"Height":26,"Demand":1,"DemandMax":null,"Value":1196},{"Length":34,"Height":35,"Demand":1,"DemandMax":null,"Value":1190},{"Length":29,"Height":41,"Demand":1,"DemandMax":null,"Value":1189},{"Length":27,"Height":44,"Demand":1,"DemandMax":null,"Value":1188},{"Length":36,"Height":33,"Demand":1,"DemandMax":null,"Value":1188},{"Length":28,"Height":42,"Demand":1,"DemandMax":null,"Value":1176},{"Length":47,"Height":25,"Demand":1,"DemandMax":null,"Value":1175},{"Length":26,"Height":45,"Demand":1,"DemandMax":null,"Value":1170},{"Length":27,"Height":43,"Demand":1,"DemandMax":null,"Value":1161},{"Length":29,"Height":40,"Demand":1,"DemandMax":null,"Value":1160},{"Length":34,"Height":34,"Demand":1,"DemandMax":null,"Value":1156},{"Length":35,"Height":33,"Demand":1,"DemandMax":null,"Value":1155},{"Length":25,"Height":46,"Demand":1,"DemandMax":null,"Value":1150},{"Length":28,"Height":41,"Demand":1,"DemandMax":null,"Value":1148},{"Length":31,"Height":37,"Demand":1,"DemandMax":null,"Value":1147},{"Length":26,"Height":44,"Demand":1,"DemandMax":null,"Value":1144},{"Length":29,"Height":39,"Demand":1,"DemandMax":null,"Value":1131},{"Length":25,"Height":45,"Demand":1,"DemandMax":null,"Value":1125},{"Length":34,"Height":33,"Demand":1,"DemandMax":null,"Value":1122},{"Length":40,"Height":28,"Demand":1,"DemandMax":null,"Value":1120},{"Length":32,"Height":35,"Demand":1,"DemandMax":null,"Value":1120},{"Length":43,"Height":26,"Demand":1,"DemandMax":null,"Value":1118},{"Length":31,"Height":36,"Demand":1,"DemandMax":null,"Value":1116},{"Length":37,"Height":30,"Demand":1,"DemandMax":null,"Value":1110},{"Length":29,"Height":38,"Demand":1,"DemandMax":null,"Value":1102},{"Length":44,"Height":25,"Demand":1,"DemandMax":null,"Value":1100},{"Length":42,"Height":26,"Demand":1,"DemandMax":null,"Value":1092},{"Length":33,"Height":33,"Demand":1,"DemandMax":null,"Value":1089},{"Length":32,"Height":34,"Demand":1,"DemandMax":null,"Value":1088},{"Length":36,"Height":30,"Demand":1,"DemandMax":null,"Value":1080},{"Length":29,"Height":37,"Demand":1,"DemandMax":null,"Value":1073},{"Length":26,"Height":41,"Demand":1,"DemandMax":null,"Value":1066},{"Length":28,"Height":38,"Demand":1,"DemandMax":null,"Value":1064},{"Length":32,"Height":33,"Demand":1,"DemandMax":null,"Value":1056},{"Length":34,"Height":31,"Demand":1,"DemandMax":null,"Value":1054},{"Length":39,"Height":27,"Demand":1,"DemandMax":null,"Value":1053},{"Length":42,"Height":25,"Demand":1,"DemandMax":null,"Value":1050},{"Length":40,"Height":26,"Demand":1,"DemandMax":null,"Value":1040},{"Length":28,"Height":37,"Demand":1,"DemandMax":null,"Value":1036},{"Length":27,"Height":38,"Demand":1,"DemandMax":null,"Value":1026},{"Length":25,"Height":41,"Demand":1,"DemandMax":null,"Value":1025},{"Length":32,"Height":32,"Demand":1,"DemandMax":null,"Value":1024},{"Length":31,"Height":33,"Demand":1,"DemandMax":null,"Value":1023},{"Length":34,"Height":30,"Demand":1,"DemandMax":null,"Value":1020},{"Length":29,"Height":35,"Demand":1,"DemandMax":null,"Value":1015},{"Length":39,"Height":26,"Demand":1,"DemandMax":null,"Value":1014},{"Length":28,"Height":36,"Demand":1,"DemandMax":null,"Value":1008},{"Length":40,"Height":25,"Demand":1,"DemandMax":null,"Value":1000},{"Length":27,"Height":37,"Demand":1,"DemandMax":null,"Value":999},{"Length":38,"Height":26,"Demand":1,"DemandMax":null,"Value":988},{"Length":34,"Height":29,"Demand":1,"DemandMax":null,"Value":986},{"Length":28,"Height":35,"Demand":1,"DemandMax":null,"Value":980},{"Length":37,"Height":26,"Demand":1,"DemandMax":null,"Value":962},{"Length":32,"Height":30,"Demand":1,"DemandMax":null,"Value":960},{"Length":33,"Height":29,"Demand":1,"DemandMax":null,"Value":957},{"Length":27,"Height":35,"Demand":1,"DemandMax":null,"Value":945},{"Length":26,"Height":36,"Demand":1,"DemandMax":null,"Value":936},{"Length":30,"Height":31,"Demand":1,"DemandMax":null,"Value":930},{"Length":32,"Height":29,"Demand":1,"DemandMax":null,"Value":928},{"Length":33,"Height":28,"Demand":1,"DemandMax":null,"Value":924},{"Length":27,"Height":34,"Demand":1,"DemandMax":null,"Value":918},{"Length":26,"Height":35,"Demand":1,"DemandMax":null,"Value":910},{"Length":30,"Height":30,"Demand":1,"DemandMax":null,"Value":900},{"Length":25,"Height":36,"Demand":1,"DemandMax":null,"Value":900},{"Length":29,"Height":31,"Demand":1,"DemandMax":null,"Value":899},{"Length":26,"Height":34,"Demand":1,"DemandMax":null,"Value":884},{"Length":25,"Height":35,"Demand":1,"DemandMax":null,"Value":875},{"Length":29,"Height":30,"Demand":1,"DemandMax":null,"Value":870},{"Length":31,"Height":28,"Demand":1,"DemandMax":null,"Value":868},{"Length":34,"Height":25,"Demand":1,"DemandMax":null,"Value":850},{"Length":29,"Height":29,"Demand":1,"DemandMax":null,"Value":841},{"Length":31,"Height":27,"Demand":1,"DemandMax":null,"Value":837},{"Length":25,"Height":33,"Demand":1,"DemandMax":null,"Value":825},{"Length":28,"Height":29,"Demand":1,"DemandMax":null,"Value":812},{"Length":27,"Height":30,"Demand":1,"DemandMax":null,"Value":810},{"Length":28,"Height":28,"Demand":1,"DemandMax":null,"Value":784},{"Length":27,"Height":29,"Demand":1,"DemandMax":null,"Value":783},{"Length":26,"Height":30,"Demand":1,"DemandMax":null,"Value":780},{"Length":25,"Height":31,"Demand":1,"DemandMax":null,"Value":775},{"Length":27,"Height":28,"Demand":1,"DemandMax":null,"Value":756},{"Length":29,"Height":26,"Demand":1,"DemandMax":null,"Value":754},{"Length":26,"Height":28,"Demand":1,"DemandMax":null,"Value":728},{"Length":25,"Height":29,"Demand":1,"DemandMax":null,"Value":725},{"Length":26,"Height":27,"Demand":1,"DemandMax":null,"Value":702},{"Length":25,"Height":28,"Demand":1,"DemandMax":null,"Value":700},{"Length":27,"Height":25,"Demand":1,"DemandMax":null,"Value":675},{"Length":25,"Height":26,"Demand":1,"DemandMax":null,"Value":650},{"Length":25,"Height":25,"Demand":1,"DemandMax":null,"Value":625}]}