{"Name":"AH152","Objects":[{"Length":1000,"Height":41915,"Stock":null,"Cost":41915000}],"Items":[{"Length":342,"Height":364,"Demand":10,"DemandMax":null,"Value":124488},{"Length":366,"Height":307,"Demand":10,"DemandMax":null,"Value":112362},{"Length":298,"Height":369,"Demand":10,"DemandMax":null,"Value":109962},{"Length":312,"Height":345,"Demand":10,"DemandMax":null,"Value":107640},{"Length":272,"Height":366,"Demand":10,"DemandMax":null,"Value":99552},{"Length":294,"Height":335,"Demand":10,"DemandMax":null,"Value":98490},{"Length":297,"Height":329,"Demand":10,"DemandMax":null,"Value":97713},{"Length":361,"Height":267,"Demand":10,"DemandMax":null,"Value":96387},{"Length":276,"Height":346,"Demand":10,"DemandMax":null,"Value":95496},{"Length":259,"Height":366,"Demand":10,"DemandMax":null,"Value":94794},{"Length":323,"Height":292,"Demand":10,"DemandMax":null,"Value":94316},{"Length":241,"Height":375,"Demand":10,"DemandMax":null,"Value":90375},{"Length":304,"Height":287,"Demand":10,"DemandMax":null,"Value":87248},{"Length":253,"Height":331,"Demand":10,"DemandMax":null,"Value":83743},{"Length":264,"Height":317,"Demand":10,"DemandMax":null,"Value":83688},{"Length":326,"Height":255,"Demand":10,"DemandMax":null,"Value":83130},{"Length":258,"Height":321,"Demand":10,"DemandMax":null,"Value":82818},{"Length":364,"Height":221,"Demand":10,"DemandMax":null,"Value":80444},{"Length":249,"Height":318,"Demand":10,"DemandMax":null,"Value":79182},{"Length":246,"Height":321,"Demand":10,"DemandMax":null,"Value":78966},{"Length":293,"Height":242,"Demand":10,"DemandMax":null,"Value":70906},{"Length":359,"Height":187,"Demand":10,"DemandMax":null,"Value":67133},{"Length":318,"Height":204,"Demand":10,"DemandMax":null,"Value":64872},{"Length":294,"Height":208,"Demand":10,"DemandMax":null,"Value":61152},{"Length":232,"Height":263,"Demand":10,"DemandMax":null,"Value":61016},{"Length":187,"Height":312,"Demand":10,"DemandMax":null,"Value":58344},{"Length":182,"Height":312,"Demand":10,"DemandMax":null,"Value":56784},{"Length":211,"Height":267,"Demand":10,"DemandMax":null,"Value":56337},{"Length":332,"Height":167,"Demand":10,"DemandMax":null,"Value":55444},{"Length":153,"Height":362,"Demand":10,"DemandMax":null,"Value":55386},{"Length":152,"Height":349,"Demand":10,"DemandMax":null,"Value":53048},{"Length":294,"Height":180,"Demand":10,"DemandMax":null,"Value":52920},{"Length":241,"Height":215,"Demand":10,"DemandMax":null,"Value":51815},{"Length":253,"Height":196,"Demand":10,"DemandMax":null,"Value":49588},{"Length":287,"Height":170,"Demand":10,"DemandMax":null,"Value":48790},{"Length":181,"Height":263,"Demand":10,"DemandMax":null,"Value":47603},{"Length":276,"Height":170,"Demand":10,"DemandMax":null,"Value":46920},{"Length":247,"Height":188,"Demand":10,"DemandMax":null,"Value":46436},{"Length":190,"Height":242,"Demand":10,"DemandMax":null,"Value":45980},{"Length":191,"Height":237,"Demand":10,"DemandMax":null,"Value":45267},{"Length":276,"Height":159,"Demand":10,"DemandMax":null,"Value":43884},{"Length":167,"Height":259,"Demand":10,"DemandMax":null,"Value":43253},{"Length":201,"Height":214,"Demand":10,"DemandMax":null,"Value":43014},{"Length":209,"Height":199,"Demand":10,"DemandMax":null,"Value":41591},{"Length":167,"Height":243,"Demand":10,"DemandMax":null,"Value":40581},{"Length":185,"Height":214,"Demand":10,"DemandMax":null,"Value":39590},{"Length":105,"Height":361,"Demand":10,"DemandMax":null,"Value":37905},{"Length":311,"Height":121,"Demand":10,"DemandMax":null,"Value":37631},{"Length":341,"Height":105,"Demand":10,"DemandMax":null,"Value":35805},{"Length":329,"Height":106,"Demand":10,"DemandMax":null,"Value":34874},{"Length":135,"Height":245,"Demand":10,"DemandMax":null,"Value":33075},{"Length":195,"Height":165,"Demand":10,"DemandMax":null,"Value":32175},{"Length":337,"Height":90,"Demand":10,"DemandMax":null,"Value":30330},{"Length":168,"Height":177,"Demand":10,"DemandMax":null,"Value":29736},{"Length":309,"Height":96,"Demand":10,"DemandMax":null,"Value":29664},{"Length":157,"Height":186,"Demand":10,"DemandMax":null,"Value":29202},{"Length":169,"Height":172,"Demand":10,"DemandMax":null,"Value":29068},{"Length":281,"Height":102,"Demand":10,"DemandMax":null,"Value":28662},{"Length":262,"Height":109,"Demand":10,"DemandMax":null,"Value":28558},{"Length":140,"Height":193,"Demand":10,"DemandMax":null,"Value":27020},{"Length":124,"Height":217,"Demand":10,"DemandMax":null,"Value":26908},{"Length":189,"Height":141,"Demand":10,"DemandMax":null,"Value":26649},{"Length":86,"Height":307,"Demand":10,"DemandMax":null,"Value":26402},{"Length":73,"Height":357,"Demand":10,"DemandMax":null,"Value":26061},{"Length":154,"Height":150,"Demand":10,"DemandMax":null,"Value":23100},{"Length":179,"Height":129,"Demand":10,"DemandMax":null,"Value":23091},{"Length":351,"Height":64,"Demand":10,"DemandMax":null,"Value":22464},{"Length":268,"Height":83,"Demand":10,"DemandMax":null,"Value":22244},{"Length":62,"Height":358,"Demand":10,"DemandMax":null,"Value":22196},{"Length":114,"Height":191,"Demand":10,"DemandMax":null,"Value":21774},{"Length":136,"Height":154,"Demand":10,"DemandMax":null,"Value":20944},{"Length":234,"Height":83,"Demand":10,"DemandMax":null,"Value":19422},{"Length":366,"Height":47,"Demand":10,"DemandMax":null,"Value":17202},{"Length":93,"Height":170,"Demand":10,"DemandMax":null,"Value":15810},{"Length":217,"Height":69,"Demand":10,"DemandMax":null,"Value":14973},{"Length":99,"Height":149,"Demand":10,"DemandMax":null,"Value":14751},{"Length":55,"Height":256,"Demand":10,"DemandMax":null,"Value":14080},{"Length":170,"Height":78,"Demand":10,"DemandMax":null,"Value":13260},{"Length":53,"Height":199,"Demand":10,"DemandMax":null,"Value":10547},{"Length":29,"Height":356,"Demand":10,"DemandMax":null,"Value":10324},{"Length":339,"Height":30,"Demand":10,"DemandMax":null,"Value":10170},{"Length":34,"Height":297,"Demand":10,"DemandMax":null,"Value":10098},{"Length":199,"Height":49,"Demand":10,"DemandMax":null,"Value":9751},{"Length":25,"Height":373,"Demand":10,"DemandMax":null,"Value":9325},{"Length":294,"Height":28,"Demand":10,"DemandMax":null,"Value":8232},{"Length":56,"Height":144,"Demand":10,"DemandMax":null,"Value":8064},{"Length":158,"Height":51,"Demand":10,"DemandMax":null,"Value":8058},{"Length":264,"Height":26,"Demand":10,"DemandMax":null,"Value":6864},{"Length":149,"Height":46,"Demand":10,"DemandMax":null,"Value":6854},{"Length":256,"Height":26,"Demand":10,"DemandMax":null,"Value":6656},{"Length":212,"Height":30,"Demand":10,"DemandMax":null,"Value":6360},{"Length":43,"Height":140,"Demand":10,"DemandMax":null,"Value":6020},{"Length":67,"Height":88,"Demand":10,"DemandMax":null,"Value":5896},{"Length":80,"Height":69,"Demand":10,"DemandMax":null,"Value":5520},{"Length":115,"Height":39,"Demand":10,"DemandMax":null,"Value":4485},{"Length":58,"Height":72,"Demand":10,"DemandMax":null,"Value":4176},{"Length":61,"Height":64,"Demand":10,"DemandMax":null,"Value":3904},{"Length":109,"Height":33,"Demand":10,"DemandMax":null,"Value":3597},{"Length":61,"Height":28,"Demand":10,"DemandMax":null,"Value":1708},{"Length":32,"Height":41,"Demand":10,"DemandMax":null,"Value":1312}]}