{"Name":"AH29","Objects":[{"Length":1000,"Height":36540,"Stock":null,"Cost":36540000}],"Items":[{"Length":290,"Height":233,"Demand":100,"DemandMax":null,"Value":67570},{"Length":283,"Height":178,"Demand":100,"DemandMax":null,"Value":50374},{"Length":237,"Height":185,"Demand":100,"DemandMax":null,"Value":43845},{"Length":221,"Height":166,"Demand":100,"DemandMax":null,"Value":36686},{"Length":207,"Height":170,"Demand":100,"DemandMax":null,"Value":35190},{"Length":132,"Height":257,"Demand":100,"DemandMax":null,"Value":33924},{"Length":133,"Height":243,"Demand":100,"DemandMax":null,"Value":32319},{"Length":166,"Height":176,"Demand":100,"DemandMax":null,"Value":29216},{"Length":103,"Height":224,"Demand":100,"DemandMax":null,"Value":23072},{"Length":100,"Height":132,"Demand":100,"DemandMax":null,"Value":13200}]}