{"Name":"AH248","Objects":[{"Length":1000,"Height":40061,"Stock":null,"Cost":40061000}],"Items":[{"Length":293,"Height":296,"Demand":1,"DemandMax":null,"Value":86728},{"Length":288,"Height":299,"Demand":1,"DemandMax":null,"Value":86112},{"Length":286,"Height":299,"Demand":1,"DemandMax":null,"Value":85514},{"Length":287,"Height":295,"Demand":1,"DemandMax":null,"Value":84665},{"Length":300,"Height":280,"Demand":1,"DemandMax":null,"Value":84000},{"Length":279,"Height":297,"Demand":1,"DemandMax":null,"Value":82863},{"Length":295,"Height":278,"Demand":1,"DemandMax":null,"Value":82010},{"Length":297,"Height":276,"Demand":1,"DemandMax":null,"Value":81972},{"Length":285,"Height":286,"Demand":1,"DemandMax":null,"Value":81510},{"Length":288,"Height":283,"Demand":1,"DemandMax":null,"Value":81504},{"Length":281,"Height":290,"Demand":1,"DemandMax":null,"Value":81490},{"Length":279,"Height":291,"Demand":1,"DemandMax":null,"Value":81189},{"Length":273,"Height":295,"Demand":1,"DemandMax":null,"Value":80535},{"Length":276,"Height":291,"Demand":1,"DemandMax":null,"Value":80316},{"Length":298,"Height":269,"Demand":1,"DemandMax":null,"Value":80162},{"Length":290,"Height":276,"Demand":1,"DemandMax":null,"Value":80040},{"Length":292,"Height":274,"Demand":1,"DemandMax":null,"Value":80008},{"Length":269,"Height":297,"Demand":1,"DemandMax":null,"Value":79893},{"Length":288,"Height":277,"Demand":1,"DemandMax":null,"Value":79776},{"Length":272,"Height":293,"Demand":1,"DemandMax":null,"Value":79696},{"Length":295,"Height":269,"Demand":1,"DemandMax":null,"Value":79355},{"Length":286,"Height":277,"Demand":1,"DemandMax":null,"Value":79222},{"Length":276,"Height":287,"Demand":1,"DemandMax":null,"Value":79212},{"Length":270,"Height":293,"Demand":1,"DemandMax":null,"Value":79110},{"Length":287,"Height":275,"Demand":1,"DemandMax":null,"Value":78925},{"Length":274,"Height":288,"Demand":1,"DemandMax":null,"Value":78912},{"Length":296,"Height":265,"Demand":1,"DemandMax":null,"Value":78440},{"Length":273,"Height":286,"Demand":1,"DemandMax":null,"Value":78078},{"Length":269,"Height":288,"Demand":1,"DemandMax":null,"Value":77472},{"Length":266,"Height":290,"Demand":1,"DemandMax":null,"Value":77140},{"Length":256,"Height":300,"Demand":1,"DemandMax":null,"Value":76800},{"Length":273,"Height":281,"Demand":1,"DemandMax":null,"Value":76713},{"Length":283,"Height":271,"Demand":1,"DemandMax":null,"Value":76693},{"Length":278,"Height":273,"Demand":1,"DemandMax":null,"Value":75894},{"Length":267,"Height":284,"Demand":1,"DemandMax":null,"Value":75828},{"Length":285,"Height":266,"Demand":1,"DemandMax":null,"Value":75810},{"Length":277,"Height":273,"Demand":1,"DemandMax":null,"Value":75621},{"Length":297,"Height":254,"Demand":1,"DemandMax":null,"Value":75438},{"Length":258,"Height":292,"Demand":1,"DemandMax":null,"Value":75336},{"Length":289,"Height":260,"Demand":1,"DemandMax":null,"Value":75140},{"Length":283,"Height":263,"Demand":1,"DemandMax":null,"Value":74429},{"Length":253,"Height":294,"Demand":1,"DemandMax":null,"Value":74382},{"Length":293,"Height":250,"Demand":1,"DemandMax":null,"Value":73250},{"Length":249,"Height":294,"Demand":1,"DemandMax":null,"Value":73206},{"Length":281,"Height":260,"Demand":1,"DemandMax":null,"Value":73060},{"Length":283,"Height":258,"Demand":1,"DemandMax":null,"Value":73014},{"Length":248,"Height":294,"Demand":1,"DemandMax":null,"Value":72912},{"Length":297,"Height":245,"Demand":1,"DemandMax":null,"Value":72765},{"Length":250,"Height":289,"Demand":1,"DemandMax":null,"Value":72250},{"Length":267,"Height":270,"Demand":1,"DemandMax":null,"Value":72090},{"Length":262,"Height":275,"Demand":1,"DemandMax":null,"Value":72050},{"Length":250,"Height":288,"Demand":1,"DemandMax":null,"Value":72000},{"Length":263,"Height":273,"Demand":1,"DemandMax":null,"Value":71799},{"Length":256,"Height":280,"Demand":1,"DemandMax":null,"Value":71680},{"Length":239,"Height":299,"Demand":1,"DemandMax":null,"Value":71461},{"Length":256,"Height":279,"Demand":1,"DemandMax":null,"Value":71424},{"Length":296,"Height":241,"Demand":1,"DemandMax":null,"Value":71336},{"Length":293,"Height":243,"Demand":1,"DemandMax":null,"Value":71199},{"Length":296,"Height":240,"Demand":1,"DemandMax":null,"Value":71040},{"Length":270,"Height":263,"Demand":1,"DemandMax":null,"Value":71010},{"Length":269,"Height":263,"Demand":1,"DemandMax":null,"Value":70747},{"Length":250,"Height":282,"Demand":1,"DemandMax":null,"Value":70500},{"Length":266,"Height":265,"Demand":1,"DemandMax":null,"Value":70490},{"Length":276,"Height":254,"Demand":1,"DemandMax":null,"Value":70104},{"Length":241,"Height":290,"Demand":1,"DemandMax":null,"Value":69890},{"Length":243,"Height":287,"Demand":1,"DemandMax":null,"Value":69741},{"Length":260,"Height":268,"Demand":1,"DemandMax":null,"Value":69680},{"Length":245,"Height":282,"Demand":1,"DemandMax":null,"Value":69090},{"Length":291,"Height":237,"Demand":1,"DemandMax":null,"Value":68967},{"Length":252,"Height":273,"Demand":1,"DemandMax":null,"Value":68796},{"Length":278,"Height":247,"Demand":1,"DemandMax":null,"Value":68666},{"Length":264,"Height":260,"Demand":1,"DemandMax":null,"Value":68640},{"Length":279,"Height":246,"Demand":1,"DemandMax":null,"Value":68634},{"Length":235,"Height":292,"Demand":1,"DemandMax":null,"Value":68620},{"Length":239,"Height":287,"Demand":1,"DemandMax":null,"Value":68593},{"Length":266,"Height":257,"Demand":1,"DemandMax":null,"Value":68362},{"Length":250,"Height":273,"Demand":1,"DemandMax":null,"Value":68250},{"Length":236,"Height":289,"Demand":1,"DemandMax":null,"Value":68204},{"Length":235,"Height":290,"Demand":1,"DemandMax":null,"Value":68150},{"Length":266,"Height":256,"Demand":1,"DemandMax":null,"Value":68096},{"Length":258,"Height":262,"Demand":1,"DemandMax":null,"Value":67596},{"Length":244,"Height":277,"Demand":1,"DemandMax":null,"Value":67588},{"Length":232,"Height":291,"Demand":1,"DemandMax":null,"Value":67512},{"Length":271,"Height":249,"Demand":1,"DemandMax":null,"Value":67479},{"Length":298,"Height":226,"Demand":1,"DemandMax":null,"Value":67348},{"Length":235,"Height":285,"Demand":1,"DemandMax":null,"Value":66975},{"Length":278,"Height":240,"Demand":1,"DemandMax":null,"Value":66720},{"Length":300,"Height":222,"Demand":1,"DemandMax":null,"Value":66600},{"Length":252,"Height":264,"Demand":1,"DemandMax":null,"Value":66528},{"Length":240,"Height":277,"Demand":1,"DemandMax":null,"Value":66480},{"Length":247,"Height":268,"Demand":1,"DemandMax":null,"Value":66196},{"Length":235,"Height":281,"Demand":1,"DemandMax":null,"Value":66035},{"Length":227,"Height":290,"Demand":1,"DemandMax":null,"Value":65830},{"Length":274,"Height":240,"Demand":1,"DemandMax":null,"Value":65760},{"Length":246,"Height":267,"Demand":1,"DemandMax":null,"Value":65682},{"Length":234,"Height":280,"Demand":1,"DemandMax":null,"Value":65520},{"Length":274,"Height":239,"Demand":1,"DemandMax":null,"Value":65486},{"Length":282,"Height":232,"Demand":1,"DemandMax":null,"Value":65424},{"Length":273,"Height":239,"Demand":1,"DemandMax":null,"Value":65247},{"Length":300,"Height":217,"Demand":1,"DemandMax":null,"Value":65100},{"Length":297,"Height":219,"Demand":1,"DemandMax":null,"Value":65043},{"Length":290,"Height":224,"Demand":1,"DemandMax":null,"Value":64960},{"Length":295,"Height":220,"Demand":1,"DemandMax":null,"Value":64900},{"Length":234,"Height":276,"Demand":1,"DemandMax":null,"Value":64584},{"Length":277,"Height":233,"Demand":1,"DemandMax":null,"Value":64541},{"Length":232,"Height":278,"Demand":1,"DemandMax":null,"Value":64496},{"Length":222,"Height":290,"Demand":1,"DemandMax":null,"Value":64380},{"Length":295,"Height":218,"Demand":1,"DemandMax":null,"Value":64310},{"Length":260,"Height":247,"Demand":1,"DemandMax":null,"Value":64220},{"Length":275,"Height":233,"Demand":1,"DemandMax":null,"Value":64075},{"Length":215,"Height":298,"Demand":1,"DemandMax":null,"Value":64070},{"Length":228,"Height":281,"Demand":1,"DemandMax":null,"Value":64068},{"Length":255,"Height":251,"Demand":1,"DemandMax":null,"Value":64005},{"Length":214,"Height":298,"Demand":1,"DemandMax":null,"Value":63772},{"Length":248,"Height":257,"Demand":1,"DemandMax":null,"Value":63736},{"Length":222,"Height":287,"Demand":1,"DemandMax":null,"Value":63714},{"Length":222,"Height":286,"Demand":1,"DemandMax":null,"Value":63492},{"Length":291,"Height":218,"Demand":1,"DemandMax":null,"Value":63438},{"Length":242,"Height":262,"Demand":1,"DemandMax":null,"Value":63404},{"Length":229,"Height":276,"Demand":1,"DemandMax":null,"Value":63204},{"Length":295,"Height":214,"Demand":1,"DemandMax":null,"Value":63130},{"Length":278,"Height":227,"Demand":1,"DemandMax":null,"Value":63106},{"Length":239,"Height":264,"Demand":1,"DemandMax":null,"Value":63096},{"Length":299,"Height":211,"Demand":1,"DemandMax":null,"Value":63089},{"Length":293,"Height":215,"Demand":1,"DemandMax":null,"Value":62995},{"Length":240,"Height":262,"Demand":1,"DemandMax":null,"Value":62880},{"Length":271,"Height":232,"Demand":1,"DemandMax":null,"Value":62872},{"Length":221,"Height":284,"Demand":1,"DemandMax":null,"Value":62764},{"Length":259,"Height":242,"Demand":1,"DemandMax":null,"Value":62678},{"Length":223,"Height":281,"Demand":1,"DemandMax":null,"Value":62663},{"Length":250,"Height":250,"Demand":1,"DemandMax":null,"Value":62500},{"Length":253,"Height":247,"Demand":1,"DemandMax":null,"Value":62491},{"Length":289,"Height":214,"Demand":1,"DemandMax":null,"Value":61846},{"Length":220,"Height":281,"Demand":1,"DemandMax":null,"Value":61820},{"Length":210,"Height":294,"Demand":1,"DemandMax":null,"Value":61740},{"Length":278,"Height":222,"Demand":1,"DemandMax":null,"Value":61716},{"Length":256,"Height":241,"Demand":1,"DemandMax":null,"Value":61696},{"Length":272,"Height":226,"Demand":1,"DemandMax":null,"Value":61472},{"Length":266,"Height":231,"Demand":1,"DemandMax":null,"Value":61446},{"Length":278,"Height":221,"Demand":1,"DemandMax":null,"Value":61438},{"Length":205,"Height":299,"Demand":1,"DemandMax":null,"Value":61295},{"Length":232,"Height":262,"Demand":1,"DemandMax":null,"Value":60784},{"Length":206,"Height":295,"Demand":1,"DemandMax":null,"Value":60770},{"Length":220,"Height":276,"Demand":1,"DemandMax":null,"Value":60720},{"Length":209,"Height":290,"Demand":1,"DemandMax":null,"Value":60610},{"Length":234,"Height":259,"Demand":1,"DemandMax":null,"Value":60606},{"Length":246,"Height":246,"Demand":1,"DemandMax":null,"Value":60516},{"Length":261,"Height":231,"Demand":1,"DemandMax":null,"Value":60291},{"Length":275,"Height":219,"Demand":1,"DemandMax":null,"Value":60225},{"Length":254,"Height":237,"Demand":1,"DemandMax":null,"Value":60198},{"Length":202,"Height":298,"Demand":1,"DemandMax":null,"Value":60196},{"Length":254,"Height":236,"Demand":1,"DemandMax":null,"Value":59944},{"Length":222,"Height":270,"Demand":1,"DemandMax":null,"Value":59940},{"Length":207,"Height":288,"Demand":1,"DemandMax":null,"Value":59616},{"Length":202,"Height":295,"Demand":1,"DemandMax":null,"Value":59590},{"Length":224,"Height":266,"Demand":1,"DemandMax":null,"Value":59584},{"Length":238,"Height":250,"Demand":1,"DemandMax":null,"Value":59500},{"Length":234,"Height":253,"Demand":1,"DemandMax":null,"Value":59202},{"Length":217,"Height":272,"Demand":1,"DemandMax":null,"Value":59024},{"Length":198,"Height":297,"Demand":1,"DemandMax":null,"Value":58806},{"Length":246,"Height":239,"Demand":1,"DemandMax":null,"Value":58794},{"Length":213,"Height":276,"Demand":1,"DemandMax":null,"Value":58788},{"Length":230,"Height":255,"Demand":1,"DemandMax":null,"Value":58650},{"Length":290,"Height":202,"Demand":1,"DemandMax":null,"Value":58580},{"Length":294,"Height":199,"Demand":1,"DemandMax":null,"Value":58506},{"Length":206,"Height":284,"Demand":1,"DemandMax":null,"Value":58504},{"Length":282,"Height":207,"Demand":1,"DemandMax":null,"Value":58374},{"Length":216,"Height":270,"Demand":1,"DemandMax":null,"Value":58320},{"Length":214,"Height":272,"Demand":1,"DemandMax":null,"Value":58208},{"Length":253,"Height":230,"Demand":1,"DemandMax":null,"Value":58190},{"Length":278,"Height":209,"Demand":1,"DemandMax":null,"Value":58102},{"Length":202,"Height":287,"Demand":1,"DemandMax":null,"Value":57974},{"Length":274,"Height":211,"Demand":1,"DemandMax":null,"Value":57814},{"Length":246,"Height":235,"Demand":1,"DemandMax":null,"Value":57810},{"Length":229,"Height":252,"Demand":1,"DemandMax":null,"Value":57708},{"Length":253,"Height":228,"Demand":1,"DemandMax":null,"Value":57684},{"Length":270,"Height":213,"Demand":1,"DemandMax":null,"Value":57510},{"Length":266,"Height":216,"Demand":1,"DemandMax":null,"Value":57456},{"Length":274,"Height":209,"Demand":1,"DemandMax":null,"Value":57266},{"Length":252,"Height":227,"Demand":1,"DemandMax":null,"Value":57204},{"Length":209,"Height":273,"Demand":1,"DemandMax":null,"Value":57057},{"Length":230,"Height":248,"Demand":1,"DemandMax":null,"Value":57040},{"Length":291,"Height":196,"Demand":1,"DemandMax":null,"Value":57036},{"Length":202,"Height":282,"Demand":1,"DemandMax":null,"Value":56964},{"Length":203,"Height":280,"Demand":1,"DemandMax":null,"Value":56840},{"Length":288,"Height":197,"Demand":1,"DemandMax":null,"Value":56736},{"Length":214,"Height":265,"Demand":1,"DemandMax":null,"Value":56710},{"Length":220,"Height":257,"Demand":1,"DemandMax":null,"Value":56540},{"Length":192,"Height":294,"Demand":1,"DemandMax":null,"Value":56448},{"Length":261,"Height":216,"Demand":1,"DemandMax":null,"Value":56376},{"Length":223,"Height":252,"Demand":1,"DemandMax":null,"Value":56196},{"Length":236,"Height":238,"Demand":1,"DemandMax":null,"Value":56168},{"Length":243,"Height":231,"Demand":1,"DemandMax":null,"Value":56133},{"Length":286,"Height":196,"Demand":1,"DemandMax":null,"Value":56056},{"Length":224,"Height":250,"Demand":1,"DemandMax":null,"Value":56000},{"Length":236,"Height":237,"Demand":1,"DemandMax":null,"Value":55932},{"Length":288,"Height":194,"Demand":1,"DemandMax":null,"Value":55872},{"Length":195,"Height":286,"Demand":1,"DemandMax":null,"Value":55770},{"Length":222,"Height":251,"Demand":1,"DemandMax":null,"Value":55722},{"Length":211,"Height":264,"Demand":1,"DemandMax":null,"Value":55704},{"Length":231,"Height":241,"Demand":1,"DemandMax":null,"Value":55671},{"Length":213,"Height":261,"Demand":1,"DemandMax":null,"Value":55593},{"Length":249,"Height":223,"Demand":1,"DemandMax":null,"Value":55527},{"Length":289,"Height":192,"Demand":1,"DemandMax":null,"Value":55488},{"Length":239,"Height":232,"Demand":1,"DemandMax":null,"Value":55448},{"Length":298,"Height":186,"Demand":1,"DemandMax":null,"Value":55428},{"Length":248,"Height":223,"Demand":1,"DemandMax":null,"Value":55304},{"Length":282,"Height":196,"Demand":1,"DemandMax":null,"Value":55272},{"Length":298,"Height":185,"Demand":1,"DemandMax":null,"Value":55130},{"Length":183,"Height":299,"Demand":1,"DemandMax":null,"Value":54717},{"Length":208,"Height":263,"Demand":1,"DemandMax":null,"Value":54704},{"Length":253,"Height":216,"Demand":1,"DemandMax":null,"Value":54648},{"Length":286,"Height":191,"Demand":1,"DemandMax":null,"Value":54626},{"Length":290,"Height":188,"Demand":1,"DemandMax":null,"Value":54520},{"Length":259,"Height":210,"Demand":1,"DemandMax":null,"Value":54390},{"Length":197,"Height":276,"Demand":1,"DemandMax":null,"Value":54372},{"Length":219,"Height":247,"Demand":1,"DemandMax":null,"Value":54093},{"Length":231,"Height":234,"Demand":1,"DemandMax":null,"Value":54054},{"Length":229,"Height":236,"Demand":1,"DemandMax":null,"Value":54044},{"Length":285,"Height":189,"Demand":1,"DemandMax":null,"Value":53865},{"Length":259,"Height":207,"Demand":1,"DemandMax":null,"Value":53613},{"Length":248,"Height":216,"Demand":1,"DemandMax":null,"Value":53568},{"Length":223,"Height":239,"Demand":1,"DemandMax":null,"Value":53297},{"Length":249,"Height":214,"Demand":1,"DemandMax":null,"Value":53286},{"Length":189,"Height":281,"Demand":1,"DemandMax":null,"Value":53109},{"Length":271,"Height":195,"Demand":1,"DemandMax":null,"Value":52845},{"Length":180,"Height":293,"Demand":1,"DemandMax":null,"Value":52740},{"Length":202,"Height":261,"Demand":1,"DemandMax":null,"Value":52722},{"Length":271,"Height":194,"Demand":1,"DemandMax":null,"Value":52574},{"Length":211,"Height":249,"Demand":1,"DemandMax":null,"Value":52539},{"Length":255,"Height":206,"Demand":1,"DemandMax":null,"Value":52530},{"Length":242,"Height":217,"Demand":1,"DemandMax":null,"Value":52514},{"Length":250,"Height":210,"Demand":1,"DemandMax":null,"Value":52500},{"Length":179,"Height":293,"Demand":1,"DemandMax":null,"Value":52447},{"Length":262,"Height":200,"Demand":1,"DemandMax":null,"Value":52400},{"Length":204,"Height":256,"Demand":1,"DemandMax":null,"Value":52224},{"Length":187,"Height":279,"Demand":1,"DemandMax":null,"Value":52173},{"Length":203,"Height":257,"Demand":1,"DemandMax":null,"Value":52171},{"Length":277,"Height":188,"Demand":1,"DemandMax":null,"Value":52076},{"Length":203,"Height":256,"Demand":1,"DemandMax":null,"Value":51968},{"Length":234,"Height":222,"Demand":1,"DemandMax":null,"Value":51948},{"Length":219,"Height":237,"Demand":1,"DemandMax":null,"Value":51903},{"Length":188,"Height":276,"Demand":1,"DemandMax":null,"Value":51888},{"Length":243,"Height":213,"Demand":1,"DemandMax":null,"Value":51759},{"Length":226,"Height":229,"Demand":1,"DemandMax":null,"Value":51754},{"Length":179,"Height":289,"Demand":1,"DemandMax":null,"Value":51731},{"Length":265,"Height":195,"Demand":1,"DemandMax":null,"Value":51675},{"Length":201,"Height":257,"Demand":1,"DemandMax":null,"Value":51657},{"Length":183,"Height":282,"Demand":1,"DemandMax":null,"Value":51606},{"Length":260,"Height":197,"Demand":1,"DemandMax":null,"Value":51220},{"Length":182,"Height":281,"Demand":1,"DemandMax":null,"Value":51142},{"Length":248,"Height":206,"Demand":1,"DemandMax":null,"Value":51088},{"Length":191,"Height":267,"Demand":1,"DemandMax":null,"Value":50997},{"Length":184,"Height":277,"Demand":1,"DemandMax":null,"Value":50968},{"Length":215,"Height":237,"Demand":1,"DemandMax":null,"Value":50955},{"Length":250,"Height":203,"Demand":1,"DemandMax":null,"Value":50750},{"Length":183,"Height":277,"Demand":1,"DemandMax":null,"Value":50691},{"Length":283,"Height":179,"Demand":1,"DemandMax":null,"Value":50657},{"Length":291,"Height":174,"Demand":1,"DemandMax":null,"Value":50634},{"Length":232,"Height":218,"Demand":1,"DemandMax":null,"Value":50576},{"Length":254,"Height":199,"Demand":1,"DemandMax":null,"Value":50546},{"Length":216,"Height":234,"Demand":1,"DemandMax":null,"Value":50544},{"Length":256,"Height":197,"Demand":1,"DemandMax":null,"Value":50432},{"Length":202,"Height":249,"Demand":1,"DemandMax":null,"Value":50298},{"Length":250,"Height":201,"Demand":1,"DemandMax":null,"Value":50250},{"Length":182,"Height":276,"Demand":1,"DemandMax":null,"Value":50232},{"Length":179,"Height":280,"Demand":1,"DemandMax":null,"Value":50120},{"Length":299,"Height":167,"Demand":1,"DemandMax":null,"Value":49933},{"Length":267,"Height":187,"Demand":1,"DemandMax":null,"Value":49929},{"Length":215,"Height":232,"Demand":1,"DemandMax":null,"Value":49880},{"Length":237,"Height":210,"Demand":1,"DemandMax":null,"Value":49770},{"Length":208,"Height":239,"Demand":1,"DemandMax":null,"Value":49712},{"Length":249,"Height":199,"Demand":1,"DemandMax":null,"Value":49551},{"Length":258,"Height":192,"Demand":1,"DemandMax":null,"Value":49536},{"Length":203,"Height":243,"Demand":1,"DemandMax":null,"Value":49329},{"Length":170,"Height":290,"Demand":1,"DemandMax":null,"Value":49300},{"Length":262,"Height":188,"Demand":1,"DemandMax":null,"Value":49256},{"Length":245,"Height":201,"Demand":1,"DemandMax":null,"Value":49245},{"Length":285,"Height":172,"Demand":1,"DemandMax":null,"Value":49020},{"Length":214,"Height":229,"Demand":1,"DemandMax":null,"Value":49006},{"Length":173,"Height":283,"Demand":1,"DemandMax":null,"Value":48959},{"Length":293,"Height":167,"Demand":1,"DemandMax":null,"Value":48931},{"Length":273,"Height":179,"Demand":1,"DemandMax":null,"Value":48867},{"Length":253,"Height":193,"Demand":1,"DemandMax":null,"Value":48829},{"Length":205,"Height":238,"Demand":1,"DemandMax":null,"Value":48790},{"Length":192,"Height":254,"Demand":1,"DemandMax":null,"Value":48768},{"Length":170,"Height":286,"Demand":1,"DemandMax":null,"Value":48620},{"Length":300,"Height":162,"Demand":1,"DemandMax":null,"Value":48600},{"Length":255,"Height":190,"Demand":1,"DemandMax":null,"Value":48450},{"Length":179,"Height":270,"Demand":1,"DemandMax":null,"Value":48330},{"Length":243,"Height":198,"Demand":1,"DemandMax":null,"Value":48114},{"Length":211,"Height":228,"Demand":1,"DemandMax":null,"Value":48108},{"Length":295,"Height":163,"Demand":1,"DemandMax":null,"Value":48085},{"Length":187,"Height":256,"Demand":1,"DemandMax":null,"Value":47872},{"Length":231,"Height":207,"Demand":1,"DemandMax":null,"Value":47817},{"Length":181,"Height":264,"Demand":1,"DemandMax":null,"Value":47784},{"Length":178,"Height":268,"Demand":1,"DemandMax":null,"Value":47704},{"Length":274,"Height":174,"Demand":1,"DemandMax":null,"Value":47676},{"Length":236,"Height":202,"Demand":1,"DemandMax":null,"Value":47672},{"Length":210,"Height":227,"Demand":1,"DemandMax":null,"Value":47670},{"Length":276,"Height":172,"Demand":1,"DemandMax":null,"Value":47472},{"Length":202,"Height":235,"Demand":1,"DemandMax":null,"Value":47470},{"Length":210,"Height":226,"Demand":1,"DemandMax":null,"Value":47460},{"Length":247,"Height":192,"Demand":1,"DemandMax":null,"Value":47424},{"Length":251,"Height":188,"Demand":1,"DemandMax":null,"Value":47188},{"Length":274,"Height":172,"Demand":1,"DemandMax":null,"Value":47128},{"Length":277,"Height":170,"Demand":1,"DemandMax":null,"Value":47090},{"Length":203,"Height":230,"Demand":1,"DemandMax":null,"Value":46690},{"Length":212,"Height":220,"Demand":1,"DemandMax":null,"Value":46640},{"Length":170,"Height":274,"Demand":1,"DemandMax":null,"Value":46580},{"Length":173,"Height":269,"Demand":1,"DemandMax":null,"Value":46537},{"Length":237,"Height":196,"Demand":1,"DemandMax":null,"Value":46452},{"Length":212,"Height":219,"Demand":1,"DemandMax":null,"Value":46428},{"Length":240,"Height":193,"Demand":1,"DemandMax":null,"Value":46320},{"Length":218,"Height":212,"Demand":1,"DemandMax":null,"Value":46216},{"Length":165,"Height":280,"Demand":1,"DemandMax":null,"Value":46200},{"Length":157,"Height":294,"Demand":1,"DemandMax":null,"Value":46158},{"Length":233,"Height":198,"Demand":1,"DemandMax":null,"Value":46134},{"Length":299,"Height":154,"Demand":1,"DemandMax":null,"Value":46046},{"Length":213,"Height":216,"Demand":1,"DemandMax":null,"Value":46008},{"Length":219,"Height":210,"Demand":1,"DemandMax":null,"Value":45990},{"Length":164,"Height":280,"Demand":1,"DemandMax":null,"Value":45920},{"Length":192,"Height":239,"Demand":1,"DemandMax":null,"Value":45888},{"Length":196,"Height":234,"Demand":1,"DemandMax":null,"Value":45864},{"Length":210,"Height":218,"Demand":1,"DemandMax":null,"Value":45780},{"Length":165,"Height":277,"Demand":1,"DemandMax":null,"Value":45705},{"Length":255,"Height":179,"Demand":1,"DemandMax":null,"Value":45645},{"Length":227,"Height":201,"Demand":1,"DemandMax":null,"Value":45627},{"Length":189,"Height":241,"Demand":1,"DemandMax":null,"Value":45549},{"Length":253,"Height":180,"Demand":1,"DemandMax":null,"Value":45540},{"Length":252,"Height":180,"Demand":1,"DemandMax":null,"Value":45360},{"Length":262,"Height":173,"Demand":1,"DemandMax":null,"Value":45326},{"Length":278,"Height":163,"Demand":1,"DemandMax":null,"Value":45314},{"Length":169,"Height":268,"Demand":1,"DemandMax":null,"Value":45292},{"Length":294,"Height":154,"Demand":1,"DemandMax":null,"Value":45276},{"Length":290,"Height":156,"Demand":1,"DemandMax":null,"Value":45240},{"Length":170,"Height":266,"Demand":1,"DemandMax":null,"Value":45220},{"Length":254,"Height":178,"Demand":1,"DemandMax":null,"Value":45212},{"Length":211,"Height":214,"Demand":1,"DemandMax":null,"Value":45154},{"Length":156,"Height":289,"Demand":1,"DemandMax":null,"Value":45084},{"Length":195,"Height":231,"Demand":1,"DemandMax":null,"Value":45045},{"Length":175,"Height":257,"Demand":1,"DemandMax":null,"Value":44975},{"Length":233,"Height":193,"Demand":1,"DemandMax":null,"Value":44969},{"Length":191,"Height":235,"Demand":1,"DemandMax":null,"Value":44885},{"Length":180,"Height":249,"Demand":1,"DemandMax":null,"Value":44820},{"Length":262,"Height":171,"Demand":1,"DemandMax":null,"Value":44802},{"Length":295,"Height":151,"Demand":1,"DemandMax":null,"Value":44545},{"Length":159,"Height":280,"Demand":1,"DemandMax":null,"Value":44520},{"Length":271,"Height":164,"Demand":1,"DemandMax":null,"Value":44444},{"Length":269,"Height":165,"Demand":1,"DemandMax":null,"Value":44385},{"Length":272,"Height":163,"Demand":1,"DemandMax":null,"Value":44336},{"Length":155,"Height":286,"Demand":1,"DemandMax":null,"Value":44330},{"Length":213,"Height":208,"Demand":1,"DemandMax":null,"Value":44304},{"Length":260,"Height":170,"Demand":1,"DemandMax":null,"Value":44200},{"Length":276,"Height":160,"Demand":1,"DemandMax":null,"Value":44160},{"Length":252,"Height":175,"Demand":1,"DemandMax":null,"Value":44100},{"Length":195,"Height":226,"Demand":1,"DemandMax":null,"Value":44070},{"Length":251,"Height":175,"Demand":1,"DemandMax":null,"Value":43925},{"Length":285,"Height":154,"Demand":1,"DemandMax":null,"Value":43890},{"Length":206,"Height":213,"Demand":1,"DemandMax":null,"Value":43878},{"Length":255,"Height":172,"Demand":1,"DemandMax":null,"Value":43860},{"Length":198,"Height":221,"Demand":1,"DemandMax":null,"Value":43758},{"Length":236,"Height":185,"Demand":1,"DemandMax":null,"Value":43660},{"Length":147,"Height":297,"Demand":1,"DemandMax":null,"Value":43659},{"Length":157,"Height":278,"Demand":1,"DemandMax":null,"Value":43646},{"Length":242,"Height":180,"Demand":1,"DemandMax":null,"Value":43560},{"Length":253,"Height":172,"Demand":1,"DemandMax":null,"Value":43516},{"Length":195,"Height":223,"Demand":1,"DemandMax":null,"Value":43485},{"Length":214,"Height":203,"Demand":1,"DemandMax":null,"Value":43442},{"Length":154,"Height":282,"Demand":1,"DemandMax":null,"Value":43428},{"Length":201,"Height":216,"Demand":1,"DemandMax":null,"Value":43416},{"Length":232,"Height":187,"Demand":1,"DemandMax":null,"Value":43384},{"Length":271,"Height":160,"Demand":1,"DemandMax":null,"Value":43360},{"Length":234,"Height":185,"Demand":1,"DemandMax":null,"Value":43290},{"Length":210,"Height":206,"Demand":1,"DemandMax":null,"Value":43260},{"Length":300,"Height":144,"Demand":1,"DemandMax":null,"Value":43200},{"Length":257,"Height":168,"Demand":1,"DemandMax":null,"Value":43176},{"Length":232,"Height":186,"Demand":1,"DemandMax":null,"Value":43152},{"Length":268,"Height":161,"Demand":1,"DemandMax":null,"Value":43148},{"Length":182,"Height":236,"Demand":1,"DemandMax":null,"Value":42952},{"Length":211,"Height":203,"Demand":1,"DemandMax":null,"Value":42833},{"Length":266,"Height":161,"Demand":1,"DemandMax":null,"Value":42826},{"Length":247,"Height":173,"Demand":1,"DemandMax":null,"Value":42731},{"Length":178,"Height":240,"Demand":1,"DemandMax":null,"Value":42720},{"Length":218,"Height":195,"Demand":1,"DemandMax":null,"Value":42510},{"Length":267,"Height":159,"Demand":1,"DemandMax":null,"Value":42453},{"Length":245,"Height":173,"Demand":1,"DemandMax":null,"Value":42385},{"Length":177,"Height":239,"Demand":1,"DemandMax":null,"Value":42303},{"Length":293,"Height":144,"Demand":1,"DemandMax":null,"Value":42192},{"Length":166,"Height":254,"Demand":1,"DemandMax":null,"Value":42164},{"Length":153,"Height":275,"Demand":1,"DemandMax":null,"Value":42075},{"Length":250,"Height":168,"Demand":1,"DemandMax":null,"Value":42000},{"Length":262,"Height":160,"Demand":1,"DemandMax":null,"Value":41920},{"Length":155,"Height":270,"Demand":1,"DemandMax":null,"Value":41850},{"Length":159,"Height":263,"Demand":1,"DemandMax":null,"Value":41817},{"Length":271,"Height":154,"Demand":1,"DemandMax":null,"Value":41734},{"Length":168,"Height":248,"Demand":1,"DemandMax":null,"Value":41664},{"Length":164,"Height":254,"Demand":1,"DemandMax":null,"Value":41656},{"Length":257,"Height":162,"Demand":1,"DemandMax":null,"Value":41634},{"Length":179,"Height":232,"Demand":1,"DemandMax":null,"Value":41528},{"Length":159,"Height":261,"Demand":1,"DemandMax":null,"Value":41499},{"Length":269,"Height":154,"Demand":1,"DemandMax":null,"Value":41426},{"Length":163,"Height":254,"Demand":1,"DemandMax":null,"Value":41402},{"Length":221,"Height":187,"Demand":1,"DemandMax":null,"Value":41327},{"Length":247,"Height":167,"Demand":1,"DemandMax":null,"Value":41249},{"Length":229,"Height":180,"Demand":1,"DemandMax":null,"Value":41220},{"Length":204,"Height":202,"Demand":1,"DemandMax":null,"Value":41208},{"Length":201,"Height":205,"Demand":1,"DemandMax":null,"Value":41205},{"Length":218,"Height":189,"Demand":1,"DemandMax":null,"Value":41202},{"Length":145,"Height":284,"Demand":1,"DemandMax":null,"Value":41180},{"Length":155,"Height":265,"Demand":1,"DemandMax":null,"Value":41075},{"Length":146,"Height":281,"Demand":1,"DemandMax":null,"Value":41026},{"Length":297,"Height":138,"Demand":1,"DemandMax":null,"Value":40986},{"Length":193,"Height":212,"Demand":1,"DemandMax":null,"Value":40916},{"Length":242,"Height":169,"Demand":1,"DemandMax":null,"Value":40898},{"Length":166,"Height":246,"Demand":1,"DemandMax":null,"Value":40836},{"Length":154,"Height":264,"Demand":1,"DemandMax":null,"Value":40656},{"Length":170,"Height":238,"Demand":1,"DemandMax":null,"Value":40460},{"Length":214,"Height":189,"Demand":1,"DemandMax":null,"Value":40446},{"Length":190,"Height":212,"Demand":1,"DemandMax":null,"Value":40280},{"Length":221,"Height":182,"Demand":1,"DemandMax":null,"Value":40222},{"Length":261,"Height":154,"Demand":1,"DemandMax":null,"Value":40194},{"Length":174,"Height":231,"Demand":1,"DemandMax":null,"Value":40194},{"Length":243,"Height":165,"Demand":1,"DemandMax":null,"Value":40095},{"Length":220,"Height":182,"Demand":1,"DemandMax":null,"Value":40040},{"Length":151,"Height":265,"Demand":1,"DemandMax":null,"Value":40015},{"Length":248,"Height":161,"Demand":1,"DemandMax":null,"Value":39928},{"Length":151,"Height":264,"Demand":1,"DemandMax":null,"Value":39864},{"Length":153,"Height":260,"Demand":1,"DemandMax":null,"Value":39780},{"Length":179,"Height":222,"Demand":1,"DemandMax":null,"Value":39738},{"Length":157,"Height":253,"Demand":1,"DemandMax":null,"Value":39721},{"Length":223,"Height":178,"Demand":1,"DemandMax":null,"Value":39694},{"Length":168,"Height":236,"Demand":1,"DemandMax":null,"Value":39648},{"Length":159,"Height":249,"Demand":1,"DemandMax":null,"Value":39591},{"Length":191,"Height":207,"Demand":1,"DemandMax":null,"Value":39537},{"Length":247,"Height":160,"Demand":1,"DemandMax":null,"Value":39520},{"Length":140,"Height":282,"Demand":1,"DemandMax":null,"Value":39480},{"Length":144,"Height":274,"Demand":1,"DemandMax":null,"Value":39456},{"Length":165,"Height":239,"Demand":1,"DemandMax":null,"Value":39435},{"Length":154,"Height":256,"Demand":1,"DemandMax":null,"Value":39424},{"Length":251,"Height":157,"Demand":1,"DemandMax":null,"Value":39407},{"Length":152,"Height":259,"Demand":1,"DemandMax":null,"Value":39368},{"Length":249,"Height":158,"Demand":1,"DemandMax":null,"Value":39342},{"Length":237,"Height":166,"Demand":1,"DemandMax":null,"Value":39342},{"Length":177,"Height":222,"Demand":1,"DemandMax":null,"Value":39294},{"Length":260,"Height":151,"Demand":1,"DemandMax":null,"Value":39260},{"Length":273,"Height":143,"Demand":1,"DemandMax":null,"Value":39039},{"Length":207,"Height":188,"Demand":1,"DemandMax":null,"Value":38916},{"Length":284,"Height":137,"Demand":1,"DemandMax":null,"Value":38908},{"Length":208,"Height":187,"Demand":1,"DemandMax":null,"Value":38896},{"Length":185,"Height":210,"Demand":1,"DemandMax":null,"Value":38850},{"Length":252,"Height":154,"Demand":1,"DemandMax":null,"Value":38808},{"Length":153,"Height":253,"Demand":1,"DemandMax":null,"Value":38709},{"Length":175,"Height":221,"Demand":1,"DemandMax":null,"Value":38675},{"Length":144,"Height":268,"Demand":1,"DemandMax":null,"Value":38592},{"Length":224,"Height":172,"Demand":1,"DemandMax":null,"Value":38528},{"Length":283,"Height":136,"Demand":1,"DemandMax":null,"Value":38488},{"Length":143,"Height":269,"Demand":1,"DemandMax":null,"Value":38467},{"Length":157,"Height":245,"Demand":1,"DemandMax":null,"Value":38465},{"Length":197,"Height":195,"Demand":1,"DemandMax":null,"Value":38415},{"Length":167,"Height":230,"Demand":1,"DemandMax":null,"Value":38410},{"Length":227,"Height":169,"Demand":1,"DemandMax":null,"Value":38363},{"Length":132,"Height":290,"Demand":1,"DemandMax":null,"Value":38280},{"Length":285,"Height":134,"Demand":1,"DemandMax":null,"Value":38190},{"Length":295,"Height":129,"Demand":1,"DemandMax":null,"Value":38055},{"Length":199,"Height":191,"Demand":1,"DemandMax":null,"Value":38009},{"Length":230,"Height":165,"Demand":1,"DemandMax":null,"Value":37950},{"Length":174,"Height":218,"Demand":1,"DemandMax":null,"Value":37932},{"Length":167,"Height":227,"Demand":1,"DemandMax":null,"Value":37909},{"Length":151,"Height":251,"Demand":1,"DemandMax":null,"Value":37901},{"Length":235,"Height":161,"Demand":1,"DemandMax":null,"Value":37835},{"Length":266,"Height":142,"Demand":1,"DemandMax":null,"Value":37772},{"Length":222,"Height":170,"Demand":1,"DemandMax":null,"Value":37740},{"Length":230,"Height":164,"Demand":1,"DemandMax":null,"Value":37720},{"Length":273,"Height":138,"Demand":1,"DemandMax":null,"Value":37674},{"Length":135,"Height":279,"Demand":1,"DemandMax":null,"Value":37665},{"Length":176,"Height":214,"Demand":1,"DemandMax":null,"Value":37664},{"Length":189,"Height":199,"Demand":1,"DemandMax":null,"Value":37611},{"Length":286,"Height":131,"Demand":1,"DemandMax":null,"Value":37466},{"Length":144,"Height":260,"Demand":1,"DemandMax":null,"Value":37440},{"Length":169,"Height":221,"Demand":1,"DemandMax":null,"Value":37349},{"Length":300,"Height":124,"Demand":1,"DemandMax":null,"Value":37200},{"Length":177,"Height":209,"Demand":1,"DemandMax":null,"Value":36993},{"Length":137,"Height":270,"Demand":1,"DemandMax":null,"Value":36990},{"Length":139,"Height":266,"Demand":1,"DemandMax":null,"Value":36974},{"Length":132,"Height":280,"Demand":1,"DemandMax":null,"Value":36960},{"Length":269,"Height":137,"Demand":1,"DemandMax":null,"Value":36853},{"Length":196,"Height":188,"Demand":1,"DemandMax":null,"Value":36848},{"Length":227,"Height":162,"Demand":1,"DemandMax":null,"Value":36774},{"Length":144,"Height":255,"Demand":1,"DemandMax":null,"Value":36720},{"Length":127,"Height":289,"Demand":1,"DemandMax":null,"Value":36703},{"Length":298,"Height":123,"Demand":1,"DemandMax":null,"Value":36654},{"Length":229,"Height":160,"Demand":1,"DemandMax":null,"Value":36640},{"Length":269,"Height":136,"Demand":1,"DemandMax":null,"Value":36584},{"Length":157,"Height":233,"Demand":1,"DemandMax":null,"Value":36581},{"Length":265,"Height":138,"Demand":1,"DemandMax":null,"Value":36570},{"Length":279,"Height":131,"Demand":1,"DemandMax":null,"Value":36549},{"Length":176,"Height":207,"Demand":1,"DemandMax":null,"Value":36432},{"Length":138,"Height":263,"Demand":1,"DemandMax":null,"Value":36294},{"Length":157,"Height":231,"Demand":1,"DemandMax":null,"Value":36267},{"Length":167,"Height":217,"Demand":1,"DemandMax":null,"Value":36239},{"Length":156,"Height":232,"Demand":1,"DemandMax":null,"Value":36192},{"Length":266,"Height":136,"Demand":1,"DemandMax":null,"Value":36176},{"Length":256,"Height":141,"Demand":1,"DemandMax":null,"Value":36096},{"Length":169,"Height":213,"Demand":1,"DemandMax":null,"Value":35997},{"Length":132,"Height":272,"Demand":1,"DemandMax":null,"Value":35904},{"Length":223,"Height":161,"Demand":1,"DemandMax":null,"Value":35903},{"Length":263,"Height":136,"Demand":1,"DemandMax":null,"Value":35768},{"Length":154,"Height":232,"Demand":1,"DemandMax":null,"Value":35728},{"Length":170,"Height":210,"Demand":1,"DemandMax":null,"Value":35700},{"Length":214,"Height":166,"Demand":1,"DemandMax":null,"Value":35524},{"Length":219,"Height":162,"Demand":1,"DemandMax":null,"Value":35478},{"Length":197,"Height":180,"Demand":1,"DemandMax":null,"Value":35460},{"Length":177,"Height":200,"Demand":1,"DemandMax":null,"Value":35400},{"Length":297,"Height":119,"Demand":1,"DemandMax":null,"Value":35343},{"Length":155,"Height":228,"Demand":1,"DemandMax":null,"Value":35340},{"Length":247,"Height":143,"Demand":1,"DemandMax":null,"Value":35321},{"Length":261,"Height":135,"Demand":1,"DemandMax":null,"Value":35235},{"Length":129,"Height":273,"Demand":1,"DemandMax":null,"Value":35217},{"Length":121,"Height":291,"Demand":1,"DemandMax":null,"Value":35211},{"Length":233,"Height":151,"Demand":1,"DemandMax":null,"Value":35183},{"Length":277,"Height":127,"Demand":1,"DemandMax":null,"Value":35179},{"Length":281,"Height":125,"Demand":1,"DemandMax":null,"Value":35125},{"Length":228,"Height":154,"Demand":1,"DemandMax":null,"Value":35112},{"Length":262,"Height":134,"Demand":1,"DemandMax":null,"Value":35108},{"Length":180,"Height":195,"Demand":1,"DemandMax":null,"Value":35100},{"Length":234,"Height":150,"Demand":1,"DemandMax":null,"Value":35100},{"Length":178,"Height":197,"Demand":1,"DemandMax":null,"Value":35066},{"Length":163,"Height":215,"Demand":1,"DemandMax":null,"Value":35045},{"Length":287,"Height":122,"Demand":1,"DemandMax":null,"Value":35014},{"Length":185,"Height":189,"Demand":1,"DemandMax":null,"Value":34965},{"Length":172,"Height":203,"Demand":1,"DemandMax":null,"Value":34916},{"Length":225,"Height":155,"Demand":1,"DemandMax":null,"Value":34875},{"Length":234,"Height":149,"Demand":1,"DemandMax":null,"Value":34866},{"Length":117,"Height":298,"Demand":1,"DemandMax":null,"Value":34866},{"Length":166,"Height":210,"Demand":1,"DemandMax":null,"Value":34860},{"Length":134,"Height":260,"Demand":1,"DemandMax":null,"Value":34840},{"Length":258,"Height":135,"Demand":1,"DemandMax":null,"Value":34830},{"Length":185,"Height":188,"Demand":1,"DemandMax":null,"Value":34780},{"Length":212,"Height":164,"Demand":1,"DemandMax":null,"Value":34768},{"Length":144,"Height":241,"Demand":1,"DemandMax":null,"Value":34704},{"Length":247,"Height":140,"Demand":1,"DemandMax":null,"Value":34580},{"Length":124,"Height":278,"Demand":1,"DemandMax":null,"Value":34472},{"Length":242,"Height":142,"Demand":1,"DemandMax":null,"Value":34364},{"Length":166,"Height":207,"Demand":1,"DemandMax":null,"Value":34362},{"Length":124,"Height":277,"Demand":1,"DemandMax":null,"Value":34348},{"Length":148,"Height":232,"Demand":1,"DemandMax":null,"Value":34336},{"Length":195,"Height":176,"Demand":1,"DemandMax":null,"Value":34320},{"Length":146,"Height":235,"Demand":1,"DemandMax":null,"Value":34310},{"Length":213,"Height":161,"Demand":1,"DemandMax":null,"Value":34293},{"Length":168,"Height":204,"Demand":1,"DemandMax":null,"Value":34272},{"Length":224,"Height":153,"Demand":1,"DemandMax":null,"Value":34272},{"Length":274,"Height":125,"Demand":1,"DemandMax":null,"Value":34250},{"Length":185,"Height":185,"Demand":1,"DemandMax":null,"Value":34225},{"Length":241,"Height":142,"Demand":1,"DemandMax":null,"Value":34222},{"Length":123,"Height":278,"Demand":1,"DemandMax":null,"Value":34194},{"Length":223,"Height":153,"Demand":1,"DemandMax":null,"Value":34119},{"Length":116,"Height":294,"Demand":1,"DemandMax":null,"Value":34104},{"Length":131,"Height":260,"Demand":1,"DemandMax":null,"Value":34060},{"Length":115,"Height":296,"Demand":1,"DemandMax":null,"Value":34040},{"Length":143,"Height":238,"Demand":1,"DemandMax":null,"Value":34034},{"Length":189,"Height":180,"Demand":1,"DemandMax":null,"Value":34020},{"Length":162,"Height":210,"Demand":1,"DemandMax":null,"Value":34020},{"Length":222,"Height":153,"Demand":1,"DemandMax":null,"Value":33966},{"Length":283,"Height":120,"Demand":1,"DemandMax":null,"Value":33960},{"Length":162,"Height":209,"Demand":1,"DemandMax":null,"Value":33858},{"Length":188,"Height":180,"Demand":1,"DemandMax":null,"Value":33840},{"Length":247,"Height":137,"Demand":1,"DemandMax":null,"Value":33839},{"Length":225,"Height":150,"Demand":1,"DemandMax":null,"Value":33750},{"Length":125,"Height":270,"Demand":1,"DemandMax":null,"Value":33750},{"Length":286,"Height":118,"Demand":1,"DemandMax":null,"Value":33748},{"Length":236,"Height":142,"Demand":1,"DemandMax":null,"Value":33512},{"Length":113,"Height":296,"Demand":1,"DemandMax":null,"Value":33448},{"Length":281,"Height":119,"Demand":1,"DemandMax":null,"Value":33439},{"Length":244,"Height":137,"Demand":1,"DemandMax":null,"Value":33428},{"Length":205,"Height":163,"Demand":1,"DemandMax":null,"Value":33415},{"Length":224,"Height":149,"Demand":1,"DemandMax":null,"Value":33376},{"Length":187,"Height":178,"Demand":1,"DemandMax":null,"Value":33286},{"Length":252,"Height":132,"Demand":1,"DemandMax":null,"Value":33264},{"Length":174,"Height":191,"Demand":1,"DemandMax":null,"Value":33234},{"Length":237,"Height":140,"Demand":1,"DemandMax":null,"Value":33180},{"Length":242,"Height":137,"Demand":1,"DemandMax":null,"Value":33154},{"Length":150,"Height":221,"Demand":1,"DemandMax":null,"Value":33150},{"Length":119,"Height":278,"Demand":1,"DemandMax":null,"Value":33082},{"Length":212,"Height":156,"Demand":1,"DemandMax":null,"Value":33072},{"Length":258,"Height":128,"Demand":1,"DemandMax":null,"Value":33024},{"Length":241,"Height":137,"Demand":1,"DemandMax":null,"Value":33017},{"Length":164,"Height":201,"Demand":1,"DemandMax":null,"Value":32964},{"Length":154,"Height":214,"Demand":1,"DemandMax":null,"Value":32956},{"Length":237,"Height":139,"Demand":1,"DemandMax":null,"Value":32943},{"Length":163,"Height":202,"Demand":1,"DemandMax":null,"Value":32926},{"Length":159,"Height":207,"Demand":1,"DemandMax":null,"Value":32913},{"Length":187,"Height":176,"Demand":1,"DemandMax":null,"Value":32912},{"Length":240,"Height":137,"Demand":1,"DemandMax":null,"Value":32880},{"Length":117,"Height":281,"Demand":1,"DemandMax":null,"Value":32877},{"Length":216,"Height":152,"Demand":1,"DemandMax":null,"Value":32832},{"Length":258,"Height":127,"Demand":1,"DemandMax":null,"Value":32766},{"Length":234,"Height":140,"Demand":1,"DemandMax":null,"Value":32760},{"Length":185,"Height":177,"Demand":1,"DemandMax":null,"Value":32745},{"Length":176,"Height":186,"Demand":1,"DemandMax":null,"Value":32736},{"Length":167,"Height":196,"Demand":1,"DemandMax":null,"Value":32732},{"Length":123,"Height":266,"Demand":1,"DemandMax":null,"Value":32718},{"Length":135,"Height":242,"Demand":1,"DemandMax":null,"Value":32670},{"Length":117,"Height":279,"Demand":1,"DemandMax":null,"Value":32643},{"Length":126,"Height":259,"Demand":1,"DemandMax":null,"Value":32634},{"Length":182,"Height":179,"Demand":1,"DemandMax":null,"Value":32578},{"Length":115,"Height":283,"Demand":1,"DemandMax":null,"Value":32545},{"Length":239,"Height":136,"Demand":1,"DemandMax":null,"Value":32504},{"Length":113,"Height":287,"Demand":1,"DemandMax":null,"Value":32431},{"Length":150,"Height":216,"Demand":1,"DemandMax":null,"Value":32400},{"Length":182,"Height":178,"Demand":1,"DemandMax":null,"Value":32396},{"Length":159,"Height":203,"Demand":1,"DemandMax":null,"Value":32277},{"Length":283,"Height":114,"Demand":1,"DemandMax":null,"Value":32262},{"Length":192,"Height":168,"Demand":1,"DemandMax":null,"Value":32256},{"Length":215,"Height":150,"Demand":1,"DemandMax":null,"Value":32250},{"Length":142,"Height":227,"Demand":1,"DemandMax":null,"Value":32234},{"Length":204,"Height":158,"Demand":1,"DemandMax":null,"Value":32232},{"Length":293,"Height":110,"Demand":1,"DemandMax":null,"Value":32230},{"Length":117,"Height":275,"Demand":1,"DemandMax":null,"Value":32175},{"Length":240,"Height":134,"Demand":1,"DemandMax":null,"Value":32160},{"Length":153,"Height":210,"Demand":1,"DemandMax":null,"Value":32130},{"Length":223,"Height":144,"Demand":1,"DemandMax":null,"Value":32112},{"Length":140,"Height":229,"Demand":1,"DemandMax":null,"Value":32060},{"Length":222,"Height":144,"Demand":1,"DemandMax":null,"Value":31968},{"Length":264,"Height":121,"Demand":1,"DemandMax":null,"Value":31944},{"Length":128,"Height":249,"Demand":1,"DemandMax":null,"Value":31872},{"Length":181,"Height":176,"Demand":1,"DemandMax":null,"Value":31856},{"Length":122,"Height":261,"Demand":1,"DemandMax":null,"Value":31842},{"Length":234,"Height":136,"Demand":1,"DemandMax":null,"Value":31824},{"Length":169,"Height":188,"Demand":1,"DemandMax":null,"Value":31772},{"Length":237,"Height":134,"Demand":1,"DemandMax":null,"Value":31758},{"Length":107,"Height":296,"Demand":1,"DemandMax":null,"Value":31672},{"Length":204,"Height":155,"Demand":1,"DemandMax":null,"Value":31620},{"Length":282,"Height":112,"Demand":1,"DemandMax":null,"Value":31584},{"Length":157,"Height":201,"Demand":1,"DemandMax":null,"Value":31557},{"Length":132,"Height":239,"Demand":1,"DemandMax":null,"Value":31548},{"Length":182,"Height":173,"Demand":1,"DemandMax":null,"Value":31486},{"Length":183,"Height":172,"Demand":1,"DemandMax":null,"Value":31476},{"Length":132,"Height":238,"Demand":1,"DemandMax":null,"Value":31416},{"Length":134,"Height":234,"Demand":1,"DemandMax":null,"Value":31356},{"Length":227,"Height":138,"Demand":1,"DemandMax":null,"Value":31326},{"Length":155,"Height":202,"Demand":1,"DemandMax":null,"Value":31310},{"Length":233,"Height":134,"Demand":1,"DemandMax":null,"Value":31222},{"Length":234,"Height":133,"Demand":1,"DemandMax":null,"Value":31122},{"Length":154,"Height":202,"Demand":1,"DemandMax":null,"Value":31108},{"Length":261,"Height":119,"Demand":1,"DemandMax":null,"Value":31059},{"Length":270,"Height":115,"Demand":1,"DemandMax":null,"Value":31050},{"Length":169,"Height":183,"Demand":1,"DemandMax":null,"Value":30927},{"Length":145,"Height":213,"Demand":1,"DemandMax":null,"Value":30885},{"Length":197,"Height":156,"Demand":1,"DemandMax":null,"Value":30732},{"Length":152,"Height":202,"Demand":1,"DemandMax":null,"Value":30704},{"Length":104,"Height":295,"Demand":1,"DemandMax":null,"Value":30680},{"Length":106,"Height":289,"Demand":1,"DemandMax":null,"Value":30634},{"Length":232,"Height":132,"Demand":1,"DemandMax":null,"Value":30624},{"Length":286,"Height":107,"Demand":1,"DemandMax":null,"Value":30602},{"Length":191,"Height":160,"Demand":1,"DemandMax":null,"Value":30560},{"Length":270,"Height":113,"Demand":1,"DemandMax":null,"Value":30510},{"Length":285,"Height":107,"Demand":1,"DemandMax":null,"Value":30495},{"Length":224,"Height":136,"Demand":1,"DemandMax":null,"Value":30464},{"Length":175,"Height":174,"Demand":1,"DemandMax":null,"Value":30450},{"Length":181,"Height":168,"Demand":1,"DemandMax":null,"Value":30408},{"Length":116,"Height":262,"Demand":1,"DemandMax":null,"Value":30392},{"Length":135,"Height":225,"Demand":1,"DemandMax":null,"Value":30375},{"Length":146,"Height":208,"Demand":1,"DemandMax":null,"Value":30368},{"Length":292,"Height":104,"Demand":1,"DemandMax":null,"Value":30368},{"Length":112,"Height":271,"Demand":1,"DemandMax":null,"Value":30352},{"Length":133,"Height":228,"Demand":1,"DemandMax":null,"Value":30324},{"Length":215,"Height":141,"Demand":1,"DemandMax":null,"Value":30315},{"Length":273,"Height":111,"Demand":1,"DemandMax":null,"Value":30303},{"Length":218,"Height":139,"Demand":1,"DemandMax":null,"Value":30302},{"Length":193,"Height":157,"Demand":1,"DemandMax":null,"Value":30301},{"Length":202,"Height":150,"Demand":1,"DemandMax":null,"Value":30300},{"Length":268,"Height":113,"Demand":1,"DemandMax":null,"Value":30284},{"Length":188,"Height":161,"Demand":1,"DemandMax":null,"Value":30268},{"Length":114,"Height":265,"Demand":1,"DemandMax":null,"Value":30210},{"Length":227,"Height":133,"Demand":1,"DemandMax":null,"Value":30191},{"Length":282,"Height":107,"Demand":1,"DemandMax":null,"Value":30174},{"Length":147,"Height":205,"Demand":1,"DemandMax":null,"Value":30135},{"Length":249,"Height":121,"Demand":1,"DemandMax":null,"Value":30129},{"Length":120,"Height":251,"Demand":1,"DemandMax":null,"Value":30120},{"Length":156,"Height":193,"Demand":1,"DemandMax":null,"Value":30108},{"Length":101,"Height":298,"Demand":1,"DemandMax":null,"Value":30098},{"Length":295,"Height":102,"Demand":1,"DemandMax":null,"Value":30090},{"Length":138,"Height":218,"Demand":1,"DemandMax":null,"Value":30084},{"Length":160,"Height":188,"Demand":1,"DemandMax":null,"Value":30080},{"Length":165,"Height":182,"Demand":1,"DemandMax":null,"Value":30030},{"Length":112,"Height":268,"Demand":1,"DemandMax":null,"Value":30016},{"Length":211,"Height":142,"Demand":1,"DemandMax":null,"Value":29962},{"Length":175,"Height":171,"Demand":1,"DemandMax":null,"Value":29925},{"Length":105,"Height":285,"Demand":1,"DemandMax":null,"Value":29925},{"Length":245,"Height":122,"Demand":1,"DemandMax":null,"Value":29890},{"Length":215,"Height":139,"Demand":1,"DemandMax":null,"Value":29885},{"Length":241,"Height":124,"Demand":1,"DemandMax":null,"Value":29884},{"Length":206,"Height":145,"Demand":1,"DemandMax":null,"Value":29870},{"Length":290,"Height":103,"Demand":1,"DemandMax":null,"Value":29870},{"Length":274,"Height":109,"Demand":1,"DemandMax":null,"Value":29866},{"Length":269,"Height":111,"Demand":1,"DemandMax":null,"Value":29859},{"Length":203,"Height":147,"Demand":1,"DemandMax":null,"Value":29841},{"Length":192,"Height":155,"Demand":1,"DemandMax":null,"Value":29760},{"Length":130,"Height":228,"Demand":1,"DemandMax":null,"Value":29640},{"Length":282,"Height":105,"Demand":1,"DemandMax":null,"Value":29610},{"Length":226,"Height":131,"Demand":1,"DemandMax":null,"Value":29606},{"Length":255,"Height":116,"Demand":1,"DemandMax":null,"Value":29580},{"Length":111,"Height":266,"Demand":1,"DemandMax":null,"Value":29526},{"Length":121,"Height":244,"Demand":1,"DemandMax":null,"Value":29524},{"Length":180,"Height":164,"Demand":1,"DemandMax":null,"Value":29520},{"Length":205,"Height":144,"Demand":1,"DemandMax":null,"Value":29520},{"Length":240,"Height":123,"Demand":1,"DemandMax":null,"Value":29520},{"Length":163,"Height":181,"Demand":1,"DemandMax":null,"Value":29503},{"Length":292,"Height":101,"Demand":1,"DemandMax":null,"Value":29492},{"Length":286,"Height":103,"Demand":1,"DemandMax":null,"Value":29458},{"Length":196,"Height":150,"Demand":1,"DemandMax":null,"Value":29400},{"Length":291,"Height":101,"Demand":1,"DemandMax":null,"Value":29391},{"Length":118,"Height":249,"Demand":1,"DemandMax":null,"Value":29382},{"Length":125,"Height":235,"Demand":1,"DemandMax":null,"Value":29375},{"Length":185,"Height":158,"Demand":1,"DemandMax":null,"Value":29230},{"Length":185,"Height":157,"Demand":1,"DemandMax":null,"Value":29045},{"Length":156,"Height":186,"Demand":1,"DemandMax":null,"Value":29016},{"Length":105,"Height":276,"Demand":1,"DemandMax":null,"Value":28980},{"Length":241,"Height":120,"Demand":1,"DemandMax":null,"Value":28920},{"Length":112,"Height":258,"Demand":1,"DemandMax":null,"Value":28896},{"Length":231,"Height":125,"Demand":1,"DemandMax":null,"Value":28875},{"Length":242,"Height":119,"Demand":1,"DemandMax":null,"Value":28798},{"Length":230,"Height":125,"Demand":1,"DemandMax":null,"Value":28750},{"Length":270,"Height":106,"Demand":1,"DemandMax":null,"Value":28620},{"Length":260,"Height":110,"Demand":1,"DemandMax":null,"Value":28600},{"Length":215,"Height":133,"Demand":1,"DemandMax":null,"Value":28595},{"Length":182,"Height":157,"Demand":1,"DemandMax":null,"Value":28574},{"Length":264,"Height":108,"Demand":1,"DemandMax":null,"Value":28512},{"Length":103,"Height":276,"Demand":1,"DemandMax":null,"Value":28428},{"Length":145,"Height":196,"Demand":1,"DemandMax":null,"Value":28420},{"Length":123,"Height":231,"Demand":1,"DemandMax":null,"Value":28413},{"Length":172,"Height":165,"Demand":1,"DemandMax":null,"Value":28380},{"Length":154,"Height":184,"Demand":1,"DemandMax":null,"Value":28336},{"Length":272,"Height":104,"Demand":1,"DemandMax":null,"Value":28288},{"Length":277,"Height":102,"Demand":1,"DemandMax":null,"Value":28254},{"Length":144,"Height":196,"Demand":1,"DemandMax":null,"Value":28224},{"Length":130,"Height":217,"Demand":1,"DemandMax":null,"Value":28210},{"Length":131,"Height":215,"Demand":1,"DemandMax":null,"Value":28165},{"Length":147,"Height":191,"Demand":1,"DemandMax":null,"Value":28077},{"Length":121,"Height":232,"Demand":1,"DemandMax":null,"Value":28072},{"Length":122,"Height":230,"Demand":1,"DemandMax":null,"Value":28060},{"Length":246,"Height":114,"Demand":1,"DemandMax":null,"Value":28044},{"Length":140,"Height":200,"Demand":1,"DemandMax":null,"Value":28000},{"Length":231,"Height":121,"Demand":1,"DemandMax":null,"Value":27951},{"Length":123,"Height":227,"Demand":1,"DemandMax":null,"Value":27921},{"Length":276,"Height":101,"Demand":1,"DemandMax":null,"Value":27876},{"Length":105,"Height":265,"Demand":1,"DemandMax":null,"Value":27825},{"Length":178,"Height":156,"Demand":1,"DemandMax":null,"Value":27768},{"Length":204,"Height":136,"Demand":1,"DemandMax":null,"Value":27744},{"Length":198,"Height":140,"Demand":1,"DemandMax":null,"Value":27720},{"Length":164,"Height":169,"Demand":1,"DemandMax":null,"Value":27716},{"Length":269,"Height":103,"Demand":1,"DemandMax":null,"Value":27707},{"Length":161,"Height":172,"Demand":1,"DemandMax":null,"Value":27692},{"Length":138,"Height":200,"Demand":1,"DemandMax":null,"Value":27600},{"Length":141,"Height":195,"Demand":1,"DemandMax":null,"Value":27495},{"Length":216,"Height":127,"Demand":1,"DemandMax":null,"Value":27432},{"Length":249,"Height":110,"Demand":1,"DemandMax":null,"Value":27390},{"Length":218,"Height":125,"Demand":1,"DemandMax":null,"Value":27250},{"Length":106,"Height":257,"Demand":1,"DemandMax":null,"Value":27242},{"Length":102,"Height":267,"Demand":1,"DemandMax":null,"Value":27234},{"Length":162,"Height":168,"Demand":1,"DemandMax":null,"Value":27216},{"Length":124,"Height":219,"Demand":1,"DemandMax":null,"Value":27156},{"Length":257,"Height":104,"Demand":1,"DemandMax":null,"Value":26728},{"Length":151,"Height":177,"Demand":1,"DemandMax":null,"Value":26727},{"Length":178,"Height":150,"Demand":1,"DemandMax":null,"Value":26700},{"Length":114,"Height":234,"Demand":1,"DemandMax":null,"Value":26676},{"Length":229,"Height":116,"Demand":1,"DemandMax":null,"Value":26564},{"Length":190,"Height":139,"Demand":1,"DemandMax":null,"Value":26410},{"Length":203,"Height":130,"Demand":1,"DemandMax":null,"Value":26390},{"Length":157,"Height":168,"Demand":1,"DemandMax":null,"Value":26376},{"Length":178,"Height":148,"Demand":1,"DemandMax":null,"Value":26344},{"Length":258,"Height":102,"Demand":1,"DemandMax":null,"Value":26316},{"Length":237,"Height":111,"Demand":1,"DemandMax":null,"Value":26307},{"Length":137,"Height":192,"Demand":1,"DemandMax":null,"Value":26304},{"Length":243,"Height":108,"Demand":1,"DemandMax":null,"Value":26244},{"Length":157,"Height":167,"Demand":1,"DemandMax":null,"Value":26219},{"Length":107,"Height":245,"Demand":1,"DemandMax":null,"Value":26215},{"Length":247,"Height":106,"Demand":1,"DemandMax":null,"Value":26182},{"Length":102,"Height":256,"Demand":1,"DemandMax":null,"Value":26112},{"Length":261,"Height":100,"Demand":1,"DemandMax":null,"Value":26100},{"Length":159,"Height":164,"Demand":1,"DemandMax":null,"Value":26076},{"Length":118,"Height":220,"Demand":1,"DemandMax":null,"Value":25960},{"Length":162,"Height":160,"Demand":1,"DemandMax":null,"Value":25920},{"Length":159,"Height":163,"Demand":1,"DemandMax":null,"Value":25917},{"Length":124,"Height":209,"Demand":1,"DemandMax":null,"Value":25916},{"Length":227,"Height":114,"Demand":1,"DemandMax":null,"Value":25878},{"Length":133,"Height":194,"Demand":1,"DemandMax":null,"Value":25802},{"Length":232,"Height":111,"Demand":1,"DemandMax":null,"Value":25752},{"Length":222,"Height":116,"Demand":1,"DemandMax":null,"Value":25752},{"Length":245,"Height":105,"Demand":1,"DemandMax":null,"Value":25725},{"Length":121,"Height":212,"Demand":1,"DemandMax":null,"Value":25652},{"Length":210,"Height":121,"Demand":1,"DemandMax":null,"Value":25410},{"Length":175,"Height":145,"Demand":1,"DemandMax":null,"Value":25375},{"Length":101,"Height":251,"Demand":1,"DemandMax":null,"Value":25351},{"Length":102,"Height":248,"Demand":1,"DemandMax":null,"Value":25296},{"Length":156,"Height":162,"Demand":1,"DemandMax":null,"Value":25272},{"Length":120,"Height":210,"Demand":1,"DemandMax":null,"Value":25200},{"Length":139,"Height":181,"Demand":1,"DemandMax":null,"Value":25159},{"Length":198,"Height":127,"Demand":1,"DemandMax":null,"Value":25146},{"Length":196,"Height":128,"Demand":1,"DemandMax":null,"Value":25088},{"Length":120,"Height":209,"Demand":1,"DemandMax":null,"Value":25080},{"Length":183,"Height":137,"Demand":1,"DemandMax":null,"Value":25071},{"Length":144,"Height":174,"Demand":1,"DemandMax":null,"Value":25056},{"Length":139,"Height":180,"Demand":1,"DemandMax":null,"Value":25020},{"Length":135,"Height":185,"Demand":1,"DemandMax":null,"Value":24975},{"Length":247,"Height":101,"Demand":1,"DemandMax":null,"Value":24947},{"Length":154,"Height":161,"Demand":1,"DemandMax":null,"Value":24794},{"Length":129,"Height":192,"Demand":1,"DemandMax":null,"Value":24768},{"Length":101,"Height":245,"Demand":1,"DemandMax":null,"Value":24745},{"Length":235,"Height":105,"Demand":1,"DemandMax":null,"Value":24675},{"Length":237,"Height":104,"Demand":1,"DemandMax":null,"Value":24648},{"Length":155,"Height":159,"Demand":1,"DemandMax":null,"Value":24645},{"Length":191,"Height":129,"Demand":1,"DemandMax":null,"Value":24639},{"Length":131,"Height":188,"Demand":1,"DemandMax":null,"Value":24628},{"Length":133,"Height":184,"Demand":1,"DemandMax":null,"Value":24472},{"Length":194,"Height":126,"Demand":1,"DemandMax":null,"Value":24444},{"Length":132,"Height":185,"Demand":1,"DemandMax":null,"Value":24420},{"Length":192,"Height":127,"Demand":1,"DemandMax":null,"Value":24384},{"Length":167,"Height":146,"Demand":1,"DemandMax":null,"Value":24382},{"Length":136,"Height":179,"Demand":1,"DemandMax":null,"Value":24344},{"Length":117,"Height":208,"Demand":1,"DemandMax":null,"Value":24336},{"Length":155,"Height":157,"Demand":1,"DemandMax":null,"Value":24335},{"Length":159,"Height":153,"Demand":1,"DemandMax":null,"Value":24327},{"Length":206,"Height":118,"Demand":1,"DemandMax":null,"Value":24308},{"Length":107,"Height":227,"Demand":1,"DemandMax":null,"Value":24289},{"Length":106,"Height":229,"Demand":1,"DemandMax":null,"Value":24274},{"Length":140,"Height":173,"Demand":1,"DemandMax":null,"Value":24220},{"Length":170,"Height":142,"Demand":1,"DemandMax":null,"Value":24140},{"Length":187,"Height":129,"Demand":1,"DemandMax":null,"Value":24123},{"Length":147,"Height":164,"Demand":1,"DemandMax":null,"Value":24108},{"Length":140,"Height":172,"Demand":1,"DemandMax":null,"Value":24080},{"Length":143,"Height":168,"Demand":1,"DemandMax":null,"Value":24024},{"Length":180,"Height":133,"Demand":1,"DemandMax":null,"Value":23940},{"Length":114,"Height":210,"Demand":1,"DemandMax":null,"Value":23940},{"Length":208,"Height":115,"Demand":1,"DemandMax":null,"Value":23920},{"Length":167,"Height":143,"Demand":1,"DemandMax":null,"Value":23881},{"Length":162,"Height":147,"Demand":1,"DemandMax":null,"Value":23814},{"Length":130,"Height":183,"Demand":1,"DemandMax":null,"Value":23790},{"Length":125,"Height":190,"Demand":1,"DemandMax":null,"Value":23750},{"Length":224,"Height":106,"Demand":1,"DemandMax":null,"Value":23744},{"Length":169,"Height":140,"Demand":1,"DemandMax":null,"Value":23660},{"Length":101,"Height":234,"Demand":1,"DemandMax":null,"Value":23634},{"Length":153,"Height":154,"Demand":1,"DemandMax":null,"Value":23562},{"Length":141,"Height":167,"Demand":1,"DemandMax":null,"Value":23547},{"Length":101,"Height":233,"Demand":1,"DemandMax":null,"Value":23533},{"Length":137,"Height":171,"Demand":1,"DemandMax":null,"Value":23427},{"Length":106,"Height":221,"Demand":1,"DemandMax":null,"Value":23426},{"Length":160,"Height":146,"Demand":1,"DemandMax":null,"Value":23360},{"Length":107,"Height":218,"Demand":1,"DemandMax":null,"Value":23326},{"Length":201,"Height":116,"Demand":1,"DemandMax":null,"Value":23316},{"Length":151,"Height":154,"Demand":1,"DemandMax":null,"Value":23254},{"Length":107,"Height":217,"Demand":1,"DemandMax":null,"Value":23219},{"Length":149,"Height":155,"Demand":1,"DemandMax":null,"Value":23095},{"Length":103,"Height":224,"Demand":1,"DemandMax":null,"Value":23072},{"Length":195,"Height":118,"Demand":1,"DemandMax":null,"Value":23010},{"Length":166,"Height":138,"Demand":1,"DemandMax":null,"Value":22908},{"Length":176,"Height":130,"Demand":1,"DemandMax":null,"Value":22880},{"Length":189,"Height":121,"Demand":1,"DemandMax":null,"Value":22869},{"Length":153,"Height":149,"Demand":1,"DemandMax":null,"Value":22797},{"Length":143,"Height":159,"Demand":1,"DemandMax":null,"Value":22737},{"Length":136,"Height":167,"Demand":1,"DemandMax":null,"Value":22712},{"Length":113,"Height":200,"Demand":1,"DemandMax":null,"Value":22600},{"Length":226,"Height":100,"Demand":1,"DemandMax":null,"Value":22600},{"Length":104,"Height":217,"Demand":1,"DemandMax":null,"Value":22568},{"Length":203,"Height":111,"Demand":1,"DemandMax":null,"Value":22533},{"Length":190,"Height":118,"Demand":1,"DemandMax":null,"Value":22420},{"Length":149,"Height":150,"Demand":1,"DemandMax":null,"Value":22350},{"Length":173,"Height":129,"Demand":1,"DemandMax":null,"Value":22317},{"Length":160,"Height":139,"Demand":1,"DemandMax":null,"Value":22240},{"Length":178,"Height":124,"Demand":1,"DemandMax":null,"Value":22072},{"Length":147,"Height":150,"Demand":1,"DemandMax":null,"Value":22050},{"Length":212,"Height":104,"Demand":1,"DemandMax":null,"Value":22048},{"Length":168,"Height":131,"Demand":1,"DemandMax":null,"Value":22008},{"Length":173,"Height":127,"Demand":1,"DemandMax":null,"Value":21971},{"Length":131,"Height":166,"Demand":1,"DemandMax":null,"Value":21746},{"Length":167,"Height":130,"Demand":1,"DemandMax":null,"Value":21710},{"Length":109,"Height":199,"Demand":1,"DemandMax":null,"Value":21691},{"Length":172,"Height":126,"Demand":1,"DemandMax":null,"Value":21672},{"Length":116,"Height":186,"Demand":1,"DemandMax":null,"Value":21576},{"Length":154,"Height":140,"Demand":1,"DemandMax":null,"Value":21560},{"Length":103,"Height":208,"Demand":1,"DemandMax":null,"Value":21424},{"Length":214,"Height":100,"Demand":1,"DemandMax":null,"Value":21400},{"Length":143,"Height":149,"Demand":1,"DemandMax":null,"Value":21307},{"Length":129,"Height":165,"Demand":1,"DemandMax":null,"Value":21285},{"Length":185,"Height":115,"Demand":1,"DemandMax":null,"Value":21275},{"Length":202,"Height":104,"Demand":1,"DemandMax":null,"Value":21008},{"Length":161,"Height":130,"Demand":1,"DemandMax":null,"Value":20930},{"Length":149,"Height":139,"Demand":1,"DemandMax":null,"Value":20711},{"Length":102,"Height":202,"Demand":1,"DemandMax":null,"Value":20604},{"Length":145,"Height":142,"Demand":1,"DemandMax":null,"Value":20590},{"Length":126,"Height":163,"Demand":1,"DemandMax":null,"Value":20538},{"Length":133,"Height":154,"Demand":1,"DemandMax":null,"Value":20482},{"Length":143,"Height":143,"Demand":1,"DemandMax":null,"Value":20449},{"Length":116,"Height":176,"Demand":1,"DemandMax":null,"Value":20416},{"Length":137,"Height":149,"Demand":1,"DemandMax":null,"Value":20413},{"Length":162,"Height":126,"Demand":1,"DemandMax":null,"Value":20412},{"Length":140,"Height":145,"Demand":1,"DemandMax":null,"Value":20300},{"Length":166,"Height":122,"Demand":1,"DemandMax":null,"Value":20252},{"Length":177,"Height":114,"Demand":1,"DemandMax":null,"Value":20178},{"Length":129,"Height":156,"Demand":1,"DemandMax":null,"Value":20124},{"Length":158,"Height":127,"Demand":1,"DemandMax":null,"Value":20066},{"Length":160,"Height":125,"Demand":1,"DemandMax":null,"Value":20000},{"Length":115,"Height":173,"Demand":1,"DemandMax":null,"Value":19895},{"Length":122,"Height":162,"Demand":1,"DemandMax":null,"Value":19764},{"Length":119,"Height":166,"Demand":1,"DemandMax":null,"Value":19754},{"Length":141,"Height":140,"Demand":1,"DemandMax":null,"Value":19740},{"Length":155,"Height":127,"Demand":1,"DemandMax":null,"Value":19685},{"Length":137,"Height":143,"Demand":1,"DemandMax":null,"Value":19591},{"Length":162,"Height":120,"Demand":1,"DemandMax":null,"Value":19440},{"Length":180,"Height":108,"Demand":1,"DemandMax":null,"Value":19440},{"Length":113,"Height":172,"Demand":1,"DemandMax":null,"Value":19436},{"Length":158,"Height":123,"Demand":1,"DemandMax":null,"Value":19434},{"Length":194,"Height":100,"Demand":1,"DemandMax":null,"Value":19400},{"Length":112,"Height":173,"Demand":1,"DemandMax":null,"Value":19376},{"Length":155,"Height":125,"Demand":1,"DemandMax":null,"Value":19375},{"Length":140,"Height":138,"Demand":1,"DemandMax":null,"Value":19320},{"Length":100,"Height":193,"Demand":1,"DemandMax":null,"Value":19300},{"Length":115,"Height":167,"Demand":1,"DemandMax":null,"Value":19205},{"Length":116,"Height":164,"Demand":1,"DemandMax":null,"Value":19024},{"Length":100,"Height":190,"Demand":1,"DemandMax":null,"Value":19000},{"Length":111,"Height":171,"Demand":1,"DemandMax":null,"Value":18981},{"Length":134,"Height":140,"Demand":1,"DemandMax":null,"Value":18760},{"Length":115,"Height":162,"Demand":1,"DemandMax":null,"Value":18630},{"Length":140,"Height":133,"Demand":1,"DemandMax":null,"Value":18620},{"Length":163,"Height":113,"Demand":1,"DemandMax":null,"Value":18419},{"Length":175,"Height":105,"Demand":1,"DemandMax":null,"Value":18375},{"Length":156,"Height":117,"Demand":1,"DemandMax":null,"Value":18252},{"Length":134,"Height":136,"Demand":1,"DemandMax":null,"Value":18224},{"Length":161,"Height":113,"Demand":1,"DemandMax":null,"Value":18193},{"Length":136,"Height":133,"Demand":1,"DemandMax":null,"Value":18088},{"Length":106,"Height":170,"Demand":1,"DemandMax":null,"Value":18020},{"Length":113,"Height":159,"Demand":1,"DemandMax":null,"Value":17967},{"Length":178,"Height":100,"Demand":1,"DemandMax":null,"Value":17800},{"Length":121,"Height":146,"Demand":1,"DemandMax":null,"Value":17666},{"Length":176,"Height":100,"Demand":1,"DemandMax":null,"Value":17600},{"Length":144,"Height":121,"Demand":1,"DemandMax":null,"Value":17424},{"Length":135,"Height":129,"Demand":1,"DemandMax":null,"Value":17415},{"Length":155,"Height":112,"Demand":1,"DemandMax":null,"Value":17360},{"Length":124,"Height":140,"Demand":1,"DemandMax":null,"Value":17360},{"Length":159,"Height":109,"Demand":1,"DemandMax":null,"Value":17331},{"Length":149,"Height":116,"Demand":1,"DemandMax":null,"Value":17284},{"Length":135,"Height":128,"Demand":1,"DemandMax":null,"Value":17280},{"Length":107,"Height":161,"Demand":1,"DemandMax":null,"Value":17227},{"Length":100,"Height":171,"Demand":1,"DemandMax":null,"Value":17100},{"Length":151,"Height":113,"Demand":1,"DemandMax":null,"Value":17063},{"Length":116,"Height":147,"Demand":1,"DemandMax":null,"Value":17052},{"Length":114,"Height":149,"Demand":1,"DemandMax":null,"Value":16986},{"Length":146,"Height":116,"Demand":1,"DemandMax":null,"Value":16936},{"Length":162,"Height":103,"Demand":1,"DemandMax":null,"Value":16686},{"Length":104,"Height":160,"Demand":1,"DemandMax":null,"Value":16640},{"Length":166,"Height":100,"Demand":1,"DemandMax":null,"Value":16600},{"Length":120,"Height":138,"Demand":1,"DemandMax":null,"Value":16560},{"Length":143,"Height":115,"Demand":1,"DemandMax":null,"Value":16445},{"Length":133,"Height":123,"Demand":1,"DemandMax":null,"Value":16359},{"Length":150,"Height":109,"Demand":1,"DemandMax":null,"Value":16350},{"Length":103,"Height":158,"Demand":1,"DemandMax":null,"Value":16274},{"Length":152,"Height":107,"Demand":1,"DemandMax":null,"Value":16264},{"Length":161,"Height":101,"Demand":1,"DemandMax":null,"Value":16261},{"Length":153,"Height":106,"Demand":1,"DemandMax":null,"Value":16218},{"Length":143,"Height":113,"Demand":1,"DemandMax":null,"Value":16159},{"Length":128,"Height":126,"Demand":1,"DemandMax":null,"Value":16128},{"Length":131,"Height":123,"Demand":1,"DemandMax":null,"Value":16113},{"Length":159,"Height":101,"Demand":1,"DemandMax":null,"Value":16059},{"Length":135,"Height":118,"Demand":1,"DemandMax":null,"Value":15930},{"Length":143,"Height":110,"Demand":1,"DemandMax":null,"Value":15730},{"Length":139,"Height":113,"Demand":1,"DemandMax":null,"Value":15707},{"Length":110,"Height":142,"Demand":1,"DemandMax":null,"Value":15620},{"Length":102,"Height":153,"Demand":1,"DemandMax":null,"Value":15606},{"Length":138,"Height":112,"Demand":1,"DemandMax":null,"Value":15456},{"Length":132,"Height":115,"Demand":1,"DemandMax":null,"Value":15180},{"Length":109,"Height":137,"Demand":1,"DemandMax":null,"Value":14933},{"Length":128,"Height":116,"Demand":1,"DemandMax":null,"Value":14848},{"Length":131,"Height":112,"Demand":1,"DemandMax":null,"Value":14672},{"Length":132,"Height":111,"Demand":1,"DemandMax":null,"Value":14652},{"Length":129,"Height":112,"Demand":1,"DemandMax":null,"Value":14448},{"Length":104,"Height":138,"Demand":1,"DemandMax":null,"Value":14352},{"Length":116,"Height":122,"Demand":1,"DemandMax":null,"Value":14152},{"Length":136,"Height":104,"Demand":1,"DemandMax":null,"Value":14144},{"Length":116,"Height":118,"Demand":1,"DemandMax":null,"Value":13688},{"Length":113,"Height":120,"Demand":1,"DemandMax":null,"Value":13560},{"Length":109,"Height":123,"Demand":1,"DemandMax":null,"Value":13407},{"Length":134,"Height":100,"Demand":1,"DemandMax":null,"Value":13400},{"Length":103,"Height":130,"Demand":1,"DemandMax":null,"Value":13390},{"Length":126,"Height":106,"Demand":1,"DemandMax":null,"Value":13356},{"Length":132,"Height":101,"Demand":1,"DemandMax":null,"Value":13332},{"Length":118,"Height":111,"Demand":1,"DemandMax":null,"Value":13098},{"Length":126,"Height":103,"Demand":1,"DemandMax":null,"Value":12978},{"Length":120,"Height":108,"Demand":1,"DemandMax":null,"Value":12960},{"Length":121,"Height":106,"Demand":1,"DemandMax":null,"Value":12826},{"Length":109,"Height":115,"Demand":1,"DemandMax":null,"Value":12535},{"Length":119,"Height":104,"Demand":1,"DemandMax":null,"Value":12376},{"Length":106,"Height":116,"Demand":1,"DemandMax":null,"Value":12296},{"Length":113,"Height":108,"Demand":1,"DemandMax":null,"Value":12204},{"Length":100,"Height":118,"Demand":1,"DemandMax":null,"Value":11800},{"Length":107,"Height":107,"Demand":1,"DemandMax":null,"Value":11449},{"Length":111,"Height":101,"Demand":1,"DemandMax":null,"Value":11211},{"Length":103,"Height":108,"Demand":1,"DemandMax":null,"Value":11124},{"Length":111,"Height":100,"Demand":1,"DemandMax":null,"Value":11100},{"Length":102,"Height":106,"Demand":1,"DemandMax":null,"Value":10812}]}