{"Name":"AH211","Objects":[{"Length":1000,"Height":2266,"Stock":null,"Cost":2266000}],"Items":[{"Length":90,"Height":85,"Demand":10,"DemandMax":null,"Value":7650},{"Length":86,"Height":86,"Demand":10,"DemandMax":null,"Value":7396},{"Length":84,"Height":86,"Demand":10,"DemandMax":null,"Value":7224},{"Length":79,"Height":87,"Demand":10,"DemandMax":null,"Value":6873},{"Length":79,"Height":82,"Demand":10,"DemandMax":null,"Value":6478},{"Length":80,"Height":78,"Demand":10,"DemandMax":null,"Value":6240},{"Length":70,"Height":79,"Demand":10,"DemandMax":null,"Value":5530},{"Length":58,"Height":86,"Demand":10,"DemandMax":null,"Value":4988},{"Length":67,"Height":74,"Demand":10,"DemandMax":null,"Value":4958},{"Length":60,"Height":82,"Demand":10,"DemandMax":null,"Value":4920},{"Length":74,"Height":60,"Demand":10,"DemandMax":null,"Value":4440},{"Length":49,"Height":89,"Demand":10,"DemandMax":null,"Value":4361},{"Length":70,"Height":61,"Demand":10,"DemandMax":null,"Value":4270},{"Length":59,"Height":69,"Demand":10,"DemandMax":null,"Value":4071},{"Length":74,"Height":55,"Demand":10,"DemandMax":null,"Value":4070},{"Length":58,"Height":70,"Demand":10,"DemandMax":null,"Value":4060},{"Length":82,"Height":49,"Demand":10,"DemandMax":null,"Value":4018},{"Length":65,"Height":60,"Demand":10,"DemandMax":null,"Value":3900},{"Length":52,"Height":71,"Demand":10,"DemandMax":null,"Value":3692},{"Length":76,"Height":48,"Demand":10,"DemandMax":null,"Value":3648},{"Length":81,"Height":44,"Demand":10,"DemandMax":null,"Value":3564},{"Length":74,"Height":48,"Demand":10,"DemandMax":null,"Value":3552},{"Length":48,"Height":72,"Demand":10,"DemandMax":null,"Value":3456},{"Length":50,"Height":69,"Demand":10,"DemandMax":null,"Value":3450},{"Length":71,"Height":48,"Demand":10,"DemandMax":null,"Value":3408},{"Length":46,"Height":73,"Demand":10,"DemandMax":null,"Value":3358},{"Length":57,"Height":56,"Demand":10,"DemandMax":null,"Value":3192},{"Length":39,"Height":78,"Demand":10,"DemandMax":null,"Value":3042},{"Length":52,"Height":56,"Demand":10,"DemandMax":null,"Value":2912},{"Length":67,"Height":41,"Demand":10,"DemandMax":null,"Value":2747},{"Length":61,"Height":45,"Demand":10,"DemandMax":null,"Value":2745},{"Length":65,"Height":41,"Demand":10,"DemandMax":null,"Value":2665},{"Length":37,"Height":72,"Demand":10,"DemandMax":null,"Value":2664},{"Length":36,"Height":73,"Demand":10,"DemandMax":null,"Value":2628},{"Length":50,"Height":52,"Demand":10,"DemandMax":null,"Value":2600},{"Length":37,"Height":69,"Demand":10,"DemandMax":null,"Value":2553},{"Length":31,"Height":81,"Demand":10,"DemandMax":null,"Value":2511},{"Length":33,"Height":71,"Demand":10,"DemandMax":null,"Value":2343},{"Length":28,"Height":83,"Demand":10,"DemandMax":null,"Value":2324},{"Length":59,"Height":37,"Demand":10,"DemandMax":null,"Value":2183},{"Length":33,"Height":64,"Demand":10,"DemandMax":null,"Value":2112},{"Length":30,"Height":69,"Demand":10,"DemandMax":null,"Value":2070},{"Length":79,"Height":26,"Demand":10,"DemandMax":null,"Value":2054},{"Length":66,"Height":31,"Demand":10,"DemandMax":null,"Value":2046},{"Length":51,"Height":39,"Demand":10,"DemandMax":null,"Value":1989},{"Length":30,"Height":65,"Demand":10,"DemandMax":null,"Value":1950},{"Length":57,"Height":34,"Demand":10,"DemandMax":null,"Value":1938},{"Length":84,"Height":23,"Demand":10,"DemandMax":null,"Value":1932},{"Length":40,"Height":48,"Demand":10,"DemandMax":null,"Value":1920},{"Length":20,"Height":90,"Demand":10,"DemandMax":null,"Value":1800},{"Length":30,"Height":58,"Demand":10,"DemandMax":null,"Value":1740},{"Length":69,"Height":24,"Demand":10,"DemandMax":null,"Value":1656},{"Length":21,"Height":78,"Demand":10,"DemandMax":null,"Value":1638},{"Length":89,"Height":18,"Demand":10,"DemandMax":null,"Value":1602},{"Length":49,"Height":31,"Demand":10,"DemandMax":null,"Value":1519},{"Length":44,"Height":34,"Demand":10,"DemandMax":null,"Value":1496},{"Length":19,"Height":77,"Demand":10,"DemandMax":null,"Value":1463},{"Length":63,"Height":23,"Demand":10,"DemandMax":null,"Value":1449},{"Length":53,"Height":27,"Demand":10,"DemandMax":null,"Value":1431},{"Length":23,"Height":62,"Demand":10,"DemandMax":null,"Value":1426},{"Length":38,"Height":37,"Demand":10,"DemandMax":null,"Value":1406},{"Length":26,"Height":53,"Demand":10,"DemandMax":null,"Value":1378},{"Length":86,"Height":16,"Demand":10,"DemandMax":null,"Value":1376},{"Length":42,"Height":32,"Demand":10,"DemandMax":null,"Value":1344},{"Length":18,"Height":74,"Demand":10,"DemandMax":null,"Value":1332},{"Length":16,"Height":78,"Demand":10,"DemandMax":null,"Value":1248},{"Length":17,"Height":70,"Demand":10,"DemandMax":null,"Value":1190},{"Length":26,"Height":45,"Demand":10,"DemandMax":null,"Value":1170},{"Length":13,"Height":89,"Demand":10,"DemandMax":null,"Value":1157},{"Length":14,"Height":82,"Demand":10,"DemandMax":null,"Value":1148},{"Length":22,"Height":52,"Demand":10,"DemandMax":null,"Value":1144},{"Length":72,"Height":15,"Demand":10,"DemandMax":null,"Value":1080},{"Length":18,"Height":57,"Demand":10,"DemandMax":null,"Value":1026},{"Length":42,"Height":24,"Demand":10,"DemandMax":null,"Value":1008},{"Length":83,"Height":10,"Demand":10,"DemandMax":null,"Value":830},{"Length":12,"Height":69,"Demand":10,"DemandMax":null,"Value":828},{"Length":40,"Height":20,"Demand":10,"DemandMax":null,"Value":800},{"Length":66,"Height":12,"Demand":10,"DemandMax":null,"Value":792},{"Length":14,"Height":55,"Demand":10,"DemandMax":null,"Value":770},{"Length":16,"Height":47,"Demand":10,"DemandMax":null,"Value":752},{"Length":32,"Height":23,"Demand":10,"DemandMax":null,"Value":736},{"Length":15,"Height":49,"Demand":10,"DemandMax":null,"Value":735},{"Length":9,"Height":80,"Demand":10,"DemandMax":null,"Value":720},{"Length":31,"Height":22,"Demand":10,"DemandMax":null,"Value":682},{"Length":23,"Height":27,"Demand":10,"DemandMax":null,"Value":621},{"Length":28,"Height":19,"Demand":10,"DemandMax":null,"Value":532},{"Length":6,"Height":81,"Demand":10,"DemandMax":null,"Value":486},{"Length":10,"Height":46,"Demand":10,"DemandMax":null,"Value":460},{"Length":20,"Height":22,"Demand":10,"DemandMax":null,"Value":440},{"Length":18,"Height":24,"Demand":10,"DemandMax":null,"Value":432},{"Length":6,"Height":71,"Demand":10,"DemandMax":null,"Value":426},{"Length":6,"Height":68,"Demand":10,"DemandMax":null,"Value":408},{"Length":18,"Height":22,"Demand":10,"DemandMax":null,"Value":396},{"Length":26,"Height":15,"Demand":10,"DemandMax":null,"Value":390},{"Length":8,"Height":42,"Demand":10,"DemandMax":null,"Value":336},{"Length":6,"Height":54,"Demand":10,"DemandMax":null,"Value":324},{"Length":23,"Height":13,"Demand":10,"DemandMax":null,"Value":299},{"Length":27,"Height":6,"Demand":10,"DemandMax":null,"Value":162},{"Length":6,"Height":24,"Demand":10,"DemandMax":null,"Value":144},{"Length":8,"Height":10,"Demand":10,"DemandMax":null,"Value":80}]}