{"Name":"AH292","Objects":[{"Length":1000,"Height":39038,"Stock":null,"Cost":39038000}],"Items":[{"Length":373,"Height":373,"Demand":1,"DemandMax":null,"Value":139129},{"Length":372,"Height":374,"Demand":1,"DemandMax":null,"Value":139128},{"Length":352,"Height":375,"Demand":1,"DemandMax":null,"Value":132000},{"Length":359,"Height":367,"Demand":1,"DemandMax":null,"Value":131753},{"Length":365,"Height":359,"Demand":1,"DemandMax":null,"Value":131035},{"Length":352,"Height":371,"Demand":1,"DemandMax":null,"Value":130592},{"Length":369,"Height":351,"Demand":1,"DemandMax":null,"Value":129519},{"Length":370,"Height":350,"Demand":1,"DemandMax":null,"Value":129500},{"Length":345,"Height":375,"Demand":1,"DemandMax":null,"Value":129375},{"Length":344,"Height":368,"Demand":1,"DemandMax":null,"Value":126592},{"Length":371,"Height":341,"Demand":1,"DemandMax":null,"Value":126511},{"Length":350,"Height":361,"Demand":1,"DemandMax":null,"Value":126350},{"Length":338,"Height":369,"Demand":1,"DemandMax":null,"Value":124722},{"Length":351,"Height":355,"Demand":1,"DemandMax":null,"Value":124605},{"Length":361,"Height":342,"Demand":1,"DemandMax":null,"Value":123462},{"Length":367,"Height":332,"Demand":1,"DemandMax":null,"Value":121844},{"Length":371,"Height":327,"Demand":1,"DemandMax":null,"Value":121317},{"Length":340,"Height":355,"Demand":1,"DemandMax":null,"Value":120700},{"Length":359,"Height":334,"Demand":1,"DemandMax":null,"Value":119906},{"Length":356,"Height":333,"Demand":1,"DemandMax":null,"Value":118548},{"Length":353,"Height":335,"Demand":1,"DemandMax":null,"Value":118255},{"Length":340,"Height":337,"Demand":1,"DemandMax":null,"Value":114580},{"Length":358,"Height":319,"Demand":1,"DemandMax":null,"Value":114202},{"Length":372,"Height":306,"Demand":1,"DemandMax":null,"Value":113832},{"Length":328,"Height":342,"Demand":1,"DemandMax":null,"Value":112176},{"Length":360,"Height":308,"Demand":1,"DemandMax":null,"Value":110880},{"Length":361,"Height":303,"Demand":1,"DemandMax":null,"Value":109383},{"Length":314,"Height":348,"Demand":1,"DemandMax":null,"Value":109272},{"Length":305,"Height":357,"Demand":1,"DemandMax":null,"Value":108885},{"Length":369,"Height":295,"Demand":1,"DemandMax":null,"Value":108855},{"Length":320,"Height":340,"Demand":1,"DemandMax":null,"Value":108800},{"Length":337,"Height":321,"Demand":1,"DemandMax":null,"Value":108177},{"Length":323,"Height":332,"Demand":1,"DemandMax":null,"Value":107236},{"Length":371,"Height":288,"Demand":1,"DemandMax":null,"Value":106848},{"Length":322,"Height":330,"Demand":1,"DemandMax":null,"Value":106260},{"Length":347,"Height":306,"Demand":1,"DemandMax":null,"Value":106182},{"Length":304,"Height":349,"Demand":1,"DemandMax":null,"Value":106096},{"Length":296,"Height":356,"Demand":1,"DemandMax":null,"Value":105376},{"Length":321,"Height":328,"Demand":1,"DemandMax":null,"Value":105288},{"Length":323,"Height":325,"Demand":1,"DemandMax":null,"Value":104975},{"Length":283,"Height":370,"Demand":1,"DemandMax":null,"Value":104710},{"Length":308,"Height":331,"Demand":1,"DemandMax":null,"Value":101948},{"Length":274,"Height":372,"Demand":1,"DemandMax":null,"Value":101928},{"Length":342,"Height":298,"Demand":1,"DemandMax":null,"Value":101916},{"Length":273,"Height":372,"Demand":1,"DemandMax":null,"Value":101556},{"Length":351,"Height":289,"Demand":1,"DemandMax":null,"Value":101439},{"Length":375,"Height":270,"Demand":1,"DemandMax":null,"Value":101250},{"Length":374,"Height":270,"Demand":1,"DemandMax":null,"Value":100980},{"Length":363,"Height":277,"Demand":1,"DemandMax":null,"Value":100551},{"Length":279,"Height":360,"Demand":1,"DemandMax":null,"Value":100440},{"Length":351,"Height":285,"Demand":1,"DemandMax":null,"Value":100035},{"Length":374,"Height":266,"Demand":1,"DemandMax":null,"Value":99484},{"Length":343,"Height":288,"Demand":1,"DemandMax":null,"Value":98784},{"Length":329,"Height":300,"Demand":1,"DemandMax":null,"Value":98700},{"Length":320,"Height":308,"Demand":1,"DemandMax":null,"Value":98560},{"Length":293,"Height":336,"Demand":1,"DemandMax":null,"Value":98448},{"Length":333,"Height":295,"Demand":1,"DemandMax":null,"Value":98235},{"Length":303,"Height":324,"Demand":1,"DemandMax":null,"Value":98172},{"Length":309,"Height":317,"Demand":1,"DemandMax":null,"Value":97953},{"Length":316,"Height":309,"Demand":1,"DemandMax":null,"Value":97644},{"Length":280,"Height":348,"Demand":1,"DemandMax":null,"Value":97440},{"Length":266,"Height":366,"Demand":1,"DemandMax":null,"Value":97356},{"Length":264,"Height":367,"Demand":1,"DemandMax":null,"Value":96888},{"Length":261,"Height":370,"Demand":1,"DemandMax":null,"Value":96570},{"Length":288,"Height":335,"Demand":1,"DemandMax":null,"Value":96480},{"Length":331,"Height":291,"Demand":1,"DemandMax":null,"Value":96321},{"Length":372,"Height":258,"Demand":1,"DemandMax":null,"Value":95976},{"Length":310,"Height":309,"Demand":1,"DemandMax":null,"Value":95790},{"Length":301,"Height":317,"Demand":1,"DemandMax":null,"Value":95417},{"Length":367,"Height":259,"Demand":1,"DemandMax":null,"Value":95053},{"Length":273,"Height":348,"Demand":1,"DemandMax":null,"Value":95004},{"Length":335,"Height":283,"Demand":1,"DemandMax":null,"Value":94805},{"Length":347,"Height":273,"Demand":1,"DemandMax":null,"Value":94731},{"Length":286,"Height":330,"Demand":1,"DemandMax":null,"Value":94380},{"Length":321,"Height":294,"Demand":1,"DemandMax":null,"Value":94374},{"Length":304,"Height":310,"Demand":1,"DemandMax":null,"Value":94240},{"Length":262,"Height":358,"Demand":1,"DemandMax":null,"Value":93796},{"Length":321,"Height":291,"Demand":1,"DemandMax":null,"Value":93411},{"Length":258,"Height":361,"Demand":1,"DemandMax":null,"Value":93138},{"Length":375,"Height":248,"Demand":1,"DemandMax":null,"Value":93000},{"Length":327,"Height":283,"Demand":1,"DemandMax":null,"Value":92541},{"Length":320,"Height":288,"Demand":1,"DemandMax":null,"Value":92160},{"Length":292,"Height":315,"Demand":1,"DemandMax":null,"Value":91980},{"Length":359,"Height":256,"Demand":1,"DemandMax":null,"Value":91904},{"Length":269,"Height":341,"Demand":1,"DemandMax":null,"Value":91729},{"Length":312,"Height":294,"Demand":1,"DemandMax":null,"Value":91728},{"Length":325,"Height":281,"Demand":1,"DemandMax":null,"Value":91325},{"Length":278,"Height":327,"Demand":1,"DemandMax":null,"Value":90906},{"Length":292,"Height":310,"Demand":1,"DemandMax":null,"Value":90520},{"Length":341,"Height":264,"Demand":1,"DemandMax":null,"Value":90024},{"Length":253,"Height":355,"Demand":1,"DemandMax":null,"Value":89815},{"Length":250,"Height":359,"Demand":1,"DemandMax":null,"Value":89750},{"Length":341,"Height":263,"Demand":1,"DemandMax":null,"Value":89683},{"Length":330,"Height":271,"Demand":1,"DemandMax":null,"Value":89430},{"Length":300,"Height":297,"Demand":1,"DemandMax":null,"Value":89100},{"Length":295,"Height":301,"Demand":1,"DemandMax":null,"Value":88795},{"Length":338,"Height":261,"Demand":1,"DemandMax":null,"Value":88218},{"Length":295,"Height":299,"Demand":1,"DemandMax":null,"Value":88205},{"Length":278,"Height":317,"Demand":1,"DemandMax":null,"Value":88126},{"Length":293,"Height":297,"Demand":1,"DemandMax":null,"Value":87021},{"Length":288,"Height":302,"Demand":1,"DemandMax":null,"Value":86976},{"Length":350,"Height":246,"Demand":1,"DemandMax":null,"Value":86100},{"Length":297,"Height":289,"Demand":1,"DemandMax":null,"Value":85833},{"Length":332,"Height":258,"Demand":1,"DemandMax":null,"Value":85656},{"Length":309,"Height":277,"Demand":1,"DemandMax":null,"Value":85593},{"Length":251,"Height":341,"Demand":1,"DemandMax":null,"Value":85591},{"Length":230,"Height":372,"Demand":1,"DemandMax":null,"Value":85560},{"Length":361,"Height":236,"Demand":1,"DemandMax":null,"Value":85196},{"Length":291,"Height":292,"Demand":1,"DemandMax":null,"Value":84972},{"Length":239,"Height":354,"Demand":1,"DemandMax":null,"Value":84606},{"Length":246,"Height":343,"Demand":1,"DemandMax":null,"Value":84378},{"Length":373,"Height":226,"Demand":1,"DemandMax":null,"Value":84298},{"Length":279,"Height":301,"Demand":1,"DemandMax":null,"Value":83979},{"Length":264,"Height":317,"Demand":1,"DemandMax":null,"Value":83688},{"Length":319,"Height":260,"Demand":1,"DemandMax":null,"Value":82940},{"Length":305,"Height":268,"Demand":1,"DemandMax":null,"Value":81740},{"Length":272,"Height":300,"Demand":1,"DemandMax":null,"Value":81600},{"Length":374,"Height":218,"Demand":1,"DemandMax":null,"Value":81532},{"Length":355,"Height":228,"Demand":1,"DemandMax":null,"Value":80940},{"Length":252,"Height":320,"Demand":1,"DemandMax":null,"Value":80640},{"Length":219,"Height":366,"Demand":1,"DemandMax":null,"Value":80154},{"Length":245,"Height":327,"Demand":1,"DemandMax":null,"Value":80115},{"Length":233,"Height":343,"Demand":1,"DemandMax":null,"Value":79919},{"Length":227,"Height":352,"Demand":1,"DemandMax":null,"Value":79904},{"Length":301,"Height":265,"Demand":1,"DemandMax":null,"Value":79765},{"Length":293,"Height":271,"Demand":1,"DemandMax":null,"Value":79403},{"Length":238,"Height":332,"Demand":1,"DemandMax":null,"Value":79016},{"Length":337,"Height":234,"Demand":1,"DemandMax":null,"Value":78858},{"Length":294,"Height":267,"Demand":1,"DemandMax":null,"Value":78498},{"Length":341,"Height":229,"Demand":1,"DemandMax":null,"Value":78089},{"Length":363,"Height":215,"Demand":1,"DemandMax":null,"Value":78045},{"Length":216,"Height":361,"Demand":1,"DemandMax":null,"Value":77976},{"Length":365,"Height":212,"Demand":1,"DemandMax":null,"Value":77380},{"Length":254,"Height":303,"Demand":1,"DemandMax":null,"Value":76962},{"Length":326,"Height":235,"Demand":1,"DemandMax":null,"Value":76610},{"Length":370,"Height":207,"Demand":1,"DemandMax":null,"Value":76590},{"Length":296,"Height":257,"Demand":1,"DemandMax":null,"Value":76072},{"Length":235,"Height":323,"Demand":1,"DemandMax":null,"Value":75905},{"Length":215,"Height":352,"Demand":1,"DemandMax":null,"Value":75680},{"Length":326,"Height":232,"Demand":1,"DemandMax":null,"Value":75632},{"Length":234,"Height":321,"Demand":1,"DemandMax":null,"Value":75114},{"Length":258,"Height":291,"Demand":1,"DemandMax":null,"Value":75078},{"Length":352,"Height":213,"Demand":1,"DemandMax":null,"Value":74976},{"Length":300,"Height":249,"Demand":1,"DemandMax":null,"Value":74700},{"Length":268,"Height":278,"Demand":1,"DemandMax":null,"Value":74504},{"Length":275,"Height":270,"Demand":1,"DemandMax":null,"Value":74250},{"Length":318,"Height":233,"Demand":1,"DemandMax":null,"Value":74094},{"Length":306,"Height":242,"Demand":1,"DemandMax":null,"Value":74052},{"Length":356,"Height":208,"Demand":1,"DemandMax":null,"Value":74048},{"Length":219,"Height":338,"Demand":1,"DemandMax":null,"Value":74022},{"Length":230,"Height":320,"Demand":1,"DemandMax":null,"Value":73600},{"Length":279,"Height":263,"Demand":1,"DemandMax":null,"Value":73377},{"Length":329,"Height":223,"Demand":1,"DemandMax":null,"Value":73367},{"Length":203,"Height":360,"Demand":1,"DemandMax":null,"Value":73080},{"Length":319,"Height":229,"Demand":1,"DemandMax":null,"Value":73051},{"Length":308,"Height":237,"Demand":1,"DemandMax":null,"Value":72996},{"Length":247,"Height":294,"Demand":1,"DemandMax":null,"Value":72618},{"Length":224,"Height":324,"Demand":1,"DemandMax":null,"Value":72576},{"Length":214,"Height":337,"Demand":1,"DemandMax":null,"Value":72118},{"Length":221,"Height":325,"Demand":1,"DemandMax":null,"Value":71825},{"Length":228,"Height":315,"Demand":1,"DemandMax":null,"Value":71820},{"Length":276,"Height":260,"Demand":1,"DemandMax":null,"Value":71760},{"Length":205,"Height":350,"Demand":1,"DemandMax":null,"Value":71750},{"Length":304,"Height":236,"Demand":1,"DemandMax":null,"Value":71744},{"Length":198,"Height":362,"Demand":1,"DemandMax":null,"Value":71676},{"Length":310,"Height":231,"Demand":1,"DemandMax":null,"Value":71610},{"Length":271,"Height":264,"Demand":1,"DemandMax":null,"Value":71544},{"Length":275,"Height":260,"Demand":1,"DemandMax":null,"Value":71500},{"Length":249,"Height":286,"Demand":1,"DemandMax":null,"Value":71214},{"Length":315,"Height":226,"Demand":1,"DemandMax":null,"Value":71190},{"Length":190,"Height":374,"Demand":1,"DemandMax":null,"Value":71060},{"Length":372,"Height":191,"Demand":1,"DemandMax":null,"Value":71052},{"Length":303,"Height":234,"Demand":1,"DemandMax":null,"Value":70902},{"Length":236,"Height":299,"Demand":1,"DemandMax":null,"Value":70564},{"Length":192,"Height":365,"Demand":1,"DemandMax":null,"Value":70080},{"Length":318,"Height":220,"Demand":1,"DemandMax":null,"Value":69960},{"Length":282,"Height":248,"Demand":1,"DemandMax":null,"Value":69936},{"Length":336,"Height":208,"Demand":1,"DemandMax":null,"Value":69888},{"Length":208,"Height":335,"Demand":1,"DemandMax":null,"Value":69680},{"Length":194,"Height":359,"Demand":1,"DemandMax":null,"Value":69646},{"Length":196,"Height":354,"Demand":1,"DemandMax":null,"Value":69384},{"Length":216,"Height":318,"Demand":1,"DemandMax":null,"Value":68688},{"Length":373,"Height":184,"Demand":1,"DemandMax":null,"Value":68632},{"Length":266,"Height":258,"Demand":1,"DemandMax":null,"Value":68628},{"Length":251,"Height":273,"Demand":1,"DemandMax":null,"Value":68523},{"Length":221,"Height":310,"Demand":1,"DemandMax":null,"Value":68510},{"Length":309,"Height":221,"Demand":1,"DemandMax":null,"Value":68289},{"Length":206,"Height":330,"Demand":1,"DemandMax":null,"Value":67980},{"Length":338,"Height":201,"Demand":1,"DemandMax":null,"Value":67938},{"Length":193,"Height":351,"Demand":1,"DemandMax":null,"Value":67743},{"Length":207,"Height":327,"Demand":1,"DemandMax":null,"Value":67689},{"Length":218,"Height":310,"Demand":1,"DemandMax":null,"Value":67580},{"Length":328,"Height":206,"Demand":1,"DemandMax":null,"Value":67568},{"Length":185,"Height":365,"Demand":1,"DemandMax":null,"Value":67525},{"Length":291,"Height":232,"Demand":1,"DemandMax":null,"Value":67512},{"Length":295,"Height":228,"Demand":1,"DemandMax":null,"Value":67260},{"Length":294,"Height":228,"Demand":1,"DemandMax":null,"Value":67032},{"Length":239,"Height":279,"Demand":1,"DemandMax":null,"Value":66681},{"Length":228,"Height":291,"Demand":1,"DemandMax":null,"Value":66348},{"Length":351,"Height":188,"Demand":1,"DemandMax":null,"Value":65988},{"Length":200,"Height":329,"Demand":1,"DemandMax":null,"Value":65800},{"Length":293,"Height":222,"Demand":1,"DemandMax":null,"Value":65046},{"Length":289,"Height":225,"Demand":1,"DemandMax":null,"Value":65025},{"Length":332,"Height":195,"Demand":1,"DemandMax":null,"Value":64740},{"Length":286,"Height":226,"Demand":1,"DemandMax":null,"Value":64636},{"Length":186,"Height":347,"Demand":1,"DemandMax":null,"Value":64542},{"Length":375,"Height":172,"Demand":1,"DemandMax":null,"Value":64500},{"Length":300,"Height":214,"Demand":1,"DemandMax":null,"Value":64200},{"Length":230,"Height":279,"Demand":1,"DemandMax":null,"Value":64170},{"Length":247,"Height":259,"Demand":1,"DemandMax":null,"Value":63973},{"Length":265,"Height":241,"Demand":1,"DemandMax":null,"Value":63865},{"Length":358,"Height":178,"Demand":1,"DemandMax":null,"Value":63724},{"Length":333,"Height":191,"Demand":1,"DemandMax":null,"Value":63603},{"Length":265,"Height":240,"Demand":1,"DemandMax":null,"Value":63600},{"Length":266,"Height":238,"Demand":1,"DemandMax":null,"Value":63308},{"Length":315,"Height":200,"Demand":1,"DemandMax":null,"Value":63000},{"Length":197,"Height":317,"Demand":1,"DemandMax":null,"Value":62449},{"Length":260,"Height":240,"Demand":1,"DemandMax":null,"Value":62400},{"Length":257,"Height":242,"Demand":1,"DemandMax":null,"Value":62194},{"Length":190,"Height":326,"Demand":1,"DemandMax":null,"Value":61940},{"Length":231,"Height":268,"Demand":1,"DemandMax":null,"Value":61908},{"Length":296,"Height":209,"Demand":1,"DemandMax":null,"Value":61864},{"Length":256,"Height":241,"Demand":1,"DemandMax":null,"Value":61696},{"Length":370,"Height":166,"Demand":1,"DemandMax":null,"Value":61420},{"Length":339,"Height":181,"Demand":1,"DemandMax":null,"Value":61359},{"Length":164,"Height":373,"Demand":1,"DemandMax":null,"Value":61172},{"Length":182,"Height":336,"Demand":1,"DemandMax":null,"Value":61152},{"Length":315,"Height":194,"Demand":1,"DemandMax":null,"Value":61110},{"Length":352,"Height":173,"Demand":1,"DemandMax":null,"Value":60896},{"Length":319,"Height":189,"Demand":1,"DemandMax":null,"Value":60291},{"Length":322,"Height":187,"Demand":1,"DemandMax":null,"Value":60214},{"Length":288,"Height":209,"Demand":1,"DemandMax":null,"Value":60192},{"Length":215,"Height":278,"Demand":1,"DemandMax":null,"Value":59770},{"Length":189,"Height":314,"Demand":1,"DemandMax":null,"Value":59346},{"Length":174,"Height":341,"Demand":1,"DemandMax":null,"Value":59334},{"Length":195,"Height":304,"Demand":1,"DemandMax":null,"Value":59280},{"Length":338,"Height":175,"Demand":1,"DemandMax":null,"Value":59150},{"Length":215,"Height":274,"Demand":1,"DemandMax":null,"Value":58910},{"Length":345,"Height":170,"Demand":1,"DemandMax":null,"Value":58650},{"Length":351,"Height":166,"Demand":1,"DemandMax":null,"Value":58266},{"Length":205,"Height":283,"Demand":1,"DemandMax":null,"Value":58015},{"Length":170,"Height":340,"Demand":1,"DemandMax":null,"Value":57800},{"Length":258,"Height":224,"Demand":1,"DemandMax":null,"Value":57792},{"Length":341,"Height":169,"Demand":1,"DemandMax":null,"Value":57629},{"Length":256,"Height":225,"Demand":1,"DemandMax":null,"Value":57600},{"Length":303,"Height":189,"Demand":1,"DemandMax":null,"Value":57267},{"Length":252,"Height":227,"Demand":1,"DemandMax":null,"Value":57204},{"Length":166,"Height":344,"Demand":1,"DemandMax":null,"Value":57104},{"Length":363,"Height":157,"Demand":1,"DemandMax":null,"Value":56991},{"Length":341,"Height":167,"Demand":1,"DemandMax":null,"Value":56947},{"Length":355,"Height":160,"Demand":1,"DemandMax":null,"Value":56800},{"Length":248,"Height":228,"Demand":1,"DemandMax":null,"Value":56544},{"Length":214,"Height":264,"Demand":1,"DemandMax":null,"Value":56496},{"Length":297,"Height":190,"Demand":1,"DemandMax":null,"Value":56430},{"Length":350,"Height":161,"Demand":1,"DemandMax":null,"Value":56350},{"Length":302,"Height":186,"Demand":1,"DemandMax":null,"Value":56172},{"Length":187,"Height":300,"Demand":1,"DemandMax":null,"Value":56100},{"Length":196,"Height":286,"Demand":1,"DemandMax":null,"Value":56056},{"Length":149,"Height":375,"Demand":1,"DemandMax":null,"Value":55875},{"Length":187,"Height":295,"Demand":1,"DemandMax":null,"Value":55165},{"Length":148,"Height":370,"Demand":1,"DemandMax":null,"Value":54760},{"Length":275,"Height":199,"Demand":1,"DemandMax":null,"Value":54725},{"Length":227,"Height":241,"Demand":1,"DemandMax":null,"Value":54707},{"Length":366,"Height":149,"Demand":1,"DemandMax":null,"Value":54534},{"Length":264,"Height":206,"Demand":1,"DemandMax":null,"Value":54384},{"Length":212,"Height":256,"Demand":1,"DemandMax":null,"Value":54272},{"Length":179,"Height":303,"Demand":1,"DemandMax":null,"Value":54237},{"Length":171,"Height":317,"Demand":1,"DemandMax":null,"Value":54207},{"Length":362,"Height":149,"Demand":1,"DemandMax":null,"Value":53938},{"Length":335,"Height":161,"Demand":1,"DemandMax":null,"Value":53935},{"Length":336,"Height":160,"Demand":1,"DemandMax":null,"Value":53760},{"Length":182,"Height":294,"Demand":1,"DemandMax":null,"Value":53508},{"Length":344,"Height":155,"Demand":1,"DemandMax":null,"Value":53320},{"Length":226,"Height":235,"Demand":1,"DemandMax":null,"Value":53110},{"Length":247,"Height":215,"Demand":1,"DemandMax":null,"Value":53105},{"Length":148,"Height":356,"Demand":1,"DemandMax":null,"Value":52688},{"Length":306,"Height":172,"Demand":1,"DemandMax":null,"Value":52632},{"Length":239,"Height":220,"Demand":1,"DemandMax":null,"Value":52580},{"Length":165,"Height":318,"Demand":1,"DemandMax":null,"Value":52470},{"Length":204,"Height":257,"Demand":1,"DemandMax":null,"Value":52428},{"Length":301,"Height":174,"Demand":1,"DemandMax":null,"Value":52374},{"Length":140,"Height":373,"Demand":1,"DemandMax":null,"Value":52220},{"Length":146,"Height":357,"Demand":1,"DemandMax":null,"Value":52122},{"Length":168,"Height":310,"Demand":1,"DemandMax":null,"Value":52080},{"Length":149,"Height":349,"Demand":1,"DemandMax":null,"Value":52001},{"Length":230,"Height":226,"Demand":1,"DemandMax":null,"Value":51980},{"Length":147,"Height":352,"Demand":1,"DemandMax":null,"Value":51744},{"Length":306,"Height":169,"Demand":1,"DemandMax":null,"Value":51714},{"Length":288,"Height":179,"Demand":1,"DemandMax":null,"Value":51552},{"Length":148,"Height":347,"Demand":1,"DemandMax":null,"Value":51356},{"Length":317,"Height":162,"Demand":1,"DemandMax":null,"Value":51354},{"Length":364,"Height":141,"Demand":1,"DemandMax":null,"Value":51324},{"Length":316,"Height":162,"Demand":1,"DemandMax":null,"Value":51192},{"Length":214,"Height":238,"Demand":1,"DemandMax":null,"Value":50932},{"Length":167,"Height":304,"Demand":1,"DemandMax":null,"Value":50768},{"Length":290,"Height":175,"Demand":1,"DemandMax":null,"Value":50750},{"Length":182,"Height":278,"Demand":1,"DemandMax":null,"Value":50596},{"Length":240,"Height":210,"Demand":1,"DemandMax":null,"Value":50400},{"Length":183,"Height":275,"Demand":1,"DemandMax":null,"Value":50325},{"Length":136,"Height":370,"Demand":1,"DemandMax":null,"Value":50320},{"Length":177,"Height":284,"Demand":1,"DemandMax":null,"Value":50268},{"Length":186,"Height":269,"Demand":1,"DemandMax":null,"Value":50034},{"Length":145,"Height":345,"Demand":1,"DemandMax":null,"Value":50025},{"Length":338,"Height":148,"Demand":1,"DemandMax":null,"Value":50024},{"Length":144,"Height":346,"Demand":1,"DemandMax":null,"Value":49824},{"Length":136,"Height":366,"Demand":1,"DemandMax":null,"Value":49776},{"Length":159,"Height":312,"Demand":1,"DemandMax":null,"Value":49608},{"Length":190,"Height":261,"Demand":1,"DemandMax":null,"Value":49590},{"Length":332,"Height":149,"Demand":1,"DemandMax":null,"Value":49468},{"Length":157,"Height":315,"Demand":1,"DemandMax":null,"Value":49455},{"Length":354,"Height":138,"Demand":1,"DemandMax":null,"Value":48852},{"Length":178,"Height":274,"Demand":1,"DemandMax":null,"Value":48772},{"Length":209,"Height":233,"Demand":1,"DemandMax":null,"Value":48697},{"Length":133,"Height":366,"Demand":1,"DemandMax":null,"Value":48678},{"Length":214,"Height":227,"Demand":1,"DemandMax":null,"Value":48578},{"Length":228,"Height":213,"Demand":1,"DemandMax":null,"Value":48564},{"Length":195,"Height":249,"Demand":1,"DemandMax":null,"Value":48555},{"Length":142,"Height":340,"Demand":1,"DemandMax":null,"Value":48280},{"Length":294,"Height":164,"Demand":1,"DemandMax":null,"Value":48216},{"Length":188,"Height":256,"Demand":1,"DemandMax":null,"Value":48128},{"Length":171,"Height":281,"Demand":1,"DemandMax":null,"Value":48051},{"Length":148,"Height":324,"Demand":1,"DemandMax":null,"Value":47952},{"Length":135,"Height":355,"Demand":1,"DemandMax":null,"Value":47925},{"Length":146,"Height":328,"Demand":1,"DemandMax":null,"Value":47888},{"Length":195,"Height":244,"Demand":1,"DemandMax":null,"Value":47580},{"Length":315,"Height":151,"Demand":1,"DemandMax":null,"Value":47565},{"Length":209,"Height":227,"Demand":1,"DemandMax":null,"Value":47443},{"Length":336,"Height":141,"Demand":1,"DemandMax":null,"Value":47376},{"Length":148,"Height":319,"Demand":1,"DemandMax":null,"Value":47212},{"Length":173,"Height":272,"Demand":1,"DemandMax":null,"Value":47056},{"Length":223,"Height":211,"Demand":1,"DemandMax":null,"Value":47053},{"Length":285,"Height":165,"Demand":1,"DemandMax":null,"Value":47025},{"Length":133,"Height":353,"Demand":1,"DemandMax":null,"Value":46949},{"Length":375,"Height":125,"Demand":1,"DemandMax":null,"Value":46875},{"Length":279,"Height":168,"Demand":1,"DemandMax":null,"Value":46872},{"Length":249,"Height":188,"Demand":1,"DemandMax":null,"Value":46812},{"Length":314,"Height":149,"Demand":1,"DemandMax":null,"Value":46786},{"Length":142,"Height":329,"Demand":1,"DemandMax":null,"Value":46718},{"Length":226,"Height":206,"Demand":1,"DemandMax":null,"Value":46556},{"Length":269,"Height":173,"Demand":1,"DemandMax":null,"Value":46537},{"Length":282,"Height":165,"Demand":1,"DemandMax":null,"Value":46530},{"Length":188,"Height":247,"Demand":1,"DemandMax":null,"Value":46436},{"Length":139,"Height":333,"Demand":1,"DemandMax":null,"Value":46287},{"Length":321,"Height":144,"Demand":1,"DemandMax":null,"Value":46224},{"Length":134,"Height":344,"Demand":1,"DemandMax":null,"Value":46096},{"Length":231,"Height":199,"Demand":1,"DemandMax":null,"Value":45969},{"Length":142,"Height":323,"Demand":1,"DemandMax":null,"Value":45866},{"Length":214,"Height":214,"Demand":1,"DemandMax":null,"Value":45796},{"Length":244,"Height":186,"Demand":1,"DemandMax":null,"Value":45384},{"Length":180,"Height":252,"Demand":1,"DemandMax":null,"Value":45360},{"Length":133,"Height":340,"Demand":1,"DemandMax":null,"Value":45220},{"Length":312,"Height":144,"Demand":1,"DemandMax":null,"Value":44928},{"Length":327,"Height":137,"Demand":1,"DemandMax":null,"Value":44799},{"Length":160,"Height":279,"Demand":1,"DemandMax":null,"Value":44640},{"Length":311,"Height":143,"Demand":1,"DemandMax":null,"Value":44473},{"Length":329,"Height":135,"Demand":1,"DemandMax":null,"Value":44415},{"Length":118,"Height":375,"Demand":1,"DemandMax":null,"Value":44250},{"Length":162,"Height":273,"Demand":1,"DemandMax":null,"Value":44226},{"Length":222,"Height":198,"Demand":1,"DemandMax":null,"Value":43956},{"Length":254,"Height":173,"Demand":1,"DemandMax":null,"Value":43942},{"Length":224,"Height":196,"Demand":1,"DemandMax":null,"Value":43904},{"Length":118,"Height":371,"Demand":1,"DemandMax":null,"Value":43778},{"Length":236,"Height":185,"Demand":1,"DemandMax":null,"Value":43660},{"Length":352,"Height":124,"Demand":1,"DemandMax":null,"Value":43648},{"Length":338,"Height":129,"Demand":1,"DemandMax":null,"Value":43602},{"Length":180,"Height":242,"Demand":1,"DemandMax":null,"Value":43560},{"Length":363,"Height":120,"Demand":1,"DemandMax":null,"Value":43560},{"Length":179,"Height":243,"Demand":1,"DemandMax":null,"Value":43497},{"Length":127,"Height":342,"Demand":1,"DemandMax":null,"Value":43434},{"Length":282,"Height":154,"Demand":1,"DemandMax":null,"Value":43428},{"Length":305,"Height":142,"Demand":1,"DemandMax":null,"Value":43310},{"Length":210,"Height":206,"Demand":1,"DemandMax":null,"Value":43260},{"Length":226,"Height":191,"Demand":1,"DemandMax":null,"Value":43166},{"Length":250,"Height":172,"Demand":1,"DemandMax":null,"Value":43000},{"Length":176,"Height":244,"Demand":1,"DemandMax":null,"Value":42944},{"Length":245,"Height":175,"Demand":1,"DemandMax":null,"Value":42875},{"Length":152,"Height":282,"Demand":1,"DemandMax":null,"Value":42864},{"Length":208,"Height":206,"Demand":1,"DemandMax":null,"Value":42848},{"Length":329,"Height":130,"Demand":1,"DemandMax":null,"Value":42770},{"Length":210,"Height":203,"Demand":1,"DemandMax":null,"Value":42630},{"Length":198,"Height":215,"Demand":1,"DemandMax":null,"Value":42570},{"Length":303,"Height":140,"Demand":1,"DemandMax":null,"Value":42420},{"Length":195,"Height":217,"Demand":1,"DemandMax":null,"Value":42315},{"Length":239,"Height":177,"Demand":1,"DemandMax":null,"Value":42303},{"Length":133,"Height":318,"Demand":1,"DemandMax":null,"Value":42294},{"Length":218,"Height":194,"Demand":1,"DemandMax":null,"Value":42292},{"Length":175,"Height":241,"Demand":1,"DemandMax":null,"Value":42175},{"Length":319,"Height":132,"Demand":1,"DemandMax":null,"Value":42108},{"Length":179,"Height":235,"Demand":1,"DemandMax":null,"Value":42065},{"Length":292,"Height":144,"Demand":1,"DemandMax":null,"Value":42048},{"Length":146,"Height":288,"Demand":1,"DemandMax":null,"Value":42048},{"Length":365,"Height":115,"Demand":1,"DemandMax":null,"Value":41975},{"Length":185,"Height":226,"Demand":1,"DemandMax":null,"Value":41810},{"Length":189,"Height":221,"Demand":1,"DemandMax":null,"Value":41769},{"Length":368,"Height":113,"Demand":1,"DemandMax":null,"Value":41584},{"Length":255,"Height":163,"Demand":1,"DemandMax":null,"Value":41565},{"Length":323,"Height":128,"Demand":1,"DemandMax":null,"Value":41344},{"Length":198,"Height":208,"Demand":1,"DemandMax":null,"Value":41184},{"Length":178,"Height":231,"Demand":1,"DemandMax":null,"Value":41118},{"Length":161,"Height":255,"Demand":1,"DemandMax":null,"Value":41055},{"Length":320,"Height":128,"Demand":1,"DemandMax":null,"Value":40960},{"Length":330,"Height":124,"Demand":1,"DemandMax":null,"Value":40920},{"Length":112,"Height":364,"Demand":1,"DemandMax":null,"Value":40768},{"Length":131,"Height":310,"Demand":1,"DemandMax":null,"Value":40610},{"Length":287,"Height":141,"Demand":1,"DemandMax":null,"Value":40467},{"Length":203,"Height":197,"Demand":1,"DemandMax":null,"Value":39991},{"Length":207,"Height":193,"Demand":1,"DemandMax":null,"Value":39951},{"Length":210,"Height":189,"Demand":1,"DemandMax":null,"Value":39690},{"Length":117,"Height":339,"Demand":1,"DemandMax":null,"Value":39663},{"Length":148,"Height":267,"Demand":1,"DemandMax":null,"Value":39516},{"Length":265,"Height":149,"Demand":1,"DemandMax":null,"Value":39485},{"Length":375,"Height":105,"Demand":1,"DemandMax":null,"Value":39375},{"Length":132,"Height":295,"Demand":1,"DemandMax":null,"Value":38940},{"Length":135,"Height":286,"Demand":1,"DemandMax":null,"Value":38610},{"Length":129,"Height":298,"Demand":1,"DemandMax":null,"Value":38442},{"Length":153,"Height":251,"Demand":1,"DemandMax":null,"Value":38403},{"Length":324,"Height":118,"Demand":1,"DemandMax":null,"Value":38232},{"Length":148,"Height":258,"Demand":1,"DemandMax":null,"Value":38184},{"Length":115,"Height":331,"Demand":1,"DemandMax":null,"Value":38065},{"Length":366,"Height":104,"Demand":1,"DemandMax":null,"Value":38064},{"Length":166,"Height":229,"Demand":1,"DemandMax":null,"Value":38014},{"Length":258,"Height":147,"Demand":1,"DemandMax":null,"Value":37926},{"Length":190,"Height":199,"Demand":1,"DemandMax":null,"Value":37810},{"Length":117,"Height":323,"Demand":1,"DemandMax":null,"Value":37791},{"Length":257,"Height":147,"Demand":1,"DemandMax":null,"Value":37779},{"Length":115,"Height":328,"Demand":1,"DemandMax":null,"Value":37720},{"Length":190,"Height":198,"Demand":1,"DemandMax":null,"Value":37620},{"Length":361,"Height":104,"Demand":1,"DemandMax":null,"Value":37544},{"Length":124,"Height":302,"Demand":1,"DemandMax":null,"Value":37448},{"Length":314,"Height":119,"Demand":1,"DemandMax":null,"Value":37366},{"Length":226,"Height":165,"Demand":1,"DemandMax":null,"Value":37290},{"Length":113,"Height":329,"Demand":1,"DemandMax":null,"Value":37177},{"Length":113,"Height":328,"Demand":1,"DemandMax":null,"Value":37064},{"Length":130,"Height":284,"Demand":1,"DemandMax":null,"Value":36920},{"Length":305,"Height":121,"Demand":1,"DemandMax":null,"Value":36905},{"Length":179,"Height":206,"Demand":1,"DemandMax":null,"Value":36874},{"Length":259,"Height":141,"Demand":1,"DemandMax":null,"Value":36519},{"Length":201,"Height":180,"Demand":1,"DemandMax":null,"Value":36180},{"Length":353,"Height":102,"Demand":1,"DemandMax":null,"Value":36006},{"Length":168,"Height":214,"Demand":1,"DemandMax":null,"Value":35952},{"Length":113,"Height":318,"Demand":1,"DemandMax":null,"Value":35934},{"Length":155,"Height":231,"Demand":1,"DemandMax":null,"Value":35805},{"Length":303,"Height":118,"Demand":1,"DemandMax":null,"Value":35754},{"Length":110,"Height":325,"Demand":1,"DemandMax":null,"Value":35750},{"Length":154,"Height":232,"Demand":1,"DemandMax":null,"Value":35728},{"Length":262,"Height":136,"Demand":1,"DemandMax":null,"Value":35632},{"Length":315,"Height":113,"Demand":1,"DemandMax":null,"Value":35595},{"Length":97,"Height":366,"Demand":1,"DemandMax":null,"Value":35502},{"Length":118,"Height":298,"Demand":1,"DemandMax":null,"Value":35164},{"Length":236,"Height":149,"Demand":1,"DemandMax":null,"Value":35164},{"Length":109,"Height":322,"Demand":1,"DemandMax":null,"Value":35098},{"Length":131,"Height":267,"Demand":1,"DemandMax":null,"Value":34977},{"Length":356,"Height":98,"Demand":1,"DemandMax":null,"Value":34888},{"Length":119,"Height":293,"Demand":1,"DemandMax":null,"Value":34867},{"Length":110,"Height":316,"Demand":1,"DemandMax":null,"Value":34760},{"Length":296,"Height":117,"Demand":1,"DemandMax":null,"Value":34632},{"Length":105,"Height":329,"Demand":1,"DemandMax":null,"Value":34545},{"Length":164,"Height":210,"Demand":1,"DemandMax":null,"Value":34440},{"Length":350,"Height":98,"Demand":1,"DemandMax":null,"Value":34300},{"Length":152,"Height":225,"Demand":1,"DemandMax":null,"Value":34200},{"Length":256,"Height":133,"Demand":1,"DemandMax":null,"Value":34048},{"Length":230,"Height":148,"Demand":1,"DemandMax":null,"Value":34040},{"Length":182,"Height":187,"Demand":1,"DemandMax":null,"Value":34034},{"Length":233,"Height":146,"Demand":1,"DemandMax":null,"Value":34018},{"Length":290,"Height":117,"Demand":1,"DemandMax":null,"Value":33930},{"Length":325,"Height":104,"Demand":1,"DemandMax":null,"Value":33800},{"Length":96,"Height":347,"Demand":1,"DemandMax":null,"Value":33312},{"Length":373,"Height":89,"Demand":1,"DemandMax":null,"Value":33197},{"Length":272,"Height":122,"Demand":1,"DemandMax":null,"Value":33184},{"Length":117,"Height":282,"Demand":1,"DemandMax":null,"Value":32994},{"Length":202,"Height":163,"Demand":1,"DemandMax":null,"Value":32926},{"Length":117,"Height":281,"Demand":1,"DemandMax":null,"Value":32877},{"Length":348,"Height":94,"Demand":1,"DemandMax":null,"Value":32712},{"Length":211,"Height":154,"Demand":1,"DemandMax":null,"Value":32494},{"Length":287,"Height":113,"Demand":1,"DemandMax":null,"Value":32431},{"Length":148,"Height":219,"Demand":1,"DemandMax":null,"Value":32412},{"Length":158,"Height":205,"Demand":1,"DemandMax":null,"Value":32390},{"Length":93,"Height":347,"Demand":1,"DemandMax":null,"Value":32271},{"Length":96,"Height":336,"Demand":1,"DemandMax":null,"Value":32256},{"Length":137,"Height":235,"Demand":1,"DemandMax":null,"Value":32195},{"Length":201,"Height":160,"Demand":1,"DemandMax":null,"Value":32160},{"Length":170,"Height":189,"Demand":1,"DemandMax":null,"Value":32130},{"Length":131,"Height":245,"Demand":1,"DemandMax":null,"Value":32095},{"Length":279,"Height":114,"Demand":1,"DemandMax":null,"Value":31806},{"Length":373,"Height":85,"Demand":1,"DemandMax":null,"Value":31705},{"Length":187,"Height":169,"Demand":1,"DemandMax":null,"Value":31603},{"Length":91,"Height":347,"Demand":1,"DemandMax":null,"Value":31577},{"Length":201,"Height":157,"Demand":1,"DemandMax":null,"Value":31557},{"Length":104,"Height":302,"Demand":1,"DemandMax":null,"Value":31408},{"Length":179,"Height":175,"Demand":1,"DemandMax":null,"Value":31325},{"Length":199,"Height":157,"Demand":1,"DemandMax":null,"Value":31243},{"Length":227,"Height":136,"Demand":1,"DemandMax":null,"Value":30872},{"Length":87,"Height":354,"Demand":1,"DemandMax":null,"Value":30798},{"Length":84,"Height":365,"Demand":1,"DemandMax":null,"Value":30660},{"Length":352,"Height":86,"Demand":1,"DemandMax":null,"Value":30272},{"Length":148,"Height":203,"Demand":1,"DemandMax":null,"Value":30044},{"Length":341,"Height":88,"Demand":1,"DemandMax":null,"Value":30008},{"Length":311,"Height":96,"Demand":1,"DemandMax":null,"Value":29856},{"Length":271,"Height":110,"Demand":1,"DemandMax":null,"Value":29810},{"Length":330,"Height":90,"Demand":1,"DemandMax":null,"Value":29700},{"Length":101,"Height":294,"Demand":1,"DemandMax":null,"Value":29694},{"Length":130,"Height":228,"Demand":1,"DemandMax":null,"Value":29640},{"Length":161,"Height":183,"Demand":1,"DemandMax":null,"Value":29463},{"Length":172,"Height":171,"Demand":1,"DemandMax":null,"Value":29412},{"Length":164,"Height":179,"Demand":1,"DemandMax":null,"Value":29356},{"Length":129,"Height":227,"Demand":1,"DemandMax":null,"Value":29283},{"Length":103,"Height":284,"Demand":1,"DemandMax":null,"Value":29252},{"Length":117,"Height":249,"Demand":1,"DemandMax":null,"Value":29133},{"Length":251,"Height":116,"Demand":1,"DemandMax":null,"Value":29116},{"Length":147,"Height":198,"Demand":1,"DemandMax":null,"Value":29106},{"Length":342,"Height":85,"Demand":1,"DemandMax":null,"Value":29070},{"Length":185,"Height":157,"Demand":1,"DemandMax":null,"Value":29045},{"Length":302,"Height":96,"Demand":1,"DemandMax":null,"Value":28992},{"Length":181,"Height":160,"Demand":1,"DemandMax":null,"Value":28960},{"Length":137,"Height":211,"Demand":1,"DemandMax":null,"Value":28907},{"Length":128,"Height":225,"Demand":1,"DemandMax":null,"Value":28800},{"Length":288,"Height":100,"Demand":1,"DemandMax":null,"Value":28800},{"Length":102,"Height":282,"Demand":1,"DemandMax":null,"Value":28764},{"Length":173,"Height":166,"Demand":1,"DemandMax":null,"Value":28718},{"Length":93,"Height":308,"Demand":1,"DemandMax":null,"Value":28644},{"Length":111,"Height":257,"Demand":1,"DemandMax":null,"Value":28527},{"Length":279,"Height":102,"Demand":1,"DemandMax":null,"Value":28458},{"Length":220,"Height":129,"Demand":1,"DemandMax":null,"Value":28380},{"Length":197,"Height":144,"Demand":1,"DemandMax":null,"Value":28368},{"Length":79,"Height":359,"Demand":1,"DemandMax":null,"Value":28361},{"Length":205,"Height":138,"Demand":1,"DemandMax":null,"Value":28290},{"Length":367,"Height":77,"Demand":1,"DemandMax":null,"Value":28259},{"Length":199,"Height":142,"Demand":1,"DemandMax":null,"Value":28258},{"Length":89,"Height":311,"Demand":1,"DemandMax":null,"Value":27679},{"Length":144,"Height":192,"Demand":1,"DemandMax":null,"Value":27648},{"Length":306,"Height":90,"Demand":1,"DemandMax":null,"Value":27540},{"Length":327,"Height":84,"Demand":1,"DemandMax":null,"Value":27468},{"Length":124,"Height":221,"Demand":1,"DemandMax":null,"Value":27404},{"Length":190,"Height":144,"Demand":1,"DemandMax":null,"Value":27360},{"Length":96,"Height":284,"Demand":1,"DemandMax":null,"Value":27264},{"Length":134,"Height":203,"Demand":1,"DemandMax":null,"Value":27202},{"Length":131,"Height":207,"Demand":1,"DemandMax":null,"Value":27117},{"Length":132,"Height":205,"Demand":1,"DemandMax":null,"Value":27060},{"Length":102,"Height":265,"Demand":1,"DemandMax":null,"Value":27030},{"Length":233,"Height":116,"Demand":1,"DemandMax":null,"Value":27028},{"Length":314,"Height":86,"Demand":1,"DemandMax":null,"Value":27004},{"Length":210,"Height":128,"Demand":1,"DemandMax":null,"Value":26880},{"Length":271,"Height":99,"Demand":1,"DemandMax":null,"Value":26829},{"Length":114,"Height":235,"Demand":1,"DemandMax":null,"Value":26790},{"Length":116,"Height":230,"Demand":1,"DemandMax":null,"Value":26680},{"Length":342,"Height":78,"Demand":1,"DemandMax":null,"Value":26676},{"Length":292,"Height":91,"Demand":1,"DemandMax":null,"Value":26572},{"Length":349,"Height":76,"Demand":1,"DemandMax":null,"Value":26524},{"Length":260,"Height":102,"Demand":1,"DemandMax":null,"Value":26520},{"Length":279,"Height":95,"Demand":1,"DemandMax":null,"Value":26505},{"Length":156,"Height":169,"Demand":1,"DemandMax":null,"Value":26364},{"Length":108,"Height":244,"Demand":1,"DemandMax":null,"Value":26352},{"Length":247,"Height":106,"Demand":1,"DemandMax":null,"Value":26182},{"Length":103,"Height":254,"Demand":1,"DemandMax":null,"Value":26162},{"Length":127,"Height":205,"Demand":1,"DemandMax":null,"Value":26035},{"Length":132,"Height":197,"Demand":1,"DemandMax":null,"Value":26004},{"Length":99,"Height":262,"Demand":1,"DemandMax":null,"Value":25938},{"Length":192,"Height":135,"Demand":1,"DemandMax":null,"Value":25920},{"Length":278,"Height":93,"Demand":1,"DemandMax":null,"Value":25854},{"Length":222,"Height":116,"Demand":1,"DemandMax":null,"Value":25752},{"Length":357,"Height":72,"Demand":1,"DemandMax":null,"Value":25704},{"Length":94,"Height":273,"Demand":1,"DemandMax":null,"Value":25662},{"Length":171,"Height":150,"Demand":1,"DemandMax":null,"Value":25650},{"Length":130,"Height":197,"Demand":1,"DemandMax":null,"Value":25610},{"Length":280,"Height":91,"Demand":1,"DemandMax":null,"Value":25480},{"Length":183,"Height":139,"Demand":1,"DemandMax":null,"Value":25437},{"Length":292,"Height":87,"Demand":1,"DemandMax":null,"Value":25404},{"Length":75,"Height":337,"Demand":1,"DemandMax":null,"Value":25275},{"Length":88,"Height":285,"Demand":1,"DemandMax":null,"Value":25080},{"Length":80,"Height":313,"Demand":1,"DemandMax":null,"Value":25040},{"Length":90,"Height":276,"Demand":1,"DemandMax":null,"Value":24840},{"Length":234,"Height":106,"Demand":1,"DemandMax":null,"Value":24804},{"Length":118,"Height":210,"Demand":1,"DemandMax":null,"Value":24780},{"Length":98,"Height":252,"Demand":1,"DemandMax":null,"Value":24696},{"Length":122,"Height":202,"Demand":1,"DemandMax":null,"Value":24644},{"Length":193,"Height":127,"Demand":1,"DemandMax":null,"Value":24511},{"Length":215,"Height":114,"Demand":1,"DemandMax":null,"Value":24510},{"Length":101,"Height":242,"Demand":1,"DemandMax":null,"Value":24442},{"Length":207,"Height":118,"Demand":1,"DemandMax":null,"Value":24426},{"Length":230,"Height":106,"Demand":1,"DemandMax":null,"Value":24380},{"Length":105,"Height":232,"Demand":1,"DemandMax":null,"Value":24360},{"Length":272,"Height":89,"Demand":1,"DemandMax":null,"Value":24208},{"Length":74,"Height":327,"Demand":1,"DemandMax":null,"Value":24198},{"Length":118,"Height":205,"Demand":1,"DemandMax":null,"Value":24190},{"Length":65,"Height":369,"Demand":1,"DemandMax":null,"Value":23985},{"Length":247,"Height":97,"Demand":1,"DemandMax":null,"Value":23959},{"Length":184,"Height":130,"Demand":1,"DemandMax":null,"Value":23920},{"Length":123,"Height":194,"Demand":1,"DemandMax":null,"Value":23862},{"Length":142,"Height":168,"Demand":1,"DemandMax":null,"Value":23856},{"Length":82,"Height":290,"Demand":1,"DemandMax":null,"Value":23780},{"Length":127,"Height":187,"Demand":1,"DemandMax":null,"Value":23749},{"Length":300,"Height":79,"Demand":1,"DemandMax":null,"Value":23700},{"Length":198,"Height":119,"Demand":1,"DemandMax":null,"Value":23562},{"Length":203,"Height":115,"Demand":1,"DemandMax":null,"Value":23345},{"Length":226,"Height":103,"Demand":1,"DemandMax":null,"Value":23278},{"Length":249,"Height":93,"Demand":1,"DemandMax":null,"Value":23157},{"Length":182,"Height":127,"Demand":1,"DemandMax":null,"Value":23114},{"Length":224,"Height":103,"Demand":1,"DemandMax":null,"Value":23072},{"Length":68,"Height":339,"Demand":1,"DemandMax":null,"Value":23052},{"Length":94,"Height":244,"Demand":1,"DemandMax":null,"Value":22936},{"Length":81,"Height":282,"Demand":1,"DemandMax":null,"Value":22842},{"Length":69,"Height":331,"Demand":1,"DemandMax":null,"Value":22839},{"Length":245,"Height":93,"Demand":1,"DemandMax":null,"Value":22785},{"Length":209,"Height":109,"Demand":1,"DemandMax":null,"Value":22781},{"Length":115,"Height":198,"Demand":1,"DemandMax":null,"Value":22770},{"Length":177,"Height":128,"Demand":1,"DemandMax":null,"Value":22656},{"Length":131,"Height":172,"Demand":1,"DemandMax":null,"Value":22532},{"Length":63,"Height":357,"Demand":1,"DemandMax":null,"Value":22491},{"Length":199,"Height":112,"Demand":1,"DemandMax":null,"Value":22288},{"Length":72,"Height":309,"Demand":1,"DemandMax":null,"Value":22248},{"Length":243,"Height":91,"Demand":1,"DemandMax":null,"Value":22113},{"Length":165,"Height":133,"Demand":1,"DemandMax":null,"Value":21945},{"Length":207,"Height":106,"Demand":1,"DemandMax":null,"Value":21942},{"Length":138,"Height":159,"Demand":1,"DemandMax":null,"Value":21942},{"Length":87,"Height":252,"Demand":1,"DemandMax":null,"Value":21924},{"Length":287,"Height":76,"Demand":1,"DemandMax":null,"Value":21812},{"Length":218,"Height":100,"Demand":1,"DemandMax":null,"Value":21800},{"Length":77,"Height":283,"Demand":1,"DemandMax":null,"Value":21791},{"Length":250,"Height":87,"Demand":1,"DemandMax":null,"Value":21750},{"Length":189,"Height":115,"Demand":1,"DemandMax":null,"Value":21735},{"Length":124,"Height":175,"Demand":1,"DemandMax":null,"Value":21700},{"Length":125,"Height":173,"Demand":1,"DemandMax":null,"Value":21625},{"Length":230,"Height":94,"Demand":1,"DemandMax":null,"Value":21620},{"Length":275,"Height":78,"Demand":1,"DemandMax":null,"Value":21450},{"Length":146,"Height":146,"Demand":1,"DemandMax":null,"Value":21316},{"Length":333,"Height":64,"Demand":1,"DemandMax":null,"Value":21312},{"Length":226,"Height":94,"Demand":1,"DemandMax":null,"Value":21244},{"Length":90,"Height":236,"Demand":1,"DemandMax":null,"Value":21240},{"Length":106,"Height":199,"Demand":1,"DemandMax":null,"Value":21094},{"Length":301,"Height":70,"Demand":1,"DemandMax":null,"Value":21070},{"Length":284,"Height":74,"Demand":1,"DemandMax":null,"Value":21016},{"Length":75,"Height":280,"Demand":1,"DemandMax":null,"Value":21000},{"Length":82,"Height":256,"Demand":1,"DemandMax":null,"Value":20992},{"Length":87,"Height":241,"Demand":1,"DemandMax":null,"Value":20967},{"Length":84,"Height":249,"Demand":1,"DemandMax":null,"Value":20916},{"Length":58,"Height":359,"Demand":1,"DemandMax":null,"Value":20822},{"Length":219,"Height":95,"Demand":1,"DemandMax":null,"Value":20805},{"Length":129,"Height":160,"Demand":1,"DemandMax":null,"Value":20640},{"Length":61,"Height":338,"Demand":1,"DemandMax":null,"Value":20618},{"Length":202,"Height":102,"Demand":1,"DemandMax":null,"Value":20604},{"Length":80,"Height":257,"Demand":1,"DemandMax":null,"Value":20560},{"Length":78,"Height":263,"Demand":1,"DemandMax":null,"Value":20514},{"Length":100,"Height":205,"Demand":1,"DemandMax":null,"Value":20500},{"Length":320,"Height":64,"Demand":1,"DemandMax":null,"Value":20480},{"Length":145,"Height":141,"Demand":1,"DemandMax":null,"Value":20445},{"Length":100,"Height":204,"Demand":1,"DemandMax":null,"Value":20400},{"Length":200,"Height":102,"Demand":1,"DemandMax":null,"Value":20400},{"Length":58,"Height":351,"Demand":1,"DemandMax":null,"Value":20358},{"Length":129,"Height":157,"Demand":1,"DemandMax":null,"Value":20253},{"Length":77,"Height":262,"Demand":1,"DemandMax":null,"Value":20174},{"Length":59,"Height":339,"Demand":1,"DemandMax":null,"Value":20001},{"Length":203,"Height":98,"Demand":1,"DemandMax":null,"Value":19894},{"Length":108,"Height":184,"Demand":1,"DemandMax":null,"Value":19872},{"Length":179,"Height":111,"Demand":1,"DemandMax":null,"Value":19869},{"Length":91,"Height":218,"Demand":1,"DemandMax":null,"Value":19838},{"Length":83,"Height":239,"Demand":1,"DemandMax":null,"Value":19837},{"Length":91,"Height":217,"Demand":1,"DemandMax":null,"Value":19747},{"Length":114,"Height":173,"Demand":1,"DemandMax":null,"Value":19722},{"Length":54,"Height":364,"Demand":1,"DemandMax":null,"Value":19656},{"Length":185,"Height":106,"Demand":1,"DemandMax":null,"Value":19610},{"Length":138,"Height":142,"Demand":1,"DemandMax":null,"Value":19596},{"Length":248,"Height":79,"Demand":1,"DemandMax":null,"Value":19592},{"Length":235,"Height":83,"Demand":1,"DemandMax":null,"Value":19505},{"Length":73,"Height":267,"Demand":1,"DemandMax":null,"Value":19491},{"Length":87,"Height":223,"Demand":1,"DemandMax":null,"Value":19401},{"Length":265,"Height":73,"Demand":1,"DemandMax":null,"Value":19345},{"Length":77,"Height":250,"Demand":1,"DemandMax":null,"Value":19250},{"Length":260,"Height":74,"Demand":1,"DemandMax":null,"Value":19240},{"Length":173,"Height":110,"Demand":1,"DemandMax":null,"Value":19030},{"Length":58,"Height":328,"Demand":1,"DemandMax":null,"Value":19024},{"Length":164,"Height":116,"Demand":1,"DemandMax":null,"Value":19024},{"Length":85,"Height":223,"Demand":1,"DemandMax":null,"Value":18955},{"Length":84,"Height":225,"Demand":1,"DemandMax":null,"Value":18900},{"Length":133,"Height":142,"Demand":1,"DemandMax":null,"Value":18886},{"Length":181,"Height":104,"Demand":1,"DemandMax":null,"Value":18824},{"Length":85,"Height":220,"Demand":1,"DemandMax":null,"Value":18700},{"Length":189,"Height":98,"Demand":1,"DemandMax":null,"Value":18522},{"Length":50,"Height":370,"Demand":1,"DemandMax":null,"Value":18500},{"Length":135,"Height":137,"Demand":1,"DemandMax":null,"Value":18495},{"Length":180,"Height":102,"Demand":1,"DemandMax":null,"Value":18360},{"Length":123,"Height":149,"Demand":1,"DemandMax":null,"Value":18327},{"Length":237,"Height":77,"Demand":1,"DemandMax":null,"Value":18249},{"Length":188,"Height":97,"Demand":1,"DemandMax":null,"Value":18236},{"Length":103,"Height":177,"Demand":1,"DemandMax":null,"Value":18231},{"Length":124,"Height":147,"Demand":1,"DemandMax":null,"Value":18228},{"Length":65,"Height":280,"Demand":1,"DemandMax":null,"Value":18200},{"Length":62,"Height":292,"Demand":1,"DemandMax":null,"Value":18104},{"Length":77,"Height":234,"Demand":1,"DemandMax":null,"Value":18018},{"Length":261,"Height":69,"Demand":1,"DemandMax":null,"Value":18009},{"Length":69,"Height":260,"Demand":1,"DemandMax":null,"Value":17940},{"Length":97,"Height":184,"Demand":1,"DemandMax":null,"Value":17848},{"Length":233,"Height":76,"Demand":1,"DemandMax":null,"Value":17708},{"Length":190,"Height":93,"Demand":1,"DemandMax":null,"Value":17670},{"Length":126,"Height":140,"Demand":1,"DemandMax":null,"Value":17640},{"Length":86,"Height":204,"Demand":1,"DemandMax":null,"Value":17544},{"Length":76,"Height":229,"Demand":1,"DemandMax":null,"Value":17404},{"Length":145,"Height":120,"Demand":1,"DemandMax":null,"Value":17400},{"Length":106,"Height":164,"Demand":1,"DemandMax":null,"Value":17384},{"Length":208,"Height":83,"Demand":1,"DemandMax":null,"Value":17264},{"Length":89,"Height":193,"Demand":1,"DemandMax":null,"Value":17177},{"Length":118,"Height":145,"Demand":1,"DemandMax":null,"Value":17110},{"Length":166,"Height":103,"Demand":1,"DemandMax":null,"Value":17098},{"Length":87,"Height":194,"Demand":1,"DemandMax":null,"Value":16878},{"Length":255,"Height":66,"Demand":1,"DemandMax":null,"Value":16830},{"Length":100,"Height":168,"Demand":1,"DemandMax":null,"Value":16800},{"Length":195,"Height":86,"Demand":1,"DemandMax":null,"Value":16770},{"Length":134,"Height":125,"Demand":1,"DemandMax":null,"Value":16750},{"Length":70,"Height":239,"Demand":1,"DemandMax":null,"Value":16730},{"Length":137,"Height":120,"Demand":1,"DemandMax":null,"Value":16440},{"Length":91,"Height":180,"Demand":1,"DemandMax":null,"Value":16380},{"Length":172,"Height":95,"Demand":1,"DemandMax":null,"Value":16340},{"Length":102,"Height":160,"Demand":1,"DemandMax":null,"Value":16320},{"Length":130,"Height":125,"Demand":1,"DemandMax":null,"Value":16250},{"Length":305,"Height":53,"Demand":1,"DemandMax":null,"Value":16165},{"Length":139,"Height":116,"Demand":1,"DemandMax":null,"Value":16124},{"Length":88,"Height":179,"Demand":1,"DemandMax":null,"Value":15752},{"Length":126,"Height":125,"Demand":1,"DemandMax":null,"Value":15750},{"Length":159,"Height":99,"Demand":1,"DemandMax":null,"Value":15741},{"Length":48,"Height":327,"Demand":1,"DemandMax":null,"Value":15696},{"Length":287,"Height":54,"Demand":1,"DemandMax":null,"Value":15498},{"Length":303,"Height":51,"Demand":1,"DemandMax":null,"Value":15453},{"Length":93,"Height":166,"Demand":1,"DemandMax":null,"Value":15438},{"Length":97,"Height":159,"Demand":1,"DemandMax":null,"Value":15423},{"Length":280,"Height":55,"Demand":1,"DemandMax":null,"Value":15400},{"Length":148,"Height":104,"Demand":1,"DemandMax":null,"Value":15392},{"Length":248,"Height":62,"Demand":1,"DemandMax":null,"Value":15376},{"Length":53,"Height":289,"Demand":1,"DemandMax":null,"Value":15317},{"Length":76,"Height":201,"Demand":1,"DemandMax":null,"Value":15276},{"Length":132,"Height":115,"Demand":1,"DemandMax":null,"Value":15180},{"Length":93,"Height":162,"Demand":1,"DemandMax":null,"Value":15066},{"Length":63,"Height":239,"Demand":1,"DemandMax":null,"Value":15057},{"Length":170,"Height":87,"Demand":1,"DemandMax":null,"Value":14790},{"Length":238,"Height":62,"Demand":1,"DemandMax":null,"Value":14756},{"Length":185,"Height":79,"Demand":1,"DemandMax":null,"Value":14615},{"Length":113,"Height":129,"Demand":1,"DemandMax":null,"Value":14577},{"Length":259,"Height":56,"Demand":1,"DemandMax":null,"Value":14504},{"Length":179,"Height":81,"Demand":1,"DemandMax":null,"Value":14499},{"Length":99,"Height":145,"Demand":1,"DemandMax":null,"Value":14355},{"Length":172,"Height":83,"Demand":1,"DemandMax":null,"Value":14276},{"Length":117,"Height":122,"Demand":1,"DemandMax":null,"Value":14274},{"Length":42,"Height":337,"Demand":1,"DemandMax":null,"Value":14154},{"Length":40,"Height":350,"Demand":1,"DemandMax":null,"Value":14000},{"Length":119,"Height":117,"Demand":1,"DemandMax":null,"Value":13923},{"Length":135,"Height":103,"Demand":1,"DemandMax":null,"Value":13905},{"Length":124,"Height":112,"Demand":1,"DemandMax":null,"Value":13888},{"Length":161,"Height":86,"Demand":1,"DemandMax":null,"Value":13846},{"Length":152,"Height":91,"Demand":1,"DemandMax":null,"Value":13832},{"Length":164,"Height":84,"Demand":1,"DemandMax":null,"Value":13776},{"Length":259,"Height":53,"Demand":1,"DemandMax":null,"Value":13727},{"Length":58,"Height":234,"Demand":1,"DemandMax":null,"Value":13572},{"Length":119,"Height":114,"Demand":1,"DemandMax":null,"Value":13566},{"Length":88,"Height":152,"Demand":1,"DemandMax":null,"Value":13376},{"Length":262,"Height":51,"Demand":1,"DemandMax":null,"Value":13362},{"Length":167,"Height":79,"Demand":1,"DemandMax":null,"Value":13193},{"Length":59,"Height":223,"Demand":1,"DemandMax":null,"Value":13157},{"Length":180,"Height":73,"Demand":1,"DemandMax":null,"Value":13140},{"Length":219,"Height":60,"Demand":1,"DemandMax":null,"Value":13140},{"Length":42,"Height":312,"Demand":1,"DemandMax":null,"Value":13104},{"Length":118,"Height":111,"Demand":1,"DemandMax":null,"Value":13098},{"Length":45,"Height":291,"Demand":1,"DemandMax":null,"Value":13095},{"Length":65,"Height":200,"Demand":1,"DemandMax":null,"Value":13000},{"Length":146,"Height":89,"Demand":1,"DemandMax":null,"Value":12994},{"Length":282,"Height":46,"Demand":1,"DemandMax":null,"Value":12972},{"Length":118,"Height":109,"Demand":1,"DemandMax":null,"Value":12862},{"Length":46,"Height":278,"Demand":1,"DemandMax":null,"Value":12788},{"Length":202,"Height":63,"Demand":1,"DemandMax":null,"Value":12726},{"Length":353,"Height":36,"Demand":1,"DemandMax":null,"Value":12708},{"Length":195,"Height":65,"Demand":1,"DemandMax":null,"Value":12675},{"Length":176,"Height":72,"Demand":1,"DemandMax":null,"Value":12672},{"Length":57,"Height":222,"Demand":1,"DemandMax":null,"Value":12654},{"Length":74,"Height":171,"Demand":1,"DemandMax":null,"Value":12654},{"Length":116,"Height":109,"Demand":1,"DemandMax":null,"Value":12644},{"Length":52,"Height":243,"Demand":1,"DemandMax":null,"Value":12636},{"Length":117,"Height":108,"Demand":1,"DemandMax":null,"Value":12636},{"Length":60,"Height":209,"Demand":1,"DemandMax":null,"Value":12540},{"Length":56,"Height":223,"Demand":1,"DemandMax":null,"Value":12488},{"Length":55,"Height":227,"Demand":1,"DemandMax":null,"Value":12485},{"Length":265,"Height":47,"Demand":1,"DemandMax":null,"Value":12455},{"Length":106,"Height":117,"Demand":1,"DemandMax":null,"Value":12402},{"Length":191,"Height":64,"Demand":1,"DemandMax":null,"Value":12224},{"Length":263,"Height":46,"Demand":1,"DemandMax":null,"Value":12098},{"Length":76,"Height":159,"Demand":1,"DemandMax":null,"Value":12084},{"Length":366,"Height":33,"Demand":1,"DemandMax":null,"Value":12078},{"Length":127,"Height":94,"Demand":1,"DemandMax":null,"Value":11938},{"Length":120,"Height":99,"Demand":1,"DemandMax":null,"Value":11880},{"Length":91,"Height":130,"Demand":1,"DemandMax":null,"Value":11830},{"Length":47,"Height":247,"Demand":1,"DemandMax":null,"Value":11609},{"Length":80,"Height":145,"Demand":1,"DemandMax":null,"Value":11600},{"Length":304,"Height":38,"Demand":1,"DemandMax":null,"Value":11552},{"Length":197,"Height":58,"Demand":1,"DemandMax":null,"Value":11426},{"Length":152,"Height":75,"Demand":1,"DemandMax":null,"Value":11400},{"Length":57,"Height":199,"Demand":1,"DemandMax":null,"Value":11343},{"Length":103,"Height":110,"Demand":1,"DemandMax":null,"Value":11330},{"Length":237,"Height":47,"Demand":1,"DemandMax":null,"Value":11139},{"Length":111,"Height":100,"Demand":1,"DemandMax":null,"Value":11100},{"Length":257,"Height":43,"Demand":1,"DemandMax":null,"Value":11051},{"Length":70,"Height":157,"Demand":1,"DemandMax":null,"Value":10990},{"Length":148,"Height":74,"Demand":1,"DemandMax":null,"Value":10952},{"Length":242,"Height":45,"Demand":1,"DemandMax":null,"Value":10890},{"Length":56,"Height":194,"Demand":1,"DemandMax":null,"Value":10864},{"Length":339,"Height":32,"Demand":1,"DemandMax":null,"Value":10848},{"Length":126,"Height":86,"Demand":1,"DemandMax":null,"Value":10836},{"Length":102,"Height":106,"Demand":1,"DemandMax":null,"Value":10812},{"Length":127,"Height":85,"Demand":1,"DemandMax":null,"Value":10795},{"Length":67,"Height":160,"Demand":1,"DemandMax":null,"Value":10720},{"Length":109,"Height":98,"Demand":1,"DemandMax":null,"Value":10682},{"Length":148,"Height":72,"Demand":1,"DemandMax":null,"Value":10656},{"Length":107,"Height":99,"Demand":1,"DemandMax":null,"Value":10593},{"Length":54,"Height":196,"Demand":1,"DemandMax":null,"Value":10584},{"Length":338,"Height":31,"Demand":1,"DemandMax":null,"Value":10478},{"Length":28,"Height":374,"Demand":1,"DemandMax":null,"Value":10472},{"Length":180,"Height":58,"Demand":1,"DemandMax":null,"Value":10440},{"Length":113,"Height":92,"Demand":1,"DemandMax":null,"Value":10396},{"Length":108,"Height":96,"Demand":1,"DemandMax":null,"Value":10368},{"Length":61,"Height":169,"Demand":1,"DemandMax":null,"Value":10309},{"Length":61,"Height":167,"Demand":1,"DemandMax":null,"Value":10187},{"Length":140,"Height":72,"Demand":1,"DemandMax":null,"Value":10080},{"Length":265,"Height":38,"Demand":1,"DemandMax":null,"Value":10070},{"Length":88,"Height":114,"Demand":1,"DemandMax":null,"Value":10032},{"Length":192,"Height":52,"Demand":1,"DemandMax":null,"Value":9984},{"Length":136,"Height":73,"Demand":1,"DemandMax":null,"Value":9928},{"Length":290,"Height":34,"Demand":1,"DemandMax":null,"Value":9860},{"Length":318,"Height":31,"Demand":1,"DemandMax":null,"Value":9858},{"Length":37,"Height":265,"Demand":1,"DemandMax":null,"Value":9805},{"Length":110,"Height":89,"Demand":1,"DemandMax":null,"Value":9790},{"Length":31,"Height":312,"Demand":1,"DemandMax":null,"Value":9672},{"Length":32,"Height":302,"Demand":1,"DemandMax":null,"Value":9664},{"Length":130,"Height":74,"Demand":1,"DemandMax":null,"Value":9620},{"Length":80,"Height":120,"Demand":1,"DemandMax":null,"Value":9600},{"Length":104,"Height":92,"Demand":1,"DemandMax":null,"Value":9568},{"Length":39,"Height":245,"Demand":1,"DemandMax":null,"Value":9555},{"Length":73,"Height":130,"Demand":1,"DemandMax":null,"Value":9490},{"Length":213,"Height":44,"Demand":1,"DemandMax":null,"Value":9372},{"Length":267,"Height":35,"Demand":1,"DemandMax":null,"Value":9345},{"Length":79,"Height":118,"Demand":1,"DemandMax":null,"Value":9322},{"Length":341,"Height":27,"Demand":1,"DemandMax":null,"Value":9207},{"Length":25,"Height":368,"Demand":1,"DemandMax":null,"Value":9200},{"Length":191,"Height":48,"Demand":1,"DemandMax":null,"Value":9168},{"Length":49,"Height":187,"Demand":1,"DemandMax":null,"Value":9163},{"Length":39,"Height":233,"Demand":1,"DemandMax":null,"Value":9087},{"Length":126,"Height":72,"Demand":1,"DemandMax":null,"Value":9072},{"Length":38,"Height":238,"Demand":1,"DemandMax":null,"Value":9044},{"Length":49,"Height":184,"Demand":1,"DemandMax":null,"Value":9016},{"Length":62,"Height":145,"Demand":1,"DemandMax":null,"Value":8990},{"Length":64,"Height":140,"Demand":1,"DemandMax":null,"Value":8960},{"Length":45,"Height":199,"Demand":1,"DemandMax":null,"Value":8955},{"Length":47,"Height":190,"Demand":1,"DemandMax":null,"Value":8930},{"Length":186,"Height":48,"Demand":1,"DemandMax":null,"Value":8928},{"Length":95,"Height":93,"Demand":1,"DemandMax":null,"Value":8835},{"Length":209,"Height":42,"Demand":1,"DemandMax":null,"Value":8778},{"Length":75,"Height":117,"Demand":1,"DemandMax":null,"Value":8775},{"Length":38,"Height":230,"Demand":1,"DemandMax":null,"Value":8740},{"Length":218,"Height":40,"Demand":1,"DemandMax":null,"Value":8720},{"Length":25,"Height":348,"Demand":1,"DemandMax":null,"Value":8700},{"Length":88,"Height":97,"Demand":1,"DemandMax":null,"Value":8536},{"Length":29,"Height":292,"Demand":1,"DemandMax":null,"Value":8468},{"Length":82,"Height":103,"Demand":1,"DemandMax":null,"Value":8446},{"Length":42,"Height":201,"Demand":1,"DemandMax":null,"Value":8442},{"Length":159,"Height":53,"Demand":1,"DemandMax":null,"Value":8427},{"Length":59,"Height":142,"Demand":1,"DemandMax":null,"Value":8378},{"Length":45,"Height":186,"Demand":1,"DemandMax":null,"Value":8370},{"Length":31,"Height":270,"Demand":1,"DemandMax":null,"Value":8370},{"Length":98,"Height":85,"Demand":1,"DemandMax":null,"Value":8330},{"Length":31,"Height":268,"Demand":1,"DemandMax":null,"Value":8308},{"Length":102,"Height":80,"Demand":1,"DemandMax":null,"Value":8160},{"Length":71,"Height":114,"Demand":1,"DemandMax":null,"Value":8094},{"Length":119,"Height":68,"Demand":1,"DemandMax":null,"Value":8092},{"Length":26,"Height":311,"Demand":1,"DemandMax":null,"Value":8086},{"Length":27,"Height":298,"Demand":1,"DemandMax":null,"Value":8046},{"Length":131,"Height":61,"Demand":1,"DemandMax":null,"Value":7991},{"Length":210,"Height":38,"Demand":1,"DemandMax":null,"Value":7980},{"Length":185,"Height":43,"Demand":1,"DemandMax":null,"Value":7955},{"Length":241,"Height":33,"Demand":1,"DemandMax":null,"Value":7953},{"Length":180,"Height":44,"Demand":1,"DemandMax":null,"Value":7920},{"Length":27,"Height":292,"Demand":1,"DemandMax":null,"Value":7884},{"Length":40,"Height":197,"Demand":1,"DemandMax":null,"Value":7880},{"Length":75,"Height":103,"Demand":1,"DemandMax":null,"Value":7725},{"Length":31,"Height":247,"Demand":1,"DemandMax":null,"Value":7657},{"Length":282,"Height":27,"Demand":1,"DemandMax":null,"Value":7614},{"Length":185,"Height":41,"Demand":1,"DemandMax":null,"Value":7585},{"Length":84,"Height":90,"Demand":1,"DemandMax":null,"Value":7560},{"Length":33,"Height":229,"Demand":1,"DemandMax":null,"Value":7557},{"Length":228,"Height":33,"Demand":1,"DemandMax":null,"Value":7524},{"Length":66,"Height":114,"Demand":1,"DemandMax":null,"Value":7524},{"Length":132,"Height":57,"Demand":1,"DemandMax":null,"Value":7524},{"Length":82,"Height":91,"Demand":1,"DemandMax":null,"Value":7462},{"Length":25,"Height":298,"Demand":1,"DemandMax":null,"Value":7450},{"Length":61,"Height":122,"Demand":1,"DemandMax":null,"Value":7442},{"Length":239,"Height":31,"Demand":1,"DemandMax":null,"Value":7409},{"Length":223,"Height":33,"Demand":1,"DemandMax":null,"Value":7359},{"Length":105,"Height":70,"Demand":1,"DemandMax":null,"Value":7350},{"Length":213,"Height":34,"Demand":1,"DemandMax":null,"Value":7242},{"Length":62,"Height":115,"Demand":1,"DemandMax":null,"Value":7130},{"Length":273,"Height":26,"Demand":1,"DemandMax":null,"Value":7098},{"Length":47,"Height":151,"Demand":1,"DemandMax":null,"Value":7097},{"Length":28,"Height":250,"Demand":1,"DemandMax":null,"Value":7000},{"Length":88,"Height":79,"Demand":1,"DemandMax":null,"Value":6952},{"Length":34,"Height":204,"Demand":1,"DemandMax":null,"Value":6936},{"Length":39,"Height":176,"Demand":1,"DemandMax":null,"Value":6864},{"Length":196,"Height":35,"Demand":1,"DemandMax":null,"Value":6860},{"Length":71,"Height":96,"Demand":1,"DemandMax":null,"Value":6816},{"Length":158,"Height":43,"Demand":1,"DemandMax":null,"Value":6794},{"Length":72,"Height":94,"Demand":1,"DemandMax":null,"Value":6768},{"Length":41,"Height":165,"Demand":1,"DemandMax":null,"Value":6765},{"Length":83,"Height":81,"Demand":1,"DemandMax":null,"Value":6723},{"Length":215,"Height":31,"Demand":1,"DemandMax":null,"Value":6665},{"Length":145,"Height":45,"Demand":1,"DemandMax":null,"Value":6525},{"Length":62,"Height":105,"Demand":1,"DemandMax":null,"Value":6510},{"Length":60,"Height":108,"Demand":1,"DemandMax":null,"Value":6480},{"Length":25,"Height":259,"Demand":1,"DemandMax":null,"Value":6475},{"Length":29,"Height":223,"Demand":1,"DemandMax":null,"Value":6467},{"Length":107,"Height":60,"Demand":1,"DemandMax":null,"Value":6420},{"Length":160,"Height":40,"Demand":1,"DemandMax":null,"Value":6400},{"Length":46,"Height":139,"Demand":1,"DemandMax":null,"Value":6394},{"Length":62,"Height":101,"Demand":1,"DemandMax":null,"Value":6262},{"Length":43,"Height":144,"Demand":1,"DemandMax":null,"Value":6192},{"Length":80,"Height":77,"Demand":1,"DemandMax":null,"Value":6160},{"Length":204,"Height":30,"Demand":1,"DemandMax":null,"Value":6120},{"Length":67,"Height":91,"Demand":1,"DemandMax":null,"Value":6097},{"Length":41,"Height":148,"Demand":1,"DemandMax":null,"Value":6068},{"Length":198,"Height":30,"Demand":1,"DemandMax":null,"Value":5940},{"Length":106,"Height":55,"Demand":1,"DemandMax":null,"Value":5830},{"Length":69,"Height":84,"Demand":1,"DemandMax":null,"Value":5796},{"Length":60,"Height":96,"Demand":1,"DemandMax":null,"Value":5760},{"Length":61,"Height":94,"Demand":1,"DemandMax":null,"Value":5734},{"Length":39,"Height":147,"Demand":1,"DemandMax":null,"Value":5733},{"Length":226,"Height":25,"Demand":1,"DemandMax":null,"Value":5650},{"Length":188,"Height":30,"Demand":1,"DemandMax":null,"Value":5640},{"Length":76,"Height":73,"Demand":1,"DemandMax":null,"Value":5548},{"Length":93,"Height":59,"Demand":1,"DemandMax":null,"Value":5487},{"Length":55,"Height":99,"Demand":1,"DemandMax":null,"Value":5445},{"Length":53,"Height":100,"Demand":1,"DemandMax":null,"Value":5300},{"Length":114,"Height":46,"Demand":1,"DemandMax":null,"Value":5244},{"Length":38,"Height":138,"Demand":1,"DemandMax":null,"Value":5244},{"Length":35,"Height":149,"Demand":1,"DemandMax":null,"Value":5215},{"Length":44,"Height":118,"Demand":1,"DemandMax":null,"Value":5192},{"Length":144,"Height":36,"Demand":1,"DemandMax":null,"Value":5184},{"Length":27,"Height":188,"Demand":1,"DemandMax":null,"Value":5076},{"Length":137,"Height":37,"Demand":1,"DemandMax":null,"Value":5069},{"Length":75,"Height":67,"Demand":1,"DemandMax":null,"Value":5025},{"Length":52,"Height":96,"Demand":1,"DemandMax":null,"Value":4992},{"Length":42,"Height":118,"Demand":1,"DemandMax":null,"Value":4956},{"Length":116,"Height":42,"Demand":1,"DemandMax":null,"Value":4872},{"Length":76,"Height":64,"Demand":1,"DemandMax":null,"Value":4864},{"Length":135,"Height":36,"Demand":1,"DemandMax":null,"Value":4860},{"Length":40,"Height":120,"Demand":1,"DemandMax":null,"Value":4800},{"Length":32,"Height":146,"Demand":1,"DemandMax":null,"Value":4672},{"Length":32,"Height":144,"Demand":1,"DemandMax":null,"Value":4608},{"Length":120,"Height":37,"Demand":1,"DemandMax":null,"Value":4440},{"Length":29,"Height":152,"Demand":1,"DemandMax":null,"Value":4408},{"Length":60,"Height":73,"Demand":1,"DemandMax":null,"Value":4380},{"Length":48,"Height":91,"Demand":1,"DemandMax":null,"Value":4368},{"Length":49,"Height":89,"Demand":1,"DemandMax":null,"Value":4361},{"Length":39,"Height":109,"Demand":1,"DemandMax":null,"Value":4251},{"Length":78,"Height":53,"Demand":1,"DemandMax":null,"Value":4134},{"Length":28,"Height":145,"Demand":1,"DemandMax":null,"Value":4060},{"Length":36,"Height":108,"Demand":1,"DemandMax":null,"Value":3888},{"Length":105,"Height":37,"Demand":1,"DemandMax":null,"Value":3885},{"Length":27,"Height":141,"Demand":1,"DemandMax":null,"Value":3807},{"Length":25,"Height":147,"Demand":1,"DemandMax":null,"Value":3675},{"Length":140,"Height":26,"Demand":1,"DemandMax":null,"Value":3640},{"Length":93,"Height":39,"Demand":1,"DemandMax":null,"Value":3627},{"Length":33,"Height":108,"Demand":1,"DemandMax":null,"Value":3564},{"Length":99,"Height":36,"Demand":1,"DemandMax":null,"Value":3564},{"Length":109,"Height":32,"Demand":1,"DemandMax":null,"Value":3488},{"Length":33,"Height":99,"Demand":1,"DemandMax":null,"Value":3267},{"Length":59,"Height":55,"Demand":1,"DemandMax":null,"Value":3245},{"Length":35,"Height":92,"Demand":1,"DemandMax":null,"Value":3220},{"Length":89,"Height":36,"Demand":1,"DemandMax":null,"Value":3204},{"Length":55,"Height":58,"Demand":1,"DemandMax":null,"Value":3190},{"Length":60,"Height":53,"Demand":1,"DemandMax":null,"Value":3180},{"Length":71,"Height":43,"Demand":1,"DemandMax":null,"Value":3053},{"Length":68,"Height":44,"Demand":1,"DemandMax":null,"Value":2992},{"Length":41,"Height":71,"Demand":1,"DemandMax":null,"Value":2911},{"Length":58,"Height":50,"Demand":1,"DemandMax":null,"Value":2900},{"Length":31,"Height":92,"Demand":1,"DemandMax":null,"Value":2852},{"Length":114,"Height":25,"Demand":1,"DemandMax":null,"Value":2850},{"Length":25,"Height":113,"Demand":1,"DemandMax":null,"Value":2825},{"Length":86,"Height":32,"Demand":1,"DemandMax":null,"Value":2752},{"Length":79,"Height":34,"Demand":1,"DemandMax":null,"Value":2686},{"Length":31,"Height":85,"Demand":1,"DemandMax":null,"Value":2635},{"Length":75,"Height":35,"Demand":1,"DemandMax":null,"Value":2625},{"Length":34,"Height":76,"Demand":1,"DemandMax":null,"Value":2584},{"Length":99,"Height":26,"Demand":1,"DemandMax":null,"Value":2574},{"Length":55,"Height":42,"Demand":1,"DemandMax":null,"Value":2310},{"Length":41,"Height":56,"Demand":1,"DemandMax":null,"Value":2296},{"Length":35,"Height":61,"Demand":1,"DemandMax":null,"Value":2135},{"Length":30,"Height":69,"Demand":1,"DemandMax":null,"Value":2070},{"Length":54,"Height":36,"Demand":1,"DemandMax":null,"Value":1944},{"Length":44,"Height":44,"Demand":1,"DemandMax":null,"Value":1936},{"Length":56,"Height":34,"Demand":1,"DemandMax":null,"Value":1904},{"Length":62,"Height":29,"Demand":1,"DemandMax":null,"Value":1798},{"Length":49,"Height":36,"Demand":1,"DemandMax":null,"Value":1764},{"Length":63,"Height":28,"Demand":1,"DemandMax":null,"Value":1764},{"Length":51,"Height":34,"Demand":1,"DemandMax":null,"Value":1734},{"Length":56,"Height":29,"Demand":1,"DemandMax":null,"Value":1624},{"Length":30,"Height":53,"Demand":1,"DemandMax":null,"Value":1590},{"Length":31,"Height":49,"Demand":1,"DemandMax":null,"Value":1519},{"Length":37,"Height":32,"Demand":1,"DemandMax":null,"Value":1184},{"Length":35,"Height":28,"Demand":1,"DemandMax":null,"Value":980}]}