{"Name":"AH355","Objects":[{"Length":1000,"Height":2348,"Stock":null,"Cost":2348000}],"Items":[{"Length":90,"Height":90,"Demand":1,"DemandMax":null,"Value":8100},{"Length":90,"Height":87,"Demand":1,"DemandMax":null,"Value":7830},{"Length":88,"Height":87,"Demand":1,"DemandMax":null,"Value":7656},{"Length":88,"Height":85,"Demand":1,"DemandMax":null,"Value":7480},{"Length":87,"Height":85,"Demand":1,"DemandMax":null,"Value":7395},{"Length":83,"Height":89,"Demand":1,"DemandMax":null,"Value":7387},{"Length":87,"Height":84,"Demand":1,"DemandMax":null,"Value":7308},{"Length":90,"Height":81,"Demand":1,"DemandMax":null,"Value":7290},{"Length":85,"Height":85,"Demand":1,"DemandMax":null,"Value":7225},{"Length":80,"Height":90,"Demand":1,"DemandMax":null,"Value":7200},{"Length":80,"Height":89,"Demand":1,"DemandMax":null,"Value":7120},{"Length":84,"Height":84,"Demand":1,"DemandMax":null,"Value":7056},{"Length":85,"Height":83,"Demand":1,"DemandMax":null,"Value":7055},{"Length":86,"Height":82,"Demand":1,"DemandMax":null,"Value":7052},{"Length":87,"Height":81,"Demand":1,"DemandMax":null,"Value":7047},{"Length":89,"Height":78,"Demand":1,"DemandMax":null,"Value":6942},{"Length":77,"Height":90,"Demand":1,"DemandMax":null,"Value":6930},{"Length":86,"Height":80,"Demand":1,"DemandMax":null,"Value":6880},{"Length":79,"Height":87,"Demand":1,"DemandMax":null,"Value":6873},{"Length":78,"Height":88,"Demand":1,"DemandMax":null,"Value":6864},{"Length":77,"Height":89,"Demand":1,"DemandMax":null,"Value":6853},{"Length":76,"Height":90,"Demand":1,"DemandMax":null,"Value":6840},{"Length":85,"Height":80,"Demand":1,"DemandMax":null,"Value":6800},{"Length":77,"Height":87,"Demand":1,"DemandMax":null,"Value":6699},{"Length":90,"Height":74,"Demand":1,"DemandMax":null,"Value":6660},{"Length":81,"Height":82,"Demand":1,"DemandMax":null,"Value":6642},{"Length":89,"Height":74,"Demand":1,"DemandMax":null,"Value":6586},{"Length":80,"Height":82,"Demand":1,"DemandMax":null,"Value":6560},{"Length":83,"Height":79,"Demand":1,"DemandMax":null,"Value":6557},{"Length":77,"Height":85,"Demand":1,"DemandMax":null,"Value":6545},{"Length":81,"Height":80,"Demand":1,"DemandMax":null,"Value":6480},{"Length":78,"Height":83,"Demand":1,"DemandMax":null,"Value":6474},{"Length":84,"Height":77,"Demand":1,"DemandMax":null,"Value":6468},{"Length":87,"Height":74,"Demand":1,"DemandMax":null,"Value":6438},{"Length":88,"Height":73,"Demand":1,"DemandMax":null,"Value":6424},{"Length":90,"Height":71,"Demand":1,"DemandMax":null,"Value":6390},{"Length":76,"Height":84,"Demand":1,"DemandMax":null,"Value":6384},{"Length":75,"Height":85,"Demand":1,"DemandMax":null,"Value":6375},{"Length":72,"Height":88,"Demand":1,"DemandMax":null,"Value":6336},{"Length":81,"Height":78,"Demand":1,"DemandMax":null,"Value":6318},{"Length":82,"Height":77,"Demand":1,"DemandMax":null,"Value":6314},{"Length":76,"Height":83,"Demand":1,"DemandMax":null,"Value":6308},{"Length":85,"Height":74,"Demand":1,"DemandMax":null,"Value":6290},{"Length":81,"Height":77,"Demand":1,"DemandMax":null,"Value":6237},{"Length":90,"Height":69,"Demand":1,"DemandMax":null,"Value":6210},{"Length":85,"Height":73,"Demand":1,"DemandMax":null,"Value":6205},{"Length":70,"Height":88,"Demand":1,"DemandMax":null,"Value":6160},{"Length":81,"Height":76,"Demand":1,"DemandMax":null,"Value":6156},{"Length":82,"Height":75,"Demand":1,"DemandMax":null,"Value":6150},{"Length":82,"Height":74,"Demand":1,"DemandMax":null,"Value":6068},{"Length":83,"Height":73,"Demand":1,"DemandMax":null,"Value":6059},{"Length":89,"Height":68,"Demand":1,"DemandMax":null,"Value":6052},{"Length":84,"Height":72,"Demand":1,"DemandMax":null,"Value":6048},{"Length":86,"Height":70,"Demand":1,"DemandMax":null,"Value":6020},{"Length":78,"Height":77,"Demand":1,"DemandMax":null,"Value":6006},{"Length":85,"Height":70,"Demand":1,"DemandMax":null,"Value":5950},{"Length":66,"Height":90,"Demand":1,"DemandMax":null,"Value":5940},{"Length":77,"Height":77,"Demand":1,"DemandMax":null,"Value":5929},{"Length":78,"Height":76,"Demand":1,"DemandMax":null,"Value":5928},{"Length":83,"Height":71,"Demand":1,"DemandMax":null,"Value":5893},{"Length":76,"Height":77,"Demand":1,"DemandMax":null,"Value":5852},{"Length":65,"Height":90,"Demand":1,"DemandMax":null,"Value":5850},{"Length":83,"Height":70,"Demand":1,"DemandMax":null,"Value":5810},{"Length":84,"Height":69,"Demand":1,"DemandMax":null,"Value":5796},{"Length":75,"Height":77,"Demand":1,"DemandMax":null,"Value":5775},{"Length":73,"Height":79,"Demand":1,"DemandMax":null,"Value":5767},{"Length":86,"Height":67,"Demand":1,"DemandMax":null,"Value":5762},{"Length":69,"Height":83,"Demand":1,"DemandMax":null,"Value":5727},{"Length":84,"Height":68,"Demand":1,"DemandMax":null,"Value":5712},{"Length":76,"Height":75,"Demand":1,"DemandMax":null,"Value":5700},{"Length":67,"Height":85,"Demand":1,"DemandMax":null,"Value":5695},{"Length":82,"Height":69,"Demand":1,"DemandMax":null,"Value":5658},{"Length":64,"Height":88,"Demand":1,"DemandMax":null,"Value":5632},{"Length":74,"Height":76,"Demand":1,"DemandMax":null,"Value":5624},{"Length":72,"Height":78,"Demand":1,"DemandMax":null,"Value":5616},{"Length":62,"Height":90,"Demand":1,"DemandMax":null,"Value":5580},{"Length":88,"Height":63,"Demand":1,"DemandMax":null,"Value":5544},{"Length":72,"Height":77,"Demand":1,"DemandMax":null,"Value":5544},{"Length":62,"Height":89,"Demand":1,"DemandMax":null,"Value":5518},{"Length":70,"Height":78,"Demand":1,"DemandMax":null,"Value":5460},{"Length":89,"Height":61,"Demand":1,"DemandMax":null,"Value":5429},{"Length":86,"Height":63,"Demand":1,"DemandMax":null,"Value":5418},{"Length":88,"Height":61,"Demand":1,"DemandMax":null,"Value":5368},{"Length":89,"Height":60,"Demand":1,"DemandMax":null,"Value":5340},{"Length":77,"Height":69,"Demand":1,"DemandMax":null,"Value":5313},{"Length":64,"Height":83,"Demand":1,"DemandMax":null,"Value":5312},{"Length":61,"Height":87,"Demand":1,"DemandMax":null,"Value":5307},{"Length":68,"Height":78,"Demand":1,"DemandMax":null,"Value":5304},{"Length":85,"Height":62,"Demand":1,"DemandMax":null,"Value":5270},{"Length":81,"Height":65,"Demand":1,"DemandMax":null,"Value":5265},{"Length":86,"Height":61,"Demand":1,"DemandMax":null,"Value":5246},{"Length":77,"Height":68,"Demand":1,"DemandMax":null,"Value":5236},{"Length":88,"Height":59,"Demand":1,"DemandMax":null,"Value":5192},{"Length":72,"Height":72,"Demand":1,"DemandMax":null,"Value":5184},{"Length":73,"Height":71,"Demand":1,"DemandMax":null,"Value":5183},{"Length":89,"Height":58,"Demand":1,"DemandMax":null,"Value":5162},{"Length":86,"Height":60,"Demand":1,"DemandMax":null,"Value":5160},{"Length":66,"Height":78,"Demand":1,"DemandMax":null,"Value":5148},{"Length":72,"Height":71,"Demand":1,"DemandMax":null,"Value":5112},{"Length":70,"Height":73,"Demand":1,"DemandMax":null,"Value":5110},{"Length":57,"Height":89,"Demand":1,"DemandMax":null,"Value":5073},{"Length":79,"Height":64,"Demand":1,"DemandMax":null,"Value":5056},{"Length":60,"Height":84,"Demand":1,"DemandMax":null,"Value":5040},{"Length":67,"Height":75,"Demand":1,"DemandMax":null,"Value":5025},{"Length":85,"Height":59,"Demand":1,"DemandMax":null,"Value":5015},{"Length":86,"Height":58,"Demand":1,"DemandMax":null,"Value":4988},{"Length":89,"Height":56,"Demand":1,"DemandMax":null,"Value":4984},{"Length":58,"Height":85,"Demand":1,"DemandMax":null,"Value":4930},{"Length":88,"Height":56,"Demand":1,"DemandMax":null,"Value":4928},{"Length":71,"Height":69,"Demand":1,"DemandMax":null,"Value":4899},{"Length":62,"Height":79,"Demand":1,"DemandMax":null,"Value":4898},{"Length":69,"Height":70,"Demand":1,"DemandMax":null,"Value":4830},{"Length":67,"Height":72,"Demand":1,"DemandMax":null,"Value":4824},{"Length":61,"Height":79,"Demand":1,"DemandMax":null,"Value":4819},{"Length":75,"Height":64,"Demand":1,"DemandMax":null,"Value":4800},{"Length":90,"Height":53,"Demand":1,"DemandMax":null,"Value":4770},{"Length":69,"Height":69,"Demand":1,"DemandMax":null,"Value":4761},{"Length":56,"Height":85,"Demand":1,"DemandMax":null,"Value":4760},{"Length":82,"Height":58,"Demand":1,"DemandMax":null,"Value":4756},{"Length":74,"Height":64,"Demand":1,"DemandMax":null,"Value":4736},{"Length":86,"Height":55,"Demand":1,"DemandMax":null,"Value":4730},{"Length":75,"Height":63,"Demand":1,"DemandMax":null,"Value":4725},{"Length":84,"Height":56,"Demand":1,"DemandMax":null,"Value":4704},{"Length":58,"Height":81,"Demand":1,"DemandMax":null,"Value":4698},{"Length":77,"Height":61,"Demand":1,"DemandMax":null,"Value":4697},{"Length":70,"Height":67,"Demand":1,"DemandMax":null,"Value":4690},{"Length":72,"Height":65,"Demand":1,"DemandMax":null,"Value":4680},{"Length":90,"Height":52,"Demand":1,"DemandMax":null,"Value":4680},{"Length":82,"Height":57,"Demand":1,"DemandMax":null,"Value":4674},{"Length":53,"Height":88,"Demand":1,"DemandMax":null,"Value":4664},{"Length":59,"Height":79,"Demand":1,"DemandMax":null,"Value":4661},{"Length":61,"Height":76,"Demand":1,"DemandMax":null,"Value":4636},{"Length":81,"Height":57,"Demand":1,"DemandMax":null,"Value":4617},{"Length":71,"Height":65,"Demand":1,"DemandMax":null,"Value":4615},{"Length":54,"Height":85,"Demand":1,"DemandMax":null,"Value":4590},{"Length":52,"Height":88,"Demand":1,"DemandMax":null,"Value":4576},{"Length":55,"Height":83,"Demand":1,"DemandMax":null,"Value":4565},{"Length":67,"Height":68,"Demand":1,"DemandMax":null,"Value":4556},{"Length":56,"Height":81,"Demand":1,"DemandMax":null,"Value":4536},{"Length":90,"Height":50,"Demand":1,"DemandMax":null,"Value":4500},{"Length":60,"Height":75,"Demand":1,"DemandMax":null,"Value":4500},{"Length":70,"Height":64,"Demand":1,"DemandMax":null,"Value":4480},{"Length":80,"Height":56,"Demand":1,"DemandMax":null,"Value":4480},{"Length":71,"Height":63,"Demand":1,"DemandMax":null,"Value":4473},{"Length":81,"Height":55,"Demand":1,"DemandMax":null,"Value":4455},{"Length":89,"Height":50,"Demand":1,"DemandMax":null,"Value":4450},{"Length":74,"Height":60,"Demand":1,"DemandMax":null,"Value":4440},{"Length":69,"Height":64,"Demand":1,"DemandMax":null,"Value":4416},{"Length":63,"Height":70,"Demand":1,"DemandMax":null,"Value":4410},{"Length":62,"Height":71,"Demand":1,"DemandMax":null,"Value":4402},{"Length":55,"Height":80,"Demand":1,"DemandMax":null,"Value":4400},{"Length":50,"Height":88,"Demand":1,"DemandMax":null,"Value":4400},{"Length":53,"Height":83,"Demand":1,"DemandMax":null,"Value":4399},{"Length":77,"Height":57,"Demand":1,"DemandMax":null,"Value":4389},{"Length":81,"Height":54,"Demand":1,"DemandMax":null,"Value":4374},{"Length":78,"Height":56,"Demand":1,"DemandMax":null,"Value":4368},{"Length":52,"Height":84,"Demand":1,"DemandMax":null,"Value":4368},{"Length":62,"Height":70,"Demand":1,"DemandMax":null,"Value":4340},{"Length":48,"Height":90,"Demand":1,"DemandMax":null,"Value":4320},{"Length":83,"Height":52,"Demand":1,"DemandMax":null,"Value":4316},{"Length":53,"Height":81,"Demand":1,"DemandMax":null,"Value":4293},{"Length":58,"Height":74,"Demand":1,"DemandMax":null,"Value":4292},{"Length":69,"Height":62,"Demand":1,"DemandMax":null,"Value":4278},{"Length":57,"Height":75,"Demand":1,"DemandMax":null,"Value":4275},{"Length":48,"Height":89,"Demand":1,"DemandMax":null,"Value":4272},{"Length":52,"Height":82,"Demand":1,"DemandMax":null,"Value":4264},{"Length":85,"Height":50,"Demand":1,"DemandMax":null,"Value":4250},{"Length":90,"Height":47,"Demand":1,"DemandMax":null,"Value":4230},{"Length":67,"Height":63,"Demand":1,"DemandMax":null,"Value":4221},{"Length":57,"Height":74,"Demand":1,"DemandMax":null,"Value":4218},{"Length":78,"Height":54,"Demand":1,"DemandMax":null,"Value":4212},{"Length":82,"Height":51,"Demand":1,"DemandMax":null,"Value":4182},{"Length":55,"Height":76,"Demand":1,"DemandMax":null,"Value":4180},{"Length":57,"Height":73,"Demand":1,"DemandMax":null,"Value":4161},{"Length":52,"Height":80,"Demand":1,"DemandMax":null,"Value":4160},{"Length":77,"Height":54,"Demand":1,"DemandMax":null,"Value":4158},{"Length":63,"Height":66,"Demand":1,"DemandMax":null,"Value":4158},{"Length":68,"Height":61,"Demand":1,"DemandMax":null,"Value":4148},{"Length":56,"Height":74,"Demand":1,"DemandMax":null,"Value":4144},{"Length":75,"Height":55,"Demand":1,"DemandMax":null,"Value":4125},{"Length":65,"Height":63,"Demand":1,"DemandMax":null,"Value":4095},{"Length":66,"Height":62,"Demand":1,"DemandMax":null,"Value":4092},{"Length":56,"Height":73,"Demand":1,"DemandMax":null,"Value":4088},{"Length":77,"Height":53,"Demand":1,"DemandMax":null,"Value":4081},{"Length":51,"Height":80,"Demand":1,"DemandMax":null,"Value":4080},{"Length":58,"Height":70,"Demand":1,"DemandMax":null,"Value":4060},{"Length":90,"Height":45,"Demand":1,"DemandMax":null,"Value":4050},{"Length":64,"Height":63,"Demand":1,"DemandMax":null,"Value":4032},{"Length":51,"Height":79,"Demand":1,"DemandMax":null,"Value":4029},{"Length":53,"Height":76,"Demand":1,"DemandMax":null,"Value":4028},{"Length":66,"Height":61,"Demand":1,"DemandMax":null,"Value":4026},{"Length":73,"Height":55,"Demand":1,"DemandMax":null,"Value":4015},{"Length":50,"Height":80,"Demand":1,"DemandMax":null,"Value":4000},{"Length":78,"Height":51,"Demand":1,"DemandMax":null,"Value":3978},{"Length":56,"Height":71,"Demand":1,"DemandMax":null,"Value":3976},{"Length":53,"Height":75,"Demand":1,"DemandMax":null,"Value":3975},{"Length":49,"Height":81,"Demand":1,"DemandMax":null,"Value":3969},{"Length":74,"Height":53,"Demand":1,"DemandMax":null,"Value":3922},{"Length":89,"Height":44,"Demand":1,"DemandMax":null,"Value":3916},{"Length":71,"Height":55,"Demand":1,"DemandMax":null,"Value":3905},{"Length":61,"Height":64,"Demand":1,"DemandMax":null,"Value":3904},{"Length":60,"Height":65,"Demand":1,"DemandMax":null,"Value":3900},{"Length":59,"Height":66,"Demand":1,"DemandMax":null,"Value":3894},{"Length":81,"Height":48,"Demand":1,"DemandMax":null,"Value":3888},{"Length":67,"Height":58,"Demand":1,"DemandMax":null,"Value":3886},{"Length":88,"Height":44,"Demand":1,"DemandMax":null,"Value":3872},{"Length":79,"Height":49,"Demand":1,"DemandMax":null,"Value":3871},{"Length":43,"Height":90,"Demand":1,"DemandMax":null,"Value":3870},{"Length":73,"Height":53,"Demand":1,"DemandMax":null,"Value":3869},{"Length":56,"Height":69,"Demand":1,"DemandMax":null,"Value":3864},{"Length":74,"Height":52,"Demand":1,"DemandMax":null,"Value":3848},{"Length":64,"Height":60,"Demand":1,"DemandMax":null,"Value":3840},{"Length":67,"Height":57,"Demand":1,"DemandMax":null,"Value":3819},{"Length":47,"Height":81,"Demand":1,"DemandMax":null,"Value":3807},{"Length":52,"Height":73,"Demand":1,"DemandMax":null,"Value":3796},{"Length":54,"Height":70,"Demand":1,"DemandMax":null,"Value":3780},{"Length":84,"Height":45,"Demand":1,"DemandMax":null,"Value":3780},{"Length":59,"Height":64,"Demand":1,"DemandMax":null,"Value":3776},{"Length":65,"Height":58,"Demand":1,"DemandMax":null,"Value":3770},{"Length":56,"Height":67,"Demand":1,"DemandMax":null,"Value":3752},{"Length":55,"Height":68,"Demand":1,"DemandMax":null,"Value":3740},{"Length":61,"Height":61,"Demand":1,"DemandMax":null,"Value":3721},{"Length":53,"Height":70,"Demand":1,"DemandMax":null,"Value":3710},{"Length":57,"Height":65,"Demand":1,"DemandMax":null,"Value":3705},{"Length":50,"Height":74,"Demand":1,"DemandMax":null,"Value":3700},{"Length":48,"Height":77,"Demand":1,"DemandMax":null,"Value":3696},{"Length":41,"Height":90,"Demand":1,"DemandMax":null,"Value":3690},{"Length":55,"Height":67,"Demand":1,"DemandMax":null,"Value":3685},{"Length":54,"Height":68,"Demand":1,"DemandMax":null,"Value":3672},{"Length":72,"Height":51,"Demand":1,"DemandMax":null,"Value":3672},{"Length":53,"Height":69,"Demand":1,"DemandMax":null,"Value":3657},{"Length":48,"Height":76,"Demand":1,"DemandMax":null,"Value":3648},{"Length":67,"Height":54,"Demand":1,"DemandMax":null,"Value":3618},{"Length":84,"Height":43,"Demand":1,"DemandMax":null,"Value":3612},{"Length":44,"Height":82,"Demand":1,"DemandMax":null,"Value":3608},{"Length":69,"Height":52,"Demand":1,"DemandMax":null,"Value":3588},{"Length":46,"Height":78,"Demand":1,"DemandMax":null,"Value":3588},{"Length":76,"Height":47,"Demand":1,"DemandMax":null,"Value":3572},{"Length":42,"Height":85,"Demand":1,"DemandMax":null,"Value":3570},{"Length":41,"Height":87,"Demand":1,"DemandMax":null,"Value":3567},{"Length":81,"Height":44,"Demand":1,"DemandMax":null,"Value":3564},{"Length":67,"Height":53,"Demand":1,"DemandMax":null,"Value":3551},{"Length":50,"Height":71,"Demand":1,"DemandMax":null,"Value":3550},{"Length":61,"Height":58,"Demand":1,"DemandMax":null,"Value":3538},{"Length":68,"Height":52,"Demand":1,"DemandMax":null,"Value":3536},{"Length":82,"Height":43,"Demand":1,"DemandMax":null,"Value":3526},{"Length":44,"Height":80,"Demand":1,"DemandMax":null,"Value":3520},{"Length":55,"Height":64,"Demand":1,"DemandMax":null,"Value":3520},{"Length":40,"Height":88,"Demand":1,"DemandMax":null,"Value":3520},{"Length":69,"Height":51,"Demand":1,"DemandMax":null,"Value":3519},{"Length":73,"Height":48,"Demand":1,"DemandMax":null,"Value":3504},{"Length":83,"Height":42,"Demand":1,"DemandMax":null,"Value":3486},{"Length":43,"Height":81,"Demand":1,"DemandMax":null,"Value":3483},{"Length":74,"Height":47,"Demand":1,"DemandMax":null,"Value":3478},{"Length":55,"Height":63,"Demand":1,"DemandMax":null,"Value":3465},{"Length":77,"Height":45,"Demand":1,"DemandMax":null,"Value":3465},{"Length":40,"Height":86,"Demand":1,"DemandMax":null,"Value":3440},{"Length":52,"Height":66,"Demand":1,"DemandMax":null,"Value":3432},{"Length":44,"Height":78,"Demand":1,"DemandMax":null,"Value":3432},{"Length":38,"Height":90,"Demand":1,"DemandMax":null,"Value":3420},{"Length":46,"Height":74,"Demand":1,"DemandMax":null,"Value":3404},{"Length":81,"Height":42,"Demand":1,"DemandMax":null,"Value":3402},{"Length":50,"Height":68,"Demand":1,"DemandMax":null,"Value":3400},{"Length":85,"Height":40,"Demand":1,"DemandMax":null,"Value":3400},{"Length":70,"Height":48,"Demand":1,"DemandMax":null,"Value":3360},{"Length":40,"Height":84,"Demand":1,"DemandMax":null,"Value":3360},{"Length":55,"Height":61,"Demand":1,"DemandMax":null,"Value":3355},{"Length":67,"Height":50,"Demand":1,"DemandMax":null,"Value":3350},{"Length":54,"Height":62,"Demand":1,"DemandMax":null,"Value":3348},{"Length":81,"Height":41,"Demand":1,"DemandMax":null,"Value":3321},{"Length":42,"Height":79,"Demand":1,"DemandMax":null,"Value":3318},{"Length":87,"Height":38,"Demand":1,"DemandMax":null,"Value":3306},{"Length":50,"Height":66,"Demand":1,"DemandMax":null,"Value":3300},{"Length":75,"Height":44,"Demand":1,"DemandMax":null,"Value":3300},{"Length":41,"Height":80,"Demand":1,"DemandMax":null,"Value":3280},{"Length":63,"Height":52,"Demand":1,"DemandMax":null,"Value":3276},{"Length":68,"Height":48,"Demand":1,"DemandMax":null,"Value":3264},{"Length":88,"Height":37,"Demand":1,"DemandMax":null,"Value":3256},{"Length":58,"Height":56,"Demand":1,"DemandMax":null,"Value":3248},{"Length":47,"Height":69,"Demand":1,"DemandMax":null,"Value":3243},{"Length":36,"Height":90,"Demand":1,"DemandMax":null,"Value":3240},{"Length":41,"Height":79,"Demand":1,"DemandMax":null,"Value":3239},{"Length":38,"Height":85,"Demand":1,"DemandMax":null,"Value":3230},{"Length":52,"Height":62,"Demand":1,"DemandMax":null,"Value":3224},{"Length":67,"Height":48,"Demand":1,"DemandMax":null,"Value":3216},{"Length":89,"Height":36,"Demand":1,"DemandMax":null,"Value":3204},{"Length":50,"Height":64,"Demand":1,"DemandMax":null,"Value":3200},{"Length":45,"Height":71,"Demand":1,"DemandMax":null,"Value":3195},{"Length":42,"Height":76,"Demand":1,"DemandMax":null,"Value":3192},{"Length":56,"Height":57,"Demand":1,"DemandMax":null,"Value":3192},{"Length":55,"Height":58,"Demand":1,"DemandMax":null,"Value":3190},{"Length":65,"Height":49,"Demand":1,"DemandMax":null,"Value":3185},{"Length":52,"Height":61,"Demand":1,"DemandMax":null,"Value":3172},{"Length":48,"Height":66,"Demand":1,"DemandMax":null,"Value":3168},{"Length":45,"Height":70,"Demand":1,"DemandMax":null,"Value":3150},{"Length":47,"Height":67,"Demand":1,"DemandMax":null,"Value":3149},{"Length":85,"Height":37,"Demand":1,"DemandMax":null,"Value":3145},{"Length":57,"Height":55,"Demand":1,"DemandMax":null,"Value":3135},{"Length":71,"Height":44,"Demand":1,"DemandMax":null,"Value":3124},{"Length":60,"Height":52,"Demand":1,"DemandMax":null,"Value":3120},{"Length":76,"Height":41,"Demand":1,"DemandMax":null,"Value":3116},{"Length":35,"Height":89,"Demand":1,"DemandMax":null,"Value":3115},{"Length":46,"Height":67,"Demand":1,"DemandMax":null,"Value":3082},{"Length":81,"Height":38,"Demand":1,"DemandMax":null,"Value":3078},{"Length":58,"Height":53,"Demand":1,"DemandMax":null,"Value":3074},{"Length":45,"Height":68,"Demand":1,"DemandMax":null,"Value":3060},{"Length":62,"Height":49,"Demand":1,"DemandMax":null,"Value":3038},{"Length":44,"Height":69,"Demand":1,"DemandMax":null,"Value":3036},{"Length":66,"Height":46,"Demand":1,"DemandMax":null,"Value":3036},{"Length":41,"Height":74,"Demand":1,"DemandMax":null,"Value":3034},{"Length":55,"Height":55,"Demand":1,"DemandMax":null,"Value":3025},{"Length":43,"Height":70,"Demand":1,"DemandMax":null,"Value":3010},{"Length":51,"Height":59,"Demand":1,"DemandMax":null,"Value":3009},{"Length":34,"Height":88,"Demand":1,"DemandMax":null,"Value":2992},{"Length":68,"Height":44,"Demand":1,"DemandMax":null,"Value":2992},{"Length":61,"Height":49,"Demand":1,"DemandMax":null,"Value":2989},{"Length":85,"Height":35,"Demand":1,"DemandMax":null,"Value":2975},{"Length":57,"Height":52,"Demand":1,"DemandMax":null,"Value":2964},{"Length":39,"Height":76,"Demand":1,"DemandMax":null,"Value":2964},{"Length":40,"Height":74,"Demand":1,"DemandMax":null,"Value":2960},{"Length":60,"Height":49,"Demand":1,"DemandMax":null,"Value":2940},{"Length":35,"Height":84,"Demand":1,"DemandMax":null,"Value":2940},{"Length":34,"Height":86,"Demand":1,"DemandMax":null,"Value":2924},{"Length":68,"Height":43,"Demand":1,"DemandMax":null,"Value":2924},{"Length":37,"Height":79,"Demand":1,"DemandMax":null,"Value":2923},{"Length":66,"Height":44,"Demand":1,"DemandMax":null,"Value":2904},{"Length":45,"Height":64,"Demand":1,"DemandMax":null,"Value":2880},{"Length":35,"Height":82,"Demand":1,"DemandMax":null,"Value":2870},{"Length":55,"Height":52,"Demand":1,"DemandMax":null,"Value":2860},{"Length":68,"Height":42,"Demand":1,"DemandMax":null,"Value":2856},{"Length":73,"Height":39,"Demand":1,"DemandMax":null,"Value":2847},{"Length":58,"Height":49,"Demand":1,"DemandMax":null,"Value":2842},{"Length":71,"Height":40,"Demand":1,"DemandMax":null,"Value":2840},{"Length":86,"Height":33,"Demand":1,"DemandMax":null,"Value":2838},{"Length":66,"Height":43,"Demand":1,"DemandMax":null,"Value":2838},{"Length":81,"Height":35,"Demand":1,"DemandMax":null,"Value":2835},{"Length":48,"Height":59,"Demand":1,"DemandMax":null,"Value":2832},{"Length":41,"Height":69,"Demand":1,"DemandMax":null,"Value":2829},{"Length":47,"Height":60,"Demand":1,"DemandMax":null,"Value":2820},{"Length":32,"Height":88,"Demand":1,"DemandMax":null,"Value":2816},{"Length":53,"Height":53,"Demand":1,"DemandMax":null,"Value":2809},{"Length":35,"Height":80,"Demand":1,"DemandMax":null,"Value":2800},{"Length":90,"Height":31,"Demand":1,"DemandMax":null,"Value":2790},{"Length":82,"Height":34,"Demand":1,"DemandMax":null,"Value":2788},{"Length":73,"Height":38,"Demand":1,"DemandMax":null,"Value":2774},{"Length":53,"Height":52,"Demand":1,"DemandMax":null,"Value":2756},{"Length":51,"Height":54,"Demand":1,"DemandMax":null,"Value":2754},{"Length":34,"Height":81,"Demand":1,"DemandMax":null,"Value":2754},{"Length":32,"Height":86,"Demand":1,"DemandMax":null,"Value":2752},{"Length":55,"Height":50,"Demand":1,"DemandMax":null,"Value":2750},{"Length":61,"Height":45,"Demand":1,"DemandMax":null,"Value":2745},{"Length":76,"Height":36,"Demand":1,"DemandMax":null,"Value":2736},{"Length":65,"Height":42,"Demand":1,"DemandMax":null,"Value":2730},{"Length":80,"Height":34,"Demand":1,"DemandMax":null,"Value":2720},{"Length":50,"Height":54,"Demand":1,"DemandMax":null,"Value":2700},{"Length":55,"Height":49,"Demand":1,"DemandMax":null,"Value":2695},{"Length":61,"Height":44,"Demand":1,"DemandMax":null,"Value":2684},{"Length":40,"Height":67,"Demand":1,"DemandMax":null,"Value":2680},{"Length":47,"Height":57,"Demand":1,"DemandMax":null,"Value":2679},{"Length":33,"Height":81,"Demand":1,"DemandMax":null,"Value":2673},{"Length":89,"Height":30,"Demand":1,"DemandMax":null,"Value":2670},{"Length":36,"Height":74,"Demand":1,"DemandMax":null,"Value":2664},{"Length":45,"Height":59,"Demand":1,"DemandMax":null,"Value":2655},{"Length":68,"Height":39,"Demand":1,"DemandMax":null,"Value":2652},{"Length":34,"Height":78,"Demand":1,"DemandMax":null,"Value":2652},{"Length":63,"Height":42,"Demand":1,"DemandMax":null,"Value":2646},{"Length":66,"Height":40,"Demand":1,"DemandMax":null,"Value":2640},{"Length":56,"Height":47,"Demand":1,"DemandMax":null,"Value":2632},{"Length":57,"Height":46,"Demand":1,"DemandMax":null,"Value":2622},{"Length":34,"Height":77,"Demand":1,"DemandMax":null,"Value":2618},{"Length":37,"Height":70,"Demand":1,"DemandMax":null,"Value":2590},{"Length":38,"Height":68,"Demand":1,"DemandMax":null,"Value":2584},{"Length":29,"Height":89,"Demand":1,"DemandMax":null,"Value":2581},{"Length":39,"Height":66,"Demand":1,"DemandMax":null,"Value":2574},{"Length":45,"Height":57,"Demand":1,"DemandMax":null,"Value":2565},{"Length":71,"Height":36,"Demand":1,"DemandMax":null,"Value":2556},{"Length":29,"Height":88,"Demand":1,"DemandMax":null,"Value":2552},{"Length":75,"Height":34,"Demand":1,"DemandMax":null,"Value":2550},{"Length":43,"Height":59,"Demand":1,"DemandMax":null,"Value":2537},{"Length":65,"Height":39,"Demand":1,"DemandMax":null,"Value":2535},{"Length":60,"Height":42,"Demand":1,"DemandMax":null,"Value":2520},{"Length":90,"Height":28,"Demand":1,"DemandMax":null,"Value":2520},{"Length":57,"Height":44,"Demand":1,"DemandMax":null,"Value":2508},{"Length":66,"Height":38,"Demand":1,"DemandMax":null,"Value":2508},{"Length":56,"Height":44,"Demand":1,"DemandMax":null,"Value":2464},{"Length":82,"Height":30,"Demand":1,"DemandMax":null,"Value":2460},{"Length":41,"Height":60,"Demand":1,"DemandMax":null,"Value":2460},{"Length":35,"Height":70,"Demand":1,"DemandMax":null,"Value":2450},{"Length":66,"Height":37,"Demand":1,"DemandMax":null,"Value":2442},{"Length":40,"Height":61,"Demand":1,"DemandMax":null,"Value":2440},{"Length":53,"Height":46,"Demand":1,"DemandMax":null,"Value":2438},{"Length":42,"Height":58,"Demand":1,"DemandMax":null,"Value":2436},{"Length":27,"Height":90,"Demand":1,"DemandMax":null,"Value":2430},{"Length":41,"Height":59,"Demand":1,"DemandMax":null,"Value":2419},{"Length":78,"Height":31,"Demand":1,"DemandMax":null,"Value":2418},{"Length":60,"Height":40,"Demand":1,"DemandMax":null,"Value":2400},{"Length":38,"Height":63,"Demand":1,"DemandMax":null,"Value":2394},{"Length":77,"Height":31,"Demand":1,"DemandMax":null,"Value":2387},{"Length":45,"Height":53,"Demand":1,"DemandMax":null,"Value":2385},{"Length":58,"Height":41,"Demand":1,"DemandMax":null,"Value":2378},{"Length":64,"Height":37,"Demand":1,"DemandMax":null,"Value":2368},{"Length":49,"Height":48,"Demand":1,"DemandMax":null,"Value":2352},{"Length":29,"Height":81,"Demand":1,"DemandMax":null,"Value":2349},{"Length":51,"Height":46,"Demand":1,"DemandMax":null,"Value":2346},{"Length":71,"Height":33,"Demand":1,"DemandMax":null,"Value":2343},{"Length":60,"Height":39,"Demand":1,"DemandMax":null,"Value":2340},{"Length":41,"Height":57,"Demand":1,"DemandMax":null,"Value":2337},{"Length":44,"Height":53,"Demand":1,"DemandMax":null,"Value":2332},{"Length":37,"Height":63,"Demand":1,"DemandMax":null,"Value":2331},{"Length":54,"Height":43,"Demand":1,"DemandMax":null,"Value":2322},{"Length":34,"Height":68,"Demand":1,"DemandMax":null,"Value":2312},{"Length":70,"Height":33,"Demand":1,"DemandMax":null,"Value":2310},{"Length":42,"Height":55,"Demand":1,"DemandMax":null,"Value":2310},{"Length":32,"Height":72,"Demand":1,"DemandMax":null,"Value":2304},{"Length":64,"Height":36,"Demand":1,"DemandMax":null,"Value":2304},{"Length":47,"Height":49,"Demand":1,"DemandMax":null,"Value":2303},{"Length":51,"Height":45,"Demand":1,"DemandMax":null,"Value":2295},{"Length":46,"Height":49,"Demand":1,"DemandMax":null,"Value":2254},{"Length":51,"Height":44,"Demand":1,"DemandMax":null,"Value":2244},{"Length":28,"Height":80,"Demand":1,"DemandMax":null,"Value":2240},{"Length":26,"Height":86,"Demand":1,"DemandMax":null,"Value":2236},{"Length":89,"Height":25,"Demand":1,"DemandMax":null,"Value":2225},{"Length":37,"Height":60,"Demand":1,"DemandMax":null,"Value":2220},{"Length":41,"Height":54,"Demand":1,"DemandMax":null,"Value":2214},{"Length":33,"Height":67,"Demand":1,"DemandMax":null,"Value":2211},{"Length":69,"Height":32,"Demand":1,"DemandMax":null,"Value":2208},{"Length":71,"Height":31,"Demand":1,"DemandMax":null,"Value":2201},{"Length":88,"Height":25,"Demand":1,"DemandMax":null,"Value":2200},{"Length":50,"Height":44,"Demand":1,"DemandMax":null,"Value":2200},{"Length":66,"Height":33,"Demand":1,"DemandMax":null,"Value":2178},{"Length":25,"Height":87,"Demand":1,"DemandMax":null,"Value":2175},{"Length":70,"Height":31,"Demand":1,"DemandMax":null,"Value":2170},{"Length":27,"Height":80,"Demand":1,"DemandMax":null,"Value":2160},{"Length":54,"Height":40,"Demand":1,"DemandMax":null,"Value":2160},{"Length":30,"Height":72,"Demand":1,"DemandMax":null,"Value":2160},{"Length":77,"Height":28,"Demand":1,"DemandMax":null,"Value":2156},{"Length":25,"Height":86,"Demand":1,"DemandMax":null,"Value":2150},{"Length":50,"Height":43,"Demand":1,"DemandMax":null,"Value":2150},{"Length":37,"Height":58,"Demand":1,"DemandMax":null,"Value":2146},{"Length":32,"Height":67,"Demand":1,"DemandMax":null,"Value":2144},{"Length":41,"Height":52,"Demand":1,"DemandMax":null,"Value":2132},{"Length":76,"Height":28,"Demand":1,"DemandMax":null,"Value":2128},{"Length":46,"Height":46,"Demand":1,"DemandMax":null,"Value":2116},{"Length":31,"Height":68,"Demand":1,"DemandMax":null,"Value":2108},{"Length":62,"Height":34,"Demand":1,"DemandMax":null,"Value":2108},{"Length":49,"Height":43,"Demand":1,"DemandMax":null,"Value":2107},{"Length":26,"Height":81,"Demand":1,"DemandMax":null,"Value":2106},{"Length":27,"Height":78,"Demand":1,"DemandMax":null,"Value":2106},{"Length":75,"Height":28,"Demand":1,"DemandMax":null,"Value":2100},{"Length":50,"Height":42,"Demand":1,"DemandMax":null,"Value":2100},{"Length":38,"Height":55,"Demand":1,"DemandMax":null,"Value":2090},{"Length":77,"Height":27,"Demand":1,"DemandMax":null,"Value":2079},{"Length":83,"Height":25,"Demand":1,"DemandMax":null,"Value":2075},{"Length":61,"Height":34,"Demand":1,"DemandMax":null,"Value":2074},{"Length":86,"Height":24,"Demand":1,"DemandMax":null,"Value":2064},{"Length":26,"Height":79,"Demand":1,"DemandMax":null,"Value":2054},{"Length":54,"Height":38,"Demand":1,"DemandMax":null,"Value":2052},{"Length":50,"Height":41,"Demand":1,"DemandMax":null,"Value":2050},{"Length":64,"Height":32,"Demand":1,"DemandMax":null,"Value":2048},{"Length":89,"Height":23,"Demand":1,"DemandMax":null,"Value":2047},{"Length":62,"Height":33,"Demand":1,"DemandMax":null,"Value":2046},{"Length":28,"Height":73,"Demand":1,"DemandMax":null,"Value":2044},{"Length":85,"Height":24,"Demand":1,"DemandMax":null,"Value":2040},{"Length":55,"Height":37,"Demand":1,"DemandMax":null,"Value":2035},{"Length":39,"Height":52,"Demand":1,"DemandMax":null,"Value":2028},{"Length":25,"Height":81,"Demand":1,"DemandMax":null,"Value":2025},{"Length":27,"Height":75,"Demand":1,"DemandMax":null,"Value":2025},{"Length":23,"Height":88,"Demand":1,"DemandMax":null,"Value":2024},{"Length":63,"Height":32,"Demand":1,"DemandMax":null,"Value":2016},{"Length":48,"Height":42,"Demand":1,"DemandMax":null,"Value":2016},{"Length":59,"Height":34,"Demand":1,"DemandMax":null,"Value":2006},{"Length":69,"Height":29,"Demand":1,"DemandMax":null,"Value":2001},{"Length":50,"Height":40,"Demand":1,"DemandMax":null,"Value":2000},{"Length":39,"Height":51,"Demand":1,"DemandMax":null,"Value":1989},{"Length":71,"Height":28,"Demand":1,"DemandMax":null,"Value":1988},{"Length":90,"Height":22,"Demand":1,"DemandMax":null,"Value":1980},{"Length":46,"Height":43,"Demand":1,"DemandMax":null,"Value":1978},{"Length":23,"Height":86,"Demand":1,"DemandMax":null,"Value":1978},{"Length":37,"Height":53,"Demand":1,"DemandMax":null,"Value":1961},{"Length":49,"Height":40,"Demand":1,"DemandMax":null,"Value":1960},{"Length":26,"Height":75,"Demand":1,"DemandMax":null,"Value":1950},{"Length":59,"Height":33,"Demand":1,"DemandMax":null,"Value":1947},{"Length":43,"Height":45,"Demand":1,"DemandMax":null,"Value":1935},{"Length":87,"Height":22,"Demand":1,"DemandMax":null,"Value":1914},{"Length":49,"Height":39,"Demand":1,"DemandMax":null,"Value":1911},{"Length":83,"Height":23,"Demand":1,"DemandMax":null,"Value":1909},{"Length":53,"Height":36,"Demand":1,"DemandMax":null,"Value":1908},{"Length":28,"Height":68,"Demand":1,"DemandMax":null,"Value":1904},{"Length":27,"Height":70,"Demand":1,"DemandMax":null,"Value":1890},{"Length":90,"Height":21,"Demand":1,"DemandMax":null,"Value":1890},{"Length":59,"Height":32,"Demand":1,"DemandMax":null,"Value":1888},{"Length":25,"Height":75,"Demand":1,"DemandMax":null,"Value":1875},{"Length":34,"Height":55,"Demand":1,"DemandMax":null,"Value":1870},{"Length":22,"Height":85,"Demand":1,"DemandMax":null,"Value":1870},{"Length":81,"Height":23,"Demand":1,"DemandMax":null,"Value":1863},{"Length":35,"Height":53,"Demand":1,"DemandMax":null,"Value":1855},{"Length":28,"Height":66,"Demand":1,"DemandMax":null,"Value":1848},{"Length":84,"Height":22,"Demand":1,"DemandMax":null,"Value":1848},{"Length":40,"Height":46,"Demand":1,"DemandMax":null,"Value":1840},{"Length":36,"Height":51,"Demand":1,"DemandMax":null,"Value":1836},{"Length":47,"Height":39,"Demand":1,"DemandMax":null,"Value":1833},{"Length":63,"Height":29,"Demand":1,"DemandMax":null,"Value":1827},{"Length":21,"Height":87,"Demand":1,"DemandMax":null,"Value":1827},{"Length":76,"Height":24,"Demand":1,"DemandMax":null,"Value":1824},{"Length":48,"Height":38,"Demand":1,"DemandMax":null,"Value":1824},{"Length":55,"Height":33,"Demand":1,"DemandMax":null,"Value":1815},{"Length":67,"Height":27,"Demand":1,"DemandMax":null,"Value":1809},{"Length":42,"Height":43,"Demand":1,"DemandMax":null,"Value":1806},{"Length":21,"Height":86,"Demand":1,"DemandMax":null,"Value":1806},{"Length":82,"Height":22,"Demand":1,"DemandMax":null,"Value":1804},{"Length":34,"Height":53,"Demand":1,"DemandMax":null,"Value":1802},{"Length":90,"Height":20,"Demand":1,"DemandMax":null,"Value":1800},{"Length":40,"Height":45,"Demand":1,"DemandMax":null,"Value":1800},{"Length":50,"Height":36,"Demand":1,"DemandMax":null,"Value":1800},{"Length":28,"Height":64,"Demand":1,"DemandMax":null,"Value":1792},{"Length":33,"Height":54,"Demand":1,"DemandMax":null,"Value":1782},{"Length":27,"Height":66,"Demand":1,"DemandMax":null,"Value":1782},{"Length":37,"Height":48,"Demand":1,"DemandMax":null,"Value":1776},{"Length":61,"Height":29,"Demand":1,"DemandMax":null,"Value":1769},{"Length":42,"Height":42,"Demand":1,"DemandMax":null,"Value":1764},{"Length":35,"Height":50,"Demand":1,"DemandMax":null,"Value":1750},{"Length":25,"Height":70,"Demand":1,"DemandMax":null,"Value":1750},{"Length":46,"Height":38,"Demand":1,"DemandMax":null,"Value":1748},{"Length":29,"Height":60,"Demand":1,"DemandMax":null,"Value":1740},{"Length":22,"Height":79,"Demand":1,"DemandMax":null,"Value":1738},{"Length":56,"Height":31,"Demand":1,"DemandMax":null,"Value":1736},{"Length":54,"Height":32,"Demand":1,"DemandMax":null,"Value":1728},{"Length":82,"Height":21,"Demand":1,"DemandMax":null,"Value":1722},{"Length":86,"Height":20,"Demand":1,"DemandMax":null,"Value":1720},{"Length":39,"Height":44,"Demand":1,"DemandMax":null,"Value":1716},{"Length":19,"Height":90,"Demand":1,"DemandMax":null,"Value":1710},{"Length":45,"Height":38,"Demand":1,"DemandMax":null,"Value":1710},{"Length":31,"Height":55,"Demand":1,"DemandMax":null,"Value":1705},{"Length":63,"Height":27,"Demand":1,"DemandMax":null,"Value":1701},{"Length":50,"Height":34,"Demand":1,"DemandMax":null,"Value":1700},{"Length":51,"Height":33,"Demand":1,"DemandMax":null,"Value":1683},{"Length":20,"Height":84,"Demand":1,"DemandMax":null,"Value":1680},{"Length":73,"Height":23,"Demand":1,"DemandMax":null,"Value":1679},{"Length":43,"Height":39,"Demand":1,"DemandMax":null,"Value":1677},{"Length":27,"Height":62,"Demand":1,"DemandMax":null,"Value":1674},{"Length":38,"Height":44,"Demand":1,"DemandMax":null,"Value":1672},{"Length":83,"Height":20,"Demand":1,"DemandMax":null,"Value":1660},{"Length":21,"Height":79,"Demand":1,"DemandMax":null,"Value":1659},{"Length":50,"Height":33,"Demand":1,"DemandMax":null,"Value":1650},{"Length":66,"Height":25,"Demand":1,"DemandMax":null,"Value":1650},{"Length":35,"Height":47,"Demand":1,"DemandMax":null,"Value":1645},{"Length":31,"Height":53,"Demand":1,"DemandMax":null,"Value":1643},{"Length":82,"Height":20,"Demand":1,"DemandMax":null,"Value":1640},{"Length":26,"Height":63,"Demand":1,"DemandMax":null,"Value":1638},{"Length":38,"Height":43,"Demand":1,"DemandMax":null,"Value":1634},{"Length":74,"Height":22,"Demand":1,"DemandMax":null,"Value":1628},{"Length":29,"Height":56,"Demand":1,"DemandMax":null,"Value":1624},{"Length":28,"Height":58,"Demand":1,"DemandMax":null,"Value":1624},{"Length":90,"Height":18,"Demand":1,"DemandMax":null,"Value":1620},{"Length":54,"Height":30,"Demand":1,"DemandMax":null,"Value":1620},{"Length":62,"Height":26,"Demand":1,"DemandMax":null,"Value":1612},{"Length":46,"Height":35,"Demand":1,"DemandMax":null,"Value":1610},{"Length":20,"Height":80,"Demand":1,"DemandMax":null,"Value":1600},{"Length":25,"Height":64,"Demand":1,"DemandMax":null,"Value":1600},{"Length":32,"Height":50,"Demand":1,"DemandMax":null,"Value":1600},{"Length":84,"Height":19,"Demand":1,"DemandMax":null,"Value":1596},{"Length":27,"Height":59,"Demand":1,"DemandMax":null,"Value":1593},{"Length":20,"Height":79,"Demand":1,"DemandMax":null,"Value":1580},{"Length":35,"Height":45,"Demand":1,"DemandMax":null,"Value":1575},{"Length":29,"Height":54,"Demand":1,"DemandMax":null,"Value":1566},{"Length":34,"Height":46,"Demand":1,"DemandMax":null,"Value":1564},{"Length":22,"Height":71,"Demand":1,"DemandMax":null,"Value":1562},{"Length":50,"Height":31,"Demand":1,"DemandMax":null,"Value":1550},{"Length":43,"Height":36,"Demand":1,"DemandMax":null,"Value":1548},{"Length":57,"Height":27,"Demand":1,"DemandMax":null,"Value":1539},{"Length":29,"Height":53,"Demand":1,"DemandMax":null,"Value":1537},{"Length":45,"Height":34,"Demand":1,"DemandMax":null,"Value":1530},{"Length":31,"Height":49,"Demand":1,"DemandMax":null,"Value":1519},{"Length":22,"Height":69,"Demand":1,"DemandMax":null,"Value":1518},{"Length":89,"Height":17,"Demand":1,"DemandMax":null,"Value":1513},{"Length":42,"Height":36,"Demand":1,"DemandMax":null,"Value":1512},{"Length":29,"Height":52,"Demand":1,"DemandMax":null,"Value":1508},{"Length":20,"Height":75,"Demand":1,"DemandMax":null,"Value":1500},{"Length":25,"Height":60,"Demand":1,"DemandMax":null,"Value":1500},{"Length":50,"Height":30,"Demand":1,"DemandMax":null,"Value":1500},{"Length":88,"Height":17,"Demand":1,"DemandMax":null,"Value":1496},{"Length":23,"Height":65,"Demand":1,"DemandMax":null,"Value":1495},{"Length":71,"Height":21,"Demand":1,"DemandMax":null,"Value":1491},{"Length":55,"Height":27,"Demand":1,"DemandMax":null,"Value":1485},{"Length":38,"Height":39,"Demand":1,"DemandMax":null,"Value":1482},{"Length":37,"Height":40,"Demand":1,"DemandMax":null,"Value":1480},{"Length":59,"Height":25,"Demand":1,"DemandMax":null,"Value":1475},{"Length":70,"Height":21,"Demand":1,"DemandMax":null,"Value":1470},{"Length":18,"Height":81,"Demand":1,"DemandMax":null,"Value":1458},{"Length":28,"Height":52,"Demand":1,"DemandMax":null,"Value":1456},{"Length":56,"Height":26,"Demand":1,"DemandMax":null,"Value":1456},{"Length":25,"Height":58,"Demand":1,"DemandMax":null,"Value":1450},{"Length":23,"Height":63,"Demand":1,"DemandMax":null,"Value":1449},{"Length":21,"Height":69,"Demand":1,"DemandMax":null,"Value":1449},{"Length":85,"Height":17,"Demand":1,"DemandMax":null,"Value":1445},{"Length":39,"Height":37,"Demand":1,"DemandMax":null,"Value":1443},{"Length":16,"Height":90,"Demand":1,"DemandMax":null,"Value":1440},{"Length":41,"Height":35,"Demand":1,"DemandMax":null,"Value":1435},{"Length":23,"Height":62,"Demand":1,"DemandMax":null,"Value":1426},{"Length":25,"Height":57,"Demand":1,"DemandMax":null,"Value":1425},{"Length":33,"Height":43,"Demand":1,"DemandMax":null,"Value":1419},{"Length":17,"Height":83,"Demand":1,"DemandMax":null,"Value":1411},{"Length":22,"Height":64,"Demand":1,"DemandMax":null,"Value":1408},{"Length":52,"Height":27,"Demand":1,"DemandMax":null,"Value":1404},{"Length":18,"Height":78,"Demand":1,"DemandMax":null,"Value":1404},{"Length":39,"Height":36,"Demand":1,"DemandMax":null,"Value":1404},{"Length":26,"Height":54,"Demand":1,"DemandMax":null,"Value":1404},{"Length":25,"Height":56,"Demand":1,"DemandMax":null,"Value":1400},{"Length":58,"Height":24,"Demand":1,"DemandMax":null,"Value":1392},{"Length":53,"Height":26,"Demand":1,"DemandMax":null,"Value":1378},{"Length":27,"Height":51,"Demand":1,"DemandMax":null,"Value":1377},{"Length":16,"Height":86,"Demand":1,"DemandMax":null,"Value":1376},{"Length":25,"Height":55,"Demand":1,"DemandMax":null,"Value":1375},{"Length":19,"Height":72,"Demand":1,"DemandMax":null,"Value":1368},{"Length":36,"Height":38,"Demand":1,"DemandMax":null,"Value":1368},{"Length":47,"Height":29,"Demand":1,"DemandMax":null,"Value":1363},{"Length":17,"Height":80,"Demand":1,"DemandMax":null,"Value":1360},{"Length":15,"Height":90,"Demand":1,"DemandMax":null,"Value":1350},{"Length":42,"Height":32,"Demand":1,"DemandMax":null,"Value":1344},{"Length":21,"Height":64,"Demand":1,"DemandMax":null,"Value":1344},{"Length":24,"Height":56,"Demand":1,"DemandMax":null,"Value":1344},{"Length":61,"Height":22,"Demand":1,"DemandMax":null,"Value":1342},{"Length":23,"Height":58,"Demand":1,"DemandMax":null,"Value":1334},{"Length":46,"Height":29,"Demand":1,"DemandMax":null,"Value":1334},{"Length":36,"Height":37,"Demand":1,"DemandMax":null,"Value":1332},{"Length":83,"Height":16,"Demand":1,"DemandMax":null,"Value":1328},{"Length":26,"Height":51,"Demand":1,"DemandMax":null,"Value":1326},{"Length":53,"Height":25,"Demand":1,"DemandMax":null,"Value":1325},{"Length":24,"Height":55,"Demand":1,"DemandMax":null,"Value":1320},{"Length":40,"Height":33,"Demand":1,"DemandMax":null,"Value":1320},{"Length":23,"Height":57,"Demand":1,"DemandMax":null,"Value":1311},{"Length":54,"Height":24,"Demand":1,"DemandMax":null,"Value":1296},{"Length":68,"Height":19,"Demand":1,"DemandMax":null,"Value":1292},{"Length":40,"Height":32,"Demand":1,"DemandMax":null,"Value":1280},{"Length":15,"Height":85,"Demand":1,"DemandMax":null,"Value":1275},{"Length":53,"Height":24,"Demand":1,"DemandMax":null,"Value":1272},{"Length":47,"Height":27,"Demand":1,"DemandMax":null,"Value":1269},{"Length":36,"Height":35,"Demand":1,"DemandMax":null,"Value":1260},{"Length":42,"Height":30,"Demand":1,"DemandMax":null,"Value":1260},{"Length":50,"Height":25,"Demand":1,"DemandMax":null,"Value":1250},{"Length":26,"Height":48,"Demand":1,"DemandMax":null,"Value":1248},{"Length":27,"Height":46,"Demand":1,"DemandMax":null,"Value":1242},{"Length":62,"Height":20,"Demand":1,"DemandMax":null,"Value":1240},{"Length":59,"Height":21,"Demand":1,"DemandMax":null,"Value":1239},{"Length":22,"Height":56,"Demand":1,"DemandMax":null,"Value":1232},{"Length":36,"Height":34,"Demand":1,"DemandMax":null,"Value":1224},{"Length":38,"Height":32,"Demand":1,"DemandMax":null,"Value":1216},{"Length":31,"Height":39,"Demand":1,"DemandMax":null,"Value":1209},{"Length":28,"Height":43,"Demand":1,"DemandMax":null,"Value":1204},{"Length":16,"Height":75,"Demand":1,"DemandMax":null,"Value":1200},{"Length":50,"Height":24,"Demand":1,"DemandMax":null,"Value":1200},{"Length":35,"Height":34,"Demand":1,"DemandMax":null,"Value":1190},{"Length":85,"Height":14,"Demand":1,"DemandMax":null,"Value":1190},{"Length":29,"Height":41,"Demand":1,"DemandMax":null,"Value":1189},{"Length":33,"Height":36,"Demand":1,"DemandMax":null,"Value":1188},{"Length":79,"Height":15,"Demand":1,"DemandMax":null,"Value":1185},{"Length":37,"Height":32,"Demand":1,"DemandMax":null,"Value":1184},{"Length":28,"Height":42,"Demand":1,"DemandMax":null,"Value":1176},{"Length":24,"Height":49,"Demand":1,"DemandMax":null,"Value":1176},{"Length":26,"Height":45,"Demand":1,"DemandMax":null,"Value":1170},{"Length":30,"Height":39,"Demand":1,"DemandMax":null,"Value":1170},{"Length":78,"Height":15,"Demand":1,"DemandMax":null,"Value":1170},{"Length":27,"Height":43,"Demand":1,"DemandMax":null,"Value":1161},{"Length":29,"Height":40,"Demand":1,"DemandMax":null,"Value":1160},{"Length":61,"Height":19,"Demand":1,"DemandMax":null,"Value":1159},{"Length":34,"Height":34,"Demand":1,"DemandMax":null,"Value":1156},{"Length":35,"Height":33,"Demand":1,"DemandMax":null,"Value":1155},{"Length":24,"Height":48,"Demand":1,"DemandMax":null,"Value":1152},{"Length":41,"Height":28,"Demand":1,"DemandMax":null,"Value":1148},{"Length":44,"Height":26,"Demand":1,"DemandMax":null,"Value":1144},{"Length":60,"Height":19,"Demand":1,"DemandMax":null,"Value":1140},{"Length":21,"Height":54,"Demand":1,"DemandMax":null,"Value":1134},{"Length":13,"Height":87,"Demand":1,"DemandMax":null,"Value":1131},{"Length":56,"Height":20,"Demand":1,"DemandMax":null,"Value":1120},{"Length":13,"Height":86,"Demand":1,"DemandMax":null,"Value":1118},{"Length":14,"Height":79,"Demand":1,"DemandMax":null,"Value":1106},{"Length":22,"Height":50,"Demand":1,"DemandMax":null,"Value":1100},{"Length":73,"Height":15,"Demand":1,"DemandMax":null,"Value":1095},{"Length":52,"Height":21,"Demand":1,"DemandMax":null,"Value":1092},{"Length":13,"Height":84,"Demand":1,"DemandMax":null,"Value":1092},{"Length":19,"Height":57,"Demand":1,"DemandMax":null,"Value":1083},{"Length":60,"Height":18,"Demand":1,"DemandMax":null,"Value":1080},{"Length":72,"Height":15,"Demand":1,"DemandMax":null,"Value":1080},{"Length":63,"Height":17,"Demand":1,"DemandMax":null,"Value":1071},{"Length":89,"Height":12,"Demand":1,"DemandMax":null,"Value":1068},{"Length":41,"Height":26,"Demand":1,"DemandMax":null,"Value":1066},{"Length":82,"Height":13,"Demand":1,"DemandMax":null,"Value":1066},{"Length":16,"Height":66,"Demand":1,"DemandMax":null,"Value":1056},{"Length":32,"Height":33,"Demand":1,"DemandMax":null,"Value":1056},{"Length":55,"Height":19,"Demand":1,"DemandMax":null,"Value":1045},{"Length":65,"Height":16,"Demand":1,"DemandMax":null,"Value":1040},{"Length":37,"Height":28,"Demand":1,"DemandMax":null,"Value":1036},{"Length":33,"Height":31,"Demand":1,"DemandMax":null,"Value":1023},{"Length":51,"Height":20,"Demand":1,"DemandMax":null,"Value":1020},{"Length":34,"Height":30,"Demand":1,"DemandMax":null,"Value":1020},{"Length":35,"Height":29,"Demand":1,"DemandMax":null,"Value":1015},{"Length":22,"Height":46,"Demand":1,"DemandMax":null,"Value":1012},{"Length":12,"Height":84,"Demand":1,"DemandMax":null,"Value":1008},{"Length":63,"Height":16,"Demand":1,"DemandMax":null,"Value":1008},{"Length":14,"Height":72,"Demand":1,"DemandMax":null,"Value":1008},{"Length":21,"Height":48,"Demand":1,"DemandMax":null,"Value":1008},{"Length":19,"Height":53,"Demand":1,"DemandMax":null,"Value":1007},{"Length":67,"Height":15,"Demand":1,"DemandMax":null,"Value":1005},{"Length":59,"Height":17,"Demand":1,"DemandMax":null,"Value":1003},{"Length":25,"Height":40,"Demand":1,"DemandMax":null,"Value":1000},{"Length":45,"Height":22,"Demand":1,"DemandMax":null,"Value":990},{"Length":15,"Height":66,"Demand":1,"DemandMax":null,"Value":990},{"Length":43,"Height":23,"Demand":1,"DemandMax":null,"Value":989},{"Length":58,"Height":17,"Demand":1,"DemandMax":null,"Value":986},{"Length":41,"Height":24,"Demand":1,"DemandMax":null,"Value":984},{"Length":82,"Height":12,"Demand":1,"DemandMax":null,"Value":984},{"Length":70,"Height":14,"Demand":1,"DemandMax":null,"Value":980},{"Length":13,"Height":75,"Demand":1,"DemandMax":null,"Value":975},{"Length":12,"Height":81,"Demand":1,"DemandMax":null,"Value":972},{"Length":36,"Height":27,"Demand":1,"DemandMax":null,"Value":972},{"Length":17,"Height":57,"Demand":1,"DemandMax":null,"Value":969},{"Length":88,"Height":11,"Demand":1,"DemandMax":null,"Value":968},{"Length":37,"Height":26,"Demand":1,"DemandMax":null,"Value":962},{"Length":74,"Height":13,"Demand":1,"DemandMax":null,"Value":962},{"Length":15,"Height":64,"Demand":1,"DemandMax":null,"Value":960},{"Length":17,"Height":56,"Demand":1,"DemandMax":null,"Value":952},{"Length":86,"Height":11,"Demand":1,"DemandMax":null,"Value":946},{"Length":41,"Height":23,"Demand":1,"DemandMax":null,"Value":943},{"Length":26,"Height":36,"Demand":1,"DemandMax":null,"Value":936},{"Length":52,"Height":18,"Demand":1,"DemandMax":null,"Value":936},{"Length":72,"Height":13,"Demand":1,"DemandMax":null,"Value":936},{"Length":12,"Height":77,"Demand":1,"DemandMax":null,"Value":924},{"Length":76,"Height":12,"Demand":1,"DemandMax":null,"Value":912},{"Length":48,"Height":19,"Demand":1,"DemandMax":null,"Value":912},{"Length":38,"Height":24,"Demand":1,"DemandMax":null,"Value":912},{"Length":35,"Height":26,"Demand":1,"DemandMax":null,"Value":910},{"Length":22,"Height":41,"Demand":1,"DemandMax":null,"Value":902},{"Length":90,"Height":10,"Demand":1,"DemandMax":null,"Value":900},{"Length":45,"Height":20,"Demand":1,"DemandMax":null,"Value":900},{"Length":36,"Height":25,"Demand":1,"DemandMax":null,"Value":900},{"Length":29,"Height":31,"Demand":1,"DemandMax":null,"Value":899},{"Length":14,"Height":64,"Demand":1,"DemandMax":null,"Value":896},{"Length":32,"Height":28,"Demand":1,"DemandMax":null,"Value":896},{"Length":47,"Height":19,"Demand":1,"DemandMax":null,"Value":893},{"Length":12,"Height":74,"Demand":1,"DemandMax":null,"Value":888},{"Length":34,"Height":26,"Demand":1,"DemandMax":null,"Value":884},{"Length":18,"Height":49,"Demand":1,"DemandMax":null,"Value":882},{"Length":67,"Height":13,"Demand":1,"DemandMax":null,"Value":871},{"Length":79,"Height":11,"Demand":1,"DemandMax":null,"Value":869},{"Length":24,"Height":36,"Demand":1,"DemandMax":null,"Value":864},{"Length":39,"Height":22,"Demand":1,"DemandMax":null,"Value":858},{"Length":12,"Height":71,"Demand":1,"DemandMax":null,"Value":852},{"Length":50,"Height":17,"Demand":1,"DemandMax":null,"Value":850},{"Length":34,"Height":25,"Demand":1,"DemandMax":null,"Value":850},{"Length":16,"Height":53,"Demand":1,"DemandMax":null,"Value":848},{"Length":18,"Height":47,"Demand":1,"DemandMax":null,"Value":846},{"Length":40,"Height":21,"Demand":1,"DemandMax":null,"Value":840},{"Length":42,"Height":20,"Demand":1,"DemandMax":null,"Value":840},{"Length":15,"Height":56,"Demand":1,"DemandMax":null,"Value":840},{"Length":30,"Height":28,"Demand":1,"DemandMax":null,"Value":840},{"Length":14,"Height":60,"Demand":1,"DemandMax":null,"Value":840},{"Length":27,"Height":31,"Demand":1,"DemandMax":null,"Value":837},{"Length":17,"Height":49,"Demand":1,"DemandMax":null,"Value":833},{"Length":83,"Height":10,"Demand":1,"DemandMax":null,"Value":830},{"Length":69,"Height":12,"Demand":1,"DemandMax":null,"Value":828},{"Length":15,"Height":55,"Demand":1,"DemandMax":null,"Value":825},{"Length":75,"Height":11,"Demand":1,"DemandMax":null,"Value":825},{"Length":43,"Height":19,"Demand":1,"DemandMax":null,"Value":817},{"Length":24,"Height":34,"Demand":1,"DemandMax":null,"Value":816},{"Length":11,"Height":74,"Demand":1,"DemandMax":null,"Value":814},{"Length":58,"Height":14,"Demand":1,"DemandMax":null,"Value":812},{"Length":28,"Height":29,"Demand":1,"DemandMax":null,"Value":812},{"Length":81,"Height":10,"Demand":1,"DemandMax":null,"Value":810},{"Length":26,"Height":31,"Demand":1,"DemandMax":null,"Value":806},{"Length":13,"Height":62,"Demand":1,"DemandMax":null,"Value":806},{"Length":33,"Height":24,"Demand":1,"DemandMax":null,"Value":792},{"Length":44,"Height":18,"Demand":1,"DemandMax":null,"Value":792},{"Length":13,"Height":60,"Demand":1,"DemandMax":null,"Value":780},{"Length":52,"Height":15,"Demand":1,"DemandMax":null,"Value":780},{"Length":30,"Height":26,"Demand":1,"DemandMax":null,"Value":780},{"Length":78,"Height":10,"Demand":1,"DemandMax":null,"Value":780},{"Length":12,"Height":65,"Demand":1,"DemandMax":null,"Value":780},{"Length":10,"Height":77,"Demand":1,"DemandMax":null,"Value":770},{"Length":51,"Height":15,"Demand":1,"DemandMax":null,"Value":765},{"Length":18,"Height":42,"Demand":1,"DemandMax":null,"Value":756},{"Length":54,"Height":14,"Demand":1,"DemandMax":null,"Value":756},{"Length":36,"Height":21,"Demand":1,"DemandMax":null,"Value":756},{"Length":47,"Height":16,"Demand":1,"DemandMax":null,"Value":752},{"Length":75,"Height":10,"Demand":1,"DemandMax":null,"Value":750},{"Length":50,"Height":15,"Demand":1,"DemandMax":null,"Value":750},{"Length":68,"Height":11,"Demand":1,"DemandMax":null,"Value":748},{"Length":9,"Height":83,"Demand":1,"DemandMax":null,"Value":747},{"Length":39,"Height":19,"Demand":1,"DemandMax":null,"Value":741},{"Length":37,"Height":20,"Demand":1,"DemandMax":null,"Value":740},{"Length":9,"Height":82,"Demand":1,"DemandMax":null,"Value":738},{"Length":41,"Height":18,"Demand":1,"DemandMax":null,"Value":738},{"Length":67,"Height":11,"Demand":1,"DemandMax":null,"Value":737},{"Length":49,"Height":15,"Demand":1,"DemandMax":null,"Value":735},{"Length":56,"Height":13,"Demand":1,"DemandMax":null,"Value":728},{"Length":25,"Height":29,"Demand":1,"DemandMax":null,"Value":725},{"Length":16,"Height":45,"Demand":1,"DemandMax":null,"Value":720},{"Length":8,"Height":90,"Demand":1,"DemandMax":null,"Value":720},{"Length":11,"Height":65,"Demand":1,"DemandMax":null,"Value":715},{"Length":27,"Height":26,"Demand":1,"DemandMax":null,"Value":702},{"Length":54,"Height":13,"Demand":1,"DemandMax":null,"Value":702},{"Length":9,"Height":78,"Demand":1,"DemandMax":null,"Value":702},{"Length":28,"Height":25,"Demand":1,"DemandMax":null,"Value":700},{"Length":33,"Height":21,"Demand":1,"DemandMax":null,"Value":693},{"Length":77,"Height":9,"Demand":1,"DemandMax":null,"Value":693},{"Length":15,"Height":46,"Demand":1,"DemandMax":null,"Value":690},{"Length":69,"Height":10,"Demand":1,"DemandMax":null,"Value":690},{"Length":16,"Height":43,"Demand":1,"DemandMax":null,"Value":688},{"Length":31,"Height":22,"Demand":1,"DemandMax":null,"Value":682},{"Length":26,"Height":26,"Demand":1,"DemandMax":null,"Value":676},{"Length":15,"Height":45,"Demand":1,"DemandMax":null,"Value":675},{"Length":27,"Height":25,"Demand":1,"DemandMax":null,"Value":675},{"Length":48,"Height":14,"Demand":1,"DemandMax":null,"Value":672},{"Length":42,"Height":16,"Demand":1,"DemandMax":null,"Value":672},{"Length":61,"Height":11,"Demand":1,"DemandMax":null,"Value":671},{"Length":8,"Height":83,"Demand":1,"DemandMax":null,"Value":664},{"Length":51,"Height":13,"Demand":1,"DemandMax":null,"Value":663},{"Length":82,"Height":8,"Demand":1,"DemandMax":null,"Value":656},{"Length":16,"Height":41,"Demand":1,"DemandMax":null,"Value":656},{"Length":65,"Height":10,"Demand":1,"DemandMax":null,"Value":650},{"Length":8,"Height":81,"Demand":1,"DemandMax":null,"Value":648},{"Length":19,"Height":34,"Demand":1,"DemandMax":null,"Value":646},{"Length":23,"Height":28,"Demand":1,"DemandMax":null,"Value":644},{"Length":11,"Height":58,"Demand":1,"DemandMax":null,"Value":638},{"Length":13,"Height":49,"Demand":1,"DemandMax":null,"Value":637},{"Length":53,"Height":12,"Demand":1,"DemandMax":null,"Value":636},{"Length":18,"Height":35,"Demand":1,"DemandMax":null,"Value":630},{"Length":90,"Height":7,"Demand":1,"DemandMax":null,"Value":630},{"Length":10,"Height":63,"Demand":1,"DemandMax":null,"Value":630},{"Length":89,"Height":7,"Demand":1,"DemandMax":null,"Value":623},{"Length":27,"Height":23,"Demand":1,"DemandMax":null,"Value":621},{"Length":14,"Height":44,"Demand":1,"DemandMax":null,"Value":616},{"Length":22,"Height":28,"Demand":1,"DemandMax":null,"Value":616},{"Length":9,"Height":68,"Demand":1,"DemandMax":null,"Value":612},{"Length":12,"Height":51,"Demand":1,"DemandMax":null,"Value":612},{"Length":18,"Height":34,"Demand":1,"DemandMax":null,"Value":612},{"Length":11,"Height":55,"Demand":1,"DemandMax":null,"Value":605},{"Length":67,"Height":9,"Demand":1,"DemandMax":null,"Value":603},{"Length":8,"Height":75,"Demand":1,"DemandMax":null,"Value":600},{"Length":46,"Height":13,"Demand":1,"DemandMax":null,"Value":598},{"Length":18,"Height":33,"Demand":1,"DemandMax":null,"Value":594},{"Length":22,"Height":27,"Demand":1,"DemandMax":null,"Value":594},{"Length":74,"Height":8,"Demand":1,"DemandMax":null,"Value":592},{"Length":21,"Height":28,"Demand":1,"DemandMax":null,"Value":588},{"Length":12,"Height":49,"Demand":1,"DemandMax":null,"Value":588},{"Length":13,"Height":45,"Demand":1,"DemandMax":null,"Value":585},{"Length":9,"Height":65,"Demand":1,"DemandMax":null,"Value":585},{"Length":73,"Height":8,"Demand":1,"DemandMax":null,"Value":584},{"Length":29,"Height":20,"Demand":1,"DemandMax":null,"Value":580},{"Length":34,"Height":17,"Demand":1,"DemandMax":null,"Value":578},{"Length":16,"Height":36,"Demand":1,"DemandMax":null,"Value":576},{"Length":22,"Height":26,"Demand":1,"DemandMax":null,"Value":572},{"Length":38,"Height":15,"Demand":1,"DemandMax":null,"Value":570},{"Length":17,"Height":33,"Demand":1,"DemandMax":null,"Value":561},{"Length":28,"Height":20,"Demand":1,"DemandMax":null,"Value":560},{"Length":31,"Height":18,"Demand":1,"DemandMax":null,"Value":558},{"Length":8,"Height":69,"Demand":1,"DemandMax":null,"Value":552},{"Length":12,"Height":46,"Demand":1,"DemandMax":null,"Value":552},{"Length":19,"Height":29,"Demand":1,"DemandMax":null,"Value":551},{"Length":9,"Height":61,"Demand":1,"DemandMax":null,"Value":549},{"Length":14,"Height":39,"Demand":1,"DemandMax":null,"Value":546},{"Length":32,"Height":17,"Demand":1,"DemandMax":null,"Value":544},{"Length":8,"Height":68,"Demand":1,"DemandMax":null,"Value":544},{"Length":15,"Height":36,"Demand":1,"DemandMax":null,"Value":540},{"Length":11,"Height":49,"Demand":1,"DemandMax":null,"Value":539},{"Length":14,"Height":38,"Demand":1,"DemandMax":null,"Value":532},{"Length":10,"Height":53,"Demand":1,"DemandMax":null,"Value":530},{"Length":6,"Height":88,"Demand":1,"DemandMax":null,"Value":528},{"Length":44,"Height":12,"Demand":1,"DemandMax":null,"Value":528},{"Length":9,"Height":58,"Demand":1,"DemandMax":null,"Value":522},{"Length":40,"Height":13,"Demand":1,"DemandMax":null,"Value":520},{"Length":11,"Height":47,"Demand":1,"DemandMax":null,"Value":517},{"Length":27,"Height":19,"Demand":1,"DemandMax":null,"Value":513},{"Length":10,"Height":51,"Demand":1,"DemandMax":null,"Value":510},{"Length":15,"Height":34,"Demand":1,"DemandMax":null,"Value":510},{"Length":12,"Height":42,"Demand":1,"DemandMax":null,"Value":504},{"Length":28,"Height":18,"Demand":1,"DemandMax":null,"Value":504},{"Length":83,"Height":6,"Demand":1,"DemandMax":null,"Value":498},{"Length":8,"Height":62,"Demand":1,"DemandMax":null,"Value":496},{"Length":55,"Height":9,"Demand":1,"DemandMax":null,"Value":495},{"Length":82,"Height":6,"Demand":1,"DemandMax":null,"Value":492},{"Length":70,"Height":7,"Demand":1,"DemandMax":null,"Value":490},{"Length":8,"Height":61,"Demand":1,"DemandMax":null,"Value":488},{"Length":48,"Height":10,"Demand":1,"DemandMax":null,"Value":480},{"Length":32,"Height":15,"Demand":1,"DemandMax":null,"Value":480},{"Length":80,"Height":6,"Demand":1,"DemandMax":null,"Value":480},{"Length":19,"Height":25,"Demand":1,"DemandMax":null,"Value":475},{"Length":43,"Height":11,"Demand":1,"DemandMax":null,"Value":473},{"Length":39,"Height":12,"Demand":1,"DemandMax":null,"Value":468},{"Length":26,"Height":18,"Demand":1,"DemandMax":null,"Value":468},{"Length":36,"Height":13,"Demand":1,"DemandMax":null,"Value":468},{"Length":15,"Height":31,"Demand":1,"DemandMax":null,"Value":465},{"Length":8,"Height":58,"Demand":1,"DemandMax":null,"Value":464},{"Length":66,"Height":7,"Demand":1,"DemandMax":null,"Value":462},{"Length":77,"Height":6,"Demand":1,"DemandMax":null,"Value":462},{"Length":46,"Height":10,"Demand":1,"DemandMax":null,"Value":460},{"Length":76,"Height":6,"Demand":1,"DemandMax":null,"Value":456},{"Length":12,"Height":38,"Demand":1,"DemandMax":null,"Value":456},{"Length":11,"Height":41,"Demand":1,"DemandMax":null,"Value":451},{"Length":14,"Height":32,"Demand":1,"DemandMax":null,"Value":448},{"Length":56,"Height":8,"Demand":1,"DemandMax":null,"Value":448},{"Length":7,"Height":64,"Demand":1,"DemandMax":null,"Value":448},{"Length":17,"Height":26,"Demand":1,"DemandMax":null,"Value":442},{"Length":7,"Height":63,"Demand":1,"DemandMax":null,"Value":441},{"Length":11,"Height":40,"Demand":1,"DemandMax":null,"Value":440},{"Length":16,"Height":27,"Demand":1,"DemandMax":null,"Value":432},{"Length":10,"Height":43,"Demand":1,"DemandMax":null,"Value":430},{"Length":6,"Height":70,"Demand":1,"DemandMax":null,"Value":420},{"Length":7,"Height":60,"Demand":1,"DemandMax":null,"Value":420},{"Length":12,"Height":35,"Demand":1,"DemandMax":null,"Value":420},{"Length":14,"Height":30,"Demand":1,"DemandMax":null,"Value":420},{"Length":32,"Height":13,"Demand":1,"DemandMax":null,"Value":416},{"Length":34,"Height":12,"Demand":1,"DemandMax":null,"Value":408},{"Length":8,"Height":51,"Demand":1,"DemandMax":null,"Value":408},{"Length":27,"Height":15,"Demand":1,"DemandMax":null,"Value":405},{"Length":6,"Height":67,"Demand":1,"DemandMax":null,"Value":402},{"Length":10,"Height":40,"Demand":1,"DemandMax":null,"Value":400},{"Length":57,"Height":7,"Demand":1,"DemandMax":null,"Value":399},{"Length":12,"Height":33,"Demand":1,"DemandMax":null,"Value":396},{"Length":11,"Height":36,"Demand":1,"DemandMax":null,"Value":396},{"Length":66,"Height":6,"Demand":1,"DemandMax":null,"Value":396},{"Length":6,"Height":65,"Demand":1,"DemandMax":null,"Value":390},{"Length":13,"Height":30,"Demand":1,"DemandMax":null,"Value":390},{"Length":26,"Height":15,"Demand":1,"DemandMax":null,"Value":390},{"Length":18,"Height":21,"Demand":1,"DemandMax":null,"Value":378},{"Length":22,"Height":17,"Demand":1,"DemandMax":null,"Value":374},{"Length":41,"Height":9,"Demand":1,"DemandMax":null,"Value":369},{"Length":6,"Height":61,"Demand":1,"DemandMax":null,"Value":366},{"Length":52,"Height":7,"Demand":1,"DemandMax":null,"Value":364},{"Length":12,"Height":30,"Demand":1,"DemandMax":null,"Value":360},{"Length":51,"Height":7,"Demand":1,"DemandMax":null,"Value":357},{"Length":21,"Height":17,"Demand":1,"DemandMax":null,"Value":357},{"Length":8,"Height":44,"Demand":1,"DemandMax":null,"Value":352},{"Length":16,"Height":22,"Demand":1,"DemandMax":null,"Value":352},{"Length":39,"Height":9,"Demand":1,"DemandMax":null,"Value":351},{"Length":7,"Height":50,"Demand":1,"DemandMax":null,"Value":350},{"Length":31,"Height":11,"Demand":1,"DemandMax":null,"Value":341},{"Length":26,"Height":13,"Demand":1,"DemandMax":null,"Value":338},{"Length":16,"Height":21,"Demand":1,"DemandMax":null,"Value":336},{"Length":22,"Height":15,"Demand":1,"DemandMax":null,"Value":330},{"Length":47,"Height":7,"Demand":1,"DemandMax":null,"Value":329},{"Length":41,"Height":8,"Demand":1,"DemandMax":null,"Value":328},{"Length":13,"Height":25,"Demand":1,"DemandMax":null,"Value":325},{"Length":54,"Height":6,"Demand":1,"DemandMax":null,"Value":324},{"Length":20,"Height":16,"Demand":1,"DemandMax":null,"Value":320},{"Length":7,"Height":45,"Demand":1,"DemandMax":null,"Value":315},{"Length":13,"Height":24,"Demand":1,"DemandMax":null,"Value":312},{"Length":28,"Height":11,"Demand":1,"DemandMax":null,"Value":308},{"Length":12,"Height":25,"Demand":1,"DemandMax":null,"Value":300},{"Length":41,"Height":7,"Demand":1,"DemandMax":null,"Value":287},{"Length":47,"Height":6,"Demand":1,"DemandMax":null,"Value":282},{"Length":40,"Height":7,"Demand":1,"DemandMax":null,"Value":280},{"Length":9,"Height":31,"Demand":1,"DemandMax":null,"Value":279},{"Length":46,"Height":6,"Demand":1,"DemandMax":null,"Value":276},{"Length":25,"Height":11,"Demand":1,"DemandMax":null,"Value":275},{"Length":7,"Height":39,"Demand":1,"DemandMax":null,"Value":273},{"Length":16,"Height":17,"Demand":1,"DemandMax":null,"Value":272},{"Length":18,"Height":15,"Demand":1,"DemandMax":null,"Value":270},{"Length":19,"Height":14,"Demand":1,"DemandMax":null,"Value":266},{"Length":11,"Height":24,"Demand":1,"DemandMax":null,"Value":264},{"Length":14,"Height":18,"Demand":1,"DemandMax":null,"Value":252},{"Length":6,"Height":42,"Demand":1,"DemandMax":null,"Value":252},{"Length":27,"Height":9,"Demand":1,"DemandMax":null,"Value":243},{"Length":10,"Height":24,"Demand":1,"DemandMax":null,"Value":240},{"Length":13,"Height":18,"Demand":1,"DemandMax":null,"Value":234},{"Length":7,"Height":33,"Demand":1,"DemandMax":null,"Value":231},{"Length":23,"Height":10,"Demand":1,"DemandMax":null,"Value":230},{"Length":15,"Height":15,"Demand":1,"DemandMax":null,"Value":225},{"Length":7,"Height":32,"Demand":1,"DemandMax":null,"Value":224},{"Length":8,"Height":28,"Demand":1,"DemandMax":null,"Value":224},{"Length":37,"Height":6,"Demand":1,"DemandMax":null,"Value":222},{"Length":7,"Height":31,"Demand":1,"DemandMax":null,"Value":217},{"Length":35,"Height":6,"Demand":1,"DemandMax":null,"Value":210},{"Length":10,"Height":20,"Demand":1,"DemandMax":null,"Value":200},{"Length":18,"Height":11,"Demand":1,"DemandMax":null,"Value":198},{"Length":6,"Height":33,"Demand":1,"DemandMax":null,"Value":198},{"Length":27,"Height":7,"Demand":1,"DemandMax":null,"Value":189},{"Length":18,"Height":10,"Demand":1,"DemandMax":null,"Value":180},{"Length":30,"Height":6,"Demand":1,"DemandMax":null,"Value":180},{"Length":13,"Height":13,"Demand":1,"DemandMax":null,"Value":169},{"Length":24,"Height":7,"Demand":1,"DemandMax":null,"Value":168},{"Length":28,"Height":6,"Demand":1,"DemandMax":null,"Value":168},{"Length":7,"Height":23,"Demand":1,"DemandMax":null,"Value":161},{"Length":16,"Height":10,"Demand":1,"DemandMax":null,"Value":160},{"Length":12,"Height":13,"Demand":1,"DemandMax":null,"Value":156},{"Length":25,"Height":6,"Demand":1,"DemandMax":null,"Value":150},{"Length":12,"Height":12,"Demand":1,"DemandMax":null,"Value":144},{"Length":6,"Height":23,"Demand":1,"DemandMax":null,"Value":138},{"Length":15,"Height":9,"Demand":1,"DemandMax":null,"Value":135},{"Length":9,"Height":14,"Demand":1,"DemandMax":null,"Value":126},{"Length":14,"Height":8,"Demand":1,"DemandMax":null,"Value":112},{"Length":16,"Height":7,"Demand":1,"DemandMax":null,"Value":112},{"Length":6,"Height":18,"Demand":1,"DemandMax":null,"Value":108},{"Length":7,"Height":15,"Demand":1,"DemandMax":null,"Value":105},{"Length":7,"Height":14,"Demand":1,"DemandMax":null,"Value":98},{"Length":13,"Height":7,"Demand":1,"DemandMax":null,"Value":91},{"Length":11,"Height":8,"Demand":1,"DemandMax":null,"Value":88},{"Length":6,"Height":14,"Demand":1,"DemandMax":null,"Value":84},{"Length":9,"Height":8,"Demand":1,"DemandMax":null,"Value":72},{"Length":10,"Height":7,"Demand":1,"DemandMax":null,"Value":70},{"Length":7,"Height":7,"Demand":1,"DemandMax":null,"Value":49}]}