{"Name":"AH315","Objects":[{"Length":1000,"Height":2490,"Stock":null,"Cost":2490000}],"Items":[{"Length":75,"Height":74,"Demand":1,"DemandMax":null,"Value":5550},{"Length":74,"Height":74,"Demand":1,"DemandMax":null,"Value":5476},{"Length":73,"Height":75,"Demand":1,"DemandMax":null,"Value":5475},{"Length":73,"Height":73,"Demand":1,"DemandMax":null,"Value":5329},{"Length":72,"Height":73,"Demand":1,"DemandMax":null,"Value":5256},{"Length":74,"Height":71,"Demand":1,"DemandMax":null,"Value":5254},{"Length":75,"Height":70,"Demand":1,"DemandMax":null,"Value":5250},{"Length":72,"Height":72,"Demand":1,"DemandMax":null,"Value":5184},{"Length":73,"Height":71,"Demand":1,"DemandMax":null,"Value":5183},{"Length":74,"Height":70,"Demand":1,"DemandMax":null,"Value":5180},{"Length":75,"Height":69,"Demand":1,"DemandMax":null,"Value":5175},{"Length":72,"Height":71,"Demand":1,"DemandMax":null,"Value":5112},{"Length":70,"Height":73,"Demand":1,"DemandMax":null,"Value":5110},{"Length":69,"Height":74,"Demand":1,"DemandMax":null,"Value":5106},{"Length":68,"Height":75,"Demand":1,"DemandMax":null,"Value":5100},{"Length":72,"Height":70,"Demand":1,"DemandMax":null,"Value":5040},{"Length":68,"Height":74,"Demand":1,"DemandMax":null,"Value":5032},{"Length":67,"Height":75,"Demand":1,"DemandMax":null,"Value":5025},{"Length":71,"Height":70,"Demand":1,"DemandMax":null,"Value":4970},{"Length":73,"Height":68,"Demand":1,"DemandMax":null,"Value":4964},{"Length":69,"Height":71,"Demand":1,"DemandMax":null,"Value":4899},{"Length":68,"Height":72,"Demand":1,"DemandMax":null,"Value":4896},{"Length":66,"Height":74,"Demand":1,"DemandMax":null,"Value":4884},{"Length":65,"Height":75,"Demand":1,"DemandMax":null,"Value":4875},{"Length":69,"Height":70,"Demand":1,"DemandMax":null,"Value":4830},{"Length":71,"Height":68,"Demand":1,"DemandMax":null,"Value":4828},{"Length":67,"Height":72,"Demand":1,"DemandMax":null,"Value":4824},{"Length":73,"Height":66,"Demand":1,"DemandMax":null,"Value":4818},{"Length":65,"Height":74,"Demand":1,"DemandMax":null,"Value":4810},{"Length":64,"Height":75,"Demand":1,"DemandMax":null,"Value":4800},{"Length":70,"Height":68,"Demand":1,"DemandMax":null,"Value":4760},{"Length":67,"Height":71,"Demand":1,"DemandMax":null,"Value":4757},{"Length":66,"Height":72,"Demand":1,"DemandMax":null,"Value":4752},{"Length":74,"Height":64,"Demand":1,"DemandMax":null,"Value":4736},{"Length":63,"Height":75,"Demand":1,"DemandMax":null,"Value":4725},{"Length":69,"Height":68,"Demand":1,"DemandMax":null,"Value":4692},{"Length":67,"Height":70,"Demand":1,"DemandMax":null,"Value":4690},{"Length":66,"Height":71,"Demand":1,"DemandMax":null,"Value":4686},{"Length":65,"Height":72,"Demand":1,"DemandMax":null,"Value":4680},{"Length":64,"Height":73,"Demand":1,"DemandMax":null,"Value":4672},{"Length":63,"Height":74,"Demand":1,"DemandMax":null,"Value":4662},{"Length":62,"Height":75,"Demand":1,"DemandMax":null,"Value":4650},{"Length":68,"Height":68,"Demand":1,"DemandMax":null,"Value":4624},{"Length":71,"Height":65,"Demand":1,"DemandMax":null,"Value":4615},{"Length":72,"Height":64,"Demand":1,"DemandMax":null,"Value":4608},{"Length":63,"Height":73,"Demand":1,"DemandMax":null,"Value":4599},{"Length":68,"Height":67,"Demand":1,"DemandMax":null,"Value":4556},{"Length":66,"Height":69,"Demand":1,"DemandMax":null,"Value":4554},{"Length":65,"Height":70,"Demand":1,"DemandMax":null,"Value":4550},{"Length":71,"Height":64,"Demand":1,"DemandMax":null,"Value":4544},{"Length":72,"Height":63,"Demand":1,"DemandMax":null,"Value":4536},{"Length":73,"Height":62,"Demand":1,"DemandMax":null,"Value":4526},{"Length":74,"Height":61,"Demand":1,"DemandMax":null,"Value":4514},{"Length":75,"Height":60,"Demand":1,"DemandMax":null,"Value":4500},{"Length":68,"Height":66,"Demand":1,"DemandMax":null,"Value":4488},{"Length":65,"Height":69,"Demand":1,"DemandMax":null,"Value":4485},{"Length":70,"Height":64,"Demand":1,"DemandMax":null,"Value":4480},{"Length":63,"Height":71,"Demand":1,"DemandMax":null,"Value":4473},{"Length":62,"Height":72,"Demand":1,"DemandMax":null,"Value":4464},{"Length":73,"Height":61,"Demand":1,"DemandMax":null,"Value":4453},{"Length":74,"Height":60,"Demand":1,"DemandMax":null,"Value":4440},{"Length":75,"Height":59,"Demand":1,"DemandMax":null,"Value":4425},{"Length":67,"Height":66,"Demand":1,"DemandMax":null,"Value":4422},{"Length":65,"Height":68,"Demand":1,"DemandMax":null,"Value":4420},{"Length":64,"Height":69,"Demand":1,"DemandMax":null,"Value":4416},{"Length":63,"Height":70,"Demand":1,"DemandMax":null,"Value":4410},{"Length":72,"Height":61,"Demand":1,"DemandMax":null,"Value":4392},{"Length":59,"Height":74,"Demand":1,"DemandMax":null,"Value":4366},{"Length":65,"Height":67,"Demand":1,"DemandMax":null,"Value":4355},{"Length":64,"Height":68,"Demand":1,"DemandMax":null,"Value":4352},{"Length":75,"Height":58,"Demand":1,"DemandMax":null,"Value":4350},{"Length":62,"Height":70,"Demand":1,"DemandMax":null,"Value":4340},{"Length":61,"Height":71,"Demand":1,"DemandMax":null,"Value":4331},{"Length":60,"Height":72,"Demand":1,"DemandMax":null,"Value":4320},{"Length":73,"Height":59,"Demand":1,"DemandMax":null,"Value":4307},{"Length":74,"Height":58,"Demand":1,"DemandMax":null,"Value":4292},{"Length":66,"Height":65,"Demand":1,"DemandMax":null,"Value":4290},{"Length":67,"Height":64,"Demand":1,"DemandMax":null,"Value":4288},{"Length":63,"Height":68,"Demand":1,"DemandMax":null,"Value":4284},{"Length":69,"Height":62,"Demand":1,"DemandMax":null,"Value":4278},{"Length":61,"Height":70,"Demand":1,"DemandMax":null,"Value":4270},{"Length":71,"Height":60,"Demand":1,"DemandMax":null,"Value":4260},{"Length":59,"Height":72,"Demand":1,"DemandMax":null,"Value":4248},{"Length":58,"Height":73,"Demand":1,"DemandMax":null,"Value":4234},{"Length":65,"Height":65,"Demand":1,"DemandMax":null,"Value":4225},{"Length":63,"Height":67,"Demand":1,"DemandMax":null,"Value":4221},{"Length":57,"Height":74,"Demand":1,"DemandMax":null,"Value":4218},{"Length":69,"Height":61,"Demand":1,"DemandMax":null,"Value":4209},{"Length":58,"Height":72,"Demand":1,"DemandMax":null,"Value":4176},{"Length":73,"Height":57,"Demand":1,"DemandMax":null,"Value":4161},{"Length":65,"Height":64,"Demand":1,"DemandMax":null,"Value":4160},{"Length":66,"Height":63,"Demand":1,"DemandMax":null,"Value":4158},{"Length":67,"Height":62,"Demand":1,"DemandMax":null,"Value":4154},{"Length":61,"Height":68,"Demand":1,"DemandMax":null,"Value":4148},{"Length":69,"Height":60,"Demand":1,"DemandMax":null,"Value":4140},{"Length":59,"Height":70,"Demand":1,"DemandMax":null,"Value":4130},{"Length":57,"Height":72,"Demand":1,"DemandMax":null,"Value":4104},{"Length":63,"Height":65,"Demand":1,"DemandMax":null,"Value":4095},{"Length":62,"Height":66,"Demand":1,"DemandMax":null,"Value":4092},{"Length":67,"Height":61,"Demand":1,"DemandMax":null,"Value":4087},{"Length":59,"Height":69,"Demand":1,"DemandMax":null,"Value":4071},{"Length":55,"Height":74,"Demand":1,"DemandMax":null,"Value":4070},{"Length":54,"Height":75,"Demand":1,"DemandMax":null,"Value":4050},{"Length":57,"Height":71,"Demand":1,"DemandMax":null,"Value":4047},{"Length":63,"Height":64,"Demand":1,"DemandMax":null,"Value":4032},{"Length":60,"Height":67,"Demand":1,"DemandMax":null,"Value":4020},{"Length":68,"Height":59,"Demand":1,"DemandMax":null,"Value":4012},{"Length":69,"Height":58,"Demand":1,"DemandMax":null,"Value":4002},{"Length":70,"Height":57,"Demand":1,"DemandMax":null,"Value":3990},{"Length":71,"Height":56,"Demand":1,"DemandMax":null,"Value":3976},{"Length":75,"Height":53,"Demand":1,"DemandMax":null,"Value":3975},{"Length":62,"Height":64,"Demand":1,"DemandMax":null,"Value":3968},{"Length":65,"Height":61,"Demand":1,"DemandMax":null,"Value":3965},{"Length":60,"Height":66,"Demand":1,"DemandMax":null,"Value":3960},{"Length":55,"Height":72,"Demand":1,"DemandMax":null,"Value":3960},{"Length":59,"Height":67,"Demand":1,"DemandMax":null,"Value":3953},{"Length":74,"Height":53,"Demand":1,"DemandMax":null,"Value":3922},{"Length":56,"Height":70,"Demand":1,"DemandMax":null,"Value":3920},{"Length":71,"Height":55,"Demand":1,"DemandMax":null,"Value":3905},{"Length":59,"Height":66,"Demand":1,"DemandMax":null,"Value":3894},{"Length":54,"Height":72,"Demand":1,"DemandMax":null,"Value":3888},{"Length":58,"Height":67,"Demand":1,"DemandMax":null,"Value":3886},{"Length":57,"Height":68,"Demand":1,"DemandMax":null,"Value":3876},{"Length":73,"Height":53,"Demand":1,"DemandMax":null,"Value":3869},{"Length":69,"Height":56,"Demand":1,"DemandMax":null,"Value":3864},{"Length":55,"Height":70,"Demand":1,"DemandMax":null,"Value":3850},{"Length":74,"Height":52,"Demand":1,"DemandMax":null,"Value":3848},{"Length":54,"Height":71,"Demand":1,"DemandMax":null,"Value":3834},{"Length":58,"Height":66,"Demand":1,"DemandMax":null,"Value":3828},{"Length":75,"Height":51,"Demand":1,"DemandMax":null,"Value":3825},{"Length":72,"Height":53,"Demand":1,"DemandMax":null,"Value":3816},{"Length":56,"Height":68,"Demand":1,"DemandMax":null,"Value":3808},{"Length":52,"Height":73,"Demand":1,"DemandMax":null,"Value":3796},{"Length":69,"Height":55,"Demand":1,"DemandMax":null,"Value":3795},{"Length":61,"Height":62,"Demand":1,"DemandMax":null,"Value":3782},{"Length":54,"Height":70,"Demand":1,"DemandMax":null,"Value":3780},{"Length":60,"Height":63,"Demand":1,"DemandMax":null,"Value":3780},{"Length":64,"Height":59,"Demand":1,"DemandMax":null,"Value":3776},{"Length":74,"Height":51,"Demand":1,"DemandMax":null,"Value":3774},{"Length":65,"Height":58,"Demand":1,"DemandMax":null,"Value":3770},{"Length":71,"Height":53,"Demand":1,"DemandMax":null,"Value":3763},{"Length":57,"Height":66,"Demand":1,"DemandMax":null,"Value":3762},{"Length":56,"Height":67,"Demand":1,"DemandMax":null,"Value":3752},{"Length":50,"Height":75,"Demand":1,"DemandMax":null,"Value":3750},{"Length":72,"Height":52,"Demand":1,"DemandMax":null,"Value":3744},{"Length":68,"Height":55,"Demand":1,"DemandMax":null,"Value":3740},{"Length":69,"Height":54,"Demand":1,"DemandMax":null,"Value":3726},{"Length":61,"Height":61,"Demand":1,"DemandMax":null,"Value":3721},{"Length":60,"Height":62,"Demand":1,"DemandMax":null,"Value":3720},{"Length":59,"Height":63,"Demand":1,"DemandMax":null,"Value":3717},{"Length":64,"Height":58,"Demand":1,"DemandMax":null,"Value":3712},{"Length":65,"Height":57,"Demand":1,"DemandMax":null,"Value":3705},{"Length":66,"Height":56,"Demand":1,"DemandMax":null,"Value":3696},{"Length":52,"Height":71,"Demand":1,"DemandMax":null,"Value":3692},{"Length":55,"Height":67,"Demand":1,"DemandMax":null,"Value":3685},{"Length":68,"Height":54,"Demand":1,"DemandMax":null,"Value":3672},{"Length":72,"Height":51,"Demand":1,"DemandMax":null,"Value":3672},{"Length":61,"Height":60,"Demand":1,"DemandMax":null,"Value":3660},{"Length":53,"Height":69,"Demand":1,"DemandMax":null,"Value":3657},{"Length":73,"Height":50,"Demand":1,"DemandMax":null,"Value":3650},{"Length":57,"Height":64,"Demand":1,"DemandMax":null,"Value":3648},{"Length":52,"Height":70,"Demand":1,"DemandMax":null,"Value":3640},{"Length":74,"Height":49,"Demand":1,"DemandMax":null,"Value":3626},{"Length":71,"Height":51,"Demand":1,"DemandMax":null,"Value":3621},{"Length":53,"Height":68,"Demand":1,"DemandMax":null,"Value":3604},{"Length":75,"Height":48,"Demand":1,"DemandMax":null,"Value":3600},{"Length":59,"Height":61,"Demand":1,"DemandMax":null,"Value":3599},{"Length":62,"Height":58,"Demand":1,"DemandMax":null,"Value":3596},{"Length":57,"Height":63,"Demand":1,"DemandMax":null,"Value":3591},{"Length":64,"Height":56,"Demand":1,"DemandMax":null,"Value":3584},{"Length":73,"Height":49,"Demand":1,"DemandMax":null,"Value":3577},{"Length":55,"Height":65,"Demand":1,"DemandMax":null,"Value":3575},{"Length":70,"Height":51,"Demand":1,"DemandMax":null,"Value":3570},{"Length":66,"Height":54,"Demand":1,"DemandMax":null,"Value":3564},{"Length":48,"Height":74,"Demand":1,"DemandMax":null,"Value":3552},{"Length":67,"Height":53,"Demand":1,"DemandMax":null,"Value":3551},{"Length":50,"Height":71,"Demand":1,"DemandMax":null,"Value":3550},{"Length":59,"Height":60,"Demand":1,"DemandMax":null,"Value":3540},{"Length":52,"Height":68,"Demand":1,"DemandMax":null,"Value":3536},{"Length":49,"Height":72,"Demand":1,"DemandMax":null,"Value":3528},{"Length":63,"Height":56,"Demand":1,"DemandMax":null,"Value":3528},{"Length":75,"Height":47,"Demand":1,"DemandMax":null,"Value":3525},{"Length":69,"Height":51,"Demand":1,"DemandMax":null,"Value":3519},{"Length":73,"Height":48,"Demand":1,"DemandMax":null,"Value":3504},{"Length":50,"Height":70,"Demand":1,"DemandMax":null,"Value":3500},{"Length":52,"Height":67,"Demand":1,"DemandMax":null,"Value":3484},{"Length":59,"Height":59,"Demand":1,"DemandMax":null,"Value":3481},{"Length":49,"Height":71,"Demand":1,"DemandMax":null,"Value":3479},{"Length":62,"Height":56,"Demand":1,"DemandMax":null,"Value":3472},{"Length":51,"Height":68,"Demand":1,"DemandMax":null,"Value":3468},{"Length":64,"Height":54,"Demand":1,"DemandMax":null,"Value":3456},{"Length":48,"Height":72,"Demand":1,"DemandMax":null,"Value":3456},{"Length":69,"Height":50,"Demand":1,"DemandMax":null,"Value":3450},{"Length":46,"Height":75,"Demand":1,"DemandMax":null,"Value":3450},{"Length":65,"Height":53,"Demand":1,"DemandMax":null,"Value":3445},{"Length":52,"Height":66,"Demand":1,"DemandMax":null,"Value":3432},{"Length":73,"Height":47,"Demand":1,"DemandMax":null,"Value":3431},{"Length":70,"Height":49,"Demand":1,"DemandMax":null,"Value":3430},{"Length":58,"Height":59,"Demand":1,"DemandMax":null,"Value":3422},{"Length":60,"Height":57,"Demand":1,"DemandMax":null,"Value":3420},{"Length":67,"Height":51,"Demand":1,"DemandMax":null,"Value":3417},{"Length":55,"Height":62,"Demand":1,"DemandMax":null,"Value":3410},{"Length":74,"Height":46,"Demand":1,"DemandMax":null,"Value":3404},{"Length":54,"Height":63,"Demand":1,"DemandMax":null,"Value":3402},{"Length":64,"Height":53,"Demand":1,"DemandMax":null,"Value":3392},{"Length":47,"Height":72,"Demand":1,"DemandMax":null,"Value":3384},{"Length":49,"Height":69,"Demand":1,"DemandMax":null,"Value":3381},{"Length":52,"Height":65,"Demand":1,"DemandMax":null,"Value":3380},{"Length":75,"Height":45,"Demand":1,"DemandMax":null,"Value":3375},{"Length":51,"Height":66,"Demand":1,"DemandMax":null,"Value":3366},{"Length":58,"Height":58,"Demand":1,"DemandMax":null,"Value":3364},{"Length":57,"Height":59,"Demand":1,"DemandMax":null,"Value":3363},{"Length":70,"Height":48,"Demand":1,"DemandMax":null,"Value":3360},{"Length":46,"Height":73,"Demand":1,"DemandMax":null,"Value":3358},{"Length":61,"Height":55,"Demand":1,"DemandMax":null,"Value":3355},{"Length":67,"Height":50,"Demand":1,"DemandMax":null,"Value":3350},{"Length":62,"Height":54,"Demand":1,"DemandMax":null,"Value":3348},{"Length":71,"Height":47,"Demand":1,"DemandMax":null,"Value":3337},{"Length":49,"Height":68,"Demand":1,"DemandMax":null,"Value":3332},{"Length":45,"Height":74,"Demand":1,"DemandMax":null,"Value":3330},{"Length":64,"Height":52,"Demand":1,"DemandMax":null,"Value":3328},{"Length":51,"Height":65,"Demand":1,"DemandMax":null,"Value":3315},{"Length":48,"Height":69,"Demand":1,"DemandMax":null,"Value":3312},{"Length":72,"Height":46,"Demand":1,"DemandMax":null,"Value":3312},{"Length":58,"Height":57,"Demand":1,"DemandMax":null,"Value":3306},{"Length":59,"Height":56,"Demand":1,"DemandMax":null,"Value":3304},{"Length":60,"Height":55,"Demand":1,"DemandMax":null,"Value":3300},{"Length":66,"Height":50,"Demand":1,"DemandMax":null,"Value":3300},{"Length":75,"Height":44,"Demand":1,"DemandMax":null,"Value":3300},{"Length":54,"Height":61,"Demand":1,"DemandMax":null,"Value":3294},{"Length":53,"Height":62,"Demand":1,"DemandMax":null,"Value":3286},{"Length":46,"Height":71,"Demand":1,"DemandMax":null,"Value":3266},{"Length":64,"Height":51,"Demand":1,"DemandMax":null,"Value":3264},{"Length":68,"Height":48,"Demand":1,"DemandMax":null,"Value":3264},{"Length":65,"Height":50,"Demand":1,"DemandMax":null,"Value":3250},{"Length":57,"Height":57,"Demand":1,"DemandMax":null,"Value":3249},{"Length":58,"Height":56,"Demand":1,"DemandMax":null,"Value":3248},{"Length":47,"Height":69,"Demand":1,"DemandMax":null,"Value":3243},{"Length":45,"Height":72,"Demand":1,"DemandMax":null,"Value":3240},{"Length":60,"Height":54,"Demand":1,"DemandMax":null,"Value":3240},{"Length":66,"Height":49,"Demand":1,"DemandMax":null,"Value":3234},{"Length":61,"Height":53,"Demand":1,"DemandMax":null,"Value":3233},{"Length":43,"Height":75,"Demand":1,"DemandMax":null,"Value":3225},{"Length":52,"Height":62,"Demand":1,"DemandMax":null,"Value":3224},{"Length":70,"Height":46,"Demand":1,"DemandMax":null,"Value":3220},{"Length":48,"Height":67,"Demand":1,"DemandMax":null,"Value":3216},{"Length":51,"Height":63,"Demand":1,"DemandMax":null,"Value":3213},{"Length":64,"Height":50,"Demand":1,"DemandMax":null,"Value":3200},{"Length":47,"Height":68,"Demand":1,"DemandMax":null,"Value":3196},{"Length":56,"Height":57,"Demand":1,"DemandMax":null,"Value":3192},{"Length":55,"Height":58,"Demand":1,"DemandMax":null,"Value":3190},{"Length":54,"Height":59,"Demand":1,"DemandMax":null,"Value":3186},{"Length":43,"Height":74,"Demand":1,"DemandMax":null,"Value":3182},{"Length":46,"Height":69,"Demand":1,"DemandMax":null,"Value":3174},{"Length":52,"Height":61,"Demand":1,"DemandMax":null,"Value":3172},{"Length":72,"Height":44,"Demand":1,"DemandMax":null,"Value":3168},{"Length":66,"Height":48,"Demand":1,"DemandMax":null,"Value":3168},{"Length":62,"Height":51,"Demand":1,"DemandMax":null,"Value":3162},{"Length":50,"Height":63,"Demand":1,"DemandMax":null,"Value":3150},{"Length":47,"Height":67,"Demand":1,"DemandMax":null,"Value":3149},{"Length":43,"Height":73,"Demand":1,"DemandMax":null,"Value":3139},{"Length":64,"Height":49,"Demand":1,"DemandMax":null,"Value":3136},{"Length":56,"Height":56,"Demand":1,"DemandMax":null,"Value":3136},{"Length":54,"Height":58,"Demand":1,"DemandMax":null,"Value":3132},{"Length":68,"Height":46,"Demand":1,"DemandMax":null,"Value":3128},{"Length":53,"Height":59,"Demand":1,"DemandMax":null,"Value":3127},{"Length":44,"Height":71,"Demand":1,"DemandMax":null,"Value":3124},{"Length":65,"Height":48,"Demand":1,"DemandMax":null,"Value":3120},{"Length":52,"Height":60,"Demand":1,"DemandMax":null,"Value":3120},{"Length":61,"Height":51,"Demand":1,"DemandMax":null,"Value":3111},{"Length":74,"Height":42,"Demand":1,"DemandMax":null,"Value":3108},{"Length":69,"Height":45,"Demand":1,"DemandMax":null,"Value":3105},{"Length":47,"Height":66,"Demand":1,"DemandMax":null,"Value":3102},{"Length":62,"Height":50,"Demand":1,"DemandMax":null,"Value":3100},{"Length":72,"Height":43,"Demand":1,"DemandMax":null,"Value":3096},{"Length":49,"Height":63,"Demand":1,"DemandMax":null,"Value":3087},{"Length":70,"Height":44,"Demand":1,"DemandMax":null,"Value":3080},{"Length":57,"Height":54,"Demand":1,"DemandMax":null,"Value":3078},{"Length":58,"Height":53,"Demand":1,"DemandMax":null,"Value":3074},{"Length":48,"Height":64,"Demand":1,"DemandMax":null,"Value":3072},{"Length":52,"Height":59,"Demand":1,"DemandMax":null,"Value":3068},{"Length":42,"Height":73,"Demand":1,"DemandMax":null,"Value":3066},{"Length":45,"Height":68,"Demand":1,"DemandMax":null,"Value":3060},{"Length":71,"Height":43,"Demand":1,"DemandMax":null,"Value":3053},{"Length":61,"Height":50,"Demand":1,"DemandMax":null,"Value":3050},{"Length":69,"Height":44,"Demand":1,"DemandMax":null,"Value":3036},{"Length":66,"Height":46,"Demand":1,"DemandMax":null,"Value":3036},{"Length":41,"Height":74,"Demand":1,"DemandMax":null,"Value":3034},{"Length":63,"Height":48,"Demand":1,"DemandMax":null,"Value":3024},{"Length":72,"Height":42,"Demand":1,"DemandMax":null,"Value":3024},{"Length":56,"Height":54,"Demand":1,"DemandMax":null,"Value":3024},{"Length":57,"Height":53,"Demand":1,"DemandMax":null,"Value":3021},{"Length":58,"Height":52,"Demand":1,"DemandMax":null,"Value":3016},{"Length":67,"Height":45,"Demand":1,"DemandMax":null,"Value":3015},{"Length":43,"Height":70,"Demand":1,"DemandMax":null,"Value":3010},{"Length":59,"Height":51,"Demand":1,"DemandMax":null,"Value":3009},{"Length":64,"Height":47,"Demand":1,"DemandMax":null,"Value":3008},{"Length":40,"Height":75,"Demand":1,"DemandMax":null,"Value":3000},{"Length":41,"Height":73,"Demand":1,"DemandMax":null,"Value":2993},{"Length":65,"Height":46,"Demand":1,"DemandMax":null,"Value":2990},{"Length":71,"Height":42,"Demand":1,"DemandMax":null,"Value":2982},{"Length":45,"Height":66,"Demand":1,"DemandMax":null,"Value":2970},{"Length":54,"Height":55,"Demand":1,"DemandMax":null,"Value":2970},{"Length":56,"Height":53,"Demand":1,"DemandMax":null,"Value":2968},{"Length":43,"Height":69,"Demand":1,"DemandMax":null,"Value":2967},{"Length":63,"Height":47,"Demand":1,"DemandMax":null,"Value":2961},{"Length":74,"Height":40,"Demand":1,"DemandMax":null,"Value":2960},{"Length":58,"Height":51,"Demand":1,"DemandMax":null,"Value":2958},{"Length":72,"Height":41,"Demand":1,"DemandMax":null,"Value":2952},{"Length":50,"Height":59,"Demand":1,"DemandMax":null,"Value":2950},{"Length":44,"Height":67,"Demand":1,"DemandMax":null,"Value":2948},{"Length":64,"Height":46,"Demand":1,"DemandMax":null,"Value":2944},{"Length":70,"Height":42,"Demand":1,"DemandMax":null,"Value":2940},{"Length":48,"Height":61,"Demand":1,"DemandMax":null,"Value":2928},{"Length":45,"Height":65,"Demand":1,"DemandMax":null,"Value":2925},{"Length":68,"Height":43,"Demand":1,"DemandMax":null,"Value":2924},{"Length":40,"Height":73,"Demand":1,"DemandMax":null,"Value":2920},{"Length":53,"Height":55,"Demand":1,"DemandMax":null,"Value":2915},{"Length":52,"Height":56,"Demand":1,"DemandMax":null,"Value":2912},{"Length":41,"Height":71,"Demand":1,"DemandMax":null,"Value":2911},{"Length":57,"Height":51,"Demand":1,"DemandMax":null,"Value":2907},{"Length":66,"Height":44,"Demand":1,"DemandMax":null,"Value":2904},{"Length":50,"Height":58,"Demand":1,"DemandMax":null,"Value":2900},{"Length":46,"Height":63,"Demand":1,"DemandMax":null,"Value":2898},{"Length":59,"Height":49,"Demand":1,"DemandMax":null,"Value":2891},{"Length":74,"Height":39,"Demand":1,"DemandMax":null,"Value":2886},{"Length":43,"Height":67,"Demand":1,"DemandMax":null,"Value":2881},{"Length":64,"Height":45,"Demand":1,"DemandMax":null,"Value":2880},{"Length":60,"Height":48,"Demand":1,"DemandMax":null,"Value":2880},{"Length":41,"Height":70,"Demand":1,"DemandMax":null,"Value":2870},{"Length":61,"Height":47,"Demand":1,"DemandMax":null,"Value":2867},{"Length":44,"Height":65,"Demand":1,"DemandMax":null,"Value":2860},{"Length":51,"Height":56,"Demand":1,"DemandMax":null,"Value":2856},{"Length":42,"Height":68,"Demand":1,"DemandMax":null,"Value":2856},{"Length":75,"Height":38,"Demand":1,"DemandMax":null,"Value":2850},{"Length":50,"Height":57,"Demand":1,"DemandMax":null,"Value":2850},{"Length":73,"Height":39,"Demand":1,"DemandMax":null,"Value":2847},{"Length":49,"Height":58,"Demand":1,"DemandMax":null,"Value":2842},{"Length":40,"Height":71,"Demand":1,"DemandMax":null,"Value":2840},{"Length":63,"Height":45,"Demand":1,"DemandMax":null,"Value":2835},{"Length":59,"Height":48,"Demand":1,"DemandMax":null,"Value":2832},{"Length":69,"Height":41,"Demand":1,"DemandMax":null,"Value":2829},{"Length":47,"Height":60,"Demand":1,"DemandMax":null,"Value":2820},{"Length":64,"Height":44,"Demand":1,"DemandMax":null,"Value":2816},{"Length":38,"Height":74,"Demand":1,"DemandMax":null,"Value":2812},{"Length":53,"Height":53,"Demand":1,"DemandMax":null,"Value":2809},{"Length":52,"Height":54,"Demand":1,"DemandMax":null,"Value":2808},{"Length":51,"Height":55,"Demand":1,"DemandMax":null,"Value":2805},{"Length":70,"Height":40,"Demand":1,"DemandMax":null,"Value":2800},{"Length":43,"Height":65,"Demand":1,"DemandMax":null,"Value":2795},{"Length":49,"Height":57,"Demand":1,"DemandMax":null,"Value":2793},{"Length":62,"Height":45,"Demand":1,"DemandMax":null,"Value":2790},{"Length":48,"Height":58,"Demand":1,"DemandMax":null,"Value":2784},{"Length":37,"Height":75,"Demand":1,"DemandMax":null,"Value":2775},{"Length":66,"Height":42,"Demand":1,"DemandMax":null,"Value":2772},{"Length":44,"Height":63,"Demand":1,"DemandMax":null,"Value":2772},{"Length":46,"Height":60,"Demand":1,"DemandMax":null,"Value":2760},{"Length":40,"Height":69,"Demand":1,"DemandMax":null,"Value":2760},{"Length":52,"Height":53,"Demand":1,"DemandMax":null,"Value":2756},{"Length":41,"Height":67,"Demand":1,"DemandMax":null,"Value":2747},{"Length":45,"Height":61,"Demand":1,"DemandMax":null,"Value":2745},{"Length":74,"Height":37,"Demand":1,"DemandMax":null,"Value":2738},{"Length":72,"Height":38,"Demand":1,"DemandMax":null,"Value":2736},{"Length":48,"Height":57,"Demand":1,"DemandMax":null,"Value":2736},{"Length":70,"Height":39,"Demand":1,"DemandMax":null,"Value":2730},{"Length":42,"Height":65,"Demand":1,"DemandMax":null,"Value":2730},{"Length":62,"Height":44,"Demand":1,"DemandMax":null,"Value":2728},{"Length":58,"Height":47,"Demand":1,"DemandMax":null,"Value":2726},{"Length":40,"Height":68,"Demand":1,"DemandMax":null,"Value":2720},{"Length":43,"Height":63,"Demand":1,"DemandMax":null,"Value":2709},{"Length":66,"Height":41,"Demand":1,"DemandMax":null,"Value":2706},{"Length":53,"Height":51,"Demand":1,"DemandMax":null,"Value":2703},{"Length":45,"Height":60,"Demand":1,"DemandMax":null,"Value":2700},{"Length":75,"Height":36,"Demand":1,"DemandMax":null,"Value":2700},{"Length":38,"Height":71,"Demand":1,"DemandMax":null,"Value":2698},{"Length":55,"Height":49,"Demand":1,"DemandMax":null,"Value":2695},{"Length":56,"Height":48,"Demand":1,"DemandMax":null,"Value":2688},{"Length":64,"Height":42,"Demand":1,"DemandMax":null,"Value":2688},{"Length":44,"Height":61,"Demand":1,"DemandMax":null,"Value":2684},{"Length":40,"Height":67,"Demand":1,"DemandMax":null,"Value":2680},{"Length":46,"Height":58,"Demand":1,"DemandMax":null,"Value":2668},{"Length":62,"Height":43,"Demand":1,"DemandMax":null,"Value":2666},{"Length":74,"Height":36,"Demand":1,"DemandMax":null,"Value":2664},{"Length":38,"Height":70,"Demand":1,"DemandMax":null,"Value":2660},{"Length":45,"Height":59,"Demand":1,"DemandMax":null,"Value":2655},{"Length":51,"Height":52,"Demand":1,"DemandMax":null,"Value":2652},{"Length":39,"Height":68,"Demand":1,"DemandMax":null,"Value":2652},{"Length":53,"Height":50,"Demand":1,"DemandMax":null,"Value":2650},{"Length":49,"Height":54,"Demand":1,"DemandMax":null,"Value":2646},{"Length":63,"Height":42,"Demand":1,"DemandMax":null,"Value":2646},{"Length":40,"Height":66,"Demand":1,"DemandMax":null,"Value":2640},{"Length":48,"Height":55,"Demand":1,"DemandMax":null,"Value":2640},{"Length":44,"Height":60,"Demand":1,"DemandMax":null,"Value":2640},{"Length":47,"Height":56,"Demand":1,"DemandMax":null,"Value":2632},{"Length":73,"Height":36,"Demand":1,"DemandMax":null,"Value":2628},{"Length":71,"Height":37,"Demand":1,"DemandMax":null,"Value":2627},{"Length":75,"Height":35,"Demand":1,"DemandMax":null,"Value":2625},{"Length":64,"Height":41,"Demand":1,"DemandMax":null,"Value":2624},{"Length":61,"Height":43,"Demand":1,"DemandMax":null,"Value":2623},{"Length":38,"Height":69,"Demand":1,"DemandMax":null,"Value":2622},{"Length":57,"Height":46,"Demand":1,"DemandMax":null,"Value":2622},{"Length":67,"Height":39,"Demand":1,"DemandMax":null,"Value":2613},{"Length":58,"Height":45,"Demand":1,"DemandMax":null,"Value":2610},{"Length":42,"Height":62,"Demand":1,"DemandMax":null,"Value":2604},{"Length":65,"Height":40,"Demand":1,"DemandMax":null,"Value":2600},{"Length":50,"Height":52,"Demand":1,"DemandMax":null,"Value":2600},{"Length":49,"Height":53,"Demand":1,"DemandMax":null,"Value":2597},{"Length":59,"Height":44,"Demand":1,"DemandMax":null,"Value":2596},{"Length":48,"Height":54,"Demand":1,"DemandMax":null,"Value":2592},{"Length":72,"Height":36,"Demand":1,"DemandMax":null,"Value":2592},{"Length":35,"Height":74,"Demand":1,"DemandMax":null,"Value":2590},{"Length":55,"Height":47,"Demand":1,"DemandMax":null,"Value":2585},{"Length":38,"Height":68,"Demand":1,"DemandMax":null,"Value":2584},{"Length":41,"Height":63,"Demand":1,"DemandMax":null,"Value":2583},{"Length":46,"Height":56,"Demand":1,"DemandMax":null,"Value":2576},{"Length":66,"Height":39,"Demand":1,"DemandMax":null,"Value":2574},{"Length":64,"Height":40,"Demand":1,"DemandMax":null,"Value":2560},{"Length":71,"Height":36,"Demand":1,"DemandMax":null,"Value":2556},{"Length":73,"Height":35,"Demand":1,"DemandMax":null,"Value":2555},{"Length":37,"Height":69,"Demand":1,"DemandMax":null,"Value":2553},{"Length":44,"Height":58,"Demand":1,"DemandMax":null,"Value":2552},{"Length":75,"Height":34,"Demand":1,"DemandMax":null,"Value":2550},{"Length":49,"Height":52,"Demand":1,"DemandMax":null,"Value":2548},{"Length":67,"Height":38,"Demand":1,"DemandMax":null,"Value":2546},{"Length":53,"Height":48,"Demand":1,"DemandMax":null,"Value":2544},{"Length":41,"Height":62,"Demand":1,"DemandMax":null,"Value":2542},{"Length":54,"Height":47,"Demand":1,"DemandMax":null,"Value":2538},{"Length":43,"Height":59,"Demand":1,"DemandMax":null,"Value":2537},{"Length":65,"Height":39,"Demand":1,"DemandMax":null,"Value":2535},{"Length":46,"Height":55,"Demand":1,"DemandMax":null,"Value":2530},{"Length":60,"Height":42,"Demand":1,"DemandMax":null,"Value":2520},{"Length":40,"Height":63,"Demand":1,"DemandMax":null,"Value":2520},{"Length":35,"Height":72,"Demand":1,"DemandMax":null,"Value":2520},{"Length":45,"Height":56,"Demand":1,"DemandMax":null,"Value":2520},{"Length":37,"Height":68,"Demand":1,"DemandMax":null,"Value":2516},{"Length":34,"Height":74,"Demand":1,"DemandMax":null,"Value":2516},{"Length":38,"Height":66,"Demand":1,"DemandMax":null,"Value":2508},{"Length":61,"Height":41,"Demand":1,"DemandMax":null,"Value":2501},{"Length":50,"Height":50,"Demand":1,"DemandMax":null,"Value":2500},{"Length":49,"Height":51,"Demand":1,"DemandMax":null,"Value":2499},{"Length":48,"Height":52,"Demand":1,"DemandMax":null,"Value":2496},{"Length":64,"Height":39,"Demand":1,"DemandMax":null,"Value":2496},{"Length":43,"Height":58,"Demand":1,"DemandMax":null,"Value":2494},{"Length":47,"Height":53,"Demand":1,"DemandMax":null,"Value":2491},{"Length":35,"Height":71,"Demand":1,"DemandMax":null,"Value":2485},{"Length":36,"Height":69,"Demand":1,"DemandMax":null,"Value":2484},{"Length":73,"Height":34,"Demand":1,"DemandMax":null,"Value":2482},{"Length":67,"Height":37,"Demand":1,"DemandMax":null,"Value":2479},{"Length":59,"Height":42,"Demand":1,"DemandMax":null,"Value":2478},{"Length":75,"Height":33,"Demand":1,"DemandMax":null,"Value":2475},{"Length":45,"Height":55,"Demand":1,"DemandMax":null,"Value":2475},{"Length":38,"Height":65,"Demand":1,"DemandMax":null,"Value":2470},{"Length":44,"Height":56,"Demand":1,"DemandMax":null,"Value":2464},{"Length":41,"Height":60,"Demand":1,"DemandMax":null,"Value":2460},{"Length":63,"Height":39,"Demand":1,"DemandMax":null,"Value":2457},{"Length":49,"Height":50,"Demand":1,"DemandMax":null,"Value":2450},{"Length":36,"Height":68,"Demand":1,"DemandMax":null,"Value":2448},{"Length":48,"Height":51,"Demand":1,"DemandMax":null,"Value":2448},{"Length":52,"Height":47,"Demand":1,"DemandMax":null,"Value":2444},{"Length":37,"Height":66,"Demand":1,"DemandMax":null,"Value":2442},{"Length":46,"Height":53,"Demand":1,"DemandMax":null,"Value":2438},{"Length":42,"Height":58,"Demand":1,"DemandMax":null,"Value":2436},{"Length":45,"Height":54,"Demand":1,"DemandMax":null,"Value":2430},{"Length":55,"Height":44,"Demand":1,"DemandMax":null,"Value":2420},{"Length":41,"Height":59,"Demand":1,"DemandMax":null,"Value":2419},{"Length":62,"Height":39,"Demand":1,"DemandMax":null,"Value":2418},{"Length":69,"Height":35,"Demand":1,"DemandMax":null,"Value":2415},{"Length":67,"Height":36,"Demand":1,"DemandMax":null,"Value":2412},{"Length":56,"Height":43,"Demand":1,"DemandMax":null,"Value":2408},{"Length":49,"Height":49,"Demand":1,"DemandMax":null,"Value":2401},{"Length":40,"Height":60,"Demand":1,"DemandMax":null,"Value":2400},{"Length":48,"Height":50,"Demand":1,"DemandMax":null,"Value":2400},{"Length":51,"Height":47,"Demand":1,"DemandMax":null,"Value":2397},{"Length":63,"Height":38,"Demand":1,"DemandMax":null,"Value":2394},{"Length":52,"Height":46,"Demand":1,"DemandMax":null,"Value":2392},{"Length":53,"Height":45,"Demand":1,"DemandMax":null,"Value":2385},{"Length":35,"Height":68,"Demand":1,"DemandMax":null,"Value":2380},{"Length":41,"Height":58,"Demand":1,"DemandMax":null,"Value":2378},{"Length":72,"Height":33,"Demand":1,"DemandMax":null,"Value":2376},{"Length":66,"Height":36,"Demand":1,"DemandMax":null,"Value":2376},{"Length":54,"Height":44,"Demand":1,"DemandMax":null,"Value":2376},{"Length":37,"Height":64,"Demand":1,"DemandMax":null,"Value":2368},{"Length":74,"Height":32,"Demand":1,"DemandMax":null,"Value":2368},{"Length":55,"Height":43,"Demand":1,"DemandMax":null,"Value":2365},{"Length":40,"Height":59,"Demand":1,"DemandMax":null,"Value":2360},{"Length":62,"Height":38,"Demand":1,"DemandMax":null,"Value":2356},{"Length":42,"Height":56,"Demand":1,"DemandMax":null,"Value":2352},{"Length":49,"Height":48,"Demand":1,"DemandMax":null,"Value":2352},{"Length":47,"Height":50,"Demand":1,"DemandMax":null,"Value":2350},{"Length":46,"Height":51,"Demand":1,"DemandMax":null,"Value":2346},{"Length":67,"Height":35,"Demand":1,"DemandMax":null,"Value":2345},{"Length":71,"Height":33,"Demand":1,"DemandMax":null,"Value":2343},{"Length":45,"Height":52,"Demand":1,"DemandMax":null,"Value":2340},{"Length":60,"Height":39,"Demand":1,"DemandMax":null,"Value":2340},{"Length":41,"Height":57,"Demand":1,"DemandMax":null,"Value":2337},{"Length":32,"Height":73,"Demand":1,"DemandMax":null,"Value":2336},{"Length":63,"Height":37,"Demand":1,"DemandMax":null,"Value":2331},{"Length":75,"Height":31,"Demand":1,"DemandMax":null,"Value":2325},{"Length":61,"Height":38,"Demand":1,"DemandMax":null,"Value":2318},{"Length":68,"Height":34,"Demand":1,"DemandMax":null,"Value":2312},{"Length":35,"Height":66,"Demand":1,"DemandMax":null,"Value":2310},{"Length":33,"Height":70,"Demand":1,"DemandMax":null,"Value":2310},{"Length":72,"Height":32,"Demand":1,"DemandMax":null,"Value":2304},{"Length":64,"Height":36,"Demand":1,"DemandMax":null,"Value":2304},{"Length":49,"Height":47,"Demand":1,"DemandMax":null,"Value":2303},{"Length":50,"Height":46,"Demand":1,"DemandMax":null,"Value":2300},{"Length":41,"Height":56,"Demand":1,"DemandMax":null,"Value":2296},{"Length":62,"Height":37,"Demand":1,"DemandMax":null,"Value":2294},{"Length":31,"Height":74,"Demand":1,"DemandMax":null,"Value":2294},{"Length":52,"Height":44,"Demand":1,"DemandMax":null,"Value":2288},{"Length":57,"Height":40,"Demand":1,"DemandMax":null,"Value":2280},{"Length":53,"Height":43,"Demand":1,"DemandMax":null,"Value":2279},{"Length":34,"Height":67,"Demand":1,"DemandMax":null,"Value":2278},{"Length":69,"Height":33,"Demand":1,"DemandMax":null,"Value":2277},{"Length":35,"Height":65,"Demand":1,"DemandMax":null,"Value":2275},{"Length":63,"Height":36,"Demand":1,"DemandMax":null,"Value":2268},{"Length":42,"Height":54,"Demand":1,"DemandMax":null,"Value":2268},{"Length":48,"Height":47,"Demand":1,"DemandMax":null,"Value":2256},{"Length":55,"Height":41,"Demand":1,"DemandMax":null,"Value":2255},{"Length":50,"Height":45,"Demand":1,"DemandMax":null,"Value":2250},{"Length":30,"Height":75,"Demand":1,"DemandMax":null,"Value":2250},{"Length":68,"Height":33,"Demand":1,"DemandMax":null,"Value":2244},{"Length":38,"Height":59,"Demand":1,"DemandMax":null,"Value":2242},{"Length":40,"Height":56,"Demand":1,"DemandMax":null,"Value":2240},{"Length":70,"Height":32,"Demand":1,"DemandMax":null,"Value":2240},{"Length":31,"Height":72,"Demand":1,"DemandMax":null,"Value":2232},{"Length":36,"Height":62,"Demand":1,"DemandMax":null,"Value":2232},{"Length":53,"Height":42,"Demand":1,"DemandMax":null,"Value":2226},{"Length":30,"Height":74,"Demand":1,"DemandMax":null,"Value":2220},{"Length":60,"Height":37,"Demand":1,"DemandMax":null,"Value":2220},{"Length":33,"Height":67,"Demand":1,"DemandMax":null,"Value":2211},{"Length":32,"Height":69,"Demand":1,"DemandMax":null,"Value":2208},{"Length":35,"Height":63,"Demand":1,"DemandMax":null,"Value":2205},{"Length":58,"Height":38,"Demand":1,"DemandMax":null,"Value":2204},{"Length":31,"Height":71,"Demand":1,"DemandMax":null,"Value":2201},{"Length":50,"Height":44,"Demand":1,"DemandMax":null,"Value":2200},{"Length":61,"Height":36,"Demand":1,"DemandMax":null,"Value":2196},{"Length":51,"Height":43,"Demand":1,"DemandMax":null,"Value":2193},{"Length":30,"Height":73,"Demand":1,"DemandMax":null,"Value":2190},{"Length":42,"Height":52,"Demand":1,"DemandMax":null,"Value":2184},{"Length":37,"Height":59,"Demand":1,"DemandMax":null,"Value":2183},{"Length":33,"Height":66,"Demand":1,"DemandMax":null,"Value":2178},{"Length":64,"Height":34,"Demand":1,"DemandMax":null,"Value":2176},{"Length":68,"Height":32,"Demand":1,"DemandMax":null,"Value":2176},{"Length":29,"Height":75,"Demand":1,"DemandMax":null,"Value":2175},{"Length":53,"Height":41,"Demand":1,"DemandMax":null,"Value":2173},{"Length":62,"Height":35,"Demand":1,"DemandMax":null,"Value":2170},{"Length":70,"Height":31,"Demand":1,"DemandMax":null,"Value":2170},{"Length":57,"Height":38,"Demand":1,"DemandMax":null,"Value":2166},{"Length":47,"Height":46,"Demand":1,"DemandMax":null,"Value":2162},{"Length":72,"Height":30,"Demand":1,"DemandMax":null,"Value":2160},{"Length":48,"Height":45,"Demand":1,"DemandMax":null,"Value":2160},{"Length":40,"Height":54,"Demand":1,"DemandMax":null,"Value":2160},{"Length":60,"Height":36,"Demand":1,"DemandMax":null,"Value":2160},{"Length":49,"Height":44,"Demand":1,"DemandMax":null,"Value":2156},{"Length":50,"Height":43,"Demand":1,"DemandMax":null,"Value":2150},{"Length":74,"Height":29,"Demand":1,"DemandMax":null,"Value":2146},{"Length":58,"Height":37,"Demand":1,"DemandMax":null,"Value":2146},{"Length":65,"Height":33,"Demand":1,"DemandMax":null,"Value":2145},{"Length":55,"Height":39,"Demand":1,"DemandMax":null,"Value":2145},{"Length":67,"Height":32,"Demand":1,"DemandMax":null,"Value":2144},{"Length":34,"Height":63,"Demand":1,"DemandMax":null,"Value":2142},{"Length":51,"Height":42,"Demand":1,"DemandMax":null,"Value":2142},{"Length":61,"Height":35,"Demand":1,"DemandMax":null,"Value":2135},{"Length":52,"Height":41,"Demand":1,"DemandMax":null,"Value":2132},{"Length":30,"Height":71,"Demand":1,"DemandMax":null,"Value":2130},{"Length":38,"Height":56,"Demand":1,"DemandMax":null,"Value":2128},{"Length":36,"Height":59,"Demand":1,"DemandMax":null,"Value":2124},{"Length":53,"Height":40,"Demand":1,"DemandMax":null,"Value":2120},{"Length":46,"Height":46,"Demand":1,"DemandMax":null,"Value":2116},{"Length":47,"Height":45,"Demand":1,"DemandMax":null,"Value":2115},{"Length":66,"Height":32,"Demand":1,"DemandMax":null,"Value":2112},{"Length":33,"Height":64,"Demand":1,"DemandMax":null,"Value":2112},{"Length":44,"Height":48,"Demand":1,"DemandMax":null,"Value":2112},{"Length":37,"Height":57,"Demand":1,"DemandMax":null,"Value":2109},{"Length":62,"Height":34,"Demand":1,"DemandMax":null,"Value":2108},{"Length":68,"Height":31,"Demand":1,"DemandMax":null,"Value":2108},{"Length":43,"Height":49,"Demand":1,"DemandMax":null,"Value":2107},{"Length":54,"Height":39,"Demand":1,"DemandMax":null,"Value":2106},{"Length":60,"Height":35,"Demand":1,"DemandMax":null,"Value":2100},{"Length":42,"Height":50,"Demand":1,"DemandMax":null,"Value":2100},{"Length":28,"Height":75,"Demand":1,"DemandMax":null,"Value":2100},{"Length":58,"Height":36,"Demand":1,"DemandMax":null,"Value":2088},{"Length":29,"Height":72,"Demand":1,"DemandMax":null,"Value":2088},{"Length":32,"Height":65,"Demand":1,"DemandMax":null,"Value":2080},{"Length":33,"Height":63,"Demand":1,"DemandMax":null,"Value":2079},{"Length":67,"Height":31,"Demand":1,"DemandMax":null,"Value":2077},{"Length":34,"Height":61,"Demand":1,"DemandMax":null,"Value":2074},{"Length":37,"Height":56,"Demand":1,"DemandMax":null,"Value":2072},{"Length":28,"Height":74,"Demand":1,"DemandMax":null,"Value":2072},{"Length":46,"Height":45,"Demand":1,"DemandMax":null,"Value":2070},{"Length":69,"Height":30,"Demand":1,"DemandMax":null,"Value":2070},{"Length":44,"Height":47,"Demand":1,"DemandMax":null,"Value":2068},{"Length":71,"Height":29,"Demand":1,"DemandMax":null,"Value":2059},{"Length":49,"Height":42,"Demand":1,"DemandMax":null,"Value":2058},{"Length":57,"Height":36,"Demand":1,"DemandMax":null,"Value":2052},{"Length":54,"Height":38,"Demand":1,"DemandMax":null,"Value":2052},{"Length":32,"Height":64,"Demand":1,"DemandMax":null,"Value":2048},{"Length":33,"Height":62,"Demand":1,"DemandMax":null,"Value":2046},{"Length":28,"Height":73,"Demand":1,"DemandMax":null,"Value":2044},{"Length":51,"Height":40,"Demand":1,"DemandMax":null,"Value":2040},{"Length":37,"Height":55,"Demand":1,"DemandMax":null,"Value":2035},{"Length":58,"Height":35,"Demand":1,"DemandMax":null,"Value":2030},{"Length":45,"Height":45,"Demand":1,"DemandMax":null,"Value":2025},{"Length":75,"Height":27,"Demand":1,"DemandMax":null,"Value":2025},{"Length":46,"Height":44,"Demand":1,"DemandMax":null,"Value":2024},{"Length":47,"Height":43,"Demand":1,"DemandMax":null,"Value":2021},{"Length":72,"Height":28,"Demand":1,"DemandMax":null,"Value":2016},{"Length":48,"Height":42,"Demand":1,"DemandMax":null,"Value":2016},{"Length":65,"Height":31,"Demand":1,"DemandMax":null,"Value":2015},{"Length":53,"Height":38,"Demand":1,"DemandMax":null,"Value":2014},{"Length":30,"Height":67,"Demand":1,"DemandMax":null,"Value":2010},{"Length":59,"Height":34,"Demand":1,"DemandMax":null,"Value":2006},{"Length":69,"Height":29,"Demand":1,"DemandMax":null,"Value":2001},{"Length":50,"Height":40,"Demand":1,"DemandMax":null,"Value":2000},{"Length":74,"Height":27,"Demand":1,"DemandMax":null,"Value":1998},{"Length":37,"Height":54,"Demand":1,"DemandMax":null,"Value":1998},{"Length":57,"Height":35,"Demand":1,"DemandMax":null,"Value":1995},{"Length":39,"Height":51,"Demand":1,"DemandMax":null,"Value":1989},{"Length":62,"Height":32,"Demand":1,"DemandMax":null,"Value":1984},{"Length":31,"Height":64,"Demand":1,"DemandMax":null,"Value":1984},{"Length":44,"Height":45,"Demand":1,"DemandMax":null,"Value":1980},{"Length":66,"Height":30,"Demand":1,"DemandMax":null,"Value":1980},{"Length":60,"Height":33,"Demand":1,"DemandMax":null,"Value":1980},{"Length":43,"Height":46,"Demand":1,"DemandMax":null,"Value":1978},{"Length":52,"Height":38,"Demand":1,"DemandMax":null,"Value":1976},{"Length":29,"Height":68,"Demand":1,"DemandMax":null,"Value":1972},{"Length":27,"Height":73,"Demand":1,"DemandMax":null,"Value":1971},{"Length":48,"Height":41,"Demand":1,"DemandMax":null,"Value":1968},{"Length":53,"Height":37,"Demand":1,"DemandMax":null,"Value":1961},{"Length":63,"Height":31,"Demand":1,"DemandMax":null,"Value":1953},{"Length":61,"Height":32,"Demand":1,"DemandMax":null,"Value":1952},{"Length":30,"Height":65,"Demand":1,"DemandMax":null,"Value":1950},{"Length":75,"Height":26,"Demand":1,"DemandMax":null,"Value":1950},{"Length":50,"Height":39,"Demand":1,"DemandMax":null,"Value":1950},{"Length":59,"Height":33,"Demand":1,"DemandMax":null,"Value":1947},{"Length":27,"Height":72,"Demand":1,"DemandMax":null,"Value":1944},{"Length":34,"Height":57,"Demand":1,"DemandMax":null,"Value":1938},{"Length":43,"Height":45,"Demand":1,"DemandMax":null,"Value":1935},{"Length":46,"Height":42,"Demand":1,"DemandMax":null,"Value":1932},{"Length":55,"Height":35,"Demand":1,"DemandMax":null,"Value":1925},{"Length":26,"Height":74,"Demand":1,"DemandMax":null,"Value":1924},{"Length":37,"Height":52,"Demand":1,"DemandMax":null,"Value":1924},{"Length":31,"Height":62,"Demand":1,"DemandMax":null,"Value":1922},{"Length":40,"Height":48,"Demand":1,"DemandMax":null,"Value":1920},{"Length":64,"Height":30,"Demand":1,"DemandMax":null,"Value":1920},{"Length":32,"Height":60,"Demand":1,"DemandMax":null,"Value":1920},{"Length":27,"Height":71,"Demand":1,"DemandMax":null,"Value":1917},{"Length":29,"Height":66,"Demand":1,"DemandMax":null,"Value":1914},{"Length":49,"Height":39,"Demand":1,"DemandMax":null,"Value":1911},{"Length":36,"Height":53,"Demand":1,"DemandMax":null,"Value":1908},{"Length":28,"Height":68,"Demand":1,"DemandMax":null,"Value":1904},{"Length":56,"Height":34,"Demand":1,"DemandMax":null,"Value":1904},{"Length":38,"Height":50,"Demand":1,"DemandMax":null,"Value":1900},{"Length":73,"Height":26,"Demand":1,"DemandMax":null,"Value":1898},{"Length":27,"Height":70,"Demand":1,"DemandMax":null,"Value":1890},{"Length":45,"Height":42,"Demand":1,"DemandMax":null,"Value":1890},{"Length":54,"Height":35,"Demand":1,"DemandMax":null,"Value":1890},{"Length":41,"Height":46,"Demand":1,"DemandMax":null,"Value":1886},{"Length":65,"Height":29,"Demand":1,"DemandMax":null,"Value":1885},{"Length":57,"Height":33,"Demand":1,"DemandMax":null,"Value":1881},{"Length":40,"Height":47,"Demand":1,"DemandMax":null,"Value":1880},{"Length":67,"Height":28,"Demand":1,"DemandMax":null,"Value":1876},{"Length":72,"Height":26,"Demand":1,"DemandMax":null,"Value":1872},{"Length":39,"Height":48,"Demand":1,"DemandMax":null,"Value":1872},{"Length":55,"Height":34,"Demand":1,"DemandMax":null,"Value":1870},{"Length":27,"Height":69,"Demand":1,"DemandMax":null,"Value":1863},{"Length":49,"Height":38,"Demand":1,"DemandMax":null,"Value":1862},{"Length":60,"Height":31,"Demand":1,"DemandMax":null,"Value":1860},{"Length":62,"Height":30,"Demand":1,"DemandMax":null,"Value":1860},{"Length":29,"Height":64,"Demand":1,"DemandMax":null,"Value":1856},{"Length":53,"Height":35,"Demand":1,"DemandMax":null,"Value":1855},{"Length":25,"Height":74,"Demand":1,"DemandMax":null,"Value":1850},{"Length":50,"Height":37,"Demand":1,"DemandMax":null,"Value":1850},{"Length":28,"Height":66,"Demand":1,"DemandMax":null,"Value":1848},{"Length":41,"Height":45,"Demand":1,"DemandMax":null,"Value":1845},{"Length":46,"Height":40,"Demand":1,"DemandMax":null,"Value":1840},{"Length":34,"Height":54,"Demand":1,"DemandMax":null,"Value":1836},{"Length":68,"Height":27,"Demand":1,"DemandMax":null,"Value":1836},{"Length":36,"Height":51,"Demand":1,"DemandMax":null,"Value":1836},{"Length":47,"Height":39,"Demand":1,"DemandMax":null,"Value":1833},{"Length":29,"Height":63,"Demand":1,"DemandMax":null,"Value":1827},{"Length":25,"Height":73,"Demand":1,"DemandMax":null,"Value":1825},{"Length":32,"Height":57,"Demand":1,"DemandMax":null,"Value":1824},{"Length":38,"Height":48,"Demand":1,"DemandMax":null,"Value":1824},{"Length":28,"Height":65,"Demand":1,"DemandMax":null,"Value":1820},{"Length":26,"Height":70,"Demand":1,"DemandMax":null,"Value":1820},{"Length":35,"Height":52,"Demand":1,"DemandMax":null,"Value":1820},{"Length":33,"Height":55,"Demand":1,"DemandMax":null,"Value":1815},{"Length":49,"Height":37,"Demand":1,"DemandMax":null,"Value":1813},{"Length":27,"Height":67,"Demand":1,"DemandMax":null,"Value":1809},{"Length":42,"Height":43,"Demand":1,"DemandMax":null,"Value":1806},{"Length":41,"Height":44,"Demand":1,"DemandMax":null,"Value":1804},{"Length":34,"Height":53,"Demand":1,"DemandMax":null,"Value":1802},{"Length":30,"Height":60,"Demand":1,"DemandMax":null,"Value":1800},{"Length":36,"Height":50,"Demand":1,"DemandMax":null,"Value":1800},{"Length":40,"Height":45,"Demand":1,"DemandMax":null,"Value":1800},{"Length":72,"Height":25,"Demand":1,"DemandMax":null,"Value":1800},{"Length":62,"Height":29,"Demand":1,"DemandMax":null,"Value":1798},{"Length":39,"Height":46,"Demand":1,"DemandMax":null,"Value":1794},{"Length":38,"Height":47,"Demand":1,"DemandMax":null,"Value":1786},{"Length":35,"Height":51,"Demand":1,"DemandMax":null,"Value":1785},{"Length":27,"Height":66,"Demand":1,"DemandMax":null,"Value":1782},{"Length":37,"Height":48,"Demand":1,"DemandMax":null,"Value":1776},{"Length":30,"Height":59,"Demand":1,"DemandMax":null,"Value":1770},{"Length":61,"Height":29,"Demand":1,"DemandMax":null,"Value":1769},{"Length":34,"Height":52,"Demand":1,"DemandMax":null,"Value":1768},{"Length":26,"Height":68,"Demand":1,"DemandMax":null,"Value":1768},{"Length":49,"Height":36,"Demand":1,"DemandMax":null,"Value":1764},{"Length":63,"Height":28,"Demand":1,"DemandMax":null,"Value":1764},{"Length":41,"Height":43,"Demand":1,"DemandMax":null,"Value":1763},{"Length":40,"Height":44,"Demand":1,"DemandMax":null,"Value":1760},{"Length":45,"Height":39,"Demand":1,"DemandMax":null,"Value":1755},{"Length":25,"Height":70,"Demand":1,"DemandMax":null,"Value":1750},{"Length":50,"Height":35,"Demand":1,"DemandMax":null,"Value":1750},{"Length":53,"Height":33,"Demand":1,"DemandMax":null,"Value":1749},{"Length":38,"Height":46,"Demand":1,"DemandMax":null,"Value":1748},{"Length":26,"Height":67,"Demand":1,"DemandMax":null,"Value":1742},{"Length":58,"Height":30,"Demand":1,"DemandMax":null,"Value":1740},{"Length":29,"Height":60,"Demand":1,"DemandMax":null,"Value":1740},{"Length":62,"Height":28,"Demand":1,"DemandMax":null,"Value":1736},{"Length":31,"Height":56,"Demand":1,"DemandMax":null,"Value":1736},{"Length":51,"Height":34,"Demand":1,"DemandMax":null,"Value":1734},{"Length":64,"Height":27,"Demand":1,"DemandMax":null,"Value":1728},{"Length":32,"Height":54,"Demand":1,"DemandMax":null,"Value":1728},{"Length":48,"Height":36,"Demand":1,"DemandMax":null,"Value":1728},{"Length":41,"Height":42,"Demand":1,"DemandMax":null,"Value":1722},{"Length":43,"Height":40,"Demand":1,"DemandMax":null,"Value":1720},{"Length":33,"Height":52,"Demand":1,"DemandMax":null,"Value":1716},{"Length":39,"Height":44,"Demand":1,"DemandMax":null,"Value":1716},{"Length":29,"Height":59,"Demand":1,"DemandMax":null,"Value":1711},{"Length":57,"Height":30,"Demand":1,"DemandMax":null,"Value":1710},{"Length":31,"Height":55,"Demand":1,"DemandMax":null,"Value":1705},{"Length":25,"Height":68,"Demand":1,"DemandMax":null,"Value":1700},{"Length":32,"Height":53,"Demand":1,"DemandMax":null,"Value":1696},{"Length":36,"Height":47,"Demand":1,"DemandMax":null,"Value":1692},{"Length":65,"Height":26,"Demand":1,"DemandMax":null,"Value":1690},{"Length":51,"Height":33,"Demand":1,"DemandMax":null,"Value":1683},{"Length":29,"Height":58,"Demand":1,"DemandMax":null,"Value":1682},{"Length":40,"Height":42,"Demand":1,"DemandMax":null,"Value":1680},{"Length":28,"Height":60,"Demand":1,"DemandMax":null,"Value":1680},{"Length":30,"Height":56,"Demand":1,"DemandMax":null,"Value":1680},{"Length":43,"Height":39,"Demand":1,"DemandMax":null,"Value":1677},{"Length":25,"Height":67,"Demand":1,"DemandMax":null,"Value":1675},{"Length":27,"Height":62,"Demand":1,"DemandMax":null,"Value":1674},{"Length":31,"Height":54,"Demand":1,"DemandMax":null,"Value":1674},{"Length":38,"Height":44,"Demand":1,"DemandMax":null,"Value":1672},{"Length":34,"Height":49,"Demand":1,"DemandMax":null,"Value":1666},{"Length":45,"Height":37,"Demand":1,"DemandMax":null,"Value":1665},{"Length":64,"Height":26,"Demand":1,"DemandMax":null,"Value":1664},{"Length":57,"Height":29,"Demand":1,"DemandMax":null,"Value":1653},{"Length":28,"Height":59,"Demand":1,"DemandMax":null,"Value":1652},{"Length":30,"Height":55,"Demand":1,"DemandMax":null,"Value":1650},{"Length":66,"Height":25,"Demand":1,"DemandMax":null,"Value":1650},{"Length":27,"Height":61,"Demand":1,"DemandMax":null,"Value":1647},{"Length":35,"Height":47,"Demand":1,"DemandMax":null,"Value":1645},{"Length":53,"Height":31,"Demand":1,"DemandMax":null,"Value":1643},{"Length":40,"Height":41,"Demand":1,"DemandMax":null,"Value":1640},{"Length":39,"Height":42,"Demand":1,"DemandMax":null,"Value":1638},{"Length":32,"Height":51,"Demand":1,"DemandMax":null,"Value":1632},{"Length":37,"Height":44,"Demand":1,"DemandMax":null,"Value":1628},{"Length":65,"Height":25,"Demand":1,"DemandMax":null,"Value":1625},{"Length":58,"Height":28,"Demand":1,"DemandMax":null,"Value":1624},{"Length":54,"Height":30,"Demand":1,"DemandMax":null,"Value":1620},{"Length":60,"Height":27,"Demand":1,"DemandMax":null,"Value":1620},{"Length":36,"Height":45,"Demand":1,"DemandMax":null,"Value":1620},{"Length":33,"Height":49,"Demand":1,"DemandMax":null,"Value":1617},{"Length":64,"Height":25,"Demand":1,"DemandMax":null,"Value":1600},{"Length":40,"Height":40,"Demand":1,"DemandMax":null,"Value":1600},{"Length":50,"Height":32,"Demand":1,"DemandMax":null,"Value":1600},{"Length":41,"Height":39,"Demand":1,"DemandMax":null,"Value":1599},{"Length":34,"Height":47,"Demand":1,"DemandMax":null,"Value":1598},{"Length":38,"Height":42,"Demand":1,"DemandMax":null,"Value":1596},{"Length":57,"Height":28,"Demand":1,"DemandMax":null,"Value":1596},{"Length":55,"Height":29,"Demand":1,"DemandMax":null,"Value":1595},{"Length":59,"Height":27,"Demand":1,"DemandMax":null,"Value":1593},{"Length":37,"Height":43,"Demand":1,"DemandMax":null,"Value":1591},{"Length":30,"Height":53,"Demand":1,"DemandMax":null,"Value":1590},{"Length":61,"Height":26,"Demand":1,"DemandMax":null,"Value":1586},{"Length":33,"Height":48,"Demand":1,"DemandMax":null,"Value":1584},{"Length":44,"Height":36,"Demand":1,"DemandMax":null,"Value":1584},{"Length":63,"Height":25,"Demand":1,"DemandMax":null,"Value":1575},{"Length":35,"Height":45,"Demand":1,"DemandMax":null,"Value":1575},{"Length":56,"Height":28,"Demand":1,"DemandMax":null,"Value":1568},{"Length":32,"Height":49,"Demand":1,"DemandMax":null,"Value":1568},{"Length":58,"Height":27,"Demand":1,"DemandMax":null,"Value":1566},{"Length":34,"Height":46,"Demand":1,"DemandMax":null,"Value":1564},{"Length":38,"Height":41,"Demand":1,"DemandMax":null,"Value":1558},{"Length":37,"Height":42,"Demand":1,"DemandMax":null,"Value":1554},{"Length":62,"Height":25,"Demand":1,"DemandMax":null,"Value":1550},{"Length":31,"Height":50,"Demand":1,"DemandMax":null,"Value":1550},{"Length":43,"Height":36,"Demand":1,"DemandMax":null,"Value":1548},{"Length":55,"Height":28,"Demand":1,"DemandMax":null,"Value":1540},{"Length":57,"Height":27,"Demand":1,"DemandMax":null,"Value":1539},{"Length":29,"Height":53,"Demand":1,"DemandMax":null,"Value":1537},{"Length":26,"Height":59,"Demand":1,"DemandMax":null,"Value":1534},{"Length":45,"Height":34,"Demand":1,"DemandMax":null,"Value":1530},{"Length":30,"Height":51,"Demand":1,"DemandMax":null,"Value":1530},{"Length":61,"Height":25,"Demand":1,"DemandMax":null,"Value":1525},{"Length":39,"Height":39,"Demand":1,"DemandMax":null,"Value":1521},{"Length":40,"Height":38,"Demand":1,"DemandMax":null,"Value":1520},{"Length":31,"Height":49,"Demand":1,"DemandMax":null,"Value":1519},{"Length":37,"Height":41,"Demand":1,"DemandMax":null,"Value":1517},{"Length":56,"Height":27,"Demand":1,"DemandMax":null,"Value":1512},{"Length":28,"Height":54,"Demand":1,"DemandMax":null,"Value":1512},{"Length":58,"Height":26,"Demand":1,"DemandMax":null,"Value":1508},{"Length":43,"Height":35,"Demand":1,"DemandMax":null,"Value":1505},{"Length":47,"Height":32,"Demand":1,"DemandMax":null,"Value":1504},{"Length":30,"Height":50,"Demand":1,"DemandMax":null,"Value":1500},{"Length":60,"Height":25,"Demand":1,"DemandMax":null,"Value":1500},{"Length":31,"Height":48,"Demand":1,"DemandMax":null,"Value":1488},{"Length":55,"Height":27,"Demand":1,"DemandMax":null,"Value":1485},{"Length":45,"Height":33,"Demand":1,"DemandMax":null,"Value":1485},{"Length":53,"Height":28,"Demand":1,"DemandMax":null,"Value":1484},{"Length":38,"Height":39,"Demand":1,"DemandMax":null,"Value":1482},{"Length":26,"Height":57,"Demand":1,"DemandMax":null,"Value":1482},{"Length":40,"Height":37,"Demand":1,"DemandMax":null,"Value":1480},{"Length":59,"Height":25,"Demand":1,"DemandMax":null,"Value":1475},{"Length":46,"Height":32,"Demand":1,"DemandMax":null,"Value":1472},{"Length":42,"Height":35,"Demand":1,"DemandMax":null,"Value":1470},{"Length":49,"Height":30,"Demand":1,"DemandMax":null,"Value":1470},{"Length":43,"Height":34,"Demand":1,"DemandMax":null,"Value":1462},{"Length":27,"Height":54,"Demand":1,"DemandMax":null,"Value":1458},{"Length":31,"Height":47,"Demand":1,"DemandMax":null,"Value":1457},{"Length":56,"Height":26,"Demand":1,"DemandMax":null,"Value":1456},{"Length":28,"Height":52,"Demand":1,"DemandMax":null,"Value":1456},{"Length":44,"Height":33,"Demand":1,"DemandMax":null,"Value":1452},{"Length":29,"Height":50,"Demand":1,"DemandMax":null,"Value":1450},{"Length":58,"Height":25,"Demand":1,"DemandMax":null,"Value":1450},{"Length":37,"Height":39,"Demand":1,"DemandMax":null,"Value":1443},{"Length":36,"Height":40,"Demand":1,"DemandMax":null,"Value":1440},{"Length":30,"Height":48,"Demand":1,"DemandMax":null,"Value":1440},{"Length":53,"Height":27,"Demand":1,"DemandMax":null,"Value":1431},{"Length":26,"Height":55,"Demand":1,"DemandMax":null,"Value":1430},{"Length":51,"Height":28,"Demand":1,"DemandMax":null,"Value":1428},{"Length":46,"Height":31,"Demand":1,"DemandMax":null,"Value":1426},{"Length":57,"Height":25,"Demand":1,"DemandMax":null,"Value":1425},{"Length":49,"Height":29,"Demand":1,"DemandMax":null,"Value":1421},{"Length":32,"Height":44,"Demand":1,"DemandMax":null,"Value":1408},{"Length":37,"Height":38,"Demand":1,"DemandMax":null,"Value":1406},{"Length":26,"Height":54,"Demand":1,"DemandMax":null,"Value":1404},{"Length":36,"Height":39,"Demand":1,"DemandMax":null,"Value":1404},{"Length":40,"Height":35,"Demand":1,"DemandMax":null,"Value":1400},{"Length":50,"Height":28,"Demand":1,"DemandMax":null,"Value":1400},{"Length":45,"Height":31,"Demand":1,"DemandMax":null,"Value":1395},{"Length":34,"Height":41,"Demand":1,"DemandMax":null,"Value":1394},{"Length":48,"Height":29,"Demand":1,"DemandMax":null,"Value":1392},{"Length":33,"Height":42,"Demand":1,"DemandMax":null,"Value":1386},{"Length":46,"Height":30,"Demand":1,"DemandMax":null,"Value":1380},{"Length":26,"Height":53,"Demand":1,"DemandMax":null,"Value":1378},{"Length":51,"Height":27,"Demand":1,"DemandMax":null,"Value":1377},{"Length":32,"Height":43,"Demand":1,"DemandMax":null,"Value":1376},{"Length":49,"Height":28,"Demand":1,"DemandMax":null,"Value":1372},{"Length":36,"Height":38,"Demand":1,"DemandMax":null,"Value":1368},{"Length":35,"Height":39,"Demand":1,"DemandMax":null,"Value":1365},{"Length":44,"Height":31,"Demand":1,"DemandMax":null,"Value":1364},{"Length":34,"Height":40,"Demand":1,"DemandMax":null,"Value":1360},{"Length":33,"Height":41,"Demand":1,"DemandMax":null,"Value":1353},{"Length":30,"Height":45,"Demand":1,"DemandMax":null,"Value":1350},{"Length":50,"Height":27,"Demand":1,"DemandMax":null,"Value":1350},{"Length":54,"Height":25,"Demand":1,"DemandMax":null,"Value":1350},{"Length":48,"Height":28,"Demand":1,"DemandMax":null,"Value":1344},{"Length":32,"Height":42,"Demand":1,"DemandMax":null,"Value":1344},{"Length":29,"Height":46,"Demand":1,"DemandMax":null,"Value":1334},{"Length":37,"Height":36,"Demand":1,"DemandMax":null,"Value":1332},{"Length":38,"Height":35,"Demand":1,"DemandMax":null,"Value":1330},{"Length":39,"Height":34,"Demand":1,"DemandMax":null,"Value":1326},{"Length":51,"Height":26,"Demand":1,"DemandMax":null,"Value":1326},{"Length":53,"Height":25,"Demand":1,"DemandMax":null,"Value":1325},{"Length":49,"Height":27,"Demand":1,"DemandMax":null,"Value":1323},{"Length":44,"Height":30,"Demand":1,"DemandMax":null,"Value":1320},{"Length":47,"Height":28,"Demand":1,"DemandMax":null,"Value":1316},{"Length":32,"Height":41,"Demand":1,"DemandMax":null,"Value":1312},{"Length":29,"Height":45,"Demand":1,"DemandMax":null,"Value":1305},{"Length":31,"Height":42,"Demand":1,"DemandMax":null,"Value":1302},{"Length":25,"Height":52,"Demand":1,"DemandMax":null,"Value":1300},{"Length":50,"Height":26,"Demand":1,"DemandMax":null,"Value":1300},{"Length":48,"Height":27,"Demand":1,"DemandMax":null,"Value":1296},{"Length":36,"Height":36,"Demand":1,"DemandMax":null,"Value":1296},{"Length":35,"Height":37,"Demand":1,"DemandMax":null,"Value":1295},{"Length":38,"Height":34,"Demand":1,"DemandMax":null,"Value":1292},{"Length":46,"Height":28,"Demand":1,"DemandMax":null,"Value":1288},{"Length":39,"Height":33,"Demand":1,"DemandMax":null,"Value":1287},{"Length":40,"Height":32,"Demand":1,"DemandMax":null,"Value":1280},{"Length":25,"Height":51,"Demand":1,"DemandMax":null,"Value":1275},{"Length":49,"Height":26,"Demand":1,"DemandMax":null,"Value":1274},{"Length":41,"Height":31,"Demand":1,"DemandMax":null,"Value":1271},{"Length":47,"Height":27,"Demand":1,"DemandMax":null,"Value":1269},{"Length":36,"Height":35,"Demand":1,"DemandMax":null,"Value":1260},{"Length":28,"Height":45,"Demand":1,"DemandMax":null,"Value":1260},{"Length":42,"Height":30,"Demand":1,"DemandMax":null,"Value":1260},{"Length":37,"Height":34,"Demand":1,"DemandMax":null,"Value":1258},{"Length":33,"Height":38,"Demand":1,"DemandMax":null,"Value":1254},{"Length":50,"Height":25,"Demand":1,"DemandMax":null,"Value":1250},{"Length":32,"Height":39,"Demand":1,"DemandMax":null,"Value":1248},{"Length":46,"Height":27,"Demand":1,"DemandMax":null,"Value":1242},{"Length":31,"Height":40,"Demand":1,"DemandMax":null,"Value":1240},{"Length":28,"Height":44,"Demand":1,"DemandMax":null,"Value":1232},{"Length":30,"Height":41,"Demand":1,"DemandMax":null,"Value":1230},{"Length":35,"Height":35,"Demand":1,"DemandMax":null,"Value":1225},{"Length":26,"Height":47,"Demand":1,"DemandMax":null,"Value":1222},{"Length":37,"Height":33,"Demand":1,"DemandMax":null,"Value":1221},{"Length":29,"Height":42,"Demand":1,"DemandMax":null,"Value":1218},{"Length":32,"Height":38,"Demand":1,"DemandMax":null,"Value":1216},{"Length":45,"Height":27,"Demand":1,"DemandMax":null,"Value":1215},{"Length":31,"Height":39,"Demand":1,"DemandMax":null,"Value":1209},{"Length":43,"Height":28,"Demand":1,"DemandMax":null,"Value":1204},{"Length":25,"Height":48,"Demand":1,"DemandMax":null,"Value":1200},{"Length":26,"Height":46,"Demand":1,"DemandMax":null,"Value":1196},{"Length":35,"Height":34,"Demand":1,"DemandMax":null,"Value":1190},{"Length":33,"Height":36,"Demand":1,"DemandMax":null,"Value":1188},{"Length":31,"Height":38,"Demand":1,"DemandMax":null,"Value":1178},{"Length":42,"Height":28,"Demand":1,"DemandMax":null,"Value":1176},{"Length":47,"Height":25,"Demand":1,"DemandMax":null,"Value":1175},{"Length":26,"Height":45,"Demand":1,"DemandMax":null,"Value":1170},{"Length":43,"Height":27,"Demand":1,"DemandMax":null,"Value":1161},{"Length":29,"Height":40,"Demand":1,"DemandMax":null,"Value":1160},{"Length":34,"Height":34,"Demand":1,"DemandMax":null,"Value":1156},{"Length":35,"Height":33,"Demand":1,"DemandMax":null,"Value":1155},{"Length":36,"Height":32,"Demand":1,"DemandMax":null,"Value":1152},{"Length":46,"Height":25,"Demand":1,"DemandMax":null,"Value":1150},{"Length":28,"Height":41,"Demand":1,"DemandMax":null,"Value":1148},{"Length":31,"Height":37,"Demand":1,"DemandMax":null,"Value":1147},{"Length":26,"Height":44,"Demand":1,"DemandMax":null,"Value":1144},{"Length":27,"Height":42,"Demand":1,"DemandMax":null,"Value":1134},{"Length":45,"Height":25,"Demand":1,"DemandMax":null,"Value":1125},{"Length":33,"Height":34,"Demand":1,"DemandMax":null,"Value":1122},{"Length":35,"Height":32,"Demand":1,"DemandMax":null,"Value":1120},{"Length":40,"Height":28,"Demand":1,"DemandMax":null,"Value":1120},{"Length":26,"Height":43,"Demand":1,"DemandMax":null,"Value":1118},{"Length":36,"Height":31,"Demand":1,"DemandMax":null,"Value":1116},{"Length":30,"Height":37,"Demand":1,"DemandMax":null,"Value":1110},{"Length":41,"Height":27,"Demand":1,"DemandMax":null,"Value":1107},{"Length":29,"Height":38,"Demand":1,"DemandMax":null,"Value":1102},{"Length":44,"Height":25,"Demand":1,"DemandMax":null,"Value":1100},{"Length":26,"Height":42,"Demand":1,"DemandMax":null,"Value":1092},{"Length":32,"Height":34,"Demand":1,"DemandMax":null,"Value":1088},{"Length":36,"Height":30,"Demand":1,"DemandMax":null,"Value":1080},{"Length":40,"Height":27,"Demand":1,"DemandMax":null,"Value":1080},{"Length":43,"Height":25,"Demand":1,"DemandMax":null,"Value":1075},{"Length":29,"Height":37,"Demand":1,"DemandMax":null,"Value":1073},{"Length":38,"Height":28,"Demand":1,"DemandMax":null,"Value":1064},{"Length":34,"Height":31,"Demand":1,"DemandMax":null,"Value":1054},{"Length":39,"Height":27,"Demand":1,"DemandMax":null,"Value":1053},{"Length":42,"Height":25,"Demand":1,"DemandMax":null,"Value":1050},{"Length":30,"Height":35,"Demand":1,"DemandMax":null,"Value":1050},{"Length":29,"Height":36,"Demand":1,"DemandMax":null,"Value":1044},{"Length":26,"Height":40,"Demand":1,"DemandMax":null,"Value":1040},{"Length":28,"Height":37,"Demand":1,"DemandMax":null,"Value":1036},{"Length":38,"Height":27,"Demand":1,"DemandMax":null,"Value":1026},{"Length":25,"Height":41,"Demand":1,"DemandMax":null,"Value":1025},{"Length":32,"Height":32,"Demand":1,"DemandMax":null,"Value":1024},{"Length":30,"Height":34,"Demand":1,"DemandMax":null,"Value":1020},{"Length":39,"Height":26,"Demand":1,"DemandMax":null,"Value":1014},{"Length":36,"Height":28,"Demand":1,"DemandMax":null,"Value":1008},{"Length":25,"Height":40,"Demand":1,"DemandMax":null,"Value":1000},{"Length":37,"Height":27,"Demand":1,"DemandMax":null,"Value":999},{"Length":30,"Height":33,"Demand":1,"DemandMax":null,"Value":990},{"Length":26,"Height":38,"Demand":1,"DemandMax":null,"Value":988},{"Length":35,"Height":28,"Demand":1,"DemandMax":null,"Value":980},{"Length":25,"Height":39,"Demand":1,"DemandMax":null,"Value":975},{"Length":27,"Height":36,"Demand":1,"DemandMax":null,"Value":972},{"Length":37,"Height":26,"Demand":1,"DemandMax":null,"Value":962},{"Length":31,"Height":31,"Demand":1,"DemandMax":null,"Value":961},{"Length":30,"Height":32,"Demand":1,"DemandMax":null,"Value":960},{"Length":28,"Height":34,"Demand":1,"DemandMax":null,"Value":952},{"Length":35,"Height":27,"Demand":1,"DemandMax":null,"Value":945},{"Length":36,"Height":26,"Demand":1,"DemandMax":null,"Value":936},{"Length":31,"Height":30,"Demand":1,"DemandMax":null,"Value":930},{"Length":29,"Height":32,"Demand":1,"DemandMax":null,"Value":928},{"Length":37,"Height":25,"Demand":1,"DemandMax":null,"Value":925},{"Length":34,"Height":27,"Demand":1,"DemandMax":null,"Value":918},{"Length":35,"Height":26,"Demand":1,"DemandMax":null,"Value":910},{"Length":25,"Height":36,"Demand":1,"DemandMax":null,"Value":900},{"Length":31,"Height":29,"Demand":1,"DemandMax":null,"Value":899},{"Length":32,"Height":28,"Demand":1,"DemandMax":null,"Value":896},{"Length":27,"Height":33,"Demand":1,"DemandMax":null,"Value":891},{"Length":34,"Height":26,"Demand":1,"DemandMax":null,"Value":884},{"Length":25,"Height":35,"Demand":1,"DemandMax":null,"Value":875},{"Length":28,"Height":31,"Demand":1,"DemandMax":null,"Value":868},{"Length":27,"Height":32,"Demand":1,"DemandMax":null,"Value":864},{"Length":26,"Height":33,"Demand":1,"DemandMax":null,"Value":858},{"Length":25,"Height":34,"Demand":1,"DemandMax":null,"Value":850},{"Length":29,"Height":29,"Demand":1,"DemandMax":null,"Value":841},{"Length":27,"Height":31,"Demand":1,"DemandMax":null,"Value":837},{"Length":26,"Height":32,"Demand":1,"DemandMax":null,"Value":832},{"Length":33,"Height":25,"Demand":1,"DemandMax":null,"Value":825},{"Length":27,"Height":30,"Demand":1,"DemandMax":null,"Value":810},{"Length":26,"Height":31,"Demand":1,"DemandMax":null,"Value":806},{"Length":29,"Height":27,"Demand":1,"DemandMax":null,"Value":783},{"Length":30,"Height":26,"Demand":1,"DemandMax":null,"Value":780},{"Length":31,"Height":25,"Demand":1,"DemandMax":null,"Value":775},{"Length":28,"Height":27,"Demand":1,"DemandMax":null,"Value":756},{"Length":29,"Height":26,"Demand":1,"DemandMax":null,"Value":754},{"Length":25,"Height":30,"Demand":1,"DemandMax":null,"Value":750},{"Length":28,"Height":26,"Demand":1,"DemandMax":null,"Value":728},{"Length":29,"Height":25,"Demand":1,"DemandMax":null,"Value":725},{"Length":26,"Height":26,"Demand":1,"DemandMax":null,"Value":676},{"Length":26,"Height":25,"Demand":1,"DemandMax":null,"Value":650},{"Length":25,"Height":25,"Demand":1,"DemandMax":null,"Value":625}]}