{"Name":"AH232","Objects":[{"Length":1000,"Height":2414,"Stock":null,"Cost":2414000}],"Items":[{"Length":85,"Height":88,"Demand":10,"DemandMax":null,"Value":7480},{"Length":86,"Height":79,"Demand":10,"DemandMax":null,"Value":6794},{"Length":76,"Height":89,"Demand":10,"DemandMax":null,"Value":6764},{"Length":84,"Height":75,"Demand":10,"DemandMax":null,"Value":6300},{"Length":68,"Height":88,"Demand":10,"DemandMax":null,"Value":5984},{"Length":69,"Height":83,"Demand":10,"DemandMax":null,"Value":5727},{"Length":63,"Height":89,"Demand":10,"DemandMax":null,"Value":5607},{"Length":80,"Height":69,"Demand":10,"DemandMax":null,"Value":5520},{"Length":85,"Height":61,"Demand":10,"DemandMax":null,"Value":5185},{"Length":58,"Height":87,"Demand":10,"DemandMax":null,"Value":5046},{"Length":72,"Height":70,"Demand":10,"DemandMax":null,"Value":5040},{"Length":73,"Height":67,"Demand":10,"DemandMax":null,"Value":4891},{"Length":79,"Height":59,"Demand":10,"DemandMax":null,"Value":4661},{"Length":86,"Height":54,"Demand":10,"DemandMax":null,"Value":4644},{"Length":80,"Height":58,"Demand":10,"DemandMax":null,"Value":4640},{"Length":55,"Height":83,"Demand":10,"DemandMax":null,"Value":4565},{"Length":77,"Height":59,"Demand":10,"DemandMax":null,"Value":4543},{"Length":66,"Height":62,"Demand":10,"DemandMax":null,"Value":4092},{"Length":90,"Height":45,"Demand":10,"DemandMax":null,"Value":4050},{"Length":67,"Height":60,"Demand":10,"DemandMax":null,"Value":4020},{"Length":78,"Height":51,"Demand":10,"DemandMax":null,"Value":3978},{"Length":55,"Height":70,"Demand":10,"DemandMax":null,"Value":3850},{"Length":88,"Height":43,"Demand":10,"DemandMax":null,"Value":3784},{"Length":75,"Height":46,"Demand":10,"DemandMax":null,"Value":3450},{"Length":90,"Height":38,"Demand":10,"DemandMax":null,"Value":3420},{"Length":48,"Height":70,"Demand":10,"DemandMax":null,"Value":3360},{"Length":43,"Height":74,"Demand":10,"DemandMax":null,"Value":3182},{"Length":63,"Height":50,"Demand":10,"DemandMax":null,"Value":3150},{"Length":55,"Height":56,"Demand":10,"DemandMax":null,"Value":3080},{"Length":68,"Height":45,"Demand":10,"DemandMax":null,"Value":3060},{"Length":60,"Height":50,"Demand":10,"DemandMax":null,"Value":3000},{"Length":38,"Height":76,"Demand":10,"DemandMax":null,"Value":2888},{"Length":39,"Height":73,"Demand":10,"DemandMax":null,"Value":2847},{"Length":61,"Height":45,"Demand":10,"DemandMax":null,"Value":2745},{"Length":88,"Height":30,"Demand":10,"DemandMax":null,"Value":2640},{"Length":84,"Height":31,"Demand":10,"DemandMax":null,"Value":2604},{"Length":59,"Height":44,"Demand":10,"DemandMax":null,"Value":2596},{"Length":35,"Height":72,"Demand":10,"DemandMax":null,"Value":2520},{"Length":41,"Height":60,"Demand":10,"DemandMax":null,"Value":2460},{"Length":84,"Height":29,"Demand":10,"DemandMax":null,"Value":2436},{"Length":28,"Height":86,"Demand":10,"DemandMax":null,"Value":2408},{"Length":64,"Height":37,"Demand":10,"DemandMax":null,"Value":2368},{"Length":40,"Height":59,"Demand":10,"DemandMax":null,"Value":2360},{"Length":33,"Height":70,"Demand":10,"DemandMax":null,"Value":2310},{"Length":54,"Height":42,"Demand":10,"DemandMax":null,"Value":2268},{"Length":84,"Height":27,"Demand":10,"DemandMax":null,"Value":2268},{"Length":84,"Height":26,"Demand":10,"DemandMax":null,"Value":2184},{"Length":44,"Height":49,"Demand":10,"DemandMax":null,"Value":2156},{"Length":27,"Height":78,"Demand":10,"DemandMax":null,"Value":2106},{"Length":56,"Height":37,"Demand":10,"DemandMax":null,"Value":2072},{"Length":32,"Height":63,"Demand":10,"DemandMax":null,"Value":2016},{"Length":57,"Height":35,"Demand":10,"DemandMax":null,"Value":1995},{"Length":55,"Height":36,"Demand":10,"DemandMax":null,"Value":1980},{"Length":64,"Height":30,"Demand":10,"DemandMax":null,"Value":1920},{"Length":39,"Height":49,"Demand":10,"DemandMax":null,"Value":1911},{"Length":40,"Height":47,"Demand":10,"DemandMax":null,"Value":1880},{"Length":33,"Height":56,"Demand":10,"DemandMax":null,"Value":1848},{"Length":24,"Height":73,"Demand":10,"DemandMax":null,"Value":1752},{"Length":46,"Height":37,"Demand":10,"DemandMax":null,"Value":1702},{"Length":26,"Height":64,"Demand":10,"DemandMax":null,"Value":1664},{"Length":39,"Height":41,"Demand":10,"DemandMax":null,"Value":1599},{"Length":18,"Height":88,"Demand":10,"DemandMax":null,"Value":1584},{"Length":35,"Height":45,"Demand":10,"DemandMax":null,"Value":1575},{"Length":67,"Height":23,"Demand":10,"DemandMax":null,"Value":1541},{"Length":56,"Height":27,"Demand":10,"DemandMax":null,"Value":1512},{"Length":39,"Height":35,"Demand":10,"DemandMax":null,"Value":1365},{"Length":27,"Height":48,"Demand":10,"DemandMax":null,"Value":1296},{"Length":34,"Height":37,"Demand":10,"DemandMax":null,"Value":1258},{"Length":22,"Height":57,"Demand":10,"DemandMax":null,"Value":1254},{"Length":43,"Height":29,"Demand":10,"DemandMax":null,"Value":1247},{"Length":24,"Height":49,"Demand":10,"DemandMax":null,"Value":1176},{"Length":31,"Height":36,"Demand":10,"DemandMax":null,"Value":1116},{"Length":39,"Height":26,"Demand":10,"DemandMax":null,"Value":1014},{"Length":23,"Height":44,"Demand":10,"DemandMax":null,"Value":1012},{"Length":21,"Height":47,"Demand":10,"DemandMax":null,"Value":987},{"Length":52,"Height":17,"Demand":10,"DemandMax":null,"Value":884},{"Length":18,"Height":49,"Demand":10,"DemandMax":null,"Value":882},{"Length":12,"Height":73,"Demand":10,"DemandMax":null,"Value":876},{"Length":16,"Height":53,"Demand":10,"DemandMax":null,"Value":848},{"Length":22,"Height":37,"Demand":10,"DemandMax":null,"Value":814},{"Length":22,"Height":36,"Demand":10,"DemandMax":null,"Value":792},{"Length":10,"Height":79,"Demand":10,"DemandMax":null,"Value":790},{"Length":9,"Height":75,"Demand":10,"DemandMax":null,"Value":675},{"Length":31,"Height":21,"Demand":10,"DemandMax":null,"Value":651},{"Length":72,"Height":9,"Demand":10,"DemandMax":null,"Value":648},{"Length":54,"Height":12,"Demand":10,"DemandMax":null,"Value":648},{"Length":18,"Height":35,"Demand":10,"DemandMax":null,"Value":630},{"Length":29,"Height":21,"Demand":10,"DemandMax":null,"Value":609},{"Length":13,"Height":46,"Demand":10,"DemandMax":null,"Value":598},{"Length":28,"Height":21,"Demand":10,"DemandMax":null,"Value":588},{"Length":79,"Height":7,"Demand":10,"DemandMax":null,"Value":553},{"Length":31,"Height":14,"Demand":10,"DemandMax":null,"Value":434},{"Length":46,"Height":9,"Demand":10,"DemandMax":null,"Value":414},{"Length":8,"Height":44,"Demand":10,"DemandMax":null,"Value":352},{"Length":49,"Height":6,"Demand":10,"DemandMax":null,"Value":294},{"Length":20,"Height":14,"Demand":10,"DemandMax":null,"Value":280},{"Length":16,"Height":17,"Demand":10,"DemandMax":null,"Value":272},{"Length":32,"Height":7,"Demand":10,"DemandMax":null,"Value":224},{"Length":21,"Height":8,"Demand":10,"DemandMax":null,"Value":168},{"Length":11,"Height":10,"Demand":10,"DemandMax":null,"Value":110}]}