{"Name":"AH314","Objects":[{"Length":1000,"Height":2468,"Stock":null,"Cost":2468000}],"Items":[{"Length":75,"Height":75,"Demand":1,"DemandMax":null,"Value":5625},{"Length":75,"Height":74,"Demand":1,"DemandMax":null,"Value":5550},{"Length":73,"Height":74,"Demand":1,"DemandMax":null,"Value":5402},{"Length":75,"Height":72,"Demand":1,"DemandMax":null,"Value":5400},{"Length":73,"Height":73,"Demand":1,"DemandMax":null,"Value":5329},{"Length":72,"Height":74,"Demand":1,"DemandMax":null,"Value":5328},{"Length":73,"Height":72,"Demand":1,"DemandMax":null,"Value":5256},{"Length":74,"Height":71,"Demand":1,"DemandMax":null,"Value":5254},{"Length":75,"Height":70,"Demand":1,"DemandMax":null,"Value":5250},{"Length":74,"Height":70,"Demand":1,"DemandMax":null,"Value":5180},{"Length":75,"Height":69,"Demand":1,"DemandMax":null,"Value":5175},{"Length":75,"Height":68,"Demand":1,"DemandMax":null,"Value":5100},{"Length":71,"Height":71,"Demand":1,"DemandMax":null,"Value":5041},{"Length":73,"Height":69,"Demand":1,"DemandMax":null,"Value":5037},{"Length":67,"Height":75,"Demand":1,"DemandMax":null,"Value":5025},{"Length":71,"Height":70,"Demand":1,"DemandMax":null,"Value":4970},{"Length":69,"Height":72,"Demand":1,"DemandMax":null,"Value":4968},{"Length":73,"Height":68,"Demand":1,"DemandMax":null,"Value":4964},{"Length":68,"Height":72,"Demand":1,"DemandMax":null,"Value":4896},{"Length":66,"Height":74,"Demand":1,"DemandMax":null,"Value":4884},{"Length":65,"Height":75,"Demand":1,"DemandMax":null,"Value":4875},{"Length":70,"Height":69,"Demand":1,"DemandMax":null,"Value":4830},{"Length":71,"Height":68,"Demand":1,"DemandMax":null,"Value":4828},{"Length":67,"Height":72,"Demand":1,"DemandMax":null,"Value":4824},{"Length":73,"Height":66,"Demand":1,"DemandMax":null,"Value":4818},{"Length":64,"Height":75,"Demand":1,"DemandMax":null,"Value":4800},{"Length":72,"Height":66,"Demand":1,"DemandMax":null,"Value":4752},{"Length":73,"Height":65,"Demand":1,"DemandMax":null,"Value":4745},{"Length":74,"Height":64,"Demand":1,"DemandMax":null,"Value":4736},{"Length":71,"Height":66,"Demand":1,"DemandMax":null,"Value":4686},{"Length":72,"Height":65,"Demand":1,"DemandMax":null,"Value":4680},{"Length":74,"Height":63,"Demand":1,"DemandMax":null,"Value":4662},{"Length":75,"Height":62,"Demand":1,"DemandMax":null,"Value":4650},{"Length":68,"Height":68,"Demand":1,"DemandMax":null,"Value":4624},{"Length":67,"Height":69,"Demand":1,"DemandMax":null,"Value":4623},{"Length":66,"Height":70,"Demand":1,"DemandMax":null,"Value":4620},{"Length":65,"Height":71,"Demand":1,"DemandMax":null,"Value":4615},{"Length":72,"Height":64,"Demand":1,"DemandMax":null,"Value":4608},{"Length":73,"Height":63,"Demand":1,"DemandMax":null,"Value":4599},{"Length":74,"Height":62,"Demand":1,"DemandMax":null,"Value":4588},{"Length":75,"Height":61,"Demand":1,"DemandMax":null,"Value":4575},{"Length":67,"Height":68,"Demand":1,"DemandMax":null,"Value":4556},{"Length":66,"Height":69,"Demand":1,"DemandMax":null,"Value":4554},{"Length":65,"Height":70,"Demand":1,"DemandMax":null,"Value":4550},{"Length":64,"Height":71,"Demand":1,"DemandMax":null,"Value":4544},{"Length":63,"Height":72,"Demand":1,"DemandMax":null,"Value":4536},{"Length":73,"Height":62,"Demand":1,"DemandMax":null,"Value":4526},{"Length":60,"Height":75,"Demand":1,"DemandMax":null,"Value":4500},{"Length":68,"Height":66,"Demand":1,"DemandMax":null,"Value":4488},{"Length":69,"Height":65,"Demand":1,"DemandMax":null,"Value":4485},{"Length":70,"Height":64,"Demand":1,"DemandMax":null,"Value":4480},{"Length":63,"Height":71,"Demand":1,"DemandMax":null,"Value":4473},{"Length":59,"Height":75,"Demand":1,"DemandMax":null,"Value":4425},{"Length":67,"Height":66,"Demand":1,"DemandMax":null,"Value":4422},{"Length":68,"Height":65,"Demand":1,"DemandMax":null,"Value":4420},{"Length":64,"Height":69,"Demand":1,"DemandMax":null,"Value":4416},{"Length":63,"Height":70,"Demand":1,"DemandMax":null,"Value":4410},{"Length":72,"Height":61,"Demand":1,"DemandMax":null,"Value":4392},{"Length":60,"Height":73,"Demand":1,"DemandMax":null,"Value":4380},{"Length":74,"Height":59,"Demand":1,"DemandMax":null,"Value":4366},{"Length":66,"Height":66,"Demand":1,"DemandMax":null,"Value":4356},{"Length":65,"Height":67,"Demand":1,"DemandMax":null,"Value":4355},{"Length":68,"Height":64,"Demand":1,"DemandMax":null,"Value":4352},{"Length":63,"Height":69,"Demand":1,"DemandMax":null,"Value":4347},{"Length":62,"Height":70,"Demand":1,"DemandMax":null,"Value":4340},{"Length":61,"Height":71,"Demand":1,"DemandMax":null,"Value":4331},{"Length":60,"Height":72,"Demand":1,"DemandMax":null,"Value":4320},{"Length":58,"Height":74,"Demand":1,"DemandMax":null,"Value":4292},{"Length":65,"Height":66,"Demand":1,"DemandMax":null,"Value":4290},{"Length":63,"Height":68,"Demand":1,"DemandMax":null,"Value":4284},{"Length":62,"Height":69,"Demand":1,"DemandMax":null,"Value":4278},{"Length":61,"Height":70,"Demand":1,"DemandMax":null,"Value":4270},{"Length":71,"Height":60,"Demand":1,"DemandMax":null,"Value":4260},{"Length":59,"Height":72,"Demand":1,"DemandMax":null,"Value":4248},{"Length":58,"Height":73,"Demand":1,"DemandMax":null,"Value":4234},{"Length":65,"Height":65,"Demand":1,"DemandMax":null,"Value":4225},{"Length":63,"Height":67,"Demand":1,"DemandMax":null,"Value":4221},{"Length":62,"Height":68,"Demand":1,"DemandMax":null,"Value":4216},{"Length":69,"Height":61,"Demand":1,"DemandMax":null,"Value":4209},{"Length":56,"Height":75,"Demand":1,"DemandMax":null,"Value":4200},{"Length":59,"Height":71,"Demand":1,"DemandMax":null,"Value":4189},{"Length":72,"Height":58,"Demand":1,"DemandMax":null,"Value":4176},{"Length":66,"Height":63,"Demand":1,"DemandMax":null,"Value":4158},{"Length":67,"Height":62,"Demand":1,"DemandMax":null,"Value":4154},{"Length":56,"Height":74,"Demand":1,"DemandMax":null,"Value":4144},{"Length":57,"Height":72,"Demand":1,"DemandMax":null,"Value":4104},{"Length":66,"Height":62,"Demand":1,"DemandMax":null,"Value":4092},{"Length":60,"Height":68,"Demand":1,"DemandMax":null,"Value":4080},{"Length":59,"Height":69,"Demand":1,"DemandMax":null,"Value":4071},{"Length":55,"Height":74,"Demand":1,"DemandMax":null,"Value":4070},{"Length":70,"Height":58,"Demand":1,"DemandMax":null,"Value":4060},{"Length":75,"Height":54,"Demand":1,"DemandMax":null,"Value":4050},{"Length":72,"Height":56,"Demand":1,"DemandMax":null,"Value":4032},{"Length":65,"Height":62,"Demand":1,"DemandMax":null,"Value":4030},{"Length":66,"Height":61,"Demand":1,"DemandMax":null,"Value":4026},{"Length":67,"Height":60,"Demand":1,"DemandMax":null,"Value":4020},{"Length":55,"Height":73,"Demand":1,"DemandMax":null,"Value":4015},{"Length":68,"Height":59,"Demand":1,"DemandMax":null,"Value":4012},{"Length":58,"Height":69,"Demand":1,"DemandMax":null,"Value":4002},{"Length":54,"Height":74,"Demand":1,"DemandMax":null,"Value":3996},{"Length":70,"Height":57,"Demand":1,"DemandMax":null,"Value":3990},{"Length":71,"Height":56,"Demand":1,"DemandMax":null,"Value":3976},{"Length":53,"Height":75,"Demand":1,"DemandMax":null,"Value":3975},{"Length":62,"Height":64,"Demand":1,"DemandMax":null,"Value":3968},{"Length":60,"Height":66,"Demand":1,"DemandMax":null,"Value":3960},{"Length":72,"Height":55,"Demand":1,"DemandMax":null,"Value":3960},{"Length":59,"Height":67,"Demand":1,"DemandMax":null,"Value":3953},{"Length":58,"Height":68,"Demand":1,"DemandMax":null,"Value":3944},{"Length":54,"Height":73,"Demand":1,"DemandMax":null,"Value":3942},{"Length":57,"Height":69,"Demand":1,"DemandMax":null,"Value":3933},{"Length":74,"Height":53,"Demand":1,"DemandMax":null,"Value":3922},{"Length":70,"Height":56,"Demand":1,"DemandMax":null,"Value":3920},{"Length":62,"Height":63,"Demand":1,"DemandMax":null,"Value":3906},{"Length":61,"Height":64,"Demand":1,"DemandMax":null,"Value":3904},{"Length":75,"Height":52,"Demand":1,"DemandMax":null,"Value":3900},{"Length":65,"Height":60,"Demand":1,"DemandMax":null,"Value":3900},{"Length":66,"Height":59,"Demand":1,"DemandMax":null,"Value":3894},{"Length":54,"Height":72,"Demand":1,"DemandMax":null,"Value":3888},{"Length":57,"Height":68,"Demand":1,"DemandMax":null,"Value":3876},{"Length":53,"Height":73,"Demand":1,"DemandMax":null,"Value":3869},{"Length":56,"Height":69,"Demand":1,"DemandMax":null,"Value":3864},{"Length":55,"Height":70,"Demand":1,"DemandMax":null,"Value":3850},{"Length":52,"Height":74,"Demand":1,"DemandMax":null,"Value":3848},{"Length":63,"Height":61,"Demand":1,"DemandMax":null,"Value":3843},{"Length":60,"Height":64,"Demand":1,"DemandMax":null,"Value":3840},{"Length":66,"Height":58,"Demand":1,"DemandMax":null,"Value":3828},{"Length":51,"Height":75,"Demand":1,"DemandMax":null,"Value":3825},{"Length":67,"Height":57,"Demand":1,"DemandMax":null,"Value":3819},{"Length":56,"Height":68,"Demand":1,"DemandMax":null,"Value":3808},{"Length":52,"Height":73,"Demand":1,"DemandMax":null,"Value":3796},{"Length":55,"Height":69,"Demand":1,"DemandMax":null,"Value":3795},{"Length":61,"Height":62,"Demand":1,"DemandMax":null,"Value":3782},{"Length":70,"Height":54,"Demand":1,"DemandMax":null,"Value":3780},{"Length":74,"Height":51,"Demand":1,"DemandMax":null,"Value":3774},{"Length":71,"Height":53,"Demand":1,"DemandMax":null,"Value":3763},{"Length":66,"Height":57,"Demand":1,"DemandMax":null,"Value":3762},{"Length":50,"Height":75,"Demand":1,"DemandMax":null,"Value":3750},{"Length":52,"Height":72,"Demand":1,"DemandMax":null,"Value":3744},{"Length":54,"Height":69,"Demand":1,"DemandMax":null,"Value":3726},{"Length":62,"Height":60,"Demand":1,"DemandMax":null,"Value":3720},{"Length":63,"Height":59,"Demand":1,"DemandMax":null,"Value":3717},{"Length":58,"Height":64,"Demand":1,"DemandMax":null,"Value":3712},{"Length":70,"Height":53,"Demand":1,"DemandMax":null,"Value":3710},{"Length":74,"Height":50,"Demand":1,"DemandMax":null,"Value":3700},{"Length":56,"Height":66,"Demand":1,"DemandMax":null,"Value":3696},{"Length":71,"Height":52,"Demand":1,"DemandMax":null,"Value":3692},{"Length":67,"Height":55,"Demand":1,"DemandMax":null,"Value":3685},{"Length":54,"Height":68,"Demand":1,"DemandMax":null,"Value":3672},{"Length":51,"Height":72,"Demand":1,"DemandMax":null,"Value":3672},{"Length":62,"Height":59,"Demand":1,"DemandMax":null,"Value":3658},{"Length":53,"Height":69,"Demand":1,"DemandMax":null,"Value":3657},{"Length":63,"Height":58,"Demand":1,"DemandMax":null,"Value":3654},{"Length":73,"Height":50,"Demand":1,"DemandMax":null,"Value":3650},{"Length":57,"Height":64,"Demand":1,"DemandMax":null,"Value":3648},{"Length":70,"Height":52,"Demand":1,"DemandMax":null,"Value":3640},{"Length":56,"Height":65,"Demand":1,"DemandMax":null,"Value":3640},{"Length":55,"Height":66,"Demand":1,"DemandMax":null,"Value":3630},{"Length":51,"Height":71,"Demand":1,"DemandMax":null,"Value":3621},{"Length":67,"Height":54,"Demand":1,"DemandMax":null,"Value":3618},{"Length":53,"Height":68,"Demand":1,"DemandMax":null,"Value":3604},{"Length":75,"Height":48,"Demand":1,"DemandMax":null,"Value":3600},{"Length":50,"Height":72,"Demand":1,"DemandMax":null,"Value":3600},{"Length":59,"Height":61,"Demand":1,"DemandMax":null,"Value":3599},{"Length":62,"Height":58,"Demand":1,"DemandMax":null,"Value":3596},{"Length":63,"Height":57,"Demand":1,"DemandMax":null,"Value":3591},{"Length":64,"Height":56,"Demand":1,"DemandMax":null,"Value":3584},{"Length":49,"Height":73,"Demand":1,"DemandMax":null,"Value":3577},{"Length":51,"Height":70,"Demand":1,"DemandMax":null,"Value":3570},{"Length":54,"Height":66,"Demand":1,"DemandMax":null,"Value":3564},{"Length":53,"Height":67,"Demand":1,"DemandMax":null,"Value":3551},{"Length":50,"Height":71,"Demand":1,"DemandMax":null,"Value":3550},{"Length":60,"Height":59,"Demand":1,"DemandMax":null,"Value":3540},{"Length":61,"Height":58,"Demand":1,"DemandMax":null,"Value":3538},{"Length":52,"Height":68,"Demand":1,"DemandMax":null,"Value":3536},{"Length":56,"Height":63,"Demand":1,"DemandMax":null,"Value":3528},{"Length":72,"Height":49,"Demand":1,"DemandMax":null,"Value":3528},{"Length":75,"Height":47,"Demand":1,"DemandMax":null,"Value":3525},{"Length":55,"Height":64,"Demand":1,"DemandMax":null,"Value":3520},{"Length":65,"Height":54,"Demand":1,"DemandMax":null,"Value":3510},{"Length":48,"Height":73,"Demand":1,"DemandMax":null,"Value":3504},{"Length":53,"Height":66,"Demand":1,"DemandMax":null,"Value":3498},{"Length":52,"Height":67,"Demand":1,"DemandMax":null,"Value":3484},{"Length":59,"Height":59,"Demand":1,"DemandMax":null,"Value":3481},{"Length":60,"Height":58,"Demand":1,"DemandMax":null,"Value":3480},{"Length":49,"Height":71,"Demand":1,"DemandMax":null,"Value":3479},{"Length":47,"Height":74,"Demand":1,"DemandMax":null,"Value":3478},{"Length":57,"Height":61,"Demand":1,"DemandMax":null,"Value":3477},{"Length":56,"Height":62,"Demand":1,"DemandMax":null,"Value":3472},{"Length":68,"Height":51,"Demand":1,"DemandMax":null,"Value":3468},{"Length":55,"Height":63,"Demand":1,"DemandMax":null,"Value":3465},{"Length":48,"Height":72,"Demand":1,"DemandMax":null,"Value":3456},{"Length":50,"Height":69,"Demand":1,"DemandMax":null,"Value":3450},{"Length":53,"Height":65,"Demand":1,"DemandMax":null,"Value":3445},{"Length":66,"Height":52,"Demand":1,"DemandMax":null,"Value":3432},{"Length":70,"Height":49,"Demand":1,"DemandMax":null,"Value":3430},{"Length":59,"Height":58,"Demand":1,"DemandMax":null,"Value":3422},{"Length":60,"Height":57,"Demand":1,"DemandMax":null,"Value":3420},{"Length":51,"Height":67,"Demand":1,"DemandMax":null,"Value":3417},{"Length":61,"Height":56,"Demand":1,"DemandMax":null,"Value":3416},{"Length":55,"Height":62,"Demand":1,"DemandMax":null,"Value":3410},{"Length":46,"Height":74,"Demand":1,"DemandMax":null,"Value":3404},{"Length":54,"Height":63,"Demand":1,"DemandMax":null,"Value":3402},{"Length":53,"Height":64,"Demand":1,"DemandMax":null,"Value":3392},{"Length":72,"Height":47,"Demand":1,"DemandMax":null,"Value":3384},{"Length":49,"Height":69,"Demand":1,"DemandMax":null,"Value":3381},{"Length":65,"Height":52,"Demand":1,"DemandMax":null,"Value":3380},{"Length":75,"Height":45,"Demand":1,"DemandMax":null,"Value":3375},{"Length":48,"Height":70,"Demand":1,"DemandMax":null,"Value":3360},{"Length":56,"Height":60,"Demand":1,"DemandMax":null,"Value":3360},{"Length":46,"Height":73,"Demand":1,"DemandMax":null,"Value":3358},{"Length":50,"Height":67,"Demand":1,"DemandMax":null,"Value":3350},{"Length":62,"Height":54,"Demand":1,"DemandMax":null,"Value":3348},{"Length":53,"Height":63,"Demand":1,"DemandMax":null,"Value":3339},{"Length":47,"Height":71,"Demand":1,"DemandMax":null,"Value":3337},{"Length":74,"Height":45,"Demand":1,"DemandMax":null,"Value":3330},{"Length":52,"Height":64,"Demand":1,"DemandMax":null,"Value":3328},{"Length":65,"Height":51,"Demand":1,"DemandMax":null,"Value":3315},{"Length":72,"Height":46,"Demand":1,"DemandMax":null,"Value":3312},{"Length":69,"Height":48,"Demand":1,"DemandMax":null,"Value":3312},{"Length":58,"Height":57,"Demand":1,"DemandMax":null,"Value":3306},{"Length":56,"Height":59,"Demand":1,"DemandMax":null,"Value":3304},{"Length":60,"Height":55,"Demand":1,"DemandMax":null,"Value":3300},{"Length":50,"Height":66,"Demand":1,"DemandMax":null,"Value":3300},{"Length":61,"Height":54,"Demand":1,"DemandMax":null,"Value":3294},{"Length":70,"Height":47,"Demand":1,"DemandMax":null,"Value":3290},{"Length":53,"Height":62,"Demand":1,"DemandMax":null,"Value":3286},{"Length":73,"Height":45,"Demand":1,"DemandMax":null,"Value":3285},{"Length":49,"Height":67,"Demand":1,"DemandMax":null,"Value":3283},{"Length":52,"Height":63,"Demand":1,"DemandMax":null,"Value":3276},{"Length":46,"Height":71,"Demand":1,"DemandMax":null,"Value":3266},{"Length":51,"Height":64,"Demand":1,"DemandMax":null,"Value":3264},{"Length":74,"Height":44,"Demand":1,"DemandMax":null,"Value":3256},{"Length":65,"Height":50,"Demand":1,"DemandMax":null,"Value":3250},{"Length":58,"Height":56,"Demand":1,"DemandMax":null,"Value":3248},{"Length":55,"Height":59,"Demand":1,"DemandMax":null,"Value":3245},{"Length":72,"Height":45,"Demand":1,"DemandMax":null,"Value":3240},{"Length":75,"Height":43,"Demand":1,"DemandMax":null,"Value":3225},{"Length":52,"Height":62,"Demand":1,"DemandMax":null,"Value":3224},{"Length":46,"Height":70,"Demand":1,"DemandMax":null,"Value":3220},{"Length":51,"Height":63,"Demand":1,"DemandMax":null,"Value":3213},{"Length":44,"Height":73,"Demand":1,"DemandMax":null,"Value":3212},{"Length":68,"Height":47,"Demand":1,"DemandMax":null,"Value":3196},{"Length":45,"Height":71,"Demand":1,"DemandMax":null,"Value":3195},{"Length":56,"Height":57,"Demand":1,"DemandMax":null,"Value":3192},{"Length":59,"Height":54,"Demand":1,"DemandMax":null,"Value":3186},{"Length":53,"Height":60,"Demand":1,"DemandMax":null,"Value":3180},{"Length":46,"Height":69,"Demand":1,"DemandMax":null,"Value":3174},{"Length":61,"Height":52,"Demand":1,"DemandMax":null,"Value":3172},{"Length":72,"Height":44,"Demand":1,"DemandMax":null,"Value":3168},{"Length":48,"Height":66,"Demand":1,"DemandMax":null,"Value":3168},{"Length":51,"Height":62,"Demand":1,"DemandMax":null,"Value":3162},{"Length":45,"Height":70,"Demand":1,"DemandMax":null,"Value":3150},{"Length":50,"Height":63,"Demand":1,"DemandMax":null,"Value":3150},{"Length":42,"Height":75,"Demand":1,"DemandMax":null,"Value":3150},{"Length":73,"Height":43,"Demand":1,"DemandMax":null,"Value":3139},{"Length":56,"Height":56,"Demand":1,"DemandMax":null,"Value":3136},{"Length":64,"Height":49,"Demand":1,"DemandMax":null,"Value":3136},{"Length":54,"Height":58,"Demand":1,"DemandMax":null,"Value":3132},{"Length":53,"Height":59,"Demand":1,"DemandMax":null,"Value":3127},{"Length":71,"Height":44,"Demand":1,"DemandMax":null,"Value":3124},{"Length":60,"Height":52,"Demand":1,"DemandMax":null,"Value":3120},{"Length":61,"Height":51,"Demand":1,"DemandMax":null,"Value":3111},{"Length":74,"Height":42,"Demand":1,"DemandMax":null,"Value":3108},{"Length":66,"Height":47,"Demand":1,"DemandMax":null,"Value":3102},{"Length":46,"Height":67,"Demand":1,"DemandMax":null,"Value":3082},{"Length":57,"Height":54,"Demand":1,"DemandMax":null,"Value":3078},{"Length":75,"Height":41,"Demand":1,"DemandMax":null,"Value":3075},{"Length":58,"Height":53,"Demand":1,"DemandMax":null,"Value":3074},{"Length":48,"Height":64,"Demand":1,"DemandMax":null,"Value":3072},{"Length":73,"Height":42,"Demand":1,"DemandMax":null,"Value":3066},{"Length":68,"Height":45,"Demand":1,"DemandMax":null,"Value":3060},{"Length":60,"Height":51,"Demand":1,"DemandMax":null,"Value":3060},{"Length":47,"Height":65,"Demand":1,"DemandMax":null,"Value":3055},{"Length":43,"Height":71,"Demand":1,"DemandMax":null,"Value":3053},{"Length":61,"Height":50,"Demand":1,"DemandMax":null,"Value":3050},{"Length":49,"Height":62,"Demand":1,"DemandMax":null,"Value":3038},{"Length":46,"Height":66,"Demand":1,"DemandMax":null,"Value":3036},{"Length":41,"Height":74,"Demand":1,"DemandMax":null,"Value":3034},{"Length":55,"Height":55,"Demand":1,"DemandMax":null,"Value":3025},{"Length":56,"Height":54,"Demand":1,"DemandMax":null,"Value":3024},{"Length":53,"Height":57,"Demand":1,"DemandMax":null,"Value":3021},{"Length":58,"Height":52,"Demand":1,"DemandMax":null,"Value":3016},{"Length":67,"Height":45,"Demand":1,"DemandMax":null,"Value":3015},{"Length":47,"Height":64,"Demand":1,"DemandMax":null,"Value":3008},{"Length":50,"Height":60,"Demand":1,"DemandMax":null,"Value":3000},{"Length":40,"Height":75,"Demand":1,"DemandMax":null,"Value":3000},{"Length":65,"Height":46,"Demand":1,"DemandMax":null,"Value":2990},{"Length":61,"Height":49,"Demand":1,"DemandMax":null,"Value":2989},{"Length":62,"Height":48,"Demand":1,"DemandMax":null,"Value":2976},{"Length":66,"Height":45,"Demand":1,"DemandMax":null,"Value":2970},{"Length":53,"Height":56,"Demand":1,"DemandMax":null,"Value":2968},{"Length":43,"Height":69,"Demand":1,"DemandMax":null,"Value":2967},{"Length":57,"Height":52,"Demand":1,"DemandMax":null,"Value":2964},{"Length":47,"Height":63,"Demand":1,"DemandMax":null,"Value":2961},{"Length":40,"Height":74,"Demand":1,"DemandMax":null,"Value":2960},{"Length":51,"Height":58,"Demand":1,"DemandMax":null,"Value":2958},{"Length":41,"Height":72,"Demand":1,"DemandMax":null,"Value":2952},{"Length":50,"Height":59,"Demand":1,"DemandMax":null,"Value":2950},{"Length":67,"Height":44,"Demand":1,"DemandMax":null,"Value":2948},{"Length":60,"Height":49,"Demand":1,"DemandMax":null,"Value":2940},{"Length":42,"Height":70,"Demand":1,"DemandMax":null,"Value":2940},{"Length":61,"Height":48,"Demand":1,"DemandMax":null,"Value":2928},{"Length":45,"Height":65,"Demand":1,"DemandMax":null,"Value":2925},{"Length":75,"Height":39,"Demand":1,"DemandMax":null,"Value":2925},{"Length":43,"Height":68,"Demand":1,"DemandMax":null,"Value":2924},{"Length":53,"Height":55,"Demand":1,"DemandMax":null,"Value":2915},{"Length":62,"Height":47,"Demand":1,"DemandMax":null,"Value":2914},{"Length":52,"Height":56,"Demand":1,"DemandMax":null,"Value":2912},{"Length":41,"Height":71,"Demand":1,"DemandMax":null,"Value":2911},{"Length":51,"Height":57,"Demand":1,"DemandMax":null,"Value":2907},{"Length":58,"Height":50,"Demand":1,"DemandMax":null,"Value":2900},{"Length":46,"Height":63,"Demand":1,"DemandMax":null,"Value":2898},{"Length":59,"Height":49,"Demand":1,"DemandMax":null,"Value":2891},{"Length":39,"Height":74,"Demand":1,"DemandMax":null,"Value":2886},{"Length":67,"Height":43,"Demand":1,"DemandMax":null,"Value":2881},{"Length":60,"Height":48,"Demand":1,"DemandMax":null,"Value":2880},{"Length":64,"Height":45,"Demand":1,"DemandMax":null,"Value":2880},{"Length":61,"Height":47,"Demand":1,"DemandMax":null,"Value":2867},{"Length":54,"Height":53,"Demand":1,"DemandMax":null,"Value":2862},{"Length":44,"Height":65,"Demand":1,"DemandMax":null,"Value":2860},{"Length":52,"Height":55,"Demand":1,"DemandMax":null,"Value":2860},{"Length":51,"Height":56,"Demand":1,"DemandMax":null,"Value":2856},{"Length":68,"Height":42,"Demand":1,"DemandMax":null,"Value":2856},{"Length":62,"Height":46,"Demand":1,"DemandMax":null,"Value":2852},{"Length":57,"Height":50,"Demand":1,"DemandMax":null,"Value":2850},{"Length":39,"Height":73,"Demand":1,"DemandMax":null,"Value":2847},{"Length":58,"Height":49,"Demand":1,"DemandMax":null,"Value":2842},{"Length":40,"Height":71,"Demand":1,"DemandMax":null,"Value":2840},{"Length":45,"Height":63,"Demand":1,"DemandMax":null,"Value":2835},{"Length":59,"Height":48,"Demand":1,"DemandMax":null,"Value":2832},{"Length":69,"Height":41,"Demand":1,"DemandMax":null,"Value":2829},{"Length":47,"Height":60,"Demand":1,"DemandMax":null,"Value":2820},{"Length":44,"Height":64,"Demand":1,"DemandMax":null,"Value":2816},{"Length":67,"Height":42,"Demand":1,"DemandMax":null,"Value":2814},{"Length":74,"Height":38,"Demand":1,"DemandMax":null,"Value":2812},{"Length":53,"Height":53,"Demand":1,"DemandMax":null,"Value":2809},{"Length":61,"Height":46,"Demand":1,"DemandMax":null,"Value":2806},{"Length":55,"Height":51,"Demand":1,"DemandMax":null,"Value":2805},{"Length":40,"Height":70,"Demand":1,"DemandMax":null,"Value":2800},{"Length":65,"Height":43,"Demand":1,"DemandMax":null,"Value":2795},{"Length":57,"Height":49,"Demand":1,"DemandMax":null,"Value":2793},{"Length":59,"Height":47,"Demand":1,"DemandMax":null,"Value":2773},{"Length":63,"Height":44,"Demand":1,"DemandMax":null,"Value":2772},{"Length":42,"Height":66,"Demand":1,"DemandMax":null,"Value":2772},{"Length":39,"Height":71,"Demand":1,"DemandMax":null,"Value":2769},{"Length":60,"Height":46,"Demand":1,"DemandMax":null,"Value":2760},{"Length":52,"Height":53,"Demand":1,"DemandMax":null,"Value":2756},{"Length":54,"Height":51,"Demand":1,"DemandMax":null,"Value":2754},{"Length":64,"Height":43,"Demand":1,"DemandMax":null,"Value":2752},{"Length":55,"Height":50,"Demand":1,"DemandMax":null,"Value":2750},{"Length":67,"Height":41,"Demand":1,"DemandMax":null,"Value":2747},{"Length":45,"Height":61,"Demand":1,"DemandMax":null,"Value":2745},{"Length":56,"Height":49,"Demand":1,"DemandMax":null,"Value":2744},{"Length":37,"Height":74,"Demand":1,"DemandMax":null,"Value":2738},{"Length":72,"Height":38,"Demand":1,"DemandMax":null,"Value":2736},{"Length":70,"Height":39,"Demand":1,"DemandMax":null,"Value":2730},{"Length":42,"Height":65,"Demand":1,"DemandMax":null,"Value":2730},{"Length":44,"Height":62,"Demand":1,"DemandMax":null,"Value":2728},{"Length":40,"Height":68,"Demand":1,"DemandMax":null,"Value":2720},{"Length":46,"Height":59,"Demand":1,"DemandMax":null,"Value":2714},{"Length":43,"Height":63,"Demand":1,"DemandMax":null,"Value":2709},{"Length":66,"Height":41,"Demand":1,"DemandMax":null,"Value":2706},{"Length":52,"Height":52,"Demand":1,"DemandMax":null,"Value":2704},{"Length":53,"Height":51,"Demand":1,"DemandMax":null,"Value":2703},{"Length":75,"Height":36,"Demand":1,"DemandMax":null,"Value":2700},{"Length":60,"Height":45,"Demand":1,"DemandMax":null,"Value":2700},{"Length":55,"Height":49,"Demand":1,"DemandMax":null,"Value":2695},{"Length":69,"Height":39,"Demand":1,"DemandMax":null,"Value":2691},{"Length":56,"Height":48,"Demand":1,"DemandMax":null,"Value":2688},{"Length":47,"Height":57,"Demand":1,"DemandMax":null,"Value":2679},{"Length":58,"Height":46,"Demand":1,"DemandMax":null,"Value":2668},{"Length":62,"Height":43,"Demand":1,"DemandMax":null,"Value":2666},{"Length":41,"Height":65,"Demand":1,"DemandMax":null,"Value":2665},{"Length":37,"Height":72,"Demand":1,"DemandMax":null,"Value":2664},{"Length":36,"Height":74,"Demand":1,"DemandMax":null,"Value":2664},{"Length":70,"Height":38,"Demand":1,"DemandMax":null,"Value":2660},{"Length":45,"Height":59,"Demand":1,"DemandMax":null,"Value":2655},{"Length":39,"Height":68,"Demand":1,"DemandMax":null,"Value":2652},{"Length":52,"Height":51,"Demand":1,"DemandMax":null,"Value":2652},{"Length":54,"Height":49,"Demand":1,"DemandMax":null,"Value":2646},{"Length":63,"Height":42,"Demand":1,"DemandMax":null,"Value":2646},{"Length":44,"Height":60,"Demand":1,"DemandMax":null,"Value":2640},{"Length":48,"Height":55,"Demand":1,"DemandMax":null,"Value":2640},{"Length":47,"Height":56,"Demand":1,"DemandMax":null,"Value":2632},{"Length":73,"Height":36,"Demand":1,"DemandMax":null,"Value":2628},{"Length":71,"Height":37,"Demand":1,"DemandMax":null,"Value":2627},{"Length":35,"Height":75,"Demand":1,"DemandMax":null,"Value":2625},{"Length":41,"Height":64,"Demand":1,"DemandMax":null,"Value":2624},{"Length":61,"Height":43,"Demand":1,"DemandMax":null,"Value":2623},{"Length":38,"Height":69,"Demand":1,"DemandMax":null,"Value":2622},{"Length":39,"Height":67,"Demand":1,"DemandMax":null,"Value":2613},{"Length":58,"Height":45,"Demand":1,"DemandMax":null,"Value":2610},{"Length":62,"Height":42,"Demand":1,"DemandMax":null,"Value":2604},{"Length":50,"Height":52,"Demand":1,"DemandMax":null,"Value":2600},{"Length":44,"Height":59,"Demand":1,"DemandMax":null,"Value":2596},{"Length":36,"Height":72,"Demand":1,"DemandMax":null,"Value":2592},{"Length":48,"Height":54,"Demand":1,"DemandMax":null,"Value":2592},{"Length":70,"Height":37,"Demand":1,"DemandMax":null,"Value":2590},{"Length":47,"Height":55,"Demand":1,"DemandMax":null,"Value":2585},{"Length":68,"Height":38,"Demand":1,"DemandMax":null,"Value":2584},{"Length":41,"Height":63,"Demand":1,"DemandMax":null,"Value":2583},{"Length":46,"Height":56,"Demand":1,"DemandMax":null,"Value":2576},{"Length":66,"Height":39,"Demand":1,"DemandMax":null,"Value":2574},{"Length":45,"Height":57,"Demand":1,"DemandMax":null,"Value":2565},{"Length":42,"Height":61,"Demand":1,"DemandMax":null,"Value":2562},{"Length":64,"Height":40,"Demand":1,"DemandMax":null,"Value":2560},{"Length":71,"Height":36,"Demand":1,"DemandMax":null,"Value":2556},{"Length":73,"Height":35,"Demand":1,"DemandMax":null,"Value":2555},{"Length":50,"Height":51,"Demand":1,"DemandMax":null,"Value":2550},{"Length":75,"Height":34,"Demand":1,"DemandMax":null,"Value":2550},{"Length":52,"Height":49,"Demand":1,"DemandMax":null,"Value":2548},{"Length":53,"Height":48,"Demand":1,"DemandMax":null,"Value":2544},{"Length":62,"Height":41,"Demand":1,"DemandMax":null,"Value":2542},{"Length":54,"Height":47,"Demand":1,"DemandMax":null,"Value":2538},{"Length":43,"Height":59,"Demand":1,"DemandMax":null,"Value":2537},{"Length":39,"Height":65,"Demand":1,"DemandMax":null,"Value":2535},{"Length":55,"Height":46,"Demand":1,"DemandMax":null,"Value":2530},{"Length":42,"Height":60,"Demand":1,"DemandMax":null,"Value":2520},{"Length":72,"Height":35,"Demand":1,"DemandMax":null,"Value":2520},{"Length":45,"Height":56,"Demand":1,"DemandMax":null,"Value":2520},{"Length":70,"Height":36,"Demand":1,"DemandMax":null,"Value":2520},{"Length":68,"Height":37,"Demand":1,"DemandMax":null,"Value":2516},{"Length":66,"Height":38,"Demand":1,"DemandMax":null,"Value":2508},{"Length":57,"Height":44,"Demand":1,"DemandMax":null,"Value":2508},{"Length":61,"Height":41,"Demand":1,"DemandMax":null,"Value":2501},{"Length":64,"Height":39,"Demand":1,"DemandMax":null,"Value":2496},{"Length":52,"Height":48,"Demand":1,"DemandMax":null,"Value":2496},{"Length":53,"Height":47,"Demand":1,"DemandMax":null,"Value":2491},{"Length":35,"Height":71,"Demand":1,"DemandMax":null,"Value":2485},{"Length":46,"Height":54,"Demand":1,"DemandMax":null,"Value":2484},{"Length":69,"Height":36,"Demand":1,"DemandMax":null,"Value":2484},{"Length":40,"Height":62,"Demand":1,"DemandMax":null,"Value":2480},{"Length":67,"Height":37,"Demand":1,"DemandMax":null,"Value":2479},{"Length":59,"Height":42,"Demand":1,"DemandMax":null,"Value":2478},{"Length":45,"Height":55,"Demand":1,"DemandMax":null,"Value":2475},{"Length":33,"Height":75,"Demand":1,"DemandMax":null,"Value":2475},{"Length":38,"Height":65,"Demand":1,"DemandMax":null,"Value":2470},{"Length":56,"Height":44,"Demand":1,"DemandMax":null,"Value":2464},{"Length":43,"Height":57,"Demand":1,"DemandMax":null,"Value":2451},{"Length":70,"Height":35,"Demand":1,"DemandMax":null,"Value":2450},{"Length":34,"Height":72,"Demand":1,"DemandMax":null,"Value":2448},{"Length":36,"Height":68,"Demand":1,"DemandMax":null,"Value":2448},{"Length":52,"Height":47,"Demand":1,"DemandMax":null,"Value":2444},{"Length":74,"Height":33,"Demand":1,"DemandMax":null,"Value":2442},{"Length":40,"Height":61,"Demand":1,"DemandMax":null,"Value":2440},{"Length":46,"Height":53,"Demand":1,"DemandMax":null,"Value":2438},{"Length":42,"Height":58,"Demand":1,"DemandMax":null,"Value":2436},{"Length":38,"Height":64,"Demand":1,"DemandMax":null,"Value":2432},{"Length":55,"Height":44,"Demand":1,"DemandMax":null,"Value":2420},{"Length":39,"Height":62,"Demand":1,"DemandMax":null,"Value":2418},{"Length":35,"Height":69,"Demand":1,"DemandMax":null,"Value":2415},{"Length":34,"Height":71,"Demand":1,"DemandMax":null,"Value":2414},{"Length":36,"Height":67,"Demand":1,"DemandMax":null,"Value":2412},{"Length":33,"Height":73,"Demand":1,"DemandMax":null,"Value":2409},{"Length":56,"Height":43,"Demand":1,"DemandMax":null,"Value":2408},{"Length":37,"Height":65,"Demand":1,"DemandMax":null,"Value":2405},{"Length":49,"Height":49,"Demand":1,"DemandMax":null,"Value":2401},{"Length":50,"Height":48,"Demand":1,"DemandMax":null,"Value":2400},{"Length":60,"Height":40,"Demand":1,"DemandMax":null,"Value":2400},{"Length":32,"Height":75,"Demand":1,"DemandMax":null,"Value":2400},{"Length":38,"Height":63,"Demand":1,"DemandMax":null,"Value":2394},{"Length":52,"Height":46,"Demand":1,"DemandMax":null,"Value":2392},{"Length":45,"Height":53,"Demand":1,"DemandMax":null,"Value":2385},{"Length":34,"Height":70,"Demand":1,"DemandMax":null,"Value":2380},{"Length":68,"Height":35,"Demand":1,"DemandMax":null,"Value":2380},{"Length":61,"Height":39,"Demand":1,"DemandMax":null,"Value":2379},{"Length":72,"Height":33,"Demand":1,"DemandMax":null,"Value":2376},{"Length":36,"Height":66,"Demand":1,"DemandMax":null,"Value":2376},{"Length":64,"Height":37,"Demand":1,"DemandMax":null,"Value":2368},{"Length":74,"Height":32,"Demand":1,"DemandMax":null,"Value":2368},{"Length":43,"Height":55,"Demand":1,"DemandMax":null,"Value":2365},{"Length":40,"Height":59,"Demand":1,"DemandMax":null,"Value":2360},{"Length":62,"Height":38,"Demand":1,"DemandMax":null,"Value":2356},{"Length":49,"Height":48,"Demand":1,"DemandMax":null,"Value":2352},{"Length":42,"Height":56,"Demand":1,"DemandMax":null,"Value":2352},{"Length":50,"Height":47,"Demand":1,"DemandMax":null,"Value":2350},{"Length":34,"Height":69,"Demand":1,"DemandMax":null,"Value":2346},{"Length":67,"Height":35,"Demand":1,"DemandMax":null,"Value":2345},{"Length":33,"Height":71,"Demand":1,"DemandMax":null,"Value":2343},{"Length":65,"Height":36,"Demand":1,"DemandMax":null,"Value":2340},{"Length":45,"Height":52,"Demand":1,"DemandMax":null,"Value":2340},{"Length":57,"Height":41,"Demand":1,"DemandMax":null,"Value":2337},{"Length":73,"Height":32,"Demand":1,"DemandMax":null,"Value":2336},{"Length":44,"Height":53,"Demand":1,"DemandMax":null,"Value":2332},{"Length":63,"Height":37,"Demand":1,"DemandMax":null,"Value":2331},{"Length":75,"Height":31,"Demand":1,"DemandMax":null,"Value":2325},{"Length":40,"Height":58,"Demand":1,"DemandMax":null,"Value":2320},{"Length":61,"Height":38,"Demand":1,"DemandMax":null,"Value":2318},{"Length":68,"Height":34,"Demand":1,"DemandMax":null,"Value":2312},{"Length":33,"Height":70,"Demand":1,"DemandMax":null,"Value":2310},{"Length":42,"Height":55,"Demand":1,"DemandMax":null,"Value":2310},{"Length":35,"Height":66,"Demand":1,"DemandMax":null,"Value":2310},{"Length":64,"Height":36,"Demand":1,"DemandMax":null,"Value":2304},{"Length":72,"Height":32,"Demand":1,"DemandMax":null,"Value":2304},{"Length":47,"Height":49,"Demand":1,"DemandMax":null,"Value":2303},{"Length":39,"Height":59,"Demand":1,"DemandMax":null,"Value":2301},{"Length":41,"Height":56,"Demand":1,"DemandMax":null,"Value":2296},{"Length":51,"Height":45,"Demand":1,"DemandMax":null,"Value":2295},{"Length":31,"Height":74,"Demand":1,"DemandMax":null,"Value":2294},{"Length":62,"Height":37,"Demand":1,"DemandMax":null,"Value":2294},{"Length":44,"Height":52,"Demand":1,"DemandMax":null,"Value":2288},{"Length":38,"Height":60,"Demand":1,"DemandMax":null,"Value":2280},{"Length":40,"Height":57,"Demand":1,"DemandMax":null,"Value":2280},{"Length":43,"Height":53,"Demand":1,"DemandMax":null,"Value":2279},{"Length":69,"Height":33,"Demand":1,"DemandMax":null,"Value":2277},{"Length":35,"Height":65,"Demand":1,"DemandMax":null,"Value":2275},{"Length":36,"Height":63,"Demand":1,"DemandMax":null,"Value":2268},{"Length":42,"Height":54,"Demand":1,"DemandMax":null,"Value":2268},{"Length":31,"Height":73,"Demand":1,"DemandMax":null,"Value":2263},{"Length":61,"Height":37,"Demand":1,"DemandMax":null,"Value":2257},{"Length":47,"Height":48,"Demand":1,"DemandMax":null,"Value":2256},{"Length":55,"Height":41,"Demand":1,"DemandMax":null,"Value":2255},{"Length":49,"Height":46,"Demand":1,"DemandMax":null,"Value":2254},{"Length":51,"Height":44,"Demand":1,"DemandMax":null,"Value":2244},{"Length":34,"Height":66,"Demand":1,"DemandMax":null,"Value":2244},{"Length":56,"Height":40,"Demand":1,"DemandMax":null,"Value":2240},{"Length":32,"Height":70,"Demand":1,"DemandMax":null,"Value":2240},{"Length":43,"Height":52,"Demand":1,"DemandMax":null,"Value":2236},{"Length":36,"Height":62,"Demand":1,"DemandMax":null,"Value":2232},{"Length":31,"Height":72,"Demand":1,"DemandMax":null,"Value":2232},{"Length":53,"Height":42,"Demand":1,"DemandMax":null,"Value":2226},{"Length":57,"Height":39,"Demand":1,"DemandMax":null,"Value":2223},{"Length":60,"Height":37,"Demand":1,"DemandMax":null,"Value":2220},{"Length":74,"Height":30,"Demand":1,"DemandMax":null,"Value":2220},{"Length":54,"Height":41,"Demand":1,"DemandMax":null,"Value":2214},{"Length":67,"Height":33,"Demand":1,"DemandMax":null,"Value":2211},{"Length":65,"Height":34,"Demand":1,"DemandMax":null,"Value":2210},{"Length":47,"Height":47,"Demand":1,"DemandMax":null,"Value":2209},{"Length":46,"Height":48,"Demand":1,"DemandMax":null,"Value":2208},{"Length":32,"Height":69,"Demand":1,"DemandMax":null,"Value":2208},{"Length":63,"Height":35,"Demand":1,"DemandMax":null,"Value":2205},{"Length":71,"Height":31,"Demand":1,"DemandMax":null,"Value":2201},{"Length":44,"Height":50,"Demand":1,"DemandMax":null,"Value":2200},{"Length":40,"Height":55,"Demand":1,"DemandMax":null,"Value":2200},{"Length":43,"Height":51,"Demand":1,"DemandMax":null,"Value":2193},{"Length":73,"Height":30,"Demand":1,"DemandMax":null,"Value":2190},{"Length":56,"Height":39,"Demand":1,"DemandMax":null,"Value":2184},{"Length":42,"Height":52,"Demand":1,"DemandMax":null,"Value":2184},{"Length":33,"Height":66,"Demand":1,"DemandMax":null,"Value":2178},{"Length":68,"Height":32,"Demand":1,"DemandMax":null,"Value":2176},{"Length":75,"Height":29,"Demand":1,"DemandMax":null,"Value":2175},{"Length":62,"Height":35,"Demand":1,"DemandMax":null,"Value":2170},{"Length":31,"Height":70,"Demand":1,"DemandMax":null,"Value":2170},{"Length":38,"Height":57,"Demand":1,"DemandMax":null,"Value":2166},{"Length":47,"Height":46,"Demand":1,"DemandMax":null,"Value":2162},{"Length":54,"Height":40,"Demand":1,"DemandMax":null,"Value":2160},{"Length":60,"Height":36,"Demand":1,"DemandMax":null,"Value":2160},{"Length":48,"Height":45,"Demand":1,"DemandMax":null,"Value":2160},{"Length":72,"Height":30,"Demand":1,"DemandMax":null,"Value":2160},{"Length":44,"Height":49,"Demand":1,"DemandMax":null,"Value":2156},{"Length":50,"Height":43,"Demand":1,"DemandMax":null,"Value":2150},{"Length":58,"Height":37,"Demand":1,"DemandMax":null,"Value":2146},{"Length":32,"Height":67,"Demand":1,"DemandMax":null,"Value":2144},{"Length":51,"Height":42,"Demand":1,"DemandMax":null,"Value":2142},{"Length":31,"Height":69,"Demand":1,"DemandMax":null,"Value":2139},{"Length":61,"Height":35,"Demand":1,"DemandMax":null,"Value":2135},{"Length":52,"Height":41,"Demand":1,"DemandMax":null,"Value":2132},{"Length":56,"Height":38,"Demand":1,"DemandMax":null,"Value":2128},{"Length":36,"Height":59,"Demand":1,"DemandMax":null,"Value":2124},{"Length":29,"Height":73,"Demand":1,"DemandMax":null,"Value":2117},{"Length":46,"Height":46,"Demand":1,"DemandMax":null,"Value":2116},{"Length":47,"Height":45,"Demand":1,"DemandMax":null,"Value":2115},{"Length":32,"Height":66,"Demand":1,"DemandMax":null,"Value":2112},{"Length":34,"Height":62,"Demand":1,"DemandMax":null,"Value":2108},{"Length":68,"Height":31,"Demand":1,"DemandMax":null,"Value":2108},{"Length":49,"Height":43,"Demand":1,"DemandMax":null,"Value":2107},{"Length":39,"Height":54,"Demand":1,"DemandMax":null,"Value":2106},{"Length":75,"Height":28,"Demand":1,"DemandMax":null,"Value":2100},{"Length":50,"Height":42,"Demand":1,"DemandMax":null,"Value":2100},{"Length":41,"Height":51,"Demand":1,"DemandMax":null,"Value":2091},{"Length":55,"Height":38,"Demand":1,"DemandMax":null,"Value":2090},{"Length":29,"Height":72,"Demand":1,"DemandMax":null,"Value":2088},{"Length":58,"Height":36,"Demand":1,"DemandMax":null,"Value":2088},{"Length":52,"Height":40,"Demand":1,"DemandMax":null,"Value":2080},{"Length":32,"Height":65,"Demand":1,"DemandMax":null,"Value":2080},{"Length":67,"Height":31,"Demand":1,"DemandMax":null,"Value":2077},{"Length":74,"Height":28,"Demand":1,"DemandMax":null,"Value":2072},{"Length":37,"Height":56,"Demand":1,"DemandMax":null,"Value":2072},{"Length":45,"Height":46,"Demand":1,"DemandMax":null,"Value":2070},{"Length":44,"Height":47,"Demand":1,"DemandMax":null,"Value":2068},{"Length":53,"Height":39,"Demand":1,"DemandMax":null,"Value":2067},{"Length":35,"Height":59,"Demand":1,"DemandMax":null,"Value":2065},{"Length":48,"Height":43,"Demand":1,"DemandMax":null,"Value":2064},{"Length":71,"Height":29,"Demand":1,"DemandMax":null,"Value":2059},{"Length":42,"Height":49,"Demand":1,"DemandMax":null,"Value":2058},{"Length":36,"Height":57,"Demand":1,"DemandMax":null,"Value":2052},{"Length":41,"Height":50,"Demand":1,"DemandMax":null,"Value":2050},{"Length":64,"Height":32,"Demand":1,"DemandMax":null,"Value":2048},{"Length":33,"Height":62,"Demand":1,"DemandMax":null,"Value":2046},{"Length":66,"Height":31,"Demand":1,"DemandMax":null,"Value":2046},{"Length":60,"Height":34,"Demand":1,"DemandMax":null,"Value":2040},{"Length":51,"Height":40,"Demand":1,"DemandMax":null,"Value":2040},{"Length":37,"Height":55,"Demand":1,"DemandMax":null,"Value":2035},{"Length":70,"Height":29,"Demand":1,"DemandMax":null,"Value":2030},{"Length":52,"Height":39,"Demand":1,"DemandMax":null,"Value":2028},{"Length":45,"Height":45,"Demand":1,"DemandMax":null,"Value":2025},{"Length":27,"Height":75,"Demand":1,"DemandMax":null,"Value":2025},{"Length":44,"Height":46,"Demand":1,"DemandMax":null,"Value":2024},{"Length":47,"Height":43,"Demand":1,"DemandMax":null,"Value":2021},{"Length":56,"Height":36,"Demand":1,"DemandMax":null,"Value":2016},{"Length":28,"Height":72,"Demand":1,"DemandMax":null,"Value":2016},{"Length":65,"Height":31,"Demand":1,"DemandMax":null,"Value":2015},{"Length":53,"Height":38,"Demand":1,"DemandMax":null,"Value":2014},{"Length":61,"Height":33,"Demand":1,"DemandMax":null,"Value":2013},{"Length":49,"Height":41,"Demand":1,"DemandMax":null,"Value":2009},{"Length":69,"Height":29,"Demand":1,"DemandMax":null,"Value":2001},{"Length":50,"Height":40,"Demand":1,"DemandMax":null,"Value":2000},{"Length":27,"Height":74,"Demand":1,"DemandMax":null,"Value":1998},{"Length":37,"Height":54,"Demand":1,"DemandMax":null,"Value":1998},{"Length":57,"Height":35,"Demand":1,"DemandMax":null,"Value":1995},{"Length":71,"Height":28,"Demand":1,"DemandMax":null,"Value":1988},{"Length":62,"Height":32,"Demand":1,"DemandMax":null,"Value":1984},{"Length":55,"Height":36,"Demand":1,"DemandMax":null,"Value":1980},{"Length":46,"Height":43,"Demand":1,"DemandMax":null,"Value":1978},{"Length":38,"Height":52,"Demand":1,"DemandMax":null,"Value":1976},{"Length":42,"Height":47,"Demand":1,"DemandMax":null,"Value":1974},{"Length":29,"Height":68,"Demand":1,"DemandMax":null,"Value":1972},{"Length":34,"Height":58,"Demand":1,"DemandMax":null,"Value":1972},{"Length":73,"Height":27,"Demand":1,"DemandMax":null,"Value":1971},{"Length":41,"Height":48,"Demand":1,"DemandMax":null,"Value":1968},{"Length":53,"Height":37,"Demand":1,"DemandMax":null,"Value":1961},{"Length":40,"Height":49,"Demand":1,"DemandMax":null,"Value":1960},{"Length":70,"Height":28,"Demand":1,"DemandMax":null,"Value":1960},{"Length":32,"Height":61,"Demand":1,"DemandMax":null,"Value":1952},{"Length":65,"Height":30,"Demand":1,"DemandMax":null,"Value":1950},{"Length":39,"Height":50,"Demand":1,"DemandMax":null,"Value":1950},{"Length":26,"Height":75,"Demand":1,"DemandMax":null,"Value":1950},{"Length":33,"Height":59,"Demand":1,"DemandMax":null,"Value":1947},{"Length":72,"Height":27,"Demand":1,"DemandMax":null,"Value":1944},{"Length":36,"Height":54,"Demand":1,"DemandMax":null,"Value":1944},{"Length":29,"Height":67,"Demand":1,"DemandMax":null,"Value":1943},{"Length":38,"Height":51,"Demand":1,"DemandMax":null,"Value":1938},{"Length":57,"Height":34,"Demand":1,"DemandMax":null,"Value":1938},{"Length":45,"Height":43,"Demand":1,"DemandMax":null,"Value":1935},{"Length":69,"Height":28,"Demand":1,"DemandMax":null,"Value":1932},{"Length":42,"Height":46,"Demand":1,"DemandMax":null,"Value":1932},{"Length":47,"Height":41,"Demand":1,"DemandMax":null,"Value":1927},{"Length":35,"Height":55,"Demand":1,"DemandMax":null,"Value":1925},{"Length":37,"Height":52,"Demand":1,"DemandMax":null,"Value":1924},{"Length":74,"Height":26,"Demand":1,"DemandMax":null,"Value":1924},{"Length":64,"Height":30,"Demand":1,"DemandMax":null,"Value":1920},{"Length":48,"Height":40,"Demand":1,"DemandMax":null,"Value":1920},{"Length":32,"Height":60,"Demand":1,"DemandMax":null,"Value":1920},{"Length":27,"Height":71,"Demand":1,"DemandMax":null,"Value":1917},{"Length":58,"Height":33,"Demand":1,"DemandMax":null,"Value":1914},{"Length":49,"Height":39,"Demand":1,"DemandMax":null,"Value":1911},{"Length":68,"Height":28,"Demand":1,"DemandMax":null,"Value":1904},{"Length":43,"Height":44,"Demand":1,"DemandMax":null,"Value":1892},{"Length":42,"Height":45,"Demand":1,"DemandMax":null,"Value":1890},{"Length":27,"Height":70,"Demand":1,"DemandMax":null,"Value":1890},{"Length":30,"Height":63,"Demand":1,"DemandMax":null,"Value":1890},{"Length":32,"Height":59,"Demand":1,"DemandMax":null,"Value":1888},{"Length":51,"Height":37,"Demand":1,"DemandMax":null,"Value":1887},{"Length":46,"Height":41,"Demand":1,"DemandMax":null,"Value":1886},{"Length":33,"Height":57,"Demand":1,"DemandMax":null,"Value":1881},{"Length":47,"Height":40,"Demand":1,"DemandMax":null,"Value":1880},{"Length":67,"Height":28,"Demand":1,"DemandMax":null,"Value":1876},{"Length":25,"Height":75,"Demand":1,"DemandMax":null,"Value":1875},{"Length":52,"Height":36,"Demand":1,"DemandMax":null,"Value":1872},{"Length":48,"Height":39,"Demand":1,"DemandMax":null,"Value":1872},{"Length":26,"Height":72,"Demand":1,"DemandMax":null,"Value":1872},{"Length":34,"Height":55,"Demand":1,"DemandMax":null,"Value":1870},{"Length":69,"Height":27,"Demand":1,"DemandMax":null,"Value":1863},{"Length":38,"Height":49,"Demand":1,"DemandMax":null,"Value":1862},{"Length":60,"Height":31,"Demand":1,"DemandMax":null,"Value":1860},{"Length":62,"Height":30,"Demand":1,"DemandMax":null,"Value":1860},{"Length":58,"Height":32,"Demand":1,"DemandMax":null,"Value":1856},{"Length":29,"Height":64,"Demand":1,"DemandMax":null,"Value":1856},{"Length":35,"Height":53,"Demand":1,"DemandMax":null,"Value":1855},{"Length":37,"Height":50,"Demand":1,"DemandMax":null,"Value":1850},{"Length":43,"Height":43,"Demand":1,"DemandMax":null,"Value":1849},{"Length":66,"Height":28,"Demand":1,"DemandMax":null,"Value":1848},{"Length":56,"Height":33,"Demand":1,"DemandMax":null,"Value":1848},{"Length":42,"Height":44,"Demand":1,"DemandMax":null,"Value":1848},{"Length":71,"Height":26,"Demand":1,"DemandMax":null,"Value":1846},{"Length":45,"Height":41,"Demand":1,"DemandMax":null,"Value":1845},{"Length":46,"Height":40,"Demand":1,"DemandMax":null,"Value":1840},{"Length":36,"Height":51,"Demand":1,"DemandMax":null,"Value":1836},{"Length":34,"Height":54,"Demand":1,"DemandMax":null,"Value":1836},{"Length":27,"Height":68,"Demand":1,"DemandMax":null,"Value":1836},{"Length":47,"Height":39,"Demand":1,"DemandMax":null,"Value":1833},{"Length":61,"Height":30,"Demand":1,"DemandMax":null,"Value":1830},{"Length":63,"Height":29,"Demand":1,"DemandMax":null,"Value":1827},{"Length":73,"Height":25,"Demand":1,"DemandMax":null,"Value":1825},{"Length":48,"Height":38,"Demand":1,"DemandMax":null,"Value":1824},{"Length":57,"Height":32,"Demand":1,"DemandMax":null,"Value":1824},{"Length":70,"Height":26,"Demand":1,"DemandMax":null,"Value":1820},{"Length":33,"Height":55,"Demand":1,"DemandMax":null,"Value":1815},{"Length":37,"Height":49,"Demand":1,"DemandMax":null,"Value":1813},{"Length":27,"Height":67,"Demand":1,"DemandMax":null,"Value":1809},{"Length":43,"Height":42,"Demand":1,"DemandMax":null,"Value":1806},{"Length":41,"Height":44,"Demand":1,"DemandMax":null,"Value":1804},{"Length":25,"Height":72,"Demand":1,"DemandMax":null,"Value":1800},{"Length":40,"Height":45,"Demand":1,"DemandMax":null,"Value":1800},{"Length":50,"Height":36,"Demand":1,"DemandMax":null,"Value":1800},{"Length":62,"Height":29,"Demand":1,"DemandMax":null,"Value":1798},{"Length":69,"Height":26,"Demand":1,"DemandMax":null,"Value":1794},{"Length":46,"Height":39,"Demand":1,"DemandMax":null,"Value":1794},{"Length":64,"Height":28,"Demand":1,"DemandMax":null,"Value":1792},{"Length":56,"Height":32,"Demand":1,"DemandMax":null,"Value":1792},{"Length":38,"Height":47,"Demand":1,"DemandMax":null,"Value":1786},{"Length":51,"Height":35,"Demand":1,"DemandMax":null,"Value":1785},{"Length":66,"Height":27,"Demand":1,"DemandMax":null,"Value":1782},{"Length":37,"Height":48,"Demand":1,"DemandMax":null,"Value":1776},{"Length":71,"Height":25,"Demand":1,"DemandMax":null,"Value":1775},{"Length":29,"Height":61,"Demand":1,"DemandMax":null,"Value":1769},{"Length":52,"Height":34,"Demand":1,"DemandMax":null,"Value":1768},{"Length":57,"Height":31,"Demand":1,"DemandMax":null,"Value":1767},{"Length":28,"Height":63,"Demand":1,"DemandMax":null,"Value":1764},{"Length":40,"Height":44,"Demand":1,"DemandMax":null,"Value":1760},{"Length":39,"Height":45,"Demand":1,"DemandMax":null,"Value":1755},{"Length":50,"Height":35,"Demand":1,"DemandMax":null,"Value":1750},{"Length":70,"Height":25,"Demand":1,"DemandMax":null,"Value":1750},{"Length":33,"Height":53,"Demand":1,"DemandMax":null,"Value":1749},{"Length":26,"Height":67,"Demand":1,"DemandMax":null,"Value":1742},{"Length":60,"Height":29,"Demand":1,"DemandMax":null,"Value":1740},{"Length":37,"Height":47,"Demand":1,"DemandMax":null,"Value":1739},{"Length":28,"Height":62,"Demand":1,"DemandMax":null,"Value":1736},{"Length":31,"Height":56,"Demand":1,"DemandMax":null,"Value":1736},{"Length":51,"Height":34,"Demand":1,"DemandMax":null,"Value":1734},{"Length":36,"Height":48,"Demand":1,"DemandMax":null,"Value":1728},{"Length":54,"Height":32,"Demand":1,"DemandMax":null,"Value":1728},{"Length":27,"Height":64,"Demand":1,"DemandMax":null,"Value":1728},{"Length":25,"Height":69,"Demand":1,"DemandMax":null,"Value":1725},{"Length":41,"Height":42,"Demand":1,"DemandMax":null,"Value":1722},{"Length":43,"Height":40,"Demand":1,"DemandMax":null,"Value":1720},{"Length":33,"Height":52,"Demand":1,"DemandMax":null,"Value":1716},{"Length":66,"Height":26,"Demand":1,"DemandMax":null,"Value":1716},{"Length":59,"Height":29,"Demand":1,"DemandMax":null,"Value":1711},{"Length":30,"Height":57,"Demand":1,"DemandMax":null,"Value":1710},{"Length":45,"Height":38,"Demand":1,"DemandMax":null,"Value":1710},{"Length":61,"Height":28,"Demand":1,"DemandMax":null,"Value":1708},{"Length":31,"Height":55,"Demand":1,"DemandMax":null,"Value":1705},{"Length":46,"Height":37,"Demand":1,"DemandMax":null,"Value":1702},{"Length":27,"Height":63,"Demand":1,"DemandMax":null,"Value":1701},{"Length":34,"Height":50,"Demand":1,"DemandMax":null,"Value":1700},{"Length":53,"Height":32,"Demand":1,"DemandMax":null,"Value":1696},{"Length":36,"Height":47,"Demand":1,"DemandMax":null,"Value":1692},{"Length":33,"Height":51,"Demand":1,"DemandMax":null,"Value":1683},{"Length":58,"Height":29,"Demand":1,"DemandMax":null,"Value":1682},{"Length":41,"Height":41,"Demand":1,"DemandMax":null,"Value":1681},{"Length":28,"Height":60,"Demand":1,"DemandMax":null,"Value":1680},{"Length":40,"Height":42,"Demand":1,"DemandMax":null,"Value":1680},{"Length":56,"Height":30,"Demand":1,"DemandMax":null,"Value":1680},{"Length":39,"Height":43,"Demand":1,"DemandMax":null,"Value":1677},{"Length":25,"Height":67,"Demand":1,"DemandMax":null,"Value":1675},{"Length":31,"Height":54,"Demand":1,"DemandMax":null,"Value":1674},{"Length":27,"Height":62,"Demand":1,"DemandMax":null,"Value":1674},{"Length":49,"Height":34,"Demand":1,"DemandMax":null,"Value":1666},{"Length":37,"Height":45,"Demand":1,"DemandMax":null,"Value":1665},{"Length":52,"Height":32,"Demand":1,"DemandMax":null,"Value":1664},{"Length":26,"Height":64,"Demand":1,"DemandMax":null,"Value":1664},{"Length":57,"Height":29,"Demand":1,"DemandMax":null,"Value":1653},{"Length":59,"Height":28,"Demand":1,"DemandMax":null,"Value":1652},{"Length":25,"Height":66,"Demand":1,"DemandMax":null,"Value":1650},{"Length":30,"Height":55,"Demand":1,"DemandMax":null,"Value":1650},{"Length":27,"Height":61,"Demand":1,"DemandMax":null,"Value":1647},{"Length":47,"Height":35,"Demand":1,"DemandMax":null,"Value":1645},{"Length":31,"Height":53,"Demand":1,"DemandMax":null,"Value":1643},{"Length":41,"Height":40,"Demand":1,"DemandMax":null,"Value":1640},{"Length":39,"Height":42,"Demand":1,"DemandMax":null,"Value":1638},{"Length":43,"Height":38,"Demand":1,"DemandMax":null,"Value":1634},{"Length":34,"Height":48,"Demand":1,"DemandMax":null,"Value":1632},{"Length":51,"Height":32,"Demand":1,"DemandMax":null,"Value":1632},{"Length":44,"Height":37,"Demand":1,"DemandMax":null,"Value":1628},{"Length":65,"Height":25,"Demand":1,"DemandMax":null,"Value":1625},{"Length":29,"Height":56,"Demand":1,"DemandMax":null,"Value":1624},{"Length":28,"Height":58,"Demand":1,"DemandMax":null,"Value":1624},{"Length":27,"Height":60,"Demand":1,"DemandMax":null,"Value":1620},{"Length":54,"Height":30,"Demand":1,"DemandMax":null,"Value":1620},{"Length":33,"Height":49,"Demand":1,"DemandMax":null,"Value":1617},{"Length":26,"Height":62,"Demand":1,"DemandMax":null,"Value":1612},{"Length":35,"Height":46,"Demand":1,"DemandMax":null,"Value":1610},{"Length":50,"Height":32,"Demand":1,"DemandMax":null,"Value":1600},{"Length":25,"Height":64,"Demand":1,"DemandMax":null,"Value":1600},{"Length":39,"Height":41,"Demand":1,"DemandMax":null,"Value":1599},{"Length":47,"Height":34,"Demand":1,"DemandMax":null,"Value":1598},{"Length":57,"Height":28,"Demand":1,"DemandMax":null,"Value":1596},{"Length":42,"Height":38,"Demand":1,"DemandMax":null,"Value":1596},{"Length":29,"Height":55,"Demand":1,"DemandMax":null,"Value":1595},{"Length":27,"Height":59,"Demand":1,"DemandMax":null,"Value":1593},{"Length":43,"Height":37,"Demand":1,"DemandMax":null,"Value":1591},{"Length":30,"Height":53,"Demand":1,"DemandMax":null,"Value":1590},{"Length":61,"Height":26,"Demand":1,"DemandMax":null,"Value":1586},{"Length":36,"Height":44,"Demand":1,"DemandMax":null,"Value":1584},{"Length":48,"Height":33,"Demand":1,"DemandMax":null,"Value":1584},{"Length":51,"Height":31,"Demand":1,"DemandMax":null,"Value":1581},{"Length":25,"Height":63,"Demand":1,"DemandMax":null,"Value":1575},{"Length":35,"Height":45,"Demand":1,"DemandMax":null,"Value":1575},{"Length":49,"Height":32,"Demand":1,"DemandMax":null,"Value":1568},{"Length":56,"Height":28,"Demand":1,"DemandMax":null,"Value":1568},{"Length":54,"Height":29,"Demand":1,"DemandMax":null,"Value":1566},{"Length":27,"Height":58,"Demand":1,"DemandMax":null,"Value":1566},{"Length":34,"Height":46,"Demand":1,"DemandMax":null,"Value":1564},{"Length":39,"Height":40,"Demand":1,"DemandMax":null,"Value":1560},{"Length":26,"Height":60,"Demand":1,"DemandMax":null,"Value":1560},{"Length":30,"Height":52,"Demand":1,"DemandMax":null,"Value":1560},{"Length":38,"Height":41,"Demand":1,"DemandMax":null,"Value":1558},{"Length":42,"Height":37,"Demand":1,"DemandMax":null,"Value":1554},{"Length":43,"Height":36,"Demand":1,"DemandMax":null,"Value":1548},{"Length":55,"Height":28,"Demand":1,"DemandMax":null,"Value":1540},{"Length":57,"Height":27,"Demand":1,"DemandMax":null,"Value":1539},{"Length":53,"Height":29,"Demand":1,"DemandMax":null,"Value":1537},{"Length":59,"Height":26,"Demand":1,"DemandMax":null,"Value":1534},{"Length":51,"Height":30,"Demand":1,"DemandMax":null,"Value":1530},{"Length":25,"Height":61,"Demand":1,"DemandMax":null,"Value":1525},{"Length":38,"Height":40,"Demand":1,"DemandMax":null,"Value":1520},{"Length":31,"Height":49,"Demand":1,"DemandMax":null,"Value":1519},{"Length":41,"Height":37,"Demand":1,"DemandMax":null,"Value":1517},{"Length":42,"Height":36,"Demand":1,"DemandMax":null,"Value":1512},{"Length":27,"Height":56,"Demand":1,"DemandMax":null,"Value":1512},{"Length":54,"Height":28,"Demand":1,"DemandMax":null,"Value":1512},{"Length":26,"Height":58,"Demand":1,"DemandMax":null,"Value":1508},{"Length":47,"Height":32,"Demand":1,"DemandMax":null,"Value":1504},{"Length":50,"Height":30,"Demand":1,"DemandMax":null,"Value":1500},{"Length":25,"Height":60,"Demand":1,"DemandMax":null,"Value":1500},{"Length":31,"Height":48,"Demand":1,"DemandMax":null,"Value":1488},{"Length":27,"Height":55,"Demand":1,"DemandMax":null,"Value":1485},{"Length":53,"Height":28,"Demand":1,"DemandMax":null,"Value":1484},{"Length":26,"Height":57,"Demand":1,"DemandMax":null,"Value":1482},{"Length":39,"Height":38,"Demand":1,"DemandMax":null,"Value":1482},{"Length":37,"Height":40,"Demand":1,"DemandMax":null,"Value":1480},{"Length":41,"Height":36,"Demand":1,"DemandMax":null,"Value":1476},{"Length":59,"Height":25,"Demand":1,"DemandMax":null,"Value":1475},{"Length":32,"Height":46,"Demand":1,"DemandMax":null,"Value":1472},{"Length":30,"Height":49,"Demand":1,"DemandMax":null,"Value":1470},{"Length":35,"Height":42,"Demand":1,"DemandMax":null,"Value":1470},{"Length":34,"Height":43,"Demand":1,"DemandMax":null,"Value":1462},{"Length":27,"Height":54,"Demand":1,"DemandMax":null,"Value":1458},{"Length":31,"Height":47,"Demand":1,"DemandMax":null,"Value":1457},{"Length":52,"Height":28,"Demand":1,"DemandMax":null,"Value":1456},{"Length":58,"Height":25,"Demand":1,"DemandMax":null,"Value":1450},{"Length":50,"Height":29,"Demand":1,"DemandMax":null,"Value":1450},{"Length":38,"Height":38,"Demand":1,"DemandMax":null,"Value":1444},{"Length":39,"Height":37,"Demand":1,"DemandMax":null,"Value":1443},{"Length":45,"Height":32,"Demand":1,"DemandMax":null,"Value":1440},{"Length":30,"Height":48,"Demand":1,"DemandMax":null,"Value":1440},{"Length":26,"Height":55,"Demand":1,"DemandMax":null,"Value":1430},{"Length":42,"Height":34,"Demand":1,"DemandMax":null,"Value":1428},{"Length":28,"Height":51,"Demand":1,"DemandMax":null,"Value":1428},{"Length":31,"Height":46,"Demand":1,"DemandMax":null,"Value":1426},{"Length":57,"Height":25,"Demand":1,"DemandMax":null,"Value":1425},{"Length":43,"Height":33,"Demand":1,"DemandMax":null,"Value":1419},{"Length":44,"Height":32,"Demand":1,"DemandMax":null,"Value":1408},{"Length":38,"Height":37,"Demand":1,"DemandMax":null,"Value":1406},{"Length":36,"Height":39,"Demand":1,"DemandMax":null,"Value":1404},{"Length":27,"Height":52,"Demand":1,"DemandMax":null,"Value":1404},{"Length":26,"Height":54,"Demand":1,"DemandMax":null,"Value":1404},{"Length":25,"Height":56,"Demand":1,"DemandMax":null,"Value":1400},{"Length":35,"Height":40,"Demand":1,"DemandMax":null,"Value":1400},{"Length":28,"Height":50,"Demand":1,"DemandMax":null,"Value":1400},{"Length":31,"Height":45,"Demand":1,"DemandMax":null,"Value":1395},{"Length":48,"Height":29,"Demand":1,"DemandMax":null,"Value":1392},{"Length":33,"Height":42,"Demand":1,"DemandMax":null,"Value":1386},{"Length":26,"Height":53,"Demand":1,"DemandMax":null,"Value":1378},{"Length":27,"Height":51,"Demand":1,"DemandMax":null,"Value":1377},{"Length":32,"Height":43,"Demand":1,"DemandMax":null,"Value":1376},{"Length":49,"Height":28,"Demand":1,"DemandMax":null,"Value":1372},{"Length":37,"Height":37,"Demand":1,"DemandMax":null,"Value":1369},{"Length":38,"Height":36,"Demand":1,"DemandMax":null,"Value":1368},{"Length":39,"Height":35,"Demand":1,"DemandMax":null,"Value":1365},{"Length":31,"Height":44,"Demand":1,"DemandMax":null,"Value":1364},{"Length":47,"Height":29,"Demand":1,"DemandMax":null,"Value":1363},{"Length":34,"Height":40,"Demand":1,"DemandMax":null,"Value":1360},{"Length":41,"Height":33,"Demand":1,"DemandMax":null,"Value":1353},{"Length":26,"Height":52,"Demand":1,"DemandMax":null,"Value":1352},{"Length":25,"Height":54,"Demand":1,"DemandMax":null,"Value":1350},{"Length":50,"Height":27,"Demand":1,"DemandMax":null,"Value":1350},{"Length":28,"Height":48,"Demand":1,"DemandMax":null,"Value":1344},{"Length":43,"Height":31,"Demand":1,"DemandMax":null,"Value":1333},{"Length":36,"Height":37,"Demand":1,"DemandMax":null,"Value":1332},{"Length":35,"Height":38,"Demand":1,"DemandMax":null,"Value":1330},{"Length":34,"Height":39,"Demand":1,"DemandMax":null,"Value":1326},{"Length":26,"Height":51,"Demand":1,"DemandMax":null,"Value":1326},{"Length":53,"Height":25,"Demand":1,"DemandMax":null,"Value":1325},{"Length":27,"Height":49,"Demand":1,"DemandMax":null,"Value":1323},{"Length":40,"Height":33,"Demand":1,"DemandMax":null,"Value":1320},{"Length":44,"Height":30,"Demand":1,"DemandMax":null,"Value":1320},{"Length":47,"Height":28,"Demand":1,"DemandMax":null,"Value":1316},{"Length":32,"Height":41,"Demand":1,"DemandMax":null,"Value":1312},{"Length":29,"Height":45,"Demand":1,"DemandMax":null,"Value":1305},{"Length":31,"Height":42,"Demand":1,"DemandMax":null,"Value":1302},{"Length":26,"Height":50,"Demand":1,"DemandMax":null,"Value":1300},{"Length":52,"Height":25,"Demand":1,"DemandMax":null,"Value":1300},{"Length":48,"Height":27,"Demand":1,"DemandMax":null,"Value":1296},{"Length":35,"Height":37,"Demand":1,"DemandMax":null,"Value":1295},{"Length":43,"Height":30,"Demand":1,"DemandMax":null,"Value":1290},{"Length":28,"Height":46,"Demand":1,"DemandMax":null,"Value":1288},{"Length":40,"Height":32,"Demand":1,"DemandMax":null,"Value":1280},{"Length":29,"Height":44,"Demand":1,"DemandMax":null,"Value":1276},{"Length":51,"Height":25,"Demand":1,"DemandMax":null,"Value":1275},{"Length":31,"Height":41,"Demand":1,"DemandMax":null,"Value":1271},{"Length":27,"Height":47,"Demand":1,"DemandMax":null,"Value":1269},{"Length":45,"Height":28,"Demand":1,"DemandMax":null,"Value":1260},{"Length":36,"Height":35,"Demand":1,"DemandMax":null,"Value":1260},{"Length":34,"Height":37,"Demand":1,"DemandMax":null,"Value":1258},{"Length":32,"Height":39,"Demand":1,"DemandMax":null,"Value":1248},{"Length":29,"Height":43,"Demand":1,"DemandMax":null,"Value":1247},{"Length":27,"Height":46,"Demand":1,"DemandMax":null,"Value":1242},{"Length":31,"Height":40,"Demand":1,"DemandMax":null,"Value":1240},{"Length":28,"Height":44,"Demand":1,"DemandMax":null,"Value":1232},{"Length":41,"Height":30,"Demand":1,"DemandMax":null,"Value":1230},{"Length":49,"Height":25,"Demand":1,"DemandMax":null,"Value":1225},{"Length":34,"Height":36,"Demand":1,"DemandMax":null,"Value":1224},{"Length":26,"Height":47,"Demand":1,"DemandMax":null,"Value":1222},{"Length":33,"Height":37,"Demand":1,"DemandMax":null,"Value":1221},{"Length":29,"Height":42,"Demand":1,"DemandMax":null,"Value":1218},{"Length":32,"Height":38,"Demand":1,"DemandMax":null,"Value":1216},{"Length":45,"Height":27,"Demand":1,"DemandMax":null,"Value":1215},{"Length":43,"Height":28,"Demand":1,"DemandMax":null,"Value":1204},{"Length":48,"Height":25,"Demand":1,"DemandMax":null,"Value":1200},{"Length":46,"Height":26,"Demand":1,"DemandMax":null,"Value":1196},{"Length":35,"Height":34,"Demand":1,"DemandMax":null,"Value":1190},{"Length":41,"Height":29,"Demand":1,"DemandMax":null,"Value":1189},{"Length":27,"Height":44,"Demand":1,"DemandMax":null,"Value":1188},{"Length":33,"Height":36,"Demand":1,"DemandMax":null,"Value":1188},{"Length":37,"Height":32,"Demand":1,"DemandMax":null,"Value":1184},{"Length":31,"Height":38,"Demand":1,"DemandMax":null,"Value":1178},{"Length":28,"Height":42,"Demand":1,"DemandMax":null,"Value":1176},{"Length":25,"Height":47,"Demand":1,"DemandMax":null,"Value":1175},{"Length":27,"Height":43,"Demand":1,"DemandMax":null,"Value":1161},{"Length":29,"Height":40,"Demand":1,"DemandMax":null,"Value":1160},{"Length":32,"Height":36,"Demand":1,"DemandMax":null,"Value":1152},{"Length":46,"Height":25,"Demand":1,"DemandMax":null,"Value":1150},{"Length":41,"Height":28,"Demand":1,"DemandMax":null,"Value":1148},{"Length":44,"Height":26,"Demand":1,"DemandMax":null,"Value":1144},{"Length":27,"Height":42,"Demand":1,"DemandMax":null,"Value":1134},{"Length":29,"Height":39,"Demand":1,"DemandMax":null,"Value":1131},{"Length":45,"Height":25,"Demand":1,"DemandMax":null,"Value":1125},{"Length":40,"Height":28,"Demand":1,"DemandMax":null,"Value":1120},{"Length":32,"Height":35,"Demand":1,"DemandMax":null,"Value":1120},{"Length":41,"Height":27,"Demand":1,"DemandMax":null,"Value":1107},{"Length":44,"Height":25,"Demand":1,"DemandMax":null,"Value":1100},{"Length":28,"Height":39,"Demand":1,"DemandMax":null,"Value":1092},{"Length":34,"Height":32,"Demand":1,"DemandMax":null,"Value":1088},{"Length":35,"Height":31,"Demand":1,"DemandMax":null,"Value":1085},{"Length":27,"Height":40,"Demand":1,"DemandMax":null,"Value":1080},{"Length":25,"Height":43,"Demand":1,"DemandMax":null,"Value":1075},{"Length":29,"Height":37,"Demand":1,"DemandMax":null,"Value":1073},{"Length":26,"Height":41,"Demand":1,"DemandMax":null,"Value":1066},{"Length":28,"Height":38,"Demand":1,"DemandMax":null,"Value":1064},{"Length":33,"Height":32,"Demand":1,"DemandMax":null,"Value":1056},{"Length":31,"Height":34,"Demand":1,"DemandMax":null,"Value":1054},{"Length":39,"Height":27,"Demand":1,"DemandMax":null,"Value":1053},{"Length":25,"Height":42,"Demand":1,"DemandMax":null,"Value":1050},{"Length":36,"Height":29,"Demand":1,"DemandMax":null,"Value":1044},{"Length":40,"Height":26,"Demand":1,"DemandMax":null,"Value":1040},{"Length":28,"Height":37,"Demand":1,"DemandMax":null,"Value":1036},{"Length":38,"Height":27,"Demand":1,"DemandMax":null,"Value":1026},{"Length":41,"Height":25,"Demand":1,"DemandMax":null,"Value":1025},{"Length":31,"Height":33,"Demand":1,"DemandMax":null,"Value":1023},{"Length":34,"Height":30,"Demand":1,"DemandMax":null,"Value":1020},{"Length":29,"Height":35,"Demand":1,"DemandMax":null,"Value":1015},{"Length":36,"Height":28,"Demand":1,"DemandMax":null,"Value":1008},{"Length":25,"Height":40,"Demand":1,"DemandMax":null,"Value":1000},{"Length":27,"Height":37,"Demand":1,"DemandMax":null,"Value":999},{"Length":32,"Height":31,"Demand":1,"DemandMax":null,"Value":992},{"Length":33,"Height":30,"Demand":1,"DemandMax":null,"Value":990},{"Length":38,"Height":26,"Demand":1,"DemandMax":null,"Value":988},{"Length":29,"Height":34,"Demand":1,"DemandMax":null,"Value":986},{"Length":27,"Height":36,"Demand":1,"DemandMax":null,"Value":972},{"Length":26,"Height":37,"Demand":1,"DemandMax":null,"Value":962},{"Length":30,"Height":32,"Demand":1,"DemandMax":null,"Value":960},{"Length":29,"Height":33,"Demand":1,"DemandMax":null,"Value":957},{"Length":34,"Height":28,"Demand":1,"DemandMax":null,"Value":952},{"Length":25,"Height":38,"Demand":1,"DemandMax":null,"Value":950},{"Length":30,"Height":31,"Demand":1,"DemandMax":null,"Value":930},{"Length":37,"Height":25,"Demand":1,"DemandMax":null,"Value":925},{"Length":33,"Height":28,"Demand":1,"DemandMax":null,"Value":924},{"Length":34,"Height":27,"Demand":1,"DemandMax":null,"Value":918},{"Length":26,"Height":35,"Demand":1,"DemandMax":null,"Value":910},{"Length":36,"Height":25,"Demand":1,"DemandMax":null,"Value":900},{"Length":29,"Height":31,"Demand":1,"DemandMax":null,"Value":899},{"Length":32,"Height":28,"Demand":1,"DemandMax":null,"Value":896},{"Length":27,"Height":33,"Demand":1,"DemandMax":null,"Value":891},{"Length":26,"Height":34,"Demand":1,"DemandMax":null,"Value":884},{"Length":25,"Height":35,"Demand":1,"DemandMax":null,"Value":875},{"Length":30,"Height":29,"Demand":1,"DemandMax":null,"Value":870},{"Length":31,"Height":28,"Demand":1,"DemandMax":null,"Value":868},{"Length":27,"Height":32,"Demand":1,"DemandMax":null,"Value":864},{"Length":33,"Height":26,"Demand":1,"DemandMax":null,"Value":858},{"Length":25,"Height":34,"Demand":1,"DemandMax":null,"Value":850},{"Length":29,"Height":29,"Demand":1,"DemandMax":null,"Value":841},{"Length":27,"Height":31,"Demand":1,"DemandMax":null,"Value":837},{"Length":26,"Height":32,"Demand":1,"DemandMax":null,"Value":832},{"Length":25,"Height":33,"Demand":1,"DemandMax":null,"Value":825},{"Length":31,"Height":26,"Demand":1,"DemandMax":null,"Value":806},{"Length":32,"Height":25,"Demand":1,"DemandMax":null,"Value":800},{"Length":27,"Height":29,"Demand":1,"DemandMax":null,"Value":783},{"Length":30,"Height":26,"Demand":1,"DemandMax":null,"Value":780},{"Length":27,"Height":28,"Demand":1,"DemandMax":null,"Value":756},{"Length":26,"Height":29,"Demand":1,"DemandMax":null,"Value":754},{"Length":25,"Height":30,"Demand":1,"DemandMax":null,"Value":750},{"Length":27,"Height":27,"Demand":1,"DemandMax":null,"Value":729},{"Length":26,"Height":27,"Demand":1,"DemandMax":null,"Value":702},{"Length":28,"Height":25,"Demand":1,"DemandMax":null,"Value":700},{"Length":26,"Height":26,"Demand":1,"DemandMax":null,"Value":676},{"Length":25,"Height":27,"Demand":1,"DemandMax":null,"Value":675},{"Length":25,"Height":26,"Demand":1,"DemandMax":null,"Value":650},{"Length":25,"Height":25,"Demand":1,"DemandMax":null,"Value":625}]}