{"Name":"AH325","Objects":[{"Length":1000,"Height":2508,"Stock":null,"Cost":2508000}],"Items":[{"Length":74,"Height":74,"Demand":1,"DemandMax":null,"Value":5476},{"Length":75,"Height":73,"Demand":1,"DemandMax":null,"Value":5475},{"Length":73,"Height":74,"Demand":1,"DemandMax":null,"Value":5402},{"Length":73,"Height":73,"Demand":1,"DemandMax":null,"Value":5329},{"Length":75,"Height":71,"Demand":1,"DemandMax":null,"Value":5325},{"Length":72,"Height":73,"Demand":1,"DemandMax":null,"Value":5256},{"Length":70,"Height":75,"Demand":1,"DemandMax":null,"Value":5250},{"Length":72,"Height":72,"Demand":1,"DemandMax":null,"Value":5184},{"Length":73,"Height":71,"Demand":1,"DemandMax":null,"Value":5183},{"Length":70,"Height":74,"Demand":1,"DemandMax":null,"Value":5180},{"Length":69,"Height":75,"Demand":1,"DemandMax":null,"Value":5175},{"Length":71,"Height":72,"Demand":1,"DemandMax":null,"Value":5112},{"Length":73,"Height":70,"Demand":1,"DemandMax":null,"Value":5110},{"Length":71,"Height":71,"Demand":1,"DemandMax":null,"Value":5041},{"Length":70,"Height":72,"Demand":1,"DemandMax":null,"Value":5040},{"Length":69,"Height":73,"Demand":1,"DemandMax":null,"Value":5037},{"Length":68,"Height":74,"Demand":1,"DemandMax":null,"Value":5032},{"Length":75,"Height":67,"Demand":1,"DemandMax":null,"Value":5025},{"Length":69,"Height":72,"Demand":1,"DemandMax":null,"Value":4968},{"Length":73,"Height":68,"Demand":1,"DemandMax":null,"Value":4964},{"Length":74,"Height":67,"Demand":1,"DemandMax":null,"Value":4958},{"Length":66,"Height":75,"Demand":1,"DemandMax":null,"Value":4950},{"Length":69,"Height":71,"Demand":1,"DemandMax":null,"Value":4899},{"Length":67,"Height":73,"Demand":1,"DemandMax":null,"Value":4891},{"Length":66,"Height":74,"Demand":1,"DemandMax":null,"Value":4884},{"Length":71,"Height":68,"Demand":1,"DemandMax":null,"Value":4828},{"Length":72,"Height":67,"Demand":1,"DemandMax":null,"Value":4824},{"Length":66,"Height":73,"Demand":1,"DemandMax":null,"Value":4818},{"Length":64,"Height":75,"Demand":1,"DemandMax":null,"Value":4800},{"Length":69,"Height":69,"Demand":1,"DemandMax":null,"Value":4761},{"Length":70,"Height":68,"Demand":1,"DemandMax":null,"Value":4760},{"Length":71,"Height":67,"Demand":1,"DemandMax":null,"Value":4757},{"Length":64,"Height":74,"Demand":1,"DemandMax":null,"Value":4736},{"Length":63,"Height":75,"Demand":1,"DemandMax":null,"Value":4725},{"Length":69,"Height":68,"Demand":1,"DemandMax":null,"Value":4692},{"Length":70,"Height":67,"Demand":1,"DemandMax":null,"Value":4690},{"Length":66,"Height":71,"Demand":1,"DemandMax":null,"Value":4686},{"Length":64,"Height":73,"Demand":1,"DemandMax":null,"Value":4672},{"Length":63,"Height":74,"Demand":1,"DemandMax":null,"Value":4662},{"Length":62,"Height":75,"Demand":1,"DemandMax":null,"Value":4650},{"Length":68,"Height":68,"Demand":1,"DemandMax":null,"Value":4624},{"Length":70,"Height":66,"Demand":1,"DemandMax":null,"Value":4620},{"Length":65,"Height":71,"Demand":1,"DemandMax":null,"Value":4615},{"Length":64,"Height":72,"Demand":1,"DemandMax":null,"Value":4608},{"Length":63,"Height":73,"Demand":1,"DemandMax":null,"Value":4599},{"Length":74,"Height":62,"Demand":1,"DemandMax":null,"Value":4588},{"Length":61,"Height":75,"Demand":1,"DemandMax":null,"Value":4575},{"Length":67,"Height":68,"Demand":1,"DemandMax":null,"Value":4556},{"Length":66,"Height":69,"Demand":1,"DemandMax":null,"Value":4554},{"Length":71,"Height":64,"Demand":1,"DemandMax":null,"Value":4544},{"Length":73,"Height":62,"Demand":1,"DemandMax":null,"Value":4526},{"Length":74,"Height":61,"Demand":1,"DemandMax":null,"Value":4514},{"Length":60,"Height":75,"Demand":1,"DemandMax":null,"Value":4500},{"Length":67,"Height":67,"Demand":1,"DemandMax":null,"Value":4489},{"Length":68,"Height":66,"Demand":1,"DemandMax":null,"Value":4488},{"Length":69,"Height":65,"Demand":1,"DemandMax":null,"Value":4485},{"Length":70,"Height":64,"Demand":1,"DemandMax":null,"Value":4480},{"Length":71,"Height":63,"Demand":1,"DemandMax":null,"Value":4473},{"Length":72,"Height":62,"Demand":1,"DemandMax":null,"Value":4464},{"Length":73,"Height":61,"Demand":1,"DemandMax":null,"Value":4453},{"Length":60,"Height":74,"Demand":1,"DemandMax":null,"Value":4440},{"Length":66,"Height":67,"Demand":1,"DemandMax":null,"Value":4422},{"Length":68,"Height":65,"Demand":1,"DemandMax":null,"Value":4420},{"Length":69,"Height":64,"Demand":1,"DemandMax":null,"Value":4416},{"Length":63,"Height":70,"Demand":1,"DemandMax":null,"Value":4410},{"Length":62,"Height":71,"Demand":1,"DemandMax":null,"Value":4402},{"Length":73,"Height":60,"Demand":1,"DemandMax":null,"Value":4380},{"Length":74,"Height":59,"Demand":1,"DemandMax":null,"Value":4366},{"Length":65,"Height":67,"Demand":1,"DemandMax":null,"Value":4355},{"Length":68,"Height":64,"Demand":1,"DemandMax":null,"Value":4352},{"Length":75,"Height":58,"Demand":1,"DemandMax":null,"Value":4350},{"Length":62,"Height":70,"Demand":1,"DemandMax":null,"Value":4340},{"Length":61,"Height":71,"Demand":1,"DemandMax":null,"Value":4331},{"Length":72,"Height":60,"Demand":1,"DemandMax":null,"Value":4320},{"Length":73,"Height":59,"Demand":1,"DemandMax":null,"Value":4307},{"Length":74,"Height":58,"Demand":1,"DemandMax":null,"Value":4292},{"Length":65,"Height":66,"Demand":1,"DemandMax":null,"Value":4290},{"Length":64,"Height":67,"Demand":1,"DemandMax":null,"Value":4288},{"Length":69,"Height":62,"Demand":1,"DemandMax":null,"Value":4278},{"Length":75,"Height":57,"Demand":1,"DemandMax":null,"Value":4275},{"Length":61,"Height":70,"Demand":1,"DemandMax":null,"Value":4270},{"Length":60,"Height":71,"Demand":1,"DemandMax":null,"Value":4260},{"Length":59,"Height":72,"Demand":1,"DemandMax":null,"Value":4248},{"Length":58,"Height":73,"Demand":1,"DemandMax":null,"Value":4234},{"Length":64,"Height":66,"Demand":1,"DemandMax":null,"Value":4224},{"Length":57,"Height":74,"Demand":1,"DemandMax":null,"Value":4218},{"Length":62,"Height":68,"Demand":1,"DemandMax":null,"Value":4216},{"Length":69,"Height":61,"Demand":1,"DemandMax":null,"Value":4209},{"Length":60,"Height":70,"Demand":1,"DemandMax":null,"Value":4200},{"Length":75,"Height":56,"Demand":1,"DemandMax":null,"Value":4200},{"Length":59,"Height":71,"Demand":1,"DemandMax":null,"Value":4189},{"Length":64,"Height":65,"Demand":1,"DemandMax":null,"Value":4160},{"Length":66,"Height":63,"Demand":1,"DemandMax":null,"Value":4158},{"Length":68,"Height":61,"Demand":1,"DemandMax":null,"Value":4148},{"Length":74,"Height":56,"Demand":1,"DemandMax":null,"Value":4144},{"Length":59,"Height":70,"Demand":1,"DemandMax":null,"Value":4130},{"Length":72,"Height":57,"Demand":1,"DemandMax":null,"Value":4104},{"Length":64,"Height":64,"Demand":1,"DemandMax":null,"Value":4096},{"Length":63,"Height":65,"Demand":1,"DemandMax":null,"Value":4095},{"Length":62,"Height":66,"Demand":1,"DemandMax":null,"Value":4092},{"Length":67,"Height":61,"Demand":1,"DemandMax":null,"Value":4087},{"Length":68,"Height":60,"Demand":1,"DemandMax":null,"Value":4080},{"Length":69,"Height":59,"Demand":1,"DemandMax":null,"Value":4071},{"Length":55,"Height":74,"Demand":1,"DemandMax":null,"Value":4070},{"Length":58,"Height":70,"Demand":1,"DemandMax":null,"Value":4060},{"Length":54,"Height":75,"Demand":1,"DemandMax":null,"Value":4050},{"Length":71,"Height":57,"Demand":1,"DemandMax":null,"Value":4047},{"Length":56,"Height":72,"Demand":1,"DemandMax":null,"Value":4032},{"Length":62,"Height":65,"Demand":1,"DemandMax":null,"Value":4030},{"Length":61,"Height":66,"Demand":1,"DemandMax":null,"Value":4026},{"Length":73,"Height":55,"Demand":1,"DemandMax":null,"Value":4015},{"Length":59,"Height":68,"Demand":1,"DemandMax":null,"Value":4012},{"Length":58,"Height":69,"Demand":1,"DemandMax":null,"Value":4002},{"Length":54,"Height":74,"Demand":1,"DemandMax":null,"Value":3996},{"Length":70,"Height":57,"Demand":1,"DemandMax":null,"Value":3990},{"Length":56,"Height":71,"Demand":1,"DemandMax":null,"Value":3976},{"Length":53,"Height":75,"Demand":1,"DemandMax":null,"Value":3975},{"Length":63,"Height":63,"Demand":1,"DemandMax":null,"Value":3969},{"Length":65,"Height":61,"Demand":1,"DemandMax":null,"Value":3965},{"Length":55,"Height":72,"Demand":1,"DemandMax":null,"Value":3960},{"Length":59,"Height":67,"Demand":1,"DemandMax":null,"Value":3953},{"Length":58,"Height":68,"Demand":1,"DemandMax":null,"Value":3944},{"Length":73,"Height":54,"Demand":1,"DemandMax":null,"Value":3942},{"Length":57,"Height":69,"Demand":1,"DemandMax":null,"Value":3933},{"Length":62,"Height":63,"Demand":1,"DemandMax":null,"Value":3906},{"Length":55,"Height":71,"Demand":1,"DemandMax":null,"Value":3905},{"Length":61,"Height":64,"Demand":1,"DemandMax":null,"Value":3904},{"Length":65,"Height":60,"Demand":1,"DemandMax":null,"Value":3900},{"Length":54,"Height":72,"Demand":1,"DemandMax":null,"Value":3888},{"Length":68,"Height":57,"Demand":1,"DemandMax":null,"Value":3876},{"Length":69,"Height":56,"Demand":1,"DemandMax":null,"Value":3864},{"Length":70,"Height":55,"Demand":1,"DemandMax":null,"Value":3850},{"Length":52,"Height":74,"Demand":1,"DemandMax":null,"Value":3848},{"Length":63,"Height":61,"Demand":1,"DemandMax":null,"Value":3843},{"Length":54,"Height":71,"Demand":1,"DemandMax":null,"Value":3834},{"Length":67,"Height":57,"Demand":1,"DemandMax":null,"Value":3819},{"Length":53,"Height":72,"Demand":1,"DemandMax":null,"Value":3816},{"Length":68,"Height":56,"Demand":1,"DemandMax":null,"Value":3808},{"Length":62,"Height":61,"Demand":1,"DemandMax":null,"Value":3782},{"Length":60,"Height":63,"Demand":1,"DemandMax":null,"Value":3780},{"Length":70,"Height":54,"Demand":1,"DemandMax":null,"Value":3780},{"Length":59,"Height":64,"Demand":1,"DemandMax":null,"Value":3776},{"Length":51,"Height":74,"Demand":1,"DemandMax":null,"Value":3774},{"Length":71,"Height":53,"Demand":1,"DemandMax":null,"Value":3763},{"Length":57,"Height":66,"Demand":1,"DemandMax":null,"Value":3762},{"Length":67,"Height":56,"Demand":1,"DemandMax":null,"Value":3752},{"Length":75,"Height":50,"Demand":1,"DemandMax":null,"Value":3750},{"Length":55,"Height":68,"Demand":1,"DemandMax":null,"Value":3740},{"Length":54,"Height":69,"Demand":1,"DemandMax":null,"Value":3726},{"Length":51,"Height":73,"Demand":1,"DemandMax":null,"Value":3723},{"Length":59,"Height":63,"Demand":1,"DemandMax":null,"Value":3717},{"Length":64,"Height":58,"Demand":1,"DemandMax":null,"Value":3712},{"Length":53,"Height":70,"Demand":1,"DemandMax":null,"Value":3710},{"Length":57,"Height":65,"Demand":1,"DemandMax":null,"Value":3705},{"Length":50,"Height":74,"Demand":1,"DemandMax":null,"Value":3700},{"Length":52,"Height":71,"Demand":1,"DemandMax":null,"Value":3692},{"Length":55,"Height":67,"Demand":1,"DemandMax":null,"Value":3685},{"Length":75,"Height":49,"Demand":1,"DemandMax":null,"Value":3675},{"Length":54,"Height":68,"Demand":1,"DemandMax":null,"Value":3672},{"Length":61,"Height":60,"Demand":1,"DemandMax":null,"Value":3660},{"Length":59,"Height":62,"Demand":1,"DemandMax":null,"Value":3658},{"Length":53,"Height":69,"Demand":1,"DemandMax":null,"Value":3657},{"Length":63,"Height":58,"Demand":1,"DemandMax":null,"Value":3654},{"Length":57,"Height":64,"Demand":1,"DemandMax":null,"Value":3648},{"Length":65,"Height":56,"Demand":1,"DemandMax":null,"Value":3640},{"Length":70,"Height":52,"Demand":1,"DemandMax":null,"Value":3640},{"Length":66,"Height":55,"Demand":1,"DemandMax":null,"Value":3630},{"Length":49,"Height":74,"Demand":1,"DemandMax":null,"Value":3626},{"Length":71,"Height":51,"Demand":1,"DemandMax":null,"Value":3621},{"Length":68,"Height":53,"Demand":1,"DemandMax":null,"Value":3604},{"Length":75,"Height":48,"Demand":1,"DemandMax":null,"Value":3600},{"Length":72,"Height":50,"Demand":1,"DemandMax":null,"Value":3600},{"Length":61,"Height":59,"Demand":1,"DemandMax":null,"Value":3599},{"Length":58,"Height":62,"Demand":1,"DemandMax":null,"Value":3596},{"Length":63,"Height":57,"Demand":1,"DemandMax":null,"Value":3591},{"Length":64,"Height":56,"Demand":1,"DemandMax":null,"Value":3584},{"Length":55,"Height":65,"Demand":1,"DemandMax":null,"Value":3575},{"Length":51,"Height":70,"Demand":1,"DemandMax":null,"Value":3570},{"Length":66,"Height":54,"Demand":1,"DemandMax":null,"Value":3564},{"Length":48,"Height":74,"Demand":1,"DemandMax":null,"Value":3552},{"Length":71,"Height":50,"Demand":1,"DemandMax":null,"Value":3550},{"Length":61,"Height":58,"Demand":1,"DemandMax":null,"Value":3538},{"Length":52,"Height":68,"Demand":1,"DemandMax":null,"Value":3536},{"Length":57,"Height":62,"Demand":1,"DemandMax":null,"Value":3534},{"Length":49,"Height":72,"Demand":1,"DemandMax":null,"Value":3528},{"Length":63,"Height":56,"Demand":1,"DemandMax":null,"Value":3528},{"Length":75,"Height":47,"Demand":1,"DemandMax":null,"Value":3525},{"Length":69,"Height":51,"Demand":1,"DemandMax":null,"Value":3519},{"Length":65,"Height":54,"Demand":1,"DemandMax":null,"Value":3510},{"Length":73,"Height":48,"Demand":1,"DemandMax":null,"Value":3504},{"Length":70,"Height":50,"Demand":1,"DemandMax":null,"Value":3500},{"Length":66,"Height":53,"Demand":1,"DemandMax":null,"Value":3498},{"Length":67,"Height":52,"Demand":1,"DemandMax":null,"Value":3484},{"Length":59,"Height":59,"Demand":1,"DemandMax":null,"Value":3481},{"Length":60,"Height":58,"Demand":1,"DemandMax":null,"Value":3480},{"Length":74,"Height":47,"Demand":1,"DemandMax":null,"Value":3478},{"Length":61,"Height":57,"Demand":1,"DemandMax":null,"Value":3477},{"Length":56,"Height":62,"Demand":1,"DemandMax":null,"Value":3472},{"Length":55,"Height":63,"Demand":1,"DemandMax":null,"Value":3465},{"Length":48,"Height":72,"Demand":1,"DemandMax":null,"Value":3456},{"Length":64,"Height":54,"Demand":1,"DemandMax":null,"Value":3456},{"Length":46,"Height":75,"Demand":1,"DemandMax":null,"Value":3450},{"Length":65,"Height":53,"Demand":1,"DemandMax":null,"Value":3445},{"Length":49,"Height":70,"Demand":1,"DemandMax":null,"Value":3430},{"Length":58,"Height":59,"Demand":1,"DemandMax":null,"Value":3422},{"Length":60,"Height":57,"Demand":1,"DemandMax":null,"Value":3420},{"Length":56,"Height":61,"Demand":1,"DemandMax":null,"Value":3416},{"Length":55,"Height":62,"Demand":1,"DemandMax":null,"Value":3410},{"Length":48,"Height":71,"Demand":1,"DemandMax":null,"Value":3408},{"Length":63,"Height":54,"Demand":1,"DemandMax":null,"Value":3402},{"Length":68,"Height":50,"Demand":1,"DemandMax":null,"Value":3400},{"Length":53,"Height":64,"Demand":1,"DemandMax":null,"Value":3392},{"Length":47,"Height":72,"Demand":1,"DemandMax":null,"Value":3384},{"Length":69,"Height":49,"Demand":1,"DemandMax":null,"Value":3381},{"Length":52,"Height":65,"Demand":1,"DemandMax":null,"Value":3380},{"Length":51,"Height":66,"Demand":1,"DemandMax":null,"Value":3366},{"Length":58,"Height":58,"Demand":1,"DemandMax":null,"Value":3364},{"Length":59,"Height":57,"Demand":1,"DemandMax":null,"Value":3363},{"Length":56,"Height":60,"Demand":1,"DemandMax":null,"Value":3360},{"Length":48,"Height":70,"Demand":1,"DemandMax":null,"Value":3360},{"Length":46,"Height":73,"Demand":1,"DemandMax":null,"Value":3358},{"Length":55,"Height":61,"Demand":1,"DemandMax":null,"Value":3355},{"Length":67,"Height":50,"Demand":1,"DemandMax":null,"Value":3350},{"Length":53,"Height":63,"Demand":1,"DemandMax":null,"Value":3339},{"Length":47,"Height":71,"Demand":1,"DemandMax":null,"Value":3337},{"Length":49,"Height":68,"Demand":1,"DemandMax":null,"Value":3332},{"Length":74,"Height":45,"Demand":1,"DemandMax":null,"Value":3330},{"Length":52,"Height":64,"Demand":1,"DemandMax":null,"Value":3328},{"Length":65,"Height":51,"Demand":1,"DemandMax":null,"Value":3315},{"Length":72,"Height":46,"Demand":1,"DemandMax":null,"Value":3312},{"Length":69,"Height":48,"Demand":1,"DemandMax":null,"Value":3312},{"Length":58,"Height":57,"Demand":1,"DemandMax":null,"Value":3306},{"Length":59,"Height":56,"Demand":1,"DemandMax":null,"Value":3304},{"Length":50,"Height":66,"Demand":1,"DemandMax":null,"Value":3300},{"Length":60,"Height":55,"Demand":1,"DemandMax":null,"Value":3300},{"Length":54,"Height":61,"Demand":1,"DemandMax":null,"Value":3294},{"Length":53,"Height":62,"Demand":1,"DemandMax":null,"Value":3286},{"Length":45,"Height":73,"Demand":1,"DemandMax":null,"Value":3285},{"Length":71,"Height":46,"Demand":1,"DemandMax":null,"Value":3266},{"Length":68,"Height":48,"Demand":1,"DemandMax":null,"Value":3264},{"Length":65,"Height":50,"Demand":1,"DemandMax":null,"Value":3250},{"Length":56,"Height":58,"Demand":1,"DemandMax":null,"Value":3248},{"Length":69,"Height":47,"Demand":1,"DemandMax":null,"Value":3243},{"Length":66,"Height":49,"Demand":1,"DemandMax":null,"Value":3234},{"Length":61,"Height":53,"Demand":1,"DemandMax":null,"Value":3233},{"Length":43,"Height":75,"Demand":1,"DemandMax":null,"Value":3225},{"Length":52,"Height":62,"Demand":1,"DemandMax":null,"Value":3224},{"Length":46,"Height":70,"Demand":1,"DemandMax":null,"Value":3220},{"Length":67,"Height":48,"Demand":1,"DemandMax":null,"Value":3216},{"Length":44,"Height":73,"Demand":1,"DemandMax":null,"Value":3212},{"Length":47,"Height":68,"Demand":1,"DemandMax":null,"Value":3196},{"Length":71,"Height":45,"Demand":1,"DemandMax":null,"Value":3195},{"Length":56,"Height":57,"Demand":1,"DemandMax":null,"Value":3192},{"Length":55,"Height":58,"Demand":1,"DemandMax":null,"Value":3190},{"Length":54,"Height":59,"Demand":1,"DemandMax":null,"Value":3186},{"Length":65,"Height":49,"Demand":1,"DemandMax":null,"Value":3185},{"Length":43,"Height":74,"Demand":1,"DemandMax":null,"Value":3182},{"Length":61,"Height":52,"Demand":1,"DemandMax":null,"Value":3172},{"Length":44,"Height":72,"Demand":1,"DemandMax":null,"Value":3168},{"Length":70,"Height":45,"Demand":1,"DemandMax":null,"Value":3150},{"Length":67,"Height":47,"Demand":1,"DemandMax":null,"Value":3149},{"Length":43,"Height":73,"Demand":1,"DemandMax":null,"Value":3139},{"Length":64,"Height":49,"Demand":1,"DemandMax":null,"Value":3136},{"Length":57,"Height":55,"Demand":1,"DemandMax":null,"Value":3135},{"Length":54,"Height":58,"Demand":1,"DemandMax":null,"Value":3132},{"Length":53,"Height":59,"Demand":1,"DemandMax":null,"Value":3127},{"Length":44,"Height":71,"Demand":1,"DemandMax":null,"Value":3124},{"Length":48,"Height":65,"Demand":1,"DemandMax":null,"Value":3120},{"Length":60,"Height":52,"Demand":1,"DemandMax":null,"Value":3120},{"Length":61,"Height":51,"Demand":1,"DemandMax":null,"Value":3111},{"Length":74,"Height":42,"Demand":1,"DemandMax":null,"Value":3108},{"Length":45,"Height":69,"Demand":1,"DemandMax":null,"Value":3105},{"Length":50,"Height":62,"Demand":1,"DemandMax":null,"Value":3100},{"Length":72,"Height":43,"Demand":1,"DemandMax":null,"Value":3096},{"Length":49,"Height":63,"Demand":1,"DemandMax":null,"Value":3087},{"Length":67,"Height":46,"Demand":1,"DemandMax":null,"Value":3082},{"Length":55,"Height":56,"Demand":1,"DemandMax":null,"Value":3080},{"Length":44,"Height":70,"Demand":1,"DemandMax":null,"Value":3080},{"Length":41,"Height":75,"Demand":1,"DemandMax":null,"Value":3075},{"Length":58,"Height":53,"Demand":1,"DemandMax":null,"Value":3074},{"Length":48,"Height":64,"Demand":1,"DemandMax":null,"Value":3072},{"Length":59,"Height":52,"Demand":1,"DemandMax":null,"Value":3068},{"Length":73,"Height":42,"Demand":1,"DemandMax":null,"Value":3066},{"Length":45,"Height":68,"Demand":1,"DemandMax":null,"Value":3060},{"Length":51,"Height":60,"Demand":1,"DemandMax":null,"Value":3060},{"Length":65,"Height":47,"Demand":1,"DemandMax":null,"Value":3055},{"Length":71,"Height":43,"Demand":1,"DemandMax":null,"Value":3053},{"Length":61,"Height":50,"Demand":1,"DemandMax":null,"Value":3050},{"Length":66,"Height":46,"Demand":1,"DemandMax":null,"Value":3036},{"Length":41,"Height":74,"Demand":1,"DemandMax":null,"Value":3034},{"Length":55,"Height":55,"Demand":1,"DemandMax":null,"Value":3025},{"Length":72,"Height":42,"Demand":1,"DemandMax":null,"Value":3024},{"Length":53,"Height":57,"Demand":1,"DemandMax":null,"Value":3021},{"Length":58,"Height":52,"Demand":1,"DemandMax":null,"Value":3016},{"Length":43,"Height":70,"Demand":1,"DemandMax":null,"Value":3010},{"Length":59,"Height":51,"Demand":1,"DemandMax":null,"Value":3009},{"Length":47,"Height":64,"Demand":1,"DemandMax":null,"Value":3008},{"Length":50,"Height":60,"Demand":1,"DemandMax":null,"Value":3000},{"Length":75,"Height":40,"Demand":1,"DemandMax":null,"Value":3000},{"Length":73,"Height":41,"Demand":1,"DemandMax":null,"Value":2993},{"Length":61,"Height":49,"Demand":1,"DemandMax":null,"Value":2989},{"Length":42,"Height":71,"Demand":1,"DemandMax":null,"Value":2982},{"Length":62,"Height":48,"Demand":1,"DemandMax":null,"Value":2976},{"Length":45,"Height":66,"Demand":1,"DemandMax":null,"Value":2970},{"Length":54,"Height":55,"Demand":1,"DemandMax":null,"Value":2970},{"Length":53,"Height":56,"Demand":1,"DemandMax":null,"Value":2968},{"Length":43,"Height":69,"Demand":1,"DemandMax":null,"Value":2967},{"Length":57,"Height":52,"Demand":1,"DemandMax":null,"Value":2964},{"Length":47,"Height":63,"Demand":1,"DemandMax":null,"Value":2961},{"Length":74,"Height":40,"Demand":1,"DemandMax":null,"Value":2960},{"Length":51,"Height":58,"Demand":1,"DemandMax":null,"Value":2958},{"Length":44,"Height":67,"Demand":1,"DemandMax":null,"Value":2948},{"Length":46,"Height":64,"Demand":1,"DemandMax":null,"Value":2944},{"Length":70,"Height":42,"Demand":1,"DemandMax":null,"Value":2940},{"Length":61,"Height":48,"Demand":1,"DemandMax":null,"Value":2928},{"Length":65,"Height":45,"Demand":1,"DemandMax":null,"Value":2925},{"Length":43,"Height":68,"Demand":1,"DemandMax":null,"Value":2924},{"Length":73,"Height":40,"Demand":1,"DemandMax":null,"Value":2920},{"Length":55,"Height":53,"Demand":1,"DemandMax":null,"Value":2915},{"Length":62,"Height":47,"Demand":1,"DemandMax":null,"Value":2914},{"Length":56,"Height":52,"Demand":1,"DemandMax":null,"Value":2912},{"Length":71,"Height":41,"Demand":1,"DemandMax":null,"Value":2911},{"Length":57,"Height":51,"Demand":1,"DemandMax":null,"Value":2907},{"Length":66,"Height":44,"Demand":1,"DemandMax":null,"Value":2904},{"Length":63,"Height":46,"Demand":1,"DemandMax":null,"Value":2898},{"Length":69,"Height":42,"Demand":1,"DemandMax":null,"Value":2898},{"Length":59,"Height":49,"Demand":1,"DemandMax":null,"Value":2891},{"Length":74,"Height":39,"Demand":1,"DemandMax":null,"Value":2886},{"Length":64,"Height":45,"Demand":1,"DemandMax":null,"Value":2880},{"Length":72,"Height":40,"Demand":1,"DemandMax":null,"Value":2880},{"Length":41,"Height":70,"Demand":1,"DemandMax":null,"Value":2870},{"Length":47,"Height":61,"Demand":1,"DemandMax":null,"Value":2867},{"Length":44,"Height":65,"Demand":1,"DemandMax":null,"Value":2860},{"Length":55,"Height":52,"Demand":1,"DemandMax":null,"Value":2860},{"Length":56,"Height":51,"Demand":1,"DemandMax":null,"Value":2856},{"Length":46,"Height":62,"Demand":1,"DemandMax":null,"Value":2852},{"Length":75,"Height":38,"Demand":1,"DemandMax":null,"Value":2850},{"Length":73,"Height":39,"Demand":1,"DemandMax":null,"Value":2847},{"Length":58,"Height":49,"Demand":1,"DemandMax":null,"Value":2842},{"Length":40,"Height":71,"Demand":1,"DemandMax":null,"Value":2840},{"Length":43,"Height":66,"Demand":1,"DemandMax":null,"Value":2838},{"Length":63,"Height":45,"Demand":1,"DemandMax":null,"Value":2835},{"Length":48,"Height":59,"Demand":1,"DemandMax":null,"Value":2832},{"Length":47,"Height":60,"Demand":1,"DemandMax":null,"Value":2820},{"Length":67,"Height":42,"Demand":1,"DemandMax":null,"Value":2814},{"Length":38,"Height":74,"Demand":1,"DemandMax":null,"Value":2812},{"Length":54,"Height":52,"Demand":1,"DemandMax":null,"Value":2808},{"Length":72,"Height":39,"Demand":1,"DemandMax":null,"Value":2808},{"Length":46,"Height":61,"Demand":1,"DemandMax":null,"Value":2806},{"Length":50,"Height":56,"Demand":1,"DemandMax":null,"Value":2800},{"Length":40,"Height":70,"Demand":1,"DemandMax":null,"Value":2800},{"Length":65,"Height":43,"Demand":1,"DemandMax":null,"Value":2795},{"Length":57,"Height":49,"Demand":1,"DemandMax":null,"Value":2793},{"Length":45,"Height":62,"Demand":1,"DemandMax":null,"Value":2790},{"Length":41,"Height":68,"Demand":1,"DemandMax":null,"Value":2788},{"Length":48,"Height":58,"Demand":1,"DemandMax":null,"Value":2784},{"Length":37,"Height":75,"Demand":1,"DemandMax":null,"Value":2775},{"Length":73,"Height":38,"Demand":1,"DemandMax":null,"Value":2774},{"Length":47,"Height":59,"Demand":1,"DemandMax":null,"Value":2773},{"Length":42,"Height":66,"Demand":1,"DemandMax":null,"Value":2772},{"Length":46,"Height":60,"Demand":1,"DemandMax":null,"Value":2760},{"Length":69,"Height":40,"Demand":1,"DemandMax":null,"Value":2760},{"Length":53,"Height":52,"Demand":1,"DemandMax":null,"Value":2756},{"Length":43,"Height":64,"Demand":1,"DemandMax":null,"Value":2752},{"Length":50,"Height":55,"Demand":1,"DemandMax":null,"Value":2750},{"Length":41,"Height":67,"Demand":1,"DemandMax":null,"Value":2747},{"Length":61,"Height":45,"Demand":1,"DemandMax":null,"Value":2745},{"Length":56,"Height":49,"Demand":1,"DemandMax":null,"Value":2744},{"Length":74,"Height":37,"Demand":1,"DemandMax":null,"Value":2738},{"Length":38,"Height":72,"Demand":1,"DemandMax":null,"Value":2736},{"Length":48,"Height":57,"Demand":1,"DemandMax":null,"Value":2736},{"Length":65,"Height":42,"Demand":1,"DemandMax":null,"Value":2730},{"Length":70,"Height":39,"Demand":1,"DemandMax":null,"Value":2730},{"Length":62,"Height":44,"Demand":1,"DemandMax":null,"Value":2728},{"Length":40,"Height":68,"Demand":1,"DemandMax":null,"Value":2720},{"Length":46,"Height":59,"Demand":1,"DemandMax":null,"Value":2714},{"Length":43,"Height":63,"Demand":1,"DemandMax":null,"Value":2709},{"Length":52,"Height":52,"Demand":1,"DemandMax":null,"Value":2704},{"Length":53,"Height":51,"Demand":1,"DemandMax":null,"Value":2703},{"Length":73,"Height":37,"Demand":1,"DemandMax":null,"Value":2701},{"Length":54,"Height":50,"Demand":1,"DemandMax":null,"Value":2700},{"Length":36,"Height":75,"Demand":1,"DemandMax":null,"Value":2700},{"Length":38,"Height":71,"Demand":1,"DemandMax":null,"Value":2698},{"Length":49,"Height":55,"Demand":1,"DemandMax":null,"Value":2695},{"Length":39,"Height":69,"Demand":1,"DemandMax":null,"Value":2691},{"Length":56,"Height":48,"Demand":1,"DemandMax":null,"Value":2688},{"Length":64,"Height":42,"Demand":1,"DemandMax":null,"Value":2688},{"Length":44,"Height":61,"Demand":1,"DemandMax":null,"Value":2684},{"Length":40,"Height":67,"Demand":1,"DemandMax":null,"Value":2680},{"Length":57,"Height":47,"Demand":1,"DemandMax":null,"Value":2679},{"Length":58,"Height":46,"Demand":1,"DemandMax":null,"Value":2668},{"Length":62,"Height":43,"Demand":1,"DemandMax":null,"Value":2666},{"Length":41,"Height":65,"Demand":1,"DemandMax":null,"Value":2665},{"Length":72,"Height":37,"Demand":1,"DemandMax":null,"Value":2664},{"Length":38,"Height":70,"Demand":1,"DemandMax":null,"Value":2660},{"Length":68,"Height":39,"Demand":1,"DemandMax":null,"Value":2652},{"Length":53,"Height":50,"Demand":1,"DemandMax":null,"Value":2650},{"Length":40,"Height":66,"Demand":1,"DemandMax":null,"Value":2640},{"Length":60,"Height":44,"Demand":1,"DemandMax":null,"Value":2640},{"Length":36,"Height":73,"Demand":1,"DemandMax":null,"Value":2628},{"Length":71,"Height":37,"Demand":1,"DemandMax":null,"Value":2627},{"Length":75,"Height":35,"Demand":1,"DemandMax":null,"Value":2625},{"Length":64,"Height":41,"Demand":1,"DemandMax":null,"Value":2624},{"Length":61,"Height":43,"Demand":1,"DemandMax":null,"Value":2623},{"Length":69,"Height":38,"Demand":1,"DemandMax":null,"Value":2622},{"Length":57,"Height":46,"Demand":1,"DemandMax":null,"Value":2622},{"Length":39,"Height":67,"Demand":1,"DemandMax":null,"Value":2613},{"Length":42,"Height":62,"Demand":1,"DemandMax":null,"Value":2604},{"Length":51,"Height":51,"Demand":1,"DemandMax":null,"Value":2601},{"Length":40,"Height":65,"Demand":1,"DemandMax":null,"Value":2600},{"Length":49,"Height":53,"Demand":1,"DemandMax":null,"Value":2597},{"Length":44,"Height":59,"Demand":1,"DemandMax":null,"Value":2596},{"Length":36,"Height":72,"Demand":1,"DemandMax":null,"Value":2592},{"Length":35,"Height":74,"Demand":1,"DemandMax":null,"Value":2590},{"Length":68,"Height":38,"Demand":1,"DemandMax":null,"Value":2584},{"Length":63,"Height":41,"Demand":1,"DemandMax":null,"Value":2583},{"Length":43,"Height":60,"Demand":1,"DemandMax":null,"Value":2580},{"Length":46,"Height":56,"Demand":1,"DemandMax":null,"Value":2576},{"Length":45,"Height":57,"Demand":1,"DemandMax":null,"Value":2565},{"Length":40,"Height":64,"Demand":1,"DemandMax":null,"Value":2560},{"Length":36,"Height":71,"Demand":1,"DemandMax":null,"Value":2556},{"Length":35,"Height":73,"Demand":1,"DemandMax":null,"Value":2555},{"Length":69,"Height":37,"Demand":1,"DemandMax":null,"Value":2553},{"Length":58,"Height":44,"Demand":1,"DemandMax":null,"Value":2552},{"Length":50,"Height":51,"Demand":1,"DemandMax":null,"Value":2550},{"Length":75,"Height":34,"Demand":1,"DemandMax":null,"Value":2550},{"Length":49,"Height":52,"Demand":1,"DemandMax":null,"Value":2548},{"Length":48,"Height":53,"Demand":1,"DemandMax":null,"Value":2544},{"Length":41,"Height":62,"Demand":1,"DemandMax":null,"Value":2542},{"Length":54,"Height":47,"Demand":1,"DemandMax":null,"Value":2538},{"Length":59,"Height":43,"Demand":1,"DemandMax":null,"Value":2537},{"Length":55,"Height":46,"Demand":1,"DemandMax":null,"Value":2530},{"Length":35,"Height":72,"Demand":1,"DemandMax":null,"Value":2520},{"Length":45,"Height":56,"Demand":1,"DemandMax":null,"Value":2520},{"Length":40,"Height":63,"Demand":1,"DemandMax":null,"Value":2520},{"Length":42,"Height":60,"Demand":1,"DemandMax":null,"Value":2520},{"Length":37,"Height":68,"Demand":1,"DemandMax":null,"Value":2516},{"Length":38,"Height":66,"Demand":1,"DemandMax":null,"Value":2508},{"Length":57,"Height":44,"Demand":1,"DemandMax":null,"Value":2508},{"Length":61,"Height":41,"Demand":1,"DemandMax":null,"Value":2501},{"Length":50,"Height":50,"Demand":1,"DemandMax":null,"Value":2500},{"Length":51,"Height":49,"Demand":1,"DemandMax":null,"Value":2499},{"Length":52,"Height":48,"Demand":1,"DemandMax":null,"Value":2496},{"Length":58,"Height":43,"Demand":1,"DemandMax":null,"Value":2494},{"Length":53,"Height":47,"Demand":1,"DemandMax":null,"Value":2491},{"Length":35,"Height":71,"Demand":1,"DemandMax":null,"Value":2485},{"Length":36,"Height":69,"Demand":1,"DemandMax":null,"Value":2484},{"Length":54,"Height":46,"Demand":1,"DemandMax":null,"Value":2484},{"Length":34,"Height":73,"Demand":1,"DemandMax":null,"Value":2482},{"Length":40,"Height":62,"Demand":1,"DemandMax":null,"Value":2480},{"Length":67,"Height":37,"Demand":1,"DemandMax":null,"Value":2479},{"Length":59,"Height":42,"Demand":1,"DemandMax":null,"Value":2478},{"Length":45,"Height":55,"Demand":1,"DemandMax":null,"Value":2475},{"Length":33,"Height":75,"Demand":1,"DemandMax":null,"Value":2475},{"Length":38,"Height":65,"Demand":1,"DemandMax":null,"Value":2470},{"Length":56,"Height":44,"Demand":1,"DemandMax":null,"Value":2464},{"Length":60,"Height":41,"Demand":1,"DemandMax":null,"Value":2460},{"Length":63,"Height":39,"Demand":1,"DemandMax":null,"Value":2457},{"Length":57,"Height":43,"Demand":1,"DemandMax":null,"Value":2451},{"Length":35,"Height":70,"Demand":1,"DemandMax":null,"Value":2450},{"Length":36,"Height":68,"Demand":1,"DemandMax":null,"Value":2448},{"Length":72,"Height":34,"Demand":1,"DemandMax":null,"Value":2448},{"Length":52,"Height":47,"Demand":1,"DemandMax":null,"Value":2444},{"Length":66,"Height":37,"Demand":1,"DemandMax":null,"Value":2442},{"Length":33,"Height":74,"Demand":1,"DemandMax":null,"Value":2442},{"Length":46,"Height":53,"Demand":1,"DemandMax":null,"Value":2438},{"Length":42,"Height":58,"Demand":1,"DemandMax":null,"Value":2436},{"Length":64,"Height":38,"Demand":1,"DemandMax":null,"Value":2432},{"Length":44,"Height":55,"Demand":1,"DemandMax":null,"Value":2420},{"Length":59,"Height":41,"Demand":1,"DemandMax":null,"Value":2419},{"Length":39,"Height":62,"Demand":1,"DemandMax":null,"Value":2418},{"Length":36,"Height":67,"Demand":1,"DemandMax":null,"Value":2412},{"Length":73,"Height":33,"Demand":1,"DemandMax":null,"Value":2409},{"Length":43,"Height":56,"Demand":1,"DemandMax":null,"Value":2408},{"Length":65,"Height":37,"Demand":1,"DemandMax":null,"Value":2405},{"Length":48,"Height":50,"Demand":1,"DemandMax":null,"Value":2400},{"Length":51,"Height":47,"Demand":1,"DemandMax":null,"Value":2397},{"Length":63,"Height":38,"Demand":1,"DemandMax":null,"Value":2394},{"Length":46,"Height":52,"Demand":1,"DemandMax":null,"Value":2392},{"Length":70,"Height":34,"Demand":1,"DemandMax":null,"Value":2380},{"Length":68,"Height":35,"Demand":1,"DemandMax":null,"Value":2380},{"Length":61,"Height":39,"Demand":1,"DemandMax":null,"Value":2379},{"Length":66,"Height":36,"Demand":1,"DemandMax":null,"Value":2376},{"Length":33,"Height":72,"Demand":1,"DemandMax":null,"Value":2376},{"Length":44,"Height":54,"Demand":1,"DemandMax":null,"Value":2376},{"Length":74,"Height":32,"Demand":1,"DemandMax":null,"Value":2368},{"Length":40,"Height":59,"Demand":1,"DemandMax":null,"Value":2360},{"Length":62,"Height":38,"Demand":1,"DemandMax":null,"Value":2356},{"Length":49,"Height":48,"Demand":1,"DemandMax":null,"Value":2352},{"Length":50,"Height":47,"Demand":1,"DemandMax":null,"Value":2350},{"Length":69,"Height":34,"Demand":1,"DemandMax":null,"Value":2346},{"Length":46,"Height":51,"Demand":1,"DemandMax":null,"Value":2346},{"Length":35,"Height":67,"Demand":1,"DemandMax":null,"Value":2345},{"Length":33,"Height":71,"Demand":1,"DemandMax":null,"Value":2343},{"Length":65,"Height":36,"Demand":1,"DemandMax":null,"Value":2340},{"Length":45,"Height":52,"Demand":1,"DemandMax":null,"Value":2340},{"Length":39,"Height":60,"Demand":1,"DemandMax":null,"Value":2340},{"Length":57,"Height":41,"Demand":1,"DemandMax":null,"Value":2337},{"Length":73,"Height":32,"Demand":1,"DemandMax":null,"Value":2336},{"Length":53,"Height":44,"Demand":1,"DemandMax":null,"Value":2332},{"Length":75,"Height":31,"Demand":1,"DemandMax":null,"Value":2325},{"Length":43,"Height":54,"Demand":1,"DemandMax":null,"Value":2322},{"Length":40,"Height":58,"Demand":1,"DemandMax":null,"Value":2320},{"Length":38,"Height":61,"Demand":1,"DemandMax":null,"Value":2318},{"Length":68,"Height":34,"Demand":1,"DemandMax":null,"Value":2312},{"Length":42,"Height":55,"Demand":1,"DemandMax":null,"Value":2310},{"Length":35,"Height":66,"Demand":1,"DemandMax":null,"Value":2310},{"Length":64,"Height":36,"Demand":1,"DemandMax":null,"Value":2304},{"Length":49,"Height":47,"Demand":1,"DemandMax":null,"Value":2303},{"Length":46,"Height":50,"Demand":1,"DemandMax":null,"Value":2300},{"Length":56,"Height":41,"Demand":1,"DemandMax":null,"Value":2296},{"Length":45,"Height":51,"Demand":1,"DemandMax":null,"Value":2295},{"Length":31,"Height":74,"Demand":1,"DemandMax":null,"Value":2294},{"Length":52,"Height":44,"Demand":1,"DemandMax":null,"Value":2288},{"Length":60,"Height":38,"Demand":1,"DemandMax":null,"Value":2280},{"Length":43,"Height":53,"Demand":1,"DemandMax":null,"Value":2279},{"Length":67,"Height":34,"Demand":1,"DemandMax":null,"Value":2278},{"Length":54,"Height":42,"Demand":1,"DemandMax":null,"Value":2268},{"Length":36,"Height":63,"Demand":1,"DemandMax":null,"Value":2268},{"Length":31,"Height":73,"Demand":1,"DemandMax":null,"Value":2263},{"Length":39,"Height":58,"Demand":1,"DemandMax":null,"Value":2262},{"Length":47,"Height":48,"Demand":1,"DemandMax":null,"Value":2256},{"Length":55,"Height":41,"Demand":1,"DemandMax":null,"Value":2255},{"Length":49,"Height":46,"Demand":1,"DemandMax":null,"Value":2254},{"Length":30,"Height":75,"Demand":1,"DemandMax":null,"Value":2250},{"Length":45,"Height":50,"Demand":1,"DemandMax":null,"Value":2250},{"Length":33,"Height":68,"Demand":1,"DemandMax":null,"Value":2244},{"Length":66,"Height":34,"Demand":1,"DemandMax":null,"Value":2244},{"Length":51,"Height":44,"Demand":1,"DemandMax":null,"Value":2244},{"Length":59,"Height":38,"Demand":1,"DemandMax":null,"Value":2242},{"Length":64,"Height":35,"Demand":1,"DemandMax":null,"Value":2240},{"Length":70,"Height":32,"Demand":1,"DemandMax":null,"Value":2240},{"Length":52,"Height":43,"Demand":1,"DemandMax":null,"Value":2236},{"Length":62,"Height":36,"Demand":1,"DemandMax":null,"Value":2232},{"Length":53,"Height":42,"Demand":1,"DemandMax":null,"Value":2226},{"Length":39,"Height":57,"Demand":1,"DemandMax":null,"Value":2223},{"Length":30,"Height":74,"Demand":1,"DemandMax":null,"Value":2220},{"Length":54,"Height":41,"Demand":1,"DemandMax":null,"Value":2214},{"Length":33,"Height":67,"Demand":1,"DemandMax":null,"Value":2211},{"Length":47,"Height":47,"Demand":1,"DemandMax":null,"Value":2209},{"Length":69,"Height":32,"Demand":1,"DemandMax":null,"Value":2208},{"Length":46,"Height":48,"Demand":1,"DemandMax":null,"Value":2208},{"Length":49,"Height":45,"Demand":1,"DemandMax":null,"Value":2205},{"Length":58,"Height":38,"Demand":1,"DemandMax":null,"Value":2204},{"Length":55,"Height":40,"Demand":1,"DemandMax":null,"Value":2200},{"Length":36,"Height":61,"Demand":1,"DemandMax":null,"Value":2196},{"Length":51,"Height":43,"Demand":1,"DemandMax":null,"Value":2193},{"Length":73,"Height":30,"Demand":1,"DemandMax":null,"Value":2190},{"Length":42,"Height":52,"Demand":1,"DemandMax":null,"Value":2184},{"Length":39,"Height":56,"Demand":1,"DemandMax":null,"Value":2184},{"Length":59,"Height":37,"Demand":1,"DemandMax":null,"Value":2183},{"Length":34,"Height":64,"Demand":1,"DemandMax":null,"Value":2176},{"Length":68,"Height":32,"Demand":1,"DemandMax":null,"Value":2176},{"Length":29,"Height":75,"Demand":1,"DemandMax":null,"Value":2175},{"Length":41,"Height":53,"Demand":1,"DemandMax":null,"Value":2173},{"Length":31,"Height":70,"Demand":1,"DemandMax":null,"Value":2170},{"Length":38,"Height":57,"Demand":1,"DemandMax":null,"Value":2166},{"Length":47,"Height":46,"Demand":1,"DemandMax":null,"Value":2162},{"Length":54,"Height":40,"Demand":1,"DemandMax":null,"Value":2160},{"Length":36,"Height":60,"Demand":1,"DemandMax":null,"Value":2160},{"Length":72,"Height":30,"Demand":1,"DemandMax":null,"Value":2160},{"Length":43,"Height":50,"Demand":1,"DemandMax":null,"Value":2150},{"Length":58,"Height":37,"Demand":1,"DemandMax":null,"Value":2146},{"Length":74,"Height":29,"Demand":1,"DemandMax":null,"Value":2146},{"Length":33,"Height":65,"Demand":1,"DemandMax":null,"Value":2145},{"Length":32,"Height":67,"Demand":1,"DemandMax":null,"Value":2144},{"Length":51,"Height":42,"Demand":1,"DemandMax":null,"Value":2142},{"Length":69,"Height":31,"Demand":1,"DemandMax":null,"Value":2139},{"Length":35,"Height":61,"Demand":1,"DemandMax":null,"Value":2135},{"Length":41,"Height":52,"Demand":1,"DemandMax":null,"Value":2132},{"Length":56,"Height":38,"Demand":1,"DemandMax":null,"Value":2128},{"Length":36,"Height":59,"Demand":1,"DemandMax":null,"Value":2124},{"Length":29,"Height":73,"Demand":1,"DemandMax":null,"Value":2117},{"Length":45,"Height":47,"Demand":1,"DemandMax":null,"Value":2115},{"Length":33,"Height":64,"Demand":1,"DemandMax":null,"Value":2112},{"Length":32,"Height":66,"Demand":1,"DemandMax":null,"Value":2112},{"Length":44,"Height":48,"Demand":1,"DemandMax":null,"Value":2112},{"Length":37,"Height":57,"Demand":1,"DemandMax":null,"Value":2109},{"Length":68,"Height":31,"Demand":1,"DemandMax":null,"Value":2108},{"Length":43,"Height":49,"Demand":1,"DemandMax":null,"Value":2107},{"Length":39,"Height":54,"Demand":1,"DemandMax":null,"Value":2106},{"Length":42,"Height":50,"Demand":1,"DemandMax":null,"Value":2100},{"Length":70,"Height":30,"Demand":1,"DemandMax":null,"Value":2100},{"Length":35,"Height":60,"Demand":1,"DemandMax":null,"Value":2100},{"Length":75,"Height":28,"Demand":1,"DemandMax":null,"Value":2100},{"Length":38,"Height":55,"Demand":1,"DemandMax":null,"Value":2090},{"Length":29,"Height":72,"Demand":1,"DemandMax":null,"Value":2088},{"Length":36,"Height":58,"Demand":1,"DemandMax":null,"Value":2088},{"Length":52,"Height":40,"Demand":1,"DemandMax":null,"Value":2080},{"Length":65,"Height":32,"Demand":1,"DemandMax":null,"Value":2080},{"Length":63,"Height":33,"Demand":1,"DemandMax":null,"Value":2079},{"Length":31,"Height":67,"Demand":1,"DemandMax":null,"Value":2077},{"Length":61,"Height":34,"Demand":1,"DemandMax":null,"Value":2074},{"Length":37,"Height":56,"Demand":1,"DemandMax":null,"Value":2072},{"Length":44,"Height":47,"Demand":1,"DemandMax":null,"Value":2068},{"Length":53,"Height":39,"Demand":1,"DemandMax":null,"Value":2067},{"Length":35,"Height":59,"Demand":1,"DemandMax":null,"Value":2065},{"Length":48,"Height":43,"Demand":1,"DemandMax":null,"Value":2064},{"Length":71,"Height":29,"Demand":1,"DemandMax":null,"Value":2059},{"Length":42,"Height":49,"Demand":1,"DemandMax":null,"Value":2058},{"Length":36,"Height":57,"Demand":1,"DemandMax":null,"Value":2052},{"Length":54,"Height":38,"Demand":1,"DemandMax":null,"Value":2052},{"Length":32,"Height":64,"Demand":1,"DemandMax":null,"Value":2048},{"Length":66,"Height":31,"Demand":1,"DemandMax":null,"Value":2046},{"Length":62,"Height":33,"Demand":1,"DemandMax":null,"Value":2046},{"Length":28,"Height":73,"Demand":1,"DemandMax":null,"Value":2044},{"Length":60,"Height":34,"Demand":1,"DemandMax":null,"Value":2040},{"Length":30,"Height":68,"Demand":1,"DemandMax":null,"Value":2040},{"Length":55,"Height":37,"Demand":1,"DemandMax":null,"Value":2035},{"Length":70,"Height":29,"Demand":1,"DemandMax":null,"Value":2030},{"Length":52,"Height":39,"Demand":1,"DemandMax":null,"Value":2028},{"Length":75,"Height":27,"Demand":1,"DemandMax":null,"Value":2025},{"Length":44,"Height":46,"Demand":1,"DemandMax":null,"Value":2024},{"Length":47,"Height":43,"Demand":1,"DemandMax":null,"Value":2021},{"Length":28,"Height":72,"Demand":1,"DemandMax":null,"Value":2016},{"Length":42,"Height":48,"Demand":1,"DemandMax":null,"Value":2016},{"Length":36,"Height":56,"Demand":1,"DemandMax":null,"Value":2016},{"Length":65,"Height":31,"Demand":1,"DemandMax":null,"Value":2015},{"Length":61,"Height":33,"Demand":1,"DemandMax":null,"Value":2013},{"Length":30,"Height":67,"Demand":1,"DemandMax":null,"Value":2010},{"Length":41,"Height":49,"Demand":1,"DemandMax":null,"Value":2009},{"Length":34,"Height":59,"Demand":1,"DemandMax":null,"Value":2006},{"Length":40,"Height":50,"Demand":1,"DemandMax":null,"Value":2000},{"Length":27,"Height":74,"Demand":1,"DemandMax":null,"Value":1998},{"Length":35,"Height":57,"Demand":1,"DemandMax":null,"Value":1995},{"Length":51,"Height":39,"Demand":1,"DemandMax":null,"Value":1989},{"Length":28,"Height":71,"Demand":1,"DemandMax":null,"Value":1988},{"Length":62,"Height":32,"Demand":1,"DemandMax":null,"Value":1984},{"Length":45,"Height":44,"Demand":1,"DemandMax":null,"Value":1980},{"Length":66,"Height":30,"Demand":1,"DemandMax":null,"Value":1980},{"Length":38,"Height":52,"Demand":1,"DemandMax":null,"Value":1976},{"Length":34,"Height":58,"Demand":1,"DemandMax":null,"Value":1972},{"Length":68,"Height":29,"Demand":1,"DemandMax":null,"Value":1972},{"Length":73,"Height":27,"Demand":1,"DemandMax":null,"Value":1971},{"Length":37,"Height":53,"Demand":1,"DemandMax":null,"Value":1961},{"Length":70,"Height":28,"Demand":1,"DemandMax":null,"Value":1960},{"Length":32,"Height":61,"Demand":1,"DemandMax":null,"Value":1952},{"Length":65,"Height":30,"Demand":1,"DemandMax":null,"Value":1950},{"Length":26,"Height":75,"Demand":1,"DemandMax":null,"Value":1950},{"Length":59,"Height":33,"Demand":1,"DemandMax":null,"Value":1947},{"Length":36,"Height":54,"Demand":1,"DemandMax":null,"Value":1944},{"Length":72,"Height":27,"Demand":1,"DemandMax":null,"Value":1944},{"Length":29,"Height":67,"Demand":1,"DemandMax":null,"Value":1943},{"Length":38,"Height":51,"Demand":1,"DemandMax":null,"Value":1938},{"Length":44,"Height":44,"Demand":1,"DemandMax":null,"Value":1936},{"Length":45,"Height":43,"Demand":1,"DemandMax":null,"Value":1935},{"Length":42,"Height":46,"Demand":1,"DemandMax":null,"Value":1932},{"Length":69,"Height":28,"Demand":1,"DemandMax":null,"Value":1932},{"Length":55,"Height":35,"Demand":1,"DemandMax":null,"Value":1925},{"Length":74,"Height":26,"Demand":1,"DemandMax":null,"Value":1924},{"Length":37,"Height":52,"Demand":1,"DemandMax":null,"Value":1924},{"Length":48,"Height":40,"Demand":1,"DemandMax":null,"Value":1920},{"Length":30,"Height":64,"Demand":1,"DemandMax":null,"Value":1920},{"Length":32,"Height":60,"Demand":1,"DemandMax":null,"Value":1920},{"Length":58,"Height":33,"Demand":1,"DemandMax":null,"Value":1914},{"Length":29,"Height":66,"Demand":1,"DemandMax":null,"Value":1914},{"Length":39,"Height":49,"Demand":1,"DemandMax":null,"Value":1911},{"Length":53,"Height":36,"Demand":1,"DemandMax":null,"Value":1908},{"Length":68,"Height":28,"Demand":1,"DemandMax":null,"Value":1904},{"Length":56,"Height":34,"Demand":1,"DemandMax":null,"Value":1904},{"Length":38,"Height":50,"Demand":1,"DemandMax":null,"Value":1900},{"Length":44,"Height":43,"Demand":1,"DemandMax":null,"Value":1892},{"Length":61,"Height":31,"Demand":1,"DemandMax":null,"Value":1891},{"Length":27,"Height":70,"Demand":1,"DemandMax":null,"Value":1890},{"Length":45,"Height":42,"Demand":1,"DemandMax":null,"Value":1890},{"Length":30,"Height":63,"Demand":1,"DemandMax":null,"Value":1890},{"Length":35,"Height":54,"Demand":1,"DemandMax":null,"Value":1890},{"Length":59,"Height":32,"Demand":1,"DemandMax":null,"Value":1888},{"Length":37,"Height":51,"Demand":1,"DemandMax":null,"Value":1887},{"Length":29,"Height":65,"Demand":1,"DemandMax":null,"Value":1885},{"Length":57,"Height":33,"Demand":1,"DemandMax":null,"Value":1881},{"Length":28,"Height":67,"Demand":1,"DemandMax":null,"Value":1876},{"Length":75,"Height":25,"Demand":1,"DemandMax":null,"Value":1875},{"Length":52,"Height":36,"Demand":1,"DemandMax":null,"Value":1872},{"Length":27,"Height":69,"Demand":1,"DemandMax":null,"Value":1863},{"Length":38,"Height":49,"Demand":1,"DemandMax":null,"Value":1862},{"Length":31,"Height":60,"Demand":1,"DemandMax":null,"Value":1860},{"Length":58,"Height":32,"Demand":1,"DemandMax":null,"Value":1856},{"Length":53,"Height":35,"Demand":1,"DemandMax":null,"Value":1855},{"Length":37,"Height":50,"Demand":1,"DemandMax":null,"Value":1850},{"Length":43,"Height":43,"Demand":1,"DemandMax":null,"Value":1849},{"Length":28,"Height":66,"Demand":1,"DemandMax":null,"Value":1848},{"Length":56,"Height":33,"Demand":1,"DemandMax":null,"Value":1848},{"Length":71,"Height":26,"Demand":1,"DemandMax":null,"Value":1846},{"Length":45,"Height":41,"Demand":1,"DemandMax":null,"Value":1845},{"Length":40,"Height":46,"Demand":1,"DemandMax":null,"Value":1840},{"Length":34,"Height":54,"Demand":1,"DemandMax":null,"Value":1836},{"Length":68,"Height":27,"Demand":1,"DemandMax":null,"Value":1836},{"Length":39,"Height":47,"Demand":1,"DemandMax":null,"Value":1833},{"Length":61,"Height":30,"Demand":1,"DemandMax":null,"Value":1830},{"Length":31,"Height":59,"Demand":1,"DemandMax":null,"Value":1829},{"Length":29,"Height":63,"Demand":1,"DemandMax":null,"Value":1827},{"Length":25,"Height":73,"Demand":1,"DemandMax":null,"Value":1825},{"Length":57,"Height":32,"Demand":1,"DemandMax":null,"Value":1824},{"Length":26,"Height":70,"Demand":1,"DemandMax":null,"Value":1820},{"Length":35,"Height":52,"Demand":1,"DemandMax":null,"Value":1820},{"Length":55,"Height":33,"Demand":1,"DemandMax":null,"Value":1815},{"Length":37,"Height":49,"Demand":1,"DemandMax":null,"Value":1813},{"Length":42,"Height":43,"Demand":1,"DemandMax":null,"Value":1806},{"Length":41,"Height":44,"Demand":1,"DemandMax":null,"Value":1804},{"Length":34,"Height":53,"Demand":1,"DemandMax":null,"Value":1802},{"Length":50,"Height":36,"Demand":1,"DemandMax":null,"Value":1800},{"Length":45,"Height":40,"Demand":1,"DemandMax":null,"Value":1800},{"Length":72,"Height":25,"Demand":1,"DemandMax":null,"Value":1800},{"Length":62,"Height":29,"Demand":1,"DemandMax":null,"Value":1798},{"Length":31,"Height":58,"Demand":1,"DemandMax":null,"Value":1798},{"Length":46,"Height":39,"Demand":1,"DemandMax":null,"Value":1794},{"Length":64,"Height":28,"Demand":1,"DemandMax":null,"Value":1792},{"Length":56,"Height":32,"Demand":1,"DemandMax":null,"Value":1792},{"Length":54,"Height":33,"Demand":1,"DemandMax":null,"Value":1782},{"Length":37,"Height":48,"Demand":1,"DemandMax":null,"Value":1776},{"Length":71,"Height":25,"Demand":1,"DemandMax":null,"Value":1775},{"Length":30,"Height":59,"Demand":1,"DemandMax":null,"Value":1770},{"Length":28,"Height":63,"Demand":1,"DemandMax":null,"Value":1764},{"Length":36,"Height":49,"Demand":1,"DemandMax":null,"Value":1764},{"Length":44,"Height":40,"Demand":1,"DemandMax":null,"Value":1760},{"Length":27,"Height":65,"Demand":1,"DemandMax":null,"Value":1755},{"Length":39,"Height":45,"Demand":1,"DemandMax":null,"Value":1755},{"Length":50,"Height":35,"Demand":1,"DemandMax":null,"Value":1750},{"Length":70,"Height":25,"Demand":1,"DemandMax":null,"Value":1750},{"Length":53,"Height":33,"Demand":1,"DemandMax":null,"Value":1749},{"Length":67,"Height":26,"Demand":1,"DemandMax":null,"Value":1742},{"Length":60,"Height":29,"Demand":1,"DemandMax":null,"Value":1740},{"Length":37,"Height":47,"Demand":1,"DemandMax":null,"Value":1739},{"Length":28,"Height":62,"Demand":1,"DemandMax":null,"Value":1736},{"Length":31,"Height":56,"Demand":1,"DemandMax":null,"Value":1736},{"Length":51,"Height":34,"Demand":1,"DemandMax":null,"Value":1734},{"Length":54,"Height":32,"Demand":1,"DemandMax":null,"Value":1728},{"Length":27,"Height":64,"Demand":1,"DemandMax":null,"Value":1728},{"Length":48,"Height":36,"Demand":1,"DemandMax":null,"Value":1728},{"Length":69,"Height":25,"Demand":1,"DemandMax":null,"Value":1725},{"Length":42,"Height":41,"Demand":1,"DemandMax":null,"Value":1722},{"Length":40,"Height":43,"Demand":1,"DemandMax":null,"Value":1720},{"Length":44,"Height":39,"Demand":1,"DemandMax":null,"Value":1716},{"Length":52,"Height":33,"Demand":1,"DemandMax":null,"Value":1716},{"Length":26,"Height":66,"Demand":1,"DemandMax":null,"Value":1716},{"Length":49,"Height":35,"Demand":1,"DemandMax":null,"Value":1715},{"Length":30,"Height":57,"Demand":1,"DemandMax":null,"Value":1710},{"Length":38,"Height":45,"Demand":1,"DemandMax":null,"Value":1710},{"Length":61,"Height":28,"Demand":1,"DemandMax":null,"Value":1708},{"Length":37,"Height":46,"Demand":1,"DemandMax":null,"Value":1702},{"Length":27,"Height":63,"Demand":1,"DemandMax":null,"Value":1701},{"Length":25,"Height":68,"Demand":1,"DemandMax":null,"Value":1700},{"Length":50,"Height":34,"Demand":1,"DemandMax":null,"Value":1700},{"Length":53,"Height":32,"Demand":1,"DemandMax":null,"Value":1696},{"Length":65,"Height":26,"Demand":1,"DemandMax":null,"Value":1690},{"Length":51,"Height":33,"Demand":1,"DemandMax":null,"Value":1683},{"Length":29,"Height":58,"Demand":1,"DemandMax":null,"Value":1682},{"Length":41,"Height":41,"Demand":1,"DemandMax":null,"Value":1681},{"Length":56,"Height":30,"Demand":1,"DemandMax":null,"Value":1680},{"Length":42,"Height":40,"Demand":1,"DemandMax":null,"Value":1680},{"Length":48,"Height":35,"Demand":1,"DemandMax":null,"Value":1680},{"Length":60,"Height":28,"Demand":1,"DemandMax":null,"Value":1680},{"Length":67,"Height":25,"Demand":1,"DemandMax":null,"Value":1675},{"Length":31,"Height":54,"Demand":1,"DemandMax":null,"Value":1674},{"Length":27,"Height":62,"Demand":1,"DemandMax":null,"Value":1674},{"Length":38,"Height":44,"Demand":1,"DemandMax":null,"Value":1672},{"Length":37,"Height":45,"Demand":1,"DemandMax":null,"Value":1665},{"Length":26,"Height":64,"Demand":1,"DemandMax":null,"Value":1664},{"Length":36,"Height":46,"Demand":1,"DemandMax":null,"Value":1656},{"Length":29,"Height":57,"Demand":1,"DemandMax":null,"Value":1653},{"Length":59,"Height":28,"Demand":1,"DemandMax":null,"Value":1652},{"Length":50,"Height":33,"Demand":1,"DemandMax":null,"Value":1650},{"Length":66,"Height":25,"Demand":1,"DemandMax":null,"Value":1650},{"Length":27,"Height":61,"Demand":1,"DemandMax":null,"Value":1647},{"Length":35,"Height":47,"Demand":1,"DemandMax":null,"Value":1645},{"Length":53,"Height":31,"Demand":1,"DemandMax":null,"Value":1643},{"Length":41,"Height":40,"Demand":1,"DemandMax":null,"Value":1640},{"Length":26,"Height":63,"Demand":1,"DemandMax":null,"Value":1638},{"Length":39,"Height":42,"Demand":1,"DemandMax":null,"Value":1638},{"Length":38,"Height":43,"Demand":1,"DemandMax":null,"Value":1634},{"Length":32,"Height":51,"Demand":1,"DemandMax":null,"Value":1632},{"Length":48,"Height":34,"Demand":1,"DemandMax":null,"Value":1632},{"Length":44,"Height":37,"Demand":1,"DemandMax":null,"Value":1628},{"Length":65,"Height":25,"Demand":1,"DemandMax":null,"Value":1625},{"Length":28,"Height":58,"Demand":1,"DemandMax":null,"Value":1624},{"Length":56,"Height":29,"Demand":1,"DemandMax":null,"Value":1624},{"Length":45,"Height":36,"Demand":1,"DemandMax":null,"Value":1620},{"Length":54,"Height":30,"Demand":1,"DemandMax":null,"Value":1620},{"Length":49,"Height":33,"Demand":1,"DemandMax":null,"Value":1617},{"Length":52,"Height":31,"Demand":1,"DemandMax":null,"Value":1612},{"Length":26,"Height":62,"Demand":1,"DemandMax":null,"Value":1612},{"Length":35,"Height":46,"Demand":1,"DemandMax":null,"Value":1610},{"Length":64,"Height":25,"Demand":1,"DemandMax":null,"Value":1600},{"Length":32,"Height":50,"Demand":1,"DemandMax":null,"Value":1600},{"Length":40,"Height":40,"Demand":1,"DemandMax":null,"Value":1600},{"Length":41,"Height":39,"Demand":1,"DemandMax":null,"Value":1599},{"Length":34,"Height":47,"Demand":1,"DemandMax":null,"Value":1598},{"Length":38,"Height":42,"Demand":1,"DemandMax":null,"Value":1596},{"Length":55,"Height":29,"Demand":1,"DemandMax":null,"Value":1595},{"Length":59,"Height":27,"Demand":1,"DemandMax":null,"Value":1593},{"Length":37,"Height":43,"Demand":1,"DemandMax":null,"Value":1591},{"Length":30,"Height":53,"Demand":1,"DemandMax":null,"Value":1590},{"Length":61,"Height":26,"Demand":1,"DemandMax":null,"Value":1586},{"Length":33,"Height":48,"Demand":1,"DemandMax":null,"Value":1584},{"Length":36,"Height":44,"Demand":1,"DemandMax":null,"Value":1584},{"Length":51,"Height":31,"Demand":1,"DemandMax":null,"Value":1581},{"Length":35,"Height":45,"Demand":1,"DemandMax":null,"Value":1575},{"Length":63,"Height":25,"Demand":1,"DemandMax":null,"Value":1575},{"Length":49,"Height":32,"Demand":1,"DemandMax":null,"Value":1568},{"Length":28,"Height":56,"Demand":1,"DemandMax":null,"Value":1568},{"Length":34,"Height":46,"Demand":1,"DemandMax":null,"Value":1564},{"Length":40,"Height":39,"Demand":1,"DemandMax":null,"Value":1560},{"Length":60,"Height":26,"Demand":1,"DemandMax":null,"Value":1560},{"Length":41,"Height":38,"Demand":1,"DemandMax":null,"Value":1558},{"Length":37,"Height":42,"Demand":1,"DemandMax":null,"Value":1554},{"Length":62,"Height":25,"Demand":1,"DemandMax":null,"Value":1550},{"Length":43,"Height":36,"Demand":1,"DemandMax":null,"Value":1548},{"Length":28,"Height":55,"Demand":1,"DemandMax":null,"Value":1540},{"Length":35,"Height":44,"Demand":1,"DemandMax":null,"Value":1540},{"Length":57,"Height":27,"Demand":1,"DemandMax":null,"Value":1539},{"Length":53,"Height":29,"Demand":1,"DemandMax":null,"Value":1537},{"Length":32,"Height":48,"Demand":1,"DemandMax":null,"Value":1536},{"Length":34,"Height":45,"Demand":1,"DemandMax":null,"Value":1530},{"Length":30,"Height":51,"Demand":1,"DemandMax":null,"Value":1530},{"Length":25,"Height":61,"Demand":1,"DemandMax":null,"Value":1525},{"Length":39,"Height":39,"Demand":1,"DemandMax":null,"Value":1521},{"Length":40,"Height":38,"Demand":1,"DemandMax":null,"Value":1520},{"Length":49,"Height":31,"Demand":1,"DemandMax":null,"Value":1519},{"Length":33,"Height":46,"Demand":1,"DemandMax":null,"Value":1518},{"Length":42,"Height":36,"Demand":1,"DemandMax":null,"Value":1512},{"Length":56,"Height":27,"Demand":1,"DemandMax":null,"Value":1512},{"Length":28,"Height":54,"Demand":1,"DemandMax":null,"Value":1512},{"Length":29,"Height":52,"Demand":1,"DemandMax":null,"Value":1508},{"Length":58,"Height":26,"Demand":1,"DemandMax":null,"Value":1508},{"Length":60,"Height":25,"Demand":1,"DemandMax":null,"Value":1500},{"Length":44,"Height":34,"Demand":1,"DemandMax":null,"Value":1496},{"Length":48,"Height":31,"Demand":1,"DemandMax":null,"Value":1488},{"Length":27,"Height":55,"Demand":1,"DemandMax":null,"Value":1485},{"Length":53,"Height":28,"Demand":1,"DemandMax":null,"Value":1484},{"Length":26,"Height":57,"Demand":1,"DemandMax":null,"Value":1482},{"Length":29,"Height":51,"Demand":1,"DemandMax":null,"Value":1479},{"Length":41,"Height":36,"Demand":1,"DemandMax":null,"Value":1476},{"Length":25,"Height":59,"Demand":1,"DemandMax":null,"Value":1475},{"Length":46,"Height":32,"Demand":1,"DemandMax":null,"Value":1472},{"Length":35,"Height":42,"Demand":1,"DemandMax":null,"Value":1470},{"Length":49,"Height":30,"Demand":1,"DemandMax":null,"Value":1470},{"Length":43,"Height":34,"Demand":1,"DemandMax":null,"Value":1462},{"Length":27,"Height":54,"Demand":1,"DemandMax":null,"Value":1458},{"Length":31,"Height":47,"Demand":1,"DemandMax":null,"Value":1457},{"Length":56,"Height":26,"Demand":1,"DemandMax":null,"Value":1456},{"Length":44,"Height":33,"Demand":1,"DemandMax":null,"Value":1452},{"Length":58,"Height":25,"Demand":1,"DemandMax":null,"Value":1450},{"Length":48,"Height":30,"Demand":1,"DemandMax":null,"Value":1440},{"Length":45,"Height":32,"Demand":1,"DemandMax":null,"Value":1440},{"Length":35,"Height":41,"Demand":1,"DemandMax":null,"Value":1435},{"Length":55,"Height":26,"Demand":1,"DemandMax":null,"Value":1430},{"Length":51,"Height":28,"Demand":1,"DemandMax":null,"Value":1428},{"Length":42,"Height":34,"Demand":1,"DemandMax":null,"Value":1428},{"Length":46,"Height":31,"Demand":1,"DemandMax":null,"Value":1426},{"Length":57,"Height":25,"Demand":1,"DemandMax":null,"Value":1425},{"Length":43,"Height":33,"Demand":1,"DemandMax":null,"Value":1419},{"Length":30,"Height":47,"Demand":1,"DemandMax":null,"Value":1410},{"Length":44,"Height":32,"Demand":1,"DemandMax":null,"Value":1408},{"Length":39,"Height":36,"Demand":1,"DemandMax":null,"Value":1404},{"Length":27,"Height":52,"Demand":1,"DemandMax":null,"Value":1404},{"Length":54,"Height":26,"Demand":1,"DemandMax":null,"Value":1404},{"Length":40,"Height":35,"Demand":1,"DemandMax":null,"Value":1400},{"Length":28,"Height":50,"Demand":1,"DemandMax":null,"Value":1400},{"Length":45,"Height":31,"Demand":1,"DemandMax":null,"Value":1395},{"Length":34,"Height":41,"Demand":1,"DemandMax":null,"Value":1394},{"Length":48,"Height":29,"Demand":1,"DemandMax":null,"Value":1392},{"Length":33,"Height":42,"Demand":1,"DemandMax":null,"Value":1386},{"Length":30,"Height":46,"Demand":1,"DemandMax":null,"Value":1380},{"Length":27,"Height":51,"Demand":1,"DemandMax":null,"Value":1377},{"Length":25,"Height":55,"Demand":1,"DemandMax":null,"Value":1375},{"Length":49,"Height":28,"Demand":1,"DemandMax":null,"Value":1372},{"Length":35,"Height":39,"Demand":1,"DemandMax":null,"Value":1365},{"Length":40,"Height":34,"Demand":1,"DemandMax":null,"Value":1360},{"Length":41,"Height":33,"Demand":1,"DemandMax":null,"Value":1353},{"Length":52,"Height":26,"Demand":1,"DemandMax":null,"Value":1352},{"Length":25,"Height":54,"Demand":1,"DemandMax":null,"Value":1350},{"Length":50,"Height":27,"Demand":1,"DemandMax":null,"Value":1350},{"Length":30,"Height":45,"Demand":1,"DemandMax":null,"Value":1350},{"Length":42,"Height":32,"Demand":1,"DemandMax":null,"Value":1344},{"Length":28,"Height":48,"Demand":1,"DemandMax":null,"Value":1344},{"Length":31,"Height":43,"Demand":1,"DemandMax":null,"Value":1333},{"Length":35,"Height":38,"Demand":1,"DemandMax":null,"Value":1330},{"Length":34,"Height":39,"Demand":1,"DemandMax":null,"Value":1326},{"Length":53,"Height":25,"Demand":1,"DemandMax":null,"Value":1325},{"Length":49,"Height":27,"Demand":1,"DemandMax":null,"Value":1323},{"Length":40,"Height":33,"Demand":1,"DemandMax":null,"Value":1320},{"Length":44,"Height":30,"Demand":1,"DemandMax":null,"Value":1320},{"Length":28,"Height":47,"Demand":1,"DemandMax":null,"Value":1316},{"Length":32,"Height":41,"Demand":1,"DemandMax":null,"Value":1312},{"Length":45,"Height":29,"Demand":1,"DemandMax":null,"Value":1305},{"Length":31,"Height":42,"Demand":1,"DemandMax":null,"Value":1302},{"Length":50,"Height":26,"Demand":1,"DemandMax":null,"Value":1300},{"Length":52,"Height":25,"Demand":1,"DemandMax":null,"Value":1300},{"Length":27,"Height":48,"Demand":1,"DemandMax":null,"Value":1296},{"Length":36,"Height":36,"Demand":1,"DemandMax":null,"Value":1296},{"Length":37,"Height":35,"Demand":1,"DemandMax":null,"Value":1295},{"Length":34,"Height":38,"Demand":1,"DemandMax":null,"Value":1292},{"Length":43,"Height":30,"Demand":1,"DemandMax":null,"Value":1290},{"Length":46,"Height":28,"Demand":1,"DemandMax":null,"Value":1288},{"Length":40,"Height":32,"Demand":1,"DemandMax":null,"Value":1280},{"Length":29,"Height":44,"Demand":1,"DemandMax":null,"Value":1276},{"Length":51,"Height":25,"Demand":1,"DemandMax":null,"Value":1275},{"Length":49,"Height":26,"Demand":1,"DemandMax":null,"Value":1274},{"Length":41,"Height":31,"Demand":1,"DemandMax":null,"Value":1271},{"Length":35,"Height":36,"Demand":1,"DemandMax":null,"Value":1260},{"Length":37,"Height":34,"Demand":1,"DemandMax":null,"Value":1258},{"Length":38,"Height":33,"Demand":1,"DemandMax":null,"Value":1254},{"Length":25,"Height":50,"Demand":1,"DemandMax":null,"Value":1250},{"Length":32,"Height":39,"Demand":1,"DemandMax":null,"Value":1248},{"Length":48,"Height":26,"Demand":1,"DemandMax":null,"Value":1248},{"Length":43,"Height":29,"Demand":1,"DemandMax":null,"Value":1247},{"Length":28,"Height":44,"Demand":1,"DemandMax":null,"Value":1232},{"Length":30,"Height":41,"Demand":1,"DemandMax":null,"Value":1230},{"Length":35,"Height":35,"Demand":1,"DemandMax":null,"Value":1225},{"Length":25,"Height":49,"Demand":1,"DemandMax":null,"Value":1225},{"Length":36,"Height":34,"Demand":1,"DemandMax":null,"Value":1224},{"Length":29,"Height":42,"Demand":1,"DemandMax":null,"Value":1218},{"Length":38,"Height":32,"Demand":1,"DemandMax":null,"Value":1216},{"Length":45,"Height":27,"Demand":1,"DemandMax":null,"Value":1215},{"Length":43,"Height":28,"Demand":1,"DemandMax":null,"Value":1204},{"Length":25,"Height":48,"Demand":1,"DemandMax":null,"Value":1200},{"Length":27,"Height":44,"Demand":1,"DemandMax":null,"Value":1188},{"Length":37,"Height":32,"Demand":1,"DemandMax":null,"Value":1184},{"Length":42,"Height":28,"Demand":1,"DemandMax":null,"Value":1176},{"Length":43,"Height":27,"Demand":1,"DemandMax":null,"Value":1161},{"Length":34,"Height":34,"Demand":1,"DemandMax":null,"Value":1156},{"Length":33,"Height":35,"Demand":1,"DemandMax":null,"Value":1155},{"Length":32,"Height":36,"Demand":1,"DemandMax":null,"Value":1152},{"Length":25,"Height":46,"Demand":1,"DemandMax":null,"Value":1150},{"Length":37,"Height":31,"Demand":1,"DemandMax":null,"Value":1147},{"Length":44,"Height":26,"Demand":1,"DemandMax":null,"Value":1144},{"Length":29,"Height":39,"Demand":1,"DemandMax":null,"Value":1131},{"Length":33,"Height":34,"Demand":1,"DemandMax":null,"Value":1122},{"Length":40,"Height":28,"Demand":1,"DemandMax":null,"Value":1120},{"Length":35,"Height":32,"Demand":1,"DemandMax":null,"Value":1120},{"Length":26,"Height":43,"Demand":1,"DemandMax":null,"Value":1118},{"Length":36,"Height":31,"Demand":1,"DemandMax":null,"Value":1116},{"Length":37,"Height":30,"Demand":1,"DemandMax":null,"Value":1110},{"Length":27,"Height":41,"Demand":1,"DemandMax":null,"Value":1107},{"Length":44,"Height":25,"Demand":1,"DemandMax":null,"Value":1100},{"Length":26,"Height":42,"Demand":1,"DemandMax":null,"Value":1092},{"Length":28,"Height":39,"Demand":1,"DemandMax":null,"Value":1092},{"Length":32,"Height":34,"Demand":1,"DemandMax":null,"Value":1088},{"Length":27,"Height":40,"Demand":1,"DemandMax":null,"Value":1080},{"Length":43,"Height":25,"Demand":1,"DemandMax":null,"Value":1075},{"Length":41,"Height":26,"Demand":1,"DemandMax":null,"Value":1066},{"Length":33,"Height":32,"Demand":1,"DemandMax":null,"Value":1056},{"Length":34,"Height":31,"Demand":1,"DemandMax":null,"Value":1054},{"Length":27,"Height":39,"Demand":1,"DemandMax":null,"Value":1053},{"Length":42,"Height":25,"Demand":1,"DemandMax":null,"Value":1050},{"Length":40,"Height":26,"Demand":1,"DemandMax":null,"Value":1040},{"Length":28,"Height":37,"Demand":1,"DemandMax":null,"Value":1036},{"Length":27,"Height":38,"Demand":1,"DemandMax":null,"Value":1026},{"Length":25,"Height":41,"Demand":1,"DemandMax":null,"Value":1025},{"Length":31,"Height":33,"Demand":1,"DemandMax":null,"Value":1023},{"Length":34,"Height":30,"Demand":1,"DemandMax":null,"Value":1020},{"Length":29,"Height":35,"Demand":1,"DemandMax":null,"Value":1015},{"Length":26,"Height":39,"Demand":1,"DemandMax":null,"Value":1014},{"Length":28,"Height":36,"Demand":1,"DemandMax":null,"Value":1008},{"Length":40,"Height":25,"Demand":1,"DemandMax":null,"Value":1000},{"Length":31,"Height":32,"Demand":1,"DemandMax":null,"Value":992},{"Length":30,"Height":33,"Demand":1,"DemandMax":null,"Value":990},{"Length":38,"Height":26,"Demand":1,"DemandMax":null,"Value":988},{"Length":29,"Height":34,"Demand":1,"DemandMax":null,"Value":986},{"Length":28,"Height":35,"Demand":1,"DemandMax":null,"Value":980},{"Length":39,"Height":25,"Demand":1,"DemandMax":null,"Value":975},{"Length":36,"Height":27,"Demand":1,"DemandMax":null,"Value":972},{"Length":26,"Height":37,"Demand":1,"DemandMax":null,"Value":962},{"Length":31,"Height":31,"Demand":1,"DemandMax":null,"Value":961},{"Length":30,"Height":32,"Demand":1,"DemandMax":null,"Value":960},{"Length":29,"Height":33,"Demand":1,"DemandMax":null,"Value":957},{"Length":28,"Height":34,"Demand":1,"DemandMax":null,"Value":952},{"Length":27,"Height":35,"Demand":1,"DemandMax":null,"Value":945},{"Length":36,"Height":26,"Demand":1,"DemandMax":null,"Value":936},{"Length":30,"Height":31,"Demand":1,"DemandMax":null,"Value":930},{"Length":32,"Height":29,"Demand":1,"DemandMax":null,"Value":928},{"Length":33,"Height":28,"Demand":1,"DemandMax":null,"Value":924},{"Length":35,"Height":26,"Demand":1,"DemandMax":null,"Value":910},{"Length":30,"Height":30,"Demand":1,"DemandMax":null,"Value":900},{"Length":29,"Height":31,"Demand":1,"DemandMax":null,"Value":899},{"Length":32,"Height":28,"Demand":1,"DemandMax":null,"Value":896},{"Length":26,"Height":34,"Demand":1,"DemandMax":null,"Value":884},{"Length":25,"Height":35,"Demand":1,"DemandMax":null,"Value":875},{"Length":29,"Height":30,"Demand":1,"DemandMax":null,"Value":870},{"Length":28,"Height":31,"Demand":1,"DemandMax":null,"Value":868},{"Length":27,"Height":32,"Demand":1,"DemandMax":null,"Value":864},{"Length":34,"Height":25,"Demand":1,"DemandMax":null,"Value":850},{"Length":30,"Height":28,"Demand":1,"DemandMax":null,"Value":840},{"Length":31,"Height":27,"Demand":1,"DemandMax":null,"Value":837},{"Length":33,"Height":25,"Demand":1,"DemandMax":null,"Value":825},{"Length":28,"Height":29,"Demand":1,"DemandMax":null,"Value":812},{"Length":30,"Height":27,"Demand":1,"DemandMax":null,"Value":810},{"Length":29,"Height":27,"Demand":1,"DemandMax":null,"Value":783},{"Length":30,"Height":26,"Demand":1,"DemandMax":null,"Value":780},{"Length":25,"Height":31,"Demand":1,"DemandMax":null,"Value":775},{"Length":27,"Height":28,"Demand":1,"DemandMax":null,"Value":756},{"Length":26,"Height":29,"Demand":1,"DemandMax":null,"Value":754},{"Length":25,"Height":30,"Demand":1,"DemandMax":null,"Value":750},{"Length":26,"Height":28,"Demand":1,"DemandMax":null,"Value":728},{"Length":25,"Height":29,"Demand":1,"DemandMax":null,"Value":725},{"Length":27,"Height":26,"Demand":1,"DemandMax":null,"Value":702},{"Length":25,"Height":28,"Demand":1,"DemandMax":null,"Value":700},{"Length":26,"Height":25,"Demand":1,"DemandMax":null,"Value":650},{"Length":25,"Height":25,"Demand":1,"DemandMax":null,"Value":625}]}