{"Name":"AH223","Objects":[{"Length":1000,"Height":1959,"Stock":null,"Cost":1959000}],"Items":[{"Length":84,"Height":85,"Demand":10,"DemandMax":null,"Value":7140},{"Length":75,"Height":88,"Demand":10,"DemandMax":null,"Value":6600},{"Length":76,"Height":86,"Demand":10,"DemandMax":null,"Value":6536},{"Length":77,"Height":81,"Demand":10,"DemandMax":null,"Value":6237},{"Length":78,"Height":76,"Demand":10,"DemandMax":null,"Value":5928},{"Length":69,"Height":83,"Demand":10,"DemandMax":null,"Value":5727},{"Length":68,"Height":82,"Demand":10,"DemandMax":null,"Value":5576},{"Length":79,"Height":69,"Demand":10,"DemandMax":null,"Value":5451},{"Length":76,"Height":71,"Demand":10,"DemandMax":null,"Value":5396},{"Length":87,"Height":58,"Demand":10,"DemandMax":null,"Value":5046},{"Length":60,"Height":75,"Demand":10,"DemandMax":null,"Value":4500},{"Length":80,"Height":56,"Demand":10,"DemandMax":null,"Value":4480},{"Length":50,"Height":81,"Demand":10,"DemandMax":null,"Value":4050},{"Length":42,"Height":89,"Demand":10,"DemandMax":null,"Value":3738},{"Length":74,"Height":50,"Demand":10,"DemandMax":null,"Value":3700},{"Length":62,"Height":53,"Demand":10,"DemandMax":null,"Value":3286},{"Length":59,"Height":54,"Demand":10,"DemandMax":null,"Value":3186},{"Length":40,"Height":79,"Demand":10,"DemandMax":null,"Value":3160},{"Length":68,"Height":46,"Demand":10,"DemandMax":null,"Value":3128},{"Length":88,"Height":35,"Demand":10,"DemandMax":null,"Value":3080},{"Length":79,"Height":38,"Demand":10,"DemandMax":null,"Value":3002},{"Length":53,"Height":54,"Demand":10,"DemandMax":null,"Value":2862},{"Length":33,"Height":85,"Demand":10,"DemandMax":null,"Value":2805},{"Length":69,"Height":40,"Demand":10,"DemandMax":null,"Value":2760},{"Length":81,"Height":34,"Demand":10,"DemandMax":null,"Value":2754},{"Length":84,"Height":32,"Demand":10,"DemandMax":null,"Value":2688},{"Length":66,"Height":39,"Demand":10,"DemandMax":null,"Value":2574},{"Length":40,"Height":62,"Demand":10,"DemandMax":null,"Value":2480},{"Length":40,"Height":61,"Demand":10,"DemandMax":null,"Value":2440},{"Length":31,"Height":78,"Demand":10,"DemandMax":null,"Value":2418},{"Length":83,"Height":28,"Demand":10,"DemandMax":null,"Value":2324},{"Length":27,"Height":85,"Demand":10,"DemandMax":null,"Value":2295},{"Length":53,"Height":42,"Demand":10,"DemandMax":null,"Value":2226},{"Length":83,"Height":26,"Demand":10,"DemandMax":null,"Value":2158},{"Length":27,"Height":78,"Demand":10,"DemandMax":null,"Value":2106},{"Length":70,"Height":30,"Demand":10,"DemandMax":null,"Value":2100},{"Length":75,"Height":28,"Demand":10,"DemandMax":null,"Value":2100},{"Length":55,"Height":38,"Demand":10,"DemandMax":null,"Value":2090},{"Length":34,"Height":61,"Demand":10,"DemandMax":null,"Value":2074},{"Length":82,"Height":25,"Demand":10,"DemandMax":null,"Value":2050},{"Length":25,"Height":78,"Demand":10,"DemandMax":null,"Value":1950},{"Length":57,"Height":34,"Demand":10,"DemandMax":null,"Value":1938},{"Length":79,"Height":23,"Demand":10,"DemandMax":null,"Value":1817},{"Length":26,"Height":66,"Demand":10,"DemandMax":null,"Value":1716},{"Length":57,"Height":28,"Demand":10,"DemandMax":null,"Value":1596},{"Length":25,"Height":62,"Demand":10,"DemandMax":null,"Value":1550},{"Length":65,"Height":23,"Demand":10,"DemandMax":null,"Value":1495},{"Length":34,"Height":42,"Demand":10,"DemandMax":null,"Value":1428},{"Length":23,"Height":60,"Demand":10,"DemandMax":null,"Value":1380},{"Length":25,"Height":54,"Demand":10,"DemandMax":null,"Value":1350},{"Length":30,"Height":45,"Demand":10,"DemandMax":null,"Value":1350},{"Length":29,"Height":46,"Demand":10,"DemandMax":null,"Value":1334},{"Length":43,"Height":30,"Demand":10,"DemandMax":null,"Value":1290},{"Length":46,"Height":28,"Demand":10,"DemandMax":null,"Value":1288},{"Length":37,"Height":34,"Demand":10,"DemandMax":null,"Value":1258},{"Length":15,"Height":78,"Demand":10,"DemandMax":null,"Value":1170},{"Length":16,"Height":72,"Demand":10,"DemandMax":null,"Value":1152},{"Length":54,"Height":20,"Demand":10,"DemandMax":null,"Value":1080},{"Length":72,"Height":15,"Demand":10,"DemandMax":null,"Value":1080},{"Length":44,"Height":24,"Demand":10,"DemandMax":null,"Value":1056},{"Length":14,"Height":71,"Demand":10,"DemandMax":null,"Value":994},{"Length":47,"Height":21,"Demand":10,"DemandMax":null,"Value":987},{"Length":13,"Height":75,"Demand":10,"DemandMax":null,"Value":975},{"Length":12,"Height":81,"Demand":10,"DemandMax":null,"Value":972},{"Length":57,"Height":17,"Demand":10,"DemandMax":null,"Value":969},{"Length":33,"Height":28,"Demand":10,"DemandMax":null,"Value":924},{"Length":71,"Height":13,"Demand":10,"DemandMax":null,"Value":923},{"Length":83,"Height":11,"Demand":10,"DemandMax":null,"Value":913},{"Length":71,"Height":12,"Demand":10,"DemandMax":null,"Value":852},{"Length":27,"Height":31,"Demand":10,"DemandMax":null,"Value":837},{"Length":11,"Height":75,"Demand":10,"DemandMax":null,"Value":825},{"Length":15,"Height":53,"Demand":10,"DemandMax":null,"Value":795},{"Length":14,"Height":56,"Demand":10,"DemandMax":null,"Value":784},{"Length":46,"Height":17,"Demand":10,"DemandMax":null,"Value":782},{"Length":42,"Height":17,"Demand":10,"DemandMax":null,"Value":714},{"Length":21,"Height":34,"Demand":10,"DemandMax":null,"Value":714},{"Length":25,"Height":28,"Demand":10,"DemandMax":null,"Value":700},{"Length":84,"Height":8,"Demand":10,"DemandMax":null,"Value":672},{"Length":12,"Height":55,"Demand":10,"DemandMax":null,"Value":660},{"Length":31,"Height":19,"Demand":10,"DemandMax":null,"Value":589},{"Length":28,"Height":21,"Demand":10,"DemandMax":null,"Value":588},{"Length":21,"Height":26,"Demand":10,"DemandMax":null,"Value":546},{"Length":10,"Height":52,"Demand":10,"DemandMax":null,"Value":520},{"Length":6,"Height":83,"Demand":10,"DemandMax":null,"Value":498},{"Length":20,"Height":23,"Demand":10,"DemandMax":null,"Value":460},{"Length":7,"Height":61,"Demand":10,"DemandMax":null,"Value":427},{"Length":19,"Height":22,"Demand":10,"DemandMax":null,"Value":418},{"Length":6,"Height":68,"Demand":10,"DemandMax":null,"Value":408},{"Length":57,"Height":7,"Demand":10,"DemandMax":null,"Value":399},{"Length":8,"Height":42,"Demand":10,"DemandMax":null,"Value":336},{"Length":7,"Height":48,"Demand":10,"DemandMax":null,"Value":336},{"Length":7,"Height":44,"Demand":10,"DemandMax":null,"Value":308},{"Length":36,"Height":8,"Demand":10,"DemandMax":null,"Value":288},{"Length":8,"Height":33,"Demand":10,"DemandMax":null,"Value":264},{"Length":22,"Height":10,"Demand":10,"DemandMax":null,"Value":220},{"Length":12,"Height":14,"Demand":10,"DemandMax":null,"Value":168},{"Length":18,"Height":9,"Demand":10,"DemandMax":null,"Value":162},{"Length":17,"Height":9,"Demand":10,"DemandMax":null,"Value":153},{"Length":8,"Height":18,"Demand":10,"DemandMax":null,"Value":144},{"Length":9,"Height":8,"Demand":10,"DemandMax":null,"Value":72}]}