{"Name":"AH32","Objects":[{"Length":1000,"Height":37335,"Stock":null,"Cost":37335000}],"Items":[{"Length":371,"Height":338,"Demand":100,"DemandMax":null,"Value":125398},{"Length":208,"Height":312,"Demand":100,"DemandMax":null,"Value":64896},{"Length":284,"Height":221,"Demand":100,"DemandMax":null,"Value":62764},{"Length":321,"Height":167,"Demand":100,"DemandMax":null,"Value":53607},{"Length":168,"Height":145,"Demand":100,"DemandMax":null,"Value":24360},{"Length":72,"Height":235,"Demand":100,"DemandMax":null,"Value":16920},{"Length":84,"Height":119,"Demand":100,"DemandMax":null,"Value":9996},{"Length":55,"Height":141,"Demand":100,"DemandMax":null,"Value":7755},{"Length":92,"Height":51,"Demand":100,"DemandMax":null,"Value":4692},{"Length":34,"Height":87,"Demand":100,"DemandMax":null,"Value":2958}]}