{"Name":"AH339","Objects":[{"Length":1000,"Height":2335,"Stock":null,"Cost":2335000}],"Items":[{"Length":90,"Height":88,"Demand":1,"DemandMax":null,"Value":7920},{"Length":90,"Height":87,"Demand":1,"DemandMax":null,"Value":7830},{"Length":86,"Height":88,"Demand":1,"DemandMax":null,"Value":7568},{"Length":85,"Height":87,"Demand":1,"DemandMax":null,"Value":7395},{"Length":85,"Height":86,"Demand":1,"DemandMax":null,"Value":7310},{"Length":81,"Height":90,"Demand":1,"DemandMax":null,"Value":7290},{"Length":85,"Height":85,"Demand":1,"DemandMax":null,"Value":7225},{"Length":88,"Height":82,"Demand":1,"DemandMax":null,"Value":7216},{"Length":89,"Height":80,"Demand":1,"DemandMax":null,"Value":7120},{"Length":90,"Height":79,"Demand":1,"DemandMax":null,"Value":7110},{"Length":86,"Height":82,"Demand":1,"DemandMax":null,"Value":7052},{"Length":81,"Height":86,"Demand":1,"DemandMax":null,"Value":6966},{"Length":88,"Height":79,"Demand":1,"DemandMax":null,"Value":6952},{"Length":88,"Height":78,"Demand":1,"DemandMax":null,"Value":6864},{"Length":76,"Height":90,"Demand":1,"DemandMax":null,"Value":6840},{"Length":82,"Height":83,"Demand":1,"DemandMax":null,"Value":6806},{"Length":81,"Height":84,"Demand":1,"DemandMax":null,"Value":6804},{"Length":79,"Height":86,"Demand":1,"DemandMax":null,"Value":6794},{"Length":78,"Height":87,"Demand":1,"DemandMax":null,"Value":6786},{"Length":90,"Height":75,"Demand":1,"DemandMax":null,"Value":6750},{"Length":81,"Height":83,"Demand":1,"DemandMax":null,"Value":6723},{"Length":90,"Height":74,"Demand":1,"DemandMax":null,"Value":6660},{"Length":80,"Height":83,"Demand":1,"DemandMax":null,"Value":6640},{"Length":84,"Height":79,"Demand":1,"DemandMax":null,"Value":6636},{"Length":78,"Height":85,"Demand":1,"DemandMax":null,"Value":6630},{"Length":77,"Height":86,"Demand":1,"DemandMax":null,"Value":6622},{"Length":88,"Height":75,"Demand":1,"DemandMax":null,"Value":6600},{"Length":90,"Height":73,"Demand":1,"DemandMax":null,"Value":6570},{"Length":84,"Height":78,"Demand":1,"DemandMax":null,"Value":6552},{"Length":85,"Height":77,"Demand":1,"DemandMax":null,"Value":6545},{"Length":74,"Height":88,"Demand":1,"DemandMax":null,"Value":6512},{"Length":73,"Height":89,"Demand":1,"DemandMax":null,"Value":6497},{"Length":82,"Height":79,"Demand":1,"DemandMax":null,"Value":6478},{"Length":84,"Height":77,"Demand":1,"DemandMax":null,"Value":6468},{"Length":73,"Height":88,"Demand":1,"DemandMax":null,"Value":6424},{"Length":81,"Height":79,"Demand":1,"DemandMax":null,"Value":6399},{"Length":76,"Height":84,"Demand":1,"DemandMax":null,"Value":6384},{"Length":85,"Height":75,"Demand":1,"DemandMax":null,"Value":6375},{"Length":71,"Height":89,"Demand":1,"DemandMax":null,"Value":6319},{"Length":82,"Height":77,"Demand":1,"DemandMax":null,"Value":6314},{"Length":76,"Height":83,"Demand":1,"DemandMax":null,"Value":6308},{"Length":90,"Height":70,"Demand":1,"DemandMax":null,"Value":6300},{"Length":72,"Height":86,"Demand":1,"DemandMax":null,"Value":6192},{"Length":78,"Height":79,"Demand":1,"DemandMax":null,"Value":6162},{"Length":81,"Height":76,"Demand":1,"DemandMax":null,"Value":6156},{"Length":89,"Height":69,"Demand":1,"DemandMax":null,"Value":6141},{"Length":75,"Height":81,"Demand":1,"DemandMax":null,"Value":6075},{"Length":88,"Height":69,"Demand":1,"DemandMax":null,"Value":6072},{"Length":89,"Height":68,"Demand":1,"DemandMax":null,"Value":6052},{"Length":67,"Height":90,"Demand":1,"DemandMax":null,"Value":6030},{"Length":86,"Height":70,"Demand":1,"DemandMax":null,"Value":6020},{"Length":69,"Height":87,"Demand":1,"DemandMax":null,"Value":6003},{"Length":80,"Height":75,"Demand":1,"DemandMax":null,"Value":6000},{"Length":70,"Height":85,"Demand":1,"DemandMax":null,"Value":5950},{"Length":86,"Height":69,"Demand":1,"DemandMax":null,"Value":5934},{"Length":82,"Height":72,"Demand":1,"DemandMax":null,"Value":5904},{"Length":89,"Height":66,"Demand":1,"DemandMax":null,"Value":5874},{"Length":76,"Height":77,"Demand":1,"DemandMax":null,"Value":5852},{"Length":79,"Height":74,"Demand":1,"DemandMax":null,"Value":5846},{"Length":67,"Height":87,"Demand":1,"DemandMax":null,"Value":5829},{"Length":82,"Height":71,"Demand":1,"DemandMax":null,"Value":5822},{"Length":66,"Height":88,"Demand":1,"DemandMax":null,"Value":5808},{"Length":65,"Height":89,"Demand":1,"DemandMax":null,"Value":5785},{"Length":76,"Height":76,"Demand":1,"DemandMax":null,"Value":5776},{"Length":79,"Height":73,"Demand":1,"DemandMax":null,"Value":5767},{"Length":87,"Height":66,"Demand":1,"DemandMax":null,"Value":5742},{"Length":86,"Height":66,"Demand":1,"DemandMax":null,"Value":5676},{"Length":82,"Height":69,"Demand":1,"DemandMax":null,"Value":5658},{"Length":68,"Height":83,"Demand":1,"DemandMax":null,"Value":5644},{"Length":67,"Height":84,"Demand":1,"DemandMax":null,"Value":5628},{"Length":76,"Height":74,"Demand":1,"DemandMax":null,"Value":5624},{"Length":73,"Height":77,"Demand":1,"DemandMax":null,"Value":5621},{"Length":65,"Height":86,"Demand":1,"DemandMax":null,"Value":5590},{"Length":62,"Height":90,"Demand":1,"DemandMax":null,"Value":5580},{"Length":68,"Height":82,"Demand":1,"DemandMax":null,"Value":5576},{"Length":84,"Height":66,"Demand":1,"DemandMax":null,"Value":5544},{"Length":71,"Height":78,"Demand":1,"DemandMax":null,"Value":5538},{"Length":81,"Height":68,"Demand":1,"DemandMax":null,"Value":5508},{"Length":65,"Height":84,"Demand":1,"DemandMax":null,"Value":5460},{"Length":62,"Height":88,"Demand":1,"DemandMax":null,"Value":5456},{"Length":81,"Height":67,"Demand":1,"DemandMax":null,"Value":5427},{"Length":75,"Height":72,"Demand":1,"DemandMax":null,"Value":5400},{"Length":87,"Height":62,"Demand":1,"DemandMax":null,"Value":5394},{"Length":70,"Height":77,"Demand":1,"DemandMax":null,"Value":5390},{"Length":79,"Height":68,"Demand":1,"DemandMax":null,"Value":5372},{"Length":80,"Height":67,"Demand":1,"DemandMax":null,"Value":5360},{"Length":81,"Height":66,"Demand":1,"DemandMax":null,"Value":5346},{"Length":60,"Height":89,"Demand":1,"DemandMax":null,"Value":5340},{"Length":83,"Height":64,"Demand":1,"DemandMax":null,"Value":5312},{"Length":61,"Height":87,"Demand":1,"DemandMax":null,"Value":5307},{"Length":80,"Height":66,"Demand":1,"DemandMax":null,"Value":5280},{"Length":72,"Height":73,"Demand":1,"DemandMax":null,"Value":5256},{"Length":71,"Height":74,"Demand":1,"DemandMax":null,"Value":5254},{"Length":68,"Height":77,"Demand":1,"DemandMax":null,"Value":5236},{"Length":67,"Height":78,"Demand":1,"DemandMax":null,"Value":5226},{"Length":66,"Height":79,"Demand":1,"DemandMax":null,"Value":5214},{"Length":64,"Height":81,"Demand":1,"DemandMax":null,"Value":5184},{"Length":69,"Height":75,"Demand":1,"DemandMax":null,"Value":5175},{"Length":82,"Height":63,"Demand":1,"DemandMax":null,"Value":5166},{"Length":58,"Height":89,"Demand":1,"DemandMax":null,"Value":5162},{"Length":83,"Height":62,"Demand":1,"DemandMax":null,"Value":5146},{"Length":59,"Height":87,"Demand":1,"DemandMax":null,"Value":5133},{"Length":61,"Height":84,"Demand":1,"DemandMax":null,"Value":5124},{"Length":64,"Height":80,"Demand":1,"DemandMax":null,"Value":5120},{"Length":70,"Height":73,"Demand":1,"DemandMax":null,"Value":5110},{"Length":81,"Height":63,"Demand":1,"DemandMax":null,"Value":5103},{"Length":76,"Height":67,"Demand":1,"DemandMax":null,"Value":5092},{"Length":82,"Height":62,"Demand":1,"DemandMax":null,"Value":5084},{"Length":86,"Height":59,"Demand":1,"DemandMax":null,"Value":5074},{"Length":65,"Height":78,"Demand":1,"DemandMax":null,"Value":5070},{"Length":56,"Height":90,"Demand":1,"DemandMax":null,"Value":5040},{"Length":62,"Height":81,"Demand":1,"DemandMax":null,"Value":5022},{"Length":77,"Height":65,"Demand":1,"DemandMax":null,"Value":5005},{"Length":86,"Height":58,"Demand":1,"DemandMax":null,"Value":4988},{"Length":57,"Height":87,"Demand":1,"DemandMax":null,"Value":4959},{"Length":78,"Height":63,"Demand":1,"DemandMax":null,"Value":4914},{"Length":83,"Height":59,"Demand":1,"DemandMax":null,"Value":4897},{"Length":68,"Height":72,"Demand":1,"DemandMax":null,"Value":4896},{"Length":87,"Height":56,"Demand":1,"DemandMax":null,"Value":4872},{"Length":76,"Height":64,"Demand":1,"DemandMax":null,"Value":4864},{"Length":59,"Height":81,"Demand":1,"DemandMax":null,"Value":4779},{"Length":53,"Height":90,"Demand":1,"DemandMax":null,"Value":4770},{"Length":68,"Height":70,"Demand":1,"DemandMax":null,"Value":4760},{"Length":71,"Height":67,"Demand":1,"DemandMax":null,"Value":4757},{"Length":66,"Height":72,"Demand":1,"DemandMax":null,"Value":4752},{"Length":54,"Height":88,"Demand":1,"DemandMax":null,"Value":4752},{"Length":57,"Height":83,"Demand":1,"DemandMax":null,"Value":4731},{"Length":84,"Height":56,"Demand":1,"DemandMax":null,"Value":4704},{"Length":65,"Height":72,"Demand":1,"DemandMax":null,"Value":4680},{"Length":79,"Height":59,"Demand":1,"DemandMax":null,"Value":4661},{"Length":83,"Height":56,"Demand":1,"DemandMax":null,"Value":4648},{"Length":54,"Height":86,"Demand":1,"DemandMax":null,"Value":4644},{"Length":80,"Height":58,"Demand":1,"DemandMax":null,"Value":4640},{"Length":76,"Height":61,"Demand":1,"DemandMax":null,"Value":4636},{"Length":72,"Height":64,"Demand":1,"DemandMax":null,"Value":4608},{"Length":82,"Height":56,"Demand":1,"DemandMax":null,"Value":4592},{"Length":68,"Height":67,"Demand":1,"DemandMax":null,"Value":4556},{"Length":66,"Height":69,"Demand":1,"DemandMax":null,"Value":4554},{"Length":65,"Height":70,"Demand":1,"DemandMax":null,"Value":4550},{"Length":71,"Height":64,"Demand":1,"DemandMax":null,"Value":4544},{"Length":81,"Height":56,"Demand":1,"DemandMax":null,"Value":4536},{"Length":73,"Height":62,"Demand":1,"DemandMax":null,"Value":4526},{"Length":60,"Height":75,"Demand":1,"DemandMax":null,"Value":4500},{"Length":56,"Height":80,"Demand":1,"DemandMax":null,"Value":4480},{"Length":63,"Height":71,"Demand":1,"DemandMax":null,"Value":4473},{"Length":84,"Height":53,"Demand":1,"DemandMax":null,"Value":4452},{"Length":50,"Height":89,"Demand":1,"DemandMax":null,"Value":4450},{"Length":70,"Height":63,"Demand":1,"DemandMax":null,"Value":4410},{"Length":90,"Height":49,"Demand":1,"DemandMax":null,"Value":4410},{"Length":58,"Height":76,"Demand":1,"DemandMax":null,"Value":4408},{"Length":78,"Height":56,"Demand":1,"DemandMax":null,"Value":4368},{"Length":84,"Height":52,"Demand":1,"DemandMax":null,"Value":4368},{"Length":59,"Height":74,"Demand":1,"DemandMax":null,"Value":4366},{"Length":50,"Height":87,"Demand":1,"DemandMax":null,"Value":4350},{"Length":63,"Height":69,"Demand":1,"DemandMax":null,"Value":4347},{"Length":62,"Height":70,"Demand":1,"DemandMax":null,"Value":4340},{"Length":73,"Height":59,"Demand":1,"DemandMax":null,"Value":4307},{"Length":64,"Height":67,"Demand":1,"DemandMax":null,"Value":4288},{"Length":75,"Height":57,"Demand":1,"DemandMax":null,"Value":4275},{"Length":60,"Height":71,"Demand":1,"DemandMax":null,"Value":4260},{"Length":55,"Height":77,"Demand":1,"DemandMax":null,"Value":4235},{"Length":58,"Height":73,"Demand":1,"DemandMax":null,"Value":4234},{"Length":47,"Height":90,"Demand":1,"DemandMax":null,"Value":4230},{"Length":66,"Height":64,"Demand":1,"DemandMax":null,"Value":4224},{"Length":86,"Height":49,"Demand":1,"DemandMax":null,"Value":4214},{"Length":60,"Height":70,"Demand":1,"DemandMax":null,"Value":4200},{"Length":47,"Height":89,"Demand":1,"DemandMax":null,"Value":4183},{"Length":82,"Height":51,"Demand":1,"DemandMax":null,"Value":4182},{"Length":63,"Height":66,"Demand":1,"DemandMax":null,"Value":4158},{"Length":50,"Height":83,"Demand":1,"DemandMax":null,"Value":4150},{"Length":56,"Height":74,"Demand":1,"DemandMax":null,"Value":4144},{"Length":78,"Height":53,"Demand":1,"DemandMax":null,"Value":4134},{"Length":79,"Height":52,"Demand":1,"DemandMax":null,"Value":4108},{"Length":64,"Height":64,"Demand":1,"DemandMax":null,"Value":4096},{"Length":87,"Height":47,"Demand":1,"DemandMax":null,"Value":4089},{"Length":56,"Height":73,"Demand":1,"DemandMax":null,"Value":4088},{"Length":59,"Height":69,"Demand":1,"DemandMax":null,"Value":4071},{"Length":49,"Height":83,"Demand":1,"DemandMax":null,"Value":4067},{"Length":78,"Height":52,"Demand":1,"DemandMax":null,"Value":4056},{"Length":50,"Height":81,"Demand":1,"DemandMax":null,"Value":4050},{"Length":64,"Height":63,"Demand":1,"DemandMax":null,"Value":4032},{"Length":56,"Height":72,"Demand":1,"DemandMax":null,"Value":4032},{"Length":79,"Height":51,"Demand":1,"DemandMax":null,"Value":4029},{"Length":66,"Height":61,"Demand":1,"DemandMax":null,"Value":4026},{"Length":59,"Height":68,"Demand":1,"DemandMax":null,"Value":4012},{"Length":83,"Height":48,"Demand":1,"DemandMax":null,"Value":3984},{"Length":53,"Height":75,"Demand":1,"DemandMax":null,"Value":3975},{"Length":87,"Height":45,"Demand":1,"DemandMax":null,"Value":3915},{"Length":71,"Height":55,"Demand":1,"DemandMax":null,"Value":3905},{"Length":83,"Height":47,"Demand":1,"DemandMax":null,"Value":3901},{"Length":49,"Height":79,"Demand":1,"DemandMax":null,"Value":3871},{"Length":43,"Height":90,"Demand":1,"DemandMax":null,"Value":3870},{"Length":46,"Height":84,"Demand":1,"DemandMax":null,"Value":3864},{"Length":56,"Height":69,"Demand":1,"DemandMax":null,"Value":3864},{"Length":55,"Height":70,"Demand":1,"DemandMax":null,"Value":3850},{"Length":62,"Height":62,"Demand":1,"DemandMax":null,"Value":3844},{"Length":60,"Height":64,"Demand":1,"DemandMax":null,"Value":3840},{"Length":80,"Height":48,"Demand":1,"DemandMax":null,"Value":3840},{"Length":59,"Height":65,"Demand":1,"DemandMax":null,"Value":3835},{"Length":54,"Height":71,"Demand":1,"DemandMax":null,"Value":3834},{"Length":89,"Height":43,"Demand":1,"DemandMax":null,"Value":3827},{"Length":49,"Height":78,"Demand":1,"DemandMax":null,"Value":3822},{"Length":73,"Height":52,"Demand":1,"DemandMax":null,"Value":3796},{"Length":54,"Height":70,"Demand":1,"DemandMax":null,"Value":3780},{"Length":46,"Height":82,"Demand":1,"DemandMax":null,"Value":3772},{"Length":52,"Height":72,"Demand":1,"DemandMax":null,"Value":3744},{"Length":44,"Height":85,"Demand":1,"DemandMax":null,"Value":3740},{"Length":68,"Height":55,"Demand":1,"DemandMax":null,"Value":3740},{"Length":89,"Height":42,"Demand":1,"DemandMax":null,"Value":3738},{"Length":83,"Height":45,"Demand":1,"DemandMax":null,"Value":3735},{"Length":54,"Height":69,"Demand":1,"DemandMax":null,"Value":3726},{"Length":49,"Height":76,"Demand":1,"DemandMax":null,"Value":3724},{"Length":60,"Height":62,"Demand":1,"DemandMax":null,"Value":3720},{"Length":58,"Height":64,"Demand":1,"DemandMax":null,"Value":3712},{"Length":50,"Height":74,"Demand":1,"DemandMax":null,"Value":3700},{"Length":86,"Height":43,"Demand":1,"DemandMax":null,"Value":3698},{"Length":48,"Height":77,"Demand":1,"DemandMax":null,"Value":3696},{"Length":71,"Height":52,"Demand":1,"DemandMax":null,"Value":3692},{"Length":72,"Height":51,"Demand":1,"DemandMax":null,"Value":3672},{"Length":78,"Height":47,"Demand":1,"DemandMax":null,"Value":3666},{"Length":43,"Height":85,"Demand":1,"DemandMax":null,"Value":3655},{"Length":83,"Height":44,"Demand":1,"DemandMax":null,"Value":3652},{"Length":73,"Height":50,"Demand":1,"DemandMax":null,"Value":3650},{"Length":45,"Height":81,"Demand":1,"DemandMax":null,"Value":3645},{"Length":52,"Height":70,"Demand":1,"DemandMax":null,"Value":3640},{"Length":65,"Height":56,"Demand":1,"DemandMax":null,"Value":3640},{"Length":46,"Height":79,"Demand":1,"DemandMax":null,"Value":3634},{"Length":53,"Height":68,"Demand":1,"DemandMax":null,"Value":3604},{"Length":56,"Height":64,"Demand":1,"DemandMax":null,"Value":3584},{"Length":73,"Height":49,"Demand":1,"DemandMax":null,"Value":3577},{"Length":42,"Height":85,"Demand":1,"DemandMax":null,"Value":3570},{"Length":83,"Height":43,"Demand":1,"DemandMax":null,"Value":3569},{"Length":46,"Height":77,"Demand":1,"DemandMax":null,"Value":3542},{"Length":62,"Height":57,"Demand":1,"DemandMax":null,"Value":3534},{"Length":43,"Height":82,"Demand":1,"DemandMax":null,"Value":3526},{"Length":45,"Height":78,"Demand":1,"DemandMax":null,"Value":3510},{"Length":73,"Height":48,"Demand":1,"DemandMax":null,"Value":3504},{"Length":66,"Height":53,"Demand":1,"DemandMax":null,"Value":3498},{"Length":42,"Height":83,"Demand":1,"DemandMax":null,"Value":3486},{"Length":85,"Height":41,"Demand":1,"DemandMax":null,"Value":3485},{"Length":71,"Height":49,"Demand":1,"DemandMax":null,"Value":3479},{"Length":89,"Height":39,"Demand":1,"DemandMax":null,"Value":3471},{"Length":64,"Height":54,"Demand":1,"DemandMax":null,"Value":3456},{"Length":43,"Height":80,"Demand":1,"DemandMax":null,"Value":3440},{"Length":40,"Height":86,"Demand":1,"DemandMax":null,"Value":3440},{"Length":44,"Height":78,"Demand":1,"DemandMax":null,"Value":3432},{"Length":57,"Height":60,"Demand":1,"DemandMax":null,"Value":3420},{"Length":42,"Height":81,"Demand":1,"DemandMax":null,"Value":3402},{"Length":40,"Height":85,"Demand":1,"DemandMax":null,"Value":3400},{"Length":79,"Height":43,"Demand":1,"DemandMax":null,"Value":3397},{"Length":87,"Height":39,"Demand":1,"DemandMax":null,"Value":3393},{"Length":44,"Height":77,"Demand":1,"DemandMax":null,"Value":3388},{"Length":47,"Height":72,"Demand":1,"DemandMax":null,"Value":3384},{"Length":38,"Height":89,"Demand":1,"DemandMax":null,"Value":3382},{"Length":69,"Height":49,"Demand":1,"DemandMax":null,"Value":3381},{"Length":45,"Height":75,"Demand":1,"DemandMax":null,"Value":3375},{"Length":66,"Height":51,"Demand":1,"DemandMax":null,"Value":3366},{"Length":73,"Height":46,"Demand":1,"DemandMax":null,"Value":3358},{"Length":78,"Height":43,"Demand":1,"DemandMax":null,"Value":3354},{"Length":38,"Height":88,"Demand":1,"DemandMax":null,"Value":3344},{"Length":90,"Height":37,"Demand":1,"DemandMax":null,"Value":3330},{"Length":45,"Height":74,"Demand":1,"DemandMax":null,"Value":3330},{"Length":39,"Height":85,"Demand":1,"DemandMax":null,"Value":3315},{"Length":46,"Height":72,"Demand":1,"DemandMax":null,"Value":3312},{"Length":69,"Height":48,"Demand":1,"DemandMax":null,"Value":3312},{"Length":43,"Height":77,"Demand":1,"DemandMax":null,"Value":3311},{"Length":44,"Height":75,"Demand":1,"DemandMax":null,"Value":3300},{"Length":66,"Height":50,"Demand":1,"DemandMax":null,"Value":3300},{"Length":42,"Height":78,"Demand":1,"DemandMax":null,"Value":3276},{"Length":38,"Height":86,"Demand":1,"DemandMax":null,"Value":3268},{"Length":76,"Height":43,"Demand":1,"DemandMax":null,"Value":3268},{"Length":46,"Height":71,"Demand":1,"DemandMax":null,"Value":3266},{"Length":51,"Height":64,"Demand":1,"DemandMax":null,"Value":3264},{"Length":48,"Height":68,"Demand":1,"DemandMax":null,"Value":3264},{"Length":50,"Height":65,"Demand":1,"DemandMax":null,"Value":3250},{"Length":57,"Height":57,"Demand":1,"DemandMax":null,"Value":3249},{"Length":72,"Height":45,"Demand":1,"DemandMax":null,"Value":3240},{"Length":77,"Height":42,"Demand":1,"DemandMax":null,"Value":3234},{"Length":61,"Height":53,"Demand":1,"DemandMax":null,"Value":3233},{"Length":43,"Height":75,"Demand":1,"DemandMax":null,"Value":3225},{"Length":87,"Height":37,"Demand":1,"DemandMax":null,"Value":3219},{"Length":89,"Height":36,"Demand":1,"DemandMax":null,"Value":3204},{"Length":71,"Height":45,"Demand":1,"DemandMax":null,"Value":3195},{"Length":54,"Height":59,"Demand":1,"DemandMax":null,"Value":3186},{"Length":49,"Height":65,"Demand":1,"DemandMax":null,"Value":3185},{"Length":37,"Height":86,"Demand":1,"DemandMax":null,"Value":3182},{"Length":36,"Height":88,"Demand":1,"DemandMax":null,"Value":3168},{"Length":83,"Height":38,"Demand":1,"DemandMax":null,"Value":3154},{"Length":63,"Height":50,"Demand":1,"DemandMax":null,"Value":3150},{"Length":57,"Height":55,"Demand":1,"DemandMax":null,"Value":3135},{"Length":71,"Height":44,"Demand":1,"DemandMax":null,"Value":3124},{"Length":52,"Height":60,"Demand":1,"DemandMax":null,"Value":3120},{"Length":48,"Height":65,"Demand":1,"DemandMax":null,"Value":3120},{"Length":78,"Height":40,"Demand":1,"DemandMax":null,"Value":3120},{"Length":82,"Height":38,"Demand":1,"DemandMax":null,"Value":3116},{"Length":35,"Height":89,"Demand":1,"DemandMax":null,"Value":3115},{"Length":47,"Height":66,"Demand":1,"DemandMax":null,"Value":3102},{"Length":54,"Height":57,"Demand":1,"DemandMax":null,"Value":3078},{"Length":81,"Height":38,"Demand":1,"DemandMax":null,"Value":3078},{"Length":83,"Height":37,"Demand":1,"DemandMax":null,"Value":3071},{"Length":73,"Height":42,"Demand":1,"DemandMax":null,"Value":3066},{"Length":85,"Height":36,"Demand":1,"DemandMax":null,"Value":3060},{"Length":71,"Height":43,"Demand":1,"DemandMax":null,"Value":3053},{"Length":87,"Height":35,"Demand":1,"DemandMax":null,"Value":3045},{"Length":76,"Height":40,"Demand":1,"DemandMax":null,"Value":3040},{"Length":37,"Height":82,"Demand":1,"DemandMax":null,"Value":3034},{"Length":72,"Height":42,"Demand":1,"DemandMax":null,"Value":3024},{"Length":77,"Height":39,"Demand":1,"DemandMax":null,"Value":3003},{"Length":38,"Height":79,"Demand":1,"DemandMax":null,"Value":3002},{"Length":42,"Height":71,"Demand":1,"DemandMax":null,"Value":2982},{"Length":55,"Height":54,"Demand":1,"DemandMax":null,"Value":2970},{"Length":90,"Height":33,"Demand":1,"DemandMax":null,"Value":2970},{"Length":45,"Height":66,"Demand":1,"DemandMax":null,"Value":2970},{"Length":53,"Height":56,"Demand":1,"DemandMax":null,"Value":2968},{"Length":43,"Height":69,"Demand":1,"DemandMax":null,"Value":2967},{"Length":47,"Height":63,"Demand":1,"DemandMax":null,"Value":2961},{"Length":64,"Height":46,"Demand":1,"DemandMax":null,"Value":2944},{"Length":35,"Height":84,"Demand":1,"DemandMax":null,"Value":2940},{"Length":60,"Height":49,"Demand":1,"DemandMax":null,"Value":2940},{"Length":70,"Height":42,"Demand":1,"DemandMax":null,"Value":2940},{"Length":45,"Height":65,"Demand":1,"DemandMax":null,"Value":2925},{"Length":39,"Height":75,"Demand":1,"DemandMax":null,"Value":2925},{"Length":43,"Height":68,"Demand":1,"DemandMax":null,"Value":2924},{"Length":37,"Height":79,"Demand":1,"DemandMax":null,"Value":2923},{"Length":81,"Height":36,"Demand":1,"DemandMax":null,"Value":2916},{"Length":71,"Height":41,"Demand":1,"DemandMax":null,"Value":2911},{"Length":51,"Height":57,"Demand":1,"DemandMax":null,"Value":2907},{"Length":35,"Height":83,"Demand":1,"DemandMax":null,"Value":2905},{"Length":50,"Height":58,"Demand":1,"DemandMax":null,"Value":2900},{"Length":46,"Height":63,"Demand":1,"DemandMax":null,"Value":2898},{"Length":37,"Height":78,"Demand":1,"DemandMax":null,"Value":2886},{"Length":32,"Height":90,"Demand":1,"DemandMax":null,"Value":2880},{"Length":35,"Height":82,"Demand":1,"DemandMax":null,"Value":2870},{"Length":54,"Height":53,"Demand":1,"DemandMax":null,"Value":2862},{"Length":51,"Height":56,"Demand":1,"DemandMax":null,"Value":2856},{"Length":50,"Height":57,"Demand":1,"DemandMax":null,"Value":2850},{"Length":79,"Height":36,"Demand":1,"DemandMax":null,"Value":2844},{"Length":33,"Height":86,"Demand":1,"DemandMax":null,"Value":2838},{"Length":59,"Height":48,"Demand":1,"DemandMax":null,"Value":2832},{"Length":83,"Height":34,"Demand":1,"DemandMax":null,"Value":2822},{"Length":44,"Height":64,"Demand":1,"DemandMax":null,"Value":2816},{"Length":72,"Height":39,"Demand":1,"DemandMax":null,"Value":2808},{"Length":70,"Height":40,"Demand":1,"DemandMax":null,"Value":2800},{"Length":65,"Height":43,"Demand":1,"DemandMax":null,"Value":2795},{"Length":57,"Height":49,"Demand":1,"DemandMax":null,"Value":2793},{"Length":62,"Height":45,"Demand":1,"DemandMax":null,"Value":2790},{"Length":33,"Height":84,"Demand":1,"DemandMax":null,"Value":2772},{"Length":71,"Height":39,"Demand":1,"DemandMax":null,"Value":2769},{"Length":79,"Height":35,"Demand":1,"DemandMax":null,"Value":2765},{"Length":40,"Height":69,"Demand":1,"DemandMax":null,"Value":2760},{"Length":54,"Height":51,"Demand":1,"DemandMax":null,"Value":2754},{"Length":32,"Height":86,"Demand":1,"DemandMax":null,"Value":2752},{"Length":67,"Height":41,"Demand":1,"DemandMax":null,"Value":2747},{"Length":45,"Height":61,"Demand":1,"DemandMax":null,"Value":2745},{"Length":74,"Height":37,"Demand":1,"DemandMax":null,"Value":2738},{"Length":44,"Height":62,"Demand":1,"DemandMax":null,"Value":2728},{"Length":43,"Height":63,"Demand":1,"DemandMax":null,"Value":2709},{"Length":41,"Height":66,"Demand":1,"DemandMax":null,"Value":2706},{"Length":52,"Height":52,"Demand":1,"DemandMax":null,"Value":2704},{"Length":45,"Height":60,"Demand":1,"DemandMax":null,"Value":2700},{"Length":71,"Height":38,"Demand":1,"DemandMax":null,"Value":2698},{"Length":31,"Height":87,"Demand":1,"DemandMax":null,"Value":2697},{"Length":42,"Height":64,"Demand":1,"DemandMax":null,"Value":2688},{"Length":83,"Height":32,"Demand":1,"DemandMax":null,"Value":2656},{"Length":34,"Height":78,"Demand":1,"DemandMax":null,"Value":2652},{"Length":53,"Height":50,"Demand":1,"DemandMax":null,"Value":2650},{"Length":49,"Height":54,"Demand":1,"DemandMax":null,"Value":2646},{"Length":55,"Height":48,"Demand":1,"DemandMax":null,"Value":2640},{"Length":31,"Height":85,"Demand":1,"DemandMax":null,"Value":2635},{"Length":32,"Height":82,"Demand":1,"DemandMax":null,"Value":2624},{"Length":69,"Height":38,"Demand":1,"DemandMax":null,"Value":2622},{"Length":62,"Height":42,"Demand":1,"DemandMax":null,"Value":2604},{"Length":51,"Height":51,"Demand":1,"DemandMax":null,"Value":2601},{"Length":81,"Height":32,"Demand":1,"DemandMax":null,"Value":2592},{"Length":37,"Height":70,"Demand":1,"DemandMax":null,"Value":2590},{"Length":30,"Height":86,"Demand":1,"DemandMax":null,"Value":2580},{"Length":43,"Height":60,"Demand":1,"DemandMax":null,"Value":2580},{"Length":78,"Height":33,"Demand":1,"DemandMax":null,"Value":2574},{"Length":36,"Height":71,"Demand":1,"DemandMax":null,"Value":2556},{"Length":75,"Height":34,"Demand":1,"DemandMax":null,"Value":2550},{"Length":50,"Height":51,"Demand":1,"DemandMax":null,"Value":2550},{"Length":46,"Height":55,"Demand":1,"DemandMax":null,"Value":2530},{"Length":36,"Height":70,"Demand":1,"DemandMax":null,"Value":2520},{"Length":38,"Height":66,"Demand":1,"DemandMax":null,"Value":2508},{"Length":30,"Height":83,"Demand":1,"DemandMax":null,"Value":2490},{"Length":73,"Height":34,"Demand":1,"DemandMax":null,"Value":2482},{"Length":59,"Height":42,"Demand":1,"DemandMax":null,"Value":2478},{"Length":33,"Height":75,"Demand":1,"DemandMax":null,"Value":2475},{"Length":29,"Height":85,"Demand":1,"DemandMax":null,"Value":2465},{"Length":82,"Height":30,"Demand":1,"DemandMax":null,"Value":2460},{"Length":63,"Height":39,"Demand":1,"DemandMax":null,"Value":2457},{"Length":49,"Height":50,"Demand":1,"DemandMax":null,"Value":2450},{"Length":72,"Height":34,"Demand":1,"DemandMax":null,"Value":2448},{"Length":52,"Height":47,"Demand":1,"DemandMax":null,"Value":2444},{"Length":61,"Height":40,"Demand":1,"DemandMax":null,"Value":2440},{"Length":58,"Height":42,"Demand":1,"DemandMax":null,"Value":2436},{"Length":38,"Height":64,"Demand":1,"DemandMax":null,"Value":2432},{"Length":27,"Height":90,"Demand":1,"DemandMax":null,"Value":2430},{"Length":86,"Height":28,"Demand":1,"DemandMax":null,"Value":2408},{"Length":43,"Height":56,"Demand":1,"DemandMax":null,"Value":2408},{"Length":29,"Height":83,"Demand":1,"DemandMax":null,"Value":2407},{"Length":89,"Height":27,"Demand":1,"DemandMax":null,"Value":2403},{"Length":48,"Height":50,"Demand":1,"DemandMax":null,"Value":2400},{"Length":80,"Height":30,"Demand":1,"DemandMax":null,"Value":2400},{"Length":47,"Height":51,"Demand":1,"DemandMax":null,"Value":2397},{"Length":42,"Height":57,"Demand":1,"DemandMax":null,"Value":2394},{"Length":77,"Height":31,"Demand":1,"DemandMax":null,"Value":2387},{"Length":45,"Height":53,"Demand":1,"DemandMax":null,"Value":2385},{"Length":68,"Height":35,"Demand":1,"DemandMax":null,"Value":2380},{"Length":85,"Height":28,"Demand":1,"DemandMax":null,"Value":2380},{"Length":58,"Height":41,"Demand":1,"DemandMax":null,"Value":2378},{"Length":54,"Height":44,"Demand":1,"DemandMax":null,"Value":2376},{"Length":79,"Height":30,"Demand":1,"DemandMax":null,"Value":2370},{"Length":47,"Height":50,"Demand":1,"DemandMax":null,"Value":2350},{"Length":67,"Height":35,"Demand":1,"DemandMax":null,"Value":2345},{"Length":78,"Height":30,"Demand":1,"DemandMax":null,"Value":2340},{"Length":60,"Height":39,"Demand":1,"DemandMax":null,"Value":2340},{"Length":38,"Height":61,"Demand":1,"DemandMax":null,"Value":2318},{"Length":68,"Height":34,"Demand":1,"DemandMax":null,"Value":2312},{"Length":33,"Height":70,"Demand":1,"DemandMax":null,"Value":2310},{"Length":39,"Height":59,"Demand":1,"DemandMax":null,"Value":2301},{"Length":46,"Height":50,"Demand":1,"DemandMax":null,"Value":2300},{"Length":62,"Height":37,"Demand":1,"DemandMax":null,"Value":2294},{"Length":29,"Height":79,"Demand":1,"DemandMax":null,"Value":2291},{"Length":26,"Height":88,"Demand":1,"DemandMax":null,"Value":2288},{"Length":34,"Height":67,"Demand":1,"DemandMax":null,"Value":2278},{"Length":36,"Height":63,"Demand":1,"DemandMax":null,"Value":2268},{"Length":42,"Height":54,"Demand":1,"DemandMax":null,"Value":2268},{"Length":37,"Height":61,"Demand":1,"DemandMax":null,"Value":2257},{"Length":49,"Height":46,"Demand":1,"DemandMax":null,"Value":2254},{"Length":66,"Height":34,"Demand":1,"DemandMax":null,"Value":2244},{"Length":68,"Height":33,"Demand":1,"DemandMax":null,"Value":2244},{"Length":38,"Height":59,"Demand":1,"DemandMax":null,"Value":2242},{"Length":35,"Height":64,"Demand":1,"DemandMax":null,"Value":2240},{"Length":26,"Height":86,"Demand":1,"DemandMax":null,"Value":2236},{"Length":89,"Height":25,"Demand":1,"DemandMax":null,"Value":2225},{"Length":39,"Height":57,"Demand":1,"DemandMax":null,"Value":2223},{"Length":41,"Height":54,"Demand":1,"DemandMax":null,"Value":2214},{"Length":45,"Height":49,"Demand":1,"DemandMax":null,"Value":2205},{"Length":58,"Height":38,"Demand":1,"DemandMax":null,"Value":2204},{"Length":29,"Height":76,"Demand":1,"DemandMax":null,"Value":2204},{"Length":44,"Height":50,"Demand":1,"DemandMax":null,"Value":2200},{"Length":52,"Height":42,"Demand":1,"DemandMax":null,"Value":2184},{"Length":87,"Height":25,"Demand":1,"DemandMax":null,"Value":2175},{"Length":24,"Height":90,"Demand":1,"DemandMax":null,"Value":2160},{"Length":77,"Height":28,"Demand":1,"DemandMax":null,"Value":2156},{"Length":58,"Height":37,"Demand":1,"DemandMax":null,"Value":2146},{"Length":65,"Height":33,"Demand":1,"DemandMax":null,"Value":2145},{"Length":67,"Height":32,"Demand":1,"DemandMax":null,"Value":2144},{"Length":51,"Height":42,"Demand":1,"DemandMax":null,"Value":2142},{"Length":35,"Height":61,"Demand":1,"DemandMax":null,"Value":2135},{"Length":28,"Height":76,"Demand":1,"DemandMax":null,"Value":2128},{"Length":59,"Height":36,"Demand":1,"DemandMax":null,"Value":2124},{"Length":44,"Height":48,"Demand":1,"DemandMax":null,"Value":2112},{"Length":57,"Height":37,"Demand":1,"DemandMax":null,"Value":2109},{"Length":27,"Height":78,"Demand":1,"DemandMax":null,"Value":2106},{"Length":50,"Height":42,"Demand":1,"DemandMax":null,"Value":2100},{"Length":26,"Height":80,"Demand":1,"DemandMax":null,"Value":2080},{"Length":27,"Height":77,"Demand":1,"DemandMax":null,"Value":2079},{"Length":67,"Height":31,"Demand":1,"DemandMax":null,"Value":2077},{"Length":45,"Height":46,"Demand":1,"DemandMax":null,"Value":2070},{"Length":39,"Height":53,"Demand":1,"DemandMax":null,"Value":2067},{"Length":35,"Height":59,"Demand":1,"DemandMax":null,"Value":2065},{"Length":48,"Height":43,"Demand":1,"DemandMax":null,"Value":2064},{"Length":29,"Height":71,"Demand":1,"DemandMax":null,"Value":2059},{"Length":33,"Height":62,"Demand":1,"DemandMax":null,"Value":2046},{"Length":60,"Height":34,"Demand":1,"DemandMax":null,"Value":2040},{"Length":85,"Height":24,"Demand":1,"DemandMax":null,"Value":2040},{"Length":30,"Height":68,"Demand":1,"DemandMax":null,"Value":2040},{"Length":58,"Height":35,"Demand":1,"DemandMax":null,"Value":2030},{"Length":84,"Height":24,"Demand":1,"DemandMax":null,"Value":2016},{"Length":48,"Height":42,"Demand":1,"DemandMax":null,"Value":2016},{"Length":87,"Height":23,"Demand":1,"DemandMax":null,"Value":2001},{"Length":62,"Height":32,"Demand":1,"DemandMax":null,"Value":1984},{"Length":90,"Height":22,"Demand":1,"DemandMax":null,"Value":1980},{"Length":44,"Height":45,"Demand":1,"DemandMax":null,"Value":1980},{"Length":55,"Height":36,"Demand":1,"DemandMax":null,"Value":1980},{"Length":52,"Height":38,"Demand":1,"DemandMax":null,"Value":1976},{"Length":42,"Height":47,"Demand":1,"DemandMax":null,"Value":1974},{"Length":29,"Height":68,"Demand":1,"DemandMax":null,"Value":1972},{"Length":31,"Height":63,"Demand":1,"DemandMax":null,"Value":1953},{"Length":67,"Height":29,"Demand":1,"DemandMax":null,"Value":1943},{"Length":22,"Height":88,"Demand":1,"DemandMax":null,"Value":1936},{"Length":23,"Height":84,"Demand":1,"DemandMax":null,"Value":1932},{"Length":46,"Height":42,"Demand":1,"DemandMax":null,"Value":1932},{"Length":62,"Height":31,"Demand":1,"DemandMax":null,"Value":1922},{"Length":24,"Height":80,"Demand":1,"DemandMax":null,"Value":1920},{"Length":79,"Height":24,"Demand":1,"DemandMax":null,"Value":1896},{"Length":63,"Height":30,"Demand":1,"DemandMax":null,"Value":1890},{"Length":27,"Height":70,"Demand":1,"DemandMax":null,"Value":1890},{"Length":51,"Height":37,"Demand":1,"DemandMax":null,"Value":1887},{"Length":25,"Height":75,"Demand":1,"DemandMax":null,"Value":1875},{"Length":22,"Height":85,"Demand":1,"DemandMax":null,"Value":1870},{"Length":60,"Height":31,"Demand":1,"DemandMax":null,"Value":1860},{"Length":30,"Height":62,"Demand":1,"DemandMax":null,"Value":1860},{"Length":32,"Height":58,"Demand":1,"DemandMax":null,"Value":1856},{"Length":29,"Height":64,"Demand":1,"DemandMax":null,"Value":1856},{"Length":25,"Height":74,"Demand":1,"DemandMax":null,"Value":1850},{"Length":43,"Height":43,"Demand":1,"DemandMax":null,"Value":1849},{"Length":21,"Height":88,"Demand":1,"DemandMax":null,"Value":1848},{"Length":24,"Height":77,"Demand":1,"DemandMax":null,"Value":1848},{"Length":28,"Height":66,"Demand":1,"DemandMax":null,"Value":1848},{"Length":56,"Height":33,"Demand":1,"DemandMax":null,"Value":1848},{"Length":22,"Height":84,"Demand":1,"DemandMax":null,"Value":1848},{"Length":41,"Height":45,"Demand":1,"DemandMax":null,"Value":1845},{"Length":23,"Height":80,"Demand":1,"DemandMax":null,"Value":1840},{"Length":54,"Height":34,"Demand":1,"DemandMax":null,"Value":1836},{"Length":27,"Height":68,"Demand":1,"DemandMax":null,"Value":1836},{"Length":47,"Height":39,"Demand":1,"DemandMax":null,"Value":1833},{"Length":25,"Height":73,"Demand":1,"DemandMax":null,"Value":1825},{"Length":26,"Height":70,"Demand":1,"DemandMax":null,"Value":1820},{"Length":79,"Height":23,"Demand":1,"DemandMax":null,"Value":1817},{"Length":43,"Height":42,"Demand":1,"DemandMax":null,"Value":1806},{"Length":30,"Height":60,"Demand":1,"DemandMax":null,"Value":1800},{"Length":75,"Height":24,"Demand":1,"DemandMax":null,"Value":1800},{"Length":36,"Height":50,"Demand":1,"DemandMax":null,"Value":1800},{"Length":20,"Height":90,"Demand":1,"DemandMax":null,"Value":1800},{"Length":28,"Height":64,"Demand":1,"DemandMax":null,"Value":1792},{"Length":89,"Height":20,"Demand":1,"DemandMax":null,"Value":1780},{"Length":61,"Height":29,"Demand":1,"DemandMax":null,"Value":1769},{"Length":28,"Height":63,"Demand":1,"DemandMax":null,"Value":1764},{"Length":73,"Height":24,"Demand":1,"DemandMax":null,"Value":1752},{"Length":50,"Height":35,"Demand":1,"DemandMax":null,"Value":1750},{"Length":46,"Height":38,"Demand":1,"DemandMax":null,"Value":1748},{"Length":83,"Height":21,"Demand":1,"DemandMax":null,"Value":1743},{"Length":60,"Height":29,"Demand":1,"DemandMax":null,"Value":1740},{"Length":20,"Height":87,"Demand":1,"DemandMax":null,"Value":1740},{"Length":62,"Height":28,"Demand":1,"DemandMax":null,"Value":1736},{"Length":51,"Height":34,"Demand":1,"DemandMax":null,"Value":1734},{"Length":36,"Height":48,"Demand":1,"DemandMax":null,"Value":1728},{"Length":25,"Height":69,"Demand":1,"DemandMax":null,"Value":1725},{"Length":26,"Height":66,"Demand":1,"DemandMax":null,"Value":1716},{"Length":57,"Height":30,"Demand":1,"DemandMax":null,"Value":1710},{"Length":74,"Height":23,"Demand":1,"DemandMax":null,"Value":1702},{"Length":85,"Height":20,"Demand":1,"DemandMax":null,"Value":1700},{"Length":77,"Height":22,"Demand":1,"DemandMax":null,"Value":1694},{"Length":20,"Height":84,"Demand":1,"DemandMax":null,"Value":1680},{"Length":24,"Height":70,"Demand":1,"DemandMax":null,"Value":1680},{"Length":40,"Height":42,"Demand":1,"DemandMax":null,"Value":1680},{"Length":39,"Height":43,"Demand":1,"DemandMax":null,"Value":1677},{"Length":26,"Height":64,"Demand":1,"DemandMax":null,"Value":1664},{"Length":19,"Height":87,"Demand":1,"DemandMax":null,"Value":1653},{"Length":61,"Height":27,"Demand":1,"DemandMax":null,"Value":1647},{"Length":31,"Height":53,"Demand":1,"DemandMax":null,"Value":1643},{"Length":21,"Height":78,"Demand":1,"DemandMax":null,"Value":1638},{"Length":26,"Height":63,"Demand":1,"DemandMax":null,"Value":1638},{"Length":34,"Height":48,"Demand":1,"DemandMax":null,"Value":1632},{"Length":51,"Height":32,"Demand":1,"DemandMax":null,"Value":1632},{"Length":25,"Height":65,"Demand":1,"DemandMax":null,"Value":1625},{"Length":29,"Height":56,"Demand":1,"DemandMax":null,"Value":1624},{"Length":27,"Height":60,"Demand":1,"DemandMax":null,"Value":1620},{"Length":77,"Height":21,"Demand":1,"DemandMax":null,"Value":1617},{"Length":31,"Height":52,"Demand":1,"DemandMax":null,"Value":1612},{"Length":35,"Height":46,"Demand":1,"DemandMax":null,"Value":1610},{"Length":76,"Height":21,"Demand":1,"DemandMax":null,"Value":1596},{"Length":29,"Height":55,"Demand":1,"DemandMax":null,"Value":1595},{"Length":37,"Height":43,"Demand":1,"DemandMax":null,"Value":1591},{"Length":23,"Height":69,"Demand":1,"DemandMax":null,"Value":1587},{"Length":72,"Height":22,"Demand":1,"DemandMax":null,"Value":1584},{"Length":31,"Height":51,"Demand":1,"DemandMax":null,"Value":1581},{"Length":87,"Height":18,"Demand":1,"DemandMax":null,"Value":1566},{"Length":68,"Height":23,"Demand":1,"DemandMax":null,"Value":1564},{"Length":26,"Height":60,"Demand":1,"DemandMax":null,"Value":1560},{"Length":39,"Height":40,"Demand":1,"DemandMax":null,"Value":1560},{"Length":42,"Height":37,"Demand":1,"DemandMax":null,"Value":1554},{"Length":43,"Height":36,"Demand":1,"DemandMax":null,"Value":1548},{"Length":67,"Height":23,"Demand":1,"DemandMax":null,"Value":1541},{"Length":20,"Height":77,"Demand":1,"DemandMax":null,"Value":1540},{"Length":22,"Height":70,"Demand":1,"DemandMax":null,"Value":1540},{"Length":35,"Height":44,"Demand":1,"DemandMax":null,"Value":1540},{"Length":81,"Height":19,"Demand":1,"DemandMax":null,"Value":1539},{"Length":85,"Height":18,"Demand":1,"DemandMax":null,"Value":1530},{"Length":25,"Height":61,"Demand":1,"DemandMax":null,"Value":1525},{"Length":39,"Height":39,"Demand":1,"DemandMax":null,"Value":1521},{"Length":41,"Height":37,"Demand":1,"DemandMax":null,"Value":1517},{"Length":63,"Height":24,"Demand":1,"DemandMax":null,"Value":1512},{"Length":58,"Height":26,"Demand":1,"DemandMax":null,"Value":1508},{"Length":29,"Height":52,"Demand":1,"DemandMax":null,"Value":1508},{"Length":35,"Height":43,"Demand":1,"DemandMax":null,"Value":1505},{"Length":60,"Height":25,"Demand":1,"DemandMax":null,"Value":1500},{"Length":83,"Height":18,"Demand":1,"DemandMax":null,"Value":1494},{"Length":31,"Height":48,"Demand":1,"DemandMax":null,"Value":1488},{"Length":19,"Height":78,"Demand":1,"DemandMax":null,"Value":1482},{"Length":51,"Height":29,"Demand":1,"DemandMax":null,"Value":1479},{"Length":87,"Height":17,"Demand":1,"DemandMax":null,"Value":1479},{"Length":18,"Height":82,"Demand":1,"DemandMax":null,"Value":1476},{"Length":32,"Height":46,"Demand":1,"DemandMax":null,"Value":1472},{"Length":70,"Height":21,"Demand":1,"DemandMax":null,"Value":1470},{"Length":24,"Height":61,"Demand":1,"DemandMax":null,"Value":1464},{"Length":81,"Height":18,"Demand":1,"DemandMax":null,"Value":1458},{"Length":28,"Height":52,"Demand":1,"DemandMax":null,"Value":1456},{"Length":21,"Height":69,"Demand":1,"DemandMax":null,"Value":1449},{"Length":85,"Height":17,"Demand":1,"DemandMax":null,"Value":1445},{"Length":45,"Height":32,"Demand":1,"DemandMax":null,"Value":1440},{"Length":35,"Height":41,"Demand":1,"DemandMax":null,"Value":1435},{"Length":65,"Height":22,"Demand":1,"DemandMax":null,"Value":1430},{"Length":21,"Height":68,"Demand":1,"DemandMax":null,"Value":1428},{"Length":29,"Height":49,"Demand":1,"DemandMax":null,"Value":1421},{"Length":33,"Height":43,"Demand":1,"DemandMax":null,"Value":1419},{"Length":47,"Height":30,"Demand":1,"DemandMax":null,"Value":1410},{"Length":67,"Height":21,"Demand":1,"DemandMax":null,"Value":1407},{"Length":82,"Height":17,"Demand":1,"DemandMax":null,"Value":1394},{"Length":24,"Height":58,"Demand":1,"DemandMax":null,"Value":1392},{"Length":73,"Height":19,"Demand":1,"DemandMax":null,"Value":1387},{"Length":33,"Height":42,"Demand":1,"DemandMax":null,"Value":1386},{"Length":22,"Height":63,"Demand":1,"DemandMax":null,"Value":1386},{"Length":21,"Height":66,"Demand":1,"DemandMax":null,"Value":1386},{"Length":30,"Height":46,"Demand":1,"DemandMax":null,"Value":1380},{"Length":81,"Height":17,"Demand":1,"DemandMax":null,"Value":1377},{"Length":51,"Height":27,"Demand":1,"DemandMax":null,"Value":1377},{"Length":38,"Height":36,"Demand":1,"DemandMax":null,"Value":1368},{"Length":18,"Height":76,"Demand":1,"DemandMax":null,"Value":1368},{"Length":31,"Height":44,"Demand":1,"DemandMax":null,"Value":1364},{"Length":85,"Height":16,"Demand":1,"DemandMax":null,"Value":1360},{"Length":84,"Height":16,"Demand":1,"DemandMax":null,"Value":1344},{"Length":31,"Height":43,"Demand":1,"DemandMax":null,"Value":1333},{"Length":37,"Height":36,"Demand":1,"DemandMax":null,"Value":1332},{"Length":20,"Height":66,"Demand":1,"DemandMax":null,"Value":1320},{"Length":47,"Height":28,"Demand":1,"DemandMax":null,"Value":1316},{"Length":27,"Height":48,"Demand":1,"DemandMax":null,"Value":1296},{"Length":35,"Height":37,"Demand":1,"DemandMax":null,"Value":1295},{"Length":39,"Height":33,"Demand":1,"DemandMax":null,"Value":1287},{"Length":80,"Height":16,"Demand":1,"DemandMax":null,"Value":1280},{"Length":58,"Height":22,"Demand":1,"DemandMax":null,"Value":1276},{"Length":85,"Height":15,"Demand":1,"DemandMax":null,"Value":1275},{"Length":19,"Height":67,"Demand":1,"DemandMax":null,"Value":1273},{"Length":30,"Height":42,"Demand":1,"DemandMax":null,"Value":1260},{"Length":45,"Height":28,"Demand":1,"DemandMax":null,"Value":1260},{"Length":37,"Height":34,"Demand":1,"DemandMax":null,"Value":1258},{"Length":38,"Height":33,"Demand":1,"DemandMax":null,"Value":1254},{"Length":73,"Height":17,"Demand":1,"DemandMax":null,"Value":1241},{"Length":21,"Height":59,"Demand":1,"DemandMax":null,"Value":1239},{"Length":65,"Height":19,"Demand":1,"DemandMax":null,"Value":1235},{"Length":16,"Height":77,"Demand":1,"DemandMax":null,"Value":1232},{"Length":28,"Height":44,"Demand":1,"DemandMax":null,"Value":1232},{"Length":56,"Height":22,"Demand":1,"DemandMax":null,"Value":1232},{"Length":24,"Height":51,"Demand":1,"DemandMax":null,"Value":1224},{"Length":72,"Height":17,"Demand":1,"DemandMax":null,"Value":1224},{"Length":21,"Height":58,"Demand":1,"DemandMax":null,"Value":1218},{"Length":87,"Height":14,"Demand":1,"DemandMax":null,"Value":1218},{"Length":16,"Height":76,"Demand":1,"DemandMax":null,"Value":1216},{"Length":45,"Height":27,"Demand":1,"DemandMax":null,"Value":1215},{"Length":14,"Height":86,"Demand":1,"DemandMax":null,"Value":1204},{"Length":21,"Height":57,"Demand":1,"DemandMax":null,"Value":1197},{"Length":46,"Height":26,"Demand":1,"DemandMax":null,"Value":1196},{"Length":14,"Height":85,"Demand":1,"DemandMax":null,"Value":1190},{"Length":17,"Height":70,"Demand":1,"DemandMax":null,"Value":1190},{"Length":33,"Height":36,"Demand":1,"DemandMax":null,"Value":1188},{"Length":44,"Height":27,"Demand":1,"DemandMax":null,"Value":1188},{"Length":22,"Height":54,"Demand":1,"DemandMax":null,"Value":1188},{"Length":16,"Height":74,"Demand":1,"DemandMax":null,"Value":1184},{"Length":31,"Height":38,"Demand":1,"DemandMax":null,"Value":1178},{"Length":84,"Height":14,"Demand":1,"DemandMax":null,"Value":1176},{"Length":78,"Height":15,"Demand":1,"DemandMax":null,"Value":1170},{"Length":18,"Height":65,"Demand":1,"DemandMax":null,"Value":1170},{"Length":39,"Height":30,"Demand":1,"DemandMax":null,"Value":1170},{"Length":90,"Height":13,"Demand":1,"DemandMax":null,"Value":1170},{"Length":73,"Height":16,"Demand":1,"DemandMax":null,"Value":1168},{"Length":22,"Height":53,"Demand":1,"DemandMax":null,"Value":1166},{"Length":29,"Height":40,"Demand":1,"DemandMax":null,"Value":1160},{"Length":19,"Height":61,"Demand":1,"DemandMax":null,"Value":1159},{"Length":48,"Height":24,"Demand":1,"DemandMax":null,"Value":1152},{"Length":31,"Height":37,"Demand":1,"DemandMax":null,"Value":1147},{"Length":52,"Height":22,"Demand":1,"DemandMax":null,"Value":1144},{"Length":13,"Height":88,"Demand":1,"DemandMax":null,"Value":1144},{"Length":20,"Height":57,"Demand":1,"DemandMax":null,"Value":1140},{"Length":39,"Height":29,"Demand":1,"DemandMax":null,"Value":1131},{"Length":87,"Height":13,"Demand":1,"DemandMax":null,"Value":1131},{"Length":47,"Height":24,"Demand":1,"DemandMax":null,"Value":1128},{"Length":66,"Height":17,"Demand":1,"DemandMax":null,"Value":1122},{"Length":40,"Height":28,"Demand":1,"DemandMax":null,"Value":1120},{"Length":27,"Height":41,"Demand":1,"DemandMax":null,"Value":1107},{"Length":79,"Height":14,"Demand":1,"DemandMax":null,"Value":1106},{"Length":13,"Height":85,"Demand":1,"DemandMax":null,"Value":1105},{"Length":23,"Height":48,"Demand":1,"DemandMax":null,"Value":1104},{"Length":44,"Height":25,"Demand":1,"DemandMax":null,"Value":1100},{"Length":20,"Height":55,"Demand":1,"DemandMax":null,"Value":1100},{"Length":16,"Height":68,"Demand":1,"DemandMax":null,"Value":1088},{"Length":24,"Height":45,"Demand":1,"DemandMax":null,"Value":1080},{"Length":12,"Height":90,"Demand":1,"DemandMax":null,"Value":1080},{"Length":20,"Height":54,"Demand":1,"DemandMax":null,"Value":1080},{"Length":37,"Height":29,"Demand":1,"DemandMax":null,"Value":1073},{"Length":13,"Height":82,"Demand":1,"DemandMax":null,"Value":1066},{"Length":56,"Height":19,"Demand":1,"DemandMax":null,"Value":1064},{"Length":20,"Height":53,"Demand":1,"DemandMax":null,"Value":1060},{"Length":22,"Height":48,"Demand":1,"DemandMax":null,"Value":1056},{"Length":17,"Height":62,"Demand":1,"DemandMax":null,"Value":1054},{"Length":13,"Height":81,"Demand":1,"DemandMax":null,"Value":1053},{"Length":16,"Height":65,"Demand":1,"DemandMax":null,"Value":1040},{"Length":40,"Height":26,"Demand":1,"DemandMax":null,"Value":1040},{"Length":17,"Height":61,"Demand":1,"DemandMax":null,"Value":1037},{"Length":23,"Height":45,"Demand":1,"DemandMax":null,"Value":1035},{"Length":86,"Height":12,"Demand":1,"DemandMax":null,"Value":1032},{"Length":49,"Height":21,"Demand":1,"DemandMax":null,"Value":1029},{"Length":31,"Height":33,"Demand":1,"DemandMax":null,"Value":1023},{"Length":30,"Height":34,"Demand":1,"DemandMax":null,"Value":1020},{"Length":63,"Height":16,"Demand":1,"DemandMax":null,"Value":1008},{"Length":25,"Height":40,"Demand":1,"DemandMax":null,"Value":1000},{"Length":20,"Height":50,"Demand":1,"DemandMax":null,"Value":1000},{"Length":16,"Height":62,"Demand":1,"DemandMax":null,"Value":992},{"Length":32,"Height":31,"Demand":1,"DemandMax":null,"Value":992},{"Length":33,"Height":30,"Demand":1,"DemandMax":null,"Value":990},{"Length":66,"Height":15,"Demand":1,"DemandMax":null,"Value":990},{"Length":76,"Height":13,"Demand":1,"DemandMax":null,"Value":988},{"Length":29,"Height":34,"Demand":1,"DemandMax":null,"Value":986},{"Length":70,"Height":14,"Demand":1,"DemandMax":null,"Value":980},{"Length":89,"Height":11,"Demand":1,"DemandMax":null,"Value":979},{"Length":65,"Height":15,"Demand":1,"DemandMax":null,"Value":975},{"Length":39,"Height":25,"Demand":1,"DemandMax":null,"Value":975},{"Length":36,"Height":27,"Demand":1,"DemandMax":null,"Value":972},{"Length":57,"Height":17,"Demand":1,"DemandMax":null,"Value":969},{"Length":19,"Height":51,"Demand":1,"DemandMax":null,"Value":969},{"Length":21,"Height":46,"Demand":1,"DemandMax":null,"Value":966},{"Length":15,"Height":64,"Demand":1,"DemandMax":null,"Value":960},{"Length":29,"Height":33,"Demand":1,"DemandMax":null,"Value":957},{"Length":17,"Height":56,"Demand":1,"DemandMax":null,"Value":952},{"Length":19,"Height":50,"Demand":1,"DemandMax":null,"Value":950},{"Length":22,"Height":43,"Demand":1,"DemandMax":null,"Value":946},{"Length":27,"Height":35,"Demand":1,"DemandMax":null,"Value":945},{"Length":63,"Height":15,"Demand":1,"DemandMax":null,"Value":945},{"Length":23,"Height":41,"Demand":1,"DemandMax":null,"Value":943},{"Length":14,"Height":67,"Demand":1,"DemandMax":null,"Value":938},{"Length":11,"Height":85,"Demand":1,"DemandMax":null,"Value":935},{"Length":32,"Height":29,"Demand":1,"DemandMax":null,"Value":928},{"Length":71,"Height":13,"Demand":1,"DemandMax":null,"Value":923},{"Length":23,"Height":40,"Demand":1,"DemandMax":null,"Value":920},{"Length":20,"Height":46,"Demand":1,"DemandMax":null,"Value":920},{"Length":34,"Height":27,"Demand":1,"DemandMax":null,"Value":918},{"Length":48,"Height":19,"Demand":1,"DemandMax":null,"Value":912},{"Length":36,"Height":25,"Demand":1,"DemandMax":null,"Value":900},{"Length":18,"Height":50,"Demand":1,"DemandMax":null,"Value":900},{"Length":15,"Height":60,"Demand":1,"DemandMax":null,"Value":900},{"Length":23,"Height":39,"Demand":1,"DemandMax":null,"Value":897},{"Length":13,"Height":69,"Demand":1,"DemandMax":null,"Value":897},{"Length":14,"Height":64,"Demand":1,"DemandMax":null,"Value":896},{"Length":47,"Height":19,"Demand":1,"DemandMax":null,"Value":893},{"Length":81,"Height":11,"Demand":1,"DemandMax":null,"Value":891},{"Length":27,"Height":33,"Demand":1,"DemandMax":null,"Value":891},{"Length":24,"Height":37,"Demand":1,"DemandMax":null,"Value":888},{"Length":20,"Height":44,"Demand":1,"DemandMax":null,"Value":880},{"Length":38,"Height":23,"Demand":1,"DemandMax":null,"Value":874},{"Length":13,"Height":67,"Demand":1,"DemandMax":null,"Value":871},{"Length":10,"Height":87,"Demand":1,"DemandMax":null,"Value":870},{"Length":79,"Height":11,"Demand":1,"DemandMax":null,"Value":869},{"Length":31,"Height":28,"Demand":1,"DemandMax":null,"Value":868},{"Length":21,"Height":41,"Demand":1,"DemandMax":null,"Value":861},{"Length":20,"Height":43,"Demand":1,"DemandMax":null,"Value":860},{"Length":11,"Height":78,"Demand":1,"DemandMax":null,"Value":858},{"Length":19,"Height":45,"Demand":1,"DemandMax":null,"Value":855},{"Length":15,"Height":57,"Demand":1,"DemandMax":null,"Value":855},{"Length":37,"Height":23,"Demand":1,"DemandMax":null,"Value":851},{"Length":25,"Height":34,"Demand":1,"DemandMax":null,"Value":850},{"Length":30,"Height":28,"Demand":1,"DemandMax":null,"Value":840},{"Length":19,"Height":44,"Demand":1,"DemandMax":null,"Value":836},{"Length":52,"Height":16,"Demand":1,"DemandMax":null,"Value":832},{"Length":83,"Height":10,"Demand":1,"DemandMax":null,"Value":830},{"Length":12,"Height":69,"Demand":1,"DemandMax":null,"Value":828},{"Length":39,"Height":21,"Demand":1,"DemandMax":null,"Value":819},{"Length":24,"Height":34,"Demand":1,"DemandMax":null,"Value":816},{"Length":68,"Height":12,"Demand":1,"DemandMax":null,"Value":816},{"Length":51,"Height":16,"Demand":1,"DemandMax":null,"Value":816},{"Length":13,"Height":62,"Demand":1,"DemandMax":null,"Value":806},{"Length":35,"Height":23,"Demand":1,"DemandMax":null,"Value":805},{"Length":80,"Height":10,"Demand":1,"DemandMax":null,"Value":800},{"Length":40,"Height":20,"Demand":1,"DemandMax":null,"Value":800},{"Length":42,"Height":19,"Demand":1,"DemandMax":null,"Value":798},{"Length":12,"Height":66,"Demand":1,"DemandMax":null,"Value":792},{"Length":65,"Height":12,"Demand":1,"DemandMax":null,"Value":780},{"Length":52,"Height":15,"Demand":1,"DemandMax":null,"Value":780},{"Length":20,"Height":39,"Demand":1,"DemandMax":null,"Value":780},{"Length":18,"Height":43,"Demand":1,"DemandMax":null,"Value":774},{"Length":55,"Height":14,"Demand":1,"DemandMax":null,"Value":770},{"Length":22,"Height":35,"Demand":1,"DemandMax":null,"Value":770},{"Length":12,"Height":64,"Demand":1,"DemandMax":null,"Value":768},{"Length":59,"Height":13,"Demand":1,"DemandMax":null,"Value":767},{"Length":45,"Height":17,"Demand":1,"DemandMax":null,"Value":765},{"Length":10,"Height":76,"Demand":1,"DemandMax":null,"Value":760},{"Length":12,"Height":63,"Demand":1,"DemandMax":null,"Value":756},{"Length":58,"Height":13,"Demand":1,"DemandMax":null,"Value":754},{"Length":31,"Height":24,"Demand":1,"DemandMax":null,"Value":744},{"Length":23,"Height":32,"Demand":1,"DemandMax":null,"Value":736},{"Length":10,"Height":73,"Demand":1,"DemandMax":null,"Value":730},{"Length":52,"Height":14,"Demand":1,"DemandMax":null,"Value":728},{"Length":26,"Height":28,"Demand":1,"DemandMax":null,"Value":728},{"Length":11,"Height":66,"Demand":1,"DemandMax":null,"Value":726},{"Length":20,"Height":36,"Demand":1,"DemandMax":null,"Value":720},{"Length":12,"Height":60,"Demand":1,"DemandMax":null,"Value":720},{"Length":13,"Height":55,"Demand":1,"DemandMax":null,"Value":715},{"Length":14,"Height":51,"Demand":1,"DemandMax":null,"Value":714},{"Length":47,"Height":15,"Demand":1,"DemandMax":null,"Value":705},{"Length":88,"Height":8,"Demand":1,"DemandMax":null,"Value":704},{"Length":13,"Height":54,"Demand":1,"DemandMax":null,"Value":702},{"Length":27,"Height":26,"Demand":1,"DemandMax":null,"Value":702},{"Length":35,"Height":20,"Demand":1,"DemandMax":null,"Value":700},{"Length":14,"Height":50,"Demand":1,"DemandMax":null,"Value":700},{"Length":58,"Height":12,"Demand":1,"DemandMax":null,"Value":696},{"Length":24,"Height":29,"Demand":1,"DemandMax":null,"Value":696},{"Length":87,"Height":8,"Demand":1,"DemandMax":null,"Value":696},{"Length":33,"Height":21,"Demand":1,"DemandMax":null,"Value":693},{"Length":43,"Height":16,"Demand":1,"DemandMax":null,"Value":688},{"Length":9,"Height":76,"Demand":1,"DemandMax":null,"Value":684},{"Length":11,"Height":62,"Demand":1,"DemandMax":null,"Value":682},{"Length":31,"Height":22,"Demand":1,"DemandMax":null,"Value":682},{"Length":34,"Height":20,"Demand":1,"DemandMax":null,"Value":680},{"Length":24,"Height":28,"Demand":1,"DemandMax":null,"Value":672},{"Length":13,"Height":51,"Demand":1,"DemandMax":null,"Value":663},{"Length":55,"Height":12,"Demand":1,"DemandMax":null,"Value":660},{"Length":66,"Height":10,"Demand":1,"DemandMax":null,"Value":660},{"Length":60,"Height":11,"Demand":1,"DemandMax":null,"Value":660},{"Length":33,"Height":20,"Demand":1,"DemandMax":null,"Value":660},{"Length":41,"Height":16,"Demand":1,"DemandMax":null,"Value":656},{"Length":82,"Height":8,"Demand":1,"DemandMax":null,"Value":656},{"Length":18,"Height":36,"Demand":1,"DemandMax":null,"Value":648},{"Length":12,"Height":54,"Demand":1,"DemandMax":null,"Value":648},{"Length":17,"Height":38,"Demand":1,"DemandMax":null,"Value":646},{"Length":14,"Height":46,"Demand":1,"DemandMax":null,"Value":644},{"Length":64,"Height":10,"Demand":1,"DemandMax":null,"Value":640},{"Length":40,"Height":16,"Demand":1,"DemandMax":null,"Value":640},{"Length":12,"Height":53,"Demand":1,"DemandMax":null,"Value":636},{"Length":42,"Height":15,"Demand":1,"DemandMax":null,"Value":630},{"Length":11,"Height":57,"Demand":1,"DemandMax":null,"Value":627},{"Length":25,"Height":25,"Demand":1,"DemandMax":null,"Value":625},{"Length":26,"Height":24,"Demand":1,"DemandMax":null,"Value":624},{"Length":12,"Height":52,"Demand":1,"DemandMax":null,"Value":624},{"Length":27,"Height":23,"Demand":1,"DemandMax":null,"Value":621},{"Length":31,"Height":20,"Demand":1,"DemandMax":null,"Value":620},{"Length":15,"Height":41,"Demand":1,"DemandMax":null,"Value":615},{"Length":18,"Height":34,"Demand":1,"DemandMax":null,"Value":612},{"Length":47,"Height":13,"Demand":1,"DemandMax":null,"Value":611},{"Length":87,"Height":7,"Demand":1,"DemandMax":null,"Value":609},{"Length":16,"Height":38,"Demand":1,"DemandMax":null,"Value":608},{"Length":7,"Height":86,"Demand":1,"DemandMax":null,"Value":602},{"Length":24,"Height":25,"Demand":1,"DemandMax":null,"Value":600},{"Length":75,"Height":8,"Demand":1,"DemandMax":null,"Value":600},{"Length":20,"Height":30,"Demand":1,"DemandMax":null,"Value":600},{"Length":12,"Height":50,"Demand":1,"DemandMax":null,"Value":600},{"Length":15,"Height":40,"Demand":1,"DemandMax":null,"Value":600},{"Length":33,"Height":18,"Demand":1,"DemandMax":null,"Value":594},{"Length":31,"Height":19,"Demand":1,"DemandMax":null,"Value":589},{"Length":42,"Height":14,"Demand":1,"DemandMax":null,"Value":588},{"Length":7,"Height":84,"Demand":1,"DemandMax":null,"Value":588},{"Length":21,"Height":28,"Demand":1,"DemandMax":null,"Value":588},{"Length":39,"Height":15,"Demand":1,"DemandMax":null,"Value":585},{"Length":53,"Height":11,"Demand":1,"DemandMax":null,"Value":583},{"Length":16,"Height":36,"Demand":1,"DemandMax":null,"Value":576},{"Length":41,"Height":14,"Demand":1,"DemandMax":null,"Value":574},{"Length":7,"Height":82,"Demand":1,"DemandMax":null,"Value":574},{"Length":19,"Height":30,"Demand":1,"DemandMax":null,"Value":570},{"Length":21,"Height":27,"Demand":1,"DemandMax":null,"Value":567},{"Length":40,"Height":14,"Demand":1,"DemandMax":null,"Value":560},{"Length":79,"Height":7,"Demand":1,"DemandMax":null,"Value":553},{"Length":23,"Height":24,"Demand":1,"DemandMax":null,"Value":552},{"Length":19,"Height":29,"Demand":1,"DemandMax":null,"Value":551},{"Length":61,"Height":9,"Demand":1,"DemandMax":null,"Value":549},{"Length":78,"Height":7,"Demand":1,"DemandMax":null,"Value":546},{"Length":32,"Height":17,"Demand":1,"DemandMax":null,"Value":544},{"Length":34,"Height":16,"Demand":1,"DemandMax":null,"Value":544},{"Length":60,"Height":9,"Demand":1,"DemandMax":null,"Value":540},{"Length":90,"Height":6,"Demand":1,"DemandMax":null,"Value":540},{"Length":8,"Height":67,"Demand":1,"DemandMax":null,"Value":536},{"Length":76,"Height":7,"Demand":1,"DemandMax":null,"Value":532},{"Length":19,"Height":28,"Demand":1,"DemandMax":null,"Value":532},{"Length":6,"Height":87,"Demand":1,"DemandMax":null,"Value":522},{"Length":7,"Height":74,"Demand":1,"DemandMax":null,"Value":518},{"Length":37,"Height":14,"Demand":1,"DemandMax":null,"Value":518},{"Length":12,"Height":43,"Demand":1,"DemandMax":null,"Value":516},{"Length":51,"Height":10,"Demand":1,"DemandMax":null,"Value":510},{"Length":85,"Height":6,"Demand":1,"DemandMax":null,"Value":510},{"Length":23,"Height":22,"Demand":1,"DemandMax":null,"Value":506},{"Length":12,"Height":42,"Demand":1,"DemandMax":null,"Value":504},{"Length":25,"Height":20,"Demand":1,"DemandMax":null,"Value":500},{"Length":55,"Height":9,"Demand":1,"DemandMax":null,"Value":495},{"Length":6,"Height":82,"Demand":1,"DemandMax":null,"Value":492},{"Length":35,"Height":14,"Demand":1,"DemandMax":null,"Value":490},{"Length":70,"Height":7,"Demand":1,"DemandMax":null,"Value":490},{"Length":11,"Height":44,"Demand":1,"DemandMax":null,"Value":484},{"Length":69,"Height":7,"Demand":1,"DemandMax":null,"Value":483},{"Length":10,"Height":48,"Demand":1,"DemandMax":null,"Value":480},{"Length":32,"Height":15,"Demand":1,"DemandMax":null,"Value":480},{"Length":16,"Height":30,"Demand":1,"DemandMax":null,"Value":480},{"Length":20,"Height":24,"Demand":1,"DemandMax":null,"Value":480},{"Length":40,"Height":12,"Demand":1,"DemandMax":null,"Value":480},{"Length":14,"Height":34,"Demand":1,"DemandMax":null,"Value":476},{"Length":43,"Height":11,"Demand":1,"DemandMax":null,"Value":473},{"Length":26,"Height":18,"Demand":1,"DemandMax":null,"Value":468},{"Length":16,"Height":29,"Demand":1,"DemandMax":null,"Value":464},{"Length":8,"Height":58,"Demand":1,"DemandMax":null,"Value":464},{"Length":22,"Height":21,"Demand":1,"DemandMax":null,"Value":462},{"Length":42,"Height":11,"Demand":1,"DemandMax":null,"Value":462},{"Length":8,"Height":57,"Demand":1,"DemandMax":null,"Value":456},{"Length":12,"Height":38,"Demand":1,"DemandMax":null,"Value":456},{"Length":76,"Height":6,"Demand":1,"DemandMax":null,"Value":456},{"Length":7,"Height":65,"Demand":1,"DemandMax":null,"Value":455},{"Length":11,"Height":41,"Demand":1,"DemandMax":null,"Value":451},{"Length":15,"Height":30,"Demand":1,"DemandMax":null,"Value":450},{"Length":34,"Height":13,"Demand":1,"DemandMax":null,"Value":442},{"Length":19,"Height":23,"Demand":1,"DemandMax":null,"Value":437},{"Length":31,"Height":14,"Demand":1,"DemandMax":null,"Value":434},{"Length":61,"Height":7,"Demand":1,"DemandMax":null,"Value":427},{"Length":6,"Height":71,"Demand":1,"DemandMax":null,"Value":426},{"Length":53,"Height":8,"Demand":1,"DemandMax":null,"Value":424},{"Length":10,"Height":42,"Demand":1,"DemandMax":null,"Value":420},{"Length":15,"Height":28,"Demand":1,"DemandMax":null,"Value":420},{"Length":41,"Height":10,"Demand":1,"DemandMax":null,"Value":410},{"Length":24,"Height":17,"Demand":1,"DemandMax":null,"Value":408},{"Length":37,"Height":11,"Demand":1,"DemandMax":null,"Value":407},{"Length":16,"Height":25,"Demand":1,"DemandMax":null,"Value":400},{"Length":19,"Height":21,"Demand":1,"DemandMax":null,"Value":399},{"Length":7,"Height":55,"Demand":1,"DemandMax":null,"Value":385},{"Length":6,"Height":64,"Demand":1,"DemandMax":null,"Value":384},{"Length":63,"Height":6,"Demand":1,"DemandMax":null,"Value":378},{"Length":17,"Height":22,"Demand":1,"DemandMax":null,"Value":374},{"Length":11,"Height":34,"Demand":1,"DemandMax":null,"Value":374},{"Length":62,"Height":6,"Demand":1,"DemandMax":null,"Value":372},{"Length":41,"Height":9,"Demand":1,"DemandMax":null,"Value":369},{"Length":14,"Height":26,"Demand":1,"DemandMax":null,"Value":364},{"Length":52,"Height":7,"Demand":1,"DemandMax":null,"Value":364},{"Length":33,"Height":11,"Demand":1,"DemandMax":null,"Value":363},{"Length":6,"Height":60,"Demand":1,"DemandMax":null,"Value":360},{"Length":12,"Height":30,"Demand":1,"DemandMax":null,"Value":360},{"Length":7,"Height":51,"Demand":1,"DemandMax":null,"Value":357},{"Length":32,"Height":11,"Demand":1,"DemandMax":null,"Value":352},{"Length":16,"Height":22,"Demand":1,"DemandMax":null,"Value":352},{"Length":13,"Height":27,"Demand":1,"DemandMax":null,"Value":351},{"Length":9,"Height":39,"Demand":1,"DemandMax":null,"Value":351},{"Length":14,"Height":25,"Demand":1,"DemandMax":null,"Value":350},{"Length":12,"Height":29,"Demand":1,"DemandMax":null,"Value":348},{"Length":57,"Height":6,"Demand":1,"DemandMax":null,"Value":342},{"Length":18,"Height":19,"Demand":1,"DemandMax":null,"Value":342},{"Length":26,"Height":13,"Demand":1,"DemandMax":null,"Value":338},{"Length":33,"Height":10,"Demand":1,"DemandMax":null,"Value":330},{"Length":55,"Height":6,"Demand":1,"DemandMax":null,"Value":330},{"Length":12,"Height":27,"Demand":1,"DemandMax":null,"Value":324},{"Length":19,"Height":17,"Demand":1,"DemandMax":null,"Value":323},{"Length":23,"Height":14,"Demand":1,"DemandMax":null,"Value":322},{"Length":45,"Height":7,"Demand":1,"DemandMax":null,"Value":315},{"Length":13,"Height":24,"Demand":1,"DemandMax":null,"Value":312},{"Length":7,"Height":44,"Demand":1,"DemandMax":null,"Value":308},{"Length":18,"Height":17,"Demand":1,"DemandMax":null,"Value":306},{"Length":8,"Height":38,"Demand":1,"DemandMax":null,"Value":304},{"Length":43,"Height":7,"Demand":1,"DemandMax":null,"Value":301},{"Length":10,"Height":30,"Demand":1,"DemandMax":null,"Value":300},{"Length":11,"Height":27,"Demand":1,"DemandMax":null,"Value":297},{"Length":9,"Height":33,"Demand":1,"DemandMax":null,"Value":297},{"Length":8,"Height":37,"Demand":1,"DemandMax":null,"Value":296},{"Length":29,"Height":10,"Demand":1,"DemandMax":null,"Value":290},{"Length":32,"Height":9,"Demand":1,"DemandMax":null,"Value":288},{"Length":24,"Height":12,"Demand":1,"DemandMax":null,"Value":288},{"Length":11,"Height":26,"Demand":1,"DemandMax":null,"Value":286},{"Length":15,"Height":19,"Demand":1,"DemandMax":null,"Value":285},{"Length":7,"Height":40,"Demand":1,"DemandMax":null,"Value":280},{"Length":6,"Height":46,"Demand":1,"DemandMax":null,"Value":276},{"Length":23,"Height":12,"Demand":1,"DemandMax":null,"Value":276},{"Length":8,"Height":34,"Demand":1,"DemandMax":null,"Value":272},{"Length":45,"Height":6,"Demand":1,"DemandMax":null,"Value":270},{"Length":44,"Height":6,"Demand":1,"DemandMax":null,"Value":264},{"Length":11,"Height":24,"Demand":1,"DemandMax":null,"Value":264},{"Length":33,"Height":8,"Demand":1,"DemandMax":null,"Value":264},{"Length":7,"Height":37,"Demand":1,"DemandMax":null,"Value":259},{"Length":43,"Height":6,"Demand":1,"DemandMax":null,"Value":258},{"Length":17,"Height":15,"Demand":1,"DemandMax":null,"Value":255},{"Length":6,"Height":42,"Demand":1,"DemandMax":null,"Value":252},{"Length":36,"Height":7,"Demand":1,"DemandMax":null,"Value":252},{"Length":12,"Height":20,"Demand":1,"DemandMax":null,"Value":240},{"Length":30,"Height":8,"Demand":1,"DemandMax":null,"Value":240},{"Length":6,"Height":40,"Demand":1,"DemandMax":null,"Value":240},{"Length":7,"Height":33,"Demand":1,"DemandMax":null,"Value":231},{"Length":10,"Height":23,"Demand":1,"DemandMax":null,"Value":230},{"Length":15,"Height":15,"Demand":1,"DemandMax":null,"Value":225},{"Length":9,"Height":25,"Demand":1,"DemandMax":null,"Value":225},{"Length":7,"Height":32,"Demand":1,"DemandMax":null,"Value":224},{"Length":6,"Height":37,"Demand":1,"DemandMax":null,"Value":222},{"Length":9,"Height":22,"Demand":1,"DemandMax":null,"Value":198},{"Length":7,"Height":28,"Demand":1,"DemandMax":null,"Value":196},{"Length":6,"Height":32,"Demand":1,"DemandMax":null,"Value":192},{"Length":17,"Height":11,"Demand":1,"DemandMax":null,"Value":187},{"Length":8,"Height":23,"Demand":1,"DemandMax":null,"Value":184},{"Length":26,"Height":7,"Demand":1,"DemandMax":null,"Value":182},{"Length":16,"Height":11,"Demand":1,"DemandMax":null,"Value":176},{"Length":10,"Height":17,"Demand":1,"DemandMax":null,"Value":170},{"Length":16,"Height":10,"Demand":1,"DemandMax":null,"Value":160},{"Length":26,"Height":6,"Demand":1,"DemandMax":null,"Value":156},{"Length":9,"Height":17,"Demand":1,"DemandMax":null,"Value":153},{"Length":19,"Height":8,"Demand":1,"DemandMax":null,"Value":152},{"Length":15,"Height":9,"Demand":1,"DemandMax":null,"Value":135},{"Length":11,"Height":12,"Demand":1,"DemandMax":null,"Value":132},{"Length":10,"Height":12,"Demand":1,"DemandMax":null,"Value":120},{"Length":8,"Height":15,"Demand":1,"DemandMax":null,"Value":120},{"Length":13,"Height":9,"Demand":1,"DemandMax":null,"Value":117},{"Length":6,"Height":19,"Demand":1,"DemandMax":null,"Value":114},{"Length":14,"Height":8,"Demand":1,"DemandMax":null,"Value":112},{"Length":11,"Height":9,"Demand":1,"DemandMax":null,"Value":99},{"Length":16,"Height":6,"Demand":1,"DemandMax":null,"Value":96},{"Length":10,"Height":9,"Demand":1,"DemandMax":null,"Value":90},{"Length":7,"Height":12,"Demand":1,"DemandMax":null,"Value":84},{"Length":8,"Height":10,"Demand":1,"DemandMax":null,"Value":80},{"Length":6,"Height":12,"Demand":1,"DemandMax":null,"Value":72},{"Length":7,"Height":9,"Demand":1,"DemandMax":null,"Value":63},{"Length":6,"Height":10,"Demand":1,"DemandMax":null,"Value":60},{"Length":6,"Height":6,"Demand":1,"DemandMax":null,"Value":36}]}