{"Name":"AH135","Objects":[{"Length":1000,"Height":37952,"Stock":null,"Cost":37952000}],"Items":[{"Length":296,"Height":271,"Demand":10,"DemandMax":null,"Value":80216},{"Length":276,"Height":286,"Demand":10,"DemandMax":null,"Value":78936},{"Length":296,"Height":264,"Demand":10,"DemandMax":null,"Value":78144},{"Length":260,"Height":289,"Demand":10,"DemandMax":null,"Value":75140},{"Length":264,"Height":283,"Demand":10,"DemandMax":null,"Value":74712},{"Length":290,"Height":256,"Demand":10,"DemandMax":null,"Value":74240},{"Length":251,"Height":284,"Demand":10,"DemandMax":null,"Value":71284},{"Length":269,"Height":250,"Demand":10,"DemandMax":null,"Value":67250},{"Length":273,"Height":245,"Demand":10,"DemandMax":null,"Value":66885},{"Length":298,"Height":221,"Demand":10,"DemandMax":null,"Value":65858},{"Length":205,"Height":300,"Demand":10,"DemandMax":null,"Value":61500},{"Length":284,"Height":215,"Demand":10,"DemandMax":null,"Value":61060},{"Length":283,"Height":212,"Demand":10,"DemandMax":null,"Value":59996},{"Length":273,"Height":218,"Demand":10,"DemandMax":null,"Value":59514},{"Length":261,"Height":227,"Demand":10,"DemandMax":null,"Value":59247},{"Length":272,"Height":217,"Demand":10,"DemandMax":null,"Value":59024},{"Length":215,"Height":261,"Demand":10,"DemandMax":null,"Value":56115},{"Length":230,"Height":242,"Demand":10,"DemandMax":null,"Value":55660},{"Length":199,"Height":258,"Demand":10,"DemandMax":null,"Value":51342},{"Length":180,"Height":285,"Demand":10,"DemandMax":null,"Value":51300},{"Length":273,"Height":186,"Demand":10,"DemandMax":null,"Value":50778},{"Length":257,"Height":193,"Demand":10,"DemandMax":null,"Value":49601},{"Length":292,"Height":165,"Demand":10,"DemandMax":null,"Value":48180},{"Length":253,"Height":185,"Demand":10,"DemandMax":null,"Value":46805},{"Length":260,"Height":179,"Demand":10,"DemandMax":null,"Value":46540},{"Length":159,"Height":289,"Demand":10,"DemandMax":null,"Value":45951},{"Length":218,"Height":210,"Demand":10,"DemandMax":null,"Value":45780},{"Length":173,"Height":262,"Demand":10,"DemandMax":null,"Value":45326},{"Length":295,"Height":151,"Demand":10,"DemandMax":null,"Value":44545},{"Length":149,"Height":294,"Demand":10,"DemandMax":null,"Value":43806},{"Length":228,"Height":190,"Demand":10,"DemandMax":null,"Value":43320},{"Length":195,"Height":220,"Demand":10,"DemandMax":null,"Value":42900},{"Length":142,"Height":299,"Demand":10,"DemandMax":null,"Value":42458},{"Length":165,"Height":255,"Demand":10,"DemandMax":null,"Value":42075},{"Length":225,"Height":186,"Demand":10,"DemandMax":null,"Value":41850},{"Length":230,"Height":181,"Demand":10,"DemandMax":null,"Value":41630},{"Length":266,"Height":156,"Demand":10,"DemandMax":null,"Value":41496},{"Length":230,"Height":180,"Demand":10,"DemandMax":null,"Value":41400},{"Length":208,"Height":197,"Demand":10,"DemandMax":null,"Value":40976},{"Length":196,"Height":206,"Demand":10,"DemandMax":null,"Value":40376},{"Length":259,"Height":155,"Demand":10,"DemandMax":null,"Value":40145},{"Length":164,"Height":243,"Demand":10,"DemandMax":null,"Value":39852},{"Length":154,"Height":255,"Demand":10,"DemandMax":null,"Value":39270},{"Length":146,"Height":267,"Demand":10,"DemandMax":null,"Value":38982},{"Length":174,"Height":216,"Demand":10,"DemandMax":null,"Value":37584},{"Length":158,"Height":233,"Demand":10,"DemandMax":null,"Value":36814},{"Length":129,"Height":285,"Demand":10,"DemandMax":null,"Value":36765},{"Length":135,"Height":261,"Demand":10,"DemandMax":null,"Value":35235},{"Length":119,"Height":283,"Demand":10,"DemandMax":null,"Value":33677},{"Length":145,"Height":232,"Demand":10,"DemandMax":null,"Value":33640},{"Length":267,"Height":125,"Demand":10,"DemandMax":null,"Value":33375},{"Length":132,"Height":247,"Demand":10,"DemandMax":null,"Value":32604},{"Length":293,"Height":111,"Demand":10,"DemandMax":null,"Value":32523},{"Length":180,"Height":180,"Demand":10,"DemandMax":null,"Value":32400},{"Length":134,"Height":241,"Demand":10,"DemandMax":null,"Value":32294},{"Length":212,"Height":150,"Demand":10,"DemandMax":null,"Value":31800},{"Length":147,"Height":216,"Demand":10,"DemandMax":null,"Value":31752},{"Length":177,"Height":178,"Demand":10,"DemandMax":null,"Value":31506},{"Length":214,"Height":146,"Demand":10,"DemandMax":null,"Value":31244},{"Length":151,"Height":205,"Demand":10,"DemandMax":null,"Value":30955},{"Length":206,"Height":150,"Demand":10,"DemandMax":null,"Value":30900},{"Length":283,"Height":109,"Demand":10,"DemandMax":null,"Value":30847},{"Length":225,"Height":135,"Demand":10,"DemandMax":null,"Value":30375},{"Length":223,"Height":136,"Demand":10,"DemandMax":null,"Value":30328},{"Length":130,"Height":233,"Demand":10,"DemandMax":null,"Value":30290},{"Length":250,"Height":119,"Demand":10,"DemandMax":null,"Value":29750},{"Length":120,"Height":241,"Demand":10,"DemandMax":null,"Value":28920},{"Length":271,"Height":106,"Demand":10,"DemandMax":null,"Value":28726},{"Length":180,"Height":159,"Demand":10,"DemandMax":null,"Value":28620},{"Length":218,"Height":129,"Demand":10,"DemandMax":null,"Value":28122},{"Length":246,"Height":112,"Demand":10,"DemandMax":null,"Value":27552},{"Length":125,"Height":220,"Demand":10,"DemandMax":null,"Value":27500},{"Length":156,"Height":173,"Demand":10,"DemandMax":null,"Value":26988},{"Length":166,"Height":161,"Demand":10,"DemandMax":null,"Value":26726},{"Length":113,"Height":232,"Demand":10,"DemandMax":null,"Value":26216},{"Length":122,"Height":212,"Demand":10,"DemandMax":null,"Value":25864},{"Length":106,"Height":242,"Demand":10,"DemandMax":null,"Value":25652},{"Length":165,"Height":144,"Demand":10,"DemandMax":null,"Value":23760},{"Length":111,"Height":214,"Demand":10,"DemandMax":null,"Value":23754},{"Length":130,"Height":173,"Demand":10,"DemandMax":null,"Value":22490},{"Length":186,"Height":118,"Demand":10,"DemandMax":null,"Value":21948},{"Length":186,"Height":114,"Demand":10,"DemandMax":null,"Value":21204},{"Length":190,"Height":111,"Demand":10,"DemandMax":null,"Value":21090},{"Length":148,"Height":142,"Demand":10,"DemandMax":null,"Value":21016},{"Length":158,"Height":133,"Demand":10,"DemandMax":null,"Value":21014},{"Length":154,"Height":135,"Demand":10,"DemandMax":null,"Value":20790},{"Length":119,"Height":174,"Demand":10,"DemandMax":null,"Value":20706},{"Length":104,"Height":199,"Demand":10,"DemandMax":null,"Value":20696},{"Length":134,"Height":150,"Demand":10,"DemandMax":null,"Value":20100},{"Length":157,"Height":113,"Demand":10,"DemandMax":null,"Value":17741},{"Length":142,"Height":124,"Demand":10,"DemandMax":null,"Value":17608},{"Length":115,"Height":151,"Demand":10,"DemandMax":null,"Value":17365},{"Length":155,"Height":110,"Demand":10,"DemandMax":null,"Value":17050},{"Length":100,"Height":161,"Demand":10,"DemandMax":null,"Value":16100},{"Length":130,"Height":121,"Demand":10,"DemandMax":null,"Value":15730},{"Length":134,"Height":110,"Demand":10,"DemandMax":null,"Value":14740},{"Length":139,"Height":103,"Demand":10,"DemandMax":null,"Value":14317},{"Length":104,"Height":127,"Demand":10,"DemandMax":null,"Value":13208},{"Length":125,"Height":100,"Demand":10,"DemandMax":null,"Value":12500},{"Length":109,"Height":103,"Demand":10,"DemandMax":null,"Value":11227}]}