{"Name":"AH54","Objects":[{"Length":1000,"Height":31747,"Stock":null,"Cost":31747000}],"Items":[{"Length":166,"Height":347,"Demand":100,"DemandMax":null,"Value":57602},{"Length":239,"Height":214,"Demand":100,"DemandMax":null,"Value":51146},{"Length":256,"Height":199,"Demand":100,"DemandMax":null,"Value":50944},{"Length":171,"Height":296,"Demand":100,"DemandMax":null,"Value":50616},{"Length":122,"Height":318,"Demand":100,"DemandMax":null,"Value":38796},{"Length":176,"Height":205,"Demand":100,"DemandMax":null,"Value":36080},{"Length":337,"Height":44,"Demand":100,"DemandMax":null,"Value":14828},{"Length":36,"Height":230,"Demand":100,"DemandMax":null,"Value":8280},{"Length":61,"Height":80,"Demand":100,"DemandMax":null,"Value":4880},{"Length":65,"Height":66,"Demand":100,"DemandMax":null,"Value":4290}]}