{"Name":"AH234","Objects":[{"Length":1000,"Height":2433,"Stock":null,"Cost":2433000}],"Items":[{"Length":84,"Height":85,"Demand":10,"DemandMax":null,"Value":7140},{"Length":81,"Height":84,"Demand":10,"DemandMax":null,"Value":6804},{"Length":72,"Height":88,"Demand":10,"DemandMax":null,"Value":6336},{"Length":71,"Height":87,"Demand":10,"DemandMax":null,"Value":6177},{"Length":78,"Height":77,"Demand":10,"DemandMax":null,"Value":6006},{"Length":67,"Height":88,"Demand":10,"DemandMax":null,"Value":5896},{"Length":86,"Height":65,"Demand":10,"DemandMax":null,"Value":5590},{"Length":77,"Height":72,"Demand":10,"DemandMax":null,"Value":5544},{"Length":68,"Height":81,"Demand":10,"DemandMax":null,"Value":5508},{"Length":57,"Height":87,"Demand":10,"DemandMax":null,"Value":4959},{"Length":75,"Height":65,"Demand":10,"DemandMax":null,"Value":4875},{"Length":74,"Height":65,"Demand":10,"DemandMax":null,"Value":4810},{"Length":78,"Height":61,"Demand":10,"DemandMax":null,"Value":4758},{"Length":72,"Height":62,"Demand":10,"DemandMax":null,"Value":4464},{"Length":82,"Height":54,"Demand":10,"DemandMax":null,"Value":4428},{"Length":49,"Height":87,"Demand":10,"DemandMax":null,"Value":4263},{"Length":66,"Height":61,"Demand":10,"DemandMax":null,"Value":4026},{"Length":64,"Height":62,"Demand":10,"DemandMax":null,"Value":3968},{"Length":65,"Height":61,"Demand":10,"DemandMax":null,"Value":3965},{"Length":88,"Height":45,"Demand":10,"DemandMax":null,"Value":3960},{"Length":58,"Height":67,"Demand":10,"DemandMax":null,"Value":3886},{"Length":58,"Height":66,"Demand":10,"DemandMax":null,"Value":3828},{"Length":88,"Height":43,"Demand":10,"DemandMax":null,"Value":3784},{"Length":59,"Height":64,"Demand":10,"DemandMax":null,"Value":3776},{"Length":70,"Height":53,"Demand":10,"DemandMax":null,"Value":3710},{"Length":44,"Height":84,"Demand":10,"DemandMax":null,"Value":3696},{"Length":70,"Height":52,"Demand":10,"DemandMax":null,"Value":3640},{"Length":51,"Height":71,"Demand":10,"DemandMax":null,"Value":3621},{"Length":42,"Height":84,"Demand":10,"DemandMax":null,"Value":3528},{"Length":60,"Height":58,"Demand":10,"DemandMax":null,"Value":3480},{"Length":64,"Height":54,"Demand":10,"DemandMax":null,"Value":3456},{"Length":41,"Height":82,"Demand":10,"DemandMax":null,"Value":3362},{"Length":39,"Height":84,"Demand":10,"DemandMax":null,"Value":3276},{"Length":63,"Height":51,"Demand":10,"DemandMax":null,"Value":3213},{"Length":82,"Height":33,"Demand":10,"DemandMax":null,"Value":2706},{"Length":38,"Height":71,"Demand":10,"DemandMax":null,"Value":2698},{"Length":57,"Height":47,"Demand":10,"DemandMax":null,"Value":2679},{"Length":41,"Height":62,"Demand":10,"DemandMax":null,"Value":2542},{"Length":38,"Height":66,"Demand":10,"DemandMax":null,"Value":2508},{"Length":89,"Height":28,"Demand":10,"DemandMax":null,"Value":2492},{"Length":28,"Height":88,"Demand":10,"DemandMax":null,"Value":2464},{"Length":47,"Height":51,"Demand":10,"DemandMax":null,"Value":2397},{"Length":76,"Height":31,"Demand":10,"DemandMax":null,"Value":2356},{"Length":42,"Height":53,"Demand":10,"DemandMax":null,"Value":2226},{"Length":79,"Height":28,"Demand":10,"DemandMax":null,"Value":2212},{"Length":65,"Height":34,"Demand":10,"DemandMax":null,"Value":2210},{"Length":34,"Height":64,"Demand":10,"DemandMax":null,"Value":2176},{"Length":31,"Height":70,"Demand":10,"DemandMax":null,"Value":2170},{"Length":61,"Height":35,"Demand":10,"DemandMax":null,"Value":2135},{"Length":47,"Height":42,"Demand":10,"DemandMax":null,"Value":1974},{"Length":39,"Height":50,"Demand":10,"DemandMax":null,"Value":1950},{"Length":59,"Height":32,"Demand":10,"DemandMax":null,"Value":1888},{"Length":37,"Height":50,"Demand":10,"DemandMax":null,"Value":1850},{"Length":27,"Height":64,"Demand":10,"DemandMax":null,"Value":1728},{"Length":40,"Height":41,"Demand":10,"DemandMax":null,"Value":1640},{"Length":37,"Height":44,"Demand":10,"DemandMax":null,"Value":1628},{"Length":23,"Height":70,"Demand":10,"DemandMax":null,"Value":1610},{"Length":41,"Height":39,"Demand":10,"DemandMax":null,"Value":1599},{"Length":29,"Height":55,"Demand":10,"DemandMax":null,"Value":1595},{"Length":45,"Height":35,"Demand":10,"DemandMax":null,"Value":1575},{"Length":18,"Height":86,"Demand":10,"DemandMax":null,"Value":1548},{"Length":55,"Height":28,"Demand":10,"DemandMax":null,"Value":1540},{"Length":40,"Height":37,"Demand":10,"DemandMax":null,"Value":1480},{"Length":59,"Height":25,"Demand":10,"DemandMax":null,"Value":1475},{"Length":59,"Height":23,"Demand":10,"DemandMax":null,"Value":1357},{"Length":36,"Height":37,"Demand":10,"DemandMax":null,"Value":1332},{"Length":75,"Height":16,"Demand":10,"DemandMax":null,"Value":1200},{"Length":67,"Height":17,"Demand":10,"DemandMax":null,"Value":1139},{"Length":16,"Height":71,"Demand":10,"DemandMax":null,"Value":1136},{"Length":54,"Height":21,"Demand":10,"DemandMax":null,"Value":1134},{"Length":14,"Height":81,"Demand":10,"DemandMax":null,"Value":1134},{"Length":82,"Height":13,"Demand":10,"DemandMax":null,"Value":1066},{"Length":39,"Height":27,"Demand":10,"DemandMax":null,"Value":1053},{"Length":18,"Height":57,"Demand":10,"DemandMax":null,"Value":1026},{"Length":70,"Height":14,"Demand":10,"DemandMax":null,"Value":980},{"Length":60,"Height":15,"Demand":10,"DemandMax":null,"Value":900},{"Length":14,"Height":64,"Demand":10,"DemandMax":null,"Value":896},{"Length":49,"Height":18,"Demand":10,"DemandMax":null,"Value":882},{"Length":22,"Height":40,"Demand":10,"DemandMax":null,"Value":880},{"Length":23,"Height":38,"Demand":10,"DemandMax":null,"Value":874},{"Length":13,"Height":67,"Demand":10,"DemandMax":null,"Value":871},{"Length":17,"Height":50,"Demand":10,"DemandMax":null,"Value":850},{"Length":26,"Height":32,"Demand":10,"DemandMax":null,"Value":832},{"Length":35,"Height":23,"Demand":10,"DemandMax":null,"Value":805},{"Length":25,"Height":32,"Demand":10,"DemandMax":null,"Value":800},{"Length":10,"Height":79,"Demand":10,"DemandMax":null,"Value":790},{"Length":35,"Height":22,"Demand":10,"DemandMax":null,"Value":770},{"Length":35,"Height":20,"Demand":10,"DemandMax":null,"Value":700},{"Length":82,"Height":8,"Demand":10,"DemandMax":null,"Value":656},{"Length":7,"Height":88,"Demand":10,"DemandMax":null,"Value":616},{"Length":14,"Height":43,"Demand":10,"DemandMax":null,"Value":602},{"Length":13,"Height":43,"Demand":10,"DemandMax":null,"Value":559},{"Length":11,"Height":49,"Demand":10,"DemandMax":null,"Value":539},{"Length":15,"Height":32,"Demand":10,"DemandMax":null,"Value":480},{"Length":73,"Height":6,"Demand":10,"DemandMax":null,"Value":438},{"Length":46,"Height":8,"Demand":10,"DemandMax":null,"Value":368},{"Length":8,"Height":35,"Demand":10,"DemandMax":null,"Value":280},{"Length":33,"Height":7,"Demand":10,"DemandMax":null,"Value":231},{"Length":10,"Height":16,"Demand":10,"DemandMax":null,"Value":160},{"Length":17,"Height":7,"Demand":10,"DemandMax":null,"Value":119}]}