{"Name":"AH161","Objects":[{"Length":1000,"Height":40461,"Stock":null,"Cost":40461000}],"Items":[{"Length":312,"Height":362,"Demand":10,"DemandMax":null,"Value":112944},{"Length":304,"Height":352,"Demand":10,"DemandMax":null,"Value":107008},{"Length":339,"Height":292,"Demand":10,"DemandMax":null,"Value":98988},{"Length":304,"Height":322,"Demand":10,"DemandMax":null,"Value":97888},{"Length":336,"Height":284,"Demand":10,"DemandMax":null,"Value":95424},{"Length":238,"Height":373,"Demand":10,"DemandMax":null,"Value":88774},{"Length":237,"Height":367,"Demand":10,"DemandMax":null,"Value":86979},{"Length":237,"Height":353,"Demand":10,"DemandMax":null,"Value":83661},{"Length":283,"Height":291,"Demand":10,"DemandMax":null,"Value":82353},{"Length":354,"Height":230,"Demand":10,"DemandMax":null,"Value":81420},{"Length":283,"Height":286,"Demand":10,"DemandMax":null,"Value":80938},{"Length":242,"Height":324,"Demand":10,"DemandMax":null,"Value":78408},{"Length":326,"Height":240,"Demand":10,"DemandMax":null,"Value":78240},{"Length":321,"Height":242,"Demand":10,"DemandMax":null,"Value":77682},{"Length":300,"Height":256,"Demand":10,"DemandMax":null,"Value":76800},{"Length":334,"Height":229,"Demand":10,"DemandMax":null,"Value":76486},{"Length":269,"Height":257,"Demand":10,"DemandMax":null,"Value":69133},{"Length":233,"Height":288,"Demand":10,"DemandMax":null,"Value":67104},{"Length":190,"Height":351,"Demand":10,"DemandMax":null,"Value":66690},{"Length":238,"Height":280,"Demand":10,"DemandMax":null,"Value":66640},{"Length":201,"Height":331,"Demand":10,"DemandMax":null,"Value":66531},{"Length":186,"Height":346,"Demand":10,"DemandMax":null,"Value":64356},{"Length":195,"Height":328,"Demand":10,"DemandMax":null,"Value":63960},{"Length":196,"Height":325,"Demand":10,"DemandMax":null,"Value":63700},{"Length":210,"Height":300,"Demand":10,"DemandMax":null,"Value":63000},{"Length":375,"Height":167,"Demand":10,"DemandMax":null,"Value":62625},{"Length":303,"Height":199,"Demand":10,"DemandMax":null,"Value":60297},{"Length":158,"Height":372,"Demand":10,"DemandMax":null,"Value":58776},{"Length":173,"Height":339,"Demand":10,"DemandMax":null,"Value":58647},{"Length":168,"Height":349,"Demand":10,"DemandMax":null,"Value":58632},{"Length":228,"Height":257,"Demand":10,"DemandMax":null,"Value":58596},{"Length":277,"Height":208,"Demand":10,"DemandMax":null,"Value":57616},{"Length":315,"Height":177,"Demand":10,"DemandMax":null,"Value":55755},{"Length":357,"Height":154,"Demand":10,"DemandMax":null,"Value":54978},{"Length":205,"Height":256,"Demand":10,"DemandMax":null,"Value":52480},{"Length":188,"Height":259,"Demand":10,"DemandMax":null,"Value":48692},{"Length":285,"Height":169,"Demand":10,"DemandMax":null,"Value":48165},{"Length":147,"Height":307,"Demand":10,"DemandMax":null,"Value":45129},{"Length":352,"Height":126,"Demand":10,"DemandMax":null,"Value":44352},{"Length":222,"Height":197,"Demand":10,"DemandMax":null,"Value":43734},{"Length":340,"Height":127,"Demand":10,"DemandMax":null,"Value":43180},{"Length":159,"Height":259,"Demand":10,"DemandMax":null,"Value":41181},{"Length":294,"Height":138,"Demand":10,"DemandMax":null,"Value":40572},{"Length":300,"Height":134,"Demand":10,"DemandMax":null,"Value":40200},{"Length":245,"Height":157,"Demand":10,"DemandMax":null,"Value":38465},{"Length":240,"Height":159,"Demand":10,"DemandMax":null,"Value":38160},{"Length":138,"Height":275,"Demand":10,"DemandMax":null,"Value":37950},{"Length":360,"Height":103,"Demand":10,"DemandMax":null,"Value":37080},{"Length":183,"Height":198,"Demand":10,"DemandMax":null,"Value":36234},{"Length":187,"Height":191,"Demand":10,"DemandMax":null,"Value":35717},{"Length":118,"Height":298,"Demand":10,"DemandMax":null,"Value":35164},{"Length":131,"Height":266,"Demand":10,"DemandMax":null,"Value":34846},{"Length":91,"Height":343,"Demand":10,"DemandMax":null,"Value":31213},{"Length":238,"Height":129,"Demand":10,"DemandMax":null,"Value":30702},{"Length":141,"Height":204,"Demand":10,"DemandMax":null,"Value":28764},{"Length":132,"Height":210,"Demand":10,"DemandMax":null,"Value":27720},{"Length":81,"Height":336,"Demand":10,"DemandMax":null,"Value":27216},{"Length":144,"Height":179,"Demand":10,"DemandMax":null,"Value":25776},{"Length":124,"Height":207,"Demand":10,"DemandMax":null,"Value":25668},{"Length":358,"Height":71,"Demand":10,"DemandMax":null,"Value":25418},{"Length":367,"Height":68,"Demand":10,"DemandMax":null,"Value":24956},{"Length":121,"Height":203,"Demand":10,"DemandMax":null,"Value":24563},{"Length":305,"Height":79,"Demand":10,"DemandMax":null,"Value":24095},{"Length":109,"Height":220,"Demand":10,"DemandMax":null,"Value":23980},{"Length":105,"Height":227,"Demand":10,"DemandMax":null,"Value":23835},{"Length":74,"Height":321,"Demand":10,"DemandMax":null,"Value":23754},{"Length":90,"Height":257,"Demand":10,"DemandMax":null,"Value":23130},{"Length":76,"Height":301,"Demand":10,"DemandMax":null,"Value":22876},{"Length":80,"Height":276,"Demand":10,"DemandMax":null,"Value":22080},{"Length":60,"Height":352,"Demand":10,"DemandMax":null,"Value":21120},{"Length":270,"Height":76,"Demand":10,"DemandMax":null,"Value":20520},{"Length":340,"Height":60,"Demand":10,"DemandMax":null,"Value":20400},{"Length":134,"Height":152,"Demand":10,"DemandMax":null,"Value":20368},{"Length":195,"Height":95,"Demand":10,"DemandMax":null,"Value":18525},{"Length":130,"Height":134,"Demand":10,"DemandMax":null,"Value":17420},{"Length":228,"Height":76,"Demand":10,"DemandMax":null,"Value":17328},{"Length":129,"Height":134,"Demand":10,"DemandMax":null,"Value":17286},{"Length":77,"Height":215,"Demand":10,"DemandMax":null,"Value":16555},{"Length":78,"Height":209,"Demand":10,"DemandMax":null,"Value":16302},{"Length":46,"Height":341,"Demand":10,"DemandMax":null,"Value":15686},{"Length":61,"Height":241,"Demand":10,"DemandMax":null,"Value":14701},{"Length":104,"Height":122,"Demand":10,"DemandMax":null,"Value":12688},{"Length":48,"Height":218,"Demand":10,"DemandMax":null,"Value":10464},{"Length":245,"Height":38,"Demand":10,"DemandMax":null,"Value":9310},{"Length":30,"Height":310,"Demand":10,"DemandMax":null,"Value":9300},{"Length":336,"Height":26,"Demand":10,"DemandMax":null,"Value":8736},{"Length":115,"Height":74,"Demand":10,"DemandMax":null,"Value":8510},{"Length":34,"Height":239,"Demand":10,"DemandMax":null,"Value":8126},{"Length":53,"Height":153,"Demand":10,"DemandMax":null,"Value":8109},{"Length":42,"Height":192,"Demand":10,"DemandMax":null,"Value":8064},{"Length":83,"Height":94,"Demand":10,"DemandMax":null,"Value":7802},{"Length":138,"Height":55,"Demand":10,"DemandMax":null,"Value":7590},{"Length":28,"Height":214,"Demand":10,"DemandMax":null,"Value":5992},{"Length":38,"Height":153,"Demand":10,"DemandMax":null,"Value":5814},{"Length":164,"Height":33,"Demand":10,"DemandMax":null,"Value":5412},{"Length":99,"Height":53,"Demand":10,"DemandMax":null,"Value":5247},{"Length":86,"Height":55,"Demand":10,"DemandMax":null,"Value":4730},{"Length":45,"Height":61,"Demand":10,"DemandMax":null,"Value":2745},{"Length":36,"Height":47,"Demand":10,"DemandMax":null,"Value":1692},{"Length":27,"Height":52,"Demand":10,"DemandMax":null,"Value":1404}]}