{"Name":"AH114","Objects":[{"Length":1000,"Height":1995,"Stock":null,"Cost":1995000}],"Items":[{"Length":52,"Height":87,"Demand":100,"DemandMax":null,"Value":4524},{"Length":76,"Height":57,"Demand":100,"DemandMax":null,"Value":4332},{"Length":76,"Height":48,"Demand":100,"DemandMax":null,"Value":3648},{"Length":34,"Height":78,"Demand":100,"DemandMax":null,"Value":2652},{"Length":23,"Height":82,"Demand":100,"DemandMax":null,"Value":1886},{"Length":29,"Height":39,"Demand":100,"DemandMax":null,"Value":1131},{"Length":59,"Height":18,"Demand":100,"DemandMax":null,"Value":1062},{"Length":7,"Height":59,"Demand":100,"DemandMax":null,"Value":413},{"Length":16,"Height":11,"Demand":100,"DemandMax":null,"Value":176},{"Length":6,"Height":20,"Demand":100,"DemandMax":null,"Value":120}]}