{"Name":"AH149","Objects":[{"Length":1000,"Height":38855,"Stock":null,"Cost":38855000}],"Items":[{"Length":292,"Height":283,"Demand":10,"DemandMax":null,"Value":82636},{"Length":269,"Height":296,"Demand":10,"DemandMax":null,"Value":79624},{"Length":300,"Height":257,"Demand":10,"DemandMax":null,"Value":77100},{"Length":260,"Height":288,"Demand":10,"DemandMax":null,"Value":74880},{"Length":248,"Height":298,"Demand":10,"DemandMax":null,"Value":73904},{"Length":249,"Height":281,"Demand":10,"DemandMax":null,"Value":69969},{"Length":244,"Height":267,"Demand":10,"DemandMax":null,"Value":65148},{"Length":297,"Height":219,"Demand":10,"DemandMax":null,"Value":65043},{"Length":284,"Height":228,"Demand":10,"DemandMax":null,"Value":64752},{"Length":220,"Height":294,"Demand":10,"DemandMax":null,"Value":64680},{"Length":283,"Height":223,"Demand":10,"DemandMax":null,"Value":63109},{"Length":274,"Height":226,"Demand":10,"DemandMax":null,"Value":61924},{"Length":279,"Height":216,"Demand":10,"DemandMax":null,"Value":60264},{"Length":287,"Height":209,"Demand":10,"DemandMax":null,"Value":59983},{"Length":296,"Height":202,"Demand":10,"DemandMax":null,"Value":59792},{"Length":214,"Height":272,"Demand":10,"DemandMax":null,"Value":58208},{"Length":199,"Height":283,"Demand":10,"DemandMax":null,"Value":56317},{"Length":297,"Height":189,"Demand":10,"DemandMax":null,"Value":56133},{"Length":188,"Height":294,"Demand":10,"DemandMax":null,"Value":55272},{"Length":234,"Height":235,"Demand":10,"DemandMax":null,"Value":54990},{"Length":182,"Height":298,"Demand":10,"DemandMax":null,"Value":54236},{"Length":232,"Height":230,"Demand":10,"DemandMax":null,"Value":53360},{"Length":202,"Height":264,"Demand":10,"DemandMax":null,"Value":53328},{"Length":291,"Height":183,"Demand":10,"DemandMax":null,"Value":53253},{"Length":265,"Height":196,"Demand":10,"DemandMax":null,"Value":51940},{"Length":252,"Height":201,"Demand":10,"DemandMax":null,"Value":50652},{"Length":288,"Height":173,"Demand":10,"DemandMax":null,"Value":49824},{"Length":234,"Height":210,"Demand":10,"DemandMax":null,"Value":49140},{"Length":205,"Height":234,"Demand":10,"DemandMax":null,"Value":47970},{"Length":227,"Height":209,"Demand":10,"DemandMax":null,"Value":47443},{"Length":256,"Height":182,"Demand":10,"DemandMax":null,"Value":46592},{"Length":187,"Height":246,"Demand":10,"DemandMax":null,"Value":46002},{"Length":160,"Height":283,"Demand":10,"DemandMax":null,"Value":45280},{"Length":234,"Height":186,"Demand":10,"DemandMax":null,"Value":43524},{"Length":278,"Height":156,"Demand":10,"DemandMax":null,"Value":43368},{"Length":235,"Height":183,"Demand":10,"DemandMax":null,"Value":43005},{"Length":186,"Height":231,"Demand":10,"DemandMax":null,"Value":42966},{"Length":264,"Height":161,"Demand":10,"DemandMax":null,"Value":42504},{"Length":242,"Height":168,"Demand":10,"DemandMax":null,"Value":40656},{"Length":264,"Height":154,"Demand":10,"DemandMax":null,"Value":40656},{"Length":282,"Height":144,"Demand":10,"DemandMax":null,"Value":40608},{"Length":247,"Height":163,"Demand":10,"DemandMax":null,"Value":40261},{"Length":293,"Height":135,"Demand":10,"DemandMax":null,"Value":39555},{"Length":181,"Height":208,"Demand":10,"DemandMax":null,"Value":37648},{"Length":201,"Height":186,"Demand":10,"DemandMax":null,"Value":37386},{"Length":153,"Height":242,"Demand":10,"DemandMax":null,"Value":37026},{"Length":277,"Height":133,"Demand":10,"DemandMax":null,"Value":36841},{"Length":255,"Height":141,"Demand":10,"DemandMax":null,"Value":35955},{"Length":157,"Height":226,"Demand":10,"DemandMax":null,"Value":35482},{"Length":223,"Height":154,"Demand":10,"DemandMax":null,"Value":34342},{"Length":243,"Height":141,"Demand":10,"DemandMax":null,"Value":34263},{"Length":217,"Height":157,"Demand":10,"DemandMax":null,"Value":34069},{"Length":205,"Height":161,"Demand":10,"DemandMax":null,"Value":33005},{"Length":217,"Height":152,"Demand":10,"DemandMax":null,"Value":32984},{"Length":111,"Height":291,"Demand":10,"DemandMax":null,"Value":32301},{"Length":123,"Height":260,"Demand":10,"DemandMax":null,"Value":31980},{"Length":143,"Height":221,"Demand":10,"DemandMax":null,"Value":31603},{"Length":126,"Height":250,"Demand":10,"DemandMax":null,"Value":31500},{"Length":272,"Height":114,"Demand":10,"DemandMax":null,"Value":31008},{"Length":237,"Height":130,"Demand":10,"DemandMax":null,"Value":30810},{"Length":105,"Height":290,"Demand":10,"DemandMax":null,"Value":30450},{"Length":187,"Height":162,"Demand":10,"DemandMax":null,"Value":30294},{"Length":154,"Height":196,"Demand":10,"DemandMax":null,"Value":30184},{"Length":225,"Height":133,"Demand":10,"DemandMax":null,"Value":29925},{"Length":209,"Height":142,"Demand":10,"DemandMax":null,"Value":29678},{"Length":263,"Height":112,"Demand":10,"DemandMax":null,"Value":29456},{"Length":114,"Height":258,"Demand":10,"DemandMax":null,"Value":29412},{"Length":255,"Height":114,"Demand":10,"DemandMax":null,"Value":29070},{"Length":132,"Height":217,"Demand":10,"DemandMax":null,"Value":28644},{"Length":158,"Height":176,"Demand":10,"DemandMax":null,"Value":27808},{"Length":192,"Height":144,"Demand":10,"DemandMax":null,"Value":27648},{"Length":128,"Height":211,"Demand":10,"DemandMax":null,"Value":27008},{"Length":107,"Height":252,"Demand":10,"DemandMax":null,"Value":26964},{"Length":195,"Height":136,"Demand":10,"DemandMax":null,"Value":26520},{"Length":178,"Height":148,"Demand":10,"DemandMax":null,"Value":26344},{"Length":146,"Height":180,"Demand":10,"DemandMax":null,"Value":26280},{"Length":176,"Height":148,"Demand":10,"DemandMax":null,"Value":26048},{"Length":111,"Height":231,"Demand":10,"DemandMax":null,"Value":25641},{"Length":134,"Height":187,"Demand":10,"DemandMax":null,"Value":25058},{"Length":214,"Height":117,"Demand":10,"DemandMax":null,"Value":25038},{"Length":183,"Height":133,"Demand":10,"DemandMax":null,"Value":24339},{"Length":160,"Height":147,"Demand":10,"DemandMax":null,"Value":23520},{"Length":114,"Height":205,"Demand":10,"DemandMax":null,"Value":23370},{"Length":175,"Height":131,"Demand":10,"DemandMax":null,"Value":22925},{"Length":151,"Height":151,"Demand":10,"DemandMax":null,"Value":22801},{"Length":132,"Height":168,"Demand":10,"DemandMax":null,"Value":22176},{"Length":112,"Height":195,"Demand":10,"DemandMax":null,"Value":21840},{"Length":103,"Height":212,"Demand":10,"DemandMax":null,"Value":21836},{"Length":193,"Height":113,"Demand":10,"DemandMax":null,"Value":21809},{"Length":115,"Height":186,"Demand":10,"DemandMax":null,"Value":21390},{"Length":120,"Height":173,"Demand":10,"DemandMax":null,"Value":20760},{"Length":128,"Height":156,"Demand":10,"DemandMax":null,"Value":19968},{"Length":159,"Height":105,"Demand":10,"DemandMax":null,"Value":16695},{"Length":131,"Height":126,"Demand":10,"DemandMax":null,"Value":16506},{"Length":108,"Height":140,"Demand":10,"DemandMax":null,"Value":15120},{"Length":124,"Height":116,"Demand":10,"DemandMax":null,"Value":14384},{"Length":120,"Height":118,"Demand":10,"DemandMax":null,"Value":14160},{"Length":127,"Height":104,"Demand":10,"DemandMax":null,"Value":13208},{"Length":102,"Height":121,"Demand":10,"DemandMax":null,"Value":12342},{"Length":104,"Height":104,"Demand":10,"DemandMax":null,"Value":10816}]}