{"Name":"AH237","Objects":[{"Length":1000,"Height":2352,"Stock":null,"Cost":2352000}],"Items":[{"Length":83,"Height":88,"Demand":10,"DemandMax":null,"Value":7304},{"Length":84,"Height":80,"Demand":10,"DemandMax":null,"Value":6720},{"Length":81,"Height":82,"Demand":10,"DemandMax":null,"Value":6642},{"Length":77,"Height":84,"Demand":10,"DemandMax":null,"Value":6468},{"Length":90,"Height":70,"Demand":10,"DemandMax":null,"Value":6300},{"Length":71,"Height":87,"Demand":10,"DemandMax":null,"Value":6177},{"Length":74,"Height":83,"Demand":10,"DemandMax":null,"Value":6142},{"Length":90,"Height":67,"Demand":10,"DemandMax":null,"Value":6030},{"Length":78,"Height":77,"Demand":10,"DemandMax":null,"Value":6006},{"Length":64,"Height":90,"Demand":10,"DemandMax":null,"Value":5760},{"Length":86,"Height":66,"Demand":10,"DemandMax":null,"Value":5676},{"Length":65,"Height":79,"Demand":10,"DemandMax":null,"Value":5135},{"Length":58,"Height":79,"Demand":10,"DemandMax":null,"Value":4582},{"Length":53,"Height":86,"Demand":10,"DemandMax":null,"Value":4558},{"Length":55,"Height":79,"Demand":10,"DemandMax":null,"Value":4345},{"Length":59,"Height":73,"Demand":10,"DemandMax":null,"Value":4307},{"Length":78,"Height":54,"Demand":10,"DemandMax":null,"Value":4212},{"Length":82,"Height":50,"Demand":10,"DemandMax":null,"Value":4100},{"Length":77,"Height":52,"Demand":10,"DemandMax":null,"Value":4004},{"Length":80,"Height":45,"Demand":10,"DemandMax":null,"Value":3600},{"Length":72,"Height":48,"Demand":10,"DemandMax":null,"Value":3456},{"Length":78,"Height":44,"Demand":10,"DemandMax":null,"Value":3432},{"Length":77,"Height":42,"Demand":10,"DemandMax":null,"Value":3234},{"Length":51,"Height":63,"Demand":10,"DemandMax":null,"Value":3213},{"Length":51,"Height":62,"Demand":10,"DemandMax":null,"Value":3162},{"Length":35,"Height":90,"Demand":10,"DemandMax":null,"Value":3150},{"Length":63,"Height":50,"Demand":10,"DemandMax":null,"Value":3150},{"Length":35,"Height":88,"Demand":10,"DemandMax":null,"Value":3080},{"Length":63,"Height":47,"Demand":10,"DemandMax":null,"Value":2961},{"Length":38,"Height":76,"Demand":10,"DemandMax":null,"Value":2888},{"Length":36,"Height":80,"Demand":10,"DemandMax":null,"Value":2880},{"Length":41,"Height":69,"Demand":10,"DemandMax":null,"Value":2829},{"Length":88,"Height":32,"Demand":10,"DemandMax":null,"Value":2816},{"Length":51,"Height":50,"Demand":10,"DemandMax":null,"Value":2550},{"Length":31,"Height":81,"Demand":10,"DemandMax":null,"Value":2511},{"Length":86,"Height":29,"Demand":10,"DemandMax":null,"Value":2494},{"Length":39,"Height":60,"Demand":10,"DemandMax":null,"Value":2340},{"Length":41,"Height":57,"Demand":10,"DemandMax":null,"Value":2337},{"Length":72,"Height":32,"Demand":10,"DemandMax":null,"Value":2304},{"Length":27,"Height":80,"Demand":10,"DemandMax":null,"Value":2160},{"Length":33,"Height":65,"Demand":10,"DemandMax":null,"Value":2145},{"Length":40,"Height":52,"Demand":10,"DemandMax":null,"Value":2080},{"Length":63,"Height":33,"Demand":10,"DemandMax":null,"Value":2079},{"Length":43,"Height":47,"Demand":10,"DemandMax":null,"Value":2021},{"Length":65,"Height":31,"Demand":10,"DemandMax":null,"Value":2015},{"Length":62,"Height":32,"Demand":10,"DemandMax":null,"Value":1984},{"Length":44,"Height":43,"Demand":10,"DemandMax":null,"Value":1892},{"Length":25,"Height":75,"Demand":10,"DemandMax":null,"Value":1875},{"Length":30,"Height":60,"Demand":10,"DemandMax":null,"Value":1800},{"Length":81,"Height":22,"Demand":10,"DemandMax":null,"Value":1782},{"Length":90,"Height":19,"Demand":10,"DemandMax":null,"Value":1710},{"Length":46,"Height":37,"Demand":10,"DemandMax":null,"Value":1702},{"Length":22,"Height":77,"Demand":10,"DemandMax":null,"Value":1694},{"Length":67,"Height":25,"Demand":10,"DemandMax":null,"Value":1675},{"Length":64,"Height":26,"Demand":10,"DemandMax":null,"Value":1664},{"Length":34,"Height":48,"Demand":10,"DemandMax":null,"Value":1632},{"Length":19,"Height":85,"Demand":10,"DemandMax":null,"Value":1615},{"Length":28,"Height":57,"Demand":10,"DemandMax":null,"Value":1596},{"Length":29,"Height":55,"Demand":10,"DemandMax":null,"Value":1595},{"Length":19,"Height":82,"Demand":10,"DemandMax":null,"Value":1558},{"Length":86,"Height":18,"Demand":10,"DemandMax":null,"Value":1548},{"Length":70,"Height":22,"Demand":10,"DemandMax":null,"Value":1540},{"Length":79,"Height":19,"Demand":10,"DemandMax":null,"Value":1501},{"Length":18,"Height":83,"Demand":10,"DemandMax":null,"Value":1494},{"Length":31,"Height":48,"Demand":10,"DemandMax":null,"Value":1488},{"Length":19,"Height":77,"Demand":10,"DemandMax":null,"Value":1463},{"Length":36,"Height":40,"Demand":10,"DemandMax":null,"Value":1440},{"Length":57,"Height":25,"Demand":10,"DemandMax":null,"Value":1425},{"Length":47,"Height":30,"Demand":10,"DemandMax":null,"Value":1410},{"Length":48,"Height":28,"Demand":10,"DemandMax":null,"Value":1344},{"Length":27,"Height":47,"Demand":10,"DemandMax":null,"Value":1269},{"Length":18,"Height":69,"Demand":10,"DemandMax":null,"Value":1242},{"Length":17,"Height":72,"Demand":10,"DemandMax":null,"Value":1224},{"Length":50,"Height":24,"Demand":10,"DemandMax":null,"Value":1200},{"Length":15,"Height":76,"Demand":10,"DemandMax":null,"Value":1140},{"Length":39,"Height":29,"Demand":10,"DemandMax":null,"Value":1131},{"Length":15,"Height":73,"Demand":10,"DemandMax":null,"Value":1095},{"Length":26,"Height":42,"Demand":10,"DemandMax":null,"Value":1092},{"Length":63,"Height":17,"Demand":10,"DemandMax":null,"Value":1071},{"Length":16,"Height":60,"Demand":10,"DemandMax":null,"Value":960},{"Length":16,"Height":51,"Demand":10,"DemandMax":null,"Value":816},{"Length":29,"Height":23,"Demand":10,"DemandMax":null,"Value":667},{"Length":35,"Height":19,"Demand":10,"DemandMax":null,"Value":665},{"Length":8,"Height":83,"Demand":10,"DemandMax":null,"Value":664},{"Length":88,"Height":7,"Demand":10,"DemandMax":null,"Value":616},{"Length":77,"Height":8,"Demand":10,"DemandMax":null,"Value":616},{"Length":16,"Height":35,"Demand":10,"DemandMax":null,"Value":560},{"Length":10,"Height":55,"Demand":10,"DemandMax":null,"Value":550},{"Length":11,"Height":41,"Demand":10,"DemandMax":null,"Value":451},{"Length":27,"Height":16,"Demand":10,"DemandMax":null,"Value":432},{"Length":35,"Height":9,"Demand":10,"DemandMax":null,"Value":315},{"Length":7,"Height":40,"Demand":10,"DemandMax":null,"Value":280},{"Length":28,"Height":8,"Demand":10,"DemandMax":null,"Value":224},{"Length":7,"Height":31,"Demand":10,"DemandMax":null,"Value":217},{"Length":12,"Height":18,"Demand":10,"DemandMax":null,"Value":216},{"Length":7,"Height":22,"Demand":10,"DemandMax":null,"Value":154},{"Length":19,"Height":8,"Demand":10,"DemandMax":null,"Value":152},{"Length":22,"Height":6,"Demand":10,"DemandMax":null,"Value":132},{"Length":13,"Height":10,"Demand":10,"DemandMax":null,"Value":130},{"Length":16,"Height":7,"Demand":10,"DemandMax":null,"Value":112}]}