{"Name":"AH172","Objects":[{"Length":1000,"Height":35708,"Stock":null,"Cost":35708000}],"Items":[{"Length":326,"Height":365,"Demand":10,"DemandMax":null,"Value":118990},{"Length":370,"Height":299,"Demand":10,"DemandMax":null,"Value":110630},{"Length":336,"Height":302,"Demand":10,"DemandMax":null,"Value":101472},{"Length":302,"Height":296,"Demand":10,"DemandMax":null,"Value":89392},{"Length":245,"Height":364,"Demand":10,"DemandMax":null,"Value":89180},{"Length":236,"Height":328,"Demand":10,"DemandMax":null,"Value":77408},{"Length":320,"Height":223,"Demand":10,"DemandMax":null,"Value":71360},{"Length":246,"Height":287,"Demand":10,"DemandMax":null,"Value":70602},{"Length":186,"Height":357,"Demand":10,"DemandMax":null,"Value":66402},{"Length":206,"Height":321,"Demand":10,"DemandMax":null,"Value":66126},{"Length":345,"Height":191,"Demand":10,"DemandMax":null,"Value":65895},{"Length":309,"Height":212,"Demand":10,"DemandMax":null,"Value":65508},{"Length":372,"Height":176,"Demand":10,"DemandMax":null,"Value":65472},{"Length":331,"Height":193,"Demand":10,"DemandMax":null,"Value":63883},{"Length":373,"Height":170,"Demand":10,"DemandMax":null,"Value":63410},{"Length":191,"Height":331,"Demand":10,"DemandMax":null,"Value":63221},{"Length":270,"Height":232,"Demand":10,"DemandMax":null,"Value":62640},{"Length":276,"Height":222,"Demand":10,"DemandMax":null,"Value":61272},{"Length":168,"Height":358,"Demand":10,"DemandMax":null,"Value":60144},{"Length":283,"Height":210,"Demand":10,"DemandMax":null,"Value":59430},{"Length":263,"Height":219,"Demand":10,"DemandMax":null,"Value":57597},{"Length":194,"Height":293,"Demand":10,"DemandMax":null,"Value":56842},{"Length":350,"Height":157,"Demand":10,"DemandMax":null,"Value":54950},{"Length":280,"Height":196,"Demand":10,"DemandMax":null,"Value":54880},{"Length":346,"Height":156,"Demand":10,"DemandMax":null,"Value":53976},{"Length":347,"Height":154,"Demand":10,"DemandMax":null,"Value":53438},{"Length":298,"Height":178,"Demand":10,"DemandMax":null,"Value":53044},{"Length":212,"Height":241,"Demand":10,"DemandMax":null,"Value":51092},{"Length":250,"Height":193,"Demand":10,"DemandMax":null,"Value":48250},{"Length":375,"Height":127,"Demand":10,"DemandMax":null,"Value":47625},{"Length":177,"Height":269,"Demand":10,"DemandMax":null,"Value":47613},{"Length":139,"Height":332,"Demand":10,"DemandMax":null,"Value":46148},{"Length":122,"Height":368,"Demand":10,"DemandMax":null,"Value":44896},{"Length":221,"Height":203,"Demand":10,"DemandMax":null,"Value":44863},{"Length":129,"Height":334,"Demand":10,"DemandMax":null,"Value":43086},{"Length":114,"Height":370,"Demand":10,"DemandMax":null,"Value":42180},{"Length":170,"Height":246,"Demand":10,"DemandMax":null,"Value":41820},{"Length":290,"Height":136,"Demand":10,"DemandMax":null,"Value":39440},{"Length":256,"Height":153,"Demand":10,"DemandMax":null,"Value":39168},{"Length":214,"Height":178,"Demand":10,"DemandMax":null,"Value":38092},{"Length":120,"Height":310,"Demand":10,"DemandMax":null,"Value":37200},{"Length":319,"Height":116,"Demand":10,"DemandMax":null,"Value":37004},{"Length":253,"Height":145,"Demand":10,"DemandMax":null,"Value":36685},{"Length":294,"Height":124,"Demand":10,"DemandMax":null,"Value":36456},{"Length":264,"Height":136,"Demand":10,"DemandMax":null,"Value":35904},{"Length":244,"Height":146,"Demand":10,"DemandMax":null,"Value":35624},{"Length":267,"Height":131,"Demand":10,"DemandMax":null,"Value":34977},{"Length":112,"Height":304,"Demand":10,"DemandMax":null,"Value":34048},{"Length":186,"Height":181,"Demand":10,"DemandMax":null,"Value":33666},{"Length":104,"Height":323,"Demand":10,"DemandMax":null,"Value":33592},{"Length":302,"Height":108,"Demand":10,"DemandMax":null,"Value":32616},{"Length":160,"Height":198,"Demand":10,"DemandMax":null,"Value":31680},{"Length":231,"Height":137,"Demand":10,"DemandMax":null,"Value":31647},{"Length":145,"Height":217,"Demand":10,"DemandMax":null,"Value":31465},{"Length":178,"Height":173,"Demand":10,"DemandMax":null,"Value":30794},{"Length":171,"Height":178,"Demand":10,"DemandMax":null,"Value":30438},{"Length":98,"Height":295,"Demand":10,"DemandMax":null,"Value":28910},{"Length":82,"Height":344,"Demand":10,"DemandMax":null,"Value":28208},{"Length":219,"Height":126,"Demand":10,"DemandMax":null,"Value":27594},{"Length":174,"Height":147,"Demand":10,"DemandMax":null,"Value":25578},{"Length":215,"Height":109,"Demand":10,"DemandMax":null,"Value":23435},{"Length":111,"Height":211,"Demand":10,"DemandMax":null,"Value":23421},{"Length":280,"Height":83,"Demand":10,"DemandMax":null,"Value":23240},{"Length":238,"Height":83,"Demand":10,"DemandMax":null,"Value":19754},{"Length":93,"Height":207,"Demand":10,"DemandMax":null,"Value":19251},{"Length":88,"Height":216,"Demand":10,"DemandMax":null,"Value":19008},{"Length":73,"Height":258,"Demand":10,"DemandMax":null,"Value":18834},{"Length":84,"Height":223,"Demand":10,"DemandMax":null,"Value":18732},{"Length":111,"Height":168,"Demand":10,"DemandMax":null,"Value":18648},{"Length":313,"Height":56,"Demand":10,"DemandMax":null,"Value":17528},{"Length":122,"Height":134,"Demand":10,"DemandMax":null,"Value":16348},{"Length":132,"Height":122,"Demand":10,"DemandMax":null,"Value":16104},{"Length":248,"Height":63,"Demand":10,"DemandMax":null,"Value":15624},{"Length":60,"Height":248,"Demand":10,"DemandMax":null,"Value":14880},{"Length":274,"Height":51,"Demand":10,"DemandMax":null,"Value":13974},{"Length":166,"Height":84,"Demand":10,"DemandMax":null,"Value":13944},{"Length":49,"Height":276,"Demand":10,"DemandMax":null,"Value":13524},{"Length":38,"Height":335,"Demand":10,"DemandMax":null,"Value":12730},{"Length":78,"Height":161,"Demand":10,"DemandMax":null,"Value":12558},{"Length":134,"Height":92,"Demand":10,"DemandMax":null,"Value":12328},{"Length":62,"Height":189,"Demand":10,"DemandMax":null,"Value":11718},{"Length":241,"Height":46,"Demand":10,"DemandMax":null,"Value":11086},{"Length":74,"Height":148,"Demand":10,"DemandMax":null,"Value":10952},{"Length":90,"Height":105,"Demand":10,"DemandMax":null,"Value":9450},{"Length":25,"Height":366,"Demand":10,"DemandMax":null,"Value":9150},{"Length":75,"Height":114,"Demand":10,"DemandMax":null,"Value":8550},{"Length":74,"Height":112,"Demand":10,"DemandMax":null,"Value":8288},{"Length":131,"Height":53,"Demand":10,"DemandMax":null,"Value":6943},{"Length":25,"Height":224,"Demand":10,"DemandMax":null,"Value":5600},{"Length":86,"Height":65,"Demand":10,"DemandMax":null,"Value":5590},{"Length":84,"Height":61,"Demand":10,"DemandMax":null,"Value":5124},{"Length":164,"Height":28,"Demand":10,"DemandMax":null,"Value":4592},{"Length":89,"Height":47,"Demand":10,"DemandMax":null,"Value":4183},{"Length":87,"Height":47,"Demand":10,"DemandMax":null,"Value":4089},{"Length":106,"Height":38,"Demand":10,"DemandMax":null,"Value":4028},{"Length":34,"Height":100,"Demand":10,"DemandMax":null,"Value":3400},{"Length":105,"Height":25,"Demand":10,"DemandMax":null,"Value":2625},{"Length":30,"Height":81,"Demand":10,"DemandMax":null,"Value":2430},{"Length":34,"Height":66,"Demand":10,"DemandMax":null,"Value":2244},{"Length":54,"Height":25,"Demand":10,"DemandMax":null,"Value":1350}]}