{"Name":"AH230","Objects":[{"Length":1000,"Height":2269,"Stock":null,"Cost":2269000}],"Items":[{"Length":90,"Height":86,"Demand":10,"DemandMax":null,"Value":7740},{"Length":81,"Height":78,"Demand":10,"DemandMax":null,"Value":6318},{"Length":89,"Height":67,"Demand":10,"DemandMax":null,"Value":5963},{"Length":84,"Height":67,"Demand":10,"DemandMax":null,"Value":5628},{"Length":86,"Height":64,"Demand":10,"DemandMax":null,"Value":5504},{"Length":77,"Height":71,"Demand":10,"DemandMax":null,"Value":5467},{"Length":82,"Height":62,"Demand":10,"DemandMax":null,"Value":5084},{"Length":65,"Height":78,"Demand":10,"DemandMax":null,"Value":5070},{"Length":57,"Height":83,"Demand":10,"DemandMax":null,"Value":4731},{"Length":53,"Height":89,"Demand":10,"DemandMax":null,"Value":4717},{"Length":79,"Height":59,"Demand":10,"DemandMax":null,"Value":4661},{"Length":75,"Height":58,"Demand":10,"DemandMax":null,"Value":4350},{"Length":49,"Height":85,"Demand":10,"DemandMax":null,"Value":4165},{"Length":64,"Height":65,"Demand":10,"DemandMax":null,"Value":4160},{"Length":49,"Height":83,"Demand":10,"DemandMax":null,"Value":4067},{"Length":45,"Height":87,"Demand":10,"DemandMax":null,"Value":3915},{"Length":75,"Height":52,"Demand":10,"DemandMax":null,"Value":3900},{"Length":57,"Height":67,"Demand":10,"DemandMax":null,"Value":3819},{"Length":53,"Height":69,"Demand":10,"DemandMax":null,"Value":3657},{"Length":44,"Height":82,"Demand":10,"DemandMax":null,"Value":3608},{"Length":58,"Height":62,"Demand":10,"DemandMax":null,"Value":3596},{"Length":87,"Height":40,"Demand":10,"DemandMax":null,"Value":3480},{"Length":72,"Height":47,"Demand":10,"DemandMax":null,"Value":3384},{"Length":56,"Height":59,"Demand":10,"DemandMax":null,"Value":3304},{"Length":50,"Height":66,"Demand":10,"DemandMax":null,"Value":3300},{"Length":37,"Height":89,"Demand":10,"DemandMax":null,"Value":3293},{"Length":88,"Height":37,"Demand":10,"DemandMax":null,"Value":3256},{"Length":46,"Height":68,"Demand":10,"DemandMax":null,"Value":3128},{"Length":34,"Height":90,"Demand":10,"DemandMax":null,"Value":3060},{"Length":60,"Height":51,"Demand":10,"DemandMax":null,"Value":3060},{"Length":82,"Height":37,"Demand":10,"DemandMax":null,"Value":3034},{"Length":57,"Height":53,"Demand":10,"DemandMax":null,"Value":3021},{"Length":40,"Height":72,"Demand":10,"DemandMax":null,"Value":2880},{"Length":53,"Height":52,"Demand":10,"DemandMax":null,"Value":2756},{"Length":61,"Height":45,"Demand":10,"DemandMax":null,"Value":2745},{"Length":34,"Height":76,"Demand":10,"DemandMax":null,"Value":2584},{"Length":38,"Height":67,"Demand":10,"DemandMax":null,"Value":2546},{"Length":84,"Height":30,"Demand":10,"DemandMax":null,"Value":2520},{"Length":31,"Height":81,"Demand":10,"DemandMax":null,"Value":2511},{"Length":37,"Height":67,"Demand":10,"DemandMax":null,"Value":2479},{"Length":60,"Height":41,"Demand":10,"DemandMax":null,"Value":2460},{"Length":33,"Height":72,"Demand":10,"DemandMax":null,"Value":2376},{"Length":33,"Height":70,"Demand":10,"DemandMax":null,"Value":2310},{"Length":30,"Height":74,"Demand":10,"DemandMax":null,"Value":2220},{"Length":36,"Height":58,"Demand":10,"DemandMax":null,"Value":2088},{"Length":25,"Height":82,"Demand":10,"DemandMax":null,"Value":2050},{"Length":33,"Height":61,"Demand":10,"DemandMax":null,"Value":2013},{"Length":33,"Height":59,"Demand":10,"DemandMax":null,"Value":1947},{"Length":69,"Height":28,"Demand":10,"DemandMax":null,"Value":1932},{"Length":62,"Height":31,"Demand":10,"DemandMax":null,"Value":1922},{"Length":53,"Height":36,"Demand":10,"DemandMax":null,"Value":1908},{"Length":80,"Height":23,"Demand":10,"DemandMax":null,"Value":1840},{"Length":25,"Height":73,"Demand":10,"DemandMax":null,"Value":1825},{"Length":23,"Height":78,"Demand":10,"DemandMax":null,"Value":1794},{"Length":24,"Height":70,"Demand":10,"DemandMax":null,"Value":1680},{"Length":31,"Height":54,"Demand":10,"DemandMax":null,"Value":1674},{"Length":69,"Height":24,"Demand":10,"DemandMax":null,"Value":1656},{"Length":51,"Height":31,"Demand":10,"DemandMax":null,"Value":1581},{"Length":49,"Height":31,"Demand":10,"DemandMax":null,"Value":1519},{"Length":46,"Height":33,"Demand":10,"DemandMax":null,"Value":1518},{"Length":60,"Height":25,"Demand":10,"DemandMax":null,"Value":1500},{"Length":31,"Height":47,"Demand":10,"DemandMax":null,"Value":1457},{"Length":33,"Height":44,"Demand":10,"DemandMax":null,"Value":1452},{"Length":31,"Height":46,"Demand":10,"DemandMax":null,"Value":1426},{"Length":41,"Height":32,"Demand":10,"DemandMax":null,"Value":1312},{"Length":52,"Height":25,"Demand":10,"DemandMax":null,"Value":1300},{"Length":21,"Height":59,"Demand":10,"DemandMax":null,"Value":1239},{"Length":29,"Height":40,"Demand":10,"DemandMax":null,"Value":1160},{"Length":13,"Height":85,"Demand":10,"DemandMax":null,"Value":1105},{"Length":41,"Height":26,"Demand":10,"DemandMax":null,"Value":1066},{"Length":16,"Height":66,"Demand":10,"DemandMax":null,"Value":1056},{"Length":81,"Height":13,"Demand":10,"DemandMax":null,"Value":1053},{"Length":79,"Height":13,"Demand":10,"DemandMax":null,"Value":1027},{"Length":42,"Height":23,"Demand":10,"DemandMax":null,"Value":966},{"Length":20,"Height":48,"Demand":10,"DemandMax":null,"Value":960},{"Length":21,"Height":45,"Demand":10,"DemandMax":null,"Value":945},{"Length":13,"Height":71,"Demand":10,"DemandMax":null,"Value":923},{"Length":76,"Height":12,"Demand":10,"DemandMax":null,"Value":912},{"Length":67,"Height":13,"Demand":10,"DemandMax":null,"Value":871},{"Length":27,"Height":32,"Demand":10,"DemandMax":null,"Value":864},{"Length":15,"Height":53,"Demand":10,"DemandMax":null,"Value":795},{"Length":72,"Height":11,"Demand":10,"DemandMax":null,"Value":792},{"Length":18,"Height":41,"Demand":10,"DemandMax":null,"Value":738},{"Length":15,"Height":48,"Demand":10,"DemandMax":null,"Value":720},{"Length":11,"Height":62,"Demand":10,"DemandMax":null,"Value":682},{"Length":13,"Height":49,"Demand":10,"DemandMax":null,"Value":637},{"Length":29,"Height":20,"Demand":10,"DemandMax":null,"Value":580},{"Length":19,"Height":29,"Demand":10,"DemandMax":null,"Value":551},{"Length":85,"Height":6,"Demand":10,"DemandMax":null,"Value":510},{"Length":42,"Height":12,"Demand":10,"DemandMax":null,"Value":504},{"Length":7,"Height":70,"Demand":10,"DemandMax":null,"Value":490},{"Length":42,"Height":9,"Demand":10,"DemandMax":null,"Value":378},{"Length":8,"Height":42,"Demand":10,"DemandMax":null,"Value":336},{"Length":24,"Height":13,"Demand":10,"DemandMax":null,"Value":312},{"Length":11,"Height":28,"Demand":10,"DemandMax":null,"Value":308},{"Length":34,"Height":9,"Demand":10,"DemandMax":null,"Value":306},{"Length":22,"Height":11,"Demand":10,"DemandMax":null,"Value":242},{"Length":8,"Height":30,"Demand":10,"DemandMax":null,"Value":240},{"Length":9,"Height":25,"Demand":10,"DemandMax":null,"Value":225},{"Length":16,"Height":10,"Demand":10,"DemandMax":null,"Value":160}]}