{"Name":"AH261","Objects":[{"Length":1000,"Height":38795,"Stock":null,"Cost":38795000}],"Items":[{"Length":298,"Height":298,"Demand":1,"DemandMax":null,"Value":88804},{"Length":299,"Height":297,"Demand":1,"DemandMax":null,"Value":88803},{"Length":298,"Height":293,"Demand":1,"DemandMax":null,"Value":87314},{"Length":288,"Height":299,"Demand":1,"DemandMax":null,"Value":86112},{"Length":294,"Height":291,"Demand":1,"DemandMax":null,"Value":85554},{"Length":291,"Height":286,"Demand":1,"DemandMax":null,"Value":83226},{"Length":296,"Height":281,"Demand":1,"DemandMax":null,"Value":83176},{"Length":276,"Height":298,"Demand":1,"DemandMax":null,"Value":82248},{"Length":289,"Height":283,"Demand":1,"DemandMax":null,"Value":81787},{"Length":275,"Height":294,"Demand":1,"DemandMax":null,"Value":80850},{"Length":281,"Height":285,"Demand":1,"DemandMax":null,"Value":80085},{"Length":285,"Height":280,"Demand":1,"DemandMax":null,"Value":79800},{"Length":289,"Height":276,"Demand":1,"DemandMax":null,"Value":79764},{"Length":266,"Height":299,"Demand":1,"DemandMax":null,"Value":79534},{"Length":265,"Height":300,"Demand":1,"DemandMax":null,"Value":79500},{"Length":277,"Height":287,"Demand":1,"DemandMax":null,"Value":79499},{"Length":286,"Height":276,"Demand":1,"DemandMax":null,"Value":78936},{"Length":263,"Height":300,"Demand":1,"DemandMax":null,"Value":78900},{"Length":268,"Height":294,"Demand":1,"DemandMax":null,"Value":78792},{"Length":280,"Height":279,"Demand":1,"DemandMax":null,"Value":78120},{"Length":292,"Height":263,"Demand":1,"DemandMax":null,"Value":76796},{"Length":255,"Height":298,"Demand":1,"DemandMax":null,"Value":75990},{"Length":293,"Height":258,"Demand":1,"DemandMax":null,"Value":75594},{"Length":259,"Height":290,"Demand":1,"DemandMax":null,"Value":75110},{"Length":257,"Height":292,"Demand":1,"DemandMax":null,"Value":75044},{"Length":280,"Height":267,"Demand":1,"DemandMax":null,"Value":74760},{"Length":250,"Height":299,"Demand":1,"DemandMax":null,"Value":74750},{"Length":266,"Height":281,"Demand":1,"DemandMax":null,"Value":74746},{"Length":249,"Height":300,"Demand":1,"DemandMax":null,"Value":74700},{"Length":260,"Height":287,"Demand":1,"DemandMax":null,"Value":74620},{"Length":255,"Height":292,"Demand":1,"DemandMax":null,"Value":74460},{"Length":263,"Height":282,"Demand":1,"DemandMax":null,"Value":74166},{"Length":248,"Height":298,"Demand":1,"DemandMax":null,"Value":73904},{"Length":284,"Height":260,"Demand":1,"DemandMax":null,"Value":73840},{"Length":296,"Height":247,"Demand":1,"DemandMax":null,"Value":73112},{"Length":290,"Height":252,"Demand":1,"DemandMax":null,"Value":73080},{"Length":243,"Height":298,"Demand":1,"DemandMax":null,"Value":72414},{"Length":277,"Height":261,"Demand":1,"DemandMax":null,"Value":72297},{"Length":282,"Height":255,"Demand":1,"DemandMax":null,"Value":71910},{"Length":247,"Height":290,"Demand":1,"DemandMax":null,"Value":71630},{"Length":241,"Height":296,"Demand":1,"DemandMax":null,"Value":71336},{"Length":299,"Height":238,"Demand":1,"DemandMax":null,"Value":71162},{"Length":254,"Height":279,"Demand":1,"DemandMax":null,"Value":70866},{"Length":269,"Height":262,"Demand":1,"DemandMax":null,"Value":70478},{"Length":281,"Height":250,"Demand":1,"DemandMax":null,"Value":70250},{"Length":299,"Height":234,"Demand":1,"DemandMax":null,"Value":69966},{"Length":246,"Height":284,"Demand":1,"DemandMax":null,"Value":69864},{"Length":290,"Height":240,"Demand":1,"DemandMax":null,"Value":69600},{"Length":297,"Height":234,"Demand":1,"DemandMax":null,"Value":69498},{"Length":246,"Height":282,"Demand":1,"DemandMax":null,"Value":69372},{"Length":292,"Height":237,"Demand":1,"DemandMax":null,"Value":69204},{"Length":297,"Height":233,"Demand":1,"DemandMax":null,"Value":69201},{"Length":281,"Height":246,"Demand":1,"DemandMax":null,"Value":69126},{"Length":235,"Height":293,"Demand":1,"DemandMax":null,"Value":68855},{"Length":245,"Height":281,"Demand":1,"DemandMax":null,"Value":68845},{"Length":272,"Height":253,"Demand":1,"DemandMax":null,"Value":68816},{"Length":252,"Height":273,"Demand":1,"DemandMax":null,"Value":68796},{"Length":251,"Height":274,"Demand":1,"DemandMax":null,"Value":68774},{"Length":296,"Height":231,"Demand":1,"DemandMax":null,"Value":68376},{"Length":257,"Height":266,"Demand":1,"DemandMax":null,"Value":68362},{"Length":292,"Height":234,"Demand":1,"DemandMax":null,"Value":68328},{"Length":297,"Height":230,"Demand":1,"DemandMax":null,"Value":68310},{"Length":254,"Height":268,"Demand":1,"DemandMax":null,"Value":68072},{"Length":254,"Height":267,"Demand":1,"DemandMax":null,"Value":67818},{"Length":270,"Height":251,"Demand":1,"DemandMax":null,"Value":67770},{"Length":272,"Height":249,"Demand":1,"DemandMax":null,"Value":67728},{"Length":254,"Height":264,"Demand":1,"DemandMax":null,"Value":67056},{"Length":255,"Height":262,"Demand":1,"DemandMax":null,"Value":66810},{"Length":296,"Height":225,"Demand":1,"DemandMax":null,"Value":66600},{"Length":287,"Height":232,"Demand":1,"DemandMax":null,"Value":66584},{"Length":224,"Height":297,"Demand":1,"DemandMax":null,"Value":66528},{"Length":234,"Height":284,"Demand":1,"DemandMax":null,"Value":66456},{"Length":241,"Height":274,"Demand":1,"DemandMax":null,"Value":66034},{"Length":237,"Height":278,"Demand":1,"DemandMax":null,"Value":65886},{"Length":277,"Height":237,"Demand":1,"DemandMax":null,"Value":65649},{"Length":255,"Height":255,"Demand":1,"DemandMax":null,"Value":65025},{"Length":229,"Height":283,"Demand":1,"DemandMax":null,"Value":64807},{"Length":247,"Height":261,"Demand":1,"DemandMax":null,"Value":64467},{"Length":258,"Height":249,"Demand":1,"DemandMax":null,"Value":64242},{"Length":218,"Height":294,"Demand":1,"DemandMax":null,"Value":64092},{"Length":291,"Height":220,"Demand":1,"DemandMax":null,"Value":64020},{"Length":248,"Height":258,"Demand":1,"DemandMax":null,"Value":63984},{"Length":230,"Height":277,"Demand":1,"DemandMax":null,"Value":63710},{"Length":263,"Height":242,"Demand":1,"DemandMax":null,"Value":63646},{"Length":254,"Height":250,"Demand":1,"DemandMax":null,"Value":63500},{"Length":274,"Height":231,"Demand":1,"DemandMax":null,"Value":63294},{"Length":257,"Height":246,"Demand":1,"DemandMax":null,"Value":63222},{"Length":253,"Height":249,"Demand":1,"DemandMax":null,"Value":62997},{"Length":221,"Height":285,"Demand":1,"DemandMax":null,"Value":62985},{"Length":249,"Height":252,"Demand":1,"DemandMax":null,"Value":62748},{"Length":268,"Height":234,"Demand":1,"DemandMax":null,"Value":62712},{"Length":259,"Height":242,"Demand":1,"DemandMax":null,"Value":62678},{"Length":210,"Height":298,"Demand":1,"DemandMax":null,"Value":62580},{"Length":291,"Height":215,"Demand":1,"DemandMax":null,"Value":62565},{"Length":214,"Height":292,"Demand":1,"DemandMax":null,"Value":62488},{"Length":270,"Height":231,"Demand":1,"DemandMax":null,"Value":62370},{"Length":252,"Height":247,"Demand":1,"DemandMax":null,"Value":62244},{"Length":270,"Height":230,"Demand":1,"DemandMax":null,"Value":62100},{"Length":271,"Height":229,"Demand":1,"DemandMax":null,"Value":62059},{"Length":257,"Height":241,"Demand":1,"DemandMax":null,"Value":61937},{"Length":292,"Height":212,"Demand":1,"DemandMax":null,"Value":61904},{"Length":260,"Height":238,"Demand":1,"DemandMax":null,"Value":61880},{"Length":221,"Height":280,"Demand":1,"DemandMax":null,"Value":61880},{"Length":277,"Height":223,"Demand":1,"DemandMax":null,"Value":61771},{"Length":288,"Height":214,"Demand":1,"DemandMax":null,"Value":61632},{"Length":245,"Height":251,"Demand":1,"DemandMax":null,"Value":61495},{"Length":291,"Height":211,"Demand":1,"DemandMax":null,"Value":61401},{"Length":261,"Height":234,"Demand":1,"DemandMax":null,"Value":61074},{"Length":255,"Height":239,"Demand":1,"DemandMax":null,"Value":60945},{"Length":209,"Height":291,"Demand":1,"DemandMax":null,"Value":60819},{"Length":232,"Height":262,"Demand":1,"DemandMax":null,"Value":60784},{"Length":288,"Height":211,"Demand":1,"DemandMax":null,"Value":60768},{"Length":254,"Height":238,"Demand":1,"DemandMax":null,"Value":60452},{"Length":236,"Height":256,"Demand":1,"DemandMax":null,"Value":60416},{"Length":234,"Height":256,"Demand":1,"DemandMax":null,"Value":59904},{"Length":267,"Height":224,"Demand":1,"DemandMax":null,"Value":59808},{"Length":219,"Height":273,"Demand":1,"DemandMax":null,"Value":59787},{"Length":252,"Height":236,"Demand":1,"DemandMax":null,"Value":59472},{"Length":297,"Height":200,"Demand":1,"DemandMax":null,"Value":59400},{"Length":281,"Height":211,"Demand":1,"DemandMax":null,"Value":59291},{"Length":226,"Height":261,"Demand":1,"DemandMax":null,"Value":58986},{"Length":234,"Height":252,"Demand":1,"DemandMax":null,"Value":58968},{"Length":204,"Height":289,"Demand":1,"DemandMax":null,"Value":58956},{"Length":241,"Height":244,"Demand":1,"DemandMax":null,"Value":58804},{"Length":291,"Height":202,"Demand":1,"DemandMax":null,"Value":58782},{"Length":226,"Height":260,"Demand":1,"DemandMax":null,"Value":58760},{"Length":214,"Height":274,"Demand":1,"DemandMax":null,"Value":58636},{"Length":240,"Height":244,"Demand":1,"DemandMax":null,"Value":58560},{"Length":197,"Height":296,"Demand":1,"DemandMax":null,"Value":58312},{"Length":276,"Height":211,"Demand":1,"DemandMax":null,"Value":58236},{"Length":273,"Height":213,"Demand":1,"DemandMax":null,"Value":58149},{"Length":221,"Height":263,"Demand":1,"DemandMax":null,"Value":58123},{"Length":278,"Height":209,"Demand":1,"DemandMax":null,"Value":58102},{"Length":283,"Height":205,"Demand":1,"DemandMax":null,"Value":58015},{"Length":231,"Height":251,"Demand":1,"DemandMax":null,"Value":57981},{"Length":220,"Height":263,"Demand":1,"DemandMax":null,"Value":57860},{"Length":256,"Height":226,"Demand":1,"DemandMax":null,"Value":57856},{"Length":256,"Height":225,"Demand":1,"DemandMax":null,"Value":57600},{"Length":275,"Height":209,"Demand":1,"DemandMax":null,"Value":57475},{"Length":254,"Height":226,"Demand":1,"DemandMax":null,"Value":57404},{"Length":219,"Height":262,"Demand":1,"DemandMax":null,"Value":57378},{"Length":220,"Height":260,"Demand":1,"DemandMax":null,"Value":57200},{"Length":275,"Height":208,"Demand":1,"DemandMax":null,"Value":57200},{"Length":219,"Height":261,"Demand":1,"DemandMax":null,"Value":57159},{"Length":255,"Height":224,"Demand":1,"DemandMax":null,"Value":57120},{"Length":236,"Height":242,"Demand":1,"DemandMax":null,"Value":57112},{"Length":213,"Height":266,"Demand":1,"DemandMax":null,"Value":56658},{"Length":194,"Height":292,"Demand":1,"DemandMax":null,"Value":56648},{"Length":238,"Height":238,"Demand":1,"DemandMax":null,"Value":56644},{"Length":199,"Height":284,"Demand":1,"DemandMax":null,"Value":56516},{"Length":208,"Height":271,"Demand":1,"DemandMax":null,"Value":56368},{"Length":191,"Height":295,"Demand":1,"DemandMax":null,"Value":56345},{"Length":272,"Height":207,"Demand":1,"DemandMax":null,"Value":56304},{"Length":211,"Height":266,"Demand":1,"DemandMax":null,"Value":56126},{"Length":262,"Height":214,"Demand":1,"DemandMax":null,"Value":56068},{"Length":298,"Height":188,"Demand":1,"DemandMax":null,"Value":56024},{"Length":213,"Height":263,"Demand":1,"DemandMax":null,"Value":56019},{"Length":200,"Height":280,"Demand":1,"DemandMax":null,"Value":56000},{"Length":236,"Height":237,"Demand":1,"DemandMax":null,"Value":55932},{"Length":245,"Height":228,"Demand":1,"DemandMax":null,"Value":55860},{"Length":294,"Height":190,"Demand":1,"DemandMax":null,"Value":55860},{"Length":246,"Height":227,"Demand":1,"DemandMax":null,"Value":55842},{"Length":275,"Height":203,"Demand":1,"DemandMax":null,"Value":55825},{"Length":197,"Height":283,"Demand":1,"DemandMax":null,"Value":55751},{"Length":288,"Height":193,"Demand":1,"DemandMax":null,"Value":55584},{"Length":294,"Height":189,"Demand":1,"DemandMax":null,"Value":55566},{"Length":202,"Height":275,"Demand":1,"DemandMax":null,"Value":55550},{"Length":195,"Height":284,"Demand":1,"DemandMax":null,"Value":55380},{"Length":255,"Height":217,"Demand":1,"DemandMax":null,"Value":55335},{"Length":233,"Height":237,"Demand":1,"DemandMax":null,"Value":55221},{"Length":259,"Height":213,"Demand":1,"DemandMax":null,"Value":55167},{"Length":198,"Height":278,"Demand":1,"DemandMax":null,"Value":55044},{"Length":234,"Height":235,"Demand":1,"DemandMax":null,"Value":54990},{"Length":219,"Height":251,"Demand":1,"DemandMax":null,"Value":54969},{"Length":213,"Height":257,"Demand":1,"DemandMax":null,"Value":54741},{"Length":268,"Height":204,"Demand":1,"DemandMax":null,"Value":54672},{"Length":264,"Height":207,"Demand":1,"DemandMax":null,"Value":54648},{"Length":198,"Height":276,"Demand":1,"DemandMax":null,"Value":54648},{"Length":222,"Height":246,"Demand":1,"DemandMax":null,"Value":54612},{"Length":293,"Height":186,"Demand":1,"DemandMax":null,"Value":54498},{"Length":240,"Height":227,"Demand":1,"DemandMax":null,"Value":54480},{"Length":207,"Height":263,"Demand":1,"DemandMax":null,"Value":54441},{"Length":193,"Height":282,"Demand":1,"DemandMax":null,"Value":54426},{"Length":272,"Height":200,"Demand":1,"DemandMax":null,"Value":54400},{"Length":212,"Height":256,"Demand":1,"DemandMax":null,"Value":54272},{"Length":223,"Height":242,"Demand":1,"DemandMax":null,"Value":53966},{"Length":214,"Height":252,"Demand":1,"DemandMax":null,"Value":53928},{"Length":187,"Height":288,"Demand":1,"DemandMax":null,"Value":53856},{"Length":231,"Height":233,"Demand":1,"DemandMax":null,"Value":53823},{"Length":226,"Height":238,"Demand":1,"DemandMax":null,"Value":53788},{"Length":216,"Height":249,"Demand":1,"DemandMax":null,"Value":53784},{"Length":274,"Height":196,"Demand":1,"DemandMax":null,"Value":53704},{"Length":254,"Height":211,"Demand":1,"DemandMax":null,"Value":53594},{"Length":276,"Height":194,"Demand":1,"DemandMax":null,"Value":53544},{"Length":261,"Height":205,"Demand":1,"DemandMax":null,"Value":53505},{"Length":236,"Height":226,"Demand":1,"DemandMax":null,"Value":53336},{"Length":199,"Height":268,"Demand":1,"DemandMax":null,"Value":53332},{"Length":196,"Height":272,"Demand":1,"DemandMax":null,"Value":53312},{"Length":204,"Height":261,"Demand":1,"DemandMax":null,"Value":53244},{"Length":219,"Height":243,"Demand":1,"DemandMax":null,"Value":53217},{"Length":188,"Height":282,"Demand":1,"DemandMax":null,"Value":53016},{"Length":294,"Height":180,"Demand":1,"DemandMax":null,"Value":52920},{"Length":178,"Height":297,"Demand":1,"DemandMax":null,"Value":52866},{"Length":281,"Height":188,"Demand":1,"DemandMax":null,"Value":52828},{"Length":193,"Height":273,"Demand":1,"DemandMax":null,"Value":52689},{"Length":237,"Height":222,"Demand":1,"DemandMax":null,"Value":52614},{"Length":290,"Height":181,"Demand":1,"DemandMax":null,"Value":52490},{"Length":288,"Height":182,"Demand":1,"DemandMax":null,"Value":52416},{"Length":194,"Height":269,"Demand":1,"DemandMax":null,"Value":52186},{"Length":246,"Height":212,"Demand":1,"DemandMax":null,"Value":52152},{"Length":191,"Height":272,"Demand":1,"DemandMax":null,"Value":51952},{"Length":211,"Height":246,"Demand":1,"DemandMax":null,"Value":51906},{"Length":210,"Height":247,"Demand":1,"DemandMax":null,"Value":51870},{"Length":293,"Height":177,"Demand":1,"DemandMax":null,"Value":51861},{"Length":289,"Height":179,"Demand":1,"DemandMax":null,"Value":51731},{"Length":208,"Height":248,"Demand":1,"DemandMax":null,"Value":51584},{"Length":270,"Height":191,"Demand":1,"DemandMax":null,"Value":51570},{"Length":188,"Height":274,"Demand":1,"DemandMax":null,"Value":51512},{"Length":211,"Height":244,"Demand":1,"DemandMax":null,"Value":51484},{"Length":205,"Height":251,"Demand":1,"DemandMax":null,"Value":51455},{"Length":175,"Height":294,"Demand":1,"DemandMax":null,"Value":51450},{"Length":172,"Height":299,"Demand":1,"DemandMax":null,"Value":51428},{"Length":213,"Height":241,"Demand":1,"DemandMax":null,"Value":51333},{"Length":254,"Height":202,"Demand":1,"DemandMax":null,"Value":51308},{"Length":283,"Height":181,"Demand":1,"DemandMax":null,"Value":51223},{"Length":179,"Height":286,"Demand":1,"DemandMax":null,"Value":51194},{"Length":230,"Height":222,"Demand":1,"DemandMax":null,"Value":51060},{"Length":171,"Height":298,"Demand":1,"DemandMax":null,"Value":50958},{"Length":215,"Height":237,"Demand":1,"DemandMax":null,"Value":50955},{"Length":212,"Height":240,"Demand":1,"DemandMax":null,"Value":50880},{"Length":265,"Height":192,"Demand":1,"DemandMax":null,"Value":50880},{"Length":248,"Height":205,"Demand":1,"DemandMax":null,"Value":50840},{"Length":290,"Height":175,"Demand":1,"DemandMax":null,"Value":50750},{"Length":214,"Height":237,"Demand":1,"DemandMax":null,"Value":50718},{"Length":194,"Height":261,"Demand":1,"DemandMax":null,"Value":50634},{"Length":179,"Height":282,"Demand":1,"DemandMax":null,"Value":50478},{"Length":206,"Height":245,"Demand":1,"DemandMax":null,"Value":50470},{"Length":219,"Height":230,"Demand":1,"DemandMax":null,"Value":50370},{"Length":173,"Height":291,"Demand":1,"DemandMax":null,"Value":50343},{"Length":171,"Height":294,"Demand":1,"DemandMax":null,"Value":50274},{"Length":221,"Height":227,"Demand":1,"DemandMax":null,"Value":50167},{"Length":296,"Height":169,"Demand":1,"DemandMax":null,"Value":50024},{"Length":183,"Height":272,"Demand":1,"DemandMax":null,"Value":49776},{"Length":238,"Height":209,"Demand":1,"DemandMax":null,"Value":49742},{"Length":223,"Height":223,"Demand":1,"DemandMax":null,"Value":49729},{"Length":168,"Height":296,"Demand":1,"DemandMax":null,"Value":49728},{"Length":181,"Height":274,"Demand":1,"DemandMax":null,"Value":49594},{"Length":187,"Height":265,"Demand":1,"DemandMax":null,"Value":49555},{"Length":298,"Height":166,"Demand":1,"DemandMax":null,"Value":49468},{"Length":213,"Height":232,"Demand":1,"DemandMax":null,"Value":49416},{"Length":181,"Height":272,"Demand":1,"DemandMax":null,"Value":49232},{"Length":190,"Height":259,"Demand":1,"DemandMax":null,"Value":49210},{"Length":199,"Height":247,"Demand":1,"DemandMax":null,"Value":49153},{"Length":235,"Height":209,"Demand":1,"DemandMax":null,"Value":49115},{"Length":167,"Height":294,"Demand":1,"DemandMax":null,"Value":49098},{"Length":171,"Height":287,"Demand":1,"DemandMax":null,"Value":49077},{"Length":168,"Height":292,"Demand":1,"DemandMax":null,"Value":49056},{"Length":218,"Height":225,"Demand":1,"DemandMax":null,"Value":49050},{"Length":201,"Height":244,"Demand":1,"DemandMax":null,"Value":49044},{"Length":177,"Height":277,"Demand":1,"DemandMax":null,"Value":49029},{"Length":206,"Height":238,"Demand":1,"DemandMax":null,"Value":49028},{"Length":266,"Height":184,"Demand":1,"DemandMax":null,"Value":48944},{"Length":248,"Height":197,"Demand":1,"DemandMax":null,"Value":48856},{"Length":201,"Height":243,"Demand":1,"DemandMax":null,"Value":48843},{"Length":226,"Height":216,"Demand":1,"DemandMax":null,"Value":48816},{"Length":229,"Height":213,"Demand":1,"DemandMax":null,"Value":48777},{"Length":278,"Height":174,"Demand":1,"DemandMax":null,"Value":48372},{"Length":199,"Height":243,"Demand":1,"DemandMax":null,"Value":48357},{"Length":165,"Height":293,"Demand":1,"DemandMax":null,"Value":48345},{"Length":241,"Height":200,"Demand":1,"DemandMax":null,"Value":48200},{"Length":247,"Height":195,"Demand":1,"DemandMax":null,"Value":48165},{"Length":242,"Height":199,"Demand":1,"DemandMax":null,"Value":48158},{"Length":236,"Height":204,"Demand":1,"DemandMax":null,"Value":48144},{"Length":248,"Height":194,"Demand":1,"DemandMax":null,"Value":48112},{"Length":233,"Height":206,"Demand":1,"DemandMax":null,"Value":47998},{"Length":279,"Height":172,"Demand":1,"DemandMax":null,"Value":47988},{"Length":220,"Height":218,"Demand":1,"DemandMax":null,"Value":47960},{"Length":225,"Height":213,"Demand":1,"DemandMax":null,"Value":47925},{"Length":191,"Height":250,"Demand":1,"DemandMax":null,"Value":47750},{"Length":173,"Height":276,"Demand":1,"DemandMax":null,"Value":47748},{"Length":219,"Height":218,"Demand":1,"DemandMax":null,"Value":47742},{"Length":191,"Height":249,"Demand":1,"DemandMax":null,"Value":47559},{"Length":278,"Height":171,"Demand":1,"DemandMax":null,"Value":47538},{"Length":178,"Height":267,"Demand":1,"DemandMax":null,"Value":47526},{"Length":270,"Height":176,"Demand":1,"DemandMax":null,"Value":47520},{"Length":214,"Height":222,"Demand":1,"DemandMax":null,"Value":47508},{"Length":212,"Height":224,"Demand":1,"DemandMax":null,"Value":47488},{"Length":268,"Height":177,"Demand":1,"DemandMax":null,"Value":47436},{"Length":158,"Height":299,"Demand":1,"DemandMax":null,"Value":47242},{"Length":181,"Height":261,"Demand":1,"DemandMax":null,"Value":47241},{"Length":165,"Height":286,"Demand":1,"DemandMax":null,"Value":47190},{"Length":178,"Height":265,"Demand":1,"DemandMax":null,"Value":47170},{"Length":300,"Height":157,"Demand":1,"DemandMax":null,"Value":47100},{"Length":287,"Height":164,"Demand":1,"DemandMax":null,"Value":47068},{"Length":171,"Height":275,"Demand":1,"DemandMax":null,"Value":47025},{"Length":178,"Height":264,"Demand":1,"DemandMax":null,"Value":46992},{"Length":206,"Height":228,"Demand":1,"DemandMax":null,"Value":46968},{"Length":199,"Height":236,"Demand":1,"DemandMax":null,"Value":46964},{"Length":157,"Height":299,"Demand":1,"DemandMax":null,"Value":46943},{"Length":234,"Height":200,"Demand":1,"DemandMax":null,"Value":46800},{"Length":245,"Height":191,"Demand":1,"DemandMax":null,"Value":46795},{"Length":238,"Height":196,"Demand":1,"DemandMax":null,"Value":46648},{"Length":169,"Height":276,"Demand":1,"DemandMax":null,"Value":46644},{"Length":159,"Height":293,"Demand":1,"DemandMax":null,"Value":46587},{"Length":187,"Height":249,"Demand":1,"DemandMax":null,"Value":46563},{"Length":177,"Height":263,"Demand":1,"DemandMax":null,"Value":46551},{"Length":245,"Height":190,"Demand":1,"DemandMax":null,"Value":46550},{"Length":207,"Height":224,"Demand":1,"DemandMax":null,"Value":46368},{"Length":158,"Height":293,"Demand":1,"DemandMax":null,"Value":46294},{"Length":203,"Height":228,"Demand":1,"DemandMax":null,"Value":46284},{"Length":167,"Height":277,"Demand":1,"DemandMax":null,"Value":46259},{"Length":216,"Height":214,"Demand":1,"DemandMax":null,"Value":46224},{"Length":219,"Height":211,"Demand":1,"DemandMax":null,"Value":46209},{"Length":186,"Height":247,"Demand":1,"DemandMax":null,"Value":45942},{"Length":255,"Height":180,"Demand":1,"DemandMax":null,"Value":45900},{"Length":192,"Height":239,"Demand":1,"DemandMax":null,"Value":45888},{"Length":185,"Height":248,"Demand":1,"DemandMax":null,"Value":45880},{"Length":262,"Height":175,"Demand":1,"DemandMax":null,"Value":45850},{"Length":181,"Height":253,"Demand":1,"DemandMax":null,"Value":45793},{"Length":267,"Height":171,"Demand":1,"DemandMax":null,"Value":45657},{"Length":275,"Height":166,"Demand":1,"DemandMax":null,"Value":45650},{"Length":239,"Height":191,"Demand":1,"DemandMax":null,"Value":45649},{"Length":265,"Height":172,"Demand":1,"DemandMax":null,"Value":45580},{"Length":215,"Height":212,"Demand":1,"DemandMax":null,"Value":45580},{"Length":243,"Height":187,"Demand":1,"DemandMax":null,"Value":45441},{"Length":181,"Height":251,"Demand":1,"DemandMax":null,"Value":45431},{"Length":248,"Height":183,"Demand":1,"DemandMax":null,"Value":45384},{"Length":165,"Height":275,"Demand":1,"DemandMax":null,"Value":45375},{"Length":166,"Height":273,"Demand":1,"DemandMax":null,"Value":45318},{"Length":163,"Height":278,"Demand":1,"DemandMax":null,"Value":45314},{"Length":256,"Height":177,"Demand":1,"DemandMax":null,"Value":45312},{"Length":240,"Height":188,"Demand":1,"DemandMax":null,"Value":45120},{"Length":197,"Height":229,"Demand":1,"DemandMax":null,"Value":45113},{"Length":162,"Height":278,"Demand":1,"DemandMax":null,"Value":45036},{"Length":244,"Height":184,"Demand":1,"DemandMax":null,"Value":44896},{"Length":162,"Height":277,"Demand":1,"DemandMax":null,"Value":44874},{"Length":178,"Height":252,"Demand":1,"DemandMax":null,"Value":44856},{"Length":201,"Height":223,"Demand":1,"DemandMax":null,"Value":44823},{"Length":169,"Height":265,"Demand":1,"DemandMax":null,"Value":44785},{"Length":253,"Height":177,"Demand":1,"DemandMax":null,"Value":44781},{"Length":232,"Height":193,"Demand":1,"DemandMax":null,"Value":44776},{"Length":287,"Height":156,"Demand":1,"DemandMax":null,"Value":44772},{"Length":263,"Height":170,"Demand":1,"DemandMax":null,"Value":44710},{"Length":181,"Height":247,"Demand":1,"DemandMax":null,"Value":44707},{"Length":176,"Height":254,"Demand":1,"DemandMax":null,"Value":44704},{"Length":210,"Height":212,"Demand":1,"DemandMax":null,"Value":44520},{"Length":169,"Height":263,"Demand":1,"DemandMax":null,"Value":44447},{"Length":274,"Height":162,"Demand":1,"DemandMax":null,"Value":44388},{"Length":223,"Height":199,"Demand":1,"DemandMax":null,"Value":44377},{"Length":188,"Height":236,"Demand":1,"DemandMax":null,"Value":44368},{"Length":150,"Height":295,"Demand":1,"DemandMax":null,"Value":44250},{"Length":288,"Height":153,"Demand":1,"DemandMax":null,"Value":44064},{"Length":188,"Height":234,"Demand":1,"DemandMax":null,"Value":43992},{"Length":243,"Height":181,"Demand":1,"DemandMax":null,"Value":43983},{"Length":148,"Height":297,"Demand":1,"DemandMax":null,"Value":43956},{"Length":230,"Height":191,"Demand":1,"DemandMax":null,"Value":43930},{"Length":263,"Height":167,"Demand":1,"DemandMax":null,"Value":43921},{"Length":190,"Height":231,"Demand":1,"DemandMax":null,"Value":43890},{"Length":245,"Height":179,"Demand":1,"DemandMax":null,"Value":43855},{"Length":188,"Height":233,"Demand":1,"DemandMax":null,"Value":43804},{"Length":161,"Height":271,"Demand":1,"DemandMax":null,"Value":43631},{"Length":217,"Height":201,"Demand":1,"DemandMax":null,"Value":43617},{"Length":155,"Height":281,"Demand":1,"DemandMax":null,"Value":43555},{"Length":209,"Height":208,"Demand":1,"DemandMax":null,"Value":43472},{"Length":205,"Height":212,"Demand":1,"DemandMax":null,"Value":43460},{"Length":164,"Height":265,"Demand":1,"DemandMax":null,"Value":43460},{"Length":180,"Height":241,"Demand":1,"DemandMax":null,"Value":43380},{"Length":146,"Height":297,"Demand":1,"DemandMax":null,"Value":43362},{"Length":258,"Height":168,"Demand":1,"DemandMax":null,"Value":43344},{"Length":250,"Height":173,"Demand":1,"DemandMax":null,"Value":43250},{"Length":298,"Height":145,"Demand":1,"DemandMax":null,"Value":43210},{"Length":300,"Height":144,"Demand":1,"DemandMax":null,"Value":43200},{"Length":153,"Height":282,"Demand":1,"DemandMax":null,"Value":43146},{"Length":196,"Height":220,"Demand":1,"DemandMax":null,"Value":43120},{"Length":144,"Height":299,"Demand":1,"DemandMax":null,"Value":43056},{"Length":204,"Height":211,"Demand":1,"DemandMax":null,"Value":43044},{"Length":213,"Height":202,"Demand":1,"DemandMax":null,"Value":43026},{"Length":145,"Height":296,"Demand":1,"DemandMax":null,"Value":42920},{"Length":195,"Height":220,"Demand":1,"DemandMax":null,"Value":42900},{"Length":237,"Height":181,"Demand":1,"DemandMax":null,"Value":42897},{"Length":268,"Height":160,"Demand":1,"DemandMax":null,"Value":42880},{"Length":253,"Height":169,"Demand":1,"DemandMax":null,"Value":42757},{"Length":173,"Height":247,"Demand":1,"DemandMax":null,"Value":42731},{"Length":193,"Height":221,"Demand":1,"DemandMax":null,"Value":42653},{"Length":180,"Height":236,"Demand":1,"DemandMax":null,"Value":42480},{"Length":152,"Height":279,"Demand":1,"DemandMax":null,"Value":42408},{"Length":266,"Height":159,"Demand":1,"DemandMax":null,"Value":42294},{"Length":250,"Height":169,"Demand":1,"DemandMax":null,"Value":42250},{"Length":182,"Height":232,"Demand":1,"DemandMax":null,"Value":42224},{"Length":227,"Height":186,"Demand":1,"DemandMax":null,"Value":42222},{"Length":213,"Height":198,"Demand":1,"DemandMax":null,"Value":42174},{"Length":248,"Height":170,"Demand":1,"DemandMax":null,"Value":42160},{"Length":242,"Height":174,"Demand":1,"DemandMax":null,"Value":42108},{"Length":143,"Height":294,"Demand":1,"DemandMax":null,"Value":42042},{"Length":181,"Height":232,"Demand":1,"DemandMax":null,"Value":41992},{"Length":156,"Height":269,"Demand":1,"DemandMax":null,"Value":41964},{"Length":160,"Height":262,"Demand":1,"DemandMax":null,"Value":41920},{"Length":143,"Height":293,"Demand":1,"DemandMax":null,"Value":41899},{"Length":299,"Height":140,"Demand":1,"DemandMax":null,"Value":41860},{"Length":238,"Height":175,"Demand":1,"DemandMax":null,"Value":41650},{"Length":139,"Height":299,"Demand":1,"DemandMax":null,"Value":41561},{"Length":258,"Height":161,"Demand":1,"DemandMax":null,"Value":41538},{"Length":186,"Height":223,"Demand":1,"DemandMax":null,"Value":41478},{"Length":267,"Height":155,"Demand":1,"DemandMax":null,"Value":41385},{"Length":260,"Height":159,"Demand":1,"DemandMax":null,"Value":41340},{"Length":252,"Height":164,"Demand":1,"DemandMax":null,"Value":41328},{"Length":193,"Height":214,"Demand":1,"DemandMax":null,"Value":41302},{"Length":179,"Height":230,"Demand":1,"DemandMax":null,"Value":41170},{"Length":193,"Height":213,"Demand":1,"DemandMax":null,"Value":41109},{"Length":204,"Height":201,"Demand":1,"DemandMax":null,"Value":41004},{"Length":171,"Height":239,"Demand":1,"DemandMax":null,"Value":40869},{"Length":260,"Height":157,"Demand":1,"DemandMax":null,"Value":40820},{"Length":300,"Height":136,"Demand":1,"DemandMax":null,"Value":40800},{"Length":165,"Height":247,"Demand":1,"DemandMax":null,"Value":40755},{"Length":212,"Height":192,"Demand":1,"DemandMax":null,"Value":40704},{"Length":173,"Height":234,"Demand":1,"DemandMax":null,"Value":40482},{"Length":253,"Height":160,"Demand":1,"DemandMax":null,"Value":40480},{"Length":187,"Height":216,"Demand":1,"DemandMax":null,"Value":40392},{"Length":181,"Height":223,"Demand":1,"DemandMax":null,"Value":40363},{"Length":252,"Height":160,"Demand":1,"DemandMax":null,"Value":40320},{"Length":178,"Height":226,"Demand":1,"DemandMax":null,"Value":40228},{"Length":279,"Height":144,"Demand":1,"DemandMax":null,"Value":40176},{"Length":264,"Height":152,"Demand":1,"DemandMax":null,"Value":40128},{"Length":169,"Height":237,"Demand":1,"DemandMax":null,"Value":40053},{"Length":182,"Height":220,"Demand":1,"DemandMax":null,"Value":40040},{"Length":200,"Height":200,"Demand":1,"DemandMax":null,"Value":40000},{"Length":200,"Height":199,"Demand":1,"DemandMax":null,"Value":39800},{"Length":170,"Height":234,"Demand":1,"DemandMax":null,"Value":39780},{"Length":192,"Height":207,"Demand":1,"DemandMax":null,"Value":39744},{"Length":139,"Height":285,"Demand":1,"DemandMax":null,"Value":39615},{"Length":214,"Height":185,"Demand":1,"DemandMax":null,"Value":39590},{"Length":132,"Height":299,"Demand":1,"DemandMax":null,"Value":39468},{"Length":193,"Height":204,"Demand":1,"DemandMax":null,"Value":39372},{"Length":164,"Height":240,"Demand":1,"DemandMax":null,"Value":39360},{"Length":146,"Height":269,"Demand":1,"DemandMax":null,"Value":39274},{"Length":159,"Height":247,"Demand":1,"DemandMax":null,"Value":39273},{"Length":212,"Height":185,"Demand":1,"DemandMax":null,"Value":39220},{"Length":131,"Height":298,"Demand":1,"DemandMax":null,"Value":39038},{"Length":174,"Height":224,"Demand":1,"DemandMax":null,"Value":38976},{"Length":179,"Height":217,"Demand":1,"DemandMax":null,"Value":38843},{"Length":168,"Height":231,"Demand":1,"DemandMax":null,"Value":38808},{"Length":214,"Height":181,"Demand":1,"DemandMax":null,"Value":38734},{"Length":248,"Height":156,"Demand":1,"DemandMax":null,"Value":38688},{"Length":185,"Height":209,"Demand":1,"DemandMax":null,"Value":38665},{"Length":230,"Height":168,"Demand":1,"DemandMax":null,"Value":38640},{"Length":142,"Height":272,"Demand":1,"DemandMax":null,"Value":38624},{"Length":194,"Height":199,"Demand":1,"DemandMax":null,"Value":38606},{"Length":129,"Height":299,"Demand":1,"DemandMax":null,"Value":38571},{"Length":262,"Height":147,"Demand":1,"DemandMax":null,"Value":38514},{"Length":216,"Height":178,"Demand":1,"DemandMax":null,"Value":38448},{"Length":149,"Height":258,"Demand":1,"DemandMax":null,"Value":38442},{"Length":196,"Height":196,"Demand":1,"DemandMax":null,"Value":38416},{"Length":200,"Height":192,"Demand":1,"DemandMax":null,"Value":38400},{"Length":172,"Height":223,"Demand":1,"DemandMax":null,"Value":38356},{"Length":235,"Height":163,"Demand":1,"DemandMax":null,"Value":38305},{"Length":174,"Height":220,"Demand":1,"DemandMax":null,"Value":38280},{"Length":221,"Height":173,"Demand":1,"DemandMax":null,"Value":38233},{"Length":243,"Height":157,"Demand":1,"DemandMax":null,"Value":38151},{"Length":213,"Height":179,"Demand":1,"DemandMax":null,"Value":38127},{"Length":183,"Height":208,"Demand":1,"DemandMax":null,"Value":38064},{"Length":141,"Height":268,"Demand":1,"DemandMax":null,"Value":37788},{"Length":242,"Height":156,"Demand":1,"DemandMax":null,"Value":37752},{"Length":265,"Height":142,"Demand":1,"DemandMax":null,"Value":37630},{"Length":177,"Height":212,"Demand":1,"DemandMax":null,"Value":37524},{"Length":226,"Height":166,"Demand":1,"DemandMax":null,"Value":37516},{"Length":282,"Height":133,"Demand":1,"DemandMax":null,"Value":37506},{"Length":171,"Height":219,"Demand":1,"DemandMax":null,"Value":37449},{"Length":234,"Height":160,"Demand":1,"DemandMax":null,"Value":37440},{"Length":177,"Height":211,"Demand":1,"DemandMax":null,"Value":37347},{"Length":147,"Height":254,"Demand":1,"DemandMax":null,"Value":37338},{"Length":213,"Height":175,"Demand":1,"DemandMax":null,"Value":37275},{"Length":266,"Height":140,"Demand":1,"DemandMax":null,"Value":37240},{"Length":258,"Height":144,"Demand":1,"DemandMax":null,"Value":37152},{"Length":125,"Height":297,"Demand":1,"DemandMax":null,"Value":37125},{"Length":161,"Height":230,"Demand":1,"DemandMax":null,"Value":37030},{"Length":219,"Height":169,"Demand":1,"DemandMax":null,"Value":37011},{"Length":163,"Height":227,"Demand":1,"DemandMax":null,"Value":37001},{"Length":266,"Height":139,"Demand":1,"DemandMax":null,"Value":36974},{"Length":140,"Height":263,"Demand":1,"DemandMax":null,"Value":36820},{"Length":183,"Height":201,"Demand":1,"DemandMax":null,"Value":36783},{"Length":230,"Height":159,"Demand":1,"DemandMax":null,"Value":36570},{"Length":130,"Height":281,"Demand":1,"DemandMax":null,"Value":36530},{"Length":144,"Height":253,"Demand":1,"DemandMax":null,"Value":36432},{"Length":167,"Height":218,"Demand":1,"DemandMax":null,"Value":36406},{"Length":280,"Height":130,"Demand":1,"DemandMax":null,"Value":36400},{"Length":149,"Height":244,"Demand":1,"DemandMax":null,"Value":36356},{"Length":236,"Height":154,"Demand":1,"DemandMax":null,"Value":36344},{"Length":127,"Height":286,"Demand":1,"DemandMax":null,"Value":36322},{"Length":182,"Height":199,"Demand":1,"DemandMax":null,"Value":36218},{"Length":174,"Height":208,"Demand":1,"DemandMax":null,"Value":36192},{"Length":274,"Height":132,"Demand":1,"DemandMax":null,"Value":36168},{"Length":123,"Height":294,"Demand":1,"DemandMax":null,"Value":36162},{"Length":244,"Height":148,"Demand":1,"DemandMax":null,"Value":36112},{"Length":216,"Height":167,"Demand":1,"DemandMax":null,"Value":36072},{"Length":254,"Height":142,"Demand":1,"DemandMax":null,"Value":36068},{"Length":127,"Height":284,"Demand":1,"DemandMax":null,"Value":36068},{"Length":124,"Height":290,"Demand":1,"DemandMax":null,"Value":35960},{"Length":274,"Height":131,"Demand":1,"DemandMax":null,"Value":35894},{"Length":236,"Height":152,"Demand":1,"DemandMax":null,"Value":35872},{"Length":282,"Height":127,"Demand":1,"DemandMax":null,"Value":35814},{"Length":171,"Height":209,"Demand":1,"DemandMax":null,"Value":35739},{"Length":299,"Height":119,"Demand":1,"DemandMax":null,"Value":35581},{"Length":289,"Height":123,"Demand":1,"DemandMax":null,"Value":35547},{"Length":229,"Height":155,"Demand":1,"DemandMax":null,"Value":35495},{"Length":161,"Height":220,"Demand":1,"DemandMax":null,"Value":35420},{"Length":175,"Height":202,"Demand":1,"DemandMax":null,"Value":35350},{"Length":190,"Height":186,"Demand":1,"DemandMax":null,"Value":35340},{"Length":193,"Height":183,"Demand":1,"DemandMax":null,"Value":35319},{"Length":299,"Height":118,"Demand":1,"DemandMax":null,"Value":35282},{"Length":150,"Height":235,"Demand":1,"DemandMax":null,"Value":35250},{"Length":244,"Height":144,"Demand":1,"DemandMax":null,"Value":35136},{"Length":173,"Height":203,"Demand":1,"DemandMax":null,"Value":35119},{"Length":300,"Height":117,"Demand":1,"DemandMax":null,"Value":35100},{"Length":283,"Height":124,"Demand":1,"DemandMax":null,"Value":35092},{"Length":136,"Height":258,"Demand":1,"DemandMax":null,"Value":35088},{"Length":170,"Height":206,"Demand":1,"DemandMax":null,"Value":35020},{"Length":280,"Height":125,"Demand":1,"DemandMax":null,"Value":35000},{"Length":159,"Height":220,"Demand":1,"DemandMax":null,"Value":34980},{"Length":192,"Height":182,"Demand":1,"DemandMax":null,"Value":34944},{"Length":296,"Height":118,"Demand":1,"DemandMax":null,"Value":34928},{"Length":272,"Height":128,"Demand":1,"DemandMax":null,"Value":34816},{"Length":123,"Height":283,"Demand":1,"DemandMax":null,"Value":34809},{"Length":200,"Height":174,"Demand":1,"DemandMax":null,"Value":34800},{"Length":148,"Height":235,"Demand":1,"DemandMax":null,"Value":34780},{"Length":134,"Height":259,"Demand":1,"DemandMax":null,"Value":34706},{"Length":282,"Height":123,"Demand":1,"DemandMax":null,"Value":34686},{"Length":204,"Height":170,"Demand":1,"DemandMax":null,"Value":34680},{"Length":125,"Height":277,"Demand":1,"DemandMax":null,"Value":34625},{"Length":286,"Height":121,"Demand":1,"DemandMax":null,"Value":34606},{"Length":182,"Height":190,"Demand":1,"DemandMax":null,"Value":34580},{"Length":191,"Height":181,"Demand":1,"DemandMax":null,"Value":34571},{"Length":116,"Height":298,"Demand":1,"DemandMax":null,"Value":34568},{"Length":272,"Height":127,"Demand":1,"DemandMax":null,"Value":34544},{"Length":208,"Height":166,"Demand":1,"DemandMax":null,"Value":34528},{"Length":131,"Height":263,"Demand":1,"DemandMax":null,"Value":34453},{"Length":255,"Height":135,"Demand":1,"DemandMax":null,"Value":34425},{"Length":180,"Height":191,"Demand":1,"DemandMax":null,"Value":34380},{"Length":291,"Height":118,"Demand":1,"DemandMax":null,"Value":34338},{"Length":266,"Height":129,"Demand":1,"DemandMax":null,"Value":34314},{"Length":197,"Height":174,"Demand":1,"DemandMax":null,"Value":34278},{"Length":138,"Height":248,"Demand":1,"DemandMax":null,"Value":34224},{"Length":239,"Height":143,"Demand":1,"DemandMax":null,"Value":34177},{"Length":196,"Height":174,"Demand":1,"DemandMax":null,"Value":34104},{"Length":232,"Height":147,"Demand":1,"DemandMax":null,"Value":34104},{"Length":247,"Height":138,"Demand":1,"DemandMax":null,"Value":34086},{"Length":258,"Height":132,"Demand":1,"DemandMax":null,"Value":34056},{"Length":116,"Height":293,"Demand":1,"DemandMax":null,"Value":33988},{"Length":207,"Height":164,"Demand":1,"DemandMax":null,"Value":33948},{"Length":276,"Height":123,"Demand":1,"DemandMax":null,"Value":33948},{"Length":119,"Height":285,"Demand":1,"DemandMax":null,"Value":33915},{"Length":140,"Height":242,"Demand":1,"DemandMax":null,"Value":33880},{"Length":116,"Height":292,"Demand":1,"DemandMax":null,"Value":33872},{"Length":146,"Height":232,"Demand":1,"DemandMax":null,"Value":33872},{"Length":149,"Height":227,"Demand":1,"DemandMax":null,"Value":33823},{"Length":132,"Height":256,"Demand":1,"DemandMax":null,"Value":33792},{"Length":268,"Height":126,"Demand":1,"DemandMax":null,"Value":33768},{"Length":286,"Height":118,"Demand":1,"DemandMax":null,"Value":33748},{"Length":199,"Height":169,"Demand":1,"DemandMax":null,"Value":33631},{"Length":113,"Height":297,"Demand":1,"DemandMax":null,"Value":33561},{"Length":266,"Height":126,"Demand":1,"DemandMax":null,"Value":33516},{"Length":191,"Height":175,"Demand":1,"DemandMax":null,"Value":33425},{"Length":232,"Height":144,"Demand":1,"DemandMax":null,"Value":33408},{"Length":174,"Height":192,"Demand":1,"DemandMax":null,"Value":33408},{"Length":285,"Height":117,"Demand":1,"DemandMax":null,"Value":33345},{"Length":164,"Height":203,"Demand":1,"DemandMax":null,"Value":33292},{"Length":146,"Height":228,"Demand":1,"DemandMax":null,"Value":33288},{"Length":121,"Height":275,"Demand":1,"DemandMax":null,"Value":33275},{"Length":262,"Height":127,"Demand":1,"DemandMax":null,"Value":33274},{"Length":223,"Height":149,"Demand":1,"DemandMax":null,"Value":33227},{"Length":218,"Height":152,"Demand":1,"DemandMax":null,"Value":33136},{"Length":125,"Height":265,"Demand":1,"DemandMax":null,"Value":33125},{"Length":163,"Height":203,"Demand":1,"DemandMax":null,"Value":33089},{"Length":225,"Height":147,"Demand":1,"DemandMax":null,"Value":33075},{"Length":231,"Height":143,"Demand":1,"DemandMax":null,"Value":33033},{"Length":260,"Height":127,"Demand":1,"DemandMax":null,"Value":33020},{"Length":131,"Height":252,"Demand":1,"DemandMax":null,"Value":33012},{"Length":223,"Height":148,"Demand":1,"DemandMax":null,"Value":33004},{"Length":111,"Height":297,"Demand":1,"DemandMax":null,"Value":32967},{"Length":164,"Height":201,"Demand":1,"DemandMax":null,"Value":32964},{"Length":149,"Height":221,"Demand":1,"DemandMax":null,"Value":32929},{"Length":233,"Height":141,"Demand":1,"DemandMax":null,"Value":32853},{"Length":160,"Height":205,"Demand":1,"DemandMax":null,"Value":32800},{"Length":164,"Height":200,"Demand":1,"DemandMax":null,"Value":32800},{"Length":220,"Height":149,"Demand":1,"DemandMax":null,"Value":32780},{"Length":287,"Height":114,"Demand":1,"DemandMax":null,"Value":32718},{"Length":266,"Height":123,"Demand":1,"DemandMax":null,"Value":32718},{"Length":172,"Height":190,"Demand":1,"DemandMax":null,"Value":32680},{"Length":127,"Height":257,"Demand":1,"DemandMax":null,"Value":32639},{"Length":290,"Height":112,"Demand":1,"DemandMax":null,"Value":32480},{"Length":230,"Height":141,"Demand":1,"DemandMax":null,"Value":32430},{"Length":109,"Height":297,"Demand":1,"DemandMax":null,"Value":32373},{"Length":195,"Height":166,"Demand":1,"DemandMax":null,"Value":32370},{"Length":231,"Height":140,"Demand":1,"DemandMax":null,"Value":32340},{"Length":155,"Height":208,"Demand":1,"DemandMax":null,"Value":32240},{"Length":162,"Height":199,"Demand":1,"DemandMax":null,"Value":32238},{"Length":193,"Height":167,"Demand":1,"DemandMax":null,"Value":32231},{"Length":145,"Height":222,"Demand":1,"DemandMax":null,"Value":32190},{"Length":117,"Height":275,"Demand":1,"DemandMax":null,"Value":32175},{"Length":111,"Height":289,"Demand":1,"DemandMax":null,"Value":32079},{"Length":171,"Height":187,"Demand":1,"DemandMax":null,"Value":31977},{"Length":148,"Height":216,"Demand":1,"DemandMax":null,"Value":31968},{"Length":111,"Height":287,"Demand":1,"DemandMax":null,"Value":31857},{"Length":160,"Height":199,"Demand":1,"DemandMax":null,"Value":31840},{"Length":129,"Height":246,"Demand":1,"DemandMax":null,"Value":31734},{"Length":191,"Height":166,"Demand":1,"DemandMax":null,"Value":31706},{"Length":121,"Height":262,"Demand":1,"DemandMax":null,"Value":31702},{"Length":198,"Height":160,"Demand":1,"DemandMax":null,"Value":31680},{"Length":240,"Height":132,"Demand":1,"DemandMax":null,"Value":31680},{"Length":145,"Height":218,"Demand":1,"DemandMax":null,"Value":31610},{"Length":215,"Height":147,"Demand":1,"DemandMax":null,"Value":31605},{"Length":261,"Height":121,"Demand":1,"DemandMax":null,"Value":31581},{"Length":154,"Height":205,"Demand":1,"DemandMax":null,"Value":31570},{"Length":108,"Height":292,"Demand":1,"DemandMax":null,"Value":31536},{"Length":149,"Height":211,"Demand":1,"DemandMax":null,"Value":31439},{"Length":204,"Height":154,"Demand":1,"DemandMax":null,"Value":31416},{"Length":196,"Height":160,"Demand":1,"DemandMax":null,"Value":31360},{"Length":202,"Height":155,"Demand":1,"DemandMax":null,"Value":31310},{"Length":182,"Height":172,"Demand":1,"DemandMax":null,"Value":31304},{"Length":282,"Height":111,"Demand":1,"DemandMax":null,"Value":31302},{"Length":171,"Height":183,"Demand":1,"DemandMax":null,"Value":31293},{"Length":230,"Height":136,"Demand":1,"DemandMax":null,"Value":31280},{"Length":193,"Height":161,"Demand":1,"DemandMax":null,"Value":31073},{"Length":187,"Height":166,"Demand":1,"DemandMax":null,"Value":31042},{"Length":123,"Height":252,"Demand":1,"DemandMax":null,"Value":30996},{"Length":189,"Height":164,"Demand":1,"DemandMax":null,"Value":30996},{"Length":256,"Height":121,"Demand":1,"DemandMax":null,"Value":30976},{"Length":300,"Height":103,"Demand":1,"DemandMax":null,"Value":30900},{"Length":291,"Height":106,"Demand":1,"DemandMax":null,"Value":30846},{"Length":207,"Height":149,"Demand":1,"DemandMax":null,"Value":30843},{"Length":250,"Height":123,"Demand":1,"DemandMax":null,"Value":30750},{"Length":244,"Height":126,"Demand":1,"DemandMax":null,"Value":30744},{"Length":260,"Height":118,"Demand":1,"DemandMax":null,"Value":30680},{"Length":239,"Height":128,"Demand":1,"DemandMax":null,"Value":30592},{"Length":190,"Height":161,"Demand":1,"DemandMax":null,"Value":30590},{"Length":129,"Height":237,"Demand":1,"DemandMax":null,"Value":30573},{"Length":102,"Height":299,"Demand":1,"DemandMax":null,"Value":30498},{"Length":238,"Height":128,"Demand":1,"DemandMax":null,"Value":30464},{"Length":157,"Height":194,"Demand":1,"DemandMax":null,"Value":30458},{"Length":249,"Height":122,"Demand":1,"DemandMax":null,"Value":30378},{"Length":202,"Height":150,"Demand":1,"DemandMax":null,"Value":30300},{"Length":240,"Height":126,"Demand":1,"DemandMax":null,"Value":30240},{"Length":101,"Height":299,"Demand":1,"DemandMax":null,"Value":30199},{"Length":222,"Height":136,"Demand":1,"DemandMax":null,"Value":30192},{"Length":208,"Height":145,"Demand":1,"DemandMax":null,"Value":30160},{"Length":148,"Height":203,"Demand":1,"DemandMax":null,"Value":30044},{"Length":116,"Height":259,"Demand":1,"DemandMax":null,"Value":30044},{"Length":278,"Height":108,"Demand":1,"DemandMax":null,"Value":30024},{"Length":254,"Height":118,"Demand":1,"DemandMax":null,"Value":29972},{"Length":228,"Height":131,"Demand":1,"DemandMax":null,"Value":29868},{"Length":226,"Height":132,"Demand":1,"DemandMax":null,"Value":29832},{"Length":129,"Height":231,"Demand":1,"DemandMax":null,"Value":29799},{"Length":136,"Height":219,"Demand":1,"DemandMax":null,"Value":29784},{"Length":192,"Height":155,"Demand":1,"DemandMax":null,"Value":29760},{"Length":234,"Height":127,"Demand":1,"DemandMax":null,"Value":29718},{"Length":179,"Height":166,"Demand":1,"DemandMax":null,"Value":29714},{"Length":274,"Height":108,"Demand":1,"DemandMax":null,"Value":29592},{"Length":153,"Height":193,"Demand":1,"DemandMax":null,"Value":29529},{"Length":123,"Height":240,"Demand":1,"DemandMax":null,"Value":29520},{"Length":283,"Height":104,"Demand":1,"DemandMax":null,"Value":29432},{"Length":124,"Height":237,"Demand":1,"DemandMax":null,"Value":29388},{"Length":118,"Height":249,"Demand":1,"DemandMax":null,"Value":29382},{"Length":253,"Height":116,"Demand":1,"DemandMax":null,"Value":29348},{"Length":287,"Height":102,"Demand":1,"DemandMax":null,"Value":29274},{"Length":170,"Height":172,"Demand":1,"DemandMax":null,"Value":29240},{"Length":175,"Height":167,"Demand":1,"DemandMax":null,"Value":29225},{"Length":119,"Height":245,"Demand":1,"DemandMax":null,"Value":29155},{"Length":117,"Height":249,"Demand":1,"DemandMax":null,"Value":29133},{"Length":189,"Height":154,"Demand":1,"DemandMax":null,"Value":29106},{"Length":150,"Height":194,"Demand":1,"DemandMax":null,"Value":29100},{"Length":104,"Height":279,"Demand":1,"DemandMax":null,"Value":29016},{"Length":126,"Height":230,"Demand":1,"DemandMax":null,"Value":28980},{"Length":116,"Height":249,"Demand":1,"DemandMax":null,"Value":28884},{"Length":165,"Height":175,"Demand":1,"DemandMax":null,"Value":28875},{"Length":111,"Height":260,"Demand":1,"DemandMax":null,"Value":28860},{"Length":126,"Height":229,"Demand":1,"DemandMax":null,"Value":28854},{"Length":151,"Height":191,"Demand":1,"DemandMax":null,"Value":28841},{"Length":108,"Height":267,"Demand":1,"DemandMax":null,"Value":28836},{"Length":220,"Height":131,"Demand":1,"DemandMax":null,"Value":28820},{"Length":173,"Height":166,"Demand":1,"DemandMax":null,"Value":28718},{"Length":131,"Height":219,"Demand":1,"DemandMax":null,"Value":28689},{"Length":154,"Height":186,"Demand":1,"DemandMax":null,"Value":28644},{"Length":222,"Height":129,"Demand":1,"DemandMax":null,"Value":28638},{"Length":193,"Height":148,"Demand":1,"DemandMax":null,"Value":28564},{"Length":132,"Height":216,"Demand":1,"DemandMax":null,"Value":28512},{"Length":161,"Height":177,"Demand":1,"DemandMax":null,"Value":28497},{"Length":139,"Height":205,"Demand":1,"DemandMax":null,"Value":28495},{"Length":185,"Height":154,"Demand":1,"DemandMax":null,"Value":28490},{"Length":268,"Height":106,"Demand":1,"DemandMax":null,"Value":28408},{"Length":247,"Height":115,"Demand":1,"DemandMax":null,"Value":28405},{"Length":189,"Height":150,"Demand":1,"DemandMax":null,"Value":28350},{"Length":120,"Height":236,"Demand":1,"DemandMax":null,"Value":28320},{"Length":169,"Height":167,"Demand":1,"DemandMax":null,"Value":28223},{"Length":110,"Height":256,"Demand":1,"DemandMax":null,"Value":28160},{"Length":136,"Height":207,"Demand":1,"DemandMax":null,"Value":28152},{"Length":101,"Height":278,"Demand":1,"DemandMax":null,"Value":28078},{"Length":124,"Height":226,"Demand":1,"DemandMax":null,"Value":28024},{"Length":213,"Height":131,"Demand":1,"DemandMax":null,"Value":27903},{"Length":202,"Height":138,"Demand":1,"DemandMax":null,"Value":27876},{"Length":119,"Height":234,"Demand":1,"DemandMax":null,"Value":27846},{"Length":139,"Height":200,"Demand":1,"DemandMax":null,"Value":27800},{"Length":116,"Height":239,"Demand":1,"DemandMax":null,"Value":27724},{"Length":100,"Height":277,"Demand":1,"DemandMax":null,"Value":27700},{"Length":256,"Height":108,"Demand":1,"DemandMax":null,"Value":27648},{"Length":203,"Height":136,"Demand":1,"DemandMax":null,"Value":27608},{"Length":127,"Height":217,"Demand":1,"DemandMax":null,"Value":27559},{"Length":166,"Height":166,"Demand":1,"DemandMax":null,"Value":27556},{"Length":229,"Height":120,"Demand":1,"DemandMax":null,"Value":27480},{"Length":138,"Height":199,"Demand":1,"DemandMax":null,"Value":27462},{"Length":216,"Height":127,"Demand":1,"DemandMax":null,"Value":27432},{"Length":111,"Height":247,"Demand":1,"DemandMax":null,"Value":27417},{"Length":153,"Height":179,"Demand":1,"DemandMax":null,"Value":27387},{"Length":197,"Height":139,"Demand":1,"DemandMax":null,"Value":27383},{"Length":134,"Height":204,"Demand":1,"DemandMax":null,"Value":27336},{"Length":191,"Height":143,"Demand":1,"DemandMax":null,"Value":27313},{"Length":222,"Height":123,"Demand":1,"DemandMax":null,"Value":27306},{"Length":109,"Height":250,"Demand":1,"DemandMax":null,"Value":27250},{"Length":171,"Height":159,"Demand":1,"DemandMax":null,"Value":27189},{"Length":179,"Height":151,"Demand":1,"DemandMax":null,"Value":27029},{"Length":140,"Height":193,"Demand":1,"DemandMax":null,"Value":27020},{"Length":139,"Height":194,"Demand":1,"DemandMax":null,"Value":26966},{"Length":111,"Height":241,"Demand":1,"DemandMax":null,"Value":26751},{"Length":250,"Height":107,"Demand":1,"DemandMax":null,"Value":26750},{"Length":198,"Height":135,"Demand":1,"DemandMax":null,"Value":26730},{"Length":190,"Height":140,"Demand":1,"DemandMax":null,"Value":26600},{"Length":169,"Height":157,"Demand":1,"DemandMax":null,"Value":26533},{"Length":132,"Height":201,"Demand":1,"DemandMax":null,"Value":26532},{"Length":127,"Height":208,"Demand":1,"DemandMax":null,"Value":26416},{"Length":176,"Height":150,"Demand":1,"DemandMax":null,"Value":26400},{"Length":194,"Height":136,"Demand":1,"DemandMax":null,"Value":26384},{"Length":128,"Height":206,"Demand":1,"DemandMax":null,"Value":26368},{"Length":137,"Height":192,"Demand":1,"DemandMax":null,"Value":26304},{"Length":122,"Height":215,"Demand":1,"DemandMax":null,"Value":26230},{"Length":126,"Height":208,"Demand":1,"DemandMax":null,"Value":26208},{"Length":200,"Height":131,"Demand":1,"DemandMax":null,"Value":26200},{"Length":151,"Height":173,"Demand":1,"DemandMax":null,"Value":26123},{"Length":122,"Height":214,"Demand":1,"DemandMax":null,"Value":26108},{"Length":107,"Height":244,"Demand":1,"DemandMax":null,"Value":26108},{"Length":157,"Height":166,"Demand":1,"DemandMax":null,"Value":26062},{"Length":108,"Height":241,"Demand":1,"DemandMax":null,"Value":26028},{"Length":154,"Height":169,"Demand":1,"DemandMax":null,"Value":26026},{"Length":255,"Height":102,"Demand":1,"DemandMax":null,"Value":26010},{"Length":206,"Height":126,"Demand":1,"DemandMax":null,"Value":25956},{"Length":218,"Height":119,"Demand":1,"DemandMax":null,"Value":25942},{"Length":209,"Height":124,"Demand":1,"DemandMax":null,"Value":25916},{"Length":175,"Height":148,"Demand":1,"DemandMax":null,"Value":25900},{"Length":196,"Height":132,"Demand":1,"DemandMax":null,"Value":25872},{"Length":103,"Height":251,"Demand":1,"DemandMax":null,"Value":25853},{"Length":178,"Height":145,"Demand":1,"DemandMax":null,"Value":25810},{"Length":149,"Height":173,"Demand":1,"DemandMax":null,"Value":25777},{"Length":103,"Height":250,"Demand":1,"DemandMax":null,"Value":25750},{"Length":120,"Height":214,"Demand":1,"DemandMax":null,"Value":25680},{"Length":130,"Height":197,"Demand":1,"DemandMax":null,"Value":25610},{"Length":200,"Height":128,"Demand":1,"DemandMax":null,"Value":25600},{"Length":107,"Height":239,"Demand":1,"DemandMax":null,"Value":25573},{"Length":248,"Height":103,"Demand":1,"DemandMax":null,"Value":25544},{"Length":250,"Height":102,"Demand":1,"DemandMax":null,"Value":25500},{"Length":103,"Height":247,"Demand":1,"DemandMax":null,"Value":25441},{"Length":114,"Height":223,"Demand":1,"DemandMax":null,"Value":25422},{"Length":115,"Height":221,"Demand":1,"DemandMax":null,"Value":25415},{"Length":149,"Height":170,"Demand":1,"DemandMax":null,"Value":25330},{"Length":147,"Height":172,"Demand":1,"DemandMax":null,"Value":25284},{"Length":191,"Height":132,"Demand":1,"DemandMax":null,"Value":25212},{"Length":208,"Height":121,"Demand":1,"DemandMax":null,"Value":25168},{"Length":135,"Height":186,"Demand":1,"DemandMax":null,"Value":25110},{"Length":173,"Height":145,"Demand":1,"DemandMax":null,"Value":25085},{"Length":134,"Height":187,"Demand":1,"DemandMax":null,"Value":25058},{"Length":167,"Height":150,"Demand":1,"DemandMax":null,"Value":25050},{"Length":147,"Height":170,"Demand":1,"DemandMax":null,"Value":24990},{"Length":120,"Height":208,"Demand":1,"DemandMax":null,"Value":24960},{"Length":192,"Height":130,"Demand":1,"DemandMax":null,"Value":24960},{"Length":100,"Height":249,"Demand":1,"DemandMax":null,"Value":24900},{"Length":204,"Height":122,"Demand":1,"DemandMax":null,"Value":24888},{"Length":237,"Height":105,"Demand":1,"DemandMax":null,"Value":24885},{"Length":175,"Height":142,"Demand":1,"DemandMax":null,"Value":24850},{"Length":158,"Height":157,"Demand":1,"DemandMax":null,"Value":24806},{"Length":171,"Height":145,"Demand":1,"DemandMax":null,"Value":24795},{"Length":104,"Height":238,"Demand":1,"DemandMax":null,"Value":24752},{"Length":159,"Height":155,"Demand":1,"DemandMax":null,"Value":24645},{"Length":129,"Height":191,"Demand":1,"DemandMax":null,"Value":24639},{"Length":208,"Height":118,"Demand":1,"DemandMax":null,"Value":24544},{"Length":223,"Height":110,"Demand":1,"DemandMax":null,"Value":24530},{"Length":109,"Height":225,"Demand":1,"DemandMax":null,"Value":24525},{"Length":206,"Height":119,"Demand":1,"DemandMax":null,"Value":24514},{"Length":140,"Height":175,"Demand":1,"DemandMax":null,"Value":24500},{"Length":136,"Height":180,"Demand":1,"DemandMax":null,"Value":24480},{"Length":199,"Height":123,"Demand":1,"DemandMax":null,"Value":24477},{"Length":152,"Height":161,"Demand":1,"DemandMax":null,"Value":24472},{"Length":100,"Height":243,"Demand":1,"DemandMax":null,"Value":24300},{"Length":225,"Height":108,"Demand":1,"DemandMax":null,"Value":24300},{"Length":114,"Height":213,"Demand":1,"DemandMax":null,"Value":24282},{"Length":238,"Height":102,"Demand":1,"DemandMax":null,"Value":24276},{"Length":202,"Height":120,"Demand":1,"DemandMax":null,"Value":24240},{"Length":233,"Height":104,"Demand":1,"DemandMax":null,"Value":24232},{"Length":155,"Height":156,"Demand":1,"DemandMax":null,"Value":24180},{"Length":115,"Height":210,"Demand":1,"DemandMax":null,"Value":24150},{"Length":163,"Height":148,"Demand":1,"DemandMax":null,"Value":24124},{"Length":164,"Height":147,"Demand":1,"DemandMax":null,"Value":24108},{"Length":241,"Height":100,"Demand":1,"DemandMax":null,"Value":24100},{"Length":107,"Height":225,"Demand":1,"DemandMax":null,"Value":24075},{"Length":143,"Height":168,"Demand":1,"DemandMax":null,"Value":24024},{"Length":201,"Height":119,"Demand":1,"DemandMax":null,"Value":23919},{"Length":181,"Height":132,"Demand":1,"DemandMax":null,"Value":23892},{"Length":157,"Height":152,"Demand":1,"DemandMax":null,"Value":23864},{"Length":112,"Height":213,"Demand":1,"DemandMax":null,"Value":23856},{"Length":101,"Height":236,"Demand":1,"DemandMax":null,"Value":23836},{"Length":148,"Height":161,"Demand":1,"DemandMax":null,"Value":23828},{"Length":201,"Height":118,"Demand":1,"DemandMax":null,"Value":23718},{"Length":111,"Height":213,"Demand":1,"DemandMax":null,"Value":23643},{"Length":139,"Height":170,"Demand":1,"DemandMax":null,"Value":23630},{"Length":195,"Height":121,"Demand":1,"DemandMax":null,"Value":23595},{"Length":119,"Height":198,"Demand":1,"DemandMax":null,"Value":23562},{"Length":210,"Height":112,"Demand":1,"DemandMax":null,"Value":23520},{"Length":169,"Height":139,"Demand":1,"DemandMax":null,"Value":23491},{"Length":209,"Height":112,"Demand":1,"DemandMax":null,"Value":23408},{"Length":178,"Height":131,"Demand":1,"DemandMax":null,"Value":23318},{"Length":105,"Height":222,"Demand":1,"DemandMax":null,"Value":23310},{"Length":100,"Height":233,"Demand":1,"DemandMax":null,"Value":23300},{"Length":230,"Height":101,"Demand":1,"DemandMax":null,"Value":23230},{"Length":147,"Height":158,"Demand":1,"DemandMax":null,"Value":23226},{"Length":145,"Height":160,"Demand":1,"DemandMax":null,"Value":23200},{"Length":184,"Height":126,"Demand":1,"DemandMax":null,"Value":23184},{"Length":118,"Height":196,"Demand":1,"DemandMax":null,"Value":23128},{"Length":175,"Height":132,"Demand":1,"DemandMax":null,"Value":23100},{"Length":171,"Height":135,"Demand":1,"DemandMax":null,"Value":23085},{"Length":139,"Height":166,"Demand":1,"DemandMax":null,"Value":23074},{"Length":205,"Height":112,"Demand":1,"DemandMax":null,"Value":22960},{"Length":186,"Height":123,"Demand":1,"DemandMax":null,"Value":22878},{"Length":222,"Height":103,"Demand":1,"DemandMax":null,"Value":22866},{"Length":219,"Height":104,"Demand":1,"DemandMax":null,"Value":22776},{"Length":157,"Height":145,"Demand":1,"DemandMax":null,"Value":22765},{"Length":225,"Height":101,"Demand":1,"DemandMax":null,"Value":22725},{"Length":142,"Height":160,"Demand":1,"DemandMax":null,"Value":22720},{"Length":227,"Height":100,"Demand":1,"DemandMax":null,"Value":22700},{"Length":134,"Height":169,"Demand":1,"DemandMax":null,"Value":22646},{"Length":156,"Height":145,"Demand":1,"DemandMax":null,"Value":22620},{"Length":130,"Height":174,"Demand":1,"DemandMax":null,"Value":22620},{"Length":178,"Height":127,"Demand":1,"DemandMax":null,"Value":22606},{"Length":108,"Height":209,"Demand":1,"DemandMax":null,"Value":22572},{"Length":134,"Height":168,"Demand":1,"DemandMax":null,"Value":22512},{"Length":206,"Height":109,"Demand":1,"DemandMax":null,"Value":22454},{"Length":143,"Height":157,"Demand":1,"DemandMax":null,"Value":22451},{"Length":224,"Height":100,"Demand":1,"DemandMax":null,"Value":22400},{"Length":109,"Height":205,"Demand":1,"DemandMax":null,"Value":22345},{"Length":110,"Height":203,"Demand":1,"DemandMax":null,"Value":22330},{"Length":199,"Height":112,"Demand":1,"DemandMax":null,"Value":22288},{"Length":208,"Height":107,"Demand":1,"DemandMax":null,"Value":22256},{"Length":202,"Height":110,"Demand":1,"DemandMax":null,"Value":22220},{"Length":207,"Height":107,"Demand":1,"DemandMax":null,"Value":22149},{"Length":196,"Height":113,"Demand":1,"DemandMax":null,"Value":22148},{"Length":131,"Height":169,"Demand":1,"DemandMax":null,"Value":22139},{"Length":141,"Height":157,"Demand":1,"DemandMax":null,"Value":22137},{"Length":125,"Height":177,"Demand":1,"DemandMax":null,"Value":22125},{"Length":170,"Height":130,"Demand":1,"DemandMax":null,"Value":22100},{"Length":129,"Height":171,"Demand":1,"DemandMax":null,"Value":22059},{"Length":146,"Height":151,"Demand":1,"DemandMax":null,"Value":22046},{"Length":195,"Height":113,"Demand":1,"DemandMax":null,"Value":22035},{"Length":109,"Height":200,"Demand":1,"DemandMax":null,"Value":21800},{"Length":144,"Height":151,"Demand":1,"DemandMax":null,"Value":21744},{"Length":105,"Height":207,"Demand":1,"DemandMax":null,"Value":21735},{"Length":202,"Height":107,"Demand":1,"DemandMax":null,"Value":21614},{"Length":180,"Height":120,"Demand":1,"DemandMax":null,"Value":21600},{"Length":166,"Height":130,"Demand":1,"DemandMax":null,"Value":21580},{"Length":169,"Height":127,"Demand":1,"DemandMax":null,"Value":21463},{"Length":195,"Height":110,"Demand":1,"DemandMax":null,"Value":21450},{"Length":208,"Height":103,"Demand":1,"DemandMax":null,"Value":21424},{"Length":129,"Height":166,"Demand":1,"DemandMax":null,"Value":21414},{"Length":213,"Height":100,"Demand":1,"DemandMax":null,"Value":21300},{"Length":109,"Height":195,"Demand":1,"DemandMax":null,"Value":21255},{"Length":138,"Height":154,"Demand":1,"DemandMax":null,"Value":21252},{"Length":156,"Height":136,"Demand":1,"DemandMax":null,"Value":21216},{"Length":194,"Height":109,"Demand":1,"DemandMax":null,"Value":21146},{"Length":144,"Height":146,"Demand":1,"DemandMax":null,"Value":21024},{"Length":196,"Height":107,"Demand":1,"DemandMax":null,"Value":20972},{"Length":165,"Height":127,"Demand":1,"DemandMax":null,"Value":20955},{"Length":112,"Height":187,"Demand":1,"DemandMax":null,"Value":20944},{"Length":179,"Height":117,"Demand":1,"DemandMax":null,"Value":20943},{"Length":101,"Height":207,"Demand":1,"DemandMax":null,"Value":20907},{"Length":109,"Height":190,"Demand":1,"DemandMax":null,"Value":20710},{"Length":104,"Height":199,"Demand":1,"DemandMax":null,"Value":20696},{"Length":134,"Height":154,"Demand":1,"DemandMax":null,"Value":20636},{"Length":165,"Height":125,"Demand":1,"DemandMax":null,"Value":20625},{"Length":143,"Height":144,"Demand":1,"DemandMax":null,"Value":20592},{"Length":141,"Height":146,"Demand":1,"DemandMax":null,"Value":20586},{"Length":203,"Height":101,"Demand":1,"DemandMax":null,"Value":20503},{"Length":201,"Height":102,"Demand":1,"DemandMax":null,"Value":20502},{"Length":112,"Height":183,"Demand":1,"DemandMax":null,"Value":20496},{"Length":109,"Height":188,"Demand":1,"DemandMax":null,"Value":20492},{"Length":124,"Height":165,"Demand":1,"DemandMax":null,"Value":20460},{"Length":136,"Height":150,"Demand":1,"DemandMax":null,"Value":20400},{"Length":128,"Height":159,"Demand":1,"DemandMax":null,"Value":20352},{"Length":147,"Height":138,"Demand":1,"DemandMax":null,"Value":20286},{"Length":190,"Height":106,"Demand":1,"DemandMax":null,"Value":20140},{"Length":107,"Height":187,"Demand":1,"DemandMax":null,"Value":20009},{"Length":123,"Height":162,"Demand":1,"DemandMax":null,"Value":19926},{"Length":163,"Height":122,"Demand":1,"DemandMax":null,"Value":19886},{"Length":187,"Height":106,"Demand":1,"DemandMax":null,"Value":19822},{"Length":101,"Height":196,"Demand":1,"DemandMax":null,"Value":19796},{"Length":181,"Height":109,"Demand":1,"DemandMax":null,"Value":19729},{"Length":162,"Height":121,"Demand":1,"DemandMax":null,"Value":19602},{"Length":181,"Height":108,"Demand":1,"DemandMax":null,"Value":19548},{"Length":172,"Height":113,"Demand":1,"DemandMax":null,"Value":19436},{"Length":194,"Height":100,"Demand":1,"DemandMax":null,"Value":19400},{"Length":140,"Height":138,"Demand":1,"DemandMax":null,"Value":19320},{"Length":123,"Height":157,"Demand":1,"DemandMax":null,"Value":19311},{"Length":146,"Height":132,"Demand":1,"DemandMax":null,"Value":19272},{"Length":121,"Height":159,"Demand":1,"DemandMax":null,"Value":19239},{"Length":178,"Height":108,"Demand":1,"DemandMax":null,"Value":19224},{"Length":149,"Height":129,"Demand":1,"DemandMax":null,"Value":19221},{"Length":177,"Height":108,"Demand":1,"DemandMax":null,"Value":19116},{"Length":106,"Height":180,"Demand":1,"DemandMax":null,"Value":19080},{"Length":128,"Height":149,"Demand":1,"DemandMax":null,"Value":19072},{"Length":132,"Height":143,"Demand":1,"DemandMax":null,"Value":18876},{"Length":185,"Height":102,"Demand":1,"DemandMax":null,"Value":18870},{"Length":145,"Height":130,"Demand":1,"DemandMax":null,"Value":18850},{"Length":107,"Height":176,"Demand":1,"DemandMax":null,"Value":18832},{"Length":105,"Height":179,"Demand":1,"DemandMax":null,"Value":18795},{"Length":108,"Height":174,"Demand":1,"DemandMax":null,"Value":18792},{"Length":135,"Height":139,"Demand":1,"DemandMax":null,"Value":18765},{"Length":150,"Height":125,"Demand":1,"DemandMax":null,"Value":18750},{"Length":167,"Height":112,"Demand":1,"DemandMax":null,"Value":18704},{"Length":107,"Height":174,"Demand":1,"DemandMax":null,"Value":18618},{"Length":155,"Height":120,"Demand":1,"DemandMax":null,"Value":18600},{"Length":141,"Height":131,"Demand":1,"DemandMax":null,"Value":18471},{"Length":167,"Height":110,"Demand":1,"DemandMax":null,"Value":18370},{"Length":157,"Height":117,"Demand":1,"DemandMax":null,"Value":18369},{"Length":142,"Height":129,"Demand":1,"DemandMax":null,"Value":18318},{"Length":176,"Height":104,"Demand":1,"DemandMax":null,"Value":18304},{"Length":179,"Height":102,"Demand":1,"DemandMax":null,"Value":18258},{"Length":103,"Height":177,"Demand":1,"DemandMax":null,"Value":18231},{"Length":167,"Height":109,"Demand":1,"DemandMax":null,"Value":18203},{"Length":124,"Height":146,"Demand":1,"DemandMax":null,"Value":18104},{"Length":160,"Height":113,"Demand":1,"DemandMax":null,"Value":18080},{"Length":147,"Height":122,"Demand":1,"DemandMax":null,"Value":17934},{"Length":123,"Height":145,"Demand":1,"DemandMax":null,"Value":17835},{"Length":107,"Height":166,"Demand":1,"DemandMax":null,"Value":17762},{"Length":107,"Height":164,"Demand":1,"DemandMax":null,"Value":17548},{"Length":115,"Height":151,"Demand":1,"DemandMax":null,"Value":17365},{"Length":103,"Height":168,"Demand":1,"DemandMax":null,"Value":17304},{"Length":133,"Height":130,"Demand":1,"DemandMax":null,"Value":17290},{"Length":106,"Height":163,"Demand":1,"DemandMax":null,"Value":17278},{"Length":122,"Height":141,"Demand":1,"DemandMax":null,"Value":17202},{"Length":103,"Height":165,"Demand":1,"DemandMax":null,"Value":16995},{"Length":145,"Height":117,"Demand":1,"DemandMax":null,"Value":16965},{"Length":120,"Height":141,"Demand":1,"DemandMax":null,"Value":16920},{"Length":134,"Height":126,"Demand":1,"DemandMax":null,"Value":16884},{"Length":148,"Height":114,"Demand":1,"DemandMax":null,"Value":16872},{"Length":156,"Height":108,"Demand":1,"DemandMax":null,"Value":16848},{"Length":120,"Height":140,"Demand":1,"DemandMax":null,"Value":16800},{"Length":156,"Height":107,"Demand":1,"DemandMax":null,"Value":16692},{"Length":120,"Height":139,"Demand":1,"DemandMax":null,"Value":16680},{"Length":101,"Height":165,"Demand":1,"DemandMax":null,"Value":16665},{"Length":103,"Height":161,"Demand":1,"DemandMax":null,"Value":16583},{"Length":162,"Height":102,"Demand":1,"DemandMax":null,"Value":16524},{"Length":100,"Height":165,"Demand":1,"DemandMax":null,"Value":16500},{"Length":159,"Height":103,"Demand":1,"DemandMax":null,"Value":16377},{"Length":123,"Height":133,"Demand":1,"DemandMax":null,"Value":16359},{"Length":120,"Height":136,"Demand":1,"DemandMax":null,"Value":16320},{"Length":118,"Height":138,"Demand":1,"DemandMax":null,"Value":16284},{"Length":129,"Height":126,"Demand":1,"DemandMax":null,"Value":16254},{"Length":137,"Height":118,"Demand":1,"DemandMax":null,"Value":16166},{"Length":124,"Height":130,"Demand":1,"DemandMax":null,"Value":16120},{"Length":116,"Height":136,"Demand":1,"DemandMax":null,"Value":15776},{"Length":103,"Height":153,"Demand":1,"DemandMax":null,"Value":15759},{"Length":128,"Height":123,"Demand":1,"DemandMax":null,"Value":15744},{"Length":132,"Height":119,"Demand":1,"DemandMax":null,"Value":15708},{"Length":127,"Height":123,"Demand":1,"DemandMax":null,"Value":15621},{"Length":123,"Height":126,"Demand":1,"DemandMax":null,"Value":15498},{"Length":140,"Height":110,"Demand":1,"DemandMax":null,"Value":15400},{"Length":144,"Height":106,"Demand":1,"DemandMax":null,"Value":15264},{"Length":148,"Height":103,"Demand":1,"DemandMax":null,"Value":15244},{"Length":106,"Height":141,"Demand":1,"DemandMax":null,"Value":14946},{"Length":133,"Height":112,"Demand":1,"DemandMax":null,"Value":14896},{"Length":146,"Height":101,"Demand":1,"DemandMax":null,"Value":14746},{"Length":117,"Height":126,"Demand":1,"DemandMax":null,"Value":14742},{"Length":143,"Height":102,"Demand":1,"DemandMax":null,"Value":14586},{"Length":136,"Height":107,"Demand":1,"DemandMax":null,"Value":14552},{"Length":115,"Height":125,"Demand":1,"DemandMax":null,"Value":14375},{"Length":127,"Height":113,"Demand":1,"DemandMax":null,"Value":14351},{"Length":130,"Height":110,"Demand":1,"DemandMax":null,"Value":14300},{"Length":121,"Height":117,"Demand":1,"DemandMax":null,"Value":14157},{"Length":114,"Height":123,"Demand":1,"DemandMax":null,"Value":14022},{"Length":138,"Height":101,"Demand":1,"DemandMax":null,"Value":13938},{"Length":116,"Height":120,"Demand":1,"DemandMax":null,"Value":13920},{"Length":111,"Height":122,"Demand":1,"DemandMax":null,"Value":13542},{"Length":119,"Height":111,"Demand":1,"DemandMax":null,"Value":13209},{"Length":109,"Height":119,"Demand":1,"DemandMax":null,"Value":12971},{"Length":125,"Height":102,"Demand":1,"DemandMax":null,"Value":12750},{"Length":124,"Height":102,"Demand":1,"DemandMax":null,"Value":12648},{"Length":120,"Height":105,"Demand":1,"DemandMax":null,"Value":12600},{"Length":104,"Height":121,"Demand":1,"DemandMax":null,"Value":12584},{"Length":101,"Height":124,"Demand":1,"DemandMax":null,"Value":12524},{"Length":107,"Height":116,"Demand":1,"DemandMax":null,"Value":12412},{"Length":119,"Height":103,"Demand":1,"DemandMax":null,"Value":12257},{"Length":100,"Height":117,"Demand":1,"DemandMax":null,"Value":11700},{"Length":116,"Height":100,"Demand":1,"DemandMax":null,"Value":11600},{"Length":102,"Height":109,"Demand":1,"DemandMax":null,"Value":11118},{"Length":100,"Height":111,"Demand":1,"DemandMax":null,"Value":11100},{"Length":104,"Height":105,"Demand":1,"DemandMax":null,"Value":10920},{"Length":104,"Height":104,"Demand":1,"DemandMax":null,"Value":10816},{"Length":100,"Height":107,"Demand":1,"DemandMax":null,"Value":10700}]}