{"Name":"AH85","Objects":[{"Length":1000,"Height":2709,"Stock":null,"Cost":2709000}],"Items":[{"Length":64,"Height":67,"Demand":100,"DemandMax":null,"Value":4288},{"Length":57,"Height":69,"Demand":100,"DemandMax":null,"Value":3933},{"Length":52,"Height":72,"Demand":100,"DemandMax":null,"Value":3744},{"Length":55,"Height":60,"Demand":100,"DemandMax":null,"Value":3300},{"Length":43,"Height":67,"Demand":100,"DemandMax":null,"Value":2881},{"Length":64,"Height":45,"Demand":100,"DemandMax":null,"Value":2880},{"Length":56,"Height":40,"Demand":100,"DemandMax":null,"Value":2240},{"Length":49,"Height":41,"Demand":100,"DemandMax":null,"Value":2009},{"Length":35,"Height":30,"Demand":100,"DemandMax":null,"Value":1050},{"Length":27,"Height":28,"Demand":100,"DemandMax":null,"Value":756}]}