{"Name":"AH117","Objects":[{"Length":1000,"Height":3120,"Stock":null,"Cost":3120000}],"Items":[{"Length":90,"Height":90,"Demand":100,"DemandMax":null,"Value":8100},{"Length":72,"Height":67,"Demand":100,"DemandMax":null,"Value":4824},{"Length":59,"Height":78,"Demand":100,"DemandMax":null,"Value":4602},{"Length":60,"Height":75,"Demand":100,"DemandMax":null,"Value":4500},{"Length":45,"Height":86,"Demand":100,"DemandMax":null,"Value":3870},{"Length":32,"Height":49,"Demand":100,"DemandMax":null,"Value":1568},{"Length":20,"Height":68,"Demand":100,"DemandMax":null,"Value":1360},{"Length":15,"Height":90,"Demand":100,"DemandMax":null,"Value":1350},{"Length":10,"Height":55,"Demand":100,"DemandMax":null,"Value":550},{"Length":19,"Height":25,"Demand":100,"DemandMax":null,"Value":475}]}