{"Name":"AH98","Objects":[{"Length":1000,"Height":2742,"Stock":null,"Cost":2742000}],"Items":[{"Length":76,"Height":81,"Demand":100,"DemandMax":null,"Value":6156},{"Length":80,"Height":45,"Demand":100,"DemandMax":null,"Value":3600},{"Length":74,"Height":47,"Demand":100,"DemandMax":null,"Value":3478},{"Length":78,"Height":43,"Demand":100,"DemandMax":null,"Value":3354},{"Length":77,"Height":38,"Demand":100,"DemandMax":null,"Value":2926},{"Length":34,"Height":82,"Demand":100,"DemandMax":null,"Value":2788},{"Length":83,"Height":24,"Demand":100,"DemandMax":null,"Value":1992},{"Length":34,"Height":58,"Demand":100,"DemandMax":null,"Value":1972},{"Length":10,"Height":81,"Demand":100,"DemandMax":null,"Value":810},{"Length":56,"Height":6,"Demand":100,"DemandMax":null,"Value":336}]}