{"Name":"AH92","Objects":[{"Length":1000,"Height":1673,"Stock":null,"Cost":1673000}],"Items":[{"Length":83,"Height":71,"Demand":100,"DemandMax":null,"Value":5893},{"Length":50,"Height":76,"Demand":100,"DemandMax":null,"Value":3800},{"Length":23,"Height":90,"Demand":100,"DemandMax":null,"Value":2070},{"Length":50,"Height":34,"Demand":100,"DemandMax":null,"Value":1700},{"Length":18,"Height":51,"Demand":100,"DemandMax":null,"Value":918},{"Length":29,"Height":30,"Demand":100,"DemandMax":null,"Value":870},{"Length":32,"Height":24,"Demand":100,"DemandMax":null,"Value":768},{"Length":9,"Height":37,"Demand":100,"DemandMax":null,"Value":333},{"Length":6,"Height":44,"Demand":100,"DemandMax":null,"Value":264},{"Length":6,"Height":19,"Demand":100,"DemandMax":null,"Value":114}]}