{"Name":"AH221","Objects":[{"Length":1000,"Height":2071,"Stock":null,"Cost":2071000}],"Items":[{"Length":89,"Height":89,"Demand":10,"DemandMax":null,"Value":7921},{"Length":84,"Height":83,"Demand":10,"DemandMax":null,"Value":6972},{"Length":78,"Height":87,"Demand":10,"DemandMax":null,"Value":6786},{"Length":85,"Height":77,"Demand":10,"DemandMax":null,"Value":6545},{"Length":78,"Height":83,"Demand":10,"DemandMax":null,"Value":6474},{"Length":74,"Height":87,"Demand":10,"DemandMax":null,"Value":6438},{"Length":79,"Height":78,"Demand":10,"DemandMax":null,"Value":6162},{"Length":87,"Height":61,"Demand":10,"DemandMax":null,"Value":5307},{"Length":81,"Height":65,"Demand":10,"DemandMax":null,"Value":5265},{"Length":73,"Height":71,"Demand":10,"DemandMax":null,"Value":5183},{"Length":62,"Height":79,"Demand":10,"DemandMax":null,"Value":4898},{"Length":80,"Height":57,"Demand":10,"DemandMax":null,"Value":4560},{"Length":53,"Height":84,"Demand":10,"DemandMax":null,"Value":4452},{"Length":75,"Height":58,"Demand":10,"DemandMax":null,"Value":4350},{"Length":81,"Height":50,"Demand":10,"DemandMax":null,"Value":4050},{"Length":89,"Height":44,"Demand":10,"DemandMax":null,"Value":3916},{"Length":84,"Height":45,"Demand":10,"DemandMax":null,"Value":3780},{"Length":63,"Height":58,"Demand":10,"DemandMax":null,"Value":3654},{"Length":51,"Height":70,"Demand":10,"DemandMax":null,"Value":3570},{"Length":40,"Height":85,"Demand":10,"DemandMax":null,"Value":3400},{"Length":37,"Height":87,"Demand":10,"DemandMax":null,"Value":3219},{"Length":43,"Height":73,"Demand":10,"DemandMax":null,"Value":3139},{"Length":36,"Height":87,"Demand":10,"DemandMax":null,"Value":3132},{"Length":33,"Height":87,"Demand":10,"DemandMax":null,"Value":2871},{"Length":71,"Height":38,"Demand":10,"DemandMax":null,"Value":2698},{"Length":71,"Height":37,"Demand":10,"DemandMax":null,"Value":2627},{"Length":34,"Height":73,"Demand":10,"DemandMax":null,"Value":2482},{"Length":88,"Height":28,"Demand":10,"DemandMax":null,"Value":2464},{"Length":30,"Height":81,"Demand":10,"DemandMax":null,"Value":2430},{"Length":55,"Height":44,"Demand":10,"DemandMax":null,"Value":2420},{"Length":86,"Height":27,"Demand":10,"DemandMax":null,"Value":2322},{"Length":40,"Height":57,"Demand":10,"DemandMax":null,"Value":2280},{"Length":53,"Height":43,"Demand":10,"DemandMax":null,"Value":2279},{"Length":47,"Height":46,"Demand":10,"DemandMax":null,"Value":2162},{"Length":32,"Height":66,"Demand":10,"DemandMax":null,"Value":2112},{"Length":30,"Height":70,"Demand":10,"DemandMax":null,"Value":2100},{"Length":33,"Height":59,"Demand":10,"DemandMax":null,"Value":1947},{"Length":29,"Height":67,"Demand":10,"DemandMax":null,"Value":1943},{"Length":22,"Height":87,"Demand":10,"DemandMax":null,"Value":1914},{"Length":53,"Height":36,"Demand":10,"DemandMax":null,"Value":1908},{"Length":62,"Height":30,"Demand":10,"DemandMax":null,"Value":1860},{"Length":66,"Height":28,"Demand":10,"DemandMax":null,"Value":1848},{"Length":27,"Height":67,"Demand":10,"DemandMax":null,"Value":1809},{"Length":20,"Height":87,"Demand":10,"DemandMax":null,"Value":1740},{"Length":90,"Height":19,"Demand":10,"DemandMax":null,"Value":1710},{"Length":51,"Height":33,"Demand":10,"DemandMax":null,"Value":1683},{"Length":19,"Height":86,"Demand":10,"DemandMax":null,"Value":1634},{"Length":34,"Height":48,"Demand":10,"DemandMax":null,"Value":1632},{"Length":24,"Height":66,"Demand":10,"DemandMax":null,"Value":1584},{"Length":26,"Height":55,"Demand":10,"DemandMax":null,"Value":1430},{"Length":62,"Height":21,"Demand":10,"DemandMax":null,"Value":1302},{"Length":34,"Height":36,"Demand":10,"DemandMax":null,"Value":1224},{"Length":47,"Height":26,"Demand":10,"DemandMax":null,"Value":1222},{"Length":17,"Height":71,"Demand":10,"DemandMax":null,"Value":1207},{"Length":79,"Height":15,"Demand":10,"DemandMax":null,"Value":1185},{"Length":17,"Height":69,"Demand":10,"DemandMax":null,"Value":1173},{"Length":73,"Height":16,"Demand":10,"DemandMax":null,"Value":1168},{"Length":15,"Height":76,"Demand":10,"DemandMax":null,"Value":1140},{"Length":25,"Height":45,"Demand":10,"DemandMax":null,"Value":1125},{"Length":32,"Height":35,"Demand":10,"DemandMax":null,"Value":1120},{"Length":14,"Height":80,"Demand":10,"DemandMax":null,"Value":1120},{"Length":25,"Height":44,"Demand":10,"DemandMax":null,"Value":1100},{"Length":30,"Height":36,"Demand":10,"DemandMax":null,"Value":1080},{"Length":14,"Height":76,"Demand":10,"DemandMax":null,"Value":1064},{"Length":66,"Height":16,"Demand":10,"DemandMax":null,"Value":1056},{"Length":50,"Height":21,"Demand":10,"DemandMax":null,"Value":1050},{"Length":57,"Height":18,"Demand":10,"DemandMax":null,"Value":1026},{"Length":50,"Height":20,"Demand":10,"DemandMax":null,"Value":1000},{"Length":20,"Height":48,"Demand":10,"DemandMax":null,"Value":960},{"Length":16,"Height":60,"Demand":10,"DemandMax":null,"Value":960},{"Length":36,"Height":26,"Demand":10,"DemandMax":null,"Value":936},{"Length":15,"Height":58,"Demand":10,"DemandMax":null,"Value":870},{"Length":22,"Height":39,"Demand":10,"DemandMax":null,"Value":858},{"Length":15,"Height":57,"Demand":10,"DemandMax":null,"Value":855},{"Length":37,"Height":23,"Demand":10,"DemandMax":null,"Value":851},{"Length":17,"Height":49,"Demand":10,"DemandMax":null,"Value":833},{"Length":17,"Height":48,"Demand":10,"DemandMax":null,"Value":816},{"Length":13,"Height":59,"Demand":10,"DemandMax":null,"Value":767},{"Length":8,"Height":89,"Demand":10,"DemandMax":null,"Value":712},{"Length":70,"Height":10,"Demand":10,"DemandMax":null,"Value":700},{"Length":36,"Height":19,"Demand":10,"DemandMax":null,"Value":684},{"Length":57,"Height":12,"Demand":10,"DemandMax":null,"Value":684},{"Length":13,"Height":46,"Demand":10,"DemandMax":null,"Value":598},{"Length":61,"Height":9,"Demand":10,"DemandMax":null,"Value":549},{"Length":31,"Height":17,"Demand":10,"DemandMax":null,"Value":527},{"Length":74,"Height":7,"Demand":10,"DemandMax":null,"Value":518},{"Length":41,"Height":11,"Demand":10,"DemandMax":null,"Value":451},{"Length":21,"Height":21,"Demand":10,"DemandMax":null,"Value":441},{"Length":9,"Height":44,"Demand":10,"DemandMax":null,"Value":396},{"Length":6,"Height":64,"Demand":10,"DemandMax":null,"Value":384},{"Length":25,"Height":14,"Demand":10,"DemandMax":null,"Value":350},{"Length":17,"Height":20,"Demand":10,"DemandMax":null,"Value":340},{"Length":7,"Height":45,"Demand":10,"DemandMax":null,"Value":315},{"Length":31,"Height":9,"Demand":10,"DemandMax":null,"Value":279},{"Length":6,"Height":39,"Demand":10,"DemandMax":null,"Value":234},{"Length":12,"Height":16,"Demand":10,"DemandMax":null,"Value":192},{"Length":6,"Height":30,"Demand":10,"DemandMax":null,"Value":180},{"Length":27,"Height":6,"Demand":10,"DemandMax":null,"Value":162},{"Length":13,"Height":9,"Demand":10,"DemandMax":null,"Value":117},{"Length":12,"Height":7,"Demand":10,"DemandMax":null,"Value":84}]}