{"Name":"AH182","Objects":[{"Length":1000,"Height":2628,"Stock":null,"Cost":2628000}],"Items":[{"Length":74,"Height":74,"Demand":10,"DemandMax":null,"Value":5476},{"Length":72,"Height":71,"Demand":10,"DemandMax":null,"Value":5112},{"Length":75,"Height":66,"Demand":10,"DemandMax":null,"Value":4950},{"Length":67,"Height":68,"Demand":10,"DemandMax":null,"Value":4556},{"Length":75,"Height":57,"Demand":10,"DemandMax":null,"Value":4275},{"Length":58,"Height":73,"Demand":10,"DemandMax":null,"Value":4234},{"Length":65,"Height":63,"Demand":10,"DemandMax":null,"Value":4095},{"Length":68,"Height":58,"Demand":10,"DemandMax":null,"Value":3944},{"Length":74,"Height":53,"Demand":10,"DemandMax":null,"Value":3922},{"Length":52,"Height":75,"Demand":10,"DemandMax":null,"Value":3900},{"Length":54,"Height":72,"Demand":10,"DemandMax":null,"Value":3888},{"Length":70,"Height":54,"Demand":10,"DemandMax":null,"Value":3780},{"Length":57,"Height":65,"Demand":10,"DemandMax":null,"Value":3705},{"Length":54,"Height":68,"Demand":10,"DemandMax":null,"Value":3672},{"Length":69,"Height":53,"Demand":10,"DemandMax":null,"Value":3657},{"Length":64,"Height":57,"Demand":10,"DemandMax":null,"Value":3648},{"Length":65,"Height":56,"Demand":10,"DemandMax":null,"Value":3640},{"Length":59,"Height":61,"Demand":10,"DemandMax":null,"Value":3599},{"Length":52,"Height":68,"Demand":10,"DemandMax":null,"Value":3536},{"Length":56,"Height":63,"Demand":10,"DemandMax":null,"Value":3528},{"Length":49,"Height":70,"Demand":10,"DemandMax":null,"Value":3430},{"Length":48,"Height":71,"Demand":10,"DemandMax":null,"Value":3408},{"Length":50,"Height":68,"Demand":10,"DemandMax":null,"Value":3400},{"Length":75,"Height":45,"Demand":10,"DemandMax":null,"Value":3375},{"Length":60,"Height":56,"Demand":10,"DemandMax":null,"Value":3360},{"Length":70,"Height":48,"Demand":10,"DemandMax":null,"Value":3360},{"Length":58,"Height":57,"Demand":10,"DemandMax":null,"Value":3306},{"Length":66,"Height":50,"Demand":10,"DemandMax":null,"Value":3300},{"Length":47,"Height":70,"Demand":10,"DemandMax":null,"Value":3290},{"Length":46,"Height":71,"Demand":10,"DemandMax":null,"Value":3266},{"Length":47,"Height":69,"Demand":10,"DemandMax":null,"Value":3243},{"Length":68,"Height":47,"Demand":10,"DemandMax":null,"Value":3196},{"Length":55,"Height":58,"Demand":10,"DemandMax":null,"Value":3190},{"Length":53,"Height":60,"Demand":10,"DemandMax":null,"Value":3180},{"Length":69,"Height":46,"Demand":10,"DemandMax":null,"Value":3174},{"Length":42,"Height":75,"Demand":10,"DemandMax":null,"Value":3150},{"Length":47,"Height":62,"Demand":10,"DemandMax":null,"Value":2914},{"Length":55,"Height":52,"Demand":10,"DemandMax":null,"Value":2860},{"Length":59,"Height":48,"Demand":10,"DemandMax":null,"Value":2832},{"Length":69,"Height":41,"Demand":10,"DemandMax":null,"Value":2829},{"Length":60,"Height":47,"Demand":10,"DemandMax":null,"Value":2820},{"Length":38,"Height":74,"Demand":10,"DemandMax":null,"Value":2812},{"Length":72,"Height":39,"Demand":10,"DemandMax":null,"Value":2808},{"Length":46,"Height":61,"Demand":10,"DemandMax":null,"Value":2806},{"Length":69,"Height":40,"Demand":10,"DemandMax":null,"Value":2760},{"Length":40,"Height":68,"Demand":10,"DemandMax":null,"Value":2720},{"Length":50,"Height":54,"Demand":10,"DemandMax":null,"Value":2700},{"Length":51,"Height":52,"Demand":10,"DemandMax":null,"Value":2652},{"Length":71,"Height":37,"Demand":10,"DemandMax":null,"Value":2627},{"Length":59,"Height":44,"Demand":10,"DemandMax":null,"Value":2596},{"Length":75,"Height":34,"Demand":10,"DemandMax":null,"Value":2550},{"Length":52,"Height":48,"Demand":10,"DemandMax":null,"Value":2496},{"Length":36,"Height":68,"Demand":10,"DemandMax":null,"Value":2448},{"Length":46,"Height":53,"Demand":10,"DemandMax":null,"Value":2438},{"Length":58,"Height":42,"Demand":10,"DemandMax":null,"Value":2436},{"Length":45,"Height":54,"Demand":10,"DemandMax":null,"Value":2430},{"Length":39,"Height":62,"Demand":10,"DemandMax":null,"Value":2418},{"Length":50,"Height":47,"Demand":10,"DemandMax":null,"Value":2350},{"Length":40,"Height":57,"Demand":10,"DemandMax":null,"Value":2280},{"Length":43,"Height":53,"Demand":10,"DemandMax":null,"Value":2279},{"Length":35,"Height":64,"Demand":10,"DemandMax":null,"Value":2240},{"Length":47,"Height":47,"Demand":10,"DemandMax":null,"Value":2209},{"Length":31,"Height":71,"Demand":10,"DemandMax":null,"Value":2201},{"Length":35,"Height":62,"Demand":10,"DemandMax":null,"Value":2170},{"Length":65,"Height":33,"Demand":10,"DemandMax":null,"Value":2145},{"Length":63,"Height":34,"Demand":10,"DemandMax":null,"Value":2142},{"Length":41,"Height":52,"Demand":10,"DemandMax":null,"Value":2132},{"Length":70,"Height":30,"Demand":10,"DemandMax":null,"Value":2100},{"Length":66,"Height":31,"Demand":10,"DemandMax":null,"Value":2046},{"Length":31,"Height":65,"Demand":10,"DemandMax":null,"Value":2015},{"Length":32,"Height":62,"Demand":10,"DemandMax":null,"Value":1984},{"Length":42,"Height":45,"Demand":10,"DemandMax":null,"Value":1890},{"Length":60,"Height":31,"Demand":10,"DemandMax":null,"Value":1860},{"Length":65,"Height":28,"Demand":10,"DemandMax":null,"Value":1820},{"Length":44,"Height":41,"Demand":10,"DemandMax":null,"Value":1804},{"Length":58,"Height":31,"Demand":10,"DemandMax":null,"Value":1798},{"Length":51,"Height":35,"Demand":10,"DemandMax":null,"Value":1785},{"Length":65,"Height":27,"Demand":10,"DemandMax":null,"Value":1755},{"Length":42,"Height":41,"Demand":10,"DemandMax":null,"Value":1722},{"Length":25,"Height":67,"Demand":10,"DemandMax":null,"Value":1675},{"Length":31,"Height":54,"Demand":10,"DemandMax":null,"Value":1674},{"Length":27,"Height":61,"Demand":10,"DemandMax":null,"Value":1647},{"Length":36,"Height":45,"Demand":10,"DemandMax":null,"Value":1620},{"Length":47,"Height":34,"Demand":10,"DemandMax":null,"Value":1598},{"Length":56,"Height":28,"Demand":10,"DemandMax":null,"Value":1568},{"Length":42,"Height":37,"Demand":10,"DemandMax":null,"Value":1554},{"Length":47,"Height":32,"Demand":10,"DemandMax":null,"Value":1504},{"Length":34,"Height":43,"Demand":10,"DemandMax":null,"Value":1462},{"Length":37,"Height":39,"Demand":10,"DemandMax":null,"Value":1443},{"Length":42,"Height":34,"Demand":10,"DemandMax":null,"Value":1428},{"Length":35,"Height":40,"Demand":10,"DemandMax":null,"Value":1400},{"Length":25,"Height":56,"Demand":10,"DemandMax":null,"Value":1400},{"Length":53,"Height":25,"Demand":10,"DemandMax":null,"Value":1325},{"Length":27,"Height":46,"Demand":10,"DemandMax":null,"Value":1242},{"Length":41,"Height":30,"Demand":10,"DemandMax":null,"Value":1230},{"Length":25,"Height":43,"Demand":10,"DemandMax":null,"Value":1075},{"Length":26,"Height":36,"Demand":10,"DemandMax":null,"Value":936},{"Length":29,"Height":31,"Demand":10,"DemandMax":null,"Value":899},{"Length":33,"Height":25,"Demand":10,"DemandMax":null,"Value":825},{"Length":28,"Height":29,"Demand":10,"DemandMax":null,"Value":812}]}