{"Name":"AH184","Objects":[{"Length":1000,"Height":2551,"Stock":null,"Cost":2551000}],"Items":[{"Length":70,"Height":70,"Demand":10,"DemandMax":null,"Value":4900},{"Length":67,"Height":73,"Demand":10,"DemandMax":null,"Value":4891},{"Length":71,"Height":68,"Demand":10,"DemandMax":null,"Value":4828},{"Length":64,"Height":74,"Demand":10,"DemandMax":null,"Value":4736},{"Length":66,"Height":67,"Demand":10,"DemandMax":null,"Value":4422},{"Length":71,"Height":62,"Demand":10,"DemandMax":null,"Value":4402},{"Length":62,"Height":69,"Demand":10,"DemandMax":null,"Value":4278},{"Length":75,"Height":57,"Demand":10,"DemandMax":null,"Value":4275},{"Length":72,"Height":59,"Demand":10,"DemandMax":null,"Value":4248},{"Length":58,"Height":73,"Demand":10,"DemandMax":null,"Value":4234},{"Length":61,"Height":69,"Demand":10,"DemandMax":null,"Value":4209},{"Length":75,"Height":56,"Demand":10,"DemandMax":null,"Value":4200},{"Length":69,"Height":60,"Demand":10,"DemandMax":null,"Value":4140},{"Length":72,"Height":56,"Demand":10,"DemandMax":null,"Value":4032},{"Length":71,"Height":56,"Demand":10,"DemandMax":null,"Value":3976},{"Length":71,"Height":55,"Demand":10,"DemandMax":null,"Value":3905},{"Length":66,"Height":59,"Demand":10,"DemandMax":null,"Value":3894},{"Length":56,"Height":69,"Demand":10,"DemandMax":null,"Value":3864},{"Length":69,"Height":55,"Demand":10,"DemandMax":null,"Value":3795},{"Length":62,"Height":61,"Demand":10,"DemandMax":null,"Value":3782},{"Length":67,"Height":54,"Demand":10,"DemandMax":null,"Value":3618},{"Length":64,"Height":55,"Demand":10,"DemandMax":null,"Value":3520},{"Length":74,"Height":46,"Demand":10,"DemandMax":null,"Value":3404},{"Length":53,"Height":63,"Demand":10,"DemandMax":null,"Value":3339},{"Length":68,"Height":48,"Demand":10,"DemandMax":null,"Value":3264},{"Length":69,"Height":47,"Demand":10,"DemandMax":null,"Value":3243},{"Length":47,"Height":68,"Demand":10,"DemandMax":null,"Value":3196},{"Length":55,"Height":58,"Demand":10,"DemandMax":null,"Value":3190},{"Length":54,"Height":59,"Demand":10,"DemandMax":null,"Value":3186},{"Length":45,"Height":70,"Demand":10,"DemandMax":null,"Value":3150},{"Length":52,"Height":60,"Demand":10,"DemandMax":null,"Value":3120},{"Length":63,"Height":49,"Demand":10,"DemandMax":null,"Value":3087},{"Length":48,"Height":64,"Demand":10,"DemandMax":null,"Value":3072},{"Length":54,"Height":56,"Demand":10,"DemandMax":null,"Value":3024},{"Length":60,"Height":50,"Demand":10,"DemandMax":null,"Value":3000},{"Length":56,"Height":52,"Demand":10,"DemandMax":null,"Value":2912},{"Length":57,"Height":51,"Demand":10,"DemandMax":null,"Value":2907},{"Length":44,"Height":66,"Demand":10,"DemandMax":null,"Value":2904},{"Length":72,"Height":39,"Demand":10,"DemandMax":null,"Value":2808},{"Length":61,"Height":43,"Demand":10,"DemandMax":null,"Value":2623},{"Length":45,"Height":58,"Demand":10,"DemandMax":null,"Value":2610},{"Length":49,"Height":53,"Demand":10,"DemandMax":null,"Value":2597},{"Length":43,"Height":60,"Demand":10,"DemandMax":null,"Value":2580},{"Length":71,"Height":36,"Demand":10,"DemandMax":null,"Value":2556},{"Length":62,"Height":41,"Demand":10,"DemandMax":null,"Value":2542},{"Length":46,"Height":55,"Demand":10,"DemandMax":null,"Value":2530},{"Length":56,"Height":45,"Demand":10,"DemandMax":null,"Value":2520},{"Length":47,"Height":53,"Demand":10,"DemandMax":null,"Value":2491},{"Length":73,"Height":34,"Demand":10,"DemandMax":null,"Value":2482},{"Length":57,"Height":43,"Demand":10,"DemandMax":null,"Value":2451},{"Length":38,"Height":64,"Demand":10,"DemandMax":null,"Value":2432},{"Length":54,"Height":45,"Demand":10,"DemandMax":null,"Value":2430},{"Length":35,"Height":69,"Demand":10,"DemandMax":null,"Value":2415},{"Length":64,"Height":37,"Demand":10,"DemandMax":null,"Value":2368},{"Length":72,"Height":32,"Demand":10,"DemandMax":null,"Value":2304},{"Length":52,"Height":42,"Demand":10,"DemandMax":null,"Value":2184},{"Length":33,"Height":64,"Demand":10,"DemandMax":null,"Value":2112},{"Length":36,"Height":58,"Demand":10,"DemandMax":null,"Value":2088},{"Length":29,"Height":72,"Demand":10,"DemandMax":null,"Value":2088},{"Length":67,"Height":30,"Demand":10,"DemandMax":null,"Value":2010},{"Length":40,"Height":49,"Demand":10,"DemandMax":null,"Value":1960},{"Length":59,"Height":33,"Demand":10,"DemandMax":null,"Value":1947},{"Length":26,"Height":73,"Demand":10,"DemandMax":null,"Value":1898},{"Length":30,"Height":63,"Demand":10,"DemandMax":null,"Value":1890},{"Length":49,"Height":38,"Demand":10,"DemandMax":null,"Value":1862},{"Length":43,"Height":42,"Demand":10,"DemandMax":null,"Value":1806},{"Length":45,"Height":40,"Demand":10,"DemandMax":null,"Value":1800},{"Length":56,"Height":32,"Demand":10,"DemandMax":null,"Value":1792},{"Length":31,"Height":57,"Demand":10,"DemandMax":null,"Value":1767},{"Length":42,"Height":42,"Demand":10,"DemandMax":null,"Value":1764},{"Length":39,"Height":45,"Demand":10,"DemandMax":null,"Value":1755},{"Length":30,"Height":58,"Demand":10,"DemandMax":null,"Value":1740},{"Length":42,"Height":41,"Demand":10,"DemandMax":null,"Value":1722},{"Length":63,"Height":27,"Demand":10,"DemandMax":null,"Value":1701},{"Length":34,"Height":50,"Demand":10,"DemandMax":null,"Value":1700},{"Length":63,"Height":26,"Demand":10,"DemandMax":null,"Value":1638},{"Length":61,"Height":26,"Demand":10,"DemandMax":null,"Value":1586},{"Length":33,"Height":48,"Demand":10,"DemandMax":null,"Value":1584},{"Length":26,"Height":60,"Demand":10,"DemandMax":null,"Value":1560},{"Length":28,"Height":55,"Demand":10,"DemandMax":null,"Value":1540},{"Length":30,"Height":51,"Demand":10,"DemandMax":null,"Value":1530},{"Length":34,"Height":45,"Demand":10,"DemandMax":null,"Value":1530},{"Length":34,"Height":44,"Demand":10,"DemandMax":null,"Value":1496},{"Length":51,"Height":29,"Demand":10,"DemandMax":null,"Value":1479},{"Length":25,"Height":58,"Demand":10,"DemandMax":null,"Value":1450},{"Length":31,"Height":46,"Demand":10,"DemandMax":null,"Value":1426},{"Length":30,"Height":47,"Demand":10,"DemandMax":null,"Value":1410},{"Length":38,"Height":37,"Demand":10,"DemandMax":null,"Value":1406},{"Length":29,"Height":45,"Demand":10,"DemandMax":null,"Value":1305},{"Length":31,"Height":41,"Demand":10,"DemandMax":null,"Value":1271},{"Length":38,"Height":31,"Demand":10,"DemandMax":null,"Value":1178},{"Length":35,"Height":33,"Demand":10,"DemandMax":null,"Value":1155},{"Length":27,"Height":42,"Demand":10,"DemandMax":null,"Value":1134},{"Length":34,"Height":33,"Demand":10,"DemandMax":null,"Value":1122},{"Length":36,"Height":31,"Demand":10,"DemandMax":null,"Value":1116},{"Length":32,"Height":34,"Demand":10,"DemandMax":null,"Value":1088},{"Length":25,"Height":39,"Demand":10,"DemandMax":null,"Value":975},{"Length":32,"Height":30,"Demand":10,"DemandMax":null,"Value":960},{"Length":28,"Height":30,"Demand":10,"DemandMax":null,"Value":840},{"Length":25,"Height":33,"Demand":10,"DemandMax":null,"Value":825}]}