{"Name":"AH299","Objects":[{"Length":1000,"Height":39659,"Stock":null,"Cost":39659000}],"Items":[{"Length":361,"Height":361,"Demand":1,"DemandMax":null,"Value":130321},{"Length":364,"Height":357,"Demand":1,"DemandMax":null,"Value":129948},{"Length":363,"Height":354,"Demand":1,"DemandMax":null,"Value":128502},{"Length":373,"Height":343,"Demand":1,"DemandMax":null,"Value":127939},{"Length":371,"Height":332,"Demand":1,"DemandMax":null,"Value":123172},{"Length":373,"Height":329,"Demand":1,"DemandMax":null,"Value":122717},{"Length":339,"Height":361,"Demand":1,"DemandMax":null,"Value":122379},{"Length":347,"Height":350,"Demand":1,"DemandMax":null,"Value":121450},{"Length":329,"Height":368,"Demand":1,"DemandMax":null,"Value":121072},{"Length":337,"Height":359,"Demand":1,"DemandMax":null,"Value":120983},{"Length":348,"Height":347,"Demand":1,"DemandMax":null,"Value":120756},{"Length":334,"Height":360,"Demand":1,"DemandMax":null,"Value":120240},{"Length":326,"Height":361,"Demand":1,"DemandMax":null,"Value":117686},{"Length":312,"Height":375,"Demand":1,"DemandMax":null,"Value":117000},{"Length":334,"Height":345,"Demand":1,"DemandMax":null,"Value":115230},{"Length":332,"Height":347,"Demand":1,"DemandMax":null,"Value":115204},{"Length":354,"Height":325,"Demand":1,"DemandMax":null,"Value":115050},{"Length":364,"Height":312,"Demand":1,"DemandMax":null,"Value":113568},{"Length":317,"Height":352,"Demand":1,"DemandMax":null,"Value":111584},{"Length":308,"Height":361,"Demand":1,"DemandMax":null,"Value":111188},{"Length":307,"Height":361,"Demand":1,"DemandMax":null,"Value":110827},{"Length":335,"Height":328,"Demand":1,"DemandMax":null,"Value":109880},{"Length":305,"Height":355,"Demand":1,"DemandMax":null,"Value":108275},{"Length":339,"Height":319,"Demand":1,"DemandMax":null,"Value":108141},{"Length":354,"Height":304,"Demand":1,"DemandMax":null,"Value":107616},{"Length":313,"Height":342,"Demand":1,"DemandMax":null,"Value":107046},{"Length":331,"Height":322,"Demand":1,"DemandMax":null,"Value":106582},{"Length":294,"Height":360,"Demand":1,"DemandMax":null,"Value":105840},{"Length":337,"Height":312,"Demand":1,"DemandMax":null,"Value":105144},{"Length":340,"Height":309,"Demand":1,"DemandMax":null,"Value":105060},{"Length":278,"Height":375,"Demand":1,"DemandMax":null,"Value":104250},{"Length":319,"Height":326,"Demand":1,"DemandMax":null,"Value":103994},{"Length":367,"Height":283,"Demand":1,"DemandMax":null,"Value":103861},{"Length":352,"Height":295,"Demand":1,"DemandMax":null,"Value":103840},{"Length":346,"Height":300,"Demand":1,"DemandMax":null,"Value":103800},{"Length":286,"Height":362,"Demand":1,"DemandMax":null,"Value":103532},{"Length":299,"Height":346,"Demand":1,"DemandMax":null,"Value":103454},{"Length":342,"Height":302,"Demand":1,"DemandMax":null,"Value":103284},{"Length":299,"Height":345,"Demand":1,"DemandMax":null,"Value":103155},{"Length":302,"Height":338,"Demand":1,"DemandMax":null,"Value":102076},{"Length":325,"Height":314,"Demand":1,"DemandMax":null,"Value":102050},{"Length":320,"Height":313,"Demand":1,"DemandMax":null,"Value":100160},{"Length":335,"Height":298,"Demand":1,"DemandMax":null,"Value":99830},{"Length":337,"Height":295,"Demand":1,"DemandMax":null,"Value":99415},{"Length":367,"Height":270,"Demand":1,"DemandMax":null,"Value":99090},{"Length":308,"Height":320,"Demand":1,"DemandMax":null,"Value":98560},{"Length":287,"Height":343,"Demand":1,"DemandMax":null,"Value":98441},{"Length":340,"Height":289,"Demand":1,"DemandMax":null,"Value":98260},{"Length":272,"Height":361,"Demand":1,"DemandMax":null,"Value":98192},{"Length":292,"Height":336,"Demand":1,"DemandMax":null,"Value":98112},{"Length":364,"Height":269,"Demand":1,"DemandMax":null,"Value":97916},{"Length":316,"Height":309,"Demand":1,"DemandMax":null,"Value":97644},{"Length":281,"Height":347,"Demand":1,"DemandMax":null,"Value":97507},{"Length":306,"Height":318,"Demand":1,"DemandMax":null,"Value":97308},{"Length":302,"Height":320,"Demand":1,"DemandMax":null,"Value":96640},{"Length":280,"Height":345,"Demand":1,"DemandMax":null,"Value":96600},{"Length":281,"Height":342,"Demand":1,"DemandMax":null,"Value":96102},{"Length":266,"Height":360,"Demand":1,"DemandMax":null,"Value":95760},{"Length":323,"Height":295,"Demand":1,"DemandMax":null,"Value":95285},{"Length":359,"Height":265,"Demand":1,"DemandMax":null,"Value":95135},{"Length":292,"Height":325,"Demand":1,"DemandMax":null,"Value":94900},{"Length":309,"Height":305,"Demand":1,"DemandMax":null,"Value":94245},{"Length":297,"Height":317,"Demand":1,"DemandMax":null,"Value":94149},{"Length":294,"Height":319,"Demand":1,"DemandMax":null,"Value":93786},{"Length":314,"Height":298,"Demand":1,"DemandMax":null,"Value":93572},{"Length":342,"Height":273,"Demand":1,"DemandMax":null,"Value":93366},{"Length":369,"Height":253,"Demand":1,"DemandMax":null,"Value":93357},{"Length":299,"Height":311,"Demand":1,"DemandMax":null,"Value":92989},{"Length":267,"Height":347,"Demand":1,"DemandMax":null,"Value":92649},{"Length":339,"Height":272,"Demand":1,"DemandMax":null,"Value":92208},{"Length":270,"Height":337,"Demand":1,"DemandMax":null,"Value":90990},{"Length":250,"Height":363,"Demand":1,"DemandMax":null,"Value":90750},{"Length":279,"Height":325,"Demand":1,"DemandMax":null,"Value":90675},{"Length":269,"Height":337,"Demand":1,"DemandMax":null,"Value":90653},{"Length":247,"Height":367,"Demand":1,"DemandMax":null,"Value":90649},{"Length":243,"Height":373,"Demand":1,"DemandMax":null,"Value":90639},{"Length":251,"Height":361,"Demand":1,"DemandMax":null,"Value":90611},{"Length":339,"Height":267,"Demand":1,"DemandMax":null,"Value":90513},{"Length":311,"Height":290,"Demand":1,"DemandMax":null,"Value":90190},{"Length":324,"Height":278,"Demand":1,"DemandMax":null,"Value":90072},{"Length":258,"Height":349,"Demand":1,"DemandMax":null,"Value":90042},{"Length":303,"Height":297,"Demand":1,"DemandMax":null,"Value":89991},{"Length":306,"Height":292,"Demand":1,"DemandMax":null,"Value":89352},{"Length":309,"Height":289,"Demand":1,"DemandMax":null,"Value":89301},{"Length":317,"Height":281,"Demand":1,"DemandMax":null,"Value":89077},{"Length":251,"Height":352,"Demand":1,"DemandMax":null,"Value":88352},{"Length":283,"Height":312,"Demand":1,"DemandMax":null,"Value":88296},{"Length":252,"Height":350,"Demand":1,"DemandMax":null,"Value":88200},{"Length":270,"Height":326,"Demand":1,"DemandMax":null,"Value":88020},{"Length":268,"Height":327,"Demand":1,"DemandMax":null,"Value":87636},{"Length":300,"Height":290,"Demand":1,"DemandMax":null,"Value":87000},{"Length":360,"Height":241,"Demand":1,"DemandMax":null,"Value":86760},{"Length":289,"Height":300,"Demand":1,"DemandMax":null,"Value":86700},{"Length":260,"Height":333,"Demand":1,"DemandMax":null,"Value":86580},{"Length":277,"Height":312,"Demand":1,"DemandMax":null,"Value":86424},{"Length":257,"Height":335,"Demand":1,"DemandMax":null,"Value":86095},{"Length":357,"Height":240,"Demand":1,"DemandMax":null,"Value":85680},{"Length":234,"Height":366,"Demand":1,"DemandMax":null,"Value":85644},{"Length":293,"Height":291,"Demand":1,"DemandMax":null,"Value":85263},{"Length":284,"Height":300,"Demand":1,"DemandMax":null,"Value":85200},{"Length":319,"Height":263,"Demand":1,"DemandMax":null,"Value":83897},{"Length":257,"Height":325,"Demand":1,"DemandMax":null,"Value":83525},{"Length":248,"Height":335,"Demand":1,"DemandMax":null,"Value":83080},{"Length":237,"Height":350,"Demand":1,"DemandMax":null,"Value":82950},{"Length":313,"Height":263,"Demand":1,"DemandMax":null,"Value":82319},{"Length":321,"Height":256,"Demand":1,"DemandMax":null,"Value":82176},{"Length":316,"Height":260,"Demand":1,"DemandMax":null,"Value":82160},{"Length":279,"Height":294,"Demand":1,"DemandMax":null,"Value":82026},{"Length":269,"Height":304,"Demand":1,"DemandMax":null,"Value":81776},{"Length":224,"Height":365,"Demand":1,"DemandMax":null,"Value":81760},{"Length":272,"Height":300,"Demand":1,"DemandMax":null,"Value":81600},{"Length":229,"Height":356,"Demand":1,"DemandMax":null,"Value":81524},{"Length":246,"Height":331,"Demand":1,"DemandMax":null,"Value":81426},{"Length":294,"Height":276,"Demand":1,"DemandMax":null,"Value":81144},{"Length":354,"Height":229,"Demand":1,"DemandMax":null,"Value":81066},{"Length":258,"Height":314,"Demand":1,"DemandMax":null,"Value":81012},{"Length":374,"Height":216,"Demand":1,"DemandMax":null,"Value":80784},{"Length":243,"Height":332,"Demand":1,"DemandMax":null,"Value":80676},{"Length":349,"Height":230,"Demand":1,"DemandMax":null,"Value":80270},{"Length":324,"Height":247,"Demand":1,"DemandMax":null,"Value":80028},{"Length":260,"Height":307,"Demand":1,"DemandMax":null,"Value":79820},{"Length":356,"Height":223,"Demand":1,"DemandMax":null,"Value":79388},{"Length":346,"Height":229,"Demand":1,"DemandMax":null,"Value":79234},{"Length":279,"Height":281,"Demand":1,"DemandMax":null,"Value":78399},{"Length":277,"Height":283,"Demand":1,"DemandMax":null,"Value":78391},{"Length":364,"Height":215,"Demand":1,"DemandMax":null,"Value":78260},{"Length":226,"Height":346,"Demand":1,"DemandMax":null,"Value":78196},{"Length":257,"Height":301,"Demand":1,"DemandMax":null,"Value":77357},{"Length":216,"Height":357,"Demand":1,"DemandMax":null,"Value":77112},{"Length":316,"Height":244,"Demand":1,"DemandMax":null,"Value":77104},{"Length":353,"Height":218,"Demand":1,"DemandMax":null,"Value":76954},{"Length":311,"Height":247,"Demand":1,"DemandMax":null,"Value":76817},{"Length":218,"Height":350,"Demand":1,"DemandMax":null,"Value":76300},{"Length":293,"Height":260,"Demand":1,"DemandMax":null,"Value":76180},{"Length":227,"Height":333,"Demand":1,"DemandMax":null,"Value":75591},{"Length":365,"Height":207,"Demand":1,"DemandMax":null,"Value":75555},{"Length":286,"Height":264,"Demand":1,"DemandMax":null,"Value":75504},{"Length":278,"Height":269,"Demand":1,"DemandMax":null,"Value":74782},{"Length":367,"Height":203,"Demand":1,"DemandMax":null,"Value":74501},{"Length":281,"Height":265,"Demand":1,"DemandMax":null,"Value":74465},{"Length":199,"Height":373,"Demand":1,"DemandMax":null,"Value":74227},{"Length":265,"Height":279,"Demand":1,"DemandMax":null,"Value":73935},{"Length":294,"Height":251,"Demand":1,"DemandMax":null,"Value":73794},{"Length":355,"Height":207,"Demand":1,"DemandMax":null,"Value":73485},{"Length":230,"Height":319,"Demand":1,"DemandMax":null,"Value":73370},{"Length":349,"Height":210,"Demand":1,"DemandMax":null,"Value":73290},{"Length":258,"Height":284,"Demand":1,"DemandMax":null,"Value":73272},{"Length":223,"Height":328,"Demand":1,"DemandMax":null,"Value":73144},{"Length":281,"Height":260,"Demand":1,"DemandMax":null,"Value":73060},{"Length":229,"Height":319,"Demand":1,"DemandMax":null,"Value":73051},{"Length":335,"Height":218,"Demand":1,"DemandMax":null,"Value":73030},{"Length":202,"Height":361,"Demand":1,"DemandMax":null,"Value":72922},{"Length":211,"Height":345,"Demand":1,"DemandMax":null,"Value":72795},{"Length":352,"Height":206,"Demand":1,"DemandMax":null,"Value":72512},{"Length":290,"Height":250,"Demand":1,"DemandMax":null,"Value":72500},{"Length":368,"Height":197,"Demand":1,"DemandMax":null,"Value":72496},{"Length":285,"Height":254,"Demand":1,"DemandMax":null,"Value":72390},{"Length":275,"Height":263,"Demand":1,"DemandMax":null,"Value":72325},{"Length":271,"Height":266,"Demand":1,"DemandMax":null,"Value":72086},{"Length":373,"Height":193,"Demand":1,"DemandMax":null,"Value":71989},{"Length":263,"Height":273,"Demand":1,"DemandMax":null,"Value":71799},{"Length":213,"Height":336,"Demand":1,"DemandMax":null,"Value":71568},{"Length":339,"Height":211,"Demand":1,"DemandMax":null,"Value":71529},{"Length":218,"Height":328,"Demand":1,"DemandMax":null,"Value":71504},{"Length":305,"Height":234,"Demand":1,"DemandMax":null,"Value":71370},{"Length":310,"Height":230,"Demand":1,"DemandMax":null,"Value":71300},{"Length":269,"Height":265,"Demand":1,"DemandMax":null,"Value":71285},{"Length":303,"Height":235,"Demand":1,"DemandMax":null,"Value":71205},{"Length":220,"Height":322,"Demand":1,"DemandMax":null,"Value":70840},{"Length":306,"Height":231,"Demand":1,"DemandMax":null,"Value":70686},{"Length":223,"Height":316,"Demand":1,"DemandMax":null,"Value":70468},{"Length":196,"Height":358,"Demand":1,"DemandMax":null,"Value":70168},{"Length":220,"Height":318,"Demand":1,"DemandMax":null,"Value":69960},{"Length":205,"Height":341,"Demand":1,"DemandMax":null,"Value":69905},{"Length":290,"Height":241,"Demand":1,"DemandMax":null,"Value":69890},{"Length":190,"Height":367,"Demand":1,"DemandMax":null,"Value":69730},{"Length":239,"Height":290,"Demand":1,"DemandMax":null,"Value":69310},{"Length":225,"Height":308,"Demand":1,"DemandMax":null,"Value":69300},{"Length":251,"Height":276,"Demand":1,"DemandMax":null,"Value":69276},{"Length":284,"Height":242,"Demand":1,"DemandMax":null,"Value":68728},{"Length":332,"Height":207,"Demand":1,"DemandMax":null,"Value":68724},{"Length":308,"Height":223,"Demand":1,"DemandMax":null,"Value":68684},{"Length":338,"Height":203,"Demand":1,"DemandMax":null,"Value":68614},{"Length":348,"Height":197,"Demand":1,"DemandMax":null,"Value":68556},{"Length":207,"Height":331,"Demand":1,"DemandMax":null,"Value":68517},{"Length":198,"Height":346,"Demand":1,"DemandMax":null,"Value":68508},{"Length":307,"Height":223,"Demand":1,"DemandMax":null,"Value":68461},{"Length":188,"Height":364,"Demand":1,"DemandMax":null,"Value":68432},{"Length":361,"Height":189,"Demand":1,"DemandMax":null,"Value":68229},{"Length":248,"Height":275,"Demand":1,"DemandMax":null,"Value":68200},{"Length":215,"Height":316,"Demand":1,"DemandMax":null,"Value":67940},{"Length":266,"Height":255,"Demand":1,"DemandMax":null,"Value":67830},{"Length":269,"Height":252,"Demand":1,"DemandMax":null,"Value":67788},{"Length":224,"Height":302,"Demand":1,"DemandMax":null,"Value":67648},{"Length":274,"Height":246,"Demand":1,"DemandMax":null,"Value":67404},{"Length":237,"Height":284,"Demand":1,"DemandMax":null,"Value":67308},{"Length":373,"Height":180,"Demand":1,"DemandMax":null,"Value":67140},{"Length":313,"Height":214,"Demand":1,"DemandMax":null,"Value":66982},{"Length":182,"Height":368,"Demand":1,"DemandMax":null,"Value":66976},{"Length":180,"Height":372,"Demand":1,"DemandMax":null,"Value":66960},{"Length":208,"Height":321,"Demand":1,"DemandMax":null,"Value":66768},{"Length":191,"Height":349,"Demand":1,"DemandMax":null,"Value":66659},{"Length":273,"Height":244,"Demand":1,"DemandMax":null,"Value":66612},{"Length":302,"Height":220,"Demand":1,"DemandMax":null,"Value":66440},{"Length":249,"Height":264,"Demand":1,"DemandMax":null,"Value":65736},{"Length":369,"Height":178,"Demand":1,"DemandMax":null,"Value":65682},{"Length":257,"Height":254,"Demand":1,"DemandMax":null,"Value":65278},{"Length":258,"Height":253,"Demand":1,"DemandMax":null,"Value":65274},{"Length":266,"Height":245,"Demand":1,"DemandMax":null,"Value":65170},{"Length":276,"Height":236,"Demand":1,"DemandMax":null,"Value":65136},{"Length":254,"Height":256,"Demand":1,"DemandMax":null,"Value":65024},{"Length":340,"Height":191,"Demand":1,"DemandMax":null,"Value":64940},{"Length":253,"Height":256,"Demand":1,"DemandMax":null,"Value":64768},{"Length":374,"Height":173,"Demand":1,"DemandMax":null,"Value":64702},{"Length":178,"Height":362,"Demand":1,"DemandMax":null,"Value":64436},{"Length":239,"Height":268,"Demand":1,"DemandMax":null,"Value":64052},{"Length":282,"Height":226,"Demand":1,"DemandMax":null,"Value":63732},{"Length":272,"Height":234,"Demand":1,"DemandMax":null,"Value":63648},{"Length":211,"Height":301,"Demand":1,"DemandMax":null,"Value":63511},{"Length":226,"Height":281,"Demand":1,"DemandMax":null,"Value":63506},{"Length":197,"Height":322,"Demand":1,"DemandMax":null,"Value":63434},{"Length":292,"Height":217,"Demand":1,"DemandMax":null,"Value":63364},{"Length":369,"Height":171,"Demand":1,"DemandMax":null,"Value":63099},{"Length":229,"Height":275,"Demand":1,"DemandMax":null,"Value":62975},{"Length":336,"Height":187,"Demand":1,"DemandMax":null,"Value":62832},{"Length":172,"Height":365,"Demand":1,"DemandMax":null,"Value":62780},{"Length":369,"Height":170,"Demand":1,"DemandMax":null,"Value":62730},{"Length":356,"Height":175,"Demand":1,"DemandMax":null,"Value":62300},{"Length":229,"Height":272,"Demand":1,"DemandMax":null,"Value":62288},{"Length":199,"Height":313,"Demand":1,"DemandMax":null,"Value":62287},{"Length":166,"Height":369,"Demand":1,"DemandMax":null,"Value":61254},{"Length":220,"Height":278,"Demand":1,"DemandMax":null,"Value":61160},{"Length":171,"Height":357,"Demand":1,"DemandMax":null,"Value":61047},{"Length":342,"Height":178,"Demand":1,"DemandMax":null,"Value":60876},{"Length":375,"Height":162,"Demand":1,"DemandMax":null,"Value":60750},{"Length":210,"Height":289,"Demand":1,"DemandMax":null,"Value":60690},{"Length":208,"Height":291,"Demand":1,"DemandMax":null,"Value":60528},{"Length":172,"Height":350,"Demand":1,"DemandMax":null,"Value":60200},{"Length":328,"Height":183,"Demand":1,"DemandMax":null,"Value":60024},{"Length":164,"Height":365,"Demand":1,"DemandMax":null,"Value":59860},{"Length":344,"Height":174,"Demand":1,"DemandMax":null,"Value":59856},{"Length":166,"Height":360,"Demand":1,"DemandMax":null,"Value":59760},{"Length":359,"Height":166,"Demand":1,"DemandMax":null,"Value":59594},{"Length":312,"Height":191,"Demand":1,"DemandMax":null,"Value":59592},{"Length":182,"Height":327,"Demand":1,"DemandMax":null,"Value":59514},{"Length":373,"Height":158,"Demand":1,"DemandMax":null,"Value":58934},{"Length":210,"Height":280,"Demand":1,"DemandMax":null,"Value":58800},{"Length":273,"Height":215,"Demand":1,"DemandMax":null,"Value":58695},{"Length":349,"Height":168,"Demand":1,"DemandMax":null,"Value":58632},{"Length":210,"Height":278,"Demand":1,"DemandMax":null,"Value":58380},{"Length":324,"Height":180,"Demand":1,"DemandMax":null,"Value":58320},{"Length":264,"Height":220,"Demand":1,"DemandMax":null,"Value":58080},{"Length":176,"Height":328,"Demand":1,"DemandMax":null,"Value":57728},{"Length":227,"Height":254,"Demand":1,"DemandMax":null,"Value":57658},{"Length":218,"Height":263,"Demand":1,"DemandMax":null,"Value":57334},{"Length":167,"Height":343,"Demand":1,"DemandMax":null,"Value":57281},{"Length":305,"Height":187,"Demand":1,"DemandMax":null,"Value":57035},{"Length":245,"Height":232,"Demand":1,"DemandMax":null,"Value":56840},{"Length":314,"Height":181,"Demand":1,"DemandMax":null,"Value":56834},{"Length":183,"Height":309,"Demand":1,"DemandMax":null,"Value":56547},{"Length":224,"Height":252,"Demand":1,"DemandMax":null,"Value":56448},{"Length":209,"Height":270,"Demand":1,"DemandMax":null,"Value":56430},{"Length":214,"Height":263,"Demand":1,"DemandMax":null,"Value":56282},{"Length":341,"Height":165,"Demand":1,"DemandMax":null,"Value":56265},{"Length":193,"Height":291,"Demand":1,"DemandMax":null,"Value":56163},{"Length":198,"Height":282,"Demand":1,"DemandMax":null,"Value":55836},{"Length":205,"Height":272,"Demand":1,"DemandMax":null,"Value":55760},{"Length":257,"Height":216,"Demand":1,"DemandMax":null,"Value":55512},{"Length":192,"Height":289,"Demand":1,"DemandMax":null,"Value":55488},{"Length":188,"Height":295,"Demand":1,"DemandMax":null,"Value":55460},{"Length":165,"Height":336,"Demand":1,"DemandMax":null,"Value":55440},{"Length":277,"Height":200,"Demand":1,"DemandMax":null,"Value":55400},{"Length":168,"Height":328,"Demand":1,"DemandMax":null,"Value":55104},{"Length":204,"Height":270,"Demand":1,"DemandMax":null,"Value":55080},{"Length":352,"Height":156,"Demand":1,"DemandMax":null,"Value":54912},{"Length":154,"Height":356,"Demand":1,"DemandMax":null,"Value":54824},{"Length":239,"Height":229,"Demand":1,"DemandMax":null,"Value":54731},{"Length":160,"Height":342,"Demand":1,"DemandMax":null,"Value":54720},{"Length":260,"Height":210,"Demand":1,"DemandMax":null,"Value":54600},{"Length":217,"Height":251,"Demand":1,"DemandMax":null,"Value":54467},{"Length":207,"Height":263,"Demand":1,"DemandMax":null,"Value":54441},{"Length":210,"Height":258,"Demand":1,"DemandMax":null,"Value":54180},{"Length":371,"Height":146,"Demand":1,"DemandMax":null,"Value":54166},{"Length":199,"Height":272,"Demand":1,"DemandMax":null,"Value":54128},{"Length":314,"Height":172,"Demand":1,"DemandMax":null,"Value":54008},{"Length":360,"Height":150,"Demand":1,"DemandMax":null,"Value":54000},{"Length":171,"Height":315,"Demand":1,"DemandMax":null,"Value":53865},{"Length":359,"Height":150,"Demand":1,"DemandMax":null,"Value":53850},{"Length":226,"Height":238,"Demand":1,"DemandMax":null,"Value":53788},{"Length":159,"Height":338,"Demand":1,"DemandMax":null,"Value":53742},{"Length":270,"Height":199,"Demand":1,"DemandMax":null,"Value":53730},{"Length":185,"Height":290,"Demand":1,"DemandMax":null,"Value":53650},{"Length":170,"Height":315,"Demand":1,"DemandMax":null,"Value":53550},{"Length":179,"Height":299,"Demand":1,"DemandMax":null,"Value":53521},{"Length":230,"Height":232,"Demand":1,"DemandMax":null,"Value":53360},{"Length":325,"Height":164,"Demand":1,"DemandMax":null,"Value":53300},{"Length":158,"Height":337,"Demand":1,"DemandMax":null,"Value":53246},{"Length":190,"Height":280,"Demand":1,"DemandMax":null,"Value":53200},{"Length":159,"Height":332,"Demand":1,"DemandMax":null,"Value":52788},{"Length":218,"Height":242,"Demand":1,"DemandMax":null,"Value":52756},{"Length":235,"Height":224,"Demand":1,"DemandMax":null,"Value":52640},{"Length":353,"Height":149,"Demand":1,"DemandMax":null,"Value":52597},{"Length":360,"Height":146,"Demand":1,"DemandMax":null,"Value":52560},{"Length":217,"Height":242,"Demand":1,"DemandMax":null,"Value":52514},{"Length":190,"Height":276,"Demand":1,"DemandMax":null,"Value":52440},{"Length":317,"Height":164,"Demand":1,"DemandMax":null,"Value":51988},{"Length":166,"Height":313,"Demand":1,"DemandMax":null,"Value":51958},{"Length":150,"Height":346,"Demand":1,"DemandMax":null,"Value":51900},{"Length":146,"Height":355,"Demand":1,"DemandMax":null,"Value":51830},{"Length":202,"Height":256,"Demand":1,"DemandMax":null,"Value":51712},{"Length":156,"Height":331,"Demand":1,"DemandMax":null,"Value":51636},{"Length":243,"Height":212,"Demand":1,"DemandMax":null,"Value":51516},{"Length":159,"Height":324,"Demand":1,"DemandMax":null,"Value":51516},{"Length":156,"Height":330,"Demand":1,"DemandMax":null,"Value":51480},{"Length":209,"Height":246,"Demand":1,"DemandMax":null,"Value":51414},{"Length":212,"Height":242,"Demand":1,"DemandMax":null,"Value":51304},{"Length":280,"Height":183,"Demand":1,"DemandMax":null,"Value":51240},{"Length":366,"Height":140,"Demand":1,"DemandMax":null,"Value":51240},{"Length":151,"Height":339,"Demand":1,"DemandMax":null,"Value":51189},{"Length":239,"Height":214,"Demand":1,"DemandMax":null,"Value":51146},{"Length":171,"Height":298,"Demand":1,"DemandMax":null,"Value":50958},{"Length":299,"Height":170,"Demand":1,"DemandMax":null,"Value":50830},{"Length":182,"Height":279,"Demand":1,"DemandMax":null,"Value":50778},{"Length":247,"Height":205,"Demand":1,"DemandMax":null,"Value":50635},{"Length":158,"Height":320,"Demand":1,"DemandMax":null,"Value":50560},{"Length":237,"Height":213,"Demand":1,"DemandMax":null,"Value":50481},{"Length":189,"Height":266,"Demand":1,"DemandMax":null,"Value":50274},{"Length":206,"Height":244,"Demand":1,"DemandMax":null,"Value":50264},{"Length":259,"Height":193,"Demand":1,"DemandMax":null,"Value":49987},{"Length":299,"Height":167,"Demand":1,"DemandMax":null,"Value":49933},{"Length":159,"Height":313,"Demand":1,"DemandMax":null,"Value":49767},{"Length":249,"Height":198,"Demand":1,"DemandMax":null,"Value":49302},{"Length":145,"Height":340,"Demand":1,"DemandMax":null,"Value":49300},{"Length":190,"Height":259,"Demand":1,"DemandMax":null,"Value":49210},{"Length":209,"Height":235,"Demand":1,"DemandMax":null,"Value":49115},{"Length":321,"Height":153,"Demand":1,"DemandMax":null,"Value":49113},{"Length":174,"Height":282,"Demand":1,"DemandMax":null,"Value":49068},{"Length":278,"Height":175,"Demand":1,"DemandMax":null,"Value":48650},{"Length":258,"Height":188,"Demand":1,"DemandMax":null,"Value":48504},{"Length":198,"Height":244,"Demand":1,"DemandMax":null,"Value":48312},{"Length":325,"Height":148,"Demand":1,"DemandMax":null,"Value":48100},{"Length":139,"Height":346,"Demand":1,"DemandMax":null,"Value":48094},{"Length":131,"Height":365,"Demand":1,"DemandMax":null,"Value":47815},{"Length":174,"Height":274,"Demand":1,"DemandMax":null,"Value":47676},{"Length":156,"Height":305,"Demand":1,"DemandMax":null,"Value":47580},{"Length":154,"Height":307,"Demand":1,"DemandMax":null,"Value":47278},{"Length":143,"Height":330,"Demand":1,"DemandMax":null,"Value":47190},{"Length":237,"Height":199,"Demand":1,"DemandMax":null,"Value":47163},{"Length":134,"Height":351,"Demand":1,"DemandMax":null,"Value":47034},{"Length":281,"Height":167,"Demand":1,"DemandMax":null,"Value":46927},{"Length":291,"Height":161,"Demand":1,"DemandMax":null,"Value":46851},{"Length":253,"Height":185,"Demand":1,"DemandMax":null,"Value":46805},{"Length":246,"Height":190,"Demand":1,"DemandMax":null,"Value":46740},{"Length":331,"Height":141,"Demand":1,"DemandMax":null,"Value":46671},{"Length":256,"Height":182,"Demand":1,"DemandMax":null,"Value":46592},{"Length":163,"Height":285,"Demand":1,"DemandMax":null,"Value":46455},{"Length":184,"Height":252,"Demand":1,"DemandMax":null,"Value":46368},{"Length":172,"Height":268,"Demand":1,"DemandMax":null,"Value":46096},{"Length":325,"Height":141,"Demand":1,"DemandMax":null,"Value":45825},{"Length":125,"Height":366,"Demand":1,"DemandMax":null,"Value":45750},{"Length":337,"Height":135,"Demand":1,"DemandMax":null,"Value":45495},{"Length":134,"Height":338,"Demand":1,"DemandMax":null,"Value":45292},{"Length":268,"Height":169,"Demand":1,"DemandMax":null,"Value":45292},{"Length":169,"Height":267,"Demand":1,"DemandMax":null,"Value":45123},{"Length":241,"Height":187,"Demand":1,"DemandMax":null,"Value":45067},{"Length":237,"Height":190,"Demand":1,"DemandMax":null,"Value":45030},{"Length":189,"Height":238,"Demand":1,"DemandMax":null,"Value":44982},{"Length":233,"Height":193,"Demand":1,"DemandMax":null,"Value":44969},{"Length":209,"Height":214,"Demand":1,"DemandMax":null,"Value":44726},{"Length":283,"Height":158,"Demand":1,"DemandMax":null,"Value":44714},{"Length":234,"Height":191,"Demand":1,"DemandMax":null,"Value":44694},{"Length":154,"Height":289,"Demand":1,"DemandMax":null,"Value":44506},{"Length":342,"Height":130,"Demand":1,"DemandMax":null,"Value":44460},{"Length":153,"Height":288,"Demand":1,"DemandMax":null,"Value":44064},{"Length":302,"Height":145,"Demand":1,"DemandMax":null,"Value":43790},{"Length":136,"Height":321,"Demand":1,"DemandMax":null,"Value":43656},{"Length":345,"Height":126,"Demand":1,"DemandMax":null,"Value":43470},{"Length":150,"Height":289,"Demand":1,"DemandMax":null,"Value":43350},{"Length":182,"Height":238,"Demand":1,"DemandMax":null,"Value":43316},{"Length":203,"Height":213,"Demand":1,"DemandMax":null,"Value":43239},{"Length":327,"Height":132,"Demand":1,"DemandMax":null,"Value":43164},{"Length":278,"Height":155,"Demand":1,"DemandMax":null,"Value":43090},{"Length":221,"Height":194,"Demand":1,"DemandMax":null,"Value":42874},{"Length":280,"Height":153,"Demand":1,"DemandMax":null,"Value":42840},{"Length":365,"Height":117,"Demand":1,"DemandMax":null,"Value":42705},{"Length":168,"Height":254,"Demand":1,"DemandMax":null,"Value":42672},{"Length":333,"Height":128,"Demand":1,"DemandMax":null,"Value":42624},{"Length":304,"Height":140,"Demand":1,"DemandMax":null,"Value":42560},{"Length":127,"Height":334,"Demand":1,"DemandMax":null,"Value":42418},{"Length":198,"Height":214,"Demand":1,"DemandMax":null,"Value":42372},{"Length":181,"Height":234,"Demand":1,"DemandMax":null,"Value":42354},{"Length":202,"Height":208,"Demand":1,"DemandMax":null,"Value":42016},{"Length":317,"Height":132,"Demand":1,"DemandMax":null,"Value":41844},{"Length":239,"Height":175,"Demand":1,"DemandMax":null,"Value":41825},{"Length":180,"Height":232,"Demand":1,"DemandMax":null,"Value":41760},{"Length":235,"Height":177,"Demand":1,"DemandMax":null,"Value":41595},{"Length":117,"Height":355,"Demand":1,"DemandMax":null,"Value":41535},{"Length":155,"Height":266,"Demand":1,"DemandMax":null,"Value":41230},{"Length":122,"Height":335,"Demand":1,"DemandMax":null,"Value":40870},{"Length":185,"Height":220,"Demand":1,"DemandMax":null,"Value":40700},{"Length":152,"Height":267,"Demand":1,"DemandMax":null,"Value":40584},{"Length":129,"Height":314,"Demand":1,"DemandMax":null,"Value":40506},{"Length":277,"Height":146,"Demand":1,"DemandMax":null,"Value":40442},{"Length":193,"Height":209,"Demand":1,"DemandMax":null,"Value":40337},{"Length":169,"Height":238,"Demand":1,"DemandMax":null,"Value":40222},{"Length":313,"Height":128,"Demand":1,"DemandMax":null,"Value":40064},{"Length":260,"Height":154,"Demand":1,"DemandMax":null,"Value":40040},{"Length":250,"Height":160,"Demand":1,"DemandMax":null,"Value":40000},{"Length":203,"Height":197,"Demand":1,"DemandMax":null,"Value":39991},{"Length":305,"Height":131,"Demand":1,"DemandMax":null,"Value":39955},{"Length":206,"Height":193,"Demand":1,"DemandMax":null,"Value":39758},{"Length":263,"Height":151,"Demand":1,"DemandMax":null,"Value":39713},{"Length":211,"Height":188,"Demand":1,"DemandMax":null,"Value":39668},{"Length":237,"Height":167,"Demand":1,"DemandMax":null,"Value":39579},{"Length":133,"Height":297,"Demand":1,"DemandMax":null,"Value":39501},{"Length":135,"Height":292,"Demand":1,"DemandMax":null,"Value":39420},{"Length":199,"Height":198,"Demand":1,"DemandMax":null,"Value":39402},{"Length":333,"Height":118,"Demand":1,"DemandMax":null,"Value":39294},{"Length":153,"Height":255,"Demand":1,"DemandMax":null,"Value":39015},{"Length":106,"Height":368,"Demand":1,"DemandMax":null,"Value":39008},{"Length":202,"Height":193,"Demand":1,"DemandMax":null,"Value":38986},{"Length":141,"Height":276,"Demand":1,"DemandMax":null,"Value":38916},{"Length":281,"Height":138,"Demand":1,"DemandMax":null,"Value":38778},{"Length":177,"Height":219,"Demand":1,"DemandMax":null,"Value":38763},{"Length":302,"Height":128,"Demand":1,"DemandMax":null,"Value":38656},{"Length":280,"Height":138,"Demand":1,"DemandMax":null,"Value":38640},{"Length":237,"Height":163,"Demand":1,"DemandMax":null,"Value":38631},{"Length":259,"Height":149,"Demand":1,"DemandMax":null,"Value":38591},{"Length":109,"Height":353,"Demand":1,"DemandMax":null,"Value":38477},{"Length":128,"Height":300,"Demand":1,"DemandMax":null,"Value":38400},{"Length":185,"Height":207,"Demand":1,"DemandMax":null,"Value":38295},{"Length":275,"Height":139,"Demand":1,"DemandMax":null,"Value":38225},{"Length":140,"Height":273,"Demand":1,"DemandMax":null,"Value":38220},{"Length":142,"Height":269,"Demand":1,"DemandMax":null,"Value":38198},{"Length":166,"Height":230,"Demand":1,"DemandMax":null,"Value":38180},{"Length":189,"Height":202,"Demand":1,"DemandMax":null,"Value":38178},{"Length":153,"Height":249,"Demand":1,"DemandMax":null,"Value":38097},{"Length":366,"Height":104,"Demand":1,"DemandMax":null,"Value":38064},{"Length":181,"Height":209,"Demand":1,"DemandMax":null,"Value":37829},{"Length":182,"Height":206,"Demand":1,"DemandMax":null,"Value":37492},{"Length":189,"Height":198,"Demand":1,"DemandMax":null,"Value":37422},{"Length":238,"Height":157,"Demand":1,"DemandMax":null,"Value":37366},{"Length":349,"Height":107,"Demand":1,"DemandMax":null,"Value":37343},{"Length":163,"Height":229,"Demand":1,"DemandMax":null,"Value":37327},{"Length":176,"Height":212,"Demand":1,"DemandMax":null,"Value":37312},{"Length":128,"Height":291,"Demand":1,"DemandMax":null,"Value":37248},{"Length":166,"Height":223,"Demand":1,"DemandMax":null,"Value":37018},{"Length":224,"Height":165,"Demand":1,"DemandMax":null,"Value":36960},{"Length":165,"Height":222,"Demand":1,"DemandMax":null,"Value":36630},{"Length":182,"Height":201,"Demand":1,"DemandMax":null,"Value":36582},{"Length":106,"Height":343,"Demand":1,"DemandMax":null,"Value":36358},{"Length":191,"Height":189,"Demand":1,"DemandMax":null,"Value":36099},{"Length":129,"Height":279,"Demand":1,"DemandMax":null,"Value":35991},{"Length":258,"Height":139,"Demand":1,"DemandMax":null,"Value":35862},{"Length":198,"Height":181,"Demand":1,"DemandMax":null,"Value":35838},{"Length":248,"Height":144,"Demand":1,"DemandMax":null,"Value":35712},{"Length":215,"Height":166,"Demand":1,"DemandMax":null,"Value":35690},{"Length":207,"Height":171,"Demand":1,"DemandMax":null,"Value":35397},{"Length":128,"Height":276,"Demand":1,"DemandMax":null,"Value":35328},{"Length":117,"Height":301,"Demand":1,"DemandMax":null,"Value":35217},{"Length":311,"Height":113,"Demand":1,"DemandMax":null,"Value":35143},{"Length":158,"Height":222,"Demand":1,"DemandMax":null,"Value":35076},{"Length":207,"Height":169,"Demand":1,"DemandMax":null,"Value":34983},{"Length":138,"Height":253,"Demand":1,"DemandMax":null,"Value":34914},{"Length":151,"Height":229,"Demand":1,"DemandMax":null,"Value":34579},{"Length":235,"Height":147,"Demand":1,"DemandMax":null,"Value":34545},{"Length":113,"Height":304,"Demand":1,"DemandMax":null,"Value":34352},{"Length":145,"Height":236,"Demand":1,"DemandMax":null,"Value":34220},{"Length":144,"Height":237,"Demand":1,"DemandMax":null,"Value":34128},{"Length":247,"Height":138,"Demand":1,"DemandMax":null,"Value":34086},{"Length":161,"Height":211,"Demand":1,"DemandMax":null,"Value":33971},{"Length":201,"Height":169,"Demand":1,"DemandMax":null,"Value":33969},{"Length":128,"Height":262,"Demand":1,"DemandMax":null,"Value":33536},{"Length":263,"Height":127,"Demand":1,"DemandMax":null,"Value":33401},{"Length":283,"Height":118,"Demand":1,"DemandMax":null,"Value":33394},{"Length":92,"Height":362,"Demand":1,"DemandMax":null,"Value":33304},{"Length":178,"Height":187,"Demand":1,"DemandMax":null,"Value":33286},{"Length":98,"Height":339,"Demand":1,"DemandMax":null,"Value":33222},{"Length":361,"Height":92,"Demand":1,"DemandMax":null,"Value":33212},{"Length":112,"Height":295,"Demand":1,"DemandMax":null,"Value":33040},{"Length":273,"Height":121,"Demand":1,"DemandMax":null,"Value":33033},{"Length":106,"Height":311,"Demand":1,"DemandMax":null,"Value":32966},{"Length":89,"Height":370,"Demand":1,"DemandMax":null,"Value":32930},{"Length":110,"Height":299,"Demand":1,"DemandMax":null,"Value":32890},{"Length":330,"Height":99,"Demand":1,"DemandMax":null,"Value":32670},{"Length":115,"Height":281,"Demand":1,"DemandMax":null,"Value":32315},{"Length":359,"Height":90,"Demand":1,"DemandMax":null,"Value":32310},{"Length":127,"Height":253,"Demand":1,"DemandMax":null,"Value":32131},{"Length":130,"Height":247,"Demand":1,"DemandMax":null,"Value":32110},{"Length":107,"Height":300,"Demand":1,"DemandMax":null,"Value":32100},{"Length":289,"Height":111,"Demand":1,"DemandMax":null,"Value":32079},{"Length":267,"Height":120,"Demand":1,"DemandMax":null,"Value":32040},{"Length":372,"Height":86,"Demand":1,"DemandMax":null,"Value":31992},{"Length":93,"Height":343,"Demand":1,"DemandMax":null,"Value":31899},{"Length":322,"Height":99,"Demand":1,"DemandMax":null,"Value":31878},{"Length":126,"Height":252,"Demand":1,"DemandMax":null,"Value":31752},{"Length":206,"Height":154,"Demand":1,"DemandMax":null,"Value":31724},{"Length":94,"Height":337,"Demand":1,"DemandMax":null,"Value":31678},{"Length":179,"Height":176,"Demand":1,"DemandMax":null,"Value":31504},{"Length":152,"Height":207,"Demand":1,"DemandMax":null,"Value":31464},{"Length":131,"Height":240,"Demand":1,"DemandMax":null,"Value":31440},{"Length":160,"Height":196,"Demand":1,"DemandMax":null,"Value":31360},{"Length":120,"Height":261,"Demand":1,"DemandMax":null,"Value":31320},{"Length":363,"Height":86,"Demand":1,"DemandMax":null,"Value":31218},{"Length":123,"Height":253,"Demand":1,"DemandMax":null,"Value":31119},{"Length":111,"Height":279,"Demand":1,"DemandMax":null,"Value":30969},{"Length":164,"Height":188,"Demand":1,"DemandMax":null,"Value":30832},{"Length":237,"Height":130,"Demand":1,"DemandMax":null,"Value":30810},{"Length":103,"Height":299,"Demand":1,"DemandMax":null,"Value":30797},{"Length":124,"Height":248,"Demand":1,"DemandMax":null,"Value":30752},{"Length":213,"Height":144,"Demand":1,"DemandMax":null,"Value":30672},{"Length":348,"Height":88,"Demand":1,"DemandMax":null,"Value":30624},{"Length":253,"Height":120,"Demand":1,"DemandMax":null,"Value":30360},{"Length":137,"Height":221,"Demand":1,"DemandMax":null,"Value":30277},{"Length":285,"Height":106,"Demand":1,"DemandMax":null,"Value":30210},{"Length":117,"Height":257,"Demand":1,"DemandMax":null,"Value":30069},{"Length":94,"Height":318,"Demand":1,"DemandMax":null,"Value":29892},{"Length":209,"Height":143,"Demand":1,"DemandMax":null,"Value":29887},{"Length":166,"Height":180,"Demand":1,"DemandMax":null,"Value":29880},{"Length":175,"Height":170,"Demand":1,"DemandMax":null,"Value":29750},{"Length":161,"Height":183,"Demand":1,"DemandMax":null,"Value":29463},{"Length":189,"Height":155,"Demand":1,"DemandMax":null,"Value":29295},{"Length":129,"Height":227,"Demand":1,"DemandMax":null,"Value":29283},{"Length":262,"Height":111,"Demand":1,"DemandMax":null,"Value":29082},{"Length":271,"Height":107,"Demand":1,"DemandMax":null,"Value":28997},{"Length":142,"Height":204,"Demand":1,"DemandMax":null,"Value":28968},{"Length":323,"Height":89,"Demand":1,"DemandMax":null,"Value":28747},{"Length":337,"Height":85,"Demand":1,"DemandMax":null,"Value":28645},{"Length":111,"Height":257,"Demand":1,"DemandMax":null,"Value":28527},{"Length":202,"Height":141,"Demand":1,"DemandMax":null,"Value":28482},{"Length":108,"Height":263,"Demand":1,"DemandMax":null,"Value":28404},{"Length":265,"Height":107,"Demand":1,"DemandMax":null,"Value":28355},{"Length":104,"Height":272,"Demand":1,"DemandMax":null,"Value":28288},{"Length":332,"Height":85,"Demand":1,"DemandMax":null,"Value":28220},{"Length":340,"Height":83,"Demand":1,"DemandMax":null,"Value":28220},{"Length":282,"Height":100,"Demand":1,"DemandMax":null,"Value":28200},{"Length":197,"Height":142,"Demand":1,"DemandMax":null,"Value":27974},{"Length":162,"Height":172,"Demand":1,"DemandMax":null,"Value":27864},{"Length":102,"Height":273,"Demand":1,"DemandMax":null,"Value":27846},{"Length":212,"Height":131,"Demand":1,"DemandMax":null,"Value":27772},{"Length":130,"Height":213,"Demand":1,"DemandMax":null,"Value":27690},{"Length":218,"Height":127,"Demand":1,"DemandMax":null,"Value":27686},{"Length":133,"Height":208,"Demand":1,"DemandMax":null,"Value":27664},{"Length":136,"Height":203,"Demand":1,"DemandMax":null,"Value":27608},{"Length":363,"Height":76,"Demand":1,"DemandMax":null,"Value":27588},{"Length":281,"Height":98,"Demand":1,"DemandMax":null,"Value":27538},{"Length":372,"Height":74,"Demand":1,"DemandMax":null,"Value":27528},{"Length":308,"Height":89,"Demand":1,"DemandMax":null,"Value":27412},{"Length":215,"Height":127,"Demand":1,"DemandMax":null,"Value":27305},{"Length":176,"Height":155,"Demand":1,"DemandMax":null,"Value":27280},{"Length":115,"Height":237,"Demand":1,"DemandMax":null,"Value":27255},{"Length":77,"Height":353,"Demand":1,"DemandMax":null,"Value":27181},{"Length":79,"Height":343,"Demand":1,"DemandMax":null,"Value":27097},{"Length":78,"Height":345,"Demand":1,"DemandMax":null,"Value":26910},{"Length":280,"Height":96,"Demand":1,"DemandMax":null,"Value":26880},{"Length":94,"Height":285,"Demand":1,"DemandMax":null,"Value":26790},{"Length":248,"Height":108,"Demand":1,"DemandMax":null,"Value":26784},{"Length":371,"Height":72,"Demand":1,"DemandMax":null,"Value":26712},{"Length":134,"Height":199,"Demand":1,"DemandMax":null,"Value":26666},{"Length":130,"Height":205,"Demand":1,"DemandMax":null,"Value":26650},{"Length":95,"Height":279,"Demand":1,"DemandMax":null,"Value":26505},{"Length":188,"Height":140,"Demand":1,"DemandMax":null,"Value":26320},{"Length":88,"Height":299,"Demand":1,"DemandMax":null,"Value":26312},{"Length":318,"Height":82,"Demand":1,"DemandMax":null,"Value":26076},{"Length":181,"Height":144,"Demand":1,"DemandMax":null,"Value":26064},{"Length":302,"Height":86,"Demand":1,"DemandMax":null,"Value":25972},{"Length":184,"Height":141,"Demand":1,"DemandMax":null,"Value":25944},{"Length":264,"Height":98,"Demand":1,"DemandMax":null,"Value":25872},{"Length":331,"Height":78,"Demand":1,"DemandMax":null,"Value":25818},{"Length":260,"Height":99,"Demand":1,"DemandMax":null,"Value":25740},{"Length":75,"Height":338,"Demand":1,"DemandMax":null,"Value":25350},{"Length":123,"Height":206,"Demand":1,"DemandMax":null,"Value":25338},{"Length":117,"Height":216,"Demand":1,"DemandMax":null,"Value":25272},{"Length":137,"Height":184,"Demand":1,"DemandMax":null,"Value":25208},{"Length":98,"Height":256,"Demand":1,"DemandMax":null,"Value":25088},{"Length":352,"Height":71,"Demand":1,"DemandMax":null,"Value":24992},{"Length":107,"Height":233,"Demand":1,"DemandMax":null,"Value":24931},{"Length":70,"Height":356,"Demand":1,"DemandMax":null,"Value":24920},{"Length":165,"Height":151,"Demand":1,"DemandMax":null,"Value":24915},{"Length":148,"Height":168,"Demand":1,"DemandMax":null,"Value":24864},{"Length":276,"Height":90,"Demand":1,"DemandMax":null,"Value":24840},{"Length":105,"Height":236,"Demand":1,"DemandMax":null,"Value":24780},{"Length":353,"Height":70,"Demand":1,"DemandMax":null,"Value":24710},{"Length":76,"Height":325,"Demand":1,"DemandMax":null,"Value":24700},{"Length":126,"Height":195,"Demand":1,"DemandMax":null,"Value":24570},{"Length":100,"Height":245,"Demand":1,"DemandMax":null,"Value":24500},{"Length":77,"Height":318,"Demand":1,"DemandMax":null,"Value":24486},{"Length":83,"Height":295,"Demand":1,"DemandMax":null,"Value":24485},{"Length":123,"Height":198,"Demand":1,"DemandMax":null,"Value":24354},{"Length":248,"Height":98,"Demand":1,"DemandMax":null,"Value":24304},{"Length":79,"Height":307,"Demand":1,"DemandMax":null,"Value":24253},{"Length":189,"Height":128,"Demand":1,"DemandMax":null,"Value":24192},{"Length":174,"Height":139,"Demand":1,"DemandMax":null,"Value":24186},{"Length":212,"Height":114,"Demand":1,"DemandMax":null,"Value":24168},{"Length":92,"Height":262,"Demand":1,"DemandMax":null,"Value":24104},{"Length":365,"Height":66,"Demand":1,"DemandMax":null,"Value":24090},{"Length":188,"Height":128,"Demand":1,"DemandMax":null,"Value":24064},{"Length":81,"Height":296,"Demand":1,"DemandMax":null,"Value":23976},{"Length":67,"Height":354,"Demand":1,"DemandMax":null,"Value":23718},{"Length":114,"Height":208,"Demand":1,"DemandMax":null,"Value":23712},{"Length":141,"Height":168,"Demand":1,"DemandMax":null,"Value":23688},{"Length":362,"Height":65,"Demand":1,"DemandMax":null,"Value":23530},{"Length":279,"Height":84,"Demand":1,"DemandMax":null,"Value":23436},{"Length":98,"Height":238,"Demand":1,"DemandMax":null,"Value":23324},{"Length":299,"Height":78,"Demand":1,"DemandMax":null,"Value":23322},{"Length":134,"Height":174,"Demand":1,"DemandMax":null,"Value":23316},{"Length":184,"Height":126,"Demand":1,"DemandMax":null,"Value":23184},{"Length":170,"Height":135,"Demand":1,"DemandMax":null,"Value":22950},{"Length":304,"Height":75,"Demand":1,"DemandMax":null,"Value":22800},{"Length":153,"Height":149,"Demand":1,"DemandMax":null,"Value":22797},{"Length":81,"Height":281,"Demand":1,"DemandMax":null,"Value":22761},{"Length":143,"Height":159,"Demand":1,"DemandMax":null,"Value":22737},{"Length":162,"Height":140,"Demand":1,"DemandMax":null,"Value":22680},{"Length":123,"Height":184,"Demand":1,"DemandMax":null,"Value":22632},{"Length":109,"Height":206,"Demand":1,"DemandMax":null,"Value":22454},{"Length":129,"Height":174,"Demand":1,"DemandMax":null,"Value":22446},{"Length":88,"Height":255,"Demand":1,"DemandMax":null,"Value":22440},{"Length":139,"Height":161,"Demand":1,"DemandMax":null,"Value":22379},{"Length":226,"Height":99,"Demand":1,"DemandMax":null,"Value":22374},{"Length":98,"Height":226,"Demand":1,"DemandMax":null,"Value":22148},{"Length":109,"Height":203,"Demand":1,"DemandMax":null,"Value":22127},{"Length":202,"Height":109,"Demand":1,"DemandMax":null,"Value":22018},{"Length":94,"Height":234,"Demand":1,"DemandMax":null,"Value":21996},{"Length":353,"Height":62,"Demand":1,"DemandMax":null,"Value":21886},{"Length":243,"Height":90,"Demand":1,"DemandMax":null,"Value":21870},{"Length":130,"Height":168,"Demand":1,"DemandMax":null,"Value":21840},{"Length":110,"Height":197,"Demand":1,"DemandMax":null,"Value":21670},{"Length":147,"Height":147,"Demand":1,"DemandMax":null,"Value":21609},{"Length":127,"Height":170,"Demand":1,"DemandMax":null,"Value":21590},{"Length":220,"Height":98,"Demand":1,"DemandMax":null,"Value":21560},{"Length":77,"Height":279,"Demand":1,"DemandMax":null,"Value":21483},{"Length":143,"Height":150,"Demand":1,"DemandMax":null,"Value":21450},{"Length":66,"Height":324,"Demand":1,"DemandMax":null,"Value":21384},{"Length":90,"Height":237,"Demand":1,"DemandMax":null,"Value":21330},{"Length":374,"Height":57,"Demand":1,"DemandMax":null,"Value":21318},{"Length":72,"Height":296,"Demand":1,"DemandMax":null,"Value":21312},{"Length":201,"Height":106,"Demand":1,"DemandMax":null,"Value":21306},{"Length":64,"Height":331,"Demand":1,"DemandMax":null,"Value":21184},{"Length":117,"Height":181,"Demand":1,"DemandMax":null,"Value":21177},{"Length":311,"Height":68,"Demand":1,"DemandMax":null,"Value":21148},{"Length":352,"Height":60,"Demand":1,"DemandMax":null,"Value":21120},{"Length":260,"Height":81,"Demand":1,"DemandMax":null,"Value":21060},{"Length":146,"Height":144,"Demand":1,"DemandMax":null,"Value":21024},{"Length":214,"Height":98,"Demand":1,"DemandMax":null,"Value":20972},{"Length":155,"Height":135,"Demand":1,"DemandMax":null,"Value":20925},{"Length":141,"Height":148,"Demand":1,"DemandMax":null,"Value":20868},{"Length":69,"Height":301,"Demand":1,"DemandMax":null,"Value":20769},{"Length":126,"Height":162,"Demand":1,"DemandMax":null,"Value":20412},{"Length":182,"Height":112,"Demand":1,"DemandMax":null,"Value":20384},{"Length":334,"Height":60,"Demand":1,"DemandMax":null,"Value":20040},{"Length":76,"Height":263,"Demand":1,"DemandMax":null,"Value":19988},{"Length":322,"Height":62,"Demand":1,"DemandMax":null,"Value":19964},{"Length":265,"Height":75,"Demand":1,"DemandMax":null,"Value":19875},{"Length":95,"Height":209,"Demand":1,"DemandMax":null,"Value":19855},{"Length":135,"Height":147,"Demand":1,"DemandMax":null,"Value":19845},{"Length":109,"Height":182,"Demand":1,"DemandMax":null,"Value":19838},{"Length":330,"Height":60,"Demand":1,"DemandMax":null,"Value":19800},{"Length":225,"Height":88,"Demand":1,"DemandMax":null,"Value":19800},{"Length":62,"Height":319,"Demand":1,"DemandMax":null,"Value":19778},{"Length":53,"Height":373,"Demand":1,"DemandMax":null,"Value":19769},{"Length":372,"Height":53,"Demand":1,"DemandMax":null,"Value":19716},{"Length":128,"Height":154,"Demand":1,"DemandMax":null,"Value":19712},{"Length":80,"Height":246,"Demand":1,"DemandMax":null,"Value":19680},{"Length":171,"Height":115,"Demand":1,"DemandMax":null,"Value":19665},{"Length":157,"Height":125,"Demand":1,"DemandMax":null,"Value":19625},{"Length":223,"Height":88,"Demand":1,"DemandMax":null,"Value":19624},{"Length":143,"Height":137,"Demand":1,"DemandMax":null,"Value":19591},{"Length":78,"Height":251,"Demand":1,"DemandMax":null,"Value":19578},{"Length":76,"Height":257,"Demand":1,"DemandMax":null,"Value":19532},{"Length":211,"Height":92,"Demand":1,"DemandMax":null,"Value":19412},{"Length":76,"Height":255,"Demand":1,"DemandMax":null,"Value":19380},{"Length":345,"Height":56,"Demand":1,"DemandMax":null,"Value":19320},{"Length":84,"Height":230,"Demand":1,"DemandMax":null,"Value":19320},{"Length":76,"Height":254,"Demand":1,"DemandMax":null,"Value":19304},{"Length":97,"Height":199,"Demand":1,"DemandMax":null,"Value":19303},{"Length":229,"Height":84,"Demand":1,"DemandMax":null,"Value":19236},{"Length":160,"Height":120,"Demand":1,"DemandMax":null,"Value":19200},{"Length":145,"Height":132,"Demand":1,"DemandMax":null,"Value":19140},{"Length":63,"Height":301,"Demand":1,"DemandMax":null,"Value":18963},{"Length":296,"Height":64,"Demand":1,"DemandMax":null,"Value":18944},{"Length":175,"Height":108,"Demand":1,"DemandMax":null,"Value":18900},{"Length":115,"Height":164,"Demand":1,"DemandMax":null,"Value":18860},{"Length":114,"Height":165,"Demand":1,"DemandMax":null,"Value":18810},{"Length":204,"Height":92,"Demand":1,"DemandMax":null,"Value":18768},{"Length":68,"Height":274,"Demand":1,"DemandMax":null,"Value":18632},{"Length":140,"Height":133,"Demand":1,"DemandMax":null,"Value":18620},{"Length":358,"Height":52,"Demand":1,"DemandMax":null,"Value":18616},{"Length":150,"Height":124,"Demand":1,"DemandMax":null,"Value":18600},{"Length":173,"Height":107,"Demand":1,"DemandMax":null,"Value":18511},{"Length":234,"Height":79,"Demand":1,"DemandMax":null,"Value":18486},{"Length":68,"Height":271,"Demand":1,"DemandMax":null,"Value":18428},{"Length":307,"Height":60,"Demand":1,"DemandMax":null,"Value":18420},{"Length":104,"Height":177,"Demand":1,"DemandMax":null,"Value":18408},{"Length":50,"Height":368,"Demand":1,"DemandMax":null,"Value":18400},{"Length":71,"Height":259,"Demand":1,"DemandMax":null,"Value":18389},{"Length":112,"Height":164,"Demand":1,"DemandMax":null,"Value":18368},{"Length":121,"Height":151,"Demand":1,"DemandMax":null,"Value":18271},{"Length":167,"Height":109,"Demand":1,"DemandMax":null,"Value":18203},{"Length":100,"Height":182,"Demand":1,"DemandMax":null,"Value":18200},{"Length":200,"Height":91,"Demand":1,"DemandMax":null,"Value":18200},{"Length":144,"Height":126,"Demand":1,"DemandMax":null,"Value":18144},{"Length":223,"Height":81,"Demand":1,"DemandMax":null,"Value":18063},{"Length":80,"Height":225,"Demand":1,"DemandMax":null,"Value":18000},{"Length":54,"Height":333,"Demand":1,"DemandMax":null,"Value":17982},{"Length":95,"Height":189,"Demand":1,"DemandMax":null,"Value":17955},{"Length":55,"Height":326,"Demand":1,"DemandMax":null,"Value":17930},{"Length":308,"Height":58,"Demand":1,"DemandMax":null,"Value":17864},{"Length":63,"Height":283,"Demand":1,"DemandMax":null,"Value":17829},{"Length":135,"Height":132,"Demand":1,"DemandMax":null,"Value":17820},{"Length":178,"Height":100,"Demand":1,"DemandMax":null,"Value":17800},{"Length":117,"Height":152,"Demand":1,"DemandMax":null,"Value":17784},{"Length":148,"Height":120,"Demand":1,"DemandMax":null,"Value":17760},{"Length":84,"Height":211,"Demand":1,"DemandMax":null,"Value":17724},{"Length":66,"Height":266,"Demand":1,"DemandMax":null,"Value":17556},{"Length":132,"Height":133,"Demand":1,"DemandMax":null,"Value":17556},{"Length":164,"Height":107,"Demand":1,"DemandMax":null,"Value":17548},{"Length":158,"Height":111,"Demand":1,"DemandMax":null,"Value":17538},{"Length":373,"Height":47,"Demand":1,"DemandMax":null,"Value":17531},{"Length":61,"Height":287,"Demand":1,"DemandMax":null,"Value":17507},{"Length":112,"Height":156,"Demand":1,"DemandMax":null,"Value":17472},{"Length":290,"Height":60,"Demand":1,"DemandMax":null,"Value":17400},{"Length":362,"Height":48,"Demand":1,"DemandMax":null,"Value":17376},{"Length":52,"Height":334,"Demand":1,"DemandMax":null,"Value":17368},{"Length":49,"Height":353,"Demand":1,"DemandMax":null,"Value":17297},{"Length":80,"Height":216,"Demand":1,"DemandMax":null,"Value":17280},{"Length":215,"Height":80,"Demand":1,"DemandMax":null,"Value":17200},{"Length":74,"Height":230,"Demand":1,"DemandMax":null,"Value":17020},{"Length":181,"Height":94,"Demand":1,"DemandMax":null,"Value":17014},{"Length":84,"Height":202,"Demand":1,"DemandMax":null,"Value":16968},{"Length":74,"Height":229,"Demand":1,"DemandMax":null,"Value":16946},{"Length":59,"Height":287,"Demand":1,"DemandMax":null,"Value":16933},{"Length":163,"Height":103,"Demand":1,"DemandMax":null,"Value":16789},{"Length":111,"Height":151,"Demand":1,"DemandMax":null,"Value":16761},{"Length":190,"Height":88,"Demand":1,"DemandMax":null,"Value":16720},{"Length":68,"Height":244,"Demand":1,"DemandMax":null,"Value":16592},{"Length":85,"Height":194,"Demand":1,"DemandMax":null,"Value":16490},{"Length":57,"Height":289,"Demand":1,"DemandMax":null,"Value":16473},{"Length":93,"Height":177,"Demand":1,"DemandMax":null,"Value":16461},{"Length":189,"Height":87,"Demand":1,"DemandMax":null,"Value":16443},{"Length":119,"Height":136,"Demand":1,"DemandMax":null,"Value":16184},{"Length":66,"Height":245,"Demand":1,"DemandMax":null,"Value":16170},{"Length":168,"Height":96,"Demand":1,"DemandMax":null,"Value":16128},{"Length":116,"Height":137,"Demand":1,"DemandMax":null,"Value":15892},{"Length":119,"Height":133,"Demand":1,"DemandMax":null,"Value":15827},{"Length":375,"Height":42,"Demand":1,"DemandMax":null,"Value":15750},{"Length":93,"Height":169,"Demand":1,"DemandMax":null,"Value":15717},{"Length":357,"Height":44,"Demand":1,"DemandMax":null,"Value":15708},{"Length":245,"Height":64,"Demand":1,"DemandMax":null,"Value":15680},{"Length":43,"Height":363,"Demand":1,"DemandMax":null,"Value":15609},{"Length":132,"Height":118,"Demand":1,"DemandMax":null,"Value":15576},{"Length":139,"Height":112,"Demand":1,"DemandMax":null,"Value":15568},{"Length":134,"Height":116,"Demand":1,"DemandMax":null,"Value":15544},{"Length":64,"Height":242,"Demand":1,"DemandMax":null,"Value":15488},{"Length":65,"Height":236,"Demand":1,"DemandMax":null,"Value":15340},{"Length":70,"Height":218,"Demand":1,"DemandMax":null,"Value":15260},{"Length":105,"Height":145,"Demand":1,"DemandMax":null,"Value":15225},{"Length":185,"Height":82,"Demand":1,"DemandMax":null,"Value":15170},{"Length":59,"Height":257,"Demand":1,"DemandMax":null,"Value":15163},{"Length":233,"Height":65,"Demand":1,"DemandMax":null,"Value":15145},{"Length":94,"Height":161,"Demand":1,"DemandMax":null,"Value":15134},{"Length":182,"Height":83,"Demand":1,"DemandMax":null,"Value":15106},{"Length":152,"Height":99,"Demand":1,"DemandMax":null,"Value":15048},{"Length":138,"Height":109,"Demand":1,"DemandMax":null,"Value":15042},{"Length":195,"Height":77,"Demand":1,"DemandMax":null,"Value":15015},{"Length":116,"Height":129,"Demand":1,"DemandMax":null,"Value":14964},{"Length":112,"Height":133,"Demand":1,"DemandMax":null,"Value":14896},{"Length":270,"Height":55,"Demand":1,"DemandMax":null,"Value":14850},{"Length":156,"Height":95,"Demand":1,"DemandMax":null,"Value":14820},{"Length":55,"Height":269,"Demand":1,"DemandMax":null,"Value":14795},{"Length":175,"Height":84,"Demand":1,"DemandMax":null,"Value":14700},{"Length":146,"Height":100,"Demand":1,"DemandMax":null,"Value":14600},{"Length":90,"Height":161,"Demand":1,"DemandMax":null,"Value":14490},{"Length":46,"Height":315,"Demand":1,"DemandMax":null,"Value":14490},{"Length":307,"Height":47,"Demand":1,"DemandMax":null,"Value":14429},{"Length":152,"Height":94,"Demand":1,"DemandMax":null,"Value":14288},{"Length":91,"Height":157,"Demand":1,"DemandMax":null,"Value":14287},{"Length":66,"Height":216,"Demand":1,"DemandMax":null,"Value":14256},{"Length":137,"Height":104,"Demand":1,"DemandMax":null,"Value":14248},{"Length":365,"Height":39,"Demand":1,"DemandMax":null,"Value":14235},{"Length":145,"Height":98,"Demand":1,"DemandMax":null,"Value":14210},{"Length":54,"Height":263,"Demand":1,"DemandMax":null,"Value":14202},{"Length":49,"Height":289,"Demand":1,"DemandMax":null,"Value":14161},{"Length":177,"Height":80,"Demand":1,"DemandMax":null,"Value":14160},{"Length":70,"Height":202,"Demand":1,"DemandMax":null,"Value":14140},{"Length":41,"Height":344,"Demand":1,"DemandMax":null,"Value":14104},{"Length":41,"Height":343,"Demand":1,"DemandMax":null,"Value":14063},{"Length":142,"Height":99,"Demand":1,"DemandMax":null,"Value":14058},{"Length":368,"Height":38,"Demand":1,"DemandMax":null,"Value":13984},{"Length":132,"Height":105,"Demand":1,"DemandMax":null,"Value":13860},{"Length":104,"Height":133,"Demand":1,"DemandMax":null,"Value":13832},{"Length":96,"Height":144,"Demand":1,"DemandMax":null,"Value":13824},{"Length":216,"Height":64,"Demand":1,"DemandMax":null,"Value":13824},{"Length":197,"Height":70,"Demand":1,"DemandMax":null,"Value":13790},{"Length":98,"Height":140,"Demand":1,"DemandMax":null,"Value":13720},{"Length":85,"Height":161,"Demand":1,"DemandMax":null,"Value":13685},{"Length":157,"Height":86,"Demand":1,"DemandMax":null,"Value":13502},{"Length":153,"Height":88,"Demand":1,"DemandMax":null,"Value":13464},{"Length":203,"Height":66,"Demand":1,"DemandMax":null,"Value":13398},{"Length":227,"Height":59,"Demand":1,"DemandMax":null,"Value":13393},{"Length":130,"Height":103,"Demand":1,"DemandMax":null,"Value":13390},{"Length":38,"Height":350,"Demand":1,"DemandMax":null,"Value":13300},{"Length":39,"Height":341,"Demand":1,"DemandMax":null,"Value":13299},{"Length":109,"Height":122,"Demand":1,"DemandMax":null,"Value":13298},{"Length":271,"Height":49,"Demand":1,"DemandMax":null,"Value":13279},{"Length":241,"Height":55,"Demand":1,"DemandMax":null,"Value":13255},{"Length":72,"Height":184,"Demand":1,"DemandMax":null,"Value":13248},{"Length":63,"Height":210,"Demand":1,"DemandMax":null,"Value":13230},{"Length":157,"Height":84,"Demand":1,"DemandMax":null,"Value":13188},{"Length":274,"Height":48,"Demand":1,"DemandMax":null,"Value":13152},{"Length":55,"Height":239,"Demand":1,"DemandMax":null,"Value":13145},{"Length":70,"Height":187,"Demand":1,"DemandMax":null,"Value":13090},{"Length":210,"Height":62,"Demand":1,"DemandMax":null,"Value":13020},{"Length":202,"Height":64,"Demand":1,"DemandMax":null,"Value":12928},{"Length":331,"Height":39,"Demand":1,"DemandMax":null,"Value":12909},{"Length":130,"Height":99,"Demand":1,"DemandMax":null,"Value":12870},{"Length":282,"Height":45,"Demand":1,"DemandMax":null,"Value":12690},{"Length":39,"Height":323,"Demand":1,"DemandMax":null,"Value":12597},{"Length":58,"Height":217,"Demand":1,"DemandMax":null,"Value":12586},{"Length":42,"Height":299,"Demand":1,"DemandMax":null,"Value":12558},{"Length":55,"Height":228,"Demand":1,"DemandMax":null,"Value":12540},{"Length":117,"Height":107,"Demand":1,"DemandMax":null,"Value":12519},{"Length":137,"Height":91,"Demand":1,"DemandMax":null,"Value":12467},{"Length":183,"Height":68,"Demand":1,"DemandMax":null,"Value":12444},{"Length":94,"Height":132,"Demand":1,"DemandMax":null,"Value":12408},{"Length":189,"Height":65,"Demand":1,"DemandMax":null,"Value":12285},{"Length":279,"Height":44,"Demand":1,"DemandMax":null,"Value":12276},{"Length":90,"Height":136,"Demand":1,"DemandMax":null,"Value":12240},{"Length":163,"Height":75,"Demand":1,"DemandMax":null,"Value":12225},{"Length":329,"Height":37,"Demand":1,"DemandMax":null,"Value":12173},{"Length":206,"Height":59,"Demand":1,"DemandMax":null,"Value":12154},{"Length":103,"Height":118,"Demand":1,"DemandMax":null,"Value":12154},{"Length":69,"Height":176,"Demand":1,"DemandMax":null,"Value":12144},{"Length":262,"Height":46,"Demand":1,"DemandMax":null,"Value":12052},{"Length":48,"Height":249,"Demand":1,"DemandMax":null,"Value":11952},{"Length":74,"Height":161,"Demand":1,"DemandMax":null,"Value":11914},{"Length":283,"Height":42,"Demand":1,"DemandMax":null,"Value":11886},{"Length":60,"Height":198,"Demand":1,"DemandMax":null,"Value":11880},{"Length":106,"Height":112,"Demand":1,"DemandMax":null,"Value":11872},{"Length":78,"Height":152,"Demand":1,"DemandMax":null,"Value":11856},{"Length":359,"Height":33,"Demand":1,"DemandMax":null,"Value":11847},{"Length":301,"Height":39,"Demand":1,"DemandMax":null,"Value":11739},{"Length":293,"Height":40,"Demand":1,"DemandMax":null,"Value":11720},{"Length":157,"Height":74,"Demand":1,"DemandMax":null,"Value":11618},{"Length":264,"Height":44,"Demand":1,"DemandMax":null,"Value":11616},{"Length":289,"Height":40,"Demand":1,"DemandMax":null,"Value":11560},{"Length":58,"Height":197,"Demand":1,"DemandMax":null,"Value":11426},{"Length":320,"Height":35,"Demand":1,"DemandMax":null,"Value":11200},{"Length":123,"Height":90,"Demand":1,"DemandMax":null,"Value":11070},{"Length":59,"Height":186,"Demand":1,"DemandMax":null,"Value":10974},{"Length":48,"Height":228,"Demand":1,"DemandMax":null,"Value":10944},{"Length":86,"Height":127,"Demand":1,"DemandMax":null,"Value":10922},{"Length":216,"Height":50,"Demand":1,"DemandMax":null,"Value":10800},{"Length":165,"Height":65,"Demand":1,"DemandMax":null,"Value":10725},{"Length":32,"Height":335,"Demand":1,"DemandMax":null,"Value":10720},{"Length":42,"Height":254,"Demand":1,"DemandMax":null,"Value":10668},{"Length":63,"Height":169,"Demand":1,"DemandMax":null,"Value":10647},{"Length":322,"Height":33,"Demand":1,"DemandMax":null,"Value":10626},{"Length":68,"Height":155,"Demand":1,"DemandMax":null,"Value":10540},{"Length":49,"Height":214,"Demand":1,"DemandMax":null,"Value":10486},{"Length":36,"Height":290,"Demand":1,"DemandMax":null,"Value":10440},{"Length":307,"Height":34,"Demand":1,"DemandMax":null,"Value":10438},{"Length":316,"Height":33,"Demand":1,"DemandMax":null,"Value":10428},{"Length":28,"Height":372,"Demand":1,"DemandMax":null,"Value":10416},{"Length":121,"Height":86,"Demand":1,"DemandMax":null,"Value":10406},{"Length":202,"Height":51,"Demand":1,"DemandMax":null,"Value":10302},{"Length":145,"Height":71,"Demand":1,"DemandMax":null,"Value":10295},{"Length":91,"Height":113,"Demand":1,"DemandMax":null,"Value":10283},{"Length":171,"Height":60,"Demand":1,"DemandMax":null,"Value":10260},{"Length":223,"Height":46,"Demand":1,"DemandMax":null,"Value":10258},{"Length":72,"Height":142,"Demand":1,"DemandMax":null,"Value":10224},{"Length":44,"Height":232,"Demand":1,"DemandMax":null,"Value":10208},{"Length":161,"Height":63,"Demand":1,"DemandMax":null,"Value":10143},{"Length":41,"Height":247,"Demand":1,"DemandMax":null,"Value":10127},{"Length":375,"Height":27,"Demand":1,"DemandMax":null,"Value":10125},{"Length":177,"Height":57,"Demand":1,"DemandMax":null,"Value":10089},{"Length":325,"Height":31,"Demand":1,"DemandMax":null,"Value":10075},{"Length":223,"Height":45,"Demand":1,"DemandMax":null,"Value":10035},{"Length":72,"Height":139,"Demand":1,"DemandMax":null,"Value":10008},{"Length":71,"Height":138,"Demand":1,"DemandMax":null,"Value":9798},{"Length":142,"Height":69,"Demand":1,"DemandMax":null,"Value":9798},{"Length":54,"Height":178,"Demand":1,"DemandMax":null,"Value":9612},{"Length":53,"Height":181,"Demand":1,"DemandMax":null,"Value":9593},{"Length":281,"Height":34,"Demand":1,"DemandMax":null,"Value":9554},{"Length":65,"Height":145,"Demand":1,"DemandMax":null,"Value":9425},{"Length":76,"Height":124,"Demand":1,"DemandMax":null,"Value":9424},{"Length":213,"Height":44,"Demand":1,"DemandMax":null,"Value":9372},{"Length":38,"Height":246,"Demand":1,"DemandMax":null,"Value":9348},{"Length":198,"Height":47,"Demand":1,"DemandMax":null,"Value":9306},{"Length":371,"Height":25,"Demand":1,"DemandMax":null,"Value":9275},{"Length":32,"Height":288,"Demand":1,"DemandMax":null,"Value":9216},{"Length":184,"Height":50,"Demand":1,"DemandMax":null,"Value":9200},{"Length":80,"Height":113,"Demand":1,"DemandMax":null,"Value":9040},{"Length":188,"Height":48,"Demand":1,"DemandMax":null,"Value":9024},{"Length":41,"Height":220,"Demand":1,"DemandMax":null,"Value":9020},{"Length":71,"Height":121,"Demand":1,"DemandMax":null,"Value":8591},{"Length":26,"Height":330,"Demand":1,"DemandMax":null,"Value":8580},{"Length":32,"Height":267,"Demand":1,"DemandMax":null,"Value":8544},{"Length":123,"Height":69,"Demand":1,"DemandMax":null,"Value":8487},{"Length":160,"Height":53,"Demand":1,"DemandMax":null,"Value":8480},{"Length":96,"Height":87,"Demand":1,"DemandMax":null,"Value":8352},{"Length":151,"Height":55,"Demand":1,"DemandMax":null,"Value":8305},{"Length":154,"Height":53,"Demand":1,"DemandMax":null,"Value":8162},{"Length":63,"Height":129,"Demand":1,"DemandMax":null,"Value":8127},{"Length":119,"Height":68,"Demand":1,"DemandMax":null,"Value":8092},{"Length":159,"Height":50,"Demand":1,"DemandMax":null,"Value":7950},{"Length":203,"Height":39,"Demand":1,"DemandMax":null,"Value":7917},{"Length":114,"Height":69,"Demand":1,"DemandMax":null,"Value":7866},{"Length":52,"Height":151,"Demand":1,"DemandMax":null,"Value":7852},{"Length":56,"Height":140,"Demand":1,"DemandMax":null,"Value":7840},{"Length":235,"Height":33,"Demand":1,"DemandMax":null,"Value":7755},{"Length":127,"Height":61,"Demand":1,"DemandMax":null,"Value":7747},{"Length":140,"Height":55,"Demand":1,"DemandMax":null,"Value":7700},{"Length":167,"Height":46,"Demand":1,"DemandMax":null,"Value":7682},{"Length":46,"Height":166,"Demand":1,"DemandMax":null,"Value":7636},{"Length":243,"Height":31,"Demand":1,"DemandMax":null,"Value":7533},{"Length":232,"Height":32,"Demand":1,"DemandMax":null,"Value":7424},{"Length":35,"Height":211,"Demand":1,"DemandMax":null,"Value":7385},{"Length":96,"Height":76,"Demand":1,"DemandMax":null,"Value":7296},{"Length":153,"Height":47,"Demand":1,"DemandMax":null,"Value":7191},{"Length":78,"Height":92,"Demand":1,"DemandMax":null,"Value":7176},{"Length":29,"Height":246,"Demand":1,"DemandMax":null,"Value":7134},{"Length":245,"Height":29,"Demand":1,"DemandMax":null,"Value":7105},{"Length":263,"Height":27,"Demand":1,"DemandMax":null,"Value":7101},{"Length":76,"Height":93,"Demand":1,"DemandMax":null,"Value":7068},{"Length":141,"Height":50,"Demand":1,"DemandMax":null,"Value":7050},{"Length":199,"Height":35,"Demand":1,"DemandMax":null,"Value":6965},{"Length":30,"Height":227,"Demand":1,"DemandMax":null,"Value":6810},{"Length":37,"Height":184,"Demand":1,"DemandMax":null,"Value":6808},{"Length":85,"Height":79,"Demand":1,"DemandMax":null,"Value":6715},{"Length":76,"Height":88,"Demand":1,"DemandMax":null,"Value":6688},{"Length":256,"Height":26,"Demand":1,"DemandMax":null,"Value":6656},{"Length":147,"Height":45,"Demand":1,"DemandMax":null,"Value":6615},{"Length":49,"Height":135,"Demand":1,"DemandMax":null,"Value":6615},{"Length":150,"Height":44,"Demand":1,"DemandMax":null,"Value":6600},{"Length":36,"Height":183,"Demand":1,"DemandMax":null,"Value":6588},{"Length":37,"Height":177,"Demand":1,"DemandMax":null,"Value":6549},{"Length":40,"Height":163,"Demand":1,"DemandMax":null,"Value":6520},{"Length":50,"Height":130,"Demand":1,"DemandMax":null,"Value":6500},{"Length":90,"Height":72,"Demand":1,"DemandMax":null,"Value":6480},{"Length":71,"Height":91,"Demand":1,"DemandMax":null,"Value":6461},{"Length":25,"Height":252,"Demand":1,"DemandMax":null,"Value":6300},{"Length":128,"Height":49,"Demand":1,"DemandMax":null,"Value":6272},{"Length":72,"Height":86,"Demand":1,"DemandMax":null,"Value":6192},{"Length":37,"Height":165,"Demand":1,"DemandMax":null,"Value":6105},{"Length":133,"Height":45,"Demand":1,"DemandMax":null,"Value":5985},{"Length":74,"Height":80,"Demand":1,"DemandMax":null,"Value":5920},{"Length":121,"Height":48,"Demand":1,"DemandMax":null,"Value":5808},{"Length":45,"Height":128,"Demand":1,"DemandMax":null,"Value":5760},{"Length":200,"Height":28,"Demand":1,"DemandMax":null,"Value":5600},{"Length":69,"Height":81,"Demand":1,"DemandMax":null,"Value":5589},{"Length":80,"Height":69,"Demand":1,"DemandMax":null,"Value":5520},{"Length":81,"Height":68,"Demand":1,"DemandMax":null,"Value":5508},{"Length":35,"Height":153,"Demand":1,"DemandMax":null,"Value":5355},{"Length":53,"Height":101,"Demand":1,"DemandMax":null,"Value":5353},{"Length":60,"Height":89,"Demand":1,"DemandMax":null,"Value":5340},{"Length":58,"Height":92,"Demand":1,"DemandMax":null,"Value":5336},{"Length":34,"Height":154,"Demand":1,"DemandMax":null,"Value":5236},{"Length":80,"Height":63,"Demand":1,"DemandMax":null,"Value":5040},{"Length":27,"Height":186,"Demand":1,"DemandMax":null,"Value":5022},{"Length":33,"Height":152,"Demand":1,"DemandMax":null,"Value":5016},{"Length":153,"Height":32,"Demand":1,"DemandMax":null,"Value":4896},{"Length":152,"Height":32,"Demand":1,"DemandMax":null,"Value":4864},{"Length":61,"Height":79,"Demand":1,"DemandMax":null,"Value":4819},{"Length":92,"Height":52,"Demand":1,"DemandMax":null,"Value":4784},{"Length":65,"Height":73,"Demand":1,"DemandMax":null,"Value":4745},{"Length":42,"Height":111,"Demand":1,"DemandMax":null,"Value":4662},{"Length":74,"Height":61,"Demand":1,"DemandMax":null,"Value":4514},{"Length":138,"Height":32,"Demand":1,"DemandMax":null,"Value":4416},{"Length":159,"Height":27,"Demand":1,"DemandMax":null,"Value":4293},{"Length":66,"Height":63,"Demand":1,"DemandMax":null,"Value":4158},{"Length":28,"Height":143,"Demand":1,"DemandMax":null,"Value":4004},{"Length":44,"Height":88,"Demand":1,"DemandMax":null,"Value":3872},{"Length":67,"Height":55,"Demand":1,"DemandMax":null,"Value":3685},{"Length":82,"Height":44,"Demand":1,"DemandMax":null,"Value":3608},{"Length":73,"Height":49,"Demand":1,"DemandMax":null,"Value":3577},{"Length":26,"Height":136,"Demand":1,"DemandMax":null,"Value":3536},{"Length":45,"Height":75,"Demand":1,"DemandMax":null,"Value":3375},{"Length":112,"Height":30,"Demand":1,"DemandMax":null,"Value":3360},{"Length":49,"Height":67,"Demand":1,"DemandMax":null,"Value":3283},{"Length":86,"Height":37,"Demand":1,"DemandMax":null,"Value":3182},{"Length":26,"Height":122,"Demand":1,"DemandMax":null,"Value":3172},{"Length":73,"Height":43,"Demand":1,"DemandMax":null,"Value":3139},{"Length":29,"Height":107,"Demand":1,"DemandMax":null,"Value":3103},{"Length":79,"Height":39,"Demand":1,"DemandMax":null,"Value":3081},{"Length":40,"Height":76,"Demand":1,"DemandMax":null,"Value":3040},{"Length":54,"Height":52,"Demand":1,"DemandMax":null,"Value":2808},{"Length":59,"Height":47,"Demand":1,"DemandMax":null,"Value":2773},{"Length":78,"Height":33,"Demand":1,"DemandMax":null,"Value":2574},{"Length":93,"Height":27,"Demand":1,"DemandMax":null,"Value":2511},{"Length":48,"Height":52,"Demand":1,"DemandMax":null,"Value":2496},{"Length":57,"Height":42,"Demand":1,"DemandMax":null,"Value":2394},{"Length":36,"Height":66,"Demand":1,"DemandMax":null,"Value":2376},{"Length":46,"Height":50,"Demand":1,"DemandMax":null,"Value":2300},{"Length":43,"Height":50,"Demand":1,"DemandMax":null,"Value":2150},{"Length":73,"Height":29,"Demand":1,"DemandMax":null,"Value":2117},{"Length":32,"Height":41,"Demand":1,"DemandMax":null,"Value":1312},{"Length":27,"Height":48,"Demand":1,"DemandMax":null,"Value":1296},{"Length":40,"Height":27,"Demand":1,"DemandMax":null,"Value":1080},{"Length":27,"Height":39,"Demand":1,"DemandMax":null,"Value":1053},{"Length":26,"Height":32,"Demand":1,"DemandMax":null,"Value":832}]}