{"Name":"AH138","Objects":[{"Length":1000,"Height":38772,"Stock":null,"Cost":38772000}],"Items":[{"Length":299,"Height":293,"Demand":10,"DemandMax":null,"Value":87607},{"Length":299,"Height":254,"Demand":10,"DemandMax":null,"Value":75946},{"Length":258,"Height":282,"Demand":10,"DemandMax":null,"Value":72756},{"Length":237,"Height":283,"Demand":10,"DemandMax":null,"Value":67071},{"Length":239,"Height":279,"Demand":10,"DemandMax":null,"Value":66681},{"Length":223,"Height":278,"Demand":10,"DemandMax":null,"Value":61994},{"Length":268,"Height":230,"Demand":10,"DemandMax":null,"Value":61640},{"Length":251,"Height":239,"Demand":10,"DemandMax":null,"Value":59989},{"Length":257,"Height":233,"Demand":10,"DemandMax":null,"Value":59881},{"Length":273,"Height":218,"Demand":10,"DemandMax":null,"Value":59514},{"Length":198,"Height":295,"Demand":10,"DemandMax":null,"Value":58410},{"Length":245,"Height":236,"Demand":10,"DemandMax":null,"Value":57820},{"Length":250,"Height":228,"Demand":10,"DemandMax":null,"Value":57000},{"Length":227,"Height":249,"Demand":10,"DemandMax":null,"Value":56523},{"Length":227,"Height":245,"Demand":10,"DemandMax":null,"Value":55615},{"Length":295,"Height":184,"Demand":10,"DemandMax":null,"Value":54280},{"Length":217,"Height":245,"Demand":10,"DemandMax":null,"Value":53165},{"Length":204,"Height":257,"Demand":10,"DemandMax":null,"Value":52428},{"Length":183,"Height":286,"Demand":10,"DemandMax":null,"Value":52338},{"Length":184,"Height":281,"Demand":10,"DemandMax":null,"Value":51704},{"Length":180,"Height":280,"Demand":10,"DemandMax":null,"Value":50400},{"Length":198,"Height":254,"Demand":10,"DemandMax":null,"Value":50292},{"Length":243,"Height":206,"Demand":10,"DemandMax":null,"Value":50058},{"Length":283,"Height":176,"Demand":10,"DemandMax":null,"Value":49808},{"Length":185,"Height":268,"Demand":10,"DemandMax":null,"Value":49580},{"Length":258,"Height":187,"Demand":10,"DemandMax":null,"Value":48246},{"Length":255,"Height":189,"Demand":10,"DemandMax":null,"Value":48195},{"Length":278,"Height":173,"Demand":10,"DemandMax":null,"Value":48094},{"Length":157,"Height":300,"Demand":10,"DemandMax":null,"Value":47100},{"Length":279,"Height":168,"Demand":10,"DemandMax":null,"Value":46872},{"Length":209,"Height":220,"Demand":10,"DemandMax":null,"Value":45980},{"Length":185,"Height":247,"Demand":10,"DemandMax":null,"Value":45695},{"Length":263,"Height":172,"Demand":10,"DemandMax":null,"Value":45236},{"Length":215,"Height":210,"Demand":10,"DemandMax":null,"Value":45150},{"Length":197,"Height":226,"Demand":10,"DemandMax":null,"Value":44522},{"Length":190,"Height":233,"Demand":10,"DemandMax":null,"Value":44270},{"Length":231,"Height":191,"Demand":10,"DemandMax":null,"Value":44121},{"Length":204,"Height":216,"Demand":10,"DemandMax":null,"Value":44064},{"Length":196,"Height":223,"Demand":10,"DemandMax":null,"Value":43708},{"Length":194,"Height":224,"Demand":10,"DemandMax":null,"Value":43456},{"Length":222,"Height":193,"Demand":10,"DemandMax":null,"Value":42846},{"Length":192,"Height":223,"Demand":10,"DemandMax":null,"Value":42816},{"Length":232,"Height":180,"Demand":10,"DemandMax":null,"Value":41760},{"Length":288,"Height":145,"Demand":10,"DemandMax":null,"Value":41760},{"Length":236,"Height":176,"Demand":10,"DemandMax":null,"Value":41536},{"Length":193,"Height":215,"Demand":10,"DemandMax":null,"Value":41495},{"Length":156,"Height":262,"Demand":10,"DemandMax":null,"Value":40872},{"Length":224,"Height":180,"Demand":10,"DemandMax":null,"Value":40320},{"Length":152,"Height":262,"Demand":10,"DemandMax":null,"Value":39824},{"Length":299,"Height":132,"Demand":10,"DemandMax":null,"Value":39468},{"Length":166,"Height":236,"Demand":10,"DemandMax":null,"Value":39176},{"Length":180,"Height":216,"Demand":10,"DemandMax":null,"Value":38880},{"Length":139,"Height":270,"Demand":10,"DemandMax":null,"Value":37530},{"Length":132,"Height":279,"Demand":10,"DemandMax":null,"Value":36828},{"Length":285,"Height":128,"Demand":10,"DemandMax":null,"Value":36480},{"Length":248,"Height":143,"Demand":10,"DemandMax":null,"Value":35464},{"Length":145,"Height":244,"Demand":10,"DemandMax":null,"Value":35380},{"Length":299,"Height":118,"Demand":10,"DemandMax":null,"Value":35282},{"Length":244,"Height":142,"Demand":10,"DemandMax":null,"Value":34648},{"Length":272,"Height":127,"Demand":10,"DemandMax":null,"Value":34544},{"Length":227,"Height":152,"Demand":10,"DemandMax":null,"Value":34504},{"Length":268,"Height":126,"Demand":10,"DemandMax":null,"Value":33768},{"Length":298,"Height":109,"Demand":10,"DemandMax":null,"Value":32482},{"Length":131,"Height":245,"Demand":10,"DemandMax":null,"Value":32095},{"Length":251,"Height":125,"Demand":10,"DemandMax":null,"Value":31375},{"Length":196,"Height":158,"Demand":10,"DemandMax":null,"Value":30968},{"Length":121,"Height":247,"Demand":10,"DemandMax":null,"Value":29887},{"Length":161,"Height":183,"Demand":10,"DemandMax":null,"Value":29463},{"Length":127,"Height":231,"Demand":10,"DemandMax":null,"Value":29337},{"Length":203,"Height":144,"Demand":10,"DemandMax":null,"Value":29232},{"Length":119,"Height":243,"Demand":10,"DemandMax":null,"Value":28917},{"Length":283,"Height":100,"Demand":10,"DemandMax":null,"Value":28300},{"Length":270,"Height":100,"Demand":10,"DemandMax":null,"Value":27000},{"Length":164,"Height":164,"Demand":10,"DemandMax":null,"Value":26896},{"Length":135,"Height":193,"Demand":10,"DemandMax":null,"Value":26055},{"Length":107,"Height":241,"Demand":10,"DemandMax":null,"Value":25787},{"Length":197,"Height":128,"Demand":10,"DemandMax":null,"Value":25216},{"Length":124,"Height":198,"Demand":10,"DemandMax":null,"Value":24552},{"Length":147,"Height":166,"Demand":10,"DemandMax":null,"Value":24402},{"Length":102,"Height":232,"Demand":10,"DemandMax":null,"Value":23664},{"Length":211,"Height":111,"Demand":10,"DemandMax":null,"Value":23421},{"Length":220,"Height":104,"Demand":10,"DemandMax":null,"Value":22880},{"Length":125,"Height":171,"Demand":10,"DemandMax":null,"Value":21375},{"Length":133,"Height":155,"Demand":10,"DemandMax":null,"Value":20615},{"Length":138,"Height":148,"Demand":10,"DemandMax":null,"Value":20424},{"Length":131,"Height":154,"Demand":10,"DemandMax":null,"Value":20174},{"Length":150,"Height":131,"Demand":10,"DemandMax":null,"Value":19650},{"Length":168,"Height":111,"Demand":10,"DemandMax":null,"Value":18648},{"Length":156,"Height":119,"Demand":10,"DemandMax":null,"Value":18564},{"Length":130,"Height":140,"Demand":10,"DemandMax":null,"Value":18200},{"Length":136,"Height":133,"Demand":10,"DemandMax":null,"Value":18088},{"Length":131,"Height":136,"Demand":10,"DemandMax":null,"Value":17816},{"Length":131,"Height":135,"Demand":10,"DemandMax":null,"Value":17685},{"Length":160,"Height":107,"Demand":10,"DemandMax":null,"Value":17120},{"Length":119,"Height":140,"Demand":10,"DemandMax":null,"Value":16660},{"Length":125,"Height":133,"Demand":10,"DemandMax":null,"Value":16625},{"Length":111,"Height":145,"Demand":10,"DemandMax":null,"Value":16095},{"Length":142,"Height":109,"Demand":10,"DemandMax":null,"Value":15478},{"Length":107,"Height":142,"Demand":10,"DemandMax":null,"Value":15194},{"Length":139,"Height":104,"Demand":10,"DemandMax":null,"Value":14456}]}