{"Name":"AH134","Objects":[{"Length":1000,"Height":40785,"Stock":null,"Cost":40785000}],"Items":[{"Length":273,"Height":286,"Demand":10,"DemandMax":null,"Value":78078},{"Length":264,"Height":285,"Demand":10,"DemandMax":null,"Value":75240},{"Length":292,"Height":257,"Demand":10,"DemandMax":null,"Value":75044},{"Length":299,"Height":246,"Demand":10,"DemandMax":null,"Value":73554},{"Length":253,"Height":282,"Demand":10,"DemandMax":null,"Value":71346},{"Length":280,"Height":252,"Demand":10,"DemandMax":null,"Value":70560},{"Length":252,"Height":273,"Demand":10,"DemandMax":null,"Value":68796},{"Length":259,"Height":265,"Demand":10,"DemandMax":null,"Value":68635},{"Length":297,"Height":231,"Demand":10,"DemandMax":null,"Value":68607},{"Length":279,"Height":238,"Demand":10,"DemandMax":null,"Value":66402},{"Length":257,"Height":258,"Demand":10,"DemandMax":null,"Value":66306},{"Length":297,"Height":219,"Demand":10,"DemandMax":null,"Value":65043},{"Length":219,"Height":296,"Demand":10,"DemandMax":null,"Value":64824},{"Length":295,"Height":219,"Demand":10,"DemandMax":null,"Value":64605},{"Length":272,"Height":236,"Demand":10,"DemandMax":null,"Value":64192},{"Length":298,"Height":213,"Demand":10,"DemandMax":null,"Value":63474},{"Length":221,"Height":283,"Demand":10,"DemandMax":null,"Value":62543},{"Length":250,"Height":249,"Demand":10,"DemandMax":null,"Value":62250},{"Length":298,"Height":205,"Demand":10,"DemandMax":null,"Value":61090},{"Length":279,"Height":218,"Demand":10,"DemandMax":null,"Value":60822},{"Length":225,"Height":267,"Demand":10,"DemandMax":null,"Value":60075},{"Length":292,"Height":201,"Demand":10,"DemandMax":null,"Value":58692},{"Length":193,"Height":288,"Demand":10,"DemandMax":null,"Value":55584},{"Length":187,"Height":289,"Demand":10,"DemandMax":null,"Value":54043},{"Length":224,"Height":240,"Demand":10,"DemandMax":null,"Value":53760},{"Length":249,"Height":214,"Demand":10,"DemandMax":null,"Value":53286},{"Length":221,"Height":236,"Demand":10,"DemandMax":null,"Value":52156},{"Length":227,"Height":229,"Demand":10,"DemandMax":null,"Value":51983},{"Length":206,"Height":240,"Demand":10,"DemandMax":null,"Value":49440},{"Length":284,"Height":174,"Demand":10,"DemandMax":null,"Value":49416},{"Length":293,"Height":168,"Demand":10,"DemandMax":null,"Value":49224},{"Length":299,"Height":156,"Demand":10,"DemandMax":null,"Value":46644},{"Length":269,"Height":170,"Demand":10,"DemandMax":null,"Value":45730},{"Length":227,"Height":200,"Demand":10,"DemandMax":null,"Value":45400},{"Length":280,"Height":159,"Demand":10,"DemandMax":null,"Value":44520},{"Length":203,"Height":219,"Demand":10,"DemandMax":null,"Value":44457},{"Length":149,"Height":298,"Demand":10,"DemandMax":null,"Value":44402},{"Length":264,"Height":168,"Demand":10,"DemandMax":null,"Value":44352},{"Length":172,"Height":252,"Demand":10,"DemandMax":null,"Value":43344},{"Length":224,"Height":187,"Demand":10,"DemandMax":null,"Value":41888},{"Length":269,"Height":151,"Demand":10,"DemandMax":null,"Value":40619},{"Length":241,"Height":167,"Demand":10,"DemandMax":null,"Value":40247},{"Length":178,"Height":226,"Demand":10,"DemandMax":null,"Value":40228},{"Length":208,"Height":193,"Demand":10,"DemandMax":null,"Value":40144},{"Length":237,"Height":168,"Demand":10,"DemandMax":null,"Value":39816},{"Length":180,"Height":221,"Demand":10,"DemandMax":null,"Value":39780},{"Length":149,"Height":257,"Demand":10,"DemandMax":null,"Value":38293},{"Length":133,"Height":280,"Demand":10,"DemandMax":null,"Value":37240},{"Length":129,"Height":287,"Demand":10,"DemandMax":null,"Value":37023},{"Length":142,"Height":257,"Demand":10,"DemandMax":null,"Value":36494},{"Length":294,"Height":124,"Demand":10,"DemandMax":null,"Value":36456},{"Length":143,"Height":252,"Demand":10,"DemandMax":null,"Value":36036},{"Length":209,"Height":168,"Demand":10,"DemandMax":null,"Value":35112},{"Length":180,"Height":191,"Demand":10,"DemandMax":null,"Value":34380},{"Length":250,"Height":137,"Demand":10,"DemandMax":null,"Value":34250},{"Length":208,"Height":163,"Demand":10,"DemandMax":null,"Value":33904},{"Length":150,"Height":226,"Demand":10,"DemandMax":null,"Value":33900},{"Length":191,"Height":173,"Demand":10,"DemandMax":null,"Value":33043},{"Length":244,"Height":135,"Demand":10,"DemandMax":null,"Value":32940},{"Length":281,"Height":117,"Demand":10,"DemandMax":null,"Value":32877},{"Length":131,"Height":247,"Demand":10,"DemandMax":null,"Value":32357},{"Length":126,"Height":254,"Demand":10,"DemandMax":null,"Value":32004},{"Length":238,"Height":134,"Demand":10,"DemandMax":null,"Value":31892},{"Length":268,"Height":117,"Demand":10,"DemandMax":null,"Value":31356},{"Length":136,"Height":229,"Demand":10,"DemandMax":null,"Value":31144},{"Length":135,"Height":228,"Demand":10,"DemandMax":null,"Value":30780},{"Length":272,"Height":113,"Demand":10,"DemandMax":null,"Value":30736},{"Length":188,"Height":161,"Demand":10,"DemandMax":null,"Value":30268},{"Length":203,"Height":149,"Demand":10,"DemandMax":null,"Value":30247},{"Length":205,"Height":144,"Demand":10,"DemandMax":null,"Value":29520},{"Length":221,"Height":133,"Demand":10,"DemandMax":null,"Value":29393},{"Length":102,"Height":288,"Demand":10,"DemandMax":null,"Value":29376},{"Length":262,"Height":112,"Demand":10,"DemandMax":null,"Value":29344},{"Length":150,"Height":187,"Demand":10,"DemandMax":null,"Value":28050},{"Length":214,"Height":131,"Demand":10,"DemandMax":null,"Value":28034},{"Length":158,"Height":176,"Demand":10,"DemandMax":null,"Value":27808},{"Length":162,"Height":167,"Demand":10,"DemandMax":null,"Value":27054},{"Length":209,"Height":129,"Demand":10,"DemandMax":null,"Value":26961},{"Length":180,"Height":148,"Demand":10,"DemandMax":null,"Value":26640},{"Length":112,"Height":236,"Demand":10,"DemandMax":null,"Value":26432},{"Length":211,"Height":125,"Demand":10,"DemandMax":null,"Value":26375},{"Length":101,"Height":260,"Demand":10,"DemandMax":null,"Value":26260},{"Length":126,"Height":204,"Demand":10,"DemandMax":null,"Value":25704},{"Length":188,"Height":135,"Demand":10,"DemandMax":null,"Value":25380},{"Length":213,"Height":116,"Demand":10,"DemandMax":null,"Value":24708},{"Length":197,"Height":124,"Demand":10,"DemandMax":null,"Value":24428},{"Length":168,"Height":140,"Demand":10,"DemandMax":null,"Value":23520},{"Length":127,"Height":185,"Demand":10,"DemandMax":null,"Value":23495},{"Length":123,"Height":179,"Demand":10,"DemandMax":null,"Value":22017},{"Length":109,"Height":200,"Demand":10,"DemandMax":null,"Value":21800},{"Length":154,"Height":139,"Demand":10,"DemandMax":null,"Value":21406},{"Length":108,"Height":191,"Demand":10,"DemandMax":null,"Value":20628},{"Length":103,"Height":196,"Demand":10,"DemandMax":null,"Value":20188},{"Length":178,"Height":113,"Demand":10,"DemandMax":null,"Value":20114},{"Length":140,"Height":137,"Demand":10,"DemandMax":null,"Value":19180},{"Length":115,"Height":148,"Demand":10,"DemandMax":null,"Value":17020},{"Length":146,"Height":108,"Demand":10,"DemandMax":null,"Value":15768},{"Length":110,"Height":142,"Demand":10,"DemandMax":null,"Value":15620},{"Length":108,"Height":108,"Demand":10,"DemandMax":null,"Value":11664},{"Length":103,"Height":109,"Demand":10,"DemandMax":null,"Value":11227}]}