{"Name":"AH69","Objects":[{"Length":1000,"Height":2359,"Stock":null,"Cost":2359000}],"Items":[{"Length":72,"Height":69,"Demand":100,"DemandMax":null,"Value":4968},{"Length":72,"Height":59,"Demand":100,"DemandMax":null,"Value":4248},{"Length":39,"Height":70,"Demand":100,"DemandMax":null,"Value":2730},{"Length":53,"Height":44,"Demand":100,"DemandMax":null,"Value":2332},{"Length":37,"Height":52,"Demand":100,"DemandMax":null,"Value":1924},{"Length":55,"Height":34,"Demand":100,"DemandMax":null,"Value":1870},{"Length":37,"Height":46,"Demand":100,"DemandMax":null,"Value":1702},{"Length":63,"Height":25,"Demand":100,"DemandMax":null,"Value":1575},{"Length":29,"Height":43,"Demand":100,"DemandMax":null,"Value":1247},{"Length":33,"Height":30,"Demand":100,"DemandMax":null,"Value":990}]}