{"Name":"AH147","Objects":[{"Length":1000,"Height":41959,"Stock":null,"Cost":41959000}],"Items":[{"Length":296,"Height":299,"Demand":10,"DemandMax":null,"Value":88504},{"Length":295,"Height":288,"Demand":10,"DemandMax":null,"Value":84960},{"Length":295,"Height":280,"Demand":10,"DemandMax":null,"Value":82600},{"Length":287,"Height":287,"Demand":10,"DemandMax":null,"Value":82369},{"Length":299,"Height":257,"Demand":10,"DemandMax":null,"Value":76843},{"Length":271,"Height":272,"Demand":10,"DemandMax":null,"Value":73712},{"Length":295,"Height":249,"Demand":10,"DemandMax":null,"Value":73455},{"Length":261,"Height":274,"Demand":10,"DemandMax":null,"Value":71514},{"Length":243,"Height":294,"Demand":10,"DemandMax":null,"Value":71442},{"Length":241,"Height":284,"Demand":10,"DemandMax":null,"Value":68444},{"Length":288,"Height":236,"Demand":10,"DemandMax":null,"Value":67968},{"Length":265,"Height":256,"Demand":10,"DemandMax":null,"Value":67840},{"Length":298,"Height":227,"Demand":10,"DemandMax":null,"Value":67646},{"Length":261,"Height":249,"Demand":10,"DemandMax":null,"Value":64989},{"Length":275,"Height":236,"Demand":10,"DemandMax":null,"Value":64900},{"Length":216,"Height":298,"Demand":10,"DemandMax":null,"Value":64368},{"Length":250,"Height":256,"Demand":10,"DemandMax":null,"Value":64000},{"Length":248,"Height":248,"Demand":10,"DemandMax":null,"Value":61504},{"Length":222,"Height":275,"Demand":10,"DemandMax":null,"Value":61050},{"Length":203,"Height":297,"Demand":10,"DemandMax":null,"Value":60291},{"Length":286,"Height":205,"Demand":10,"DemandMax":null,"Value":58630},{"Length":259,"Height":225,"Demand":10,"DemandMax":null,"Value":58275},{"Length":300,"Height":194,"Demand":10,"DemandMax":null,"Value":58200},{"Length":202,"Height":283,"Demand":10,"DemandMax":null,"Value":57166},{"Length":289,"Height":196,"Demand":10,"DemandMax":null,"Value":56644},{"Length":214,"Height":263,"Demand":10,"DemandMax":null,"Value":56282},{"Length":290,"Height":193,"Demand":10,"DemandMax":null,"Value":55970},{"Length":211,"Height":257,"Demand":10,"DemandMax":null,"Value":54227},{"Length":270,"Height":198,"Demand":10,"DemandMax":null,"Value":53460},{"Length":288,"Height":180,"Demand":10,"DemandMax":null,"Value":51840},{"Length":292,"Height":175,"Demand":10,"DemandMax":null,"Value":51100},{"Length":283,"Height":180,"Demand":10,"DemandMax":null,"Value":50940},{"Length":214,"Height":233,"Demand":10,"DemandMax":null,"Value":49862},{"Length":294,"Height":169,"Demand":10,"DemandMax":null,"Value":49686},{"Length":178,"Height":273,"Demand":10,"DemandMax":null,"Value":48594},{"Length":199,"Height":244,"Demand":10,"DemandMax":null,"Value":48556},{"Length":178,"Height":269,"Demand":10,"DemandMax":null,"Value":47882},{"Length":246,"Height":194,"Demand":10,"DemandMax":null,"Value":47724},{"Length":290,"Height":161,"Demand":10,"DemandMax":null,"Value":46690},{"Length":260,"Height":179,"Demand":10,"DemandMax":null,"Value":46540},{"Length":215,"Height":206,"Demand":10,"DemandMax":null,"Value":44290},{"Length":173,"Height":256,"Demand":10,"DemandMax":null,"Value":44288},{"Length":210,"Height":203,"Demand":10,"DemandMax":null,"Value":42630},{"Length":208,"Height":201,"Demand":10,"DemandMax":null,"Value":41808},{"Length":141,"Height":280,"Demand":10,"DemandMax":null,"Value":39480},{"Length":209,"Height":187,"Demand":10,"DemandMax":null,"Value":39083},{"Length":176,"Height":219,"Demand":10,"DemandMax":null,"Value":38544},{"Length":214,"Height":178,"Demand":10,"DemandMax":null,"Value":38092},{"Length":234,"Height":162,"Demand":10,"DemandMax":null,"Value":37908},{"Length":296,"Height":126,"Demand":10,"DemandMax":null,"Value":37296},{"Length":158,"Height":235,"Demand":10,"DemandMax":null,"Value":37130},{"Length":221,"Height":168,"Demand":10,"DemandMax":null,"Value":37128},{"Length":124,"Height":295,"Demand":10,"DemandMax":null,"Value":36580},{"Length":149,"Height":242,"Demand":10,"DemandMax":null,"Value":36058},{"Length":178,"Height":201,"Demand":10,"DemandMax":null,"Value":35778},{"Length":271,"Height":132,"Demand":10,"DemandMax":null,"Value":35772},{"Length":246,"Height":142,"Demand":10,"DemandMax":null,"Value":34932},{"Length":122,"Height":281,"Demand":10,"DemandMax":null,"Value":34282},{"Length":144,"Height":232,"Demand":10,"DemandMax":null,"Value":33408},{"Length":109,"Height":300,"Demand":10,"DemandMax":null,"Value":32700},{"Length":135,"Height":242,"Demand":10,"DemandMax":null,"Value":32670},{"Length":132,"Height":243,"Demand":10,"DemandMax":null,"Value":32076},{"Length":158,"Height":202,"Demand":10,"DemandMax":null,"Value":31916},{"Length":152,"Height":207,"Demand":10,"DemandMax":null,"Value":31464},{"Length":218,"Height":144,"Demand":10,"DemandMax":null,"Value":31392},{"Length":247,"Height":127,"Demand":10,"DemandMax":null,"Value":31369},{"Length":200,"Height":156,"Demand":10,"DemandMax":null,"Value":31200},{"Length":183,"Height":170,"Demand":10,"DemandMax":null,"Value":31110},{"Length":282,"Height":110,"Demand":10,"DemandMax":null,"Value":31020},{"Length":119,"Height":257,"Demand":10,"DemandMax":null,"Value":30583},{"Length":282,"Height":105,"Demand":10,"DemandMax":null,"Value":29610},{"Length":172,"Height":171,"Demand":10,"DemandMax":null,"Value":29412},{"Length":154,"Height":186,"Demand":10,"DemandMax":null,"Value":28644},{"Length":162,"Height":172,"Demand":10,"DemandMax":null,"Value":27864},{"Length":218,"Height":127,"Demand":10,"DemandMax":null,"Value":27686},{"Length":113,"Height":238,"Demand":10,"DemandMax":null,"Value":26894},{"Length":246,"Height":109,"Demand":10,"DemandMax":null,"Value":26814},{"Length":262,"Height":102,"Demand":10,"DemandMax":null,"Value":26724},{"Length":126,"Height":204,"Demand":10,"DemandMax":null,"Value":25704},{"Length":176,"Height":145,"Demand":10,"DemandMax":null,"Value":25520},{"Length":249,"Height":102,"Demand":10,"DemandMax":null,"Value":25398},{"Length":208,"Height":121,"Demand":10,"DemandMax":null,"Value":25168},{"Length":111,"Height":225,"Demand":10,"DemandMax":null,"Value":24975},{"Length":209,"Height":118,"Demand":10,"DemandMax":null,"Value":24662},{"Length":175,"Height":133,"Demand":10,"DemandMax":null,"Value":23275},{"Length":106,"Height":219,"Demand":10,"DemandMax":null,"Value":23214},{"Length":161,"Height":136,"Demand":10,"DemandMax":null,"Value":21896},{"Length":103,"Height":208,"Demand":10,"DemandMax":null,"Value":21424},{"Length":181,"Height":111,"Demand":10,"DemandMax":null,"Value":20091},{"Length":140,"Height":136,"Demand":10,"DemandMax":null,"Value":19040},{"Length":183,"Height":102,"Demand":10,"DemandMax":null,"Value":18666},{"Length":108,"Height":162,"Demand":10,"DemandMax":null,"Value":17496},{"Length":109,"Height":151,"Demand":10,"DemandMax":null,"Value":16459},{"Length":163,"Height":100,"Demand":10,"DemandMax":null,"Value":16300},{"Length":111,"Height":146,"Demand":10,"DemandMax":null,"Value":16206},{"Length":143,"Height":103,"Demand":10,"DemandMax":null,"Value":14729},{"Length":134,"Height":108,"Demand":10,"DemandMax":null,"Value":14472},{"Length":122,"Height":113,"Demand":10,"DemandMax":null,"Value":13786},{"Length":120,"Height":107,"Demand":10,"DemandMax":null,"Value":12840},{"Length":121,"Height":101,"Demand":10,"DemandMax":null,"Value":12221}]}