{"Name":"AH242","Objects":[{"Length":1000,"Height":39408,"Stock":null,"Cost":39408000}],"Items":[{"Length":289,"Height":299,"Demand":1,"DemandMax":null,"Value":86411},{"Length":297,"Height":290,"Demand":1,"DemandMax":null,"Value":86130},{"Length":296,"Height":289,"Demand":1,"DemandMax":null,"Value":85544},{"Length":300,"Height":283,"Demand":1,"DemandMax":null,"Value":84900},{"Length":286,"Height":295,"Demand":1,"DemandMax":null,"Value":84370},{"Length":299,"Height":282,"Demand":1,"DemandMax":null,"Value":84318},{"Length":290,"Height":290,"Demand":1,"DemandMax":null,"Value":84100},{"Length":299,"Height":281,"Demand":1,"DemandMax":null,"Value":84019},{"Length":296,"Height":283,"Demand":1,"DemandMax":null,"Value":83768},{"Length":282,"Height":292,"Demand":1,"DemandMax":null,"Value":82344},{"Length":281,"Height":293,"Demand":1,"DemandMax":null,"Value":82333},{"Length":272,"Height":299,"Demand":1,"DemandMax":null,"Value":81328},{"Length":273,"Height":296,"Demand":1,"DemandMax":null,"Value":80808},{"Length":276,"Height":292,"Demand":1,"DemandMax":null,"Value":80592},{"Length":264,"Height":300,"Demand":1,"DemandMax":null,"Value":79200},{"Length":299,"Height":264,"Demand":1,"DemandMax":null,"Value":78936},{"Length":297,"Height":265,"Demand":1,"DemandMax":null,"Value":78705},{"Length":296,"Height":265,"Demand":1,"DemandMax":null,"Value":78440},{"Length":296,"Height":264,"Demand":1,"DemandMax":null,"Value":78144},{"Length":263,"Height":296,"Demand":1,"DemandMax":null,"Value":77848},{"Length":277,"Height":280,"Demand":1,"DemandMax":null,"Value":77560},{"Length":268,"Height":289,"Demand":1,"DemandMax":null,"Value":77452},{"Length":279,"Height":277,"Demand":1,"DemandMax":null,"Value":77283},{"Length":293,"Height":262,"Demand":1,"DemandMax":null,"Value":76766},{"Length":290,"Height":264,"Demand":1,"DemandMax":null,"Value":76560},{"Length":276,"Height":277,"Demand":1,"DemandMax":null,"Value":76452},{"Length":271,"Height":282,"Demand":1,"DemandMax":null,"Value":76422},{"Length":275,"Height":277,"Demand":1,"DemandMax":null,"Value":76175},{"Length":271,"Height":281,"Demand":1,"DemandMax":null,"Value":76151},{"Length":260,"Height":291,"Demand":1,"DemandMax":null,"Value":75660},{"Length":274,"Height":272,"Demand":1,"DemandMax":null,"Value":74528},{"Length":261,"Height":285,"Demand":1,"DemandMax":null,"Value":74385},{"Length":272,"Height":273,"Demand":1,"DemandMax":null,"Value":74256},{"Length":266,"Height":278,"Demand":1,"DemandMax":null,"Value":73948},{"Length":252,"Height":290,"Demand":1,"DemandMax":null,"Value":73080},{"Length":285,"Height":256,"Demand":1,"DemandMax":null,"Value":72960},{"Length":294,"Height":248,"Demand":1,"DemandMax":null,"Value":72912},{"Length":252,"Height":289,"Demand":1,"DemandMax":null,"Value":72828},{"Length":243,"Height":298,"Demand":1,"DemandMax":null,"Value":72414},{"Length":294,"Height":246,"Demand":1,"DemandMax":null,"Value":72324},{"Length":279,"Height":259,"Demand":1,"DemandMax":null,"Value":72261},{"Length":250,"Height":289,"Demand":1,"DemandMax":null,"Value":72250},{"Length":261,"Height":276,"Demand":1,"DemandMax":null,"Value":72036},{"Length":271,"Height":265,"Demand":1,"DemandMax":null,"Value":71815},{"Length":248,"Height":289,"Demand":1,"DemandMax":null,"Value":71672},{"Length":262,"Height":273,"Demand":1,"DemandMax":null,"Value":71526},{"Length":260,"Height":274,"Demand":1,"DemandMax":null,"Value":71240},{"Length":298,"Height":238,"Demand":1,"DemandMax":null,"Value":70924},{"Length":241,"Height":294,"Demand":1,"DemandMax":null,"Value":70854},{"Length":288,"Height":246,"Demand":1,"DemandMax":null,"Value":70848},{"Length":249,"Height":284,"Demand":1,"DemandMax":null,"Value":70716},{"Length":294,"Height":240,"Demand":1,"DemandMax":null,"Value":70560},{"Length":263,"Height":268,"Demand":1,"DemandMax":null,"Value":70484},{"Length":237,"Height":297,"Demand":1,"DemandMax":null,"Value":70389},{"Length":243,"Height":289,"Demand":1,"DemandMax":null,"Value":70227},{"Length":263,"Height":266,"Demand":1,"DemandMax":null,"Value":69958},{"Length":272,"Height":256,"Demand":1,"DemandMax":null,"Value":69632},{"Length":295,"Height":236,"Demand":1,"DemandMax":null,"Value":69620},{"Length":291,"Height":239,"Demand":1,"DemandMax":null,"Value":69549},{"Length":285,"Height":244,"Demand":1,"DemandMax":null,"Value":69540},{"Length":260,"Height":267,"Demand":1,"DemandMax":null,"Value":69420},{"Length":263,"Height":263,"Demand":1,"DemandMax":null,"Value":69169},{"Length":299,"Height":231,"Demand":1,"DemandMax":null,"Value":69069},{"Length":283,"Height":243,"Demand":1,"DemandMax":null,"Value":68769},{"Length":242,"Height":284,"Demand":1,"DemandMax":null,"Value":68728},{"Length":256,"Height":267,"Demand":1,"DemandMax":null,"Value":68352},{"Length":294,"Height":232,"Demand":1,"DemandMax":null,"Value":68208},{"Length":256,"Height":266,"Demand":1,"DemandMax":null,"Value":68096},{"Length":251,"Height":270,"Demand":1,"DemandMax":null,"Value":67770},{"Length":239,"Height":280,"Demand":1,"DemandMax":null,"Value":66920},{"Length":226,"Height":296,"Demand":1,"DemandMax":null,"Value":66896},{"Length":229,"Height":292,"Demand":1,"DemandMax":null,"Value":66868},{"Length":279,"Height":239,"Demand":1,"DemandMax":null,"Value":66681},{"Length":297,"Height":224,"Demand":1,"DemandMax":null,"Value":66528},{"Length":245,"Height":270,"Demand":1,"DemandMax":null,"Value":66150},{"Length":285,"Height":231,"Demand":1,"DemandMax":null,"Value":65835},{"Length":274,"Height":240,"Demand":1,"DemandMax":null,"Value":65760},{"Length":233,"Height":282,"Demand":1,"DemandMax":null,"Value":65706},{"Length":293,"Height":224,"Demand":1,"DemandMax":null,"Value":65632},{"Length":266,"Height":246,"Demand":1,"DemandMax":null,"Value":65436},{"Length":219,"Height":298,"Demand":1,"DemandMax":null,"Value":65262},{"Length":290,"Height":225,"Demand":1,"DemandMax":null,"Value":65250},{"Length":243,"Height":268,"Demand":1,"DemandMax":null,"Value":65124},{"Length":291,"Height":223,"Demand":1,"DemandMax":null,"Value":64893},{"Length":299,"Height":217,"Demand":1,"DemandMax":null,"Value":64883},{"Length":277,"Height":234,"Demand":1,"DemandMax":null,"Value":64818},{"Length":216,"Height":300,"Demand":1,"DemandMax":null,"Value":64800},{"Length":280,"Height":231,"Demand":1,"DemandMax":null,"Value":64680},{"Length":266,"Height":243,"Demand":1,"DemandMax":null,"Value":64638},{"Length":295,"Height":219,"Demand":1,"DemandMax":null,"Value":64605},{"Length":287,"Height":225,"Demand":1,"DemandMax":null,"Value":64575},{"Length":276,"Height":233,"Demand":1,"DemandMax":null,"Value":64308},{"Length":277,"Height":232,"Demand":1,"DemandMax":null,"Value":64264},{"Length":296,"Height":217,"Demand":1,"DemandMax":null,"Value":64232},{"Length":278,"Height":231,"Demand":1,"DemandMax":null,"Value":64218},{"Length":242,"Height":265,"Demand":1,"DemandMax":null,"Value":64130},{"Length":295,"Height":217,"Demand":1,"DemandMax":null,"Value":64015},{"Length":261,"Height":245,"Demand":1,"DemandMax":null,"Value":63945},{"Length":267,"Height":239,"Demand":1,"DemandMax":null,"Value":63813},{"Length":244,"Height":261,"Demand":1,"DemandMax":null,"Value":63684},{"Length":235,"Height":269,"Demand":1,"DemandMax":null,"Value":63215},{"Length":298,"Height":212,"Demand":1,"DemandMax":null,"Value":63176},{"Length":238,"Height":265,"Demand":1,"DemandMax":null,"Value":63070},{"Length":236,"Height":267,"Demand":1,"DemandMax":null,"Value":63012},{"Length":218,"Height":289,"Demand":1,"DemandMax":null,"Value":63002},{"Length":247,"Height":255,"Demand":1,"DemandMax":null,"Value":62985},{"Length":229,"Height":275,"Demand":1,"DemandMax":null,"Value":62975},{"Length":230,"Height":273,"Demand":1,"DemandMax":null,"Value":62790},{"Length":231,"Height":270,"Demand":1,"DemandMax":null,"Value":62370},{"Length":282,"Height":221,"Demand":1,"DemandMax":null,"Value":62322},{"Length":236,"Height":264,"Demand":1,"DemandMax":null,"Value":62304},{"Length":271,"Height":229,"Demand":1,"DemandMax":null,"Value":62059},{"Length":215,"Height":287,"Demand":1,"DemandMax":null,"Value":61705},{"Length":221,"Height":278,"Demand":1,"DemandMax":null,"Value":61438},{"Length":237,"Height":259,"Demand":1,"DemandMax":null,"Value":61383},{"Length":208,"Height":295,"Demand":1,"DemandMax":null,"Value":61360},{"Length":225,"Height":272,"Demand":1,"DemandMax":null,"Value":61200},{"Length":235,"Height":260,"Demand":1,"DemandMax":null,"Value":61100},{"Length":295,"Height":207,"Demand":1,"DemandMax":null,"Value":61065},{"Length":214,"Height":285,"Demand":1,"DemandMax":null,"Value":60990},{"Length":239,"Height":255,"Demand":1,"DemandMax":null,"Value":60945},{"Length":235,"Height":258,"Demand":1,"DemandMax":null,"Value":60630},{"Length":278,"Height":218,"Demand":1,"DemandMax":null,"Value":60604},{"Length":214,"Height":283,"Demand":1,"DemandMax":null,"Value":60562},{"Length":251,"Height":241,"Demand":1,"DemandMax":null,"Value":60491},{"Length":255,"Height":237,"Demand":1,"DemandMax":null,"Value":60435},{"Length":273,"Height":221,"Demand":1,"DemandMax":null,"Value":60333},{"Length":253,"Height":238,"Demand":1,"DemandMax":null,"Value":60214},{"Length":233,"Height":257,"Demand":1,"DemandMax":null,"Value":59881},{"Length":244,"Height":245,"Demand":1,"DemandMax":null,"Value":59780},{"Length":236,"Height":253,"Demand":1,"DemandMax":null,"Value":59708},{"Length":210,"Height":284,"Demand":1,"DemandMax":null,"Value":59640},{"Length":225,"Height":265,"Demand":1,"DemandMax":null,"Value":59625},{"Length":276,"Height":216,"Demand":1,"DemandMax":null,"Value":59616},{"Length":228,"Height":260,"Demand":1,"DemandMax":null,"Value":59280},{"Length":208,"Height":284,"Demand":1,"DemandMax":null,"Value":59072},{"Length":260,"Height":227,"Demand":1,"DemandMax":null,"Value":59020},{"Length":210,"Height":281,"Demand":1,"DemandMax":null,"Value":59010},{"Length":232,"Height":254,"Demand":1,"DemandMax":null,"Value":58928},{"Length":199,"Height":296,"Demand":1,"DemandMax":null,"Value":58904},{"Length":214,"Height":275,"Demand":1,"DemandMax":null,"Value":58850},{"Length":216,"Height":272,"Demand":1,"DemandMax":null,"Value":58752},{"Length":292,"Height":201,"Demand":1,"DemandMax":null,"Value":58692},{"Length":214,"Height":274,"Demand":1,"DemandMax":null,"Value":58636},{"Length":293,"Height":200,"Demand":1,"DemandMax":null,"Value":58600},{"Length":213,"Height":275,"Demand":1,"DemandMax":null,"Value":58575},{"Length":234,"Height":250,"Demand":1,"DemandMax":null,"Value":58500},{"Length":272,"Height":215,"Demand":1,"DemandMax":null,"Value":58480},{"Length":268,"Height":218,"Demand":1,"DemandMax":null,"Value":58424},{"Length":216,"Height":270,"Demand":1,"DemandMax":null,"Value":58320},{"Length":239,"Height":244,"Demand":1,"DemandMax":null,"Value":58316},{"Length":224,"Height":260,"Demand":1,"DemandMax":null,"Value":58240},{"Length":231,"Height":251,"Demand":1,"DemandMax":null,"Value":57981},{"Length":276,"Height":210,"Demand":1,"DemandMax":null,"Value":57960},{"Length":195,"Height":297,"Demand":1,"DemandMax":null,"Value":57915},{"Length":224,"Height":258,"Demand":1,"DemandMax":null,"Value":57792},{"Length":296,"Height":195,"Demand":1,"DemandMax":null,"Value":57720},{"Length":294,"Height":196,"Demand":1,"DemandMax":null,"Value":57624},{"Length":281,"Height":205,"Demand":1,"DemandMax":null,"Value":57605},{"Length":254,"Height":225,"Demand":1,"DemandMax":null,"Value":57150},{"Length":207,"Height":276,"Demand":1,"DemandMax":null,"Value":57132},{"Length":237,"Height":241,"Demand":1,"DemandMax":null,"Value":57117},{"Length":245,"Height":233,"Demand":1,"DemandMax":null,"Value":57085},{"Length":212,"Height":269,"Demand":1,"DemandMax":null,"Value":57028},{"Length":298,"Height":191,"Demand":1,"DemandMax":null,"Value":56918},{"Length":235,"Height":242,"Demand":1,"DemandMax":null,"Value":56870},{"Length":198,"Height":287,"Demand":1,"DemandMax":null,"Value":56826},{"Length":216,"Height":262,"Demand":1,"DemandMax":null,"Value":56592},{"Length":268,"Height":211,"Demand":1,"DemandMax":null,"Value":56548},{"Length":218,"Height":259,"Demand":1,"DemandMax":null,"Value":56462},{"Length":196,"Height":288,"Demand":1,"DemandMax":null,"Value":56448},{"Length":235,"Height":240,"Demand":1,"DemandMax":null,"Value":56400},{"Length":233,"Height":242,"Demand":1,"DemandMax":null,"Value":56386},{"Length":219,"Height":257,"Demand":1,"DemandMax":null,"Value":56283},{"Length":251,"Height":224,"Demand":1,"DemandMax":null,"Value":56224},{"Length":212,"Height":265,"Demand":1,"DemandMax":null,"Value":56180},{"Length":209,"Height":268,"Demand":1,"DemandMax":null,"Value":56012},{"Length":215,"Height":260,"Demand":1,"DemandMax":null,"Value":55900},{"Length":220,"Height":254,"Demand":1,"DemandMax":null,"Value":55880},{"Length":203,"Height":275,"Demand":1,"DemandMax":null,"Value":55825},{"Length":216,"Height":258,"Demand":1,"DemandMax":null,"Value":55728},{"Length":238,"Height":234,"Demand":1,"DemandMax":null,"Value":55692},{"Length":253,"Height":220,"Demand":1,"DemandMax":null,"Value":55660},{"Length":295,"Height":188,"Demand":1,"DemandMax":null,"Value":55460},{"Length":206,"Height":269,"Demand":1,"DemandMax":null,"Value":55414},{"Length":293,"Height":189,"Demand":1,"DemandMax":null,"Value":55377},{"Length":197,"Height":281,"Demand":1,"DemandMax":null,"Value":55357},{"Length":205,"Height":269,"Demand":1,"DemandMax":null,"Value":55145},{"Length":225,"Height":245,"Demand":1,"DemandMax":null,"Value":55125},{"Length":194,"Height":284,"Demand":1,"DemandMax":null,"Value":55096},{"Length":207,"Height":266,"Demand":1,"DemandMax":null,"Value":55062},{"Length":237,"Height":232,"Demand":1,"DemandMax":null,"Value":54984},{"Length":218,"Height":252,"Demand":1,"DemandMax":null,"Value":54936},{"Length":292,"Height":188,"Demand":1,"DemandMax":null,"Value":54896},{"Length":187,"Height":293,"Demand":1,"DemandMax":null,"Value":54791},{"Length":267,"Height":205,"Demand":1,"DemandMax":null,"Value":54735},{"Length":275,"Height":199,"Demand":1,"DemandMax":null,"Value":54725},{"Length":233,"Height":234,"Demand":1,"DemandMax":null,"Value":54522},{"Length":296,"Height":184,"Demand":1,"DemandMax":null,"Value":54464},{"Length":225,"Height":242,"Demand":1,"DemandMax":null,"Value":54450},{"Length":279,"Height":195,"Demand":1,"DemandMax":null,"Value":54405},{"Length":248,"Height":219,"Demand":1,"DemandMax":null,"Value":54312},{"Length":181,"Height":300,"Demand":1,"DemandMax":null,"Value":54300},{"Length":218,"Height":249,"Demand":1,"DemandMax":null,"Value":54282},{"Length":239,"Height":227,"Demand":1,"DemandMax":null,"Value":54253},{"Length":226,"Height":240,"Demand":1,"DemandMax":null,"Value":54240},{"Length":187,"Height":290,"Demand":1,"DemandMax":null,"Value":54230},{"Length":196,"Height":276,"Demand":1,"DemandMax":null,"Value":54096},{"Length":280,"Height":193,"Demand":1,"DemandMax":null,"Value":54040},{"Length":192,"Height":281,"Demand":1,"DemandMax":null,"Value":53952},{"Length":199,"Height":271,"Demand":1,"DemandMax":null,"Value":53929},{"Length":184,"Height":293,"Demand":1,"DemandMax":null,"Value":53912},{"Length":288,"Height":187,"Demand":1,"DemandMax":null,"Value":53856},{"Length":217,"Height":248,"Demand":1,"DemandMax":null,"Value":53816},{"Length":297,"Height":181,"Demand":1,"DemandMax":null,"Value":53757},{"Length":195,"Height":275,"Demand":1,"DemandMax":null,"Value":53625},{"Length":186,"Height":287,"Demand":1,"DemandMax":null,"Value":53382},{"Length":231,"Height":231,"Demand":1,"DemandMax":null,"Value":53361},{"Length":199,"Height":268,"Demand":1,"DemandMax":null,"Value":53332},{"Length":295,"Height":180,"Demand":1,"DemandMax":null,"Value":53100},{"Length":240,"Height":221,"Demand":1,"DemandMax":null,"Value":53040},{"Length":234,"Height":226,"Demand":1,"DemandMax":null,"Value":52884},{"Length":236,"Height":224,"Demand":1,"DemandMax":null,"Value":52864},{"Length":206,"Height":256,"Demand":1,"DemandMax":null,"Value":52736},{"Length":243,"Height":217,"Demand":1,"DemandMax":null,"Value":52731},{"Length":244,"Height":216,"Demand":1,"DemandMax":null,"Value":52704},{"Length":256,"Height":205,"Demand":1,"DemandMax":null,"Value":52480},{"Length":269,"Height":195,"Demand":1,"DemandMax":null,"Value":52455},{"Length":293,"Height":179,"Demand":1,"DemandMax":null,"Value":52447},{"Length":220,"Height":238,"Demand":1,"DemandMax":null,"Value":52360},{"Length":281,"Height":186,"Demand":1,"DemandMax":null,"Value":52266},{"Length":284,"Height":184,"Demand":1,"DemandMax":null,"Value":52256},{"Length":204,"Height":256,"Demand":1,"DemandMax":null,"Value":52224},{"Length":230,"Height":227,"Demand":1,"DemandMax":null,"Value":52210},{"Length":180,"Height":290,"Demand":1,"DemandMax":null,"Value":52200},{"Length":238,"Height":219,"Demand":1,"DemandMax":null,"Value":52122},{"Length":259,"Height":201,"Demand":1,"DemandMax":null,"Value":52059},{"Length":215,"Height":242,"Demand":1,"DemandMax":null,"Value":52030},{"Length":255,"Height":204,"Demand":1,"DemandMax":null,"Value":52020},{"Length":212,"Height":245,"Demand":1,"DemandMax":null,"Value":51940},{"Length":260,"Height":199,"Demand":1,"DemandMax":null,"Value":51740},{"Length":256,"Height":202,"Demand":1,"DemandMax":null,"Value":51712},{"Length":182,"Height":284,"Demand":1,"DemandMax":null,"Value":51688},{"Length":210,"Height":246,"Demand":1,"DemandMax":null,"Value":51660},{"Length":187,"Height":276,"Demand":1,"DemandMax":null,"Value":51612},{"Length":172,"Height":300,"Demand":1,"DemandMax":null,"Value":51600},{"Length":254,"Height":203,"Demand":1,"DemandMax":null,"Value":51562},{"Length":291,"Height":177,"Demand":1,"DemandMax":null,"Value":51507},{"Length":299,"Height":172,"Demand":1,"DemandMax":null,"Value":51428},{"Length":266,"Height":193,"Demand":1,"DemandMax":null,"Value":51338},{"Length":174,"Height":295,"Demand":1,"DemandMax":null,"Value":51330},{"Length":275,"Height":186,"Demand":1,"DemandMax":null,"Value":51150},{"Length":269,"Height":190,"Demand":1,"DemandMax":null,"Value":51110},{"Length":202,"Height":253,"Demand":1,"DemandMax":null,"Value":51106},{"Length":195,"Height":262,"Demand":1,"DemandMax":null,"Value":51090},{"Length":225,"Height":227,"Demand":1,"DemandMax":null,"Value":51075},{"Length":174,"Height":293,"Demand":1,"DemandMax":null,"Value":50982},{"Length":251,"Height":203,"Demand":1,"DemandMax":null,"Value":50953},{"Length":202,"Height":252,"Demand":1,"DemandMax":null,"Value":50904},{"Length":195,"Height":261,"Demand":1,"DemandMax":null,"Value":50895},{"Length":228,"Height":223,"Demand":1,"DemandMax":null,"Value":50844},{"Length":262,"Height":194,"Demand":1,"DemandMax":null,"Value":50828},{"Length":220,"Height":231,"Demand":1,"DemandMax":null,"Value":50820},{"Length":270,"Height":188,"Demand":1,"DemandMax":null,"Value":50760},{"Length":238,"Height":213,"Demand":1,"DemandMax":null,"Value":50694},{"Length":211,"Height":240,"Demand":1,"DemandMax":null,"Value":50640},{"Length":299,"Height":169,"Demand":1,"DemandMax":null,"Value":50531},{"Length":273,"Height":185,"Demand":1,"DemandMax":null,"Value":50505},{"Length":293,"Height":172,"Demand":1,"DemandMax":null,"Value":50396},{"Length":203,"Height":248,"Demand":1,"DemandMax":null,"Value":50344},{"Length":183,"Height":274,"Demand":1,"DemandMax":null,"Value":50142},{"Length":188,"Height":266,"Demand":1,"DemandMax":null,"Value":50008},{"Length":279,"Height":179,"Demand":1,"DemandMax":null,"Value":49941},{"Length":187,"Height":267,"Demand":1,"DemandMax":null,"Value":49929},{"Length":202,"Height":247,"Demand":1,"DemandMax":null,"Value":49894},{"Length":253,"Height":197,"Demand":1,"DemandMax":null,"Value":49841},{"Length":204,"Height":243,"Demand":1,"DemandMax":null,"Value":49572},{"Length":293,"Height":169,"Demand":1,"DemandMax":null,"Value":49517},{"Length":275,"Height":180,"Demand":1,"DemandMax":null,"Value":49500},{"Length":165,"Height":299,"Demand":1,"DemandMax":null,"Value":49335},{"Length":176,"Height":280,"Demand":1,"DemandMax":null,"Value":49280},{"Length":227,"Height":217,"Demand":1,"DemandMax":null,"Value":49259},{"Length":269,"Height":183,"Demand":1,"DemandMax":null,"Value":49227},{"Length":180,"Height":273,"Demand":1,"DemandMax":null,"Value":49140},{"Length":242,"Height":203,"Demand":1,"DemandMax":null,"Value":49126},{"Length":235,"Height":209,"Demand":1,"DemandMax":null,"Value":49115},{"Length":167,"Height":294,"Demand":1,"DemandMax":null,"Value":49098},{"Length":197,"Height":249,"Demand":1,"DemandMax":null,"Value":49053},{"Length":164,"Height":299,"Demand":1,"DemandMax":null,"Value":49036},{"Length":174,"Height":281,"Demand":1,"DemandMax":null,"Value":48894},{"Length":238,"Height":205,"Demand":1,"DemandMax":null,"Value":48790},{"Length":250,"Height":195,"Demand":1,"DemandMax":null,"Value":48750},{"Length":285,"Height":171,"Demand":1,"DemandMax":null,"Value":48735},{"Length":190,"Height":256,"Demand":1,"DemandMax":null,"Value":48640},{"Length":193,"Height":252,"Demand":1,"DemandMax":null,"Value":48636},{"Length":289,"Height":168,"Demand":1,"DemandMax":null,"Value":48552},{"Length":197,"Height":246,"Demand":1,"DemandMax":null,"Value":48462},{"Length":266,"Height":182,"Demand":1,"DemandMax":null,"Value":48412},{"Length":298,"Height":162,"Demand":1,"DemandMax":null,"Value":48276},{"Length":165,"Height":292,"Demand":1,"DemandMax":null,"Value":48180},{"Length":278,"Height":173,"Demand":1,"DemandMax":null,"Value":48094},{"Length":270,"Height":178,"Demand":1,"DemandMax":null,"Value":48060},{"Length":162,"Height":295,"Demand":1,"DemandMax":null,"Value":47790},{"Length":241,"Height":198,"Demand":1,"DemandMax":null,"Value":47718},{"Length":176,"Height":271,"Demand":1,"DemandMax":null,"Value":47696},{"Length":289,"Height":165,"Demand":1,"DemandMax":null,"Value":47685},{"Length":217,"Height":219,"Demand":1,"DemandMax":null,"Value":47523},{"Length":297,"Height":160,"Demand":1,"DemandMax":null,"Value":47520},{"Length":201,"Height":236,"Demand":1,"DemandMax":null,"Value":47436},{"Length":200,"Height":237,"Demand":1,"DemandMax":null,"Value":47400},{"Length":206,"Height":230,"Demand":1,"DemandMax":null,"Value":47380},{"Length":179,"Height":263,"Demand":1,"DemandMax":null,"Value":47077},{"Length":165,"Height":285,"Demand":1,"DemandMax":null,"Value":47025},{"Length":228,"Height":206,"Demand":1,"DemandMax":null,"Value":46968},{"Length":273,"Height":172,"Demand":1,"DemandMax":null,"Value":46956},{"Length":187,"Height":251,"Demand":1,"DemandMax":null,"Value":46937},{"Length":216,"Height":217,"Demand":1,"DemandMax":null,"Value":46872},{"Length":220,"Height":213,"Demand":1,"DemandMax":null,"Value":46860},{"Length":224,"Height":209,"Demand":1,"DemandMax":null,"Value":46816},{"Length":176,"Height":266,"Demand":1,"DemandMax":null,"Value":46816},{"Length":190,"Height":246,"Demand":1,"DemandMax":null,"Value":46740},{"Length":292,"Height":160,"Demand":1,"DemandMax":null,"Value":46720},{"Length":221,"Height":210,"Demand":1,"DemandMax":null,"Value":46410},{"Length":175,"Height":265,"Demand":1,"DemandMax":null,"Value":46375},{"Length":162,"Height":285,"Demand":1,"DemandMax":null,"Value":46170},{"Length":227,"Height":203,"Demand":1,"DemandMax":null,"Value":46081},{"Length":222,"Height":207,"Demand":1,"DemandMax":null,"Value":45954},{"Length":238,"Height":193,"Demand":1,"DemandMax":null,"Value":45934},{"Length":205,"Height":224,"Demand":1,"DemandMax":null,"Value":45920},{"Length":255,"Height":180,"Demand":1,"DemandMax":null,"Value":45900},{"Length":168,"Height":273,"Demand":1,"DemandMax":null,"Value":45864},{"Length":217,"Height":211,"Demand":1,"DemandMax":null,"Value":45787},{"Length":230,"Height":199,"Demand":1,"DemandMax":null,"Value":45770},{"Length":206,"Height":222,"Demand":1,"DemandMax":null,"Value":45732},{"Length":155,"Height":295,"Demand":1,"DemandMax":null,"Value":45725},{"Length":284,"Height":161,"Demand":1,"DemandMax":null,"Value":45724},{"Length":216,"Height":211,"Demand":1,"DemandMax":null,"Value":45576},{"Length":267,"Height":170,"Demand":1,"DemandMax":null,"Value":45390},{"Length":191,"Height":237,"Demand":1,"DemandMax":null,"Value":45267},{"Length":186,"Height":243,"Demand":1,"DemandMax":null,"Value":45198},{"Length":213,"Height":212,"Demand":1,"DemandMax":null,"Value":45156},{"Length":244,"Height":185,"Demand":1,"DemandMax":null,"Value":45140},{"Length":255,"Height":177,"Demand":1,"DemandMax":null,"Value":45135},{"Length":293,"Height":154,"Demand":1,"DemandMax":null,"Value":45122},{"Length":165,"Height":273,"Demand":1,"DemandMax":null,"Value":45045},{"Length":225,"Height":200,"Demand":1,"DemandMax":null,"Value":45000},{"Length":163,"Height":276,"Demand":1,"DemandMax":null,"Value":44988},{"Length":263,"Height":171,"Demand":1,"DemandMax":null,"Value":44973},{"Length":290,"Height":155,"Demand":1,"DemandMax":null,"Value":44950},{"Length":289,"Height":155,"Demand":1,"DemandMax":null,"Value":44795},{"Length":265,"Height":169,"Demand":1,"DemandMax":null,"Value":44785},{"Length":167,"Height":268,"Demand":1,"DemandMax":null,"Value":44756},{"Length":165,"Height":270,"Demand":1,"DemandMax":null,"Value":44550},{"Length":195,"Height":228,"Demand":1,"DemandMax":null,"Value":44460},{"Length":175,"Height":254,"Demand":1,"DemandMax":null,"Value":44450},{"Length":229,"Height":194,"Demand":1,"DemandMax":null,"Value":44426},{"Length":258,"Height":172,"Demand":1,"DemandMax":null,"Value":44376},{"Length":166,"Height":267,"Demand":1,"DemandMax":null,"Value":44322},{"Length":249,"Height":178,"Demand":1,"DemandMax":null,"Value":44322},{"Length":218,"Height":203,"Demand":1,"DemandMax":null,"Value":44254},{"Length":151,"Height":293,"Demand":1,"DemandMax":null,"Value":44243},{"Length":160,"Height":276,"Demand":1,"DemandMax":null,"Value":44160},{"Length":185,"Height":238,"Demand":1,"DemandMax":null,"Value":44030},{"Length":188,"Height":234,"Demand":1,"DemandMax":null,"Value":43992},{"Length":152,"Height":289,"Demand":1,"DemandMax":null,"Value":43928},{"Length":244,"Height":180,"Demand":1,"DemandMax":null,"Value":43920},{"Length":276,"Height":159,"Demand":1,"DemandMax":null,"Value":43884},{"Length":173,"Height":253,"Demand":1,"DemandMax":null,"Value":43769},{"Length":257,"Height":170,"Demand":1,"DemandMax":null,"Value":43690},{"Length":208,"Height":210,"Demand":1,"DemandMax":null,"Value":43680},{"Length":204,"Height":214,"Demand":1,"DemandMax":null,"Value":43656},{"Length":155,"Height":281,"Demand":1,"DemandMax":null,"Value":43555},{"Length":267,"Height":163,"Demand":1,"DemandMax":null,"Value":43521},{"Length":262,"Height":166,"Demand":1,"DemandMax":null,"Value":43492},{"Length":241,"Height":180,"Demand":1,"DemandMax":null,"Value":43380},{"Length":173,"Height":250,"Demand":1,"DemandMax":null,"Value":43250},{"Length":148,"Height":292,"Demand":1,"DemandMax":null,"Value":43216},{"Length":225,"Height":192,"Demand":1,"DemandMax":null,"Value":43200},{"Length":162,"Height":265,"Demand":1,"DemandMax":null,"Value":42930},{"Length":212,"Height":202,"Demand":1,"DemandMax":null,"Value":42824},{"Length":215,"Height":199,"Demand":1,"DemandMax":null,"Value":42785},{"Length":147,"Height":291,"Demand":1,"DemandMax":null,"Value":42777},{"Length":216,"Height":198,"Demand":1,"DemandMax":null,"Value":42768},{"Length":277,"Height":154,"Demand":1,"DemandMax":null,"Value":42658},{"Length":284,"Height":150,"Demand":1,"DemandMax":null,"Value":42600},{"Length":229,"Height":186,"Demand":1,"DemandMax":null,"Value":42594},{"Length":252,"Height":169,"Demand":1,"DemandMax":null,"Value":42588},{"Length":273,"Height":156,"Demand":1,"DemandMax":null,"Value":42588},{"Length":198,"Height":215,"Demand":1,"DemandMax":null,"Value":42570},{"Length":195,"Height":218,"Demand":1,"DemandMax":null,"Value":42510},{"Length":193,"Height":220,"Demand":1,"DemandMax":null,"Value":42460},{"Length":183,"Height":232,"Demand":1,"DemandMax":null,"Value":42456},{"Length":284,"Height":149,"Demand":1,"DemandMax":null,"Value":42316},{"Length":223,"Height":189,"Demand":1,"DemandMax":null,"Value":42147},{"Length":245,"Height":172,"Demand":1,"DemandMax":null,"Value":42140},{"Length":239,"Height":176,"Demand":1,"DemandMax":null,"Value":42064},{"Length":225,"Height":186,"Demand":1,"DemandMax":null,"Value":41850},{"Length":235,"Height":178,"Demand":1,"DemandMax":null,"Value":41830},{"Length":169,"Height":247,"Demand":1,"DemandMax":null,"Value":41743},{"Length":239,"Height":174,"Demand":1,"DemandMax":null,"Value":41586},{"Length":226,"Height":184,"Demand":1,"DemandMax":null,"Value":41584},{"Length":228,"Height":182,"Demand":1,"DemandMax":null,"Value":41496},{"Length":237,"Height":175,"Demand":1,"DemandMax":null,"Value":41475},{"Length":142,"Height":292,"Demand":1,"DemandMax":null,"Value":41464},{"Length":280,"Height":148,"Demand":1,"DemandMax":null,"Value":41440},{"Length":234,"Height":177,"Demand":1,"DemandMax":null,"Value":41418},{"Length":291,"Height":142,"Demand":1,"DemandMax":null,"Value":41322},{"Length":279,"Height":148,"Demand":1,"DemandMax":null,"Value":41292},{"Length":258,"Height":160,"Demand":1,"DemandMax":null,"Value":41280},{"Length":299,"Height":138,"Demand":1,"DemandMax":null,"Value":41262},{"Length":223,"Height":185,"Demand":1,"DemandMax":null,"Value":41255},{"Length":190,"Height":217,"Demand":1,"DemandMax":null,"Value":41230},{"Length":162,"Height":254,"Demand":1,"DemandMax":null,"Value":41148},{"Length":138,"Height":298,"Demand":1,"DemandMax":null,"Value":41124},{"Length":300,"Height":137,"Demand":1,"DemandMax":null,"Value":41100},{"Length":272,"Height":151,"Demand":1,"DemandMax":null,"Value":41072},{"Length":202,"Height":203,"Demand":1,"DemandMax":null,"Value":41006},{"Length":171,"Height":239,"Demand":1,"DemandMax":null,"Value":40869},{"Length":139,"Height":294,"Demand":1,"DemandMax":null,"Value":40866},{"Length":142,"Height":286,"Demand":1,"DemandMax":null,"Value":40612},{"Length":203,"Height":200,"Demand":1,"DemandMax":null,"Value":40600},{"Length":163,"Height":249,"Demand":1,"DemandMax":null,"Value":40587},{"Length":167,"Height":243,"Demand":1,"DemandMax":null,"Value":40581},{"Length":147,"Height":276,"Demand":1,"DemandMax":null,"Value":40572},{"Length":150,"Height":270,"Demand":1,"DemandMax":null,"Value":40500},{"Length":220,"Height":184,"Demand":1,"DemandMax":null,"Value":40480},{"Length":285,"Height":142,"Demand":1,"DemandMax":null,"Value":40470},{"Length":141,"Height":287,"Demand":1,"DemandMax":null,"Value":40467},{"Length":196,"Height":206,"Demand":1,"DemandMax":null,"Value":40376},{"Length":156,"Height":258,"Demand":1,"DemandMax":null,"Value":40248},{"Length":261,"Height":154,"Demand":1,"DemandMax":null,"Value":40194},{"Length":164,"Height":245,"Demand":1,"DemandMax":null,"Value":40180},{"Length":193,"Height":208,"Demand":1,"DemandMax":null,"Value":40144},{"Length":212,"Height":189,"Demand":1,"DemandMax":null,"Value":40068},{"Length":270,"Height":148,"Demand":1,"DemandMax":null,"Value":39960},{"Length":207,"Height":193,"Demand":1,"DemandMax":null,"Value":39951},{"Length":172,"Height":232,"Demand":1,"DemandMax":null,"Value":39904},{"Length":220,"Height":181,"Demand":1,"DemandMax":null,"Value":39820},{"Length":265,"Height":150,"Demand":1,"DemandMax":null,"Value":39750},{"Length":151,"Height":263,"Demand":1,"DemandMax":null,"Value":39713},{"Length":165,"Height":240,"Demand":1,"DemandMax":null,"Value":39600},{"Length":252,"Height":157,"Demand":1,"DemandMax":null,"Value":39564},{"Length":178,"Height":222,"Demand":1,"DemandMax":null,"Value":39516},{"Length":197,"Height":200,"Demand":1,"DemandMax":null,"Value":39400},{"Length":204,"Height":193,"Demand":1,"DemandMax":null,"Value":39372},{"Length":149,"Height":264,"Demand":1,"DemandMax":null,"Value":39336},{"Length":140,"Height":280,"Demand":1,"DemandMax":null,"Value":39200},{"Length":166,"Height":236,"Demand":1,"DemandMax":null,"Value":39176},{"Length":136,"Height":288,"Demand":1,"DemandMax":null,"Value":39168},{"Length":190,"Height":206,"Demand":1,"DemandMax":null,"Value":39140},{"Length":132,"Height":296,"Demand":1,"DemandMax":null,"Value":39072},{"Length":142,"Height":274,"Demand":1,"DemandMax":null,"Value":38908},{"Length":288,"Height":135,"Demand":1,"DemandMax":null,"Value":38880},{"Length":230,"Height":169,"Demand":1,"DemandMax":null,"Value":38870},{"Length":203,"Height":190,"Demand":1,"DemandMax":null,"Value":38570},{"Length":296,"Height":130,"Demand":1,"DemandMax":null,"Value":38480},{"Length":195,"Height":197,"Demand":1,"DemandMax":null,"Value":38415},{"Length":146,"Height":263,"Demand":1,"DemandMax":null,"Value":38398},{"Length":175,"Height":219,"Demand":1,"DemandMax":null,"Value":38325},{"Length":170,"Height":225,"Demand":1,"DemandMax":null,"Value":38250},{"Length":216,"Height":177,"Demand":1,"DemandMax":null,"Value":38232},{"Length":226,"Height":169,"Demand":1,"DemandMax":null,"Value":38194},{"Length":248,"Height":154,"Demand":1,"DemandMax":null,"Value":38192},{"Length":216,"Height":176,"Demand":1,"DemandMax":null,"Value":38016},{"Length":296,"Height":128,"Demand":1,"DemandMax":null,"Value":37888},{"Length":140,"Height":270,"Demand":1,"DemandMax":null,"Value":37800},{"Length":152,"Height":248,"Demand":1,"DemandMax":null,"Value":37696},{"Length":161,"Height":234,"Demand":1,"DemandMax":null,"Value":37674},{"Length":231,"Height":163,"Demand":1,"DemandMax":null,"Value":37653},{"Length":199,"Height":189,"Demand":1,"DemandMax":null,"Value":37611},{"Length":187,"Height":201,"Demand":1,"DemandMax":null,"Value":37587},{"Length":149,"Height":252,"Demand":1,"DemandMax":null,"Value":37548},{"Length":166,"Height":226,"Demand":1,"DemandMax":null,"Value":37516},{"Length":241,"Height":155,"Demand":1,"DemandMax":null,"Value":37355},{"Length":189,"Height":197,"Demand":1,"DemandMax":null,"Value":37233},{"Length":264,"Height":141,"Demand":1,"DemandMax":null,"Value":37224},{"Length":234,"Height":159,"Demand":1,"DemandMax":null,"Value":37206},{"Length":193,"Height":192,"Demand":1,"DemandMax":null,"Value":37056},{"Length":148,"Height":250,"Demand":1,"DemandMax":null,"Value":37000},{"Length":123,"Height":300,"Demand":1,"DemandMax":null,"Value":36900},{"Length":133,"Height":277,"Demand":1,"DemandMax":null,"Value":36841},{"Length":263,"Height":140,"Demand":1,"DemandMax":null,"Value":36820},{"Length":199,"Height":185,"Demand":1,"DemandMax":null,"Value":36815},{"Length":142,"Height":259,"Demand":1,"DemandMax":null,"Value":36778},{"Length":167,"Height":220,"Demand":1,"DemandMax":null,"Value":36740},{"Length":231,"Height":159,"Demand":1,"DemandMax":null,"Value":36729},{"Length":127,"Height":289,"Demand":1,"DemandMax":null,"Value":36703},{"Length":187,"Height":196,"Demand":1,"DemandMax":null,"Value":36652},{"Length":142,"Height":258,"Demand":1,"DemandMax":null,"Value":36636},{"Length":179,"Height":204,"Demand":1,"DemandMax":null,"Value":36516},{"Length":211,"Height":173,"Demand":1,"DemandMax":null,"Value":36503},{"Length":139,"Height":262,"Demand":1,"DemandMax":null,"Value":36418},{"Length":241,"Height":151,"Demand":1,"DemandMax":null,"Value":36391},{"Length":236,"Height":154,"Demand":1,"DemandMax":null,"Value":36344},{"Length":136,"Height":267,"Demand":1,"DemandMax":null,"Value":36312},{"Length":242,"Height":150,"Demand":1,"DemandMax":null,"Value":36300},{"Length":123,"Height":295,"Demand":1,"DemandMax":null,"Value":36285},{"Length":272,"Height":133,"Demand":1,"DemandMax":null,"Value":36176},{"Length":136,"Height":266,"Demand":1,"DemandMax":null,"Value":36176},{"Length":262,"Height":138,"Demand":1,"DemandMax":null,"Value":36156},{"Length":287,"Height":125,"Demand":1,"DemandMax":null,"Value":35875},{"Length":160,"Height":224,"Demand":1,"DemandMax":null,"Value":35840},{"Length":179,"Height":200,"Demand":1,"DemandMax":null,"Value":35800},{"Length":286,"Height":125,"Demand":1,"DemandMax":null,"Value":35750},{"Length":259,"Height":138,"Demand":1,"DemandMax":null,"Value":35742},{"Length":147,"Height":243,"Demand":1,"DemandMax":null,"Value":35721},{"Length":288,"Height":124,"Demand":1,"DemandMax":null,"Value":35712},{"Length":195,"Height":183,"Demand":1,"DemandMax":null,"Value":35685},{"Length":223,"Height":160,"Demand":1,"DemandMax":null,"Value":35680},{"Length":241,"Height":147,"Demand":1,"DemandMax":null,"Value":35427},{"Length":166,"Height":213,"Demand":1,"DemandMax":null,"Value":35358},{"Length":149,"Height":237,"Demand":1,"DemandMax":null,"Value":35313},{"Length":195,"Height":181,"Demand":1,"DemandMax":null,"Value":35295},{"Length":205,"Height":172,"Demand":1,"DemandMax":null,"Value":35260},{"Length":284,"Height":124,"Demand":1,"DemandMax":null,"Value":35216},{"Length":137,"Height":257,"Demand":1,"DemandMax":null,"Value":35209},{"Length":270,"Height":130,"Demand":1,"DemandMax":null,"Value":35100},{"Length":215,"Height":163,"Demand":1,"DemandMax":null,"Value":35045},{"Length":201,"Height":174,"Demand":1,"DemandMax":null,"Value":34974},{"Length":124,"Height":282,"Demand":1,"DemandMax":null,"Value":34968},{"Length":180,"Height":194,"Demand":1,"DemandMax":null,"Value":34920},{"Length":132,"Height":264,"Demand":1,"DemandMax":null,"Value":34848},{"Length":175,"Height":199,"Demand":1,"DemandMax":null,"Value":34825},{"Length":169,"Height":206,"Demand":1,"DemandMax":null,"Value":34814},{"Length":194,"Height":179,"Demand":1,"DemandMax":null,"Value":34726},{"Length":125,"Height":275,"Demand":1,"DemandMax":null,"Value":34375},{"Length":237,"Height":145,"Demand":1,"DemandMax":null,"Value":34365},{"Length":165,"Height":208,"Demand":1,"DemandMax":null,"Value":34320},{"Length":168,"Height":204,"Demand":1,"DemandMax":null,"Value":34272},{"Length":295,"Height":116,"Demand":1,"DemandMax":null,"Value":34220},{"Length":207,"Height":165,"Demand":1,"DemandMax":null,"Value":34155},{"Length":298,"Height":114,"Demand":1,"DemandMax":null,"Value":33972},{"Length":120,"Height":283,"Demand":1,"DemandMax":null,"Value":33960},{"Length":207,"Height":164,"Demand":1,"DemandMax":null,"Value":33948},{"Length":239,"Height":142,"Demand":1,"DemandMax":null,"Value":33938},{"Length":257,"Height":132,"Demand":1,"DemandMax":null,"Value":33924},{"Length":244,"Height":139,"Demand":1,"DemandMax":null,"Value":33916},{"Length":280,"Height":121,"Demand":1,"DemandMax":null,"Value":33880},{"Length":162,"Height":209,"Demand":1,"DemandMax":null,"Value":33858},{"Length":235,"Height":144,"Demand":1,"DemandMax":null,"Value":33840},{"Length":138,"Height":245,"Demand":1,"DemandMax":null,"Value":33810},{"Length":191,"Height":177,"Demand":1,"DemandMax":null,"Value":33807},{"Length":130,"Height":260,"Demand":1,"DemandMax":null,"Value":33800},{"Length":270,"Height":125,"Demand":1,"DemandMax":null,"Value":33750},{"Length":162,"Height":208,"Demand":1,"DemandMax":null,"Value":33696},{"Length":147,"Height":229,"Demand":1,"DemandMax":null,"Value":33663},{"Length":187,"Height":180,"Demand":1,"DemandMax":null,"Value":33660},{"Length":199,"Height":169,"Demand":1,"DemandMax":null,"Value":33631},{"Length":190,"Height":177,"Demand":1,"DemandMax":null,"Value":33630},{"Length":174,"Height":193,"Demand":1,"DemandMax":null,"Value":33582},{"Length":273,"Height":123,"Demand":1,"DemandMax":null,"Value":33579},{"Length":275,"Height":122,"Demand":1,"DemandMax":null,"Value":33550},{"Length":256,"Height":131,"Demand":1,"DemandMax":null,"Value":33536},{"Length":162,"Height":207,"Demand":1,"DemandMax":null,"Value":33534},{"Length":217,"Height":154,"Demand":1,"DemandMax":null,"Value":33418},{"Length":144,"Height":232,"Demand":1,"DemandMax":null,"Value":33408},{"Length":235,"Height":142,"Demand":1,"DemandMax":null,"Value":33370},{"Length":280,"Height":119,"Demand":1,"DemandMax":null,"Value":33320},{"Length":179,"Height":186,"Demand":1,"DemandMax":null,"Value":33294},{"Length":252,"Height":132,"Demand":1,"DemandMax":null,"Value":33264},{"Length":145,"Height":229,"Demand":1,"DemandMax":null,"Value":33205},{"Length":136,"Height":244,"Demand":1,"DemandMax":null,"Value":33184},{"Length":259,"Height":128,"Demand":1,"DemandMax":null,"Value":33152},{"Length":124,"Height":267,"Demand":1,"DemandMax":null,"Value":33108},{"Length":191,"Height":173,"Demand":1,"DemandMax":null,"Value":33043},{"Length":256,"Height":129,"Demand":1,"DemandMax":null,"Value":33024},{"Length":209,"Height":158,"Demand":1,"DemandMax":null,"Value":33022},{"Length":202,"Height":163,"Demand":1,"DemandMax":null,"Value":32926},{"Length":118,"Height":279,"Demand":1,"DemandMax":null,"Value":32922},{"Length":272,"Height":121,"Demand":1,"DemandMax":null,"Value":32912},{"Length":230,"Height":143,"Demand":1,"DemandMax":null,"Value":32890},{"Length":111,"Height":296,"Demand":1,"DemandMax":null,"Value":32856},{"Length":199,"Height":165,"Demand":1,"DemandMax":null,"Value":32835},{"Length":290,"Height":113,"Demand":1,"DemandMax":null,"Value":32770},{"Length":120,"Height":273,"Demand":1,"DemandMax":null,"Value":32760},{"Length":211,"Height":155,"Demand":1,"DemandMax":null,"Value":32705},{"Length":215,"Height":152,"Demand":1,"DemandMax":null,"Value":32680},{"Length":192,"Height":170,"Demand":1,"DemandMax":null,"Value":32640},{"Length":131,"Height":249,"Demand":1,"DemandMax":null,"Value":32619},{"Length":183,"Height":178,"Demand":1,"DemandMax":null,"Value":32574},{"Length":267,"Height":122,"Demand":1,"DemandMax":null,"Value":32574},{"Length":139,"Height":233,"Demand":1,"DemandMax":null,"Value":32387},{"Length":220,"Height":147,"Demand":1,"DemandMax":null,"Value":32340},{"Length":229,"Height":141,"Demand":1,"DemandMax":null,"Value":32289},{"Length":144,"Height":224,"Demand":1,"DemandMax":null,"Value":32256},{"Length":168,"Height":192,"Demand":1,"DemandMax":null,"Value":32256},{"Length":140,"Height":230,"Demand":1,"DemandMax":null,"Value":32200},{"Length":219,"Height":147,"Demand":1,"DemandMax":null,"Value":32193},{"Length":145,"Height":222,"Demand":1,"DemandMax":null,"Value":32190},{"Length":181,"Height":177,"Demand":1,"DemandMax":null,"Value":32037},{"Length":149,"Height":215,"Demand":1,"DemandMax":null,"Value":32035},{"Length":173,"Height":185,"Demand":1,"DemandMax":null,"Value":32005},{"Length":262,"Height":122,"Demand":1,"DemandMax":null,"Value":31964},{"Length":213,"Height":150,"Demand":1,"DemandMax":null,"Value":31950},{"Length":134,"Height":238,"Demand":1,"DemandMax":null,"Value":31892},{"Length":126,"Height":253,"Demand":1,"DemandMax":null,"Value":31878},{"Length":178,"Height":179,"Demand":1,"DemandMax":null,"Value":31862},{"Length":236,"Height":135,"Demand":1,"DemandMax":null,"Value":31860},{"Length":111,"Height":287,"Demand":1,"DemandMax":null,"Value":31857},{"Length":183,"Height":174,"Demand":1,"DemandMax":null,"Value":31842},{"Length":173,"Height":184,"Demand":1,"DemandMax":null,"Value":31832},{"Length":146,"Height":218,"Demand":1,"DemandMax":null,"Value":31828},{"Length":164,"Height":194,"Demand":1,"DemandMax":null,"Value":31816},{"Length":110,"Height":289,"Demand":1,"DemandMax":null,"Value":31790},{"Length":195,"Height":163,"Demand":1,"DemandMax":null,"Value":31785},{"Length":158,"Height":201,"Demand":1,"DemandMax":null,"Value":31758},{"Length":125,"Height":254,"Demand":1,"DemandMax":null,"Value":31750},{"Length":123,"Height":258,"Demand":1,"DemandMax":null,"Value":31734},{"Length":285,"Height":111,"Demand":1,"DemandMax":null,"Value":31635},{"Length":124,"Height":255,"Demand":1,"DemandMax":null,"Value":31620},{"Length":145,"Height":218,"Demand":1,"DemandMax":null,"Value":31610},{"Length":135,"Height":234,"Demand":1,"DemandMax":null,"Value":31590},{"Length":166,"Height":190,"Demand":1,"DemandMax":null,"Value":31540},{"Length":140,"Height":225,"Demand":1,"DemandMax":null,"Value":31500},{"Length":175,"Height":180,"Demand":1,"DemandMax":null,"Value":31500},{"Length":129,"Height":244,"Demand":1,"DemandMax":null,"Value":31476},{"Length":145,"Height":217,"Demand":1,"DemandMax":null,"Value":31465},{"Length":168,"Height":187,"Demand":1,"DemandMax":null,"Value":31416},{"Length":205,"Height":153,"Demand":1,"DemandMax":null,"Value":31365},{"Length":272,"Height":115,"Demand":1,"DemandMax":null,"Value":31280},{"Length":110,"Height":284,"Demand":1,"DemandMax":null,"Value":31240},{"Length":178,"Height":175,"Demand":1,"DemandMax":null,"Value":31150},{"Length":173,"Height":180,"Demand":1,"DemandMax":null,"Value":31140},{"Length":272,"Height":114,"Demand":1,"DemandMax":null,"Value":31008},{"Length":117,"Height":265,"Demand":1,"DemandMax":null,"Value":31005},{"Length":242,"Height":128,"Demand":1,"DemandMax":null,"Value":30976},{"Length":182,"Height":170,"Demand":1,"DemandMax":null,"Value":30940},{"Length":111,"Height":278,"Demand":1,"DemandMax":null,"Value":30858},{"Length":151,"Height":204,"Demand":1,"DemandMax":null,"Value":30804},{"Length":208,"Height":148,"Demand":1,"DemandMax":null,"Value":30784},{"Length":104,"Height":295,"Demand":1,"DemandMax":null,"Value":30680},{"Length":234,"Height":131,"Demand":1,"DemandMax":null,"Value":30654},{"Length":121,"Height":253,"Demand":1,"DemandMax":null,"Value":30613},{"Length":201,"Height":152,"Demand":1,"DemandMax":null,"Value":30552},{"Length":299,"Height":102,"Demand":1,"DemandMax":null,"Value":30498},{"Length":252,"Height":121,"Demand":1,"DemandMax":null,"Value":30492},{"Length":104,"Height":293,"Demand":1,"DemandMax":null,"Value":30472},{"Length":176,"Height":173,"Demand":1,"DemandMax":null,"Value":30448},{"Length":156,"Height":195,"Demand":1,"DemandMax":null,"Value":30420},{"Length":200,"Height":152,"Demand":1,"DemandMax":null,"Value":30400},{"Length":123,"Height":247,"Demand":1,"DemandMax":null,"Value":30381},{"Length":191,"Height":159,"Demand":1,"DemandMax":null,"Value":30369},{"Length":127,"Height":239,"Demand":1,"DemandMax":null,"Value":30353},{"Length":185,"Height":164,"Demand":1,"DemandMax":null,"Value":30340},{"Length":215,"Height":141,"Demand":1,"DemandMax":null,"Value":30315},{"Length":150,"Height":202,"Demand":1,"DemandMax":null,"Value":30300},{"Length":195,"Height":155,"Demand":1,"DemandMax":null,"Value":30225},{"Length":119,"Height":253,"Demand":1,"DemandMax":null,"Value":30107},{"Length":140,"Height":215,"Demand":1,"DemandMax":null,"Value":30100},{"Length":202,"Height":149,"Demand":1,"DemandMax":null,"Value":30098},{"Length":125,"Height":240,"Demand":1,"DemandMax":null,"Value":30000},{"Length":114,"Height":263,"Demand":1,"DemandMax":null,"Value":29982},{"Length":275,"Height":109,"Demand":1,"DemandMax":null,"Value":29975},{"Length":236,"Height":127,"Demand":1,"DemandMax":null,"Value":29972},{"Length":103,"Height":290,"Demand":1,"DemandMax":null,"Value":29870},{"Length":253,"Height":118,"Demand":1,"DemandMax":null,"Value":29854},{"Length":279,"Height":107,"Demand":1,"DemandMax":null,"Value":29853},{"Length":142,"Height":210,"Demand":1,"DemandMax":null,"Value":29820},{"Length":115,"Height":259,"Demand":1,"DemandMax":null,"Value":29785},{"Length":126,"Height":236,"Demand":1,"DemandMax":null,"Value":29736},{"Length":252,"Height":118,"Demand":1,"DemandMax":null,"Value":29736},{"Length":220,"Height":135,"Demand":1,"DemandMax":null,"Value":29700},{"Length":190,"Height":156,"Demand":1,"DemandMax":null,"Value":29640},{"Length":169,"Height":175,"Demand":1,"DemandMax":null,"Value":29575},{"Length":158,"Height":187,"Demand":1,"DemandMax":null,"Value":29546},{"Length":140,"Height":211,"Demand":1,"DemandMax":null,"Value":29540},{"Length":122,"Height":242,"Demand":1,"DemandMax":null,"Value":29524},{"Length":152,"Height":194,"Demand":1,"DemandMax":null,"Value":29488},{"Length":231,"Height":127,"Demand":1,"DemandMax":null,"Value":29337},{"Length":122,"Height":240,"Demand":1,"DemandMax":null,"Value":29280},{"Length":130,"Height":224,"Demand":1,"DemandMax":null,"Value":29120},{"Length":112,"Height":260,"Demand":1,"DemandMax":null,"Value":29120},{"Length":136,"Height":214,"Demand":1,"DemandMax":null,"Value":29104},{"Length":119,"Height":244,"Demand":1,"DemandMax":null,"Value":29036},{"Length":162,"Height":179,"Demand":1,"DemandMax":null,"Value":28998},{"Length":151,"Height":192,"Demand":1,"DemandMax":null,"Value":28992},{"Length":180,"Height":161,"Demand":1,"DemandMax":null,"Value":28980},{"Length":154,"Height":188,"Demand":1,"DemandMax":null,"Value":28952},{"Length":108,"Height":268,"Demand":1,"DemandMax":null,"Value":28944},{"Length":159,"Height":182,"Demand":1,"DemandMax":null,"Value":28938},{"Length":237,"Height":122,"Demand":1,"DemandMax":null,"Value":28914},{"Length":219,"Height":132,"Demand":1,"DemandMax":null,"Value":28908},{"Length":242,"Height":119,"Demand":1,"DemandMax":null,"Value":28798},{"Length":246,"Height":117,"Demand":1,"DemandMax":null,"Value":28782},{"Length":218,"Height":132,"Demand":1,"DemandMax":null,"Value":28776},{"Length":188,"Height":153,"Demand":1,"DemandMax":null,"Value":28764},{"Length":197,"Height":146,"Demand":1,"DemandMax":null,"Value":28762},{"Length":166,"Height":173,"Demand":1,"DemandMax":null,"Value":28718},{"Length":226,"Height":127,"Demand":1,"DemandMax":null,"Value":28702},{"Length":287,"Height":100,"Demand":1,"DemandMax":null,"Value":28700},{"Length":211,"Height":136,"Demand":1,"DemandMax":null,"Value":28696},{"Length":131,"Height":219,"Demand":1,"DemandMax":null,"Value":28689},{"Length":119,"Height":241,"Demand":1,"DemandMax":null,"Value":28679},{"Length":123,"Height":233,"Demand":1,"DemandMax":null,"Value":28659},{"Length":225,"Height":127,"Demand":1,"DemandMax":null,"Value":28575},{"Length":118,"Height":242,"Demand":1,"DemandMax":null,"Value":28556},{"Length":244,"Height":117,"Demand":1,"DemandMax":null,"Value":28548},{"Length":228,"Height":125,"Demand":1,"DemandMax":null,"Value":28500},{"Length":263,"Height":108,"Demand":1,"DemandMax":null,"Value":28404},{"Length":169,"Height":168,"Demand":1,"DemandMax":null,"Value":28392},{"Length":144,"Height":197,"Demand":1,"DemandMax":null,"Value":28368},{"Length":275,"Height":103,"Demand":1,"DemandMax":null,"Value":28325},{"Length":146,"Height":194,"Demand":1,"DemandMax":null,"Value":28324},{"Length":223,"Height":127,"Demand":1,"DemandMax":null,"Value":28321},{"Length":100,"Height":283,"Demand":1,"DemandMax":null,"Value":28300},{"Length":102,"Height":277,"Demand":1,"DemandMax":null,"Value":28254},{"Length":105,"Height":269,"Demand":1,"DemandMax":null,"Value":28245},{"Length":109,"Height":259,"Demand":1,"DemandMax":null,"Value":28231},{"Length":166,"Height":170,"Demand":1,"DemandMax":null,"Value":28220},{"Length":185,"Height":152,"Demand":1,"DemandMax":null,"Value":28120},{"Length":160,"Height":175,"Demand":1,"DemandMax":null,"Value":28000},{"Length":176,"Height":159,"Demand":1,"DemandMax":null,"Value":27984},{"Length":120,"Height":233,"Demand":1,"DemandMax":null,"Value":27960},{"Length":208,"Height":134,"Demand":1,"DemandMax":null,"Value":27872},{"Length":159,"Height":175,"Demand":1,"DemandMax":null,"Value":27825},{"Length":147,"Height":189,"Demand":1,"DemandMax":null,"Value":27783},{"Length":224,"Height":124,"Demand":1,"DemandMax":null,"Value":27776},{"Length":155,"Height":179,"Demand":1,"DemandMax":null,"Value":27745},{"Length":171,"Height":162,"Demand":1,"DemandMax":null,"Value":27702},{"Length":227,"Height":122,"Demand":1,"DemandMax":null,"Value":27694},{"Length":148,"Height":187,"Demand":1,"DemandMax":null,"Value":27676},{"Length":131,"Height":211,"Demand":1,"DemandMax":null,"Value":27641},{"Length":151,"Height":183,"Demand":1,"DemandMax":null,"Value":27633},{"Length":118,"Height":234,"Demand":1,"DemandMax":null,"Value":27612},{"Length":149,"Height":185,"Demand":1,"DemandMax":null,"Value":27565},{"Length":227,"Height":121,"Demand":1,"DemandMax":null,"Value":27467},{"Length":112,"Height":245,"Demand":1,"DemandMax":null,"Value":27440},{"Length":165,"Height":166,"Demand":1,"DemandMax":null,"Value":27390},{"Length":129,"Height":212,"Demand":1,"DemandMax":null,"Value":27348},{"Length":134,"Height":204,"Demand":1,"DemandMax":null,"Value":27336},{"Length":112,"Height":244,"Demand":1,"DemandMax":null,"Value":27328},{"Length":122,"Height":224,"Demand":1,"DemandMax":null,"Value":27328},{"Length":115,"Height":237,"Demand":1,"DemandMax":null,"Value":27255},{"Length":189,"Height":144,"Demand":1,"DemandMax":null,"Value":27216},{"Length":172,"Height":158,"Demand":1,"DemandMax":null,"Value":27176},{"Length":192,"Height":141,"Demand":1,"DemandMax":null,"Value":27072},{"Length":260,"Height":104,"Demand":1,"DemandMax":null,"Value":27040},{"Length":156,"Height":173,"Demand":1,"DemandMax":null,"Value":26988},{"Length":121,"Height":223,"Demand":1,"DemandMax":null,"Value":26983},{"Length":252,"Height":107,"Demand":1,"DemandMax":null,"Value":26964},{"Length":182,"Height":148,"Demand":1,"DemandMax":null,"Value":26936},{"Length":176,"Height":153,"Demand":1,"DemandMax":null,"Value":26928},{"Length":247,"Height":109,"Demand":1,"DemandMax":null,"Value":26923},{"Length":249,"Height":108,"Demand":1,"DemandMax":null,"Value":26892},{"Length":146,"Height":184,"Demand":1,"DemandMax":null,"Value":26864},{"Length":131,"Height":205,"Demand":1,"DemandMax":null,"Value":26855},{"Length":218,"Height":123,"Demand":1,"DemandMax":null,"Value":26814},{"Length":230,"Height":116,"Demand":1,"DemandMax":null,"Value":26680},{"Length":226,"Height":118,"Demand":1,"DemandMax":null,"Value":26668},{"Length":213,"Height":125,"Demand":1,"DemandMax":null,"Value":26625},{"Length":190,"Height":140,"Demand":1,"DemandMax":null,"Value":26600},{"Length":146,"Height":182,"Demand":1,"DemandMax":null,"Value":26572},{"Length":164,"Height":162,"Demand":1,"DemandMax":null,"Value":26568},{"Length":130,"Height":204,"Demand":1,"DemandMax":null,"Value":26520},{"Length":232,"Height":114,"Demand":1,"DemandMax":null,"Value":26448},{"Length":181,"Height":146,"Demand":1,"DemandMax":null,"Value":26426},{"Length":102,"Height":259,"Demand":1,"DemandMax":null,"Value":26418},{"Length":183,"Height":144,"Demand":1,"DemandMax":null,"Value":26352},{"Length":246,"Height":107,"Demand":1,"DemandMax":null,"Value":26322},{"Length":146,"Height":180,"Demand":1,"DemandMax":null,"Value":26280},{"Length":124,"Height":211,"Demand":1,"DemandMax":null,"Value":26164},{"Length":131,"Height":199,"Demand":1,"DemandMax":null,"Value":26069},{"Length":122,"Height":213,"Demand":1,"DemandMax":null,"Value":25986},{"Length":247,"Height":105,"Demand":1,"DemandMax":null,"Value":25935},{"Length":192,"Height":135,"Demand":1,"DemandMax":null,"Value":25920},{"Length":149,"Height":173,"Demand":1,"DemandMax":null,"Value":25777},{"Length":206,"Height":125,"Demand":1,"DemandMax":null,"Value":25750},{"Length":117,"Height":220,"Demand":1,"DemandMax":null,"Value":25740},{"Length":247,"Height":104,"Demand":1,"DemandMax":null,"Value":25688},{"Length":229,"Height":112,"Demand":1,"DemandMax":null,"Value":25648},{"Length":103,"Height":249,"Demand":1,"DemandMax":null,"Value":25647},{"Length":223,"Height":115,"Demand":1,"DemandMax":null,"Value":25645},{"Length":149,"Height":172,"Demand":1,"DemandMax":null,"Value":25628},{"Length":148,"Height":173,"Demand":1,"DemandMax":null,"Value":25604},{"Length":139,"Height":184,"Demand":1,"DemandMax":null,"Value":25576},{"Length":113,"Height":225,"Demand":1,"DemandMax":null,"Value":25425},{"Length":223,"Height":114,"Demand":1,"DemandMax":null,"Value":25422},{"Length":179,"Height":142,"Demand":1,"DemandMax":null,"Value":25418},{"Length":172,"Height":147,"Demand":1,"DemandMax":null,"Value":25284},{"Length":168,"Height":150,"Demand":1,"DemandMax":null,"Value":25200},{"Length":108,"Height":233,"Demand":1,"DemandMax":null,"Value":25164},{"Length":122,"Height":206,"Demand":1,"DemandMax":null,"Value":25132},{"Length":191,"Height":131,"Demand":1,"DemandMax":null,"Value":25021},{"Length":242,"Height":103,"Demand":1,"DemandMax":null,"Value":24926},{"Length":140,"Height":178,"Demand":1,"DemandMax":null,"Value":24920},{"Length":100,"Height":249,"Demand":1,"DemandMax":null,"Value":24900},{"Length":102,"Height":244,"Demand":1,"DemandMax":null,"Value":24888},{"Length":133,"Height":187,"Demand":1,"DemandMax":null,"Value":24871},{"Length":197,"Height":126,"Demand":1,"DemandMax":null,"Value":24822},{"Length":121,"Height":205,"Demand":1,"DemandMax":null,"Value":24805},{"Length":152,"Height":162,"Demand":1,"DemandMax":null,"Value":24624},{"Length":100,"Height":246,"Demand":1,"DemandMax":null,"Value":24600},{"Length":148,"Height":166,"Demand":1,"DemandMax":null,"Value":24568},{"Length":168,"Height":146,"Demand":1,"DemandMax":null,"Value":24528},{"Length":206,"Height":119,"Demand":1,"DemandMax":null,"Value":24514},{"Length":233,"Height":105,"Demand":1,"DemandMax":null,"Value":24465},{"Length":186,"Height":131,"Demand":1,"DemandMax":null,"Value":24366},{"Length":114,"Height":213,"Demand":1,"DemandMax":null,"Value":24282},{"Length":146,"Height":166,"Demand":1,"DemandMax":null,"Value":24236},{"Length":103,"Height":235,"Demand":1,"DemandMax":null,"Value":24205},{"Length":109,"Height":222,"Demand":1,"DemandMax":null,"Value":24198},{"Length":195,"Height":124,"Demand":1,"DemandMax":null,"Value":24180},{"Length":150,"Height":161,"Demand":1,"DemandMax":null,"Value":24150},{"Length":227,"Height":106,"Demand":1,"DemandMax":null,"Value":24062},{"Length":119,"Height":202,"Demand":1,"DemandMax":null,"Value":24038},{"Length":115,"Height":209,"Demand":1,"DemandMax":null,"Value":24035},{"Length":233,"Height":103,"Demand":1,"DemandMax":null,"Value":23999},{"Length":137,"Height":175,"Demand":1,"DemandMax":null,"Value":23975},{"Length":126,"Height":190,"Demand":1,"DemandMax":null,"Value":23940},{"Length":105,"Height":228,"Demand":1,"DemandMax":null,"Value":23940},{"Length":119,"Height":201,"Demand":1,"DemandMax":null,"Value":23919},{"Length":232,"Height":103,"Demand":1,"DemandMax":null,"Value":23896},{"Length":110,"Height":217,"Demand":1,"DemandMax":null,"Value":23870},{"Length":149,"Height":160,"Demand":1,"DemandMax":null,"Value":23840},{"Length":133,"Height":179,"Demand":1,"DemandMax":null,"Value":23807},{"Length":222,"Height":107,"Demand":1,"DemandMax":null,"Value":23754},{"Length":123,"Height":192,"Demand":1,"DemandMax":null,"Value":23616},{"Length":126,"Height":187,"Demand":1,"DemandMax":null,"Value":23562},{"Length":212,"Height":111,"Demand":1,"DemandMax":null,"Value":23532},{"Length":202,"Height":116,"Demand":1,"DemandMax":null,"Value":23432},{"Length":165,"Height":142,"Demand":1,"DemandMax":null,"Value":23430},{"Length":128,"Height":183,"Demand":1,"DemandMax":null,"Value":23424},{"Length":225,"Height":104,"Demand":1,"DemandMax":null,"Value":23400},{"Length":218,"Height":107,"Demand":1,"DemandMax":null,"Value":23326},{"Length":222,"Height":105,"Demand":1,"DemandMax":null,"Value":23310},{"Length":204,"Height":114,"Demand":1,"DemandMax":null,"Value":23256},{"Length":197,"Height":118,"Demand":1,"DemandMax":null,"Value":23246},{"Length":155,"Height":149,"Demand":1,"DemandMax":null,"Value":23095},{"Length":111,"Height":208,"Demand":1,"DemandMax":null,"Value":23088},{"Length":183,"Height":126,"Demand":1,"DemandMax":null,"Value":23058},{"Length":100,"Height":230,"Demand":1,"DemandMax":null,"Value":23000},{"Length":124,"Height":185,"Demand":1,"DemandMax":null,"Value":22940},{"Length":155,"Height":148,"Demand":1,"DemandMax":null,"Value":22940},{"Length":117,"Height":196,"Demand":1,"DemandMax":null,"Value":22932},{"Length":120,"Height":191,"Demand":1,"DemandMax":null,"Value":22920},{"Length":158,"Height":145,"Demand":1,"DemandMax":null,"Value":22910},{"Length":164,"Height":139,"Demand":1,"DemandMax":null,"Value":22796},{"Length":101,"Height":225,"Demand":1,"DemandMax":null,"Value":22725},{"Length":214,"Height":106,"Demand":1,"DemandMax":null,"Value":22684},{"Length":108,"Height":210,"Demand":1,"DemandMax":null,"Value":22680},{"Length":187,"Height":121,"Demand":1,"DemandMax":null,"Value":22627},{"Length":202,"Height":112,"Demand":1,"DemandMax":null,"Value":22624},{"Length":133,"Height":170,"Demand":1,"DemandMax":null,"Value":22610},{"Length":109,"Height":207,"Demand":1,"DemandMax":null,"Value":22563},{"Length":123,"Height":183,"Demand":1,"DemandMax":null,"Value":22509},{"Length":150,"Height":150,"Demand":1,"DemandMax":null,"Value":22500},{"Length":216,"Height":104,"Demand":1,"DemandMax":null,"Value":22464},{"Length":103,"Height":218,"Demand":1,"DemandMax":null,"Value":22454},{"Length":143,"Height":156,"Demand":1,"DemandMax":null,"Value":22308},{"Length":166,"Height":134,"Demand":1,"DemandMax":null,"Value":22244},{"Length":139,"Height":160,"Demand":1,"DemandMax":null,"Value":22240},{"Length":118,"Height":188,"Demand":1,"DemandMax":null,"Value":22184},{"Length":154,"Height":144,"Demand":1,"DemandMax":null,"Value":22176},{"Length":180,"Height":123,"Demand":1,"DemandMax":null,"Value":22140},{"Length":125,"Height":177,"Demand":1,"DemandMax":null,"Value":22125},{"Length":170,"Height":130,"Demand":1,"DemandMax":null,"Value":22100},{"Length":107,"Height":206,"Demand":1,"DemandMax":null,"Value":22042},{"Length":198,"Height":111,"Demand":1,"DemandMax":null,"Value":21978},{"Length":133,"Height":165,"Demand":1,"DemandMax":null,"Value":21945},{"Length":215,"Height":102,"Demand":1,"DemandMax":null,"Value":21930},{"Length":166,"Height":132,"Demand":1,"DemandMax":null,"Value":21912},{"Length":145,"Height":151,"Demand":1,"DemandMax":null,"Value":21895},{"Length":206,"Height":106,"Demand":1,"DemandMax":null,"Value":21836},{"Length":118,"Height":184,"Demand":1,"DemandMax":null,"Value":21712},{"Length":138,"Height":157,"Demand":1,"DemandMax":null,"Value":21666},{"Length":170,"Height":127,"Demand":1,"DemandMax":null,"Value":21590},{"Length":140,"Height":154,"Demand":1,"DemandMax":null,"Value":21560},{"Length":169,"Height":127,"Demand":1,"DemandMax":null,"Value":21463},{"Length":214,"Height":100,"Demand":1,"DemandMax":null,"Value":21400},{"Length":200,"Height":107,"Demand":1,"DemandMax":null,"Value":21400},{"Length":120,"Height":178,"Demand":1,"DemandMax":null,"Value":21360},{"Length":122,"Height":175,"Demand":1,"DemandMax":null,"Value":21350},{"Length":101,"Height":210,"Demand":1,"DemandMax":null,"Value":21210},{"Length":143,"Height":147,"Demand":1,"DemandMax":null,"Value":21021},{"Length":158,"Height":133,"Demand":1,"DemandMax":null,"Value":21014},{"Length":150,"Height":140,"Demand":1,"DemandMax":null,"Value":21000},{"Length":184,"Height":114,"Demand":1,"DemandMax":null,"Value":20976},{"Length":109,"Height":192,"Demand":1,"DemandMax":null,"Value":20928},{"Length":190,"Height":110,"Demand":1,"DemandMax":null,"Value":20900},{"Length":129,"Height":162,"Demand":1,"DemandMax":null,"Value":20898},{"Length":153,"Height":136,"Demand":1,"DemandMax":null,"Value":20808},{"Length":165,"Height":126,"Demand":1,"DemandMax":null,"Value":20790},{"Length":118,"Height":176,"Demand":1,"DemandMax":null,"Value":20768},{"Length":187,"Height":111,"Demand":1,"DemandMax":null,"Value":20757},{"Length":192,"Height":108,"Demand":1,"DemandMax":null,"Value":20736},{"Length":150,"Height":138,"Demand":1,"DemandMax":null,"Value":20700},{"Length":158,"Height":131,"Demand":1,"DemandMax":null,"Value":20698},{"Length":178,"Height":116,"Demand":1,"DemandMax":null,"Value":20648},{"Length":122,"Height":169,"Demand":1,"DemandMax":null,"Value":20618},{"Length":105,"Height":196,"Demand":1,"DemandMax":null,"Value":20580},{"Length":132,"Height":155,"Demand":1,"DemandMax":null,"Value":20460},{"Length":157,"Height":130,"Demand":1,"DemandMax":null,"Value":20410},{"Length":102,"Height":200,"Demand":1,"DemandMax":null,"Value":20400},{"Length":145,"Height":140,"Demand":1,"DemandMax":null,"Value":20300},{"Length":154,"Height":131,"Demand":1,"DemandMax":null,"Value":20174},{"Length":128,"Height":157,"Demand":1,"DemandMax":null,"Value":20096},{"Length":133,"Height":151,"Demand":1,"DemandMax":null,"Value":20083},{"Length":184,"Height":109,"Demand":1,"DemandMax":null,"Value":20056},{"Length":161,"Height":124,"Demand":1,"DemandMax":null,"Value":19964},{"Length":127,"Height":156,"Demand":1,"DemandMax":null,"Value":19812},{"Length":195,"Height":101,"Demand":1,"DemandMax":null,"Value":19695},{"Length":148,"Height":133,"Demand":1,"DemandMax":null,"Value":19684},{"Length":185,"Height":106,"Demand":1,"DemandMax":null,"Value":19610},{"Length":129,"Height":152,"Demand":1,"DemandMax":null,"Value":19608},{"Length":118,"Height":166,"Demand":1,"DemandMax":null,"Value":19588},{"Length":170,"Height":114,"Demand":1,"DemandMax":null,"Value":19380},{"Length":140,"Height":138,"Demand":1,"DemandMax":null,"Value":19320},{"Length":152,"Height":127,"Demand":1,"DemandMax":null,"Value":19304},{"Length":109,"Height":177,"Demand":1,"DemandMax":null,"Value":19293},{"Length":142,"Height":135,"Demand":1,"DemandMax":null,"Value":19170},{"Length":189,"Height":101,"Demand":1,"DemandMax":null,"Value":19089},{"Length":108,"Height":176,"Demand":1,"DemandMax":null,"Value":19008},{"Length":130,"Height":146,"Demand":1,"DemandMax":null,"Value":18980},{"Length":186,"Height":102,"Demand":1,"DemandMax":null,"Value":18972},{"Length":166,"Height":114,"Demand":1,"DemandMax":null,"Value":18924},{"Length":178,"Height":106,"Demand":1,"DemandMax":null,"Value":18868},{"Length":148,"Height":127,"Demand":1,"DemandMax":null,"Value":18796},{"Length":135,"Height":139,"Demand":1,"DemandMax":null,"Value":18765},{"Length":164,"Height":114,"Demand":1,"DemandMax":null,"Value":18696},{"Length":139,"Height":134,"Demand":1,"DemandMax":null,"Value":18626},{"Length":140,"Height":133,"Demand":1,"DemandMax":null,"Value":18620},{"Length":111,"Height":167,"Demand":1,"DemandMax":null,"Value":18537},{"Length":153,"Height":121,"Demand":1,"DemandMax":null,"Value":18513},{"Length":178,"Height":104,"Demand":1,"DemandMax":null,"Value":18512},{"Length":107,"Height":173,"Demand":1,"DemandMax":null,"Value":18511},{"Length":136,"Height":136,"Demand":1,"DemandMax":null,"Value":18496},{"Length":110,"Height":166,"Demand":1,"DemandMax":null,"Value":18260},{"Length":136,"Height":133,"Demand":1,"DemandMax":null,"Value":18088},{"Length":130,"Height":139,"Demand":1,"DemandMax":null,"Value":18070},{"Length":112,"Height":161,"Demand":1,"DemandMax":null,"Value":18032},{"Length":150,"Height":120,"Demand":1,"DemandMax":null,"Value":18000},{"Length":127,"Height":141,"Demand":1,"DemandMax":null,"Value":17907},{"Length":153,"Height":117,"Demand":1,"DemandMax":null,"Value":17901},{"Length":107,"Height":166,"Demand":1,"DemandMax":null,"Value":17762},{"Length":105,"Height":169,"Demand":1,"DemandMax":null,"Value":17745},{"Length":121,"Height":146,"Demand":1,"DemandMax":null,"Value":17666},{"Length":124,"Height":142,"Demand":1,"DemandMax":null,"Value":17608},{"Length":106,"Height":166,"Demand":1,"DemandMax":null,"Value":17596},{"Length":105,"Height":167,"Demand":1,"DemandMax":null,"Value":17535},{"Length":147,"Height":119,"Demand":1,"DemandMax":null,"Value":17493},{"Length":131,"Height":133,"Demand":1,"DemandMax":null,"Value":17423},{"Length":104,"Height":167,"Demand":1,"DemandMax":null,"Value":17368},{"Length":168,"Height":103,"Demand":1,"DemandMax":null,"Value":17304},{"Length":130,"Height":133,"Demand":1,"DemandMax":null,"Value":17290},{"Length":135,"Height":128,"Demand":1,"DemandMax":null,"Value":17280},{"Length":119,"Height":145,"Demand":1,"DemandMax":null,"Value":17255},{"Length":104,"Height":164,"Demand":1,"DemandMax":null,"Value":17056},{"Length":168,"Height":101,"Demand":1,"DemandMax":null,"Value":16968},{"Length":106,"Height":160,"Demand":1,"DemandMax":null,"Value":16960},{"Length":164,"Height":103,"Demand":1,"DemandMax":null,"Value":16892},{"Length":134,"Height":126,"Demand":1,"DemandMax":null,"Value":16884},{"Length":132,"Height":127,"Demand":1,"DemandMax":null,"Value":16764},{"Length":121,"Height":138,"Demand":1,"DemandMax":null,"Value":16698},{"Length":118,"Height":137,"Demand":1,"DemandMax":null,"Value":16166},{"Length":153,"Height":104,"Demand":1,"DemandMax":null,"Value":15912},{"Length":123,"Height":129,"Demand":1,"DemandMax":null,"Value":15867},{"Length":111,"Height":142,"Demand":1,"DemandMax":null,"Value":15762},{"Length":128,"Height":123,"Demand":1,"DemandMax":null,"Value":15744},{"Length":119,"Height":132,"Demand":1,"DemandMax":null,"Value":15708},{"Length":106,"Height":147,"Demand":1,"DemandMax":null,"Value":15582},{"Length":142,"Height":109,"Demand":1,"DemandMax":null,"Value":15478},{"Length":146,"Height":105,"Demand":1,"DemandMax":null,"Value":15330},{"Length":100,"Height":153,"Demand":1,"DemandMax":null,"Value":15300},{"Length":133,"Height":115,"Demand":1,"DemandMax":null,"Value":15295},{"Length":123,"Height":124,"Demand":1,"DemandMax":null,"Value":15252},{"Length":100,"Height":152,"Demand":1,"DemandMax":null,"Value":15200},{"Length":116,"Height":131,"Demand":1,"DemandMax":null,"Value":15196},{"Length":120,"Height":126,"Demand":1,"DemandMax":null,"Value":15120},{"Length":100,"Height":151,"Demand":1,"DemandMax":null,"Value":15100},{"Length":139,"Height":107,"Demand":1,"DemandMax":null,"Value":14873},{"Length":118,"Height":126,"Demand":1,"DemandMax":null,"Value":14868},{"Length":116,"Height":128,"Demand":1,"DemandMax":null,"Value":14848},{"Length":106,"Height":140,"Demand":1,"DemandMax":null,"Value":14840},{"Length":129,"Height":115,"Demand":1,"DemandMax":null,"Value":14835},{"Length":108,"Height":134,"Demand":1,"DemandMax":null,"Value":14472},{"Length":109,"Height":132,"Demand":1,"DemandMax":null,"Value":14388},{"Length":139,"Height":102,"Demand":1,"DemandMax":null,"Value":14178},{"Length":109,"Height":130,"Demand":1,"DemandMax":null,"Value":14170},{"Length":100,"Height":141,"Demand":1,"DemandMax":null,"Value":14100},{"Length":122,"Height":115,"Demand":1,"DemandMax":null,"Value":14030},{"Length":128,"Height":109,"Demand":1,"DemandMax":null,"Value":13952},{"Length":135,"Height":103,"Demand":1,"DemandMax":null,"Value":13905},{"Length":128,"Height":108,"Demand":1,"DemandMax":null,"Value":13824},{"Length":107,"Height":129,"Demand":1,"DemandMax":null,"Value":13803},{"Length":122,"Height":113,"Demand":1,"DemandMax":null,"Value":13786},{"Length":111,"Height":124,"Demand":1,"DemandMax":null,"Value":13764},{"Length":116,"Height":116,"Demand":1,"DemandMax":null,"Value":13456},{"Length":121,"Height":108,"Demand":1,"DemandMax":null,"Value":13068},{"Length":105,"Height":124,"Demand":1,"DemandMax":null,"Value":13020},{"Length":111,"Height":117,"Demand":1,"DemandMax":null,"Value":12987},{"Length":105,"Height":121,"Demand":1,"DemandMax":null,"Value":12705},{"Length":113,"Height":112,"Demand":1,"DemandMax":null,"Value":12656},{"Length":111,"Height":114,"Demand":1,"DemandMax":null,"Value":12654},{"Length":114,"Height":110,"Demand":1,"DemandMax":null,"Value":12540},{"Length":105,"Height":117,"Demand":1,"DemandMax":null,"Value":12285},{"Length":104,"Height":118,"Demand":1,"DemandMax":null,"Value":12272},{"Length":100,"Height":122,"Demand":1,"DemandMax":null,"Value":12200},{"Length":105,"Height":115,"Demand":1,"DemandMax":null,"Value":12075},{"Length":117,"Height":102,"Demand":1,"DemandMax":null,"Value":11934},{"Length":116,"Height":100,"Demand":1,"DemandMax":null,"Value":11600}]}