{"Name":"AH136","Objects":[{"Length":1000,"Height":39098,"Stock":null,"Cost":39098000}],"Items":[{"Length":285,"Height":295,"Demand":10,"DemandMax":null,"Value":84075},{"Length":265,"Height":279,"Demand":10,"DemandMax":null,"Value":73935},{"Length":265,"Height":264,"Demand":10,"DemandMax":null,"Value":69960},{"Length":289,"Height":236,"Demand":10,"DemandMax":null,"Value":68204},{"Length":264,"Height":257,"Demand":10,"DemandMax":null,"Value":67848},{"Length":253,"Height":268,"Demand":10,"DemandMax":null,"Value":67804},{"Length":234,"Height":283,"Demand":10,"DemandMax":null,"Value":66222},{"Length":220,"Height":292,"Demand":10,"DemandMax":null,"Value":64240},{"Length":248,"Height":259,"Demand":10,"DemandMax":null,"Value":64232},{"Length":287,"Height":220,"Demand":10,"DemandMax":null,"Value":63140},{"Length":220,"Height":286,"Demand":10,"DemandMax":null,"Value":62920},{"Length":287,"Height":219,"Demand":10,"DemandMax":null,"Value":62853},{"Length":277,"Height":225,"Demand":10,"DemandMax":null,"Value":62325},{"Length":266,"Height":226,"Demand":10,"DemandMax":null,"Value":60116},{"Length":273,"Height":220,"Demand":10,"DemandMax":null,"Value":60060},{"Length":270,"Height":222,"Demand":10,"DemandMax":null,"Value":59940},{"Length":199,"Height":298,"Demand":10,"DemandMax":null,"Value":59302},{"Length":250,"Height":233,"Demand":10,"DemandMax":null,"Value":58250},{"Length":212,"Height":268,"Demand":10,"DemandMax":null,"Value":56816},{"Length":276,"Height":203,"Demand":10,"DemandMax":null,"Value":56028},{"Length":260,"Height":213,"Demand":10,"DemandMax":null,"Value":55380},{"Length":198,"Height":268,"Demand":10,"DemandMax":null,"Value":53064},{"Length":210,"Height":245,"Demand":10,"DemandMax":null,"Value":51450},{"Length":258,"Height":197,"Demand":10,"DemandMax":null,"Value":50826},{"Length":185,"Height":274,"Demand":10,"DemandMax":null,"Value":50690},{"Length":273,"Height":180,"Demand":10,"DemandMax":null,"Value":49140},{"Length":258,"Height":186,"Demand":10,"DemandMax":null,"Value":47988},{"Length":220,"Height":218,"Demand":10,"DemandMax":null,"Value":47960},{"Length":172,"Height":278,"Demand":10,"DemandMax":null,"Value":47816},{"Length":289,"Height":162,"Demand":10,"DemandMax":null,"Value":46818},{"Length":177,"Height":260,"Demand":10,"DemandMax":null,"Value":46020},{"Length":266,"Height":172,"Demand":10,"DemandMax":null,"Value":45752},{"Length":233,"Height":196,"Demand":10,"DemandMax":null,"Value":45668},{"Length":279,"Height":162,"Demand":10,"DemandMax":null,"Value":45198},{"Length":182,"Height":246,"Demand":10,"DemandMax":null,"Value":44772},{"Length":255,"Height":171,"Demand":10,"DemandMax":null,"Value":43605},{"Length":292,"Height":146,"Demand":10,"DemandMax":null,"Value":42632},{"Length":149,"Height":277,"Demand":10,"DemandMax":null,"Value":41273},{"Length":178,"Height":227,"Demand":10,"DemandMax":null,"Value":40406},{"Length":204,"Height":198,"Demand":10,"DemandMax":null,"Value":40392},{"Length":185,"Height":214,"Demand":10,"DemandMax":null,"Value":39590},{"Length":141,"Height":269,"Demand":10,"DemandMax":null,"Value":37929},{"Length":227,"Height":167,"Demand":10,"DemandMax":null,"Value":37909},{"Length":195,"Height":194,"Demand":10,"DemandMax":null,"Value":37830},{"Length":134,"Height":281,"Demand":10,"DemandMax":null,"Value":37654},{"Length":133,"Height":283,"Demand":10,"DemandMax":null,"Value":37639},{"Length":270,"Height":139,"Demand":10,"DemandMax":null,"Value":37530},{"Length":123,"Height":298,"Demand":10,"DemandMax":null,"Value":36654},{"Length":248,"Height":147,"Demand":10,"DemandMax":null,"Value":36456},{"Length":167,"Height":216,"Demand":10,"DemandMax":null,"Value":36072},{"Length":184,"Height":194,"Demand":10,"DemandMax":null,"Value":35696},{"Length":147,"Height":242,"Demand":10,"DemandMax":null,"Value":35574},{"Length":152,"Height":233,"Demand":10,"DemandMax":null,"Value":35416},{"Length":235,"Height":150,"Demand":10,"DemandMax":null,"Value":35250},{"Length":291,"Height":120,"Demand":10,"DemandMax":null,"Value":34920},{"Length":277,"Height":124,"Demand":10,"DemandMax":null,"Value":34348},{"Length":197,"Height":172,"Demand":10,"DemandMax":null,"Value":33884},{"Length":144,"Height":230,"Demand":10,"DemandMax":null,"Value":33120},{"Length":256,"Height":129,"Demand":10,"DemandMax":null,"Value":33024},{"Length":180,"Height":182,"Demand":10,"DemandMax":null,"Value":32760},{"Length":256,"Height":125,"Demand":10,"DemandMax":null,"Value":32000},{"Length":115,"Height":278,"Demand":10,"DemandMax":null,"Value":31970},{"Length":262,"Height":121,"Demand":10,"DemandMax":null,"Value":31702},{"Length":118,"Height":263,"Demand":10,"DemandMax":null,"Value":31034},{"Length":115,"Height":263,"Demand":10,"DemandMax":null,"Value":30245},{"Length":287,"Height":104,"Demand":10,"DemandMax":null,"Value":29848},{"Length":173,"Height":171,"Demand":10,"DemandMax":null,"Value":29583},{"Length":238,"Height":124,"Demand":10,"DemandMax":null,"Value":29512},{"Length":128,"Height":229,"Demand":10,"DemandMax":null,"Value":29312},{"Length":185,"Height":158,"Demand":10,"DemandMax":null,"Value":29230},{"Length":101,"Height":283,"Demand":10,"DemandMax":null,"Value":28583},{"Length":242,"Height":118,"Demand":10,"DemandMax":null,"Value":28556},{"Length":274,"Height":103,"Demand":10,"DemandMax":null,"Value":28222},{"Length":210,"Height":128,"Demand":10,"DemandMax":null,"Value":26880},{"Length":106,"Height":251,"Demand":10,"DemandMax":null,"Value":26606},{"Length":112,"Height":234,"Demand":10,"DemandMax":null,"Value":26208},{"Length":172,"Height":150,"Demand":10,"DemandMax":null,"Value":25800},{"Length":242,"Height":105,"Demand":10,"DemandMax":null,"Value":25410},{"Length":114,"Height":220,"Demand":10,"DemandMax":null,"Value":25080},{"Length":114,"Height":217,"Demand":10,"DemandMax":null,"Value":24738},{"Length":198,"Height":122,"Demand":10,"DemandMax":null,"Value":24156},{"Length":114,"Height":207,"Demand":10,"DemandMax":null,"Value":23598},{"Length":113,"Height":208,"Demand":10,"DemandMax":null,"Value":23504},{"Length":145,"Height":158,"Demand":10,"DemandMax":null,"Value":22910},{"Length":156,"Height":146,"Demand":10,"DemandMax":null,"Value":22776},{"Length":159,"Height":140,"Demand":10,"DemandMax":null,"Value":22260},{"Length":146,"Height":152,"Demand":10,"DemandMax":null,"Value":22192},{"Length":182,"Height":121,"Demand":10,"DemandMax":null,"Value":22022},{"Length":202,"Height":105,"Demand":10,"DemandMax":null,"Value":21210},{"Length":142,"Height":149,"Demand":10,"DemandMax":null,"Value":21158},{"Length":126,"Height":153,"Demand":10,"DemandMax":null,"Value":19278},{"Length":136,"Height":139,"Demand":10,"DemandMax":null,"Value":18904},{"Length":164,"Height":107,"Demand":10,"DemandMax":null,"Value":17548},{"Length":126,"Height":139,"Demand":10,"DemandMax":null,"Value":17514},{"Length":100,"Height":169,"Demand":10,"DemandMax":null,"Value":16900},{"Length":119,"Height":142,"Demand":10,"DemandMax":null,"Value":16898},{"Length":161,"Height":104,"Demand":10,"DemandMax":null,"Value":16744},{"Length":139,"Height":120,"Demand":10,"DemandMax":null,"Value":16680},{"Length":124,"Height":120,"Demand":10,"DemandMax":null,"Value":14880},{"Length":137,"Height":100,"Demand":10,"DemandMax":null,"Value":13700}]}