{"Name":"AH253","Objects":[{"Length":1000,"Height":40620,"Stock":null,"Cost":40620000}],"Items":[{"Length":295,"Height":296,"Demand":1,"DemandMax":null,"Value":87320},{"Length":294,"Height":294,"Demand":1,"DemandMax":null,"Value":86436},{"Length":298,"Height":288,"Demand":1,"DemandMax":null,"Value":85824},{"Length":296,"Height":285,"Demand":1,"DemandMax":null,"Value":84360},{"Length":289,"Height":291,"Demand":1,"DemandMax":null,"Value":84099},{"Length":295,"Height":285,"Demand":1,"DemandMax":null,"Value":84075},{"Length":290,"Height":288,"Demand":1,"DemandMax":null,"Value":83520},{"Length":291,"Height":285,"Demand":1,"DemandMax":null,"Value":82935},{"Length":278,"Height":297,"Demand":1,"DemandMax":null,"Value":82566},{"Length":300,"Height":275,"Demand":1,"DemandMax":null,"Value":82500},{"Length":292,"Height":282,"Demand":1,"DemandMax":null,"Value":82344},{"Length":278,"Height":296,"Demand":1,"DemandMax":null,"Value":82288},{"Length":282,"Height":291,"Demand":1,"DemandMax":null,"Value":82062},{"Length":293,"Height":278,"Demand":1,"DemandMax":null,"Value":81454},{"Length":280,"Height":290,"Demand":1,"DemandMax":null,"Value":81200},{"Length":282,"Height":287,"Demand":1,"DemandMax":null,"Value":80934},{"Length":295,"Height":272,"Demand":1,"DemandMax":null,"Value":80240},{"Length":293,"Height":272,"Demand":1,"DemandMax":null,"Value":79696},{"Length":298,"Height":267,"Demand":1,"DemandMax":null,"Value":79566},{"Length":285,"Height":279,"Demand":1,"DemandMax":null,"Value":79515},{"Length":282,"Height":281,"Demand":1,"DemandMax":null,"Value":79242},{"Length":263,"Height":300,"Demand":1,"DemandMax":null,"Value":78900},{"Length":266,"Height":296,"Demand":1,"DemandMax":null,"Value":78736},{"Length":282,"Height":278,"Demand":1,"DemandMax":null,"Value":78396},{"Length":266,"Height":294,"Demand":1,"DemandMax":null,"Value":78204},{"Length":271,"Height":288,"Demand":1,"DemandMax":null,"Value":78048},{"Length":259,"Height":299,"Demand":1,"DemandMax":null,"Value":77441},{"Length":261,"Height":294,"Demand":1,"DemandMax":null,"Value":76734},{"Length":291,"Height":263,"Demand":1,"DemandMax":null,"Value":76533},{"Length":268,"Height":284,"Demand":1,"DemandMax":null,"Value":76112},{"Length":282,"Height":268,"Demand":1,"DemandMax":null,"Value":75576},{"Length":267,"Height":281,"Demand":1,"DemandMax":null,"Value":75027},{"Length":249,"Height":299,"Demand":1,"DemandMax":null,"Value":74451},{"Length":260,"Height":286,"Demand":1,"DemandMax":null,"Value":74360},{"Length":288,"Height":258,"Demand":1,"DemandMax":null,"Value":74304},{"Length":280,"Height":265,"Demand":1,"DemandMax":null,"Value":74200},{"Length":257,"Height":287,"Demand":1,"DemandMax":null,"Value":73759},{"Length":297,"Height":248,"Demand":1,"DemandMax":null,"Value":73656},{"Length":277,"Height":265,"Demand":1,"DemandMax":null,"Value":73405},{"Length":260,"Height":282,"Demand":1,"DemandMax":null,"Value":73320},{"Length":245,"Height":299,"Demand":1,"DemandMax":null,"Value":73255},{"Length":293,"Height":250,"Demand":1,"DemandMax":null,"Value":73250},{"Length":265,"Height":275,"Demand":1,"DemandMax":null,"Value":72875},{"Length":246,"Height":296,"Demand":1,"DemandMax":null,"Value":72816},{"Length":249,"Height":291,"Demand":1,"DemandMax":null,"Value":72459},{"Length":243,"Height":297,"Demand":1,"DemandMax":null,"Value":72171},{"Length":296,"Height":243,"Demand":1,"DemandMax":null,"Value":71928},{"Length":269,"Height":267,"Demand":1,"DemandMax":null,"Value":71823},{"Length":243,"Height":295,"Demand":1,"DemandMax":null,"Value":71685},{"Length":254,"Height":279,"Demand":1,"DemandMax":null,"Value":70866},{"Length":300,"Height":236,"Demand":1,"DemandMax":null,"Value":70800},{"Length":266,"Height":266,"Demand":1,"DemandMax":null,"Value":70756},{"Length":261,"Height":269,"Demand":1,"DemandMax":null,"Value":70209},{"Length":269,"Height":260,"Demand":1,"DemandMax":null,"Value":69940},{"Length":288,"Height":242,"Demand":1,"DemandMax":null,"Value":69696},{"Length":300,"Height":232,"Demand":1,"DemandMax":null,"Value":69600},{"Length":275,"Height":253,"Demand":1,"DemandMax":null,"Value":69575},{"Length":300,"Height":231,"Demand":1,"DemandMax":null,"Value":69300},{"Length":241,"Height":287,"Demand":1,"DemandMax":null,"Value":69167},{"Length":267,"Height":259,"Demand":1,"DemandMax":null,"Value":69153},{"Length":252,"Height":274,"Demand":1,"DemandMax":null,"Value":69048},{"Length":276,"Height":250,"Demand":1,"DemandMax":null,"Value":69000},{"Length":241,"Height":286,"Demand":1,"DemandMax":null,"Value":68926},{"Length":257,"Height":268,"Demand":1,"DemandMax":null,"Value":68876},{"Length":245,"Height":281,"Demand":1,"DemandMax":null,"Value":68845},{"Length":290,"Height":237,"Demand":1,"DemandMax":null,"Value":68730},{"Length":232,"Height":296,"Demand":1,"DemandMax":null,"Value":68672},{"Length":278,"Height":247,"Demand":1,"DemandMax":null,"Value":68666},{"Length":247,"Height":277,"Demand":1,"DemandMax":null,"Value":68419},{"Length":253,"Height":270,"Demand":1,"DemandMax":null,"Value":68310},{"Length":288,"Height":237,"Demand":1,"DemandMax":null,"Value":68256},{"Length":265,"Height":257,"Demand":1,"DemandMax":null,"Value":68105},{"Length":253,"Height":269,"Demand":1,"DemandMax":null,"Value":68057},{"Length":232,"Height":293,"Demand":1,"DemandMax":null,"Value":67976},{"Length":237,"Height":286,"Demand":1,"DemandMax":null,"Value":67782},{"Length":270,"Height":250,"Demand":1,"DemandMax":null,"Value":67500},{"Length":300,"Height":225,"Demand":1,"DemandMax":null,"Value":67500},{"Length":274,"Height":246,"Demand":1,"DemandMax":null,"Value":67404},{"Length":275,"Height":245,"Demand":1,"DemandMax":null,"Value":67375},{"Length":226,"Height":298,"Demand":1,"DemandMax":null,"Value":67348},{"Length":225,"Height":299,"Demand":1,"DemandMax":null,"Value":67275},{"Length":280,"Height":240,"Demand":1,"DemandMax":null,"Value":67200},{"Length":268,"Height":250,"Demand":1,"DemandMax":null,"Value":67000},{"Length":231,"Height":289,"Demand":1,"DemandMax":null,"Value":66759},{"Length":299,"Height":223,"Demand":1,"DemandMax":null,"Value":66677},{"Length":237,"Height":281,"Demand":1,"DemandMax":null,"Value":66597},{"Length":290,"Height":229,"Demand":1,"DemandMax":null,"Value":66410},{"Length":299,"Height":222,"Demand":1,"DemandMax":null,"Value":66378},{"Length":281,"Height":236,"Demand":1,"DemandMax":null,"Value":66316},{"Length":255,"Height":260,"Demand":1,"DemandMax":null,"Value":66300},{"Length":264,"Height":251,"Demand":1,"DemandMax":null,"Value":66264},{"Length":238,"Height":278,"Demand":1,"DemandMax":null,"Value":66164},{"Length":221,"Height":299,"Demand":1,"DemandMax":null,"Value":66079},{"Length":257,"Height":257,"Demand":1,"DemandMax":null,"Value":66049},{"Length":276,"Height":239,"Demand":1,"DemandMax":null,"Value":65964},{"Length":288,"Height":229,"Demand":1,"DemandMax":null,"Value":65952},{"Length":232,"Height":284,"Demand":1,"DemandMax":null,"Value":65888},{"Length":295,"Height":223,"Demand":1,"DemandMax":null,"Value":65785},{"Length":230,"Height":286,"Demand":1,"DemandMax":null,"Value":65780},{"Length":227,"Height":289,"Demand":1,"DemandMax":null,"Value":65603},{"Length":243,"Height":269,"Demand":1,"DemandMax":null,"Value":65367},{"Length":227,"Height":287,"Demand":1,"DemandMax":null,"Value":65149},{"Length":270,"Height":241,"Demand":1,"DemandMax":null,"Value":65070},{"Length":222,"Height":293,"Demand":1,"DemandMax":null,"Value":65046},{"Length":216,"Height":299,"Demand":1,"DemandMax":null,"Value":64584},{"Length":287,"Height":225,"Demand":1,"DemandMax":null,"Value":64575},{"Length":293,"Height":220,"Demand":1,"DemandMax":null,"Value":64460},{"Length":250,"Height":257,"Demand":1,"DemandMax":null,"Value":64250},{"Length":235,"Height":273,"Demand":1,"DemandMax":null,"Value":64155},{"Length":243,"Height":264,"Demand":1,"DemandMax":null,"Value":64152},{"Length":225,"Height":285,"Demand":1,"DemandMax":null,"Value":64125},{"Length":234,"Height":274,"Demand":1,"DemandMax":null,"Value":64116},{"Length":220,"Height":291,"Demand":1,"DemandMax":null,"Value":64020},{"Length":299,"Height":214,"Demand":1,"DemandMax":null,"Value":63986},{"Length":230,"Height":278,"Demand":1,"DemandMax":null,"Value":63940},{"Length":244,"Height":262,"Demand":1,"DemandMax":null,"Value":63928},{"Length":297,"Height":215,"Demand":1,"DemandMax":null,"Value":63855},{"Length":288,"Height":221,"Demand":1,"DemandMax":null,"Value":63648},{"Length":213,"Height":298,"Demand":1,"DemandMax":null,"Value":63474},{"Length":212,"Height":299,"Demand":1,"DemandMax":null,"Value":63388},{"Length":244,"Height":259,"Demand":1,"DemandMax":null,"Value":63196},{"Length":227,"Height":278,"Demand":1,"DemandMax":null,"Value":63106},{"Length":264,"Height":239,"Demand":1,"DemandMax":null,"Value":63096},{"Length":299,"Height":210,"Demand":1,"DemandMax":null,"Value":62790},{"Length":250,"Height":251,"Demand":1,"DemandMax":null,"Value":62750},{"Length":248,"Height":253,"Demand":1,"DemandMax":null,"Value":62744},{"Length":236,"Height":265,"Demand":1,"DemandMax":null,"Value":62540},{"Length":239,"Height":261,"Demand":1,"DemandMax":null,"Value":62379},{"Length":245,"Height":254,"Demand":1,"DemandMax":null,"Value":62230},{"Length":284,"Height":219,"Demand":1,"DemandMax":null,"Value":62196},{"Length":282,"Height":220,"Demand":1,"DemandMax":null,"Value":62040},{"Length":289,"Height":214,"Demand":1,"DemandMax":null,"Value":61846},{"Length":255,"Height":242,"Demand":1,"DemandMax":null,"Value":61710},{"Length":240,"Height":257,"Demand":1,"DemandMax":null,"Value":61680},{"Length":262,"Height":235,"Demand":1,"DemandMax":null,"Value":61570},{"Length":236,"Height":259,"Demand":1,"DemandMax":null,"Value":61124},{"Length":245,"Height":249,"Demand":1,"DemandMax":null,"Value":61005},{"Length":271,"Height":224,"Demand":1,"DemandMax":null,"Value":60704},{"Length":280,"Height":216,"Demand":1,"DemandMax":null,"Value":60480},{"Length":221,"Height":273,"Demand":1,"DemandMax":null,"Value":60333},{"Length":219,"Height":275,"Demand":1,"DemandMax":null,"Value":60225},{"Length":215,"Height":280,"Demand":1,"DemandMax":null,"Value":60200},{"Length":207,"Height":290,"Demand":1,"DemandMax":null,"Value":60030},{"Length":229,"Height":262,"Demand":1,"DemandMax":null,"Value":59998},{"Length":300,"Height":199,"Demand":1,"DemandMax":null,"Value":59700},{"Length":226,"Height":264,"Demand":1,"DemandMax":null,"Value":59664},{"Length":203,"Height":293,"Demand":1,"DemandMax":null,"Value":59479},{"Length":239,"Height":248,"Demand":1,"DemandMax":null,"Value":59272},{"Length":216,"Height":274,"Demand":1,"DemandMax":null,"Value":59184},{"Length":275,"Height":215,"Demand":1,"DemandMax":null,"Value":59125},{"Length":203,"Height":291,"Demand":1,"DemandMax":null,"Value":59073},{"Length":232,"Height":254,"Demand":1,"DemandMax":null,"Value":58928},{"Length":230,"Height":256,"Demand":1,"DemandMax":null,"Value":58880},{"Length":276,"Height":213,"Demand":1,"DemandMax":null,"Value":58788},{"Length":253,"Height":232,"Demand":1,"DemandMax":null,"Value":58696},{"Length":270,"Height":217,"Demand":1,"DemandMax":null,"Value":58590},{"Length":280,"Height":208,"Demand":1,"DemandMax":null,"Value":58240},{"Length":288,"Height":202,"Demand":1,"DemandMax":null,"Value":58176},{"Length":197,"Height":295,"Demand":1,"DemandMax":null,"Value":58115},{"Length":260,"Height":223,"Demand":1,"DemandMax":null,"Value":57980},{"Length":220,"Height":263,"Demand":1,"DemandMax":null,"Value":57860},{"Length":208,"Height":278,"Demand":1,"DemandMax":null,"Value":57824},{"Length":246,"Height":235,"Demand":1,"DemandMax":null,"Value":57810},{"Length":290,"Height":199,"Demand":1,"DemandMax":null,"Value":57710},{"Length":242,"Height":237,"Demand":1,"DemandMax":null,"Value":57354},{"Length":210,"Height":273,"Demand":1,"DemandMax":null,"Value":57330},{"Length":212,"Height":270,"Demand":1,"DemandMax":null,"Value":57240},{"Length":208,"Height":275,"Demand":1,"DemandMax":null,"Value":57200},{"Length":272,"Height":210,"Demand":1,"DemandMax":null,"Value":57120},{"Length":236,"Height":242,"Demand":1,"DemandMax":null,"Value":57112},{"Length":279,"Height":204,"Demand":1,"DemandMax":null,"Value":56916},{"Length":197,"Height":288,"Demand":1,"DemandMax":null,"Value":56736},{"Length":267,"Height":212,"Demand":1,"DemandMax":null,"Value":56604},{"Length":229,"Height":247,"Demand":1,"DemandMax":null,"Value":56563},{"Length":215,"Height":263,"Demand":1,"DemandMax":null,"Value":56545},{"Length":288,"Height":196,"Demand":1,"DemandMax":null,"Value":56448},{"Length":238,"Height":237,"Demand":1,"DemandMax":null,"Value":56406},{"Length":200,"Height":282,"Demand":1,"DemandMax":null,"Value":56400},{"Length":290,"Height":194,"Demand":1,"DemandMax":null,"Value":56260},{"Length":284,"Height":198,"Demand":1,"DemandMax":null,"Value":56232},{"Length":269,"Height":209,"Demand":1,"DemandMax":null,"Value":56221},{"Length":252,"Height":223,"Demand":1,"DemandMax":null,"Value":56196},{"Length":236,"Height":238,"Demand":1,"DemandMax":null,"Value":56168},{"Length":285,"Height":197,"Demand":1,"DemandMax":null,"Value":56145},{"Length":215,"Height":261,"Demand":1,"DemandMax":null,"Value":56115},{"Length":213,"Height":263,"Demand":1,"DemandMax":null,"Value":56019},{"Length":242,"Height":231,"Demand":1,"DemandMax":null,"Value":55902},{"Length":207,"Height":270,"Demand":1,"DemandMax":null,"Value":55890},{"Length":188,"Height":297,"Demand":1,"DemandMax":null,"Value":55836},{"Length":228,"Height":244,"Demand":1,"DemandMax":null,"Value":55632},{"Length":288,"Height":193,"Demand":1,"DemandMax":null,"Value":55584},{"Length":273,"Height":203,"Demand":1,"DemandMax":null,"Value":55419},{"Length":225,"Height":246,"Demand":1,"DemandMax":null,"Value":55350},{"Length":248,"Height":223,"Demand":1,"DemandMax":null,"Value":55304},{"Length":204,"Height":271,"Demand":1,"DemandMax":null,"Value":55284},{"Length":250,"Height":221,"Demand":1,"DemandMax":null,"Value":55250},{"Length":289,"Height":191,"Demand":1,"DemandMax":null,"Value":55199},{"Length":296,"Height":186,"Demand":1,"DemandMax":null,"Value":55056},{"Length":292,"Height":188,"Demand":1,"DemandMax":null,"Value":54896},{"Length":245,"Height":224,"Demand":1,"DemandMax":null,"Value":54880},{"Length":198,"Height":277,"Demand":1,"DemandMax":null,"Value":54846},{"Length":262,"Height":209,"Demand":1,"DemandMax":null,"Value":54758},{"Length":234,"Height":234,"Demand":1,"DemandMax":null,"Value":54756},{"Length":237,"Height":231,"Demand":1,"DemandMax":null,"Value":54747},{"Length":239,"Height":229,"Demand":1,"DemandMax":null,"Value":54731},{"Length":191,"Height":286,"Demand":1,"DemandMax":null,"Value":54626},{"Length":247,"Height":221,"Demand":1,"DemandMax":null,"Value":54587},{"Length":214,"Height":255,"Demand":1,"DemandMax":null,"Value":54570},{"Length":291,"Height":187,"Demand":1,"DemandMax":null,"Value":54417},{"Length":266,"Height":204,"Demand":1,"DemandMax":null,"Value":54264},{"Length":278,"Height":195,"Demand":1,"DemandMax":null,"Value":54210},{"Length":275,"Height":197,"Demand":1,"DemandMax":null,"Value":54175},{"Length":192,"Height":282,"Demand":1,"DemandMax":null,"Value":54144},{"Length":259,"Height":209,"Demand":1,"DemandMax":null,"Value":54131},{"Length":233,"Height":232,"Demand":1,"DemandMax":null,"Value":54056},{"Length":187,"Height":289,"Demand":1,"DemandMax":null,"Value":54043},{"Length":298,"Height":181,"Demand":1,"DemandMax":null,"Value":53938},{"Length":263,"Height":205,"Demand":1,"DemandMax":null,"Value":53915},{"Length":282,"Height":190,"Demand":1,"DemandMax":null,"Value":53580},{"Length":235,"Height":228,"Demand":1,"DemandMax":null,"Value":53580},{"Length":236,"Height":227,"Demand":1,"DemandMax":null,"Value":53572},{"Length":260,"Height":206,"Demand":1,"DemandMax":null,"Value":53560},{"Length":229,"Height":233,"Demand":1,"DemandMax":null,"Value":53357},{"Length":298,"Height":179,"Demand":1,"DemandMax":null,"Value":53342},{"Length":199,"Height":268,"Demand":1,"DemandMax":null,"Value":53332},{"Length":282,"Height":189,"Demand":1,"DemandMax":null,"Value":53298},{"Length":266,"Height":200,"Demand":1,"DemandMax":null,"Value":53200},{"Length":184,"Height":289,"Demand":1,"DemandMax":null,"Value":53176},{"Length":226,"Height":235,"Demand":1,"DemandMax":null,"Value":53110},{"Length":256,"Height":207,"Demand":1,"DemandMax":null,"Value":52992},{"Length":189,"Height":280,"Demand":1,"DemandMax":null,"Value":52920},{"Length":210,"Height":252,"Demand":1,"DemandMax":null,"Value":52920},{"Length":178,"Height":297,"Demand":1,"DemandMax":null,"Value":52866},{"Length":195,"Height":271,"Demand":1,"DemandMax":null,"Value":52845},{"Length":264,"Height":200,"Demand":1,"DemandMax":null,"Value":52800},{"Length":176,"Height":300,"Demand":1,"DemandMax":null,"Value":52800},{"Length":203,"Height":260,"Demand":1,"DemandMax":null,"Value":52780},{"Length":185,"Height":285,"Demand":1,"DemandMax":null,"Value":52725},{"Length":292,"Height":180,"Demand":1,"DemandMax":null,"Value":52560},{"Length":256,"Height":205,"Demand":1,"DemandMax":null,"Value":52480},{"Length":215,"Height":244,"Demand":1,"DemandMax":null,"Value":52460},{"Length":245,"Height":214,"Demand":1,"DemandMax":null,"Value":52430},{"Length":222,"Height":236,"Demand":1,"DemandMax":null,"Value":52392},{"Length":299,"Height":175,"Demand":1,"DemandMax":null,"Value":52325},{"Length":225,"Height":232,"Demand":1,"DemandMax":null,"Value":52200},{"Length":203,"Height":257,"Demand":1,"DemandMax":null,"Value":52171},{"Length":239,"Height":218,"Demand":1,"DemandMax":null,"Value":52102},{"Length":299,"Height":174,"Demand":1,"DemandMax":null,"Value":52026},{"Length":222,"Height":234,"Demand":1,"DemandMax":null,"Value":51948},{"Length":219,"Height":237,"Demand":1,"DemandMax":null,"Value":51903},{"Length":281,"Height":184,"Demand":1,"DemandMax":null,"Value":51704},{"Length":219,"Height":236,"Demand":1,"DemandMax":null,"Value":51684},{"Length":181,"Height":285,"Demand":1,"DemandMax":null,"Value":51585},{"Length":293,"Height":176,"Demand":1,"DemandMax":null,"Value":51568},{"Length":263,"Height":196,"Demand":1,"DemandMax":null,"Value":51548},{"Length":211,"Height":244,"Demand":1,"DemandMax":null,"Value":51484},{"Length":181,"Height":284,"Demand":1,"DemandMax":null,"Value":51404},{"Length":191,"Height":269,"Demand":1,"DemandMax":null,"Value":51379},{"Length":243,"Height":211,"Demand":1,"DemandMax":null,"Value":51273},{"Length":194,"Height":264,"Demand":1,"DemandMax":null,"Value":51216},{"Length":215,"Height":238,"Demand":1,"DemandMax":null,"Value":51170},{"Length":206,"Height":248,"Demand":1,"DemandMax":null,"Value":51088},{"Length":235,"Height":217,"Demand":1,"DemandMax":null,"Value":50995},{"Length":203,"Height":251,"Demand":1,"DemandMax":null,"Value":50953},{"Length":238,"Height":214,"Demand":1,"DemandMax":null,"Value":50932},{"Length":265,"Height":192,"Demand":1,"DemandMax":null,"Value":50880},{"Length":225,"Height":226,"Demand":1,"DemandMax":null,"Value":50850},{"Length":224,"Height":227,"Demand":1,"DemandMax":null,"Value":50848},{"Length":210,"Height":242,"Demand":1,"DemandMax":null,"Value":50820},{"Length":174,"Height":292,"Demand":1,"DemandMax":null,"Value":50808},{"Length":215,"Height":236,"Demand":1,"DemandMax":null,"Value":50740},{"Length":247,"Height":205,"Demand":1,"DemandMax":null,"Value":50635},{"Length":189,"Height":267,"Demand":1,"DemandMax":null,"Value":50463},{"Length":285,"Height":177,"Demand":1,"DemandMax":null,"Value":50445},{"Length":193,"Height":261,"Demand":1,"DemandMax":null,"Value":50373},{"Length":203,"Height":248,"Demand":1,"DemandMax":null,"Value":50344},{"Length":216,"Height":233,"Demand":1,"DemandMax":null,"Value":50328},{"Length":238,"Height":211,"Demand":1,"DemandMax":null,"Value":50218},{"Length":215,"Height":233,"Demand":1,"DemandMax":null,"Value":50095},{"Length":253,"Height":198,"Demand":1,"DemandMax":null,"Value":50094},{"Length":206,"Height":243,"Demand":1,"DemandMax":null,"Value":50058},{"Length":281,"Height":178,"Demand":1,"DemandMax":null,"Value":50018},{"Length":189,"Height":264,"Demand":1,"DemandMax":null,"Value":49896},{"Length":247,"Height":202,"Demand":1,"DemandMax":null,"Value":49894},{"Length":201,"Height":248,"Demand":1,"DemandMax":null,"Value":49848},{"Length":255,"Height":195,"Demand":1,"DemandMax":null,"Value":49725},{"Length":215,"Height":231,"Demand":1,"DemandMax":null,"Value":49665},{"Length":233,"Height":213,"Demand":1,"DemandMax":null,"Value":49629},{"Length":222,"Height":223,"Demand":1,"DemandMax":null,"Value":49506},{"Length":245,"Height":202,"Demand":1,"DemandMax":null,"Value":49490},{"Length":298,"Height":166,"Demand":1,"DemandMax":null,"Value":49468},{"Length":191,"Height":258,"Demand":1,"DemandMax":null,"Value":49278},{"Length":201,"Height":245,"Demand":1,"DemandMax":null,"Value":49245},{"Length":220,"Height":223,"Demand":1,"DemandMax":null,"Value":49060},{"Length":258,"Height":190,"Demand":1,"DemandMax":null,"Value":49020},{"Length":290,"Height":169,"Demand":1,"DemandMax":null,"Value":49010},{"Length":300,"Height":163,"Demand":1,"DemandMax":null,"Value":48900},{"Length":208,"Height":235,"Demand":1,"DemandMax":null,"Value":48880},{"Length":217,"Height":225,"Demand":1,"DemandMax":null,"Value":48825},{"Length":228,"Height":214,"Demand":1,"DemandMax":null,"Value":48792},{"Length":262,"Height":186,"Demand":1,"DemandMax":null,"Value":48732},{"Length":210,"Height":232,"Demand":1,"DemandMax":null,"Value":48720},{"Length":203,"Height":240,"Demand":1,"DemandMax":null,"Value":48720},{"Length":168,"Height":289,"Demand":1,"DemandMax":null,"Value":48552},{"Length":185,"Height":262,"Demand":1,"DemandMax":null,"Value":48470},{"Length":264,"Height":183,"Demand":1,"DemandMax":null,"Value":48312},{"Length":276,"Height":175,"Demand":1,"DemandMax":null,"Value":48300},{"Length":212,"Height":227,"Demand":1,"DemandMax":null,"Value":48124},{"Length":180,"Height":267,"Demand":1,"DemandMax":null,"Value":48060},{"Length":293,"Height":164,"Demand":1,"DemandMax":null,"Value":48052},{"Length":298,"Height":161,"Demand":1,"DemandMax":null,"Value":47978},{"Length":223,"Height":215,"Demand":1,"DemandMax":null,"Value":47945},{"Length":252,"Height":190,"Demand":1,"DemandMax":null,"Value":47880},{"Length":208,"Height":230,"Demand":1,"DemandMax":null,"Value":47840},{"Length":239,"Height":200,"Demand":1,"DemandMax":null,"Value":47800},{"Length":248,"Height":192,"Demand":1,"DemandMax":null,"Value":47616},{"Length":199,"Height":239,"Demand":1,"DemandMax":null,"Value":47561},{"Length":264,"Height":180,"Demand":1,"DemandMax":null,"Value":47520},{"Length":203,"Height":234,"Demand":1,"DemandMax":null,"Value":47502},{"Length":246,"Height":193,"Demand":1,"DemandMax":null,"Value":47478},{"Length":223,"Height":212,"Demand":1,"DemandMax":null,"Value":47276},{"Length":170,"Height":278,"Demand":1,"DemandMax":null,"Value":47260},{"Length":267,"Height":177,"Demand":1,"DemandMax":null,"Value":47259},{"Length":250,"Height":189,"Demand":1,"DemandMax":null,"Value":47250},{"Length":208,"Height":227,"Demand":1,"DemandMax":null,"Value":47216},{"Length":268,"Height":176,"Demand":1,"DemandMax":null,"Value":47168},{"Length":172,"Height":273,"Demand":1,"DemandMax":null,"Value":46956},{"Length":160,"Height":293,"Demand":1,"DemandMax":null,"Value":46880},{"Length":218,"Height":215,"Demand":1,"DemandMax":null,"Value":46870},{"Length":270,"Height":173,"Demand":1,"DemandMax":null,"Value":46710},{"Length":290,"Height":161,"Demand":1,"DemandMax":null,"Value":46690},{"Length":211,"Height":221,"Demand":1,"DemandMax":null,"Value":46631},{"Length":293,"Height":159,"Demand":1,"DemandMax":null,"Value":46587},{"Length":163,"Height":285,"Demand":1,"DemandMax":null,"Value":46455},{"Length":187,"Height":248,"Demand":1,"DemandMax":null,"Value":46376},{"Length":207,"Height":224,"Demand":1,"DemandMax":null,"Value":46368},{"Length":289,"Height":160,"Demand":1,"DemandMax":null,"Value":46240},{"Length":215,"Height":215,"Demand":1,"DemandMax":null,"Value":46225},{"Length":298,"Height":155,"Demand":1,"DemandMax":null,"Value":46190},{"Length":180,"Height":256,"Demand":1,"DemandMax":null,"Value":46080},{"Length":228,"Height":202,"Demand":1,"DemandMax":null,"Value":46056},{"Length":279,"Height":165,"Demand":1,"DemandMax":null,"Value":46035},{"Length":195,"Height":236,"Demand":1,"DemandMax":null,"Value":46020},{"Length":163,"Height":282,"Demand":1,"DemandMax":null,"Value":45966},{"Length":223,"Height":206,"Demand":1,"DemandMax":null,"Value":45938},{"Length":266,"Height":172,"Demand":1,"DemandMax":null,"Value":45752},{"Length":188,"Height":243,"Demand":1,"DemandMax":null,"Value":45684},{"Length":251,"Height":182,"Demand":1,"DemandMax":null,"Value":45682},{"Length":261,"Height":175,"Demand":1,"DemandMax":null,"Value":45675},{"Length":173,"Height":264,"Demand":1,"DemandMax":null,"Value":45672},{"Length":226,"Height":202,"Demand":1,"DemandMax":null,"Value":45652},{"Length":239,"Height":191,"Demand":1,"DemandMax":null,"Value":45649},{"Length":183,"Height":249,"Demand":1,"DemandMax":null,"Value":45567},{"Length":287,"Height":158,"Demand":1,"DemandMax":null,"Value":45346},{"Length":243,"Height":186,"Demand":1,"DemandMax":null,"Value":45198},{"Length":158,"Height":286,"Demand":1,"DemandMax":null,"Value":45188},{"Length":219,"Height":206,"Demand":1,"DemandMax":null,"Value":45114},{"Length":205,"Height":220,"Demand":1,"DemandMax":null,"Value":45100},{"Length":191,"Height":235,"Demand":1,"DemandMax":null,"Value":44885},{"Length":277,"Height":162,"Demand":1,"DemandMax":null,"Value":44874},{"Length":195,"Height":230,"Demand":1,"DemandMax":null,"Value":44850},{"Length":159,"Height":282,"Demand":1,"DemandMax":null,"Value":44838},{"Length":179,"Height":250,"Demand":1,"DemandMax":null,"Value":44750},{"Length":228,"Height":196,"Demand":1,"DemandMax":null,"Value":44688},{"Length":150,"Height":297,"Demand":1,"DemandMax":null,"Value":44550},{"Length":184,"Height":242,"Demand":1,"DemandMax":null,"Value":44528},{"Length":219,"Height":203,"Demand":1,"DemandMax":null,"Value":44457},{"Length":186,"Height":239,"Demand":1,"DemandMax":null,"Value":44454},{"Length":261,"Height":170,"Demand":1,"DemandMax":null,"Value":44370},{"Length":198,"Height":224,"Demand":1,"DemandMax":null,"Value":44352},{"Length":210,"Height":211,"Demand":1,"DemandMax":null,"Value":44310},{"Length":183,"Height":242,"Demand":1,"DemandMax":null,"Value":44286},{"Length":243,"Height":182,"Demand":1,"DemandMax":null,"Value":44226},{"Length":229,"Height":193,"Demand":1,"DemandMax":null,"Value":44197},{"Length":222,"Height":199,"Demand":1,"DemandMax":null,"Value":44178},{"Length":298,"Height":148,"Demand":1,"DemandMax":null,"Value":44104},{"Length":210,"Height":210,"Demand":1,"DemandMax":null,"Value":44100},{"Length":157,"Height":280,"Demand":1,"DemandMax":null,"Value":43960},{"Length":212,"Height":207,"Demand":1,"DemandMax":null,"Value":43884},{"Length":300,"Height":146,"Demand":1,"DemandMax":null,"Value":43800},{"Length":168,"Height":260,"Demand":1,"DemandMax":null,"Value":43680},{"Length":206,"Height":212,"Demand":1,"DemandMax":null,"Value":43672},{"Length":169,"Height":258,"Demand":1,"DemandMax":null,"Value":43602},{"Length":228,"Height":191,"Demand":1,"DemandMax":null,"Value":43548},{"Length":178,"Height":244,"Demand":1,"DemandMax":null,"Value":43432},{"Length":268,"Height":162,"Demand":1,"DemandMax":null,"Value":43416},{"Length":156,"Height":278,"Demand":1,"DemandMax":null,"Value":43368},{"Length":150,"Height":289,"Demand":1,"DemandMax":null,"Value":43350},{"Length":190,"Height":228,"Demand":1,"DemandMax":null,"Value":43320},{"Length":269,"Height":161,"Demand":1,"DemandMax":null,"Value":43309},{"Length":234,"Height":185,"Demand":1,"DemandMax":null,"Value":43290},{"Length":205,"Height":211,"Demand":1,"DemandMax":null,"Value":43255},{"Length":270,"Height":160,"Demand":1,"DemandMax":null,"Value":43200},{"Length":152,"Height":284,"Demand":1,"DemandMax":null,"Value":43168},{"Length":162,"Height":266,"Demand":1,"DemandMax":null,"Value":43092},{"Length":159,"Height":271,"Demand":1,"DemandMax":null,"Value":43089},{"Length":163,"Height":264,"Demand":1,"DemandMax":null,"Value":43032},{"Length":231,"Height":186,"Demand":1,"DemandMax":null,"Value":42966},{"Length":236,"Height":182,"Demand":1,"DemandMax":null,"Value":42952},{"Length":268,"Height":160,"Demand":1,"DemandMax":null,"Value":42880},{"Length":150,"Height":285,"Demand":1,"DemandMax":null,"Value":42750},{"Length":233,"Height":183,"Demand":1,"DemandMax":null,"Value":42639},{"Length":210,"Height":203,"Demand":1,"DemandMax":null,"Value":42630},{"Length":296,"Height":144,"Demand":1,"DemandMax":null,"Value":42624},{"Length":298,"Height":143,"Demand":1,"DemandMax":null,"Value":42614},{"Length":195,"Height":218,"Demand":1,"DemandMax":null,"Value":42510},{"Length":274,"Height":155,"Demand":1,"DemandMax":null,"Value":42470},{"Length":192,"Height":221,"Demand":1,"DemandMax":null,"Value":42432},{"Length":198,"Height":214,"Demand":1,"DemandMax":null,"Value":42372},{"Length":143,"Height":296,"Demand":1,"DemandMax":null,"Value":42328},{"Length":171,"Height":247,"Demand":1,"DemandMax":null,"Value":42237},{"Length":269,"Height":157,"Demand":1,"DemandMax":null,"Value":42233},{"Length":297,"Height":142,"Demand":1,"DemandMax":null,"Value":42174},{"Length":170,"Height":248,"Demand":1,"DemandMax":null,"Value":42160},{"Length":281,"Height":150,"Demand":1,"DemandMax":null,"Value":42150},{"Length":164,"Height":257,"Demand":1,"DemandMax":null,"Value":42148},{"Length":231,"Height":182,"Demand":1,"DemandMax":null,"Value":42042},{"Length":213,"Height":197,"Demand":1,"DemandMax":null,"Value":41961},{"Length":174,"Height":241,"Demand":1,"DemandMax":null,"Value":41934},{"Length":147,"Height":285,"Demand":1,"DemandMax":null,"Value":41895},{"Length":165,"Height":253,"Demand":1,"DemandMax":null,"Value":41745},{"Length":300,"Height":139,"Demand":1,"DemandMax":null,"Value":41700},{"Length":153,"Height":272,"Demand":1,"DemandMax":null,"Value":41616},{"Length":201,"Height":207,"Demand":1,"DemandMax":null,"Value":41607},{"Length":199,"Height":209,"Demand":1,"DemandMax":null,"Value":41591},{"Length":226,"Height":184,"Demand":1,"DemandMax":null,"Value":41584},{"Length":284,"Height":146,"Demand":1,"DemandMax":null,"Value":41464},{"Length":202,"Height":205,"Demand":1,"DemandMax":null,"Value":41410},{"Length":144,"Height":287,"Demand":1,"DemandMax":null,"Value":41328},{"Length":279,"Height":148,"Demand":1,"DemandMax":null,"Value":41292},{"Length":139,"Height":297,"Demand":1,"DemandMax":null,"Value":41283},{"Length":258,"Height":160,"Demand":1,"DemandMax":null,"Value":41280},{"Length":277,"Height":149,"Demand":1,"DemandMax":null,"Value":41273},{"Length":271,"Height":152,"Demand":1,"DemandMax":null,"Value":41192},{"Length":221,"Height":186,"Demand":1,"DemandMax":null,"Value":41106},{"Length":277,"Height":148,"Demand":1,"DemandMax":null,"Value":40996},{"Length":170,"Height":241,"Demand":1,"DemandMax":null,"Value":40970},{"Length":137,"Height":299,"Demand":1,"DemandMax":null,"Value":40963},{"Length":143,"Height":286,"Demand":1,"DemandMax":null,"Value":40898},{"Length":142,"Height":288,"Demand":1,"DemandMax":null,"Value":40896},{"Length":298,"Height":137,"Demand":1,"DemandMax":null,"Value":40826},{"Length":260,"Height":157,"Demand":1,"DemandMax":null,"Value":40820},{"Length":141,"Height":289,"Demand":1,"DemandMax":null,"Value":40749},{"Length":150,"Height":271,"Demand":1,"DemandMax":null,"Value":40650},{"Length":141,"Height":288,"Demand":1,"DemandMax":null,"Value":40608},{"Length":192,"Height":211,"Demand":1,"DemandMax":null,"Value":40512},{"Length":175,"Height":230,"Demand":1,"DemandMax":null,"Value":40250},{"Length":248,"Height":162,"Demand":1,"DemandMax":null,"Value":40176},{"Length":275,"Height":146,"Demand":1,"DemandMax":null,"Value":40150},{"Length":157,"Height":255,"Demand":1,"DemandMax":null,"Value":40035},{"Length":230,"Height":174,"Demand":1,"DemandMax":null,"Value":40020},{"Length":276,"Height":145,"Demand":1,"DemandMax":null,"Value":40020},{"Length":247,"Height":162,"Demand":1,"DemandMax":null,"Value":40014},{"Length":216,"Height":185,"Demand":1,"DemandMax":null,"Value":39960},{"Length":184,"Height":217,"Demand":1,"DemandMax":null,"Value":39928},{"Length":142,"Height":281,"Demand":1,"DemandMax":null,"Value":39902},{"Length":190,"Height":210,"Demand":1,"DemandMax":null,"Value":39900},{"Length":162,"Height":246,"Demand":1,"DemandMax":null,"Value":39852},{"Length":220,"Height":181,"Demand":1,"DemandMax":null,"Value":39820},{"Length":167,"Height":238,"Demand":1,"DemandMax":null,"Value":39746},{"Length":288,"Height":138,"Demand":1,"DemandMax":null,"Value":39744},{"Length":145,"Height":274,"Demand":1,"DemandMax":null,"Value":39730},{"Length":137,"Height":290,"Demand":1,"DemandMax":null,"Value":39730},{"Length":162,"Height":245,"Demand":1,"DemandMax":null,"Value":39690},{"Length":239,"Height":166,"Demand":1,"DemandMax":null,"Value":39674},{"Length":296,"Height":134,"Demand":1,"DemandMax":null,"Value":39664},{"Length":264,"Height":150,"Demand":1,"DemandMax":null,"Value":39600},{"Length":202,"Height":196,"Demand":1,"DemandMax":null,"Value":39592},{"Length":155,"Height":255,"Demand":1,"DemandMax":null,"Value":39525},{"Length":227,"Height":174,"Demand":1,"DemandMax":null,"Value":39498},{"Length":274,"Height":144,"Demand":1,"DemandMax":null,"Value":39456},{"Length":294,"Height":134,"Demand":1,"DemandMax":null,"Value":39396},{"Length":194,"Height":203,"Demand":1,"DemandMax":null,"Value":39382},{"Length":155,"Height":254,"Demand":1,"DemandMax":null,"Value":39370},{"Length":259,"Height":152,"Demand":1,"DemandMax":null,"Value":39368},{"Length":192,"Height":205,"Demand":1,"DemandMax":null,"Value":39360},{"Length":143,"Height":275,"Demand":1,"DemandMax":null,"Value":39325},{"Length":287,"Height":137,"Demand":1,"DemandMax":null,"Value":39319},{"Length":173,"Height":227,"Demand":1,"DemandMax":null,"Value":39271},{"Length":245,"Height":160,"Demand":1,"DemandMax":null,"Value":39200},{"Length":202,"Height":194,"Demand":1,"DemandMax":null,"Value":39188},{"Length":210,"Height":186,"Demand":1,"DemandMax":null,"Value":39060},{"Length":155,"Height":252,"Demand":1,"DemandMax":null,"Value":39060},{"Length":162,"Height":241,"Demand":1,"DemandMax":null,"Value":39042},{"Length":205,"Height":190,"Demand":1,"DemandMax":null,"Value":38950},{"Length":225,"Height":173,"Demand":1,"DemandMax":null,"Value":38925},{"Length":237,"Height":164,"Demand":1,"DemandMax":null,"Value":38868},{"Length":210,"Height":185,"Demand":1,"DemandMax":null,"Value":38850},{"Length":163,"Height":238,"Demand":1,"DemandMax":null,"Value":38794},{"Length":145,"Height":267,"Demand":1,"DemandMax":null,"Value":38715},{"Length":164,"Height":236,"Demand":1,"DemandMax":null,"Value":38704},{"Length":152,"Height":254,"Demand":1,"DemandMax":null,"Value":38608},{"Length":190,"Height":203,"Demand":1,"DemandMax":null,"Value":38570},{"Length":136,"Height":283,"Demand":1,"DemandMax":null,"Value":38488},{"Length":133,"Height":289,"Demand":1,"DemandMax":null,"Value":38437},{"Length":222,"Height":173,"Demand":1,"DemandMax":null,"Value":38406},{"Length":204,"Height":188,"Demand":1,"DemandMax":null,"Value":38352},{"Length":214,"Height":179,"Demand":1,"DemandMax":null,"Value":38306},{"Length":252,"Height":152,"Demand":1,"DemandMax":null,"Value":38304},{"Length":165,"Height":232,"Demand":1,"DemandMax":null,"Value":38280},{"Length":138,"Height":277,"Demand":1,"DemandMax":null,"Value":38226},{"Length":233,"Height":164,"Demand":1,"DemandMax":null,"Value":38212},{"Length":172,"Height":222,"Demand":1,"DemandMax":null,"Value":38184},{"Length":234,"Height":163,"Demand":1,"DemandMax":null,"Value":38142},{"Length":246,"Height":155,"Demand":1,"DemandMax":null,"Value":38130},{"Length":131,"Height":291,"Demand":1,"DemandMax":null,"Value":38121},{"Length":293,"Height":130,"Demand":1,"DemandMax":null,"Value":38090},{"Length":174,"Height":218,"Demand":1,"DemandMax":null,"Value":37932},{"Length":158,"Height":240,"Demand":1,"DemandMax":null,"Value":37920},{"Length":152,"Height":249,"Demand":1,"DemandMax":null,"Value":37848},{"Length":241,"Height":157,"Demand":1,"DemandMax":null,"Value":37837},{"Length":297,"Height":127,"Demand":1,"DemandMax":null,"Value":37719},{"Length":145,"Height":260,"Demand":1,"DemandMax":null,"Value":37700},{"Length":163,"Height":231,"Demand":1,"DemandMax":null,"Value":37653},{"Length":224,"Height":168,"Demand":1,"DemandMax":null,"Value":37632},{"Length":129,"Height":291,"Demand":1,"DemandMax":null,"Value":37539},{"Length":137,"Height":273,"Demand":1,"DemandMax":null,"Value":37401},{"Length":200,"Height":187,"Demand":1,"DemandMax":null,"Value":37400},{"Length":267,"Height":140,"Demand":1,"DemandMax":null,"Value":37380},{"Length":185,"Height":202,"Demand":1,"DemandMax":null,"Value":37370},{"Length":150,"Height":249,"Demand":1,"DemandMax":null,"Value":37350},{"Length":294,"Height":127,"Demand":1,"DemandMax":null,"Value":37338},{"Length":182,"Height":205,"Demand":1,"DemandMax":null,"Value":37310},{"Length":139,"Height":268,"Demand":1,"DemandMax":null,"Value":37252},{"Length":250,"Height":149,"Demand":1,"DemandMax":null,"Value":37250},{"Length":201,"Height":185,"Demand":1,"DemandMax":null,"Value":37185},{"Length":135,"Height":275,"Demand":1,"DemandMax":null,"Value":37125},{"Length":134,"Height":277,"Demand":1,"DemandMax":null,"Value":37118},{"Length":205,"Height":181,"Demand":1,"DemandMax":null,"Value":37105},{"Length":281,"Height":132,"Demand":1,"DemandMax":null,"Value":37092},{"Length":283,"Height":131,"Demand":1,"DemandMax":null,"Value":37073},{"Length":258,"Height":143,"Demand":1,"DemandMax":null,"Value":36894},{"Length":232,"Height":159,"Demand":1,"DemandMax":null,"Value":36888},{"Length":179,"Height":206,"Demand":1,"DemandMax":null,"Value":36874},{"Length":229,"Height":161,"Demand":1,"DemandMax":null,"Value":36869},{"Length":290,"Height":127,"Demand":1,"DemandMax":null,"Value":36830},{"Length":158,"Height":233,"Demand":1,"DemandMax":null,"Value":36814},{"Length":261,"Height":141,"Demand":1,"DemandMax":null,"Value":36801},{"Length":193,"Height":190,"Demand":1,"DemandMax":null,"Value":36670},{"Length":246,"Height":149,"Demand":1,"DemandMax":null,"Value":36654},{"Length":160,"Height":229,"Demand":1,"DemandMax":null,"Value":36640},{"Length":183,"Height":200,"Demand":1,"DemandMax":null,"Value":36600},{"Length":244,"Height":150,"Demand":1,"DemandMax":null,"Value":36600},{"Length":132,"Height":277,"Demand":1,"DemandMax":null,"Value":36564},{"Length":292,"Height":125,"Demand":1,"DemandMax":null,"Value":36500},{"Length":221,"Height":165,"Demand":1,"DemandMax":null,"Value":36465},{"Length":292,"Height":124,"Demand":1,"DemandMax":null,"Value":36208},{"Length":285,"Height":127,"Demand":1,"DemandMax":null,"Value":36195},{"Length":122,"Height":296,"Demand":1,"DemandMax":null,"Value":36112},{"Length":228,"Height":158,"Demand":1,"DemandMax":null,"Value":36024},{"Length":147,"Height":245,"Demand":1,"DemandMax":null,"Value":36015},{"Length":266,"Height":135,"Demand":1,"DemandMax":null,"Value":35910},{"Length":215,"Height":167,"Demand":1,"DemandMax":null,"Value":35905},{"Length":204,"Height":176,"Demand":1,"DemandMax":null,"Value":35904},{"Length":272,"Height":132,"Demand":1,"DemandMax":null,"Value":35904},{"Length":193,"Height":186,"Demand":1,"DemandMax":null,"Value":35898},{"Length":154,"Height":233,"Demand":1,"DemandMax":null,"Value":35882},{"Length":236,"Height":152,"Demand":1,"DemandMax":null,"Value":35872},{"Length":139,"Height":258,"Demand":1,"DemandMax":null,"Value":35862},{"Length":148,"Height":242,"Demand":1,"DemandMax":null,"Value":35816},{"Length":240,"Height":149,"Demand":1,"DemandMax":null,"Value":35760},{"Length":198,"Height":180,"Demand":1,"DemandMax":null,"Value":35640},{"Length":161,"Height":221,"Demand":1,"DemandMax":null,"Value":35581},{"Length":234,"Height":152,"Demand":1,"DemandMax":null,"Value":35568},{"Length":145,"Height":245,"Demand":1,"DemandMax":null,"Value":35525},{"Length":180,"Height":197,"Demand":1,"DemandMax":null,"Value":35460},{"Length":224,"Height":158,"Demand":1,"DemandMax":null,"Value":35392},{"Length":134,"Height":264,"Demand":1,"DemandMax":null,"Value":35376},{"Length":283,"Height":125,"Demand":1,"DemandMax":null,"Value":35375},{"Length":258,"Height":137,"Demand":1,"DemandMax":null,"Value":35346},{"Length":271,"Height":130,"Demand":1,"DemandMax":null,"Value":35230},{"Length":124,"Height":284,"Demand":1,"DemandMax":null,"Value":35216},{"Length":201,"Height":175,"Demand":1,"DemandMax":null,"Value":35175},{"Length":161,"Height":218,"Demand":1,"DemandMax":null,"Value":35098},{"Length":256,"Height":137,"Demand":1,"DemandMax":null,"Value":35072},{"Length":226,"Height":155,"Demand":1,"DemandMax":null,"Value":35030},{"Length":139,"Height":252,"Demand":1,"DemandMax":null,"Value":35028},{"Length":199,"Height":176,"Demand":1,"DemandMax":null,"Value":35024},{"Length":140,"Height":250,"Demand":1,"DemandMax":null,"Value":35000},{"Length":174,"Height":201,"Demand":1,"DemandMax":null,"Value":34974},{"Length":190,"Height":184,"Demand":1,"DemandMax":null,"Value":34960},{"Length":191,"Height":183,"Demand":1,"DemandMax":null,"Value":34953},{"Length":204,"Height":171,"Demand":1,"DemandMax":null,"Value":34884},{"Length":218,"Height":160,"Demand":1,"DemandMax":null,"Value":34880},{"Length":205,"Height":170,"Demand":1,"DemandMax":null,"Value":34850},{"Length":120,"Height":290,"Demand":1,"DemandMax":null,"Value":34800},{"Length":240,"Height":145,"Demand":1,"DemandMax":null,"Value":34800},{"Length":223,"Height":156,"Demand":1,"DemandMax":null,"Value":34788},{"Length":160,"Height":217,"Demand":1,"DemandMax":null,"Value":34720},{"Length":137,"Height":253,"Demand":1,"DemandMax":null,"Value":34661},{"Length":228,"Height":152,"Demand":1,"DemandMax":null,"Value":34656},{"Length":198,"Height":175,"Demand":1,"DemandMax":null,"Value":34650},{"Length":254,"Height":136,"Demand":1,"DemandMax":null,"Value":34544},{"Length":159,"Height":217,"Demand":1,"DemandMax":null,"Value":34503},{"Length":250,"Height":138,"Demand":1,"DemandMax":null,"Value":34500},{"Length":154,"Height":224,"Demand":1,"DemandMax":null,"Value":34496},{"Length":214,"Height":161,"Demand":1,"DemandMax":null,"Value":34454},{"Length":186,"Height":185,"Demand":1,"DemandMax":null,"Value":34410},{"Length":157,"Height":219,"Demand":1,"DemandMax":null,"Value":34383},{"Length":235,"Height":146,"Demand":1,"DemandMax":null,"Value":34310},{"Length":157,"Height":218,"Demand":1,"DemandMax":null,"Value":34226},{"Length":290,"Height":118,"Demand":1,"DemandMax":null,"Value":34220},{"Length":116,"Height":295,"Demand":1,"DemandMax":null,"Value":34220},{"Length":156,"Height":219,"Demand":1,"DemandMax":null,"Value":34164},{"Length":249,"Height":137,"Demand":1,"DemandMax":null,"Value":34113},{"Length":119,"Height":286,"Demand":1,"DemandMax":null,"Value":34034},{"Length":221,"Height":154,"Demand":1,"DemandMax":null,"Value":34034},{"Length":145,"Height":234,"Demand":1,"DemandMax":null,"Value":33930},{"Length":269,"Height":126,"Demand":1,"DemandMax":null,"Value":33894},{"Length":154,"Height":220,"Demand":1,"DemandMax":null,"Value":33880},{"Length":125,"Height":271,"Demand":1,"DemandMax":null,"Value":33875},{"Length":159,"Height":213,"Demand":1,"DemandMax":null,"Value":33867},{"Length":184,"Height":184,"Demand":1,"DemandMax":null,"Value":33856},{"Length":126,"Height":268,"Demand":1,"DemandMax":null,"Value":33768},{"Length":171,"Height":197,"Demand":1,"DemandMax":null,"Value":33687},{"Length":226,"Height":149,"Demand":1,"DemandMax":null,"Value":33674},{"Length":178,"Height":189,"Demand":1,"DemandMax":null,"Value":33642},{"Length":117,"Height":287,"Demand":1,"DemandMax":null,"Value":33579},{"Length":279,"Height":120,"Demand":1,"DemandMax":null,"Value":33480},{"Length":226,"Height":148,"Demand":1,"DemandMax":null,"Value":33448},{"Length":154,"Height":217,"Demand":1,"DemandMax":null,"Value":33418},{"Length":113,"Height":295,"Demand":1,"DemandMax":null,"Value":33335},{"Length":140,"Height":238,"Demand":1,"DemandMax":null,"Value":33320},{"Length":273,"Height":122,"Demand":1,"DemandMax":null,"Value":33306},{"Length":183,"Height":182,"Demand":1,"DemandMax":null,"Value":33306},{"Length":111,"Height":300,"Demand":1,"DemandMax":null,"Value":33300},{"Length":292,"Height":114,"Demand":1,"DemandMax":null,"Value":33288},{"Length":212,"Height":157,"Demand":1,"DemandMax":null,"Value":33284},{"Length":121,"Height":275,"Demand":1,"DemandMax":null,"Value":33275},{"Length":154,"Height":216,"Demand":1,"DemandMax":null,"Value":33264},{"Length":112,"Height":297,"Demand":1,"DemandMax":null,"Value":33264},{"Length":266,"Height":125,"Demand":1,"DemandMax":null,"Value":33250},{"Length":133,"Height":250,"Demand":1,"DemandMax":null,"Value":33250},{"Length":135,"Height":246,"Demand":1,"DemandMax":null,"Value":33210},{"Length":291,"Height":114,"Demand":1,"DemandMax":null,"Value":33174},{"Length":143,"Height":231,"Demand":1,"DemandMax":null,"Value":33033},{"Length":300,"Height":110,"Demand":1,"DemandMax":null,"Value":33000},{"Length":289,"Height":114,"Demand":1,"DemandMax":null,"Value":32946},{"Length":242,"Height":136,"Demand":1,"DemandMax":null,"Value":32912},{"Length":120,"Height":274,"Demand":1,"DemandMax":null,"Value":32880},{"Length":133,"Height":247,"Demand":1,"DemandMax":null,"Value":32851},{"Length":165,"Height":199,"Demand":1,"DemandMax":null,"Value":32835},{"Length":136,"Height":241,"Demand":1,"DemandMax":null,"Value":32776},{"Length":179,"Height":183,"Demand":1,"DemandMax":null,"Value":32757},{"Length":146,"Height":224,"Demand":1,"DemandMax":null,"Value":32704},{"Length":178,"Height":183,"Demand":1,"DemandMax":null,"Value":32574},{"Length":297,"Height":109,"Demand":1,"DemandMax":null,"Value":32373},{"Length":139,"Height":232,"Demand":1,"DemandMax":null,"Value":32248},{"Length":228,"Height":141,"Demand":1,"DemandMax":null,"Value":32148},{"Length":156,"Height":206,"Demand":1,"DemandMax":null,"Value":32136},{"Length":126,"Height":255,"Demand":1,"DemandMax":null,"Value":32130},{"Length":292,"Height":110,"Demand":1,"DemandMax":null,"Value":32120},{"Length":124,"Height":259,"Demand":1,"DemandMax":null,"Value":32116},{"Length":169,"Height":190,"Demand":1,"DemandMax":null,"Value":32110},{"Length":231,"Height":139,"Demand":1,"DemandMax":null,"Value":32109},{"Length":118,"Height":272,"Demand":1,"DemandMax":null,"Value":32096},{"Length":279,"Height":115,"Demand":1,"DemandMax":null,"Value":32085},{"Length":193,"Height":166,"Demand":1,"DemandMax":null,"Value":32038},{"Length":150,"Height":213,"Demand":1,"DemandMax":null,"Value":31950},{"Length":173,"Height":184,"Demand":1,"DemandMax":null,"Value":31832},{"Length":117,"Height":272,"Demand":1,"DemandMax":null,"Value":31824},{"Length":215,"Height":148,"Demand":1,"DemandMax":null,"Value":31820},{"Length":132,"Height":241,"Demand":1,"DemandMax":null,"Value":31812},{"Length":168,"Height":189,"Demand":1,"DemandMax":null,"Value":31752},{"Length":143,"Height":222,"Demand":1,"DemandMax":null,"Value":31746},{"Length":161,"Height":197,"Demand":1,"DemandMax":null,"Value":31717},{"Length":264,"Height":120,"Demand":1,"DemandMax":null,"Value":31680},{"Length":266,"Height":119,"Demand":1,"DemandMax":null,"Value":31654},{"Length":113,"Height":280,"Demand":1,"DemandMax":null,"Value":31640},{"Length":286,"Height":110,"Demand":1,"DemandMax":null,"Value":31460},{"Length":117,"Height":268,"Demand":1,"DemandMax":null,"Value":31356},{"Length":263,"Height":119,"Demand":1,"DemandMax":null,"Value":31297},{"Length":272,"Height":115,"Demand":1,"DemandMax":null,"Value":31280},{"Length":199,"Height":157,"Demand":1,"DemandMax":null,"Value":31243},{"Length":167,"Height":187,"Demand":1,"DemandMax":null,"Value":31229},{"Length":211,"Height":148,"Demand":1,"DemandMax":null,"Value":31228},{"Length":118,"Height":263,"Demand":1,"DemandMax":null,"Value":31034},{"Length":141,"Height":220,"Demand":1,"DemandMax":null,"Value":31020},{"Length":216,"Height":143,"Demand":1,"DemandMax":null,"Value":30888},{"Length":145,"Height":213,"Demand":1,"DemandMax":null,"Value":30885},{"Length":113,"Height":273,"Demand":1,"DemandMax":null,"Value":30849},{"Length":121,"Height":254,"Demand":1,"DemandMax":null,"Value":30734},{"Length":220,"Height":139,"Demand":1,"DemandMax":null,"Value":30580},{"Length":242,"Height":126,"Demand":1,"DemandMax":null,"Value":30492},{"Length":265,"Height":115,"Demand":1,"DemandMax":null,"Value":30475},{"Length":111,"Height":273,"Demand":1,"DemandMax":null,"Value":30303},{"Length":107,"Height":283,"Demand":1,"DemandMax":null,"Value":30281},{"Length":105,"Height":288,"Demand":1,"DemandMax":null,"Value":30240},{"Length":229,"Height":132,"Demand":1,"DemandMax":null,"Value":30228},{"Length":208,"Height":145,"Demand":1,"DemandMax":null,"Value":30160},{"Length":150,"Height":201,"Demand":1,"DemandMax":null,"Value":30150},{"Length":110,"Height":274,"Demand":1,"DemandMax":null,"Value":30140},{"Length":112,"Height":269,"Demand":1,"DemandMax":null,"Value":30128},{"Length":174,"Height":173,"Demand":1,"DemandMax":null,"Value":30102},{"Length":105,"Height":286,"Demand":1,"DemandMax":null,"Value":30030},{"Length":101,"Height":296,"Demand":1,"DemandMax":null,"Value":29896},{"Length":188,"Height":159,"Demand":1,"DemandMax":null,"Value":29892},{"Length":106,"Height":282,"Demand":1,"DemandMax":null,"Value":29892},{"Length":130,"Height":229,"Demand":1,"DemandMax":null,"Value":29770},{"Length":186,"Height":160,"Demand":1,"DemandMax":null,"Value":29760},{"Length":109,"Height":273,"Demand":1,"DemandMax":null,"Value":29757},{"Length":238,"Height":125,"Demand":1,"DemandMax":null,"Value":29750},{"Length":169,"Height":176,"Demand":1,"DemandMax":null,"Value":29744},{"Length":159,"Height":187,"Demand":1,"DemandMax":null,"Value":29733},{"Length":135,"Height":219,"Demand":1,"DemandMax":null,"Value":29565},{"Length":178,"Height":166,"Demand":1,"DemandMax":null,"Value":29548},{"Length":163,"Height":181,"Demand":1,"DemandMax":null,"Value":29503},{"Length":198,"Height":149,"Demand":1,"DemandMax":null,"Value":29502},{"Length":116,"Height":254,"Demand":1,"DemandMax":null,"Value":29464},{"Length":151,"Height":195,"Demand":1,"DemandMax":null,"Value":29445},{"Length":115,"Height":256,"Demand":1,"DemandMax":null,"Value":29440},{"Length":277,"Height":106,"Demand":1,"DemandMax":null,"Value":29362},{"Length":262,"Height":112,"Demand":1,"DemandMax":null,"Value":29344},{"Length":159,"Height":184,"Demand":1,"DemandMax":null,"Value":29256},{"Length":103,"Height":284,"Demand":1,"DemandMax":null,"Value":29252},{"Length":278,"Height":105,"Demand":1,"DemandMax":null,"Value":29190},{"Length":137,"Height":213,"Demand":1,"DemandMax":null,"Value":29181},{"Length":158,"Height":184,"Demand":1,"DemandMax":null,"Value":29072},{"Length":153,"Height":190,"Demand":1,"DemandMax":null,"Value":29070},{"Length":105,"Height":276,"Demand":1,"DemandMax":null,"Value":28980},{"Length":193,"Height":150,"Demand":1,"DemandMax":null,"Value":28950},{"Length":112,"Height":258,"Demand":1,"DemandMax":null,"Value":28896},{"Length":195,"Height":148,"Demand":1,"DemandMax":null,"Value":28860},{"Length":187,"Height":154,"Demand":1,"DemandMax":null,"Value":28798},{"Length":116,"Height":248,"Demand":1,"DemandMax":null,"Value":28768},{"Length":266,"Height":108,"Demand":1,"DemandMax":null,"Value":28728},{"Length":163,"Height":176,"Demand":1,"DemandMax":null,"Value":28688},{"Length":209,"Height":137,"Demand":1,"DemandMax":null,"Value":28633},{"Length":221,"Height":129,"Demand":1,"DemandMax":null,"Value":28509},{"Length":125,"Height":228,"Demand":1,"DemandMax":null,"Value":28500},{"Length":116,"Height":245,"Demand":1,"DemandMax":null,"Value":28420},{"Length":170,"Height":167,"Demand":1,"DemandMax":null,"Value":28390},{"Length":137,"Height":206,"Demand":1,"DemandMax":null,"Value":28222},{"Length":245,"Height":115,"Demand":1,"DemandMax":null,"Value":28175},{"Length":134,"Height":209,"Demand":1,"DemandMax":null,"Value":28006},{"Length":239,"Height":117,"Demand":1,"DemandMax":null,"Value":27963},{"Length":210,"Height":133,"Demand":1,"DemandMax":null,"Value":27930},{"Length":107,"Height":261,"Demand":1,"DemandMax":null,"Value":27927},{"Length":236,"Height":118,"Demand":1,"DemandMax":null,"Value":27848},{"Length":221,"Height":126,"Demand":1,"DemandMax":null,"Value":27846},{"Length":230,"Height":121,"Demand":1,"DemandMax":null,"Value":27830},{"Length":265,"Height":105,"Demand":1,"DemandMax":null,"Value":27825},{"Length":214,"Height":130,"Demand":1,"DemandMax":null,"Value":27820},{"Length":278,"Height":100,"Demand":1,"DemandMax":null,"Value":27800},{"Length":125,"Height":222,"Demand":1,"DemandMax":null,"Value":27750},{"Length":134,"Height":207,"Demand":1,"DemandMax":null,"Value":27738},{"Length":107,"Height":259,"Demand":1,"DemandMax":null,"Value":27713},{"Length":276,"Height":100,"Demand":1,"DemandMax":null,"Value":27600},{"Length":193,"Height":143,"Demand":1,"DemandMax":null,"Value":27599},{"Length":146,"Height":189,"Demand":1,"DemandMax":null,"Value":27594},{"Length":275,"Height":100,"Demand":1,"DemandMax":null,"Value":27500},{"Length":233,"Height":118,"Demand":1,"DemandMax":null,"Value":27494},{"Length":239,"Height":115,"Demand":1,"DemandMax":null,"Value":27485},{"Length":229,"Height":120,"Demand":1,"DemandMax":null,"Value":27480},{"Length":202,"Height":136,"Demand":1,"DemandMax":null,"Value":27472},{"Length":133,"Height":206,"Demand":1,"DemandMax":null,"Value":27398},{"Length":233,"Height":117,"Demand":1,"DemandMax":null,"Value":27261},{"Length":235,"Height":116,"Demand":1,"DemandMax":null,"Value":27260},{"Length":209,"Height":130,"Demand":1,"DemandMax":null,"Value":27170},{"Length":103,"Height":263,"Demand":1,"DemandMax":null,"Value":27089},{"Length":268,"Height":101,"Demand":1,"DemandMax":null,"Value":27068},{"Length":136,"Height":199,"Demand":1,"DemandMax":null,"Value":27064},{"Length":246,"Height":110,"Demand":1,"DemandMax":null,"Value":27060},{"Length":118,"Height":229,"Demand":1,"DemandMax":null,"Value":27022},{"Length":216,"Height":125,"Demand":1,"DemandMax":null,"Value":27000},{"Length":223,"Height":121,"Demand":1,"DemandMax":null,"Value":26983},{"Length":136,"Height":198,"Demand":1,"DemandMax":null,"Value":26928},{"Length":118,"Height":228,"Demand":1,"DemandMax":null,"Value":26904},{"Length":120,"Height":224,"Demand":1,"DemandMax":null,"Value":26880},{"Length":150,"Height":179,"Demand":1,"DemandMax":null,"Value":26850},{"Length":139,"Height":193,"Demand":1,"DemandMax":null,"Value":26827},{"Length":211,"Height":127,"Demand":1,"DemandMax":null,"Value":26797},{"Length":219,"Height":122,"Demand":1,"DemandMax":null,"Value":26718},{"Length":184,"Height":145,"Demand":1,"DemandMax":null,"Value":26680},{"Length":171,"Height":156,"Demand":1,"DemandMax":null,"Value":26676},{"Length":108,"Height":247,"Demand":1,"DemandMax":null,"Value":26676},{"Length":118,"Height":226,"Demand":1,"DemandMax":null,"Value":26668},{"Length":251,"Height":106,"Demand":1,"DemandMax":null,"Value":26606},{"Length":211,"Height":126,"Demand":1,"DemandMax":null,"Value":26586},{"Length":151,"Height":176,"Demand":1,"DemandMax":null,"Value":26576},{"Length":255,"Height":104,"Demand":1,"DemandMax":null,"Value":26520},{"Length":121,"Height":218,"Demand":1,"DemandMax":null,"Value":26378},{"Length":231,"Height":114,"Demand":1,"DemandMax":null,"Value":26334},{"Length":180,"Height":146,"Demand":1,"DemandMax":null,"Value":26280},{"Length":193,"Height":136,"Demand":1,"DemandMax":null,"Value":26248},{"Length":103,"Height":254,"Demand":1,"DemandMax":null,"Value":26162},{"Length":120,"Height":218,"Demand":1,"DemandMax":null,"Value":26160},{"Length":106,"Height":246,"Demand":1,"DemandMax":null,"Value":26076},{"Length":158,"Height":165,"Demand":1,"DemandMax":null,"Value":26070},{"Length":239,"Height":109,"Demand":1,"DemandMax":null,"Value":26051},{"Length":102,"Height":255,"Demand":1,"DemandMax":null,"Value":26010},{"Length":207,"Height":125,"Demand":1,"DemandMax":null,"Value":25875},{"Length":177,"Height":146,"Demand":1,"DemandMax":null,"Value":25842},{"Length":136,"Height":190,"Demand":1,"DemandMax":null,"Value":25840},{"Length":174,"Height":148,"Demand":1,"DemandMax":null,"Value":25752},{"Length":193,"Height":133,"Demand":1,"DemandMax":null,"Value":25669},{"Length":158,"Height":162,"Demand":1,"DemandMax":null,"Value":25596},{"Length":198,"Height":129,"Demand":1,"DemandMax":null,"Value":25542},{"Length":113,"Height":226,"Demand":1,"DemandMax":null,"Value":25538},{"Length":209,"Height":122,"Demand":1,"DemandMax":null,"Value":25498},{"Length":172,"Height":148,"Demand":1,"DemandMax":null,"Value":25456},{"Length":101,"Height":252,"Demand":1,"DemandMax":null,"Value":25452},{"Length":158,"Height":161,"Demand":1,"DemandMax":null,"Value":25438},{"Length":115,"Height":221,"Demand":1,"DemandMax":null,"Value":25415},{"Length":169,"Height":150,"Demand":1,"DemandMax":null,"Value":25350},{"Length":165,"Height":153,"Demand":1,"DemandMax":null,"Value":25245},{"Length":187,"Height":135,"Demand":1,"DemandMax":null,"Value":25245},{"Length":191,"Height":132,"Demand":1,"DemandMax":null,"Value":25212},{"Length":100,"Height":252,"Demand":1,"DemandMax":null,"Value":25200},{"Length":147,"Height":171,"Demand":1,"DemandMax":null,"Value":25137},{"Length":251,"Height":100,"Demand":1,"DemandMax":null,"Value":25100},{"Length":219,"Height":114,"Demand":1,"DemandMax":null,"Value":24966},{"Length":239,"Height":104,"Demand":1,"DemandMax":null,"Value":24856},{"Length":101,"Height":246,"Demand":1,"DemandMax":null,"Value":24846},{"Length":141,"Height":176,"Demand":1,"DemandMax":null,"Value":24816},{"Length":171,"Height":145,"Demand":1,"DemandMax":null,"Value":24795},{"Length":166,"Height":149,"Demand":1,"DemandMax":null,"Value":24734},{"Length":103,"Height":240,"Demand":1,"DemandMax":null,"Value":24720},{"Length":106,"Height":233,"Demand":1,"DemandMax":null,"Value":24698},{"Length":212,"Height":116,"Demand":1,"DemandMax":null,"Value":24592},{"Length":193,"Height":127,"Demand":1,"DemandMax":null,"Value":24511},{"Length":245,"Height":100,"Demand":1,"DemandMax":null,"Value":24500},{"Length":240,"Height":102,"Demand":1,"DemandMax":null,"Value":24480},{"Length":133,"Height":184,"Demand":1,"DemandMax":null,"Value":24472},{"Length":118,"Height":207,"Demand":1,"DemandMax":null,"Value":24426},{"Length":132,"Height":185,"Demand":1,"DemandMax":null,"Value":24420},{"Length":127,"Height":192,"Demand":1,"DemandMax":null,"Value":24384},{"Length":203,"Height":120,"Demand":1,"DemandMax":null,"Value":24360},{"Length":221,"Height":110,"Demand":1,"DemandMax":null,"Value":24310},{"Length":155,"Height":156,"Demand":1,"DemandMax":null,"Value":24180},{"Length":159,"Height":152,"Demand":1,"DemandMax":null,"Value":24168},{"Length":201,"Height":120,"Demand":1,"DemandMax":null,"Value":24120},{"Length":171,"Height":141,"Demand":1,"DemandMax":null,"Value":24111},{"Length":123,"Height":196,"Demand":1,"DemandMax":null,"Value":24108},{"Length":224,"Height":107,"Demand":1,"DemandMax":null,"Value":23968},{"Length":106,"Height":226,"Demand":1,"DemandMax":null,"Value":23956},{"Length":112,"Height":213,"Demand":1,"DemandMax":null,"Value":23856},{"Length":179,"Height":133,"Demand":1,"DemandMax":null,"Value":23807},{"Length":166,"Height":143,"Demand":1,"DemandMax":null,"Value":23738},{"Length":102,"Height":232,"Demand":1,"DemandMax":null,"Value":23664},{"Length":139,"Height":170,"Demand":1,"DemandMax":null,"Value":23630},{"Length":132,"Height":179,"Demand":1,"DemandMax":null,"Value":23628},{"Length":154,"Height":153,"Demand":1,"DemandMax":null,"Value":23562},{"Length":185,"Height":127,"Demand":1,"DemandMax":null,"Value":23495},{"Length":221,"Height":106,"Demand":1,"DemandMax":null,"Value":23426},{"Length":125,"Height":187,"Demand":1,"DemandMax":null,"Value":23375},{"Length":184,"Height":127,"Demand":1,"DemandMax":null,"Value":23368},{"Length":193,"Height":121,"Demand":1,"DemandMax":null,"Value":23353},{"Length":176,"Height":132,"Demand":1,"DemandMax":null,"Value":23232},{"Length":230,"Height":101,"Demand":1,"DemandMax":null,"Value":23230},{"Length":223,"Height":104,"Demand":1,"DemandMax":null,"Value":23192},{"Length":128,"Height":181,"Demand":1,"DemandMax":null,"Value":23168},{"Length":170,"Height":136,"Demand":1,"DemandMax":null,"Value":23120},{"Length":208,"Height":111,"Demand":1,"DemandMax":null,"Value":23088},{"Length":135,"Height":171,"Demand":1,"DemandMax":null,"Value":23085},{"Length":186,"Height":124,"Demand":1,"DemandMax":null,"Value":23064},{"Length":204,"Height":112,"Demand":1,"DemandMax":null,"Value":22848},{"Length":115,"Height":198,"Demand":1,"DemandMax":null,"Value":22770},{"Length":113,"Height":201,"Demand":1,"DemandMax":null,"Value":22713},{"Length":210,"Height":108,"Demand":1,"DemandMax":null,"Value":22680},{"Length":122,"Height":184,"Demand":1,"DemandMax":null,"Value":22448},{"Length":136,"Height":165,"Demand":1,"DemandMax":null,"Value":22440},{"Length":183,"Height":122,"Demand":1,"DemandMax":null,"Value":22326},{"Length":106,"Height":210,"Demand":1,"DemandMax":null,"Value":22260},{"Length":208,"Height":107,"Demand":1,"DemandMax":null,"Value":22256},{"Length":108,"Height":206,"Demand":1,"DemandMax":null,"Value":22248},{"Length":160,"Height":139,"Demand":1,"DemandMax":null,"Value":22240},{"Length":117,"Height":190,"Demand":1,"DemandMax":null,"Value":22230},{"Length":133,"Height":167,"Demand":1,"DemandMax":null,"Value":22211},{"Length":108,"Height":205,"Demand":1,"DemandMax":null,"Value":22140},{"Length":194,"Height":114,"Demand":1,"DemandMax":null,"Value":22116},{"Length":117,"Height":189,"Demand":1,"DemandMax":null,"Value":22113},{"Length":196,"Height":112,"Demand":1,"DemandMax":null,"Value":21952},{"Length":136,"Height":161,"Demand":1,"DemandMax":null,"Value":21896},{"Length":206,"Height":106,"Demand":1,"DemandMax":null,"Value":21836},{"Length":135,"Height":161,"Demand":1,"DemandMax":null,"Value":21735},{"Length":139,"Height":155,"Demand":1,"DemandMax":null,"Value":21545},{"Length":167,"Height":129,"Demand":1,"DemandMax":null,"Value":21543},{"Length":115,"Height":187,"Demand":1,"DemandMax":null,"Value":21505},{"Length":182,"Height":118,"Demand":1,"DemandMax":null,"Value":21476},{"Length":109,"Height":195,"Demand":1,"DemandMax":null,"Value":21255},{"Length":123,"Height":172,"Demand":1,"DemandMax":null,"Value":21156},{"Length":164,"Height":129,"Demand":1,"DemandMax":null,"Value":21156},{"Length":169,"Height":125,"Demand":1,"DemandMax":null,"Value":21125},{"Length":154,"Height":137,"Demand":1,"DemandMax":null,"Value":21098},{"Length":105,"Height":200,"Demand":1,"DemandMax":null,"Value":21000},{"Length":203,"Height":103,"Demand":1,"DemandMax":null,"Value":20909},{"Length":133,"Height":157,"Demand":1,"DemandMax":null,"Value":20881},{"Length":122,"Height":170,"Demand":1,"DemandMax":null,"Value":20740},{"Length":140,"Height":148,"Demand":1,"DemandMax":null,"Value":20720},{"Length":127,"Height":163,"Demand":1,"DemandMax":null,"Value":20701},{"Length":136,"Height":152,"Demand":1,"DemandMax":null,"Value":20672},{"Length":135,"Height":153,"Demand":1,"DemandMax":null,"Value":20655},{"Length":154,"Height":134,"Demand":1,"DemandMax":null,"Value":20636},{"Length":204,"Height":101,"Demand":1,"DemandMax":null,"Value":20604},{"Length":143,"Height":144,"Demand":1,"DemandMax":null,"Value":20592},{"Length":132,"Height":155,"Demand":1,"DemandMax":null,"Value":20460},{"Length":116,"Height":176,"Demand":1,"DemandMax":null,"Value":20416},{"Length":117,"Height":174,"Demand":1,"DemandMax":null,"Value":20358},{"Length":175,"Height":116,"Demand":1,"DemandMax":null,"Value":20300},{"Length":140,"Height":145,"Demand":1,"DemandMax":null,"Value":20300},{"Length":118,"Height":172,"Demand":1,"DemandMax":null,"Value":20296},{"Length":149,"Height":135,"Demand":1,"DemandMax":null,"Value":20115},{"Length":124,"Height":162,"Demand":1,"DemandMax":null,"Value":20088},{"Length":127,"Height":158,"Demand":1,"DemandMax":null,"Value":20066},{"Length":112,"Height":179,"Demand":1,"DemandMax":null,"Value":20048},{"Length":187,"Height":107,"Demand":1,"DemandMax":null,"Value":20009},{"Length":156,"Height":127,"Demand":1,"DemandMax":null,"Value":19812},{"Length":165,"Height":120,"Demand":1,"DemandMax":null,"Value":19800},{"Length":167,"Height":118,"Demand":1,"DemandMax":null,"Value":19706},{"Length":191,"Height":103,"Demand":1,"DemandMax":null,"Value":19673},{"Length":140,"Height":140,"Demand":1,"DemandMax":null,"Value":19600},{"Length":141,"Height":139,"Demand":1,"DemandMax":null,"Value":19599},{"Length":190,"Height":103,"Demand":1,"DemandMax":null,"Value":19570},{"Length":155,"Height":126,"Demand":1,"DemandMax":null,"Value":19530},{"Length":191,"Height":102,"Demand":1,"DemandMax":null,"Value":19482},{"Length":180,"Height":108,"Demand":1,"DemandMax":null,"Value":19440},{"Length":130,"Height":149,"Demand":1,"DemandMax":null,"Value":19370},{"Length":132,"Height":146,"Demand":1,"DemandMax":null,"Value":19272},{"Length":107,"Height":180,"Demand":1,"DemandMax":null,"Value":19260},{"Length":100,"Height":192,"Demand":1,"DemandMax":null,"Value":19200},{"Length":102,"Height":188,"Demand":1,"DemandMax":null,"Value":19176},{"Length":163,"Height":117,"Demand":1,"DemandMax":null,"Value":19071},{"Length":145,"Height":131,"Demand":1,"DemandMax":null,"Value":18995},{"Length":130,"Height":145,"Demand":1,"DemandMax":null,"Value":18850},{"Length":120,"Height":157,"Demand":1,"DemandMax":null,"Value":18840},{"Length":161,"Height":117,"Demand":1,"DemandMax":null,"Value":18837},{"Length":104,"Height":181,"Demand":1,"DemandMax":null,"Value":18824},{"Length":106,"Height":177,"Demand":1,"DemandMax":null,"Value":18762},{"Length":131,"Height":142,"Demand":1,"DemandMax":null,"Value":18602},{"Length":103,"Height":180,"Demand":1,"DemandMax":null,"Value":18540},{"Length":132,"Height":140,"Demand":1,"DemandMax":null,"Value":18480},{"Length":119,"Height":155,"Demand":1,"DemandMax":null,"Value":18445},{"Length":121,"Height":152,"Demand":1,"DemandMax":null,"Value":18392},{"Length":141,"Height":130,"Demand":1,"DemandMax":null,"Value":18330},{"Length":156,"Height":117,"Demand":1,"DemandMax":null,"Value":18252},{"Length":140,"Height":130,"Demand":1,"DemandMax":null,"Value":18200},{"Length":103,"Height":176,"Demand":1,"DemandMax":null,"Value":18128},{"Length":148,"Height":122,"Demand":1,"DemandMax":null,"Value":18056},{"Length":177,"Height":102,"Demand":1,"DemandMax":null,"Value":18054},{"Length":117,"Height":154,"Demand":1,"DemandMax":null,"Value":18018},{"Length":154,"Height":116,"Demand":1,"DemandMax":null,"Value":17864},{"Length":151,"Height":118,"Demand":1,"DemandMax":null,"Value":17818},{"Length":159,"Height":112,"Demand":1,"DemandMax":null,"Value":17808},{"Length":105,"Height":169,"Demand":1,"DemandMax":null,"Value":17745},{"Length":104,"Height":170,"Demand":1,"DemandMax":null,"Value":17680},{"Length":121,"Height":146,"Demand":1,"DemandMax":null,"Value":17666},{"Length":102,"Height":171,"Demand":1,"DemandMax":null,"Value":17442},{"Length":170,"Height":102,"Demand":1,"DemandMax":null,"Value":17340},{"Length":136,"Height":127,"Demand":1,"DemandMax":null,"Value":17272},{"Length":141,"Height":122,"Demand":1,"DemandMax":null,"Value":17202},{"Length":170,"Height":101,"Demand":1,"DemandMax":null,"Value":17170},{"Length":132,"Height":130,"Demand":1,"DemandMax":null,"Value":17160},{"Length":143,"Height":120,"Demand":1,"DemandMax":null,"Value":17160},{"Length":132,"Height":128,"Demand":1,"DemandMax":null,"Value":16896},{"Length":150,"Height":111,"Demand":1,"DemandMax":null,"Value":16650},{"Length":102,"Height":163,"Demand":1,"DemandMax":null,"Value":16626},{"Length":160,"Height":103,"Demand":1,"DemandMax":null,"Value":16480},{"Length":155,"Height":105,"Demand":1,"DemandMax":null,"Value":16275},{"Length":113,"Height":144,"Demand":1,"DemandMax":null,"Value":16272},{"Length":153,"Height":106,"Demand":1,"DemandMax":null,"Value":16218},{"Length":105,"Height":154,"Demand":1,"DemandMax":null,"Value":16170},{"Length":118,"Height":137,"Demand":1,"DemandMax":null,"Value":16166},{"Length":107,"Height":151,"Demand":1,"DemandMax":null,"Value":16157},{"Length":157,"Height":102,"Demand":1,"DemandMax":null,"Value":16014},{"Length":111,"Height":144,"Demand":1,"DemandMax":null,"Value":15984},{"Length":132,"Height":118,"Demand":1,"DemandMax":null,"Value":15576},{"Length":117,"Height":133,"Demand":1,"DemandMax":null,"Value":15561},{"Length":140,"Height":111,"Demand":1,"DemandMax":null,"Value":15540},{"Length":130,"Height":118,"Demand":1,"DemandMax":null,"Value":15340},{"Length":122,"Height":125,"Demand":1,"DemandMax":null,"Value":15250},{"Length":132,"Height":115,"Demand":1,"DemandMax":null,"Value":15180},{"Length":116,"Height":130,"Demand":1,"DemandMax":null,"Value":15080},{"Length":131,"Height":115,"Demand":1,"DemandMax":null,"Value":15065},{"Length":142,"Height":106,"Demand":1,"DemandMax":null,"Value":15052},{"Length":108,"Height":139,"Demand":1,"DemandMax":null,"Value":15012},{"Length":106,"Height":141,"Demand":1,"DemandMax":null,"Value":14946},{"Length":137,"Height":109,"Demand":1,"DemandMax":null,"Value":14933},{"Length":147,"Height":101,"Demand":1,"DemandMax":null,"Value":14847},{"Length":138,"Height":107,"Demand":1,"DemandMax":null,"Value":14766},{"Length":118,"Height":125,"Demand":1,"DemandMax":null,"Value":14750},{"Length":139,"Height":105,"Demand":1,"DemandMax":null,"Value":14595},{"Length":102,"Height":143,"Demand":1,"DemandMax":null,"Value":14586},{"Length":101,"Height":144,"Demand":1,"DemandMax":null,"Value":14544},{"Length":110,"Height":132,"Demand":1,"DemandMax":null,"Value":14520},{"Length":132,"Height":108,"Demand":1,"DemandMax":null,"Value":14256},{"Length":108,"Height":128,"Demand":1,"DemandMax":null,"Value":13824},{"Length":110,"Height":124,"Demand":1,"DemandMax":null,"Value":13640},{"Length":119,"Height":112,"Demand":1,"DemandMax":null,"Value":13328},{"Length":128,"Height":103,"Demand":1,"DemandMax":null,"Value":13184},{"Length":110,"Height":118,"Demand":1,"DemandMax":null,"Value":12980},{"Length":127,"Height":102,"Demand":1,"DemandMax":null,"Value":12954},{"Length":112,"Height":114,"Demand":1,"DemandMax":null,"Value":12768},{"Length":101,"Height":124,"Demand":1,"DemandMax":null,"Value":12524},{"Length":105,"Height":119,"Demand":1,"DemandMax":null,"Value":12495},{"Length":117,"Height":105,"Demand":1,"DemandMax":null,"Value":12285},{"Length":102,"Height":117,"Demand":1,"DemandMax":null,"Value":11934},{"Length":101,"Height":111,"Demand":1,"DemandMax":null,"Value":11211},{"Length":108,"Height":103,"Demand":1,"DemandMax":null,"Value":11124},{"Length":101,"Height":108,"Demand":1,"DemandMax":null,"Value":10908}]}