{"Name":"AH121","Objects":[{"Length":1000,"Height":41425,"Stock":null,"Cost":41425000}],"Items":[{"Length":297,"Height":286,"Demand":10,"DemandMax":null,"Value":84942},{"Length":260,"Height":300,"Demand":10,"DemandMax":null,"Value":78000},{"Length":299,"Height":252,"Demand":10,"DemandMax":null,"Value":75348},{"Length":263,"Height":279,"Demand":10,"DemandMax":null,"Value":73377},{"Length":257,"Height":283,"Demand":10,"DemandMax":null,"Value":72731},{"Length":287,"Height":247,"Demand":10,"DemandMax":null,"Value":70889},{"Length":244,"Height":288,"Demand":10,"DemandMax":null,"Value":70272},{"Length":270,"Height":259,"Demand":10,"DemandMax":null,"Value":69930},{"Length":236,"Height":295,"Demand":10,"DemandMax":null,"Value":69620},{"Length":250,"Height":271,"Demand":10,"DemandMax":null,"Value":67750},{"Length":257,"Height":261,"Demand":10,"DemandMax":null,"Value":67077},{"Length":236,"Height":277,"Demand":10,"DemandMax":null,"Value":65372},{"Length":220,"Height":296,"Demand":10,"DemandMax":null,"Value":65120},{"Length":226,"Height":283,"Demand":10,"DemandMax":null,"Value":63958},{"Length":254,"Height":233,"Demand":10,"DemandMax":null,"Value":59182},{"Length":240,"Height":242,"Demand":10,"DemandMax":null,"Value":58080},{"Length":214,"Height":267,"Demand":10,"DemandMax":null,"Value":57138},{"Length":280,"Height":202,"Demand":10,"DemandMax":null,"Value":56560},{"Length":219,"Height":257,"Demand":10,"DemandMax":null,"Value":56283},{"Length":290,"Height":194,"Demand":10,"DemandMax":null,"Value":56260},{"Length":218,"Height":258,"Demand":10,"DemandMax":null,"Value":56244},{"Length":206,"Height":271,"Demand":10,"DemandMax":null,"Value":55826},{"Length":255,"Height":218,"Demand":10,"DemandMax":null,"Value":55590},{"Length":198,"Height":279,"Demand":10,"DemandMax":null,"Value":55242},{"Length":294,"Height":187,"Demand":10,"DemandMax":null,"Value":54978},{"Length":266,"Height":204,"Demand":10,"DemandMax":null,"Value":54264},{"Length":279,"Height":194,"Demand":10,"DemandMax":null,"Value":54126},{"Length":231,"Height":233,"Demand":10,"DemandMax":null,"Value":53823},{"Length":200,"Height":266,"Demand":10,"DemandMax":null,"Value":53200},{"Length":268,"Height":198,"Demand":10,"DemandMax":null,"Value":53064},{"Length":197,"Height":263,"Demand":10,"DemandMax":null,"Value":51811},{"Length":202,"Height":256,"Demand":10,"DemandMax":null,"Value":51712},{"Length":237,"Height":216,"Demand":10,"DemandMax":null,"Value":51192},{"Length":167,"Height":300,"Demand":10,"DemandMax":null,"Value":50100},{"Length":167,"Height":296,"Demand":10,"DemandMax":null,"Value":49432},{"Length":285,"Height":169,"Demand":10,"DemandMax":null,"Value":48165},{"Length":297,"Height":159,"Demand":10,"DemandMax":null,"Value":47223},{"Length":200,"Height":231,"Demand":10,"DemandMax":null,"Value":46200},{"Length":273,"Height":166,"Demand":10,"DemandMax":null,"Value":45318},{"Length":211,"Height":214,"Demand":10,"DemandMax":null,"Value":45154},{"Length":153,"Height":295,"Demand":10,"DemandMax":null,"Value":45135},{"Length":159,"Height":280,"Demand":10,"DemandMax":null,"Value":44520},{"Length":181,"Height":232,"Demand":10,"DemandMax":null,"Value":41992},{"Length":151,"Height":277,"Demand":10,"DemandMax":null,"Value":41827},{"Length":224,"Height":183,"Demand":10,"DemandMax":null,"Value":40992},{"Length":151,"Height":271,"Demand":10,"DemandMax":null,"Value":40921},{"Length":157,"Height":255,"Demand":10,"DemandMax":null,"Value":40035},{"Length":132,"Height":300,"Demand":10,"DemandMax":null,"Value":39600},{"Length":214,"Height":185,"Demand":10,"DemandMax":null,"Value":39590},{"Length":152,"Height":259,"Demand":10,"DemandMax":null,"Value":39368},{"Length":141,"Height":277,"Demand":10,"DemandMax":null,"Value":39057},{"Length":261,"Height":148,"Demand":10,"DemandMax":null,"Value":38628},{"Length":133,"Height":287,"Demand":10,"DemandMax":null,"Value":38171},{"Length":151,"Height":251,"Demand":10,"DemandMax":null,"Value":37901},{"Length":291,"Height":130,"Demand":10,"DemandMax":null,"Value":37830},{"Length":262,"Height":139,"Demand":10,"DemandMax":null,"Value":36418},{"Length":218,"Height":167,"Demand":10,"DemandMax":null,"Value":36406},{"Length":292,"Height":124,"Demand":10,"DemandMax":null,"Value":36208},{"Length":131,"Height":274,"Demand":10,"DemandMax":null,"Value":35894},{"Length":206,"Height":167,"Demand":10,"DemandMax":null,"Value":34402},{"Length":141,"Height":243,"Demand":10,"DemandMax":null,"Value":34263},{"Length":250,"Height":134,"Demand":10,"DemandMax":null,"Value":33500},{"Length":221,"Height":151,"Demand":10,"DemandMax":null,"Value":33371},{"Length":117,"Height":276,"Demand":10,"DemandMax":null,"Value":32292},{"Length":159,"Height":203,"Demand":10,"DemandMax":null,"Value":32277},{"Length":126,"Height":250,"Demand":10,"DemandMax":null,"Value":31500},{"Length":294,"Height":106,"Demand":10,"DemandMax":null,"Value":31164},{"Length":157,"Height":197,"Demand":10,"DemandMax":null,"Value":30929},{"Length":184,"Height":167,"Demand":10,"DemandMax":null,"Value":30728},{"Length":115,"Height":263,"Demand":10,"DemandMax":null,"Value":30245},{"Length":125,"Height":240,"Demand":10,"DemandMax":null,"Value":30000},{"Length":120,"Height":250,"Demand":10,"DemandMax":null,"Value":30000},{"Length":120,"Height":244,"Demand":10,"DemandMax":null,"Value":29280},{"Length":205,"Height":133,"Demand":10,"DemandMax":null,"Value":27265},{"Length":236,"Height":114,"Demand":10,"DemandMax":null,"Value":26904},{"Length":216,"Height":123,"Demand":10,"DemandMax":null,"Value":26568},{"Length":135,"Height":192,"Demand":10,"DemandMax":null,"Value":25920},{"Length":121,"Height":208,"Demand":10,"DemandMax":null,"Value":25168},{"Length":160,"Height":155,"Demand":10,"DemandMax":null,"Value":24800},{"Length":176,"Height":139,"Demand":10,"DemandMax":null,"Value":24464},{"Length":214,"Height":114,"Demand":10,"DemandMax":null,"Value":24396},{"Length":110,"Height":221,"Demand":10,"DemandMax":null,"Value":24310},{"Length":237,"Height":102,"Demand":10,"DemandMax":null,"Value":24174},{"Length":145,"Height":162,"Demand":10,"DemandMax":null,"Value":23490},{"Length":127,"Height":181,"Demand":10,"DemandMax":null,"Value":22987},{"Length":167,"Height":136,"Demand":10,"DemandMax":null,"Value":22712},{"Length":187,"Height":121,"Demand":10,"DemandMax":null,"Value":22627},{"Length":112,"Height":200,"Demand":10,"DemandMax":null,"Value":22400},{"Length":213,"Height":105,"Demand":10,"DemandMax":null,"Value":22365},{"Length":111,"Height":196,"Demand":10,"DemandMax":null,"Value":21756},{"Length":126,"Height":161,"Demand":10,"DemandMax":null,"Value":20286},{"Length":106,"Height":182,"Demand":10,"DemandMax":null,"Value":19292},{"Length":159,"Height":121,"Demand":10,"DemandMax":null,"Value":19239},{"Length":117,"Height":162,"Demand":10,"DemandMax":null,"Value":18954},{"Length":166,"Height":107,"Demand":10,"DemandMax":null,"Value":17762},{"Length":110,"Height":154,"Demand":10,"DemandMax":null,"Value":16940},{"Length":108,"Height":134,"Demand":10,"DemandMax":null,"Value":14472},{"Length":111,"Height":122,"Demand":10,"DemandMax":null,"Value":13542},{"Length":105,"Height":123,"Demand":10,"DemandMax":null,"Value":12915},{"Length":106,"Height":111,"Demand":10,"DemandMax":null,"Value":11766}]}