{"Name":"AH22","Objects":[{"Length":1000,"Height":42687,"Stock":null,"Cost":42687000}],"Items":[{"Length":226,"Height":287,"Demand":100,"DemandMax":null,"Value":64862},{"Length":223,"Height":260,"Demand":100,"DemandMax":null,"Value":57980},{"Length":196,"Height":292,"Demand":100,"DemandMax":null,"Value":57232},{"Length":187,"Height":268,"Demand":100,"DemandMax":null,"Value":50116},{"Length":235,"Height":210,"Demand":100,"DemandMax":null,"Value":49350},{"Length":230,"Height":205,"Demand":100,"DemandMax":null,"Value":47150},{"Length":195,"Height":152,"Demand":100,"DemandMax":null,"Value":29640},{"Length":200,"Height":133,"Demand":100,"DemandMax":null,"Value":26600},{"Length":150,"Height":147,"Demand":100,"DemandMax":null,"Value":22050},{"Length":171,"Height":128,"Demand":100,"DemandMax":null,"Value":21888}]}