{"Name":"AH303","Objects":[{"Length":1000,"Height":2509,"Stock":null,"Cost":2509000}],"Items":[{"Length":74,"Height":75,"Demand":1,"DemandMax":null,"Value":5550},{"Length":74,"Height":74,"Demand":1,"DemandMax":null,"Value":5476},{"Length":73,"Height":75,"Demand":1,"DemandMax":null,"Value":5475},{"Length":74,"Height":73,"Demand":1,"DemandMax":null,"Value":5402},{"Length":75,"Height":72,"Demand":1,"DemandMax":null,"Value":5400},{"Length":73,"Height":73,"Demand":1,"DemandMax":null,"Value":5329},{"Length":72,"Height":73,"Demand":1,"DemandMax":null,"Value":5256},{"Length":74,"Height":71,"Demand":1,"DemandMax":null,"Value":5254},{"Length":71,"Height":73,"Demand":1,"DemandMax":null,"Value":5183},{"Length":74,"Height":70,"Demand":1,"DemandMax":null,"Value":5180},{"Length":69,"Height":75,"Demand":1,"DemandMax":null,"Value":5175},{"Length":73,"Height":70,"Demand":1,"DemandMax":null,"Value":5110},{"Length":69,"Height":74,"Demand":1,"DemandMax":null,"Value":5106},{"Length":68,"Height":75,"Demand":1,"DemandMax":null,"Value":5100},{"Length":71,"Height":71,"Demand":1,"DemandMax":null,"Value":5041},{"Length":70,"Height":72,"Demand":1,"DemandMax":null,"Value":5040},{"Length":73,"Height":69,"Demand":1,"DemandMax":null,"Value":5037},{"Length":70,"Height":71,"Demand":1,"DemandMax":null,"Value":4970},{"Length":72,"Height":69,"Demand":1,"DemandMax":null,"Value":4968},{"Length":73,"Height":68,"Demand":1,"DemandMax":null,"Value":4964},{"Length":67,"Height":74,"Demand":1,"DemandMax":null,"Value":4958},{"Length":75,"Height":66,"Demand":1,"DemandMax":null,"Value":4950},{"Length":69,"Height":71,"Demand":1,"DemandMax":null,"Value":4899},{"Length":72,"Height":68,"Demand":1,"DemandMax":null,"Value":4896},{"Length":73,"Height":67,"Demand":1,"DemandMax":null,"Value":4891},{"Length":75,"Height":65,"Demand":1,"DemandMax":null,"Value":4875},{"Length":70,"Height":69,"Demand":1,"DemandMax":null,"Value":4830},{"Length":71,"Height":68,"Demand":1,"DemandMax":null,"Value":4828},{"Length":72,"Height":67,"Demand":1,"DemandMax":null,"Value":4824},{"Length":73,"Height":66,"Demand":1,"DemandMax":null,"Value":4818},{"Length":65,"Height":74,"Demand":1,"DemandMax":null,"Value":4810},{"Length":75,"Height":64,"Demand":1,"DemandMax":null,"Value":4800},{"Length":69,"Height":69,"Demand":1,"DemandMax":null,"Value":4761},{"Length":70,"Height":68,"Demand":1,"DemandMax":null,"Value":4760},{"Length":71,"Height":67,"Demand":1,"DemandMax":null,"Value":4757},{"Length":66,"Height":72,"Demand":1,"DemandMax":null,"Value":4752},{"Length":73,"Height":65,"Demand":1,"DemandMax":null,"Value":4745},{"Length":64,"Height":74,"Demand":1,"DemandMax":null,"Value":4736},{"Length":63,"Height":75,"Demand":1,"DemandMax":null,"Value":4725},{"Length":68,"Height":69,"Demand":1,"DemandMax":null,"Value":4692},{"Length":67,"Height":70,"Demand":1,"DemandMax":null,"Value":4690},{"Length":66,"Height":71,"Demand":1,"DemandMax":null,"Value":4686},{"Length":65,"Height":72,"Demand":1,"DemandMax":null,"Value":4680},{"Length":73,"Height":64,"Demand":1,"DemandMax":null,"Value":4672},{"Length":63,"Height":74,"Demand":1,"DemandMax":null,"Value":4662},{"Length":62,"Height":75,"Demand":1,"DemandMax":null,"Value":4650},{"Length":68,"Height":68,"Demand":1,"DemandMax":null,"Value":4624},{"Length":69,"Height":67,"Demand":1,"DemandMax":null,"Value":4623},{"Length":72,"Height":64,"Demand":1,"DemandMax":null,"Value":4608},{"Length":63,"Height":73,"Demand":1,"DemandMax":null,"Value":4599},{"Length":61,"Height":75,"Demand":1,"DemandMax":null,"Value":4575},{"Length":66,"Height":69,"Demand":1,"DemandMax":null,"Value":4554},{"Length":65,"Height":70,"Demand":1,"DemandMax":null,"Value":4550},{"Length":64,"Height":71,"Demand":1,"DemandMax":null,"Value":4544},{"Length":63,"Height":72,"Demand":1,"DemandMax":null,"Value":4536},{"Length":62,"Height":73,"Demand":1,"DemandMax":null,"Value":4526},{"Length":74,"Height":61,"Demand":1,"DemandMax":null,"Value":4514},{"Length":60,"Height":75,"Demand":1,"DemandMax":null,"Value":4500},{"Length":69,"Height":65,"Demand":1,"DemandMax":null,"Value":4485},{"Length":70,"Height":64,"Demand":1,"DemandMax":null,"Value":4480},{"Length":62,"Height":72,"Demand":1,"DemandMax":null,"Value":4464},{"Length":59,"Height":75,"Demand":1,"DemandMax":null,"Value":4425},{"Length":66,"Height":67,"Demand":1,"DemandMax":null,"Value":4422},{"Length":71,"Height":62,"Demand":1,"DemandMax":null,"Value":4402},{"Length":72,"Height":61,"Demand":1,"DemandMax":null,"Value":4392},{"Length":73,"Height":60,"Demand":1,"DemandMax":null,"Value":4380},{"Length":59,"Height":74,"Demand":1,"DemandMax":null,"Value":4366},{"Length":66,"Height":66,"Demand":1,"DemandMax":null,"Value":4356},{"Length":65,"Height":67,"Demand":1,"DemandMax":null,"Value":4355},{"Length":68,"Height":64,"Demand":1,"DemandMax":null,"Value":4352},{"Length":75,"Height":58,"Demand":1,"DemandMax":null,"Value":4350},{"Length":69,"Height":63,"Demand":1,"DemandMax":null,"Value":4347},{"Length":62,"Height":70,"Demand":1,"DemandMax":null,"Value":4340},{"Length":71,"Height":61,"Demand":1,"DemandMax":null,"Value":4331},{"Length":59,"Height":73,"Demand":1,"DemandMax":null,"Value":4307},{"Length":58,"Height":74,"Demand":1,"DemandMax":null,"Value":4292},{"Length":65,"Height":66,"Demand":1,"DemandMax":null,"Value":4290},{"Length":64,"Height":67,"Demand":1,"DemandMax":null,"Value":4288},{"Length":63,"Height":68,"Demand":1,"DemandMax":null,"Value":4284},{"Length":62,"Height":69,"Demand":1,"DemandMax":null,"Value":4278},{"Length":60,"Height":71,"Demand":1,"DemandMax":null,"Value":4260},{"Length":73,"Height":58,"Demand":1,"DemandMax":null,"Value":4234},{"Length":66,"Height":64,"Demand":1,"DemandMax":null,"Value":4224},{"Length":63,"Height":67,"Demand":1,"DemandMax":null,"Value":4221},{"Length":57,"Height":74,"Demand":1,"DemandMax":null,"Value":4218},{"Length":68,"Height":62,"Demand":1,"DemandMax":null,"Value":4216},{"Length":61,"Height":69,"Demand":1,"DemandMax":null,"Value":4209},{"Length":70,"Height":60,"Demand":1,"DemandMax":null,"Value":4200},{"Length":56,"Height":75,"Demand":1,"DemandMax":null,"Value":4200},{"Length":59,"Height":71,"Demand":1,"DemandMax":null,"Value":4189},{"Length":72,"Height":58,"Demand":1,"DemandMax":null,"Value":4176},{"Length":73,"Height":57,"Demand":1,"DemandMax":null,"Value":4161},{"Length":64,"Height":65,"Demand":1,"DemandMax":null,"Value":4160},{"Length":62,"Height":67,"Demand":1,"DemandMax":null,"Value":4154},{"Length":68,"Height":61,"Demand":1,"DemandMax":null,"Value":4148},{"Length":59,"Height":70,"Demand":1,"DemandMax":null,"Value":4130},{"Length":58,"Height":71,"Demand":1,"DemandMax":null,"Value":4118},{"Length":72,"Height":57,"Demand":1,"DemandMax":null,"Value":4104},{"Length":64,"Height":64,"Demand":1,"DemandMax":null,"Value":4096},{"Length":62,"Height":66,"Demand":1,"DemandMax":null,"Value":4092},{"Length":56,"Height":73,"Demand":1,"DemandMax":null,"Value":4088},{"Length":67,"Height":61,"Demand":1,"DemandMax":null,"Value":4087},{"Length":69,"Height":59,"Demand":1,"DemandMax":null,"Value":4071},{"Length":55,"Height":74,"Demand":1,"DemandMax":null,"Value":4070},{"Length":70,"Height":58,"Demand":1,"DemandMax":null,"Value":4060},{"Length":75,"Height":54,"Demand":1,"DemandMax":null,"Value":4050},{"Length":71,"Height":57,"Demand":1,"DemandMax":null,"Value":4047},{"Length":63,"Height":64,"Demand":1,"DemandMax":null,"Value":4032},{"Length":56,"Height":72,"Demand":1,"DemandMax":null,"Value":4032},{"Length":65,"Height":62,"Demand":1,"DemandMax":null,"Value":4030},{"Length":61,"Height":66,"Demand":1,"DemandMax":null,"Value":4026},{"Length":60,"Height":67,"Demand":1,"DemandMax":null,"Value":4020},{"Length":55,"Height":73,"Demand":1,"DemandMax":null,"Value":4015},{"Length":68,"Height":59,"Demand":1,"DemandMax":null,"Value":4012},{"Length":70,"Height":57,"Demand":1,"DemandMax":null,"Value":3990},{"Length":71,"Height":56,"Demand":1,"DemandMax":null,"Value":3976},{"Length":63,"Height":63,"Demand":1,"DemandMax":null,"Value":3969},{"Length":62,"Height":64,"Demand":1,"DemandMax":null,"Value":3968},{"Length":65,"Height":61,"Demand":1,"DemandMax":null,"Value":3965},{"Length":60,"Height":66,"Demand":1,"DemandMax":null,"Value":3960},{"Length":59,"Height":67,"Demand":1,"DemandMax":null,"Value":3953},{"Length":58,"Height":68,"Demand":1,"DemandMax":null,"Value":3944},{"Length":54,"Height":73,"Demand":1,"DemandMax":null,"Value":3942},{"Length":69,"Height":57,"Demand":1,"DemandMax":null,"Value":3933},{"Length":70,"Height":56,"Demand":1,"DemandMax":null,"Value":3920},{"Length":62,"Height":63,"Demand":1,"DemandMax":null,"Value":3906},{"Length":64,"Height":61,"Demand":1,"DemandMax":null,"Value":3904},{"Length":52,"Height":75,"Demand":1,"DemandMax":null,"Value":3900},{"Length":54,"Height":72,"Demand":1,"DemandMax":null,"Value":3888},{"Length":58,"Height":67,"Demand":1,"DemandMax":null,"Value":3886},{"Length":57,"Height":68,"Demand":1,"DemandMax":null,"Value":3876},{"Length":73,"Height":53,"Demand":1,"DemandMax":null,"Value":3869},{"Length":69,"Height":56,"Demand":1,"DemandMax":null,"Value":3864},{"Length":52,"Height":74,"Demand":1,"DemandMax":null,"Value":3848},{"Length":62,"Height":62,"Demand":1,"DemandMax":null,"Value":3844},{"Length":63,"Height":61,"Demand":1,"DemandMax":null,"Value":3843},{"Length":64,"Height":60,"Demand":1,"DemandMax":null,"Value":3840},{"Length":71,"Height":54,"Demand":1,"DemandMax":null,"Value":3834},{"Length":66,"Height":58,"Demand":1,"DemandMax":null,"Value":3828},{"Length":75,"Height":51,"Demand":1,"DemandMax":null,"Value":3825},{"Length":53,"Height":72,"Demand":1,"DemandMax":null,"Value":3816},{"Length":56,"Height":68,"Demand":1,"DemandMax":null,"Value":3808},{"Length":55,"Height":69,"Demand":1,"DemandMax":null,"Value":3795},{"Length":62,"Height":61,"Demand":1,"DemandMax":null,"Value":3782},{"Length":54,"Height":70,"Demand":1,"DemandMax":null,"Value":3780},{"Length":64,"Height":59,"Demand":1,"DemandMax":null,"Value":3776},{"Length":74,"Height":51,"Demand":1,"DemandMax":null,"Value":3774},{"Length":65,"Height":58,"Demand":1,"DemandMax":null,"Value":3770},{"Length":53,"Height":71,"Demand":1,"DemandMax":null,"Value":3763},{"Length":57,"Height":66,"Demand":1,"DemandMax":null,"Value":3762},{"Length":56,"Height":67,"Demand":1,"DemandMax":null,"Value":3752},{"Length":72,"Height":52,"Demand":1,"DemandMax":null,"Value":3744},{"Length":68,"Height":55,"Demand":1,"DemandMax":null,"Value":3740},{"Length":51,"Height":73,"Demand":1,"DemandMax":null,"Value":3723},{"Length":62,"Height":60,"Demand":1,"DemandMax":null,"Value":3720},{"Length":70,"Height":53,"Demand":1,"DemandMax":null,"Value":3710},{"Length":57,"Height":65,"Demand":1,"DemandMax":null,"Value":3705},{"Length":50,"Height":74,"Demand":1,"DemandMax":null,"Value":3700},{"Length":66,"Height":56,"Demand":1,"DemandMax":null,"Value":3696},{"Length":55,"Height":67,"Demand":1,"DemandMax":null,"Value":3685},{"Length":75,"Height":49,"Demand":1,"DemandMax":null,"Value":3675},{"Length":54,"Height":68,"Demand":1,"DemandMax":null,"Value":3672},{"Length":51,"Height":72,"Demand":1,"DemandMax":null,"Value":3672},{"Length":60,"Height":61,"Demand":1,"DemandMax":null,"Value":3660},{"Length":69,"Height":53,"Demand":1,"DemandMax":null,"Value":3657},{"Length":63,"Height":58,"Demand":1,"DemandMax":null,"Value":3654},{"Length":50,"Height":73,"Demand":1,"DemandMax":null,"Value":3650},{"Length":57,"Height":64,"Demand":1,"DemandMax":null,"Value":3648},{"Length":55,"Height":66,"Demand":1,"DemandMax":null,"Value":3630},{"Length":51,"Height":71,"Demand":1,"DemandMax":null,"Value":3621},{"Length":67,"Height":54,"Demand":1,"DemandMax":null,"Value":3618},{"Length":68,"Height":53,"Demand":1,"DemandMax":null,"Value":3604},{"Length":50,"Height":72,"Demand":1,"DemandMax":null,"Value":3600},{"Length":48,"Height":75,"Demand":1,"DemandMax":null,"Value":3600},{"Length":61,"Height":59,"Demand":1,"DemandMax":null,"Value":3599},{"Length":57,"Height":63,"Demand":1,"DemandMax":null,"Value":3591},{"Length":52,"Height":69,"Demand":1,"DemandMax":null,"Value":3588},{"Length":51,"Height":70,"Demand":1,"DemandMax":null,"Value":3570},{"Length":54,"Height":66,"Demand":1,"DemandMax":null,"Value":3564},{"Length":48,"Height":74,"Demand":1,"DemandMax":null,"Value":3552},{"Length":67,"Height":53,"Demand":1,"DemandMax":null,"Value":3551},{"Length":60,"Height":59,"Demand":1,"DemandMax":null,"Value":3540},{"Length":52,"Height":68,"Demand":1,"DemandMax":null,"Value":3536},{"Length":57,"Height":62,"Demand":1,"DemandMax":null,"Value":3534},{"Length":56,"Height":63,"Demand":1,"DemandMax":null,"Value":3528},{"Length":75,"Height":47,"Demand":1,"DemandMax":null,"Value":3525},{"Length":55,"Height":64,"Demand":1,"DemandMax":null,"Value":3520},{"Length":48,"Height":73,"Demand":1,"DemandMax":null,"Value":3504},{"Length":66,"Height":53,"Demand":1,"DemandMax":null,"Value":3498},{"Length":67,"Height":52,"Demand":1,"DemandMax":null,"Value":3484},{"Length":71,"Height":49,"Demand":1,"DemandMax":null,"Value":3479},{"Length":47,"Height":74,"Demand":1,"DemandMax":null,"Value":3478},{"Length":61,"Height":57,"Demand":1,"DemandMax":null,"Value":3477},{"Length":56,"Height":62,"Demand":1,"DemandMax":null,"Value":3472},{"Length":68,"Height":51,"Demand":1,"DemandMax":null,"Value":3468},{"Length":63,"Height":55,"Demand":1,"DemandMax":null,"Value":3465},{"Length":72,"Height":48,"Demand":1,"DemandMax":null,"Value":3456},{"Length":64,"Height":54,"Demand":1,"DemandMax":null,"Value":3456},{"Length":75,"Height":46,"Demand":1,"DemandMax":null,"Value":3450},{"Length":69,"Height":50,"Demand":1,"DemandMax":null,"Value":3450},{"Length":65,"Height":53,"Demand":1,"DemandMax":null,"Value":3445},{"Length":66,"Height":52,"Demand":1,"DemandMax":null,"Value":3432},{"Length":73,"Height":47,"Demand":1,"DemandMax":null,"Value":3431},{"Length":49,"Height":70,"Demand":1,"DemandMax":null,"Value":3430},{"Length":58,"Height":59,"Demand":1,"DemandMax":null,"Value":3422},{"Length":57,"Height":60,"Demand":1,"DemandMax":null,"Value":3420},{"Length":51,"Height":67,"Demand":1,"DemandMax":null,"Value":3417},{"Length":61,"Height":56,"Demand":1,"DemandMax":null,"Value":3416},{"Length":55,"Height":62,"Demand":1,"DemandMax":null,"Value":3410},{"Length":71,"Height":48,"Demand":1,"DemandMax":null,"Value":3408},{"Length":54,"Height":63,"Demand":1,"DemandMax":null,"Value":3402},{"Length":53,"Height":64,"Demand":1,"DemandMax":null,"Value":3392},{"Length":47,"Height":72,"Demand":1,"DemandMax":null,"Value":3384},{"Length":49,"Height":69,"Demand":1,"DemandMax":null,"Value":3381},{"Length":65,"Height":52,"Demand":1,"DemandMax":null,"Value":3380},{"Length":75,"Height":45,"Demand":1,"DemandMax":null,"Value":3375},{"Length":66,"Height":51,"Demand":1,"DemandMax":null,"Value":3366},{"Length":58,"Height":58,"Demand":1,"DemandMax":null,"Value":3364},{"Length":56,"Height":60,"Demand":1,"DemandMax":null,"Value":3360},{"Length":61,"Height":55,"Demand":1,"DemandMax":null,"Value":3355},{"Length":50,"Height":67,"Demand":1,"DemandMax":null,"Value":3350},{"Length":54,"Height":62,"Demand":1,"DemandMax":null,"Value":3348},{"Length":53,"Height":63,"Demand":1,"DemandMax":null,"Value":3339},{"Length":47,"Height":71,"Demand":1,"DemandMax":null,"Value":3337},{"Length":49,"Height":68,"Demand":1,"DemandMax":null,"Value":3332},{"Length":46,"Height":72,"Demand":1,"DemandMax":null,"Value":3312},{"Length":48,"Height":69,"Demand":1,"DemandMax":null,"Value":3312},{"Length":58,"Height":57,"Demand":1,"DemandMax":null,"Value":3306},{"Length":50,"Height":66,"Demand":1,"DemandMax":null,"Value":3300},{"Length":55,"Height":60,"Demand":1,"DemandMax":null,"Value":3300},{"Length":61,"Height":54,"Demand":1,"DemandMax":null,"Value":3294},{"Length":47,"Height":70,"Demand":1,"DemandMax":null,"Value":3290},{"Length":53,"Height":62,"Demand":1,"DemandMax":null,"Value":3286},{"Length":73,"Height":45,"Demand":1,"DemandMax":null,"Value":3285},{"Length":49,"Height":67,"Demand":1,"DemandMax":null,"Value":3283},{"Length":52,"Height":63,"Demand":1,"DemandMax":null,"Value":3276},{"Length":48,"Height":68,"Demand":1,"DemandMax":null,"Value":3264},{"Length":50,"Height":65,"Demand":1,"DemandMax":null,"Value":3250},{"Length":57,"Height":57,"Demand":1,"DemandMax":null,"Value":3249},{"Length":55,"Height":59,"Demand":1,"DemandMax":null,"Value":3245},{"Length":72,"Height":45,"Demand":1,"DemandMax":null,"Value":3240},{"Length":75,"Height":43,"Demand":1,"DemandMax":null,"Value":3225},{"Length":62,"Height":52,"Demand":1,"DemandMax":null,"Value":3224},{"Length":46,"Height":70,"Demand":1,"DemandMax":null,"Value":3220},{"Length":67,"Height":48,"Demand":1,"DemandMax":null,"Value":3216},{"Length":63,"Height":51,"Demand":1,"DemandMax":null,"Value":3213},{"Length":73,"Height":44,"Demand":1,"DemandMax":null,"Value":3212},{"Length":68,"Height":47,"Demand":1,"DemandMax":null,"Value":3196},{"Length":45,"Height":71,"Demand":1,"DemandMax":null,"Value":3195},{"Length":57,"Height":56,"Demand":1,"DemandMax":null,"Value":3192},{"Length":55,"Height":58,"Demand":1,"DemandMax":null,"Value":3190},{"Length":49,"Height":65,"Demand":1,"DemandMax":null,"Value":3185},{"Length":43,"Height":74,"Demand":1,"DemandMax":null,"Value":3182},{"Length":53,"Height":60,"Demand":1,"DemandMax":null,"Value":3180},{"Length":69,"Height":46,"Demand":1,"DemandMax":null,"Value":3174},{"Length":52,"Height":61,"Demand":1,"DemandMax":null,"Value":3172},{"Length":72,"Height":44,"Demand":1,"DemandMax":null,"Value":3168},{"Length":63,"Height":50,"Demand":1,"DemandMax":null,"Value":3150},{"Length":75,"Height":42,"Demand":1,"DemandMax":null,"Value":3150},{"Length":45,"Height":70,"Demand":1,"DemandMax":null,"Value":3150},{"Length":47,"Height":67,"Demand":1,"DemandMax":null,"Value":3149},{"Length":49,"Height":64,"Demand":1,"DemandMax":null,"Value":3136},{"Length":56,"Height":56,"Demand":1,"DemandMax":null,"Value":3136},{"Length":57,"Height":55,"Demand":1,"DemandMax":null,"Value":3135},{"Length":54,"Height":58,"Demand":1,"DemandMax":null,"Value":3132},{"Length":53,"Height":59,"Demand":1,"DemandMax":null,"Value":3127},{"Length":71,"Height":44,"Demand":1,"DemandMax":null,"Value":3124},{"Length":48,"Height":65,"Demand":1,"DemandMax":null,"Value":3120},{"Length":60,"Height":52,"Demand":1,"DemandMax":null,"Value":3120},{"Length":74,"Height":42,"Demand":1,"DemandMax":null,"Value":3108},{"Length":69,"Height":45,"Demand":1,"DemandMax":null,"Value":3105},{"Length":66,"Height":47,"Demand":1,"DemandMax":null,"Value":3102},{"Length":62,"Height":50,"Demand":1,"DemandMax":null,"Value":3100},{"Length":72,"Height":43,"Demand":1,"DemandMax":null,"Value":3096},{"Length":63,"Height":49,"Demand":1,"DemandMax":null,"Value":3087},{"Length":44,"Height":70,"Demand":1,"DemandMax":null,"Value":3080},{"Length":55,"Height":56,"Demand":1,"DemandMax":null,"Value":3080},{"Length":75,"Height":41,"Demand":1,"DemandMax":null,"Value":3075},{"Length":58,"Height":53,"Demand":1,"DemandMax":null,"Value":3074},{"Length":52,"Height":59,"Demand":1,"DemandMax":null,"Value":3068},{"Length":73,"Height":42,"Demand":1,"DemandMax":null,"Value":3066},{"Length":45,"Height":68,"Demand":1,"DemandMax":null,"Value":3060},{"Length":51,"Height":60,"Demand":1,"DemandMax":null,"Value":3060},{"Length":47,"Height":65,"Demand":1,"DemandMax":null,"Value":3055},{"Length":71,"Height":43,"Demand":1,"DemandMax":null,"Value":3053},{"Length":50,"Height":61,"Demand":1,"DemandMax":null,"Value":3050},{"Length":49,"Height":62,"Demand":1,"DemandMax":null,"Value":3038},{"Length":44,"Height":69,"Demand":1,"DemandMax":null,"Value":3036},{"Length":66,"Height":46,"Demand":1,"DemandMax":null,"Value":3036},{"Length":55,"Height":55,"Demand":1,"DemandMax":null,"Value":3025},{"Length":54,"Height":56,"Demand":1,"DemandMax":null,"Value":3024},{"Length":72,"Height":42,"Demand":1,"DemandMax":null,"Value":3024},{"Length":63,"Height":48,"Demand":1,"DemandMax":null,"Value":3024},{"Length":53,"Height":57,"Demand":1,"DemandMax":null,"Value":3021},{"Length":52,"Height":58,"Demand":1,"DemandMax":null,"Value":3016},{"Length":67,"Height":45,"Demand":1,"DemandMax":null,"Value":3015},{"Length":59,"Height":51,"Demand":1,"DemandMax":null,"Value":3009},{"Length":64,"Height":47,"Demand":1,"DemandMax":null,"Value":3008},{"Length":75,"Height":40,"Demand":1,"DemandMax":null,"Value":3000},{"Length":41,"Height":73,"Demand":1,"DemandMax":null,"Value":2993},{"Length":44,"Height":68,"Demand":1,"DemandMax":null,"Value":2992},{"Length":46,"Height":65,"Demand":1,"DemandMax":null,"Value":2990},{"Length":61,"Height":49,"Demand":1,"DemandMax":null,"Value":2989},{"Length":48,"Height":62,"Demand":1,"DemandMax":null,"Value":2976},{"Length":54,"Height":55,"Demand":1,"DemandMax":null,"Value":2970},{"Length":45,"Height":66,"Demand":1,"DemandMax":null,"Value":2970},{"Length":56,"Height":53,"Demand":1,"DemandMax":null,"Value":2968},{"Length":69,"Height":43,"Demand":1,"DemandMax":null,"Value":2967},{"Length":57,"Height":52,"Demand":1,"DemandMax":null,"Value":2964},{"Length":58,"Height":51,"Demand":1,"DemandMax":null,"Value":2958},{"Length":41,"Height":72,"Demand":1,"DemandMax":null,"Value":2952},{"Length":59,"Height":50,"Demand":1,"DemandMax":null,"Value":2950},{"Length":67,"Height":44,"Demand":1,"DemandMax":null,"Value":2948},{"Length":64,"Height":46,"Demand":1,"DemandMax":null,"Value":2944},{"Length":42,"Height":70,"Demand":1,"DemandMax":null,"Value":2940},{"Length":60,"Height":49,"Demand":1,"DemandMax":null,"Value":2940},{"Length":61,"Height":48,"Demand":1,"DemandMax":null,"Value":2928},{"Length":39,"Height":75,"Demand":1,"DemandMax":null,"Value":2925},{"Length":43,"Height":68,"Demand":1,"DemandMax":null,"Value":2924},{"Length":40,"Height":73,"Demand":1,"DemandMax":null,"Value":2920},{"Length":55,"Height":53,"Demand":1,"DemandMax":null,"Value":2915},{"Length":62,"Height":47,"Demand":1,"DemandMax":null,"Value":2914},{"Length":52,"Height":56,"Demand":1,"DemandMax":null,"Value":2912},{"Length":41,"Height":71,"Demand":1,"DemandMax":null,"Value":2911},{"Length":57,"Height":51,"Demand":1,"DemandMax":null,"Value":2907},{"Length":50,"Height":58,"Demand":1,"DemandMax":null,"Value":2900},{"Length":42,"Height":69,"Demand":1,"DemandMax":null,"Value":2898},{"Length":46,"Height":63,"Demand":1,"DemandMax":null,"Value":2898},{"Length":74,"Height":39,"Demand":1,"DemandMax":null,"Value":2886},{"Length":45,"Height":64,"Demand":1,"DemandMax":null,"Value":2880},{"Length":40,"Height":72,"Demand":1,"DemandMax":null,"Value":2880},{"Length":41,"Height":70,"Demand":1,"DemandMax":null,"Value":2870},{"Length":47,"Height":61,"Demand":1,"DemandMax":null,"Value":2867},{"Length":53,"Height":54,"Demand":1,"DemandMax":null,"Value":2862},{"Length":65,"Height":44,"Demand":1,"DemandMax":null,"Value":2860},{"Length":55,"Height":52,"Demand":1,"DemandMax":null,"Value":2860},{"Length":68,"Height":42,"Demand":1,"DemandMax":null,"Value":2856},{"Length":56,"Height":51,"Demand":1,"DemandMax":null,"Value":2856},{"Length":62,"Height":46,"Demand":1,"DemandMax":null,"Value":2852},{"Length":38,"Height":75,"Demand":1,"DemandMax":null,"Value":2850},{"Length":50,"Height":57,"Demand":1,"DemandMax":null,"Value":2850},{"Length":73,"Height":39,"Demand":1,"DemandMax":null,"Value":2847},{"Length":49,"Height":58,"Demand":1,"DemandMax":null,"Value":2842},{"Length":71,"Height":40,"Demand":1,"DemandMax":null,"Value":2840},{"Length":66,"Height":43,"Demand":1,"DemandMax":null,"Value":2838},{"Length":63,"Height":45,"Demand":1,"DemandMax":null,"Value":2835},{"Length":60,"Height":47,"Demand":1,"DemandMax":null,"Value":2820},{"Length":64,"Height":44,"Demand":1,"DemandMax":null,"Value":2816},{"Length":67,"Height":42,"Demand":1,"DemandMax":null,"Value":2814},{"Length":74,"Height":38,"Demand":1,"DemandMax":null,"Value":2812},{"Length":53,"Height":53,"Demand":1,"DemandMax":null,"Value":2809},{"Length":52,"Height":54,"Demand":1,"DemandMax":null,"Value":2808},{"Length":72,"Height":39,"Demand":1,"DemandMax":null,"Value":2808},{"Length":46,"Height":61,"Demand":1,"DemandMax":null,"Value":2806},{"Length":50,"Height":56,"Demand":1,"DemandMax":null,"Value":2800},{"Length":40,"Height":70,"Demand":1,"DemandMax":null,"Value":2800},{"Length":65,"Height":43,"Demand":1,"DemandMax":null,"Value":2795},{"Length":57,"Height":49,"Demand":1,"DemandMax":null,"Value":2793},{"Length":62,"Height":45,"Demand":1,"DemandMax":null,"Value":2790},{"Length":41,"Height":68,"Demand":1,"DemandMax":null,"Value":2788},{"Length":58,"Height":48,"Demand":1,"DemandMax":null,"Value":2784},{"Length":37,"Height":75,"Demand":1,"DemandMax":null,"Value":2775},{"Length":38,"Height":73,"Demand":1,"DemandMax":null,"Value":2774},{"Length":47,"Height":59,"Demand":1,"DemandMax":null,"Value":2773},{"Length":63,"Height":44,"Demand":1,"DemandMax":null,"Value":2772},{"Length":42,"Height":66,"Demand":1,"DemandMax":null,"Value":2772},{"Length":39,"Height":71,"Demand":1,"DemandMax":null,"Value":2769},{"Length":46,"Height":60,"Demand":1,"DemandMax":null,"Value":2760},{"Length":52,"Height":53,"Demand":1,"DemandMax":null,"Value":2756},{"Length":54,"Height":51,"Demand":1,"DemandMax":null,"Value":2754},{"Length":64,"Height":43,"Demand":1,"DemandMax":null,"Value":2752},{"Length":67,"Height":41,"Demand":1,"DemandMax":null,"Value":2747},{"Length":45,"Height":61,"Demand":1,"DemandMax":null,"Value":2745},{"Length":37,"Height":74,"Demand":1,"DemandMax":null,"Value":2738},{"Length":38,"Height":72,"Demand":1,"DemandMax":null,"Value":2736},{"Length":48,"Height":57,"Demand":1,"DemandMax":null,"Value":2736},{"Length":70,"Height":39,"Demand":1,"DemandMax":null,"Value":2730},{"Length":58,"Height":47,"Demand":1,"DemandMax":null,"Value":2726},{"Length":40,"Height":68,"Demand":1,"DemandMax":null,"Value":2720},{"Length":46,"Height":59,"Demand":1,"DemandMax":null,"Value":2714},{"Length":43,"Height":63,"Demand":1,"DemandMax":null,"Value":2709},{"Length":66,"Height":41,"Demand":1,"DemandMax":null,"Value":2706},{"Length":52,"Height":52,"Demand":1,"DemandMax":null,"Value":2704},{"Length":73,"Height":37,"Demand":1,"DemandMax":null,"Value":2701},{"Length":60,"Height":45,"Demand":1,"DemandMax":null,"Value":2700},{"Length":54,"Height":50,"Demand":1,"DemandMax":null,"Value":2700},{"Length":71,"Height":38,"Demand":1,"DemandMax":null,"Value":2698},{"Length":39,"Height":69,"Demand":1,"DemandMax":null,"Value":2691},{"Length":48,"Height":56,"Demand":1,"DemandMax":null,"Value":2688},{"Length":42,"Height":64,"Demand":1,"DemandMax":null,"Value":2688},{"Length":61,"Height":44,"Demand":1,"DemandMax":null,"Value":2684},{"Length":67,"Height":40,"Demand":1,"DemandMax":null,"Value":2680},{"Length":57,"Height":47,"Demand":1,"DemandMax":null,"Value":2679},{"Length":58,"Height":46,"Demand":1,"DemandMax":null,"Value":2668},{"Length":62,"Height":43,"Demand":1,"DemandMax":null,"Value":2666},{"Length":41,"Height":65,"Demand":1,"DemandMax":null,"Value":2665},{"Length":74,"Height":36,"Demand":1,"DemandMax":null,"Value":2664},{"Length":72,"Height":37,"Demand":1,"DemandMax":null,"Value":2664},{"Length":70,"Height":38,"Demand":1,"DemandMax":null,"Value":2660},{"Length":45,"Height":59,"Demand":1,"DemandMax":null,"Value":2655},{"Length":39,"Height":68,"Demand":1,"DemandMax":null,"Value":2652},{"Length":51,"Height":52,"Demand":1,"DemandMax":null,"Value":2652},{"Length":54,"Height":49,"Demand":1,"DemandMax":null,"Value":2646},{"Length":42,"Height":63,"Demand":1,"DemandMax":null,"Value":2646},{"Length":44,"Height":60,"Demand":1,"DemandMax":null,"Value":2640},{"Length":48,"Height":55,"Demand":1,"DemandMax":null,"Value":2640},{"Length":66,"Height":40,"Demand":1,"DemandMax":null,"Value":2640},{"Length":36,"Height":73,"Demand":1,"DemandMax":null,"Value":2628},{"Length":71,"Height":37,"Demand":1,"DemandMax":null,"Value":2627},{"Length":35,"Height":75,"Demand":1,"DemandMax":null,"Value":2625},{"Length":41,"Height":64,"Demand":1,"DemandMax":null,"Value":2624},{"Length":46,"Height":57,"Demand":1,"DemandMax":null,"Value":2622},{"Length":38,"Height":69,"Demand":1,"DemandMax":null,"Value":2622},{"Length":58,"Height":45,"Demand":1,"DemandMax":null,"Value":2610},{"Length":42,"Height":62,"Demand":1,"DemandMax":null,"Value":2604},{"Length":65,"Height":40,"Demand":1,"DemandMax":null,"Value":2600},{"Length":49,"Height":53,"Demand":1,"DemandMax":null,"Value":2597},{"Length":59,"Height":44,"Demand":1,"DemandMax":null,"Value":2596},{"Length":36,"Height":72,"Demand":1,"DemandMax":null,"Value":2592},{"Length":48,"Height":54,"Demand":1,"DemandMax":null,"Value":2592},{"Length":35,"Height":74,"Demand":1,"DemandMax":null,"Value":2590},{"Length":37,"Height":70,"Demand":1,"DemandMax":null,"Value":2590},{"Length":55,"Height":47,"Demand":1,"DemandMax":null,"Value":2585},{"Length":68,"Height":38,"Demand":1,"DemandMax":null,"Value":2584},{"Length":63,"Height":41,"Demand":1,"DemandMax":null,"Value":2583},{"Length":39,"Height":66,"Demand":1,"DemandMax":null,"Value":2574},{"Length":57,"Height":45,"Demand":1,"DemandMax":null,"Value":2565},{"Length":42,"Height":61,"Demand":1,"DemandMax":null,"Value":2562},{"Length":71,"Height":36,"Demand":1,"DemandMax":null,"Value":2556},{"Length":35,"Height":73,"Demand":1,"DemandMax":null,"Value":2555},{"Length":37,"Height":69,"Demand":1,"DemandMax":null,"Value":2553},{"Length":51,"Height":50,"Demand":1,"DemandMax":null,"Value":2550},{"Length":75,"Height":34,"Demand":1,"DemandMax":null,"Value":2550},{"Length":52,"Height":49,"Demand":1,"DemandMax":null,"Value":2548},{"Length":38,"Height":67,"Demand":1,"DemandMax":null,"Value":2546},{"Length":47,"Height":54,"Demand":1,"DemandMax":null,"Value":2538},{"Length":43,"Height":59,"Demand":1,"DemandMax":null,"Value":2537},{"Length":46,"Height":55,"Demand":1,"DemandMax":null,"Value":2530},{"Length":60,"Height":42,"Demand":1,"DemandMax":null,"Value":2520},{"Length":72,"Height":35,"Demand":1,"DemandMax":null,"Value":2520},{"Length":70,"Height":36,"Demand":1,"DemandMax":null,"Value":2520},{"Length":37,"Height":68,"Demand":1,"DemandMax":null,"Value":2516},{"Length":44,"Height":57,"Demand":1,"DemandMax":null,"Value":2508},{"Length":61,"Height":41,"Demand":1,"DemandMax":null,"Value":2501},{"Length":50,"Height":50,"Demand":1,"DemandMax":null,"Value":2500},{"Length":64,"Height":39,"Demand":1,"DemandMax":null,"Value":2496},{"Length":48,"Height":52,"Demand":1,"DemandMax":null,"Value":2496},{"Length":58,"Height":43,"Demand":1,"DemandMax":null,"Value":2494},{"Length":69,"Height":36,"Demand":1,"DemandMax":null,"Value":2484},{"Length":46,"Height":54,"Demand":1,"DemandMax":null,"Value":2484},{"Length":67,"Height":37,"Demand":1,"DemandMax":null,"Value":2479},{"Length":59,"Height":42,"Demand":1,"DemandMax":null,"Value":2478},{"Length":55,"Height":45,"Demand":1,"DemandMax":null,"Value":2475},{"Length":33,"Height":75,"Demand":1,"DemandMax":null,"Value":2475},{"Length":38,"Height":65,"Demand":1,"DemandMax":null,"Value":2470},{"Length":44,"Height":56,"Demand":1,"DemandMax":null,"Value":2464},{"Length":60,"Height":41,"Demand":1,"DemandMax":null,"Value":2460},{"Length":39,"Height":63,"Demand":1,"DemandMax":null,"Value":2457},{"Length":35,"Height":70,"Demand":1,"DemandMax":null,"Value":2450},{"Length":49,"Height":50,"Demand":1,"DemandMax":null,"Value":2450},{"Length":36,"Height":68,"Demand":1,"DemandMax":null,"Value":2448},{"Length":47,"Height":52,"Demand":1,"DemandMax":null,"Value":2444},{"Length":66,"Height":37,"Demand":1,"DemandMax":null,"Value":2442},{"Length":33,"Height":74,"Demand":1,"DemandMax":null,"Value":2442},{"Length":61,"Height":40,"Demand":1,"DemandMax":null,"Value":2440},{"Length":53,"Height":46,"Demand":1,"DemandMax":null,"Value":2438},{"Length":42,"Height":58,"Demand":1,"DemandMax":null,"Value":2436},{"Length":38,"Height":64,"Demand":1,"DemandMax":null,"Value":2432},{"Length":45,"Height":54,"Demand":1,"DemandMax":null,"Value":2430},{"Length":44,"Height":55,"Demand":1,"DemandMax":null,"Value":2420},{"Length":59,"Height":41,"Demand":1,"DemandMax":null,"Value":2419},{"Length":69,"Height":35,"Demand":1,"DemandMax":null,"Value":2415},{"Length":34,"Height":71,"Demand":1,"DemandMax":null,"Value":2414},{"Length":36,"Height":67,"Demand":1,"DemandMax":null,"Value":2412},{"Length":49,"Height":49,"Demand":1,"DemandMax":null,"Value":2401},{"Length":40,"Height":60,"Demand":1,"DemandMax":null,"Value":2400},{"Length":75,"Height":32,"Demand":1,"DemandMax":null,"Value":2400},{"Length":48,"Height":50,"Demand":1,"DemandMax":null,"Value":2400},{"Length":47,"Height":51,"Demand":1,"DemandMax":null,"Value":2397},{"Length":38,"Height":63,"Demand":1,"DemandMax":null,"Value":2394},{"Length":57,"Height":42,"Demand":1,"DemandMax":null,"Value":2394},{"Length":52,"Height":46,"Demand":1,"DemandMax":null,"Value":2392},{"Length":45,"Height":53,"Demand":1,"DemandMax":null,"Value":2385},{"Length":68,"Height":35,"Demand":1,"DemandMax":null,"Value":2380},{"Length":61,"Height":39,"Demand":1,"DemandMax":null,"Value":2379},{"Length":58,"Height":41,"Demand":1,"DemandMax":null,"Value":2378},{"Length":36,"Height":66,"Demand":1,"DemandMax":null,"Value":2376},{"Length":33,"Height":72,"Demand":1,"DemandMax":null,"Value":2376},{"Length":37,"Height":64,"Demand":1,"DemandMax":null,"Value":2368},{"Length":55,"Height":43,"Demand":1,"DemandMax":null,"Value":2365},{"Length":59,"Height":40,"Demand":1,"DemandMax":null,"Value":2360},{"Length":62,"Height":38,"Demand":1,"DemandMax":null,"Value":2356},{"Length":50,"Height":47,"Demand":1,"DemandMax":null,"Value":2350},{"Length":46,"Height":51,"Demand":1,"DemandMax":null,"Value":2346},{"Length":34,"Height":69,"Demand":1,"DemandMax":null,"Value":2346},{"Length":35,"Height":67,"Demand":1,"DemandMax":null,"Value":2345},{"Length":60,"Height":39,"Demand":1,"DemandMax":null,"Value":2340},{"Length":52,"Height":45,"Demand":1,"DemandMax":null,"Value":2340},{"Length":73,"Height":32,"Demand":1,"DemandMax":null,"Value":2336},{"Length":37,"Height":63,"Demand":1,"DemandMax":null,"Value":2331},{"Length":75,"Height":31,"Demand":1,"DemandMax":null,"Value":2325},{"Length":58,"Height":40,"Demand":1,"DemandMax":null,"Value":2320},{"Length":38,"Height":61,"Demand":1,"DemandMax":null,"Value":2318},{"Length":68,"Height":34,"Demand":1,"DemandMax":null,"Value":2312},{"Length":70,"Height":33,"Demand":1,"DemandMax":null,"Value":2310},{"Length":55,"Height":42,"Demand":1,"DemandMax":null,"Value":2310},{"Length":35,"Height":66,"Demand":1,"DemandMax":null,"Value":2310},{"Length":72,"Height":32,"Demand":1,"DemandMax":null,"Value":2304},{"Length":48,"Height":48,"Demand":1,"DemandMax":null,"Value":2304},{"Length":64,"Height":36,"Demand":1,"DemandMax":null,"Value":2304},{"Length":47,"Height":49,"Demand":1,"DemandMax":null,"Value":2303},{"Length":39,"Height":59,"Demand":1,"DemandMax":null,"Value":2301},{"Length":46,"Height":50,"Demand":1,"DemandMax":null,"Value":2300},{"Length":45,"Height":51,"Demand":1,"DemandMax":null,"Value":2295},{"Length":31,"Height":74,"Demand":1,"DemandMax":null,"Value":2294},{"Length":43,"Height":53,"Demand":1,"DemandMax":null,"Value":2279},{"Length":69,"Height":33,"Demand":1,"DemandMax":null,"Value":2277},{"Length":35,"Height":65,"Demand":1,"DemandMax":null,"Value":2275},{"Length":71,"Height":32,"Demand":1,"DemandMax":null,"Value":2272},{"Length":31,"Height":73,"Demand":1,"DemandMax":null,"Value":2263},{"Length":58,"Height":39,"Demand":1,"DemandMax":null,"Value":2262},{"Length":37,"Height":61,"Demand":1,"DemandMax":null,"Value":2257},{"Length":55,"Height":41,"Demand":1,"DemandMax":null,"Value":2255},{"Length":51,"Height":44,"Demand":1,"DemandMax":null,"Value":2244},{"Length":33,"Height":68,"Demand":1,"DemandMax":null,"Value":2244},{"Length":34,"Height":66,"Demand":1,"DemandMax":null,"Value":2244},{"Length":59,"Height":38,"Demand":1,"DemandMax":null,"Value":2242},{"Length":70,"Height":32,"Demand":1,"DemandMax":null,"Value":2240},{"Length":56,"Height":40,"Demand":1,"DemandMax":null,"Value":2240},{"Length":43,"Height":52,"Demand":1,"DemandMax":null,"Value":2236},{"Length":62,"Height":36,"Demand":1,"DemandMax":null,"Value":2232},{"Length":53,"Height":42,"Demand":1,"DemandMax":null,"Value":2226},{"Length":57,"Height":39,"Demand":1,"DemandMax":null,"Value":2223},{"Length":33,"Height":67,"Demand":1,"DemandMax":null,"Value":2211},{"Length":47,"Height":47,"Demand":1,"DemandMax":null,"Value":2209},{"Length":48,"Height":46,"Demand":1,"DemandMax":null,"Value":2208},{"Length":38,"Height":58,"Demand":1,"DemandMax":null,"Value":2204},{"Length":31,"Height":71,"Demand":1,"DemandMax":null,"Value":2201},{"Length":55,"Height":40,"Demand":1,"DemandMax":null,"Value":2200},{"Length":50,"Height":44,"Demand":1,"DemandMax":null,"Value":2200},{"Length":61,"Height":36,"Demand":1,"DemandMax":null,"Value":2196},{"Length":43,"Height":51,"Demand":1,"DemandMax":null,"Value":2193},{"Length":30,"Height":73,"Demand":1,"DemandMax":null,"Value":2190},{"Length":52,"Height":42,"Demand":1,"DemandMax":null,"Value":2184},{"Length":39,"Height":56,"Demand":1,"DemandMax":null,"Value":2184},{"Length":37,"Height":59,"Demand":1,"DemandMax":null,"Value":2183},{"Length":33,"Height":66,"Demand":1,"DemandMax":null,"Value":2178},{"Length":68,"Height":32,"Demand":1,"DemandMax":null,"Value":2176},{"Length":64,"Height":34,"Demand":1,"DemandMax":null,"Value":2176},{"Length":75,"Height":29,"Demand":1,"DemandMax":null,"Value":2175},{"Length":41,"Height":53,"Demand":1,"DemandMax":null,"Value":2173},{"Length":35,"Height":62,"Demand":1,"DemandMax":null,"Value":2170},{"Length":31,"Height":70,"Demand":1,"DemandMax":null,"Value":2170},{"Length":57,"Height":38,"Demand":1,"DemandMax":null,"Value":2166},{"Length":47,"Height":46,"Demand":1,"DemandMax":null,"Value":2162},{"Length":36,"Height":60,"Demand":1,"DemandMax":null,"Value":2160},{"Length":50,"Height":43,"Demand":1,"DemandMax":null,"Value":2150},{"Length":58,"Height":37,"Demand":1,"DemandMax":null,"Value":2146},{"Length":29,"Height":74,"Demand":1,"DemandMax":null,"Value":2146},{"Length":65,"Height":33,"Demand":1,"DemandMax":null,"Value":2145},{"Length":55,"Height":39,"Demand":1,"DemandMax":null,"Value":2145},{"Length":32,"Height":67,"Demand":1,"DemandMax":null,"Value":2144},{"Length":63,"Height":34,"Demand":1,"DemandMax":null,"Value":2142},{"Length":51,"Height":42,"Demand":1,"DemandMax":null,"Value":2142},{"Length":31,"Height":69,"Demand":1,"DemandMax":null,"Value":2139},{"Length":35,"Height":61,"Demand":1,"DemandMax":null,"Value":2135},{"Length":41,"Height":52,"Demand":1,"DemandMax":null,"Value":2132},{"Length":30,"Height":71,"Demand":1,"DemandMax":null,"Value":2130},{"Length":56,"Height":38,"Demand":1,"DemandMax":null,"Value":2128},{"Length":36,"Height":59,"Demand":1,"DemandMax":null,"Value":2124},{"Length":40,"Height":53,"Demand":1,"DemandMax":null,"Value":2120},{"Length":73,"Height":29,"Demand":1,"DemandMax":null,"Value":2117},{"Length":46,"Height":46,"Demand":1,"DemandMax":null,"Value":2116},{"Length":45,"Height":47,"Demand":1,"DemandMax":null,"Value":2115},{"Length":44,"Height":48,"Demand":1,"DemandMax":null,"Value":2112},{"Length":68,"Height":31,"Demand":1,"DemandMax":null,"Value":2108},{"Length":62,"Height":34,"Demand":1,"DemandMax":null,"Value":2108},{"Length":49,"Height":43,"Demand":1,"DemandMax":null,"Value":2107},{"Length":39,"Height":54,"Demand":1,"DemandMax":null,"Value":2106},{"Length":30,"Height":70,"Demand":1,"DemandMax":null,"Value":2100},{"Length":75,"Height":28,"Demand":1,"DemandMax":null,"Value":2100},{"Length":50,"Height":42,"Demand":1,"DemandMax":null,"Value":2100},{"Length":51,"Height":41,"Demand":1,"DemandMax":null,"Value":2091},{"Length":38,"Height":55,"Demand":1,"DemandMax":null,"Value":2090},{"Length":58,"Height":36,"Demand":1,"DemandMax":null,"Value":2088},{"Length":72,"Height":29,"Demand":1,"DemandMax":null,"Value":2088},{"Length":63,"Height":33,"Demand":1,"DemandMax":null,"Value":2079},{"Length":31,"Height":67,"Demand":1,"DemandMax":null,"Value":2077},{"Length":28,"Height":74,"Demand":1,"DemandMax":null,"Value":2072},{"Length":45,"Height":46,"Demand":1,"DemandMax":null,"Value":2070},{"Length":69,"Height":30,"Demand":1,"DemandMax":null,"Value":2070},{"Length":47,"Height":44,"Demand":1,"DemandMax":null,"Value":2068},{"Length":35,"Height":59,"Demand":1,"DemandMax":null,"Value":2065},{"Length":43,"Height":48,"Demand":1,"DemandMax":null,"Value":2064},{"Length":29,"Height":71,"Demand":1,"DemandMax":null,"Value":2059},{"Length":38,"Height":54,"Demand":1,"DemandMax":null,"Value":2052},{"Length":50,"Height":41,"Demand":1,"DemandMax":null,"Value":2050},{"Length":32,"Height":64,"Demand":1,"DemandMax":null,"Value":2048},{"Length":31,"Height":66,"Demand":1,"DemandMax":null,"Value":2046},{"Length":28,"Height":73,"Demand":1,"DemandMax":null,"Value":2044},{"Length":34,"Height":60,"Demand":1,"DemandMax":null,"Value":2040},{"Length":40,"Height":51,"Demand":1,"DemandMax":null,"Value":2040},{"Length":68,"Height":30,"Demand":1,"DemandMax":null,"Value":2040},{"Length":55,"Height":37,"Demand":1,"DemandMax":null,"Value":2035},{"Length":29,"Height":70,"Demand":1,"DemandMax":null,"Value":2030},{"Length":52,"Height":39,"Demand":1,"DemandMax":null,"Value":2028},{"Length":45,"Height":45,"Demand":1,"DemandMax":null,"Value":2025},{"Length":44,"Height":46,"Demand":1,"DemandMax":null,"Value":2024},{"Length":47,"Height":43,"Demand":1,"DemandMax":null,"Value":2021},{"Length":32,"Height":63,"Demand":1,"DemandMax":null,"Value":2016},{"Length":72,"Height":28,"Demand":1,"DemandMax":null,"Value":2016},{"Length":48,"Height":42,"Demand":1,"DemandMax":null,"Value":2016},{"Length":36,"Height":56,"Demand":1,"DemandMax":null,"Value":2016},{"Length":31,"Height":65,"Demand":1,"DemandMax":null,"Value":2015},{"Length":38,"Height":53,"Demand":1,"DemandMax":null,"Value":2014},{"Length":33,"Height":61,"Demand":1,"DemandMax":null,"Value":2013},{"Length":30,"Height":67,"Demand":1,"DemandMax":null,"Value":2010},{"Length":41,"Height":49,"Demand":1,"DemandMax":null,"Value":2009},{"Length":59,"Height":34,"Demand":1,"DemandMax":null,"Value":2006},{"Length":69,"Height":29,"Demand":1,"DemandMax":null,"Value":2001},{"Length":50,"Height":40,"Demand":1,"DemandMax":null,"Value":2000},{"Length":27,"Height":74,"Demand":1,"DemandMax":null,"Value":1998},{"Length":37,"Height":54,"Demand":1,"DemandMax":null,"Value":1998},{"Length":35,"Height":57,"Demand":1,"DemandMax":null,"Value":1995},{"Length":39,"Height":51,"Demand":1,"DemandMax":null,"Value":1989},{"Length":28,"Height":71,"Demand":1,"DemandMax":null,"Value":1988},{"Length":64,"Height":31,"Demand":1,"DemandMax":null,"Value":1984},{"Length":36,"Height":55,"Demand":1,"DemandMax":null,"Value":1980},{"Length":44,"Height":45,"Demand":1,"DemandMax":null,"Value":1980},{"Length":66,"Height":30,"Demand":1,"DemandMax":null,"Value":1980},{"Length":60,"Height":33,"Demand":1,"DemandMax":null,"Value":1980},{"Length":43,"Height":46,"Demand":1,"DemandMax":null,"Value":1978},{"Length":52,"Height":38,"Demand":1,"DemandMax":null,"Value":1976},{"Length":47,"Height":42,"Demand":1,"DemandMax":null,"Value":1974},{"Length":68,"Height":29,"Demand":1,"DemandMax":null,"Value":1972},{"Length":73,"Height":27,"Demand":1,"DemandMax":null,"Value":1971},{"Length":41,"Height":48,"Demand":1,"DemandMax":null,"Value":1968},{"Length":37,"Height":53,"Demand":1,"DemandMax":null,"Value":1961},{"Length":49,"Height":40,"Demand":1,"DemandMax":null,"Value":1960},{"Length":63,"Height":31,"Demand":1,"DemandMax":null,"Value":1953},{"Length":32,"Height":61,"Demand":1,"DemandMax":null,"Value":1952},{"Length":30,"Height":65,"Demand":1,"DemandMax":null,"Value":1950},{"Length":33,"Height":59,"Demand":1,"DemandMax":null,"Value":1947},{"Length":34,"Height":57,"Demand":1,"DemandMax":null,"Value":1938},{"Length":44,"Height":44,"Demand":1,"DemandMax":null,"Value":1936},{"Length":43,"Height":45,"Demand":1,"DemandMax":null,"Value":1935},{"Length":69,"Height":28,"Demand":1,"DemandMax":null,"Value":1932},{"Length":42,"Height":46,"Demand":1,"DemandMax":null,"Value":1932},{"Length":41,"Height":47,"Demand":1,"DemandMax":null,"Value":1927},{"Length":52,"Height":37,"Demand":1,"DemandMax":null,"Value":1924},{"Length":40,"Height":48,"Demand":1,"DemandMax":null,"Value":1920},{"Length":64,"Height":30,"Demand":1,"DemandMax":null,"Value":1920},{"Length":32,"Height":60,"Demand":1,"DemandMax":null,"Value":1920},{"Length":27,"Height":71,"Demand":1,"DemandMax":null,"Value":1917},{"Length":66,"Height":29,"Demand":1,"DemandMax":null,"Value":1914},{"Length":39,"Height":49,"Demand":1,"DemandMax":null,"Value":1911},{"Length":53,"Height":36,"Demand":1,"DemandMax":null,"Value":1908},{"Length":68,"Height":28,"Demand":1,"DemandMax":null,"Value":1904},{"Length":38,"Height":50,"Demand":1,"DemandMax":null,"Value":1900},{"Length":73,"Height":26,"Demand":1,"DemandMax":null,"Value":1898},{"Length":44,"Height":43,"Demand":1,"DemandMax":null,"Value":1892},{"Length":31,"Height":61,"Demand":1,"DemandMax":null,"Value":1891},{"Length":30,"Height":63,"Demand":1,"DemandMax":null,"Value":1890},{"Length":35,"Height":54,"Demand":1,"DemandMax":null,"Value":1890},{"Length":59,"Height":32,"Demand":1,"DemandMax":null,"Value":1888},{"Length":51,"Height":37,"Demand":1,"DemandMax":null,"Value":1887},{"Length":46,"Height":41,"Demand":1,"DemandMax":null,"Value":1886},{"Length":65,"Height":29,"Demand":1,"DemandMax":null,"Value":1885},{"Length":57,"Height":33,"Demand":1,"DemandMax":null,"Value":1881},{"Length":47,"Height":40,"Demand":1,"DemandMax":null,"Value":1880},{"Length":36,"Height":52,"Demand":1,"DemandMax":null,"Value":1872},{"Length":34,"Height":55,"Demand":1,"DemandMax":null,"Value":1870},{"Length":30,"Height":62,"Demand":1,"DemandMax":null,"Value":1860},{"Length":60,"Height":31,"Demand":1,"DemandMax":null,"Value":1860},{"Length":64,"Height":29,"Demand":1,"DemandMax":null,"Value":1856},{"Length":58,"Height":32,"Demand":1,"DemandMax":null,"Value":1856},{"Length":35,"Height":53,"Demand":1,"DemandMax":null,"Value":1855},{"Length":37,"Height":50,"Demand":1,"DemandMax":null,"Value":1850},{"Length":44,"Height":42,"Demand":1,"DemandMax":null,"Value":1848},{"Length":26,"Height":71,"Demand":1,"DemandMax":null,"Value":1846},{"Length":27,"Height":68,"Demand":1,"DemandMax":null,"Value":1836},{"Length":51,"Height":36,"Demand":1,"DemandMax":null,"Value":1836},{"Length":61,"Height":30,"Demand":1,"DemandMax":null,"Value":1830},{"Length":31,"Height":59,"Demand":1,"DemandMax":null,"Value":1829},{"Length":63,"Height":29,"Demand":1,"DemandMax":null,"Value":1827},{"Length":25,"Height":73,"Demand":1,"DemandMax":null,"Value":1825},{"Length":57,"Height":32,"Demand":1,"DemandMax":null,"Value":1824},{"Length":38,"Height":48,"Demand":1,"DemandMax":null,"Value":1824},{"Length":35,"Height":52,"Demand":1,"DemandMax":null,"Value":1820},{"Length":70,"Height":26,"Demand":1,"DemandMax":null,"Value":1820},{"Length":55,"Height":33,"Demand":1,"DemandMax":null,"Value":1815},{"Length":44,"Height":41,"Demand":1,"DemandMax":null,"Value":1804},{"Length":53,"Height":34,"Demand":1,"DemandMax":null,"Value":1802},{"Length":45,"Height":40,"Demand":1,"DemandMax":null,"Value":1800},{"Length":60,"Height":30,"Demand":1,"DemandMax":null,"Value":1800},{"Length":50,"Height":36,"Demand":1,"DemandMax":null,"Value":1800},{"Length":72,"Height":25,"Demand":1,"DemandMax":null,"Value":1800},{"Length":62,"Height":29,"Demand":1,"DemandMax":null,"Value":1798},{"Length":58,"Height":31,"Demand":1,"DemandMax":null,"Value":1798},{"Length":69,"Height":26,"Demand":1,"DemandMax":null,"Value":1794},{"Length":28,"Height":64,"Demand":1,"DemandMax":null,"Value":1792},{"Length":47,"Height":38,"Demand":1,"DemandMax":null,"Value":1786},{"Length":35,"Height":51,"Demand":1,"DemandMax":null,"Value":1785},{"Length":66,"Height":27,"Demand":1,"DemandMax":null,"Value":1782},{"Length":54,"Height":33,"Demand":1,"DemandMax":null,"Value":1782},{"Length":37,"Height":48,"Demand":1,"DemandMax":null,"Value":1776},{"Length":71,"Height":25,"Demand":1,"DemandMax":null,"Value":1775},{"Length":61,"Height":29,"Demand":1,"DemandMax":null,"Value":1769},{"Length":26,"Height":68,"Demand":1,"DemandMax":null,"Value":1768},{"Length":52,"Height":34,"Demand":1,"DemandMax":null,"Value":1768},{"Length":31,"Height":57,"Demand":1,"DemandMax":null,"Value":1767},{"Length":36,"Height":49,"Demand":1,"DemandMax":null,"Value":1764},{"Length":28,"Height":63,"Demand":1,"DemandMax":null,"Value":1764},{"Length":43,"Height":41,"Demand":1,"DemandMax":null,"Value":1763},{"Length":44,"Height":40,"Demand":1,"DemandMax":null,"Value":1760},{"Length":32,"Height":55,"Demand":1,"DemandMax":null,"Value":1760},{"Length":27,"Height":65,"Demand":1,"DemandMax":null,"Value":1755},{"Length":45,"Height":39,"Demand":1,"DemandMax":null,"Value":1755},{"Length":50,"Height":35,"Demand":1,"DemandMax":null,"Value":1750},{"Length":38,"Height":46,"Demand":1,"DemandMax":null,"Value":1748},{"Length":26,"Height":67,"Demand":1,"DemandMax":null,"Value":1742},{"Length":58,"Height":30,"Demand":1,"DemandMax":null,"Value":1740},{"Length":60,"Height":29,"Demand":1,"DemandMax":null,"Value":1740},{"Length":47,"Height":37,"Demand":1,"DemandMax":null,"Value":1739},{"Length":31,"Height":56,"Demand":1,"DemandMax":null,"Value":1736},{"Length":51,"Height":34,"Demand":1,"DemandMax":null,"Value":1734},{"Length":48,"Height":36,"Demand":1,"DemandMax":null,"Value":1728},{"Length":54,"Height":32,"Demand":1,"DemandMax":null,"Value":1728},{"Length":64,"Height":27,"Demand":1,"DemandMax":null,"Value":1728},{"Length":33,"Height":52,"Demand":1,"DemandMax":null,"Value":1716},{"Length":39,"Height":44,"Demand":1,"DemandMax":null,"Value":1716},{"Length":26,"Height":66,"Demand":1,"DemandMax":null,"Value":1716},{"Length":35,"Height":49,"Demand":1,"DemandMax":null,"Value":1715},{"Length":59,"Height":29,"Demand":1,"DemandMax":null,"Value":1711},{"Length":57,"Height":30,"Demand":1,"DemandMax":null,"Value":1710},{"Length":45,"Height":38,"Demand":1,"DemandMax":null,"Value":1710},{"Length":68,"Height":25,"Demand":1,"DemandMax":null,"Value":1700},{"Length":50,"Height":34,"Demand":1,"DemandMax":null,"Value":1700},{"Length":53,"Height":32,"Demand":1,"DemandMax":null,"Value":1696},{"Length":36,"Height":47,"Demand":1,"DemandMax":null,"Value":1692},{"Length":26,"Height":65,"Demand":1,"DemandMax":null,"Value":1690},{"Length":51,"Height":33,"Demand":1,"DemandMax":null,"Value":1683},{"Length":58,"Height":29,"Demand":1,"DemandMax":null,"Value":1682},{"Length":40,"Height":42,"Demand":1,"DemandMax":null,"Value":1680},{"Length":28,"Height":60,"Demand":1,"DemandMax":null,"Value":1680},{"Length":35,"Height":48,"Demand":1,"DemandMax":null,"Value":1680},{"Length":30,"Height":56,"Demand":1,"DemandMax":null,"Value":1680},{"Length":43,"Height":39,"Demand":1,"DemandMax":null,"Value":1677},{"Length":54,"Height":31,"Demand":1,"DemandMax":null,"Value":1674},{"Length":62,"Height":27,"Demand":1,"DemandMax":null,"Value":1674},{"Length":34,"Height":49,"Demand":1,"DemandMax":null,"Value":1666},{"Length":26,"Height":64,"Demand":1,"DemandMax":null,"Value":1664},{"Length":52,"Height":32,"Demand":1,"DemandMax":null,"Value":1664},{"Length":36,"Height":46,"Demand":1,"DemandMax":null,"Value":1656},{"Length":57,"Height":29,"Demand":1,"DemandMax":null,"Value":1653},{"Length":59,"Height":28,"Demand":1,"DemandMax":null,"Value":1652},{"Length":50,"Height":33,"Demand":1,"DemandMax":null,"Value":1650},{"Length":61,"Height":27,"Demand":1,"DemandMax":null,"Value":1647},{"Length":35,"Height":47,"Demand":1,"DemandMax":null,"Value":1645},{"Length":53,"Height":31,"Demand":1,"DemandMax":null,"Value":1643},{"Length":41,"Height":40,"Demand":1,"DemandMax":null,"Value":1640},{"Length":42,"Height":39,"Demand":1,"DemandMax":null,"Value":1638},{"Length":26,"Height":63,"Demand":1,"DemandMax":null,"Value":1638},{"Length":38,"Height":43,"Demand":1,"DemandMax":null,"Value":1634},{"Length":48,"Height":34,"Demand":1,"DemandMax":null,"Value":1632},{"Length":32,"Height":51,"Demand":1,"DemandMax":null,"Value":1632},{"Length":37,"Height":44,"Demand":1,"DemandMax":null,"Value":1628},{"Length":65,"Height":25,"Demand":1,"DemandMax":null,"Value":1625},{"Length":58,"Height":28,"Demand":1,"DemandMax":null,"Value":1624},{"Length":56,"Height":29,"Demand":1,"DemandMax":null,"Value":1624},{"Length":45,"Height":36,"Demand":1,"DemandMax":null,"Value":1620},{"Length":54,"Height":30,"Demand":1,"DemandMax":null,"Value":1620},{"Length":49,"Height":33,"Demand":1,"DemandMax":null,"Value":1617},{"Length":26,"Height":62,"Demand":1,"DemandMax":null,"Value":1612},{"Length":52,"Height":31,"Demand":1,"DemandMax":null,"Value":1612},{"Length":40,"Height":40,"Demand":1,"DemandMax":null,"Value":1600},{"Length":32,"Height":50,"Demand":1,"DemandMax":null,"Value":1600},{"Length":39,"Height":41,"Demand":1,"DemandMax":null,"Value":1599},{"Length":47,"Height":34,"Demand":1,"DemandMax":null,"Value":1598},{"Length":28,"Height":57,"Demand":1,"DemandMax":null,"Value":1596},{"Length":38,"Height":42,"Demand":1,"DemandMax":null,"Value":1596},{"Length":55,"Height":29,"Demand":1,"DemandMax":null,"Value":1595},{"Length":37,"Height":43,"Demand":1,"DemandMax":null,"Value":1591},{"Length":30,"Height":53,"Demand":1,"DemandMax":null,"Value":1590},{"Length":61,"Height":26,"Demand":1,"DemandMax":null,"Value":1586},{"Length":48,"Height":33,"Demand":1,"DemandMax":null,"Value":1584},{"Length":51,"Height":31,"Demand":1,"DemandMax":null,"Value":1581},{"Length":25,"Height":63,"Demand":1,"DemandMax":null,"Value":1575},{"Length":35,"Height":45,"Demand":1,"DemandMax":null,"Value":1575},{"Length":28,"Height":56,"Demand":1,"DemandMax":null,"Value":1568},{"Length":49,"Height":32,"Demand":1,"DemandMax":null,"Value":1568},{"Length":54,"Height":29,"Demand":1,"DemandMax":null,"Value":1566},{"Length":27,"Height":58,"Demand":1,"DemandMax":null,"Value":1566},{"Length":46,"Height":34,"Demand":1,"DemandMax":null,"Value":1564},{"Length":30,"Height":52,"Demand":1,"DemandMax":null,"Value":1560},{"Length":60,"Height":26,"Demand":1,"DemandMax":null,"Value":1560},{"Length":40,"Height":39,"Demand":1,"DemandMax":null,"Value":1560},{"Length":41,"Height":38,"Demand":1,"DemandMax":null,"Value":1558},{"Length":42,"Height":37,"Demand":1,"DemandMax":null,"Value":1554},{"Length":33,"Height":47,"Demand":1,"DemandMax":null,"Value":1551},{"Length":25,"Height":62,"Demand":1,"DemandMax":null,"Value":1550},{"Length":31,"Height":50,"Demand":1,"DemandMax":null,"Value":1550},{"Length":43,"Height":36,"Demand":1,"DemandMax":null,"Value":1548},{"Length":28,"Height":55,"Demand":1,"DemandMax":null,"Value":1540},{"Length":44,"Height":35,"Demand":1,"DemandMax":null,"Value":1540},{"Length":53,"Height":29,"Demand":1,"DemandMax":null,"Value":1537},{"Length":48,"Height":32,"Demand":1,"DemandMax":null,"Value":1536},{"Length":45,"Height":34,"Demand":1,"DemandMax":null,"Value":1530},{"Length":40,"Height":38,"Demand":1,"DemandMax":null,"Value":1520},{"Length":31,"Height":49,"Demand":1,"DemandMax":null,"Value":1519},{"Length":46,"Height":33,"Demand":1,"DemandMax":null,"Value":1518},{"Length":41,"Height":37,"Demand":1,"DemandMax":null,"Value":1517},{"Length":54,"Height":28,"Demand":1,"DemandMax":null,"Value":1512},{"Length":42,"Height":36,"Demand":1,"DemandMax":null,"Value":1512},{"Length":58,"Height":26,"Demand":1,"DemandMax":null,"Value":1508},{"Length":35,"Height":43,"Demand":1,"DemandMax":null,"Value":1505},{"Length":60,"Height":25,"Demand":1,"DemandMax":null,"Value":1500},{"Length":50,"Height":30,"Demand":1,"DemandMax":null,"Value":1500},{"Length":34,"Height":44,"Demand":1,"DemandMax":null,"Value":1496},{"Length":48,"Height":31,"Demand":1,"DemandMax":null,"Value":1488},{"Length":45,"Height":33,"Demand":1,"DemandMax":null,"Value":1485},{"Length":55,"Height":27,"Demand":1,"DemandMax":null,"Value":1485},{"Length":53,"Height":28,"Demand":1,"DemandMax":null,"Value":1484},{"Length":38,"Height":39,"Demand":1,"DemandMax":null,"Value":1482},{"Length":26,"Height":57,"Demand":1,"DemandMax":null,"Value":1482},{"Length":51,"Height":29,"Demand":1,"DemandMax":null,"Value":1479},{"Length":42,"Height":35,"Demand":1,"DemandMax":null,"Value":1470},{"Length":30,"Height":49,"Demand":1,"DemandMax":null,"Value":1470},{"Length":34,"Height":43,"Demand":1,"DemandMax":null,"Value":1462},{"Length":27,"Height":54,"Demand":1,"DemandMax":null,"Value":1458},{"Length":31,"Height":47,"Demand":1,"DemandMax":null,"Value":1457},{"Length":56,"Height":26,"Demand":1,"DemandMax":null,"Value":1456},{"Length":52,"Height":28,"Demand":1,"DemandMax":null,"Value":1456},{"Length":44,"Height":33,"Demand":1,"DemandMax":null,"Value":1452},{"Length":29,"Height":50,"Demand":1,"DemandMax":null,"Value":1450},{"Length":25,"Height":58,"Demand":1,"DemandMax":null,"Value":1450},{"Length":38,"Height":38,"Demand":1,"DemandMax":null,"Value":1444},{"Length":30,"Height":48,"Demand":1,"DemandMax":null,"Value":1440},{"Length":45,"Height":32,"Demand":1,"DemandMax":null,"Value":1440},{"Length":41,"Height":35,"Demand":1,"DemandMax":null,"Value":1435},{"Length":42,"Height":34,"Demand":1,"DemandMax":null,"Value":1428},{"Length":28,"Height":51,"Demand":1,"DemandMax":null,"Value":1428},{"Length":31,"Height":46,"Demand":1,"DemandMax":null,"Value":1426},{"Length":25,"Height":57,"Demand":1,"DemandMax":null,"Value":1425},{"Length":29,"Height":49,"Demand":1,"DemandMax":null,"Value":1421},{"Length":33,"Height":43,"Demand":1,"DemandMax":null,"Value":1419},{"Length":30,"Height":47,"Demand":1,"DemandMax":null,"Value":1410},{"Length":32,"Height":44,"Demand":1,"DemandMax":null,"Value":1408},{"Length":54,"Height":26,"Demand":1,"DemandMax":null,"Value":1404},{"Length":36,"Height":39,"Demand":1,"DemandMax":null,"Value":1404},{"Length":52,"Height":27,"Demand":1,"DemandMax":null,"Value":1404},{"Length":35,"Height":40,"Demand":1,"DemandMax":null,"Value":1400},{"Length":50,"Height":28,"Demand":1,"DemandMax":null,"Value":1400},{"Length":45,"Height":31,"Demand":1,"DemandMax":null,"Value":1395},{"Length":29,"Height":48,"Demand":1,"DemandMax":null,"Value":1392},{"Length":33,"Height":42,"Demand":1,"DemandMax":null,"Value":1386},{"Length":46,"Height":30,"Demand":1,"DemandMax":null,"Value":1380},{"Length":26,"Height":53,"Demand":1,"DemandMax":null,"Value":1378},{"Length":55,"Height":25,"Demand":1,"DemandMax":null,"Value":1375},{"Length":49,"Height":28,"Demand":1,"DemandMax":null,"Value":1372},{"Length":38,"Height":36,"Demand":1,"DemandMax":null,"Value":1368},{"Length":35,"Height":39,"Demand":1,"DemandMax":null,"Value":1365},{"Length":44,"Height":31,"Demand":1,"DemandMax":null,"Value":1364},{"Length":29,"Height":47,"Demand":1,"DemandMax":null,"Value":1363},{"Length":34,"Height":40,"Demand":1,"DemandMax":null,"Value":1360},{"Length":41,"Height":33,"Demand":1,"DemandMax":null,"Value":1353},{"Length":52,"Height":26,"Demand":1,"DemandMax":null,"Value":1352},{"Length":54,"Height":25,"Demand":1,"DemandMax":null,"Value":1350},{"Length":50,"Height":27,"Demand":1,"DemandMax":null,"Value":1350},{"Length":30,"Height":45,"Demand":1,"DemandMax":null,"Value":1350},{"Length":42,"Height":32,"Demand":1,"DemandMax":null,"Value":1344},{"Length":29,"Height":46,"Demand":1,"DemandMax":null,"Value":1334},{"Length":36,"Height":37,"Demand":1,"DemandMax":null,"Value":1332},{"Length":35,"Height":38,"Demand":1,"DemandMax":null,"Value":1330},{"Length":39,"Height":34,"Demand":1,"DemandMax":null,"Value":1326},{"Length":51,"Height":26,"Demand":1,"DemandMax":null,"Value":1326},{"Length":25,"Height":53,"Demand":1,"DemandMax":null,"Value":1325},{"Length":49,"Height":27,"Demand":1,"DemandMax":null,"Value":1323},{"Length":30,"Height":44,"Demand":1,"DemandMax":null,"Value":1320},{"Length":40,"Height":33,"Demand":1,"DemandMax":null,"Value":1320},{"Length":47,"Height":28,"Demand":1,"DemandMax":null,"Value":1316},{"Length":41,"Height":32,"Demand":1,"DemandMax":null,"Value":1312},{"Length":25,"Height":52,"Demand":1,"DemandMax":null,"Value":1300},{"Length":50,"Height":26,"Demand":1,"DemandMax":null,"Value":1300},{"Length":27,"Height":48,"Demand":1,"DemandMax":null,"Value":1296},{"Length":36,"Height":36,"Demand":1,"DemandMax":null,"Value":1296},{"Length":38,"Height":34,"Demand":1,"DemandMax":null,"Value":1292},{"Length":43,"Height":30,"Demand":1,"DemandMax":null,"Value":1290},{"Length":28,"Height":46,"Demand":1,"DemandMax":null,"Value":1288},{"Length":39,"Height":33,"Demand":1,"DemandMax":null,"Value":1287},{"Length":40,"Height":32,"Demand":1,"DemandMax":null,"Value":1280},{"Length":29,"Height":44,"Demand":1,"DemandMax":null,"Value":1276},{"Length":25,"Height":51,"Demand":1,"DemandMax":null,"Value":1275},{"Length":41,"Height":31,"Demand":1,"DemandMax":null,"Value":1271},{"Length":47,"Height":27,"Demand":1,"DemandMax":null,"Value":1269},{"Length":42,"Height":30,"Demand":1,"DemandMax":null,"Value":1260},{"Length":45,"Height":28,"Demand":1,"DemandMax":null,"Value":1260},{"Length":36,"Height":35,"Demand":1,"DemandMax":null,"Value":1260},{"Length":37,"Height":34,"Demand":1,"DemandMax":null,"Value":1258},{"Length":48,"Height":26,"Demand":1,"DemandMax":null,"Value":1248},{"Length":39,"Height":32,"Demand":1,"DemandMax":null,"Value":1248},{"Length":29,"Height":43,"Demand":1,"DemandMax":null,"Value":1247},{"Length":40,"Height":31,"Demand":1,"DemandMax":null,"Value":1240},{"Length":28,"Height":44,"Demand":1,"DemandMax":null,"Value":1232},{"Length":41,"Height":30,"Demand":1,"DemandMax":null,"Value":1230},{"Length":49,"Height":25,"Demand":1,"DemandMax":null,"Value":1225},{"Length":34,"Height":36,"Demand":1,"DemandMax":null,"Value":1224},{"Length":26,"Height":47,"Demand":1,"DemandMax":null,"Value":1222},{"Length":29,"Height":42,"Demand":1,"DemandMax":null,"Value":1218},{"Length":38,"Height":32,"Demand":1,"DemandMax":null,"Value":1216},{"Length":45,"Height":27,"Demand":1,"DemandMax":null,"Value":1215},{"Length":39,"Height":31,"Demand":1,"DemandMax":null,"Value":1209},{"Length":40,"Height":30,"Demand":1,"DemandMax":null,"Value":1200},{"Length":41,"Height":29,"Demand":1,"DemandMax":null,"Value":1189},{"Length":27,"Height":44,"Demand":1,"DemandMax":null,"Value":1188},{"Length":33,"Height":36,"Demand":1,"DemandMax":null,"Value":1188},{"Length":37,"Height":32,"Demand":1,"DemandMax":null,"Value":1184},{"Length":38,"Height":31,"Demand":1,"DemandMax":null,"Value":1178},{"Length":42,"Height":28,"Demand":1,"DemandMax":null,"Value":1176},{"Length":47,"Height":25,"Demand":1,"DemandMax":null,"Value":1175},{"Length":39,"Height":30,"Demand":1,"DemandMax":null,"Value":1170},{"Length":45,"Height":26,"Demand":1,"DemandMax":null,"Value":1170},{"Length":27,"Height":43,"Demand":1,"DemandMax":null,"Value":1161},{"Length":40,"Height":29,"Demand":1,"DemandMax":null,"Value":1160},{"Length":35,"Height":33,"Demand":1,"DemandMax":null,"Value":1155},{"Length":32,"Height":36,"Demand":1,"DemandMax":null,"Value":1152},{"Length":28,"Height":41,"Demand":1,"DemandMax":null,"Value":1148},{"Length":31,"Height":37,"Demand":1,"DemandMax":null,"Value":1147},{"Length":44,"Height":26,"Demand":1,"DemandMax":null,"Value":1144},{"Length":27,"Height":42,"Demand":1,"DemandMax":null,"Value":1134},{"Length":45,"Height":25,"Demand":1,"DemandMax":null,"Value":1125},{"Length":33,"Height":34,"Demand":1,"DemandMax":null,"Value":1122},{"Length":28,"Height":40,"Demand":1,"DemandMax":null,"Value":1120},{"Length":35,"Height":32,"Demand":1,"DemandMax":null,"Value":1120},{"Length":43,"Height":26,"Demand":1,"DemandMax":null,"Value":1118},{"Length":37,"Height":30,"Demand":1,"DemandMax":null,"Value":1110},{"Length":38,"Height":29,"Demand":1,"DemandMax":null,"Value":1102},{"Length":26,"Height":42,"Demand":1,"DemandMax":null,"Value":1092},{"Length":33,"Height":33,"Demand":1,"DemandMax":null,"Value":1089},{"Length":35,"Height":31,"Demand":1,"DemandMax":null,"Value":1085},{"Length":27,"Height":40,"Demand":1,"DemandMax":null,"Value":1080},{"Length":43,"Height":25,"Demand":1,"DemandMax":null,"Value":1075},{"Length":29,"Height":37,"Demand":1,"DemandMax":null,"Value":1073},{"Length":38,"Height":28,"Demand":1,"DemandMax":null,"Value":1064},{"Length":32,"Height":33,"Demand":1,"DemandMax":null,"Value":1056},{"Length":39,"Height":27,"Demand":1,"DemandMax":null,"Value":1053},{"Length":25,"Height":42,"Demand":1,"DemandMax":null,"Value":1050},{"Length":35,"Height":30,"Demand":1,"DemandMax":null,"Value":1050},{"Length":29,"Height":36,"Demand":1,"DemandMax":null,"Value":1044},{"Length":26,"Height":40,"Demand":1,"DemandMax":null,"Value":1040},{"Length":28,"Height":37,"Demand":1,"DemandMax":null,"Value":1036},{"Length":27,"Height":38,"Demand":1,"DemandMax":null,"Value":1026},{"Length":41,"Height":25,"Demand":1,"DemandMax":null,"Value":1025},{"Length":32,"Height":32,"Demand":1,"DemandMax":null,"Value":1024},{"Length":31,"Height":33,"Demand":1,"DemandMax":null,"Value":1023},{"Length":34,"Height":30,"Demand":1,"DemandMax":null,"Value":1020},{"Length":35,"Height":29,"Demand":1,"DemandMax":null,"Value":1015},{"Length":36,"Height":28,"Demand":1,"DemandMax":null,"Value":1008},{"Length":27,"Height":37,"Demand":1,"DemandMax":null,"Value":999},{"Length":31,"Height":32,"Demand":1,"DemandMax":null,"Value":992},{"Length":33,"Height":30,"Demand":1,"DemandMax":null,"Value":990},{"Length":26,"Height":38,"Demand":1,"DemandMax":null,"Value":988},{"Length":34,"Height":29,"Demand":1,"DemandMax":null,"Value":986},{"Length":35,"Height":28,"Demand":1,"DemandMax":null,"Value":980},{"Length":25,"Height":39,"Demand":1,"DemandMax":null,"Value":975},{"Length":26,"Height":37,"Demand":1,"DemandMax":null,"Value":962},{"Length":31,"Height":31,"Demand":1,"DemandMax":null,"Value":961},{"Length":32,"Height":30,"Demand":1,"DemandMax":null,"Value":960},{"Length":28,"Height":34,"Demand":1,"DemandMax":null,"Value":952},{"Length":35,"Height":27,"Demand":1,"DemandMax":null,"Value":945},{"Length":36,"Height":26,"Demand":1,"DemandMax":null,"Value":936},{"Length":25,"Height":37,"Demand":1,"DemandMax":null,"Value":925},{"Length":28,"Height":33,"Demand":1,"DemandMax":null,"Value":924},{"Length":34,"Height":27,"Demand":1,"DemandMax":null,"Value":918},{"Length":25,"Height":36,"Demand":1,"DemandMax":null,"Value":900},{"Length":29,"Height":31,"Demand":1,"DemandMax":null,"Value":899},{"Length":28,"Height":32,"Demand":1,"DemandMax":null,"Value":896},{"Length":33,"Height":27,"Demand":1,"DemandMax":null,"Value":891},{"Length":26,"Height":34,"Demand":1,"DemandMax":null,"Value":884},{"Length":35,"Height":25,"Demand":1,"DemandMax":null,"Value":875},{"Length":30,"Height":29,"Demand":1,"DemandMax":null,"Value":870},{"Length":28,"Height":31,"Demand":1,"DemandMax":null,"Value":868},{"Length":33,"Height":26,"Demand":1,"DemandMax":null,"Value":858},{"Length":25,"Height":34,"Demand":1,"DemandMax":null,"Value":850},{"Length":29,"Height":29,"Demand":1,"DemandMax":null,"Value":841},{"Length":30,"Height":28,"Demand":1,"DemandMax":null,"Value":840},{"Length":31,"Height":27,"Demand":1,"DemandMax":null,"Value":837},{"Length":26,"Height":32,"Demand":1,"DemandMax":null,"Value":832},{"Length":27,"Height":30,"Demand":1,"DemandMax":null,"Value":810},{"Length":32,"Height":25,"Demand":1,"DemandMax":null,"Value":800},{"Length":28,"Height":28,"Demand":1,"DemandMax":null,"Value":784},{"Length":29,"Height":27,"Demand":1,"DemandMax":null,"Value":783},{"Length":26,"Height":30,"Demand":1,"DemandMax":null,"Value":780},{"Length":26,"Height":29,"Demand":1,"DemandMax":null,"Value":754},{"Length":30,"Height":25,"Demand":1,"DemandMax":null,"Value":750},{"Length":27,"Height":27,"Demand":1,"DemandMax":null,"Value":729},{"Length":29,"Height":25,"Demand":1,"DemandMax":null,"Value":725},{"Length":25,"Height":28,"Demand":1,"DemandMax":null,"Value":700},{"Length":27,"Height":25,"Demand":1,"DemandMax":null,"Value":675},{"Length":25,"Height":26,"Demand":1,"DemandMax":null,"Value":650}]}