{"Name":"AH323","Objects":[{"Length":1000,"Height":2502,"Stock":null,"Cost":2502000}],"Items":[{"Length":75,"Height":74,"Demand":1,"DemandMax":null,"Value":5550},{"Length":73,"Height":75,"Demand":1,"DemandMax":null,"Value":5475},{"Length":74,"Height":73,"Demand":1,"DemandMax":null,"Value":5402},{"Length":73,"Height":73,"Demand":1,"DemandMax":null,"Value":5329},{"Length":72,"Height":74,"Demand":1,"DemandMax":null,"Value":5328},{"Length":75,"Height":71,"Demand":1,"DemandMax":null,"Value":5325},{"Length":73,"Height":72,"Demand":1,"DemandMax":null,"Value":5256},{"Length":74,"Height":71,"Demand":1,"DemandMax":null,"Value":5254},{"Length":71,"Height":73,"Demand":1,"DemandMax":null,"Value":5183},{"Length":69,"Height":75,"Demand":1,"DemandMax":null,"Value":5175},{"Length":72,"Height":71,"Demand":1,"DemandMax":null,"Value":5112},{"Length":70,"Height":73,"Demand":1,"DemandMax":null,"Value":5110},{"Length":75,"Height":68,"Demand":1,"DemandMax":null,"Value":5100},{"Length":69,"Height":73,"Demand":1,"DemandMax":null,"Value":5037},{"Length":68,"Height":74,"Demand":1,"DemandMax":null,"Value":5032},{"Length":67,"Height":75,"Demand":1,"DemandMax":null,"Value":5025},{"Length":70,"Height":71,"Demand":1,"DemandMax":null,"Value":4970},{"Length":69,"Height":72,"Demand":1,"DemandMax":null,"Value":4968},{"Length":73,"Height":68,"Demand":1,"DemandMax":null,"Value":4964},{"Length":67,"Height":74,"Demand":1,"DemandMax":null,"Value":4958},{"Length":66,"Height":75,"Demand":1,"DemandMax":null,"Value":4950},{"Length":70,"Height":70,"Demand":1,"DemandMax":null,"Value":4900},{"Length":69,"Height":71,"Demand":1,"DemandMax":null,"Value":4899},{"Length":73,"Height":67,"Demand":1,"DemandMax":null,"Value":4891},{"Length":66,"Height":74,"Demand":1,"DemandMax":null,"Value":4884},{"Length":72,"Height":67,"Demand":1,"DemandMax":null,"Value":4824},{"Length":66,"Height":73,"Demand":1,"DemandMax":null,"Value":4818},{"Length":65,"Height":74,"Demand":1,"DemandMax":null,"Value":4810},{"Length":64,"Height":75,"Demand":1,"DemandMax":null,"Value":4800},{"Length":69,"Height":69,"Demand":1,"DemandMax":null,"Value":4761},{"Length":70,"Height":68,"Demand":1,"DemandMax":null,"Value":4760},{"Length":67,"Height":71,"Demand":1,"DemandMax":null,"Value":4757},{"Length":66,"Height":72,"Demand":1,"DemandMax":null,"Value":4752},{"Length":73,"Height":65,"Demand":1,"DemandMax":null,"Value":4745},{"Length":64,"Height":74,"Demand":1,"DemandMax":null,"Value":4736},{"Length":63,"Height":75,"Demand":1,"DemandMax":null,"Value":4725},{"Length":67,"Height":70,"Demand":1,"DemandMax":null,"Value":4690},{"Length":66,"Height":71,"Demand":1,"DemandMax":null,"Value":4686},{"Length":65,"Height":72,"Demand":1,"DemandMax":null,"Value":4680},{"Length":63,"Height":74,"Demand":1,"DemandMax":null,"Value":4662},{"Length":75,"Height":62,"Demand":1,"DemandMax":null,"Value":4650},{"Length":67,"Height":69,"Demand":1,"DemandMax":null,"Value":4623},{"Length":71,"Height":65,"Demand":1,"DemandMax":null,"Value":4615},{"Length":64,"Height":72,"Demand":1,"DemandMax":null,"Value":4608},{"Length":63,"Height":73,"Demand":1,"DemandMax":null,"Value":4599},{"Length":75,"Height":61,"Demand":1,"DemandMax":null,"Value":4575},{"Length":68,"Height":67,"Demand":1,"DemandMax":null,"Value":4556},{"Length":66,"Height":69,"Demand":1,"DemandMax":null,"Value":4554},{"Length":70,"Height":65,"Demand":1,"DemandMax":null,"Value":4550},{"Length":71,"Height":64,"Demand":1,"DemandMax":null,"Value":4544},{"Length":72,"Height":63,"Demand":1,"DemandMax":null,"Value":4536},{"Length":73,"Height":62,"Demand":1,"DemandMax":null,"Value":4526},{"Length":61,"Height":74,"Demand":1,"DemandMax":null,"Value":4514},{"Length":75,"Height":60,"Demand":1,"DemandMax":null,"Value":4500},{"Length":67,"Height":67,"Demand":1,"DemandMax":null,"Value":4489},{"Length":68,"Height":66,"Demand":1,"DemandMax":null,"Value":4488},{"Length":65,"Height":69,"Demand":1,"DemandMax":null,"Value":4485},{"Length":64,"Height":70,"Demand":1,"DemandMax":null,"Value":4480},{"Length":71,"Height":63,"Demand":1,"DemandMax":null,"Value":4473},{"Length":62,"Height":72,"Demand":1,"DemandMax":null,"Value":4464},{"Length":73,"Height":61,"Demand":1,"DemandMax":null,"Value":4453},{"Length":59,"Height":75,"Demand":1,"DemandMax":null,"Value":4425},{"Length":67,"Height":66,"Demand":1,"DemandMax":null,"Value":4422},{"Length":68,"Height":65,"Demand":1,"DemandMax":null,"Value":4420},{"Length":64,"Height":69,"Demand":1,"DemandMax":null,"Value":4416},{"Length":63,"Height":70,"Demand":1,"DemandMax":null,"Value":4410},{"Length":72,"Height":61,"Demand":1,"DemandMax":null,"Value":4392},{"Length":73,"Height":60,"Demand":1,"DemandMax":null,"Value":4380},{"Length":59,"Height":74,"Demand":1,"DemandMax":null,"Value":4366},{"Length":66,"Height":66,"Demand":1,"DemandMax":null,"Value":4356},{"Length":75,"Height":58,"Demand":1,"DemandMax":null,"Value":4350},{"Length":63,"Height":69,"Demand":1,"DemandMax":null,"Value":4347},{"Length":62,"Height":70,"Demand":1,"DemandMax":null,"Value":4340},{"Length":72,"Height":60,"Demand":1,"DemandMax":null,"Value":4320},{"Length":73,"Height":59,"Demand":1,"DemandMax":null,"Value":4307},{"Length":66,"Height":65,"Demand":1,"DemandMax":null,"Value":4290},{"Length":63,"Height":68,"Demand":1,"DemandMax":null,"Value":4284},{"Length":69,"Height":62,"Demand":1,"DemandMax":null,"Value":4278},{"Length":70,"Height":61,"Demand":1,"DemandMax":null,"Value":4270},{"Length":71,"Height":60,"Demand":1,"DemandMax":null,"Value":4260},{"Length":65,"Height":65,"Demand":1,"DemandMax":null,"Value":4225},{"Length":66,"Height":64,"Demand":1,"DemandMax":null,"Value":4224},{"Length":63,"Height":67,"Demand":1,"DemandMax":null,"Value":4221},{"Length":57,"Height":74,"Demand":1,"DemandMax":null,"Value":4218},{"Length":68,"Height":62,"Demand":1,"DemandMax":null,"Value":4216},{"Length":69,"Height":61,"Demand":1,"DemandMax":null,"Value":4209},{"Length":75,"Height":56,"Demand":1,"DemandMax":null,"Value":4200},{"Length":71,"Height":59,"Demand":1,"DemandMax":null,"Value":4189},{"Length":72,"Height":58,"Demand":1,"DemandMax":null,"Value":4176},{"Length":57,"Height":73,"Demand":1,"DemandMax":null,"Value":4161},{"Length":65,"Height":64,"Demand":1,"DemandMax":null,"Value":4160},{"Length":62,"Height":67,"Demand":1,"DemandMax":null,"Value":4154},{"Length":68,"Height":61,"Demand":1,"DemandMax":null,"Value":4148},{"Length":74,"Height":56,"Demand":1,"DemandMax":null,"Value":4144},{"Length":69,"Height":60,"Demand":1,"DemandMax":null,"Value":4140},{"Length":59,"Height":70,"Demand":1,"DemandMax":null,"Value":4130},{"Length":75,"Height":55,"Demand":1,"DemandMax":null,"Value":4125},{"Length":58,"Height":71,"Demand":1,"DemandMax":null,"Value":4118},{"Length":72,"Height":57,"Demand":1,"DemandMax":null,"Value":4104},{"Length":64,"Height":64,"Demand":1,"DemandMax":null,"Value":4096},{"Length":65,"Height":63,"Demand":1,"DemandMax":null,"Value":4095},{"Length":62,"Height":66,"Demand":1,"DemandMax":null,"Value":4092},{"Length":67,"Height":61,"Demand":1,"DemandMax":null,"Value":4087},{"Length":60,"Height":68,"Demand":1,"DemandMax":null,"Value":4080},{"Length":69,"Height":59,"Demand":1,"DemandMax":null,"Value":4071},{"Length":57,"Height":71,"Demand":1,"DemandMax":null,"Value":4047},{"Length":64,"Height":63,"Demand":1,"DemandMax":null,"Value":4032},{"Length":56,"Height":72,"Demand":1,"DemandMax":null,"Value":4032},{"Length":62,"Height":65,"Demand":1,"DemandMax":null,"Value":4030},{"Length":66,"Height":61,"Demand":1,"DemandMax":null,"Value":4026},{"Length":68,"Height":59,"Demand":1,"DemandMax":null,"Value":4012},{"Length":74,"Height":54,"Demand":1,"DemandMax":null,"Value":3996},{"Length":53,"Height":75,"Demand":1,"DemandMax":null,"Value":3975},{"Length":63,"Height":63,"Demand":1,"DemandMax":null,"Value":3969},{"Length":62,"Height":64,"Demand":1,"DemandMax":null,"Value":3968},{"Length":72,"Height":55,"Demand":1,"DemandMax":null,"Value":3960},{"Length":66,"Height":60,"Demand":1,"DemandMax":null,"Value":3960},{"Length":58,"Height":68,"Demand":1,"DemandMax":null,"Value":3944},{"Length":57,"Height":69,"Demand":1,"DemandMax":null,"Value":3933},{"Length":74,"Height":53,"Demand":1,"DemandMax":null,"Value":3922},{"Length":70,"Height":56,"Demand":1,"DemandMax":null,"Value":3920},{"Length":63,"Height":62,"Demand":1,"DemandMax":null,"Value":3906},{"Length":71,"Height":55,"Demand":1,"DemandMax":null,"Value":3905},{"Length":61,"Height":64,"Demand":1,"DemandMax":null,"Value":3904},{"Length":60,"Height":65,"Demand":1,"DemandMax":null,"Value":3900},{"Length":72,"Height":54,"Demand":1,"DemandMax":null,"Value":3888},{"Length":67,"Height":58,"Demand":1,"DemandMax":null,"Value":3886},{"Length":57,"Height":68,"Demand":1,"DemandMax":null,"Value":3876},{"Length":53,"Height":73,"Demand":1,"DemandMax":null,"Value":3869},{"Length":56,"Height":69,"Demand":1,"DemandMax":null,"Value":3864},{"Length":55,"Height":70,"Demand":1,"DemandMax":null,"Value":3850},{"Length":74,"Height":52,"Demand":1,"DemandMax":null,"Value":3848},{"Length":62,"Height":62,"Demand":1,"DemandMax":null,"Value":3844},{"Length":61,"Height":63,"Demand":1,"DemandMax":null,"Value":3843},{"Length":64,"Height":60,"Demand":1,"DemandMax":null,"Value":3840},{"Length":59,"Height":65,"Demand":1,"DemandMax":null,"Value":3835},{"Length":71,"Height":54,"Demand":1,"DemandMax":null,"Value":3834},{"Length":58,"Height":66,"Demand":1,"DemandMax":null,"Value":3828},{"Length":57,"Height":67,"Demand":1,"DemandMax":null,"Value":3819},{"Length":72,"Height":53,"Demand":1,"DemandMax":null,"Value":3816},{"Length":56,"Height":68,"Demand":1,"DemandMax":null,"Value":3808},{"Length":52,"Height":73,"Demand":1,"DemandMax":null,"Value":3796},{"Length":69,"Height":55,"Demand":1,"DemandMax":null,"Value":3795},{"Length":61,"Height":62,"Demand":1,"DemandMax":null,"Value":3782},{"Length":70,"Height":54,"Demand":1,"DemandMax":null,"Value":3780},{"Length":63,"Height":60,"Demand":1,"DemandMax":null,"Value":3780},{"Length":59,"Height":64,"Demand":1,"DemandMax":null,"Value":3776},{"Length":58,"Height":65,"Demand":1,"DemandMax":null,"Value":3770},{"Length":53,"Height":71,"Demand":1,"DemandMax":null,"Value":3763},{"Length":66,"Height":57,"Demand":1,"DemandMax":null,"Value":3762},{"Length":52,"Height":72,"Demand":1,"DemandMax":null,"Value":3744},{"Length":68,"Height":55,"Demand":1,"DemandMax":null,"Value":3740},{"Length":73,"Height":51,"Demand":1,"DemandMax":null,"Value":3723},{"Length":61,"Height":61,"Demand":1,"DemandMax":null,"Value":3721},{"Length":60,"Height":62,"Demand":1,"DemandMax":null,"Value":3720},{"Length":59,"Height":63,"Demand":1,"DemandMax":null,"Value":3717},{"Length":58,"Height":64,"Demand":1,"DemandMax":null,"Value":3712},{"Length":70,"Height":53,"Demand":1,"DemandMax":null,"Value":3710},{"Length":57,"Height":65,"Demand":1,"DemandMax":null,"Value":3705},{"Length":50,"Height":74,"Demand":1,"DemandMax":null,"Value":3700},{"Length":66,"Height":56,"Demand":1,"DemandMax":null,"Value":3696},{"Length":67,"Height":55,"Demand":1,"DemandMax":null,"Value":3685},{"Length":49,"Height":75,"Demand":1,"DemandMax":null,"Value":3675},{"Length":51,"Height":72,"Demand":1,"DemandMax":null,"Value":3672},{"Length":61,"Height":60,"Demand":1,"DemandMax":null,"Value":3660},{"Length":59,"Height":62,"Demand":1,"DemandMax":null,"Value":3658},{"Length":53,"Height":69,"Demand":1,"DemandMax":null,"Value":3657},{"Length":63,"Height":58,"Demand":1,"DemandMax":null,"Value":3654},{"Length":50,"Height":73,"Demand":1,"DemandMax":null,"Value":3650},{"Length":52,"Height":70,"Demand":1,"DemandMax":null,"Value":3640},{"Length":65,"Height":56,"Demand":1,"DemandMax":null,"Value":3640},{"Length":55,"Height":66,"Demand":1,"DemandMax":null,"Value":3630},{"Length":51,"Height":71,"Demand":1,"DemandMax":null,"Value":3621},{"Length":67,"Height":54,"Demand":1,"DemandMax":null,"Value":3618},{"Length":53,"Height":68,"Demand":1,"DemandMax":null,"Value":3604},{"Length":60,"Height":60,"Demand":1,"DemandMax":null,"Value":3600},{"Length":75,"Height":48,"Demand":1,"DemandMax":null,"Value":3600},{"Length":58,"Height":62,"Demand":1,"DemandMax":null,"Value":3596},{"Length":63,"Height":57,"Demand":1,"DemandMax":null,"Value":3591},{"Length":69,"Height":52,"Demand":1,"DemandMax":null,"Value":3588},{"Length":64,"Height":56,"Demand":1,"DemandMax":null,"Value":3584},{"Length":49,"Height":73,"Demand":1,"DemandMax":null,"Value":3577},{"Length":66,"Height":54,"Demand":1,"DemandMax":null,"Value":3564},{"Length":71,"Height":50,"Demand":1,"DemandMax":null,"Value":3550},{"Length":59,"Height":60,"Demand":1,"DemandMax":null,"Value":3540},{"Length":61,"Height":58,"Demand":1,"DemandMax":null,"Value":3538},{"Length":57,"Height":62,"Demand":1,"DemandMax":null,"Value":3534},{"Length":63,"Height":56,"Demand":1,"DemandMax":null,"Value":3528},{"Length":72,"Height":49,"Demand":1,"DemandMax":null,"Value":3528},{"Length":69,"Height":51,"Demand":1,"DemandMax":null,"Value":3519},{"Length":54,"Height":65,"Demand":1,"DemandMax":null,"Value":3510},{"Length":48,"Height":73,"Demand":1,"DemandMax":null,"Value":3504},{"Length":50,"Height":70,"Demand":1,"DemandMax":null,"Value":3500},{"Length":53,"Height":66,"Demand":1,"DemandMax":null,"Value":3498},{"Length":52,"Height":67,"Demand":1,"DemandMax":null,"Value":3484},{"Length":59,"Height":59,"Demand":1,"DemandMax":null,"Value":3481},{"Length":58,"Height":60,"Demand":1,"DemandMax":null,"Value":3480},{"Length":49,"Height":71,"Demand":1,"DemandMax":null,"Value":3479},{"Length":74,"Height":47,"Demand":1,"DemandMax":null,"Value":3478},{"Length":61,"Height":57,"Demand":1,"DemandMax":null,"Value":3477},{"Length":62,"Height":56,"Demand":1,"DemandMax":null,"Value":3472},{"Length":51,"Height":68,"Demand":1,"DemandMax":null,"Value":3468},{"Length":64,"Height":54,"Demand":1,"DemandMax":null,"Value":3456},{"Length":48,"Height":72,"Demand":1,"DemandMax":null,"Value":3456},{"Length":69,"Height":50,"Demand":1,"DemandMax":null,"Value":3450},{"Length":75,"Height":46,"Demand":1,"DemandMax":null,"Value":3450},{"Length":65,"Height":53,"Demand":1,"DemandMax":null,"Value":3445},{"Length":47,"Height":73,"Demand":1,"DemandMax":null,"Value":3431},{"Length":58,"Height":59,"Demand":1,"DemandMax":null,"Value":3422},{"Length":60,"Height":57,"Demand":1,"DemandMax":null,"Value":3420},{"Length":56,"Height":61,"Demand":1,"DemandMax":null,"Value":3416},{"Length":62,"Height":55,"Demand":1,"DemandMax":null,"Value":3410},{"Length":71,"Height":48,"Demand":1,"DemandMax":null,"Value":3408},{"Length":74,"Height":46,"Demand":1,"DemandMax":null,"Value":3404},{"Length":68,"Height":50,"Demand":1,"DemandMax":null,"Value":3400},{"Length":53,"Height":64,"Demand":1,"DemandMax":null,"Value":3392},{"Length":49,"Height":69,"Demand":1,"DemandMax":null,"Value":3381},{"Length":52,"Height":65,"Demand":1,"DemandMax":null,"Value":3380},{"Length":75,"Height":45,"Demand":1,"DemandMax":null,"Value":3375},{"Length":51,"Height":66,"Demand":1,"DemandMax":null,"Value":3366},{"Length":58,"Height":58,"Demand":1,"DemandMax":null,"Value":3364},{"Length":48,"Height":70,"Demand":1,"DemandMax":null,"Value":3360},{"Length":54,"Height":62,"Demand":1,"DemandMax":null,"Value":3348},{"Length":71,"Height":47,"Demand":1,"DemandMax":null,"Value":3337},{"Length":49,"Height":68,"Demand":1,"DemandMax":null,"Value":3332},{"Length":74,"Height":45,"Demand":1,"DemandMax":null,"Value":3330},{"Length":64,"Height":52,"Demand":1,"DemandMax":null,"Value":3328},{"Length":65,"Height":51,"Demand":1,"DemandMax":null,"Value":3315},{"Length":72,"Height":46,"Demand":1,"DemandMax":null,"Value":3312},{"Length":57,"Height":58,"Demand":1,"DemandMax":null,"Value":3306},{"Length":56,"Height":59,"Demand":1,"DemandMax":null,"Value":3304},{"Length":75,"Height":44,"Demand":1,"DemandMax":null,"Value":3300},{"Length":54,"Height":61,"Demand":1,"DemandMax":null,"Value":3294},{"Length":62,"Height":53,"Demand":1,"DemandMax":null,"Value":3286},{"Length":45,"Height":73,"Demand":1,"DemandMax":null,"Value":3285},{"Length":46,"Height":71,"Demand":1,"DemandMax":null,"Value":3266},{"Length":64,"Height":51,"Demand":1,"DemandMax":null,"Value":3264},{"Length":74,"Height":44,"Demand":1,"DemandMax":null,"Value":3256},{"Length":57,"Height":57,"Demand":1,"DemandMax":null,"Value":3249},{"Length":55,"Height":59,"Demand":1,"DemandMax":null,"Value":3245},{"Length":69,"Height":47,"Demand":1,"DemandMax":null,"Value":3243},{"Length":72,"Height":45,"Demand":1,"DemandMax":null,"Value":3240},{"Length":60,"Height":54,"Demand":1,"DemandMax":null,"Value":3240},{"Length":49,"Height":66,"Demand":1,"DemandMax":null,"Value":3234},{"Length":43,"Height":75,"Demand":1,"DemandMax":null,"Value":3225},{"Length":62,"Height":52,"Demand":1,"DemandMax":null,"Value":3224},{"Length":67,"Height":48,"Demand":1,"DemandMax":null,"Value":3216},{"Length":51,"Height":63,"Demand":1,"DemandMax":null,"Value":3213},{"Length":73,"Height":44,"Demand":1,"DemandMax":null,"Value":3212},{"Length":50,"Height":64,"Demand":1,"DemandMax":null,"Value":3200},{"Length":47,"Height":68,"Demand":1,"DemandMax":null,"Value":3196},{"Length":45,"Height":71,"Demand":1,"DemandMax":null,"Value":3195},{"Length":56,"Height":57,"Demand":1,"DemandMax":null,"Value":3192},{"Length":55,"Height":58,"Demand":1,"DemandMax":null,"Value":3190},{"Length":59,"Height":54,"Demand":1,"DemandMax":null,"Value":3186},{"Length":65,"Height":49,"Demand":1,"DemandMax":null,"Value":3185},{"Length":74,"Height":43,"Demand":1,"DemandMax":null,"Value":3182},{"Length":69,"Height":46,"Demand":1,"DemandMax":null,"Value":3174},{"Length":52,"Height":61,"Demand":1,"DemandMax":null,"Value":3172},{"Length":48,"Height":66,"Demand":1,"DemandMax":null,"Value":3168},{"Length":62,"Height":51,"Demand":1,"DemandMax":null,"Value":3162},{"Length":70,"Height":45,"Demand":1,"DemandMax":null,"Value":3150},{"Length":75,"Height":42,"Demand":1,"DemandMax":null,"Value":3150},{"Length":67,"Height":47,"Demand":1,"DemandMax":null,"Value":3149},{"Length":73,"Height":43,"Demand":1,"DemandMax":null,"Value":3139},{"Length":49,"Height":64,"Demand":1,"DemandMax":null,"Value":3136},{"Length":55,"Height":57,"Demand":1,"DemandMax":null,"Value":3135},{"Length":58,"Height":54,"Demand":1,"DemandMax":null,"Value":3132},{"Length":46,"Height":68,"Demand":1,"DemandMax":null,"Value":3128},{"Length":53,"Height":59,"Demand":1,"DemandMax":null,"Value":3127},{"Length":44,"Height":71,"Demand":1,"DemandMax":null,"Value":3124},{"Length":48,"Height":65,"Demand":1,"DemandMax":null,"Value":3120},{"Length":60,"Height":52,"Demand":1,"DemandMax":null,"Value":3120},{"Length":61,"Height":51,"Demand":1,"DemandMax":null,"Value":3111},{"Length":69,"Height":45,"Demand":1,"DemandMax":null,"Value":3105},{"Length":66,"Height":47,"Demand":1,"DemandMax":null,"Value":3102},{"Length":43,"Height":72,"Demand":1,"DemandMax":null,"Value":3096},{"Length":63,"Height":49,"Demand":1,"DemandMax":null,"Value":3087},{"Length":46,"Height":67,"Demand":1,"DemandMax":null,"Value":3082},{"Length":56,"Height":55,"Demand":1,"DemandMax":null,"Value":3080},{"Length":57,"Height":54,"Demand":1,"DemandMax":null,"Value":3078},{"Length":75,"Height":41,"Demand":1,"DemandMax":null,"Value":3075},{"Length":53,"Height":58,"Demand":1,"DemandMax":null,"Value":3074},{"Length":48,"Height":64,"Demand":1,"DemandMax":null,"Value":3072},{"Length":52,"Height":59,"Demand":1,"DemandMax":null,"Value":3068},{"Length":42,"Height":73,"Demand":1,"DemandMax":null,"Value":3066},{"Length":68,"Height":45,"Demand":1,"DemandMax":null,"Value":3060},{"Length":51,"Height":60,"Demand":1,"DemandMax":null,"Value":3060},{"Length":43,"Height":71,"Demand":1,"DemandMax":null,"Value":3053},{"Length":50,"Height":61,"Demand":1,"DemandMax":null,"Value":3050},{"Length":62,"Height":49,"Demand":1,"DemandMax":null,"Value":3038},{"Length":69,"Height":44,"Demand":1,"DemandMax":null,"Value":3036},{"Length":41,"Height":74,"Demand":1,"DemandMax":null,"Value":3034},{"Length":72,"Height":42,"Demand":1,"DemandMax":null,"Value":3024},{"Length":57,"Height":53,"Demand":1,"DemandMax":null,"Value":3021},{"Length":45,"Height":67,"Demand":1,"DemandMax":null,"Value":3015},{"Length":70,"Height":43,"Demand":1,"DemandMax":null,"Value":3010},{"Length":51,"Height":59,"Demand":1,"DemandMax":null,"Value":3009},{"Length":47,"Height":64,"Demand":1,"DemandMax":null,"Value":3008},{"Length":40,"Height":75,"Demand":1,"DemandMax":null,"Value":3000},{"Length":73,"Height":41,"Demand":1,"DemandMax":null,"Value":2993},{"Length":65,"Height":46,"Demand":1,"DemandMax":null,"Value":2990},{"Length":49,"Height":61,"Demand":1,"DemandMax":null,"Value":2989},{"Length":42,"Height":71,"Demand":1,"DemandMax":null,"Value":2982},{"Length":48,"Height":62,"Demand":1,"DemandMax":null,"Value":2976},{"Length":54,"Height":55,"Demand":1,"DemandMax":null,"Value":2970},{"Length":66,"Height":45,"Demand":1,"DemandMax":null,"Value":2970},{"Length":56,"Height":53,"Demand":1,"DemandMax":null,"Value":2968},{"Length":69,"Height":43,"Demand":1,"DemandMax":null,"Value":2967},{"Length":57,"Height":52,"Demand":1,"DemandMax":null,"Value":2964},{"Length":63,"Height":47,"Demand":1,"DemandMax":null,"Value":2961},{"Length":74,"Height":40,"Demand":1,"DemandMax":null,"Value":2960},{"Length":58,"Height":51,"Demand":1,"DemandMax":null,"Value":2958},{"Length":41,"Height":72,"Demand":1,"DemandMax":null,"Value":2952},{"Length":44,"Height":67,"Demand":1,"DemandMax":null,"Value":2948},{"Length":46,"Height":64,"Demand":1,"DemandMax":null,"Value":2944},{"Length":49,"Height":60,"Demand":1,"DemandMax":null,"Value":2940},{"Length":70,"Height":42,"Demand":1,"DemandMax":null,"Value":2940},{"Length":75,"Height":39,"Demand":1,"DemandMax":null,"Value":2925},{"Length":43,"Height":68,"Demand":1,"DemandMax":null,"Value":2924},{"Length":54,"Height":54,"Demand":1,"DemandMax":null,"Value":2916},{"Length":53,"Height":55,"Demand":1,"DemandMax":null,"Value":2915},{"Length":52,"Height":56,"Demand":1,"DemandMax":null,"Value":2912},{"Length":71,"Height":41,"Demand":1,"DemandMax":null,"Value":2911},{"Length":51,"Height":57,"Demand":1,"DemandMax":null,"Value":2907},{"Length":58,"Height":50,"Demand":1,"DemandMax":null,"Value":2900},{"Length":69,"Height":42,"Demand":1,"DemandMax":null,"Value":2898},{"Length":59,"Height":49,"Demand":1,"DemandMax":null,"Value":2891},{"Length":39,"Height":74,"Demand":1,"DemandMax":null,"Value":2886},{"Length":43,"Height":67,"Demand":1,"DemandMax":null,"Value":2881},{"Length":60,"Height":48,"Demand":1,"DemandMax":null,"Value":2880},{"Length":72,"Height":40,"Demand":1,"DemandMax":null,"Value":2880},{"Length":41,"Height":70,"Demand":1,"DemandMax":null,"Value":2870},{"Length":61,"Height":47,"Demand":1,"DemandMax":null,"Value":2867},{"Length":54,"Height":53,"Demand":1,"DemandMax":null,"Value":2862},{"Length":52,"Height":55,"Demand":1,"DemandMax":null,"Value":2860},{"Length":44,"Height":65,"Demand":1,"DemandMax":null,"Value":2860},{"Length":56,"Height":51,"Demand":1,"DemandMax":null,"Value":2856},{"Length":62,"Height":46,"Demand":1,"DemandMax":null,"Value":2852},{"Length":38,"Height":75,"Demand":1,"DemandMax":null,"Value":2850},{"Length":73,"Height":39,"Demand":1,"DemandMax":null,"Value":2847},{"Length":58,"Height":49,"Demand":1,"DemandMax":null,"Value":2842},{"Length":40,"Height":71,"Demand":1,"DemandMax":null,"Value":2840},{"Length":43,"Height":66,"Demand":1,"DemandMax":null,"Value":2838},{"Length":63,"Height":45,"Demand":1,"DemandMax":null,"Value":2835},{"Length":59,"Height":48,"Demand":1,"DemandMax":null,"Value":2832},{"Length":41,"Height":69,"Demand":1,"DemandMax":null,"Value":2829},{"Length":47,"Height":60,"Demand":1,"DemandMax":null,"Value":2820},{"Length":44,"Height":64,"Demand":1,"DemandMax":null,"Value":2816},{"Length":42,"Height":67,"Demand":1,"DemandMax":null,"Value":2814},{"Length":38,"Height":74,"Demand":1,"DemandMax":null,"Value":2812},{"Length":54,"Height":52,"Demand":1,"DemandMax":null,"Value":2808},{"Length":46,"Height":61,"Demand":1,"DemandMax":null,"Value":2806},{"Length":51,"Height":55,"Demand":1,"DemandMax":null,"Value":2805},{"Length":70,"Height":40,"Demand":1,"DemandMax":null,"Value":2800},{"Length":43,"Height":65,"Demand":1,"DemandMax":null,"Value":2795},{"Length":49,"Height":57,"Demand":1,"DemandMax":null,"Value":2793},{"Length":41,"Height":68,"Demand":1,"DemandMax":null,"Value":2788},{"Length":58,"Height":48,"Demand":1,"DemandMax":null,"Value":2784},{"Length":75,"Height":37,"Demand":1,"DemandMax":null,"Value":2775},{"Length":38,"Height":73,"Demand":1,"DemandMax":null,"Value":2774},{"Length":59,"Height":47,"Demand":1,"DemandMax":null,"Value":2773},{"Length":42,"Height":66,"Demand":1,"DemandMax":null,"Value":2772},{"Length":44,"Height":63,"Demand":1,"DemandMax":null,"Value":2772},{"Length":39,"Height":71,"Demand":1,"DemandMax":null,"Value":2769},{"Length":46,"Height":60,"Demand":1,"DemandMax":null,"Value":2760},{"Length":53,"Height":52,"Demand":1,"DemandMax":null,"Value":2756},{"Length":51,"Height":54,"Demand":1,"DemandMax":null,"Value":2754},{"Length":55,"Height":50,"Demand":1,"DemandMax":null,"Value":2750},{"Length":45,"Height":61,"Demand":1,"DemandMax":null,"Value":2745},{"Length":49,"Height":56,"Demand":1,"DemandMax":null,"Value":2744},{"Length":37,"Height":74,"Demand":1,"DemandMax":null,"Value":2738},{"Length":38,"Height":72,"Demand":1,"DemandMax":null,"Value":2736},{"Length":39,"Height":70,"Demand":1,"DemandMax":null,"Value":2730},{"Length":65,"Height":42,"Demand":1,"DemandMax":null,"Value":2730},{"Length":44,"Height":62,"Demand":1,"DemandMax":null,"Value":2728},{"Length":59,"Height":46,"Demand":1,"DemandMax":null,"Value":2714},{"Length":63,"Height":43,"Demand":1,"DemandMax":null,"Value":2709},{"Length":41,"Height":66,"Demand":1,"DemandMax":null,"Value":2706},{"Length":52,"Height":52,"Demand":1,"DemandMax":null,"Value":2704},{"Length":53,"Height":51,"Demand":1,"DemandMax":null,"Value":2703},{"Length":36,"Height":75,"Demand":1,"DemandMax":null,"Value":2700},{"Length":60,"Height":45,"Demand":1,"DemandMax":null,"Value":2700},{"Length":54,"Height":50,"Demand":1,"DemandMax":null,"Value":2700},{"Length":38,"Height":71,"Demand":1,"DemandMax":null,"Value":2698},{"Length":64,"Height":42,"Demand":1,"DemandMax":null,"Value":2688},{"Length":44,"Height":61,"Demand":1,"DemandMax":null,"Value":2684},{"Length":40,"Height":67,"Demand":1,"DemandMax":null,"Value":2680},{"Length":47,"Height":57,"Demand":1,"DemandMax":null,"Value":2679},{"Length":58,"Height":46,"Demand":1,"DemandMax":null,"Value":2668},{"Length":43,"Height":62,"Demand":1,"DemandMax":null,"Value":2666},{"Length":65,"Height":41,"Demand":1,"DemandMax":null,"Value":2665},{"Length":37,"Height":72,"Demand":1,"DemandMax":null,"Value":2664},{"Length":36,"Height":74,"Demand":1,"DemandMax":null,"Value":2664},{"Length":70,"Height":38,"Demand":1,"DemandMax":null,"Value":2660},{"Length":45,"Height":59,"Demand":1,"DemandMax":null,"Value":2655},{"Length":52,"Height":51,"Demand":1,"DemandMax":null,"Value":2652},{"Length":68,"Height":39,"Demand":1,"DemandMax":null,"Value":2652},{"Length":48,"Height":55,"Demand":1,"DemandMax":null,"Value":2640},{"Length":44,"Height":60,"Demand":1,"DemandMax":null,"Value":2640},{"Length":47,"Height":56,"Demand":1,"DemandMax":null,"Value":2632},{"Length":36,"Height":73,"Demand":1,"DemandMax":null,"Value":2628},{"Length":43,"Height":61,"Demand":1,"DemandMax":null,"Value":2623},{"Length":69,"Height":38,"Demand":1,"DemandMax":null,"Value":2622},{"Length":39,"Height":67,"Demand":1,"DemandMax":null,"Value":2613},{"Length":45,"Height":58,"Demand":1,"DemandMax":null,"Value":2610},{"Length":51,"Height":51,"Demand":1,"DemandMax":null,"Value":2601},{"Length":65,"Height":40,"Demand":1,"DemandMax":null,"Value":2600},{"Length":50,"Height":52,"Demand":1,"DemandMax":null,"Value":2600},{"Length":49,"Height":53,"Demand":1,"DemandMax":null,"Value":2597},{"Length":36,"Height":72,"Demand":1,"DemandMax":null,"Value":2592},{"Length":74,"Height":35,"Demand":1,"DemandMax":null,"Value":2590},{"Length":37,"Height":70,"Demand":1,"DemandMax":null,"Value":2590},{"Length":55,"Height":47,"Demand":1,"DemandMax":null,"Value":2585},{"Length":41,"Height":63,"Demand":1,"DemandMax":null,"Value":2583},{"Length":39,"Height":66,"Demand":1,"DemandMax":null,"Value":2574},{"Length":57,"Height":45,"Demand":1,"DemandMax":null,"Value":2565},{"Length":42,"Height":61,"Demand":1,"DemandMax":null,"Value":2562},{"Length":64,"Height":40,"Demand":1,"DemandMax":null,"Value":2560},{"Length":36,"Height":71,"Demand":1,"DemandMax":null,"Value":2556},{"Length":75,"Height":34,"Demand":1,"DemandMax":null,"Value":2550},{"Length":51,"Height":50,"Demand":1,"DemandMax":null,"Value":2550},{"Length":49,"Height":52,"Demand":1,"DemandMax":null,"Value":2548},{"Length":67,"Height":38,"Demand":1,"DemandMax":null,"Value":2546},{"Length":48,"Height":53,"Demand":1,"DemandMax":null,"Value":2544},{"Length":62,"Height":41,"Demand":1,"DemandMax":null,"Value":2542},{"Length":43,"Height":59,"Demand":1,"DemandMax":null,"Value":2537},{"Length":55,"Height":46,"Demand":1,"DemandMax":null,"Value":2530},{"Length":56,"Height":45,"Demand":1,"DemandMax":null,"Value":2520},{"Length":63,"Height":40,"Demand":1,"DemandMax":null,"Value":2520},{"Length":37,"Height":68,"Demand":1,"DemandMax":null,"Value":2516},{"Length":66,"Height":38,"Demand":1,"DemandMax":null,"Value":2508},{"Length":61,"Height":41,"Demand":1,"DemandMax":null,"Value":2501},{"Length":50,"Height":50,"Demand":1,"DemandMax":null,"Value":2500},{"Length":51,"Height":49,"Demand":1,"DemandMax":null,"Value":2499},{"Length":64,"Height":39,"Demand":1,"DemandMax":null,"Value":2496},{"Length":48,"Height":52,"Demand":1,"DemandMax":null,"Value":2496},{"Length":43,"Height":58,"Demand":1,"DemandMax":null,"Value":2494},{"Length":53,"Height":47,"Demand":1,"DemandMax":null,"Value":2491},{"Length":69,"Height":36,"Demand":1,"DemandMax":null,"Value":2484},{"Length":73,"Height":34,"Demand":1,"DemandMax":null,"Value":2482},{"Length":40,"Height":62,"Demand":1,"DemandMax":null,"Value":2480},{"Length":37,"Height":67,"Demand":1,"DemandMax":null,"Value":2479},{"Length":59,"Height":42,"Demand":1,"DemandMax":null,"Value":2478},{"Length":33,"Height":75,"Demand":1,"DemandMax":null,"Value":2475},{"Length":45,"Height":55,"Demand":1,"DemandMax":null,"Value":2475},{"Length":65,"Height":38,"Demand":1,"DemandMax":null,"Value":2470},{"Length":56,"Height":44,"Demand":1,"DemandMax":null,"Value":2464},{"Length":60,"Height":41,"Demand":1,"DemandMax":null,"Value":2460},{"Length":39,"Height":63,"Demand":1,"DemandMax":null,"Value":2457},{"Length":57,"Height":43,"Demand":1,"DemandMax":null,"Value":2451},{"Length":50,"Height":49,"Demand":1,"DemandMax":null,"Value":2450},{"Length":35,"Height":70,"Demand":1,"DemandMax":null,"Value":2450},{"Length":51,"Height":48,"Demand":1,"DemandMax":null,"Value":2448},{"Length":34,"Height":72,"Demand":1,"DemandMax":null,"Value":2448},{"Length":47,"Height":52,"Demand":1,"DemandMax":null,"Value":2444},{"Length":37,"Height":66,"Demand":1,"DemandMax":null,"Value":2442},{"Length":74,"Height":33,"Demand":1,"DemandMax":null,"Value":2442},{"Length":61,"Height":40,"Demand":1,"DemandMax":null,"Value":2440},{"Length":58,"Height":42,"Demand":1,"DemandMax":null,"Value":2436},{"Length":54,"Height":45,"Demand":1,"DemandMax":null,"Value":2430},{"Length":59,"Height":41,"Demand":1,"DemandMax":null,"Value":2419},{"Length":62,"Height":39,"Demand":1,"DemandMax":null,"Value":2418},{"Length":69,"Height":35,"Demand":1,"DemandMax":null,"Value":2415},{"Length":34,"Height":71,"Demand":1,"DemandMax":null,"Value":2414},{"Length":56,"Height":43,"Demand":1,"DemandMax":null,"Value":2408},{"Length":37,"Height":65,"Demand":1,"DemandMax":null,"Value":2405},{"Length":50,"Height":48,"Demand":1,"DemandMax":null,"Value":2400},{"Length":75,"Height":32,"Demand":1,"DemandMax":null,"Value":2400},{"Length":40,"Height":60,"Demand":1,"DemandMax":null,"Value":2400},{"Length":57,"Height":42,"Demand":1,"DemandMax":null,"Value":2394},{"Length":63,"Height":38,"Demand":1,"DemandMax":null,"Value":2394},{"Length":46,"Height":52,"Demand":1,"DemandMax":null,"Value":2392},{"Length":68,"Height":35,"Demand":1,"DemandMax":null,"Value":2380},{"Length":34,"Height":70,"Demand":1,"DemandMax":null,"Value":2380},{"Length":41,"Height":58,"Demand":1,"DemandMax":null,"Value":2378},{"Length":54,"Height":44,"Demand":1,"DemandMax":null,"Value":2376},{"Length":72,"Height":33,"Demand":1,"DemandMax":null,"Value":2376},{"Length":74,"Height":32,"Demand":1,"DemandMax":null,"Value":2368},{"Length":37,"Height":64,"Demand":1,"DemandMax":null,"Value":2368},{"Length":55,"Height":43,"Demand":1,"DemandMax":null,"Value":2365},{"Length":62,"Height":38,"Demand":1,"DemandMax":null,"Value":2356},{"Length":56,"Height":42,"Demand":1,"DemandMax":null,"Value":2352},{"Length":49,"Height":48,"Demand":1,"DemandMax":null,"Value":2352},{"Length":47,"Height":50,"Demand":1,"DemandMax":null,"Value":2350},{"Length":46,"Height":51,"Demand":1,"DemandMax":null,"Value":2346},{"Length":69,"Height":34,"Demand":1,"DemandMax":null,"Value":2346},{"Length":36,"Height":65,"Demand":1,"DemandMax":null,"Value":2340},{"Length":52,"Height":45,"Demand":1,"DemandMax":null,"Value":2340},{"Length":41,"Height":57,"Demand":1,"DemandMax":null,"Value":2337},{"Length":32,"Height":73,"Demand":1,"DemandMax":null,"Value":2336},{"Length":44,"Height":53,"Demand":1,"DemandMax":null,"Value":2332},{"Length":63,"Height":37,"Demand":1,"DemandMax":null,"Value":2331},{"Length":31,"Height":75,"Demand":1,"DemandMax":null,"Value":2325},{"Length":54,"Height":43,"Demand":1,"DemandMax":null,"Value":2322},{"Length":58,"Height":40,"Demand":1,"DemandMax":null,"Value":2320},{"Length":33,"Height":70,"Demand":1,"DemandMax":null,"Value":2310},{"Length":66,"Height":35,"Demand":1,"DemandMax":null,"Value":2310},{"Length":55,"Height":42,"Demand":1,"DemandMax":null,"Value":2310},{"Length":72,"Height":32,"Demand":1,"DemandMax":null,"Value":2304},{"Length":36,"Height":64,"Demand":1,"DemandMax":null,"Value":2304},{"Length":39,"Height":59,"Demand":1,"DemandMax":null,"Value":2301},{"Length":45,"Height":51,"Demand":1,"DemandMax":null,"Value":2295},{"Length":62,"Height":37,"Demand":1,"DemandMax":null,"Value":2294},{"Length":74,"Height":31,"Demand":1,"DemandMax":null,"Value":2294},{"Length":52,"Height":44,"Demand":1,"DemandMax":null,"Value":2288},{"Length":38,"Height":60,"Demand":1,"DemandMax":null,"Value":2280},{"Length":40,"Height":57,"Demand":1,"DemandMax":null,"Value":2280},{"Length":53,"Height":43,"Demand":1,"DemandMax":null,"Value":2279},{"Length":69,"Height":33,"Demand":1,"DemandMax":null,"Value":2277},{"Length":65,"Height":35,"Demand":1,"DemandMax":null,"Value":2275},{"Length":36,"Height":63,"Demand":1,"DemandMax":null,"Value":2268},{"Length":54,"Height":42,"Demand":1,"DemandMax":null,"Value":2268},{"Length":73,"Height":31,"Demand":1,"DemandMax":null,"Value":2263},{"Length":39,"Height":58,"Demand":1,"DemandMax":null,"Value":2262},{"Length":61,"Height":37,"Demand":1,"DemandMax":null,"Value":2257},{"Length":55,"Height":41,"Demand":1,"DemandMax":null,"Value":2255},{"Length":46,"Height":49,"Demand":1,"DemandMax":null,"Value":2254},{"Length":50,"Height":45,"Demand":1,"DemandMax":null,"Value":2250},{"Length":44,"Height":51,"Demand":1,"DemandMax":null,"Value":2244},{"Length":68,"Height":33,"Demand":1,"DemandMax":null,"Value":2244},{"Length":66,"Height":34,"Demand":1,"DemandMax":null,"Value":2244},{"Length":64,"Height":35,"Demand":1,"DemandMax":null,"Value":2240},{"Length":40,"Height":56,"Demand":1,"DemandMax":null,"Value":2240},{"Length":70,"Height":32,"Demand":1,"DemandMax":null,"Value":2240},{"Length":43,"Height":52,"Demand":1,"DemandMax":null,"Value":2236},{"Length":72,"Height":31,"Demand":1,"DemandMax":null,"Value":2232},{"Length":62,"Height":36,"Demand":1,"DemandMax":null,"Value":2232},{"Length":53,"Height":42,"Demand":1,"DemandMax":null,"Value":2226},{"Length":39,"Height":57,"Demand":1,"DemandMax":null,"Value":2223},{"Length":37,"Height":60,"Demand":1,"DemandMax":null,"Value":2220},{"Length":74,"Height":30,"Demand":1,"DemandMax":null,"Value":2220},{"Length":54,"Height":41,"Demand":1,"DemandMax":null,"Value":2214},{"Length":34,"Height":65,"Demand":1,"DemandMax":null,"Value":2210},{"Length":47,"Height":47,"Demand":1,"DemandMax":null,"Value":2209},{"Length":69,"Height":32,"Demand":1,"DemandMax":null,"Value":2208},{"Length":49,"Height":45,"Demand":1,"DemandMax":null,"Value":2205},{"Length":58,"Height":38,"Demand":1,"DemandMax":null,"Value":2204},{"Length":40,"Height":55,"Demand":1,"DemandMax":null,"Value":2200},{"Length":50,"Height":44,"Demand":1,"DemandMax":null,"Value":2200},{"Length":36,"Height":61,"Demand":1,"DemandMax":null,"Value":2196},{"Length":43,"Height":51,"Demand":1,"DemandMax":null,"Value":2193},{"Length":73,"Height":30,"Demand":1,"DemandMax":null,"Value":2190},{"Length":37,"Height":59,"Demand":1,"DemandMax":null,"Value":2183},{"Length":66,"Height":33,"Demand":1,"DemandMax":null,"Value":2178},{"Length":41,"Height":53,"Demand":1,"DemandMax":null,"Value":2173},{"Length":31,"Height":70,"Demand":1,"DemandMax":null,"Value":2170},{"Length":62,"Height":35,"Demand":1,"DemandMax":null,"Value":2170},{"Length":47,"Height":46,"Demand":1,"DemandMax":null,"Value":2162},{"Length":45,"Height":48,"Demand":1,"DemandMax":null,"Value":2160},{"Length":60,"Height":36,"Demand":1,"DemandMax":null,"Value":2160},{"Length":30,"Height":72,"Demand":1,"DemandMax":null,"Value":2160},{"Length":54,"Height":40,"Demand":1,"DemandMax":null,"Value":2160},{"Length":44,"Height":49,"Demand":1,"DemandMax":null,"Value":2156},{"Length":43,"Height":50,"Demand":1,"DemandMax":null,"Value":2150},{"Length":74,"Height":29,"Demand":1,"DemandMax":null,"Value":2146},{"Length":37,"Height":58,"Demand":1,"DemandMax":null,"Value":2146},{"Length":39,"Height":55,"Demand":1,"DemandMax":null,"Value":2145},{"Length":33,"Height":65,"Demand":1,"DemandMax":null,"Value":2145},{"Length":32,"Height":67,"Demand":1,"DemandMax":null,"Value":2144},{"Length":42,"Height":51,"Demand":1,"DemandMax":null,"Value":2142},{"Length":34,"Height":63,"Demand":1,"DemandMax":null,"Value":2142},{"Length":69,"Height":31,"Demand":1,"DemandMax":null,"Value":2139},{"Length":61,"Height":35,"Demand":1,"DemandMax":null,"Value":2135},{"Length":52,"Height":41,"Demand":1,"DemandMax":null,"Value":2132},{"Length":30,"Height":71,"Demand":1,"DemandMax":null,"Value":2130},{"Length":36,"Height":59,"Demand":1,"DemandMax":null,"Value":2124},{"Length":53,"Height":40,"Demand":1,"DemandMax":null,"Value":2120},{"Length":29,"Height":73,"Demand":1,"DemandMax":null,"Value":2117},{"Length":45,"Height":47,"Demand":1,"DemandMax":null,"Value":2115},{"Length":32,"Height":66,"Demand":1,"DemandMax":null,"Value":2112},{"Length":33,"Height":64,"Demand":1,"DemandMax":null,"Value":2112},{"Length":37,"Height":57,"Demand":1,"DemandMax":null,"Value":2109},{"Length":68,"Height":31,"Demand":1,"DemandMax":null,"Value":2108},{"Length":34,"Height":62,"Demand":1,"DemandMax":null,"Value":2108},{"Length":39,"Height":54,"Demand":1,"DemandMax":null,"Value":2106},{"Length":30,"Height":70,"Demand":1,"DemandMax":null,"Value":2100},{"Length":60,"Height":35,"Demand":1,"DemandMax":null,"Value":2100},{"Length":41,"Height":51,"Demand":1,"DemandMax":null,"Value":2091},{"Length":58,"Height":36,"Demand":1,"DemandMax":null,"Value":2088},{"Length":29,"Height":72,"Demand":1,"DemandMax":null,"Value":2088},{"Length":65,"Height":32,"Demand":1,"DemandMax":null,"Value":2080},{"Length":40,"Height":52,"Demand":1,"DemandMax":null,"Value":2080},{"Length":33,"Height":63,"Demand":1,"DemandMax":null,"Value":2079},{"Length":67,"Height":31,"Demand":1,"DemandMax":null,"Value":2077},{"Length":61,"Height":34,"Demand":1,"DemandMax":null,"Value":2074},{"Length":46,"Height":45,"Demand":1,"DemandMax":null,"Value":2070},{"Length":47,"Height":44,"Demand":1,"DemandMax":null,"Value":2068},{"Length":53,"Height":39,"Demand":1,"DemandMax":null,"Value":2067},{"Length":35,"Height":59,"Demand":1,"DemandMax":null,"Value":2065},{"Length":43,"Height":48,"Demand":1,"DemandMax":null,"Value":2064},{"Length":29,"Height":71,"Demand":1,"DemandMax":null,"Value":2059},{"Length":42,"Height":49,"Demand":1,"DemandMax":null,"Value":2058},{"Length":57,"Height":36,"Demand":1,"DemandMax":null,"Value":2052},{"Length":54,"Height":38,"Demand":1,"DemandMax":null,"Value":2052},{"Length":33,"Height":62,"Demand":1,"DemandMax":null,"Value":2046},{"Length":28,"Height":73,"Demand":1,"DemandMax":null,"Value":2044},{"Length":60,"Height":34,"Demand":1,"DemandMax":null,"Value":2040},{"Length":30,"Height":68,"Demand":1,"DemandMax":null,"Value":2040},{"Length":70,"Height":29,"Demand":1,"DemandMax":null,"Value":2030},{"Length":35,"Height":58,"Demand":1,"DemandMax":null,"Value":2030},{"Length":39,"Height":52,"Demand":1,"DemandMax":null,"Value":2028},{"Length":27,"Height":75,"Demand":1,"DemandMax":null,"Value":2025},{"Length":47,"Height":43,"Demand":1,"DemandMax":null,"Value":2021},{"Length":63,"Height":32,"Demand":1,"DemandMax":null,"Value":2016},{"Length":48,"Height":42,"Demand":1,"DemandMax":null,"Value":2016},{"Length":56,"Height":36,"Demand":1,"DemandMax":null,"Value":2016},{"Length":28,"Height":72,"Demand":1,"DemandMax":null,"Value":2016},{"Length":65,"Height":31,"Demand":1,"DemandMax":null,"Value":2015},{"Length":33,"Height":61,"Demand":1,"DemandMax":null,"Value":2013},{"Length":30,"Height":67,"Demand":1,"DemandMax":null,"Value":2010},{"Length":49,"Height":41,"Demand":1,"DemandMax":null,"Value":2009},{"Length":34,"Height":59,"Demand":1,"DemandMax":null,"Value":2006},{"Length":29,"Height":69,"Demand":1,"DemandMax":null,"Value":2001},{"Length":50,"Height":40,"Demand":1,"DemandMax":null,"Value":2000},{"Length":37,"Height":54,"Demand":1,"DemandMax":null,"Value":1998},{"Length":74,"Height":27,"Demand":1,"DemandMax":null,"Value":1998},{"Length":35,"Height":57,"Demand":1,"DemandMax":null,"Value":1995},{"Length":31,"Height":64,"Demand":1,"DemandMax":null,"Value":1984},{"Length":62,"Height":32,"Demand":1,"DemandMax":null,"Value":1984},{"Length":45,"Height":44,"Demand":1,"DemandMax":null,"Value":1980},{"Length":66,"Height":30,"Demand":1,"DemandMax":null,"Value":1980},{"Length":33,"Height":60,"Demand":1,"DemandMax":null,"Value":1980},{"Length":36,"Height":55,"Demand":1,"DemandMax":null,"Value":1980},{"Length":43,"Height":46,"Demand":1,"DemandMax":null,"Value":1978},{"Length":38,"Height":52,"Demand":1,"DemandMax":null,"Value":1976},{"Length":47,"Height":42,"Demand":1,"DemandMax":null,"Value":1974},{"Length":58,"Height":34,"Demand":1,"DemandMax":null,"Value":1972},{"Length":29,"Height":68,"Demand":1,"DemandMax":null,"Value":1972},{"Length":27,"Height":73,"Demand":1,"DemandMax":null,"Value":1971},{"Length":41,"Height":48,"Demand":1,"DemandMax":null,"Value":1968},{"Length":53,"Height":37,"Demand":1,"DemandMax":null,"Value":1961},{"Length":56,"Height":35,"Demand":1,"DemandMax":null,"Value":1960},{"Length":28,"Height":70,"Demand":1,"DemandMax":null,"Value":1960},{"Length":31,"Height":63,"Demand":1,"DemandMax":null,"Value":1953},{"Length":61,"Height":32,"Demand":1,"DemandMax":null,"Value":1952},{"Length":65,"Height":30,"Demand":1,"DemandMax":null,"Value":1950},{"Length":39,"Height":50,"Demand":1,"DemandMax":null,"Value":1950},{"Length":33,"Height":59,"Demand":1,"DemandMax":null,"Value":1947},{"Length":36,"Height":54,"Demand":1,"DemandMax":null,"Value":1944},{"Length":27,"Height":72,"Demand":1,"DemandMax":null,"Value":1944},{"Length":67,"Height":29,"Demand":1,"DemandMax":null,"Value":1943},{"Length":51,"Height":38,"Demand":1,"DemandMax":null,"Value":1938},{"Length":57,"Height":34,"Demand":1,"DemandMax":null,"Value":1938},{"Length":44,"Height":44,"Demand":1,"DemandMax":null,"Value":1936},{"Length":43,"Height":45,"Demand":1,"DemandMax":null,"Value":1935},{"Length":28,"Height":69,"Demand":1,"DemandMax":null,"Value":1932},{"Length":46,"Height":42,"Demand":1,"DemandMax":null,"Value":1932},{"Length":41,"Height":47,"Demand":1,"DemandMax":null,"Value":1927},{"Length":26,"Height":74,"Demand":1,"DemandMax":null,"Value":1924},{"Length":37,"Height":52,"Demand":1,"DemandMax":null,"Value":1924},{"Length":62,"Height":31,"Demand":1,"DemandMax":null,"Value":1922},{"Length":30,"Height":64,"Demand":1,"DemandMax":null,"Value":1920},{"Length":60,"Height":32,"Demand":1,"DemandMax":null,"Value":1920},{"Length":48,"Height":40,"Demand":1,"DemandMax":null,"Value":1920},{"Length":27,"Height":71,"Demand":1,"DemandMax":null,"Value":1917},{"Length":29,"Height":66,"Demand":1,"DemandMax":null,"Value":1914},{"Length":58,"Height":33,"Demand":1,"DemandMax":null,"Value":1914},{"Length":53,"Height":36,"Demand":1,"DemandMax":null,"Value":1908},{"Length":68,"Height":28,"Demand":1,"DemandMax":null,"Value":1904},{"Length":34,"Height":56,"Demand":1,"DemandMax":null,"Value":1904},{"Length":26,"Height":73,"Demand":1,"DemandMax":null,"Value":1898},{"Length":43,"Height":44,"Demand":1,"DemandMax":null,"Value":1892},{"Length":61,"Height":31,"Demand":1,"DemandMax":null,"Value":1891},{"Length":30,"Height":63,"Demand":1,"DemandMax":null,"Value":1890},{"Length":35,"Height":54,"Demand":1,"DemandMax":null,"Value":1890},{"Length":32,"Height":59,"Demand":1,"DemandMax":null,"Value":1888},{"Length":37,"Height":51,"Demand":1,"DemandMax":null,"Value":1887},{"Length":41,"Height":46,"Demand":1,"DemandMax":null,"Value":1886},{"Length":65,"Height":29,"Demand":1,"DemandMax":null,"Value":1885},{"Length":33,"Height":57,"Demand":1,"DemandMax":null,"Value":1881},{"Length":40,"Height":47,"Demand":1,"DemandMax":null,"Value":1880},{"Length":67,"Height":28,"Demand":1,"DemandMax":null,"Value":1876},{"Length":36,"Height":52,"Demand":1,"DemandMax":null,"Value":1872},{"Length":26,"Height":72,"Demand":1,"DemandMax":null,"Value":1872},{"Length":55,"Height":34,"Demand":1,"DemandMax":null,"Value":1870},{"Length":69,"Height":27,"Demand":1,"DemandMax":null,"Value":1863},{"Length":30,"Height":62,"Demand":1,"DemandMax":null,"Value":1860},{"Length":60,"Height":31,"Demand":1,"DemandMax":null,"Value":1860},{"Length":58,"Height":32,"Demand":1,"DemandMax":null,"Value":1856},{"Length":35,"Height":53,"Demand":1,"DemandMax":null,"Value":1855},{"Length":50,"Height":37,"Demand":1,"DemandMax":null,"Value":1850},{"Length":25,"Height":74,"Demand":1,"DemandMax":null,"Value":1850},{"Length":43,"Height":43,"Demand":1,"DemandMax":null,"Value":1849},{"Length":33,"Height":56,"Demand":1,"DemandMax":null,"Value":1848},{"Length":66,"Height":28,"Demand":1,"DemandMax":null,"Value":1848},{"Length":44,"Height":42,"Demand":1,"DemandMax":null,"Value":1848},{"Length":71,"Height":26,"Demand":1,"DemandMax":null,"Value":1846},{"Length":40,"Height":46,"Demand":1,"DemandMax":null,"Value":1840},{"Length":54,"Height":34,"Demand":1,"DemandMax":null,"Value":1836},{"Length":36,"Height":51,"Demand":1,"DemandMax":null,"Value":1836},{"Length":47,"Height":39,"Demand":1,"DemandMax":null,"Value":1833},{"Length":30,"Height":61,"Demand":1,"DemandMax":null,"Value":1830},{"Length":63,"Height":29,"Demand":1,"DemandMax":null,"Value":1827},{"Length":73,"Height":25,"Demand":1,"DemandMax":null,"Value":1825},{"Length":38,"Height":48,"Demand":1,"DemandMax":null,"Value":1824},{"Length":52,"Height":35,"Demand":1,"DemandMax":null,"Value":1820},{"Length":26,"Height":70,"Demand":1,"DemandMax":null,"Value":1820},{"Length":55,"Height":33,"Demand":1,"DemandMax":null,"Value":1815},{"Length":49,"Height":37,"Demand":1,"DemandMax":null,"Value":1813},{"Length":27,"Height":67,"Demand":1,"DemandMax":null,"Value":1809},{"Length":42,"Height":43,"Demand":1,"DemandMax":null,"Value":1806},{"Length":41,"Height":44,"Demand":1,"DemandMax":null,"Value":1804},{"Length":53,"Height":34,"Demand":1,"DemandMax":null,"Value":1802},{"Length":30,"Height":60,"Demand":1,"DemandMax":null,"Value":1800},{"Length":50,"Height":36,"Demand":1,"DemandMax":null,"Value":1800},{"Length":72,"Height":25,"Demand":1,"DemandMax":null,"Value":1800},{"Length":58,"Height":31,"Demand":1,"DemandMax":null,"Value":1798},{"Length":62,"Height":29,"Demand":1,"DemandMax":null,"Value":1798},{"Length":69,"Height":26,"Demand":1,"DemandMax":null,"Value":1794},{"Length":46,"Height":39,"Demand":1,"DemandMax":null,"Value":1794},{"Length":38,"Height":47,"Demand":1,"DemandMax":null,"Value":1786},{"Length":35,"Height":51,"Demand":1,"DemandMax":null,"Value":1785},{"Length":54,"Height":33,"Demand":1,"DemandMax":null,"Value":1782},{"Length":66,"Height":27,"Demand":1,"DemandMax":null,"Value":1782},{"Length":48,"Height":37,"Demand":1,"DemandMax":null,"Value":1776},{"Length":59,"Height":30,"Demand":1,"DemandMax":null,"Value":1770},{"Length":29,"Height":61,"Demand":1,"DemandMax":null,"Value":1769},{"Length":68,"Height":26,"Demand":1,"DemandMax":null,"Value":1768},{"Length":52,"Height":34,"Demand":1,"DemandMax":null,"Value":1768},{"Length":31,"Height":57,"Demand":1,"DemandMax":null,"Value":1767},{"Length":49,"Height":36,"Demand":1,"DemandMax":null,"Value":1764},{"Length":42,"Height":42,"Demand":1,"DemandMax":null,"Value":1764},{"Length":43,"Height":41,"Demand":1,"DemandMax":null,"Value":1763},{"Length":40,"Height":44,"Demand":1,"DemandMax":null,"Value":1760},{"Length":27,"Height":65,"Demand":1,"DemandMax":null,"Value":1755},{"Length":39,"Height":45,"Demand":1,"DemandMax":null,"Value":1755},{"Length":25,"Height":70,"Demand":1,"DemandMax":null,"Value":1750},{"Length":35,"Height":50,"Demand":1,"DemandMax":null,"Value":1750},{"Length":67,"Height":26,"Demand":1,"DemandMax":null,"Value":1742},{"Length":29,"Height":60,"Demand":1,"DemandMax":null,"Value":1740},{"Length":31,"Height":56,"Demand":1,"DemandMax":null,"Value":1736},{"Length":28,"Height":62,"Demand":1,"DemandMax":null,"Value":1736},{"Length":27,"Height":64,"Demand":1,"DemandMax":null,"Value":1728},{"Length":32,"Height":54,"Demand":1,"DemandMax":null,"Value":1728},{"Length":42,"Height":41,"Demand":1,"DemandMax":null,"Value":1722},{"Length":66,"Height":26,"Demand":1,"DemandMax":null,"Value":1716},{"Length":52,"Height":33,"Demand":1,"DemandMax":null,"Value":1716},{"Length":44,"Height":39,"Demand":1,"DemandMax":null,"Value":1716},{"Length":49,"Height":35,"Demand":1,"DemandMax":null,"Value":1715},{"Length":29,"Height":59,"Demand":1,"DemandMax":null,"Value":1711},{"Length":30,"Height":57,"Demand":1,"DemandMax":null,"Value":1710},{"Length":46,"Height":37,"Demand":1,"DemandMax":null,"Value":1702},{"Length":63,"Height":27,"Demand":1,"DemandMax":null,"Value":1701},{"Length":34,"Height":50,"Demand":1,"DemandMax":null,"Value":1700},{"Length":53,"Height":32,"Demand":1,"DemandMax":null,"Value":1696},{"Length":65,"Height":26,"Demand":1,"DemandMax":null,"Value":1690},{"Length":51,"Height":33,"Demand":1,"DemandMax":null,"Value":1683},{"Length":58,"Height":29,"Demand":1,"DemandMax":null,"Value":1682},{"Length":41,"Height":41,"Demand":1,"DemandMax":null,"Value":1681},{"Length":42,"Height":40,"Demand":1,"DemandMax":null,"Value":1680},{"Length":56,"Height":30,"Demand":1,"DemandMax":null,"Value":1680},{"Length":35,"Height":48,"Demand":1,"DemandMax":null,"Value":1680},{"Length":28,"Height":60,"Demand":1,"DemandMax":null,"Value":1680},{"Length":39,"Height":43,"Demand":1,"DemandMax":null,"Value":1677},{"Length":67,"Height":25,"Demand":1,"DemandMax":null,"Value":1675},{"Length":31,"Height":54,"Demand":1,"DemandMax":null,"Value":1674},{"Length":27,"Height":62,"Demand":1,"DemandMax":null,"Value":1674},{"Length":49,"Height":34,"Demand":1,"DemandMax":null,"Value":1666},{"Length":37,"Height":45,"Demand":1,"DemandMax":null,"Value":1665},{"Length":32,"Height":52,"Demand":1,"DemandMax":null,"Value":1664},{"Length":36,"Height":46,"Demand":1,"DemandMax":null,"Value":1656},{"Length":57,"Height":29,"Demand":1,"DemandMax":null,"Value":1653},{"Length":66,"Height":25,"Demand":1,"DemandMax":null,"Value":1650},{"Length":50,"Height":33,"Demand":1,"DemandMax":null,"Value":1650},{"Length":43,"Height":38,"Demand":1,"DemandMax":null,"Value":1634},{"Length":32,"Height":51,"Demand":1,"DemandMax":null,"Value":1632},{"Length":34,"Height":48,"Demand":1,"DemandMax":null,"Value":1632},{"Length":25,"Height":65,"Demand":1,"DemandMax":null,"Value":1625},{"Length":28,"Height":58,"Demand":1,"DemandMax":null,"Value":1624},{"Length":30,"Height":54,"Demand":1,"DemandMax":null,"Value":1620},{"Length":36,"Height":45,"Demand":1,"DemandMax":null,"Value":1620},{"Length":33,"Height":49,"Demand":1,"DemandMax":null,"Value":1617},{"Length":31,"Height":52,"Demand":1,"DemandMax":null,"Value":1612},{"Length":64,"Height":25,"Demand":1,"DemandMax":null,"Value":1600},{"Length":32,"Height":50,"Demand":1,"DemandMax":null,"Value":1600},{"Length":34,"Height":47,"Demand":1,"DemandMax":null,"Value":1598},{"Length":42,"Height":38,"Demand":1,"DemandMax":null,"Value":1596},{"Length":28,"Height":57,"Demand":1,"DemandMax":null,"Value":1596},{"Length":55,"Height":29,"Demand":1,"DemandMax":null,"Value":1595},{"Length":59,"Height":27,"Demand":1,"DemandMax":null,"Value":1593},{"Length":43,"Height":37,"Demand":1,"DemandMax":null,"Value":1591},{"Length":30,"Height":53,"Demand":1,"DemandMax":null,"Value":1590},{"Length":61,"Height":26,"Demand":1,"DemandMax":null,"Value":1586},{"Length":33,"Height":48,"Demand":1,"DemandMax":null,"Value":1584},{"Length":63,"Height":25,"Demand":1,"DemandMax":null,"Value":1575},{"Length":35,"Height":45,"Demand":1,"DemandMax":null,"Value":1575},{"Length":32,"Height":49,"Demand":1,"DemandMax":null,"Value":1568},{"Length":54,"Height":29,"Demand":1,"DemandMax":null,"Value":1566},{"Length":27,"Height":58,"Demand":1,"DemandMax":null,"Value":1566},{"Length":46,"Height":34,"Demand":1,"DemandMax":null,"Value":1564},{"Length":30,"Height":52,"Demand":1,"DemandMax":null,"Value":1560},{"Length":26,"Height":60,"Demand":1,"DemandMax":null,"Value":1560},{"Length":40,"Height":39,"Demand":1,"DemandMax":null,"Value":1560},{"Length":42,"Height":37,"Demand":1,"DemandMax":null,"Value":1554},{"Length":31,"Height":50,"Demand":1,"DemandMax":null,"Value":1550},{"Length":36,"Height":43,"Demand":1,"DemandMax":null,"Value":1548},{"Length":35,"Height":44,"Demand":1,"DemandMax":null,"Value":1540},{"Length":57,"Height":27,"Demand":1,"DemandMax":null,"Value":1539},{"Length":32,"Height":48,"Demand":1,"DemandMax":null,"Value":1536},{"Length":59,"Height":26,"Demand":1,"DemandMax":null,"Value":1534},{"Length":45,"Height":34,"Demand":1,"DemandMax":null,"Value":1530},{"Length":61,"Height":25,"Demand":1,"DemandMax":null,"Value":1525},{"Length":39,"Height":39,"Demand":1,"DemandMax":null,"Value":1521},{"Length":40,"Height":38,"Demand":1,"DemandMax":null,"Value":1520},{"Length":49,"Height":31,"Demand":1,"DemandMax":null,"Value":1519},{"Length":33,"Height":46,"Demand":1,"DemandMax":null,"Value":1518},{"Length":37,"Height":41,"Demand":1,"DemandMax":null,"Value":1517},{"Length":54,"Height":28,"Demand":1,"DemandMax":null,"Value":1512},{"Length":27,"Height":56,"Demand":1,"DemandMax":null,"Value":1512},{"Length":42,"Height":36,"Demand":1,"DemandMax":null,"Value":1512},{"Length":52,"Height":29,"Demand":1,"DemandMax":null,"Value":1508},{"Length":43,"Height":35,"Demand":1,"DemandMax":null,"Value":1505},{"Length":32,"Height":47,"Demand":1,"DemandMax":null,"Value":1504},{"Length":50,"Height":30,"Demand":1,"DemandMax":null,"Value":1500},{"Length":48,"Height":31,"Demand":1,"DemandMax":null,"Value":1488},{"Length":33,"Height":45,"Demand":1,"DemandMax":null,"Value":1485},{"Length":53,"Height":28,"Demand":1,"DemandMax":null,"Value":1484},{"Length":39,"Height":38,"Demand":1,"DemandMax":null,"Value":1482},{"Length":26,"Height":57,"Demand":1,"DemandMax":null,"Value":1482},{"Length":37,"Height":40,"Demand":1,"DemandMax":null,"Value":1480},{"Length":51,"Height":29,"Demand":1,"DemandMax":null,"Value":1479},{"Length":36,"Height":41,"Demand":1,"DemandMax":null,"Value":1476},{"Length":59,"Height":25,"Demand":1,"DemandMax":null,"Value":1475},{"Length":35,"Height":42,"Demand":1,"DemandMax":null,"Value":1470},{"Length":49,"Height":30,"Demand":1,"DemandMax":null,"Value":1470},{"Length":43,"Height":34,"Demand":1,"DemandMax":null,"Value":1462},{"Length":31,"Height":47,"Demand":1,"DemandMax":null,"Value":1457},{"Length":56,"Height":26,"Demand":1,"DemandMax":null,"Value":1456},{"Length":28,"Height":52,"Demand":1,"DemandMax":null,"Value":1456},{"Length":33,"Height":44,"Demand":1,"DemandMax":null,"Value":1452},{"Length":50,"Height":29,"Demand":1,"DemandMax":null,"Value":1450},{"Length":37,"Height":39,"Demand":1,"DemandMax":null,"Value":1443},{"Length":48,"Height":30,"Demand":1,"DemandMax":null,"Value":1440},{"Length":45,"Height":32,"Demand":1,"DemandMax":null,"Value":1440},{"Length":41,"Height":35,"Demand":1,"DemandMax":null,"Value":1435},{"Length":27,"Height":53,"Demand":1,"DemandMax":null,"Value":1431},{"Length":26,"Height":55,"Demand":1,"DemandMax":null,"Value":1430},{"Length":42,"Height":34,"Demand":1,"DemandMax":null,"Value":1428},{"Length":28,"Height":51,"Demand":1,"DemandMax":null,"Value":1428},{"Length":46,"Height":31,"Demand":1,"DemandMax":null,"Value":1426},{"Length":57,"Height":25,"Demand":1,"DemandMax":null,"Value":1425},{"Length":49,"Height":29,"Demand":1,"DemandMax":null,"Value":1421},{"Length":43,"Height":33,"Demand":1,"DemandMax":null,"Value":1419},{"Length":47,"Height":30,"Demand":1,"DemandMax":null,"Value":1410},{"Length":44,"Height":32,"Demand":1,"DemandMax":null,"Value":1408},{"Length":37,"Height":38,"Demand":1,"DemandMax":null,"Value":1406},{"Length":52,"Height":27,"Demand":1,"DemandMax":null,"Value":1404},{"Length":25,"Height":56,"Demand":1,"DemandMax":null,"Value":1400},{"Length":42,"Height":33,"Demand":1,"DemandMax":null,"Value":1386},{"Length":30,"Height":46,"Demand":1,"DemandMax":null,"Value":1380},{"Length":53,"Height":26,"Demand":1,"DemandMax":null,"Value":1378},{"Length":51,"Height":27,"Demand":1,"DemandMax":null,"Value":1377},{"Length":43,"Height":32,"Demand":1,"DemandMax":null,"Value":1376},{"Length":55,"Height":25,"Demand":1,"DemandMax":null,"Value":1375},{"Length":39,"Height":35,"Demand":1,"DemandMax":null,"Value":1365},{"Length":31,"Height":44,"Demand":1,"DemandMax":null,"Value":1364},{"Length":29,"Height":47,"Demand":1,"DemandMax":null,"Value":1363},{"Length":40,"Height":34,"Demand":1,"DemandMax":null,"Value":1360},{"Length":41,"Height":33,"Demand":1,"DemandMax":null,"Value":1353},{"Length":26,"Height":52,"Demand":1,"DemandMax":null,"Value":1352},{"Length":27,"Height":50,"Demand":1,"DemandMax":null,"Value":1350},{"Length":30,"Height":45,"Demand":1,"DemandMax":null,"Value":1350},{"Length":42,"Height":32,"Demand":1,"DemandMax":null,"Value":1344},{"Length":37,"Height":36,"Demand":1,"DemandMax":null,"Value":1332},{"Length":35,"Height":38,"Demand":1,"DemandMax":null,"Value":1330},{"Length":34,"Height":39,"Demand":1,"DemandMax":null,"Value":1326},{"Length":51,"Height":26,"Demand":1,"DemandMax":null,"Value":1326},{"Length":53,"Height":25,"Demand":1,"DemandMax":null,"Value":1325},{"Length":27,"Height":49,"Demand":1,"DemandMax":null,"Value":1323},{"Length":30,"Height":44,"Demand":1,"DemandMax":null,"Value":1320},{"Length":40,"Height":33,"Demand":1,"DemandMax":null,"Value":1320},{"Length":28,"Height":47,"Demand":1,"DemandMax":null,"Value":1316},{"Length":32,"Height":41,"Demand":1,"DemandMax":null,"Value":1312},{"Length":45,"Height":29,"Demand":1,"DemandMax":null,"Value":1305},{"Length":42,"Height":31,"Demand":1,"DemandMax":null,"Value":1302},{"Length":50,"Height":26,"Demand":1,"DemandMax":null,"Value":1300},{"Length":52,"Height":25,"Demand":1,"DemandMax":null,"Value":1300},{"Length":27,"Height":48,"Demand":1,"DemandMax":null,"Value":1296},{"Length":38,"Height":34,"Demand":1,"DemandMax":null,"Value":1292},{"Length":30,"Height":43,"Demand":1,"DemandMax":null,"Value":1290},{"Length":28,"Height":46,"Demand":1,"DemandMax":null,"Value":1288},{"Length":33,"Height":39,"Demand":1,"DemandMax":null,"Value":1287},{"Length":44,"Height":29,"Demand":1,"DemandMax":null,"Value":1276},{"Length":25,"Height":51,"Demand":1,"DemandMax":null,"Value":1275},{"Length":49,"Height":26,"Demand":1,"DemandMax":null,"Value":1274},{"Length":47,"Height":27,"Demand":1,"DemandMax":null,"Value":1269},{"Length":45,"Height":28,"Demand":1,"DemandMax":null,"Value":1260},{"Length":42,"Height":30,"Demand":1,"DemandMax":null,"Value":1260},{"Length":35,"Height":36,"Demand":1,"DemandMax":null,"Value":1260},{"Length":34,"Height":37,"Demand":1,"DemandMax":null,"Value":1258},{"Length":33,"Height":38,"Demand":1,"DemandMax":null,"Value":1254},{"Length":25,"Height":50,"Demand":1,"DemandMax":null,"Value":1250},{"Length":48,"Height":26,"Demand":1,"DemandMax":null,"Value":1248},{"Length":29,"Height":43,"Demand":1,"DemandMax":null,"Value":1247},{"Length":27,"Height":46,"Demand":1,"DemandMax":null,"Value":1242},{"Length":31,"Height":40,"Demand":1,"DemandMax":null,"Value":1240},{"Length":28,"Height":44,"Demand":1,"DemandMax":null,"Value":1232},{"Length":41,"Height":30,"Demand":1,"DemandMax":null,"Value":1230},{"Length":25,"Height":49,"Demand":1,"DemandMax":null,"Value":1225},{"Length":34,"Height":36,"Demand":1,"DemandMax":null,"Value":1224},{"Length":26,"Height":47,"Demand":1,"DemandMax":null,"Value":1222},{"Length":33,"Height":37,"Demand":1,"DemandMax":null,"Value":1221},{"Length":29,"Height":42,"Demand":1,"DemandMax":null,"Value":1218},{"Length":38,"Height":32,"Demand":1,"DemandMax":null,"Value":1216},{"Length":27,"Height":45,"Demand":1,"DemandMax":null,"Value":1215},{"Length":39,"Height":31,"Demand":1,"DemandMax":null,"Value":1209},{"Length":30,"Height":40,"Demand":1,"DemandMax":null,"Value":1200},{"Length":25,"Height":48,"Demand":1,"DemandMax":null,"Value":1200},{"Length":46,"Height":26,"Demand":1,"DemandMax":null,"Value":1196},{"Length":34,"Height":35,"Demand":1,"DemandMax":null,"Value":1190},{"Length":41,"Height":29,"Demand":1,"DemandMax":null,"Value":1189},{"Length":36,"Height":33,"Demand":1,"DemandMax":null,"Value":1188},{"Length":42,"Height":28,"Demand":1,"DemandMax":null,"Value":1176},{"Length":47,"Height":25,"Demand":1,"DemandMax":null,"Value":1175},{"Length":27,"Height":43,"Demand":1,"DemandMax":null,"Value":1161},{"Length":40,"Height":29,"Demand":1,"DemandMax":null,"Value":1160},{"Length":35,"Height":33,"Demand":1,"DemandMax":null,"Value":1155},{"Length":32,"Height":36,"Demand":1,"DemandMax":null,"Value":1152},{"Length":46,"Height":25,"Demand":1,"DemandMax":null,"Value":1150},{"Length":41,"Height":28,"Demand":1,"DemandMax":null,"Value":1148},{"Length":31,"Height":37,"Demand":1,"DemandMax":null,"Value":1147},{"Length":26,"Height":44,"Demand":1,"DemandMax":null,"Value":1144},{"Length":30,"Height":38,"Demand":1,"DemandMax":null,"Value":1140},{"Length":27,"Height":42,"Demand":1,"DemandMax":null,"Value":1134},{"Length":39,"Height":29,"Demand":1,"DemandMax":null,"Value":1131},{"Length":25,"Height":45,"Demand":1,"DemandMax":null,"Value":1125},{"Length":28,"Height":40,"Demand":1,"DemandMax":null,"Value":1120},{"Length":32,"Height":35,"Demand":1,"DemandMax":null,"Value":1120},{"Length":43,"Height":26,"Demand":1,"DemandMax":null,"Value":1118},{"Length":36,"Height":31,"Demand":1,"DemandMax":null,"Value":1116},{"Length":30,"Height":37,"Demand":1,"DemandMax":null,"Value":1110},{"Length":27,"Height":41,"Demand":1,"DemandMax":null,"Value":1107},{"Length":38,"Height":29,"Demand":1,"DemandMax":null,"Value":1102},{"Length":33,"Height":33,"Demand":1,"DemandMax":null,"Value":1089},{"Length":34,"Height":32,"Demand":1,"DemandMax":null,"Value":1088},{"Length":31,"Height":35,"Demand":1,"DemandMax":null,"Value":1085},{"Length":40,"Height":27,"Demand":1,"DemandMax":null,"Value":1080},{"Length":36,"Height":30,"Demand":1,"DemandMax":null,"Value":1080},{"Length":25,"Height":43,"Demand":1,"DemandMax":null,"Value":1075},{"Length":29,"Height":37,"Demand":1,"DemandMax":null,"Value":1073},{"Length":26,"Height":41,"Demand":1,"DemandMax":null,"Value":1066},{"Length":28,"Height":38,"Demand":1,"DemandMax":null,"Value":1064},{"Length":33,"Height":32,"Demand":1,"DemandMax":null,"Value":1056},{"Length":27,"Height":39,"Demand":1,"DemandMax":null,"Value":1053},{"Length":30,"Height":35,"Demand":1,"DemandMax":null,"Value":1050},{"Length":25,"Height":42,"Demand":1,"DemandMax":null,"Value":1050},{"Length":36,"Height":29,"Demand":1,"DemandMax":null,"Value":1044},{"Length":40,"Height":26,"Demand":1,"DemandMax":null,"Value":1040},{"Length":28,"Height":37,"Demand":1,"DemandMax":null,"Value":1036},{"Length":38,"Height":27,"Demand":1,"DemandMax":null,"Value":1026},{"Length":25,"Height":41,"Demand":1,"DemandMax":null,"Value":1025},{"Length":32,"Height":32,"Demand":1,"DemandMax":null,"Value":1024},{"Length":33,"Height":31,"Demand":1,"DemandMax":null,"Value":1023},{"Length":30,"Height":34,"Demand":1,"DemandMax":null,"Value":1020},{"Length":39,"Height":26,"Demand":1,"DemandMax":null,"Value":1014},{"Length":36,"Height":28,"Demand":1,"DemandMax":null,"Value":1008},{"Length":40,"Height":25,"Demand":1,"DemandMax":null,"Value":1000},{"Length":27,"Height":37,"Demand":1,"DemandMax":null,"Value":999},{"Length":33,"Height":30,"Demand":1,"DemandMax":null,"Value":990},{"Length":26,"Height":38,"Demand":1,"DemandMax":null,"Value":988},{"Length":34,"Height":29,"Demand":1,"DemandMax":null,"Value":986},{"Length":28,"Height":35,"Demand":1,"DemandMax":null,"Value":980},{"Length":39,"Height":25,"Demand":1,"DemandMax":null,"Value":975},{"Length":36,"Height":27,"Demand":1,"DemandMax":null,"Value":972},{"Length":37,"Height":26,"Demand":1,"DemandMax":null,"Value":962},{"Length":29,"Height":33,"Demand":1,"DemandMax":null,"Value":957},{"Length":34,"Height":28,"Demand":1,"DemandMax":null,"Value":952},{"Length":38,"Height":25,"Demand":1,"DemandMax":null,"Value":950},{"Length":27,"Height":35,"Demand":1,"DemandMax":null,"Value":945},{"Length":36,"Height":26,"Demand":1,"DemandMax":null,"Value":936},{"Length":31,"Height":30,"Demand":1,"DemandMax":null,"Value":930},{"Length":33,"Height":28,"Demand":1,"DemandMax":null,"Value":924},{"Length":36,"Height":25,"Demand":1,"DemandMax":null,"Value":900},{"Length":31,"Height":29,"Demand":1,"DemandMax":null,"Value":899},{"Length":27,"Height":33,"Demand":1,"DemandMax":null,"Value":891},{"Length":26,"Height":34,"Demand":1,"DemandMax":null,"Value":884},{"Length":29,"Height":30,"Demand":1,"DemandMax":null,"Value":870},{"Length":28,"Height":31,"Demand":1,"DemandMax":null,"Value":868},{"Length":32,"Height":27,"Demand":1,"DemandMax":null,"Value":864},{"Length":25,"Height":34,"Demand":1,"DemandMax":null,"Value":850},{"Length":27,"Height":31,"Demand":1,"DemandMax":null,"Value":837},{"Length":25,"Height":33,"Demand":1,"DemandMax":null,"Value":825},{"Length":28,"Height":29,"Demand":1,"DemandMax":null,"Value":812},{"Length":30,"Height":27,"Demand":1,"DemandMax":null,"Value":810},{"Length":26,"Height":31,"Demand":1,"DemandMax":null,"Value":806},{"Length":32,"Height":25,"Demand":1,"DemandMax":null,"Value":800},{"Length":28,"Height":28,"Demand":1,"DemandMax":null,"Value":784},{"Length":29,"Height":27,"Demand":1,"DemandMax":null,"Value":783},{"Length":30,"Height":26,"Demand":1,"DemandMax":null,"Value":780},{"Length":31,"Height":25,"Demand":1,"DemandMax":null,"Value":775},{"Length":27,"Height":28,"Demand":1,"DemandMax":null,"Value":756},{"Length":26,"Height":29,"Demand":1,"DemandMax":null,"Value":754},{"Length":30,"Height":25,"Demand":1,"DemandMax":null,"Value":750},{"Length":28,"Height":26,"Demand":1,"DemandMax":null,"Value":728},{"Length":25,"Height":29,"Demand":1,"DemandMax":null,"Value":725},{"Length":27,"Height":26,"Demand":1,"DemandMax":null,"Value":702},{"Length":25,"Height":28,"Demand":1,"DemandMax":null,"Value":700},{"Length":27,"Height":25,"Demand":1,"DemandMax":null,"Value":675},{"Length":25,"Height":25,"Demand":1,"DemandMax":null,"Value":625}]}