{"Name":"AH143","Objects":[{"Length":1000,"Height":40141,"Stock":null,"Cost":40141000}],"Items":[{"Length":300,"Height":290,"Demand":10,"DemandMax":null,"Value":87000},{"Length":273,"Height":265,"Demand":10,"DemandMax":null,"Value":72345},{"Length":246,"Height":288,"Demand":10,"DemandMax":null,"Value":70848},{"Length":251,"Height":273,"Demand":10,"DemandMax":null,"Value":68523},{"Length":276,"Height":245,"Demand":10,"DemandMax":null,"Value":67620},{"Length":265,"Height":248,"Demand":10,"DemandMax":null,"Value":65720},{"Length":250,"Height":262,"Demand":10,"DemandMax":null,"Value":65500},{"Length":258,"Height":249,"Demand":10,"DemandMax":null,"Value":64242},{"Length":252,"Height":252,"Demand":10,"DemandMax":null,"Value":63504},{"Length":225,"Height":282,"Demand":10,"DemandMax":null,"Value":63450},{"Length":252,"Height":251,"Demand":10,"DemandMax":null,"Value":63252},{"Length":265,"Height":235,"Demand":10,"DemandMax":null,"Value":62275},{"Length":236,"Height":259,"Demand":10,"DemandMax":null,"Value":61124},{"Length":282,"Height":213,"Demand":10,"DemandMax":null,"Value":60066},{"Length":227,"Height":262,"Demand":10,"DemandMax":null,"Value":59474},{"Length":233,"Height":252,"Demand":10,"DemandMax":null,"Value":58716},{"Length":196,"Height":296,"Demand":10,"DemandMax":null,"Value":58016},{"Length":219,"Height":255,"Demand":10,"DemandMax":null,"Value":55845},{"Length":257,"Height":216,"Demand":10,"DemandMax":null,"Value":55512},{"Length":227,"Height":244,"Demand":10,"DemandMax":null,"Value":55388},{"Length":239,"Height":223,"Demand":10,"DemandMax":null,"Value":53297},{"Length":250,"Height":212,"Demand":10,"DemandMax":null,"Value":53000},{"Length":258,"Height":202,"Demand":10,"DemandMax":null,"Value":52116},{"Length":173,"Height":300,"Demand":10,"DemandMax":null,"Value":51900},{"Length":229,"Height":223,"Demand":10,"DemandMax":null,"Value":51067},{"Length":181,"Height":279,"Demand":10,"DemandMax":null,"Value":50499},{"Length":285,"Height":176,"Demand":10,"DemandMax":null,"Value":50160},{"Length":255,"Height":196,"Demand":10,"DemandMax":null,"Value":49980},{"Length":228,"Height":219,"Demand":10,"DemandMax":null,"Value":49932},{"Length":215,"Height":230,"Demand":10,"DemandMax":null,"Value":49450},{"Length":234,"Height":206,"Demand":10,"DemandMax":null,"Value":48204},{"Length":174,"Height":269,"Demand":10,"DemandMax":null,"Value":46806},{"Length":206,"Height":227,"Demand":10,"DemandMax":null,"Value":46762},{"Length":266,"Height":175,"Demand":10,"DemandMax":null,"Value":46550},{"Length":193,"Height":240,"Demand":10,"DemandMax":null,"Value":46320},{"Length":172,"Height":265,"Demand":10,"DemandMax":null,"Value":45580},{"Length":282,"Height":161,"Demand":10,"DemandMax":null,"Value":45402},{"Length":191,"Height":237,"Demand":10,"DemandMax":null,"Value":45267},{"Length":244,"Height":184,"Demand":10,"DemandMax":null,"Value":44896},{"Length":290,"Height":150,"Demand":10,"DemandMax":null,"Value":43500},{"Length":206,"Height":205,"Demand":10,"DemandMax":null,"Value":42230},{"Length":253,"Height":163,"Demand":10,"DemandMax":null,"Value":41239},{"Length":167,"Height":240,"Demand":10,"DemandMax":null,"Value":40080},{"Length":270,"Height":146,"Demand":10,"DemandMax":null,"Value":39420},{"Length":219,"Height":178,"Demand":10,"DemandMax":null,"Value":38982},{"Length":262,"Height":148,"Demand":10,"DemandMax":null,"Value":38776},{"Length":138,"Height":279,"Demand":10,"DemandMax":null,"Value":38502},{"Length":216,"Height":178,"Demand":10,"DemandMax":null,"Value":38448},{"Length":278,"Height":137,"Demand":10,"DemandMax":null,"Value":38086},{"Length":287,"Height":132,"Demand":10,"DemandMax":null,"Value":37884},{"Length":226,"Height":167,"Demand":10,"DemandMax":null,"Value":37742},{"Length":152,"Height":248,"Demand":10,"DemandMax":null,"Value":37696},{"Length":283,"Height":133,"Demand":10,"DemandMax":null,"Value":37639},{"Length":138,"Height":268,"Demand":10,"DemandMax":null,"Value":36984},{"Length":175,"Height":208,"Demand":10,"DemandMax":null,"Value":36400},{"Length":195,"Height":186,"Demand":10,"DemandMax":null,"Value":36270},{"Length":178,"Height":202,"Demand":10,"DemandMax":null,"Value":35956},{"Length":123,"Height":285,"Demand":10,"DemandMax":null,"Value":35055},{"Length":157,"Height":221,"Demand":10,"DemandMax":null,"Value":34697},{"Length":116,"Height":296,"Demand":10,"DemandMax":null,"Value":34336},{"Length":139,"Height":246,"Demand":10,"DemandMax":null,"Value":34194},{"Length":198,"Height":172,"Demand":10,"DemandMax":null,"Value":34056},{"Length":136,"Height":248,"Demand":10,"DemandMax":null,"Value":33728},{"Length":205,"Height":162,"Demand":10,"DemandMax":null,"Value":33210},{"Length":203,"Height":163,"Demand":10,"DemandMax":null,"Value":33089},{"Length":274,"Height":116,"Demand":10,"DemandMax":null,"Value":31784},{"Length":115,"Height":273,"Demand":10,"DemandMax":null,"Value":31395},{"Length":104,"Height":298,"Demand":10,"DemandMax":null,"Value":30992},{"Length":250,"Height":121,"Demand":10,"DemandMax":null,"Value":30250},{"Length":270,"Height":112,"Demand":10,"DemandMax":null,"Value":30240},{"Length":121,"Height":249,"Demand":10,"DemandMax":null,"Value":30129},{"Length":213,"Height":136,"Demand":10,"DemandMax":null,"Value":28968},{"Length":141,"Height":200,"Demand":10,"DemandMax":null,"Value":28200},{"Length":186,"Height":151,"Demand":10,"DemandMax":null,"Value":28086},{"Length":145,"Height":193,"Demand":10,"DemandMax":null,"Value":27985},{"Length":110,"Height":249,"Demand":10,"DemandMax":null,"Value":27390},{"Length":132,"Height":207,"Demand":10,"DemandMax":null,"Value":27324},{"Length":128,"Height":213,"Demand":10,"DemandMax":null,"Value":27264},{"Length":213,"Height":127,"Demand":10,"DemandMax":null,"Value":27051},{"Length":181,"Height":147,"Demand":10,"DemandMax":null,"Value":26607},{"Length":208,"Height":125,"Demand":10,"DemandMax":null,"Value":26000},{"Length":102,"Height":250,"Demand":10,"DemandMax":null,"Value":25500},{"Length":143,"Height":176,"Demand":10,"DemandMax":null,"Value":25168},{"Length":152,"Height":164,"Demand":10,"DemandMax":null,"Value":24928},{"Length":122,"Height":203,"Demand":10,"DemandMax":null,"Value":24766},{"Length":138,"Height":178,"Demand":10,"DemandMax":null,"Value":24564},{"Length":194,"Height":116,"Demand":10,"DemandMax":null,"Value":22504},{"Length":146,"Height":146,"Demand":10,"DemandMax":null,"Value":21316},{"Length":184,"Height":115,"Demand":10,"DemandMax":null,"Value":21160},{"Length":107,"Height":191,"Demand":10,"DemandMax":null,"Value":20437},{"Length":183,"Height":106,"Demand":10,"DemandMax":null,"Value":19398},{"Length":164,"Height":117,"Demand":10,"DemandMax":null,"Value":19188},{"Length":100,"Height":189,"Demand":10,"DemandMax":null,"Value":18900},{"Length":173,"Height":106,"Demand":10,"DemandMax":null,"Value":18338},{"Length":150,"Height":112,"Demand":10,"DemandMax":null,"Value":16800},{"Length":136,"Height":121,"Demand":10,"DemandMax":null,"Value":16456},{"Length":144,"Height":111,"Demand":10,"DemandMax":null,"Value":15984},{"Length":112,"Height":135,"Demand":10,"DemandMax":null,"Value":15120},{"Length":111,"Height":136,"Demand":10,"DemandMax":null,"Value":15096},{"Length":105,"Height":142,"Demand":10,"DemandMax":null,"Value":14910}]}