{"Name":"AH274","Objects":[{"Length":1000,"Height":39630,"Stock":null,"Cost":39630000}],"Items":[{"Length":370,"Height":356,"Demand":1,"DemandMax":null,"Value":131720},{"Length":359,"Height":366,"Demand":1,"DemandMax":null,"Value":131394},{"Length":369,"Height":354,"Demand":1,"DemandMax":null,"Value":130626},{"Length":374,"Height":348,"Demand":1,"DemandMax":null,"Value":130152},{"Length":332,"Height":375,"Demand":1,"DemandMax":null,"Value":124500},{"Length":361,"Height":341,"Demand":1,"DemandMax":null,"Value":123101},{"Length":362,"Height":340,"Demand":1,"DemandMax":null,"Value":123080},{"Length":325,"Height":373,"Demand":1,"DemandMax":null,"Value":121225},{"Length":326,"Height":369,"Demand":1,"DemandMax":null,"Value":120294},{"Length":348,"Height":345,"Demand":1,"DemandMax":null,"Value":120060},{"Length":362,"Height":324,"Demand":1,"DemandMax":null,"Value":117288},{"Length":352,"Height":331,"Demand":1,"DemandMax":null,"Value":116512},{"Length":323,"Height":360,"Demand":1,"DemandMax":null,"Value":116280},{"Length":326,"Height":356,"Demand":1,"DemandMax":null,"Value":116056},{"Length":335,"Height":344,"Demand":1,"DemandMax":null,"Value":115240},{"Length":320,"Height":360,"Demand":1,"DemandMax":null,"Value":115200},{"Length":344,"Height":333,"Demand":1,"DemandMax":null,"Value":114552},{"Length":302,"Height":373,"Demand":1,"DemandMax":null,"Value":112646},{"Length":324,"Height":341,"Demand":1,"DemandMax":null,"Value":110484},{"Length":334,"Height":330,"Demand":1,"DemandMax":null,"Value":110220},{"Length":300,"Height":366,"Demand":1,"DemandMax":null,"Value":109800},{"Length":290,"Height":375,"Demand":1,"DemandMax":null,"Value":108750},{"Length":310,"Height":350,"Demand":1,"DemandMax":null,"Value":108500},{"Length":308,"Height":351,"Demand":1,"DemandMax":null,"Value":108108},{"Length":320,"Height":337,"Demand":1,"DemandMax":null,"Value":107840},{"Length":351,"Height":305,"Demand":1,"DemandMax":null,"Value":107055},{"Length":348,"Height":307,"Demand":1,"DemandMax":null,"Value":106836},{"Length":302,"Height":351,"Demand":1,"DemandMax":null,"Value":106002},{"Length":326,"Height":324,"Demand":1,"DemandMax":null,"Value":105624},{"Length":285,"Height":369,"Demand":1,"DemandMax":null,"Value":105165},{"Length":374,"Height":280,"Demand":1,"DemandMax":null,"Value":104720},{"Length":373,"Height":280,"Demand":1,"DemandMax":null,"Value":104440},{"Length":345,"Height":301,"Demand":1,"DemandMax":null,"Value":103845},{"Length":345,"Height":300,"Demand":1,"DemandMax":null,"Value":103500},{"Length":322,"Height":319,"Demand":1,"DemandMax":null,"Value":102718},{"Length":289,"Height":355,"Demand":1,"DemandMax":null,"Value":102595},{"Length":278,"Height":368,"Demand":1,"DemandMax":null,"Value":102304},{"Length":295,"Height":345,"Demand":1,"DemandMax":null,"Value":101775},{"Length":314,"Height":323,"Demand":1,"DemandMax":null,"Value":101422},{"Length":274,"Height":369,"Demand":1,"DemandMax":null,"Value":101106},{"Length":282,"Height":358,"Demand":1,"DemandMax":null,"Value":100956},{"Length":273,"Height":368,"Demand":1,"DemandMax":null,"Value":100464},{"Length":278,"Height":361,"Demand":1,"DemandMax":null,"Value":100358},{"Length":353,"Height":284,"Demand":1,"DemandMax":null,"Value":100252},{"Length":273,"Height":367,"Demand":1,"DemandMax":null,"Value":100191},{"Length":299,"Height":335,"Demand":1,"DemandMax":null,"Value":100165},{"Length":267,"Height":374,"Demand":1,"DemandMax":null,"Value":99858},{"Length":279,"Height":357,"Demand":1,"DemandMax":null,"Value":99603},{"Length":275,"Height":362,"Demand":1,"DemandMax":null,"Value":99550},{"Length":361,"Height":275,"Demand":1,"DemandMax":null,"Value":99275},{"Length":299,"Height":332,"Demand":1,"DemandMax":null,"Value":99268},{"Length":304,"Height":326,"Demand":1,"DemandMax":null,"Value":99104},{"Length":299,"Height":331,"Demand":1,"DemandMax":null,"Value":98969},{"Length":290,"Height":339,"Demand":1,"DemandMax":null,"Value":98310},{"Length":327,"Height":300,"Demand":1,"DemandMax":null,"Value":98100},{"Length":351,"Height":279,"Demand":1,"DemandMax":null,"Value":97929},{"Length":356,"Height":273,"Demand":1,"DemandMax":null,"Value":97188},{"Length":293,"Height":331,"Demand":1,"DemandMax":null,"Value":96983},{"Length":277,"Height":350,"Demand":1,"DemandMax":null,"Value":96950},{"Length":324,"Height":299,"Demand":1,"DemandMax":null,"Value":96876},{"Length":317,"Height":305,"Demand":1,"DemandMax":null,"Value":96685},{"Length":352,"Height":274,"Demand":1,"DemandMax":null,"Value":96448},{"Length":365,"Height":262,"Demand":1,"DemandMax":null,"Value":95630},{"Length":257,"Height":372,"Demand":1,"DemandMax":null,"Value":95604},{"Length":356,"Height":268,"Demand":1,"DemandMax":null,"Value":95408},{"Length":289,"Height":329,"Demand":1,"DemandMax":null,"Value":95081},{"Length":264,"Height":360,"Demand":1,"DemandMax":null,"Value":95040},{"Length":323,"Height":293,"Demand":1,"DemandMax":null,"Value":94639},{"Length":310,"Height":305,"Demand":1,"DemandMax":null,"Value":94550},{"Length":299,"Height":316,"Demand":1,"DemandMax":null,"Value":94484},{"Length":355,"Height":266,"Demand":1,"DemandMax":null,"Value":94430},{"Length":359,"Height":263,"Demand":1,"DemandMax":null,"Value":94417},{"Length":330,"Height":286,"Demand":1,"DemandMax":null,"Value":94380},{"Length":276,"Height":341,"Demand":1,"DemandMax":null,"Value":94116},{"Length":346,"Height":272,"Demand":1,"DemandMax":null,"Value":94112},{"Length":285,"Height":330,"Demand":1,"DemandMax":null,"Value":94050},{"Length":256,"Height":366,"Demand":1,"DemandMax":null,"Value":93696},{"Length":326,"Height":286,"Demand":1,"DemandMax":null,"Value":93236},{"Length":368,"Height":253,"Demand":1,"DemandMax":null,"Value":93104},{"Length":315,"Height":294,"Demand":1,"DemandMax":null,"Value":92610},{"Length":330,"Height":279,"Demand":1,"DemandMax":null,"Value":92070},{"Length":346,"Height":266,"Demand":1,"DemandMax":null,"Value":92036},{"Length":371,"Height":248,"Demand":1,"DemandMax":null,"Value":92008},{"Length":269,"Height":342,"Demand":1,"DemandMax":null,"Value":91998},{"Length":248,"Height":370,"Demand":1,"DemandMax":null,"Value":91760},{"Length":251,"Height":364,"Demand":1,"DemandMax":null,"Value":91364},{"Length":306,"Height":298,"Demand":1,"DemandMax":null,"Value":91188},{"Length":344,"Height":265,"Demand":1,"DemandMax":null,"Value":91160},{"Length":302,"Height":301,"Demand":1,"DemandMax":null,"Value":90902},{"Length":245,"Height":366,"Demand":1,"DemandMax":null,"Value":89670},{"Length":342,"Height":262,"Demand":1,"DemandMax":null,"Value":89604},{"Length":335,"Height":265,"Demand":1,"DemandMax":null,"Value":88775},{"Length":363,"Height":244,"Demand":1,"DemandMax":null,"Value":88572},{"Length":269,"Height":329,"Demand":1,"DemandMax":null,"Value":88501},{"Length":318,"Height":278,"Demand":1,"DemandMax":null,"Value":88404},{"Length":261,"Height":334,"Demand":1,"DemandMax":null,"Value":87174},{"Length":315,"Height":276,"Demand":1,"DemandMax":null,"Value":86940},{"Length":298,"Height":290,"Demand":1,"DemandMax":null,"Value":86420},{"Length":234,"Height":368,"Demand":1,"DemandMax":null,"Value":86112},{"Length":244,"Height":350,"Demand":1,"DemandMax":null,"Value":85400},{"Length":356,"Height":239,"Demand":1,"DemandMax":null,"Value":85084},{"Length":309,"Height":274,"Demand":1,"DemandMax":null,"Value":84666},{"Length":262,"Height":323,"Demand":1,"DemandMax":null,"Value":84626},{"Length":251,"Height":337,"Demand":1,"DemandMax":null,"Value":84587},{"Length":227,"Height":368,"Demand":1,"DemandMax":null,"Value":83536},{"Length":349,"Height":239,"Demand":1,"DemandMax":null,"Value":83411},{"Length":229,"Height":364,"Demand":1,"DemandMax":null,"Value":83356},{"Length":257,"Height":323,"Demand":1,"DemandMax":null,"Value":83011},{"Length":357,"Height":231,"Demand":1,"DemandMax":null,"Value":82467},{"Length":231,"Height":356,"Demand":1,"DemandMax":null,"Value":82236},{"Length":307,"Height":266,"Demand":1,"DemandMax":null,"Value":81662},{"Length":314,"Height":258,"Demand":1,"DemandMax":null,"Value":81012},{"Length":348,"Height":232,"Demand":1,"DemandMax":null,"Value":80736},{"Length":237,"Height":339,"Demand":1,"DemandMax":null,"Value":80343},{"Length":283,"Height":283,"Demand":1,"DemandMax":null,"Value":80089},{"Length":241,"Height":331,"Demand":1,"DemandMax":null,"Value":79771},{"Length":360,"Height":221,"Demand":1,"DemandMax":null,"Value":79560},{"Length":244,"Height":326,"Demand":1,"DemandMax":null,"Value":79544},{"Length":258,"Height":308,"Demand":1,"DemandMax":null,"Value":79464},{"Length":240,"Height":331,"Demand":1,"DemandMax":null,"Value":79440},{"Length":220,"Height":361,"Demand":1,"DemandMax":null,"Value":79420},{"Length":222,"Height":357,"Demand":1,"DemandMax":null,"Value":79254},{"Length":214,"Height":370,"Demand":1,"DemandMax":null,"Value":79180},{"Length":244,"Height":324,"Demand":1,"DemandMax":null,"Value":79056},{"Length":265,"Height":298,"Demand":1,"DemandMax":null,"Value":78970},{"Length":296,"Height":266,"Demand":1,"DemandMax":null,"Value":78736},{"Length":234,"Height":336,"Demand":1,"DemandMax":null,"Value":78624},{"Length":251,"Height":313,"Demand":1,"DemandMax":null,"Value":78563},{"Length":229,"Height":342,"Demand":1,"DemandMax":null,"Value":78318},{"Length":241,"Height":324,"Demand":1,"DemandMax":null,"Value":78084},{"Length":235,"Height":331,"Demand":1,"DemandMax":null,"Value":77785},{"Length":329,"Height":236,"Demand":1,"DemandMax":null,"Value":77644},{"Length":282,"Height":275,"Demand":1,"DemandMax":null,"Value":77550},{"Length":346,"Height":224,"Demand":1,"DemandMax":null,"Value":77504},{"Length":370,"Height":209,"Demand":1,"DemandMax":null,"Value":77330},{"Length":346,"Height":223,"Demand":1,"DemandMax":null,"Value":77158},{"Length":204,"Height":375,"Demand":1,"DemandMax":null,"Value":76500},{"Length":364,"Height":210,"Demand":1,"DemandMax":null,"Value":76440},{"Length":290,"Height":263,"Demand":1,"DemandMax":null,"Value":76270},{"Length":327,"Height":233,"Demand":1,"DemandMax":null,"Value":76191},{"Length":225,"Height":338,"Demand":1,"DemandMax":null,"Value":76050},{"Length":250,"Height":304,"Demand":1,"DemandMax":null,"Value":76000},{"Length":237,"Height":320,"Demand":1,"DemandMax":null,"Value":75840},{"Length":229,"Height":331,"Demand":1,"DemandMax":null,"Value":75799},{"Length":319,"Height":237,"Demand":1,"DemandMax":null,"Value":75603},{"Length":226,"Height":334,"Demand":1,"DemandMax":null,"Value":75484},{"Length":299,"Height":252,"Demand":1,"DemandMax":null,"Value":75348},{"Length":295,"Height":254,"Demand":1,"DemandMax":null,"Value":74930},{"Length":223,"Height":334,"Demand":1,"DemandMax":null,"Value":74482},{"Length":330,"Height":225,"Demand":1,"DemandMax":null,"Value":74250},{"Length":222,"Height":334,"Demand":1,"DemandMax":null,"Value":74148},{"Length":232,"Height":319,"Demand":1,"DemandMax":null,"Value":74008},{"Length":212,"Height":349,"Demand":1,"DemandMax":null,"Value":73988},{"Length":279,"Height":263,"Demand":1,"DemandMax":null,"Value":73377},{"Length":304,"Height":241,"Demand":1,"DemandMax":null,"Value":73264},{"Length":352,"Height":208,"Demand":1,"DemandMax":null,"Value":73216},{"Length":228,"Height":320,"Demand":1,"DemandMax":null,"Value":72960},{"Length":249,"Height":293,"Demand":1,"DemandMax":null,"Value":72957},{"Length":291,"Height":250,"Demand":1,"DemandMax":null,"Value":72750},{"Length":239,"Height":304,"Demand":1,"DemandMax":null,"Value":72656},{"Length":298,"Height":243,"Demand":1,"DemandMax":null,"Value":72414},{"Length":239,"Height":301,"Demand":1,"DemandMax":null,"Value":71939},{"Length":203,"Height":354,"Demand":1,"DemandMax":null,"Value":71862},{"Length":249,"Height":288,"Demand":1,"DemandMax":null,"Value":71712},{"Length":290,"Height":247,"Demand":1,"DemandMax":null,"Value":71630},{"Length":210,"Height":340,"Demand":1,"DemandMax":null,"Value":71400},{"Length":326,"Height":219,"Demand":1,"DemandMax":null,"Value":71394},{"Length":243,"Height":293,"Demand":1,"DemandMax":null,"Value":71199},{"Length":357,"Height":198,"Demand":1,"DemandMax":null,"Value":70686},{"Length":335,"Height":211,"Demand":1,"DemandMax":null,"Value":70685},{"Length":190,"Height":372,"Demand":1,"DemandMax":null,"Value":70680},{"Length":351,"Height":201,"Demand":1,"DemandMax":null,"Value":70551},{"Length":256,"Height":274,"Demand":1,"DemandMax":null,"Value":70144},{"Length":297,"Height":235,"Demand":1,"DemandMax":null,"Value":69795},{"Length":196,"Height":356,"Demand":1,"DemandMax":null,"Value":69776},{"Length":228,"Height":306,"Demand":1,"DemandMax":null,"Value":69768},{"Length":326,"Height":214,"Demand":1,"DemandMax":null,"Value":69764},{"Length":233,"Height":298,"Demand":1,"DemandMax":null,"Value":69434},{"Length":228,"Height":304,"Demand":1,"DemandMax":null,"Value":69312},{"Length":289,"Height":239,"Demand":1,"DemandMax":null,"Value":69071},{"Length":215,"Height":321,"Demand":1,"DemandMax":null,"Value":69015},{"Length":195,"Height":353,"Demand":1,"DemandMax":null,"Value":68835},{"Length":215,"Height":320,"Demand":1,"DemandMax":null,"Value":68800},{"Length":318,"Height":216,"Demand":1,"DemandMax":null,"Value":68688},{"Length":236,"Height":291,"Demand":1,"DemandMax":null,"Value":68676},{"Length":190,"Height":361,"Demand":1,"DemandMax":null,"Value":68590},{"Length":282,"Height":243,"Demand":1,"DemandMax":null,"Value":68526},{"Length":237,"Height":289,"Demand":1,"DemandMax":null,"Value":68493},{"Length":223,"Height":307,"Demand":1,"DemandMax":null,"Value":68461},{"Length":226,"Height":302,"Demand":1,"DemandMax":null,"Value":68252},{"Length":188,"Height":362,"Demand":1,"DemandMax":null,"Value":68056},{"Length":248,"Height":274,"Demand":1,"DemandMax":null,"Value":67952},{"Length":307,"Height":221,"Demand":1,"DemandMax":null,"Value":67847},{"Length":198,"Height":341,"Demand":1,"DemandMax":null,"Value":67518},{"Length":187,"Height":360,"Demand":1,"DemandMax":null,"Value":67320},{"Length":220,"Height":305,"Demand":1,"DemandMax":null,"Value":67100},{"Length":205,"Height":327,"Demand":1,"DemandMax":null,"Value":67035},{"Length":284,"Height":236,"Demand":1,"DemandMax":null,"Value":67024},{"Length":237,"Height":282,"Demand":1,"DemandMax":null,"Value":66834},{"Length":205,"Height":326,"Demand":1,"DemandMax":null,"Value":66830},{"Length":369,"Height":181,"Demand":1,"DemandMax":null,"Value":66789},{"Length":179,"Height":373,"Demand":1,"DemandMax":null,"Value":66767},{"Length":188,"Height":354,"Demand":1,"DemandMax":null,"Value":66552},{"Length":225,"Height":295,"Demand":1,"DemandMax":null,"Value":66375},{"Length":272,"Height":243,"Demand":1,"DemandMax":null,"Value":66096},{"Length":251,"Height":263,"Demand":1,"DemandMax":null,"Value":66013},{"Length":233,"Height":283,"Demand":1,"DemandMax":null,"Value":65939},{"Length":215,"Height":305,"Demand":1,"DemandMax":null,"Value":65575},{"Length":203,"Height":322,"Demand":1,"DemandMax":null,"Value":65366},{"Length":312,"Height":209,"Demand":1,"DemandMax":null,"Value":65208},{"Length":369,"Height":176,"Demand":1,"DemandMax":null,"Value":64944},{"Length":185,"Height":350,"Demand":1,"DemandMax":null,"Value":64750},{"Length":246,"Height":263,"Demand":1,"DemandMax":null,"Value":64698},{"Length":340,"Height":190,"Demand":1,"DemandMax":null,"Value":64600},{"Length":247,"Height":261,"Demand":1,"DemandMax":null,"Value":64467},{"Length":228,"Height":282,"Demand":1,"DemandMax":null,"Value":64296},{"Length":249,"Height":258,"Demand":1,"DemandMax":null,"Value":64242},{"Length":274,"Height":234,"Demand":1,"DemandMax":null,"Value":64116},{"Length":231,"Height":277,"Demand":1,"DemandMax":null,"Value":63987},{"Length":222,"Height":288,"Demand":1,"DemandMax":null,"Value":63936},{"Length":285,"Height":224,"Demand":1,"DemandMax":null,"Value":63840},{"Length":200,"Height":318,"Demand":1,"DemandMax":null,"Value":63600},{"Length":237,"Height":268,"Demand":1,"DemandMax":null,"Value":63516},{"Length":255,"Height":248,"Demand":1,"DemandMax":null,"Value":63240},{"Length":345,"Height":181,"Demand":1,"DemandMax":null,"Value":62445},{"Length":356,"Height":175,"Demand":1,"DemandMax":null,"Value":62300},{"Length":182,"Height":342,"Demand":1,"DemandMax":null,"Value":62244},{"Length":369,"Height":168,"Demand":1,"DemandMax":null,"Value":61992},{"Length":213,"Height":290,"Demand":1,"DemandMax":null,"Value":61770},{"Length":347,"Height":178,"Demand":1,"DemandMax":null,"Value":61766},{"Length":247,"Height":250,"Demand":1,"DemandMax":null,"Value":61750},{"Length":359,"Height":172,"Demand":1,"DemandMax":null,"Value":61748},{"Length":296,"Height":208,"Demand":1,"DemandMax":null,"Value":61568},{"Length":276,"Height":223,"Demand":1,"DemandMax":null,"Value":61548},{"Length":266,"Height":231,"Demand":1,"DemandMax":null,"Value":61446},{"Length":257,"Height":239,"Demand":1,"DemandMax":null,"Value":61423},{"Length":211,"Height":290,"Demand":1,"DemandMax":null,"Value":61190},{"Length":345,"Height":177,"Demand":1,"DemandMax":null,"Value":61065},{"Length":168,"Height":362,"Demand":1,"DemandMax":null,"Value":60816},{"Length":201,"Height":302,"Demand":1,"DemandMax":null,"Value":60702},{"Length":289,"Height":210,"Demand":1,"DemandMax":null,"Value":60690},{"Length":163,"Height":372,"Demand":1,"DemandMax":null,"Value":60636},{"Length":166,"Height":365,"Demand":1,"DemandMax":null,"Value":60590},{"Length":187,"Height":324,"Demand":1,"DemandMax":null,"Value":60588},{"Length":338,"Height":179,"Demand":1,"DemandMax":null,"Value":60502},{"Length":292,"Height":207,"Demand":1,"DemandMax":null,"Value":60444},{"Length":340,"Height":177,"Demand":1,"DemandMax":null,"Value":60180},{"Length":169,"Height":356,"Demand":1,"DemandMax":null,"Value":60164},{"Length":167,"Height":359,"Demand":1,"DemandMax":null,"Value":59953},{"Length":270,"Height":222,"Demand":1,"DemandMax":null,"Value":59940},{"Length":340,"Height":176,"Demand":1,"DemandMax":null,"Value":59840},{"Length":267,"Height":224,"Demand":1,"DemandMax":null,"Value":59808},{"Length":179,"Height":334,"Demand":1,"DemandMax":null,"Value":59786},{"Length":329,"Height":180,"Demand":1,"DemandMax":null,"Value":59220},{"Length":354,"Height":167,"Demand":1,"DemandMax":null,"Value":59118},{"Length":197,"Height":300,"Demand":1,"DemandMax":null,"Value":59100},{"Length":286,"Height":206,"Demand":1,"DemandMax":null,"Value":58916},{"Length":361,"Height":163,"Demand":1,"DemandMax":null,"Value":58843},{"Length":213,"Height":276,"Demand":1,"DemandMax":null,"Value":58788},{"Length":353,"Height":166,"Demand":1,"DemandMax":null,"Value":58598},{"Length":208,"Height":281,"Demand":1,"DemandMax":null,"Value":58448},{"Length":358,"Height":163,"Demand":1,"DemandMax":null,"Value":58354},{"Length":260,"Height":224,"Demand":1,"DemandMax":null,"Value":58240},{"Length":197,"Height":295,"Demand":1,"DemandMax":null,"Value":58115},{"Length":265,"Height":219,"Demand":1,"DemandMax":null,"Value":58035},{"Length":223,"Height":259,"Demand":1,"DemandMax":null,"Value":57757},{"Length":174,"Height":330,"Demand":1,"DemandMax":null,"Value":57420},{"Length":363,"Height":158,"Demand":1,"DemandMax":null,"Value":57354},{"Length":292,"Height":196,"Demand":1,"DemandMax":null,"Value":57232},{"Length":246,"Height":232,"Demand":1,"DemandMax":null,"Value":57072},{"Length":210,"Height":271,"Demand":1,"DemandMax":null,"Value":56910},{"Length":168,"Height":338,"Demand":1,"DemandMax":null,"Value":56784},{"Length":253,"Height":224,"Demand":1,"DemandMax":null,"Value":56672},{"Length":182,"Height":310,"Demand":1,"DemandMax":null,"Value":56420},{"Length":246,"Height":229,"Demand":1,"DemandMax":null,"Value":56334},{"Length":238,"Height":236,"Demand":1,"DemandMax":null,"Value":56168},{"Length":190,"Height":294,"Demand":1,"DemandMax":null,"Value":55860},{"Length":365,"Height":153,"Demand":1,"DemandMax":null,"Value":55845},{"Length":191,"Height":292,"Demand":1,"DemandMax":null,"Value":55772},{"Length":350,"Height":159,"Demand":1,"DemandMax":null,"Value":55650},{"Length":190,"Height":292,"Demand":1,"DemandMax":null,"Value":55480},{"Length":330,"Height":168,"Demand":1,"DemandMax":null,"Value":55440},{"Length":281,"Height":197,"Demand":1,"DemandMax":null,"Value":55357},{"Length":296,"Height":187,"Demand":1,"DemandMax":null,"Value":55352},{"Length":190,"Height":291,"Demand":1,"DemandMax":null,"Value":55290},{"Length":158,"Height":349,"Demand":1,"DemandMax":null,"Value":55142},{"Length":336,"Height":164,"Demand":1,"DemandMax":null,"Value":55104},{"Length":253,"Height":216,"Demand":1,"DemandMax":null,"Value":54648},{"Length":177,"Height":306,"Demand":1,"DemandMax":null,"Value":54162},{"Length":163,"Height":332,"Demand":1,"DemandMax":null,"Value":54116},{"Length":148,"Height":364,"Demand":1,"DemandMax":null,"Value":53872},{"Length":259,"Height":208,"Demand":1,"DemandMax":null,"Value":53872},{"Length":317,"Height":169,"Demand":1,"DemandMax":null,"Value":53573},{"Length":246,"Height":217,"Demand":1,"DemandMax":null,"Value":53382},{"Length":260,"Height":205,"Demand":1,"DemandMax":null,"Value":53300},{"Length":371,"Height":143,"Demand":1,"DemandMax":null,"Value":53053},{"Length":188,"Height":282,"Demand":1,"DemandMax":null,"Value":53016},{"Length":373,"Height":142,"Demand":1,"DemandMax":null,"Value":52966},{"Length":165,"Height":321,"Demand":1,"DemandMax":null,"Value":52965},{"Length":375,"Height":141,"Demand":1,"DemandMax":null,"Value":52875},{"Length":157,"Height":336,"Demand":1,"DemandMax":null,"Value":52752},{"Length":353,"Height":149,"Demand":1,"DemandMax":null,"Value":52597},{"Length":209,"Height":251,"Demand":1,"DemandMax":null,"Value":52459},{"Length":170,"Height":308,"Demand":1,"DemandMax":null,"Value":52360},{"Length":240,"Height":218,"Demand":1,"DemandMax":null,"Value":52320},{"Length":250,"Height":209,"Demand":1,"DemandMax":null,"Value":52250},{"Length":219,"Height":238,"Demand":1,"DemandMax":null,"Value":52122},{"Length":262,"Height":198,"Demand":1,"DemandMax":null,"Value":51876},{"Length":236,"Height":219,"Demand":1,"DemandMax":null,"Value":51684},{"Length":313,"Height":164,"Demand":1,"DemandMax":null,"Value":51332},{"Length":273,"Height":188,"Demand":1,"DemandMax":null,"Value":51324},{"Length":300,"Height":171,"Demand":1,"DemandMax":null,"Value":51300},{"Length":368,"Height":139,"Demand":1,"DemandMax":null,"Value":51152},{"Length":364,"Height":140,"Demand":1,"DemandMax":null,"Value":50960},{"Length":215,"Height":237,"Demand":1,"DemandMax":null,"Value":50955},{"Length":345,"Height":147,"Demand":1,"DemandMax":null,"Value":50715},{"Length":251,"Height":202,"Demand":1,"DemandMax":null,"Value":50702},{"Length":327,"Height":155,"Demand":1,"DemandMax":null,"Value":50685},{"Length":193,"Height":262,"Demand":1,"DemandMax":null,"Value":50566},{"Length":174,"Height":290,"Demand":1,"DemandMax":null,"Value":50460},{"Length":205,"Height":245,"Demand":1,"DemandMax":null,"Value":50225},{"Length":303,"Height":165,"Demand":1,"DemandMax":null,"Value":49995},{"Length":340,"Height":147,"Demand":1,"DemandMax":null,"Value":49980},{"Length":179,"Height":277,"Demand":1,"DemandMax":null,"Value":49583},{"Length":185,"Height":268,"Demand":1,"DemandMax":null,"Value":49580},{"Length":337,"Height":147,"Demand":1,"DemandMax":null,"Value":49539},{"Length":222,"Height":223,"Demand":1,"DemandMax":null,"Value":49506},{"Length":172,"Height":285,"Demand":1,"DemandMax":null,"Value":49020},{"Length":352,"Height":139,"Demand":1,"DemandMax":null,"Value":48928},{"Length":158,"Height":309,"Demand":1,"DemandMax":null,"Value":48822},{"Length":321,"Height":152,"Demand":1,"DemandMax":null,"Value":48792},{"Length":290,"Height":168,"Demand":1,"DemandMax":null,"Value":48720},{"Length":139,"Height":350,"Demand":1,"DemandMax":null,"Value":48650},{"Length":243,"Height":200,"Demand":1,"DemandMax":null,"Value":48600},{"Length":138,"Height":352,"Demand":1,"DemandMax":null,"Value":48576},{"Length":139,"Height":349,"Demand":1,"DemandMax":null,"Value":48511},{"Length":173,"Height":280,"Demand":1,"DemandMax":null,"Value":48440},{"Length":351,"Height":138,"Demand":1,"DemandMax":null,"Value":48438},{"Length":138,"Height":350,"Demand":1,"DemandMax":null,"Value":48300},{"Length":187,"Height":257,"Demand":1,"DemandMax":null,"Value":48059},{"Length":312,"Height":154,"Demand":1,"DemandMax":null,"Value":48048},{"Length":185,"Height":259,"Demand":1,"DemandMax":null,"Value":47915},{"Length":198,"Height":241,"Demand":1,"DemandMax":null,"Value":47718},{"Length":166,"Height":285,"Demand":1,"DemandMax":null,"Value":47310},{"Length":345,"Height":137,"Demand":1,"DemandMax":null,"Value":47265},{"Length":151,"Height":310,"Demand":1,"DemandMax":null,"Value":46810},{"Length":145,"Height":322,"Demand":1,"DemandMax":null,"Value":46690},{"Length":219,"Height":212,"Demand":1,"DemandMax":null,"Value":46428},{"Length":133,"Height":348,"Demand":1,"DemandMax":null,"Value":46284},{"Length":211,"Height":219,"Demand":1,"DemandMax":null,"Value":46209},{"Length":207,"Height":223,"Demand":1,"DemandMax":null,"Value":46161},{"Length":150,"Height":306,"Demand":1,"DemandMax":null,"Value":45900},{"Length":312,"Height":147,"Demand":1,"DemandMax":null,"Value":45864},{"Length":215,"Height":213,"Demand":1,"DemandMax":null,"Value":45795},{"Length":246,"Height":186,"Demand":1,"DemandMax":null,"Value":45756},{"Length":128,"Height":357,"Demand":1,"DemandMax":null,"Value":45696},{"Length":145,"Height":315,"Demand":1,"DemandMax":null,"Value":45675},{"Length":144,"Height":316,"Demand":1,"DemandMax":null,"Value":45504},{"Length":210,"Height":216,"Demand":1,"DemandMax":null,"Value":45360},{"Length":177,"Height":256,"Demand":1,"DemandMax":null,"Value":45312},{"Length":282,"Height":160,"Demand":1,"DemandMax":null,"Value":45120},{"Length":287,"Height":157,"Demand":1,"DemandMax":null,"Value":45059},{"Length":349,"Height":129,"Demand":1,"DemandMax":null,"Value":45021},{"Length":269,"Height":167,"Demand":1,"DemandMax":null,"Value":44923},{"Length":142,"Height":315,"Demand":1,"DemandMax":null,"Value":44730},{"Length":195,"Height":229,"Demand":1,"DemandMax":null,"Value":44655},{"Length":166,"Height":268,"Demand":1,"DemandMax":null,"Value":44488},{"Length":302,"Height":147,"Demand":1,"DemandMax":null,"Value":44394},{"Length":274,"Height":162,"Demand":1,"DemandMax":null,"Value":44388},{"Length":217,"Height":204,"Demand":1,"DemandMax":null,"Value":44268},{"Length":371,"Height":118,"Demand":1,"DemandMax":null,"Value":43778},{"Length":171,"Height":256,"Demand":1,"DemandMax":null,"Value":43776},{"Length":122,"Height":358,"Demand":1,"DemandMax":null,"Value":43676},{"Length":284,"Height":153,"Demand":1,"DemandMax":null,"Value":43452},{"Length":115,"Height":375,"Demand":1,"DemandMax":null,"Value":43125},{"Length":208,"Height":207,"Demand":1,"DemandMax":null,"Value":43056},{"Length":276,"Height":156,"Demand":1,"DemandMax":null,"Value":43056},{"Length":122,"Height":352,"Demand":1,"DemandMax":null,"Value":42944},{"Length":320,"Height":134,"Demand":1,"DemandMax":null,"Value":42880},{"Length":206,"Height":208,"Demand":1,"DemandMax":null,"Value":42848},{"Length":216,"Height":198,"Demand":1,"DemandMax":null,"Value":42768},{"Length":139,"Height":307,"Demand":1,"DemandMax":null,"Value":42673},{"Length":277,"Height":154,"Demand":1,"DemandMax":null,"Value":42658},{"Length":286,"Height":149,"Demand":1,"DemandMax":null,"Value":42614},{"Length":133,"Height":320,"Demand":1,"DemandMax":null,"Value":42560},{"Length":185,"Height":230,"Demand":1,"DemandMax":null,"Value":42550},{"Length":364,"Height":116,"Demand":1,"DemandMax":null,"Value":42224},{"Length":256,"Height":164,"Demand":1,"DemandMax":null,"Value":41984},{"Length":325,"Height":129,"Demand":1,"DemandMax":null,"Value":41925},{"Length":297,"Height":141,"Demand":1,"DemandMax":null,"Value":41877},{"Length":265,"Height":158,"Demand":1,"DemandMax":null,"Value":41870},{"Length":292,"Height":143,"Demand":1,"DemandMax":null,"Value":41756},{"Length":274,"Height":152,"Demand":1,"DemandMax":null,"Value":41648},{"Length":141,"Height":295,"Demand":1,"DemandMax":null,"Value":41595},{"Length":303,"Height":137,"Demand":1,"DemandMax":null,"Value":41511},{"Length":153,"Height":271,"Demand":1,"DemandMax":null,"Value":41463},{"Length":225,"Height":184,"Demand":1,"DemandMax":null,"Value":41400},{"Length":234,"Height":176,"Demand":1,"DemandMax":null,"Value":41184},{"Length":173,"Height":238,"Demand":1,"DemandMax":null,"Value":41174},{"Length":172,"Height":239,"Demand":1,"DemandMax":null,"Value":41108},{"Length":246,"Height":167,"Demand":1,"DemandMax":null,"Value":41082},{"Length":178,"Height":230,"Demand":1,"DemandMax":null,"Value":40940},{"Length":253,"Height":161,"Demand":1,"DemandMax":null,"Value":40733},{"Length":318,"Height":128,"Demand":1,"DemandMax":null,"Value":40704},{"Length":114,"Height":357,"Demand":1,"DemandMax":null,"Value":40698},{"Length":166,"Height":245,"Demand":1,"DemandMax":null,"Value":40670},{"Length":271,"Height":149,"Demand":1,"DemandMax":null,"Value":40379},{"Length":196,"Height":206,"Demand":1,"DemandMax":null,"Value":40376},{"Length":223,"Height":181,"Demand":1,"DemandMax":null,"Value":40363},{"Length":256,"Height":157,"Demand":1,"DemandMax":null,"Value":40192},{"Length":266,"Height":151,"Demand":1,"DemandMax":null,"Value":40166},{"Length":180,"Height":223,"Demand":1,"DemandMax":null,"Value":40140},{"Length":295,"Height":136,"Demand":1,"DemandMax":null,"Value":40120},{"Length":119,"Height":337,"Demand":1,"DemandMax":null,"Value":40103},{"Length":179,"Height":224,"Demand":1,"DemandMax":null,"Value":40096},{"Length":259,"Height":154,"Demand":1,"DemandMax":null,"Value":39886},{"Length":134,"Height":297,"Demand":1,"DemandMax":null,"Value":39798},{"Length":206,"Height":193,"Demand":1,"DemandMax":null,"Value":39758},{"Length":137,"Height":289,"Demand":1,"DemandMax":null,"Value":39593},{"Length":128,"Height":308,"Demand":1,"DemandMax":null,"Value":39424},{"Length":184,"Height":214,"Demand":1,"DemandMax":null,"Value":39376},{"Length":244,"Height":161,"Demand":1,"DemandMax":null,"Value":39284},{"Length":249,"Height":157,"Demand":1,"DemandMax":null,"Value":39093},{"Length":277,"Height":140,"Demand":1,"DemandMax":null,"Value":38780},{"Length":167,"Height":232,"Demand":1,"DemandMax":null,"Value":38744},{"Length":156,"Height":248,"Demand":1,"DemandMax":null,"Value":38688},{"Length":110,"Height":351,"Demand":1,"DemandMax":null,"Value":38610},{"Length":150,"Height":257,"Demand":1,"DemandMax":null,"Value":38550},{"Length":113,"Height":341,"Demand":1,"DemandMax":null,"Value":38533},{"Length":106,"Height":363,"Demand":1,"DemandMax":null,"Value":38478},{"Length":285,"Height":135,"Demand":1,"DemandMax":null,"Value":38475},{"Length":190,"Height":202,"Demand":1,"DemandMax":null,"Value":38380},{"Length":141,"Height":272,"Demand":1,"DemandMax":null,"Value":38352},{"Length":122,"Height":313,"Demand":1,"DemandMax":null,"Value":38186},{"Length":166,"Height":230,"Demand":1,"DemandMax":null,"Value":38180},{"Length":268,"Height":142,"Demand":1,"DemandMax":null,"Value":38056},{"Length":112,"Height":337,"Demand":1,"DemandMax":null,"Value":37744},{"Length":183,"Height":206,"Demand":1,"DemandMax":null,"Value":37698},{"Length":124,"Height":303,"Demand":1,"DemandMax":null,"Value":37572},{"Length":218,"Height":172,"Demand":1,"DemandMax":null,"Value":37496},{"Length":108,"Height":347,"Demand":1,"DemandMax":null,"Value":37476},{"Length":189,"Height":198,"Demand":1,"DemandMax":null,"Value":37422},{"Length":202,"Height":185,"Demand":1,"DemandMax":null,"Value":37370},{"Length":324,"Height":115,"Demand":1,"DemandMax":null,"Value":37260},{"Length":168,"Height":221,"Demand":1,"DemandMax":null,"Value":37128},{"Length":199,"Height":186,"Demand":1,"DemandMax":null,"Value":37014},{"Length":205,"Height":180,"Demand":1,"DemandMax":null,"Value":36900},{"Length":236,"Height":156,"Demand":1,"DemandMax":null,"Value":36816},{"Length":168,"Height":219,"Demand":1,"DemandMax":null,"Value":36792},{"Length":364,"Height":101,"Demand":1,"DemandMax":null,"Value":36764},{"Length":105,"Height":350,"Demand":1,"DemandMax":null,"Value":36750},{"Length":245,"Height":150,"Demand":1,"DemandMax":null,"Value":36750},{"Length":260,"Height":141,"Demand":1,"DemandMax":null,"Value":36660},{"Length":339,"Height":108,"Demand":1,"DemandMax":null,"Value":36612},{"Length":372,"Height":98,"Demand":1,"DemandMax":null,"Value":36456},{"Length":316,"Height":115,"Demand":1,"DemandMax":null,"Value":36340},{"Length":191,"Height":190,"Demand":1,"DemandMax":null,"Value":36290},{"Length":181,"Height":200,"Demand":1,"DemandMax":null,"Value":36200},{"Length":172,"Height":210,"Demand":1,"DemandMax":null,"Value":36120},{"Length":213,"Height":169,"Demand":1,"DemandMax":null,"Value":35997},{"Length":367,"Height":98,"Demand":1,"DemandMax":null,"Value":35966},{"Length":226,"Height":159,"Demand":1,"DemandMax":null,"Value":35934},{"Length":231,"Height":155,"Demand":1,"DemandMax":null,"Value":35805},{"Length":234,"Height":153,"Demand":1,"DemandMax":null,"Value":35802},{"Length":230,"Height":155,"Demand":1,"DemandMax":null,"Value":35650},{"Length":125,"Height":285,"Demand":1,"DemandMax":null,"Value":35625},{"Length":110,"Height":323,"Demand":1,"DemandMax":null,"Value":35530},{"Length":269,"Height":132,"Demand":1,"DemandMax":null,"Value":35508},{"Length":266,"Height":133,"Demand":1,"DemandMax":null,"Value":35378},{"Length":135,"Height":262,"Demand":1,"DemandMax":null,"Value":35370},{"Length":336,"Height":105,"Demand":1,"DemandMax":null,"Value":35280},{"Length":282,"Height":125,"Demand":1,"DemandMax":null,"Value":35250},{"Length":263,"Height":134,"Demand":1,"DemandMax":null,"Value":35242},{"Length":227,"Height":155,"Demand":1,"DemandMax":null,"Value":35185},{"Length":213,"Height":164,"Demand":1,"DemandMax":null,"Value":34932},{"Length":157,"Height":222,"Demand":1,"DemandMax":null,"Value":34854},{"Length":257,"Height":135,"Demand":1,"DemandMax":null,"Value":34695},{"Length":315,"Height":110,"Demand":1,"DemandMax":null,"Value":34650},{"Length":219,"Height":158,"Demand":1,"DemandMax":null,"Value":34602},{"Length":194,"Height":178,"Demand":1,"DemandMax":null,"Value":34532},{"Length":285,"Height":121,"Demand":1,"DemandMax":null,"Value":34485},{"Length":147,"Height":234,"Demand":1,"DemandMax":null,"Value":34398},{"Length":251,"Height":137,"Demand":1,"DemandMax":null,"Value":34387},{"Length":117,"Height":293,"Demand":1,"DemandMax":null,"Value":34281},{"Length":246,"Height":139,"Demand":1,"DemandMax":null,"Value":34194},{"Length":356,"Height":96,"Demand":1,"DemandMax":null,"Value":34176},{"Length":242,"Height":141,"Demand":1,"DemandMax":null,"Value":34122},{"Length":156,"Height":218,"Demand":1,"DemandMax":null,"Value":34008},{"Length":159,"Height":213,"Demand":1,"DemandMax":null,"Value":33867},{"Length":351,"Height":96,"Demand":1,"DemandMax":null,"Value":33696},{"Length":182,"Height":185,"Demand":1,"DemandMax":null,"Value":33670},{"Length":132,"Height":254,"Demand":1,"DemandMax":null,"Value":33528},{"Length":107,"Height":313,"Demand":1,"DemandMax":null,"Value":33491},{"Length":325,"Height":103,"Demand":1,"DemandMax":null,"Value":33475},{"Length":119,"Height":279,"Demand":1,"DemandMax":null,"Value":33201},{"Length":214,"Height":154,"Demand":1,"DemandMax":null,"Value":32956},{"Length":92,"Height":357,"Demand":1,"DemandMax":null,"Value":32844},{"Length":252,"Height":130,"Demand":1,"DemandMax":null,"Value":32760},{"Length":189,"Height":173,"Demand":1,"DemandMax":null,"Value":32697},{"Length":152,"Height":215,"Demand":1,"DemandMax":null,"Value":32680},{"Length":192,"Height":170,"Demand":1,"DemandMax":null,"Value":32640},{"Length":145,"Height":225,"Demand":1,"DemandMax":null,"Value":32625},{"Length":210,"Height":155,"Demand":1,"DemandMax":null,"Value":32550},{"Length":262,"Height":124,"Demand":1,"DemandMax":null,"Value":32488},{"Length":216,"Height":150,"Demand":1,"DemandMax":null,"Value":32400},{"Length":164,"Height":197,"Demand":1,"DemandMax":null,"Value":32308},{"Length":241,"Height":134,"Demand":1,"DemandMax":null,"Value":32294},{"Length":211,"Height":153,"Demand":1,"DemandMax":null,"Value":32283},{"Length":350,"Height":92,"Demand":1,"DemandMax":null,"Value":32200},{"Length":92,"Height":349,"Demand":1,"DemandMax":null,"Value":32108},{"Length":221,"Height":144,"Demand":1,"DemandMax":null,"Value":31824},{"Length":185,"Height":172,"Demand":1,"DemandMax":null,"Value":31820},{"Length":360,"Height":88,"Demand":1,"DemandMax":null,"Value":31680},{"Length":249,"Height":125,"Demand":1,"DemandMax":null,"Value":31125},{"Length":146,"Height":213,"Demand":1,"DemandMax":null,"Value":31098},{"Length":238,"Height":130,"Demand":1,"DemandMax":null,"Value":30940},{"Length":92,"Height":336,"Demand":1,"DemandMax":null,"Value":30912},{"Length":266,"Height":116,"Demand":1,"DemandMax":null,"Value":30856},{"Length":136,"Height":226,"Demand":1,"DemandMax":null,"Value":30736},{"Length":197,"Height":156,"Demand":1,"DemandMax":null,"Value":30732},{"Length":112,"Height":274,"Demand":1,"DemandMax":null,"Value":30688},{"Length":176,"Height":174,"Demand":1,"DemandMax":null,"Value":30624},{"Length":112,"Height":273,"Demand":1,"DemandMax":null,"Value":30576},{"Length":240,"Height":127,"Demand":1,"DemandMax":null,"Value":30480},{"Length":97,"Height":313,"Demand":1,"DemandMax":null,"Value":30361},{"Length":154,"Height":197,"Demand":1,"DemandMax":null,"Value":30338},{"Length":98,"Height":309,"Demand":1,"DemandMax":null,"Value":30282},{"Length":154,"Height":196,"Demand":1,"DemandMax":null,"Value":30184},{"Length":293,"Height":103,"Demand":1,"DemandMax":null,"Value":30179},{"Length":237,"Height":127,"Demand":1,"DemandMax":null,"Value":30099},{"Length":174,"Height":172,"Demand":1,"DemandMax":null,"Value":29928},{"Length":96,"Height":309,"Demand":1,"DemandMax":null,"Value":29664},{"Length":262,"Height":113,"Demand":1,"DemandMax":null,"Value":29606},{"Length":168,"Height":176,"Demand":1,"DemandMax":null,"Value":29568},{"Length":96,"Height":307,"Demand":1,"DemandMax":null,"Value":29472},{"Length":207,"Height":142,"Demand":1,"DemandMax":null,"Value":29394},{"Length":192,"Height":153,"Demand":1,"DemandMax":null,"Value":29376},{"Length":367,"Height":80,"Demand":1,"DemandMax":null,"Value":29360},{"Length":84,"Height":349,"Demand":1,"DemandMax":null,"Value":29316},{"Length":147,"Height":197,"Demand":1,"DemandMax":null,"Value":28959},{"Length":91,"Height":318,"Demand":1,"DemandMax":null,"Value":28938},{"Length":139,"Height":208,"Demand":1,"DemandMax":null,"Value":28912},{"Length":291,"Height":99,"Demand":1,"DemandMax":null,"Value":28809},{"Length":84,"Height":341,"Demand":1,"DemandMax":null,"Value":28644},{"Length":111,"Height":258,"Demand":1,"DemandMax":null,"Value":28638},{"Length":218,"Height":131,"Demand":1,"DemandMax":null,"Value":28558},{"Length":150,"Height":189,"Demand":1,"DemandMax":null,"Value":28350},{"Length":235,"Height":120,"Demand":1,"DemandMax":null,"Value":28200},{"Length":256,"Height":110,"Demand":1,"DemandMax":null,"Value":28160},{"Length":99,"Height":282,"Demand":1,"DemandMax":null,"Value":27918},{"Length":171,"Height":163,"Demand":1,"DemandMax":null,"Value":27873},{"Length":99,"Height":281,"Demand":1,"DemandMax":null,"Value":27819},{"Length":79,"Height":352,"Demand":1,"DemandMax":null,"Value":27808},{"Length":209,"Height":132,"Demand":1,"DemandMax":null,"Value":27588},{"Length":76,"Height":362,"Demand":1,"DemandMax":null,"Value":27512},{"Length":288,"Height":95,"Demand":1,"DemandMax":null,"Value":27360},{"Length":193,"Height":141,"Demand":1,"DemandMax":null,"Value":27213},{"Length":107,"Height":253,"Demand":1,"DemandMax":null,"Value":27071},{"Length":211,"Height":128,"Demand":1,"DemandMax":null,"Value":27008},{"Length":225,"Height":120,"Demand":1,"DemandMax":null,"Value":27000},{"Length":233,"Height":115,"Demand":1,"DemandMax":null,"Value":26795},{"Length":225,"Height":119,"Demand":1,"DemandMax":null,"Value":26775},{"Length":171,"Height":156,"Demand":1,"DemandMax":null,"Value":26676},{"Length":238,"Height":111,"Demand":1,"DemandMax":null,"Value":26418},{"Length":251,"Height":105,"Demand":1,"DemandMax":null,"Value":26355},{"Length":370,"Height":71,"Demand":1,"DemandMax":null,"Value":26270},{"Length":73,"Height":359,"Demand":1,"DemandMax":null,"Value":26207},{"Length":239,"Height":109,"Demand":1,"DemandMax":null,"Value":26051},{"Length":132,"Height":197,"Demand":1,"DemandMax":null,"Value":26004},{"Length":234,"Height":111,"Demand":1,"DemandMax":null,"Value":25974},{"Length":118,"Height":220,"Demand":1,"DemandMax":null,"Value":25960},{"Length":78,"Height":332,"Demand":1,"DemandMax":null,"Value":25896},{"Length":135,"Height":191,"Demand":1,"DemandMax":null,"Value":25785},{"Length":285,"Height":90,"Demand":1,"DemandMax":null,"Value":25650},{"Length":266,"Height":96,"Demand":1,"DemandMax":null,"Value":25536},{"Length":106,"Height":240,"Demand":1,"DemandMax":null,"Value":25440},{"Length":265,"Height":96,"Demand":1,"DemandMax":null,"Value":25440},{"Length":96,"Height":261,"Demand":1,"DemandMax":null,"Value":25056},{"Length":256,"Height":97,"Demand":1,"DemandMax":null,"Value":24832},{"Length":269,"Height":92,"Demand":1,"DemandMax":null,"Value":24748},{"Length":160,"Height":154,"Demand":1,"DemandMax":null,"Value":24640},{"Length":206,"Height":118,"Demand":1,"DemandMax":null,"Value":24308},{"Length":217,"Height":112,"Demand":1,"DemandMax":null,"Value":24304},{"Length":172,"Height":141,"Demand":1,"DemandMax":null,"Value":24252},{"Length":266,"Height":91,"Demand":1,"DemandMax":null,"Value":24206},{"Length":175,"Height":138,"Demand":1,"DemandMax":null,"Value":24150},{"Length":112,"Height":215,"Demand":1,"DemandMax":null,"Value":24080},{"Length":90,"Height":267,"Demand":1,"DemandMax":null,"Value":24030},{"Length":155,"Height":155,"Demand":1,"DemandMax":null,"Value":24025},{"Length":368,"Height":65,"Demand":1,"DemandMax":null,"Value":23920},{"Length":340,"Height":70,"Demand":1,"DemandMax":null,"Value":23800},{"Length":188,"Height":126,"Demand":1,"DemandMax":null,"Value":23688},{"Length":295,"Height":80,"Demand":1,"DemandMax":null,"Value":23600},{"Length":64,"Height":368,"Demand":1,"DemandMax":null,"Value":23552},{"Length":149,"Height":158,"Demand":1,"DemandMax":null,"Value":23542},{"Length":146,"Height":161,"Demand":1,"DemandMax":null,"Value":23506},{"Length":139,"Height":169,"Demand":1,"DemandMax":null,"Value":23491},{"Length":78,"Height":301,"Demand":1,"DemandMax":null,"Value":23478},{"Length":311,"Height":75,"Demand":1,"DemandMax":null,"Value":23325},{"Length":68,"Height":341,"Demand":1,"DemandMax":null,"Value":23188},{"Length":193,"Height":120,"Demand":1,"DemandMax":null,"Value":23160},{"Length":210,"Height":110,"Demand":1,"DemandMax":null,"Value":23100},{"Length":299,"Height":77,"Demand":1,"DemandMax":null,"Value":23023},{"Length":66,"Height":347,"Demand":1,"DemandMax":null,"Value":22902},{"Length":105,"Height":218,"Demand":1,"DemandMax":null,"Value":22890},{"Length":154,"Height":148,"Demand":1,"DemandMax":null,"Value":22792},{"Length":153,"Height":148,"Demand":1,"DemandMax":null,"Value":22644},{"Length":95,"Height":238,"Demand":1,"DemandMax":null,"Value":22610},{"Length":114,"Height":198,"Demand":1,"DemandMax":null,"Value":22572},{"Length":176,"Height":127,"Demand":1,"DemandMax":null,"Value":22352},{"Length":124,"Height":180,"Demand":1,"DemandMax":null,"Value":22320},{"Length":206,"Height":108,"Demand":1,"DemandMax":null,"Value":22248},{"Length":66,"Height":337,"Demand":1,"DemandMax":null,"Value":22242},{"Length":65,"Height":341,"Demand":1,"DemandMax":null,"Value":22165},{"Length":359,"Height":61,"Demand":1,"DemandMax":null,"Value":21899},{"Length":60,"Height":364,"Demand":1,"DemandMax":null,"Value":21840},{"Length":92,"Height":237,"Demand":1,"DemandMax":null,"Value":21804},{"Length":131,"Height":165,"Demand":1,"DemandMax":null,"Value":21615},{"Length":135,"Height":160,"Demand":1,"DemandMax":null,"Value":21600},{"Length":71,"Height":303,"Demand":1,"DemandMax":null,"Value":21513},{"Length":69,"Height":311,"Demand":1,"DemandMax":null,"Value":21459},{"Length":59,"Height":362,"Demand":1,"DemandMax":null,"Value":21358},{"Length":86,"Height":248,"Demand":1,"DemandMax":null,"Value":21328},{"Length":107,"Height":199,"Demand":1,"DemandMax":null,"Value":21293},{"Length":188,"Height":113,"Demand":1,"DemandMax":null,"Value":21244},{"Length":106,"Height":200,"Demand":1,"DemandMax":null,"Value":21200},{"Length":66,"Height":320,"Demand":1,"DemandMax":null,"Value":21120},{"Length":267,"Height":79,"Demand":1,"DemandMax":null,"Value":21093},{"Length":106,"Height":198,"Demand":1,"DemandMax":null,"Value":20988},{"Length":80,"Height":262,"Demand":1,"DemandMax":null,"Value":20960},{"Length":162,"Height":129,"Demand":1,"DemandMax":null,"Value":20898},{"Length":75,"Height":277,"Demand":1,"DemandMax":null,"Value":20775},{"Length":60,"Height":345,"Demand":1,"DemandMax":null,"Value":20700},{"Length":295,"Height":70,"Demand":1,"DemandMax":null,"Value":20650},{"Length":194,"Height":106,"Demand":1,"DemandMax":null,"Value":20564},{"Length":289,"Height":71,"Demand":1,"DemandMax":null,"Value":20519},{"Length":79,"Height":259,"Demand":1,"DemandMax":null,"Value":20461},{"Length":64,"Height":319,"Demand":1,"DemandMax":null,"Value":20416},{"Length":240,"Height":85,"Demand":1,"DemandMax":null,"Value":20400},{"Length":125,"Height":163,"Demand":1,"DemandMax":null,"Value":20375},{"Length":133,"Height":152,"Demand":1,"DemandMax":null,"Value":20216},{"Length":60,"Height":336,"Demand":1,"DemandMax":null,"Value":20160},{"Length":145,"Height":139,"Demand":1,"DemandMax":null,"Value":20155},{"Length":329,"Height":61,"Demand":1,"DemandMax":null,"Value":20069},{"Length":356,"Height":56,"Demand":1,"DemandMax":null,"Value":19936},{"Length":240,"Height":82,"Demand":1,"DemandMax":null,"Value":19680},{"Length":160,"Height":123,"Demand":1,"DemandMax":null,"Value":19680},{"Length":171,"Height":115,"Demand":1,"DemandMax":null,"Value":19665},{"Length":93,"Height":210,"Demand":1,"DemandMax":null,"Value":19530},{"Length":262,"Height":74,"Demand":1,"DemandMax":null,"Value":19388},{"Length":102,"Height":190,"Demand":1,"DemandMax":null,"Value":19380},{"Length":94,"Height":206,"Demand":1,"DemandMax":null,"Value":19364},{"Length":351,"Height":55,"Demand":1,"DemandMax":null,"Value":19305},{"Length":268,"Height":72,"Demand":1,"DemandMax":null,"Value":19296},{"Length":53,"Height":363,"Demand":1,"DemandMax":null,"Value":19239},{"Length":102,"Height":188,"Demand":1,"DemandMax":null,"Value":19176},{"Length":54,"Height":353,"Demand":1,"DemandMax":null,"Value":19062},{"Length":216,"Height":88,"Demand":1,"DemandMax":null,"Value":19008},{"Length":100,"Height":190,"Demand":1,"DemandMax":null,"Value":19000},{"Length":78,"Height":243,"Demand":1,"DemandMax":null,"Value":18954},{"Length":88,"Height":215,"Demand":1,"DemandMax":null,"Value":18920},{"Length":96,"Height":197,"Demand":1,"DemandMax":null,"Value":18912},{"Length":288,"Height":65,"Demand":1,"DemandMax":null,"Value":18720},{"Length":256,"Height":73,"Demand":1,"DemandMax":null,"Value":18688},{"Length":107,"Height":174,"Demand":1,"DemandMax":null,"Value":18618},{"Length":108,"Height":172,"Demand":1,"DemandMax":null,"Value":18576},{"Length":268,"Height":69,"Demand":1,"DemandMax":null,"Value":18492},{"Length":198,"Height":93,"Demand":1,"DemandMax":null,"Value":18414},{"Length":153,"Height":120,"Demand":1,"DemandMax":null,"Value":18360},{"Length":102,"Height":180,"Demand":1,"DemandMax":null,"Value":18360},{"Length":81,"Height":225,"Demand":1,"DemandMax":null,"Value":18225},{"Length":57,"Height":318,"Demand":1,"DemandMax":null,"Value":18126},{"Length":127,"Height":142,"Demand":1,"DemandMax":null,"Value":18034},{"Length":95,"Height":189,"Demand":1,"DemandMax":null,"Value":17955},{"Length":51,"Height":352,"Demand":1,"DemandMax":null,"Value":17952},{"Length":208,"Height":86,"Demand":1,"DemandMax":null,"Value":17888},{"Length":112,"Height":158,"Demand":1,"DemandMax":null,"Value":17696},{"Length":134,"Height":132,"Demand":1,"DemandMax":null,"Value":17688},{"Length":129,"Height":136,"Demand":1,"DemandMax":null,"Value":17544},{"Length":151,"Height":116,"Demand":1,"DemandMax":null,"Value":17516},{"Length":126,"Height":139,"Demand":1,"DemandMax":null,"Value":17514},{"Length":53,"Height":330,"Demand":1,"DemandMax":null,"Value":17490},{"Length":109,"Height":160,"Demand":1,"DemandMax":null,"Value":17440},{"Length":111,"Height":157,"Demand":1,"DemandMax":null,"Value":17427},{"Length":144,"Height":121,"Demand":1,"DemandMax":null,"Value":17424},{"Length":309,"Height":56,"Demand":1,"DemandMax":null,"Value":17304},{"Length":266,"Height":65,"Demand":1,"DemandMax":null,"Value":17290},{"Length":174,"Height":99,"Demand":1,"DemandMax":null,"Value":17226},{"Length":49,"Height":351,"Demand":1,"DemandMax":null,"Value":17199},{"Length":67,"Height":255,"Demand":1,"DemandMax":null,"Value":17085},{"Length":93,"Height":182,"Demand":1,"DemandMax":null,"Value":16926},{"Length":256,"Height":66,"Demand":1,"DemandMax":null,"Value":16896},{"Length":138,"Height":122,"Demand":1,"DemandMax":null,"Value":16836},{"Length":65,"Height":259,"Demand":1,"DemandMax":null,"Value":16835},{"Length":135,"Height":124,"Demand":1,"DemandMax":null,"Value":16740},{"Length":181,"Height":92,"Demand":1,"DemandMax":null,"Value":16652},{"Length":53,"Height":314,"Demand":1,"DemandMax":null,"Value":16642},{"Length":224,"Height":74,"Demand":1,"DemandMax":null,"Value":16576},{"Length":375,"Height":44,"Demand":1,"DemandMax":null,"Value":16500},{"Length":57,"Height":288,"Demand":1,"DemandMax":null,"Value":16416},{"Length":67,"Height":245,"Demand":1,"DemandMax":null,"Value":16415},{"Length":315,"Height":52,"Demand":1,"DemandMax":null,"Value":16380},{"Length":107,"Height":153,"Demand":1,"DemandMax":null,"Value":16371},{"Length":146,"Height":112,"Demand":1,"DemandMax":null,"Value":16352},{"Length":194,"Height":84,"Demand":1,"DemandMax":null,"Value":16296},{"Length":66,"Height":246,"Demand":1,"DemandMax":null,"Value":16236},{"Length":225,"Height":72,"Demand":1,"DemandMax":null,"Value":16200},{"Length":62,"Height":261,"Demand":1,"DemandMax":null,"Value":16182},{"Length":99,"Height":163,"Demand":1,"DemandMax":null,"Value":16137},{"Length":124,"Height":130,"Demand":1,"DemandMax":null,"Value":16120},{"Length":227,"Height":71,"Demand":1,"DemandMax":null,"Value":16117},{"Length":54,"Height":297,"Demand":1,"DemandMax":null,"Value":16038},{"Length":184,"Height":87,"Demand":1,"DemandMax":null,"Value":16008},{"Length":89,"Height":179,"Demand":1,"DemandMax":null,"Value":15931},{"Length":76,"Height":209,"Demand":1,"DemandMax":null,"Value":15884},{"Length":243,"Height":65,"Demand":1,"DemandMax":null,"Value":15795},{"Length":303,"Height":52,"Demand":1,"DemandMax":null,"Value":15756},{"Length":225,"Height":70,"Demand":1,"DemandMax":null,"Value":15750},{"Length":65,"Height":242,"Demand":1,"DemandMax":null,"Value":15730},{"Length":93,"Height":169,"Demand":1,"DemandMax":null,"Value":15717},{"Length":50,"Height":314,"Demand":1,"DemandMax":null,"Value":15700},{"Length":49,"Height":320,"Demand":1,"DemandMax":null,"Value":15680},{"Length":71,"Height":220,"Demand":1,"DemandMax":null,"Value":15620},{"Length":219,"Height":71,"Demand":1,"DemandMax":null,"Value":15549},{"Length":323,"Height":48,"Demand":1,"DemandMax":null,"Value":15504},{"Length":71,"Height":218,"Demand":1,"DemandMax":null,"Value":15478},{"Length":49,"Height":314,"Demand":1,"DemandMax":null,"Value":15386},{"Length":240,"Height":64,"Demand":1,"DemandMax":null,"Value":15360},{"Length":341,"Height":45,"Demand":1,"DemandMax":null,"Value":15345},{"Length":50,"Height":306,"Demand":1,"DemandMax":null,"Value":15300},{"Length":278,"Height":55,"Demand":1,"DemandMax":null,"Value":15290},{"Length":62,"Height":246,"Demand":1,"DemandMax":null,"Value":15252},{"Length":97,"Height":157,"Demand":1,"DemandMax":null,"Value":15229},{"Length":80,"Height":190,"Demand":1,"DemandMax":null,"Value":15200},{"Length":152,"Height":100,"Demand":1,"DemandMax":null,"Value":15200},{"Length":271,"Height":56,"Demand":1,"DemandMax":null,"Value":15176},{"Length":67,"Height":226,"Demand":1,"DemandMax":null,"Value":15142},{"Length":45,"Height":336,"Demand":1,"DemandMax":null,"Value":15120},{"Length":100,"Height":151,"Demand":1,"DemandMax":null,"Value":15100},{"Length":50,"Height":301,"Demand":1,"DemandMax":null,"Value":15050},{"Length":288,"Height":52,"Demand":1,"DemandMax":null,"Value":14976},{"Length":84,"Height":177,"Demand":1,"DemandMax":null,"Value":14868},{"Length":101,"Height":147,"Demand":1,"DemandMax":null,"Value":14847},{"Length":62,"Height":237,"Demand":1,"DemandMax":null,"Value":14694},{"Length":59,"Height":249,"Demand":1,"DemandMax":null,"Value":14691},{"Length":262,"Height":56,"Demand":1,"DemandMax":null,"Value":14672},{"Length":188,"Height":78,"Demand":1,"DemandMax":null,"Value":14664},{"Length":291,"Height":50,"Demand":1,"DemandMax":null,"Value":14550},{"Length":257,"Height":56,"Demand":1,"DemandMax":null,"Value":14392},{"Length":76,"Height":189,"Demand":1,"DemandMax":null,"Value":14364},{"Length":151,"Height":95,"Demand":1,"DemandMax":null,"Value":14345},{"Length":44,"Height":326,"Demand":1,"DemandMax":null,"Value":14344},{"Length":49,"Height":291,"Demand":1,"DemandMax":null,"Value":14259},{"Length":86,"Height":165,"Demand":1,"DemandMax":null,"Value":14190},{"Length":71,"Height":198,"Demand":1,"DemandMax":null,"Value":14058},{"Length":298,"Height":47,"Demand":1,"DemandMax":null,"Value":14006},{"Length":38,"Height":367,"Demand":1,"DemandMax":null,"Value":13946},{"Length":162,"Height":86,"Demand":1,"DemandMax":null,"Value":13932},{"Length":273,"Height":51,"Demand":1,"DemandMax":null,"Value":13923},{"Length":49,"Height":284,"Demand":1,"DemandMax":null,"Value":13916},{"Length":74,"Height":188,"Demand":1,"DemandMax":null,"Value":13912},{"Length":107,"Height":130,"Demand":1,"DemandMax":null,"Value":13910},{"Length":103,"Height":135,"Demand":1,"DemandMax":null,"Value":13905},{"Length":124,"Height":112,"Demand":1,"DemandMax":null,"Value":13888},{"Length":40,"Height":347,"Demand":1,"DemandMax":null,"Value":13880},{"Length":37,"Height":374,"Demand":1,"DemandMax":null,"Value":13838},{"Length":216,"Height":64,"Demand":1,"DemandMax":null,"Value":13824},{"Length":51,"Height":271,"Demand":1,"DemandMax":null,"Value":13821},{"Length":238,"Height":58,"Demand":1,"DemandMax":null,"Value":13804},{"Length":286,"Height":48,"Demand":1,"DemandMax":null,"Value":13728},{"Length":183,"Height":75,"Demand":1,"DemandMax":null,"Value":13725},{"Length":272,"Height":50,"Demand":1,"DemandMax":null,"Value":13600},{"Length":65,"Height":209,"Demand":1,"DemandMax":null,"Value":13585},{"Length":133,"Height":102,"Demand":1,"DemandMax":null,"Value":13566},{"Length":54,"Height":251,"Demand":1,"DemandMax":null,"Value":13554},{"Length":338,"Height":40,"Demand":1,"DemandMax":null,"Value":13520},{"Length":214,"Height":63,"Demand":1,"DemandMax":null,"Value":13482},{"Length":88,"Height":153,"Demand":1,"DemandMax":null,"Value":13464},{"Length":166,"Height":81,"Demand":1,"DemandMax":null,"Value":13446},{"Length":55,"Height":244,"Demand":1,"DemandMax":null,"Value":13420},{"Length":46,"Height":291,"Demand":1,"DemandMax":null,"Value":13386},{"Length":63,"Height":212,"Demand":1,"DemandMax":null,"Value":13356},{"Length":40,"Height":333,"Demand":1,"DemandMax":null,"Value":13320},{"Length":145,"Height":91,"Demand":1,"DemandMax":null,"Value":13195},{"Length":223,"Height":59,"Demand":1,"DemandMax":null,"Value":13157},{"Length":180,"Height":73,"Demand":1,"DemandMax":null,"Value":13140},{"Length":65,"Height":202,"Demand":1,"DemandMax":null,"Value":13130},{"Length":139,"Height":94,"Demand":1,"DemandMax":null,"Value":13066},{"Length":265,"Height":49,"Demand":1,"DemandMax":null,"Value":12985},{"Length":59,"Height":219,"Demand":1,"DemandMax":null,"Value":12921},{"Length":112,"Height":114,"Demand":1,"DemandMax":null,"Value":12768},{"Length":72,"Height":177,"Demand":1,"DemandMax":null,"Value":12744},{"Length":67,"Height":189,"Demand":1,"DemandMax":null,"Value":12663},{"Length":115,"Height":110,"Demand":1,"DemandMax":null,"Value":12650},{"Length":111,"Height":112,"Demand":1,"DemandMax":null,"Value":12432},{"Length":89,"Height":139,"Demand":1,"DemandMax":null,"Value":12371},{"Length":127,"Height":97,"Demand":1,"DemandMax":null,"Value":12319},{"Length":33,"Height":369,"Demand":1,"DemandMax":null,"Value":12177},{"Length":39,"Height":310,"Demand":1,"DemandMax":null,"Value":12090},{"Length":318,"Height":38,"Demand":1,"DemandMax":null,"Value":12084},{"Length":123,"Height":98,"Demand":1,"DemandMax":null,"Value":12054},{"Length":53,"Height":227,"Demand":1,"DemandMax":null,"Value":12031},{"Length":63,"Height":190,"Demand":1,"DemandMax":null,"Value":11970},{"Length":59,"Height":202,"Demand":1,"DemandMax":null,"Value":11918},{"Length":87,"Height":136,"Demand":1,"DemandMax":null,"Value":11832},{"Length":58,"Height":203,"Demand":1,"DemandMax":null,"Value":11774},{"Length":140,"Height":83,"Demand":1,"DemandMax":null,"Value":11620},{"Length":48,"Height":242,"Demand":1,"DemandMax":null,"Value":11616},{"Length":215,"Height":54,"Demand":1,"DemandMax":null,"Value":11610},{"Length":61,"Height":190,"Demand":1,"DemandMax":null,"Value":11590},{"Length":35,"Height":329,"Demand":1,"DemandMax":null,"Value":11515},{"Length":125,"Height":92,"Demand":1,"DemandMax":null,"Value":11500},{"Length":169,"Height":68,"Demand":1,"DemandMax":null,"Value":11492},{"Length":287,"Height":40,"Demand":1,"DemandMax":null,"Value":11480},{"Length":159,"Height":72,"Demand":1,"DemandMax":null,"Value":11448},{"Length":357,"Height":32,"Demand":1,"DemandMax":null,"Value":11424},{"Length":44,"Height":259,"Demand":1,"DemandMax":null,"Value":11396},{"Length":171,"Height":66,"Demand":1,"DemandMax":null,"Value":11286},{"Length":245,"Height":46,"Demand":1,"DemandMax":null,"Value":11270},{"Length":184,"Height":61,"Demand":1,"DemandMax":null,"Value":11224},{"Length":32,"Height":348,"Demand":1,"DemandMax":null,"Value":11136},{"Length":107,"Height":104,"Demand":1,"DemandMax":null,"Value":11128},{"Length":247,"Height":45,"Demand":1,"DemandMax":null,"Value":11115},{"Length":183,"Height":60,"Demand":1,"DemandMax":null,"Value":10980},{"Length":76,"Height":143,"Demand":1,"DemandMax":null,"Value":10868},{"Length":65,"Height":167,"Demand":1,"DemandMax":null,"Value":10855},{"Length":252,"Height":43,"Demand":1,"DemandMax":null,"Value":10836},{"Length":68,"Height":159,"Demand":1,"DemandMax":null,"Value":10812},{"Length":37,"Height":292,"Demand":1,"DemandMax":null,"Value":10804},{"Length":30,"Height":360,"Demand":1,"DemandMax":null,"Value":10800},{"Length":36,"Height":299,"Demand":1,"DemandMax":null,"Value":10764},{"Length":275,"Height":39,"Demand":1,"DemandMax":null,"Value":10725},{"Length":33,"Height":324,"Demand":1,"DemandMax":null,"Value":10692},{"Length":218,"Height":49,"Demand":1,"DemandMax":null,"Value":10682},{"Length":344,"Height":31,"Demand":1,"DemandMax":null,"Value":10664},{"Length":39,"Height":272,"Demand":1,"DemandMax":null,"Value":10608},{"Length":50,"Height":210,"Demand":1,"DemandMax":null,"Value":10500},{"Length":34,"Height":307,"Demand":1,"DemandMax":null,"Value":10438},{"Length":241,"Height":43,"Demand":1,"DemandMax":null,"Value":10363},{"Length":119,"Height":87,"Demand":1,"DemandMax":null,"Value":10353},{"Length":147,"Height":70,"Demand":1,"DemandMax":null,"Value":10290},{"Length":256,"Height":40,"Demand":1,"DemandMax":null,"Value":10240},{"Length":89,"Height":115,"Demand":1,"DemandMax":null,"Value":10235},{"Length":63,"Height":162,"Demand":1,"DemandMax":null,"Value":10206},{"Length":113,"Height":90,"Demand":1,"DemandMax":null,"Value":10170},{"Length":85,"Height":119,"Demand":1,"DemandMax":null,"Value":10115},{"Length":87,"Height":116,"Demand":1,"DemandMax":null,"Value":10092},{"Length":28,"Height":359,"Demand":1,"DemandMax":null,"Value":10052},{"Length":43,"Height":232,"Demand":1,"DemandMax":null,"Value":9976},{"Length":42,"Height":236,"Demand":1,"DemandMax":null,"Value":9912},{"Length":116,"Height":85,"Demand":1,"DemandMax":null,"Value":9860},{"Length":201,"Height":49,"Demand":1,"DemandMax":null,"Value":9849},{"Length":36,"Height":273,"Demand":1,"DemandMax":null,"Value":9828},{"Length":140,"Height":70,"Demand":1,"DemandMax":null,"Value":9800},{"Length":72,"Height":135,"Demand":1,"DemandMax":null,"Value":9720},{"Length":359,"Height":27,"Demand":1,"DemandMax":null,"Value":9693},{"Length":36,"Height":268,"Demand":1,"DemandMax":null,"Value":9648},{"Length":32,"Height":301,"Demand":1,"DemandMax":null,"Value":9632},{"Length":126,"Height":76,"Demand":1,"DemandMax":null,"Value":9576},{"Length":55,"Height":174,"Demand":1,"DemandMax":null,"Value":9570},{"Length":96,"Height":99,"Demand":1,"DemandMax":null,"Value":9504},{"Length":63,"Height":149,"Demand":1,"DemandMax":null,"Value":9387},{"Length":113,"Height":83,"Demand":1,"DemandMax":null,"Value":9379},{"Length":27,"Height":338,"Demand":1,"DemandMax":null,"Value":9126},{"Length":169,"Height":54,"Demand":1,"DemandMax":null,"Value":9126},{"Length":49,"Height":186,"Demand":1,"DemandMax":null,"Value":9114},{"Length":115,"Height":79,"Demand":1,"DemandMax":null,"Value":9085},{"Length":324,"Height":28,"Demand":1,"DemandMax":null,"Value":9072},{"Length":108,"Height":84,"Demand":1,"DemandMax":null,"Value":9072},{"Length":311,"Height":29,"Demand":1,"DemandMax":null,"Value":9019},{"Length":334,"Height":27,"Demand":1,"DemandMax":null,"Value":9018},{"Length":26,"Height":345,"Demand":1,"DemandMax":null,"Value":8970},{"Length":48,"Height":186,"Demand":1,"DemandMax":null,"Value":8928},{"Length":49,"Height":182,"Demand":1,"DemandMax":null,"Value":8918},{"Length":99,"Height":90,"Demand":1,"DemandMax":null,"Value":8910},{"Length":127,"Height":70,"Demand":1,"DemandMax":null,"Value":8890},{"Length":126,"Height":70,"Demand":1,"DemandMax":null,"Value":8820},{"Length":90,"Height":98,"Demand":1,"DemandMax":null,"Value":8820},{"Length":226,"Height":39,"Demand":1,"DemandMax":null,"Value":8814},{"Length":48,"Height":183,"Demand":1,"DemandMax":null,"Value":8784},{"Length":41,"Height":212,"Demand":1,"DemandMax":null,"Value":8692},{"Length":101,"Height":86,"Demand":1,"DemandMax":null,"Value":8686},{"Length":149,"Height":58,"Demand":1,"DemandMax":null,"Value":8642},{"Length":44,"Height":192,"Demand":1,"DemandMax":null,"Value":8448},{"Length":38,"Height":218,"Demand":1,"DemandMax":null,"Value":8284},{"Length":145,"Height":57,"Demand":1,"DemandMax":null,"Value":8265},{"Length":128,"Height":64,"Demand":1,"DemandMax":null,"Value":8192},{"Length":91,"Height":90,"Demand":1,"DemandMax":null,"Value":8190},{"Length":303,"Height":27,"Demand":1,"DemandMax":null,"Value":8181},{"Length":170,"Height":48,"Demand":1,"DemandMax":null,"Value":8160},{"Length":49,"Height":166,"Demand":1,"DemandMax":null,"Value":8134},{"Length":300,"Height":27,"Demand":1,"DemandMax":null,"Value":8100},{"Length":105,"Height":77,"Demand":1,"DemandMax":null,"Value":8085},{"Length":168,"Height":48,"Demand":1,"DemandMax":null,"Value":8064},{"Length":237,"Height":34,"Demand":1,"DemandMax":null,"Value":8058},{"Length":76,"Height":106,"Demand":1,"DemandMax":null,"Value":8056},{"Length":33,"Height":244,"Demand":1,"DemandMax":null,"Value":8052},{"Length":171,"Height":47,"Demand":1,"DemandMax":null,"Value":8037},{"Length":36,"Height":223,"Demand":1,"DemandMax":null,"Value":8028},{"Length":318,"Height":25,"Demand":1,"DemandMax":null,"Value":7950},{"Length":274,"Height":29,"Demand":1,"DemandMax":null,"Value":7946},{"Length":95,"Height":83,"Demand":1,"DemandMax":null,"Value":7885},{"Length":89,"Height":88,"Demand":1,"DemandMax":null,"Value":7832},{"Length":50,"Height":155,"Demand":1,"DemandMax":null,"Value":7750},{"Length":138,"Height":56,"Demand":1,"DemandMax":null,"Value":7728},{"Length":84,"Height":90,"Demand":1,"DemandMax":null,"Value":7560},{"Length":111,"Height":68,"Demand":1,"DemandMax":null,"Value":7548},{"Length":103,"Height":73,"Demand":1,"DemandMax":null,"Value":7519},{"Length":61,"Height":121,"Demand":1,"DemandMax":null,"Value":7381},{"Length":27,"Height":273,"Demand":1,"DemandMax":null,"Value":7371},{"Length":34,"Height":216,"Demand":1,"DemandMax":null,"Value":7344},{"Length":52,"Height":140,"Demand":1,"DemandMax":null,"Value":7280},{"Length":29,"Height":250,"Demand":1,"DemandMax":null,"Value":7250},{"Length":94,"Height":76,"Demand":1,"DemandMax":null,"Value":7144},{"Length":54,"Height":131,"Demand":1,"DemandMax":null,"Value":7074},{"Length":196,"Height":36,"Demand":1,"DemandMax":null,"Value":7056},{"Length":91,"Height":77,"Demand":1,"DemandMax":null,"Value":7007},{"Length":159,"Height":44,"Demand":1,"DemandMax":null,"Value":6996},{"Length":92,"Height":76,"Demand":1,"DemandMax":null,"Value":6992},{"Length":139,"Height":50,"Demand":1,"DemandMax":null,"Value":6950},{"Length":112,"Height":62,"Demand":1,"DemandMax":null,"Value":6944},{"Length":29,"Height":236,"Demand":1,"DemandMax":null,"Value":6844},{"Length":90,"Height":76,"Demand":1,"DemandMax":null,"Value":6840},{"Length":120,"Height":57,"Demand":1,"DemandMax":null,"Value":6840},{"Length":71,"Height":96,"Demand":1,"DemandMax":null,"Value":6816},{"Length":62,"Height":109,"Demand":1,"DemandMax":null,"Value":6758},{"Length":31,"Height":217,"Demand":1,"DemandMax":null,"Value":6727},{"Length":96,"Height":69,"Demand":1,"DemandMax":null,"Value":6624},{"Length":32,"Height":207,"Demand":1,"DemandMax":null,"Value":6624},{"Length":26,"Height":253,"Demand":1,"DemandMax":null,"Value":6578},{"Length":219,"Height":30,"Demand":1,"DemandMax":null,"Value":6570},{"Length":126,"Height":52,"Demand":1,"DemandMax":null,"Value":6552},{"Length":167,"Height":39,"Demand":1,"DemandMax":null,"Value":6513},{"Length":70,"Height":92,"Demand":1,"DemandMax":null,"Value":6440},{"Length":77,"Height":83,"Demand":1,"DemandMax":null,"Value":6391},{"Length":76,"Height":84,"Demand":1,"DemandMax":null,"Value":6384},{"Length":130,"Height":49,"Demand":1,"DemandMax":null,"Value":6370},{"Length":254,"Height":25,"Demand":1,"DemandMax":null,"Value":6350},{"Length":51,"Height":123,"Demand":1,"DemandMax":null,"Value":6273},{"Length":59,"Height":106,"Demand":1,"DemandMax":null,"Value":6254},{"Length":117,"Height":52,"Demand":1,"DemandMax":null,"Value":6084},{"Length":44,"Height":138,"Demand":1,"DemandMax":null,"Value":6072},{"Length":59,"Height":102,"Demand":1,"DemandMax":null,"Value":6018},{"Length":94,"Height":64,"Demand":1,"DemandMax":null,"Value":6016},{"Length":97,"Height":62,"Demand":1,"DemandMax":null,"Value":6014},{"Length":60,"Height":100,"Demand":1,"DemandMax":null,"Value":6000},{"Length":39,"Height":151,"Demand":1,"DemandMax":null,"Value":5889},{"Length":41,"Height":142,"Demand":1,"DemandMax":null,"Value":5822},{"Length":34,"Height":171,"Demand":1,"DemandMax":null,"Value":5814},{"Length":178,"Height":32,"Demand":1,"DemandMax":null,"Value":5696},{"Length":42,"Height":133,"Demand":1,"DemandMax":null,"Value":5586},{"Length":221,"Height":25,"Demand":1,"DemandMax":null,"Value":5525},{"Length":45,"Height":122,"Demand":1,"DemandMax":null,"Value":5490},{"Length":32,"Height":168,"Demand":1,"DemandMax":null,"Value":5376},{"Length":145,"Height":37,"Demand":1,"DemandMax":null,"Value":5365},{"Length":32,"Height":167,"Demand":1,"DemandMax":null,"Value":5344},{"Length":46,"Height":114,"Demand":1,"DemandMax":null,"Value":5244},{"Length":107,"Height":49,"Demand":1,"DemandMax":null,"Value":5243},{"Length":151,"Height":34,"Demand":1,"DemandMax":null,"Value":5134},{"Length":87,"Height":58,"Demand":1,"DemandMax":null,"Value":5046},{"Length":27,"Height":186,"Demand":1,"DemandMax":null,"Value":5022},{"Length":77,"Height":65,"Demand":1,"DemandMax":null,"Value":5005},{"Length":74,"Height":67,"Demand":1,"DemandMax":null,"Value":4958},{"Length":135,"Height":36,"Demand":1,"DemandMax":null,"Value":4860},{"Length":163,"Height":29,"Demand":1,"DemandMax":null,"Value":4727},{"Length":83,"Height":56,"Demand":1,"DemandMax":null,"Value":4648},{"Length":30,"Height":152,"Demand":1,"DemandMax":null,"Value":4560},{"Length":44,"Height":102,"Demand":1,"DemandMax":null,"Value":4488},{"Length":143,"Height":30,"Demand":1,"DemandMax":null,"Value":4290},{"Length":52,"Height":79,"Demand":1,"DemandMax":null,"Value":4108},{"Length":150,"Height":27,"Demand":1,"DemandMax":null,"Value":4050},{"Length":61,"Height":64,"Demand":1,"DemandMax":null,"Value":3904},{"Length":121,"Height":31,"Demand":1,"DemandMax":null,"Value":3751},{"Length":83,"Height":45,"Demand":1,"DemandMax":null,"Value":3735},{"Length":98,"Height":38,"Demand":1,"DemandMax":null,"Value":3724},{"Length":144,"Height":25,"Demand":1,"DemandMax":null,"Value":3600},{"Length":78,"Height":45,"Demand":1,"DemandMax":null,"Value":3510},{"Length":60,"Height":55,"Demand":1,"DemandMax":null,"Value":3300},{"Length":62,"Height":53,"Demand":1,"DemandMax":null,"Value":3286},{"Length":101,"Height":32,"Demand":1,"DemandMax":null,"Value":3232},{"Length":29,"Height":108,"Demand":1,"DemandMax":null,"Value":3132},{"Length":50,"Height":58,"Demand":1,"DemandMax":null,"Value":2900},{"Length":59,"Height":49,"Demand":1,"DemandMax":null,"Value":2891},{"Length":27,"Height":101,"Demand":1,"DemandMax":null,"Value":2727},{"Length":93,"Height":27,"Demand":1,"DemandMax":null,"Value":2511},{"Length":97,"Height":25,"Demand":1,"DemandMax":null,"Value":2425},{"Length":48,"Height":49,"Demand":1,"DemandMax":null,"Value":2352},{"Length":44,"Height":52,"Demand":1,"DemandMax":null,"Value":2288},{"Length":45,"Height":50,"Demand":1,"DemandMax":null,"Value":2250},{"Length":70,"Height":30,"Demand":1,"DemandMax":null,"Value":2100},{"Length":26,"Height":77,"Demand":1,"DemandMax":null,"Value":2002},{"Length":71,"Height":27,"Demand":1,"DemandMax":null,"Value":1917},{"Length":33,"Height":56,"Demand":1,"DemandMax":null,"Value":1848},{"Length":40,"Height":43,"Demand":1,"DemandMax":null,"Value":1720},{"Length":42,"Height":39,"Demand":1,"DemandMax":null,"Value":1638},{"Length":41,"Height":29,"Demand":1,"DemandMax":null,"Value":1189},{"Length":26,"Height":45,"Demand":1,"DemandMax":null,"Value":1170},{"Length":31,"Height":35,"Demand":1,"DemandMax":null,"Value":1085},{"Length":28,"Height":37,"Demand":1,"DemandMax":null,"Value":1036},{"Length":27,"Height":29,"Demand":1,"DemandMax":null,"Value":783}]}