{"Name":"AH20","Objects":[{"Length":1000,"Height":33782,"Stock":null,"Cost":33782000}],"Items":[{"Length":266,"Height":212,"Demand":100,"DemandMax":null,"Value":56392},{"Length":238,"Height":226,"Demand":100,"DemandMax":null,"Value":53788},{"Length":250,"Height":203,"Demand":100,"DemandMax":null,"Value":50750},{"Length":284,"Height":127,"Demand":100,"DemandMax":null,"Value":36068},{"Length":147,"Height":210,"Demand":100,"DemandMax":null,"Value":30870},{"Length":176,"Height":153,"Demand":100,"DemandMax":null,"Value":26928},{"Length":146,"Height":172,"Demand":100,"DemandMax":null,"Value":25112},{"Length":137,"Height":181,"Demand":100,"DemandMax":null,"Value":24797},{"Length":109,"Height":190,"Demand":100,"DemandMax":null,"Value":20710},{"Length":124,"Height":100,"Demand":100,"DemandMax":null,"Value":12400}]}