{"Name":"AH227","Objects":[{"Length":1000,"Height":2303,"Stock":null,"Cost":2303000}],"Items":[{"Length":89,"Height":82,"Demand":10,"DemandMax":null,"Value":7298},{"Length":82,"Height":76,"Demand":10,"DemandMax":null,"Value":6232},{"Length":84,"Height":74,"Demand":10,"DemandMax":null,"Value":6216},{"Length":85,"Height":71,"Demand":10,"DemandMax":null,"Value":6035},{"Length":90,"Height":65,"Demand":10,"DemandMax":null,"Value":5850},{"Length":86,"Height":65,"Demand":10,"DemandMax":null,"Value":5590},{"Length":87,"Height":63,"Demand":10,"DemandMax":null,"Value":5481},{"Length":62,"Height":86,"Demand":10,"DemandMax":null,"Value":5332},{"Length":74,"Height":71,"Demand":10,"DemandMax":null,"Value":5254},{"Length":86,"Height":59,"Demand":10,"DemandMax":null,"Value":5074},{"Length":57,"Height":87,"Demand":10,"DemandMax":null,"Value":4959},{"Length":82,"Height":56,"Demand":10,"DemandMax":null,"Value":4592},{"Length":70,"Height":60,"Demand":10,"DemandMax":null,"Value":4200},{"Length":81,"Height":51,"Demand":10,"DemandMax":null,"Value":4131},{"Length":56,"Height":73,"Demand":10,"DemandMax":null,"Value":4088},{"Length":73,"Height":53,"Demand":10,"DemandMax":null,"Value":3869},{"Length":85,"Height":45,"Demand":10,"DemandMax":null,"Value":3825},{"Length":88,"Height":43,"Demand":10,"DemandMax":null,"Value":3784},{"Length":50,"Height":75,"Demand":10,"DemandMax":null,"Value":3750},{"Length":43,"Height":86,"Demand":10,"DemandMax":null,"Value":3698},{"Length":48,"Height":77,"Demand":10,"DemandMax":null,"Value":3696},{"Length":43,"Height":85,"Demand":10,"DemandMax":null,"Value":3655},{"Length":63,"Height":56,"Demand":10,"DemandMax":null,"Value":3528},{"Length":52,"Height":64,"Demand":10,"DemandMax":null,"Value":3328},{"Length":60,"Height":54,"Demand":10,"DemandMax":null,"Value":3240},{"Length":36,"Height":88,"Demand":10,"DemandMax":null,"Value":3168},{"Length":79,"Height":40,"Demand":10,"DemandMax":null,"Value":3160},{"Length":84,"Height":37,"Demand":10,"DemandMax":null,"Value":3108},{"Length":54,"Height":56,"Demand":10,"DemandMax":null,"Value":3024},{"Length":42,"Height":72,"Demand":10,"DemandMax":null,"Value":3024},{"Length":46,"Height":64,"Demand":10,"DemandMax":null,"Value":2944},{"Length":84,"Height":34,"Demand":10,"DemandMax":null,"Value":2856},{"Length":60,"Height":47,"Demand":10,"DemandMax":null,"Value":2820},{"Length":88,"Height":32,"Demand":10,"DemandMax":null,"Value":2816},{"Length":67,"Height":42,"Demand":10,"DemandMax":null,"Value":2814},{"Length":87,"Height":32,"Demand":10,"DemandMax":null,"Value":2784},{"Length":52,"Height":52,"Demand":10,"DemandMax":null,"Value":2704},{"Length":38,"Height":70,"Demand":10,"DemandMax":null,"Value":2660},{"Length":30,"Height":87,"Demand":10,"DemandMax":null,"Value":2610},{"Length":52,"Height":48,"Demand":10,"DemandMax":null,"Value":2496},{"Length":67,"Height":37,"Demand":10,"DemandMax":null,"Value":2479},{"Length":50,"Height":48,"Demand":10,"DemandMax":null,"Value":2400},{"Length":38,"Height":62,"Demand":10,"DemandMax":null,"Value":2356},{"Length":80,"Height":29,"Demand":10,"DemandMax":null,"Value":2320},{"Length":62,"Height":37,"Demand":10,"DemandMax":null,"Value":2294},{"Length":44,"Height":51,"Demand":10,"DemandMax":null,"Value":2244},{"Length":63,"Height":35,"Demand":10,"DemandMax":null,"Value":2205},{"Length":34,"Height":58,"Demand":10,"DemandMax":null,"Value":1972},{"Length":24,"Height":82,"Demand":10,"DemandMax":null,"Value":1968},{"Length":48,"Height":41,"Demand":10,"DemandMax":null,"Value":1968},{"Length":70,"Height":28,"Demand":10,"DemandMax":null,"Value":1960},{"Length":26,"Height":75,"Demand":10,"DemandMax":null,"Value":1950},{"Length":44,"Height":44,"Demand":10,"DemandMax":null,"Value":1936},{"Length":89,"Height":21,"Demand":10,"DemandMax":null,"Value":1869},{"Length":43,"Height":42,"Demand":10,"DemandMax":null,"Value":1806},{"Length":29,"Height":61,"Demand":10,"DemandMax":null,"Value":1769},{"Length":86,"Height":20,"Demand":10,"DemandMax":null,"Value":1720},{"Length":19,"Height":86,"Demand":10,"DemandMax":null,"Value":1634},{"Length":52,"Height":31,"Demand":10,"DemandMax":null,"Value":1612},{"Length":33,"Height":44,"Demand":10,"DemandMax":null,"Value":1452},{"Length":17,"Height":83,"Demand":10,"DemandMax":null,"Value":1411},{"Length":16,"Height":87,"Demand":10,"DemandMax":null,"Value":1392},{"Length":16,"Height":86,"Demand":10,"DemandMax":null,"Value":1376},{"Length":89,"Height":15,"Demand":10,"DemandMax":null,"Value":1335},{"Length":51,"Height":25,"Demand":10,"DemandMax":null,"Value":1275},{"Length":45,"Height":28,"Demand":10,"DemandMax":null,"Value":1260},{"Length":22,"Height":54,"Demand":10,"DemandMax":null,"Value":1188},{"Length":20,"Height":58,"Demand":10,"DemandMax":null,"Value":1160},{"Length":56,"Height":20,"Demand":10,"DemandMax":null,"Value":1120},{"Length":42,"Height":25,"Demand":10,"DemandMax":null,"Value":1050},{"Length":20,"Height":52,"Demand":10,"DemandMax":null,"Value":1040},{"Length":27,"Height":38,"Demand":10,"DemandMax":null,"Value":1026},{"Length":28,"Height":36,"Demand":10,"DemandMax":null,"Value":1008},{"Length":15,"Height":63,"Demand":10,"DemandMax":null,"Value":945},{"Length":25,"Height":37,"Demand":10,"DemandMax":null,"Value":925},{"Length":28,"Height":33,"Demand":10,"DemandMax":null,"Value":924},{"Length":42,"Height":21,"Demand":10,"DemandMax":null,"Value":882},{"Length":11,"Height":79,"Demand":10,"DemandMax":null,"Value":869},{"Length":43,"Height":19,"Demand":10,"DemandMax":null,"Value":817},{"Length":28,"Height":29,"Demand":10,"DemandMax":null,"Value":812},{"Length":14,"Height":55,"Demand":10,"DemandMax":null,"Value":770},{"Length":25,"Height":30,"Demand":10,"DemandMax":null,"Value":750},{"Length":34,"Height":22,"Demand":10,"DemandMax":null,"Value":748},{"Length":57,"Height":13,"Demand":10,"DemandMax":null,"Value":741},{"Length":79,"Height":9,"Demand":10,"DemandMax":null,"Value":711},{"Length":71,"Height":10,"Demand":10,"DemandMax":null,"Value":710},{"Length":21,"Height":23,"Demand":10,"DemandMax":null,"Value":483},{"Length":57,"Height":8,"Demand":10,"DemandMax":null,"Value":456},{"Length":8,"Height":54,"Demand":10,"DemandMax":null,"Value":432},{"Length":53,"Height":8,"Demand":10,"DemandMax":null,"Value":424},{"Length":7,"Height":58,"Demand":10,"DemandMax":null,"Value":406},{"Length":25,"Height":16,"Demand":10,"DemandMax":null,"Value":400},{"Length":47,"Height":8,"Demand":10,"DemandMax":null,"Value":376},{"Length":26,"Height":11,"Demand":10,"DemandMax":null,"Value":286},{"Length":13,"Height":20,"Demand":10,"DemandMax":null,"Value":260},{"Length":14,"Height":18,"Demand":10,"DemandMax":null,"Value":252},{"Length":7,"Height":33,"Demand":10,"DemandMax":null,"Value":231},{"Length":10,"Height":20,"Demand":10,"DemandMax":null,"Value":200},{"Length":11,"Height":10,"Demand":10,"DemandMax":null,"Value":110},{"Length":7,"Height":8,"Demand":10,"DemandMax":null,"Value":56}]}