{"Name":"AH56","Objects":[{"Length":1000,"Height":45572,"Stock":null,"Cost":45572000}],"Items":[{"Length":329,"Height":238,"Demand":100,"DemandMax":null,"Value":78302},{"Length":237,"Height":307,"Demand":100,"DemandMax":null,"Value":72759},{"Length":282,"Height":244,"Demand":100,"DemandMax":null,"Value":68808},{"Length":218,"Height":306,"Demand":100,"DemandMax":null,"Value":66708},{"Length":232,"Height":201,"Demand":100,"DemandMax":null,"Value":46632},{"Length":175,"Height":246,"Demand":100,"DemandMax":null,"Value":43050},{"Length":97,"Height":270,"Demand":100,"DemandMax":null,"Value":26190},{"Length":70,"Height":336,"Demand":100,"DemandMax":null,"Value":23520},{"Length":290,"Height":69,"Demand":100,"DemandMax":null,"Value":20010},{"Length":55,"Height":177,"Demand":100,"DemandMax":null,"Value":9735}]}