{"Name":"AH80","Objects":[{"Length":1000,"Height":2438,"Stock":null,"Cost":2438000}],"Items":[{"Length":66,"Height":62,"Demand":100,"DemandMax":null,"Value":4092},{"Length":60,"Height":64,"Demand":100,"DemandMax":null,"Value":3840},{"Length":43,"Height":69,"Demand":100,"DemandMax":null,"Value":2967},{"Length":45,"Height":64,"Demand":100,"DemandMax":null,"Value":2880},{"Length":56,"Height":40,"Demand":100,"DemandMax":null,"Value":2240},{"Length":55,"Height":37,"Demand":100,"DemandMax":null,"Value":2035},{"Length":69,"Height":27,"Demand":100,"DemandMax":null,"Value":1863},{"Length":47,"Height":36,"Demand":100,"DemandMax":null,"Value":1692},{"Length":51,"Height":32,"Demand":100,"DemandMax":null,"Value":1632},{"Length":39,"Height":29,"Demand":100,"DemandMax":null,"Value":1131}]}