{"Name":"AH297","Objects":[{"Length":1000,"Height":39545,"Stock":null,"Cost":39545000}],"Items":[{"Length":368,"Height":369,"Demand":1,"DemandMax":null,"Value":135792},{"Length":356,"Height":374,"Demand":1,"DemandMax":null,"Value":133144},{"Length":375,"Height":352,"Demand":1,"DemandMax":null,"Value":132000},{"Length":361,"Height":357,"Demand":1,"DemandMax":null,"Value":128877},{"Length":375,"Height":340,"Demand":1,"DemandMax":null,"Value":127500},{"Length":345,"Height":368,"Demand":1,"DemandMax":null,"Value":126960},{"Length":373,"Height":336,"Demand":1,"DemandMax":null,"Value":125328},{"Length":360,"Height":347,"Demand":1,"DemandMax":null,"Value":124920},{"Length":331,"Height":374,"Demand":1,"DemandMax":null,"Value":123794},{"Length":337,"Height":366,"Demand":1,"DemandMax":null,"Value":123342},{"Length":357,"Height":343,"Demand":1,"DemandMax":null,"Value":122451},{"Length":344,"Height":353,"Demand":1,"DemandMax":null,"Value":121432},{"Length":337,"Height":359,"Demand":1,"DemandMax":null,"Value":120983},{"Length":342,"Height":350,"Demand":1,"DemandMax":null,"Value":119700},{"Length":352,"Height":339,"Demand":1,"DemandMax":null,"Value":119328},{"Length":336,"Height":352,"Demand":1,"DemandMax":null,"Value":118272},{"Length":363,"Height":324,"Demand":1,"DemandMax":null,"Value":117612},{"Length":334,"Height":352,"Demand":1,"DemandMax":null,"Value":117568},{"Length":322,"Height":363,"Demand":1,"DemandMax":null,"Value":116886},{"Length":373,"Height":313,"Demand":1,"DemandMax":null,"Value":116749},{"Length":347,"Height":334,"Demand":1,"DemandMax":null,"Value":115898},{"Length":350,"Height":331,"Demand":1,"DemandMax":null,"Value":115850},{"Length":367,"Height":309,"Demand":1,"DemandMax":null,"Value":113403},{"Length":308,"Height":368,"Demand":1,"DemandMax":null,"Value":113344},{"Length":375,"Height":300,"Demand":1,"DemandMax":null,"Value":112500},{"Length":367,"Height":306,"Demand":1,"DemandMax":null,"Value":112302},{"Length":310,"Height":362,"Demand":1,"DemandMax":null,"Value":112220},{"Length":345,"Height":322,"Demand":1,"DemandMax":null,"Value":111090},{"Length":375,"Height":296,"Demand":1,"DemandMax":null,"Value":111000},{"Length":322,"Height":341,"Demand":1,"DemandMax":null,"Value":109802},{"Length":326,"Height":336,"Demand":1,"DemandMax":null,"Value":109536},{"Length":346,"Height":315,"Demand":1,"DemandMax":null,"Value":108990},{"Length":351,"Height":310,"Demand":1,"DemandMax":null,"Value":108810},{"Length":337,"Height":322,"Demand":1,"DemandMax":null,"Value":108514},{"Length":292,"Height":371,"Demand":1,"DemandMax":null,"Value":108332},{"Length":350,"Height":309,"Demand":1,"DemandMax":null,"Value":108150},{"Length":352,"Height":306,"Demand":1,"DemandMax":null,"Value":107712},{"Length":323,"Height":333,"Demand":1,"DemandMax":null,"Value":107559},{"Length":290,"Height":369,"Demand":1,"DemandMax":null,"Value":107010},{"Length":316,"Height":338,"Demand":1,"DemandMax":null,"Value":106808},{"Length":294,"Height":361,"Demand":1,"DemandMax":null,"Value":106134},{"Length":291,"Height":364,"Demand":1,"DemandMax":null,"Value":105924},{"Length":295,"Height":358,"Demand":1,"DemandMax":null,"Value":105610},{"Length":345,"Height":306,"Demand":1,"DemandMax":null,"Value":105570},{"Length":312,"Height":338,"Demand":1,"DemandMax":null,"Value":105456},{"Length":350,"Height":296,"Demand":1,"DemandMax":null,"Value":103600},{"Length":374,"Height":276,"Demand":1,"DemandMax":null,"Value":103224},{"Length":362,"Height":285,"Demand":1,"DemandMax":null,"Value":103170},{"Length":334,"Height":308,"Demand":1,"DemandMax":null,"Value":102872},{"Length":300,"Height":340,"Demand":1,"DemandMax":null,"Value":102000},{"Length":298,"Height":341,"Demand":1,"DemandMax":null,"Value":101618},{"Length":344,"Height":295,"Demand":1,"DemandMax":null,"Value":101480},{"Length":317,"Height":320,"Demand":1,"DemandMax":null,"Value":101440},{"Length":345,"Height":293,"Demand":1,"DemandMax":null,"Value":101085},{"Length":278,"Height":360,"Demand":1,"DemandMax":null,"Value":100080},{"Length":296,"Height":338,"Demand":1,"DemandMax":null,"Value":100048},{"Length":303,"Height":329,"Demand":1,"DemandMax":null,"Value":99687},{"Length":301,"Height":331,"Demand":1,"DemandMax":null,"Value":99631},{"Length":278,"Height":358,"Demand":1,"DemandMax":null,"Value":99524},{"Length":330,"Height":300,"Demand":1,"DemandMax":null,"Value":99000},{"Length":321,"Height":308,"Demand":1,"DemandMax":null,"Value":98868},{"Length":371,"Height":266,"Demand":1,"DemandMax":null,"Value":98686},{"Length":297,"Height":332,"Demand":1,"DemandMax":null,"Value":98604},{"Length":300,"Height":328,"Demand":1,"DemandMax":null,"Value":98400},{"Length":361,"Height":272,"Demand":1,"DemandMax":null,"Value":98192},{"Length":352,"Height":278,"Demand":1,"DemandMax":null,"Value":97856},{"Length":370,"Height":263,"Demand":1,"DemandMax":null,"Value":97310},{"Length":279,"Height":348,"Demand":1,"DemandMax":null,"Value":97092},{"Length":365,"Height":266,"Demand":1,"DemandMax":null,"Value":97090},{"Length":321,"Height":302,"Demand":1,"DemandMax":null,"Value":96942},{"Length":299,"Height":323,"Demand":1,"DemandMax":null,"Value":96577},{"Length":341,"Height":283,"Demand":1,"DemandMax":null,"Value":96503},{"Length":308,"Height":311,"Demand":1,"DemandMax":null,"Value":95788},{"Length":314,"Height":302,"Demand":1,"DemandMax":null,"Value":94828},{"Length":315,"Height":297,"Demand":1,"DemandMax":null,"Value":93555},{"Length":280,"Height":332,"Demand":1,"DemandMax":null,"Value":92960},{"Length":313,"Height":296,"Demand":1,"DemandMax":null,"Value":92648},{"Length":279,"Height":332,"Demand":1,"DemandMax":null,"Value":92628},{"Length":314,"Height":293,"Demand":1,"DemandMax":null,"Value":92002},{"Length":375,"Height":244,"Demand":1,"DemandMax":null,"Value":91500},{"Length":262,"Height":348,"Demand":1,"DemandMax":null,"Value":91176},{"Length":290,"Height":313,"Demand":1,"DemandMax":null,"Value":90770},{"Length":312,"Height":290,"Demand":1,"DemandMax":null,"Value":90480},{"Length":372,"Height":243,"Demand":1,"DemandMax":null,"Value":90396},{"Length":250,"Height":361,"Demand":1,"DemandMax":null,"Value":90250},{"Length":353,"Height":255,"Demand":1,"DemandMax":null,"Value":90015},{"Length":363,"Height":247,"Demand":1,"DemandMax":null,"Value":89661},{"Length":308,"Height":290,"Demand":1,"DemandMax":null,"Value":89320},{"Length":262,"Height":340,"Demand":1,"DemandMax":null,"Value":89080},{"Length":322,"Height":274,"Demand":1,"DemandMax":null,"Value":88228},{"Length":261,"Height":337,"Demand":1,"DemandMax":null,"Value":87957},{"Length":371,"Height":237,"Demand":1,"DemandMax":null,"Value":87927},{"Length":301,"Height":291,"Demand":1,"DemandMax":null,"Value":87591},{"Length":257,"Height":340,"Demand":1,"DemandMax":null,"Value":87380},{"Length":252,"Height":345,"Demand":1,"DemandMax":null,"Value":86940},{"Length":333,"Height":261,"Demand":1,"DemandMax":null,"Value":86913},{"Length":273,"Height":316,"Demand":1,"DemandMax":null,"Value":86268},{"Length":241,"Height":357,"Demand":1,"DemandMax":null,"Value":86037},{"Length":230,"Height":372,"Demand":1,"DemandMax":null,"Value":85560},{"Length":347,"Height":245,"Demand":1,"DemandMax":null,"Value":85015},{"Length":337,"Height":252,"Demand":1,"DemandMax":null,"Value":84924},{"Length":263,"Height":322,"Demand":1,"DemandMax":null,"Value":84686},{"Length":290,"Height":291,"Demand":1,"DemandMax":null,"Value":84390},{"Length":324,"Height":260,"Demand":1,"DemandMax":null,"Value":84240},{"Length":243,"Height":346,"Demand":1,"DemandMax":null,"Value":84078},{"Length":294,"Height":284,"Demand":1,"DemandMax":null,"Value":83496},{"Length":361,"Height":231,"Demand":1,"DemandMax":null,"Value":83391},{"Length":235,"Height":354,"Demand":1,"DemandMax":null,"Value":83190},{"Length":223,"Height":373,"Demand":1,"DemandMax":null,"Value":83179},{"Length":370,"Height":223,"Demand":1,"DemandMax":null,"Value":82510},{"Length":222,"Height":371,"Demand":1,"DemandMax":null,"Value":82362},{"Length":237,"Height":347,"Demand":1,"DemandMax":null,"Value":82239},{"Length":231,"Height":355,"Demand":1,"DemandMax":null,"Value":82005},{"Length":259,"Height":316,"Demand":1,"DemandMax":null,"Value":81844},{"Length":331,"Height":247,"Demand":1,"DemandMax":null,"Value":81757},{"Length":320,"Height":255,"Demand":1,"DemandMax":null,"Value":81600},{"Length":231,"Height":352,"Demand":1,"DemandMax":null,"Value":81312},{"Length":358,"Height":227,"Demand":1,"DemandMax":null,"Value":81266},{"Length":260,"Height":312,"Demand":1,"DemandMax":null,"Value":81120},{"Length":247,"Height":328,"Demand":1,"DemandMax":null,"Value":81016},{"Length":324,"Height":249,"Demand":1,"DemandMax":null,"Value":80676},{"Length":217,"Height":370,"Demand":1,"DemandMax":null,"Value":80290},{"Length":250,"Height":321,"Demand":1,"DemandMax":null,"Value":80250},{"Length":350,"Height":229,"Demand":1,"DemandMax":null,"Value":80150},{"Length":251,"Height":318,"Demand":1,"DemandMax":null,"Value":79818},{"Length":289,"Height":276,"Demand":1,"DemandMax":null,"Value":79764},{"Length":325,"Height":245,"Demand":1,"DemandMax":null,"Value":79625},{"Length":311,"Height":256,"Demand":1,"DemandMax":null,"Value":79616},{"Length":337,"Height":236,"Demand":1,"DemandMax":null,"Value":79532},{"Length":241,"Height":329,"Demand":1,"DemandMax":null,"Value":79289},{"Length":256,"Height":309,"Demand":1,"DemandMax":null,"Value":79104},{"Length":287,"Height":275,"Demand":1,"DemandMax":null,"Value":78925},{"Length":280,"Height":280,"Demand":1,"DemandMax":null,"Value":78400},{"Length":335,"Height":233,"Demand":1,"DemandMax":null,"Value":78055},{"Length":209,"Height":373,"Demand":1,"DemandMax":null,"Value":77957},{"Length":255,"Height":300,"Demand":1,"DemandMax":null,"Value":76500},{"Length":241,"Height":317,"Demand":1,"DemandMax":null,"Value":76397},{"Length":231,"Height":330,"Demand":1,"DemandMax":null,"Value":76230},{"Length":206,"Height":370,"Demand":1,"DemandMax":null,"Value":76220},{"Length":320,"Height":238,"Demand":1,"DemandMax":null,"Value":76160},{"Length":235,"Height":324,"Demand":1,"DemandMax":null,"Value":76140},{"Length":256,"Height":295,"Demand":1,"DemandMax":null,"Value":75520},{"Length":331,"Height":228,"Demand":1,"DemandMax":null,"Value":75468},{"Length":288,"Height":262,"Demand":1,"DemandMax":null,"Value":75456},{"Length":206,"Height":366,"Demand":1,"DemandMax":null,"Value":75396},{"Length":338,"Height":223,"Demand":1,"DemandMax":null,"Value":75374},{"Length":313,"Height":240,"Demand":1,"DemandMax":null,"Value":75120},{"Length":272,"Height":276,"Demand":1,"DemandMax":null,"Value":75072},{"Length":266,"Height":281,"Demand":1,"DemandMax":null,"Value":74746},{"Length":287,"Height":259,"Demand":1,"DemandMax":null,"Value":74333},{"Length":296,"Height":251,"Demand":1,"DemandMax":null,"Value":74296},{"Length":219,"Height":338,"Demand":1,"DemandMax":null,"Value":74022},{"Length":345,"Height":214,"Demand":1,"DemandMax":null,"Value":73830},{"Length":280,"Height":263,"Demand":1,"DemandMax":null,"Value":73640},{"Length":229,"Height":321,"Demand":1,"DemandMax":null,"Value":73509},{"Length":310,"Height":237,"Demand":1,"DemandMax":null,"Value":73470},{"Length":369,"Height":199,"Demand":1,"DemandMax":null,"Value":73431},{"Length":316,"Height":231,"Demand":1,"DemandMax":null,"Value":72996},{"Length":216,"Height":337,"Demand":1,"DemandMax":null,"Value":72792},{"Length":294,"Height":247,"Demand":1,"DemandMax":null,"Value":72618},{"Length":344,"Height":211,"Demand":1,"DemandMax":null,"Value":72584},{"Length":279,"Height":260,"Demand":1,"DemandMax":null,"Value":72540},{"Length":280,"Height":259,"Demand":1,"DemandMax":null,"Value":72520},{"Length":281,"Height":258,"Demand":1,"DemandMax":null,"Value":72498},{"Length":273,"Height":265,"Demand":1,"DemandMax":null,"Value":72345},{"Length":233,"Height":310,"Demand":1,"DemandMax":null,"Value":72230},{"Length":236,"Height":306,"Demand":1,"DemandMax":null,"Value":72216},{"Length":291,"Height":248,"Demand":1,"DemandMax":null,"Value":72168},{"Length":369,"Height":195,"Demand":1,"DemandMax":null,"Value":71955},{"Length":256,"Height":280,"Demand":1,"DemandMax":null,"Value":71680},{"Length":264,"Height":270,"Demand":1,"DemandMax":null,"Value":71280},{"Length":205,"Height":344,"Demand":1,"DemandMax":null,"Value":70520},{"Length":332,"Height":212,"Demand":1,"DemandMax":null,"Value":70384},{"Length":335,"Height":208,"Demand":1,"DemandMax":null,"Value":69680},{"Length":253,"Height":275,"Demand":1,"DemandMax":null,"Value":69575},{"Length":244,"Height":283,"Demand":1,"DemandMax":null,"Value":69052},{"Length":354,"Height":195,"Demand":1,"DemandMax":null,"Value":69030},{"Length":243,"Height":284,"Demand":1,"DemandMax":null,"Value":69012},{"Length":214,"Height":319,"Demand":1,"DemandMax":null,"Value":68266},{"Length":334,"Height":204,"Demand":1,"DemandMax":null,"Value":68136},{"Length":298,"Height":228,"Demand":1,"DemandMax":null,"Value":67944},{"Length":325,"Height":208,"Demand":1,"DemandMax":null,"Value":67600},{"Length":252,"Height":267,"Demand":1,"DemandMax":null,"Value":67284},{"Length":271,"Height":248,"Demand":1,"DemandMax":null,"Value":67208},{"Length":210,"Height":320,"Demand":1,"DemandMax":null,"Value":67200},{"Length":349,"Height":192,"Demand":1,"DemandMax":null,"Value":67008},{"Length":332,"Height":201,"Demand":1,"DemandMax":null,"Value":66732},{"Length":193,"Height":345,"Demand":1,"DemandMax":null,"Value":66585},{"Length":287,"Height":231,"Demand":1,"DemandMax":null,"Value":66297},{"Length":185,"Height":357,"Demand":1,"DemandMax":null,"Value":66045},{"Length":261,"Height":253,"Demand":1,"DemandMax":null,"Value":66033},{"Length":317,"Height":208,"Demand":1,"DemandMax":null,"Value":65936},{"Length":193,"Height":340,"Demand":1,"DemandMax":null,"Value":65620},{"Length":251,"Height":261,"Demand":1,"DemandMax":null,"Value":65511},{"Length":253,"Height":258,"Demand":1,"DemandMax":null,"Value":65274},{"Length":299,"Height":218,"Demand":1,"DemandMax":null,"Value":65182},{"Length":337,"Height":193,"Demand":1,"DemandMax":null,"Value":65041},{"Length":287,"Height":226,"Demand":1,"DemandMax":null,"Value":64862},{"Length":255,"Height":254,"Demand":1,"DemandMax":null,"Value":64770},{"Length":344,"Height":188,"Demand":1,"DemandMax":null,"Value":64672},{"Length":186,"Height":345,"Demand":1,"DemandMax":null,"Value":64170},{"Length":186,"Height":344,"Demand":1,"DemandMax":null,"Value":63984},{"Length":176,"Height":361,"Demand":1,"DemandMax":null,"Value":63536},{"Length":252,"Height":251,"Demand":1,"DemandMax":null,"Value":63252},{"Length":369,"Height":171,"Demand":1,"DemandMax":null,"Value":63099},{"Length":185,"Height":341,"Demand":1,"DemandMax":null,"Value":63085},{"Length":271,"Height":232,"Demand":1,"DemandMax":null,"Value":62872},{"Length":268,"Height":234,"Demand":1,"DemandMax":null,"Value":62712},{"Length":323,"Height":194,"Demand":1,"DemandMax":null,"Value":62662},{"Length":266,"Height":235,"Demand":1,"DemandMax":null,"Value":62510},{"Length":186,"Height":336,"Demand":1,"DemandMax":null,"Value":62496},{"Length":374,"Height":167,"Demand":1,"DemandMax":null,"Value":62458},{"Length":218,"Height":285,"Demand":1,"DemandMax":null,"Value":62130},{"Length":293,"Height":212,"Demand":1,"DemandMax":null,"Value":62116},{"Length":187,"Height":332,"Demand":1,"DemandMax":null,"Value":62084},{"Length":246,"Height":252,"Demand":1,"DemandMax":null,"Value":61992},{"Length":279,"Height":221,"Demand":1,"DemandMax":null,"Value":61659},{"Length":204,"Height":302,"Demand":1,"DemandMax":null,"Value":61608},{"Length":177,"Height":348,"Demand":1,"DemandMax":null,"Value":61596},{"Length":205,"Height":300,"Demand":1,"DemandMax":null,"Value":61500},{"Length":168,"Height":365,"Demand":1,"DemandMax":null,"Value":61320},{"Length":358,"Height":171,"Demand":1,"DemandMax":null,"Value":61218},{"Length":259,"Height":235,"Demand":1,"DemandMax":null,"Value":60865},{"Length":332,"Height":182,"Demand":1,"DemandMax":null,"Value":60424},{"Length":328,"Height":184,"Demand":1,"DemandMax":null,"Value":60352},{"Length":335,"Height":179,"Demand":1,"DemandMax":null,"Value":59965},{"Length":262,"Height":226,"Demand":1,"DemandMax":null,"Value":59212},{"Length":208,"Height":284,"Demand":1,"DemandMax":null,"Value":59072},{"Length":193,"Height":306,"Demand":1,"DemandMax":null,"Value":59058},{"Length":197,"Height":299,"Demand":1,"DemandMax":null,"Value":58903},{"Length":335,"Height":175,"Demand":1,"DemandMax":null,"Value":58625},{"Length":244,"Height":240,"Demand":1,"DemandMax":null,"Value":58560},{"Length":364,"Height":160,"Demand":1,"DemandMax":null,"Value":58240},{"Length":183,"Height":317,"Demand":1,"DemandMax":null,"Value":58011},{"Length":172,"Height":337,"Demand":1,"DemandMax":null,"Value":57964},{"Length":364,"Height":159,"Demand":1,"DemandMax":null,"Value":57876},{"Length":256,"Height":226,"Demand":1,"DemandMax":null,"Value":57856},{"Length":223,"Height":258,"Demand":1,"DemandMax":null,"Value":57534},{"Length":254,"Height":226,"Demand":1,"DemandMax":null,"Value":57404},{"Length":315,"Height":182,"Demand":1,"DemandMax":null,"Value":57330},{"Length":264,"Height":217,"Demand":1,"DemandMax":null,"Value":57288},{"Length":301,"Height":190,"Demand":1,"DemandMax":null,"Value":57190},{"Length":258,"Height":221,"Demand":1,"DemandMax":null,"Value":57018},{"Length":311,"Height":183,"Demand":1,"DemandMax":null,"Value":56913},{"Length":240,"Height":235,"Demand":1,"DemandMax":null,"Value":56400},{"Length":281,"Height":200,"Demand":1,"DemandMax":null,"Value":56200},{"Length":353,"Height":159,"Demand":1,"DemandMax":null,"Value":56127},{"Length":275,"Height":204,"Demand":1,"DemandMax":null,"Value":56100},{"Length":278,"Height":201,"Demand":1,"DemandMax":null,"Value":55878},{"Length":190,"Height":294,"Demand":1,"DemandMax":null,"Value":55860},{"Length":216,"Height":257,"Demand":1,"DemandMax":null,"Value":55512},{"Length":204,"Height":272,"Demand":1,"DemandMax":null,"Value":55488},{"Length":168,"Height":330,"Demand":1,"DemandMax":null,"Value":55440},{"Length":162,"Height":342,"Demand":1,"DemandMax":null,"Value":55404},{"Length":156,"Height":355,"Demand":1,"DemandMax":null,"Value":55380},{"Length":169,"Height":326,"Demand":1,"DemandMax":null,"Value":55094},{"Length":170,"Height":324,"Demand":1,"DemandMax":null,"Value":55080},{"Length":266,"Height":207,"Demand":1,"DemandMax":null,"Value":55062},{"Length":179,"Height":307,"Demand":1,"DemandMax":null,"Value":54953},{"Length":207,"Height":265,"Demand":1,"DemandMax":null,"Value":54855},{"Length":209,"Height":262,"Demand":1,"DemandMax":null,"Value":54758},{"Length":242,"Height":226,"Demand":1,"DemandMax":null,"Value":54692},{"Length":147,"Height":372,"Demand":1,"DemandMax":null,"Value":54684},{"Length":158,"Height":346,"Demand":1,"DemandMax":null,"Value":54668},{"Length":326,"Height":167,"Demand":1,"DemandMax":null,"Value":54442},{"Length":215,"Height":253,"Demand":1,"DemandMax":null,"Value":54395},{"Length":192,"Height":283,"Demand":1,"DemandMax":null,"Value":54336},{"Length":242,"Height":224,"Demand":1,"DemandMax":null,"Value":54208},{"Length":168,"Height":322,"Demand":1,"DemandMax":null,"Value":54096},{"Length":353,"Height":153,"Demand":1,"DemandMax":null,"Value":54009},{"Length":189,"Height":285,"Demand":1,"DemandMax":null,"Value":53865},{"Length":235,"Height":229,"Demand":1,"DemandMax":null,"Value":53815},{"Length":166,"Height":324,"Demand":1,"DemandMax":null,"Value":53784},{"Length":173,"Height":310,"Demand":1,"DemandMax":null,"Value":53630},{"Length":288,"Height":185,"Demand":1,"DemandMax":null,"Value":53280},{"Length":235,"Height":226,"Demand":1,"DemandMax":null,"Value":53110},{"Length":371,"Height":143,"Demand":1,"DemandMax":null,"Value":53053},{"Length":236,"Height":224,"Demand":1,"DemandMax":null,"Value":52864},{"Length":244,"Height":216,"Demand":1,"DemandMax":null,"Value":52704},{"Length":224,"Height":235,"Demand":1,"DemandMax":null,"Value":52640},{"Length":238,"Height":221,"Demand":1,"DemandMax":null,"Value":52598},{"Length":341,"Height":154,"Demand":1,"DemandMax":null,"Value":52514},{"Length":143,"Height":367,"Demand":1,"DemandMax":null,"Value":52481},{"Length":176,"Height":298,"Demand":1,"DemandMax":null,"Value":52448},{"Length":227,"Height":231,"Demand":1,"DemandMax":null,"Value":52437},{"Length":198,"Height":264,"Demand":1,"DemandMax":null,"Value":52272},{"Length":208,"Height":251,"Demand":1,"DemandMax":null,"Value":52208},{"Length":203,"Height":257,"Demand":1,"DemandMax":null,"Value":52171},{"Length":219,"Height":238,"Demand":1,"DemandMax":null,"Value":52122},{"Length":354,"Height":147,"Demand":1,"DemandMax":null,"Value":52038},{"Length":200,"Height":260,"Demand":1,"DemandMax":null,"Value":52000},{"Length":227,"Height":226,"Demand":1,"DemandMax":null,"Value":51302},{"Length":164,"Height":312,"Demand":1,"DemandMax":null,"Value":51168},{"Length":221,"Height":231,"Demand":1,"DemandMax":null,"Value":51051},{"Length":288,"Height":177,"Demand":1,"DemandMax":null,"Value":50976},{"Length":174,"Height":292,"Demand":1,"DemandMax":null,"Value":50808},{"Length":302,"Height":168,"Demand":1,"DemandMax":null,"Value":50736},{"Length":201,"Height":252,"Demand":1,"DemandMax":null,"Value":50652},{"Length":226,"Height":224,"Demand":1,"DemandMax":null,"Value":50624},{"Length":320,"Height":158,"Demand":1,"DemandMax":null,"Value":50560},{"Length":137,"Height":369,"Demand":1,"DemandMax":null,"Value":50553},{"Length":192,"Height":263,"Demand":1,"DemandMax":null,"Value":50496},{"Length":151,"Height":332,"Demand":1,"DemandMax":null,"Value":50132},{"Length":172,"Height":291,"Demand":1,"DemandMax":null,"Value":50052},{"Length":278,"Height":180,"Demand":1,"DemandMax":null,"Value":50040},{"Length":151,"Height":330,"Demand":1,"DemandMax":null,"Value":49830},{"Length":341,"Height":146,"Demand":1,"DemandMax":null,"Value":49786},{"Length":183,"Height":272,"Demand":1,"DemandMax":null,"Value":49776},{"Length":311,"Height":160,"Demand":1,"DemandMax":null,"Value":49760},{"Length":290,"Height":171,"Demand":1,"DemandMax":null,"Value":49590},{"Length":274,"Height":180,"Demand":1,"DemandMax":null,"Value":49320},{"Length":191,"Height":258,"Demand":1,"DemandMax":null,"Value":49278},{"Length":322,"Height":153,"Demand":1,"DemandMax":null,"Value":49266},{"Length":305,"Height":161,"Demand":1,"DemandMax":null,"Value":49105},{"Length":197,"Height":249,"Demand":1,"DemandMax":null,"Value":49053},{"Length":322,"Height":152,"Demand":1,"DemandMax":null,"Value":48944},{"Length":222,"Height":219,"Demand":1,"DemandMax":null,"Value":48618},{"Length":346,"Height":140,"Demand":1,"DemandMax":null,"Value":48440},{"Length":206,"Height":235,"Demand":1,"DemandMax":null,"Value":48410},{"Length":162,"Height":297,"Demand":1,"DemandMax":null,"Value":48114},{"Length":182,"Height":264,"Demand":1,"DemandMax":null,"Value":48048},{"Length":268,"Height":179,"Demand":1,"DemandMax":null,"Value":47972},{"Length":241,"Height":199,"Demand":1,"DemandMax":null,"Value":47959},{"Length":250,"Height":191,"Demand":1,"DemandMax":null,"Value":47750},{"Length":309,"Height":154,"Demand":1,"DemandMax":null,"Value":47586},{"Length":303,"Height":157,"Demand":1,"DemandMax":null,"Value":47571},{"Length":152,"Height":312,"Demand":1,"DemandMax":null,"Value":47424},{"Length":128,"Height":370,"Demand":1,"DemandMax":null,"Value":47360},{"Length":263,"Height":180,"Demand":1,"DemandMax":null,"Value":47340},{"Length":193,"Height":245,"Demand":1,"DemandMax":null,"Value":47285},{"Length":321,"Height":147,"Demand":1,"DemandMax":null,"Value":47187},{"Length":349,"Height":135,"Demand":1,"DemandMax":null,"Value":47115},{"Length":148,"Height":318,"Demand":1,"DemandMax":null,"Value":47064},{"Length":152,"Height":309,"Demand":1,"DemandMax":null,"Value":46968},{"Length":157,"Height":299,"Demand":1,"DemandMax":null,"Value":46943},{"Length":345,"Height":136,"Demand":1,"DemandMax":null,"Value":46920},{"Length":135,"Height":345,"Demand":1,"DemandMax":null,"Value":46575},{"Length":335,"Height":139,"Demand":1,"DemandMax":null,"Value":46565},{"Length":290,"Height":160,"Demand":1,"DemandMax":null,"Value":46400},{"Length":132,"Height":351,"Demand":1,"DemandMax":null,"Value":46332},{"Length":340,"Height":136,"Demand":1,"DemandMax":null,"Value":46240},{"Length":358,"Height":129,"Demand":1,"DemandMax":null,"Value":46182},{"Length":170,"Height":271,"Demand":1,"DemandMax":null,"Value":46070},{"Length":194,"Height":237,"Demand":1,"DemandMax":null,"Value":45978},{"Length":231,"Height":199,"Demand":1,"DemandMax":null,"Value":45969},{"Length":123,"Height":373,"Demand":1,"DemandMax":null,"Value":45879},{"Length":148,"Height":309,"Demand":1,"DemandMax":null,"Value":45732},{"Length":123,"Height":370,"Demand":1,"DemandMax":null,"Value":45510},{"Length":318,"Height":143,"Demand":1,"DemandMax":null,"Value":45474},{"Length":348,"Height":130,"Demand":1,"DemandMax":null,"Value":45240},{"Length":149,"Height":303,"Demand":1,"DemandMax":null,"Value":45147},{"Length":297,"Height":152,"Demand":1,"DemandMax":null,"Value":45144},{"Length":197,"Height":229,"Demand":1,"DemandMax":null,"Value":45113},{"Length":342,"Height":131,"Demand":1,"DemandMax":null,"Value":44802},{"Length":300,"Height":149,"Demand":1,"DemandMax":null,"Value":44700},{"Length":136,"Height":328,"Demand":1,"DemandMax":null,"Value":44608},{"Length":191,"Height":233,"Demand":1,"DemandMax":null,"Value":44503},{"Length":205,"Height":217,"Demand":1,"DemandMax":null,"Value":44485},{"Length":204,"Height":218,"Demand":1,"DemandMax":null,"Value":44472},{"Length":313,"Height":142,"Demand":1,"DemandMax":null,"Value":44446},{"Length":136,"Height":325,"Demand":1,"DemandMax":null,"Value":44200},{"Length":145,"Height":304,"Demand":1,"DemandMax":null,"Value":44080},{"Length":134,"Height":328,"Demand":1,"DemandMax":null,"Value":43952},{"Length":148,"Height":295,"Demand":1,"DemandMax":null,"Value":43660},{"Length":278,"Height":157,"Demand":1,"DemandMax":null,"Value":43646},{"Length":246,"Height":177,"Demand":1,"DemandMax":null,"Value":43542},{"Length":186,"Height":234,"Demand":1,"DemandMax":null,"Value":43524},{"Length":136,"Height":320,"Demand":1,"DemandMax":null,"Value":43520},{"Length":250,"Height":174,"Demand":1,"DemandMax":null,"Value":43500},{"Length":235,"Height":185,"Demand":1,"DemandMax":null,"Value":43475},{"Length":302,"Height":143,"Demand":1,"DemandMax":null,"Value":43186},{"Length":174,"Height":248,"Demand":1,"DemandMax":null,"Value":43152},{"Length":210,"Height":205,"Demand":1,"DemandMax":null,"Value":43050},{"Length":154,"Height":279,"Demand":1,"DemandMax":null,"Value":42966},{"Length":121,"Height":355,"Demand":1,"DemandMax":null,"Value":42955},{"Length":203,"Height":211,"Demand":1,"DemandMax":null,"Value":42833},{"Length":190,"Height":225,"Demand":1,"DemandMax":null,"Value":42750},{"Length":130,"Height":327,"Demand":1,"DemandMax":null,"Value":42510},{"Length":117,"Height":363,"Demand":1,"DemandMax":null,"Value":42471},{"Length":159,"Height":267,"Demand":1,"DemandMax":null,"Value":42453},{"Length":206,"Height":206,"Demand":1,"DemandMax":null,"Value":42436},{"Length":124,"Height":342,"Demand":1,"DemandMax":null,"Value":42408},{"Length":188,"Height":225,"Demand":1,"DemandMax":null,"Value":42300},{"Length":165,"Height":255,"Demand":1,"DemandMax":null,"Value":42075},{"Length":364,"Height":115,"Demand":1,"DemandMax":null,"Value":41860},{"Length":178,"Height":235,"Demand":1,"DemandMax":null,"Value":41830},{"Length":219,"Height":191,"Demand":1,"DemandMax":null,"Value":41829},{"Length":214,"Height":194,"Demand":1,"DemandMax":null,"Value":41516},{"Length":222,"Height":186,"Demand":1,"DemandMax":null,"Value":41292},{"Length":138,"Height":299,"Demand":1,"DemandMax":null,"Value":41262},{"Length":216,"Height":191,"Demand":1,"DemandMax":null,"Value":41256},{"Length":174,"Height":236,"Demand":1,"DemandMax":null,"Value":41064},{"Length":320,"Height":127,"Demand":1,"DemandMax":null,"Value":40640},{"Length":110,"Height":369,"Demand":1,"DemandMax":null,"Value":40590},{"Length":225,"Height":180,"Demand":1,"DemandMax":null,"Value":40500},{"Length":110,"Height":368,"Demand":1,"DemandMax":null,"Value":40480},{"Length":273,"Height":148,"Demand":1,"DemandMax":null,"Value":40404},{"Length":269,"Height":150,"Demand":1,"DemandMax":null,"Value":40350},{"Length":330,"Height":122,"Demand":1,"DemandMax":null,"Value":40260},{"Length":186,"Height":216,"Demand":1,"DemandMax":null,"Value":40176},{"Length":273,"Height":147,"Demand":1,"DemandMax":null,"Value":40131},{"Length":368,"Height":109,"Demand":1,"DemandMax":null,"Value":40112},{"Length":149,"Height":267,"Demand":1,"DemandMax":null,"Value":39783},{"Length":191,"Height":208,"Demand":1,"DemandMax":null,"Value":39728},{"Length":336,"Height":118,"Demand":1,"DemandMax":null,"Value":39648},{"Length":142,"Height":279,"Demand":1,"DemandMax":null,"Value":39618},{"Length":366,"Height":108,"Demand":1,"DemandMax":null,"Value":39528},{"Length":168,"Height":235,"Demand":1,"DemandMax":null,"Value":39480},{"Length":214,"Height":184,"Demand":1,"DemandMax":null,"Value":39376},{"Length":351,"Height":112,"Demand":1,"DemandMax":null,"Value":39312},{"Length":338,"Height":116,"Demand":1,"DemandMax":null,"Value":39208},{"Length":105,"Height":373,"Demand":1,"DemandMax":null,"Value":39165},{"Length":115,"Height":340,"Demand":1,"DemandMax":null,"Value":39100},{"Length":196,"Height":199,"Demand":1,"DemandMax":null,"Value":39004},{"Length":219,"Height":178,"Demand":1,"DemandMax":null,"Value":38982},{"Length":109,"Height":356,"Demand":1,"DemandMax":null,"Value":38804},{"Length":187,"Height":205,"Demand":1,"DemandMax":null,"Value":38335},{"Length":207,"Height":185,"Demand":1,"DemandMax":null,"Value":38295},{"Length":368,"Height":104,"Demand":1,"DemandMax":null,"Value":38272},{"Length":324,"Height":118,"Demand":1,"DemandMax":null,"Value":38232},{"Length":152,"Height":251,"Demand":1,"DemandMax":null,"Value":38152},{"Length":218,"Height":175,"Demand":1,"DemandMax":null,"Value":38150},{"Length":331,"Height":115,"Demand":1,"DemandMax":null,"Value":38065},{"Length":288,"Height":132,"Demand":1,"DemandMax":null,"Value":38016},{"Length":139,"Height":273,"Demand":1,"DemandMax":null,"Value":37947},{"Length":311,"Height":122,"Demand":1,"DemandMax":null,"Value":37942},{"Length":251,"Height":151,"Demand":1,"DemandMax":null,"Value":37901},{"Length":101,"Height":375,"Demand":1,"DemandMax":null,"Value":37875},{"Length":331,"Height":114,"Demand":1,"DemandMax":null,"Value":37734},{"Length":248,"Height":152,"Demand":1,"DemandMax":null,"Value":37696},{"Length":223,"Height":169,"Demand":1,"DemandMax":null,"Value":37687},{"Length":126,"Height":298,"Demand":1,"DemandMax":null,"Value":37548},{"Length":329,"Height":114,"Demand":1,"DemandMax":null,"Value":37506},{"Length":330,"Height":113,"Demand":1,"DemandMax":null,"Value":37290},{"Length":181,"Height":206,"Demand":1,"DemandMax":null,"Value":37286},{"Length":198,"Height":188,"Demand":1,"DemandMax":null,"Value":37224},{"Length":260,"Height":143,"Demand":1,"DemandMax":null,"Value":37180},{"Length":99,"Height":375,"Demand":1,"DemandMax":null,"Value":37125},{"Length":171,"Height":217,"Demand":1,"DemandMax":null,"Value":37107},{"Length":299,"Height":124,"Demand":1,"DemandMax":null,"Value":37076},{"Length":230,"Height":161,"Demand":1,"DemandMax":null,"Value":37030},{"Length":220,"Height":168,"Demand":1,"DemandMax":null,"Value":36960},{"Length":171,"Height":216,"Demand":1,"DemandMax":null,"Value":36936},{"Length":329,"Height":111,"Demand":1,"DemandMax":null,"Value":36519},{"Length":106,"Height":344,"Demand":1,"DemandMax":null,"Value":36464},{"Length":102,"Height":357,"Demand":1,"DemandMax":null,"Value":36414},{"Length":248,"Height":146,"Demand":1,"DemandMax":null,"Value":36208},{"Length":96,"Height":375,"Demand":1,"DemandMax":null,"Value":36000},{"Length":356,"Height":101,"Demand":1,"DemandMax":null,"Value":35956},{"Length":154,"Height":233,"Demand":1,"DemandMax":null,"Value":35882},{"Length":276,"Height":130,"Demand":1,"DemandMax":null,"Value":35880},{"Length":369,"Height":97,"Demand":1,"DemandMax":null,"Value":35793},{"Length":273,"Height":131,"Demand":1,"DemandMax":null,"Value":35763},{"Length":202,"Height":176,"Demand":1,"DemandMax":null,"Value":35552},{"Length":355,"Height":100,"Demand":1,"DemandMax":null,"Value":35500},{"Length":116,"Height":306,"Demand":1,"DemandMax":null,"Value":35496},{"Length":152,"Height":233,"Demand":1,"DemandMax":null,"Value":35416},{"Length":112,"Height":316,"Demand":1,"DemandMax":null,"Value":35392},{"Length":105,"Height":337,"Demand":1,"DemandMax":null,"Value":35385},{"Length":362,"Height":97,"Demand":1,"DemandMax":null,"Value":35114},{"Length":168,"Height":209,"Demand":1,"DemandMax":null,"Value":35112},{"Length":144,"Height":242,"Demand":1,"DemandMax":null,"Value":34848},{"Length":159,"Height":219,"Demand":1,"DemandMax":null,"Value":34821},{"Length":171,"Height":203,"Demand":1,"DemandMax":null,"Value":34713},{"Length":110,"Height":314,"Demand":1,"DemandMax":null,"Value":34540},{"Length":93,"Height":370,"Demand":1,"DemandMax":null,"Value":34410},{"Length":94,"Height":366,"Demand":1,"DemandMax":null,"Value":34404},{"Length":178,"Height":193,"Demand":1,"DemandMax":null,"Value":34354},{"Length":318,"Height":108,"Demand":1,"DemandMax":null,"Value":34344},{"Length":365,"Height":94,"Demand":1,"DemandMax":null,"Value":34310},{"Length":294,"Height":116,"Demand":1,"DemandMax":null,"Value":34104},{"Length":286,"Height":119,"Demand":1,"DemandMax":null,"Value":34034},{"Length":175,"Height":194,"Demand":1,"DemandMax":null,"Value":33950},{"Length":336,"Height":101,"Demand":1,"DemandMax":null,"Value":33936},{"Length":265,"Height":128,"Demand":1,"DemandMax":null,"Value":33920},{"Length":103,"Height":329,"Demand":1,"DemandMax":null,"Value":33887},{"Length":146,"Height":232,"Demand":1,"DemandMax":null,"Value":33872},{"Length":165,"Height":205,"Demand":1,"DemandMax":null,"Value":33825},{"Length":97,"Height":348,"Demand":1,"DemandMax":null,"Value":33756},{"Length":290,"Height":116,"Demand":1,"DemandMax":null,"Value":33640},{"Length":105,"Height":319,"Demand":1,"DemandMax":null,"Value":33495},{"Length":123,"Height":272,"Demand":1,"DemandMax":null,"Value":33456},{"Length":102,"Height":327,"Demand":1,"DemandMax":null,"Value":33354},{"Length":343,"Height":97,"Demand":1,"DemandMax":null,"Value":33271},{"Length":91,"Height":365,"Demand":1,"DemandMax":null,"Value":33215},{"Length":133,"Height":249,"Demand":1,"DemandMax":null,"Value":33117},{"Length":372,"Height":89,"Demand":1,"DemandMax":null,"Value":33108},{"Length":223,"Height":148,"Demand":1,"DemandMax":null,"Value":33004},{"Length":157,"Height":210,"Demand":1,"DemandMax":null,"Value":32970},{"Length":323,"Height":102,"Demand":1,"DemandMax":null,"Value":32946},{"Length":131,"Height":250,"Demand":1,"DemandMax":null,"Value":32750},{"Length":143,"Height":229,"Demand":1,"DemandMax":null,"Value":32747},{"Length":158,"Height":207,"Demand":1,"DemandMax":null,"Value":32706},{"Length":160,"Height":204,"Demand":1,"DemandMax":null,"Value":32640},{"Length":219,"Height":149,"Demand":1,"DemandMax":null,"Value":32631},{"Length":124,"Height":263,"Demand":1,"DemandMax":null,"Value":32612},{"Length":130,"Height":250,"Demand":1,"DemandMax":null,"Value":32500},{"Length":117,"Height":277,"Demand":1,"DemandMax":null,"Value":32409},{"Length":314,"Height":103,"Demand":1,"DemandMax":null,"Value":32342},{"Length":295,"Height":109,"Demand":1,"DemandMax":null,"Value":32155},{"Length":251,"Height":128,"Demand":1,"DemandMax":null,"Value":32128},{"Length":310,"Height":103,"Demand":1,"DemandMax":null,"Value":31930},{"Length":91,"Height":350,"Demand":1,"DemandMax":null,"Value":31850},{"Length":246,"Height":129,"Demand":1,"DemandMax":null,"Value":31734},{"Length":265,"Height":119,"Demand":1,"DemandMax":null,"Value":31535},{"Length":185,"Height":170,"Demand":1,"DemandMax":null,"Value":31450},{"Length":119,"Height":264,"Demand":1,"DemandMax":null,"Value":31416},{"Length":288,"Height":109,"Demand":1,"DemandMax":null,"Value":31392},{"Length":128,"Height":245,"Demand":1,"DemandMax":null,"Value":31360},{"Length":330,"Height":95,"Demand":1,"DemandMax":null,"Value":31350},{"Length":339,"Height":92,"Demand":1,"DemandMax":null,"Value":31188},{"Length":346,"Height":90,"Demand":1,"DemandMax":null,"Value":31140},{"Length":125,"Height":248,"Demand":1,"DemandMax":null,"Value":31000},{"Length":348,"Height":89,"Demand":1,"DemandMax":null,"Value":30972},{"Length":102,"Height":303,"Demand":1,"DemandMax":null,"Value":30906},{"Length":98,"Height":315,"Demand":1,"DemandMax":null,"Value":30870},{"Length":338,"Height":91,"Demand":1,"DemandMax":null,"Value":30758},{"Length":163,"Height":188,"Demand":1,"DemandMax":null,"Value":30644},{"Length":211,"Height":145,"Demand":1,"DemandMax":null,"Value":30595},{"Length":119,"Height":257,"Demand":1,"DemandMax":null,"Value":30583},{"Length":105,"Height":290,"Demand":1,"DemandMax":null,"Value":30450},{"Length":239,"Height":127,"Demand":1,"DemandMax":null,"Value":30353},{"Length":309,"Height":98,"Demand":1,"DemandMax":null,"Value":30282},{"Length":166,"Height":182,"Demand":1,"DemandMax":null,"Value":30212},{"Length":119,"Height":252,"Demand":1,"DemandMax":null,"Value":29988},{"Length":96,"Height":312,"Demand":1,"DemandMax":null,"Value":29952},{"Length":81,"Height":369,"Demand":1,"DemandMax":null,"Value":29889},{"Length":189,"Height":158,"Demand":1,"DemandMax":null,"Value":29862},{"Length":284,"Height":105,"Demand":1,"DemandMax":null,"Value":29820},{"Length":89,"Height":335,"Demand":1,"DemandMax":null,"Value":29815},{"Length":149,"Height":200,"Demand":1,"DemandMax":null,"Value":29800},{"Length":310,"Height":96,"Demand":1,"DemandMax":null,"Value":29760},{"Length":217,"Height":137,"Demand":1,"DemandMax":null,"Value":29729},{"Length":100,"Height":297,"Demand":1,"DemandMax":null,"Value":29700},{"Length":330,"Height":90,"Demand":1,"DemandMax":null,"Value":29700},{"Length":136,"Height":215,"Demand":1,"DemandMax":null,"Value":29240},{"Length":269,"Height":108,"Demand":1,"DemandMax":null,"Value":29052},{"Length":274,"Height":106,"Demand":1,"DemandMax":null,"Value":29044},{"Length":150,"Height":193,"Demand":1,"DemandMax":null,"Value":28950},{"Length":272,"Height":106,"Demand":1,"DemandMax":null,"Value":28832},{"Length":186,"Height":155,"Demand":1,"DemandMax":null,"Value":28830},{"Length":346,"Height":83,"Demand":1,"DemandMax":null,"Value":28718},{"Length":82,"Height":350,"Demand":1,"DemandMax":null,"Value":28700},{"Length":321,"Height":89,"Demand":1,"DemandMax":null,"Value":28569},{"Length":166,"Height":171,"Demand":1,"DemandMax":null,"Value":28386},{"Length":311,"Height":91,"Demand":1,"DemandMax":null,"Value":28301},{"Length":93,"Height":304,"Demand":1,"DemandMax":null,"Value":28272},{"Length":327,"Height":86,"Demand":1,"DemandMax":null,"Value":28122},{"Length":93,"Height":302,"Demand":1,"DemandMax":null,"Value":28086},{"Length":355,"Height":79,"Demand":1,"DemandMax":null,"Value":28045},{"Length":111,"Height":252,"Demand":1,"DemandMax":null,"Value":27972},{"Length":114,"Height":244,"Demand":1,"DemandMax":null,"Value":27816},{"Length":88,"Height":316,"Demand":1,"DemandMax":null,"Value":27808},{"Length":74,"Height":375,"Demand":1,"DemandMax":null,"Value":27750},{"Length":227,"Height":122,"Demand":1,"DemandMax":null,"Value":27694},{"Length":147,"Height":188,"Demand":1,"DemandMax":null,"Value":27636},{"Length":78,"Height":354,"Demand":1,"DemandMax":null,"Value":27612},{"Length":112,"Height":246,"Demand":1,"DemandMax":null,"Value":27552},{"Length":266,"Height":103,"Demand":1,"DemandMax":null,"Value":27398},{"Length":135,"Height":202,"Demand":1,"DemandMax":null,"Value":27270},{"Length":211,"Height":129,"Demand":1,"DemandMax":null,"Value":27219},{"Length":86,"Height":316,"Demand":1,"DemandMax":null,"Value":27176},{"Length":277,"Height":98,"Demand":1,"DemandMax":null,"Value":27146},{"Length":145,"Height":187,"Demand":1,"DemandMax":null,"Value":27115},{"Length":208,"Height":129,"Demand":1,"DemandMax":null,"Value":26832},{"Length":206,"Height":130,"Demand":1,"DemandMax":null,"Value":26780},{"Length":265,"Height":101,"Demand":1,"DemandMax":null,"Value":26765},{"Length":284,"Height":94,"Demand":1,"DemandMax":null,"Value":26696},{"Length":85,"Height":313,"Demand":1,"DemandMax":null,"Value":26605},{"Length":166,"Height":160,"Demand":1,"DemandMax":null,"Value":26560},{"Length":176,"Height":150,"Demand":1,"DemandMax":null,"Value":26400},{"Length":158,"Height":167,"Demand":1,"DemandMax":null,"Value":26386},{"Length":135,"Height":195,"Demand":1,"DemandMax":null,"Value":26325},{"Length":226,"Height":116,"Demand":1,"DemandMax":null,"Value":26216},{"Length":77,"Height":338,"Demand":1,"DemandMax":null,"Value":26026},{"Length":136,"Height":191,"Demand":1,"DemandMax":null,"Value":25976},{"Length":354,"Height":73,"Demand":1,"DemandMax":null,"Value":25842},{"Length":109,"Height":237,"Demand":1,"DemandMax":null,"Value":25833},{"Length":124,"Height":208,"Demand":1,"DemandMax":null,"Value":25792},{"Length":206,"Height":125,"Demand":1,"DemandMax":null,"Value":25750},{"Length":218,"Height":118,"Demand":1,"DemandMax":null,"Value":25724},{"Length":289,"Height":89,"Demand":1,"DemandMax":null,"Value":25721},{"Length":345,"Height":74,"Demand":1,"DemandMax":null,"Value":25530},{"Length":162,"Height":157,"Demand":1,"DemandMax":null,"Value":25434},{"Length":254,"Height":100,"Demand":1,"DemandMax":null,"Value":25400},{"Length":125,"Height":202,"Demand":1,"DemandMax":null,"Value":25250},{"Length":371,"Height":68,"Demand":1,"DemandMax":null,"Value":25228},{"Length":188,"Height":134,"Demand":1,"DemandMax":null,"Value":25192},{"Length":182,"Height":138,"Demand":1,"DemandMax":null,"Value":25116},{"Length":105,"Height":239,"Demand":1,"DemandMax":null,"Value":25095},{"Length":369,"Height":68,"Demand":1,"DemandMax":null,"Value":25092},{"Length":249,"Height":100,"Demand":1,"DemandMax":null,"Value":24900},{"Length":122,"Height":204,"Demand":1,"DemandMax":null,"Value":24888},{"Length":137,"Height":181,"Demand":1,"DemandMax":null,"Value":24797},{"Length":131,"Height":189,"Demand":1,"DemandMax":null,"Value":24759},{"Length":294,"Height":84,"Demand":1,"DemandMax":null,"Value":24696},{"Length":158,"Height":156,"Demand":1,"DemandMax":null,"Value":24648},{"Length":70,"Height":352,"Demand":1,"DemandMax":null,"Value":24640},{"Length":209,"Height":117,"Demand":1,"DemandMax":null,"Value":24453},{"Length":169,"Height":144,"Demand":1,"DemandMax":null,"Value":24336},{"Length":108,"Height":225,"Demand":1,"DemandMax":null,"Value":24300},{"Length":361,"Height":67,"Demand":1,"DemandMax":null,"Value":24187},{"Length":158,"Height":153,"Demand":1,"DemandMax":null,"Value":24174},{"Length":73,"Height":330,"Demand":1,"DemandMax":null,"Value":24090},{"Length":253,"Height":95,"Demand":1,"DemandMax":null,"Value":24035},{"Length":293,"Height":82,"Demand":1,"DemandMax":null,"Value":24026},{"Length":337,"Height":71,"Demand":1,"DemandMax":null,"Value":23927},{"Length":244,"Height":98,"Demand":1,"DemandMax":null,"Value":23912},{"Length":154,"Height":155,"Demand":1,"DemandMax":null,"Value":23870},{"Length":98,"Height":243,"Demand":1,"DemandMax":null,"Value":23814},{"Length":140,"Height":170,"Demand":1,"DemandMax":null,"Value":23800},{"Length":224,"Height":106,"Demand":1,"DemandMax":null,"Value":23744},{"Length":82,"Height":289,"Demand":1,"DemandMax":null,"Value":23698},{"Length":306,"Height":77,"Demand":1,"DemandMax":null,"Value":23562},{"Length":126,"Height":187,"Demand":1,"DemandMax":null,"Value":23562},{"Length":68,"Height":345,"Demand":1,"DemandMax":null,"Value":23460},{"Length":89,"Height":263,"Demand":1,"DemandMax":null,"Value":23407},{"Length":344,"Height":68,"Demand":1,"DemandMax":null,"Value":23392},{"Length":70,"Height":334,"Demand":1,"DemandMax":null,"Value":23380},{"Length":71,"Height":328,"Demand":1,"DemandMax":null,"Value":23288},{"Length":93,"Height":250,"Demand":1,"DemandMax":null,"Value":23250},{"Length":131,"Height":177,"Demand":1,"DemandMax":null,"Value":23187},{"Length":118,"Height":196,"Demand":1,"DemandMax":null,"Value":23128},{"Length":139,"Height":166,"Demand":1,"DemandMax":null,"Value":23074},{"Length":77,"Height":299,"Demand":1,"DemandMax":null,"Value":23023},{"Length":338,"Height":68,"Demand":1,"DemandMax":null,"Value":22984},{"Length":178,"Height":129,"Demand":1,"DemandMax":null,"Value":22962},{"Length":118,"Height":194,"Demand":1,"DemandMax":null,"Value":22892},{"Length":286,"Height":80,"Demand":1,"DemandMax":null,"Value":22880},{"Length":85,"Height":269,"Demand":1,"DemandMax":null,"Value":22865},{"Length":357,"Height":64,"Demand":1,"DemandMax":null,"Value":22848},{"Length":197,"Height":115,"Demand":1,"DemandMax":null,"Value":22655},{"Length":102,"Height":222,"Demand":1,"DemandMax":null,"Value":22644},{"Length":348,"Height":65,"Demand":1,"DemandMax":null,"Value":22620},{"Length":118,"Height":191,"Demand":1,"DemandMax":null,"Value":22538},{"Length":99,"Height":227,"Demand":1,"DemandMax":null,"Value":22473},{"Length":350,"Height":64,"Demand":1,"DemandMax":null,"Value":22400},{"Length":275,"Height":81,"Demand":1,"DemandMax":null,"Value":22275},{"Length":295,"Height":75,"Demand":1,"DemandMax":null,"Value":22125},{"Length":232,"Height":95,"Demand":1,"DemandMax":null,"Value":22040},{"Length":159,"Height":138,"Demand":1,"DemandMax":null,"Value":21942},{"Length":152,"Height":144,"Demand":1,"DemandMax":null,"Value":21888},{"Length":172,"Height":127,"Demand":1,"DemandMax":null,"Value":21844},{"Length":58,"Height":375,"Demand":1,"DemandMax":null,"Value":21750},{"Length":89,"Height":244,"Demand":1,"DemandMax":null,"Value":21716},{"Length":210,"Height":103,"Demand":1,"DemandMax":null,"Value":21630},{"Length":165,"Height":131,"Demand":1,"DemandMax":null,"Value":21615},{"Length":155,"Height":139,"Demand":1,"DemandMax":null,"Value":21545},{"Length":58,"Height":371,"Demand":1,"DemandMax":null,"Value":21518},{"Length":126,"Height":170,"Demand":1,"DemandMax":null,"Value":21420},{"Length":62,"Height":345,"Demand":1,"DemandMax":null,"Value":21390},{"Length":329,"Height":65,"Demand":1,"DemandMax":null,"Value":21385},{"Length":226,"Height":94,"Demand":1,"DemandMax":null,"Value":21244},{"Length":75,"Height":282,"Demand":1,"DemandMax":null,"Value":21150},{"Length":95,"Height":222,"Demand":1,"DemandMax":null,"Value":21090},{"Length":90,"Height":234,"Demand":1,"DemandMax":null,"Value":21060},{"Length":295,"Height":71,"Demand":1,"DemandMax":null,"Value":20945},{"Length":85,"Height":246,"Demand":1,"DemandMax":null,"Value":20910},{"Length":93,"Height":223,"Demand":1,"DemandMax":null,"Value":20739},{"Length":66,"Height":313,"Demand":1,"DemandMax":null,"Value":20658},{"Length":307,"Height":67,"Demand":1,"DemandMax":null,"Value":20569},{"Length":228,"Height":89,"Demand":1,"DemandMax":null,"Value":20292},{"Length":355,"Height":57,"Demand":1,"DemandMax":null,"Value":20235},{"Length":76,"Height":265,"Demand":1,"DemandMax":null,"Value":20140},{"Length":157,"Height":128,"Demand":1,"DemandMax":null,"Value":20096},{"Length":245,"Height":82,"Demand":1,"DemandMax":null,"Value":20090},{"Length":299,"Height":67,"Demand":1,"DemandMax":null,"Value":20033},{"Length":210,"Height":95,"Demand":1,"DemandMax":null,"Value":19950},{"Length":213,"Height":93,"Demand":1,"DemandMax":null,"Value":19809},{"Length":83,"Height":237,"Demand":1,"DemandMax":null,"Value":19671},{"Length":285,"Height":69,"Demand":1,"DemandMax":null,"Value":19665},{"Length":288,"Height":68,"Demand":1,"DemandMax":null,"Value":19584},{"Length":105,"Height":186,"Demand":1,"DemandMax":null,"Value":19530},{"Length":227,"Height":86,"Demand":1,"DemandMax":null,"Value":19522},{"Length":263,"Height":74,"Demand":1,"DemandMax":null,"Value":19462},{"Length":266,"Height":73,"Demand":1,"DemandMax":null,"Value":19418},{"Length":83,"Height":233,"Demand":1,"DemandMax":null,"Value":19339},{"Length":351,"Height":55,"Demand":1,"DemandMax":null,"Value":19305},{"Length":103,"Height":187,"Demand":1,"DemandMax":null,"Value":19261},{"Length":90,"Height":213,"Demand":1,"DemandMax":null,"Value":19170},{"Length":93,"Height":205,"Demand":1,"DemandMax":null,"Value":19065},{"Length":145,"Height":131,"Demand":1,"DemandMax":null,"Value":18995},{"Length":204,"Height":93,"Demand":1,"DemandMax":null,"Value":18972},{"Length":361,"Height":52,"Demand":1,"DemandMax":null,"Value":18772},{"Length":256,"Height":73,"Demand":1,"DemandMax":null,"Value":18688},{"Length":105,"Height":175,"Demand":1,"DemandMax":null,"Value":18375},{"Length":69,"Height":266,"Demand":1,"DemandMax":null,"Value":18354},{"Length":167,"Height":109,"Demand":1,"DemandMax":null,"Value":18203},{"Length":313,"Height":58,"Demand":1,"DemandMax":null,"Value":18154},{"Length":171,"Height":106,"Demand":1,"DemandMax":null,"Value":18126},{"Length":283,"Height":64,"Demand":1,"DemandMax":null,"Value":18112},{"Length":111,"Height":163,"Demand":1,"DemandMax":null,"Value":18093},{"Length":69,"Height":262,"Demand":1,"DemandMax":null,"Value":18078},{"Length":130,"Height":139,"Demand":1,"DemandMax":null,"Value":18070},{"Length":230,"Height":78,"Demand":1,"DemandMax":null,"Value":17940},{"Length":89,"Height":201,"Demand":1,"DemandMax":null,"Value":17889},{"Length":298,"Height":60,"Demand":1,"DemandMax":null,"Value":17880},{"Length":71,"Height":251,"Demand":1,"DemandMax":null,"Value":17821},{"Length":164,"Height":108,"Demand":1,"DemandMax":null,"Value":17712},{"Length":137,"Height":129,"Demand":1,"DemandMax":null,"Value":17673},{"Length":325,"Height":54,"Demand":1,"DemandMax":null,"Value":17550},{"Length":91,"Height":192,"Demand":1,"DemandMax":null,"Value":17472},{"Length":178,"Height":98,"Demand":1,"DemandMax":null,"Value":17444},{"Length":111,"Height":157,"Demand":1,"DemandMax":null,"Value":17427},{"Length":84,"Height":207,"Demand":1,"DemandMax":null,"Value":17388},{"Length":252,"Height":69,"Demand":1,"DemandMax":null,"Value":17388},{"Length":164,"Height":106,"Demand":1,"DemandMax":null,"Value":17384},{"Length":112,"Height":155,"Demand":1,"DemandMax":null,"Value":17360},{"Length":266,"Height":65,"Demand":1,"DemandMax":null,"Value":17290},{"Length":136,"Height":127,"Demand":1,"DemandMax":null,"Value":17272},{"Length":238,"Height":71,"Demand":1,"DemandMax":null,"Value":16898},{"Length":367,"Height":46,"Demand":1,"DemandMax":null,"Value":16882},{"Length":74,"Height":225,"Demand":1,"DemandMax":null,"Value":16650},{"Length":139,"Height":119,"Demand":1,"DemandMax":null,"Value":16541},{"Length":130,"Height":127,"Demand":1,"DemandMax":null,"Value":16510},{"Length":351,"Height":47,"Demand":1,"DemandMax":null,"Value":16497},{"Length":107,"Height":154,"Demand":1,"DemandMax":null,"Value":16478},{"Length":166,"Height":99,"Demand":1,"DemandMax":null,"Value":16434},{"Length":123,"Height":133,"Demand":1,"DemandMax":null,"Value":16359},{"Length":67,"Height":244,"Demand":1,"DemandMax":null,"Value":16348},{"Length":63,"Height":258,"Demand":1,"DemandMax":null,"Value":16254},{"Length":235,"Height":69,"Demand":1,"DemandMax":null,"Value":16215},{"Length":105,"Height":154,"Demand":1,"DemandMax":null,"Value":16170},{"Length":212,"Height":76,"Demand":1,"DemandMax":null,"Value":16112},{"Length":309,"Height":52,"Demand":1,"DemandMax":null,"Value":16068},{"Length":188,"Height":85,"Demand":1,"DemandMax":null,"Value":15980},{"Length":88,"Height":181,"Demand":1,"DemandMax":null,"Value":15928},{"Length":82,"Height":194,"Demand":1,"DemandMax":null,"Value":15908},{"Length":57,"Height":278,"Demand":1,"DemandMax":null,"Value":15846},{"Length":58,"Height":272,"Demand":1,"DemandMax":null,"Value":15776},{"Length":57,"Height":270,"Demand":1,"DemandMax":null,"Value":15390},{"Length":85,"Height":181,"Demand":1,"DemandMax":null,"Value":15385},{"Length":265,"Height":58,"Demand":1,"DemandMax":null,"Value":15370},{"Length":109,"Height":140,"Demand":1,"DemandMax":null,"Value":15260},{"Length":175,"Height":87,"Demand":1,"DemandMax":null,"Value":15225},{"Length":202,"Height":75,"Demand":1,"DemandMax":null,"Value":15150},{"Length":91,"Height":166,"Demand":1,"DemandMax":null,"Value":15106},{"Length":190,"Height":79,"Demand":1,"DemandMax":null,"Value":15010},{"Length":202,"Height":74,"Demand":1,"DemandMax":null,"Value":14948},{"Length":86,"Height":173,"Demand":1,"DemandMax":null,"Value":14878},{"Length":167,"Height":89,"Demand":1,"DemandMax":null,"Value":14863},{"Length":154,"Height":96,"Demand":1,"DemandMax":null,"Value":14784},{"Length":230,"Height":64,"Demand":1,"DemandMax":null,"Value":14720},{"Length":52,"Height":281,"Demand":1,"DemandMax":null,"Value":14612},{"Length":64,"Height":228,"Demand":1,"DemandMax":null,"Value":14592},{"Length":100,"Height":145,"Demand":1,"DemandMax":null,"Value":14500},{"Length":226,"Height":64,"Demand":1,"DemandMax":null,"Value":14464},{"Length":41,"Height":352,"Demand":1,"DemandMax":null,"Value":14432},{"Length":222,"Height":65,"Demand":1,"DemandMax":null,"Value":14430},{"Length":253,"Height":57,"Demand":1,"DemandMax":null,"Value":14421},{"Length":153,"Height":94,"Demand":1,"DemandMax":null,"Value":14382},{"Length":67,"Height":214,"Demand":1,"DemandMax":null,"Value":14338},{"Length":166,"Height":86,"Demand":1,"DemandMax":null,"Value":14276},{"Length":108,"Height":132,"Demand":1,"DemandMax":null,"Value":14256},{"Length":42,"Height":339,"Demand":1,"DemandMax":null,"Value":14238},{"Length":49,"Height":289,"Demand":1,"DemandMax":null,"Value":14161},{"Length":70,"Height":202,"Demand":1,"DemandMax":null,"Value":14140},{"Length":81,"Height":174,"Demand":1,"DemandMax":null,"Value":14094},{"Length":61,"Height":231,"Demand":1,"DemandMax":null,"Value":14091},{"Length":71,"Height":198,"Demand":1,"DemandMax":null,"Value":14058},{"Length":57,"Height":246,"Demand":1,"DemandMax":null,"Value":14022},{"Length":69,"Height":203,"Demand":1,"DemandMax":null,"Value":14007},{"Length":48,"Height":291,"Demand":1,"DemandMax":null,"Value":13968},{"Length":145,"Height":96,"Demand":1,"DemandMax":null,"Value":13920},{"Length":130,"Height":107,"Demand":1,"DemandMax":null,"Value":13910},{"Length":101,"Height":137,"Demand":1,"DemandMax":null,"Value":13837},{"Length":98,"Height":141,"Demand":1,"DemandMax":null,"Value":13818},{"Length":122,"Height":113,"Demand":1,"DemandMax":null,"Value":13786},{"Length":37,"Height":371,"Demand":1,"DemandMax":null,"Value":13727},{"Length":40,"Height":342,"Demand":1,"DemandMax":null,"Value":13680},{"Length":126,"Height":108,"Demand":1,"DemandMax":null,"Value":13608},{"Length":70,"Height":194,"Demand":1,"DemandMax":null,"Value":13580},{"Length":114,"Height":119,"Demand":1,"DemandMax":null,"Value":13566},{"Length":211,"Height":64,"Demand":1,"DemandMax":null,"Value":13504},{"Length":135,"Height":100,"Demand":1,"DemandMax":null,"Value":13500},{"Length":52,"Height":259,"Demand":1,"DemandMax":null,"Value":13468},{"Length":117,"Height":115,"Demand":1,"DemandMax":null,"Value":13455},{"Length":286,"Height":47,"Demand":1,"DemandMax":null,"Value":13442},{"Length":65,"Height":206,"Demand":1,"DemandMax":null,"Value":13390},{"Length":334,"Height":40,"Demand":1,"DemandMax":null,"Value":13360},{"Length":126,"Height":106,"Demand":1,"DemandMax":null,"Value":13356},{"Length":120,"Height":111,"Demand":1,"DemandMax":null,"Value":13320},{"Length":185,"Height":71,"Demand":1,"DemandMax":null,"Value":13135},{"Length":67,"Height":196,"Demand":1,"DemandMax":null,"Value":13132},{"Length":170,"Height":77,"Demand":1,"DemandMax":null,"Value":13090},{"Length":36,"Height":363,"Demand":1,"DemandMax":null,"Value":13068},{"Length":67,"Height":195,"Demand":1,"DemandMax":null,"Value":13065},{"Length":142,"Height":92,"Demand":1,"DemandMax":null,"Value":13064},{"Length":104,"Height":125,"Demand":1,"DemandMax":null,"Value":13000},{"Length":228,"Height":57,"Demand":1,"DemandMax":null,"Value":12996},{"Length":146,"Height":89,"Demand":1,"DemandMax":null,"Value":12994},{"Length":119,"Height":109,"Demand":1,"DemandMax":null,"Value":12971},{"Length":182,"Height":71,"Demand":1,"DemandMax":null,"Value":12922},{"Length":45,"Height":285,"Demand":1,"DemandMax":null,"Value":12825},{"Length":305,"Height":42,"Demand":1,"DemandMax":null,"Value":12810},{"Length":112,"Height":114,"Demand":1,"DemandMax":null,"Value":12768},{"Length":127,"Height":100,"Demand":1,"DemandMax":null,"Value":12700},{"Length":270,"Height":45,"Demand":1,"DemandMax":null,"Value":12150},{"Length":347,"Height":35,"Demand":1,"DemandMax":null,"Value":12145},{"Length":91,"Height":133,"Demand":1,"DemandMax":null,"Value":12103},{"Length":300,"Height":40,"Demand":1,"DemandMax":null,"Value":12000},{"Length":181,"Height":66,"Demand":1,"DemandMax":null,"Value":11946},{"Length":52,"Height":228,"Demand":1,"DemandMax":null,"Value":11856},{"Length":282,"Height":42,"Demand":1,"DemandMax":null,"Value":11844},{"Length":348,"Height":34,"Demand":1,"DemandMax":null,"Value":11832},{"Length":245,"Height":48,"Demand":1,"DemandMax":null,"Value":11760},{"Length":178,"Height":66,"Demand":1,"DemandMax":null,"Value":11748},{"Length":61,"Height":192,"Demand":1,"DemandMax":null,"Value":11712},{"Length":92,"Height":127,"Demand":1,"DemandMax":null,"Value":11684},{"Length":99,"Height":118,"Demand":1,"DemandMax":null,"Value":11682},{"Length":94,"Height":124,"Demand":1,"DemandMax":null,"Value":11656},{"Length":253,"Height":46,"Demand":1,"DemandMax":null,"Value":11638},{"Length":321,"Height":36,"Demand":1,"DemandMax":null,"Value":11556},{"Length":66,"Height":175,"Demand":1,"DemandMax":null,"Value":11550},{"Length":102,"Height":113,"Demand":1,"DemandMax":null,"Value":11526},{"Length":143,"Height":80,"Demand":1,"DemandMax":null,"Value":11440},{"Length":112,"Height":102,"Demand":1,"DemandMax":null,"Value":11424},{"Length":300,"Height":38,"Demand":1,"DemandMax":null,"Value":11400},{"Length":61,"Height":184,"Demand":1,"DemandMax":null,"Value":11224},{"Length":260,"Height":43,"Demand":1,"DemandMax":null,"Value":11180},{"Length":56,"Height":199,"Demand":1,"DemandMax":null,"Value":11144},{"Length":337,"Height":33,"Demand":1,"DemandMax":null,"Value":11121},{"Length":45,"Height":247,"Demand":1,"DemandMax":null,"Value":11115},{"Length":271,"Height":41,"Demand":1,"DemandMax":null,"Value":11111},{"Length":32,"Height":347,"Demand":1,"DemandMax":null,"Value":11104},{"Length":194,"Height":57,"Demand":1,"DemandMax":null,"Value":11058},{"Length":71,"Height":155,"Demand":1,"DemandMax":null,"Value":11005},{"Length":64,"Height":171,"Demand":1,"DemandMax":null,"Value":10944},{"Length":127,"Height":86,"Demand":1,"DemandMax":null,"Value":10922},{"Length":185,"Height":59,"Demand":1,"DemandMax":null,"Value":10915},{"Length":44,"Height":246,"Demand":1,"DemandMax":null,"Value":10824},{"Length":130,"Height":83,"Demand":1,"DemandMax":null,"Value":10790},{"Length":45,"Height":239,"Demand":1,"DemandMax":null,"Value":10755},{"Length":90,"Height":119,"Demand":1,"DemandMax":null,"Value":10710},{"Length":56,"Height":191,"Demand":1,"DemandMax":null,"Value":10696},{"Length":44,"Height":243,"Demand":1,"DemandMax":null,"Value":10692},{"Length":187,"Height":57,"Demand":1,"DemandMax":null,"Value":10659},{"Length":154,"Height":69,"Demand":1,"DemandMax":null,"Value":10626},{"Length":171,"Height":61,"Demand":1,"DemandMax":null,"Value":10431},{"Length":186,"Height":56,"Demand":1,"DemandMax":null,"Value":10416},{"Length":207,"Height":50,"Demand":1,"DemandMax":null,"Value":10350},{"Length":123,"Height":84,"Demand":1,"DemandMax":null,"Value":10332},{"Length":117,"Height":88,"Demand":1,"DemandMax":null,"Value":10296},{"Length":147,"Height":70,"Demand":1,"DemandMax":null,"Value":10290},{"Length":122,"Height":84,"Demand":1,"DemandMax":null,"Value":10248},{"Length":40,"Height":256,"Demand":1,"DemandMax":null,"Value":10240},{"Length":232,"Height":44,"Demand":1,"DemandMax":null,"Value":10208},{"Length":216,"Height":47,"Demand":1,"DemandMax":null,"Value":10152},{"Length":350,"Height":29,"Demand":1,"DemandMax":null,"Value":10150},{"Length":130,"Height":78,"Demand":1,"DemandMax":null,"Value":10140},{"Length":34,"Height":298,"Demand":1,"DemandMax":null,"Value":10132},{"Length":48,"Height":210,"Demand":1,"DemandMax":null,"Value":10080},{"Length":57,"Height":176,"Demand":1,"DemandMax":null,"Value":10032},{"Length":50,"Height":199,"Demand":1,"DemandMax":null,"Value":9950},{"Length":43,"Height":231,"Demand":1,"DemandMax":null,"Value":9933},{"Length":27,"Height":362,"Demand":1,"DemandMax":null,"Value":9774},{"Length":93,"Height":105,"Demand":1,"DemandMax":null,"Value":9765},{"Length":84,"Height":116,"Demand":1,"DemandMax":null,"Value":9744},{"Length":95,"Height":102,"Demand":1,"DemandMax":null,"Value":9690},{"Length":42,"Height":230,"Demand":1,"DemandMax":null,"Value":9660},{"Length":369,"Height":26,"Demand":1,"DemandMax":null,"Value":9594},{"Length":48,"Height":196,"Demand":1,"DemandMax":null,"Value":9408},{"Length":102,"Height":92,"Demand":1,"DemandMax":null,"Value":9384},{"Length":117,"Height":80,"Demand":1,"DemandMax":null,"Value":9360},{"Length":156,"Height":60,"Demand":1,"DemandMax":null,"Value":9360},{"Length":299,"Height":31,"Demand":1,"DemandMax":null,"Value":9269},{"Length":293,"Height":31,"Demand":1,"DemandMax":null,"Value":9083},{"Length":63,"Height":144,"Demand":1,"DemandMax":null,"Value":9072},{"Length":133,"Height":67,"Demand":1,"DemandMax":null,"Value":8911},{"Length":45,"Height":198,"Demand":1,"DemandMax":null,"Value":8910},{"Length":356,"Height":25,"Demand":1,"DemandMax":null,"Value":8900},{"Length":234,"Height":38,"Demand":1,"DemandMax":null,"Value":8892},{"Length":123,"Height":72,"Demand":1,"DemandMax":null,"Value":8856},{"Length":34,"Height":259,"Demand":1,"DemandMax":null,"Value":8806},{"Length":314,"Height":28,"Demand":1,"DemandMax":null,"Value":8792},{"Length":151,"Height":58,"Demand":1,"DemandMax":null,"Value":8758},{"Length":148,"Height":59,"Demand":1,"DemandMax":null,"Value":8732},{"Length":322,"Height":27,"Demand":1,"DemandMax":null,"Value":8694},{"Length":82,"Height":105,"Demand":1,"DemandMax":null,"Value":8610},{"Length":191,"Height":45,"Demand":1,"DemandMax":null,"Value":8595},{"Length":112,"Height":75,"Demand":1,"DemandMax":null,"Value":8400},{"Length":56,"Height":150,"Demand":1,"DemandMax":null,"Value":8400},{"Length":311,"Height":27,"Demand":1,"DemandMax":null,"Value":8397},{"Length":189,"Height":44,"Demand":1,"DemandMax":null,"Value":8316},{"Length":217,"Height":38,"Demand":1,"DemandMax":null,"Value":8246},{"Length":242,"Height":34,"Demand":1,"DemandMax":null,"Value":8228},{"Length":238,"Height":34,"Demand":1,"DemandMax":null,"Value":8092},{"Length":112,"Height":72,"Demand":1,"DemandMax":null,"Value":8064},{"Length":230,"Height":35,"Demand":1,"DemandMax":null,"Value":8050},{"Length":322,"Height":25,"Demand":1,"DemandMax":null,"Value":8050},{"Length":257,"Height":31,"Demand":1,"DemandMax":null,"Value":7967},{"Length":147,"Height":54,"Demand":1,"DemandMax":null,"Value":7938},{"Length":272,"Height":29,"Demand":1,"DemandMax":null,"Value":7888},{"Length":37,"Height":213,"Demand":1,"DemandMax":null,"Value":7881},{"Length":71,"Height":110,"Demand":1,"DemandMax":null,"Value":7810},{"Length":244,"Height":32,"Demand":1,"DemandMax":null,"Value":7808},{"Length":128,"Height":61,"Demand":1,"DemandMax":null,"Value":7808},{"Length":108,"Height":72,"Demand":1,"DemandMax":null,"Value":7776},{"Length":45,"Height":172,"Demand":1,"DemandMax":null,"Value":7740},{"Length":56,"Height":138,"Demand":1,"DemandMax":null,"Value":7728},{"Length":225,"Height":34,"Demand":1,"DemandMax":null,"Value":7650},{"Length":28,"Height":272,"Demand":1,"DemandMax":null,"Value":7616},{"Length":65,"Height":117,"Demand":1,"DemandMax":null,"Value":7605},{"Length":279,"Height":27,"Demand":1,"DemandMax":null,"Value":7533},{"Length":106,"Height":71,"Demand":1,"DemandMax":null,"Value":7526},{"Length":209,"Height":36,"Demand":1,"DemandMax":null,"Value":7524},{"Length":112,"Height":67,"Demand":1,"DemandMax":null,"Value":7504},{"Length":51,"Height":147,"Demand":1,"DemandMax":null,"Value":7497},{"Length":90,"Height":83,"Demand":1,"DemandMax":null,"Value":7470},{"Length":176,"Height":42,"Demand":1,"DemandMax":null,"Value":7392},{"Length":29,"Height":253,"Demand":1,"DemandMax":null,"Value":7337},{"Length":141,"Height":51,"Demand":1,"DemandMax":null,"Value":7191},{"Length":34,"Height":211,"Demand":1,"DemandMax":null,"Value":7174},{"Length":35,"Height":202,"Demand":1,"DemandMax":null,"Value":7070},{"Length":173,"Height":40,"Demand":1,"DemandMax":null,"Value":6920},{"Length":33,"Height":209,"Demand":1,"DemandMax":null,"Value":6897},{"Length":162,"Height":42,"Demand":1,"DemandMax":null,"Value":6804},{"Length":174,"Height":39,"Demand":1,"DemandMax":null,"Value":6786},{"Length":106,"Height":64,"Demand":1,"DemandMax":null,"Value":6784},{"Length":71,"Height":95,"Demand":1,"DemandMax":null,"Value":6745},{"Length":223,"Height":30,"Demand":1,"DemandMax":null,"Value":6690},{"Length":222,"Height":30,"Demand":1,"DemandMax":null,"Value":6660},{"Length":97,"Height":68,"Demand":1,"DemandMax":null,"Value":6596},{"Length":30,"Height":218,"Demand":1,"DemandMax":null,"Value":6540},{"Length":223,"Height":29,"Demand":1,"DemandMax":null,"Value":6467},{"Length":140,"Height":46,"Demand":1,"DemandMax":null,"Value":6440},{"Length":160,"Height":40,"Demand":1,"DemandMax":null,"Value":6400},{"Length":50,"Height":127,"Demand":1,"DemandMax":null,"Value":6350},{"Length":133,"Height":47,"Demand":1,"DemandMax":null,"Value":6251},{"Length":195,"Height":32,"Demand":1,"DemandMax":null,"Value":6240},{"Length":215,"Height":29,"Demand":1,"DemandMax":null,"Value":6235},{"Length":54,"Height":115,"Demand":1,"DemandMax":null,"Value":6210},{"Length":174,"Height":35,"Demand":1,"DemandMax":null,"Value":6090},{"Length":49,"Height":124,"Demand":1,"DemandMax":null,"Value":6076},{"Length":148,"Height":41,"Demand":1,"DemandMax":null,"Value":6068},{"Length":53,"Height":113,"Demand":1,"DemandMax":null,"Value":5989},{"Length":83,"Height":72,"Demand":1,"DemandMax":null,"Value":5976},{"Length":198,"Height":30,"Demand":1,"DemandMax":null,"Value":5940},{"Length":61,"Height":94,"Demand":1,"DemandMax":null,"Value":5734},{"Length":28,"Height":204,"Demand":1,"DemandMax":null,"Value":5712},{"Length":91,"Height":62,"Demand":1,"DemandMax":null,"Value":5642},{"Length":70,"Height":80,"Demand":1,"DemandMax":null,"Value":5600},{"Length":115,"Height":48,"Demand":1,"DemandMax":null,"Value":5520},{"Length":41,"Height":134,"Demand":1,"DemandMax":null,"Value":5494},{"Length":183,"Height":30,"Demand":1,"DemandMax":null,"Value":5490},{"Length":165,"Height":33,"Demand":1,"DemandMax":null,"Value":5445},{"Length":33,"Height":163,"Demand":1,"DemandMax":null,"Value":5379},{"Length":41,"Height":129,"Demand":1,"DemandMax":null,"Value":5289},{"Length":155,"Height":34,"Demand":1,"DemandMax":null,"Value":5270},{"Length":65,"Height":81,"Demand":1,"DemandMax":null,"Value":5265},{"Length":141,"Height":37,"Demand":1,"DemandMax":null,"Value":5217},{"Length":40,"Height":129,"Demand":1,"DemandMax":null,"Value":5160},{"Length":32,"Height":161,"Demand":1,"DemandMax":null,"Value":5152},{"Length":25,"Height":206,"Demand":1,"DemandMax":null,"Value":5150},{"Length":35,"Height":147,"Demand":1,"DemandMax":null,"Value":5145},{"Length":69,"Height":72,"Demand":1,"DemandMax":null,"Value":4968},{"Length":98,"Height":50,"Demand":1,"DemandMax":null,"Value":4900},{"Length":61,"Height":79,"Demand":1,"DemandMax":null,"Value":4819},{"Length":75,"Height":63,"Demand":1,"DemandMax":null,"Value":4725},{"Length":96,"Height":49,"Demand":1,"DemandMax":null,"Value":4704},{"Length":136,"Height":34,"Demand":1,"DemandMax":null,"Value":4624},{"Length":104,"Height":44,"Demand":1,"DemandMax":null,"Value":4576},{"Length":40,"Height":114,"Demand":1,"DemandMax":null,"Value":4560},{"Length":159,"Height":28,"Demand":1,"DemandMax":null,"Value":4452},{"Length":138,"Height":32,"Demand":1,"DemandMax":null,"Value":4416},{"Length":108,"Height":40,"Demand":1,"DemandMax":null,"Value":4320},{"Length":27,"Height":157,"Demand":1,"DemandMax":null,"Value":4239},{"Length":67,"Height":62,"Demand":1,"DemandMax":null,"Value":4154},{"Length":157,"Height":26,"Demand":1,"DemandMax":null,"Value":4082},{"Length":37,"Height":107,"Demand":1,"DemandMax":null,"Value":3959},{"Length":97,"Height":40,"Demand":1,"DemandMax":null,"Value":3880},{"Length":42,"Height":92,"Demand":1,"DemandMax":null,"Value":3864},{"Length":110,"Height":35,"Demand":1,"DemandMax":null,"Value":3850},{"Length":103,"Height":37,"Demand":1,"DemandMax":null,"Value":3811},{"Length":130,"Height":29,"Demand":1,"DemandMax":null,"Value":3770},{"Length":28,"Height":133,"Demand":1,"DemandMax":null,"Value":3724},{"Length":39,"Height":94,"Demand":1,"DemandMax":null,"Value":3666},{"Length":58,"Height":63,"Demand":1,"DemandMax":null,"Value":3654},{"Length":104,"Height":33,"Demand":1,"DemandMax":null,"Value":3432},{"Length":34,"Height":96,"Demand":1,"DemandMax":null,"Value":3264},{"Length":27,"Height":119,"Demand":1,"DemandMax":null,"Value":3213},{"Length":41,"Height":77,"Demand":1,"DemandMax":null,"Value":3157},{"Length":56,"Height":54,"Demand":1,"DemandMax":null,"Value":3024},{"Length":59,"Height":49,"Demand":1,"DemandMax":null,"Value":2891},{"Length":62,"Height":45,"Demand":1,"DemandMax":null,"Value":2790},{"Length":26,"Height":106,"Demand":1,"DemandMax":null,"Value":2756},{"Length":53,"Height":51,"Demand":1,"DemandMax":null,"Value":2703},{"Length":35,"Height":77,"Demand":1,"DemandMax":null,"Value":2695},{"Length":59,"Height":45,"Demand":1,"DemandMax":null,"Value":2655},{"Length":74,"Height":30,"Demand":1,"DemandMax":null,"Value":2220},{"Length":50,"Height":44,"Demand":1,"DemandMax":null,"Value":2200},{"Length":63,"Height":32,"Demand":1,"DemandMax":null,"Value":2016},{"Length":28,"Height":71,"Demand":1,"DemandMax":null,"Value":1988},{"Length":26,"Height":74,"Demand":1,"DemandMax":null,"Value":1924},{"Length":32,"Height":55,"Demand":1,"DemandMax":null,"Value":1760},{"Length":44,"Height":39,"Demand":1,"DemandMax":null,"Value":1716},{"Length":57,"Height":30,"Demand":1,"DemandMax":null,"Value":1710},{"Length":42,"Height":36,"Demand":1,"DemandMax":null,"Value":1512},{"Length":56,"Height":25,"Demand":1,"DemandMax":null,"Value":1400},{"Length":34,"Height":28,"Demand":1,"DemandMax":null,"Value":952}]}