{"Name":"AH360","Objects":[{"Length":1000,"Height":2305,"Stock":null,"Cost":2305000}],"Items":[{"Length":88,"Height":90,"Demand":1,"DemandMax":null,"Value":7920},{"Length":89,"Height":87,"Demand":1,"DemandMax":null,"Value":7743},{"Length":86,"Height":89,"Demand":1,"DemandMax":null,"Value":7654},{"Length":85,"Height":90,"Demand":1,"DemandMax":null,"Value":7650},{"Length":87,"Height":87,"Demand":1,"DemandMax":null,"Value":7569},{"Length":85,"Height":89,"Demand":1,"DemandMax":null,"Value":7565},{"Length":90,"Height":84,"Demand":1,"DemandMax":null,"Value":7560},{"Length":86,"Height":87,"Demand":1,"DemandMax":null,"Value":7482},{"Length":90,"Height":83,"Demand":1,"DemandMax":null,"Value":7470},{"Length":83,"Height":89,"Demand":1,"DemandMax":null,"Value":7387},{"Length":88,"Height":83,"Demand":1,"DemandMax":null,"Value":7304},{"Length":90,"Height":81,"Demand":1,"DemandMax":null,"Value":7290},{"Length":82,"Height":88,"Demand":1,"DemandMax":null,"Value":7216},{"Length":83,"Height":86,"Demand":1,"DemandMax":null,"Value":7138},{"Length":81,"Height":88,"Demand":1,"DemandMax":null,"Value":7128},{"Length":85,"Height":83,"Demand":1,"DemandMax":null,"Value":7055},{"Length":82,"Height":84,"Demand":1,"DemandMax":null,"Value":6888},{"Length":88,"Height":78,"Demand":1,"DemandMax":null,"Value":6864},{"Length":76,"Height":90,"Demand":1,"DemandMax":null,"Value":6840},{"Length":83,"Height":82,"Demand":1,"DemandMax":null,"Value":6806},{"Length":81,"Height":84,"Demand":1,"DemandMax":null,"Value":6804},{"Length":88,"Height":77,"Demand":1,"DemandMax":null,"Value":6776},{"Length":90,"Height":75,"Demand":1,"DemandMax":null,"Value":6750},{"Length":85,"Height":79,"Demand":1,"DemandMax":null,"Value":6715},{"Length":78,"Height":85,"Demand":1,"DemandMax":null,"Value":6630},{"Length":77,"Height":86,"Demand":1,"DemandMax":null,"Value":6622},{"Length":76,"Height":87,"Demand":1,"DemandMax":null,"Value":6612},{"Length":85,"Height":77,"Demand":1,"DemandMax":null,"Value":6545},{"Length":76,"Height":86,"Demand":1,"DemandMax":null,"Value":6536},{"Length":75,"Height":87,"Demand":1,"DemandMax":null,"Value":6525},{"Length":74,"Height":88,"Demand":1,"DemandMax":null,"Value":6512},{"Length":82,"Height":79,"Demand":1,"DemandMax":null,"Value":6478},{"Length":78,"Height":83,"Demand":1,"DemandMax":null,"Value":6474},{"Length":78,"Height":82,"Demand":1,"DemandMax":null,"Value":6396},{"Length":83,"Height":76,"Demand":1,"DemandMax":null,"Value":6308},{"Length":82,"Height":76,"Demand":1,"DemandMax":null,"Value":6232},{"Length":83,"Height":75,"Demand":1,"DemandMax":null,"Value":6225},{"Length":71,"Height":87,"Demand":1,"DemandMax":null,"Value":6177},{"Length":70,"Height":88,"Demand":1,"DemandMax":null,"Value":6160},{"Length":82,"Height":75,"Demand":1,"DemandMax":null,"Value":6150},{"Length":69,"Height":89,"Demand":1,"DemandMax":null,"Value":6141},{"Length":90,"Height":68,"Demand":1,"DemandMax":null,"Value":6120},{"Length":78,"Height":78,"Demand":1,"DemandMax":null,"Value":6084},{"Length":79,"Height":77,"Demand":1,"DemandMax":null,"Value":6083},{"Length":81,"Height":75,"Demand":1,"DemandMax":null,"Value":6075},{"Length":77,"Height":78,"Demand":1,"DemandMax":null,"Value":6006},{"Length":69,"Height":87,"Demand":1,"DemandMax":null,"Value":6003},{"Length":88,"Height":68,"Demand":1,"DemandMax":null,"Value":5984},{"Length":83,"Height":72,"Demand":1,"DemandMax":null,"Value":5976},{"Length":84,"Height":71,"Demand":1,"DemandMax":null,"Value":5964},{"Length":72,"Height":82,"Demand":1,"DemandMax":null,"Value":5904},{"Length":68,"Height":86,"Demand":1,"DemandMax":null,"Value":5848},{"Length":73,"Height":80,"Demand":1,"DemandMax":null,"Value":5840},{"Length":72,"Height":81,"Demand":1,"DemandMax":null,"Value":5832},{"Length":67,"Height":87,"Demand":1,"DemandMax":null,"Value":5829},{"Length":75,"Height":77,"Demand":1,"DemandMax":null,"Value":5775},{"Length":79,"Height":73,"Demand":1,"DemandMax":null,"Value":5767},{"Length":80,"Height":72,"Demand":1,"DemandMax":null,"Value":5760},{"Length":81,"Height":71,"Demand":1,"DemandMax":null,"Value":5751},{"Length":79,"Height":72,"Demand":1,"DemandMax":null,"Value":5688},{"Length":81,"Height":70,"Demand":1,"DemandMax":null,"Value":5670},{"Length":83,"Height":68,"Demand":1,"DemandMax":null,"Value":5644},{"Length":84,"Height":67,"Demand":1,"DemandMax":null,"Value":5628},{"Length":70,"Height":80,"Demand":1,"DemandMax":null,"Value":5600},{"Length":65,"Height":86,"Demand":1,"DemandMax":null,"Value":5590},{"Length":62,"Height":90,"Demand":1,"DemandMax":null,"Value":5580},{"Length":82,"Height":68,"Demand":1,"DemandMax":null,"Value":5576},{"Length":85,"Height":65,"Demand":1,"DemandMax":null,"Value":5525},{"Length":69,"Height":80,"Demand":1,"DemandMax":null,"Value":5520},{"Length":89,"Height":62,"Demand":1,"DemandMax":null,"Value":5518},{"Length":67,"Height":82,"Demand":1,"DemandMax":null,"Value":5494},{"Length":90,"Height":61,"Demand":1,"DemandMax":null,"Value":5490},{"Length":83,"Height":66,"Demand":1,"DemandMax":null,"Value":5478},{"Length":72,"Height":76,"Demand":1,"DemandMax":null,"Value":5472},{"Length":71,"Height":77,"Demand":1,"DemandMax":null,"Value":5467},{"Length":64,"Height":85,"Demand":1,"DemandMax":null,"Value":5440},{"Length":89,"Height":61,"Demand":1,"DemandMax":null,"Value":5429},{"Length":60,"Height":90,"Demand":1,"DemandMax":null,"Value":5400},{"Length":79,"Height":68,"Demand":1,"DemandMax":null,"Value":5372},{"Length":67,"Height":80,"Demand":1,"DemandMax":null,"Value":5360},{"Length":81,"Height":66,"Demand":1,"DemandMax":null,"Value":5346},{"Length":86,"Height":62,"Demand":1,"DemandMax":null,"Value":5332},{"Length":65,"Height":82,"Demand":1,"DemandMax":null,"Value":5330},{"Length":73,"Height":73,"Demand":1,"DemandMax":null,"Value":5329},{"Length":67,"Height":79,"Demand":1,"DemandMax":null,"Value":5293},{"Length":60,"Height":88,"Demand":1,"DemandMax":null,"Value":5280},{"Length":72,"Height":73,"Demand":1,"DemandMax":null,"Value":5256},{"Length":64,"Height":82,"Demand":1,"DemandMax":null,"Value":5248},{"Length":83,"Height":63,"Demand":1,"DemandMax":null,"Value":5229},{"Length":78,"Height":67,"Demand":1,"DemandMax":null,"Value":5226},{"Length":80,"Height":65,"Demand":1,"DemandMax":null,"Value":5200},{"Length":85,"Height":61,"Demand":1,"DemandMax":null,"Value":5185},{"Length":87,"Height":59,"Demand":1,"DemandMax":null,"Value":5133},{"Length":84,"Height":61,"Demand":1,"DemandMax":null,"Value":5124},{"Length":64,"Height":80,"Demand":1,"DemandMax":null,"Value":5120},{"Length":63,"Height":81,"Demand":1,"DemandMax":null,"Value":5103},{"Length":86,"Height":59,"Demand":1,"DemandMax":null,"Value":5074},{"Length":65,"Height":78,"Demand":1,"DemandMax":null,"Value":5070},{"Length":56,"Height":90,"Demand":1,"DemandMax":null,"Value":5040},{"Length":76,"Height":66,"Demand":1,"DemandMax":null,"Value":5016},{"Length":85,"Height":58,"Demand":1,"DemandMax":null,"Value":4930},{"Length":77,"Height":64,"Demand":1,"DemandMax":null,"Value":4928},{"Length":86,"Height":57,"Demand":1,"DemandMax":null,"Value":4902},{"Length":55,"Height":89,"Demand":1,"DemandMax":null,"Value":4895},{"Length":65,"Height":75,"Demand":1,"DemandMax":null,"Value":4875},{"Length":56,"Height":87,"Demand":1,"DemandMax":null,"Value":4872},{"Length":64,"Height":76,"Demand":1,"DemandMax":null,"Value":4864},{"Length":56,"Height":86,"Demand":1,"DemandMax":null,"Value":4816},{"Length":60,"Height":80,"Demand":1,"DemandMax":null,"Value":4800},{"Length":55,"Height":87,"Demand":1,"DemandMax":null,"Value":4785},{"Length":77,"Height":62,"Demand":1,"DemandMax":null,"Value":4774},{"Length":58,"Height":82,"Demand":1,"DemandMax":null,"Value":4756},{"Length":60,"Height":79,"Demand":1,"DemandMax":null,"Value":4740},{"Length":64,"Height":74,"Demand":1,"DemandMax":null,"Value":4736},{"Length":57,"Height":83,"Demand":1,"DemandMax":null,"Value":4731},{"Length":75,"Height":63,"Demand":1,"DemandMax":null,"Value":4725},{"Length":80,"Height":59,"Demand":1,"DemandMax":null,"Value":4720},{"Length":89,"Height":53,"Demand":1,"DemandMax":null,"Value":4717},{"Length":70,"Height":67,"Demand":1,"DemandMax":null,"Value":4690},{"Length":64,"Height":73,"Demand":1,"DemandMax":null,"Value":4672},{"Length":80,"Height":58,"Demand":1,"DemandMax":null,"Value":4640},{"Length":65,"Height":71,"Demand":1,"DemandMax":null,"Value":4615},{"Length":82,"Height":56,"Demand":1,"DemandMax":null,"Value":4592},{"Length":51,"Height":90,"Demand":1,"DemandMax":null,"Value":4590},{"Length":55,"Height":83,"Demand":1,"DemandMax":null,"Value":4565},{"Length":76,"Height":60,"Demand":1,"DemandMax":null,"Value":4560},{"Length":64,"Height":71,"Demand":1,"DemandMax":null,"Value":4544},{"Length":87,"Height":52,"Demand":1,"DemandMax":null,"Value":4524},{"Length":51,"Height":88,"Demand":1,"DemandMax":null,"Value":4488},{"Length":59,"Height":76,"Demand":1,"DemandMax":null,"Value":4484},{"Length":63,"Height":71,"Demand":1,"DemandMax":null,"Value":4473},{"Length":58,"Height":77,"Demand":1,"DemandMax":null,"Value":4466},{"Length":81,"Height":55,"Demand":1,"DemandMax":null,"Value":4455},{"Length":57,"Height":78,"Demand":1,"DemandMax":null,"Value":4446},{"Length":87,"Height":51,"Demand":1,"DemandMax":null,"Value":4437},{"Length":79,"Height":56,"Demand":1,"DemandMax":null,"Value":4424},{"Length":68,"Height":65,"Demand":1,"DemandMax":null,"Value":4420},{"Length":62,"Height":71,"Demand":1,"DemandMax":null,"Value":4402},{"Length":50,"Height":88,"Demand":1,"DemandMax":null,"Value":4400},{"Length":51,"Height":86,"Demand":1,"DemandMax":null,"Value":4386},{"Length":54,"Height":81,"Demand":1,"DemandMax":null,"Value":4374},{"Length":89,"Height":49,"Demand":1,"DemandMax":null,"Value":4361},{"Length":66,"Height":66,"Demand":1,"DemandMax":null,"Value":4356},{"Length":65,"Height":67,"Demand":1,"DemandMax":null,"Value":4355},{"Length":87,"Height":50,"Demand":1,"DemandMax":null,"Value":4350},{"Length":62,"Height":70,"Demand":1,"DemandMax":null,"Value":4340},{"Length":85,"Height":51,"Demand":1,"DemandMax":null,"Value":4335},{"Length":61,"Height":71,"Demand":1,"DemandMax":null,"Value":4331},{"Length":80,"Height":54,"Demand":1,"DemandMax":null,"Value":4320},{"Length":52,"Height":83,"Demand":1,"DemandMax":null,"Value":4316},{"Length":56,"Height":77,"Demand":1,"DemandMax":null,"Value":4312},{"Length":73,"Height":59,"Demand":1,"DemandMax":null,"Value":4307},{"Length":68,"Height":63,"Demand":1,"DemandMax":null,"Value":4284},{"Length":62,"Height":69,"Demand":1,"DemandMax":null,"Value":4278},{"Length":48,"Height":89,"Demand":1,"DemandMax":null,"Value":4272},{"Length":55,"Height":77,"Demand":1,"DemandMax":null,"Value":4235},{"Length":51,"Height":83,"Demand":1,"DemandMax":null,"Value":4233},{"Length":50,"Height":84,"Demand":1,"DemandMax":null,"Value":4200},{"Length":53,"Height":79,"Demand":1,"DemandMax":null,"Value":4187},{"Length":82,"Height":51,"Demand":1,"DemandMax":null,"Value":4182},{"Length":76,"Height":55,"Demand":1,"DemandMax":null,"Value":4180},{"Length":63,"Height":66,"Demand":1,"DemandMax":null,"Value":4158},{"Length":56,"Height":74,"Demand":1,"DemandMax":null,"Value":4144},{"Length":47,"Height":88,"Demand":1,"DemandMax":null,"Value":4136},{"Length":53,"Height":78,"Demand":1,"DemandMax":null,"Value":4134},{"Length":59,"Height":70,"Demand":1,"DemandMax":null,"Value":4130},{"Length":75,"Height":55,"Demand":1,"DemandMax":null,"Value":4125},{"Length":72,"Height":57,"Demand":1,"DemandMax":null,"Value":4104},{"Length":82,"Height":50,"Demand":1,"DemandMax":null,"Value":4100},{"Length":65,"Height":63,"Demand":1,"DemandMax":null,"Value":4095},{"Length":89,"Height":46,"Demand":1,"DemandMax":null,"Value":4094},{"Length":85,"Height":48,"Demand":1,"DemandMax":null,"Value":4080},{"Length":49,"Height":83,"Demand":1,"DemandMax":null,"Value":4067},{"Length":58,"Height":70,"Demand":1,"DemandMax":null,"Value":4060},{"Length":72,"Height":56,"Demand":1,"DemandMax":null,"Value":4032},{"Length":63,"Height":64,"Demand":1,"DemandMax":null,"Value":4032},{"Length":62,"Height":65,"Demand":1,"DemandMax":null,"Value":4030},{"Length":51,"Height":79,"Demand":1,"DemandMax":null,"Value":4029},{"Length":53,"Height":76,"Demand":1,"DemandMax":null,"Value":4028},{"Length":55,"Height":73,"Demand":1,"DemandMax":null,"Value":4015},{"Length":59,"Height":68,"Demand":1,"DemandMax":null,"Value":4012},{"Length":69,"Height":58,"Demand":1,"DemandMax":null,"Value":4002},{"Length":87,"Height":46,"Demand":1,"DemandMax":null,"Value":4002},{"Length":83,"Height":48,"Demand":1,"DemandMax":null,"Value":3984},{"Length":49,"Height":81,"Demand":1,"DemandMax":null,"Value":3969},{"Length":59,"Height":67,"Demand":1,"DemandMax":null,"Value":3953},{"Length":76,"Height":52,"Demand":1,"DemandMax":null,"Value":3952},{"Length":79,"Height":50,"Demand":1,"DemandMax":null,"Value":3950},{"Length":47,"Height":84,"Demand":1,"DemandMax":null,"Value":3948},{"Length":68,"Height":58,"Demand":1,"DemandMax":null,"Value":3944},{"Length":69,"Height":57,"Demand":1,"DemandMax":null,"Value":3933},{"Length":53,"Height":74,"Demand":1,"DemandMax":null,"Value":3922},{"Length":70,"Height":56,"Demand":1,"DemandMax":null,"Value":3920},{"Length":71,"Height":55,"Demand":1,"DemandMax":null,"Value":3905},{"Length":50,"Height":78,"Demand":1,"DemandMax":null,"Value":3900},{"Length":54,"Height":72,"Demand":1,"DemandMax":null,"Value":3888},{"Length":48,"Height":81,"Demand":1,"DemandMax":null,"Value":3888},{"Length":57,"Height":68,"Demand":1,"DemandMax":null,"Value":3876},{"Length":43,"Height":90,"Demand":1,"DemandMax":null,"Value":3870},{"Length":73,"Height":53,"Demand":1,"DemandMax":null,"Value":3869},{"Length":61,"Height":63,"Demand":1,"DemandMax":null,"Value":3843},{"Length":85,"Height":45,"Demand":1,"DemandMax":null,"Value":3825},{"Length":51,"Height":75,"Demand":1,"DemandMax":null,"Value":3825},{"Length":67,"Height":57,"Demand":1,"DemandMax":null,"Value":3819},{"Length":83,"Height":46,"Demand":1,"DemandMax":null,"Value":3818},{"Length":53,"Height":72,"Demand":1,"DemandMax":null,"Value":3816},{"Length":76,"Height":50,"Demand":1,"DemandMax":null,"Value":3800},{"Length":79,"Height":48,"Demand":1,"DemandMax":null,"Value":3792},{"Length":61,"Height":62,"Demand":1,"DemandMax":null,"Value":3782},{"Length":90,"Height":42,"Demand":1,"DemandMax":null,"Value":3780},{"Length":54,"Height":70,"Demand":1,"DemandMax":null,"Value":3780},{"Length":82,"Height":46,"Demand":1,"DemandMax":null,"Value":3772},{"Length":58,"Height":65,"Demand":1,"DemandMax":null,"Value":3770},{"Length":57,"Height":66,"Demand":1,"DemandMax":null,"Value":3762},{"Length":80,"Height":47,"Demand":1,"DemandMax":null,"Value":3760},{"Length":78,"Height":48,"Demand":1,"DemandMax":null,"Value":3744},{"Length":87,"Height":43,"Demand":1,"DemandMax":null,"Value":3741},{"Length":45,"Height":83,"Demand":1,"DemandMax":null,"Value":3735},{"Length":47,"Height":79,"Demand":1,"DemandMax":null,"Value":3713},{"Length":58,"Height":64,"Demand":1,"DemandMax":null,"Value":3712},{"Length":53,"Height":70,"Demand":1,"DemandMax":null,"Value":3710},{"Length":43,"Height":86,"Demand":1,"DemandMax":null,"Value":3698},{"Length":88,"Height":42,"Demand":1,"DemandMax":null,"Value":3696},{"Length":41,"Height":90,"Demand":1,"DemandMax":null,"Value":3690},{"Length":42,"Height":87,"Demand":1,"DemandMax":null,"Value":3654},{"Length":64,"Height":57,"Demand":1,"DemandMax":null,"Value":3648},{"Length":81,"Height":45,"Demand":1,"DemandMax":null,"Value":3645},{"Length":70,"Height":52,"Demand":1,"DemandMax":null,"Value":3640},{"Length":46,"Height":79,"Demand":1,"DemandMax":null,"Value":3634},{"Length":66,"Height":55,"Demand":1,"DemandMax":null,"Value":3630},{"Length":49,"Height":74,"Demand":1,"DemandMax":null,"Value":3626},{"Length":67,"Height":54,"Demand":1,"DemandMax":null,"Value":3618},{"Length":43,"Height":84,"Demand":1,"DemandMax":null,"Value":3612},{"Length":44,"Height":82,"Demand":1,"DemandMax":null,"Value":3608},{"Length":41,"Height":88,"Demand":1,"DemandMax":null,"Value":3608},{"Length":63,"Height":57,"Demand":1,"DemandMax":null,"Value":3591},{"Length":64,"Height":56,"Demand":1,"DemandMax":null,"Value":3584},{"Length":49,"Height":73,"Demand":1,"DemandMax":null,"Value":3577},{"Length":83,"Height":43,"Demand":1,"DemandMax":null,"Value":3569},{"Length":40,"Height":89,"Demand":1,"DemandMax":null,"Value":3560},{"Length":57,"Height":62,"Demand":1,"DemandMax":null,"Value":3534},{"Length":49,"Height":72,"Demand":1,"DemandMax":null,"Value":3528},{"Length":43,"Height":82,"Demand":1,"DemandMax":null,"Value":3526},{"Length":44,"Height":80,"Demand":1,"DemandMax":null,"Value":3520},{"Length":64,"Height":55,"Demand":1,"DemandMax":null,"Value":3520},{"Length":69,"Height":51,"Demand":1,"DemandMax":null,"Value":3519},{"Length":48,"Height":73,"Demand":1,"DemandMax":null,"Value":3504},{"Length":70,"Height":50,"Demand":1,"DemandMax":null,"Value":3500},{"Length":41,"Height":85,"Demand":1,"DemandMax":null,"Value":3485},{"Length":43,"Height":81,"Demand":1,"DemandMax":null,"Value":3483},{"Length":59,"Height":59,"Demand":1,"DemandMax":null,"Value":3481},{"Length":60,"Height":58,"Demand":1,"DemandMax":null,"Value":3480},{"Length":49,"Height":71,"Demand":1,"DemandMax":null,"Value":3479},{"Length":68,"Height":51,"Demand":1,"DemandMax":null,"Value":3468},{"Length":77,"Height":45,"Demand":1,"DemandMax":null,"Value":3465},{"Length":39,"Height":88,"Demand":1,"DemandMax":null,"Value":3432},{"Length":45,"Height":76,"Demand":1,"DemandMax":null,"Value":3420},{"Length":71,"Height":48,"Demand":1,"DemandMax":null,"Value":3408},{"Length":44,"Height":77,"Demand":1,"DemandMax":null,"Value":3388},{"Length":72,"Height":47,"Demand":1,"DemandMax":null,"Value":3384},{"Length":69,"Height":49,"Demand":1,"DemandMax":null,"Value":3381},{"Length":61,"Height":55,"Demand":1,"DemandMax":null,"Value":3355},{"Length":49,"Height":68,"Demand":1,"DemandMax":null,"Value":3332},{"Length":42,"Height":79,"Demand":1,"DemandMax":null,"Value":3318},{"Length":66,"Height":50,"Demand":1,"DemandMax":null,"Value":3300},{"Length":89,"Height":37,"Demand":1,"DemandMax":null,"Value":3293},{"Length":41,"Height":80,"Demand":1,"DemandMax":null,"Value":3280},{"Length":71,"Height":46,"Demand":1,"DemandMax":null,"Value":3266},{"Length":69,"Height":47,"Demand":1,"DemandMax":null,"Value":3243},{"Length":79,"Height":41,"Demand":1,"DemandMax":null,"Value":3239},{"Length":66,"Height":49,"Demand":1,"DemandMax":null,"Value":3234},{"Length":85,"Height":38,"Demand":1,"DemandMax":null,"Value":3230},{"Length":37,"Height":87,"Demand":1,"DemandMax":null,"Value":3219},{"Length":63,"Height":51,"Demand":1,"DemandMax":null,"Value":3213},{"Length":44,"Height":73,"Demand":1,"DemandMax":null,"Value":3212},{"Length":39,"Height":82,"Demand":1,"DemandMax":null,"Value":3198},{"Length":56,"Height":57,"Demand":1,"DemandMax":null,"Value":3192},{"Length":61,"Height":52,"Demand":1,"DemandMax":null,"Value":3172},{"Length":88,"Height":36,"Demand":1,"DemandMax":null,"Value":3168},{"Length":50,"Height":63,"Demand":1,"DemandMax":null,"Value":3150},{"Length":67,"Height":47,"Demand":1,"DemandMax":null,"Value":3149},{"Length":60,"Height":52,"Demand":1,"DemandMax":null,"Value":3120},{"Length":41,"Height":76,"Demand":1,"DemandMax":null,"Value":3116},{"Length":36,"Height":86,"Demand":1,"DemandMax":null,"Value":3096},{"Length":44,"Height":70,"Demand":1,"DemandMax":null,"Value":3080},{"Length":37,"Height":83,"Demand":1,"DemandMax":null,"Value":3071},{"Length":42,"Height":73,"Demand":1,"DemandMax":null,"Value":3066},{"Length":85,"Height":36,"Demand":1,"DemandMax":null,"Value":3060},{"Length":65,"Height":47,"Demand":1,"DemandMax":null,"Value":3055},{"Length":69,"Height":44,"Demand":1,"DemandMax":null,"Value":3036},{"Length":37,"Height":82,"Demand":1,"DemandMax":null,"Value":3034},{"Length":84,"Height":36,"Demand":1,"DemandMax":null,"Value":3024},{"Length":70,"Height":43,"Demand":1,"DemandMax":null,"Value":3010},{"Length":46,"Height":65,"Demand":1,"DemandMax":null,"Value":2990},{"Length":49,"Height":61,"Demand":1,"DemandMax":null,"Value":2989},{"Length":33,"Height":90,"Demand":1,"DemandMax":null,"Value":2970},{"Length":66,"Height":45,"Demand":1,"DemandMax":null,"Value":2970},{"Length":37,"Height":80,"Demand":1,"DemandMax":null,"Value":2960},{"Length":48,"Height":61,"Demand":1,"DemandMax":null,"Value":2928},{"Length":40,"Height":73,"Demand":1,"DemandMax":null,"Value":2920},{"Length":81,"Height":36,"Demand":1,"DemandMax":null,"Value":2916},{"Length":53,"Height":55,"Demand":1,"DemandMax":null,"Value":2915},{"Length":52,"Height":56,"Demand":1,"DemandMax":null,"Value":2912},{"Length":78,"Height":37,"Demand":1,"DemandMax":null,"Value":2886},{"Length":43,"Height":67,"Demand":1,"DemandMax":null,"Value":2881},{"Length":45,"Height":64,"Demand":1,"DemandMax":null,"Value":2880},{"Length":90,"Height":32,"Demand":1,"DemandMax":null,"Value":2880},{"Length":80,"Height":36,"Demand":1,"DemandMax":null,"Value":2880},{"Length":33,"Height":87,"Demand":1,"DemandMax":null,"Value":2871},{"Length":61,"Height":47,"Demand":1,"DemandMax":null,"Value":2867},{"Length":55,"Height":52,"Demand":1,"DemandMax":null,"Value":2860},{"Length":68,"Height":42,"Demand":1,"DemandMax":null,"Value":2856},{"Length":34,"Height":84,"Demand":1,"DemandMax":null,"Value":2856},{"Length":75,"Height":38,"Demand":1,"DemandMax":null,"Value":2850},{"Length":73,"Height":39,"Demand":1,"DemandMax":null,"Value":2847},{"Length":58,"Height":49,"Demand":1,"DemandMax":null,"Value":2842},{"Length":43,"Height":66,"Demand":1,"DemandMax":null,"Value":2838},{"Length":35,"Height":81,"Demand":1,"DemandMax":null,"Value":2835},{"Length":60,"Height":47,"Demand":1,"DemandMax":null,"Value":2820},{"Length":74,"Height":38,"Demand":1,"DemandMax":null,"Value":2812},{"Length":78,"Height":36,"Demand":1,"DemandMax":null,"Value":2808},{"Length":61,"Height":46,"Demand":1,"DemandMax":null,"Value":2806},{"Length":51,"Height":55,"Demand":1,"DemandMax":null,"Value":2805},{"Length":43,"Height":65,"Demand":1,"DemandMax":null,"Value":2795},{"Length":57,"Height":49,"Demand":1,"DemandMax":null,"Value":2793},{"Length":62,"Height":45,"Demand":1,"DemandMax":null,"Value":2790},{"Length":68,"Height":41,"Demand":1,"DemandMax":null,"Value":2788},{"Length":32,"Height":87,"Demand":1,"DemandMax":null,"Value":2784},{"Length":37,"Height":75,"Demand":1,"DemandMax":null,"Value":2775},{"Length":79,"Height":35,"Demand":1,"DemandMax":null,"Value":2765},{"Length":60,"Height":46,"Demand":1,"DemandMax":null,"Value":2760},{"Length":69,"Height":40,"Demand":1,"DemandMax":null,"Value":2760},{"Length":64,"Height":43,"Demand":1,"DemandMax":null,"Value":2752},{"Length":45,"Height":61,"Demand":1,"DemandMax":null,"Value":2745},{"Length":74,"Height":37,"Demand":1,"DemandMax":null,"Value":2738},{"Length":82,"Height":33,"Demand":1,"DemandMax":null,"Value":2706},{"Length":71,"Height":38,"Demand":1,"DemandMax":null,"Value":2698},{"Length":77,"Height":35,"Demand":1,"DemandMax":null,"Value":2695},{"Length":48,"Height":56,"Demand":1,"DemandMax":null,"Value":2688},{"Length":84,"Height":32,"Demand":1,"DemandMax":null,"Value":2688},{"Length":79,"Height":34,"Demand":1,"DemandMax":null,"Value":2686},{"Length":61,"Height":44,"Demand":1,"DemandMax":null,"Value":2684},{"Length":40,"Height":67,"Demand":1,"DemandMax":null,"Value":2680},{"Length":46,"Height":58,"Demand":1,"DemandMax":null,"Value":2668},{"Length":62,"Height":43,"Demand":1,"DemandMax":null,"Value":2666},{"Length":68,"Height":39,"Demand":1,"DemandMax":null,"Value":2652},{"Length":50,"Height":53,"Demand":1,"DemandMax":null,"Value":2650},{"Length":60,"Height":44,"Demand":1,"DemandMax":null,"Value":2640},{"Length":47,"Height":56,"Demand":1,"DemandMax":null,"Value":2632},{"Length":35,"Height":75,"Demand":1,"DemandMax":null,"Value":2625},{"Length":77,"Height":34,"Demand":1,"DemandMax":null,"Value":2618},{"Length":79,"Height":33,"Demand":1,"DemandMax":null,"Value":2607},{"Length":40,"Height":65,"Demand":1,"DemandMax":null,"Value":2600},{"Length":49,"Height":53,"Demand":1,"DemandMax":null,"Value":2597},{"Length":81,"Height":32,"Demand":1,"DemandMax":null,"Value":2592},{"Length":35,"Height":74,"Demand":1,"DemandMax":null,"Value":2590},{"Length":55,"Height":47,"Demand":1,"DemandMax":null,"Value":2585},{"Length":43,"Height":60,"Demand":1,"DemandMax":null,"Value":2580},{"Length":78,"Height":33,"Demand":1,"DemandMax":null,"Value":2574},{"Length":57,"Height":45,"Demand":1,"DemandMax":null,"Value":2565},{"Length":42,"Height":61,"Demand":1,"DemandMax":null,"Value":2562},{"Length":80,"Height":32,"Demand":1,"DemandMax":null,"Value":2560},{"Length":73,"Height":35,"Demand":1,"DemandMax":null,"Value":2555},{"Length":44,"Height":58,"Demand":1,"DemandMax":null,"Value":2552},{"Length":75,"Height":34,"Demand":1,"DemandMax":null,"Value":2550},{"Length":48,"Height":53,"Demand":1,"DemandMax":null,"Value":2544},{"Length":32,"Height":79,"Demand":1,"DemandMax":null,"Value":2528},{"Length":87,"Height":29,"Demand":1,"DemandMax":null,"Value":2523},{"Length":45,"Height":56,"Demand":1,"DemandMax":null,"Value":2520},{"Length":35,"Height":72,"Demand":1,"DemandMax":null,"Value":2520},{"Length":31,"Height":81,"Demand":1,"DemandMax":null,"Value":2511},{"Length":57,"Height":44,"Demand":1,"DemandMax":null,"Value":2508},{"Length":33,"Height":76,"Demand":1,"DemandMax":null,"Value":2508},{"Length":78,"Height":32,"Demand":1,"DemandMax":null,"Value":2496},{"Length":58,"Height":43,"Demand":1,"DemandMax":null,"Value":2494},{"Length":35,"Height":71,"Demand":1,"DemandMax":null,"Value":2485},{"Length":36,"Height":69,"Demand":1,"DemandMax":null,"Value":2484},{"Length":40,"Height":62,"Demand":1,"DemandMax":null,"Value":2480},{"Length":37,"Height":67,"Demand":1,"DemandMax":null,"Value":2479},{"Length":38,"Height":65,"Demand":1,"DemandMax":null,"Value":2470},{"Length":44,"Height":56,"Demand":1,"DemandMax":null,"Value":2464},{"Length":30,"Height":82,"Demand":1,"DemandMax":null,"Value":2460},{"Length":60,"Height":41,"Demand":1,"DemandMax":null,"Value":2460},{"Length":31,"Height":79,"Demand":1,"DemandMax":null,"Value":2449},{"Length":37,"Height":66,"Demand":1,"DemandMax":null,"Value":2442},{"Length":46,"Height":53,"Demand":1,"DemandMax":null,"Value":2438},{"Length":32,"Height":76,"Demand":1,"DemandMax":null,"Value":2432},{"Length":81,"Height":30,"Demand":1,"DemandMax":null,"Value":2430},{"Length":33,"Height":73,"Demand":1,"DemandMax":null,"Value":2409},{"Length":86,"Height":28,"Demand":1,"DemandMax":null,"Value":2408},{"Length":60,"Height":40,"Demand":1,"DemandMax":null,"Value":2400},{"Length":82,"Height":29,"Demand":1,"DemandMax":null,"Value":2378},{"Length":74,"Height":32,"Demand":1,"DemandMax":null,"Value":2368},{"Length":62,"Height":38,"Demand":1,"DemandMax":null,"Value":2356},{"Length":84,"Height":28,"Demand":1,"DemandMax":null,"Value":2352},{"Length":47,"Height":50,"Demand":1,"DemandMax":null,"Value":2350},{"Length":34,"Height":69,"Demand":1,"DemandMax":null,"Value":2346},{"Length":32,"Height":73,"Demand":1,"DemandMax":null,"Value":2336},{"Length":40,"Height":58,"Demand":1,"DemandMax":null,"Value":2320},{"Length":26,"Height":89,"Demand":1,"DemandMax":null,"Value":2314},{"Length":68,"Height":34,"Demand":1,"DemandMax":null,"Value":2312},{"Length":77,"Height":30,"Demand":1,"DemandMax":null,"Value":2310},{"Length":35,"Height":66,"Demand":1,"DemandMax":null,"Value":2310},{"Length":55,"Height":42,"Demand":1,"DemandMax":null,"Value":2310},{"Length":49,"Height":47,"Demand":1,"DemandMax":null,"Value":2303},{"Length":62,"Height":37,"Demand":1,"DemandMax":null,"Value":2294},{"Length":44,"Height":52,"Demand":1,"DemandMax":null,"Value":2288},{"Length":73,"Height":31,"Demand":1,"DemandMax":null,"Value":2263},{"Length":87,"Height":26,"Demand":1,"DemandMax":null,"Value":2262},{"Length":55,"Height":41,"Demand":1,"DemandMax":null,"Value":2255},{"Length":46,"Height":49,"Demand":1,"DemandMax":null,"Value":2254},{"Length":50,"Height":45,"Demand":1,"DemandMax":null,"Value":2250},{"Length":34,"Height":66,"Demand":1,"DemandMax":null,"Value":2244},{"Length":38,"Height":59,"Demand":1,"DemandMax":null,"Value":2242},{"Length":29,"Height":77,"Demand":1,"DemandMax":null,"Value":2233},{"Length":36,"Height":62,"Demand":1,"DemandMax":null,"Value":2232},{"Length":30,"Height":74,"Demand":1,"DemandMax":null,"Value":2220},{"Length":37,"Height":60,"Demand":1,"DemandMax":null,"Value":2220},{"Length":67,"Height":33,"Demand":1,"DemandMax":null,"Value":2211},{"Length":34,"Height":65,"Demand":1,"DemandMax":null,"Value":2210},{"Length":38,"Height":58,"Demand":1,"DemandMax":null,"Value":2204},{"Length":29,"Height":76,"Demand":1,"DemandMax":null,"Value":2204},{"Length":26,"Height":84,"Demand":1,"DemandMax":null,"Value":2184},{"Length":56,"Height":39,"Demand":1,"DemandMax":null,"Value":2184},{"Length":34,"Height":64,"Demand":1,"DemandMax":null,"Value":2176},{"Length":72,"Height":30,"Demand":1,"DemandMax":null,"Value":2160},{"Length":90,"Height":24,"Demand":1,"DemandMax":null,"Value":2160},{"Length":54,"Height":40,"Demand":1,"DemandMax":null,"Value":2160},{"Length":28,"Height":77,"Demand":1,"DemandMax":null,"Value":2156},{"Length":29,"Height":74,"Demand":1,"DemandMax":null,"Value":2146},{"Length":51,"Height":42,"Demand":1,"DemandMax":null,"Value":2142},{"Length":63,"Height":34,"Demand":1,"DemandMax":null,"Value":2142},{"Length":82,"Height":26,"Demand":1,"DemandMax":null,"Value":2132},{"Length":38,"Height":56,"Demand":1,"DemandMax":null,"Value":2128},{"Length":85,"Height":25,"Demand":1,"DemandMax":null,"Value":2125},{"Length":59,"Height":36,"Demand":1,"DemandMax":null,"Value":2124},{"Length":29,"Height":73,"Demand":1,"DemandMax":null,"Value":2117},{"Length":45,"Height":47,"Demand":1,"DemandMax":null,"Value":2115},{"Length":32,"Height":66,"Demand":1,"DemandMax":null,"Value":2112},{"Length":24,"Height":88,"Demand":1,"DemandMax":null,"Value":2112},{"Length":68,"Height":31,"Demand":1,"DemandMax":null,"Value":2108},{"Length":27,"Height":78,"Demand":1,"DemandMax":null,"Value":2106},{"Length":50,"Height":42,"Demand":1,"DemandMax":null,"Value":2100},{"Length":72,"Height":29,"Demand":1,"DemandMax":null,"Value":2088},{"Length":40,"Height":52,"Demand":1,"DemandMax":null,"Value":2080},{"Length":32,"Height":65,"Demand":1,"DemandMax":null,"Value":2080},{"Length":63,"Height":33,"Demand":1,"DemandMax":null,"Value":2079},{"Length":31,"Height":67,"Demand":1,"DemandMax":null,"Value":2077},{"Length":25,"Height":83,"Demand":1,"DemandMax":null,"Value":2075},{"Length":34,"Height":61,"Demand":1,"DemandMax":null,"Value":2074},{"Length":74,"Height":28,"Demand":1,"DemandMax":null,"Value":2072},{"Length":44,"Height":47,"Demand":1,"DemandMax":null,"Value":2068},{"Length":31,"Height":66,"Demand":1,"DemandMax":null,"Value":2046},{"Length":28,"Height":73,"Demand":1,"DemandMax":null,"Value":2044},{"Length":58,"Height":35,"Demand":1,"DemandMax":null,"Value":2030},{"Length":81,"Height":25,"Demand":1,"DemandMax":null,"Value":2025},{"Length":75,"Height":27,"Demand":1,"DemandMax":null,"Value":2025},{"Length":47,"Height":43,"Demand":1,"DemandMax":null,"Value":2021},{"Length":38,"Height":53,"Demand":1,"DemandMax":null,"Value":2014},{"Length":28,"Height":71,"Demand":1,"DemandMax":null,"Value":1988},{"Length":33,"Height":60,"Demand":1,"DemandMax":null,"Value":1980},{"Length":47,"Height":42,"Demand":1,"DemandMax":null,"Value":1974},{"Length":73,"Height":27,"Demand":1,"DemandMax":null,"Value":1971},{"Length":28,"Height":70,"Demand":1,"DemandMax":null,"Value":1960},{"Length":22,"Height":89,"Demand":1,"DemandMax":null,"Value":1958},{"Length":33,"Height":59,"Demand":1,"DemandMax":null,"Value":1947},{"Length":36,"Height":54,"Demand":1,"DemandMax":null,"Value":1944},{"Length":72,"Height":27,"Demand":1,"DemandMax":null,"Value":1944},{"Length":46,"Height":42,"Demand":1,"DemandMax":null,"Value":1932},{"Length":41,"Height":47,"Demand":1,"DemandMax":null,"Value":1927},{"Length":74,"Height":26,"Demand":1,"DemandMax":null,"Value":1924},{"Length":24,"Height":80,"Demand":1,"DemandMax":null,"Value":1920},{"Length":32,"Height":60,"Demand":1,"DemandMax":null,"Value":1920},{"Length":27,"Height":71,"Demand":1,"DemandMax":null,"Value":1917},{"Length":66,"Height":29,"Demand":1,"DemandMax":null,"Value":1914},{"Length":87,"Height":22,"Demand":1,"DemandMax":null,"Value":1914},{"Length":58,"Height":33,"Demand":1,"DemandMax":null,"Value":1914},{"Length":68,"Height":28,"Demand":1,"DemandMax":null,"Value":1904},{"Length":79,"Height":24,"Demand":1,"DemandMax":null,"Value":1896},{"Length":30,"Height":63,"Demand":1,"DemandMax":null,"Value":1890},{"Length":82,"Height":23,"Demand":1,"DemandMax":null,"Value":1886},{"Length":33,"Height":57,"Demand":1,"DemandMax":null,"Value":1881},{"Length":47,"Height":40,"Demand":1,"DemandMax":null,"Value":1880},{"Length":38,"Height":49,"Demand":1,"DemandMax":null,"Value":1862},{"Length":62,"Height":30,"Demand":1,"DemandMax":null,"Value":1860},{"Length":31,"Height":60,"Demand":1,"DemandMax":null,"Value":1860},{"Length":58,"Height":32,"Demand":1,"DemandMax":null,"Value":1856},{"Length":35,"Height":53,"Demand":1,"DemandMax":null,"Value":1855},{"Length":66,"Height":28,"Demand":1,"DemandMax":null,"Value":1848},{"Length":61,"Height":30,"Demand":1,"DemandMax":null,"Value":1830},{"Length":87,"Height":21,"Demand":1,"DemandMax":null,"Value":1827},{"Length":25,"Height":73,"Demand":1,"DemandMax":null,"Value":1825},{"Length":65,"Height":28,"Demand":1,"DemandMax":null,"Value":1820},{"Length":67,"Height":27,"Demand":1,"DemandMax":null,"Value":1809},{"Length":53,"Height":34,"Demand":1,"DemandMax":null,"Value":1802},{"Length":45,"Height":40,"Demand":1,"DemandMax":null,"Value":1800},{"Length":30,"Height":60,"Demand":1,"DemandMax":null,"Value":1800},{"Length":23,"Height":78,"Demand":1,"DemandMax":null,"Value":1794},{"Length":37,"Height":48,"Demand":1,"DemandMax":null,"Value":1776},{"Length":25,"Height":71,"Demand":1,"DemandMax":null,"Value":1775},{"Length":30,"Height":59,"Demand":1,"DemandMax":null,"Value":1770},{"Length":52,"Height":34,"Demand":1,"DemandMax":null,"Value":1768},{"Length":26,"Height":68,"Demand":1,"DemandMax":null,"Value":1768},{"Length":49,"Height":36,"Demand":1,"DemandMax":null,"Value":1764},{"Length":32,"Height":55,"Demand":1,"DemandMax":null,"Value":1760},{"Length":25,"Height":70,"Demand":1,"DemandMax":null,"Value":1750},{"Length":50,"Height":35,"Demand":1,"DemandMax":null,"Value":1750},{"Length":46,"Height":38,"Demand":1,"DemandMax":null,"Value":1748},{"Length":83,"Height":21,"Demand":1,"DemandMax":null,"Value":1743},{"Length":58,"Height":30,"Demand":1,"DemandMax":null,"Value":1740},{"Length":22,"Height":79,"Demand":1,"DemandMax":null,"Value":1738},{"Length":56,"Height":31,"Demand":1,"DemandMax":null,"Value":1736},{"Length":28,"Height":62,"Demand":1,"DemandMax":null,"Value":1736},{"Length":48,"Height":36,"Demand":1,"DemandMax":null,"Value":1728},{"Length":23,"Height":75,"Demand":1,"DemandMax":null,"Value":1725},{"Length":82,"Height":21,"Demand":1,"DemandMax":null,"Value":1722},{"Length":43,"Height":40,"Demand":1,"DemandMax":null,"Value":1720},{"Length":39,"Height":44,"Demand":1,"DemandMax":null,"Value":1716},{"Length":22,"Height":78,"Demand":1,"DemandMax":null,"Value":1716},{"Length":49,"Height":35,"Demand":1,"DemandMax":null,"Value":1715},{"Length":59,"Height":29,"Demand":1,"DemandMax":null,"Value":1711},{"Length":55,"Height":31,"Demand":1,"DemandMax":null,"Value":1705},{"Length":89,"Height":19,"Demand":1,"DemandMax":null,"Value":1691},{"Length":42,"Height":40,"Demand":1,"DemandMax":null,"Value":1680},{"Length":60,"Height":28,"Demand":1,"DemandMax":null,"Value":1680},{"Length":30,"Height":56,"Demand":1,"DemandMax":null,"Value":1680},{"Length":39,"Height":43,"Demand":1,"DemandMax":null,"Value":1677},{"Length":54,"Height":31,"Demand":1,"DemandMax":null,"Value":1674},{"Length":52,"Height":32,"Demand":1,"DemandMax":null,"Value":1664},{"Length":24,"Height":69,"Demand":1,"DemandMax":null,"Value":1656},{"Length":36,"Height":46,"Demand":1,"DemandMax":null,"Value":1656},{"Length":19,"Height":87,"Demand":1,"DemandMax":null,"Value":1653},{"Length":82,"Height":20,"Demand":1,"DemandMax":null,"Value":1640},{"Length":26,"Height":63,"Demand":1,"DemandMax":null,"Value":1638},{"Length":19,"Height":86,"Demand":1,"DemandMax":null,"Value":1634},{"Length":20,"Height":81,"Demand":1,"DemandMax":null,"Value":1620},{"Length":77,"Height":21,"Demand":1,"DemandMax":null,"Value":1617},{"Length":19,"Height":85,"Demand":1,"DemandMax":null,"Value":1615},{"Length":62,"Height":26,"Demand":1,"DemandMax":null,"Value":1612},{"Length":46,"Height":35,"Demand":1,"DemandMax":null,"Value":1610},{"Length":70,"Height":23,"Demand":1,"DemandMax":null,"Value":1610},{"Length":22,"Height":73,"Demand":1,"DemandMax":null,"Value":1606},{"Length":50,"Height":32,"Demand":1,"DemandMax":null,"Value":1600},{"Length":34,"Height":47,"Demand":1,"DemandMax":null,"Value":1598},{"Length":76,"Height":21,"Demand":1,"DemandMax":null,"Value":1596},{"Length":43,"Height":37,"Demand":1,"DemandMax":null,"Value":1591},{"Length":53,"Height":30,"Demand":1,"DemandMax":null,"Value":1590},{"Length":44,"Height":36,"Demand":1,"DemandMax":null,"Value":1584},{"Length":66,"Height":24,"Demand":1,"DemandMax":null,"Value":1584},{"Length":20,"Height":79,"Demand":1,"DemandMax":null,"Value":1580},{"Length":45,"Height":35,"Demand":1,"DemandMax":null,"Value":1575},{"Length":32,"Height":49,"Demand":1,"DemandMax":null,"Value":1568},{"Length":58,"Height":27,"Demand":1,"DemandMax":null,"Value":1566},{"Length":20,"Height":78,"Demand":1,"DemandMax":null,"Value":1560},{"Length":60,"Height":26,"Demand":1,"DemandMax":null,"Value":1560},{"Length":30,"Height":52,"Demand":1,"DemandMax":null,"Value":1560},{"Length":40,"Height":39,"Demand":1,"DemandMax":null,"Value":1560},{"Length":82,"Height":19,"Demand":1,"DemandMax":null,"Value":1558},{"Length":21,"Height":74,"Demand":1,"DemandMax":null,"Value":1554},{"Length":47,"Height":33,"Demand":1,"DemandMax":null,"Value":1551},{"Length":62,"Height":25,"Demand":1,"DemandMax":null,"Value":1550},{"Length":36,"Height":43,"Demand":1,"DemandMax":null,"Value":1548},{"Length":35,"Height":44,"Demand":1,"DemandMax":null,"Value":1540},{"Length":27,"Height":57,"Demand":1,"DemandMax":null,"Value":1539},{"Length":45,"Height":34,"Demand":1,"DemandMax":null,"Value":1530},{"Length":25,"Height":61,"Demand":1,"DemandMax":null,"Value":1525},{"Length":20,"Height":76,"Demand":1,"DemandMax":null,"Value":1520},{"Length":38,"Height":40,"Demand":1,"DemandMax":null,"Value":1520},{"Length":80,"Height":19,"Demand":1,"DemandMax":null,"Value":1520},{"Length":31,"Height":49,"Demand":1,"DemandMax":null,"Value":1519},{"Length":46,"Height":33,"Demand":1,"DemandMax":null,"Value":1518},{"Length":89,"Height":17,"Demand":1,"DemandMax":null,"Value":1513},{"Length":36,"Height":42,"Demand":1,"DemandMax":null,"Value":1512},{"Length":72,"Height":21,"Demand":1,"DemandMax":null,"Value":1512},{"Length":54,"Height":28,"Demand":1,"DemandMax":null,"Value":1512},{"Length":60,"Height":25,"Demand":1,"DemandMax":null,"Value":1500},{"Length":30,"Height":50,"Demand":1,"DemandMax":null,"Value":1500},{"Length":34,"Height":44,"Demand":1,"DemandMax":null,"Value":1496},{"Length":53,"Height":28,"Demand":1,"DemandMax":null,"Value":1484},{"Length":38,"Height":39,"Demand":1,"DemandMax":null,"Value":1482},{"Length":57,"Height":26,"Demand":1,"DemandMax":null,"Value":1482},{"Length":36,"Height":41,"Demand":1,"DemandMax":null,"Value":1476},{"Length":67,"Height":22,"Demand":1,"DemandMax":null,"Value":1474},{"Length":18,"Height":81,"Demand":1,"DemandMax":null,"Value":1458},{"Length":54,"Height":27,"Demand":1,"DemandMax":null,"Value":1458},{"Length":52,"Height":28,"Demand":1,"DemandMax":null,"Value":1456},{"Length":58,"Height":25,"Demand":1,"DemandMax":null,"Value":1450},{"Length":29,"Height":50,"Demand":1,"DemandMax":null,"Value":1450},{"Length":37,"Height":39,"Demand":1,"DemandMax":null,"Value":1443},{"Length":18,"Height":80,"Demand":1,"DemandMax":null,"Value":1440},{"Length":35,"Height":41,"Demand":1,"DemandMax":null,"Value":1435},{"Length":26,"Height":55,"Demand":1,"DemandMax":null,"Value":1430},{"Length":31,"Height":46,"Demand":1,"DemandMax":null,"Value":1426},{"Length":43,"Height":33,"Demand":1,"DemandMax":null,"Value":1419},{"Length":83,"Height":17,"Demand":1,"DemandMax":null,"Value":1411},{"Length":67,"Height":21,"Demand":1,"DemandMax":null,"Value":1407},{"Length":20,"Height":70,"Demand":1,"DemandMax":null,"Value":1400},{"Length":87,"Height":16,"Demand":1,"DemandMax":null,"Value":1392},{"Length":66,"Height":21,"Demand":1,"DemandMax":null,"Value":1386},{"Length":37,"Height":37,"Demand":1,"DemandMax":null,"Value":1369},{"Length":36,"Height":38,"Demand":1,"DemandMax":null,"Value":1368},{"Length":62,"Height":22,"Demand":1,"DemandMax":null,"Value":1364},{"Length":20,"Height":68,"Demand":1,"DemandMax":null,"Value":1360},{"Length":59,"Height":23,"Demand":1,"DemandMax":null,"Value":1357},{"Length":41,"Height":33,"Demand":1,"DemandMax":null,"Value":1353},{"Length":75,"Height":18,"Demand":1,"DemandMax":null,"Value":1350},{"Length":50,"Height":27,"Demand":1,"DemandMax":null,"Value":1350},{"Length":48,"Height":28,"Demand":1,"DemandMax":null,"Value":1344},{"Length":24,"Height":56,"Demand":1,"DemandMax":null,"Value":1344},{"Length":61,"Height":22,"Demand":1,"DemandMax":null,"Value":1342},{"Length":46,"Height":29,"Demand":1,"DemandMax":null,"Value":1334},{"Length":74,"Height":18,"Demand":1,"DemandMax":null,"Value":1332},{"Length":25,"Height":53,"Demand":1,"DemandMax":null,"Value":1325},{"Length":49,"Height":27,"Demand":1,"DemandMax":null,"Value":1323},{"Length":88,"Height":15,"Demand":1,"DemandMax":null,"Value":1320},{"Length":30,"Height":44,"Demand":1,"DemandMax":null,"Value":1320},{"Length":24,"Height":55,"Demand":1,"DemandMax":null,"Value":1320},{"Length":19,"Height":69,"Demand":1,"DemandMax":null,"Value":1311},{"Length":29,"Height":45,"Demand":1,"DemandMax":null,"Value":1305},{"Length":62,"Height":21,"Demand":1,"DemandMax":null,"Value":1302},{"Length":52,"Height":25,"Demand":1,"DemandMax":null,"Value":1300},{"Length":27,"Height":48,"Demand":1,"DemandMax":null,"Value":1296},{"Length":35,"Height":37,"Demand":1,"DemandMax":null,"Value":1295},{"Length":43,"Height":30,"Demand":1,"DemandMax":null,"Value":1290},{"Length":15,"Height":86,"Demand":1,"DemandMax":null,"Value":1290},{"Length":80,"Height":16,"Demand":1,"DemandMax":null,"Value":1280},{"Length":32,"Height":40,"Demand":1,"DemandMax":null,"Value":1280},{"Length":29,"Height":44,"Demand":1,"DemandMax":null,"Value":1276},{"Length":75,"Height":17,"Demand":1,"DemandMax":null,"Value":1275},{"Length":49,"Height":26,"Demand":1,"DemandMax":null,"Value":1274},{"Length":55,"Height":23,"Demand":1,"DemandMax":null,"Value":1265},{"Length":16,"Height":79,"Demand":1,"DemandMax":null,"Value":1264},{"Length":35,"Height":36,"Demand":1,"DemandMax":null,"Value":1260},{"Length":63,"Height":20,"Demand":1,"DemandMax":null,"Value":1260},{"Length":70,"Height":18,"Demand":1,"DemandMax":null,"Value":1260},{"Length":57,"Height":22,"Demand":1,"DemandMax":null,"Value":1254},{"Length":50,"Height":25,"Demand":1,"DemandMax":null,"Value":1250},{"Length":32,"Height":39,"Demand":1,"DemandMax":null,"Value":1248},{"Length":29,"Height":43,"Demand":1,"DemandMax":null,"Value":1247},{"Length":46,"Height":27,"Demand":1,"DemandMax":null,"Value":1242},{"Length":21,"Height":59,"Demand":1,"DemandMax":null,"Value":1239},{"Length":28,"Height":44,"Demand":1,"DemandMax":null,"Value":1232},{"Length":51,"Height":24,"Demand":1,"DemandMax":null,"Value":1224},{"Length":36,"Height":34,"Demand":1,"DemandMax":null,"Value":1224},{"Length":33,"Height":37,"Demand":1,"DemandMax":null,"Value":1221},{"Length":20,"Height":61,"Demand":1,"DemandMax":null,"Value":1220},{"Length":15,"Height":81,"Demand":1,"DemandMax":null,"Value":1215},{"Length":27,"Height":45,"Demand":1,"DemandMax":null,"Value":1215},{"Length":55,"Height":22,"Demand":1,"DemandMax":null,"Value":1210},{"Length":86,"Height":14,"Demand":1,"DemandMax":null,"Value":1204},{"Length":40,"Height":30,"Demand":1,"DemandMax":null,"Value":1200},{"Length":26,"Height":46,"Demand":1,"DemandMax":null,"Value":1196},{"Length":35,"Height":34,"Demand":1,"DemandMax":null,"Value":1190},{"Length":70,"Height":17,"Demand":1,"DemandMax":null,"Value":1190},{"Length":22,"Height":54,"Demand":1,"DemandMax":null,"Value":1188},{"Length":15,"Height":79,"Demand":1,"DemandMax":null,"Value":1185},{"Length":62,"Height":19,"Demand":1,"DemandMax":null,"Value":1178},{"Length":28,"Height":42,"Demand":1,"DemandMax":null,"Value":1176},{"Length":14,"Height":84,"Demand":1,"DemandMax":null,"Value":1176},{"Length":90,"Height":13,"Demand":1,"DemandMax":null,"Value":1170},{"Length":68,"Height":17,"Demand":1,"DemandMax":null,"Value":1156},{"Length":64,"Height":18,"Demand":1,"DemandMax":null,"Value":1152},{"Length":41,"Height":28,"Demand":1,"DemandMax":null,"Value":1148},{"Length":22,"Height":52,"Demand":1,"DemandMax":null,"Value":1144},{"Length":30,"Height":38,"Demand":1,"DemandMax":null,"Value":1140},{"Length":60,"Height":19,"Demand":1,"DemandMax":null,"Value":1140},{"Length":15,"Height":76,"Demand":1,"DemandMax":null,"Value":1140},{"Length":57,"Height":20,"Demand":1,"DemandMax":null,"Value":1140},{"Length":14,"Height":81,"Demand":1,"DemandMax":null,"Value":1134},{"Length":27,"Height":42,"Demand":1,"DemandMax":null,"Value":1134},{"Length":13,"Height":87,"Demand":1,"DemandMax":null,"Value":1131},{"Length":39,"Height":29,"Demand":1,"DemandMax":null,"Value":1131},{"Length":17,"Height":66,"Demand":1,"DemandMax":null,"Value":1122},{"Length":80,"Height":14,"Demand":1,"DemandMax":null,"Value":1120},{"Length":16,"Height":70,"Demand":1,"DemandMax":null,"Value":1120},{"Length":20,"Height":56,"Demand":1,"DemandMax":null,"Value":1120},{"Length":40,"Height":28,"Demand":1,"DemandMax":null,"Value":1120},{"Length":86,"Height":13,"Demand":1,"DemandMax":null,"Value":1118},{"Length":62,"Height":18,"Demand":1,"DemandMax":null,"Value":1116},{"Length":53,"Height":21,"Demand":1,"DemandMax":null,"Value":1113},{"Length":30,"Height":37,"Demand":1,"DemandMax":null,"Value":1110},{"Length":79,"Height":14,"Demand":1,"DemandMax":null,"Value":1106},{"Length":65,"Height":17,"Demand":1,"DemandMax":null,"Value":1105},{"Length":13,"Height":85,"Demand":1,"DemandMax":null,"Value":1105},{"Length":23,"Height":48,"Demand":1,"DemandMax":null,"Value":1104},{"Length":58,"Height":19,"Demand":1,"DemandMax":null,"Value":1102},{"Length":50,"Height":22,"Demand":1,"DemandMax":null,"Value":1100},{"Length":73,"Height":15,"Demand":1,"DemandMax":null,"Value":1095},{"Length":33,"Height":33,"Demand":1,"DemandMax":null,"Value":1089},{"Length":64,"Height":17,"Demand":1,"DemandMax":null,"Value":1088},{"Length":23,"Height":47,"Demand":1,"DemandMax":null,"Value":1081},{"Length":22,"Height":49,"Demand":1,"DemandMax":null,"Value":1078},{"Length":18,"Height":59,"Demand":1,"DemandMax":null,"Value":1062},{"Length":88,"Height":12,"Demand":1,"DemandMax":null,"Value":1056},{"Length":35,"Height":30,"Demand":1,"DemandMax":null,"Value":1050},{"Length":42,"Height":25,"Demand":1,"DemandMax":null,"Value":1050},{"Length":29,"Height":36,"Demand":1,"DemandMax":null,"Value":1044},{"Length":61,"Height":17,"Demand":1,"DemandMax":null,"Value":1037},{"Length":14,"Height":74,"Demand":1,"DemandMax":null,"Value":1036},{"Length":37,"Height":28,"Demand":1,"DemandMax":null,"Value":1036},{"Length":49,"Height":21,"Demand":1,"DemandMax":null,"Value":1029},{"Length":54,"Height":19,"Demand":1,"DemandMax":null,"Value":1026},{"Length":27,"Height":38,"Demand":1,"DemandMax":null,"Value":1026},{"Length":68,"Height":15,"Demand":1,"DemandMax":null,"Value":1020},{"Length":39,"Height":26,"Demand":1,"DemandMax":null,"Value":1014},{"Length":48,"Height":21,"Demand":1,"DemandMax":null,"Value":1008},{"Length":28,"Height":36,"Demand":1,"DemandMax":null,"Value":1008},{"Length":56,"Height":18,"Demand":1,"DemandMax":null,"Value":1008},{"Length":59,"Height":17,"Demand":1,"DemandMax":null,"Value":1003},{"Length":25,"Height":40,"Demand":1,"DemandMax":null,"Value":1000},{"Length":37,"Height":27,"Demand":1,"DemandMax":null,"Value":999},{"Length":62,"Height":16,"Demand":1,"DemandMax":null,"Value":992},{"Length":18,"Height":55,"Demand":1,"DemandMax":null,"Value":990},{"Length":29,"Height":34,"Demand":1,"DemandMax":null,"Value":986},{"Length":49,"Height":20,"Demand":1,"DemandMax":null,"Value":980},{"Length":61,"Height":16,"Demand":1,"DemandMax":null,"Value":976},{"Length":75,"Height":13,"Demand":1,"DemandMax":null,"Value":975},{"Length":36,"Height":27,"Demand":1,"DemandMax":null,"Value":972},{"Length":57,"Height":17,"Demand":1,"DemandMax":null,"Value":969},{"Length":46,"Height":21,"Demand":1,"DemandMax":null,"Value":966},{"Length":74,"Height":13,"Demand":1,"DemandMax":null,"Value":962},{"Length":31,"Height":31,"Demand":1,"DemandMax":null,"Value":961},{"Length":60,"Height":16,"Demand":1,"DemandMax":null,"Value":960},{"Length":73,"Height":13,"Demand":1,"DemandMax":null,"Value":949},{"Length":16,"Height":59,"Demand":1,"DemandMax":null,"Value":944},{"Length":47,"Height":20,"Demand":1,"DemandMax":null,"Value":940},{"Length":14,"Height":67,"Demand":1,"DemandMax":null,"Value":938},{"Length":13,"Height":72,"Demand":1,"DemandMax":null,"Value":936},{"Length":52,"Height":18,"Demand":1,"DemandMax":null,"Value":936},{"Length":36,"Height":26,"Demand":1,"DemandMax":null,"Value":936},{"Length":85,"Height":11,"Demand":1,"DemandMax":null,"Value":935},{"Length":31,"Height":30,"Demand":1,"DemandMax":null,"Value":930},{"Length":15,"Height":62,"Demand":1,"DemandMax":null,"Value":930},{"Length":58,"Height":16,"Demand":1,"DemandMax":null,"Value":928},{"Length":28,"Height":33,"Demand":1,"DemandMax":null,"Value":924},{"Length":14,"Height":66,"Demand":1,"DemandMax":null,"Value":924},{"Length":44,"Height":21,"Demand":1,"DemandMax":null,"Value":924},{"Length":18,"Height":51,"Demand":1,"DemandMax":null,"Value":918},{"Length":17,"Height":54,"Demand":1,"DemandMax":null,"Value":918},{"Length":61,"Height":15,"Demand":1,"DemandMax":null,"Value":915},{"Length":12,"Height":76,"Demand":1,"DemandMax":null,"Value":912},{"Length":65,"Height":14,"Demand":1,"DemandMax":null,"Value":910},{"Length":70,"Height":13,"Demand":1,"DemandMax":null,"Value":910},{"Length":75,"Height":12,"Demand":1,"DemandMax":null,"Value":900},{"Length":45,"Height":20,"Demand":1,"DemandMax":null,"Value":900},{"Length":15,"Height":60,"Demand":1,"DemandMax":null,"Value":900},{"Length":12,"Height":74,"Demand":1,"DemandMax":null,"Value":888},{"Length":15,"Height":59,"Demand":1,"DemandMax":null,"Value":885},{"Length":18,"Height":49,"Demand":1,"DemandMax":null,"Value":882},{"Length":55,"Height":16,"Demand":1,"DemandMax":null,"Value":880},{"Length":12,"Height":73,"Demand":1,"DemandMax":null,"Value":876},{"Length":35,"Height":25,"Demand":1,"DemandMax":null,"Value":875},{"Length":58,"Height":15,"Demand":1,"DemandMax":null,"Value":870},{"Length":62,"Height":14,"Demand":1,"DemandMax":null,"Value":868},{"Length":17,"Height":51,"Demand":1,"DemandMax":null,"Value":867},{"Length":26,"Height":33,"Demand":1,"DemandMax":null,"Value":858},{"Length":50,"Height":17,"Demand":1,"DemandMax":null,"Value":850},{"Length":35,"Height":24,"Demand":1,"DemandMax":null,"Value":840},{"Length":10,"Height":84,"Demand":1,"DemandMax":null,"Value":840},{"Length":31,"Height":27,"Demand":1,"DemandMax":null,"Value":837},{"Length":19,"Height":44,"Demand":1,"DemandMax":null,"Value":836},{"Length":12,"Height":69,"Demand":1,"DemandMax":null,"Value":828},{"Length":25,"Height":33,"Demand":1,"DemandMax":null,"Value":825},{"Length":16,"Height":51,"Demand":1,"DemandMax":null,"Value":816},{"Length":17,"Height":48,"Demand":1,"DemandMax":null,"Value":816},{"Length":10,"Height":81,"Demand":1,"DemandMax":null,"Value":810},{"Length":90,"Height":9,"Demand":1,"DemandMax":null,"Value":810},{"Length":40,"Height":20,"Demand":1,"DemandMax":null,"Value":800},{"Length":17,"Height":47,"Demand":1,"DemandMax":null,"Value":799},{"Length":42,"Height":19,"Demand":1,"DemandMax":null,"Value":798},{"Length":13,"Height":61,"Demand":1,"DemandMax":null,"Value":793},{"Length":11,"Height":72,"Demand":1,"DemandMax":null,"Value":792},{"Length":10,"Height":79,"Demand":1,"DemandMax":null,"Value":790},{"Length":46,"Height":17,"Demand":1,"DemandMax":null,"Value":782},{"Length":11,"Height":71,"Demand":1,"DemandMax":null,"Value":781},{"Length":15,"Height":52,"Demand":1,"DemandMax":null,"Value":780},{"Length":43,"Height":18,"Demand":1,"DemandMax":null,"Value":774},{"Length":11,"Height":70,"Demand":1,"DemandMax":null,"Value":770},{"Length":77,"Height":10,"Demand":1,"DemandMax":null,"Value":770},{"Length":22,"Height":35,"Demand":1,"DemandMax":null,"Value":770},{"Length":55,"Height":14,"Demand":1,"DemandMax":null,"Value":770},{"Length":64,"Height":12,"Demand":1,"DemandMax":null,"Value":768},{"Length":15,"Height":51,"Demand":1,"DemandMax":null,"Value":765},{"Length":76,"Height":10,"Demand":1,"DemandMax":null,"Value":760},{"Length":33,"Height":23,"Demand":1,"DemandMax":null,"Value":759},{"Length":69,"Height":11,"Demand":1,"DemandMax":null,"Value":759},{"Length":84,"Height":9,"Demand":1,"DemandMax":null,"Value":756},{"Length":47,"Height":16,"Demand":1,"DemandMax":null,"Value":752},{"Length":30,"Height":25,"Demand":1,"DemandMax":null,"Value":750},{"Length":11,"Height":68,"Demand":1,"DemandMax":null,"Value":748},{"Length":13,"Height":57,"Demand":1,"DemandMax":null,"Value":741},{"Length":74,"Height":10,"Demand":1,"DemandMax":null,"Value":740},{"Length":37,"Height":20,"Demand":1,"DemandMax":null,"Value":740},{"Length":9,"Height":82,"Demand":1,"DemandMax":null,"Value":738},{"Length":49,"Height":15,"Demand":1,"DemandMax":null,"Value":735},{"Length":81,"Height":9,"Demand":1,"DemandMax":null,"Value":729},{"Length":52,"Height":14,"Demand":1,"DemandMax":null,"Value":728},{"Length":13,"Height":56,"Demand":1,"DemandMax":null,"Value":728},{"Length":33,"Height":22,"Demand":1,"DemandMax":null,"Value":726},{"Length":38,"Height":19,"Demand":1,"DemandMax":null,"Value":722},{"Length":24,"Height":30,"Demand":1,"DemandMax":null,"Value":720},{"Length":15,"Height":48,"Demand":1,"DemandMax":null,"Value":720},{"Length":72,"Height":10,"Demand":1,"DemandMax":null,"Value":720},{"Length":51,"Height":14,"Demand":1,"DemandMax":null,"Value":714},{"Length":42,"Height":17,"Demand":1,"DemandMax":null,"Value":714},{"Length":10,"Height":71,"Demand":1,"DemandMax":null,"Value":710},{"Length":15,"Height":47,"Demand":1,"DemandMax":null,"Value":705},{"Length":11,"Height":64,"Demand":1,"DemandMax":null,"Value":704},{"Length":19,"Height":37,"Demand":1,"DemandMax":null,"Value":703},{"Length":13,"Height":54,"Demand":1,"DemandMax":null,"Value":702},{"Length":27,"Height":26,"Demand":1,"DemandMax":null,"Value":702},{"Length":70,"Height":10,"Demand":1,"DemandMax":null,"Value":700},{"Length":14,"Height":50,"Demand":1,"DemandMax":null,"Value":700},{"Length":17,"Height":41,"Demand":1,"DemandMax":null,"Value":697},{"Length":8,"Height":87,"Demand":1,"DemandMax":null,"Value":696},{"Length":8,"Height":86,"Demand":1,"DemandMax":null,"Value":688},{"Length":49,"Height":14,"Demand":1,"DemandMax":null,"Value":686},{"Length":11,"Height":62,"Demand":1,"DemandMax":null,"Value":682},{"Length":31,"Height":22,"Demand":1,"DemandMax":null,"Value":682},{"Length":27,"Height":25,"Demand":1,"DemandMax":null,"Value":675},{"Length":61,"Height":11,"Demand":1,"DemandMax":null,"Value":671},{"Length":35,"Height":19,"Demand":1,"DemandMax":null,"Value":665},{"Length":47,"Height":14,"Demand":1,"DemandMax":null,"Value":658},{"Length":41,"Height":16,"Demand":1,"DemandMax":null,"Value":656},{"Length":21,"Height":31,"Demand":1,"DemandMax":null,"Value":651},{"Length":72,"Height":9,"Demand":1,"DemandMax":null,"Value":648},{"Length":36,"Height":18,"Demand":1,"DemandMax":null,"Value":648},{"Length":81,"Height":8,"Demand":1,"DemandMax":null,"Value":648},{"Length":16,"Height":40,"Demand":1,"DemandMax":null,"Value":640},{"Length":58,"Height":11,"Demand":1,"DemandMax":null,"Value":638},{"Length":42,"Height":15,"Demand":1,"DemandMax":null,"Value":630},{"Length":70,"Height":9,"Demand":1,"DemandMax":null,"Value":630},{"Length":33,"Height":19,"Demand":1,"DemandMax":null,"Value":627},{"Length":31,"Height":20,"Demand":1,"DemandMax":null,"Value":620},{"Length":11,"Height":56,"Demand":1,"DemandMax":null,"Value":616},{"Length":7,"Height":88,"Demand":1,"DemandMax":null,"Value":616},{"Length":12,"Height":51,"Demand":1,"DemandMax":null,"Value":612},{"Length":17,"Height":36,"Demand":1,"DemandMax":null,"Value":612},{"Length":10,"Height":61,"Demand":1,"DemandMax":null,"Value":610},{"Length":7,"Height":87,"Demand":1,"DemandMax":null,"Value":609},{"Length":21,"Height":29,"Demand":1,"DemandMax":null,"Value":609},{"Length":20,"Height":30,"Demand":1,"DemandMax":null,"Value":600},{"Length":85,"Height":7,"Demand":1,"DemandMax":null,"Value":595},{"Length":33,"Height":18,"Demand":1,"DemandMax":null,"Value":594},{"Length":27,"Height":22,"Demand":1,"DemandMax":null,"Value":594},{"Length":19,"Height":31,"Demand":1,"DemandMax":null,"Value":589},{"Length":7,"Height":84,"Demand":1,"DemandMax":null,"Value":588},{"Length":42,"Height":14,"Demand":1,"DemandMax":null,"Value":588},{"Length":29,"Height":20,"Demand":1,"DemandMax":null,"Value":580},{"Length":34,"Height":17,"Demand":1,"DemandMax":null,"Value":578},{"Length":36,"Height":16,"Demand":1,"DemandMax":null,"Value":576},{"Length":41,"Height":14,"Demand":1,"DemandMax":null,"Value":574},{"Length":44,"Height":13,"Demand":1,"DemandMax":null,"Value":572},{"Length":11,"Height":52,"Demand":1,"DemandMax":null,"Value":572},{"Length":63,"Height":9,"Demand":1,"DemandMax":null,"Value":567},{"Length":81,"Height":7,"Demand":1,"DemandMax":null,"Value":567},{"Length":8,"Height":70,"Demand":1,"DemandMax":null,"Value":560},{"Length":35,"Height":16,"Demand":1,"DemandMax":null,"Value":560},{"Length":62,"Height":9,"Demand":1,"DemandMax":null,"Value":558},{"Length":15,"Height":37,"Demand":1,"DemandMax":null,"Value":555},{"Length":7,"Height":79,"Demand":1,"DemandMax":null,"Value":553},{"Length":24,"Height":23,"Demand":1,"DemandMax":null,"Value":552},{"Length":19,"Height":29,"Demand":1,"DemandMax":null,"Value":551},{"Length":42,"Height":13,"Demand":1,"DemandMax":null,"Value":546},{"Length":68,"Height":8,"Demand":1,"DemandMax":null,"Value":544},{"Length":67,"Height":8,"Demand":1,"DemandMax":null,"Value":536},{"Length":89,"Height":6,"Demand":1,"DemandMax":null,"Value":534},{"Length":14,"Height":38,"Demand":1,"DemandMax":null,"Value":532},{"Length":23,"Height":23,"Demand":1,"DemandMax":null,"Value":529},{"Length":8,"Height":65,"Demand":1,"DemandMax":null,"Value":520},{"Length":26,"Height":20,"Demand":1,"DemandMax":null,"Value":520},{"Length":37,"Height":14,"Demand":1,"DemandMax":null,"Value":518},{"Length":47,"Height":11,"Demand":1,"DemandMax":null,"Value":517},{"Length":57,"Height":9,"Demand":1,"DemandMax":null,"Value":513},{"Length":64,"Height":8,"Demand":1,"DemandMax":null,"Value":512},{"Length":73,"Height":7,"Demand":1,"DemandMax":null,"Value":511},{"Length":10,"Height":51,"Demand":1,"DemandMax":null,"Value":510},{"Length":85,"Height":6,"Demand":1,"DemandMax":null,"Value":510},{"Length":30,"Height":17,"Demand":1,"DemandMax":null,"Value":510},{"Length":12,"Height":42,"Demand":1,"DemandMax":null,"Value":504},{"Length":21,"Height":24,"Demand":1,"DemandMax":null,"Value":504},{"Length":8,"Height":63,"Demand":1,"DemandMax":null,"Value":504},{"Length":15,"Height":33,"Demand":1,"DemandMax":null,"Value":495},{"Length":10,"Height":49,"Demand":1,"DemandMax":null,"Value":490},{"Length":80,"Height":6,"Demand":1,"DemandMax":null,"Value":480},{"Length":60,"Height":8,"Demand":1,"DemandMax":null,"Value":480},{"Length":68,"Height":7,"Demand":1,"DemandMax":null,"Value":476},{"Length":14,"Height":34,"Demand":1,"DemandMax":null,"Value":476},{"Length":19,"Height":25,"Demand":1,"DemandMax":null,"Value":475},{"Length":59,"Height":8,"Demand":1,"DemandMax":null,"Value":472},{"Length":13,"Height":36,"Demand":1,"DemandMax":null,"Value":468},{"Length":6,"Height":78,"Demand":1,"DemandMax":null,"Value":468},{"Length":52,"Height":9,"Demand":1,"DemandMax":null,"Value":468},{"Length":15,"Height":31,"Demand":1,"DemandMax":null,"Value":465},{"Length":29,"Height":16,"Demand":1,"DemandMax":null,"Value":464},{"Length":22,"Height":21,"Demand":1,"DemandMax":null,"Value":462},{"Length":14,"Height":33,"Demand":1,"DemandMax":null,"Value":462},{"Length":7,"Height":66,"Demand":1,"DemandMax":null,"Value":462},{"Length":23,"Height":20,"Demand":1,"DemandMax":null,"Value":460},{"Length":6,"Height":76,"Demand":1,"DemandMax":null,"Value":456},{"Length":12,"Height":38,"Demand":1,"DemandMax":null,"Value":456},{"Length":24,"Height":19,"Demand":1,"DemandMax":null,"Value":456},{"Length":7,"Height":65,"Demand":1,"DemandMax":null,"Value":455},{"Length":41,"Height":11,"Demand":1,"DemandMax":null,"Value":451},{"Length":18,"Height":25,"Demand":1,"DemandMax":null,"Value":450},{"Length":37,"Height":12,"Demand":1,"DemandMax":null,"Value":444},{"Length":6,"Height":74,"Demand":1,"DemandMax":null,"Value":444},{"Length":8,"Height":55,"Demand":1,"DemandMax":null,"Value":440},{"Length":73,"Height":6,"Demand":1,"DemandMax":null,"Value":438},{"Length":8,"Height":54,"Demand":1,"DemandMax":null,"Value":432},{"Length":71,"Height":6,"Demand":1,"DemandMax":null,"Value":426},{"Length":9,"Height":47,"Demand":1,"DemandMax":null,"Value":423},{"Length":10,"Height":42,"Demand":1,"DemandMax":null,"Value":420},{"Length":35,"Height":12,"Demand":1,"DemandMax":null,"Value":420},{"Length":60,"Height":7,"Demand":1,"DemandMax":null,"Value":420},{"Length":16,"Height":26,"Demand":1,"DemandMax":null,"Value":416},{"Length":27,"Height":15,"Demand":1,"DemandMax":null,"Value":405},{"Length":16,"Height":25,"Demand":1,"DemandMax":null,"Value":400},{"Length":57,"Height":7,"Demand":1,"DemandMax":null,"Value":399},{"Length":36,"Height":11,"Demand":1,"DemandMax":null,"Value":396},{"Length":18,"Height":22,"Demand":1,"DemandMax":null,"Value":396},{"Length":14,"Height":28,"Demand":1,"DemandMax":null,"Value":392},{"Length":23,"Height":17,"Demand":1,"DemandMax":null,"Value":391},{"Length":11,"Height":35,"Demand":1,"DemandMax":null,"Value":385},{"Length":7,"Height":55,"Demand":1,"DemandMax":null,"Value":385},{"Length":16,"Height":24,"Demand":1,"DemandMax":null,"Value":384},{"Length":20,"Height":19,"Demand":1,"DemandMax":null,"Value":380},{"Length":9,"Height":42,"Demand":1,"DemandMax":null,"Value":378},{"Length":54,"Height":7,"Demand":1,"DemandMax":null,"Value":378},{"Length":31,"Height":12,"Demand":1,"DemandMax":null,"Value":372},{"Length":7,"Height":53,"Demand":1,"DemandMax":null,"Value":371},{"Length":10,"Height":37,"Demand":1,"DemandMax":null,"Value":370},{"Length":41,"Height":9,"Demand":1,"DemandMax":null,"Value":369},{"Length":40,"Height":9,"Demand":1,"DemandMax":null,"Value":360},{"Length":17,"Height":21,"Demand":1,"DemandMax":null,"Value":357},{"Length":13,"Height":27,"Demand":1,"DemandMax":null,"Value":351},{"Length":29,"Height":12,"Demand":1,"DemandMax":null,"Value":348},{"Length":23,"Height":15,"Demand":1,"DemandMax":null,"Value":345},{"Length":43,"Height":8,"Demand":1,"DemandMax":null,"Value":344},{"Length":57,"Height":6,"Demand":1,"DemandMax":null,"Value":342},{"Length":6,"Height":56,"Demand":1,"DemandMax":null,"Value":336},{"Length":48,"Height":7,"Demand":1,"DemandMax":null,"Value":336},{"Length":37,"Height":9,"Demand":1,"DemandMax":null,"Value":333},{"Length":6,"Height":54,"Demand":1,"DemandMax":null,"Value":324},{"Length":17,"Height":19,"Demand":1,"DemandMax":null,"Value":323},{"Length":52,"Height":6,"Demand":1,"DemandMax":null,"Value":312},{"Length":25,"Height":12,"Demand":1,"DemandMax":null,"Value":300},{"Length":20,"Height":15,"Demand":1,"DemandMax":null,"Value":300},{"Length":33,"Height":9,"Demand":1,"DemandMax":null,"Value":297},{"Length":8,"Height":37,"Demand":1,"DemandMax":null,"Value":296},{"Length":12,"Height":24,"Demand":1,"DemandMax":null,"Value":288},{"Length":9,"Height":32,"Demand":1,"DemandMax":null,"Value":288},{"Length":22,"Height":13,"Demand":1,"DemandMax":null,"Value":286},{"Length":6,"Height":47,"Demand":1,"DemandMax":null,"Value":282},{"Length":15,"Height":18,"Demand":1,"DemandMax":null,"Value":270},{"Length":24,"Height":11,"Demand":1,"DemandMax":null,"Value":264},{"Length":33,"Height":8,"Demand":1,"DemandMax":null,"Value":264},{"Length":26,"Height":10,"Demand":1,"DemandMax":null,"Value":260},{"Length":13,"Height":20,"Demand":1,"DemandMax":null,"Value":260},{"Length":43,"Height":6,"Demand":1,"DemandMax":null,"Value":258},{"Length":16,"Height":16,"Demand":1,"DemandMax":null,"Value":256},{"Length":9,"Height":28,"Demand":1,"DemandMax":null,"Value":252},{"Length":35,"Height":7,"Demand":1,"DemandMax":null,"Value":245},{"Length":27,"Height":9,"Demand":1,"DemandMax":null,"Value":243},{"Length":15,"Height":16,"Demand":1,"DemandMax":null,"Value":240},{"Length":14,"Height":17,"Demand":1,"DemandMax":null,"Value":238},{"Length":9,"Height":26,"Demand":1,"DemandMax":null,"Value":234},{"Length":12,"Height":19,"Demand":1,"DemandMax":null,"Value":228},{"Length":24,"Height":9,"Demand":1,"DemandMax":null,"Value":216},{"Length":35,"Height":6,"Demand":1,"DemandMax":null,"Value":210},{"Length":16,"Height":13,"Demand":1,"DemandMax":null,"Value":208},{"Length":12,"Height":17,"Demand":1,"DemandMax":null,"Value":204},{"Length":8,"Height":25,"Demand":1,"DemandMax":null,"Value":200},{"Length":14,"Height":14,"Demand":1,"DemandMax":null,"Value":196},{"Length":13,"Height":15,"Demand":1,"DemandMax":null,"Value":195},{"Length":6,"Height":32,"Demand":1,"DemandMax":null,"Value":192},{"Length":7,"Height":27,"Demand":1,"DemandMax":null,"Value":189},{"Length":7,"Height":26,"Demand":1,"DemandMax":null,"Value":182},{"Length":20,"Height":9,"Demand":1,"DemandMax":null,"Value":180},{"Length":10,"Height":18,"Demand":1,"DemandMax":null,"Value":180},{"Length":13,"Height":13,"Demand":1,"DemandMax":null,"Value":169},{"Length":14,"Height":12,"Demand":1,"DemandMax":null,"Value":168},{"Length":11,"Height":15,"Demand":1,"DemandMax":null,"Value":165},{"Length":23,"Height":7,"Demand":1,"DemandMax":null,"Value":161},{"Length":25,"Height":6,"Demand":1,"DemandMax":null,"Value":150},{"Length":23,"Height":6,"Demand":1,"DemandMax":null,"Value":138},{"Length":10,"Height":13,"Demand":1,"DemandMax":null,"Value":130},{"Length":18,"Height":6,"Demand":1,"DemandMax":null,"Value":108},{"Length":13,"Height":8,"Demand":1,"DemandMax":null,"Value":104},{"Length":6,"Height":15,"Demand":1,"DemandMax":null,"Value":90},{"Length":14,"Height":6,"Demand":1,"DemandMax":null,"Value":84},{"Length":9,"Height":9,"Demand":1,"DemandMax":null,"Value":81},{"Length":8,"Height":10,"Demand":1,"DemandMax":null,"Value":80},{"Length":11,"Height":7,"Demand":1,"DemandMax":null,"Value":77},{"Length":8,"Height":9,"Demand":1,"DemandMax":null,"Value":72},{"Length":8,"Height":8,"Demand":1,"DemandMax":null,"Value":64},{"Length":9,"Height":7,"Demand":1,"DemandMax":null,"Value":63},{"Length":6,"Height":10,"Demand":1,"DemandMax":null,"Value":60},{"Length":9,"Height":6,"Demand":1,"DemandMax":null,"Value":54},{"Length":7,"Height":6,"Demand":1,"DemandMax":null,"Value":42}]}