{"Name":"AH308","Objects":[{"Length":1000,"Height":2511,"Stock":null,"Cost":2511000}],"Items":[{"Length":74,"Height":74,"Demand":1,"DemandMax":null,"Value":5476},{"Length":73,"Height":74,"Demand":1,"DemandMax":null,"Value":5402},{"Length":74,"Height":72,"Demand":1,"DemandMax":null,"Value":5328},{"Length":75,"Height":71,"Demand":1,"DemandMax":null,"Value":5325},{"Length":71,"Height":74,"Demand":1,"DemandMax":null,"Value":5254},{"Length":70,"Height":75,"Demand":1,"DemandMax":null,"Value":5250},{"Length":72,"Height":72,"Demand":1,"DemandMax":null,"Value":5184},{"Length":73,"Height":71,"Demand":1,"DemandMax":null,"Value":5183},{"Length":71,"Height":72,"Demand":1,"DemandMax":null,"Value":5112},{"Length":74,"Height":69,"Demand":1,"DemandMax":null,"Value":5106},{"Length":68,"Height":75,"Demand":1,"DemandMax":null,"Value":5100},{"Length":71,"Height":71,"Demand":1,"DemandMax":null,"Value":5041},{"Length":70,"Height":72,"Demand":1,"DemandMax":null,"Value":5040},{"Length":73,"Height":69,"Demand":1,"DemandMax":null,"Value":5037},{"Length":74,"Height":68,"Demand":1,"DemandMax":null,"Value":5032},{"Length":75,"Height":67,"Demand":1,"DemandMax":null,"Value":5025},{"Length":70,"Height":71,"Demand":1,"DemandMax":null,"Value":4970},{"Length":68,"Height":73,"Demand":1,"DemandMax":null,"Value":4964},{"Length":67,"Height":74,"Demand":1,"DemandMax":null,"Value":4958},{"Length":66,"Height":75,"Demand":1,"DemandMax":null,"Value":4950},{"Length":71,"Height":69,"Demand":1,"DemandMax":null,"Value":4899},{"Length":67,"Height":73,"Demand":1,"DemandMax":null,"Value":4891},{"Length":66,"Height":74,"Demand":1,"DemandMax":null,"Value":4884},{"Length":65,"Height":75,"Demand":1,"DemandMax":null,"Value":4875},{"Length":68,"Height":71,"Demand":1,"DemandMax":null,"Value":4828},{"Length":72,"Height":67,"Demand":1,"DemandMax":null,"Value":4824},{"Length":66,"Height":73,"Demand":1,"DemandMax":null,"Value":4818},{"Length":74,"Height":65,"Demand":1,"DemandMax":null,"Value":4810},{"Length":64,"Height":75,"Demand":1,"DemandMax":null,"Value":4800},{"Length":67,"Height":71,"Demand":1,"DemandMax":null,"Value":4757},{"Length":72,"Height":66,"Demand":1,"DemandMax":null,"Value":4752},{"Length":73,"Height":65,"Demand":1,"DemandMax":null,"Value":4745},{"Length":74,"Height":64,"Demand":1,"DemandMax":null,"Value":4736},{"Length":69,"Height":68,"Demand":1,"DemandMax":null,"Value":4692},{"Length":70,"Height":67,"Demand":1,"DemandMax":null,"Value":4690},{"Length":66,"Height":71,"Demand":1,"DemandMax":null,"Value":4686},{"Length":65,"Height":72,"Demand":1,"DemandMax":null,"Value":4680},{"Length":64,"Height":73,"Demand":1,"DemandMax":null,"Value":4672},{"Length":74,"Height":63,"Demand":1,"DemandMax":null,"Value":4662},{"Length":75,"Height":62,"Demand":1,"DemandMax":null,"Value":4650},{"Length":69,"Height":67,"Demand":1,"DemandMax":null,"Value":4623},{"Length":70,"Height":66,"Demand":1,"DemandMax":null,"Value":4620},{"Length":71,"Height":65,"Demand":1,"DemandMax":null,"Value":4615},{"Length":72,"Height":64,"Demand":1,"DemandMax":null,"Value":4608},{"Length":63,"Height":73,"Demand":1,"DemandMax":null,"Value":4599},{"Length":74,"Height":62,"Demand":1,"DemandMax":null,"Value":4588},{"Length":61,"Height":75,"Demand":1,"DemandMax":null,"Value":4575},{"Length":68,"Height":67,"Demand":1,"DemandMax":null,"Value":4556},{"Length":70,"Height":65,"Demand":1,"DemandMax":null,"Value":4550},{"Length":64,"Height":71,"Demand":1,"DemandMax":null,"Value":4544},{"Length":73,"Height":62,"Demand":1,"DemandMax":null,"Value":4526},{"Length":61,"Height":74,"Demand":1,"DemandMax":null,"Value":4514},{"Length":60,"Height":75,"Demand":1,"DemandMax":null,"Value":4500},{"Length":66,"Height":68,"Demand":1,"DemandMax":null,"Value":4488},{"Length":69,"Height":65,"Demand":1,"DemandMax":null,"Value":4485},{"Length":64,"Height":70,"Demand":1,"DemandMax":null,"Value":4480},{"Length":63,"Height":71,"Demand":1,"DemandMax":null,"Value":4473},{"Length":72,"Height":62,"Demand":1,"DemandMax":null,"Value":4464},{"Length":61,"Height":73,"Demand":1,"DemandMax":null,"Value":4453},{"Length":74,"Height":60,"Demand":1,"DemandMax":null,"Value":4440},{"Length":75,"Height":59,"Demand":1,"DemandMax":null,"Value":4425},{"Length":67,"Height":66,"Demand":1,"DemandMax":null,"Value":4422},{"Length":65,"Height":68,"Demand":1,"DemandMax":null,"Value":4420},{"Length":69,"Height":64,"Demand":1,"DemandMax":null,"Value":4416},{"Length":72,"Height":61,"Demand":1,"DemandMax":null,"Value":4392},{"Length":73,"Height":60,"Demand":1,"DemandMax":null,"Value":4380},{"Length":66,"Height":66,"Demand":1,"DemandMax":null,"Value":4356},{"Length":67,"Height":65,"Demand":1,"DemandMax":null,"Value":4355},{"Length":68,"Height":64,"Demand":1,"DemandMax":null,"Value":4352},{"Length":58,"Height":75,"Demand":1,"DemandMax":null,"Value":4350},{"Length":69,"Height":63,"Demand":1,"DemandMax":null,"Value":4347},{"Length":70,"Height":62,"Demand":1,"DemandMax":null,"Value":4340},{"Length":71,"Height":61,"Demand":1,"DemandMax":null,"Value":4331},{"Length":60,"Height":72,"Demand":1,"DemandMax":null,"Value":4320},{"Length":59,"Height":73,"Demand":1,"DemandMax":null,"Value":4307},{"Length":74,"Height":58,"Demand":1,"DemandMax":null,"Value":4292},{"Length":65,"Height":66,"Demand":1,"DemandMax":null,"Value":4290},{"Length":64,"Height":67,"Demand":1,"DemandMax":null,"Value":4288},{"Length":63,"Height":68,"Demand":1,"DemandMax":null,"Value":4284},{"Length":62,"Height":69,"Demand":1,"DemandMax":null,"Value":4278},{"Length":57,"Height":75,"Demand":1,"DemandMax":null,"Value":4275},{"Length":70,"Height":61,"Demand":1,"DemandMax":null,"Value":4270},{"Length":60,"Height":71,"Demand":1,"DemandMax":null,"Value":4260},{"Length":59,"Height":72,"Demand":1,"DemandMax":null,"Value":4248},{"Length":58,"Height":73,"Demand":1,"DemandMax":null,"Value":4234},{"Length":67,"Height":63,"Demand":1,"DemandMax":null,"Value":4221},{"Length":57,"Height":74,"Demand":1,"DemandMax":null,"Value":4218},{"Length":68,"Height":62,"Demand":1,"DemandMax":null,"Value":4216},{"Length":61,"Height":69,"Demand":1,"DemandMax":null,"Value":4209},{"Length":60,"Height":70,"Demand":1,"DemandMax":null,"Value":4200},{"Length":56,"Height":75,"Demand":1,"DemandMax":null,"Value":4200},{"Length":59,"Height":71,"Demand":1,"DemandMax":null,"Value":4189},{"Length":57,"Height":73,"Demand":1,"DemandMax":null,"Value":4161},{"Length":64,"Height":65,"Demand":1,"DemandMax":null,"Value":4160},{"Length":62,"Height":67,"Demand":1,"DemandMax":null,"Value":4154},{"Length":68,"Height":61,"Demand":1,"DemandMax":null,"Value":4148},{"Length":60,"Height":69,"Demand":1,"DemandMax":null,"Value":4140},{"Length":59,"Height":70,"Demand":1,"DemandMax":null,"Value":4130},{"Length":55,"Height":75,"Demand":1,"DemandMax":null,"Value":4125},{"Length":71,"Height":58,"Demand":1,"DemandMax":null,"Value":4118},{"Length":72,"Height":57,"Demand":1,"DemandMax":null,"Value":4104},{"Length":63,"Height":65,"Demand":1,"DemandMax":null,"Value":4095},{"Length":66,"Height":62,"Demand":1,"DemandMax":null,"Value":4092},{"Length":61,"Height":67,"Demand":1,"DemandMax":null,"Value":4087},{"Length":60,"Height":68,"Demand":1,"DemandMax":null,"Value":4080},{"Length":59,"Height":69,"Demand":1,"DemandMax":null,"Value":4071},{"Length":55,"Height":74,"Demand":1,"DemandMax":null,"Value":4070},{"Length":58,"Height":70,"Demand":1,"DemandMax":null,"Value":4060},{"Length":57,"Height":71,"Demand":1,"DemandMax":null,"Value":4047},{"Length":72,"Height":56,"Demand":1,"DemandMax":null,"Value":4032},{"Length":63,"Height":64,"Demand":1,"DemandMax":null,"Value":4032},{"Length":65,"Height":62,"Demand":1,"DemandMax":null,"Value":4030},{"Length":67,"Height":60,"Demand":1,"DemandMax":null,"Value":4020},{"Length":73,"Height":55,"Demand":1,"DemandMax":null,"Value":4015},{"Length":58,"Height":69,"Demand":1,"DemandMax":null,"Value":4002},{"Length":74,"Height":54,"Demand":1,"DemandMax":null,"Value":3996},{"Length":71,"Height":56,"Demand":1,"DemandMax":null,"Value":3976},{"Length":75,"Height":53,"Demand":1,"DemandMax":null,"Value":3975},{"Length":63,"Height":63,"Demand":1,"DemandMax":null,"Value":3969},{"Length":60,"Height":66,"Demand":1,"DemandMax":null,"Value":3960},{"Length":72,"Height":55,"Demand":1,"DemandMax":null,"Value":3960},{"Length":67,"Height":59,"Demand":1,"DemandMax":null,"Value":3953},{"Length":58,"Height":68,"Demand":1,"DemandMax":null,"Value":3944},{"Length":73,"Height":54,"Demand":1,"DemandMax":null,"Value":3942},{"Length":57,"Height":69,"Demand":1,"DemandMax":null,"Value":3933},{"Length":53,"Height":74,"Demand":1,"DemandMax":null,"Value":3922},{"Length":63,"Height":62,"Demand":1,"DemandMax":null,"Value":3906},{"Length":71,"Height":55,"Demand":1,"DemandMax":null,"Value":3905},{"Length":65,"Height":60,"Demand":1,"DemandMax":null,"Value":3900},{"Length":52,"Height":75,"Demand":1,"DemandMax":null,"Value":3900},{"Length":59,"Height":66,"Demand":1,"DemandMax":null,"Value":3894},{"Length":54,"Height":72,"Demand":1,"DemandMax":null,"Value":3888},{"Length":67,"Height":58,"Demand":1,"DemandMax":null,"Value":3886},{"Length":57,"Height":68,"Demand":1,"DemandMax":null,"Value":3876},{"Length":53,"Height":73,"Demand":1,"DemandMax":null,"Value":3869},{"Length":56,"Height":69,"Demand":1,"DemandMax":null,"Value":3864},{"Length":55,"Height":70,"Demand":1,"DemandMax":null,"Value":3850},{"Length":74,"Height":52,"Demand":1,"DemandMax":null,"Value":3848},{"Length":64,"Height":60,"Demand":1,"DemandMax":null,"Value":3840},{"Length":71,"Height":54,"Demand":1,"DemandMax":null,"Value":3834},{"Length":66,"Height":58,"Demand":1,"DemandMax":null,"Value":3828},{"Length":51,"Height":75,"Demand":1,"DemandMax":null,"Value":3825},{"Length":57,"Height":67,"Demand":1,"DemandMax":null,"Value":3819},{"Length":53,"Height":72,"Demand":1,"DemandMax":null,"Value":3816},{"Length":73,"Height":52,"Demand":1,"DemandMax":null,"Value":3796},{"Length":69,"Height":55,"Demand":1,"DemandMax":null,"Value":3795},{"Length":63,"Height":60,"Demand":1,"DemandMax":null,"Value":3780},{"Length":59,"Height":64,"Demand":1,"DemandMax":null,"Value":3776},{"Length":74,"Height":51,"Demand":1,"DemandMax":null,"Value":3774},{"Length":58,"Height":65,"Demand":1,"DemandMax":null,"Value":3770},{"Length":71,"Height":53,"Demand":1,"DemandMax":null,"Value":3763},{"Length":57,"Height":66,"Demand":1,"DemandMax":null,"Value":3762},{"Length":56,"Height":67,"Demand":1,"DemandMax":null,"Value":3752},{"Length":75,"Height":50,"Demand":1,"DemandMax":null,"Value":3750},{"Length":52,"Height":72,"Demand":1,"DemandMax":null,"Value":3744},{"Length":55,"Height":68,"Demand":1,"DemandMax":null,"Value":3740},{"Length":73,"Height":51,"Demand":1,"DemandMax":null,"Value":3723},{"Length":61,"Height":61,"Demand":1,"DemandMax":null,"Value":3721},{"Length":70,"Height":53,"Demand":1,"DemandMax":null,"Value":3710},{"Length":65,"Height":57,"Demand":1,"DemandMax":null,"Value":3705},{"Length":50,"Height":74,"Demand":1,"DemandMax":null,"Value":3700},{"Length":52,"Height":71,"Demand":1,"DemandMax":null,"Value":3692},{"Length":67,"Height":55,"Demand":1,"DemandMax":null,"Value":3685},{"Length":51,"Height":72,"Demand":1,"DemandMax":null,"Value":3672},{"Length":68,"Height":54,"Demand":1,"DemandMax":null,"Value":3672},{"Length":61,"Height":60,"Demand":1,"DemandMax":null,"Value":3660},{"Length":69,"Height":53,"Demand":1,"DemandMax":null,"Value":3657},{"Length":58,"Height":63,"Demand":1,"DemandMax":null,"Value":3654},{"Length":73,"Height":50,"Demand":1,"DemandMax":null,"Value":3650},{"Length":70,"Height":52,"Demand":1,"DemandMax":null,"Value":3640},{"Length":66,"Height":55,"Demand":1,"DemandMax":null,"Value":3630},{"Length":51,"Height":71,"Demand":1,"DemandMax":null,"Value":3621},{"Length":53,"Height":68,"Demand":1,"DemandMax":null,"Value":3604},{"Length":75,"Height":48,"Demand":1,"DemandMax":null,"Value":3600},{"Length":61,"Height":59,"Demand":1,"DemandMax":null,"Value":3599},{"Length":58,"Height":62,"Demand":1,"DemandMax":null,"Value":3596},{"Length":57,"Height":63,"Demand":1,"DemandMax":null,"Value":3591},{"Length":69,"Height":52,"Demand":1,"DemandMax":null,"Value":3588},{"Length":55,"Height":65,"Demand":1,"DemandMax":null,"Value":3575},{"Length":70,"Height":51,"Demand":1,"DemandMax":null,"Value":3570},{"Length":54,"Height":66,"Demand":1,"DemandMax":null,"Value":3564},{"Length":48,"Height":74,"Demand":1,"DemandMax":null,"Value":3552},{"Length":67,"Height":53,"Demand":1,"DemandMax":null,"Value":3551},{"Length":71,"Height":50,"Demand":1,"DemandMax":null,"Value":3550},{"Length":59,"Height":60,"Demand":1,"DemandMax":null,"Value":3540},{"Length":52,"Height":68,"Demand":1,"DemandMax":null,"Value":3536},{"Length":62,"Height":57,"Demand":1,"DemandMax":null,"Value":3534},{"Length":56,"Height":63,"Demand":1,"DemandMax":null,"Value":3528},{"Length":64,"Height":55,"Demand":1,"DemandMax":null,"Value":3520},{"Length":69,"Height":51,"Demand":1,"DemandMax":null,"Value":3519},{"Length":54,"Height":65,"Demand":1,"DemandMax":null,"Value":3510},{"Length":73,"Height":48,"Demand":1,"DemandMax":null,"Value":3504},{"Length":70,"Height":50,"Demand":1,"DemandMax":null,"Value":3500},{"Length":66,"Height":53,"Demand":1,"DemandMax":null,"Value":3498},{"Length":67,"Height":52,"Demand":1,"DemandMax":null,"Value":3484},{"Length":59,"Height":59,"Demand":1,"DemandMax":null,"Value":3481},{"Length":60,"Height":58,"Demand":1,"DemandMax":null,"Value":3480},{"Length":71,"Height":49,"Demand":1,"DemandMax":null,"Value":3479},{"Length":56,"Height":62,"Demand":1,"DemandMax":null,"Value":3472},{"Length":51,"Height":68,"Demand":1,"DemandMax":null,"Value":3468},{"Length":63,"Height":55,"Demand":1,"DemandMax":null,"Value":3465},{"Length":48,"Height":72,"Demand":1,"DemandMax":null,"Value":3456},{"Length":69,"Height":50,"Demand":1,"DemandMax":null,"Value":3450},{"Length":53,"Height":65,"Demand":1,"DemandMax":null,"Value":3445},{"Length":66,"Height":52,"Demand":1,"DemandMax":null,"Value":3432},{"Length":59,"Height":58,"Demand":1,"DemandMax":null,"Value":3422},{"Length":57,"Height":60,"Demand":1,"DemandMax":null,"Value":3420},{"Length":51,"Height":67,"Demand":1,"DemandMax":null,"Value":3417},{"Length":62,"Height":55,"Demand":1,"DemandMax":null,"Value":3410},{"Length":48,"Height":71,"Demand":1,"DemandMax":null,"Value":3408},{"Length":54,"Height":63,"Demand":1,"DemandMax":null,"Value":3402},{"Length":50,"Height":68,"Demand":1,"DemandMax":null,"Value":3400},{"Length":53,"Height":64,"Demand":1,"DemandMax":null,"Value":3392},{"Length":47,"Height":72,"Demand":1,"DemandMax":null,"Value":3384},{"Length":49,"Height":69,"Demand":1,"DemandMax":null,"Value":3381},{"Length":52,"Height":65,"Demand":1,"DemandMax":null,"Value":3380},{"Length":75,"Height":45,"Demand":1,"DemandMax":null,"Value":3375},{"Length":56,"Height":60,"Demand":1,"DemandMax":null,"Value":3360},{"Length":70,"Height":48,"Demand":1,"DemandMax":null,"Value":3360},{"Length":61,"Height":55,"Demand":1,"DemandMax":null,"Value":3355},{"Length":54,"Height":62,"Demand":1,"DemandMax":null,"Value":3348},{"Length":53,"Height":63,"Demand":1,"DemandMax":null,"Value":3339},{"Length":47,"Height":71,"Demand":1,"DemandMax":null,"Value":3337},{"Length":49,"Height":68,"Demand":1,"DemandMax":null,"Value":3332},{"Length":45,"Height":74,"Demand":1,"DemandMax":null,"Value":3330},{"Length":64,"Height":52,"Demand":1,"DemandMax":null,"Value":3328},{"Length":65,"Height":51,"Demand":1,"DemandMax":null,"Value":3315},{"Length":69,"Height":48,"Demand":1,"DemandMax":null,"Value":3312},{"Length":72,"Height":46,"Demand":1,"DemandMax":null,"Value":3312},{"Length":57,"Height":58,"Demand":1,"DemandMax":null,"Value":3306},{"Length":55,"Height":60,"Demand":1,"DemandMax":null,"Value":3300},{"Length":75,"Height":44,"Demand":1,"DemandMax":null,"Value":3300},{"Length":66,"Height":50,"Demand":1,"DemandMax":null,"Value":3300},{"Length":47,"Height":70,"Demand":1,"DemandMax":null,"Value":3290},{"Length":53,"Height":62,"Demand":1,"DemandMax":null,"Value":3286},{"Length":45,"Height":73,"Demand":1,"DemandMax":null,"Value":3285},{"Length":49,"Height":67,"Demand":1,"DemandMax":null,"Value":3283},{"Length":52,"Height":63,"Demand":1,"DemandMax":null,"Value":3276},{"Length":46,"Height":71,"Demand":1,"DemandMax":null,"Value":3266},{"Length":48,"Height":68,"Demand":1,"DemandMax":null,"Value":3264},{"Length":51,"Height":64,"Demand":1,"DemandMax":null,"Value":3264},{"Length":44,"Height":74,"Demand":1,"DemandMax":null,"Value":3256},{"Length":50,"Height":65,"Demand":1,"DemandMax":null,"Value":3250},{"Length":56,"Height":58,"Demand":1,"DemandMax":null,"Value":3248},{"Length":59,"Height":55,"Demand":1,"DemandMax":null,"Value":3245},{"Length":69,"Height":47,"Demand":1,"DemandMax":null,"Value":3243},{"Length":60,"Height":54,"Demand":1,"DemandMax":null,"Value":3240},{"Length":45,"Height":72,"Demand":1,"DemandMax":null,"Value":3240},{"Length":49,"Height":66,"Demand":1,"DemandMax":null,"Value":3234},{"Length":53,"Height":61,"Demand":1,"DemandMax":null,"Value":3233},{"Length":75,"Height":43,"Demand":1,"DemandMax":null,"Value":3225},{"Length":62,"Height":52,"Demand":1,"DemandMax":null,"Value":3224},{"Length":51,"Height":63,"Demand":1,"DemandMax":null,"Value":3213},{"Length":44,"Height":73,"Demand":1,"DemandMax":null,"Value":3212},{"Length":47,"Height":68,"Demand":1,"DemandMax":null,"Value":3196},{"Length":57,"Height":56,"Demand":1,"DemandMax":null,"Value":3192},{"Length":59,"Height":54,"Demand":1,"DemandMax":null,"Value":3186},{"Length":43,"Height":74,"Demand":1,"DemandMax":null,"Value":3182},{"Length":69,"Height":46,"Demand":1,"DemandMax":null,"Value":3174},{"Length":44,"Height":72,"Demand":1,"DemandMax":null,"Value":3168},{"Length":66,"Height":48,"Demand":1,"DemandMax":null,"Value":3168},{"Length":51,"Height":62,"Demand":1,"DemandMax":null,"Value":3162},{"Length":70,"Height":45,"Demand":1,"DemandMax":null,"Value":3150},{"Length":50,"Height":63,"Demand":1,"DemandMax":null,"Value":3150},{"Length":67,"Height":47,"Demand":1,"DemandMax":null,"Value":3149},{"Length":64,"Height":49,"Demand":1,"DemandMax":null,"Value":3136},{"Length":57,"Height":55,"Demand":1,"DemandMax":null,"Value":3135},{"Length":54,"Height":58,"Demand":1,"DemandMax":null,"Value":3132},{"Length":68,"Height":46,"Demand":1,"DemandMax":null,"Value":3128},{"Length":59,"Height":53,"Demand":1,"DemandMax":null,"Value":3127},{"Length":44,"Height":71,"Demand":1,"DemandMax":null,"Value":3124},{"Length":65,"Height":48,"Demand":1,"DemandMax":null,"Value":3120},{"Length":60,"Height":52,"Demand":1,"DemandMax":null,"Value":3120},{"Length":61,"Height":51,"Demand":1,"DemandMax":null,"Value":3111},{"Length":74,"Height":42,"Demand":1,"DemandMax":null,"Value":3108},{"Length":47,"Height":66,"Demand":1,"DemandMax":null,"Value":3102},{"Length":62,"Height":50,"Demand":1,"DemandMax":null,"Value":3100},{"Length":72,"Height":43,"Demand":1,"DemandMax":null,"Value":3096},{"Length":46,"Height":67,"Demand":1,"DemandMax":null,"Value":3082},{"Length":56,"Height":55,"Demand":1,"DemandMax":null,"Value":3080},{"Length":70,"Height":44,"Demand":1,"DemandMax":null,"Value":3080},{"Length":41,"Height":75,"Demand":1,"DemandMax":null,"Value":3075},{"Length":58,"Height":53,"Demand":1,"DemandMax":null,"Value":3074},{"Length":48,"Height":64,"Demand":1,"DemandMax":null,"Value":3072},{"Length":59,"Height":52,"Demand":1,"DemandMax":null,"Value":3068},{"Length":73,"Height":42,"Demand":1,"DemandMax":null,"Value":3066},{"Length":45,"Height":68,"Demand":1,"DemandMax":null,"Value":3060},{"Length":51,"Height":60,"Demand":1,"DemandMax":null,"Value":3060},{"Length":47,"Height":65,"Demand":1,"DemandMax":null,"Value":3055},{"Length":71,"Height":43,"Demand":1,"DemandMax":null,"Value":3053},{"Length":50,"Height":61,"Demand":1,"DemandMax":null,"Value":3050},{"Length":62,"Height":49,"Demand":1,"DemandMax":null,"Value":3038},{"Length":44,"Height":69,"Demand":1,"DemandMax":null,"Value":3036},{"Length":46,"Height":66,"Demand":1,"DemandMax":null,"Value":3036},{"Length":74,"Height":41,"Demand":1,"DemandMax":null,"Value":3034},{"Length":55,"Height":55,"Demand":1,"DemandMax":null,"Value":3025},{"Length":72,"Height":42,"Demand":1,"DemandMax":null,"Value":3024},{"Length":58,"Height":52,"Demand":1,"DemandMax":null,"Value":3016},{"Length":70,"Height":43,"Demand":1,"DemandMax":null,"Value":3010},{"Length":59,"Height":51,"Demand":1,"DemandMax":null,"Value":3009},{"Length":47,"Height":64,"Demand":1,"DemandMax":null,"Value":3008},{"Length":60,"Height":50,"Demand":1,"DemandMax":null,"Value":3000},{"Length":73,"Height":41,"Demand":1,"DemandMax":null,"Value":2993},{"Length":44,"Height":68,"Demand":1,"DemandMax":null,"Value":2992},{"Length":65,"Height":46,"Demand":1,"DemandMax":null,"Value":2990},{"Length":42,"Height":71,"Demand":1,"DemandMax":null,"Value":2982},{"Length":48,"Height":62,"Demand":1,"DemandMax":null,"Value":2976},{"Length":66,"Height":45,"Demand":1,"DemandMax":null,"Value":2970},{"Length":54,"Height":55,"Demand":1,"DemandMax":null,"Value":2970},{"Length":53,"Height":56,"Demand":1,"DemandMax":null,"Value":2968},{"Length":52,"Height":57,"Demand":1,"DemandMax":null,"Value":2964},{"Length":40,"Height":74,"Demand":1,"DemandMax":null,"Value":2960},{"Length":51,"Height":58,"Demand":1,"DemandMax":null,"Value":2958},{"Length":41,"Height":72,"Demand":1,"DemandMax":null,"Value":2952},{"Length":59,"Height":50,"Demand":1,"DemandMax":null,"Value":2950},{"Length":67,"Height":44,"Demand":1,"DemandMax":null,"Value":2948},{"Length":70,"Height":42,"Demand":1,"DemandMax":null,"Value":2940},{"Length":60,"Height":49,"Demand":1,"DemandMax":null,"Value":2940},{"Length":61,"Height":48,"Demand":1,"DemandMax":null,"Value":2928},{"Length":45,"Height":65,"Demand":1,"DemandMax":null,"Value":2925},{"Length":68,"Height":43,"Demand":1,"DemandMax":null,"Value":2924},{"Length":40,"Height":73,"Demand":1,"DemandMax":null,"Value":2920},{"Length":53,"Height":55,"Demand":1,"DemandMax":null,"Value":2915},{"Length":62,"Height":47,"Demand":1,"DemandMax":null,"Value":2914},{"Length":56,"Height":52,"Demand":1,"DemandMax":null,"Value":2912},{"Length":71,"Height":41,"Demand":1,"DemandMax":null,"Value":2911},{"Length":57,"Height":51,"Demand":1,"DemandMax":null,"Value":2907},{"Length":66,"Height":44,"Demand":1,"DemandMax":null,"Value":2904},{"Length":50,"Height":58,"Demand":1,"DemandMax":null,"Value":2900},{"Length":42,"Height":69,"Demand":1,"DemandMax":null,"Value":2898},{"Length":46,"Height":63,"Demand":1,"DemandMax":null,"Value":2898},{"Length":49,"Height":59,"Demand":1,"DemandMax":null,"Value":2891},{"Length":39,"Height":74,"Demand":1,"DemandMax":null,"Value":2886},{"Length":72,"Height":40,"Demand":1,"DemandMax":null,"Value":2880},{"Length":45,"Height":64,"Demand":1,"DemandMax":null,"Value":2880},{"Length":60,"Height":48,"Demand":1,"DemandMax":null,"Value":2880},{"Length":47,"Height":61,"Demand":1,"DemandMax":null,"Value":2867},{"Length":55,"Height":52,"Demand":1,"DemandMax":null,"Value":2860},{"Length":42,"Height":68,"Demand":1,"DemandMax":null,"Value":2856},{"Length":62,"Height":46,"Demand":1,"DemandMax":null,"Value":2852},{"Length":38,"Height":75,"Demand":1,"DemandMax":null,"Value":2850},{"Length":50,"Height":57,"Demand":1,"DemandMax":null,"Value":2850},{"Length":73,"Height":39,"Demand":1,"DemandMax":null,"Value":2847},{"Length":58,"Height":49,"Demand":1,"DemandMax":null,"Value":2842},{"Length":40,"Height":71,"Demand":1,"DemandMax":null,"Value":2840},{"Length":66,"Height":43,"Demand":1,"DemandMax":null,"Value":2838},{"Length":45,"Height":63,"Demand":1,"DemandMax":null,"Value":2835},{"Length":48,"Height":59,"Demand":1,"DemandMax":null,"Value":2832},{"Length":69,"Height":41,"Demand":1,"DemandMax":null,"Value":2829},{"Length":44,"Height":64,"Demand":1,"DemandMax":null,"Value":2816},{"Length":42,"Height":67,"Demand":1,"DemandMax":null,"Value":2814},{"Length":38,"Height":74,"Demand":1,"DemandMax":null,"Value":2812},{"Length":53,"Height":53,"Demand":1,"DemandMax":null,"Value":2809},{"Length":72,"Height":39,"Demand":1,"DemandMax":null,"Value":2808},{"Length":52,"Height":54,"Demand":1,"DemandMax":null,"Value":2808},{"Length":61,"Height":46,"Demand":1,"DemandMax":null,"Value":2806},{"Length":51,"Height":55,"Demand":1,"DemandMax":null,"Value":2805},{"Length":50,"Height":56,"Demand":1,"DemandMax":null,"Value":2800},{"Length":40,"Height":70,"Demand":1,"DemandMax":null,"Value":2800},{"Length":65,"Height":43,"Demand":1,"DemandMax":null,"Value":2795},{"Length":45,"Height":62,"Demand":1,"DemandMax":null,"Value":2790},{"Length":68,"Height":41,"Demand":1,"DemandMax":null,"Value":2788},{"Length":58,"Height":48,"Demand":1,"DemandMax":null,"Value":2784},{"Length":75,"Height":37,"Demand":1,"DemandMax":null,"Value":2775},{"Length":59,"Height":47,"Demand":1,"DemandMax":null,"Value":2773},{"Length":63,"Height":44,"Demand":1,"DemandMax":null,"Value":2772},{"Length":39,"Height":71,"Demand":1,"DemandMax":null,"Value":2769},{"Length":46,"Height":60,"Demand":1,"DemandMax":null,"Value":2760},{"Length":69,"Height":40,"Demand":1,"DemandMax":null,"Value":2760},{"Length":52,"Height":53,"Demand":1,"DemandMax":null,"Value":2756},{"Length":54,"Height":51,"Demand":1,"DemandMax":null,"Value":2754},{"Length":43,"Height":64,"Demand":1,"DemandMax":null,"Value":2752},{"Length":50,"Height":55,"Demand":1,"DemandMax":null,"Value":2750},{"Length":41,"Height":67,"Demand":1,"DemandMax":null,"Value":2747},{"Length":39,"Height":70,"Demand":1,"DemandMax":null,"Value":2730},{"Length":65,"Height":42,"Demand":1,"DemandMax":null,"Value":2730},{"Length":44,"Height":62,"Demand":1,"DemandMax":null,"Value":2728},{"Length":58,"Height":47,"Demand":1,"DemandMax":null,"Value":2726},{"Length":68,"Height":40,"Demand":1,"DemandMax":null,"Value":2720},{"Length":59,"Height":46,"Demand":1,"DemandMax":null,"Value":2714},{"Length":63,"Height":43,"Demand":1,"DemandMax":null,"Value":2709},{"Length":66,"Height":41,"Demand":1,"DemandMax":null,"Value":2706},{"Length":36,"Height":75,"Demand":1,"DemandMax":null,"Value":2700},{"Length":50,"Height":54,"Demand":1,"DemandMax":null,"Value":2700},{"Length":71,"Height":38,"Demand":1,"DemandMax":null,"Value":2698},{"Length":49,"Height":55,"Demand":1,"DemandMax":null,"Value":2695},{"Length":69,"Height":39,"Demand":1,"DemandMax":null,"Value":2691},{"Length":56,"Height":48,"Demand":1,"DemandMax":null,"Value":2688},{"Length":44,"Height":61,"Demand":1,"DemandMax":null,"Value":2684},{"Length":47,"Height":57,"Demand":1,"DemandMax":null,"Value":2679},{"Length":46,"Height":58,"Demand":1,"DemandMax":null,"Value":2668},{"Length":43,"Height":62,"Demand":1,"DemandMax":null,"Value":2666},{"Length":65,"Height":41,"Demand":1,"DemandMax":null,"Value":2665},{"Length":72,"Height":37,"Demand":1,"DemandMax":null,"Value":2664},{"Length":70,"Height":38,"Demand":1,"DemandMax":null,"Value":2660},{"Length":59,"Height":45,"Demand":1,"DemandMax":null,"Value":2655},{"Length":68,"Height":39,"Demand":1,"DemandMax":null,"Value":2652},{"Length":51,"Height":52,"Demand":1,"DemandMax":null,"Value":2652},{"Length":50,"Height":53,"Demand":1,"DemandMax":null,"Value":2650},{"Length":55,"Height":48,"Demand":1,"DemandMax":null,"Value":2640},{"Length":44,"Height":60,"Demand":1,"DemandMax":null,"Value":2640},{"Length":40,"Height":66,"Demand":1,"DemandMax":null,"Value":2640},{"Length":47,"Height":56,"Demand":1,"DemandMax":null,"Value":2632},{"Length":36,"Height":73,"Demand":1,"DemandMax":null,"Value":2628},{"Length":37,"Height":71,"Demand":1,"DemandMax":null,"Value":2627},{"Length":75,"Height":35,"Demand":1,"DemandMax":null,"Value":2625},{"Length":64,"Height":41,"Demand":1,"DemandMax":null,"Value":2624},{"Length":57,"Height":46,"Demand":1,"DemandMax":null,"Value":2622},{"Length":69,"Height":38,"Demand":1,"DemandMax":null,"Value":2622},{"Length":39,"Height":67,"Demand":1,"DemandMax":null,"Value":2613},{"Length":42,"Height":62,"Demand":1,"DemandMax":null,"Value":2604},{"Length":51,"Height":51,"Demand":1,"DemandMax":null,"Value":2601},{"Length":40,"Height":65,"Demand":1,"DemandMax":null,"Value":2600},{"Length":52,"Height":50,"Demand":1,"DemandMax":null,"Value":2600},{"Length":49,"Height":53,"Demand":1,"DemandMax":null,"Value":2597},{"Length":59,"Height":44,"Demand":1,"DemandMax":null,"Value":2596},{"Length":54,"Height":48,"Demand":1,"DemandMax":null,"Value":2592},{"Length":36,"Height":72,"Demand":1,"DemandMax":null,"Value":2592},{"Length":37,"Height":70,"Demand":1,"DemandMax":null,"Value":2590},{"Length":35,"Height":74,"Demand":1,"DemandMax":null,"Value":2590},{"Length":55,"Height":47,"Demand":1,"DemandMax":null,"Value":2585},{"Length":41,"Height":63,"Demand":1,"DemandMax":null,"Value":2583},{"Length":60,"Height":43,"Demand":1,"DemandMax":null,"Value":2580},{"Length":39,"Height":66,"Demand":1,"DemandMax":null,"Value":2574},{"Length":57,"Height":45,"Demand":1,"DemandMax":null,"Value":2565},{"Length":64,"Height":40,"Demand":1,"DemandMax":null,"Value":2560},{"Length":73,"Height":35,"Demand":1,"DemandMax":null,"Value":2555},{"Length":69,"Height":37,"Demand":1,"DemandMax":null,"Value":2553},{"Length":44,"Height":58,"Demand":1,"DemandMax":null,"Value":2552},{"Length":75,"Height":34,"Demand":1,"DemandMax":null,"Value":2550},{"Length":49,"Height":52,"Demand":1,"DemandMax":null,"Value":2548},{"Length":38,"Height":67,"Demand":1,"DemandMax":null,"Value":2546},{"Length":48,"Height":53,"Demand":1,"DemandMax":null,"Value":2544},{"Length":41,"Height":62,"Demand":1,"DemandMax":null,"Value":2542},{"Length":54,"Height":47,"Demand":1,"DemandMax":null,"Value":2538},{"Length":39,"Height":65,"Demand":1,"DemandMax":null,"Value":2535},{"Length":46,"Height":55,"Demand":1,"DemandMax":null,"Value":2530},{"Length":70,"Height":36,"Demand":1,"DemandMax":null,"Value":2520},{"Length":56,"Height":45,"Demand":1,"DemandMax":null,"Value":2520},{"Length":60,"Height":42,"Demand":1,"DemandMax":null,"Value":2520},{"Length":40,"Height":63,"Demand":1,"DemandMax":null,"Value":2520},{"Length":68,"Height":37,"Demand":1,"DemandMax":null,"Value":2516},{"Length":57,"Height":44,"Demand":1,"DemandMax":null,"Value":2508},{"Length":66,"Height":38,"Demand":1,"DemandMax":null,"Value":2508},{"Length":61,"Height":41,"Demand":1,"DemandMax":null,"Value":2501},{"Length":49,"Height":51,"Demand":1,"DemandMax":null,"Value":2499},{"Length":64,"Height":39,"Demand":1,"DemandMax":null,"Value":2496},{"Length":58,"Height":43,"Demand":1,"DemandMax":null,"Value":2494},{"Length":47,"Height":53,"Demand":1,"DemandMax":null,"Value":2491},{"Length":35,"Height":71,"Demand":1,"DemandMax":null,"Value":2485},{"Length":36,"Height":69,"Demand":1,"DemandMax":null,"Value":2484},{"Length":46,"Height":54,"Demand":1,"DemandMax":null,"Value":2484},{"Length":73,"Height":34,"Demand":1,"DemandMax":null,"Value":2482},{"Length":62,"Height":40,"Demand":1,"DemandMax":null,"Value":2480},{"Length":37,"Height":67,"Demand":1,"DemandMax":null,"Value":2479},{"Length":59,"Height":42,"Demand":1,"DemandMax":null,"Value":2478},{"Length":55,"Height":45,"Demand":1,"DemandMax":null,"Value":2475},{"Length":65,"Height":38,"Demand":1,"DemandMax":null,"Value":2470},{"Length":39,"Height":63,"Demand":1,"DemandMax":null,"Value":2457},{"Length":57,"Height":43,"Demand":1,"DemandMax":null,"Value":2451},{"Length":35,"Height":70,"Demand":1,"DemandMax":null,"Value":2450},{"Length":49,"Height":50,"Demand":1,"DemandMax":null,"Value":2450},{"Length":51,"Height":48,"Demand":1,"DemandMax":null,"Value":2448},{"Length":52,"Height":47,"Demand":1,"DemandMax":null,"Value":2444},{"Length":74,"Height":33,"Demand":1,"DemandMax":null,"Value":2442},{"Length":40,"Height":61,"Demand":1,"DemandMax":null,"Value":2440},{"Length":53,"Height":46,"Demand":1,"DemandMax":null,"Value":2438},{"Length":42,"Height":58,"Demand":1,"DemandMax":null,"Value":2436},{"Length":38,"Height":64,"Demand":1,"DemandMax":null,"Value":2432},{"Length":44,"Height":55,"Demand":1,"DemandMax":null,"Value":2420},{"Length":59,"Height":41,"Demand":1,"DemandMax":null,"Value":2419},{"Length":39,"Height":62,"Demand":1,"DemandMax":null,"Value":2418},{"Length":69,"Height":35,"Demand":1,"DemandMax":null,"Value":2415},{"Length":34,"Height":71,"Demand":1,"DemandMax":null,"Value":2414},{"Length":67,"Height":36,"Demand":1,"DemandMax":null,"Value":2412},{"Length":73,"Height":33,"Demand":1,"DemandMax":null,"Value":2409},{"Length":56,"Height":43,"Demand":1,"DemandMax":null,"Value":2408},{"Length":37,"Height":65,"Demand":1,"DemandMax":null,"Value":2405},{"Length":49,"Height":49,"Demand":1,"DemandMax":null,"Value":2401},{"Length":75,"Height":32,"Demand":1,"DemandMax":null,"Value":2400},{"Length":40,"Height":60,"Demand":1,"DemandMax":null,"Value":2400},{"Length":47,"Height":51,"Demand":1,"DemandMax":null,"Value":2397},{"Length":38,"Height":63,"Demand":1,"DemandMax":null,"Value":2394},{"Length":46,"Height":52,"Demand":1,"DemandMax":null,"Value":2392},{"Length":45,"Height":53,"Demand":1,"DemandMax":null,"Value":2385},{"Length":34,"Height":70,"Demand":1,"DemandMax":null,"Value":2380},{"Length":61,"Height":39,"Demand":1,"DemandMax":null,"Value":2379},{"Length":41,"Height":58,"Demand":1,"DemandMax":null,"Value":2378},{"Length":66,"Height":36,"Demand":1,"DemandMax":null,"Value":2376},{"Length":54,"Height":44,"Demand":1,"DemandMax":null,"Value":2376},{"Length":72,"Height":33,"Demand":1,"DemandMax":null,"Value":2376},{"Length":64,"Height":37,"Demand":1,"DemandMax":null,"Value":2368},{"Length":74,"Height":32,"Demand":1,"DemandMax":null,"Value":2368},{"Length":59,"Height":40,"Demand":1,"DemandMax":null,"Value":2360},{"Length":38,"Height":62,"Demand":1,"DemandMax":null,"Value":2356},{"Length":48,"Height":49,"Demand":1,"DemandMax":null,"Value":2352},{"Length":50,"Height":47,"Demand":1,"DemandMax":null,"Value":2350},{"Length":34,"Height":69,"Demand":1,"DemandMax":null,"Value":2346},{"Length":46,"Height":51,"Demand":1,"DemandMax":null,"Value":2346},{"Length":35,"Height":67,"Demand":1,"DemandMax":null,"Value":2345},{"Length":33,"Height":71,"Demand":1,"DemandMax":null,"Value":2343},{"Length":45,"Height":52,"Demand":1,"DemandMax":null,"Value":2340},{"Length":39,"Height":60,"Demand":1,"DemandMax":null,"Value":2340},{"Length":36,"Height":65,"Demand":1,"DemandMax":null,"Value":2340},{"Length":41,"Height":57,"Demand":1,"DemandMax":null,"Value":2337},{"Length":32,"Height":73,"Demand":1,"DemandMax":null,"Value":2336},{"Length":31,"Height":75,"Demand":1,"DemandMax":null,"Value":2325},{"Length":43,"Height":54,"Demand":1,"DemandMax":null,"Value":2322},{"Length":61,"Height":38,"Demand":1,"DemandMax":null,"Value":2318},{"Length":66,"Height":35,"Demand":1,"DemandMax":null,"Value":2310},{"Length":33,"Height":70,"Demand":1,"DemandMax":null,"Value":2310},{"Length":42,"Height":55,"Demand":1,"DemandMax":null,"Value":2310},{"Length":72,"Height":32,"Demand":1,"DemandMax":null,"Value":2304},{"Length":47,"Height":49,"Demand":1,"DemandMax":null,"Value":2303},{"Length":59,"Height":39,"Demand":1,"DemandMax":null,"Value":2301},{"Length":56,"Height":41,"Demand":1,"DemandMax":null,"Value":2296},{"Length":45,"Height":51,"Demand":1,"DemandMax":null,"Value":2295},{"Length":31,"Height":74,"Demand":1,"DemandMax":null,"Value":2294},{"Length":62,"Height":37,"Demand":1,"DemandMax":null,"Value":2294},{"Length":43,"Height":53,"Demand":1,"DemandMax":null,"Value":2279},{"Length":63,"Height":36,"Demand":1,"DemandMax":null,"Value":2268},{"Length":42,"Height":54,"Demand":1,"DemandMax":null,"Value":2268},{"Length":73,"Height":31,"Demand":1,"DemandMax":null,"Value":2263},{"Length":39,"Height":58,"Demand":1,"DemandMax":null,"Value":2262},{"Length":61,"Height":37,"Demand":1,"DemandMax":null,"Value":2257},{"Length":49,"Height":46,"Demand":1,"DemandMax":null,"Value":2254},{"Length":30,"Height":75,"Demand":1,"DemandMax":null,"Value":2250},{"Length":68,"Height":33,"Demand":1,"DemandMax":null,"Value":2244},{"Length":34,"Height":66,"Demand":1,"DemandMax":null,"Value":2244},{"Length":44,"Height":51,"Demand":1,"DemandMax":null,"Value":2244},{"Length":59,"Height":38,"Demand":1,"DemandMax":null,"Value":2242},{"Length":32,"Height":70,"Demand":1,"DemandMax":null,"Value":2240},{"Length":35,"Height":64,"Demand":1,"DemandMax":null,"Value":2240},{"Length":52,"Height":43,"Demand":1,"DemandMax":null,"Value":2236},{"Length":72,"Height":31,"Demand":1,"DemandMax":null,"Value":2232},{"Length":36,"Height":62,"Demand":1,"DemandMax":null,"Value":2232},{"Length":42,"Height":53,"Demand":1,"DemandMax":null,"Value":2226},{"Length":57,"Height":39,"Demand":1,"DemandMax":null,"Value":2223},{"Length":60,"Height":37,"Demand":1,"DemandMax":null,"Value":2220},{"Length":74,"Height":30,"Demand":1,"DemandMax":null,"Value":2220},{"Length":54,"Height":41,"Demand":1,"DemandMax":null,"Value":2214},{"Length":33,"Height":67,"Demand":1,"DemandMax":null,"Value":2211},{"Length":32,"Height":69,"Demand":1,"DemandMax":null,"Value":2208},{"Length":45,"Height":49,"Demand":1,"DemandMax":null,"Value":2205},{"Length":63,"Height":35,"Demand":1,"DemandMax":null,"Value":2205},{"Length":38,"Height":58,"Demand":1,"DemandMax":null,"Value":2204},{"Length":71,"Height":31,"Demand":1,"DemandMax":null,"Value":2201},{"Length":55,"Height":40,"Demand":1,"DemandMax":null,"Value":2200},{"Length":51,"Height":43,"Demand":1,"DemandMax":null,"Value":2193},{"Length":73,"Height":30,"Demand":1,"DemandMax":null,"Value":2190},{"Length":56,"Height":39,"Demand":1,"DemandMax":null,"Value":2184},{"Length":52,"Height":42,"Demand":1,"DemandMax":null,"Value":2184},{"Length":37,"Height":59,"Demand":1,"DemandMax":null,"Value":2183},{"Length":33,"Height":66,"Demand":1,"DemandMax":null,"Value":2178},{"Length":64,"Height":34,"Demand":1,"DemandMax":null,"Value":2176},{"Length":53,"Height":41,"Demand":1,"DemandMax":null,"Value":2173},{"Length":31,"Height":70,"Demand":1,"DemandMax":null,"Value":2170},{"Length":35,"Height":62,"Demand":1,"DemandMax":null,"Value":2170},{"Length":38,"Height":57,"Demand":1,"DemandMax":null,"Value":2166},{"Length":46,"Height":47,"Demand":1,"DemandMax":null,"Value":2162},{"Length":45,"Height":48,"Demand":1,"DemandMax":null,"Value":2160},{"Length":30,"Height":72,"Demand":1,"DemandMax":null,"Value":2160},{"Length":50,"Height":43,"Demand":1,"DemandMax":null,"Value":2150},{"Length":74,"Height":29,"Demand":1,"DemandMax":null,"Value":2146},{"Length":39,"Height":55,"Demand":1,"DemandMax":null,"Value":2145},{"Length":33,"Height":65,"Demand":1,"DemandMax":null,"Value":2145},{"Length":32,"Height":67,"Demand":1,"DemandMax":null,"Value":2144},{"Length":63,"Height":34,"Demand":1,"DemandMax":null,"Value":2142},{"Length":51,"Height":42,"Demand":1,"DemandMax":null,"Value":2142},{"Length":69,"Height":31,"Demand":1,"DemandMax":null,"Value":2139},{"Length":61,"Height":35,"Demand":1,"DemandMax":null,"Value":2135},{"Length":41,"Height":52,"Demand":1,"DemandMax":null,"Value":2132},{"Length":30,"Height":71,"Demand":1,"DemandMax":null,"Value":2130},{"Length":56,"Height":38,"Demand":1,"DemandMax":null,"Value":2128},{"Length":36,"Height":59,"Demand":1,"DemandMax":null,"Value":2124},{"Length":40,"Height":53,"Demand":1,"DemandMax":null,"Value":2120},{"Length":73,"Height":29,"Demand":1,"DemandMax":null,"Value":2117},{"Length":46,"Height":46,"Demand":1,"DemandMax":null,"Value":2116},{"Length":47,"Height":45,"Demand":1,"DemandMax":null,"Value":2115},{"Length":64,"Height":33,"Demand":1,"DemandMax":null,"Value":2112},{"Length":32,"Height":66,"Demand":1,"DemandMax":null,"Value":2112},{"Length":62,"Height":34,"Demand":1,"DemandMax":null,"Value":2108},{"Length":31,"Height":68,"Demand":1,"DemandMax":null,"Value":2108},{"Length":43,"Height":49,"Demand":1,"DemandMax":null,"Value":2107},{"Length":39,"Height":54,"Demand":1,"DemandMax":null,"Value":2106},{"Length":50,"Height":42,"Demand":1,"DemandMax":null,"Value":2100},{"Length":30,"Height":70,"Demand":1,"DemandMax":null,"Value":2100},{"Length":28,"Height":75,"Demand":1,"DemandMax":null,"Value":2100},{"Length":35,"Height":60,"Demand":1,"DemandMax":null,"Value":2100},{"Length":38,"Height":55,"Demand":1,"DemandMax":null,"Value":2090},{"Length":36,"Height":58,"Demand":1,"DemandMax":null,"Value":2088},{"Length":72,"Height":29,"Demand":1,"DemandMax":null,"Value":2088},{"Length":40,"Height":52,"Demand":1,"DemandMax":null,"Value":2080},{"Length":63,"Height":33,"Demand":1,"DemandMax":null,"Value":2079},{"Length":31,"Height":67,"Demand":1,"DemandMax":null,"Value":2077},{"Length":61,"Height":34,"Demand":1,"DemandMax":null,"Value":2074},{"Length":47,"Height":44,"Demand":1,"DemandMax":null,"Value":2068},{"Length":35,"Height":59,"Demand":1,"DemandMax":null,"Value":2065},{"Length":43,"Height":48,"Demand":1,"DemandMax":null,"Value":2064},{"Length":71,"Height":29,"Demand":1,"DemandMax":null,"Value":2059},{"Length":49,"Height":42,"Demand":1,"DemandMax":null,"Value":2058},{"Length":54,"Height":38,"Demand":1,"DemandMax":null,"Value":2052},{"Length":57,"Height":36,"Demand":1,"DemandMax":null,"Value":2052},{"Length":31,"Height":66,"Demand":1,"DemandMax":null,"Value":2046},{"Length":62,"Height":33,"Demand":1,"DemandMax":null,"Value":2046},{"Length":28,"Height":73,"Demand":1,"DemandMax":null,"Value":2044},{"Length":51,"Height":40,"Demand":1,"DemandMax":null,"Value":2040},{"Length":55,"Height":37,"Demand":1,"DemandMax":null,"Value":2035},{"Length":35,"Height":58,"Demand":1,"DemandMax":null,"Value":2030},{"Length":29,"Height":70,"Demand":1,"DemandMax":null,"Value":2030},{"Length":39,"Height":52,"Demand":1,"DemandMax":null,"Value":2028},{"Length":75,"Height":27,"Demand":1,"DemandMax":null,"Value":2025},{"Length":45,"Height":45,"Demand":1,"DemandMax":null,"Value":2025},{"Length":46,"Height":44,"Demand":1,"DemandMax":null,"Value":2024},{"Length":48,"Height":42,"Demand":1,"DemandMax":null,"Value":2016},{"Length":36,"Height":56,"Demand":1,"DemandMax":null,"Value":2016},{"Length":65,"Height":31,"Demand":1,"DemandMax":null,"Value":2015},{"Length":38,"Height":53,"Demand":1,"DemandMax":null,"Value":2014},{"Length":33,"Height":61,"Demand":1,"DemandMax":null,"Value":2013},{"Length":30,"Height":67,"Demand":1,"DemandMax":null,"Value":2010},{"Length":34,"Height":59,"Demand":1,"DemandMax":null,"Value":2006},{"Length":29,"Height":69,"Demand":1,"DemandMax":null,"Value":2001},{"Length":40,"Height":50,"Demand":1,"DemandMax":null,"Value":2000},{"Length":37,"Height":54,"Demand":1,"DemandMax":null,"Value":1998},{"Length":27,"Height":74,"Demand":1,"DemandMax":null,"Value":1998},{"Length":35,"Height":57,"Demand":1,"DemandMax":null,"Value":1995},{"Length":51,"Height":39,"Demand":1,"DemandMax":null,"Value":1989},{"Length":32,"Height":62,"Demand":1,"DemandMax":null,"Value":1984},{"Length":66,"Height":30,"Demand":1,"DemandMax":null,"Value":1980},{"Length":45,"Height":44,"Demand":1,"DemandMax":null,"Value":1980},{"Length":55,"Height":36,"Demand":1,"DemandMax":null,"Value":1980},{"Length":46,"Height":43,"Demand":1,"DemandMax":null,"Value":1978},{"Length":38,"Height":52,"Demand":1,"DemandMax":null,"Value":1976},{"Length":68,"Height":29,"Demand":1,"DemandMax":null,"Value":1972},{"Length":34,"Height":58,"Demand":1,"DemandMax":null,"Value":1972},{"Length":48,"Height":41,"Demand":1,"DemandMax":null,"Value":1968},{"Length":37,"Height":53,"Demand":1,"DemandMax":null,"Value":1961},{"Length":40,"Height":49,"Demand":1,"DemandMax":null,"Value":1960},{"Length":31,"Height":63,"Demand":1,"DemandMax":null,"Value":1953},{"Length":50,"Height":39,"Demand":1,"DemandMax":null,"Value":1950},{"Length":30,"Height":65,"Demand":1,"DemandMax":null,"Value":1950},{"Length":75,"Height":26,"Demand":1,"DemandMax":null,"Value":1950},{"Length":59,"Height":33,"Demand":1,"DemandMax":null,"Value":1947},{"Length":27,"Height":72,"Demand":1,"DemandMax":null,"Value":1944},{"Length":54,"Height":36,"Demand":1,"DemandMax":null,"Value":1944},{"Length":67,"Height":29,"Demand":1,"DemandMax":null,"Value":1943},{"Length":57,"Height":34,"Demand":1,"DemandMax":null,"Value":1938},{"Length":51,"Height":38,"Demand":1,"DemandMax":null,"Value":1938},{"Length":44,"Height":44,"Demand":1,"DemandMax":null,"Value":1936},{"Length":43,"Height":45,"Demand":1,"DemandMax":null,"Value":1935},{"Length":42,"Height":46,"Demand":1,"DemandMax":null,"Value":1932},{"Length":28,"Height":69,"Demand":1,"DemandMax":null,"Value":1932},{"Length":41,"Height":47,"Demand":1,"DemandMax":null,"Value":1927},{"Length":74,"Height":26,"Demand":1,"DemandMax":null,"Value":1924},{"Length":52,"Height":37,"Demand":1,"DemandMax":null,"Value":1924},{"Length":64,"Height":30,"Demand":1,"DemandMax":null,"Value":1920},{"Length":48,"Height":40,"Demand":1,"DemandMax":null,"Value":1920},{"Length":60,"Height":32,"Demand":1,"DemandMax":null,"Value":1920},{"Length":27,"Height":71,"Demand":1,"DemandMax":null,"Value":1917},{"Length":29,"Height":66,"Demand":1,"DemandMax":null,"Value":1914},{"Length":33,"Height":58,"Demand":1,"DemandMax":null,"Value":1914},{"Length":49,"Height":39,"Demand":1,"DemandMax":null,"Value":1911},{"Length":53,"Height":36,"Demand":1,"DemandMax":null,"Value":1908},{"Length":28,"Height":68,"Demand":1,"DemandMax":null,"Value":1904},{"Length":26,"Height":73,"Demand":1,"DemandMax":null,"Value":1898},{"Length":44,"Height":43,"Demand":1,"DemandMax":null,"Value":1892},{"Length":31,"Height":61,"Demand":1,"DemandMax":null,"Value":1891},{"Length":42,"Height":45,"Demand":1,"DemandMax":null,"Value":1890},{"Length":30,"Height":63,"Demand":1,"DemandMax":null,"Value":1890},{"Length":35,"Height":54,"Demand":1,"DemandMax":null,"Value":1890},{"Length":27,"Height":70,"Demand":1,"DemandMax":null,"Value":1890},{"Length":32,"Height":59,"Demand":1,"DemandMax":null,"Value":1888},{"Length":37,"Height":51,"Demand":1,"DemandMax":null,"Value":1887},{"Length":29,"Height":65,"Demand":1,"DemandMax":null,"Value":1885},{"Length":57,"Height":33,"Demand":1,"DemandMax":null,"Value":1881},{"Length":67,"Height":28,"Demand":1,"DemandMax":null,"Value":1876},{"Length":75,"Height":25,"Demand":1,"DemandMax":null,"Value":1875},{"Length":55,"Height":34,"Demand":1,"DemandMax":null,"Value":1870},{"Length":69,"Height":27,"Demand":1,"DemandMax":null,"Value":1863},{"Length":30,"Height":62,"Demand":1,"DemandMax":null,"Value":1860},{"Length":31,"Height":60,"Demand":1,"DemandMax":null,"Value":1860},{"Length":58,"Height":32,"Demand":1,"DemandMax":null,"Value":1856},{"Length":64,"Height":29,"Demand":1,"DemandMax":null,"Value":1856},{"Length":53,"Height":35,"Demand":1,"DemandMax":null,"Value":1855},{"Length":50,"Height":37,"Demand":1,"DemandMax":null,"Value":1850},{"Length":43,"Height":43,"Demand":1,"DemandMax":null,"Value":1849},{"Length":66,"Height":28,"Demand":1,"DemandMax":null,"Value":1848},{"Length":71,"Height":26,"Demand":1,"DemandMax":null,"Value":1846},{"Length":45,"Height":41,"Demand":1,"DemandMax":null,"Value":1845},{"Length":40,"Height":46,"Demand":1,"DemandMax":null,"Value":1840},{"Length":27,"Height":68,"Demand":1,"DemandMax":null,"Value":1836},{"Length":34,"Height":54,"Demand":1,"DemandMax":null,"Value":1836},{"Length":39,"Height":47,"Demand":1,"DemandMax":null,"Value":1833},{"Length":61,"Height":30,"Demand":1,"DemandMax":null,"Value":1830},{"Length":59,"Height":31,"Demand":1,"DemandMax":null,"Value":1829},{"Length":29,"Height":63,"Demand":1,"DemandMax":null,"Value":1827},{"Length":73,"Height":25,"Demand":1,"DemandMax":null,"Value":1825},{"Length":26,"Height":70,"Demand":1,"DemandMax":null,"Value":1820},{"Length":28,"Height":65,"Demand":1,"DemandMax":null,"Value":1820},{"Length":35,"Height":52,"Demand":1,"DemandMax":null,"Value":1820},{"Length":55,"Height":33,"Demand":1,"DemandMax":null,"Value":1815},{"Length":37,"Height":49,"Demand":1,"DemandMax":null,"Value":1813},{"Length":27,"Height":67,"Demand":1,"DemandMax":null,"Value":1809},{"Length":44,"Height":41,"Demand":1,"DemandMax":null,"Value":1804},{"Length":34,"Height":53,"Demand":1,"DemandMax":null,"Value":1802},{"Length":60,"Height":30,"Demand":1,"DemandMax":null,"Value":1800},{"Length":72,"Height":25,"Demand":1,"DemandMax":null,"Value":1800},{"Length":40,"Height":45,"Demand":1,"DemandMax":null,"Value":1800},{"Length":62,"Height":29,"Demand":1,"DemandMax":null,"Value":1798},{"Length":31,"Height":58,"Demand":1,"DemandMax":null,"Value":1798},{"Length":46,"Height":39,"Demand":1,"DemandMax":null,"Value":1794},{"Length":26,"Height":69,"Demand":1,"DemandMax":null,"Value":1794},{"Length":64,"Height":28,"Demand":1,"DemandMax":null,"Value":1792},{"Length":56,"Height":32,"Demand":1,"DemandMax":null,"Value":1792},{"Length":38,"Height":47,"Demand":1,"DemandMax":null,"Value":1786},{"Length":54,"Height":33,"Demand":1,"DemandMax":null,"Value":1782},{"Length":37,"Height":48,"Demand":1,"DemandMax":null,"Value":1776},{"Length":25,"Height":71,"Demand":1,"DemandMax":null,"Value":1775},{"Length":61,"Height":29,"Demand":1,"DemandMax":null,"Value":1769},{"Length":52,"Height":34,"Demand":1,"DemandMax":null,"Value":1768},{"Length":57,"Height":31,"Demand":1,"DemandMax":null,"Value":1767},{"Length":63,"Height":28,"Demand":1,"DemandMax":null,"Value":1764},{"Length":42,"Height":42,"Demand":1,"DemandMax":null,"Value":1764},{"Length":49,"Height":36,"Demand":1,"DemandMax":null,"Value":1764},{"Length":43,"Height":41,"Demand":1,"DemandMax":null,"Value":1763},{"Length":55,"Height":32,"Demand":1,"DemandMax":null,"Value":1760},{"Length":27,"Height":65,"Demand":1,"DemandMax":null,"Value":1755},{"Length":39,"Height":45,"Demand":1,"DemandMax":null,"Value":1755},{"Length":50,"Height":35,"Demand":1,"DemandMax":null,"Value":1750},{"Length":25,"Height":70,"Demand":1,"DemandMax":null,"Value":1750},{"Length":33,"Height":53,"Demand":1,"DemandMax":null,"Value":1749},{"Length":46,"Height":38,"Demand":1,"DemandMax":null,"Value":1748},{"Length":67,"Height":26,"Demand":1,"DemandMax":null,"Value":1742},{"Length":30,"Height":58,"Demand":1,"DemandMax":null,"Value":1740},{"Length":37,"Height":47,"Demand":1,"DemandMax":null,"Value":1739},{"Length":62,"Height":28,"Demand":1,"DemandMax":null,"Value":1736},{"Length":34,"Height":51,"Demand":1,"DemandMax":null,"Value":1734},{"Length":27,"Height":64,"Demand":1,"DemandMax":null,"Value":1728},{"Length":36,"Height":48,"Demand":1,"DemandMax":null,"Value":1728},{"Length":32,"Height":54,"Demand":1,"DemandMax":null,"Value":1728},{"Length":42,"Height":41,"Demand":1,"DemandMax":null,"Value":1722},{"Length":40,"Height":43,"Demand":1,"DemandMax":null,"Value":1720},{"Length":39,"Height":44,"Demand":1,"DemandMax":null,"Value":1716},{"Length":59,"Height":29,"Demand":1,"DemandMax":null,"Value":1711},{"Length":57,"Height":30,"Demand":1,"DemandMax":null,"Value":1710},{"Length":31,"Height":55,"Demand":1,"DemandMax":null,"Value":1705},{"Length":37,"Height":46,"Demand":1,"DemandMax":null,"Value":1702},{"Length":34,"Height":50,"Demand":1,"DemandMax":null,"Value":1700},{"Length":32,"Height":53,"Demand":1,"DemandMax":null,"Value":1696},{"Length":33,"Height":51,"Demand":1,"DemandMax":null,"Value":1683},{"Length":41,"Height":41,"Demand":1,"DemandMax":null,"Value":1681},{"Length":30,"Height":56,"Demand":1,"DemandMax":null,"Value":1680},{"Length":60,"Height":28,"Demand":1,"DemandMax":null,"Value":1680},{"Length":42,"Height":40,"Demand":1,"DemandMax":null,"Value":1680},{"Length":35,"Height":48,"Demand":1,"DemandMax":null,"Value":1680},{"Length":43,"Height":39,"Demand":1,"DemandMax":null,"Value":1677},{"Length":54,"Height":31,"Demand":1,"DemandMax":null,"Value":1674},{"Length":44,"Height":38,"Demand":1,"DemandMax":null,"Value":1672},{"Length":37,"Height":45,"Demand":1,"DemandMax":null,"Value":1665},{"Length":52,"Height":32,"Demand":1,"DemandMax":null,"Value":1664},{"Length":64,"Height":26,"Demand":1,"DemandMax":null,"Value":1664},{"Length":46,"Height":36,"Demand":1,"DemandMax":null,"Value":1656},{"Length":57,"Height":29,"Demand":1,"DemandMax":null,"Value":1653},{"Length":28,"Height":59,"Demand":1,"DemandMax":null,"Value":1652},{"Length":30,"Height":55,"Demand":1,"DemandMax":null,"Value":1650},{"Length":66,"Height":25,"Demand":1,"DemandMax":null,"Value":1650},{"Length":53,"Height":31,"Demand":1,"DemandMax":null,"Value":1643},{"Length":63,"Height":26,"Demand":1,"DemandMax":null,"Value":1638},{"Length":39,"Height":42,"Demand":1,"DemandMax":null,"Value":1638},{"Length":38,"Height":43,"Demand":1,"DemandMax":null,"Value":1634},{"Length":34,"Height":48,"Demand":1,"DemandMax":null,"Value":1632},{"Length":32,"Height":51,"Demand":1,"DemandMax":null,"Value":1632},{"Length":37,"Height":44,"Demand":1,"DemandMax":null,"Value":1628},{"Length":28,"Height":58,"Demand":1,"DemandMax":null,"Value":1624},{"Length":29,"Height":56,"Demand":1,"DemandMax":null,"Value":1624},{"Length":30,"Height":54,"Demand":1,"DemandMax":null,"Value":1620},{"Length":26,"Height":62,"Demand":1,"DemandMax":null,"Value":1612},{"Length":35,"Height":46,"Demand":1,"DemandMax":null,"Value":1610},{"Length":40,"Height":40,"Demand":1,"DemandMax":null,"Value":1600},{"Length":64,"Height":25,"Demand":1,"DemandMax":null,"Value":1600},{"Length":34,"Height":47,"Demand":1,"DemandMax":null,"Value":1598},{"Length":57,"Height":28,"Demand":1,"DemandMax":null,"Value":1596},{"Length":42,"Height":38,"Demand":1,"DemandMax":null,"Value":1596},{"Length":29,"Height":55,"Demand":1,"DemandMax":null,"Value":1595},{"Length":43,"Height":37,"Demand":1,"DemandMax":null,"Value":1591},{"Length":53,"Height":30,"Demand":1,"DemandMax":null,"Value":1590},{"Length":26,"Height":61,"Demand":1,"DemandMax":null,"Value":1586},{"Length":44,"Height":36,"Demand":1,"DemandMax":null,"Value":1584},{"Length":33,"Height":48,"Demand":1,"DemandMax":null,"Value":1584},{"Length":31,"Height":51,"Demand":1,"DemandMax":null,"Value":1581},{"Length":45,"Height":35,"Demand":1,"DemandMax":null,"Value":1575},{"Length":63,"Height":25,"Demand":1,"DemandMax":null,"Value":1575},{"Length":56,"Height":28,"Demand":1,"DemandMax":null,"Value":1568},{"Length":34,"Height":46,"Demand":1,"DemandMax":null,"Value":1564},{"Length":40,"Height":39,"Demand":1,"DemandMax":null,"Value":1560},{"Length":52,"Height":30,"Demand":1,"DemandMax":null,"Value":1560},{"Length":38,"Height":41,"Demand":1,"DemandMax":null,"Value":1558},{"Length":42,"Height":37,"Demand":1,"DemandMax":null,"Value":1554},{"Length":47,"Height":33,"Demand":1,"DemandMax":null,"Value":1551},{"Length":25,"Height":62,"Demand":1,"DemandMax":null,"Value":1550},{"Length":31,"Height":50,"Demand":1,"DemandMax":null,"Value":1550},{"Length":28,"Height":55,"Demand":1,"DemandMax":null,"Value":1540},{"Length":35,"Height":44,"Demand":1,"DemandMax":null,"Value":1540},{"Length":27,"Height":57,"Demand":1,"DemandMax":null,"Value":1539},{"Length":53,"Height":29,"Demand":1,"DemandMax":null,"Value":1537},{"Length":32,"Height":48,"Demand":1,"DemandMax":null,"Value":1536},{"Length":26,"Height":59,"Demand":1,"DemandMax":null,"Value":1534},{"Length":30,"Height":51,"Demand":1,"DemandMax":null,"Value":1530},{"Length":45,"Height":34,"Demand":1,"DemandMax":null,"Value":1530},{"Length":25,"Height":61,"Demand":1,"DemandMax":null,"Value":1525},{"Length":39,"Height":39,"Demand":1,"DemandMax":null,"Value":1521},{"Length":40,"Height":38,"Demand":1,"DemandMax":null,"Value":1520},{"Length":31,"Height":49,"Demand":1,"DemandMax":null,"Value":1519},{"Length":37,"Height":41,"Demand":1,"DemandMax":null,"Value":1517},{"Length":42,"Height":36,"Demand":1,"DemandMax":null,"Value":1512},{"Length":54,"Height":28,"Demand":1,"DemandMax":null,"Value":1512},{"Length":56,"Height":27,"Demand":1,"DemandMax":null,"Value":1512},{"Length":52,"Height":29,"Demand":1,"DemandMax":null,"Value":1508},{"Length":26,"Height":58,"Demand":1,"DemandMax":null,"Value":1508},{"Length":35,"Height":43,"Demand":1,"DemandMax":null,"Value":1505},{"Length":32,"Height":47,"Demand":1,"DemandMax":null,"Value":1504},{"Length":30,"Height":50,"Demand":1,"DemandMax":null,"Value":1500},{"Length":25,"Height":60,"Demand":1,"DemandMax":null,"Value":1500},{"Length":44,"Height":34,"Demand":1,"DemandMax":null,"Value":1496},{"Length":48,"Height":31,"Demand":1,"DemandMax":null,"Value":1488},{"Length":27,"Height":55,"Demand":1,"DemandMax":null,"Value":1485},{"Length":45,"Height":33,"Demand":1,"DemandMax":null,"Value":1485},{"Length":53,"Height":28,"Demand":1,"DemandMax":null,"Value":1484},{"Length":26,"Height":57,"Demand":1,"DemandMax":null,"Value":1482},{"Length":37,"Height":40,"Demand":1,"DemandMax":null,"Value":1480},{"Length":51,"Height":29,"Demand":1,"DemandMax":null,"Value":1479},{"Length":36,"Height":41,"Demand":1,"DemandMax":null,"Value":1476},{"Length":25,"Height":59,"Demand":1,"DemandMax":null,"Value":1475},{"Length":32,"Height":46,"Demand":1,"DemandMax":null,"Value":1472},{"Length":30,"Height":49,"Demand":1,"DemandMax":null,"Value":1470},{"Length":43,"Height":34,"Demand":1,"DemandMax":null,"Value":1462},{"Length":27,"Height":54,"Demand":1,"DemandMax":null,"Value":1458},{"Length":28,"Height":52,"Demand":1,"DemandMax":null,"Value":1456},{"Length":26,"Height":56,"Demand":1,"DemandMax":null,"Value":1456},{"Length":44,"Height":33,"Demand":1,"DemandMax":null,"Value":1452},{"Length":37,"Height":39,"Demand":1,"DemandMax":null,"Value":1443},{"Length":45,"Height":32,"Demand":1,"DemandMax":null,"Value":1440},{"Length":41,"Height":35,"Demand":1,"DemandMax":null,"Value":1435},{"Length":53,"Height":27,"Demand":1,"DemandMax":null,"Value":1431},{"Length":42,"Height":34,"Demand":1,"DemandMax":null,"Value":1428},{"Length":31,"Height":46,"Demand":1,"DemandMax":null,"Value":1426},{"Length":57,"Height":25,"Demand":1,"DemandMax":null,"Value":1425},{"Length":29,"Height":49,"Demand":1,"DemandMax":null,"Value":1421},{"Length":32,"Height":44,"Demand":1,"DemandMax":null,"Value":1408},{"Length":38,"Height":37,"Demand":1,"DemandMax":null,"Value":1406},{"Length":39,"Height":36,"Demand":1,"DemandMax":null,"Value":1404},{"Length":26,"Height":54,"Demand":1,"DemandMax":null,"Value":1404},{"Length":40,"Height":35,"Demand":1,"DemandMax":null,"Value":1400},{"Length":56,"Height":25,"Demand":1,"DemandMax":null,"Value":1400},{"Length":28,"Height":50,"Demand":1,"DemandMax":null,"Value":1400},{"Length":45,"Height":31,"Demand":1,"DemandMax":null,"Value":1395},{"Length":48,"Height":29,"Demand":1,"DemandMax":null,"Value":1392},{"Length":42,"Height":33,"Demand":1,"DemandMax":null,"Value":1386},{"Length":32,"Height":43,"Demand":1,"DemandMax":null,"Value":1376},{"Length":49,"Height":28,"Demand":1,"DemandMax":null,"Value":1372},{"Length":36,"Height":38,"Demand":1,"DemandMax":null,"Value":1368},{"Length":31,"Height":44,"Demand":1,"DemandMax":null,"Value":1364},{"Length":52,"Height":26,"Demand":1,"DemandMax":null,"Value":1352},{"Length":54,"Height":25,"Demand":1,"DemandMax":null,"Value":1350},{"Length":50,"Height":27,"Demand":1,"DemandMax":null,"Value":1350},{"Length":28,"Height":48,"Demand":1,"DemandMax":null,"Value":1344},{"Length":32,"Height":42,"Demand":1,"DemandMax":null,"Value":1344},{"Length":34,"Height":39,"Demand":1,"DemandMax":null,"Value":1326},{"Length":26,"Height":51,"Demand":1,"DemandMax":null,"Value":1326},{"Length":53,"Height":25,"Demand":1,"DemandMax":null,"Value":1325},{"Length":30,"Height":44,"Demand":1,"DemandMax":null,"Value":1320},{"Length":40,"Height":33,"Demand":1,"DemandMax":null,"Value":1320},{"Length":41,"Height":32,"Demand":1,"DemandMax":null,"Value":1312},{"Length":45,"Height":29,"Demand":1,"DemandMax":null,"Value":1305},{"Length":42,"Height":31,"Demand":1,"DemandMax":null,"Value":1302},{"Length":52,"Height":25,"Demand":1,"DemandMax":null,"Value":1300},{"Length":50,"Height":26,"Demand":1,"DemandMax":null,"Value":1300},{"Length":48,"Height":27,"Demand":1,"DemandMax":null,"Value":1296},{"Length":36,"Height":36,"Demand":1,"DemandMax":null,"Value":1296},{"Length":35,"Height":37,"Demand":1,"DemandMax":null,"Value":1295},{"Length":30,"Height":43,"Demand":1,"DemandMax":null,"Value":1290},{"Length":46,"Height":28,"Demand":1,"DemandMax":null,"Value":1288},{"Length":39,"Height":33,"Demand":1,"DemandMax":null,"Value":1287},{"Length":32,"Height":40,"Demand":1,"DemandMax":null,"Value":1280},{"Length":25,"Height":51,"Demand":1,"DemandMax":null,"Value":1275},{"Length":26,"Height":49,"Demand":1,"DemandMax":null,"Value":1274},{"Length":41,"Height":31,"Demand":1,"DemandMax":null,"Value":1271},{"Length":35,"Height":36,"Demand":1,"DemandMax":null,"Value":1260},{"Length":42,"Height":30,"Demand":1,"DemandMax":null,"Value":1260},{"Length":37,"Height":34,"Demand":1,"DemandMax":null,"Value":1258},{"Length":50,"Height":25,"Demand":1,"DemandMax":null,"Value":1250},{"Length":32,"Height":39,"Demand":1,"DemandMax":null,"Value":1248},{"Length":43,"Height":29,"Demand":1,"DemandMax":null,"Value":1247},{"Length":31,"Height":40,"Demand":1,"DemandMax":null,"Value":1240},{"Length":28,"Height":44,"Demand":1,"DemandMax":null,"Value":1232},{"Length":30,"Height":41,"Demand":1,"DemandMax":null,"Value":1230},{"Length":35,"Height":35,"Demand":1,"DemandMax":null,"Value":1225},{"Length":49,"Height":25,"Demand":1,"DemandMax":null,"Value":1225},{"Length":36,"Height":34,"Demand":1,"DemandMax":null,"Value":1224},{"Length":37,"Height":33,"Demand":1,"DemandMax":null,"Value":1221},{"Length":42,"Height":29,"Demand":1,"DemandMax":null,"Value":1218},{"Length":38,"Height":32,"Demand":1,"DemandMax":null,"Value":1216},{"Length":31,"Height":39,"Demand":1,"DemandMax":null,"Value":1209},{"Length":40,"Height":30,"Demand":1,"DemandMax":null,"Value":1200},{"Length":25,"Height":48,"Demand":1,"DemandMax":null,"Value":1200},{"Length":26,"Height":46,"Demand":1,"DemandMax":null,"Value":1196},{"Length":34,"Height":35,"Demand":1,"DemandMax":null,"Value":1190},{"Length":29,"Height":41,"Demand":1,"DemandMax":null,"Value":1189},{"Length":36,"Height":33,"Demand":1,"DemandMax":null,"Value":1188},{"Length":44,"Height":27,"Demand":1,"DemandMax":null,"Value":1188},{"Length":31,"Height":38,"Demand":1,"DemandMax":null,"Value":1178},{"Length":42,"Height":28,"Demand":1,"DemandMax":null,"Value":1176},{"Length":30,"Height":39,"Demand":1,"DemandMax":null,"Value":1170},{"Length":27,"Height":43,"Demand":1,"DemandMax":null,"Value":1161},{"Length":35,"Height":33,"Demand":1,"DemandMax":null,"Value":1155},{"Length":32,"Height":36,"Demand":1,"DemandMax":null,"Value":1152},{"Length":46,"Height":25,"Demand":1,"DemandMax":null,"Value":1150},{"Length":28,"Height":41,"Demand":1,"DemandMax":null,"Value":1148},{"Length":31,"Height":37,"Demand":1,"DemandMax":null,"Value":1147},{"Length":44,"Height":26,"Demand":1,"DemandMax":null,"Value":1144},{"Length":38,"Height":30,"Demand":1,"DemandMax":null,"Value":1140},{"Length":42,"Height":27,"Demand":1,"DemandMax":null,"Value":1134},{"Length":39,"Height":29,"Demand":1,"DemandMax":null,"Value":1131},{"Length":25,"Height":45,"Demand":1,"DemandMax":null,"Value":1125},{"Length":28,"Height":40,"Demand":1,"DemandMax":null,"Value":1120},{"Length":35,"Height":32,"Demand":1,"DemandMax":null,"Value":1120},{"Length":43,"Height":26,"Demand":1,"DemandMax":null,"Value":1118},{"Length":31,"Height":36,"Demand":1,"DemandMax":null,"Value":1116},{"Length":37,"Height":30,"Demand":1,"DemandMax":null,"Value":1110},{"Length":41,"Height":27,"Demand":1,"DemandMax":null,"Value":1107},{"Length":29,"Height":38,"Demand":1,"DemandMax":null,"Value":1102},{"Length":25,"Height":44,"Demand":1,"DemandMax":null,"Value":1100},{"Length":39,"Height":28,"Demand":1,"DemandMax":null,"Value":1092},{"Length":42,"Height":26,"Demand":1,"DemandMax":null,"Value":1092},{"Length":34,"Height":32,"Demand":1,"DemandMax":null,"Value":1088},{"Length":31,"Height":35,"Demand":1,"DemandMax":null,"Value":1085},{"Length":36,"Height":30,"Demand":1,"DemandMax":null,"Value":1080},{"Length":40,"Height":27,"Demand":1,"DemandMax":null,"Value":1080},{"Length":37,"Height":29,"Demand":1,"DemandMax":null,"Value":1073},{"Length":41,"Height":26,"Demand":1,"DemandMax":null,"Value":1066},{"Length":38,"Height":28,"Demand":1,"DemandMax":null,"Value":1064},{"Length":32,"Height":33,"Demand":1,"DemandMax":null,"Value":1056},{"Length":31,"Height":34,"Demand":1,"DemandMax":null,"Value":1054},{"Length":27,"Height":39,"Demand":1,"DemandMax":null,"Value":1053},{"Length":35,"Height":30,"Demand":1,"DemandMax":null,"Value":1050},{"Length":26,"Height":40,"Demand":1,"DemandMax":null,"Value":1040},{"Length":37,"Height":28,"Demand":1,"DemandMax":null,"Value":1036},{"Length":38,"Height":27,"Demand":1,"DemandMax":null,"Value":1026},{"Length":25,"Height":41,"Demand":1,"DemandMax":null,"Value":1025},{"Length":34,"Height":30,"Demand":1,"DemandMax":null,"Value":1020},{"Length":29,"Height":35,"Demand":1,"DemandMax":null,"Value":1015},{"Length":26,"Height":39,"Demand":1,"DemandMax":null,"Value":1014},{"Length":36,"Height":28,"Demand":1,"DemandMax":null,"Value":1008},{"Length":40,"Height":25,"Demand":1,"DemandMax":null,"Value":1000},{"Length":31,"Height":32,"Demand":1,"DemandMax":null,"Value":992},{"Length":38,"Height":26,"Demand":1,"DemandMax":null,"Value":988},{"Length":34,"Height":29,"Demand":1,"DemandMax":null,"Value":986},{"Length":35,"Height":28,"Demand":1,"DemandMax":null,"Value":980},{"Length":25,"Height":39,"Demand":1,"DemandMax":null,"Value":975},{"Length":36,"Height":27,"Demand":1,"DemandMax":null,"Value":972},{"Length":26,"Height":37,"Demand":1,"DemandMax":null,"Value":962},{"Length":30,"Height":32,"Demand":1,"DemandMax":null,"Value":960},{"Length":33,"Height":29,"Demand":1,"DemandMax":null,"Value":957},{"Length":28,"Height":34,"Demand":1,"DemandMax":null,"Value":952},{"Length":27,"Height":35,"Demand":1,"DemandMax":null,"Value":945},{"Length":36,"Height":26,"Demand":1,"DemandMax":null,"Value":936},{"Length":31,"Height":30,"Demand":1,"DemandMax":null,"Value":930},{"Length":32,"Height":29,"Demand":1,"DemandMax":null,"Value":928},{"Length":37,"Height":25,"Demand":1,"DemandMax":null,"Value":925},{"Length":28,"Height":33,"Demand":1,"DemandMax":null,"Value":924},{"Length":35,"Height":26,"Demand":1,"DemandMax":null,"Value":910},{"Length":30,"Height":30,"Demand":1,"DemandMax":null,"Value":900},{"Length":25,"Height":36,"Demand":1,"DemandMax":null,"Value":900},{"Length":31,"Height":29,"Demand":1,"DemandMax":null,"Value":899},{"Length":28,"Height":32,"Demand":1,"DemandMax":null,"Value":896},{"Length":27,"Height":33,"Demand":1,"DemandMax":null,"Value":891},{"Length":34,"Height":26,"Demand":1,"DemandMax":null,"Value":884},{"Length":30,"Height":29,"Demand":1,"DemandMax":null,"Value":870},{"Length":32,"Height":27,"Demand":1,"DemandMax":null,"Value":864},{"Length":26,"Height":33,"Demand":1,"DemandMax":null,"Value":858},{"Length":34,"Height":25,"Demand":1,"DemandMax":null,"Value":850},{"Length":29,"Height":29,"Demand":1,"DemandMax":null,"Value":841},{"Length":26,"Height":32,"Demand":1,"DemandMax":null,"Value":832},{"Length":28,"Height":29,"Demand":1,"DemandMax":null,"Value":812},{"Length":30,"Height":27,"Demand":1,"DemandMax":null,"Value":810},{"Length":31,"Height":26,"Demand":1,"DemandMax":null,"Value":806},{"Length":32,"Height":25,"Demand":1,"DemandMax":null,"Value":800},{"Length":29,"Height":27,"Demand":1,"DemandMax":null,"Value":783},{"Length":25,"Height":31,"Demand":1,"DemandMax":null,"Value":775},{"Length":27,"Height":28,"Demand":1,"DemandMax":null,"Value":756},{"Length":26,"Height":29,"Demand":1,"DemandMax":null,"Value":754},{"Length":25,"Height":30,"Demand":1,"DemandMax":null,"Value":750},{"Length":27,"Height":27,"Demand":1,"DemandMax":null,"Value":729},{"Length":28,"Height":26,"Demand":1,"DemandMax":null,"Value":728},{"Length":25,"Height":29,"Demand":1,"DemandMax":null,"Value":725},{"Length":26,"Height":27,"Demand":1,"DemandMax":null,"Value":702},{"Length":26,"Height":26,"Demand":1,"DemandMax":null,"Value":676},{"Length":27,"Height":25,"Demand":1,"DemandMax":null,"Value":675},{"Length":26,"Height":25,"Demand":1,"DemandMax":null,"Value":650},{"Length":25,"Height":25,"Demand":1,"DemandMax":null,"Value":625}]}