{"Name":"AH150","Objects":[{"Length":1000,"Height":40441,"Stock":null,"Cost":40441000}],"Items":[{"Length":288,"Height":300,"Demand":10,"DemandMax":null,"Value":86400},{"Length":283,"Height":292,"Demand":10,"DemandMax":null,"Value":82636},{"Length":282,"Height":283,"Demand":10,"DemandMax":null,"Value":79806},{"Length":280,"Height":282,"Demand":10,"DemandMax":null,"Value":78960},{"Length":279,"Height":265,"Demand":10,"DemandMax":null,"Value":73935},{"Length":265,"Height":275,"Demand":10,"DemandMax":null,"Value":72875},{"Length":269,"Height":267,"Demand":10,"DemandMax":null,"Value":71823},{"Length":252,"Height":284,"Demand":10,"DemandMax":null,"Value":71568},{"Length":280,"Height":253,"Demand":10,"DemandMax":null,"Value":70840},{"Length":235,"Height":298,"Demand":10,"DemandMax":null,"Value":70030},{"Length":288,"Height":240,"Demand":10,"DemandMax":null,"Value":69120},{"Length":280,"Height":243,"Demand":10,"DemandMax":null,"Value":68040},{"Length":236,"Height":276,"Demand":10,"DemandMax":null,"Value":65136},{"Length":216,"Height":294,"Demand":10,"DemandMax":null,"Value":63504},{"Length":278,"Height":225,"Demand":10,"DemandMax":null,"Value":62550},{"Length":206,"Height":299,"Demand":10,"DemandMax":null,"Value":61594},{"Length":247,"Height":247,"Demand":10,"DemandMax":null,"Value":61009},{"Length":221,"Height":265,"Demand":10,"DemandMax":null,"Value":58565},{"Length":230,"Height":254,"Demand":10,"DemandMax":null,"Value":58420},{"Length":232,"Height":246,"Demand":10,"DemandMax":null,"Value":57072},{"Length":196,"Height":291,"Demand":10,"DemandMax":null,"Value":57036},{"Length":183,"Height":300,"Demand":10,"DemandMax":null,"Value":54900},{"Length":242,"Height":221,"Demand":10,"DemandMax":null,"Value":53482},{"Length":208,"Height":245,"Demand":10,"DemandMax":null,"Value":50960},{"Length":185,"Height":275,"Demand":10,"DemandMax":null,"Value":50875},{"Length":200,"Height":249,"Demand":10,"DemandMax":null,"Value":49800},{"Length":224,"Height":221,"Demand":10,"DemandMax":null,"Value":49504},{"Length":290,"Height":169,"Demand":10,"DemandMax":null,"Value":49010},{"Length":223,"Height":219,"Demand":10,"DemandMax":null,"Value":48837},{"Length":190,"Height":256,"Demand":10,"DemandMax":null,"Value":48640},{"Length":193,"Height":249,"Demand":10,"DemandMax":null,"Value":48057},{"Length":231,"Height":206,"Demand":10,"DemandMax":null,"Value":47586},{"Length":225,"Height":211,"Demand":10,"DemandMax":null,"Value":47475},{"Length":166,"Height":278,"Demand":10,"DemandMax":null,"Value":46148},{"Length":225,"Height":203,"Demand":10,"DemandMax":null,"Value":45675},{"Length":244,"Height":187,"Demand":10,"DemandMax":null,"Value":45628},{"Length":200,"Height":227,"Demand":10,"DemandMax":null,"Value":45400},{"Length":277,"Height":163,"Demand":10,"DemandMax":null,"Value":45151},{"Length":169,"Height":263,"Demand":10,"DemandMax":null,"Value":44447},{"Length":191,"Height":227,"Demand":10,"DemandMax":null,"Value":43357},{"Length":228,"Height":189,"Demand":10,"DemandMax":null,"Value":43092},{"Length":162,"Height":263,"Demand":10,"DemandMax":null,"Value":42606},{"Length":230,"Height":184,"Demand":10,"DemandMax":null,"Value":42320},{"Length":300,"Height":140,"Demand":10,"DemandMax":null,"Value":42000},{"Length":257,"Height":156,"Demand":10,"DemandMax":null,"Value":40092},{"Length":177,"Height":226,"Demand":10,"DemandMax":null,"Value":40002},{"Length":278,"Height":142,"Demand":10,"DemandMax":null,"Value":39476},{"Length":243,"Height":160,"Demand":10,"DemandMax":null,"Value":38880},{"Length":163,"Height":234,"Demand":10,"DemandMax":null,"Value":38142},{"Length":228,"Height":166,"Demand":10,"DemandMax":null,"Value":37848},{"Length":254,"Height":149,"Demand":10,"DemandMax":null,"Value":37846},{"Length":201,"Height":188,"Demand":10,"DemandMax":null,"Value":37788},{"Length":132,"Height":282,"Demand":10,"DemandMax":null,"Value":37224},{"Length":266,"Height":139,"Demand":10,"DemandMax":null,"Value":36974},{"Length":273,"Height":135,"Demand":10,"DemandMax":null,"Value":36855},{"Length":123,"Height":291,"Demand":10,"DemandMax":null,"Value":35793},{"Length":215,"Height":159,"Demand":10,"DemandMax":null,"Value":34185},{"Length":274,"Height":123,"Demand":10,"DemandMax":null,"Value":33702},{"Length":272,"Height":123,"Demand":10,"DemandMax":null,"Value":33456},{"Length":227,"Height":145,"Demand":10,"DemandMax":null,"Value":32915},{"Length":114,"Height":284,"Demand":10,"DemandMax":null,"Value":32376},{"Length":120,"Height":268,"Demand":10,"DemandMax":null,"Value":32160},{"Length":137,"Height":233,"Demand":10,"DemandMax":null,"Value":31921},{"Length":189,"Height":162,"Demand":10,"DemandMax":null,"Value":30618},{"Length":250,"Height":122,"Demand":10,"DemandMax":null,"Value":30500},{"Length":214,"Height":130,"Demand":10,"DemandMax":null,"Value":27820},{"Length":194,"Height":142,"Demand":10,"DemandMax":null,"Value":27548},{"Length":229,"Height":120,"Demand":10,"DemandMax":null,"Value":27480},{"Length":109,"Height":252,"Demand":10,"DemandMax":null,"Value":27468},{"Length":126,"Height":216,"Demand":10,"DemandMax":null,"Value":27216},{"Length":104,"Height":260,"Demand":10,"DemandMax":null,"Value":27040},{"Length":130,"Height":205,"Demand":10,"DemandMax":null,"Value":26650},{"Length":167,"Height":158,"Demand":10,"DemandMax":null,"Value":26386},{"Length":184,"Height":140,"Demand":10,"DemandMax":null,"Value":25760},{"Length":172,"Height":147,"Demand":10,"DemandMax":null,"Value":25284},{"Length":110,"Height":228,"Demand":10,"DemandMax":null,"Value":25080},{"Length":131,"Height":190,"Demand":10,"DemandMax":null,"Value":24890},{"Length":114,"Height":213,"Demand":10,"DemandMax":null,"Value":24282},{"Length":102,"Height":233,"Demand":10,"DemandMax":null,"Value":23766},{"Length":158,"Height":150,"Demand":10,"DemandMax":null,"Value":23700},{"Length":188,"Height":125,"Demand":10,"DemandMax":null,"Value":23500},{"Length":114,"Height":203,"Demand":10,"DemandMax":null,"Value":23142},{"Length":204,"Height":110,"Demand":10,"DemandMax":null,"Value":22440},{"Length":134,"Height":165,"Demand":10,"DemandMax":null,"Value":22110},{"Length":138,"Height":155,"Demand":10,"DemandMax":null,"Value":21390},{"Length":143,"Height":142,"Demand":10,"DemandMax":null,"Value":20306},{"Length":112,"Height":181,"Demand":10,"DemandMax":null,"Value":20272},{"Length":189,"Height":106,"Demand":10,"DemandMax":null,"Value":20034},{"Length":139,"Height":144,"Demand":10,"DemandMax":null,"Value":20016},{"Length":150,"Height":132,"Demand":10,"DemandMax":null,"Value":19800},{"Length":113,"Height":173,"Demand":10,"DemandMax":null,"Value":19549},{"Length":110,"Height":171,"Demand":10,"DemandMax":null,"Value":18810},{"Length":149,"Height":126,"Demand":10,"DemandMax":null,"Value":18774},{"Length":145,"Height":120,"Demand":10,"DemandMax":null,"Value":17400},{"Length":127,"Height":134,"Demand":10,"DemandMax":null,"Value":17018},{"Length":121,"Height":138,"Demand":10,"DemandMax":null,"Value":16698},{"Length":105,"Height":148,"Demand":10,"DemandMax":null,"Value":15540},{"Length":105,"Height":139,"Demand":10,"DemandMax":null,"Value":14595},{"Length":117,"Height":119,"Demand":10,"DemandMax":null,"Value":13923},{"Length":105,"Height":131,"Demand":10,"DemandMax":null,"Value":13755}]}