{"Name":"AH58","Objects":[{"Length":1000,"Height":37305,"Stock":null,"Cost":37305000}],"Items":[{"Length":325,"Height":325,"Demand":100,"DemandMax":null,"Value":105625},{"Length":250,"Height":244,"Demand":100,"DemandMax":null,"Value":61000},{"Length":102,"Height":368,"Demand":100,"DemandMax":null,"Value":37536},{"Length":272,"Height":131,"Demand":100,"DemandMax":null,"Value":35632},{"Length":136,"Height":253,"Demand":100,"DemandMax":null,"Value":34408},{"Length":233,"Height":143,"Demand":100,"DemandMax":null,"Value":33319},{"Length":291,"Height":98,"Demand":100,"DemandMax":null,"Value":28518},{"Length":369,"Height":72,"Demand":100,"DemandMax":null,"Value":26568},{"Length":43,"Height":151,"Demand":100,"DemandMax":null,"Value":6493},{"Length":34,"Height":116,"Demand":100,"DemandMax":null,"Value":3944}]}