{"Name":"AH123","Objects":[{"Length":1000,"Height":39221,"Stock":null,"Cost":39221000}],"Items":[{"Length":262,"Height":291,"Demand":10,"DemandMax":null,"Value":76242},{"Length":283,"Height":265,"Demand":10,"DemandMax":null,"Value":74995},{"Length":292,"Height":254,"Demand":10,"DemandMax":null,"Value":74168},{"Length":260,"Height":283,"Demand":10,"DemandMax":null,"Value":73580},{"Length":291,"Height":249,"Demand":10,"DemandMax":null,"Value":72459},{"Length":286,"Height":247,"Demand":10,"DemandMax":null,"Value":70642},{"Length":275,"Height":251,"Demand":10,"DemandMax":null,"Value":69025},{"Length":253,"Height":265,"Demand":10,"DemandMax":null,"Value":67045},{"Length":234,"Height":280,"Demand":10,"DemandMax":null,"Value":65520},{"Length":236,"Height":277,"Demand":10,"DemandMax":null,"Value":65372},{"Length":297,"Height":216,"Demand":10,"DemandMax":null,"Value":64152},{"Length":244,"Height":254,"Demand":10,"DemandMax":null,"Value":61976},{"Length":221,"Height":280,"Demand":10,"DemandMax":null,"Value":61880},{"Length":276,"Height":222,"Demand":10,"DemandMax":null,"Value":61272},{"Length":270,"Height":224,"Demand":10,"DemandMax":null,"Value":60480},{"Length":228,"Height":247,"Demand":10,"DemandMax":null,"Value":56316},{"Length":193,"Height":288,"Demand":10,"DemandMax":null,"Value":55584},{"Length":260,"Height":207,"Demand":10,"DemandMax":null,"Value":53820},{"Length":265,"Height":203,"Demand":10,"DemandMax":null,"Value":53795},{"Length":171,"Height":291,"Demand":10,"DemandMax":null,"Value":49761},{"Length":295,"Height":168,"Demand":10,"DemandMax":null,"Value":49560},{"Length":165,"Height":300,"Demand":10,"DemandMax":null,"Value":49500},{"Length":247,"Height":200,"Demand":10,"DemandMax":null,"Value":49400},{"Length":166,"Height":294,"Demand":10,"DemandMax":null,"Value":48804},{"Length":251,"Height":191,"Demand":10,"DemandMax":null,"Value":47941},{"Length":225,"Height":212,"Demand":10,"DemandMax":null,"Value":47700},{"Length":174,"Height":272,"Demand":10,"DemandMax":null,"Value":47328},{"Length":215,"Height":219,"Demand":10,"DemandMax":null,"Value":47085},{"Length":246,"Height":190,"Demand":10,"DemandMax":null,"Value":46740},{"Length":227,"Height":200,"Demand":10,"DemandMax":null,"Value":45400},{"Length":160,"Height":282,"Demand":10,"DemandMax":null,"Value":45120},{"Length":269,"Height":166,"Demand":10,"DemandMax":null,"Value":44654},{"Length":229,"Height":193,"Demand":10,"DemandMax":null,"Value":44197},{"Length":281,"Height":156,"Demand":10,"DemandMax":null,"Value":43836},{"Length":292,"Height":145,"Demand":10,"DemandMax":null,"Value":42340},{"Length":172,"Height":246,"Demand":10,"DemandMax":null,"Value":42312},{"Length":194,"Height":216,"Demand":10,"DemandMax":null,"Value":41904},{"Length":167,"Height":243,"Demand":10,"DemandMax":null,"Value":40581},{"Length":205,"Height":195,"Demand":10,"DemandMax":null,"Value":39975},{"Length":176,"Height":225,"Demand":10,"DemandMax":null,"Value":39600},{"Length":210,"Height":185,"Demand":10,"DemandMax":null,"Value":38850},{"Length":287,"Height":134,"Demand":10,"DemandMax":null,"Value":38458},{"Length":137,"Height":280,"Demand":10,"DemandMax":null,"Value":38360},{"Length":254,"Height":151,"Demand":10,"DemandMax":null,"Value":38354},{"Length":201,"Height":190,"Demand":10,"DemandMax":null,"Value":38190},{"Length":189,"Height":202,"Demand":10,"DemandMax":null,"Value":38178},{"Length":271,"Height":136,"Demand":10,"DemandMax":null,"Value":36856},{"Length":160,"Height":230,"Demand":10,"DemandMax":null,"Value":36800},{"Length":138,"Height":265,"Demand":10,"DemandMax":null,"Value":36570},{"Length":122,"Height":298,"Demand":10,"DemandMax":null,"Value":36356},{"Length":139,"Height":261,"Demand":10,"DemandMax":null,"Value":36279},{"Length":199,"Height":181,"Demand":10,"DemandMax":null,"Value":36019},{"Length":259,"Height":138,"Demand":10,"DemandMax":null,"Value":35742},{"Length":259,"Height":137,"Demand":10,"DemandMax":null,"Value":35483},{"Length":220,"Height":161,"Demand":10,"DemandMax":null,"Value":35420},{"Length":254,"Height":139,"Demand":10,"DemandMax":null,"Value":35306},{"Length":187,"Height":187,"Demand":10,"DemandMax":null,"Value":34969},{"Length":178,"Height":194,"Demand":10,"DemandMax":null,"Value":34532},{"Length":128,"Height":267,"Demand":10,"DemandMax":null,"Value":34176},{"Length":248,"Height":135,"Demand":10,"DemandMax":null,"Value":33480},{"Length":218,"Height":153,"Demand":10,"DemandMax":null,"Value":33354},{"Length":121,"Height":275,"Demand":10,"DemandMax":null,"Value":33275},{"Length":257,"Height":128,"Demand":10,"DemandMax":null,"Value":32896},{"Length":119,"Height":268,"Demand":10,"DemandMax":null,"Value":31892},{"Length":130,"Height":241,"Demand":10,"DemandMax":null,"Value":31330},{"Length":152,"Height":205,"Demand":10,"DemandMax":null,"Value":31160},{"Length":243,"Height":127,"Demand":10,"DemandMax":null,"Value":30861},{"Length":126,"Height":241,"Demand":10,"DemandMax":null,"Value":30366},{"Length":196,"Height":152,"Demand":10,"DemandMax":null,"Value":29792},{"Length":139,"Height":213,"Demand":10,"DemandMax":null,"Value":29607},{"Length":216,"Height":133,"Demand":10,"DemandMax":null,"Value":28728},{"Length":179,"Height":159,"Demand":10,"DemandMax":null,"Value":28461},{"Length":103,"Height":274,"Demand":10,"DemandMax":null,"Value":28222},{"Length":204,"Height":137,"Demand":10,"DemandMax":null,"Value":27948},{"Length":111,"Height":247,"Demand":10,"DemandMax":null,"Value":27417},{"Length":105,"Height":261,"Demand":10,"DemandMax":null,"Value":27405},{"Length":138,"Height":194,"Demand":10,"DemandMax":null,"Value":26772},{"Length":203,"Height":130,"Demand":10,"DemandMax":null,"Value":26390},{"Length":154,"Height":170,"Demand":10,"DemandMax":null,"Value":26180},{"Length":212,"Height":123,"Demand":10,"DemandMax":null,"Value":26076},{"Length":163,"Height":156,"Demand":10,"DemandMax":null,"Value":25428},{"Length":112,"Height":218,"Demand":10,"DemandMax":null,"Value":24416},{"Length":176,"Height":132,"Demand":10,"DemandMax":null,"Value":23232},{"Length":108,"Height":215,"Demand":10,"DemandMax":null,"Value":23220},{"Length":164,"Height":140,"Demand":10,"DemandMax":null,"Value":22960},{"Length":110,"Height":208,"Demand":10,"DemandMax":null,"Value":22880},{"Length":138,"Height":165,"Demand":10,"DemandMax":null,"Value":22770},{"Length":158,"Height":144,"Demand":10,"DemandMax":null,"Value":22752},{"Length":127,"Height":174,"Demand":10,"DemandMax":null,"Value":22098},{"Length":103,"Height":214,"Demand":10,"DemandMax":null,"Value":22042},{"Length":154,"Height":139,"Demand":10,"DemandMax":null,"Value":21406},{"Length":117,"Height":178,"Demand":10,"DemandMax":null,"Value":20826},{"Length":131,"Height":150,"Demand":10,"DemandMax":null,"Value":19650},{"Length":102,"Height":192,"Demand":10,"DemandMax":null,"Value":19584},{"Length":166,"Height":115,"Demand":10,"DemandMax":null,"Value":19090},{"Length":109,"Height":174,"Demand":10,"DemandMax":null,"Value":18966},{"Length":138,"Height":122,"Demand":10,"DemandMax":null,"Value":16836},{"Length":142,"Height":110,"Demand":10,"DemandMax":null,"Value":15620},{"Length":102,"Height":149,"Demand":10,"DemandMax":null,"Value":15198},{"Length":105,"Height":138,"Demand":10,"DemandMax":null,"Value":14490}]}