{"Name":"AH243","Objects":[{"Length":1000,"Height":39148,"Stock":null,"Cost":39148000}],"Items":[{"Length":297,"Height":298,"Demand":1,"DemandMax":null,"Value":88506},{"Length":293,"Height":294,"Demand":1,"DemandMax":null,"Value":86142},{"Length":288,"Height":298,"Demand":1,"DemandMax":null,"Value":85824},{"Length":287,"Height":297,"Demand":1,"DemandMax":null,"Value":85239},{"Length":291,"Height":291,"Demand":1,"DemandMax":null,"Value":84681},{"Length":285,"Height":296,"Demand":1,"DemandMax":null,"Value":84360},{"Length":300,"Height":281,"Demand":1,"DemandMax":null,"Value":84300},{"Length":296,"Height":284,"Demand":1,"DemandMax":null,"Value":84064},{"Length":287,"Height":292,"Demand":1,"DemandMax":null,"Value":83804},{"Length":283,"Height":291,"Demand":1,"DemandMax":null,"Value":82353},{"Length":282,"Height":292,"Demand":1,"DemandMax":null,"Value":82344},{"Length":284,"Height":288,"Demand":1,"DemandMax":null,"Value":81792},{"Length":294,"Height":278,"Demand":1,"DemandMax":null,"Value":81732},{"Length":272,"Height":300,"Demand":1,"DemandMax":null,"Value":81600},{"Length":287,"Height":280,"Demand":1,"DemandMax":null,"Value":80360},{"Length":293,"Height":273,"Demand":1,"DemandMax":null,"Value":79989},{"Length":297,"Height":269,"Demand":1,"DemandMax":null,"Value":79893},{"Length":277,"Height":288,"Demand":1,"DemandMax":null,"Value":79776},{"Length":288,"Height":276,"Demand":1,"DemandMax":null,"Value":79488},{"Length":289,"Height":275,"Demand":1,"DemandMax":null,"Value":79475},{"Length":276,"Height":286,"Demand":1,"DemandMax":null,"Value":78936},{"Length":286,"Height":274,"Demand":1,"DemandMax":null,"Value":78364},{"Length":273,"Height":287,"Demand":1,"DemandMax":null,"Value":78351},{"Length":300,"Height":261,"Demand":1,"DemandMax":null,"Value":78300},{"Length":266,"Height":294,"Demand":1,"DemandMax":null,"Value":78204},{"Length":293,"Height":266,"Demand":1,"DemandMax":null,"Value":77938},{"Length":268,"Height":290,"Demand":1,"DemandMax":null,"Value":77720},{"Length":278,"Height":279,"Demand":1,"DemandMax":null,"Value":77562},{"Length":297,"Height":260,"Demand":1,"DemandMax":null,"Value":77220},{"Length":283,"Height":272,"Demand":1,"DemandMax":null,"Value":76976},{"Length":292,"Height":263,"Demand":1,"DemandMax":null,"Value":76796},{"Length":276,"Height":278,"Demand":1,"DemandMax":null,"Value":76728},{"Length":295,"Height":260,"Demand":1,"DemandMax":null,"Value":76700},{"Length":289,"Height":265,"Demand":1,"DemandMax":null,"Value":76585},{"Length":273,"Height":280,"Demand":1,"DemandMax":null,"Value":76440},{"Length":284,"Height":269,"Demand":1,"DemandMax":null,"Value":76396},{"Length":263,"Height":289,"Demand":1,"DemandMax":null,"Value":76007},{"Length":285,"Height":266,"Demand":1,"DemandMax":null,"Value":75810},{"Length":289,"Height":259,"Demand":1,"DemandMax":null,"Value":74851},{"Length":251,"Height":297,"Demand":1,"DemandMax":null,"Value":74547},{"Length":267,"Height":279,"Demand":1,"DemandMax":null,"Value":74493},{"Length":278,"Height":267,"Demand":1,"DemandMax":null,"Value":74226},{"Length":266,"Height":279,"Demand":1,"DemandMax":null,"Value":74214},{"Length":286,"Height":258,"Demand":1,"DemandMax":null,"Value":73788},{"Length":273,"Height":267,"Demand":1,"DemandMax":null,"Value":72891},{"Length":262,"Height":275,"Demand":1,"DemandMax":null,"Value":72050},{"Length":245,"Height":293,"Demand":1,"DemandMax":null,"Value":71785},{"Length":283,"Height":253,"Demand":1,"DemandMax":null,"Value":71599},{"Length":250,"Height":286,"Demand":1,"DemandMax":null,"Value":71500},{"Length":295,"Height":242,"Demand":1,"DemandMax":null,"Value":71390},{"Length":282,"Height":252,"Demand":1,"DemandMax":null,"Value":71064},{"Length":293,"Height":242,"Demand":1,"DemandMax":null,"Value":70906},{"Length":280,"Height":253,"Demand":1,"DemandMax":null,"Value":70840},{"Length":252,"Height":281,"Demand":1,"DemandMax":null,"Value":70812},{"Length":292,"Height":241,"Demand":1,"DemandMax":null,"Value":70372},{"Length":253,"Height":278,"Demand":1,"DemandMax":null,"Value":70334},{"Length":239,"Height":294,"Demand":1,"DemandMax":null,"Value":70266},{"Length":248,"Height":282,"Demand":1,"DemandMax":null,"Value":69936},{"Length":285,"Height":245,"Demand":1,"DemandMax":null,"Value":69825},{"Length":260,"Height":268,"Demand":1,"DemandMax":null,"Value":69680},{"Length":266,"Height":260,"Demand":1,"DemandMax":null,"Value":69160},{"Length":235,"Height":293,"Demand":1,"DemandMax":null,"Value":68855},{"Length":277,"Height":248,"Demand":1,"DemandMax":null,"Value":68696},{"Length":249,"Height":274,"Demand":1,"DemandMax":null,"Value":68226},{"Length":248,"Height":275,"Demand":1,"DemandMax":null,"Value":68200},{"Length":228,"Height":299,"Demand":1,"DemandMax":null,"Value":68172},{"Length":239,"Height":285,"Demand":1,"DemandMax":null,"Value":68115},{"Length":227,"Height":300,"Demand":1,"DemandMax":null,"Value":68100},{"Length":252,"Height":270,"Demand":1,"DemandMax":null,"Value":68040},{"Length":233,"Height":292,"Demand":1,"DemandMax":null,"Value":68036},{"Length":294,"Height":231,"Demand":1,"DemandMax":null,"Value":67914},{"Length":284,"Height":239,"Demand":1,"DemandMax":null,"Value":67876},{"Length":243,"Height":278,"Demand":1,"DemandMax":null,"Value":67554},{"Length":268,"Height":252,"Demand":1,"DemandMax":null,"Value":67536},{"Length":251,"Height":268,"Demand":1,"DemandMax":null,"Value":67268},{"Length":295,"Height":226,"Demand":1,"DemandMax":null,"Value":66670},{"Length":242,"Height":274,"Demand":1,"DemandMax":null,"Value":66308},{"Length":233,"Height":284,"Demand":1,"DemandMax":null,"Value":66172},{"Length":252,"Height":262,"Demand":1,"DemandMax":null,"Value":66024},{"Length":270,"Height":244,"Demand":1,"DemandMax":null,"Value":65880},{"Length":221,"Height":298,"Demand":1,"DemandMax":null,"Value":65858},{"Length":223,"Height":295,"Demand":1,"DemandMax":null,"Value":65785},{"Length":297,"Height":221,"Demand":1,"DemandMax":null,"Value":65637},{"Length":223,"Height":294,"Demand":1,"DemandMax":null,"Value":65562},{"Length":290,"Height":226,"Demand":1,"DemandMax":null,"Value":65540},{"Length":255,"Height":257,"Demand":1,"DemandMax":null,"Value":65535},{"Length":295,"Height":222,"Demand":1,"DemandMax":null,"Value":65490},{"Length":238,"Height":274,"Demand":1,"DemandMax":null,"Value":65212},{"Length":223,"Height":292,"Demand":1,"DemandMax":null,"Value":65116},{"Length":253,"Height":257,"Demand":1,"DemandMax":null,"Value":65021},{"Length":224,"Height":290,"Demand":1,"DemandMax":null,"Value":64960},{"Length":275,"Height":236,"Demand":1,"DemandMax":null,"Value":64900},{"Length":243,"Height":267,"Demand":1,"DemandMax":null,"Value":64881},{"Length":283,"Height":229,"Demand":1,"DemandMax":null,"Value":64807},{"Length":285,"Height":226,"Demand":1,"DemandMax":null,"Value":64410},{"Length":290,"Height":222,"Demand":1,"DemandMax":null,"Value":64380},{"Length":259,"Height":248,"Demand":1,"DemandMax":null,"Value":64232},{"Length":218,"Height":294,"Demand":1,"DemandMax":null,"Value":64092},{"Length":255,"Height":251,"Demand":1,"DemandMax":null,"Value":64005},{"Length":287,"Height":223,"Demand":1,"DemandMax":null,"Value":64001},{"Length":290,"Height":220,"Demand":1,"DemandMax":null,"Value":63800},{"Length":252,"Height":253,"Demand":1,"DemandMax":null,"Value":63756},{"Length":243,"Height":262,"Demand":1,"DemandMax":null,"Value":63666},{"Length":228,"Height":278,"Demand":1,"DemandMax":null,"Value":63384},{"Length":246,"Height":257,"Demand":1,"DemandMax":null,"Value":63222},{"Length":271,"Height":233,"Demand":1,"DemandMax":null,"Value":63143},{"Length":273,"Height":231,"Demand":1,"DemandMax":null,"Value":63063},{"Length":266,"Height":236,"Demand":1,"DemandMax":null,"Value":62776},{"Length":258,"Height":243,"Demand":1,"DemandMax":null,"Value":62694},{"Length":269,"Height":233,"Demand":1,"DemandMax":null,"Value":62677},{"Length":242,"Height":257,"Demand":1,"DemandMax":null,"Value":62194},{"Length":258,"Height":241,"Demand":1,"DemandMax":null,"Value":62178},{"Length":286,"Height":217,"Demand":1,"DemandMax":null,"Value":62062},{"Length":225,"Height":275,"Demand":1,"DemandMax":null,"Value":61875},{"Length":251,"Height":246,"Demand":1,"DemandMax":null,"Value":61746},{"Length":278,"Height":222,"Demand":1,"DemandMax":null,"Value":61716},{"Length":226,"Height":273,"Demand":1,"DemandMax":null,"Value":61698},{"Length":241,"Height":255,"Demand":1,"DemandMax":null,"Value":61455},{"Length":287,"Height":214,"Demand":1,"DemandMax":null,"Value":61418},{"Length":298,"Height":206,"Demand":1,"DemandMax":null,"Value":61388},{"Length":282,"Height":217,"Demand":1,"DemandMax":null,"Value":61194},{"Length":229,"Height":267,"Demand":1,"DemandMax":null,"Value":61143},{"Length":238,"Height":256,"Demand":1,"DemandMax":null,"Value":60928},{"Length":222,"Height":274,"Demand":1,"DemandMax":null,"Value":60828},{"Length":225,"Height":270,"Demand":1,"DemandMax":null,"Value":60750},{"Length":224,"Height":271,"Demand":1,"DemandMax":null,"Value":60704},{"Length":296,"Height":205,"Demand":1,"DemandMax":null,"Value":60680},{"Length":220,"Height":275,"Demand":1,"DemandMax":null,"Value":60500},{"Length":263,"Height":230,"Demand":1,"DemandMax":null,"Value":60490},{"Length":201,"Height":300,"Demand":1,"DemandMax":null,"Value":60300},{"Length":223,"Height":270,"Demand":1,"DemandMax":null,"Value":60210},{"Length":222,"Height":271,"Demand":1,"DemandMax":null,"Value":60162},{"Length":277,"Height":217,"Demand":1,"DemandMax":null,"Value":60109},{"Length":299,"Height":201,"Demand":1,"DemandMax":null,"Value":60099},{"Length":291,"Height":206,"Demand":1,"DemandMax":null,"Value":59946},{"Length":224,"Height":267,"Demand":1,"DemandMax":null,"Value":59808},{"Length":218,"Height":274,"Demand":1,"DemandMax":null,"Value":59732},{"Length":284,"Height":210,"Demand":1,"DemandMax":null,"Value":59640},{"Length":202,"Height":295,"Demand":1,"DemandMax":null,"Value":59590},{"Length":252,"Height":236,"Demand":1,"DemandMax":null,"Value":59472},{"Length":221,"Height":269,"Demand":1,"DemandMax":null,"Value":59449},{"Length":237,"Height":250,"Demand":1,"DemandMax":null,"Value":59250},{"Length":202,"Height":293,"Demand":1,"DemandMax":null,"Value":59186},{"Length":265,"Height":223,"Demand":1,"DemandMax":null,"Value":59095},{"Length":207,"Height":285,"Demand":1,"DemandMax":null,"Value":58995},{"Length":220,"Height":268,"Demand":1,"DemandMax":null,"Value":58960},{"Length":212,"Height":278,"Demand":1,"DemandMax":null,"Value":58936},{"Length":286,"Height":206,"Demand":1,"DemandMax":null,"Value":58916},{"Length":208,"Height":283,"Demand":1,"DemandMax":null,"Value":58864},{"Length":300,"Height":196,"Demand":1,"DemandMax":null,"Value":58800},{"Length":246,"Height":239,"Demand":1,"DemandMax":null,"Value":58794},{"Length":207,"Height":284,"Demand":1,"DemandMax":null,"Value":58788},{"Length":263,"Height":223,"Demand":1,"DemandMax":null,"Value":58649},{"Length":250,"Height":234,"Demand":1,"DemandMax":null,"Value":58500},{"Length":261,"Height":224,"Demand":1,"DemandMax":null,"Value":58464},{"Length":246,"Height":237,"Demand":1,"DemandMax":null,"Value":58302},{"Length":201,"Height":290,"Demand":1,"DemandMax":null,"Value":58290},{"Length":236,"Height":246,"Demand":1,"DemandMax":null,"Value":58056},{"Length":250,"Height":232,"Demand":1,"DemandMax":null,"Value":58000},{"Length":300,"Height":193,"Demand":1,"DemandMax":null,"Value":57900},{"Length":199,"Height":290,"Demand":1,"DemandMax":null,"Value":57710},{"Length":234,"Height":246,"Demand":1,"DemandMax":null,"Value":57564},{"Length":253,"Height":227,"Demand":1,"DemandMax":null,"Value":57431},{"Length":262,"Height":219,"Demand":1,"DemandMax":null,"Value":57378},{"Length":217,"Height":264,"Demand":1,"DemandMax":null,"Value":57288},{"Length":217,"Height":263,"Demand":1,"DemandMax":null,"Value":57071},{"Length":192,"Height":297,"Demand":1,"DemandMax":null,"Value":57024},{"Length":201,"Height":283,"Demand":1,"DemandMax":null,"Value":56883},{"Length":229,"Height":248,"Demand":1,"DemandMax":null,"Value":56792},{"Length":220,"Height":258,"Demand":1,"DemandMax":null,"Value":56760},{"Length":278,"Height":204,"Demand":1,"DemandMax":null,"Value":56712},{"Length":240,"Height":236,"Demand":1,"DemandMax":null,"Value":56640},{"Length":262,"Height":216,"Demand":1,"DemandMax":null,"Value":56592},{"Length":205,"Height":275,"Demand":1,"DemandMax":null,"Value":56375},{"Length":195,"Height":289,"Demand":1,"DemandMax":null,"Value":56355},{"Length":228,"Height":247,"Demand":1,"DemandMax":null,"Value":56316},{"Length":268,"Height":210,"Demand":1,"DemandMax":null,"Value":56280},{"Length":264,"Height":213,"Demand":1,"DemandMax":null,"Value":56232},{"Length":276,"Height":203,"Demand":1,"DemandMax":null,"Value":56028},{"Length":235,"Height":238,"Demand":1,"DemandMax":null,"Value":55930},{"Length":274,"Height":204,"Demand":1,"DemandMax":null,"Value":55896},{"Length":193,"Height":289,"Demand":1,"DemandMax":null,"Value":55777},{"Length":238,"Height":234,"Demand":1,"DemandMax":null,"Value":55692},{"Length":282,"Height":197,"Demand":1,"DemandMax":null,"Value":55554},{"Length":187,"Height":297,"Demand":1,"DemandMax":null,"Value":55539},{"Length":263,"Height":211,"Demand":1,"DemandMax":null,"Value":55493},{"Length":188,"Height":295,"Demand":1,"DemandMax":null,"Value":55460},{"Length":209,"Height":265,"Demand":1,"DemandMax":null,"Value":55385},{"Length":218,"Height":254,"Demand":1,"DemandMax":null,"Value":55372},{"Length":216,"Height":256,"Demand":1,"DemandMax":null,"Value":55296},{"Length":234,"Height":236,"Demand":1,"DemandMax":null,"Value":55224},{"Length":260,"Height":212,"Demand":1,"DemandMax":null,"Value":55120},{"Length":195,"Height":282,"Demand":1,"DemandMax":null,"Value":54990},{"Length":239,"Height":230,"Demand":1,"DemandMax":null,"Value":54970},{"Length":197,"Height":279,"Demand":1,"DemandMax":null,"Value":54963},{"Length":185,"Height":297,"Demand":1,"DemandMax":null,"Value":54945},{"Length":239,"Height":229,"Demand":1,"DemandMax":null,"Value":54731},{"Length":195,"Height":280,"Demand":1,"DemandMax":null,"Value":54600},{"Length":279,"Height":195,"Demand":1,"DemandMax":null,"Value":54405},{"Length":206,"Height":264,"Demand":1,"DemandMax":null,"Value":54384},{"Length":194,"Height":280,"Demand":1,"DemandMax":null,"Value":54320},{"Length":236,"Height":230,"Demand":1,"DemandMax":null,"Value":54280},{"Length":237,"Height":229,"Demand":1,"DemandMax":null,"Value":54273},{"Length":242,"Height":224,"Demand":1,"DemandMax":null,"Value":54208},{"Length":185,"Height":293,"Demand":1,"DemandMax":null,"Value":54205},{"Length":265,"Height":204,"Demand":1,"DemandMax":null,"Value":54060},{"Length":259,"Height":208,"Demand":1,"DemandMax":null,"Value":53872},{"Length":201,"Height":268,"Demand":1,"DemandMax":null,"Value":53868},{"Length":223,"Height":241,"Demand":1,"DemandMax":null,"Value":53743},{"Length":218,"Height":246,"Demand":1,"DemandMax":null,"Value":53628},{"Length":229,"Height":234,"Demand":1,"DemandMax":null,"Value":53586},{"Length":282,"Height":190,"Demand":1,"DemandMax":null,"Value":53580},{"Length":181,"Height":296,"Demand":1,"DemandMax":null,"Value":53576},{"Length":189,"Height":283,"Demand":1,"DemandMax":null,"Value":53487},{"Length":230,"Height":231,"Demand":1,"DemandMax":null,"Value":53130},{"Length":233,"Height":228,"Demand":1,"DemandMax":null,"Value":53124},{"Length":219,"Height":242,"Demand":1,"DemandMax":null,"Value":52998},{"Length":208,"Height":254,"Demand":1,"DemandMax":null,"Value":52832},{"Length":258,"Height":204,"Demand":1,"DemandMax":null,"Value":52632},{"Length":268,"Height":196,"Demand":1,"DemandMax":null,"Value":52528},{"Length":245,"Height":214,"Demand":1,"DemandMax":null,"Value":52430},{"Length":235,"Height":223,"Demand":1,"DemandMax":null,"Value":52405},{"Length":274,"Height":191,"Demand":1,"DemandMax":null,"Value":52334},{"Length":175,"Height":299,"Demand":1,"DemandMax":null,"Value":52325},{"Length":255,"Height":205,"Demand":1,"DemandMax":null,"Value":52275},{"Length":184,"Height":284,"Demand":1,"DemandMax":null,"Value":52256},{"Length":252,"Height":206,"Demand":1,"DemandMax":null,"Value":51912},{"Length":290,"Height":179,"Demand":1,"DemandMax":null,"Value":51910},{"Length":180,"Height":288,"Demand":1,"DemandMax":null,"Value":51840},{"Length":187,"Height":277,"Demand":1,"DemandMax":null,"Value":51799},{"Length":291,"Height":178,"Demand":1,"DemandMax":null,"Value":51798},{"Length":267,"Height":192,"Demand":1,"DemandMax":null,"Value":51264},{"Length":186,"Height":275,"Demand":1,"DemandMax":null,"Value":51150},{"Length":285,"Height":179,"Demand":1,"DemandMax":null,"Value":51015},{"Length":237,"Height":215,"Demand":1,"DemandMax":null,"Value":50955},{"Length":256,"Height":199,"Demand":1,"DemandMax":null,"Value":50944},{"Length":193,"Height":263,"Demand":1,"DemandMax":null,"Value":50759},{"Length":203,"Height":250,"Demand":1,"DemandMax":null,"Value":50750},{"Length":298,"Height":170,"Demand":1,"DemandMax":null,"Value":50660},{"Length":182,"Height":278,"Demand":1,"DemandMax":null,"Value":50596},{"Length":199,"Height":254,"Demand":1,"DemandMax":null,"Value":50546},{"Length":267,"Height":189,"Demand":1,"DemandMax":null,"Value":50463},{"Length":247,"Height":204,"Demand":1,"DemandMax":null,"Value":50388},{"Length":220,"Height":229,"Demand":1,"DemandMax":null,"Value":50380},{"Length":218,"Height":231,"Demand":1,"DemandMax":null,"Value":50358},{"Length":218,"Height":230,"Demand":1,"DemandMax":null,"Value":50140},{"Length":280,"Height":179,"Demand":1,"DemandMax":null,"Value":50120},{"Length":172,"Height":290,"Demand":1,"DemandMax":null,"Value":49880},{"Length":175,"Height":285,"Demand":1,"DemandMax":null,"Value":49875},{"Length":186,"Height":268,"Demand":1,"DemandMax":null,"Value":49848},{"Length":249,"Height":200,"Demand":1,"DemandMax":null,"Value":49800},{"Length":166,"Height":300,"Demand":1,"DemandMax":null,"Value":49800},{"Length":237,"Height":210,"Demand":1,"DemandMax":null,"Value":49770},{"Length":220,"Height":226,"Demand":1,"DemandMax":null,"Value":49720},{"Length":289,"Height":172,"Demand":1,"DemandMax":null,"Value":49708},{"Length":242,"Height":205,"Demand":1,"DemandMax":null,"Value":49610},{"Length":193,"Height":257,"Demand":1,"DemandMax":null,"Value":49601},{"Length":190,"Height":261,"Demand":1,"DemandMax":null,"Value":49590},{"Length":269,"Height":184,"Demand":1,"DemandMax":null,"Value":49496},{"Length":291,"Height":170,"Demand":1,"DemandMax":null,"Value":49470},{"Length":166,"Height":298,"Demand":1,"DemandMax":null,"Value":49468},{"Length":246,"Height":201,"Demand":1,"DemandMax":null,"Value":49446},{"Length":200,"Height":247,"Demand":1,"DemandMax":null,"Value":49400},{"Length":243,"Height":203,"Demand":1,"DemandMax":null,"Value":49329},{"Length":236,"Height":209,"Demand":1,"DemandMax":null,"Value":49324},{"Length":267,"Height":184,"Demand":1,"DemandMax":null,"Value":49128},{"Length":183,"Height":268,"Demand":1,"DemandMax":null,"Value":49044},{"Length":265,"Height":185,"Demand":1,"DemandMax":null,"Value":49025},{"Length":263,"Height":186,"Demand":1,"DemandMax":null,"Value":48918},{"Length":219,"Height":223,"Demand":1,"DemandMax":null,"Value":48837},{"Length":175,"Height":279,"Demand":1,"DemandMax":null,"Value":48825},{"Length":189,"Height":258,"Demand":1,"DemandMax":null,"Value":48762},{"Length":277,"Height":176,"Demand":1,"DemandMax":null,"Value":48752},{"Length":246,"Height":198,"Demand":1,"DemandMax":null,"Value":48708},{"Length":181,"Height":269,"Demand":1,"DemandMax":null,"Value":48689},{"Length":237,"Height":204,"Demand":1,"DemandMax":null,"Value":48348},{"Length":291,"Height":166,"Demand":1,"DemandMax":null,"Value":48306},{"Length":258,"Height":187,"Demand":1,"DemandMax":null,"Value":48246},{"Length":183,"Height":263,"Demand":1,"DemandMax":null,"Value":48129},{"Length":238,"Height":202,"Demand":1,"DemandMax":null,"Value":48076},{"Length":171,"Height":281,"Demand":1,"DemandMax":null,"Value":48051},{"Length":168,"Height":286,"Demand":1,"DemandMax":null,"Value":48048},{"Length":241,"Height":199,"Demand":1,"DemandMax":null,"Value":47959},{"Length":257,"Height":186,"Demand":1,"DemandMax":null,"Value":47802},{"Length":214,"Height":223,"Demand":1,"DemandMax":null,"Value":47722},{"Length":289,"Height":165,"Demand":1,"DemandMax":null,"Value":47685},{"Length":203,"Height":234,"Demand":1,"DemandMax":null,"Value":47502},{"Length":167,"Height":284,"Demand":1,"DemandMax":null,"Value":47428},{"Length":164,"Height":289,"Demand":1,"DemandMax":null,"Value":47396},{"Length":185,"Height":256,"Demand":1,"DemandMax":null,"Value":47360},{"Length":213,"Height":222,"Demand":1,"DemandMax":null,"Value":47286},{"Length":165,"Height":285,"Demand":1,"DemandMax":null,"Value":47025},{"Length":270,"Height":174,"Demand":1,"DemandMax":null,"Value":46980},{"Length":180,"Height":261,"Demand":1,"DemandMax":null,"Value":46980},{"Length":157,"Height":299,"Demand":1,"DemandMax":null,"Value":46943},{"Length":193,"Height":243,"Demand":1,"DemandMax":null,"Value":46899},{"Length":210,"Height":223,"Demand":1,"DemandMax":null,"Value":46830},{"Length":195,"Height":240,"Demand":1,"DemandMax":null,"Value":46800},{"Length":194,"Height":241,"Demand":1,"DemandMax":null,"Value":46754},{"Length":294,"Height":159,"Demand":1,"DemandMax":null,"Value":46746},{"Length":246,"Height":190,"Demand":1,"DemandMax":null,"Value":46740},{"Length":183,"Height":255,"Demand":1,"DemandMax":null,"Value":46665},{"Length":178,"Height":262,"Demand":1,"DemandMax":null,"Value":46636},{"Length":274,"Height":170,"Demand":1,"DemandMax":null,"Value":46580},{"Length":199,"Height":234,"Demand":1,"DemandMax":null,"Value":46566},{"Length":193,"Height":241,"Demand":1,"DemandMax":null,"Value":46513},{"Length":275,"Height":169,"Demand":1,"DemandMax":null,"Value":46475},{"Length":285,"Height":163,"Demand":1,"DemandMax":null,"Value":46455},{"Length":270,"Height":172,"Demand":1,"DemandMax":null,"Value":46440},{"Length":217,"Height":214,"Demand":1,"DemandMax":null,"Value":46438},{"Length":189,"Height":245,"Demand":1,"DemandMax":null,"Value":46305},{"Length":177,"Height":261,"Demand":1,"DemandMax":null,"Value":46197},{"Length":205,"Height":225,"Demand":1,"DemandMax":null,"Value":46125},{"Length":268,"Height":172,"Demand":1,"DemandMax":null,"Value":46096},{"Length":288,"Height":160,"Demand":1,"DemandMax":null,"Value":46080},{"Length":192,"Height":240,"Demand":1,"DemandMax":null,"Value":46080},{"Length":286,"Height":161,"Demand":1,"DemandMax":null,"Value":46046},{"Length":156,"Height":295,"Demand":1,"DemandMax":null,"Value":46020},{"Length":207,"Height":222,"Demand":1,"DemandMax":null,"Value":45954},{"Length":258,"Height":178,"Demand":1,"DemandMax":null,"Value":45924},{"Length":217,"Height":211,"Demand":1,"DemandMax":null,"Value":45787},{"Length":260,"Height":176,"Demand":1,"DemandMax":null,"Value":45760},{"Length":164,"Height":279,"Demand":1,"DemandMax":null,"Value":45756},{"Length":295,"Height":155,"Demand":1,"DemandMax":null,"Value":45725},{"Length":277,"Height":165,"Demand":1,"DemandMax":null,"Value":45705},{"Length":163,"Height":280,"Demand":1,"DemandMax":null,"Value":45640},{"Length":273,"Height":167,"Demand":1,"DemandMax":null,"Value":45591},{"Length":199,"Height":229,"Demand":1,"DemandMax":null,"Value":45571},{"Length":230,"Height":198,"Demand":1,"DemandMax":null,"Value":45540},{"Length":220,"Height":207,"Demand":1,"DemandMax":null,"Value":45540},{"Length":243,"Height":187,"Demand":1,"DemandMax":null,"Value":45441},{"Length":258,"Height":176,"Demand":1,"DemandMax":null,"Value":45408},{"Length":240,"Height":189,"Demand":1,"DemandMax":null,"Value":45360},{"Length":245,"Height":185,"Demand":1,"DemandMax":null,"Value":45325},{"Length":204,"Height":222,"Demand":1,"DemandMax":null,"Value":45288},{"Length":290,"Height":156,"Demand":1,"DemandMax":null,"Value":45240},{"Length":213,"Height":212,"Demand":1,"DemandMax":null,"Value":45156},{"Length":183,"Height":246,"Demand":1,"DemandMax":null,"Value":45018},{"Length":186,"Height":242,"Demand":1,"DemandMax":null,"Value":45012},{"Length":153,"Height":293,"Demand":1,"DemandMax":null,"Value":44829},{"Length":241,"Height":186,"Demand":1,"DemandMax":null,"Value":44826},{"Length":238,"Height":188,"Demand":1,"DemandMax":null,"Value":44744},{"Length":177,"Height":252,"Demand":1,"DemandMax":null,"Value":44604},{"Length":263,"Height":169,"Demand":1,"DemandMax":null,"Value":44447},{"Length":283,"Height":157,"Demand":1,"DemandMax":null,"Value":44431},{"Length":188,"Height":236,"Demand":1,"DemandMax":null,"Value":44368},{"Length":167,"Height":265,"Demand":1,"DemandMax":null,"Value":44255},{"Length":289,"Height":153,"Demand":1,"DemandMax":null,"Value":44217},{"Length":198,"Height":223,"Demand":1,"DemandMax":null,"Value":44154},{"Length":196,"Height":225,"Demand":1,"DemandMax":null,"Value":44100},{"Length":213,"Height":207,"Demand":1,"DemandMax":null,"Value":44091},{"Length":153,"Height":288,"Demand":1,"DemandMax":null,"Value":44064},{"Length":280,"Height":157,"Demand":1,"DemandMax":null,"Value":43960},{"Length":198,"Height":222,"Demand":1,"DemandMax":null,"Value":43956},{"Length":186,"Height":236,"Demand":1,"DemandMax":null,"Value":43896},{"Length":285,"Height":154,"Demand":1,"DemandMax":null,"Value":43890},{"Length":283,"Height":155,"Demand":1,"DemandMax":null,"Value":43865},{"Length":168,"Height":261,"Demand":1,"DemandMax":null,"Value":43848},{"Length":162,"Height":269,"Demand":1,"DemandMax":null,"Value":43578},{"Length":238,"Height":183,"Demand":1,"DemandMax":null,"Value":43554},{"Length":154,"Height":282,"Demand":1,"DemandMax":null,"Value":43428},{"Length":185,"Height":234,"Demand":1,"DemandMax":null,"Value":43290},{"Length":207,"Height":209,"Demand":1,"DemandMax":null,"Value":43263},{"Length":250,"Height":173,"Demand":1,"DemandMax":null,"Value":43250},{"Length":156,"Height":277,"Demand":1,"DemandMax":null,"Value":43212},{"Length":150,"Height":288,"Demand":1,"DemandMax":null,"Value":43200},{"Length":241,"Height":179,"Demand":1,"DemandMax":null,"Value":43139},{"Length":154,"Height":280,"Demand":1,"DemandMax":null,"Value":43120},{"Length":173,"Height":249,"Demand":1,"DemandMax":null,"Value":43077},{"Length":157,"Height":274,"Demand":1,"DemandMax":null,"Value":43018},{"Length":243,"Height":177,"Demand":1,"DemandMax":null,"Value":43011},{"Length":177,"Height":242,"Demand":1,"DemandMax":null,"Value":42834},{"Length":271,"Height":157,"Demand":1,"DemandMax":null,"Value":42547},{"Length":160,"Height":265,"Demand":1,"DemandMax":null,"Value":42400},{"Length":155,"Height":273,"Demand":1,"DemandMax":null,"Value":42315},{"Length":175,"Height":241,"Demand":1,"DemandMax":null,"Value":42175},{"Length":165,"Height":255,"Demand":1,"DemandMax":null,"Value":42075},{"Length":186,"Height":226,"Demand":1,"DemandMax":null,"Value":42036},{"Length":191,"Height":220,"Demand":1,"DemandMax":null,"Value":42020},{"Length":181,"Height":232,"Demand":1,"DemandMax":null,"Value":41992},{"Length":172,"Height":243,"Demand":1,"DemandMax":null,"Value":41796},{"Length":232,"Height":180,"Demand":1,"DemandMax":null,"Value":41760},{"Length":288,"Height":145,"Demand":1,"DemandMax":null,"Value":41760},{"Length":244,"Height":171,"Demand":1,"DemandMax":null,"Value":41724},{"Length":158,"Height":264,"Demand":1,"DemandMax":null,"Value":41712},{"Length":244,"Height":170,"Demand":1,"DemandMax":null,"Value":41480},{"Length":223,"Height":186,"Demand":1,"DemandMax":null,"Value":41478},{"Length":160,"Height":259,"Demand":1,"DemandMax":null,"Value":41440},{"Length":278,"Height":149,"Demand":1,"DemandMax":null,"Value":41422},{"Length":273,"Height":151,"Demand":1,"DemandMax":null,"Value":41223},{"Length":139,"Height":296,"Demand":1,"DemandMax":null,"Value":41144},{"Length":242,"Height":170,"Demand":1,"DemandMax":null,"Value":41140},{"Length":171,"Height":240,"Demand":1,"DemandMax":null,"Value":41040},{"Length":188,"Height":218,"Demand":1,"DemandMax":null,"Value":40984},{"Length":196,"Height":209,"Demand":1,"DemandMax":null,"Value":40964},{"Length":175,"Height":234,"Demand":1,"DemandMax":null,"Value":40950},{"Length":140,"Height":292,"Demand":1,"DemandMax":null,"Value":40880},{"Length":151,"Height":270,"Demand":1,"DemandMax":null,"Value":40770},{"Length":277,"Height":147,"Demand":1,"DemandMax":null,"Value":40719},{"Length":156,"Height":261,"Demand":1,"DemandMax":null,"Value":40716},{"Length":148,"Height":275,"Demand":1,"DemandMax":null,"Value":40700},{"Length":228,"Height":178,"Demand":1,"DemandMax":null,"Value":40584},{"Length":155,"Height":261,"Demand":1,"DemandMax":null,"Value":40455},{"Length":291,"Height":139,"Demand":1,"DemandMax":null,"Value":40449},{"Length":266,"Height":152,"Demand":1,"DemandMax":null,"Value":40432},{"Length":251,"Height":161,"Demand":1,"DemandMax":null,"Value":40411},{"Length":246,"Height":164,"Demand":1,"DemandMax":null,"Value":40344},{"Length":286,"Height":141,"Demand":1,"DemandMax":null,"Value":40326},{"Length":280,"Height":144,"Demand":1,"DemandMax":null,"Value":40320},{"Length":255,"Height":158,"Demand":1,"DemandMax":null,"Value":40290},{"Length":190,"Height":212,"Demand":1,"DemandMax":null,"Value":40280},{"Length":188,"Height":214,"Demand":1,"DemandMax":null,"Value":40232},{"Length":221,"Height":182,"Demand":1,"DemandMax":null,"Value":40222},{"Length":198,"Height":203,"Demand":1,"DemandMax":null,"Value":40194},{"Length":148,"Height":271,"Demand":1,"DemandMax":null,"Value":40108},{"Length":143,"Height":280,"Demand":1,"DemandMax":null,"Value":40040},{"Length":239,"Height":167,"Demand":1,"DemandMax":null,"Value":39913},{"Length":259,"Height":154,"Demand":1,"DemandMax":null,"Value":39886},{"Length":275,"Height":145,"Demand":1,"DemandMax":null,"Value":39875},{"Length":171,"Height":233,"Demand":1,"DemandMax":null,"Value":39843},{"Length":155,"Height":257,"Demand":1,"DemandMax":null,"Value":39835},{"Length":232,"Height":171,"Demand":1,"DemandMax":null,"Value":39672},{"Length":296,"Height":134,"Demand":1,"DemandMax":null,"Value":39664},{"Length":170,"Height":233,"Demand":1,"DemandMax":null,"Value":39610},{"Length":275,"Height":144,"Demand":1,"DemandMax":null,"Value":39600},{"Length":169,"Height":234,"Demand":1,"DemandMax":null,"Value":39546},{"Length":227,"Height":174,"Demand":1,"DemandMax":null,"Value":39498},{"Length":182,"Height":217,"Demand":1,"DemandMax":null,"Value":39494},{"Length":258,"Height":153,"Demand":1,"DemandMax":null,"Value":39474},{"Length":137,"Height":287,"Demand":1,"DemandMax":null,"Value":39319},{"Length":165,"Height":238,"Demand":1,"DemandMax":null,"Value":39270},{"Length":169,"Height":232,"Demand":1,"DemandMax":null,"Value":39208},{"Length":219,"Height":179,"Demand":1,"DemandMax":null,"Value":39201},{"Length":164,"Height":239,"Demand":1,"DemandMax":null,"Value":39196},{"Length":264,"Height":148,"Demand":1,"DemandMax":null,"Value":39072},{"Length":241,"Height":162,"Demand":1,"DemandMax":null,"Value":39042},{"Length":191,"Height":204,"Demand":1,"DemandMax":null,"Value":38964},{"Length":265,"Height":147,"Demand":1,"DemandMax":null,"Value":38955},{"Length":182,"Height":214,"Demand":1,"DemandMax":null,"Value":38948},{"Length":240,"Height":162,"Demand":1,"DemandMax":null,"Value":38880},{"Length":186,"Height":209,"Demand":1,"DemandMax":null,"Value":38874},{"Length":299,"Height":130,"Demand":1,"DemandMax":null,"Value":38870},{"Length":198,"Height":196,"Demand":1,"DemandMax":null,"Value":38808},{"Length":200,"Height":194,"Demand":1,"DemandMax":null,"Value":38800},{"Length":210,"Height":184,"Demand":1,"DemandMax":null,"Value":38640},{"Length":141,"Height":274,"Demand":1,"DemandMax":null,"Value":38634},{"Length":290,"Height":133,"Demand":1,"DemandMax":null,"Value":38570},{"Length":205,"Height":188,"Demand":1,"DemandMax":null,"Value":38540},{"Length":168,"Height":229,"Demand":1,"DemandMax":null,"Value":38472},{"Length":128,"Height":300,"Demand":1,"DemandMax":null,"Value":38400},{"Length":218,"Height":176,"Demand":1,"DemandMax":null,"Value":38368},{"Length":138,"Height":278,"Demand":1,"DemandMax":null,"Value":38364},{"Length":153,"Height":250,"Demand":1,"DemandMax":null,"Value":38250},{"Length":245,"Height":156,"Demand":1,"DemandMax":null,"Value":38220},{"Length":273,"Height":140,"Demand":1,"DemandMax":null,"Value":38220},{"Length":172,"Height":222,"Demand":1,"DemandMax":null,"Value":38184},{"Length":212,"Height":180,"Demand":1,"DemandMax":null,"Value":38160},{"Length":218,"Height":175,"Demand":1,"DemandMax":null,"Value":38150},{"Length":133,"Height":286,"Demand":1,"DemandMax":null,"Value":38038},{"Length":194,"Height":196,"Demand":1,"DemandMax":null,"Value":38024},{"Length":144,"Height":264,"Demand":1,"DemandMax":null,"Value":38016},{"Length":242,"Height":157,"Demand":1,"DemandMax":null,"Value":37994},{"Length":155,"Height":245,"Demand":1,"DemandMax":null,"Value":37975},{"Length":175,"Height":217,"Demand":1,"DemandMax":null,"Value":37975},{"Length":292,"Height":130,"Demand":1,"DemandMax":null,"Value":37960},{"Length":184,"Height":206,"Demand":1,"DemandMax":null,"Value":37904},{"Length":158,"Height":239,"Demand":1,"DemandMax":null,"Value":37762},{"Length":203,"Height":186,"Demand":1,"DemandMax":null,"Value":37758},{"Length":173,"Height":218,"Demand":1,"DemandMax":null,"Value":37714},{"Length":208,"Height":181,"Demand":1,"DemandMax":null,"Value":37648},{"Length":249,"Height":151,"Demand":1,"DemandMax":null,"Value":37599},{"Length":162,"Height":232,"Demand":1,"DemandMax":null,"Value":37584},{"Length":154,"Height":244,"Demand":1,"DemandMax":null,"Value":37576},{"Length":270,"Height":139,"Demand":1,"DemandMax":null,"Value":37530},{"Length":266,"Height":141,"Demand":1,"DemandMax":null,"Value":37506},{"Length":214,"Height":175,"Demand":1,"DemandMax":null,"Value":37450},{"Length":258,"Height":145,"Demand":1,"DemandMax":null,"Value":37410},{"Length":125,"Height":299,"Demand":1,"DemandMax":null,"Value":37375},{"Length":278,"Height":134,"Demand":1,"DemandMax":null,"Value":37252},{"Length":193,"Height":193,"Demand":1,"DemandMax":null,"Value":37249},{"Length":282,"Height":132,"Demand":1,"DemandMax":null,"Value":37224},{"Length":141,"Height":264,"Demand":1,"DemandMax":null,"Value":37224},{"Length":205,"Height":181,"Demand":1,"DemandMax":null,"Value":37105},{"Length":294,"Height":126,"Demand":1,"DemandMax":null,"Value":37044},{"Length":296,"Height":125,"Demand":1,"DemandMax":null,"Value":37000},{"Length":128,"Height":289,"Demand":1,"DemandMax":null,"Value":36992},{"Length":124,"Height":298,"Demand":1,"DemandMax":null,"Value":36952},{"Length":164,"Height":225,"Demand":1,"DemandMax":null,"Value":36900},{"Length":217,"Height":170,"Demand":1,"DemandMax":null,"Value":36890},{"Length":191,"Height":193,"Demand":1,"DemandMax":null,"Value":36863},{"Length":148,"Height":248,"Demand":1,"DemandMax":null,"Value":36704},{"Length":235,"Height":156,"Demand":1,"DemandMax":null,"Value":36660},{"Length":298,"Height":123,"Demand":1,"DemandMax":null,"Value":36654},{"Length":207,"Height":177,"Demand":1,"DemandMax":null,"Value":36639},{"Length":184,"Height":199,"Demand":1,"DemandMax":null,"Value":36616},{"Length":254,"Height":144,"Demand":1,"DemandMax":null,"Value":36576},{"Length":227,"Height":161,"Demand":1,"DemandMax":null,"Value":36547},{"Length":234,"Height":156,"Demand":1,"DemandMax":null,"Value":36504},{"Length":211,"Height":173,"Demand":1,"DemandMax":null,"Value":36503},{"Length":206,"Height":177,"Demand":1,"DemandMax":null,"Value":36462},{"Length":197,"Height":184,"Demand":1,"DemandMax":null,"Value":36248},{"Length":132,"Height":274,"Demand":1,"DemandMax":null,"Value":36168},{"Length":227,"Height":159,"Demand":1,"DemandMax":null,"Value":36093},{"Length":201,"Height":179,"Demand":1,"DemandMax":null,"Value":35979},{"Length":202,"Height":178,"Demand":1,"DemandMax":null,"Value":35956},{"Length":196,"Height":183,"Demand":1,"DemandMax":null,"Value":35868},{"Length":247,"Height":145,"Demand":1,"DemandMax":null,"Value":35815},{"Length":179,"Height":200,"Demand":1,"DemandMax":null,"Value":35800},{"Length":286,"Height":125,"Demand":1,"DemandMax":null,"Value":35750},{"Length":200,"Height":178,"Demand":1,"DemandMax":null,"Value":35600},{"Length":252,"Height":141,"Demand":1,"DemandMax":null,"Value":35532},{"Length":178,"Height":199,"Demand":1,"DemandMax":null,"Value":35422},{"Length":233,"Height":152,"Demand":1,"DemandMax":null,"Value":35416},{"Length":133,"Height":266,"Demand":1,"DemandMax":null,"Value":35378},{"Length":184,"Height":192,"Demand":1,"DemandMax":null,"Value":35328},{"Length":237,"Height":149,"Demand":1,"DemandMax":null,"Value":35313},{"Length":157,"Height":224,"Demand":1,"DemandMax":null,"Value":35168},{"Length":191,"Height":184,"Demand":1,"DemandMax":null,"Value":35144},{"Length":262,"Height":134,"Demand":1,"DemandMax":null,"Value":35108},{"Length":172,"Height":204,"Demand":1,"DemandMax":null,"Value":35088},{"Length":222,"Height":158,"Demand":1,"DemandMax":null,"Value":35076},{"Length":162,"Height":216,"Demand":1,"DemandMax":null,"Value":34992},{"Length":279,"Height":125,"Demand":1,"DemandMax":null,"Value":34875},{"Length":207,"Height":168,"Demand":1,"DemandMax":null,"Value":34776},{"Length":183,"Height":190,"Demand":1,"DemandMax":null,"Value":34770},{"Length":263,"Height":132,"Demand":1,"DemandMax":null,"Value":34716},{"Length":177,"Height":196,"Demand":1,"DemandMax":null,"Value":34692},{"Length":138,"Height":251,"Demand":1,"DemandMax":null,"Value":34638},{"Length":296,"Height":117,"Demand":1,"DemandMax":null,"Value":34632},{"Length":186,"Height":186,"Demand":1,"DemandMax":null,"Value":34596},{"Length":185,"Height":187,"Demand":1,"DemandMax":null,"Value":34595},{"Length":132,"Height":262,"Demand":1,"DemandMax":null,"Value":34584},{"Length":151,"Height":229,"Demand":1,"DemandMax":null,"Value":34579},{"Length":118,"Height":293,"Demand":1,"DemandMax":null,"Value":34574},{"Length":146,"Height":236,"Demand":1,"DemandMax":null,"Value":34456},{"Length":161,"Height":214,"Demand":1,"DemandMax":null,"Value":34454},{"Length":259,"Height":133,"Demand":1,"DemandMax":null,"Value":34447},{"Length":126,"Height":273,"Demand":1,"DemandMax":null,"Value":34398},{"Length":179,"Height":192,"Demand":1,"DemandMax":null,"Value":34368},{"Length":166,"Height":207,"Demand":1,"DemandMax":null,"Value":34362},{"Length":139,"Height":247,"Demand":1,"DemandMax":null,"Value":34333},{"Length":144,"Height":238,"Demand":1,"DemandMax":null,"Value":34272},{"Length":261,"Height":131,"Demand":1,"DemandMax":null,"Value":34191},{"Length":151,"Height":226,"Demand":1,"DemandMax":null,"Value":34126},{"Length":137,"Height":248,"Demand":1,"DemandMax":null,"Value":33976},{"Length":215,"Height":158,"Demand":1,"DemandMax":null,"Value":33970},{"Length":223,"Height":152,"Demand":1,"DemandMax":null,"Value":33896},{"Length":204,"Height":166,"Demand":1,"DemandMax":null,"Value":33864},{"Length":277,"Height":122,"Demand":1,"DemandMax":null,"Value":33794},{"Length":286,"Height":118,"Demand":1,"DemandMax":null,"Value":33748},{"Length":124,"Height":272,"Demand":1,"DemandMax":null,"Value":33728},{"Length":274,"Height":123,"Demand":1,"DemandMax":null,"Value":33702},{"Length":288,"Height":117,"Demand":1,"DemandMax":null,"Value":33696},{"Length":122,"Height":276,"Demand":1,"DemandMax":null,"Value":33672},{"Length":148,"Height":227,"Demand":1,"DemandMax":null,"Value":33596},{"Length":136,"Height":247,"Demand":1,"DemandMax":null,"Value":33592},{"Length":282,"Height":119,"Demand":1,"DemandMax":null,"Value":33558},{"Length":127,"Height":264,"Demand":1,"DemandMax":null,"Value":33528},{"Length":153,"Height":219,"Demand":1,"DemandMax":null,"Value":33507},{"Length":283,"Height":118,"Demand":1,"DemandMax":null,"Value":33394},{"Length":282,"Height":118,"Demand":1,"DemandMax":null,"Value":33276},{"Length":223,"Height":149,"Demand":1,"DemandMax":null,"Value":33227},{"Length":113,"Height":294,"Demand":1,"DemandMax":null,"Value":33222},{"Length":173,"Height":192,"Demand":1,"DemandMax":null,"Value":33216},{"Length":246,"Height":135,"Demand":1,"DemandMax":null,"Value":33210},{"Length":154,"Height":215,"Demand":1,"DemandMax":null,"Value":33110},{"Length":184,"Height":179,"Demand":1,"DemandMax":null,"Value":32936},{"Length":177,"Height":186,"Demand":1,"DemandMax":null,"Value":32922},{"Length":128,"Height":257,"Demand":1,"DemandMax":null,"Value":32896},{"Length":215,"Height":153,"Demand":1,"DemandMax":null,"Value":32895},{"Length":132,"Height":249,"Demand":1,"DemandMax":null,"Value":32868},{"Length":228,"Height":144,"Demand":1,"DemandMax":null,"Value":32832},{"Length":118,"Height":278,"Demand":1,"DemandMax":null,"Value":32804},{"Length":116,"Height":282,"Demand":1,"DemandMax":null,"Value":32712},{"Length":150,"Height":218,"Demand":1,"DemandMax":null,"Value":32700},{"Length":242,"Height":135,"Demand":1,"DemandMax":null,"Value":32670},{"Length":208,"Height":157,"Demand":1,"DemandMax":null,"Value":32656},{"Length":238,"Height":137,"Demand":1,"DemandMax":null,"Value":32606},{"Length":141,"Height":231,"Demand":1,"DemandMax":null,"Value":32571},{"Length":185,"Height":176,"Demand":1,"DemandMax":null,"Value":32560},{"Length":154,"Height":211,"Demand":1,"DemandMax":null,"Value":32494},{"Length":201,"Height":161,"Demand":1,"DemandMax":null,"Value":32361},{"Length":247,"Height":131,"Demand":1,"DemandMax":null,"Value":32357},{"Length":171,"Height":189,"Demand":1,"DemandMax":null,"Value":32319},{"Length":108,"Height":299,"Demand":1,"DemandMax":null,"Value":32292},{"Length":113,"Height":285,"Demand":1,"DemandMax":null,"Value":32205},{"Length":153,"Height":210,"Demand":1,"DemandMax":null,"Value":32130},{"Length":257,"Height":125,"Demand":1,"DemandMax":null,"Value":32125},{"Length":184,"Height":174,"Demand":1,"DemandMax":null,"Value":32016},{"Length":252,"Height":127,"Demand":1,"DemandMax":null,"Value":32004},{"Length":242,"Height":132,"Demand":1,"DemandMax":null,"Value":31944},{"Length":158,"Height":202,"Demand":1,"DemandMax":null,"Value":31916},{"Length":143,"Height":223,"Demand":1,"DemandMax":null,"Value":31889},{"Length":224,"Height":142,"Demand":1,"DemandMax":null,"Value":31808},{"Length":106,"Height":300,"Demand":1,"DemandMax":null,"Value":31800},{"Length":170,"Height":187,"Demand":1,"DemandMax":null,"Value":31790},{"Length":248,"Height":128,"Demand":1,"DemandMax":null,"Value":31744},{"Length":191,"Height":166,"Demand":1,"DemandMax":null,"Value":31706},{"Length":233,"Height":136,"Demand":1,"DemandMax":null,"Value":31688},{"Length":178,"Height":178,"Demand":1,"DemandMax":null,"Value":31684},{"Length":179,"Height":177,"Demand":1,"DemandMax":null,"Value":31683},{"Length":270,"Height":117,"Demand":1,"DemandMax":null,"Value":31590},{"Length":112,"Height":282,"Demand":1,"DemandMax":null,"Value":31584},{"Length":219,"Height":144,"Demand":1,"DemandMax":null,"Value":31536},{"Length":252,"Height":125,"Demand":1,"DemandMax":null,"Value":31500},{"Length":228,"Height":138,"Demand":1,"DemandMax":null,"Value":31464},{"Length":177,"Height":177,"Demand":1,"DemandMax":null,"Value":31329},{"Length":208,"Height":150,"Demand":1,"DemandMax":null,"Value":31200},{"Length":238,"Height":131,"Demand":1,"DemandMax":null,"Value":31178},{"Length":109,"Height":286,"Demand":1,"DemandMax":null,"Value":31174},{"Length":141,"Height":221,"Demand":1,"DemandMax":null,"Value":31161},{"Length":283,"Height":110,"Demand":1,"DemandMax":null,"Value":31130},{"Length":170,"Height":183,"Demand":1,"DemandMax":null,"Value":31110},{"Length":120,"Height":259,"Demand":1,"DemandMax":null,"Value":31080},{"Length":270,"Height":115,"Demand":1,"DemandMax":null,"Value":31050},{"Length":196,"Height":158,"Demand":1,"DemandMax":null,"Value":30968},{"Length":109,"Height":284,"Demand":1,"DemandMax":null,"Value":30956},{"Length":292,"Height":106,"Demand":1,"DemandMax":null,"Value":30952},{"Length":297,"Height":104,"Demand":1,"DemandMax":null,"Value":30888},{"Length":134,"Height":230,"Demand":1,"DemandMax":null,"Value":30820},{"Length":181,"Height":170,"Demand":1,"DemandMax":null,"Value":30770},{"Length":182,"Height":169,"Demand":1,"DemandMax":null,"Value":30758},{"Length":111,"Height":277,"Demand":1,"DemandMax":null,"Value":30747},{"Length":244,"Height":126,"Demand":1,"DemandMax":null,"Value":30744},{"Length":287,"Height":107,"Demand":1,"DemandMax":null,"Value":30709},{"Length":129,"Height":238,"Demand":1,"DemandMax":null,"Value":30702},{"Length":284,"Height":108,"Demand":1,"DemandMax":null,"Value":30672},{"Length":107,"Height":286,"Demand":1,"DemandMax":null,"Value":30602},{"Length":160,"Height":191,"Demand":1,"DemandMax":null,"Value":30560},{"Length":137,"Height":223,"Demand":1,"DemandMax":null,"Value":30551},{"Length":131,"Height":233,"Demand":1,"DemandMax":null,"Value":30523},{"Length":248,"Height":123,"Demand":1,"DemandMax":null,"Value":30504},{"Length":202,"Height":151,"Demand":1,"DemandMax":null,"Value":30502},{"Length":250,"Height":122,"Demand":1,"DemandMax":null,"Value":30500},{"Length":296,"Height":103,"Demand":1,"DemandMax":null,"Value":30488},{"Length":240,"Height":127,"Demand":1,"DemandMax":null,"Value":30480},{"Length":112,"Height":272,"Demand":1,"DemandMax":null,"Value":30464},{"Length":108,"Height":282,"Demand":1,"DemandMax":null,"Value":30456},{"Length":116,"Height":262,"Demand":1,"DemandMax":null,"Value":30392},{"Length":157,"Height":193,"Demand":1,"DemandMax":null,"Value":30301},{"Length":196,"Height":154,"Demand":1,"DemandMax":null,"Value":30184},{"Length":191,"Height":158,"Demand":1,"DemandMax":null,"Value":30178},{"Length":164,"Height":184,"Demand":1,"DemandMax":null,"Value":30176},{"Length":200,"Height":150,"Demand":1,"DemandMax":null,"Value":30000},{"Length":177,"Height":169,"Demand":1,"DemandMax":null,"Value":29913},{"Length":148,"Height":202,"Demand":1,"DemandMax":null,"Value":29896},{"Length":123,"Height":243,"Demand":1,"DemandMax":null,"Value":29889},{"Length":153,"Height":195,"Demand":1,"DemandMax":null,"Value":29835},{"Length":105,"Height":284,"Demand":1,"DemandMax":null,"Value":29820},{"Length":144,"Height":207,"Demand":1,"DemandMax":null,"Value":29808},{"Length":136,"Height":219,"Demand":1,"DemandMax":null,"Value":29784},{"Length":100,"Height":297,"Demand":1,"DemandMax":null,"Value":29700},{"Length":288,"Height":103,"Demand":1,"DemandMax":null,"Value":29664},{"Length":203,"Height":146,"Demand":1,"DemandMax":null,"Value":29638},{"Length":184,"Height":161,"Demand":1,"DemandMax":null,"Value":29624},{"Length":106,"Height":279,"Demand":1,"DemandMax":null,"Value":29574},{"Length":104,"Height":284,"Demand":1,"DemandMax":null,"Value":29536},{"Length":266,"Height":111,"Demand":1,"DemandMax":null,"Value":29526},{"Length":217,"Height":136,"Demand":1,"DemandMax":null,"Value":29512},{"Length":125,"Height":236,"Demand":1,"DemandMax":null,"Value":29500},{"Length":148,"Height":199,"Demand":1,"DemandMax":null,"Value":29452},{"Length":127,"Height":231,"Demand":1,"DemandMax":null,"Value":29337},{"Length":222,"Height":132,"Demand":1,"DemandMax":null,"Value":29304},{"Length":248,"Height":118,"Demand":1,"DemandMax":null,"Value":29264},{"Length":142,"Height":206,"Demand":1,"DemandMax":null,"Value":29252},{"Length":112,"Height":261,"Demand":1,"DemandMax":null,"Value":29232},{"Length":218,"Height":134,"Demand":1,"DemandMax":null,"Value":29212},{"Length":254,"Height":115,"Demand":1,"DemandMax":null,"Value":29210},{"Length":256,"Height":114,"Demand":1,"DemandMax":null,"Value":29184},{"Length":145,"Height":201,"Demand":1,"DemandMax":null,"Value":29145},{"Length":249,"Height":117,"Demand":1,"DemandMax":null,"Value":29133},{"Length":126,"Height":231,"Demand":1,"DemandMax":null,"Value":29106},{"Length":288,"Height":101,"Demand":1,"DemandMax":null,"Value":29088},{"Length":134,"Height":217,"Demand":1,"DemandMax":null,"Value":29078},{"Length":240,"Height":121,"Demand":1,"DemandMax":null,"Value":29040},{"Length":263,"Height":110,"Demand":1,"DemandMax":null,"Value":28930},{"Length":239,"Height":121,"Demand":1,"DemandMax":null,"Value":28919},{"Length":119,"Height":243,"Demand":1,"DemandMax":null,"Value":28917},{"Length":198,"Height":146,"Demand":1,"DemandMax":null,"Value":28908},{"Length":145,"Height":199,"Demand":1,"DemandMax":null,"Value":28855},{"Length":127,"Height":227,"Demand":1,"DemandMax":null,"Value":28829},{"Length":142,"Height":203,"Demand":1,"DemandMax":null,"Value":28826},{"Length":160,"Height":180,"Demand":1,"DemandMax":null,"Value":28800},{"Length":288,"Height":100,"Demand":1,"DemandMax":null,"Value":28800},{"Length":192,"Height":150,"Demand":1,"DemandMax":null,"Value":28800},{"Length":146,"Height":197,"Demand":1,"DemandMax":null,"Value":28762},{"Length":279,"Height":103,"Demand":1,"DemandMax":null,"Value":28737},{"Length":123,"Height":233,"Demand":1,"DemandMax":null,"Value":28659},{"Length":231,"Height":124,"Demand":1,"DemandMax":null,"Value":28644},{"Length":212,"Height":135,"Demand":1,"DemandMax":null,"Value":28620},{"Length":128,"Height":223,"Demand":1,"DemandMax":null,"Value":28544},{"Length":271,"Height":105,"Demand":1,"DemandMax":null,"Value":28455},{"Length":120,"Height":237,"Demand":1,"DemandMax":null,"Value":28440},{"Length":128,"Height":222,"Demand":1,"DemandMax":null,"Value":28416},{"Length":100,"Height":284,"Demand":1,"DemandMax":null,"Value":28400},{"Length":170,"Height":167,"Demand":1,"DemandMax":null,"Value":28390},{"Length":147,"Height":193,"Demand":1,"DemandMax":null,"Value":28371},{"Length":275,"Height":103,"Demand":1,"DemandMax":null,"Value":28325},{"Length":262,"Height":108,"Demand":1,"DemandMax":null,"Value":28296},{"Length":246,"Height":115,"Demand":1,"DemandMax":null,"Value":28290},{"Length":156,"Height":181,"Demand":1,"DemandMax":null,"Value":28236},{"Length":168,"Height":168,"Demand":1,"DemandMax":null,"Value":28224},{"Length":258,"Height":109,"Demand":1,"DemandMax":null,"Value":28122},{"Length":230,"Height":122,"Demand":1,"DemandMax":null,"Value":28060},{"Length":180,"Height":155,"Demand":1,"DemandMax":null,"Value":27900},{"Length":104,"Height":268,"Demand":1,"DemandMax":null,"Value":27872},{"Length":189,"Height":147,"Demand":1,"DemandMax":null,"Value":27783},{"Length":267,"Height":104,"Demand":1,"DemandMax":null,"Value":27768},{"Length":196,"Height":141,"Demand":1,"DemandMax":null,"Value":27636},{"Length":110,"Height":251,"Demand":1,"DemandMax":null,"Value":27610},{"Length":185,"Height":149,"Demand":1,"DemandMax":null,"Value":27565},{"Length":222,"Height":124,"Demand":1,"DemandMax":null,"Value":27528},{"Length":148,"Height":186,"Demand":1,"DemandMax":null,"Value":27528},{"Length":139,"Height":198,"Demand":1,"DemandMax":null,"Value":27522},{"Length":220,"Height":125,"Demand":1,"DemandMax":null,"Value":27500},{"Length":120,"Height":229,"Demand":1,"DemandMax":null,"Value":27480},{"Length":259,"Height":106,"Demand":1,"DemandMax":null,"Value":27454},{"Length":130,"Height":211,"Demand":1,"DemandMax":null,"Value":27430},{"Length":163,"Height":168,"Demand":1,"DemandMax":null,"Value":27384},{"Length":127,"Height":215,"Demand":1,"DemandMax":null,"Value":27305},{"Length":156,"Height":175,"Demand":1,"DemandMax":null,"Value":27300},{"Length":202,"Height":135,"Demand":1,"DemandMax":null,"Value":27270},{"Length":183,"Height":149,"Demand":1,"DemandMax":null,"Value":27267},{"Length":223,"Height":122,"Demand":1,"DemandMax":null,"Value":27206},{"Length":147,"Height":185,"Demand":1,"DemandMax":null,"Value":27195},{"Length":230,"Height":118,"Demand":1,"DemandMax":null,"Value":27140},{"Length":155,"Height":175,"Demand":1,"DemandMax":null,"Value":27125},{"Length":139,"Height":195,"Demand":1,"DemandMax":null,"Value":27105},{"Length":258,"Height":105,"Demand":1,"DemandMax":null,"Value":27090},{"Length":138,"Height":196,"Demand":1,"DemandMax":null,"Value":27048},{"Length":169,"Height":160,"Demand":1,"DemandMax":null,"Value":27040},{"Length":170,"Height":158,"Demand":1,"DemandMax":null,"Value":26860},{"Length":227,"Height":118,"Demand":1,"DemandMax":null,"Value":26786},{"Length":255,"Height":105,"Demand":1,"DemandMax":null,"Value":26775},{"Length":217,"Height":123,"Demand":1,"DemandMax":null,"Value":26691},{"Length":127,"Height":210,"Demand":1,"DemandMax":null,"Value":26670},{"Length":233,"Height":114,"Demand":1,"DemandMax":null,"Value":26562},{"Length":239,"Height":111,"Demand":1,"DemandMax":null,"Value":26529},{"Length":154,"Height":172,"Demand":1,"DemandMax":null,"Value":26488},{"Length":115,"Height":230,"Demand":1,"DemandMax":null,"Value":26450},{"Length":118,"Height":224,"Demand":1,"DemandMax":null,"Value":26432},{"Length":146,"Height":181,"Demand":1,"DemandMax":null,"Value":26426},{"Length":151,"Height":175,"Demand":1,"DemandMax":null,"Value":26425},{"Length":136,"Height":194,"Demand":1,"DemandMax":null,"Value":26384},{"Length":244,"Height":108,"Demand":1,"DemandMax":null,"Value":26352},{"Length":188,"Height":140,"Demand":1,"DemandMax":null,"Value":26320},{"Length":226,"Height":116,"Demand":1,"DemandMax":null,"Value":26216},{"Length":201,"Height":130,"Demand":1,"DemandMax":null,"Value":26130},{"Length":104,"Height":251,"Demand":1,"DemandMax":null,"Value":26104},{"Length":112,"Height":232,"Demand":1,"DemandMax":null,"Value":25984},{"Length":216,"Height":120,"Demand":1,"DemandMax":null,"Value":25920},{"Length":104,"Height":249,"Demand":1,"DemandMax":null,"Value":25896},{"Length":255,"Height":101,"Demand":1,"DemandMax":null,"Value":25755},{"Length":206,"Height":125,"Demand":1,"DemandMax":null,"Value":25750},{"Length":180,"Height":143,"Demand":1,"DemandMax":null,"Value":25740},{"Length":257,"Height":100,"Demand":1,"DemandMax":null,"Value":25700},{"Length":111,"Height":231,"Demand":1,"DemandMax":null,"Value":25641},{"Length":183,"Height":140,"Demand":1,"DemandMax":null,"Value":25620},{"Length":119,"Height":215,"Demand":1,"DemandMax":null,"Value":25585},{"Length":126,"Height":203,"Demand":1,"DemandMax":null,"Value":25578},{"Length":107,"Height":239,"Demand":1,"DemandMax":null,"Value":25573},{"Length":101,"Height":253,"Demand":1,"DemandMax":null,"Value":25553},{"Length":143,"Height":178,"Demand":1,"DemandMax":null,"Value":25454},{"Length":247,"Height":103,"Demand":1,"DemandMax":null,"Value":25441},{"Length":160,"Height":159,"Demand":1,"DemandMax":null,"Value":25440},{"Length":129,"Height":197,"Demand":1,"DemandMax":null,"Value":25413},{"Length":215,"Height":118,"Demand":1,"DemandMax":null,"Value":25370},{"Length":213,"Height":119,"Demand":1,"DemandMax":null,"Value":25347},{"Length":206,"Height":123,"Demand":1,"DemandMax":null,"Value":25338},{"Length":218,"Height":116,"Demand":1,"DemandMax":null,"Value":25288},{"Length":172,"Height":147,"Demand":1,"DemandMax":null,"Value":25284},{"Length":118,"Height":214,"Demand":1,"DemandMax":null,"Value":25252},{"Length":120,"Height":210,"Demand":1,"DemandMax":null,"Value":25200},{"Length":169,"Height":149,"Demand":1,"DemandMax":null,"Value":25181},{"Length":237,"Height":106,"Demand":1,"DemandMax":null,"Value":25122},{"Length":162,"Height":155,"Demand":1,"DemandMax":null,"Value":25110},{"Length":164,"Height":153,"Demand":1,"DemandMax":null,"Value":25092},{"Length":112,"Height":224,"Demand":1,"DemandMax":null,"Value":25088},{"Length":221,"Height":113,"Demand":1,"DemandMax":null,"Value":24973},{"Length":134,"Height":186,"Demand":1,"DemandMax":null,"Value":24924},{"Length":124,"Height":201,"Demand":1,"DemandMax":null,"Value":24924},{"Length":161,"Height":154,"Demand":1,"DemandMax":null,"Value":24794},{"Length":243,"Height":102,"Demand":1,"DemandMax":null,"Value":24786},{"Length":163,"Height":152,"Demand":1,"DemandMax":null,"Value":24776},{"Length":116,"Height":213,"Demand":1,"DemandMax":null,"Value":24708},{"Length":135,"Height":183,"Demand":1,"DemandMax":null,"Value":24705},{"Length":132,"Height":187,"Demand":1,"DemandMax":null,"Value":24684},{"Length":199,"Height":124,"Demand":1,"DemandMax":null,"Value":24676},{"Length":244,"Height":101,"Demand":1,"DemandMax":null,"Value":24644},{"Length":162,"Height":152,"Demand":1,"DemandMax":null,"Value":24624},{"Length":203,"Height":121,"Demand":1,"DemandMax":null,"Value":24563},{"Length":134,"Height":183,"Demand":1,"DemandMax":null,"Value":24522},{"Length":158,"Height":155,"Demand":1,"DemandMax":null,"Value":24490},{"Length":136,"Height":180,"Demand":1,"DemandMax":null,"Value":24480},{"Length":198,"Height":123,"Demand":1,"DemandMax":null,"Value":24354},{"Length":234,"Height":104,"Demand":1,"DemandMax":null,"Value":24336},{"Length":208,"Height":117,"Demand":1,"DemandMax":null,"Value":24336},{"Length":121,"Height":201,"Demand":1,"DemandMax":null,"Value":24321},{"Length":152,"Height":160,"Demand":1,"DemandMax":null,"Value":24320},{"Length":223,"Height":109,"Demand":1,"DemandMax":null,"Value":24307},{"Length":243,"Height":100,"Demand":1,"DemandMax":null,"Value":24300},{"Length":131,"Height":185,"Demand":1,"DemandMax":null,"Value":24235},{"Length":197,"Height":123,"Demand":1,"DemandMax":null,"Value":24231},{"Length":130,"Height":186,"Demand":1,"DemandMax":null,"Value":24180},{"Length":208,"Height":116,"Demand":1,"DemandMax":null,"Value":24128},{"Length":136,"Height":177,"Demand":1,"DemandMax":null,"Value":24072},{"Length":157,"Height":153,"Demand":1,"DemandMax":null,"Value":24021},{"Length":239,"Height":100,"Demand":1,"DemandMax":null,"Value":23900},{"Length":138,"Height":173,"Demand":1,"DemandMax":null,"Value":23874},{"Length":119,"Height":200,"Demand":1,"DemandMax":null,"Value":23800},{"Length":120,"Height":198,"Demand":1,"DemandMax":null,"Value":23760},{"Length":203,"Height":117,"Demand":1,"DemandMax":null,"Value":23751},{"Length":201,"Height":118,"Demand":1,"DemandMax":null,"Value":23718},{"Length":128,"Height":185,"Demand":1,"DemandMax":null,"Value":23680},{"Length":120,"Height":197,"Demand":1,"DemandMax":null,"Value":23640},{"Length":165,"Height":143,"Demand":1,"DemandMax":null,"Value":23595},{"Length":228,"Height":103,"Demand":1,"DemandMax":null,"Value":23484},{"Length":215,"Height":109,"Demand":1,"DemandMax":null,"Value":23435},{"Length":155,"Height":151,"Demand":1,"DemandMax":null,"Value":23405},{"Length":142,"Height":164,"Demand":1,"DemandMax":null,"Value":23288},{"Length":129,"Height":180,"Demand":1,"DemandMax":null,"Value":23220},{"Length":152,"Height":152,"Demand":1,"DemandMax":null,"Value":23104},{"Length":194,"Height":119,"Demand":1,"DemandMax":null,"Value":23086},{"Length":143,"Height":161,"Demand":1,"DemandMax":null,"Value":23023},{"Length":118,"Height":195,"Demand":1,"DemandMax":null,"Value":23010},{"Length":213,"Height":108,"Demand":1,"DemandMax":null,"Value":23004},{"Length":137,"Height":167,"Demand":1,"DemandMax":null,"Value":22879},{"Length":190,"Height":120,"Demand":1,"DemandMax":null,"Value":22800},{"Length":165,"Height":138,"Demand":1,"DemandMax":null,"Value":22770},{"Length":153,"Height":148,"Demand":1,"DemandMax":null,"Value":22644},{"Length":170,"Height":133,"Demand":1,"DemandMax":null,"Value":22610},{"Length":198,"Height":114,"Demand":1,"DemandMax":null,"Value":22572},{"Length":168,"Height":134,"Demand":1,"DemandMax":null,"Value":22512},{"Length":112,"Height":201,"Demand":1,"DemandMax":null,"Value":22512},{"Length":130,"Height":173,"Demand":1,"DemandMax":null,"Value":22490},{"Length":161,"Height":139,"Demand":1,"DemandMax":null,"Value":22379},{"Length":168,"Height":133,"Demand":1,"DemandMax":null,"Value":22344},{"Length":135,"Height":165,"Demand":1,"DemandMax":null,"Value":22275},{"Length":206,"Height":107,"Demand":1,"DemandMax":null,"Value":22042},{"Length":116,"Height":190,"Demand":1,"DemandMax":null,"Value":22040},{"Length":202,"Height":109,"Demand":1,"DemandMax":null,"Value":22018},{"Length":123,"Height":179,"Demand":1,"DemandMax":null,"Value":22017},{"Length":151,"Height":145,"Demand":1,"DemandMax":null,"Value":21895},{"Length":159,"Height":137,"Demand":1,"DemandMax":null,"Value":21783},{"Length":132,"Height":165,"Demand":1,"DemandMax":null,"Value":21780},{"Length":131,"Height":166,"Demand":1,"DemandMax":null,"Value":21746},{"Length":167,"Height":130,"Demand":1,"DemandMax":null,"Value":21710},{"Length":137,"Height":158,"Demand":1,"DemandMax":null,"Value":21646},{"Length":117,"Height":185,"Demand":1,"DemandMax":null,"Value":21645},{"Length":189,"Height":114,"Demand":1,"DemandMax":null,"Value":21546},{"Length":197,"Height":109,"Demand":1,"DemandMax":null,"Value":21473},{"Length":146,"Height":147,"Demand":1,"DemandMax":null,"Value":21462},{"Length":165,"Height":130,"Demand":1,"DemandMax":null,"Value":21450},{"Length":105,"Height":204,"Demand":1,"DemandMax":null,"Value":21420},{"Length":106,"Height":202,"Demand":1,"DemandMax":null,"Value":21412},{"Length":136,"Height":157,"Demand":1,"DemandMax":null,"Value":21352},{"Length":174,"Height":122,"Demand":1,"DemandMax":null,"Value":21228},{"Length":105,"Height":202,"Demand":1,"DemandMax":null,"Value":21210},{"Length":145,"Height":146,"Demand":1,"DemandMax":null,"Value":21170},{"Length":211,"Height":100,"Demand":1,"DemandMax":null,"Value":21100},{"Length":190,"Height":111,"Demand":1,"DemandMax":null,"Value":21090},{"Length":134,"Height":157,"Demand":1,"DemandMax":null,"Value":21038},{"Length":109,"Height":193,"Demand":1,"DemandMax":null,"Value":21037},{"Length":158,"Height":133,"Demand":1,"DemandMax":null,"Value":21014},{"Length":161,"Height":129,"Demand":1,"DemandMax":null,"Value":20769},{"Length":112,"Height":185,"Demand":1,"DemandMax":null,"Value":20720},{"Length":159,"Height":130,"Demand":1,"DemandMax":null,"Value":20670},{"Length":189,"Height":109,"Demand":1,"DemandMax":null,"Value":20601},{"Length":126,"Height":163,"Demand":1,"DemandMax":null,"Value":20538},{"Length":111,"Height":185,"Demand":1,"DemandMax":null,"Value":20535},{"Length":178,"Height":115,"Demand":1,"DemandMax":null,"Value":20470},{"Length":134,"Height":152,"Demand":1,"DemandMax":null,"Value":20368},{"Length":131,"Height":155,"Demand":1,"DemandMax":null,"Value":20305},{"Length":114,"Height":178,"Demand":1,"DemandMax":null,"Value":20292},{"Length":105,"Height":193,"Demand":1,"DemandMax":null,"Value":20265},{"Length":124,"Height":163,"Demand":1,"DemandMax":null,"Value":20212},{"Length":101,"Height":200,"Demand":1,"DemandMax":null,"Value":20200},{"Length":126,"Height":160,"Demand":1,"DemandMax":null,"Value":20160},{"Length":144,"Height":140,"Demand":1,"DemandMax":null,"Value":20160},{"Length":115,"Height":175,"Demand":1,"DemandMax":null,"Value":20125},{"Length":195,"Height":103,"Demand":1,"DemandMax":null,"Value":20085},{"Length":133,"Height":151,"Demand":1,"DemandMax":null,"Value":20083},{"Length":107,"Height":187,"Demand":1,"DemandMax":null,"Value":20009},{"Length":160,"Height":125,"Demand":1,"DemandMax":null,"Value":20000},{"Length":103,"Height":194,"Demand":1,"DemandMax":null,"Value":19982},{"Length":126,"Height":158,"Demand":1,"DemandMax":null,"Value":19908},{"Length":139,"Height":143,"Demand":1,"DemandMax":null,"Value":19877},{"Length":116,"Height":171,"Demand":1,"DemandMax":null,"Value":19836},{"Length":120,"Height":165,"Demand":1,"DemandMax":null,"Value":19800},{"Length":115,"Height":172,"Demand":1,"DemandMax":null,"Value":19780},{"Length":188,"Height":105,"Demand":1,"DemandMax":null,"Value":19740},{"Length":111,"Height":177,"Demand":1,"DemandMax":null,"Value":19647},{"Length":170,"Height":115,"Demand":1,"DemandMax":null,"Value":19550},{"Length":161,"Height":121,"Demand":1,"DemandMax":null,"Value":19481},{"Length":137,"Height":142,"Demand":1,"DemandMax":null,"Value":19454},{"Length":167,"Height":116,"Demand":1,"DemandMax":null,"Value":19372},{"Length":158,"Height":122,"Demand":1,"DemandMax":null,"Value":19276},{"Length":175,"Height":110,"Demand":1,"DemandMax":null,"Value":19250},{"Length":155,"Height":124,"Demand":1,"DemandMax":null,"Value":19220},{"Length":101,"Height":189,"Demand":1,"DemandMax":null,"Value":19089},{"Length":127,"Height":150,"Demand":1,"DemandMax":null,"Value":19050},{"Length":138,"Height":138,"Demand":1,"DemandMax":null,"Value":19044},{"Length":158,"Height":120,"Demand":1,"DemandMax":null,"Value":18960},{"Length":170,"Height":111,"Demand":1,"DemandMax":null,"Value":18870},{"Length":152,"Height":124,"Demand":1,"DemandMax":null,"Value":18848},{"Length":171,"Height":110,"Demand":1,"DemandMax":null,"Value":18810},{"Length":186,"Height":101,"Demand":1,"DemandMax":null,"Value":18786},{"Length":138,"Height":136,"Demand":1,"DemandMax":null,"Value":18768},{"Length":163,"Height":115,"Demand":1,"DemandMax":null,"Value":18745},{"Length":162,"Height":115,"Demand":1,"DemandMax":null,"Value":18630},{"Length":133,"Height":140,"Demand":1,"DemandMax":null,"Value":18620},{"Length":138,"Height":134,"Demand":1,"DemandMax":null,"Value":18492},{"Length":108,"Height":170,"Demand":1,"DemandMax":null,"Value":18360},{"Length":106,"Height":173,"Demand":1,"DemandMax":null,"Value":18338},{"Length":175,"Height":104,"Demand":1,"DemandMax":null,"Value":18200},{"Length":141,"Height":129,"Demand":1,"DemandMax":null,"Value":18189},{"Length":145,"Height":125,"Demand":1,"DemandMax":null,"Value":18125},{"Length":118,"Height":152,"Demand":1,"DemandMax":null,"Value":17936},{"Length":176,"Height":101,"Demand":1,"DemandMax":null,"Value":17776},{"Length":102,"Height":174,"Demand":1,"DemandMax":null,"Value":17748},{"Length":106,"Height":167,"Demand":1,"DemandMax":null,"Value":17702},{"Length":114,"Height":155,"Demand":1,"DemandMax":null,"Value":17670},{"Length":126,"Height":139,"Demand":1,"DemandMax":null,"Value":17514},{"Length":104,"Height":168,"Demand":1,"DemandMax":null,"Value":17472},{"Length":121,"Height":144,"Demand":1,"DemandMax":null,"Value":17424},{"Length":159,"Height":109,"Demand":1,"DemandMax":null,"Value":17331},{"Length":131,"Height":132,"Demand":1,"DemandMax":null,"Value":17292},{"Length":107,"Height":160,"Demand":1,"DemandMax":null,"Value":17120},{"Length":128,"Height":133,"Demand":1,"DemandMax":null,"Value":17024},{"Length":126,"Height":134,"Demand":1,"DemandMax":null,"Value":16884},{"Length":124,"Height":136,"Demand":1,"DemandMax":null,"Value":16864},{"Length":106,"Height":159,"Demand":1,"DemandMax":null,"Value":16854},{"Length":168,"Height":100,"Demand":1,"DemandMax":null,"Value":16800},{"Length":154,"Height":109,"Demand":1,"DemandMax":null,"Value":16786},{"Length":129,"Height":130,"Demand":1,"DemandMax":null,"Value":16770},{"Length":124,"Height":135,"Demand":1,"DemandMax":null,"Value":16740},{"Length":153,"Height":109,"Demand":1,"DemandMax":null,"Value":16677},{"Length":114,"Height":146,"Demand":1,"DemandMax":null,"Value":16644},{"Length":101,"Height":164,"Demand":1,"DemandMax":null,"Value":16564},{"Length":146,"Height":113,"Demand":1,"DemandMax":null,"Value":16498},{"Length":160,"Height":103,"Demand":1,"DemandMax":null,"Value":16480},{"Length":109,"Height":151,"Demand":1,"DemandMax":null,"Value":16459},{"Length":138,"Height":119,"Demand":1,"DemandMax":null,"Value":16422},{"Length":164,"Height":100,"Demand":1,"DemandMax":null,"Value":16400},{"Length":128,"Height":128,"Demand":1,"DemandMax":null,"Value":16384},{"Length":129,"Height":127,"Demand":1,"DemandMax":null,"Value":16383},{"Length":159,"Height":103,"Demand":1,"DemandMax":null,"Value":16377},{"Length":100,"Height":163,"Demand":1,"DemandMax":null,"Value":16300},{"Length":101,"Height":161,"Demand":1,"DemandMax":null,"Value":16261},{"Length":128,"Height":127,"Demand":1,"DemandMax":null,"Value":16256},{"Length":128,"Height":126,"Demand":1,"DemandMax":null,"Value":16128},{"Length":134,"Height":120,"Demand":1,"DemandMax":null,"Value":16080},{"Length":117,"Height":137,"Demand":1,"DemandMax":null,"Value":16029},{"Length":127,"Height":126,"Demand":1,"DemandMax":null,"Value":16002},{"Length":100,"Height":160,"Demand":1,"DemandMax":null,"Value":16000},{"Length":105,"Height":152,"Demand":1,"DemandMax":null,"Value":15960},{"Length":134,"Height":119,"Demand":1,"DemandMax":null,"Value":15946},{"Length":115,"Height":138,"Demand":1,"DemandMax":null,"Value":15870},{"Length":113,"Height":140,"Demand":1,"DemandMax":null,"Value":15820},{"Length":148,"Height":106,"Demand":1,"DemandMax":null,"Value":15688},{"Length":131,"Height":119,"Demand":1,"DemandMax":null,"Value":15589},{"Length":139,"Height":112,"Demand":1,"DemandMax":null,"Value":15568},{"Length":144,"Height":108,"Demand":1,"DemandMax":null,"Value":15552},{"Length":125,"Height":123,"Demand":1,"DemandMax":null,"Value":15375},{"Length":111,"Height":138,"Demand":1,"DemandMax":null,"Value":15318},{"Length":102,"Height":149,"Demand":1,"DemandMax":null,"Value":15198},{"Length":131,"Height":116,"Demand":1,"DemandMax":null,"Value":15196},{"Length":125,"Height":121,"Demand":1,"DemandMax":null,"Value":15125},{"Length":134,"Height":111,"Demand":1,"DemandMax":null,"Value":14874},{"Length":104,"Height":142,"Demand":1,"DemandMax":null,"Value":14768},{"Length":124,"Height":119,"Demand":1,"DemandMax":null,"Value":14756},{"Length":112,"Height":131,"Demand":1,"DemandMax":null,"Value":14672},{"Length":132,"Height":111,"Demand":1,"DemandMax":null,"Value":14652},{"Length":120,"Height":122,"Demand":1,"DemandMax":null,"Value":14640},{"Length":126,"Height":116,"Demand":1,"DemandMax":null,"Value":14616},{"Length":135,"Height":105,"Demand":1,"DemandMax":null,"Value":14175},{"Length":103,"Height":137,"Demand":1,"DemandMax":null,"Value":14111},{"Length":127,"Height":111,"Demand":1,"DemandMax":null,"Value":14097},{"Length":115,"Height":122,"Demand":1,"DemandMax":null,"Value":14030},{"Length":126,"Height":110,"Demand":1,"DemandMax":null,"Value":13860},{"Length":117,"Height":118,"Demand":1,"DemandMax":null,"Value":13806},{"Length":130,"Height":106,"Demand":1,"DemandMax":null,"Value":13780},{"Length":119,"Height":115,"Demand":1,"DemandMax":null,"Value":13685},{"Length":129,"Height":106,"Demand":1,"DemandMax":null,"Value":13674},{"Length":124,"Height":110,"Demand":1,"DemandMax":null,"Value":13640},{"Length":102,"Height":133,"Demand":1,"DemandMax":null,"Value":13566},{"Length":118,"Height":114,"Demand":1,"DemandMax":null,"Value":13452},{"Length":119,"Height":113,"Demand":1,"DemandMax":null,"Value":13447},{"Length":100,"Height":133,"Demand":1,"DemandMax":null,"Value":13300},{"Length":103,"Height":129,"Demand":1,"DemandMax":null,"Value":13287},{"Length":124,"Height":105,"Demand":1,"DemandMax":null,"Value":13020},{"Length":104,"Height":124,"Demand":1,"DemandMax":null,"Value":12896},{"Length":125,"Height":103,"Demand":1,"DemandMax":null,"Value":12875},{"Length":125,"Height":100,"Demand":1,"DemandMax":null,"Value":12500},{"Length":113,"Height":110,"Demand":1,"DemandMax":null,"Value":12430},{"Length":100,"Height":119,"Demand":1,"DemandMax":null,"Value":11900},{"Length":103,"Height":115,"Demand":1,"DemandMax":null,"Value":11845},{"Length":108,"Height":108,"Demand":1,"DemandMax":null,"Value":11664},{"Length":105,"Height":103,"Demand":1,"DemandMax":null,"Value":10815},{"Length":105,"Height":100,"Demand":1,"DemandMax":null,"Value":10500}]}