{"Name":"AH100","Objects":[{"Length":1000,"Height":1257,"Stock":null,"Cost":1257000}],"Items":[{"Length":66,"Height":50,"Demand":100,"DemandMax":null,"Value":3300},{"Length":37,"Height":50,"Demand":100,"DemandMax":null,"Value":1850},{"Length":60,"Height":27,"Demand":100,"DemandMax":null,"Value":1620},{"Length":36,"Height":41,"Demand":100,"DemandMax":null,"Value":1476},{"Length":30,"Height":40,"Demand":100,"DemandMax":null,"Value":1200},{"Length":31,"Height":32,"Demand":100,"DemandMax":null,"Value":992},{"Length":29,"Height":30,"Demand":100,"DemandMax":null,"Value":870},{"Length":17,"Height":34,"Demand":100,"DemandMax":null,"Value":578},{"Length":54,"Height":8,"Demand":100,"DemandMax":null,"Value":432},{"Length":25,"Height":10,"Demand":100,"DemandMax":null,"Value":250}]}