{"Name":"AH81","Objects":[{"Length":1000,"Height":2649,"Stock":null,"Cost":2649000}],"Items":[{"Length":68,"Height":65,"Demand":100,"DemandMax":null,"Value":4420},{"Length":51,"Height":71,"Demand":100,"DemandMax":null,"Value":3621},{"Length":44,"Height":73,"Demand":100,"DemandMax":null,"Value":3212},{"Length":75,"Height":42,"Demand":100,"DemandMax":null,"Value":3150},{"Length":56,"Height":54,"Demand":100,"DemandMax":null,"Value":3024},{"Length":46,"Height":64,"Demand":100,"DemandMax":null,"Value":2944},{"Length":30,"Height":73,"Demand":100,"DemandMax":null,"Value":2190},{"Length":40,"Height":41,"Demand":100,"DemandMax":null,"Value":1640},{"Length":52,"Height":26,"Demand":100,"DemandMax":null,"Value":1352},{"Length":36,"Height":26,"Demand":100,"DemandMax":null,"Value":936}]}