{"Name":"AH51","Objects":[{"Length":1000,"Height":28899,"Stock":null,"Cost":28899000}],"Items":[{"Length":315,"Height":292,"Demand":100,"DemandMax":null,"Value":91980},{"Length":217,"Height":359,"Demand":100,"DemandMax":null,"Value":77903},{"Length":215,"Height":186,"Demand":100,"DemandMax":null,"Value":39990},{"Length":80,"Height":280,"Demand":100,"DemandMax":null,"Value":22400},{"Length":47,"Height":343,"Demand":100,"DemandMax":null,"Value":16121},{"Length":64,"Height":247,"Demand":100,"DemandMax":null,"Value":15808},{"Length":35,"Height":230,"Demand":100,"DemandMax":null,"Value":8050},{"Length":76,"Height":90,"Demand":100,"DemandMax":null,"Value":6840},{"Length":126,"Height":51,"Demand":100,"DemandMax":null,"Value":6426},{"Length":105,"Height":33,"Demand":100,"DemandMax":null,"Value":3465}]}