{"Name":"AH59","Objects":[{"Length":1000,"Height":44002,"Stock":null,"Cost":44002000}],"Items":[{"Length":354,"Height":256,"Demand":100,"DemandMax":null,"Value":90624},{"Length":293,"Height":276,"Demand":100,"DemandMax":null,"Value":80868},{"Length":186,"Height":348,"Demand":100,"DemandMax":null,"Value":64728},{"Length":226,"Height":270,"Demand":100,"DemandMax":null,"Value":61020},{"Length":269,"Height":215,"Demand":100,"DemandMax":null,"Value":57835},{"Length":105,"Height":275,"Demand":100,"DemandMax":null,"Value":28875},{"Length":83,"Height":238,"Demand":100,"DemandMax":null,"Value":19754},{"Length":85,"Height":187,"Demand":100,"DemandMax":null,"Value":15895},{"Length":113,"Height":115,"Demand":100,"DemandMax":null,"Value":12995},{"Length":79,"Height":94,"Demand":100,"DemandMax":null,"Value":7426}]}