{"Name":"AH131","Objects":[{"Length":1000,"Height":39146,"Stock":null,"Cost":39146000}],"Items":[{"Length":293,"Height":298,"Demand":10,"DemandMax":null,"Value":87314},{"Length":286,"Height":293,"Demand":10,"DemandMax":null,"Value":83798},{"Length":283,"Height":289,"Demand":10,"DemandMax":null,"Value":81787},{"Length":294,"Height":273,"Demand":10,"DemandMax":null,"Value":80262},{"Length":252,"Height":299,"Demand":10,"DemandMax":null,"Value":75348},{"Length":250,"Height":291,"Demand":10,"DemandMax":null,"Value":72750},{"Length":238,"Height":298,"Demand":10,"DemandMax":null,"Value":70924},{"Length":239,"Height":279,"Demand":10,"DemandMax":null,"Value":66681},{"Length":227,"Height":290,"Demand":10,"DemandMax":null,"Value":65830},{"Length":272,"Height":242,"Demand":10,"DemandMax":null,"Value":65824},{"Length":296,"Height":221,"Demand":10,"DemandMax":null,"Value":65416},{"Length":293,"Height":217,"Demand":10,"DemandMax":null,"Value":63581},{"Length":259,"Height":238,"Demand":10,"DemandMax":null,"Value":61642},{"Length":234,"Height":261,"Demand":10,"DemandMax":null,"Value":61074},{"Length":207,"Height":287,"Demand":10,"DemandMax":null,"Value":59409},{"Length":298,"Height":195,"Demand":10,"DemandMax":null,"Value":58110},{"Length":203,"Height":281,"Demand":10,"DemandMax":null,"Value":57043},{"Length":255,"Height":222,"Demand":10,"DemandMax":null,"Value":56610},{"Length":265,"Height":199,"Demand":10,"DemandMax":null,"Value":52735},{"Length":261,"Height":196,"Demand":10,"DemandMax":null,"Value":51156},{"Length":243,"Height":207,"Demand":10,"DemandMax":null,"Value":50301},{"Length":198,"Height":250,"Demand":10,"DemandMax":null,"Value":49500},{"Length":165,"Height":297,"Demand":10,"DemandMax":null,"Value":49005},{"Length":173,"Height":279,"Demand":10,"DemandMax":null,"Value":48267},{"Length":273,"Height":175,"Demand":10,"DemandMax":null,"Value":47775},{"Length":240,"Height":199,"Demand":10,"DemandMax":null,"Value":47760},{"Length":227,"Height":207,"Demand":10,"DemandMax":null,"Value":46989},{"Length":270,"Height":169,"Demand":10,"DemandMax":null,"Value":45630},{"Length":290,"Height":152,"Demand":10,"DemandMax":null,"Value":44080},{"Length":158,"Height":269,"Demand":10,"DemandMax":null,"Value":42502},{"Length":142,"Height":298,"Demand":10,"DemandMax":null,"Value":42316},{"Length":240,"Height":176,"Demand":10,"DemandMax":null,"Value":42240},{"Length":165,"Height":253,"Demand":10,"DemandMax":null,"Value":41745},{"Length":198,"Height":208,"Demand":10,"DemandMax":null,"Value":41184},{"Length":205,"Height":200,"Demand":10,"DemandMax":null,"Value":41000},{"Length":292,"Height":139,"Demand":10,"DemandMax":null,"Value":40588},{"Length":192,"Height":211,"Demand":10,"DemandMax":null,"Value":40512},{"Length":157,"Height":257,"Demand":10,"DemandMax":null,"Value":40349},{"Length":263,"Height":151,"Demand":10,"DemandMax":null,"Value":39713},{"Length":194,"Height":201,"Demand":10,"DemandMax":null,"Value":38994},{"Length":243,"Height":160,"Demand":10,"DemandMax":null,"Value":38880},{"Length":224,"Height":173,"Demand":10,"DemandMax":null,"Value":38752},{"Length":163,"Height":237,"Demand":10,"DemandMax":null,"Value":38631},{"Length":189,"Height":202,"Demand":10,"DemandMax":null,"Value":38178},{"Length":180,"Height":212,"Demand":10,"DemandMax":null,"Value":38160},{"Length":205,"Height":186,"Demand":10,"DemandMax":null,"Value":38130},{"Length":137,"Height":276,"Demand":10,"DemandMax":null,"Value":37812},{"Length":186,"Height":203,"Demand":10,"DemandMax":null,"Value":37758},{"Length":253,"Height":145,"Demand":10,"DemandMax":null,"Value":36685},{"Length":125,"Height":281,"Demand":10,"DemandMax":null,"Value":35125},{"Length":129,"Height":271,"Demand":10,"DemandMax":null,"Value":34959},{"Length":154,"Height":226,"Demand":10,"DemandMax":null,"Value":34804},{"Length":231,"Height":150,"Demand":10,"DemandMax":null,"Value":34650},{"Length":223,"Height":155,"Demand":10,"DemandMax":null,"Value":34565},{"Length":243,"Height":141,"Demand":10,"DemandMax":null,"Value":34263},{"Length":233,"Height":146,"Demand":10,"DemandMax":null,"Value":34018},{"Length":164,"Height":203,"Demand":10,"DemandMax":null,"Value":33292},{"Length":124,"Height":267,"Demand":10,"DemandMax":null,"Value":33108},{"Length":238,"Height":134,"Demand":10,"DemandMax":null,"Value":31892},{"Length":166,"Height":192,"Demand":10,"DemandMax":null,"Value":31872},{"Length":200,"Height":158,"Demand":10,"DemandMax":null,"Value":31600},{"Length":142,"Height":217,"Demand":10,"DemandMax":null,"Value":30814},{"Length":230,"Height":133,"Demand":10,"DemandMax":null,"Value":30590},{"Length":123,"Height":248,"Demand":10,"DemandMax":null,"Value":30504},{"Length":114,"Height":267,"Demand":10,"DemandMax":null,"Value":30438},{"Length":106,"Height":279,"Demand":10,"DemandMax":null,"Value":29574},{"Length":245,"Height":120,"Demand":10,"DemandMax":null,"Value":29400},{"Length":283,"Height":103,"Demand":10,"DemandMax":null,"Value":29149},{"Length":222,"Height":130,"Demand":10,"DemandMax":null,"Value":28860},{"Length":187,"Height":154,"Demand":10,"DemandMax":null,"Value":28798},{"Length":113,"Height":254,"Demand":10,"DemandMax":null,"Value":28702},{"Length":190,"Height":151,"Demand":10,"DemandMax":null,"Value":28690},{"Length":144,"Height":197,"Demand":10,"DemandMax":null,"Value":28368},{"Length":107,"Height":264,"Demand":10,"DemandMax":null,"Value":28248},{"Length":208,"Height":134,"Demand":10,"DemandMax":null,"Value":27872},{"Length":152,"Height":179,"Demand":10,"DemandMax":null,"Value":27208},{"Length":259,"Height":105,"Demand":10,"DemandMax":null,"Value":27195},{"Length":121,"Height":223,"Demand":10,"DemandMax":null,"Value":26983},{"Length":182,"Height":147,"Demand":10,"DemandMax":null,"Value":26754},{"Length":143,"Height":185,"Demand":10,"DemandMax":null,"Value":26455},{"Length":255,"Height":103,"Demand":10,"DemandMax":null,"Value":26265},{"Length":183,"Height":142,"Demand":10,"DemandMax":null,"Value":25986},{"Length":236,"Height":109,"Demand":10,"DemandMax":null,"Value":25724},{"Length":143,"Height":168,"Demand":10,"DemandMax":null,"Value":24024},{"Length":107,"Height":215,"Demand":10,"DemandMax":null,"Value":23005},{"Length":215,"Height":106,"Demand":10,"DemandMax":null,"Value":22790},{"Length":113,"Height":199,"Demand":10,"DemandMax":null,"Value":22487},{"Length":175,"Height":123,"Demand":10,"DemandMax":null,"Value":21525},{"Length":157,"Height":136,"Demand":10,"DemandMax":null,"Value":21352},{"Length":108,"Height":192,"Demand":10,"DemandMax":null,"Value":20736},{"Length":200,"Height":103,"Demand":10,"DemandMax":null,"Value":20600},{"Length":154,"Height":132,"Demand":10,"DemandMax":null,"Value":20328},{"Length":177,"Height":114,"Demand":10,"DemandMax":null,"Value":20178},{"Length":164,"Height":120,"Demand":10,"DemandMax":null,"Value":19680},{"Length":149,"Height":123,"Demand":10,"DemandMax":null,"Value":18327},{"Length":168,"Height":102,"Demand":10,"DemandMax":null,"Value":17136},{"Length":100,"Height":160,"Demand":10,"DemandMax":null,"Value":16000},{"Length":141,"Height":108,"Demand":10,"DemandMax":null,"Value":15228},{"Length":117,"Height":103,"Demand":10,"DemandMax":null,"Value":12051},{"Length":114,"Height":102,"Demand":10,"DemandMax":null,"Value":11628}]}