{"Name":"AH50","Objects":[{"Length":1000,"Height":54905,"Stock":null,"Cost":54905000}],"Items":[{"Length":321,"Height":318,"Demand":100,"DemandMax":null,"Value":102078},{"Length":345,"Height":263,"Demand":100,"DemandMax":null,"Value":90735},{"Length":251,"Height":356,"Demand":100,"DemandMax":null,"Value":89356},{"Length":245,"Height":358,"Demand":100,"DemandMax":null,"Value":87710},{"Length":142,"Height":363,"Demand":100,"DemandMax":null,"Value":51546},{"Length":226,"Height":167,"Demand":100,"DemandMax":null,"Value":37742},{"Length":91,"Height":349,"Demand":100,"DemandMax":null,"Value":31759},{"Length":171,"Height":173,"Demand":100,"DemandMax":null,"Value":29583},{"Length":63,"Height":232,"Demand":100,"DemandMax":null,"Value":14616},{"Length":240,"Height":58,"Demand":100,"DemandMax":null,"Value":13920}]}