{"Name":"AH187","Objects":[{"Length":1000,"Height":2384,"Stock":null,"Cost":2384000}],"Items":[{"Length":75,"Height":74,"Demand":10,"DemandMax":null,"Value":5550},{"Length":73,"Height":71,"Demand":10,"DemandMax":null,"Value":5183},{"Length":69,"Height":71,"Demand":10,"DemandMax":null,"Value":4899},{"Length":58,"Height":75,"Demand":10,"DemandMax":null,"Value":4350},{"Length":65,"Height":66,"Demand":10,"DemandMax":null,"Value":4290},{"Length":75,"Height":57,"Demand":10,"DemandMax":null,"Value":4275},{"Length":69,"Height":61,"Demand":10,"DemandMax":null,"Value":4209},{"Length":65,"Height":64,"Demand":10,"DemandMax":null,"Value":4160},{"Length":70,"Height":59,"Demand":10,"DemandMax":null,"Value":4130},{"Length":64,"Height":64,"Demand":10,"DemandMax":null,"Value":4096},{"Length":68,"Height":60,"Demand":10,"DemandMax":null,"Value":4080},{"Length":69,"Height":59,"Demand":10,"DemandMax":null,"Value":4071},{"Length":57,"Height":66,"Demand":10,"DemandMax":null,"Value":3762},{"Length":58,"Height":64,"Demand":10,"DemandMax":null,"Value":3712},{"Length":68,"Height":54,"Demand":10,"DemandMax":null,"Value":3672},{"Length":46,"Height":73,"Demand":10,"DemandMax":null,"Value":3358},{"Length":63,"Height":53,"Demand":10,"DemandMax":null,"Value":3339},{"Length":48,"Height":69,"Demand":10,"DemandMax":null,"Value":3312},{"Length":60,"Height":55,"Demand":10,"DemandMax":null,"Value":3300},{"Length":68,"Height":47,"Demand":10,"DemandMax":null,"Value":3196},{"Length":61,"Height":51,"Demand":10,"DemandMax":null,"Value":3111},{"Length":50,"Height":62,"Demand":10,"DemandMax":null,"Value":3100},{"Length":43,"Height":71,"Demand":10,"DemandMax":null,"Value":3053},{"Length":44,"Height":69,"Demand":10,"DemandMax":null,"Value":3036},{"Length":54,"Height":55,"Demand":10,"DemandMax":null,"Value":2970},{"Length":68,"Height":42,"Demand":10,"DemandMax":null,"Value":2856},{"Length":60,"Height":47,"Demand":10,"DemandMax":null,"Value":2820},{"Length":57,"Height":49,"Demand":10,"DemandMax":null,"Value":2793},{"Length":62,"Height":45,"Demand":10,"DemandMax":null,"Value":2790},{"Length":66,"Height":41,"Demand":10,"DemandMax":null,"Value":2706},{"Length":68,"Height":39,"Demand":10,"DemandMax":null,"Value":2652},{"Length":66,"Height":40,"Demand":10,"DemandMax":null,"Value":2640},{"Length":44,"Height":60,"Demand":10,"DemandMax":null,"Value":2640},{"Length":64,"Height":41,"Demand":10,"DemandMax":null,"Value":2624},{"Length":42,"Height":62,"Demand":10,"DemandMax":null,"Value":2604},{"Length":37,"Height":69,"Demand":10,"DemandMax":null,"Value":2553},{"Length":50,"Height":50,"Demand":10,"DemandMax":null,"Value":2500},{"Length":51,"Height":48,"Demand":10,"DemandMax":null,"Value":2448},{"Length":45,"Height":54,"Demand":10,"DemandMax":null,"Value":2430},{"Length":42,"Height":57,"Demand":10,"DemandMax":null,"Value":2394},{"Length":38,"Height":63,"Demand":10,"DemandMax":null,"Value":2394},{"Length":43,"Height":55,"Demand":10,"DemandMax":null,"Value":2365},{"Length":40,"Height":58,"Demand":10,"DemandMax":null,"Value":2320},{"Length":34,"Height":68,"Demand":10,"DemandMax":null,"Value":2312},{"Length":32,"Height":72,"Demand":10,"DemandMax":null,"Value":2304},{"Length":69,"Height":33,"Demand":10,"DemandMax":null,"Value":2277},{"Length":46,"Height":49,"Demand":10,"DemandMax":null,"Value":2254},{"Length":40,"Height":56,"Demand":10,"DemandMax":null,"Value":2240},{"Length":29,"Height":74,"Demand":10,"DemandMax":null,"Value":2146},{"Length":61,"Height":35,"Demand":10,"DemandMax":null,"Value":2135},{"Length":28,"Height":75,"Demand":10,"DemandMax":null,"Value":2100},{"Length":67,"Height":31,"Demand":10,"DemandMax":null,"Value":2077},{"Length":30,"Height":69,"Demand":10,"DemandMax":null,"Value":2070},{"Length":32,"Height":64,"Demand":10,"DemandMax":null,"Value":2048},{"Length":29,"Height":70,"Demand":10,"DemandMax":null,"Value":2030},{"Length":64,"Height":31,"Demand":10,"DemandMax":null,"Value":1984},{"Length":44,"Height":45,"Demand":10,"DemandMax":null,"Value":1980},{"Length":47,"Height":42,"Demand":10,"DemandMax":null,"Value":1974},{"Length":61,"Height":31,"Demand":10,"DemandMax":null,"Value":1891},{"Length":39,"Height":48,"Demand":10,"DemandMax":null,"Value":1872},{"Length":45,"Height":41,"Demand":10,"DemandMax":null,"Value":1845},{"Length":59,"Height":31,"Demand":10,"DemandMax":null,"Value":1829},{"Length":25,"Height":73,"Demand":10,"DemandMax":null,"Value":1825},{"Length":48,"Height":38,"Demand":10,"DemandMax":null,"Value":1824},{"Length":49,"Height":37,"Demand":10,"DemandMax":null,"Value":1813},{"Length":62,"Height":29,"Demand":10,"DemandMax":null,"Value":1798},{"Length":64,"Height":28,"Demand":10,"DemandMax":null,"Value":1792},{"Length":47,"Height":38,"Demand":10,"DemandMax":null,"Value":1786},{"Length":39,"Height":45,"Demand":10,"DemandMax":null,"Value":1755},{"Length":30,"Height":58,"Demand":10,"DemandMax":null,"Value":1740},{"Length":52,"Height":33,"Demand":10,"DemandMax":null,"Value":1716},{"Length":35,"Height":49,"Demand":10,"DemandMax":null,"Value":1715},{"Length":29,"Height":59,"Demand":10,"DemandMax":null,"Value":1711},{"Length":25,"Height":68,"Demand":10,"DemandMax":null,"Value":1700},{"Length":28,"Height":60,"Demand":10,"DemandMax":null,"Value":1680},{"Length":49,"Height":34,"Demand":10,"DemandMax":null,"Value":1666},{"Length":49,"Height":33,"Demand":10,"DemandMax":null,"Value":1617},{"Length":47,"Height":34,"Demand":10,"DemandMax":null,"Value":1598},{"Length":26,"Height":61,"Demand":10,"DemandMax":null,"Value":1586},{"Length":33,"Height":48,"Demand":10,"DemandMax":null,"Value":1584},{"Length":28,"Height":55,"Demand":10,"DemandMax":null,"Value":1540},{"Length":39,"Height":39,"Demand":10,"DemandMax":null,"Value":1521},{"Length":42,"Height":35,"Demand":10,"DemandMax":null,"Value":1470},{"Length":30,"Height":48,"Demand":10,"DemandMax":null,"Value":1440},{"Length":40,"Height":36,"Demand":10,"DemandMax":null,"Value":1440},{"Length":53,"Height":27,"Demand":10,"DemandMax":null,"Value":1431},{"Length":49,"Height":29,"Demand":10,"DemandMax":null,"Value":1421},{"Length":40,"Height":35,"Demand":10,"DemandMax":null,"Value":1400},{"Length":55,"Height":25,"Demand":10,"DemandMax":null,"Value":1375},{"Length":54,"Height":25,"Demand":10,"DemandMax":null,"Value":1350},{"Length":45,"Height":29,"Demand":10,"DemandMax":null,"Value":1305},{"Length":48,"Height":27,"Demand":10,"DemandMax":null,"Value":1296},{"Length":38,"Height":32,"Demand":10,"DemandMax":null,"Value":1216},{"Length":42,"Height":28,"Demand":10,"DemandMax":null,"Value":1176},{"Length":32,"Height":36,"Demand":10,"DemandMax":null,"Value":1152},{"Length":25,"Height":44,"Demand":10,"DemandMax":null,"Value":1100},{"Length":35,"Height":30,"Demand":10,"DemandMax":null,"Value":1050},{"Length":37,"Height":27,"Demand":10,"DemandMax":null,"Value":999},{"Length":34,"Height":28,"Demand":10,"DemandMax":null,"Value":952},{"Length":26,"Height":26,"Demand":10,"DemandMax":null,"Value":676}]}