{"Name":"AH24","Objects":[{"Length":1000,"Height":35508,"Stock":null,"Cost":35508000}],"Items":[{"Length":247,"Height":257,"Demand":100,"DemandMax":null,"Value":63479},{"Length":287,"Height":175,"Demand":100,"DemandMax":null,"Value":50225},{"Length":216,"Height":220,"Demand":100,"DemandMax":null,"Value":47520},{"Length":196,"Height":206,"Demand":100,"DemandMax":null,"Value":40376},{"Length":196,"Height":195,"Demand":100,"DemandMax":null,"Value":38220},{"Length":121,"Height":218,"Demand":100,"DemandMax":null,"Value":26378},{"Length":135,"Height":190,"Demand":100,"DemandMax":null,"Value":25650},{"Length":160,"Height":145,"Demand":100,"DemandMax":null,"Value":23200},{"Length":113,"Height":192,"Demand":100,"DemandMax":null,"Value":21696},{"Length":130,"Height":141,"Demand":100,"DemandMax":null,"Value":18330}]}