{"Name":"AH240","Objects":[{"Length":1000,"Height":1978,"Stock":null,"Cost":1978000}],"Items":[{"Length":78,"Height":85,"Demand":10,"DemandMax":null,"Value":6630},{"Length":83,"Height":77,"Demand":10,"DemandMax":null,"Value":6391},{"Length":82,"Height":77,"Demand":10,"DemandMax":null,"Value":6314},{"Length":75,"Height":83,"Demand":10,"DemandMax":null,"Value":6225},{"Length":79,"Height":72,"Demand":10,"DemandMax":null,"Value":5688},{"Length":67,"Height":83,"Demand":10,"DemandMax":null,"Value":5561},{"Length":83,"Height":65,"Demand":10,"DemandMax":null,"Value":5395},{"Length":88,"Height":56,"Demand":10,"DemandMax":null,"Value":4928},{"Length":64,"Height":75,"Demand":10,"DemandMax":null,"Value":4800},{"Length":63,"Height":74,"Demand":10,"DemandMax":null,"Value":4662},{"Length":51,"Height":85,"Demand":10,"DemandMax":null,"Value":4335},{"Length":56,"Height":75,"Demand":10,"DemandMax":null,"Value":4200},{"Length":51,"Height":81,"Demand":10,"DemandMax":null,"Value":4131},{"Length":65,"Height":62,"Demand":10,"DemandMax":null,"Value":4030},{"Length":44,"Height":89,"Demand":10,"DemandMax":null,"Value":3916},{"Length":75,"Height":52,"Demand":10,"DemandMax":null,"Value":3900},{"Length":76,"Height":51,"Demand":10,"DemandMax":null,"Value":3876},{"Length":66,"Height":55,"Demand":10,"DemandMax":null,"Value":3630},{"Length":67,"Height":53,"Demand":10,"DemandMax":null,"Value":3551},{"Length":85,"Height":39,"Demand":10,"DemandMax":null,"Value":3315},{"Length":86,"Height":38,"Demand":10,"DemandMax":null,"Value":3268},{"Length":42,"Height":76,"Demand":10,"DemandMax":null,"Value":3192},{"Length":45,"Height":70,"Demand":10,"DemandMax":null,"Value":3150},{"Length":90,"Height":33,"Demand":10,"DemandMax":null,"Value":2970},{"Length":62,"Height":45,"Demand":10,"DemandMax":null,"Value":2790},{"Length":50,"Height":51,"Demand":10,"DemandMax":null,"Value":2550},{"Length":38,"Height":66,"Demand":10,"DemandMax":null,"Value":2508},{"Length":69,"Height":36,"Demand":10,"DemandMax":null,"Value":2484},{"Length":38,"Height":63,"Demand":10,"DemandMax":null,"Value":2394},{"Length":34,"Height":70,"Demand":10,"DemandMax":null,"Value":2380},{"Length":49,"Height":48,"Demand":10,"DemandMax":null,"Value":2352},{"Length":27,"Height":83,"Demand":10,"DemandMax":null,"Value":2241},{"Length":46,"Height":48,"Demand":10,"DemandMax":null,"Value":2208},{"Length":31,"Height":71,"Demand":10,"DemandMax":null,"Value":2201},{"Length":24,"Height":88,"Demand":10,"DemandMax":null,"Value":2112},{"Length":42,"Height":50,"Demand":10,"DemandMax":null,"Value":2100},{"Length":90,"Height":23,"Demand":10,"DemandMax":null,"Value":2070},{"Length":52,"Height":39,"Demand":10,"DemandMax":null,"Value":2028},{"Length":23,"Height":88,"Demand":10,"DemandMax":null,"Value":2024},{"Length":48,"Height":40,"Demand":10,"DemandMax":null,"Value":1920},{"Length":28,"Height":68,"Demand":10,"DemandMax":null,"Value":1904},{"Length":23,"Height":81,"Demand":10,"DemandMax":null,"Value":1863},{"Length":23,"Height":80,"Demand":10,"DemandMax":null,"Value":1840},{"Length":75,"Height":23,"Demand":10,"DemandMax":null,"Value":1725},{"Length":23,"Height":73,"Demand":10,"DemandMax":null,"Value":1679},{"Length":36,"Height":46,"Demand":10,"DemandMax":null,"Value":1656},{"Length":52,"Height":31,"Demand":10,"DemandMax":null,"Value":1612},{"Length":70,"Height":23,"Demand":10,"DemandMax":null,"Value":1610},{"Length":78,"Height":18,"Demand":10,"DemandMax":null,"Value":1404},{"Length":88,"Height":15,"Demand":10,"DemandMax":null,"Value":1320},{"Length":18,"Height":73,"Demand":10,"DemandMax":null,"Value":1314},{"Length":45,"Height":29,"Demand":10,"DemandMax":null,"Value":1305},{"Length":40,"Height":31,"Demand":10,"DemandMax":null,"Value":1240},{"Length":80,"Height":15,"Demand":10,"DemandMax":null,"Value":1200},{"Length":23,"Height":51,"Demand":10,"DemandMax":null,"Value":1173},{"Length":18,"Height":62,"Demand":10,"DemandMax":null,"Value":1116},{"Length":24,"Height":45,"Demand":10,"DemandMax":null,"Value":1080},{"Length":39,"Height":27,"Demand":10,"DemandMax":null,"Value":1053},{"Length":19,"Height":55,"Demand":10,"DemandMax":null,"Value":1045},{"Length":87,"Height":12,"Demand":10,"DemandMax":null,"Value":1044},{"Length":25,"Height":40,"Demand":10,"DemandMax":null,"Value":1000},{"Length":20,"Height":49,"Demand":10,"DemandMax":null,"Value":980},{"Length":63,"Height":15,"Demand":10,"DemandMax":null,"Value":945},{"Length":58,"Height":16,"Demand":10,"DemandMax":null,"Value":928},{"Length":25,"Height":37,"Demand":10,"DemandMax":null,"Value":925},{"Length":12,"Height":76,"Demand":10,"DemandMax":null,"Value":912},{"Length":17,"Height":53,"Demand":10,"DemandMax":null,"Value":901},{"Length":45,"Height":20,"Demand":10,"DemandMax":null,"Value":900},{"Length":89,"Height":10,"Demand":10,"DemandMax":null,"Value":890},{"Length":36,"Height":24,"Demand":10,"DemandMax":null,"Value":864},{"Length":57,"Height":15,"Demand":10,"DemandMax":null,"Value":855},{"Length":37,"Height":23,"Demand":10,"DemandMax":null,"Value":851},{"Length":89,"Height":9,"Demand":10,"DemandMax":null,"Value":801},{"Length":26,"Height":30,"Demand":10,"DemandMax":null,"Value":780},{"Length":16,"Height":47,"Demand":10,"DemandMax":null,"Value":752},{"Length":57,"Height":13,"Demand":10,"DemandMax":null,"Value":741},{"Length":59,"Height":12,"Demand":10,"DemandMax":null,"Value":708},{"Length":35,"Height":20,"Demand":10,"DemandMax":null,"Value":700},{"Length":46,"Height":15,"Demand":10,"DemandMax":null,"Value":690},{"Length":26,"Height":23,"Demand":10,"DemandMax":null,"Value":598},{"Length":12,"Height":49,"Demand":10,"DemandMax":null,"Value":588},{"Length":39,"Height":15,"Demand":10,"DemandMax":null,"Value":585},{"Length":11,"Height":52,"Demand":10,"DemandMax":null,"Value":572},{"Length":32,"Height":17,"Demand":10,"DemandMax":null,"Value":544},{"Length":20,"Height":27,"Demand":10,"DemandMax":null,"Value":540},{"Length":20,"Height":26,"Demand":10,"DemandMax":null,"Value":520},{"Length":37,"Height":14,"Demand":10,"DemandMax":null,"Value":518},{"Length":27,"Height":19,"Demand":10,"DemandMax":null,"Value":513},{"Length":33,"Height":14,"Demand":10,"DemandMax":null,"Value":462},{"Length":27,"Height":17,"Demand":10,"DemandMax":null,"Value":459},{"Length":9,"Height":51,"Demand":10,"DemandMax":null,"Value":459},{"Length":59,"Height":7,"Demand":10,"DemandMax":null,"Value":413},{"Length":10,"Height":36,"Demand":10,"DemandMax":null,"Value":360},{"Length":9,"Height":38,"Demand":10,"DemandMax":null,"Value":342},{"Length":12,"Height":24,"Demand":10,"DemandMax":null,"Value":288},{"Length":20,"Height":14,"Demand":10,"DemandMax":null,"Value":280},{"Length":7,"Height":39,"Demand":10,"DemandMax":null,"Value":273},{"Length":17,"Height":15,"Demand":10,"DemandMax":null,"Value":255},{"Length":14,"Height":17,"Demand":10,"DemandMax":null,"Value":238},{"Length":6,"Height":31,"Demand":10,"DemandMax":null,"Value":186}]}