{"Name":"AH140","Objects":[{"Length":1000,"Height":38073,"Stock":null,"Cost":38073000}],"Items":[{"Length":296,"Height":281,"Demand":10,"DemandMax":null,"Value":83176},{"Length":273,"Height":279,"Demand":10,"DemandMax":null,"Value":76167},{"Length":275,"Height":275,"Demand":10,"DemandMax":null,"Value":75625},{"Length":273,"Height":272,"Demand":10,"DemandMax":null,"Value":74256},{"Length":287,"Height":247,"Demand":10,"DemandMax":null,"Value":70889},{"Length":265,"Height":264,"Demand":10,"DemandMax":null,"Value":69960},{"Length":243,"Height":273,"Demand":10,"DemandMax":null,"Value":66339},{"Length":258,"Height":253,"Demand":10,"DemandMax":null,"Value":65274},{"Length":291,"Height":223,"Demand":10,"DemandMax":null,"Value":64893},{"Length":277,"Height":230,"Demand":10,"DemandMax":null,"Value":63710},{"Length":217,"Height":291,"Demand":10,"DemandMax":null,"Value":63147},{"Length":249,"Height":242,"Demand":10,"DemandMax":null,"Value":60258},{"Length":285,"Height":208,"Demand":10,"DemandMax":null,"Value":59280},{"Length":271,"Height":211,"Demand":10,"DemandMax":null,"Value":57181},{"Length":193,"Height":279,"Demand":10,"DemandMax":null,"Value":53847},{"Length":266,"Height":202,"Demand":10,"DemandMax":null,"Value":53732},{"Length":183,"Height":289,"Demand":10,"DemandMax":null,"Value":52887},{"Length":200,"Height":251,"Demand":10,"DemandMax":null,"Value":50200},{"Length":231,"Height":215,"Demand":10,"DemandMax":null,"Value":49665},{"Length":183,"Height":270,"Demand":10,"DemandMax":null,"Value":49410},{"Length":280,"Height":175,"Demand":10,"DemandMax":null,"Value":49000},{"Length":207,"Height":231,"Demand":10,"DemandMax":null,"Value":47817},{"Length":251,"Height":188,"Demand":10,"DemandMax":null,"Value":47188},{"Length":181,"Height":260,"Demand":10,"DemandMax":null,"Value":47060},{"Length":193,"Height":243,"Demand":10,"DemandMax":null,"Value":46899},{"Length":170,"Height":273,"Demand":10,"DemandMax":null,"Value":46410},{"Length":155,"Height":290,"Demand":10,"DemandMax":null,"Value":44950},{"Length":198,"Height":226,"Demand":10,"DemandMax":null,"Value":44748},{"Length":180,"Height":248,"Demand":10,"DemandMax":null,"Value":44640},{"Length":274,"Height":159,"Demand":10,"DemandMax":null,"Value":43566},{"Length":189,"Height":229,"Demand":10,"DemandMax":null,"Value":43281},{"Length":191,"Height":222,"Demand":10,"DemandMax":null,"Value":42402},{"Length":287,"Height":147,"Demand":10,"DemandMax":null,"Value":42189},{"Length":211,"Height":198,"Demand":10,"DemandMax":null,"Value":41778},{"Length":179,"Height":232,"Demand":10,"DemandMax":null,"Value":41528},{"Length":214,"Height":192,"Demand":10,"DemandMax":null,"Value":41088},{"Length":171,"Height":240,"Demand":10,"DemandMax":null,"Value":41040},{"Length":225,"Height":176,"Demand":10,"DemandMax":null,"Value":39600},{"Length":155,"Height":253,"Demand":10,"DemandMax":null,"Value":39215},{"Length":193,"Height":202,"Demand":10,"DemandMax":null,"Value":38986},{"Length":217,"Height":178,"Demand":10,"DemandMax":null,"Value":38626},{"Length":213,"Height":180,"Demand":10,"DemandMax":null,"Value":38340},{"Length":292,"Height":131,"Demand":10,"DemandMax":null,"Value":38252},{"Length":141,"Height":271,"Demand":10,"DemandMax":null,"Value":38211},{"Length":230,"Height":166,"Demand":10,"DemandMax":null,"Value":38180},{"Length":129,"Height":292,"Demand":10,"DemandMax":null,"Value":37668},{"Length":197,"Height":190,"Demand":10,"DemandMax":null,"Value":37430},{"Length":193,"Height":192,"Demand":10,"DemandMax":null,"Value":37056},{"Length":148,"Height":248,"Demand":10,"DemandMax":null,"Value":36704},{"Length":246,"Height":147,"Demand":10,"DemandMax":null,"Value":36162},{"Length":284,"Height":127,"Demand":10,"DemandMax":null,"Value":36068},{"Length":158,"Height":223,"Demand":10,"DemandMax":null,"Value":35234},{"Length":207,"Height":166,"Demand":10,"DemandMax":null,"Value":34362},{"Length":204,"Height":168,"Demand":10,"DemandMax":null,"Value":34272},{"Length":228,"Height":150,"Demand":10,"DemandMax":null,"Value":34200},{"Length":208,"Height":163,"Demand":10,"DemandMax":null,"Value":33904},{"Length":170,"Height":197,"Demand":10,"DemandMax":null,"Value":33490},{"Length":196,"Height":164,"Demand":10,"DemandMax":null,"Value":32144},{"Length":145,"Height":213,"Demand":10,"DemandMax":null,"Value":30885},{"Length":297,"Height":103,"Demand":10,"DemandMax":null,"Value":30591},{"Length":197,"Height":155,"Demand":10,"DemandMax":null,"Value":30535},{"Length":262,"Height":116,"Demand":10,"DemandMax":null,"Value":30392},{"Length":124,"Height":241,"Demand":10,"DemandMax":null,"Value":29884},{"Length":294,"Height":101,"Demand":10,"DemandMax":null,"Value":29694},{"Length":220,"Height":134,"Demand":10,"DemandMax":null,"Value":29480},{"Length":173,"Height":169,"Demand":10,"DemandMax":null,"Value":29237},{"Length":108,"Height":269,"Demand":10,"DemandMax":null,"Value":29052},{"Length":132,"Height":215,"Demand":10,"DemandMax":null,"Value":28380},{"Length":110,"Height":257,"Demand":10,"DemandMax":null,"Value":28270},{"Length":216,"Height":128,"Demand":10,"DemandMax":null,"Value":27648},{"Length":132,"Height":209,"Demand":10,"DemandMax":null,"Value":27588},{"Length":106,"Height":255,"Demand":10,"DemandMax":null,"Value":27030},{"Length":203,"Height":133,"Demand":10,"DemandMax":null,"Value":26999},{"Length":125,"Height":215,"Demand":10,"DemandMax":null,"Value":26875},{"Length":163,"Height":164,"Demand":10,"DemandMax":null,"Value":26732},{"Length":127,"Height":210,"Demand":10,"DemandMax":null,"Value":26670},{"Length":258,"Height":102,"Demand":10,"DemandMax":null,"Value":26316},{"Length":190,"Height":138,"Demand":10,"DemandMax":null,"Value":26220},{"Length":145,"Height":179,"Demand":10,"DemandMax":null,"Value":25955},{"Length":205,"Height":125,"Demand":10,"DemandMax":null,"Value":25625},{"Length":207,"Height":122,"Demand":10,"DemandMax":null,"Value":25254},{"Length":184,"Height":136,"Demand":10,"DemandMax":null,"Value":25024},{"Length":108,"Height":230,"Demand":10,"DemandMax":null,"Value":24840},{"Length":169,"Height":143,"Demand":10,"DemandMax":null,"Value":24167},{"Length":192,"Height":125,"Demand":10,"DemandMax":null,"Value":24000},{"Length":161,"Height":148,"Demand":10,"DemandMax":null,"Value":23828},{"Length":121,"Height":196,"Demand":10,"DemandMax":null,"Value":23716},{"Length":144,"Height":163,"Demand":10,"DemandMax":null,"Value":23472},{"Length":114,"Height":205,"Demand":10,"DemandMax":null,"Value":23370},{"Length":215,"Height":104,"Demand":10,"DemandMax":null,"Value":22360},{"Length":109,"Height":203,"Demand":10,"DemandMax":null,"Value":22127},{"Length":150,"Height":137,"Demand":10,"DemandMax":null,"Value":20550},{"Length":180,"Height":101,"Demand":10,"DemandMax":null,"Value":18180},{"Length":151,"Height":112,"Demand":10,"DemandMax":null,"Value":16912},{"Length":128,"Height":128,"Demand":10,"DemandMax":null,"Value":16384},{"Length":105,"Height":142,"Demand":10,"DemandMax":null,"Value":14910},{"Length":101,"Height":140,"Demand":10,"DemandMax":null,"Value":14140},{"Length":105,"Height":134,"Demand":10,"DemandMax":null,"Value":14070},{"Length":104,"Height":127,"Demand":10,"DemandMax":null,"Value":13208},{"Length":120,"Height":109,"Demand":10,"DemandMax":null,"Value":13080}]}