{"Name":"AH91","Objects":[{"Length":1000,"Height":3032,"Stock":null,"Cost":3032000}],"Items":[{"Length":89,"Height":84,"Demand":100,"DemandMax":null,"Value":7476},{"Length":70,"Height":86,"Demand":100,"DemandMax":null,"Value":6020},{"Length":73,"Height":65,"Demand":100,"DemandMax":null,"Value":4745},{"Length":50,"Height":88,"Demand":100,"DemandMax":null,"Value":4400},{"Length":76,"Height":28,"Demand":100,"DemandMax":null,"Value":2128},{"Length":78,"Height":23,"Demand":100,"DemandMax":null,"Value":1794},{"Length":21,"Height":68,"Demand":100,"DemandMax":null,"Value":1428},{"Length":63,"Height":17,"Demand":100,"DemandMax":null,"Value":1071},{"Length":63,"Height":11,"Demand":100,"DemandMax":null,"Value":693},{"Length":8,"Height":70,"Demand":100,"DemandMax":null,"Value":560}]}