{"Name":"AH212","Objects":[{"Length":1000,"Height":2308,"Stock":null,"Cost":2308000}],"Items":[{"Length":89,"Height":90,"Demand":10,"DemandMax":null,"Value":8010},{"Length":84,"Height":83,"Demand":10,"DemandMax":null,"Value":6972},{"Length":70,"Height":87,"Demand":10,"DemandMax":null,"Value":6090},{"Length":86,"Height":67,"Demand":10,"DemandMax":null,"Value":5762},{"Length":88,"Height":64,"Demand":10,"DemandMax":null,"Value":5632},{"Length":67,"Height":82,"Demand":10,"DemandMax":null,"Value":5494},{"Length":87,"Height":63,"Demand":10,"DemandMax":null,"Value":5481},{"Length":80,"Height":62,"Demand":10,"DemandMax":null,"Value":4960},{"Length":81,"Height":60,"Demand":10,"DemandMax":null,"Value":4860},{"Length":56,"Height":85,"Demand":10,"DemandMax":null,"Value":4760},{"Length":72,"Height":65,"Demand":10,"DemandMax":null,"Value":4680},{"Length":50,"Height":90,"Demand":10,"DemandMax":null,"Value":4500},{"Length":52,"Height":85,"Demand":10,"DemandMax":null,"Value":4420},{"Length":52,"Height":82,"Demand":10,"DemandMax":null,"Value":4264},{"Length":49,"Height":87,"Demand":10,"DemandMax":null,"Value":4263},{"Length":51,"Height":83,"Demand":10,"DemandMax":null,"Value":4233},{"Length":89,"Height":47,"Demand":10,"DemandMax":null,"Value":4183},{"Length":62,"Height":67,"Demand":10,"DemandMax":null,"Value":4154},{"Length":89,"Height":46,"Demand":10,"DemandMax":null,"Value":4094},{"Length":61,"Height":66,"Demand":10,"DemandMax":null,"Value":4026},{"Length":86,"Height":46,"Demand":10,"DemandMax":null,"Value":3956},{"Length":46,"Height":82,"Demand":10,"DemandMax":null,"Value":3772},{"Length":61,"Height":60,"Demand":10,"DemandMax":null,"Value":3660},{"Length":65,"Height":56,"Demand":10,"DemandMax":null,"Value":3640},{"Length":58,"Height":62,"Demand":10,"DemandMax":null,"Value":3596},{"Length":38,"Height":87,"Demand":10,"DemandMax":null,"Value":3306},{"Length":69,"Height":46,"Demand":10,"DemandMax":null,"Value":3174},{"Length":67,"Height":46,"Demand":10,"DemandMax":null,"Value":3082},{"Length":88,"Height":35,"Demand":10,"DemandMax":null,"Value":3080},{"Length":52,"Height":59,"Demand":10,"DemandMax":null,"Value":3068},{"Length":44,"Height":69,"Demand":10,"DemandMax":null,"Value":3036},{"Length":79,"Height":37,"Demand":10,"DemandMax":null,"Value":2923},{"Length":56,"Height":51,"Demand":10,"DemandMax":null,"Value":2856},{"Length":64,"Height":44,"Demand":10,"DemandMax":null,"Value":2816},{"Length":38,"Height":72,"Demand":10,"DemandMax":null,"Value":2736},{"Length":71,"Height":38,"Demand":10,"DemandMax":null,"Value":2698},{"Length":31,"Height":87,"Demand":10,"DemandMax":null,"Value":2697},{"Length":34,"Height":78,"Demand":10,"DemandMax":null,"Value":2652},{"Length":61,"Height":40,"Demand":10,"DemandMax":null,"Value":2440},{"Length":44,"Height":55,"Demand":10,"DemandMax":null,"Value":2420},{"Length":62,"Height":38,"Demand":10,"DemandMax":null,"Value":2356},{"Length":55,"Height":41,"Demand":10,"DemandMax":null,"Value":2255},{"Length":56,"Height":40,"Demand":10,"DemandMax":null,"Value":2240},{"Length":25,"Height":87,"Demand":10,"DemandMax":null,"Value":2175},{"Length":77,"Height":28,"Demand":10,"DemandMax":null,"Value":2156},{"Length":29,"Height":74,"Demand":10,"DemandMax":null,"Value":2146},{"Length":29,"Height":69,"Demand":10,"DemandMax":null,"Value":2001},{"Length":86,"Height":23,"Demand":10,"DemandMax":null,"Value":1978},{"Length":23,"Height":85,"Demand":10,"DemandMax":null,"Value":1955},{"Length":33,"Height":55,"Demand":10,"DemandMax":null,"Value":1815},{"Length":75,"Height":24,"Demand":10,"DemandMax":null,"Value":1800},{"Length":90,"Height":20,"Demand":10,"DemandMax":null,"Value":1800},{"Length":51,"Height":35,"Demand":10,"DemandMax":null,"Value":1785},{"Length":19,"Height":90,"Demand":10,"DemandMax":null,"Value":1710},{"Length":36,"Height":47,"Demand":10,"DemandMax":null,"Value":1692},{"Length":49,"Height":34,"Demand":10,"DemandMax":null,"Value":1666},{"Length":57,"Height":29,"Demand":10,"DemandMax":null,"Value":1653},{"Length":57,"Height":28,"Demand":10,"DemandMax":null,"Value":1596},{"Length":50,"Height":31,"Demand":10,"DemandMax":null,"Value":1550},{"Length":74,"Height":20,"Demand":10,"DemandMax":null,"Value":1480},{"Length":16,"Height":88,"Demand":10,"DemandMax":null,"Value":1408},{"Length":39,"Height":35,"Demand":10,"DemandMax":null,"Value":1365},{"Length":54,"Height":24,"Demand":10,"DemandMax":null,"Value":1296},{"Length":44,"Height":29,"Demand":10,"DemandMax":null,"Value":1276},{"Length":19,"Height":64,"Demand":10,"DemandMax":null,"Value":1216},{"Length":23,"Height":47,"Demand":10,"DemandMax":null,"Value":1081},{"Length":27,"Height":40,"Demand":10,"DemandMax":null,"Value":1080},{"Length":24,"Height":44,"Demand":10,"DemandMax":null,"Value":1056},{"Length":44,"Height":23,"Demand":10,"DemandMax":null,"Value":1012},{"Length":15,"Height":67,"Demand":10,"DemandMax":null,"Value":1005},{"Length":82,"Height":11,"Demand":10,"DemandMax":null,"Value":902},{"Length":10,"Height":90,"Demand":10,"DemandMax":null,"Value":900},{"Length":33,"Height":27,"Demand":10,"DemandMax":null,"Value":891},{"Length":26,"Height":34,"Demand":10,"DemandMax":null,"Value":884},{"Length":25,"Height":35,"Demand":10,"DemandMax":null,"Value":875},{"Length":11,"Height":74,"Demand":10,"DemandMax":null,"Value":814},{"Length":25,"Height":32,"Demand":10,"DemandMax":null,"Value":800},{"Length":80,"Height":10,"Demand":10,"DemandMax":null,"Value":800},{"Length":20,"Height":39,"Demand":10,"DemandMax":null,"Value":780},{"Length":14,"Height":54,"Demand":10,"DemandMax":null,"Value":756},{"Length":37,"Height":20,"Demand":10,"DemandMax":null,"Value":740},{"Length":29,"Height":25,"Demand":10,"DemandMax":null,"Value":725},{"Length":90,"Height":8,"Demand":10,"DemandMax":null,"Value":720},{"Length":76,"Height":9,"Demand":10,"DemandMax":null,"Value":684},{"Length":11,"Height":62,"Demand":10,"DemandMax":null,"Value":682},{"Length":51,"Height":13,"Demand":10,"DemandMax":null,"Value":663},{"Length":46,"Height":14,"Demand":10,"DemandMax":null,"Value":644},{"Length":71,"Height":9,"Demand":10,"DemandMax":null,"Value":639},{"Length":11,"Height":56,"Demand":10,"DemandMax":null,"Value":616},{"Length":36,"Height":16,"Demand":10,"DemandMax":null,"Value":576},{"Length":49,"Height":11,"Demand":10,"DemandMax":null,"Value":539},{"Length":26,"Height":19,"Demand":10,"DemandMax":null,"Value":494},{"Length":20,"Height":21,"Demand":10,"DemandMax":null,"Value":420},{"Length":51,"Height":8,"Demand":10,"DemandMax":null,"Value":408},{"Length":28,"Height":14,"Demand":10,"DemandMax":null,"Value":392},{"Length":65,"Height":6,"Demand":10,"DemandMax":null,"Value":390},{"Length":41,"Height":7,"Demand":10,"DemandMax":null,"Value":287},{"Length":14,"Height":20,"Demand":10,"DemandMax":null,"Value":280},{"Length":8,"Height":32,"Demand":10,"DemandMax":null,"Value":256},{"Length":13,"Height":13,"Demand":10,"DemandMax":null,"Value":169}]}