{"Name":"AH61","Objects":[{"Length":1000,"Height":2786,"Stock":null,"Cost":2786000}],"Items":[{"Length":71,"Height":64,"Demand":100,"DemandMax":null,"Value":4544},{"Length":53,"Height":74,"Demand":100,"DemandMax":null,"Value":3922},{"Length":46,"Height":75,"Demand":100,"DemandMax":null,"Value":3450},{"Length":72,"Height":42,"Demand":100,"DemandMax":null,"Value":3024},{"Length":44,"Height":59,"Demand":100,"DemandMax":null,"Value":2596},{"Length":61,"Height":42,"Demand":100,"DemandMax":null,"Value":2562},{"Length":54,"Height":43,"Demand":100,"DemandMax":null,"Value":2322},{"Length":54,"Height":41,"Demand":100,"DemandMax":null,"Value":2214},{"Length":58,"Height":30,"Demand":100,"DemandMax":null,"Value":1740},{"Length":38,"Height":39,"Demand":100,"DemandMax":null,"Value":1482}]}