{"Name":"AH188","Objects":[{"Length":1000,"Height":2727,"Stock":null,"Cost":2727000}],"Items":[{"Length":74,"Height":75,"Demand":10,"DemandMax":null,"Value":5550},{"Length":74,"Height":71,"Demand":10,"DemandMax":null,"Value":5254},{"Length":70,"Height":75,"Demand":10,"DemandMax":null,"Value":5250},{"Length":69,"Height":75,"Demand":10,"DemandMax":null,"Value":5175},{"Length":72,"Height":70,"Demand":10,"DemandMax":null,"Value":5040},{"Length":69,"Height":70,"Demand":10,"DemandMax":null,"Value":4830},{"Length":68,"Height":69,"Demand":10,"DemandMax":null,"Value":4692},{"Length":63,"Height":71,"Demand":10,"DemandMax":null,"Value":4473},{"Length":72,"Height":62,"Demand":10,"DemandMax":null,"Value":4464},{"Length":74,"Height":60,"Demand":10,"DemandMax":null,"Value":4440},{"Length":75,"Height":59,"Demand":10,"DemandMax":null,"Value":4425},{"Length":67,"Height":65,"Demand":10,"DemandMax":null,"Value":4355},{"Length":68,"Height":64,"Demand":10,"DemandMax":null,"Value":4352},{"Length":58,"Height":74,"Demand":10,"DemandMax":null,"Value":4292},{"Length":59,"Height":70,"Demand":10,"DemandMax":null,"Value":4130},{"Length":57,"Height":70,"Demand":10,"DemandMax":null,"Value":3990},{"Length":72,"Height":55,"Demand":10,"DemandMax":null,"Value":3960},{"Length":67,"Height":59,"Demand":10,"DemandMax":null,"Value":3953},{"Length":55,"Height":68,"Demand":10,"DemandMax":null,"Value":3740},{"Length":53,"Height":70,"Demand":10,"DemandMax":null,"Value":3710},{"Length":69,"Height":53,"Demand":10,"DemandMax":null,"Value":3657},{"Length":69,"Height":52,"Demand":10,"DemandMax":null,"Value":3588},{"Length":64,"Height":56,"Demand":10,"DemandMax":null,"Value":3584},{"Length":47,"Height":75,"Demand":10,"DemandMax":null,"Value":3525},{"Length":62,"Height":56,"Demand":10,"DemandMax":null,"Value":3472},{"Length":46,"Height":75,"Demand":10,"DemandMax":null,"Value":3450},{"Length":53,"Height":65,"Demand":10,"DemandMax":null,"Value":3445},{"Length":59,"Height":58,"Demand":10,"DemandMax":null,"Value":3422},{"Length":56,"Height":61,"Demand":10,"DemandMax":null,"Value":3416},{"Length":53,"Height":63,"Demand":10,"DemandMax":null,"Value":3339},{"Length":49,"Height":68,"Demand":10,"DemandMax":null,"Value":3332},{"Length":67,"Height":48,"Demand":10,"DemandMax":null,"Value":3216},{"Length":71,"Height":45,"Demand":10,"DemandMax":null,"Value":3195},{"Length":53,"Height":60,"Demand":10,"DemandMax":null,"Value":3180},{"Length":52,"Height":60,"Demand":10,"DemandMax":null,"Value":3120},{"Length":67,"Height":46,"Demand":10,"DemandMax":null,"Value":3082},{"Length":52,"Height":59,"Demand":10,"DemandMax":null,"Value":3068},{"Length":72,"Height":42,"Demand":10,"DemandMax":null,"Value":3024},{"Length":71,"Height":42,"Demand":10,"DemandMax":null,"Value":2982},{"Length":62,"Height":48,"Demand":10,"DemandMax":null,"Value":2976},{"Length":69,"Height":43,"Demand":10,"DemandMax":null,"Value":2967},{"Length":39,"Height":74,"Demand":10,"DemandMax":null,"Value":2886},{"Length":48,"Height":60,"Demand":10,"DemandMax":null,"Value":2880},{"Length":57,"Height":50,"Demand":10,"DemandMax":null,"Value":2850},{"Length":73,"Height":39,"Demand":10,"DemandMax":null,"Value":2847},{"Length":56,"Height":50,"Demand":10,"DemandMax":null,"Value":2800},{"Length":65,"Height":43,"Demand":10,"DemandMax":null,"Value":2795},{"Length":58,"Height":48,"Demand":10,"DemandMax":null,"Value":2784},{"Length":75,"Height":37,"Demand":10,"DemandMax":null,"Value":2775},{"Length":64,"Height":43,"Demand":10,"DemandMax":null,"Value":2752},{"Length":67,"Height":41,"Demand":10,"DemandMax":null,"Value":2747},{"Length":46,"Height":58,"Demand":10,"DemandMax":null,"Value":2668},{"Length":45,"Height":58,"Demand":10,"DemandMax":null,"Value":2610},{"Length":57,"Height":45,"Demand":10,"DemandMax":null,"Value":2565},{"Length":59,"Height":43,"Demand":10,"DemandMax":null,"Value":2537},{"Length":75,"Height":33,"Demand":10,"DemandMax":null,"Value":2475},{"Length":34,"Height":72,"Demand":10,"DemandMax":null,"Value":2448},{"Length":55,"Height":43,"Demand":10,"DemandMax":null,"Value":2365},{"Length":49,"Height":48,"Demand":10,"DemandMax":null,"Value":2352},{"Length":36,"Height":65,"Demand":10,"DemandMax":null,"Value":2340},{"Length":35,"Height":65,"Demand":10,"DemandMax":null,"Value":2275},{"Length":39,"Height":58,"Demand":10,"DemandMax":null,"Value":2262},{"Length":34,"Height":63,"Demand":10,"DemandMax":null,"Value":2142},{"Length":71,"Height":30,"Demand":10,"DemandMax":null,"Value":2130},{"Length":54,"Height":39,"Demand":10,"DemandMax":null,"Value":2106},{"Length":63,"Height":32,"Demand":10,"DemandMax":null,"Value":2016},{"Length":28,"Height":68,"Demand":10,"DemandMax":null,"Value":1904},{"Length":54,"Height":35,"Demand":10,"DemandMax":null,"Value":1890},{"Length":67,"Height":28,"Demand":10,"DemandMax":null,"Value":1876},{"Length":27,"Height":69,"Demand":10,"DemandMax":null,"Value":1863},{"Length":66,"Height":28,"Demand":10,"DemandMax":null,"Value":1848},{"Length":26,"Height":68,"Demand":10,"DemandMax":null,"Value":1768},{"Length":67,"Height":26,"Demand":10,"DemandMax":null,"Value":1742},{"Length":60,"Height":29,"Demand":10,"DemandMax":null,"Value":1740},{"Length":49,"Height":35,"Demand":10,"DemandMax":null,"Value":1715},{"Length":59,"Height":29,"Demand":10,"DemandMax":null,"Value":1711},{"Length":39,"Height":43,"Demand":10,"DemandMax":null,"Value":1677},{"Length":47,"Height":35,"Demand":10,"DemandMax":null,"Value":1645},{"Length":35,"Height":46,"Demand":10,"DemandMax":null,"Value":1610},{"Length":35,"Height":45,"Demand":10,"DemandMax":null,"Value":1575},{"Length":33,"Height":47,"Demand":10,"DemandMax":null,"Value":1551},{"Length":50,"Height":31,"Demand":10,"DemandMax":null,"Value":1550},{"Length":36,"Height":43,"Demand":10,"DemandMax":null,"Value":1548},{"Length":33,"Height":46,"Demand":10,"DemandMax":null,"Value":1518},{"Length":37,"Height":41,"Demand":10,"DemandMax":null,"Value":1517},{"Length":26,"Height":57,"Demand":10,"DemandMax":null,"Value":1482},{"Length":25,"Height":58,"Demand":10,"DemandMax":null,"Value":1450},{"Length":29,"Height":48,"Demand":10,"DemandMax":null,"Value":1392},{"Length":36,"Height":37,"Demand":10,"DemandMax":null,"Value":1332},{"Length":26,"Height":49,"Demand":10,"DemandMax":null,"Value":1274},{"Length":36,"Height":35,"Demand":10,"DemandMax":null,"Value":1260},{"Length":49,"Height":25,"Demand":10,"DemandMax":null,"Value":1225},{"Length":33,"Height":37,"Demand":10,"DemandMax":null,"Value":1221},{"Length":25,"Height":48,"Demand":10,"DemandMax":null,"Value":1200},{"Length":29,"Height":41,"Demand":10,"DemandMax":null,"Value":1189},{"Length":43,"Height":26,"Demand":10,"DemandMax":null,"Value":1118},{"Length":32,"Height":34,"Demand":10,"DemandMax":null,"Value":1088},{"Length":29,"Height":32,"Demand":10,"DemandMax":null,"Value":928},{"Length":31,"Height":28,"Demand":10,"DemandMax":null,"Value":868},{"Length":27,"Height":30,"Demand":10,"DemandMax":null,"Value":810}]}