{"Name":"AH193","Objects":[{"Length":1000,"Height":2575,"Stock":null,"Cost":2575000}],"Items":[{"Length":70,"Height":75,"Demand":10,"DemandMax":null,"Value":5250},{"Length":70,"Height":70,"Demand":10,"DemandMax":null,"Value":4900},{"Length":74,"Height":64,"Demand":10,"DemandMax":null,"Value":4736},{"Length":62,"Height":75,"Demand":10,"DemandMax":null,"Value":4650},{"Length":63,"Height":73,"Demand":10,"DemandMax":null,"Value":4599},{"Length":58,"Height":74,"Demand":10,"DemandMax":null,"Value":4292},{"Length":57,"Height":75,"Demand":10,"DemandMax":null,"Value":4275},{"Length":66,"Height":64,"Demand":10,"DemandMax":null,"Value":4224},{"Length":75,"Height":56,"Demand":10,"DemandMax":null,"Value":4200},{"Length":74,"Height":54,"Demand":10,"DemandMax":null,"Value":3996},{"Length":66,"Height":60,"Demand":10,"DemandMax":null,"Value":3960},{"Length":73,"Height":54,"Demand":10,"DemandMax":null,"Value":3942},{"Length":74,"Height":53,"Demand":10,"DemandMax":null,"Value":3922},{"Length":51,"Height":74,"Demand":10,"DemandMax":null,"Value":3774},{"Length":56,"Height":67,"Demand":10,"DemandMax":null,"Value":3752},{"Length":49,"Height":75,"Demand":10,"DemandMax":null,"Value":3675},{"Length":72,"Height":50,"Demand":10,"DemandMax":null,"Value":3600},{"Length":61,"Height":59,"Demand":10,"DemandMax":null,"Value":3599},{"Length":67,"Height":53,"Demand":10,"DemandMax":null,"Value":3551},{"Length":66,"Height":53,"Demand":10,"DemandMax":null,"Value":3498},{"Length":54,"Height":64,"Demand":10,"DemandMax":null,"Value":3456},{"Length":52,"Height":65,"Demand":10,"DemandMax":null,"Value":3380},{"Length":75,"Height":45,"Demand":10,"DemandMax":null,"Value":3375},{"Length":59,"Height":56,"Demand":10,"DemandMax":null,"Value":3304},{"Length":73,"Height":45,"Demand":10,"DemandMax":null,"Value":3285},{"Length":51,"Height":64,"Demand":10,"DemandMax":null,"Value":3264},{"Length":57,"Height":57,"Demand":10,"DemandMax":null,"Value":3249},{"Length":66,"Height":48,"Demand":10,"DemandMax":null,"Value":3168},{"Length":63,"Height":50,"Demand":10,"DemandMax":null,"Value":3150},{"Length":42,"Height":75,"Demand":10,"DemandMax":null,"Value":3150},{"Length":50,"Height":61,"Demand":10,"DemandMax":null,"Value":3050},{"Length":66,"Height":46,"Demand":10,"DemandMax":null,"Value":3036},{"Length":52,"Height":58,"Demand":10,"DemandMax":null,"Value":3016},{"Length":43,"Height":69,"Demand":10,"DemandMax":null,"Value":2967},{"Length":50,"Height":59,"Demand":10,"DemandMax":null,"Value":2950},{"Length":54,"Height":53,"Demand":10,"DemandMax":null,"Value":2862},{"Length":65,"Height":42,"Demand":10,"DemandMax":null,"Value":2730},{"Length":56,"Height":48,"Demand":10,"DemandMax":null,"Value":2688},{"Length":47,"Height":56,"Demand":10,"DemandMax":null,"Value":2632},{"Length":42,"Height":62,"Demand":10,"DemandMax":null,"Value":2604},{"Length":42,"Height":61,"Demand":10,"DemandMax":null,"Value":2562},{"Length":34,"Height":75,"Demand":10,"DemandMax":null,"Value":2550},{"Length":65,"Height":39,"Demand":10,"DemandMax":null,"Value":2535},{"Length":73,"Height":34,"Demand":10,"DemandMax":null,"Value":2482},{"Length":61,"Height":40,"Demand":10,"DemandMax":null,"Value":2440},{"Length":39,"Height":62,"Demand":10,"DemandMax":null,"Value":2418},{"Length":75,"Height":32,"Demand":10,"DemandMax":null,"Value":2400},{"Length":64,"Height":37,"Demand":10,"DemandMax":null,"Value":2368},{"Length":62,"Height":38,"Demand":10,"DemandMax":null,"Value":2356},{"Length":71,"Height":33,"Demand":10,"DemandMax":null,"Value":2343},{"Length":46,"Height":50,"Demand":10,"DemandMax":null,"Value":2300},{"Length":40,"Height":57,"Demand":10,"DemandMax":null,"Value":2280},{"Length":35,"Height":65,"Demand":10,"DemandMax":null,"Value":2275},{"Length":63,"Height":36,"Demand":10,"DemandMax":null,"Value":2268},{"Length":52,"Height":43,"Demand":10,"DemandMax":null,"Value":2236},{"Length":72,"Height":31,"Demand":10,"DemandMax":null,"Value":2232},{"Length":30,"Height":74,"Demand":10,"DemandMax":null,"Value":2220},{"Length":69,"Height":32,"Demand":10,"DemandMax":null,"Value":2208},{"Length":71,"Height":31,"Demand":10,"DemandMax":null,"Value":2201},{"Length":44,"Height":50,"Demand":10,"DemandMax":null,"Value":2200},{"Length":30,"Height":71,"Demand":10,"DemandMax":null,"Value":2130},{"Length":75,"Height":28,"Demand":10,"DemandMax":null,"Value":2100},{"Length":29,"Height":71,"Demand":10,"DemandMax":null,"Value":2059},{"Length":42,"Height":49,"Demand":10,"DemandMax":null,"Value":2058},{"Length":46,"Height":44,"Demand":10,"DemandMax":null,"Value":2024},{"Length":49,"Height":41,"Demand":10,"DemandMax":null,"Value":2009},{"Length":44,"Height":44,"Demand":10,"DemandMax":null,"Value":1936},{"Length":31,"Height":61,"Demand":10,"DemandMax":null,"Value":1891},{"Length":65,"Height":29,"Demand":10,"DemandMax":null,"Value":1885},{"Length":25,"Height":75,"Demand":10,"DemandMax":null,"Value":1875},{"Length":27,"Height":69,"Demand":10,"DemandMax":null,"Value":1863},{"Length":30,"Height":62,"Demand":10,"DemandMax":null,"Value":1860},{"Length":29,"Height":64,"Demand":10,"DemandMax":null,"Value":1856},{"Length":34,"Height":54,"Demand":10,"DemandMax":null,"Value":1836},{"Length":73,"Height":25,"Demand":10,"DemandMax":null,"Value":1825},{"Length":52,"Height":35,"Demand":10,"DemandMax":null,"Value":1820},{"Length":43,"Height":42,"Demand":10,"DemandMax":null,"Value":1806},{"Length":44,"Height":41,"Demand":10,"DemandMax":null,"Value":1804},{"Length":53,"Height":33,"Demand":10,"DemandMax":null,"Value":1749},{"Length":56,"Height":31,"Demand":10,"DemandMax":null,"Value":1736},{"Length":62,"Height":28,"Demand":10,"DemandMax":null,"Value":1736},{"Length":32,"Height":53,"Demand":10,"DemandMax":null,"Value":1696},{"Length":47,"Height":36,"Demand":10,"DemandMax":null,"Value":1692},{"Length":30,"Height":56,"Demand":10,"DemandMax":null,"Value":1680},{"Length":54,"Height":31,"Demand":10,"DemandMax":null,"Value":1674},{"Length":30,"Height":54,"Demand":10,"DemandMax":null,"Value":1620},{"Length":26,"Height":59,"Demand":10,"DemandMax":null,"Value":1534},{"Length":45,"Height":34,"Demand":10,"DemandMax":null,"Value":1530},{"Length":31,"Height":49,"Demand":10,"DemandMax":null,"Value":1519},{"Length":27,"Height":56,"Demand":10,"DemandMax":null,"Value":1512},{"Length":50,"Height":30,"Demand":10,"DemandMax":null,"Value":1500},{"Length":37,"Height":39,"Demand":10,"DemandMax":null,"Value":1443},{"Length":26,"Height":55,"Demand":10,"DemandMax":null,"Value":1430},{"Length":49,"Height":29,"Demand":10,"DemandMax":null,"Value":1421},{"Length":43,"Height":32,"Demand":10,"DemandMax":null,"Value":1376},{"Length":26,"Height":52,"Demand":10,"DemandMax":null,"Value":1352},{"Length":45,"Height":29,"Demand":10,"DemandMax":null,"Value":1305},{"Length":26,"Height":38,"Demand":10,"DemandMax":null,"Value":988},{"Length":31,"Height":29,"Demand":10,"DemandMax":null,"Value":899},{"Length":25,"Height":32,"Demand":10,"DemandMax":null,"Value":800}]}