{"Name":"AH159","Objects":[{"Length":1000,"Height":43554,"Stock":null,"Cost":43554000}],"Items":[{"Length":372,"Height":362,"Demand":10,"DemandMax":null,"Value":134664},{"Length":349,"Height":375,"Demand":10,"DemandMax":null,"Value":130875},{"Length":356,"Height":346,"Demand":10,"DemandMax":null,"Value":123176},{"Length":313,"Height":364,"Demand":10,"DemandMax":null,"Value":113932},{"Length":327,"Height":328,"Demand":10,"DemandMax":null,"Value":107256},{"Length":354,"Height":302,"Demand":10,"DemandMax":null,"Value":106908},{"Length":372,"Height":270,"Demand":10,"DemandMax":null,"Value":100440},{"Length":358,"Height":279,"Demand":10,"DemandMax":null,"Value":99882},{"Length":335,"Height":291,"Demand":10,"DemandMax":null,"Value":97485},{"Length":347,"Height":278,"Demand":10,"DemandMax":null,"Value":96466},{"Length":279,"Height":345,"Demand":10,"DemandMax":null,"Value":96255},{"Length":255,"Height":331,"Demand":10,"DemandMax":null,"Value":84405},{"Length":222,"Height":372,"Demand":10,"DemandMax":null,"Value":82584},{"Length":309,"Height":264,"Demand":10,"DemandMax":null,"Value":81576},{"Length":353,"Height":226,"Demand":10,"DemandMax":null,"Value":79778},{"Length":293,"Height":270,"Demand":10,"DemandMax":null,"Value":79110},{"Length":318,"Height":242,"Demand":10,"DemandMax":null,"Value":76956},{"Length":356,"Height":209,"Demand":10,"DemandMax":null,"Value":74404},{"Length":297,"Height":244,"Demand":10,"DemandMax":null,"Value":72468},{"Length":242,"Height":296,"Demand":10,"DemandMax":null,"Value":71632},{"Length":338,"Height":207,"Demand":10,"DemandMax":null,"Value":69966},{"Length":203,"Height":343,"Demand":10,"DemandMax":null,"Value":69629},{"Length":328,"Height":212,"Demand":10,"DemandMax":null,"Value":69536},{"Length":298,"Height":230,"Demand":10,"DemandMax":null,"Value":68540},{"Length":223,"Height":307,"Demand":10,"DemandMax":null,"Value":68461},{"Length":357,"Height":191,"Demand":10,"DemandMax":null,"Value":68187},{"Length":183,"Height":344,"Demand":10,"DemandMax":null,"Value":62952},{"Length":210,"Height":297,"Demand":10,"DemandMax":null,"Value":62370},{"Length":167,"Height":354,"Demand":10,"DemandMax":null,"Value":59118},{"Length":277,"Height":213,"Demand":10,"DemandMax":null,"Value":59001},{"Length":163,"Height":352,"Demand":10,"DemandMax":null,"Value":57376},{"Length":161,"Height":355,"Demand":10,"DemandMax":null,"Value":57155},{"Length":348,"Height":159,"Demand":10,"DemandMax":null,"Value":55332},{"Length":223,"Height":236,"Demand":10,"DemandMax":null,"Value":52628},{"Length":363,"Height":144,"Demand":10,"DemandMax":null,"Value":52272},{"Length":301,"Height":169,"Demand":10,"DemandMax":null,"Value":50869},{"Length":317,"Height":160,"Demand":10,"DemandMax":null,"Value":50720},{"Length":164,"Height":305,"Demand":10,"DemandMax":null,"Value":50020},{"Length":372,"Height":132,"Demand":10,"DemandMax":null,"Value":49104},{"Length":343,"Height":139,"Demand":10,"DemandMax":null,"Value":47677},{"Length":363,"Height":131,"Demand":10,"DemandMax":null,"Value":47553},{"Length":131,"Height":346,"Demand":10,"DemandMax":null,"Value":45326},{"Length":252,"Height":179,"Demand":10,"DemandMax":null,"Value":45108},{"Length":314,"Height":143,"Demand":10,"DemandMax":null,"Value":44902},{"Length":135,"Height":310,"Demand":10,"DemandMax":null,"Value":41850},{"Length":349,"Height":114,"Demand":10,"DemandMax":null,"Value":39786},{"Length":231,"Height":169,"Demand":10,"DemandMax":null,"Value":39039},{"Length":281,"Height":136,"Demand":10,"DemandMax":null,"Value":38216},{"Length":151,"Height":246,"Demand":10,"DemandMax":null,"Value":37146},{"Length":159,"Height":232,"Demand":10,"DemandMax":null,"Value":36888},{"Length":224,"Height":162,"Demand":10,"DemandMax":null,"Value":36288},{"Length":161,"Height":222,"Demand":10,"DemandMax":null,"Value":35742},{"Length":165,"Height":213,"Demand":10,"DemandMax":null,"Value":35145},{"Length":108,"Height":318,"Demand":10,"DemandMax":null,"Value":34344},{"Length":86,"Height":366,"Demand":10,"DemandMax":null,"Value":31476},{"Length":88,"Height":348,"Demand":10,"DemandMax":null,"Value":30624},{"Length":203,"Height":131,"Demand":10,"DemandMax":null,"Value":26593},{"Length":139,"Height":190,"Demand":10,"DemandMax":null,"Value":26410},{"Length":88,"Height":300,"Demand":10,"DemandMax":null,"Value":26400},{"Length":130,"Height":196,"Demand":10,"DemandMax":null,"Value":25480},{"Length":320,"Height":78,"Demand":10,"DemandMax":null,"Value":24960},{"Length":109,"Height":226,"Demand":10,"DemandMax":null,"Value":24634},{"Length":163,"Height":150,"Demand":10,"DemandMax":null,"Value":24450},{"Length":138,"Height":175,"Demand":10,"DemandMax":null,"Value":24150},{"Length":62,"Height":360,"Demand":10,"DemandMax":null,"Value":22320},{"Length":83,"Height":268,"Demand":10,"DemandMax":null,"Value":22244},{"Length":68,"Height":301,"Demand":10,"DemandMax":null,"Value":20468},{"Length":89,"Height":227,"Demand":10,"DemandMax":null,"Value":20203},{"Length":63,"Height":320,"Demand":10,"DemandMax":null,"Value":20160},{"Length":83,"Height":239,"Demand":10,"DemandMax":null,"Value":19837},{"Length":313,"Height":62,"Demand":10,"DemandMax":null,"Value":19406},{"Length":68,"Height":283,"Demand":10,"DemandMax":null,"Value":19244},{"Length":101,"Height":189,"Demand":10,"DemandMax":null,"Value":19089},{"Length":65,"Height":268,"Demand":10,"DemandMax":null,"Value":17420},{"Length":359,"Height":47,"Demand":10,"DemandMax":null,"Value":16873},{"Length":213,"Height":73,"Demand":10,"DemandMax":null,"Value":15549},{"Length":41,"Height":373,"Demand":10,"DemandMax":null,"Value":15293},{"Length":126,"Height":113,"Demand":10,"DemandMax":null,"Value":14238},{"Length":79,"Height":158,"Demand":10,"DemandMax":null,"Value":12482},{"Length":36,"Height":345,"Demand":10,"DemandMax":null,"Value":12420},{"Length":39,"Height":309,"Demand":10,"DemandMax":null,"Value":12051},{"Length":67,"Height":179,"Demand":10,"DemandMax":null,"Value":11993},{"Length":32,"Height":349,"Demand":10,"DemandMax":null,"Value":11168},{"Length":76,"Height":144,"Demand":10,"DemandMax":null,"Value":10944},{"Length":160,"Height":67,"Demand":10,"DemandMax":null,"Value":10720},{"Length":77,"Height":122,"Demand":10,"DemandMax":null,"Value":9394},{"Length":255,"Height":36,"Demand":10,"DemandMax":null,"Value":9180},{"Length":169,"Height":54,"Demand":10,"DemandMax":null,"Value":9126},{"Length":324,"Height":26,"Demand":10,"DemandMax":null,"Value":8424},{"Length":35,"Height":207,"Demand":10,"DemandMax":null,"Value":7245},{"Length":108,"Height":67,"Demand":10,"DemandMax":null,"Value":7236},{"Length":91,"Height":74,"Demand":10,"DemandMax":null,"Value":6734},{"Length":89,"Height":75,"Demand":10,"DemandMax":null,"Value":6675},{"Length":121,"Height":54,"Demand":10,"DemandMax":null,"Value":6534},{"Length":51,"Height":125,"Demand":10,"DemandMax":null,"Value":6375},{"Length":163,"Height":38,"Demand":10,"DemandMax":null,"Value":6194},{"Length":229,"Height":26,"Demand":10,"DemandMax":null,"Value":5954},{"Length":62,"Height":72,"Demand":10,"DemandMax":null,"Value":4464},{"Length":90,"Height":26,"Demand":10,"DemandMax":null,"Value":2340},{"Length":38,"Height":43,"Demand":10,"DemandMax":null,"Value":1634}]}