{"Name":"AH249","Objects":[{"Length":1000,"Height":40870,"Stock":null,"Cost":40870000}],"Items":[{"Length":298,"Height":294,"Demand":1,"DemandMax":null,"Value":87612},{"Length":293,"Height":299,"Demand":1,"DemandMax":null,"Value":87607},{"Length":299,"Height":289,"Demand":1,"DemandMax":null,"Value":86411},{"Length":291,"Height":296,"Demand":1,"DemandMax":null,"Value":86136},{"Length":286,"Height":299,"Demand":1,"DemandMax":null,"Value":85514},{"Length":300,"Height":283,"Demand":1,"DemandMax":null,"Value":84900},{"Length":297,"Height":285,"Demand":1,"DemandMax":null,"Value":84645},{"Length":282,"Height":300,"Demand":1,"DemandMax":null,"Value":84600},{"Length":283,"Height":297,"Demand":1,"DemandMax":null,"Value":84051},{"Length":299,"Height":281,"Demand":1,"DemandMax":null,"Value":84019},{"Length":285,"Height":294,"Demand":1,"DemandMax":null,"Value":83790},{"Length":286,"Height":292,"Demand":1,"DemandMax":null,"Value":83512},{"Length":282,"Height":296,"Demand":1,"DemandMax":null,"Value":83472},{"Length":279,"Height":299,"Demand":1,"DemandMax":null,"Value":83421},{"Length":280,"Height":297,"Demand":1,"DemandMax":null,"Value":83160},{"Length":290,"Height":286,"Demand":1,"DemandMax":null,"Value":82940},{"Length":291,"Height":285,"Demand":1,"DemandMax":null,"Value":82935},{"Length":279,"Height":296,"Demand":1,"DemandMax":null,"Value":82584},{"Length":285,"Height":289,"Demand":1,"DemandMax":null,"Value":82365},{"Length":299,"Height":275,"Demand":1,"DemandMax":null,"Value":82225},{"Length":299,"Height":273,"Demand":1,"DemandMax":null,"Value":81627},{"Length":272,"Height":300,"Demand":1,"DemandMax":null,"Value":81600},{"Length":291,"Height":277,"Demand":1,"DemandMax":null,"Value":80607},{"Length":297,"Height":271,"Demand":1,"DemandMax":null,"Value":80487},{"Length":273,"Height":293,"Demand":1,"DemandMax":null,"Value":79989},{"Length":287,"Height":278,"Demand":1,"DemandMax":null,"Value":79786},{"Length":290,"Height":274,"Demand":1,"DemandMax":null,"Value":79460},{"Length":270,"Height":294,"Demand":1,"DemandMax":null,"Value":79380},{"Length":284,"Height":279,"Demand":1,"DemandMax":null,"Value":79236},{"Length":300,"Height":264,"Demand":1,"DemandMax":null,"Value":79200},{"Length":295,"Height":268,"Demand":1,"DemandMax":null,"Value":79060},{"Length":282,"Height":279,"Demand":1,"DemandMax":null,"Value":78678},{"Length":271,"Height":290,"Demand":1,"DemandMax":null,"Value":78590},{"Length":276,"Height":284,"Demand":1,"DemandMax":null,"Value":78384},{"Length":296,"Height":263,"Demand":1,"DemandMax":null,"Value":77848},{"Length":277,"Height":281,"Demand":1,"DemandMax":null,"Value":77837},{"Length":286,"Height":272,"Demand":1,"DemandMax":null,"Value":77792},{"Length":275,"Height":282,"Demand":1,"DemandMax":null,"Value":77550},{"Length":289,"Height":268,"Demand":1,"DemandMax":null,"Value":77452},{"Length":261,"Height":295,"Demand":1,"DemandMax":null,"Value":76995},{"Length":273,"Height":282,"Demand":1,"DemandMax":null,"Value":76986},{"Length":296,"Height":260,"Demand":1,"DemandMax":null,"Value":76960},{"Length":270,"Height":285,"Demand":1,"DemandMax":null,"Value":76950},{"Length":300,"Height":255,"Demand":1,"DemandMax":null,"Value":76500},{"Length":295,"Height":259,"Demand":1,"DemandMax":null,"Value":76405},{"Length":297,"Height":257,"Demand":1,"DemandMax":null,"Value":76329},{"Length":292,"Height":260,"Demand":1,"DemandMax":null,"Value":75920},{"Length":293,"Height":259,"Demand":1,"DemandMax":null,"Value":75887},{"Length":275,"Height":275,"Demand":1,"DemandMax":null,"Value":75625},{"Length":260,"Height":290,"Demand":1,"DemandMax":null,"Value":75400},{"Length":258,"Height":292,"Demand":1,"DemandMax":null,"Value":75336},{"Length":251,"Height":300,"Demand":1,"DemandMax":null,"Value":75300},{"Length":279,"Height":269,"Demand":1,"DemandMax":null,"Value":75051},{"Length":288,"Height":260,"Demand":1,"DemandMax":null,"Value":74880},{"Length":286,"Height":261,"Demand":1,"DemandMax":null,"Value":74646},{"Length":252,"Height":296,"Demand":1,"DemandMax":null,"Value":74592},{"Length":273,"Height":273,"Demand":1,"DemandMax":null,"Value":74529},{"Length":266,"Height":279,"Demand":1,"DemandMax":null,"Value":74214},{"Length":280,"Height":265,"Demand":1,"DemandMax":null,"Value":74200},{"Length":254,"Height":292,"Demand":1,"DemandMax":null,"Value":74168},{"Length":269,"Height":275,"Demand":1,"DemandMax":null,"Value":73975},{"Length":265,"Height":279,"Demand":1,"DemandMax":null,"Value":73935},{"Length":298,"Height":248,"Demand":1,"DemandMax":null,"Value":73904},{"Length":300,"Height":246,"Demand":1,"DemandMax":null,"Value":73800},{"Length":251,"Height":294,"Demand":1,"DemandMax":null,"Value":73794},{"Length":268,"Height":275,"Demand":1,"DemandMax":null,"Value":73700},{"Length":277,"Height":266,"Demand":1,"DemandMax":null,"Value":73682},{"Length":254,"Height":290,"Demand":1,"DemandMax":null,"Value":73660},{"Length":300,"Height":245,"Demand":1,"DemandMax":null,"Value":73500},{"Length":268,"Height":274,"Demand":1,"DemandMax":null,"Value":73432},{"Length":246,"Height":298,"Demand":1,"DemandMax":null,"Value":73308},{"Length":283,"Height":257,"Demand":1,"DemandMax":null,"Value":72731},{"Length":263,"Height":276,"Demand":1,"DemandMax":null,"Value":72588},{"Length":278,"Height":261,"Demand":1,"DemandMax":null,"Value":72558},{"Length":294,"Height":246,"Demand":1,"DemandMax":null,"Value":72324},{"Length":289,"Height":249,"Demand":1,"DemandMax":null,"Value":71961},{"Length":281,"Height":256,"Demand":1,"DemandMax":null,"Value":71936},{"Length":240,"Height":299,"Demand":1,"DemandMax":null,"Value":71760},{"Length":300,"Height":239,"Demand":1,"DemandMax":null,"Value":71700},{"Length":291,"Height":245,"Demand":1,"DemandMax":null,"Value":71295},{"Length":243,"Height":292,"Demand":1,"DemandMax":null,"Value":70956},{"Length":293,"Height":242,"Demand":1,"DemandMax":null,"Value":70906},{"Length":287,"Height":247,"Demand":1,"DemandMax":null,"Value":70889},{"Length":281,"Height":252,"Demand":1,"DemandMax":null,"Value":70812},{"Length":291,"Height":242,"Demand":1,"DemandMax":null,"Value":70422},{"Length":241,"Height":292,"Demand":1,"DemandMax":null,"Value":70372},{"Length":247,"Height":284,"Demand":1,"DemandMax":null,"Value":70148},{"Length":299,"Height":234,"Demand":1,"DemandMax":null,"Value":69966},{"Length":263,"Height":266,"Demand":1,"DemandMax":null,"Value":69958},{"Length":262,"Height":266,"Demand":1,"DemandMax":null,"Value":69692},{"Length":299,"Height":233,"Demand":1,"DemandMax":null,"Value":69667},{"Length":234,"Height":297,"Demand":1,"DemandMax":null,"Value":69498},{"Length":235,"Height":294,"Demand":1,"DemandMax":null,"Value":69090},{"Length":275,"Height":251,"Demand":1,"DemandMax":null,"Value":69025},{"Length":258,"Height":267,"Demand":1,"DemandMax":null,"Value":68886},{"Length":282,"Height":244,"Demand":1,"DemandMax":null,"Value":68808},{"Length":269,"Height":255,"Demand":1,"DemandMax":null,"Value":68595},{"Length":254,"Height":270,"Demand":1,"DemandMax":null,"Value":68580},{"Length":295,"Height":230,"Demand":1,"DemandMax":null,"Value":67850},{"Length":227,"Height":298,"Demand":1,"DemandMax":null,"Value":67646},{"Length":285,"Height":237,"Demand":1,"DemandMax":null,"Value":67545},{"Length":227,"Height":297,"Demand":1,"DemandMax":null,"Value":67419},{"Length":284,"Height":237,"Demand":1,"DemandMax":null,"Value":67308},{"Length":252,"Height":267,"Demand":1,"DemandMax":null,"Value":67284},{"Length":248,"Height":271,"Demand":1,"DemandMax":null,"Value":67208},{"Length":277,"Height":242,"Demand":1,"DemandMax":null,"Value":67034},{"Length":281,"Height":238,"Demand":1,"DemandMax":null,"Value":66878},{"Length":285,"Height":234,"Demand":1,"DemandMax":null,"Value":66690},{"Length":249,"Height":267,"Demand":1,"DemandMax":null,"Value":66483},{"Length":260,"Height":255,"Demand":1,"DemandMax":null,"Value":66300},{"Length":239,"Height":277,"Demand":1,"DemandMax":null,"Value":66203},{"Length":239,"Height":276,"Demand":1,"DemandMax":null,"Value":65964},{"Length":226,"Height":291,"Demand":1,"DemandMax":null,"Value":65766},{"Length":296,"Height":222,"Demand":1,"DemandMax":null,"Value":65712},{"Length":289,"Height":227,"Demand":1,"DemandMax":null,"Value":65603},{"Length":296,"Height":221,"Demand":1,"DemandMax":null,"Value":65416},{"Length":218,"Height":300,"Demand":1,"DemandMax":null,"Value":65400},{"Length":269,"Height":242,"Demand":1,"DemandMax":null,"Value":65098},{"Length":271,"Height":239,"Demand":1,"DemandMax":null,"Value":64769},{"Length":293,"Height":221,"Demand":1,"DemandMax":null,"Value":64753},{"Length":228,"Height":284,"Demand":1,"DemandMax":null,"Value":64752},{"Length":237,"Height":273,"Demand":1,"DemandMax":null,"Value":64701},{"Length":223,"Height":289,"Demand":1,"DemandMax":null,"Value":64447},{"Length":229,"Height":281,"Demand":1,"DemandMax":null,"Value":64349},{"Length":226,"Height":284,"Demand":1,"DemandMax":null,"Value":64184},{"Length":217,"Height":295,"Demand":1,"DemandMax":null,"Value":64015},{"Length":267,"Height":239,"Demand":1,"DemandMax":null,"Value":63813},{"Length":246,"Height":259,"Demand":1,"DemandMax":null,"Value":63714},{"Length":221,"Height":288,"Demand":1,"DemandMax":null,"Value":63648},{"Length":284,"Height":224,"Demand":1,"DemandMax":null,"Value":63616},{"Length":297,"Height":214,"Demand":1,"DemandMax":null,"Value":63558},{"Length":268,"Height":236,"Demand":1,"DemandMax":null,"Value":63248},{"Length":251,"Height":251,"Demand":1,"DemandMax":null,"Value":63001},{"Length":250,"Height":251,"Demand":1,"DemandMax":null,"Value":62750},{"Length":231,"Height":271,"Demand":1,"DemandMax":null,"Value":62601},{"Length":237,"Height":264,"Demand":1,"DemandMax":null,"Value":62568},{"Length":273,"Height":229,"Demand":1,"DemandMax":null,"Value":62517},{"Length":230,"Height":271,"Demand":1,"DemandMax":null,"Value":62330},{"Length":278,"Height":224,"Demand":1,"DemandMax":null,"Value":62272},{"Length":248,"Height":251,"Demand":1,"DemandMax":null,"Value":62248},{"Length":240,"Height":259,"Demand":1,"DemandMax":null,"Value":62160},{"Length":209,"Height":297,"Demand":1,"DemandMax":null,"Value":62073},{"Length":276,"Height":224,"Demand":1,"DemandMax":null,"Value":61824},{"Length":263,"Height":235,"Demand":1,"DemandMax":null,"Value":61805},{"Length":300,"Height":206,"Demand":1,"DemandMax":null,"Value":61800},{"Length":242,"Height":255,"Demand":1,"DemandMax":null,"Value":61710},{"Length":207,"Height":298,"Demand":1,"DemandMax":null,"Value":61686},{"Length":284,"Height":217,"Demand":1,"DemandMax":null,"Value":61628},{"Length":270,"Height":225,"Demand":1,"DemandMax":null,"Value":60750},{"Length":220,"Height":276,"Demand":1,"DemandMax":null,"Value":60720},{"Length":271,"Height":223,"Demand":1,"DemandMax":null,"Value":60433},{"Length":242,"Height":249,"Demand":1,"DemandMax":null,"Value":60258},{"Length":266,"Height":226,"Demand":1,"DemandMax":null,"Value":60116},{"Length":230,"Height":259,"Demand":1,"DemandMax":null,"Value":59570},{"Length":211,"Height":282,"Demand":1,"DemandMax":null,"Value":59502},{"Length":265,"Height":224,"Demand":1,"DemandMax":null,"Value":59360},{"Length":257,"Height":230,"Demand":1,"DemandMax":null,"Value":59110},{"Length":214,"Height":276,"Demand":1,"DemandMax":null,"Value":59064},{"Length":229,"Height":257,"Demand":1,"DemandMax":null,"Value":58853},{"Length":238,"Height":246,"Demand":1,"DemandMax":null,"Value":58548},{"Length":200,"Height":292,"Demand":1,"DemandMax":null,"Value":58400},{"Length":239,"Height":244,"Demand":1,"DemandMax":null,"Value":58316},{"Length":281,"Height":207,"Demand":1,"DemandMax":null,"Value":58167},{"Length":233,"Height":249,"Demand":1,"DemandMax":null,"Value":58017},{"Length":200,"Height":290,"Demand":1,"DemandMax":null,"Value":58000},{"Length":212,"Height":273,"Demand":1,"DemandMax":null,"Value":57876},{"Length":258,"Height":224,"Demand":1,"DemandMax":null,"Value":57792},{"Length":286,"Height":202,"Demand":1,"DemandMax":null,"Value":57772},{"Length":287,"Height":201,"Demand":1,"DemandMax":null,"Value":57687},{"Length":297,"Height":194,"Demand":1,"DemandMax":null,"Value":57618},{"Length":230,"Height":250,"Demand":1,"DemandMax":null,"Value":57500},{"Length":286,"Height":201,"Demand":1,"DemandMax":null,"Value":57486},{"Length":215,"Height":267,"Demand":1,"DemandMax":null,"Value":57405},{"Length":287,"Height":200,"Demand":1,"DemandMax":null,"Value":57400},{"Length":207,"Height":277,"Demand":1,"DemandMax":null,"Value":57339},{"Length":257,"Height":223,"Demand":1,"DemandMax":null,"Value":57311},{"Length":278,"Height":206,"Demand":1,"DemandMax":null,"Value":57268},{"Length":221,"Height":259,"Demand":1,"DemandMax":null,"Value":57239},{"Length":219,"Height":261,"Demand":1,"DemandMax":null,"Value":57159},{"Length":272,"Height":209,"Demand":1,"DemandMax":null,"Value":56848},{"Length":287,"Height":198,"Demand":1,"DemandMax":null,"Value":56826},{"Length":278,"Height":204,"Demand":1,"DemandMax":null,"Value":56712},{"Length":293,"Height":193,"Demand":1,"DemandMax":null,"Value":56549},{"Length":223,"Height":253,"Demand":1,"DemandMax":null,"Value":56419},{"Length":228,"Height":247,"Demand":1,"DemandMax":null,"Value":56316},{"Length":293,"Height":192,"Demand":1,"DemandMax":null,"Value":56256},{"Length":196,"Height":287,"Demand":1,"DemandMax":null,"Value":56252},{"Length":212,"Height":265,"Demand":1,"DemandMax":null,"Value":56180},{"Length":222,"Height":253,"Demand":1,"DemandMax":null,"Value":56166},{"Length":285,"Height":197,"Demand":1,"DemandMax":null,"Value":56145},{"Length":242,"Height":232,"Demand":1,"DemandMax":null,"Value":56144},{"Length":196,"Height":286,"Demand":1,"DemandMax":null,"Value":56056},{"Length":206,"Height":272,"Demand":1,"DemandMax":null,"Value":56032},{"Length":282,"Height":198,"Demand":1,"DemandMax":null,"Value":55836},{"Length":289,"Height":193,"Demand":1,"DemandMax":null,"Value":55777},{"Length":191,"Height":291,"Demand":1,"DemandMax":null,"Value":55581},{"Length":249,"Height":223,"Demand":1,"DemandMax":null,"Value":55527},{"Length":235,"Height":236,"Demand":1,"DemandMax":null,"Value":55460},{"Length":245,"Height":226,"Demand":1,"DemandMax":null,"Value":55370},{"Length":215,"Height":257,"Demand":1,"DemandMax":null,"Value":55255},{"Length":238,"Height":232,"Demand":1,"DemandMax":null,"Value":55216},{"Length":200,"Height":276,"Demand":1,"DemandMax":null,"Value":55200},{"Length":229,"Height":241,"Demand":1,"DemandMax":null,"Value":55189},{"Length":215,"Height":256,"Demand":1,"DemandMax":null,"Value":55040},{"Length":239,"Height":230,"Demand":1,"DemandMax":null,"Value":54970},{"Length":264,"Height":208,"Demand":1,"DemandMax":null,"Value":54912},{"Length":204,"Height":268,"Demand":1,"DemandMax":null,"Value":54672},{"Length":194,"Height":281,"Demand":1,"DemandMax":null,"Value":54514},{"Length":201,"Height":271,"Demand":1,"DemandMax":null,"Value":54471},{"Length":211,"Height":258,"Demand":1,"DemandMax":null,"Value":54438},{"Length":223,"Height":244,"Demand":1,"DemandMax":null,"Value":54412},{"Length":206,"Height":264,"Demand":1,"DemandMax":null,"Value":54384},{"Length":220,"Height":247,"Demand":1,"DemandMax":null,"Value":54340},{"Length":209,"Height":260,"Demand":1,"DemandMax":null,"Value":54340},{"Length":192,"Height":283,"Demand":1,"DemandMax":null,"Value":54336},{"Length":249,"Height":218,"Demand":1,"DemandMax":null,"Value":54282},{"Length":232,"Height":233,"Demand":1,"DemandMax":null,"Value":54056},{"Length":189,"Height":286,"Demand":1,"DemandMax":null,"Value":54054},{"Length":198,"Height":273,"Demand":1,"DemandMax":null,"Value":54054},{"Length":225,"Height":240,"Demand":1,"DemandMax":null,"Value":54000},{"Length":253,"Height":213,"Demand":1,"DemandMax":null,"Value":53889},{"Length":219,"Height":246,"Demand":1,"DemandMax":null,"Value":53874},{"Length":287,"Height":187,"Demand":1,"DemandMax":null,"Value":53669},{"Length":245,"Height":219,"Demand":1,"DemandMax":null,"Value":53655},{"Length":210,"Height":255,"Demand":1,"DemandMax":null,"Value":53550},{"Length":261,"Height":205,"Demand":1,"DemandMax":null,"Value":53505},{"Length":201,"Height":266,"Demand":1,"DemandMax":null,"Value":53466},{"Length":192,"Height":278,"Demand":1,"DemandMax":null,"Value":53376},{"Length":224,"Height":238,"Demand":1,"DemandMax":null,"Value":53312},{"Length":180,"Height":296,"Demand":1,"DemandMax":null,"Value":53280},{"Length":270,"Height":197,"Demand":1,"DemandMax":null,"Value":53190},{"Length":184,"Height":289,"Demand":1,"DemandMax":null,"Value":53176},{"Length":220,"Height":241,"Demand":1,"DemandMax":null,"Value":53020},{"Length":203,"Height":261,"Demand":1,"DemandMax":null,"Value":52983},{"Length":257,"Height":206,"Demand":1,"DemandMax":null,"Value":52942},{"Length":183,"Height":289,"Demand":1,"DemandMax":null,"Value":52887},{"Length":226,"Height":234,"Demand":1,"DemandMax":null,"Value":52884},{"Length":221,"Height":239,"Demand":1,"DemandMax":null,"Value":52819},{"Length":283,"Height":186,"Demand":1,"DemandMax":null,"Value":52638},{"Length":258,"Height":204,"Demand":1,"DemandMax":null,"Value":52632},{"Length":206,"Height":255,"Demand":1,"DemandMax":null,"Value":52530},{"Length":183,"Height":287,"Demand":1,"DemandMax":null,"Value":52521},{"Length":210,"Height":250,"Demand":1,"DemandMax":null,"Value":52500},{"Length":219,"Height":239,"Demand":1,"DemandMax":null,"Value":52341},{"Length":210,"Height":249,"Demand":1,"DemandMax":null,"Value":52290},{"Length":244,"Height":214,"Demand":1,"DemandMax":null,"Value":52216},{"Length":300,"Height":174,"Demand":1,"DemandMax":null,"Value":52200},{"Length":223,"Height":234,"Demand":1,"DemandMax":null,"Value":52182},{"Length":235,"Height":222,"Demand":1,"DemandMax":null,"Value":52170},{"Length":273,"Height":191,"Demand":1,"DemandMax":null,"Value":52143},{"Length":186,"Height":280,"Demand":1,"DemandMax":null,"Value":52080},{"Length":201,"Height":259,"Demand":1,"DemandMax":null,"Value":52059},{"Length":175,"Height":297,"Demand":1,"DemandMax":null,"Value":51975},{"Length":213,"Height":244,"Demand":1,"DemandMax":null,"Value":51972},{"Length":204,"Height":254,"Demand":1,"DemandMax":null,"Value":51816},{"Length":181,"Height":286,"Demand":1,"DemandMax":null,"Value":51766},{"Length":231,"Height":224,"Demand":1,"DemandMax":null,"Value":51744},{"Length":186,"Height":278,"Demand":1,"DemandMax":null,"Value":51708},{"Length":235,"Height":220,"Demand":1,"DemandMax":null,"Value":51700},{"Length":180,"Height":287,"Demand":1,"DemandMax":null,"Value":51660},{"Length":188,"Height":273,"Demand":1,"DemandMax":null,"Value":51324},{"Length":226,"Height":227,"Demand":1,"DemandMax":null,"Value":51302},{"Length":231,"Height":222,"Demand":1,"DemandMax":null,"Value":51282},{"Length":178,"Height":288,"Demand":1,"DemandMax":null,"Value":51264},{"Length":172,"Height":298,"Demand":1,"DemandMax":null,"Value":51256},{"Length":235,"Height":217,"Demand":1,"DemandMax":null,"Value":50995},{"Length":268,"Height":190,"Demand":1,"DemandMax":null,"Value":50920},{"Length":231,"Height":220,"Demand":1,"DemandMax":null,"Value":50820},{"Length":250,"Height":203,"Demand":1,"DemandMax":null,"Value":50750},{"Length":181,"Height":280,"Demand":1,"DemandMax":null,"Value":50680},{"Length":242,"Height":209,"Demand":1,"DemandMax":null,"Value":50578},{"Length":207,"Height":244,"Demand":1,"DemandMax":null,"Value":50508},{"Length":174,"Height":289,"Demand":1,"DemandMax":null,"Value":50286},{"Length":197,"Height":255,"Demand":1,"DemandMax":null,"Value":50235},{"Length":182,"Height":276,"Demand":1,"DemandMax":null,"Value":50232},{"Length":252,"Height":199,"Demand":1,"DemandMax":null,"Value":50148},{"Length":202,"Height":248,"Demand":1,"DemandMax":null,"Value":50096},{"Length":177,"Height":283,"Demand":1,"DemandMax":null,"Value":50091},{"Length":179,"Height":279,"Demand":1,"DemandMax":null,"Value":49941},{"Length":280,"Height":178,"Demand":1,"DemandMax":null,"Value":49840},{"Length":265,"Height":188,"Demand":1,"DemandMax":null,"Value":49820},{"Length":275,"Height":181,"Demand":1,"DemandMax":null,"Value":49775},{"Length":278,"Height":179,"Demand":1,"DemandMax":null,"Value":49762},{"Length":290,"Height":171,"Demand":1,"DemandMax":null,"Value":49590},{"Length":293,"Height":169,"Demand":1,"DemandMax":null,"Value":49517},{"Length":247,"Height":200,"Demand":1,"DemandMax":null,"Value":49400},{"Length":197,"Height":250,"Demand":1,"DemandMax":null,"Value":49250},{"Length":206,"Height":239,"Demand":1,"DemandMax":null,"Value":49234},{"Length":259,"Height":190,"Demand":1,"DemandMax":null,"Value":49210},{"Length":205,"Height":240,"Demand":1,"DemandMax":null,"Value":49200},{"Length":196,"Height":251,"Demand":1,"DemandMax":null,"Value":49196},{"Length":270,"Height":182,"Demand":1,"DemandMax":null,"Value":49140},{"Length":273,"Height":180,"Demand":1,"DemandMax":null,"Value":49140},{"Length":167,"Height":293,"Demand":1,"DemandMax":null,"Value":48931},{"Length":248,"Height":197,"Demand":1,"DemandMax":null,"Value":48856},{"Length":285,"Height":171,"Demand":1,"DemandMax":null,"Value":48735},{"Length":175,"Height":278,"Demand":1,"DemandMax":null,"Value":48650},{"Length":229,"Height":212,"Demand":1,"DemandMax":null,"Value":48548},{"Length":268,"Height":181,"Demand":1,"DemandMax":null,"Value":48508},{"Length":216,"Height":224,"Demand":1,"DemandMax":null,"Value":48384},{"Length":204,"Height":237,"Demand":1,"DemandMax":null,"Value":48348},{"Length":274,"Height":176,"Demand":1,"DemandMax":null,"Value":48224},{"Length":221,"Height":218,"Demand":1,"DemandMax":null,"Value":48178},{"Length":222,"Height":217,"Demand":1,"DemandMax":null,"Value":48174},{"Length":191,"Height":252,"Demand":1,"DemandMax":null,"Value":48132},{"Length":169,"Height":284,"Demand":1,"DemandMax":null,"Value":47996},{"Length":227,"Height":211,"Demand":1,"DemandMax":null,"Value":47897},{"Length":228,"Height":210,"Demand":1,"DemandMax":null,"Value":47880},{"Length":283,"Height":169,"Demand":1,"DemandMax":null,"Value":47827},{"Length":234,"Height":204,"Demand":1,"DemandMax":null,"Value":47736},{"Length":224,"Height":213,"Demand":1,"DemandMax":null,"Value":47712},{"Length":265,"Height":180,"Demand":1,"DemandMax":null,"Value":47700},{"Length":190,"Height":251,"Demand":1,"DemandMax":null,"Value":47690},{"Length":277,"Height":172,"Demand":1,"DemandMax":null,"Value":47644},{"Length":294,"Height":162,"Demand":1,"DemandMax":null,"Value":47628},{"Length":181,"Height":263,"Demand":1,"DemandMax":null,"Value":47603},{"Length":173,"Height":275,"Demand":1,"DemandMax":null,"Value":47575},{"Length":189,"Height":251,"Demand":1,"DemandMax":null,"Value":47439},{"Length":177,"Height":268,"Demand":1,"DemandMax":null,"Value":47436},{"Length":236,"Height":201,"Demand":1,"DemandMax":null,"Value":47436},{"Length":242,"Height":196,"Demand":1,"DemandMax":null,"Value":47432},{"Length":231,"Height":205,"Demand":1,"DemandMax":null,"Value":47355},{"Length":239,"Height":198,"Demand":1,"DemandMax":null,"Value":47322},{"Length":233,"Height":203,"Demand":1,"DemandMax":null,"Value":47299},{"Length":189,"Height":250,"Demand":1,"DemandMax":null,"Value":47250},{"Length":158,"Height":299,"Demand":1,"DemandMax":null,"Value":47242},{"Length":242,"Height":195,"Demand":1,"DemandMax":null,"Value":47190},{"Length":203,"Height":232,"Demand":1,"DemandMax":null,"Value":47096},{"Length":253,"Height":186,"Demand":1,"DemandMax":null,"Value":47058},{"Length":183,"Height":257,"Demand":1,"DemandMax":null,"Value":47031},{"Length":193,"Height":243,"Demand":1,"DemandMax":null,"Value":46899},{"Length":238,"Height":197,"Demand":1,"DemandMax":null,"Value":46886},{"Length":233,"Height":201,"Demand":1,"DemandMax":null,"Value":46833},{"Length":165,"Height":283,"Demand":1,"DemandMax":null,"Value":46695},{"Length":228,"Height":204,"Demand":1,"DemandMax":null,"Value":46512},{"Length":232,"Height":200,"Demand":1,"DemandMax":null,"Value":46400},{"Length":194,"Height":239,"Demand":1,"DemandMax":null,"Value":46366},{"Length":198,"Height":234,"Demand":1,"DemandMax":null,"Value":46332},{"Length":201,"Height":230,"Demand":1,"DemandMax":null,"Value":46230},{"Length":209,"Height":221,"Demand":1,"DemandMax":null,"Value":46189},{"Length":179,"Height":258,"Demand":1,"DemandMax":null,"Value":46182},{"Length":255,"Height":181,"Demand":1,"DemandMax":null,"Value":46155},{"Length":185,"Height":249,"Demand":1,"DemandMax":null,"Value":46065},{"Length":161,"Height":286,"Demand":1,"DemandMax":null,"Value":46046},{"Length":182,"Height":253,"Demand":1,"DemandMax":null,"Value":46046},{"Length":211,"Height":218,"Demand":1,"DemandMax":null,"Value":45998},{"Length":296,"Height":155,"Demand":1,"DemandMax":null,"Value":45880},{"Length":188,"Height":244,"Demand":1,"DemandMax":null,"Value":45872},{"Length":294,"Height":156,"Demand":1,"DemandMax":null,"Value":45864},{"Length":182,"Height":251,"Demand":1,"DemandMax":null,"Value":45682},{"Length":167,"Height":273,"Demand":1,"DemandMax":null,"Value":45591},{"Length":172,"Height":265,"Demand":1,"DemandMax":null,"Value":45580},{"Length":161,"Height":282,"Demand":1,"DemandMax":null,"Value":45402},{"Length":227,"Height":200,"Demand":1,"DemandMax":null,"Value":45400},{"Length":234,"Height":194,"Demand":1,"DemandMax":null,"Value":45396},{"Length":255,"Height":178,"Demand":1,"DemandMax":null,"Value":45390},{"Length":182,"Height":249,"Demand":1,"DemandMax":null,"Value":45318},{"Length":271,"Height":167,"Demand":1,"DemandMax":null,"Value":45257},{"Length":218,"Height":207,"Demand":1,"DemandMax":null,"Value":45126},{"Length":154,"Height":293,"Demand":1,"DemandMax":null,"Value":45122},{"Length":220,"Height":205,"Demand":1,"DemandMax":null,"Value":45100},{"Length":181,"Height":249,"Demand":1,"DemandMax":null,"Value":45069},{"Length":253,"Height":178,"Demand":1,"DemandMax":null,"Value":45034},{"Length":263,"Height":171,"Demand":1,"DemandMax":null,"Value":44973},{"Length":165,"Height":272,"Demand":1,"DemandMax":null,"Value":44880},{"Length":158,"Height":284,"Demand":1,"DemandMax":null,"Value":44872},{"Length":275,"Height":163,"Demand":1,"DemandMax":null,"Value":44825},{"Length":289,"Height":155,"Demand":1,"DemandMax":null,"Value":44795},{"Length":156,"Height":287,"Demand":1,"DemandMax":null,"Value":44772},{"Length":161,"Height":278,"Demand":1,"DemandMax":null,"Value":44758},{"Length":277,"Height":160,"Demand":1,"DemandMax":null,"Value":44320},{"Length":217,"Height":204,"Demand":1,"DemandMax":null,"Value":44268},{"Length":218,"Height":203,"Demand":1,"DemandMax":null,"Value":44254},{"Length":202,"Height":219,"Demand":1,"DemandMax":null,"Value":44238},{"Length":201,"Height":220,"Demand":1,"DemandMax":null,"Value":44220},{"Length":287,"Height":154,"Demand":1,"DemandMax":null,"Value":44198},{"Length":230,"Height":192,"Demand":1,"DemandMax":null,"Value":44160},{"Length":272,"Height":162,"Demand":1,"DemandMax":null,"Value":44064},{"Length":223,"Height":197,"Demand":1,"DemandMax":null,"Value":43931},{"Length":278,"Height":158,"Demand":1,"DemandMax":null,"Value":43924},{"Length":205,"Height":214,"Demand":1,"DemandMax":null,"Value":43870},{"Length":194,"Height":226,"Demand":1,"DemandMax":null,"Value":43844},{"Length":176,"Height":249,"Demand":1,"DemandMax":null,"Value":43824},{"Length":218,"Height":201,"Demand":1,"DemandMax":null,"Value":43818},{"Length":200,"Height":219,"Demand":1,"DemandMax":null,"Value":43800},{"Length":179,"Height":244,"Demand":1,"DemandMax":null,"Value":43676},{"Length":186,"Height":234,"Demand":1,"DemandMax":null,"Value":43524},{"Length":255,"Height":170,"Demand":1,"DemandMax":null,"Value":43350},{"Length":196,"Height":221,"Demand":1,"DemandMax":null,"Value":43316},{"Length":208,"Height":208,"Demand":1,"DemandMax":null,"Value":43264},{"Length":206,"Height":210,"Demand":1,"DemandMax":null,"Value":43260},{"Length":178,"Height":243,"Demand":1,"DemandMax":null,"Value":43254},{"Length":244,"Height":177,"Demand":1,"DemandMax":null,"Value":43188},{"Length":223,"Height":193,"Demand":1,"DemandMax":null,"Value":43039},{"Length":230,"Height":187,"Demand":1,"DemandMax":null,"Value":43010},{"Length":247,"Height":174,"Demand":1,"DemandMax":null,"Value":42978},{"Length":277,"Height":155,"Demand":1,"DemandMax":null,"Value":42935},{"Length":169,"Height":254,"Demand":1,"DemandMax":null,"Value":42926},{"Length":245,"Height":175,"Demand":1,"DemandMax":null,"Value":42875},{"Length":280,"Height":153,"Demand":1,"DemandMax":null,"Value":42840},{"Length":247,"Height":173,"Demand":1,"DemandMax":null,"Value":42731},{"Length":194,"Height":220,"Demand":1,"DemandMax":null,"Value":42680},{"Length":157,"Height":271,"Demand":1,"DemandMax":null,"Value":42547},{"Length":243,"Height":175,"Demand":1,"DemandMax":null,"Value":42525},{"Length":194,"Height":219,"Demand":1,"DemandMax":null,"Value":42486},{"Length":287,"Height":148,"Demand":1,"DemandMax":null,"Value":42476},{"Length":175,"Height":242,"Demand":1,"DemandMax":null,"Value":42350},{"Length":268,"Height":158,"Demand":1,"DemandMax":null,"Value":42344},{"Length":168,"Height":251,"Demand":1,"DemandMax":null,"Value":42168},{"Length":141,"Height":299,"Demand":1,"DemandMax":null,"Value":42159},{"Length":215,"Height":196,"Demand":1,"DemandMax":null,"Value":42140},{"Length":194,"Height":217,"Demand":1,"DemandMax":null,"Value":42098},{"Length":246,"Height":171,"Demand":1,"DemandMax":null,"Value":42066},{"Length":266,"Height":158,"Demand":1,"DemandMax":null,"Value":42028},{"Length":240,"Height":175,"Demand":1,"DemandMax":null,"Value":42000},{"Length":300,"Height":140,"Demand":1,"DemandMax":null,"Value":42000},{"Length":189,"Height":222,"Demand":1,"DemandMax":null,"Value":41958},{"Length":229,"Height":183,"Demand":1,"DemandMax":null,"Value":41907},{"Length":146,"Height":287,"Demand":1,"DemandMax":null,"Value":41902},{"Length":161,"Height":260,"Demand":1,"DemandMax":null,"Value":41860},{"Length":144,"Height":290,"Demand":1,"DemandMax":null,"Value":41760},{"Length":187,"Height":223,"Demand":1,"DemandMax":null,"Value":41701},{"Length":241,"Height":173,"Demand":1,"DemandMax":null,"Value":41693},{"Length":289,"Height":144,"Demand":1,"DemandMax":null,"Value":41616},{"Length":145,"Height":287,"Demand":1,"DemandMax":null,"Value":41615},{"Length":172,"Height":241,"Demand":1,"DemandMax":null,"Value":41452},{"Length":206,"Height":201,"Demand":1,"DemandMax":null,"Value":41406},{"Length":225,"Height":184,"Demand":1,"DemandMax":null,"Value":41400},{"Length":240,"Height":172,"Demand":1,"DemandMax":null,"Value":41280},{"Length":268,"Height":154,"Demand":1,"DemandMax":null,"Value":41272},{"Length":155,"Height":264,"Demand":1,"DemandMax":null,"Value":40920},{"Length":245,"Height":167,"Demand":1,"DemandMax":null,"Value":40915},{"Length":221,"Height":185,"Demand":1,"DemandMax":null,"Value":40885},{"Length":233,"Height":175,"Demand":1,"DemandMax":null,"Value":40775},{"Length":193,"Height":211,"Demand":1,"DemandMax":null,"Value":40723},{"Length":243,"Height":167,"Demand":1,"DemandMax":null,"Value":40581},{"Length":211,"Height":192,"Demand":1,"DemandMax":null,"Value":40512},{"Length":230,"Height":176,"Demand":1,"DemandMax":null,"Value":40480},{"Length":254,"Height":159,"Demand":1,"DemandMax":null,"Value":40386},{"Length":210,"Height":192,"Demand":1,"DemandMax":null,"Value":40320},{"Length":174,"Height":231,"Demand":1,"DemandMax":null,"Value":40194},{"Length":138,"Height":291,"Demand":1,"DemandMax":null,"Value":40158},{"Length":136,"Height":295,"Demand":1,"DemandMax":null,"Value":40120},{"Length":225,"Height":178,"Demand":1,"DemandMax":null,"Value":40050},{"Length":199,"Height":201,"Demand":1,"DemandMax":null,"Value":39999},{"Length":272,"Height":147,"Demand":1,"DemandMax":null,"Value":39984},{"Length":176,"Height":227,"Demand":1,"DemandMax":null,"Value":39952},{"Length":182,"Height":219,"Demand":1,"DemandMax":null,"Value":39858},{"Length":147,"Height":271,"Demand":1,"DemandMax":null,"Value":39837},{"Length":198,"Height":201,"Demand":1,"DemandMax":null,"Value":39798},{"Length":149,"Height":267,"Demand":1,"DemandMax":null,"Value":39783},{"Length":260,"Height":153,"Demand":1,"DemandMax":null,"Value":39780},{"Length":143,"Height":278,"Demand":1,"DemandMax":null,"Value":39754},{"Length":184,"Height":216,"Demand":1,"DemandMax":null,"Value":39744},{"Length":139,"Height":285,"Demand":1,"DemandMax":null,"Value":39615},{"Length":214,"Height":185,"Demand":1,"DemandMax":null,"Value":39590},{"Length":146,"Height":271,"Demand":1,"DemandMax":null,"Value":39566},{"Length":231,"Height":171,"Demand":1,"DemandMax":null,"Value":39501},{"Length":176,"Height":224,"Demand":1,"DemandMax":null,"Value":39424},{"Length":192,"Height":205,"Demand":1,"DemandMax":null,"Value":39360},{"Length":226,"Height":174,"Demand":1,"DemandMax":null,"Value":39324},{"Length":260,"Height":151,"Demand":1,"DemandMax":null,"Value":39260},{"Length":259,"Height":151,"Demand":1,"DemandMax":null,"Value":39109},{"Length":180,"Height":217,"Demand":1,"DemandMax":null,"Value":39060},{"Length":153,"Height":255,"Demand":1,"DemandMax":null,"Value":39015},{"Length":258,"Height":151,"Demand":1,"DemandMax":null,"Value":38958},{"Length":297,"Height":131,"Demand":1,"DemandMax":null,"Value":38907},{"Length":209,"Height":186,"Demand":1,"DemandMax":null,"Value":38874},{"Length":168,"Height":231,"Demand":1,"DemandMax":null,"Value":38808},{"Length":184,"Height":210,"Demand":1,"DemandMax":null,"Value":38640},{"Length":159,"Height":243,"Demand":1,"DemandMax":null,"Value":38637},{"Length":173,"Height":223,"Demand":1,"DemandMax":null,"Value":38579},{"Length":172,"Height":224,"Demand":1,"DemandMax":null,"Value":38528},{"Length":220,"Height":175,"Demand":1,"DemandMax":null,"Value":38500},{"Length":184,"Height":209,"Demand":1,"DemandMax":null,"Value":38456},{"Length":180,"Height":213,"Demand":1,"DemandMax":null,"Value":38340},{"Length":224,"Height":171,"Demand":1,"DemandMax":null,"Value":38304},{"Length":243,"Height":157,"Demand":1,"DemandMax":null,"Value":38151},{"Length":279,"Height":136,"Demand":1,"DemandMax":null,"Value":37944},{"Length":206,"Height":184,"Demand":1,"DemandMax":null,"Value":37904},{"Length":220,"Height":172,"Demand":1,"DemandMax":null,"Value":37840},{"Length":190,"Height":199,"Demand":1,"DemandMax":null,"Value":37810},{"Length":128,"Height":295,"Demand":1,"DemandMax":null,"Value":37760},{"Length":160,"Height":236,"Demand":1,"DemandMax":null,"Value":37760},{"Length":170,"Height":222,"Demand":1,"DemandMax":null,"Value":37740},{"Length":299,"Height":126,"Demand":1,"DemandMax":null,"Value":37674},{"Length":265,"Height":142,"Demand":1,"DemandMax":null,"Value":37630},{"Length":263,"Height":143,"Demand":1,"DemandMax":null,"Value":37609},{"Length":136,"Height":276,"Demand":1,"DemandMax":null,"Value":37536},{"Length":239,"Height":157,"Demand":1,"DemandMax":null,"Value":37523},{"Length":247,"Height":151,"Demand":1,"DemandMax":null,"Value":37297},{"Length":189,"Height":197,"Demand":1,"DemandMax":null,"Value":37233},{"Length":132,"Height":282,"Demand":1,"DemandMax":null,"Value":37224},{"Length":251,"Height":148,"Demand":1,"DemandMax":null,"Value":37148},{"Length":175,"Height":212,"Demand":1,"DemandMax":null,"Value":37100},{"Length":285,"Height":130,"Demand":1,"DemandMax":null,"Value":37050},{"Length":189,"Height":196,"Demand":1,"DemandMax":null,"Value":37044},{"Length":178,"Height":208,"Demand":1,"DemandMax":null,"Value":37024},{"Length":257,"Height":144,"Demand":1,"DemandMax":null,"Value":37008},{"Length":145,"Height":255,"Demand":1,"DemandMax":null,"Value":36975},{"Length":240,"Height":154,"Demand":1,"DemandMax":null,"Value":36960},{"Length":175,"Height":211,"Demand":1,"DemandMax":null,"Value":36925},{"Length":130,"Height":284,"Demand":1,"DemandMax":null,"Value":36920},{"Length":297,"Height":124,"Demand":1,"DemandMax":null,"Value":36828},{"Length":185,"Height":199,"Demand":1,"DemandMax":null,"Value":36815},{"Length":257,"Height":143,"Demand":1,"DemandMax":null,"Value":36751},{"Length":196,"Height":187,"Demand":1,"DemandMax":null,"Value":36652},{"Length":138,"Height":265,"Demand":1,"DemandMax":null,"Value":36570},{"Length":131,"Height":279,"Demand":1,"DemandMax":null,"Value":36549},{"Length":210,"Height":174,"Demand":1,"DemandMax":null,"Value":36540},{"Length":158,"Height":231,"Demand":1,"DemandMax":null,"Value":36498},{"Length":197,"Height":185,"Demand":1,"DemandMax":null,"Value":36445},{"Length":144,"Height":253,"Demand":1,"DemandMax":null,"Value":36432},{"Length":159,"Height":229,"Demand":1,"DemandMax":null,"Value":36411},{"Length":140,"Height":260,"Demand":1,"DemandMax":null,"Value":36400},{"Length":169,"Height":215,"Demand":1,"DemandMax":null,"Value":36335},{"Length":131,"Height":277,"Demand":1,"DemandMax":null,"Value":36287},{"Length":195,"Height":186,"Demand":1,"DemandMax":null,"Value":36270},{"Length":206,"Height":176,"Demand":1,"DemandMax":null,"Value":36256},{"Length":125,"Height":290,"Demand":1,"DemandMax":null,"Value":36250},{"Length":122,"Height":297,"Demand":1,"DemandMax":null,"Value":36234},{"Length":248,"Height":146,"Demand":1,"DemandMax":null,"Value":36208},{"Length":202,"Height":179,"Demand":1,"DemandMax":null,"Value":36158},{"Length":125,"Height":289,"Demand":1,"DemandMax":null,"Value":36125},{"Length":163,"Height":221,"Demand":1,"DemandMax":null,"Value":36023},{"Length":235,"Height":153,"Demand":1,"DemandMax":null,"Value":35955},{"Length":209,"Height":172,"Demand":1,"DemandMax":null,"Value":35948},{"Length":175,"Height":205,"Demand":1,"DemandMax":null,"Value":35875},{"Length":127,"Height":282,"Demand":1,"DemandMax":null,"Value":35814},{"Length":134,"Height":266,"Demand":1,"DemandMax":null,"Value":35644},{"Length":133,"Height":267,"Demand":1,"DemandMax":null,"Value":35511},{"Length":195,"Height":182,"Demand":1,"DemandMax":null,"Value":35490},{"Length":154,"Height":230,"Demand":1,"DemandMax":null,"Value":35420},{"Length":158,"Height":224,"Demand":1,"DemandMax":null,"Value":35392},{"Length":170,"Height":208,"Demand":1,"DemandMax":null,"Value":35360},{"Length":258,"Height":137,"Demand":1,"DemandMax":null,"Value":35346},{"Length":289,"Height":122,"Demand":1,"DemandMax":null,"Value":35258},{"Length":148,"Height":238,"Demand":1,"DemandMax":null,"Value":35224},{"Length":124,"Height":284,"Demand":1,"DemandMax":null,"Value":35216},{"Length":177,"Height":198,"Demand":1,"DemandMax":null,"Value":35046},{"Length":207,"Height":169,"Demand":1,"DemandMax":null,"Value":34983},{"Length":261,"Height":134,"Demand":1,"DemandMax":null,"Value":34974},{"Length":191,"Height":183,"Demand":1,"DemandMax":null,"Value":34953},{"Length":172,"Height":203,"Demand":1,"DemandMax":null,"Value":34916},{"Length":298,"Height":117,"Demand":1,"DemandMax":null,"Value":34866},{"Length":157,"Height":222,"Demand":1,"DemandMax":null,"Value":34854},{"Length":260,"Height":134,"Demand":1,"DemandMax":null,"Value":34840},{"Length":191,"Height":182,"Demand":1,"DemandMax":null,"Value":34762},{"Length":181,"Height":192,"Demand":1,"DemandMax":null,"Value":34752},{"Length":139,"Height":250,"Demand":1,"DemandMax":null,"Value":34750},{"Length":125,"Height":278,"Demand":1,"DemandMax":null,"Value":34750},{"Length":208,"Height":167,"Demand":1,"DemandMax":null,"Value":34736},{"Length":239,"Height":145,"Demand":1,"DemandMax":null,"Value":34655},{"Length":291,"Height":119,"Demand":1,"DemandMax":null,"Value":34629},{"Length":174,"Height":199,"Demand":1,"DemandMax":null,"Value":34626},{"Length":161,"Height":215,"Demand":1,"DemandMax":null,"Value":34615},{"Length":147,"Height":235,"Demand":1,"DemandMax":null,"Value":34545},{"Length":272,"Height":127,"Demand":1,"DemandMax":null,"Value":34544},{"Length":290,"Height":119,"Demand":1,"DemandMax":null,"Value":34510},{"Length":138,"Height":250,"Demand":1,"DemandMax":null,"Value":34500},{"Length":224,"Height":154,"Demand":1,"DemandMax":null,"Value":34496},{"Length":209,"Height":165,"Demand":1,"DemandMax":null,"Value":34485},{"Length":198,"Height":174,"Demand":1,"DemandMax":null,"Value":34452},{"Length":259,"Height":133,"Demand":1,"DemandMax":null,"Value":34447},{"Length":225,"Height":153,"Demand":1,"DemandMax":null,"Value":34425},{"Length":231,"Height":149,"Demand":1,"DemandMax":null,"Value":34419},{"Length":223,"Height":154,"Demand":1,"DemandMax":null,"Value":34342},{"Length":120,"Height":286,"Demand":1,"DemandMax":null,"Value":34320},{"Length":203,"Height":169,"Demand":1,"DemandMax":null,"Value":34307},{"Length":134,"Height":256,"Demand":1,"DemandMax":null,"Value":34304},{"Length":254,"Height":135,"Demand":1,"DemandMax":null,"Value":34290},{"Length":173,"Height":198,"Demand":1,"DemandMax":null,"Value":34254},{"Length":193,"Height":177,"Demand":1,"DemandMax":null,"Value":34161},{"Length":212,"Height":161,"Demand":1,"DemandMax":null,"Value":34132},{"Length":264,"Height":129,"Demand":1,"DemandMax":null,"Value":34056},{"Length":215,"Height":158,"Demand":1,"DemandMax":null,"Value":33970},{"Length":276,"Height":123,"Demand":1,"DemandMax":null,"Value":33948},{"Length":142,"Height":239,"Demand":1,"DemandMax":null,"Value":33938},{"Length":192,"Height":176,"Demand":1,"DemandMax":null,"Value":33792},{"Length":182,"Height":185,"Demand":1,"DemandMax":null,"Value":33670},{"Length":217,"Height":155,"Demand":1,"DemandMax":null,"Value":33635},{"Length":192,"Height":175,"Demand":1,"DemandMax":null,"Value":33600},{"Length":120,"Height":280,"Demand":1,"DemandMax":null,"Value":33600},{"Length":218,"Height":154,"Demand":1,"DemandMax":null,"Value":33572},{"Length":114,"Height":294,"Demand":1,"DemandMax":null,"Value":33516},{"Length":252,"Height":133,"Demand":1,"DemandMax":null,"Value":33516},{"Length":155,"Height":216,"Demand":1,"DemandMax":null,"Value":33480},{"Length":224,"Height":149,"Demand":1,"DemandMax":null,"Value":33376},{"Length":151,"Height":221,"Demand":1,"DemandMax":null,"Value":33371},{"Length":202,"Height":165,"Demand":1,"DemandMax":null,"Value":33330},{"Length":169,"Height":197,"Demand":1,"DemandMax":null,"Value":33293},{"Length":160,"Height":208,"Demand":1,"DemandMax":null,"Value":33280},{"Length":264,"Height":126,"Demand":1,"DemandMax":null,"Value":33264},{"Length":188,"Height":176,"Demand":1,"DemandMax":null,"Value":33088},{"Length":245,"Height":135,"Demand":1,"DemandMax":null,"Value":33075},{"Length":190,"Height":174,"Demand":1,"DemandMax":null,"Value":33060},{"Length":140,"Height":236,"Demand":1,"DemandMax":null,"Value":33040},{"Length":262,"Height":126,"Demand":1,"DemandMax":null,"Value":33012},{"Length":168,"Height":196,"Demand":1,"DemandMax":null,"Value":32928},{"Length":211,"Height":156,"Demand":1,"DemandMax":null,"Value":32916},{"Length":198,"Height":166,"Demand":1,"DemandMax":null,"Value":32868},{"Length":285,"Height":115,"Demand":1,"DemandMax":null,"Value":32775},{"Length":128,"Height":256,"Demand":1,"DemandMax":null,"Value":32768},{"Length":255,"Height":128,"Demand":1,"DemandMax":null,"Value":32640},{"Length":185,"Height":176,"Demand":1,"DemandMax":null,"Value":32560},{"Length":232,"Height":140,"Demand":1,"DemandMax":null,"Value":32480},{"Length":133,"Height":244,"Demand":1,"DemandMax":null,"Value":32452},{"Length":117,"Height":277,"Demand":1,"DemandMax":null,"Value":32409},{"Length":240,"Height":135,"Demand":1,"DemandMax":null,"Value":32400},{"Length":126,"Height":257,"Demand":1,"DemandMax":null,"Value":32382},{"Length":195,"Height":166,"Demand":1,"DemandMax":null,"Value":32370},{"Length":245,"Height":132,"Demand":1,"DemandMax":null,"Value":32340},{"Length":121,"Height":267,"Demand":1,"DemandMax":null,"Value":32307},{"Length":135,"Height":239,"Demand":1,"DemandMax":null,"Value":32265},{"Length":178,"Height":181,"Demand":1,"DemandMax":null,"Value":32218},{"Length":287,"Height":112,"Demand":1,"DemandMax":null,"Value":32144},{"Length":217,"Height":148,"Demand":1,"DemandMax":null,"Value":32116},{"Length":123,"Height":261,"Demand":1,"DemandMax":null,"Value":32103},{"Length":152,"Height":211,"Demand":1,"DemandMax":null,"Value":32072},{"Length":151,"Height":212,"Demand":1,"DemandMax":null,"Value":32012},{"Length":266,"Height":120,"Demand":1,"DemandMax":null,"Value":31920},{"Length":268,"Height":119,"Demand":1,"DemandMax":null,"Value":31892},{"Length":127,"Height":251,"Demand":1,"DemandMax":null,"Value":31877},{"Length":263,"Height":121,"Demand":1,"DemandMax":null,"Value":31823},{"Length":232,"Height":137,"Demand":1,"DemandMax":null,"Value":31784},{"Length":134,"Height":237,"Demand":1,"DemandMax":null,"Value":31758},{"Length":162,"Height":196,"Demand":1,"DemandMax":null,"Value":31752},{"Length":216,"Height":147,"Demand":1,"DemandMax":null,"Value":31752},{"Length":111,"Height":286,"Demand":1,"DemandMax":null,"Value":31746},{"Length":207,"Height":153,"Demand":1,"DemandMax":null,"Value":31671},{"Length":183,"Height":173,"Demand":1,"DemandMax":null,"Value":31659},{"Length":238,"Height":133,"Demand":1,"DemandMax":null,"Value":31654},{"Length":136,"Height":232,"Demand":1,"DemandMax":null,"Value":31552},{"Length":206,"Height":153,"Demand":1,"DemandMax":null,"Value":31518},{"Length":150,"Height":210,"Demand":1,"DemandMax":null,"Value":31500},{"Length":184,"Height":171,"Demand":1,"DemandMax":null,"Value":31464},{"Length":207,"Height":152,"Demand":1,"DemandMax":null,"Value":31464},{"Length":185,"Height":170,"Demand":1,"DemandMax":null,"Value":31450},{"Length":169,"Height":186,"Demand":1,"DemandMax":null,"Value":31434},{"Length":133,"Height":236,"Demand":1,"DemandMax":null,"Value":31388},{"Length":179,"Height":175,"Demand":1,"DemandMax":null,"Value":31325},{"Length":141,"Height":222,"Demand":1,"DemandMax":null,"Value":31302},{"Length":185,"Height":169,"Demand":1,"DemandMax":null,"Value":31265},{"Length":187,"Height":167,"Demand":1,"DemandMax":null,"Value":31229},{"Length":153,"Height":204,"Demand":1,"DemandMax":null,"Value":31212},{"Length":108,"Height":289,"Demand":1,"DemandMax":null,"Value":31212},{"Length":120,"Height":260,"Demand":1,"DemandMax":null,"Value":31200},{"Length":160,"Height":195,"Demand":1,"DemandMax":null,"Value":31200},{"Length":231,"Height":135,"Demand":1,"DemandMax":null,"Value":31185},{"Length":178,"Height":175,"Demand":1,"DemandMax":null,"Value":31150},{"Length":126,"Height":246,"Demand":1,"DemandMax":null,"Value":30996},{"Length":142,"Height":218,"Demand":1,"DemandMax":null,"Value":30956},{"Length":134,"Height":231,"Demand":1,"DemandMax":null,"Value":30954},{"Length":238,"Height":130,"Demand":1,"DemandMax":null,"Value":30940},{"Length":140,"Height":221,"Demand":1,"DemandMax":null,"Value":30940},{"Length":170,"Height":182,"Demand":1,"DemandMax":null,"Value":30940},{"Length":167,"Height":185,"Demand":1,"DemandMax":null,"Value":30895},{"Length":132,"Height":234,"Demand":1,"DemandMax":null,"Value":30888},{"Length":141,"Height":219,"Demand":1,"DemandMax":null,"Value":30879},{"Length":126,"Height":245,"Demand":1,"DemandMax":null,"Value":30870},{"Length":134,"Height":230,"Demand":1,"DemandMax":null,"Value":30820},{"Length":214,"Height":144,"Demand":1,"DemandMax":null,"Value":30816},{"Length":161,"Height":191,"Demand":1,"DemandMax":null,"Value":30751},{"Length":218,"Height":141,"Demand":1,"DemandMax":null,"Value":30738},{"Length":103,"Height":298,"Demand":1,"DemandMax":null,"Value":30694},{"Length":118,"Height":260,"Demand":1,"DemandMax":null,"Value":30680},{"Length":194,"Height":158,"Demand":1,"DemandMax":null,"Value":30652},{"Length":245,"Height":125,"Demand":1,"DemandMax":null,"Value":30625},{"Length":214,"Height":143,"Demand":1,"DemandMax":null,"Value":30602},{"Length":200,"Height":153,"Demand":1,"DemandMax":null,"Value":30600},{"Length":129,"Height":237,"Demand":1,"DemandMax":null,"Value":30573},{"Length":191,"Height":160,"Demand":1,"DemandMax":null,"Value":30560},{"Length":151,"Height":202,"Demand":1,"DemandMax":null,"Value":30502},{"Length":296,"Height":103,"Demand":1,"DemandMax":null,"Value":30488},{"Length":176,"Height":173,"Demand":1,"DemandMax":null,"Value":30448},{"Length":279,"Height":109,"Demand":1,"DemandMax":null,"Value":30411},{"Length":204,"Height":149,"Demand":1,"DemandMax":null,"Value":30396},{"Length":191,"Height":159,"Demand":1,"DemandMax":null,"Value":30369},{"Length":133,"Height":228,"Demand":1,"DemandMax":null,"Value":30324},{"Length":129,"Height":235,"Demand":1,"DemandMax":null,"Value":30315},{"Length":169,"Height":179,"Demand":1,"DemandMax":null,"Value":30251},{"Length":149,"Height":203,"Demand":1,"DemandMax":null,"Value":30247},{"Length":166,"Height":182,"Demand":1,"DemandMax":null,"Value":30212},{"Length":148,"Height":204,"Demand":1,"DemandMax":null,"Value":30192},{"Length":225,"Height":134,"Demand":1,"DemandMax":null,"Value":30150},{"Length":197,"Height":153,"Demand":1,"DemandMax":null,"Value":30141},{"Length":120,"Height":251,"Demand":1,"DemandMax":null,"Value":30120},{"Length":174,"Height":173,"Demand":1,"DemandMax":null,"Value":30102},{"Length":149,"Height":202,"Demand":1,"DemandMax":null,"Value":30098},{"Length":198,"Height":152,"Demand":1,"DemandMax":null,"Value":30096},{"Length":292,"Height":103,"Demand":1,"DemandMax":null,"Value":30076},{"Length":143,"Height":210,"Demand":1,"DemandMax":null,"Value":30030},{"Length":254,"Height":118,"Demand":1,"DemandMax":null,"Value":29972},{"Length":285,"Height":105,"Demand":1,"DemandMax":null,"Value":29925},{"Length":110,"Height":272,"Demand":1,"DemandMax":null,"Value":29920},{"Length":169,"Height":177,"Demand":1,"DemandMax":null,"Value":29913},{"Length":141,"Height":212,"Demand":1,"DemandMax":null,"Value":29892},{"Length":123,"Height":243,"Demand":1,"DemandMax":null,"Value":29889},{"Length":134,"Height":223,"Demand":1,"DemandMax":null,"Value":29882},{"Length":195,"Height":153,"Demand":1,"DemandMax":null,"Value":29835},{"Length":240,"Height":124,"Demand":1,"DemandMax":null,"Value":29760},{"Length":205,"Height":145,"Demand":1,"DemandMax":null,"Value":29725},{"Length":105,"Height":283,"Demand":1,"DemandMax":null,"Value":29715},{"Length":166,"Height":179,"Demand":1,"DemandMax":null,"Value":29714},{"Length":183,"Height":162,"Demand":1,"DemandMax":null,"Value":29646},{"Length":216,"Height":137,"Demand":1,"DemandMax":null,"Value":29592},{"Length":116,"Height":255,"Demand":1,"DemandMax":null,"Value":29580},{"Length":129,"Height":229,"Demand":1,"DemandMax":null,"Value":29541},{"Length":153,"Height":193,"Demand":1,"DemandMax":null,"Value":29529},{"Length":119,"Height":248,"Demand":1,"DemandMax":null,"Value":29512},{"Length":281,"Height":105,"Demand":1,"DemandMax":null,"Value":29505},{"Length":156,"Height":189,"Demand":1,"DemandMax":null,"Value":29484},{"Length":252,"Height":117,"Demand":1,"DemandMax":null,"Value":29484},{"Length":151,"Height":195,"Demand":1,"DemandMax":null,"Value":29445},{"Length":283,"Height":104,"Demand":1,"DemandMax":null,"Value":29432},{"Length":107,"Height":275,"Demand":1,"DemandMax":null,"Value":29425},{"Length":207,"Height":142,"Demand":1,"DemandMax":null,"Value":29394},{"Length":102,"Height":288,"Demand":1,"DemandMax":null,"Value":29376},{"Length":161,"Height":182,"Demand":1,"DemandMax":null,"Value":29302},{"Length":113,"Height":259,"Demand":1,"DemandMax":null,"Value":29267},{"Length":124,"Height":236,"Demand":1,"DemandMax":null,"Value":29264},{"Length":113,"Height":258,"Demand":1,"DemandMax":null,"Value":29154},{"Length":155,"Height":188,"Demand":1,"DemandMax":null,"Value":29140},{"Length":159,"Height":183,"Demand":1,"DemandMax":null,"Value":29097},{"Length":175,"Height":166,"Demand":1,"DemandMax":null,"Value":29050},{"Length":180,"Height":161,"Demand":1,"DemandMax":null,"Value":28980},{"Length":197,"Height":147,"Demand":1,"DemandMax":null,"Value":28959},{"Length":226,"Height":128,"Demand":1,"DemandMax":null,"Value":28928},{"Length":150,"Height":192,"Demand":1,"DemandMax":null,"Value":28800},{"Length":128,"Height":225,"Demand":1,"DemandMax":null,"Value":28800},{"Length":204,"Height":141,"Demand":1,"DemandMax":null,"Value":28764},{"Length":149,"Height":193,"Demand":1,"DemandMax":null,"Value":28757},{"Length":169,"Height":170,"Demand":1,"DemandMax":null,"Value":28730},{"Length":114,"Height":252,"Demand":1,"DemandMax":null,"Value":28728},{"Length":287,"Height":100,"Demand":1,"DemandMax":null,"Value":28700},{"Length":109,"Height":262,"Demand":1,"DemandMax":null,"Value":28558},{"Length":158,"Height":180,"Demand":1,"DemandMax":null,"Value":28440},{"Length":116,"Height":245,"Demand":1,"DemandMax":null,"Value":28420},{"Length":111,"Height":256,"Demand":1,"DemandMax":null,"Value":28416},{"Length":284,"Height":100,"Demand":1,"DemandMax":null,"Value":28400},{"Length":193,"Height":147,"Demand":1,"DemandMax":null,"Value":28371},{"Length":218,"Height":130,"Demand":1,"DemandMax":null,"Value":28340},{"Length":143,"Height":198,"Demand":1,"DemandMax":null,"Value":28314},{"Length":255,"Height":111,"Demand":1,"DemandMax":null,"Value":28305},{"Length":208,"Height":136,"Demand":1,"DemandMax":null,"Value":28288},{"Length":200,"Height":141,"Demand":1,"DemandMax":null,"Value":28200},{"Length":268,"Height":105,"Demand":1,"DemandMax":null,"Value":28140},{"Length":180,"Height":156,"Demand":1,"DemandMax":null,"Value":28080},{"Length":104,"Height":268,"Demand":1,"DemandMax":null,"Value":27872},{"Length":129,"Height":216,"Demand":1,"DemandMax":null,"Value":27864},{"Length":173,"Height":161,"Demand":1,"DemandMax":null,"Value":27853},{"Length":159,"Height":175,"Demand":1,"DemandMax":null,"Value":27825},{"Length":141,"Height":197,"Demand":1,"DemandMax":null,"Value":27777},{"Length":264,"Height":105,"Demand":1,"DemandMax":null,"Value":27720},{"Length":164,"Height":169,"Demand":1,"DemandMax":null,"Value":27716},{"Length":163,"Height":170,"Demand":1,"DemandMax":null,"Value":27710},{"Length":106,"Height":261,"Demand":1,"DemandMax":null,"Value":27666},{"Length":184,"Height":150,"Demand":1,"DemandMax":null,"Value":27600},{"Length":212,"Height":130,"Demand":1,"DemandMax":null,"Value":27560},{"Length":170,"Height":162,"Demand":1,"DemandMax":null,"Value":27540},{"Length":201,"Height":137,"Demand":1,"DemandMax":null,"Value":27537},{"Length":129,"Height":213,"Demand":1,"DemandMax":null,"Value":27477},{"Length":156,"Height":176,"Demand":1,"DemandMax":null,"Value":27456},{"Length":183,"Height":150,"Demand":1,"DemandMax":null,"Value":27450},{"Length":125,"Height":219,"Demand":1,"DemandMax":null,"Value":27375},{"Length":138,"Height":197,"Demand":1,"DemandMax":null,"Value":27186},{"Length":232,"Height":117,"Demand":1,"DemandMax":null,"Value":27144},{"Length":144,"Height":188,"Demand":1,"DemandMax":null,"Value":27072},{"Length":233,"Height":116,"Demand":1,"DemandMax":null,"Value":27028},{"Length":142,"Height":190,"Demand":1,"DemandMax":null,"Value":26980},{"Length":186,"Height":145,"Demand":1,"DemandMax":null,"Value":26970},{"Length":107,"Height":252,"Demand":1,"DemandMax":null,"Value":26964},{"Length":154,"Height":175,"Demand":1,"DemandMax":null,"Value":26950},{"Length":269,"Height":100,"Demand":1,"DemandMax":null,"Value":26900},{"Length":249,"Height":108,"Demand":1,"DemandMax":null,"Value":26892},{"Length":156,"Height":172,"Demand":1,"DemandMax":null,"Value":26832},{"Length":128,"Height":209,"Demand":1,"DemandMax":null,"Value":26752},{"Length":187,"Height":143,"Demand":1,"DemandMax":null,"Value":26741},{"Length":191,"Height":140,"Demand":1,"DemandMax":null,"Value":26740},{"Length":175,"Height":152,"Demand":1,"DemandMax":null,"Value":26600},{"Length":178,"Height":149,"Demand":1,"DemandMax":null,"Value":26522},{"Length":154,"Height":172,"Demand":1,"DemandMax":null,"Value":26488},{"Length":103,"Height":257,"Demand":1,"DemandMax":null,"Value":26471},{"Length":234,"Height":113,"Demand":1,"DemandMax":null,"Value":26442},{"Length":182,"Height":145,"Demand":1,"DemandMax":null,"Value":26390},{"Length":156,"Height":169,"Demand":1,"DemandMax":null,"Value":26364},{"Length":118,"Height":223,"Demand":1,"DemandMax":null,"Value":26314},{"Length":221,"Height":119,"Demand":1,"DemandMax":null,"Value":26299},{"Length":181,"Height":145,"Demand":1,"DemandMax":null,"Value":26245},{"Length":166,"Height":158,"Demand":1,"DemandMax":null,"Value":26228},{"Length":226,"Height":116,"Demand":1,"DemandMax":null,"Value":26216},{"Length":141,"Height":185,"Demand":1,"DemandMax":null,"Value":26085},{"Length":123,"Height":212,"Demand":1,"DemandMax":null,"Value":26076},{"Length":105,"Height":248,"Demand":1,"DemandMax":null,"Value":26040},{"Length":104,"Height":250,"Demand":1,"DemandMax":null,"Value":26000},{"Length":113,"Height":230,"Demand":1,"DemandMax":null,"Value":25990},{"Length":191,"Height":136,"Demand":1,"DemandMax":null,"Value":25976},{"Length":144,"Height":180,"Demand":1,"DemandMax":null,"Value":25920},{"Length":103,"Height":250,"Demand":1,"DemandMax":null,"Value":25750},{"Length":195,"Height":132,"Demand":1,"DemandMax":null,"Value":25740},{"Length":252,"Height":102,"Demand":1,"DemandMax":null,"Value":25704},{"Length":190,"Height":135,"Demand":1,"DemandMax":null,"Value":25650},{"Length":144,"Height":178,"Demand":1,"DemandMax":null,"Value":25632},{"Length":105,"Height":244,"Demand":1,"DemandMax":null,"Value":25620},{"Length":175,"Height":146,"Demand":1,"DemandMax":null,"Value":25550},{"Length":129,"Height":198,"Demand":1,"DemandMax":null,"Value":25542},{"Length":100,"Height":255,"Demand":1,"DemandMax":null,"Value":25500},{"Length":106,"Height":240,"Demand":1,"DemandMax":null,"Value":25440},{"Length":183,"Height":139,"Demand":1,"DemandMax":null,"Value":25437},{"Length":116,"Height":219,"Demand":1,"DemandMax":null,"Value":25404},{"Length":226,"Height":112,"Demand":1,"DemandMax":null,"Value":25312},{"Length":177,"Height":143,"Demand":1,"DemandMax":null,"Value":25311},{"Length":247,"Height":102,"Demand":1,"DemandMax":null,"Value":25194},{"Length":195,"Height":129,"Demand":1,"DemandMax":null,"Value":25155},{"Length":138,"Height":182,"Demand":1,"DemandMax":null,"Value":25116},{"Length":102,"Height":246,"Demand":1,"DemandMax":null,"Value":25092},{"Length":121,"Height":207,"Demand":1,"DemandMax":null,"Value":25047},{"Length":208,"Height":120,"Demand":1,"DemandMax":null,"Value":24960},{"Length":216,"Height":115,"Demand":1,"DemandMax":null,"Value":24840},{"Length":124,"Height":200,"Demand":1,"DemandMax":null,"Value":24800},{"Length":165,"Height":150,"Demand":1,"DemandMax":null,"Value":24750},{"Length":231,"Height":107,"Demand":1,"DemandMax":null,"Value":24717},{"Length":159,"Height":155,"Demand":1,"DemandMax":null,"Value":24645},{"Length":163,"Height":151,"Demand":1,"DemandMax":null,"Value":24613},{"Length":190,"Height":129,"Demand":1,"DemandMax":null,"Value":24510},{"Length":156,"Height":156,"Demand":1,"DemandMax":null,"Value":24336},{"Length":175,"Height":139,"Demand":1,"DemandMax":null,"Value":24325},{"Length":106,"Height":229,"Demand":1,"DemandMax":null,"Value":24274},{"Length":109,"Height":222,"Demand":1,"DemandMax":null,"Value":24198},{"Length":193,"Height":125,"Demand":1,"DemandMax":null,"Value":24125},{"Length":187,"Height":129,"Demand":1,"DemandMax":null,"Value":24123},{"Length":120,"Height":201,"Demand":1,"DemandMax":null,"Value":24120},{"Length":166,"Height":145,"Demand":1,"DemandMax":null,"Value":24070},{"Length":185,"Height":129,"Demand":1,"DemandMax":null,"Value":23865},{"Length":145,"Height":164,"Demand":1,"DemandMax":null,"Value":23780},{"Length":212,"Height":112,"Demand":1,"DemandMax":null,"Value":23744},{"Length":208,"Height":114,"Demand":1,"DemandMax":null,"Value":23712},{"Length":160,"Height":148,"Demand":1,"DemandMax":null,"Value":23680},{"Length":223,"Height":106,"Demand":1,"DemandMax":null,"Value":23638},{"Length":101,"Height":233,"Demand":1,"DemandMax":null,"Value":23533},{"Length":174,"Height":135,"Demand":1,"DemandMax":null,"Value":23490},{"Length":121,"Height":194,"Demand":1,"DemandMax":null,"Value":23474},{"Length":201,"Height":116,"Demand":1,"DemandMax":null,"Value":23316},{"Length":188,"Height":124,"Demand":1,"DemandMax":null,"Value":23312},{"Length":114,"Height":204,"Demand":1,"DemandMax":null,"Value":23256},{"Length":171,"Height":136,"Demand":1,"DemandMax":null,"Value":23256},{"Length":106,"Height":219,"Demand":1,"DemandMax":null,"Value":23214},{"Length":116,"Height":200,"Demand":1,"DemandMax":null,"Value":23200},{"Length":187,"Height":124,"Demand":1,"DemandMax":null,"Value":23188},{"Length":134,"Height":173,"Demand":1,"DemandMax":null,"Value":23182},{"Length":107,"Height":215,"Demand":1,"DemandMax":null,"Value":23005},{"Length":111,"Height":207,"Demand":1,"DemandMax":null,"Value":22977},{"Length":188,"Height":122,"Demand":1,"DemandMax":null,"Value":22936},{"Length":129,"Height":177,"Demand":1,"DemandMax":null,"Value":22833},{"Length":120,"Height":190,"Demand":1,"DemandMax":null,"Value":22800},{"Length":106,"Height":215,"Demand":1,"DemandMax":null,"Value":22790},{"Length":194,"Height":117,"Demand":1,"DemandMax":null,"Value":22698},{"Length":124,"Height":183,"Demand":1,"DemandMax":null,"Value":22692},{"Length":158,"Height":143,"Demand":1,"DemandMax":null,"Value":22594},{"Length":154,"Height":146,"Demand":1,"DemandMax":null,"Value":22484},{"Length":117,"Height":192,"Demand":1,"DemandMax":null,"Value":22464},{"Length":187,"Height":120,"Demand":1,"DemandMax":null,"Value":22440},{"Length":115,"Height":195,"Demand":1,"DemandMax":null,"Value":22425},{"Length":118,"Height":190,"Demand":1,"DemandMax":null,"Value":22420},{"Length":138,"Height":162,"Demand":1,"DemandMax":null,"Value":22356},{"Length":103,"Height":217,"Demand":1,"DemandMax":null,"Value":22351},{"Length":117,"Height":191,"Demand":1,"DemandMax":null,"Value":22347},{"Length":108,"Height":206,"Demand":1,"DemandMax":null,"Value":22248},{"Length":102,"Height":218,"Demand":1,"DemandMax":null,"Value":22236},{"Length":111,"Height":200,"Demand":1,"DemandMax":null,"Value":22200},{"Length":147,"Height":151,"Demand":1,"DemandMax":null,"Value":22197},{"Length":176,"Height":126,"Demand":1,"DemandMax":null,"Value":22176},{"Length":156,"Height":142,"Demand":1,"DemandMax":null,"Value":22152},{"Length":164,"Height":135,"Demand":1,"DemandMax":null,"Value":22140},{"Length":137,"Height":161,"Demand":1,"DemandMax":null,"Value":22057},{"Length":142,"Height":155,"Demand":1,"DemandMax":null,"Value":22010},{"Length":167,"Height":131,"Demand":1,"DemandMax":null,"Value":21877},{"Length":103,"Height":212,"Demand":1,"DemandMax":null,"Value":21836},{"Length":185,"Height":118,"Demand":1,"DemandMax":null,"Value":21830},{"Length":109,"Height":200,"Demand":1,"DemandMax":null,"Value":21800},{"Length":187,"Height":116,"Demand":1,"DemandMax":null,"Value":21692},{"Length":195,"Height":111,"Demand":1,"DemandMax":null,"Value":21645},{"Length":141,"Height":153,"Demand":1,"DemandMax":null,"Value":21573},{"Length":119,"Height":181,"Demand":1,"DemandMax":null,"Value":21539},{"Length":157,"Height":137,"Demand":1,"DemandMax":null,"Value":21509},{"Length":135,"Height":158,"Demand":1,"DemandMax":null,"Value":21330},{"Length":130,"Height":164,"Demand":1,"DemandMax":null,"Value":21320},{"Length":107,"Height":199,"Demand":1,"DemandMax":null,"Value":21293},{"Length":165,"Height":129,"Demand":1,"DemandMax":null,"Value":21285},{"Length":171,"Height":124,"Demand":1,"DemandMax":null,"Value":21204},{"Length":152,"Height":139,"Demand":1,"DemandMax":null,"Value":21128},{"Length":128,"Height":165,"Demand":1,"DemandMax":null,"Value":21120},{"Length":205,"Height":103,"Demand":1,"DemandMax":null,"Value":21115},{"Length":131,"Height":161,"Demand":1,"DemandMax":null,"Value":21091},{"Length":126,"Height":167,"Demand":1,"DemandMax":null,"Value":21042},{"Length":171,"Height":123,"Demand":1,"DemandMax":null,"Value":21033},{"Length":186,"Height":113,"Demand":1,"DemandMax":null,"Value":21018},{"Length":122,"Height":172,"Demand":1,"DemandMax":null,"Value":20984},{"Length":184,"Height":114,"Demand":1,"DemandMax":null,"Value":20976},{"Length":160,"Height":131,"Demand":1,"DemandMax":null,"Value":20960},{"Length":135,"Height":155,"Demand":1,"DemandMax":null,"Value":20925},{"Length":104,"Height":201,"Demand":1,"DemandMax":null,"Value":20904},{"Length":124,"Height":168,"Demand":1,"DemandMax":null,"Value":20832},{"Length":126,"Height":165,"Demand":1,"DemandMax":null,"Value":20790},{"Length":154,"Height":135,"Demand":1,"DemandMax":null,"Value":20790},{"Length":147,"Height":141,"Demand":1,"DemandMax":null,"Value":20727},{"Length":106,"Height":195,"Demand":1,"DemandMax":null,"Value":20670},{"Length":150,"Height":137,"Demand":1,"DemandMax":null,"Value":20550},{"Length":185,"Height":110,"Demand":1,"DemandMax":null,"Value":20350},{"Length":175,"Height":116,"Demand":1,"DemandMax":null,"Value":20300},{"Length":120,"Height":169,"Demand":1,"DemandMax":null,"Value":20280},{"Length":184,"Height":110,"Demand":1,"DemandMax":null,"Value":20240},{"Length":164,"Height":123,"Demand":1,"DemandMax":null,"Value":20172},{"Length":135,"Height":149,"Demand":1,"DemandMax":null,"Value":20115},{"Length":102,"Height":197,"Demand":1,"DemandMax":null,"Value":20094},{"Length":121,"Height":166,"Demand":1,"DemandMax":null,"Value":20086},{"Length":146,"Height":137,"Demand":1,"DemandMax":null,"Value":20002},{"Length":121,"Height":165,"Demand":1,"DemandMax":null,"Value":19965},{"Length":178,"Height":112,"Demand":1,"DemandMax":null,"Value":19936},{"Length":148,"Height":133,"Demand":1,"DemandMax":null,"Value":19684},{"Length":161,"Height":122,"Demand":1,"DemandMax":null,"Value":19642},{"Length":124,"Height":158,"Demand":1,"DemandMax":null,"Value":19592},{"Length":120,"Height":163,"Demand":1,"DemandMax":null,"Value":19560},{"Length":150,"Height":130,"Demand":1,"DemandMax":null,"Value":19500},{"Length":124,"Height":157,"Demand":1,"DemandMax":null,"Value":19468},{"Length":188,"Height":103,"Demand":1,"DemandMax":null,"Value":19364},{"Length":176,"Height":110,"Demand":1,"DemandMax":null,"Value":19360},{"Length":124,"Height":156,"Demand":1,"DemandMax":null,"Value":19344},{"Length":115,"Height":168,"Demand":1,"DemandMax":null,"Value":19320},{"Length":169,"Height":114,"Demand":1,"DemandMax":null,"Value":19266},{"Length":100,"Height":191,"Demand":1,"DemandMax":null,"Value":19100},{"Length":139,"Height":136,"Demand":1,"DemandMax":null,"Value":18904},{"Length":102,"Height":185,"Demand":1,"DemandMax":null,"Value":18870},{"Length":174,"Height":108,"Demand":1,"DemandMax":null,"Value":18792},{"Length":122,"Height":154,"Demand":1,"DemandMax":null,"Value":18788},{"Length":118,"Height":159,"Demand":1,"DemandMax":null,"Value":18762},{"Length":169,"Height":111,"Demand":1,"DemandMax":null,"Value":18759},{"Length":165,"Height":113,"Demand":1,"DemandMax":null,"Value":18645},{"Length":184,"Height":101,"Demand":1,"DemandMax":null,"Value":18584},{"Length":102,"Height":182,"Demand":1,"DemandMax":null,"Value":18564},{"Length":123,"Height":150,"Demand":1,"DemandMax":null,"Value":18450},{"Length":175,"Height":105,"Demand":1,"DemandMax":null,"Value":18375},{"Length":122,"Height":150,"Demand":1,"DemandMax":null,"Value":18300},{"Length":100,"Height":183,"Demand":1,"DemandMax":null,"Value":18300},{"Length":165,"Height":109,"Demand":1,"DemandMax":null,"Value":17985},{"Length":118,"Height":150,"Demand":1,"DemandMax":null,"Value":17700},{"Length":158,"Height":112,"Demand":1,"DemandMax":null,"Value":17696},{"Length":163,"Height":108,"Demand":1,"DemandMax":null,"Value":17604},{"Length":137,"Height":128,"Demand":1,"DemandMax":null,"Value":17536},{"Length":142,"Height":123,"Demand":1,"DemandMax":null,"Value":17466},{"Length":119,"Height":146,"Demand":1,"DemandMax":null,"Value":17374},{"Length":170,"Height":102,"Demand":1,"DemandMax":null,"Value":17340},{"Length":115,"Height":150,"Demand":1,"DemandMax":null,"Value":17250},{"Length":172,"Height":100,"Demand":1,"DemandMax":null,"Value":17200},{"Length":122,"Height":140,"Demand":1,"DemandMax":null,"Value":17080},{"Length":162,"Height":105,"Demand":1,"DemandMax":null,"Value":17010},{"Length":139,"Height":122,"Demand":1,"DemandMax":null,"Value":16958},{"Length":135,"Height":125,"Demand":1,"DemandMax":null,"Value":16875},{"Length":168,"Height":100,"Demand":1,"DemandMax":null,"Value":16800},{"Length":100,"Height":164,"Demand":1,"DemandMax":null,"Value":16400},{"Length":130,"Height":124,"Demand":1,"DemandMax":null,"Value":16120},{"Length":106,"Height":152,"Demand":1,"DemandMax":null,"Value":16112},{"Length":100,"Height":161,"Demand":1,"DemandMax":null,"Value":16100},{"Length":146,"Height":110,"Demand":1,"DemandMax":null,"Value":16060},{"Length":146,"Height":109,"Demand":1,"DemandMax":null,"Value":15914},{"Length":137,"Height":115,"Demand":1,"DemandMax":null,"Value":15755},{"Length":114,"Height":138,"Demand":1,"DemandMax":null,"Value":15732},{"Length":139,"Height":113,"Demand":1,"DemandMax":null,"Value":15707},{"Length":109,"Height":144,"Demand":1,"DemandMax":null,"Value":15696},{"Length":141,"Height":111,"Demand":1,"DemandMax":null,"Value":15651},{"Length":110,"Height":142,"Demand":1,"DemandMax":null,"Value":15620},{"Length":104,"Height":150,"Demand":1,"DemandMax":null,"Value":15600},{"Length":150,"Height":103,"Demand":1,"DemandMax":null,"Value":15450},{"Length":118,"Height":129,"Demand":1,"DemandMax":null,"Value":15222},{"Length":105,"Height":143,"Demand":1,"DemandMax":null,"Value":15015},{"Length":120,"Height":125,"Demand":1,"DemandMax":null,"Value":15000},{"Length":148,"Height":101,"Demand":1,"DemandMax":null,"Value":14948},{"Length":149,"Height":100,"Demand":1,"DemandMax":null,"Value":14900},{"Length":127,"Height":117,"Demand":1,"DemandMax":null,"Value":14859},{"Length":134,"Height":110,"Demand":1,"DemandMax":null,"Value":14740},{"Length":147,"Height":100,"Demand":1,"DemandMax":null,"Value":14700},{"Length":137,"Height":105,"Demand":1,"DemandMax":null,"Value":14385},{"Length":132,"Height":108,"Demand":1,"DemandMax":null,"Value":14256},{"Length":117,"Height":120,"Demand":1,"DemandMax":null,"Value":14040},{"Length":104,"Height":135,"Demand":1,"DemandMax":null,"Value":14040},{"Length":128,"Height":108,"Demand":1,"DemandMax":null,"Value":13824},{"Length":126,"Height":109,"Demand":1,"DemandMax":null,"Value":13734},{"Length":121,"Height":113,"Demand":1,"DemandMax":null,"Value":13673},{"Length":117,"Height":115,"Demand":1,"DemandMax":null,"Value":13455},{"Length":104,"Height":129,"Demand":1,"DemandMax":null,"Value":13416},{"Length":124,"Height":108,"Demand":1,"DemandMax":null,"Value":13392},{"Length":104,"Height":124,"Demand":1,"DemandMax":null,"Value":12896},{"Length":118,"Height":109,"Demand":1,"DemandMax":null,"Value":12862},{"Length":126,"Height":101,"Demand":1,"DemandMax":null,"Value":12726},{"Length":104,"Height":118,"Demand":1,"DemandMax":null,"Value":12272},{"Length":102,"Height":120,"Demand":1,"DemandMax":null,"Value":12240},{"Length":117,"Height":104,"Demand":1,"DemandMax":null,"Value":12168},{"Length":109,"Height":109,"Demand":1,"DemandMax":null,"Value":11881},{"Length":105,"Height":106,"Demand":1,"DemandMax":null,"Value":11130},{"Length":101,"Height":101,"Demand":1,"DemandMax":null,"Value":10201}]}