{"Name":"AH53","Objects":[{"Length":1000,"Height":51410,"Stock":null,"Cost":51410000}],"Items":[{"Length":372,"Height":270,"Demand":100,"DemandMax":null,"Value":100440},{"Length":341,"Height":242,"Demand":100,"DemandMax":null,"Value":82522},{"Length":347,"Height":236,"Demand":100,"DemandMax":null,"Value":81892},{"Length":270,"Height":274,"Demand":100,"DemandMax":null,"Value":73980},{"Length":342,"Height":182,"Demand":100,"DemandMax":null,"Value":62244},{"Length":162,"Height":251,"Demand":100,"DemandMax":null,"Value":40662},{"Length":239,"Height":151,"Demand":100,"DemandMax":null,"Value":36089},{"Length":151,"Height":177,"Demand":100,"DemandMax":null,"Value":26727},{"Length":33,"Height":164,"Demand":100,"DemandMax":null,"Value":5412},{"Length":25,"Height":165,"Demand":100,"DemandMax":null,"Value":4125}]}