{"Name":"AH65","Objects":[{"Length":1000,"Height":2705,"Stock":null,"Cost":2705000}],"Items":[{"Length":63,"Height":66,"Demand":100,"DemandMax":null,"Value":4158},{"Length":71,"Height":55,"Demand":100,"DemandMax":null,"Value":3905},{"Length":60,"Height":58,"Demand":100,"DemandMax":null,"Value":3480},{"Length":48,"Height":70,"Demand":100,"DemandMax":null,"Value":3360},{"Length":38,"Height":55,"Demand":100,"DemandMax":null,"Value":2090},{"Length":45,"Height":46,"Demand":100,"DemandMax":null,"Value":2070},{"Length":32,"Height":64,"Demand":100,"DemandMax":null,"Value":2048},{"Length":32,"Height":63,"Demand":100,"DemandMax":null,"Value":2016},{"Length":50,"Height":40,"Demand":100,"DemandMax":null,"Value":2000},{"Length":33,"Height":58,"Demand":100,"DemandMax":null,"Value":1914}]}