{"Name":"AH302","Objects":[{"Length":1000,"Height":2512,"Stock":null,"Cost":2512000}],"Items":[{"Length":75,"Height":75,"Demand":1,"DemandMax":null,"Value":5625},{"Length":73,"Height":74,"Demand":1,"DemandMax":null,"Value":5402},{"Length":73,"Height":73,"Demand":1,"DemandMax":null,"Value":5329},{"Length":74,"Height":72,"Demand":1,"DemandMax":null,"Value":5328},{"Length":71,"Height":75,"Demand":1,"DemandMax":null,"Value":5325},{"Length":73,"Height":72,"Demand":1,"DemandMax":null,"Value":5256},{"Length":74,"Height":71,"Demand":1,"DemandMax":null,"Value":5254},{"Length":70,"Height":75,"Demand":1,"DemandMax":null,"Value":5250},{"Length":70,"Height":74,"Demand":1,"DemandMax":null,"Value":5180},{"Length":71,"Height":72,"Demand":1,"DemandMax":null,"Value":5112},{"Length":74,"Height":69,"Demand":1,"DemandMax":null,"Value":5106},{"Length":75,"Height":68,"Demand":1,"DemandMax":null,"Value":5100},{"Length":71,"Height":71,"Demand":1,"DemandMax":null,"Value":5041},{"Length":72,"Height":70,"Demand":1,"DemandMax":null,"Value":5040},{"Length":69,"Height":73,"Demand":1,"DemandMax":null,"Value":5037},{"Length":68,"Height":74,"Demand":1,"DemandMax":null,"Value":5032},{"Length":71,"Height":70,"Demand":1,"DemandMax":null,"Value":4970},{"Length":67,"Height":74,"Demand":1,"DemandMax":null,"Value":4958},{"Length":66,"Height":75,"Demand":1,"DemandMax":null,"Value":4950},{"Length":70,"Height":70,"Demand":1,"DemandMax":null,"Value":4900},{"Length":69,"Height":71,"Demand":1,"DemandMax":null,"Value":4899},{"Length":68,"Height":72,"Demand":1,"DemandMax":null,"Value":4896},{"Length":73,"Height":67,"Demand":1,"DemandMax":null,"Value":4891},{"Length":74,"Height":66,"Demand":1,"DemandMax":null,"Value":4884},{"Length":69,"Height":70,"Demand":1,"DemandMax":null,"Value":4830},{"Length":71,"Height":68,"Demand":1,"DemandMax":null,"Value":4828},{"Length":66,"Height":73,"Demand":1,"DemandMax":null,"Value":4818},{"Length":74,"Height":65,"Demand":1,"DemandMax":null,"Value":4810},{"Length":64,"Height":75,"Demand":1,"DemandMax":null,"Value":4800},{"Length":69,"Height":69,"Demand":1,"DemandMax":null,"Value":4761},{"Length":70,"Height":68,"Demand":1,"DemandMax":null,"Value":4760},{"Length":65,"Height":73,"Demand":1,"DemandMax":null,"Value":4745},{"Length":63,"Height":75,"Demand":1,"DemandMax":null,"Value":4725},{"Length":67,"Height":70,"Demand":1,"DemandMax":null,"Value":4690},{"Length":71,"Height":66,"Demand":1,"DemandMax":null,"Value":4686},{"Length":65,"Height":72,"Demand":1,"DemandMax":null,"Value":4680},{"Length":73,"Height":64,"Demand":1,"DemandMax":null,"Value":4672},{"Length":63,"Height":74,"Demand":1,"DemandMax":null,"Value":4662},{"Length":75,"Height":62,"Demand":1,"DemandMax":null,"Value":4650},{"Length":68,"Height":68,"Demand":1,"DemandMax":null,"Value":4624},{"Length":70,"Height":66,"Demand":1,"DemandMax":null,"Value":4620},{"Length":71,"Height":65,"Demand":1,"DemandMax":null,"Value":4615},{"Length":72,"Height":64,"Demand":1,"DemandMax":null,"Value":4608},{"Length":63,"Height":73,"Demand":1,"DemandMax":null,"Value":4599},{"Length":62,"Height":74,"Demand":1,"DemandMax":null,"Value":4588},{"Length":61,"Height":75,"Demand":1,"DemandMax":null,"Value":4575},{"Length":69,"Height":66,"Demand":1,"DemandMax":null,"Value":4554},{"Length":70,"Height":65,"Demand":1,"DemandMax":null,"Value":4550},{"Length":72,"Height":63,"Demand":1,"DemandMax":null,"Value":4536},{"Length":62,"Height":73,"Demand":1,"DemandMax":null,"Value":4526},{"Length":74,"Height":61,"Demand":1,"DemandMax":null,"Value":4514},{"Length":60,"Height":75,"Demand":1,"DemandMax":null,"Value":4500},{"Length":66,"Height":68,"Demand":1,"DemandMax":null,"Value":4488},{"Length":69,"Height":65,"Demand":1,"DemandMax":null,"Value":4485},{"Length":70,"Height":64,"Demand":1,"DemandMax":null,"Value":4480},{"Length":63,"Height":71,"Demand":1,"DemandMax":null,"Value":4473},{"Length":62,"Height":72,"Demand":1,"DemandMax":null,"Value":4464},{"Length":75,"Height":59,"Demand":1,"DemandMax":null,"Value":4425},{"Length":67,"Height":66,"Demand":1,"DemandMax":null,"Value":4422},{"Length":68,"Height":65,"Demand":1,"DemandMax":null,"Value":4420},{"Length":69,"Height":64,"Demand":1,"DemandMax":null,"Value":4416},{"Length":70,"Height":63,"Demand":1,"DemandMax":null,"Value":4410},{"Length":62,"Height":71,"Demand":1,"DemandMax":null,"Value":4402},{"Length":72,"Height":61,"Demand":1,"DemandMax":null,"Value":4392},{"Length":73,"Height":60,"Demand":1,"DemandMax":null,"Value":4380},{"Length":74,"Height":59,"Demand":1,"DemandMax":null,"Value":4366},{"Length":67,"Height":65,"Demand":1,"DemandMax":null,"Value":4355},{"Length":64,"Height":68,"Demand":1,"DemandMax":null,"Value":4352},{"Length":58,"Height":75,"Demand":1,"DemandMax":null,"Value":4350},{"Length":69,"Height":63,"Demand":1,"DemandMax":null,"Value":4347},{"Length":62,"Height":70,"Demand":1,"DemandMax":null,"Value":4340},{"Length":71,"Height":61,"Demand":1,"DemandMax":null,"Value":4331},{"Length":73,"Height":59,"Demand":1,"DemandMax":null,"Value":4307},{"Length":74,"Height":58,"Demand":1,"DemandMax":null,"Value":4292},{"Length":66,"Height":65,"Demand":1,"DemandMax":null,"Value":4290},{"Length":64,"Height":67,"Demand":1,"DemandMax":null,"Value":4288},{"Length":68,"Height":63,"Demand":1,"DemandMax":null,"Value":4284},{"Length":57,"Height":75,"Demand":1,"DemandMax":null,"Value":4275},{"Length":70,"Height":61,"Demand":1,"DemandMax":null,"Value":4270},{"Length":71,"Height":60,"Demand":1,"DemandMax":null,"Value":4260},{"Length":59,"Height":72,"Demand":1,"DemandMax":null,"Value":4248},{"Length":65,"Height":65,"Demand":1,"DemandMax":null,"Value":4225},{"Length":57,"Height":74,"Demand":1,"DemandMax":null,"Value":4218},{"Length":61,"Height":69,"Demand":1,"DemandMax":null,"Value":4209},{"Length":60,"Height":70,"Demand":1,"DemandMax":null,"Value":4200},{"Length":75,"Height":56,"Demand":1,"DemandMax":null,"Value":4200},{"Length":59,"Height":71,"Demand":1,"DemandMax":null,"Value":4189},{"Length":72,"Height":58,"Demand":1,"DemandMax":null,"Value":4176},{"Length":73,"Height":57,"Demand":1,"DemandMax":null,"Value":4161},{"Length":65,"Height":64,"Demand":1,"DemandMax":null,"Value":4160},{"Length":66,"Height":63,"Demand":1,"DemandMax":null,"Value":4158},{"Length":68,"Height":61,"Demand":1,"DemandMax":null,"Value":4148},{"Length":74,"Height":56,"Demand":1,"DemandMax":null,"Value":4144},{"Length":59,"Height":70,"Demand":1,"DemandMax":null,"Value":4130},{"Length":71,"Height":58,"Demand":1,"DemandMax":null,"Value":4118},{"Length":72,"Height":57,"Demand":1,"DemandMax":null,"Value":4104},{"Length":64,"Height":64,"Demand":1,"DemandMax":null,"Value":4096},{"Length":63,"Height":65,"Demand":1,"DemandMax":null,"Value":4095},{"Length":62,"Height":66,"Demand":1,"DemandMax":null,"Value":4092},{"Length":73,"Height":56,"Demand":1,"DemandMax":null,"Value":4088},{"Length":59,"Height":69,"Demand":1,"DemandMax":null,"Value":4071},{"Length":58,"Height":70,"Demand":1,"DemandMax":null,"Value":4060},{"Length":75,"Height":54,"Demand":1,"DemandMax":null,"Value":4050},{"Length":71,"Height":57,"Demand":1,"DemandMax":null,"Value":4047},{"Length":72,"Height":56,"Demand":1,"DemandMax":null,"Value":4032},{"Length":63,"Height":64,"Demand":1,"DemandMax":null,"Value":4032},{"Length":62,"Height":65,"Demand":1,"DemandMax":null,"Value":4030},{"Length":61,"Height":66,"Demand":1,"DemandMax":null,"Value":4026},{"Length":73,"Height":55,"Demand":1,"DemandMax":null,"Value":4015},{"Length":68,"Height":59,"Demand":1,"DemandMax":null,"Value":4012},{"Length":58,"Height":69,"Demand":1,"DemandMax":null,"Value":4002},{"Length":54,"Height":74,"Demand":1,"DemandMax":null,"Value":3996},{"Length":70,"Height":57,"Demand":1,"DemandMax":null,"Value":3990},{"Length":56,"Height":71,"Demand":1,"DemandMax":null,"Value":3976},{"Length":53,"Height":75,"Demand":1,"DemandMax":null,"Value":3975},{"Length":63,"Height":63,"Demand":1,"DemandMax":null,"Value":3969},{"Length":64,"Height":62,"Demand":1,"DemandMax":null,"Value":3968},{"Length":61,"Height":65,"Demand":1,"DemandMax":null,"Value":3965},{"Length":55,"Height":72,"Demand":1,"DemandMax":null,"Value":3960},{"Length":60,"Height":66,"Demand":1,"DemandMax":null,"Value":3960},{"Length":59,"Height":67,"Demand":1,"DemandMax":null,"Value":3953},{"Length":68,"Height":58,"Demand":1,"DemandMax":null,"Value":3944},{"Length":54,"Height":73,"Demand":1,"DemandMax":null,"Value":3942},{"Length":70,"Height":56,"Demand":1,"DemandMax":null,"Value":3920},{"Length":62,"Height":63,"Demand":1,"DemandMax":null,"Value":3906},{"Length":55,"Height":71,"Demand":1,"DemandMax":null,"Value":3905},{"Length":65,"Height":60,"Demand":1,"DemandMax":null,"Value":3900},{"Length":52,"Height":75,"Demand":1,"DemandMax":null,"Value":3900},{"Length":54,"Height":72,"Demand":1,"DemandMax":null,"Value":3888},{"Length":67,"Height":58,"Demand":1,"DemandMax":null,"Value":3886},{"Length":68,"Height":57,"Demand":1,"DemandMax":null,"Value":3876},{"Length":73,"Height":53,"Demand":1,"DemandMax":null,"Value":3869},{"Length":56,"Height":69,"Demand":1,"DemandMax":null,"Value":3864},{"Length":70,"Height":55,"Demand":1,"DemandMax":null,"Value":3850},{"Length":74,"Height":52,"Demand":1,"DemandMax":null,"Value":3848},{"Length":63,"Height":61,"Demand":1,"DemandMax":null,"Value":3843},{"Length":64,"Height":60,"Demand":1,"DemandMax":null,"Value":3840},{"Length":71,"Height":54,"Demand":1,"DemandMax":null,"Value":3834},{"Length":58,"Height":66,"Demand":1,"DemandMax":null,"Value":3828},{"Length":51,"Height":75,"Demand":1,"DemandMax":null,"Value":3825},{"Length":67,"Height":57,"Demand":1,"DemandMax":null,"Value":3819},{"Length":53,"Height":72,"Demand":1,"DemandMax":null,"Value":3816},{"Length":73,"Height":52,"Demand":1,"DemandMax":null,"Value":3796},{"Length":55,"Height":69,"Demand":1,"DemandMax":null,"Value":3795},{"Length":63,"Height":60,"Demand":1,"DemandMax":null,"Value":3780},{"Length":70,"Height":54,"Demand":1,"DemandMax":null,"Value":3780},{"Length":74,"Height":51,"Demand":1,"DemandMax":null,"Value":3774},{"Length":65,"Height":58,"Demand":1,"DemandMax":null,"Value":3770},{"Length":71,"Height":53,"Demand":1,"DemandMax":null,"Value":3763},{"Length":66,"Height":57,"Demand":1,"DemandMax":null,"Value":3762},{"Length":67,"Height":56,"Demand":1,"DemandMax":null,"Value":3752},{"Length":75,"Height":50,"Demand":1,"DemandMax":null,"Value":3750},{"Length":52,"Height":72,"Demand":1,"DemandMax":null,"Value":3744},{"Length":55,"Height":68,"Demand":1,"DemandMax":null,"Value":3740},{"Length":69,"Height":54,"Demand":1,"DemandMax":null,"Value":3726},{"Length":51,"Height":73,"Demand":1,"DemandMax":null,"Value":3723},{"Length":61,"Height":61,"Demand":1,"DemandMax":null,"Value":3721},{"Length":63,"Height":59,"Demand":1,"DemandMax":null,"Value":3717},{"Length":58,"Height":64,"Demand":1,"DemandMax":null,"Value":3712},{"Length":53,"Height":70,"Demand":1,"DemandMax":null,"Value":3710},{"Length":57,"Height":65,"Demand":1,"DemandMax":null,"Value":3705},{"Length":74,"Height":50,"Demand":1,"DemandMax":null,"Value":3700},{"Length":52,"Height":71,"Demand":1,"DemandMax":null,"Value":3692},{"Length":67,"Height":55,"Demand":1,"DemandMax":null,"Value":3685},{"Length":49,"Height":75,"Demand":1,"DemandMax":null,"Value":3675},{"Length":54,"Height":68,"Demand":1,"DemandMax":null,"Value":3672},{"Length":72,"Height":51,"Demand":1,"DemandMax":null,"Value":3672},{"Length":61,"Height":60,"Demand":1,"DemandMax":null,"Value":3660},{"Length":59,"Height":62,"Demand":1,"DemandMax":null,"Value":3658},{"Length":58,"Height":63,"Demand":1,"DemandMax":null,"Value":3654},{"Length":50,"Height":73,"Demand":1,"DemandMax":null,"Value":3650},{"Length":56,"Height":65,"Demand":1,"DemandMax":null,"Value":3640},{"Length":70,"Height":52,"Demand":1,"DemandMax":null,"Value":3640},{"Length":55,"Height":66,"Demand":1,"DemandMax":null,"Value":3630},{"Length":49,"Height":74,"Demand":1,"DemandMax":null,"Value":3626},{"Length":54,"Height":67,"Demand":1,"DemandMax":null,"Value":3618},{"Length":53,"Height":68,"Demand":1,"DemandMax":null,"Value":3604},{"Length":60,"Height":60,"Demand":1,"DemandMax":null,"Value":3600},{"Length":75,"Height":48,"Demand":1,"DemandMax":null,"Value":3600},{"Length":59,"Height":61,"Demand":1,"DemandMax":null,"Value":3599},{"Length":58,"Height":62,"Demand":1,"DemandMax":null,"Value":3596},{"Length":63,"Height":57,"Demand":1,"DemandMax":null,"Value":3591},{"Length":69,"Height":52,"Demand":1,"DemandMax":null,"Value":3588},{"Length":56,"Height":64,"Demand":1,"DemandMax":null,"Value":3584},{"Length":49,"Height":73,"Demand":1,"DemandMax":null,"Value":3577},{"Length":65,"Height":55,"Demand":1,"DemandMax":null,"Value":3575},{"Length":51,"Height":70,"Demand":1,"DemandMax":null,"Value":3570},{"Length":54,"Height":66,"Demand":1,"DemandMax":null,"Value":3564},{"Length":74,"Height":48,"Demand":1,"DemandMax":null,"Value":3552},{"Length":67,"Height":53,"Demand":1,"DemandMax":null,"Value":3551},{"Length":60,"Height":59,"Demand":1,"DemandMax":null,"Value":3540},{"Length":58,"Height":61,"Demand":1,"DemandMax":null,"Value":3538},{"Length":68,"Height":52,"Demand":1,"DemandMax":null,"Value":3536},{"Length":62,"Height":57,"Demand":1,"DemandMax":null,"Value":3534},{"Length":49,"Height":72,"Demand":1,"DemandMax":null,"Value":3528},{"Length":56,"Height":63,"Demand":1,"DemandMax":null,"Value":3528},{"Length":64,"Height":55,"Demand":1,"DemandMax":null,"Value":3520},{"Length":69,"Height":51,"Demand":1,"DemandMax":null,"Value":3519},{"Length":54,"Height":65,"Demand":1,"DemandMax":null,"Value":3510},{"Length":70,"Height":50,"Demand":1,"DemandMax":null,"Value":3500},{"Length":53,"Height":66,"Demand":1,"DemandMax":null,"Value":3498},{"Length":67,"Height":52,"Demand":1,"DemandMax":null,"Value":3484},{"Length":59,"Height":59,"Demand":1,"DemandMax":null,"Value":3481},{"Length":60,"Height":58,"Demand":1,"DemandMax":null,"Value":3480},{"Length":47,"Height":74,"Demand":1,"DemandMax":null,"Value":3478},{"Length":61,"Height":57,"Demand":1,"DemandMax":null,"Value":3477},{"Length":62,"Height":56,"Demand":1,"DemandMax":null,"Value":3472},{"Length":51,"Height":68,"Demand":1,"DemandMax":null,"Value":3468},{"Length":64,"Height":54,"Demand":1,"DemandMax":null,"Value":3456},{"Length":75,"Height":46,"Demand":1,"DemandMax":null,"Value":3450},{"Length":50,"Height":69,"Demand":1,"DemandMax":null,"Value":3450},{"Length":66,"Height":52,"Demand":1,"DemandMax":null,"Value":3432},{"Length":73,"Height":47,"Demand":1,"DemandMax":null,"Value":3431},{"Length":58,"Height":59,"Demand":1,"DemandMax":null,"Value":3422},{"Length":57,"Height":60,"Demand":1,"DemandMax":null,"Value":3420},{"Length":51,"Height":67,"Demand":1,"DemandMax":null,"Value":3417},{"Length":61,"Height":56,"Demand":1,"DemandMax":null,"Value":3416},{"Length":62,"Height":55,"Demand":1,"DemandMax":null,"Value":3410},{"Length":48,"Height":71,"Demand":1,"DemandMax":null,"Value":3408},{"Length":46,"Height":74,"Demand":1,"DemandMax":null,"Value":3404},{"Length":50,"Height":68,"Demand":1,"DemandMax":null,"Value":3400},{"Length":64,"Height":53,"Demand":1,"DemandMax":null,"Value":3392},{"Length":47,"Height":72,"Demand":1,"DemandMax":null,"Value":3384},{"Length":65,"Height":52,"Demand":1,"DemandMax":null,"Value":3380},{"Length":45,"Height":75,"Demand":1,"DemandMax":null,"Value":3375},{"Length":57,"Height":59,"Demand":1,"DemandMax":null,"Value":3363},{"Length":48,"Height":70,"Demand":1,"DemandMax":null,"Value":3360},{"Length":56,"Height":60,"Demand":1,"DemandMax":null,"Value":3360},{"Length":61,"Height":55,"Demand":1,"DemandMax":null,"Value":3355},{"Length":50,"Height":67,"Demand":1,"DemandMax":null,"Value":3350},{"Length":54,"Height":62,"Demand":1,"DemandMax":null,"Value":3348},{"Length":47,"Height":71,"Demand":1,"DemandMax":null,"Value":3337},{"Length":49,"Height":68,"Demand":1,"DemandMax":null,"Value":3332},{"Length":64,"Height":52,"Demand":1,"DemandMax":null,"Value":3328},{"Length":46,"Height":72,"Demand":1,"DemandMax":null,"Value":3312},{"Length":58,"Height":57,"Demand":1,"DemandMax":null,"Value":3306},{"Length":59,"Height":56,"Demand":1,"DemandMax":null,"Value":3304},{"Length":66,"Height":50,"Demand":1,"DemandMax":null,"Value":3300},{"Length":44,"Height":75,"Demand":1,"DemandMax":null,"Value":3300},{"Length":60,"Height":55,"Demand":1,"DemandMax":null,"Value":3300},{"Length":54,"Height":61,"Demand":1,"DemandMax":null,"Value":3294},{"Length":47,"Height":70,"Demand":1,"DemandMax":null,"Value":3290},{"Length":53,"Height":62,"Demand":1,"DemandMax":null,"Value":3286},{"Length":45,"Height":73,"Demand":1,"DemandMax":null,"Value":3285},{"Length":63,"Height":52,"Demand":1,"DemandMax":null,"Value":3276},{"Length":68,"Height":48,"Demand":1,"DemandMax":null,"Value":3264},{"Length":74,"Height":44,"Demand":1,"DemandMax":null,"Value":3256},{"Length":65,"Height":50,"Demand":1,"DemandMax":null,"Value":3250},{"Length":58,"Height":56,"Demand":1,"DemandMax":null,"Value":3248},{"Length":69,"Height":47,"Demand":1,"DemandMax":null,"Value":3243},{"Length":72,"Height":45,"Demand":1,"DemandMax":null,"Value":3240},{"Length":60,"Height":54,"Demand":1,"DemandMax":null,"Value":3240},{"Length":49,"Height":66,"Demand":1,"DemandMax":null,"Value":3234},{"Length":53,"Height":61,"Demand":1,"DemandMax":null,"Value":3233},{"Length":62,"Height":52,"Demand":1,"DemandMax":null,"Value":3224},{"Length":70,"Height":46,"Demand":1,"DemandMax":null,"Value":3220},{"Length":48,"Height":67,"Demand":1,"DemandMax":null,"Value":3216},{"Length":51,"Height":63,"Demand":1,"DemandMax":null,"Value":3213},{"Length":50,"Height":64,"Demand":1,"DemandMax":null,"Value":3200},{"Length":68,"Height":47,"Demand":1,"DemandMax":null,"Value":3196},{"Length":71,"Height":45,"Demand":1,"DemandMax":null,"Value":3195},{"Length":56,"Height":57,"Demand":1,"DemandMax":null,"Value":3192},{"Length":55,"Height":58,"Demand":1,"DemandMax":null,"Value":3190},{"Length":59,"Height":54,"Demand":1,"DemandMax":null,"Value":3186},{"Length":65,"Height":49,"Demand":1,"DemandMax":null,"Value":3185},{"Length":60,"Height":53,"Demand":1,"DemandMax":null,"Value":3180},{"Length":46,"Height":69,"Demand":1,"DemandMax":null,"Value":3174},{"Length":52,"Height":61,"Demand":1,"DemandMax":null,"Value":3172},{"Length":72,"Height":44,"Demand":1,"DemandMax":null,"Value":3168},{"Length":62,"Height":51,"Demand":1,"DemandMax":null,"Value":3162},{"Length":70,"Height":45,"Demand":1,"DemandMax":null,"Value":3150},{"Length":75,"Height":42,"Demand":1,"DemandMax":null,"Value":3150},{"Length":73,"Height":43,"Demand":1,"DemandMax":null,"Value":3139},{"Length":55,"Height":57,"Demand":1,"DemandMax":null,"Value":3135},{"Length":58,"Height":54,"Demand":1,"DemandMax":null,"Value":3132},{"Length":68,"Height":46,"Demand":1,"DemandMax":null,"Value":3128},{"Length":53,"Height":59,"Demand":1,"DemandMax":null,"Value":3127},{"Length":71,"Height":44,"Demand":1,"DemandMax":null,"Value":3124},{"Length":52,"Height":60,"Demand":1,"DemandMax":null,"Value":3120},{"Length":65,"Height":48,"Demand":1,"DemandMax":null,"Value":3120},{"Length":61,"Height":51,"Demand":1,"DemandMax":null,"Value":3111},{"Length":74,"Height":42,"Demand":1,"DemandMax":null,"Value":3108},{"Length":47,"Height":66,"Demand":1,"DemandMax":null,"Value":3102},{"Length":50,"Height":62,"Demand":1,"DemandMax":null,"Value":3100},{"Length":43,"Height":72,"Demand":1,"DemandMax":null,"Value":3096},{"Length":63,"Height":49,"Demand":1,"DemandMax":null,"Value":3087},{"Length":46,"Height":67,"Demand":1,"DemandMax":null,"Value":3082},{"Length":55,"Height":56,"Demand":1,"DemandMax":null,"Value":3080},{"Length":57,"Height":54,"Demand":1,"DemandMax":null,"Value":3078},{"Length":75,"Height":41,"Demand":1,"DemandMax":null,"Value":3075},{"Length":52,"Height":59,"Demand":1,"DemandMax":null,"Value":3068},{"Length":73,"Height":42,"Demand":1,"DemandMax":null,"Value":3066},{"Length":68,"Height":45,"Demand":1,"DemandMax":null,"Value":3060},{"Length":47,"Height":65,"Demand":1,"DemandMax":null,"Value":3055},{"Length":61,"Height":50,"Demand":1,"DemandMax":null,"Value":3050},{"Length":44,"Height":69,"Demand":1,"DemandMax":null,"Value":3036},{"Length":55,"Height":55,"Demand":1,"DemandMax":null,"Value":3025},{"Length":56,"Height":54,"Demand":1,"DemandMax":null,"Value":3024},{"Length":42,"Height":72,"Demand":1,"DemandMax":null,"Value":3024},{"Length":63,"Height":48,"Demand":1,"DemandMax":null,"Value":3024},{"Length":57,"Height":53,"Demand":1,"DemandMax":null,"Value":3021},{"Length":52,"Height":58,"Demand":1,"DemandMax":null,"Value":3016},{"Length":43,"Height":70,"Demand":1,"DemandMax":null,"Value":3010},{"Length":47,"Height":64,"Demand":1,"DemandMax":null,"Value":3008},{"Length":60,"Height":50,"Demand":1,"DemandMax":null,"Value":3000},{"Length":40,"Height":75,"Demand":1,"DemandMax":null,"Value":3000},{"Length":73,"Height":41,"Demand":1,"DemandMax":null,"Value":2993},{"Length":65,"Height":46,"Demand":1,"DemandMax":null,"Value":2990},{"Length":42,"Height":71,"Demand":1,"DemandMax":null,"Value":2982},{"Length":48,"Height":62,"Demand":1,"DemandMax":null,"Value":2976},{"Length":54,"Height":55,"Demand":1,"DemandMax":null,"Value":2970},{"Length":66,"Height":45,"Demand":1,"DemandMax":null,"Value":2970},{"Length":53,"Height":56,"Demand":1,"DemandMax":null,"Value":2968},{"Length":69,"Height":43,"Demand":1,"DemandMax":null,"Value":2967},{"Length":57,"Height":52,"Demand":1,"DemandMax":null,"Value":2964},{"Length":63,"Height":47,"Demand":1,"DemandMax":null,"Value":2961},{"Length":40,"Height":74,"Demand":1,"DemandMax":null,"Value":2960},{"Length":58,"Height":51,"Demand":1,"DemandMax":null,"Value":2958},{"Length":59,"Height":50,"Demand":1,"DemandMax":null,"Value":2950},{"Length":67,"Height":44,"Demand":1,"DemandMax":null,"Value":2948},{"Length":46,"Height":64,"Demand":1,"DemandMax":null,"Value":2944},{"Length":42,"Height":70,"Demand":1,"DemandMax":null,"Value":2940},{"Length":60,"Height":49,"Demand":1,"DemandMax":null,"Value":2940},{"Length":61,"Height":48,"Demand":1,"DemandMax":null,"Value":2928},{"Length":39,"Height":75,"Demand":1,"DemandMax":null,"Value":2925},{"Length":68,"Height":43,"Demand":1,"DemandMax":null,"Value":2924},{"Length":54,"Height":54,"Demand":1,"DemandMax":null,"Value":2916},{"Length":55,"Height":53,"Demand":1,"DemandMax":null,"Value":2915},{"Length":71,"Height":41,"Demand":1,"DemandMax":null,"Value":2911},{"Length":57,"Height":51,"Demand":1,"DemandMax":null,"Value":2907},{"Length":58,"Height":50,"Demand":1,"DemandMax":null,"Value":2900},{"Length":46,"Height":63,"Demand":1,"DemandMax":null,"Value":2898},{"Length":49,"Height":59,"Demand":1,"DemandMax":null,"Value":2891},{"Length":67,"Height":43,"Demand":1,"DemandMax":null,"Value":2881},{"Length":72,"Height":40,"Demand":1,"DemandMax":null,"Value":2880},{"Length":70,"Height":41,"Demand":1,"DemandMax":null,"Value":2870},{"Length":61,"Height":47,"Demand":1,"DemandMax":null,"Value":2867},{"Length":54,"Height":53,"Demand":1,"DemandMax":null,"Value":2862},{"Length":52,"Height":55,"Demand":1,"DemandMax":null,"Value":2860},{"Length":44,"Height":65,"Demand":1,"DemandMax":null,"Value":2860},{"Length":51,"Height":56,"Demand":1,"DemandMax":null,"Value":2856},{"Length":46,"Height":62,"Demand":1,"DemandMax":null,"Value":2852},{"Length":75,"Height":38,"Demand":1,"DemandMax":null,"Value":2850},{"Length":50,"Height":57,"Demand":1,"DemandMax":null,"Value":2850},{"Length":73,"Height":39,"Demand":1,"DemandMax":null,"Value":2847},{"Length":49,"Height":58,"Demand":1,"DemandMax":null,"Value":2842},{"Length":71,"Height":40,"Demand":1,"DemandMax":null,"Value":2840},{"Length":43,"Height":66,"Demand":1,"DemandMax":null,"Value":2838},{"Length":59,"Height":48,"Demand":1,"DemandMax":null,"Value":2832},{"Length":42,"Height":67,"Demand":1,"DemandMax":null,"Value":2814},{"Length":53,"Height":53,"Demand":1,"DemandMax":null,"Value":2809},{"Length":52,"Height":54,"Demand":1,"DemandMax":null,"Value":2808},{"Length":61,"Height":46,"Demand":1,"DemandMax":null,"Value":2806},{"Length":51,"Height":55,"Demand":1,"DemandMax":null,"Value":2805},{"Length":40,"Height":70,"Demand":1,"DemandMax":null,"Value":2800},{"Length":50,"Height":56,"Demand":1,"DemandMax":null,"Value":2800},{"Length":65,"Height":43,"Demand":1,"DemandMax":null,"Value":2795},{"Length":62,"Height":45,"Demand":1,"DemandMax":null,"Value":2790},{"Length":68,"Height":41,"Demand":1,"DemandMax":null,"Value":2788},{"Length":48,"Height":58,"Demand":1,"DemandMax":null,"Value":2784},{"Length":75,"Height":37,"Demand":1,"DemandMax":null,"Value":2775},{"Length":38,"Height":73,"Demand":1,"DemandMax":null,"Value":2774},{"Length":47,"Height":59,"Demand":1,"DemandMax":null,"Value":2773},{"Length":66,"Height":42,"Demand":1,"DemandMax":null,"Value":2772},{"Length":71,"Height":39,"Demand":1,"DemandMax":null,"Value":2769},{"Length":69,"Height":40,"Demand":1,"DemandMax":null,"Value":2760},{"Length":46,"Height":60,"Demand":1,"DemandMax":null,"Value":2760},{"Length":41,"Height":67,"Demand":1,"DemandMax":null,"Value":2747},{"Length":61,"Height":45,"Demand":1,"DemandMax":null,"Value":2745},{"Length":56,"Height":49,"Demand":1,"DemandMax":null,"Value":2744},{"Length":74,"Height":37,"Demand":1,"DemandMax":null,"Value":2738},{"Length":48,"Height":57,"Demand":1,"DemandMax":null,"Value":2736},{"Length":42,"Height":65,"Demand":1,"DemandMax":null,"Value":2730},{"Length":39,"Height":70,"Demand":1,"DemandMax":null,"Value":2730},{"Length":44,"Height":62,"Demand":1,"DemandMax":null,"Value":2728},{"Length":47,"Height":58,"Demand":1,"DemandMax":null,"Value":2726},{"Length":59,"Height":46,"Demand":1,"DemandMax":null,"Value":2714},{"Length":63,"Height":43,"Demand":1,"DemandMax":null,"Value":2709},{"Length":41,"Height":66,"Demand":1,"DemandMax":null,"Value":2706},{"Length":52,"Height":52,"Demand":1,"DemandMax":null,"Value":2704},{"Length":54,"Height":50,"Demand":1,"DemandMax":null,"Value":2700},{"Length":36,"Height":75,"Demand":1,"DemandMax":null,"Value":2700},{"Length":71,"Height":38,"Demand":1,"DemandMax":null,"Value":2698},{"Length":55,"Height":49,"Demand":1,"DemandMax":null,"Value":2695},{"Length":39,"Height":69,"Demand":1,"DemandMax":null,"Value":2691},{"Length":42,"Height":64,"Demand":1,"DemandMax":null,"Value":2688},{"Length":61,"Height":44,"Demand":1,"DemandMax":null,"Value":2684},{"Length":47,"Height":57,"Demand":1,"DemandMax":null,"Value":2679},{"Length":58,"Height":46,"Demand":1,"DemandMax":null,"Value":2668},{"Length":62,"Height":43,"Demand":1,"DemandMax":null,"Value":2666},{"Length":65,"Height":41,"Demand":1,"DemandMax":null,"Value":2665},{"Length":36,"Height":74,"Demand":1,"DemandMax":null,"Value":2664},{"Length":37,"Height":72,"Demand":1,"DemandMax":null,"Value":2664},{"Length":45,"Height":59,"Demand":1,"DemandMax":null,"Value":2655},{"Length":53,"Height":50,"Demand":1,"DemandMax":null,"Value":2650},{"Length":63,"Height":42,"Demand":1,"DemandMax":null,"Value":2646},{"Length":66,"Height":40,"Demand":1,"DemandMax":null,"Value":2640},{"Length":44,"Height":60,"Demand":1,"DemandMax":null,"Value":2640},{"Length":55,"Height":48,"Demand":1,"DemandMax":null,"Value":2640},{"Length":56,"Height":47,"Demand":1,"DemandMax":null,"Value":2632},{"Length":71,"Height":37,"Demand":1,"DemandMax":null,"Value":2627},{"Length":35,"Height":75,"Demand":1,"DemandMax":null,"Value":2625},{"Length":41,"Height":64,"Demand":1,"DemandMax":null,"Value":2624},{"Length":43,"Height":61,"Demand":1,"DemandMax":null,"Value":2623},{"Length":69,"Height":38,"Demand":1,"DemandMax":null,"Value":2622},{"Length":57,"Height":46,"Demand":1,"DemandMax":null,"Value":2622},{"Length":62,"Height":42,"Demand":1,"DemandMax":null,"Value":2604},{"Length":52,"Height":50,"Demand":1,"DemandMax":null,"Value":2600},{"Length":65,"Height":40,"Demand":1,"DemandMax":null,"Value":2600},{"Length":53,"Height":49,"Demand":1,"DemandMax":null,"Value":2597},{"Length":59,"Height":44,"Demand":1,"DemandMax":null,"Value":2596},{"Length":48,"Height":54,"Demand":1,"DemandMax":null,"Value":2592},{"Length":35,"Height":74,"Demand":1,"DemandMax":null,"Value":2590},{"Length":37,"Height":70,"Demand":1,"DemandMax":null,"Value":2590},{"Length":68,"Height":38,"Demand":1,"DemandMax":null,"Value":2584},{"Length":45,"Height":57,"Demand":1,"DemandMax":null,"Value":2565},{"Length":42,"Height":61,"Demand":1,"DemandMax":null,"Value":2562},{"Length":40,"Height":64,"Demand":1,"DemandMax":null,"Value":2560},{"Length":71,"Height":36,"Demand":1,"DemandMax":null,"Value":2556},{"Length":73,"Height":35,"Demand":1,"DemandMax":null,"Value":2555},{"Length":69,"Height":37,"Demand":1,"DemandMax":null,"Value":2553},{"Length":58,"Height":44,"Demand":1,"DemandMax":null,"Value":2552},{"Length":51,"Height":50,"Demand":1,"DemandMax":null,"Value":2550},{"Length":75,"Height":34,"Demand":1,"DemandMax":null,"Value":2550},{"Length":38,"Height":67,"Demand":1,"DemandMax":null,"Value":2546},{"Length":53,"Height":48,"Demand":1,"DemandMax":null,"Value":2544},{"Length":62,"Height":41,"Demand":1,"DemandMax":null,"Value":2542},{"Length":47,"Height":54,"Demand":1,"DemandMax":null,"Value":2538},{"Length":59,"Height":43,"Demand":1,"DemandMax":null,"Value":2537},{"Length":39,"Height":65,"Demand":1,"DemandMax":null,"Value":2535},{"Length":70,"Height":36,"Demand":1,"DemandMax":null,"Value":2520},{"Length":56,"Height":45,"Demand":1,"DemandMax":null,"Value":2520},{"Length":40,"Height":63,"Demand":1,"DemandMax":null,"Value":2520},{"Length":35,"Height":72,"Demand":1,"DemandMax":null,"Value":2520},{"Length":42,"Height":60,"Demand":1,"DemandMax":null,"Value":2520},{"Length":68,"Height":37,"Demand":1,"DemandMax":null,"Value":2516},{"Length":66,"Height":38,"Demand":1,"DemandMax":null,"Value":2508},{"Length":44,"Height":57,"Demand":1,"DemandMax":null,"Value":2508},{"Length":41,"Height":61,"Demand":1,"DemandMax":null,"Value":2501},{"Length":52,"Height":48,"Demand":1,"DemandMax":null,"Value":2496},{"Length":39,"Height":64,"Demand":1,"DemandMax":null,"Value":2496},{"Length":43,"Height":58,"Demand":1,"DemandMax":null,"Value":2494},{"Length":47,"Height":53,"Demand":1,"DemandMax":null,"Value":2491},{"Length":71,"Height":35,"Demand":1,"DemandMax":null,"Value":2485},{"Length":46,"Height":54,"Demand":1,"DemandMax":null,"Value":2484},{"Length":73,"Height":34,"Demand":1,"DemandMax":null,"Value":2482},{"Length":37,"Height":67,"Demand":1,"DemandMax":null,"Value":2479},{"Length":42,"Height":59,"Demand":1,"DemandMax":null,"Value":2478},{"Length":33,"Height":75,"Demand":1,"DemandMax":null,"Value":2475},{"Length":55,"Height":45,"Demand":1,"DemandMax":null,"Value":2475},{"Length":38,"Height":65,"Demand":1,"DemandMax":null,"Value":2470},{"Length":56,"Height":44,"Demand":1,"DemandMax":null,"Value":2464},{"Length":57,"Height":43,"Demand":1,"DemandMax":null,"Value":2451},{"Length":35,"Height":70,"Demand":1,"DemandMax":null,"Value":2450},{"Length":50,"Height":49,"Demand":1,"DemandMax":null,"Value":2450},{"Length":68,"Height":36,"Demand":1,"DemandMax":null,"Value":2448},{"Length":34,"Height":72,"Demand":1,"DemandMax":null,"Value":2448},{"Length":51,"Height":48,"Demand":1,"DemandMax":null,"Value":2448},{"Length":33,"Height":74,"Demand":1,"DemandMax":null,"Value":2442},{"Length":37,"Height":66,"Demand":1,"DemandMax":null,"Value":2442},{"Length":61,"Height":40,"Demand":1,"DemandMax":null,"Value":2440},{"Length":38,"Height":64,"Demand":1,"DemandMax":null,"Value":2432},{"Length":45,"Height":54,"Demand":1,"DemandMax":null,"Value":2430},{"Length":59,"Height":41,"Demand":1,"DemandMax":null,"Value":2419},{"Length":39,"Height":62,"Demand":1,"DemandMax":null,"Value":2418},{"Length":34,"Height":71,"Demand":1,"DemandMax":null,"Value":2414},{"Length":36,"Height":67,"Demand":1,"DemandMax":null,"Value":2412},{"Length":73,"Height":33,"Demand":1,"DemandMax":null,"Value":2409},{"Length":43,"Height":56,"Demand":1,"DemandMax":null,"Value":2408},{"Length":48,"Height":50,"Demand":1,"DemandMax":null,"Value":2400},{"Length":32,"Height":75,"Demand":1,"DemandMax":null,"Value":2400},{"Length":46,"Height":52,"Demand":1,"DemandMax":null,"Value":2392},{"Length":70,"Height":34,"Demand":1,"DemandMax":null,"Value":2380},{"Length":35,"Height":68,"Demand":1,"DemandMax":null,"Value":2380},{"Length":61,"Height":39,"Demand":1,"DemandMax":null,"Value":2379},{"Length":33,"Height":72,"Demand":1,"DemandMax":null,"Value":2376},{"Length":54,"Height":44,"Demand":1,"DemandMax":null,"Value":2376},{"Length":74,"Height":32,"Demand":1,"DemandMax":null,"Value":2368},{"Length":43,"Height":55,"Demand":1,"DemandMax":null,"Value":2365},{"Length":40,"Height":59,"Demand":1,"DemandMax":null,"Value":2360},{"Length":38,"Height":62,"Demand":1,"DemandMax":null,"Value":2356},{"Length":56,"Height":42,"Demand":1,"DemandMax":null,"Value":2352},{"Length":48,"Height":49,"Demand":1,"DemandMax":null,"Value":2352},{"Length":69,"Height":34,"Demand":1,"DemandMax":null,"Value":2346},{"Length":46,"Height":51,"Demand":1,"DemandMax":null,"Value":2346},{"Length":67,"Height":35,"Demand":1,"DemandMax":null,"Value":2345},{"Length":33,"Height":71,"Demand":1,"DemandMax":null,"Value":2343},{"Length":60,"Height":39,"Demand":1,"DemandMax":null,"Value":2340},{"Length":65,"Height":36,"Demand":1,"DemandMax":null,"Value":2340},{"Length":57,"Height":41,"Demand":1,"DemandMax":null,"Value":2337},{"Length":32,"Height":73,"Demand":1,"DemandMax":null,"Value":2336},{"Length":44,"Height":53,"Demand":1,"DemandMax":null,"Value":2332},{"Length":37,"Height":63,"Demand":1,"DemandMax":null,"Value":2331},{"Length":75,"Height":31,"Demand":1,"DemandMax":null,"Value":2325},{"Length":43,"Height":54,"Demand":1,"DemandMax":null,"Value":2322},{"Length":42,"Height":55,"Demand":1,"DemandMax":null,"Value":2310},{"Length":35,"Height":66,"Demand":1,"DemandMax":null,"Value":2310},{"Length":48,"Height":48,"Demand":1,"DemandMax":null,"Value":2304},{"Length":36,"Height":64,"Demand":1,"DemandMax":null,"Value":2304},{"Length":32,"Height":72,"Demand":1,"DemandMax":null,"Value":2304},{"Length":49,"Height":47,"Demand":1,"DemandMax":null,"Value":2303},{"Length":59,"Height":39,"Demand":1,"DemandMax":null,"Value":2301},{"Length":50,"Height":46,"Demand":1,"DemandMax":null,"Value":2300},{"Length":45,"Height":51,"Demand":1,"DemandMax":null,"Value":2295},{"Length":37,"Height":62,"Demand":1,"DemandMax":null,"Value":2294},{"Length":74,"Height":31,"Demand":1,"DemandMax":null,"Value":2294},{"Length":44,"Height":52,"Demand":1,"DemandMax":null,"Value":2288},{"Length":57,"Height":40,"Demand":1,"DemandMax":null,"Value":2280},{"Length":38,"Height":60,"Demand":1,"DemandMax":null,"Value":2280},{"Length":53,"Height":43,"Demand":1,"DemandMax":null,"Value":2279},{"Length":67,"Height":34,"Demand":1,"DemandMax":null,"Value":2278},{"Length":33,"Height":69,"Demand":1,"DemandMax":null,"Value":2277},{"Length":35,"Height":65,"Demand":1,"DemandMax":null,"Value":2275},{"Length":54,"Height":42,"Demand":1,"DemandMax":null,"Value":2268},{"Length":63,"Height":36,"Demand":1,"DemandMax":null,"Value":2268},{"Length":73,"Height":31,"Demand":1,"DemandMax":null,"Value":2263},{"Length":39,"Height":58,"Demand":1,"DemandMax":null,"Value":2262},{"Length":37,"Height":61,"Demand":1,"DemandMax":null,"Value":2257},{"Length":41,"Height":55,"Demand":1,"DemandMax":null,"Value":2255},{"Length":46,"Height":49,"Demand":1,"DemandMax":null,"Value":2254},{"Length":30,"Height":75,"Demand":1,"DemandMax":null,"Value":2250},{"Length":45,"Height":50,"Demand":1,"DemandMax":null,"Value":2250},{"Length":51,"Height":44,"Demand":1,"DemandMax":null,"Value":2244},{"Length":68,"Height":33,"Demand":1,"DemandMax":null,"Value":2244},{"Length":59,"Height":38,"Demand":1,"DemandMax":null,"Value":2242},{"Length":56,"Height":40,"Demand":1,"DemandMax":null,"Value":2240},{"Length":64,"Height":35,"Demand":1,"DemandMax":null,"Value":2240},{"Length":70,"Height":32,"Demand":1,"DemandMax":null,"Value":2240},{"Length":52,"Height":43,"Demand":1,"DemandMax":null,"Value":2236},{"Length":36,"Height":62,"Demand":1,"DemandMax":null,"Value":2232},{"Length":42,"Height":53,"Demand":1,"DemandMax":null,"Value":2226},{"Length":37,"Height":60,"Demand":1,"DemandMax":null,"Value":2220},{"Length":54,"Height":41,"Demand":1,"DemandMax":null,"Value":2214},{"Length":67,"Height":33,"Demand":1,"DemandMax":null,"Value":2211},{"Length":34,"Height":65,"Demand":1,"DemandMax":null,"Value":2210},{"Length":69,"Height":32,"Demand":1,"DemandMax":null,"Value":2208},{"Length":45,"Height":49,"Demand":1,"DemandMax":null,"Value":2205},{"Length":63,"Height":35,"Demand":1,"DemandMax":null,"Value":2205},{"Length":58,"Height":38,"Demand":1,"DemandMax":null,"Value":2204},{"Length":31,"Height":71,"Demand":1,"DemandMax":null,"Value":2201},{"Length":44,"Height":50,"Demand":1,"DemandMax":null,"Value":2200},{"Length":40,"Height":55,"Demand":1,"DemandMax":null,"Value":2200},{"Length":61,"Height":36,"Demand":1,"DemandMax":null,"Value":2196},{"Length":43,"Height":51,"Demand":1,"DemandMax":null,"Value":2193},{"Length":73,"Height":30,"Demand":1,"DemandMax":null,"Value":2190},{"Length":42,"Height":52,"Demand":1,"DemandMax":null,"Value":2184},{"Length":56,"Height":39,"Demand":1,"DemandMax":null,"Value":2184},{"Length":59,"Height":37,"Demand":1,"DemandMax":null,"Value":2183},{"Length":32,"Height":68,"Demand":1,"DemandMax":null,"Value":2176},{"Length":34,"Height":64,"Demand":1,"DemandMax":null,"Value":2176},{"Length":29,"Height":75,"Demand":1,"DemandMax":null,"Value":2175},{"Length":41,"Height":53,"Demand":1,"DemandMax":null,"Value":2173},{"Length":35,"Height":62,"Demand":1,"DemandMax":null,"Value":2170},{"Length":31,"Height":70,"Demand":1,"DemandMax":null,"Value":2170},{"Length":57,"Height":38,"Demand":1,"DemandMax":null,"Value":2166},{"Length":47,"Height":46,"Demand":1,"DemandMax":null,"Value":2162},{"Length":60,"Height":36,"Demand":1,"DemandMax":null,"Value":2160},{"Length":72,"Height":30,"Demand":1,"DemandMax":null,"Value":2160},{"Length":48,"Height":45,"Demand":1,"DemandMax":null,"Value":2160},{"Length":49,"Height":44,"Demand":1,"DemandMax":null,"Value":2156},{"Length":43,"Height":50,"Demand":1,"DemandMax":null,"Value":2150},{"Length":29,"Height":74,"Demand":1,"DemandMax":null,"Value":2146},{"Length":58,"Height":37,"Demand":1,"DemandMax":null,"Value":2146},{"Length":33,"Height":65,"Demand":1,"DemandMax":null,"Value":2145},{"Length":42,"Height":51,"Demand":1,"DemandMax":null,"Value":2142},{"Length":69,"Height":31,"Demand":1,"DemandMax":null,"Value":2139},{"Length":52,"Height":41,"Demand":1,"DemandMax":null,"Value":2132},{"Length":71,"Height":30,"Demand":1,"DemandMax":null,"Value":2130},{"Length":56,"Height":38,"Demand":1,"DemandMax":null,"Value":2128},{"Length":36,"Height":59,"Demand":1,"DemandMax":null,"Value":2124},{"Length":29,"Height":73,"Demand":1,"DemandMax":null,"Value":2117},{"Length":46,"Height":46,"Demand":1,"DemandMax":null,"Value":2116},{"Length":33,"Height":64,"Demand":1,"DemandMax":null,"Value":2112},{"Length":44,"Height":48,"Demand":1,"DemandMax":null,"Value":2112},{"Length":32,"Height":66,"Demand":1,"DemandMax":null,"Value":2112},{"Length":37,"Height":57,"Demand":1,"DemandMax":null,"Value":2109},{"Length":68,"Height":31,"Demand":1,"DemandMax":null,"Value":2108},{"Length":35,"Height":60,"Demand":1,"DemandMax":null,"Value":2100},{"Length":28,"Height":75,"Demand":1,"DemandMax":null,"Value":2100},{"Length":42,"Height":50,"Demand":1,"DemandMax":null,"Value":2100},{"Length":30,"Height":70,"Demand":1,"DemandMax":null,"Value":2100},{"Length":51,"Height":41,"Demand":1,"DemandMax":null,"Value":2091},{"Length":55,"Height":38,"Demand":1,"DemandMax":null,"Value":2090},{"Length":72,"Height":29,"Demand":1,"DemandMax":null,"Value":2088},{"Length":58,"Height":36,"Demand":1,"DemandMax":null,"Value":2088},{"Length":40,"Height":52,"Demand":1,"DemandMax":null,"Value":2080},{"Length":67,"Height":31,"Demand":1,"DemandMax":null,"Value":2077},{"Length":34,"Height":61,"Demand":1,"DemandMax":null,"Value":2074},{"Length":74,"Height":28,"Demand":1,"DemandMax":null,"Value":2072},{"Length":30,"Height":69,"Demand":1,"DemandMax":null,"Value":2070},{"Length":45,"Height":46,"Demand":1,"DemandMax":null,"Value":2070},{"Length":47,"Height":44,"Demand":1,"DemandMax":null,"Value":2068},{"Length":39,"Height":53,"Demand":1,"DemandMax":null,"Value":2067},{"Length":59,"Height":35,"Demand":1,"DemandMax":null,"Value":2065},{"Length":43,"Height":48,"Demand":1,"DemandMax":null,"Value":2064},{"Length":42,"Height":49,"Demand":1,"DemandMax":null,"Value":2058},{"Length":36,"Height":57,"Demand":1,"DemandMax":null,"Value":2052},{"Length":38,"Height":54,"Demand":1,"DemandMax":null,"Value":2052},{"Length":50,"Height":41,"Demand":1,"DemandMax":null,"Value":2050},{"Length":32,"Height":64,"Demand":1,"DemandMax":null,"Value":2048},{"Length":62,"Height":33,"Demand":1,"DemandMax":null,"Value":2046},{"Length":66,"Height":31,"Demand":1,"DemandMax":null,"Value":2046},{"Length":73,"Height":28,"Demand":1,"DemandMax":null,"Value":2044},{"Length":34,"Height":60,"Demand":1,"DemandMax":null,"Value":2040},{"Length":30,"Height":68,"Demand":1,"DemandMax":null,"Value":2040},{"Length":40,"Height":51,"Demand":1,"DemandMax":null,"Value":2040},{"Length":37,"Height":55,"Demand":1,"DemandMax":null,"Value":2035},{"Length":70,"Height":29,"Demand":1,"DemandMax":null,"Value":2030},{"Length":58,"Height":35,"Demand":1,"DemandMax":null,"Value":2030},{"Length":39,"Height":52,"Demand":1,"DemandMax":null,"Value":2028},{"Length":75,"Height":27,"Demand":1,"DemandMax":null,"Value":2025},{"Length":43,"Height":47,"Demand":1,"DemandMax":null,"Value":2021},{"Length":72,"Height":28,"Demand":1,"DemandMax":null,"Value":2016},{"Length":36,"Height":56,"Demand":1,"DemandMax":null,"Value":2016},{"Length":63,"Height":32,"Demand":1,"DemandMax":null,"Value":2016},{"Length":31,"Height":65,"Demand":1,"DemandMax":null,"Value":2015},{"Length":38,"Height":53,"Demand":1,"DemandMax":null,"Value":2014},{"Length":61,"Height":33,"Demand":1,"DemandMax":null,"Value":2013},{"Length":67,"Height":30,"Demand":1,"DemandMax":null,"Value":2010},{"Length":41,"Height":49,"Demand":1,"DemandMax":null,"Value":2009},{"Length":34,"Height":59,"Demand":1,"DemandMax":null,"Value":2006},{"Length":29,"Height":69,"Demand":1,"DemandMax":null,"Value":2001},{"Length":40,"Height":50,"Demand":1,"DemandMax":null,"Value":2000},{"Length":27,"Height":74,"Demand":1,"DemandMax":null,"Value":1998},{"Length":37,"Height":54,"Demand":1,"DemandMax":null,"Value":1998},{"Length":51,"Height":39,"Demand":1,"DemandMax":null,"Value":1989},{"Length":71,"Height":28,"Demand":1,"DemandMax":null,"Value":1988},{"Length":32,"Height":62,"Demand":1,"DemandMax":null,"Value":1984},{"Length":33,"Height":60,"Demand":1,"DemandMax":null,"Value":1980},{"Length":36,"Height":55,"Demand":1,"DemandMax":null,"Value":1980},{"Length":44,"Height":45,"Demand":1,"DemandMax":null,"Value":1980},{"Length":43,"Height":46,"Demand":1,"DemandMax":null,"Value":1978},{"Length":52,"Height":38,"Demand":1,"DemandMax":null,"Value":1976},{"Length":47,"Height":42,"Demand":1,"DemandMax":null,"Value":1974},{"Length":58,"Height":34,"Demand":1,"DemandMax":null,"Value":1972},{"Length":68,"Height":29,"Demand":1,"DemandMax":null,"Value":1972},{"Length":48,"Height":41,"Demand":1,"DemandMax":null,"Value":1968},{"Length":70,"Height":28,"Demand":1,"DemandMax":null,"Value":1960},{"Length":40,"Height":49,"Demand":1,"DemandMax":null,"Value":1960},{"Length":31,"Height":63,"Demand":1,"DemandMax":null,"Value":1953},{"Length":61,"Height":32,"Demand":1,"DemandMax":null,"Value":1952},{"Length":39,"Height":50,"Demand":1,"DemandMax":null,"Value":1950},{"Length":33,"Height":59,"Demand":1,"DemandMax":null,"Value":1947},{"Length":27,"Height":72,"Demand":1,"DemandMax":null,"Value":1944},{"Length":29,"Height":67,"Demand":1,"DemandMax":null,"Value":1943},{"Length":34,"Height":57,"Demand":1,"DemandMax":null,"Value":1938},{"Length":38,"Height":51,"Demand":1,"DemandMax":null,"Value":1938},{"Length":45,"Height":43,"Demand":1,"DemandMax":null,"Value":1935},{"Length":46,"Height":42,"Demand":1,"DemandMax":null,"Value":1932},{"Length":69,"Height":28,"Demand":1,"DemandMax":null,"Value":1932},{"Length":41,"Height":47,"Demand":1,"DemandMax":null,"Value":1927},{"Length":35,"Height":55,"Demand":1,"DemandMax":null,"Value":1925},{"Length":74,"Height":26,"Demand":1,"DemandMax":null,"Value":1924},{"Length":52,"Height":37,"Demand":1,"DemandMax":null,"Value":1924},{"Length":31,"Height":62,"Demand":1,"DemandMax":null,"Value":1922},{"Length":71,"Height":27,"Demand":1,"DemandMax":null,"Value":1917},{"Length":58,"Height":33,"Demand":1,"DemandMax":null,"Value":1914},{"Length":39,"Height":49,"Demand":1,"DemandMax":null,"Value":1911},{"Length":53,"Height":36,"Demand":1,"DemandMax":null,"Value":1908},{"Length":56,"Height":34,"Demand":1,"DemandMax":null,"Value":1904},{"Length":38,"Height":50,"Demand":1,"DemandMax":null,"Value":1900},{"Length":26,"Height":73,"Demand":1,"DemandMax":null,"Value":1898},{"Length":31,"Height":61,"Demand":1,"DemandMax":null,"Value":1891},{"Length":35,"Height":54,"Demand":1,"DemandMax":null,"Value":1890},{"Length":30,"Height":63,"Demand":1,"DemandMax":null,"Value":1890},{"Length":70,"Height":27,"Demand":1,"DemandMax":null,"Value":1890},{"Length":42,"Height":45,"Demand":1,"DemandMax":null,"Value":1890},{"Length":59,"Height":32,"Demand":1,"DemandMax":null,"Value":1888},{"Length":41,"Height":46,"Demand":1,"DemandMax":null,"Value":1886},{"Length":57,"Height":33,"Demand":1,"DemandMax":null,"Value":1881},{"Length":47,"Height":40,"Demand":1,"DemandMax":null,"Value":1880},{"Length":25,"Height":75,"Demand":1,"DemandMax":null,"Value":1875},{"Length":72,"Height":26,"Demand":1,"DemandMax":null,"Value":1872},{"Length":52,"Height":36,"Demand":1,"DemandMax":null,"Value":1872},{"Length":34,"Height":55,"Demand":1,"DemandMax":null,"Value":1870},{"Length":69,"Height":27,"Demand":1,"DemandMax":null,"Value":1863},{"Length":38,"Height":49,"Demand":1,"DemandMax":null,"Value":1862},{"Length":60,"Height":31,"Demand":1,"DemandMax":null,"Value":1860},{"Length":29,"Height":64,"Demand":1,"DemandMax":null,"Value":1856},{"Length":32,"Height":58,"Demand":1,"DemandMax":null,"Value":1856},{"Length":53,"Height":35,"Demand":1,"DemandMax":null,"Value":1855},{"Length":74,"Height":25,"Demand":1,"DemandMax":null,"Value":1850},{"Length":50,"Height":37,"Demand":1,"DemandMax":null,"Value":1850},{"Length":33,"Height":56,"Demand":1,"DemandMax":null,"Value":1848},{"Length":28,"Height":66,"Demand":1,"DemandMax":null,"Value":1848},{"Length":42,"Height":44,"Demand":1,"DemandMax":null,"Value":1848},{"Length":26,"Height":71,"Demand":1,"DemandMax":null,"Value":1846},{"Length":41,"Height":45,"Demand":1,"DemandMax":null,"Value":1845},{"Length":46,"Height":40,"Demand":1,"DemandMax":null,"Value":1840},{"Length":27,"Height":68,"Demand":1,"DemandMax":null,"Value":1836},{"Length":36,"Height":51,"Demand":1,"DemandMax":null,"Value":1836},{"Length":54,"Height":34,"Demand":1,"DemandMax":null,"Value":1836},{"Length":47,"Height":39,"Demand":1,"DemandMax":null,"Value":1833},{"Length":61,"Height":30,"Demand":1,"DemandMax":null,"Value":1830},{"Length":31,"Height":59,"Demand":1,"DemandMax":null,"Value":1829},{"Length":73,"Height":25,"Demand":1,"DemandMax":null,"Value":1825},{"Length":38,"Height":48,"Demand":1,"DemandMax":null,"Value":1824},{"Length":65,"Height":28,"Demand":1,"DemandMax":null,"Value":1820},{"Length":35,"Height":52,"Demand":1,"DemandMax":null,"Value":1820},{"Length":26,"Height":70,"Demand":1,"DemandMax":null,"Value":1820},{"Length":37,"Height":49,"Demand":1,"DemandMax":null,"Value":1813},{"Length":67,"Height":27,"Demand":1,"DemandMax":null,"Value":1809},{"Length":43,"Height":42,"Demand":1,"DemandMax":null,"Value":1806},{"Length":41,"Height":44,"Demand":1,"DemandMax":null,"Value":1804},{"Length":53,"Height":34,"Demand":1,"DemandMax":null,"Value":1802},{"Length":30,"Height":60,"Demand":1,"DemandMax":null,"Value":1800},{"Length":25,"Height":72,"Demand":1,"DemandMax":null,"Value":1800},{"Length":31,"Height":58,"Demand":1,"DemandMax":null,"Value":1798},{"Length":29,"Height":62,"Demand":1,"DemandMax":null,"Value":1798},{"Length":28,"Height":64,"Demand":1,"DemandMax":null,"Value":1792},{"Length":56,"Height":32,"Demand":1,"DemandMax":null,"Value":1792},{"Length":47,"Height":38,"Demand":1,"DemandMax":null,"Value":1786},{"Length":35,"Height":51,"Demand":1,"DemandMax":null,"Value":1785},{"Length":66,"Height":27,"Demand":1,"DemandMax":null,"Value":1782},{"Length":37,"Height":48,"Demand":1,"DemandMax":null,"Value":1776},{"Length":25,"Height":71,"Demand":1,"DemandMax":null,"Value":1775},{"Length":30,"Height":59,"Demand":1,"DemandMax":null,"Value":1770},{"Length":61,"Height":29,"Demand":1,"DemandMax":null,"Value":1769},{"Length":26,"Height":68,"Demand":1,"DemandMax":null,"Value":1768},{"Length":52,"Height":34,"Demand":1,"DemandMax":null,"Value":1768},{"Length":63,"Height":28,"Demand":1,"DemandMax":null,"Value":1764},{"Length":42,"Height":42,"Demand":1,"DemandMax":null,"Value":1764},{"Length":36,"Height":49,"Demand":1,"DemandMax":null,"Value":1764},{"Length":43,"Height":41,"Demand":1,"DemandMax":null,"Value":1763},{"Length":40,"Height":44,"Demand":1,"DemandMax":null,"Value":1760},{"Length":65,"Height":27,"Demand":1,"DemandMax":null,"Value":1755},{"Length":70,"Height":25,"Demand":1,"DemandMax":null,"Value":1750},{"Length":53,"Height":33,"Demand":1,"DemandMax":null,"Value":1749},{"Length":38,"Height":46,"Demand":1,"DemandMax":null,"Value":1748},{"Length":26,"Height":67,"Demand":1,"DemandMax":null,"Value":1742},{"Length":60,"Height":29,"Demand":1,"DemandMax":null,"Value":1740},{"Length":56,"Height":31,"Demand":1,"DemandMax":null,"Value":1736},{"Length":28,"Height":62,"Demand":1,"DemandMax":null,"Value":1736},{"Length":51,"Height":34,"Demand":1,"DemandMax":null,"Value":1734},{"Length":54,"Height":32,"Demand":1,"DemandMax":null,"Value":1728},{"Length":69,"Height":25,"Demand":1,"DemandMax":null,"Value":1725},{"Length":43,"Height":40,"Demand":1,"DemandMax":null,"Value":1720},{"Length":66,"Height":26,"Demand":1,"DemandMax":null,"Value":1716},{"Length":33,"Height":52,"Demand":1,"DemandMax":null,"Value":1716},{"Length":59,"Height":29,"Demand":1,"DemandMax":null,"Value":1711},{"Length":30,"Height":57,"Demand":1,"DemandMax":null,"Value":1710},{"Length":38,"Height":45,"Demand":1,"DemandMax":null,"Value":1710},{"Length":28,"Height":61,"Demand":1,"DemandMax":null,"Value":1708},{"Length":55,"Height":31,"Demand":1,"DemandMax":null,"Value":1705},{"Length":46,"Height":37,"Demand":1,"DemandMax":null,"Value":1702},{"Length":27,"Height":63,"Demand":1,"DemandMax":null,"Value":1701},{"Length":68,"Height":25,"Demand":1,"DemandMax":null,"Value":1700},{"Length":50,"Height":34,"Demand":1,"DemandMax":null,"Value":1700},{"Length":36,"Height":47,"Demand":1,"DemandMax":null,"Value":1692},{"Length":26,"Height":65,"Demand":1,"DemandMax":null,"Value":1690},{"Length":33,"Height":51,"Demand":1,"DemandMax":null,"Value":1683},{"Length":29,"Height":58,"Demand":1,"DemandMax":null,"Value":1682},{"Length":40,"Height":42,"Demand":1,"DemandMax":null,"Value":1680},{"Length":56,"Height":30,"Demand":1,"DemandMax":null,"Value":1680},{"Length":60,"Height":28,"Demand":1,"DemandMax":null,"Value":1680},{"Length":48,"Height":35,"Demand":1,"DemandMax":null,"Value":1680},{"Length":39,"Height":43,"Demand":1,"DemandMax":null,"Value":1677},{"Length":67,"Height":25,"Demand":1,"DemandMax":null,"Value":1675},{"Length":62,"Height":27,"Demand":1,"DemandMax":null,"Value":1674},{"Length":37,"Height":45,"Demand":1,"DemandMax":null,"Value":1665},{"Length":26,"Height":64,"Demand":1,"DemandMax":null,"Value":1664},{"Length":29,"Height":57,"Demand":1,"DemandMax":null,"Value":1653},{"Length":59,"Height":28,"Demand":1,"DemandMax":null,"Value":1652},{"Length":30,"Height":55,"Demand":1,"DemandMax":null,"Value":1650},{"Length":25,"Height":66,"Demand":1,"DemandMax":null,"Value":1650},{"Length":33,"Height":50,"Demand":1,"DemandMax":null,"Value":1650},{"Length":61,"Height":27,"Demand":1,"DemandMax":null,"Value":1647},{"Length":35,"Height":47,"Demand":1,"DemandMax":null,"Value":1645},{"Length":31,"Height":53,"Demand":1,"DemandMax":null,"Value":1643},{"Length":41,"Height":40,"Demand":1,"DemandMax":null,"Value":1640},{"Length":38,"Height":43,"Demand":1,"DemandMax":null,"Value":1634},{"Length":34,"Height":48,"Demand":1,"DemandMax":null,"Value":1632},{"Length":51,"Height":32,"Demand":1,"DemandMax":null,"Value":1632},{"Length":44,"Height":37,"Demand":1,"DemandMax":null,"Value":1628},{"Length":25,"Height":65,"Demand":1,"DemandMax":null,"Value":1625},{"Length":58,"Height":28,"Demand":1,"DemandMax":null,"Value":1624},{"Length":54,"Height":30,"Demand":1,"DemandMax":null,"Value":1620},{"Length":60,"Height":27,"Demand":1,"DemandMax":null,"Value":1620},{"Length":36,"Height":45,"Demand":1,"DemandMax":null,"Value":1620},{"Length":49,"Height":33,"Demand":1,"DemandMax":null,"Value":1617},{"Length":52,"Height":31,"Demand":1,"DemandMax":null,"Value":1612},{"Length":62,"Height":26,"Demand":1,"DemandMax":null,"Value":1612},{"Length":35,"Height":46,"Demand":1,"DemandMax":null,"Value":1610},{"Length":32,"Height":50,"Demand":1,"DemandMax":null,"Value":1600},{"Length":64,"Height":25,"Demand":1,"DemandMax":null,"Value":1600},{"Length":41,"Height":39,"Demand":1,"DemandMax":null,"Value":1599},{"Length":42,"Height":38,"Demand":1,"DemandMax":null,"Value":1596},{"Length":55,"Height":29,"Demand":1,"DemandMax":null,"Value":1595},{"Length":37,"Height":43,"Demand":1,"DemandMax":null,"Value":1591},{"Length":30,"Height":53,"Demand":1,"DemandMax":null,"Value":1590},{"Length":48,"Height":33,"Demand":1,"DemandMax":null,"Value":1584},{"Length":44,"Height":36,"Demand":1,"DemandMax":null,"Value":1584},{"Length":51,"Height":31,"Demand":1,"DemandMax":null,"Value":1581},{"Length":25,"Height":63,"Demand":1,"DemandMax":null,"Value":1575},{"Length":35,"Height":45,"Demand":1,"DemandMax":null,"Value":1575},{"Length":56,"Height":28,"Demand":1,"DemandMax":null,"Value":1568},{"Length":58,"Height":27,"Demand":1,"DemandMax":null,"Value":1566},{"Length":54,"Height":29,"Demand":1,"DemandMax":null,"Value":1566},{"Length":46,"Height":34,"Demand":1,"DemandMax":null,"Value":1564},{"Length":30,"Height":52,"Demand":1,"DemandMax":null,"Value":1560},{"Length":60,"Height":26,"Demand":1,"DemandMax":null,"Value":1560},{"Length":41,"Height":38,"Demand":1,"DemandMax":null,"Value":1558},{"Length":42,"Height":37,"Demand":1,"DemandMax":null,"Value":1554},{"Length":47,"Height":33,"Demand":1,"DemandMax":null,"Value":1551},{"Length":25,"Height":62,"Demand":1,"DemandMax":null,"Value":1550},{"Length":43,"Height":36,"Demand":1,"DemandMax":null,"Value":1548},{"Length":55,"Height":28,"Demand":1,"DemandMax":null,"Value":1540},{"Length":44,"Height":35,"Demand":1,"DemandMax":null,"Value":1540},{"Length":27,"Height":57,"Demand":1,"DemandMax":null,"Value":1539},{"Length":29,"Height":53,"Demand":1,"DemandMax":null,"Value":1537},{"Length":48,"Height":32,"Demand":1,"DemandMax":null,"Value":1536},{"Length":59,"Height":26,"Demand":1,"DemandMax":null,"Value":1534},{"Length":34,"Height":45,"Demand":1,"DemandMax":null,"Value":1530},{"Length":51,"Height":30,"Demand":1,"DemandMax":null,"Value":1530},{"Length":25,"Height":61,"Demand":1,"DemandMax":null,"Value":1525},{"Length":39,"Height":39,"Demand":1,"DemandMax":null,"Value":1521},{"Length":40,"Height":38,"Demand":1,"DemandMax":null,"Value":1520},{"Length":41,"Height":37,"Demand":1,"DemandMax":null,"Value":1517},{"Length":36,"Height":42,"Demand":1,"DemandMax":null,"Value":1512},{"Length":29,"Height":52,"Demand":1,"DemandMax":null,"Value":1508},{"Length":43,"Height":35,"Demand":1,"DemandMax":null,"Value":1505},{"Length":32,"Height":47,"Demand":1,"DemandMax":null,"Value":1504},{"Length":60,"Height":25,"Demand":1,"DemandMax":null,"Value":1500},{"Length":34,"Height":44,"Demand":1,"DemandMax":null,"Value":1496},{"Length":48,"Height":31,"Demand":1,"DemandMax":null,"Value":1488},{"Length":45,"Height":33,"Demand":1,"DemandMax":null,"Value":1485},{"Length":27,"Height":55,"Demand":1,"DemandMax":null,"Value":1485},{"Length":53,"Height":28,"Demand":1,"DemandMax":null,"Value":1484},{"Length":39,"Height":38,"Demand":1,"DemandMax":null,"Value":1482},{"Length":26,"Height":57,"Demand":1,"DemandMax":null,"Value":1482},{"Length":49,"Height":30,"Demand":1,"DemandMax":null,"Value":1470},{"Length":35,"Height":42,"Demand":1,"DemandMax":null,"Value":1470},{"Length":34,"Height":43,"Demand":1,"DemandMax":null,"Value":1462},{"Length":54,"Height":27,"Demand":1,"DemandMax":null,"Value":1458},{"Length":31,"Height":47,"Demand":1,"DemandMax":null,"Value":1457},{"Length":26,"Height":56,"Demand":1,"DemandMax":null,"Value":1456},{"Length":33,"Height":44,"Demand":1,"DemandMax":null,"Value":1452},{"Length":38,"Height":38,"Demand":1,"DemandMax":null,"Value":1444},{"Length":36,"Height":40,"Demand":1,"DemandMax":null,"Value":1440},{"Length":48,"Height":30,"Demand":1,"DemandMax":null,"Value":1440},{"Length":45,"Height":32,"Demand":1,"DemandMax":null,"Value":1440},{"Length":35,"Height":41,"Demand":1,"DemandMax":null,"Value":1435},{"Length":27,"Height":53,"Demand":1,"DemandMax":null,"Value":1431},{"Length":26,"Height":55,"Demand":1,"DemandMax":null,"Value":1430},{"Length":34,"Height":42,"Demand":1,"DemandMax":null,"Value":1428},{"Length":25,"Height":57,"Demand":1,"DemandMax":null,"Value":1425},{"Length":29,"Height":49,"Demand":1,"DemandMax":null,"Value":1421},{"Length":30,"Height":47,"Demand":1,"DemandMax":null,"Value":1410},{"Length":44,"Height":32,"Demand":1,"DemandMax":null,"Value":1408},{"Length":37,"Height":38,"Demand":1,"DemandMax":null,"Value":1406},{"Length":27,"Height":52,"Demand":1,"DemandMax":null,"Value":1404},{"Length":26,"Height":54,"Demand":1,"DemandMax":null,"Value":1404},{"Length":36,"Height":39,"Demand":1,"DemandMax":null,"Value":1404},{"Length":56,"Height":25,"Demand":1,"DemandMax":null,"Value":1400},{"Length":28,"Height":50,"Demand":1,"DemandMax":null,"Value":1400},{"Length":48,"Height":29,"Demand":1,"DemandMax":null,"Value":1392},{"Length":42,"Height":33,"Demand":1,"DemandMax":null,"Value":1386},{"Length":53,"Height":26,"Demand":1,"DemandMax":null,"Value":1378},{"Length":51,"Height":27,"Demand":1,"DemandMax":null,"Value":1377},{"Length":43,"Height":32,"Demand":1,"DemandMax":null,"Value":1376},{"Length":55,"Height":25,"Demand":1,"DemandMax":null,"Value":1375},{"Length":28,"Height":49,"Demand":1,"DemandMax":null,"Value":1372},{"Length":35,"Height":39,"Demand":1,"DemandMax":null,"Value":1365},{"Length":31,"Height":44,"Demand":1,"DemandMax":null,"Value":1364},{"Length":29,"Height":47,"Demand":1,"DemandMax":null,"Value":1363},{"Length":26,"Height":52,"Demand":1,"DemandMax":null,"Value":1352},{"Length":45,"Height":30,"Demand":1,"DemandMax":null,"Value":1350},{"Length":50,"Height":27,"Demand":1,"DemandMax":null,"Value":1350},{"Length":32,"Height":42,"Demand":1,"DemandMax":null,"Value":1344},{"Length":46,"Height":29,"Demand":1,"DemandMax":null,"Value":1334},{"Length":37,"Height":36,"Demand":1,"DemandMax":null,"Value":1332},{"Length":39,"Height":34,"Demand":1,"DemandMax":null,"Value":1326},{"Length":26,"Height":51,"Demand":1,"DemandMax":null,"Value":1326},{"Length":53,"Height":25,"Demand":1,"DemandMax":null,"Value":1325},{"Length":49,"Height":27,"Demand":1,"DemandMax":null,"Value":1323},{"Length":44,"Height":30,"Demand":1,"DemandMax":null,"Value":1320},{"Length":33,"Height":40,"Demand":1,"DemandMax":null,"Value":1320},{"Length":47,"Height":28,"Demand":1,"DemandMax":null,"Value":1316},{"Length":32,"Height":41,"Demand":1,"DemandMax":null,"Value":1312},{"Length":29,"Height":45,"Demand":1,"DemandMax":null,"Value":1305},{"Length":25,"Height":52,"Demand":1,"DemandMax":null,"Value":1300},{"Length":26,"Height":50,"Demand":1,"DemandMax":null,"Value":1300},{"Length":27,"Height":48,"Demand":1,"DemandMax":null,"Value":1296},{"Length":35,"Height":37,"Demand":1,"DemandMax":null,"Value":1295},{"Length":43,"Height":30,"Demand":1,"DemandMax":null,"Value":1290},{"Length":33,"Height":39,"Demand":1,"DemandMax":null,"Value":1287},{"Length":32,"Height":40,"Demand":1,"DemandMax":null,"Value":1280},{"Length":29,"Height":44,"Demand":1,"DemandMax":null,"Value":1276},{"Length":25,"Height":51,"Demand":1,"DemandMax":null,"Value":1275},{"Length":49,"Height":26,"Demand":1,"DemandMax":null,"Value":1274},{"Length":31,"Height":41,"Demand":1,"DemandMax":null,"Value":1271},{"Length":47,"Height":27,"Demand":1,"DemandMax":null,"Value":1269},{"Length":45,"Height":28,"Demand":1,"DemandMax":null,"Value":1260},{"Length":36,"Height":35,"Demand":1,"DemandMax":null,"Value":1260},{"Length":30,"Height":42,"Demand":1,"DemandMax":null,"Value":1260},{"Length":34,"Height":37,"Demand":1,"DemandMax":null,"Value":1258},{"Length":38,"Height":33,"Demand":1,"DemandMax":null,"Value":1254},{"Length":48,"Height":26,"Demand":1,"DemandMax":null,"Value":1248},{"Length":39,"Height":32,"Demand":1,"DemandMax":null,"Value":1248},{"Length":29,"Height":43,"Demand":1,"DemandMax":null,"Value":1247},{"Length":46,"Height":27,"Demand":1,"DemandMax":null,"Value":1242},{"Length":40,"Height":31,"Demand":1,"DemandMax":null,"Value":1240},{"Length":28,"Height":44,"Demand":1,"DemandMax":null,"Value":1232},{"Length":35,"Height":35,"Demand":1,"DemandMax":null,"Value":1225},{"Length":34,"Height":36,"Demand":1,"DemandMax":null,"Value":1224},{"Length":26,"Height":47,"Demand":1,"DemandMax":null,"Value":1222},{"Length":37,"Height":33,"Demand":1,"DemandMax":null,"Value":1221},{"Length":29,"Height":42,"Demand":1,"DemandMax":null,"Value":1218},{"Length":38,"Height":32,"Demand":1,"DemandMax":null,"Value":1216},{"Length":39,"Height":31,"Demand":1,"DemandMax":null,"Value":1209},{"Length":28,"Height":43,"Demand":1,"DemandMax":null,"Value":1204},{"Length":30,"Height":40,"Demand":1,"DemandMax":null,"Value":1200},{"Length":46,"Height":26,"Demand":1,"DemandMax":null,"Value":1196},{"Length":34,"Height":35,"Demand":1,"DemandMax":null,"Value":1190},{"Length":29,"Height":41,"Demand":1,"DemandMax":null,"Value":1189},{"Length":27,"Height":44,"Demand":1,"DemandMax":null,"Value":1188},{"Length":37,"Height":32,"Demand":1,"DemandMax":null,"Value":1184},{"Length":31,"Height":38,"Demand":1,"DemandMax":null,"Value":1178},{"Length":28,"Height":42,"Demand":1,"DemandMax":null,"Value":1176},{"Length":26,"Height":45,"Demand":1,"DemandMax":null,"Value":1170},{"Length":43,"Height":27,"Demand":1,"DemandMax":null,"Value":1161},{"Length":40,"Height":29,"Demand":1,"DemandMax":null,"Value":1160},{"Length":35,"Height":33,"Demand":1,"DemandMax":null,"Value":1155},{"Length":36,"Height":32,"Demand":1,"DemandMax":null,"Value":1152},{"Length":28,"Height":41,"Demand":1,"DemandMax":null,"Value":1148},{"Length":31,"Height":37,"Demand":1,"DemandMax":null,"Value":1147},{"Length":26,"Height":44,"Demand":1,"DemandMax":null,"Value":1144},{"Length":38,"Height":30,"Demand":1,"DemandMax":null,"Value":1140},{"Length":42,"Height":27,"Demand":1,"DemandMax":null,"Value":1134},{"Length":29,"Height":39,"Demand":1,"DemandMax":null,"Value":1131},{"Length":25,"Height":45,"Demand":1,"DemandMax":null,"Value":1125},{"Length":33,"Height":34,"Demand":1,"DemandMax":null,"Value":1122},{"Length":32,"Height":35,"Demand":1,"DemandMax":null,"Value":1120},{"Length":40,"Height":28,"Demand":1,"DemandMax":null,"Value":1120},{"Length":43,"Height":26,"Demand":1,"DemandMax":null,"Value":1118},{"Length":27,"Height":41,"Demand":1,"DemandMax":null,"Value":1107},{"Length":38,"Height":29,"Demand":1,"DemandMax":null,"Value":1102},{"Length":25,"Height":44,"Demand":1,"DemandMax":null,"Value":1100},{"Length":31,"Height":35,"Demand":1,"DemandMax":null,"Value":1085},{"Length":30,"Height":36,"Demand":1,"DemandMax":null,"Value":1080},{"Length":43,"Height":25,"Demand":1,"DemandMax":null,"Value":1075},{"Length":37,"Height":29,"Demand":1,"DemandMax":null,"Value":1073},{"Length":41,"Height":26,"Demand":1,"DemandMax":null,"Value":1066},{"Length":33,"Height":32,"Demand":1,"DemandMax":null,"Value":1056},{"Length":34,"Height":31,"Demand":1,"DemandMax":null,"Value":1054},{"Length":27,"Height":39,"Demand":1,"DemandMax":null,"Value":1053},{"Length":35,"Height":30,"Demand":1,"DemandMax":null,"Value":1050},{"Length":29,"Height":36,"Demand":1,"DemandMax":null,"Value":1044},{"Length":37,"Height":28,"Demand":1,"DemandMax":null,"Value":1036},{"Length":27,"Height":38,"Demand":1,"DemandMax":null,"Value":1026},{"Length":41,"Height":25,"Demand":1,"DemandMax":null,"Value":1025},{"Length":32,"Height":32,"Demand":1,"DemandMax":null,"Value":1024},{"Length":33,"Height":31,"Demand":1,"DemandMax":null,"Value":1023},{"Length":30,"Height":34,"Demand":1,"DemandMax":null,"Value":1020},{"Length":35,"Height":29,"Demand":1,"DemandMax":null,"Value":1015},{"Length":39,"Height":26,"Demand":1,"DemandMax":null,"Value":1014},{"Length":36,"Height":28,"Demand":1,"DemandMax":null,"Value":1008},{"Length":25,"Height":40,"Demand":1,"DemandMax":null,"Value":1000},{"Length":32,"Height":31,"Demand":1,"DemandMax":null,"Value":992},{"Length":33,"Height":30,"Demand":1,"DemandMax":null,"Value":990},{"Length":38,"Height":26,"Demand":1,"DemandMax":null,"Value":988},{"Length":34,"Height":29,"Demand":1,"DemandMax":null,"Value":986},{"Length":28,"Height":35,"Demand":1,"DemandMax":null,"Value":980},{"Length":25,"Height":39,"Demand":1,"DemandMax":null,"Value":975},{"Length":26,"Height":37,"Demand":1,"DemandMax":null,"Value":962},{"Length":31,"Height":31,"Demand":1,"DemandMax":null,"Value":961},{"Length":30,"Height":32,"Demand":1,"DemandMax":null,"Value":960},{"Length":34,"Height":28,"Demand":1,"DemandMax":null,"Value":952},{"Length":25,"Height":38,"Demand":1,"DemandMax":null,"Value":950},{"Length":35,"Height":27,"Demand":1,"DemandMax":null,"Value":945},{"Length":30,"Height":31,"Demand":1,"DemandMax":null,"Value":930},{"Length":29,"Height":32,"Demand":1,"DemandMax":null,"Value":928},{"Length":37,"Height":25,"Demand":1,"DemandMax":null,"Value":925},{"Length":33,"Height":28,"Demand":1,"DemandMax":null,"Value":924},{"Length":34,"Height":27,"Demand":1,"DemandMax":null,"Value":918},{"Length":35,"Height":26,"Demand":1,"DemandMax":null,"Value":910},{"Length":30,"Height":30,"Demand":1,"DemandMax":null,"Value":900},{"Length":31,"Height":29,"Demand":1,"DemandMax":null,"Value":899},{"Length":28,"Height":32,"Demand":1,"DemandMax":null,"Value":896},{"Length":30,"Height":29,"Demand":1,"DemandMax":null,"Value":870},{"Length":28,"Height":31,"Demand":1,"DemandMax":null,"Value":868},{"Length":32,"Height":27,"Demand":1,"DemandMax":null,"Value":864},{"Length":33,"Height":26,"Demand":1,"DemandMax":null,"Value":858},{"Length":25,"Height":34,"Demand":1,"DemandMax":null,"Value":850},{"Length":28,"Height":30,"Demand":1,"DemandMax":null,"Value":840},{"Length":31,"Height":27,"Demand":1,"DemandMax":null,"Value":837},{"Length":33,"Height":25,"Demand":1,"DemandMax":null,"Value":825},{"Length":29,"Height":28,"Demand":1,"DemandMax":null,"Value":812},{"Length":30,"Height":27,"Demand":1,"DemandMax":null,"Value":810},{"Length":32,"Height":25,"Demand":1,"DemandMax":null,"Value":800},{"Length":29,"Height":27,"Demand":1,"DemandMax":null,"Value":783},{"Length":26,"Height":30,"Demand":1,"DemandMax":null,"Value":780},{"Length":25,"Height":31,"Demand":1,"DemandMax":null,"Value":775},{"Length":28,"Height":27,"Demand":1,"DemandMax":null,"Value":756},{"Length":30,"Height":25,"Demand":1,"DemandMax":null,"Value":750},{"Length":27,"Height":27,"Demand":1,"DemandMax":null,"Value":729},{"Length":26,"Height":28,"Demand":1,"DemandMax":null,"Value":728},{"Length":25,"Height":29,"Demand":1,"DemandMax":null,"Value":725},{"Length":26,"Height":26,"Demand":1,"DemandMax":null,"Value":676},{"Length":25,"Height":27,"Demand":1,"DemandMax":null,"Value":675}]}