{"Name":"AH34","Objects":[{"Length":1000,"Height":33942,"Stock":null,"Cost":33942000}],"Items":[{"Length":305,"Height":219,"Demand":100,"DemandMax":null,"Value":66795},{"Length":372,"Height":173,"Demand":100,"DemandMax":null,"Value":64356},{"Length":209,"Height":225,"Demand":100,"DemandMax":null,"Value":47025},{"Length":341,"Height":118,"Demand":100,"DemandMax":null,"Value":40238},{"Length":86,"Height":361,"Demand":100,"DemandMax":null,"Value":31046},{"Length":114,"Height":199,"Demand":100,"DemandMax":null,"Value":22686},{"Length":71,"Height":310,"Demand":100,"DemandMax":null,"Value":22010},{"Length":139,"Height":147,"Demand":100,"DemandMax":null,"Value":20433},{"Length":106,"Height":174,"Demand":100,"DemandMax":null,"Value":18444},{"Length":31,"Height":206,"Demand":100,"DemandMax":null,"Value":6386}]}