{"Name":"AH71","Objects":[{"Length":1000,"Height":2904,"Stock":null,"Cost":2904000}],"Items":[{"Length":70,"Height":75,"Demand":100,"DemandMax":null,"Value":5250},{"Length":69,"Height":72,"Demand":100,"DemandMax":null,"Value":4968},{"Length":62,"Height":63,"Demand":100,"DemandMax":null,"Value":3906},{"Length":59,"Height":66,"Demand":100,"DemandMax":null,"Value":3894},{"Length":44,"Height":69,"Demand":100,"DemandMax":null,"Value":3036},{"Length":65,"Height":39,"Demand":100,"DemandMax":null,"Value":2535},{"Length":44,"Height":41,"Demand":100,"DemandMax":null,"Value":1804},{"Length":39,"Height":34,"Demand":100,"DemandMax":null,"Value":1326},{"Length":40,"Height":30,"Demand":100,"DemandMax":null,"Value":1200},{"Length":35,"Height":32,"Demand":100,"DemandMax":null,"Value":1120}]}