{"Name":"AH231","Objects":[{"Length":1000,"Height":2599,"Stock":null,"Cost":2599000}],"Items":[{"Length":85,"Height":89,"Demand":10,"DemandMax":null,"Value":7565},{"Length":89,"Height":82,"Demand":10,"DemandMax":null,"Value":7298},{"Length":88,"Height":80,"Demand":10,"DemandMax":null,"Value":7040},{"Length":79,"Height":89,"Demand":10,"DemandMax":null,"Value":7031},{"Length":87,"Height":78,"Demand":10,"DemandMax":null,"Value":6786},{"Length":88,"Height":76,"Demand":10,"DemandMax":null,"Value":6688},{"Length":90,"Height":72,"Demand":10,"DemandMax":null,"Value":6480},{"Length":83,"Height":73,"Demand":10,"DemandMax":null,"Value":6059},{"Length":89,"Height":68,"Demand":10,"DemandMax":null,"Value":6052},{"Length":67,"Height":89,"Demand":10,"DemandMax":null,"Value":5963},{"Length":82,"Height":66,"Demand":10,"DemandMax":null,"Value":5412},{"Length":81,"Height":65,"Demand":10,"DemandMax":null,"Value":5265},{"Length":83,"Height":60,"Demand":10,"DemandMax":null,"Value":4980},{"Length":55,"Height":90,"Demand":10,"DemandMax":null,"Value":4950},{"Length":85,"Height":58,"Demand":10,"DemandMax":null,"Value":4930},{"Length":57,"Height":85,"Demand":10,"DemandMax":null,"Value":4845},{"Length":70,"Height":68,"Demand":10,"DemandMax":null,"Value":4760},{"Length":56,"Height":85,"Demand":10,"DemandMax":null,"Value":4760},{"Length":76,"Height":61,"Demand":10,"DemandMax":null,"Value":4636},{"Length":86,"Height":53,"Demand":10,"DemandMax":null,"Value":4558},{"Length":64,"Height":71,"Demand":10,"DemandMax":null,"Value":4544},{"Length":56,"Height":81,"Demand":10,"DemandMax":null,"Value":4536},{"Length":62,"Height":71,"Demand":10,"DemandMax":null,"Value":4402},{"Length":66,"Height":66,"Demand":10,"DemandMax":null,"Value":4356},{"Length":63,"Height":69,"Demand":10,"DemandMax":null,"Value":4347},{"Length":71,"Height":59,"Demand":10,"DemandMax":null,"Value":4189},{"Length":64,"Height":64,"Demand":10,"DemandMax":null,"Value":4096},{"Length":73,"Height":55,"Demand":10,"DemandMax":null,"Value":4015},{"Length":71,"Height":56,"Demand":10,"DemandMax":null,"Value":3976},{"Length":51,"Height":73,"Demand":10,"DemandMax":null,"Value":3723},{"Length":50,"Height":71,"Demand":10,"DemandMax":null,"Value":3550},{"Length":71,"Height":48,"Demand":10,"DemandMax":null,"Value":3408},{"Length":71,"Height":47,"Demand":10,"DemandMax":null,"Value":3337},{"Length":46,"Height":71,"Demand":10,"DemandMax":null,"Value":3266},{"Length":68,"Height":45,"Demand":10,"DemandMax":null,"Value":3060},{"Length":41,"Height":73,"Demand":10,"DemandMax":null,"Value":2993},{"Length":88,"Height":33,"Demand":10,"DemandMax":null,"Value":2904},{"Length":59,"Height":49,"Demand":10,"DemandMax":null,"Value":2891},{"Length":67,"Height":42,"Demand":10,"DemandMax":null,"Value":2814},{"Length":43,"Height":62,"Demand":10,"DemandMax":null,"Value":2666},{"Length":40,"Height":62,"Demand":10,"DemandMax":null,"Value":2480},{"Length":46,"Height":52,"Demand":10,"DemandMax":null,"Value":2392},{"Length":32,"Height":74,"Demand":10,"DemandMax":null,"Value":2368},{"Length":89,"Height":26,"Demand":10,"DemandMax":null,"Value":2314},{"Length":42,"Height":55,"Demand":10,"DemandMax":null,"Value":2310},{"Length":69,"Height":33,"Demand":10,"DemandMax":null,"Value":2277},{"Length":64,"Height":34,"Demand":10,"DemandMax":null,"Value":2176},{"Length":28,"Height":76,"Demand":10,"DemandMax":null,"Value":2128},{"Length":48,"Height":43,"Demand":10,"DemandMax":null,"Value":2064},{"Length":47,"Height":43,"Demand":10,"DemandMax":null,"Value":2021},{"Length":24,"Height":84,"Demand":10,"DemandMax":null,"Value":2016},{"Length":52,"Height":38,"Demand":10,"DemandMax":null,"Value":1976},{"Length":22,"Height":89,"Demand":10,"DemandMax":null,"Value":1958},{"Length":81,"Height":24,"Demand":10,"DemandMax":null,"Value":1944},{"Length":68,"Height":26,"Demand":10,"DemandMax":null,"Value":1768},{"Length":41,"Height":43,"Demand":10,"DemandMax":null,"Value":1763},{"Length":25,"Height":67,"Demand":10,"DemandMax":null,"Value":1675},{"Length":22,"Height":72,"Demand":10,"DemandMax":null,"Value":1584},{"Length":51,"Height":30,"Demand":10,"DemandMax":null,"Value":1530},{"Length":41,"Height":37,"Demand":10,"DemandMax":null,"Value":1517},{"Length":74,"Height":19,"Demand":10,"DemandMax":null,"Value":1406},{"Length":65,"Height":21,"Demand":10,"DemandMax":null,"Value":1365},{"Length":30,"Height":45,"Demand":10,"DemandMax":null,"Value":1350},{"Length":18,"Height":73,"Demand":10,"DemandMax":null,"Value":1314},{"Length":73,"Height":16,"Demand":10,"DemandMax":null,"Value":1168},{"Length":64,"Height":18,"Demand":10,"DemandMax":null,"Value":1152},{"Length":71,"Height":16,"Demand":10,"DemandMax":null,"Value":1136},{"Length":14,"Height":80,"Demand":10,"DemandMax":null,"Value":1120},{"Length":32,"Height":35,"Demand":10,"DemandMax":null,"Value":1120},{"Length":56,"Height":19,"Demand":10,"DemandMax":null,"Value":1064},{"Length":33,"Height":30,"Demand":10,"DemandMax":null,"Value":990},{"Length":25,"Height":39,"Demand":10,"DemandMax":null,"Value":975},{"Length":18,"Height":54,"Demand":10,"DemandMax":null,"Value":972},{"Length":48,"Height":20,"Demand":10,"DemandMax":null,"Value":960},{"Length":53,"Height":18,"Demand":10,"DemandMax":null,"Value":954},{"Length":37,"Height":25,"Demand":10,"DemandMax":null,"Value":925},{"Length":54,"Height":17,"Demand":10,"DemandMax":null,"Value":918},{"Length":15,"Height":60,"Demand":10,"DemandMax":null,"Value":900},{"Length":18,"Height":49,"Demand":10,"DemandMax":null,"Value":882},{"Length":11,"Height":78,"Demand":10,"DemandMax":null,"Value":858},{"Length":22,"Height":39,"Demand":10,"DemandMax":null,"Value":858},{"Length":31,"Height":23,"Demand":10,"DemandMax":null,"Value":713},{"Length":33,"Height":21,"Demand":10,"DemandMax":null,"Value":693},{"Length":25,"Height":27,"Demand":10,"DemandMax":null,"Value":675},{"Length":80,"Height":8,"Demand":10,"DemandMax":null,"Value":640},{"Length":61,"Height":10,"Demand":10,"DemandMax":null,"Value":610},{"Length":68,"Height":8,"Demand":10,"DemandMax":null,"Value":544},{"Length":8,"Height":63,"Demand":10,"DemandMax":null,"Value":504},{"Length":34,"Height":14,"Demand":10,"DemandMax":null,"Value":476},{"Length":11,"Height":43,"Demand":10,"DemandMax":null,"Value":473},{"Length":16,"Height":29,"Demand":10,"DemandMax":null,"Value":464},{"Length":28,"Height":16,"Demand":10,"DemandMax":null,"Value":448},{"Length":37,"Height":11,"Demand":10,"DemandMax":null,"Value":407},{"Length":9,"Height":33,"Demand":10,"DemandMax":null,"Value":297},{"Length":15,"Height":19,"Demand":10,"DemandMax":null,"Value":285},{"Length":12,"Height":22,"Demand":10,"DemandMax":null,"Value":264},{"Length":16,"Height":14,"Demand":10,"DemandMax":null,"Value":224},{"Length":16,"Height":13,"Demand":10,"DemandMax":null,"Value":208},{"Length":13,"Height":6,"Demand":10,"DemandMax":null,"Value":78},{"Length":6,"Height":10,"Demand":10,"DemandMax":null,"Value":60}]}