{"Name":"AH72","Objects":[{"Length":1000,"Height":2108,"Stock":null,"Cost":2108000}],"Items":[{"Length":66,"Height":59,"Demand":100,"DemandMax":null,"Value":3894},{"Length":43,"Height":68,"Demand":100,"DemandMax":null,"Value":2924},{"Length":49,"Height":51,"Demand":100,"DemandMax":null,"Value":2499},{"Length":68,"Height":33,"Demand":100,"DemandMax":null,"Value":2244},{"Length":38,"Height":57,"Demand":100,"DemandMax":null,"Value":2166},{"Length":67,"Height":30,"Demand":100,"DemandMax":null,"Value":2010},{"Length":34,"Height":49,"Demand":100,"DemandMax":null,"Value":1666},{"Length":54,"Height":25,"Demand":100,"DemandMax":null,"Value":1350},{"Length":53,"Height":25,"Demand":100,"DemandMax":null,"Value":1325},{"Length":37,"Height":27,"Demand":100,"DemandMax":null,"Value":999}]}