{"Name":"AH354","Objects":[{"Length":1000,"Height":2367,"Stock":null,"Cost":2367000}],"Items":[{"Length":90,"Height":90,"Demand":1,"DemandMax":null,"Value":8100},{"Length":89,"Height":89,"Demand":1,"DemandMax":null,"Value":7921},{"Length":90,"Height":88,"Demand":1,"DemandMax":null,"Value":7920},{"Length":87,"Height":89,"Demand":1,"DemandMax":null,"Value":7743},{"Length":85,"Height":90,"Demand":1,"DemandMax":null,"Value":7650},{"Length":87,"Height":86,"Demand":1,"DemandMax":null,"Value":7482},{"Length":89,"Height":84,"Demand":1,"DemandMax":null,"Value":7476},{"Length":84,"Height":88,"Demand":1,"DemandMax":null,"Value":7392},{"Length":88,"Height":83,"Demand":1,"DemandMax":null,"Value":7304},{"Length":81,"Height":90,"Demand":1,"DemandMax":null,"Value":7290},{"Length":83,"Height":87,"Demand":1,"DemandMax":null,"Value":7221},{"Length":89,"Height":81,"Demand":1,"DemandMax":null,"Value":7209},{"Length":80,"Height":90,"Demand":1,"DemandMax":null,"Value":7200},{"Length":83,"Height":86,"Demand":1,"DemandMax":null,"Value":7138},{"Length":88,"Height":81,"Demand":1,"DemandMax":null,"Value":7128},{"Length":84,"Height":84,"Demand":1,"DemandMax":null,"Value":7056},{"Length":82,"Height":86,"Demand":1,"DemandMax":null,"Value":7052},{"Length":79,"Height":89,"Demand":1,"DemandMax":null,"Value":7031},{"Length":90,"Height":78,"Demand":1,"DemandMax":null,"Value":7020},{"Length":86,"Height":80,"Demand":1,"DemandMax":null,"Value":6880},{"Length":85,"Height":80,"Demand":1,"DemandMax":null,"Value":6800},{"Length":86,"Height":79,"Demand":1,"DemandMax":null,"Value":6794},{"Length":77,"Height":88,"Demand":1,"DemandMax":null,"Value":6776},{"Length":77,"Height":86,"Demand":1,"DemandMax":null,"Value":6622},{"Length":76,"Height":87,"Demand":1,"DemandMax":null,"Value":6612},{"Length":90,"Height":73,"Demand":1,"DemandMax":null,"Value":6570},{"Length":83,"Height":79,"Demand":1,"DemandMax":null,"Value":6557},{"Length":81,"Height":80,"Demand":1,"DemandMax":null,"Value":6480},{"Length":77,"Height":84,"Demand":1,"DemandMax":null,"Value":6468},{"Length":86,"Height":75,"Demand":1,"DemandMax":null,"Value":6450},{"Length":71,"Height":90,"Demand":1,"DemandMax":null,"Value":6390},{"Length":85,"Height":75,"Demand":1,"DemandMax":null,"Value":6375},{"Length":72,"Height":88,"Demand":1,"DemandMax":null,"Value":6336},{"Length":78,"Height":81,"Demand":1,"DemandMax":null,"Value":6318},{"Length":84,"Height":75,"Demand":1,"DemandMax":null,"Value":6300},{"Length":80,"Height":78,"Demand":1,"DemandMax":null,"Value":6240},{"Length":77,"Height":81,"Demand":1,"DemandMax":null,"Value":6237},{"Length":82,"Height":76,"Demand":1,"DemandMax":null,"Value":6232},{"Length":90,"Height":69,"Demand":1,"DemandMax":null,"Value":6210},{"Length":77,"Height":80,"Demand":1,"DemandMax":null,"Value":6160},{"Length":76,"Height":81,"Demand":1,"DemandMax":null,"Value":6156},{"Length":82,"Height":75,"Demand":1,"DemandMax":null,"Value":6150},{"Length":85,"Height":72,"Demand":1,"DemandMax":null,"Value":6120},{"Length":71,"Height":86,"Demand":1,"DemandMax":null,"Value":6106},{"Length":83,"Height":73,"Demand":1,"DemandMax":null,"Value":6059},{"Length":89,"Height":68,"Demand":1,"DemandMax":null,"Value":6052},{"Length":84,"Height":72,"Demand":1,"DemandMax":null,"Value":6048},{"Length":87,"Height":69,"Demand":1,"DemandMax":null,"Value":6003},{"Length":85,"Height":70,"Demand":1,"DemandMax":null,"Value":5950},{"Length":76,"Height":78,"Demand":1,"DemandMax":null,"Value":5928},{"Length":79,"Height":75,"Demand":1,"DemandMax":null,"Value":5925},{"Length":88,"Height":67,"Demand":1,"DemandMax":null,"Value":5896},{"Length":69,"Height":85,"Demand":1,"DemandMax":null,"Value":5865},{"Length":77,"Height":76,"Demand":1,"DemandMax":null,"Value":5852},{"Length":75,"Height":78,"Demand":1,"DemandMax":null,"Value":5850},{"Length":80,"Height":73,"Demand":1,"DemandMax":null,"Value":5840},{"Length":87,"Height":67,"Demand":1,"DemandMax":null,"Value":5829},{"Length":82,"Height":71,"Demand":1,"DemandMax":null,"Value":5822},{"Length":70,"Height":83,"Demand":1,"DemandMax":null,"Value":5810},{"Length":89,"Height":65,"Demand":1,"DemandMax":null,"Value":5785},{"Length":85,"Height":68,"Demand":1,"DemandMax":null,"Value":5780},{"Length":76,"Height":76,"Demand":1,"DemandMax":null,"Value":5776},{"Length":78,"Height":74,"Demand":1,"DemandMax":null,"Value":5772},{"Length":80,"Height":72,"Demand":1,"DemandMax":null,"Value":5760},{"Length":69,"Height":83,"Demand":1,"DemandMax":null,"Value":5727},{"Length":65,"Height":88,"Demand":1,"DemandMax":null,"Value":5720},{"Length":76,"Height":75,"Demand":1,"DemandMax":null,"Value":5700},{"Length":70,"Height":81,"Demand":1,"DemandMax":null,"Value":5670},{"Length":90,"Height":63,"Demand":1,"DemandMax":null,"Value":5670},{"Length":82,"Height":69,"Demand":1,"DemandMax":null,"Value":5658},{"Length":87,"Height":65,"Demand":1,"DemandMax":null,"Value":5655},{"Length":73,"Height":77,"Demand":1,"DemandMax":null,"Value":5621},{"Length":79,"Height":71,"Demand":1,"DemandMax":null,"Value":5609},{"Length":68,"Height":82,"Demand":1,"DemandMax":null,"Value":5576},{"Length":74,"Height":75,"Demand":1,"DemandMax":null,"Value":5550},{"Length":70,"Height":79,"Demand":1,"DemandMax":null,"Value":5530},{"Length":61,"Height":90,"Demand":1,"DemandMax":null,"Value":5490},{"Length":66,"Height":83,"Demand":1,"DemandMax":null,"Value":5478},{"Length":62,"Height":88,"Demand":1,"DemandMax":null,"Value":5456},{"Length":67,"Height":81,"Demand":1,"DemandMax":null,"Value":5427},{"Length":86,"Height":63,"Demand":1,"DemandMax":null,"Value":5418},{"Length":66,"Height":82,"Demand":1,"DemandMax":null,"Value":5412},{"Length":60,"Height":90,"Demand":1,"DemandMax":null,"Value":5400},{"Length":87,"Height":62,"Demand":1,"DemandMax":null,"Value":5394},{"Length":64,"Height":84,"Demand":1,"DemandMax":null,"Value":5376},{"Length":81,"Height":66,"Demand":1,"DemandMax":null,"Value":5346},{"Length":86,"Height":62,"Demand":1,"DemandMax":null,"Value":5332},{"Length":65,"Height":82,"Demand":1,"DemandMax":null,"Value":5330},{"Length":70,"Height":76,"Demand":1,"DemandMax":null,"Value":5320},{"Length":63,"Height":84,"Demand":1,"DemandMax":null,"Value":5292},{"Length":64,"Height":82,"Demand":1,"DemandMax":null,"Value":5248},{"Length":68,"Height":77,"Demand":1,"DemandMax":null,"Value":5236},{"Length":58,"Height":90,"Demand":1,"DemandMax":null,"Value":5220},{"Length":87,"Height":60,"Demand":1,"DemandMax":null,"Value":5220},{"Length":84,"Height":62,"Demand":1,"DemandMax":null,"Value":5208},{"Length":80,"Height":65,"Demand":1,"DemandMax":null,"Value":5200},{"Length":85,"Height":61,"Demand":1,"DemandMax":null,"Value":5185},{"Length":72,"Height":72,"Demand":1,"DemandMax":null,"Value":5184},{"Length":71,"Height":73,"Demand":1,"DemandMax":null,"Value":5183},{"Length":74,"Height":70,"Demand":1,"DemandMax":null,"Value":5180},{"Length":69,"Height":75,"Demand":1,"DemandMax":null,"Value":5175},{"Length":68,"Height":76,"Demand":1,"DemandMax":null,"Value":5168},{"Length":60,"Height":86,"Demand":1,"DemandMax":null,"Value":5160},{"Length":67,"Height":77,"Demand":1,"DemandMax":null,"Value":5159},{"Length":87,"Height":59,"Demand":1,"DemandMax":null,"Value":5133},{"Length":71,"Height":72,"Demand":1,"DemandMax":null,"Value":5112},{"Length":67,"Height":76,"Demand":1,"DemandMax":null,"Value":5092},{"Length":59,"Height":86,"Demand":1,"DemandMax":null,"Value":5074},{"Length":65,"Height":78,"Demand":1,"DemandMax":null,"Value":5070},{"Length":64,"Height":79,"Demand":1,"DemandMax":null,"Value":5056},{"Length":70,"Height":72,"Demand":1,"DemandMax":null,"Value":5040},{"Length":84,"Height":60,"Demand":1,"DemandMax":null,"Value":5040},{"Length":88,"Height":57,"Demand":1,"DemandMax":null,"Value":5016},{"Length":72,"Height":69,"Demand":1,"DemandMax":null,"Value":4968},{"Length":55,"Height":90,"Demand":1,"DemandMax":null,"Value":4950},{"Length":75,"Height":66,"Demand":1,"DemandMax":null,"Value":4950},{"Length":71,"Height":69,"Demand":1,"DemandMax":null,"Value":4899},{"Length":59,"Height":83,"Demand":1,"DemandMax":null,"Value":4897},{"Length":67,"Height":73,"Demand":1,"DemandMax":null,"Value":4891},{"Length":66,"Height":74,"Demand":1,"DemandMax":null,"Value":4884},{"Length":61,"Height":80,"Demand":1,"DemandMax":null,"Value":4880},{"Length":75,"Height":65,"Demand":1,"DemandMax":null,"Value":4875},{"Length":84,"Height":58,"Demand":1,"DemandMax":null,"Value":4872},{"Length":56,"Height":87,"Demand":1,"DemandMax":null,"Value":4872},{"Length":61,"Height":79,"Demand":1,"DemandMax":null,"Value":4819},{"Length":57,"Height":84,"Demand":1,"DemandMax":null,"Value":4788},{"Length":63,"Height":76,"Demand":1,"DemandMax":null,"Value":4788},{"Length":55,"Height":87,"Demand":1,"DemandMax":null,"Value":4785},{"Length":78,"Height":61,"Demand":1,"DemandMax":null,"Value":4758},{"Length":58,"Height":82,"Demand":1,"DemandMax":null,"Value":4756},{"Length":59,"Height":80,"Demand":1,"DemandMax":null,"Value":4720},{"Length":53,"Height":89,"Demand":1,"DemandMax":null,"Value":4717},{"Length":58,"Height":81,"Demand":1,"DemandMax":null,"Value":4698},{"Length":70,"Height":67,"Demand":1,"DemandMax":null,"Value":4690},{"Length":60,"Height":78,"Demand":1,"DemandMax":null,"Value":4680},{"Length":85,"Height":55,"Demand":1,"DemandMax":null,"Value":4675},{"Length":74,"Height":63,"Demand":1,"DemandMax":null,"Value":4662},{"Length":83,"Height":56,"Demand":1,"DemandMax":null,"Value":4648},{"Length":87,"Height":53,"Demand":1,"DemandMax":null,"Value":4611},{"Length":62,"Height":74,"Demand":1,"DemandMax":null,"Value":4588},{"Length":57,"Height":80,"Demand":1,"DemandMax":null,"Value":4560},{"Length":68,"Height":67,"Demand":1,"DemandMax":null,"Value":4556},{"Length":66,"Height":69,"Demand":1,"DemandMax":null,"Value":4554},{"Length":65,"Height":70,"Demand":1,"DemandMax":null,"Value":4550},{"Length":58,"Height":78,"Demand":1,"DemandMax":null,"Value":4524},{"Length":75,"Height":60,"Demand":1,"DemandMax":null,"Value":4500},{"Length":88,"Height":51,"Demand":1,"DemandMax":null,"Value":4488},{"Length":83,"Height":54,"Demand":1,"DemandMax":null,"Value":4482},{"Length":63,"Height":71,"Demand":1,"DemandMax":null,"Value":4473},{"Length":84,"Height":53,"Demand":1,"DemandMax":null,"Value":4452},{"Length":79,"Height":56,"Demand":1,"DemandMax":null,"Value":4424},{"Length":66,"Height":67,"Demand":1,"DemandMax":null,"Value":4422},{"Length":76,"Height":58,"Demand":1,"DemandMax":null,"Value":4408},{"Length":77,"Height":57,"Demand":1,"DemandMax":null,"Value":4389},{"Length":60,"Height":73,"Demand":1,"DemandMax":null,"Value":4380},{"Length":52,"Height":84,"Demand":1,"DemandMax":null,"Value":4368},{"Length":68,"Height":64,"Demand":1,"DemandMax":null,"Value":4352},{"Length":69,"Height":63,"Demand":1,"DemandMax":null,"Value":4347},{"Length":53,"Height":82,"Demand":1,"DemandMax":null,"Value":4346},{"Length":72,"Height":60,"Demand":1,"DemandMax":null,"Value":4320},{"Length":73,"Height":59,"Demand":1,"DemandMax":null,"Value":4307},{"Length":50,"Height":86,"Demand":1,"DemandMax":null,"Value":4300},{"Length":74,"Height":58,"Demand":1,"DemandMax":null,"Value":4292},{"Length":66,"Height":65,"Demand":1,"DemandMax":null,"Value":4290},{"Length":68,"Height":63,"Demand":1,"DemandMax":null,"Value":4284},{"Length":62,"Height":69,"Demand":1,"DemandMax":null,"Value":4278},{"Length":70,"Height":61,"Demand":1,"DemandMax":null,"Value":4270},{"Length":54,"Height":79,"Demand":1,"DemandMax":null,"Value":4266},{"Length":52,"Height":82,"Demand":1,"DemandMax":null,"Value":4264},{"Length":60,"Height":71,"Demand":1,"DemandMax":null,"Value":4260},{"Length":56,"Height":76,"Demand":1,"DemandMax":null,"Value":4256},{"Length":55,"Height":77,"Demand":1,"DemandMax":null,"Value":4235},{"Length":88,"Height":48,"Demand":1,"DemandMax":null,"Value":4224},{"Length":67,"Height":63,"Demand":1,"DemandMax":null,"Value":4221},{"Length":57,"Height":74,"Demand":1,"DemandMax":null,"Value":4218},{"Length":86,"Height":49,"Demand":1,"DemandMax":null,"Value":4214},{"Length":78,"Height":54,"Demand":1,"DemandMax":null,"Value":4212},{"Length":72,"Height":58,"Demand":1,"DemandMax":null,"Value":4176},{"Length":73,"Height":57,"Demand":1,"DemandMax":null,"Value":4161},{"Length":80,"Height":52,"Demand":1,"DemandMax":null,"Value":4160},{"Length":62,"Height":67,"Demand":1,"DemandMax":null,"Value":4154},{"Length":83,"Height":50,"Demand":1,"DemandMax":null,"Value":4150},{"Length":60,"Height":69,"Demand":1,"DemandMax":null,"Value":4140},{"Length":78,"Height":53,"Demand":1,"DemandMax":null,"Value":4134},{"Length":51,"Height":81,"Demand":1,"DemandMax":null,"Value":4131},{"Length":58,"Height":71,"Demand":1,"DemandMax":null,"Value":4118},{"Length":72,"Height":57,"Demand":1,"DemandMax":null,"Value":4104},{"Length":65,"Height":63,"Demand":1,"DemandMax":null,"Value":4095},{"Length":46,"Height":89,"Demand":1,"DemandMax":null,"Value":4094},{"Length":62,"Height":66,"Demand":1,"DemandMax":null,"Value":4092},{"Length":73,"Height":56,"Demand":1,"DemandMax":null,"Value":4088},{"Length":67,"Height":61,"Demand":1,"DemandMax":null,"Value":4087},{"Length":70,"Height":58,"Demand":1,"DemandMax":null,"Value":4060},{"Length":75,"Height":54,"Demand":1,"DemandMax":null,"Value":4050},{"Length":45,"Height":90,"Demand":1,"DemandMax":null,"Value":4050},{"Length":47,"Height":86,"Demand":1,"DemandMax":null,"Value":4042},{"Length":48,"Height":84,"Demand":1,"DemandMax":null,"Value":4032},{"Length":56,"Height":72,"Demand":1,"DemandMax":null,"Value":4032},{"Length":66,"Height":61,"Demand":1,"DemandMax":null,"Value":4026},{"Length":67,"Height":60,"Demand":1,"DemandMax":null,"Value":4020},{"Length":89,"Height":45,"Demand":1,"DemandMax":null,"Value":4005},{"Length":70,"Height":57,"Demand":1,"DemandMax":null,"Value":3990},{"Length":81,"Height":49,"Demand":1,"DemandMax":null,"Value":3969},{"Length":60,"Height":66,"Demand":1,"DemandMax":null,"Value":3960},{"Length":59,"Height":67,"Demand":1,"DemandMax":null,"Value":3953},{"Length":57,"Height":69,"Demand":1,"DemandMax":null,"Value":3933},{"Length":46,"Height":85,"Demand":1,"DemandMax":null,"Value":3910},{"Length":63,"Height":62,"Demand":1,"DemandMax":null,"Value":3906},{"Length":55,"Height":71,"Demand":1,"DemandMax":null,"Value":3905},{"Length":60,"Height":65,"Demand":1,"DemandMax":null,"Value":3900},{"Length":51,"Height":76,"Demand":1,"DemandMax":null,"Value":3876},{"Length":44,"Height":88,"Demand":1,"DemandMax":null,"Value":3872},{"Length":43,"Height":90,"Demand":1,"DemandMax":null,"Value":3870},{"Length":53,"Height":73,"Demand":1,"DemandMax":null,"Value":3869},{"Length":84,"Height":46,"Demand":1,"DemandMax":null,"Value":3864},{"Length":74,"Height":52,"Demand":1,"DemandMax":null,"Value":3848},{"Length":64,"Height":60,"Demand":1,"DemandMax":null,"Value":3840},{"Length":87,"Height":44,"Demand":1,"DemandMax":null,"Value":3828},{"Length":58,"Height":66,"Demand":1,"DemandMax":null,"Value":3828},{"Length":85,"Height":45,"Demand":1,"DemandMax":null,"Value":3825},{"Length":75,"Height":51,"Demand":1,"DemandMax":null,"Value":3825},{"Length":78,"Height":49,"Demand":1,"DemandMax":null,"Value":3822},{"Length":69,"Height":55,"Demand":1,"DemandMax":null,"Value":3795},{"Length":88,"Height":43,"Demand":1,"DemandMax":null,"Value":3784},{"Length":60,"Height":63,"Demand":1,"DemandMax":null,"Value":3780},{"Length":74,"Height":51,"Demand":1,"DemandMax":null,"Value":3774},{"Length":46,"Height":82,"Demand":1,"DemandMax":null,"Value":3772},{"Length":57,"Height":66,"Demand":1,"DemandMax":null,"Value":3762},{"Length":80,"Height":47,"Demand":1,"DemandMax":null,"Value":3760},{"Length":67,"Height":56,"Demand":1,"DemandMax":null,"Value":3752},{"Length":45,"Height":83,"Demand":1,"DemandMax":null,"Value":3735},{"Length":46,"Height":81,"Demand":1,"DemandMax":null,"Value":3726},{"Length":63,"Height":59,"Demand":1,"DemandMax":null,"Value":3717},{"Length":64,"Height":58,"Demand":1,"DemandMax":null,"Value":3712},{"Length":44,"Height":84,"Demand":1,"DemandMax":null,"Value":3696},{"Length":42,"Height":88,"Demand":1,"DemandMax":null,"Value":3696},{"Length":48,"Height":77,"Demand":1,"DemandMax":null,"Value":3696},{"Length":41,"Height":90,"Demand":1,"DemandMax":null,"Value":3690},{"Length":54,"Height":68,"Demand":1,"DemandMax":null,"Value":3672},{"Length":83,"Height":44,"Demand":1,"DemandMax":null,"Value":3652},{"Length":41,"Height":89,"Demand":1,"DemandMax":null,"Value":3649},{"Length":48,"Height":76,"Demand":1,"DemandMax":null,"Value":3648},{"Length":52,"Height":70,"Demand":1,"DemandMax":null,"Value":3640},{"Length":79,"Height":46,"Demand":1,"DemandMax":null,"Value":3634},{"Length":74,"Height":49,"Demand":1,"DemandMax":null,"Value":3626},{"Length":51,"Height":71,"Demand":1,"DemandMax":null,"Value":3621},{"Length":42,"Height":86,"Demand":1,"DemandMax":null,"Value":3612},{"Length":41,"Height":88,"Demand":1,"DemandMax":null,"Value":3608},{"Length":82,"Height":44,"Demand":1,"DemandMax":null,"Value":3608},{"Length":55,"Height":65,"Demand":1,"DemandMax":null,"Value":3575},{"Length":76,"Height":47,"Demand":1,"DemandMax":null,"Value":3572},{"Length":42,"Height":85,"Demand":1,"DemandMax":null,"Value":3570},{"Length":43,"Height":83,"Demand":1,"DemandMax":null,"Value":3569},{"Length":79,"Height":45,"Demand":1,"DemandMax":null,"Value":3555},{"Length":50,"Height":71,"Demand":1,"DemandMax":null,"Value":3550},{"Length":59,"Height":60,"Demand":1,"DemandMax":null,"Value":3540},{"Length":68,"Height":52,"Demand":1,"DemandMax":null,"Value":3536},{"Length":62,"Height":57,"Demand":1,"DemandMax":null,"Value":3534},{"Length":63,"Height":56,"Demand":1,"DemandMax":null,"Value":3528},{"Length":43,"Height":82,"Demand":1,"DemandMax":null,"Value":3526},{"Length":80,"Height":44,"Demand":1,"DemandMax":null,"Value":3520},{"Length":64,"Height":55,"Demand":1,"DemandMax":null,"Value":3520},{"Length":51,"Height":69,"Demand":1,"DemandMax":null,"Value":3519},{"Length":65,"Height":54,"Demand":1,"DemandMax":null,"Value":3510},{"Length":90,"Height":39,"Demand":1,"DemandMax":null,"Value":3510},{"Length":85,"Height":41,"Demand":1,"DemandMax":null,"Value":3485},{"Length":87,"Height":40,"Demand":1,"DemandMax":null,"Value":3480},{"Length":60,"Height":58,"Demand":1,"DemandMax":null,"Value":3480},{"Length":74,"Height":47,"Demand":1,"DemandMax":null,"Value":3478},{"Length":79,"Height":44,"Demand":1,"DemandMax":null,"Value":3476},{"Length":39,"Height":89,"Demand":1,"DemandMax":null,"Value":3471},{"Length":69,"Height":50,"Demand":1,"DemandMax":null,"Value":3450},{"Length":46,"Height":75,"Demand":1,"DemandMax":null,"Value":3450},{"Length":53,"Height":65,"Demand":1,"DemandMax":null,"Value":3445},{"Length":39,"Height":88,"Demand":1,"DemandMax":null,"Value":3432},{"Length":49,"Height":70,"Demand":1,"DemandMax":null,"Value":3430},{"Length":58,"Height":59,"Demand":1,"DemandMax":null,"Value":3422},{"Length":56,"Height":61,"Demand":1,"DemandMax":null,"Value":3416},{"Length":74,"Height":46,"Demand":1,"DemandMax":null,"Value":3404},{"Length":81,"Height":42,"Demand":1,"DemandMax":null,"Value":3402},{"Length":85,"Height":40,"Demand":1,"DemandMax":null,"Value":3400},{"Length":38,"Height":89,"Demand":1,"DemandMax":null,"Value":3382},{"Length":51,"Height":66,"Demand":1,"DemandMax":null,"Value":3366},{"Length":46,"Height":73,"Demand":1,"DemandMax":null,"Value":3358},{"Length":44,"Height":76,"Demand":1,"DemandMax":null,"Value":3344},{"Length":81,"Height":41,"Demand":1,"DemandMax":null,"Value":3321},{"Length":40,"Height":83,"Demand":1,"DemandMax":null,"Value":3320},{"Length":42,"Height":79,"Demand":1,"DemandMax":null,"Value":3318},{"Length":48,"Height":69,"Demand":1,"DemandMax":null,"Value":3312},{"Length":77,"Height":43,"Demand":1,"DemandMax":null,"Value":3311},{"Length":38,"Height":87,"Demand":1,"DemandMax":null,"Value":3306},{"Length":44,"Height":75,"Demand":1,"DemandMax":null,"Value":3300},{"Length":49,"Height":67,"Demand":1,"DemandMax":null,"Value":3283},{"Length":42,"Height":78,"Demand":1,"DemandMax":null,"Value":3276},{"Length":86,"Height":38,"Demand":1,"DemandMax":null,"Value":3268},{"Length":68,"Height":48,"Demand":1,"DemandMax":null,"Value":3264},{"Length":74,"Height":44,"Demand":1,"DemandMax":null,"Value":3256},{"Length":65,"Height":50,"Demand":1,"DemandMax":null,"Value":3250},{"Length":55,"Height":59,"Demand":1,"DemandMax":null,"Value":3245},{"Length":47,"Height":69,"Demand":1,"DemandMax":null,"Value":3243},{"Length":36,"Height":90,"Demand":1,"DemandMax":null,"Value":3240},{"Length":41,"Height":79,"Demand":1,"DemandMax":null,"Value":3239},{"Length":66,"Height":49,"Demand":1,"DemandMax":null,"Value":3234},{"Length":43,"Height":75,"Demand":1,"DemandMax":null,"Value":3225},{"Length":62,"Height":52,"Demand":1,"DemandMax":null,"Value":3224},{"Length":67,"Height":48,"Demand":1,"DemandMax":null,"Value":3216},{"Length":40,"Height":80,"Demand":1,"DemandMax":null,"Value":3200},{"Length":78,"Height":41,"Demand":1,"DemandMax":null,"Value":3198},{"Length":56,"Height":57,"Demand":1,"DemandMax":null,"Value":3192},{"Length":58,"Height":55,"Demand":1,"DemandMax":null,"Value":3190},{"Length":44,"Height":72,"Demand":1,"DemandMax":null,"Value":3168},{"Length":45,"Height":70,"Demand":1,"DemandMax":null,"Value":3150},{"Length":43,"Height":73,"Demand":1,"DemandMax":null,"Value":3139},{"Length":49,"Height":64,"Demand":1,"DemandMax":null,"Value":3136},{"Length":57,"Height":55,"Demand":1,"DemandMax":null,"Value":3135},{"Length":87,"Height":36,"Demand":1,"DemandMax":null,"Value":3132},{"Length":44,"Height":71,"Demand":1,"DemandMax":null,"Value":3124},{"Length":47,"Height":66,"Demand":1,"DemandMax":null,"Value":3102},{"Length":63,"Height":49,"Demand":1,"DemandMax":null,"Value":3087},{"Length":79,"Height":39,"Demand":1,"DemandMax":null,"Value":3081},{"Length":44,"Height":70,"Demand":1,"DemandMax":null,"Value":3080},{"Length":64,"Height":48,"Demand":1,"DemandMax":null,"Value":3072},{"Length":59,"Height":52,"Demand":1,"DemandMax":null,"Value":3068},{"Length":47,"Height":65,"Demand":1,"DemandMax":null,"Value":3055},{"Length":62,"Height":49,"Demand":1,"DemandMax":null,"Value":3038},{"Length":69,"Height":44,"Demand":1,"DemandMax":null,"Value":3036},{"Length":57,"Height":53,"Demand":1,"DemandMax":null,"Value":3021},{"Length":58,"Height":52,"Demand":1,"DemandMax":null,"Value":3016},{"Length":45,"Height":67,"Demand":1,"DemandMax":null,"Value":3015},{"Length":35,"Height":86,"Demand":1,"DemandMax":null,"Value":3010},{"Length":59,"Height":51,"Demand":1,"DemandMax":null,"Value":3009},{"Length":88,"Height":34,"Demand":1,"DemandMax":null,"Value":2992},{"Length":69,"Height":43,"Demand":1,"DemandMax":null,"Value":2967},{"Length":40,"Height":74,"Demand":1,"DemandMax":null,"Value":2960},{"Length":36,"Height":82,"Demand":1,"DemandMax":null,"Value":2952},{"Length":72,"Height":41,"Demand":1,"DemandMax":null,"Value":2952},{"Length":50,"Height":59,"Demand":1,"DemandMax":null,"Value":2950},{"Length":67,"Height":44,"Demand":1,"DemandMax":null,"Value":2948},{"Length":49,"Height":60,"Demand":1,"DemandMax":null,"Value":2940},{"Length":39,"Height":75,"Demand":1,"DemandMax":null,"Value":2925},{"Length":55,"Height":53,"Demand":1,"DemandMax":null,"Value":2915},{"Length":35,"Height":83,"Demand":1,"DemandMax":null,"Value":2905},{"Length":50,"Height":58,"Demand":1,"DemandMax":null,"Value":2900},{"Length":69,"Height":42,"Demand":1,"DemandMax":null,"Value":2898},{"Length":59,"Height":49,"Demand":1,"DemandMax":null,"Value":2891},{"Length":34,"Height":85,"Demand":1,"DemandMax":null,"Value":2890},{"Length":33,"Height":87,"Demand":1,"DemandMax":null,"Value":2871},{"Length":41,"Height":70,"Demand":1,"DemandMax":null,"Value":2870},{"Length":52,"Height":55,"Demand":1,"DemandMax":null,"Value":2860},{"Length":50,"Height":57,"Demand":1,"DemandMax":null,"Value":2850},{"Length":79,"Height":36,"Demand":1,"DemandMax":null,"Value":2844},{"Length":58,"Height":49,"Demand":1,"DemandMax":null,"Value":2842},{"Length":83,"Height":34,"Demand":1,"DemandMax":null,"Value":2822},{"Length":70,"Height":40,"Demand":1,"DemandMax":null,"Value":2800},{"Length":50,"Height":56,"Demand":1,"DemandMax":null,"Value":2800},{"Length":90,"Height":31,"Demand":1,"DemandMax":null,"Value":2790},{"Length":68,"Height":41,"Demand":1,"DemandMax":null,"Value":2788},{"Length":46,"Height":60,"Demand":1,"DemandMax":null,"Value":2760},{"Length":69,"Height":40,"Demand":1,"DemandMax":null,"Value":2760},{"Length":31,"Height":89,"Demand":1,"DemandMax":null,"Value":2759},{"Length":86,"Height":32,"Demand":1,"DemandMax":null,"Value":2752},{"Length":41,"Height":67,"Demand":1,"DemandMax":null,"Value":2747},{"Length":76,"Height":36,"Demand":1,"DemandMax":null,"Value":2736},{"Length":35,"Height":78,"Demand":1,"DemandMax":null,"Value":2730},{"Length":42,"Height":65,"Demand":1,"DemandMax":null,"Value":2730},{"Length":39,"Height":70,"Demand":1,"DemandMax":null,"Value":2730},{"Length":88,"Height":31,"Demand":1,"DemandMax":null,"Value":2728},{"Length":58,"Height":47,"Demand":1,"DemandMax":null,"Value":2726},{"Length":32,"Height":85,"Demand":1,"DemandMax":null,"Value":2720},{"Length":40,"Height":68,"Demand":1,"DemandMax":null,"Value":2720},{"Length":46,"Height":59,"Demand":1,"DemandMax":null,"Value":2714},{"Length":43,"Height":63,"Demand":1,"DemandMax":null,"Value":2709},{"Length":48,"Height":56,"Demand":1,"DemandMax":null,"Value":2688},{"Length":79,"Height":34,"Demand":1,"DemandMax":null,"Value":2686},{"Length":67,"Height":40,"Demand":1,"DemandMax":null,"Value":2680},{"Length":81,"Height":33,"Demand":1,"DemandMax":null,"Value":2673},{"Length":43,"Height":62,"Demand":1,"DemandMax":null,"Value":2666},{"Length":65,"Height":41,"Demand":1,"DemandMax":null,"Value":2665},{"Length":74,"Height":36,"Demand":1,"DemandMax":null,"Value":2664},{"Length":32,"Height":83,"Demand":1,"DemandMax":null,"Value":2656},{"Length":50,"Height":53,"Demand":1,"DemandMax":null,"Value":2650},{"Length":30,"Height":88,"Demand":1,"DemandMax":null,"Value":2640},{"Length":75,"Height":35,"Demand":1,"DemandMax":null,"Value":2625},{"Length":64,"Height":41,"Demand":1,"DemandMax":null,"Value":2624},{"Length":29,"Height":90,"Demand":1,"DemandMax":null,"Value":2610},{"Length":42,"Height":62,"Demand":1,"DemandMax":null,"Value":2604},{"Length":53,"Height":49,"Demand":1,"DemandMax":null,"Value":2597},{"Length":72,"Height":36,"Demand":1,"DemandMax":null,"Value":2592},{"Length":74,"Height":35,"Demand":1,"DemandMax":null,"Value":2590},{"Length":55,"Height":47,"Demand":1,"DemandMax":null,"Value":2585},{"Length":86,"Height":30,"Demand":1,"DemandMax":null,"Value":2580},{"Length":56,"Height":46,"Demand":1,"DemandMax":null,"Value":2576},{"Length":80,"Height":32,"Demand":1,"DemandMax":null,"Value":2560},{"Length":44,"Height":58,"Demand":1,"DemandMax":null,"Value":2552},{"Length":41,"Height":62,"Demand":1,"DemandMax":null,"Value":2542},{"Length":43,"Height":59,"Demand":1,"DemandMax":null,"Value":2537},{"Length":32,"Height":79,"Demand":1,"DemandMax":null,"Value":2528},{"Length":30,"Height":84,"Demand":1,"DemandMax":null,"Value":2520},{"Length":74,"Height":34,"Demand":1,"DemandMax":null,"Value":2516},{"Length":37,"Height":68,"Demand":1,"DemandMax":null,"Value":2516},{"Length":33,"Height":76,"Demand":1,"DemandMax":null,"Value":2508},{"Length":66,"Height":38,"Demand":1,"DemandMax":null,"Value":2508},{"Length":44,"Height":57,"Demand":1,"DemandMax":null,"Value":2508},{"Length":51,"Height":49,"Demand":1,"DemandMax":null,"Value":2499},{"Length":52,"Height":48,"Demand":1,"DemandMax":null,"Value":2496},{"Length":64,"Height":39,"Demand":1,"DemandMax":null,"Value":2496},{"Length":86,"Height":29,"Demand":1,"DemandMax":null,"Value":2494},{"Length":43,"Height":58,"Demand":1,"DemandMax":null,"Value":2494},{"Length":36,"Height":69,"Demand":1,"DemandMax":null,"Value":2484},{"Length":55,"Height":45,"Demand":1,"DemandMax":null,"Value":2475},{"Length":88,"Height":28,"Demand":1,"DemandMax":null,"Value":2464},{"Length":82,"Height":30,"Demand":1,"DemandMax":null,"Value":2460},{"Length":57,"Height":43,"Demand":1,"DemandMax":null,"Value":2451},{"Length":70,"Height":35,"Demand":1,"DemandMax":null,"Value":2450},{"Length":72,"Height":34,"Demand":1,"DemandMax":null,"Value":2448},{"Length":51,"Height":48,"Demand":1,"DemandMax":null,"Value":2448},{"Length":54,"Height":45,"Demand":1,"DemandMax":null,"Value":2430},{"Length":59,"Height":41,"Demand":1,"DemandMax":null,"Value":2419},{"Length":39,"Height":62,"Demand":1,"DemandMax":null,"Value":2418},{"Length":35,"Height":69,"Demand":1,"DemandMax":null,"Value":2415},{"Length":28,"Height":86,"Demand":1,"DemandMax":null,"Value":2408},{"Length":89,"Height":27,"Demand":1,"DemandMax":null,"Value":2403},{"Length":38,"Height":63,"Demand":1,"DemandMax":null,"Value":2394},{"Length":42,"Height":57,"Demand":1,"DemandMax":null,"Value":2394},{"Length":85,"Height":28,"Demand":1,"DemandMax":null,"Value":2380},{"Length":88,"Height":27,"Demand":1,"DemandMax":null,"Value":2376},{"Length":66,"Height":36,"Demand":1,"DemandMax":null,"Value":2376},{"Length":74,"Height":32,"Demand":1,"DemandMax":null,"Value":2368},{"Length":48,"Height":49,"Demand":1,"DemandMax":null,"Value":2352},{"Length":81,"Height":29,"Demand":1,"DemandMax":null,"Value":2349},{"Length":26,"Height":90,"Demand":1,"DemandMax":null,"Value":2340},{"Length":53,"Height":44,"Demand":1,"DemandMax":null,"Value":2332},{"Length":54,"Height":43,"Demand":1,"DemandMax":null,"Value":2322},{"Length":66,"Height":35,"Demand":1,"DemandMax":null,"Value":2310},{"Length":30,"Height":77,"Demand":1,"DemandMax":null,"Value":2310},{"Length":52,"Height":44,"Demand":1,"DemandMax":null,"Value":2288},{"Length":35,"Height":65,"Demand":1,"DemandMax":null,"Value":2275},{"Length":81,"Height":28,"Demand":1,"DemandMax":null,"Value":2268},{"Length":84,"Height":27,"Demand":1,"DemandMax":null,"Value":2268},{"Length":73,"Height":31,"Demand":1,"DemandMax":null,"Value":2263},{"Length":49,"Height":46,"Demand":1,"DemandMax":null,"Value":2254},{"Length":80,"Height":28,"Demand":1,"DemandMax":null,"Value":2240},{"Length":47,"Height":47,"Demand":1,"DemandMax":null,"Value":2209},{"Length":69,"Height":32,"Demand":1,"DemandMax":null,"Value":2208},{"Length":49,"Height":45,"Demand":1,"DemandMax":null,"Value":2205},{"Length":58,"Height":38,"Demand":1,"DemandMax":null,"Value":2204},{"Length":50,"Height":44,"Demand":1,"DemandMax":null,"Value":2200},{"Length":52,"Height":42,"Demand":1,"DemandMax":null,"Value":2184},{"Length":75,"Height":29,"Demand":1,"DemandMax":null,"Value":2175},{"Length":25,"Height":87,"Demand":1,"DemandMax":null,"Value":2175},{"Length":62,"Height":35,"Demand":1,"DemandMax":null,"Value":2170},{"Length":57,"Height":38,"Demand":1,"DemandMax":null,"Value":2166},{"Length":37,"Height":58,"Demand":1,"DemandMax":null,"Value":2146},{"Length":65,"Height":33,"Demand":1,"DemandMax":null,"Value":2145},{"Length":51,"Height":42,"Demand":1,"DemandMax":null,"Value":2142},{"Length":89,"Height":24,"Demand":1,"DemandMax":null,"Value":2136},{"Length":28,"Height":76,"Demand":1,"DemandMax":null,"Value":2128},{"Length":36,"Height":59,"Demand":1,"DemandMax":null,"Value":2124},{"Length":68,"Height":31,"Demand":1,"DemandMax":null,"Value":2108},{"Length":78,"Height":27,"Demand":1,"DemandMax":null,"Value":2106},{"Length":26,"Height":81,"Demand":1,"DemandMax":null,"Value":2106},{"Length":25,"Height":84,"Demand":1,"DemandMax":null,"Value":2100},{"Length":28,"Height":75,"Demand":1,"DemandMax":null,"Value":2100},{"Length":41,"Height":51,"Demand":1,"DemandMax":null,"Value":2091},{"Length":24,"Height":87,"Demand":1,"DemandMax":null,"Value":2088},{"Length":58,"Height":36,"Demand":1,"DemandMax":null,"Value":2088},{"Length":25,"Height":83,"Demand":1,"DemandMax":null,"Value":2075},{"Length":90,"Height":23,"Demand":1,"DemandMax":null,"Value":2070},{"Length":44,"Height":47,"Demand":1,"DemandMax":null,"Value":2068},{"Length":86,"Height":24,"Demand":1,"DemandMax":null,"Value":2064},{"Length":27,"Height":76,"Demand":1,"DemandMax":null,"Value":2052},{"Length":32,"Height":64,"Demand":1,"DemandMax":null,"Value":2048},{"Length":29,"Height":70,"Demand":1,"DemandMax":null,"Value":2030},{"Length":45,"Height":45,"Demand":1,"DemandMax":null,"Value":2025},{"Length":43,"Height":47,"Demand":1,"DemandMax":null,"Value":2021},{"Length":48,"Height":42,"Demand":1,"DemandMax":null,"Value":2016},{"Length":67,"Height":30,"Demand":1,"DemandMax":null,"Value":2010},{"Length":49,"Height":41,"Demand":1,"DemandMax":null,"Value":2009},{"Length":69,"Height":29,"Demand":1,"DemandMax":null,"Value":2001},{"Length":35,"Height":57,"Demand":1,"DemandMax":null,"Value":1995},{"Length":86,"Height":23,"Demand":1,"DemandMax":null,"Value":1978},{"Length":79,"Height":25,"Demand":1,"DemandMax":null,"Value":1975},{"Length":34,"Height":58,"Demand":1,"DemandMax":null,"Value":1972},{"Length":26,"Height":75,"Demand":1,"DemandMax":null,"Value":1950},{"Length":33,"Height":59,"Demand":1,"DemandMax":null,"Value":1947},{"Length":81,"Height":24,"Demand":1,"DemandMax":null,"Value":1944},{"Length":43,"Height":45,"Demand":1,"DemandMax":null,"Value":1935},{"Length":23,"Height":84,"Demand":1,"DemandMax":null,"Value":1932},{"Length":52,"Height":37,"Demand":1,"DemandMax":null,"Value":1924},{"Length":71,"Height":27,"Demand":1,"DemandMax":null,"Value":1917},{"Length":34,"Height":56,"Demand":1,"DemandMax":null,"Value":1904},{"Length":44,"Height":43,"Demand":1,"DemandMax":null,"Value":1892},{"Length":42,"Height":45,"Demand":1,"DemandMax":null,"Value":1890},{"Length":90,"Height":21,"Demand":1,"DemandMax":null,"Value":1890},{"Length":46,"Height":41,"Demand":1,"DemandMax":null,"Value":1886},{"Length":82,"Height":23,"Demand":1,"DemandMax":null,"Value":1886},{"Length":67,"Height":28,"Demand":1,"DemandMax":null,"Value":1876},{"Length":78,"Height":24,"Demand":1,"DemandMax":null,"Value":1872},{"Length":72,"Height":26,"Demand":1,"DemandMax":null,"Value":1872},{"Length":27,"Height":69,"Demand":1,"DemandMax":null,"Value":1863},{"Length":38,"Height":49,"Demand":1,"DemandMax":null,"Value":1862},{"Length":77,"Height":24,"Demand":1,"DemandMax":null,"Value":1848},{"Length":44,"Height":42,"Demand":1,"DemandMax":null,"Value":1848},{"Length":45,"Height":41,"Demand":1,"DemandMax":null,"Value":1845},{"Length":54,"Height":34,"Demand":1,"DemandMax":null,"Value":1836},{"Length":27,"Height":68,"Demand":1,"DemandMax":null,"Value":1836},{"Length":51,"Height":36,"Demand":1,"DemandMax":null,"Value":1836},{"Length":47,"Height":39,"Demand":1,"DemandMax":null,"Value":1833},{"Length":38,"Height":48,"Demand":1,"DemandMax":null,"Value":1824},{"Length":49,"Height":37,"Demand":1,"DemandMax":null,"Value":1813},{"Length":67,"Height":27,"Demand":1,"DemandMax":null,"Value":1809},{"Length":86,"Height":21,"Demand":1,"DemandMax":null,"Value":1806},{"Length":34,"Height":53,"Demand":1,"DemandMax":null,"Value":1802},{"Length":20,"Height":90,"Demand":1,"DemandMax":null,"Value":1800},{"Length":40,"Height":45,"Demand":1,"DemandMax":null,"Value":1800},{"Length":23,"Height":78,"Demand":1,"DemandMax":null,"Value":1794},{"Length":69,"Height":26,"Demand":1,"DemandMax":null,"Value":1794},{"Length":28,"Height":64,"Demand":1,"DemandMax":null,"Value":1792},{"Length":51,"Height":35,"Demand":1,"DemandMax":null,"Value":1785},{"Length":59,"Height":30,"Demand":1,"DemandMax":null,"Value":1770},{"Length":31,"Height":57,"Demand":1,"DemandMax":null,"Value":1767},{"Length":22,"Height":80,"Demand":1,"DemandMax":null,"Value":1760},{"Length":32,"Height":55,"Demand":1,"DemandMax":null,"Value":1760},{"Length":65,"Height":27,"Demand":1,"DemandMax":null,"Value":1755},{"Length":73,"Height":24,"Demand":1,"DemandMax":null,"Value":1752},{"Length":38,"Height":46,"Demand":1,"DemandMax":null,"Value":1748},{"Length":60,"Height":29,"Demand":1,"DemandMax":null,"Value":1740},{"Length":47,"Height":37,"Demand":1,"DemandMax":null,"Value":1739},{"Length":64,"Height":27,"Demand":1,"DemandMax":null,"Value":1728},{"Length":36,"Height":48,"Demand":1,"DemandMax":null,"Value":1728},{"Length":75,"Height":23,"Demand":1,"DemandMax":null,"Value":1725},{"Length":40,"Height":43,"Demand":1,"DemandMax":null,"Value":1720},{"Length":20,"Height":86,"Demand":1,"DemandMax":null,"Value":1720},{"Length":39,"Height":44,"Demand":1,"DemandMax":null,"Value":1716},{"Length":57,"Height":30,"Demand":1,"DemandMax":null,"Value":1710},{"Length":55,"Height":31,"Demand":1,"DemandMax":null,"Value":1705},{"Length":71,"Height":24,"Demand":1,"DemandMax":null,"Value":1704},{"Length":37,"Height":46,"Demand":1,"DemandMax":null,"Value":1702},{"Length":81,"Height":21,"Demand":1,"DemandMax":null,"Value":1701},{"Length":50,"Height":34,"Demand":1,"DemandMax":null,"Value":1700},{"Length":53,"Height":32,"Demand":1,"DemandMax":null,"Value":1696},{"Length":47,"Height":36,"Demand":1,"DemandMax":null,"Value":1692},{"Length":89,"Height":19,"Demand":1,"DemandMax":null,"Value":1691},{"Length":29,"Height":58,"Demand":1,"DemandMax":null,"Value":1682},{"Length":49,"Height":34,"Demand":1,"DemandMax":null,"Value":1666},{"Length":21,"Height":79,"Demand":1,"DemandMax":null,"Value":1659},{"Length":46,"Height":36,"Demand":1,"DemandMax":null,"Value":1656},{"Length":87,"Height":19,"Demand":1,"DemandMax":null,"Value":1653},{"Length":22,"Height":75,"Demand":1,"DemandMax":null,"Value":1650},{"Length":61,"Height":27,"Demand":1,"DemandMax":null,"Value":1647},{"Length":71,"Height":23,"Demand":1,"DemandMax":null,"Value":1633},{"Length":74,"Height":22,"Demand":1,"DemandMax":null,"Value":1628},{"Length":18,"Height":90,"Demand":1,"DemandMax":null,"Value":1620},{"Length":54,"Height":30,"Demand":1,"DemandMax":null,"Value":1620},{"Length":77,"Height":21,"Demand":1,"DemandMax":null,"Value":1617},{"Length":31,"Height":52,"Demand":1,"DemandMax":null,"Value":1612},{"Length":62,"Height":26,"Demand":1,"DemandMax":null,"Value":1612},{"Length":23,"Height":70,"Demand":1,"DemandMax":null,"Value":1610},{"Length":20,"Height":80,"Demand":1,"DemandMax":null,"Value":1600},{"Length":32,"Height":50,"Demand":1,"DemandMax":null,"Value":1600},{"Length":57,"Height":28,"Demand":1,"DemandMax":null,"Value":1596},{"Length":72,"Height":22,"Demand":1,"DemandMax":null,"Value":1584},{"Length":66,"Height":24,"Demand":1,"DemandMax":null,"Value":1584},{"Length":88,"Height":18,"Demand":1,"DemandMax":null,"Value":1584},{"Length":19,"Height":83,"Demand":1,"DemandMax":null,"Value":1577},{"Length":45,"Height":35,"Demand":1,"DemandMax":null,"Value":1575},{"Length":21,"Height":75,"Demand":1,"DemandMax":null,"Value":1575},{"Length":25,"Height":63,"Demand":1,"DemandMax":null,"Value":1575},{"Length":52,"Height":30,"Demand":1,"DemandMax":null,"Value":1560},{"Length":42,"Height":37,"Demand":1,"DemandMax":null,"Value":1554},{"Length":35,"Height":44,"Demand":1,"DemandMax":null,"Value":1540},{"Length":32,"Height":48,"Demand":1,"DemandMax":null,"Value":1536},{"Length":51,"Height":30,"Demand":1,"DemandMax":null,"Value":1530},{"Length":22,"Height":69,"Demand":1,"DemandMax":null,"Value":1518},{"Length":41,"Height":37,"Demand":1,"DemandMax":null,"Value":1517},{"Length":89,"Height":17,"Demand":1,"DemandMax":null,"Value":1513},{"Length":28,"Height":54,"Demand":1,"DemandMax":null,"Value":1512},{"Length":56,"Height":27,"Demand":1,"DemandMax":null,"Value":1512},{"Length":29,"Height":52,"Demand":1,"DemandMax":null,"Value":1508},{"Length":58,"Height":26,"Demand":1,"DemandMax":null,"Value":1508},{"Length":35,"Height":43,"Demand":1,"DemandMax":null,"Value":1505},{"Length":17,"Height":88,"Demand":1,"DemandMax":null,"Value":1496},{"Length":44,"Height":34,"Demand":1,"DemandMax":null,"Value":1496},{"Length":83,"Height":18,"Demand":1,"DemandMax":null,"Value":1494},{"Length":71,"Height":21,"Demand":1,"DemandMax":null,"Value":1491},{"Length":31,"Height":48,"Demand":1,"DemandMax":null,"Value":1488},{"Length":62,"Height":24,"Demand":1,"DemandMax":null,"Value":1488},{"Length":27,"Height":55,"Demand":1,"DemandMax":null,"Value":1485},{"Length":67,"Height":22,"Demand":1,"DemandMax":null,"Value":1474},{"Length":23,"Height":64,"Demand":1,"DemandMax":null,"Value":1472},{"Length":43,"Height":34,"Demand":1,"DemandMax":null,"Value":1462},{"Length":26,"Height":56,"Demand":1,"DemandMax":null,"Value":1456},{"Length":18,"Height":80,"Demand":1,"DemandMax":null,"Value":1440},{"Length":35,"Height":41,"Demand":1,"DemandMax":null,"Value":1435},{"Length":34,"Height":42,"Demand":1,"DemandMax":null,"Value":1428},{"Length":18,"Height":79,"Demand":1,"DemandMax":null,"Value":1422},{"Length":64,"Height":22,"Demand":1,"DemandMax":null,"Value":1408},{"Length":31,"Height":45,"Demand":1,"DemandMax":null,"Value":1395},{"Length":17,"Height":82,"Demand":1,"DemandMax":null,"Value":1394},{"Length":21,"Height":66,"Demand":1,"DemandMax":null,"Value":1386},{"Length":60,"Height":23,"Demand":1,"DemandMax":null,"Value":1380},{"Length":81,"Height":17,"Demand":1,"DemandMax":null,"Value":1377},{"Length":28,"Height":49,"Demand":1,"DemandMax":null,"Value":1372},{"Length":18,"Height":76,"Demand":1,"DemandMax":null,"Value":1368},{"Length":65,"Height":21,"Demand":1,"DemandMax":null,"Value":1365},{"Length":35,"Height":39,"Demand":1,"DemandMax":null,"Value":1365},{"Length":16,"Height":85,"Demand":1,"DemandMax":null,"Value":1360},{"Length":59,"Height":23,"Demand":1,"DemandMax":null,"Value":1357},{"Length":26,"Height":52,"Demand":1,"DemandMax":null,"Value":1352},{"Length":54,"Height":25,"Demand":1,"DemandMax":null,"Value":1350},{"Length":19,"Height":71,"Demand":1,"DemandMax":null,"Value":1349},{"Length":48,"Height":28,"Demand":1,"DemandMax":null,"Value":1344},{"Length":22,"Height":61,"Demand":1,"DemandMax":null,"Value":1342},{"Length":18,"Height":74,"Demand":1,"DemandMax":null,"Value":1332},{"Length":70,"Height":19,"Demand":1,"DemandMax":null,"Value":1330},{"Length":16,"Height":83,"Demand":1,"DemandMax":null,"Value":1328},{"Length":34,"Height":39,"Demand":1,"DemandMax":null,"Value":1326},{"Length":63,"Height":21,"Demand":1,"DemandMax":null,"Value":1323},{"Length":44,"Height":30,"Demand":1,"DemandMax":null,"Value":1320},{"Length":69,"Height":19,"Demand":1,"DemandMax":null,"Value":1311},{"Length":42,"Height":31,"Demand":1,"DemandMax":null,"Value":1302},{"Length":26,"Height":50,"Demand":1,"DemandMax":null,"Value":1300},{"Length":34,"Height":38,"Demand":1,"DemandMax":null,"Value":1292},{"Length":86,"Height":15,"Demand":1,"DemandMax":null,"Value":1290},{"Length":39,"Height":33,"Demand":1,"DemandMax":null,"Value":1287},{"Length":21,"Height":61,"Demand":1,"DemandMax":null,"Value":1281},{"Length":20,"Height":64,"Demand":1,"DemandMax":null,"Value":1280},{"Length":58,"Height":22,"Demand":1,"DemandMax":null,"Value":1276},{"Length":85,"Height":15,"Demand":1,"DemandMax":null,"Value":1275},{"Length":17,"Height":75,"Demand":1,"DemandMax":null,"Value":1275},{"Length":19,"Height":67,"Demand":1,"DemandMax":null,"Value":1273},{"Length":27,"Height":47,"Demand":1,"DemandMax":null,"Value":1269},{"Length":35,"Height":36,"Demand":1,"DemandMax":null,"Value":1260},{"Length":37,"Height":34,"Demand":1,"DemandMax":null,"Value":1258},{"Length":22,"Height":57,"Demand":1,"DemandMax":null,"Value":1254},{"Length":50,"Height":25,"Demand":1,"DemandMax":null,"Value":1250},{"Length":24,"Height":52,"Demand":1,"DemandMax":null,"Value":1248},{"Length":43,"Height":29,"Demand":1,"DemandMax":null,"Value":1247},{"Length":18,"Height":69,"Demand":1,"DemandMax":null,"Value":1242},{"Length":30,"Height":41,"Demand":1,"DemandMax":null,"Value":1230},{"Length":34,"Height":36,"Demand":1,"DemandMax":null,"Value":1224},{"Length":47,"Height":26,"Demand":1,"DemandMax":null,"Value":1222},{"Length":33,"Height":37,"Demand":1,"DemandMax":null,"Value":1221},{"Length":53,"Height":23,"Demand":1,"DemandMax":null,"Value":1219},{"Length":87,"Height":14,"Demand":1,"DemandMax":null,"Value":1218},{"Length":64,"Height":19,"Demand":1,"DemandMax":null,"Value":1216},{"Length":15,"Height":81,"Demand":1,"DemandMax":null,"Value":1215},{"Length":18,"Height":67,"Demand":1,"DemandMax":null,"Value":1206},{"Length":60,"Height":20,"Demand":1,"DemandMax":null,"Value":1200},{"Length":35,"Height":34,"Demand":1,"DemandMax":null,"Value":1190},{"Length":41,"Height":29,"Demand":1,"DemandMax":null,"Value":1189},{"Length":27,"Height":44,"Demand":1,"DemandMax":null,"Value":1188},{"Length":66,"Height":18,"Demand":1,"DemandMax":null,"Value":1188},{"Length":38,"Height":31,"Demand":1,"DemandMax":null,"Value":1178},{"Length":24,"Height":49,"Demand":1,"DemandMax":null,"Value":1176},{"Length":25,"Height":47,"Demand":1,"DemandMax":null,"Value":1175},{"Length":69,"Height":17,"Demand":1,"DemandMax":null,"Value":1173},{"Length":45,"Height":26,"Demand":1,"DemandMax":null,"Value":1170},{"Length":53,"Height":22,"Demand":1,"DemandMax":null,"Value":1166},{"Length":29,"Height":40,"Demand":1,"DemandMax":null,"Value":1160},{"Length":35,"Height":33,"Demand":1,"DemandMax":null,"Value":1155},{"Length":24,"Height":48,"Demand":1,"DemandMax":null,"Value":1152},{"Length":25,"Height":46,"Demand":1,"DemandMax":null,"Value":1150},{"Length":28,"Height":41,"Demand":1,"DemandMax":null,"Value":1148},{"Length":22,"Height":52,"Demand":1,"DemandMax":null,"Value":1144},{"Length":13,"Height":88,"Demand":1,"DemandMax":null,"Value":1144},{"Length":24,"Height":47,"Demand":1,"DemandMax":null,"Value":1128},{"Length":25,"Height":45,"Demand":1,"DemandMax":null,"Value":1125},{"Length":13,"Height":86,"Demand":1,"DemandMax":null,"Value":1118},{"Length":62,"Height":18,"Demand":1,"DemandMax":null,"Value":1116},{"Length":36,"Height":31,"Demand":1,"DemandMax":null,"Value":1116},{"Length":27,"Height":41,"Demand":1,"DemandMax":null,"Value":1107},{"Length":65,"Height":17,"Demand":1,"DemandMax":null,"Value":1105},{"Length":24,"Height":46,"Demand":1,"DemandMax":null,"Value":1104},{"Length":69,"Height":16,"Demand":1,"DemandMax":null,"Value":1104},{"Length":58,"Height":19,"Demand":1,"DemandMax":null,"Value":1102},{"Length":25,"Height":44,"Demand":1,"DemandMax":null,"Value":1100},{"Length":17,"Height":64,"Demand":1,"DemandMax":null,"Value":1088},{"Length":23,"Height":47,"Demand":1,"DemandMax":null,"Value":1081},{"Length":54,"Height":20,"Demand":1,"DemandMax":null,"Value":1080},{"Length":15,"Height":72,"Demand":1,"DemandMax":null,"Value":1080},{"Length":83,"Height":13,"Demand":1,"DemandMax":null,"Value":1079},{"Length":29,"Height":37,"Demand":1,"DemandMax":null,"Value":1073},{"Length":51,"Height":21,"Demand":1,"DemandMax":null,"Value":1071},{"Length":38,"Height":28,"Demand":1,"DemandMax":null,"Value":1064},{"Length":14,"Height":76,"Demand":1,"DemandMax":null,"Value":1064},{"Length":18,"Height":59,"Demand":1,"DemandMax":null,"Value":1062},{"Length":17,"Height":62,"Demand":1,"DemandMax":null,"Value":1054},{"Length":50,"Height":21,"Demand":1,"DemandMax":null,"Value":1050},{"Length":12,"Height":87,"Demand":1,"DemandMax":null,"Value":1044},{"Length":61,"Height":17,"Demand":1,"DemandMax":null,"Value":1037},{"Length":47,"Height":22,"Demand":1,"DemandMax":null,"Value":1034},{"Length":13,"Height":79,"Demand":1,"DemandMax":null,"Value":1027},{"Length":54,"Height":19,"Demand":1,"DemandMax":null,"Value":1026},{"Length":73,"Height":14,"Demand":1,"DemandMax":null,"Value":1022},{"Length":26,"Height":39,"Demand":1,"DemandMax":null,"Value":1014},{"Length":13,"Height":77,"Demand":1,"DemandMax":null,"Value":1001},{"Length":16,"Height":62,"Demand":1,"DemandMax":null,"Value":992},{"Length":11,"Height":90,"Demand":1,"DemandMax":null,"Value":990},{"Length":34,"Height":29,"Demand":1,"DemandMax":null,"Value":986},{"Length":17,"Height":58,"Demand":1,"DemandMax":null,"Value":986},{"Length":61,"Height":16,"Demand":1,"DemandMax":null,"Value":976},{"Length":88,"Height":11,"Demand":1,"DemandMax":null,"Value":968},{"Length":69,"Height":14,"Demand":1,"DemandMax":null,"Value":966},{"Length":46,"Height":21,"Demand":1,"DemandMax":null,"Value":966},{"Length":13,"Height":74,"Demand":1,"DemandMax":null,"Value":962},{"Length":87,"Height":11,"Demand":1,"DemandMax":null,"Value":957},{"Length":14,"Height":68,"Demand":1,"DemandMax":null,"Value":952},{"Length":25,"Height":38,"Demand":1,"DemandMax":null,"Value":950},{"Length":15,"Height":63,"Demand":1,"DemandMax":null,"Value":945},{"Length":59,"Height":16,"Demand":1,"DemandMax":null,"Value":944},{"Length":23,"Height":41,"Demand":1,"DemandMax":null,"Value":943},{"Length":72,"Height":13,"Demand":1,"DemandMax":null,"Value":936},{"Length":18,"Height":52,"Demand":1,"DemandMax":null,"Value":936},{"Length":11,"Height":84,"Demand":1,"DemandMax":null,"Value":924},{"Length":13,"Height":71,"Demand":1,"DemandMax":null,"Value":923},{"Length":83,"Height":11,"Demand":1,"DemandMax":null,"Value":913},{"Length":38,"Height":24,"Demand":1,"DemandMax":null,"Value":912},{"Length":19,"Height":48,"Demand":1,"DemandMax":null,"Value":912},{"Length":35,"Height":26,"Demand":1,"DemandMax":null,"Value":910},{"Length":45,"Height":20,"Demand":1,"DemandMax":null,"Value":900},{"Length":75,"Height":12,"Demand":1,"DemandMax":null,"Value":900},{"Length":29,"Height":31,"Demand":1,"DemandMax":null,"Value":899},{"Length":39,"Height":23,"Demand":1,"DemandMax":null,"Value":897},{"Length":69,"Height":13,"Demand":1,"DemandMax":null,"Value":897},{"Length":89,"Height":10,"Demand":1,"DemandMax":null,"Value":890},{"Length":12,"Height":74,"Demand":1,"DemandMax":null,"Value":888},{"Length":52,"Height":17,"Demand":1,"DemandMax":null,"Value":884},{"Length":18,"Height":49,"Demand":1,"DemandMax":null,"Value":882},{"Length":38,"Height":23,"Demand":1,"DemandMax":null,"Value":874},{"Length":19,"Height":46,"Demand":1,"DemandMax":null,"Value":874},{"Length":87,"Height":10,"Demand":1,"DemandMax":null,"Value":870},{"Length":62,"Height":14,"Demand":1,"DemandMax":null,"Value":868},{"Length":28,"Height":31,"Demand":1,"DemandMax":null,"Value":868},{"Length":11,"Height":78,"Demand":1,"DemandMax":null,"Value":858},{"Length":19,"Height":45,"Demand":1,"DemandMax":null,"Value":855},{"Length":12,"Height":71,"Demand":1,"DemandMax":null,"Value":852},{"Length":53,"Height":16,"Demand":1,"DemandMax":null,"Value":848},{"Length":29,"Height":29,"Demand":1,"DemandMax":null,"Value":841},{"Length":30,"Height":28,"Demand":1,"DemandMax":null,"Value":840},{"Length":42,"Height":20,"Demand":1,"DemandMax":null,"Value":840},{"Length":35,"Height":24,"Demand":1,"DemandMax":null,"Value":840},{"Length":70,"Height":12,"Demand":1,"DemandMax":null,"Value":840},{"Length":22,"Height":38,"Demand":1,"DemandMax":null,"Value":836},{"Length":82,"Height":10,"Demand":1,"DemandMax":null,"Value":820},{"Length":20,"Height":41,"Demand":1,"DemandMax":null,"Value":820},{"Length":11,"Height":74,"Demand":1,"DemandMax":null,"Value":814},{"Length":14,"Height":58,"Demand":1,"DemandMax":null,"Value":812},{"Length":26,"Height":31,"Demand":1,"DemandMax":null,"Value":806},{"Length":80,"Height":10,"Demand":1,"DemandMax":null,"Value":800},{"Length":12,"Height":66,"Demand":1,"DemandMax":null,"Value":792},{"Length":72,"Height":11,"Demand":1,"DemandMax":null,"Value":792},{"Length":14,"Height":56,"Demand":1,"DemandMax":null,"Value":784},{"Length":65,"Height":12,"Demand":1,"DemandMax":null,"Value":780},{"Length":52,"Height":15,"Demand":1,"DemandMax":null,"Value":780},{"Length":78,"Height":10,"Demand":1,"DemandMax":null,"Value":780},{"Length":39,"Height":20,"Demand":1,"DemandMax":null,"Value":780},{"Length":14,"Height":55,"Demand":1,"DemandMax":null,"Value":770},{"Length":59,"Height":13,"Demand":1,"DemandMax":null,"Value":767},{"Length":10,"Height":76,"Demand":1,"DemandMax":null,"Value":760},{"Length":38,"Height":20,"Demand":1,"DemandMax":null,"Value":760},{"Length":11,"Height":69,"Demand":1,"DemandMax":null,"Value":759},{"Length":12,"Height":63,"Demand":1,"DemandMax":null,"Value":756},{"Length":14,"Height":54,"Demand":1,"DemandMax":null,"Value":756},{"Length":15,"Height":50,"Demand":1,"DemandMax":null,"Value":750},{"Length":34,"Height":22,"Demand":1,"DemandMax":null,"Value":748},{"Length":17,"Height":44,"Demand":1,"DemandMax":null,"Value":748},{"Length":12,"Height":62,"Demand":1,"DemandMax":null,"Value":744},{"Length":24,"Height":31,"Demand":1,"DemandMax":null,"Value":744},{"Length":9,"Height":82,"Demand":1,"DemandMax":null,"Value":738},{"Length":9,"Height":81,"Demand":1,"DemandMax":null,"Value":729},{"Length":13,"Height":56,"Demand":1,"DemandMax":null,"Value":728},{"Length":15,"Height":48,"Demand":1,"DemandMax":null,"Value":720},{"Length":9,"Height":80,"Demand":1,"DemandMax":null,"Value":720},{"Length":16,"Height":45,"Demand":1,"DemandMax":null,"Value":720},{"Length":11,"Height":65,"Demand":1,"DemandMax":null,"Value":715},{"Length":17,"Height":42,"Demand":1,"DemandMax":null,"Value":714},{"Length":64,"Height":11,"Demand":1,"DemandMax":null,"Value":704},{"Length":26,"Height":27,"Demand":1,"DemandMax":null,"Value":702},{"Length":28,"Height":25,"Demand":1,"DemandMax":null,"Value":700},{"Length":70,"Height":10,"Demand":1,"DemandMax":null,"Value":700},{"Length":29,"Height":24,"Demand":1,"DemandMax":null,"Value":696},{"Length":11,"Height":63,"Demand":1,"DemandMax":null,"Value":693},{"Length":30,"Height":23,"Demand":1,"DemandMax":null,"Value":690},{"Length":16,"Height":43,"Demand":1,"DemandMax":null,"Value":688},{"Length":85,"Height":8,"Demand":1,"DemandMax":null,"Value":680},{"Length":13,"Height":52,"Demand":1,"DemandMax":null,"Value":676},{"Length":27,"Height":25,"Demand":1,"DemandMax":null,"Value":675},{"Length":29,"Height":23,"Demand":1,"DemandMax":null,"Value":667},{"Length":35,"Height":19,"Demand":1,"DemandMax":null,"Value":665},{"Length":8,"Height":83,"Demand":1,"DemandMax":null,"Value":664},{"Length":55,"Height":12,"Demand":1,"DemandMax":null,"Value":660},{"Length":16,"Height":41,"Demand":1,"DemandMax":null,"Value":656},{"Length":10,"Height":65,"Demand":1,"DemandMax":null,"Value":650},{"Length":25,"Height":26,"Demand":1,"DemandMax":null,"Value":650},{"Length":12,"Height":54,"Demand":1,"DemandMax":null,"Value":648},{"Length":8,"Height":81,"Demand":1,"DemandMax":null,"Value":648},{"Length":19,"Height":34,"Demand":1,"DemandMax":null,"Value":646},{"Length":43,"Height":15,"Demand":1,"DemandMax":null,"Value":645},{"Length":49,"Height":13,"Demand":1,"DemandMax":null,"Value":637},{"Length":70,"Height":9,"Demand":1,"DemandMax":null,"Value":630},{"Length":35,"Height":18,"Demand":1,"DemandMax":null,"Value":630},{"Length":14,"Height":45,"Demand":1,"DemandMax":null,"Value":630},{"Length":90,"Height":7,"Demand":1,"DemandMax":null,"Value":630},{"Length":17,"Height":37,"Demand":1,"DemandMax":null,"Value":629},{"Length":23,"Height":27,"Demand":1,"DemandMax":null,"Value":621},{"Length":11,"Height":56,"Demand":1,"DemandMax":null,"Value":616},{"Length":10,"Height":61,"Demand":1,"DemandMax":null,"Value":610},{"Length":11,"Height":55,"Demand":1,"DemandMax":null,"Value":605},{"Length":9,"Height":67,"Demand":1,"DemandMax":null,"Value":603},{"Length":43,"Height":14,"Demand":1,"DemandMax":null,"Value":602},{"Length":60,"Height":10,"Demand":1,"DemandMax":null,"Value":600},{"Length":25,"Height":24,"Demand":1,"DemandMax":null,"Value":600},{"Length":50,"Height":12,"Demand":1,"DemandMax":null,"Value":600},{"Length":9,"Height":66,"Demand":1,"DemandMax":null,"Value":594},{"Length":53,"Height":11,"Demand":1,"DemandMax":null,"Value":583},{"Length":29,"Height":20,"Demand":1,"DemandMax":null,"Value":580},{"Length":58,"Height":10,"Demand":1,"DemandMax":null,"Value":580},{"Length":24,"Height":24,"Demand":1,"DemandMax":null,"Value":576},{"Length":26,"Height":22,"Demand":1,"DemandMax":null,"Value":572},{"Length":21,"Height":27,"Demand":1,"DemandMax":null,"Value":567},{"Length":63,"Height":9,"Demand":1,"DemandMax":null,"Value":567},{"Length":16,"Height":35,"Demand":1,"DemandMax":null,"Value":560},{"Length":10,"Height":56,"Demand":1,"DemandMax":null,"Value":560},{"Length":13,"Height":43,"Demand":1,"DemandMax":null,"Value":559},{"Length":18,"Height":31,"Demand":1,"DemandMax":null,"Value":558},{"Length":7,"Height":79,"Demand":1,"DemandMax":null,"Value":553},{"Length":8,"Height":69,"Demand":1,"DemandMax":null,"Value":552},{"Length":23,"Height":24,"Demand":1,"DemandMax":null,"Value":552},{"Length":50,"Height":11,"Demand":1,"DemandMax":null,"Value":550},{"Length":78,"Height":7,"Demand":1,"DemandMax":null,"Value":546},{"Length":54,"Height":10,"Demand":1,"DemandMax":null,"Value":540},{"Length":20,"Height":27,"Demand":1,"DemandMax":null,"Value":540},{"Length":11,"Height":49,"Demand":1,"DemandMax":null,"Value":539},{"Length":9,"Height":59,"Demand":1,"DemandMax":null,"Value":531},{"Length":22,"Height":24,"Demand":1,"DemandMax":null,"Value":528},{"Length":17,"Height":31,"Demand":1,"DemandMax":null,"Value":527},{"Length":25,"Height":21,"Demand":1,"DemandMax":null,"Value":525},{"Length":7,"Height":75,"Demand":1,"DemandMax":null,"Value":525},{"Length":18,"Height":29,"Demand":1,"DemandMax":null,"Value":522},{"Length":52,"Height":10,"Demand":1,"DemandMax":null,"Value":520},{"Length":19,"Height":27,"Demand":1,"DemandMax":null,"Value":513},{"Length":39,"Height":13,"Demand":1,"DemandMax":null,"Value":507},{"Length":46,"Height":11,"Demand":1,"DemandMax":null,"Value":506},{"Length":14,"Height":36,"Demand":1,"DemandMax":null,"Value":504},{"Length":6,"Height":84,"Demand":1,"DemandMax":null,"Value":504},{"Length":25,"Height":20,"Demand":1,"DemandMax":null,"Value":500},{"Length":83,"Height":6,"Demand":1,"DemandMax":null,"Value":498},{"Length":7,"Height":71,"Demand":1,"DemandMax":null,"Value":497},{"Length":8,"Height":62,"Demand":1,"DemandMax":null,"Value":496},{"Length":11,"Height":45,"Demand":1,"DemandMax":null,"Value":495},{"Length":55,"Height":9,"Demand":1,"DemandMax":null,"Value":495},{"Length":10,"Height":49,"Demand":1,"DemandMax":null,"Value":490},{"Length":70,"Height":7,"Demand":1,"DemandMax":null,"Value":490},{"Length":27,"Height":18,"Demand":1,"DemandMax":null,"Value":486},{"Length":44,"Height":11,"Demand":1,"DemandMax":null,"Value":484},{"Length":13,"Height":37,"Demand":1,"DemandMax":null,"Value":481},{"Length":80,"Height":6,"Demand":1,"DemandMax":null,"Value":480},{"Length":8,"Height":60,"Demand":1,"DemandMax":null,"Value":480},{"Length":15,"Height":32,"Demand":1,"DemandMax":null,"Value":480},{"Length":40,"Height":12,"Demand":1,"DemandMax":null,"Value":480},{"Length":25,"Height":19,"Demand":1,"DemandMax":null,"Value":475},{"Length":15,"Height":31,"Demand":1,"DemandMax":null,"Value":465},{"Length":16,"Height":29,"Demand":1,"DemandMax":null,"Value":464},{"Length":58,"Height":8,"Demand":1,"DemandMax":null,"Value":464},{"Length":23,"Height":20,"Demand":1,"DemandMax":null,"Value":460},{"Length":9,"Height":51,"Demand":1,"DemandMax":null,"Value":459},{"Length":24,"Height":19,"Demand":1,"DemandMax":null,"Value":456},{"Length":76,"Height":6,"Demand":1,"DemandMax":null,"Value":456},{"Length":35,"Height":13,"Demand":1,"DemandMax":null,"Value":455},{"Length":18,"Height":25,"Demand":1,"DemandMax":null,"Value":450},{"Length":16,"Height":28,"Demand":1,"DemandMax":null,"Value":448},{"Length":7,"Height":64,"Demand":1,"DemandMax":null,"Value":448},{"Length":14,"Height":32,"Demand":1,"DemandMax":null,"Value":448},{"Length":74,"Height":6,"Demand":1,"DemandMax":null,"Value":444},{"Length":21,"Height":21,"Demand":1,"DemandMax":null,"Value":441},{"Length":55,"Height":8,"Demand":1,"DemandMax":null,"Value":440},{"Length":22,"Height":20,"Demand":1,"DemandMax":null,"Value":440},{"Length":44,"Height":10,"Demand":1,"DemandMax":null,"Value":440},{"Length":15,"Height":29,"Demand":1,"DemandMax":null,"Value":435},{"Length":12,"Height":36,"Demand":1,"DemandMax":null,"Value":432},{"Length":54,"Height":8,"Demand":1,"DemandMax":null,"Value":432},{"Length":47,"Height":9,"Demand":1,"DemandMax":null,"Value":423},{"Length":6,"Height":70,"Demand":1,"DemandMax":null,"Value":420},{"Length":15,"Height":28,"Demand":1,"DemandMax":null,"Value":420},{"Length":46,"Height":9,"Demand":1,"DemandMax":null,"Value":414},{"Length":7,"Height":59,"Demand":1,"DemandMax":null,"Value":413},{"Length":10,"Height":41,"Demand":1,"DemandMax":null,"Value":410},{"Length":17,"Height":24,"Demand":1,"DemandMax":null,"Value":408},{"Length":51,"Height":8,"Demand":1,"DemandMax":null,"Value":408},{"Length":9,"Height":45,"Demand":1,"DemandMax":null,"Value":405},{"Length":15,"Height":27,"Demand":1,"DemandMax":null,"Value":405},{"Length":13,"Height":31,"Demand":1,"DemandMax":null,"Value":403},{"Length":67,"Height":6,"Demand":1,"DemandMax":null,"Value":402},{"Length":50,"Height":8,"Demand":1,"DemandMax":null,"Value":400},{"Length":57,"Height":7,"Demand":1,"DemandMax":null,"Value":399},{"Length":66,"Height":6,"Demand":1,"DemandMax":null,"Value":396},{"Length":44,"Height":9,"Demand":1,"DemandMax":null,"Value":396},{"Length":18,"Height":22,"Demand":1,"DemandMax":null,"Value":396},{"Length":26,"Height":15,"Demand":1,"DemandMax":null,"Value":390},{"Length":7,"Height":54,"Demand":1,"DemandMax":null,"Value":378},{"Length":6,"Height":63,"Demand":1,"DemandMax":null,"Value":378},{"Length":34,"Height":11,"Demand":1,"DemandMax":null,"Value":374},{"Length":6,"Height":62,"Demand":1,"DemandMax":null,"Value":372},{"Length":9,"Height":41,"Demand":1,"DemandMax":null,"Value":369},{"Length":16,"Height":23,"Demand":1,"DemandMax":null,"Value":368},{"Length":28,"Height":13,"Demand":1,"DemandMax":null,"Value":364},{"Length":6,"Height":60,"Demand":1,"DemandMax":null,"Value":360},{"Length":45,"Height":8,"Demand":1,"DemandMax":null,"Value":360},{"Length":15,"Height":24,"Demand":1,"DemandMax":null,"Value":360},{"Length":11,"Height":32,"Demand":1,"DemandMax":null,"Value":352},{"Length":7,"Height":50,"Demand":1,"DemandMax":null,"Value":350},{"Length":49,"Height":7,"Demand":1,"DemandMax":null,"Value":343},{"Length":19,"Height":18,"Demand":1,"DemandMax":null,"Value":342},{"Length":12,"Height":28,"Demand":1,"DemandMax":null,"Value":336},{"Length":16,"Height":21,"Demand":1,"DemandMax":null,"Value":336},{"Length":8,"Height":42,"Demand":1,"DemandMax":null,"Value":336},{"Length":9,"Height":37,"Demand":1,"DemandMax":null,"Value":333},{"Length":22,"Height":15,"Demand":1,"DemandMax":null,"Value":330},{"Length":41,"Height":8,"Demand":1,"DemandMax":null,"Value":328},{"Length":25,"Height":13,"Demand":1,"DemandMax":null,"Value":325},{"Length":7,"Height":46,"Demand":1,"DemandMax":null,"Value":322},{"Length":35,"Height":9,"Demand":1,"DemandMax":null,"Value":315},{"Length":21,"Height":15,"Demand":1,"DemandMax":null,"Value":315},{"Length":8,"Height":39,"Demand":1,"DemandMax":null,"Value":312},{"Length":26,"Height":12,"Demand":1,"DemandMax":null,"Value":312},{"Length":14,"Height":22,"Demand":1,"DemandMax":null,"Value":308},{"Length":11,"Height":28,"Demand":1,"DemandMax":null,"Value":308},{"Length":9,"Height":34,"Demand":1,"DemandMax":null,"Value":306},{"Length":50,"Height":6,"Demand":1,"DemandMax":null,"Value":300},{"Length":10,"Height":30,"Demand":1,"DemandMax":null,"Value":300},{"Length":23,"Height":13,"Demand":1,"DemandMax":null,"Value":299},{"Length":9,"Height":33,"Demand":1,"DemandMax":null,"Value":297},{"Length":8,"Height":37,"Demand":1,"DemandMax":null,"Value":296},{"Length":6,"Height":49,"Demand":1,"DemandMax":null,"Value":294},{"Length":12,"Height":24,"Demand":1,"DemandMax":null,"Value":288},{"Length":7,"Height":41,"Demand":1,"DemandMax":null,"Value":287},{"Length":13,"Height":22,"Demand":1,"DemandMax":null,"Value":286},{"Length":8,"Height":35,"Demand":1,"DemandMax":null,"Value":280},{"Length":46,"Height":6,"Demand":1,"DemandMax":null,"Value":276},{"Length":39,"Height":7,"Demand":1,"DemandMax":null,"Value":273},{"Length":34,"Height":8,"Demand":1,"DemandMax":null,"Value":272},{"Length":14,"Height":19,"Demand":1,"DemandMax":null,"Value":266},{"Length":26,"Height":10,"Demand":1,"DemandMax":null,"Value":260},{"Length":28,"Height":9,"Demand":1,"DemandMax":null,"Value":252},{"Length":7,"Height":36,"Demand":1,"DemandMax":null,"Value":252},{"Length":25,"Height":10,"Demand":1,"DemandMax":null,"Value":250},{"Length":19,"Height":13,"Demand":1,"DemandMax":null,"Value":247},{"Length":6,"Height":41,"Demand":1,"DemandMax":null,"Value":246},{"Length":35,"Height":7,"Demand":1,"DemandMax":null,"Value":245},{"Length":27,"Height":9,"Demand":1,"DemandMax":null,"Value":243},{"Length":15,"Height":16,"Demand":1,"DemandMax":null,"Value":240},{"Length":19,"Height":12,"Demand":1,"DemandMax":null,"Value":228},{"Length":32,"Height":7,"Demand":1,"DemandMax":null,"Value":224},{"Length":22,"Height":10,"Demand":1,"DemandMax":null,"Value":220},{"Length":8,"Height":27,"Demand":1,"DemandMax":null,"Value":216},{"Length":35,"Height":6,"Demand":1,"DemandMax":null,"Value":210},{"Length":14,"Height":15,"Demand":1,"DemandMax":null,"Value":210},{"Length":29,"Height":7,"Demand":1,"DemandMax":null,"Value":203},{"Length":14,"Height":14,"Demand":1,"DemandMax":null,"Value":196},{"Length":12,"Height":16,"Demand":1,"DemandMax":null,"Value":192},{"Length":27,"Height":7,"Demand":1,"DemandMax":null,"Value":189},{"Length":11,"Height":17,"Demand":1,"DemandMax":null,"Value":187},{"Length":15,"Height":12,"Demand":1,"DemandMax":null,"Value":180},{"Length":6,"Height":30,"Demand":1,"DemandMax":null,"Value":180},{"Length":29,"Height":6,"Demand":1,"DemandMax":null,"Value":174},{"Length":19,"Height":9,"Demand":1,"DemandMax":null,"Value":171},{"Length":8,"Height":21,"Demand":1,"DemandMax":null,"Value":168},{"Length":20,"Height":8,"Demand":1,"DemandMax":null,"Value":160},{"Length":12,"Height":13,"Demand":1,"DemandMax":null,"Value":156},{"Length":11,"Height":14,"Demand":1,"DemandMax":null,"Value":154},{"Length":22,"Height":7,"Demand":1,"DemandMax":null,"Value":154},{"Length":9,"Height":17,"Demand":1,"DemandMax":null,"Value":153},{"Length":19,"Height":8,"Demand":1,"DemandMax":null,"Value":152},{"Length":21,"Height":7,"Demand":1,"DemandMax":null,"Value":147},{"Length":11,"Height":13,"Demand":1,"DemandMax":null,"Value":143},{"Length":20,"Height":7,"Demand":1,"DemandMax":null,"Value":140},{"Length":9,"Height":15,"Demand":1,"DemandMax":null,"Value":135},{"Length":7,"Height":19,"Demand":1,"DemandMax":null,"Value":133},{"Length":6,"Height":22,"Demand":1,"DemandMax":null,"Value":132},{"Length":13,"Height":10,"Demand":1,"DemandMax":null,"Value":130},{"Length":8,"Height":16,"Demand":1,"DemandMax":null,"Value":128},{"Length":6,"Height":21,"Demand":1,"DemandMax":null,"Value":126},{"Length":8,"Height":15,"Demand":1,"DemandMax":null,"Value":120},{"Length":10,"Height":12,"Demand":1,"DemandMax":null,"Value":120},{"Length":20,"Height":6,"Demand":1,"DemandMax":null,"Value":120},{"Length":7,"Height":17,"Demand":1,"DemandMax":null,"Value":119},{"Length":13,"Height":9,"Demand":1,"DemandMax":null,"Value":117},{"Length":7,"Height":15,"Demand":1,"DemandMax":null,"Value":105},{"Length":13,"Height":8,"Demand":1,"DemandMax":null,"Value":104},{"Length":7,"Height":13,"Demand":1,"DemandMax":null,"Value":91},{"Length":15,"Height":6,"Demand":1,"DemandMax":null,"Value":90},{"Length":8,"Height":11,"Demand":1,"DemandMax":null,"Value":88},{"Length":14,"Height":6,"Demand":1,"DemandMax":null,"Value":84},{"Length":9,"Height":9,"Demand":1,"DemandMax":null,"Value":81},{"Length":10,"Height":8,"Demand":1,"DemandMax":null,"Value":80},{"Length":12,"Height":6,"Demand":1,"DemandMax":null,"Value":72},{"Length":10,"Height":7,"Demand":1,"DemandMax":null,"Value":70},{"Length":6,"Height":11,"Demand":1,"DemandMax":null,"Value":66},{"Length":8,"Height":6,"Demand":1,"DemandMax":null,"Value":48}]}