{"Name":"AH176","Objects":[{"Length":1000,"Height":41694,"Stock":null,"Cost":41694000}],"Items":[{"Length":368,"Height":341,"Demand":10,"DemandMax":null,"Value":125488},{"Length":373,"Height":324,"Demand":10,"DemandMax":null,"Value":120852},{"Length":315,"Height":370,"Demand":10,"DemandMax":null,"Value":116550},{"Length":324,"Height":354,"Demand":10,"DemandMax":null,"Value":114696},{"Length":302,"Height":370,"Demand":10,"DemandMax":null,"Value":111740},{"Length":338,"Height":329,"Demand":10,"DemandMax":null,"Value":111202},{"Length":289,"Height":366,"Demand":10,"DemandMax":null,"Value":105774},{"Length":330,"Height":302,"Demand":10,"DemandMax":null,"Value":99660},{"Length":303,"Height":322,"Demand":10,"DemandMax":null,"Value":97566},{"Length":264,"Height":334,"Demand":10,"DemandMax":null,"Value":88176},{"Length":247,"Height":342,"Demand":10,"DemandMax":null,"Value":84474},{"Length":295,"Height":285,"Demand":10,"DemandMax":null,"Value":84075},{"Length":249,"Height":322,"Demand":10,"DemandMax":null,"Value":80178},{"Length":272,"Height":272,"Demand":10,"DemandMax":null,"Value":73984},{"Length":255,"Height":277,"Demand":10,"DemandMax":null,"Value":70635},{"Length":295,"Height":237,"Demand":10,"DemandMax":null,"Value":69915},{"Length":307,"Height":227,"Demand":10,"DemandMax":null,"Value":69689},{"Length":259,"Height":262,"Demand":10,"DemandMax":null,"Value":67858},{"Length":341,"Height":190,"Demand":10,"DemandMax":null,"Value":64790},{"Length":174,"Height":368,"Demand":10,"DemandMax":null,"Value":64032},{"Length":312,"Height":201,"Demand":10,"DemandMax":null,"Value":62712},{"Length":206,"Height":303,"Demand":10,"DemandMax":null,"Value":62418},{"Length":375,"Height":166,"Demand":10,"DemandMax":null,"Value":62250},{"Length":251,"Height":243,"Demand":10,"DemandMax":null,"Value":60993},{"Length":320,"Height":190,"Demand":10,"DemandMax":null,"Value":60800},{"Length":223,"Height":254,"Demand":10,"DemandMax":null,"Value":56642},{"Length":264,"Height":214,"Demand":10,"DemandMax":null,"Value":56496},{"Length":324,"Height":174,"Demand":10,"DemandMax":null,"Value":56376},{"Length":231,"Height":237,"Demand":10,"DemandMax":null,"Value":54747},{"Length":163,"Height":335,"Demand":10,"DemandMax":null,"Value":54605},{"Length":231,"Height":236,"Demand":10,"DemandMax":null,"Value":54516},{"Length":360,"Height":150,"Demand":10,"DemandMax":null,"Value":54000},{"Length":148,"Height":347,"Demand":10,"DemandMax":null,"Value":51356},{"Length":366,"Height":135,"Demand":10,"DemandMax":null,"Value":49410},{"Length":256,"Height":179,"Demand":10,"DemandMax":null,"Value":45824},{"Length":152,"Height":296,"Demand":10,"DemandMax":null,"Value":44992},{"Length":233,"Height":184,"Demand":10,"DemandMax":null,"Value":42872},{"Length":153,"Height":277,"Demand":10,"DemandMax":null,"Value":42381},{"Length":207,"Height":202,"Demand":10,"DemandMax":null,"Value":41814},{"Length":227,"Height":182,"Demand":10,"DemandMax":null,"Value":41314},{"Length":246,"Height":167,"Demand":10,"DemandMax":null,"Value":41082},{"Length":164,"Height":246,"Demand":10,"DemandMax":null,"Value":40344},{"Length":130,"Height":305,"Demand":10,"DemandMax":null,"Value":39650},{"Length":164,"Height":236,"Demand":10,"DemandMax":null,"Value":38704},{"Length":152,"Height":250,"Demand":10,"DemandMax":null,"Value":38000},{"Length":276,"Height":137,"Demand":10,"DemandMax":null,"Value":37812},{"Length":359,"Height":105,"Demand":10,"DemandMax":null,"Value":37695},{"Length":109,"Height":340,"Demand":10,"DemandMax":null,"Value":37060},{"Length":129,"Height":284,"Demand":10,"DemandMax":null,"Value":36636},{"Length":178,"Height":202,"Demand":10,"DemandMax":null,"Value":35956},{"Length":163,"Height":215,"Demand":10,"DemandMax":null,"Value":35045},{"Length":214,"Height":158,"Demand":10,"DemandMax":null,"Value":33812},{"Length":179,"Height":187,"Demand":10,"DemandMax":null,"Value":33473},{"Length":217,"Height":151,"Demand":10,"DemandMax":null,"Value":32767},{"Length":196,"Height":165,"Demand":10,"DemandMax":null,"Value":32340},{"Length":148,"Height":217,"Demand":10,"DemandMax":null,"Value":32116},{"Length":120,"Height":262,"Demand":10,"DemandMax":null,"Value":31440},{"Length":261,"Height":115,"Demand":10,"DemandMax":null,"Value":30015},{"Length":136,"Height":219,"Demand":10,"DemandMax":null,"Value":29784},{"Length":98,"Height":287,"Demand":10,"DemandMax":null,"Value":28126},{"Length":181,"Height":154,"Demand":10,"DemandMax":null,"Value":27874},{"Length":293,"Height":92,"Demand":10,"DemandMax":null,"Value":26956},{"Length":261,"Height":99,"Demand":10,"DemandMax":null,"Value":25839},{"Length":107,"Height":226,"Demand":10,"DemandMax":null,"Value":24182},{"Length":311,"Height":77,"Demand":10,"DemandMax":null,"Value":23947},{"Length":277,"Height":85,"Demand":10,"DemandMax":null,"Value":23545},{"Length":165,"Height":139,"Demand":10,"DemandMax":null,"Value":22935},{"Length":76,"Height":292,"Demand":10,"DemandMax":null,"Value":22192},{"Length":120,"Height":183,"Demand":10,"DemandMax":null,"Value":21960},{"Length":276,"Height":79,"Demand":10,"DemandMax":null,"Value":21804},{"Length":257,"Height":82,"Demand":10,"DemandMax":null,"Value":21074},{"Length":145,"Height":140,"Demand":10,"DemandMax":null,"Value":20300},{"Length":341,"Height":59,"Demand":10,"DemandMax":null,"Value":20119},{"Length":203,"Height":95,"Demand":10,"DemandMax":null,"Value":19285},{"Length":66,"Height":278,"Demand":10,"DemandMax":null,"Value":18348},{"Length":212,"Height":81,"Demand":10,"DemandMax":null,"Value":17172},{"Length":186,"Height":85,"Demand":10,"DemandMax":null,"Value":15810},{"Length":174,"Height":85,"Demand":10,"DemandMax":null,"Value":14790},{"Length":47,"Height":302,"Demand":10,"DemandMax":null,"Value":14194},{"Length":86,"Height":163,"Demand":10,"DemandMax":null,"Value":14018},{"Length":56,"Height":243,"Demand":10,"DemandMax":null,"Value":13608},{"Length":120,"Height":110,"Demand":10,"DemandMax":null,"Value":13200},{"Length":34,"Height":353,"Demand":10,"DemandMax":null,"Value":12002},{"Length":305,"Height":38,"Demand":10,"DemandMax":null,"Value":11590},{"Length":269,"Height":43,"Demand":10,"DemandMax":null,"Value":11567},{"Length":348,"Height":31,"Demand":10,"DemandMax":null,"Value":10788},{"Length":66,"Height":161,"Demand":10,"DemandMax":null,"Value":10626},{"Length":45,"Height":221,"Demand":10,"DemandMax":null,"Value":9945},{"Length":352,"Height":27,"Demand":10,"DemandMax":null,"Value":9504},{"Length":34,"Height":271,"Demand":10,"DemandMax":null,"Value":9214},{"Length":97,"Height":93,"Demand":10,"DemandMax":null,"Value":9021},{"Length":43,"Height":188,"Demand":10,"DemandMax":null,"Value":8084},{"Length":131,"Height":58,"Demand":10,"DemandMax":null,"Value":7598},{"Length":27,"Height":268,"Demand":10,"DemandMax":null,"Value":7236},{"Length":239,"Height":29,"Demand":10,"DemandMax":null,"Value":6931},{"Length":60,"Height":93,"Demand":10,"DemandMax":null,"Value":5580},{"Length":34,"Height":157,"Demand":10,"DemandMax":null,"Value":5338},{"Length":114,"Height":41,"Demand":10,"DemandMax":null,"Value":4674},{"Length":104,"Height":35,"Demand":10,"DemandMax":null,"Value":3640},{"Length":79,"Height":40,"Demand":10,"DemandMax":null,"Value":3160}]}