{"Name":"AH94","Objects":[{"Length":1000,"Height":2665,"Stock":null,"Cost":2665000}],"Items":[{"Length":87,"Height":68,"Demand":100,"DemandMax":null,"Value":5916},{"Length":79,"Height":61,"Demand":100,"DemandMax":null,"Value":4819},{"Length":54,"Height":76,"Demand":100,"DemandMax":null,"Value":4104},{"Length":53,"Height":76,"Demand":100,"DemandMax":null,"Value":4028},{"Length":74,"Height":32,"Demand":100,"DemandMax":null,"Value":2368},{"Length":67,"Height":24,"Demand":100,"DemandMax":null,"Value":1608},{"Length":82,"Height":19,"Demand":100,"DemandMax":null,"Value":1558},{"Length":34,"Height":30,"Demand":100,"DemandMax":null,"Value":1020},{"Length":57,"Height":11,"Demand":100,"DemandMax":null,"Value":627},{"Length":9,"Height":66,"Demand":100,"DemandMax":null,"Value":594}]}