{"Name":"AH160","Objects":[{"Length":1000,"Height":40114,"Stock":null,"Cost":40114000}],"Items":[{"Length":370,"Height":353,"Demand":10,"DemandMax":null,"Value":130610},{"Length":347,"Height":374,"Demand":10,"DemandMax":null,"Value":129778},{"Length":372,"Height":330,"Demand":10,"DemandMax":null,"Value":122760},{"Length":325,"Height":308,"Demand":10,"DemandMax":null,"Value":100100},{"Length":321,"Height":302,"Demand":10,"DemandMax":null,"Value":96942},{"Length":266,"Height":359,"Demand":10,"DemandMax":null,"Value":95494},{"Length":322,"Height":290,"Demand":10,"DemandMax":null,"Value":93380},{"Length":334,"Height":276,"Demand":10,"DemandMax":null,"Value":92184},{"Length":288,"Height":303,"Demand":10,"DemandMax":null,"Value":87264},{"Length":333,"Height":262,"Demand":10,"DemandMax":null,"Value":87246},{"Length":288,"Height":290,"Demand":10,"DemandMax":null,"Value":83520},{"Length":220,"Height":370,"Demand":10,"DemandMax":null,"Value":81400},{"Length":225,"Height":360,"Demand":10,"DemandMax":null,"Value":81000},{"Length":350,"Height":228,"Demand":10,"DemandMax":null,"Value":79800},{"Length":330,"Height":241,"Demand":10,"DemandMax":null,"Value":79530},{"Length":299,"Height":239,"Demand":10,"DemandMax":null,"Value":71461},{"Length":280,"Height":251,"Demand":10,"DemandMax":null,"Value":70280},{"Length":304,"Height":231,"Demand":10,"DemandMax":null,"Value":70224},{"Length":200,"Height":345,"Demand":10,"DemandMax":null,"Value":69000},{"Length":296,"Height":232,"Demand":10,"DemandMax":null,"Value":68672},{"Length":286,"Height":240,"Demand":10,"DemandMax":null,"Value":68640},{"Length":338,"Height":203,"Demand":10,"DemandMax":null,"Value":68614},{"Length":216,"Height":314,"Demand":10,"DemandMax":null,"Value":67824},{"Length":220,"Height":305,"Demand":10,"DemandMax":null,"Value":67100},{"Length":277,"Height":241,"Demand":10,"DemandMax":null,"Value":66757},{"Length":213,"Height":306,"Demand":10,"DemandMax":null,"Value":65178},{"Length":274,"Height":223,"Demand":10,"DemandMax":null,"Value":61102},{"Length":238,"Height":247,"Demand":10,"DemandMax":null,"Value":58786},{"Length":302,"Height":191,"Demand":10,"DemandMax":null,"Value":57682},{"Length":151,"Height":352,"Demand":10,"DemandMax":null,"Value":53152},{"Length":308,"Height":169,"Demand":10,"DemandMax":null,"Value":52052},{"Length":323,"Height":153,"Demand":10,"DemandMax":null,"Value":49419},{"Length":184,"Height":265,"Demand":10,"DemandMax":null,"Value":48760},{"Length":198,"Height":240,"Demand":10,"DemandMax":null,"Value":47520},{"Length":246,"Height":189,"Demand":10,"DemandMax":null,"Value":46494},{"Length":330,"Height":133,"Demand":10,"DemandMax":null,"Value":43890},{"Length":217,"Height":194,"Demand":10,"DemandMax":null,"Value":42098},{"Length":348,"Height":120,"Demand":10,"DemandMax":null,"Value":41760},{"Length":148,"Height":276,"Demand":10,"DemandMax":null,"Value":40848},{"Length":169,"Height":240,"Demand":10,"DemandMax":null,"Value":40560},{"Length":110,"Height":357,"Demand":10,"DemandMax":null,"Value":39270},{"Length":318,"Height":121,"Demand":10,"DemandMax":null,"Value":38478},{"Length":242,"Height":157,"Demand":10,"DemandMax":null,"Value":37994},{"Length":133,"Height":283,"Demand":10,"DemandMax":null,"Value":37639},{"Length":237,"Height":157,"Demand":10,"DemandMax":null,"Value":37209},{"Length":239,"Height":152,"Demand":10,"DemandMax":null,"Value":36328},{"Length":117,"Height":305,"Demand":10,"DemandMax":null,"Value":35685},{"Length":323,"Height":110,"Demand":10,"DemandMax":null,"Value":35530},{"Length":96,"Height":359,"Demand":10,"DemandMax":null,"Value":34464},{"Length":94,"Height":359,"Demand":10,"DemandMax":null,"Value":33746},{"Length":103,"Height":308,"Demand":10,"DemandMax":null,"Value":31724},{"Length":147,"Height":214,"Demand":10,"DemandMax":null,"Value":31458},{"Length":262,"Height":114,"Demand":10,"DemandMax":null,"Value":29868},{"Length":116,"Height":247,"Demand":10,"DemandMax":null,"Value":28652},{"Length":178,"Height":160,"Demand":10,"DemandMax":null,"Value":28480},{"Length":120,"Height":234,"Demand":10,"DemandMax":null,"Value":28080},{"Length":329,"Height":85,"Demand":10,"DemandMax":null,"Value":27965},{"Length":72,"Height":352,"Demand":10,"DemandMax":null,"Value":25344},{"Length":97,"Height":256,"Demand":10,"DemandMax":null,"Value":24832},{"Length":82,"Height":299,"Demand":10,"DemandMax":null,"Value":24518},{"Length":98,"Height":218,"Demand":10,"DemandMax":null,"Value":21364},{"Length":159,"Height":123,"Demand":10,"DemandMax":null,"Value":19557},{"Length":301,"Height":63,"Demand":10,"DemandMax":null,"Value":18963},{"Length":87,"Height":216,"Demand":10,"DemandMax":null,"Value":18792},{"Length":59,"Height":310,"Demand":10,"DemandMax":null,"Value":18290},{"Length":115,"Height":159,"Demand":10,"DemandMax":null,"Value":18285},{"Length":277,"Height":66,"Demand":10,"DemandMax":null,"Value":18282},{"Length":69,"Height":245,"Demand":10,"DemandMax":null,"Value":16905},{"Length":71,"Height":233,"Demand":10,"DemandMax":null,"Value":16543},{"Length":48,"Height":334,"Demand":10,"DemandMax":null,"Value":16032},{"Length":46,"Height":345,"Demand":10,"DemandMax":null,"Value":15870},{"Length":60,"Height":260,"Demand":10,"DemandMax":null,"Value":15600},{"Length":222,"Height":70,"Demand":10,"DemandMax":null,"Value":15540},{"Length":60,"Height":257,"Demand":10,"DemandMax":null,"Value":15420},{"Length":272,"Height":54,"Demand":10,"DemandMax":null,"Value":14688},{"Length":197,"Height":72,"Demand":10,"DemandMax":null,"Value":14184},{"Length":307,"Height":46,"Demand":10,"DemandMax":null,"Value":14122},{"Length":100,"Height":141,"Demand":10,"DemandMax":null,"Value":14100},{"Length":58,"Height":230,"Demand":10,"DemandMax":null,"Value":13340},{"Length":39,"Height":342,"Demand":10,"DemandMax":null,"Value":13338},{"Length":38,"Height":330,"Demand":10,"DemandMax":null,"Value":12540},{"Length":262,"Height":44,"Demand":10,"DemandMax":null,"Value":11528},{"Length":131,"Height":80,"Demand":10,"DemandMax":null,"Value":10480},{"Length":51,"Height":200,"Demand":10,"DemandMax":null,"Value":10200},{"Length":82,"Height":120,"Demand":10,"DemandMax":null,"Value":9840},{"Length":108,"Height":86,"Demand":10,"DemandMax":null,"Value":9288},{"Length":343,"Height":27,"Demand":10,"DemandMax":null,"Value":9261},{"Length":59,"Height":148,"Demand":10,"DemandMax":null,"Value":8732},{"Length":235,"Height":36,"Demand":10,"DemandMax":null,"Value":8460},{"Length":223,"Height":37,"Demand":10,"DemandMax":null,"Value":8251},{"Length":121,"Height":64,"Demand":10,"DemandMax":null,"Value":7744},{"Length":205,"Height":37,"Demand":10,"DemandMax":null,"Value":7585},{"Length":27,"Height":268,"Demand":10,"DemandMax":null,"Value":7236},{"Length":27,"Height":256,"Demand":10,"DemandMax":null,"Value":6912},{"Length":35,"Height":186,"Demand":10,"DemandMax":null,"Value":6510},{"Length":28,"Height":211,"Demand":10,"DemandMax":null,"Value":5908},{"Length":193,"Height":29,"Demand":10,"DemandMax":null,"Value":5597},{"Length":208,"Height":25,"Demand":10,"DemandMax":null,"Value":5200},{"Length":45,"Height":63,"Demand":10,"DemandMax":null,"Value":2835},{"Length":55,"Height":35,"Demand":10,"DemandMax":null,"Value":1925}]}