{"Name":"AH171","Objects":[{"Length":1000,"Height":40319,"Stock":null,"Cost":40319000}],"Items":[{"Length":373,"Height":336,"Demand":10,"DemandMax":null,"Value":125328},{"Length":363,"Height":339,"Demand":10,"DemandMax":null,"Value":123057},{"Length":341,"Height":336,"Demand":10,"DemandMax":null,"Value":114576},{"Length":330,"Height":329,"Demand":10,"DemandMax":null,"Value":108570},{"Length":339,"Height":306,"Demand":10,"DemandMax":null,"Value":103734},{"Length":281,"Height":353,"Demand":10,"DemandMax":null,"Value":99193},{"Length":289,"Height":330,"Demand":10,"DemandMax":null,"Value":95370},{"Length":309,"Height":294,"Demand":10,"DemandMax":null,"Value":90846},{"Length":295,"Height":298,"Demand":10,"DemandMax":null,"Value":87910},{"Length":269,"Height":321,"Demand":10,"DemandMax":null,"Value":86349},{"Length":339,"Height":244,"Demand":10,"DemandMax":null,"Value":82716},{"Length":259,"Height":304,"Demand":10,"DemandMax":null,"Value":78736},{"Length":267,"Height":292,"Demand":10,"DemandMax":null,"Value":77964},{"Length":375,"Height":193,"Demand":10,"DemandMax":null,"Value":72375},{"Length":313,"Height":222,"Demand":10,"DemandMax":null,"Value":69486},{"Length":185,"Height":370,"Demand":10,"DemandMax":null,"Value":68450},{"Length":307,"Height":221,"Demand":10,"DemandMax":null,"Value":67847},{"Length":244,"Height":276,"Demand":10,"DemandMax":null,"Value":67344},{"Length":198,"Height":333,"Demand":10,"DemandMax":null,"Value":65934},{"Length":242,"Height":272,"Demand":10,"DemandMax":null,"Value":65824},{"Length":318,"Height":203,"Demand":10,"DemandMax":null,"Value":64554},{"Length":301,"Height":203,"Demand":10,"DemandMax":null,"Value":61103},{"Length":353,"Height":171,"Demand":10,"DemandMax":null,"Value":60363},{"Length":207,"Height":286,"Demand":10,"DemandMax":null,"Value":59202},{"Length":167,"Height":353,"Demand":10,"DemandMax":null,"Value":58951},{"Length":242,"Height":242,"Demand":10,"DemandMax":null,"Value":58564},{"Length":306,"Height":190,"Demand":10,"DemandMax":null,"Value":58140},{"Length":216,"Height":268,"Demand":10,"DemandMax":null,"Value":57888},{"Length":175,"Height":316,"Demand":10,"DemandMax":null,"Value":55300},{"Length":156,"Height":354,"Demand":10,"DemandMax":null,"Value":55224},{"Length":263,"Height":207,"Demand":10,"DemandMax":null,"Value":54441},{"Length":289,"Height":184,"Demand":10,"DemandMax":null,"Value":53176},{"Length":234,"Height":227,"Demand":10,"DemandMax":null,"Value":53118},{"Length":207,"Height":254,"Demand":10,"DemandMax":null,"Value":52578},{"Length":219,"Height":238,"Demand":10,"DemandMax":null,"Value":52122},{"Length":211,"Height":239,"Demand":10,"DemandMax":null,"Value":50429},{"Length":184,"Height":271,"Demand":10,"DemandMax":null,"Value":49864},{"Length":157,"Height":295,"Demand":10,"DemandMax":null,"Value":46315},{"Length":162,"Height":276,"Demand":10,"DemandMax":null,"Value":44712},{"Length":135,"Height":326,"Demand":10,"DemandMax":null,"Value":44010},{"Length":211,"Height":207,"Demand":10,"DemandMax":null,"Value":43677},{"Length":256,"Height":168,"Demand":10,"DemandMax":null,"Value":43008},{"Length":352,"Height":122,"Demand":10,"DemandMax":null,"Value":42944},{"Length":166,"Height":254,"Demand":10,"DemandMax":null,"Value":42164},{"Length":228,"Height":181,"Demand":10,"DemandMax":null,"Value":41268},{"Length":290,"Height":142,"Demand":10,"DemandMax":null,"Value":41180},{"Length":242,"Height":158,"Demand":10,"DemandMax":null,"Value":38236},{"Length":124,"Height":286,"Demand":10,"DemandMax":null,"Value":35464},{"Length":95,"Height":373,"Demand":10,"DemandMax":null,"Value":35435},{"Length":141,"Height":242,"Demand":10,"DemandMax":null,"Value":34122},{"Length":97,"Height":343,"Demand":10,"DemandMax":null,"Value":33271},{"Length":122,"Height":259,"Demand":10,"DemandMax":null,"Value":31598},{"Length":155,"Height":195,"Demand":10,"DemandMax":null,"Value":30225},{"Length":290,"Height":103,"Demand":10,"DemandMax":null,"Value":29870},{"Length":81,"Height":367,"Demand":10,"DemandMax":null,"Value":29727},{"Length":85,"Height":313,"Demand":10,"DemandMax":null,"Value":26605},{"Length":242,"Height":109,"Demand":10,"DemandMax":null,"Value":26378},{"Length":127,"Height":203,"Demand":10,"DemandMax":null,"Value":25781},{"Length":192,"Height":126,"Demand":10,"DemandMax":null,"Value":24192},{"Length":135,"Height":174,"Demand":10,"DemandMax":null,"Value":23490},{"Length":80,"Height":288,"Demand":10,"DemandMax":null,"Value":23040},{"Length":268,"Height":82,"Demand":10,"DemandMax":null,"Value":21976},{"Length":274,"Height":77,"Demand":10,"DemandMax":null,"Value":21098},{"Length":178,"Height":114,"Demand":10,"DemandMax":null,"Value":20292},{"Length":98,"Height":207,"Demand":10,"DemandMax":null,"Value":20286},{"Length":74,"Height":272,"Demand":10,"DemandMax":null,"Value":20128},{"Length":195,"Height":96,"Demand":10,"DemandMax":null,"Value":18720},{"Length":164,"Height":114,"Demand":10,"DemandMax":null,"Value":18696},{"Length":100,"Height":185,"Demand":10,"DemandMax":null,"Value":18500},{"Length":243,"Height":72,"Demand":10,"DemandMax":null,"Value":17496},{"Length":365,"Height":47,"Demand":10,"DemandMax":null,"Value":17155},{"Length":306,"Height":56,"Demand":10,"DemandMax":null,"Value":17136},{"Length":109,"Height":148,"Demand":10,"DemandMax":null,"Value":16132},{"Length":302,"Height":53,"Demand":10,"DemandMax":null,"Value":16006},{"Length":102,"Height":155,"Demand":10,"DemandMax":null,"Value":15810},{"Length":212,"Height":70,"Demand":10,"DemandMax":null,"Value":14840},{"Length":198,"Height":73,"Demand":10,"DemandMax":null,"Value":14454},{"Length":294,"Height":49,"Demand":10,"DemandMax":null,"Value":14406},{"Length":117,"Height":118,"Demand":10,"DemandMax":null,"Value":13806},{"Length":257,"Height":47,"Demand":10,"DemandMax":null,"Value":12079},{"Length":34,"Height":349,"Demand":10,"DemandMax":null,"Value":11866},{"Length":46,"Height":257,"Demand":10,"DemandMax":null,"Value":11822},{"Length":259,"Height":44,"Demand":10,"DemandMax":null,"Value":11396},{"Length":89,"Height":119,"Demand":10,"DemandMax":null,"Value":10591},{"Length":44,"Height":220,"Demand":10,"DemandMax":null,"Value":9680},{"Length":204,"Height":47,"Demand":10,"DemandMax":null,"Value":9588},{"Length":73,"Height":131,"Demand":10,"DemandMax":null,"Value":9563},{"Length":260,"Height":36,"Demand":10,"DemandMax":null,"Value":9360},{"Length":220,"Height":39,"Demand":10,"DemandMax":null,"Value":8580},{"Length":41,"Height":204,"Demand":10,"DemandMax":null,"Value":8364},{"Length":303,"Height":27,"Demand":10,"DemandMax":null,"Value":8181},{"Length":286,"Height":28,"Demand":10,"DemandMax":null,"Value":8008},{"Length":26,"Height":307,"Demand":10,"DemandMax":null,"Value":7982},{"Length":263,"Height":28,"Demand":10,"DemandMax":null,"Value":7364},{"Length":227,"Height":32,"Demand":10,"DemandMax":null,"Value":7264},{"Length":95,"Height":52,"Demand":10,"DemandMax":null,"Value":4940},{"Length":35,"Height":136,"Demand":10,"DemandMax":null,"Value":4760},{"Length":89,"Height":47,"Demand":10,"DemandMax":null,"Value":4183},{"Length":87,"Height":38,"Demand":10,"DemandMax":null,"Value":3306},{"Length":108,"Height":25,"Demand":10,"DemandMax":null,"Value":2700}]}