{"Name":"AH141","Objects":[{"Length":1000,"Height":40530,"Stock":null,"Cost":40530000}],"Items":[{"Length":295,"Height":281,"Demand":10,"DemandMax":null,"Value":82895},{"Length":273,"Height":279,"Demand":10,"DemandMax":null,"Value":76167},{"Length":266,"Height":283,"Demand":10,"DemandMax":null,"Value":75278},{"Length":254,"Height":295,"Demand":10,"DemandMax":null,"Value":74930},{"Length":251,"Height":295,"Demand":10,"DemandMax":null,"Value":74045},{"Length":267,"Height":277,"Demand":10,"DemandMax":null,"Value":73959},{"Length":275,"Height":261,"Demand":10,"DemandMax":null,"Value":71775},{"Length":289,"Height":227,"Demand":10,"DemandMax":null,"Value":65603},{"Length":251,"Height":261,"Demand":10,"DemandMax":null,"Value":65511},{"Length":235,"Height":275,"Demand":10,"DemandMax":null,"Value":64625},{"Length":236,"Height":266,"Demand":10,"DemandMax":null,"Value":62776},{"Length":280,"Height":224,"Demand":10,"DemandMax":null,"Value":62720},{"Length":249,"Height":249,"Demand":10,"DemandMax":null,"Value":62001},{"Length":255,"Height":243,"Demand":10,"DemandMax":null,"Value":61965},{"Length":213,"Height":278,"Demand":10,"DemandMax":null,"Value":59214},{"Length":207,"Height":284,"Demand":10,"DemandMax":null,"Value":58788},{"Length":212,"Height":269,"Demand":10,"DemandMax":null,"Value":57028},{"Length":254,"Height":224,"Demand":10,"DemandMax":null,"Value":56896},{"Length":204,"Height":276,"Demand":10,"DemandMax":null,"Value":56304},{"Length":208,"Height":265,"Demand":10,"DemandMax":null,"Value":55120},{"Length":216,"Height":252,"Demand":10,"DemandMax":null,"Value":54432},{"Length":266,"Height":203,"Demand":10,"DemandMax":null,"Value":53998},{"Length":181,"Height":296,"Demand":10,"DemandMax":null,"Value":53576},{"Length":179,"Height":290,"Demand":10,"DemandMax":null,"Value":51910},{"Length":278,"Height":185,"Demand":10,"DemandMax":null,"Value":51430},{"Length":232,"Height":221,"Demand":10,"DemandMax":null,"Value":51272},{"Length":189,"Height":268,"Demand":10,"DemandMax":null,"Value":50652},{"Length":212,"Height":234,"Demand":10,"DemandMax":null,"Value":49608},{"Length":265,"Height":184,"Demand":10,"DemandMax":null,"Value":48760},{"Length":185,"Height":262,"Demand":10,"DemandMax":null,"Value":48470},{"Length":247,"Height":196,"Demand":10,"DemandMax":null,"Value":48412},{"Length":296,"Height":156,"Demand":10,"DemandMax":null,"Value":46176},{"Length":184,"Height":248,"Demand":10,"DemandMax":null,"Value":45632},{"Length":231,"Height":197,"Demand":10,"DemandMax":null,"Value":45507},{"Length":203,"Height":223,"Demand":10,"DemandMax":null,"Value":45269},{"Length":298,"Height":151,"Demand":10,"DemandMax":null,"Value":44998},{"Length":173,"Height":259,"Demand":10,"DemandMax":null,"Value":44807},{"Length":192,"Height":232,"Demand":10,"DemandMax":null,"Value":44544},{"Length":288,"Height":153,"Demand":10,"DemandMax":null,"Value":44064},{"Length":220,"Height":197,"Demand":10,"DemandMax":null,"Value":43340},{"Length":260,"Height":166,"Demand":10,"DemandMax":null,"Value":43160},{"Length":151,"Height":285,"Demand":10,"DemandMax":null,"Value":43035},{"Length":163,"Height":264,"Demand":10,"DemandMax":null,"Value":43032},{"Length":236,"Height":178,"Demand":10,"DemandMax":null,"Value":42008},{"Length":166,"Height":252,"Demand":10,"DemandMax":null,"Value":41832},{"Length":289,"Height":142,"Demand":10,"DemandMax":null,"Value":41038},{"Length":296,"Height":137,"Demand":10,"DemandMax":null,"Value":40552},{"Length":207,"Height":194,"Demand":10,"DemandMax":null,"Value":40158},{"Length":201,"Height":199,"Demand":10,"DemandMax":null,"Value":39999},{"Length":249,"Height":160,"Demand":10,"DemandMax":null,"Value":39840},{"Length":299,"Height":131,"Demand":10,"DemandMax":null,"Value":39169},{"Length":155,"Height":247,"Demand":10,"DemandMax":null,"Value":38285},{"Length":137,"Height":273,"Demand":10,"DemandMax":null,"Value":37401},{"Length":223,"Height":167,"Demand":10,"DemandMax":null,"Value":37241},{"Length":158,"Height":235,"Demand":10,"DemandMax":null,"Value":37130},{"Length":297,"Height":124,"Demand":10,"DemandMax":null,"Value":36828},{"Length":215,"Height":168,"Demand":10,"DemandMax":null,"Value":36120},{"Length":117,"Height":297,"Demand":10,"DemandMax":null,"Value":34749},{"Length":137,"Height":249,"Demand":10,"DemandMax":null,"Value":34113},{"Length":152,"Height":222,"Demand":10,"DemandMax":null,"Value":33744},{"Length":163,"Height":202,"Demand":10,"DemandMax":null,"Value":32926},{"Length":227,"Height":144,"Demand":10,"DemandMax":null,"Value":32688},{"Length":162,"Height":201,"Demand":10,"DemandMax":null,"Value":32562},{"Length":207,"Height":156,"Demand":10,"DemandMax":null,"Value":32292},{"Length":213,"Height":147,"Demand":10,"DemandMax":null,"Value":31311},{"Length":231,"Height":132,"Demand":10,"DemandMax":null,"Value":30492},{"Length":153,"Height":196,"Demand":10,"DemandMax":null,"Value":29988},{"Length":102,"Height":294,"Demand":10,"DemandMax":null,"Value":29988},{"Length":104,"Height":286,"Demand":10,"DemandMax":null,"Value":29744},{"Length":177,"Height":166,"Demand":10,"DemandMax":null,"Value":29382},{"Length":154,"Height":189,"Demand":10,"DemandMax":null,"Value":29106},{"Length":176,"Height":165,"Demand":10,"DemandMax":null,"Value":29040},{"Length":109,"Height":265,"Demand":10,"DemandMax":null,"Value":28885},{"Length":195,"Height":146,"Demand":10,"DemandMax":null,"Value":28470},{"Length":165,"Height":172,"Demand":10,"DemandMax":null,"Value":28380},{"Length":161,"Height":174,"Demand":10,"DemandMax":null,"Value":28014},{"Length":109,"Height":254,"Demand":10,"DemandMax":null,"Value":27686},{"Length":267,"Height":103,"Demand":10,"DemandMax":null,"Value":27501},{"Length":197,"Height":137,"Demand":10,"DemandMax":null,"Value":26989},{"Length":190,"Height":142,"Demand":10,"DemandMax":null,"Value":26980},{"Length":252,"Height":106,"Demand":10,"DemandMax":null,"Value":26712},{"Length":143,"Height":184,"Demand":10,"DemandMax":null,"Value":26312},{"Length":231,"Height":111,"Demand":10,"DemandMax":null,"Value":25641},{"Length":168,"Height":149,"Demand":10,"DemandMax":null,"Value":25032},{"Length":194,"Height":124,"Demand":10,"DemandMax":null,"Value":24056},{"Length":191,"Height":125,"Demand":10,"DemandMax":null,"Value":23875},{"Length":108,"Height":212,"Demand":10,"DemandMax":null,"Value":22896},{"Length":130,"Height":172,"Demand":10,"DemandMax":null,"Value":22360},{"Length":193,"Height":111,"Demand":10,"DemandMax":null,"Value":21423},{"Length":126,"Height":157,"Demand":10,"DemandMax":null,"Value":19782},{"Length":132,"Height":145,"Demand":10,"DemandMax":null,"Value":19140},{"Length":164,"Height":108,"Demand":10,"DemandMax":null,"Value":17712},{"Length":144,"Height":117,"Demand":10,"DemandMax":null,"Value":16848},{"Length":139,"Height":120,"Demand":10,"DemandMax":null,"Value":16680},{"Length":134,"Height":118,"Demand":10,"DemandMax":null,"Value":15812},{"Length":129,"Height":122,"Demand":10,"DemandMax":null,"Value":15738},{"Length":139,"Height":113,"Demand":10,"DemandMax":null,"Value":15707},{"Length":128,"Height":113,"Demand":10,"DemandMax":null,"Value":14464},{"Length":119,"Height":117,"Demand":10,"DemandMax":null,"Value":13923},{"Length":109,"Height":115,"Demand":10,"DemandMax":null,"Value":12535}]}