{"Name":"AH63","Objects":[{"Length":1000,"Height":2918,"Stock":null,"Cost":2918000}],"Items":[{"Length":56,"Height":75,"Demand":100,"DemandMax":null,"Value":4200},{"Length":65,"Height":61,"Demand":100,"DemandMax":null,"Value":3965},{"Length":65,"Height":56,"Demand":100,"DemandMax":null,"Value":3640},{"Length":74,"Height":46,"Demand":100,"DemandMax":null,"Value":3404},{"Length":64,"Height":53,"Demand":100,"DemandMax":null,"Value":3392},{"Length":56,"Height":55,"Demand":100,"DemandMax":null,"Value":3080},{"Length":50,"Height":56,"Demand":100,"DemandMax":null,"Value":2800},{"Length":54,"Height":45,"Demand":100,"DemandMax":null,"Value":2430},{"Length":34,"Height":38,"Demand":100,"DemandMax":null,"Value":1292},{"Length":25,"Height":39,"Demand":100,"DemandMax":null,"Value":975}]}