{"Name":"AH26","Objects":[{"Length":1000,"Height":40639,"Stock":null,"Cost":40639000}],"Items":[{"Length":295,"Height":253,"Demand":100,"DemandMax":null,"Value":74635},{"Length":201,"Height":299,"Demand":100,"DemandMax":null,"Value":60099},{"Length":179,"Height":300,"Demand":100,"DemandMax":null,"Value":53700},{"Length":239,"Height":211,"Demand":100,"DemandMax":null,"Value":50429},{"Length":210,"Height":223,"Demand":100,"DemandMax":null,"Value":46830},{"Length":171,"Height":220,"Demand":100,"DemandMax":null,"Value":37620},{"Length":199,"Height":125,"Demand":100,"DemandMax":null,"Value":24875},{"Length":116,"Height":211,"Demand":100,"DemandMax":null,"Value":24476},{"Length":164,"Height":120,"Demand":100,"DemandMax":null,"Value":19680},{"Length":104,"Height":135,"Demand":100,"DemandMax":null,"Value":14040}]}