{"Name":"AH228","Objects":[{"Length":1000,"Height":2211,"Stock":null,"Cost":2211000}],"Items":[{"Length":86,"Height":82,"Demand":10,"DemandMax":null,"Value":7052},{"Length":71,"Height":85,"Demand":10,"DemandMax":null,"Value":6035},{"Length":79,"Height":74,"Demand":10,"DemandMax":null,"Value":5846},{"Length":67,"Height":82,"Demand":10,"DemandMax":null,"Value":5494},{"Length":71,"Height":77,"Demand":10,"DemandMax":null,"Value":5467},{"Length":79,"Height":68,"Demand":10,"DemandMax":null,"Value":5372},{"Length":64,"Height":81,"Demand":10,"DemandMax":null,"Value":5184},{"Length":88,"Height":58,"Demand":10,"DemandMax":null,"Value":5104},{"Length":81,"Height":63,"Demand":10,"DemandMax":null,"Value":5103},{"Length":90,"Height":54,"Demand":10,"DemandMax":null,"Value":4860},{"Length":81,"Height":59,"Demand":10,"DemandMax":null,"Value":4779},{"Length":77,"Height":62,"Demand":10,"DemandMax":null,"Value":4774},{"Length":54,"Height":88,"Demand":10,"DemandMax":null,"Value":4752},{"Length":89,"Height":52,"Demand":10,"DemandMax":null,"Value":4628},{"Length":53,"Height":85,"Demand":10,"DemandMax":null,"Value":4505},{"Length":74,"Height":58,"Demand":10,"DemandMax":null,"Value":4292},{"Length":66,"Height":65,"Demand":10,"DemandMax":null,"Value":4290},{"Length":47,"Height":88,"Demand":10,"DemandMax":null,"Value":4136},{"Length":81,"Height":50,"Demand":10,"DemandMax":null,"Value":4050},{"Length":51,"Height":77,"Demand":10,"DemandMax":null,"Value":3927},{"Length":67,"Height":58,"Demand":10,"DemandMax":null,"Value":3886},{"Length":85,"Height":45,"Demand":10,"DemandMax":null,"Value":3825},{"Length":52,"Height":73,"Demand":10,"DemandMax":null,"Value":3796},{"Length":41,"Height":88,"Demand":10,"DemandMax":null,"Value":3608},{"Length":42,"Height":82,"Demand":10,"DemandMax":null,"Value":3444},{"Length":62,"Height":55,"Demand":10,"DemandMax":null,"Value":3410},{"Length":46,"Height":67,"Demand":10,"DemandMax":null,"Value":3082},{"Length":52,"Height":59,"Demand":10,"DemandMax":null,"Value":3068},{"Length":66,"Height":45,"Demand":10,"DemandMax":null,"Value":2970},{"Length":87,"Height":34,"Demand":10,"DemandMax":null,"Value":2958},{"Length":53,"Height":51,"Demand":10,"DemandMax":null,"Value":2703},{"Length":69,"Height":39,"Demand":10,"DemandMax":null,"Value":2691},{"Length":42,"Height":64,"Demand":10,"DemandMax":null,"Value":2688},{"Length":68,"Height":35,"Demand":10,"DemandMax":null,"Value":2380},{"Length":65,"Height":36,"Demand":10,"DemandMax":null,"Value":2340},{"Length":63,"Height":37,"Demand":10,"DemandMax":null,"Value":2331},{"Length":35,"Height":66,"Demand":10,"DemandMax":null,"Value":2310},{"Length":53,"Height":43,"Demand":10,"DemandMax":null,"Value":2279},{"Length":77,"Height":29,"Demand":10,"DemandMax":null,"Value":2233},{"Length":34,"Height":65,"Demand":10,"DemandMax":null,"Value":2210},{"Length":27,"Height":81,"Demand":10,"DemandMax":null,"Value":2187},{"Length":29,"Height":72,"Demand":10,"DemandMax":null,"Value":2088},{"Length":43,"Height":48,"Demand":10,"DemandMax":null,"Value":2064},{"Length":32,"Height":63,"Demand":10,"DemandMax":null,"Value":2016},{"Length":82,"Height":24,"Demand":10,"DemandMax":null,"Value":1968},{"Length":27,"Height":72,"Demand":10,"DemandMax":null,"Value":1944},{"Length":50,"Height":37,"Demand":10,"DemandMax":null,"Value":1850},{"Length":21,"Height":88,"Demand":10,"DemandMax":null,"Value":1848},{"Length":30,"Height":61,"Demand":10,"DemandMax":null,"Value":1830},{"Length":44,"Height":41,"Demand":10,"DemandMax":null,"Value":1804},{"Length":75,"Height":24,"Demand":10,"DemandMax":null,"Value":1800},{"Length":28,"Height":64,"Demand":10,"DemandMax":null,"Value":1792},{"Length":23,"Height":76,"Demand":10,"DemandMax":null,"Value":1748},{"Length":83,"Height":21,"Demand":10,"DemandMax":null,"Value":1743},{"Length":29,"Height":59,"Demand":10,"DemandMax":null,"Value":1711},{"Length":25,"Height":68,"Demand":10,"DemandMax":null,"Value":1700},{"Length":31,"Height":53,"Demand":10,"DemandMax":null,"Value":1643},{"Length":51,"Height":31,"Demand":10,"DemandMax":null,"Value":1581},{"Length":87,"Height":18,"Demand":10,"DemandMax":null,"Value":1566},{"Length":26,"Height":60,"Demand":10,"DemandMax":null,"Value":1560},{"Length":78,"Height":20,"Demand":10,"DemandMax":null,"Value":1560},{"Length":43,"Height":34,"Demand":10,"DemandMax":null,"Value":1462},{"Length":30,"Height":44,"Demand":10,"DemandMax":null,"Value":1320},{"Length":26,"Height":50,"Demand":10,"DemandMax":null,"Value":1300},{"Length":54,"Height":24,"Demand":10,"DemandMax":null,"Value":1296},{"Length":70,"Height":17,"Demand":10,"DemandMax":null,"Value":1190},{"Length":45,"Height":25,"Demand":10,"DemandMax":null,"Value":1125},{"Length":24,"Height":43,"Demand":10,"DemandMax":null,"Value":1032},{"Length":77,"Height":13,"Demand":10,"DemandMax":null,"Value":1001},{"Length":75,"Height":13,"Demand":10,"DemandMax":null,"Value":975},{"Length":64,"Height":15,"Demand":10,"DemandMax":null,"Value":960},{"Length":18,"Height":47,"Demand":10,"DemandMax":null,"Value":846},{"Length":47,"Height":17,"Demand":10,"DemandMax":null,"Value":799},{"Length":13,"Height":61,"Demand":10,"DemandMax":null,"Value":793},{"Length":86,"Height":9,"Demand":10,"DemandMax":null,"Value":774},{"Length":26,"Height":29,"Demand":10,"DemandMax":null,"Value":754},{"Length":13,"Height":57,"Demand":10,"DemandMax":null,"Value":741},{"Length":32,"Height":22,"Demand":10,"DemandMax":null,"Value":704},{"Length":29,"Height":23,"Demand":10,"DemandMax":null,"Value":667},{"Length":7,"Height":80,"Demand":10,"DemandMax":null,"Value":560},{"Length":7,"Height":79,"Demand":10,"DemandMax":null,"Value":553},{"Length":60,"Height":9,"Demand":10,"DemandMax":null,"Value":540},{"Length":13,"Height":40,"Demand":10,"DemandMax":null,"Value":520},{"Length":52,"Height":10,"Demand":10,"DemandMax":null,"Value":520},{"Length":9,"Height":55,"Demand":10,"DemandMax":null,"Value":495},{"Length":16,"Height":29,"Demand":10,"DemandMax":null,"Value":464},{"Length":14,"Height":33,"Demand":10,"DemandMax":null,"Value":462},{"Length":41,"Height":11,"Demand":10,"DemandMax":null,"Value":451},{"Length":15,"Height":27,"Demand":10,"DemandMax":null,"Value":405},{"Length":7,"Height":51,"Demand":10,"DemandMax":null,"Value":357},{"Length":53,"Height":6,"Demand":10,"DemandMax":null,"Value":318},{"Length":20,"Height":15,"Demand":10,"DemandMax":null,"Value":300},{"Length":39,"Height":7,"Demand":10,"DemandMax":null,"Value":273},{"Length":7,"Height":34,"Demand":10,"DemandMax":null,"Value":238},{"Length":9,"Height":23,"Demand":10,"DemandMax":null,"Value":207},{"Length":16,"Height":12,"Demand":10,"DemandMax":null,"Value":192},{"Length":8,"Height":24,"Demand":10,"DemandMax":null,"Value":192},{"Length":7,"Height":27,"Demand":10,"DemandMax":null,"Value":189},{"Length":8,"Height":17,"Demand":10,"DemandMax":null,"Value":136},{"Length":13,"Height":6,"Demand":10,"DemandMax":null,"Value":78}]}