{"Name":"AH21","Objects":[{"Length":1000,"Height":45680,"Stock":null,"Cost":45680000}],"Items":[{"Length":266,"Height":254,"Demand":100,"DemandMax":null,"Value":67564},{"Length":251,"Height":263,"Demand":100,"DemandMax":null,"Value":66013},{"Length":280,"Height":210,"Demand":100,"DemandMax":null,"Value":58800},{"Length":200,"Height":292,"Demand":100,"DemandMax":null,"Value":58400},{"Length":275,"Height":171,"Demand":100,"DemandMax":null,"Value":47025},{"Length":181,"Height":234,"Demand":100,"DemandMax":null,"Value":42354},{"Length":183,"Height":176,"Demand":100,"DemandMax":null,"Value":32208},{"Length":113,"Height":267,"Demand":100,"DemandMax":null,"Value":30171},{"Length":207,"Height":140,"Demand":100,"DemandMax":null,"Value":28980},{"Length":193,"Height":131,"Demand":100,"DemandMax":null,"Value":25283}]}