{"Name":"AH233","Objects":[{"Length":1000,"Height":2314,"Stock":null,"Cost":2314000}],"Items":[{"Length":87,"Height":86,"Demand":10,"DemandMax":null,"Value":7482},{"Length":76,"Height":85,"Demand":10,"DemandMax":null,"Value":6460},{"Length":75,"Height":85,"Demand":10,"DemandMax":null,"Value":6375},{"Length":88,"Height":70,"Demand":10,"DemandMax":null,"Value":6160},{"Length":83,"Height":73,"Demand":10,"DemandMax":null,"Value":6059},{"Length":85,"Height":68,"Demand":10,"DemandMax":null,"Value":5780},{"Length":71,"Height":81,"Demand":10,"DemandMax":null,"Value":5751},{"Length":67,"Height":84,"Demand":10,"DemandMax":null,"Value":5628},{"Length":81,"Height":68,"Demand":10,"DemandMax":null,"Value":5508},{"Length":73,"Height":74,"Demand":10,"DemandMax":null,"Value":5402},{"Length":76,"Height":67,"Demand":10,"DemandMax":null,"Value":5092},{"Length":90,"Height":54,"Demand":10,"DemandMax":null,"Value":4860},{"Length":64,"Height":75,"Demand":10,"DemandMax":null,"Value":4800},{"Length":82,"Height":58,"Demand":10,"DemandMax":null,"Value":4756},{"Length":88,"Height":54,"Demand":10,"DemandMax":null,"Value":4752},{"Length":63,"Height":70,"Demand":10,"DemandMax":null,"Value":4410},{"Length":80,"Height":53,"Demand":10,"DemandMax":null,"Value":4240},{"Length":62,"Height":68,"Demand":10,"DemandMax":null,"Value":4216},{"Length":60,"Height":67,"Demand":10,"DemandMax":null,"Value":4020},{"Length":45,"Height":87,"Demand":10,"DemandMax":null,"Value":3915},{"Length":75,"Height":52,"Demand":10,"DemandMax":null,"Value":3900},{"Length":68,"Height":57,"Demand":10,"DemandMax":null,"Value":3876},{"Length":44,"Height":88,"Demand":10,"DemandMax":null,"Value":3872},{"Length":87,"Height":43,"Demand":10,"DemandMax":null,"Value":3741},{"Length":53,"Height":69,"Demand":10,"DemandMax":null,"Value":3657},{"Length":72,"Height":47,"Demand":10,"DemandMax":null,"Value":3384},{"Length":89,"Height":37,"Demand":10,"DemandMax":null,"Value":3293},{"Length":85,"Height":38,"Demand":10,"DemandMax":null,"Value":3230},{"Length":77,"Height":39,"Demand":10,"DemandMax":null,"Value":3003},{"Length":34,"Height":82,"Demand":10,"DemandMax":null,"Value":2788},{"Length":50,"Height":55,"Demand":10,"DemandMax":null,"Value":2750},{"Length":62,"Height":43,"Demand":10,"DemandMax":null,"Value":2666},{"Length":85,"Height":31,"Demand":10,"DemandMax":null,"Value":2635},{"Length":30,"Height":87,"Demand":10,"DemandMax":null,"Value":2610},{"Length":78,"Height":33,"Demand":10,"DemandMax":null,"Value":2574},{"Length":68,"Height":37,"Demand":10,"DemandMax":null,"Value":2516},{"Length":76,"Height":33,"Demand":10,"DemandMax":null,"Value":2508},{"Length":52,"Height":48,"Demand":10,"DemandMax":null,"Value":2496},{"Length":68,"Height":36,"Demand":10,"DemandMax":null,"Value":2448},{"Length":40,"Height":61,"Demand":10,"DemandMax":null,"Value":2440},{"Length":65,"Height":37,"Demand":10,"DemandMax":null,"Value":2405},{"Length":31,"Height":66,"Demand":10,"DemandMax":null,"Value":2046},{"Length":71,"Height":28,"Demand":10,"DemandMax":null,"Value":1988},{"Length":54,"Height":36,"Demand":10,"DemandMax":null,"Value":1944},{"Length":63,"Height":29,"Demand":10,"DemandMax":null,"Value":1827},{"Length":70,"Height":26,"Demand":10,"DemandMax":null,"Value":1820},{"Length":60,"Height":30,"Demand":10,"DemandMax":null,"Value":1800},{"Length":29,"Height":62,"Demand":10,"DemandMax":null,"Value":1798},{"Length":31,"Height":57,"Demand":10,"DemandMax":null,"Value":1767},{"Length":79,"Height":21,"Demand":10,"DemandMax":null,"Value":1659},{"Length":29,"Height":57,"Demand":10,"DemandMax":null,"Value":1653},{"Length":65,"Height":25,"Demand":10,"DemandMax":null,"Value":1625},{"Length":37,"Height":43,"Demand":10,"DemandMax":null,"Value":1591},{"Length":18,"Height":88,"Demand":10,"DemandMax":null,"Value":1584},{"Length":63,"Height":25,"Demand":10,"DemandMax":null,"Value":1575},{"Length":33,"Height":47,"Demand":10,"DemandMax":null,"Value":1551},{"Length":43,"Height":36,"Demand":10,"DemandMax":null,"Value":1548},{"Length":17,"Height":89,"Demand":10,"DemandMax":null,"Value":1513},{"Length":34,"Height":44,"Demand":10,"DemandMax":null,"Value":1496},{"Length":19,"Height":75,"Demand":10,"DemandMax":null,"Value":1425},{"Length":56,"Height":25,"Demand":10,"DemandMax":null,"Value":1400},{"Length":57,"Height":24,"Demand":10,"DemandMax":null,"Value":1368},{"Length":22,"Height":62,"Demand":10,"DemandMax":null,"Value":1364},{"Length":50,"Height":27,"Demand":10,"DemandMax":null,"Value":1350},{"Length":61,"Height":21,"Demand":10,"DemandMax":null,"Value":1281},{"Length":71,"Height":18,"Demand":10,"DemandMax":null,"Value":1278},{"Length":21,"Height":60,"Demand":10,"DemandMax":null,"Value":1260},{"Length":43,"Height":28,"Demand":10,"DemandMax":null,"Value":1204},{"Length":21,"Height":56,"Demand":10,"DemandMax":null,"Value":1176},{"Length":51,"Height":23,"Demand":10,"DemandMax":null,"Value":1173},{"Length":70,"Height":16,"Demand":10,"DemandMax":null,"Value":1120},{"Length":28,"Height":38,"Demand":10,"DemandMax":null,"Value":1064},{"Length":11,"Height":88,"Demand":10,"DemandMax":null,"Value":968},{"Length":13,"Height":71,"Demand":10,"DemandMax":null,"Value":923},{"Length":87,"Height":10,"Demand":10,"DemandMax":null,"Value":870},{"Length":62,"Height":14,"Demand":10,"DemandMax":null,"Value":868},{"Length":65,"Height":13,"Demand":10,"DemandMax":null,"Value":845},{"Length":24,"Height":35,"Demand":10,"DemandMax":null,"Value":840},{"Length":11,"Height":71,"Demand":10,"DemandMax":null,"Value":781},{"Length":21,"Height":37,"Demand":10,"DemandMax":null,"Value":777},{"Length":16,"Height":48,"Demand":10,"DemandMax":null,"Value":768},{"Length":57,"Height":13,"Demand":10,"DemandMax":null,"Value":741},{"Length":73,"Height":10,"Demand":10,"DemandMax":null,"Value":730},{"Length":50,"Height":13,"Demand":10,"DemandMax":null,"Value":650},{"Length":40,"Height":15,"Demand":10,"DemandMax":null,"Value":600},{"Length":12,"Height":50,"Demand":10,"DemandMax":null,"Value":600},{"Length":6,"Height":86,"Demand":10,"DemandMax":null,"Value":516},{"Length":38,"Height":13,"Demand":10,"DemandMax":null,"Value":494},{"Length":7,"Height":67,"Demand":10,"DemandMax":null,"Value":469},{"Length":9,"Height":50,"Demand":10,"DemandMax":null,"Value":450},{"Length":28,"Height":15,"Demand":10,"DemandMax":null,"Value":420},{"Length":20,"Height":21,"Demand":10,"DemandMax":null,"Value":420},{"Length":69,"Height":6,"Demand":10,"DemandMax":null,"Value":414},{"Length":52,"Height":7,"Demand":10,"DemandMax":null,"Value":364},{"Length":29,"Height":12,"Demand":10,"DemandMax":null,"Value":348},{"Length":6,"Height":48,"Demand":10,"DemandMax":null,"Value":288},{"Length":8,"Height":36,"Demand":10,"DemandMax":null,"Value":288},{"Length":9,"Height":11,"Demand":10,"DemandMax":null,"Value":99},{"Length":10,"Height":8,"Demand":10,"DemandMax":null,"Value":80},{"Length":6,"Height":7,"Demand":10,"DemandMax":null,"Value":42}]}