{"Name":"AH287","Objects":[{"Length":1000,"Height":40891,"Stock":null,"Cost":40891000}],"Items":[{"Length":370,"Height":367,"Demand":1,"DemandMax":null,"Value":135790},{"Length":339,"Height":371,"Demand":1,"DemandMax":null,"Value":125769},{"Length":367,"Height":340,"Demand":1,"DemandMax":null,"Value":124780},{"Length":338,"Height":362,"Demand":1,"DemandMax":null,"Value":122356},{"Length":330,"Height":370,"Demand":1,"DemandMax":null,"Value":122100},{"Length":326,"Height":371,"Demand":1,"DemandMax":null,"Value":120946},{"Length":349,"Height":345,"Demand":1,"DemandMax":null,"Value":120405},{"Length":373,"Height":321,"Demand":1,"DemandMax":null,"Value":119733},{"Length":337,"Height":355,"Demand":1,"DemandMax":null,"Value":119635},{"Length":348,"Height":343,"Demand":1,"DemandMax":null,"Value":119364},{"Length":335,"Height":355,"Demand":1,"DemandMax":null,"Value":118925},{"Length":319,"Height":371,"Demand":1,"DemandMax":null,"Value":118349},{"Length":339,"Height":349,"Demand":1,"DemandMax":null,"Value":118311},{"Length":323,"Height":365,"Demand":1,"DemandMax":null,"Value":117895},{"Length":313,"Height":375,"Demand":1,"DemandMax":null,"Value":117375},{"Length":362,"Height":323,"Demand":1,"DemandMax":null,"Value":116926},{"Length":351,"Height":332,"Demand":1,"DemandMax":null,"Value":116532},{"Length":321,"Height":361,"Demand":1,"DemandMax":null,"Value":115881},{"Length":357,"Height":320,"Demand":1,"DemandMax":null,"Value":114240},{"Length":307,"Height":370,"Demand":1,"DemandMax":null,"Value":113590},{"Length":316,"Height":359,"Demand":1,"DemandMax":null,"Value":113444},{"Length":310,"Height":365,"Demand":1,"DemandMax":null,"Value":113150},{"Length":368,"Height":306,"Demand":1,"DemandMax":null,"Value":112608},{"Length":328,"Height":341,"Demand":1,"DemandMax":null,"Value":111848},{"Length":375,"Height":298,"Demand":1,"DemandMax":null,"Value":111750},{"Length":364,"Height":307,"Demand":1,"DemandMax":null,"Value":111748},{"Length":320,"Height":349,"Demand":1,"DemandMax":null,"Value":111680},{"Length":320,"Height":348,"Demand":1,"DemandMax":null,"Value":111360},{"Length":366,"Height":304,"Demand":1,"DemandMax":null,"Value":111264},{"Length":324,"Height":342,"Demand":1,"DemandMax":null,"Value":110808},{"Length":374,"Height":296,"Demand":1,"DemandMax":null,"Value":110704},{"Length":336,"Height":329,"Demand":1,"DemandMax":null,"Value":110544},{"Length":361,"Height":305,"Demand":1,"DemandMax":null,"Value":110105},{"Length":331,"Height":331,"Demand":1,"DemandMax":null,"Value":109561},{"Length":320,"Height":341,"Demand":1,"DemandMax":null,"Value":109120},{"Length":332,"Height":326,"Demand":1,"DemandMax":null,"Value":108232},{"Length":340,"Height":317,"Demand":1,"DemandMax":null,"Value":107780},{"Length":314,"Height":342,"Demand":1,"DemandMax":null,"Value":107388},{"Length":366,"Height":293,"Demand":1,"DemandMax":null,"Value":107238},{"Length":352,"Height":304,"Demand":1,"DemandMax":null,"Value":107008},{"Length":359,"Height":298,"Demand":1,"DemandMax":null,"Value":106982},{"Length":333,"Height":321,"Demand":1,"DemandMax":null,"Value":106893},{"Length":330,"Height":318,"Demand":1,"DemandMax":null,"Value":104940},{"Length":304,"Height":344,"Demand":1,"DemandMax":null,"Value":104576},{"Length":343,"Height":303,"Demand":1,"DemandMax":null,"Value":103929},{"Length":297,"Height":347,"Demand":1,"DemandMax":null,"Value":103059},{"Length":302,"Height":341,"Demand":1,"DemandMax":null,"Value":102982},{"Length":314,"Height":326,"Demand":1,"DemandMax":null,"Value":102364},{"Length":327,"Height":312,"Demand":1,"DemandMax":null,"Value":102024},{"Length":320,"Height":318,"Demand":1,"DemandMax":null,"Value":101760},{"Length":304,"Height":332,"Demand":1,"DemandMax":null,"Value":100928},{"Length":373,"Height":270,"Demand":1,"DemandMax":null,"Value":100710},{"Length":363,"Height":277,"Demand":1,"DemandMax":null,"Value":100551},{"Length":294,"Height":341,"Demand":1,"DemandMax":null,"Value":100254},{"Length":298,"Height":336,"Demand":1,"DemandMax":null,"Value":100128},{"Length":274,"Height":365,"Demand":1,"DemandMax":null,"Value":100010},{"Length":307,"Height":325,"Demand":1,"DemandMax":null,"Value":99775},{"Length":269,"Height":369,"Demand":1,"DemandMax":null,"Value":99261},{"Length":359,"Height":276,"Demand":1,"DemandMax":null,"Value":99084},{"Length":372,"Height":266,"Demand":1,"DemandMax":null,"Value":98952},{"Length":338,"Height":292,"Demand":1,"DemandMax":null,"Value":98696},{"Length":312,"Height":316,"Demand":1,"DemandMax":null,"Value":98592},{"Length":336,"Height":293,"Demand":1,"DemandMax":null,"Value":98448},{"Length":368,"Height":267,"Demand":1,"DemandMax":null,"Value":98256},{"Length":302,"Height":325,"Demand":1,"DemandMax":null,"Value":98150},{"Length":292,"Height":336,"Demand":1,"DemandMax":null,"Value":98112},{"Length":265,"Height":369,"Demand":1,"DemandMax":null,"Value":97785},{"Length":336,"Height":291,"Demand":1,"DemandMax":null,"Value":97776},{"Length":271,"Height":360,"Demand":1,"DemandMax":null,"Value":97560},{"Length":286,"Height":340,"Demand":1,"DemandMax":null,"Value":97240},{"Length":309,"Height":312,"Demand":1,"DemandMax":null,"Value":96408},{"Length":367,"Height":262,"Demand":1,"DemandMax":null,"Value":96154},{"Length":308,"Height":312,"Demand":1,"DemandMax":null,"Value":96096},{"Length":283,"Height":339,"Demand":1,"DemandMax":null,"Value":95937},{"Length":356,"Height":268,"Demand":1,"DemandMax":null,"Value":95408},{"Length":290,"Height":328,"Demand":1,"DemandMax":null,"Value":95120},{"Length":260,"Height":364,"Demand":1,"DemandMax":null,"Value":94640},{"Length":320,"Height":295,"Demand":1,"DemandMax":null,"Value":94400},{"Length":307,"Height":306,"Demand":1,"DemandMax":null,"Value":93942},{"Length":299,"Height":314,"Demand":1,"DemandMax":null,"Value":93886},{"Length":358,"Height":262,"Demand":1,"DemandMax":null,"Value":93796},{"Length":329,"Height":285,"Demand":1,"DemandMax":null,"Value":93765},{"Length":331,"Height":283,"Demand":1,"DemandMax":null,"Value":93673},{"Length":281,"Height":331,"Demand":1,"DemandMax":null,"Value":93011},{"Length":333,"Height":279,"Demand":1,"DemandMax":null,"Value":92907},{"Length":314,"Height":294,"Demand":1,"DemandMax":null,"Value":92316},{"Length":315,"Height":293,"Demand":1,"DemandMax":null,"Value":92295},{"Length":287,"Height":320,"Demand":1,"DemandMax":null,"Value":91840},{"Length":265,"Height":346,"Demand":1,"DemandMax":null,"Value":91690},{"Length":363,"Height":252,"Demand":1,"DemandMax":null,"Value":91476},{"Length":311,"Height":294,"Demand":1,"DemandMax":null,"Value":91434},{"Length":339,"Height":269,"Demand":1,"DemandMax":null,"Value":91191},{"Length":336,"Height":271,"Demand":1,"DemandMax":null,"Value":91056},{"Length":261,"Height":346,"Demand":1,"DemandMax":null,"Value":90306},{"Length":294,"Height":306,"Demand":1,"DemandMax":null,"Value":89964},{"Length":364,"Height":247,"Demand":1,"DemandMax":null,"Value":89908},{"Length":373,"Height":241,"Demand":1,"DemandMax":null,"Value":89893},{"Length":324,"Height":276,"Demand":1,"DemandMax":null,"Value":89424},{"Length":242,"Height":368,"Demand":1,"DemandMax":null,"Value":89056},{"Length":240,"Height":371,"Demand":1,"DemandMax":null,"Value":89040},{"Length":346,"Height":256,"Demand":1,"DemandMax":null,"Value":88576},{"Length":334,"Height":265,"Demand":1,"DemandMax":null,"Value":88510},{"Length":368,"Height":240,"Demand":1,"DemandMax":null,"Value":88320},{"Length":347,"Height":254,"Demand":1,"DemandMax":null,"Value":88138},{"Length":271,"Height":325,"Demand":1,"DemandMax":null,"Value":88075},{"Length":346,"Height":254,"Demand":1,"DemandMax":null,"Value":87884},{"Length":366,"Height":240,"Demand":1,"DemandMax":null,"Value":87840},{"Length":359,"Height":243,"Demand":1,"DemandMax":null,"Value":87237},{"Length":371,"Height":235,"Demand":1,"DemandMax":null,"Value":87185},{"Length":278,"Height":312,"Demand":1,"DemandMax":null,"Value":86736},{"Length":299,"Height":290,"Demand":1,"DemandMax":null,"Value":86710},{"Length":356,"Height":243,"Demand":1,"DemandMax":null,"Value":86508},{"Length":318,"Height":272,"Demand":1,"DemandMax":null,"Value":86496},{"Length":236,"Height":366,"Demand":1,"DemandMax":null,"Value":86376},{"Length":244,"Height":353,"Demand":1,"DemandMax":null,"Value":86132},{"Length":347,"Height":248,"Demand":1,"DemandMax":null,"Value":86056},{"Length":314,"Height":274,"Demand":1,"DemandMax":null,"Value":86036},{"Length":273,"Height":314,"Demand":1,"DemandMax":null,"Value":85722},{"Length":323,"Height":264,"Demand":1,"DemandMax":null,"Value":85272},{"Length":248,"Height":343,"Demand":1,"DemandMax":null,"Value":85064},{"Length":270,"Height":314,"Demand":1,"DemandMax":null,"Value":84780},{"Length":348,"Height":241,"Demand":1,"DemandMax":null,"Value":83868},{"Length":293,"Height":283,"Demand":1,"DemandMax":null,"Value":82919},{"Length":282,"Height":294,"Demand":1,"DemandMax":null,"Value":82908},{"Length":284,"Height":289,"Demand":1,"DemandMax":null,"Value":82076},{"Length":289,"Height":282,"Demand":1,"DemandMax":null,"Value":81498},{"Length":244,"Height":334,"Demand":1,"DemandMax":null,"Value":81496},{"Length":368,"Height":221,"Demand":1,"DemandMax":null,"Value":81328},{"Length":218,"Height":373,"Demand":1,"DemandMax":null,"Value":81314},{"Length":364,"Height":223,"Demand":1,"DemandMax":null,"Value":81172},{"Length":368,"Height":220,"Demand":1,"DemandMax":null,"Value":80960},{"Length":247,"Height":327,"Demand":1,"DemandMax":null,"Value":80769},{"Length":365,"Height":221,"Demand":1,"DemandMax":null,"Value":80665},{"Length":360,"Height":222,"Demand":1,"DemandMax":null,"Value":79920},{"Length":220,"Height":360,"Demand":1,"DemandMax":null,"Value":79200},{"Length":332,"Height":237,"Demand":1,"DemandMax":null,"Value":78684},{"Length":275,"Height":285,"Demand":1,"DemandMax":null,"Value":78375},{"Length":241,"Height":325,"Demand":1,"DemandMax":null,"Value":78325},{"Length":309,"Height":253,"Demand":1,"DemandMax":null,"Value":78177},{"Length":253,"Height":308,"Demand":1,"DemandMax":null,"Value":77924},{"Length":257,"Height":302,"Demand":1,"DemandMax":null,"Value":77614},{"Length":251,"Height":309,"Demand":1,"DemandMax":null,"Value":77559},{"Length":346,"Height":224,"Demand":1,"DemandMax":null,"Value":77504},{"Length":261,"Height":296,"Demand":1,"DemandMax":null,"Value":77256},{"Length":353,"Height":218,"Demand":1,"DemandMax":null,"Value":76954},{"Length":375,"Height":205,"Demand":1,"DemandMax":null,"Value":76875},{"Length":262,"Height":292,"Demand":1,"DemandMax":null,"Value":76504},{"Length":255,"Height":300,"Demand":1,"DemandMax":null,"Value":76500},{"Length":267,"Height":286,"Demand":1,"DemandMax":null,"Value":76362},{"Length":222,"Height":343,"Demand":1,"DemandMax":null,"Value":76146},{"Length":247,"Height":307,"Demand":1,"DemandMax":null,"Value":75829},{"Length":206,"Height":368,"Demand":1,"DemandMax":null,"Value":75808},{"Length":245,"Height":308,"Demand":1,"DemandMax":null,"Value":75460},{"Length":291,"Height":259,"Demand":1,"DemandMax":null,"Value":75369},{"Length":205,"Height":367,"Demand":1,"DemandMax":null,"Value":75235},{"Length":247,"Height":303,"Demand":1,"DemandMax":null,"Value":74841},{"Length":233,"Height":321,"Demand":1,"DemandMax":null,"Value":74793},{"Length":257,"Height":290,"Demand":1,"DemandMax":null,"Value":74530},{"Length":289,"Height":257,"Demand":1,"DemandMax":null,"Value":74273},{"Length":238,"Height":309,"Demand":1,"DemandMax":null,"Value":73542},{"Length":321,"Height":229,"Demand":1,"DemandMax":null,"Value":73509},{"Length":348,"Height":211,"Demand":1,"DemandMax":null,"Value":73428},{"Length":331,"Height":221,"Demand":1,"DemandMax":null,"Value":73151},{"Length":313,"Height":232,"Demand":1,"DemandMax":null,"Value":72616},{"Length":300,"Height":242,"Demand":1,"DemandMax":null,"Value":72600},{"Length":327,"Height":221,"Demand":1,"DemandMax":null,"Value":72267},{"Length":196,"Height":367,"Demand":1,"DemandMax":null,"Value":71932},{"Length":226,"Height":318,"Demand":1,"DemandMax":null,"Value":71868},{"Length":194,"Height":370,"Demand":1,"DemandMax":null,"Value":71780},{"Length":196,"Height":366,"Demand":1,"DemandMax":null,"Value":71736},{"Length":218,"Height":329,"Demand":1,"DemandMax":null,"Value":71722},{"Length":272,"Height":262,"Demand":1,"DemandMax":null,"Value":71264},{"Length":299,"Height":238,"Demand":1,"DemandMax":null,"Value":71162},{"Length":230,"Height":309,"Demand":1,"DemandMax":null,"Value":71070},{"Length":374,"Height":190,"Demand":1,"DemandMax":null,"Value":71060},{"Length":271,"Height":262,"Demand":1,"DemandMax":null,"Value":71002},{"Length":306,"Height":232,"Demand":1,"DemandMax":null,"Value":70992},{"Length":194,"Height":364,"Demand":1,"DemandMax":null,"Value":70616},{"Length":361,"Height":195,"Demand":1,"DemandMax":null,"Value":70395},{"Length":370,"Height":190,"Demand":1,"DemandMax":null,"Value":70300},{"Length":289,"Height":243,"Demand":1,"DemandMax":null,"Value":70227},{"Length":202,"Height":347,"Demand":1,"DemandMax":null,"Value":70094},{"Length":335,"Height":208,"Demand":1,"DemandMax":null,"Value":69680},{"Length":248,"Height":279,"Demand":1,"DemandMax":null,"Value":69192},{"Length":198,"Height":349,"Demand":1,"DemandMax":null,"Value":69102},{"Length":228,"Height":303,"Demand":1,"DemandMax":null,"Value":69084},{"Length":224,"Height":308,"Demand":1,"DemandMax":null,"Value":68992},{"Length":256,"Height":269,"Demand":1,"DemandMax":null,"Value":68864},{"Length":220,"Height":313,"Demand":1,"DemandMax":null,"Value":68860},{"Length":364,"Height":189,"Demand":1,"DemandMax":null,"Value":68796},{"Length":230,"Height":299,"Demand":1,"DemandMax":null,"Value":68770},{"Length":243,"Height":282,"Demand":1,"DemandMax":null,"Value":68526},{"Length":212,"Height":323,"Demand":1,"DemandMax":null,"Value":68476},{"Length":223,"Height":307,"Demand":1,"DemandMax":null,"Value":68461},{"Length":327,"Height":209,"Demand":1,"DemandMax":null,"Value":68343},{"Length":237,"Height":288,"Demand":1,"DemandMax":null,"Value":68256},{"Length":364,"Height":187,"Demand":1,"DemandMax":null,"Value":68068},{"Length":313,"Height":217,"Demand":1,"DemandMax":null,"Value":67921},{"Length":350,"Height":194,"Demand":1,"DemandMax":null,"Value":67900},{"Length":245,"Height":277,"Demand":1,"DemandMax":null,"Value":67865},{"Length":218,"Height":309,"Demand":1,"DemandMax":null,"Value":67362},{"Length":265,"Height":254,"Demand":1,"DemandMax":null,"Value":67310},{"Length":263,"Height":255,"Demand":1,"DemandMax":null,"Value":67065},{"Length":342,"Height":196,"Demand":1,"DemandMax":null,"Value":67032},{"Length":221,"Height":303,"Demand":1,"DemandMax":null,"Value":66963},{"Length":374,"Height":179,"Demand":1,"DemandMax":null,"Value":66946},{"Length":361,"Height":184,"Demand":1,"DemandMax":null,"Value":66424},{"Length":197,"Height":337,"Demand":1,"DemandMax":null,"Value":66389},{"Length":203,"Height":327,"Demand":1,"DemandMax":null,"Value":66381},{"Length":208,"Height":319,"Demand":1,"DemandMax":null,"Value":66352},{"Length":194,"Height":342,"Demand":1,"DemandMax":null,"Value":66348},{"Length":265,"Height":250,"Demand":1,"DemandMax":null,"Value":66250},{"Length":220,"Height":301,"Demand":1,"DemandMax":null,"Value":66220},{"Length":339,"Height":195,"Demand":1,"DemandMax":null,"Value":66105},{"Length":277,"Height":237,"Demand":1,"DemandMax":null,"Value":65649},{"Length":181,"Height":360,"Demand":1,"DemandMax":null,"Value":65160},{"Length":192,"Height":339,"Demand":1,"DemandMax":null,"Value":65088},{"Length":288,"Height":226,"Demand":1,"DemandMax":null,"Value":65088},{"Length":250,"Height":260,"Demand":1,"DemandMax":null,"Value":65000},{"Length":185,"Height":351,"Demand":1,"DemandMax":null,"Value":64935},{"Length":191,"Height":339,"Demand":1,"DemandMax":null,"Value":64749},{"Length":337,"Height":192,"Demand":1,"DemandMax":null,"Value":64704},{"Length":198,"Height":325,"Demand":1,"DemandMax":null,"Value":64350},{"Length":210,"Height":306,"Demand":1,"DemandMax":null,"Value":64260},{"Length":178,"Height":360,"Demand":1,"DemandMax":null,"Value":64080},{"Length":325,"Height":197,"Demand":1,"DemandMax":null,"Value":64025},{"Length":278,"Height":230,"Demand":1,"DemandMax":null,"Value":63940},{"Length":347,"Height":184,"Demand":1,"DemandMax":null,"Value":63848},{"Length":315,"Height":202,"Demand":1,"DemandMax":null,"Value":63630},{"Length":182,"Height":349,"Demand":1,"DemandMax":null,"Value":63518},{"Length":211,"Height":301,"Demand":1,"DemandMax":null,"Value":63511},{"Length":194,"Height":326,"Demand":1,"DemandMax":null,"Value":63244},{"Length":287,"Height":220,"Demand":1,"DemandMax":null,"Value":63140},{"Length":337,"Height":187,"Demand":1,"DemandMax":null,"Value":63019},{"Length":177,"Height":356,"Demand":1,"DemandMax":null,"Value":63012},{"Length":181,"Height":347,"Demand":1,"DemandMax":null,"Value":62807},{"Length":250,"Height":251,"Demand":1,"DemandMax":null,"Value":62750},{"Length":185,"Height":339,"Demand":1,"DemandMax":null,"Value":62715},{"Length":346,"Height":181,"Demand":1,"DemandMax":null,"Value":62626},{"Length":319,"Height":196,"Demand":1,"DemandMax":null,"Value":62524},{"Length":180,"Height":347,"Demand":1,"DemandMax":null,"Value":62460},{"Length":294,"Height":212,"Demand":1,"DemandMax":null,"Value":62328},{"Length":169,"Height":366,"Demand":1,"DemandMax":null,"Value":61854},{"Length":180,"Height":343,"Demand":1,"DemandMax":null,"Value":61740},{"Length":199,"Height":310,"Demand":1,"DemandMax":null,"Value":61690},{"Length":362,"Height":170,"Demand":1,"DemandMax":null,"Value":61540},{"Length":290,"Height":212,"Demand":1,"DemandMax":null,"Value":61480},{"Length":256,"Height":240,"Demand":1,"DemandMax":null,"Value":61440},{"Length":321,"Height":191,"Demand":1,"DemandMax":null,"Value":61311},{"Length":290,"Height":211,"Demand":1,"DemandMax":null,"Value":61190},{"Length":228,"Height":267,"Demand":1,"DemandMax":null,"Value":60876},{"Length":248,"Height":245,"Demand":1,"DemandMax":null,"Value":60760},{"Length":230,"Height":264,"Demand":1,"DemandMax":null,"Value":60720},{"Length":348,"Height":174,"Demand":1,"DemandMax":null,"Value":60552},{"Length":227,"Height":266,"Demand":1,"DemandMax":null,"Value":60382},{"Length":356,"Height":169,"Demand":1,"DemandMax":null,"Value":60164},{"Length":194,"Height":309,"Demand":1,"DemandMax":null,"Value":59946},{"Length":335,"Height":178,"Demand":1,"DemandMax":null,"Value":59630},{"Length":209,"Height":284,"Demand":1,"DemandMax":null,"Value":59356},{"Length":314,"Height":189,"Demand":1,"DemandMax":null,"Value":59346},{"Length":249,"Height":236,"Demand":1,"DemandMax":null,"Value":58764},{"Length":255,"Height":230,"Demand":1,"DemandMax":null,"Value":58650},{"Length":229,"Height":255,"Demand":1,"DemandMax":null,"Value":58395},{"Length":310,"Height":188,"Demand":1,"DemandMax":null,"Value":58280},{"Length":266,"Height":219,"Demand":1,"DemandMax":null,"Value":58254},{"Length":373,"Height":155,"Demand":1,"DemandMax":null,"Value":57815},{"Length":341,"Height":169,"Demand":1,"DemandMax":null,"Value":57629},{"Length":165,"Height":349,"Demand":1,"DemandMax":null,"Value":57585},{"Length":215,"Height":267,"Demand":1,"DemandMax":null,"Value":57405},{"Length":156,"Height":367,"Demand":1,"DemandMax":null,"Value":57252},{"Length":205,"Height":279,"Demand":1,"DemandMax":null,"Value":57195},{"Length":195,"Height":293,"Demand":1,"DemandMax":null,"Value":57135},{"Length":326,"Height":175,"Demand":1,"DemandMax":null,"Value":57050},{"Length":190,"Height":299,"Demand":1,"DemandMax":null,"Value":56810},{"Length":335,"Height":169,"Demand":1,"DemandMax":null,"Value":56615},{"Length":237,"Height":238,"Demand":1,"DemandMax":null,"Value":56406},{"Length":190,"Height":296,"Demand":1,"DemandMax":null,"Value":56240},{"Length":372,"Height":151,"Demand":1,"DemandMax":null,"Value":56172},{"Length":330,"Height":170,"Demand":1,"DemandMax":null,"Value":56100},{"Length":295,"Height":190,"Demand":1,"DemandMax":null,"Value":56050},{"Length":327,"Height":171,"Demand":1,"DemandMax":null,"Value":55917},{"Length":204,"Height":274,"Demand":1,"DemandMax":null,"Value":55896},{"Length":254,"Height":220,"Demand":1,"DemandMax":null,"Value":55880},{"Length":195,"Height":286,"Demand":1,"DemandMax":null,"Value":55770},{"Length":245,"Height":227,"Demand":1,"DemandMax":null,"Value":55615},{"Length":211,"Height":262,"Demand":1,"DemandMax":null,"Value":55282},{"Length":297,"Height":186,"Demand":1,"DemandMax":null,"Value":55242},{"Length":254,"Height":217,"Demand":1,"DemandMax":null,"Value":55118},{"Length":214,"Height":257,"Demand":1,"DemandMax":null,"Value":54998},{"Length":158,"Height":348,"Demand":1,"DemandMax":null,"Value":54984},{"Length":352,"Height":156,"Demand":1,"DemandMax":null,"Value":54912},{"Length":283,"Height":194,"Demand":1,"DemandMax":null,"Value":54902},{"Length":309,"Height":177,"Demand":1,"DemandMax":null,"Value":54693},{"Length":331,"Height":165,"Demand":1,"DemandMax":null,"Value":54615},{"Length":343,"Height":159,"Demand":1,"DemandMax":null,"Value":54537},{"Length":313,"Height":174,"Demand":1,"DemandMax":null,"Value":54462},{"Length":224,"Height":243,"Demand":1,"DemandMax":null,"Value":54432},{"Length":203,"Height":268,"Demand":1,"DemandMax":null,"Value":54404},{"Length":276,"Height":197,"Demand":1,"DemandMax":null,"Value":54372},{"Length":331,"Height":164,"Demand":1,"DemandMax":null,"Value":54284},{"Length":168,"Height":323,"Demand":1,"DemandMax":null,"Value":54264},{"Length":189,"Height":287,"Demand":1,"DemandMax":null,"Value":54243},{"Length":187,"Height":289,"Demand":1,"DemandMax":null,"Value":54043},{"Length":314,"Height":172,"Demand":1,"DemandMax":null,"Value":54008},{"Length":181,"Height":296,"Demand":1,"DemandMax":null,"Value":53576},{"Length":216,"Height":248,"Demand":1,"DemandMax":null,"Value":53568},{"Length":217,"Height":246,"Demand":1,"DemandMax":null,"Value":53382},{"Length":282,"Height":189,"Demand":1,"DemandMax":null,"Value":53298},{"Length":178,"Height":299,"Demand":1,"DemandMax":null,"Value":53222},{"Length":356,"Height":149,"Demand":1,"DemandMax":null,"Value":53044},{"Length":342,"Height":155,"Demand":1,"DemandMax":null,"Value":53010},{"Length":269,"Height":197,"Demand":1,"DemandMax":null,"Value":52993},{"Length":162,"Height":326,"Demand":1,"DemandMax":null,"Value":52812},{"Length":229,"Height":229,"Demand":1,"DemandMax":null,"Value":52441},{"Length":188,"Height":278,"Demand":1,"DemandMax":null,"Value":52264},{"Length":298,"Height":175,"Demand":1,"DemandMax":null,"Value":52150},{"Length":273,"Height":191,"Demand":1,"DemandMax":null,"Value":52143},{"Length":352,"Height":148,"Demand":1,"DemandMax":null,"Value":52096},{"Length":373,"Height":139,"Demand":1,"DemandMax":null,"Value":51847},{"Length":360,"Height":144,"Demand":1,"DemandMax":null,"Value":51840},{"Length":142,"Height":365,"Demand":1,"DemandMax":null,"Value":51830},{"Length":303,"Height":171,"Demand":1,"DemandMax":null,"Value":51813},{"Length":157,"Height":330,"Demand":1,"DemandMax":null,"Value":51810},{"Length":235,"Height":220,"Demand":1,"DemandMax":null,"Value":51700},{"Length":222,"Height":232,"Demand":1,"DemandMax":null,"Value":51504},{"Length":281,"Height":181,"Demand":1,"DemandMax":null,"Value":50861},{"Length":183,"Height":277,"Demand":1,"DemandMax":null,"Value":50691},{"Length":350,"Height":144,"Demand":1,"DemandMax":null,"Value":50400},{"Length":253,"Height":199,"Demand":1,"DemandMax":null,"Value":50347},{"Length":185,"Height":272,"Demand":1,"DemandMax":null,"Value":50320},{"Length":349,"Height":144,"Demand":1,"DemandMax":null,"Value":50256},{"Length":252,"Height":199,"Demand":1,"DemandMax":null,"Value":50148},{"Length":161,"Height":311,"Demand":1,"DemandMax":null,"Value":50071},{"Length":149,"Height":335,"Demand":1,"DemandMax":null,"Value":49915},{"Length":155,"Height":322,"Demand":1,"DemandMax":null,"Value":49910},{"Length":272,"Height":183,"Demand":1,"DemandMax":null,"Value":49776},{"Length":139,"Height":357,"Demand":1,"DemandMax":null,"Value":49623},{"Length":174,"Height":285,"Demand":1,"DemandMax":null,"Value":49590},{"Length":185,"Height":267,"Demand":1,"DemandMax":null,"Value":49395},{"Length":238,"Height":207,"Demand":1,"DemandMax":null,"Value":49266},{"Length":210,"Height":234,"Demand":1,"DemandMax":null,"Value":49140},{"Length":243,"Height":202,"Demand":1,"DemandMax":null,"Value":49086},{"Length":255,"Height":192,"Demand":1,"DemandMax":null,"Value":48960},{"Length":163,"Height":300,"Demand":1,"DemandMax":null,"Value":48900},{"Length":339,"Height":144,"Demand":1,"DemandMax":null,"Value":48816},{"Length":227,"Height":215,"Demand":1,"DemandMax":null,"Value":48805},{"Length":330,"Height":146,"Demand":1,"DemandMax":null,"Value":48180},{"Length":129,"Height":373,"Demand":1,"DemandMax":null,"Value":48117},{"Length":141,"Height":341,"Demand":1,"DemandMax":null,"Value":48081},{"Length":352,"Height":136,"Demand":1,"DemandMax":null,"Value":47872},{"Length":197,"Height":243,"Demand":1,"DemandMax":null,"Value":47871},{"Length":238,"Height":201,"Demand":1,"DemandMax":null,"Value":47838},{"Length":169,"Height":283,"Demand":1,"DemandMax":null,"Value":47827},{"Length":256,"Height":186,"Demand":1,"DemandMax":null,"Value":47616},{"Length":138,"Height":341,"Demand":1,"DemandMax":null,"Value":47058},{"Length":217,"Height":214,"Demand":1,"DemandMax":null,"Value":46438},{"Length":241,"Height":192,"Demand":1,"DemandMax":null,"Value":46272},{"Length":239,"Height":193,"Demand":1,"DemandMax":null,"Value":46127},{"Length":160,"Height":288,"Demand":1,"DemandMax":null,"Value":46080},{"Length":136,"Height":338,"Demand":1,"DemandMax":null,"Value":45968},{"Length":167,"Height":275,"Demand":1,"DemandMax":null,"Value":45925},{"Length":198,"Height":231,"Demand":1,"DemandMax":null,"Value":45738},{"Length":197,"Height":230,"Demand":1,"DemandMax":null,"Value":45310},{"Length":132,"Height":342,"Demand":1,"DemandMax":null,"Value":45144},{"Length":361,"Height":125,"Demand":1,"DemandMax":null,"Value":45125},{"Length":347,"Height":130,"Demand":1,"DemandMax":null,"Value":45110},{"Length":320,"Height":140,"Demand":1,"DemandMax":null,"Value":44800},{"Length":154,"Height":290,"Demand":1,"DemandMax":null,"Value":44660},{"Length":293,"Height":152,"Demand":1,"DemandMax":null,"Value":44536},{"Length":307,"Height":145,"Demand":1,"DemandMax":null,"Value":44515},{"Length":365,"Height":121,"Demand":1,"DemandMax":null,"Value":44165},{"Length":192,"Height":230,"Demand":1,"DemandMax":null,"Value":44160},{"Length":352,"Height":125,"Demand":1,"DemandMax":null,"Value":44000},{"Length":187,"Height":234,"Demand":1,"DemandMax":null,"Value":43758},{"Length":361,"Height":121,"Demand":1,"DemandMax":null,"Value":43681},{"Length":338,"Height":129,"Demand":1,"DemandMax":null,"Value":43602},{"Length":348,"Height":125,"Demand":1,"DemandMax":null,"Value":43500},{"Length":227,"Height":190,"Demand":1,"DemandMax":null,"Value":43130},{"Length":231,"Height":186,"Demand":1,"DemandMax":null,"Value":42966},{"Length":160,"Height":268,"Demand":1,"DemandMax":null,"Value":42880},{"Length":340,"Height":126,"Demand":1,"DemandMax":null,"Value":42840},{"Length":229,"Height":187,"Demand":1,"DemandMax":null,"Value":42823},{"Length":248,"Height":172,"Demand":1,"DemandMax":null,"Value":42656},{"Length":179,"Height":238,"Demand":1,"DemandMax":null,"Value":42602},{"Length":266,"Height":160,"Demand":1,"DemandMax":null,"Value":42560},{"Length":248,"Height":171,"Demand":1,"DemandMax":null,"Value":42408},{"Length":125,"Height":339,"Demand":1,"DemandMax":null,"Value":42375},{"Length":197,"Height":215,"Demand":1,"DemandMax":null,"Value":42355},{"Length":164,"Height":258,"Demand":1,"DemandMax":null,"Value":42312},{"Length":146,"Height":289,"Demand":1,"DemandMax":null,"Value":42194},{"Length":345,"Height":122,"Demand":1,"DemandMax":null,"Value":42090},{"Length":331,"Height":127,"Demand":1,"DemandMax":null,"Value":42037},{"Length":146,"Height":287,"Demand":1,"DemandMax":null,"Value":41902},{"Length":176,"Height":238,"Demand":1,"DemandMax":null,"Value":41888},{"Length":359,"Height":116,"Demand":1,"DemandMax":null,"Value":41644},{"Length":163,"Height":255,"Demand":1,"DemandMax":null,"Value":41565},{"Length":217,"Height":191,"Demand":1,"DemandMax":null,"Value":41447},{"Length":120,"Height":345,"Demand":1,"DemandMax":null,"Value":41400},{"Length":127,"Height":325,"Demand":1,"DemandMax":null,"Value":41275},{"Length":302,"Height":136,"Demand":1,"DemandMax":null,"Value":41072},{"Length":351,"Height":117,"Demand":1,"DemandMax":null,"Value":41067},{"Length":277,"Height":148,"Demand":1,"DemandMax":null,"Value":40996},{"Length":112,"Height":366,"Demand":1,"DemandMax":null,"Value":40992},{"Length":113,"Height":362,"Demand":1,"DemandMax":null,"Value":40906},{"Length":244,"Height":167,"Demand":1,"DemandMax":null,"Value":40748},{"Length":372,"Height":109,"Demand":1,"DemandMax":null,"Value":40548},{"Length":257,"Height":157,"Demand":1,"DemandMax":null,"Value":40349},{"Length":367,"Height":109,"Demand":1,"DemandMax":null,"Value":40003},{"Length":163,"Height":245,"Demand":1,"DemandMax":null,"Value":39935},{"Length":133,"Height":298,"Demand":1,"DemandMax":null,"Value":39634},{"Length":271,"Height":146,"Demand":1,"DemandMax":null,"Value":39566},{"Length":134,"Height":295,"Demand":1,"DemandMax":null,"Value":39530},{"Length":187,"Height":211,"Demand":1,"DemandMax":null,"Value":39457},{"Length":365,"Height":108,"Demand":1,"DemandMax":null,"Value":39420},{"Length":219,"Height":180,"Demand":1,"DemandMax":null,"Value":39420},{"Length":119,"Height":331,"Demand":1,"DemandMax":null,"Value":39389},{"Length":174,"Height":226,"Demand":1,"DemandMax":null,"Value":39324},{"Length":194,"Height":202,"Demand":1,"DemandMax":null,"Value":39188},{"Length":127,"Height":307,"Demand":1,"DemandMax":null,"Value":38989},{"Length":322,"Height":121,"Demand":1,"DemandMax":null,"Value":38962},{"Length":254,"Height":153,"Demand":1,"DemandMax":null,"Value":38862},{"Length":353,"Height":110,"Demand":1,"DemandMax":null,"Value":38830},{"Length":113,"Height":342,"Demand":1,"DemandMax":null,"Value":38646},{"Length":217,"Height":178,"Demand":1,"DemandMax":null,"Value":38626},{"Length":201,"Height":192,"Demand":1,"DemandMax":null,"Value":38592},{"Length":173,"Height":223,"Demand":1,"DemandMax":null,"Value":38579},{"Length":153,"Height":252,"Demand":1,"DemandMax":null,"Value":38556},{"Length":209,"Height":184,"Demand":1,"DemandMax":null,"Value":38456},{"Length":112,"Height":342,"Demand":1,"DemandMax":null,"Value":38304},{"Length":174,"Height":220,"Demand":1,"DemandMax":null,"Value":38280},{"Length":236,"Height":162,"Demand":1,"DemandMax":null,"Value":38232},{"Length":253,"Height":151,"Demand":1,"DemandMax":null,"Value":38203},{"Length":322,"Height":118,"Demand":1,"DemandMax":null,"Value":37996},{"Length":226,"Height":168,"Demand":1,"DemandMax":null,"Value":37968},{"Length":134,"Height":283,"Demand":1,"DemandMax":null,"Value":37922},{"Length":132,"Height":287,"Demand":1,"DemandMax":null,"Value":37884},{"Length":319,"Height":118,"Demand":1,"DemandMax":null,"Value":37642},{"Length":148,"Height":254,"Demand":1,"DemandMax":null,"Value":37592},{"Length":205,"Height":183,"Demand":1,"DemandMax":null,"Value":37515},{"Length":103,"Height":364,"Demand":1,"DemandMax":null,"Value":37492},{"Length":151,"Height":248,"Demand":1,"DemandMax":null,"Value":37448},{"Length":173,"Height":216,"Demand":1,"DemandMax":null,"Value":37368},{"Length":335,"Height":111,"Demand":1,"DemandMax":null,"Value":37185},{"Length":117,"Height":317,"Demand":1,"DemandMax":null,"Value":37089},{"Length":227,"Height":163,"Demand":1,"DemandMax":null,"Value":37001},{"Length":172,"Height":215,"Demand":1,"DemandMax":null,"Value":36980},{"Length":106,"Height":348,"Demand":1,"DemandMax":null,"Value":36888},{"Length":244,"Height":151,"Demand":1,"DemandMax":null,"Value":36844},{"Length":299,"Height":122,"Demand":1,"DemandMax":null,"Value":36478},{"Length":316,"Height":115,"Demand":1,"DemandMax":null,"Value":36340},{"Length":230,"Height":158,"Demand":1,"DemandMax":null,"Value":36340},{"Length":172,"Height":211,"Demand":1,"DemandMax":null,"Value":36292},{"Length":207,"Height":175,"Demand":1,"DemandMax":null,"Value":36225},{"Length":197,"Height":183,"Demand":1,"DemandMax":null,"Value":36051},{"Length":103,"Height":350,"Demand":1,"DemandMax":null,"Value":36050},{"Length":187,"Height":192,"Demand":1,"DemandMax":null,"Value":35904},{"Length":223,"Height":161,"Demand":1,"DemandMax":null,"Value":35903},{"Length":351,"Height":102,"Demand":1,"DemandMax":null,"Value":35802},{"Length":200,"Height":179,"Demand":1,"DemandMax":null,"Value":35800},{"Length":178,"Height":201,"Demand":1,"DemandMax":null,"Value":35778},{"Length":347,"Height":103,"Demand":1,"DemandMax":null,"Value":35741},{"Length":134,"Height":266,"Demand":1,"DemandMax":null,"Value":35644},{"Length":95,"Height":375,"Demand":1,"DemandMax":null,"Value":35625},{"Length":122,"Height":292,"Demand":1,"DemandMax":null,"Value":35624},{"Length":258,"Height":138,"Demand":1,"DemandMax":null,"Value":35604},{"Length":247,"Height":144,"Demand":1,"DemandMax":null,"Value":35568},{"Length":359,"Height":99,"Demand":1,"DemandMax":null,"Value":35541},{"Length":105,"Height":338,"Demand":1,"DemandMax":null,"Value":35490},{"Length":199,"Height":178,"Demand":1,"DemandMax":null,"Value":35422},{"Length":114,"Height":308,"Demand":1,"DemandMax":null,"Value":35112},{"Length":271,"Height":129,"Demand":1,"DemandMax":null,"Value":34959},{"Length":238,"Height":146,"Demand":1,"DemandMax":null,"Value":34748},{"Length":202,"Height":172,"Demand":1,"DemandMax":null,"Value":34744},{"Length":101,"Height":343,"Demand":1,"DemandMax":null,"Value":34643},{"Length":187,"Height":185,"Demand":1,"DemandMax":null,"Value":34595},{"Length":270,"Height":128,"Demand":1,"DemandMax":null,"Value":34560},{"Length":305,"Height":113,"Demand":1,"DemandMax":null,"Value":34465},{"Length":132,"Height":261,"Demand":1,"DemandMax":null,"Value":34452},{"Length":374,"Height":92,"Demand":1,"DemandMax":null,"Value":34408},{"Length":275,"Height":125,"Demand":1,"DemandMax":null,"Value":34375},{"Length":121,"Height":284,"Demand":1,"DemandMax":null,"Value":34364},{"Length":208,"Height":165,"Demand":1,"DemandMax":null,"Value":34320},{"Length":225,"Height":152,"Demand":1,"DemandMax":null,"Value":34200},{"Length":166,"Height":206,"Demand":1,"DemandMax":null,"Value":34196},{"Length":112,"Height":305,"Demand":1,"DemandMax":null,"Value":34160},{"Length":362,"Height":94,"Demand":1,"DemandMax":null,"Value":34028},{"Length":339,"Height":100,"Demand":1,"DemandMax":null,"Value":33900},{"Length":192,"Height":176,"Demand":1,"DemandMax":null,"Value":33792},{"Length":340,"Height":99,"Demand":1,"DemandMax":null,"Value":33660},{"Length":282,"Height":119,"Demand":1,"DemandMax":null,"Value":33558},{"Length":289,"Height":116,"Demand":1,"DemandMax":null,"Value":33524},{"Length":188,"Height":178,"Demand":1,"DemandMax":null,"Value":33464},{"Length":92,"Height":363,"Demand":1,"DemandMax":null,"Value":33396},{"Length":184,"Height":181,"Demand":1,"DemandMax":null,"Value":33304},{"Length":249,"Height":133,"Demand":1,"DemandMax":null,"Value":33117},{"Length":100,"Height":331,"Demand":1,"DemandMax":null,"Value":33100},{"Length":187,"Height":177,"Demand":1,"DemandMax":null,"Value":33099},{"Length":118,"Height":280,"Demand":1,"DemandMax":null,"Value":33040},{"Length":130,"Height":254,"Demand":1,"DemandMax":null,"Value":33020},{"Length":371,"Height":89,"Demand":1,"DemandMax":null,"Value":33019},{"Length":351,"Height":94,"Demand":1,"DemandMax":null,"Value":32994},{"Length":251,"Height":131,"Demand":1,"DemandMax":null,"Value":32881},{"Length":315,"Height":104,"Demand":1,"DemandMax":null,"Value":32760},{"Length":98,"Height":334,"Demand":1,"DemandMax":null,"Value":32732},{"Length":232,"Height":141,"Demand":1,"DemandMax":null,"Value":32712},{"Length":104,"Height":314,"Demand":1,"DemandMax":null,"Value":32656},{"Length":105,"Height":311,"Demand":1,"DemandMax":null,"Value":32655},{"Length":206,"Height":158,"Demand":1,"DemandMax":null,"Value":32548},{"Length":106,"Height":306,"Demand":1,"DemandMax":null,"Value":32436},{"Length":127,"Height":255,"Demand":1,"DemandMax":null,"Value":32385},{"Length":284,"Height":114,"Demand":1,"DemandMax":null,"Value":32376},{"Length":163,"Height":198,"Demand":1,"DemandMax":null,"Value":32274},{"Length":232,"Height":139,"Demand":1,"DemandMax":null,"Value":32248},{"Length":201,"Height":160,"Demand":1,"DemandMax":null,"Value":32160},{"Length":210,"Height":153,"Demand":1,"DemandMax":null,"Value":32130},{"Length":247,"Height":130,"Demand":1,"DemandMax":null,"Value":32110},{"Length":136,"Height":236,"Demand":1,"DemandMax":null,"Value":32096},{"Length":89,"Height":359,"Demand":1,"DemandMax":null,"Value":31951},{"Length":149,"Height":214,"Demand":1,"DemandMax":null,"Value":31886},{"Length":92,"Height":346,"Demand":1,"DemandMax":null,"Value":31832},{"Length":235,"Height":135,"Demand":1,"DemandMax":null,"Value":31725},{"Length":97,"Height":326,"Demand":1,"DemandMax":null,"Value":31622},{"Length":316,"Height":100,"Demand":1,"DemandMax":null,"Value":31600},{"Length":288,"Height":109,"Demand":1,"DemandMax":null,"Value":31392},{"Length":185,"Height":169,"Demand":1,"DemandMax":null,"Value":31265},{"Length":167,"Height":187,"Demand":1,"DemandMax":null,"Value":31229},{"Length":103,"Height":303,"Demand":1,"DemandMax":null,"Value":31209},{"Length":342,"Height":91,"Demand":1,"DemandMax":null,"Value":31122},{"Length":245,"Height":127,"Demand":1,"DemandMax":null,"Value":31115},{"Length":121,"Height":257,"Demand":1,"DemandMax":null,"Value":31097},{"Length":293,"Height":106,"Demand":1,"DemandMax":null,"Value":31058},{"Length":164,"Height":189,"Demand":1,"DemandMax":null,"Value":30996},{"Length":87,"Height":356,"Demand":1,"DemandMax":null,"Value":30972},{"Length":104,"Height":297,"Demand":1,"DemandMax":null,"Value":30888},{"Length":135,"Height":228,"Demand":1,"DemandMax":null,"Value":30780},{"Length":119,"Height":257,"Demand":1,"DemandMax":null,"Value":30583},{"Length":101,"Height":301,"Demand":1,"DemandMax":null,"Value":30401},{"Length":183,"Height":166,"Demand":1,"DemandMax":null,"Value":30378},{"Length":243,"Height":125,"Demand":1,"DemandMax":null,"Value":30375},{"Length":102,"Height":297,"Demand":1,"DemandMax":null,"Value":30294},{"Length":189,"Height":160,"Demand":1,"DemandMax":null,"Value":30240},{"Length":133,"Height":227,"Demand":1,"DemandMax":null,"Value":30191},{"Length":91,"Height":331,"Demand":1,"DemandMax":null,"Value":30121},{"Length":133,"Height":226,"Demand":1,"DemandMax":null,"Value":30058},{"Length":371,"Height":81,"Demand":1,"DemandMax":null,"Value":30051},{"Length":105,"Height":286,"Demand":1,"DemandMax":null,"Value":30030},{"Length":97,"Height":309,"Demand":1,"DemandMax":null,"Value":29973},{"Length":361,"Height":83,"Demand":1,"DemandMax":null,"Value":29963},{"Length":83,"Height":360,"Demand":1,"DemandMax":null,"Value":29880},{"Length":284,"Height":105,"Demand":1,"DemandMax":null,"Value":29820},{"Length":97,"Height":307,"Demand":1,"DemandMax":null,"Value":29779},{"Length":237,"Height":125,"Demand":1,"DemandMax":null,"Value":29625},{"Length":240,"Height":123,"Demand":1,"DemandMax":null,"Value":29520},{"Length":91,"Height":324,"Demand":1,"DemandMax":null,"Value":29484},{"Length":327,"Height":90,"Demand":1,"DemandMax":null,"Value":29430},{"Length":233,"Height":126,"Demand":1,"DemandMax":null,"Value":29358},{"Length":244,"Height":119,"Demand":1,"DemandMax":null,"Value":29036},{"Length":329,"Height":88,"Demand":1,"DemandMax":null,"Value":28952},{"Length":257,"Height":112,"Demand":1,"DemandMax":null,"Value":28784},{"Length":351,"Height":82,"Demand":1,"DemandMax":null,"Value":28782},{"Length":152,"Height":189,"Demand":1,"DemandMax":null,"Value":28728},{"Length":109,"Height":263,"Demand":1,"DemandMax":null,"Value":28667},{"Length":172,"Height":166,"Demand":1,"DemandMax":null,"Value":28552},{"Length":206,"Height":138,"Demand":1,"DemandMax":null,"Value":28428},{"Length":124,"Height":229,"Demand":1,"DemandMax":null,"Value":28396},{"Length":172,"Height":165,"Demand":1,"DemandMax":null,"Value":28380},{"Length":311,"Height":91,"Demand":1,"DemandMax":null,"Value":28301},{"Length":344,"Height":82,"Demand":1,"DemandMax":null,"Value":28208},{"Length":163,"Height":173,"Demand":1,"DemandMax":null,"Value":28199},{"Length":361,"Height":78,"Demand":1,"DemandMax":null,"Value":28158},{"Length":201,"Height":139,"Demand":1,"DemandMax":null,"Value":27939},{"Length":134,"Height":208,"Demand":1,"DemandMax":null,"Value":27872},{"Length":92,"Height":302,"Demand":1,"DemandMax":null,"Value":27784},{"Length":264,"Height":105,"Demand":1,"DemandMax":null,"Value":27720},{"Length":202,"Height":136,"Demand":1,"DemandMax":null,"Value":27472},{"Length":180,"Height":152,"Demand":1,"DemandMax":null,"Value":27360},{"Length":74,"Height":369,"Demand":1,"DemandMax":null,"Value":27306},{"Length":149,"Height":183,"Demand":1,"DemandMax":null,"Value":27267},{"Length":78,"Height":349,"Demand":1,"DemandMax":null,"Value":27222},{"Length":136,"Height":200,"Demand":1,"DemandMax":null,"Value":27200},{"Length":119,"Height":225,"Demand":1,"DemandMax":null,"Value":26775},{"Length":218,"Height":122,"Demand":1,"DemandMax":null,"Value":26596},{"Length":195,"Height":136,"Demand":1,"DemandMax":null,"Value":26520},{"Length":130,"Height":204,"Demand":1,"DemandMax":null,"Value":26520},{"Length":148,"Height":179,"Demand":1,"DemandMax":null,"Value":26492},{"Length":116,"Height":226,"Demand":1,"DemandMax":null,"Value":26216},{"Length":77,"Height":340,"Demand":1,"DemandMax":null,"Value":26180},{"Length":183,"Height":143,"Demand":1,"DemandMax":null,"Value":26169},{"Length":85,"Height":307,"Demand":1,"DemandMax":null,"Value":26095},{"Length":187,"Height":139,"Demand":1,"DemandMax":null,"Value":25993},{"Length":273,"Height":95,"Demand":1,"DemandMax":null,"Value":25935},{"Length":305,"Height":85,"Demand":1,"DemandMax":null,"Value":25925},{"Length":167,"Height":155,"Demand":1,"DemandMax":null,"Value":25885},{"Length":217,"Height":119,"Demand":1,"DemandMax":null,"Value":25823},{"Length":271,"Height":95,"Demand":1,"DemandMax":null,"Value":25745},{"Length":128,"Height":199,"Demand":1,"DemandMax":null,"Value":25472},{"Length":366,"Height":69,"Demand":1,"DemandMax":null,"Value":25254},{"Length":202,"Height":125,"Demand":1,"DemandMax":null,"Value":25250},{"Length":336,"Height":75,"Demand":1,"DemandMax":null,"Value":25200},{"Length":139,"Height":181,"Demand":1,"DemandMax":null,"Value":25159},{"Length":198,"Height":127,"Demand":1,"DemandMax":null,"Value":25146},{"Length":295,"Height":85,"Demand":1,"DemandMax":null,"Value":25075},{"Length":194,"Height":129,"Demand":1,"DemandMax":null,"Value":25026},{"Length":191,"Height":131,"Demand":1,"DemandMax":null,"Value":25021},{"Length":158,"Height":158,"Demand":1,"DemandMax":null,"Value":24964},{"Length":137,"Height":182,"Demand":1,"DemandMax":null,"Value":24934},{"Length":149,"Height":167,"Demand":1,"DemandMax":null,"Value":24883},{"Length":147,"Height":169,"Demand":1,"DemandMax":null,"Value":24843},{"Length":74,"Height":335,"Demand":1,"DemandMax":null,"Value":24790},{"Length":69,"Height":356,"Demand":1,"DemandMax":null,"Value":24564},{"Length":117,"Height":209,"Demand":1,"DemandMax":null,"Value":24453},{"Length":150,"Height":163,"Demand":1,"DemandMax":null,"Value":24450},{"Length":87,"Height":281,"Demand":1,"DemandMax":null,"Value":24447},{"Length":260,"Height":94,"Demand":1,"DemandMax":null,"Value":24440},{"Length":170,"Height":143,"Demand":1,"DemandMax":null,"Value":24310},{"Length":289,"Height":84,"Demand":1,"DemandMax":null,"Value":24276},{"Length":119,"Height":204,"Demand":1,"DemandMax":null,"Value":24276},{"Length":80,"Height":302,"Demand":1,"DemandMax":null,"Value":24160},{"Length":313,"Height":77,"Demand":1,"DemandMax":null,"Value":24101},{"Length":364,"Height":66,"Demand":1,"DemandMax":null,"Value":24024},{"Length":159,"Height":151,"Demand":1,"DemandMax":null,"Value":24009},{"Length":269,"Height":89,"Demand":1,"DemandMax":null,"Value":23941},{"Length":190,"Height":126,"Demand":1,"DemandMax":null,"Value":23940},{"Length":156,"Height":153,"Demand":1,"DemandMax":null,"Value":23868},{"Length":94,"Height":252,"Demand":1,"DemandMax":null,"Value":23688},{"Length":311,"Height":76,"Demand":1,"DemandMax":null,"Value":23636},{"Length":314,"Height":75,"Demand":1,"DemandMax":null,"Value":23550},{"Length":126,"Height":186,"Demand":1,"DemandMax":null,"Value":23436},{"Length":184,"Height":127,"Demand":1,"DemandMax":null,"Value":23368},{"Length":343,"Height":68,"Demand":1,"DemandMax":null,"Value":23324},{"Length":106,"Height":218,"Demand":1,"DemandMax":null,"Value":23108},{"Length":72,"Height":320,"Demand":1,"DemandMax":null,"Value":23040},{"Length":262,"Height":87,"Demand":1,"DemandMax":null,"Value":22794},{"Length":93,"Height":245,"Demand":1,"DemandMax":null,"Value":22785},{"Length":316,"Height":72,"Demand":1,"DemandMax":null,"Value":22752},{"Length":353,"Height":64,"Demand":1,"DemandMax":null,"Value":22592},{"Length":301,"Height":75,"Demand":1,"DemandMax":null,"Value":22575},{"Length":281,"Height":80,"Demand":1,"DemandMax":null,"Value":22480},{"Length":93,"Height":241,"Demand":1,"DemandMax":null,"Value":22413},{"Length":344,"Height":65,"Demand":1,"DemandMax":null,"Value":22360},{"Length":103,"Height":217,"Demand":1,"DemandMax":null,"Value":22351},{"Length":160,"Height":139,"Demand":1,"DemandMax":null,"Value":22240},{"Length":175,"Height":127,"Demand":1,"DemandMax":null,"Value":22225},{"Length":210,"Height":105,"Demand":1,"DemandMax":null,"Value":22050},{"Length":169,"Height":130,"Demand":1,"DemandMax":null,"Value":21970},{"Length":217,"Height":101,"Demand":1,"DemandMax":null,"Value":21917},{"Length":196,"Height":111,"Demand":1,"DemandMax":null,"Value":21756},{"Length":104,"Height":209,"Demand":1,"DemandMax":null,"Value":21736},{"Length":329,"Height":66,"Demand":1,"DemandMax":null,"Value":21714},{"Length":323,"Height":67,"Demand":1,"DemandMax":null,"Value":21641},{"Length":63,"Height":343,"Demand":1,"DemandMax":null,"Value":21609},{"Length":74,"Height":292,"Demand":1,"DemandMax":null,"Value":21608},{"Length":84,"Height":257,"Demand":1,"DemandMax":null,"Value":21588},{"Length":114,"Height":189,"Demand":1,"DemandMax":null,"Value":21546},{"Length":78,"Height":275,"Demand":1,"DemandMax":null,"Value":21450},{"Length":246,"Height":87,"Demand":1,"DemandMax":null,"Value":21402},{"Length":216,"Height":99,"Demand":1,"DemandMax":null,"Value":21384},{"Length":149,"Height":143,"Demand":1,"DemandMax":null,"Value":21307},{"Length":127,"Height":167,"Demand":1,"DemandMax":null,"Value":21209},{"Length":121,"Height":175,"Demand":1,"DemandMax":null,"Value":21175},{"Length":150,"Height":141,"Demand":1,"DemandMax":null,"Value":21150},{"Length":77,"Height":272,"Demand":1,"DemandMax":null,"Value":20944},{"Length":66,"Height":317,"Demand":1,"DemandMax":null,"Value":20922},{"Length":207,"Height":101,"Demand":1,"DemandMax":null,"Value":20907},{"Length":105,"Height":199,"Demand":1,"DemandMax":null,"Value":20895},{"Length":315,"Height":66,"Demand":1,"DemandMax":null,"Value":20790},{"Length":371,"Height":56,"Demand":1,"DemandMax":null,"Value":20776},{"Length":132,"Height":157,"Demand":1,"DemandMax":null,"Value":20724},{"Length":93,"Height":222,"Demand":1,"DemandMax":null,"Value":20646},{"Length":191,"Height":108,"Demand":1,"DemandMax":null,"Value":20628},{"Length":102,"Height":202,"Demand":1,"DemandMax":null,"Value":20604},{"Length":102,"Height":201,"Demand":1,"DemandMax":null,"Value":20502},{"Length":269,"Height":76,"Demand":1,"DemandMax":null,"Value":20444},{"Length":58,"Height":351,"Demand":1,"DemandMax":null,"Value":20358},{"Length":209,"Height":97,"Demand":1,"DemandMax":null,"Value":20273},{"Length":133,"Height":152,"Demand":1,"DemandMax":null,"Value":20216},{"Length":144,"Height":140,"Demand":1,"DemandMax":null,"Value":20160},{"Length":100,"Height":200,"Demand":1,"DemandMax":null,"Value":20000},{"Length":135,"Height":148,"Demand":1,"DemandMax":null,"Value":19980},{"Length":192,"Height":104,"Demand":1,"DemandMax":null,"Value":19968},{"Length":79,"Height":252,"Demand":1,"DemandMax":null,"Value":19908},{"Length":297,"Height":67,"Demand":1,"DemandMax":null,"Value":19899},{"Length":76,"Height":261,"Demand":1,"DemandMax":null,"Value":19836},{"Length":101,"Height":196,"Demand":1,"DemandMax":null,"Value":19796},{"Length":335,"Height":59,"Demand":1,"DemandMax":null,"Value":19765},{"Length":173,"Height":114,"Demand":1,"DemandMax":null,"Value":19722},{"Length":93,"Height":211,"Demand":1,"DemandMax":null,"Value":19623},{"Length":144,"Height":135,"Demand":1,"DemandMax":null,"Value":19440},{"Length":93,"Height":209,"Demand":1,"DemandMax":null,"Value":19437},{"Length":234,"Height":83,"Demand":1,"DemandMax":null,"Value":19422},{"Length":231,"Height":84,"Demand":1,"DemandMax":null,"Value":19404},{"Length":55,"Height":352,"Demand":1,"DemandMax":null,"Value":19360},{"Length":69,"Height":280,"Demand":1,"DemandMax":null,"Value":19320},{"Length":288,"Height":67,"Demand":1,"DemandMax":null,"Value":19296},{"Length":69,"Height":279,"Demand":1,"DemandMax":null,"Value":19251},{"Length":106,"Height":181,"Demand":1,"DemandMax":null,"Value":19186},{"Length":88,"Height":217,"Demand":1,"DemandMax":null,"Value":19096},{"Length":222,"Height":86,"Demand":1,"DemandMax":null,"Value":19092},{"Length":89,"Height":214,"Demand":1,"DemandMax":null,"Value":19046},{"Length":334,"Height":57,"Demand":1,"DemandMax":null,"Value":19038},{"Length":370,"Height":51,"Demand":1,"DemandMax":null,"Value":18870},{"Length":123,"Height":153,"Demand":1,"DemandMax":null,"Value":18819},{"Length":114,"Height":165,"Demand":1,"DemandMax":null,"Value":18810},{"Length":149,"Height":126,"Demand":1,"DemandMax":null,"Value":18774},{"Length":189,"Height":99,"Demand":1,"DemandMax":null,"Value":18711},{"Length":84,"Height":222,"Demand":1,"DemandMax":null,"Value":18648},{"Length":98,"Height":189,"Demand":1,"DemandMax":null,"Value":18522},{"Length":138,"Height":134,"Demand":1,"DemandMax":null,"Value":18492},{"Length":302,"Height":61,"Demand":1,"DemandMax":null,"Value":18422},{"Length":144,"Height":127,"Demand":1,"DemandMax":null,"Value":18288},{"Length":304,"Height":60,"Demand":1,"DemandMax":null,"Value":18240},{"Length":83,"Height":219,"Demand":1,"DemandMax":null,"Value":18177},{"Length":256,"Height":71,"Demand":1,"DemandMax":null,"Value":18176},{"Length":183,"Height":99,"Demand":1,"DemandMax":null,"Value":18117},{"Length":83,"Height":218,"Demand":1,"DemandMax":null,"Value":18094},{"Length":61,"Height":296,"Demand":1,"DemandMax":null,"Value":18056},{"Length":190,"Height":95,"Demand":1,"DemandMax":null,"Value":18050},{"Length":194,"Height":93,"Demand":1,"DemandMax":null,"Value":18042},{"Length":189,"Height":95,"Demand":1,"DemandMax":null,"Value":17955},{"Length":271,"Height":66,"Demand":1,"DemandMax":null,"Value":17886},{"Length":60,"Height":298,"Demand":1,"DemandMax":null,"Value":17880},{"Length":79,"Height":226,"Demand":1,"DemandMax":null,"Value":17854},{"Length":108,"Height":164,"Demand":1,"DemandMax":null,"Value":17712},{"Length":224,"Height":79,"Demand":1,"DemandMax":null,"Value":17696},{"Length":56,"Height":315,"Demand":1,"DemandMax":null,"Value":17640},{"Length":76,"Height":232,"Demand":1,"DemandMax":null,"Value":17632},{"Length":152,"Height":116,"Demand":1,"DemandMax":null,"Value":17632},{"Length":200,"Height":88,"Demand":1,"DemandMax":null,"Value":17600},{"Length":141,"Height":124,"Demand":1,"DemandMax":null,"Value":17484},{"Length":96,"Height":181,"Demand":1,"DemandMax":null,"Value":17376},{"Length":177,"Height":98,"Demand":1,"DemandMax":null,"Value":17346},{"Length":100,"Height":173,"Demand":1,"DemandMax":null,"Value":17300},{"Length":60,"Height":286,"Demand":1,"DemandMax":null,"Value":17160},{"Length":362,"Height":47,"Demand":1,"DemandMax":null,"Value":17014},{"Length":277,"Height":61,"Demand":1,"DemandMax":null,"Value":16897},{"Length":127,"Height":133,"Demand":1,"DemandMax":null,"Value":16891},{"Length":92,"Height":183,"Demand":1,"DemandMax":null,"Value":16836},{"Length":45,"Height":373,"Demand":1,"DemandMax":null,"Value":16785},{"Length":67,"Height":250,"Demand":1,"DemandMax":null,"Value":16750},{"Length":181,"Height":92,"Demand":1,"DemandMax":null,"Value":16652},{"Length":144,"Height":115,"Demand":1,"DemandMax":null,"Value":16560},{"Length":327,"Height":50,"Demand":1,"DemandMax":null,"Value":16350},{"Length":51,"Height":320,"Demand":1,"DemandMax":null,"Value":16320},{"Length":61,"Height":267,"Demand":1,"DemandMax":null,"Value":16287},{"Length":167,"Height":97,"Demand":1,"DemandMax":null,"Value":16199},{"Length":110,"Height":147,"Demand":1,"DemandMax":null,"Value":16170},{"Length":73,"Height":221,"Demand":1,"DemandMax":null,"Value":16133},{"Length":116,"Height":139,"Demand":1,"DemandMax":null,"Value":16124},{"Length":94,"Height":171,"Demand":1,"DemandMax":null,"Value":16074},{"Length":196,"Height":82,"Demand":1,"DemandMax":null,"Value":16072},{"Length":60,"Height":266,"Demand":1,"DemandMax":null,"Value":15960},{"Length":185,"Height":86,"Demand":1,"DemandMax":null,"Value":15910},{"Length":305,"Height":52,"Demand":1,"DemandMax":null,"Value":15860},{"Length":56,"Height":283,"Demand":1,"DemandMax":null,"Value":15848},{"Length":330,"Height":48,"Demand":1,"DemandMax":null,"Value":15840},{"Length":179,"Height":88,"Demand":1,"DemandMax":null,"Value":15752},{"Length":214,"Height":73,"Demand":1,"DemandMax":null,"Value":15622},{"Length":49,"Height":317,"Demand":1,"DemandMax":null,"Value":15533},{"Length":149,"Height":104,"Demand":1,"DemandMax":null,"Value":15496},{"Length":172,"Height":90,"Demand":1,"DemandMax":null,"Value":15480},{"Length":66,"Height":234,"Demand":1,"DemandMax":null,"Value":15444},{"Length":207,"Height":74,"Demand":1,"DemandMax":null,"Value":15318},{"Length":74,"Height":206,"Demand":1,"DemandMax":null,"Value":15244},{"Length":113,"Height":134,"Demand":1,"DemandMax":null,"Value":15142},{"Length":246,"Height":61,"Demand":1,"DemandMax":null,"Value":15006},{"Length":46,"Height":326,"Demand":1,"DemandMax":null,"Value":14996},{"Length":57,"Height":263,"Demand":1,"DemandMax":null,"Value":14991},{"Length":122,"Height":122,"Demand":1,"DemandMax":null,"Value":14884},{"Length":107,"Height":138,"Demand":1,"DemandMax":null,"Value":14766},{"Length":139,"Height":106,"Demand":1,"DemandMax":null,"Value":14734},{"Length":207,"Height":71,"Demand":1,"DemandMax":null,"Value":14697},{"Length":248,"Height":59,"Demand":1,"DemandMax":null,"Value":14632},{"Length":212,"Height":69,"Demand":1,"DemandMax":null,"Value":14628},{"Length":221,"Height":66,"Demand":1,"DemandMax":null,"Value":14586},{"Length":364,"Height":40,"Demand":1,"DemandMax":null,"Value":14560},{"Length":309,"Height":47,"Demand":1,"DemandMax":null,"Value":14523},{"Length":45,"Height":322,"Demand":1,"DemandMax":null,"Value":14490},{"Length":216,"Height":67,"Demand":1,"DemandMax":null,"Value":14472},{"Length":73,"Height":197,"Demand":1,"DemandMax":null,"Value":14381},{"Length":129,"Height":111,"Demand":1,"DemandMax":null,"Value":14319},{"Length":40,"Height":357,"Demand":1,"DemandMax":null,"Value":14280},{"Length":113,"Height":126,"Demand":1,"DemandMax":null,"Value":14238},{"Length":81,"Height":175,"Demand":1,"DemandMax":null,"Value":14175},{"Length":272,"Height":52,"Demand":1,"DemandMax":null,"Value":14144},{"Length":179,"Height":79,"Demand":1,"DemandMax":null,"Value":14141},{"Length":103,"Height":137,"Demand":1,"DemandMax":null,"Value":14111},{"Length":300,"Height":47,"Demand":1,"DemandMax":null,"Value":14100},{"Length":52,"Height":270,"Demand":1,"DemandMax":null,"Value":14040},{"Length":126,"Height":111,"Demand":1,"DemandMax":null,"Value":13986},{"Length":141,"Height":99,"Demand":1,"DemandMax":null,"Value":13959},{"Length":122,"Height":114,"Demand":1,"DemandMax":null,"Value":13908},{"Length":75,"Height":184,"Demand":1,"DemandMax":null,"Value":13800},{"Length":57,"Height":242,"Demand":1,"DemandMax":null,"Value":13794},{"Length":45,"Height":305,"Demand":1,"DemandMax":null,"Value":13725},{"Length":45,"Height":302,"Demand":1,"DemandMax":null,"Value":13590},{"Length":38,"Height":357,"Demand":1,"DemandMax":null,"Value":13566},{"Length":246,"Height":55,"Demand":1,"DemandMax":null,"Value":13530},{"Length":81,"Height":167,"Demand":1,"DemandMax":null,"Value":13527},{"Length":157,"Height":86,"Demand":1,"DemandMax":null,"Value":13502},{"Length":111,"Height":121,"Demand":1,"DemandMax":null,"Value":13431},{"Length":199,"Height":67,"Demand":1,"DemandMax":null,"Value":13333},{"Length":53,"Height":250,"Demand":1,"DemandMax":null,"Value":13250},{"Length":175,"Height":75,"Demand":1,"DemandMax":null,"Value":13125},{"Length":179,"Height":73,"Demand":1,"DemandMax":null,"Value":13067},{"Length":42,"Height":310,"Demand":1,"DemandMax":null,"Value":13020},{"Length":50,"Height":259,"Demand":1,"DemandMax":null,"Value":12950},{"Length":68,"Height":190,"Demand":1,"DemandMax":null,"Value":12920},{"Length":97,"Height":133,"Demand":1,"DemandMax":null,"Value":12901},{"Length":47,"Height":274,"Demand":1,"DemandMax":null,"Value":12878},{"Length":195,"Height":66,"Demand":1,"DemandMax":null,"Value":12870},{"Length":357,"Height":36,"Demand":1,"DemandMax":null,"Value":12852},{"Length":207,"Height":62,"Demand":1,"DemandMax":null,"Value":12834},{"Length":66,"Height":189,"Demand":1,"DemandMax":null,"Value":12474},{"Length":283,"Height":44,"Demand":1,"DemandMax":null,"Value":12452},{"Length":50,"Height":248,"Demand":1,"DemandMax":null,"Value":12400},{"Length":161,"Height":77,"Demand":1,"DemandMax":null,"Value":12397},{"Length":288,"Height":43,"Demand":1,"DemandMax":null,"Value":12384},{"Length":281,"Height":44,"Demand":1,"DemandMax":null,"Value":12364},{"Length":324,"Height":38,"Demand":1,"DemandMax":null,"Value":12312},{"Length":89,"Height":138,"Demand":1,"DemandMax":null,"Value":12282},{"Length":183,"Height":67,"Demand":1,"DemandMax":null,"Value":12261},{"Length":64,"Height":191,"Demand":1,"DemandMax":null,"Value":12224},{"Length":49,"Height":246,"Demand":1,"DemandMax":null,"Value":12054},{"Length":150,"Height":80,"Demand":1,"DemandMax":null,"Value":12000},{"Length":99,"Height":121,"Demand":1,"DemandMax":null,"Value":11979},{"Length":103,"Height":116,"Demand":1,"DemandMax":null,"Value":11948},{"Length":64,"Height":186,"Demand":1,"DemandMax":null,"Value":11904},{"Length":98,"Height":120,"Demand":1,"DemandMax":null,"Value":11760},{"Length":63,"Height":185,"Demand":1,"DemandMax":null,"Value":11655},{"Length":57,"Height":204,"Demand":1,"DemandMax":null,"Value":11628},{"Length":123,"Height":94,"Demand":1,"DemandMax":null,"Value":11562},{"Length":231,"Height":50,"Demand":1,"DemandMax":null,"Value":11550},{"Length":169,"Height":68,"Demand":1,"DemandMax":null,"Value":11492},{"Length":51,"Height":224,"Demand":1,"DemandMax":null,"Value":11424},{"Length":38,"Height":299,"Demand":1,"DemandMax":null,"Value":11362},{"Length":126,"Height":90,"Demand":1,"DemandMax":null,"Value":11340},{"Length":81,"Height":140,"Demand":1,"DemandMax":null,"Value":11340},{"Length":135,"Height":84,"Demand":1,"DemandMax":null,"Value":11340},{"Length":109,"Height":104,"Demand":1,"DemandMax":null,"Value":11336},{"Length":61,"Height":185,"Demand":1,"DemandMax":null,"Value":11285},{"Length":39,"Height":289,"Demand":1,"DemandMax":null,"Value":11271},{"Length":75,"Height":150,"Demand":1,"DemandMax":null,"Value":11250},{"Length":40,"Height":281,"Demand":1,"DemandMax":null,"Value":11240},{"Length":63,"Height":178,"Demand":1,"DemandMax":null,"Value":11214},{"Length":59,"Height":190,"Demand":1,"DemandMax":null,"Value":11210},{"Length":30,"Height":373,"Demand":1,"DemandMax":null,"Value":11190},{"Length":153,"Height":73,"Demand":1,"DemandMax":null,"Value":11169},{"Length":265,"Height":42,"Demand":1,"DemandMax":null,"Value":11130},{"Length":104,"Height":106,"Demand":1,"DemandMax":null,"Value":11024},{"Length":76,"Height":145,"Demand":1,"DemandMax":null,"Value":11020},{"Length":70,"Height":157,"Demand":1,"DemandMax":null,"Value":10990},{"Length":323,"Height":34,"Demand":1,"DemandMax":null,"Value":10982},{"Length":50,"Height":219,"Demand":1,"DemandMax":null,"Value":10950},{"Length":352,"Height":31,"Demand":1,"DemandMax":null,"Value":10912},{"Length":69,"Height":158,"Demand":1,"DemandMax":null,"Value":10902},{"Length":361,"Height":30,"Demand":1,"DemandMax":null,"Value":10830},{"Length":66,"Height":164,"Demand":1,"DemandMax":null,"Value":10824},{"Length":270,"Height":40,"Demand":1,"DemandMax":null,"Value":10800},{"Length":70,"Height":154,"Demand":1,"DemandMax":null,"Value":10780},{"Length":65,"Height":162,"Demand":1,"DemandMax":null,"Value":10530},{"Length":90,"Height":117,"Demand":1,"DemandMax":null,"Value":10530},{"Length":371,"Height":28,"Demand":1,"DemandMax":null,"Value":10388},{"Length":225,"Height":46,"Demand":1,"DemandMax":null,"Value":10350},{"Length":56,"Height":183,"Demand":1,"DemandMax":null,"Value":10248},{"Length":32,"Height":319,"Demand":1,"DemandMax":null,"Value":10208},{"Length":138,"Height":73,"Demand":1,"DemandMax":null,"Value":10074},{"Length":33,"Height":304,"Demand":1,"DemandMax":null,"Value":10032},{"Length":147,"Height":68,"Demand":1,"DemandMax":null,"Value":9996},{"Length":40,"Height":249,"Demand":1,"DemandMax":null,"Value":9960},{"Length":30,"Height":331,"Demand":1,"DemandMax":null,"Value":9930},{"Length":56,"Height":177,"Demand":1,"DemandMax":null,"Value":9912},{"Length":108,"Height":90,"Demand":1,"DemandMax":null,"Value":9720},{"Length":72,"Height":135,"Demand":1,"DemandMax":null,"Value":9720},{"Length":134,"Height":72,"Demand":1,"DemandMax":null,"Value":9648},{"Length":49,"Height":196,"Demand":1,"DemandMax":null,"Value":9604},{"Length":92,"Height":102,"Demand":1,"DemandMax":null,"Value":9384},{"Length":42,"Height":223,"Demand":1,"DemandMax":null,"Value":9366},{"Length":61,"Height":153,"Demand":1,"DemandMax":null,"Value":9333},{"Length":214,"Height":43,"Demand":1,"DemandMax":null,"Value":9202},{"Length":95,"Height":96,"Demand":1,"DemandMax":null,"Value":9120},{"Length":94,"Height":97,"Demand":1,"DemandMax":null,"Value":9118},{"Length":82,"Height":111,"Demand":1,"DemandMax":null,"Value":9102},{"Length":202,"Height":45,"Demand":1,"DemandMax":null,"Value":9090},{"Length":171,"Height":53,"Demand":1,"DemandMax":null,"Value":9063},{"Length":283,"Height":32,"Demand":1,"DemandMax":null,"Value":9056},{"Length":146,"Height":62,"Demand":1,"DemandMax":null,"Value":9052},{"Length":50,"Height":179,"Demand":1,"DemandMax":null,"Value":8950},{"Length":358,"Height":25,"Demand":1,"DemandMax":null,"Value":8950},{"Length":31,"Height":285,"Demand":1,"DemandMax":null,"Value":8835},{"Length":57,"Height":154,"Demand":1,"DemandMax":null,"Value":8778},{"Length":335,"Height":26,"Demand":1,"DemandMax":null,"Value":8710},{"Length":288,"Height":30,"Demand":1,"DemandMax":null,"Value":8640},{"Length":83,"Height":104,"Demand":1,"DemandMax":null,"Value":8632},{"Length":50,"Height":172,"Demand":1,"DemandMax":null,"Value":8600},{"Length":295,"Height":29,"Demand":1,"DemandMax":null,"Value":8555},{"Length":27,"Height":313,"Demand":1,"DemandMax":null,"Value":8451},{"Length":37,"Height":228,"Demand":1,"DemandMax":null,"Value":8436},{"Length":87,"Height":96,"Demand":1,"DemandMax":null,"Value":8352},{"Length":148,"Height":56,"Demand":1,"DemandMax":null,"Value":8288},{"Length":251,"Height":33,"Demand":1,"DemandMax":null,"Value":8283},{"Length":43,"Height":190,"Demand":1,"DemandMax":null,"Value":8170},{"Length":74,"Height":109,"Demand":1,"DemandMax":null,"Value":8066},{"Length":153,"Height":52,"Demand":1,"DemandMax":null,"Value":7956},{"Length":90,"Height":88,"Demand":1,"DemandMax":null,"Value":7920},{"Length":203,"Height":39,"Demand":1,"DemandMax":null,"Value":7917},{"Length":63,"Height":125,"Demand":1,"DemandMax":null,"Value":7875},{"Length":102,"Height":77,"Demand":1,"DemandMax":null,"Value":7854},{"Length":29,"Height":270,"Demand":1,"DemandMax":null,"Value":7830},{"Length":313,"Height":25,"Demand":1,"DemandMax":null,"Value":7825},{"Length":42,"Height":185,"Demand":1,"DemandMax":null,"Value":7770},{"Length":36,"Height":215,"Demand":1,"DemandMax":null,"Value":7740},{"Length":57,"Height":135,"Demand":1,"DemandMax":null,"Value":7695},{"Length":240,"Height":32,"Demand":1,"DemandMax":null,"Value":7680},{"Length":264,"Height":29,"Demand":1,"DemandMax":null,"Value":7656},{"Length":28,"Height":268,"Demand":1,"DemandMax":null,"Value":7504},{"Length":33,"Height":227,"Demand":1,"DemandMax":null,"Value":7491},{"Length":137,"Height":54,"Demand":1,"DemandMax":null,"Value":7398},{"Length":223,"Height":33,"Demand":1,"DemandMax":null,"Value":7359},{"Length":87,"Height":84,"Demand":1,"DemandMax":null,"Value":7308},{"Length":59,"Height":120,"Demand":1,"DemandMax":null,"Value":7080},{"Length":130,"Height":53,"Demand":1,"DemandMax":null,"Value":6890},{"Length":44,"Height":156,"Demand":1,"DemandMax":null,"Value":6864},{"Length":32,"Height":213,"Demand":1,"DemandMax":null,"Value":6816},{"Length":37,"Height":180,"Demand":1,"DemandMax":null,"Value":6660},{"Length":26,"Height":256,"Demand":1,"DemandMax":null,"Value":6656},{"Length":175,"Height":38,"Demand":1,"DemandMax":null,"Value":6650},{"Length":38,"Height":172,"Demand":1,"DemandMax":null,"Value":6536},{"Length":84,"Height":77,"Demand":1,"DemandMax":null,"Value":6468},{"Length":101,"Height":64,"Demand":1,"DemandMax":null,"Value":6464},{"Length":28,"Height":230,"Demand":1,"DemandMax":null,"Value":6440},{"Length":117,"Height":54,"Demand":1,"DemandMax":null,"Value":6318},{"Length":33,"Height":187,"Demand":1,"DemandMax":null,"Value":6171},{"Length":73,"Height":84,"Demand":1,"DemandMax":null,"Value":6132},{"Length":79,"Height":77,"Demand":1,"DemandMax":null,"Value":6083},{"Length":44,"Height":136,"Demand":1,"DemandMax":null,"Value":5984},{"Length":230,"Height":26,"Demand":1,"DemandMax":null,"Value":5980},{"Length":122,"Height":48,"Demand":1,"DemandMax":null,"Value":5856},{"Length":52,"Height":112,"Demand":1,"DemandMax":null,"Value":5824},{"Length":48,"Height":120,"Demand":1,"DemandMax":null,"Value":5760},{"Length":30,"Height":191,"Demand":1,"DemandMax":null,"Value":5730},{"Length":48,"Height":118,"Demand":1,"DemandMax":null,"Value":5664},{"Length":120,"Height":47,"Demand":1,"DemandMax":null,"Value":5640},{"Length":94,"Height":60,"Demand":1,"DemandMax":null,"Value":5640},{"Length":52,"Height":108,"Demand":1,"DemandMax":null,"Value":5616},{"Length":27,"Height":207,"Demand":1,"DemandMax":null,"Value":5589},{"Length":32,"Height":174,"Demand":1,"DemandMax":null,"Value":5568},{"Length":166,"Height":33,"Demand":1,"DemandMax":null,"Value":5478},{"Length":68,"Height":80,"Demand":1,"DemandMax":null,"Value":5440},{"Length":111,"Height":49,"Demand":1,"DemandMax":null,"Value":5439},{"Length":100,"Height":54,"Demand":1,"DemandMax":null,"Value":5400},{"Length":207,"Height":26,"Demand":1,"DemandMax":null,"Value":5382},{"Length":59,"Height":91,"Demand":1,"DemandMax":null,"Value":5369},{"Length":95,"Height":56,"Demand":1,"DemandMax":null,"Value":5320},{"Length":156,"Height":34,"Demand":1,"DemandMax":null,"Value":5304},{"Length":119,"Height":44,"Demand":1,"DemandMax":null,"Value":5236},{"Length":116,"Height":45,"Demand":1,"DemandMax":null,"Value":5220},{"Length":28,"Height":183,"Demand":1,"DemandMax":null,"Value":5124},{"Length":145,"Height":35,"Demand":1,"DemandMax":null,"Value":5075},{"Length":59,"Height":86,"Demand":1,"DemandMax":null,"Value":5074},{"Length":130,"Height":39,"Demand":1,"DemandMax":null,"Value":5070},{"Length":83,"Height":61,"Demand":1,"DemandMax":null,"Value":5063},{"Length":50,"Height":99,"Demand":1,"DemandMax":null,"Value":4950},{"Length":31,"Height":159,"Demand":1,"DemandMax":null,"Value":4929},{"Length":188,"Height":26,"Demand":1,"DemandMax":null,"Value":4888},{"Length":194,"Height":25,"Demand":1,"DemandMax":null,"Value":4850},{"Length":37,"Height":126,"Demand":1,"DemandMax":null,"Value":4662},{"Length":136,"Height":33,"Demand":1,"DemandMax":null,"Value":4488},{"Length":160,"Height":28,"Demand":1,"DemandMax":null,"Value":4480},{"Length":60,"Height":74,"Demand":1,"DemandMax":null,"Value":4440},{"Length":74,"Height":59,"Demand":1,"DemandMax":null,"Value":4366},{"Length":33,"Height":131,"Demand":1,"DemandMax":null,"Value":4323},{"Length":136,"Height":30,"Demand":1,"DemandMax":null,"Value":4080},{"Length":79,"Height":51,"Demand":1,"DemandMax":null,"Value":4029},{"Length":36,"Height":111,"Demand":1,"DemandMax":null,"Value":3996},{"Length":97,"Height":40,"Demand":1,"DemandMax":null,"Value":3880},{"Length":79,"Height":45,"Demand":1,"DemandMax":null,"Value":3555},{"Length":65,"Height":54,"Demand":1,"DemandMax":null,"Value":3510},{"Length":99,"Height":35,"Demand":1,"DemandMax":null,"Value":3465},{"Length":126,"Height":27,"Demand":1,"DemandMax":null,"Value":3402},{"Length":51,"Height":66,"Demand":1,"DemandMax":null,"Value":3366},{"Length":56,"Height":58,"Demand":1,"DemandMax":null,"Value":3248},{"Length":54,"Height":60,"Demand":1,"DemandMax":null,"Value":3240},{"Length":103,"Height":28,"Demand":1,"DemandMax":null,"Value":2884},{"Length":45,"Height":53,"Demand":1,"DemandMax":null,"Value":2385},{"Length":38,"Height":62,"Demand":1,"DemandMax":null,"Value":2356},{"Length":25,"Height":83,"Demand":1,"DemandMax":null,"Value":2075},{"Length":71,"Height":29,"Demand":1,"DemandMax":null,"Value":2059},{"Length":55,"Height":34,"Demand":1,"DemandMax":null,"Value":1870},{"Length":60,"Height":28,"Demand":1,"DemandMax":null,"Value":1680},{"Length":41,"Height":36,"Demand":1,"DemandMax":null,"Value":1476},{"Length":30,"Height":45,"Demand":1,"DemandMax":null,"Value":1350},{"Length":30,"Height":41,"Demand":1,"DemandMax":null,"Value":1230},{"Length":39,"Height":31,"Demand":1,"DemandMax":null,"Value":1209},{"Length":35,"Height":34,"Demand":1,"DemandMax":null,"Value":1190},{"Length":25,"Height":47,"Demand":1,"DemandMax":null,"Value":1175},{"Length":28,"Height":40,"Demand":1,"DemandMax":null,"Value":1120},{"Length":34,"Height":32,"Demand":1,"DemandMax":null,"Value":1088},{"Length":35,"Height":27,"Demand":1,"DemandMax":null,"Value":945},{"Length":32,"Height":28,"Demand":1,"DemandMax":null,"Value":896},{"Length":28,"Height":30,"Demand":1,"DemandMax":null,"Value":840}]}