{"Name":"AH270","Objects":[{"Length":1000,"Height":40611,"Stock":null,"Cost":40611000}],"Items":[{"Length":298,"Height":299,"Demand":1,"DemandMax":null,"Value":89102},{"Length":298,"Height":295,"Demand":1,"DemandMax":null,"Value":87910},{"Length":295,"Height":296,"Demand":1,"DemandMax":null,"Value":87320},{"Length":298,"Height":291,"Demand":1,"DemandMax":null,"Value":86718},{"Length":284,"Height":300,"Demand":1,"DemandMax":null,"Value":85200},{"Length":290,"Height":293,"Demand":1,"DemandMax":null,"Value":84970},{"Length":291,"Height":288,"Demand":1,"DemandMax":null,"Value":83808},{"Length":297,"Height":279,"Demand":1,"DemandMax":null,"Value":82863},{"Length":291,"Height":284,"Demand":1,"DemandMax":null,"Value":82644},{"Length":287,"Height":287,"Demand":1,"DemandMax":null,"Value":82369},{"Length":281,"Height":293,"Demand":1,"DemandMax":null,"Value":82333},{"Length":295,"Height":277,"Demand":1,"DemandMax":null,"Value":81715},{"Length":288,"Height":282,"Demand":1,"DemandMax":null,"Value":81216},{"Length":297,"Height":273,"Demand":1,"DemandMax":null,"Value":81081},{"Length":290,"Height":279,"Demand":1,"DemandMax":null,"Value":80910},{"Length":296,"Height":272,"Demand":1,"DemandMax":null,"Value":80512},{"Length":298,"Height":269,"Demand":1,"DemandMax":null,"Value":80162},{"Length":300,"Height":265,"Demand":1,"DemandMax":null,"Value":79500},{"Length":293,"Height":271,"Demand":1,"DemandMax":null,"Value":79403},{"Length":298,"Height":266,"Demand":1,"DemandMax":null,"Value":79268},{"Length":264,"Height":300,"Demand":1,"DemandMax":null,"Value":79200},{"Length":271,"Height":291,"Demand":1,"DemandMax":null,"Value":78861},{"Length":269,"Height":293,"Demand":1,"DemandMax":null,"Value":78817},{"Length":294,"Height":268,"Demand":1,"DemandMax":null,"Value":78792},{"Length":279,"Height":282,"Demand":1,"DemandMax":null,"Value":78678},{"Length":276,"Height":285,"Demand":1,"DemandMax":null,"Value":78660},{"Length":287,"Height":273,"Demand":1,"DemandMax":null,"Value":78351},{"Length":300,"Height":261,"Demand":1,"DemandMax":null,"Value":78300},{"Length":291,"Height":265,"Demand":1,"DemandMax":null,"Value":77115},{"Length":274,"Height":280,"Demand":1,"DemandMax":null,"Value":76720},{"Length":285,"Height":269,"Demand":1,"DemandMax":null,"Value":76665},{"Length":278,"Height":273,"Demand":1,"DemandMax":null,"Value":75894},{"Length":286,"Height":265,"Demand":1,"DemandMax":null,"Value":75790},{"Length":293,"Height":258,"Demand":1,"DemandMax":null,"Value":75594},{"Length":252,"Height":296,"Demand":1,"DemandMax":null,"Value":74592},{"Length":269,"Height":276,"Demand":1,"DemandMax":null,"Value":74244},{"Length":289,"Height":255,"Demand":1,"DemandMax":null,"Value":73695},{"Length":251,"Height":293,"Demand":1,"DemandMax":null,"Value":73543},{"Length":258,"Height":285,"Demand":1,"DemandMax":null,"Value":73530},{"Length":269,"Height":273,"Demand":1,"DemandMax":null,"Value":73437},{"Length":268,"Height":273,"Demand":1,"DemandMax":null,"Value":73164},{"Length":280,"Height":261,"Demand":1,"DemandMax":null,"Value":73080},{"Length":294,"Height":248,"Demand":1,"DemandMax":null,"Value":72912},{"Length":288,"Height":252,"Demand":1,"DemandMax":null,"Value":72576},{"Length":253,"Height":286,"Demand":1,"DemandMax":null,"Value":72358},{"Length":266,"Height":271,"Demand":1,"DemandMax":null,"Value":72086},{"Length":246,"Height":293,"Demand":1,"DemandMax":null,"Value":72078},{"Length":258,"Height":278,"Demand":1,"DemandMax":null,"Value":71724},{"Length":242,"Height":296,"Demand":1,"DemandMax":null,"Value":71632},{"Length":290,"Height":247,"Demand":1,"DemandMax":null,"Value":71630},{"Length":274,"Height":260,"Demand":1,"DemandMax":null,"Value":71240},{"Length":276,"Height":258,"Demand":1,"DemandMax":null,"Value":71208},{"Length":290,"Height":245,"Demand":1,"DemandMax":null,"Value":71050},{"Length":253,"Height":280,"Demand":1,"DemandMax":null,"Value":70840},{"Length":299,"Height":236,"Demand":1,"DemandMax":null,"Value":70564},{"Length":290,"Height":243,"Demand":1,"DemandMax":null,"Value":70470},{"Length":256,"Height":274,"Demand":1,"DemandMax":null,"Value":70144},{"Length":273,"Height":256,"Demand":1,"DemandMax":null,"Value":69888},{"Length":245,"Height":285,"Demand":1,"DemandMax":null,"Value":69825},{"Length":297,"Height":235,"Demand":1,"DemandMax":null,"Value":69795},{"Length":260,"Height":268,"Demand":1,"DemandMax":null,"Value":69680},{"Length":251,"Height":277,"Demand":1,"DemandMax":null,"Value":69527},{"Length":249,"Height":279,"Demand":1,"DemandMax":null,"Value":69471},{"Length":277,"Height":250,"Demand":1,"DemandMax":null,"Value":69250},{"Length":292,"Height":237,"Demand":1,"DemandMax":null,"Value":69204},{"Length":267,"Height":258,"Demand":1,"DemandMax":null,"Value":68886},{"Length":290,"Height":237,"Demand":1,"DemandMax":null,"Value":68730},{"Length":272,"Height":252,"Demand":1,"DemandMax":null,"Value":68544},{"Length":286,"Height":239,"Demand":1,"DemandMax":null,"Value":68354},{"Length":290,"Height":235,"Demand":1,"DemandMax":null,"Value":68150},{"Length":280,"Height":243,"Demand":1,"DemandMax":null,"Value":68040},{"Length":237,"Height":286,"Demand":1,"DemandMax":null,"Value":67782},{"Length":287,"Height":236,"Demand":1,"DemandMax":null,"Value":67732},{"Length":297,"Height":228,"Demand":1,"DemandMax":null,"Value":67716},{"Length":245,"Height":275,"Demand":1,"DemandMax":null,"Value":67375},{"Length":233,"Height":289,"Demand":1,"DemandMax":null,"Value":67337},{"Length":225,"Height":299,"Demand":1,"DemandMax":null,"Value":67275},{"Length":280,"Height":240,"Demand":1,"DemandMax":null,"Value":67200},{"Length":230,"Height":292,"Demand":1,"DemandMax":null,"Value":67160},{"Length":281,"Height":239,"Demand":1,"DemandMax":null,"Value":67159},{"Length":282,"Height":238,"Demand":1,"DemandMax":null,"Value":67116},{"Length":257,"Height":261,"Demand":1,"DemandMax":null,"Value":67077},{"Length":278,"Height":241,"Demand":1,"DemandMax":null,"Value":66998},{"Length":272,"Height":246,"Demand":1,"DemandMax":null,"Value":66912},{"Length":296,"Height":226,"Demand":1,"DemandMax":null,"Value":66896},{"Length":235,"Height":284,"Demand":1,"DemandMax":null,"Value":66740},{"Length":270,"Height":247,"Demand":1,"DemandMax":null,"Value":66690},{"Length":254,"Height":262,"Demand":1,"DemandMax":null,"Value":66548},{"Length":239,"Height":278,"Demand":1,"DemandMax":null,"Value":66442},{"Length":290,"Height":229,"Demand":1,"DemandMax":null,"Value":66410},{"Length":287,"Height":231,"Demand":1,"DemandMax":null,"Value":66297},{"Length":292,"Height":227,"Demand":1,"DemandMax":null,"Value":66284},{"Length":229,"Height":289,"Demand":1,"DemandMax":null,"Value":66181},{"Length":258,"Height":256,"Demand":1,"DemandMax":null,"Value":66048},{"Length":253,"Height":261,"Demand":1,"DemandMax":null,"Value":66033},{"Length":229,"Height":288,"Demand":1,"DemandMax":null,"Value":65952},{"Length":222,"Height":297,"Demand":1,"DemandMax":null,"Value":65934},{"Length":237,"Height":278,"Demand":1,"DemandMax":null,"Value":65886},{"Length":244,"Height":270,"Demand":1,"DemandMax":null,"Value":65880},{"Length":284,"Height":231,"Demand":1,"DemandMax":null,"Value":65604},{"Length":298,"Height":220,"Demand":1,"DemandMax":null,"Value":65560},{"Length":276,"Height":237,"Demand":1,"DemandMax":null,"Value":65412},{"Length":264,"Height":247,"Demand":1,"DemandMax":null,"Value":65208},{"Length":292,"Height":223,"Demand":1,"DemandMax":null,"Value":65116},{"Length":253,"Height":257,"Demand":1,"DemandMax":null,"Value":65021},{"Length":256,"Height":253,"Demand":1,"DemandMax":null,"Value":64768},{"Length":217,"Height":298,"Demand":1,"DemandMax":null,"Value":64666},{"Length":241,"Height":268,"Demand":1,"DemandMax":null,"Value":64588},{"Length":283,"Height":228,"Demand":1,"DemandMax":null,"Value":64524},{"Length":259,"Height":249,"Demand":1,"DemandMax":null,"Value":64491},{"Length":293,"Height":220,"Demand":1,"DemandMax":null,"Value":64460},{"Length":273,"Height":236,"Demand":1,"DemandMax":null,"Value":64428},{"Length":237,"Height":271,"Demand":1,"DemandMax":null,"Value":64227},{"Length":219,"Height":293,"Demand":1,"DemandMax":null,"Value":64167},{"Length":239,"Height":268,"Demand":1,"DemandMax":null,"Value":64052},{"Length":276,"Height":232,"Demand":1,"DemandMax":null,"Value":64032},{"Length":251,"Height":255,"Demand":1,"DemandMax":null,"Value":64005},{"Length":243,"Height":263,"Demand":1,"DemandMax":null,"Value":63909},{"Length":215,"Height":296,"Demand":1,"DemandMax":null,"Value":63640},{"Length":218,"Height":291,"Demand":1,"DemandMax":null,"Value":63438},{"Length":295,"Height":215,"Demand":1,"DemandMax":null,"Value":63425},{"Length":253,"Height":250,"Demand":1,"DemandMax":null,"Value":63250},{"Length":277,"Height":228,"Demand":1,"DemandMax":null,"Value":63156},{"Length":264,"Height":239,"Demand":1,"DemandMax":null,"Value":63096},{"Length":219,"Height":288,"Demand":1,"DemandMax":null,"Value":63072},{"Length":229,"Height":275,"Demand":1,"DemandMax":null,"Value":62975},{"Length":267,"Height":235,"Demand":1,"DemandMax":null,"Value":62745},{"Length":241,"Height":260,"Demand":1,"DemandMax":null,"Value":62660},{"Length":282,"Height":222,"Demand":1,"DemandMax":null,"Value":62604},{"Length":285,"Height":219,"Demand":1,"DemandMax":null,"Value":62415},{"Length":276,"Height":226,"Demand":1,"DemandMax":null,"Value":62376},{"Length":299,"Height":208,"Demand":1,"DemandMax":null,"Value":62192},{"Length":231,"Height":269,"Demand":1,"DemandMax":null,"Value":62139},{"Length":265,"Height":234,"Demand":1,"DemandMax":null,"Value":62010},{"Length":208,"Height":297,"Demand":1,"DemandMax":null,"Value":61776},{"Length":250,"Height":247,"Demand":1,"DemandMax":null,"Value":61750},{"Length":245,"Height":252,"Demand":1,"DemandMax":null,"Value":61740},{"Length":273,"Height":226,"Demand":1,"DemandMax":null,"Value":61698},{"Length":261,"Height":236,"Demand":1,"DemandMax":null,"Value":61596},{"Length":254,"Height":242,"Demand":1,"DemandMax":null,"Value":61468},{"Length":261,"Height":235,"Demand":1,"DemandMax":null,"Value":61335},{"Length":223,"Height":275,"Demand":1,"DemandMax":null,"Value":61325},{"Length":249,"Height":246,"Demand":1,"DemandMax":null,"Value":61254},{"Length":243,"Height":251,"Demand":1,"DemandMax":null,"Value":60993},{"Length":286,"Height":213,"Demand":1,"DemandMax":null,"Value":60918},{"Length":203,"Height":300,"Demand":1,"DemandMax":null,"Value":60900},{"Length":215,"Height":283,"Demand":1,"DemandMax":null,"Value":60845},{"Length":239,"Height":254,"Demand":1,"DemandMax":null,"Value":60706},{"Length":255,"Height":238,"Demand":1,"DemandMax":null,"Value":60690},{"Length":220,"Height":275,"Demand":1,"DemandMax":null,"Value":60500},{"Length":240,"Height":252,"Demand":1,"DemandMax":null,"Value":60480},{"Length":285,"Height":212,"Demand":1,"DemandMax":null,"Value":60420},{"Length":202,"Height":299,"Demand":1,"DemandMax":null,"Value":60398},{"Length":205,"Height":292,"Demand":1,"DemandMax":null,"Value":59860},{"Length":219,"Height":273,"Demand":1,"DemandMax":null,"Value":59787},{"Length":262,"Height":228,"Demand":1,"DemandMax":null,"Value":59736},{"Length":214,"Height":277,"Demand":1,"DemandMax":null,"Value":59278},{"Length":278,"Height":213,"Demand":1,"DemandMax":null,"Value":59214},{"Length":211,"Height":279,"Demand":1,"DemandMax":null,"Value":58869},{"Length":257,"Height":229,"Demand":1,"DemandMax":null,"Value":58853},{"Length":288,"Height":204,"Demand":1,"DemandMax":null,"Value":58752},{"Length":287,"Height":204,"Demand":1,"DemandMax":null,"Value":58548},{"Length":284,"Height":205,"Demand":1,"DemandMax":null,"Value":58220},{"Length":262,"Height":222,"Demand":1,"DemandMax":null,"Value":58164},{"Length":273,"Height":213,"Demand":1,"DemandMax":null,"Value":58149},{"Length":197,"Height":295,"Demand":1,"DemandMax":null,"Value":58115},{"Length":234,"Height":247,"Demand":1,"DemandMax":null,"Value":57798},{"Length":279,"Height":207,"Demand":1,"DemandMax":null,"Value":57753},{"Length":299,"Height":193,"Demand":1,"DemandMax":null,"Value":57707},{"Length":208,"Height":277,"Demand":1,"DemandMax":null,"Value":57616},{"Length":245,"Height":235,"Demand":1,"DemandMax":null,"Value":57575},{"Length":293,"Height":196,"Demand":1,"DemandMax":null,"Value":57428},{"Length":290,"Height":198,"Demand":1,"DemandMax":null,"Value":57420},{"Length":251,"Height":228,"Demand":1,"DemandMax":null,"Value":57228},{"Length":207,"Height":276,"Demand":1,"DemandMax":null,"Value":57132},{"Length":234,"Height":244,"Demand":1,"DemandMax":null,"Value":57096},{"Length":246,"Height":232,"Demand":1,"DemandMax":null,"Value":57072},{"Length":288,"Height":198,"Demand":1,"DemandMax":null,"Value":57024},{"Length":219,"Height":260,"Demand":1,"DemandMax":null,"Value":56940},{"Length":222,"Height":255,"Demand":1,"DemandMax":null,"Value":56610},{"Length":216,"Height":261,"Demand":1,"DemandMax":null,"Value":56376},{"Length":211,"Height":267,"Demand":1,"DemandMax":null,"Value":56337},{"Length":250,"Height":225,"Demand":1,"DemandMax":null,"Value":56250},{"Length":190,"Height":296,"Demand":1,"DemandMax":null,"Value":56240},{"Length":205,"Height":274,"Demand":1,"DemandMax":null,"Value":56170},{"Length":257,"Height":218,"Demand":1,"DemandMax":null,"Value":56026},{"Length":200,"Height":280,"Demand":1,"DemandMax":null,"Value":56000},{"Length":223,"Height":251,"Demand":1,"DemandMax":null,"Value":55973},{"Length":232,"Height":241,"Demand":1,"DemandMax":null,"Value":55912},{"Length":243,"Height":229,"Demand":1,"DemandMax":null,"Value":55647},{"Length":193,"Height":288,"Demand":1,"DemandMax":null,"Value":55584},{"Length":282,"Height":197,"Demand":1,"DemandMax":null,"Value":55554},{"Length":293,"Height":189,"Demand":1,"DemandMax":null,"Value":55377},{"Length":185,"Height":299,"Demand":1,"DemandMax":null,"Value":55315},{"Length":215,"Height":257,"Demand":1,"DemandMax":null,"Value":55255},{"Length":297,"Height":186,"Demand":1,"DemandMax":null,"Value":55242},{"Length":251,"Height":220,"Demand":1,"DemandMax":null,"Value":55220},{"Length":214,"Height":257,"Demand":1,"DemandMax":null,"Value":54998},{"Length":243,"Height":226,"Demand":1,"DemandMax":null,"Value":54918},{"Length":241,"Height":227,"Demand":1,"DemandMax":null,"Value":54707},{"Length":192,"Height":284,"Demand":1,"DemandMax":null,"Value":54528},{"Length":241,"Height":226,"Demand":1,"DemandMax":null,"Value":54466},{"Length":292,"Height":186,"Demand":1,"DemandMax":null,"Value":54312},{"Length":287,"Height":189,"Demand":1,"DemandMax":null,"Value":54243},{"Length":251,"Height":216,"Demand":1,"DemandMax":null,"Value":54216},{"Length":272,"Height":199,"Demand":1,"DemandMax":null,"Value":54128},{"Length":297,"Height":182,"Demand":1,"DemandMax":null,"Value":54054},{"Length":187,"Height":289,"Demand":1,"DemandMax":null,"Value":54043},{"Length":193,"Height":280,"Demand":1,"DemandMax":null,"Value":54040},{"Length":200,"Height":270,"Demand":1,"DemandMax":null,"Value":54000},{"Length":224,"Height":241,"Demand":1,"DemandMax":null,"Value":53984},{"Length":286,"Height":188,"Demand":1,"DemandMax":null,"Value":53768},{"Length":196,"Height":274,"Demand":1,"DemandMax":null,"Value":53704},{"Length":179,"Height":300,"Demand":1,"DemandMax":null,"Value":53700},{"Length":295,"Height":182,"Demand":1,"DemandMax":null,"Value":53690},{"Length":198,"Height":271,"Demand":1,"DemandMax":null,"Value":53658},{"Length":290,"Height":185,"Demand":1,"DemandMax":null,"Value":53650},{"Length":195,"Height":275,"Demand":1,"DemandMax":null,"Value":53625},{"Length":224,"Height":239,"Demand":1,"DemandMax":null,"Value":53536},{"Length":251,"Height":213,"Demand":1,"DemandMax":null,"Value":53463},{"Length":300,"Height":178,"Demand":1,"DemandMax":null,"Value":53400},{"Length":282,"Height":189,"Demand":1,"DemandMax":null,"Value":53298},{"Length":249,"Height":214,"Demand":1,"DemandMax":null,"Value":53286},{"Length":286,"Height":186,"Demand":1,"DemandMax":null,"Value":53196},{"Length":179,"Height":296,"Demand":1,"DemandMax":null,"Value":52984},{"Length":191,"Height":277,"Demand":1,"DemandMax":null,"Value":52907},{"Length":279,"Height":189,"Demand":1,"DemandMax":null,"Value":52731},{"Length":273,"Height":193,"Demand":1,"DemandMax":null,"Value":52689},{"Length":209,"Height":252,"Demand":1,"DemandMax":null,"Value":52668},{"Length":183,"Height":287,"Demand":1,"DemandMax":null,"Value":52521},{"Length":298,"Height":176,"Demand":1,"DemandMax":null,"Value":52448},{"Length":223,"Height":235,"Demand":1,"DemandMax":null,"Value":52405},{"Length":207,"Height":253,"Demand":1,"DemandMax":null,"Value":52371},{"Length":280,"Height":187,"Demand":1,"DemandMax":null,"Value":52360},{"Length":249,"Height":210,"Demand":1,"DemandMax":null,"Value":52290},{"Length":185,"Height":282,"Demand":1,"DemandMax":null,"Value":52170},{"Length":210,"Height":248,"Demand":1,"DemandMax":null,"Value":52080},{"Length":209,"Height":249,"Demand":1,"DemandMax":null,"Value":52041},{"Length":185,"Height":281,"Demand":1,"DemandMax":null,"Value":51985},{"Length":212,"Height":244,"Demand":1,"DemandMax":null,"Value":51728},{"Length":260,"Height":198,"Demand":1,"DemandMax":null,"Value":51480},{"Length":239,"Height":215,"Demand":1,"DemandMax":null,"Value":51385},{"Length":244,"Height":210,"Demand":1,"DemandMax":null,"Value":51240},{"Length":248,"Height":206,"Demand":1,"DemandMax":null,"Value":51088},{"Length":172,"Height":297,"Demand":1,"DemandMax":null,"Value":51084},{"Length":258,"Height":198,"Demand":1,"DemandMax":null,"Value":51084},{"Length":225,"Height":227,"Demand":1,"DemandMax":null,"Value":51075},{"Length":231,"Height":221,"Demand":1,"DemandMax":null,"Value":51051},{"Length":181,"Height":282,"Demand":1,"DemandMax":null,"Value":51042},{"Length":182,"Height":280,"Demand":1,"DemandMax":null,"Value":50960},{"Length":173,"Height":294,"Demand":1,"DemandMax":null,"Value":50862},{"Length":205,"Height":248,"Demand":1,"DemandMax":null,"Value":50840},{"Length":170,"Height":299,"Demand":1,"DemandMax":null,"Value":50830},{"Length":242,"Height":210,"Demand":1,"DemandMax":null,"Value":50820},{"Length":186,"Height":273,"Demand":1,"DemandMax":null,"Value":50778},{"Length":216,"Height":235,"Demand":1,"DemandMax":null,"Value":50760},{"Length":227,"Height":223,"Demand":1,"DemandMax":null,"Value":50621},{"Length":249,"Height":203,"Demand":1,"DemandMax":null,"Value":50547},{"Length":210,"Height":240,"Demand":1,"DemandMax":null,"Value":50400},{"Length":231,"Height":218,"Demand":1,"DemandMax":null,"Value":50358},{"Length":185,"Height":272,"Demand":1,"DemandMax":null,"Value":50320},{"Length":270,"Height":186,"Demand":1,"DemandMax":null,"Value":50220},{"Length":238,"Height":211,"Demand":1,"DemandMax":null,"Value":50218},{"Length":217,"Height":231,"Demand":1,"DemandMax":null,"Value":50127},{"Length":182,"Height":275,"Demand":1,"DemandMax":null,"Value":50050},{"Length":170,"Height":294,"Demand":1,"DemandMax":null,"Value":49980},{"Length":263,"Height":190,"Demand":1,"DemandMax":null,"Value":49970},{"Length":186,"Height":268,"Demand":1,"DemandMax":null,"Value":49848},{"Length":174,"Height":286,"Demand":1,"DemandMax":null,"Value":49764},{"Length":209,"Height":238,"Demand":1,"DemandMax":null,"Value":49742},{"Length":240,"Height":207,"Demand":1,"DemandMax":null,"Value":49680},{"Length":290,"Height":171,"Demand":1,"DemandMax":null,"Value":49590},{"Length":209,"Height":237,"Demand":1,"DemandMax":null,"Value":49533},{"Length":189,"Height":262,"Demand":1,"DemandMax":null,"Value":49518},{"Length":294,"Height":168,"Demand":1,"DemandMax":null,"Value":49392},{"Length":243,"Height":203,"Demand":1,"DemandMax":null,"Value":49329},{"Length":237,"Height":207,"Demand":1,"DemandMax":null,"Value":49059},{"Length":218,"Height":225,"Demand":1,"DemandMax":null,"Value":49050},{"Length":297,"Height":165,"Demand":1,"DemandMax":null,"Value":49005},{"Length":233,"Height":210,"Demand":1,"DemandMax":null,"Value":48930},{"Length":263,"Height":186,"Demand":1,"DemandMax":null,"Value":48918},{"Length":229,"Height":213,"Demand":1,"DemandMax":null,"Value":48777},{"Length":292,"Height":167,"Demand":1,"DemandMax":null,"Value":48764},{"Length":289,"Height":168,"Demand":1,"DemandMax":null,"Value":48552},{"Length":296,"Height":164,"Demand":1,"DemandMax":null,"Value":48544},{"Length":188,"Height":258,"Demand":1,"DemandMax":null,"Value":48504},{"Length":259,"Height":187,"Demand":1,"DemandMax":null,"Value":48433},{"Length":176,"Height":275,"Demand":1,"DemandMax":null,"Value":48400},{"Length":242,"Height":200,"Demand":1,"DemandMax":null,"Value":48400},{"Length":256,"Height":189,"Demand":1,"DemandMax":null,"Value":48384},{"Length":295,"Height":164,"Demand":1,"DemandMax":null,"Value":48380},{"Length":248,"Height":195,"Demand":1,"DemandMax":null,"Value":48360},{"Length":201,"Height":240,"Demand":1,"DemandMax":null,"Value":48240},{"Length":275,"Height":175,"Demand":1,"DemandMax":null,"Value":48125},{"Length":161,"Height":298,"Demand":1,"DemandMax":null,"Value":47978},{"Length":234,"Height":205,"Demand":1,"DemandMax":null,"Value":47970},{"Length":226,"Height":212,"Demand":1,"DemandMax":null,"Value":47912},{"Length":188,"Height":254,"Demand":1,"DemandMax":null,"Value":47752},{"Length":251,"Height":190,"Demand":1,"DemandMax":null,"Value":47690},{"Length":289,"Height":165,"Demand":1,"DemandMax":null,"Value":47685},{"Length":227,"Height":210,"Demand":1,"DemandMax":null,"Value":47670},{"Length":170,"Height":280,"Demand":1,"DemandMax":null,"Value":47600},{"Length":206,"Height":231,"Demand":1,"DemandMax":null,"Value":47586},{"Length":225,"Height":211,"Demand":1,"DemandMax":null,"Value":47475},{"Length":293,"Height":162,"Demand":1,"DemandMax":null,"Value":47466},{"Length":173,"Height":274,"Demand":1,"DemandMax":null,"Value":47402},{"Length":206,"Height":230,"Demand":1,"DemandMax":null,"Value":47380},{"Length":165,"Height":287,"Demand":1,"DemandMax":null,"Value":47355},{"Length":179,"Height":264,"Demand":1,"DemandMax":null,"Value":47256},{"Length":170,"Height":277,"Demand":1,"DemandMax":null,"Value":47090},{"Length":242,"Height":194,"Demand":1,"DemandMax":null,"Value":46948},{"Length":248,"Height":189,"Demand":1,"DemandMax":null,"Value":46872},{"Length":266,"Height":176,"Demand":1,"DemandMax":null,"Value":46816},{"Length":208,"Height":225,"Demand":1,"DemandMax":null,"Value":46800},{"Length":190,"Height":246,"Demand":1,"DemandMax":null,"Value":46740},{"Length":254,"Height":184,"Demand":1,"DemandMax":null,"Value":46736},{"Length":261,"Height":179,"Demand":1,"DemandMax":null,"Value":46719},{"Length":281,"Height":166,"Demand":1,"DemandMax":null,"Value":46646},{"Length":169,"Height":276,"Demand":1,"DemandMax":null,"Value":46644},{"Length":224,"Height":208,"Demand":1,"DemandMax":null,"Value":46592},{"Length":206,"Height":226,"Demand":1,"DemandMax":null,"Value":46556},{"Length":212,"Height":219,"Demand":1,"DemandMax":null,"Value":46428},{"Length":224,"Height":207,"Demand":1,"DemandMax":null,"Value":46368},{"Length":259,"Height":179,"Demand":1,"DemandMax":null,"Value":46361},{"Length":167,"Height":277,"Demand":1,"DemandMax":null,"Value":46259},{"Length":211,"Height":219,"Demand":1,"DemandMax":null,"Value":46209},{"Length":175,"Height":264,"Demand":1,"DemandMax":null,"Value":46200},{"Length":180,"Height":256,"Demand":1,"DemandMax":null,"Value":46080},{"Length":185,"Height":249,"Demand":1,"DemandMax":null,"Value":46065},{"Length":229,"Height":201,"Demand":1,"DemandMax":null,"Value":46029},{"Length":219,"Height":210,"Demand":1,"DemandMax":null,"Value":45990},{"Length":154,"Height":298,"Demand":1,"DemandMax":null,"Value":45892},{"Length":188,"Height":244,"Demand":1,"DemandMax":null,"Value":45872},{"Length":249,"Height":184,"Demand":1,"DemandMax":null,"Value":45816},{"Length":276,"Height":166,"Demand":1,"DemandMax":null,"Value":45816},{"Length":214,"Height":214,"Demand":1,"DemandMax":null,"Value":45796},{"Length":236,"Height":194,"Demand":1,"DemandMax":null,"Value":45784},{"Length":183,"Height":250,"Demand":1,"DemandMax":null,"Value":45750},{"Length":227,"Height":201,"Demand":1,"DemandMax":null,"Value":45627},{"Length":211,"Height":216,"Demand":1,"DemandMax":null,"Value":45576},{"Length":183,"Height":249,"Demand":1,"DemandMax":null,"Value":45567},{"Length":288,"Height":158,"Demand":1,"DemandMax":null,"Value":45504},{"Length":166,"Height":274,"Demand":1,"DemandMax":null,"Value":45484},{"Length":291,"Height":156,"Demand":1,"DemandMax":null,"Value":45396},{"Length":159,"Height":285,"Demand":1,"DemandMax":null,"Value":45315},{"Length":171,"Height":265,"Demand":1,"DemandMax":null,"Value":45315},{"Length":294,"Height":154,"Demand":1,"DemandMax":null,"Value":45276},{"Length":171,"Height":264,"Demand":1,"DemandMax":null,"Value":45144},{"Length":203,"Height":222,"Demand":1,"DemandMax":null,"Value":45066},{"Length":254,"Height":177,"Demand":1,"DemandMax":null,"Value":44958},{"Length":258,"Height":174,"Demand":1,"DemandMax":null,"Value":44892},{"Length":164,"Height":273,"Demand":1,"DemandMax":null,"Value":44772},{"Length":223,"Height":200,"Demand":1,"DemandMax":null,"Value":44600},{"Length":182,"Height":245,"Demand":1,"DemandMax":null,"Value":44590},{"Length":238,"Height":187,"Demand":1,"DemandMax":null,"Value":44506},{"Length":273,"Height":163,"Demand":1,"DemandMax":null,"Value":44499},{"Length":278,"Height":160,"Demand":1,"DemandMax":null,"Value":44480},{"Length":271,"Height":164,"Demand":1,"DemandMax":null,"Value":44444},{"Length":190,"Height":233,"Demand":1,"DemandMax":null,"Value":44270},{"Length":258,"Height":171,"Demand":1,"DemandMax":null,"Value":44118},{"Length":175,"Height":252,"Demand":1,"DemandMax":null,"Value":44100},{"Length":249,"Height":177,"Demand":1,"DemandMax":null,"Value":44073},{"Length":163,"Height":270,"Demand":1,"DemandMax":null,"Value":44010},{"Length":243,"Height":181,"Demand":1,"DemandMax":null,"Value":43983},{"Length":173,"Height":254,"Demand":1,"DemandMax":null,"Value":43942},{"Length":177,"Height":248,"Demand":1,"DemandMax":null,"Value":43896},{"Length":209,"Height":210,"Demand":1,"DemandMax":null,"Value":43890},{"Length":225,"Height":195,"Demand":1,"DemandMax":null,"Value":43875},{"Length":241,"Height":182,"Demand":1,"DemandMax":null,"Value":43862},{"Length":215,"Height":204,"Demand":1,"DemandMax":null,"Value":43860},{"Length":168,"Height":261,"Demand":1,"DemandMax":null,"Value":43848},{"Length":257,"Height":169,"Demand":1,"DemandMax":null,"Value":43433},{"Length":148,"Height":293,"Demand":1,"DemandMax":null,"Value":43364},{"Length":182,"Height":238,"Demand":1,"DemandMax":null,"Value":43316},{"Length":264,"Height":164,"Demand":1,"DemandMax":null,"Value":43296},{"Length":281,"Height":154,"Demand":1,"DemandMax":null,"Value":43274},{"Length":235,"Height":184,"Demand":1,"DemandMax":null,"Value":43240},{"Length":292,"Height":148,"Demand":1,"DemandMax":null,"Value":43216},{"Length":217,"Height":199,"Demand":1,"DemandMax":null,"Value":43183},{"Length":182,"Height":237,"Demand":1,"DemandMax":null,"Value":43134},{"Length":208,"Height":207,"Demand":1,"DemandMax":null,"Value":43056},{"Length":160,"Height":269,"Demand":1,"DemandMax":null,"Value":43040},{"Length":212,"Height":203,"Demand":1,"DemandMax":null,"Value":43036},{"Length":213,"Height":202,"Demand":1,"DemandMax":null,"Value":43026},{"Length":206,"Height":208,"Demand":1,"DemandMax":null,"Value":42848},{"Length":209,"Height":205,"Demand":1,"DemandMax":null,"Value":42845},{"Length":211,"Height":203,"Demand":1,"DemandMax":null,"Value":42833},{"Length":250,"Height":171,"Demand":1,"DemandMax":null,"Value":42750},{"Length":150,"Height":285,"Demand":1,"DemandMax":null,"Value":42750},{"Length":274,"Height":156,"Demand":1,"DemandMax":null,"Value":42744},{"Length":178,"Height":240,"Demand":1,"DemandMax":null,"Value":42720},{"Length":263,"Height":162,"Demand":1,"DemandMax":null,"Value":42606},{"Length":238,"Height":179,"Demand":1,"DemandMax":null,"Value":42602},{"Length":198,"Height":215,"Demand":1,"DemandMax":null,"Value":42570},{"Length":165,"Height":258,"Demand":1,"DemandMax":null,"Value":42570},{"Length":183,"Height":232,"Demand":1,"DemandMax":null,"Value":42456},{"Length":270,"Height":157,"Demand":1,"DemandMax":null,"Value":42390},{"Length":223,"Height":190,"Demand":1,"DemandMax":null,"Value":42370},{"Length":258,"Height":164,"Demand":1,"DemandMax":null,"Value":42312},{"Length":199,"Height":212,"Demand":1,"DemandMax":null,"Value":42188},{"Length":257,"Height":164,"Demand":1,"DemandMax":null,"Value":42148},{"Length":188,"Height":224,"Demand":1,"DemandMax":null,"Value":42112},{"Length":152,"Height":277,"Demand":1,"DemandMax":null,"Value":42104},{"Length":268,"Height":156,"Demand":1,"DemandMax":null,"Value":41808},{"Length":148,"Height":282,"Demand":1,"DemandMax":null,"Value":41736},{"Length":183,"Height":228,"Demand":1,"DemandMax":null,"Value":41724},{"Length":162,"Height":257,"Demand":1,"DemandMax":null,"Value":41634},{"Length":230,"Height":181,"Demand":1,"DemandMax":null,"Value":41630},{"Length":219,"Height":190,"Demand":1,"DemandMax":null,"Value":41610},{"Length":180,"Height":231,"Demand":1,"DemandMax":null,"Value":41580},{"Length":183,"Height":227,"Demand":1,"DemandMax":null,"Value":41541},{"Length":275,"Height":151,"Demand":1,"DemandMax":null,"Value":41525},{"Length":145,"Height":286,"Demand":1,"DemandMax":null,"Value":41470},{"Length":189,"Height":219,"Demand":1,"DemandMax":null,"Value":41391},{"Length":144,"Height":287,"Demand":1,"DemandMax":null,"Value":41328},{"Length":194,"Height":213,"Demand":1,"DemandMax":null,"Value":41322},{"Length":243,"Height":170,"Demand":1,"DemandMax":null,"Value":41310},{"Length":263,"Height":157,"Demand":1,"DemandMax":null,"Value":41291},{"Length":172,"Height":240,"Demand":1,"DemandMax":null,"Value":41280},{"Length":206,"Height":200,"Demand":1,"DemandMax":null,"Value":41200},{"Length":195,"Height":211,"Demand":1,"DemandMax":null,"Value":41145},{"Length":246,"Height":167,"Demand":1,"DemandMax":null,"Value":41082},{"Length":160,"Height":256,"Demand":1,"DemandMax":null,"Value":40960},{"Length":141,"Height":290,"Demand":1,"DemandMax":null,"Value":40890},{"Length":177,"Height":231,"Demand":1,"DemandMax":null,"Value":40887},{"Length":215,"Height":190,"Demand":1,"DemandMax":null,"Value":40850},{"Length":165,"Height":247,"Demand":1,"DemandMax":null,"Value":40755},{"Length":152,"Height":268,"Demand":1,"DemandMax":null,"Value":40736},{"Length":213,"Height":191,"Demand":1,"DemandMax":null,"Value":40683},{"Length":177,"Height":229,"Demand":1,"DemandMax":null,"Value":40533},{"Length":237,"Height":171,"Demand":1,"DemandMax":null,"Value":40527},{"Length":263,"Height":154,"Demand":1,"DemandMax":null,"Value":40502},{"Length":234,"Height":173,"Demand":1,"DemandMax":null,"Value":40482},{"Length":285,"Height":142,"Demand":1,"DemandMax":null,"Value":40470},{"Length":207,"Height":195,"Demand":1,"DemandMax":null,"Value":40365},{"Length":269,"Height":150,"Demand":1,"DemandMax":null,"Value":40350},{"Length":267,"Height":151,"Demand":1,"DemandMax":null,"Value":40317},{"Length":212,"Height":190,"Demand":1,"DemandMax":null,"Value":40280},{"Length":207,"Height":194,"Demand":1,"DemandMax":null,"Value":40158},{"Length":179,"Height":224,"Demand":1,"DemandMax":null,"Value":40096},{"Length":258,"Height":155,"Demand":1,"DemandMax":null,"Value":39990},{"Length":277,"Height":144,"Demand":1,"DemandMax":null,"Value":39888},{"Length":237,"Height":168,"Demand":1,"DemandMax":null,"Value":39816},{"Length":170,"Height":234,"Demand":1,"DemandMax":null,"Value":39780},{"Length":163,"Height":244,"Demand":1,"DemandMax":null,"Value":39772},{"Length":161,"Height":247,"Demand":1,"DemandMax":null,"Value":39767},{"Length":282,"Height":141,"Demand":1,"DemandMax":null,"Value":39762},{"Length":263,"Height":151,"Demand":1,"DemandMax":null,"Value":39713},{"Length":224,"Height":177,"Demand":1,"DemandMax":null,"Value":39648},{"Length":254,"Height":156,"Demand":1,"DemandMax":null,"Value":39624},{"Length":198,"Height":200,"Demand":1,"DemandMax":null,"Value":39600},{"Length":194,"Height":204,"Demand":1,"DemandMax":null,"Value":39576},{"Length":193,"Height":205,"Demand":1,"DemandMax":null,"Value":39565},{"Length":147,"Height":269,"Demand":1,"DemandMax":null,"Value":39543},{"Length":164,"Height":241,"Demand":1,"DemandMax":null,"Value":39524},{"Length":132,"Height":299,"Demand":1,"DemandMax":null,"Value":39468},{"Length":232,"Height":170,"Demand":1,"DemandMax":null,"Value":39440},{"Length":219,"Height":180,"Demand":1,"DemandMax":null,"Value":39420},{"Length":134,"Height":294,"Demand":1,"DemandMax":null,"Value":39396},{"Length":207,"Height":190,"Demand":1,"DemandMax":null,"Value":39330},{"Length":257,"Height":153,"Demand":1,"DemandMax":null,"Value":39321},{"Length":244,"Height":161,"Demand":1,"DemandMax":null,"Value":39284},{"Length":157,"Height":250,"Demand":1,"DemandMax":null,"Value":39250},{"Length":208,"Height":188,"Demand":1,"DemandMax":null,"Value":39104},{"Length":181,"Height":216,"Demand":1,"DemandMax":null,"Value":39096},{"Length":192,"Height":203,"Demand":1,"DemandMax":null,"Value":38976},{"Length":163,"Height":239,"Demand":1,"DemandMax":null,"Value":38957},{"Length":295,"Height":132,"Demand":1,"DemandMax":null,"Value":38940},{"Length":152,"Height":256,"Demand":1,"DemandMax":null,"Value":38912},{"Length":284,"Height":137,"Demand":1,"DemandMax":null,"Value":38908},{"Length":154,"Height":252,"Demand":1,"DemandMax":null,"Value":38808},{"Length":228,"Height":170,"Demand":1,"DemandMax":null,"Value":38760},{"Length":171,"Height":226,"Demand":1,"DemandMax":null,"Value":38646},{"Length":281,"Height":137,"Demand":1,"DemandMax":null,"Value":38497},{"Length":168,"Height":229,"Demand":1,"DemandMax":null,"Value":38472},{"Length":157,"Height":245,"Demand":1,"DemandMax":null,"Value":38465},{"Length":174,"Height":221,"Demand":1,"DemandMax":null,"Value":38454},{"Length":258,"Height":149,"Demand":1,"DemandMax":null,"Value":38442},{"Length":189,"Height":203,"Demand":1,"DemandMax":null,"Value":38367},{"Length":249,"Height":154,"Demand":1,"DemandMax":null,"Value":38346},{"Length":266,"Height":144,"Demand":1,"DemandMax":null,"Value":38304},{"Length":160,"Height":239,"Demand":1,"DemandMax":null,"Value":38240},{"Length":226,"Height":169,"Demand":1,"DemandMax":null,"Value":38194},{"Length":222,"Height":172,"Demand":1,"DemandMax":null,"Value":38184},{"Length":166,"Height":230,"Demand":1,"DemandMax":null,"Value":38180},{"Length":127,"Height":300,"Demand":1,"DemandMax":null,"Value":38100},{"Length":141,"Height":270,"Demand":1,"DemandMax":null,"Value":38070},{"Length":156,"Height":244,"Demand":1,"DemandMax":null,"Value":38064},{"Length":127,"Height":299,"Demand":1,"DemandMax":null,"Value":37973},{"Length":260,"Height":146,"Demand":1,"DemandMax":null,"Value":37960},{"Length":212,"Height":179,"Demand":1,"DemandMax":null,"Value":37948},{"Length":133,"Height":285,"Demand":1,"DemandMax":null,"Value":37905},{"Length":254,"Height":149,"Demand":1,"DemandMax":null,"Value":37846},{"Length":274,"Height":138,"Demand":1,"DemandMax":null,"Value":37812},{"Length":216,"Height":175,"Demand":1,"DemandMax":null,"Value":37800},{"Length":229,"Height":165,"Demand":1,"DemandMax":null,"Value":37785},{"Length":167,"Height":226,"Demand":1,"DemandMax":null,"Value":37742},{"Length":148,"Height":255,"Demand":1,"DemandMax":null,"Value":37740},{"Length":262,"Height":144,"Demand":1,"DemandMax":null,"Value":37728},{"Length":267,"Height":141,"Demand":1,"DemandMax":null,"Value":37647},{"Length":128,"Height":294,"Demand":1,"DemandMax":null,"Value":37632},{"Length":287,"Height":131,"Demand":1,"DemandMax":null,"Value":37597},{"Length":210,"Height":179,"Demand":1,"DemandMax":null,"Value":37590},{"Length":184,"Height":204,"Demand":1,"DemandMax":null,"Value":37536},{"Length":155,"Height":242,"Demand":1,"DemandMax":null,"Value":37510},{"Length":248,"Height":151,"Demand":1,"DemandMax":null,"Value":37448},{"Length":240,"Height":156,"Demand":1,"DemandMax":null,"Value":37440},{"Length":204,"Height":183,"Demand":1,"DemandMax":null,"Value":37332},{"Length":168,"Height":222,"Demand":1,"DemandMax":null,"Value":37296},{"Length":268,"Height":139,"Demand":1,"DemandMax":null,"Value":37252},{"Length":161,"Height":231,"Demand":1,"DemandMax":null,"Value":37191},{"Length":281,"Height":132,"Demand":1,"DemandMax":null,"Value":37092},{"Length":287,"Height":129,"Demand":1,"DemandMax":null,"Value":37023},{"Length":199,"Height":186,"Demand":1,"DemandMax":null,"Value":37014},{"Length":225,"Height":164,"Demand":1,"DemandMax":null,"Value":36900},{"Length":143,"Height":258,"Demand":1,"DemandMax":null,"Value":36894},{"Length":267,"Height":138,"Demand":1,"DemandMax":null,"Value":36846},{"Length":297,"Height":124,"Demand":1,"DemandMax":null,"Value":36828},{"Length":192,"Height":191,"Demand":1,"DemandMax":null,"Value":36672},{"Length":129,"Height":284,"Demand":1,"DemandMax":null,"Value":36636},{"Length":185,"Height":198,"Demand":1,"DemandMax":null,"Value":36630},{"Length":283,"Height":129,"Demand":1,"DemandMax":null,"Value":36507},{"Length":257,"Height":142,"Demand":1,"DemandMax":null,"Value":36494},{"Length":240,"Height":152,"Demand":1,"DemandMax":null,"Value":36480},{"Length":127,"Height":286,"Demand":1,"DemandMax":null,"Value":36322},{"Length":160,"Height":227,"Demand":1,"DemandMax":null,"Value":36320},{"Length":275,"Height":132,"Demand":1,"DemandMax":null,"Value":36300},{"Length":189,"Height":192,"Demand":1,"DemandMax":null,"Value":36288},{"Length":131,"Height":277,"Demand":1,"DemandMax":null,"Value":36287},{"Length":149,"Height":242,"Demand":1,"DemandMax":null,"Value":36058},{"Length":160,"Height":225,"Demand":1,"DemandMax":null,"Value":36000},{"Length":150,"Height":240,"Demand":1,"DemandMax":null,"Value":36000},{"Length":129,"Height":279,"Demand":1,"DemandMax":null,"Value":35991},{"Length":121,"Height":297,"Demand":1,"DemandMax":null,"Value":35937},{"Length":227,"Height":158,"Demand":1,"DemandMax":null,"Value":35866},{"Length":220,"Height":163,"Demand":1,"DemandMax":null,"Value":35860},{"Length":144,"Height":249,"Demand":1,"DemandMax":null,"Value":35856},{"Length":239,"Height":150,"Demand":1,"DemandMax":null,"Value":35850},{"Length":169,"Height":212,"Demand":1,"DemandMax":null,"Value":35828},{"Length":259,"Height":138,"Demand":1,"DemandMax":null,"Value":35742},{"Length":215,"Height":166,"Demand":1,"DemandMax":null,"Value":35690},{"Length":230,"Height":155,"Demand":1,"DemandMax":null,"Value":35650},{"Length":268,"Height":133,"Demand":1,"DemandMax":null,"Value":35644},{"Length":198,"Height":180,"Demand":1,"DemandMax":null,"Value":35640},{"Length":292,"Height":122,"Demand":1,"DemandMax":null,"Value":35624},{"Length":135,"Height":263,"Demand":1,"DemandMax":null,"Value":35505},{"Length":151,"Height":235,"Demand":1,"DemandMax":null,"Value":35485},{"Length":224,"Height":158,"Demand":1,"DemandMax":null,"Value":35392},{"Length":239,"Height":148,"Demand":1,"DemandMax":null,"Value":35372},{"Length":128,"Height":276,"Demand":1,"DemandMax":null,"Value":35328},{"Length":235,"Height":150,"Demand":1,"DemandMax":null,"Value":35250},{"Length":148,"Height":238,"Demand":1,"DemandMax":null,"Value":35224},{"Length":174,"Height":202,"Demand":1,"DemandMax":null,"Value":35148},{"Length":244,"Height":144,"Demand":1,"DemandMax":null,"Value":35136},{"Length":134,"Height":262,"Demand":1,"DemandMax":null,"Value":35108},{"Length":180,"Height":195,"Demand":1,"DemandMax":null,"Value":35100},{"Length":222,"Height":158,"Demand":1,"DemandMax":null,"Value":35076},{"Length":166,"Height":211,"Demand":1,"DemandMax":null,"Value":35026},{"Length":119,"Height":294,"Demand":1,"DemandMax":null,"Value":34986},{"Length":299,"Height":117,"Demand":1,"DemandMax":null,"Value":34983},{"Length":226,"Height":154,"Demand":1,"DemandMax":null,"Value":34804},{"Length":116,"Height":300,"Demand":1,"DemandMax":null,"Value":34800},{"Length":227,"Height":153,"Demand":1,"DemandMax":null,"Value":34731},{"Length":248,"Height":140,"Demand":1,"DemandMax":null,"Value":34720},{"Length":259,"Height":134,"Demand":1,"DemandMax":null,"Value":34706},{"Length":166,"Height":209,"Demand":1,"DemandMax":null,"Value":34694},{"Length":158,"Height":219,"Demand":1,"DemandMax":null,"Value":34602},{"Length":172,"Height":201,"Demand":1,"DemandMax":null,"Value":34572},{"Length":268,"Height":129,"Demand":1,"DemandMax":null,"Value":34572},{"Length":155,"Height":223,"Demand":1,"DemandMax":null,"Value":34565},{"Length":272,"Height":127,"Demand":1,"DemandMax":null,"Value":34544},{"Length":136,"Height":254,"Demand":1,"DemandMax":null,"Value":34544},{"Length":202,"Height":171,"Demand":1,"DemandMax":null,"Value":34542},{"Length":154,"Height":224,"Demand":1,"DemandMax":null,"Value":34496},{"Length":199,"Height":173,"Demand":1,"DemandMax":null,"Value":34427},{"Length":212,"Height":162,"Demand":1,"DemandMax":null,"Value":34344},{"Length":130,"Height":264,"Demand":1,"DemandMax":null,"Value":34320},{"Length":240,"Height":143,"Demand":1,"DemandMax":null,"Value":34320},{"Length":175,"Height":196,"Demand":1,"DemandMax":null,"Value":34300},{"Length":202,"Height":169,"Demand":1,"DemandMax":null,"Value":34138},{"Length":289,"Height":118,"Demand":1,"DemandMax":null,"Value":34102},{"Length":173,"Height":197,"Demand":1,"DemandMax":null,"Value":34081},{"Length":189,"Height":180,"Demand":1,"DemandMax":null,"Value":34020},{"Length":200,"Height":170,"Demand":1,"DemandMax":null,"Value":34000},{"Length":151,"Height":225,"Demand":1,"DemandMax":null,"Value":33975},{"Length":132,"Height":257,"Demand":1,"DemandMax":null,"Value":33924},{"Length":139,"Height":244,"Demand":1,"DemandMax":null,"Value":33916},{"Length":113,"Height":300,"Demand":1,"DemandMax":null,"Value":33900},{"Length":191,"Height":177,"Demand":1,"DemandMax":null,"Value":33807},{"Length":128,"Height":264,"Demand":1,"DemandMax":null,"Value":33792},{"Length":164,"Height":206,"Demand":1,"DemandMax":null,"Value":33784},{"Length":195,"Height":173,"Demand":1,"DemandMax":null,"Value":33735},{"Length":153,"Height":220,"Demand":1,"DemandMax":null,"Value":33660},{"Length":285,"Height":118,"Demand":1,"DemandMax":null,"Value":33630},{"Length":125,"Height":269,"Demand":1,"DemandMax":null,"Value":33625},{"Length":129,"Height":260,"Demand":1,"DemandMax":null,"Value":33540},{"Length":130,"Height":258,"Demand":1,"DemandMax":null,"Value":33540},{"Length":125,"Height":268,"Demand":1,"DemandMax":null,"Value":33500},{"Length":183,"Height":183,"Demand":1,"DemandMax":null,"Value":33489},{"Length":112,"Height":299,"Demand":1,"DemandMax":null,"Value":33488},{"Length":144,"Height":232,"Demand":1,"DemandMax":null,"Value":33408},{"Length":285,"Height":117,"Demand":1,"DemandMax":null,"Value":33345},{"Length":179,"Height":186,"Demand":1,"DemandMax":null,"Value":33294},{"Length":243,"Height":137,"Demand":1,"DemandMax":null,"Value":33291},{"Length":277,"Height":120,"Demand":1,"DemandMax":null,"Value":33240},{"Length":145,"Height":229,"Demand":1,"DemandMax":null,"Value":33205},{"Length":237,"Height":140,"Demand":1,"DemandMax":null,"Value":33180},{"Length":182,"Height":182,"Demand":1,"DemandMax":null,"Value":33124},{"Length":142,"Height":233,"Demand":1,"DemandMax":null,"Value":33086},{"Length":237,"Height":139,"Demand":1,"DemandMax":null,"Value":32943},{"Length":215,"Height":153,"Demand":1,"DemandMax":null,"Value":32895},{"Length":137,"Height":240,"Demand":1,"DemandMax":null,"Value":32880},{"Length":233,"Height":141,"Demand":1,"DemandMax":null,"Value":32853},{"Length":113,"Height":290,"Demand":1,"DemandMax":null,"Value":32770},{"Length":195,"Height":168,"Demand":1,"DemandMax":null,"Value":32760},{"Length":183,"Height":179,"Demand":1,"DemandMax":null,"Value":32757},{"Length":176,"Height":186,"Demand":1,"DemandMax":null,"Value":32736},{"Length":190,"Height":172,"Demand":1,"DemandMax":null,"Value":32680},{"Length":139,"Height":235,"Demand":1,"DemandMax":null,"Value":32665},{"Length":192,"Height":170,"Demand":1,"DemandMax":null,"Value":32640},{"Length":219,"Height":149,"Demand":1,"DemandMax":null,"Value":32631},{"Length":265,"Height":123,"Demand":1,"DemandMax":null,"Value":32595},{"Length":153,"Height":213,"Demand":1,"DemandMax":null,"Value":32589},{"Length":186,"Height":175,"Demand":1,"DemandMax":null,"Value":32550},{"Length":166,"Height":196,"Demand":1,"DemandMax":null,"Value":32536},{"Length":252,"Height":129,"Demand":1,"DemandMax":null,"Value":32508},{"Length":126,"Height":258,"Demand":1,"DemandMax":null,"Value":32508},{"Length":292,"Height":111,"Demand":1,"DemandMax":null,"Value":32412},{"Length":150,"Height":216,"Demand":1,"DemandMax":null,"Value":32400},{"Length":185,"Height":175,"Demand":1,"DemandMax":null,"Value":32375},{"Length":249,"Height":130,"Demand":1,"DemandMax":null,"Value":32370},{"Length":131,"Height":247,"Demand":1,"DemandMax":null,"Value":32357},{"Length":164,"Height":197,"Demand":1,"DemandMax":null,"Value":32308},{"Length":120,"Height":269,"Demand":1,"DemandMax":null,"Value":32280},{"Length":239,"Height":135,"Demand":1,"DemandMax":null,"Value":32265},{"Length":128,"Height":252,"Demand":1,"DemandMax":null,"Value":32256},{"Length":230,"Height":140,"Demand":1,"DemandMax":null,"Value":32200},{"Length":174,"Height":185,"Demand":1,"DemandMax":null,"Value":32190},{"Length":154,"Height":209,"Demand":1,"DemandMax":null,"Value":32186},{"Length":173,"Height":186,"Demand":1,"DemandMax":null,"Value":32178},{"Length":148,"Height":217,"Demand":1,"DemandMax":null,"Value":32116},{"Length":203,"Height":158,"Demand":1,"DemandMax":null,"Value":32074},{"Length":180,"Height":178,"Demand":1,"DemandMax":null,"Value":32040},{"Length":176,"Height":182,"Demand":1,"DemandMax":null,"Value":32032},{"Length":175,"Height":183,"Demand":1,"DemandMax":null,"Value":32025},{"Length":173,"Height":185,"Demand":1,"DemandMax":null,"Value":32005},{"Length":135,"Height":237,"Demand":1,"DemandMax":null,"Value":31995},{"Length":143,"Height":223,"Demand":1,"DemandMax":null,"Value":31889},{"Length":287,"Height":111,"Demand":1,"DemandMax":null,"Value":31857},{"Length":218,"Height":146,"Demand":1,"DemandMax":null,"Value":31828},{"Length":114,"Height":279,"Demand":1,"DemandMax":null,"Value":31806},{"Length":239,"Height":133,"Demand":1,"DemandMax":null,"Value":31787},{"Length":149,"Height":213,"Demand":1,"DemandMax":null,"Value":31737},{"Length":240,"Height":132,"Demand":1,"DemandMax":null,"Value":31680},{"Length":229,"Height":138,"Demand":1,"DemandMax":null,"Value":31602},{"Length":112,"Height":282,"Demand":1,"DemandMax":null,"Value":31584},{"Length":168,"Height":188,"Demand":1,"DemandMax":null,"Value":31584},{"Length":189,"Height":167,"Demand":1,"DemandMax":null,"Value":31563},{"Length":191,"Height":165,"Demand":1,"DemandMax":null,"Value":31515},{"Length":202,"Height":156,"Demand":1,"DemandMax":null,"Value":31512},{"Length":137,"Height":230,"Demand":1,"DemandMax":null,"Value":31510},{"Length":117,"Height":269,"Demand":1,"DemandMax":null,"Value":31473},{"Length":112,"Height":281,"Demand":1,"DemandMax":null,"Value":31472},{"Length":171,"Height":184,"Demand":1,"DemandMax":null,"Value":31464},{"Length":114,"Height":276,"Demand":1,"DemandMax":null,"Value":31464},{"Length":144,"Height":218,"Demand":1,"DemandMax":null,"Value":31392},{"Length":285,"Height":110,"Demand":1,"DemandMax":null,"Value":31350},{"Length":190,"Height":165,"Demand":1,"DemandMax":null,"Value":31350},{"Length":168,"Height":186,"Demand":1,"DemandMax":null,"Value":31248},{"Length":226,"Height":138,"Demand":1,"DemandMax":null,"Value":31188},{"Length":131,"Height":238,"Demand":1,"DemandMax":null,"Value":31178},{"Length":247,"Height":126,"Demand":1,"DemandMax":null,"Value":31122},{"Length":154,"Height":202,"Demand":1,"DemandMax":null,"Value":31108},{"Length":194,"Height":160,"Demand":1,"DemandMax":null,"Value":31040},{"Length":217,"Height":143,"Demand":1,"DemandMax":null,"Value":31031},{"Length":155,"Height":200,"Demand":1,"DemandMax":null,"Value":31000},{"Length":250,"Height":124,"Demand":1,"DemandMax":null,"Value":31000},{"Length":163,"Height":190,"Demand":1,"DemandMax":null,"Value":30970},{"Length":113,"Height":274,"Demand":1,"DemandMax":null,"Value":30962},{"Length":240,"Height":129,"Demand":1,"DemandMax":null,"Value":30960},{"Length":191,"Height":162,"Demand":1,"DemandMax":null,"Value":30942},{"Length":115,"Height":267,"Demand":1,"DemandMax":null,"Value":30705},{"Length":260,"Height":118,"Demand":1,"DemandMax":null,"Value":30680},{"Length":187,"Height":164,"Demand":1,"DemandMax":null,"Value":30668},{"Length":249,"Height":123,"Demand":1,"DemandMax":null,"Value":30627},{"Length":116,"Height":264,"Demand":1,"DemandMax":null,"Value":30624},{"Length":230,"Height":133,"Demand":1,"DemandMax":null,"Value":30590},{"Length":291,"Height":105,"Demand":1,"DemandMax":null,"Value":30555},{"Length":224,"Height":136,"Demand":1,"DemandMax":null,"Value":30464},{"Length":122,"Height":249,"Demand":1,"DemandMax":null,"Value":30378},{"Length":159,"Height":191,"Demand":1,"DemandMax":null,"Value":30369},{"Length":110,"Height":276,"Demand":1,"DemandMax":null,"Value":30360},{"Length":132,"Height":230,"Demand":1,"DemandMax":null,"Value":30360},{"Length":223,"Height":136,"Demand":1,"DemandMax":null,"Value":30328},{"Length":102,"Height":297,"Demand":1,"DemandMax":null,"Value":30294},{"Length":141,"Height":214,"Demand":1,"DemandMax":null,"Value":30174},{"Length":208,"Height":145,"Demand":1,"DemandMax":null,"Value":30160},{"Length":137,"Height":220,"Demand":1,"DemandMax":null,"Value":30140},{"Length":172,"Height":175,"Demand":1,"DemandMax":null,"Value":30100},{"Length":295,"Height":102,"Demand":1,"DemandMax":null,"Value":30090},{"Length":233,"Height":129,"Demand":1,"DemandMax":null,"Value":30057},{"Length":213,"Height":141,"Demand":1,"DemandMax":null,"Value":30033},{"Length":164,"Height":183,"Demand":1,"DemandMax":null,"Value":30012},{"Length":240,"Height":125,"Demand":1,"DemandMax":null,"Value":30000},{"Length":156,"Height":192,"Demand":1,"DemandMax":null,"Value":29952},{"Length":139,"Height":215,"Demand":1,"DemandMax":null,"Value":29885},{"Length":257,"Height":116,"Demand":1,"DemandMax":null,"Value":29812},{"Length":124,"Height":240,"Demand":1,"DemandMax":null,"Value":29760},{"Length":141,"Height":211,"Demand":1,"DemandMax":null,"Value":29751},{"Length":170,"Height":175,"Demand":1,"DemandMax":null,"Value":29750},{"Length":283,"Height":105,"Demand":1,"DemandMax":null,"Value":29715},{"Length":105,"Height":282,"Demand":1,"DemandMax":null,"Value":29610},{"Length":293,"Height":101,"Demand":1,"DemandMax":null,"Value":29593},{"Length":170,"Height":174,"Demand":1,"DemandMax":null,"Value":29580},{"Length":169,"Height":175,"Demand":1,"DemandMax":null,"Value":29575},{"Length":106,"Height":279,"Demand":1,"DemandMax":null,"Value":29574},{"Length":120,"Height":246,"Demand":1,"DemandMax":null,"Value":29520},{"Length":292,"Height":101,"Demand":1,"DemandMax":null,"Value":29492},{"Length":172,"Height":171,"Demand":1,"DemandMax":null,"Value":29412},{"Length":116,"Height":251,"Demand":1,"DemandMax":null,"Value":29116},{"Length":255,"Height":114,"Demand":1,"DemandMax":null,"Value":29070},{"Length":128,"Height":227,"Demand":1,"DemandMax":null,"Value":29056},{"Length":268,"Height":108,"Demand":1,"DemandMax":null,"Value":28944},{"Length":146,"Height":198,"Demand":1,"DemandMax":null,"Value":28908},{"Length":170,"Height":170,"Demand":1,"DemandMax":null,"Value":28900},{"Length":137,"Height":210,"Demand":1,"DemandMax":null,"Value":28770},{"Length":219,"Height":131,"Demand":1,"DemandMax":null,"Value":28689},{"Length":103,"Height":278,"Demand":1,"DemandMax":null,"Value":28634},{"Length":111,"Height":257,"Demand":1,"DemandMax":null,"Value":28527},{"Length":108,"Height":264,"Demand":1,"DemandMax":null,"Value":28512},{"Length":137,"Height":208,"Demand":1,"DemandMax":null,"Value":28496},{"Length":274,"Height":104,"Demand":1,"DemandMax":null,"Value":28496},{"Length":183,"Height":155,"Demand":1,"DemandMax":null,"Value":28365},{"Length":107,"Height":265,"Demand":1,"DemandMax":null,"Value":28355},{"Length":123,"Height":230,"Demand":1,"DemandMax":null,"Value":28290},{"Length":221,"Height":128,"Demand":1,"DemandMax":null,"Value":28288},{"Length":158,"Height":179,"Demand":1,"DemandMax":null,"Value":28282},{"Length":202,"Height":140,"Demand":1,"DemandMax":null,"Value":28280},{"Length":163,"Height":173,"Demand":1,"DemandMax":null,"Value":28199},{"Length":101,"Height":279,"Demand":1,"DemandMax":null,"Value":28179},{"Length":118,"Height":238,"Demand":1,"DemandMax":null,"Value":28084},{"Length":124,"Height":226,"Demand":1,"DemandMax":null,"Value":28024},{"Length":149,"Height":188,"Demand":1,"DemandMax":null,"Value":28012},{"Length":129,"Height":217,"Demand":1,"DemandMax":null,"Value":27993},{"Length":158,"Height":177,"Demand":1,"DemandMax":null,"Value":27966},{"Length":207,"Height":135,"Demand":1,"DemandMax":null,"Value":27945},{"Length":185,"Height":151,"Demand":1,"DemandMax":null,"Value":27935},{"Length":275,"Height":101,"Demand":1,"DemandMax":null,"Value":27775},{"Length":146,"Height":190,"Demand":1,"DemandMax":null,"Value":27740},{"Length":254,"Height":109,"Demand":1,"DemandMax":null,"Value":27686},{"Length":247,"Height":112,"Demand":1,"DemandMax":null,"Value":27664},{"Length":256,"Height":108,"Demand":1,"DemandMax":null,"Value":27648},{"Length":249,"Height":111,"Demand":1,"DemandMax":null,"Value":27639},{"Length":157,"Height":176,"Demand":1,"DemandMax":null,"Value":27632},{"Length":240,"Height":115,"Demand":1,"DemandMax":null,"Value":27600},{"Length":224,"Height":123,"Demand":1,"DemandMax":null,"Value":27552},{"Length":120,"Height":229,"Demand":1,"DemandMax":null,"Value":27480},{"Length":109,"Height":252,"Demand":1,"DemandMax":null,"Value":27468},{"Length":254,"Height":108,"Demand":1,"DemandMax":null,"Value":27432},{"Length":256,"Height":107,"Demand":1,"DemandMax":null,"Value":27392},{"Length":164,"Height":167,"Demand":1,"DemandMax":null,"Value":27388},{"Length":163,"Height":168,"Demand":1,"DemandMax":null,"Value":27384},{"Length":185,"Height":148,"Demand":1,"DemandMax":null,"Value":27380},{"Length":228,"Height":120,"Demand":1,"DemandMax":null,"Value":27360},{"Length":204,"Height":134,"Demand":1,"DemandMax":null,"Value":27336},{"Length":174,"Height":157,"Demand":1,"DemandMax":null,"Value":27318},{"Length":123,"Height":222,"Demand":1,"DemandMax":null,"Value":27306},{"Length":149,"Height":183,"Demand":1,"DemandMax":null,"Value":27267},{"Length":100,"Height":272,"Demand":1,"DemandMax":null,"Value":27200},{"Length":170,"Height":160,"Demand":1,"DemandMax":null,"Value":27200},{"Length":172,"Height":158,"Demand":1,"DemandMax":null,"Value":27176},{"Length":234,"Height":116,"Demand":1,"DemandMax":null,"Value":27144},{"Length":174,"Height":156,"Demand":1,"DemandMax":null,"Value":27144},{"Length":104,"Height":261,"Demand":1,"DemandMax":null,"Value":27144},{"Length":127,"Height":213,"Demand":1,"DemandMax":null,"Value":27051},{"Length":233,"Height":116,"Demand":1,"DemandMax":null,"Value":27028},{"Length":189,"Height":143,"Demand":1,"DemandMax":null,"Value":27027},{"Length":227,"Height":119,"Demand":1,"DemandMax":null,"Value":27013},{"Length":103,"Height":262,"Demand":1,"DemandMax":null,"Value":26986},{"Length":123,"Height":219,"Demand":1,"DemandMax":null,"Value":26937},{"Length":176,"Height":153,"Demand":1,"DemandMax":null,"Value":26928},{"Length":254,"Height":106,"Demand":1,"DemandMax":null,"Value":26924},{"Length":224,"Height":120,"Demand":1,"DemandMax":null,"Value":26880},{"Length":101,"Height":266,"Demand":1,"DemandMax":null,"Value":26866},{"Length":155,"Height":173,"Demand":1,"DemandMax":null,"Value":26815},{"Length":235,"Height":114,"Demand":1,"DemandMax":null,"Value":26790},{"Length":148,"Height":181,"Demand":1,"DemandMax":null,"Value":26788},{"Length":112,"Height":239,"Demand":1,"DemandMax":null,"Value":26768},{"Length":126,"Height":212,"Demand":1,"DemandMax":null,"Value":26712},{"Length":125,"Height":213,"Demand":1,"DemandMax":null,"Value":26625},{"Length":251,"Height":106,"Demand":1,"DemandMax":null,"Value":26606},{"Length":233,"Height":114,"Demand":1,"DemandMax":null,"Value":26562},{"Length":187,"Height":142,"Demand":1,"DemandMax":null,"Value":26554},{"Length":198,"Height":134,"Demand":1,"DemandMax":null,"Value":26532},{"Length":255,"Height":104,"Demand":1,"DemandMax":null,"Value":26520},{"Length":188,"Height":141,"Demand":1,"DemandMax":null,"Value":26508},{"Length":147,"Height":180,"Demand":1,"DemandMax":null,"Value":26460},{"Length":226,"Height":117,"Demand":1,"DemandMax":null,"Value":26442},{"Length":146,"Height":181,"Demand":1,"DemandMax":null,"Value":26426},{"Length":208,"Height":127,"Demand":1,"DemandMax":null,"Value":26416},{"Length":203,"Height":130,"Demand":1,"DemandMax":null,"Value":26390},{"Length":137,"Height":192,"Demand":1,"DemandMax":null,"Value":26304},{"Length":219,"Height":120,"Demand":1,"DemandMax":null,"Value":26280},{"Length":213,"Height":123,"Demand":1,"DemandMax":null,"Value":26199},{"Length":134,"Height":195,"Demand":1,"DemandMax":null,"Value":26130},{"Length":173,"Height":151,"Demand":1,"DemandMax":null,"Value":26123},{"Length":165,"Height":158,"Demand":1,"DemandMax":null,"Value":26070},{"Length":219,"Height":119,"Demand":1,"DemandMax":null,"Value":26061},{"Length":239,"Height":109,"Demand":1,"DemandMax":null,"Value":26051},{"Length":155,"Height":168,"Demand":1,"DemandMax":null,"Value":26040},{"Length":210,"Height":124,"Demand":1,"DemandMax":null,"Value":26040},{"Length":226,"Height":115,"Demand":1,"DemandMax":null,"Value":25990},{"Length":166,"Height":156,"Demand":1,"DemandMax":null,"Value":25896},{"Length":136,"Height":190,"Demand":1,"DemandMax":null,"Value":25840},{"Length":197,"Height":131,"Demand":1,"DemandMax":null,"Value":25807},{"Length":129,"Height":199,"Demand":1,"DemandMax":null,"Value":25671},{"Length":172,"Height":149,"Demand":1,"DemandMax":null,"Value":25628},{"Length":132,"Height":194,"Demand":1,"DemandMax":null,"Value":25608},{"Length":101,"Height":253,"Demand":1,"DemandMax":null,"Value":25553},{"Length":153,"Height":167,"Demand":1,"DemandMax":null,"Value":25551},{"Length":133,"Height":192,"Demand":1,"DemandMax":null,"Value":25536},{"Length":211,"Height":121,"Demand":1,"DemandMax":null,"Value":25531},{"Length":230,"Height":111,"Demand":1,"DemandMax":null,"Value":25530},{"Length":138,"Height":185,"Demand":1,"DemandMax":null,"Value":25530},{"Length":151,"Height":169,"Demand":1,"DemandMax":null,"Value":25519},{"Length":123,"Height":207,"Demand":1,"DemandMax":null,"Value":25461},{"Length":159,"Height":160,"Demand":1,"DemandMax":null,"Value":25440},{"Length":110,"Height":231,"Demand":1,"DemandMax":null,"Value":25410},{"Length":175,"Height":145,"Demand":1,"DemandMax":null,"Value":25375},{"Length":168,"Height":151,"Demand":1,"DemandMax":null,"Value":25368},{"Length":115,"Height":220,"Demand":1,"DemandMax":null,"Value":25300},{"Length":183,"Height":138,"Demand":1,"DemandMax":null,"Value":25254},{"Length":143,"Height":175,"Demand":1,"DemandMax":null,"Value":25025},{"Length":133,"Height":188,"Demand":1,"DemandMax":null,"Value":25004},{"Length":185,"Height":135,"Demand":1,"DemandMax":null,"Value":24975},{"Length":192,"Height":129,"Demand":1,"DemandMax":null,"Value":24768},{"Length":165,"Height":150,"Demand":1,"DemandMax":null,"Value":24750},{"Length":113,"Height":219,"Demand":1,"DemandMax":null,"Value":24747},{"Length":133,"Height":186,"Demand":1,"DemandMax":null,"Value":24738},{"Length":190,"Height":130,"Demand":1,"DemandMax":null,"Value":24700},{"Length":169,"Height":146,"Demand":1,"DemandMax":null,"Value":24674},{"Length":103,"Height":239,"Demand":1,"DemandMax":null,"Value":24617},{"Length":143,"Height":172,"Demand":1,"DemandMax":null,"Value":24596},{"Length":149,"Height":165,"Demand":1,"DemandMax":null,"Value":24585},{"Length":192,"Height":128,"Demand":1,"DemandMax":null,"Value":24576},{"Length":105,"Height":234,"Demand":1,"DemandMax":null,"Value":24570},{"Length":173,"Height":142,"Demand":1,"DemandMax":null,"Value":24566},{"Length":149,"Height":164,"Demand":1,"DemandMax":null,"Value":24436},{"Length":192,"Height":127,"Demand":1,"DemandMax":null,"Value":24384},{"Length":191,"Height":127,"Demand":1,"DemandMax":null,"Value":24257},{"Length":147,"Height":165,"Demand":1,"DemandMax":null,"Value":24255},{"Length":233,"Height":104,"Demand":1,"DemandMax":null,"Value":24232},{"Length":118,"Height":205,"Demand":1,"DemandMax":null,"Value":24190},{"Length":212,"Height":114,"Demand":1,"DemandMax":null,"Value":24168},{"Length":138,"Height":175,"Demand":1,"DemandMax":null,"Value":24150},{"Length":210,"Height":115,"Demand":1,"DemandMax":null,"Value":24150},{"Length":149,"Height":162,"Demand":1,"DemandMax":null,"Value":24138},{"Length":117,"Height":206,"Demand":1,"DemandMax":null,"Value":24102},{"Length":111,"Height":217,"Demand":1,"DemandMax":null,"Value":24087},{"Length":130,"Height":185,"Demand":1,"DemandMax":null,"Value":24050},{"Length":135,"Height":178,"Demand":1,"DemandMax":null,"Value":24030},{"Length":127,"Height":189,"Demand":1,"DemandMax":null,"Value":24003},{"Length":108,"Height":222,"Demand":1,"DemandMax":null,"Value":23976},{"Length":237,"Height":101,"Demand":1,"DemandMax":null,"Value":23937},{"Length":100,"Height":239,"Demand":1,"DemandMax":null,"Value":23900},{"Length":108,"Height":221,"Demand":1,"DemandMax":null,"Value":23868},{"Length":212,"Height":112,"Demand":1,"DemandMax":null,"Value":23744},{"Length":163,"Height":145,"Demand":1,"DemandMax":null,"Value":23635},{"Length":202,"Height":117,"Demand":1,"DemandMax":null,"Value":23634},{"Length":132,"Height":179,"Demand":1,"DemandMax":null,"Value":23628},{"Length":155,"Height":152,"Demand":1,"DemandMax":null,"Value":23560},{"Length":167,"Height":141,"Demand":1,"DemandMax":null,"Value":23547},{"Length":133,"Height":177,"Demand":1,"DemandMax":null,"Value":23541},{"Length":159,"Height":148,"Demand":1,"DemandMax":null,"Value":23532},{"Length":132,"Height":178,"Demand":1,"DemandMax":null,"Value":23496},{"Length":182,"Height":129,"Demand":1,"DemandMax":null,"Value":23478},{"Length":148,"Height":158,"Demand":1,"DemandMax":null,"Value":23384},{"Length":164,"Height":142,"Demand":1,"DemandMax":null,"Value":23288},{"Length":179,"Height":130,"Demand":1,"DemandMax":null,"Value":23270},{"Length":132,"Height":175,"Demand":1,"DemandMax":null,"Value":23100},{"Length":187,"Height":123,"Demand":1,"DemandMax":null,"Value":23001},{"Length":136,"Height":169,"Demand":1,"DemandMax":null,"Value":22984},{"Length":114,"Height":201,"Demand":1,"DemandMax":null,"Value":22914},{"Length":186,"Height":123,"Demand":1,"DemandMax":null,"Value":22878},{"Length":183,"Height":125,"Demand":1,"DemandMax":null,"Value":22875},{"Length":168,"Height":136,"Demand":1,"DemandMax":null,"Value":22848},{"Length":132,"Height":173,"Demand":1,"DemandMax":null,"Value":22836},{"Length":226,"Height":101,"Demand":1,"DemandMax":null,"Value":22826},{"Length":140,"Height":163,"Demand":1,"DemandMax":null,"Value":22820},{"Length":169,"Height":134,"Demand":1,"DemandMax":null,"Value":22646},{"Length":181,"Height":125,"Demand":1,"DemandMax":null,"Value":22625},{"Length":200,"Height":113,"Demand":1,"DemandMax":null,"Value":22600},{"Length":118,"Height":191,"Demand":1,"DemandMax":null,"Value":22538},{"Length":111,"Height":203,"Demand":1,"DemandMax":null,"Value":22533},{"Length":124,"Height":181,"Demand":1,"DemandMax":null,"Value":22444},{"Length":205,"Height":109,"Demand":1,"DemandMax":null,"Value":22345},{"Length":158,"Height":141,"Demand":1,"DemandMax":null,"Value":22278},{"Length":187,"Height":119,"Demand":1,"DemandMax":null,"Value":22253},{"Length":117,"Height":190,"Demand":1,"DemandMax":null,"Value":22230},{"Length":167,"Height":133,"Demand":1,"DemandMax":null,"Value":22211},{"Length":149,"Height":149,"Demand":1,"DemandMax":null,"Value":22201},{"Length":207,"Height":107,"Demand":1,"DemandMax":null,"Value":22149},{"Length":103,"Height":215,"Demand":1,"DemandMax":null,"Value":22145},{"Length":113,"Height":195,"Demand":1,"DemandMax":null,"Value":22035},{"Length":122,"Height":180,"Demand":1,"DemandMax":null,"Value":21960},{"Length":171,"Height":128,"Demand":1,"DemandMax":null,"Value":21888},{"Length":141,"Height":155,"Demand":1,"DemandMax":null,"Value":21855},{"Length":218,"Height":100,"Demand":1,"DemandMax":null,"Value":21800},{"Length":127,"Height":171,"Demand":1,"DemandMax":null,"Value":21717},{"Length":108,"Height":201,"Demand":1,"DemandMax":null,"Value":21708},{"Length":190,"Height":114,"Demand":1,"DemandMax":null,"Value":21660},{"Length":101,"Height":214,"Demand":1,"DemandMax":null,"Value":21614},{"Length":126,"Height":170,"Demand":1,"DemandMax":null,"Value":21420},{"Length":135,"Height":158,"Demand":1,"DemandMax":null,"Value":21330},{"Length":159,"Height":134,"Demand":1,"DemandMax":null,"Value":21306},{"Length":106,"Height":199,"Demand":1,"DemandMax":null,"Value":21094},{"Length":150,"Height":140,"Demand":1,"DemandMax":null,"Value":21000},{"Length":110,"Height":190,"Demand":1,"DemandMax":null,"Value":20900},{"Length":127,"Height":164,"Demand":1,"DemandMax":null,"Value":20828},{"Length":135,"Height":153,"Demand":1,"DemandMax":null,"Value":20655},{"Length":179,"Height":115,"Demand":1,"DemandMax":null,"Value":20585},{"Length":164,"Height":125,"Demand":1,"DemandMax":null,"Value":20500},{"Length":117,"Height":175,"Demand":1,"DemandMax":null,"Value":20475},{"Length":144,"Height":142,"Demand":1,"DemandMax":null,"Value":20448},{"Length":123,"Height":166,"Demand":1,"DemandMax":null,"Value":20418},{"Length":153,"Height":133,"Demand":1,"DemandMax":null,"Value":20349},{"Length":124,"Height":164,"Demand":1,"DemandMax":null,"Value":20336},{"Length":165,"Height":123,"Demand":1,"DemandMax":null,"Value":20295},{"Length":104,"Height":195,"Demand":1,"DemandMax":null,"Value":20280},{"Length":104,"Height":194,"Demand":1,"DemandMax":null,"Value":20176},{"Length":199,"Height":100,"Demand":1,"DemandMax":null,"Value":19900},{"Length":104,"Height":191,"Demand":1,"DemandMax":null,"Value":19864},{"Length":109,"Height":182,"Demand":1,"DemandMax":null,"Value":19838},{"Length":161,"Height":123,"Demand":1,"DemandMax":null,"Value":19803},{"Length":186,"Height":106,"Demand":1,"DemandMax":null,"Value":19716},{"Length":108,"Height":182,"Demand":1,"DemandMax":null,"Value":19656},{"Length":115,"Height":170,"Demand":1,"DemandMax":null,"Value":19550},{"Length":160,"Height":122,"Demand":1,"DemandMax":null,"Value":19520},{"Length":125,"Height":156,"Demand":1,"DemandMax":null,"Value":19500},{"Length":134,"Height":145,"Demand":1,"DemandMax":null,"Value":19430},{"Length":147,"Height":130,"Demand":1,"DemandMax":null,"Value":19110},{"Length":136,"Height":139,"Demand":1,"DemandMax":null,"Value":18904},{"Length":120,"Height":156,"Demand":1,"DemandMax":null,"Value":18720},{"Length":126,"Height":148,"Demand":1,"DemandMax":null,"Value":18648},{"Length":170,"Height":109,"Demand":1,"DemandMax":null,"Value":18530},{"Length":118,"Height":157,"Demand":1,"DemandMax":null,"Value":18526},{"Length":151,"Height":122,"Demand":1,"DemandMax":null,"Value":18422},{"Length":175,"Height":105,"Demand":1,"DemandMax":null,"Value":18375},{"Length":151,"Height":121,"Demand":1,"DemandMax":null,"Value":18271},{"Length":102,"Height":179,"Demand":1,"DemandMax":null,"Value":18258},{"Length":111,"Height":162,"Demand":1,"DemandMax":null,"Value":17982},{"Length":103,"Height":174,"Demand":1,"DemandMax":null,"Value":17922},{"Length":116,"Height":154,"Demand":1,"DemandMax":null,"Value":17864},{"Length":129,"Height":138,"Demand":1,"DemandMax":null,"Value":17802},{"Length":152,"Height":117,"Demand":1,"DemandMax":null,"Value":17784},{"Length":165,"Height":107,"Demand":1,"DemandMax":null,"Value":17655},{"Length":173,"Height":102,"Demand":1,"DemandMax":null,"Value":17646},{"Length":106,"Height":165,"Demand":1,"DemandMax":null,"Value":17490},{"Length":133,"Height":131,"Demand":1,"DemandMax":null,"Value":17423},{"Length":113,"Height":154,"Demand":1,"DemandMax":null,"Value":17402},{"Length":126,"Height":137,"Demand":1,"DemandMax":null,"Value":17262},{"Length":145,"Height":119,"Demand":1,"DemandMax":null,"Value":17255},{"Length":101,"Height":169,"Demand":1,"DemandMax":null,"Value":17069},{"Length":110,"Height":155,"Demand":1,"DemandMax":null,"Value":17050},{"Length":135,"Height":126,"Demand":1,"DemandMax":null,"Value":17010},{"Length":137,"Height":122,"Demand":1,"DemandMax":null,"Value":16714},{"Length":102,"Height":163,"Demand":1,"DemandMax":null,"Value":16626},{"Length":161,"Height":102,"Demand":1,"DemandMax":null,"Value":16422},{"Length":113,"Height":145,"Demand":1,"DemandMax":null,"Value":16385},{"Length":128,"Height":128,"Demand":1,"DemandMax":null,"Value":16384},{"Length":151,"Height":107,"Demand":1,"DemandMax":null,"Value":16157},{"Length":111,"Height":145,"Demand":1,"DemandMax":null,"Value":16095},{"Length":108,"Height":147,"Demand":1,"DemandMax":null,"Value":15876},{"Length":107,"Height":148,"Demand":1,"DemandMax":null,"Value":15836},{"Length":108,"Height":145,"Demand":1,"DemandMax":null,"Value":15660},{"Length":130,"Height":118,"Demand":1,"DemandMax":null,"Value":15340},{"Length":138,"Height":111,"Demand":1,"DemandMax":null,"Value":15318},{"Length":100,"Height":153,"Demand":1,"DemandMax":null,"Value":15300},{"Length":124,"Height":122,"Demand":1,"DemandMax":null,"Value":15128},{"Length":132,"Height":114,"Demand":1,"DemandMax":null,"Value":15048},{"Length":147,"Height":102,"Demand":1,"DemandMax":null,"Value":14994},{"Length":133,"Height":112,"Demand":1,"DemandMax":null,"Value":14896},{"Length":111,"Height":134,"Demand":1,"DemandMax":null,"Value":14874},{"Length":144,"Height":101,"Demand":1,"DemandMax":null,"Value":14544},{"Length":119,"Height":122,"Demand":1,"DemandMax":null,"Value":14518},{"Length":116,"Height":122,"Demand":1,"DemandMax":null,"Value":14152},{"Length":127,"Height":105,"Demand":1,"DemandMax":null,"Value":13335},{"Length":100,"Height":130,"Demand":1,"DemandMax":null,"Value":13000},{"Length":108,"Height":118,"Demand":1,"DemandMax":null,"Value":12744},{"Length":105,"Height":121,"Demand":1,"DemandMax":null,"Value":12705},{"Length":127,"Height":100,"Demand":1,"DemandMax":null,"Value":12700},{"Length":100,"Height":126,"Demand":1,"DemandMax":null,"Value":12600},{"Length":101,"Height":121,"Demand":1,"DemandMax":null,"Value":12221},{"Length":111,"Height":109,"Demand":1,"DemandMax":null,"Value":12099},{"Length":104,"Height":114,"Demand":1,"DemandMax":null,"Value":11856},{"Length":117,"Height":101,"Demand":1,"DemandMax":null,"Value":11817},{"Length":102,"Height":115,"Demand":1,"DemandMax":null,"Value":11730},{"Length":101,"Height":112,"Demand":1,"DemandMax":null,"Value":11312},{"Length":109,"Height":103,"Demand":1,"DemandMax":null,"Value":11227},{"Length":100,"Height":104,"Demand":1,"DemandMax":null,"Value":10400}]}