{"Name":"AH229","Objects":[{"Length":1000,"Height":2453,"Stock":null,"Cost":2453000}],"Items":[{"Length":80,"Height":90,"Demand":10,"DemandMax":null,"Value":7200},{"Length":79,"Height":89,"Demand":10,"DemandMax":null,"Value":7031},{"Length":90,"Height":73,"Demand":10,"DemandMax":null,"Value":6570},{"Length":90,"Height":71,"Demand":10,"DemandMax":null,"Value":6390},{"Length":73,"Height":83,"Demand":10,"DemandMax":null,"Value":6059},{"Length":70,"Height":82,"Demand":10,"DemandMax":null,"Value":5740},{"Length":63,"Height":83,"Demand":10,"DemandMax":null,"Value":5229},{"Length":90,"Height":58,"Demand":10,"DemandMax":null,"Value":5220},{"Length":62,"Height":83,"Demand":10,"DemandMax":null,"Value":5146},{"Length":82,"Height":62,"Demand":10,"DemandMax":null,"Value":5084},{"Length":77,"Height":65,"Demand":10,"DemandMax":null,"Value":5005},{"Length":90,"Height":53,"Demand":10,"DemandMax":null,"Value":4770},{"Length":81,"Height":58,"Demand":10,"DemandMax":null,"Value":4698},{"Length":55,"Height":84,"Demand":10,"DemandMax":null,"Value":4620},{"Length":51,"Height":87,"Demand":10,"DemandMax":null,"Value":4437},{"Length":51,"Height":84,"Demand":10,"DemandMax":null,"Value":4284},{"Length":82,"Height":51,"Demand":10,"DemandMax":null,"Value":4182},{"Length":87,"Height":48,"Demand":10,"DemandMax":null,"Value":4176},{"Length":67,"Height":62,"Demand":10,"DemandMax":null,"Value":4154},{"Length":77,"Height":53,"Demand":10,"DemandMax":null,"Value":4081},{"Length":80,"Height":50,"Demand":10,"DemandMax":null,"Value":4000},{"Length":59,"Height":67,"Demand":10,"DemandMax":null,"Value":3953},{"Length":82,"Height":47,"Demand":10,"DemandMax":null,"Value":3854},{"Length":70,"Height":55,"Demand":10,"DemandMax":null,"Value":3850},{"Length":85,"Height":45,"Demand":10,"DemandMax":null,"Value":3825},{"Length":49,"Height":74,"Demand":10,"DemandMax":null,"Value":3626},{"Length":45,"Height":79,"Demand":10,"DemandMax":null,"Value":3555},{"Length":56,"Height":63,"Demand":10,"DemandMax":null,"Value":3528},{"Length":61,"Height":57,"Demand":10,"DemandMax":null,"Value":3477},{"Length":55,"Height":61,"Demand":10,"DemandMax":null,"Value":3355},{"Length":37,"Height":88,"Demand":10,"DemandMax":null,"Value":3256},{"Length":36,"Height":88,"Demand":10,"DemandMax":null,"Value":3168},{"Length":67,"Height":47,"Demand":10,"DemandMax":null,"Value":3149},{"Length":37,"Height":80,"Demand":10,"DemandMax":null,"Value":2960},{"Length":65,"Height":45,"Demand":10,"DemandMax":null,"Value":2925},{"Length":50,"Height":56,"Demand":10,"DemandMax":null,"Value":2800},{"Length":35,"Height":78,"Demand":10,"DemandMax":null,"Value":2730},{"Length":39,"Height":69,"Demand":10,"DemandMax":null,"Value":2691},{"Length":30,"Height":85,"Demand":10,"DemandMax":null,"Value":2550},{"Length":51,"Height":50,"Demand":10,"DemandMax":null,"Value":2550},{"Length":41,"Height":59,"Demand":10,"DemandMax":null,"Value":2419},{"Length":66,"Height":36,"Demand":10,"DemandMax":null,"Value":2376},{"Length":29,"Height":81,"Demand":10,"DemandMax":null,"Value":2349},{"Length":70,"Height":33,"Demand":10,"DemandMax":null,"Value":2310},{"Length":38,"Height":59,"Demand":10,"DemandMax":null,"Value":2242},{"Length":47,"Height":47,"Demand":10,"DemandMax":null,"Value":2209},{"Length":29,"Height":73,"Demand":10,"DemandMax":null,"Value":2117},{"Length":29,"Height":72,"Demand":10,"DemandMax":null,"Value":2088},{"Length":52,"Height":40,"Demand":10,"DemandMax":null,"Value":2080},{"Length":83,"Height":25,"Demand":10,"DemandMax":null,"Value":2075},{"Length":75,"Height":27,"Demand":10,"DemandMax":null,"Value":2025},{"Length":27,"Height":72,"Demand":10,"DemandMax":null,"Value":1944},{"Length":67,"Height":29,"Demand":10,"DemandMax":null,"Value":1943},{"Length":39,"Height":49,"Demand":10,"DemandMax":null,"Value":1911},{"Length":64,"Height":29,"Demand":10,"DemandMax":null,"Value":1856},{"Length":37,"Height":46,"Demand":10,"DemandMax":null,"Value":1702},{"Length":27,"Height":63,"Demand":10,"DemandMax":null,"Value":1701},{"Length":80,"Height":21,"Demand":10,"DemandMax":null,"Value":1680},{"Length":70,"Height":24,"Demand":10,"DemandMax":null,"Value":1680},{"Length":62,"Height":27,"Demand":10,"DemandMax":null,"Value":1674},{"Length":22,"Height":75,"Demand":10,"DemandMax":null,"Value":1650},{"Length":25,"Height":66,"Demand":10,"DemandMax":null,"Value":1650},{"Length":22,"Height":72,"Demand":10,"DemandMax":null,"Value":1584},{"Length":26,"Height":59,"Demand":10,"DemandMax":null,"Value":1534},{"Length":74,"Height":20,"Demand":10,"DemandMax":null,"Value":1480},{"Length":73,"Height":20,"Demand":10,"DemandMax":null,"Value":1460},{"Length":49,"Height":29,"Demand":10,"DemandMax":null,"Value":1421},{"Length":28,"Height":50,"Demand":10,"DemandMax":null,"Value":1400},{"Length":29,"Height":48,"Demand":10,"DemandMax":null,"Value":1392},{"Length":57,"Height":23,"Demand":10,"DemandMax":null,"Value":1311},{"Length":52,"Height":24,"Demand":10,"DemandMax":null,"Value":1248},{"Length":59,"Height":20,"Demand":10,"DemandMax":null,"Value":1180},{"Length":23,"Height":51,"Demand":10,"DemandMax":null,"Value":1173},{"Length":77,"Height":15,"Demand":10,"DemandMax":null,"Value":1155},{"Length":36,"Height":32,"Demand":10,"DemandMax":null,"Value":1152},{"Length":13,"Height":81,"Demand":10,"DemandMax":null,"Value":1053},{"Length":58,"Height":17,"Demand":10,"DemandMax":null,"Value":986},{"Length":42,"Height":23,"Demand":10,"DemandMax":null,"Value":966},{"Length":68,"Height":14,"Demand":10,"DemandMax":null,"Value":952},{"Length":27,"Height":35,"Demand":10,"DemandMax":null,"Value":945},{"Length":15,"Height":61,"Demand":10,"DemandMax":null,"Value":915},{"Length":12,"Height":74,"Demand":10,"DemandMax":null,"Value":888},{"Length":88,"Height":9,"Demand":10,"DemandMax":null,"Value":792},{"Length":13,"Height":52,"Demand":10,"DemandMax":null,"Value":676},{"Length":18,"Height":37,"Demand":10,"DemandMax":null,"Value":666},{"Length":21,"Height":28,"Demand":10,"DemandMax":null,"Value":588},{"Length":15,"Height":36,"Demand":10,"DemandMax":null,"Value":540},{"Length":9,"Height":54,"Demand":10,"DemandMax":null,"Value":486},{"Length":80,"Height":6,"Demand":10,"DemandMax":null,"Value":480},{"Length":20,"Height":24,"Demand":10,"DemandMax":null,"Value":480},{"Length":44,"Height":10,"Demand":10,"DemandMax":null,"Value":440},{"Length":60,"Height":7,"Demand":10,"DemandMax":null,"Value":420},{"Length":14,"Height":29,"Demand":10,"DemandMax":null,"Value":406},{"Length":8,"Height":50,"Demand":10,"DemandMax":null,"Value":400},{"Length":17,"Height":23,"Demand":10,"DemandMax":null,"Value":391},{"Length":6,"Height":42,"Demand":10,"DemandMax":null,"Value":252},{"Length":31,"Height":6,"Demand":10,"DemandMax":null,"Value":186},{"Length":22,"Height":7,"Demand":10,"DemandMax":null,"Value":154},{"Length":6,"Height":16,"Demand":10,"DemandMax":null,"Value":96},{"Length":7,"Height":12,"Demand":10,"DemandMax":null,"Value":84}]}