{"Name":"AH183","Objects":[{"Length":1000,"Height":2361,"Stock":null,"Cost":2361000}],"Items":[{"Length":70,"Height":73,"Demand":10,"DemandMax":null,"Value":5110},{"Length":73,"Height":69,"Demand":10,"DemandMax":null,"Value":5037},{"Length":75,"Height":67,"Demand":10,"DemandMax":null,"Value":5025},{"Length":70,"Height":69,"Demand":10,"DemandMax":null,"Value":4830},{"Length":67,"Height":72,"Demand":10,"DemandMax":null,"Value":4824},{"Length":64,"Height":70,"Demand":10,"DemandMax":null,"Value":4480},{"Length":66,"Height":67,"Demand":10,"DemandMax":null,"Value":4422},{"Length":65,"Height":68,"Demand":10,"DemandMax":null,"Value":4420},{"Length":75,"Height":57,"Demand":10,"DemandMax":null,"Value":4275},{"Length":61,"Height":69,"Demand":10,"DemandMax":null,"Value":4209},{"Length":59,"Height":68,"Demand":10,"DemandMax":null,"Value":4012},{"Length":69,"Height":58,"Demand":10,"DemandMax":null,"Value":4002},{"Length":73,"Height":54,"Demand":10,"DemandMax":null,"Value":3942},{"Length":70,"Height":56,"Demand":10,"DemandMax":null,"Value":3920},{"Length":73,"Height":51,"Demand":10,"DemandMax":null,"Value":3723},{"Length":62,"Height":59,"Demand":10,"DemandMax":null,"Value":3658},{"Length":61,"Height":59,"Demand":10,"DemandMax":null,"Value":3599},{"Length":64,"Height":55,"Demand":10,"DemandMax":null,"Value":3520},{"Length":56,"Height":62,"Demand":10,"DemandMax":null,"Value":3472},{"Length":49,"Height":69,"Demand":10,"DemandMax":null,"Value":3381},{"Length":65,"Height":52,"Demand":10,"DemandMax":null,"Value":3380},{"Length":66,"Height":51,"Demand":10,"DemandMax":null,"Value":3366},{"Length":62,"Height":51,"Demand":10,"DemandMax":null,"Value":3162},{"Length":57,"Height":54,"Demand":10,"DemandMax":null,"Value":3078},{"Length":53,"Height":58,"Demand":10,"DemandMax":null,"Value":3074},{"Length":51,"Height":60,"Demand":10,"DemandMax":null,"Value":3060},{"Length":58,"Height":52,"Demand":10,"DemandMax":null,"Value":3016},{"Length":54,"Height":53,"Demand":10,"DemandMax":null,"Value":2862},{"Length":71,"Height":40,"Demand":10,"DemandMax":null,"Value":2840},{"Length":67,"Height":42,"Demand":10,"DemandMax":null,"Value":2814},{"Length":68,"Height":41,"Demand":10,"DemandMax":null,"Value":2788},{"Length":37,"Height":75,"Demand":10,"DemandMax":null,"Value":2775},{"Length":53,"Height":52,"Demand":10,"DemandMax":null,"Value":2756},{"Length":54,"Height":49,"Demand":10,"DemandMax":null,"Value":2646},{"Length":62,"Height":42,"Demand":10,"DemandMax":null,"Value":2604},{"Length":54,"Height":48,"Demand":10,"DemandMax":null,"Value":2592},{"Length":62,"Height":41,"Demand":10,"DemandMax":null,"Value":2542},{"Length":55,"Height":46,"Demand":10,"DemandMax":null,"Value":2530},{"Length":36,"Height":69,"Demand":10,"DemandMax":null,"Value":2484},{"Length":34,"Height":72,"Demand":10,"DemandMax":null,"Value":2448},{"Length":71,"Height":34,"Demand":10,"DemandMax":null,"Value":2414},{"Length":69,"Height":34,"Demand":10,"DemandMax":null,"Value":2346},{"Length":64,"Height":35,"Demand":10,"DemandMax":null,"Value":2240},{"Length":35,"Height":62,"Demand":10,"DemandMax":null,"Value":2170},{"Length":55,"Height":39,"Demand":10,"DemandMax":null,"Value":2145},{"Length":44,"Height":47,"Demand":10,"DemandMax":null,"Value":2068},{"Length":39,"Height":53,"Demand":10,"DemandMax":null,"Value":2067},{"Length":42,"Height":49,"Demand":10,"DemandMax":null,"Value":2058},{"Length":48,"Height":42,"Demand":10,"DemandMax":null,"Value":2016},{"Length":69,"Height":28,"Demand":10,"DemandMax":null,"Value":1932},{"Length":49,"Height":39,"Demand":10,"DemandMax":null,"Value":1911},{"Length":50,"Height":38,"Demand":10,"DemandMax":null,"Value":1900},{"Length":72,"Height":26,"Demand":10,"DemandMax":null,"Value":1872},{"Length":60,"Height":31,"Demand":10,"DemandMax":null,"Value":1860},{"Length":26,"Height":71,"Demand":10,"DemandMax":null,"Value":1846},{"Length":47,"Height":39,"Demand":10,"DemandMax":null,"Value":1833},{"Length":61,"Height":30,"Demand":10,"DemandMax":null,"Value":1830},{"Length":25,"Height":72,"Demand":10,"DemandMax":null,"Value":1800},{"Length":29,"Height":62,"Demand":10,"DemandMax":null,"Value":1798},{"Length":67,"Height":26,"Demand":10,"DemandMax":null,"Value":1742},{"Length":58,"Height":30,"Demand":10,"DemandMax":null,"Value":1740},{"Length":35,"Height":49,"Demand":10,"DemandMax":null,"Value":1715},{"Length":28,"Height":61,"Demand":10,"DemandMax":null,"Value":1708},{"Length":36,"Height":47,"Demand":10,"DemandMax":null,"Value":1692},{"Length":64,"Height":26,"Demand":10,"DemandMax":null,"Value":1664},{"Length":57,"Height":29,"Demand":10,"DemandMax":null,"Value":1653},{"Length":28,"Height":59,"Demand":10,"DemandMax":null,"Value":1652},{"Length":66,"Height":25,"Demand":10,"DemandMax":null,"Value":1650},{"Length":34,"Height":48,"Demand":10,"DemandMax":null,"Value":1632},{"Length":40,"Height":40,"Demand":10,"DemandMax":null,"Value":1600},{"Length":52,"Height":30,"Demand":10,"DemandMax":null,"Value":1560},{"Length":37,"Height":42,"Demand":10,"DemandMax":null,"Value":1554},{"Length":31,"Height":50,"Demand":10,"DemandMax":null,"Value":1550},{"Length":51,"Height":30,"Demand":10,"DemandMax":null,"Value":1530},{"Length":61,"Height":25,"Demand":10,"DemandMax":null,"Value":1525},{"Length":54,"Height":28,"Demand":10,"DemandMax":null,"Value":1512},{"Length":35,"Height":43,"Demand":10,"DemandMax":null,"Value":1505},{"Length":46,"Height":32,"Demand":10,"DemandMax":null,"Value":1472},{"Length":31,"Height":47,"Demand":10,"DemandMax":null,"Value":1457},{"Length":27,"Height":52,"Demand":10,"DemandMax":null,"Value":1404},{"Length":29,"Height":48,"Demand":10,"DemandMax":null,"Value":1392},{"Length":42,"Height":33,"Demand":10,"DemandMax":null,"Value":1386},{"Length":51,"Height":27,"Demand":10,"DemandMax":null,"Value":1377},{"Length":37,"Height":35,"Demand":10,"DemandMax":null,"Value":1295},{"Length":34,"Height":38,"Demand":10,"DemandMax":null,"Value":1292},{"Length":30,"Height":43,"Demand":10,"DemandMax":null,"Value":1290},{"Length":44,"Height":29,"Demand":10,"DemandMax":null,"Value":1276},{"Length":25,"Height":51,"Demand":10,"DemandMax":null,"Value":1275},{"Length":34,"Height":37,"Demand":10,"DemandMax":null,"Value":1258},{"Length":33,"Height":38,"Demand":10,"DemandMax":null,"Value":1254},{"Length":36,"Height":34,"Demand":10,"DemandMax":null,"Value":1224},{"Length":43,"Height":28,"Demand":10,"DemandMax":null,"Value":1204},{"Length":29,"Height":41,"Demand":10,"DemandMax":null,"Value":1189},{"Length":42,"Height":28,"Demand":10,"DemandMax":null,"Value":1176},{"Length":43,"Height":26,"Demand":10,"DemandMax":null,"Value":1118},{"Length":33,"Height":33,"Demand":10,"DemandMax":null,"Value":1089},{"Length":27,"Height":37,"Demand":10,"DemandMax":null,"Value":999},{"Length":31,"Height":32,"Demand":10,"DemandMax":null,"Value":992},{"Length":27,"Height":33,"Demand":10,"DemandMax":null,"Value":891},{"Length":29,"Height":27,"Demand":10,"DemandMax":null,"Value":783}]}