{"Name":"AH88","Objects":[{"Length":1000,"Height":2483,"Stock":null,"Cost":2483000}],"Items":[{"Length":62,"Height":56,"Demand":100,"DemandMax":null,"Value":3472},{"Length":72,"Height":48,"Demand":100,"DemandMax":null,"Value":3456},{"Length":63,"Height":53,"Demand":100,"DemandMax":null,"Value":3339},{"Length":48,"Height":69,"Demand":100,"DemandMax":null,"Value":3312},{"Length":68,"Height":44,"Demand":100,"DemandMax":null,"Value":2992},{"Length":57,"Height":48,"Demand":100,"DemandMax":null,"Value":2736},{"Length":74,"Height":28,"Demand":100,"DemandMax":null,"Value":2072},{"Length":46,"Height":33,"Demand":100,"DemandMax":null,"Value":1518},{"Length":30,"Height":41,"Demand":100,"DemandMax":null,"Value":1230},{"Length":25,"Height":28,"Demand":100,"DemandMax":null,"Value":700}]}