{"Name":"AH64","Objects":[{"Length":1000,"Height":2828,"Stock":null,"Cost":2828000}],"Items":[{"Length":70,"Height":67,"Demand":100,"DemandMax":null,"Value":4690},{"Length":68,"Height":68,"Demand":100,"DemandMax":null,"Value":4624},{"Length":72,"Height":44,"Demand":100,"DemandMax":null,"Value":3168},{"Length":64,"Height":48,"Demand":100,"DemandMax":null,"Value":3072},{"Length":53,"Height":56,"Demand":100,"DemandMax":null,"Value":2968},{"Length":36,"Height":71,"Demand":100,"DemandMax":null,"Value":2556},{"Length":38,"Height":59,"Demand":100,"DemandMax":null,"Value":2242},{"Length":33,"Height":65,"Demand":100,"DemandMax":null,"Value":2145},{"Length":36,"Height":55,"Demand":100,"DemandMax":null,"Value":1980},{"Length":26,"Height":32,"Demand":100,"DemandMax":null,"Value":832}]}