{"Name":"AH96","Objects":[{"Length":1000,"Height":2011,"Stock":null,"Cost":2011000}],"Items":[{"Length":60,"Height":88,"Demand":100,"DemandMax":null,"Value":5280},{"Length":53,"Height":61,"Demand":100,"DemandMax":null,"Value":3233},{"Length":37,"Height":77,"Demand":100,"DemandMax":null,"Value":2849},{"Length":76,"Height":35,"Demand":100,"DemandMax":null,"Value":2660},{"Length":34,"Height":55,"Demand":100,"DemandMax":null,"Value":1870},{"Length":35,"Height":33,"Demand":100,"DemandMax":null,"Value":1155},{"Length":14,"Height":72,"Demand":100,"DemandMax":null,"Value":1008},{"Length":49,"Height":18,"Demand":100,"DemandMax":null,"Value":882},{"Length":40,"Height":16,"Demand":100,"DemandMax":null,"Value":640},{"Length":10,"Height":53,"Demand":100,"DemandMax":null,"Value":530}]}