{"Name":"AH167","Objects":[{"Length":1000,"Height":38281,"Stock":null,"Cost":38281000}],"Items":[{"Length":369,"Height":331,"Demand":10,"DemandMax":null,"Value":122139},{"Length":358,"Height":334,"Demand":10,"DemandMax":null,"Value":119572},{"Length":309,"Height":325,"Demand":10,"DemandMax":null,"Value":100425},{"Length":304,"Height":328,"Demand":10,"DemandMax":null,"Value":99712},{"Length":326,"Height":305,"Demand":10,"DemandMax":null,"Value":99430},{"Length":355,"Height":263,"Demand":10,"DemandMax":null,"Value":93365},{"Length":282,"Height":320,"Demand":10,"DemandMax":null,"Value":90240},{"Length":256,"Height":337,"Demand":10,"DemandMax":null,"Value":86272},{"Length":277,"Height":307,"Demand":10,"DemandMax":null,"Value":85039},{"Length":296,"Height":285,"Demand":10,"DemandMax":null,"Value":84360},{"Length":345,"Height":237,"Demand":10,"DemandMax":null,"Value":81765},{"Length":238,"Height":315,"Demand":10,"DemandMax":null,"Value":74970},{"Length":296,"Height":251,"Demand":10,"DemandMax":null,"Value":74296},{"Length":333,"Height":223,"Demand":10,"DemandMax":null,"Value":74259},{"Length":206,"Height":340,"Demand":10,"DemandMax":null,"Value":70040},{"Length":239,"Height":291,"Demand":10,"DemandMax":null,"Value":69549},{"Length":318,"Height":215,"Demand":10,"DemandMax":null,"Value":68370},{"Length":257,"Height":256,"Demand":10,"DemandMax":null,"Value":65792},{"Length":288,"Height":213,"Demand":10,"DemandMax":null,"Value":61344},{"Length":240,"Height":249,"Demand":10,"DemandMax":null,"Value":59760},{"Length":317,"Height":174,"Demand":10,"DemandMax":null,"Value":55158},{"Length":154,"Height":352,"Demand":10,"DemandMax":null,"Value":54208},{"Length":336,"Height":157,"Demand":10,"DemandMax":null,"Value":52752},{"Length":213,"Height":247,"Demand":10,"DemandMax":null,"Value":52611},{"Length":167,"Height":312,"Demand":10,"DemandMax":null,"Value":52104},{"Length":337,"Height":153,"Demand":10,"DemandMax":null,"Value":51561},{"Length":140,"Height":368,"Demand":10,"DemandMax":null,"Value":51520},{"Length":210,"Height":243,"Demand":10,"DemandMax":null,"Value":51030},{"Length":143,"Height":345,"Demand":10,"DemandMax":null,"Value":49335},{"Length":134,"Height":360,"Demand":10,"DemandMax":null,"Value":48240},{"Length":186,"Height":255,"Demand":10,"DemandMax":null,"Value":47430},{"Length":216,"Height":218,"Demand":10,"DemandMax":null,"Value":47088},{"Length":296,"Height":159,"Demand":10,"DemandMax":null,"Value":47064},{"Length":329,"Height":141,"Demand":10,"DemandMax":null,"Value":46389},{"Length":118,"Height":370,"Demand":10,"DemandMax":null,"Value":43660},{"Length":151,"Height":284,"Demand":10,"DemandMax":null,"Value":42884},{"Length":337,"Height":126,"Demand":10,"DemandMax":null,"Value":42462},{"Length":264,"Height":149,"Demand":10,"DemandMax":null,"Value":39336},{"Length":173,"Height":227,"Demand":10,"DemandMax":null,"Value":39271},{"Length":260,"Height":151,"Demand":10,"DemandMax":null,"Value":39260},{"Length":257,"Height":152,"Demand":10,"DemandMax":null,"Value":39064},{"Length":149,"Height":261,"Demand":10,"DemandMax":null,"Value":38889},{"Length":140,"Height":277,"Demand":10,"DemandMax":null,"Value":38780},{"Length":101,"Height":371,"Demand":10,"DemandMax":null,"Value":37471},{"Length":337,"Height":111,"Demand":10,"DemandMax":null,"Value":37407},{"Length":105,"Height":352,"Demand":10,"DemandMax":null,"Value":36960},{"Length":257,"Height":137,"Demand":10,"DemandMax":null,"Value":35209},{"Length":117,"Height":294,"Demand":10,"DemandMax":null,"Value":34398},{"Length":352,"Height":94,"Demand":10,"DemandMax":null,"Value":33088},{"Length":150,"Height":218,"Demand":10,"DemandMax":null,"Value":32700},{"Length":289,"Height":112,"Demand":10,"DemandMax":null,"Value":32368},{"Length":122,"Height":257,"Demand":10,"DemandMax":null,"Value":31354},{"Length":160,"Height":188,"Demand":10,"DemandMax":null,"Value":30080},{"Length":272,"Height":110,"Demand":10,"DemandMax":null,"Value":29920},{"Length":100,"Height":292,"Demand":10,"DemandMax":null,"Value":29200},{"Length":103,"Height":281,"Demand":10,"DemandMax":null,"Value":28943},{"Length":106,"Height":263,"Demand":10,"DemandMax":null,"Value":27878},{"Length":75,"Height":370,"Demand":10,"DemandMax":null,"Value":27750},{"Length":308,"Height":88,"Demand":10,"DemandMax":null,"Value":27104},{"Length":293,"Height":92,"Demand":10,"DemandMax":null,"Value":26956},{"Length":93,"Height":270,"Demand":10,"DemandMax":null,"Value":25110},{"Length":134,"Height":180,"Demand":10,"DemandMax":null,"Value":24120},{"Length":262,"Height":92,"Demand":10,"DemandMax":null,"Value":24104},{"Length":104,"Height":224,"Demand":10,"DemandMax":null,"Value":23296},{"Length":71,"Height":323,"Demand":10,"DemandMax":null,"Value":22933},{"Length":130,"Height":170,"Demand":10,"DemandMax":null,"Value":22100},{"Length":134,"Height":161,"Demand":10,"DemandMax":null,"Value":21574},{"Length":248,"Height":84,"Demand":10,"DemandMax":null,"Value":20832},{"Length":281,"Height":68,"Demand":10,"DemandMax":null,"Value":19108},{"Length":306,"Height":62,"Demand":10,"DemandMax":null,"Value":18972},{"Length":129,"Height":143,"Demand":10,"DemandMax":null,"Value":18447},{"Length":206,"Height":89,"Demand":10,"DemandMax":null,"Value":18334},{"Length":78,"Height":224,"Demand":10,"DemandMax":null,"Value":17472},{"Length":66,"Height":255,"Demand":10,"DemandMax":null,"Value":16830},{"Length":149,"Height":112,"Demand":10,"DemandMax":null,"Value":16688},{"Length":277,"Height":60,"Demand":10,"DemandMax":null,"Value":16620},{"Length":348,"Height":44,"Demand":10,"DemandMax":null,"Value":15312},{"Length":65,"Height":234,"Demand":10,"DemandMax":null,"Value":15210},{"Length":208,"Height":66,"Demand":10,"DemandMax":null,"Value":13728},{"Length":232,"Height":56,"Demand":10,"DemandMax":null,"Value":12992},{"Length":34,"Height":368,"Demand":10,"DemandMax":null,"Value":12512},{"Length":306,"Height":36,"Demand":10,"DemandMax":null,"Value":11016},{"Length":72,"Height":143,"Demand":10,"DemandMax":null,"Value":10296},{"Length":27,"Height":371,"Demand":10,"DemandMax":null,"Value":10017},{"Length":56,"Height":175,"Demand":10,"DemandMax":null,"Value":9800},{"Length":53,"Height":181,"Demand":10,"DemandMax":null,"Value":9593},{"Length":34,"Height":276,"Demand":10,"DemandMax":null,"Value":9384},{"Length":55,"Height":169,"Demand":10,"DemandMax":null,"Value":9295},{"Length":53,"Height":171,"Demand":10,"DemandMax":null,"Value":9063},{"Length":347,"Height":25,"Demand":10,"DemandMax":null,"Value":8675},{"Length":346,"Height":25,"Demand":10,"DemandMax":null,"Value":8650},{"Length":25,"Height":343,"Demand":10,"DemandMax":null,"Value":8575},{"Length":244,"Height":26,"Demand":10,"DemandMax":null,"Value":6344},{"Length":73,"Height":84,"Demand":10,"DemandMax":null,"Value":6132},{"Length":58,"Height":105,"Demand":10,"DemandMax":null,"Value":6090},{"Length":77,"Height":76,"Demand":10,"DemandMax":null,"Value":5852},{"Length":99,"Height":58,"Demand":10,"DemandMax":null,"Value":5742},{"Length":34,"Height":118,"Demand":10,"DemandMax":null,"Value":4012},{"Length":35,"Height":56,"Demand":10,"DemandMax":null,"Value":1960},{"Length":48,"Height":35,"Demand":10,"DemandMax":null,"Value":1680}]}