{"Name":"AH174","Objects":[{"Length":1000,"Height":41405,"Stock":null,"Cost":41405000}],"Items":[{"Length":368,"Height":372,"Demand":10,"DemandMax":null,"Value":136896},{"Length":354,"Height":355,"Demand":10,"DemandMax":null,"Value":125670},{"Length":319,"Height":347,"Demand":10,"DemandMax":null,"Value":110693},{"Length":339,"Height":317,"Demand":10,"DemandMax":null,"Value":107463},{"Length":363,"Height":280,"Demand":10,"DemandMax":null,"Value":101640},{"Length":297,"Height":339,"Demand":10,"DemandMax":null,"Value":100683},{"Length":298,"Height":321,"Demand":10,"DemandMax":null,"Value":95658},{"Length":319,"Height":298,"Demand":10,"DemandMax":null,"Value":95062},{"Length":362,"Height":250,"Demand":10,"DemandMax":null,"Value":90500},{"Length":249,"Height":361,"Demand":10,"DemandMax":null,"Value":89889},{"Length":323,"Height":276,"Demand":10,"DemandMax":null,"Value":89148},{"Length":334,"Height":261,"Demand":10,"DemandMax":null,"Value":87174},{"Length":323,"Height":258,"Demand":10,"DemandMax":null,"Value":83334},{"Length":271,"Height":297,"Demand":10,"DemandMax":null,"Value":80487},{"Length":373,"Height":214,"Demand":10,"DemandMax":null,"Value":79822},{"Length":283,"Height":273,"Demand":10,"DemandMax":null,"Value":77259},{"Length":281,"Height":270,"Demand":10,"DemandMax":null,"Value":75870},{"Length":246,"Height":293,"Demand":10,"DemandMax":null,"Value":72078},{"Length":222,"Height":321,"Demand":10,"DemandMax":null,"Value":71262},{"Length":229,"Height":305,"Demand":10,"DemandMax":null,"Value":69845},{"Length":183,"Height":363,"Demand":10,"DemandMax":null,"Value":66429},{"Length":249,"Height":264,"Demand":10,"DemandMax":null,"Value":65736},{"Length":255,"Height":252,"Demand":10,"DemandMax":null,"Value":64260},{"Length":200,"Height":314,"Demand":10,"DemandMax":null,"Value":62800},{"Length":281,"Height":217,"Demand":10,"DemandMax":null,"Value":60977},{"Length":274,"Height":214,"Demand":10,"DemandMax":null,"Value":58636},{"Length":167,"Height":344,"Demand":10,"DemandMax":null,"Value":57448},{"Length":271,"Height":210,"Demand":10,"DemandMax":null,"Value":56910},{"Length":328,"Height":171,"Demand":10,"DemandMax":null,"Value":56088},{"Length":258,"Height":211,"Demand":10,"DemandMax":null,"Value":54438},{"Length":179,"Height":298,"Demand":10,"DemandMax":null,"Value":53342},{"Length":257,"Height":207,"Demand":10,"DemandMax":null,"Value":53199},{"Length":214,"Height":247,"Demand":10,"DemandMax":null,"Value":52858},{"Length":239,"Height":221,"Demand":10,"DemandMax":null,"Value":52819},{"Length":245,"Height":214,"Demand":10,"DemandMax":null,"Value":52430},{"Length":239,"Height":215,"Demand":10,"DemandMax":null,"Value":51385},{"Length":136,"Height":361,"Demand":10,"DemandMax":null,"Value":49096},{"Length":167,"Height":290,"Demand":10,"DemandMax":null,"Value":48430},{"Length":318,"Height":137,"Demand":10,"DemandMax":null,"Value":43566},{"Length":234,"Height":184,"Demand":10,"DemandMax":null,"Value":43056},{"Length":326,"Height":131,"Demand":10,"DemandMax":null,"Value":42706},{"Length":278,"Height":153,"Demand":10,"DemandMax":null,"Value":42534},{"Length":151,"Height":266,"Demand":10,"DemandMax":null,"Value":40166},{"Length":114,"Height":350,"Demand":10,"DemandMax":null,"Value":39900},{"Length":185,"Height":213,"Demand":10,"DemandMax":null,"Value":39405},{"Length":211,"Height":180,"Demand":10,"DemandMax":null,"Value":37980},{"Length":189,"Height":199,"Demand":10,"DemandMax":null,"Value":37611},{"Length":111,"Height":337,"Demand":10,"DemandMax":null,"Value":37407},{"Length":213,"Height":172,"Demand":10,"DemandMax":null,"Value":36636},{"Length":96,"Height":369,"Demand":10,"DemandMax":null,"Value":35424},{"Length":224,"Height":153,"Demand":10,"DemandMax":null,"Value":34272},{"Length":223,"Height":152,"Demand":10,"DemandMax":null,"Value":33896},{"Length":220,"Height":153,"Demand":10,"DemandMax":null,"Value":33660},{"Length":138,"Height":238,"Demand":10,"DemandMax":null,"Value":32844},{"Length":211,"Height":154,"Demand":10,"DemandMax":null,"Value":32494},{"Length":170,"Height":190,"Demand":10,"DemandMax":null,"Value":32300},{"Length":196,"Height":148,"Demand":10,"DemandMax":null,"Value":29008},{"Length":327,"Height":86,"Demand":10,"DemandMax":null,"Value":28122},{"Length":174,"Height":160,"Demand":10,"DemandMax":null,"Value":27840},{"Length":316,"Height":83,"Demand":10,"DemandMax":null,"Value":26228},{"Length":181,"Height":134,"Demand":10,"DemandMax":null,"Value":24254},{"Length":219,"Height":110,"Demand":10,"DemandMax":null,"Value":24090},{"Length":210,"Height":102,"Demand":10,"DemandMax":null,"Value":21420},{"Length":115,"Height":185,"Demand":10,"DemandMax":null,"Value":21275},{"Length":63,"Height":330,"Demand":10,"DemandMax":null,"Value":20790},{"Length":120,"Height":171,"Demand":10,"DemandMax":null,"Value":20520},{"Length":353,"Height":57,"Demand":10,"DemandMax":null,"Value":20121},{"Length":64,"Height":310,"Demand":10,"DemandMax":null,"Value":19840},{"Length":62,"Height":299,"Demand":10,"DemandMax":null,"Value":18538},{"Length":297,"Height":62,"Demand":10,"DemandMax":null,"Value":18414},{"Length":68,"Height":242,"Demand":10,"DemandMax":null,"Value":16456},{"Length":42,"Height":371,"Demand":10,"DemandMax":null,"Value":15582},{"Length":212,"Height":64,"Demand":10,"DemandMax":null,"Value":13568},{"Length":113,"Height":119,"Demand":10,"DemandMax":null,"Value":13447},{"Length":66,"Height":197,"Demand":10,"DemandMax":null,"Value":13002},{"Length":134,"Height":94,"Demand":10,"DemandMax":null,"Value":12596},{"Length":90,"Height":135,"Demand":10,"DemandMax":null,"Value":12150},{"Length":107,"Height":112,"Demand":10,"DemandMax":null,"Value":11984},{"Length":47,"Height":254,"Demand":10,"DemandMax":null,"Value":11938},{"Length":198,"Height":60,"Demand":10,"DemandMax":null,"Value":11880},{"Length":63,"Height":177,"Demand":10,"DemandMax":null,"Value":11151},{"Length":135,"Height":81,"Demand":10,"DemandMax":null,"Value":10935},{"Length":33,"Height":323,"Demand":10,"DemandMax":null,"Value":10659},{"Length":90,"Height":116,"Demand":10,"DemandMax":null,"Value":10440},{"Length":308,"Height":33,"Demand":10,"DemandMax":null,"Value":10164},{"Length":56,"Height":180,"Demand":10,"DemandMax":null,"Value":10080},{"Length":214,"Height":46,"Demand":10,"DemandMax":null,"Value":9844},{"Length":92,"Height":105,"Demand":10,"DemandMax":null,"Value":9660},{"Length":279,"Height":34,"Demand":10,"DemandMax":null,"Value":9486},{"Length":31,"Height":287,"Demand":10,"DemandMax":null,"Value":8897},{"Length":26,"Height":319,"Demand":10,"DemandMax":null,"Value":8294},{"Length":272,"Height":29,"Demand":10,"DemandMax":null,"Value":7888},{"Length":28,"Height":236,"Demand":10,"DemandMax":null,"Value":6608},{"Length":239,"Height":27,"Demand":10,"DemandMax":null,"Value":6453},{"Length":100,"Height":63,"Demand":10,"DemandMax":null,"Value":6300},{"Length":29,"Height":171,"Demand":10,"DemandMax":null,"Value":4959},{"Length":93,"Height":46,"Demand":10,"DemandMax":null,"Value":4278},{"Length":40,"Height":93,"Demand":10,"DemandMax":null,"Value":3720},{"Length":26,"Height":92,"Demand":10,"DemandMax":null,"Value":2392},{"Length":45,"Height":36,"Demand":10,"DemandMax":null,"Value":1620}]}