{"Name":"AH258","Objects":[{"Length":1000,"Height":39052,"Stock":null,"Cost":39052000}],"Items":[{"Length":295,"Height":291,"Demand":1,"DemandMax":null,"Value":85845},{"Length":285,"Height":300,"Demand":1,"DemandMax":null,"Value":85500},{"Length":291,"Height":292,"Demand":1,"DemandMax":null,"Value":84972},{"Length":285,"Height":298,"Demand":1,"DemandMax":null,"Value":84930},{"Length":293,"Height":287,"Demand":1,"DemandMax":null,"Value":84091},{"Length":299,"Height":280,"Demand":1,"DemandMax":null,"Value":83720},{"Length":293,"Height":285,"Demand":1,"DemandMax":null,"Value":83505},{"Length":282,"Height":294,"Demand":1,"DemandMax":null,"Value":82908},{"Length":280,"Height":294,"Demand":1,"DemandMax":null,"Value":82320},{"Length":295,"Height":276,"Demand":1,"DemandMax":null,"Value":81420},{"Length":293,"Height":277,"Demand":1,"DemandMax":null,"Value":81161},{"Length":296,"Height":274,"Demand":1,"DemandMax":null,"Value":81104},{"Length":276,"Height":293,"Demand":1,"DemandMax":null,"Value":80868},{"Length":289,"Height":274,"Demand":1,"DemandMax":null,"Value":79186},{"Length":289,"Height":273,"Demand":1,"DemandMax":null,"Value":78897},{"Length":269,"Height":291,"Demand":1,"DemandMax":null,"Value":78279},{"Length":300,"Height":259,"Demand":1,"DemandMax":null,"Value":77700},{"Length":296,"Height":261,"Demand":1,"DemandMax":null,"Value":77256},{"Length":260,"Height":297,"Demand":1,"DemandMax":null,"Value":77220},{"Length":280,"Height":275,"Demand":1,"DemandMax":null,"Value":77000},{"Length":271,"Height":284,"Demand":1,"DemandMax":null,"Value":76964},{"Length":298,"Height":258,"Demand":1,"DemandMax":null,"Value":76884},{"Length":290,"Height":261,"Demand":1,"DemandMax":null,"Value":75690},{"Length":269,"Height":281,"Demand":1,"DemandMax":null,"Value":75589},{"Length":285,"Height":265,"Demand":1,"DemandMax":null,"Value":75525},{"Length":259,"Height":291,"Demand":1,"DemandMax":null,"Value":75369},{"Length":272,"Height":277,"Demand":1,"DemandMax":null,"Value":75344},{"Length":298,"Height":252,"Demand":1,"DemandMax":null,"Value":75096},{"Length":285,"Height":263,"Demand":1,"DemandMax":null,"Value":74955},{"Length":298,"Height":250,"Demand":1,"DemandMax":null,"Value":74500},{"Length":256,"Height":290,"Demand":1,"DemandMax":null,"Value":74240},{"Length":252,"Height":294,"Demand":1,"DemandMax":null,"Value":74088},{"Length":295,"Height":251,"Demand":1,"DemandMax":null,"Value":74045},{"Length":257,"Height":288,"Demand":1,"DemandMax":null,"Value":74016},{"Length":274,"Height":270,"Demand":1,"DemandMax":null,"Value":73980},{"Length":287,"Height":257,"Demand":1,"DemandMax":null,"Value":73759},{"Length":270,"Height":273,"Demand":1,"DemandMax":null,"Value":73710},{"Length":292,"Height":252,"Demand":1,"DemandMax":null,"Value":73584},{"Length":265,"Height":276,"Demand":1,"DemandMax":null,"Value":73140},{"Length":278,"Height":263,"Demand":1,"DemandMax":null,"Value":73114},{"Length":259,"Height":281,"Demand":1,"DemandMax":null,"Value":72779},{"Length":291,"Height":250,"Demand":1,"DemandMax":null,"Value":72750},{"Length":270,"Height":269,"Demand":1,"DemandMax":null,"Value":72630},{"Length":270,"Height":268,"Demand":1,"DemandMax":null,"Value":72360},{"Length":257,"Height":281,"Demand":1,"DemandMax":null,"Value":72217},{"Length":266,"Height":271,"Demand":1,"DemandMax":null,"Value":72086},{"Length":273,"Height":264,"Demand":1,"DemandMax":null,"Value":72072},{"Length":290,"Height":248,"Demand":1,"DemandMax":null,"Value":71920},{"Length":266,"Height":270,"Demand":1,"DemandMax":null,"Value":71820},{"Length":258,"Height":278,"Demand":1,"DemandMax":null,"Value":71724},{"Length":239,"Height":298,"Demand":1,"DemandMax":null,"Value":71222},{"Length":276,"Height":258,"Demand":1,"DemandMax":null,"Value":71208},{"Length":278,"Height":256,"Demand":1,"DemandMax":null,"Value":71168},{"Length":293,"Height":240,"Demand":1,"DemandMax":null,"Value":70320},{"Length":299,"Height":235,"Demand":1,"DemandMax":null,"Value":70265},{"Length":272,"Height":258,"Demand":1,"DemandMax":null,"Value":70176},{"Length":243,"Height":288,"Demand":1,"DemandMax":null,"Value":69984},{"Length":294,"Height":238,"Demand":1,"DemandMax":null,"Value":69972},{"Length":248,"Height":282,"Demand":1,"DemandMax":null,"Value":69936},{"Length":296,"Height":236,"Demand":1,"DemandMax":null,"Value":69856},{"Length":263,"Height":265,"Demand":1,"DemandMax":null,"Value":69695},{"Length":269,"Height":259,"Demand":1,"DemandMax":null,"Value":69671},{"Length":235,"Height":295,"Demand":1,"DemandMax":null,"Value":69325},{"Length":248,"Height":279,"Demand":1,"DemandMax":null,"Value":69192},{"Length":291,"Height":237,"Demand":1,"DemandMax":null,"Value":68967},{"Length":278,"Height":248,"Demand":1,"DemandMax":null,"Value":68944},{"Length":246,"Height":280,"Demand":1,"DemandMax":null,"Value":68880},{"Length":290,"Height":236,"Demand":1,"DemandMax":null,"Value":68440},{"Length":267,"Height":256,"Demand":1,"DemandMax":null,"Value":68352},{"Length":289,"Height":236,"Demand":1,"DemandMax":null,"Value":68204},{"Length":263,"Height":259,"Demand":1,"DemandMax":null,"Value":68117},{"Length":289,"Height":235,"Demand":1,"DemandMax":null,"Value":67915},{"Length":295,"Height":230,"Demand":1,"DemandMax":null,"Value":67850},{"Length":275,"Height":246,"Demand":1,"DemandMax":null,"Value":67650},{"Length":237,"Height":284,"Demand":1,"DemandMax":null,"Value":67308},{"Length":266,"Height":253,"Demand":1,"DemandMax":null,"Value":67298},{"Length":268,"Height":251,"Demand":1,"DemandMax":null,"Value":67268},{"Length":289,"Height":232,"Demand":1,"DemandMax":null,"Value":67048},{"Length":238,"Height":281,"Demand":1,"DemandMax":null,"Value":66878},{"Length":233,"Height":286,"Demand":1,"DemandMax":null,"Value":66638},{"Length":237,"Height":281,"Demand":1,"DemandMax":null,"Value":66597},{"Length":273,"Height":243,"Demand":1,"DemandMax":null,"Value":66339},{"Length":281,"Height":236,"Demand":1,"DemandMax":null,"Value":66316},{"Length":221,"Height":300,"Demand":1,"DemandMax":null,"Value":66300},{"Length":252,"Height":263,"Demand":1,"DemandMax":null,"Value":66276},{"Length":284,"Height":232,"Demand":1,"DemandMax":null,"Value":65888},{"Length":223,"Height":295,"Demand":1,"DemandMax":null,"Value":65785},{"Length":221,"Height":297,"Demand":1,"DemandMax":null,"Value":65637},{"Length":298,"Height":220,"Demand":1,"DemandMax":null,"Value":65560},{"Length":228,"Height":287,"Demand":1,"DemandMax":null,"Value":65436},{"Length":292,"Height":224,"Demand":1,"DemandMax":null,"Value":65408},{"Length":284,"Height":229,"Demand":1,"DemandMax":null,"Value":65036},{"Length":232,"Height":280,"Demand":1,"DemandMax":null,"Value":64960},{"Length":272,"Height":238,"Demand":1,"DemandMax":null,"Value":64736},{"Length":246,"Height":263,"Demand":1,"DemandMax":null,"Value":64698},{"Length":235,"Height":275,"Demand":1,"DemandMax":null,"Value":64625},{"Length":227,"Height":284,"Demand":1,"DemandMax":null,"Value":64468},{"Length":272,"Height":237,"Demand":1,"DemandMax":null,"Value":64464},{"Length":235,"Height":274,"Demand":1,"DemandMax":null,"Value":64390},{"Length":219,"Height":294,"Demand":1,"DemandMax":null,"Value":64386},{"Length":275,"Height":234,"Demand":1,"DemandMax":null,"Value":64350},{"Length":251,"Height":256,"Demand":1,"DemandMax":null,"Value":64256},{"Length":242,"Height":265,"Demand":1,"DemandMax":null,"Value":64130},{"Length":240,"Height":267,"Demand":1,"DemandMax":null,"Value":64080},{"Length":291,"Height":220,"Demand":1,"DemandMax":null,"Value":64020},{"Length":214,"Height":299,"Demand":1,"DemandMax":null,"Value":63986},{"Length":217,"Height":294,"Demand":1,"DemandMax":null,"Value":63798},{"Length":253,"Height":251,"Demand":1,"DemandMax":null,"Value":63503},{"Length":222,"Height":283,"Demand":1,"DemandMax":null,"Value":62826},{"Length":245,"Height":256,"Demand":1,"DemandMax":null,"Value":62720},{"Length":216,"Height":290,"Demand":1,"DemandMax":null,"Value":62640},{"Length":231,"Height":270,"Demand":1,"DemandMax":null,"Value":62370},{"Length":262,"Height":238,"Demand":1,"DemandMax":null,"Value":62356},{"Length":255,"Height":244,"Demand":1,"DemandMax":null,"Value":62220},{"Length":259,"Height":240,"Demand":1,"DemandMax":null,"Value":62160},{"Length":224,"Height":277,"Demand":1,"DemandMax":null,"Value":62048},{"Length":222,"Height":279,"Demand":1,"DemandMax":null,"Value":61938},{"Length":237,"Height":261,"Demand":1,"DemandMax":null,"Value":61857},{"Length":215,"Height":287,"Demand":1,"DemandMax":null,"Value":61705},{"Length":206,"Height":298,"Demand":1,"DemandMax":null,"Value":61388},{"Length":295,"Height":208,"Demand":1,"DemandMax":null,"Value":61360},{"Length":269,"Height":228,"Demand":1,"DemandMax":null,"Value":61332},{"Length":270,"Height":227,"Demand":1,"DemandMax":null,"Value":61290},{"Length":279,"Height":219,"Demand":1,"DemandMax":null,"Value":61101},{"Length":217,"Height":281,"Demand":1,"DemandMax":null,"Value":60977},{"Length":215,"Height":283,"Demand":1,"DemandMax":null,"Value":60845},{"Length":222,"Height":274,"Demand":1,"DemandMax":null,"Value":60828},{"Length":261,"Height":233,"Demand":1,"DemandMax":null,"Value":60813},{"Length":255,"Height":238,"Demand":1,"DemandMax":null,"Value":60690},{"Length":293,"Height":207,"Demand":1,"DemandMax":null,"Value":60651},{"Length":276,"Height":219,"Demand":1,"DemandMax":null,"Value":60444},{"Length":222,"Height":271,"Demand":1,"DemandMax":null,"Value":60162},{"Length":231,"Height":259,"Demand":1,"DemandMax":null,"Value":59829},{"Length":281,"Height":212,"Demand":1,"DemandMax":null,"Value":59572},{"Length":211,"Height":282,"Demand":1,"DemandMax":null,"Value":59502},{"Length":251,"Height":237,"Demand":1,"DemandMax":null,"Value":59487},{"Length":293,"Height":203,"Demand":1,"DemandMax":null,"Value":59479},{"Length":236,"Height":252,"Demand":1,"DemandMax":null,"Value":59472},{"Length":291,"Height":203,"Demand":1,"DemandMax":null,"Value":59073},{"Length":206,"Height":286,"Demand":1,"DemandMax":null,"Value":58916},{"Length":269,"Height":219,"Demand":1,"DemandMax":null,"Value":58911},{"Length":215,"Height":274,"Demand":1,"DemandMax":null,"Value":58910},{"Length":296,"Height":199,"Demand":1,"DemandMax":null,"Value":58904},{"Length":259,"Height":227,"Demand":1,"DemandMax":null,"Value":58793},{"Length":199,"Height":295,"Demand":1,"DemandMax":null,"Value":58705},{"Length":216,"Height":271,"Demand":1,"DemandMax":null,"Value":58536},{"Length":249,"Height":235,"Demand":1,"DemandMax":null,"Value":58515},{"Length":250,"Height":234,"Demand":1,"DemandMax":null,"Value":58500},{"Length":277,"Height":211,"Demand":1,"DemandMax":null,"Value":58447},{"Length":250,"Height":233,"Demand":1,"DemandMax":null,"Value":58250},{"Length":285,"Height":204,"Demand":1,"DemandMax":null,"Value":58140},{"Length":284,"Height":203,"Demand":1,"DemandMax":null,"Value":57652},{"Length":247,"Height":233,"Demand":1,"DemandMax":null,"Value":57551},{"Length":199,"Height":289,"Demand":1,"DemandMax":null,"Value":57511},{"Length":258,"Height":222,"Demand":1,"DemandMax":null,"Value":57276},{"Length":192,"Height":298,"Demand":1,"DemandMax":null,"Value":57216},{"Length":282,"Height":202,"Demand":1,"DemandMax":null,"Value":56964},{"Length":241,"Height":236,"Demand":1,"DemandMax":null,"Value":56876},{"Length":202,"Height":281,"Demand":1,"DemandMax":null,"Value":56762},{"Length":224,"Height":252,"Demand":1,"DemandMax":null,"Value":56448},{"Length":261,"Height":216,"Demand":1,"DemandMax":null,"Value":56376},{"Length":230,"Height":245,"Demand":1,"DemandMax":null,"Value":56350},{"Length":283,"Height":199,"Demand":1,"DemandMax":null,"Value":56317},{"Length":265,"Height":212,"Demand":1,"DemandMax":null,"Value":56180},{"Length":193,"Height":291,"Demand":1,"DemandMax":null,"Value":56163},{"Length":197,"Height":285,"Demand":1,"DemandMax":null,"Value":56145},{"Length":280,"Height":200,"Demand":1,"DemandMax":null,"Value":56000},{"Length":198,"Height":282,"Demand":1,"DemandMax":null,"Value":55836},{"Length":265,"Height":210,"Demand":1,"DemandMax":null,"Value":55650},{"Length":271,"Height":205,"Demand":1,"DemandMax":null,"Value":55555},{"Length":272,"Height":202,"Demand":1,"DemandMax":null,"Value":54944},{"Length":211,"Height":260,"Demand":1,"DemandMax":null,"Value":54860},{"Length":294,"Height":186,"Demand":1,"DemandMax":null,"Value":54684},{"Length":193,"Height":283,"Demand":1,"DemandMax":null,"Value":54619},{"Length":195,"Height":280,"Demand":1,"DemandMax":null,"Value":54600},{"Length":284,"Height":192,"Demand":1,"DemandMax":null,"Value":54528},{"Length":182,"Height":299,"Demand":1,"DemandMax":null,"Value":54418},{"Length":239,"Height":227,"Demand":1,"DemandMax":null,"Value":54253},{"Length":183,"Height":295,"Demand":1,"DemandMax":null,"Value":53985},{"Length":197,"Height":273,"Demand":1,"DemandMax":null,"Value":53781},{"Length":192,"Height":280,"Demand":1,"DemandMax":null,"Value":53760},{"Length":260,"Height":206,"Demand":1,"DemandMax":null,"Value":53560},{"Length":255,"Height":210,"Demand":1,"DemandMax":null,"Value":53550},{"Length":245,"Height":218,"Demand":1,"DemandMax":null,"Value":53410},{"Length":200,"Height":267,"Demand":1,"DemandMax":null,"Value":53400},{"Length":211,"Height":253,"Demand":1,"DemandMax":null,"Value":53383},{"Length":215,"Height":248,"Demand":1,"DemandMax":null,"Value":53320},{"Length":218,"Height":244,"Demand":1,"DemandMax":null,"Value":53192},{"Length":184,"Height":289,"Demand":1,"DemandMax":null,"Value":53176},{"Length":207,"Height":256,"Demand":1,"DemandMax":null,"Value":52992},{"Length":276,"Height":192,"Demand":1,"DemandMax":null,"Value":52992},{"Length":178,"Height":297,"Demand":1,"DemandMax":null,"Value":52866},{"Length":188,"Height":281,"Demand":1,"DemandMax":null,"Value":52828},{"Length":222,"Height":237,"Demand":1,"DemandMax":null,"Value":52614},{"Length":203,"Height":259,"Demand":1,"DemandMax":null,"Value":52577},{"Length":268,"Height":196,"Demand":1,"DemandMax":null,"Value":52528},{"Length":216,"Height":243,"Demand":1,"DemandMax":null,"Value":52488},{"Length":195,"Height":269,"Demand":1,"DemandMax":null,"Value":52455},{"Length":223,"Height":234,"Demand":1,"DemandMax":null,"Value":52182},{"Length":257,"Height":203,"Demand":1,"DemandMax":null,"Value":52171},{"Length":217,"Height":240,"Demand":1,"DemandMax":null,"Value":52080},{"Length":180,"Height":289,"Demand":1,"DemandMax":null,"Value":52020},{"Length":285,"Height":182,"Demand":1,"DemandMax":null,"Value":51870},{"Length":254,"Height":204,"Demand":1,"DemandMax":null,"Value":51816},{"Length":185,"Height":280,"Demand":1,"DemandMax":null,"Value":51800},{"Length":236,"Height":219,"Demand":1,"DemandMax":null,"Value":51684},{"Length":295,"Height":175,"Demand":1,"DemandMax":null,"Value":51625},{"Length":274,"Height":188,"Demand":1,"DemandMax":null,"Value":51512},{"Length":204,"Height":252,"Demand":1,"DemandMax":null,"Value":51408},{"Length":295,"Height":174,"Demand":1,"DemandMax":null,"Value":51330},{"Length":185,"Height":277,"Demand":1,"DemandMax":null,"Value":51245},{"Length":251,"Height":204,"Demand":1,"DemandMax":null,"Value":51204},{"Length":289,"Height":177,"Demand":1,"DemandMax":null,"Value":51153},{"Length":258,"Height":198,"Demand":1,"DemandMax":null,"Value":51084},{"Length":270,"Height":189,"Demand":1,"DemandMax":null,"Value":51030},{"Length":260,"Height":196,"Demand":1,"DemandMax":null,"Value":50960},{"Length":227,"Height":223,"Demand":1,"DemandMax":null,"Value":50621},{"Length":196,"Height":258,"Demand":1,"DemandMax":null,"Value":50568},{"Length":197,"Height":256,"Demand":1,"DemandMax":null,"Value":50432},{"Length":228,"Height":221,"Demand":1,"DemandMax":null,"Value":50388},{"Length":284,"Height":177,"Demand":1,"DemandMax":null,"Value":50268},{"Length":255,"Height":197,"Demand":1,"DemandMax":null,"Value":50235},{"Length":245,"Height":205,"Demand":1,"DemandMax":null,"Value":50225},{"Length":264,"Height":190,"Demand":1,"DemandMax":null,"Value":50160},{"Length":249,"Height":201,"Demand":1,"DemandMax":null,"Value":50049},{"Length":200,"Height":250,"Demand":1,"DemandMax":null,"Value":50000},{"Length":196,"Height":255,"Demand":1,"DemandMax":null,"Value":49980},{"Length":299,"Height":167,"Demand":1,"DemandMax":null,"Value":49933},{"Length":293,"Height":170,"Demand":1,"DemandMax":null,"Value":49810},{"Length":208,"Height":239,"Demand":1,"DemandMax":null,"Value":49712},{"Length":271,"Height":183,"Demand":1,"DemandMax":null,"Value":49593},{"Length":289,"Height":171,"Demand":1,"DemandMax":null,"Value":49419},{"Length":283,"Height":174,"Demand":1,"DemandMax":null,"Value":49242},{"Length":265,"Height":185,"Demand":1,"DemandMax":null,"Value":49025},{"Length":280,"Height":175,"Demand":1,"DemandMax":null,"Value":49000},{"Length":213,"Height":230,"Demand":1,"DemandMax":null,"Value":48990},{"Length":232,"Height":211,"Demand":1,"DemandMax":null,"Value":48952},{"Length":286,"Height":171,"Demand":1,"DemandMax":null,"Value":48906},{"Length":242,"Height":202,"Demand":1,"DemandMax":null,"Value":48884},{"Length":234,"Height":208,"Demand":1,"DemandMax":null,"Value":48672},{"Length":236,"Height":206,"Demand":1,"DemandMax":null,"Value":48616},{"Length":174,"Height":278,"Demand":1,"DemandMax":null,"Value":48372},{"Length":281,"Height":172,"Demand":1,"DemandMax":null,"Value":48332},{"Length":201,"Height":240,"Demand":1,"DemandMax":null,"Value":48240},{"Length":220,"Height":219,"Demand":1,"DemandMax":null,"Value":48180},{"Length":285,"Height":169,"Demand":1,"DemandMax":null,"Value":48165},{"Length":290,"Height":166,"Demand":1,"DemandMax":null,"Value":48140},{"Length":183,"Height":263,"Demand":1,"DemandMax":null,"Value":48129},{"Length":176,"Height":273,"Demand":1,"DemandMax":null,"Value":48048},{"Length":269,"Height":178,"Demand":1,"DemandMax":null,"Value":47882},{"Length":190,"Height":252,"Demand":1,"DemandMax":null,"Value":47880},{"Length":191,"Height":250,"Demand":1,"DemandMax":null,"Value":47750},{"Length":159,"Height":300,"Demand":1,"DemandMax":null,"Value":47700},{"Length":243,"Height":196,"Demand":1,"DemandMax":null,"Value":47628},{"Length":170,"Height":280,"Demand":1,"DemandMax":null,"Value":47600},{"Length":278,"Height":171,"Demand":1,"DemandMax":null,"Value":47538},{"Length":213,"Height":223,"Demand":1,"DemandMax":null,"Value":47499},{"Length":236,"Height":201,"Demand":1,"DemandMax":null,"Value":47436},{"Length":282,"Height":168,"Demand":1,"DemandMax":null,"Value":47376},{"Length":167,"Height":283,"Demand":1,"DemandMax":null,"Value":47261},{"Length":291,"Height":162,"Demand":1,"DemandMax":null,"Value":47142},{"Length":198,"Height":238,"Demand":1,"DemandMax":null,"Value":47124},{"Length":263,"Height":179,"Demand":1,"DemandMax":null,"Value":47077},{"Length":269,"Height":175,"Demand":1,"DemandMax":null,"Value":47075},{"Length":280,"Height":168,"Demand":1,"DemandMax":null,"Value":47040},{"Length":183,"Height":257,"Demand":1,"DemandMax":null,"Value":47031},{"Length":292,"Height":161,"Demand":1,"DemandMax":null,"Value":47012},{"Length":276,"Height":170,"Demand":1,"DemandMax":null,"Value":46920},{"Length":244,"Height":192,"Demand":1,"DemandMax":null,"Value":46848},{"Length":209,"Height":224,"Demand":1,"DemandMax":null,"Value":46816},{"Length":245,"Height":191,"Demand":1,"DemandMax":null,"Value":46795},{"Length":247,"Height":189,"Demand":1,"DemandMax":null,"Value":46683},{"Length":220,"Height":212,"Demand":1,"DemandMax":null,"Value":46640},{"Length":248,"Height":188,"Demand":1,"DemandMax":null,"Value":46624},{"Length":177,"Height":263,"Demand":1,"DemandMax":null,"Value":46551},{"Length":266,"Height":175,"Demand":1,"DemandMax":null,"Value":46550},{"Length":204,"Height":228,"Demand":1,"DemandMax":null,"Value":46512},{"Length":254,"Height":183,"Demand":1,"DemandMax":null,"Value":46482},{"Length":174,"Height":267,"Demand":1,"DemandMax":null,"Value":46458},{"Length":273,"Height":170,"Demand":1,"DemandMax":null,"Value":46410},{"Length":177,"Height":262,"Demand":1,"DemandMax":null,"Value":46374},{"Length":288,"Height":161,"Demand":1,"DemandMax":null,"Value":46368},{"Length":207,"Height":224,"Demand":1,"DemandMax":null,"Value":46368},{"Length":268,"Height":173,"Demand":1,"DemandMax":null,"Value":46364},{"Length":179,"Height":259,"Demand":1,"DemandMax":null,"Value":46361},{"Length":162,"Height":286,"Demand":1,"DemandMax":null,"Value":46332},{"Length":166,"Height":279,"Demand":1,"DemandMax":null,"Value":46314},{"Length":184,"Height":251,"Demand":1,"DemandMax":null,"Value":46184},{"Length":292,"Height":158,"Demand":1,"DemandMax":null,"Value":46136},{"Length":275,"Height":167,"Demand":1,"DemandMax":null,"Value":45925},{"Length":292,"Height":157,"Demand":1,"DemandMax":null,"Value":45844},{"Length":201,"Height":228,"Demand":1,"DemandMax":null,"Value":45828},{"Length":250,"Height":183,"Demand":1,"DemandMax":null,"Value":45750},{"Length":185,"Height":247,"Demand":1,"DemandMax":null,"Value":45695},{"Length":171,"Height":267,"Demand":1,"DemandMax":null,"Value":45657},{"Length":239,"Height":191,"Demand":1,"DemandMax":null,"Value":45649},{"Length":252,"Height":181,"Demand":1,"DemandMax":null,"Value":45612},{"Length":219,"Height":208,"Demand":1,"DemandMax":null,"Value":45552},{"Length":197,"Height":231,"Demand":1,"DemandMax":null,"Value":45507},{"Length":192,"Height":237,"Demand":1,"DemandMax":null,"Value":45504},{"Length":184,"Height":247,"Demand":1,"DemandMax":null,"Value":45448},{"Length":160,"Height":284,"Demand":1,"DemandMax":null,"Value":45440},{"Length":239,"Height":190,"Demand":1,"DemandMax":null,"Value":45410},{"Length":183,"Height":248,"Demand":1,"DemandMax":null,"Value":45384},{"Length":157,"Height":289,"Demand":1,"DemandMax":null,"Value":45373},{"Length":216,"Height":210,"Demand":1,"DemandMax":null,"Value":45360},{"Length":166,"Height":273,"Demand":1,"DemandMax":null,"Value":45318},{"Length":256,"Height":177,"Demand":1,"DemandMax":null,"Value":45312},{"Length":221,"Height":205,"Demand":1,"DemandMax":null,"Value":45305},{"Length":162,"Height":279,"Demand":1,"DemandMax":null,"Value":45198},{"Length":277,"Height":163,"Demand":1,"DemandMax":null,"Value":45151},{"Length":169,"Height":267,"Demand":1,"DemandMax":null,"Value":45123},{"Length":187,"Height":241,"Demand":1,"DemandMax":null,"Value":45067},{"Length":287,"Height":157,"Demand":1,"DemandMax":null,"Value":45059},{"Length":189,"Height":238,"Demand":1,"DemandMax":null,"Value":44982},{"Length":212,"Height":211,"Demand":1,"DemandMax":null,"Value":44732},{"Length":222,"Height":201,"Demand":1,"DemandMax":null,"Value":44622},{"Length":199,"Height":224,"Demand":1,"DemandMax":null,"Value":44576},{"Length":225,"Height":198,"Demand":1,"DemandMax":null,"Value":44550},{"Length":212,"Height":210,"Demand":1,"DemandMax":null,"Value":44520},{"Length":289,"Height":154,"Demand":1,"DemandMax":null,"Value":44506},{"Length":276,"Height":161,"Demand":1,"DemandMax":null,"Value":44436},{"Length":300,"Height":148,"Demand":1,"DemandMax":null,"Value":44400},{"Length":290,"Height":153,"Demand":1,"DemandMax":null,"Value":44370},{"Length":232,"Height":191,"Demand":1,"DemandMax":null,"Value":44312},{"Length":270,"Height":164,"Demand":1,"DemandMax":null,"Value":44280},{"Length":186,"Height":238,"Demand":1,"DemandMax":null,"Value":44268},{"Length":266,"Height":166,"Demand":1,"DemandMax":null,"Value":44156},{"Length":197,"Height":224,"Demand":1,"DemandMax":null,"Value":44128},{"Length":255,"Height":173,"Demand":1,"DemandMax":null,"Value":44115},{"Length":196,"Height":225,"Demand":1,"DemandMax":null,"Value":44100},{"Length":161,"Height":273,"Demand":1,"DemandMax":null,"Value":43953},{"Length":209,"Height":210,"Demand":1,"DemandMax":null,"Value":43890},{"Length":214,"Height":205,"Demand":1,"DemandMax":null,"Value":43870},{"Length":292,"Height":150,"Demand":1,"DemandMax":null,"Value":43800},{"Length":161,"Height":272,"Demand":1,"DemandMax":null,"Value":43792},{"Length":277,"Height":158,"Demand":1,"DemandMax":null,"Value":43766},{"Length":177,"Height":247,"Demand":1,"DemandMax":null,"Value":43719},{"Length":268,"Height":163,"Demand":1,"DemandMax":null,"Value":43684},{"Length":224,"Height":195,"Demand":1,"DemandMax":null,"Value":43680},{"Length":251,"Height":174,"Demand":1,"DemandMax":null,"Value":43674},{"Length":212,"Height":206,"Demand":1,"DemandMax":null,"Value":43672},{"Length":258,"Height":169,"Demand":1,"DemandMax":null,"Value":43602},{"Length":262,"Height":166,"Demand":1,"DemandMax":null,"Value":43492},{"Length":223,"Height":195,"Demand":1,"DemandMax":null,"Value":43485},{"Length":257,"Height":169,"Demand":1,"DemandMax":null,"Value":43433},{"Length":180,"Height":241,"Demand":1,"DemandMax":null,"Value":43380},{"Length":157,"Height":276,"Demand":1,"DemandMax":null,"Value":43332},{"Length":174,"Height":249,"Demand":1,"DemandMax":null,"Value":43326},{"Length":300,"Height":144,"Demand":1,"DemandMax":null,"Value":43200},{"Length":237,"Height":182,"Demand":1,"DemandMax":null,"Value":43134},{"Length":249,"Height":173,"Demand":1,"DemandMax":null,"Value":43077},{"Length":229,"Height":188,"Demand":1,"DemandMax":null,"Value":43052},{"Length":164,"Height":262,"Demand":1,"DemandMax":null,"Value":42968},{"Length":148,"Height":290,"Demand":1,"DemandMax":null,"Value":42920},{"Length":199,"Height":215,"Demand":1,"DemandMax":null,"Value":42785},{"Length":191,"Height":224,"Demand":1,"DemandMax":null,"Value":42784},{"Length":197,"Height":217,"Demand":1,"DemandMax":null,"Value":42749},{"Length":226,"Height":189,"Demand":1,"DemandMax":null,"Value":42714},{"Length":184,"Height":232,"Demand":1,"DemandMax":null,"Value":42688},{"Length":292,"Height":146,"Demand":1,"DemandMax":null,"Value":42632},{"Length":210,"Height":203,"Demand":1,"DemandMax":null,"Value":42630},{"Length":263,"Height":162,"Demand":1,"DemandMax":null,"Value":42606},{"Length":153,"Height":278,"Demand":1,"DemandMax":null,"Value":42534},{"Length":184,"Height":231,"Demand":1,"DemandMax":null,"Value":42504},{"Length":295,"Height":144,"Demand":1,"DemandMax":null,"Value":42480},{"Length":236,"Height":180,"Demand":1,"DemandMax":null,"Value":42480},{"Length":164,"Height":259,"Demand":1,"DemandMax":null,"Value":42476},{"Length":201,"Height":211,"Demand":1,"DemandMax":null,"Value":42411},{"Length":213,"Height":199,"Demand":1,"DemandMax":null,"Value":42387},{"Length":195,"Height":217,"Demand":1,"DemandMax":null,"Value":42315},{"Length":278,"Height":152,"Demand":1,"DemandMax":null,"Value":42256},{"Length":201,"Height":210,"Demand":1,"DemandMax":null,"Value":42210},{"Length":181,"Height":233,"Demand":1,"DemandMax":null,"Value":42173},{"Length":268,"Height":157,"Demand":1,"DemandMax":null,"Value":42076},{"Length":163,"Height":258,"Demand":1,"DemandMax":null,"Value":42054},{"Length":198,"Height":212,"Demand":1,"DemandMax":null,"Value":41976},{"Length":195,"Height":215,"Demand":1,"DemandMax":null,"Value":41925},{"Length":144,"Height":291,"Demand":1,"DemandMax":null,"Value":41904},{"Length":147,"Height":284,"Demand":1,"DemandMax":null,"Value":41748},{"Length":183,"Height":228,"Demand":1,"DemandMax":null,"Value":41724},{"Length":161,"Height":259,"Demand":1,"DemandMax":null,"Value":41699},{"Length":182,"Height":229,"Demand":1,"DemandMax":null,"Value":41678},{"Length":184,"Height":226,"Demand":1,"DemandMax":null,"Value":41584},{"Length":212,"Height":196,"Demand":1,"DemandMax":null,"Value":41552},{"Length":176,"Height":236,"Demand":1,"DemandMax":null,"Value":41536},{"Length":187,"Height":221,"Demand":1,"DemandMax":null,"Value":41327},{"Length":255,"Height":162,"Demand":1,"DemandMax":null,"Value":41310},{"Length":178,"Height":232,"Demand":1,"DemandMax":null,"Value":41296},{"Length":181,"Height":228,"Demand":1,"DemandMax":null,"Value":41268},{"Length":233,"Height":177,"Demand":1,"DemandMax":null,"Value":41241},{"Length":190,"Height":217,"Demand":1,"DemandMax":null,"Value":41230},{"Length":201,"Height":205,"Demand":1,"DemandMax":null,"Value":41205},{"Length":231,"Height":178,"Demand":1,"DemandMax":null,"Value":41118},{"Length":221,"Height":186,"Demand":1,"DemandMax":null,"Value":41106},{"Length":223,"Height":184,"Demand":1,"DemandMax":null,"Value":41032},{"Length":140,"Height":293,"Demand":1,"DemandMax":null,"Value":41020},{"Length":192,"Height":213,"Demand":1,"DemandMax":null,"Value":40896},{"Length":289,"Height":141,"Demand":1,"DemandMax":null,"Value":40749},{"Length":200,"Height":203,"Demand":1,"DemandMax":null,"Value":40600},{"Length":163,"Height":249,"Demand":1,"DemandMax":null,"Value":40587},{"Length":144,"Height":281,"Demand":1,"DemandMax":null,"Value":40464},{"Length":238,"Height":170,"Demand":1,"DemandMax":null,"Value":40460},{"Length":261,"Height":155,"Demand":1,"DemandMax":null,"Value":40455},{"Length":235,"Height":172,"Demand":1,"DemandMax":null,"Value":40420},{"Length":297,"Height":136,"Demand":1,"DemandMax":null,"Value":40392},{"Length":209,"Height":193,"Demand":1,"DemandMax":null,"Value":40337},{"Length":212,"Height":190,"Demand":1,"DemandMax":null,"Value":40280},{"Length":163,"Height":247,"Demand":1,"DemandMax":null,"Value":40261},{"Length":298,"Height":135,"Demand":1,"DemandMax":null,"Value":40230},{"Length":134,"Height":300,"Demand":1,"DemandMax":null,"Value":40200},{"Length":181,"Height":222,"Demand":1,"DemandMax":null,"Value":40182},{"Length":245,"Height":164,"Demand":1,"DemandMax":null,"Value":40180},{"Length":276,"Height":145,"Demand":1,"DemandMax":null,"Value":40020},{"Length":138,"Height":290,"Demand":1,"DemandMax":null,"Value":40020},{"Length":164,"Height":243,"Demand":1,"DemandMax":null,"Value":39852},{"Length":168,"Height":237,"Demand":1,"DemandMax":null,"Value":39816},{"Length":282,"Height":141,"Demand":1,"DemandMax":null,"Value":39762},{"Length":193,"Height":206,"Demand":1,"DemandMax":null,"Value":39758},{"Length":189,"Height":210,"Demand":1,"DemandMax":null,"Value":39690},{"Length":164,"Height":242,"Demand":1,"DemandMax":null,"Value":39688},{"Length":134,"Height":296,"Demand":1,"DemandMax":null,"Value":39664},{"Length":254,"Height":156,"Demand":1,"DemandMax":null,"Value":39624},{"Length":279,"Height":142,"Demand":1,"DemandMax":null,"Value":39618},{"Length":170,"Height":233,"Demand":1,"DemandMax":null,"Value":39610},{"Length":172,"Height":230,"Demand":1,"DemandMax":null,"Value":39560},{"Length":224,"Height":176,"Demand":1,"DemandMax":null,"Value":39424},{"Length":270,"Height":146,"Demand":1,"DemandMax":null,"Value":39420},{"Length":200,"Height":197,"Demand":1,"DemandMax":null,"Value":39400},{"Length":138,"Height":285,"Demand":1,"DemandMax":null,"Value":39330},{"Length":157,"Height":250,"Demand":1,"DemandMax":null,"Value":39250},{"Length":169,"Height":232,"Demand":1,"DemandMax":null,"Value":39208},{"Length":198,"Height":198,"Demand":1,"DemandMax":null,"Value":39204},{"Length":194,"Height":202,"Demand":1,"DemandMax":null,"Value":39188},{"Length":131,"Height":299,"Demand":1,"DemandMax":null,"Value":39169},{"Length":214,"Height":183,"Demand":1,"DemandMax":null,"Value":39162},{"Length":142,"Height":275,"Demand":1,"DemandMax":null,"Value":39050},{"Length":273,"Height":143,"Demand":1,"DemandMax":null,"Value":39039},{"Length":193,"Height":202,"Demand":1,"DemandMax":null,"Value":38986},{"Length":203,"Height":192,"Demand":1,"DemandMax":null,"Value":38976},{"Length":147,"Height":265,"Demand":1,"DemandMax":null,"Value":38955},{"Length":190,"Height":205,"Demand":1,"DemandMax":null,"Value":38950},{"Length":142,"Height":274,"Demand":1,"DemandMax":null,"Value":38908},{"Length":144,"Height":270,"Demand":1,"DemandMax":null,"Value":38880},{"Length":237,"Height":164,"Demand":1,"DemandMax":null,"Value":38868},{"Length":268,"Height":145,"Demand":1,"DemandMax":null,"Value":38860},{"Length":250,"Height":155,"Demand":1,"DemandMax":null,"Value":38750},{"Length":214,"Height":181,"Demand":1,"DemandMax":null,"Value":38734},{"Length":164,"Height":236,"Demand":1,"DemandMax":null,"Value":38704},{"Length":180,"Height":215,"Demand":1,"DemandMax":null,"Value":38700},{"Length":130,"Height":297,"Demand":1,"DemandMax":null,"Value":38610},{"Length":285,"Height":135,"Demand":1,"DemandMax":null,"Value":38475},{"Length":197,"Height":195,"Demand":1,"DemandMax":null,"Value":38415},{"Length":173,"Height":222,"Demand":1,"DemandMax":null,"Value":38406},{"Length":202,"Height":190,"Demand":1,"DemandMax":null,"Value":38380},{"Length":278,"Height":138,"Demand":1,"DemandMax":null,"Value":38364},{"Length":179,"Height":214,"Demand":1,"DemandMax":null,"Value":38306},{"Length":266,"Height":144,"Demand":1,"DemandMax":null,"Value":38304},{"Length":208,"Height":184,"Demand":1,"DemandMax":null,"Value":38272},{"Length":138,"Height":277,"Demand":1,"DemandMax":null,"Value":38226},{"Length":142,"Height":269,"Demand":1,"DemandMax":null,"Value":38198},{"Length":248,"Height":154,"Demand":1,"DemandMax":null,"Value":38192},{"Length":128,"Height":298,"Demand":1,"DemandMax":null,"Value":38144},{"Length":244,"Height":156,"Demand":1,"DemandMax":null,"Value":38064},{"Length":299,"Height":127,"Demand":1,"DemandMax":null,"Value":37973},{"Length":150,"Height":253,"Demand":1,"DemandMax":null,"Value":37950},{"Length":270,"Height":140,"Demand":1,"DemandMax":null,"Value":37800},{"Length":158,"Height":239,"Demand":1,"DemandMax":null,"Value":37762},{"Length":126,"Height":299,"Demand":1,"DemandMax":null,"Value":37674},{"Length":139,"Height":271,"Demand":1,"DemandMax":null,"Value":37669},{"Length":195,"Height":193,"Demand":1,"DemandMax":null,"Value":37635},{"Length":174,"Height":216,"Demand":1,"DemandMax":null,"Value":37584},{"Length":270,"Height":139,"Demand":1,"DemandMax":null,"Value":37530},{"Length":171,"Height":219,"Demand":1,"DemandMax":null,"Value":37449},{"Length":193,"Height":194,"Demand":1,"DemandMax":null,"Value":37442},{"Length":238,"Height":157,"Demand":1,"DemandMax":null,"Value":37366},{"Length":265,"Height":141,"Demand":1,"DemandMax":null,"Value":37365},{"Length":203,"Height":184,"Demand":1,"DemandMax":null,"Value":37352},{"Length":177,"Height":211,"Demand":1,"DemandMax":null,"Value":37347},{"Length":187,"Height":199,"Demand":1,"DemandMax":null,"Value":37213},{"Length":141,"Height":263,"Demand":1,"DemandMax":null,"Value":37083},{"Length":157,"Height":236,"Demand":1,"DemandMax":null,"Value":37052},{"Length":126,"Height":294,"Demand":1,"DemandMax":null,"Value":37044},{"Length":287,"Height":129,"Demand":1,"DemandMax":null,"Value":37023},{"Length":257,"Height":144,"Demand":1,"DemandMax":null,"Value":37008},{"Length":192,"Height":192,"Demand":1,"DemandMax":null,"Value":36864},{"Length":135,"Height":273,"Demand":1,"DemandMax":null,"Value":36855},{"Length":222,"Height":166,"Demand":1,"DemandMax":null,"Value":36852},{"Length":290,"Height":127,"Demand":1,"DemandMax":null,"Value":36830},{"Length":171,"Height":215,"Demand":1,"DemandMax":null,"Value":36765},{"Length":298,"Height":123,"Demand":1,"DemandMax":null,"Value":36654},{"Length":157,"Height":233,"Demand":1,"DemandMax":null,"Value":36581},{"Length":144,"Height":254,"Demand":1,"DemandMax":null,"Value":36576},{"Length":132,"Height":277,"Demand":1,"DemandMax":null,"Value":36564},{"Length":221,"Height":165,"Demand":1,"DemandMax":null,"Value":36465},{"Length":249,"Height":146,"Demand":1,"DemandMax":null,"Value":36354},{"Length":128,"Height":284,"Demand":1,"DemandMax":null,"Value":36352},{"Length":182,"Height":199,"Demand":1,"DemandMax":null,"Value":36218},{"Length":158,"Height":229,"Demand":1,"DemandMax":null,"Value":36182},{"Length":137,"Height":264,"Demand":1,"DemandMax":null,"Value":36168},{"Length":202,"Height":179,"Demand":1,"DemandMax":null,"Value":36158},{"Length":165,"Height":219,"Demand":1,"DemandMax":null,"Value":36135},{"Length":178,"Height":203,"Demand":1,"DemandMax":null,"Value":36134},{"Length":157,"Height":230,"Demand":1,"DemandMax":null,"Value":36110},{"Length":145,"Height":249,"Demand":1,"DemandMax":null,"Value":36105},{"Length":196,"Height":184,"Demand":1,"DemandMax":null,"Value":36064},{"Length":237,"Height":152,"Demand":1,"DemandMax":null,"Value":36024},{"Length":221,"Height":162,"Demand":1,"DemandMax":null,"Value":35802},{"Length":222,"Height":161,"Demand":1,"DemandMax":null,"Value":35742},{"Length":147,"Height":243,"Demand":1,"DemandMax":null,"Value":35721},{"Length":288,"Height":124,"Demand":1,"DemandMax":null,"Value":35712},{"Length":174,"Height":205,"Demand":1,"DemandMax":null,"Value":35670},{"Length":135,"Height":264,"Demand":1,"DemandMax":null,"Value":35640},{"Length":122,"Height":292,"Demand":1,"DemandMax":null,"Value":35624},{"Length":156,"Height":228,"Demand":1,"DemandMax":null,"Value":35568},{"Length":282,"Height":126,"Demand":1,"DemandMax":null,"Value":35532},{"Length":187,"Height":190,"Demand":1,"DemandMax":null,"Value":35530},{"Length":240,"Height":148,"Demand":1,"DemandMax":null,"Value":35520},{"Length":269,"Height":132,"Demand":1,"DemandMax":null,"Value":35508},{"Length":122,"Height":291,"Demand":1,"DemandMax":null,"Value":35502},{"Length":169,"Height":210,"Demand":1,"DemandMax":null,"Value":35490},{"Length":173,"Height":205,"Demand":1,"DemandMax":null,"Value":35465},{"Length":149,"Height":238,"Demand":1,"DemandMax":null,"Value":35462},{"Length":198,"Height":179,"Demand":1,"DemandMax":null,"Value":35442},{"Length":130,"Height":272,"Demand":1,"DemandMax":null,"Value":35360},{"Length":155,"Height":228,"Demand":1,"DemandMax":null,"Value":35340},{"Length":273,"Height":129,"Demand":1,"DemandMax":null,"Value":35217},{"Length":162,"Height":217,"Demand":1,"DemandMax":null,"Value":35154},{"Length":266,"Height":132,"Demand":1,"DemandMax":null,"Value":35112},{"Length":228,"Height":154,"Demand":1,"DemandMax":null,"Value":35112},{"Length":270,"Height":130,"Demand":1,"DemandMax":null,"Value":35100},{"Length":274,"Height":128,"Demand":1,"DemandMax":null,"Value":35072},{"Length":170,"Height":206,"Demand":1,"DemandMax":null,"Value":35020},{"Length":299,"Height":117,"Demand":1,"DemandMax":null,"Value":34983},{"Length":130,"Height":268,"Demand":1,"DemandMax":null,"Value":34840},{"Length":237,"Height":147,"Demand":1,"DemandMax":null,"Value":34839},{"Length":290,"Height":120,"Demand":1,"DemandMax":null,"Value":34800},{"Length":122,"Height":285,"Demand":1,"DemandMax":null,"Value":34770},{"Length":202,"Height":172,"Demand":1,"DemandMax":null,"Value":34744},{"Length":159,"Height":218,"Demand":1,"DemandMax":null,"Value":34662},{"Length":125,"Height":277,"Demand":1,"DemandMax":null,"Value":34625},{"Length":139,"Height":249,"Demand":1,"DemandMax":null,"Value":34611},{"Length":155,"Height":223,"Demand":1,"DemandMax":null,"Value":34565},{"Length":214,"Height":161,"Demand":1,"DemandMax":null,"Value":34454},{"Length":263,"Height":131,"Demand":1,"DemandMax":null,"Value":34453},{"Length":218,"Height":158,"Demand":1,"DemandMax":null,"Value":34444},{"Length":120,"Height":287,"Demand":1,"DemandMax":null,"Value":34440},{"Length":282,"Height":122,"Demand":1,"DemandMax":null,"Value":34404},{"Length":211,"Height":163,"Demand":1,"DemandMax":null,"Value":34393},{"Length":171,"Height":201,"Demand":1,"DemandMax":null,"Value":34371},{"Length":162,"Height":212,"Demand":1,"DemandMax":null,"Value":34344},{"Length":154,"Height":223,"Demand":1,"DemandMax":null,"Value":34342},{"Length":166,"Height":206,"Demand":1,"DemandMax":null,"Value":34196},{"Length":255,"Height":134,"Demand":1,"DemandMax":null,"Value":34170},{"Length":131,"Height":260,"Demand":1,"DemandMax":null,"Value":34060},{"Length":150,"Height":227,"Demand":1,"DemandMax":null,"Value":34050},{"Length":230,"Height":148,"Demand":1,"DemandMax":null,"Value":34040},{"Length":165,"Height":206,"Demand":1,"DemandMax":null,"Value":33990},{"Length":123,"Height":276,"Demand":1,"DemandMax":null,"Value":33948},{"Length":226,"Height":150,"Demand":1,"DemandMax":null,"Value":33900},{"Length":198,"Height":171,"Demand":1,"DemandMax":null,"Value":33858},{"Length":162,"Height":209,"Demand":1,"DemandMax":null,"Value":33858},{"Length":178,"Height":190,"Demand":1,"DemandMax":null,"Value":33820},{"Length":133,"Height":254,"Demand":1,"DemandMax":null,"Value":33782},{"Length":152,"Height":222,"Demand":1,"DemandMax":null,"Value":33744},{"Length":144,"Height":234,"Demand":1,"DemandMax":null,"Value":33696},{"Length":249,"Height":135,"Demand":1,"DemandMax":null,"Value":33615},{"Length":120,"Height":280,"Demand":1,"DemandMax":null,"Value":33600},{"Length":230,"Height":146,"Demand":1,"DemandMax":null,"Value":33580},{"Length":114,"Height":294,"Demand":1,"DemandMax":null,"Value":33516},{"Length":161,"Height":208,"Demand":1,"DemandMax":null,"Value":33488},{"Length":187,"Height":179,"Demand":1,"DemandMax":null,"Value":33473},{"Length":213,"Height":157,"Demand":1,"DemandMax":null,"Value":33441},{"Length":257,"Height":130,"Demand":1,"DemandMax":null,"Value":33410},{"Length":283,"Height":118,"Demand":1,"DemandMax":null,"Value":33394},{"Length":210,"Height":159,"Demand":1,"DemandMax":null,"Value":33390},{"Length":141,"Height":236,"Demand":1,"DemandMax":null,"Value":33276},{"Length":282,"Height":118,"Demand":1,"DemandMax":null,"Value":33276},{"Length":279,"Height":119,"Demand":1,"DemandMax":null,"Value":33201},{"Length":194,"Height":171,"Demand":1,"DemandMax":null,"Value":33174},{"Length":121,"Height":274,"Demand":1,"DemandMax":null,"Value":33154},{"Length":283,"Height":117,"Demand":1,"DemandMax":null,"Value":33111},{"Length":225,"Height":147,"Demand":1,"DemandMax":null,"Value":33075},{"Length":198,"Height":167,"Demand":1,"DemandMax":null,"Value":33066},{"Length":128,"Height":258,"Demand":1,"DemandMax":null,"Value":33024},{"Length":161,"Height":205,"Demand":1,"DemandMax":null,"Value":33005},{"Length":217,"Height":152,"Demand":1,"DemandMax":null,"Value":32984},{"Length":138,"Height":239,"Demand":1,"DemandMax":null,"Value":32982},{"Length":179,"Height":184,"Demand":1,"DemandMax":null,"Value":32936},{"Length":177,"Height":186,"Demand":1,"DemandMax":null,"Value":32922},{"Length":176,"Height":187,"Demand":1,"DemandMax":null,"Value":32912},{"Length":276,"Height":119,"Demand":1,"DemandMax":null,"Value":32844},{"Length":116,"Height":283,"Demand":1,"DemandMax":null,"Value":32828},{"Length":290,"Height":113,"Demand":1,"DemandMax":null,"Value":32770},{"Length":252,"Height":130,"Demand":1,"DemandMax":null,"Value":32760},{"Length":178,"Height":184,"Demand":1,"DemandMax":null,"Value":32752},{"Length":146,"Height":224,"Demand":1,"DemandMax":null,"Value":32704},{"Length":154,"Height":212,"Demand":1,"DemandMax":null,"Value":32648},{"Length":199,"Height":164,"Demand":1,"DemandMax":null,"Value":32636},{"Length":249,"Height":131,"Demand":1,"DemandMax":null,"Value":32619},{"Length":265,"Height":123,"Demand":1,"DemandMax":null,"Value":32595},{"Length":291,"Height":112,"Demand":1,"DemandMax":null,"Value":32592},{"Length":141,"Height":231,"Demand":1,"DemandMax":null,"Value":32571},{"Length":176,"Height":185,"Demand":1,"DemandMax":null,"Value":32560},{"Length":226,"Height":144,"Demand":1,"DemandMax":null,"Value":32544},{"Length":174,"Height":187,"Demand":1,"DemandMax":null,"Value":32538},{"Length":172,"Height":189,"Demand":1,"DemandMax":null,"Value":32508},{"Length":170,"Height":191,"Demand":1,"DemandMax":null,"Value":32470},{"Length":113,"Height":287,"Demand":1,"DemandMax":null,"Value":32431},{"Length":120,"Height":270,"Demand":1,"DemandMax":null,"Value":32400},{"Length":194,"Height":167,"Demand":1,"DemandMax":null,"Value":32398},{"Length":294,"Height":110,"Demand":1,"DemandMax":null,"Value":32340},{"Length":151,"Height":214,"Demand":1,"DemandMax":null,"Value":32314},{"Length":234,"Height":138,"Demand":1,"DemandMax":null,"Value":32292},{"Length":150,"Height":215,"Demand":1,"DemandMax":null,"Value":32250},{"Length":193,"Height":167,"Demand":1,"DemandMax":null,"Value":32231},{"Length":145,"Height":222,"Demand":1,"DemandMax":null,"Value":32190},{"Length":114,"Height":282,"Demand":1,"DemandMax":null,"Value":32148},{"Length":190,"Height":169,"Demand":1,"DemandMax":null,"Value":32110},{"Length":113,"Height":284,"Demand":1,"DemandMax":null,"Value":32092},{"Length":140,"Height":229,"Demand":1,"DemandMax":null,"Value":32060},{"Length":133,"Height":241,"Demand":1,"DemandMax":null,"Value":32053},{"Length":267,"Height":120,"Demand":1,"DemandMax":null,"Value":32040},{"Length":149,"Height":215,"Demand":1,"DemandMax":null,"Value":32035},{"Length":239,"Height":134,"Demand":1,"DemandMax":null,"Value":32026},{"Length":138,"Height":232,"Demand":1,"DemandMax":null,"Value":32016},{"Length":226,"Height":141,"Demand":1,"DemandMax":null,"Value":31866},{"Length":294,"Height":108,"Demand":1,"DemandMax":null,"Value":31752},{"Length":191,"Height":166,"Demand":1,"DemandMax":null,"Value":31706},{"Length":179,"Height":177,"Demand":1,"DemandMax":null,"Value":31683},{"Length":240,"Height":132,"Demand":1,"DemandMax":null,"Value":31680},{"Length":107,"Height":296,"Demand":1,"DemandMax":null,"Value":31672},{"Length":128,"Height":247,"Demand":1,"DemandMax":null,"Value":31616},{"Length":117,"Height":270,"Demand":1,"DemandMax":null,"Value":31590},{"Length":261,"Height":121,"Demand":1,"DemandMax":null,"Value":31581},{"Length":189,"Height":167,"Demand":1,"DemandMax":null,"Value":31563},{"Length":222,"Height":142,"Demand":1,"DemandMax":null,"Value":31524},{"Length":129,"Height":244,"Demand":1,"DemandMax":null,"Value":31476},{"Length":260,"Height":121,"Demand":1,"DemandMax":null,"Value":31460},{"Length":105,"Height":299,"Demand":1,"DemandMax":null,"Value":31395},{"Length":133,"Height":236,"Demand":1,"DemandMax":null,"Value":31388},{"Length":282,"Height":111,"Demand":1,"DemandMax":null,"Value":31302},{"Length":208,"Height":150,"Demand":1,"DemandMax":null,"Value":31200},{"Length":119,"Height":262,"Demand":1,"DemandMax":null,"Value":31178},{"Length":115,"Height":271,"Demand":1,"DemandMax":null,"Value":31165},{"Length":201,"Height":155,"Demand":1,"DemandMax":null,"Value":31155},{"Length":216,"Height":144,"Demand":1,"DemandMax":null,"Value":31104},{"Length":213,"Height":146,"Demand":1,"DemandMax":null,"Value":31098},{"Length":232,"Height":134,"Demand":1,"DemandMax":null,"Value":31088},{"Length":296,"Height":105,"Demand":1,"DemandMax":null,"Value":31080},{"Length":155,"Height":200,"Demand":1,"DemandMax":null,"Value":31000},{"Length":176,"Height":176,"Demand":1,"DemandMax":null,"Value":30976},{"Length":190,"Height":163,"Demand":1,"DemandMax":null,"Value":30970},{"Length":218,"Height":142,"Demand":1,"DemandMax":null,"Value":30956},{"Length":300,"Height":103,"Demand":1,"DemandMax":null,"Value":30900},{"Length":133,"Height":232,"Demand":1,"DemandMax":null,"Value":30856},{"Length":152,"Height":203,"Demand":1,"DemandMax":null,"Value":30856},{"Length":191,"Height":161,"Demand":1,"DemandMax":null,"Value":30751},{"Length":144,"Height":213,"Demand":1,"DemandMax":null,"Value":30672},{"Length":232,"Height":132,"Demand":1,"DemandMax":null,"Value":30624},{"Length":251,"Height":122,"Demand":1,"DemandMax":null,"Value":30622},{"Length":180,"Height":170,"Demand":1,"DemandMax":null,"Value":30600},{"Length":280,"Height":109,"Demand":1,"DemandMax":null,"Value":30520},{"Length":121,"Height":251,"Demand":1,"DemandMax":null,"Value":30371},{"Length":289,"Height":105,"Demand":1,"DemandMax":null,"Value":30345},{"Length":167,"Height":181,"Demand":1,"DemandMax":null,"Value":30227},{"Length":204,"Height":148,"Demand":1,"DemandMax":null,"Value":30192},{"Length":293,"Height":103,"Demand":1,"DemandMax":null,"Value":30179},{"Length":107,"Height":282,"Demand":1,"DemandMax":null,"Value":30174},{"Length":130,"Height":232,"Demand":1,"DemandMax":null,"Value":30160},{"Length":138,"Height":218,"Demand":1,"DemandMax":null,"Value":30084},{"Length":104,"Height":289,"Demand":1,"DemandMax":null,"Value":30056},{"Length":124,"Height":242,"Demand":1,"DemandMax":null,"Value":30008},{"Length":206,"Height":145,"Demand":1,"DemandMax":null,"Value":29870},{"Length":120,"Height":248,"Demand":1,"DemandMax":null,"Value":29760},{"Length":222,"Height":134,"Demand":1,"DemandMax":null,"Value":29748},{"Length":268,"Height":111,"Demand":1,"DemandMax":null,"Value":29748},{"Length":286,"Height":104,"Demand":1,"DemandMax":null,"Value":29744},{"Length":187,"Height":159,"Demand":1,"DemandMax":null,"Value":29733},{"Length":263,"Height":113,"Demand":1,"DemandMax":null,"Value":29719},{"Length":270,"Height":110,"Demand":1,"DemandMax":null,"Value":29700},{"Length":169,"Height":175,"Demand":1,"DemandMax":null,"Value":29575},{"Length":284,"Height":104,"Demand":1,"DemandMax":null,"Value":29536},{"Length":193,"Height":153,"Demand":1,"DemandMax":null,"Value":29529},{"Length":105,"Height":281,"Demand":1,"DemandMax":null,"Value":29505},{"Length":146,"Height":202,"Demand":1,"DemandMax":null,"Value":29492},{"Length":131,"Height":225,"Demand":1,"DemandMax":null,"Value":29475},{"Length":223,"Height":132,"Demand":1,"DemandMax":null,"Value":29436},{"Length":168,"Height":175,"Demand":1,"DemandMax":null,"Value":29400},{"Length":147,"Height":200,"Demand":1,"DemandMax":null,"Value":29400},{"Length":213,"Height":138,"Demand":1,"DemandMax":null,"Value":29394},{"Length":188,"Height":156,"Demand":1,"DemandMax":null,"Value":29328},{"Length":269,"Height":109,"Demand":1,"DemandMax":null,"Value":29321},{"Length":128,"Height":229,"Demand":1,"DemandMax":null,"Value":29312},{"Length":108,"Height":271,"Demand":1,"DemandMax":null,"Value":29268},{"Length":113,"Height":259,"Demand":1,"DemandMax":null,"Value":29267},{"Length":171,"Height":171,"Demand":1,"DemandMax":null,"Value":29241},{"Length":175,"Height":167,"Demand":1,"DemandMax":null,"Value":29225},{"Length":166,"Height":176,"Demand":1,"DemandMax":null,"Value":29216},{"Length":144,"Height":202,"Demand":1,"DemandMax":null,"Value":29088},{"Length":187,"Height":155,"Demand":1,"DemandMax":null,"Value":28985},{"Length":105,"Height":276,"Demand":1,"DemandMax":null,"Value":28980},{"Length":146,"Height":198,"Demand":1,"DemandMax":null,"Value":28908},{"Length":220,"Height":131,"Demand":1,"DemandMax":null,"Value":28820},{"Length":240,"Height":120,"Demand":1,"DemandMax":null,"Value":28800},{"Length":124,"Height":232,"Demand":1,"DemandMax":null,"Value":28768},{"Length":158,"Height":182,"Demand":1,"DemandMax":null,"Value":28756},{"Length":116,"Height":247,"Demand":1,"DemandMax":null,"Value":28652},{"Length":111,"Height":258,"Demand":1,"DemandMax":null,"Value":28638},{"Length":249,"Height":115,"Demand":1,"DemandMax":null,"Value":28635},{"Length":103,"Height":278,"Demand":1,"DemandMax":null,"Value":28634},{"Length":192,"Height":149,"Demand":1,"DemandMax":null,"Value":28608},{"Length":141,"Height":202,"Demand":1,"DemandMax":null,"Value":28482},{"Length":160,"Height":178,"Demand":1,"DemandMax":null,"Value":28480},{"Length":196,"Height":145,"Demand":1,"DemandMax":null,"Value":28420},{"Length":157,"Height":181,"Demand":1,"DemandMax":null,"Value":28417},{"Length":128,"Height":222,"Demand":1,"DemandMax":null,"Value":28416},{"Length":227,"Height":125,"Demand":1,"DemandMax":null,"Value":28375},{"Length":173,"Height":164,"Demand":1,"DemandMax":null,"Value":28372},{"Length":260,"Height":109,"Demand":1,"DemandMax":null,"Value":28340},{"Length":108,"Height":262,"Demand":1,"DemandMax":null,"Value":28296},{"Length":205,"Height":138,"Demand":1,"DemandMax":null,"Value":28290},{"Length":179,"Height":158,"Demand":1,"DemandMax":null,"Value":28282},{"Length":280,"Height":101,"Demand":1,"DemandMax":null,"Value":28280},{"Length":268,"Height":105,"Demand":1,"DemandMax":null,"Value":28140},{"Length":246,"Height":114,"Demand":1,"DemandMax":null,"Value":28044},{"Length":107,"Height":262,"Demand":1,"DemandMax":null,"Value":28034},{"Length":162,"Height":173,"Demand":1,"DemandMax":null,"Value":28026},{"Length":175,"Height":160,"Demand":1,"DemandMax":null,"Value":28000},{"Length":108,"Height":259,"Demand":1,"DemandMax":null,"Value":27972},{"Length":241,"Height":116,"Demand":1,"DemandMax":null,"Value":27956},{"Length":127,"Height":220,"Demand":1,"DemandMax":null,"Value":27940},{"Length":223,"Height":125,"Demand":1,"DemandMax":null,"Value":27875},{"Length":178,"Height":156,"Demand":1,"DemandMax":null,"Value":27768},{"Length":190,"Height":146,"Demand":1,"DemandMax":null,"Value":27740},{"Length":201,"Height":138,"Demand":1,"DemandMax":null,"Value":27738},{"Length":263,"Height":105,"Demand":1,"DemandMax":null,"Value":27615},{"Length":238,"Height":116,"Demand":1,"DemandMax":null,"Value":27608},{"Length":197,"Height":140,"Demand":1,"DemandMax":null,"Value":27580},{"Length":171,"Height":161,"Demand":1,"DemandMax":null,"Value":27531},{"Length":148,"Height":186,"Demand":1,"DemandMax":null,"Value":27528},{"Length":158,"Height":174,"Demand":1,"DemandMax":null,"Value":27492},{"Length":188,"Height":146,"Demand":1,"DemandMax":null,"Value":27448},{"Length":161,"Height":170,"Demand":1,"DemandMax":null,"Value":27370},{"Length":220,"Height":124,"Demand":1,"DemandMax":null,"Value":27280},{"Length":176,"Height":155,"Demand":1,"DemandMax":null,"Value":27280},{"Length":152,"Height":179,"Demand":1,"DemandMax":null,"Value":27208},{"Length":158,"Height":172,"Demand":1,"DemandMax":null,"Value":27176},{"Length":129,"Height":210,"Demand":1,"DemandMax":null,"Value":27090},{"Length":192,"Height":141,"Demand":1,"DemandMax":null,"Value":27072},{"Length":162,"Height":167,"Demand":1,"DemandMax":null,"Value":27054},{"Length":179,"Height":151,"Demand":1,"DemandMax":null,"Value":27029},{"Length":143,"Height":189,"Demand":1,"DemandMax":null,"Value":27027},{"Length":140,"Height":193,"Demand":1,"DemandMax":null,"Value":27020},{"Length":186,"Height":145,"Demand":1,"DemandMax":null,"Value":26970},{"Length":267,"Height":101,"Demand":1,"DemandMax":null,"Value":26967},{"Length":128,"Height":210,"Demand":1,"DemandMax":null,"Value":26880},{"Length":144,"Height":186,"Demand":1,"DemandMax":null,"Value":26784},{"Length":111,"Height":241,"Demand":1,"DemandMax":null,"Value":26751},{"Length":134,"Height":199,"Demand":1,"DemandMax":null,"Value":26666},{"Length":172,"Height":155,"Demand":1,"DemandMax":null,"Value":26660},{"Length":136,"Height":196,"Demand":1,"DemandMax":null,"Value":26656},{"Length":102,"Height":261,"Demand":1,"DemandMax":null,"Value":26622},{"Length":106,"Height":251,"Demand":1,"DemandMax":null,"Value":26606},{"Length":121,"Height":219,"Demand":1,"DemandMax":null,"Value":26499},{"Length":104,"Height":254,"Demand":1,"DemandMax":null,"Value":26416},{"Length":261,"Height":101,"Demand":1,"DemandMax":null,"Value":26361},{"Length":123,"Height":214,"Demand":1,"DemandMax":null,"Value":26322},{"Length":147,"Height":179,"Demand":1,"DemandMax":null,"Value":26313},{"Length":164,"Height":159,"Demand":1,"DemandMax":null,"Value":26076},{"Length":248,"Height":105,"Demand":1,"DemandMax":null,"Value":26040},{"Length":130,"Height":200,"Demand":1,"DemandMax":null,"Value":26000},{"Length":139,"Height":187,"Demand":1,"DemandMax":null,"Value":25993},{"Length":228,"Height":114,"Demand":1,"DemandMax":null,"Value":25992},{"Length":115,"Height":226,"Demand":1,"DemandMax":null,"Value":25990},{"Length":111,"Height":233,"Demand":1,"DemandMax":null,"Value":25863},{"Length":256,"Height":101,"Demand":1,"DemandMax":null,"Value":25856},{"Length":186,"Height":139,"Demand":1,"DemandMax":null,"Value":25854},{"Length":251,"Height":103,"Demand":1,"DemandMax":null,"Value":25853},{"Length":142,"Height":182,"Demand":1,"DemandMax":null,"Value":25844},{"Length":177,"Height":146,"Demand":1,"DemandMax":null,"Value":25842},{"Length":239,"Height":108,"Demand":1,"DemandMax":null,"Value":25812},{"Length":131,"Height":197,"Demand":1,"DemandMax":null,"Value":25807},{"Length":100,"Height":258,"Demand":1,"DemandMax":null,"Value":25800},{"Length":203,"Height":127,"Demand":1,"DemandMax":null,"Value":25781},{"Length":250,"Height":103,"Demand":1,"DemandMax":null,"Value":25750},{"Length":143,"Height":180,"Demand":1,"DemandMax":null,"Value":25740},{"Length":236,"Height":109,"Demand":1,"DemandMax":null,"Value":25724},{"Length":108,"Height":238,"Demand":1,"DemandMax":null,"Value":25704},{"Length":177,"Height":145,"Demand":1,"DemandMax":null,"Value":25665},{"Length":148,"Height":172,"Demand":1,"DemandMax":null,"Value":25456},{"Length":229,"Height":111,"Demand":1,"DemandMax":null,"Value":25419},{"Length":127,"Height":200,"Demand":1,"DemandMax":null,"Value":25400},{"Length":222,"Height":114,"Demand":1,"DemandMax":null,"Value":25308},{"Length":196,"Height":129,"Demand":1,"DemandMax":null,"Value":25284},{"Length":154,"Height":164,"Demand":1,"DemandMax":null,"Value":25256},{"Length":223,"Height":113,"Demand":1,"DemandMax":null,"Value":25199},{"Length":198,"Height":127,"Demand":1,"DemandMax":null,"Value":25146},{"Length":106,"Height":237,"Demand":1,"DemandMax":null,"Value":25122},{"Length":198,"Height":126,"Demand":1,"DemandMax":null,"Value":24948},{"Length":189,"Height":132,"Demand":1,"DemandMax":null,"Value":24948},{"Length":117,"Height":213,"Demand":1,"DemandMax":null,"Value":24921},{"Length":145,"Height":170,"Demand":1,"DemandMax":null,"Value":24650},{"Length":152,"Height":162,"Demand":1,"DemandMax":null,"Value":24624},{"Length":234,"Height":105,"Demand":1,"DemandMax":null,"Value":24570},{"Length":203,"Height":121,"Demand":1,"DemandMax":null,"Value":24563},{"Length":129,"Height":190,"Demand":1,"DemandMax":null,"Value":24510},{"Length":133,"Height":184,"Demand":1,"DemandMax":null,"Value":24472},{"Length":115,"Height":212,"Demand":1,"DemandMax":null,"Value":24380},{"Length":195,"Height":124,"Demand":1,"DemandMax":null,"Value":24180},{"Length":152,"Height":159,"Demand":1,"DemandMax":null,"Value":24168},{"Length":162,"Height":149,"Demand":1,"DemandMax":null,"Value":24138},{"Length":116,"Height":208,"Demand":1,"DemandMax":null,"Value":24128},{"Length":151,"Height":159,"Demand":1,"DemandMax":null,"Value":24009},{"Length":109,"Height":220,"Demand":1,"DemandMax":null,"Value":23980},{"Length":146,"Height":164,"Demand":1,"DemandMax":null,"Value":23944},{"Length":156,"Height":153,"Demand":1,"DemandMax":null,"Value":23868},{"Length":102,"Height":234,"Demand":1,"DemandMax":null,"Value":23868},{"Length":134,"Height":178,"Demand":1,"DemandMax":null,"Value":23852},{"Length":139,"Height":171,"Demand":1,"DemandMax":null,"Value":23769},{"Length":154,"Height":154,"Demand":1,"DemandMax":null,"Value":23716},{"Length":156,"Height":152,"Demand":1,"DemandMax":null,"Value":23712},{"Length":125,"Height":189,"Demand":1,"DemandMax":null,"Value":23625},{"Length":176,"Height":134,"Demand":1,"DemandMax":null,"Value":23584},{"Length":216,"Height":109,"Demand":1,"DemandMax":null,"Value":23544},{"Length":159,"Height":148,"Demand":1,"DemandMax":null,"Value":23532},{"Length":125,"Height":187,"Demand":1,"DemandMax":null,"Value":23375},{"Length":229,"Height":102,"Demand":1,"DemandMax":null,"Value":23358},{"Length":131,"Height":178,"Demand":1,"DemandMax":null,"Value":23318},{"Length":113,"Height":206,"Demand":1,"DemandMax":null,"Value":23278},{"Length":144,"Height":161,"Demand":1,"DemandMax":null,"Value":23184},{"Length":143,"Height":162,"Demand":1,"DemandMax":null,"Value":23166},{"Length":155,"Height":149,"Demand":1,"DemandMax":null,"Value":23095},{"Length":183,"Height":126,"Demand":1,"DemandMax":null,"Value":23058},{"Length":213,"Height":108,"Demand":1,"DemandMax":null,"Value":23004},{"Length":209,"Height":110,"Demand":1,"DemandMax":null,"Value":22990},{"Length":169,"Height":136,"Demand":1,"DemandMax":null,"Value":22984},{"Length":191,"Height":120,"Demand":1,"DemandMax":null,"Value":22920},{"Length":159,"Height":144,"Demand":1,"DemandMax":null,"Value":22896},{"Length":191,"Height":119,"Demand":1,"DemandMax":null,"Value":22729},{"Length":101,"Height":225,"Demand":1,"DemandMax":null,"Value":22725},{"Length":113,"Height":201,"Demand":1,"DemandMax":null,"Value":22713},{"Length":152,"Height":149,"Demand":1,"DemandMax":null,"Value":22648},{"Length":204,"Height":111,"Demand":1,"DemandMax":null,"Value":22644},{"Length":101,"Height":224,"Demand":1,"DemandMax":null,"Value":22624},{"Length":116,"Height":195,"Demand":1,"DemandMax":null,"Value":22620},{"Length":104,"Height":217,"Demand":1,"DemandMax":null,"Value":22568},{"Length":186,"Height":121,"Demand":1,"DemandMax":null,"Value":22506},{"Length":175,"Height":128,"Demand":1,"DemandMax":null,"Value":22400},{"Length":100,"Height":224,"Demand":1,"DemandMax":null,"Value":22400},{"Length":112,"Height":200,"Demand":1,"DemandMax":null,"Value":22400},{"Length":194,"Height":115,"Demand":1,"DemandMax":null,"Value":22310},{"Length":223,"Height":100,"Demand":1,"DemandMax":null,"Value":22300},{"Length":149,"Height":149,"Demand":1,"DemandMax":null,"Value":22201},{"Length":118,"Height":188,"Demand":1,"DemandMax":null,"Value":22184},{"Length":113,"Height":196,"Demand":1,"DemandMax":null,"Value":22148},{"Length":185,"Height":119,"Demand":1,"DemandMax":null,"Value":22015},{"Length":183,"Height":120,"Demand":1,"DemandMax":null,"Value":21960},{"Length":196,"Height":112,"Demand":1,"DemandMax":null,"Value":21952},{"Length":167,"Height":131,"Demand":1,"DemandMax":null,"Value":21877},{"Length":204,"Height":107,"Demand":1,"DemandMax":null,"Value":21828},{"Length":132,"Height":165,"Demand":1,"DemandMax":null,"Value":21780},{"Length":149,"Height":146,"Demand":1,"DemandMax":null,"Value":21754},{"Length":151,"Height":144,"Demand":1,"DemandMax":null,"Value":21744},{"Length":105,"Height":207,"Demand":1,"DemandMax":null,"Value":21735},{"Length":148,"Height":146,"Demand":1,"DemandMax":null,"Value":21608},{"Length":113,"Height":191,"Demand":1,"DemandMax":null,"Value":21583},{"Length":154,"Height":140,"Demand":1,"DemandMax":null,"Value":21560},{"Length":197,"Height":109,"Demand":1,"DemandMax":null,"Value":21473},{"Length":147,"Height":146,"Demand":1,"DemandMax":null,"Value":21462},{"Length":108,"Height":198,"Demand":1,"DemandMax":null,"Value":21384},{"Length":136,"Height":157,"Demand":1,"DemandMax":null,"Value":21352},{"Length":140,"Height":152,"Demand":1,"DemandMax":null,"Value":21280},{"Length":155,"Height":137,"Demand":1,"DemandMax":null,"Value":21235},{"Length":136,"Height":156,"Demand":1,"DemandMax":null,"Value":21216},{"Length":143,"Height":148,"Demand":1,"DemandMax":null,"Value":21164},{"Length":152,"Height":139,"Demand":1,"DemandMax":null,"Value":21128},{"Length":166,"Height":127,"Demand":1,"DemandMax":null,"Value":21082},{"Length":134,"Height":157,"Demand":1,"DemandMax":null,"Value":21038},{"Length":194,"Height":107,"Demand":1,"DemandMax":null,"Value":20758},{"Length":193,"Height":107,"Demand":1,"DemandMax":null,"Value":20651},{"Length":129,"Height":160,"Demand":1,"DemandMax":null,"Value":20640},{"Length":204,"Height":101,"Demand":1,"DemandMax":null,"Value":20604},{"Length":136,"Height":151,"Demand":1,"DemandMax":null,"Value":20536},{"Length":151,"Height":135,"Demand":1,"DemandMax":null,"Value":20385},{"Length":163,"Height":125,"Demand":1,"DemandMax":null,"Value":20375},{"Length":122,"Height":167,"Demand":1,"DemandMax":null,"Value":20374},{"Length":165,"Height":123,"Demand":1,"DemandMax":null,"Value":20295},{"Length":157,"Height":129,"Demand":1,"DemandMax":null,"Value":20253},{"Length":122,"Height":166,"Demand":1,"DemandMax":null,"Value":20252},{"Length":103,"Height":196,"Demand":1,"DemandMax":null,"Value":20188},{"Length":139,"Height":145,"Demand":1,"DemandMax":null,"Value":20155},{"Length":147,"Height":137,"Demand":1,"DemandMax":null,"Value":20139},{"Length":119,"Height":169,"Demand":1,"DemandMax":null,"Value":20111},{"Length":166,"Height":121,"Demand":1,"DemandMax":null,"Value":20086},{"Length":163,"Height":122,"Demand":1,"DemandMax":null,"Value":19886},{"Length":114,"Height":174,"Demand":1,"DemandMax":null,"Value":19836},{"Length":110,"Height":179,"Demand":1,"DemandMax":null,"Value":19690},{"Length":136,"Height":144,"Demand":1,"DemandMax":null,"Value":19584},{"Length":181,"Height":108,"Demand":1,"DemandMax":null,"Value":19548},{"Length":122,"Height":159,"Demand":1,"DemandMax":null,"Value":19398},{"Length":172,"Height":112,"Demand":1,"DemandMax":null,"Value":19264},{"Length":180,"Height":107,"Demand":1,"DemandMax":null,"Value":19260},{"Length":192,"Height":100,"Demand":1,"DemandMax":null,"Value":19200},{"Length":104,"Height":184,"Demand":1,"DemandMax":null,"Value":19136},{"Length":150,"Height":127,"Demand":1,"DemandMax":null,"Value":19050},{"Length":143,"Height":133,"Demand":1,"DemandMax":null,"Value":19019},{"Length":155,"Height":122,"Demand":1,"DemandMax":null,"Value":18910},{"Length":135,"Height":140,"Demand":1,"DemandMax":null,"Value":18900},{"Length":132,"Height":142,"Demand":1,"DemandMax":null,"Value":18744},{"Length":156,"Height":120,"Demand":1,"DemandMax":null,"Value":18720},{"Length":187,"Height":100,"Demand":1,"DemandMax":null,"Value":18700},{"Length":100,"Height":186,"Demand":1,"DemandMax":null,"Value":18600},{"Length":182,"Height":102,"Demand":1,"DemandMax":null,"Value":18564},{"Length":136,"Height":136,"Demand":1,"DemandMax":null,"Value":18496},{"Length":178,"Height":103,"Demand":1,"DemandMax":null,"Value":18334},{"Length":158,"Height":116,"Demand":1,"DemandMax":null,"Value":18328},{"Length":152,"Height":120,"Demand":1,"DemandMax":null,"Value":18240},{"Length":135,"Height":135,"Demand":1,"DemandMax":null,"Value":18225},{"Length":112,"Height":162,"Demand":1,"DemandMax":null,"Value":18144},{"Length":119,"Height":152,"Demand":1,"DemandMax":null,"Value":18088},{"Length":167,"Height":108,"Demand":1,"DemandMax":null,"Value":18036},{"Length":154,"Height":117,"Demand":1,"DemandMax":null,"Value":18018},{"Length":159,"Height":112,"Demand":1,"DemandMax":null,"Value":17808},{"Length":139,"Height":128,"Demand":1,"DemandMax":null,"Value":17792},{"Length":160,"Height":111,"Demand":1,"DemandMax":null,"Value":17760},{"Length":124,"Height":143,"Demand":1,"DemandMax":null,"Value":17732},{"Length":106,"Height":167,"Demand":1,"DemandMax":null,"Value":17702},{"Length":109,"Height":162,"Demand":1,"DemandMax":null,"Value":17658},{"Length":100,"Height":176,"Demand":1,"DemandMax":null,"Value":17600},{"Length":143,"Height":123,"Demand":1,"DemandMax":null,"Value":17589},{"Length":129,"Height":136,"Demand":1,"DemandMax":null,"Value":17544},{"Length":146,"Height":120,"Demand":1,"DemandMax":null,"Value":17520},{"Length":110,"Height":159,"Demand":1,"DemandMax":null,"Value":17490},{"Length":142,"Height":123,"Demand":1,"DemandMax":null,"Value":17466},{"Length":122,"Height":143,"Demand":1,"DemandMax":null,"Value":17446},{"Length":149,"Height":117,"Demand":1,"DemandMax":null,"Value":17433},{"Length":121,"Height":143,"Demand":1,"DemandMax":null,"Value":17303},{"Length":125,"Height":138,"Demand":1,"DemandMax":null,"Value":17250},{"Length":111,"Height":155,"Demand":1,"DemandMax":null,"Value":17205},{"Length":131,"Height":131,"Demand":1,"DemandMax":null,"Value":17161},{"Length":102,"Height":168,"Demand":1,"DemandMax":null,"Value":17136},{"Length":114,"Height":150,"Demand":1,"DemandMax":null,"Value":17100},{"Length":102,"Height":167,"Demand":1,"DemandMax":null,"Value":17034},{"Length":157,"Height":107,"Demand":1,"DemandMax":null,"Value":16799},{"Length":154,"Height":109,"Demand":1,"DemandMax":null,"Value":16786},{"Length":141,"Height":119,"Demand":1,"DemandMax":null,"Value":16779},{"Length":128,"Height":130,"Demand":1,"DemandMax":null,"Value":16640},{"Length":130,"Height":126,"Demand":1,"DemandMax":null,"Value":16380},{"Length":120,"Height":136,"Demand":1,"DemandMax":null,"Value":16320},{"Length":115,"Height":141,"Demand":1,"DemandMax":null,"Value":16215},{"Length":152,"Height":106,"Demand":1,"DemandMax":null,"Value":16112},{"Length":134,"Height":120,"Demand":1,"DemandMax":null,"Value":16080},{"Length":141,"Height":114,"Demand":1,"DemandMax":null,"Value":16074},{"Length":105,"Height":153,"Demand":1,"DemandMax":null,"Value":16065},{"Length":104,"Height":152,"Demand":1,"DemandMax":null,"Value":15808},{"Length":140,"Height":112,"Demand":1,"DemandMax":null,"Value":15680},{"Length":138,"Height":113,"Demand":1,"DemandMax":null,"Value":15594},{"Length":154,"Height":100,"Demand":1,"DemandMax":null,"Value":15400},{"Length":106,"Height":144,"Demand":1,"DemandMax":null,"Value":15264},{"Length":102,"Height":149,"Demand":1,"DemandMax":null,"Value":15198},{"Length":115,"Height":132,"Demand":1,"DemandMax":null,"Value":15180},{"Length":106,"Height":143,"Demand":1,"DemandMax":null,"Value":15158},{"Length":113,"Height":134,"Demand":1,"DemandMax":null,"Value":15142},{"Length":149,"Height":101,"Demand":1,"DemandMax":null,"Value":15049},{"Length":134,"Height":112,"Demand":1,"DemandMax":null,"Value":15008},{"Length":104,"Height":144,"Demand":1,"DemandMax":null,"Value":14976},{"Length":148,"Height":101,"Demand":1,"DemandMax":null,"Value":14948},{"Length":142,"Height":104,"Demand":1,"DemandMax":null,"Value":14768},{"Length":120,"Height":122,"Demand":1,"DemandMax":null,"Value":14640},{"Length":132,"Height":109,"Demand":1,"DemandMax":null,"Value":14388},{"Length":139,"Height":101,"Demand":1,"DemandMax":null,"Value":14039},{"Length":113,"Height":124,"Demand":1,"DemandMax":null,"Value":14012},{"Length":111,"Height":126,"Demand":1,"DemandMax":null,"Value":13986},{"Length":138,"Height":101,"Demand":1,"DemandMax":null,"Value":13938},{"Length":117,"Height":119,"Demand":1,"DemandMax":null,"Value":13923},{"Length":121,"Height":115,"Demand":1,"DemandMax":null,"Value":13915},{"Length":117,"Height":116,"Demand":1,"DemandMax":null,"Value":13572},{"Length":131,"Height":103,"Demand":1,"DemandMax":null,"Value":13493},{"Length":102,"Height":132,"Demand":1,"DemandMax":null,"Value":13464},{"Length":107,"Height":125,"Demand":1,"DemandMax":null,"Value":13375},{"Length":103,"Height":126,"Demand":1,"DemandMax":null,"Value":12978},{"Length":122,"Height":106,"Demand":1,"DemandMax":null,"Value":12932},{"Length":116,"Height":111,"Demand":1,"DemandMax":null,"Value":12876},{"Length":116,"Height":110,"Demand":1,"DemandMax":null,"Value":12760},{"Length":103,"Height":123,"Demand":1,"DemandMax":null,"Value":12669},{"Length":118,"Height":107,"Demand":1,"DemandMax":null,"Value":12626},{"Length":120,"Height":105,"Demand":1,"DemandMax":null,"Value":12600},{"Length":122,"Height":103,"Demand":1,"DemandMax":null,"Value":12566},{"Length":100,"Height":125,"Demand":1,"DemandMax":null,"Value":12500},{"Length":102,"Height":122,"Demand":1,"DemandMax":null,"Value":12444},{"Length":111,"Height":112,"Demand":1,"DemandMax":null,"Value":12432},{"Length":115,"Height":105,"Demand":1,"DemandMax":null,"Value":12075},{"Length":119,"Height":101,"Demand":1,"DemandMax":null,"Value":12019},{"Length":110,"Height":105,"Demand":1,"DemandMax":null,"Value":11550},{"Length":115,"Height":100,"Demand":1,"DemandMax":null,"Value":11500},{"Length":111,"Height":101,"Demand":1,"DemandMax":null,"Value":11211},{"Length":110,"Height":101,"Demand":1,"DemandMax":null,"Value":11110},{"Length":111,"Height":100,"Demand":1,"DemandMax":null,"Value":11100},{"Length":104,"Height":104,"Demand":1,"DemandMax":null,"Value":10816}]}