{"Name":"AH144","Objects":[{"Length":1000,"Height":41164,"Stock":null,"Cost":41164000}],"Items":[{"Length":281,"Height":298,"Demand":10,"DemandMax":null,"Value":83738},{"Length":281,"Height":283,"Demand":10,"DemandMax":null,"Value":79523},{"Length":291,"Height":269,"Demand":10,"DemandMax":null,"Value":78279},{"Length":265,"Height":294,"Demand":10,"DemandMax":null,"Value":77910},{"Length":254,"Height":285,"Demand":10,"DemandMax":null,"Value":72390},{"Length":263,"Height":275,"Demand":10,"DemandMax":null,"Value":72325},{"Length":238,"Height":294,"Demand":10,"DemandMax":null,"Value":69972},{"Length":239,"Height":292,"Demand":10,"DemandMax":null,"Value":69788},{"Length":266,"Height":259,"Demand":10,"DemandMax":null,"Value":68894},{"Length":234,"Height":293,"Demand":10,"DemandMax":null,"Value":68562},{"Length":274,"Height":248,"Demand":10,"DemandMax":null,"Value":67952},{"Length":292,"Height":232,"Demand":10,"DemandMax":null,"Value":67744},{"Length":224,"Height":296,"Demand":10,"DemandMax":null,"Value":66304},{"Length":240,"Height":272,"Demand":10,"DemandMax":null,"Value":65280},{"Length":261,"Height":246,"Demand":10,"DemandMax":null,"Value":64206},{"Length":217,"Height":283,"Demand":10,"DemandMax":null,"Value":61411},{"Length":200,"Height":298,"Demand":10,"DemandMax":null,"Value":59600},{"Length":244,"Height":238,"Demand":10,"DemandMax":null,"Value":58072},{"Length":232,"Height":247,"Demand":10,"DemandMax":null,"Value":57304},{"Length":195,"Height":293,"Demand":10,"DemandMax":null,"Value":57135},{"Length":250,"Height":225,"Demand":10,"DemandMax":null,"Value":56250},{"Length":187,"Height":296,"Demand":10,"DemandMax":null,"Value":55352},{"Length":192,"Height":284,"Demand":10,"DemandMax":null,"Value":54528},{"Length":203,"Height":265,"Demand":10,"DemandMax":null,"Value":53795},{"Length":195,"Height":273,"Demand":10,"DemandMax":null,"Value":53235},{"Length":294,"Height":180,"Demand":10,"DemandMax":null,"Value":52920},{"Length":215,"Height":237,"Demand":10,"DemandMax":null,"Value":50955},{"Length":289,"Height":176,"Demand":10,"DemandMax":null,"Value":50864},{"Length":207,"Height":245,"Demand":10,"DemandMax":null,"Value":50715},{"Length":228,"Height":221,"Demand":10,"DemandMax":null,"Value":50388},{"Length":181,"Height":275,"Demand":10,"DemandMax":null,"Value":49775},{"Length":254,"Height":195,"Demand":10,"DemandMax":null,"Value":49530},{"Length":224,"Height":221,"Demand":10,"DemandMax":null,"Value":49504},{"Length":164,"Height":295,"Demand":10,"DemandMax":null,"Value":48380},{"Length":171,"Height":275,"Demand":10,"DemandMax":null,"Value":47025},{"Length":229,"Height":202,"Demand":10,"DemandMax":null,"Value":46258},{"Length":266,"Height":172,"Demand":10,"DemandMax":null,"Value":45752},{"Length":256,"Height":178,"Demand":10,"DemandMax":null,"Value":45568},{"Length":171,"Height":266,"Demand":10,"DemandMax":null,"Value":45486},{"Length":154,"Height":294,"Demand":10,"DemandMax":null,"Value":45276},{"Length":254,"Height":178,"Demand":10,"DemandMax":null,"Value":45212},{"Length":206,"Height":218,"Demand":10,"DemandMax":null,"Value":44908},{"Length":154,"Height":287,"Demand":10,"DemandMax":null,"Value":44198},{"Length":207,"Height":213,"Demand":10,"DemandMax":null,"Value":44091},{"Length":220,"Height":199,"Demand":10,"DemandMax":null,"Value":43780},{"Length":293,"Height":149,"Demand":10,"DemandMax":null,"Value":43657},{"Length":145,"Height":298,"Demand":10,"DemandMax":null,"Value":43210},{"Length":276,"Height":154,"Demand":10,"DemandMax":null,"Value":42504},{"Length":153,"Height":272,"Demand":10,"DemandMax":null,"Value":41616},{"Length":215,"Height":186,"Demand":10,"DemandMax":null,"Value":39990},{"Length":141,"Height":281,"Demand":10,"DemandMax":null,"Value":39621},{"Length":164,"Height":240,"Demand":10,"DemandMax":null,"Value":39360},{"Length":145,"Height":268,"Demand":10,"DemandMax":null,"Value":38860},{"Length":197,"Height":190,"Demand":10,"DemandMax":null,"Value":37430},{"Length":291,"Height":125,"Demand":10,"DemandMax":null,"Value":36375},{"Length":274,"Height":132,"Demand":10,"DemandMax":null,"Value":36168},{"Length":289,"Height":125,"Demand":10,"DemandMax":null,"Value":36125},{"Length":267,"Height":135,"Demand":10,"DemandMax":null,"Value":36045},{"Length":188,"Height":191,"Demand":10,"DemandMax":null,"Value":35908},{"Length":192,"Height":187,"Demand":10,"DemandMax":null,"Value":35904},{"Length":195,"Height":180,"Demand":10,"DemandMax":null,"Value":35100},{"Length":217,"Height":158,"Demand":10,"DemandMax":null,"Value":34286},{"Length":128,"Height":260,"Demand":10,"DemandMax":null,"Value":33280},{"Length":117,"Height":281,"Demand":10,"DemandMax":null,"Value":32877},{"Length":180,"Height":177,"Demand":10,"DemandMax":null,"Value":31860},{"Length":195,"Height":161,"Demand":10,"DemandMax":null,"Value":31395},{"Length":255,"Height":122,"Demand":10,"DemandMax":null,"Value":31110},{"Length":106,"Height":289,"Demand":10,"DemandMax":null,"Value":30634},{"Length":185,"Height":156,"Demand":10,"DemandMax":null,"Value":28860},{"Length":209,"Height":137,"Demand":10,"DemandMax":null,"Value":28633},{"Length":232,"Height":122,"Demand":10,"DemandMax":null,"Value":28304},{"Length":132,"Height":214,"Demand":10,"DemandMax":null,"Value":28248},{"Length":172,"Height":162,"Demand":10,"DemandMax":null,"Value":27864},{"Length":251,"Height":110,"Demand":10,"DemandMax":null,"Value":27610},{"Length":197,"Height":136,"Demand":10,"DemandMax":null,"Value":26792},{"Length":110,"Height":243,"Demand":10,"DemandMax":null,"Value":26730},{"Length":249,"Height":104,"Demand":10,"DemandMax":null,"Value":25896},{"Length":135,"Height":189,"Demand":10,"DemandMax":null,"Value":25515},{"Length":204,"Height":123,"Demand":10,"DemandMax":null,"Value":25092},{"Length":236,"Height":106,"Demand":10,"DemandMax":null,"Value":25016},{"Length":234,"Height":103,"Demand":10,"DemandMax":null,"Value":24102},{"Length":167,"Height":137,"Demand":10,"DemandMax":null,"Value":22879},{"Length":220,"Height":102,"Demand":10,"DemandMax":null,"Value":22440},{"Length":127,"Height":174,"Demand":10,"DemandMax":null,"Value":22098},{"Length":142,"Height":155,"Demand":10,"DemandMax":null,"Value":22010},{"Length":140,"Height":141,"Demand":10,"DemandMax":null,"Value":19740},{"Length":121,"Height":158,"Demand":10,"DemandMax":null,"Value":19118},{"Length":174,"Height":108,"Demand":10,"DemandMax":null,"Value":18792},{"Length":134,"Height":135,"Demand":10,"DemandMax":null,"Value":18090},{"Length":129,"Height":138,"Demand":10,"DemandMax":null,"Value":17802},{"Length":142,"Height":125,"Demand":10,"DemandMax":null,"Value":17750},{"Length":142,"Height":122,"Demand":10,"DemandMax":null,"Value":17324},{"Length":150,"Height":112,"Demand":10,"DemandMax":null,"Value":16800},{"Length":150,"Height":111,"Demand":10,"DemandMax":null,"Value":16650},{"Length":135,"Height":112,"Demand":10,"DemandMax":null,"Value":15120},{"Length":116,"Height":129,"Demand":10,"DemandMax":null,"Value":14964},{"Length":118,"Height":124,"Demand":10,"DemandMax":null,"Value":14632},{"Length":123,"Height":114,"Demand":10,"DemandMax":null,"Value":14022},{"Length":114,"Height":119,"Demand":10,"DemandMax":null,"Value":13566},{"Length":103,"Height":101,"Demand":10,"DemandMax":null,"Value":10403}]}