{"Name":"AH278","Objects":[{"Length":1000,"Height":38460,"Stock":null,"Cost":38460000}],"Items":[{"Length":368,"Height":372,"Demand":1,"DemandMax":null,"Value":136896},{"Length":366,"Height":372,"Demand":1,"DemandMax":null,"Value":136152},{"Length":364,"Height":373,"Demand":1,"DemandMax":null,"Value":135772},{"Length":365,"Height":366,"Demand":1,"DemandMax":null,"Value":133590},{"Length":356,"Height":373,"Demand":1,"DemandMax":null,"Value":132788},{"Length":359,"Height":363,"Demand":1,"DemandMax":null,"Value":130317},{"Length":354,"Height":368,"Demand":1,"DemandMax":null,"Value":130272},{"Length":373,"Height":349,"Demand":1,"DemandMax":null,"Value":130177},{"Length":344,"Height":375,"Demand":1,"DemandMax":null,"Value":129000},{"Length":370,"Height":340,"Demand":1,"DemandMax":null,"Value":125800},{"Length":353,"Height":349,"Demand":1,"DemandMax":null,"Value":123197},{"Length":351,"Height":347,"Demand":1,"DemandMax":null,"Value":121797},{"Length":332,"Height":364,"Demand":1,"DemandMax":null,"Value":120848},{"Length":337,"Height":351,"Demand":1,"DemandMax":null,"Value":118287},{"Length":318,"Height":367,"Demand":1,"DemandMax":null,"Value":116706},{"Length":324,"Height":360,"Demand":1,"DemandMax":null,"Value":116640},{"Length":355,"Height":323,"Demand":1,"DemandMax":null,"Value":114665},{"Length":373,"Height":306,"Demand":1,"DemandMax":null,"Value":114138},{"Length":375,"Height":304,"Demand":1,"DemandMax":null,"Value":114000},{"Length":325,"Height":345,"Demand":1,"DemandMax":null,"Value":112125},{"Length":318,"Height":349,"Demand":1,"DemandMax":null,"Value":110982},{"Length":323,"Height":343,"Demand":1,"DemandMax":null,"Value":110789},{"Length":341,"Height":323,"Demand":1,"DemandMax":null,"Value":110143},{"Length":297,"Height":368,"Demand":1,"DemandMax":null,"Value":109296},{"Length":296,"Height":368,"Demand":1,"DemandMax":null,"Value":108928},{"Length":290,"Height":374,"Demand":1,"DemandMax":null,"Value":108460},{"Length":367,"Height":295,"Demand":1,"DemandMax":null,"Value":108265},{"Length":360,"Height":300,"Demand":1,"DemandMax":null,"Value":108000},{"Length":361,"Height":298,"Demand":1,"DemandMax":null,"Value":107578},{"Length":321,"Height":332,"Demand":1,"DemandMax":null,"Value":106572},{"Length":348,"Height":306,"Demand":1,"DemandMax":null,"Value":106488},{"Length":296,"Height":359,"Demand":1,"DemandMax":null,"Value":106264},{"Length":321,"Height":331,"Demand":1,"DemandMax":null,"Value":106251},{"Length":289,"Height":366,"Demand":1,"DemandMax":null,"Value":105774},{"Length":348,"Height":299,"Demand":1,"DemandMax":null,"Value":104052},{"Length":288,"Height":360,"Demand":1,"DemandMax":null,"Value":103680},{"Length":336,"Height":307,"Demand":1,"DemandMax":null,"Value":103152},{"Length":352,"Height":290,"Demand":1,"DemandMax":null,"Value":102080},{"Length":274,"Height":372,"Demand":1,"DemandMax":null,"Value":101928},{"Length":317,"Height":320,"Demand":1,"DemandMax":null,"Value":101440},{"Length":366,"Height":277,"Demand":1,"DemandMax":null,"Value":101382},{"Length":341,"Height":297,"Demand":1,"DemandMax":null,"Value":101277},{"Length":375,"Height":269,"Demand":1,"DemandMax":null,"Value":100875},{"Length":295,"Height":341,"Demand":1,"DemandMax":null,"Value":100595},{"Length":326,"Height":307,"Demand":1,"DemandMax":null,"Value":100082},{"Length":326,"Height":306,"Demand":1,"DemandMax":null,"Value":99756},{"Length":301,"Height":327,"Demand":1,"DemandMax":null,"Value":98427},{"Length":273,"Height":359,"Demand":1,"DemandMax":null,"Value":98007},{"Length":269,"Height":363,"Demand":1,"DemandMax":null,"Value":97647},{"Length":322,"Height":302,"Demand":1,"DemandMax":null,"Value":97244},{"Length":371,"Height":262,"Demand":1,"DemandMax":null,"Value":97202},{"Length":268,"Height":361,"Demand":1,"DemandMax":null,"Value":96748},{"Length":348,"Height":278,"Demand":1,"DemandMax":null,"Value":96744},{"Length":277,"Height":349,"Demand":1,"DemandMax":null,"Value":96673},{"Length":355,"Height":271,"Demand":1,"DemandMax":null,"Value":96205},{"Length":336,"Height":286,"Demand":1,"DemandMax":null,"Value":96096},{"Length":292,"Height":329,"Demand":1,"DemandMax":null,"Value":96068},{"Length":374,"Height":253,"Demand":1,"DemandMax":null,"Value":94622},{"Length":274,"Height":344,"Demand":1,"DemandMax":null,"Value":94256},{"Length":306,"Height":308,"Demand":1,"DemandMax":null,"Value":94248},{"Length":372,"Height":252,"Demand":1,"DemandMax":null,"Value":93744},{"Length":369,"Height":254,"Demand":1,"DemandMax":null,"Value":93726},{"Length":323,"Height":290,"Demand":1,"DemandMax":null,"Value":93670},{"Length":314,"Height":298,"Demand":1,"DemandMax":null,"Value":93572},{"Length":296,"Height":316,"Demand":1,"DemandMax":null,"Value":93536},{"Length":292,"Height":320,"Demand":1,"DemandMax":null,"Value":93440},{"Length":352,"Height":264,"Demand":1,"DemandMax":null,"Value":92928},{"Length":272,"Height":341,"Demand":1,"DemandMax":null,"Value":92752},{"Length":249,"Height":372,"Demand":1,"DemandMax":null,"Value":92628},{"Length":276,"Height":335,"Demand":1,"DemandMax":null,"Value":92460},{"Length":254,"Height":364,"Demand":1,"DemandMax":null,"Value":92456},{"Length":375,"Height":246,"Demand":1,"DemandMax":null,"Value":92250},{"Length":345,"Height":265,"Demand":1,"DemandMax":null,"Value":91425},{"Length":321,"Height":283,"Demand":1,"DemandMax":null,"Value":90843},{"Length":248,"Height":364,"Demand":1,"DemandMax":null,"Value":90272},{"Length":291,"Height":310,"Demand":1,"DemandMax":null,"Value":90210},{"Length":314,"Height":287,"Demand":1,"DemandMax":null,"Value":90118},{"Length":290,"Height":310,"Demand":1,"DemandMax":null,"Value":89900},{"Length":324,"Height":277,"Demand":1,"DemandMax":null,"Value":89748},{"Length":275,"Height":326,"Demand":1,"DemandMax":null,"Value":89650},{"Length":316,"Height":283,"Demand":1,"DemandMax":null,"Value":89428},{"Length":359,"Height":248,"Demand":1,"DemandMax":null,"Value":89032},{"Length":321,"Height":276,"Demand":1,"DemandMax":null,"Value":88596},{"Length":367,"Height":240,"Demand":1,"DemandMax":null,"Value":88080},{"Length":301,"Height":291,"Demand":1,"DemandMax":null,"Value":87591},{"Length":317,"Height":276,"Demand":1,"DemandMax":null,"Value":87492},{"Length":370,"Height":234,"Demand":1,"DemandMax":null,"Value":86580},{"Length":288,"Height":300,"Demand":1,"DemandMax":null,"Value":86400},{"Length":314,"Height":275,"Demand":1,"DemandMax":null,"Value":86350},{"Length":293,"Height":294,"Demand":1,"DemandMax":null,"Value":86142},{"Length":297,"Height":290,"Demand":1,"DemandMax":null,"Value":86130},{"Length":237,"Height":363,"Demand":1,"DemandMax":null,"Value":86031},{"Length":375,"Height":229,"Demand":1,"DemandMax":null,"Value":85875},{"Length":255,"Height":336,"Demand":1,"DemandMax":null,"Value":85680},{"Length":239,"Height":358,"Demand":1,"DemandMax":null,"Value":85562},{"Length":291,"Height":294,"Demand":1,"DemandMax":null,"Value":85554},{"Length":269,"Height":318,"Demand":1,"DemandMax":null,"Value":85542},{"Length":255,"Height":335,"Demand":1,"DemandMax":null,"Value":85425},{"Length":314,"Height":272,"Demand":1,"DemandMax":null,"Value":85408},{"Length":241,"Height":354,"Demand":1,"DemandMax":null,"Value":85314},{"Length":277,"Height":307,"Demand":1,"DemandMax":null,"Value":85039},{"Length":266,"Height":319,"Demand":1,"DemandMax":null,"Value":84854},{"Length":243,"Height":347,"Demand":1,"DemandMax":null,"Value":84321},{"Length":270,"Height":312,"Demand":1,"DemandMax":null,"Value":84240},{"Length":303,"Height":278,"Demand":1,"DemandMax":null,"Value":84234},{"Length":345,"Height":244,"Demand":1,"DemandMax":null,"Value":84180},{"Length":238,"Height":353,"Demand":1,"DemandMax":null,"Value":84014},{"Length":349,"Height":240,"Demand":1,"DemandMax":null,"Value":83760},{"Length":326,"Height":255,"Demand":1,"DemandMax":null,"Value":83130},{"Length":253,"Height":328,"Demand":1,"DemandMax":null,"Value":82984},{"Length":363,"Height":227,"Demand":1,"DemandMax":null,"Value":82401},{"Length":358,"Height":230,"Demand":1,"DemandMax":null,"Value":82340},{"Length":319,"Height":258,"Demand":1,"DemandMax":null,"Value":82302},{"Length":235,"Height":349,"Demand":1,"DemandMax":null,"Value":82015},{"Length":232,"Height":353,"Demand":1,"DemandMax":null,"Value":81896},{"Length":242,"Height":336,"Demand":1,"DemandMax":null,"Value":81312},{"Length":374,"Height":217,"Demand":1,"DemandMax":null,"Value":81158},{"Length":236,"Height":343,"Demand":1,"DemandMax":null,"Value":80948},{"Length":353,"Height":229,"Demand":1,"DemandMax":null,"Value":80837},{"Length":332,"Height":243,"Demand":1,"DemandMax":null,"Value":80676},{"Length":281,"Height":287,"Demand":1,"DemandMax":null,"Value":80647},{"Length":343,"Height":235,"Demand":1,"DemandMax":null,"Value":80605},{"Length":258,"Height":311,"Demand":1,"DemandMax":null,"Value":80238},{"Length":342,"Height":232,"Demand":1,"DemandMax":null,"Value":79344},{"Length":324,"Height":244,"Demand":1,"DemandMax":null,"Value":79056},{"Length":240,"Height":329,"Demand":1,"DemandMax":null,"Value":78960},{"Length":216,"Height":363,"Demand":1,"DemandMax":null,"Value":78408},{"Length":208,"Height":375,"Demand":1,"DemandMax":null,"Value":78000},{"Length":216,"Height":361,"Demand":1,"DemandMax":null,"Value":77976},{"Length":364,"Height":214,"Demand":1,"DemandMax":null,"Value":77896},{"Length":365,"Height":212,"Demand":1,"DemandMax":null,"Value":77380},{"Length":307,"Height":251,"Demand":1,"DemandMax":null,"Value":77057},{"Length":222,"Height":347,"Demand":1,"DemandMax":null,"Value":77034},{"Length":211,"Height":365,"Demand":1,"DemandMax":null,"Value":77015},{"Length":216,"Height":356,"Demand":1,"DemandMax":null,"Value":76896},{"Length":247,"Height":310,"Demand":1,"DemandMax":null,"Value":76570},{"Length":361,"Height":212,"Demand":1,"DemandMax":null,"Value":76532},{"Length":318,"Height":240,"Demand":1,"DemandMax":null,"Value":76320},{"Length":372,"Height":205,"Demand":1,"DemandMax":null,"Value":76260},{"Length":267,"Height":283,"Demand":1,"DemandMax":null,"Value":75561},{"Length":236,"Height":320,"Demand":1,"DemandMax":null,"Value":75520},{"Length":215,"Height":351,"Demand":1,"DemandMax":null,"Value":75465},{"Length":318,"Height":237,"Demand":1,"DemandMax":null,"Value":75366},{"Length":236,"Height":318,"Demand":1,"DemandMax":null,"Value":75048},{"Length":258,"Height":290,"Demand":1,"DemandMax":null,"Value":74820},{"Length":266,"Height":280,"Demand":1,"DemandMax":null,"Value":74480},{"Length":205,"Height":363,"Demand":1,"DemandMax":null,"Value":74415},{"Length":367,"Height":202,"Demand":1,"DemandMax":null,"Value":74134},{"Length":292,"Height":253,"Demand":1,"DemandMax":null,"Value":73876},{"Length":252,"Height":293,"Demand":1,"DemandMax":null,"Value":73836},{"Length":301,"Height":245,"Demand":1,"DemandMax":null,"Value":73745},{"Length":278,"Height":265,"Demand":1,"DemandMax":null,"Value":73670},{"Length":361,"Height":204,"Demand":1,"DemandMax":null,"Value":73644},{"Length":315,"Height":231,"Demand":1,"DemandMax":null,"Value":72765},{"Length":297,"Height":245,"Demand":1,"DemandMax":null,"Value":72765},{"Length":303,"Height":240,"Demand":1,"DemandMax":null,"Value":72720},{"Length":226,"Height":321,"Demand":1,"DemandMax":null,"Value":72546},{"Length":310,"Height":234,"Demand":1,"DemandMax":null,"Value":72540},{"Length":355,"Height":204,"Demand":1,"DemandMax":null,"Value":72420},{"Length":216,"Height":335,"Demand":1,"DemandMax":null,"Value":72360},{"Length":241,"Height":297,"Demand":1,"DemandMax":null,"Value":71577},{"Length":198,"Height":361,"Demand":1,"DemandMax":null,"Value":71478},{"Length":309,"Height":231,"Demand":1,"DemandMax":null,"Value":71379},{"Length":282,"Height":253,"Demand":1,"DemandMax":null,"Value":71346},{"Length":310,"Height":230,"Demand":1,"DemandMax":null,"Value":71300},{"Length":291,"Height":245,"Demand":1,"DemandMax":null,"Value":71295},{"Length":191,"Height":373,"Demand":1,"DemandMax":null,"Value":71243},{"Length":334,"Height":212,"Demand":1,"DemandMax":null,"Value":70808},{"Length":311,"Height":227,"Demand":1,"DemandMax":null,"Value":70597},{"Length":224,"Height":315,"Demand":1,"DemandMax":null,"Value":70560},{"Length":373,"Height":189,"Demand":1,"DemandMax":null,"Value":70497},{"Length":226,"Height":311,"Demand":1,"DemandMax":null,"Value":70286},{"Length":331,"Height":212,"Demand":1,"DemandMax":null,"Value":70172},{"Length":296,"Height":237,"Demand":1,"DemandMax":null,"Value":70152},{"Length":275,"Height":255,"Demand":1,"DemandMax":null,"Value":70125},{"Length":216,"Height":321,"Demand":1,"DemandMax":null,"Value":69336},{"Length":283,"Height":245,"Demand":1,"DemandMax":null,"Value":69335},{"Length":248,"Height":279,"Demand":1,"DemandMax":null,"Value":69192},{"Length":375,"Height":184,"Demand":1,"DemandMax":null,"Value":69000},{"Length":256,"Height":267,"Demand":1,"DemandMax":null,"Value":68352},{"Length":205,"Height":333,"Demand":1,"DemandMax":null,"Value":68265},{"Length":218,"Height":313,"Demand":1,"DemandMax":null,"Value":68234},{"Length":361,"Height":189,"Demand":1,"DemandMax":null,"Value":68229},{"Length":259,"Height":263,"Demand":1,"DemandMax":null,"Value":68117},{"Length":190,"Height":358,"Demand":1,"DemandMax":null,"Value":68020},{"Length":281,"Height":242,"Demand":1,"DemandMax":null,"Value":68002},{"Length":184,"Height":369,"Demand":1,"DemandMax":null,"Value":67896},{"Length":255,"Height":265,"Demand":1,"DemandMax":null,"Value":67575},{"Length":200,"Height":337,"Demand":1,"DemandMax":null,"Value":67400},{"Length":184,"Height":366,"Demand":1,"DemandMax":null,"Value":67344},{"Length":251,"Height":268,"Demand":1,"DemandMax":null,"Value":67268},{"Length":328,"Height":205,"Demand":1,"DemandMax":null,"Value":67240},{"Length":191,"Height":352,"Demand":1,"DemandMax":null,"Value":67232},{"Length":285,"Height":234,"Demand":1,"DemandMax":null,"Value":66690},{"Length":291,"Height":229,"Demand":1,"DemandMax":null,"Value":66639},{"Length":285,"Height":232,"Demand":1,"DemandMax":null,"Value":66120},{"Length":219,"Height":301,"Demand":1,"DemandMax":null,"Value":65919},{"Length":284,"Height":232,"Demand":1,"DemandMax":null,"Value":65888},{"Length":211,"Height":310,"Demand":1,"DemandMax":null,"Value":65410},{"Length":373,"Height":175,"Demand":1,"DemandMax":null,"Value":65275},{"Length":204,"Height":319,"Demand":1,"DemandMax":null,"Value":65076},{"Length":284,"Height":229,"Demand":1,"DemandMax":null,"Value":65036},{"Length":205,"Height":315,"Demand":1,"DemandMax":null,"Value":64575},{"Length":371,"Height":174,"Demand":1,"DemandMax":null,"Value":64554},{"Length":284,"Height":227,"Demand":1,"DemandMax":null,"Value":64468},{"Length":327,"Height":197,"Demand":1,"DemandMax":null,"Value":64419},{"Length":253,"Height":254,"Demand":1,"DemandMax":null,"Value":64262},{"Length":192,"Height":334,"Demand":1,"DemandMax":null,"Value":64128},{"Length":171,"Height":373,"Demand":1,"DemandMax":null,"Value":63783},{"Length":253,"Height":252,"Demand":1,"DemandMax":null,"Value":63756},{"Length":173,"Height":367,"Demand":1,"DemandMax":null,"Value":63491},{"Length":247,"Height":255,"Demand":1,"DemandMax":null,"Value":62985},{"Length":193,"Height":326,"Demand":1,"DemandMax":null,"Value":62918},{"Length":353,"Height":178,"Demand":1,"DemandMax":null,"Value":62834},{"Length":330,"Height":189,"Demand":1,"DemandMax":null,"Value":62370},{"Length":188,"Height":331,"Demand":1,"DemandMax":null,"Value":62228},{"Length":184,"Height":338,"Demand":1,"DemandMax":null,"Value":62192},{"Length":285,"Height":218,"Demand":1,"DemandMax":null,"Value":62130},{"Length":258,"Height":239,"Demand":1,"DemandMax":null,"Value":61662},{"Length":248,"Height":248,"Demand":1,"DemandMax":null,"Value":61504},{"Length":186,"Height":327,"Demand":1,"DemandMax":null,"Value":60822},{"Length":205,"Height":296,"Demand":1,"DemandMax":null,"Value":60680},{"Length":282,"Height":215,"Demand":1,"DemandMax":null,"Value":60630},{"Length":188,"Height":322,"Demand":1,"DemandMax":null,"Value":60536},{"Length":260,"Height":232,"Demand":1,"DemandMax":null,"Value":60320},{"Length":269,"Height":224,"Demand":1,"DemandMax":null,"Value":60256},{"Length":346,"Height":174,"Demand":1,"DemandMax":null,"Value":60204},{"Length":173,"Height":348,"Demand":1,"DemandMax":null,"Value":60204},{"Length":209,"Height":288,"Demand":1,"DemandMax":null,"Value":60192},{"Length":193,"Height":311,"Demand":1,"DemandMax":null,"Value":60023},{"Length":169,"Height":353,"Demand":1,"DemandMax":null,"Value":59657},{"Length":245,"Height":243,"Demand":1,"DemandMax":null,"Value":59535},{"Length":305,"Height":195,"Demand":1,"DemandMax":null,"Value":59475},{"Length":271,"Height":218,"Demand":1,"DemandMax":null,"Value":59078},{"Length":214,"Height":276,"Demand":1,"DemandMax":null,"Value":59064},{"Length":259,"Height":227,"Demand":1,"DemandMax":null,"Value":58793},{"Length":160,"Height":366,"Demand":1,"DemandMax":null,"Value":58560},{"Length":247,"Height":237,"Demand":1,"DemandMax":null,"Value":58539},{"Length":194,"Height":301,"Demand":1,"DemandMax":null,"Value":58394},{"Length":342,"Height":170,"Demand":1,"DemandMax":null,"Value":58140},{"Length":263,"Height":221,"Demand":1,"DemandMax":null,"Value":58123},{"Length":289,"Height":201,"Demand":1,"DemandMax":null,"Value":58089},{"Length":322,"Height":179,"Demand":1,"DemandMax":null,"Value":57638},{"Length":169,"Height":341,"Demand":1,"DemandMax":null,"Value":57629},{"Length":171,"Height":337,"Demand":1,"DemandMax":null,"Value":57627},{"Length":246,"Height":234,"Demand":1,"DemandMax":null,"Value":57564},{"Length":319,"Height":180,"Demand":1,"DemandMax":null,"Value":57420},{"Length":165,"Height":347,"Demand":1,"DemandMax":null,"Value":57255},{"Length":340,"Height":168,"Demand":1,"DemandMax":null,"Value":57120},{"Length":334,"Height":171,"Demand":1,"DemandMax":null,"Value":57114},{"Length":235,"Height":243,"Demand":1,"DemandMax":null,"Value":57105},{"Length":243,"Height":234,"Demand":1,"DemandMax":null,"Value":56862},{"Length":157,"Height":362,"Demand":1,"DemandMax":null,"Value":56834},{"Length":340,"Height":167,"Demand":1,"DemandMax":null,"Value":56780},{"Length":188,"Height":302,"Demand":1,"DemandMax":null,"Value":56776},{"Length":232,"Height":242,"Demand":1,"DemandMax":null,"Value":56144},{"Length":175,"Height":320,"Demand":1,"DemandMax":null,"Value":56000},{"Length":237,"Height":236,"Demand":1,"DemandMax":null,"Value":55932},{"Length":225,"Height":248,"Demand":1,"DemandMax":null,"Value":55800},{"Length":254,"Height":219,"Demand":1,"DemandMax":null,"Value":55626},{"Length":201,"Height":275,"Demand":1,"DemandMax":null,"Value":55275},{"Length":254,"Height":217,"Demand":1,"DemandMax":null,"Value":55118},{"Length":211,"Height":260,"Demand":1,"DemandMax":null,"Value":54860},{"Length":338,"Height":162,"Demand":1,"DemandMax":null,"Value":54756},{"Length":218,"Height":251,"Demand":1,"DemandMax":null,"Value":54718},{"Length":203,"Height":269,"Demand":1,"DemandMax":null,"Value":54607},{"Length":168,"Height":325,"Demand":1,"DemandMax":null,"Value":54600},{"Length":193,"Height":282,"Demand":1,"DemandMax":null,"Value":54426},{"Length":147,"Height":370,"Demand":1,"DemandMax":null,"Value":54390},{"Length":337,"Height":160,"Demand":1,"DemandMax":null,"Value":53920},{"Length":179,"Height":301,"Demand":1,"DemandMax":null,"Value":53879},{"Length":183,"Height":293,"Demand":1,"DemandMax":null,"Value":53619},{"Length":334,"Height":160,"Demand":1,"DemandMax":null,"Value":53440},{"Length":260,"Height":203,"Demand":1,"DemandMax":null,"Value":52780},{"Length":312,"Height":169,"Demand":1,"DemandMax":null,"Value":52728},{"Length":156,"Height":338,"Demand":1,"DemandMax":null,"Value":52728},{"Length":144,"Height":366,"Demand":1,"DemandMax":null,"Value":52704},{"Length":189,"Height":278,"Demand":1,"DemandMax":null,"Value":52542},{"Length":249,"Height":211,"Demand":1,"DemandMax":null,"Value":52539},{"Length":159,"Height":329,"Demand":1,"DemandMax":null,"Value":52311},{"Length":223,"Height":234,"Demand":1,"DemandMax":null,"Value":52182},{"Length":199,"Height":261,"Demand":1,"DemandMax":null,"Value":51939},{"Length":193,"Height":269,"Demand":1,"DemandMax":null,"Value":51917},{"Length":203,"Height":254,"Demand":1,"DemandMax":null,"Value":51562},{"Length":201,"Height":256,"Demand":1,"DemandMax":null,"Value":51456},{"Length":276,"Height":186,"Demand":1,"DemandMax":null,"Value":51336},{"Length":256,"Height":198,"Demand":1,"DemandMax":null,"Value":50688},{"Length":259,"Height":195,"Demand":1,"DemandMax":null,"Value":50505},{"Length":239,"Height":211,"Demand":1,"DemandMax":null,"Value":50429},{"Length":252,"Height":200,"Demand":1,"DemandMax":null,"Value":50400},{"Length":143,"Height":352,"Demand":1,"DemandMax":null,"Value":50336},{"Length":137,"Height":367,"Demand":1,"DemandMax":null,"Value":50279},{"Length":178,"Height":281,"Demand":1,"DemandMax":null,"Value":50018},{"Length":316,"Height":157,"Demand":1,"DemandMax":null,"Value":49612},{"Length":276,"Height":179,"Demand":1,"DemandMax":null,"Value":49404},{"Length":365,"Height":135,"Demand":1,"DemandMax":null,"Value":49275},{"Length":288,"Height":171,"Demand":1,"DemandMax":null,"Value":49248},{"Length":145,"Height":339,"Demand":1,"DemandMax":null,"Value":49155},{"Length":221,"Height":222,"Demand":1,"DemandMax":null,"Value":49062},{"Length":331,"Height":148,"Demand":1,"DemandMax":null,"Value":48988},{"Length":314,"Height":156,"Demand":1,"DemandMax":null,"Value":48984},{"Length":155,"Height":316,"Demand":1,"DemandMax":null,"Value":48980},{"Length":184,"Height":266,"Demand":1,"DemandMax":null,"Value":48944},{"Length":152,"Height":322,"Demand":1,"DemandMax":null,"Value":48944},{"Length":242,"Height":202,"Demand":1,"DemandMax":null,"Value":48884},{"Length":251,"Height":194,"Demand":1,"DemandMax":null,"Value":48694},{"Length":277,"Height":175,"Demand":1,"DemandMax":null,"Value":48475},{"Length":192,"Height":252,"Demand":1,"DemandMax":null,"Value":48384},{"Length":304,"Height":159,"Demand":1,"DemandMax":null,"Value":48336},{"Length":366,"Height":132,"Demand":1,"DemandMax":null,"Value":48312},{"Length":194,"Height":249,"Demand":1,"DemandMax":null,"Value":48306},{"Length":352,"Height":137,"Demand":1,"DemandMax":null,"Value":48224},{"Length":204,"Height":236,"Demand":1,"DemandMax":null,"Value":48144},{"Length":167,"Height":288,"Demand":1,"DemandMax":null,"Value":48096},{"Length":232,"Height":206,"Demand":1,"DemandMax":null,"Value":47792},{"Length":175,"Height":272,"Demand":1,"DemandMax":null,"Value":47600},{"Length":134,"Height":355,"Demand":1,"DemandMax":null,"Value":47570},{"Length":323,"Height":147,"Demand":1,"DemandMax":null,"Value":47481},{"Length":181,"Height":262,"Demand":1,"DemandMax":null,"Value":47422},{"Length":226,"Height":208,"Demand":1,"DemandMax":null,"Value":47008},{"Length":267,"Height":176,"Demand":1,"DemandMax":null,"Value":46992},{"Length":317,"Height":148,"Demand":1,"DemandMax":null,"Value":46916},{"Length":269,"Height":174,"Demand":1,"DemandMax":null,"Value":46806},{"Length":335,"Height":139,"Demand":1,"DemandMax":null,"Value":46565},{"Length":226,"Height":206,"Demand":1,"DemandMax":null,"Value":46556},{"Length":320,"Height":145,"Demand":1,"DemandMax":null,"Value":46400},{"Length":225,"Height":206,"Demand":1,"DemandMax":null,"Value":46350},{"Length":164,"Height":282,"Demand":1,"DemandMax":null,"Value":46248},{"Length":338,"Height":136,"Demand":1,"DemandMax":null,"Value":45968},{"Length":258,"Height":178,"Demand":1,"DemandMax":null,"Value":45924},{"Length":273,"Height":168,"Demand":1,"DemandMax":null,"Value":45864},{"Length":209,"Height":219,"Demand":1,"DemandMax":null,"Value":45771},{"Length":169,"Height":270,"Demand":1,"DemandMax":null,"Value":45630},{"Length":283,"Height":160,"Demand":1,"DemandMax":null,"Value":45280},{"Length":237,"Height":191,"Demand":1,"DemandMax":null,"Value":45267},{"Length":180,"Height":251,"Demand":1,"DemandMax":null,"Value":45180},{"Length":282,"Height":160,"Demand":1,"DemandMax":null,"Value":45120},{"Length":181,"Height":249,"Demand":1,"DemandMax":null,"Value":45069},{"Length":336,"Height":134,"Demand":1,"DemandMax":null,"Value":45024},{"Length":147,"Height":306,"Demand":1,"DemandMax":null,"Value":44982},{"Length":193,"Height":233,"Demand":1,"DemandMax":null,"Value":44969},{"Length":227,"Height":198,"Demand":1,"DemandMax":null,"Value":44946},{"Length":129,"Height":347,"Demand":1,"DemandMax":null,"Value":44763},{"Length":322,"Height":139,"Demand":1,"DemandMax":null,"Value":44758},{"Length":205,"Height":218,"Demand":1,"DemandMax":null,"Value":44690},{"Length":227,"Height":196,"Demand":1,"DemandMax":null,"Value":44492},{"Length":245,"Height":181,"Demand":1,"DemandMax":null,"Value":44345},{"Length":365,"Height":121,"Demand":1,"DemandMax":null,"Value":44165},{"Length":313,"Height":141,"Demand":1,"DemandMax":null,"Value":44133},{"Length":208,"Height":211,"Demand":1,"DemandMax":null,"Value":43888},{"Length":342,"Height":127,"Demand":1,"DemandMax":null,"Value":43434},{"Length":123,"Height":353,"Demand":1,"DemandMax":null,"Value":43419},{"Length":162,"Height":268,"Demand":1,"DemandMax":null,"Value":43416},{"Length":116,"Height":373,"Demand":1,"DemandMax":null,"Value":43268},{"Length":320,"Height":135,"Demand":1,"DemandMax":null,"Value":43200},{"Length":198,"Height":218,"Demand":1,"DemandMax":null,"Value":43164},{"Length":267,"Height":161,"Demand":1,"DemandMax":null,"Value":42987},{"Length":308,"Height":139,"Demand":1,"DemandMax":null,"Value":42812},{"Length":237,"Height":180,"Demand":1,"DemandMax":null,"Value":42660},{"Length":297,"Height":143,"Demand":1,"DemandMax":null,"Value":42471},{"Length":122,"Height":348,"Demand":1,"DemandMax":null,"Value":42456},{"Length":292,"Height":145,"Demand":1,"DemandMax":null,"Value":42340},{"Length":122,"Height":347,"Demand":1,"DemandMax":null,"Value":42334},{"Length":239,"Height":177,"Demand":1,"DemandMax":null,"Value":42303},{"Length":267,"Height":158,"Demand":1,"DemandMax":null,"Value":42186},{"Length":173,"Height":243,"Demand":1,"DemandMax":null,"Value":42039},{"Length":375,"Height":112,"Demand":1,"DemandMax":null,"Value":42000},{"Length":132,"Height":318,"Demand":1,"DemandMax":null,"Value":41976},{"Length":355,"Height":118,"Demand":1,"DemandMax":null,"Value":41890},{"Length":245,"Height":170,"Demand":1,"DemandMax":null,"Value":41650},{"Length":199,"Height":209,"Demand":1,"DemandMax":null,"Value":41591},{"Length":128,"Height":324,"Demand":1,"DemandMax":null,"Value":41472},{"Length":229,"Height":181,"Demand":1,"DemandMax":null,"Value":41449},{"Length":129,"Height":321,"Demand":1,"DemandMax":null,"Value":41409},{"Length":115,"Height":360,"Demand":1,"DemandMax":null,"Value":41400},{"Length":131,"Height":316,"Demand":1,"DemandMax":null,"Value":41396},{"Length":242,"Height":170,"Demand":1,"DemandMax":null,"Value":41140},{"Length":235,"Height":173,"Demand":1,"DemandMax":null,"Value":40655},{"Length":150,"Height":270,"Demand":1,"DemandMax":null,"Value":40500},{"Length":191,"Height":210,"Demand":1,"DemandMax":null,"Value":40110},{"Length":222,"Height":179,"Demand":1,"DemandMax":null,"Value":39738},{"Length":231,"Height":172,"Demand":1,"DemandMax":null,"Value":39732},{"Length":167,"Height":236,"Demand":1,"DemandMax":null,"Value":39412},{"Length":339,"Height":116,"Demand":1,"DemandMax":null,"Value":39324},{"Length":182,"Height":214,"Demand":1,"DemandMax":null,"Value":38948},{"Length":208,"Height":186,"Demand":1,"DemandMax":null,"Value":38688},{"Length":112,"Height":345,"Demand":1,"DemandMax":null,"Value":38640},{"Length":183,"Height":211,"Demand":1,"DemandMax":null,"Value":38613},{"Length":254,"Height":152,"Demand":1,"DemandMax":null,"Value":38608},{"Length":225,"Height":170,"Demand":1,"DemandMax":null,"Value":38250},{"Length":106,"Height":360,"Demand":1,"DemandMax":null,"Value":38160},{"Length":331,"Height":115,"Demand":1,"DemandMax":null,"Value":38065},{"Length":355,"Height":107,"Demand":1,"DemandMax":null,"Value":37985},{"Length":131,"Height":289,"Demand":1,"DemandMax":null,"Value":37859},{"Length":238,"Height":159,"Demand":1,"DemandMax":null,"Value":37842},{"Length":291,"Height":130,"Demand":1,"DemandMax":null,"Value":37830},{"Length":158,"Height":239,"Demand":1,"DemandMax":null,"Value":37762},{"Length":162,"Height":233,"Demand":1,"DemandMax":null,"Value":37746},{"Length":196,"Height":192,"Demand":1,"DemandMax":null,"Value":37632},{"Length":191,"Height":197,"Demand":1,"DemandMax":null,"Value":37627},{"Length":147,"Height":255,"Demand":1,"DemandMax":null,"Value":37485},{"Length":174,"Height":215,"Demand":1,"DemandMax":null,"Value":37410},{"Length":252,"Height":148,"Demand":1,"DemandMax":null,"Value":37296},{"Length":330,"Height":113,"Demand":1,"DemandMax":null,"Value":37290},{"Length":108,"Height":345,"Demand":1,"DemandMax":null,"Value":37260},{"Length":353,"Height":105,"Demand":1,"DemandMax":null,"Value":37065},{"Length":209,"Height":177,"Demand":1,"DemandMax":null,"Value":36993},{"Length":281,"Height":131,"Demand":1,"DemandMax":null,"Value":36811},{"Length":204,"Height":180,"Demand":1,"DemandMax":null,"Value":36720},{"Length":243,"Height":151,"Demand":1,"DemandMax":null,"Value":36693},{"Length":190,"Height":193,"Demand":1,"DemandMax":null,"Value":36670},{"Length":308,"Height":119,"Demand":1,"DemandMax":null,"Value":36652},{"Length":211,"Height":173,"Demand":1,"DemandMax":null,"Value":36503},{"Length":231,"Height":158,"Demand":1,"DemandMax":null,"Value":36498},{"Length":134,"Height":272,"Demand":1,"DemandMax":null,"Value":36448},{"Length":371,"Height":98,"Demand":1,"DemandMax":null,"Value":36358},{"Length":285,"Height":127,"Demand":1,"DemandMax":null,"Value":36195},{"Length":306,"Height":117,"Demand":1,"DemandMax":null,"Value":35802},{"Length":134,"Height":267,"Demand":1,"DemandMax":null,"Value":35778},{"Length":111,"Height":322,"Demand":1,"DemandMax":null,"Value":35742},{"Length":277,"Height":129,"Demand":1,"DemandMax":null,"Value":35733},{"Length":197,"Height":181,"Demand":1,"DemandMax":null,"Value":35657},{"Length":136,"Height":262,"Demand":1,"DemandMax":null,"Value":35632},{"Length":274,"Height":130,"Demand":1,"DemandMax":null,"Value":35620},{"Length":258,"Height":138,"Demand":1,"DemandMax":null,"Value":35604},{"Length":185,"Height":192,"Demand":1,"DemandMax":null,"Value":35520},{"Length":115,"Height":308,"Demand":1,"DemandMax":null,"Value":35420},{"Length":258,"Height":137,"Demand":1,"DemandMax":null,"Value":35346},{"Length":277,"Height":127,"Demand":1,"DemandMax":null,"Value":35179},{"Length":325,"Height":108,"Demand":1,"DemandMax":null,"Value":35100},{"Length":210,"Height":167,"Demand":1,"DemandMax":null,"Value":35070},{"Length":103,"Height":340,"Demand":1,"DemandMax":null,"Value":35020},{"Length":174,"Height":201,"Demand":1,"DemandMax":null,"Value":34974},{"Length":140,"Height":249,"Demand":1,"DemandMax":null,"Value":34860},{"Length":193,"Height":180,"Demand":1,"DemandMax":null,"Value":34740},{"Length":173,"Height":200,"Demand":1,"DemandMax":null,"Value":34600},{"Length":132,"Height":262,"Demand":1,"DemandMax":null,"Value":34584},{"Length":258,"Height":134,"Demand":1,"DemandMax":null,"Value":34572},{"Length":274,"Height":126,"Demand":1,"DemandMax":null,"Value":34524},{"Length":118,"Height":292,"Demand":1,"DemandMax":null,"Value":34456},{"Length":219,"Height":157,"Demand":1,"DemandMax":null,"Value":34383},{"Length":358,"Height":96,"Demand":1,"DemandMax":null,"Value":34368},{"Length":296,"Height":116,"Demand":1,"DemandMax":null,"Value":34336},{"Length":109,"Height":315,"Demand":1,"DemandMax":null,"Value":34335},{"Length":129,"Height":266,"Demand":1,"DemandMax":null,"Value":34314},{"Length":101,"Height":339,"Demand":1,"DemandMax":null,"Value":34239},{"Length":349,"Height":98,"Demand":1,"DemandMax":null,"Value":34202},{"Length":171,"Height":200,"Demand":1,"DemandMax":null,"Value":34200},{"Length":201,"Height":170,"Demand":1,"DemandMax":null,"Value":34170},{"Length":295,"Height":115,"Demand":1,"DemandMax":null,"Value":33925},{"Length":278,"Height":122,"Demand":1,"DemandMax":null,"Value":33916},{"Length":325,"Height":104,"Demand":1,"DemandMax":null,"Value":33800},{"Length":105,"Height":321,"Demand":1,"DemandMax":null,"Value":33705},{"Length":337,"Height":100,"Demand":1,"DemandMax":null,"Value":33700},{"Length":327,"Height":103,"Demand":1,"DemandMax":null,"Value":33681},{"Length":127,"Height":264,"Demand":1,"DemandMax":null,"Value":33528},{"Length":185,"Height":181,"Demand":1,"DemandMax":null,"Value":33485},{"Length":186,"Height":180,"Demand":1,"DemandMax":null,"Value":33480},{"Length":140,"Height":239,"Demand":1,"DemandMax":null,"Value":33460},{"Length":352,"Height":95,"Demand":1,"DemandMax":null,"Value":33440},{"Length":288,"Height":116,"Demand":1,"DemandMax":null,"Value":33408},{"Length":91,"Height":366,"Demand":1,"DemandMax":null,"Value":33306},{"Length":130,"Height":256,"Demand":1,"DemandMax":null,"Value":33280},{"Length":193,"Height":172,"Demand":1,"DemandMax":null,"Value":33196},{"Length":150,"Height":221,"Demand":1,"DemandMax":null,"Value":33150},{"Length":103,"Height":320,"Demand":1,"DemandMax":null,"Value":32960},{"Length":233,"Height":141,"Demand":1,"DemandMax":null,"Value":32853},{"Length":205,"Height":160,"Demand":1,"DemandMax":null,"Value":32800},{"Length":252,"Height":130,"Demand":1,"DemandMax":null,"Value":32760},{"Length":92,"Height":356,"Demand":1,"DemandMax":null,"Value":32752},{"Length":88,"Height":371,"Demand":1,"DemandMax":null,"Value":32648},{"Length":125,"Height":261,"Demand":1,"DemandMax":null,"Value":32625},{"Length":265,"Height":123,"Demand":1,"DemandMax":null,"Value":32595},{"Length":100,"Height":324,"Demand":1,"DemandMax":null,"Value":32400},{"Length":365,"Height":88,"Demand":1,"DemandMax":null,"Value":32120},{"Length":167,"Height":192,"Demand":1,"DemandMax":null,"Value":32064},{"Length":98,"Height":326,"Demand":1,"DemandMax":null,"Value":31948},{"Length":155,"Height":206,"Demand":1,"DemandMax":null,"Value":31930},{"Length":145,"Height":220,"Demand":1,"DemandMax":null,"Value":31900},{"Length":124,"Height":256,"Demand":1,"DemandMax":null,"Value":31744},{"Length":261,"Height":121,"Demand":1,"DemandMax":null,"Value":31581},{"Length":312,"Height":101,"Demand":1,"DemandMax":null,"Value":31512},{"Length":207,"Height":152,"Demand":1,"DemandMax":null,"Value":31464},{"Length":324,"Height":97,"Demand":1,"DemandMax":null,"Value":31428},{"Length":200,"Height":156,"Demand":1,"DemandMax":null,"Value":31200},{"Length":331,"Height":94,"Demand":1,"DemandMax":null,"Value":31114},{"Length":114,"Height":272,"Demand":1,"DemandMax":null,"Value":31008},{"Length":369,"Height":84,"Demand":1,"DemandMax":null,"Value":30996},{"Length":144,"Height":215,"Demand":1,"DemandMax":null,"Value":30960},{"Length":214,"Height":144,"Demand":1,"DemandMax":null,"Value":30816},{"Length":164,"Height":187,"Demand":1,"DemandMax":null,"Value":30668},{"Length":218,"Height":140,"Demand":1,"DemandMax":null,"Value":30520},{"Length":146,"Height":208,"Demand":1,"DemandMax":null,"Value":30368},{"Length":109,"Height":278,"Demand":1,"DemandMax":null,"Value":30302},{"Length":127,"Height":238,"Demand":1,"DemandMax":null,"Value":30226},{"Length":81,"Height":372,"Demand":1,"DemandMax":null,"Value":30132},{"Length":353,"Height":85,"Demand":1,"DemandMax":null,"Value":30005},{"Length":164,"Height":181,"Demand":1,"DemandMax":null,"Value":29684},{"Length":280,"Height":106,"Demand":1,"DemandMax":null,"Value":29680},{"Length":85,"Height":348,"Demand":1,"DemandMax":null,"Value":29580},{"Length":147,"Height":201,"Demand":1,"DemandMax":null,"Value":29547},{"Length":242,"Height":122,"Demand":1,"DemandMax":null,"Value":29524},{"Length":268,"Height":110,"Demand":1,"DemandMax":null,"Value":29480},{"Length":254,"Height":116,"Demand":1,"DemandMax":null,"Value":29464},{"Length":127,"Height":232,"Demand":1,"DemandMax":null,"Value":29464},{"Length":203,"Height":145,"Demand":1,"DemandMax":null,"Value":29435},{"Length":169,"Height":174,"Demand":1,"DemandMax":null,"Value":29406},{"Length":134,"Height":219,"Demand":1,"DemandMax":null,"Value":29346},{"Length":188,"Height":156,"Demand":1,"DemandMax":null,"Value":29328},{"Length":85,"Height":345,"Demand":1,"DemandMax":null,"Value":29325},{"Length":169,"Height":173,"Demand":1,"DemandMax":null,"Value":29237},{"Length":174,"Height":168,"Demand":1,"DemandMax":null,"Value":29232},{"Length":309,"Height":94,"Demand":1,"DemandMax":null,"Value":29046},{"Length":185,"Height":157,"Demand":1,"DemandMax":null,"Value":29045},{"Length":106,"Height":273,"Demand":1,"DemandMax":null,"Value":28938},{"Length":198,"Height":146,"Demand":1,"DemandMax":null,"Value":28908},{"Length":141,"Height":205,"Demand":1,"DemandMax":null,"Value":28905},{"Length":127,"Height":226,"Demand":1,"DemandMax":null,"Value":28702},{"Length":142,"Height":202,"Demand":1,"DemandMax":null,"Value":28684},{"Length":263,"Height":109,"Demand":1,"DemandMax":null,"Value":28667},{"Length":293,"Height":97,"Demand":1,"DemandMax":null,"Value":28421},{"Length":113,"Height":251,"Demand":1,"DemandMax":null,"Value":28363},{"Length":126,"Height":225,"Demand":1,"DemandMax":null,"Value":28350},{"Length":88,"Height":321,"Demand":1,"DemandMax":null,"Value":28248},{"Length":360,"Height":78,"Demand":1,"DemandMax":null,"Value":28080},{"Length":168,"Height":167,"Demand":1,"DemandMax":null,"Value":28056},{"Length":118,"Height":237,"Demand":1,"DemandMax":null,"Value":27966},{"Length":154,"Height":181,"Demand":1,"DemandMax":null,"Value":27874},{"Length":109,"Height":255,"Demand":1,"DemandMax":null,"Value":27795},{"Length":177,"Height":157,"Demand":1,"DemandMax":null,"Value":27789},{"Length":158,"Height":175,"Demand":1,"DemandMax":null,"Value":27650},{"Length":148,"Height":185,"Demand":1,"DemandMax":null,"Value":27380},{"Length":76,"Height":360,"Demand":1,"DemandMax":null,"Value":27360},{"Length":190,"Height":144,"Demand":1,"DemandMax":null,"Value":27360},{"Length":74,"Height":368,"Demand":1,"DemandMax":null,"Value":27232},{"Length":185,"Height":147,"Demand":1,"DemandMax":null,"Value":27195},{"Length":97,"Height":280,"Demand":1,"DemandMax":null,"Value":27160},{"Length":256,"Height":106,"Demand":1,"DemandMax":null,"Value":27136},{"Length":211,"Height":128,"Demand":1,"DemandMax":null,"Value":27008},{"Length":157,"Height":172,"Demand":1,"DemandMax":null,"Value":27004},{"Length":99,"Height":271,"Demand":1,"DemandMax":null,"Value":26829},{"Length":297,"Height":90,"Demand":1,"DemandMax":null,"Value":26730},{"Length":170,"Height":157,"Demand":1,"DemandMax":null,"Value":26690},{"Length":124,"Height":215,"Demand":1,"DemandMax":null,"Value":26660},{"Length":72,"Height":370,"Demand":1,"DemandMax":null,"Value":26640},{"Length":71,"Height":375,"Demand":1,"DemandMax":null,"Value":26625},{"Length":368,"Height":72,"Demand":1,"DemandMax":null,"Value":26496},{"Length":179,"Height":148,"Demand":1,"DemandMax":null,"Value":26492},{"Length":109,"Height":243,"Demand":1,"DemandMax":null,"Value":26487},{"Length":240,"Height":110,"Demand":1,"DemandMax":null,"Value":26400},{"Length":172,"Height":153,"Demand":1,"DemandMax":null,"Value":26316},{"Length":190,"Height":138,"Demand":1,"DemandMax":null,"Value":26220},{"Length":179,"Height":146,"Demand":1,"DemandMax":null,"Value":26134},{"Length":141,"Height":185,"Demand":1,"DemandMax":null,"Value":26085},{"Length":343,"Height":76,"Demand":1,"DemandMax":null,"Value":26068},{"Length":127,"Height":205,"Demand":1,"DemandMax":null,"Value":26035},{"Length":159,"Height":163,"Demand":1,"DemandMax":null,"Value":25917},{"Length":74,"Height":350,"Demand":1,"DemandMax":null,"Value":25900},{"Length":297,"Height":87,"Demand":1,"DemandMax":null,"Value":25839},{"Length":113,"Height":228,"Demand":1,"DemandMax":null,"Value":25764},{"Length":143,"Height":180,"Demand":1,"DemandMax":null,"Value":25740},{"Length":136,"Height":189,"Demand":1,"DemandMax":null,"Value":25704},{"Length":135,"Height":190,"Demand":1,"DemandMax":null,"Value":25650},{"Length":231,"Height":110,"Demand":1,"DemandMax":null,"Value":25410},{"Length":116,"Height":219,"Demand":1,"DemandMax":null,"Value":25404},{"Length":130,"Height":194,"Demand":1,"DemandMax":null,"Value":25220},{"Length":151,"Height":167,"Demand":1,"DemandMax":null,"Value":25217},{"Length":229,"Height":110,"Demand":1,"DemandMax":null,"Value":25190},{"Length":129,"Height":195,"Demand":1,"DemandMax":null,"Value":25155},{"Length":118,"Height":213,"Demand":1,"DemandMax":null,"Value":25134},{"Length":139,"Height":180,"Demand":1,"DemandMax":null,"Value":25020},{"Length":147,"Height":170,"Demand":1,"DemandMax":null,"Value":24990},{"Length":135,"Height":185,"Demand":1,"DemandMax":null,"Value":24975},{"Length":211,"Height":118,"Demand":1,"DemandMax":null,"Value":24898},{"Length":168,"Height":148,"Demand":1,"DemandMax":null,"Value":24864},{"Length":71,"Height":348,"Demand":1,"DemandMax":null,"Value":24708},{"Length":177,"Height":139,"Demand":1,"DemandMax":null,"Value":24603},{"Length":183,"Height":134,"Demand":1,"DemandMax":null,"Value":24522},{"Length":69,"Height":355,"Demand":1,"DemandMax":null,"Value":24495},{"Length":254,"Height":95,"Demand":1,"DemandMax":null,"Value":24130},{"Length":208,"Height":116,"Demand":1,"DemandMax":null,"Value":24128},{"Length":201,"Height":120,"Demand":1,"DemandMax":null,"Value":24120},{"Length":103,"Height":234,"Demand":1,"DemandMax":null,"Value":24102},{"Length":173,"Height":139,"Demand":1,"DemandMax":null,"Value":24047},{"Length":131,"Height":183,"Demand":1,"DemandMax":null,"Value":23973},{"Length":275,"Height":87,"Demand":1,"DemandMax":null,"Value":23925},{"Length":204,"Height":117,"Demand":1,"DemandMax":null,"Value":23868},{"Length":259,"Height":92,"Demand":1,"DemandMax":null,"Value":23828},{"Length":66,"Height":361,"Demand":1,"DemandMax":null,"Value":23826},{"Length":78,"Height":305,"Demand":1,"DemandMax":null,"Value":23790},{"Length":69,"Height":343,"Demand":1,"DemandMax":null,"Value":23667},{"Length":166,"Height":142,"Demand":1,"DemandMax":null,"Value":23572},{"Length":83,"Height":284,"Demand":1,"DemandMax":null,"Value":23572},{"Length":300,"Height":78,"Demand":1,"DemandMax":null,"Value":23400},{"Length":284,"Height":82,"Demand":1,"DemandMax":null,"Value":23288},{"Length":245,"Height":95,"Demand":1,"DemandMax":null,"Value":23275},{"Length":230,"Height":101,"Demand":1,"DemandMax":null,"Value":23230},{"Length":313,"Height":74,"Demand":1,"DemandMax":null,"Value":23162},{"Length":356,"Height":65,"Demand":1,"DemandMax":null,"Value":23140},{"Length":156,"Height":148,"Demand":1,"DemandMax":null,"Value":23088},{"Length":240,"Height":96,"Demand":1,"DemandMax":null,"Value":23040},{"Length":139,"Height":165,"Demand":1,"DemandMax":null,"Value":22935},{"Length":234,"Height":98,"Demand":1,"DemandMax":null,"Value":22932},{"Length":86,"Height":266,"Demand":1,"DemandMax":null,"Value":22876},{"Length":257,"Height":89,"Demand":1,"DemandMax":null,"Value":22873},{"Length":169,"Height":135,"Demand":1,"DemandMax":null,"Value":22815},{"Length":114,"Height":198,"Demand":1,"DemandMax":null,"Value":22572},{"Length":91,"Height":248,"Demand":1,"DemandMax":null,"Value":22568},{"Length":92,"Height":245,"Demand":1,"DemandMax":null,"Value":22540},{"Length":85,"Height":265,"Demand":1,"DemandMax":null,"Value":22525},{"Length":68,"Height":327,"Demand":1,"DemandMax":null,"Value":22236},{"Length":106,"Height":209,"Demand":1,"DemandMax":null,"Value":22154},{"Length":81,"Height":272,"Demand":1,"DemandMax":null,"Value":22032},{"Length":62,"Height":355,"Demand":1,"DemandMax":null,"Value":22010},{"Length":297,"Height":74,"Demand":1,"DemandMax":null,"Value":21978},{"Length":261,"Height":84,"Demand":1,"DemandMax":null,"Value":21924},{"Length":292,"Height":75,"Demand":1,"DemandMax":null,"Value":21900},{"Length":112,"Height":195,"Demand":1,"DemandMax":null,"Value":21840},{"Length":135,"Height":160,"Demand":1,"DemandMax":null,"Value":21600},{"Length":273,"Height":79,"Demand":1,"DemandMax":null,"Value":21567},{"Length":97,"Height":221,"Demand":1,"DemandMax":null,"Value":21437},{"Length":258,"Height":83,"Demand":1,"DemandMax":null,"Value":21414},{"Length":139,"Height":154,"Demand":1,"DemandMax":null,"Value":21406},{"Length":89,"Height":240,"Demand":1,"DemandMax":null,"Value":21360},{"Length":187,"Height":114,"Demand":1,"DemandMax":null,"Value":21318},{"Length":105,"Height":203,"Demand":1,"DemandMax":null,"Value":21315},{"Length":263,"Height":81,"Demand":1,"DemandMax":null,"Value":21303},{"Length":308,"Height":69,"Demand":1,"DemandMax":null,"Value":21252},{"Length":96,"Height":221,"Demand":1,"DemandMax":null,"Value":21216},{"Length":59,"Height":359,"Demand":1,"DemandMax":null,"Value":21181},{"Length":145,"Height":146,"Demand":1,"DemandMax":null,"Value":21170},{"Length":345,"Height":61,"Demand":1,"DemandMax":null,"Value":21045},{"Length":79,"Height":266,"Demand":1,"DemandMax":null,"Value":21014},{"Length":178,"Height":118,"Demand":1,"DemandMax":null,"Value":21004},{"Length":70,"Height":299,"Demand":1,"DemandMax":null,"Value":20930},{"Length":63,"Height":331,"Demand":1,"DemandMax":null,"Value":20853},{"Length":302,"Height":69,"Demand":1,"DemandMax":null,"Value":20838},{"Length":168,"Height":124,"Demand":1,"DemandMax":null,"Value":20832},{"Length":107,"Height":194,"Demand":1,"DemandMax":null,"Value":20758},{"Length":247,"Height":84,"Demand":1,"DemandMax":null,"Value":20748},{"Length":167,"Height":124,"Demand":1,"DemandMax":null,"Value":20708},{"Length":65,"Height":317,"Demand":1,"DemandMax":null,"Value":20605},{"Length":64,"Height":321,"Demand":1,"DemandMax":null,"Value":20544},{"Length":84,"Height":244,"Demand":1,"DemandMax":null,"Value":20496},{"Length":173,"Height":118,"Demand":1,"DemandMax":null,"Value":20414},{"Length":340,"Height":60,"Demand":1,"DemandMax":null,"Value":20400},{"Length":77,"Height":264,"Demand":1,"DemandMax":null,"Value":20328},{"Length":205,"Height":99,"Demand":1,"DemandMax":null,"Value":20295},{"Length":195,"Height":104,"Demand":1,"DemandMax":null,"Value":20280},{"Length":122,"Height":166,"Demand":1,"DemandMax":null,"Value":20252},{"Length":57,"Height":355,"Demand":1,"DemandMax":null,"Value":20235},{"Length":222,"Height":91,"Demand":1,"DemandMax":null,"Value":20202},{"Length":201,"Height":100,"Demand":1,"DemandMax":null,"Value":20100},{"Length":81,"Height":247,"Demand":1,"DemandMax":null,"Value":20007},{"Length":253,"Height":79,"Demand":1,"DemandMax":null,"Value":19987},{"Length":89,"Height":223,"Demand":1,"DemandMax":null,"Value":19847},{"Length":155,"Height":128,"Demand":1,"DemandMax":null,"Value":19840},{"Length":139,"Height":142,"Demand":1,"DemandMax":null,"Value":19738},{"Length":69,"Height":286,"Demand":1,"DemandMax":null,"Value":19734},{"Length":243,"Height":81,"Demand":1,"DemandMax":null,"Value":19683},{"Length":54,"Height":364,"Demand":1,"DemandMax":null,"Value":19656},{"Length":74,"Height":265,"Demand":1,"DemandMax":null,"Value":19610},{"Length":200,"Height":98,"Demand":1,"DemandMax":null,"Value":19600},{"Length":53,"Height":369,"Demand":1,"DemandMax":null,"Value":19557},{"Length":98,"Height":199,"Demand":1,"DemandMax":null,"Value":19502},{"Length":246,"Height":79,"Demand":1,"DemandMax":null,"Value":19434},{"Length":195,"Height":99,"Demand":1,"DemandMax":null,"Value":19305},{"Length":64,"Height":301,"Demand":1,"DemandMax":null,"Value":19264},{"Length":208,"Height":92,"Demand":1,"DemandMax":null,"Value":19136},{"Length":109,"Height":175,"Demand":1,"DemandMax":null,"Value":19075},{"Length":123,"Height":155,"Demand":1,"DemandMax":null,"Value":19065},{"Length":99,"Height":192,"Demand":1,"DemandMax":null,"Value":19008},{"Length":58,"Height":327,"Demand":1,"DemandMax":null,"Value":18966},{"Length":80,"Height":237,"Demand":1,"DemandMax":null,"Value":18960},{"Length":243,"Height":78,"Demand":1,"DemandMax":null,"Value":18954},{"Length":186,"Height":101,"Demand":1,"DemandMax":null,"Value":18786},{"Length":156,"Height":120,"Demand":1,"DemandMax":null,"Value":18720},{"Length":135,"Height":137,"Demand":1,"DemandMax":null,"Value":18495},{"Length":323,"Height":57,"Demand":1,"DemandMax":null,"Value":18411},{"Length":71,"Height":259,"Demand":1,"DemandMax":null,"Value":18389},{"Length":139,"Height":132,"Demand":1,"DemandMax":null,"Value":18348},{"Length":247,"Height":74,"Demand":1,"DemandMax":null,"Value":18278},{"Length":169,"Height":108,"Demand":1,"DemandMax":null,"Value":18252},{"Length":57,"Height":320,"Demand":1,"DemandMax":null,"Value":18240},{"Length":122,"Height":149,"Demand":1,"DemandMax":null,"Value":18178},{"Length":64,"Height":284,"Demand":1,"DemandMax":null,"Value":18176},{"Length":49,"Height":370,"Demand":1,"DemandMax":null,"Value":18130},{"Length":120,"Height":151,"Demand":1,"DemandMax":null,"Value":18120},{"Length":246,"Height":73,"Demand":1,"DemandMax":null,"Value":17958},{"Length":57,"Height":315,"Demand":1,"DemandMax":null,"Value":17955},{"Length":82,"Height":218,"Demand":1,"DemandMax":null,"Value":17876},{"Length":251,"Height":71,"Demand":1,"DemandMax":null,"Value":17821},{"Length":88,"Height":202,"Demand":1,"DemandMax":null,"Value":17776},{"Length":51,"Height":347,"Demand":1,"DemandMax":null,"Value":17697},{"Length":68,"Height":260,"Demand":1,"DemandMax":null,"Value":17680},{"Length":147,"Height":120,"Demand":1,"DemandMax":null,"Value":17640},{"Length":320,"Height":55,"Demand":1,"DemandMax":null,"Value":17600},{"Length":48,"Height":365,"Demand":1,"DemandMax":null,"Value":17520},{"Length":67,"Height":261,"Demand":1,"DemandMax":null,"Value":17487},{"Length":115,"Height":152,"Demand":1,"DemandMax":null,"Value":17480},{"Length":239,"Height":73,"Demand":1,"DemandMax":null,"Value":17447},{"Length":342,"Height":51,"Demand":1,"DemandMax":null,"Value":17442},{"Length":111,"Height":157,"Demand":1,"DemandMax":null,"Value":17427},{"Length":111,"Height":156,"Demand":1,"DemandMax":null,"Value":17316},{"Length":302,"Height":57,"Demand":1,"DemandMax":null,"Value":17214},{"Length":57,"Height":301,"Demand":1,"DemandMax":null,"Value":17157},{"Length":113,"Height":151,"Demand":1,"DemandMax":null,"Value":17063},{"Length":153,"Height":111,"Demand":1,"DemandMax":null,"Value":16983},{"Length":303,"Height":56,"Demand":1,"DemandMax":null,"Value":16968},{"Length":72,"Height":235,"Demand":1,"DemandMax":null,"Value":16920},{"Length":119,"Height":142,"Demand":1,"DemandMax":null,"Value":16898},{"Length":152,"Height":111,"Demand":1,"DemandMax":null,"Value":16872},{"Length":73,"Height":231,"Demand":1,"DemandMax":null,"Value":16863},{"Length":250,"Height":67,"Demand":1,"DemandMax":null,"Value":16750},{"Length":180,"Height":93,"Demand":1,"DemandMax":null,"Value":16740},{"Length":113,"Height":148,"Demand":1,"DemandMax":null,"Value":16724},{"Length":118,"Height":141,"Demand":1,"DemandMax":null,"Value":16638},{"Length":213,"Height":78,"Demand":1,"DemandMax":null,"Value":16614},{"Length":210,"Height":79,"Demand":1,"DemandMax":null,"Value":16590},{"Length":94,"Height":176,"Demand":1,"DemandMax":null,"Value":16544},{"Length":104,"Height":159,"Demand":1,"DemandMax":null,"Value":16536},{"Length":253,"Height":65,"Demand":1,"DemandMax":null,"Value":16445},{"Length":316,"Height":52,"Demand":1,"DemandMax":null,"Value":16432},{"Length":111,"Height":148,"Demand":1,"DemandMax":null,"Value":16428},{"Length":65,"Height":250,"Demand":1,"DemandMax":null,"Value":16250},{"Length":80,"Height":201,"Demand":1,"DemandMax":null,"Value":16080},{"Length":135,"Height":119,"Demand":1,"DemandMax":null,"Value":16065},{"Length":198,"Height":81,"Demand":1,"DemandMax":null,"Value":16038},{"Length":56,"Height":286,"Demand":1,"DemandMax":null,"Value":16016},{"Length":125,"Height":127,"Demand":1,"DemandMax":null,"Value":15875},{"Length":137,"Height":114,"Demand":1,"DemandMax":null,"Value":15618},{"Length":112,"Height":138,"Demand":1,"DemandMax":null,"Value":15456},{"Length":62,"Height":248,"Demand":1,"DemandMax":null,"Value":15376},{"Length":122,"Height":126,"Demand":1,"DemandMax":null,"Value":15372},{"Length":84,"Height":183,"Demand":1,"DemandMax":null,"Value":15372},{"Length":71,"Height":216,"Demand":1,"DemandMax":null,"Value":15336},{"Length":203,"Height":75,"Demand":1,"DemandMax":null,"Value":15225},{"Length":213,"Height":71,"Demand":1,"DemandMax":null,"Value":15123},{"Length":196,"Height":77,"Demand":1,"DemandMax":null,"Value":15092},{"Length":279,"Height":54,"Demand":1,"DemandMax":null,"Value":15066},{"Length":59,"Height":255,"Demand":1,"DemandMax":null,"Value":15045},{"Length":63,"Height":238,"Demand":1,"DemandMax":null,"Value":14994},{"Length":168,"Height":89,"Demand":1,"DemandMax":null,"Value":14952},{"Length":107,"Height":139,"Demand":1,"DemandMax":null,"Value":14873},{"Length":143,"Height":104,"Demand":1,"DemandMax":null,"Value":14872},{"Length":99,"Height":150,"Demand":1,"DemandMax":null,"Value":14850},{"Length":106,"Height":139,"Demand":1,"DemandMax":null,"Value":14734},{"Length":361,"Height":40,"Demand":1,"DemandMax":null,"Value":14440},{"Length":51,"Height":283,"Demand":1,"DemandMax":null,"Value":14433},{"Length":63,"Height":229,"Demand":1,"DemandMax":null,"Value":14427},{"Length":45,"Height":320,"Demand":1,"DemandMax":null,"Value":14400},{"Length":39,"Height":369,"Demand":1,"DemandMax":null,"Value":14391},{"Length":326,"Height":44,"Demand":1,"DemandMax":null,"Value":14344},{"Length":135,"Height":106,"Demand":1,"DemandMax":null,"Value":14310},{"Length":133,"Height":106,"Demand":1,"DemandMax":null,"Value":14098},{"Length":79,"Height":178,"Demand":1,"DemandMax":null,"Value":14062},{"Length":260,"Height":54,"Demand":1,"DemandMax":null,"Value":14040},{"Length":169,"Height":83,"Demand":1,"DemandMax":null,"Value":14027},{"Length":86,"Height":163,"Demand":1,"DemandMax":null,"Value":14018},{"Length":50,"Height":279,"Demand":1,"DemandMax":null,"Value":13950},{"Length":45,"Height":309,"Demand":1,"DemandMax":null,"Value":13905},{"Length":118,"Height":117,"Demand":1,"DemandMax":null,"Value":13806},{"Length":220,"Height":62,"Demand":1,"DemandMax":null,"Value":13640},{"Length":98,"Height":139,"Demand":1,"DemandMax":null,"Value":13622},{"Length":209,"Height":65,"Demand":1,"DemandMax":null,"Value":13585},{"Length":37,"Height":366,"Demand":1,"DemandMax":null,"Value":13542},{"Length":70,"Height":193,"Demand":1,"DemandMax":null,"Value":13510},{"Length":142,"Height":95,"Demand":1,"DemandMax":null,"Value":13490},{"Length":207,"Height":65,"Demand":1,"DemandMax":null,"Value":13455},{"Length":92,"Height":146,"Demand":1,"DemandMax":null,"Value":13432},{"Length":283,"Height":47,"Demand":1,"DemandMax":null,"Value":13301},{"Length":102,"Height":130,"Demand":1,"DemandMax":null,"Value":13260},{"Length":136,"Height":97,"Demand":1,"DemandMax":null,"Value":13192},{"Length":73,"Height":180,"Demand":1,"DemandMax":null,"Value":13140},{"Length":99,"Height":132,"Demand":1,"DemandMax":null,"Value":13068},{"Length":250,"Height":52,"Demand":1,"DemandMax":null,"Value":13000},{"Length":351,"Height":37,"Demand":1,"DemandMax":null,"Value":12987},{"Length":300,"Height":43,"Demand":1,"DemandMax":null,"Value":12900},{"Length":338,"Height":38,"Demand":1,"DemandMax":null,"Value":12844},{"Length":132,"Height":97,"Demand":1,"DemandMax":null,"Value":12804},{"Length":54,"Height":237,"Demand":1,"DemandMax":null,"Value":12798},{"Length":121,"Height":105,"Demand":1,"DemandMax":null,"Value":12705},{"Length":149,"Height":85,"Demand":1,"DemandMax":null,"Value":12665},{"Length":172,"Height":73,"Demand":1,"DemandMax":null,"Value":12556},{"Length":369,"Height":34,"Demand":1,"DemandMax":null,"Value":12546},{"Length":46,"Height":272,"Demand":1,"DemandMax":null,"Value":12512},{"Length":76,"Height":164,"Demand":1,"DemandMax":null,"Value":12464},{"Length":88,"Height":141,"Demand":1,"DemandMax":null,"Value":12408},{"Length":93,"Height":132,"Demand":1,"DemandMax":null,"Value":12276},{"Length":157,"Height":78,"Demand":1,"DemandMax":null,"Value":12246},{"Length":94,"Height":130,"Demand":1,"DemandMax":null,"Value":12220},{"Length":89,"Height":136,"Demand":1,"DemandMax":null,"Value":12104},{"Length":44,"Height":275,"Demand":1,"DemandMax":null,"Value":12100},{"Length":113,"Height":107,"Demand":1,"DemandMax":null,"Value":12091},{"Length":77,"Height":157,"Demand":1,"DemandMax":null,"Value":12089},{"Length":51,"Height":237,"Demand":1,"DemandMax":null,"Value":12087},{"Length":165,"Height":73,"Demand":1,"DemandMax":null,"Value":12045},{"Length":77,"Height":154,"Demand":1,"DemandMax":null,"Value":11858},{"Length":38,"Height":312,"Demand":1,"DemandMax":null,"Value":11856},{"Length":268,"Height":44,"Demand":1,"DemandMax":null,"Value":11792},{"Length":119,"Height":99,"Demand":1,"DemandMax":null,"Value":11781},{"Length":113,"Height":104,"Demand":1,"DemandMax":null,"Value":11752},{"Length":33,"Height":355,"Demand":1,"DemandMax":null,"Value":11715},{"Length":76,"Height":154,"Demand":1,"DemandMax":null,"Value":11704},{"Length":91,"Height":128,"Demand":1,"DemandMax":null,"Value":11648},{"Length":115,"Height":101,"Demand":1,"DemandMax":null,"Value":11615},{"Length":47,"Height":245,"Demand":1,"DemandMax":null,"Value":11515},{"Length":34,"Height":337,"Demand":1,"DemandMax":null,"Value":11458},{"Length":152,"Height":75,"Demand":1,"DemandMax":null,"Value":11400},{"Length":65,"Height":175,"Demand":1,"DemandMax":null,"Value":11375},{"Length":94,"Height":121,"Demand":1,"DemandMax":null,"Value":11374},{"Length":171,"Height":66,"Demand":1,"DemandMax":null,"Value":11286},{"Length":274,"Height":41,"Demand":1,"DemandMax":null,"Value":11234},{"Length":374,"Height":30,"Demand":1,"DemandMax":null,"Value":11220},{"Length":42,"Height":265,"Demand":1,"DemandMax":null,"Value":11130},{"Length":130,"Height":85,"Demand":1,"DemandMax":null,"Value":11050},{"Length":261,"Height":42,"Demand":1,"DemandMax":null,"Value":10962},{"Length":65,"Height":168,"Demand":1,"DemandMax":null,"Value":10920},{"Length":286,"Height":38,"Demand":1,"DemandMax":null,"Value":10868},{"Length":56,"Height":191,"Demand":1,"DemandMax":null,"Value":10696},{"Length":61,"Height":175,"Demand":1,"DemandMax":null,"Value":10675},{"Length":304,"Height":35,"Demand":1,"DemandMax":null,"Value":10640},{"Length":189,"Height":56,"Demand":1,"DemandMax":null,"Value":10584},{"Length":263,"Height":40,"Demand":1,"DemandMax":null,"Value":10520},{"Length":206,"Height":51,"Demand":1,"DemandMax":null,"Value":10506},{"Length":183,"Height":57,"Demand":1,"DemandMax":null,"Value":10431},{"Length":105,"Height":98,"Demand":1,"DemandMax":null,"Value":10290},{"Length":110,"Height":91,"Demand":1,"DemandMax":null,"Value":10010},{"Length":115,"Height":85,"Demand":1,"DemandMax":null,"Value":9775},{"Length":244,"Height":40,"Demand":1,"DemandMax":null,"Value":9760},{"Length":47,"Height":207,"Demand":1,"DemandMax":null,"Value":9729},{"Length":38,"Height":256,"Demand":1,"DemandMax":null,"Value":9728},{"Length":92,"Height":105,"Demand":1,"DemandMax":null,"Value":9660},{"Length":87,"Height":111,"Demand":1,"DemandMax":null,"Value":9657},{"Length":108,"Height":89,"Demand":1,"DemandMax":null,"Value":9612},{"Length":170,"Height":56,"Demand":1,"DemandMax":null,"Value":9520},{"Length":29,"Height":328,"Demand":1,"DemandMax":null,"Value":9512},{"Length":182,"Height":52,"Demand":1,"DemandMax":null,"Value":9464},{"Length":294,"Height":32,"Demand":1,"DemandMax":null,"Value":9408},{"Length":36,"Height":260,"Demand":1,"DemandMax":null,"Value":9360},{"Length":26,"Height":359,"Demand":1,"DemandMax":null,"Value":9334},{"Length":291,"Height":32,"Demand":1,"DemandMax":null,"Value":9312},{"Length":227,"Height":41,"Demand":1,"DemandMax":null,"Value":9307},{"Length":109,"Height":84,"Demand":1,"DemandMax":null,"Value":9156},{"Length":57,"Height":160,"Demand":1,"DemandMax":null,"Value":9120},{"Length":96,"Height":95,"Demand":1,"DemandMax":null,"Value":9120},{"Length":216,"Height":41,"Demand":1,"DemandMax":null,"Value":8856},{"Length":36,"Height":246,"Demand":1,"DemandMax":null,"Value":8856},{"Length":81,"Height":109,"Demand":1,"DemandMax":null,"Value":8829},{"Length":27,"Height":324,"Demand":1,"DemandMax":null,"Value":8748},{"Length":49,"Height":178,"Demand":1,"DemandMax":null,"Value":8722},{"Length":27,"Height":321,"Demand":1,"DemandMax":null,"Value":8667},{"Length":41,"Height":211,"Demand":1,"DemandMax":null,"Value":8651},{"Length":54,"Height":159,"Demand":1,"DemandMax":null,"Value":8586},{"Length":35,"Height":245,"Demand":1,"DemandMax":null,"Value":8575},{"Length":150,"Height":57,"Demand":1,"DemandMax":null,"Value":8550},{"Length":37,"Height":230,"Demand":1,"DemandMax":null,"Value":8510},{"Length":57,"Height":149,"Demand":1,"DemandMax":null,"Value":8493},{"Length":45,"Height":188,"Demand":1,"DemandMax":null,"Value":8460},{"Length":28,"Height":302,"Demand":1,"DemandMax":null,"Value":8456},{"Length":140,"Height":59,"Demand":1,"DemandMax":null,"Value":8260},{"Length":258,"Height":32,"Demand":1,"DemandMax":null,"Value":8256},{"Length":70,"Height":117,"Demand":1,"DemandMax":null,"Value":8190},{"Length":44,"Height":185,"Demand":1,"DemandMax":null,"Value":8140},{"Length":31,"Height":262,"Demand":1,"DemandMax":null,"Value":8122},{"Length":26,"Height":309,"Demand":1,"DemandMax":null,"Value":8034},{"Length":37,"Height":216,"Demand":1,"DemandMax":null,"Value":7992},{"Length":221,"Height":36,"Demand":1,"DemandMax":null,"Value":7956},{"Length":106,"Height":75,"Demand":1,"DemandMax":null,"Value":7950},{"Length":227,"Height":35,"Demand":1,"DemandMax":null,"Value":7945},{"Length":36,"Height":220,"Demand":1,"DemandMax":null,"Value":7920},{"Length":144,"Height":55,"Demand":1,"DemandMax":null,"Value":7920},{"Length":56,"Height":141,"Demand":1,"DemandMax":null,"Value":7896},{"Length":315,"Height":25,"Demand":1,"DemandMax":null,"Value":7875},{"Length":46,"Height":171,"Demand":1,"DemandMax":null,"Value":7866},{"Length":231,"Height":34,"Demand":1,"DemandMax":null,"Value":7854},{"Length":73,"Height":107,"Demand":1,"DemandMax":null,"Value":7811},{"Length":242,"Height":32,"Demand":1,"DemandMax":null,"Value":7744},{"Length":31,"Height":249,"Demand":1,"DemandMax":null,"Value":7719},{"Length":94,"Height":81,"Demand":1,"DemandMax":null,"Value":7614},{"Length":61,"Height":124,"Demand":1,"DemandMax":null,"Value":7564},{"Length":63,"Height":120,"Demand":1,"DemandMax":null,"Value":7560},{"Length":128,"Height":59,"Demand":1,"DemandMax":null,"Value":7552},{"Length":130,"Height":58,"Demand":1,"DemandMax":null,"Value":7540},{"Length":249,"Height":30,"Demand":1,"DemandMax":null,"Value":7470},{"Length":248,"Height":30,"Demand":1,"DemandMax":null,"Value":7440},{"Length":29,"Height":254,"Demand":1,"DemandMax":null,"Value":7366},{"Length":222,"Height":33,"Demand":1,"DemandMax":null,"Value":7326},{"Length":55,"Height":133,"Demand":1,"DemandMax":null,"Value":7315},{"Length":112,"Height":65,"Demand":1,"DemandMax":null,"Value":7280},{"Length":61,"Height":119,"Demand":1,"DemandMax":null,"Value":7259},{"Length":176,"Height":41,"Demand":1,"DemandMax":null,"Value":7216},{"Length":71,"Height":99,"Demand":1,"DemandMax":null,"Value":7029},{"Length":30,"Height":234,"Demand":1,"DemandMax":null,"Value":7020},{"Length":70,"Height":100,"Demand":1,"DemandMax":null,"Value":7000},{"Length":27,"Height":258,"Demand":1,"DemandMax":null,"Value":6966},{"Length":114,"Height":61,"Demand":1,"DemandMax":null,"Value":6954},{"Length":57,"Height":121,"Demand":1,"DemandMax":null,"Value":6897},{"Length":33,"Height":207,"Demand":1,"DemandMax":null,"Value":6831},{"Length":113,"Height":60,"Demand":1,"DemandMax":null,"Value":6780},{"Length":46,"Height":147,"Demand":1,"DemandMax":null,"Value":6762},{"Length":62,"Height":108,"Demand":1,"DemandMax":null,"Value":6696},{"Length":27,"Height":246,"Demand":1,"DemandMax":null,"Value":6642},{"Length":263,"Height":25,"Demand":1,"DemandMax":null,"Value":6575},{"Length":32,"Height":205,"Demand":1,"DemandMax":null,"Value":6560},{"Length":128,"Height":51,"Demand":1,"DemandMax":null,"Value":6528},{"Length":260,"Height":25,"Demand":1,"DemandMax":null,"Value":6500},{"Length":52,"Height":125,"Demand":1,"DemandMax":null,"Value":6500},{"Length":68,"Height":95,"Demand":1,"DemandMax":null,"Value":6460},{"Length":25,"Height":256,"Demand":1,"DemandMax":null,"Value":6400},{"Length":211,"Height":30,"Demand":1,"DemandMax":null,"Value":6330},{"Length":43,"Height":147,"Demand":1,"DemandMax":null,"Value":6321},{"Length":67,"Height":94,"Demand":1,"DemandMax":null,"Value":6298},{"Length":36,"Height":172,"Demand":1,"DemandMax":null,"Value":6192},{"Length":65,"Height":95,"Demand":1,"DemandMax":null,"Value":6175},{"Length":105,"Height":58,"Demand":1,"DemandMax":null,"Value":6090},{"Length":28,"Height":217,"Demand":1,"DemandMax":null,"Value":6076},{"Length":25,"Height":243,"Demand":1,"DemandMax":null,"Value":6075},{"Length":208,"Height":29,"Demand":1,"DemandMax":null,"Value":6032},{"Length":52,"Height":115,"Demand":1,"DemandMax":null,"Value":5980},{"Length":39,"Height":153,"Demand":1,"DemandMax":null,"Value":5967},{"Length":34,"Height":174,"Demand":1,"DemandMax":null,"Value":5916},{"Length":77,"Height":76,"Demand":1,"DemandMax":null,"Value":5852},{"Length":43,"Height":133,"Demand":1,"DemandMax":null,"Value":5719},{"Length":30,"Height":190,"Demand":1,"DemandMax":null,"Value":5700},{"Length":154,"Height":37,"Demand":1,"DemandMax":null,"Value":5698},{"Length":63,"Height":90,"Demand":1,"DemandMax":null,"Value":5670},{"Length":120,"Height":47,"Demand":1,"DemandMax":null,"Value":5640},{"Length":187,"Height":30,"Demand":1,"DemandMax":null,"Value":5610},{"Length":214,"Height":26,"Demand":1,"DemandMax":null,"Value":5564},{"Length":175,"Height":31,"Demand":1,"DemandMax":null,"Value":5425},{"Length":34,"Height":159,"Demand":1,"DemandMax":null,"Value":5406},{"Length":115,"Height":47,"Demand":1,"DemandMax":null,"Value":5405},{"Length":61,"Height":88,"Demand":1,"DemandMax":null,"Value":5368},{"Length":183,"Height":29,"Demand":1,"DemandMax":null,"Value":5307},{"Length":104,"Height":51,"Demand":1,"DemandMax":null,"Value":5304},{"Length":85,"Height":62,"Demand":1,"DemandMax":null,"Value":5270},{"Length":193,"Height":27,"Demand":1,"DemandMax":null,"Value":5211},{"Length":64,"Height":81,"Demand":1,"DemandMax":null,"Value":5184},{"Length":89,"Height":58,"Demand":1,"DemandMax":null,"Value":5162},{"Length":161,"Height":32,"Demand":1,"DemandMax":null,"Value":5152},{"Length":27,"Height":190,"Demand":1,"DemandMax":null,"Value":5130},{"Length":35,"Height":146,"Demand":1,"DemandMax":null,"Value":5110},{"Length":37,"Height":136,"Demand":1,"DemandMax":null,"Value":5032},{"Length":49,"Height":102,"Demand":1,"DemandMax":null,"Value":4998},{"Length":50,"Height":94,"Demand":1,"DemandMax":null,"Value":4700},{"Length":99,"Height":46,"Demand":1,"DemandMax":null,"Value":4554},{"Length":162,"Height":28,"Demand":1,"DemandMax":null,"Value":4536},{"Length":81,"Height":56,"Demand":1,"DemandMax":null,"Value":4536},{"Length":116,"Height":39,"Demand":1,"DemandMax":null,"Value":4524},{"Length":76,"Height":58,"Demand":1,"DemandMax":null,"Value":4408},{"Length":152,"Height":29,"Demand":1,"DemandMax":null,"Value":4408},{"Length":110,"Height":40,"Demand":1,"DemandMax":null,"Value":4400},{"Length":86,"Height":50,"Demand":1,"DemandMax":null,"Value":4300},{"Length":45,"Height":95,"Demand":1,"DemandMax":null,"Value":4275},{"Length":35,"Height":121,"Demand":1,"DemandMax":null,"Value":4235},{"Length":155,"Height":27,"Demand":1,"DemandMax":null,"Value":4185},{"Length":118,"Height":35,"Demand":1,"DemandMax":null,"Value":4130},{"Length":98,"Height":41,"Demand":1,"DemandMax":null,"Value":4018},{"Length":69,"Height":58,"Demand":1,"DemandMax":null,"Value":4002},{"Length":26,"Height":153,"Demand":1,"DemandMax":null,"Value":3978},{"Length":32,"Height":124,"Demand":1,"DemandMax":null,"Value":3968},{"Length":37,"Height":106,"Demand":1,"DemandMax":null,"Value":3922},{"Length":141,"Height":27,"Demand":1,"DemandMax":null,"Value":3807},{"Length":72,"Height":50,"Demand":1,"DemandMax":null,"Value":3600},{"Length":43,"Height":81,"Demand":1,"DemandMax":null,"Value":3483},{"Length":137,"Height":25,"Demand":1,"DemandMax":null,"Value":3425},{"Length":26,"Height":130,"Demand":1,"DemandMax":null,"Value":3380},{"Length":41,"Height":82,"Demand":1,"DemandMax":null,"Value":3362},{"Length":39,"Height":86,"Demand":1,"DemandMax":null,"Value":3354},{"Length":100,"Height":33,"Demand":1,"DemandMax":null,"Value":3300},{"Length":54,"Height":59,"Demand":1,"DemandMax":null,"Value":3186},{"Length":44,"Height":72,"Demand":1,"DemandMax":null,"Value":3168},{"Length":30,"Height":105,"Demand":1,"DemandMax":null,"Value":3150},{"Length":55,"Height":57,"Demand":1,"DemandMax":null,"Value":3135},{"Length":84,"Height":37,"Demand":1,"DemandMax":null,"Value":3108},{"Length":36,"Height":86,"Demand":1,"DemandMax":null,"Value":3096},{"Length":83,"Height":36,"Demand":1,"DemandMax":null,"Value":2988},{"Length":62,"Height":48,"Demand":1,"DemandMax":null,"Value":2976},{"Length":89,"Height":32,"Demand":1,"DemandMax":null,"Value":2848},{"Length":79,"Height":35,"Demand":1,"DemandMax":null,"Value":2765},{"Length":100,"Height":27,"Demand":1,"DemandMax":null,"Value":2700},{"Length":30,"Height":87,"Demand":1,"DemandMax":null,"Value":2610},{"Length":60,"Height":43,"Demand":1,"DemandMax":null,"Value":2580},{"Length":60,"Height":42,"Demand":1,"DemandMax":null,"Value":2520},{"Length":79,"Height":29,"Demand":1,"DemandMax":null,"Value":2291},{"Length":50,"Height":45,"Demand":1,"DemandMax":null,"Value":2250},{"Length":45,"Height":43,"Demand":1,"DemandMax":null,"Value":1935},{"Length":42,"Height":45,"Demand":1,"DemandMax":null,"Value":1890},{"Length":34,"Height":55,"Demand":1,"DemandMax":null,"Value":1870},{"Length":46,"Height":36,"Demand":1,"DemandMax":null,"Value":1656},{"Length":28,"Height":58,"Demand":1,"DemandMax":null,"Value":1624},{"Length":59,"Height":27,"Demand":1,"DemandMax":null,"Value":1593},{"Length":56,"Height":28,"Demand":1,"DemandMax":null,"Value":1568},{"Length":54,"Height":28,"Demand":1,"DemandMax":null,"Value":1512},{"Length":46,"Height":31,"Demand":1,"DemandMax":null,"Value":1426},{"Length":47,"Height":30,"Demand":1,"DemandMax":null,"Value":1410},{"Length":39,"Height":36,"Demand":1,"DemandMax":null,"Value":1404},{"Length":56,"Height":25,"Demand":1,"DemandMax":null,"Value":1400},{"Length":28,"Height":42,"Demand":1,"DemandMax":null,"Value":1176}]}