{"Name":"AH40","Objects":[{"Length":1000,"Height":34820,"Stock":null,"Cost":34820000}],"Items":[{"Length":347,"Height":281,"Demand":100,"DemandMax":null,"Value":97507},{"Length":331,"Height":192,"Demand":100,"DemandMax":null,"Value":63552},{"Length":345,"Height":178,"Demand":100,"DemandMax":null,"Value":61410},{"Length":231,"Height":130,"Demand":100,"DemandMax":null,"Value":30030},{"Length":154,"Height":184,"Demand":100,"DemandMax":null,"Value":28336},{"Length":137,"Height":167,"Demand":100,"DemandMax":null,"Value":22879},{"Length":194,"Height":113,"Demand":100,"DemandMax":null,"Value":21922},{"Length":61,"Height":185,"Demand":100,"DemandMax":null,"Value":11285},{"Length":50,"Height":135,"Demand":100,"DemandMax":null,"Value":6750},{"Length":87,"Height":52,"Demand":100,"DemandMax":null,"Value":4524}]}