{"Name":"AH244","Objects":[{"Length":1000,"Height":40053,"Stock":null,"Cost":40053000}],"Items":[{"Length":300,"Height":299,"Demand":1,"DemandMax":null,"Value":89700},{"Length":291,"Height":299,"Demand":1,"DemandMax":null,"Value":87009},{"Length":282,"Height":300,"Demand":1,"DemandMax":null,"Value":84600},{"Length":296,"Height":285,"Demand":1,"DemandMax":null,"Value":84360},{"Length":293,"Height":286,"Demand":1,"DemandMax":null,"Value":83798},{"Length":292,"Height":286,"Demand":1,"DemandMax":null,"Value":83512},{"Length":292,"Height":285,"Demand":1,"DemandMax":null,"Value":83220},{"Length":286,"Height":288,"Demand":1,"DemandMax":null,"Value":82368},{"Length":282,"Height":291,"Demand":1,"DemandMax":null,"Value":82062},{"Length":287,"Height":285,"Demand":1,"DemandMax":null,"Value":81795},{"Length":281,"Height":289,"Demand":1,"DemandMax":null,"Value":81209},{"Length":272,"Height":298,"Demand":1,"DemandMax":null,"Value":81056},{"Length":282,"Height":285,"Demand":1,"DemandMax":null,"Value":80370},{"Length":270,"Height":296,"Demand":1,"DemandMax":null,"Value":79920},{"Length":285,"Height":280,"Demand":1,"DemandMax":null,"Value":79800},{"Length":287,"Height":277,"Demand":1,"DemandMax":null,"Value":79499},{"Length":296,"Height":267,"Demand":1,"DemandMax":null,"Value":79032},{"Length":283,"Height":279,"Demand":1,"DemandMax":null,"Value":78957},{"Length":260,"Height":299,"Demand":1,"DemandMax":null,"Value":77740},{"Length":282,"Height":274,"Demand":1,"DemandMax":null,"Value":77268},{"Length":286,"Height":269,"Demand":1,"DemandMax":null,"Value":76934},{"Length":266,"Height":288,"Demand":1,"DemandMax":null,"Value":76608},{"Length":294,"Height":260,"Demand":1,"DemandMax":null,"Value":76440},{"Length":264,"Height":289,"Demand":1,"DemandMax":null,"Value":76296},{"Length":288,"Height":264,"Demand":1,"DemandMax":null,"Value":76032},{"Length":279,"Height":271,"Demand":1,"DemandMax":null,"Value":75609},{"Length":294,"Height":257,"Demand":1,"DemandMax":null,"Value":75558},{"Length":285,"Height":265,"Demand":1,"DemandMax":null,"Value":75525},{"Length":273,"Height":276,"Demand":1,"DemandMax":null,"Value":75348},{"Length":251,"Height":300,"Demand":1,"DemandMax":null,"Value":75300},{"Length":265,"Height":283,"Demand":1,"DemandMax":null,"Value":74995},{"Length":298,"Height":251,"Demand":1,"DemandMax":null,"Value":74798},{"Length":267,"Height":280,"Demand":1,"DemandMax":null,"Value":74760},{"Length":251,"Height":294,"Demand":1,"DemandMax":null,"Value":73794},{"Length":262,"Height":281,"Demand":1,"DemandMax":null,"Value":73622},{"Length":261,"Height":282,"Demand":1,"DemandMax":null,"Value":73602},{"Length":249,"Height":295,"Demand":1,"DemandMax":null,"Value":73455},{"Length":270,"Height":271,"Demand":1,"DemandMax":null,"Value":73170},{"Length":248,"Height":295,"Demand":1,"DemandMax":null,"Value":73160},{"Length":279,"Height":262,"Demand":1,"DemandMax":null,"Value":73098},{"Length":261,"Height":279,"Demand":1,"DemandMax":null,"Value":72819},{"Length":285,"Height":254,"Demand":1,"DemandMax":null,"Value":72390},{"Length":281,"Height":257,"Demand":1,"DemandMax":null,"Value":72217},{"Length":268,"Height":269,"Demand":1,"DemandMax":null,"Value":72092},{"Length":272,"Height":265,"Demand":1,"DemandMax":null,"Value":72080},{"Length":257,"Height":280,"Demand":1,"DemandMax":null,"Value":71960},{"Length":298,"Height":241,"Demand":1,"DemandMax":null,"Value":71818},{"Length":279,"Height":257,"Demand":1,"DemandMax":null,"Value":71703},{"Length":257,"Height":278,"Demand":1,"DemandMax":null,"Value":71446},{"Length":297,"Height":240,"Demand":1,"DemandMax":null,"Value":71280},{"Length":275,"Height":259,"Demand":1,"DemandMax":null,"Value":71225},{"Length":255,"Height":279,"Demand":1,"DemandMax":null,"Value":71145},{"Length":266,"Height":266,"Demand":1,"DemandMax":null,"Value":70756},{"Length":273,"Height":258,"Demand":1,"DemandMax":null,"Value":70434},{"Length":252,"Height":278,"Demand":1,"DemandMax":null,"Value":70056},{"Length":243,"Height":287,"Demand":1,"DemandMax":null,"Value":69741},{"Length":238,"Height":293,"Demand":1,"DemandMax":null,"Value":69734},{"Length":236,"Height":295,"Demand":1,"DemandMax":null,"Value":69620},{"Length":296,"Height":235,"Demand":1,"DemandMax":null,"Value":69560},{"Length":251,"Height":277,"Demand":1,"DemandMax":null,"Value":69527},{"Length":281,"Height":247,"Demand":1,"DemandMax":null,"Value":69407},{"Length":282,"Height":246,"Demand":1,"DemandMax":null,"Value":69372},{"Length":277,"Height":250,"Demand":1,"DemandMax":null,"Value":69250},{"Length":238,"Height":289,"Demand":1,"DemandMax":null,"Value":68782},{"Length":250,"Height":274,"Demand":1,"DemandMax":null,"Value":68500},{"Length":255,"Height":268,"Demand":1,"DemandMax":null,"Value":68340},{"Length":270,"Height":253,"Demand":1,"DemandMax":null,"Value":68310},{"Length":241,"Height":283,"Demand":1,"DemandMax":null,"Value":68203},{"Length":260,"Height":262,"Demand":1,"DemandMax":null,"Value":68120},{"Length":238,"Height":286,"Demand":1,"DemandMax":null,"Value":68068},{"Length":253,"Height":269,"Demand":1,"DemandMax":null,"Value":68057},{"Length":289,"Height":235,"Demand":1,"DemandMax":null,"Value":67915},{"Length":271,"Height":250,"Demand":1,"DemandMax":null,"Value":67750},{"Length":273,"Height":248,"Demand":1,"DemandMax":null,"Value":67704},{"Length":264,"Height":256,"Demand":1,"DemandMax":null,"Value":67584},{"Length":285,"Height":237,"Demand":1,"DemandMax":null,"Value":67545},{"Length":269,"Height":251,"Demand":1,"DemandMax":null,"Value":67519},{"Length":233,"Height":289,"Demand":1,"DemandMax":null,"Value":67337},{"Length":256,"Height":263,"Demand":1,"DemandMax":null,"Value":67328},{"Length":265,"Height":254,"Demand":1,"DemandMax":null,"Value":67310},{"Length":223,"Height":300,"Demand":1,"DemandMax":null,"Value":66900},{"Length":287,"Height":233,"Demand":1,"DemandMax":null,"Value":66871},{"Length":253,"Height":264,"Demand":1,"DemandMax":null,"Value":66792},{"Length":231,"Height":289,"Demand":1,"DemandMax":null,"Value":66759},{"Length":272,"Height":245,"Demand":1,"DemandMax":null,"Value":66640},{"Length":227,"Height":293,"Demand":1,"DemandMax":null,"Value":66511},{"Length":268,"Height":248,"Demand":1,"DemandMax":null,"Value":66464},{"Length":229,"Height":290,"Demand":1,"DemandMax":null,"Value":66410},{"Length":224,"Height":296,"Demand":1,"DemandMax":null,"Value":66304},{"Length":254,"Height":261,"Demand":1,"DemandMax":null,"Value":66294},{"Length":253,"Height":262,"Demand":1,"DemandMax":null,"Value":66286},{"Length":268,"Height":247,"Demand":1,"DemandMax":null,"Value":66196},{"Length":230,"Height":287,"Demand":1,"DemandMax":null,"Value":66010},{"Length":249,"Height":265,"Demand":1,"DemandMax":null,"Value":65985},{"Length":269,"Height":245,"Demand":1,"DemandMax":null,"Value":65905},{"Length":241,"Height":273,"Demand":1,"DemandMax":null,"Value":65793},{"Length":226,"Height":291,"Demand":1,"DemandMax":null,"Value":65766},{"Length":244,"Height":269,"Demand":1,"DemandMax":null,"Value":65636},{"Length":263,"Height":249,"Demand":1,"DemandMax":null,"Value":65487},{"Length":228,"Height":287,"Demand":1,"DemandMax":null,"Value":65436},{"Length":266,"Height":246,"Demand":1,"DemandMax":null,"Value":65436},{"Length":289,"Height":226,"Demand":1,"DemandMax":null,"Value":65314},{"Length":248,"Height":263,"Demand":1,"DemandMax":null,"Value":65224},{"Length":238,"Height":273,"Demand":1,"DemandMax":null,"Value":64974},{"Length":299,"Height":217,"Demand":1,"DemandMax":null,"Value":64883},{"Length":253,"Height":256,"Demand":1,"DemandMax":null,"Value":64768},{"Length":250,"Height":259,"Demand":1,"DemandMax":null,"Value":64750},{"Length":233,"Height":277,"Demand":1,"DemandMax":null,"Value":64541},{"Length":227,"Height":284,"Demand":1,"DemandMax":null,"Value":64468},{"Length":275,"Height":234,"Demand":1,"DemandMax":null,"Value":64350},{"Length":222,"Height":288,"Demand":1,"DemandMax":null,"Value":63936},{"Length":249,"Height":255,"Demand":1,"DemandMax":null,"Value":63495},{"Length":248,"Height":256,"Demand":1,"DemandMax":null,"Value":63488},{"Length":298,"Height":213,"Demand":1,"DemandMax":null,"Value":63474},{"Length":233,"Height":272,"Demand":1,"DemandMax":null,"Value":63376},{"Length":296,"Height":214,"Demand":1,"DemandMax":null,"Value":63344},{"Length":257,"Height":246,"Demand":1,"DemandMax":null,"Value":63222},{"Length":269,"Height":235,"Demand":1,"DemandMax":null,"Value":63215},{"Length":220,"Height":287,"Demand":1,"DemandMax":null,"Value":63140},{"Length":279,"Height":226,"Demand":1,"DemandMax":null,"Value":63054},{"Length":293,"Height":215,"Demand":1,"DemandMax":null,"Value":62995},{"Length":255,"Height":247,"Demand":1,"DemandMax":null,"Value":62985},{"Length":229,"Height":275,"Demand":1,"DemandMax":null,"Value":62975},{"Length":211,"Height":297,"Demand":1,"DemandMax":null,"Value":62667},{"Length":281,"Height":223,"Demand":1,"DemandMax":null,"Value":62663},{"Length":225,"Height":278,"Demand":1,"DemandMax":null,"Value":62550},{"Length":253,"Height":246,"Demand":1,"DemandMax":null,"Value":62238},{"Length":225,"Height":276,"Demand":1,"DemandMax":null,"Value":62100},{"Length":277,"Height":224,"Demand":1,"DemandMax":null,"Value":62048},{"Length":272,"Height":228,"Demand":1,"DemandMax":null,"Value":62016},{"Length":257,"Height":241,"Demand":1,"DemandMax":null,"Value":61937},{"Length":221,"Height":280,"Demand":1,"DemandMax":null,"Value":61880},{"Length":230,"Height":269,"Demand":1,"DemandMax":null,"Value":61870},{"Length":264,"Height":234,"Demand":1,"DemandMax":null,"Value":61776},{"Length":252,"Height":245,"Demand":1,"DemandMax":null,"Value":61740},{"Length":274,"Height":225,"Demand":1,"DemandMax":null,"Value":61650},{"Length":268,"Height":229,"Demand":1,"DemandMax":null,"Value":61372},{"Length":296,"Height":207,"Demand":1,"DemandMax":null,"Value":61272},{"Length":282,"Height":217,"Demand":1,"DemandMax":null,"Value":61194},{"Length":219,"Height":279,"Demand":1,"DemandMax":null,"Value":61101},{"Length":272,"Height":224,"Demand":1,"DemandMax":null,"Value":60928},{"Length":218,"Height":279,"Demand":1,"DemandMax":null,"Value":60822},{"Length":296,"Height":205,"Demand":1,"DemandMax":null,"Value":60680},{"Length":237,"Height":256,"Demand":1,"DemandMax":null,"Value":60672},{"Length":286,"Height":212,"Demand":1,"DemandMax":null,"Value":60632},{"Length":232,"Height":261,"Demand":1,"DemandMax":null,"Value":60552},{"Length":217,"Height":279,"Demand":1,"DemandMax":null,"Value":60543},{"Length":202,"Height":297,"Demand":1,"DemandMax":null,"Value":59994},{"Length":217,"Height":276,"Demand":1,"DemandMax":null,"Value":59892},{"Length":295,"Height":203,"Demand":1,"DemandMax":null,"Value":59885},{"Length":240,"Height":249,"Demand":1,"DemandMax":null,"Value":59760},{"Length":262,"Height":228,"Demand":1,"DemandMax":null,"Value":59736},{"Length":255,"Height":234,"Demand":1,"DemandMax":null,"Value":59670},{"Length":264,"Height":226,"Demand":1,"DemandMax":null,"Value":59664},{"Length":205,"Height":291,"Demand":1,"DemandMax":null,"Value":59655},{"Length":217,"Height":274,"Demand":1,"DemandMax":null,"Value":59458},{"Length":263,"Height":226,"Demand":1,"DemandMax":null,"Value":59438},{"Length":295,"Height":201,"Demand":1,"DemandMax":null,"Value":59295},{"Length":216,"Height":274,"Demand":1,"DemandMax":null,"Value":59184},{"Length":300,"Height":197,"Demand":1,"DemandMax":null,"Value":59100},{"Length":271,"Height":218,"Demand":1,"DemandMax":null,"Value":59078},{"Length":222,"Height":266,"Demand":1,"DemandMax":null,"Value":59052},{"Length":236,"Height":250,"Demand":1,"DemandMax":null,"Value":59000},{"Length":212,"Height":278,"Demand":1,"DemandMax":null,"Value":58936},{"Length":299,"Height":197,"Demand":1,"DemandMax":null,"Value":58903},{"Length":216,"Height":272,"Demand":1,"DemandMax":null,"Value":58752},{"Length":232,"Height":253,"Demand":1,"DemandMax":null,"Value":58696},{"Length":299,"Height":196,"Demand":1,"DemandMax":null,"Value":58604},{"Length":223,"Height":262,"Demand":1,"DemandMax":null,"Value":58426},{"Length":197,"Height":296,"Demand":1,"DemandMax":null,"Value":58312},{"Length":199,"Height":293,"Demand":1,"DemandMax":null,"Value":58307},{"Length":275,"Height":212,"Demand":1,"DemandMax":null,"Value":58300},{"Length":196,"Height":297,"Demand":1,"DemandMax":null,"Value":58212},{"Length":300,"Height":194,"Demand":1,"DemandMax":null,"Value":58200},{"Length":202,"Height":288,"Demand":1,"DemandMax":null,"Value":58176},{"Length":229,"Height":254,"Demand":1,"DemandMax":null,"Value":58166},{"Length":243,"Height":239,"Demand":1,"DemandMax":null,"Value":58077},{"Length":286,"Height":203,"Demand":1,"DemandMax":null,"Value":58058},{"Length":275,"Height":211,"Demand":1,"DemandMax":null,"Value":58025},{"Length":204,"Height":284,"Demand":1,"DemandMax":null,"Value":57936},{"Length":216,"Height":268,"Demand":1,"DemandMax":null,"Value":57888},{"Length":198,"Height":292,"Demand":1,"DemandMax":null,"Value":57816},{"Length":251,"Height":230,"Demand":1,"DemandMax":null,"Value":57730},{"Length":241,"Height":239,"Demand":1,"DemandMax":null,"Value":57599},{"Length":202,"Height":285,"Demand":1,"DemandMax":null,"Value":57570},{"Length":258,"Height":223,"Demand":1,"DemandMax":null,"Value":57534},{"Length":249,"Height":231,"Demand":1,"DemandMax":null,"Value":57519},{"Length":216,"Height":266,"Demand":1,"DemandMax":null,"Value":57456},{"Length":219,"Height":262,"Demand":1,"DemandMax":null,"Value":57378},{"Length":294,"Height":195,"Demand":1,"DemandMax":null,"Value":57330},{"Length":298,"Height":192,"Demand":1,"DemandMax":null,"Value":57216},{"Length":276,"Height":206,"Demand":1,"DemandMax":null,"Value":56856},{"Length":296,"Height":192,"Demand":1,"DemandMax":null,"Value":56832},{"Length":278,"Height":204,"Demand":1,"DemandMax":null,"Value":56712},{"Length":276,"Height":205,"Demand":1,"DemandMax":null,"Value":56580},{"Length":256,"Height":219,"Demand":1,"DemandMax":null,"Value":56064},{"Length":257,"Height":218,"Demand":1,"DemandMax":null,"Value":56026},{"Length":290,"Height":193,"Demand":1,"DemandMax":null,"Value":55970},{"Length":192,"Height":290,"Demand":1,"DemandMax":null,"Value":55680},{"Length":201,"Height":277,"Demand":1,"DemandMax":null,"Value":55677},{"Length":270,"Height":206,"Demand":1,"DemandMax":null,"Value":55620},{"Length":261,"Height":213,"Demand":1,"DemandMax":null,"Value":55593},{"Length":197,"Height":282,"Demand":1,"DemandMax":null,"Value":55554},{"Length":286,"Height":194,"Demand":1,"DemandMax":null,"Value":55484},{"Length":198,"Height":280,"Demand":1,"DemandMax":null,"Value":55440},{"Length":201,"Height":275,"Demand":1,"DemandMax":null,"Value":55275},{"Length":295,"Height":187,"Demand":1,"DemandMax":null,"Value":55165},{"Length":292,"Height":188,"Demand":1,"DemandMax":null,"Value":54896},{"Length":251,"Height":218,"Demand":1,"DemandMax":null,"Value":54718},{"Length":189,"Height":289,"Demand":1,"DemandMax":null,"Value":54621},{"Length":296,"Height":184,"Demand":1,"DemandMax":null,"Value":54464},{"Length":214,"Height":253,"Demand":1,"DemandMax":null,"Value":54142},{"Length":299,"Height":181,"Demand":1,"DemandMax":null,"Value":54119},{"Length":219,"Height":247,"Demand":1,"DemandMax":null,"Value":54093},{"Length":239,"Height":226,"Demand":1,"DemandMax":null,"Value":54014},{"Length":223,"Height":242,"Demand":1,"DemandMax":null,"Value":53966},{"Length":180,"Height":299,"Demand":1,"DemandMax":null,"Value":53820},{"Length":183,"Height":294,"Demand":1,"DemandMax":null,"Value":53802},{"Length":292,"Height":184,"Demand":1,"DemandMax":null,"Value":53728},{"Length":193,"Height":278,"Demand":1,"DemandMax":null,"Value":53654},{"Length":212,"Height":253,"Demand":1,"DemandMax":null,"Value":53636},{"Length":188,"Height":284,"Demand":1,"DemandMax":null,"Value":53392},{"Length":278,"Height":192,"Demand":1,"DemandMax":null,"Value":53376},{"Length":235,"Height":227,"Demand":1,"DemandMax":null,"Value":53345},{"Length":245,"Height":217,"Demand":1,"DemandMax":null,"Value":53165},{"Length":187,"Height":284,"Demand":1,"DemandMax":null,"Value":53108},{"Length":283,"Height":187,"Demand":1,"DemandMax":null,"Value":52921},{"Length":205,"Height":258,"Demand":1,"DemandMax":null,"Value":52890},{"Length":253,"Height":209,"Demand":1,"DemandMax":null,"Value":52877},{"Length":278,"Height":190,"Demand":1,"DemandMax":null,"Value":52820},{"Length":218,"Height":242,"Demand":1,"DemandMax":null,"Value":52756},{"Length":285,"Height":185,"Demand":1,"DemandMax":null,"Value":52725},{"Length":238,"Height":221,"Demand":1,"DemandMax":null,"Value":52598},{"Length":196,"Height":268,"Demand":1,"DemandMax":null,"Value":52528},{"Length":260,"Height":202,"Demand":1,"DemandMax":null,"Value":52520},{"Length":226,"Height":232,"Demand":1,"DemandMax":null,"Value":52432},{"Length":183,"Height":286,"Demand":1,"DemandMax":null,"Value":52338},{"Length":218,"Height":240,"Demand":1,"DemandMax":null,"Value":52320},{"Length":294,"Height":177,"Demand":1,"DemandMax":null,"Value":52038},{"Length":250,"Height":208,"Demand":1,"DemandMax":null,"Value":52000},{"Length":281,"Height":185,"Demand":1,"DemandMax":null,"Value":51985},{"Length":245,"Height":212,"Demand":1,"DemandMax":null,"Value":51940},{"Length":288,"Height":180,"Demand":1,"DemandMax":null,"Value":51840},{"Length":187,"Height":277,"Demand":1,"DemandMax":null,"Value":51799},{"Length":299,"Height":173,"Demand":1,"DemandMax":null,"Value":51727},{"Length":236,"Height":219,"Demand":1,"DemandMax":null,"Value":51684},{"Length":237,"Height":218,"Demand":1,"DemandMax":null,"Value":51666},{"Length":194,"Height":266,"Demand":1,"DemandMax":null,"Value":51604},{"Length":188,"Height":274,"Demand":1,"DemandMax":null,"Value":51512},{"Length":174,"Height":296,"Demand":1,"DemandMax":null,"Value":51504},{"Length":250,"Height":206,"Demand":1,"DemandMax":null,"Value":51500},{"Length":180,"Height":284,"Demand":1,"DemandMax":null,"Value":51120},{"Length":228,"Height":224,"Demand":1,"DemandMax":null,"Value":51072},{"Length":221,"Height":231,"Demand":1,"DemandMax":null,"Value":51051},{"Length":267,"Height":191,"Demand":1,"DemandMax":null,"Value":50997},{"Length":174,"Height":293,"Demand":1,"DemandMax":null,"Value":50982},{"Length":246,"Height":207,"Demand":1,"DemandMax":null,"Value":50922},{"Length":235,"Height":216,"Demand":1,"DemandMax":null,"Value":50760},{"Length":250,"Height":203,"Demand":1,"DemandMax":null,"Value":50750},{"Length":250,"Height":202,"Demand":1,"DemandMax":null,"Value":50500},{"Length":296,"Height":170,"Demand":1,"DemandMax":null,"Value":50320},{"Length":189,"Height":266,"Demand":1,"DemandMax":null,"Value":50274},{"Length":182,"Height":276,"Demand":1,"DemandMax":null,"Value":50232},{"Length":247,"Height":203,"Demand":1,"DemandMax":null,"Value":50141},{"Length":217,"Height":231,"Demand":1,"DemandMax":null,"Value":50127},{"Length":200,"Height":250,"Demand":1,"DemandMax":null,"Value":50000},{"Length":170,"Height":294,"Demand":1,"DemandMax":null,"Value":49980},{"Length":198,"Height":252,"Demand":1,"DemandMax":null,"Value":49896},{"Length":212,"Height":235,"Demand":1,"DemandMax":null,"Value":49820},{"Length":223,"Height":223,"Demand":1,"DemandMax":null,"Value":49729},{"Length":168,"Height":296,"Demand":1,"DemandMax":null,"Value":49728},{"Length":198,"Height":251,"Demand":1,"DemandMax":null,"Value":49698},{"Length":268,"Height":185,"Demand":1,"DemandMax":null,"Value":49580},{"Length":198,"Height":250,"Demand":1,"DemandMax":null,"Value":49500},{"Length":202,"Height":245,"Demand":1,"DemandMax":null,"Value":49490},{"Length":216,"Height":229,"Demand":1,"DemandMax":null,"Value":49464},{"Length":181,"Height":273,"Demand":1,"DemandMax":null,"Value":49413},{"Length":204,"Height":242,"Demand":1,"DemandMax":null,"Value":49368},{"Length":191,"Height":258,"Demand":1,"DemandMax":null,"Value":49278},{"Length":188,"Height":262,"Demand":1,"DemandMax":null,"Value":49256},{"Length":275,"Height":179,"Demand":1,"DemandMax":null,"Value":49225},{"Length":235,"Height":209,"Demand":1,"DemandMax":null,"Value":49115},{"Length":271,"Height":181,"Demand":1,"DemandMax":null,"Value":49051},{"Length":233,"Height":210,"Demand":1,"DemandMax":null,"Value":48930},{"Length":221,"Height":221,"Demand":1,"DemandMax":null,"Value":48841},{"Length":191,"Height":255,"Demand":1,"DemandMax":null,"Value":48705},{"Length":188,"Height":259,"Demand":1,"DemandMax":null,"Value":48692},{"Length":179,"Height":272,"Demand":1,"DemandMax":null,"Value":48688},{"Length":244,"Height":199,"Demand":1,"DemandMax":null,"Value":48556},{"Length":204,"Height":238,"Demand":1,"DemandMax":null,"Value":48552},{"Length":172,"Height":282,"Demand":1,"DemandMax":null,"Value":48504},{"Length":287,"Height":169,"Demand":1,"DemandMax":null,"Value":48503},{"Length":266,"Height":182,"Demand":1,"DemandMax":null,"Value":48412},{"Length":184,"Height":263,"Demand":1,"DemandMax":null,"Value":48392},{"Length":276,"Height":175,"Demand":1,"DemandMax":null,"Value":48300},{"Length":202,"Height":239,"Demand":1,"DemandMax":null,"Value":48278},{"Length":274,"Height":176,"Demand":1,"DemandMax":null,"Value":48224},{"Length":211,"Height":228,"Demand":1,"DemandMax":null,"Value":48108},{"Length":167,"Height":288,"Demand":1,"DemandMax":null,"Value":48096},{"Length":278,"Height":173,"Demand":1,"DemandMax":null,"Value":48094},{"Length":165,"Height":291,"Demand":1,"DemandMax":null,"Value":48015},{"Length":242,"Height":198,"Demand":1,"DemandMax":null,"Value":47916},{"Length":212,"Height":226,"Demand":1,"DemandMax":null,"Value":47912},{"Length":289,"Height":165,"Demand":1,"DemandMax":null,"Value":47685},{"Length":240,"Height":198,"Demand":1,"DemandMax":null,"Value":47520},{"Length":212,"Height":224,"Demand":1,"DemandMax":null,"Value":47488},{"Length":276,"Height":172,"Demand":1,"DemandMax":null,"Value":47472},{"Length":238,"Height":199,"Demand":1,"DemandMax":null,"Value":47362},{"Length":194,"Height":243,"Demand":1,"DemandMax":null,"Value":47142},{"Length":203,"Height":232,"Demand":1,"DemandMax":null,"Value":47096},{"Length":181,"Height":260,"Demand":1,"DemandMax":null,"Value":47060},{"Length":293,"Height":160,"Demand":1,"DemandMax":null,"Value":46880},{"Length":248,"Height":189,"Demand":1,"DemandMax":null,"Value":46872},{"Length":165,"Height":284,"Demand":1,"DemandMax":null,"Value":46860},{"Length":183,"Height":255,"Demand":1,"DemandMax":null,"Value":46665},{"Length":156,"Height":299,"Demand":1,"DemandMax":null,"Value":46644},{"Length":209,"Height":223,"Demand":1,"DemandMax":null,"Value":46607},{"Length":239,"Height":195,"Demand":1,"DemandMax":null,"Value":46605},{"Length":244,"Height":191,"Demand":1,"DemandMax":null,"Value":46604},{"Length":256,"Height":182,"Demand":1,"DemandMax":null,"Value":46592},{"Length":269,"Height":173,"Demand":1,"DemandMax":null,"Value":46537},{"Length":166,"Height":280,"Demand":1,"DemandMax":null,"Value":46480},{"Length":212,"Height":219,"Demand":1,"DemandMax":null,"Value":46428},{"Length":286,"Height":162,"Demand":1,"DemandMax":null,"Value":46332},{"Length":279,"Height":166,"Demand":1,"DemandMax":null,"Value":46314},{"Length":250,"Height":185,"Demand":1,"DemandMax":null,"Value":46250},{"Length":258,"Height":179,"Demand":1,"DemandMax":null,"Value":46182},{"Length":226,"Height":204,"Demand":1,"DemandMax":null,"Value":46104},{"Length":299,"Height":154,"Demand":1,"DemandMax":null,"Value":46046},{"Length":191,"Height":241,"Demand":1,"DemandMax":null,"Value":46031},{"Length":266,"Height":173,"Demand":1,"DemandMax":null,"Value":46018},{"Length":264,"Height":174,"Demand":1,"DemandMax":null,"Value":45936},{"Length":288,"Height":159,"Demand":1,"DemandMax":null,"Value":45792},{"Length":164,"Height":279,"Demand":1,"DemandMax":null,"Value":45756},{"Length":161,"Height":284,"Demand":1,"DemandMax":null,"Value":45724},{"Length":254,"Height":180,"Demand":1,"DemandMax":null,"Value":45720},{"Length":275,"Height":166,"Demand":1,"DemandMax":null,"Value":45650},{"Length":190,"Height":240,"Demand":1,"DemandMax":null,"Value":45600},{"Length":220,"Height":207,"Demand":1,"DemandMax":null,"Value":45540},{"Length":205,"Height":222,"Demand":1,"DemandMax":null,"Value":45510},{"Length":286,"Height":159,"Demand":1,"DemandMax":null,"Value":45474},{"Length":251,"Height":181,"Demand":1,"DemandMax":null,"Value":45431},{"Length":227,"Height":200,"Demand":1,"DemandMax":null,"Value":45400},{"Length":291,"Height":156,"Demand":1,"DemandMax":null,"Value":45396},{"Length":287,"Height":158,"Demand":1,"DemandMax":null,"Value":45346},{"Length":246,"Height":184,"Demand":1,"DemandMax":null,"Value":45264},{"Length":167,"Height":271,"Demand":1,"DemandMax":null,"Value":45257},{"Length":212,"Height":213,"Demand":1,"DemandMax":null,"Value":45156},{"Length":176,"Height":256,"Demand":1,"DemandMax":null,"Value":45056},{"Length":224,"Height":201,"Demand":1,"DemandMax":null,"Value":45024},{"Length":197,"Height":228,"Demand":1,"DemandMax":null,"Value":44916},{"Length":193,"Height":232,"Demand":1,"DemandMax":null,"Value":44776},{"Length":285,"Height":157,"Demand":1,"DemandMax":null,"Value":44745},{"Length":207,"Height":216,"Demand":1,"DemandMax":null,"Value":44712},{"Length":149,"Height":300,"Demand":1,"DemandMax":null,"Value":44700},{"Length":218,"Height":205,"Demand":1,"DemandMax":null,"Value":44690},{"Length":220,"Height":203,"Demand":1,"DemandMax":null,"Value":44660},{"Length":199,"Height":224,"Demand":1,"DemandMax":null,"Value":44576},{"Length":149,"Height":299,"Demand":1,"DemandMax":null,"Value":44551},{"Length":291,"Height":153,"Demand":1,"DemandMax":null,"Value":44523},{"Length":166,"Height":268,"Demand":1,"DemandMax":null,"Value":44488},{"Length":183,"Height":243,"Demand":1,"DemandMax":null,"Value":44469},{"Length":200,"Height":222,"Demand":1,"DemandMax":null,"Value":44400},{"Length":170,"Height":261,"Demand":1,"DemandMax":null,"Value":44370},{"Length":159,"Height":279,"Demand":1,"DemandMax":null,"Value":44361},{"Length":245,"Height":181,"Demand":1,"DemandMax":null,"Value":44345},{"Length":215,"Height":206,"Demand":1,"DemandMax":null,"Value":44290},{"Length":228,"Height":194,"Demand":1,"DemandMax":null,"Value":44232},{"Length":260,"Height":170,"Demand":1,"DemandMax":null,"Value":44200},{"Length":149,"Height":296,"Demand":1,"DemandMax":null,"Value":44104},{"Length":252,"Height":175,"Demand":1,"DemandMax":null,"Value":44100},{"Length":196,"Height":225,"Demand":1,"DemandMax":null,"Value":44100},{"Length":292,"Height":151,"Demand":1,"DemandMax":null,"Value":44092},{"Length":249,"Height":177,"Demand":1,"DemandMax":null,"Value":44073},{"Length":181,"Height":243,"Demand":1,"DemandMax":null,"Value":43983},{"Length":260,"Height":169,"Demand":1,"DemandMax":null,"Value":43940},{"Length":216,"Height":203,"Demand":1,"DemandMax":null,"Value":43848},{"Length":201,"Height":218,"Demand":1,"DemandMax":null,"Value":43818},{"Length":181,"Height":242,"Demand":1,"DemandMax":null,"Value":43802},{"Length":272,"Height":161,"Demand":1,"DemandMax":null,"Value":43792},{"Length":229,"Height":191,"Demand":1,"DemandMax":null,"Value":43739},{"Length":200,"Height":218,"Demand":1,"DemandMax":null,"Value":43600},{"Length":189,"Height":230,"Demand":1,"DemandMax":null,"Value":43470},{"Length":199,"Height":218,"Demand":1,"DemandMax":null,"Value":43382},{"Length":249,"Height":174,"Demand":1,"DemandMax":null,"Value":43326},{"Length":181,"Height":239,"Demand":1,"DemandMax":null,"Value":43259},{"Length":163,"Height":265,"Demand":1,"DemandMax":null,"Value":43195},{"Length":164,"Height":263,"Demand":1,"DemandMax":null,"Value":43132},{"Length":151,"Height":285,"Demand":1,"DemandMax":null,"Value":43035},{"Length":162,"Height":265,"Demand":1,"DemandMax":null,"Value":42930},{"Length":232,"Height":185,"Demand":1,"DemandMax":null,"Value":42920},{"Length":165,"Height":260,"Demand":1,"DemandMax":null,"Value":42900},{"Length":282,"Height":152,"Demand":1,"DemandMax":null,"Value":42864},{"Length":193,"Height":222,"Demand":1,"DemandMax":null,"Value":42846},{"Length":238,"Height":180,"Demand":1,"DemandMax":null,"Value":42840},{"Length":168,"Height":254,"Demand":1,"DemandMax":null,"Value":42672},{"Length":277,"Height":154,"Demand":1,"DemandMax":null,"Value":42658},{"Length":298,"Height":143,"Demand":1,"DemandMax":null,"Value":42614},{"Length":260,"Height":163,"Demand":1,"DemandMax":null,"Value":42380},{"Length":230,"Height":184,"Demand":1,"DemandMax":null,"Value":42320},{"Length":284,"Height":149,"Demand":1,"DemandMax":null,"Value":42316},{"Length":165,"Height":256,"Demand":1,"DemandMax":null,"Value":42240},{"Length":160,"Height":264,"Demand":1,"DemandMax":null,"Value":42240},{"Length":207,"Height":204,"Demand":1,"DemandMax":null,"Value":42228},{"Length":154,"Height":274,"Demand":1,"DemandMax":null,"Value":42196},{"Length":187,"Height":225,"Demand":1,"DemandMax":null,"Value":42075},{"Length":143,"Height":294,"Demand":1,"DemandMax":null,"Value":42042},{"Length":226,"Height":186,"Demand":1,"DemandMax":null,"Value":42036},{"Length":296,"Height":142,"Demand":1,"DemandMax":null,"Value":42032},{"Length":298,"Height":141,"Demand":1,"DemandMax":null,"Value":42018},{"Length":257,"Height":163,"Demand":1,"DemandMax":null,"Value":41891},{"Length":260,"Height":161,"Demand":1,"DemandMax":null,"Value":41860},{"Length":263,"Height":159,"Demand":1,"DemandMax":null,"Value":41817},{"Length":198,"Height":211,"Demand":1,"DemandMax":null,"Value":41778},{"Length":200,"Height":208,"Demand":1,"DemandMax":null,"Value":41600},{"Length":141,"Height":295,"Demand":1,"DemandMax":null,"Value":41595},{"Length":253,"Height":164,"Demand":1,"DemandMax":null,"Value":41492},{"Length":203,"Height":204,"Demand":1,"DemandMax":null,"Value":41412},{"Length":300,"Height":138,"Demand":1,"DemandMax":null,"Value":41400},{"Length":167,"Height":247,"Demand":1,"DemandMax":null,"Value":41249},{"Length":140,"Height":294,"Demand":1,"DemandMax":null,"Value":41160},{"Length":245,"Height":168,"Demand":1,"DemandMax":null,"Value":41160},{"Length":298,"Height":138,"Demand":1,"DemandMax":null,"Value":41124},{"Length":165,"Height":249,"Demand":1,"DemandMax":null,"Value":41085},{"Length":190,"Height":216,"Demand":1,"DemandMax":null,"Value":41040},{"Length":223,"Height":184,"Demand":1,"DemandMax":null,"Value":41032},{"Length":279,"Height":147,"Demand":1,"DemandMax":null,"Value":41013},{"Length":164,"Height":250,"Demand":1,"DemandMax":null,"Value":41000},{"Length":266,"Height":154,"Demand":1,"DemandMax":null,"Value":40964},{"Length":187,"Height":219,"Demand":1,"DemandMax":null,"Value":40953},{"Length":182,"Height":225,"Demand":1,"DemandMax":null,"Value":40950},{"Length":143,"Height":286,"Demand":1,"DemandMax":null,"Value":40898},{"Length":154,"Height":265,"Demand":1,"DemandMax":null,"Value":40810},{"Length":197,"Height":207,"Demand":1,"DemandMax":null,"Value":40779},{"Length":163,"Height":250,"Demand":1,"DemandMax":null,"Value":40750},{"Length":148,"Height":275,"Demand":1,"DemandMax":null,"Value":40700},{"Length":207,"Height":196,"Demand":1,"DemandMax":null,"Value":40572},{"Length":246,"Height":164,"Demand":1,"DemandMax":null,"Value":40344},{"Length":274,"Height":147,"Demand":1,"DemandMax":null,"Value":40278},{"Length":220,"Height":183,"Demand":1,"DemandMax":null,"Value":40260},{"Length":298,"Height":135,"Demand":1,"DemandMax":null,"Value":40230},{"Length":264,"Height":152,"Demand":1,"DemandMax":null,"Value":40128},{"Length":243,"Height":165,"Demand":1,"DemandMax":null,"Value":40095},{"Length":153,"Height":261,"Demand":1,"DemandMax":null,"Value":39933},{"Length":298,"Height":134,"Demand":1,"DemandMax":null,"Value":39932},{"Length":142,"Height":281,"Demand":1,"DemandMax":null,"Value":39902},{"Length":291,"Height":137,"Demand":1,"DemandMax":null,"Value":39867},{"Length":182,"Height":219,"Demand":1,"DemandMax":null,"Value":39858},{"Length":170,"Height":234,"Demand":1,"DemandMax":null,"Value":39780},{"Length":239,"Height":166,"Demand":1,"DemandMax":null,"Value":39674},{"Length":240,"Height":165,"Demand":1,"DemandMax":null,"Value":39600},{"Length":151,"Height":262,"Demand":1,"DemandMax":null,"Value":39562},{"Length":226,"Height":175,"Demand":1,"DemandMax":null,"Value":39550},{"Length":207,"Height":191,"Demand":1,"DemandMax":null,"Value":39537},{"Length":172,"Height":229,"Demand":1,"DemandMax":null,"Value":39388},{"Length":147,"Height":267,"Demand":1,"DemandMax":null,"Value":39249},{"Length":199,"Height":197,"Demand":1,"DemandMax":null,"Value":39203},{"Length":131,"Height":299,"Demand":1,"DemandMax":null,"Value":39169},{"Length":181,"Height":216,"Demand":1,"DemandMax":null,"Value":39096},{"Length":279,"Height":140,"Demand":1,"DemandMax":null,"Value":39060},{"Length":158,"Height":247,"Demand":1,"DemandMax":null,"Value":39026},{"Length":144,"Height":271,"Demand":1,"DemandMax":null,"Value":39024},{"Length":284,"Height":137,"Demand":1,"DemandMax":null,"Value":38908},{"Length":272,"Height":143,"Demand":1,"DemandMax":null,"Value":38896},{"Length":166,"Height":233,"Demand":1,"DemandMax":null,"Value":38678},{"Length":263,"Height":147,"Demand":1,"DemandMax":null,"Value":38661},{"Length":151,"Height":256,"Demand":1,"DemandMax":null,"Value":38656},{"Length":184,"Height":210,"Demand":1,"DemandMax":null,"Value":38640},{"Length":195,"Height":198,"Demand":1,"DemandMax":null,"Value":38610},{"Length":129,"Height":299,"Demand":1,"DemandMax":null,"Value":38571},{"Length":169,"Height":228,"Demand":1,"DemandMax":null,"Value":38532},{"Length":262,"Height":147,"Demand":1,"DemandMax":null,"Value":38514},{"Length":200,"Height":192,"Demand":1,"DemandMax":null,"Value":38400},{"Length":234,"Height":164,"Demand":1,"DemandMax":null,"Value":38376},{"Length":229,"Height":167,"Demand":1,"DemandMax":null,"Value":38243},{"Length":221,"Height":173,"Demand":1,"DemandMax":null,"Value":38233},{"Length":216,"Height":177,"Demand":1,"DemandMax":null,"Value":38232},{"Length":211,"Height":181,"Demand":1,"DemandMax":null,"Value":38191},{"Length":168,"Height":227,"Demand":1,"DemandMax":null,"Value":38136},{"Length":155,"Height":246,"Demand":1,"DemandMax":null,"Value":38130},{"Length":184,"Height":207,"Demand":1,"DemandMax":null,"Value":38088},{"Length":232,"Height":164,"Demand":1,"DemandMax":null,"Value":38048},{"Length":144,"Height":264,"Demand":1,"DemandMax":null,"Value":38016},{"Length":222,"Height":171,"Demand":1,"DemandMax":null,"Value":37962},{"Length":154,"Height":246,"Demand":1,"DemandMax":null,"Value":37884},{"Length":191,"Height":198,"Demand":1,"DemandMax":null,"Value":37818},{"Length":168,"Height":225,"Demand":1,"DemandMax":null,"Value":37800},{"Length":201,"Height":188,"Demand":1,"DemandMax":null,"Value":37788},{"Length":249,"Height":151,"Demand":1,"DemandMax":null,"Value":37599},{"Length":185,"Height":203,"Demand":1,"DemandMax":null,"Value":37555},{"Length":293,"Height":128,"Demand":1,"DemandMax":null,"Value":37504},{"Length":182,"Height":206,"Demand":1,"DemandMax":null,"Value":37492},{"Length":181,"Height":207,"Demand":1,"DemandMax":null,"Value":37467},{"Length":223,"Height":168,"Demand":1,"DemandMax":null,"Value":37464},{"Length":152,"Height":246,"Demand":1,"DemandMax":null,"Value":37392},{"Length":132,"Height":283,"Demand":1,"DemandMax":null,"Value":37356},{"Length":142,"Height":263,"Demand":1,"DemandMax":null,"Value":37346},{"Length":208,"Height":179,"Demand":1,"DemandMax":null,"Value":37232},{"Length":153,"Height":243,"Demand":1,"DemandMax":null,"Value":37179},{"Length":273,"Height":136,"Demand":1,"DemandMax":null,"Value":37128},{"Length":252,"Height":147,"Demand":1,"DemandMax":null,"Value":37044},{"Length":211,"Height":175,"Demand":1,"DemandMax":null,"Value":36925},{"Length":150,"Height":246,"Demand":1,"DemandMax":null,"Value":36900},{"Length":139,"Height":265,"Demand":1,"DemandMax":null,"Value":36835},{"Length":279,"Height":132,"Demand":1,"DemandMax":null,"Value":36828},{"Length":203,"Height":181,"Demand":1,"DemandMax":null,"Value":36743},{"Length":262,"Height":140,"Demand":1,"DemandMax":null,"Value":36680},{"Length":173,"Height":212,"Demand":1,"DemandMax":null,"Value":36676},{"Length":220,"Height":166,"Demand":1,"DemandMax":null,"Value":36520},{"Length":193,"Height":189,"Demand":1,"DemandMax":null,"Value":36477},{"Length":137,"Height":266,"Demand":1,"DemandMax":null,"Value":36442},{"Length":125,"Height":291,"Demand":1,"DemandMax":null,"Value":36375},{"Length":172,"Height":211,"Demand":1,"DemandMax":null,"Value":36292},{"Length":189,"Height":192,"Demand":1,"DemandMax":null,"Value":36288},{"Length":159,"Height":228,"Demand":1,"DemandMax":null,"Value":36252},{"Length":290,"Height":125,"Demand":1,"DemandMax":null,"Value":36250},{"Length":255,"Height":142,"Demand":1,"DemandMax":null,"Value":36210},{"Length":256,"Height":141,"Demand":1,"DemandMax":null,"Value":36096},{"Length":164,"Height":220,"Demand":1,"DemandMax":null,"Value":36080},{"Length":167,"Height":216,"Demand":1,"DemandMax":null,"Value":36072},{"Length":170,"Height":212,"Demand":1,"DemandMax":null,"Value":36040},{"Length":131,"Height":275,"Demand":1,"DemandMax":null,"Value":36025},{"Length":217,"Height":166,"Demand":1,"DemandMax":null,"Value":36022},{"Length":203,"Height":177,"Demand":1,"DemandMax":null,"Value":35931},{"Length":299,"Height":120,"Demand":1,"DemandMax":null,"Value":35880},{"Length":184,"Height":195,"Demand":1,"DemandMax":null,"Value":35880},{"Length":152,"Height":236,"Demand":1,"DemandMax":null,"Value":35872},{"Length":162,"Height":221,"Demand":1,"DemandMax":null,"Value":35802},{"Length":298,"Height":120,"Demand":1,"DemandMax":null,"Value":35760},{"Length":186,"Height":192,"Demand":1,"DemandMax":null,"Value":35712},{"Length":249,"Height":143,"Demand":1,"DemandMax":null,"Value":35607},{"Length":178,"Height":199,"Demand":1,"DemandMax":null,"Value":35422},{"Length":177,"Height":200,"Demand":1,"DemandMax":null,"Value":35400},{"Length":239,"Height":148,"Demand":1,"DemandMax":null,"Value":35372},{"Length":135,"Height":262,"Demand":1,"DemandMax":null,"Value":35370},{"Length":175,"Height":202,"Demand":1,"DemandMax":null,"Value":35350},{"Length":250,"Height":141,"Demand":1,"DemandMax":null,"Value":35250},{"Length":211,"Height":167,"Demand":1,"DemandMax":null,"Value":35237},{"Length":128,"Height":275,"Demand":1,"DemandMax":null,"Value":35200},{"Length":255,"Height":138,"Demand":1,"DemandMax":null,"Value":35190},{"Length":239,"Height":147,"Demand":1,"DemandMax":null,"Value":35133},{"Length":163,"Height":215,"Demand":1,"DemandMax":null,"Value":35045},{"Length":170,"Height":206,"Demand":1,"DemandMax":null,"Value":35020},{"Length":175,"Height":200,"Demand":1,"DemandMax":null,"Value":35000},{"Length":289,"Height":121,"Demand":1,"DemandMax":null,"Value":34969},{"Length":291,"Height":120,"Demand":1,"DemandMax":null,"Value":34920},{"Length":125,"Height":279,"Demand":1,"DemandMax":null,"Value":34875},{"Length":187,"Height":186,"Demand":1,"DemandMax":null,"Value":34782},{"Length":143,"Height":242,"Demand":1,"DemandMax":null,"Value":34606},{"Length":120,"Height":288,"Demand":1,"DemandMax":null,"Value":34560},{"Length":141,"Height":245,"Demand":1,"DemandMax":null,"Value":34545},{"Length":236,"Height":146,"Demand":1,"DemandMax":null,"Value":34456},{"Length":282,"Height":122,"Demand":1,"DemandMax":null,"Value":34404},{"Length":215,"Height":160,"Demand":1,"DemandMax":null,"Value":34400},{"Length":195,"Height":176,"Demand":1,"DemandMax":null,"Value":34320},{"Length":143,"Height":240,"Demand":1,"DemandMax":null,"Value":34320},{"Length":235,"Height":146,"Demand":1,"DemandMax":null,"Value":34310},{"Length":119,"Height":288,"Demand":1,"DemandMax":null,"Value":34272},{"Length":155,"Height":221,"Demand":1,"DemandMax":null,"Value":34255},{"Length":210,"Height":163,"Demand":1,"DemandMax":null,"Value":34230},{"Length":187,"Height":183,"Demand":1,"DemandMax":null,"Value":34221},{"Length":222,"Height":154,"Demand":1,"DemandMax":null,"Value":34188},{"Length":196,"Height":174,"Demand":1,"DemandMax":null,"Value":34104},{"Length":268,"Height":127,"Demand":1,"DemandMax":null,"Value":34036},{"Length":187,"Height":182,"Demand":1,"DemandMax":null,"Value":34034},{"Length":250,"Height":136,"Demand":1,"DemandMax":null,"Value":34000},{"Length":206,"Height":165,"Demand":1,"DemandMax":null,"Value":33990},{"Length":288,"Height":118,"Demand":1,"DemandMax":null,"Value":33984},{"Length":151,"Height":225,"Demand":1,"DemandMax":null,"Value":33975},{"Length":290,"Height":117,"Demand":1,"DemandMax":null,"Value":33930},{"Length":129,"Height":262,"Demand":1,"DemandMax":null,"Value":33798},{"Length":228,"Height":148,"Demand":1,"DemandMax":null,"Value":33744},{"Length":208,"Height":162,"Demand":1,"DemandMax":null,"Value":33696},{"Length":145,"Height":232,"Demand":1,"DemandMax":null,"Value":33640},{"Length":116,"Height":290,"Demand":1,"DemandMax":null,"Value":33640},{"Length":114,"Height":295,"Demand":1,"DemandMax":null,"Value":33630},{"Length":273,"Height":123,"Demand":1,"DemandMax":null,"Value":33579},{"Length":154,"Height":218,"Demand":1,"DemandMax":null,"Value":33572},{"Length":144,"Height":233,"Demand":1,"DemandMax":null,"Value":33552},{"Length":116,"Height":289,"Demand":1,"DemandMax":null,"Value":33524},{"Length":228,"Height":147,"Demand":1,"DemandMax":null,"Value":33516},{"Length":212,"Height":158,"Demand":1,"DemandMax":null,"Value":33496},{"Length":293,"Height":114,"Demand":1,"DemandMax":null,"Value":33402},{"Length":182,"Height":183,"Demand":1,"DemandMax":null,"Value":33306},{"Length":168,"Height":198,"Demand":1,"DemandMax":null,"Value":33264},{"Length":124,"Height":268,"Demand":1,"DemandMax":null,"Value":33232},{"Length":155,"Height":214,"Demand":1,"DemandMax":null,"Value":33170},{"Length":115,"Height":288,"Demand":1,"DemandMax":null,"Value":33120},{"Length":145,"Height":228,"Demand":1,"DemandMax":null,"Value":33060},{"Length":220,"Height":150,"Demand":1,"DemandMax":null,"Value":33000},{"Length":226,"Height":146,"Demand":1,"DemandMax":null,"Value":32996},{"Length":117,"Height":282,"Demand":1,"DemandMax":null,"Value":32994},{"Length":133,"Height":248,"Demand":1,"DemandMax":null,"Value":32984},{"Length":206,"Height":160,"Demand":1,"DemandMax":null,"Value":32960},{"Length":207,"Height":159,"Demand":1,"DemandMax":null,"Value":32913},{"Length":129,"Height":255,"Demand":1,"DemandMax":null,"Value":32895},{"Length":114,"Height":288,"Demand":1,"DemandMax":null,"Value":32832},{"Length":239,"Height":137,"Demand":1,"DemandMax":null,"Value":32743},{"Length":214,"Height":153,"Demand":1,"DemandMax":null,"Value":32742},{"Length":116,"Height":282,"Demand":1,"DemandMax":null,"Value":32712},{"Length":144,"Height":227,"Demand":1,"DemandMax":null,"Value":32688},{"Length":171,"Height":191,"Demand":1,"DemandMax":null,"Value":32661},{"Length":170,"Height":192,"Demand":1,"DemandMax":null,"Value":32640},{"Length":132,"Height":247,"Demand":1,"DemandMax":null,"Value":32604},{"Length":194,"Height":168,"Demand":1,"DemandMax":null,"Value":32592},{"Length":165,"Height":197,"Demand":1,"DemandMax":null,"Value":32505},{"Length":190,"Height":171,"Demand":1,"DemandMax":null,"Value":32490},{"Length":132,"Height":246,"Demand":1,"DemandMax":null,"Value":32472},{"Length":123,"Height":264,"Demand":1,"DemandMax":null,"Value":32472},{"Length":153,"Height":212,"Demand":1,"DemandMax":null,"Value":32436},{"Length":141,"Height":230,"Demand":1,"DemandMax":null,"Value":32430},{"Length":138,"Height":235,"Demand":1,"DemandMax":null,"Value":32430},{"Length":245,"Height":132,"Demand":1,"DemandMax":null,"Value":32340},{"Length":236,"Height":137,"Demand":1,"DemandMax":null,"Value":32332},{"Length":243,"Height":133,"Demand":1,"DemandMax":null,"Value":32319},{"Length":185,"Height":174,"Demand":1,"DemandMax":null,"Value":32190},{"Length":148,"Height":217,"Demand":1,"DemandMax":null,"Value":32116},{"Length":124,"Height":259,"Demand":1,"DemandMax":null,"Value":32116},{"Length":108,"Height":297,"Demand":1,"DemandMax":null,"Value":32076},{"Length":174,"Height":184,"Demand":1,"DemandMax":null,"Value":32016},{"Length":172,"Height":186,"Demand":1,"DemandMax":null,"Value":31992},{"Length":271,"Height":118,"Demand":1,"DemandMax":null,"Value":31978},{"Length":111,"Height":288,"Demand":1,"DemandMax":null,"Value":31968},{"Length":121,"Height":264,"Demand":1,"DemandMax":null,"Value":31944},{"Length":207,"Height":154,"Demand":1,"DemandMax":null,"Value":31878},{"Length":135,"Height":236,"Demand":1,"DemandMax":null,"Value":31860},{"Length":121,"Height":263,"Demand":1,"DemandMax":null,"Value":31823},{"Length":142,"Height":224,"Demand":1,"DemandMax":null,"Value":31808},{"Length":189,"Height":168,"Demand":1,"DemandMax":null,"Value":31752},{"Length":222,"Height":143,"Demand":1,"DemandMax":null,"Value":31746},{"Length":154,"Height":206,"Demand":1,"DemandMax":null,"Value":31724},{"Length":157,"Height":202,"Demand":1,"DemandMax":null,"Value":31714},{"Length":166,"Height":191,"Demand":1,"DemandMax":null,"Value":31706},{"Length":238,"Height":133,"Demand":1,"DemandMax":null,"Value":31654},{"Length":199,"Height":159,"Demand":1,"DemandMax":null,"Value":31641},{"Length":226,"Height":140,"Demand":1,"DemandMax":null,"Value":31640},{"Length":185,"Height":171,"Demand":1,"DemandMax":null,"Value":31635},{"Length":136,"Height":232,"Demand":1,"DemandMax":null,"Value":31552},{"Length":250,"Height":126,"Demand":1,"DemandMax":null,"Value":31500},{"Length":174,"Height":181,"Demand":1,"DemandMax":null,"Value":31494},{"Length":235,"Height":134,"Demand":1,"DemandMax":null,"Value":31490},{"Length":276,"Height":114,"Demand":1,"DemandMax":null,"Value":31464},{"Length":142,"Height":221,"Demand":1,"DemandMax":null,"Value":31382},{"Length":287,"Height":109,"Demand":1,"DemandMax":null,"Value":31283},{"Length":126,"Height":248,"Demand":1,"DemandMax":null,"Value":31248},{"Length":246,"Height":127,"Demand":1,"DemandMax":null,"Value":31242},{"Length":111,"Height":281,"Demand":1,"DemandMax":null,"Value":31191},{"Length":138,"Height":226,"Demand":1,"DemandMax":null,"Value":31188},{"Length":215,"Height":145,"Demand":1,"DemandMax":null,"Value":31175},{"Length":152,"Height":205,"Demand":1,"DemandMax":null,"Value":31160},{"Length":160,"Height":194,"Demand":1,"DemandMax":null,"Value":31040},{"Length":272,"Height":114,"Demand":1,"DemandMax":null,"Value":31008},{"Length":200,"Height":155,"Demand":1,"DemandMax":null,"Value":31000},{"Length":122,"Height":254,"Demand":1,"DemandMax":null,"Value":30988},{"Length":123,"Height":251,"Demand":1,"DemandMax":null,"Value":30873},{"Length":294,"Height":105,"Demand":1,"DemandMax":null,"Value":30870},{"Length":203,"Height":152,"Demand":1,"DemandMax":null,"Value":30856},{"Length":165,"Height":187,"Demand":1,"DemandMax":null,"Value":30855},{"Length":149,"Height":207,"Demand":1,"DemandMax":null,"Value":30843},{"Length":205,"Height":150,"Demand":1,"DemandMax":null,"Value":30750},{"Length":186,"Height":165,"Demand":1,"DemandMax":null,"Value":30690},{"Length":144,"Height":213,"Demand":1,"DemandMax":null,"Value":30672},{"Length":269,"Height":114,"Demand":1,"DemandMax":null,"Value":30666},{"Length":184,"Height":166,"Demand":1,"DemandMax":null,"Value":30544},{"Length":185,"Height":165,"Demand":1,"DemandMax":null,"Value":30525},{"Length":131,"Height":233,"Demand":1,"DemandMax":null,"Value":30523},{"Length":163,"Height":187,"Demand":1,"DemandMax":null,"Value":30481},{"Length":227,"Height":134,"Demand":1,"DemandMax":null,"Value":30418},{"Length":111,"Height":273,"Demand":1,"DemandMax":null,"Value":30303},{"Length":125,"Height":242,"Demand":1,"DemandMax":null,"Value":30250},{"Length":238,"Height":127,"Demand":1,"DemandMax":null,"Value":30226},{"Length":164,"Height":184,"Demand":1,"DemandMax":null,"Value":30176},{"Length":274,"Height":110,"Demand":1,"DemandMax":null,"Value":30140},{"Length":269,"Height":112,"Demand":1,"DemandMax":null,"Value":30128},{"Length":239,"Height":126,"Demand":1,"DemandMax":null,"Value":30114},{"Length":209,"Height":144,"Demand":1,"DemandMax":null,"Value":30096},{"Length":133,"Height":226,"Demand":1,"DemandMax":null,"Value":30058},{"Length":289,"Height":104,"Demand":1,"DemandMax":null,"Value":30056},{"Length":151,"Height":199,"Demand":1,"DemandMax":null,"Value":30049},{"Length":213,"Height":141,"Demand":1,"DemandMax":null,"Value":30033},{"Length":204,"Height":147,"Demand":1,"DemandMax":null,"Value":29988},{"Length":162,"Height":185,"Demand":1,"DemandMax":null,"Value":29970},{"Length":133,"Height":225,"Demand":1,"DemandMax":null,"Value":29925},{"Length":202,"Height":148,"Demand":1,"DemandMax":null,"Value":29896},{"Length":106,"Height":282,"Demand":1,"DemandMax":null,"Value":29892},{"Length":269,"Height":111,"Demand":1,"DemandMax":null,"Value":29859},{"Length":147,"Height":203,"Demand":1,"DemandMax":null,"Value":29841},{"Length":226,"Height":132,"Demand":1,"DemandMax":null,"Value":29832},{"Length":146,"Height":204,"Demand":1,"DemandMax":null,"Value":29784},{"Length":110,"Height":270,"Demand":1,"DemandMax":null,"Value":29700},{"Length":106,"Height":280,"Demand":1,"DemandMax":null,"Value":29680},{"Length":182,"Height":163,"Demand":1,"DemandMax":null,"Value":29666},{"Length":149,"Height":199,"Demand":1,"DemandMax":null,"Value":29651},{"Length":132,"Height":224,"Demand":1,"DemandMax":null,"Value":29568},{"Length":120,"Height":246,"Demand":1,"DemandMax":null,"Value":29520},{"Length":118,"Height":250,"Demand":1,"DemandMax":null,"Value":29500},{"Length":173,"Height":170,"Demand":1,"DemandMax":null,"Value":29410},{"Length":195,"Height":150,"Demand":1,"DemandMax":null,"Value":29250},{"Length":144,"Height":203,"Demand":1,"DemandMax":null,"Value":29232},{"Length":167,"Height":175,"Demand":1,"DemandMax":null,"Value":29225},{"Length":134,"Height":218,"Demand":1,"DemandMax":null,"Value":29212},{"Length":263,"Height":111,"Demand":1,"DemandMax":null,"Value":29193},{"Length":210,"Height":139,"Demand":1,"DemandMax":null,"Value":29190},{"Length":187,"Height":156,"Demand":1,"DemandMax":null,"Value":29172},{"Length":125,"Height":233,"Demand":1,"DemandMax":null,"Value":29125},{"Length":182,"Height":160,"Demand":1,"DemandMax":null,"Value":29120},{"Length":150,"Height":194,"Demand":1,"DemandMax":null,"Value":29100},{"Length":285,"Height":102,"Demand":1,"DemandMax":null,"Value":29070},{"Length":146,"Height":199,"Demand":1,"DemandMax":null,"Value":29054},{"Length":212,"Height":137,"Demand":1,"DemandMax":null,"Value":29044},{"Length":264,"Height":110,"Demand":1,"DemandMax":null,"Value":29040},{"Length":122,"Height":238,"Demand":1,"DemandMax":null,"Value":29036},{"Length":131,"Height":221,"Demand":1,"DemandMax":null,"Value":28951},{"Length":158,"Height":183,"Demand":1,"DemandMax":null,"Value":28914},{"Length":247,"Height":117,"Demand":1,"DemandMax":null,"Value":28899},{"Length":124,"Height":233,"Demand":1,"DemandMax":null,"Value":28892},{"Length":185,"Height":156,"Demand":1,"DemandMax":null,"Value":28860},{"Length":148,"Height":195,"Demand":1,"DemandMax":null,"Value":28860},{"Length":112,"Height":257,"Demand":1,"DemandMax":null,"Value":28784},{"Length":190,"Height":151,"Demand":1,"DemandMax":null,"Value":28690},{"Length":284,"Height":101,"Demand":1,"DemandMax":null,"Value":28684},{"Length":119,"Height":241,"Demand":1,"DemandMax":null,"Value":28679},{"Length":102,"Height":280,"Demand":1,"DemandMax":null,"Value":28560},{"Length":165,"Height":173,"Demand":1,"DemandMax":null,"Value":28545},{"Length":134,"Height":213,"Demand":1,"DemandMax":null,"Value":28542},{"Length":231,"Height":123,"Demand":1,"DemandMax":null,"Value":28413},{"Length":100,"Height":284,"Demand":1,"DemandMax":null,"Value":28400},{"Length":164,"Height":172,"Demand":1,"DemandMax":null,"Value":28208},{"Length":128,"Height":220,"Demand":1,"DemandMax":null,"Value":28160},{"Length":107,"Height":263,"Demand":1,"DemandMax":null,"Value":28141},{"Length":153,"Height":182,"Demand":1,"DemandMax":null,"Value":27846},{"Length":265,"Height":105,"Demand":1,"DemandMax":null,"Value":27825},{"Length":270,"Height":103,"Demand":1,"DemandMax":null,"Value":27810},{"Length":107,"Height":259,"Demand":1,"DemandMax":null,"Value":27713},{"Length":277,"Height":100,"Demand":1,"DemandMax":null,"Value":27700},{"Length":159,"Height":174,"Demand":1,"DemandMax":null,"Value":27666},{"Length":234,"Height":118,"Demand":1,"DemandMax":null,"Value":27612},{"Length":231,"Height":119,"Demand":1,"DemandMax":null,"Value":27489},{"Length":114,"Height":241,"Demand":1,"DemandMax":null,"Value":27474},{"Length":254,"Height":108,"Demand":1,"DemandMax":null,"Value":27432},{"Length":145,"Height":189,"Demand":1,"DemandMax":null,"Value":27405},{"Length":167,"Height":164,"Demand":1,"DemandMax":null,"Value":27388},{"Length":153,"Height":179,"Demand":1,"DemandMax":null,"Value":27387},{"Length":169,"Height":162,"Demand":1,"DemandMax":null,"Value":27378},{"Length":119,"Height":230,"Demand":1,"DemandMax":null,"Value":27370},{"Length":120,"Height":228,"Demand":1,"DemandMax":null,"Value":27360},{"Length":207,"Height":132,"Demand":1,"DemandMax":null,"Value":27324},{"Length":149,"Height":183,"Demand":1,"DemandMax":null,"Value":27267},{"Length":157,"Height":173,"Demand":1,"DemandMax":null,"Value":27161},{"Length":212,"Height":128,"Demand":1,"DemandMax":null,"Value":27136},{"Length":191,"Height":142,"Demand":1,"DemandMax":null,"Value":27122},{"Length":105,"Height":258,"Demand":1,"DemandMax":null,"Value":27090},{"Length":126,"Height":215,"Demand":1,"DemandMax":null,"Value":27090},{"Length":122,"Height":222,"Demand":1,"DemandMax":null,"Value":27084},{"Length":248,"Height":109,"Demand":1,"DemandMax":null,"Value":27032},{"Length":180,"Height":150,"Demand":1,"DemandMax":null,"Value":27000},{"Length":223,"Height":121,"Demand":1,"DemandMax":null,"Value":26983},{"Length":194,"Height":139,"Demand":1,"DemandMax":null,"Value":26966},{"Length":127,"Height":212,"Demand":1,"DemandMax":null,"Value":26924},{"Length":167,"Height":161,"Demand":1,"DemandMax":null,"Value":26887},{"Length":178,"Height":151,"Demand":1,"DemandMax":null,"Value":26878},{"Length":135,"Height":199,"Demand":1,"DemandMax":null,"Value":26865},{"Length":263,"Height":102,"Demand":1,"DemandMax":null,"Value":26826},{"Length":233,"Height":115,"Demand":1,"DemandMax":null,"Value":26795},{"Length":181,"Height":148,"Demand":1,"DemandMax":null,"Value":26788},{"Length":247,"Height":108,"Demand":1,"DemandMax":null,"Value":26676},{"Length":226,"Height":118,"Demand":1,"DemandMax":null,"Value":26668},{"Length":152,"Height":175,"Demand":1,"DemandMax":null,"Value":26600},{"Length":127,"Height":209,"Demand":1,"DemandMax":null,"Value":26543},{"Length":172,"Height":154,"Demand":1,"DemandMax":null,"Value":26488},{"Length":118,"Height":224,"Demand":1,"DemandMax":null,"Value":26432},{"Length":191,"Height":138,"Demand":1,"DemandMax":null,"Value":26358},{"Length":159,"Height":165,"Demand":1,"DemandMax":null,"Value":26235},{"Length":102,"Height":256,"Demand":1,"DemandMax":null,"Value":26112},{"Length":116,"Height":225,"Demand":1,"DemandMax":null,"Value":26100},{"Length":149,"Height":175,"Demand":1,"DemandMax":null,"Value":26075},{"Length":152,"Height":171,"Demand":1,"DemandMax":null,"Value":25992},{"Length":163,"Height":159,"Demand":1,"DemandMax":null,"Value":25917},{"Length":193,"Height":134,"Demand":1,"DemandMax":null,"Value":25862},{"Length":183,"Height":141,"Demand":1,"DemandMax":null,"Value":25803},{"Length":163,"Height":158,"Demand":1,"DemandMax":null,"Value":25754},{"Length":207,"Height":124,"Demand":1,"DemandMax":null,"Value":25668},{"Length":251,"Height":102,"Demand":1,"DemandMax":null,"Value":25602},{"Length":256,"Height":100,"Demand":1,"DemandMax":null,"Value":25600},{"Length":237,"Height":108,"Demand":1,"DemandMax":null,"Value":25596},{"Length":120,"Height":213,"Demand":1,"DemandMax":null,"Value":25560},{"Length":229,"Height":111,"Demand":1,"DemandMax":null,"Value":25419},{"Length":210,"Height":121,"Demand":1,"DemandMax":null,"Value":25410},{"Length":175,"Height":145,"Demand":1,"DemandMax":null,"Value":25375},{"Length":177,"Height":143,"Demand":1,"DemandMax":null,"Value":25311},{"Length":247,"Height":102,"Demand":1,"DemandMax":null,"Value":25194},{"Length":116,"Height":217,"Demand":1,"DemandMax":null,"Value":25172},{"Length":213,"Height":118,"Demand":1,"DemandMax":null,"Value":25134},{"Length":185,"Height":135,"Demand":1,"DemandMax":null,"Value":24975},{"Length":164,"Height":152,"Demand":1,"DemandMax":null,"Value":24928},{"Length":224,"Height":111,"Demand":1,"DemandMax":null,"Value":24864},{"Length":128,"Height":194,"Demand":1,"DemandMax":null,"Value":24832},{"Length":141,"Height":176,"Demand":1,"DemandMax":null,"Value":24816},{"Length":152,"Height":163,"Demand":1,"DemandMax":null,"Value":24776},{"Length":223,"Height":111,"Demand":1,"DemandMax":null,"Value":24753},{"Length":221,"Height":112,"Demand":1,"DemandMax":null,"Value":24752},{"Length":116,"Height":212,"Demand":1,"DemandMax":null,"Value":24592},{"Length":109,"Height":225,"Demand":1,"DemandMax":null,"Value":24525},{"Length":134,"Height":183,"Demand":1,"DemandMax":null,"Value":24522},{"Length":133,"Height":184,"Demand":1,"DemandMax":null,"Value":24472},{"Length":176,"Height":139,"Demand":1,"DemandMax":null,"Value":24464},{"Length":109,"Height":224,"Demand":1,"DemandMax":null,"Value":24416},{"Length":198,"Height":123,"Demand":1,"DemandMax":null,"Value":24354},{"Length":236,"Height":103,"Demand":1,"DemandMax":null,"Value":24308},{"Length":109,"Height":223,"Demand":1,"DemandMax":null,"Value":24307},{"Length":135,"Height":180,"Demand":1,"DemandMax":null,"Value":24300},{"Length":166,"Height":146,"Demand":1,"DemandMax":null,"Value":24236},{"Length":100,"Height":242,"Demand":1,"DemandMax":null,"Value":24200},{"Length":108,"Height":224,"Demand":1,"DemandMax":null,"Value":24192},{"Length":126,"Height":192,"Demand":1,"DemandMax":null,"Value":24192},{"Length":169,"Height":143,"Demand":1,"DemandMax":null,"Value":24167},{"Length":128,"Height":188,"Demand":1,"DemandMax":null,"Value":24064},{"Length":182,"Height":132,"Demand":1,"DemandMax":null,"Value":24024},{"Length":204,"Height":117,"Demand":1,"DemandMax":null,"Value":23868},{"Length":131,"Height":182,"Demand":1,"DemandMax":null,"Value":23842},{"Length":133,"Height":179,"Demand":1,"DemandMax":null,"Value":23807},{"Length":115,"Height":207,"Demand":1,"DemandMax":null,"Value":23805},{"Length":136,"Height":175,"Demand":1,"DemandMax":null,"Value":23800},{"Length":134,"Height":177,"Demand":1,"DemandMax":null,"Value":23718},{"Length":116,"Height":204,"Demand":1,"DemandMax":null,"Value":23664},{"Length":217,"Height":109,"Demand":1,"DemandMax":null,"Value":23653},{"Length":163,"Height":145,"Demand":1,"DemandMax":null,"Value":23635},{"Length":192,"Height":123,"Demand":1,"DemandMax":null,"Value":23616},{"Length":118,"Height":200,"Demand":1,"DemandMax":null,"Value":23600},{"Length":126,"Height":187,"Demand":1,"DemandMax":null,"Value":23562},{"Length":114,"Height":206,"Demand":1,"DemandMax":null,"Value":23484},{"Length":168,"Height":139,"Demand":1,"DemandMax":null,"Value":23352},{"Length":141,"Height":165,"Demand":1,"DemandMax":null,"Value":23265},{"Length":127,"Height":183,"Demand":1,"DemandMax":null,"Value":23241},{"Length":105,"Height":221,"Demand":1,"DemandMax":null,"Value":23205},{"Length":200,"Height":116,"Demand":1,"DemandMax":null,"Value":23200},{"Length":144,"Height":161,"Demand":1,"DemandMax":null,"Value":23184},{"Length":181,"Height":128,"Demand":1,"DemandMax":null,"Value":23168},{"Length":139,"Height":166,"Demand":1,"DemandMax":null,"Value":23074},{"Length":127,"Height":181,"Demand":1,"DemandMax":null,"Value":22987},{"Length":207,"Height":111,"Demand":1,"DemandMax":null,"Value":22977},{"Length":170,"Height":135,"Demand":1,"DemandMax":null,"Value":22950},{"Length":147,"Height":156,"Demand":1,"DemandMax":null,"Value":22932},{"Length":138,"Height":166,"Demand":1,"DemandMax":null,"Value":22908},{"Length":160,"Height":143,"Demand":1,"DemandMax":null,"Value":22880},{"Length":180,"Height":127,"Demand":1,"DemandMax":null,"Value":22860},{"Length":215,"Height":106,"Demand":1,"DemandMax":null,"Value":22790},{"Length":118,"Height":193,"Demand":1,"DemandMax":null,"Value":22774},{"Length":172,"Height":132,"Demand":1,"DemandMax":null,"Value":22704},{"Length":216,"Height":105,"Demand":1,"DemandMax":null,"Value":22680},{"Length":110,"Height":206,"Demand":1,"DemandMax":null,"Value":22660},{"Length":164,"Height":138,"Demand":1,"DemandMax":null,"Value":22632},{"Length":149,"Height":151,"Demand":1,"DemandMax":null,"Value":22499},{"Length":145,"Height":154,"Demand":1,"DemandMax":null,"Value":22330},{"Length":137,"Height":162,"Demand":1,"DemandMax":null,"Value":22194},{"Length":166,"Height":133,"Demand":1,"DemandMax":null,"Value":22078},{"Length":220,"Height":100,"Demand":1,"DemandMax":null,"Value":22000},{"Length":157,"Height":140,"Demand":1,"DemandMax":null,"Value":21980},{"Length":139,"Height":158,"Demand":1,"DemandMax":null,"Value":21962},{"Length":159,"Height":138,"Demand":1,"DemandMax":null,"Value":21942},{"Length":215,"Height":102,"Demand":1,"DemandMax":null,"Value":21930},{"Length":151,"Height":145,"Demand":1,"DemandMax":null,"Value":21895},{"Length":200,"Height":109,"Demand":1,"DemandMax":null,"Value":21800},{"Length":165,"Height":132,"Demand":1,"DemandMax":null,"Value":21780},{"Length":192,"Height":113,"Demand":1,"DemandMax":null,"Value":21696},{"Length":182,"Height":119,"Demand":1,"DemandMax":null,"Value":21658},{"Length":173,"Height":125,"Demand":1,"DemandMax":null,"Value":21625},{"Length":146,"Height":148,"Demand":1,"DemandMax":null,"Value":21608},{"Length":150,"Height":144,"Demand":1,"DemandMax":null,"Value":21600},{"Length":200,"Height":108,"Demand":1,"DemandMax":null,"Value":21600},{"Length":170,"Height":127,"Demand":1,"DemandMax":null,"Value":21590},{"Length":176,"Height":122,"Demand":1,"DemandMax":null,"Value":21472},{"Length":206,"Height":104,"Demand":1,"DemandMax":null,"Value":21424},{"Length":125,"Height":171,"Demand":1,"DemandMax":null,"Value":21375},{"Length":122,"Height":175,"Demand":1,"DemandMax":null,"Value":21350},{"Length":104,"Height":205,"Demand":1,"DemandMax":null,"Value":21320},{"Length":129,"Height":165,"Demand":1,"DemandMax":null,"Value":21285},{"Length":108,"Height":197,"Demand":1,"DemandMax":null,"Value":21276},{"Length":168,"Height":126,"Demand":1,"DemandMax":null,"Value":21168},{"Length":110,"Height":192,"Demand":1,"DemandMax":null,"Value":21120},{"Length":145,"Height":145,"Demand":1,"DemandMax":null,"Value":21025},{"Length":125,"Height":168,"Demand":1,"DemandMax":null,"Value":21000},{"Length":151,"Height":139,"Demand":1,"DemandMax":null,"Value":20989},{"Length":152,"Height":138,"Demand":1,"DemandMax":null,"Value":20976},{"Length":165,"Height":127,"Demand":1,"DemandMax":null,"Value":20955},{"Length":187,"Height":112,"Demand":1,"DemandMax":null,"Value":20944},{"Length":111,"Height":188,"Demand":1,"DemandMax":null,"Value":20868},{"Length":208,"Height":100,"Demand":1,"DemandMax":null,"Value":20800},{"Length":111,"Height":187,"Demand":1,"DemandMax":null,"Value":20757},{"Length":114,"Height":182,"Demand":1,"DemandMax":null,"Value":20748},{"Length":147,"Height":141,"Demand":1,"DemandMax":null,"Value":20727},{"Length":104,"Height":199,"Demand":1,"DemandMax":null,"Value":20696},{"Length":193,"Height":107,"Demand":1,"DemandMax":null,"Value":20651},{"Length":155,"Height":133,"Demand":1,"DemandMax":null,"Value":20615},{"Length":157,"Height":131,"Demand":1,"DemandMax":null,"Value":20567},{"Length":113,"Height":181,"Demand":1,"DemandMax":null,"Value":20453},{"Length":120,"Height":170,"Demand":1,"DemandMax":null,"Value":20400},{"Length":116,"Height":175,"Demand":1,"DemandMax":null,"Value":20300},{"Length":162,"Height":125,"Demand":1,"DemandMax":null,"Value":20250},{"Length":158,"Height":127,"Demand":1,"DemandMax":null,"Value":20066},{"Length":114,"Height":176,"Demand":1,"DemandMax":null,"Value":20064},{"Length":160,"Height":125,"Demand":1,"DemandMax":null,"Value":20000},{"Length":124,"Height":161,"Demand":1,"DemandMax":null,"Value":19964},{"Length":153,"Height":130,"Demand":1,"DemandMax":null,"Value":19890},{"Length":185,"Height":107,"Demand":1,"DemandMax":null,"Value":19795},{"Length":167,"Height":118,"Demand":1,"DemandMax":null,"Value":19706},{"Length":126,"Height":156,"Demand":1,"DemandMax":null,"Value":19656},{"Length":150,"Height":131,"Demand":1,"DemandMax":null,"Value":19650},{"Length":109,"Height":180,"Demand":1,"DemandMax":null,"Value":19620},{"Length":156,"Height":125,"Demand":1,"DemandMax":null,"Value":19500},{"Length":138,"Height":141,"Demand":1,"DemandMax":null,"Value":19458},{"Length":131,"Height":146,"Demand":1,"DemandMax":null,"Value":19126},{"Length":143,"Height":133,"Demand":1,"DemandMax":null,"Value":19019},{"Length":130,"Height":146,"Demand":1,"DemandMax":null,"Value":18980},{"Length":172,"Height":110,"Demand":1,"DemandMax":null,"Value":18920},{"Length":120,"Height":156,"Demand":1,"DemandMax":null,"Value":18720},{"Length":164,"Height":113,"Demand":1,"DemandMax":null,"Value":18532},{"Length":168,"Height":110,"Demand":1,"DemandMax":null,"Value":18480},{"Length":108,"Height":171,"Demand":1,"DemandMax":null,"Value":18468},{"Length":172,"Height":107,"Demand":1,"DemandMax":null,"Value":18404},{"Length":164,"Height":112,"Demand":1,"DemandMax":null,"Value":18368},{"Length":109,"Height":167,"Demand":1,"DemandMax":null,"Value":18203},{"Length":175,"Height":104,"Demand":1,"DemandMax":null,"Value":18200},{"Length":159,"Height":114,"Demand":1,"DemandMax":null,"Value":18126},{"Length":137,"Height":132,"Demand":1,"DemandMax":null,"Value":18084},{"Length":131,"Height":137,"Demand":1,"DemandMax":null,"Value":17947},{"Length":160,"Height":112,"Demand":1,"DemandMax":null,"Value":17920},{"Length":148,"Height":121,"Demand":1,"DemandMax":null,"Value":17908},{"Length":120,"Height":149,"Demand":1,"DemandMax":null,"Value":17880},{"Length":150,"Height":119,"Demand":1,"DemandMax":null,"Value":17850},{"Length":136,"Height":131,"Demand":1,"DemandMax":null,"Value":17816},{"Length":160,"Height":111,"Demand":1,"DemandMax":null,"Value":17760},{"Length":142,"Height":125,"Demand":1,"DemandMax":null,"Value":17750},{"Length":158,"Height":112,"Demand":1,"DemandMax":null,"Value":17696},{"Length":109,"Height":162,"Demand":1,"DemandMax":null,"Value":17658},{"Length":138,"Height":127,"Demand":1,"DemandMax":null,"Value":17526},{"Length":175,"Height":100,"Demand":1,"DemandMax":null,"Value":17500},{"Length":141,"Height":124,"Demand":1,"DemandMax":null,"Value":17484},{"Length":174,"Height":100,"Demand":1,"DemandMax":null,"Value":17400},{"Length":118,"Height":147,"Demand":1,"DemandMax":null,"Value":17346},{"Length":143,"Height":121,"Demand":1,"DemandMax":null,"Value":17303},{"Length":173,"Height":100,"Demand":1,"DemandMax":null,"Value":17300},{"Length":118,"Height":146,"Demand":1,"DemandMax":null,"Value":17228},{"Length":168,"Height":102,"Demand":1,"DemandMax":null,"Value":17136},{"Length":166,"Height":103,"Demand":1,"DemandMax":null,"Value":17098},{"Length":137,"Height":124,"Demand":1,"DemandMax":null,"Value":16988},{"Length":123,"Height":138,"Demand":1,"DemandMax":null,"Value":16974},{"Length":161,"Height":105,"Demand":1,"DemandMax":null,"Value":16905},{"Length":159,"Height":106,"Demand":1,"DemandMax":null,"Value":16854},{"Length":135,"Height":124,"Demand":1,"DemandMax":null,"Value":16740},{"Length":148,"Height":113,"Demand":1,"DemandMax":null,"Value":16724},{"Length":128,"Height":130,"Demand":1,"DemandMax":null,"Value":16640},{"Length":102,"Height":162,"Demand":1,"DemandMax":null,"Value":16524},{"Length":133,"Height":124,"Demand":1,"DemandMax":null,"Value":16492},{"Length":138,"Height":119,"Demand":1,"DemandMax":null,"Value":16422},{"Length":101,"Height":162,"Demand":1,"DemandMax":null,"Value":16362},{"Length":155,"Height":105,"Demand":1,"DemandMax":null,"Value":16275},{"Length":161,"Height":101,"Demand":1,"DemandMax":null,"Value":16261},{"Length":131,"Height":124,"Demand":1,"DemandMax":null,"Value":16244},{"Length":123,"Height":132,"Demand":1,"DemandMax":null,"Value":16236},{"Length":150,"Height":106,"Demand":1,"DemandMax":null,"Value":15900},{"Length":136,"Height":116,"Demand":1,"DemandMax":null,"Value":15776},{"Length":117,"Height":134,"Demand":1,"DemandMax":null,"Value":15678},{"Length":153,"Height":102,"Demand":1,"DemandMax":null,"Value":15606},{"Length":141,"Height":110,"Demand":1,"DemandMax":null,"Value":15510},{"Length":121,"Height":128,"Demand":1,"DemandMax":null,"Value":15488},{"Length":122,"Height":126,"Demand":1,"DemandMax":null,"Value":15372},{"Length":105,"Height":145,"Demand":1,"DemandMax":null,"Value":15225},{"Length":123,"Height":120,"Demand":1,"DemandMax":null,"Value":14760},{"Length":105,"Height":140,"Demand":1,"DemandMax":null,"Value":14700},{"Length":129,"Height":112,"Demand":1,"DemandMax":null,"Value":14448},{"Length":110,"Height":131,"Demand":1,"DemandMax":null,"Value":14410},{"Length":120,"Height":120,"Demand":1,"DemandMax":null,"Value":14400},{"Length":116,"Height":121,"Demand":1,"DemandMax":null,"Value":14036},{"Length":118,"Height":118,"Demand":1,"DemandMax":null,"Value":13924},{"Length":105,"Height":132,"Demand":1,"DemandMax":null,"Value":13860},{"Length":115,"Height":120,"Demand":1,"DemandMax":null,"Value":13800},{"Length":114,"Height":120,"Demand":1,"DemandMax":null,"Value":13680},{"Length":124,"Height":110,"Demand":1,"DemandMax":null,"Value":13640},{"Length":110,"Height":123,"Demand":1,"DemandMax":null,"Value":13530},{"Length":131,"Height":103,"Demand":1,"DemandMax":null,"Value":13493},{"Length":131,"Height":102,"Demand":1,"DemandMax":null,"Value":13362},{"Length":106,"Height":125,"Demand":1,"DemandMax":null,"Value":13250},{"Length":122,"Height":108,"Demand":1,"DemandMax":null,"Value":13176},{"Length":127,"Height":103,"Demand":1,"DemandMax":null,"Value":13081},{"Length":117,"Height":111,"Demand":1,"DemandMax":null,"Value":12987},{"Length":107,"Height":121,"Demand":1,"DemandMax":null,"Value":12947},{"Length":102,"Height":124,"Demand":1,"DemandMax":null,"Value":12648},{"Length":105,"Height":120,"Demand":1,"DemandMax":null,"Value":12600},{"Length":113,"Height":110,"Demand":1,"DemandMax":null,"Value":12430},{"Length":122,"Height":101,"Demand":1,"DemandMax":null,"Value":12322},{"Length":105,"Height":117,"Demand":1,"DemandMax":null,"Value":12285},{"Length":103,"Height":116,"Demand":1,"DemandMax":null,"Value":11948},{"Length":102,"Height":117,"Demand":1,"DemandMax":null,"Value":11934},{"Length":113,"Height":103,"Demand":1,"DemandMax":null,"Value":11639},{"Length":100,"Height":115,"Demand":1,"DemandMax":null,"Value":11500},{"Length":100,"Height":113,"Demand":1,"DemandMax":null,"Value":11300},{"Length":108,"Height":104,"Demand":1,"DemandMax":null,"Value":11232},{"Length":105,"Height":106,"Demand":1,"DemandMax":null,"Value":11130},{"Length":100,"Height":101,"Demand":1,"DemandMax":null,"Value":10100}]}