{"Name":"AH118","Objects":[{"Length":1000,"Height":2363,"Stock":null,"Cost":2363000}],"Items":[{"Length":89,"Height":83,"Demand":100,"DemandMax":null,"Value":7387},{"Length":85,"Height":50,"Demand":100,"DemandMax":null,"Value":4250},{"Length":47,"Height":64,"Demand":100,"DemandMax":null,"Value":3008},{"Length":36,"Height":81,"Demand":100,"DemandMax":null,"Value":2916},{"Length":61,"Height":44,"Demand":100,"DemandMax":null,"Value":2684},{"Length":66,"Height":19,"Demand":100,"DemandMax":null,"Value":1254},{"Length":18,"Height":62,"Demand":100,"DemandMax":null,"Value":1116},{"Length":30,"Height":13,"Demand":100,"DemandMax":null,"Value":390},{"Length":12,"Height":32,"Demand":100,"DemandMax":null,"Value":384},{"Length":9,"Height":26,"Demand":100,"DemandMax":null,"Value":234}]}