{"Name":"AH102","Objects":[{"Length":1000,"Height":2033,"Stock":null,"Cost":2033000}],"Items":[{"Length":74,"Height":61,"Demand":100,"DemandMax":null,"Value":4514},{"Length":81,"Height":44,"Demand":100,"DemandMax":null,"Value":3564},{"Length":73,"Height":46,"Demand":100,"DemandMax":null,"Value":3358},{"Length":56,"Height":38,"Demand":100,"DemandMax":null,"Value":2128},{"Length":65,"Height":32,"Demand":100,"DemandMax":null,"Value":2080},{"Length":77,"Height":20,"Demand":100,"DemandMax":null,"Value":1540},{"Length":51,"Height":24,"Demand":100,"DemandMax":null,"Value":1224},{"Length":65,"Height":14,"Demand":100,"DemandMax":null,"Value":910},{"Length":24,"Height":37,"Demand":100,"DemandMax":null,"Value":888},{"Length":12,"Height":10,"Demand":100,"DemandMax":null,"Value":120}]}