{"Name":"AH70","Objects":[{"Length":1000,"Height":2167,"Stock":null,"Cost":2167000}],"Items":[{"Length":69,"Height":59,"Demand":100,"DemandMax":null,"Value":4071},{"Length":51,"Height":69,"Demand":100,"DemandMax":null,"Value":3519},{"Length":39,"Height":74,"Demand":100,"DemandMax":null,"Value":2886},{"Length":52,"Height":42,"Demand":100,"DemandMax":null,"Value":2184},{"Length":48,"Height":39,"Demand":100,"DemandMax":null,"Value":1872},{"Length":27,"Height":60,"Demand":100,"DemandMax":null,"Value":1620},{"Length":43,"Height":37,"Demand":100,"DemandMax":null,"Value":1591},{"Length":31,"Height":49,"Demand":100,"DemandMax":null,"Value":1519},{"Length":41,"Height":32,"Demand":100,"DemandMax":null,"Value":1312},{"Length":42,"Height":26,"Demand":100,"DemandMax":null,"Value":1092}]}