{"Name":"AH251","Objects":[{"Length":1000,"Height":39756,"Stock":null,"Cost":39756000}],"Items":[{"Length":297,"Height":299,"Demand":1,"DemandMax":null,"Value":88803},{"Length":298,"Height":291,"Demand":1,"DemandMax":null,"Value":86718},{"Length":299,"Height":287,"Demand":1,"DemandMax":null,"Value":85813},{"Length":288,"Height":295,"Demand":1,"DemandMax":null,"Value":84960},{"Length":297,"Height":283,"Demand":1,"DemandMax":null,"Value":84051},{"Length":281,"Height":299,"Demand":1,"DemandMax":null,"Value":84019},{"Length":279,"Height":300,"Demand":1,"DemandMax":null,"Value":83700},{"Length":294,"Height":284,"Demand":1,"DemandMax":null,"Value":83496},{"Length":300,"Height":278,"Demand":1,"DemandMax":null,"Value":83400},{"Length":286,"Height":285,"Demand":1,"DemandMax":null,"Value":81510},{"Length":300,"Height":271,"Demand":1,"DemandMax":null,"Value":81300},{"Length":282,"Height":288,"Demand":1,"DemandMax":null,"Value":81216},{"Length":275,"Height":295,"Demand":1,"DemandMax":null,"Value":81125},{"Length":299,"Height":269,"Demand":1,"DemandMax":null,"Value":80431},{"Length":279,"Height":288,"Demand":1,"DemandMax":null,"Value":80352},{"Length":269,"Height":298,"Demand":1,"DemandMax":null,"Value":80162},{"Length":299,"Height":267,"Demand":1,"DemandMax":null,"Value":79833},{"Length":277,"Height":287,"Demand":1,"DemandMax":null,"Value":79499},{"Length":283,"Height":280,"Demand":1,"DemandMax":null,"Value":79240},{"Length":271,"Height":291,"Demand":1,"DemandMax":null,"Value":78861},{"Length":277,"Height":283,"Demand":1,"DemandMax":null,"Value":78391},{"Length":272,"Height":288,"Demand":1,"DemandMax":null,"Value":78336},{"Length":290,"Height":269,"Demand":1,"DemandMax":null,"Value":78010},{"Length":258,"Height":299,"Demand":1,"DemandMax":null,"Value":77142},{"Length":257,"Height":300,"Demand":1,"DemandMax":null,"Value":77100},{"Length":290,"Height":265,"Demand":1,"DemandMax":null,"Value":76850},{"Length":255,"Height":300,"Demand":1,"DemandMax":null,"Value":76500},{"Length":293,"Height":261,"Demand":1,"DemandMax":null,"Value":76473},{"Length":279,"Height":274,"Demand":1,"DemandMax":null,"Value":76446},{"Length":279,"Height":273,"Demand":1,"DemandMax":null,"Value":76167},{"Length":289,"Height":263,"Demand":1,"DemandMax":null,"Value":76007},{"Length":254,"Height":299,"Demand":1,"DemandMax":null,"Value":75946},{"Length":260,"Height":291,"Demand":1,"DemandMax":null,"Value":75660},{"Length":268,"Height":282,"Demand":1,"DemandMax":null,"Value":75576},{"Length":281,"Height":268,"Demand":1,"DemandMax":null,"Value":75308},{"Length":296,"Height":254,"Demand":1,"DemandMax":null,"Value":75184},{"Length":251,"Height":299,"Demand":1,"DemandMax":null,"Value":75049},{"Length":291,"Height":257,"Demand":1,"DemandMax":null,"Value":74787},{"Length":276,"Height":270,"Demand":1,"DemandMax":null,"Value":74520},{"Length":250,"Height":297,"Demand":1,"DemandMax":null,"Value":74250},{"Length":290,"Height":255,"Demand":1,"DemandMax":null,"Value":73950},{"Length":261,"Height":283,"Demand":1,"DemandMax":null,"Value":73863},{"Length":271,"Height":272,"Demand":1,"DemandMax":null,"Value":73712},{"Length":281,"Height":262,"Demand":1,"DemandMax":null,"Value":73622},{"Length":245,"Height":298,"Demand":1,"DemandMax":null,"Value":73010},{"Length":299,"Height":244,"Demand":1,"DemandMax":null,"Value":72956},{"Length":243,"Height":300,"Demand":1,"DemandMax":null,"Value":72900},{"Length":281,"Height":259,"Demand":1,"DemandMax":null,"Value":72779},{"Length":287,"Height":253,"Demand":1,"DemandMax":null,"Value":72611},{"Length":256,"Height":283,"Demand":1,"DemandMax":null,"Value":72448},{"Length":298,"Height":243,"Demand":1,"DemandMax":null,"Value":72414},{"Length":264,"Height":274,"Demand":1,"DemandMax":null,"Value":72336},{"Length":252,"Height":285,"Demand":1,"DemandMax":null,"Value":71820},{"Length":246,"Height":290,"Demand":1,"DemandMax":null,"Value":71340},{"Length":271,"Height":263,"Demand":1,"DemandMax":null,"Value":71273},{"Length":244,"Height":292,"Demand":1,"DemandMax":null,"Value":71248},{"Length":294,"Height":242,"Demand":1,"DemandMax":null,"Value":71148},{"Length":237,"Height":299,"Demand":1,"DemandMax":null,"Value":70863},{"Length":244,"Height":290,"Demand":1,"DemandMax":null,"Value":70760},{"Length":268,"Height":264,"Demand":1,"DemandMax":null,"Value":70752},{"Length":263,"Height":269,"Demand":1,"DemandMax":null,"Value":70747},{"Length":237,"Height":298,"Demand":1,"DemandMax":null,"Value":70626},{"Length":271,"Height":260,"Demand":1,"DemandMax":null,"Value":70460},{"Length":254,"Height":277,"Demand":1,"DemandMax":null,"Value":70358},{"Length":253,"Height":278,"Demand":1,"DemandMax":null,"Value":70334},{"Length":235,"Height":299,"Demand":1,"DemandMax":null,"Value":70265},{"Length":254,"Height":276,"Demand":1,"DemandMax":null,"Value":70104},{"Length":281,"Height":249,"Demand":1,"DemandMax":null,"Value":69969},{"Length":276,"Height":253,"Demand":1,"DemandMax":null,"Value":69828},{"Length":244,"Height":286,"Demand":1,"DemandMax":null,"Value":69784},{"Length":242,"Height":288,"Demand":1,"DemandMax":null,"Value":69696},{"Length":233,"Height":299,"Demand":1,"DemandMax":null,"Value":69667},{"Length":248,"Height":280,"Demand":1,"DemandMax":null,"Value":69440},{"Length":274,"Height":252,"Demand":1,"DemandMax":null,"Value":69048},{"Length":267,"Height":258,"Demand":1,"DemandMax":null,"Value":68886},{"Length":280,"Height":246,"Demand":1,"DemandMax":null,"Value":68880},{"Length":273,"Height":252,"Demand":1,"DemandMax":null,"Value":68796},{"Length":293,"Height":233,"Demand":1,"DemandMax":null,"Value":68269},{"Length":289,"Height":236,"Demand":1,"DemandMax":null,"Value":68204},{"Length":275,"Height":248,"Demand":1,"DemandMax":null,"Value":68200},{"Length":232,"Height":293,"Demand":1,"DemandMax":null,"Value":67976},{"Length":274,"Height":248,"Demand":1,"DemandMax":null,"Value":67952},{"Length":275,"Height":247,"Demand":1,"DemandMax":null,"Value":67925},{"Length":260,"Height":261,"Demand":1,"DemandMax":null,"Value":67860},{"Length":253,"Height":268,"Demand":1,"DemandMax":null,"Value":67804},{"Length":291,"Height":232,"Demand":1,"DemandMax":null,"Value":67512},{"Length":230,"Height":293,"Demand":1,"DemandMax":null,"Value":67390},{"Length":229,"Height":294,"Demand":1,"DemandMax":null,"Value":67326},{"Length":278,"Height":242,"Demand":1,"DemandMax":null,"Value":67276},{"Length":229,"Height":293,"Demand":1,"DemandMax":null,"Value":67097},{"Length":250,"Height":268,"Demand":1,"DemandMax":null,"Value":67000},{"Length":249,"Height":269,"Demand":1,"DemandMax":null,"Value":66981},{"Length":264,"Height":252,"Demand":1,"DemandMax":null,"Value":66528},{"Length":271,"Height":245,"Demand":1,"DemandMax":null,"Value":66395},{"Length":250,"Height":265,"Demand":1,"DemandMax":null,"Value":66250},{"Length":297,"Height":223,"Demand":1,"DemandMax":null,"Value":66231},{"Length":228,"Height":289,"Demand":1,"DemandMax":null,"Value":65892},{"Length":234,"Height":281,"Demand":1,"DemandMax":null,"Value":65754},{"Length":236,"Height":278,"Demand":1,"DemandMax":null,"Value":65608},{"Length":227,"Height":289,"Demand":1,"DemandMax":null,"Value":65603},{"Length":219,"Height":299,"Demand":1,"DemandMax":null,"Value":65481},{"Length":226,"Height":289,"Demand":1,"DemandMax":null,"Value":65314},{"Length":275,"Height":237,"Demand":1,"DemandMax":null,"Value":65175},{"Length":262,"Height":248,"Demand":1,"DemandMax":null,"Value":64976},{"Length":278,"Height":233,"Demand":1,"DemandMax":null,"Value":64774},{"Length":255,"Height":254,"Demand":1,"DemandMax":null,"Value":64770},{"Length":285,"Height":227,"Demand":1,"DemandMax":null,"Value":64695},{"Length":290,"Height":223,"Demand":1,"DemandMax":null,"Value":64670},{"Length":242,"Height":267,"Demand":1,"DemandMax":null,"Value":64614},{"Length":277,"Height":233,"Demand":1,"DemandMax":null,"Value":64541},{"Length":215,"Height":300,"Demand":1,"DemandMax":null,"Value":64500},{"Length":263,"Height":245,"Demand":1,"DemandMax":null,"Value":64435},{"Length":218,"Height":294,"Demand":1,"DemandMax":null,"Value":64092},{"Length":232,"Height":276,"Demand":1,"DemandMax":null,"Value":64032},{"Length":299,"Height":214,"Demand":1,"DemandMax":null,"Value":63986},{"Length":241,"Height":265,"Demand":1,"DemandMax":null,"Value":63865},{"Length":223,"Height":286,"Demand":1,"DemandMax":null,"Value":63778},{"Length":214,"Height":298,"Demand":1,"DemandMax":null,"Value":63772},{"Length":229,"Height":277,"Demand":1,"DemandMax":null,"Value":63433},{"Length":271,"Height":234,"Demand":1,"DemandMax":null,"Value":63414},{"Length":242,"Height":262,"Demand":1,"DemandMax":null,"Value":63404},{"Length":243,"Height":260,"Demand":1,"DemandMax":null,"Value":63180},{"Length":298,"Height":212,"Demand":1,"DemandMax":null,"Value":63176},{"Length":220,"Height":287,"Demand":1,"DemandMax":null,"Value":63140},{"Length":210,"Height":300,"Demand":1,"DemandMax":null,"Value":63000},{"Length":247,"Height":255,"Demand":1,"DemandMax":null,"Value":62985},{"Length":269,"Height":234,"Demand":1,"DemandMax":null,"Value":62946},{"Length":261,"Height":241,"Demand":1,"DemandMax":null,"Value":62901},{"Length":218,"Height":288,"Demand":1,"DemandMax":null,"Value":62784},{"Length":220,"Height":285,"Demand":1,"DemandMax":null,"Value":62700},{"Length":219,"Height":286,"Demand":1,"DemandMax":null,"Value":62634},{"Length":281,"Height":222,"Demand":1,"DemandMax":null,"Value":62382},{"Length":286,"Height":218,"Demand":1,"DemandMax":null,"Value":62348},{"Length":229,"Height":272,"Demand":1,"DemandMax":null,"Value":62288},{"Length":214,"Height":291,"Demand":1,"DemandMax":null,"Value":62274},{"Length":278,"Height":224,"Demand":1,"DemandMax":null,"Value":62272},{"Length":292,"Height":213,"Demand":1,"DemandMax":null,"Value":62196},{"Length":260,"Height":239,"Demand":1,"DemandMax":null,"Value":62140},{"Length":246,"Height":252,"Demand":1,"DemandMax":null,"Value":61992},{"Length":212,"Height":292,"Demand":1,"DemandMax":null,"Value":61904},{"Length":259,"Height":239,"Demand":1,"DemandMax":null,"Value":61901},{"Length":217,"Height":285,"Demand":1,"DemandMax":null,"Value":61845},{"Length":300,"Height":206,"Demand":1,"DemandMax":null,"Value":61800},{"Length":246,"Height":251,"Demand":1,"DemandMax":null,"Value":61746},{"Length":288,"Height":214,"Demand":1,"DemandMax":null,"Value":61632},{"Length":215,"Height":286,"Demand":1,"DemandMax":null,"Value":61490},{"Length":265,"Height":232,"Demand":1,"DemandMax":null,"Value":61480},{"Length":273,"Height":225,"Demand":1,"DemandMax":null,"Value":61425},{"Length":300,"Height":204,"Demand":1,"DemandMax":null,"Value":61200},{"Length":283,"Height":216,"Demand":1,"DemandMax":null,"Value":61128},{"Length":291,"Height":210,"Demand":1,"DemandMax":null,"Value":61110},{"Length":232,"Height":262,"Demand":1,"DemandMax":null,"Value":60784},{"Length":225,"Height":270,"Demand":1,"DemandMax":null,"Value":60750},{"Length":254,"Height":239,"Demand":1,"DemandMax":null,"Value":60706},{"Length":211,"Height":287,"Demand":1,"DemandMax":null,"Value":60557},{"Length":277,"Height":218,"Demand":1,"DemandMax":null,"Value":60386},{"Length":297,"Height":203,"Demand":1,"DemandMax":null,"Value":60291},{"Length":239,"Height":250,"Demand":1,"DemandMax":null,"Value":59750},{"Length":254,"Height":235,"Demand":1,"DemandMax":null,"Value":59690},{"Length":244,"Height":244,"Demand":1,"DemandMax":null,"Value":59536},{"Length":262,"Height":227,"Demand":1,"DemandMax":null,"Value":59474},{"Length":291,"Height":204,"Demand":1,"DemandMax":null,"Value":59364},{"Length":244,"Height":243,"Demand":1,"DemandMax":null,"Value":59292},{"Length":241,"Height":246,"Demand":1,"DemandMax":null,"Value":59286},{"Length":222,"Height":266,"Demand":1,"DemandMax":null,"Value":59052},{"Length":259,"Height":228,"Demand":1,"DemandMax":null,"Value":59052},{"Length":237,"Height":249,"Demand":1,"DemandMax":null,"Value":59013},{"Length":210,"Height":281,"Demand":1,"DemandMax":null,"Value":59010},{"Length":205,"Height":287,"Demand":1,"DemandMax":null,"Value":58835},{"Length":204,"Height":287,"Demand":1,"DemandMax":null,"Value":58548},{"Length":251,"Height":233,"Demand":1,"DemandMax":null,"Value":58483},{"Length":300,"Height":194,"Demand":1,"DemandMax":null,"Value":58200},{"Length":223,"Height":260,"Demand":1,"DemandMax":null,"Value":57980},{"Length":270,"Height":213,"Demand":1,"DemandMax":null,"Value":57510},{"Length":276,"Height":208,"Demand":1,"DemandMax":null,"Value":57408},{"Length":245,"Height":234,"Demand":1,"DemandMax":null,"Value":57330},{"Length":197,"Height":291,"Demand":1,"DemandMax":null,"Value":57327},{"Length":201,"Height":285,"Demand":1,"DemandMax":null,"Value":57285},{"Length":219,"Height":260,"Demand":1,"DemandMax":null,"Value":56940},{"Length":247,"Height":230,"Demand":1,"DemandMax":null,"Value":56810},{"Length":240,"Height":236,"Demand":1,"DemandMax":null,"Value":56640},{"Length":199,"Height":284,"Demand":1,"DemandMax":null,"Value":56516},{"Length":243,"Height":232,"Demand":1,"DemandMax":null,"Value":56376},{"Length":242,"Height":232,"Demand":1,"DemandMax":null,"Value":56144},{"Length":195,"Height":287,"Demand":1,"DemandMax":null,"Value":55965},{"Length":297,"Height":188,"Demand":1,"DemandMax":null,"Value":55836},{"Length":223,"Height":250,"Demand":1,"DemandMax":null,"Value":55750},{"Length":207,"Height":269,"Demand":1,"DemandMax":null,"Value":55683},{"Length":190,"Height":293,"Demand":1,"DemandMax":null,"Value":55670},{"Length":296,"Height":187,"Demand":1,"DemandMax":null,"Value":55352},{"Length":188,"Height":294,"Demand":1,"DemandMax":null,"Value":55272},{"Length":250,"Height":221,"Demand":1,"DemandMax":null,"Value":55250},{"Length":272,"Height":203,"Demand":1,"DemandMax":null,"Value":55216},{"Length":209,"Height":264,"Demand":1,"DemandMax":null,"Value":55176},{"Length":295,"Height":187,"Demand":1,"DemandMax":null,"Value":55165},{"Length":232,"Height":237,"Demand":1,"DemandMax":null,"Value":54984},{"Length":229,"Height":240,"Demand":1,"DemandMax":null,"Value":54960},{"Length":220,"Height":249,"Demand":1,"DemandMax":null,"Value":54780},{"Length":217,"Height":252,"Demand":1,"DemandMax":null,"Value":54684},{"Length":272,"Height":201,"Demand":1,"DemandMax":null,"Value":54672},{"Length":224,"Height":244,"Demand":1,"DemandMax":null,"Value":54656},{"Length":280,"Height":194,"Demand":1,"DemandMax":null,"Value":54320},{"Length":236,"Height":230,"Demand":1,"DemandMax":null,"Value":54280},{"Length":285,"Height":190,"Demand":1,"DemandMax":null,"Value":54150},{"Length":181,"Height":299,"Demand":1,"DemandMax":null,"Value":54119},{"Length":270,"Height":200,"Demand":1,"DemandMax":null,"Value":54000},{"Length":278,"Height":194,"Demand":1,"DemandMax":null,"Value":53932},{"Length":229,"Height":235,"Demand":1,"DemandMax":null,"Value":53815},{"Length":237,"Height":227,"Demand":1,"DemandMax":null,"Value":53799},{"Length":197,"Height":273,"Demand":1,"DemandMax":null,"Value":53781},{"Length":181,"Height":297,"Demand":1,"DemandMax":null,"Value":53757},{"Length":241,"Height":223,"Demand":1,"DemandMax":null,"Value":53743},{"Length":222,"Height":242,"Demand":1,"DemandMax":null,"Value":53724},{"Length":203,"Height":264,"Demand":1,"DemandMax":null,"Value":53592},{"Length":186,"Height":288,"Demand":1,"DemandMax":null,"Value":53568},{"Length":260,"Height":206,"Demand":1,"DemandMax":null,"Value":53560},{"Length":212,"Height":252,"Demand":1,"DemandMax":null,"Value":53424},{"Length":239,"Height":223,"Demand":1,"DemandMax":null,"Value":53297},{"Length":208,"Height":256,"Demand":1,"DemandMax":null,"Value":53248},{"Length":178,"Height":299,"Demand":1,"DemandMax":null,"Value":53222},{"Length":219,"Height":243,"Demand":1,"DemandMax":null,"Value":53217},{"Length":225,"Height":236,"Demand":1,"DemandMax":null,"Value":53100},{"Length":254,"Height":209,"Demand":1,"DemandMax":null,"Value":53086},{"Length":193,"Height":274,"Demand":1,"DemandMax":null,"Value":52882},{"Length":178,"Height":297,"Demand":1,"DemandMax":null,"Value":52866},{"Length":181,"Height":292,"Demand":1,"DemandMax":null,"Value":52852},{"Length":285,"Height":185,"Demand":1,"DemandMax":null,"Value":52725},{"Length":273,"Height":193,"Demand":1,"DemandMax":null,"Value":52689},{"Length":209,"Height":252,"Demand":1,"DemandMax":null,"Value":52668},{"Length":201,"Height":262,"Demand":1,"DemandMax":null,"Value":52662},{"Length":274,"Height":192,"Demand":1,"DemandMax":null,"Value":52608},{"Length":176,"Height":298,"Demand":1,"DemandMax":null,"Value":52448},{"Length":270,"Height":194,"Demand":1,"DemandMax":null,"Value":52380},{"Length":259,"Height":202,"Demand":1,"DemandMax":null,"Value":52318},{"Length":193,"Height":269,"Demand":1,"DemandMax":null,"Value":51917},{"Length":215,"Height":240,"Demand":1,"DemandMax":null,"Value":51600},{"Length":261,"Height":197,"Demand":1,"DemandMax":null,"Value":51417},{"Length":246,"Height":209,"Demand":1,"DemandMax":null,"Value":51414},{"Length":266,"Height":193,"Demand":1,"DemandMax":null,"Value":51338},{"Length":181,"Height":282,"Demand":1,"DemandMax":null,"Value":51042},{"Length":225,"Height":226,"Demand":1,"DemandMax":null,"Value":50850},{"Length":248,"Height":205,"Demand":1,"DemandMax":null,"Value":50840},{"Length":231,"Height":220,"Demand":1,"DemandMax":null,"Value":50820},{"Length":174,"Height":292,"Demand":1,"DemandMax":null,"Value":50808},{"Length":249,"Height":204,"Demand":1,"DemandMax":null,"Value":50796},{"Length":180,"Height":282,"Demand":1,"DemandMax":null,"Value":50760},{"Length":179,"Height":283,"Demand":1,"DemandMax":null,"Value":50657},{"Length":240,"Height":211,"Demand":1,"DemandMax":null,"Value":50640},{"Length":205,"Height":247,"Demand":1,"DemandMax":null,"Value":50635},{"Length":230,"Height":220,"Demand":1,"DemandMax":null,"Value":50600},{"Length":219,"Height":231,"Demand":1,"DemandMax":null,"Value":50589},{"Length":255,"Height":198,"Demand":1,"DemandMax":null,"Value":50490},{"Length":194,"Height":260,"Demand":1,"DemandMax":null,"Value":50440},{"Length":211,"Height":239,"Demand":1,"DemandMax":null,"Value":50429},{"Length":193,"Height":261,"Demand":1,"DemandMax":null,"Value":50373},{"Length":189,"Height":266,"Demand":1,"DemandMax":null,"Value":50274},{"Length":236,"Height":213,"Demand":1,"DemandMax":null,"Value":50268},{"Length":200,"Height":251,"Demand":1,"DemandMax":null,"Value":50200},{"Length":190,"Height":264,"Demand":1,"DemandMax":null,"Value":50160},{"Length":295,"Height":170,"Demand":1,"DemandMax":null,"Value":50150},{"Length":168,"Height":298,"Demand":1,"DemandMax":null,"Value":50064},{"Length":243,"Height":206,"Demand":1,"DemandMax":null,"Value":50058},{"Length":247,"Height":202,"Demand":1,"DemandMax":null,"Value":49894},{"Length":193,"Height":258,"Demand":1,"DemandMax":null,"Value":49794},{"Length":203,"Height":245,"Demand":1,"DemandMax":null,"Value":49735},{"Length":284,"Height":175,"Demand":1,"DemandMax":null,"Value":49700},{"Length":291,"Height":170,"Demand":1,"DemandMax":null,"Value":49470},{"Length":273,"Height":181,"Demand":1,"DemandMax":null,"Value":49413},{"Length":287,"Height":172,"Demand":1,"DemandMax":null,"Value":49364},{"Length":226,"Height":218,"Demand":1,"DemandMax":null,"Value":49268},{"Length":201,"Height":245,"Demand":1,"DemandMax":null,"Value":49245},{"Length":293,"Height":168,"Demand":1,"DemandMax":null,"Value":49224},{"Length":189,"Height":260,"Demand":1,"DemandMax":null,"Value":49140},{"Length":284,"Height":173,"Demand":1,"DemandMax":null,"Value":49132},{"Length":185,"Height":265,"Demand":1,"DemandMax":null,"Value":49025},{"Length":187,"Height":262,"Demand":1,"DemandMax":null,"Value":48994},{"Length":197,"Height":248,"Demand":1,"DemandMax":null,"Value":48856},{"Length":190,"Height":257,"Demand":1,"DemandMax":null,"Value":48830},{"Length":249,"Height":196,"Demand":1,"DemandMax":null,"Value":48804},{"Length":292,"Height":167,"Demand":1,"DemandMax":null,"Value":48764},{"Length":262,"Height":186,"Demand":1,"DemandMax":null,"Value":48732},{"Length":270,"Height":180,"Demand":1,"DemandMax":null,"Value":48600},{"Length":182,"Height":267,"Demand":1,"DemandMax":null,"Value":48594},{"Length":178,"Height":273,"Demand":1,"DemandMax":null,"Value":48594},{"Length":229,"Height":212,"Demand":1,"DemandMax":null,"Value":48548},{"Length":177,"Height":274,"Demand":1,"DemandMax":null,"Value":48498},{"Length":219,"Height":221,"Demand":1,"DemandMax":null,"Value":48399},{"Length":198,"Height":244,"Demand":1,"DemandMax":null,"Value":48312},{"Length":162,"Height":298,"Demand":1,"DemandMax":null,"Value":48276},{"Length":250,"Height":193,"Demand":1,"DemandMax":null,"Value":48250},{"Length":164,"Height":294,"Demand":1,"DemandMax":null,"Value":48216},{"Length":195,"Height":247,"Demand":1,"DemandMax":null,"Value":48165},{"Length":213,"Height":226,"Demand":1,"DemandMax":null,"Value":48138},{"Length":183,"Height":263,"Demand":1,"DemandMax":null,"Value":48129},{"Length":175,"Height":275,"Demand":1,"DemandMax":null,"Value":48125},{"Length":187,"Height":257,"Demand":1,"DemandMax":null,"Value":48059},{"Length":258,"Height":186,"Demand":1,"DemandMax":null,"Value":47988},{"Length":239,"Height":200,"Demand":1,"DemandMax":null,"Value":47800},{"Length":162,"Height":294,"Demand":1,"DemandMax":null,"Value":47628},{"Length":261,"Height":182,"Demand":1,"DemandMax":null,"Value":47502},{"Length":255,"Height":186,"Demand":1,"DemandMax":null,"Value":47430},{"Length":248,"Height":191,"Demand":1,"DemandMax":null,"Value":47368},{"Length":182,"Height":260,"Demand":1,"DemandMax":null,"Value":47320},{"Length":214,"Height":221,"Demand":1,"DemandMax":null,"Value":47294},{"Length":261,"Height":181,"Demand":1,"DemandMax":null,"Value":47241},{"Length":282,"Height":167,"Demand":1,"DemandMax":null,"Value":47094},{"Length":197,"Height":239,"Demand":1,"DemandMax":null,"Value":47083},{"Length":296,"Height":159,"Demand":1,"DemandMax":null,"Value":47064},{"Length":238,"Height":197,"Demand":1,"DemandMax":null,"Value":46886},{"Length":209,"Height":224,"Demand":1,"DemandMax":null,"Value":46816},{"Length":184,"Height":254,"Demand":1,"DemandMax":null,"Value":46736},{"Length":176,"Height":265,"Demand":1,"DemandMax":null,"Value":46640},{"Length":175,"Height":266,"Demand":1,"DemandMax":null,"Value":46550},{"Length":204,"Height":228,"Demand":1,"DemandMax":null,"Value":46512},{"Length":189,"Height":246,"Demand":1,"DemandMax":null,"Value":46494},{"Length":217,"Height":214,"Demand":1,"DemandMax":null,"Value":46438},{"Length":209,"Height":222,"Demand":1,"DemandMax":null,"Value":46398},{"Length":229,"Height":202,"Demand":1,"DemandMax":null,"Value":46258},{"Length":211,"Height":219,"Demand":1,"DemandMax":null,"Value":46209},{"Length":169,"Height":273,"Demand":1,"DemandMax":null,"Value":46137},{"Length":253,"Height":182,"Demand":1,"DemandMax":null,"Value":46046},{"Length":163,"Height":282,"Demand":1,"DemandMax":null,"Value":45966},{"Length":174,"Height":264,"Demand":1,"DemandMax":null,"Value":45936},{"Length":192,"Height":239,"Demand":1,"DemandMax":null,"Value":45888},{"Length":252,"Height":182,"Demand":1,"DemandMax":null,"Value":45864},{"Length":213,"Height":215,"Demand":1,"DemandMax":null,"Value":45795},{"Length":171,"Height":267,"Demand":1,"DemandMax":null,"Value":45657},{"Length":195,"Height":234,"Demand":1,"DemandMax":null,"Value":45630},{"Length":208,"Height":219,"Demand":1,"DemandMax":null,"Value":45552},{"Length":205,"Height":222,"Demand":1,"DemandMax":null,"Value":45510},{"Length":177,"Height":257,"Demand":1,"DemandMax":null,"Value":45489},{"Length":199,"Height":228,"Demand":1,"DemandMax":null,"Value":45372},{"Length":252,"Height":180,"Demand":1,"DemandMax":null,"Value":45360},{"Length":175,"Height":259,"Demand":1,"DemandMax":null,"Value":45325},{"Length":206,"Height":220,"Demand":1,"DemandMax":null,"Value":45320},{"Length":273,"Height":166,"Demand":1,"DemandMax":null,"Value":45318},{"Length":171,"Height":265,"Demand":1,"DemandMax":null,"Value":45315},{"Length":221,"Height":205,"Demand":1,"DemandMax":null,"Value":45305},{"Length":298,"Height":152,"Demand":1,"DemandMax":null,"Value":45296},{"Length":155,"Height":292,"Demand":1,"DemandMax":null,"Value":45260},{"Length":285,"Height":158,"Demand":1,"DemandMax":null,"Value":45030},{"Length":286,"Height":157,"Demand":1,"DemandMax":null,"Value":44902},{"Length":205,"Height":219,"Demand":1,"DemandMax":null,"Value":44895},{"Length":190,"Height":236,"Demand":1,"DemandMax":null,"Value":44840},{"Length":223,"Height":201,"Demand":1,"DemandMax":null,"Value":44823},{"Length":214,"Height":209,"Demand":1,"DemandMax":null,"Value":44726},{"Length":180,"Height":248,"Demand":1,"DemandMax":null,"Value":44640},{"Length":175,"Height":255,"Demand":1,"DemandMax":null,"Value":44625},{"Length":194,"Height":230,"Demand":1,"DemandMax":null,"Value":44620},{"Length":182,"Height":245,"Demand":1,"DemandMax":null,"Value":44590},{"Length":162,"Height":275,"Demand":1,"DemandMax":null,"Value":44550},{"Length":196,"Height":227,"Demand":1,"DemandMax":null,"Value":44492},{"Length":278,"Height":160,"Demand":1,"DemandMax":null,"Value":44480},{"Length":298,"Height":149,"Demand":1,"DemandMax":null,"Value":44402},{"Length":298,"Height":148,"Demand":1,"DemandMax":null,"Value":44104},{"Length":158,"Height":279,"Demand":1,"DemandMax":null,"Value":44082},{"Length":218,"Height":202,"Demand":1,"DemandMax":null,"Value":44036},{"Length":176,"Height":250,"Demand":1,"DemandMax":null,"Value":44000},{"Length":268,"Height":164,"Demand":1,"DemandMax":null,"Value":43952},{"Length":191,"Height":230,"Demand":1,"DemandMax":null,"Value":43930},{"Length":206,"Height":213,"Demand":1,"DemandMax":null,"Value":43878},{"Length":199,"Height":220,"Demand":1,"DemandMax":null,"Value":43780},{"Length":167,"Height":262,"Demand":1,"DemandMax":null,"Value":43754},{"Length":265,"Height":165,"Demand":1,"DemandMax":null,"Value":43725},{"Length":161,"Height":271,"Demand":1,"DemandMax":null,"Value":43631},{"Length":159,"Height":274,"Demand":1,"DemandMax":null,"Value":43566},{"Length":264,"Height":165,"Demand":1,"DemandMax":null,"Value":43560},{"Length":242,"Height":180,"Demand":1,"DemandMax":null,"Value":43560},{"Length":281,"Height":155,"Demand":1,"DemandMax":null,"Value":43555},{"Length":147,"Height":296,"Demand":1,"DemandMax":null,"Value":43512},{"Length":262,"Height":166,"Demand":1,"DemandMax":null,"Value":43492},{"Length":157,"Height":277,"Demand":1,"DemandMax":null,"Value":43489},{"Length":254,"Height":171,"Demand":1,"DemandMax":null,"Value":43434},{"Length":263,"Height":165,"Demand":1,"DemandMax":null,"Value":43395},{"Length":156,"Height":278,"Demand":1,"DemandMax":null,"Value":43368},{"Length":297,"Height":146,"Demand":1,"DemandMax":null,"Value":43362},{"Length":168,"Height":258,"Demand":1,"DemandMax":null,"Value":43344},{"Length":158,"Height":274,"Demand":1,"DemandMax":null,"Value":43292},{"Length":211,"Height":205,"Demand":1,"DemandMax":null,"Value":43255},{"Length":298,"Height":145,"Demand":1,"DemandMax":null,"Value":43210},{"Length":182,"Height":237,"Demand":1,"DemandMax":null,"Value":43134},{"Length":184,"Height":234,"Demand":1,"DemandMax":null,"Value":43056},{"Length":292,"Height":147,"Demand":1,"DemandMax":null,"Value":42924},{"Length":143,"Height":299,"Demand":1,"DemandMax":null,"Value":42757},{"Length":173,"Height":247,"Demand":1,"DemandMax":null,"Value":42731},{"Length":208,"Height":205,"Demand":1,"DemandMax":null,"Value":42640},{"Length":298,"Height":143,"Demand":1,"DemandMax":null,"Value":42614},{"Length":212,"Height":201,"Demand":1,"DemandMax":null,"Value":42612},{"Length":167,"Height":255,"Demand":1,"DemandMax":null,"Value":42585},{"Length":232,"Height":183,"Demand":1,"DemandMax":null,"Value":42456},{"Length":210,"Height":202,"Demand":1,"DemandMax":null,"Value":42420},{"Length":167,"Height":254,"Demand":1,"DemandMax":null,"Value":42418},{"Length":222,"Height":191,"Demand":1,"DemandMax":null,"Value":42402},{"Length":273,"Height":155,"Demand":1,"DemandMax":null,"Value":42315},{"Length":178,"Height":237,"Demand":1,"DemandMax":null,"Value":42186},{"Length":181,"Height":233,"Demand":1,"DemandMax":null,"Value":42173},{"Length":171,"Height":246,"Demand":1,"DemandMax":null,"Value":42066},{"Length":145,"Height":290,"Demand":1,"DemandMax":null,"Value":42050},{"Length":298,"Height":141,"Demand":1,"DemandMax":null,"Value":42018},{"Length":257,"Height":163,"Demand":1,"DemandMax":null,"Value":41891},{"Length":141,"Height":297,"Demand":1,"DemandMax":null,"Value":41877},{"Length":219,"Height":191,"Demand":1,"DemandMax":null,"Value":41829},{"Length":211,"Height":198,"Demand":1,"DemandMax":null,"Value":41778},{"Length":273,"Height":153,"Demand":1,"DemandMax":null,"Value":41769},{"Length":196,"Height":213,"Demand":1,"DemandMax":null,"Value":41748},{"Length":223,"Height":187,"Demand":1,"DemandMax":null,"Value":41701},{"Length":189,"Height":220,"Demand":1,"DemandMax":null,"Value":41580},{"Length":214,"Height":194,"Demand":1,"DemandMax":null,"Value":41516},{"Length":171,"Height":242,"Demand":1,"DemandMax":null,"Value":41382},{"Length":144,"Height":286,"Demand":1,"DemandMax":null,"Value":41184},{"Length":181,"Height":227,"Demand":1,"DemandMax":null,"Value":41087},{"Length":184,"Height":223,"Demand":1,"DemandMax":null,"Value":41032},{"Length":268,"Height":153,"Demand":1,"DemandMax":null,"Value":41004},{"Length":164,"Height":250,"Demand":1,"DemandMax":null,"Value":41000},{"Length":165,"Height":248,"Demand":1,"DemandMax":null,"Value":40920},{"Length":174,"Height":235,"Demand":1,"DemandMax":null,"Value":40890},{"Length":263,"Height":155,"Demand":1,"DemandMax":null,"Value":40765},{"Length":209,"Height":195,"Demand":1,"DemandMax":null,"Value":40755},{"Length":283,"Height":144,"Demand":1,"DemandMax":null,"Value":40752},{"Length":248,"Height":164,"Demand":1,"DemandMax":null,"Value":40672},{"Length":264,"Height":154,"Demand":1,"DemandMax":null,"Value":40656},{"Length":197,"Height":206,"Demand":1,"DemandMax":null,"Value":40582},{"Length":174,"Height":233,"Demand":1,"DemandMax":null,"Value":40542},{"Length":157,"Height":258,"Demand":1,"DemandMax":null,"Value":40506},{"Length":176,"Height":230,"Demand":1,"DemandMax":null,"Value":40480},{"Length":170,"Height":238,"Demand":1,"DemandMax":null,"Value":40460},{"Length":277,"Height":146,"Demand":1,"DemandMax":null,"Value":40442},{"Length":248,"Height":163,"Demand":1,"DemandMax":null,"Value":40424},{"Length":264,"Height":153,"Demand":1,"DemandMax":null,"Value":40392},{"Length":232,"Height":174,"Demand":1,"DemandMax":null,"Value":40368},{"Length":284,"Height":142,"Demand":1,"DemandMax":null,"Value":40328},{"Length":265,"Height":152,"Demand":1,"DemandMax":null,"Value":40280},{"Length":167,"Height":241,"Demand":1,"DemandMax":null,"Value":40247},{"Length":178,"Height":226,"Demand":1,"DemandMax":null,"Value":40228},{"Length":287,"Height":140,"Demand":1,"DemandMax":null,"Value":40180},{"Length":160,"Height":251,"Demand":1,"DemandMax":null,"Value":40160},{"Length":297,"Height":135,"Demand":1,"DemandMax":null,"Value":40095},{"Length":243,"Height":165,"Demand":1,"DemandMax":null,"Value":40095},{"Length":178,"Height":225,"Demand":1,"DemandMax":null,"Value":40050},{"Length":146,"Height":274,"Demand":1,"DemandMax":null,"Value":40004},{"Length":250,"Height":160,"Demand":1,"DemandMax":null,"Value":40000},{"Length":256,"Height":156,"Demand":1,"DemandMax":null,"Value":39936},{"Length":252,"Height":158,"Demand":1,"DemandMax":null,"Value":39816},{"Length":234,"Height":170,"Demand":1,"DemandMax":null,"Value":39780},{"Length":156,"Height":255,"Demand":1,"DemandMax":null,"Value":39780},{"Length":143,"Height":278,"Demand":1,"DemandMax":null,"Value":39754},{"Length":272,"Height":146,"Demand":1,"DemandMax":null,"Value":39712},{"Length":190,"Height":209,"Demand":1,"DemandMax":null,"Value":39710},{"Length":188,"Height":211,"Demand":1,"DemandMax":null,"Value":39668},{"Length":168,"Height":236,"Demand":1,"DemandMax":null,"Value":39648},{"Length":181,"Height":219,"Demand":1,"DemandMax":null,"Value":39639},{"Length":279,"Height":142,"Demand":1,"DemandMax":null,"Value":39618},{"Length":172,"Height":230,"Demand":1,"DemandMax":null,"Value":39560},{"Length":147,"Height":269,"Demand":1,"DemandMax":null,"Value":39543},{"Length":178,"Height":222,"Demand":1,"DemandMax":null,"Value":39516},{"Length":163,"Height":242,"Demand":1,"DemandMax":null,"Value":39446},{"Length":200,"Height":197,"Demand":1,"DemandMax":null,"Value":39400},{"Length":139,"Height":283,"Demand":1,"DemandMax":null,"Value":39337},{"Length":167,"Height":235,"Demand":1,"DemandMax":null,"Value":39245},{"Length":245,"Height":160,"Demand":1,"DemandMax":null,"Value":39200},{"Length":139,"Height":282,"Demand":1,"DemandMax":null,"Value":39198},{"Length":287,"Height":136,"Demand":1,"DemandMax":null,"Value":39032},{"Length":251,"Height":155,"Demand":1,"DemandMax":null,"Value":38905},{"Length":195,"Height":199,"Demand":1,"DemandMax":null,"Value":38805},{"Length":236,"Height":164,"Demand":1,"DemandMax":null,"Value":38704},{"Length":192,"Height":201,"Demand":1,"DemandMax":null,"Value":38592},{"Length":227,"Height":170,"Demand":1,"DemandMax":null,"Value":38590},{"Length":220,"Height":175,"Demand":1,"DemandMax":null,"Value":38500},{"Length":283,"Height":136,"Demand":1,"DemandMax":null,"Value":38488},{"Length":211,"Height":182,"Demand":1,"DemandMax":null,"Value":38402},{"Length":256,"Height":150,"Demand":1,"DemandMax":null,"Value":38400},{"Length":272,"Height":141,"Demand":1,"DemandMax":null,"Value":38352},{"Length":235,"Height":163,"Demand":1,"DemandMax":null,"Value":38305},{"Length":168,"Height":228,"Demand":1,"DemandMax":null,"Value":38304},{"Length":171,"Height":224,"Demand":1,"DemandMax":null,"Value":38304},{"Length":195,"Height":196,"Demand":1,"DemandMax":null,"Value":38220},{"Length":217,"Height":176,"Demand":1,"DemandMax":null,"Value":38192},{"Length":290,"Height":131,"Demand":1,"DemandMax":null,"Value":37990},{"Length":252,"Height":150,"Demand":1,"DemandMax":null,"Value":37800},{"Length":189,"Height":200,"Demand":1,"DemandMax":null,"Value":37800},{"Length":201,"Height":188,"Demand":1,"DemandMax":null,"Value":37788},{"Length":242,"Height":156,"Demand":1,"DemandMax":null,"Value":37752},{"Length":145,"Height":260,"Demand":1,"DemandMax":null,"Value":37700},{"Length":210,"Height":179,"Demand":1,"DemandMax":null,"Value":37590},{"Length":240,"Height":156,"Demand":1,"DemandMax":null,"Value":37440},{"Length":224,"Height":167,"Demand":1,"DemandMax":null,"Value":37408},{"Length":254,"Height":147,"Demand":1,"DemandMax":null,"Value":37338},{"Length":135,"Height":276,"Demand":1,"DemandMax":null,"Value":37260},{"Length":132,"Height":282,"Demand":1,"DemandMax":null,"Value":37224},{"Length":228,"Height":163,"Demand":1,"DemandMax":null,"Value":37164},{"Length":275,"Height":135,"Demand":1,"DemandMax":null,"Value":37125},{"Length":152,"Height":244,"Demand":1,"DemandMax":null,"Value":37088},{"Length":194,"Height":191,"Demand":1,"DemandMax":null,"Value":37054},{"Length":179,"Height":207,"Demand":1,"DemandMax":null,"Value":37053},{"Length":149,"Height":247,"Demand":1,"DemandMax":null,"Value":36803},{"Length":125,"Height":294,"Demand":1,"DemandMax":null,"Value":36750},{"Length":155,"Height":237,"Demand":1,"DemandMax":null,"Value":36735},{"Length":278,"Height":132,"Demand":1,"DemandMax":null,"Value":36696},{"Length":192,"Height":191,"Demand":1,"DemandMax":null,"Value":36672},{"Length":122,"Height":300,"Demand":1,"DemandMax":null,"Value":36600},{"Length":201,"Height":182,"Demand":1,"DemandMax":null,"Value":36582},{"Length":174,"Height":210,"Demand":1,"DemandMax":null,"Value":36540},{"Length":166,"Height":220,"Demand":1,"DemandMax":null,"Value":36520},{"Length":187,"Height":195,"Demand":1,"DemandMax":null,"Value":36465},{"Length":147,"Height":248,"Demand":1,"DemandMax":null,"Value":36456},{"Length":278,"Height":131,"Demand":1,"DemandMax":null,"Value":36418},{"Length":246,"Height":148,"Demand":1,"DemandMax":null,"Value":36408},{"Length":226,"Height":161,"Demand":1,"DemandMax":null,"Value":36386},{"Length":181,"Height":201,"Demand":1,"DemandMax":null,"Value":36381},{"Length":224,"Height":162,"Demand":1,"DemandMax":null,"Value":36288},{"Length":253,"Height":143,"Demand":1,"DemandMax":null,"Value":36179},{"Length":274,"Height":132,"Demand":1,"DemandMax":null,"Value":36168},{"Length":276,"Height":131,"Demand":1,"DemandMax":null,"Value":36156},{"Length":278,"Height":130,"Demand":1,"DemandMax":null,"Value":36140},{"Length":215,"Height":168,"Demand":1,"DemandMax":null,"Value":36120},{"Length":190,"Height":190,"Demand":1,"DemandMax":null,"Value":36100},{"Length":239,"Height":151,"Demand":1,"DemandMax":null,"Value":36089},{"Length":162,"Height":222,"Demand":1,"DemandMax":null,"Value":35964},{"Length":155,"Height":232,"Demand":1,"DemandMax":null,"Value":35960},{"Length":235,"Height":153,"Demand":1,"DemandMax":null,"Value":35955},{"Length":142,"Height":253,"Demand":1,"DemandMax":null,"Value":35926},{"Length":198,"Height":181,"Demand":1,"DemandMax":null,"Value":35838},{"Length":124,"Height":289,"Demand":1,"DemandMax":null,"Value":35836},{"Length":252,"Height":142,"Demand":1,"DemandMax":null,"Value":35784},{"Length":218,"Height":164,"Demand":1,"DemandMax":null,"Value":35752},{"Length":293,"Height":122,"Demand":1,"DemandMax":null,"Value":35746},{"Length":203,"Height":176,"Demand":1,"DemandMax":null,"Value":35728},{"Length":154,"Height":232,"Demand":1,"DemandMax":null,"Value":35728},{"Length":235,"Height":152,"Demand":1,"DemandMax":null,"Value":35720},{"Length":119,"Height":300,"Demand":1,"DemandMax":null,"Value":35700},{"Length":169,"Height":211,"Demand":1,"DemandMax":null,"Value":35659},{"Length":239,"Height":149,"Demand":1,"DemandMax":null,"Value":35611},{"Length":178,"Height":200,"Demand":1,"DemandMax":null,"Value":35600},{"Length":201,"Height":177,"Demand":1,"DemandMax":null,"Value":35577},{"Length":295,"Height":120,"Demand":1,"DemandMax":null,"Value":35400},{"Length":125,"Height":283,"Demand":1,"DemandMax":null,"Value":35375},{"Length":222,"Height":159,"Demand":1,"DemandMax":null,"Value":35298},{"Length":263,"Height":134,"Demand":1,"DemandMax":null,"Value":35242},{"Length":239,"Height":147,"Demand":1,"DemandMax":null,"Value":35133},{"Length":263,"Height":133,"Demand":1,"DemandMax":null,"Value":34979},{"Length":142,"Height":246,"Demand":1,"DemandMax":null,"Value":34932},{"Length":132,"Height":264,"Demand":1,"DemandMax":null,"Value":34848},{"Length":247,"Height":141,"Demand":1,"DemandMax":null,"Value":34827},{"Length":211,"Height":165,"Demand":1,"DemandMax":null,"Value":34815},{"Length":169,"Height":206,"Demand":1,"DemandMax":null,"Value":34814},{"Length":295,"Height":118,"Demand":1,"DemandMax":null,"Value":34810},{"Length":145,"Height":240,"Demand":1,"DemandMax":null,"Value":34800},{"Length":246,"Height":141,"Demand":1,"DemandMax":null,"Value":34686},{"Length":214,"Height":162,"Demand":1,"DemandMax":null,"Value":34668},{"Length":150,"Height":231,"Demand":1,"DemandMax":null,"Value":34650},{"Length":168,"Height":206,"Demand":1,"DemandMax":null,"Value":34608},{"Length":211,"Height":164,"Demand":1,"DemandMax":null,"Value":34604},{"Length":266,"Height":130,"Demand":1,"DemandMax":null,"Value":34580},{"Length":223,"Height":155,"Demand":1,"DemandMax":null,"Value":34565},{"Length":248,"Height":139,"Demand":1,"DemandMax":null,"Value":34472},{"Length":115,"Height":299,"Demand":1,"DemandMax":null,"Value":34385},{"Length":125,"Height":275,"Demand":1,"DemandMax":null,"Value":34375},{"Length":162,"Height":211,"Demand":1,"DemandMax":null,"Value":34182},{"Length":244,"Height":140,"Demand":1,"DemandMax":null,"Value":34160},{"Length":168,"Height":203,"Demand":1,"DemandMax":null,"Value":34104},{"Length":123,"Height":277,"Demand":1,"DemandMax":null,"Value":34071},{"Length":209,"Height":163,"Demand":1,"DemandMax":null,"Value":34067},{"Length":274,"Height":124,"Demand":1,"DemandMax":null,"Value":33976},{"Length":176,"Height":193,"Demand":1,"DemandMax":null,"Value":33968},{"Length":231,"Height":147,"Demand":1,"DemandMax":null,"Value":33957},{"Length":164,"Height":207,"Demand":1,"DemandMax":null,"Value":33948},{"Length":220,"Height":154,"Demand":1,"DemandMax":null,"Value":33880},{"Length":161,"Height":210,"Demand":1,"DemandMax":null,"Value":33810},{"Length":262,"Height":129,"Demand":1,"DemandMax":null,"Value":33798},{"Length":256,"Height":132,"Demand":1,"DemandMax":null,"Value":33792},{"Length":125,"Height":270,"Demand":1,"DemandMax":null,"Value":33750},{"Length":165,"Height":204,"Demand":1,"DemandMax":null,"Value":33660},{"Length":224,"Height":150,"Demand":1,"DemandMax":null,"Value":33600},{"Length":227,"Height":148,"Demand":1,"DemandMax":null,"Value":33596},{"Length":243,"Height":138,"Demand":1,"DemandMax":null,"Value":33534},{"Length":116,"Height":289,"Demand":1,"DemandMax":null,"Value":33524},{"Length":124,"Height":270,"Demand":1,"DemandMax":null,"Value":33480},{"Length":169,"Height":198,"Demand":1,"DemandMax":null,"Value":33462},{"Length":148,"Height":226,"Demand":1,"DemandMax":null,"Value":33448},{"Length":199,"Height":168,"Demand":1,"DemandMax":null,"Value":33432},{"Length":255,"Height":131,"Demand":1,"DemandMax":null,"Value":33405},{"Length":132,"Height":253,"Demand":1,"DemandMax":null,"Value":33396},{"Length":149,"Height":224,"Demand":1,"DemandMax":null,"Value":33376},{"Length":172,"Height":194,"Demand":1,"DemandMax":null,"Value":33368},{"Length":136,"Height":245,"Demand":1,"DemandMax":null,"Value":33320},{"Length":192,"Height":173,"Demand":1,"DemandMax":null,"Value":33216},{"Length":124,"Height":267,"Demand":1,"DemandMax":null,"Value":33108},{"Length":156,"Height":212,"Demand":1,"DemandMax":null,"Value":33072},{"Length":143,"Height":231,"Demand":1,"DemandMax":null,"Value":33033},{"Length":124,"Height":266,"Demand":1,"DemandMax":null,"Value":32984},{"Length":179,"Height":184,"Demand":1,"DemandMax":null,"Value":32936},{"Length":191,"Height":172,"Demand":1,"DemandMax":null,"Value":32852},{"Length":134,"Height":245,"Demand":1,"DemandMax":null,"Value":32830},{"Length":231,"Height":142,"Demand":1,"DemandMax":null,"Value":32802},{"Length":117,"Height":280,"Demand":1,"DemandMax":null,"Value":32760},{"Length":186,"Height":176,"Demand":1,"DemandMax":null,"Value":32736},{"Length":133,"Height":246,"Demand":1,"DemandMax":null,"Value":32718},{"Length":184,"Height":177,"Demand":1,"DemandMax":null,"Value":32568},{"Length":296,"Height":110,"Demand":1,"DemandMax":null,"Value":32560},{"Length":135,"Height":241,"Demand":1,"DemandMax":null,"Value":32535},{"Length":126,"Height":258,"Demand":1,"DemandMax":null,"Value":32508},{"Length":273,"Height":119,"Demand":1,"DemandMax":null,"Value":32487},{"Length":140,"Height":232,"Demand":1,"DemandMax":null,"Value":32480},{"Length":212,"Height":153,"Demand":1,"DemandMax":null,"Value":32436},{"Length":272,"Height":119,"Demand":1,"DemandMax":null,"Value":32368},{"Length":279,"Height":116,"Demand":1,"DemandMax":null,"Value":32364},{"Length":120,"Height":269,"Demand":1,"DemandMax":null,"Value":32280},{"Length":125,"Height":258,"Demand":1,"DemandMax":null,"Value":32250},{"Length":113,"Height":285,"Demand":1,"DemandMax":null,"Value":32205},{"Length":228,"Height":141,"Demand":1,"DemandMax":null,"Value":32148},{"Length":136,"Height":236,"Demand":1,"DemandMax":null,"Value":32096},{"Length":218,"Height":147,"Demand":1,"DemandMax":null,"Value":32046},{"Length":182,"Height":176,"Demand":1,"DemandMax":null,"Value":32032},{"Length":225,"Height":142,"Demand":1,"DemandMax":null,"Value":31950},{"Length":109,"Height":293,"Demand":1,"DemandMax":null,"Value":31937},{"Length":137,"Height":233,"Demand":1,"DemandMax":null,"Value":31921},{"Length":210,"Height":152,"Demand":1,"DemandMax":null,"Value":31920},{"Length":157,"Height":203,"Demand":1,"DemandMax":null,"Value":31871},{"Length":188,"Height":169,"Demand":1,"DemandMax":null,"Value":31772},{"Length":196,"Height":162,"Demand":1,"DemandMax":null,"Value":31752},{"Length":138,"Height":230,"Demand":1,"DemandMax":null,"Value":31740},{"Length":164,"Height":193,"Demand":1,"DemandMax":null,"Value":31652},{"Length":112,"Height":282,"Demand":1,"DemandMax":null,"Value":31584},{"Length":113,"Height":279,"Demand":1,"DemandMax":null,"Value":31527},{"Length":274,"Height":115,"Demand":1,"DemandMax":null,"Value":31510},{"Length":220,"Height":143,"Demand":1,"DemandMax":null,"Value":31460},{"Length":264,"Height":119,"Demand":1,"DemandMax":null,"Value":31416},{"Length":226,"Height":139,"Demand":1,"DemandMax":null,"Value":31414},{"Length":208,"Height":151,"Demand":1,"DemandMax":null,"Value":31408},{"Length":209,"Height":150,"Demand":1,"DemandMax":null,"Value":31350},{"Length":275,"Height":114,"Demand":1,"DemandMax":null,"Value":31350},{"Length":158,"Height":198,"Demand":1,"DemandMax":null,"Value":31284},{"Length":124,"Height":252,"Demand":1,"DemandMax":null,"Value":31248},{"Length":108,"Height":289,"Demand":1,"DemandMax":null,"Value":31212},{"Length":131,"Height":238,"Demand":1,"DemandMax":null,"Value":31178},{"Length":218,"Height":143,"Demand":1,"DemandMax":null,"Value":31174},{"Length":271,"Height":115,"Demand":1,"DemandMax":null,"Value":31165},{"Length":176,"Height":177,"Demand":1,"DemandMax":null,"Value":31152},{"Length":288,"Height":108,"Demand":1,"DemandMax":null,"Value":31104},{"Length":265,"Height":117,"Demand":1,"DemandMax":null,"Value":31005},{"Length":158,"Height":196,"Demand":1,"DemandMax":null,"Value":30968},{"Length":154,"Height":201,"Demand":1,"DemandMax":null,"Value":30954},{"Length":118,"Height":262,"Demand":1,"DemandMax":null,"Value":30916},{"Length":126,"Height":245,"Demand":1,"DemandMax":null,"Value":30870},{"Length":222,"Height":139,"Demand":1,"DemandMax":null,"Value":30858},{"Length":165,"Height":187,"Demand":1,"DemandMax":null,"Value":30855},{"Length":115,"Height":268,"Demand":1,"DemandMax":null,"Value":30820},{"Length":237,"Height":130,"Demand":1,"DemandMax":null,"Value":30810},{"Length":118,"Height":261,"Demand":1,"DemandMax":null,"Value":30798},{"Length":298,"Height":103,"Demand":1,"DemandMax":null,"Value":30694},{"Length":104,"Height":295,"Demand":1,"DemandMax":null,"Value":30680},{"Length":276,"Height":111,"Demand":1,"DemandMax":null,"Value":30636},{"Length":107,"Height":286,"Demand":1,"DemandMax":null,"Value":30602},{"Length":119,"Height":257,"Demand":1,"DemandMax":null,"Value":30583},{"Length":259,"Height":118,"Demand":1,"DemandMax":null,"Value":30562},{"Length":154,"Height":198,"Demand":1,"DemandMax":null,"Value":30492},{"Length":203,"Height":150,"Demand":1,"DemandMax":null,"Value":30450},{"Length":208,"Height":146,"Demand":1,"DemandMax":null,"Value":30368},{"Length":145,"Height":209,"Demand":1,"DemandMax":null,"Value":30305},{"Length":167,"Height":181,"Demand":1,"DemandMax":null,"Value":30227},{"Length":114,"Height":265,"Demand":1,"DemandMax":null,"Value":30210},{"Length":117,"Height":258,"Demand":1,"DemandMax":null,"Value":30186},{"Length":163,"Height":185,"Demand":1,"DemandMax":null,"Value":30155},{"Length":134,"Height":225,"Demand":1,"DemandMax":null,"Value":30150},{"Length":237,"Height":127,"Demand":1,"DemandMax":null,"Value":30099},{"Length":113,"Height":266,"Demand":1,"DemandMax":null,"Value":30058},{"Length":233,"Height":129,"Demand":1,"DemandMax":null,"Value":30057},{"Length":105,"Height":286,"Demand":1,"DemandMax":null,"Value":30030},{"Length":219,"Height":137,"Demand":1,"DemandMax":null,"Value":30003},{"Length":254,"Height":118,"Demand":1,"DemandMax":null,"Value":29972},{"Length":287,"Height":104,"Demand":1,"DemandMax":null,"Value":29848},{"Length":200,"Height":149,"Demand":1,"DemandMax":null,"Value":29800},{"Length":139,"Height":214,"Demand":1,"DemandMax":null,"Value":29746},{"Length":165,"Height":180,"Demand":1,"DemandMax":null,"Value":29700},{"Length":235,"Height":126,"Demand":1,"DemandMax":null,"Value":29610},{"Length":155,"Height":191,"Demand":1,"DemandMax":null,"Value":29605},{"Length":216,"Height":137,"Demand":1,"DemandMax":null,"Value":29592},{"Length":145,"Height":204,"Demand":1,"DemandMax":null,"Value":29580},{"Length":192,"Height":154,"Demand":1,"DemandMax":null,"Value":29568},{"Length":268,"Height":110,"Demand":1,"DemandMax":null,"Value":29480},{"Length":139,"Height":211,"Demand":1,"DemandMax":null,"Value":29329},{"Length":257,"Height":114,"Demand":1,"DemandMax":null,"Value":29298},{"Length":246,"Height":119,"Demand":1,"DemandMax":null,"Value":29274},{"Length":109,"Height":268,"Demand":1,"DemandMax":null,"Value":29212},{"Length":144,"Height":202,"Demand":1,"DemandMax":null,"Value":29088},{"Length":105,"Height":277,"Demand":1,"DemandMax":null,"Value":29085},{"Length":262,"Height":111,"Demand":1,"DemandMax":null,"Value":29082},{"Length":108,"Height":269,"Demand":1,"DemandMax":null,"Value":29052},{"Length":218,"Height":133,"Demand":1,"DemandMax":null,"Value":28994},{"Length":239,"Height":121,"Demand":1,"DemandMax":null,"Value":28919},{"Length":121,"Height":238,"Demand":1,"DemandMax":null,"Value":28798},{"Length":230,"Height":125,"Demand":1,"DemandMax":null,"Value":28750},{"Length":168,"Height":171,"Demand":1,"DemandMax":null,"Value":28728},{"Length":276,"Height":104,"Demand":1,"DemandMax":null,"Value":28704},{"Length":175,"Height":164,"Demand":1,"DemandMax":null,"Value":28700},{"Length":163,"Height":176,"Demand":1,"DemandMax":null,"Value":28688},{"Length":149,"Height":192,"Demand":1,"DemandMax":null,"Value":28608},{"Length":133,"Height":215,"Demand":1,"DemandMax":null,"Value":28595},{"Length":188,"Height":152,"Demand":1,"DemandMax":null,"Value":28576},{"Length":157,"Height":182,"Demand":1,"DemandMax":null,"Value":28574},{"Length":109,"Height":262,"Demand":1,"DemandMax":null,"Value":28558},{"Length":108,"Height":264,"Demand":1,"DemandMax":null,"Value":28512},{"Length":176,"Height":162,"Demand":1,"DemandMax":null,"Value":28512},{"Length":137,"Height":208,"Demand":1,"DemandMax":null,"Value":28496},{"Length":276,"Height":103,"Demand":1,"DemandMax":null,"Value":28428},{"Length":130,"Height":218,"Demand":1,"DemandMax":null,"Value":28340},{"Length":119,"Height":238,"Demand":1,"DemandMax":null,"Value":28322},{"Length":107,"Height":264,"Demand":1,"DemandMax":null,"Value":28248},{"Length":165,"Height":171,"Demand":1,"DemandMax":null,"Value":28215},{"Length":122,"Height":231,"Demand":1,"DemandMax":null,"Value":28182},{"Length":161,"Height":175,"Demand":1,"DemandMax":null,"Value":28175},{"Length":102,"Height":276,"Demand":1,"DemandMax":null,"Value":28152},{"Length":184,"Height":153,"Demand":1,"DemandMax":null,"Value":28152},{"Length":249,"Height":113,"Demand":1,"DemandMax":null,"Value":28137},{"Length":113,"Height":248,"Demand":1,"DemandMax":null,"Value":28024},{"Length":153,"Height":182,"Demand":1,"DemandMax":null,"Value":27846},{"Length":262,"Height":106,"Demand":1,"DemandMax":null,"Value":27772},{"Length":108,"Height":257,"Demand":1,"DemandMax":null,"Value":27756},{"Length":110,"Height":252,"Demand":1,"DemandMax":null,"Value":27720},{"Length":133,"Height":208,"Demand":1,"DemandMax":null,"Value":27664},{"Length":170,"Height":162,"Demand":1,"DemandMax":null,"Value":27540},{"Length":123,"Height":223,"Demand":1,"DemandMax":null,"Value":27429},{"Length":232,"Height":118,"Demand":1,"DemandMax":null,"Value":27376},{"Length":191,"Height":143,"Demand":1,"DemandMax":null,"Value":27313},{"Length":150,"Height":182,"Demand":1,"DemandMax":null,"Value":27300},{"Length":273,"Height":100,"Demand":1,"DemandMax":null,"Value":27300},{"Length":156,"Height":175,"Demand":1,"DemandMax":null,"Value":27300},{"Length":202,"Height":135,"Demand":1,"DemandMax":null,"Value":27270},{"Length":233,"Height":117,"Demand":1,"DemandMax":null,"Value":27261},{"Length":154,"Height":177,"Demand":1,"DemandMax":null,"Value":27258},{"Length":170,"Height":160,"Demand":1,"DemandMax":null,"Value":27200},{"Length":100,"Height":272,"Demand":1,"DemandMax":null,"Value":27200},{"Length":143,"Height":190,"Demand":1,"DemandMax":null,"Value":27170},{"Length":201,"Height":135,"Demand":1,"DemandMax":null,"Value":27135},{"Length":217,"Height":124,"Demand":1,"DemandMax":null,"Value":26908},{"Length":131,"Height":205,"Demand":1,"DemandMax":null,"Value":26855},{"Length":156,"Height":172,"Demand":1,"DemandMax":null,"Value":26832},{"Length":225,"Height":119,"Demand":1,"DemandMax":null,"Value":26775},{"Length":226,"Height":118,"Demand":1,"DemandMax":null,"Value":26668},{"Length":175,"Height":152,"Demand":1,"DemandMax":null,"Value":26600},{"Length":225,"Height":118,"Demand":1,"DemandMax":null,"Value":26550},{"Length":237,"Height":112,"Demand":1,"DemandMax":null,"Value":26544},{"Length":104,"Height":255,"Demand":1,"DemandMax":null,"Value":26520},{"Length":202,"Height":131,"Demand":1,"DemandMax":null,"Value":26462},{"Length":218,"Height":121,"Demand":1,"DemandMax":null,"Value":26378},{"Length":154,"Height":171,"Demand":1,"DemandMax":null,"Value":26334},{"Length":168,"Height":156,"Demand":1,"DemandMax":null,"Value":26208},{"Length":148,"Height":176,"Demand":1,"DemandMax":null,"Value":26048},{"Length":228,"Height":114,"Demand":1,"DemandMax":null,"Value":25992},{"Length":119,"Height":218,"Demand":1,"DemandMax":null,"Value":25942},{"Length":196,"Height":132,"Demand":1,"DemandMax":null,"Value":25872},{"Length":215,"Height":120,"Demand":1,"DemandMax":null,"Value":25800},{"Length":222,"Height":116,"Demand":1,"DemandMax":null,"Value":25752},{"Length":157,"Height":164,"Demand":1,"DemandMax":null,"Value":25748},{"Length":242,"Height":106,"Demand":1,"DemandMax":null,"Value":25652},{"Length":116,"Height":221,"Demand":1,"DemandMax":null,"Value":25636},{"Length":172,"Height":149,"Demand":1,"DemandMax":null,"Value":25628},{"Length":197,"Height":130,"Demand":1,"DemandMax":null,"Value":25610},{"Length":158,"Height":162,"Demand":1,"DemandMax":null,"Value":25596},{"Length":246,"Height":104,"Demand":1,"DemandMax":null,"Value":25584},{"Length":154,"Height":166,"Demand":1,"DemandMax":null,"Value":25564},{"Length":211,"Height":121,"Demand":1,"DemandMax":null,"Value":25531},{"Length":128,"Height":199,"Demand":1,"DemandMax":null,"Value":25472},{"Length":160,"Height":159,"Demand":1,"DemandMax":null,"Value":25440},{"Length":227,"Height":112,"Demand":1,"DemandMax":null,"Value":25424},{"Length":166,"Height":153,"Demand":1,"DemandMax":null,"Value":25398},{"Length":233,"Height":109,"Demand":1,"DemandMax":null,"Value":25397},{"Length":138,"Height":184,"Demand":1,"DemandMax":null,"Value":25392},{"Length":237,"Height":107,"Demand":1,"DemandMax":null,"Value":25359},{"Length":101,"Height":251,"Demand":1,"DemandMax":null,"Value":25351},{"Length":211,"Height":120,"Demand":1,"DemandMax":null,"Value":25320},{"Length":248,"Height":102,"Demand":1,"DemandMax":null,"Value":25296},{"Length":108,"Height":234,"Demand":1,"DemandMax":null,"Value":25272},{"Length":179,"Height":141,"Demand":1,"DemandMax":null,"Value":25239},{"Length":238,"Height":106,"Demand":1,"DemandMax":null,"Value":25228},{"Length":102,"Height":247,"Demand":1,"DemandMax":null,"Value":25194},{"Length":189,"Height":133,"Demand":1,"DemandMax":null,"Value":25137},{"Length":206,"Height":122,"Demand":1,"DemandMax":null,"Value":25132},{"Length":134,"Height":187,"Demand":1,"DemandMax":null,"Value":25058},{"Length":142,"Height":176,"Demand":1,"DemandMax":null,"Value":24992},{"Length":154,"Height":162,"Demand":1,"DemandMax":null,"Value":24948},{"Length":182,"Height":137,"Demand":1,"DemandMax":null,"Value":24934},{"Length":179,"Height":139,"Demand":1,"DemandMax":null,"Value":24881},{"Length":161,"Height":154,"Demand":1,"DemandMax":null,"Value":24794},{"Length":113,"Height":219,"Demand":1,"DemandMax":null,"Value":24747},{"Length":115,"Height":215,"Demand":1,"DemandMax":null,"Value":24725},{"Length":206,"Height":120,"Demand":1,"DemandMax":null,"Value":24720},{"Length":142,"Height":174,"Demand":1,"DemandMax":null,"Value":24708},{"Length":133,"Height":185,"Demand":1,"DemandMax":null,"Value":24605},{"Length":119,"Height":206,"Demand":1,"DemandMax":null,"Value":24514},{"Length":129,"Height":190,"Demand":1,"DemandMax":null,"Value":24510},{"Length":214,"Height":114,"Demand":1,"DemandMax":null,"Value":24396},{"Length":132,"Height":184,"Demand":1,"DemandMax":null,"Value":24288},{"Length":148,"Height":164,"Demand":1,"DemandMax":null,"Value":24272},{"Length":120,"Height":202,"Demand":1,"DemandMax":null,"Value":24240},{"Length":156,"Height":155,"Demand":1,"DemandMax":null,"Value":24180},{"Length":142,"Height":170,"Demand":1,"DemandMax":null,"Value":24140},{"Length":148,"Height":163,"Demand":1,"DemandMax":null,"Value":24124},{"Length":140,"Height":172,"Demand":1,"DemandMax":null,"Value":24080},{"Length":124,"Height":194,"Demand":1,"DemandMax":null,"Value":24056},{"Length":149,"Height":161,"Demand":1,"DemandMax":null,"Value":23989},{"Length":146,"Height":164,"Demand":1,"DemandMax":null,"Value":23944},{"Length":154,"Height":155,"Demand":1,"DemandMax":null,"Value":23870},{"Length":102,"Height":233,"Demand":1,"DemandMax":null,"Value":23766},{"Length":218,"Height":109,"Demand":1,"DemandMax":null,"Value":23762},{"Length":216,"Height":110,"Demand":1,"DemandMax":null,"Value":23760},{"Length":190,"Height":125,"Demand":1,"DemandMax":null,"Value":23750},{"Length":134,"Height":177,"Demand":1,"DemandMax":null,"Value":23718},{"Length":116,"Height":204,"Demand":1,"DemandMax":null,"Value":23664},{"Length":145,"Height":163,"Demand":1,"DemandMax":null,"Value":23635},{"Length":179,"Height":132,"Demand":1,"DemandMax":null,"Value":23628},{"Length":164,"Height":144,"Demand":1,"DemandMax":null,"Value":23616},{"Length":166,"Height":142,"Demand":1,"DemandMax":null,"Value":23572},{"Length":198,"Height":119,"Demand":1,"DemandMax":null,"Value":23562},{"Length":206,"Height":114,"Demand":1,"DemandMax":null,"Value":23484},{"Length":116,"Height":202,"Demand":1,"DemandMax":null,"Value":23432},{"Length":155,"Height":151,"Demand":1,"DemandMax":null,"Value":23405},{"Length":180,"Height":130,"Demand":1,"DemandMax":null,"Value":23400},{"Length":117,"Height":200,"Demand":1,"DemandMax":null,"Value":23400},{"Length":158,"Height":148,"Demand":1,"DemandMax":null,"Value":23384},{"Length":129,"Height":181,"Demand":1,"DemandMax":null,"Value":23349},{"Length":214,"Height":109,"Demand":1,"DemandMax":null,"Value":23326},{"Length":128,"Height":182,"Demand":1,"DemandMax":null,"Value":23296},{"Length":195,"Height":119,"Demand":1,"DemandMax":null,"Value":23205},{"Length":100,"Height":232,"Demand":1,"DemandMax":null,"Value":23200},{"Length":141,"Height":164,"Demand":1,"DemandMax":null,"Value":23124},{"Length":155,"Height":149,"Demand":1,"DemandMax":null,"Value":23095},{"Length":228,"Height":101,"Demand":1,"DemandMax":null,"Value":23028},{"Length":211,"Height":109,"Demand":1,"DemandMax":null,"Value":22999},{"Length":136,"Height":169,"Demand":1,"DemandMax":null,"Value":22984},{"Length":217,"Height":105,"Demand":1,"DemandMax":null,"Value":22785},{"Length":115,"Height":198,"Demand":1,"DemandMax":null,"Value":22770},{"Length":124,"Height":183,"Demand":1,"DemandMax":null,"Value":22692},{"Length":108,"Height":210,"Demand":1,"DemandMax":null,"Value":22680},{"Length":134,"Height":169,"Demand":1,"DemandMax":null,"Value":22646},{"Length":202,"Height":112,"Demand":1,"DemandMax":null,"Value":22624},{"Length":198,"Height":114,"Demand":1,"DemandMax":null,"Value":22572},{"Length":124,"Height":182,"Demand":1,"DemandMax":null,"Value":22568},{"Length":137,"Height":164,"Demand":1,"DemandMax":null,"Value":22468},{"Length":120,"Height":187,"Demand":1,"DemandMax":null,"Value":22440},{"Length":201,"Height":111,"Demand":1,"DemandMax":null,"Value":22311},{"Length":119,"Height":187,"Demand":1,"DemandMax":null,"Value":22253},{"Length":185,"Height":120,"Demand":1,"DemandMax":null,"Value":22200},{"Length":151,"Height":147,"Demand":1,"DemandMax":null,"Value":22197},{"Length":124,"Height":178,"Demand":1,"DemandMax":null,"Value":22072},{"Length":150,"Height":147,"Demand":1,"DemandMax":null,"Value":22050},{"Length":158,"Height":139,"Demand":1,"DemandMax":null,"Value":21962},{"Length":183,"Height":120,"Demand":1,"DemandMax":null,"Value":21960},{"Length":141,"Height":155,"Demand":1,"DemandMax":null,"Value":21855},{"Length":127,"Height":172,"Demand":1,"DemandMax":null,"Value":21844},{"Length":128,"Height":169,"Demand":1,"DemandMax":null,"Value":21632},{"Length":189,"Height":114,"Demand":1,"DemandMax":null,"Value":21546},{"Length":119,"Height":181,"Demand":1,"DemandMax":null,"Value":21539},{"Length":203,"Height":106,"Demand":1,"DemandMax":null,"Value":21518},{"Length":132,"Height":163,"Demand":1,"DemandMax":null,"Value":21516},{"Length":108,"Height":199,"Demand":1,"DemandMax":null,"Value":21492},{"Length":119,"Height":180,"Demand":1,"DemandMax":null,"Value":21420},{"Length":118,"Height":181,"Demand":1,"DemandMax":null,"Value":21358},{"Length":113,"Height":189,"Demand":1,"DemandMax":null,"Value":21357},{"Length":157,"Height":136,"Demand":1,"DemandMax":null,"Value":21352},{"Length":128,"Height":166,"Demand":1,"DemandMax":null,"Value":21248},{"Length":173,"Height":122,"Demand":1,"DemandMax":null,"Value":21106},{"Length":117,"Height":180,"Demand":1,"DemandMax":null,"Value":21060},{"Length":115,"Height":183,"Demand":1,"DemandMax":null,"Value":21045},{"Length":163,"Height":129,"Demand":1,"DemandMax":null,"Value":21027},{"Length":144,"Height":146,"Demand":1,"DemandMax":null,"Value":21024},{"Length":120,"Height":175,"Demand":1,"DemandMax":null,"Value":21000},{"Length":198,"Height":106,"Demand":1,"DemandMax":null,"Value":20988},{"Length":128,"Height":163,"Demand":1,"DemandMax":null,"Value":20864},{"Length":172,"Height":121,"Demand":1,"DemandMax":null,"Value":20812},{"Length":102,"Height":203,"Demand":1,"DemandMax":null,"Value":20706},{"Length":118,"Height":175,"Demand":1,"DemandMax":null,"Value":20650},{"Length":133,"Height":155,"Demand":1,"DemandMax":null,"Value":20615},{"Length":148,"Height":139,"Demand":1,"DemandMax":null,"Value":20572},{"Length":151,"Height":136,"Demand":1,"DemandMax":null,"Value":20536},{"Length":175,"Height":117,"Demand":1,"DemandMax":null,"Value":20475},{"Length":137,"Height":149,"Demand":1,"DemandMax":null,"Value":20413},{"Length":182,"Height":112,"Demand":1,"DemandMax":null,"Value":20384},{"Length":199,"Height":102,"Demand":1,"DemandMax":null,"Value":20298},{"Length":172,"Height":118,"Demand":1,"DemandMax":null,"Value":20296},{"Length":169,"Height":120,"Demand":1,"DemandMax":null,"Value":20280},{"Length":126,"Height":159,"Demand":1,"DemandMax":null,"Value":20034},{"Length":187,"Height":107,"Demand":1,"DemandMax":null,"Value":20009},{"Length":173,"Height":115,"Demand":1,"DemandMax":null,"Value":19895},{"Length":176,"Height":113,"Demand":1,"DemandMax":null,"Value":19888},{"Length":110,"Height":180,"Demand":1,"DemandMax":null,"Value":19800},{"Length":153,"Height":129,"Demand":1,"DemandMax":null,"Value":19737},{"Length":137,"Height":144,"Demand":1,"DemandMax":null,"Value":19728},{"Length":102,"Height":193,"Demand":1,"DemandMax":null,"Value":19686},{"Length":159,"Height":123,"Demand":1,"DemandMax":null,"Value":19557},{"Length":113,"Height":173,"Demand":1,"DemandMax":null,"Value":19549},{"Length":191,"Height":102,"Demand":1,"DemandMax":null,"Value":19482},{"Length":118,"Height":165,"Demand":1,"DemandMax":null,"Value":19470},{"Length":133,"Height":145,"Demand":1,"DemandMax":null,"Value":19285},{"Length":122,"Height":157,"Demand":1,"DemandMax":null,"Value":19154},{"Length":109,"Height":175,"Demand":1,"DemandMax":null,"Value":19075},{"Length":170,"Height":112,"Demand":1,"DemandMax":null,"Value":19040},{"Length":179,"Height":106,"Demand":1,"DemandMax":null,"Value":18974},{"Length":112,"Height":169,"Demand":1,"DemandMax":null,"Value":18928},{"Length":137,"Height":138,"Demand":1,"DemandMax":null,"Value":18906},{"Length":117,"Height":160,"Demand":1,"DemandMax":null,"Value":18720},{"Length":164,"Height":114,"Demand":1,"DemandMax":null,"Value":18696},{"Length":178,"Height":105,"Demand":1,"DemandMax":null,"Value":18690},{"Length":119,"Height":157,"Demand":1,"DemandMax":null,"Value":18683},{"Length":147,"Height":127,"Demand":1,"DemandMax":null,"Value":18669},{"Length":158,"Height":118,"Demand":1,"DemandMax":null,"Value":18644},{"Length":103,"Height":181,"Demand":1,"DemandMax":null,"Value":18643},{"Length":142,"Height":131,"Demand":1,"DemandMax":null,"Value":18602},{"Length":186,"Height":100,"Demand":1,"DemandMax":null,"Value":18600},{"Length":178,"Height":104,"Demand":1,"DemandMax":null,"Value":18512},{"Length":107,"Height":173,"Demand":1,"DemandMax":null,"Value":18511},{"Length":139,"Height":132,"Demand":1,"DemandMax":null,"Value":18348},{"Length":106,"Height":173,"Demand":1,"DemandMax":null,"Value":18338},{"Length":134,"Height":136,"Demand":1,"DemandMax":null,"Value":18224},{"Length":133,"Height":136,"Demand":1,"DemandMax":null,"Value":18088},{"Length":130,"Height":139,"Demand":1,"DemandMax":null,"Value":18070},{"Length":118,"Height":153,"Demand":1,"DemandMax":null,"Value":18054},{"Length":144,"Height":125,"Demand":1,"DemandMax":null,"Value":18000},{"Length":111,"Height":162,"Demand":1,"DemandMax":null,"Value":17982},{"Length":107,"Height":168,"Demand":1,"DemandMax":null,"Value":17976},{"Length":139,"Height":129,"Demand":1,"DemandMax":null,"Value":17931},{"Length":132,"Height":135,"Demand":1,"DemandMax":null,"Value":17820},{"Length":104,"Height":171,"Demand":1,"DemandMax":null,"Value":17784},{"Length":144,"Height":123,"Demand":1,"DemandMax":null,"Value":17712},{"Length":170,"Height":104,"Demand":1,"DemandMax":null,"Value":17680},{"Length":145,"Height":121,"Demand":1,"DemandMax":null,"Value":17545},{"Length":116,"Height":151,"Demand":1,"DemandMax":null,"Value":17516},{"Length":108,"Height":161,"Demand":1,"DemandMax":null,"Value":17388},{"Length":102,"Height":170,"Demand":1,"DemandMax":null,"Value":17340},{"Length":135,"Height":128,"Demand":1,"DemandMax":null,"Value":17280},{"Length":122,"Height":141,"Demand":1,"DemandMax":null,"Value":17202},{"Length":145,"Height":118,"Demand":1,"DemandMax":null,"Value":17110},{"Length":123,"Height":139,"Demand":1,"DemandMax":null,"Value":17097},{"Length":169,"Height":101,"Demand":1,"DemandMax":null,"Value":17069},{"Length":167,"Height":102,"Demand":1,"DemandMax":null,"Value":17034},{"Length":131,"Height":130,"Demand":1,"DemandMax":null,"Value":17030},{"Length":122,"Height":139,"Demand":1,"DemandMax":null,"Value":16958},{"Length":142,"Height":119,"Demand":1,"DemandMax":null,"Value":16898},{"Length":102,"Height":165,"Demand":1,"DemandMax":null,"Value":16830},{"Length":161,"Height":104,"Demand":1,"DemandMax":null,"Value":16744},{"Length":156,"Height":107,"Demand":1,"DemandMax":null,"Value":16692},{"Length":103,"Height":162,"Demand":1,"DemandMax":null,"Value":16686},{"Length":131,"Height":126,"Demand":1,"DemandMax":null,"Value":16506},{"Length":122,"Height":135,"Demand":1,"DemandMax":null,"Value":16470},{"Length":143,"Height":115,"Demand":1,"DemandMax":null,"Value":16445},{"Length":156,"Height":105,"Demand":1,"DemandMax":null,"Value":16380},{"Length":138,"Height":118,"Demand":1,"DemandMax":null,"Value":16284},{"Length":127,"Height":128,"Demand":1,"DemandMax":null,"Value":16256},{"Length":150,"Height":108,"Demand":1,"DemandMax":null,"Value":16200},{"Length":140,"Height":114,"Demand":1,"DemandMax":null,"Value":15960},{"Length":119,"Height":134,"Demand":1,"DemandMax":null,"Value":15946},{"Length":104,"Height":153,"Demand":1,"DemandMax":null,"Value":15912},{"Length":130,"Height":121,"Demand":1,"DemandMax":null,"Value":15730},{"Length":140,"Height":112,"Demand":1,"DemandMax":null,"Value":15680},{"Length":152,"Height":103,"Demand":1,"DemandMax":null,"Value":15656},{"Length":143,"Height":109,"Demand":1,"DemandMax":null,"Value":15587},{"Length":130,"Height":119,"Demand":1,"DemandMax":null,"Value":15470},{"Length":140,"Height":109,"Demand":1,"DemandMax":null,"Value":15260},{"Length":122,"Height":125,"Demand":1,"DemandMax":null,"Value":15250},{"Length":107,"Height":142,"Demand":1,"DemandMax":null,"Value":15194},{"Length":130,"Height":116,"Demand":1,"DemandMax":null,"Value":15080},{"Length":110,"Height":137,"Demand":1,"DemandMax":null,"Value":15070},{"Length":106,"Height":142,"Demand":1,"DemandMax":null,"Value":15052},{"Length":114,"Height":132,"Demand":1,"DemandMax":null,"Value":15048},{"Length":112,"Height":134,"Demand":1,"DemandMax":null,"Value":15008},{"Length":122,"Height":123,"Demand":1,"DemandMax":null,"Value":15006},{"Length":103,"Height":145,"Demand":1,"DemandMax":null,"Value":14935},{"Length":102,"Height":146,"Demand":1,"DemandMax":null,"Value":14892},{"Length":123,"Height":121,"Demand":1,"DemandMax":null,"Value":14883},{"Length":118,"Height":125,"Demand":1,"DemandMax":null,"Value":14750},{"Length":124,"Height":118,"Demand":1,"DemandMax":null,"Value":14632},{"Length":100,"Height":146,"Demand":1,"DemandMax":null,"Value":14600},{"Length":134,"Height":108,"Demand":1,"DemandMax":null,"Value":14472},{"Length":121,"Height":119,"Demand":1,"DemandMax":null,"Value":14399},{"Length":122,"Height":118,"Demand":1,"DemandMax":null,"Value":14396},{"Length":109,"Height":130,"Demand":1,"DemandMax":null,"Value":14170},{"Length":137,"Height":102,"Demand":1,"DemandMax":null,"Value":13974},{"Length":105,"Height":133,"Demand":1,"DemandMax":null,"Value":13965},{"Length":104,"Height":134,"Demand":1,"DemandMax":null,"Value":13936},{"Length":118,"Height":118,"Demand":1,"DemandMax":null,"Value":13924},{"Length":110,"Height":125,"Demand":1,"DemandMax":null,"Value":13750},{"Length":122,"Height":112,"Demand":1,"DemandMax":null,"Value":13664},{"Length":118,"Height":113,"Demand":1,"DemandMax":null,"Value":13334},{"Length":119,"Height":112,"Demand":1,"DemandMax":null,"Value":13328},{"Length":110,"Height":121,"Demand":1,"DemandMax":null,"Value":13310},{"Length":128,"Height":103,"Demand":1,"DemandMax":null,"Value":13184},{"Length":124,"Height":105,"Demand":1,"DemandMax":null,"Value":13020},{"Length":116,"Height":111,"Demand":1,"DemandMax":null,"Value":12876},{"Length":125,"Height":102,"Demand":1,"DemandMax":null,"Value":12750},{"Length":108,"Height":118,"Demand":1,"DemandMax":null,"Value":12744},{"Length":122,"Height":104,"Demand":1,"DemandMax":null,"Value":12688},{"Length":115,"Height":110,"Demand":1,"DemandMax":null,"Value":12650},{"Length":114,"Height":110,"Demand":1,"DemandMax":null,"Value":12540},{"Length":114,"Height":108,"Demand":1,"DemandMax":null,"Value":12312},{"Length":123,"Height":100,"Demand":1,"DemandMax":null,"Value":12300},{"Length":113,"Height":105,"Demand":1,"DemandMax":null,"Value":11865},{"Length":102,"Height":116,"Demand":1,"DemandMax":null,"Value":11832},{"Length":107,"Height":107,"Demand":1,"DemandMax":null,"Value":11449},{"Length":100,"Height":111,"Demand":1,"DemandMax":null,"Value":11100},{"Length":110,"Height":100,"Demand":1,"DemandMax":null,"Value":11000}]}