{"Name":"AH74","Objects":[{"Length":1000,"Height":2459,"Stock":null,"Cost":2459000}],"Items":[{"Length":59,"Height":71,"Demand":100,"DemandMax":null,"Value":4189},{"Length":68,"Height":50,"Demand":100,"DemandMax":null,"Value":3400},{"Length":58,"Height":56,"Demand":100,"DemandMax":null,"Value":3248},{"Length":53,"Height":60,"Demand":100,"DemandMax":null,"Value":3180},{"Length":55,"Height":51,"Demand":100,"DemandMax":null,"Value":2805},{"Length":75,"Height":27,"Demand":100,"DemandMax":null,"Value":2025},{"Length":34,"Height":56,"Demand":100,"DemandMax":null,"Value":1904},{"Length":58,"Height":28,"Demand":100,"DemandMax":null,"Value":1624},{"Length":32,"Height":42,"Demand":100,"DemandMax":null,"Value":1344},{"Length":32,"Height":27,"Demand":100,"DemandMax":null,"Value":864}]}