{"Name":"AH10","Objects":[{"Length":1000,"Height":37976,"Stock":null,"Cost":37976000}],"Items":[{"Length":300,"Height":253,"Demand":100,"DemandMax":null,"Value":75900},{"Length":295,"Height":195,"Demand":100,"DemandMax":null,"Value":57525},{"Length":189,"Height":298,"Demand":100,"DemandMax":null,"Value":56322},{"Length":148,"Height":299,"Demand":100,"DemandMax":null,"Value":44252},{"Length":207,"Height":160,"Demand":100,"DemandMax":null,"Value":33120},{"Length":168,"Height":190,"Demand":100,"DemandMax":null,"Value":31920},{"Length":118,"Height":236,"Demand":100,"DemandMax":null,"Value":27848},{"Length":115,"Height":171,"Demand":100,"DemandMax":null,"Value":19665},{"Length":126,"Height":156,"Demand":100,"DemandMax":null,"Value":19656},{"Length":129,"Height":105,"Demand":100,"DemandMax":null,"Value":13545}]}