{"Name":"AH8","Objects":[{"Length":1000,"Height":41165,"Stock":null,"Cost":41165000}],"Items":[{"Length":248,"Height":299,"Demand":100,"DemandMax":null,"Value":74152},{"Length":242,"Height":272,"Demand":100,"DemandMax":null,"Value":65824},{"Length":292,"Height":207,"Demand":100,"DemandMax":null,"Value":60444},{"Length":249,"Height":210,"Demand":100,"DemandMax":null,"Value":52290},{"Length":255,"Height":138,"Demand":100,"DemandMax":null,"Value":35190},{"Length":212,"Height":147,"Demand":100,"DemandMax":null,"Value":31164},{"Length":225,"Height":114,"Demand":100,"DemandMax":null,"Value":25650},{"Length":195,"Height":123,"Demand":100,"DemandMax":null,"Value":23985},{"Length":159,"Height":136,"Demand":100,"DemandMax":null,"Value":21624},{"Length":164,"Height":130,"Demand":100,"DemandMax":null,"Value":21320}]}