{"Name":"AH133","Objects":[{"Length":1000,"Height":39298,"Stock":null,"Cost":39298000}],"Items":[{"Length":282,"Height":293,"Demand":10,"DemandMax":null,"Value":82626},{"Length":293,"Height":271,"Demand":10,"DemandMax":null,"Value":79403},{"Length":290,"Height":261,"Demand":10,"DemandMax":null,"Value":75690},{"Length":282,"Height":260,"Demand":10,"DemandMax":null,"Value":73320},{"Length":265,"Height":263,"Demand":10,"DemandMax":null,"Value":69695},{"Length":238,"Height":292,"Demand":10,"DemandMax":null,"Value":69496},{"Length":265,"Height":260,"Demand":10,"DemandMax":null,"Value":68900},{"Length":252,"Height":273,"Demand":10,"DemandMax":null,"Value":68796},{"Length":242,"Height":279,"Demand":10,"DemandMax":null,"Value":67518},{"Length":290,"Height":229,"Demand":10,"DemandMax":null,"Value":66410},{"Length":227,"Height":274,"Demand":10,"DemandMax":null,"Value":62198},{"Length":260,"Height":239,"Demand":10,"DemandMax":null,"Value":62140},{"Length":252,"Height":241,"Demand":10,"DemandMax":null,"Value":60732},{"Length":205,"Height":288,"Demand":10,"DemandMax":null,"Value":59040},{"Length":283,"Height":208,"Demand":10,"DemandMax":null,"Value":58864},{"Length":261,"Height":220,"Demand":10,"DemandMax":null,"Value":57420},{"Length":215,"Height":266,"Demand":10,"DemandMax":null,"Value":57190},{"Length":195,"Height":289,"Demand":10,"DemandMax":null,"Value":56355},{"Length":197,"Height":286,"Demand":10,"DemandMax":null,"Value":56342},{"Length":244,"Height":228,"Demand":10,"DemandMax":null,"Value":55632},{"Length":227,"Height":240,"Demand":10,"DemandMax":null,"Value":54480},{"Length":188,"Height":281,"Demand":10,"DemandMax":null,"Value":52828},{"Length":267,"Height":197,"Demand":10,"DemandMax":null,"Value":52599},{"Length":182,"Height":288,"Demand":10,"DemandMax":null,"Value":52416},{"Length":252,"Height":206,"Demand":10,"DemandMax":null,"Value":51912},{"Length":275,"Height":187,"Demand":10,"DemandMax":null,"Value":51425},{"Length":210,"Height":240,"Demand":10,"DemandMax":null,"Value":50400},{"Length":200,"Height":251,"Demand":10,"DemandMax":null,"Value":50200},{"Length":234,"Height":211,"Demand":10,"DemandMax":null,"Value":49374},{"Length":208,"Height":237,"Demand":10,"DemandMax":null,"Value":49296},{"Length":188,"Height":257,"Demand":10,"DemandMax":null,"Value":48316},{"Length":279,"Height":173,"Demand":10,"DemandMax":null,"Value":48267},{"Length":161,"Height":288,"Demand":10,"DemandMax":null,"Value":46368},{"Length":206,"Height":225,"Demand":10,"DemandMax":null,"Value":46350},{"Length":278,"Height":164,"Demand":10,"DemandMax":null,"Value":45592},{"Length":155,"Height":294,"Demand":10,"DemandMax":null,"Value":45570},{"Length":163,"Height":278,"Demand":10,"DemandMax":null,"Value":45314},{"Length":156,"Height":286,"Demand":10,"DemandMax":null,"Value":44616},{"Length":234,"Height":181,"Demand":10,"DemandMax":null,"Value":42354},{"Length":151,"Height":278,"Demand":10,"DemandMax":null,"Value":41978},{"Length":179,"Height":220,"Demand":10,"DemandMax":null,"Value":39380},{"Length":184,"Height":206,"Demand":10,"DemandMax":null,"Value":37904},{"Length":149,"Height":250,"Demand":10,"DemandMax":null,"Value":37250},{"Length":167,"Height":221,"Demand":10,"DemandMax":null,"Value":36907},{"Length":228,"Height":158,"Demand":10,"DemandMax":null,"Value":36024},{"Length":125,"Height":286,"Demand":10,"DemandMax":null,"Value":35750},{"Length":252,"Height":138,"Demand":10,"DemandMax":null,"Value":34776},{"Length":130,"Height":267,"Demand":10,"DemandMax":null,"Value":34710},{"Length":142,"Height":244,"Demand":10,"DemandMax":null,"Value":34648},{"Length":159,"Height":216,"Demand":10,"DemandMax":null,"Value":34344},{"Length":214,"Height":159,"Demand":10,"DemandMax":null,"Value":34026},{"Length":116,"Height":291,"Demand":10,"DemandMax":null,"Value":33756},{"Length":112,"Height":296,"Demand":10,"DemandMax":null,"Value":33152},{"Length":170,"Height":195,"Demand":10,"DemandMax":null,"Value":33150},{"Length":162,"Height":204,"Demand":10,"DemandMax":null,"Value":33048},{"Length":193,"Height":170,"Demand":10,"DemandMax":null,"Value":32810},{"Length":294,"Height":109,"Demand":10,"DemandMax":null,"Value":32046},{"Length":278,"Height":113,"Demand":10,"DemandMax":null,"Value":31414},{"Length":299,"Height":105,"Demand":10,"DemandMax":null,"Value":31395},{"Length":181,"Height":173,"Demand":10,"DemandMax":null,"Value":31313},{"Length":265,"Height":115,"Demand":10,"DemandMax":null,"Value":30475},{"Length":223,"Height":136,"Demand":10,"DemandMax":null,"Value":30328},{"Length":250,"Height":121,"Demand":10,"DemandMax":null,"Value":30250},{"Length":236,"Height":128,"Demand":10,"DemandMax":null,"Value":30208},{"Length":159,"Height":189,"Demand":10,"DemandMax":null,"Value":30051},{"Length":130,"Height":230,"Demand":10,"DemandMax":null,"Value":29900},{"Length":156,"Height":189,"Demand":10,"DemandMax":null,"Value":29484},{"Length":286,"Height":101,"Demand":10,"DemandMax":null,"Value":28886},{"Length":170,"Height":167,"Demand":10,"DemandMax":null,"Value":28390},{"Length":268,"Height":100,"Demand":10,"DemandMax":null,"Value":26800},{"Length":105,"Height":255,"Demand":10,"DemandMax":null,"Value":26775},{"Length":204,"Height":129,"Demand":10,"DemandMax":null,"Value":26316},{"Length":121,"Height":217,"Demand":10,"DemandMax":null,"Value":26257},{"Length":153,"Height":171,"Demand":10,"DemandMax":null,"Value":26163},{"Length":106,"Height":245,"Demand":10,"DemandMax":null,"Value":25970},{"Length":140,"Height":184,"Demand":10,"DemandMax":null,"Value":25760},{"Length":173,"Height":148,"Demand":10,"DemandMax":null,"Value":25604},{"Length":157,"Height":160,"Demand":10,"DemandMax":null,"Value":25120},{"Length":230,"Height":109,"Demand":10,"DemandMax":null,"Value":25070},{"Length":115,"Height":218,"Demand":10,"DemandMax":null,"Value":25070},{"Length":237,"Height":105,"Demand":10,"DemandMax":null,"Value":24885},{"Length":216,"Height":115,"Demand":10,"DemandMax":null,"Value":24840},{"Length":186,"Height":133,"Demand":10,"DemandMax":null,"Value":24738},{"Length":191,"Height":127,"Demand":10,"DemandMax":null,"Value":24257},{"Length":107,"Height":221,"Demand":10,"DemandMax":null,"Value":23647},{"Length":104,"Height":226,"Demand":10,"DemandMax":null,"Value":23504},{"Length":165,"Height":142,"Demand":10,"DemandMax":null,"Value":23430},{"Length":105,"Height":221,"Demand":10,"DemandMax":null,"Value":23205},{"Length":117,"Height":198,"Demand":10,"DemandMax":null,"Value":23166},{"Length":107,"Height":209,"Demand":10,"DemandMax":null,"Value":22363},{"Length":131,"Height":165,"Demand":10,"DemandMax":null,"Value":21615},{"Length":126,"Height":161,"Demand":10,"DemandMax":null,"Value":20286},{"Length":132,"Height":151,"Demand":10,"DemandMax":null,"Value":19932},{"Length":116,"Height":158,"Demand":10,"DemandMax":null,"Value":18328},{"Length":143,"Height":123,"Demand":10,"DemandMax":null,"Value":17589},{"Length":146,"Height":119,"Demand":10,"DemandMax":null,"Value":17374},{"Length":112,"Height":138,"Demand":10,"DemandMax":null,"Value":15456},{"Length":148,"Height":103,"Demand":10,"DemandMax":null,"Value":15244},{"Length":120,"Height":126,"Demand":10,"DemandMax":null,"Value":15120},{"Length":117,"Height":108,"Demand":10,"DemandMax":null,"Value":12636}]}