{"Name":"AH324","Objects":[{"Length":1000,"Height":2470,"Stock":null,"Cost":2470000}],"Items":[{"Length":75,"Height":75,"Demand":1,"DemandMax":null,"Value":5625},{"Length":75,"Height":74,"Demand":1,"DemandMax":null,"Value":5550},{"Length":74,"Height":74,"Demand":1,"DemandMax":null,"Value":5476},{"Length":73,"Height":75,"Demand":1,"DemandMax":null,"Value":5475},{"Length":74,"Height":73,"Demand":1,"DemandMax":null,"Value":5402},{"Length":75,"Height":72,"Demand":1,"DemandMax":null,"Value":5400},{"Length":73,"Height":73,"Demand":1,"DemandMax":null,"Value":5329},{"Length":72,"Height":74,"Demand":1,"DemandMax":null,"Value":5328},{"Length":73,"Height":72,"Demand":1,"DemandMax":null,"Value":5256},{"Length":70,"Height":75,"Demand":1,"DemandMax":null,"Value":5250},{"Length":71,"Height":73,"Demand":1,"DemandMax":null,"Value":5183},{"Length":70,"Height":74,"Demand":1,"DemandMax":null,"Value":5180},{"Length":69,"Height":75,"Demand":1,"DemandMax":null,"Value":5175},{"Length":72,"Height":71,"Demand":1,"DemandMax":null,"Value":5112},{"Length":70,"Height":73,"Demand":1,"DemandMax":null,"Value":5110},{"Length":69,"Height":74,"Demand":1,"DemandMax":null,"Value":5106},{"Length":68,"Height":75,"Demand":1,"DemandMax":null,"Value":5100},{"Length":71,"Height":71,"Demand":1,"DemandMax":null,"Value":5041},{"Length":70,"Height":72,"Demand":1,"DemandMax":null,"Value":5040},{"Length":73,"Height":69,"Demand":1,"DemandMax":null,"Value":5037},{"Length":68,"Height":74,"Demand":1,"DemandMax":null,"Value":5032},{"Length":72,"Height":69,"Demand":1,"DemandMax":null,"Value":4968},{"Length":74,"Height":67,"Demand":1,"DemandMax":null,"Value":4958},{"Length":70,"Height":70,"Demand":1,"DemandMax":null,"Value":4900},{"Length":71,"Height":69,"Demand":1,"DemandMax":null,"Value":4899},{"Length":68,"Height":72,"Demand":1,"DemandMax":null,"Value":4896},{"Length":67,"Height":73,"Demand":1,"DemandMax":null,"Value":4891},{"Length":65,"Height":75,"Demand":1,"DemandMax":null,"Value":4875},{"Length":71,"Height":68,"Demand":1,"DemandMax":null,"Value":4828},{"Length":73,"Height":66,"Demand":1,"DemandMax":null,"Value":4818},{"Length":65,"Height":74,"Demand":1,"DemandMax":null,"Value":4810},{"Length":75,"Height":64,"Demand":1,"DemandMax":null,"Value":4800},{"Length":71,"Height":67,"Demand":1,"DemandMax":null,"Value":4757},{"Length":74,"Height":64,"Demand":1,"DemandMax":null,"Value":4736},{"Length":75,"Height":63,"Demand":1,"DemandMax":null,"Value":4725},{"Length":69,"Height":68,"Demand":1,"DemandMax":null,"Value":4692},{"Length":66,"Height":71,"Demand":1,"DemandMax":null,"Value":4686},{"Length":73,"Height":64,"Demand":1,"DemandMax":null,"Value":4672},{"Length":75,"Height":62,"Demand":1,"DemandMax":null,"Value":4650},{"Length":70,"Height":66,"Demand":1,"DemandMax":null,"Value":4620},{"Length":65,"Height":71,"Demand":1,"DemandMax":null,"Value":4615},{"Length":72,"Height":64,"Demand":1,"DemandMax":null,"Value":4608},{"Length":74,"Height":62,"Demand":1,"DemandMax":null,"Value":4588},{"Length":75,"Height":61,"Demand":1,"DemandMax":null,"Value":4575},{"Length":62,"Height":73,"Demand":1,"DemandMax":null,"Value":4526},{"Length":75,"Height":60,"Demand":1,"DemandMax":null,"Value":4500},{"Length":68,"Height":66,"Demand":1,"DemandMax":null,"Value":4488},{"Length":64,"Height":70,"Demand":1,"DemandMax":null,"Value":4480},{"Length":75,"Height":59,"Demand":1,"DemandMax":null,"Value":4425},{"Length":67,"Height":66,"Demand":1,"DemandMax":null,"Value":4422},{"Length":69,"Height":64,"Demand":1,"DemandMax":null,"Value":4416},{"Length":70,"Height":63,"Demand":1,"DemandMax":null,"Value":4410},{"Length":71,"Height":62,"Demand":1,"DemandMax":null,"Value":4402},{"Length":72,"Height":61,"Demand":1,"DemandMax":null,"Value":4392},{"Length":60,"Height":73,"Demand":1,"DemandMax":null,"Value":4380},{"Length":66,"Height":66,"Demand":1,"DemandMax":null,"Value":4356},{"Length":67,"Height":65,"Demand":1,"DemandMax":null,"Value":4355},{"Length":68,"Height":64,"Demand":1,"DemandMax":null,"Value":4352},{"Length":75,"Height":58,"Demand":1,"DemandMax":null,"Value":4350},{"Length":63,"Height":69,"Demand":1,"DemandMax":null,"Value":4347},{"Length":62,"Height":70,"Demand":1,"DemandMax":null,"Value":4340},{"Length":72,"Height":60,"Demand":1,"DemandMax":null,"Value":4320},{"Length":73,"Height":59,"Demand":1,"DemandMax":null,"Value":4307},{"Length":74,"Height":58,"Demand":1,"DemandMax":null,"Value":4292},{"Length":65,"Height":66,"Demand":1,"DemandMax":null,"Value":4290},{"Length":64,"Height":67,"Demand":1,"DemandMax":null,"Value":4288},{"Length":57,"Height":75,"Demand":1,"DemandMax":null,"Value":4275},{"Length":70,"Height":61,"Demand":1,"DemandMax":null,"Value":4270},{"Length":60,"Height":71,"Demand":1,"DemandMax":null,"Value":4260},{"Length":72,"Height":59,"Demand":1,"DemandMax":null,"Value":4248},{"Length":58,"Height":73,"Demand":1,"DemandMax":null,"Value":4234},{"Length":65,"Height":65,"Demand":1,"DemandMax":null,"Value":4225},{"Length":66,"Height":64,"Demand":1,"DemandMax":null,"Value":4224},{"Length":67,"Height":63,"Demand":1,"DemandMax":null,"Value":4221},{"Length":57,"Height":74,"Demand":1,"DemandMax":null,"Value":4218},{"Length":68,"Height":62,"Demand":1,"DemandMax":null,"Value":4216},{"Length":69,"Height":61,"Demand":1,"DemandMax":null,"Value":4209},{"Length":60,"Height":70,"Demand":1,"DemandMax":null,"Value":4200},{"Length":75,"Height":56,"Demand":1,"DemandMax":null,"Value":4200},{"Length":71,"Height":59,"Demand":1,"DemandMax":null,"Value":4189},{"Length":58,"Height":72,"Demand":1,"DemandMax":null,"Value":4176},{"Length":73,"Height":57,"Demand":1,"DemandMax":null,"Value":4161},{"Length":66,"Height":63,"Demand":1,"DemandMax":null,"Value":4158},{"Length":62,"Height":67,"Demand":1,"DemandMax":null,"Value":4154},{"Length":61,"Height":68,"Demand":1,"DemandMax":null,"Value":4148},{"Length":56,"Height":74,"Demand":1,"DemandMax":null,"Value":4144},{"Length":60,"Height":69,"Demand":1,"DemandMax":null,"Value":4140},{"Length":70,"Height":59,"Demand":1,"DemandMax":null,"Value":4130},{"Length":64,"Height":64,"Demand":1,"DemandMax":null,"Value":4096},{"Length":62,"Height":66,"Demand":1,"DemandMax":null,"Value":4092},{"Length":61,"Height":67,"Demand":1,"DemandMax":null,"Value":4087},{"Length":60,"Height":68,"Demand":1,"DemandMax":null,"Value":4080},{"Length":69,"Height":59,"Demand":1,"DemandMax":null,"Value":4071},{"Length":55,"Height":74,"Demand":1,"DemandMax":null,"Value":4070},{"Length":70,"Height":58,"Demand":1,"DemandMax":null,"Value":4060},{"Length":75,"Height":54,"Demand":1,"DemandMax":null,"Value":4050},{"Length":71,"Height":57,"Demand":1,"DemandMax":null,"Value":4047},{"Length":63,"Height":64,"Demand":1,"DemandMax":null,"Value":4032},{"Length":56,"Height":72,"Demand":1,"DemandMax":null,"Value":4032},{"Length":65,"Height":62,"Demand":1,"DemandMax":null,"Value":4030},{"Length":66,"Height":61,"Demand":1,"DemandMax":null,"Value":4026},{"Length":67,"Height":60,"Demand":1,"DemandMax":null,"Value":4020},{"Length":73,"Height":55,"Demand":1,"DemandMax":null,"Value":4015},{"Length":59,"Height":68,"Demand":1,"DemandMax":null,"Value":4012},{"Length":70,"Height":57,"Demand":1,"DemandMax":null,"Value":3990},{"Length":75,"Height":53,"Demand":1,"DemandMax":null,"Value":3975},{"Length":62,"Height":64,"Demand":1,"DemandMax":null,"Value":3968},{"Length":65,"Height":61,"Demand":1,"DemandMax":null,"Value":3965},{"Length":72,"Height":55,"Demand":1,"DemandMax":null,"Value":3960},{"Length":67,"Height":59,"Demand":1,"DemandMax":null,"Value":3953},{"Length":68,"Height":58,"Demand":1,"DemandMax":null,"Value":3944},{"Length":54,"Height":73,"Demand":1,"DemandMax":null,"Value":3942},{"Length":69,"Height":57,"Demand":1,"DemandMax":null,"Value":3933},{"Length":53,"Height":74,"Demand":1,"DemandMax":null,"Value":3922},{"Length":63,"Height":62,"Demand":1,"DemandMax":null,"Value":3906},{"Length":71,"Height":55,"Demand":1,"DemandMax":null,"Value":3905},{"Length":64,"Height":61,"Demand":1,"DemandMax":null,"Value":3904},{"Length":65,"Height":60,"Demand":1,"DemandMax":null,"Value":3900},{"Length":66,"Height":59,"Demand":1,"DemandMax":null,"Value":3894},{"Length":54,"Height":72,"Demand":1,"DemandMax":null,"Value":3888},{"Length":57,"Height":68,"Demand":1,"DemandMax":null,"Value":3876},{"Length":73,"Height":53,"Demand":1,"DemandMax":null,"Value":3869},{"Length":69,"Height":56,"Demand":1,"DemandMax":null,"Value":3864},{"Length":55,"Height":70,"Demand":1,"DemandMax":null,"Value":3850},{"Length":74,"Height":52,"Demand":1,"DemandMax":null,"Value":3848},{"Length":62,"Height":62,"Demand":1,"DemandMax":null,"Value":3844},{"Length":65,"Height":59,"Demand":1,"DemandMax":null,"Value":3835},{"Length":54,"Height":71,"Demand":1,"DemandMax":null,"Value":3834},{"Length":58,"Height":66,"Demand":1,"DemandMax":null,"Value":3828},{"Length":75,"Height":51,"Demand":1,"DemandMax":null,"Value":3825},{"Length":72,"Height":53,"Demand":1,"DemandMax":null,"Value":3816},{"Length":68,"Height":56,"Demand":1,"DemandMax":null,"Value":3808},{"Length":73,"Height":52,"Demand":1,"DemandMax":null,"Value":3796},{"Length":69,"Height":55,"Demand":1,"DemandMax":null,"Value":3795},{"Length":61,"Height":62,"Demand":1,"DemandMax":null,"Value":3782},{"Length":70,"Height":54,"Demand":1,"DemandMax":null,"Value":3780},{"Length":59,"Height":64,"Demand":1,"DemandMax":null,"Value":3776},{"Length":74,"Height":51,"Demand":1,"DemandMax":null,"Value":3774},{"Length":65,"Height":58,"Demand":1,"DemandMax":null,"Value":3770},{"Length":71,"Height":53,"Demand":1,"DemandMax":null,"Value":3763},{"Length":57,"Height":66,"Demand":1,"DemandMax":null,"Value":3762},{"Length":50,"Height":75,"Demand":1,"DemandMax":null,"Value":3750},{"Length":72,"Height":52,"Demand":1,"DemandMax":null,"Value":3744},{"Length":73,"Height":51,"Demand":1,"DemandMax":null,"Value":3723},{"Length":60,"Height":62,"Demand":1,"DemandMax":null,"Value":3720},{"Length":63,"Height":59,"Demand":1,"DemandMax":null,"Value":3717},{"Length":64,"Height":58,"Demand":1,"DemandMax":null,"Value":3712},{"Length":53,"Height":70,"Demand":1,"DemandMax":null,"Value":3710},{"Length":57,"Height":65,"Demand":1,"DemandMax":null,"Value":3705},{"Length":50,"Height":74,"Demand":1,"DemandMax":null,"Value":3700},{"Length":66,"Height":56,"Demand":1,"DemandMax":null,"Value":3696},{"Length":67,"Height":55,"Demand":1,"DemandMax":null,"Value":3685},{"Length":49,"Height":75,"Demand":1,"DemandMax":null,"Value":3675},{"Length":54,"Height":68,"Demand":1,"DemandMax":null,"Value":3672},{"Length":72,"Height":51,"Demand":1,"DemandMax":null,"Value":3672},{"Length":61,"Height":60,"Demand":1,"DemandMax":null,"Value":3660},{"Length":63,"Height":58,"Demand":1,"DemandMax":null,"Value":3654},{"Length":50,"Height":73,"Demand":1,"DemandMax":null,"Value":3650},{"Length":57,"Height":64,"Demand":1,"DemandMax":null,"Value":3648},{"Length":70,"Height":52,"Demand":1,"DemandMax":null,"Value":3640},{"Length":65,"Height":56,"Demand":1,"DemandMax":null,"Value":3640},{"Length":55,"Height":66,"Demand":1,"DemandMax":null,"Value":3630},{"Length":71,"Height":51,"Demand":1,"DemandMax":null,"Value":3621},{"Length":75,"Height":48,"Demand":1,"DemandMax":null,"Value":3600},{"Length":50,"Height":72,"Demand":1,"DemandMax":null,"Value":3600},{"Length":61,"Height":59,"Demand":1,"DemandMax":null,"Value":3599},{"Length":58,"Height":62,"Demand":1,"DemandMax":null,"Value":3596},{"Length":56,"Height":64,"Demand":1,"DemandMax":null,"Value":3584},{"Length":73,"Height":49,"Demand":1,"DemandMax":null,"Value":3577},{"Length":65,"Height":55,"Demand":1,"DemandMax":null,"Value":3575},{"Length":54,"Height":66,"Demand":1,"DemandMax":null,"Value":3564},{"Length":48,"Height":74,"Demand":1,"DemandMax":null,"Value":3552},{"Length":71,"Height":50,"Demand":1,"DemandMax":null,"Value":3550},{"Length":60,"Height":59,"Demand":1,"DemandMax":null,"Value":3540},{"Length":58,"Height":61,"Demand":1,"DemandMax":null,"Value":3538},{"Length":68,"Height":52,"Demand":1,"DemandMax":null,"Value":3536},{"Length":57,"Height":62,"Demand":1,"DemandMax":null,"Value":3534},{"Length":56,"Height":63,"Demand":1,"DemandMax":null,"Value":3528},{"Length":47,"Height":75,"Demand":1,"DemandMax":null,"Value":3525},{"Length":54,"Height":65,"Demand":1,"DemandMax":null,"Value":3510},{"Length":48,"Height":73,"Demand":1,"DemandMax":null,"Value":3504},{"Length":60,"Height":58,"Demand":1,"DemandMax":null,"Value":3480},{"Length":71,"Height":49,"Demand":1,"DemandMax":null,"Value":3479},{"Length":74,"Height":47,"Demand":1,"DemandMax":null,"Value":3478},{"Length":57,"Height":61,"Demand":1,"DemandMax":null,"Value":3477},{"Length":68,"Height":51,"Demand":1,"DemandMax":null,"Value":3468},{"Length":63,"Height":55,"Demand":1,"DemandMax":null,"Value":3465},{"Length":72,"Height":48,"Demand":1,"DemandMax":null,"Value":3456},{"Length":75,"Height":46,"Demand":1,"DemandMax":null,"Value":3450},{"Length":65,"Height":53,"Demand":1,"DemandMax":null,"Value":3445},{"Length":66,"Height":52,"Demand":1,"DemandMax":null,"Value":3432},{"Length":47,"Height":73,"Demand":1,"DemandMax":null,"Value":3431},{"Length":70,"Height":49,"Demand":1,"DemandMax":null,"Value":3430},{"Length":59,"Height":58,"Demand":1,"DemandMax":null,"Value":3422},{"Length":57,"Height":60,"Demand":1,"DemandMax":null,"Value":3420},{"Length":51,"Height":67,"Demand":1,"DemandMax":null,"Value":3417},{"Length":61,"Height":56,"Demand":1,"DemandMax":null,"Value":3416},{"Length":62,"Height":55,"Demand":1,"DemandMax":null,"Value":3410},{"Length":74,"Height":46,"Demand":1,"DemandMax":null,"Value":3404},{"Length":54,"Height":63,"Demand":1,"DemandMax":null,"Value":3402},{"Length":50,"Height":68,"Demand":1,"DemandMax":null,"Value":3400},{"Length":47,"Height":72,"Demand":1,"DemandMax":null,"Value":3384},{"Length":49,"Height":69,"Demand":1,"DemandMax":null,"Value":3381},{"Length":65,"Height":52,"Demand":1,"DemandMax":null,"Value":3380},{"Length":51,"Height":66,"Demand":1,"DemandMax":null,"Value":3366},{"Length":57,"Height":59,"Demand":1,"DemandMax":null,"Value":3363},{"Length":56,"Height":60,"Demand":1,"DemandMax":null,"Value":3360},{"Length":70,"Height":48,"Demand":1,"DemandMax":null,"Value":3360},{"Length":73,"Height":46,"Demand":1,"DemandMax":null,"Value":3358},{"Length":61,"Height":55,"Demand":1,"DemandMax":null,"Value":3355},{"Length":50,"Height":67,"Demand":1,"DemandMax":null,"Value":3350},{"Length":54,"Height":62,"Demand":1,"DemandMax":null,"Value":3348},{"Length":53,"Height":63,"Demand":1,"DemandMax":null,"Value":3339},{"Length":71,"Height":47,"Demand":1,"DemandMax":null,"Value":3337},{"Length":49,"Height":68,"Demand":1,"DemandMax":null,"Value":3332},{"Length":74,"Height":45,"Demand":1,"DemandMax":null,"Value":3330},{"Length":51,"Height":65,"Demand":1,"DemandMax":null,"Value":3315},{"Length":69,"Height":48,"Demand":1,"DemandMax":null,"Value":3312},{"Length":72,"Height":46,"Demand":1,"DemandMax":null,"Value":3312},{"Length":58,"Height":57,"Demand":1,"DemandMax":null,"Value":3306},{"Length":56,"Height":59,"Demand":1,"DemandMax":null,"Value":3304},{"Length":60,"Height":55,"Demand":1,"DemandMax":null,"Value":3300},{"Length":61,"Height":54,"Demand":1,"DemandMax":null,"Value":3294},{"Length":70,"Height":47,"Demand":1,"DemandMax":null,"Value":3290},{"Length":53,"Height":62,"Demand":1,"DemandMax":null,"Value":3286},{"Length":73,"Height":45,"Demand":1,"DemandMax":null,"Value":3285},{"Length":67,"Height":49,"Demand":1,"DemandMax":null,"Value":3283},{"Length":63,"Height":52,"Demand":1,"DemandMax":null,"Value":3276},{"Length":46,"Height":71,"Demand":1,"DemandMax":null,"Value":3266},{"Length":68,"Height":48,"Demand":1,"DemandMax":null,"Value":3264},{"Length":50,"Height":65,"Demand":1,"DemandMax":null,"Value":3250},{"Length":57,"Height":57,"Demand":1,"DemandMax":null,"Value":3249},{"Length":58,"Height":56,"Demand":1,"DemandMax":null,"Value":3248},{"Length":55,"Height":59,"Demand":1,"DemandMax":null,"Value":3245},{"Length":47,"Height":69,"Demand":1,"DemandMax":null,"Value":3243},{"Length":66,"Height":49,"Demand":1,"DemandMax":null,"Value":3234},{"Length":43,"Height":75,"Demand":1,"DemandMax":null,"Value":3225},{"Length":62,"Height":52,"Demand":1,"DemandMax":null,"Value":3224},{"Length":70,"Height":46,"Demand":1,"DemandMax":null,"Value":3220},{"Length":67,"Height":48,"Demand":1,"DemandMax":null,"Value":3216},{"Length":50,"Height":64,"Demand":1,"DemandMax":null,"Value":3200},{"Length":68,"Height":47,"Demand":1,"DemandMax":null,"Value":3196},{"Length":71,"Height":45,"Demand":1,"DemandMax":null,"Value":3195},{"Length":56,"Height":57,"Demand":1,"DemandMax":null,"Value":3192},{"Length":55,"Height":58,"Demand":1,"DemandMax":null,"Value":3190},{"Length":43,"Height":74,"Demand":1,"DemandMax":null,"Value":3182},{"Length":46,"Height":69,"Demand":1,"DemandMax":null,"Value":3174},{"Length":52,"Height":61,"Demand":1,"DemandMax":null,"Value":3172},{"Length":44,"Height":72,"Demand":1,"DemandMax":null,"Value":3168},{"Length":51,"Height":62,"Demand":1,"DemandMax":null,"Value":3162},{"Length":42,"Height":75,"Demand":1,"DemandMax":null,"Value":3150},{"Length":50,"Height":63,"Demand":1,"DemandMax":null,"Value":3150},{"Length":45,"Height":70,"Demand":1,"DemandMax":null,"Value":3150},{"Length":55,"Height":57,"Demand":1,"DemandMax":null,"Value":3135},{"Length":58,"Height":54,"Demand":1,"DemandMax":null,"Value":3132},{"Length":53,"Height":59,"Demand":1,"DemandMax":null,"Value":3127},{"Length":71,"Height":44,"Demand":1,"DemandMax":null,"Value":3124},{"Length":48,"Height":65,"Demand":1,"DemandMax":null,"Value":3120},{"Length":51,"Height":61,"Demand":1,"DemandMax":null,"Value":3111},{"Length":42,"Height":74,"Demand":1,"DemandMax":null,"Value":3108},{"Length":45,"Height":69,"Demand":1,"DemandMax":null,"Value":3105},{"Length":66,"Height":47,"Demand":1,"DemandMax":null,"Value":3102},{"Length":62,"Height":50,"Demand":1,"DemandMax":null,"Value":3100},{"Length":72,"Height":43,"Demand":1,"DemandMax":null,"Value":3096},{"Length":49,"Height":63,"Demand":1,"DemandMax":null,"Value":3087},{"Length":67,"Height":46,"Demand":1,"DemandMax":null,"Value":3082},{"Length":75,"Height":41,"Demand":1,"DemandMax":null,"Value":3075},{"Length":48,"Height":64,"Demand":1,"DemandMax":null,"Value":3072},{"Length":52,"Height":59,"Demand":1,"DemandMax":null,"Value":3068},{"Length":42,"Height":73,"Demand":1,"DemandMax":null,"Value":3066},{"Length":68,"Height":45,"Demand":1,"DemandMax":null,"Value":3060},{"Length":51,"Height":60,"Demand":1,"DemandMax":null,"Value":3060},{"Length":43,"Height":71,"Demand":1,"DemandMax":null,"Value":3053},{"Length":46,"Height":66,"Demand":1,"DemandMax":null,"Value":3036},{"Length":69,"Height":44,"Demand":1,"DemandMax":null,"Value":3036},{"Length":41,"Height":74,"Demand":1,"DemandMax":null,"Value":3034},{"Length":55,"Height":55,"Demand":1,"DemandMax":null,"Value":3025},{"Length":56,"Height":54,"Demand":1,"DemandMax":null,"Value":3024},{"Length":63,"Height":48,"Demand":1,"DemandMax":null,"Value":3024},{"Length":52,"Height":58,"Demand":1,"DemandMax":null,"Value":3016},{"Length":45,"Height":67,"Demand":1,"DemandMax":null,"Value":3015},{"Length":47,"Height":64,"Demand":1,"DemandMax":null,"Value":3008},{"Length":50,"Height":60,"Demand":1,"DemandMax":null,"Value":3000},{"Length":40,"Height":75,"Demand":1,"DemandMax":null,"Value":3000},{"Length":68,"Height":44,"Demand":1,"DemandMax":null,"Value":2992},{"Length":65,"Height":46,"Demand":1,"DemandMax":null,"Value":2990},{"Length":61,"Height":49,"Demand":1,"DemandMax":null,"Value":2989},{"Length":54,"Height":55,"Demand":1,"DemandMax":null,"Value":2970},{"Length":56,"Height":53,"Demand":1,"DemandMax":null,"Value":2968},{"Length":43,"Height":69,"Demand":1,"DemandMax":null,"Value":2967},{"Length":52,"Height":57,"Demand":1,"DemandMax":null,"Value":2964},{"Length":47,"Height":63,"Demand":1,"DemandMax":null,"Value":2961},{"Length":40,"Height":74,"Demand":1,"DemandMax":null,"Value":2960},{"Length":58,"Height":51,"Demand":1,"DemandMax":null,"Value":2958},{"Length":72,"Height":41,"Demand":1,"DemandMax":null,"Value":2952},{"Length":59,"Height":50,"Demand":1,"DemandMax":null,"Value":2950},{"Length":44,"Height":67,"Demand":1,"DemandMax":null,"Value":2948},{"Length":49,"Height":60,"Demand":1,"DemandMax":null,"Value":2940},{"Length":70,"Height":42,"Demand":1,"DemandMax":null,"Value":2940},{"Length":48,"Height":61,"Demand":1,"DemandMax":null,"Value":2928},{"Length":45,"Height":65,"Demand":1,"DemandMax":null,"Value":2925},{"Length":75,"Height":39,"Demand":1,"DemandMax":null,"Value":2925},{"Length":43,"Height":68,"Demand":1,"DemandMax":null,"Value":2924},{"Length":53,"Height":55,"Demand":1,"DemandMax":null,"Value":2915},{"Length":62,"Height":47,"Demand":1,"DemandMax":null,"Value":2914},{"Length":52,"Height":56,"Demand":1,"DemandMax":null,"Value":2912},{"Length":51,"Height":57,"Demand":1,"DemandMax":null,"Value":2907},{"Length":66,"Height":44,"Demand":1,"DemandMax":null,"Value":2904},{"Length":58,"Height":50,"Demand":1,"DemandMax":null,"Value":2900},{"Length":42,"Height":69,"Demand":1,"DemandMax":null,"Value":2898},{"Length":39,"Height":74,"Demand":1,"DemandMax":null,"Value":2886},{"Length":67,"Height":43,"Demand":1,"DemandMax":null,"Value":2881},{"Length":72,"Height":40,"Demand":1,"DemandMax":null,"Value":2880},{"Length":45,"Height":64,"Demand":1,"DemandMax":null,"Value":2880},{"Length":61,"Height":47,"Demand":1,"DemandMax":null,"Value":2867},{"Length":53,"Height":54,"Demand":1,"DemandMax":null,"Value":2862},{"Length":65,"Height":44,"Demand":1,"DemandMax":null,"Value":2860},{"Length":52,"Height":55,"Demand":1,"DemandMax":null,"Value":2860},{"Length":51,"Height":56,"Demand":1,"DemandMax":null,"Value":2856},{"Length":68,"Height":42,"Demand":1,"DemandMax":null,"Value":2856},{"Length":46,"Height":62,"Demand":1,"DemandMax":null,"Value":2852},{"Length":49,"Height":58,"Demand":1,"DemandMax":null,"Value":2842},{"Length":40,"Height":71,"Demand":1,"DemandMax":null,"Value":2840},{"Length":43,"Height":66,"Demand":1,"DemandMax":null,"Value":2838},{"Length":45,"Height":63,"Demand":1,"DemandMax":null,"Value":2835},{"Length":48,"Height":59,"Demand":1,"DemandMax":null,"Value":2832},{"Length":69,"Height":41,"Demand":1,"DemandMax":null,"Value":2829},{"Length":42,"Height":67,"Demand":1,"DemandMax":null,"Value":2814},{"Length":53,"Height":53,"Demand":1,"DemandMax":null,"Value":2809},{"Length":72,"Height":39,"Demand":1,"DemandMax":null,"Value":2808},{"Length":54,"Height":52,"Demand":1,"DemandMax":null,"Value":2808},{"Length":55,"Height":51,"Demand":1,"DemandMax":null,"Value":2805},{"Length":40,"Height":70,"Demand":1,"DemandMax":null,"Value":2800},{"Length":43,"Height":65,"Demand":1,"DemandMax":null,"Value":2795},{"Length":57,"Height":49,"Demand":1,"DemandMax":null,"Value":2793},{"Length":48,"Height":58,"Demand":1,"DemandMax":null,"Value":2784},{"Length":37,"Height":75,"Demand":1,"DemandMax":null,"Value":2775},{"Length":38,"Height":73,"Demand":1,"DemandMax":null,"Value":2774},{"Length":59,"Height":47,"Demand":1,"DemandMax":null,"Value":2773},{"Length":44,"Height":63,"Demand":1,"DemandMax":null,"Value":2772},{"Length":42,"Height":66,"Demand":1,"DemandMax":null,"Value":2772},{"Length":71,"Height":39,"Demand":1,"DemandMax":null,"Value":2769},{"Length":69,"Height":40,"Demand":1,"DemandMax":null,"Value":2760},{"Length":52,"Height":53,"Demand":1,"DemandMax":null,"Value":2756},{"Length":64,"Height":43,"Demand":1,"DemandMax":null,"Value":2752},{"Length":67,"Height":41,"Demand":1,"DemandMax":null,"Value":2747},{"Length":61,"Height":45,"Demand":1,"DemandMax":null,"Value":2745},{"Length":74,"Height":37,"Demand":1,"DemandMax":null,"Value":2738},{"Length":48,"Height":57,"Demand":1,"DemandMax":null,"Value":2736},{"Length":72,"Height":38,"Demand":1,"DemandMax":null,"Value":2736},{"Length":70,"Height":39,"Demand":1,"DemandMax":null,"Value":2730},{"Length":62,"Height":44,"Demand":1,"DemandMax":null,"Value":2728},{"Length":47,"Height":58,"Demand":1,"DemandMax":null,"Value":2726},{"Length":40,"Height":68,"Demand":1,"DemandMax":null,"Value":2720},{"Length":59,"Height":46,"Demand":1,"DemandMax":null,"Value":2714},{"Length":43,"Height":63,"Demand":1,"DemandMax":null,"Value":2709},{"Length":41,"Height":66,"Demand":1,"DemandMax":null,"Value":2706},{"Length":52,"Height":52,"Demand":1,"DemandMax":null,"Value":2704},{"Length":51,"Height":53,"Demand":1,"DemandMax":null,"Value":2703},{"Length":36,"Height":75,"Demand":1,"DemandMax":null,"Value":2700},{"Length":50,"Height":54,"Demand":1,"DemandMax":null,"Value":2700},{"Length":60,"Height":45,"Demand":1,"DemandMax":null,"Value":2700},{"Length":55,"Height":49,"Demand":1,"DemandMax":null,"Value":2695},{"Length":56,"Height":48,"Demand":1,"DemandMax":null,"Value":2688},{"Length":44,"Height":61,"Demand":1,"DemandMax":null,"Value":2684},{"Length":67,"Height":40,"Demand":1,"DemandMax":null,"Value":2680},{"Length":57,"Height":47,"Demand":1,"DemandMax":null,"Value":2679},{"Length":58,"Height":46,"Demand":1,"DemandMax":null,"Value":2668},{"Length":43,"Height":62,"Demand":1,"DemandMax":null,"Value":2666},{"Length":41,"Height":65,"Demand":1,"DemandMax":null,"Value":2665},{"Length":36,"Height":74,"Demand":1,"DemandMax":null,"Value":2664},{"Length":37,"Height":72,"Demand":1,"DemandMax":null,"Value":2664},{"Length":38,"Height":70,"Demand":1,"DemandMax":null,"Value":2660},{"Length":59,"Height":45,"Demand":1,"DemandMax":null,"Value":2655},{"Length":68,"Height":39,"Demand":1,"DemandMax":null,"Value":2652},{"Length":50,"Height":53,"Demand":1,"DemandMax":null,"Value":2650},{"Length":63,"Height":42,"Demand":1,"DemandMax":null,"Value":2646},{"Length":54,"Height":49,"Demand":1,"DemandMax":null,"Value":2646},{"Length":40,"Height":66,"Demand":1,"DemandMax":null,"Value":2640},{"Length":44,"Height":60,"Demand":1,"DemandMax":null,"Value":2640},{"Length":48,"Height":55,"Demand":1,"DemandMax":null,"Value":2640},{"Length":56,"Height":47,"Demand":1,"DemandMax":null,"Value":2632},{"Length":73,"Height":36,"Demand":1,"DemandMax":null,"Value":2628},{"Length":75,"Height":35,"Demand":1,"DemandMax":null,"Value":2625},{"Length":61,"Height":43,"Demand":1,"DemandMax":null,"Value":2623},{"Length":38,"Height":69,"Demand":1,"DemandMax":null,"Value":2622},{"Length":39,"Height":67,"Demand":1,"DemandMax":null,"Value":2613},{"Length":62,"Height":42,"Demand":1,"DemandMax":null,"Value":2604},{"Length":51,"Height":51,"Demand":1,"DemandMax":null,"Value":2601},{"Length":40,"Height":65,"Demand":1,"DemandMax":null,"Value":2600},{"Length":53,"Height":49,"Demand":1,"DemandMax":null,"Value":2597},{"Length":44,"Height":59,"Demand":1,"DemandMax":null,"Value":2596},{"Length":72,"Height":36,"Demand":1,"DemandMax":null,"Value":2592},{"Length":48,"Height":54,"Demand":1,"DemandMax":null,"Value":2592},{"Length":55,"Height":47,"Demand":1,"DemandMax":null,"Value":2585},{"Length":38,"Height":68,"Demand":1,"DemandMax":null,"Value":2584},{"Length":41,"Height":63,"Demand":1,"DemandMax":null,"Value":2583},{"Length":60,"Height":43,"Demand":1,"DemandMax":null,"Value":2580},{"Length":56,"Height":46,"Demand":1,"DemandMax":null,"Value":2576},{"Length":66,"Height":39,"Demand":1,"DemandMax":null,"Value":2574},{"Length":42,"Height":61,"Demand":1,"DemandMax":null,"Value":2562},{"Length":64,"Height":40,"Demand":1,"DemandMax":null,"Value":2560},{"Length":71,"Height":36,"Demand":1,"DemandMax":null,"Value":2556},{"Length":73,"Height":35,"Demand":1,"DemandMax":null,"Value":2555},{"Length":37,"Height":69,"Demand":1,"DemandMax":null,"Value":2553},{"Length":44,"Height":58,"Demand":1,"DemandMax":null,"Value":2552},{"Length":75,"Height":34,"Demand":1,"DemandMax":null,"Value":2550},{"Length":67,"Height":38,"Demand":1,"DemandMax":null,"Value":2546},{"Length":48,"Height":53,"Demand":1,"DemandMax":null,"Value":2544},{"Length":47,"Height":54,"Demand":1,"DemandMax":null,"Value":2538},{"Length":59,"Height":43,"Demand":1,"DemandMax":null,"Value":2537},{"Length":65,"Height":39,"Demand":1,"DemandMax":null,"Value":2535},{"Length":63,"Height":40,"Demand":1,"DemandMax":null,"Value":2520},{"Length":35,"Height":72,"Demand":1,"DemandMax":null,"Value":2520},{"Length":56,"Height":45,"Demand":1,"DemandMax":null,"Value":2520},{"Length":70,"Height":36,"Demand":1,"DemandMax":null,"Value":2520},{"Length":68,"Height":37,"Demand":1,"DemandMax":null,"Value":2516},{"Length":74,"Height":34,"Demand":1,"DemandMax":null,"Value":2516},{"Length":38,"Height":66,"Demand":1,"DemandMax":null,"Value":2508},{"Length":44,"Height":57,"Demand":1,"DemandMax":null,"Value":2508},{"Length":41,"Height":61,"Demand":1,"DemandMax":null,"Value":2501},{"Length":50,"Height":50,"Demand":1,"DemandMax":null,"Value":2500},{"Length":49,"Height":51,"Demand":1,"DemandMax":null,"Value":2499},{"Length":52,"Height":48,"Demand":1,"DemandMax":null,"Value":2496},{"Length":58,"Height":43,"Demand":1,"DemandMax":null,"Value":2494},{"Length":47,"Height":53,"Demand":1,"DemandMax":null,"Value":2491},{"Length":35,"Height":71,"Demand":1,"DemandMax":null,"Value":2485},{"Length":46,"Height":54,"Demand":1,"DemandMax":null,"Value":2484},{"Length":69,"Height":36,"Demand":1,"DemandMax":null,"Value":2484},{"Length":62,"Height":40,"Demand":1,"DemandMax":null,"Value":2480},{"Length":67,"Height":37,"Demand":1,"DemandMax":null,"Value":2479},{"Length":59,"Height":42,"Demand":1,"DemandMax":null,"Value":2478},{"Length":55,"Height":45,"Demand":1,"DemandMax":null,"Value":2475},{"Length":65,"Height":38,"Demand":1,"DemandMax":null,"Value":2470},{"Length":44,"Height":56,"Demand":1,"DemandMax":null,"Value":2464},{"Length":41,"Height":60,"Demand":1,"DemandMax":null,"Value":2460},{"Length":39,"Height":63,"Demand":1,"DemandMax":null,"Value":2457},{"Length":43,"Height":57,"Demand":1,"DemandMax":null,"Value":2451},{"Length":35,"Height":70,"Demand":1,"DemandMax":null,"Value":2450},{"Length":49,"Height":50,"Demand":1,"DemandMax":null,"Value":2450},{"Length":36,"Height":68,"Demand":1,"DemandMax":null,"Value":2448},{"Length":34,"Height":72,"Demand":1,"DemandMax":null,"Value":2448},{"Length":48,"Height":51,"Demand":1,"DemandMax":null,"Value":2448},{"Length":47,"Height":52,"Demand":1,"DemandMax":null,"Value":2444},{"Length":37,"Height":66,"Demand":1,"DemandMax":null,"Value":2442},{"Length":33,"Height":74,"Demand":1,"DemandMax":null,"Value":2442},{"Length":42,"Height":58,"Demand":1,"DemandMax":null,"Value":2436},{"Length":38,"Height":64,"Demand":1,"DemandMax":null,"Value":2432},{"Length":44,"Height":55,"Demand":1,"DemandMax":null,"Value":2420},{"Length":59,"Height":41,"Demand":1,"DemandMax":null,"Value":2419},{"Length":39,"Height":62,"Demand":1,"DemandMax":null,"Value":2418},{"Length":69,"Height":35,"Demand":1,"DemandMax":null,"Value":2415},{"Length":71,"Height":34,"Demand":1,"DemandMax":null,"Value":2414},{"Length":67,"Height":36,"Demand":1,"DemandMax":null,"Value":2412},{"Length":33,"Height":73,"Demand":1,"DemandMax":null,"Value":2409},{"Length":32,"Height":75,"Demand":1,"DemandMax":null,"Value":2400},{"Length":48,"Height":50,"Demand":1,"DemandMax":null,"Value":2400},{"Length":40,"Height":60,"Demand":1,"DemandMax":null,"Value":2400},{"Length":51,"Height":47,"Demand":1,"DemandMax":null,"Value":2397},{"Length":63,"Height":38,"Demand":1,"DemandMax":null,"Value":2394},{"Length":57,"Height":42,"Demand":1,"DemandMax":null,"Value":2394},{"Length":46,"Height":52,"Demand":1,"DemandMax":null,"Value":2392},{"Length":45,"Height":53,"Demand":1,"DemandMax":null,"Value":2385},{"Length":34,"Height":70,"Demand":1,"DemandMax":null,"Value":2380},{"Length":68,"Height":35,"Demand":1,"DemandMax":null,"Value":2380},{"Length":39,"Height":61,"Demand":1,"DemandMax":null,"Value":2379},{"Length":36,"Height":66,"Demand":1,"DemandMax":null,"Value":2376},{"Length":33,"Height":72,"Demand":1,"DemandMax":null,"Value":2376},{"Length":74,"Height":32,"Demand":1,"DemandMax":null,"Value":2368},{"Length":64,"Height":37,"Demand":1,"DemandMax":null,"Value":2368},{"Length":59,"Height":40,"Demand":1,"DemandMax":null,"Value":2360},{"Length":38,"Height":62,"Demand":1,"DemandMax":null,"Value":2356},{"Length":56,"Height":42,"Demand":1,"DemandMax":null,"Value":2352},{"Length":48,"Height":49,"Demand":1,"DemandMax":null,"Value":2352},{"Length":47,"Height":50,"Demand":1,"DemandMax":null,"Value":2350},{"Length":46,"Height":51,"Demand":1,"DemandMax":null,"Value":2346},{"Length":69,"Height":34,"Demand":1,"DemandMax":null,"Value":2346},{"Length":35,"Height":67,"Demand":1,"DemandMax":null,"Value":2345},{"Length":71,"Height":33,"Demand":1,"DemandMax":null,"Value":2343},{"Length":65,"Height":36,"Demand":1,"DemandMax":null,"Value":2340},{"Length":32,"Height":73,"Demand":1,"DemandMax":null,"Value":2336},{"Length":44,"Height":53,"Demand":1,"DemandMax":null,"Value":2332},{"Length":63,"Height":37,"Demand":1,"DemandMax":null,"Value":2331},{"Length":75,"Height":31,"Demand":1,"DemandMax":null,"Value":2325},{"Length":54,"Height":43,"Demand":1,"DemandMax":null,"Value":2322},{"Length":40,"Height":58,"Demand":1,"DemandMax":null,"Value":2320},{"Length":61,"Height":38,"Demand":1,"DemandMax":null,"Value":2318},{"Length":68,"Height":34,"Demand":1,"DemandMax":null,"Value":2312},{"Length":33,"Height":70,"Demand":1,"DemandMax":null,"Value":2310},{"Length":36,"Height":64,"Demand":1,"DemandMax":null,"Value":2304},{"Length":32,"Height":72,"Demand":1,"DemandMax":null,"Value":2304},{"Length":48,"Height":48,"Demand":1,"DemandMax":null,"Value":2304},{"Length":49,"Height":47,"Demand":1,"DemandMax":null,"Value":2303},{"Length":39,"Height":59,"Demand":1,"DemandMax":null,"Value":2301},{"Length":50,"Height":46,"Demand":1,"DemandMax":null,"Value":2300},{"Length":41,"Height":56,"Demand":1,"DemandMax":null,"Value":2296},{"Length":51,"Height":45,"Demand":1,"DemandMax":null,"Value":2295},{"Length":62,"Height":37,"Demand":1,"DemandMax":null,"Value":2294},{"Length":31,"Height":74,"Demand":1,"DemandMax":null,"Value":2294},{"Length":52,"Height":44,"Demand":1,"DemandMax":null,"Value":2288},{"Length":38,"Height":60,"Demand":1,"DemandMax":null,"Value":2280},{"Length":40,"Height":57,"Demand":1,"DemandMax":null,"Value":2280},{"Length":53,"Height":43,"Demand":1,"DemandMax":null,"Value":2279},{"Length":69,"Height":33,"Demand":1,"DemandMax":null,"Value":2277},{"Length":65,"Height":35,"Demand":1,"DemandMax":null,"Value":2275},{"Length":71,"Height":32,"Demand":1,"DemandMax":null,"Value":2272},{"Length":36,"Height":63,"Demand":1,"DemandMax":null,"Value":2268},{"Length":42,"Height":54,"Demand":1,"DemandMax":null,"Value":2268},{"Length":73,"Height":31,"Demand":1,"DemandMax":null,"Value":2263},{"Length":39,"Height":58,"Demand":1,"DemandMax":null,"Value":2262},{"Length":37,"Height":61,"Demand":1,"DemandMax":null,"Value":2257},{"Length":47,"Height":48,"Demand":1,"DemandMax":null,"Value":2256},{"Length":41,"Height":55,"Demand":1,"DemandMax":null,"Value":2255},{"Length":49,"Height":46,"Demand":1,"DemandMax":null,"Value":2254},{"Length":50,"Height":45,"Demand":1,"DemandMax":null,"Value":2250},{"Length":51,"Height":44,"Demand":1,"DemandMax":null,"Value":2244},{"Length":33,"Height":68,"Demand":1,"DemandMax":null,"Value":2244},{"Length":38,"Height":59,"Demand":1,"DemandMax":null,"Value":2242},{"Length":56,"Height":40,"Demand":1,"DemandMax":null,"Value":2240},{"Length":42,"Height":53,"Demand":1,"DemandMax":null,"Value":2226},{"Length":57,"Height":39,"Demand":1,"DemandMax":null,"Value":2223},{"Length":30,"Height":74,"Demand":1,"DemandMax":null,"Value":2220},{"Length":60,"Height":37,"Demand":1,"DemandMax":null,"Value":2220},{"Length":67,"Height":33,"Demand":1,"DemandMax":null,"Value":2211},{"Length":47,"Height":47,"Demand":1,"DemandMax":null,"Value":2209},{"Length":69,"Height":32,"Demand":1,"DemandMax":null,"Value":2208},{"Length":49,"Height":45,"Demand":1,"DemandMax":null,"Value":2205},{"Length":58,"Height":38,"Demand":1,"DemandMax":null,"Value":2204},{"Length":55,"Height":40,"Demand":1,"DemandMax":null,"Value":2200},{"Length":44,"Height":50,"Demand":1,"DemandMax":null,"Value":2200},{"Length":61,"Height":36,"Demand":1,"DemandMax":null,"Value":2196},{"Length":43,"Height":51,"Demand":1,"DemandMax":null,"Value":2193},{"Length":73,"Height":30,"Demand":1,"DemandMax":null,"Value":2190},{"Length":39,"Height":56,"Demand":1,"DemandMax":null,"Value":2184},{"Length":52,"Height":42,"Demand":1,"DemandMax":null,"Value":2184},{"Length":37,"Height":59,"Demand":1,"DemandMax":null,"Value":2183},{"Length":33,"Height":66,"Demand":1,"DemandMax":null,"Value":2178},{"Length":34,"Height":64,"Demand":1,"DemandMax":null,"Value":2176},{"Length":41,"Height":53,"Demand":1,"DemandMax":null,"Value":2173},{"Length":35,"Height":62,"Demand":1,"DemandMax":null,"Value":2170},{"Length":70,"Height":31,"Demand":1,"DemandMax":null,"Value":2170},{"Length":46,"Height":47,"Demand":1,"DemandMax":null,"Value":2162},{"Length":36,"Height":60,"Demand":1,"DemandMax":null,"Value":2160},{"Length":40,"Height":54,"Demand":1,"DemandMax":null,"Value":2160},{"Length":45,"Height":48,"Demand":1,"DemandMax":null,"Value":2160},{"Length":44,"Height":49,"Demand":1,"DemandMax":null,"Value":2156},{"Length":50,"Height":43,"Demand":1,"DemandMax":null,"Value":2150},{"Length":74,"Height":29,"Demand":1,"DemandMax":null,"Value":2146},{"Length":37,"Height":58,"Demand":1,"DemandMax":null,"Value":2146},{"Length":65,"Height":33,"Demand":1,"DemandMax":null,"Value":2145},{"Length":55,"Height":39,"Demand":1,"DemandMax":null,"Value":2145},{"Length":32,"Height":67,"Demand":1,"DemandMax":null,"Value":2144},{"Length":51,"Height":42,"Demand":1,"DemandMax":null,"Value":2142},{"Length":63,"Height":34,"Demand":1,"DemandMax":null,"Value":2142},{"Length":69,"Height":31,"Demand":1,"DemandMax":null,"Value":2139},{"Length":35,"Height":61,"Demand":1,"DemandMax":null,"Value":2135},{"Length":41,"Height":52,"Demand":1,"DemandMax":null,"Value":2132},{"Length":30,"Height":71,"Demand":1,"DemandMax":null,"Value":2130},{"Length":59,"Height":36,"Demand":1,"DemandMax":null,"Value":2124},{"Length":40,"Height":53,"Demand":1,"DemandMax":null,"Value":2120},{"Length":73,"Height":29,"Demand":1,"DemandMax":null,"Value":2117},{"Length":66,"Height":32,"Demand":1,"DemandMax":null,"Value":2112},{"Length":33,"Height":64,"Demand":1,"DemandMax":null,"Value":2112},{"Length":62,"Height":34,"Demand":1,"DemandMax":null,"Value":2108},{"Length":31,"Height":68,"Demand":1,"DemandMax":null,"Value":2108},{"Length":54,"Height":39,"Demand":1,"DemandMax":null,"Value":2106},{"Length":70,"Height":30,"Demand":1,"DemandMax":null,"Value":2100},{"Length":42,"Height":50,"Demand":1,"DemandMax":null,"Value":2100},{"Length":28,"Height":75,"Demand":1,"DemandMax":null,"Value":2100},{"Length":41,"Height":51,"Demand":1,"DemandMax":null,"Value":2091},{"Length":29,"Height":72,"Demand":1,"DemandMax":null,"Value":2088},{"Length":65,"Height":32,"Demand":1,"DemandMax":null,"Value":2080},{"Length":63,"Height":33,"Demand":1,"DemandMax":null,"Value":2079},{"Length":67,"Height":31,"Demand":1,"DemandMax":null,"Value":2077},{"Length":34,"Height":61,"Demand":1,"DemandMax":null,"Value":2074},{"Length":37,"Height":56,"Demand":1,"DemandMax":null,"Value":2072},{"Length":28,"Height":74,"Demand":1,"DemandMax":null,"Value":2072},{"Length":45,"Height":46,"Demand":1,"DemandMax":null,"Value":2070},{"Length":69,"Height":30,"Demand":1,"DemandMax":null,"Value":2070},{"Length":59,"Height":35,"Demand":1,"DemandMax":null,"Value":2065},{"Length":48,"Height":43,"Demand":1,"DemandMax":null,"Value":2064},{"Length":29,"Height":71,"Demand":1,"DemandMax":null,"Value":2059},{"Length":42,"Height":49,"Demand":1,"DemandMax":null,"Value":2058},{"Length":36,"Height":57,"Demand":1,"DemandMax":null,"Value":2052},{"Length":54,"Height":38,"Demand":1,"DemandMax":null,"Value":2052},{"Length":41,"Height":50,"Demand":1,"DemandMax":null,"Value":2050},{"Length":31,"Height":66,"Demand":1,"DemandMax":null,"Value":2046},{"Length":33,"Height":62,"Demand":1,"DemandMax":null,"Value":2046},{"Length":28,"Height":73,"Demand":1,"DemandMax":null,"Value":2044},{"Length":60,"Height":34,"Demand":1,"DemandMax":null,"Value":2040},{"Length":68,"Height":30,"Demand":1,"DemandMax":null,"Value":2040},{"Length":40,"Height":51,"Demand":1,"DemandMax":null,"Value":2040},{"Length":55,"Height":37,"Demand":1,"DemandMax":null,"Value":2035},{"Length":58,"Height":35,"Demand":1,"DemandMax":null,"Value":2030},{"Length":52,"Height":39,"Demand":1,"DemandMax":null,"Value":2028},{"Length":45,"Height":45,"Demand":1,"DemandMax":null,"Value":2025},{"Length":75,"Height":27,"Demand":1,"DemandMax":null,"Value":2025},{"Length":46,"Height":44,"Demand":1,"DemandMax":null,"Value":2024},{"Length":28,"Height":72,"Demand":1,"DemandMax":null,"Value":2016},{"Length":65,"Height":31,"Demand":1,"DemandMax":null,"Value":2015},{"Length":53,"Height":38,"Demand":1,"DemandMax":null,"Value":2014},{"Length":33,"Height":61,"Demand":1,"DemandMax":null,"Value":2013},{"Length":30,"Height":67,"Demand":1,"DemandMax":null,"Value":2010},{"Length":41,"Height":49,"Demand":1,"DemandMax":null,"Value":2009},{"Length":59,"Height":34,"Demand":1,"DemandMax":null,"Value":2006},{"Length":69,"Height":29,"Demand":1,"DemandMax":null,"Value":2001},{"Length":54,"Height":37,"Demand":1,"DemandMax":null,"Value":1998},{"Length":57,"Height":35,"Demand":1,"DemandMax":null,"Value":1995},{"Length":28,"Height":71,"Demand":1,"DemandMax":null,"Value":1988},{"Length":64,"Height":31,"Demand":1,"DemandMax":null,"Value":1984},{"Length":62,"Height":32,"Demand":1,"DemandMax":null,"Value":1984},{"Length":36,"Height":55,"Demand":1,"DemandMax":null,"Value":1980},{"Length":60,"Height":33,"Demand":1,"DemandMax":null,"Value":1980},{"Length":43,"Height":46,"Demand":1,"DemandMax":null,"Value":1978},{"Length":52,"Height":38,"Demand":1,"DemandMax":null,"Value":1976},{"Length":68,"Height":29,"Demand":1,"DemandMax":null,"Value":1972},{"Length":58,"Height":34,"Demand":1,"DemandMax":null,"Value":1972},{"Length":27,"Height":73,"Demand":1,"DemandMax":null,"Value":1971},{"Length":48,"Height":41,"Demand":1,"DemandMax":null,"Value":1968},{"Length":37,"Height":53,"Demand":1,"DemandMax":null,"Value":1961},{"Length":49,"Height":40,"Demand":1,"DemandMax":null,"Value":1960},{"Length":28,"Height":70,"Demand":1,"DemandMax":null,"Value":1960},{"Length":35,"Height":56,"Demand":1,"DemandMax":null,"Value":1960},{"Length":31,"Height":63,"Demand":1,"DemandMax":null,"Value":1953},{"Length":61,"Height":32,"Demand":1,"DemandMax":null,"Value":1952},{"Length":39,"Height":50,"Demand":1,"DemandMax":null,"Value":1950},{"Length":26,"Height":75,"Demand":1,"DemandMax":null,"Value":1950},{"Length":65,"Height":30,"Demand":1,"DemandMax":null,"Value":1950},{"Length":27,"Height":72,"Demand":1,"DemandMax":null,"Value":1944},{"Length":36,"Height":54,"Demand":1,"DemandMax":null,"Value":1944},{"Length":29,"Height":67,"Demand":1,"DemandMax":null,"Value":1943},{"Length":38,"Height":51,"Demand":1,"DemandMax":null,"Value":1938},{"Length":34,"Height":57,"Demand":1,"DemandMax":null,"Value":1938},{"Length":45,"Height":43,"Demand":1,"DemandMax":null,"Value":1935},{"Length":42,"Height":46,"Demand":1,"DemandMax":null,"Value":1932},{"Length":47,"Height":41,"Demand":1,"DemandMax":null,"Value":1927},{"Length":55,"Height":35,"Demand":1,"DemandMax":null,"Value":1925},{"Length":52,"Height":37,"Demand":1,"DemandMax":null,"Value":1924},{"Length":31,"Height":62,"Demand":1,"DemandMax":null,"Value":1922},{"Length":48,"Height":40,"Demand":1,"DemandMax":null,"Value":1920},{"Length":30,"Height":64,"Demand":1,"DemandMax":null,"Value":1920},{"Length":60,"Height":32,"Demand":1,"DemandMax":null,"Value":1920},{"Length":27,"Height":71,"Demand":1,"DemandMax":null,"Value":1917},{"Length":66,"Height":29,"Demand":1,"DemandMax":null,"Value":1914},{"Length":33,"Height":58,"Demand":1,"DemandMax":null,"Value":1914},{"Length":49,"Height":39,"Demand":1,"DemandMax":null,"Value":1911},{"Length":53,"Height":36,"Demand":1,"DemandMax":null,"Value":1908},{"Length":68,"Height":28,"Demand":1,"DemandMax":null,"Value":1904},{"Length":34,"Height":56,"Demand":1,"DemandMax":null,"Value":1904},{"Length":26,"Height":73,"Demand":1,"DemandMax":null,"Value":1898},{"Length":43,"Height":44,"Demand":1,"DemandMax":null,"Value":1892},{"Length":45,"Height":42,"Demand":1,"DemandMax":null,"Value":1890},{"Length":27,"Height":70,"Demand":1,"DemandMax":null,"Value":1890},{"Length":35,"Height":54,"Demand":1,"DemandMax":null,"Value":1890},{"Length":30,"Height":63,"Demand":1,"DemandMax":null,"Value":1890},{"Length":59,"Height":32,"Demand":1,"DemandMax":null,"Value":1888},{"Length":51,"Height":37,"Demand":1,"DemandMax":null,"Value":1887},{"Length":41,"Height":46,"Demand":1,"DemandMax":null,"Value":1886},{"Length":29,"Height":65,"Demand":1,"DemandMax":null,"Value":1885},{"Length":57,"Height":33,"Demand":1,"DemandMax":null,"Value":1881},{"Length":67,"Height":28,"Demand":1,"DemandMax":null,"Value":1876},{"Length":72,"Height":26,"Demand":1,"DemandMax":null,"Value":1872},{"Length":36,"Height":52,"Demand":1,"DemandMax":null,"Value":1872},{"Length":39,"Height":48,"Demand":1,"DemandMax":null,"Value":1872},{"Length":55,"Height":34,"Demand":1,"DemandMax":null,"Value":1870},{"Length":27,"Height":69,"Demand":1,"DemandMax":null,"Value":1863},{"Length":64,"Height":29,"Demand":1,"DemandMax":null,"Value":1856},{"Length":58,"Height":32,"Demand":1,"DemandMax":null,"Value":1856},{"Length":53,"Height":35,"Demand":1,"DemandMax":null,"Value":1855},{"Length":37,"Height":50,"Demand":1,"DemandMax":null,"Value":1850},{"Length":25,"Height":74,"Demand":1,"DemandMax":null,"Value":1850},{"Length":43,"Height":43,"Demand":1,"DemandMax":null,"Value":1849},{"Length":42,"Height":44,"Demand":1,"DemandMax":null,"Value":1848},{"Length":71,"Height":26,"Demand":1,"DemandMax":null,"Value":1846},{"Length":46,"Height":40,"Demand":1,"DemandMax":null,"Value":1840},{"Length":54,"Height":34,"Demand":1,"DemandMax":null,"Value":1836},{"Length":36,"Height":51,"Demand":1,"DemandMax":null,"Value":1836},{"Length":47,"Height":39,"Demand":1,"DemandMax":null,"Value":1833},{"Length":30,"Height":61,"Demand":1,"DemandMax":null,"Value":1830},{"Length":63,"Height":29,"Demand":1,"DemandMax":null,"Value":1827},{"Length":25,"Height":73,"Demand":1,"DemandMax":null,"Value":1825},{"Length":48,"Height":38,"Demand":1,"DemandMax":null,"Value":1824},{"Length":57,"Height":32,"Demand":1,"DemandMax":null,"Value":1824},{"Length":70,"Height":26,"Demand":1,"DemandMax":null,"Value":1820},{"Length":52,"Height":35,"Demand":1,"DemandMax":null,"Value":1820},{"Length":28,"Height":65,"Demand":1,"DemandMax":null,"Value":1820},{"Length":33,"Height":55,"Demand":1,"DemandMax":null,"Value":1815},{"Length":49,"Height":37,"Demand":1,"DemandMax":null,"Value":1813},{"Length":67,"Height":27,"Demand":1,"DemandMax":null,"Value":1809},{"Length":42,"Height":43,"Demand":1,"DemandMax":null,"Value":1806},{"Length":44,"Height":41,"Demand":1,"DemandMax":null,"Value":1804},{"Length":53,"Height":34,"Demand":1,"DemandMax":null,"Value":1802},{"Length":30,"Height":60,"Demand":1,"DemandMax":null,"Value":1800},{"Length":72,"Height":25,"Demand":1,"DemandMax":null,"Value":1800},{"Length":40,"Height":45,"Demand":1,"DemandMax":null,"Value":1800},{"Length":50,"Height":36,"Demand":1,"DemandMax":null,"Value":1800},{"Length":29,"Height":62,"Demand":1,"DemandMax":null,"Value":1798},{"Length":26,"Height":69,"Demand":1,"DemandMax":null,"Value":1794},{"Length":32,"Height":56,"Demand":1,"DemandMax":null,"Value":1792},{"Length":64,"Height":28,"Demand":1,"DemandMax":null,"Value":1792},{"Length":27,"Height":66,"Demand":1,"DemandMax":null,"Value":1782},{"Length":48,"Height":37,"Demand":1,"DemandMax":null,"Value":1776},{"Length":30,"Height":59,"Demand":1,"DemandMax":null,"Value":1770},{"Length":61,"Height":29,"Demand":1,"DemandMax":null,"Value":1769},{"Length":26,"Height":68,"Demand":1,"DemandMax":null,"Value":1768},{"Length":57,"Height":31,"Demand":1,"DemandMax":null,"Value":1767},{"Length":42,"Height":42,"Demand":1,"DemandMax":null,"Value":1764},{"Length":36,"Height":49,"Demand":1,"DemandMax":null,"Value":1764},{"Length":28,"Height":63,"Demand":1,"DemandMax":null,"Value":1764},{"Length":40,"Height":44,"Demand":1,"DemandMax":null,"Value":1760},{"Length":32,"Height":55,"Demand":1,"DemandMax":null,"Value":1760},{"Length":45,"Height":39,"Demand":1,"DemandMax":null,"Value":1755},{"Length":27,"Height":65,"Demand":1,"DemandMax":null,"Value":1755},{"Length":35,"Height":50,"Demand":1,"DemandMax":null,"Value":1750},{"Length":53,"Height":33,"Demand":1,"DemandMax":null,"Value":1749},{"Length":46,"Height":38,"Demand":1,"DemandMax":null,"Value":1748},{"Length":67,"Height":26,"Demand":1,"DemandMax":null,"Value":1742},{"Length":37,"Height":47,"Demand":1,"DemandMax":null,"Value":1739},{"Length":34,"Height":51,"Demand":1,"DemandMax":null,"Value":1734},{"Length":36,"Height":48,"Demand":1,"DemandMax":null,"Value":1728},{"Length":64,"Height":27,"Demand":1,"DemandMax":null,"Value":1728},{"Length":32,"Height":54,"Demand":1,"DemandMax":null,"Value":1728},{"Length":25,"Height":69,"Demand":1,"DemandMax":null,"Value":1725},{"Length":41,"Height":42,"Demand":1,"DemandMax":null,"Value":1722},{"Length":40,"Height":43,"Demand":1,"DemandMax":null,"Value":1720},{"Length":39,"Height":44,"Demand":1,"DemandMax":null,"Value":1716},{"Length":33,"Height":52,"Demand":1,"DemandMax":null,"Value":1716},{"Length":49,"Height":35,"Demand":1,"DemandMax":null,"Value":1715},{"Length":59,"Height":29,"Demand":1,"DemandMax":null,"Value":1711},{"Length":57,"Height":30,"Demand":1,"DemandMax":null,"Value":1710},{"Length":61,"Height":28,"Demand":1,"DemandMax":null,"Value":1708},{"Length":55,"Height":31,"Demand":1,"DemandMax":null,"Value":1705},{"Length":27,"Height":63,"Demand":1,"DemandMax":null,"Value":1701},{"Length":32,"Height":53,"Demand":1,"DemandMax":null,"Value":1696},{"Length":36,"Height":47,"Demand":1,"DemandMax":null,"Value":1692},{"Length":51,"Height":33,"Demand":1,"DemandMax":null,"Value":1683},{"Length":58,"Height":29,"Demand":1,"DemandMax":null,"Value":1682},{"Length":56,"Height":30,"Demand":1,"DemandMax":null,"Value":1680},{"Length":42,"Height":40,"Demand":1,"DemandMax":null,"Value":1680},{"Length":28,"Height":60,"Demand":1,"DemandMax":null,"Value":1680},{"Length":35,"Height":48,"Demand":1,"DemandMax":null,"Value":1680},{"Length":43,"Height":39,"Demand":1,"DemandMax":null,"Value":1677},{"Length":67,"Height":25,"Demand":1,"DemandMax":null,"Value":1675},{"Length":27,"Height":62,"Demand":1,"DemandMax":null,"Value":1674},{"Length":31,"Height":54,"Demand":1,"DemandMax":null,"Value":1674},{"Length":38,"Height":44,"Demand":1,"DemandMax":null,"Value":1672},{"Length":49,"Height":34,"Demand":1,"DemandMax":null,"Value":1666},{"Length":45,"Height":37,"Demand":1,"DemandMax":null,"Value":1665},{"Length":46,"Height":36,"Demand":1,"DemandMax":null,"Value":1656},{"Length":28,"Height":59,"Demand":1,"DemandMax":null,"Value":1652},{"Length":55,"Height":30,"Demand":1,"DemandMax":null,"Value":1650},{"Length":50,"Height":33,"Demand":1,"DemandMax":null,"Value":1650},{"Length":25,"Height":66,"Demand":1,"DemandMax":null,"Value":1650},{"Length":61,"Height":27,"Demand":1,"DemandMax":null,"Value":1647},{"Length":35,"Height":47,"Demand":1,"DemandMax":null,"Value":1645},{"Length":31,"Height":53,"Demand":1,"DemandMax":null,"Value":1643},{"Length":41,"Height":40,"Demand":1,"DemandMax":null,"Value":1640},{"Length":26,"Height":63,"Demand":1,"DemandMax":null,"Value":1638},{"Length":38,"Height":43,"Demand":1,"DemandMax":null,"Value":1634},{"Length":51,"Height":32,"Demand":1,"DemandMax":null,"Value":1632},{"Length":37,"Height":44,"Demand":1,"DemandMax":null,"Value":1628},{"Length":58,"Height":28,"Demand":1,"DemandMax":null,"Value":1624},{"Length":56,"Height":29,"Demand":1,"DemandMax":null,"Value":1624},{"Length":60,"Height":27,"Demand":1,"DemandMax":null,"Value":1620},{"Length":45,"Height":36,"Demand":1,"DemandMax":null,"Value":1620},{"Length":49,"Height":33,"Demand":1,"DemandMax":null,"Value":1617},{"Length":62,"Height":26,"Demand":1,"DemandMax":null,"Value":1612},{"Length":52,"Height":31,"Demand":1,"DemandMax":null,"Value":1612},{"Length":46,"Height":35,"Demand":1,"DemandMax":null,"Value":1610},{"Length":40,"Height":40,"Demand":1,"DemandMax":null,"Value":1600},{"Length":50,"Height":32,"Demand":1,"DemandMax":null,"Value":1600},{"Length":41,"Height":39,"Demand":1,"DemandMax":null,"Value":1599},{"Length":47,"Height":34,"Demand":1,"DemandMax":null,"Value":1598},{"Length":28,"Height":57,"Demand":1,"DemandMax":null,"Value":1596},{"Length":29,"Height":55,"Demand":1,"DemandMax":null,"Value":1595},{"Length":59,"Height":27,"Demand":1,"DemandMax":null,"Value":1593},{"Length":43,"Height":37,"Demand":1,"DemandMax":null,"Value":1591},{"Length":30,"Height":53,"Demand":1,"DemandMax":null,"Value":1590},{"Length":61,"Height":26,"Demand":1,"DemandMax":null,"Value":1586},{"Length":36,"Height":44,"Demand":1,"DemandMax":null,"Value":1584},{"Length":51,"Height":31,"Demand":1,"DemandMax":null,"Value":1581},{"Length":25,"Height":63,"Demand":1,"DemandMax":null,"Value":1575},{"Length":35,"Height":45,"Demand":1,"DemandMax":null,"Value":1575},{"Length":49,"Height":32,"Demand":1,"DemandMax":null,"Value":1568},{"Length":28,"Height":56,"Demand":1,"DemandMax":null,"Value":1568},{"Length":58,"Height":27,"Demand":1,"DemandMax":null,"Value":1566},{"Length":34,"Height":46,"Demand":1,"DemandMax":null,"Value":1564},{"Length":52,"Height":30,"Demand":1,"DemandMax":null,"Value":1560},{"Length":40,"Height":39,"Demand":1,"DemandMax":null,"Value":1560},{"Length":60,"Height":26,"Demand":1,"DemandMax":null,"Value":1560},{"Length":41,"Height":38,"Demand":1,"DemandMax":null,"Value":1558},{"Length":37,"Height":42,"Demand":1,"DemandMax":null,"Value":1554},{"Length":47,"Height":33,"Demand":1,"DemandMax":null,"Value":1551},{"Length":31,"Height":50,"Demand":1,"DemandMax":null,"Value":1550},{"Length":25,"Height":62,"Demand":1,"DemandMax":null,"Value":1550},{"Length":36,"Height":43,"Demand":1,"DemandMax":null,"Value":1548},{"Length":44,"Height":35,"Demand":1,"DemandMax":null,"Value":1540},{"Length":28,"Height":55,"Demand":1,"DemandMax":null,"Value":1540},{"Length":57,"Height":27,"Demand":1,"DemandMax":null,"Value":1539},{"Length":53,"Height":29,"Demand":1,"DemandMax":null,"Value":1537},{"Length":48,"Height":32,"Demand":1,"DemandMax":null,"Value":1536},{"Length":51,"Height":30,"Demand":1,"DemandMax":null,"Value":1530},{"Length":25,"Height":61,"Demand":1,"DemandMax":null,"Value":1525},{"Length":40,"Height":38,"Demand":1,"DemandMax":null,"Value":1520},{"Length":31,"Height":49,"Demand":1,"DemandMax":null,"Value":1519},{"Length":41,"Height":37,"Demand":1,"DemandMax":null,"Value":1517},{"Length":54,"Height":28,"Demand":1,"DemandMax":null,"Value":1512},{"Length":27,"Height":56,"Demand":1,"DemandMax":null,"Value":1512},{"Length":58,"Height":26,"Demand":1,"DemandMax":null,"Value":1508},{"Length":29,"Height":52,"Demand":1,"DemandMax":null,"Value":1508},{"Length":47,"Height":32,"Demand":1,"DemandMax":null,"Value":1504},{"Length":60,"Height":25,"Demand":1,"DemandMax":null,"Value":1500},{"Length":34,"Height":44,"Demand":1,"DemandMax":null,"Value":1496},{"Length":31,"Height":48,"Demand":1,"DemandMax":null,"Value":1488},{"Length":55,"Height":27,"Demand":1,"DemandMax":null,"Value":1485},{"Length":28,"Height":53,"Demand":1,"DemandMax":null,"Value":1484},{"Length":26,"Height":57,"Demand":1,"DemandMax":null,"Value":1482},{"Length":38,"Height":39,"Demand":1,"DemandMax":null,"Value":1482},{"Length":40,"Height":37,"Demand":1,"DemandMax":null,"Value":1480},{"Length":41,"Height":36,"Demand":1,"DemandMax":null,"Value":1476},{"Length":25,"Height":59,"Demand":1,"DemandMax":null,"Value":1475},{"Length":32,"Height":46,"Demand":1,"DemandMax":null,"Value":1472},{"Length":42,"Height":35,"Demand":1,"DemandMax":null,"Value":1470},{"Length":43,"Height":34,"Demand":1,"DemandMax":null,"Value":1462},{"Length":27,"Height":54,"Demand":1,"DemandMax":null,"Value":1458},{"Length":47,"Height":31,"Demand":1,"DemandMax":null,"Value":1457},{"Length":26,"Height":56,"Demand":1,"DemandMax":null,"Value":1456},{"Length":52,"Height":28,"Demand":1,"DemandMax":null,"Value":1456},{"Length":33,"Height":44,"Demand":1,"DemandMax":null,"Value":1452},{"Length":25,"Height":58,"Demand":1,"DemandMax":null,"Value":1450},{"Length":38,"Height":38,"Demand":1,"DemandMax":null,"Value":1444},{"Length":40,"Height":36,"Demand":1,"DemandMax":null,"Value":1440},{"Length":30,"Height":48,"Demand":1,"DemandMax":null,"Value":1440},{"Length":45,"Height":32,"Demand":1,"DemandMax":null,"Value":1440},{"Length":41,"Height":35,"Demand":1,"DemandMax":null,"Value":1435},{"Length":27,"Height":53,"Demand":1,"DemandMax":null,"Value":1431},{"Length":55,"Height":26,"Demand":1,"DemandMax":null,"Value":1430},{"Length":51,"Height":28,"Demand":1,"DemandMax":null,"Value":1428},{"Length":25,"Height":57,"Demand":1,"DemandMax":null,"Value":1425},{"Length":29,"Height":49,"Demand":1,"DemandMax":null,"Value":1421},{"Length":43,"Height":33,"Demand":1,"DemandMax":null,"Value":1419},{"Length":30,"Height":47,"Demand":1,"DemandMax":null,"Value":1410},{"Length":32,"Height":44,"Demand":1,"DemandMax":null,"Value":1408},{"Length":37,"Height":38,"Demand":1,"DemandMax":null,"Value":1406},{"Length":52,"Height":27,"Demand":1,"DemandMax":null,"Value":1404},{"Length":40,"Height":35,"Demand":1,"DemandMax":null,"Value":1400},{"Length":28,"Height":50,"Demand":1,"DemandMax":null,"Value":1400},{"Length":56,"Height":25,"Demand":1,"DemandMax":null,"Value":1400},{"Length":45,"Height":31,"Demand":1,"DemandMax":null,"Value":1395},{"Length":41,"Height":34,"Demand":1,"DemandMax":null,"Value":1394},{"Length":48,"Height":29,"Demand":1,"DemandMax":null,"Value":1392},{"Length":42,"Height":33,"Demand":1,"DemandMax":null,"Value":1386},{"Length":30,"Height":46,"Demand":1,"DemandMax":null,"Value":1380},{"Length":51,"Height":27,"Demand":1,"DemandMax":null,"Value":1377},{"Length":55,"Height":25,"Demand":1,"DemandMax":null,"Value":1375},{"Length":38,"Height":36,"Demand":1,"DemandMax":null,"Value":1368},{"Length":35,"Height":39,"Demand":1,"DemandMax":null,"Value":1365},{"Length":44,"Height":31,"Demand":1,"DemandMax":null,"Value":1364},{"Length":47,"Height":29,"Demand":1,"DemandMax":null,"Value":1363},{"Length":40,"Height":34,"Demand":1,"DemandMax":null,"Value":1360},{"Length":33,"Height":41,"Demand":1,"DemandMax":null,"Value":1353},{"Length":26,"Height":52,"Demand":1,"DemandMax":null,"Value":1352},{"Length":54,"Height":25,"Demand":1,"DemandMax":null,"Value":1350},{"Length":45,"Height":30,"Demand":1,"DemandMax":null,"Value":1350},{"Length":28,"Height":48,"Demand":1,"DemandMax":null,"Value":1344},{"Length":42,"Height":32,"Demand":1,"DemandMax":null,"Value":1344},{"Length":46,"Height":29,"Demand":1,"DemandMax":null,"Value":1334},{"Length":31,"Height":43,"Demand":1,"DemandMax":null,"Value":1333},{"Length":36,"Height":37,"Demand":1,"DemandMax":null,"Value":1332},{"Length":38,"Height":35,"Demand":1,"DemandMax":null,"Value":1330},{"Length":51,"Height":26,"Demand":1,"DemandMax":null,"Value":1326},{"Length":39,"Height":34,"Demand":1,"DemandMax":null,"Value":1326},{"Length":53,"Height":25,"Demand":1,"DemandMax":null,"Value":1325},{"Length":27,"Height":49,"Demand":1,"DemandMax":null,"Value":1323},{"Length":33,"Height":40,"Demand":1,"DemandMax":null,"Value":1320},{"Length":30,"Height":44,"Demand":1,"DemandMax":null,"Value":1320},{"Length":41,"Height":32,"Demand":1,"DemandMax":null,"Value":1312},{"Length":29,"Height":45,"Demand":1,"DemandMax":null,"Value":1305},{"Length":31,"Height":42,"Demand":1,"DemandMax":null,"Value":1302},{"Length":52,"Height":25,"Demand":1,"DemandMax":null,"Value":1300},{"Length":48,"Height":27,"Demand":1,"DemandMax":null,"Value":1296},{"Length":30,"Height":43,"Demand":1,"DemandMax":null,"Value":1290},{"Length":46,"Height":28,"Demand":1,"DemandMax":null,"Value":1288},{"Length":39,"Height":33,"Demand":1,"DemandMax":null,"Value":1287},{"Length":40,"Height":32,"Demand":1,"DemandMax":null,"Value":1280},{"Length":25,"Height":51,"Demand":1,"DemandMax":null,"Value":1275},{"Length":26,"Height":49,"Demand":1,"DemandMax":null,"Value":1274},{"Length":31,"Height":41,"Demand":1,"DemandMax":null,"Value":1271},{"Length":47,"Height":27,"Demand":1,"DemandMax":null,"Value":1269},{"Length":35,"Height":36,"Demand":1,"DemandMax":null,"Value":1260},{"Length":42,"Height":30,"Demand":1,"DemandMax":null,"Value":1260},{"Length":37,"Height":34,"Demand":1,"DemandMax":null,"Value":1258},{"Length":38,"Height":33,"Demand":1,"DemandMax":null,"Value":1254},{"Length":50,"Height":25,"Demand":1,"DemandMax":null,"Value":1250},{"Length":32,"Height":39,"Demand":1,"DemandMax":null,"Value":1248},{"Length":48,"Height":26,"Demand":1,"DemandMax":null,"Value":1248},{"Length":43,"Height":29,"Demand":1,"DemandMax":null,"Value":1247},{"Length":27,"Height":46,"Demand":1,"DemandMax":null,"Value":1242},{"Length":40,"Height":31,"Demand":1,"DemandMax":null,"Value":1240},{"Length":44,"Height":28,"Demand":1,"DemandMax":null,"Value":1232},{"Length":30,"Height":41,"Demand":1,"DemandMax":null,"Value":1230},{"Length":49,"Height":25,"Demand":1,"DemandMax":null,"Value":1225},{"Length":35,"Height":35,"Demand":1,"DemandMax":null,"Value":1225},{"Length":34,"Height":36,"Demand":1,"DemandMax":null,"Value":1224},{"Length":33,"Height":37,"Demand":1,"DemandMax":null,"Value":1221},{"Length":42,"Height":29,"Demand":1,"DemandMax":null,"Value":1218},{"Length":32,"Height":38,"Demand":1,"DemandMax":null,"Value":1216},{"Length":27,"Height":45,"Demand":1,"DemandMax":null,"Value":1215},{"Length":43,"Height":28,"Demand":1,"DemandMax":null,"Value":1204},{"Length":40,"Height":30,"Demand":1,"DemandMax":null,"Value":1200},{"Length":48,"Height":25,"Demand":1,"DemandMax":null,"Value":1200},{"Length":26,"Height":46,"Demand":1,"DemandMax":null,"Value":1196},{"Length":34,"Height":35,"Demand":1,"DemandMax":null,"Value":1190},{"Length":29,"Height":41,"Demand":1,"DemandMax":null,"Value":1189},{"Length":44,"Height":27,"Demand":1,"DemandMax":null,"Value":1188},{"Length":32,"Height":37,"Demand":1,"DemandMax":null,"Value":1184},{"Length":38,"Height":31,"Demand":1,"DemandMax":null,"Value":1178},{"Length":28,"Height":42,"Demand":1,"DemandMax":null,"Value":1176},{"Length":26,"Height":45,"Demand":1,"DemandMax":null,"Value":1170},{"Length":27,"Height":43,"Demand":1,"DemandMax":null,"Value":1161},{"Length":29,"Height":40,"Demand":1,"DemandMax":null,"Value":1160},{"Length":34,"Height":34,"Demand":1,"DemandMax":null,"Value":1156},{"Length":35,"Height":33,"Demand":1,"DemandMax":null,"Value":1155},{"Length":36,"Height":32,"Demand":1,"DemandMax":null,"Value":1152},{"Length":46,"Height":25,"Demand":1,"DemandMax":null,"Value":1150},{"Length":41,"Height":28,"Demand":1,"DemandMax":null,"Value":1148},{"Length":37,"Height":31,"Demand":1,"DemandMax":null,"Value":1147},{"Length":44,"Height":26,"Demand":1,"DemandMax":null,"Value":1144},{"Length":30,"Height":38,"Demand":1,"DemandMax":null,"Value":1140},{"Length":42,"Height":27,"Demand":1,"DemandMax":null,"Value":1134},{"Length":29,"Height":39,"Demand":1,"DemandMax":null,"Value":1131},{"Length":34,"Height":33,"Demand":1,"DemandMax":null,"Value":1122},{"Length":28,"Height":40,"Demand":1,"DemandMax":null,"Value":1120},{"Length":35,"Height":32,"Demand":1,"DemandMax":null,"Value":1120},{"Length":31,"Height":36,"Demand":1,"DemandMax":null,"Value":1116},{"Length":27,"Height":41,"Demand":1,"DemandMax":null,"Value":1107},{"Length":29,"Height":38,"Demand":1,"DemandMax":null,"Value":1102},{"Length":25,"Height":44,"Demand":1,"DemandMax":null,"Value":1100},{"Length":42,"Height":26,"Demand":1,"DemandMax":null,"Value":1092},{"Length":32,"Height":34,"Demand":1,"DemandMax":null,"Value":1088},{"Length":35,"Height":31,"Demand":1,"DemandMax":null,"Value":1085},{"Length":30,"Height":36,"Demand":1,"DemandMax":null,"Value":1080},{"Length":27,"Height":40,"Demand":1,"DemandMax":null,"Value":1080},{"Length":41,"Height":26,"Demand":1,"DemandMax":null,"Value":1066},{"Length":38,"Height":28,"Demand":1,"DemandMax":null,"Value":1064},{"Length":34,"Height":31,"Demand":1,"DemandMax":null,"Value":1054},{"Length":27,"Height":39,"Demand":1,"DemandMax":null,"Value":1053},{"Length":35,"Height":30,"Demand":1,"DemandMax":null,"Value":1050},{"Length":29,"Height":36,"Demand":1,"DemandMax":null,"Value":1044},{"Length":26,"Height":40,"Demand":1,"DemandMax":null,"Value":1040},{"Length":38,"Height":27,"Demand":1,"DemandMax":null,"Value":1026},{"Length":25,"Height":41,"Demand":1,"DemandMax":null,"Value":1025},{"Length":32,"Height":32,"Demand":1,"DemandMax":null,"Value":1024},{"Length":33,"Height":31,"Demand":1,"DemandMax":null,"Value":1023},{"Length":34,"Height":30,"Demand":1,"DemandMax":null,"Value":1020},{"Length":35,"Height":29,"Demand":1,"DemandMax":null,"Value":1015},{"Length":26,"Height":39,"Demand":1,"DemandMax":null,"Value":1014},{"Length":36,"Height":28,"Demand":1,"DemandMax":null,"Value":1008},{"Length":31,"Height":32,"Demand":1,"DemandMax":null,"Value":992},{"Length":30,"Height":33,"Demand":1,"DemandMax":null,"Value":990},{"Length":29,"Height":34,"Demand":1,"DemandMax":null,"Value":986},{"Length":35,"Height":28,"Demand":1,"DemandMax":null,"Value":980},{"Length":39,"Height":25,"Demand":1,"DemandMax":null,"Value":975},{"Length":27,"Height":36,"Demand":1,"DemandMax":null,"Value":972},{"Length":26,"Height":37,"Demand":1,"DemandMax":null,"Value":962},{"Length":31,"Height":31,"Demand":1,"DemandMax":null,"Value":961},{"Length":33,"Height":29,"Demand":1,"DemandMax":null,"Value":957},{"Length":34,"Height":28,"Demand":1,"DemandMax":null,"Value":952},{"Length":25,"Height":38,"Demand":1,"DemandMax":null,"Value":950},{"Length":26,"Height":36,"Demand":1,"DemandMax":null,"Value":936},{"Length":30,"Height":31,"Demand":1,"DemandMax":null,"Value":930},{"Length":32,"Height":29,"Demand":1,"DemandMax":null,"Value":928},{"Length":27,"Height":34,"Demand":1,"DemandMax":null,"Value":918},{"Length":25,"Height":36,"Demand":1,"DemandMax":null,"Value":900},{"Length":29,"Height":31,"Demand":1,"DemandMax":null,"Value":899},{"Length":32,"Height":28,"Demand":1,"DemandMax":null,"Value":896},{"Length":27,"Height":33,"Demand":1,"DemandMax":null,"Value":891},{"Length":34,"Height":26,"Demand":1,"DemandMax":null,"Value":884},{"Length":25,"Height":35,"Demand":1,"DemandMax":null,"Value":875},{"Length":30,"Height":29,"Demand":1,"DemandMax":null,"Value":870},{"Length":31,"Height":28,"Demand":1,"DemandMax":null,"Value":868},{"Length":27,"Height":32,"Demand":1,"DemandMax":null,"Value":864},{"Length":25,"Height":34,"Demand":1,"DemandMax":null,"Value":850},{"Length":29,"Height":29,"Demand":1,"DemandMax":null,"Value":841},{"Length":30,"Height":28,"Demand":1,"DemandMax":null,"Value":840},{"Length":27,"Height":31,"Demand":1,"DemandMax":null,"Value":837},{"Length":26,"Height":32,"Demand":1,"DemandMax":null,"Value":832},{"Length":28,"Height":29,"Demand":1,"DemandMax":null,"Value":812},{"Length":30,"Height":27,"Demand":1,"DemandMax":null,"Value":810},{"Length":31,"Height":26,"Demand":1,"DemandMax":null,"Value":806},{"Length":25,"Height":32,"Demand":1,"DemandMax":null,"Value":800},{"Length":28,"Height":28,"Demand":1,"DemandMax":null,"Value":784},{"Length":30,"Height":26,"Demand":1,"DemandMax":null,"Value":780},{"Length":31,"Height":25,"Demand":1,"DemandMax":null,"Value":775},{"Length":28,"Height":27,"Demand":1,"DemandMax":null,"Value":756},{"Length":25,"Height":30,"Demand":1,"DemandMax":null,"Value":750},{"Length":27,"Height":27,"Demand":1,"DemandMax":null,"Value":729},{"Length":26,"Height":28,"Demand":1,"DemandMax":null,"Value":728},{"Length":25,"Height":29,"Demand":1,"DemandMax":null,"Value":725},{"Length":25,"Height":28,"Demand":1,"DemandMax":null,"Value":700}]}