{"Name":"AH18","Objects":[{"Length":1000,"Height":48850,"Stock":null,"Cost":48850000}],"Items":[{"Length":295,"Height":288,"Demand":100,"DemandMax":null,"Value":84960},{"Length":250,"Height":276,"Demand":100,"DemandMax":null,"Value":69000},{"Length":248,"Height":209,"Demand":100,"DemandMax":null,"Value":51832},{"Length":197,"Height":260,"Demand":100,"DemandMax":null,"Value":51220},{"Length":267,"Height":180,"Demand":100,"DemandMax":null,"Value":48060},{"Length":184,"Height":261,"Demand":100,"DemandMax":null,"Value":48024},{"Length":225,"Height":158,"Demand":100,"DemandMax":null,"Value":35550},{"Length":138,"Height":245,"Demand":100,"DemandMax":null,"Value":33810},{"Length":225,"Height":147,"Demand":100,"DemandMax":null,"Value":33075},{"Length":201,"Height":164,"Demand":100,"DemandMax":null,"Value":32964}]}