{"Name":"AH195","Objects":[{"Length":1000,"Height":2523,"Stock":null,"Cost":2523000}],"Items":[{"Length":74,"Height":74,"Demand":10,"DemandMax":null,"Value":5476},{"Length":73,"Height":74,"Demand":10,"DemandMax":null,"Value":5402},{"Length":73,"Height":71,"Demand":10,"DemandMax":null,"Value":5183},{"Length":74,"Height":68,"Demand":10,"DemandMax":null,"Value":5032},{"Length":70,"Height":69,"Demand":10,"DemandMax":null,"Value":4830},{"Length":71,"Height":65,"Demand":10,"DemandMax":null,"Value":4615},{"Length":68,"Height":67,"Demand":10,"DemandMax":null,"Value":4556},{"Length":71,"Height":64,"Demand":10,"DemandMax":null,"Value":4544},{"Length":63,"Height":71,"Demand":10,"DemandMax":null,"Value":4473},{"Length":75,"Height":57,"Demand":10,"DemandMax":null,"Value":4275},{"Length":69,"Height":60,"Demand":10,"DemandMax":null,"Value":4140},{"Length":63,"Height":65,"Demand":10,"DemandMax":null,"Value":4095},{"Length":75,"Height":54,"Demand":10,"DemandMax":null,"Value":4050},{"Length":61,"Height":66,"Demand":10,"DemandMax":null,"Value":4026},{"Length":66,"Height":60,"Demand":10,"DemandMax":null,"Value":3960},{"Length":54,"Height":72,"Demand":10,"DemandMax":null,"Value":3888},{"Length":73,"Height":53,"Demand":10,"DemandMax":null,"Value":3869},{"Length":50,"Height":75,"Demand":10,"DemandMax":null,"Value":3750},{"Length":61,"Height":61,"Demand":10,"DemandMax":null,"Value":3721},{"Length":60,"Height":62,"Demand":10,"DemandMax":null,"Value":3720},{"Length":69,"Height":51,"Demand":10,"DemandMax":null,"Value":3519},{"Length":47,"Height":73,"Demand":10,"DemandMax":null,"Value":3431},{"Length":50,"Height":66,"Demand":10,"DemandMax":null,"Value":3300},{"Length":59,"Height":54,"Demand":10,"DemandMax":null,"Value":3186},{"Length":62,"Height":49,"Demand":10,"DemandMax":null,"Value":3038},{"Length":58,"Height":52,"Demand":10,"DemandMax":null,"Value":3016},{"Length":43,"Height":70,"Demand":10,"DemandMax":null,"Value":3010},{"Length":56,"Height":53,"Demand":10,"DemandMax":null,"Value":2968},{"Length":65,"Height":45,"Demand":10,"DemandMax":null,"Value":2925},{"Length":48,"Height":60,"Demand":10,"DemandMax":null,"Value":2880},{"Length":47,"Height":61,"Demand":10,"DemandMax":null,"Value":2867},{"Length":75,"Height":38,"Demand":10,"DemandMax":null,"Value":2850},{"Length":39,"Height":72,"Demand":10,"DemandMax":null,"Value":2808},{"Length":43,"Height":65,"Demand":10,"DemandMax":null,"Value":2795},{"Length":52,"Height":53,"Demand":10,"DemandMax":null,"Value":2756},{"Length":38,"Height":71,"Demand":10,"DemandMax":null,"Value":2698},{"Length":49,"Height":54,"Demand":10,"DemandMax":null,"Value":2646},{"Length":55,"Height":48,"Demand":10,"DemandMax":null,"Value":2640},{"Length":35,"Height":75,"Demand":10,"DemandMax":null,"Value":2625},{"Length":51,"Height":51,"Demand":10,"DemandMax":null,"Value":2601},{"Length":70,"Height":36,"Demand":10,"DemandMax":null,"Value":2520},{"Length":70,"Height":35,"Demand":10,"DemandMax":null,"Value":2450},{"Length":40,"Height":61,"Demand":10,"DemandMax":null,"Value":2440},{"Length":74,"Height":32,"Demand":10,"DemandMax":null,"Value":2368},{"Length":65,"Height":36,"Demand":10,"DemandMax":null,"Value":2340},{"Length":46,"Height":50,"Demand":10,"DemandMax":null,"Value":2300},{"Length":37,"Height":58,"Demand":10,"DemandMax":null,"Value":2146},{"Length":59,"Height":36,"Demand":10,"DemandMax":null,"Value":2124},{"Length":46,"Height":46,"Demand":10,"DemandMax":null,"Value":2116},{"Length":48,"Height":44,"Demand":10,"DemandMax":null,"Value":2112},{"Length":39,"Height":54,"Demand":10,"DemandMax":null,"Value":2106},{"Length":38,"Height":55,"Demand":10,"DemandMax":null,"Value":2090},{"Length":61,"Height":34,"Demand":10,"DemandMax":null,"Value":2074},{"Length":29,"Height":71,"Demand":10,"DemandMax":null,"Value":2059},{"Length":49,"Height":42,"Demand":10,"DemandMax":null,"Value":2058},{"Length":75,"Height":27,"Demand":10,"DemandMax":null,"Value":2025},{"Length":46,"Height":44,"Demand":10,"DemandMax":null,"Value":2024},{"Length":43,"Height":47,"Demand":10,"DemandMax":null,"Value":2021},{"Length":37,"Height":54,"Demand":10,"DemandMax":null,"Value":1998},{"Length":57,"Height":35,"Demand":10,"DemandMax":null,"Value":1995},{"Length":31,"Height":64,"Demand":10,"DemandMax":null,"Value":1984},{"Length":62,"Height":32,"Demand":10,"DemandMax":null,"Value":1984},{"Length":39,"Height":50,"Demand":10,"DemandMax":null,"Value":1950},{"Length":52,"Height":37,"Demand":10,"DemandMax":null,"Value":1924},{"Length":67,"Height":28,"Demand":10,"DemandMax":null,"Value":1876},{"Length":26,"Height":72,"Demand":10,"DemandMax":null,"Value":1872},{"Length":60,"Height":31,"Demand":10,"DemandMax":null,"Value":1860},{"Length":28,"Height":66,"Demand":10,"DemandMax":null,"Value":1848},{"Length":26,"Height":71,"Demand":10,"DemandMax":null,"Value":1846},{"Length":51,"Height":36,"Demand":10,"DemandMax":null,"Value":1836},{"Length":65,"Height":28,"Demand":10,"DemandMax":null,"Value":1820},{"Length":56,"Height":32,"Demand":10,"DemandMax":null,"Value":1792},{"Length":29,"Height":61,"Demand":10,"DemandMax":null,"Value":1769},{"Length":51,"Height":34,"Demand":10,"DemandMax":null,"Value":1734},{"Length":48,"Height":36,"Demand":10,"DemandMax":null,"Value":1728},{"Length":37,"Height":46,"Demand":10,"DemandMax":null,"Value":1702},{"Length":42,"Height":40,"Demand":10,"DemandMax":null,"Value":1680},{"Length":60,"Height":28,"Demand":10,"DemandMax":null,"Value":1680},{"Length":27,"Height":61,"Demand":10,"DemandMax":null,"Value":1647},{"Length":51,"Height":31,"Demand":10,"DemandMax":null,"Value":1581},{"Length":45,"Height":35,"Demand":10,"DemandMax":null,"Value":1575},{"Length":28,"Height":56,"Demand":10,"DemandMax":null,"Value":1568},{"Length":41,"Height":38,"Demand":10,"DemandMax":null,"Value":1558},{"Length":36,"Height":43,"Demand":10,"DemandMax":null,"Value":1548},{"Length":25,"Height":61,"Demand":10,"DemandMax":null,"Value":1525},{"Length":49,"Height":30,"Demand":10,"DemandMax":null,"Value":1470},{"Length":56,"Height":26,"Demand":10,"DemandMax":null,"Value":1456},{"Length":25,"Height":56,"Demand":10,"DemandMax":null,"Value":1400},{"Length":26,"Height":53,"Demand":10,"DemandMax":null,"Value":1378},{"Length":45,"Height":30,"Demand":10,"DemandMax":null,"Value":1350},{"Length":36,"Height":37,"Demand":10,"DemandMax":null,"Value":1332},{"Length":25,"Height":53,"Demand":10,"DemandMax":null,"Value":1325},{"Length":41,"Height":32,"Demand":10,"DemandMax":null,"Value":1312},{"Length":29,"Height":43,"Demand":10,"DemandMax":null,"Value":1247},{"Length":46,"Height":26,"Demand":10,"DemandMax":null,"Value":1196},{"Length":31,"Height":37,"Demand":10,"DemandMax":null,"Value":1147},{"Length":26,"Height":44,"Demand":10,"DemandMax":null,"Value":1144},{"Length":43,"Height":25,"Demand":10,"DemandMax":null,"Value":1075},{"Length":29,"Height":37,"Demand":10,"DemandMax":null,"Value":1073},{"Length":29,"Height":31,"Demand":10,"DemandMax":null,"Value":899}]}