{"Name":"AH310","Objects":[{"Length":1000,"Height":2529,"Stock":null,"Cost":2529000}],"Items":[{"Length":75,"Height":75,"Demand":1,"DemandMax":null,"Value":5625},{"Length":74,"Height":74,"Demand":1,"DemandMax":null,"Value":5476},{"Length":75,"Height":73,"Demand":1,"DemandMax":null,"Value":5475},{"Length":73,"Height":74,"Demand":1,"DemandMax":null,"Value":5402},{"Length":75,"Height":72,"Demand":1,"DemandMax":null,"Value":5400},{"Length":73,"Height":73,"Demand":1,"DemandMax":null,"Value":5329},{"Length":74,"Height":72,"Demand":1,"DemandMax":null,"Value":5328},{"Length":71,"Height":75,"Demand":1,"DemandMax":null,"Value":5325},{"Length":73,"Height":72,"Demand":1,"DemandMax":null,"Value":5256},{"Length":72,"Height":72,"Demand":1,"DemandMax":null,"Value":5184},{"Length":71,"Height":73,"Demand":1,"DemandMax":null,"Value":5183},{"Length":75,"Height":69,"Demand":1,"DemandMax":null,"Value":5175},{"Length":71,"Height":72,"Demand":1,"DemandMax":null,"Value":5112},{"Length":70,"Height":73,"Demand":1,"DemandMax":null,"Value":5110},{"Length":75,"Height":68,"Demand":1,"DemandMax":null,"Value":5100},{"Length":71,"Height":71,"Demand":1,"DemandMax":null,"Value":5041},{"Length":70,"Height":72,"Demand":1,"DemandMax":null,"Value":5040},{"Length":69,"Height":73,"Demand":1,"DemandMax":null,"Value":5037},{"Length":68,"Height":74,"Demand":1,"DemandMax":null,"Value":5032},{"Length":75,"Height":67,"Demand":1,"DemandMax":null,"Value":5025},{"Length":70,"Height":71,"Demand":1,"DemandMax":null,"Value":4970},{"Length":69,"Height":72,"Demand":1,"DemandMax":null,"Value":4968},{"Length":68,"Height":73,"Demand":1,"DemandMax":null,"Value":4964},{"Length":75,"Height":66,"Demand":1,"DemandMax":null,"Value":4950},{"Length":71,"Height":69,"Demand":1,"DemandMax":null,"Value":4899},{"Length":72,"Height":68,"Demand":1,"DemandMax":null,"Value":4896},{"Length":74,"Height":66,"Demand":1,"DemandMax":null,"Value":4884},{"Length":69,"Height":70,"Demand":1,"DemandMax":null,"Value":4830},{"Length":71,"Height":68,"Demand":1,"DemandMax":null,"Value":4828},{"Length":67,"Height":72,"Demand":1,"DemandMax":null,"Value":4824},{"Length":73,"Height":66,"Demand":1,"DemandMax":null,"Value":4818},{"Length":65,"Height":74,"Demand":1,"DemandMax":null,"Value":4810},{"Length":71,"Height":67,"Demand":1,"DemandMax":null,"Value":4757},{"Length":72,"Height":66,"Demand":1,"DemandMax":null,"Value":4752},{"Length":73,"Height":65,"Demand":1,"DemandMax":null,"Value":4745},{"Length":75,"Height":63,"Demand":1,"DemandMax":null,"Value":4725},{"Length":69,"Height":68,"Demand":1,"DemandMax":null,"Value":4692},{"Length":67,"Height":70,"Demand":1,"DemandMax":null,"Value":4690},{"Length":71,"Height":66,"Demand":1,"DemandMax":null,"Value":4686},{"Length":72,"Height":65,"Demand":1,"DemandMax":null,"Value":4680},{"Length":73,"Height":64,"Demand":1,"DemandMax":null,"Value":4672},{"Length":74,"Height":63,"Demand":1,"DemandMax":null,"Value":4662},{"Length":75,"Height":62,"Demand":1,"DemandMax":null,"Value":4650},{"Length":69,"Height":67,"Demand":1,"DemandMax":null,"Value":4623},{"Length":71,"Height":65,"Demand":1,"DemandMax":null,"Value":4615},{"Length":72,"Height":64,"Demand":1,"DemandMax":null,"Value":4608},{"Length":73,"Height":63,"Demand":1,"DemandMax":null,"Value":4599},{"Length":74,"Height":62,"Demand":1,"DemandMax":null,"Value":4588},{"Length":61,"Height":75,"Demand":1,"DemandMax":null,"Value":4575},{"Length":65,"Height":70,"Demand":1,"DemandMax":null,"Value":4550},{"Length":71,"Height":64,"Demand":1,"DemandMax":null,"Value":4544},{"Length":63,"Height":72,"Demand":1,"DemandMax":null,"Value":4536},{"Length":73,"Height":62,"Demand":1,"DemandMax":null,"Value":4526},{"Length":75,"Height":60,"Demand":1,"DemandMax":null,"Value":4500},{"Length":67,"Height":67,"Demand":1,"DemandMax":null,"Value":4489},{"Length":66,"Height":68,"Demand":1,"DemandMax":null,"Value":4488},{"Length":71,"Height":63,"Demand":1,"DemandMax":null,"Value":4473},{"Length":62,"Height":72,"Demand":1,"DemandMax":null,"Value":4464},{"Length":61,"Height":73,"Demand":1,"DemandMax":null,"Value":4453},{"Length":74,"Height":60,"Demand":1,"DemandMax":null,"Value":4440},{"Length":75,"Height":59,"Demand":1,"DemandMax":null,"Value":4425},{"Length":67,"Height":66,"Demand":1,"DemandMax":null,"Value":4422},{"Length":69,"Height":64,"Demand":1,"DemandMax":null,"Value":4416},{"Length":70,"Height":63,"Demand":1,"DemandMax":null,"Value":4410},{"Length":71,"Height":62,"Demand":1,"DemandMax":null,"Value":4402},{"Length":72,"Height":61,"Demand":1,"DemandMax":null,"Value":4392},{"Length":66,"Height":66,"Demand":1,"DemandMax":null,"Value":4356},{"Length":67,"Height":65,"Demand":1,"DemandMax":null,"Value":4355},{"Length":64,"Height":68,"Demand":1,"DemandMax":null,"Value":4352},{"Length":58,"Height":75,"Demand":1,"DemandMax":null,"Value":4350},{"Length":69,"Height":63,"Demand":1,"DemandMax":null,"Value":4347},{"Length":60,"Height":72,"Demand":1,"DemandMax":null,"Value":4320},{"Length":73,"Height":59,"Demand":1,"DemandMax":null,"Value":4307},{"Length":74,"Height":58,"Demand":1,"DemandMax":null,"Value":4292},{"Length":66,"Height":65,"Demand":1,"DemandMax":null,"Value":4290},{"Length":67,"Height":64,"Demand":1,"DemandMax":null,"Value":4288},{"Length":63,"Height":68,"Demand":1,"DemandMax":null,"Value":4284},{"Length":69,"Height":62,"Demand":1,"DemandMax":null,"Value":4278},{"Length":75,"Height":57,"Demand":1,"DemandMax":null,"Value":4275},{"Length":61,"Height":70,"Demand":1,"DemandMax":null,"Value":4270},{"Length":60,"Height":71,"Demand":1,"DemandMax":null,"Value":4260},{"Length":72,"Height":59,"Demand":1,"DemandMax":null,"Value":4248},{"Length":63,"Height":67,"Demand":1,"DemandMax":null,"Value":4221},{"Length":57,"Height":74,"Demand":1,"DemandMax":null,"Value":4218},{"Length":68,"Height":62,"Demand":1,"DemandMax":null,"Value":4216},{"Length":61,"Height":69,"Demand":1,"DemandMax":null,"Value":4209},{"Length":70,"Height":60,"Demand":1,"DemandMax":null,"Value":4200},{"Length":75,"Height":56,"Demand":1,"DemandMax":null,"Value":4200},{"Length":59,"Height":71,"Demand":1,"DemandMax":null,"Value":4189},{"Length":72,"Height":58,"Demand":1,"DemandMax":null,"Value":4176},{"Length":73,"Height":57,"Demand":1,"DemandMax":null,"Value":4161},{"Length":64,"Height":65,"Demand":1,"DemandMax":null,"Value":4160},{"Length":66,"Height":63,"Demand":1,"DemandMax":null,"Value":4158},{"Length":68,"Height":61,"Demand":1,"DemandMax":null,"Value":4148},{"Length":56,"Height":74,"Demand":1,"DemandMax":null,"Value":4144},{"Length":69,"Height":60,"Demand":1,"DemandMax":null,"Value":4140},{"Length":75,"Height":55,"Demand":1,"DemandMax":null,"Value":4125},{"Length":58,"Height":71,"Demand":1,"DemandMax":null,"Value":4118},{"Length":72,"Height":57,"Demand":1,"DemandMax":null,"Value":4104},{"Length":63,"Height":65,"Demand":1,"DemandMax":null,"Value":4095},{"Length":73,"Height":56,"Demand":1,"DemandMax":null,"Value":4088},{"Length":61,"Height":67,"Demand":1,"DemandMax":null,"Value":4087},{"Length":68,"Height":60,"Demand":1,"DemandMax":null,"Value":4080},{"Length":59,"Height":69,"Demand":1,"DemandMax":null,"Value":4071},{"Length":74,"Height":55,"Demand":1,"DemandMax":null,"Value":4070},{"Length":58,"Height":70,"Demand":1,"DemandMax":null,"Value":4060},{"Length":54,"Height":75,"Demand":1,"DemandMax":null,"Value":4050},{"Length":71,"Height":57,"Demand":1,"DemandMax":null,"Value":4047},{"Length":56,"Height":72,"Demand":1,"DemandMax":null,"Value":4032},{"Length":64,"Height":63,"Demand":1,"DemandMax":null,"Value":4032},{"Length":62,"Height":65,"Demand":1,"DemandMax":null,"Value":4030},{"Length":73,"Height":55,"Demand":1,"DemandMax":null,"Value":4015},{"Length":59,"Height":68,"Demand":1,"DemandMax":null,"Value":4012},{"Length":58,"Height":69,"Demand":1,"DemandMax":null,"Value":4002},{"Length":74,"Height":54,"Demand":1,"DemandMax":null,"Value":3996},{"Length":57,"Height":70,"Demand":1,"DemandMax":null,"Value":3990},{"Length":56,"Height":71,"Demand":1,"DemandMax":null,"Value":3976},{"Length":53,"Height":75,"Demand":1,"DemandMax":null,"Value":3975},{"Length":63,"Height":63,"Demand":1,"DemandMax":null,"Value":3969},{"Length":64,"Height":62,"Demand":1,"DemandMax":null,"Value":3968},{"Length":65,"Height":61,"Demand":1,"DemandMax":null,"Value":3965},{"Length":66,"Height":60,"Demand":1,"DemandMax":null,"Value":3960},{"Length":55,"Height":72,"Demand":1,"DemandMax":null,"Value":3960},{"Length":67,"Height":59,"Demand":1,"DemandMax":null,"Value":3953},{"Length":58,"Height":68,"Demand":1,"DemandMax":null,"Value":3944},{"Length":54,"Height":73,"Demand":1,"DemandMax":null,"Value":3942},{"Length":74,"Height":53,"Demand":1,"DemandMax":null,"Value":3922},{"Length":62,"Height":63,"Demand":1,"DemandMax":null,"Value":3906},{"Length":55,"Height":71,"Demand":1,"DemandMax":null,"Value":3905},{"Length":64,"Height":61,"Demand":1,"DemandMax":null,"Value":3904},{"Length":75,"Height":52,"Demand":1,"DemandMax":null,"Value":3900},{"Length":60,"Height":65,"Demand":1,"DemandMax":null,"Value":3900},{"Length":54,"Height":72,"Demand":1,"DemandMax":null,"Value":3888},{"Length":67,"Height":58,"Demand":1,"DemandMax":null,"Value":3886},{"Length":69,"Height":56,"Demand":1,"DemandMax":null,"Value":3864},{"Length":70,"Height":55,"Demand":1,"DemandMax":null,"Value":3850},{"Length":74,"Height":52,"Demand":1,"DemandMax":null,"Value":3848},{"Length":62,"Height":62,"Demand":1,"DemandMax":null,"Value":3844},{"Length":61,"Height":63,"Demand":1,"DemandMax":null,"Value":3843},{"Length":64,"Height":60,"Demand":1,"DemandMax":null,"Value":3840},{"Length":59,"Height":65,"Demand":1,"DemandMax":null,"Value":3835},{"Length":54,"Height":71,"Demand":1,"DemandMax":null,"Value":3834},{"Length":58,"Height":66,"Demand":1,"DemandMax":null,"Value":3828},{"Length":75,"Height":51,"Demand":1,"DemandMax":null,"Value":3825},{"Length":57,"Height":67,"Demand":1,"DemandMax":null,"Value":3819},{"Length":72,"Height":53,"Demand":1,"DemandMax":null,"Value":3816},{"Length":56,"Height":68,"Demand":1,"DemandMax":null,"Value":3808},{"Length":73,"Height":52,"Demand":1,"DemandMax":null,"Value":3796},{"Length":69,"Height":55,"Demand":1,"DemandMax":null,"Value":3795},{"Length":54,"Height":70,"Demand":1,"DemandMax":null,"Value":3780},{"Length":63,"Height":60,"Demand":1,"DemandMax":null,"Value":3780},{"Length":59,"Height":64,"Demand":1,"DemandMax":null,"Value":3776},{"Length":58,"Height":65,"Demand":1,"DemandMax":null,"Value":3770},{"Length":66,"Height":57,"Demand":1,"DemandMax":null,"Value":3762},{"Length":67,"Height":56,"Demand":1,"DemandMax":null,"Value":3752},{"Length":52,"Height":72,"Demand":1,"DemandMax":null,"Value":3744},{"Length":69,"Height":54,"Demand":1,"DemandMax":null,"Value":3726},{"Length":73,"Height":51,"Demand":1,"DemandMax":null,"Value":3723},{"Length":60,"Height":62,"Demand":1,"DemandMax":null,"Value":3720},{"Length":59,"Height":63,"Demand":1,"DemandMax":null,"Value":3717},{"Length":64,"Height":58,"Demand":1,"DemandMax":null,"Value":3712},{"Length":53,"Height":70,"Demand":1,"DemandMax":null,"Value":3710},{"Length":57,"Height":65,"Demand":1,"DemandMax":null,"Value":3705},{"Length":66,"Height":56,"Demand":1,"DemandMax":null,"Value":3696},{"Length":67,"Height":55,"Demand":1,"DemandMax":null,"Value":3685},{"Length":75,"Height":49,"Demand":1,"DemandMax":null,"Value":3675},{"Length":72,"Height":51,"Demand":1,"DemandMax":null,"Value":3672},{"Length":68,"Height":54,"Demand":1,"DemandMax":null,"Value":3672},{"Length":60,"Height":61,"Demand":1,"DemandMax":null,"Value":3660},{"Length":62,"Height":59,"Demand":1,"DemandMax":null,"Value":3658},{"Length":69,"Height":53,"Demand":1,"DemandMax":null,"Value":3657},{"Length":58,"Height":63,"Demand":1,"DemandMax":null,"Value":3654},{"Length":73,"Height":50,"Demand":1,"DemandMax":null,"Value":3650},{"Length":56,"Height":65,"Demand":1,"DemandMax":null,"Value":3640},{"Length":52,"Height":70,"Demand":1,"DemandMax":null,"Value":3640},{"Length":66,"Height":55,"Demand":1,"DemandMax":null,"Value":3630},{"Length":74,"Height":49,"Demand":1,"DemandMax":null,"Value":3626},{"Length":54,"Height":67,"Demand":1,"DemandMax":null,"Value":3618},{"Length":50,"Height":72,"Demand":1,"DemandMax":null,"Value":3600},{"Length":75,"Height":48,"Demand":1,"DemandMax":null,"Value":3600},{"Length":59,"Height":61,"Demand":1,"DemandMax":null,"Value":3599},{"Length":58,"Height":62,"Demand":1,"DemandMax":null,"Value":3596},{"Length":57,"Height":63,"Demand":1,"DemandMax":null,"Value":3591},{"Length":52,"Height":69,"Demand":1,"DemandMax":null,"Value":3588},{"Length":56,"Height":64,"Demand":1,"DemandMax":null,"Value":3584},{"Length":73,"Height":49,"Demand":1,"DemandMax":null,"Value":3577},{"Length":65,"Height":55,"Demand":1,"DemandMax":null,"Value":3575},{"Length":51,"Height":70,"Demand":1,"DemandMax":null,"Value":3570},{"Length":66,"Height":54,"Demand":1,"DemandMax":null,"Value":3564},{"Length":48,"Height":74,"Demand":1,"DemandMax":null,"Value":3552},{"Length":67,"Height":53,"Demand":1,"DemandMax":null,"Value":3551},{"Length":71,"Height":50,"Demand":1,"DemandMax":null,"Value":3550},{"Length":57,"Height":62,"Demand":1,"DemandMax":null,"Value":3534},{"Length":56,"Height":63,"Demand":1,"DemandMax":null,"Value":3528},{"Length":72,"Height":49,"Demand":1,"DemandMax":null,"Value":3528},{"Length":47,"Height":75,"Demand":1,"DemandMax":null,"Value":3525},{"Length":55,"Height":64,"Demand":1,"DemandMax":null,"Value":3520},{"Length":51,"Height":69,"Demand":1,"DemandMax":null,"Value":3519},{"Length":65,"Height":54,"Demand":1,"DemandMax":null,"Value":3510},{"Length":73,"Height":48,"Demand":1,"DemandMax":null,"Value":3504},{"Length":70,"Height":50,"Demand":1,"DemandMax":null,"Value":3500},{"Length":67,"Height":52,"Demand":1,"DemandMax":null,"Value":3484},{"Length":59,"Height":59,"Demand":1,"DemandMax":null,"Value":3481},{"Length":58,"Height":60,"Demand":1,"DemandMax":null,"Value":3480},{"Length":49,"Height":71,"Demand":1,"DemandMax":null,"Value":3479},{"Length":74,"Height":47,"Demand":1,"DemandMax":null,"Value":3478},{"Length":57,"Height":61,"Demand":1,"DemandMax":null,"Value":3477},{"Length":51,"Height":68,"Demand":1,"DemandMax":null,"Value":3468},{"Length":55,"Height":63,"Demand":1,"DemandMax":null,"Value":3465},{"Length":54,"Height":64,"Demand":1,"DemandMax":null,"Value":3456},{"Length":72,"Height":48,"Demand":1,"DemandMax":null,"Value":3456},{"Length":46,"Height":75,"Demand":1,"DemandMax":null,"Value":3450},{"Length":50,"Height":69,"Demand":1,"DemandMax":null,"Value":3450},{"Length":65,"Height":53,"Demand":1,"DemandMax":null,"Value":3445},{"Length":52,"Height":66,"Demand":1,"DemandMax":null,"Value":3432},{"Length":47,"Height":73,"Demand":1,"DemandMax":null,"Value":3431},{"Length":70,"Height":49,"Demand":1,"DemandMax":null,"Value":3430},{"Length":56,"Height":61,"Demand":1,"DemandMax":null,"Value":3416},{"Length":62,"Height":55,"Demand":1,"DemandMax":null,"Value":3410},{"Length":48,"Height":71,"Demand":1,"DemandMax":null,"Value":3408},{"Length":63,"Height":54,"Demand":1,"DemandMax":null,"Value":3402},{"Length":53,"Height":64,"Demand":1,"DemandMax":null,"Value":3392},{"Length":47,"Height":72,"Demand":1,"DemandMax":null,"Value":3384},{"Length":69,"Height":49,"Demand":1,"DemandMax":null,"Value":3381},{"Length":65,"Height":52,"Demand":1,"DemandMax":null,"Value":3380},{"Length":51,"Height":66,"Demand":1,"DemandMax":null,"Value":3366},{"Length":57,"Height":59,"Demand":1,"DemandMax":null,"Value":3363},{"Length":48,"Height":70,"Demand":1,"DemandMax":null,"Value":3360},{"Length":61,"Height":55,"Demand":1,"DemandMax":null,"Value":3355},{"Length":67,"Height":50,"Demand":1,"DemandMax":null,"Value":3350},{"Length":62,"Height":54,"Demand":1,"DemandMax":null,"Value":3348},{"Length":71,"Height":47,"Demand":1,"DemandMax":null,"Value":3337},{"Length":45,"Height":74,"Demand":1,"DemandMax":null,"Value":3330},{"Length":65,"Height":51,"Demand":1,"DemandMax":null,"Value":3315},{"Length":72,"Height":46,"Demand":1,"DemandMax":null,"Value":3312},{"Length":48,"Height":69,"Demand":1,"DemandMax":null,"Value":3312},{"Length":58,"Height":57,"Demand":1,"DemandMax":null,"Value":3306},{"Length":56,"Height":59,"Demand":1,"DemandMax":null,"Value":3304},{"Length":55,"Height":60,"Demand":1,"DemandMax":null,"Value":3300},{"Length":75,"Height":44,"Demand":1,"DemandMax":null,"Value":3300},{"Length":54,"Height":61,"Demand":1,"DemandMax":null,"Value":3294},{"Length":47,"Height":70,"Demand":1,"DemandMax":null,"Value":3290},{"Length":62,"Height":53,"Demand":1,"DemandMax":null,"Value":3286},{"Length":45,"Height":73,"Demand":1,"DemandMax":null,"Value":3285},{"Length":67,"Height":49,"Demand":1,"DemandMax":null,"Value":3283},{"Length":52,"Height":63,"Demand":1,"DemandMax":null,"Value":3276},{"Length":46,"Height":71,"Demand":1,"DemandMax":null,"Value":3266},{"Length":51,"Height":64,"Demand":1,"DemandMax":null,"Value":3264},{"Length":48,"Height":68,"Demand":1,"DemandMax":null,"Value":3264},{"Length":74,"Height":44,"Demand":1,"DemandMax":null,"Value":3256},{"Length":65,"Height":50,"Demand":1,"DemandMax":null,"Value":3250},{"Length":57,"Height":57,"Demand":1,"DemandMax":null,"Value":3249},{"Length":56,"Height":58,"Demand":1,"DemandMax":null,"Value":3248},{"Length":55,"Height":59,"Demand":1,"DemandMax":null,"Value":3245},{"Length":69,"Height":47,"Demand":1,"DemandMax":null,"Value":3243},{"Length":60,"Height":54,"Demand":1,"DemandMax":null,"Value":3240},{"Length":66,"Height":49,"Demand":1,"DemandMax":null,"Value":3234},{"Length":53,"Height":61,"Demand":1,"DemandMax":null,"Value":3233},{"Length":43,"Height":75,"Demand":1,"DemandMax":null,"Value":3225},{"Length":62,"Height":52,"Demand":1,"DemandMax":null,"Value":3224},{"Length":73,"Height":44,"Demand":1,"DemandMax":null,"Value":3212},{"Length":71,"Height":45,"Demand":1,"DemandMax":null,"Value":3195},{"Length":57,"Height":56,"Demand":1,"DemandMax":null,"Value":3192},{"Length":58,"Height":55,"Demand":1,"DemandMax":null,"Value":3190},{"Length":59,"Height":54,"Demand":1,"DemandMax":null,"Value":3186},{"Length":65,"Height":49,"Demand":1,"DemandMax":null,"Value":3185},{"Length":74,"Height":43,"Demand":1,"DemandMax":null,"Value":3182},{"Length":53,"Height":60,"Demand":1,"DemandMax":null,"Value":3180},{"Length":69,"Height":46,"Demand":1,"DemandMax":null,"Value":3174},{"Length":52,"Height":61,"Demand":1,"DemandMax":null,"Value":3172},{"Length":48,"Height":66,"Demand":1,"DemandMax":null,"Value":3168},{"Length":72,"Height":44,"Demand":1,"DemandMax":null,"Value":3168},{"Length":51,"Height":62,"Demand":1,"DemandMax":null,"Value":3162},{"Length":75,"Height":42,"Demand":1,"DemandMax":null,"Value":3150},{"Length":70,"Height":45,"Demand":1,"DemandMax":null,"Value":3150},{"Length":47,"Height":67,"Demand":1,"DemandMax":null,"Value":3149},{"Length":73,"Height":43,"Demand":1,"DemandMax":null,"Value":3139},{"Length":64,"Height":49,"Demand":1,"DemandMax":null,"Value":3136},{"Length":55,"Height":57,"Demand":1,"DemandMax":null,"Value":3135},{"Length":58,"Height":54,"Demand":1,"DemandMax":null,"Value":3132},{"Length":53,"Height":59,"Demand":1,"DemandMax":null,"Value":3127},{"Length":51,"Height":61,"Demand":1,"DemandMax":null,"Value":3111},{"Length":42,"Height":74,"Demand":1,"DemandMax":null,"Value":3108},{"Length":69,"Height":45,"Demand":1,"DemandMax":null,"Value":3105},{"Length":66,"Height":47,"Demand":1,"DemandMax":null,"Value":3102},{"Length":50,"Height":62,"Demand":1,"DemandMax":null,"Value":3100},{"Length":49,"Height":63,"Demand":1,"DemandMax":null,"Value":3087},{"Length":46,"Height":67,"Demand":1,"DemandMax":null,"Value":3082},{"Length":55,"Height":56,"Demand":1,"DemandMax":null,"Value":3080},{"Length":70,"Height":44,"Demand":1,"DemandMax":null,"Value":3080},{"Length":57,"Height":54,"Demand":1,"DemandMax":null,"Value":3078},{"Length":75,"Height":41,"Demand":1,"DemandMax":null,"Value":3075},{"Length":53,"Height":58,"Demand":1,"DemandMax":null,"Value":3074},{"Length":48,"Height":64,"Demand":1,"DemandMax":null,"Value":3072},{"Length":52,"Height":59,"Demand":1,"DemandMax":null,"Value":3068},{"Length":51,"Height":60,"Demand":1,"DemandMax":null,"Value":3060},{"Length":68,"Height":45,"Demand":1,"DemandMax":null,"Value":3060},{"Length":65,"Height":47,"Demand":1,"DemandMax":null,"Value":3055},{"Length":71,"Height":43,"Demand":1,"DemandMax":null,"Value":3053},{"Length":50,"Height":61,"Demand":1,"DemandMax":null,"Value":3050},{"Length":62,"Height":49,"Demand":1,"DemandMax":null,"Value":3038},{"Length":46,"Height":66,"Demand":1,"DemandMax":null,"Value":3036},{"Length":41,"Height":74,"Demand":1,"DemandMax":null,"Value":3034},{"Length":63,"Height":48,"Demand":1,"DemandMax":null,"Value":3024},{"Length":54,"Height":56,"Demand":1,"DemandMax":null,"Value":3024},{"Length":57,"Height":53,"Demand":1,"DemandMax":null,"Value":3021},{"Length":58,"Height":52,"Demand":1,"DemandMax":null,"Value":3016},{"Length":70,"Height":43,"Demand":1,"DemandMax":null,"Value":3010},{"Length":51,"Height":59,"Demand":1,"DemandMax":null,"Value":3009},{"Length":75,"Height":40,"Demand":1,"DemandMax":null,"Value":3000},{"Length":60,"Height":50,"Demand":1,"DemandMax":null,"Value":3000},{"Length":73,"Height":41,"Demand":1,"DemandMax":null,"Value":2993},{"Length":44,"Height":68,"Demand":1,"DemandMax":null,"Value":2992},{"Length":61,"Height":49,"Demand":1,"DemandMax":null,"Value":2989},{"Length":42,"Height":71,"Demand":1,"DemandMax":null,"Value":2982},{"Length":62,"Height":48,"Demand":1,"DemandMax":null,"Value":2976},{"Length":66,"Height":45,"Demand":1,"DemandMax":null,"Value":2970},{"Length":55,"Height":54,"Demand":1,"DemandMax":null,"Value":2970},{"Length":56,"Height":53,"Demand":1,"DemandMax":null,"Value":2968},{"Length":69,"Height":43,"Demand":1,"DemandMax":null,"Value":2967},{"Length":57,"Height":52,"Demand":1,"DemandMax":null,"Value":2964},{"Length":63,"Height":47,"Demand":1,"DemandMax":null,"Value":2961},{"Length":74,"Height":40,"Demand":1,"DemandMax":null,"Value":2960},{"Length":51,"Height":58,"Demand":1,"DemandMax":null,"Value":2958},{"Length":67,"Height":44,"Demand":1,"DemandMax":null,"Value":2948},{"Length":64,"Height":46,"Demand":1,"DemandMax":null,"Value":2944},{"Length":42,"Height":70,"Demand":1,"DemandMax":null,"Value":2940},{"Length":61,"Height":48,"Demand":1,"DemandMax":null,"Value":2928},{"Length":39,"Height":75,"Demand":1,"DemandMax":null,"Value":2925},{"Length":43,"Height":68,"Demand":1,"DemandMax":null,"Value":2924},{"Length":73,"Height":40,"Demand":1,"DemandMax":null,"Value":2920},{"Length":54,"Height":54,"Demand":1,"DemandMax":null,"Value":2916},{"Length":52,"Height":56,"Demand":1,"DemandMax":null,"Value":2912},{"Length":57,"Height":51,"Demand":1,"DemandMax":null,"Value":2907},{"Length":46,"Height":63,"Demand":1,"DemandMax":null,"Value":2898},{"Length":74,"Height":39,"Demand":1,"DemandMax":null,"Value":2886},{"Length":43,"Height":67,"Demand":1,"DemandMax":null,"Value":2881},{"Length":48,"Height":60,"Demand":1,"DemandMax":null,"Value":2880},{"Length":64,"Height":45,"Demand":1,"DemandMax":null,"Value":2880},{"Length":72,"Height":40,"Demand":1,"DemandMax":null,"Value":2880},{"Length":41,"Height":70,"Demand":1,"DemandMax":null,"Value":2870},{"Length":47,"Height":61,"Demand":1,"DemandMax":null,"Value":2867},{"Length":65,"Height":44,"Demand":1,"DemandMax":null,"Value":2860},{"Length":51,"Height":56,"Demand":1,"DemandMax":null,"Value":2856},{"Length":68,"Height":42,"Demand":1,"DemandMax":null,"Value":2856},{"Length":62,"Height":46,"Demand":1,"DemandMax":null,"Value":2852},{"Length":75,"Height":38,"Demand":1,"DemandMax":null,"Value":2850},{"Length":57,"Height":50,"Demand":1,"DemandMax":null,"Value":2850},{"Length":58,"Height":49,"Demand":1,"DemandMax":null,"Value":2842},{"Length":40,"Height":71,"Demand":1,"DemandMax":null,"Value":2840},{"Length":45,"Height":63,"Demand":1,"DemandMax":null,"Value":2835},{"Length":48,"Height":59,"Demand":1,"DemandMax":null,"Value":2832},{"Length":69,"Height":41,"Demand":1,"DemandMax":null,"Value":2829},{"Length":60,"Height":47,"Demand":1,"DemandMax":null,"Value":2820},{"Length":44,"Height":64,"Demand":1,"DemandMax":null,"Value":2816},{"Length":74,"Height":38,"Demand":1,"DemandMax":null,"Value":2812},{"Length":53,"Height":53,"Demand":1,"DemandMax":null,"Value":2809},{"Length":72,"Height":39,"Demand":1,"DemandMax":null,"Value":2808},{"Length":61,"Height":46,"Demand":1,"DemandMax":null,"Value":2806},{"Length":55,"Height":51,"Demand":1,"DemandMax":null,"Value":2805},{"Length":65,"Height":43,"Demand":1,"DemandMax":null,"Value":2795},{"Length":57,"Height":49,"Demand":1,"DemandMax":null,"Value":2793},{"Length":62,"Height":45,"Demand":1,"DemandMax":null,"Value":2790},{"Length":58,"Height":48,"Demand":1,"DemandMax":null,"Value":2784},{"Length":75,"Height":37,"Demand":1,"DemandMax":null,"Value":2775},{"Length":59,"Height":47,"Demand":1,"DemandMax":null,"Value":2773},{"Length":66,"Height":42,"Demand":1,"DemandMax":null,"Value":2772},{"Length":63,"Height":44,"Demand":1,"DemandMax":null,"Value":2772},{"Length":69,"Height":40,"Demand":1,"DemandMax":null,"Value":2760},{"Length":52,"Height":53,"Demand":1,"DemandMax":null,"Value":2756},{"Length":54,"Height":51,"Demand":1,"DemandMax":null,"Value":2754},{"Length":43,"Height":64,"Demand":1,"DemandMax":null,"Value":2752},{"Length":50,"Height":55,"Demand":1,"DemandMax":null,"Value":2750},{"Length":67,"Height":41,"Demand":1,"DemandMax":null,"Value":2747},{"Length":45,"Height":61,"Demand":1,"DemandMax":null,"Value":2745},{"Length":56,"Height":49,"Demand":1,"DemandMax":null,"Value":2744},{"Length":37,"Height":74,"Demand":1,"DemandMax":null,"Value":2738},{"Length":57,"Height":48,"Demand":1,"DemandMax":null,"Value":2736},{"Length":72,"Height":38,"Demand":1,"DemandMax":null,"Value":2736},{"Length":70,"Height":39,"Demand":1,"DemandMax":null,"Value":2730},{"Length":65,"Height":42,"Demand":1,"DemandMax":null,"Value":2730},{"Length":62,"Height":44,"Demand":1,"DemandMax":null,"Value":2728},{"Length":68,"Height":40,"Demand":1,"DemandMax":null,"Value":2720},{"Length":59,"Height":46,"Demand":1,"DemandMax":null,"Value":2714},{"Length":63,"Height":43,"Demand":1,"DemandMax":null,"Value":2709},{"Length":41,"Height":66,"Demand":1,"DemandMax":null,"Value":2706},{"Length":52,"Height":52,"Demand":1,"DemandMax":null,"Value":2704},{"Length":53,"Height":51,"Demand":1,"DemandMax":null,"Value":2703},{"Length":36,"Height":75,"Demand":1,"DemandMax":null,"Value":2700},{"Length":50,"Height":54,"Demand":1,"DemandMax":null,"Value":2700},{"Length":71,"Height":38,"Demand":1,"DemandMax":null,"Value":2698},{"Length":55,"Height":49,"Demand":1,"DemandMax":null,"Value":2695},{"Length":69,"Height":39,"Demand":1,"DemandMax":null,"Value":2691},{"Length":40,"Height":67,"Demand":1,"DemandMax":null,"Value":2680},{"Length":57,"Height":47,"Demand":1,"DemandMax":null,"Value":2679},{"Length":46,"Height":58,"Demand":1,"DemandMax":null,"Value":2668},{"Length":62,"Height":43,"Demand":1,"DemandMax":null,"Value":2666},{"Length":41,"Height":65,"Demand":1,"DemandMax":null,"Value":2665},{"Length":72,"Height":37,"Demand":1,"DemandMax":null,"Value":2664},{"Length":74,"Height":36,"Demand":1,"DemandMax":null,"Value":2664},{"Length":70,"Height":38,"Demand":1,"DemandMax":null,"Value":2660},{"Length":59,"Height":45,"Demand":1,"DemandMax":null,"Value":2655},{"Length":52,"Height":51,"Demand":1,"DemandMax":null,"Value":2652},{"Length":50,"Height":53,"Demand":1,"DemandMax":null,"Value":2650},{"Length":63,"Height":42,"Demand":1,"DemandMax":null,"Value":2646},{"Length":54,"Height":49,"Demand":1,"DemandMax":null,"Value":2646},{"Length":44,"Height":60,"Demand":1,"DemandMax":null,"Value":2640},{"Length":48,"Height":55,"Demand":1,"DemandMax":null,"Value":2640},{"Length":47,"Height":56,"Demand":1,"DemandMax":null,"Value":2632},{"Length":36,"Height":73,"Demand":1,"DemandMax":null,"Value":2628},{"Length":37,"Height":71,"Demand":1,"DemandMax":null,"Value":2627},{"Length":35,"Height":75,"Demand":1,"DemandMax":null,"Value":2625},{"Length":41,"Height":64,"Demand":1,"DemandMax":null,"Value":2624},{"Length":43,"Height":61,"Demand":1,"DemandMax":null,"Value":2623},{"Length":69,"Height":38,"Demand":1,"DemandMax":null,"Value":2622},{"Length":57,"Height":46,"Demand":1,"DemandMax":null,"Value":2622},{"Length":39,"Height":67,"Demand":1,"DemandMax":null,"Value":2613},{"Length":45,"Height":58,"Demand":1,"DemandMax":null,"Value":2610},{"Length":62,"Height":42,"Demand":1,"DemandMax":null,"Value":2604},{"Length":51,"Height":51,"Demand":1,"DemandMax":null,"Value":2601},{"Length":50,"Height":52,"Demand":1,"DemandMax":null,"Value":2600},{"Length":53,"Height":49,"Demand":1,"DemandMax":null,"Value":2597},{"Length":44,"Height":59,"Demand":1,"DemandMax":null,"Value":2596},{"Length":48,"Height":54,"Demand":1,"DemandMax":null,"Value":2592},{"Length":72,"Height":36,"Demand":1,"DemandMax":null,"Value":2592},{"Length":35,"Height":74,"Demand":1,"DemandMax":null,"Value":2590},{"Length":55,"Height":47,"Demand":1,"DemandMax":null,"Value":2585},{"Length":63,"Height":41,"Demand":1,"DemandMax":null,"Value":2583},{"Length":56,"Height":46,"Demand":1,"DemandMax":null,"Value":2576},{"Length":66,"Height":39,"Demand":1,"DemandMax":null,"Value":2574},{"Length":57,"Height":45,"Demand":1,"DemandMax":null,"Value":2565},{"Length":42,"Height":61,"Demand":1,"DemandMax":null,"Value":2562},{"Length":71,"Height":36,"Demand":1,"DemandMax":null,"Value":2556},{"Length":73,"Height":35,"Demand":1,"DemandMax":null,"Value":2555},{"Length":69,"Height":37,"Demand":1,"DemandMax":null,"Value":2553},{"Length":44,"Height":58,"Demand":1,"DemandMax":null,"Value":2552},{"Length":50,"Height":51,"Demand":1,"DemandMax":null,"Value":2550},{"Length":34,"Height":75,"Demand":1,"DemandMax":null,"Value":2550},{"Length":52,"Height":49,"Demand":1,"DemandMax":null,"Value":2548},{"Length":41,"Height":62,"Demand":1,"DemandMax":null,"Value":2542},{"Length":54,"Height":47,"Demand":1,"DemandMax":null,"Value":2538},{"Length":55,"Height":46,"Demand":1,"DemandMax":null,"Value":2530},{"Length":45,"Height":56,"Demand":1,"DemandMax":null,"Value":2520},{"Length":42,"Height":60,"Demand":1,"DemandMax":null,"Value":2520},{"Length":70,"Height":36,"Demand":1,"DemandMax":null,"Value":2520},{"Length":63,"Height":40,"Demand":1,"DemandMax":null,"Value":2520},{"Length":34,"Height":74,"Demand":1,"DemandMax":null,"Value":2516},{"Length":66,"Height":38,"Demand":1,"DemandMax":null,"Value":2508},{"Length":44,"Height":57,"Demand":1,"DemandMax":null,"Value":2508},{"Length":41,"Height":61,"Demand":1,"DemandMax":null,"Value":2501},{"Length":51,"Height":49,"Demand":1,"DemandMax":null,"Value":2499},{"Length":43,"Height":58,"Demand":1,"DemandMax":null,"Value":2494},{"Length":53,"Height":47,"Demand":1,"DemandMax":null,"Value":2491},{"Length":71,"Height":35,"Demand":1,"DemandMax":null,"Value":2485},{"Length":36,"Height":69,"Demand":1,"DemandMax":null,"Value":2484},{"Length":54,"Height":46,"Demand":1,"DemandMax":null,"Value":2484},{"Length":34,"Height":73,"Demand":1,"DemandMax":null,"Value":2482},{"Length":40,"Height":62,"Demand":1,"DemandMax":null,"Value":2480},{"Length":33,"Height":75,"Demand":1,"DemandMax":null,"Value":2475},{"Length":38,"Height":65,"Demand":1,"DemandMax":null,"Value":2470},{"Length":44,"Height":56,"Demand":1,"DemandMax":null,"Value":2464},{"Length":50,"Height":49,"Demand":1,"DemandMax":null,"Value":2450},{"Length":35,"Height":70,"Demand":1,"DemandMax":null,"Value":2450},{"Length":72,"Height":34,"Demand":1,"DemandMax":null,"Value":2448},{"Length":36,"Height":68,"Demand":1,"DemandMax":null,"Value":2448},{"Length":51,"Height":48,"Demand":1,"DemandMax":null,"Value":2448},{"Length":52,"Height":47,"Demand":1,"DemandMax":null,"Value":2444},{"Length":33,"Height":74,"Demand":1,"DemandMax":null,"Value":2442},{"Length":66,"Height":37,"Demand":1,"DemandMax":null,"Value":2442},{"Length":53,"Height":46,"Demand":1,"DemandMax":null,"Value":2438},{"Length":58,"Height":42,"Demand":1,"DemandMax":null,"Value":2436},{"Length":64,"Height":38,"Demand":1,"DemandMax":null,"Value":2432},{"Length":41,"Height":59,"Demand":1,"DemandMax":null,"Value":2419},{"Length":39,"Height":62,"Demand":1,"DemandMax":null,"Value":2418},{"Length":33,"Height":73,"Demand":1,"DemandMax":null,"Value":2409},{"Length":56,"Height":43,"Demand":1,"DemandMax":null,"Value":2408},{"Length":60,"Height":40,"Demand":1,"DemandMax":null,"Value":2400},{"Length":32,"Height":75,"Demand":1,"DemandMax":null,"Value":2400},{"Length":50,"Height":48,"Demand":1,"DemandMax":null,"Value":2400},{"Length":47,"Height":51,"Demand":1,"DemandMax":null,"Value":2397},{"Length":38,"Height":63,"Demand":1,"DemandMax":null,"Value":2394},{"Length":46,"Height":52,"Demand":1,"DemandMax":null,"Value":2392},{"Length":45,"Height":53,"Demand":1,"DemandMax":null,"Value":2385},{"Length":68,"Height":35,"Demand":1,"DemandMax":null,"Value":2380},{"Length":61,"Height":39,"Demand":1,"DemandMax":null,"Value":2379},{"Length":41,"Height":58,"Demand":1,"DemandMax":null,"Value":2378},{"Length":66,"Height":36,"Demand":1,"DemandMax":null,"Value":2376},{"Length":54,"Height":44,"Demand":1,"DemandMax":null,"Value":2376},{"Length":64,"Height":37,"Demand":1,"DemandMax":null,"Value":2368},{"Length":32,"Height":74,"Demand":1,"DemandMax":null,"Value":2368},{"Length":49,"Height":48,"Demand":1,"DemandMax":null,"Value":2352},{"Length":56,"Height":42,"Demand":1,"DemandMax":null,"Value":2352},{"Length":47,"Height":50,"Demand":1,"DemandMax":null,"Value":2350},{"Length":46,"Height":51,"Demand":1,"DemandMax":null,"Value":2346},{"Length":35,"Height":67,"Demand":1,"DemandMax":null,"Value":2345},{"Length":52,"Height":45,"Demand":1,"DemandMax":null,"Value":2340},{"Length":60,"Height":39,"Demand":1,"DemandMax":null,"Value":2340},{"Length":36,"Height":65,"Demand":1,"DemandMax":null,"Value":2340},{"Length":41,"Height":57,"Demand":1,"DemandMax":null,"Value":2337},{"Length":44,"Height":53,"Demand":1,"DemandMax":null,"Value":2332},{"Length":63,"Height":37,"Demand":1,"DemandMax":null,"Value":2331},{"Length":58,"Height":40,"Demand":1,"DemandMax":null,"Value":2320},{"Length":38,"Height":61,"Demand":1,"DemandMax":null,"Value":2318},{"Length":68,"Height":34,"Demand":1,"DemandMax":null,"Value":2312},{"Length":42,"Height":55,"Demand":1,"DemandMax":null,"Value":2310},{"Length":66,"Height":35,"Demand":1,"DemandMax":null,"Value":2310},{"Length":33,"Height":70,"Demand":1,"DemandMax":null,"Value":2310},{"Length":48,"Height":48,"Demand":1,"DemandMax":null,"Value":2304},{"Length":72,"Height":32,"Demand":1,"DemandMax":null,"Value":2304},{"Length":49,"Height":47,"Demand":1,"DemandMax":null,"Value":2303},{"Length":50,"Height":46,"Demand":1,"DemandMax":null,"Value":2300},{"Length":41,"Height":56,"Demand":1,"DemandMax":null,"Value":2296},{"Length":45,"Height":51,"Demand":1,"DemandMax":null,"Value":2295},{"Length":62,"Height":37,"Demand":1,"DemandMax":null,"Value":2294},{"Length":74,"Height":31,"Demand":1,"DemandMax":null,"Value":2294},{"Length":52,"Height":44,"Demand":1,"DemandMax":null,"Value":2288},{"Length":60,"Height":38,"Demand":1,"DemandMax":null,"Value":2280},{"Length":53,"Height":43,"Demand":1,"DemandMax":null,"Value":2279},{"Length":34,"Height":67,"Demand":1,"DemandMax":null,"Value":2278},{"Length":69,"Height":33,"Demand":1,"DemandMax":null,"Value":2277},{"Length":65,"Height":35,"Demand":1,"DemandMax":null,"Value":2275},{"Length":42,"Height":54,"Demand":1,"DemandMax":null,"Value":2268},{"Length":36,"Height":63,"Demand":1,"DemandMax":null,"Value":2268},{"Length":73,"Height":31,"Demand":1,"DemandMax":null,"Value":2263},{"Length":39,"Height":58,"Demand":1,"DemandMax":null,"Value":2262},{"Length":48,"Height":47,"Demand":1,"DemandMax":null,"Value":2256},{"Length":55,"Height":41,"Demand":1,"DemandMax":null,"Value":2255},{"Length":49,"Height":46,"Demand":1,"DemandMax":null,"Value":2254},{"Length":75,"Height":30,"Demand":1,"DemandMax":null,"Value":2250},{"Length":50,"Height":45,"Demand":1,"DemandMax":null,"Value":2250},{"Length":44,"Height":51,"Demand":1,"DemandMax":null,"Value":2244},{"Length":68,"Height":33,"Demand":1,"DemandMax":null,"Value":2244},{"Length":66,"Height":34,"Demand":1,"DemandMax":null,"Value":2244},{"Length":38,"Height":59,"Demand":1,"DemandMax":null,"Value":2242},{"Length":70,"Height":32,"Demand":1,"DemandMax":null,"Value":2240},{"Length":52,"Height":43,"Demand":1,"DemandMax":null,"Value":2236},{"Length":36,"Height":62,"Demand":1,"DemandMax":null,"Value":2232},{"Length":72,"Height":31,"Demand":1,"DemandMax":null,"Value":2232},{"Length":53,"Height":42,"Demand":1,"DemandMax":null,"Value":2226},{"Length":60,"Height":37,"Demand":1,"DemandMax":null,"Value":2220},{"Length":41,"Height":54,"Demand":1,"DemandMax":null,"Value":2214},{"Length":33,"Height":67,"Demand":1,"DemandMax":null,"Value":2211},{"Length":34,"Height":65,"Demand":1,"DemandMax":null,"Value":2210},{"Length":69,"Height":32,"Demand":1,"DemandMax":null,"Value":2208},{"Length":46,"Height":48,"Demand":1,"DemandMax":null,"Value":2208},{"Length":45,"Height":49,"Demand":1,"DemandMax":null,"Value":2205},{"Length":35,"Height":63,"Demand":1,"DemandMax":null,"Value":2205},{"Length":58,"Height":38,"Demand":1,"DemandMax":null,"Value":2204},{"Length":71,"Height":31,"Demand":1,"DemandMax":null,"Value":2201},{"Length":55,"Height":40,"Demand":1,"DemandMax":null,"Value":2200},{"Length":61,"Height":36,"Demand":1,"DemandMax":null,"Value":2196},{"Length":51,"Height":43,"Demand":1,"DemandMax":null,"Value":2193},{"Length":30,"Height":73,"Demand":1,"DemandMax":null,"Value":2190},{"Length":52,"Height":42,"Demand":1,"DemandMax":null,"Value":2184},{"Length":39,"Height":56,"Demand":1,"DemandMax":null,"Value":2184},{"Length":37,"Height":59,"Demand":1,"DemandMax":null,"Value":2183},{"Length":34,"Height":64,"Demand":1,"DemandMax":null,"Value":2176},{"Length":68,"Height":32,"Demand":1,"DemandMax":null,"Value":2176},{"Length":75,"Height":29,"Demand":1,"DemandMax":null,"Value":2175},{"Length":31,"Height":70,"Demand":1,"DemandMax":null,"Value":2170},{"Length":62,"Height":35,"Demand":1,"DemandMax":null,"Value":2170},{"Length":38,"Height":57,"Demand":1,"DemandMax":null,"Value":2166},{"Length":47,"Height":46,"Demand":1,"DemandMax":null,"Value":2162},{"Length":45,"Height":48,"Demand":1,"DemandMax":null,"Value":2160},{"Length":36,"Height":60,"Demand":1,"DemandMax":null,"Value":2160},{"Length":30,"Height":72,"Demand":1,"DemandMax":null,"Value":2160},{"Length":44,"Height":49,"Demand":1,"DemandMax":null,"Value":2156},{"Length":50,"Height":43,"Demand":1,"DemandMax":null,"Value":2150},{"Length":74,"Height":29,"Demand":1,"DemandMax":null,"Value":2146},{"Length":58,"Height":37,"Demand":1,"DemandMax":null,"Value":2146},{"Length":33,"Height":65,"Demand":1,"DemandMax":null,"Value":2145},{"Length":34,"Height":63,"Demand":1,"DemandMax":null,"Value":2142},{"Length":69,"Height":31,"Demand":1,"DemandMax":null,"Value":2139},{"Length":52,"Height":41,"Demand":1,"DemandMax":null,"Value":2132},{"Length":30,"Height":71,"Demand":1,"DemandMax":null,"Value":2130},{"Length":56,"Height":38,"Demand":1,"DemandMax":null,"Value":2128},{"Length":59,"Height":36,"Demand":1,"DemandMax":null,"Value":2124},{"Length":53,"Height":40,"Demand":1,"DemandMax":null,"Value":2120},{"Length":73,"Height":29,"Demand":1,"DemandMax":null,"Value":2117},{"Length":45,"Height":47,"Demand":1,"DemandMax":null,"Value":2115},{"Length":33,"Height":64,"Demand":1,"DemandMax":null,"Value":2112},{"Length":32,"Height":66,"Demand":1,"DemandMax":null,"Value":2112},{"Length":44,"Height":48,"Demand":1,"DemandMax":null,"Value":2112},{"Length":57,"Height":37,"Demand":1,"DemandMax":null,"Value":2109},{"Length":68,"Height":31,"Demand":1,"DemandMax":null,"Value":2108},{"Length":34,"Height":62,"Demand":1,"DemandMax":null,"Value":2108},{"Length":49,"Height":43,"Demand":1,"DemandMax":null,"Value":2107},{"Length":54,"Height":39,"Demand":1,"DemandMax":null,"Value":2106},{"Length":30,"Height":70,"Demand":1,"DemandMax":null,"Value":2100},{"Length":42,"Height":50,"Demand":1,"DemandMax":null,"Value":2100},{"Length":35,"Height":60,"Demand":1,"DemandMax":null,"Value":2100},{"Length":75,"Height":28,"Demand":1,"DemandMax":null,"Value":2100},{"Length":41,"Height":51,"Demand":1,"DemandMax":null,"Value":2091},{"Length":38,"Height":55,"Demand":1,"DemandMax":null,"Value":2090},{"Length":72,"Height":29,"Demand":1,"DemandMax":null,"Value":2088},{"Length":65,"Height":32,"Demand":1,"DemandMax":null,"Value":2080},{"Length":52,"Height":40,"Demand":1,"DemandMax":null,"Value":2080},{"Length":33,"Height":63,"Demand":1,"DemandMax":null,"Value":2079},{"Length":69,"Height":30,"Demand":1,"DemandMax":null,"Value":2070},{"Length":46,"Height":45,"Demand":1,"DemandMax":null,"Value":2070},{"Length":44,"Height":47,"Demand":1,"DemandMax":null,"Value":2068},{"Length":53,"Height":39,"Demand":1,"DemandMax":null,"Value":2067},{"Length":59,"Height":35,"Demand":1,"DemandMax":null,"Value":2065},{"Length":43,"Height":48,"Demand":1,"DemandMax":null,"Value":2064},{"Length":29,"Height":71,"Demand":1,"DemandMax":null,"Value":2059},{"Length":42,"Height":49,"Demand":1,"DemandMax":null,"Value":2058},{"Length":36,"Height":57,"Demand":1,"DemandMax":null,"Value":2052},{"Length":38,"Height":54,"Demand":1,"DemandMax":null,"Value":2052},{"Length":41,"Height":50,"Demand":1,"DemandMax":null,"Value":2050},{"Length":64,"Height":32,"Demand":1,"DemandMax":null,"Value":2048},{"Length":31,"Height":66,"Demand":1,"DemandMax":null,"Value":2046},{"Length":28,"Height":73,"Demand":1,"DemandMax":null,"Value":2044},{"Length":34,"Height":60,"Demand":1,"DemandMax":null,"Value":2040},{"Length":30,"Height":68,"Demand":1,"DemandMax":null,"Value":2040},{"Length":55,"Height":37,"Demand":1,"DemandMax":null,"Value":2035},{"Length":58,"Height":35,"Demand":1,"DemandMax":null,"Value":2030},{"Length":52,"Height":39,"Demand":1,"DemandMax":null,"Value":2028},{"Length":27,"Height":75,"Demand":1,"DemandMax":null,"Value":2025},{"Length":46,"Height":44,"Demand":1,"DemandMax":null,"Value":2024},{"Length":43,"Height":47,"Demand":1,"DemandMax":null,"Value":2021},{"Length":63,"Height":32,"Demand":1,"DemandMax":null,"Value":2016},{"Length":72,"Height":28,"Demand":1,"DemandMax":null,"Value":2016},{"Length":48,"Height":42,"Demand":1,"DemandMax":null,"Value":2016},{"Length":56,"Height":36,"Demand":1,"DemandMax":null,"Value":2016},{"Length":33,"Height":61,"Demand":1,"DemandMax":null,"Value":2013},{"Length":67,"Height":30,"Demand":1,"DemandMax":null,"Value":2010},{"Length":41,"Height":49,"Demand":1,"DemandMax":null,"Value":2009},{"Length":34,"Height":59,"Demand":1,"DemandMax":null,"Value":2006},{"Length":29,"Height":69,"Demand":1,"DemandMax":null,"Value":2001},{"Length":50,"Height":40,"Demand":1,"DemandMax":null,"Value":2000},{"Length":37,"Height":54,"Demand":1,"DemandMax":null,"Value":1998},{"Length":35,"Height":57,"Demand":1,"DemandMax":null,"Value":1995},{"Length":39,"Height":51,"Demand":1,"DemandMax":null,"Value":1989},{"Length":28,"Height":71,"Demand":1,"DemandMax":null,"Value":1988},{"Length":32,"Height":62,"Demand":1,"DemandMax":null,"Value":1984},{"Length":64,"Height":31,"Demand":1,"DemandMax":null,"Value":1984},{"Length":33,"Height":60,"Demand":1,"DemandMax":null,"Value":1980},{"Length":66,"Height":30,"Demand":1,"DemandMax":null,"Value":1980},{"Length":36,"Height":55,"Demand":1,"DemandMax":null,"Value":1980},{"Length":43,"Height":46,"Demand":1,"DemandMax":null,"Value":1978},{"Length":38,"Height":52,"Demand":1,"DemandMax":null,"Value":1976},{"Length":47,"Height":42,"Demand":1,"DemandMax":null,"Value":1974},{"Length":58,"Height":34,"Demand":1,"DemandMax":null,"Value":1972},{"Length":68,"Height":29,"Demand":1,"DemandMax":null,"Value":1972},{"Length":37,"Height":53,"Demand":1,"DemandMax":null,"Value":1961},{"Length":40,"Height":49,"Demand":1,"DemandMax":null,"Value":1960},{"Length":28,"Height":70,"Demand":1,"DemandMax":null,"Value":1960},{"Length":35,"Height":56,"Demand":1,"DemandMax":null,"Value":1960},{"Length":50,"Height":39,"Demand":1,"DemandMax":null,"Value":1950},{"Length":26,"Height":75,"Demand":1,"DemandMax":null,"Value":1950},{"Length":30,"Height":65,"Demand":1,"DemandMax":null,"Value":1950},{"Length":72,"Height":27,"Demand":1,"DemandMax":null,"Value":1944},{"Length":36,"Height":54,"Demand":1,"DemandMax":null,"Value":1944},{"Length":67,"Height":29,"Demand":1,"DemandMax":null,"Value":1943},{"Length":57,"Height":34,"Demand":1,"DemandMax":null,"Value":1938},{"Length":51,"Height":38,"Demand":1,"DemandMax":null,"Value":1938},{"Length":42,"Height":46,"Demand":1,"DemandMax":null,"Value":1932},{"Length":69,"Height":28,"Demand":1,"DemandMax":null,"Value":1932},{"Length":41,"Height":47,"Demand":1,"DemandMax":null,"Value":1927},{"Length":35,"Height":55,"Demand":1,"DemandMax":null,"Value":1925},{"Length":26,"Height":74,"Demand":1,"DemandMax":null,"Value":1924},{"Length":37,"Height":52,"Demand":1,"DemandMax":null,"Value":1924},{"Length":62,"Height":31,"Demand":1,"DemandMax":null,"Value":1922},{"Length":64,"Height":30,"Demand":1,"DemandMax":null,"Value":1920},{"Length":58,"Height":33,"Demand":1,"DemandMax":null,"Value":1914},{"Length":66,"Height":29,"Demand":1,"DemandMax":null,"Value":1914},{"Length":49,"Height":39,"Demand":1,"DemandMax":null,"Value":1911},{"Length":36,"Height":53,"Demand":1,"DemandMax":null,"Value":1908},{"Length":34,"Height":56,"Demand":1,"DemandMax":null,"Value":1904},{"Length":28,"Height":68,"Demand":1,"DemandMax":null,"Value":1904},{"Length":50,"Height":38,"Demand":1,"DemandMax":null,"Value":1900},{"Length":73,"Height":26,"Demand":1,"DemandMax":null,"Value":1898},{"Length":43,"Height":44,"Demand":1,"DemandMax":null,"Value":1892},{"Length":61,"Height":31,"Demand":1,"DemandMax":null,"Value":1891},{"Length":42,"Height":45,"Demand":1,"DemandMax":null,"Value":1890},{"Length":35,"Height":54,"Demand":1,"DemandMax":null,"Value":1890},{"Length":32,"Height":59,"Demand":1,"DemandMax":null,"Value":1888},{"Length":51,"Height":37,"Demand":1,"DemandMax":null,"Value":1887},{"Length":46,"Height":41,"Demand":1,"DemandMax":null,"Value":1886},{"Length":65,"Height":29,"Demand":1,"DemandMax":null,"Value":1885},{"Length":33,"Height":57,"Demand":1,"DemandMax":null,"Value":1881},{"Length":40,"Height":47,"Demand":1,"DemandMax":null,"Value":1880},{"Length":28,"Height":67,"Demand":1,"DemandMax":null,"Value":1876},{"Length":75,"Height":25,"Demand":1,"DemandMax":null,"Value":1875},{"Length":72,"Height":26,"Demand":1,"DemandMax":null,"Value":1872},{"Length":36,"Height":52,"Demand":1,"DemandMax":null,"Value":1872},{"Length":34,"Height":55,"Demand":1,"DemandMax":null,"Value":1870},{"Length":69,"Height":27,"Demand":1,"DemandMax":null,"Value":1863},{"Length":49,"Height":38,"Demand":1,"DemandMax":null,"Value":1862},{"Length":31,"Height":60,"Demand":1,"DemandMax":null,"Value":1860},{"Length":64,"Height":29,"Demand":1,"DemandMax":null,"Value":1856},{"Length":58,"Height":32,"Demand":1,"DemandMax":null,"Value":1856},{"Length":74,"Height":25,"Demand":1,"DemandMax":null,"Value":1850},{"Length":37,"Height":50,"Demand":1,"DemandMax":null,"Value":1850},{"Length":28,"Height":66,"Demand":1,"DemandMax":null,"Value":1848},{"Length":71,"Height":26,"Demand":1,"DemandMax":null,"Value":1846},{"Length":41,"Height":45,"Demand":1,"DemandMax":null,"Value":1845},{"Length":34,"Height":54,"Demand":1,"DemandMax":null,"Value":1836},{"Length":36,"Height":51,"Demand":1,"DemandMax":null,"Value":1836},{"Length":68,"Height":27,"Demand":1,"DemandMax":null,"Value":1836},{"Length":47,"Height":39,"Demand":1,"DemandMax":null,"Value":1833},{"Length":61,"Height":30,"Demand":1,"DemandMax":null,"Value":1830},{"Length":59,"Height":31,"Demand":1,"DemandMax":null,"Value":1829},{"Length":63,"Height":29,"Demand":1,"DemandMax":null,"Value":1827},{"Length":25,"Height":73,"Demand":1,"DemandMax":null,"Value":1825},{"Length":38,"Height":48,"Demand":1,"DemandMax":null,"Value":1824},{"Length":57,"Height":32,"Demand":1,"DemandMax":null,"Value":1824},{"Length":65,"Height":28,"Demand":1,"DemandMax":null,"Value":1820},{"Length":26,"Height":70,"Demand":1,"DemandMax":null,"Value":1820},{"Length":37,"Height":49,"Demand":1,"DemandMax":null,"Value":1813},{"Length":27,"Height":67,"Demand":1,"DemandMax":null,"Value":1809},{"Length":41,"Height":44,"Demand":1,"DemandMax":null,"Value":1804},{"Length":53,"Height":34,"Demand":1,"DemandMax":null,"Value":1802},{"Length":36,"Height":50,"Demand":1,"DemandMax":null,"Value":1800},{"Length":30,"Height":60,"Demand":1,"DemandMax":null,"Value":1800},{"Length":31,"Height":58,"Demand":1,"DemandMax":null,"Value":1798},{"Length":56,"Height":32,"Demand":1,"DemandMax":null,"Value":1792},{"Length":28,"Height":64,"Demand":1,"DemandMax":null,"Value":1792},{"Length":54,"Height":33,"Demand":1,"DemandMax":null,"Value":1782},{"Length":66,"Height":27,"Demand":1,"DemandMax":null,"Value":1782},{"Length":37,"Height":48,"Demand":1,"DemandMax":null,"Value":1776},{"Length":71,"Height":25,"Demand":1,"DemandMax":null,"Value":1775},{"Length":61,"Height":29,"Demand":1,"DemandMax":null,"Value":1769},{"Length":68,"Height":26,"Demand":1,"DemandMax":null,"Value":1768},{"Length":36,"Height":49,"Demand":1,"DemandMax":null,"Value":1764},{"Length":42,"Height":42,"Demand":1,"DemandMax":null,"Value":1764},{"Length":63,"Height":28,"Demand":1,"DemandMax":null,"Value":1764},{"Length":41,"Height":43,"Demand":1,"DemandMax":null,"Value":1763},{"Length":40,"Height":44,"Demand":1,"DemandMax":null,"Value":1760},{"Length":32,"Height":55,"Demand":1,"DemandMax":null,"Value":1760},{"Length":27,"Height":65,"Demand":1,"DemandMax":null,"Value":1755},{"Length":25,"Height":70,"Demand":1,"DemandMax":null,"Value":1750},{"Length":50,"Height":35,"Demand":1,"DemandMax":null,"Value":1750},{"Length":53,"Height":33,"Demand":1,"DemandMax":null,"Value":1749},{"Length":46,"Height":38,"Demand":1,"DemandMax":null,"Value":1748},{"Length":26,"Height":67,"Demand":1,"DemandMax":null,"Value":1742},{"Length":30,"Height":58,"Demand":1,"DemandMax":null,"Value":1740},{"Length":60,"Height":29,"Demand":1,"DemandMax":null,"Value":1740},{"Length":47,"Height":37,"Demand":1,"DemandMax":null,"Value":1739},{"Length":28,"Height":62,"Demand":1,"DemandMax":null,"Value":1736},{"Length":51,"Height":34,"Demand":1,"DemandMax":null,"Value":1734},{"Length":27,"Height":64,"Demand":1,"DemandMax":null,"Value":1728},{"Length":48,"Height":36,"Demand":1,"DemandMax":null,"Value":1728},{"Length":69,"Height":25,"Demand":1,"DemandMax":null,"Value":1725},{"Length":44,"Height":39,"Demand":1,"DemandMax":null,"Value":1716},{"Length":66,"Height":26,"Demand":1,"DemandMax":null,"Value":1716},{"Length":33,"Height":52,"Demand":1,"DemandMax":null,"Value":1716},{"Length":49,"Height":35,"Demand":1,"DemandMax":null,"Value":1715},{"Length":29,"Height":59,"Demand":1,"DemandMax":null,"Value":1711},{"Length":30,"Height":57,"Demand":1,"DemandMax":null,"Value":1710},{"Length":38,"Height":45,"Demand":1,"DemandMax":null,"Value":1710},{"Length":28,"Height":61,"Demand":1,"DemandMax":null,"Value":1708},{"Length":31,"Height":55,"Demand":1,"DemandMax":null,"Value":1705},{"Length":37,"Height":46,"Demand":1,"DemandMax":null,"Value":1702},{"Length":50,"Height":34,"Demand":1,"DemandMax":null,"Value":1700},{"Length":25,"Height":68,"Demand":1,"DemandMax":null,"Value":1700},{"Length":53,"Height":32,"Demand":1,"DemandMax":null,"Value":1696},{"Length":47,"Height":36,"Demand":1,"DemandMax":null,"Value":1692},{"Length":26,"Height":65,"Demand":1,"DemandMax":null,"Value":1690},{"Length":35,"Height":48,"Demand":1,"DemandMax":null,"Value":1680},{"Length":40,"Height":42,"Demand":1,"DemandMax":null,"Value":1680},{"Length":60,"Height":28,"Demand":1,"DemandMax":null,"Value":1680},{"Length":67,"Height":25,"Demand":1,"DemandMax":null,"Value":1675},{"Length":31,"Height":54,"Demand":1,"DemandMax":null,"Value":1674},{"Length":38,"Height":44,"Demand":1,"DemandMax":null,"Value":1672},{"Length":49,"Height":34,"Demand":1,"DemandMax":null,"Value":1666},{"Length":45,"Height":37,"Demand":1,"DemandMax":null,"Value":1665},{"Length":52,"Height":32,"Demand":1,"DemandMax":null,"Value":1664},{"Length":64,"Height":26,"Demand":1,"DemandMax":null,"Value":1664},{"Length":36,"Height":46,"Demand":1,"DemandMax":null,"Value":1656},{"Length":29,"Height":57,"Demand":1,"DemandMax":null,"Value":1653},{"Length":33,"Height":50,"Demand":1,"DemandMax":null,"Value":1650},{"Length":47,"Height":35,"Demand":1,"DemandMax":null,"Value":1645},{"Length":63,"Height":26,"Demand":1,"DemandMax":null,"Value":1638},{"Length":39,"Height":42,"Demand":1,"DemandMax":null,"Value":1638},{"Length":38,"Height":43,"Demand":1,"DemandMax":null,"Value":1634},{"Length":51,"Height":32,"Demand":1,"DemandMax":null,"Value":1632},{"Length":37,"Height":44,"Demand":1,"DemandMax":null,"Value":1628},{"Length":56,"Height":29,"Demand":1,"DemandMax":null,"Value":1624},{"Length":28,"Height":58,"Demand":1,"DemandMax":null,"Value":1624},{"Length":45,"Height":36,"Demand":1,"DemandMax":null,"Value":1620},{"Length":60,"Height":27,"Demand":1,"DemandMax":null,"Value":1620},{"Length":62,"Height":26,"Demand":1,"DemandMax":null,"Value":1612},{"Length":31,"Height":52,"Demand":1,"DemandMax":null,"Value":1612},{"Length":32,"Height":50,"Demand":1,"DemandMax":null,"Value":1600},{"Length":64,"Height":25,"Demand":1,"DemandMax":null,"Value":1600},{"Length":41,"Height":39,"Demand":1,"DemandMax":null,"Value":1599},{"Length":57,"Height":28,"Demand":1,"DemandMax":null,"Value":1596},{"Length":42,"Height":38,"Demand":1,"DemandMax":null,"Value":1596},{"Length":55,"Height":29,"Demand":1,"DemandMax":null,"Value":1595},{"Length":27,"Height":59,"Demand":1,"DemandMax":null,"Value":1593},{"Length":53,"Height":30,"Demand":1,"DemandMax":null,"Value":1590},{"Length":61,"Height":26,"Demand":1,"DemandMax":null,"Value":1586},{"Length":36,"Height":44,"Demand":1,"DemandMax":null,"Value":1584},{"Length":51,"Height":31,"Demand":1,"DemandMax":null,"Value":1581},{"Length":45,"Height":35,"Demand":1,"DemandMax":null,"Value":1575},{"Length":25,"Height":63,"Demand":1,"DemandMax":null,"Value":1575},{"Length":49,"Height":32,"Demand":1,"DemandMax":null,"Value":1568},{"Length":56,"Height":28,"Demand":1,"DemandMax":null,"Value":1568},{"Length":54,"Height":29,"Demand":1,"DemandMax":null,"Value":1566},{"Length":58,"Height":27,"Demand":1,"DemandMax":null,"Value":1566},{"Length":34,"Height":46,"Demand":1,"DemandMax":null,"Value":1564},{"Length":39,"Height":40,"Demand":1,"DemandMax":null,"Value":1560},{"Length":60,"Height":26,"Demand":1,"DemandMax":null,"Value":1560},{"Length":52,"Height":30,"Demand":1,"DemandMax":null,"Value":1560},{"Length":41,"Height":38,"Demand":1,"DemandMax":null,"Value":1558},{"Length":37,"Height":42,"Demand":1,"DemandMax":null,"Value":1554},{"Length":33,"Height":47,"Demand":1,"DemandMax":null,"Value":1551},{"Length":25,"Height":62,"Demand":1,"DemandMax":null,"Value":1550},{"Length":43,"Height":36,"Demand":1,"DemandMax":null,"Value":1548},{"Length":35,"Height":44,"Demand":1,"DemandMax":null,"Value":1540},{"Length":57,"Height":27,"Demand":1,"DemandMax":null,"Value":1539},{"Length":26,"Height":59,"Demand":1,"DemandMax":null,"Value":1534},{"Length":34,"Height":45,"Demand":1,"DemandMax":null,"Value":1530},{"Length":30,"Height":51,"Demand":1,"DemandMax":null,"Value":1530},{"Length":61,"Height":25,"Demand":1,"DemandMax":null,"Value":1525},{"Length":40,"Height":38,"Demand":1,"DemandMax":null,"Value":1520},{"Length":46,"Height":33,"Demand":1,"DemandMax":null,"Value":1518},{"Length":37,"Height":41,"Demand":1,"DemandMax":null,"Value":1517},{"Length":54,"Height":28,"Demand":1,"DemandMax":null,"Value":1512},{"Length":42,"Height":36,"Demand":1,"DemandMax":null,"Value":1512},{"Length":27,"Height":56,"Demand":1,"DemandMax":null,"Value":1512},{"Length":58,"Height":26,"Demand":1,"DemandMax":null,"Value":1508},{"Length":43,"Height":35,"Demand":1,"DemandMax":null,"Value":1505},{"Length":32,"Height":47,"Demand":1,"DemandMax":null,"Value":1504},{"Length":25,"Height":60,"Demand":1,"DemandMax":null,"Value":1500},{"Length":30,"Height":50,"Demand":1,"DemandMax":null,"Value":1500},{"Length":44,"Height":34,"Demand":1,"DemandMax":null,"Value":1496},{"Length":48,"Height":31,"Demand":1,"DemandMax":null,"Value":1488},{"Length":33,"Height":45,"Demand":1,"DemandMax":null,"Value":1485},{"Length":53,"Height":28,"Demand":1,"DemandMax":null,"Value":1484},{"Length":57,"Height":26,"Demand":1,"DemandMax":null,"Value":1482},{"Length":39,"Height":38,"Demand":1,"DemandMax":null,"Value":1482},{"Length":25,"Height":59,"Demand":1,"DemandMax":null,"Value":1475},{"Length":49,"Height":30,"Demand":1,"DemandMax":null,"Value":1470},{"Length":35,"Height":42,"Demand":1,"DemandMax":null,"Value":1470},{"Length":43,"Height":34,"Demand":1,"DemandMax":null,"Value":1462},{"Length":47,"Height":31,"Demand":1,"DemandMax":null,"Value":1457},{"Length":52,"Height":28,"Demand":1,"DemandMax":null,"Value":1456},{"Length":44,"Height":33,"Demand":1,"DemandMax":null,"Value":1452},{"Length":25,"Height":58,"Demand":1,"DemandMax":null,"Value":1450},{"Length":50,"Height":29,"Demand":1,"DemandMax":null,"Value":1450},{"Length":38,"Height":38,"Demand":1,"DemandMax":null,"Value":1444},{"Length":39,"Height":37,"Demand":1,"DemandMax":null,"Value":1443},{"Length":30,"Height":48,"Demand":1,"DemandMax":null,"Value":1440},{"Length":36,"Height":40,"Demand":1,"DemandMax":null,"Value":1440},{"Length":41,"Height":35,"Demand":1,"DemandMax":null,"Value":1435},{"Length":27,"Height":53,"Demand":1,"DemandMax":null,"Value":1431},{"Length":55,"Height":26,"Demand":1,"DemandMax":null,"Value":1430},{"Length":42,"Height":34,"Demand":1,"DemandMax":null,"Value":1428},{"Length":51,"Height":28,"Demand":1,"DemandMax":null,"Value":1428},{"Length":33,"Height":43,"Demand":1,"DemandMax":null,"Value":1419},{"Length":44,"Height":32,"Demand":1,"DemandMax":null,"Value":1408},{"Length":27,"Height":52,"Demand":1,"DemandMax":null,"Value":1404},{"Length":36,"Height":39,"Demand":1,"DemandMax":null,"Value":1404},{"Length":28,"Height":50,"Demand":1,"DemandMax":null,"Value":1400},{"Length":31,"Height":45,"Demand":1,"DemandMax":null,"Value":1395},{"Length":41,"Height":34,"Demand":1,"DemandMax":null,"Value":1394},{"Length":29,"Height":48,"Demand":1,"DemandMax":null,"Value":1392},{"Length":42,"Height":33,"Demand":1,"DemandMax":null,"Value":1386},{"Length":30,"Height":46,"Demand":1,"DemandMax":null,"Value":1380},{"Length":51,"Height":27,"Demand":1,"DemandMax":null,"Value":1377},{"Length":32,"Height":43,"Demand":1,"DemandMax":null,"Value":1376},{"Length":55,"Height":25,"Demand":1,"DemandMax":null,"Value":1375},{"Length":28,"Height":49,"Demand":1,"DemandMax":null,"Value":1372},{"Length":37,"Height":37,"Demand":1,"DemandMax":null,"Value":1369},{"Length":38,"Height":36,"Demand":1,"DemandMax":null,"Value":1368},{"Length":44,"Height":31,"Demand":1,"DemandMax":null,"Value":1364},{"Length":29,"Height":47,"Demand":1,"DemandMax":null,"Value":1363},{"Length":34,"Height":40,"Demand":1,"DemandMax":null,"Value":1360},{"Length":33,"Height":41,"Demand":1,"DemandMax":null,"Value":1353},{"Length":52,"Height":26,"Demand":1,"DemandMax":null,"Value":1352},{"Length":27,"Height":50,"Demand":1,"DemandMax":null,"Value":1350},{"Length":45,"Height":30,"Demand":1,"DemandMax":null,"Value":1350},{"Length":25,"Height":54,"Demand":1,"DemandMax":null,"Value":1350},{"Length":32,"Height":42,"Demand":1,"DemandMax":null,"Value":1344},{"Length":28,"Height":48,"Demand":1,"DemandMax":null,"Value":1344},{"Length":46,"Height":29,"Demand":1,"DemandMax":null,"Value":1334},{"Length":43,"Height":31,"Demand":1,"DemandMax":null,"Value":1333},{"Length":37,"Height":36,"Demand":1,"DemandMax":null,"Value":1332},{"Length":38,"Height":35,"Demand":1,"DemandMax":null,"Value":1330},{"Length":39,"Height":34,"Demand":1,"DemandMax":null,"Value":1326},{"Length":25,"Height":53,"Demand":1,"DemandMax":null,"Value":1325},{"Length":27,"Height":49,"Demand":1,"DemandMax":null,"Value":1323},{"Length":41,"Height":32,"Demand":1,"DemandMax":null,"Value":1312},{"Length":29,"Height":45,"Demand":1,"DemandMax":null,"Value":1305},{"Length":26,"Height":50,"Demand":1,"DemandMax":null,"Value":1300},{"Length":27,"Height":48,"Demand":1,"DemandMax":null,"Value":1296},{"Length":34,"Height":38,"Demand":1,"DemandMax":null,"Value":1292},{"Length":30,"Height":43,"Demand":1,"DemandMax":null,"Value":1290},{"Length":46,"Height":28,"Demand":1,"DemandMax":null,"Value":1288},{"Length":39,"Height":33,"Demand":1,"DemandMax":null,"Value":1287},{"Length":40,"Height":32,"Demand":1,"DemandMax":null,"Value":1280},{"Length":29,"Height":44,"Demand":1,"DemandMax":null,"Value":1276},{"Length":25,"Height":51,"Demand":1,"DemandMax":null,"Value":1275},{"Length":49,"Height":26,"Demand":1,"DemandMax":null,"Value":1274},{"Length":41,"Height":31,"Demand":1,"DemandMax":null,"Value":1271},{"Length":27,"Height":47,"Demand":1,"DemandMax":null,"Value":1269},{"Length":35,"Height":36,"Demand":1,"DemandMax":null,"Value":1260},{"Length":30,"Height":42,"Demand":1,"DemandMax":null,"Value":1260},{"Length":37,"Height":34,"Demand":1,"DemandMax":null,"Value":1258},{"Length":33,"Height":38,"Demand":1,"DemandMax":null,"Value":1254},{"Length":25,"Height":50,"Demand":1,"DemandMax":null,"Value":1250},{"Length":48,"Height":26,"Demand":1,"DemandMax":null,"Value":1248},{"Length":46,"Height":27,"Demand":1,"DemandMax":null,"Value":1242},{"Length":40,"Height":31,"Demand":1,"DemandMax":null,"Value":1240},{"Length":41,"Height":30,"Demand":1,"DemandMax":null,"Value":1230},{"Length":25,"Height":49,"Demand":1,"DemandMax":null,"Value":1225},{"Length":35,"Height":35,"Demand":1,"DemandMax":null,"Value":1225},{"Length":36,"Height":34,"Demand":1,"DemandMax":null,"Value":1224},{"Length":26,"Height":47,"Demand":1,"DemandMax":null,"Value":1222},{"Length":37,"Height":33,"Demand":1,"DemandMax":null,"Value":1221},{"Length":42,"Height":29,"Demand":1,"DemandMax":null,"Value":1218},{"Length":31,"Height":39,"Demand":1,"DemandMax":null,"Value":1209},{"Length":48,"Height":25,"Demand":1,"DemandMax":null,"Value":1200},{"Length":40,"Height":30,"Demand":1,"DemandMax":null,"Value":1200},{"Length":26,"Height":46,"Demand":1,"DemandMax":null,"Value":1196},{"Length":35,"Height":34,"Demand":1,"DemandMax":null,"Value":1190},{"Length":33,"Height":36,"Demand":1,"DemandMax":null,"Value":1188},{"Length":37,"Height":32,"Demand":1,"DemandMax":null,"Value":1184},{"Length":38,"Height":31,"Demand":1,"DemandMax":null,"Value":1178},{"Length":30,"Height":39,"Demand":1,"DemandMax":null,"Value":1170},{"Length":43,"Height":27,"Demand":1,"DemandMax":null,"Value":1161},{"Length":35,"Height":33,"Demand":1,"DemandMax":null,"Value":1155},{"Length":36,"Height":32,"Demand":1,"DemandMax":null,"Value":1152},{"Length":25,"Height":46,"Demand":1,"DemandMax":null,"Value":1150},{"Length":28,"Height":41,"Demand":1,"DemandMax":null,"Value":1148},{"Length":26,"Height":44,"Demand":1,"DemandMax":null,"Value":1144},{"Length":42,"Height":27,"Demand":1,"DemandMax":null,"Value":1134},{"Length":39,"Height":29,"Demand":1,"DemandMax":null,"Value":1131},{"Length":33,"Height":34,"Demand":1,"DemandMax":null,"Value":1122},{"Length":28,"Height":40,"Demand":1,"DemandMax":null,"Value":1120},{"Length":43,"Height":26,"Demand":1,"DemandMax":null,"Value":1118},{"Length":31,"Height":36,"Demand":1,"DemandMax":null,"Value":1116},{"Length":30,"Height":37,"Demand":1,"DemandMax":null,"Value":1110},{"Length":29,"Height":38,"Demand":1,"DemandMax":null,"Value":1102},{"Length":28,"Height":39,"Demand":1,"DemandMax":null,"Value":1092},{"Length":31,"Height":35,"Demand":1,"DemandMax":null,"Value":1085},{"Length":30,"Height":36,"Demand":1,"DemandMax":null,"Value":1080},{"Length":29,"Height":37,"Demand":1,"DemandMax":null,"Value":1073},{"Length":26,"Height":41,"Demand":1,"DemandMax":null,"Value":1066},{"Length":38,"Height":28,"Demand":1,"DemandMax":null,"Value":1064},{"Length":33,"Height":32,"Demand":1,"DemandMax":null,"Value":1056},{"Length":31,"Height":34,"Demand":1,"DemandMax":null,"Value":1054},{"Length":27,"Height":39,"Demand":1,"DemandMax":null,"Value":1053},{"Length":42,"Height":25,"Demand":1,"DemandMax":null,"Value":1050},{"Length":36,"Height":29,"Demand":1,"DemandMax":null,"Value":1044},{"Length":26,"Height":40,"Demand":1,"DemandMax":null,"Value":1040},{"Length":28,"Height":37,"Demand":1,"DemandMax":null,"Value":1036},{"Length":38,"Height":27,"Demand":1,"DemandMax":null,"Value":1026},{"Length":33,"Height":31,"Demand":1,"DemandMax":null,"Value":1023},{"Length":34,"Height":30,"Demand":1,"DemandMax":null,"Value":1020},{"Length":35,"Height":29,"Demand":1,"DemandMax":null,"Value":1015},{"Length":39,"Height":26,"Demand":1,"DemandMax":null,"Value":1014},{"Length":25,"Height":40,"Demand":1,"DemandMax":null,"Value":1000},{"Length":31,"Height":32,"Demand":1,"DemandMax":null,"Value":992},{"Length":35,"Height":28,"Demand":1,"DemandMax":null,"Value":980},{"Length":39,"Height":25,"Demand":1,"DemandMax":null,"Value":975},{"Length":36,"Height":27,"Demand":1,"DemandMax":null,"Value":972},{"Length":37,"Height":26,"Demand":1,"DemandMax":null,"Value":962},{"Length":31,"Height":31,"Demand":1,"DemandMax":null,"Value":961},{"Length":30,"Height":32,"Demand":1,"DemandMax":null,"Value":960},{"Length":38,"Height":25,"Demand":1,"DemandMax":null,"Value":950},{"Length":31,"Height":30,"Demand":1,"DemandMax":null,"Value":930},{"Length":32,"Height":29,"Demand":1,"DemandMax":null,"Value":928},{"Length":37,"Height":25,"Demand":1,"DemandMax":null,"Value":925},{"Length":33,"Height":28,"Demand":1,"DemandMax":null,"Value":924},{"Length":27,"Height":34,"Demand":1,"DemandMax":null,"Value":918},{"Length":26,"Height":35,"Demand":1,"DemandMax":null,"Value":910},{"Length":36,"Height":25,"Demand":1,"DemandMax":null,"Value":900},{"Length":30,"Height":30,"Demand":1,"DemandMax":null,"Value":900},{"Length":28,"Height":32,"Demand":1,"DemandMax":null,"Value":896},{"Length":33,"Height":27,"Demand":1,"DemandMax":null,"Value":891},{"Length":26,"Height":34,"Demand":1,"DemandMax":null,"Value":884},{"Length":35,"Height":25,"Demand":1,"DemandMax":null,"Value":875},{"Length":29,"Height":30,"Demand":1,"DemandMax":null,"Value":870},{"Length":28,"Height":31,"Demand":1,"DemandMax":null,"Value":868},{"Length":27,"Height":32,"Demand":1,"DemandMax":null,"Value":864},{"Length":33,"Height":26,"Demand":1,"DemandMax":null,"Value":858},{"Length":34,"Height":25,"Demand":1,"DemandMax":null,"Value":850},{"Length":29,"Height":29,"Demand":1,"DemandMax":null,"Value":841},{"Length":31,"Height":27,"Demand":1,"DemandMax":null,"Value":837},{"Length":32,"Height":26,"Demand":1,"DemandMax":null,"Value":832},{"Length":25,"Height":33,"Demand":1,"DemandMax":null,"Value":825},{"Length":29,"Height":28,"Demand":1,"DemandMax":null,"Value":812},{"Length":30,"Height":27,"Demand":1,"DemandMax":null,"Value":810},{"Length":26,"Height":31,"Demand":1,"DemandMax":null,"Value":806},{"Length":32,"Height":25,"Demand":1,"DemandMax":null,"Value":800},{"Length":28,"Height":28,"Demand":1,"DemandMax":null,"Value":784},{"Length":27,"Height":29,"Demand":1,"DemandMax":null,"Value":783},{"Length":30,"Height":26,"Demand":1,"DemandMax":null,"Value":780},{"Length":28,"Height":27,"Demand":1,"DemandMax":null,"Value":756},{"Length":30,"Height":25,"Demand":1,"DemandMax":null,"Value":750},{"Length":28,"Height":26,"Demand":1,"DemandMax":null,"Value":728},{"Length":29,"Height":25,"Demand":1,"DemandMax":null,"Value":725},{"Length":27,"Height":26,"Demand":1,"DemandMax":null,"Value":702},{"Length":25,"Height":28,"Demand":1,"DemandMax":null,"Value":700},{"Length":26,"Height":26,"Demand":1,"DemandMax":null,"Value":676},{"Length":27,"Height":25,"Demand":1,"DemandMax":null,"Value":675},{"Length":26,"Height":25,"Demand":1,"DemandMax":null,"Value":650}]}