{"Name":"AH146","Objects":[{"Length":1000,"Height":41302,"Stock":null,"Cost":41302000}],"Items":[{"Length":295,"Height":290,"Demand":10,"DemandMax":null,"Value":85550},{"Length":268,"Height":293,"Demand":10,"DemandMax":null,"Value":78524},{"Length":291,"Height":262,"Demand":10,"DemandMax":null,"Value":76242},{"Length":253,"Height":298,"Demand":10,"DemandMax":null,"Value":75394},{"Length":278,"Height":269,"Demand":10,"DemandMax":null,"Value":74782},{"Length":284,"Height":255,"Demand":10,"DemandMax":null,"Value":72420},{"Length":285,"Height":247,"Demand":10,"DemandMax":null,"Value":70395},{"Length":280,"Height":243,"Demand":10,"DemandMax":null,"Value":68040},{"Length":258,"Height":262,"Demand":10,"DemandMax":null,"Value":67596},{"Length":253,"Height":263,"Demand":10,"DemandMax":null,"Value":66539},{"Length":272,"Height":240,"Demand":10,"DemandMax":null,"Value":65280},{"Length":293,"Height":219,"Demand":10,"DemandMax":null,"Value":64167},{"Length":239,"Height":267,"Demand":10,"DemandMax":null,"Value":63813},{"Length":243,"Height":260,"Demand":10,"DemandMax":null,"Value":63180},{"Length":284,"Height":219,"Demand":10,"DemandMax":null,"Value":62196},{"Length":243,"Height":255,"Demand":10,"DemandMax":null,"Value":61965},{"Length":232,"Height":267,"Demand":10,"DemandMax":null,"Value":61944},{"Length":198,"Height":300,"Demand":10,"DemandMax":null,"Value":59400},{"Length":216,"Height":269,"Demand":10,"DemandMax":null,"Value":58104},{"Length":193,"Height":294,"Demand":10,"DemandMax":null,"Value":56742},{"Length":222,"Height":252,"Demand":10,"DemandMax":null,"Value":55944},{"Length":236,"Height":237,"Demand":10,"DemandMax":null,"Value":55932},{"Length":185,"Height":296,"Demand":10,"DemandMax":null,"Value":54760},{"Length":245,"Height":222,"Demand":10,"DemandMax":null,"Value":54390},{"Length":209,"Height":258,"Demand":10,"DemandMax":null,"Value":53922},{"Length":271,"Height":196,"Demand":10,"DemandMax":null,"Value":53116},{"Length":231,"Height":228,"Demand":10,"DemandMax":null,"Value":52668},{"Length":224,"Height":235,"Demand":10,"DemandMax":null,"Value":52640},{"Length":177,"Height":294,"Demand":10,"DemandMax":null,"Value":52038},{"Length":169,"Height":294,"Demand":10,"DemandMax":null,"Value":49686},{"Length":178,"Height":273,"Demand":10,"DemandMax":null,"Value":48594},{"Length":212,"Height":227,"Demand":10,"DemandMax":null,"Value":48124},{"Length":291,"Height":165,"Demand":10,"DemandMax":null,"Value":48015},{"Length":180,"Height":261,"Demand":10,"DemandMax":null,"Value":46980},{"Length":156,"Height":299,"Demand":10,"DemandMax":null,"Value":46644},{"Length":280,"Height":165,"Demand":10,"DemandMax":null,"Value":46200},{"Length":252,"Height":179,"Demand":10,"DemandMax":null,"Value":45108},{"Length":190,"Height":235,"Demand":10,"DemandMax":null,"Value":44650},{"Length":194,"Height":229,"Demand":10,"DemandMax":null,"Value":44426},{"Length":155,"Height":286,"Demand":10,"DemandMax":null,"Value":44330},{"Length":212,"Height":208,"Demand":10,"DemandMax":null,"Value":44096},{"Length":213,"Height":202,"Demand":10,"DemandMax":null,"Value":43026},{"Length":164,"Height":262,"Demand":10,"DemandMax":null,"Value":42968},{"Length":163,"Height":263,"Demand":10,"DemandMax":null,"Value":42869},{"Length":161,"Height":266,"Demand":10,"DemandMax":null,"Value":42826},{"Length":249,"Height":170,"Demand":10,"DemandMax":null,"Value":42330},{"Length":235,"Height":180,"Demand":10,"DemandMax":null,"Value":42300},{"Length":237,"Height":172,"Demand":10,"DemandMax":null,"Value":40764},{"Length":273,"Height":138,"Demand":10,"DemandMax":null,"Value":37674},{"Length":195,"Height":193,"Demand":10,"DemandMax":null,"Value":37635},{"Length":124,"Height":298,"Demand":10,"DemandMax":null,"Value":36952},{"Length":300,"Height":121,"Demand":10,"DemandMax":null,"Value":36300},{"Length":299,"Height":120,"Demand":10,"DemandMax":null,"Value":35880},{"Length":157,"Height":228,"Demand":10,"DemandMax":null,"Value":35796},{"Length":205,"Height":174,"Demand":10,"DemandMax":null,"Value":35670},{"Length":239,"Height":147,"Demand":10,"DemandMax":null,"Value":35133},{"Length":144,"Height":242,"Demand":10,"DemandMax":null,"Value":34848},{"Length":198,"Height":175,"Demand":10,"DemandMax":null,"Value":34650},{"Length":132,"Height":259,"Demand":10,"DemandMax":null,"Value":34188},{"Length":239,"Height":141,"Demand":10,"DemandMax":null,"Value":33699},{"Length":249,"Height":135,"Demand":10,"DemandMax":null,"Value":33615},{"Length":234,"Height":142,"Demand":10,"DemandMax":null,"Value":33228},{"Length":167,"Height":194,"Demand":10,"DemandMax":null,"Value":32398},{"Length":145,"Height":223,"Demand":10,"DemandMax":null,"Value":32335},{"Length":216,"Height":149,"Demand":10,"DemandMax":null,"Value":32184},{"Length":290,"Height":109,"Demand":10,"DemandMax":null,"Value":31610},{"Length":154,"Height":205,"Demand":10,"DemandMax":null,"Value":31570},{"Length":240,"Height":130,"Demand":10,"DemandMax":null,"Value":31200},{"Length":282,"Height":110,"Demand":10,"DemandMax":null,"Value":31020},{"Length":180,"Height":169,"Demand":10,"DemandMax":null,"Value":30420},{"Length":193,"Height":155,"Demand":10,"DemandMax":null,"Value":29915},{"Length":252,"Height":118,"Demand":10,"DemandMax":null,"Value":29736},{"Length":185,"Height":154,"Demand":10,"DemandMax":null,"Value":28490},{"Length":165,"Height":172,"Demand":10,"DemandMax":null,"Value":28380},{"Length":117,"Height":233,"Demand":10,"DemandMax":null,"Value":27261},{"Length":158,"Height":171,"Demand":10,"DemandMax":null,"Value":27018},{"Length":131,"Height":206,"Demand":10,"DemandMax":null,"Value":26986},{"Length":221,"Height":122,"Demand":10,"DemandMax":null,"Value":26962},{"Length":173,"Height":154,"Demand":10,"DemandMax":null,"Value":26642},{"Length":193,"Height":137,"Demand":10,"DemandMax":null,"Value":26441},{"Length":234,"Height":111,"Demand":10,"DemandMax":null,"Value":25974},{"Length":140,"Height":177,"Demand":10,"DemandMax":null,"Value":24780},{"Length":204,"Height":118,"Demand":10,"DemandMax":null,"Value":24072},{"Length":199,"Height":120,"Demand":10,"DemandMax":null,"Value":23880},{"Length":161,"Height":144,"Demand":10,"DemandMax":null,"Value":23184},{"Length":174,"Height":132,"Demand":10,"DemandMax":null,"Value":22968},{"Length":156,"Height":146,"Demand":10,"DemandMax":null,"Value":22776},{"Length":101,"Height":224,"Demand":10,"DemandMax":null,"Value":22624},{"Length":126,"Height":179,"Demand":10,"DemandMax":null,"Value":22554},{"Length":128,"Height":171,"Demand":10,"DemandMax":null,"Value":21888},{"Length":118,"Height":184,"Demand":10,"DemandMax":null,"Value":21712},{"Length":155,"Height":137,"Demand":10,"DemandMax":null,"Value":21235},{"Length":122,"Height":170,"Demand":10,"DemandMax":null,"Value":20740},{"Length":148,"Height":124,"Demand":10,"DemandMax":null,"Value":18352},{"Length":122,"Height":146,"Demand":10,"DemandMax":null,"Value":17812},{"Length":111,"Height":160,"Demand":10,"DemandMax":null,"Value":17760},{"Length":122,"Height":143,"Demand":10,"DemandMax":null,"Value":17446},{"Length":140,"Height":107,"Demand":10,"DemandMax":null,"Value":14980},{"Length":120,"Height":118,"Demand":10,"DemandMax":null,"Value":14160},{"Length":113,"Height":122,"Demand":10,"DemandMax":null,"Value":13786}]}