{"Name":"AH199","Objects":[{"Length":1000,"Height":2471,"Stock":null,"Cost":2471000}],"Items":[{"Length":73,"Height":73,"Demand":10,"DemandMax":null,"Value":5329},{"Length":66,"Height":74,"Demand":10,"DemandMax":null,"Value":4884},{"Length":66,"Height":71,"Demand":10,"DemandMax":null,"Value":4686},{"Length":59,"Height":75,"Demand":10,"DemandMax":null,"Value":4425},{"Length":72,"Height":58,"Demand":10,"DemandMax":null,"Value":4176},{"Length":57,"Height":73,"Demand":10,"DemandMax":null,"Value":4161},{"Length":67,"Height":60,"Demand":10,"DemandMax":null,"Value":4020},{"Length":61,"Height":64,"Demand":10,"DemandMax":null,"Value":3904},{"Length":54,"Height":72,"Demand":10,"DemandMax":null,"Value":3888},{"Length":62,"Height":61,"Demand":10,"DemandMax":null,"Value":3782},{"Length":59,"Height":64,"Demand":10,"DemandMax":null,"Value":3776},{"Length":57,"Height":65,"Demand":10,"DemandMax":null,"Value":3705},{"Length":62,"Height":58,"Demand":10,"DemandMax":null,"Value":3596},{"Length":52,"Height":68,"Demand":10,"DemandMax":null,"Value":3536},{"Length":74,"Height":46,"Demand":10,"DemandMax":null,"Value":3404},{"Length":58,"Height":58,"Demand":10,"DemandMax":null,"Value":3364},{"Length":59,"Height":57,"Demand":10,"DemandMax":null,"Value":3363},{"Length":46,"Height":71,"Demand":10,"DemandMax":null,"Value":3266},{"Length":44,"Height":74,"Demand":10,"DemandMax":null,"Value":3256},{"Length":58,"Height":56,"Demand":10,"DemandMax":null,"Value":3248},{"Length":72,"Height":45,"Demand":10,"DemandMax":null,"Value":3240},{"Length":52,"Height":62,"Demand":10,"DemandMax":null,"Value":3224},{"Length":46,"Height":70,"Demand":10,"DemandMax":null,"Value":3220},{"Length":71,"Height":45,"Demand":10,"DemandMax":null,"Value":3195},{"Length":60,"Height":52,"Demand":10,"DemandMax":null,"Value":3120},{"Length":50,"Height":62,"Demand":10,"DemandMax":null,"Value":3100},{"Length":54,"Height":57,"Demand":10,"DemandMax":null,"Value":3078},{"Length":48,"Height":64,"Demand":10,"DemandMax":null,"Value":3072},{"Length":65,"Height":47,"Demand":10,"DemandMax":null,"Value":3055},{"Length":43,"Height":71,"Demand":10,"DemandMax":null,"Value":3053},{"Length":48,"Height":63,"Demand":10,"DemandMax":null,"Value":3024},{"Length":53,"Height":56,"Demand":10,"DemandMax":null,"Value":2968},{"Length":47,"Height":63,"Demand":10,"DemandMax":null,"Value":2961},{"Length":70,"Height":42,"Demand":10,"DemandMax":null,"Value":2940},{"Length":56,"Height":52,"Demand":10,"DemandMax":null,"Value":2912},{"Length":59,"Height":47,"Demand":10,"DemandMax":null,"Value":2773},{"Length":63,"Height":44,"Demand":10,"DemandMax":null,"Value":2772},{"Length":50,"Height":55,"Demand":10,"DemandMax":null,"Value":2750},{"Length":41,"Height":67,"Demand":10,"DemandMax":null,"Value":2747},{"Length":46,"Height":59,"Demand":10,"DemandMax":null,"Value":2714},{"Length":40,"Height":67,"Demand":10,"DemandMax":null,"Value":2680},{"Length":43,"Height":61,"Demand":10,"DemandMax":null,"Value":2623},{"Length":42,"Height":62,"Demand":10,"DemandMax":null,"Value":2604},{"Length":74,"Height":34,"Demand":10,"DemandMax":null,"Value":2516},{"Length":57,"Height":44,"Demand":10,"DemandMax":null,"Value":2508},{"Length":47,"Height":52,"Demand":10,"DemandMax":null,"Value":2444},{"Length":47,"Height":50,"Demand":10,"DemandMax":null,"Value":2350},{"Length":66,"Height":35,"Demand":10,"DemandMax":null,"Value":2310},{"Length":48,"Height":48,"Demand":10,"DemandMax":null,"Value":2304},{"Length":49,"Height":47,"Demand":10,"DemandMax":null,"Value":2303},{"Length":52,"Height":44,"Demand":10,"DemandMax":null,"Value":2288},{"Length":36,"Height":63,"Demand":10,"DemandMax":null,"Value":2268},{"Length":39,"Height":58,"Demand":10,"DemandMax":null,"Value":2262},{"Length":30,"Height":75,"Demand":10,"DemandMax":null,"Value":2250},{"Length":56,"Height":40,"Demand":10,"DemandMax":null,"Value":2240},{"Length":64,"Height":34,"Demand":10,"DemandMax":null,"Value":2176},{"Length":30,"Height":72,"Demand":10,"DemandMax":null,"Value":2160},{"Length":51,"Height":42,"Demand":10,"DemandMax":null,"Value":2142},{"Length":31,"Height":69,"Demand":10,"DemandMax":null,"Value":2139},{"Length":45,"Height":47,"Demand":10,"DemandMax":null,"Value":2115},{"Length":39,"Height":53,"Demand":10,"DemandMax":null,"Value":2067},{"Length":42,"Height":49,"Demand":10,"DemandMax":null,"Value":2058},{"Length":55,"Height":37,"Demand":10,"DemandMax":null,"Value":2035},{"Length":35,"Height":55,"Demand":10,"DemandMax":null,"Value":1925},{"Length":30,"Height":64,"Demand":10,"DemandMax":null,"Value":1920},{"Length":40,"Height":47,"Demand":10,"DemandMax":null,"Value":1880},{"Length":51,"Height":36,"Demand":10,"DemandMax":null,"Value":1836},{"Length":59,"Height":31,"Demand":10,"DemandMax":null,"Value":1829},{"Length":42,"Height":43,"Demand":10,"DemandMax":null,"Value":1806},{"Length":50,"Height":36,"Demand":10,"DemandMax":null,"Value":1800},{"Length":58,"Height":31,"Demand":10,"DemandMax":null,"Value":1798},{"Length":27,"Height":65,"Demand":10,"DemandMax":null,"Value":1755},{"Length":38,"Height":46,"Demand":10,"DemandMax":null,"Value":1748},{"Length":25,"Height":69,"Demand":10,"DemandMax":null,"Value":1725},{"Length":41,"Height":42,"Demand":10,"DemandMax":null,"Value":1722},{"Length":40,"Height":43,"Demand":10,"DemandMax":null,"Value":1720},{"Length":34,"Height":50,"Demand":10,"DemandMax":null,"Value":1700},{"Length":60,"Height":28,"Demand":10,"DemandMax":null,"Value":1680},{"Length":30,"Height":55,"Demand":10,"DemandMax":null,"Value":1650},{"Length":59,"Height":27,"Demand":10,"DemandMax":null,"Value":1593},{"Length":53,"Height":30,"Demand":10,"DemandMax":null,"Value":1590},{"Length":44,"Height":36,"Demand":10,"DemandMax":null,"Value":1584},{"Length":33,"Height":48,"Demand":10,"DemandMax":null,"Value":1584},{"Length":56,"Height":28,"Demand":10,"DemandMax":null,"Value":1568},{"Length":47,"Height":32,"Demand":10,"DemandMax":null,"Value":1504},{"Length":29,"Height":50,"Demand":10,"DemandMax":null,"Value":1450},{"Length":43,"Height":33,"Demand":10,"DemandMax":null,"Value":1419},{"Length":52,"Height":27,"Demand":10,"DemandMax":null,"Value":1404},{"Length":25,"Height":56,"Demand":10,"DemandMax":null,"Value":1400},{"Length":31,"Height":44,"Demand":10,"DemandMax":null,"Value":1364},{"Length":25,"Height":54,"Demand":10,"DemandMax":null,"Value":1350},{"Length":39,"Height":34,"Demand":10,"DemandMax":null,"Value":1326},{"Length":45,"Height":29,"Demand":10,"DemandMax":null,"Value":1305},{"Length":42,"Height":30,"Demand":10,"DemandMax":null,"Value":1260},{"Length":28,"Height":43,"Demand":10,"DemandMax":null,"Value":1204},{"Length":26,"Height":46,"Demand":10,"DemandMax":null,"Value":1196},{"Length":34,"Height":32,"Demand":10,"DemandMax":null,"Value":1088},{"Length":31,"Height":34,"Demand":10,"DemandMax":null,"Value":1054},{"Length":37,"Height":28,"Demand":10,"DemandMax":null,"Value":1036},{"Length":26,"Height":29,"Demand":10,"DemandMax":null,"Value":754}]}