{"Name":"AH224","Objects":[{"Length":1000,"Height":2118,"Stock":null,"Cost":2118000}],"Items":[{"Length":87,"Height":90,"Demand":10,"DemandMax":null,"Value":7830},{"Length":83,"Height":89,"Demand":10,"DemandMax":null,"Value":7387},{"Length":80,"Height":90,"Demand":10,"DemandMax":null,"Value":7200},{"Length":88,"Height":70,"Demand":10,"DemandMax":null,"Value":6160},{"Length":88,"Height":69,"Demand":10,"DemandMax":null,"Value":6072},{"Length":76,"Height":79,"Demand":10,"DemandMax":null,"Value":6004},{"Length":67,"Height":88,"Demand":10,"DemandMax":null,"Value":5896},{"Length":62,"Height":84,"Demand":10,"DemandMax":null,"Value":5208},{"Length":55,"Height":84,"Demand":10,"DemandMax":null,"Value":4620},{"Length":71,"Height":65,"Demand":10,"DemandMax":null,"Value":4615},{"Length":60,"Height":76,"Demand":10,"DemandMax":null,"Value":4560},{"Length":81,"Height":54,"Demand":10,"DemandMax":null,"Value":4374},{"Length":60,"Height":72,"Demand":10,"DemandMax":null,"Value":4320},{"Length":64,"Height":65,"Demand":10,"DemandMax":null,"Value":4160},{"Length":47,"Height":87,"Demand":10,"DemandMax":null,"Value":4089},{"Length":64,"Height":63,"Demand":10,"DemandMax":null,"Value":4032},{"Length":87,"Height":46,"Demand":10,"DemandMax":null,"Value":4002},{"Length":83,"Height":47,"Demand":10,"DemandMax":null,"Value":3901},{"Length":47,"Height":78,"Demand":10,"DemandMax":null,"Value":3666},{"Length":46,"Height":73,"Demand":10,"DemandMax":null,"Value":3358},{"Length":87,"Height":38,"Demand":10,"DemandMax":null,"Value":3306},{"Length":56,"Height":56,"Demand":10,"DemandMax":null,"Value":3136},{"Length":51,"Height":60,"Demand":10,"DemandMax":null,"Value":3060},{"Length":37,"Height":81,"Demand":10,"DemandMax":null,"Value":2997},{"Length":41,"Height":71,"Demand":10,"DemandMax":null,"Value":2911},{"Length":47,"Height":58,"Demand":10,"DemandMax":null,"Value":2726},{"Length":40,"Height":67,"Demand":10,"DemandMax":null,"Value":2680},{"Length":42,"Height":63,"Demand":10,"DemandMax":null,"Value":2646},{"Length":55,"Height":48,"Demand":10,"DemandMax":null,"Value":2640},{"Length":60,"Height":43,"Demand":10,"DemandMax":null,"Value":2580},{"Length":39,"Height":66,"Demand":10,"DemandMax":null,"Value":2574},{"Length":40,"Height":61,"Demand":10,"DemandMax":null,"Value":2440},{"Length":28,"Height":81,"Demand":10,"DemandMax":null,"Value":2268},{"Length":41,"Height":54,"Demand":10,"DemandMax":null,"Value":2214},{"Length":54,"Height":40,"Demand":10,"DemandMax":null,"Value":2160},{"Length":80,"Height":27,"Demand":10,"DemandMax":null,"Value":2160},{"Length":65,"Height":33,"Demand":10,"DemandMax":null,"Value":2145},{"Length":24,"Height":89,"Demand":10,"DemandMax":null,"Value":2136},{"Length":83,"Height":25,"Demand":10,"DemandMax":null,"Value":2075},{"Length":23,"Height":90,"Demand":10,"DemandMax":null,"Value":2070},{"Length":51,"Height":39,"Demand":10,"DemandMax":null,"Value":1989},{"Length":46,"Height":42,"Demand":10,"DemandMax":null,"Value":1932},{"Length":56,"Height":34,"Demand":10,"DemandMax":null,"Value":1904},{"Length":83,"Height":22,"Demand":10,"DemandMax":null,"Value":1826},{"Length":37,"Height":44,"Demand":10,"DemandMax":null,"Value":1628},{"Length":22,"Height":72,"Demand":10,"DemandMax":null,"Value":1584},{"Length":65,"Height":24,"Demand":10,"DemandMax":null,"Value":1560},{"Length":31,"Height":50,"Demand":10,"DemandMax":null,"Value":1550},{"Length":69,"Height":22,"Demand":10,"DemandMax":null,"Value":1518},{"Length":33,"Height":45,"Demand":10,"DemandMax":null,"Value":1485},{"Length":20,"Height":70,"Demand":10,"DemandMax":null,"Value":1400},{"Length":16,"Height":87,"Demand":10,"DemandMax":null,"Value":1392},{"Length":58,"Height":24,"Demand":10,"DemandMax":null,"Value":1392},{"Length":63,"Height":22,"Demand":10,"DemandMax":null,"Value":1386},{"Length":22,"Height":62,"Demand":10,"DemandMax":null,"Value":1364},{"Length":30,"Height":42,"Demand":10,"DemandMax":null,"Value":1260},{"Length":72,"Height":17,"Demand":10,"DemandMax":null,"Value":1224},{"Length":61,"Height":20,"Demand":10,"DemandMax":null,"Value":1220},{"Length":75,"Height":16,"Demand":10,"DemandMax":null,"Value":1200},{"Length":44,"Height":27,"Demand":10,"DemandMax":null,"Value":1188},{"Length":40,"Height":29,"Demand":10,"DemandMax":null,"Value":1160},{"Length":20,"Height":56,"Demand":10,"DemandMax":null,"Value":1120},{"Length":15,"Height":73,"Demand":10,"DemandMax":null,"Value":1095},{"Length":34,"Height":31,"Demand":10,"DemandMax":null,"Value":1054},{"Length":42,"Height":25,"Demand":10,"DemandMax":null,"Value":1050},{"Length":70,"Height":15,"Demand":10,"DemandMax":null,"Value":1050},{"Length":19,"Height":55,"Demand":10,"DemandMax":null,"Value":1045},{"Length":32,"Height":32,"Demand":10,"DemandMax":null,"Value":1024},{"Length":56,"Height":18,"Demand":10,"DemandMax":null,"Value":1008},{"Length":12,"Height":83,"Demand":10,"DemandMax":null,"Value":996},{"Length":62,"Height":16,"Demand":10,"DemandMax":null,"Value":992},{"Length":75,"Height":13,"Demand":10,"DemandMax":null,"Value":975},{"Length":36,"Height":27,"Demand":10,"DemandMax":null,"Value":972},{"Length":47,"Height":20,"Demand":10,"DemandMax":null,"Value":940},{"Length":30,"Height":31,"Demand":10,"DemandMax":null,"Value":930},{"Length":23,"Height":40,"Demand":10,"DemandMax":null,"Value":920},{"Length":80,"Height":11,"Demand":10,"DemandMax":null,"Value":880},{"Length":58,"Height":15,"Demand":10,"DemandMax":null,"Value":870},{"Length":12,"Height":72,"Demand":10,"DemandMax":null,"Value":864},{"Length":45,"Height":19,"Demand":10,"DemandMax":null,"Value":855},{"Length":75,"Height":11,"Demand":10,"DemandMax":null,"Value":825},{"Length":58,"Height":14,"Demand":10,"DemandMax":null,"Value":812},{"Length":50,"Height":15,"Demand":10,"DemandMax":null,"Value":750},{"Length":9,"Height":82,"Demand":10,"DemandMax":null,"Value":738},{"Length":12,"Height":57,"Demand":10,"DemandMax":null,"Value":684},{"Length":16,"Height":40,"Demand":10,"DemandMax":null,"Value":640},{"Length":7,"Height":88,"Demand":10,"DemandMax":null,"Value":616},{"Length":8,"Height":75,"Demand":10,"DemandMax":null,"Value":600},{"Length":59,"Height":9,"Demand":10,"DemandMax":null,"Value":531},{"Length":16,"Height":32,"Demand":10,"DemandMax":null,"Value":512},{"Length":73,"Height":7,"Demand":10,"DemandMax":null,"Value":511},{"Length":7,"Height":67,"Demand":10,"DemandMax":null,"Value":469},{"Length":61,"Height":7,"Demand":10,"DemandMax":null,"Value":427},{"Length":36,"Height":9,"Demand":10,"DemandMax":null,"Value":324},{"Length":27,"Height":12,"Demand":10,"DemandMax":null,"Value":324},{"Length":23,"Height":9,"Demand":10,"DemandMax":null,"Value":207},{"Length":25,"Height":8,"Demand":10,"DemandMax":null,"Value":200},{"Length":14,"Height":11,"Demand":10,"DemandMax":null,"Value":154},{"Length":8,"Height":18,"Demand":10,"DemandMax":null,"Value":144},{"Length":6,"Height":15,"Demand":10,"DemandMax":null,"Value":90}]}