{"Name":"AH39","Objects":[{"Length":1000,"Height":48667,"Stock":null,"Cost":48667000}],"Items":[{"Length":354,"Height":261,"Demand":100,"DemandMax":null,"Value":92394},{"Length":305,"Height":233,"Demand":100,"DemandMax":null,"Value":71065},{"Length":330,"Height":206,"Demand":100,"DemandMax":null,"Value":67980},{"Length":231,"Height":245,"Demand":100,"DemandMax":null,"Value":56595},{"Length":246,"Height":190,"Demand":100,"DemandMax":null,"Value":46740},{"Length":328,"Height":130,"Demand":100,"DemandMax":null,"Value":42640},{"Length":359,"Height":110,"Demand":100,"DemandMax":null,"Value":39490},{"Length":142,"Height":267,"Demand":100,"DemandMax":null,"Value":37914},{"Length":109,"Height":272,"Demand":100,"DemandMax":null,"Value":29648},{"Length":71,"Height":31,"Demand":100,"DemandMax":null,"Value":2201}]}