{"Name":"AH17","Objects":[{"Length":1000,"Height":39512,"Stock":null,"Cost":39512000}],"Items":[{"Length":228,"Height":271,"Demand":100,"DemandMax":null,"Value":61788},{"Length":178,"Height":266,"Demand":100,"DemandMax":null,"Value":47348},{"Length":276,"Height":168,"Demand":100,"DemandMax":null,"Value":46368},{"Length":223,"Height":206,"Demand":100,"DemandMax":null,"Value":45938},{"Length":245,"Height":177,"Demand":100,"DemandMax":null,"Value":43365},{"Length":251,"Height":162,"Demand":100,"DemandMax":null,"Value":40662},{"Length":194,"Height":170,"Demand":100,"DemandMax":null,"Value":32980},{"Length":114,"Height":268,"Demand":100,"DemandMax":null,"Value":30552},{"Length":178,"Height":159,"Demand":100,"DemandMax":null,"Value":28302},{"Length":168,"Height":106,"Demand":100,"DemandMax":null,"Value":17808}]}