{"Name":"AH338","Objects":[{"Length":1000,"Height":2335,"Stock":null,"Cost":2335000}],"Items":[{"Length":88,"Height":89,"Demand":1,"DemandMax":null,"Value":7832},{"Length":87,"Height":90,"Demand":1,"DemandMax":null,"Value":7830},{"Length":86,"Height":90,"Demand":1,"DemandMax":null,"Value":7740},{"Length":89,"Height":86,"Demand":1,"DemandMax":null,"Value":7654},{"Length":88,"Height":86,"Demand":1,"DemandMax":null,"Value":7568},{"Length":85,"Height":89,"Demand":1,"DemandMax":null,"Value":7565},{"Length":84,"Height":90,"Demand":1,"DemandMax":null,"Value":7560},{"Length":84,"Height":89,"Demand":1,"DemandMax":null,"Value":7476},{"Length":85,"Height":87,"Demand":1,"DemandMax":null,"Value":7395},{"Length":87,"Height":84,"Demand":1,"DemandMax":null,"Value":7308},{"Length":88,"Height":83,"Demand":1,"DemandMax":null,"Value":7304},{"Length":84,"Height":86,"Demand":1,"DemandMax":null,"Value":7224},{"Length":83,"Height":87,"Demand":1,"DemandMax":null,"Value":7221},{"Length":89,"Height":81,"Demand":1,"DemandMax":null,"Value":7209},{"Length":84,"Height":85,"Demand":1,"DemandMax":null,"Value":7140},{"Length":87,"Height":82,"Demand":1,"DemandMax":null,"Value":7134},{"Length":80,"Height":89,"Demand":1,"DemandMax":null,"Value":7120},{"Length":90,"Height":79,"Demand":1,"DemandMax":null,"Value":7110},{"Length":79,"Height":89,"Demand":1,"DemandMax":null,"Value":7031},{"Length":81,"Height":85,"Demand":1,"DemandMax":null,"Value":6885},{"Length":87,"Height":79,"Demand":1,"DemandMax":null,"Value":6873},{"Length":76,"Height":90,"Demand":1,"DemandMax":null,"Value":6840},{"Length":83,"Height":82,"Demand":1,"DemandMax":null,"Value":6806},{"Length":80,"Height":85,"Demand":1,"DemandMax":null,"Value":6800},{"Length":86,"Height":79,"Demand":1,"DemandMax":null,"Value":6794},{"Length":89,"Height":76,"Demand":1,"DemandMax":null,"Value":6764},{"Length":81,"Height":83,"Demand":1,"DemandMax":null,"Value":6723},{"Length":77,"Height":87,"Demand":1,"DemandMax":null,"Value":6699},{"Length":76,"Height":88,"Demand":1,"DemandMax":null,"Value":6688},{"Length":80,"Height":83,"Demand":1,"DemandMax":null,"Value":6640},{"Length":87,"Height":76,"Demand":1,"DemandMax":null,"Value":6612},{"Length":89,"Height":74,"Demand":1,"DemandMax":null,"Value":6586},{"Length":80,"Height":82,"Demand":1,"DemandMax":null,"Value":6560},{"Length":77,"Height":85,"Demand":1,"DemandMax":null,"Value":6545},{"Length":73,"Height":89,"Demand":1,"DemandMax":null,"Value":6497},{"Length":76,"Height":85,"Demand":1,"DemandMax":null,"Value":6460},{"Length":80,"Height":80,"Demand":1,"DemandMax":null,"Value":6400},{"Length":79,"Height":80,"Demand":1,"DemandMax":null,"Value":6320},{"Length":81,"Height":78,"Demand":1,"DemandMax":null,"Value":6318},{"Length":76,"Height":83,"Demand":1,"DemandMax":null,"Value":6308},{"Length":90,"Height":70,"Demand":1,"DemandMax":null,"Value":6300},{"Length":75,"Height":84,"Demand":1,"DemandMax":null,"Value":6300},{"Length":72,"Height":87,"Demand":1,"DemandMax":null,"Value":6264},{"Length":81,"Height":77,"Demand":1,"DemandMax":null,"Value":6237},{"Length":84,"Height":74,"Demand":1,"DemandMax":null,"Value":6216},{"Length":90,"Height":69,"Demand":1,"DemandMax":null,"Value":6210},{"Length":71,"Height":87,"Demand":1,"DemandMax":null,"Value":6177},{"Length":88,"Height":70,"Demand":1,"DemandMax":null,"Value":6160},{"Length":81,"Height":76,"Demand":1,"DemandMax":null,"Value":6156},{"Length":69,"Height":89,"Demand":1,"DemandMax":null,"Value":6141},{"Length":90,"Height":68,"Demand":1,"DemandMax":null,"Value":6120},{"Length":76,"Height":80,"Demand":1,"DemandMax":null,"Value":6080},{"Length":81,"Height":75,"Demand":1,"DemandMax":null,"Value":6075},{"Length":73,"Height":83,"Demand":1,"DemandMax":null,"Value":6059},{"Length":67,"Height":90,"Demand":1,"DemandMax":null,"Value":6030},{"Length":81,"Height":74,"Demand":1,"DemandMax":null,"Value":5994},{"Length":73,"Height":82,"Demand":1,"DemandMax":null,"Value":5986},{"Length":89,"Height":67,"Demand":1,"DemandMax":null,"Value":5963},{"Length":85,"Height":70,"Demand":1,"DemandMax":null,"Value":5950},{"Length":90,"Height":66,"Demand":1,"DemandMax":null,"Value":5940},{"Length":79,"Height":75,"Demand":1,"DemandMax":null,"Value":5925},{"Length":80,"Height":74,"Demand":1,"DemandMax":null,"Value":5920},{"Length":73,"Height":81,"Demand":1,"DemandMax":null,"Value":5913},{"Length":75,"Height":78,"Demand":1,"DemandMax":null,"Value":5850},{"Length":80,"Height":73,"Demand":1,"DemandMax":null,"Value":5840},{"Length":78,"Height":74,"Demand":1,"DemandMax":null,"Value":5772},{"Length":73,"Height":79,"Demand":1,"DemandMax":null,"Value":5767},{"Length":86,"Height":67,"Demand":1,"DemandMax":null,"Value":5762},{"Length":69,"Height":83,"Demand":1,"DemandMax":null,"Value":5727},{"Length":68,"Height":84,"Demand":1,"DemandMax":null,"Value":5712},{"Length":67,"Height":85,"Demand":1,"DemandMax":null,"Value":5695},{"Length":73,"Height":78,"Demand":1,"DemandMax":null,"Value":5694},{"Length":80,"Height":71,"Demand":1,"DemandMax":null,"Value":5680},{"Length":86,"Height":66,"Demand":1,"DemandMax":null,"Value":5676},{"Length":81,"Height":70,"Demand":1,"DemandMax":null,"Value":5670},{"Length":88,"Height":64,"Demand":1,"DemandMax":null,"Value":5632},{"Length":75,"Height":75,"Demand":1,"DemandMax":null,"Value":5625},{"Length":73,"Height":77,"Demand":1,"DemandMax":null,"Value":5621},{"Length":78,"Height":72,"Demand":1,"DemandMax":null,"Value":5616},{"Length":65,"Height":86,"Demand":1,"DemandMax":null,"Value":5590},{"Length":88,"Height":63,"Demand":1,"DemandMax":null,"Value":5544},{"Length":71,"Height":78,"Demand":1,"DemandMax":null,"Value":5538},{"Length":74,"Height":74,"Demand":1,"DemandMax":null,"Value":5476},{"Length":73,"Height":74,"Demand":1,"DemandMax":null,"Value":5402},{"Length":76,"Height":71,"Demand":1,"DemandMax":null,"Value":5396},{"Length":87,"Height":62,"Demand":1,"DemandMax":null,"Value":5394},{"Length":70,"Height":77,"Demand":1,"DemandMax":null,"Value":5390},{"Length":79,"Height":68,"Demand":1,"DemandMax":null,"Value":5372},{"Length":82,"Height":65,"Demand":1,"DemandMax":null,"Value":5330},{"Length":72,"Height":74,"Demand":1,"DemandMax":null,"Value":5328},{"Length":59,"Height":90,"Demand":1,"DemandMax":null,"Value":5310},{"Length":63,"Height":84,"Demand":1,"DemandMax":null,"Value":5292},{"Length":88,"Height":60,"Demand":1,"DemandMax":null,"Value":5280},{"Length":74,"Height":71,"Demand":1,"DemandMax":null,"Value":5254},{"Length":68,"Height":77,"Demand":1,"DemandMax":null,"Value":5236},{"Length":87,"Height":60,"Demand":1,"DemandMax":null,"Value":5220},{"Length":66,"Height":79,"Demand":1,"DemandMax":null,"Value":5214},{"Length":88,"Height":59,"Demand":1,"DemandMax":null,"Value":5192},{"Length":73,"Height":71,"Demand":1,"DemandMax":null,"Value":5183},{"Length":76,"Height":68,"Demand":1,"DemandMax":null,"Value":5168},{"Length":89,"Height":58,"Demand":1,"DemandMax":null,"Value":5162},{"Length":80,"Height":64,"Demand":1,"DemandMax":null,"Value":5120},{"Length":70,"Height":73,"Demand":1,"DemandMax":null,"Value":5110},{"Length":74,"Height":69,"Demand":1,"DemandMax":null,"Value":5106},{"Length":58,"Height":88,"Demand":1,"DemandMax":null,"Value":5104},{"Length":60,"Height":85,"Demand":1,"DemandMax":null,"Value":5100},{"Length":66,"Height":77,"Demand":1,"DemandMax":null,"Value":5082},{"Length":78,"Height":65,"Demand":1,"DemandMax":null,"Value":5070},{"Length":56,"Height":90,"Demand":1,"DemandMax":null,"Value":5040},{"Length":67,"Height":75,"Demand":1,"DemandMax":null,"Value":5025},{"Length":66,"Height":76,"Demand":1,"DemandMax":null,"Value":5016},{"Length":64,"Height":78,"Demand":1,"DemandMax":null,"Value":4992},{"Length":63,"Height":79,"Demand":1,"DemandMax":null,"Value":4977},{"Length":61,"Height":81,"Demand":1,"DemandMax":null,"Value":4941},{"Length":65,"Height":76,"Demand":1,"DemandMax":null,"Value":4940},{"Length":88,"Height":56,"Demand":1,"DemandMax":null,"Value":4928},{"Length":63,"Height":78,"Demand":1,"DemandMax":null,"Value":4914},{"Length":59,"Height":83,"Demand":1,"DemandMax":null,"Value":4897},{"Length":72,"Height":68,"Demand":1,"DemandMax":null,"Value":4896},{"Length":84,"Height":58,"Demand":1,"DemandMax":null,"Value":4872},{"Length":59,"Height":82,"Demand":1,"DemandMax":null,"Value":4838},{"Length":64,"Height":75,"Demand":1,"DemandMax":null,"Value":4800},{"Length":60,"Height":80,"Demand":1,"DemandMax":null,"Value":4800},{"Length":87,"Height":55,"Demand":1,"DemandMax":null,"Value":4785},{"Length":71,"Height":67,"Demand":1,"DemandMax":null,"Value":4757},{"Length":86,"Height":55,"Demand":1,"DemandMax":null,"Value":4730},{"Length":53,"Height":89,"Demand":1,"DemandMax":null,"Value":4717},{"Length":84,"Height":56,"Demand":1,"DemandMax":null,"Value":4704},{"Length":61,"Height":77,"Demand":1,"DemandMax":null,"Value":4697},{"Length":69,"Height":68,"Demand":1,"DemandMax":null,"Value":4692},{"Length":73,"Height":64,"Demand":1,"DemandMax":null,"Value":4672},{"Length":53,"Height":88,"Demand":1,"DemandMax":null,"Value":4664},{"Length":56,"Height":83,"Demand":1,"DemandMax":null,"Value":4648},{"Length":89,"Height":52,"Demand":1,"DemandMax":null,"Value":4628},{"Length":60,"Height":77,"Demand":1,"DemandMax":null,"Value":4620},{"Length":70,"Height":66,"Demand":1,"DemandMax":null,"Value":4620},{"Length":54,"Height":85,"Demand":1,"DemandMax":null,"Value":4590},{"Length":58,"Height":79,"Demand":1,"DemandMax":null,"Value":4582},{"Length":52,"Height":88,"Demand":1,"DemandMax":null,"Value":4576},{"Length":61,"Height":75,"Demand":1,"DemandMax":null,"Value":4575},{"Length":76,"Height":60,"Demand":1,"DemandMax":null,"Value":4560},{"Length":71,"Height":64,"Demand":1,"DemandMax":null,"Value":4544},{"Length":78,"Height":58,"Demand":1,"DemandMax":null,"Value":4524},{"Length":52,"Height":87,"Demand":1,"DemandMax":null,"Value":4524},{"Length":85,"Height":53,"Demand":1,"DemandMax":null,"Value":4505},{"Length":90,"Height":50,"Demand":1,"DemandMax":null,"Value":4500},{"Length":51,"Height":88,"Demand":1,"DemandMax":null,"Value":4488},{"Length":83,"Height":54,"Demand":1,"DemandMax":null,"Value":4482},{"Length":70,"Height":64,"Demand":1,"DemandMax":null,"Value":4480},{"Length":61,"Height":73,"Demand":1,"DemandMax":null,"Value":4453},{"Length":50,"Height":89,"Demand":1,"DemandMax":null,"Value":4450},{"Length":78,"Height":57,"Demand":1,"DemandMax":null,"Value":4446},{"Length":51,"Height":87,"Demand":1,"DemandMax":null,"Value":4437},{"Length":54,"Height":82,"Demand":1,"DemandMax":null,"Value":4428},{"Length":75,"Height":59,"Demand":1,"DemandMax":null,"Value":4425},{"Length":71,"Height":62,"Demand":1,"DemandMax":null,"Value":4402},{"Length":53,"Height":83,"Demand":1,"DemandMax":null,"Value":4399},{"Length":72,"Height":61,"Demand":1,"DemandMax":null,"Value":4392},{"Length":54,"Height":81,"Demand":1,"DemandMax":null,"Value":4374},{"Length":52,"Height":84,"Demand":1,"DemandMax":null,"Value":4368},{"Length":55,"Height":79,"Demand":1,"DemandMax":null,"Value":4345},{"Length":76,"Height":57,"Demand":1,"DemandMax":null,"Value":4332},{"Length":60,"Height":72,"Demand":1,"DemandMax":null,"Value":4320},{"Length":48,"Height":90,"Demand":1,"DemandMax":null,"Value":4320},{"Length":49,"Height":88,"Demand":1,"DemandMax":null,"Value":4312},{"Length":65,"Height":66,"Demand":1,"DemandMax":null,"Value":4290},{"Length":64,"Height":67,"Demand":1,"DemandMax":null,"Value":4288},{"Length":63,"Height":68,"Demand":1,"DemandMax":null,"Value":4284},{"Length":54,"Height":79,"Demand":1,"DemandMax":null,"Value":4266},{"Length":52,"Height":82,"Demand":1,"DemandMax":null,"Value":4264},{"Length":87,"Height":49,"Demand":1,"DemandMax":null,"Value":4263},{"Length":66,"Height":64,"Demand":1,"DemandMax":null,"Value":4224},{"Length":53,"Height":79,"Demand":1,"DemandMax":null,"Value":4187},{"Length":89,"Height":47,"Demand":1,"DemandMax":null,"Value":4183},{"Length":87,"Height":48,"Demand":1,"DemandMax":null,"Value":4176},{"Length":61,"Height":68,"Demand":1,"DemandMax":null,"Value":4148},{"Length":56,"Height":74,"Demand":1,"DemandMax":null,"Value":4144},{"Length":60,"Height":69,"Demand":1,"DemandMax":null,"Value":4140},{"Length":75,"Height":55,"Demand":1,"DemandMax":null,"Value":4125},{"Length":58,"Height":71,"Demand":1,"DemandMax":null,"Value":4118},{"Length":52,"Height":79,"Demand":1,"DemandMax":null,"Value":4108},{"Length":82,"Height":50,"Demand":1,"DemandMax":null,"Value":4100},{"Length":64,"Height":64,"Demand":1,"DemandMax":null,"Value":4096},{"Length":74,"Height":55,"Demand":1,"DemandMax":null,"Value":4070},{"Length":57,"Height":71,"Demand":1,"DemandMax":null,"Value":4047},{"Length":86,"Height":47,"Demand":1,"DemandMax":null,"Value":4042},{"Length":61,"Height":66,"Demand":1,"DemandMax":null,"Value":4026},{"Length":82,"Height":49,"Demand":1,"DemandMax":null,"Value":4018},{"Length":89,"Height":45,"Demand":1,"DemandMax":null,"Value":4005},{"Length":50,"Height":80,"Demand":1,"DemandMax":null,"Value":4000},{"Length":74,"Height":54,"Demand":1,"DemandMax":null,"Value":3996},{"Length":63,"Height":63,"Demand":1,"DemandMax":null,"Value":3969},{"Length":72,"Height":55,"Demand":1,"DemandMax":null,"Value":3960},{"Length":84,"Height":47,"Demand":1,"DemandMax":null,"Value":3948},{"Length":48,"Height":82,"Demand":1,"DemandMax":null,"Value":3936},{"Length":57,"Height":69,"Demand":1,"DemandMax":null,"Value":3933},{"Length":51,"Height":77,"Demand":1,"DemandMax":null,"Value":3927},{"Length":53,"Height":74,"Demand":1,"DemandMax":null,"Value":3922},{"Length":70,"Height":56,"Demand":1,"DemandMax":null,"Value":3920},{"Length":45,"Height":87,"Demand":1,"DemandMax":null,"Value":3915},{"Length":47,"Height":83,"Demand":1,"DemandMax":null,"Value":3901},{"Length":50,"Height":78,"Demand":1,"DemandMax":null,"Value":3900},{"Length":58,"Height":67,"Demand":1,"DemandMax":null,"Value":3886},{"Length":68,"Height":57,"Demand":1,"DemandMax":null,"Value":3876},{"Length":44,"Height":88,"Demand":1,"DemandMax":null,"Value":3872},{"Length":53,"Height":73,"Demand":1,"DemandMax":null,"Value":3869},{"Length":80,"Height":48,"Demand":1,"DemandMax":null,"Value":3840},{"Length":54,"Height":71,"Demand":1,"DemandMax":null,"Value":3834},{"Length":49,"Height":78,"Demand":1,"DemandMax":null,"Value":3822},{"Length":46,"Height":83,"Demand":1,"DemandMax":null,"Value":3818},{"Length":53,"Height":72,"Demand":1,"DemandMax":null,"Value":3816},{"Length":76,"Height":50,"Demand":1,"DemandMax":null,"Value":3800},{"Length":69,"Height":55,"Demand":1,"DemandMax":null,"Value":3795},{"Length":64,"Height":59,"Demand":1,"DemandMax":null,"Value":3776},{"Length":46,"Height":82,"Demand":1,"DemandMax":null,"Value":3772},{"Length":47,"Height":80,"Demand":1,"DemandMax":null,"Value":3760},{"Length":56,"Height":67,"Demand":1,"DemandMax":null,"Value":3752},{"Length":75,"Height":50,"Demand":1,"DemandMax":null,"Value":3750},{"Length":55,"Height":68,"Demand":1,"DemandMax":null,"Value":3740},{"Length":59,"Height":63,"Demand":1,"DemandMax":null,"Value":3717},{"Length":65,"Height":57,"Demand":1,"DemandMax":null,"Value":3705},{"Length":43,"Height":86,"Demand":1,"DemandMax":null,"Value":3698},{"Length":77,"Height":48,"Demand":1,"DemandMax":null,"Value":3696},{"Length":41,"Height":90,"Demand":1,"DemandMax":null,"Value":3690},{"Length":46,"Height":80,"Demand":1,"DemandMax":null,"Value":3680},{"Length":61,"Height":60,"Demand":1,"DemandMax":null,"Value":3660},{"Length":59,"Height":62,"Demand":1,"DemandMax":null,"Value":3658},{"Length":53,"Height":69,"Demand":1,"DemandMax":null,"Value":3657},{"Length":89,"Height":41,"Demand":1,"DemandMax":null,"Value":3649},{"Length":48,"Height":76,"Demand":1,"DemandMax":null,"Value":3648},{"Length":81,"Height":45,"Demand":1,"DemandMax":null,"Value":3645},{"Length":44,"Height":82,"Demand":1,"DemandMax":null,"Value":3608},{"Length":80,"Height":45,"Demand":1,"DemandMax":null,"Value":3600},{"Length":62,"Height":58,"Demand":1,"DemandMax":null,"Value":3596},{"Length":43,"Height":83,"Demand":1,"DemandMax":null,"Value":3569},{"Length":66,"Height":54,"Demand":1,"DemandMax":null,"Value":3564},{"Length":52,"Height":68,"Demand":1,"DemandMax":null,"Value":3536},{"Length":55,"Height":64,"Demand":1,"DemandMax":null,"Value":3520},{"Length":73,"Height":48,"Demand":1,"DemandMax":null,"Value":3504},{"Length":70,"Height":50,"Demand":1,"DemandMax":null,"Value":3500},{"Length":40,"Height":87,"Demand":1,"DemandMax":null,"Value":3480},{"Length":62,"Height":56,"Demand":1,"DemandMax":null,"Value":3472},{"Length":65,"Height":53,"Demand":1,"DemandMax":null,"Value":3445},{"Length":42,"Height":82,"Demand":1,"DemandMax":null,"Value":3444},{"Length":78,"Height":44,"Demand":1,"DemandMax":null,"Value":3432},{"Length":39,"Height":88,"Demand":1,"DemandMax":null,"Value":3432},{"Length":67,"Height":51,"Demand":1,"DemandMax":null,"Value":3417},{"Length":48,"Height":71,"Demand":1,"DemandMax":null,"Value":3408},{"Length":85,"Height":40,"Demand":1,"DemandMax":null,"Value":3400},{"Length":68,"Height":50,"Demand":1,"DemandMax":null,"Value":3400},{"Length":79,"Height":43,"Demand":1,"DemandMax":null,"Value":3397},{"Length":44,"Height":77,"Demand":1,"DemandMax":null,"Value":3388},{"Length":49,"Height":69,"Demand":1,"DemandMax":null,"Value":3381},{"Length":51,"Height":66,"Demand":1,"DemandMax":null,"Value":3366},{"Length":58,"Height":58,"Demand":1,"DemandMax":null,"Value":3364},{"Length":59,"Height":57,"Demand":1,"DemandMax":null,"Value":3363},{"Length":73,"Height":46,"Demand":1,"DemandMax":null,"Value":3358},{"Length":38,"Height":88,"Demand":1,"DemandMax":null,"Value":3344},{"Length":53,"Height":63,"Demand":1,"DemandMax":null,"Value":3339},{"Length":49,"Height":68,"Demand":1,"DemandMax":null,"Value":3332},{"Length":41,"Height":81,"Demand":1,"DemandMax":null,"Value":3321},{"Length":87,"Height":38,"Demand":1,"DemandMax":null,"Value":3306},{"Length":54,"Height":61,"Demand":1,"DemandMax":null,"Value":3294},{"Length":37,"Height":89,"Demand":1,"DemandMax":null,"Value":3293},{"Length":45,"Height":73,"Demand":1,"DemandMax":null,"Value":3285},{"Length":82,"Height":40,"Demand":1,"DemandMax":null,"Value":3280},{"Length":80,"Height":41,"Demand":1,"DemandMax":null,"Value":3280},{"Length":63,"Height":52,"Demand":1,"DemandMax":null,"Value":3276},{"Length":39,"Height":84,"Demand":1,"DemandMax":null,"Value":3276},{"Length":78,"Height":42,"Demand":1,"DemandMax":null,"Value":3276},{"Length":86,"Height":38,"Demand":1,"DemandMax":null,"Value":3268},{"Length":46,"Height":71,"Demand":1,"DemandMax":null,"Value":3266},{"Length":64,"Height":51,"Demand":1,"DemandMax":null,"Value":3264},{"Length":88,"Height":37,"Demand":1,"DemandMax":null,"Value":3256},{"Length":50,"Height":65,"Demand":1,"DemandMax":null,"Value":3250},{"Length":57,"Height":57,"Demand":1,"DemandMax":null,"Value":3249},{"Length":56,"Height":58,"Demand":1,"DemandMax":null,"Value":3248},{"Length":55,"Height":59,"Demand":1,"DemandMax":null,"Value":3245},{"Length":36,"Height":90,"Demand":1,"DemandMax":null,"Value":3240},{"Length":62,"Height":52,"Demand":1,"DemandMax":null,"Value":3224},{"Length":70,"Height":46,"Demand":1,"DemandMax":null,"Value":3220},{"Length":50,"Height":64,"Demand":1,"DemandMax":null,"Value":3200},{"Length":68,"Height":47,"Demand":1,"DemandMax":null,"Value":3196},{"Length":45,"Height":71,"Demand":1,"DemandMax":null,"Value":3195},{"Length":58,"Height":55,"Demand":1,"DemandMax":null,"Value":3190},{"Length":59,"Height":54,"Demand":1,"DemandMax":null,"Value":3186},{"Length":53,"Height":60,"Demand":1,"DemandMax":null,"Value":3180},{"Length":88,"Height":36,"Demand":1,"DemandMax":null,"Value":3168},{"Length":75,"Height":42,"Demand":1,"DemandMax":null,"Value":3150},{"Length":50,"Height":63,"Demand":1,"DemandMax":null,"Value":3150},{"Length":37,"Height":85,"Demand":1,"DemandMax":null,"Value":3145},{"Length":64,"Height":49,"Demand":1,"DemandMax":null,"Value":3136},{"Length":55,"Height":57,"Demand":1,"DemandMax":null,"Value":3135},{"Length":58,"Height":54,"Demand":1,"DemandMax":null,"Value":3132},{"Length":65,"Height":48,"Demand":1,"DemandMax":null,"Value":3120},{"Length":52,"Height":60,"Demand":1,"DemandMax":null,"Value":3120},{"Length":51,"Height":61,"Demand":1,"DemandMax":null,"Value":3111},{"Length":74,"Height":42,"Demand":1,"DemandMax":null,"Value":3108},{"Length":69,"Height":45,"Demand":1,"DemandMax":null,"Value":3105},{"Length":72,"Height":43,"Demand":1,"DemandMax":null,"Value":3096},{"Length":38,"Height":81,"Demand":1,"DemandMax":null,"Value":3078},{"Length":58,"Height":53,"Demand":1,"DemandMax":null,"Value":3074},{"Length":34,"Height":90,"Demand":1,"DemandMax":null,"Value":3060},{"Length":87,"Height":35,"Demand":1,"DemandMax":null,"Value":3045},{"Length":40,"Height":76,"Demand":1,"DemandMax":null,"Value":3040},{"Length":69,"Height":44,"Demand":1,"DemandMax":null,"Value":3036},{"Length":34,"Height":89,"Demand":1,"DemandMax":null,"Value":3026},{"Length":84,"Height":36,"Demand":1,"DemandMax":null,"Value":3024},{"Length":70,"Height":43,"Demand":1,"DemandMax":null,"Value":3010},{"Length":81,"Height":37,"Demand":1,"DemandMax":null,"Value":2997},{"Length":46,"Height":65,"Demand":1,"DemandMax":null,"Value":2990},{"Length":42,"Height":71,"Demand":1,"DemandMax":null,"Value":2982},{"Length":66,"Height":45,"Demand":1,"DemandMax":null,"Value":2970},{"Length":53,"Height":56,"Demand":1,"DemandMax":null,"Value":2968},{"Length":47,"Height":63,"Demand":1,"DemandMax":null,"Value":2961},{"Length":74,"Height":40,"Demand":1,"DemandMax":null,"Value":2960},{"Length":37,"Height":80,"Demand":1,"DemandMax":null,"Value":2960},{"Length":58,"Height":51,"Demand":1,"DemandMax":null,"Value":2958},{"Length":45,"Height":65,"Demand":1,"DemandMax":null,"Value":2925},{"Length":43,"Height":68,"Demand":1,"DemandMax":null,"Value":2924},{"Length":54,"Height":54,"Demand":1,"DemandMax":null,"Value":2916},{"Length":85,"Height":34,"Demand":1,"DemandMax":null,"Value":2890},{"Length":72,"Height":40,"Demand":1,"DemandMax":null,"Value":2880},{"Length":60,"Height":48,"Demand":1,"DemandMax":null,"Value":2880},{"Length":36,"Height":80,"Demand":1,"DemandMax":null,"Value":2880},{"Length":52,"Height":55,"Demand":1,"DemandMax":null,"Value":2860},{"Length":42,"Height":68,"Demand":1,"DemandMax":null,"Value":2856},{"Length":75,"Height":38,"Demand":1,"DemandMax":null,"Value":2850},{"Length":43,"Height":66,"Demand":1,"DemandMax":null,"Value":2838},{"Length":45,"Height":63,"Demand":1,"DemandMax":null,"Value":2835},{"Length":81,"Height":35,"Demand":1,"DemandMax":null,"Value":2835},{"Length":41,"Height":69,"Demand":1,"DemandMax":null,"Value":2829},{"Length":47,"Height":60,"Demand":1,"DemandMax":null,"Value":2820},{"Length":42,"Height":67,"Demand":1,"DemandMax":null,"Value":2814},{"Length":74,"Height":38,"Demand":1,"DemandMax":null,"Value":2812},{"Length":39,"Height":72,"Demand":1,"DemandMax":null,"Value":2808},{"Length":61,"Height":46,"Demand":1,"DemandMax":null,"Value":2806},{"Length":40,"Height":70,"Demand":1,"DemandMax":null,"Value":2800},{"Length":80,"Height":35,"Demand":1,"DemandMax":null,"Value":2800},{"Length":58,"Height":48,"Demand":1,"DemandMax":null,"Value":2784},{"Length":84,"Height":33,"Demand":1,"DemandMax":null,"Value":2772},{"Length":42,"Height":65,"Demand":1,"DemandMax":null,"Value":2730},{"Length":47,"Height":58,"Demand":1,"DemandMax":null,"Value":2726},{"Length":46,"Height":59,"Demand":1,"DemandMax":null,"Value":2714},{"Length":66,"Height":41,"Demand":1,"DemandMax":null,"Value":2706},{"Length":52,"Height":52,"Demand":1,"DemandMax":null,"Value":2704},{"Length":45,"Height":60,"Demand":1,"DemandMax":null,"Value":2700},{"Length":75,"Height":36,"Demand":1,"DemandMax":null,"Value":2700},{"Length":31,"Height":87,"Demand":1,"DemandMax":null,"Value":2697},{"Length":55,"Height":49,"Demand":1,"DemandMax":null,"Value":2695},{"Length":48,"Height":56,"Demand":1,"DemandMax":null,"Value":2688},{"Length":44,"Height":61,"Demand":1,"DemandMax":null,"Value":2684},{"Length":47,"Height":57,"Demand":1,"DemandMax":null,"Value":2679},{"Length":46,"Height":58,"Demand":1,"DemandMax":null,"Value":2668},{"Length":72,"Height":37,"Demand":1,"DemandMax":null,"Value":2664},{"Length":50,"Height":53,"Demand":1,"DemandMax":null,"Value":2650},{"Length":54,"Height":49,"Demand":1,"DemandMax":null,"Value":2646},{"Length":44,"Height":60,"Demand":1,"DemandMax":null,"Value":2640},{"Length":48,"Height":55,"Demand":1,"DemandMax":null,"Value":2640},{"Length":33,"Height":80,"Demand":1,"DemandMax":null,"Value":2640},{"Length":88,"Height":30,"Demand":1,"DemandMax":null,"Value":2640},{"Length":34,"Height":77,"Demand":1,"DemandMax":null,"Value":2618},{"Length":29,"Height":90,"Demand":1,"DemandMax":null,"Value":2610},{"Length":42,"Height":62,"Demand":1,"DemandMax":null,"Value":2604},{"Length":32,"Height":81,"Demand":1,"DemandMax":null,"Value":2592},{"Length":29,"Height":89,"Demand":1,"DemandMax":null,"Value":2581},{"Length":44,"Height":58,"Demand":1,"DemandMax":null,"Value":2552},{"Length":50,"Height":51,"Demand":1,"DemandMax":null,"Value":2550},{"Length":75,"Height":34,"Demand":1,"DemandMax":null,"Value":2550},{"Length":30,"Height":85,"Demand":1,"DemandMax":null,"Value":2550},{"Length":52,"Height":49,"Demand":1,"DemandMax":null,"Value":2548},{"Length":67,"Height":38,"Demand":1,"DemandMax":null,"Value":2546},{"Length":82,"Height":31,"Demand":1,"DemandMax":null,"Value":2542},{"Length":33,"Height":77,"Demand":1,"DemandMax":null,"Value":2541},{"Length":47,"Height":54,"Demand":1,"DemandMax":null,"Value":2538},{"Length":59,"Height":43,"Demand":1,"DemandMax":null,"Value":2537},{"Length":39,"Height":65,"Demand":1,"DemandMax":null,"Value":2535},{"Length":63,"Height":40,"Demand":1,"DemandMax":null,"Value":2520},{"Length":42,"Height":60,"Demand":1,"DemandMax":null,"Value":2520},{"Length":35,"Height":72,"Demand":1,"DemandMax":null,"Value":2520},{"Length":56,"Height":45,"Demand":1,"DemandMax":null,"Value":2520},{"Length":66,"Height":38,"Demand":1,"DemandMax":null,"Value":2508},{"Length":76,"Height":33,"Demand":1,"DemandMax":null,"Value":2508},{"Length":78,"Height":32,"Demand":1,"DemandMax":null,"Value":2496},{"Length":58,"Height":43,"Demand":1,"DemandMax":null,"Value":2494},{"Length":38,"Height":65,"Demand":1,"DemandMax":null,"Value":2470},{"Length":29,"Height":85,"Demand":1,"DemandMax":null,"Value":2465},{"Length":57,"Height":43,"Demand":1,"DemandMax":null,"Value":2451},{"Length":72,"Height":34,"Demand":1,"DemandMax":null,"Value":2448},{"Length":38,"Height":64,"Demand":1,"DemandMax":null,"Value":2432},{"Length":90,"Height":27,"Demand":1,"DemandMax":null,"Value":2430},{"Length":55,"Height":44,"Demand":1,"DemandMax":null,"Value":2420},{"Length":36,"Height":67,"Demand":1,"DemandMax":null,"Value":2412},{"Length":56,"Height":43,"Demand":1,"DemandMax":null,"Value":2408},{"Length":30,"Height":80,"Demand":1,"DemandMax":null,"Value":2400},{"Length":52,"Height":46,"Demand":1,"DemandMax":null,"Value":2392},{"Length":85,"Height":28,"Demand":1,"DemandMax":null,"Value":2380},{"Length":82,"Height":29,"Demand":1,"DemandMax":null,"Value":2378},{"Length":36,"Height":66,"Demand":1,"DemandMax":null,"Value":2376},{"Length":74,"Height":32,"Demand":1,"DemandMax":null,"Value":2368},{"Length":62,"Height":38,"Demand":1,"DemandMax":null,"Value":2356},{"Length":28,"Height":84,"Demand":1,"DemandMax":null,"Value":2352},{"Length":27,"Height":87,"Demand":1,"DemandMax":null,"Value":2349},{"Length":51,"Height":46,"Demand":1,"DemandMax":null,"Value":2346},{"Length":35,"Height":67,"Demand":1,"DemandMax":null,"Value":2345},{"Length":45,"Height":52,"Demand":1,"DemandMax":null,"Value":2340},{"Length":86,"Height":27,"Demand":1,"DemandMax":null,"Value":2322},{"Length":68,"Height":34,"Demand":1,"DemandMax":null,"Value":2312},{"Length":77,"Height":30,"Demand":1,"DemandMax":null,"Value":2310},{"Length":66,"Height":35,"Demand":1,"DemandMax":null,"Value":2310},{"Length":48,"Height":48,"Demand":1,"DemandMax":null,"Value":2304},{"Length":50,"Height":46,"Demand":1,"DemandMax":null,"Value":2300},{"Length":26,"Height":88,"Demand":1,"DemandMax":null,"Value":2288},{"Length":35,"Height":65,"Demand":1,"DemandMax":null,"Value":2275},{"Length":41,"Height":55,"Demand":1,"DemandMax":null,"Value":2255},{"Length":46,"Height":49,"Demand":1,"DemandMax":null,"Value":2254},{"Length":75,"Height":30,"Demand":1,"DemandMax":null,"Value":2250},{"Length":50,"Height":45,"Demand":1,"DemandMax":null,"Value":2250},{"Length":33,"Height":68,"Demand":1,"DemandMax":null,"Value":2244},{"Length":86,"Height":26,"Demand":1,"DemandMax":null,"Value":2236},{"Length":72,"Height":31,"Demand":1,"DemandMax":null,"Value":2232},{"Length":37,"Height":60,"Demand":1,"DemandMax":null,"Value":2220},{"Length":30,"Height":74,"Demand":1,"DemandMax":null,"Value":2220},{"Length":46,"Height":48,"Demand":1,"DemandMax":null,"Value":2208},{"Length":76,"Height":29,"Demand":1,"DemandMax":null,"Value":2204},{"Length":31,"Height":71,"Demand":1,"DemandMax":null,"Value":2201},{"Length":36,"Height":61,"Demand":1,"DemandMax":null,"Value":2196},{"Length":27,"Height":81,"Demand":1,"DemandMax":null,"Value":2187},{"Length":52,"Height":42,"Demand":1,"DemandMax":null,"Value":2184},{"Length":66,"Height":33,"Demand":1,"DemandMax":null,"Value":2178},{"Length":64,"Height":34,"Demand":1,"DemandMax":null,"Value":2176},{"Length":53,"Height":41,"Demand":1,"DemandMax":null,"Value":2173},{"Length":31,"Height":70,"Demand":1,"DemandMax":null,"Value":2170},{"Length":48,"Height":45,"Demand":1,"DemandMax":null,"Value":2160},{"Length":24,"Height":90,"Demand":1,"DemandMax":null,"Value":2160},{"Length":83,"Height":26,"Demand":1,"DemandMax":null,"Value":2158},{"Length":49,"Height":44,"Demand":1,"DemandMax":null,"Value":2156},{"Length":43,"Height":50,"Demand":1,"DemandMax":null,"Value":2150},{"Length":67,"Height":32,"Demand":1,"DemandMax":null,"Value":2144},{"Length":42,"Height":51,"Demand":1,"DemandMax":null,"Value":2142},{"Length":59,"Height":36,"Demand":1,"DemandMax":null,"Value":2124},{"Length":32,"Height":66,"Demand":1,"DemandMax":null,"Value":2112},{"Length":37,"Height":57,"Demand":1,"DemandMax":null,"Value":2109},{"Length":34,"Height":62,"Demand":1,"DemandMax":null,"Value":2108},{"Length":26,"Height":81,"Demand":1,"DemandMax":null,"Value":2106},{"Length":75,"Height":28,"Demand":1,"DemandMax":null,"Value":2100},{"Length":84,"Height":25,"Demand":1,"DemandMax":null,"Value":2100},{"Length":35,"Height":60,"Demand":1,"DemandMax":null,"Value":2100},{"Length":51,"Height":41,"Demand":1,"DemandMax":null,"Value":2091},{"Length":38,"Height":55,"Demand":1,"DemandMax":null,"Value":2090},{"Length":77,"Height":27,"Demand":1,"DemandMax":null,"Value":2079},{"Length":35,"Height":59,"Demand":1,"DemandMax":null,"Value":2065},{"Length":29,"Height":71,"Demand":1,"DemandMax":null,"Value":2059},{"Length":42,"Height":49,"Demand":1,"DemandMax":null,"Value":2058},{"Length":79,"Height":26,"Demand":1,"DemandMax":null,"Value":2054},{"Length":38,"Height":54,"Demand":1,"DemandMax":null,"Value":2052},{"Length":85,"Height":24,"Demand":1,"DemandMax":null,"Value":2040},{"Length":40,"Height":51,"Demand":1,"DemandMax":null,"Value":2040},{"Length":37,"Height":55,"Demand":1,"DemandMax":null,"Value":2035},{"Length":35,"Height":58,"Demand":1,"DemandMax":null,"Value":2030},{"Length":81,"Height":25,"Demand":1,"DemandMax":null,"Value":2025},{"Length":46,"Height":44,"Demand":1,"DemandMax":null,"Value":2024},{"Length":47,"Height":43,"Demand":1,"DemandMax":null,"Value":2021},{"Length":36,"Height":56,"Demand":1,"DemandMax":null,"Value":2016},{"Length":32,"Height":63,"Demand":1,"DemandMax":null,"Value":2016},{"Length":77,"Height":26,"Demand":1,"DemandMax":null,"Value":2002},{"Length":64,"Height":31,"Demand":1,"DemandMax":null,"Value":1984},{"Length":38,"Height":52,"Demand":1,"DemandMax":null,"Value":1976},{"Length":79,"Height":25,"Demand":1,"DemandMax":null,"Value":1975},{"Length":47,"Height":42,"Demand":1,"DemandMax":null,"Value":1974},{"Length":29,"Height":68,"Demand":1,"DemandMax":null,"Value":1972},{"Length":22,"Height":89,"Demand":1,"DemandMax":null,"Value":1958},{"Length":63,"Height":31,"Demand":1,"DemandMax":null,"Value":1953},{"Length":54,"Height":36,"Demand":1,"DemandMax":null,"Value":1944},{"Length":84,"Height":23,"Demand":1,"DemandMax":null,"Value":1932},{"Length":48,"Height":40,"Demand":1,"DemandMax":null,"Value":1920},{"Length":64,"Height":30,"Demand":1,"DemandMax":null,"Value":1920},{"Length":27,"Height":71,"Demand":1,"DemandMax":null,"Value":1917},{"Length":22,"Height":87,"Demand":1,"DemandMax":null,"Value":1914},{"Length":83,"Height":23,"Demand":1,"DemandMax":null,"Value":1909},{"Length":53,"Height":36,"Demand":1,"DemandMax":null,"Value":1908},{"Length":34,"Height":56,"Demand":1,"DemandMax":null,"Value":1904},{"Length":38,"Height":50,"Demand":1,"DemandMax":null,"Value":1900},{"Length":37,"Height":51,"Demand":1,"DemandMax":null,"Value":1887},{"Length":82,"Height":23,"Demand":1,"DemandMax":null,"Value":1886},{"Length":72,"Height":26,"Demand":1,"DemandMax":null,"Value":1872},{"Length":24,"Height":78,"Demand":1,"DemandMax":null,"Value":1872},{"Length":48,"Height":39,"Demand":1,"DemandMax":null,"Value":1872},{"Length":27,"Height":69,"Demand":1,"DemandMax":null,"Value":1863},{"Length":30,"Height":62,"Demand":1,"DemandMax":null,"Value":1860},{"Length":32,"Height":58,"Demand":1,"DemandMax":null,"Value":1856},{"Length":64,"Height":29,"Demand":1,"DemandMax":null,"Value":1856},{"Length":53,"Height":35,"Demand":1,"DemandMax":null,"Value":1855},{"Length":25,"Height":74,"Demand":1,"DemandMax":null,"Value":1850},{"Length":37,"Height":50,"Demand":1,"DemandMax":null,"Value":1850},{"Length":44,"Height":42,"Demand":1,"DemandMax":null,"Value":1848},{"Length":84,"Height":22,"Demand":1,"DemandMax":null,"Value":1848},{"Length":71,"Height":26,"Demand":1,"DemandMax":null,"Value":1846},{"Length":80,"Height":23,"Demand":1,"DemandMax":null,"Value":1840},{"Length":40,"Height":46,"Demand":1,"DemandMax":null,"Value":1840},{"Length":34,"Height":54,"Demand":1,"DemandMax":null,"Value":1836},{"Length":59,"Height":31,"Demand":1,"DemandMax":null,"Value":1829},{"Length":22,"Height":83,"Demand":1,"DemandMax":null,"Value":1826},{"Length":38,"Height":48,"Demand":1,"DemandMax":null,"Value":1824},{"Length":33,"Height":55,"Demand":1,"DemandMax":null,"Value":1815},{"Length":43,"Height":42,"Demand":1,"DemandMax":null,"Value":1806},{"Length":82,"Height":22,"Demand":1,"DemandMax":null,"Value":1804},{"Length":44,"Height":41,"Demand":1,"DemandMax":null,"Value":1804},{"Length":40,"Height":45,"Demand":1,"DemandMax":null,"Value":1800},{"Length":25,"Height":72,"Demand":1,"DemandMax":null,"Value":1800},{"Length":58,"Height":31,"Demand":1,"DemandMax":null,"Value":1798},{"Length":47,"Height":38,"Demand":1,"DemandMax":null,"Value":1786},{"Length":35,"Height":51,"Demand":1,"DemandMax":null,"Value":1785},{"Length":54,"Height":33,"Demand":1,"DemandMax":null,"Value":1782},{"Length":24,"Height":74,"Demand":1,"DemandMax":null,"Value":1776},{"Length":48,"Height":37,"Demand":1,"DemandMax":null,"Value":1776},{"Length":59,"Height":30,"Demand":1,"DemandMax":null,"Value":1770},{"Length":29,"Height":61,"Demand":1,"DemandMax":null,"Value":1769},{"Length":68,"Height":26,"Demand":1,"DemandMax":null,"Value":1768},{"Length":57,"Height":31,"Demand":1,"DemandMax":null,"Value":1767},{"Length":41,"Height":43,"Demand":1,"DemandMax":null,"Value":1763},{"Length":80,"Height":22,"Demand":1,"DemandMax":null,"Value":1760},{"Length":40,"Height":44,"Demand":1,"DemandMax":null,"Value":1760},{"Length":39,"Height":45,"Demand":1,"DemandMax":null,"Value":1755},{"Length":50,"Height":35,"Demand":1,"DemandMax":null,"Value":1750},{"Length":28,"Height":62,"Demand":1,"DemandMax":null,"Value":1736},{"Length":31,"Height":56,"Demand":1,"DemandMax":null,"Value":1736},{"Length":64,"Height":27,"Demand":1,"DemandMax":null,"Value":1728},{"Length":54,"Height":32,"Demand":1,"DemandMax":null,"Value":1728},{"Length":72,"Height":24,"Demand":1,"DemandMax":null,"Value":1728},{"Length":48,"Height":36,"Demand":1,"DemandMax":null,"Value":1728},{"Length":75,"Height":23,"Demand":1,"DemandMax":null,"Value":1725},{"Length":69,"Height":25,"Demand":1,"DemandMax":null,"Value":1725},{"Length":38,"Height":45,"Demand":1,"DemandMax":null,"Value":1710},{"Length":50,"Height":34,"Demand":1,"DemandMax":null,"Value":1700},{"Length":58,"Height":29,"Demand":1,"DemandMax":null,"Value":1682},{"Length":70,"Height":24,"Demand":1,"DemandMax":null,"Value":1680},{"Length":43,"Height":39,"Demand":1,"DemandMax":null,"Value":1677},{"Length":31,"Height":54,"Demand":1,"DemandMax":null,"Value":1674},{"Length":83,"Height":20,"Demand":1,"DemandMax":null,"Value":1660},{"Length":69,"Height":24,"Demand":1,"DemandMax":null,"Value":1656},{"Length":28,"Height":59,"Demand":1,"DemandMax":null,"Value":1652},{"Length":22,"Height":75,"Demand":1,"DemandMax":null,"Value":1650},{"Length":38,"Height":43,"Demand":1,"DemandMax":null,"Value":1634},{"Length":19,"Height":86,"Demand":1,"DemandMax":null,"Value":1634},{"Length":48,"Height":34,"Demand":1,"DemandMax":null,"Value":1632},{"Length":51,"Height":32,"Demand":1,"DemandMax":null,"Value":1632},{"Length":56,"Height":29,"Demand":1,"DemandMax":null,"Value":1624},{"Length":81,"Height":20,"Demand":1,"DemandMax":null,"Value":1620},{"Length":90,"Height":18,"Demand":1,"DemandMax":null,"Value":1620},{"Length":30,"Height":54,"Demand":1,"DemandMax":null,"Value":1620},{"Length":33,"Height":49,"Demand":1,"DemandMax":null,"Value":1617},{"Length":24,"Height":67,"Demand":1,"DemandMax":null,"Value":1608},{"Length":50,"Height":32,"Demand":1,"DemandMax":null,"Value":1600},{"Length":39,"Height":41,"Demand":1,"DemandMax":null,"Value":1599},{"Length":23,"Height":69,"Demand":1,"DemandMax":null,"Value":1587},{"Length":36,"Height":44,"Demand":1,"DemandMax":null,"Value":1584},{"Length":33,"Height":48,"Demand":1,"DemandMax":null,"Value":1584},{"Length":45,"Height":35,"Demand":1,"DemandMax":null,"Value":1575},{"Length":34,"Height":46,"Demand":1,"DemandMax":null,"Value":1564},{"Length":26,"Height":60,"Demand":1,"DemandMax":null,"Value":1560},{"Length":38,"Height":41,"Demand":1,"DemandMax":null,"Value":1558},{"Length":43,"Height":36,"Demand":1,"DemandMax":null,"Value":1548},{"Length":20,"Height":77,"Demand":1,"DemandMax":null,"Value":1540},{"Length":57,"Height":27,"Demand":1,"DemandMax":null,"Value":1539},{"Length":29,"Height":53,"Demand":1,"DemandMax":null,"Value":1537},{"Length":45,"Height":34,"Demand":1,"DemandMax":null,"Value":1530},{"Length":85,"Height":18,"Demand":1,"DemandMax":null,"Value":1530},{"Length":38,"Height":40,"Demand":1,"DemandMax":null,"Value":1520},{"Length":24,"Height":63,"Demand":1,"DemandMax":null,"Value":1512},{"Length":27,"Height":56,"Demand":1,"DemandMax":null,"Value":1512},{"Length":21,"Height":72,"Demand":1,"DemandMax":null,"Value":1512},{"Length":47,"Height":32,"Demand":1,"DemandMax":null,"Value":1504},{"Length":19,"Height":79,"Demand":1,"DemandMax":null,"Value":1501},{"Length":60,"Height":25,"Demand":1,"DemandMax":null,"Value":1500},{"Length":83,"Height":18,"Demand":1,"DemandMax":null,"Value":1494},{"Length":41,"Height":36,"Demand":1,"DemandMax":null,"Value":1476},{"Length":46,"Height":32,"Demand":1,"DemandMax":null,"Value":1472},{"Length":21,"Height":70,"Demand":1,"DemandMax":null,"Value":1470},{"Length":54,"Height":27,"Demand":1,"DemandMax":null,"Value":1458},{"Length":28,"Height":52,"Demand":1,"DemandMax":null,"Value":1456},{"Length":33,"Height":44,"Demand":1,"DemandMax":null,"Value":1452},{"Length":25,"Height":58,"Demand":1,"DemandMax":null,"Value":1450},{"Length":90,"Height":16,"Demand":1,"DemandMax":null,"Value":1440},{"Length":41,"Height":35,"Demand":1,"DemandMax":null,"Value":1435},{"Length":34,"Height":42,"Demand":1,"DemandMax":null,"Value":1428},{"Length":28,"Height":51,"Demand":1,"DemandMax":null,"Value":1428},{"Length":23,"Height":62,"Demand":1,"DemandMax":null,"Value":1426},{"Length":89,"Height":16,"Demand":1,"DemandMax":null,"Value":1424},{"Length":79,"Height":18,"Demand":1,"DemandMax":null,"Value":1422},{"Length":83,"Height":17,"Demand":1,"DemandMax":null,"Value":1411},{"Length":22,"Height":64,"Demand":1,"DemandMax":null,"Value":1408},{"Length":67,"Height":21,"Demand":1,"DemandMax":null,"Value":1407},{"Length":74,"Height":19,"Demand":1,"DemandMax":null,"Value":1406},{"Length":54,"Height":26,"Demand":1,"DemandMax":null,"Value":1404},{"Length":18,"Height":78,"Demand":1,"DemandMax":null,"Value":1404},{"Length":48,"Height":29,"Demand":1,"DemandMax":null,"Value":1392},{"Length":24,"Height":58,"Demand":1,"DemandMax":null,"Value":1392},{"Length":33,"Height":42,"Demand":1,"DemandMax":null,"Value":1386},{"Length":23,"Height":60,"Demand":1,"DemandMax":null,"Value":1380},{"Length":17,"Height":81,"Demand":1,"DemandMax":null,"Value":1377},{"Length":24,"Height":57,"Demand":1,"DemandMax":null,"Value":1368},{"Length":29,"Height":47,"Demand":1,"DemandMax":null,"Value":1363},{"Length":34,"Height":40,"Demand":1,"DemandMax":null,"Value":1360},{"Length":23,"Height":59,"Demand":1,"DemandMax":null,"Value":1357},{"Length":54,"Height":25,"Demand":1,"DemandMax":null,"Value":1350},{"Length":16,"Height":84,"Demand":1,"DemandMax":null,"Value":1344},{"Length":48,"Height":28,"Demand":1,"DemandMax":null,"Value":1344},{"Length":24,"Height":56,"Demand":1,"DemandMax":null,"Value":1344},{"Length":17,"Height":79,"Demand":1,"DemandMax":null,"Value":1343},{"Length":89,"Height":15,"Demand":1,"DemandMax":null,"Value":1335},{"Length":31,"Height":43,"Demand":1,"DemandMax":null,"Value":1333},{"Length":36,"Height":37,"Demand":1,"DemandMax":null,"Value":1332},{"Length":16,"Height":83,"Demand":1,"DemandMax":null,"Value":1328},{"Length":17,"Height":78,"Demand":1,"DemandMax":null,"Value":1326},{"Length":51,"Height":26,"Demand":1,"DemandMax":null,"Value":1326},{"Length":55,"Height":24,"Demand":1,"DemandMax":null,"Value":1320},{"Length":69,"Height":19,"Demand":1,"DemandMax":null,"Value":1311},{"Length":29,"Height":45,"Demand":1,"DemandMax":null,"Value":1305},{"Length":31,"Height":42,"Demand":1,"DemandMax":null,"Value":1302},{"Length":18,"Height":72,"Demand":1,"DemandMax":null,"Value":1296},{"Length":36,"Height":36,"Demand":1,"DemandMax":null,"Value":1296},{"Length":68,"Height":19,"Demand":1,"DemandMax":null,"Value":1292},{"Length":56,"Height":23,"Demand":1,"DemandMax":null,"Value":1288},{"Length":21,"Height":61,"Demand":1,"DemandMax":null,"Value":1281},{"Length":29,"Height":44,"Demand":1,"DemandMax":null,"Value":1276},{"Length":75,"Height":17,"Demand":1,"DemandMax":null,"Value":1275},{"Length":79,"Height":16,"Demand":1,"DemandMax":null,"Value":1264},{"Length":21,"Height":60,"Demand":1,"DemandMax":null,"Value":1260},{"Length":15,"Height":84,"Demand":1,"DemandMax":null,"Value":1260},{"Length":42,"Height":30,"Demand":1,"DemandMax":null,"Value":1260},{"Length":14,"Height":90,"Demand":1,"DemandMax":null,"Value":1260},{"Length":17,"Height":74,"Demand":1,"DemandMax":null,"Value":1258},{"Length":48,"Height":26,"Demand":1,"DemandMax":null,"Value":1248},{"Length":32,"Height":39,"Demand":1,"DemandMax":null,"Value":1248},{"Length":54,"Height":23,"Demand":1,"DemandMax":null,"Value":1242},{"Length":62,"Height":20,"Demand":1,"DemandMax":null,"Value":1240},{"Length":19,"Height":65,"Demand":1,"DemandMax":null,"Value":1235},{"Length":24,"Height":51,"Demand":1,"DemandMax":null,"Value":1224},{"Length":26,"Height":47,"Demand":1,"DemandMax":null,"Value":1222},{"Length":23,"Height":53,"Demand":1,"DemandMax":null,"Value":1219},{"Length":58,"Height":21,"Demand":1,"DemandMax":null,"Value":1218},{"Length":19,"Height":64,"Demand":1,"DemandMax":null,"Value":1216},{"Length":14,"Height":86,"Demand":1,"DemandMax":null,"Value":1204},{"Length":17,"Height":70,"Demand":1,"DemandMax":null,"Value":1190},{"Length":41,"Height":29,"Demand":1,"DemandMax":null,"Value":1189},{"Length":16,"Height":74,"Demand":1,"DemandMax":null,"Value":1184},{"Length":20,"Height":59,"Demand":1,"DemandMax":null,"Value":1180},{"Length":21,"Height":56,"Demand":1,"DemandMax":null,"Value":1176},{"Length":42,"Height":28,"Demand":1,"DemandMax":null,"Value":1176},{"Length":30,"Height":39,"Demand":1,"DemandMax":null,"Value":1170},{"Length":90,"Height":13,"Demand":1,"DemandMax":null,"Value":1170},{"Length":61,"Height":19,"Demand":1,"DemandMax":null,"Value":1159},{"Length":44,"Height":26,"Demand":1,"DemandMax":null,"Value":1144},{"Length":71,"Height":16,"Demand":1,"DemandMax":null,"Value":1136},{"Length":29,"Height":39,"Demand":1,"DemandMax":null,"Value":1131},{"Length":13,"Height":87,"Demand":1,"DemandMax":null,"Value":1131},{"Length":25,"Height":45,"Demand":1,"DemandMax":null,"Value":1125},{"Length":34,"Height":33,"Demand":1,"DemandMax":null,"Value":1122},{"Length":40,"Height":28,"Demand":1,"DemandMax":null,"Value":1120},{"Length":35,"Height":32,"Demand":1,"DemandMax":null,"Value":1120},{"Length":26,"Height":43,"Demand":1,"DemandMax":null,"Value":1118},{"Length":31,"Height":36,"Demand":1,"DemandMax":null,"Value":1116},{"Length":17,"Height":65,"Demand":1,"DemandMax":null,"Value":1105},{"Length":46,"Height":24,"Demand":1,"DemandMax":null,"Value":1104},{"Length":25,"Height":44,"Demand":1,"DemandMax":null,"Value":1100},{"Length":22,"Height":50,"Demand":1,"DemandMax":null,"Value":1100},{"Length":61,"Height":18,"Demand":1,"DemandMax":null,"Value":1098},{"Length":73,"Height":15,"Demand":1,"DemandMax":null,"Value":1095},{"Length":78,"Height":14,"Demand":1,"DemandMax":null,"Value":1092},{"Length":39,"Height":28,"Demand":1,"DemandMax":null,"Value":1092},{"Length":26,"Height":42,"Demand":1,"DemandMax":null,"Value":1092},{"Length":64,"Height":17,"Demand":1,"DemandMax":null,"Value":1088},{"Length":68,"Height":16,"Demand":1,"DemandMax":null,"Value":1088},{"Length":90,"Height":12,"Demand":1,"DemandMax":null,"Value":1080},{"Length":49,"Height":22,"Demand":1,"DemandMax":null,"Value":1078},{"Length":63,"Height":17,"Demand":1,"DemandMax":null,"Value":1071},{"Length":82,"Height":13,"Demand":1,"DemandMax":null,"Value":1066},{"Length":53,"Height":20,"Demand":1,"DemandMax":null,"Value":1060},{"Length":23,"Height":46,"Demand":1,"DemandMax":null,"Value":1058},{"Length":62,"Height":17,"Demand":1,"DemandMax":null,"Value":1054},{"Length":39,"Height":27,"Demand":1,"DemandMax":null,"Value":1053},{"Length":81,"Height":13,"Demand":1,"DemandMax":null,"Value":1053},{"Length":42,"Height":25,"Demand":1,"DemandMax":null,"Value":1050},{"Length":55,"Height":19,"Demand":1,"DemandMax":null,"Value":1045},{"Length":43,"Height":24,"Demand":1,"DemandMax":null,"Value":1032},{"Length":21,"Height":49,"Demand":1,"DemandMax":null,"Value":1029},{"Length":68,"Height":15,"Demand":1,"DemandMax":null,"Value":1020},{"Length":85,"Height":12,"Demand":1,"DemandMax":null,"Value":1020},{"Length":17,"Height":60,"Demand":1,"DemandMax":null,"Value":1020},{"Length":56,"Height":18,"Demand":1,"DemandMax":null,"Value":1008},{"Length":28,"Height":36,"Demand":1,"DemandMax":null,"Value":1008},{"Length":42,"Height":24,"Demand":1,"DemandMax":null,"Value":1008},{"Length":59,"Height":17,"Demand":1,"DemandMax":null,"Value":1003},{"Length":71,"Height":14,"Demand":1,"DemandMax":null,"Value":994},{"Length":33,"Height":30,"Demand":1,"DemandMax":null,"Value":990},{"Length":22,"Height":45,"Demand":1,"DemandMax":null,"Value":990},{"Length":15,"Height":66,"Demand":1,"DemandMax":null,"Value":990},{"Length":90,"Height":11,"Demand":1,"DemandMax":null,"Value":990},{"Length":13,"Height":76,"Demand":1,"DemandMax":null,"Value":988},{"Length":82,"Height":12,"Demand":1,"DemandMax":null,"Value":984},{"Length":20,"Height":49,"Demand":1,"DemandMax":null,"Value":980},{"Length":65,"Height":15,"Demand":1,"DemandMax":null,"Value":975},{"Length":75,"Height":13,"Demand":1,"DemandMax":null,"Value":975},{"Length":39,"Height":25,"Demand":1,"DemandMax":null,"Value":975},{"Length":19,"Height":51,"Demand":1,"DemandMax":null,"Value":969},{"Length":22,"Height":44,"Demand":1,"DemandMax":null,"Value":968},{"Length":15,"Height":64,"Demand":1,"DemandMax":null,"Value":960},{"Length":14,"Height":68,"Demand":1,"DemandMax":null,"Value":952},{"Length":12,"Height":79,"Demand":1,"DemandMax":null,"Value":948},{"Length":43,"Height":22,"Demand":1,"DemandMax":null,"Value":946},{"Length":36,"Height":26,"Demand":1,"DemandMax":null,"Value":936},{"Length":24,"Height":39,"Demand":1,"DemandMax":null,"Value":936},{"Length":58,"Height":16,"Demand":1,"DemandMax":null,"Value":928},{"Length":46,"Height":20,"Demand":1,"DemandMax":null,"Value":920},{"Length":15,"Height":61,"Demand":1,"DemandMax":null,"Value":915},{"Length":12,"Height":76,"Demand":1,"DemandMax":null,"Value":912},{"Length":21,"Height":43,"Demand":1,"DemandMax":null,"Value":903},{"Length":82,"Height":11,"Demand":1,"DemandMax":null,"Value":902},{"Length":17,"Height":53,"Demand":1,"DemandMax":null,"Value":901},{"Length":75,"Height":12,"Demand":1,"DemandMax":null,"Value":900},{"Length":15,"Height":60,"Demand":1,"DemandMax":null,"Value":900},{"Length":50,"Height":18,"Demand":1,"DemandMax":null,"Value":900},{"Length":19,"Height":47,"Demand":1,"DemandMax":null,"Value":893},{"Length":27,"Height":33,"Demand":1,"DemandMax":null,"Value":891},{"Length":24,"Height":37,"Demand":1,"DemandMax":null,"Value":888},{"Length":26,"Height":34,"Demand":1,"DemandMax":null,"Value":884},{"Length":40,"Height":22,"Demand":1,"DemandMax":null,"Value":880},{"Length":19,"Height":46,"Demand":1,"DemandMax":null,"Value":874},{"Length":30,"Height":29,"Demand":1,"DemandMax":null,"Value":870},{"Length":58,"Height":15,"Demand":1,"DemandMax":null,"Value":870},{"Length":31,"Height":28,"Demand":1,"DemandMax":null,"Value":868},{"Length":27,"Height":32,"Demand":1,"DemandMax":null,"Value":864},{"Length":12,"Height":72,"Demand":1,"DemandMax":null,"Value":864},{"Length":21,"Height":41,"Demand":1,"DemandMax":null,"Value":861},{"Length":20,"Height":43,"Demand":1,"DemandMax":null,"Value":860},{"Length":66,"Height":13,"Demand":1,"DemandMax":null,"Value":858},{"Length":22,"Height":39,"Demand":1,"DemandMax":null,"Value":858},{"Length":15,"Height":57,"Demand":1,"DemandMax":null,"Value":855},{"Length":61,"Height":14,"Demand":1,"DemandMax":null,"Value":854},{"Length":23,"Height":37,"Demand":1,"DemandMax":null,"Value":851},{"Length":65,"Height":13,"Demand":1,"DemandMax":null,"Value":845},{"Length":22,"Height":38,"Demand":1,"DemandMax":null,"Value":836},{"Length":11,"Height":76,"Demand":1,"DemandMax":null,"Value":836},{"Length":26,"Height":32,"Demand":1,"DemandMax":null,"Value":832},{"Length":64,"Height":13,"Demand":1,"DemandMax":null,"Value":832},{"Length":23,"Height":36,"Demand":1,"DemandMax":null,"Value":828},{"Length":75,"Height":11,"Demand":1,"DemandMax":null,"Value":825},{"Length":63,"Height":13,"Demand":1,"DemandMax":null,"Value":819},{"Length":34,"Height":24,"Demand":1,"DemandMax":null,"Value":816},{"Length":22,"Height":37,"Demand":1,"DemandMax":null,"Value":814},{"Length":28,"Height":29,"Demand":1,"DemandMax":null,"Value":812},{"Length":58,"Height":14,"Demand":1,"DemandMax":null,"Value":812},{"Length":30,"Height":27,"Demand":1,"DemandMax":null,"Value":810},{"Length":90,"Height":9,"Demand":1,"DemandMax":null,"Value":810},{"Length":67,"Height":12,"Demand":1,"DemandMax":null,"Value":804},{"Length":73,"Height":11,"Demand":1,"DemandMax":null,"Value":803},{"Length":38,"Height":21,"Demand":1,"DemandMax":null,"Value":798},{"Length":57,"Height":14,"Demand":1,"DemandMax":null,"Value":798},{"Length":19,"Height":42,"Demand":1,"DemandMax":null,"Value":798},{"Length":13,"Height":61,"Demand":1,"DemandMax":null,"Value":793},{"Length":12,"Height":66,"Demand":1,"DemandMax":null,"Value":792},{"Length":9,"Height":88,"Demand":1,"DemandMax":null,"Value":792},{"Length":14,"Height":56,"Demand":1,"DemandMax":null,"Value":784},{"Length":52,"Height":15,"Demand":1,"DemandMax":null,"Value":780},{"Length":20,"Height":39,"Demand":1,"DemandMax":null,"Value":780},{"Length":26,"Height":30,"Demand":1,"DemandMax":null,"Value":780},{"Length":60,"Height":13,"Demand":1,"DemandMax":null,"Value":780},{"Length":31,"Height":25,"Demand":1,"DemandMax":null,"Value":775},{"Length":11,"Height":70,"Demand":1,"DemandMax":null,"Value":770},{"Length":59,"Height":13,"Demand":1,"DemandMax":null,"Value":767},{"Length":17,"Height":45,"Demand":1,"DemandMax":null,"Value":765},{"Length":15,"Height":51,"Demand":1,"DemandMax":null,"Value":765},{"Length":40,"Height":19,"Demand":1,"DemandMax":null,"Value":760},{"Length":21,"Height":36,"Demand":1,"DemandMax":null,"Value":756},{"Length":26,"Height":29,"Demand":1,"DemandMax":null,"Value":754},{"Length":13,"Height":58,"Demand":1,"DemandMax":null,"Value":754},{"Length":30,"Height":25,"Demand":1,"DemandMax":null,"Value":750},{"Length":17,"Height":44,"Demand":1,"DemandMax":null,"Value":748},{"Length":24,"Height":31,"Demand":1,"DemandMax":null,"Value":744},{"Length":41,"Height":18,"Demand":1,"DemandMax":null,"Value":738},{"Length":23,"Height":32,"Demand":1,"DemandMax":null,"Value":736},{"Length":81,"Height":9,"Demand":1,"DemandMax":null,"Value":729},{"Length":26,"Height":28,"Demand":1,"DemandMax":null,"Value":728},{"Length":25,"Height":29,"Demand":1,"DemandMax":null,"Value":725},{"Length":19,"Height":38,"Demand":1,"DemandMax":null,"Value":722},{"Length":45,"Height":16,"Demand":1,"DemandMax":null,"Value":720},{"Length":65,"Height":11,"Demand":1,"DemandMax":null,"Value":715},{"Length":21,"Height":34,"Demand":1,"DemandMax":null,"Value":714},{"Length":31,"Height":23,"Demand":1,"DemandMax":null,"Value":713},{"Length":9,"Height":79,"Demand":1,"DemandMax":null,"Value":711},{"Length":15,"Height":47,"Demand":1,"DemandMax":null,"Value":705},{"Length":19,"Height":37,"Demand":1,"DemandMax":null,"Value":703},{"Length":18,"Height":39,"Demand":1,"DemandMax":null,"Value":702},{"Length":14,"Height":50,"Demand":1,"DemandMax":null,"Value":700},{"Length":35,"Height":20,"Demand":1,"DemandMax":null,"Value":700},{"Length":41,"Height":17,"Demand":1,"DemandMax":null,"Value":697},{"Length":69,"Height":10,"Demand":1,"DemandMax":null,"Value":690},{"Length":53,"Height":13,"Demand":1,"DemandMax":null,"Value":689},{"Length":9,"Height":76,"Demand":1,"DemandMax":null,"Value":684},{"Length":12,"Height":57,"Demand":1,"DemandMax":null,"Value":684},{"Length":40,"Height":17,"Demand":1,"DemandMax":null,"Value":680},{"Length":15,"Height":45,"Demand":1,"DemandMax":null,"Value":675},{"Length":21,"Height":32,"Demand":1,"DemandMax":null,"Value":672},{"Length":84,"Height":8,"Demand":1,"DemandMax":null,"Value":672},{"Length":10,"Height":67,"Demand":1,"DemandMax":null,"Value":670},{"Length":37,"Height":18,"Demand":1,"DemandMax":null,"Value":666},{"Length":74,"Height":9,"Demand":1,"DemandMax":null,"Value":666},{"Length":35,"Height":19,"Demand":1,"DemandMax":null,"Value":665},{"Length":41,"Height":16,"Demand":1,"DemandMax":null,"Value":656},{"Length":65,"Height":10,"Demand":1,"DemandMax":null,"Value":650},{"Length":50,"Height":13,"Demand":1,"DemandMax":null,"Value":650},{"Length":72,"Height":9,"Demand":1,"DemandMax":null,"Value":648},{"Length":19,"Height":34,"Demand":1,"DemandMax":null,"Value":646},{"Length":40,"Height":16,"Demand":1,"DemandMax":null,"Value":640},{"Length":9,"Height":71,"Demand":1,"DemandMax":null,"Value":639},{"Length":10,"Height":63,"Demand":1,"DemandMax":null,"Value":630},{"Length":37,"Height":17,"Demand":1,"DemandMax":null,"Value":629},{"Length":13,"Height":48,"Demand":1,"DemandMax":null,"Value":624},{"Length":12,"Height":52,"Demand":1,"DemandMax":null,"Value":624},{"Length":20,"Height":31,"Demand":1,"DemandMax":null,"Value":620},{"Length":88,"Height":7,"Demand":1,"DemandMax":null,"Value":616},{"Length":56,"Height":11,"Demand":1,"DemandMax":null,"Value":616},{"Length":13,"Height":47,"Demand":1,"DemandMax":null,"Value":611},{"Length":61,"Height":10,"Demand":1,"DemandMax":null,"Value":610},{"Length":86,"Height":7,"Demand":1,"DemandMax":null,"Value":602},{"Length":50,"Height":12,"Demand":1,"DemandMax":null,"Value":600},{"Length":23,"Height":26,"Demand":1,"DemandMax":null,"Value":598},{"Length":22,"Height":27,"Demand":1,"DemandMax":null,"Value":594},{"Length":7,"Height":84,"Demand":1,"DemandMax":null,"Value":588},{"Length":49,"Height":12,"Demand":1,"DemandMax":null,"Value":588},{"Length":21,"Height":28,"Demand":1,"DemandMax":null,"Value":588},{"Length":29,"Height":20,"Demand":1,"DemandMax":null,"Value":580},{"Length":18,"Height":32,"Demand":1,"DemandMax":null,"Value":576},{"Length":9,"Height":64,"Demand":1,"DemandMax":null,"Value":576},{"Length":82,"Height":7,"Demand":1,"DemandMax":null,"Value":574},{"Length":22,"Height":26,"Demand":1,"DemandMax":null,"Value":572},{"Length":27,"Height":21,"Demand":1,"DemandMax":null,"Value":567},{"Length":17,"Height":33,"Demand":1,"DemandMax":null,"Value":561},{"Length":56,"Height":10,"Demand":1,"DemandMax":null,"Value":560},{"Length":9,"Height":62,"Demand":1,"DemandMax":null,"Value":558},{"Length":69,"Height":8,"Demand":1,"DemandMax":null,"Value":552},{"Length":24,"Height":23,"Demand":1,"DemandMax":null,"Value":552},{"Length":46,"Height":12,"Demand":1,"DemandMax":null,"Value":552},{"Length":19,"Height":29,"Demand":1,"DemandMax":null,"Value":551},{"Length":17,"Height":32,"Demand":1,"DemandMax":null,"Value":544},{"Length":60,"Height":9,"Demand":1,"DemandMax":null,"Value":540},{"Length":12,"Height":45,"Demand":1,"DemandMax":null,"Value":540},{"Length":90,"Height":6,"Demand":1,"DemandMax":null,"Value":540},{"Length":49,"Height":11,"Demand":1,"DemandMax":null,"Value":539},{"Length":7,"Height":77,"Demand":1,"DemandMax":null,"Value":539},{"Length":14,"Height":38,"Demand":1,"DemandMax":null,"Value":532},{"Length":25,"Height":21,"Demand":1,"DemandMax":null,"Value":525},{"Length":87,"Height":6,"Demand":1,"DemandMax":null,"Value":522},{"Length":65,"Height":8,"Demand":1,"DemandMax":null,"Value":520},{"Length":40,"Height":13,"Demand":1,"DemandMax":null,"Value":520},{"Length":37,"Height":14,"Demand":1,"DemandMax":null,"Value":518},{"Length":19,"Height":27,"Demand":1,"DemandMax":null,"Value":513},{"Length":8,"Height":64,"Demand":1,"DemandMax":null,"Value":512},{"Length":15,"Height":34,"Demand":1,"DemandMax":null,"Value":510},{"Length":85,"Height":6,"Demand":1,"DemandMax":null,"Value":510},{"Length":30,"Height":17,"Demand":1,"DemandMax":null,"Value":510},{"Length":8,"Height":63,"Demand":1,"DemandMax":null,"Value":504},{"Length":14,"Height":36,"Demand":1,"DemandMax":null,"Value":504},{"Length":84,"Height":6,"Demand":1,"DemandMax":null,"Value":504},{"Length":31,"Height":16,"Demand":1,"DemandMax":null,"Value":496},{"Length":33,"Height":15,"Demand":1,"DemandMax":null,"Value":495},{"Length":29,"Height":17,"Demand":1,"DemandMax":null,"Value":493},{"Length":6,"Height":82,"Demand":1,"DemandMax":null,"Value":492},{"Length":61,"Height":8,"Demand":1,"DemandMax":null,"Value":488},{"Length":81,"Height":6,"Demand":1,"DemandMax":null,"Value":486},{"Length":9,"Height":54,"Demand":1,"DemandMax":null,"Value":486},{"Length":10,"Height":48,"Demand":1,"DemandMax":null,"Value":480},{"Length":80,"Height":6,"Demand":1,"DemandMax":null,"Value":480},{"Length":16,"Height":30,"Demand":1,"DemandMax":null,"Value":480},{"Length":9,"Height":53,"Demand":1,"DemandMax":null,"Value":477},{"Length":34,"Height":14,"Demand":1,"DemandMax":null,"Value":476},{"Length":6,"Height":79,"Demand":1,"DemandMax":null,"Value":474},{"Length":58,"Height":8,"Demand":1,"DemandMax":null,"Value":464},{"Length":42,"Height":11,"Demand":1,"DemandMax":null,"Value":462},{"Length":10,"Height":46,"Demand":1,"DemandMax":null,"Value":460},{"Length":6,"Height":76,"Demand":1,"DemandMax":null,"Value":456},{"Length":24,"Height":19,"Demand":1,"DemandMax":null,"Value":456},{"Length":30,"Height":15,"Demand":1,"DemandMax":null,"Value":450},{"Length":32,"Height":14,"Demand":1,"DemandMax":null,"Value":448},{"Length":17,"Height":26,"Demand":1,"DemandMax":null,"Value":442},{"Length":34,"Height":13,"Demand":1,"DemandMax":null,"Value":442},{"Length":9,"Height":49,"Demand":1,"DemandMax":null,"Value":441},{"Length":20,"Height":22,"Demand":1,"DemandMax":null,"Value":440},{"Length":19,"Height":23,"Demand":1,"DemandMax":null,"Value":437},{"Length":15,"Height":29,"Demand":1,"DemandMax":null,"Value":435},{"Length":48,"Height":9,"Demand":1,"DemandMax":null,"Value":432},{"Length":24,"Height":18,"Demand":1,"DemandMax":null,"Value":432},{"Length":13,"Height":33,"Demand":1,"DemandMax":null,"Value":429},{"Length":47,"Height":9,"Demand":1,"DemandMax":null,"Value":423},{"Length":6,"Height":70,"Demand":1,"DemandMax":null,"Value":420},{"Length":42,"Height":10,"Demand":1,"DemandMax":null,"Value":420},{"Length":12,"Height":35,"Demand":1,"DemandMax":null,"Value":420},{"Length":11,"Height":38,"Demand":1,"DemandMax":null,"Value":418},{"Length":37,"Height":11,"Demand":1,"DemandMax":null,"Value":407},{"Length":29,"Height":14,"Demand":1,"DemandMax":null,"Value":406},{"Length":15,"Height":27,"Demand":1,"DemandMax":null,"Value":405},{"Length":40,"Height":10,"Demand":1,"DemandMax":null,"Value":400},{"Length":25,"Height":16,"Demand":1,"DemandMax":null,"Value":400},{"Length":7,"Height":57,"Demand":1,"DemandMax":null,"Value":399},{"Length":36,"Height":11,"Demand":1,"DemandMax":null,"Value":396},{"Length":44,"Height":9,"Demand":1,"DemandMax":null,"Value":396},{"Length":6,"Height":66,"Demand":1,"DemandMax":null,"Value":396},{"Length":49,"Height":8,"Demand":1,"DemandMax":null,"Value":392},{"Length":10,"Height":39,"Demand":1,"DemandMax":null,"Value":390},{"Length":11,"Height":35,"Demand":1,"DemandMax":null,"Value":385},{"Length":64,"Height":6,"Demand":1,"DemandMax":null,"Value":384},{"Length":32,"Height":12,"Demand":1,"DemandMax":null,"Value":384},{"Length":54,"Height":7,"Demand":1,"DemandMax":null,"Value":378},{"Length":25,"Height":15,"Demand":1,"DemandMax":null,"Value":375},{"Length":17,"Height":22,"Demand":1,"DemandMax":null,"Value":374},{"Length":10,"Height":37,"Demand":1,"DemandMax":null,"Value":370},{"Length":8,"Height":46,"Demand":1,"DemandMax":null,"Value":368},{"Length":52,"Height":7,"Demand":1,"DemandMax":null,"Value":364},{"Length":12,"Height":30,"Demand":1,"DemandMax":null,"Value":360},{"Length":27,"Height":13,"Demand":1,"DemandMax":null,"Value":351},{"Length":25,"Height":14,"Demand":1,"DemandMax":null,"Value":350},{"Length":29,"Height":12,"Demand":1,"DemandMax":null,"Value":348},{"Length":23,"Height":15,"Demand":1,"DemandMax":null,"Value":345},{"Length":19,"Height":18,"Demand":1,"DemandMax":null,"Value":342},{"Length":12,"Height":28,"Demand":1,"DemandMax":null,"Value":336},{"Length":9,"Height":37,"Demand":1,"DemandMax":null,"Value":333},{"Length":6,"Height":55,"Demand":1,"DemandMax":null,"Value":330},{"Length":10,"Height":33,"Demand":1,"DemandMax":null,"Value":330},{"Length":36,"Height":9,"Demand":1,"DemandMax":null,"Value":324},{"Length":14,"Height":23,"Demand":1,"DemandMax":null,"Value":322},{"Length":16,"Height":20,"Demand":1,"DemandMax":null,"Value":320},{"Length":6,"Height":53,"Demand":1,"DemandMax":null,"Value":318},{"Length":35,"Height":9,"Demand":1,"DemandMax":null,"Value":315},{"Length":24,"Height":13,"Demand":1,"DemandMax":null,"Value":312},{"Length":8,"Height":39,"Demand":1,"DemandMax":null,"Value":312},{"Length":6,"Height":52,"Demand":1,"DemandMax":null,"Value":312},{"Length":31,"Height":10,"Demand":1,"DemandMax":null,"Value":310},{"Length":14,"Height":22,"Demand":1,"DemandMax":null,"Value":308},{"Length":8,"Height":38,"Demand":1,"DemandMax":null,"Value":304},{"Length":10,"Height":30,"Demand":1,"DemandMax":null,"Value":300},{"Length":32,"Height":9,"Demand":1,"DemandMax":null,"Value":288},{"Length":14,"Height":20,"Demand":1,"DemandMax":null,"Value":280},{"Length":12,"Height":23,"Demand":1,"DemandMax":null,"Value":276},{"Length":25,"Height":11,"Demand":1,"DemandMax":null,"Value":275},{"Length":17,"Height":16,"Demand":1,"DemandMax":null,"Value":272},{"Length":6,"Height":45,"Demand":1,"DemandMax":null,"Value":270},{"Length":10,"Height":27,"Demand":1,"DemandMax":null,"Value":270},{"Length":38,"Height":7,"Demand":1,"DemandMax":null,"Value":266},{"Length":12,"Height":22,"Demand":1,"DemandMax":null,"Value":264},{"Length":6,"Height":44,"Demand":1,"DemandMax":null,"Value":264},{"Length":8,"Height":32,"Demand":1,"DemandMax":null,"Value":256},{"Length":19,"Height":13,"Demand":1,"DemandMax":null,"Value":247},{"Length":12,"Height":20,"Demand":1,"DemandMax":null,"Value":240},{"Length":8,"Height":30,"Demand":1,"DemandMax":null,"Value":240},{"Length":18,"Height":13,"Demand":1,"DemandMax":null,"Value":234},{"Length":11,"Height":21,"Demand":1,"DemandMax":null,"Value":231},{"Length":6,"Height":38,"Demand":1,"DemandMax":null,"Value":228},{"Length":22,"Height":10,"Demand":1,"DemandMax":null,"Value":220},{"Length":36,"Height":6,"Demand":1,"DemandMax":null,"Value":216},{"Length":19,"Height":11,"Demand":1,"DemandMax":null,"Value":209},{"Length":6,"Height":34,"Demand":1,"DemandMax":null,"Value":204},{"Length":8,"Height":25,"Demand":1,"DemandMax":null,"Value":200},{"Length":6,"Height":33,"Demand":1,"DemandMax":null,"Value":198},{"Length":10,"Height":19,"Demand":1,"DemandMax":null,"Value":190},{"Length":6,"Height":31,"Demand":1,"DemandMax":null,"Value":186},{"Length":30,"Height":6,"Demand":1,"DemandMax":null,"Value":180},{"Length":15,"Height":12,"Demand":1,"DemandMax":null,"Value":180},{"Length":20,"Height":9,"Demand":1,"DemandMax":null,"Value":180},{"Length":8,"Height":22,"Demand":1,"DemandMax":null,"Value":176},{"Length":16,"Height":11,"Demand":1,"DemandMax":null,"Value":176},{"Length":6,"Height":29,"Demand":1,"DemandMax":null,"Value":174},{"Length":28,"Height":6,"Demand":1,"DemandMax":null,"Value":168},{"Length":12,"Height":14,"Demand":1,"DemandMax":null,"Value":168},{"Length":27,"Height":6,"Demand":1,"DemandMax":null,"Value":162},{"Length":7,"Height":23,"Demand":1,"DemandMax":null,"Value":161},{"Length":13,"Height":12,"Demand":1,"DemandMax":null,"Value":156},{"Length":6,"Height":26,"Demand":1,"DemandMax":null,"Value":156},{"Length":22,"Height":7,"Demand":1,"DemandMax":null,"Value":154},{"Length":17,"Height":9,"Demand":1,"DemandMax":null,"Value":153},{"Length":8,"Height":19,"Demand":1,"DemandMax":null,"Value":152},{"Length":14,"Height":10,"Demand":1,"DemandMax":null,"Value":140},{"Length":8,"Height":17,"Demand":1,"DemandMax":null,"Value":136},{"Length":19,"Height":7,"Demand":1,"DemandMax":null,"Value":133},{"Length":22,"Height":6,"Demand":1,"DemandMax":null,"Value":132},{"Length":10,"Height":13,"Demand":1,"DemandMax":null,"Value":130},{"Length":16,"Height":8,"Demand":1,"DemandMax":null,"Value":128},{"Length":6,"Height":20,"Demand":1,"DemandMax":null,"Value":120},{"Length":15,"Height":7,"Demand":1,"DemandMax":null,"Value":105},{"Length":8,"Height":13,"Demand":1,"DemandMax":null,"Value":104},{"Length":6,"Height":17,"Demand":1,"DemandMax":null,"Value":102},{"Length":12,"Height":8,"Demand":1,"DemandMax":null,"Value":96},{"Length":7,"Height":13,"Demand":1,"DemandMax":null,"Value":91},{"Length":15,"Height":6,"Demand":1,"DemandMax":null,"Value":90},{"Length":11,"Height":8,"Demand":1,"DemandMax":null,"Value":88},{"Length":12,"Height":7,"Demand":1,"DemandMax":null,"Value":84},{"Length":6,"Height":14,"Demand":1,"DemandMax":null,"Value":84},{"Length":8,"Height":10,"Demand":1,"DemandMax":null,"Value":80},{"Length":9,"Height":8,"Demand":1,"DemandMax":null,"Value":72},{"Length":11,"Height":6,"Demand":1,"DemandMax":null,"Value":66}]}