{"Name":"AH263","Objects":[{"Length":1000,"Height":39208,"Stock":null,"Cost":39208000}],"Items":[{"Length":300,"Height":298,"Demand":1,"DemandMax":null,"Value":89400},{"Length":296,"Height":299,"Demand":1,"DemandMax":null,"Value":88504},{"Length":300,"Height":293,"Demand":1,"DemandMax":null,"Value":87900},{"Length":296,"Height":296,"Demand":1,"DemandMax":null,"Value":87616},{"Length":293,"Height":295,"Demand":1,"DemandMax":null,"Value":86435},{"Length":298,"Height":290,"Demand":1,"DemandMax":null,"Value":86420},{"Length":289,"Height":299,"Demand":1,"DemandMax":null,"Value":86411},{"Length":291,"Height":296,"Demand":1,"DemandMax":null,"Value":86136},{"Length":290,"Height":295,"Demand":1,"DemandMax":null,"Value":85550},{"Length":288,"Height":296,"Demand":1,"DemandMax":null,"Value":85248},{"Length":280,"Height":300,"Demand":1,"DemandMax":null,"Value":84000},{"Length":290,"Height":289,"Demand":1,"DemandMax":null,"Value":83810},{"Length":291,"Height":283,"Demand":1,"DemandMax":null,"Value":82353},{"Length":299,"Height":274,"Demand":1,"DemandMax":null,"Value":81926},{"Length":271,"Height":300,"Demand":1,"DemandMax":null,"Value":81300},{"Length":296,"Height":274,"Demand":1,"DemandMax":null,"Value":81104},{"Length":288,"Height":281,"Demand":1,"DemandMax":null,"Value":80928},{"Length":294,"Height":273,"Demand":1,"DemandMax":null,"Value":80262},{"Length":271,"Height":296,"Demand":1,"DemandMax":null,"Value":80216},{"Length":279,"Height":285,"Demand":1,"DemandMax":null,"Value":79515},{"Length":273,"Height":291,"Demand":1,"DemandMax":null,"Value":79443},{"Length":275,"Height":288,"Demand":1,"DemandMax":null,"Value":79200},{"Length":286,"Height":276,"Demand":1,"DemandMax":null,"Value":78936},{"Length":291,"Height":269,"Demand":1,"DemandMax":null,"Value":78279},{"Length":264,"Height":296,"Demand":1,"DemandMax":null,"Value":78144},{"Length":262,"Height":298,"Demand":1,"DemandMax":null,"Value":78076},{"Length":285,"Height":272,"Demand":1,"DemandMax":null,"Value":77520},{"Length":288,"Height":269,"Demand":1,"DemandMax":null,"Value":77472},{"Length":259,"Height":299,"Demand":1,"DemandMax":null,"Value":77441},{"Length":267,"Height":290,"Demand":1,"DemandMax":null,"Value":77430},{"Length":272,"Height":283,"Demand":1,"DemandMax":null,"Value":76976},{"Length":298,"Height":258,"Demand":1,"DemandMax":null,"Value":76884},{"Length":255,"Height":300,"Demand":1,"DemandMax":null,"Value":76500},{"Length":294,"Height":259,"Demand":1,"DemandMax":null,"Value":76146},{"Length":267,"Height":285,"Demand":1,"DemandMax":null,"Value":76095},{"Length":287,"Height":265,"Demand":1,"DemandMax":null,"Value":76055},{"Length":283,"Height":268,"Demand":1,"DemandMax":null,"Value":75844},{"Length":287,"Height":259,"Demand":1,"DemandMax":null,"Value":74333},{"Length":281,"Height":259,"Demand":1,"DemandMax":null,"Value":72779},{"Length":284,"Height":254,"Demand":1,"DemandMax":null,"Value":72136},{"Length":293,"Height":246,"Demand":1,"DemandMax":null,"Value":72078},{"Length":255,"Height":282,"Demand":1,"DemandMax":null,"Value":71910},{"Length":254,"Height":283,"Demand":1,"DemandMax":null,"Value":71882},{"Length":286,"Height":251,"Demand":1,"DemandMax":null,"Value":71786},{"Length":238,"Height":300,"Demand":1,"DemandMax":null,"Value":71400},{"Length":286,"Height":249,"Demand":1,"DemandMax":null,"Value":71214},{"Length":278,"Height":256,"Demand":1,"DemandMax":null,"Value":71168},{"Length":246,"Height":289,"Demand":1,"DemandMax":null,"Value":71094},{"Length":236,"Height":299,"Demand":1,"DemandMax":null,"Value":70564},{"Length":239,"Height":295,"Demand":1,"DemandMax":null,"Value":70505},{"Length":248,"Height":284,"Demand":1,"DemandMax":null,"Value":70432},{"Length":283,"Height":248,"Demand":1,"DemandMax":null,"Value":70184},{"Length":283,"Height":247,"Demand":1,"DemandMax":null,"Value":69901},{"Length":274,"Height":253,"Demand":1,"DemandMax":null,"Value":69322},{"Length":231,"Height":300,"Demand":1,"DemandMax":null,"Value":69300},{"Length":264,"Height":262,"Demand":1,"DemandMax":null,"Value":69168},{"Length":299,"Height":231,"Demand":1,"DemandMax":null,"Value":69069},{"Length":262,"Height":263,"Demand":1,"DemandMax":null,"Value":68906},{"Length":274,"Height":250,"Demand":1,"DemandMax":null,"Value":68500},{"Length":289,"Height":237,"Demand":1,"DemandMax":null,"Value":68493},{"Length":275,"Height":249,"Demand":1,"DemandMax":null,"Value":68475},{"Length":271,"Height":252,"Demand":1,"DemandMax":null,"Value":68292},{"Length":237,"Height":288,"Demand":1,"DemandMax":null,"Value":68256},{"Length":265,"Height":257,"Demand":1,"DemandMax":null,"Value":68105},{"Length":296,"Height":230,"Demand":1,"DemandMax":null,"Value":68080},{"Length":286,"Height":238,"Demand":1,"DemandMax":null,"Value":68068},{"Length":290,"Height":234,"Demand":1,"DemandMax":null,"Value":67860},{"Length":258,"Height":263,"Demand":1,"DemandMax":null,"Value":67854},{"Length":295,"Height":229,"Demand":1,"DemandMax":null,"Value":67555},{"Length":278,"Height":243,"Demand":1,"DemandMax":null,"Value":67554},{"Length":258,"Height":260,"Demand":1,"DemandMax":null,"Value":67080},{"Length":297,"Height":224,"Demand":1,"DemandMax":null,"Value":66528},{"Length":229,"Height":290,"Demand":1,"DemandMax":null,"Value":66410},{"Length":278,"Height":238,"Demand":1,"DemandMax":null,"Value":66164},{"Length":242,"Height":273,"Demand":1,"DemandMax":null,"Value":66066},{"Length":296,"Height":223,"Demand":1,"DemandMax":null,"Value":66008},{"Length":235,"Height":279,"Demand":1,"DemandMax":null,"Value":65565},{"Length":291,"Height":225,"Demand":1,"DemandMax":null,"Value":65475},{"Length":281,"Height":233,"Demand":1,"DemandMax":null,"Value":65473},{"Length":244,"Height":268,"Demand":1,"DemandMax":null,"Value":65392},{"Length":270,"Height":241,"Demand":1,"DemandMax":null,"Value":65070},{"Length":249,"Height":261,"Demand":1,"DemandMax":null,"Value":64989},{"Length":220,"Height":295,"Demand":1,"DemandMax":null,"Value":64900},{"Length":272,"Height":238,"Demand":1,"DemandMax":null,"Value":64736},{"Length":224,"Height":289,"Demand":1,"DemandMax":null,"Value":64736},{"Length":269,"Height":240,"Demand":1,"DemandMax":null,"Value":64560},{"Length":232,"Height":278,"Demand":1,"DemandMax":null,"Value":64496},{"Length":222,"Height":290,"Demand":1,"DemandMax":null,"Value":64380},{"Length":298,"Height":216,"Demand":1,"DemandMax":null,"Value":64368},{"Length":248,"Height":259,"Demand":1,"DemandMax":null,"Value":64232},{"Length":221,"Height":290,"Demand":1,"DemandMax":null,"Value":64090},{"Length":216,"Height":296,"Demand":1,"DemandMax":null,"Value":63936},{"Length":215,"Height":297,"Demand":1,"DemandMax":null,"Value":63855},{"Length":233,"Height":274,"Demand":1,"DemandMax":null,"Value":63842},{"Length":254,"Height":251,"Demand":1,"DemandMax":null,"Value":63754},{"Length":258,"Height":247,"Demand":1,"DemandMax":null,"Value":63726},{"Length":216,"Height":295,"Demand":1,"DemandMax":null,"Value":63720},{"Length":280,"Height":227,"Demand":1,"DemandMax":null,"Value":63560},{"Length":214,"Height":297,"Demand":1,"DemandMax":null,"Value":63558},{"Length":241,"Height":262,"Demand":1,"DemandMax":null,"Value":63142},{"Length":223,"Height":283,"Demand":1,"DemandMax":null,"Value":63109},{"Length":294,"Height":214,"Demand":1,"DemandMax":null,"Value":62916},{"Length":228,"Height":275,"Demand":1,"DemandMax":null,"Value":62700},{"Length":238,"Height":263,"Demand":1,"DemandMax":null,"Value":62594},{"Length":220,"Height":284,"Demand":1,"DemandMax":null,"Value":62480},{"Length":242,"Height":258,"Demand":1,"DemandMax":null,"Value":62436},{"Length":270,"Height":231,"Demand":1,"DemandMax":null,"Value":62370},{"Length":294,"Height":212,"Demand":1,"DemandMax":null,"Value":62328},{"Length":272,"Height":229,"Demand":1,"DemandMax":null,"Value":62288},{"Length":254,"Height":245,"Demand":1,"DemandMax":null,"Value":62230},{"Length":237,"Height":262,"Demand":1,"DemandMax":null,"Value":62094},{"Length":214,"Height":290,"Demand":1,"DemandMax":null,"Value":62060},{"Length":294,"Height":211,"Demand":1,"DemandMax":null,"Value":62034},{"Length":251,"Height":247,"Demand":1,"DemandMax":null,"Value":61997},{"Length":242,"Height":256,"Demand":1,"DemandMax":null,"Value":61952},{"Length":209,"Height":296,"Demand":1,"DemandMax":null,"Value":61864},{"Length":271,"Height":228,"Demand":1,"DemandMax":null,"Value":61788},{"Length":241,"Height":256,"Demand":1,"DemandMax":null,"Value":61696},{"Length":209,"Height":293,"Demand":1,"DemandMax":null,"Value":61237},{"Length":206,"Height":296,"Demand":1,"DemandMax":null,"Value":60976},{"Length":241,"Height":253,"Demand":1,"DemandMax":null,"Value":60973},{"Length":214,"Height":284,"Demand":1,"DemandMax":null,"Value":60776},{"Length":280,"Height":217,"Demand":1,"DemandMax":null,"Value":60760},{"Length":244,"Height":249,"Demand":1,"DemandMax":null,"Value":60756},{"Length":288,"Height":210,"Demand":1,"DemandMax":null,"Value":60480},{"Length":221,"Height":273,"Demand":1,"DemandMax":null,"Value":60333},{"Length":266,"Height":226,"Demand":1,"DemandMax":null,"Value":60116},{"Length":267,"Height":225,"Demand":1,"DemandMax":null,"Value":60075},{"Length":212,"Height":283,"Demand":1,"DemandMax":null,"Value":59996},{"Length":202,"Height":297,"Demand":1,"DemandMax":null,"Value":59994},{"Length":235,"Height":255,"Demand":1,"DemandMax":null,"Value":59925},{"Length":220,"Height":272,"Demand":1,"DemandMax":null,"Value":59840},{"Length":199,"Height":299,"Demand":1,"DemandMax":null,"Value":59501},{"Length":213,"Height":278,"Demand":1,"DemandMax":null,"Value":59214},{"Length":296,"Height":200,"Demand":1,"DemandMax":null,"Value":59200},{"Length":279,"Height":212,"Demand":1,"DemandMax":null,"Value":59148},{"Length":197,"Height":300,"Demand":1,"DemandMax":null,"Value":59100},{"Length":211,"Height":280,"Demand":1,"DemandMax":null,"Value":59080},{"Length":217,"Height":272,"Demand":1,"DemandMax":null,"Value":59024},{"Length":280,"Height":210,"Demand":1,"DemandMax":null,"Value":58800},{"Length":255,"Height":230,"Demand":1,"DemandMax":null,"Value":58650},{"Length":237,"Height":247,"Demand":1,"DemandMax":null,"Value":58539},{"Length":294,"Height":199,"Demand":1,"DemandMax":null,"Value":58506},{"Length":228,"Height":254,"Demand":1,"DemandMax":null,"Value":57912},{"Length":214,"Height":270,"Demand":1,"DemandMax":null,"Value":57780},{"Length":204,"Height":283,"Demand":1,"DemandMax":null,"Value":57732},{"Length":251,"Height":230,"Demand":1,"DemandMax":null,"Value":57730},{"Length":226,"Height":255,"Demand":1,"DemandMax":null,"Value":57630},{"Length":197,"Height":291,"Demand":1,"DemandMax":null,"Value":57327},{"Length":193,"Height":297,"Demand":1,"DemandMax":null,"Value":57321},{"Length":192,"Height":298,"Demand":1,"DemandMax":null,"Value":57216},{"Length":204,"Height":280,"Demand":1,"DemandMax":null,"Value":57120},{"Length":251,"Height":227,"Demand":1,"DemandMax":null,"Value":56977},{"Length":282,"Height":202,"Demand":1,"DemandMax":null,"Value":56964},{"Length":224,"Height":254,"Demand":1,"DemandMax":null,"Value":56896},{"Length":276,"Height":206,"Demand":1,"DemandMax":null,"Value":56856},{"Length":233,"Height":244,"Demand":1,"DemandMax":null,"Value":56852},{"Length":285,"Height":199,"Demand":1,"DemandMax":null,"Value":56715},{"Length":226,"Height":250,"Demand":1,"DemandMax":null,"Value":56500},{"Length":241,"Height":234,"Demand":1,"DemandMax":null,"Value":56394},{"Length":234,"Height":240,"Demand":1,"DemandMax":null,"Value":56160},{"Length":221,"Height":254,"Demand":1,"DemandMax":null,"Value":56134},{"Length":211,"Height":266,"Demand":1,"DemandMax":null,"Value":56126},{"Length":300,"Height":187,"Demand":1,"DemandMax":null,"Value":56100},{"Length":247,"Height":227,"Demand":1,"DemandMax":null,"Value":56069},{"Length":191,"Height":293,"Demand":1,"DemandMax":null,"Value":55963},{"Length":281,"Height":199,"Demand":1,"DemandMax":null,"Value":55919},{"Length":274,"Height":204,"Demand":1,"DemandMax":null,"Value":55896},{"Length":220,"Height":254,"Demand":1,"DemandMax":null,"Value":55880},{"Length":291,"Height":192,"Demand":1,"DemandMax":null,"Value":55872},{"Length":283,"Height":197,"Demand":1,"DemandMax":null,"Value":55751},{"Length":263,"Height":211,"Demand":1,"DemandMax":null,"Value":55493},{"Length":251,"Height":221,"Demand":1,"DemandMax":null,"Value":55471},{"Length":283,"Height":196,"Demand":1,"DemandMax":null,"Value":55468},{"Length":282,"Height":196,"Demand":1,"DemandMax":null,"Value":55272},{"Length":233,"Height":237,"Demand":1,"DemandMax":null,"Value":55221},{"Length":214,"Height":258,"Demand":1,"DemandMax":null,"Value":55212},{"Length":220,"Height":250,"Demand":1,"DemandMax":null,"Value":55000},{"Length":233,"Height":236,"Demand":1,"DemandMax":null,"Value":54988},{"Length":281,"Height":195,"Demand":1,"DemandMax":null,"Value":54795},{"Length":263,"Height":208,"Demand":1,"DemandMax":null,"Value":54704},{"Length":258,"Height":212,"Demand":1,"DemandMax":null,"Value":54696},{"Length":253,"Height":216,"Demand":1,"DemandMax":null,"Value":54648},{"Length":218,"Height":250,"Demand":1,"DemandMax":null,"Value":54500},{"Length":191,"Height":285,"Demand":1,"DemandMax":null,"Value":54435},{"Length":296,"Height":183,"Demand":1,"DemandMax":null,"Value":54168},{"Length":273,"Height":198,"Demand":1,"DemandMax":null,"Value":54054},{"Length":197,"Height":274,"Demand":1,"DemandMax":null,"Value":53978},{"Length":188,"Height":286,"Demand":1,"DemandMax":null,"Value":53768},{"Length":280,"Height":192,"Demand":1,"DemandMax":null,"Value":53760},{"Length":274,"Height":196,"Demand":1,"DemandMax":null,"Value":53704},{"Length":238,"Height":225,"Demand":1,"DemandMax":null,"Value":53550},{"Length":241,"Height":222,"Demand":1,"DemandMax":null,"Value":53502},{"Length":191,"Height":280,"Demand":1,"DemandMax":null,"Value":53480},{"Length":185,"Height":289,"Demand":1,"DemandMax":null,"Value":53465},{"Length":206,"Height":259,"Demand":1,"DemandMax":null,"Value":53354},{"Length":194,"Height":275,"Demand":1,"DemandMax":null,"Value":53350},{"Length":248,"Height":215,"Demand":1,"DemandMax":null,"Value":53320},{"Length":251,"Height":212,"Demand":1,"DemandMax":null,"Value":53212},{"Length":201,"Height":264,"Demand":1,"DemandMax":null,"Value":53064},{"Length":218,"Height":243,"Demand":1,"DemandMax":null,"Value":52974},{"Length":196,"Height":270,"Demand":1,"DemandMax":null,"Value":52920},{"Length":281,"Height":188,"Demand":1,"DemandMax":null,"Value":52828},{"Length":239,"Height":221,"Demand":1,"DemandMax":null,"Value":52819},{"Length":275,"Height":192,"Demand":1,"DemandMax":null,"Value":52800},{"Length":242,"Height":218,"Demand":1,"DemandMax":null,"Value":52756},{"Length":267,"Height":197,"Demand":1,"DemandMax":null,"Value":52599},{"Length":298,"Height":176,"Demand":1,"DemandMax":null,"Value":52448},{"Length":227,"Height":230,"Demand":1,"DemandMax":null,"Value":52210},{"Length":224,"Height":233,"Demand":1,"DemandMax":null,"Value":52192},{"Length":216,"Height":241,"Demand":1,"DemandMax":null,"Value":52056},{"Length":275,"Height":189,"Demand":1,"DemandMax":null,"Value":51975},{"Length":256,"Height":203,"Demand":1,"DemandMax":null,"Value":51968},{"Length":179,"Height":290,"Demand":1,"DemandMax":null,"Value":51910},{"Length":214,"Height":242,"Demand":1,"DemandMax":null,"Value":51788},{"Length":174,"Height":297,"Demand":1,"DemandMax":null,"Value":51678},{"Length":252,"Height":205,"Demand":1,"DemandMax":null,"Value":51660},{"Length":255,"Height":202,"Demand":1,"DemandMax":null,"Value":51510},{"Length":234,"Height":220,"Demand":1,"DemandMax":null,"Value":51480},{"Length":255,"Height":201,"Demand":1,"DemandMax":null,"Value":51255},{"Length":269,"Height":190,"Demand":1,"DemandMax":null,"Value":51110},{"Length":216,"Height":236,"Demand":1,"DemandMax":null,"Value":50976},{"Length":251,"Height":203,"Demand":1,"DemandMax":null,"Value":50953},{"Length":268,"Height":190,"Demand":1,"DemandMax":null,"Value":50920},{"Length":240,"Height":212,"Demand":1,"DemandMax":null,"Value":50880},{"Length":253,"Height":201,"Demand":1,"DemandMax":null,"Value":50853},{"Length":179,"Height":284,"Demand":1,"DemandMax":null,"Value":50836},{"Length":229,"Height":221,"Demand":1,"DemandMax":null,"Value":50609},{"Length":233,"Height":217,"Demand":1,"DemandMax":null,"Value":50561},{"Length":192,"Height":263,"Demand":1,"DemandMax":null,"Value":50496},{"Length":205,"Height":246,"Demand":1,"DemandMax":null,"Value":50430},{"Length":264,"Height":191,"Demand":1,"DemandMax":null,"Value":50424},{"Length":186,"Height":271,"Demand":1,"DemandMax":null,"Value":50406},{"Length":286,"Height":176,"Demand":1,"DemandMax":null,"Value":50336},{"Length":243,"Height":207,"Demand":1,"DemandMax":null,"Value":50301},{"Length":174,"Height":289,"Demand":1,"DemandMax":null,"Value":50286},{"Length":276,"Height":182,"Demand":1,"DemandMax":null,"Value":50232},{"Length":256,"Height":195,"Demand":1,"DemandMax":null,"Value":49920},{"Length":188,"Height":265,"Demand":1,"DemandMax":null,"Value":49820},{"Length":238,"Height":209,"Demand":1,"DemandMax":null,"Value":49742},{"Length":219,"Height":227,"Demand":1,"DemandMax":null,"Value":49713},{"Length":253,"Height":196,"Demand":1,"DemandMax":null,"Value":49588},{"Length":255,"Height":194,"Demand":1,"DemandMax":null,"Value":49470},{"Length":234,"Height":211,"Demand":1,"DemandMax":null,"Value":49374},{"Length":254,"Height":194,"Demand":1,"DemandMax":null,"Value":49276},{"Length":263,"Height":187,"Demand":1,"DemandMax":null,"Value":49181},{"Length":241,"Height":204,"Demand":1,"DemandMax":null,"Value":49164},{"Length":186,"Height":264,"Demand":1,"DemandMax":null,"Value":49104},{"Length":167,"Height":294,"Demand":1,"DemandMax":null,"Value":49098},{"Length":216,"Height":227,"Demand":1,"DemandMax":null,"Value":49032},{"Length":232,"Height":211,"Demand":1,"DemandMax":null,"Value":48952},{"Length":293,"Height":167,"Demand":1,"DemandMax":null,"Value":48931},{"Length":174,"Height":281,"Demand":1,"DemandMax":null,"Value":48894},{"Length":296,"Height":165,"Demand":1,"DemandMax":null,"Value":48840},{"Length":274,"Height":178,"Demand":1,"DemandMax":null,"Value":48772},{"Length":163,"Height":299,"Demand":1,"DemandMax":null,"Value":48737},{"Length":181,"Height":269,"Demand":1,"DemandMax":null,"Value":48689},{"Length":162,"Height":300,"Demand":1,"DemandMax":null,"Value":48600},{"Length":237,"Height":205,"Demand":1,"DemandMax":null,"Value":48585},{"Length":278,"Height":174,"Demand":1,"DemandMax":null,"Value":48372},{"Length":199,"Height":243,"Demand":1,"DemandMax":null,"Value":48357},{"Length":165,"Height":293,"Demand":1,"DemandMax":null,"Value":48345},{"Length":281,"Height":172,"Demand":1,"DemandMax":null,"Value":48332},{"Length":187,"Height":258,"Demand":1,"DemandMax":null,"Value":48246},{"Length":233,"Height":207,"Demand":1,"DemandMax":null,"Value":48231},{"Length":241,"Height":200,"Demand":1,"DemandMax":null,"Value":48200},{"Length":277,"Height":174,"Demand":1,"DemandMax":null,"Value":48198},{"Length":214,"Height":225,"Demand":1,"DemandMax":null,"Value":48150},{"Length":161,"Height":299,"Demand":1,"DemandMax":null,"Value":48139},{"Length":226,"Height":213,"Demand":1,"DemandMax":null,"Value":48138},{"Length":162,"Height":297,"Demand":1,"DemandMax":null,"Value":48114},{"Length":281,"Height":171,"Demand":1,"DemandMax":null,"Value":48051},{"Length":286,"Height":168,"Demand":1,"DemandMax":null,"Value":48048},{"Length":220,"Height":218,"Demand":1,"DemandMax":null,"Value":47960},{"Length":245,"Height":195,"Demand":1,"DemandMax":null,"Value":47775},{"Length":220,"Height":217,"Demand":1,"DemandMax":null,"Value":47740},{"Length":232,"Height":205,"Demand":1,"DemandMax":null,"Value":47560},{"Length":288,"Height":165,"Demand":1,"DemandMax":null,"Value":47520},{"Length":273,"Height":174,"Demand":1,"DemandMax":null,"Value":47502},{"Length":161,"Height":295,"Demand":1,"DemandMax":null,"Value":47495},{"Length":169,"Height":281,"Demand":1,"DemandMax":null,"Value":47489},{"Length":224,"Height":212,"Demand":1,"DemandMax":null,"Value":47488},{"Length":286,"Height":166,"Demand":1,"DemandMax":null,"Value":47476},{"Length":175,"Height":271,"Demand":1,"DemandMax":null,"Value":47425},{"Length":233,"Height":203,"Demand":1,"DemandMax":null,"Value":47299},{"Length":169,"Height":279,"Demand":1,"DemandMax":null,"Value":47151},{"Length":254,"Height":185,"Demand":1,"DemandMax":null,"Value":46990},{"Length":182,"Height":258,"Demand":1,"DemandMax":null,"Value":46956},{"Length":161,"Height":291,"Demand":1,"DemandMax":null,"Value":46851},{"Length":210,"Height":223,"Demand":1,"DemandMax":null,"Value":46830},{"Length":224,"Height":209,"Demand":1,"DemandMax":null,"Value":46816},{"Length":198,"Height":236,"Demand":1,"DemandMax":null,"Value":46728},{"Length":220,"Height":212,"Demand":1,"DemandMax":null,"Value":46640},{"Length":222,"Height":210,"Demand":1,"DemandMax":null,"Value":46620},{"Length":240,"Height":194,"Demand":1,"DemandMax":null,"Value":46560},{"Length":277,"Height":168,"Demand":1,"DemandMax":null,"Value":46536},{"Length":254,"Height":183,"Demand":1,"DemandMax":null,"Value":46482},{"Length":169,"Height":275,"Demand":1,"DemandMax":null,"Value":46475},{"Length":220,"Height":211,"Demand":1,"DemandMax":null,"Value":46420},{"Length":268,"Height":173,"Demand":1,"DemandMax":null,"Value":46364},{"Length":164,"Height":282,"Demand":1,"DemandMax":null,"Value":46248},{"Length":198,"Height":233,"Demand":1,"DemandMax":null,"Value":46134},{"Length":252,"Height":183,"Demand":1,"DemandMax":null,"Value":46116},{"Length":230,"Height":200,"Demand":1,"DemandMax":null,"Value":46000},{"Length":250,"Height":184,"Demand":1,"DemandMax":null,"Value":46000},{"Length":219,"Height":210,"Demand":1,"DemandMax":null,"Value":45990},{"Length":181,"Height":254,"Demand":1,"DemandMax":null,"Value":45974},{"Length":174,"Height":264,"Demand":1,"DemandMax":null,"Value":45936},{"Length":259,"Height":177,"Demand":1,"DemandMax":null,"Value":45843},{"Length":210,"Height":218,"Demand":1,"DemandMax":null,"Value":45780},{"Length":230,"Height":199,"Demand":1,"DemandMax":null,"Value":45770},{"Length":161,"Height":284,"Demand":1,"DemandMax":null,"Value":45724},{"Length":155,"Height":294,"Demand":1,"DemandMax":null,"Value":45570},{"Length":255,"Height":178,"Demand":1,"DemandMax":null,"Value":45390},{"Length":175,"Height":259,"Demand":1,"DemandMax":null,"Value":45325},{"Length":265,"Height":171,"Demand":1,"DemandMax":null,"Value":45315},{"Length":178,"Height":254,"Demand":1,"DemandMax":null,"Value":45212},{"Length":239,"Height":189,"Demand":1,"DemandMax":null,"Value":45171},{"Length":155,"Height":291,"Demand":1,"DemandMax":null,"Value":45105},{"Length":163,"Height":276,"Demand":1,"DemandMax":null,"Value":44988},{"Length":286,"Height":157,"Demand":1,"DemandMax":null,"Value":44902},{"Length":204,"Height":220,"Demand":1,"DemandMax":null,"Value":44880},{"Length":151,"Height":297,"Demand":1,"DemandMax":null,"Value":44847},{"Length":194,"Height":231,"Demand":1,"DemandMax":null,"Value":44814},{"Length":154,"Height":291,"Demand":1,"DemandMax":null,"Value":44814},{"Length":225,"Height":198,"Demand":1,"DemandMax":null,"Value":44550},{"Length":152,"Height":293,"Demand":1,"DemandMax":null,"Value":44536},{"Length":184,"Height":242,"Demand":1,"DemandMax":null,"Value":44528},{"Length":169,"Height":263,"Demand":1,"DemandMax":null,"Value":44447},{"Length":229,"Height":194,"Demand":1,"DemandMax":null,"Value":44426},{"Length":185,"Height":240,"Demand":1,"DemandMax":null,"Value":44400},{"Length":248,"Height":179,"Demand":1,"DemandMax":null,"Value":44392},{"Length":170,"Height":261,"Demand":1,"DemandMax":null,"Value":44370},{"Length":206,"Height":215,"Demand":1,"DemandMax":null,"Value":44290},{"Length":182,"Height":243,"Demand":1,"DemandMax":null,"Value":44226},{"Length":193,"Height":229,"Demand":1,"DemandMax":null,"Value":44197},{"Length":175,"Height":252,"Demand":1,"DemandMax":null,"Value":44100},{"Length":204,"Height":216,"Demand":1,"DemandMax":null,"Value":44064},{"Length":154,"Height":286,"Demand":1,"DemandMax":null,"Value":44044},{"Length":275,"Height":160,"Demand":1,"DemandMax":null,"Value":44000},{"Length":174,"Height":252,"Demand":1,"DemandMax":null,"Value":43848},{"Length":185,"Height":237,"Demand":1,"DemandMax":null,"Value":43845},{"Length":220,"Height":199,"Demand":1,"DemandMax":null,"Value":43780},{"Length":179,"Height":244,"Demand":1,"DemandMax":null,"Value":43676},{"Length":205,"Height":213,"Demand":1,"DemandMax":null,"Value":43665},{"Length":189,"Height":231,"Demand":1,"DemandMax":null,"Value":43659},{"Length":299,"Height":146,"Demand":1,"DemandMax":null,"Value":43654},{"Length":191,"Height":228,"Demand":1,"DemandMax":null,"Value":43548},{"Length":176,"Height":247,"Demand":1,"DemandMax":null,"Value":43472},{"Length":181,"Height":240,"Demand":1,"DemandMax":null,"Value":43440},{"Length":280,"Height":155,"Demand":1,"DemandMax":null,"Value":43400},{"Length":300,"Height":144,"Demand":1,"DemandMax":null,"Value":43200},{"Length":288,"Height":150,"Demand":1,"DemandMax":null,"Value":43200},{"Length":242,"Height":178,"Demand":1,"DemandMax":null,"Value":43076},{"Length":148,"Height":291,"Demand":1,"DemandMax":null,"Value":43068},{"Length":212,"Height":203,"Demand":1,"DemandMax":null,"Value":43036},{"Length":159,"Height":270,"Demand":1,"DemandMax":null,"Value":42930},{"Length":278,"Height":154,"Demand":1,"DemandMax":null,"Value":42812},{"Length":164,"Height":261,"Demand":1,"DemandMax":null,"Value":42804},{"Length":146,"Height":293,"Demand":1,"DemandMax":null,"Value":42778},{"Length":287,"Height":149,"Demand":1,"DemandMax":null,"Value":42763},{"Length":283,"Height":151,"Demand":1,"DemandMax":null,"Value":42733},{"Length":218,"Height":196,"Demand":1,"DemandMax":null,"Value":42728},{"Length":152,"Height":281,"Demand":1,"DemandMax":null,"Value":42712},{"Length":159,"Height":268,"Demand":1,"DemandMax":null,"Value":42612},{"Length":163,"Height":261,"Demand":1,"DemandMax":null,"Value":42543},{"Length":166,"Height":256,"Demand":1,"DemandMax":null,"Value":42496},{"Length":188,"Height":226,"Demand":1,"DemandMax":null,"Value":42488},{"Length":240,"Height":177,"Demand":1,"DemandMax":null,"Value":42480},{"Length":292,"Height":145,"Demand":1,"DemandMax":null,"Value":42340},{"Length":282,"Height":150,"Demand":1,"DemandMax":null,"Value":42300},{"Length":186,"Height":227,"Demand":1,"DemandMax":null,"Value":42222},{"Length":173,"Height":244,"Demand":1,"DemandMax":null,"Value":42212},{"Length":142,"Height":297,"Demand":1,"DemandMax":null,"Value":42174},{"Length":272,"Height":155,"Demand":1,"DemandMax":null,"Value":42160},{"Length":152,"Height":277,"Demand":1,"DemandMax":null,"Value":42104},{"Length":147,"Height":286,"Demand":1,"DemandMax":null,"Value":42042},{"Length":296,"Height":142,"Demand":1,"DemandMax":null,"Value":42032},{"Length":183,"Height":229,"Demand":1,"DemandMax":null,"Value":41907},{"Length":272,"Height":154,"Demand":1,"DemandMax":null,"Value":41888},{"Length":270,"Height":155,"Demand":1,"DemandMax":null,"Value":41850},{"Length":178,"Height":235,"Demand":1,"DemandMax":null,"Value":41830},{"Length":175,"Height":239,"Demand":1,"DemandMax":null,"Value":41825},{"Length":300,"Height":139,"Demand":1,"DemandMax":null,"Value":41700},{"Length":175,"Height":238,"Demand":1,"DemandMax":null,"Value":41650},{"Length":202,"Height":206,"Demand":1,"DemandMax":null,"Value":41612},{"Length":149,"Height":279,"Demand":1,"DemandMax":null,"Value":41571},{"Length":275,"Height":151,"Demand":1,"DemandMax":null,"Value":41525},{"Length":174,"Height":238,"Demand":1,"DemandMax":null,"Value":41412},{"Length":219,"Height":189,"Demand":1,"DemandMax":null,"Value":41391},{"Length":173,"Height":239,"Demand":1,"DemandMax":null,"Value":41347},{"Length":227,"Height":182,"Demand":1,"DemandMax":null,"Value":41314},{"Length":293,"Height":141,"Demand":1,"DemandMax":null,"Value":41313},{"Length":237,"Height":174,"Demand":1,"DemandMax":null,"Value":41238},{"Length":224,"Height":184,"Demand":1,"DemandMax":null,"Value":41216},{"Length":189,"Height":218,"Demand":1,"DemandMax":null,"Value":41202},{"Length":173,"Height":238,"Demand":1,"DemandMax":null,"Value":41174},{"Length":140,"Height":294,"Demand":1,"DemandMax":null,"Value":41160},{"Length":211,"Height":195,"Demand":1,"DemandMax":null,"Value":41145},{"Length":272,"Height":151,"Demand":1,"DemandMax":null,"Value":41072},{"Length":143,"Height":287,"Demand":1,"DemandMax":null,"Value":41041},{"Length":158,"Height":259,"Demand":1,"DemandMax":null,"Value":40922},{"Length":264,"Height":155,"Demand":1,"DemandMax":null,"Value":40920},{"Length":254,"Height":161,"Demand":1,"DemandMax":null,"Value":40894},{"Length":252,"Height":162,"Demand":1,"DemandMax":null,"Value":40824},{"Length":206,"Height":198,"Demand":1,"DemandMax":null,"Value":40788},{"Length":295,"Height":138,"Demand":1,"DemandMax":null,"Value":40710},{"Length":266,"Height":153,"Demand":1,"DemandMax":null,"Value":40698},{"Length":149,"Height":273,"Demand":1,"DemandMax":null,"Value":40677},{"Length":299,"Height":136,"Demand":1,"DemandMax":null,"Value":40664},{"Length":158,"Height":257,"Demand":1,"DemandMax":null,"Value":40606},{"Length":249,"Height":163,"Demand":1,"DemandMax":null,"Value":40587},{"Length":276,"Height":147,"Demand":1,"DemandMax":null,"Value":40572},{"Length":244,"Height":166,"Demand":1,"DemandMax":null,"Value":40504},{"Length":190,"Height":213,"Demand":1,"DemandMax":null,"Value":40470},{"Length":139,"Height":291,"Demand":1,"DemandMax":null,"Value":40449},{"Length":188,"Height":215,"Demand":1,"DemandMax":null,"Value":40420},{"Length":197,"Height":205,"Demand":1,"DemandMax":null,"Value":40385},{"Length":284,"Height":142,"Demand":1,"DemandMax":null,"Value":40328},{"Length":143,"Height":282,"Demand":1,"DemandMax":null,"Value":40326},{"Length":240,"Height":168,"Demand":1,"DemandMax":null,"Value":40320},{"Length":139,"Height":290,"Demand":1,"DemandMax":null,"Value":40310},{"Length":237,"Height":170,"Demand":1,"DemandMax":null,"Value":40290},{"Length":187,"Height":215,"Demand":1,"DemandMax":null,"Value":40205},{"Length":200,"Height":201,"Demand":1,"DemandMax":null,"Value":40200},{"Length":134,"Height":300,"Demand":1,"DemandMax":null,"Value":40200},{"Length":216,"Height":186,"Demand":1,"DemandMax":null,"Value":40176},{"Length":242,"Height":166,"Demand":1,"DemandMax":null,"Value":40172},{"Length":277,"Height":145,"Demand":1,"DemandMax":null,"Value":40165},{"Length":208,"Height":193,"Demand":1,"DemandMax":null,"Value":40144},{"Length":173,"Height":232,"Demand":1,"DemandMax":null,"Value":40136},{"Length":297,"Height":135,"Demand":1,"DemandMax":null,"Value":40095},{"Length":274,"Height":146,"Demand":1,"DemandMax":null,"Value":40004},{"Length":202,"Height":198,"Demand":1,"DemandMax":null,"Value":39996},{"Length":186,"Height":214,"Demand":1,"DemandMax":null,"Value":39804},{"Length":215,"Height":185,"Demand":1,"DemandMax":null,"Value":39775},{"Length":193,"Height":206,"Demand":1,"DemandMax":null,"Value":39758},{"Length":222,"Height":179,"Demand":1,"DemandMax":null,"Value":39738},{"Length":175,"Height":226,"Demand":1,"DemandMax":null,"Value":39550},{"Length":210,"Height":188,"Demand":1,"DemandMax":null,"Value":39480},{"Length":256,"Height":154,"Demand":1,"DemandMax":null,"Value":39424},{"Length":292,"Height":135,"Demand":1,"DemandMax":null,"Value":39420},{"Length":167,"Height":236,"Demand":1,"DemandMax":null,"Value":39412},{"Length":261,"Height":151,"Demand":1,"DemandMax":null,"Value":39411},{"Length":296,"Height":133,"Demand":1,"DemandMax":null,"Value":39368},{"Length":139,"Height":282,"Demand":1,"DemandMax":null,"Value":39198},{"Length":261,"Height":150,"Demand":1,"DemandMax":null,"Value":39150},{"Length":177,"Height":221,"Demand":1,"DemandMax":null,"Value":39117},{"Length":296,"Height":132,"Demand":1,"DemandMax":null,"Value":39072},{"Length":199,"Height":196,"Demand":1,"DemandMax":null,"Value":39004},{"Length":242,"Height":161,"Demand":1,"DemandMax":null,"Value":38962},{"Length":152,"Height":256,"Demand":1,"DemandMax":null,"Value":38912},{"Length":288,"Height":135,"Demand":1,"DemandMax":null,"Value":38880},{"Length":290,"Height":134,"Demand":1,"DemandMax":null,"Value":38860},{"Length":257,"Height":151,"Demand":1,"DemandMax":null,"Value":38807},{"Length":152,"Height":255,"Demand":1,"DemandMax":null,"Value":38760},{"Length":149,"Height":260,"Demand":1,"DemandMax":null,"Value":38740},{"Length":186,"Height":208,"Demand":1,"DemandMax":null,"Value":38688},{"Length":237,"Height":163,"Demand":1,"DemandMax":null,"Value":38631},{"Length":296,"Height":130,"Demand":1,"DemandMax":null,"Value":38480},{"Length":209,"Height":184,"Demand":1,"DemandMax":null,"Value":38456},{"Length":146,"Height":263,"Demand":1,"DemandMax":null,"Value":38398},{"Length":162,"Height":237,"Demand":1,"DemandMax":null,"Value":38394},{"Length":181,"Height":212,"Demand":1,"DemandMax":null,"Value":38372},{"Length":186,"Height":206,"Demand":1,"DemandMax":null,"Value":38316},{"Length":162,"Height":236,"Demand":1,"DemandMax":null,"Value":38232},{"Length":132,"Height":289,"Demand":1,"DemandMax":null,"Value":38148},{"Length":249,"Height":153,"Demand":1,"DemandMax":null,"Value":38097},{"Length":186,"Height":204,"Demand":1,"DemandMax":null,"Value":37944},{"Length":140,"Height":271,"Demand":1,"DemandMax":null,"Value":37940},{"Length":148,"Height":256,"Demand":1,"DemandMax":null,"Value":37888},{"Length":219,"Height":173,"Demand":1,"DemandMax":null,"Value":37887},{"Length":155,"Height":244,"Demand":1,"DemandMax":null,"Value":37820},{"Length":272,"Height":139,"Demand":1,"DemandMax":null,"Value":37808},{"Length":187,"Height":202,"Demand":1,"DemandMax":null,"Value":37774},{"Length":229,"Height":164,"Demand":1,"DemandMax":null,"Value":37556},{"Length":150,"Height":250,"Demand":1,"DemandMax":null,"Value":37500},{"Length":219,"Height":171,"Demand":1,"DemandMax":null,"Value":37449},{"Length":297,"Height":126,"Demand":1,"DemandMax":null,"Value":37422},{"Length":290,"Height":129,"Demand":1,"DemandMax":null,"Value":37410},{"Length":277,"Height":135,"Demand":1,"DemandMax":null,"Value":37395},{"Length":173,"Height":216,"Demand":1,"DemandMax":null,"Value":37368},{"Length":157,"Height":238,"Demand":1,"DemandMax":null,"Value":37366},{"Length":217,"Height":172,"Demand":1,"DemandMax":null,"Value":37324},{"Length":144,"Height":259,"Demand":1,"DemandMax":null,"Value":37296},{"Length":199,"Height":187,"Demand":1,"DemandMax":null,"Value":37213},{"Length":240,"Height":155,"Demand":1,"DemandMax":null,"Value":37200},{"Length":204,"Height":182,"Demand":1,"DemandMax":null,"Value":37128},{"Length":128,"Height":290,"Demand":1,"DemandMax":null,"Value":37120},{"Length":162,"Height":229,"Demand":1,"DemandMax":null,"Value":37098},{"Length":242,"Height":153,"Demand":1,"DemandMax":null,"Value":37026},{"Length":163,"Height":227,"Demand":1,"DemandMax":null,"Value":37001},{"Length":142,"Height":260,"Demand":1,"DemandMax":null,"Value":36920},{"Length":300,"Height":123,"Demand":1,"DemandMax":null,"Value":36900},{"Length":194,"Height":190,"Demand":1,"DemandMax":null,"Value":36860},{"Length":265,"Height":139,"Demand":1,"DemandMax":null,"Value":36835},{"Length":140,"Height":263,"Demand":1,"DemandMax":null,"Value":36820},{"Length":247,"Height":149,"Demand":1,"DemandMax":null,"Value":36803},{"Length":197,"Height":186,"Demand":1,"DemandMax":null,"Value":36642},{"Length":285,"Height":128,"Demand":1,"DemandMax":null,"Value":36480},{"Length":181,"Height":201,"Demand":1,"DemandMax":null,"Value":36381},{"Length":239,"Height":152,"Demand":1,"DemandMax":null,"Value":36328},{"Length":269,"Height":135,"Demand":1,"DemandMax":null,"Value":36315},{"Length":125,"Height":290,"Demand":1,"DemandMax":null,"Value":36250},{"Length":198,"Height":183,"Demand":1,"DemandMax":null,"Value":36234},{"Length":292,"Height":124,"Demand":1,"DemandMax":null,"Value":36208},{"Length":229,"Height":158,"Demand":1,"DemandMax":null,"Value":36182},{"Length":134,"Height":270,"Demand":1,"DemandMax":null,"Value":36180},{"Length":144,"Height":251,"Demand":1,"DemandMax":null,"Value":36144},{"Length":247,"Height":146,"Demand":1,"DemandMax":null,"Value":36062},{"Length":250,"Height":144,"Demand":1,"DemandMax":null,"Value":36000},{"Length":126,"Height":285,"Demand":1,"DemandMax":null,"Value":35910},{"Length":184,"Height":195,"Demand":1,"DemandMax":null,"Value":35880},{"Length":183,"Height":196,"Demand":1,"DemandMax":null,"Value":35868},{"Length":162,"Height":221,"Demand":1,"DemandMax":null,"Value":35802},{"Length":168,"Height":213,"Demand":1,"DemandMax":null,"Value":35784},{"Length":257,"Height":139,"Demand":1,"DemandMax":null,"Value":35723},{"Length":255,"Height":140,"Demand":1,"DemandMax":null,"Value":35700},{"Length":153,"Height":233,"Demand":1,"DemandMax":null,"Value":35649},{"Length":275,"Height":129,"Demand":1,"DemandMax":null,"Value":35475},{"Length":123,"Height":288,"Demand":1,"DemandMax":null,"Value":35424},{"Length":154,"Height":230,"Demand":1,"DemandMax":null,"Value":35420},{"Length":141,"Height":251,"Demand":1,"DemandMax":null,"Value":35391},{"Length":260,"Height":136,"Demand":1,"DemandMax":null,"Value":35360},{"Length":228,"Height":155,"Demand":1,"DemandMax":null,"Value":35340},{"Length":289,"Height":122,"Demand":1,"DemandMax":null,"Value":35258},{"Length":141,"Height":250,"Demand":1,"DemandMax":null,"Value":35250},{"Length":129,"Height":273,"Demand":1,"DemandMax":null,"Value":35217},{"Length":163,"Height":216,"Demand":1,"DemandMax":null,"Value":35208},{"Length":214,"Height":164,"Demand":1,"DemandMax":null,"Value":35096},{"Length":258,"Height":136,"Demand":1,"DemandMax":null,"Value":35088},{"Length":184,"Height":190,"Demand":1,"DemandMax":null,"Value":34960},{"Length":161,"Height":217,"Demand":1,"DemandMax":null,"Value":34937},{"Length":164,"Height":213,"Demand":1,"DemandMax":null,"Value":34932},{"Length":127,"Height":275,"Demand":1,"DemandMax":null,"Value":34925},{"Length":172,"Height":203,"Demand":1,"DemandMax":null,"Value":34916},{"Length":163,"Height":214,"Demand":1,"DemandMax":null,"Value":34882},{"Length":217,"Height":160,"Demand":1,"DemandMax":null,"Value":34720},{"Length":145,"Height":239,"Demand":1,"DemandMax":null,"Value":34655},{"Length":119,"Height":291,"Demand":1,"DemandMax":null,"Value":34629},{"Length":249,"Height":139,"Demand":1,"DemandMax":null,"Value":34611},{"Length":247,"Height":140,"Demand":1,"DemandMax":null,"Value":34580},{"Length":226,"Height":153,"Demand":1,"DemandMax":null,"Value":34578},{"Length":191,"Height":181,"Demand":1,"DemandMax":null,"Value":34571},{"Length":115,"Height":300,"Demand":1,"DemandMax":null,"Value":34500},{"Length":151,"Height":228,"Demand":1,"DemandMax":null,"Value":34428},{"Length":282,"Height":122,"Demand":1,"DemandMax":null,"Value":34404},{"Length":219,"Height":157,"Demand":1,"DemandMax":null,"Value":34383},{"Length":164,"Height":209,"Demand":1,"DemandMax":null,"Value":34276},{"Length":149,"Height":230,"Demand":1,"DemandMax":null,"Value":34270},{"Length":173,"Height":198,"Demand":1,"DemandMax":null,"Value":34254},{"Length":180,"Height":190,"Demand":1,"DemandMax":null,"Value":34200},{"Length":133,"Height":257,"Demand":1,"DemandMax":null,"Value":34181},{"Length":234,"Height":146,"Demand":1,"DemandMax":null,"Value":34164},{"Length":287,"Height":119,"Demand":1,"DemandMax":null,"Value":34153},{"Length":137,"Height":249,"Demand":1,"DemandMax":null,"Value":34113},{"Length":164,"Height":208,"Demand":1,"DemandMax":null,"Value":34112},{"Length":163,"Height":209,"Demand":1,"DemandMax":null,"Value":34067},{"Length":221,"Height":154,"Demand":1,"DemandMax":null,"Value":34034},{"Length":125,"Height":272,"Demand":1,"DemandMax":null,"Value":34000},{"Length":157,"Height":216,"Demand":1,"DemandMax":null,"Value":33912},{"Length":163,"Height":208,"Demand":1,"DemandMax":null,"Value":33904},{"Length":138,"Height":245,"Demand":1,"DemandMax":null,"Value":33810},{"Length":122,"Height":277,"Demand":1,"DemandMax":null,"Value":33794},{"Length":139,"Height":243,"Demand":1,"DemandMax":null,"Value":33777},{"Length":143,"Height":236,"Demand":1,"DemandMax":null,"Value":33748},{"Length":152,"Height":222,"Demand":1,"DemandMax":null,"Value":33744},{"Length":248,"Height":136,"Demand":1,"DemandMax":null,"Value":33728},{"Length":272,"Height":124,"Demand":1,"DemandMax":null,"Value":33728},{"Length":246,"Height":137,"Demand":1,"DemandMax":null,"Value":33702},{"Length":216,"Height":156,"Demand":1,"DemandMax":null,"Value":33696},{"Length":185,"Height":182,"Demand":1,"DemandMax":null,"Value":33670},{"Length":213,"Height":158,"Demand":1,"DemandMax":null,"Value":33654},{"Length":173,"Height":194,"Demand":1,"DemandMax":null,"Value":33562},{"Length":260,"Height":129,"Demand":1,"DemandMax":null,"Value":33540},{"Length":127,"Height":264,"Demand":1,"DemandMax":null,"Value":33528},{"Length":147,"Height":228,"Demand":1,"DemandMax":null,"Value":33516},{"Length":231,"Height":145,"Demand":1,"DemandMax":null,"Value":33495},{"Length":185,"Height":181,"Demand":1,"DemandMax":null,"Value":33485},{"Length":291,"Height":115,"Demand":1,"DemandMax":null,"Value":33465},{"Length":263,"Height":127,"Demand":1,"DemandMax":null,"Value":33401},{"Length":264,"Height":126,"Demand":1,"DemandMax":null,"Value":33264},{"Length":120,"Height":277,"Demand":1,"DemandMax":null,"Value":33240},{"Length":124,"Height":268,"Demand":1,"DemandMax":null,"Value":33232},{"Length":120,"Height":276,"Demand":1,"DemandMax":null,"Value":33120},{"Length":184,"Height":180,"Demand":1,"DemandMax":null,"Value":33120},{"Length":173,"Height":191,"Demand":1,"DemandMax":null,"Value":33043},{"Length":170,"Height":194,"Demand":1,"DemandMax":null,"Value":32980},{"Length":201,"Height":164,"Demand":1,"DemandMax":null,"Value":32964},{"Length":251,"Height":131,"Demand":1,"DemandMax":null,"Value":32881},{"Length":265,"Height":124,"Demand":1,"DemandMax":null,"Value":32860},{"Length":192,"Height":171,"Demand":1,"DemandMax":null,"Value":32832},{"Length":170,"Height":193,"Demand":1,"DemandMax":null,"Value":32810},{"Length":285,"Height":115,"Demand":1,"DemandMax":null,"Value":32775},{"Length":295,"Height":111,"Demand":1,"DemandMax":null,"Value":32745},{"Length":188,"Height":174,"Demand":1,"DemandMax":null,"Value":32712},{"Length":146,"Height":224,"Demand":1,"DemandMax":null,"Value":32704},{"Length":130,"Height":251,"Demand":1,"DemandMax":null,"Value":32630},{"Length":193,"Height":169,"Demand":1,"DemandMax":null,"Value":32617},{"Length":132,"Height":247,"Demand":1,"DemandMax":null,"Value":32604},{"Length":281,"Height":116,"Demand":1,"DemandMax":null,"Value":32596},{"Length":120,"Height":271,"Demand":1,"DemandMax":null,"Value":32520},{"Length":172,"Height":189,"Demand":1,"DemandMax":null,"Value":32508},{"Length":285,"Height":114,"Demand":1,"DemandMax":null,"Value":32490},{"Length":145,"Height":224,"Demand":1,"DemandMax":null,"Value":32480},{"Length":233,"Height":139,"Demand":1,"DemandMax":null,"Value":32387},{"Length":253,"Height":128,"Demand":1,"DemandMax":null,"Value":32384},{"Length":213,"Height":151,"Demand":1,"DemandMax":null,"Value":32163},{"Length":240,"Height":134,"Demand":1,"DemandMax":null,"Value":32160},{"Length":148,"Height":217,"Demand":1,"DemandMax":null,"Value":32116},{"Length":169,"Height":190,"Demand":1,"DemandMax":null,"Value":32110},{"Length":274,"Height":117,"Demand":1,"DemandMax":null,"Value":32058},{"Length":250,"Height":128,"Demand":1,"DemandMax":null,"Value":32000},{"Length":139,"Height":230,"Demand":1,"DemandMax":null,"Value":31970},{"Length":262,"Height":122,"Demand":1,"DemandMax":null,"Value":31964},{"Length":159,"Height":201,"Demand":1,"DemandMax":null,"Value":31959},{"Length":298,"Height":107,"Demand":1,"DemandMax":null,"Value":31886},{"Length":199,"Height":160,"Demand":1,"DemandMax":null,"Value":31840},{"Length":134,"Height":237,"Demand":1,"DemandMax":null,"Value":31758},{"Length":153,"Height":207,"Demand":1,"DemandMax":null,"Value":31671},{"Length":273,"Height":116,"Demand":1,"DemandMax":null,"Value":31668},{"Length":127,"Height":249,"Demand":1,"DemandMax":null,"Value":31623},{"Length":270,"Height":117,"Demand":1,"DemandMax":null,"Value":31590},{"Length":121,"Height":260,"Demand":1,"DemandMax":null,"Value":31460},{"Length":255,"Height":123,"Demand":1,"DemandMax":null,"Value":31365},{"Length":140,"Height":224,"Demand":1,"DemandMax":null,"Value":31360},{"Length":292,"Height":107,"Demand":1,"DemandMax":null,"Value":31244},{"Length":246,"Height":127,"Demand":1,"DemandMax":null,"Value":31242},{"Length":116,"Height":269,"Demand":1,"DemandMax":null,"Value":31204},{"Length":240,"Height":130,"Demand":1,"DemandMax":null,"Value":31200},{"Length":234,"Height":133,"Demand":1,"DemandMax":null,"Value":31122},{"Length":110,"Height":282,"Demand":1,"DemandMax":null,"Value":31020},{"Length":123,"Height":252,"Demand":1,"DemandMax":null,"Value":30996},{"Length":120,"Height":258,"Demand":1,"DemandMax":null,"Value":30960},{"Length":108,"Height":286,"Demand":1,"DemandMax":null,"Value":30888},{"Length":143,"Height":216,"Demand":1,"DemandMax":null,"Value":30888},{"Length":249,"Height":124,"Demand":1,"DemandMax":null,"Value":30876},{"Length":220,"Height":140,"Demand":1,"DemandMax":null,"Value":30800},{"Length":132,"Height":233,"Demand":1,"DemandMax":null,"Value":30756},{"Length":129,"Height":238,"Demand":1,"DemandMax":null,"Value":30702},{"Length":236,"Height":130,"Demand":1,"DemandMax":null,"Value":30680},{"Length":141,"Height":217,"Demand":1,"DemandMax":null,"Value":30597},{"Length":145,"Height":211,"Demand":1,"DemandMax":null,"Value":30595},{"Length":119,"Height":257,"Demand":1,"DemandMax":null,"Value":30583},{"Length":155,"Height":197,"Demand":1,"DemandMax":null,"Value":30535},{"Length":146,"Height":209,"Demand":1,"DemandMax":null,"Value":30514},{"Length":226,"Height":135,"Demand":1,"DemandMax":null,"Value":30510},{"Length":202,"Height":151,"Demand":1,"DemandMax":null,"Value":30502},{"Length":147,"Height":207,"Demand":1,"DemandMax":null,"Value":30429},{"Length":122,"Height":249,"Demand":1,"DemandMax":null,"Value":30378},{"Length":148,"Height":205,"Demand":1,"DemandMax":null,"Value":30340},{"Length":117,"Height":259,"Demand":1,"DemandMax":null,"Value":30303},{"Length":244,"Height":124,"Demand":1,"DemandMax":null,"Value":30256},{"Length":110,"Height":275,"Demand":1,"DemandMax":null,"Value":30250},{"Length":296,"Height":102,"Demand":1,"DemandMax":null,"Value":30192},{"Length":298,"Height":101,"Demand":1,"DemandMax":null,"Value":30098},{"Length":289,"Height":104,"Demand":1,"DemandMax":null,"Value":30056},{"Length":195,"Height":154,"Demand":1,"DemandMax":null,"Value":30030},{"Length":107,"Height":280,"Demand":1,"DemandMax":null,"Value":29960},{"Length":150,"Height":199,"Demand":1,"DemandMax":null,"Value":29850},{"Length":128,"Height":233,"Demand":1,"DemandMax":null,"Value":29824},{"Length":138,"Height":216,"Demand":1,"DemandMax":null,"Value":29808},{"Length":191,"Height":156,"Demand":1,"DemandMax":null,"Value":29796},{"Length":204,"Height":146,"Demand":1,"DemandMax":null,"Value":29784},{"Length":160,"Height":186,"Demand":1,"DemandMax":null,"Value":29760},{"Length":148,"Height":201,"Demand":1,"DemandMax":null,"Value":29748},{"Length":117,"Height":254,"Demand":1,"DemandMax":null,"Value":29718},{"Length":150,"Height":198,"Demand":1,"DemandMax":null,"Value":29700},{"Length":199,"Height":149,"Demand":1,"DemandMax":null,"Value":29651},{"Length":228,"Height":130,"Demand":1,"DemandMax":null,"Value":29640},{"Length":197,"Height":150,"Demand":1,"DemandMax":null,"Value":29550},{"Length":271,"Height":109,"Demand":1,"DemandMax":null,"Value":29539},{"Length":142,"Height":208,"Demand":1,"DemandMax":null,"Value":29536},{"Length":294,"Height":100,"Demand":1,"DemandMax":null,"Value":29400},{"Length":175,"Height":168,"Demand":1,"DemandMax":null,"Value":29400},{"Length":267,"Height":110,"Demand":1,"DemandMax":null,"Value":29370},{"Length":202,"Height":145,"Demand":1,"DemandMax":null,"Value":29290},{"Length":173,"Height":169,"Demand":1,"DemandMax":null,"Value":29237},{"Length":261,"Height":112,"Demand":1,"DemandMax":null,"Value":29232},{"Length":191,"Height":153,"Demand":1,"DemandMax":null,"Value":29223},{"Length":177,"Height":165,"Demand":1,"DemandMax":null,"Value":29205},{"Length":128,"Height":228,"Demand":1,"DemandMax":null,"Value":29184},{"Length":121,"Height":241,"Demand":1,"DemandMax":null,"Value":29161},{"Length":103,"Height":282,"Demand":1,"DemandMax":null,"Value":29046},{"Length":197,"Height":147,"Demand":1,"DemandMax":null,"Value":28959},{"Length":123,"Height":235,"Demand":1,"DemandMax":null,"Value":28905},{"Length":101,"Height":286,"Demand":1,"DemandMax":null,"Value":28886},{"Length":138,"Height":209,"Demand":1,"DemandMax":null,"Value":28842},{"Length":161,"Height":179,"Demand":1,"DemandMax":null,"Value":28819},{"Length":238,"Height":121,"Demand":1,"DemandMax":null,"Value":28798},{"Length":282,"Height":102,"Demand":1,"DemandMax":null,"Value":28764},{"Length":108,"Height":266,"Demand":1,"DemandMax":null,"Value":28728},{"Length":165,"Height":174,"Demand":1,"DemandMax":null,"Value":28710},{"Length":162,"Height":177,"Demand":1,"DemandMax":null,"Value":28674},{"Length":235,"Height":122,"Demand":1,"DemandMax":null,"Value":28670},{"Length":102,"Height":281,"Demand":1,"DemandMax":null,"Value":28662},{"Length":154,"Height":186,"Demand":1,"DemandMax":null,"Value":28644},{"Length":129,"Height":222,"Demand":1,"DemandMax":null,"Value":28638},{"Length":196,"Height":146,"Demand":1,"DemandMax":null,"Value":28616},{"Length":248,"Height":115,"Demand":1,"DemandMax":null,"Value":28520},{"Length":126,"Height":226,"Demand":1,"DemandMax":null,"Value":28476},{"Length":219,"Height":130,"Demand":1,"DemandMax":null,"Value":28470},{"Length":127,"Height":224,"Demand":1,"DemandMax":null,"Value":28448},{"Length":114,"Height":249,"Demand":1,"DemandMax":null,"Value":28386},{"Length":195,"Height":145,"Demand":1,"DemandMax":null,"Value":28275},{"Length":137,"Height":206,"Demand":1,"DemandMax":null,"Value":28222},{"Length":268,"Height":105,"Demand":1,"DemandMax":null,"Value":28140},{"Length":121,"Height":232,"Demand":1,"DemandMax":null,"Value":28072},{"Length":122,"Height":230,"Demand":1,"DemandMax":null,"Value":28060},{"Length":128,"Height":219,"Demand":1,"DemandMax":null,"Value":28032},{"Length":129,"Height":217,"Demand":1,"DemandMax":null,"Value":27993},{"Length":222,"Height":126,"Demand":1,"DemandMax":null,"Value":27972},{"Length":144,"Height":194,"Demand":1,"DemandMax":null,"Value":27936},{"Length":100,"Height":279,"Demand":1,"DemandMax":null,"Value":27900},{"Length":173,"Height":161,"Demand":1,"DemandMax":null,"Value":27853},{"Length":240,"Height":116,"Demand":1,"DemandMax":null,"Value":27840},{"Length":243,"Height":114,"Demand":1,"DemandMax":null,"Value":27702},{"Length":225,"Height":123,"Demand":1,"DemandMax":null,"Value":27675},{"Length":216,"Height":128,"Demand":1,"DemandMax":null,"Value":27648},{"Length":115,"Height":240,"Demand":1,"DemandMax":null,"Value":27600},{"Length":193,"Height":143,"Demand":1,"DemandMax":null,"Value":27599},{"Length":226,"Height":122,"Demand":1,"DemandMax":null,"Value":27572},{"Length":194,"Height":142,"Demand":1,"DemandMax":null,"Value":27548},{"Length":201,"Height":137,"Demand":1,"DemandMax":null,"Value":27537},{"Length":130,"Height":211,"Demand":1,"DemandMax":null,"Value":27430},{"Length":105,"Height":261,"Demand":1,"DemandMax":null,"Value":27405},{"Length":172,"Height":159,"Demand":1,"DemandMax":null,"Value":27348},{"Length":257,"Height":106,"Demand":1,"DemandMax":null,"Value":27242},{"Length":241,"Height":113,"Demand":1,"DemandMax":null,"Value":27233},{"Length":147,"Height":185,"Demand":1,"DemandMax":null,"Value":27195},{"Length":190,"Height":143,"Demand":1,"DemandMax":null,"Value":27170},{"Length":175,"Height":155,"Demand":1,"DemandMax":null,"Value":27125},{"Length":148,"Height":183,"Demand":1,"DemandMax":null,"Value":27084},{"Length":147,"Height":184,"Demand":1,"DemandMax":null,"Value":27048},{"Length":128,"Height":211,"Demand":1,"DemandMax":null,"Value":27008},{"Length":186,"Height":145,"Demand":1,"DemandMax":null,"Value":26970},{"Length":107,"Height":252,"Demand":1,"DemandMax":null,"Value":26964},{"Length":204,"Height":132,"Demand":1,"DemandMax":null,"Value":26928},{"Length":125,"Height":215,"Demand":1,"DemandMax":null,"Value":26875},{"Length":115,"Height":233,"Demand":1,"DemandMax":null,"Value":26795},{"Length":182,"Height":147,"Demand":1,"DemandMax":null,"Value":26754},{"Length":214,"Height":125,"Demand":1,"DemandMax":null,"Value":26750},{"Length":137,"Height":195,"Demand":1,"DemandMax":null,"Value":26715},{"Length":168,"Height":159,"Demand":1,"DemandMax":null,"Value":26712},{"Length":202,"Height":132,"Demand":1,"DemandMax":null,"Value":26664},{"Length":110,"Height":242,"Demand":1,"DemandMax":null,"Value":26620},{"Length":112,"Height":237,"Demand":1,"DemandMax":null,"Value":26544},{"Length":183,"Height":145,"Demand":1,"DemandMax":null,"Value":26535},{"Length":195,"Height":136,"Demand":1,"DemandMax":null,"Value":26520},{"Length":106,"Height":250,"Demand":1,"DemandMax":null,"Value":26500},{"Length":151,"Height":175,"Demand":1,"DemandMax":null,"Value":26425},{"Length":167,"Height":158,"Demand":1,"DemandMax":null,"Value":26386},{"Length":136,"Height":194,"Demand":1,"DemandMax":null,"Value":26384},{"Length":229,"Height":115,"Demand":1,"DemandMax":null,"Value":26335},{"Length":116,"Height":227,"Demand":1,"DemandMax":null,"Value":26332},{"Length":118,"Height":223,"Demand":1,"DemandMax":null,"Value":26314},{"Length":139,"Height":189,"Demand":1,"DemandMax":null,"Value":26271},{"Length":116,"Height":226,"Demand":1,"DemandMax":null,"Value":26216},{"Length":252,"Height":104,"Demand":1,"DemandMax":null,"Value":26208},{"Length":119,"Height":220,"Demand":1,"DemandMax":null,"Value":26180},{"Length":192,"Height":136,"Demand":1,"DemandMax":null,"Value":26112},{"Length":141,"Height":185,"Demand":1,"DemandMax":null,"Value":26085},{"Length":126,"Height":207,"Demand":1,"DemandMax":null,"Value":26082},{"Length":157,"Height":166,"Demand":1,"DemandMax":null,"Value":26062},{"Length":109,"Height":239,"Demand":1,"DemandMax":null,"Value":26051},{"Length":255,"Height":102,"Demand":1,"DemandMax":null,"Value":26010},{"Length":116,"Height":224,"Demand":1,"DemandMax":null,"Value":25984},{"Length":110,"Height":236,"Demand":1,"DemandMax":null,"Value":25960},{"Length":179,"Height":145,"Demand":1,"DemandMax":null,"Value":25955},{"Length":140,"Height":185,"Demand":1,"DemandMax":null,"Value":25900},{"Length":104,"Height":249,"Demand":1,"DemandMax":null,"Value":25896},{"Length":122,"Height":212,"Demand":1,"DemandMax":null,"Value":25864},{"Length":171,"Height":151,"Demand":1,"DemandMax":null,"Value":25821},{"Length":108,"Height":239,"Demand":1,"DemandMax":null,"Value":25812},{"Length":173,"Height":149,"Demand":1,"DemandMax":null,"Value":25777},{"Length":196,"Height":131,"Demand":1,"DemandMax":null,"Value":25676},{"Length":227,"Height":113,"Demand":1,"DemandMax":null,"Value":25651},{"Length":219,"Height":117,"Demand":1,"DemandMax":null,"Value":25623},{"Length":235,"Height":109,"Demand":1,"DemandMax":null,"Value":25615},{"Length":205,"Height":124,"Demand":1,"DemandMax":null,"Value":25420},{"Length":229,"Height":111,"Demand":1,"DemandMax":null,"Value":25419},{"Length":244,"Height":104,"Demand":1,"DemandMax":null,"Value":25376},{"Length":185,"Height":137,"Demand":1,"DemandMax":null,"Value":25345},{"Length":111,"Height":228,"Demand":1,"DemandMax":null,"Value":25308},{"Length":220,"Height":115,"Demand":1,"DemandMax":null,"Value":25300},{"Length":165,"Height":153,"Demand":1,"DemandMax":null,"Value":25245},{"Length":247,"Height":102,"Demand":1,"DemandMax":null,"Value":25194},{"Length":169,"Height":149,"Demand":1,"DemandMax":null,"Value":25181},{"Length":177,"Height":142,"Demand":1,"DemandMax":null,"Value":25134},{"Length":201,"Height":125,"Demand":1,"DemandMax":null,"Value":25125},{"Length":137,"Height":182,"Demand":1,"DemandMax":null,"Value":24934},{"Length":164,"Height":152,"Demand":1,"DemandMax":null,"Value":24928},{"Length":114,"Height":218,"Demand":1,"DemandMax":null,"Value":24852},{"Length":131,"Height":189,"Demand":1,"DemandMax":null,"Value":24759},{"Length":118,"Height":209,"Demand":1,"DemandMax":null,"Value":24662},{"Length":189,"Height":130,"Demand":1,"DemandMax":null,"Value":24570},{"Length":151,"Height":162,"Demand":1,"DemandMax":null,"Value":24462},{"Length":237,"Height":103,"Demand":1,"DemandMax":null,"Value":24411},{"Length":140,"Height":174,"Demand":1,"DemandMax":null,"Value":24360},{"Length":238,"Height":102,"Demand":1,"DemandMax":null,"Value":24276},{"Length":130,"Height":186,"Demand":1,"DemandMax":null,"Value":24180},{"Length":122,"Height":198,"Demand":1,"DemandMax":null,"Value":24156},{"Length":113,"Height":213,"Demand":1,"DemandMax":null,"Value":24069},{"Length":115,"Height":209,"Demand":1,"DemandMax":null,"Value":24035},{"Length":148,"Height":162,"Demand":1,"DemandMax":null,"Value":23976},{"Length":180,"Height":133,"Demand":1,"DemandMax":null,"Value":23940},{"Length":109,"Height":219,"Demand":1,"DemandMax":null,"Value":23871},{"Length":169,"Height":141,"Demand":1,"DemandMax":null,"Value":23829},{"Length":147,"Height":162,"Demand":1,"DemandMax":null,"Value":23814},{"Length":183,"Height":130,"Demand":1,"DemandMax":null,"Value":23790},{"Length":110,"Height":216,"Demand":1,"DemandMax":null,"Value":23760},{"Length":220,"Height":108,"Demand":1,"DemandMax":null,"Value":23760},{"Length":201,"Height":118,"Demand":1,"DemandMax":null,"Value":23718},{"Length":237,"Height":100,"Demand":1,"DemandMax":null,"Value":23700},{"Length":139,"Height":170,"Demand":1,"DemandMax":null,"Value":23630},{"Length":179,"Height":132,"Demand":1,"DemandMax":null,"Value":23628},{"Length":177,"Height":133,"Demand":1,"DemandMax":null,"Value":23541},{"Length":121,"Height":194,"Demand":1,"DemandMax":null,"Value":23474},{"Length":115,"Height":204,"Demand":1,"DemandMax":null,"Value":23460},{"Length":189,"Height":124,"Demand":1,"DemandMax":null,"Value":23436},{"Length":108,"Height":217,"Demand":1,"DemandMax":null,"Value":23436},{"Length":141,"Height":166,"Demand":1,"DemandMax":null,"Value":23406},{"Length":157,"Height":149,"Demand":1,"DemandMax":null,"Value":23393},{"Length":108,"Height":216,"Demand":1,"DemandMax":null,"Value":23328},{"Length":105,"Height":222,"Demand":1,"DemandMax":null,"Value":23310},{"Length":179,"Height":130,"Demand":1,"DemandMax":null,"Value":23270},{"Length":152,"Height":153,"Demand":1,"DemandMax":null,"Value":23256},{"Length":101,"Height":230,"Demand":1,"DemandMax":null,"Value":23230},{"Length":122,"Height":190,"Demand":1,"DemandMax":null,"Value":23180},{"Length":193,"Height":120,"Demand":1,"DemandMax":null,"Value":23160},{"Length":188,"Height":123,"Demand":1,"DemandMax":null,"Value":23124},{"Length":153,"Height":151,"Demand":1,"DemandMax":null,"Value":23103},{"Length":110,"Height":210,"Demand":1,"DemandMax":null,"Value":23100},{"Length":104,"Height":221,"Demand":1,"DemandMax":null,"Value":22984},{"Length":198,"Height":116,"Demand":1,"DemandMax":null,"Value":22968},{"Length":153,"Height":150,"Demand":1,"DemandMax":null,"Value":22950},{"Length":229,"Height":100,"Demand":1,"DemandMax":null,"Value":22900},{"Length":212,"Height":108,"Demand":1,"DemandMax":null,"Value":22896},{"Length":137,"Height":167,"Demand":1,"DemandMax":null,"Value":22879},{"Length":180,"Height":127,"Demand":1,"DemandMax":null,"Value":22860},{"Length":116,"Height":197,"Demand":1,"DemandMax":null,"Value":22852},{"Length":187,"Height":122,"Demand":1,"DemandMax":null,"Value":22814},{"Length":106,"Height":215,"Demand":1,"DemandMax":null,"Value":22790},{"Length":104,"Height":219,"Demand":1,"DemandMax":null,"Value":22776},{"Length":193,"Height":118,"Demand":1,"DemandMax":null,"Value":22774},{"Length":119,"Height":191,"Demand":1,"DemandMax":null,"Value":22729},{"Length":161,"Height":141,"Demand":1,"DemandMax":null,"Value":22701},{"Length":169,"Height":134,"Demand":1,"DemandMax":null,"Value":22646},{"Length":153,"Height":148,"Demand":1,"DemandMax":null,"Value":22644},{"Length":145,"Height":156,"Demand":1,"DemandMax":null,"Value":22620},{"Length":126,"Height":179,"Demand":1,"DemandMax":null,"Value":22554},{"Length":205,"Height":109,"Demand":1,"DemandMax":null,"Value":22345},{"Length":122,"Height":183,"Demand":1,"DemandMax":null,"Value":22326},{"Length":118,"Height":189,"Demand":1,"DemandMax":null,"Value":22302},{"Length":128,"Height":174,"Demand":1,"DemandMax":null,"Value":22272},{"Length":175,"Height":127,"Demand":1,"DemandMax":null,"Value":22225},{"Length":202,"Height":110,"Demand":1,"DemandMax":null,"Value":22220},{"Length":139,"Height":159,"Demand":1,"DemandMax":null,"Value":22101},{"Length":147,"Height":150,"Demand":1,"DemandMax":null,"Value":22050},{"Length":208,"Height":106,"Demand":1,"DemandMax":null,"Value":22048},{"Length":157,"Height":140,"Demand":1,"DemandMax":null,"Value":21980},{"Length":124,"Height":177,"Demand":1,"DemandMax":null,"Value":21948},{"Length":151,"Height":145,"Demand":1,"DemandMax":null,"Value":21895},{"Length":114,"Height":192,"Demand":1,"DemandMax":null,"Value":21888},{"Length":131,"Height":167,"Demand":1,"DemandMax":null,"Value":21877},{"Length":102,"Height":214,"Demand":1,"DemandMax":null,"Value":21828},{"Length":133,"Height":164,"Demand":1,"DemandMax":null,"Value":21812},{"Length":171,"Height":127,"Demand":1,"DemandMax":null,"Value":21717},{"Length":124,"Height":175,"Demand":1,"DemandMax":null,"Value":21700},{"Length":111,"Height":195,"Demand":1,"DemandMax":null,"Value":21645},{"Length":142,"Height":152,"Demand":1,"DemandMax":null,"Value":21584},{"Length":182,"Height":118,"Demand":1,"DemandMax":null,"Value":21476},{"Length":122,"Height":176,"Demand":1,"DemandMax":null,"Value":21472},{"Length":121,"Height":177,"Demand":1,"DemandMax":null,"Value":21417},{"Length":115,"Height":186,"Demand":1,"DemandMax":null,"Value":21390},{"Length":137,"Height":156,"Demand":1,"DemandMax":null,"Value":21372},{"Length":194,"Height":110,"Demand":1,"DemandMax":null,"Value":21340},{"Length":102,"Height":208,"Demand":1,"DemandMax":null,"Value":21216},{"Length":136,"Height":156,"Demand":1,"DemandMax":null,"Value":21216},{"Length":107,"Height":198,"Demand":1,"DemandMax":null,"Value":21186},{"Length":117,"Height":181,"Demand":1,"DemandMax":null,"Value":21177},{"Length":110,"Height":192,"Demand":1,"DemandMax":null,"Value":21120},{"Length":107,"Height":197,"Demand":1,"DemandMax":null,"Value":21079},{"Length":157,"Height":133,"Demand":1,"DemandMax":null,"Value":20881},{"Length":146,"Height":143,"Demand":1,"DemandMax":null,"Value":20878},{"Length":136,"Height":153,"Demand":1,"DemandMax":null,"Value":20808},{"Length":157,"Height":132,"Demand":1,"DemandMax":null,"Value":20724},{"Length":134,"Height":154,"Demand":1,"DemandMax":null,"Value":20636},{"Length":200,"Height":103,"Demand":1,"DemandMax":null,"Value":20600},{"Length":127,"Height":162,"Demand":1,"DemandMax":null,"Value":20574},{"Length":100,"Height":205,"Demand":1,"DemandMax":null,"Value":20500},{"Length":121,"Height":169,"Demand":1,"DemandMax":null,"Value":20449},{"Length":161,"Height":127,"Demand":1,"DemandMax":null,"Value":20447},{"Length":143,"Height":142,"Demand":1,"DemandMax":null,"Value":20306},{"Length":147,"Height":138,"Demand":1,"DemandMax":null,"Value":20286},{"Length":132,"Height":153,"Demand":1,"DemandMax":null,"Value":20196},{"Length":118,"Height":171,"Demand":1,"DemandMax":null,"Value":20178},{"Length":112,"Height":180,"Demand":1,"DemandMax":null,"Value":20160},{"Length":170,"Height":118,"Demand":1,"DemandMax":null,"Value":20060},{"Length":120,"Height":167,"Demand":1,"DemandMax":null,"Value":20040},{"Length":152,"Height":131,"Demand":1,"DemandMax":null,"Value":19912},{"Length":197,"Height":101,"Demand":1,"DemandMax":null,"Value":19897},{"Length":129,"Height":154,"Demand":1,"DemandMax":null,"Value":19866},{"Length":123,"Height":161,"Demand":1,"DemandMax":null,"Value":19803},{"Length":152,"Height":130,"Demand":1,"DemandMax":null,"Value":19760},{"Length":188,"Height":105,"Demand":1,"DemandMax":null,"Value":19740},{"Length":150,"Height":131,"Demand":1,"DemandMax":null,"Value":19650},{"Length":165,"Height":119,"Demand":1,"DemandMax":null,"Value":19635},{"Length":157,"Height":125,"Demand":1,"DemandMax":null,"Value":19625},{"Length":106,"Height":185,"Demand":1,"DemandMax":null,"Value":19610},{"Length":142,"Height":138,"Demand":1,"DemandMax":null,"Value":19596},{"Length":109,"Height":179,"Demand":1,"DemandMax":null,"Value":19511},{"Length":171,"Height":114,"Demand":1,"DemandMax":null,"Value":19494},{"Length":168,"Height":116,"Demand":1,"DemandMax":null,"Value":19488},{"Length":103,"Height":189,"Demand":1,"DemandMax":null,"Value":19467},{"Length":169,"Height":115,"Demand":1,"DemandMax":null,"Value":19435},{"Length":106,"Height":183,"Demand":1,"DemandMax":null,"Value":19398},{"Length":176,"Height":110,"Demand":1,"DemandMax":null,"Value":19360},{"Length":125,"Height":154,"Demand":1,"DemandMax":null,"Value":19250},{"Length":123,"Height":156,"Demand":1,"DemandMax":null,"Value":19188},{"Length":104,"Height":184,"Demand":1,"DemandMax":null,"Value":19136},{"Length":182,"Height":105,"Demand":1,"DemandMax":null,"Value":19110},{"Length":190,"Height":100,"Demand":1,"DemandMax":null,"Value":19000},{"Length":182,"Height":104,"Demand":1,"DemandMax":null,"Value":18928},{"Length":137,"Height":138,"Demand":1,"DemandMax":null,"Value":18906},{"Length":134,"Height":141,"Demand":1,"DemandMax":null,"Value":18894},{"Length":101,"Height":184,"Demand":1,"DemandMax":null,"Value":18584},{"Length":183,"Height":101,"Demand":1,"DemandMax":null,"Value":18483},{"Length":114,"Height":162,"Demand":1,"DemandMax":null,"Value":18468},{"Length":157,"Height":117,"Demand":1,"DemandMax":null,"Value":18369},{"Length":121,"Height":151,"Demand":1,"DemandMax":null,"Value":18271},{"Length":104,"Height":174,"Demand":1,"DemandMax":null,"Value":18096},{"Length":154,"Height":117,"Demand":1,"DemandMax":null,"Value":18018},{"Length":179,"Height":100,"Demand":1,"DemandMax":null,"Value":17900},{"Length":177,"Height":101,"Demand":1,"DemandMax":null,"Value":17877},{"Length":107,"Height":167,"Demand":1,"DemandMax":null,"Value":17869},{"Length":154,"Height":116,"Demand":1,"DemandMax":null,"Value":17864},{"Length":157,"Height":113,"Demand":1,"DemandMax":null,"Value":17741},{"Length":110,"Height":161,"Demand":1,"DemandMax":null,"Value":17710},{"Length":125,"Height":141,"Demand":1,"DemandMax":null,"Value":17625},{"Length":175,"Height":100,"Demand":1,"DemandMax":null,"Value":17500},{"Length":154,"Height":113,"Demand":1,"DemandMax":null,"Value":17402},{"Length":126,"Height":138,"Demand":1,"DemandMax":null,"Value":17388},{"Length":161,"Height":107,"Demand":1,"DemandMax":null,"Value":17227},{"Length":170,"Height":101,"Demand":1,"DemandMax":null,"Value":17170},{"Length":101,"Height":169,"Demand":1,"DemandMax":null,"Value":17069},{"Length":142,"Height":120,"Demand":1,"DemandMax":null,"Value":17040},{"Length":128,"Height":133,"Demand":1,"DemandMax":null,"Value":17024},{"Length":148,"Height":115,"Demand":1,"DemandMax":null,"Value":17020},{"Length":118,"Height":144,"Demand":1,"DemandMax":null,"Value":16992},{"Length":122,"Height":139,"Demand":1,"DemandMax":null,"Value":16958},{"Length":134,"Height":126,"Demand":1,"DemandMax":null,"Value":16884},{"Length":102,"Height":165,"Demand":1,"DemandMax":null,"Value":16830},{"Length":121,"Height":139,"Demand":1,"DemandMax":null,"Value":16819},{"Length":152,"Height":110,"Demand":1,"DemandMax":null,"Value":16720},{"Length":156,"Height":106,"Demand":1,"DemandMax":null,"Value":16536},{"Length":128,"Height":128,"Demand":1,"DemandMax":null,"Value":16384},{"Length":106,"Height":154,"Demand":1,"DemandMax":null,"Value":16324},{"Length":100,"Height":163,"Demand":1,"DemandMax":null,"Value":16300},{"Length":146,"Height":111,"Demand":1,"DemandMax":null,"Value":16206},{"Length":106,"Height":148,"Demand":1,"DemandMax":null,"Value":15688},{"Length":146,"Height":107,"Demand":1,"DemandMax":null,"Value":15622},{"Length":112,"Height":139,"Demand":1,"DemandMax":null,"Value":15568},{"Length":112,"Height":138,"Demand":1,"DemandMax":null,"Value":15456},{"Length":123,"Height":125,"Demand":1,"DemandMax":null,"Value":15375},{"Length":119,"Height":129,"Demand":1,"DemandMax":null,"Value":15351},{"Length":113,"Height":135,"Demand":1,"DemandMax":null,"Value":15255},{"Length":101,"Height":148,"Demand":1,"DemandMax":null,"Value":14948},{"Length":104,"Height":143,"Demand":1,"DemandMax":null,"Value":14872},{"Length":110,"Height":135,"Demand":1,"DemandMax":null,"Value":14850},{"Length":130,"Height":114,"Demand":1,"DemandMax":null,"Value":14820},{"Length":133,"Height":111,"Demand":1,"DemandMax":null,"Value":14763},{"Length":110,"Height":134,"Demand":1,"DemandMax":null,"Value":14740},{"Length":117,"Height":125,"Demand":1,"DemandMax":null,"Value":14625},{"Length":135,"Height":108,"Demand":1,"DemandMax":null,"Value":14580},{"Length":129,"Height":113,"Demand":1,"DemandMax":null,"Value":14577},{"Length":131,"Height":111,"Demand":1,"DemandMax":null,"Value":14541},{"Length":108,"Height":134,"Demand":1,"DemandMax":null,"Value":14472},{"Length":103,"Height":138,"Demand":1,"DemandMax":null,"Value":14214},{"Length":120,"Height":118,"Demand":1,"DemandMax":null,"Value":14160},{"Length":108,"Height":127,"Demand":1,"DemandMax":null,"Value":13716},{"Length":135,"Height":100,"Demand":1,"DemandMax":null,"Value":13500},{"Length":117,"Height":114,"Demand":1,"DemandMax":null,"Value":13338},{"Length":123,"Height":108,"Demand":1,"DemandMax":null,"Value":13284},{"Length":120,"Height":110,"Demand":1,"DemandMax":null,"Value":13200},{"Length":112,"Height":117,"Demand":1,"DemandMax":null,"Value":13104},{"Length":120,"Height":109,"Demand":1,"DemandMax":null,"Value":13080},{"Length":122,"Height":107,"Demand":1,"DemandMax":null,"Value":13054},{"Length":117,"Height":111,"Demand":1,"DemandMax":null,"Value":12987},{"Length":120,"Height":107,"Demand":1,"DemandMax":null,"Value":12840},{"Length":103,"Height":122,"Demand":1,"DemandMax":null,"Value":12566},{"Length":123,"Height":101,"Demand":1,"DemandMax":null,"Value":12423},{"Length":122,"Height":101,"Demand":1,"DemandMax":null,"Value":12322},{"Length":115,"Height":107,"Demand":1,"DemandMax":null,"Value":12305},{"Length":101,"Height":120,"Demand":1,"DemandMax":null,"Value":12120},{"Length":106,"Height":114,"Demand":1,"DemandMax":null,"Value":12084},{"Length":100,"Height":118,"Demand":1,"DemandMax":null,"Value":11800},{"Length":108,"Height":109,"Demand":1,"DemandMax":null,"Value":11772},{"Length":111,"Height":106,"Demand":1,"DemandMax":null,"Value":11766},{"Length":108,"Height":104,"Demand":1,"DemandMax":null,"Value":11232}]}