{"Name":"AH209","Objects":[{"Length":1000,"Height":2279,"Stock":null,"Cost":2279000}],"Items":[{"Length":72,"Height":69,"Demand":10,"DemandMax":null,"Value":4968},{"Length":68,"Height":73,"Demand":10,"DemandMax":null,"Value":4964},{"Length":59,"Height":73,"Demand":10,"DemandMax":null,"Value":4307},{"Length":68,"Height":62,"Demand":10,"DemandMax":null,"Value":4216},{"Length":65,"Height":64,"Demand":10,"DemandMax":null,"Value":4160},{"Length":64,"Height":63,"Demand":10,"DemandMax":null,"Value":4032},{"Length":72,"Height":56,"Demand":10,"DemandMax":null,"Value":4032},{"Length":63,"Height":63,"Demand":10,"DemandMax":null,"Value":3969},{"Length":62,"Height":63,"Demand":10,"DemandMax":null,"Value":3906},{"Length":55,"Height":71,"Demand":10,"DemandMax":null,"Value":3905},{"Length":72,"Height":52,"Demand":10,"DemandMax":null,"Value":3744},{"Length":58,"Height":64,"Demand":10,"DemandMax":null,"Value":3712},{"Length":73,"Height":50,"Demand":10,"DemandMax":null,"Value":3650},{"Length":60,"Height":59,"Demand":10,"DemandMax":null,"Value":3540},{"Length":75,"Height":47,"Demand":10,"DemandMax":null,"Value":3525},{"Length":57,"Height":61,"Demand":10,"DemandMax":null,"Value":3477},{"Length":65,"Height":51,"Demand":10,"DemandMax":null,"Value":3315},{"Length":73,"Height":45,"Demand":10,"DemandMax":null,"Value":3285},{"Length":63,"Height":52,"Demand":10,"DemandMax":null,"Value":3276},{"Length":46,"Height":70,"Demand":10,"DemandMax":null,"Value":3220},{"Length":55,"Height":57,"Demand":10,"DemandMax":null,"Value":3135},{"Length":68,"Height":45,"Demand":10,"DemandMax":null,"Value":3060},{"Length":45,"Height":66,"Demand":10,"DemandMax":null,"Value":2970},{"Length":65,"Height":44,"Demand":10,"DemandMax":null,"Value":2860},{"Length":66,"Height":43,"Demand":10,"DemandMax":null,"Value":2838},{"Length":44,"Height":64,"Demand":10,"DemandMax":null,"Value":2816},{"Length":64,"Height":43,"Demand":10,"DemandMax":null,"Value":2752},{"Length":48,"Height":57,"Demand":10,"DemandMax":null,"Value":2736},{"Length":48,"Height":55,"Demand":10,"DemandMax":null,"Value":2640},{"Length":53,"Height":49,"Demand":10,"DemandMax":null,"Value":2597},{"Length":58,"Height":44,"Demand":10,"DemandMax":null,"Value":2552},{"Length":60,"Height":42,"Demand":10,"DemandMax":null,"Value":2520},{"Length":40,"Height":62,"Demand":10,"DemandMax":null,"Value":2480},{"Length":33,"Height":75,"Demand":10,"DemandMax":null,"Value":2475},{"Length":50,"Height":49,"Demand":10,"DemandMax":null,"Value":2450},{"Length":51,"Height":48,"Demand":10,"DemandMax":null,"Value":2448},{"Length":61,"Height":40,"Demand":10,"DemandMax":null,"Value":2440},{"Length":34,"Height":71,"Demand":10,"DemandMax":null,"Value":2414},{"Length":34,"Height":70,"Demand":10,"DemandMax":null,"Value":2380},{"Length":52,"Height":45,"Demand":10,"DemandMax":null,"Value":2340},{"Length":55,"Height":42,"Demand":10,"DemandMax":null,"Value":2310},{"Length":72,"Height":32,"Demand":10,"DemandMax":null,"Value":2304},{"Length":45,"Height":51,"Demand":10,"DemandMax":null,"Value":2295},{"Length":57,"Height":40,"Demand":10,"DemandMax":null,"Value":2280},{"Length":39,"Height":56,"Demand":10,"DemandMax":null,"Value":2184},{"Length":29,"Height":75,"Demand":10,"DemandMax":null,"Value":2175},{"Length":30,"Height":71,"Demand":10,"DemandMax":null,"Value":2130},{"Length":54,"Height":39,"Demand":10,"DemandMax":null,"Value":2106},{"Length":63,"Height":33,"Demand":10,"DemandMax":null,"Value":2079},{"Length":44,"Height":47,"Demand":10,"DemandMax":null,"Value":2068},{"Length":29,"Height":71,"Demand":10,"DemandMax":null,"Value":2059},{"Length":64,"Height":32,"Demand":10,"DemandMax":null,"Value":2048},{"Length":75,"Height":27,"Demand":10,"DemandMax":null,"Value":2025},{"Length":46,"Height":44,"Demand":10,"DemandMax":null,"Value":2024},{"Length":63,"Height":32,"Demand":10,"DemandMax":null,"Value":2016},{"Length":49,"Height":41,"Demand":10,"DemandMax":null,"Value":2009},{"Length":49,"Height":40,"Demand":10,"DemandMax":null,"Value":1960},{"Length":32,"Height":61,"Demand":10,"DemandMax":null,"Value":1952},{"Length":50,"Height":39,"Demand":10,"DemandMax":null,"Value":1950},{"Length":30,"Height":65,"Demand":10,"DemandMax":null,"Value":1950},{"Length":53,"Height":36,"Demand":10,"DemandMax":null,"Value":1908},{"Length":48,"Height":39,"Demand":10,"DemandMax":null,"Value":1872},{"Length":59,"Height":31,"Demand":10,"DemandMax":null,"Value":1829},{"Length":48,"Height":38,"Demand":10,"DemandMax":null,"Value":1824},{"Length":25,"Height":71,"Demand":10,"DemandMax":null,"Value":1775},{"Length":28,"Height":62,"Demand":10,"DemandMax":null,"Value":1736},{"Length":33,"Height":52,"Demand":10,"DemandMax":null,"Value":1716},{"Length":26,"Height":66,"Demand":10,"DemandMax":null,"Value":1716},{"Length":28,"Height":59,"Demand":10,"DemandMax":null,"Value":1652},{"Length":43,"Height":38,"Demand":10,"DemandMax":null,"Value":1634},{"Length":54,"Height":30,"Demand":10,"DemandMax":null,"Value":1620},{"Length":45,"Height":36,"Demand":10,"DemandMax":null,"Value":1620},{"Length":38,"Height":42,"Demand":10,"DemandMax":null,"Value":1596},{"Length":51,"Height":30,"Demand":10,"DemandMax":null,"Value":1530},{"Length":34,"Height":45,"Demand":10,"DemandMax":null,"Value":1530},{"Length":25,"Height":61,"Demand":10,"DemandMax":null,"Value":1525},{"Length":42,"Height":36,"Demand":10,"DemandMax":null,"Value":1512},{"Length":28,"Height":54,"Demand":10,"DemandMax":null,"Value":1512},{"Length":32,"Height":47,"Demand":10,"DemandMax":null,"Value":1504},{"Length":30,"Height":50,"Demand":10,"DemandMax":null,"Value":1500},{"Length":54,"Height":27,"Demand":10,"DemandMax":null,"Value":1458},{"Length":25,"Height":58,"Demand":10,"DemandMax":null,"Value":1450},{"Length":34,"Height":41,"Demand":10,"DemandMax":null,"Value":1394},{"Length":29,"Height":47,"Demand":10,"DemandMax":null,"Value":1363},{"Length":46,"Height":29,"Demand":10,"DemandMax":null,"Value":1334},{"Length":29,"Height":43,"Demand":10,"DemandMax":null,"Value":1247},{"Length":49,"Height":25,"Demand":10,"DemandMax":null,"Value":1225},{"Length":33,"Height":37,"Demand":10,"DemandMax":null,"Value":1221},{"Length":48,"Height":25,"Demand":10,"DemandMax":null,"Value":1200},{"Length":29,"Height":41,"Demand":10,"DemandMax":null,"Value":1189},{"Length":35,"Height":33,"Demand":10,"DemandMax":null,"Value":1155},{"Length":26,"Height":44,"Demand":10,"DemandMax":null,"Value":1144},{"Length":37,"Height":29,"Demand":10,"DemandMax":null,"Value":1073},{"Length":35,"Height":29,"Demand":10,"DemandMax":null,"Value":1015},{"Length":28,"Height":36,"Demand":10,"DemandMax":null,"Value":1008},{"Length":29,"Height":32,"Demand":10,"DemandMax":null,"Value":928},{"Length":26,"Height":34,"Demand":10,"DemandMax":null,"Value":884},{"Length":29,"Height":30,"Demand":10,"DemandMax":null,"Value":870},{"Length":31,"Height":26,"Demand":10,"DemandMax":null,"Value":806},{"Length":27,"Height":27,"Demand":10,"DemandMax":null,"Value":729}]}