{"Name":"AH301","Objects":[{"Length":1000,"Height":2500,"Stock":null,"Cost":2500000}],"Items":[{"Length":75,"Height":74,"Demand":1,"DemandMax":null,"Value":5550},{"Length":74,"Height":74,"Demand":1,"DemandMax":null,"Value":5476},{"Length":75,"Height":73,"Demand":1,"DemandMax":null,"Value":5475},{"Length":73,"Height":74,"Demand":1,"DemandMax":null,"Value":5402},{"Length":72,"Height":75,"Demand":1,"DemandMax":null,"Value":5400},{"Length":74,"Height":72,"Demand":1,"DemandMax":null,"Value":5328},{"Length":73,"Height":72,"Demand":1,"DemandMax":null,"Value":5256},{"Length":71,"Height":74,"Demand":1,"DemandMax":null,"Value":5254},{"Length":74,"Height":70,"Demand":1,"DemandMax":null,"Value":5180},{"Length":69,"Height":75,"Demand":1,"DemandMax":null,"Value":5175},{"Length":73,"Height":70,"Demand":1,"DemandMax":null,"Value":5110},{"Length":75,"Height":68,"Demand":1,"DemandMax":null,"Value":5100},{"Length":71,"Height":71,"Demand":1,"DemandMax":null,"Value":5041},{"Length":72,"Height":70,"Demand":1,"DemandMax":null,"Value":5040},{"Length":68,"Height":74,"Demand":1,"DemandMax":null,"Value":5032},{"Length":67,"Height":75,"Demand":1,"DemandMax":null,"Value":5025},{"Length":71,"Height":70,"Demand":1,"DemandMax":null,"Value":4970},{"Length":72,"Height":69,"Demand":1,"DemandMax":null,"Value":4968},{"Length":73,"Height":68,"Demand":1,"DemandMax":null,"Value":4964},{"Length":75,"Height":66,"Demand":1,"DemandMax":null,"Value":4950},{"Length":70,"Height":70,"Demand":1,"DemandMax":null,"Value":4900},{"Length":72,"Height":68,"Demand":1,"DemandMax":null,"Value":4896},{"Length":67,"Height":73,"Demand":1,"DemandMax":null,"Value":4891},{"Length":66,"Height":74,"Demand":1,"DemandMax":null,"Value":4884},{"Length":75,"Height":65,"Demand":1,"DemandMax":null,"Value":4875},{"Length":68,"Height":71,"Demand":1,"DemandMax":null,"Value":4828},{"Length":66,"Height":73,"Demand":1,"DemandMax":null,"Value":4818},{"Length":75,"Height":64,"Demand":1,"DemandMax":null,"Value":4800},{"Length":69,"Height":69,"Demand":1,"DemandMax":null,"Value":4761},{"Length":70,"Height":68,"Demand":1,"DemandMax":null,"Value":4760},{"Length":67,"Height":71,"Demand":1,"DemandMax":null,"Value":4757},{"Length":65,"Height":73,"Demand":1,"DemandMax":null,"Value":4745},{"Length":74,"Height":64,"Demand":1,"DemandMax":null,"Value":4736},{"Length":75,"Height":63,"Demand":1,"DemandMax":null,"Value":4725},{"Length":69,"Height":68,"Demand":1,"DemandMax":null,"Value":4692},{"Length":70,"Height":67,"Demand":1,"DemandMax":null,"Value":4690},{"Length":66,"Height":71,"Demand":1,"DemandMax":null,"Value":4686},{"Length":73,"Height":64,"Demand":1,"DemandMax":null,"Value":4672},{"Length":68,"Height":68,"Demand":1,"DemandMax":null,"Value":4624},{"Length":67,"Height":69,"Demand":1,"DemandMax":null,"Value":4623},{"Length":70,"Height":66,"Demand":1,"DemandMax":null,"Value":4620},{"Length":72,"Height":64,"Demand":1,"DemandMax":null,"Value":4608},{"Length":73,"Height":63,"Demand":1,"DemandMax":null,"Value":4599},{"Length":75,"Height":61,"Demand":1,"DemandMax":null,"Value":4575},{"Length":67,"Height":68,"Demand":1,"DemandMax":null,"Value":4556},{"Length":66,"Height":69,"Demand":1,"DemandMax":null,"Value":4554},{"Length":70,"Height":65,"Demand":1,"DemandMax":null,"Value":4550},{"Length":72,"Height":63,"Demand":1,"DemandMax":null,"Value":4536},{"Length":61,"Height":74,"Demand":1,"DemandMax":null,"Value":4514},{"Length":60,"Height":75,"Demand":1,"DemandMax":null,"Value":4500},{"Length":68,"Height":66,"Demand":1,"DemandMax":null,"Value":4488},{"Length":65,"Height":69,"Demand":1,"DemandMax":null,"Value":4485},{"Length":70,"Height":64,"Demand":1,"DemandMax":null,"Value":4480},{"Length":71,"Height":63,"Demand":1,"DemandMax":null,"Value":4473},{"Length":62,"Height":72,"Demand":1,"DemandMax":null,"Value":4464},{"Length":60,"Height":74,"Demand":1,"DemandMax":null,"Value":4440},{"Length":75,"Height":59,"Demand":1,"DemandMax":null,"Value":4425},{"Length":67,"Height":66,"Demand":1,"DemandMax":null,"Value":4422},{"Length":68,"Height":65,"Demand":1,"DemandMax":null,"Value":4420},{"Length":64,"Height":69,"Demand":1,"DemandMax":null,"Value":4416},{"Length":63,"Height":70,"Demand":1,"DemandMax":null,"Value":4410},{"Length":62,"Height":71,"Demand":1,"DemandMax":null,"Value":4402},{"Length":61,"Height":72,"Demand":1,"DemandMax":null,"Value":4392},{"Length":74,"Height":59,"Demand":1,"DemandMax":null,"Value":4366},{"Length":67,"Height":65,"Demand":1,"DemandMax":null,"Value":4355},{"Length":68,"Height":64,"Demand":1,"DemandMax":null,"Value":4352},{"Length":58,"Height":75,"Demand":1,"DemandMax":null,"Value":4350},{"Length":62,"Height":70,"Demand":1,"DemandMax":null,"Value":4340},{"Length":61,"Height":71,"Demand":1,"DemandMax":null,"Value":4331},{"Length":72,"Height":60,"Demand":1,"DemandMax":null,"Value":4320},{"Length":66,"Height":65,"Demand":1,"DemandMax":null,"Value":4290},{"Length":64,"Height":67,"Demand":1,"DemandMax":null,"Value":4288},{"Length":63,"Height":68,"Demand":1,"DemandMax":null,"Value":4284},{"Length":62,"Height":69,"Demand":1,"DemandMax":null,"Value":4278},{"Length":57,"Height":75,"Demand":1,"DemandMax":null,"Value":4275},{"Length":61,"Height":70,"Demand":1,"DemandMax":null,"Value":4270},{"Length":60,"Height":71,"Demand":1,"DemandMax":null,"Value":4260},{"Length":59,"Height":72,"Demand":1,"DemandMax":null,"Value":4248},{"Length":73,"Height":58,"Demand":1,"DemandMax":null,"Value":4234},{"Length":66,"Height":64,"Demand":1,"DemandMax":null,"Value":4224},{"Length":63,"Height":67,"Demand":1,"DemandMax":null,"Value":4221},{"Length":74,"Height":57,"Demand":1,"DemandMax":null,"Value":4218},{"Length":69,"Height":61,"Demand":1,"DemandMax":null,"Value":4209},{"Length":60,"Height":70,"Demand":1,"DemandMax":null,"Value":4200},{"Length":75,"Height":56,"Demand":1,"DemandMax":null,"Value":4200},{"Length":59,"Height":71,"Demand":1,"DemandMax":null,"Value":4189},{"Length":72,"Height":58,"Demand":1,"DemandMax":null,"Value":4176},{"Length":73,"Height":57,"Demand":1,"DemandMax":null,"Value":4161},{"Length":65,"Height":64,"Demand":1,"DemandMax":null,"Value":4160},{"Length":62,"Height":67,"Demand":1,"DemandMax":null,"Value":4154},{"Length":61,"Height":68,"Demand":1,"DemandMax":null,"Value":4148},{"Length":74,"Height":56,"Demand":1,"DemandMax":null,"Value":4144},{"Length":69,"Height":60,"Demand":1,"DemandMax":null,"Value":4140},{"Length":70,"Height":59,"Demand":1,"DemandMax":null,"Value":4130},{"Length":55,"Height":75,"Demand":1,"DemandMax":null,"Value":4125},{"Length":58,"Height":71,"Demand":1,"DemandMax":null,"Value":4118},{"Length":57,"Height":72,"Demand":1,"DemandMax":null,"Value":4104},{"Length":64,"Height":64,"Demand":1,"DemandMax":null,"Value":4096},{"Length":65,"Height":63,"Demand":1,"DemandMax":null,"Value":4095},{"Length":62,"Height":66,"Demand":1,"DemandMax":null,"Value":4092},{"Length":67,"Height":61,"Demand":1,"DemandMax":null,"Value":4087},{"Length":68,"Height":60,"Demand":1,"DemandMax":null,"Value":4080},{"Length":59,"Height":69,"Demand":1,"DemandMax":null,"Value":4071},{"Length":70,"Height":58,"Demand":1,"DemandMax":null,"Value":4060},{"Length":57,"Height":71,"Demand":1,"DemandMax":null,"Value":4047},{"Length":72,"Height":56,"Demand":1,"DemandMax":null,"Value":4032},{"Length":64,"Height":63,"Demand":1,"DemandMax":null,"Value":4032},{"Length":66,"Height":61,"Demand":1,"DemandMax":null,"Value":4026},{"Length":59,"Height":68,"Demand":1,"DemandMax":null,"Value":4012},{"Length":74,"Height":54,"Demand":1,"DemandMax":null,"Value":3996},{"Length":57,"Height":70,"Demand":1,"DemandMax":null,"Value":3990},{"Length":75,"Height":53,"Demand":1,"DemandMax":null,"Value":3975},{"Length":62,"Height":64,"Demand":1,"DemandMax":null,"Value":3968},{"Length":61,"Height":65,"Demand":1,"DemandMax":null,"Value":3965},{"Length":66,"Height":60,"Demand":1,"DemandMax":null,"Value":3960},{"Length":72,"Height":55,"Demand":1,"DemandMax":null,"Value":3960},{"Length":59,"Height":67,"Demand":1,"DemandMax":null,"Value":3953},{"Length":73,"Height":54,"Demand":1,"DemandMax":null,"Value":3942},{"Length":74,"Height":53,"Demand":1,"DemandMax":null,"Value":3922},{"Length":70,"Height":56,"Demand":1,"DemandMax":null,"Value":3920},{"Length":62,"Height":63,"Demand":1,"DemandMax":null,"Value":3906},{"Length":71,"Height":55,"Demand":1,"DemandMax":null,"Value":3905},{"Length":64,"Height":61,"Demand":1,"DemandMax":null,"Value":3904},{"Length":75,"Height":52,"Demand":1,"DemandMax":null,"Value":3900},{"Length":65,"Height":60,"Demand":1,"DemandMax":null,"Value":3900},{"Length":72,"Height":54,"Demand":1,"DemandMax":null,"Value":3888},{"Length":58,"Height":67,"Demand":1,"DemandMax":null,"Value":3886},{"Length":68,"Height":57,"Demand":1,"DemandMax":null,"Value":3876},{"Length":53,"Height":73,"Demand":1,"DemandMax":null,"Value":3869},{"Length":69,"Height":56,"Demand":1,"DemandMax":null,"Value":3864},{"Length":74,"Height":52,"Demand":1,"DemandMax":null,"Value":3848},{"Length":62,"Height":62,"Demand":1,"DemandMax":null,"Value":3844},{"Length":63,"Height":61,"Demand":1,"DemandMax":null,"Value":3843},{"Length":64,"Height":60,"Demand":1,"DemandMax":null,"Value":3840},{"Length":65,"Height":59,"Demand":1,"DemandMax":null,"Value":3835},{"Length":54,"Height":71,"Demand":1,"DemandMax":null,"Value":3834},{"Length":58,"Height":66,"Demand":1,"DemandMax":null,"Value":3828},{"Length":51,"Height":75,"Demand":1,"DemandMax":null,"Value":3825},{"Length":53,"Height":72,"Demand":1,"DemandMax":null,"Value":3816},{"Length":68,"Height":56,"Demand":1,"DemandMax":null,"Value":3808},{"Length":69,"Height":55,"Demand":1,"DemandMax":null,"Value":3795},{"Length":61,"Height":62,"Demand":1,"DemandMax":null,"Value":3782},{"Length":60,"Height":63,"Demand":1,"DemandMax":null,"Value":3780},{"Length":74,"Height":51,"Demand":1,"DemandMax":null,"Value":3774},{"Length":57,"Height":66,"Demand":1,"DemandMax":null,"Value":3762},{"Length":72,"Height":52,"Demand":1,"DemandMax":null,"Value":3744},{"Length":55,"Height":68,"Demand":1,"DemandMax":null,"Value":3740},{"Length":69,"Height":54,"Demand":1,"DemandMax":null,"Value":3726},{"Length":73,"Height":51,"Demand":1,"DemandMax":null,"Value":3723},{"Length":61,"Height":61,"Demand":1,"DemandMax":null,"Value":3721},{"Length":60,"Height":62,"Demand":1,"DemandMax":null,"Value":3720},{"Length":63,"Height":59,"Demand":1,"DemandMax":null,"Value":3717},{"Length":58,"Height":64,"Demand":1,"DemandMax":null,"Value":3712},{"Length":57,"Height":65,"Demand":1,"DemandMax":null,"Value":3705},{"Length":50,"Height":74,"Demand":1,"DemandMax":null,"Value":3700},{"Length":66,"Height":56,"Demand":1,"DemandMax":null,"Value":3696},{"Length":55,"Height":67,"Demand":1,"DemandMax":null,"Value":3685},{"Length":54,"Height":68,"Demand":1,"DemandMax":null,"Value":3672},{"Length":51,"Height":72,"Demand":1,"DemandMax":null,"Value":3672},{"Length":60,"Height":61,"Demand":1,"DemandMax":null,"Value":3660},{"Length":62,"Height":59,"Demand":1,"DemandMax":null,"Value":3658},{"Length":69,"Height":53,"Demand":1,"DemandMax":null,"Value":3657},{"Length":58,"Height":63,"Demand":1,"DemandMax":null,"Value":3654},{"Length":57,"Height":64,"Demand":1,"DemandMax":null,"Value":3648},{"Length":66,"Height":55,"Demand":1,"DemandMax":null,"Value":3630},{"Length":49,"Height":74,"Demand":1,"DemandMax":null,"Value":3626},{"Length":71,"Height":51,"Demand":1,"DemandMax":null,"Value":3621},{"Length":53,"Height":68,"Demand":1,"DemandMax":null,"Value":3604},{"Length":75,"Height":48,"Demand":1,"DemandMax":null,"Value":3600},{"Length":72,"Height":50,"Demand":1,"DemandMax":null,"Value":3600},{"Length":60,"Height":60,"Demand":1,"DemandMax":null,"Value":3600},{"Length":61,"Height":59,"Demand":1,"DemandMax":null,"Value":3599},{"Length":58,"Height":62,"Demand":1,"DemandMax":null,"Value":3596},{"Length":63,"Height":57,"Demand":1,"DemandMax":null,"Value":3591},{"Length":49,"Height":73,"Demand":1,"DemandMax":null,"Value":3577},{"Length":55,"Height":65,"Demand":1,"DemandMax":null,"Value":3575},{"Length":70,"Height":51,"Demand":1,"DemandMax":null,"Value":3570},{"Length":54,"Height":66,"Demand":1,"DemandMax":null,"Value":3564},{"Length":48,"Height":74,"Demand":1,"DemandMax":null,"Value":3552},{"Length":50,"Height":71,"Demand":1,"DemandMax":null,"Value":3550},{"Length":61,"Height":58,"Demand":1,"DemandMax":null,"Value":3538},{"Length":52,"Height":68,"Demand":1,"DemandMax":null,"Value":3536},{"Length":62,"Height":57,"Demand":1,"DemandMax":null,"Value":3534},{"Length":56,"Height":63,"Demand":1,"DemandMax":null,"Value":3528},{"Length":47,"Height":75,"Demand":1,"DemandMax":null,"Value":3525},{"Length":55,"Height":64,"Demand":1,"DemandMax":null,"Value":3520},{"Length":69,"Height":51,"Demand":1,"DemandMax":null,"Value":3519},{"Length":54,"Height":65,"Demand":1,"DemandMax":null,"Value":3510},{"Length":73,"Height":48,"Demand":1,"DemandMax":null,"Value":3504},{"Length":70,"Height":50,"Demand":1,"DemandMax":null,"Value":3500},{"Length":53,"Height":66,"Demand":1,"DemandMax":null,"Value":3498},{"Length":67,"Height":52,"Demand":1,"DemandMax":null,"Value":3484},{"Length":59,"Height":59,"Demand":1,"DemandMax":null,"Value":3481},{"Length":60,"Height":58,"Demand":1,"DemandMax":null,"Value":3480},{"Length":49,"Height":71,"Demand":1,"DemandMax":null,"Value":3479},{"Length":47,"Height":74,"Demand":1,"DemandMax":null,"Value":3478},{"Length":51,"Height":68,"Demand":1,"DemandMax":null,"Value":3468},{"Length":54,"Height":64,"Demand":1,"DemandMax":null,"Value":3456},{"Length":48,"Height":72,"Demand":1,"DemandMax":null,"Value":3456},{"Length":50,"Height":69,"Demand":1,"DemandMax":null,"Value":3450},{"Length":75,"Height":46,"Demand":1,"DemandMax":null,"Value":3450},{"Length":65,"Height":53,"Demand":1,"DemandMax":null,"Value":3445},{"Length":66,"Height":52,"Demand":1,"DemandMax":null,"Value":3432},{"Length":49,"Height":70,"Demand":1,"DemandMax":null,"Value":3430},{"Length":59,"Height":58,"Demand":1,"DemandMax":null,"Value":3422},{"Length":55,"Height":62,"Demand":1,"DemandMax":null,"Value":3410},{"Length":71,"Height":48,"Demand":1,"DemandMax":null,"Value":3408},{"Length":64,"Height":53,"Demand":1,"DemandMax":null,"Value":3392},{"Length":47,"Height":72,"Demand":1,"DemandMax":null,"Value":3384},{"Length":69,"Height":49,"Demand":1,"DemandMax":null,"Value":3381},{"Length":75,"Height":45,"Demand":1,"DemandMax":null,"Value":3375},{"Length":66,"Height":51,"Demand":1,"DemandMax":null,"Value":3366},{"Length":58,"Height":58,"Demand":1,"DemandMax":null,"Value":3364},{"Length":57,"Height":59,"Demand":1,"DemandMax":null,"Value":3363},{"Length":73,"Height":46,"Demand":1,"DemandMax":null,"Value":3358},{"Length":61,"Height":55,"Demand":1,"DemandMax":null,"Value":3355},{"Length":67,"Height":50,"Demand":1,"DemandMax":null,"Value":3350},{"Length":62,"Height":54,"Demand":1,"DemandMax":null,"Value":3348},{"Length":63,"Height":53,"Demand":1,"DemandMax":null,"Value":3339},{"Length":71,"Height":47,"Demand":1,"DemandMax":null,"Value":3337},{"Length":68,"Height":49,"Demand":1,"DemandMax":null,"Value":3332},{"Length":45,"Height":74,"Demand":1,"DemandMax":null,"Value":3330},{"Length":52,"Height":64,"Demand":1,"DemandMax":null,"Value":3328},{"Length":72,"Height":46,"Demand":1,"DemandMax":null,"Value":3312},{"Length":48,"Height":69,"Demand":1,"DemandMax":null,"Value":3312},{"Length":58,"Height":57,"Demand":1,"DemandMax":null,"Value":3306},{"Length":56,"Height":59,"Demand":1,"DemandMax":null,"Value":3304},{"Length":50,"Height":66,"Demand":1,"DemandMax":null,"Value":3300},{"Length":55,"Height":60,"Demand":1,"DemandMax":null,"Value":3300},{"Length":61,"Height":54,"Demand":1,"DemandMax":null,"Value":3294},{"Length":70,"Height":47,"Demand":1,"DemandMax":null,"Value":3290},{"Length":53,"Height":62,"Demand":1,"DemandMax":null,"Value":3286},{"Length":73,"Height":45,"Demand":1,"DemandMax":null,"Value":3285},{"Length":49,"Height":67,"Demand":1,"DemandMax":null,"Value":3283},{"Length":63,"Height":52,"Demand":1,"DemandMax":null,"Value":3276},{"Length":51,"Height":64,"Demand":1,"DemandMax":null,"Value":3264},{"Length":68,"Height":48,"Demand":1,"DemandMax":null,"Value":3264},{"Length":74,"Height":44,"Demand":1,"DemandMax":null,"Value":3256},{"Length":50,"Height":65,"Demand":1,"DemandMax":null,"Value":3250},{"Length":58,"Height":56,"Demand":1,"DemandMax":null,"Value":3248},{"Length":59,"Height":55,"Demand":1,"DemandMax":null,"Value":3245},{"Length":47,"Height":69,"Demand":1,"DemandMax":null,"Value":3243},{"Length":54,"Height":60,"Demand":1,"DemandMax":null,"Value":3240},{"Length":45,"Height":72,"Demand":1,"DemandMax":null,"Value":3240},{"Length":49,"Height":66,"Demand":1,"DemandMax":null,"Value":3234},{"Length":53,"Height":61,"Demand":1,"DemandMax":null,"Value":3233},{"Length":43,"Height":75,"Demand":1,"DemandMax":null,"Value":3225},{"Length":70,"Height":46,"Demand":1,"DemandMax":null,"Value":3220},{"Length":51,"Height":63,"Demand":1,"DemandMax":null,"Value":3213},{"Length":73,"Height":44,"Demand":1,"DemandMax":null,"Value":3212},{"Length":64,"Height":50,"Demand":1,"DemandMax":null,"Value":3200},{"Length":68,"Height":47,"Demand":1,"DemandMax":null,"Value":3196},{"Length":45,"Height":71,"Demand":1,"DemandMax":null,"Value":3195},{"Length":56,"Height":57,"Demand":1,"DemandMax":null,"Value":3192},{"Length":58,"Height":55,"Demand":1,"DemandMax":null,"Value":3190},{"Length":54,"Height":59,"Demand":1,"DemandMax":null,"Value":3186},{"Length":49,"Height":65,"Demand":1,"DemandMax":null,"Value":3185},{"Length":60,"Height":53,"Demand":1,"DemandMax":null,"Value":3180},{"Length":52,"Height":61,"Demand":1,"DemandMax":null,"Value":3172},{"Length":72,"Height":44,"Demand":1,"DemandMax":null,"Value":3168},{"Length":45,"Height":70,"Demand":1,"DemandMax":null,"Value":3150},{"Length":75,"Height":42,"Demand":1,"DemandMax":null,"Value":3150},{"Length":47,"Height":67,"Demand":1,"DemandMax":null,"Value":3149},{"Length":73,"Height":43,"Demand":1,"DemandMax":null,"Value":3139},{"Length":49,"Height":64,"Demand":1,"DemandMax":null,"Value":3136},{"Length":55,"Height":57,"Demand":1,"DemandMax":null,"Value":3135},{"Length":58,"Height":54,"Demand":1,"DemandMax":null,"Value":3132},{"Length":46,"Height":68,"Demand":1,"DemandMax":null,"Value":3128},{"Length":59,"Height":53,"Demand":1,"DemandMax":null,"Value":3127},{"Length":44,"Height":71,"Demand":1,"DemandMax":null,"Value":3124},{"Length":52,"Height":60,"Demand":1,"DemandMax":null,"Value":3120},{"Length":65,"Height":48,"Demand":1,"DemandMax":null,"Value":3120},{"Length":42,"Height":74,"Demand":1,"DemandMax":null,"Value":3108},{"Length":69,"Height":45,"Demand":1,"DemandMax":null,"Value":3105},{"Length":66,"Height":47,"Demand":1,"DemandMax":null,"Value":3102},{"Length":50,"Height":62,"Demand":1,"DemandMax":null,"Value":3100},{"Length":72,"Height":43,"Demand":1,"DemandMax":null,"Value":3096},{"Length":49,"Height":63,"Demand":1,"DemandMax":null,"Value":3087},{"Length":55,"Height":56,"Demand":1,"DemandMax":null,"Value":3080},{"Length":44,"Height":70,"Demand":1,"DemandMax":null,"Value":3080},{"Length":57,"Height":54,"Demand":1,"DemandMax":null,"Value":3078},{"Length":41,"Height":75,"Demand":1,"DemandMax":null,"Value":3075},{"Length":58,"Height":53,"Demand":1,"DemandMax":null,"Value":3074},{"Length":64,"Height":48,"Demand":1,"DemandMax":null,"Value":3072},{"Length":59,"Height":52,"Demand":1,"DemandMax":null,"Value":3068},{"Length":73,"Height":42,"Demand":1,"DemandMax":null,"Value":3066},{"Length":45,"Height":68,"Demand":1,"DemandMax":null,"Value":3060},{"Length":60,"Height":51,"Demand":1,"DemandMax":null,"Value":3060},{"Length":71,"Height":43,"Demand":1,"DemandMax":null,"Value":3053},{"Length":61,"Height":50,"Demand":1,"DemandMax":null,"Value":3050},{"Length":49,"Height":62,"Demand":1,"DemandMax":null,"Value":3038},{"Length":44,"Height":69,"Demand":1,"DemandMax":null,"Value":3036},{"Length":66,"Height":46,"Demand":1,"DemandMax":null,"Value":3036},{"Length":41,"Height":74,"Demand":1,"DemandMax":null,"Value":3034},{"Length":72,"Height":42,"Demand":1,"DemandMax":null,"Value":3024},{"Length":48,"Height":63,"Demand":1,"DemandMax":null,"Value":3024},{"Length":53,"Height":57,"Demand":1,"DemandMax":null,"Value":3021},{"Length":58,"Height":52,"Demand":1,"DemandMax":null,"Value":3016},{"Length":67,"Height":45,"Demand":1,"DemandMax":null,"Value":3015},{"Length":70,"Height":43,"Demand":1,"DemandMax":null,"Value":3010},{"Length":64,"Height":47,"Demand":1,"DemandMax":null,"Value":3008},{"Length":60,"Height":50,"Demand":1,"DemandMax":null,"Value":3000},{"Length":40,"Height":75,"Demand":1,"DemandMax":null,"Value":3000},{"Length":41,"Height":73,"Demand":1,"DemandMax":null,"Value":2993},{"Length":68,"Height":44,"Demand":1,"DemandMax":null,"Value":2992},{"Length":65,"Height":46,"Demand":1,"DemandMax":null,"Value":2990},{"Length":71,"Height":42,"Demand":1,"DemandMax":null,"Value":2982},{"Length":62,"Height":48,"Demand":1,"DemandMax":null,"Value":2976},{"Length":66,"Height":45,"Demand":1,"DemandMax":null,"Value":2970},{"Length":54,"Height":55,"Demand":1,"DemandMax":null,"Value":2970},{"Length":56,"Height":53,"Demand":1,"DemandMax":null,"Value":2968},{"Length":43,"Height":69,"Demand":1,"DemandMax":null,"Value":2967},{"Length":52,"Height":57,"Demand":1,"DemandMax":null,"Value":2964},{"Length":40,"Height":74,"Demand":1,"DemandMax":null,"Value":2960},{"Length":58,"Height":51,"Demand":1,"DemandMax":null,"Value":2958},{"Length":41,"Height":72,"Demand":1,"DemandMax":null,"Value":2952},{"Length":59,"Height":50,"Demand":1,"DemandMax":null,"Value":2950},{"Length":44,"Height":67,"Demand":1,"DemandMax":null,"Value":2948},{"Length":46,"Height":64,"Demand":1,"DemandMax":null,"Value":2944},{"Length":70,"Height":42,"Demand":1,"DemandMax":null,"Value":2940},{"Length":61,"Height":48,"Demand":1,"DemandMax":null,"Value":2928},{"Length":39,"Height":75,"Demand":1,"DemandMax":null,"Value":2925},{"Length":54,"Height":54,"Demand":1,"DemandMax":null,"Value":2916},{"Length":53,"Height":55,"Demand":1,"DemandMax":null,"Value":2915},{"Length":62,"Height":47,"Demand":1,"DemandMax":null,"Value":2914},{"Length":52,"Height":56,"Demand":1,"DemandMax":null,"Value":2912},{"Length":71,"Height":41,"Demand":1,"DemandMax":null,"Value":2911},{"Length":51,"Height":57,"Demand":1,"DemandMax":null,"Value":2907},{"Length":46,"Height":63,"Demand":1,"DemandMax":null,"Value":2898},{"Length":69,"Height":42,"Demand":1,"DemandMax":null,"Value":2898},{"Length":59,"Height":49,"Demand":1,"DemandMax":null,"Value":2891},{"Length":39,"Height":74,"Demand":1,"DemandMax":null,"Value":2886},{"Length":40,"Height":72,"Demand":1,"DemandMax":null,"Value":2880},{"Length":41,"Height":70,"Demand":1,"DemandMax":null,"Value":2870},{"Length":61,"Height":47,"Demand":1,"DemandMax":null,"Value":2867},{"Length":54,"Height":53,"Demand":1,"DemandMax":null,"Value":2862},{"Length":65,"Height":44,"Demand":1,"DemandMax":null,"Value":2860},{"Length":52,"Height":55,"Demand":1,"DemandMax":null,"Value":2860},{"Length":42,"Height":68,"Demand":1,"DemandMax":null,"Value":2856},{"Length":51,"Height":56,"Demand":1,"DemandMax":null,"Value":2856},{"Length":46,"Height":62,"Demand":1,"DemandMax":null,"Value":2852},{"Length":38,"Height":75,"Demand":1,"DemandMax":null,"Value":2850},{"Length":50,"Height":57,"Demand":1,"DemandMax":null,"Value":2850},{"Length":49,"Height":58,"Demand":1,"DemandMax":null,"Value":2842},{"Length":71,"Height":40,"Demand":1,"DemandMax":null,"Value":2840},{"Length":63,"Height":45,"Demand":1,"DemandMax":null,"Value":2835},{"Length":59,"Height":48,"Demand":1,"DemandMax":null,"Value":2832},{"Length":41,"Height":69,"Demand":1,"DemandMax":null,"Value":2829},{"Length":42,"Height":67,"Demand":1,"DemandMax":null,"Value":2814},{"Length":74,"Height":38,"Demand":1,"DemandMax":null,"Value":2812},{"Length":72,"Height":39,"Demand":1,"DemandMax":null,"Value":2808},{"Length":52,"Height":54,"Demand":1,"DemandMax":null,"Value":2808},{"Length":51,"Height":55,"Demand":1,"DemandMax":null,"Value":2805},{"Length":40,"Height":70,"Demand":1,"DemandMax":null,"Value":2800},{"Length":56,"Height":50,"Demand":1,"DemandMax":null,"Value":2800},{"Length":49,"Height":57,"Demand":1,"DemandMax":null,"Value":2793},{"Length":62,"Height":45,"Demand":1,"DemandMax":null,"Value":2790},{"Length":58,"Height":48,"Demand":1,"DemandMax":null,"Value":2784},{"Length":37,"Height":75,"Demand":1,"DemandMax":null,"Value":2775},{"Length":42,"Height":66,"Demand":1,"DemandMax":null,"Value":2772},{"Length":71,"Height":39,"Demand":1,"DemandMax":null,"Value":2769},{"Length":46,"Height":60,"Demand":1,"DemandMax":null,"Value":2760},{"Length":69,"Height":40,"Demand":1,"DemandMax":null,"Value":2760},{"Length":52,"Height":53,"Demand":1,"DemandMax":null,"Value":2756},{"Length":54,"Height":51,"Demand":1,"DemandMax":null,"Value":2754},{"Length":41,"Height":67,"Demand":1,"DemandMax":null,"Value":2747},{"Length":45,"Height":61,"Demand":1,"DemandMax":null,"Value":2745},{"Length":49,"Height":56,"Demand":1,"DemandMax":null,"Value":2744},{"Length":38,"Height":72,"Demand":1,"DemandMax":null,"Value":2736},{"Length":57,"Height":48,"Demand":1,"DemandMax":null,"Value":2736},{"Length":39,"Height":70,"Demand":1,"DemandMax":null,"Value":2730},{"Length":42,"Height":65,"Demand":1,"DemandMax":null,"Value":2730},{"Length":44,"Height":62,"Demand":1,"DemandMax":null,"Value":2728},{"Length":58,"Height":47,"Demand":1,"DemandMax":null,"Value":2726},{"Length":68,"Height":40,"Demand":1,"DemandMax":null,"Value":2720},{"Length":46,"Height":59,"Demand":1,"DemandMax":null,"Value":2714},{"Length":43,"Height":63,"Demand":1,"DemandMax":null,"Value":2709},{"Length":66,"Height":41,"Demand":1,"DemandMax":null,"Value":2706},{"Length":52,"Height":52,"Demand":1,"DemandMax":null,"Value":2704},{"Length":51,"Height":53,"Demand":1,"DemandMax":null,"Value":2703},{"Length":37,"Height":73,"Demand":1,"DemandMax":null,"Value":2701},{"Length":75,"Height":36,"Demand":1,"DemandMax":null,"Value":2700},{"Length":60,"Height":45,"Demand":1,"DemandMax":null,"Value":2700},{"Length":50,"Height":54,"Demand":1,"DemandMax":null,"Value":2700},{"Length":71,"Height":38,"Demand":1,"DemandMax":null,"Value":2698},{"Length":55,"Height":49,"Demand":1,"DemandMax":null,"Value":2695},{"Length":39,"Height":69,"Demand":1,"DemandMax":null,"Value":2691},{"Length":64,"Height":42,"Demand":1,"DemandMax":null,"Value":2688},{"Length":40,"Height":67,"Demand":1,"DemandMax":null,"Value":2680},{"Length":47,"Height":57,"Demand":1,"DemandMax":null,"Value":2679},{"Length":46,"Height":58,"Demand":1,"DemandMax":null,"Value":2668},{"Length":62,"Height":43,"Demand":1,"DemandMax":null,"Value":2666},{"Length":72,"Height":37,"Demand":1,"DemandMax":null,"Value":2664},{"Length":36,"Height":74,"Demand":1,"DemandMax":null,"Value":2664},{"Length":38,"Height":70,"Demand":1,"DemandMax":null,"Value":2660},{"Length":39,"Height":68,"Demand":1,"DemandMax":null,"Value":2652},{"Length":51,"Height":52,"Demand":1,"DemandMax":null,"Value":2652},{"Length":50,"Height":53,"Demand":1,"DemandMax":null,"Value":2650},{"Length":49,"Height":54,"Demand":1,"DemandMax":null,"Value":2646},{"Length":42,"Height":63,"Demand":1,"DemandMax":null,"Value":2646},{"Length":48,"Height":55,"Demand":1,"DemandMax":null,"Value":2640},{"Length":66,"Height":40,"Demand":1,"DemandMax":null,"Value":2640},{"Length":44,"Height":60,"Demand":1,"DemandMax":null,"Value":2640},{"Length":36,"Height":73,"Demand":1,"DemandMax":null,"Value":2628},{"Length":71,"Height":37,"Demand":1,"DemandMax":null,"Value":2627},{"Length":75,"Height":35,"Demand":1,"DemandMax":null,"Value":2625},{"Length":39,"Height":67,"Demand":1,"DemandMax":null,"Value":2613},{"Length":58,"Height":45,"Demand":1,"DemandMax":null,"Value":2610},{"Length":62,"Height":42,"Demand":1,"DemandMax":null,"Value":2604},{"Length":52,"Height":50,"Demand":1,"DemandMax":null,"Value":2600},{"Length":65,"Height":40,"Demand":1,"DemandMax":null,"Value":2600},{"Length":54,"Height":48,"Demand":1,"DemandMax":null,"Value":2592},{"Length":72,"Height":36,"Demand":1,"DemandMax":null,"Value":2592},{"Length":35,"Height":74,"Demand":1,"DemandMax":null,"Value":2590},{"Length":70,"Height":37,"Demand":1,"DemandMax":null,"Value":2590},{"Length":38,"Height":68,"Demand":1,"DemandMax":null,"Value":2584},{"Length":63,"Height":41,"Demand":1,"DemandMax":null,"Value":2583},{"Length":56,"Height":46,"Demand":1,"DemandMax":null,"Value":2576},{"Length":66,"Height":39,"Demand":1,"DemandMax":null,"Value":2574},{"Length":61,"Height":42,"Demand":1,"DemandMax":null,"Value":2562},{"Length":40,"Height":64,"Demand":1,"DemandMax":null,"Value":2560},{"Length":71,"Height":36,"Demand":1,"DemandMax":null,"Value":2556},{"Length":37,"Height":69,"Demand":1,"DemandMax":null,"Value":2553},{"Length":44,"Height":58,"Demand":1,"DemandMax":null,"Value":2552},{"Length":75,"Height":34,"Demand":1,"DemandMax":null,"Value":2550},{"Length":49,"Height":52,"Demand":1,"DemandMax":null,"Value":2548},{"Length":67,"Height":38,"Demand":1,"DemandMax":null,"Value":2546},{"Length":53,"Height":48,"Demand":1,"DemandMax":null,"Value":2544},{"Length":41,"Height":62,"Demand":1,"DemandMax":null,"Value":2542},{"Length":47,"Height":54,"Demand":1,"DemandMax":null,"Value":2538},{"Length":59,"Height":43,"Demand":1,"DemandMax":null,"Value":2537},{"Length":65,"Height":39,"Demand":1,"DemandMax":null,"Value":2535},{"Length":46,"Height":55,"Demand":1,"DemandMax":null,"Value":2530},{"Length":40,"Height":63,"Demand":1,"DemandMax":null,"Value":2520},{"Length":36,"Height":70,"Demand":1,"DemandMax":null,"Value":2520},{"Length":72,"Height":35,"Demand":1,"DemandMax":null,"Value":2520},{"Length":60,"Height":42,"Demand":1,"DemandMax":null,"Value":2520},{"Length":34,"Height":74,"Demand":1,"DemandMax":null,"Value":2516},{"Length":44,"Height":57,"Demand":1,"DemandMax":null,"Value":2508},{"Length":41,"Height":61,"Demand":1,"DemandMax":null,"Value":2501},{"Length":51,"Height":49,"Demand":1,"DemandMax":null,"Value":2499},{"Length":39,"Height":64,"Demand":1,"DemandMax":null,"Value":2496},{"Length":48,"Height":52,"Demand":1,"DemandMax":null,"Value":2496},{"Length":43,"Height":58,"Demand":1,"DemandMax":null,"Value":2494},{"Length":35,"Height":71,"Demand":1,"DemandMax":null,"Value":2485},{"Length":54,"Height":46,"Demand":1,"DemandMax":null,"Value":2484},{"Length":69,"Height":36,"Demand":1,"DemandMax":null,"Value":2484},{"Length":62,"Height":40,"Demand":1,"DemandMax":null,"Value":2480},{"Length":37,"Height":67,"Demand":1,"DemandMax":null,"Value":2479},{"Length":42,"Height":59,"Demand":1,"DemandMax":null,"Value":2478},{"Length":75,"Height":33,"Demand":1,"DemandMax":null,"Value":2475},{"Length":55,"Height":45,"Demand":1,"DemandMax":null,"Value":2475},{"Length":38,"Height":65,"Demand":1,"DemandMax":null,"Value":2470},{"Length":56,"Height":44,"Demand":1,"DemandMax":null,"Value":2464},{"Length":60,"Height":41,"Demand":1,"DemandMax":null,"Value":2460},{"Length":57,"Height":43,"Demand":1,"DemandMax":null,"Value":2451},{"Length":35,"Height":70,"Demand":1,"DemandMax":null,"Value":2450},{"Length":36,"Height":68,"Demand":1,"DemandMax":null,"Value":2448},{"Length":48,"Height":51,"Demand":1,"DemandMax":null,"Value":2448},{"Length":52,"Height":47,"Demand":1,"DemandMax":null,"Value":2444},{"Length":33,"Height":74,"Demand":1,"DemandMax":null,"Value":2442},{"Length":61,"Height":40,"Demand":1,"DemandMax":null,"Value":2440},{"Length":58,"Height":42,"Demand":1,"DemandMax":null,"Value":2436},{"Length":45,"Height":54,"Demand":1,"DemandMax":null,"Value":2430},{"Length":55,"Height":44,"Demand":1,"DemandMax":null,"Value":2420},{"Length":41,"Height":59,"Demand":1,"DemandMax":null,"Value":2419},{"Length":39,"Height":62,"Demand":1,"DemandMax":null,"Value":2418},{"Length":35,"Height":69,"Demand":1,"DemandMax":null,"Value":2415},{"Length":71,"Height":34,"Demand":1,"DemandMax":null,"Value":2414},{"Length":67,"Height":36,"Demand":1,"DemandMax":null,"Value":2412},{"Length":33,"Height":73,"Demand":1,"DemandMax":null,"Value":2409},{"Length":43,"Height":56,"Demand":1,"DemandMax":null,"Value":2408},{"Length":65,"Height":37,"Demand":1,"DemandMax":null,"Value":2405},{"Length":49,"Height":49,"Demand":1,"DemandMax":null,"Value":2401},{"Length":60,"Height":40,"Demand":1,"DemandMax":null,"Value":2400},{"Length":48,"Height":50,"Demand":1,"DemandMax":null,"Value":2400},{"Length":51,"Height":47,"Demand":1,"DemandMax":null,"Value":2397},{"Length":38,"Height":63,"Demand":1,"DemandMax":null,"Value":2394},{"Length":57,"Height":42,"Demand":1,"DemandMax":null,"Value":2394},{"Length":52,"Height":46,"Demand":1,"DemandMax":null,"Value":2392},{"Length":68,"Height":35,"Demand":1,"DemandMax":null,"Value":2380},{"Length":39,"Height":61,"Demand":1,"DemandMax":null,"Value":2379},{"Length":41,"Height":58,"Demand":1,"DemandMax":null,"Value":2378},{"Length":33,"Height":72,"Demand":1,"DemandMax":null,"Value":2376},{"Length":36,"Height":66,"Demand":1,"DemandMax":null,"Value":2376},{"Length":54,"Height":44,"Demand":1,"DemandMax":null,"Value":2376},{"Length":48,"Height":49,"Demand":1,"DemandMax":null,"Value":2352},{"Length":56,"Height":42,"Demand":1,"DemandMax":null,"Value":2352},{"Length":47,"Height":50,"Demand":1,"DemandMax":null,"Value":2350},{"Length":46,"Height":51,"Demand":1,"DemandMax":null,"Value":2346},{"Length":67,"Height":35,"Demand":1,"DemandMax":null,"Value":2345},{"Length":60,"Height":39,"Demand":1,"DemandMax":null,"Value":2340},{"Length":45,"Height":52,"Demand":1,"DemandMax":null,"Value":2340},{"Length":57,"Height":41,"Demand":1,"DemandMax":null,"Value":2337},{"Length":32,"Height":73,"Demand":1,"DemandMax":null,"Value":2336},{"Length":53,"Height":44,"Demand":1,"DemandMax":null,"Value":2332},{"Length":75,"Height":31,"Demand":1,"DemandMax":null,"Value":2325},{"Length":43,"Height":54,"Demand":1,"DemandMax":null,"Value":2322},{"Length":58,"Height":40,"Demand":1,"DemandMax":null,"Value":2320},{"Length":38,"Height":61,"Demand":1,"DemandMax":null,"Value":2318},{"Length":34,"Height":68,"Demand":1,"DemandMax":null,"Value":2312},{"Length":42,"Height":55,"Demand":1,"DemandMax":null,"Value":2310},{"Length":35,"Height":66,"Demand":1,"DemandMax":null,"Value":2310},{"Length":36,"Height":64,"Demand":1,"DemandMax":null,"Value":2304},{"Length":32,"Height":72,"Demand":1,"DemandMax":null,"Value":2304},{"Length":47,"Height":49,"Demand":1,"DemandMax":null,"Value":2303},{"Length":39,"Height":59,"Demand":1,"DemandMax":null,"Value":2301},{"Length":41,"Height":56,"Demand":1,"DemandMax":null,"Value":2296},{"Length":45,"Height":51,"Demand":1,"DemandMax":null,"Value":2295},{"Length":62,"Height":37,"Demand":1,"DemandMax":null,"Value":2294},{"Length":31,"Height":74,"Demand":1,"DemandMax":null,"Value":2294},{"Length":44,"Height":52,"Demand":1,"DemandMax":null,"Value":2288},{"Length":57,"Height":40,"Demand":1,"DemandMax":null,"Value":2280},{"Length":53,"Height":43,"Demand":1,"DemandMax":null,"Value":2279},{"Length":34,"Height":67,"Demand":1,"DemandMax":null,"Value":2278},{"Length":69,"Height":33,"Demand":1,"DemandMax":null,"Value":2277},{"Length":65,"Height":35,"Demand":1,"DemandMax":null,"Value":2275},{"Length":71,"Height":32,"Demand":1,"DemandMax":null,"Value":2272},{"Length":42,"Height":54,"Demand":1,"DemandMax":null,"Value":2268},{"Length":63,"Height":36,"Demand":1,"DemandMax":null,"Value":2268},{"Length":73,"Height":31,"Demand":1,"DemandMax":null,"Value":2263},{"Length":39,"Height":58,"Demand":1,"DemandMax":null,"Value":2262},{"Length":37,"Height":61,"Demand":1,"DemandMax":null,"Value":2257},{"Length":47,"Height":48,"Demand":1,"DemandMax":null,"Value":2256},{"Length":46,"Height":49,"Demand":1,"DemandMax":null,"Value":2254},{"Length":30,"Height":75,"Demand":1,"DemandMax":null,"Value":2250},{"Length":50,"Height":45,"Demand":1,"DemandMax":null,"Value":2250},{"Length":51,"Height":44,"Demand":1,"DemandMax":null,"Value":2244},{"Length":34,"Height":66,"Demand":1,"DemandMax":null,"Value":2244},{"Length":59,"Height":38,"Demand":1,"DemandMax":null,"Value":2242},{"Length":64,"Height":35,"Demand":1,"DemandMax":null,"Value":2240},{"Length":70,"Height":32,"Demand":1,"DemandMax":null,"Value":2240},{"Length":43,"Height":52,"Demand":1,"DemandMax":null,"Value":2236},{"Length":36,"Height":62,"Demand":1,"DemandMax":null,"Value":2232},{"Length":42,"Height":53,"Demand":1,"DemandMax":null,"Value":2226},{"Length":39,"Height":57,"Demand":1,"DemandMax":null,"Value":2223},{"Length":37,"Height":60,"Demand":1,"DemandMax":null,"Value":2220},{"Length":30,"Height":74,"Demand":1,"DemandMax":null,"Value":2220},{"Length":54,"Height":41,"Demand":1,"DemandMax":null,"Value":2214},{"Length":67,"Height":33,"Demand":1,"DemandMax":null,"Value":2211},{"Length":34,"Height":65,"Demand":1,"DemandMax":null,"Value":2210},{"Length":47,"Height":47,"Demand":1,"DemandMax":null,"Value":2209},{"Length":32,"Height":69,"Demand":1,"DemandMax":null,"Value":2208},{"Length":48,"Height":46,"Demand":1,"DemandMax":null,"Value":2208},{"Length":35,"Height":63,"Demand":1,"DemandMax":null,"Value":2205},{"Length":45,"Height":49,"Demand":1,"DemandMax":null,"Value":2205},{"Length":58,"Height":38,"Demand":1,"DemandMax":null,"Value":2204},{"Length":71,"Height":31,"Demand":1,"DemandMax":null,"Value":2201},{"Length":44,"Height":50,"Demand":1,"DemandMax":null,"Value":2200},{"Length":55,"Height":40,"Demand":1,"DemandMax":null,"Value":2200},{"Length":43,"Height":51,"Demand":1,"DemandMax":null,"Value":2193},{"Length":30,"Height":73,"Demand":1,"DemandMax":null,"Value":2190},{"Length":42,"Height":52,"Demand":1,"DemandMax":null,"Value":2184},{"Length":37,"Height":59,"Demand":1,"DemandMax":null,"Value":2183},{"Length":33,"Height":66,"Demand":1,"DemandMax":null,"Value":2178},{"Length":68,"Height":32,"Demand":1,"DemandMax":null,"Value":2176},{"Length":75,"Height":29,"Demand":1,"DemandMax":null,"Value":2175},{"Length":41,"Height":53,"Demand":1,"DemandMax":null,"Value":2173},{"Length":62,"Height":35,"Demand":1,"DemandMax":null,"Value":2170},{"Length":70,"Height":31,"Demand":1,"DemandMax":null,"Value":2170},{"Length":47,"Height":46,"Demand":1,"DemandMax":null,"Value":2162},{"Length":60,"Height":36,"Demand":1,"DemandMax":null,"Value":2160},{"Length":30,"Height":72,"Demand":1,"DemandMax":null,"Value":2160},{"Length":45,"Height":48,"Demand":1,"DemandMax":null,"Value":2160},{"Length":40,"Height":54,"Demand":1,"DemandMax":null,"Value":2160},{"Length":44,"Height":49,"Demand":1,"DemandMax":null,"Value":2156},{"Length":50,"Height":43,"Demand":1,"DemandMax":null,"Value":2150},{"Length":58,"Height":37,"Demand":1,"DemandMax":null,"Value":2146},{"Length":74,"Height":29,"Demand":1,"DemandMax":null,"Value":2146},{"Length":39,"Height":55,"Demand":1,"DemandMax":null,"Value":2145},{"Length":65,"Height":33,"Demand":1,"DemandMax":null,"Value":2145},{"Length":67,"Height":32,"Demand":1,"DemandMax":null,"Value":2144},{"Length":42,"Height":51,"Demand":1,"DemandMax":null,"Value":2142},{"Length":63,"Height":34,"Demand":1,"DemandMax":null,"Value":2142},{"Length":31,"Height":69,"Demand":1,"DemandMax":null,"Value":2139},{"Length":35,"Height":61,"Demand":1,"DemandMax":null,"Value":2135},{"Length":41,"Height":52,"Demand":1,"DemandMax":null,"Value":2132},{"Length":71,"Height":30,"Demand":1,"DemandMax":null,"Value":2130},{"Length":59,"Height":36,"Demand":1,"DemandMax":null,"Value":2124},{"Length":73,"Height":29,"Demand":1,"DemandMax":null,"Value":2117},{"Length":47,"Height":45,"Demand":1,"DemandMax":null,"Value":2115},{"Length":33,"Height":64,"Demand":1,"DemandMax":null,"Value":2112},{"Length":48,"Height":44,"Demand":1,"DemandMax":null,"Value":2112},{"Length":66,"Height":32,"Demand":1,"DemandMax":null,"Value":2112},{"Length":37,"Height":57,"Demand":1,"DemandMax":null,"Value":2109},{"Length":31,"Height":68,"Demand":1,"DemandMax":null,"Value":2108},{"Length":34,"Height":62,"Demand":1,"DemandMax":null,"Value":2108},{"Length":54,"Height":39,"Demand":1,"DemandMax":null,"Value":2106},{"Length":42,"Height":50,"Demand":1,"DemandMax":null,"Value":2100},{"Length":60,"Height":35,"Demand":1,"DemandMax":null,"Value":2100},{"Length":30,"Height":70,"Demand":1,"DemandMax":null,"Value":2100},{"Length":51,"Height":41,"Demand":1,"DemandMax":null,"Value":2091},{"Length":36,"Height":58,"Demand":1,"DemandMax":null,"Value":2088},{"Length":52,"Height":40,"Demand":1,"DemandMax":null,"Value":2080},{"Length":65,"Height":32,"Demand":1,"DemandMax":null,"Value":2080},{"Length":33,"Height":63,"Demand":1,"DemandMax":null,"Value":2079},{"Length":61,"Height":34,"Demand":1,"DemandMax":null,"Value":2074},{"Length":28,"Height":74,"Demand":1,"DemandMax":null,"Value":2072},{"Length":69,"Height":30,"Demand":1,"DemandMax":null,"Value":2070},{"Length":47,"Height":44,"Demand":1,"DemandMax":null,"Value":2068},{"Length":35,"Height":59,"Demand":1,"DemandMax":null,"Value":2065},{"Length":29,"Height":71,"Demand":1,"DemandMax":null,"Value":2059},{"Length":49,"Height":42,"Demand":1,"DemandMax":null,"Value":2058},{"Length":50,"Height":41,"Demand":1,"DemandMax":null,"Value":2050},{"Length":31,"Height":66,"Demand":1,"DemandMax":null,"Value":2046},{"Length":51,"Height":40,"Demand":1,"DemandMax":null,"Value":2040},{"Length":34,"Height":60,"Demand":1,"DemandMax":null,"Value":2040},{"Length":35,"Height":58,"Demand":1,"DemandMax":null,"Value":2030},{"Length":29,"Height":70,"Demand":1,"DemandMax":null,"Value":2030},{"Length":39,"Height":52,"Demand":1,"DemandMax":null,"Value":2028},{"Length":75,"Height":27,"Demand":1,"DemandMax":null,"Value":2025},{"Length":44,"Height":46,"Demand":1,"DemandMax":null,"Value":2024},{"Length":47,"Height":43,"Demand":1,"DemandMax":null,"Value":2021},{"Length":72,"Height":28,"Demand":1,"DemandMax":null,"Value":2016},{"Length":31,"Height":65,"Demand":1,"DemandMax":null,"Value":2015},{"Length":53,"Height":38,"Demand":1,"DemandMax":null,"Value":2014},{"Length":33,"Height":61,"Demand":1,"DemandMax":null,"Value":2013},{"Length":30,"Height":67,"Demand":1,"DemandMax":null,"Value":2010},{"Length":29,"Height":69,"Demand":1,"DemandMax":null,"Value":2001},{"Length":54,"Height":37,"Demand":1,"DemandMax":null,"Value":1998},{"Length":35,"Height":57,"Demand":1,"DemandMax":null,"Value":1995},{"Length":39,"Height":51,"Demand":1,"DemandMax":null,"Value":1989},{"Length":28,"Height":71,"Demand":1,"DemandMax":null,"Value":1988},{"Length":32,"Height":62,"Demand":1,"DemandMax":null,"Value":1984},{"Length":66,"Height":30,"Demand":1,"DemandMax":null,"Value":1980},{"Length":46,"Height":43,"Demand":1,"DemandMax":null,"Value":1978},{"Length":52,"Height":38,"Demand":1,"DemandMax":null,"Value":1976},{"Length":42,"Height":47,"Demand":1,"DemandMax":null,"Value":1974},{"Length":73,"Height":27,"Demand":1,"DemandMax":null,"Value":1971},{"Length":48,"Height":41,"Demand":1,"DemandMax":null,"Value":1968},{"Length":37,"Height":53,"Demand":1,"DemandMax":null,"Value":1961},{"Length":49,"Height":40,"Demand":1,"DemandMax":null,"Value":1960},{"Length":28,"Height":70,"Demand":1,"DemandMax":null,"Value":1960},{"Length":63,"Height":31,"Demand":1,"DemandMax":null,"Value":1953},{"Length":61,"Height":32,"Demand":1,"DemandMax":null,"Value":1952},{"Length":65,"Height":30,"Demand":1,"DemandMax":null,"Value":1950},{"Length":39,"Height":50,"Demand":1,"DemandMax":null,"Value":1950},{"Length":67,"Height":29,"Demand":1,"DemandMax":null,"Value":1943},{"Length":34,"Height":57,"Demand":1,"DemandMax":null,"Value":1938},{"Length":44,"Height":44,"Demand":1,"DemandMax":null,"Value":1936},{"Length":45,"Height":43,"Demand":1,"DemandMax":null,"Value":1935},{"Length":28,"Height":69,"Demand":1,"DemandMax":null,"Value":1932},{"Length":42,"Height":46,"Demand":1,"DemandMax":null,"Value":1932},{"Length":35,"Height":55,"Demand":1,"DemandMax":null,"Value":1925},{"Length":52,"Height":37,"Demand":1,"DemandMax":null,"Value":1924},{"Length":31,"Height":62,"Demand":1,"DemandMax":null,"Value":1922},{"Length":30,"Height":64,"Demand":1,"DemandMax":null,"Value":1920},{"Length":48,"Height":40,"Demand":1,"DemandMax":null,"Value":1920},{"Length":60,"Height":32,"Demand":1,"DemandMax":null,"Value":1920},{"Length":27,"Height":71,"Demand":1,"DemandMax":null,"Value":1917},{"Length":29,"Height":66,"Demand":1,"DemandMax":null,"Value":1914},{"Length":39,"Height":49,"Demand":1,"DemandMax":null,"Value":1911},{"Length":53,"Height":36,"Demand":1,"DemandMax":null,"Value":1908},{"Length":68,"Height":28,"Demand":1,"DemandMax":null,"Value":1904},{"Length":50,"Height":38,"Demand":1,"DemandMax":null,"Value":1900},{"Length":26,"Height":73,"Demand":1,"DemandMax":null,"Value":1898},{"Length":43,"Height":44,"Demand":1,"DemandMax":null,"Value":1892},{"Length":70,"Height":27,"Demand":1,"DemandMax":null,"Value":1890},{"Length":42,"Height":45,"Demand":1,"DemandMax":null,"Value":1890},{"Length":59,"Height":32,"Demand":1,"DemandMax":null,"Value":1888},{"Length":46,"Height":41,"Demand":1,"DemandMax":null,"Value":1886},{"Length":65,"Height":29,"Demand":1,"DemandMax":null,"Value":1885},{"Length":33,"Height":57,"Demand":1,"DemandMax":null,"Value":1881},{"Length":47,"Height":40,"Demand":1,"DemandMax":null,"Value":1880},{"Length":28,"Height":67,"Demand":1,"DemandMax":null,"Value":1876},{"Length":75,"Height":25,"Demand":1,"DemandMax":null,"Value":1875},{"Length":48,"Height":39,"Demand":1,"DemandMax":null,"Value":1872},{"Length":26,"Height":72,"Demand":1,"DemandMax":null,"Value":1872},{"Length":55,"Height":34,"Demand":1,"DemandMax":null,"Value":1870},{"Length":69,"Height":27,"Demand":1,"DemandMax":null,"Value":1863},{"Length":49,"Height":38,"Demand":1,"DemandMax":null,"Value":1862},{"Length":62,"Height":30,"Demand":1,"DemandMax":null,"Value":1860},{"Length":32,"Height":58,"Demand":1,"DemandMax":null,"Value":1856},{"Length":50,"Height":37,"Demand":1,"DemandMax":null,"Value":1850},{"Length":43,"Height":43,"Demand":1,"DemandMax":null,"Value":1849},{"Length":42,"Height":44,"Demand":1,"DemandMax":null,"Value":1848},{"Length":71,"Height":26,"Demand":1,"DemandMax":null,"Value":1846},{"Length":40,"Height":46,"Demand":1,"DemandMax":null,"Value":1840},{"Length":51,"Height":36,"Demand":1,"DemandMax":null,"Value":1836},{"Length":27,"Height":68,"Demand":1,"DemandMax":null,"Value":1836},{"Length":47,"Height":39,"Demand":1,"DemandMax":null,"Value":1833},{"Length":31,"Height":59,"Demand":1,"DemandMax":null,"Value":1829},{"Length":29,"Height":63,"Demand":1,"DemandMax":null,"Value":1827},{"Length":25,"Height":73,"Demand":1,"DemandMax":null,"Value":1825},{"Length":48,"Height":38,"Demand":1,"DemandMax":null,"Value":1824},{"Length":57,"Height":32,"Demand":1,"DemandMax":null,"Value":1824},{"Length":35,"Height":52,"Demand":1,"DemandMax":null,"Value":1820},{"Length":26,"Height":70,"Demand":1,"DemandMax":null,"Value":1820},{"Length":28,"Height":65,"Demand":1,"DemandMax":null,"Value":1820},{"Length":55,"Height":33,"Demand":1,"DemandMax":null,"Value":1815},{"Length":37,"Height":49,"Demand":1,"DemandMax":null,"Value":1813},{"Length":41,"Height":44,"Demand":1,"DemandMax":null,"Value":1804},{"Length":53,"Height":34,"Demand":1,"DemandMax":null,"Value":1802},{"Length":60,"Height":30,"Demand":1,"DemandMax":null,"Value":1800},{"Length":36,"Height":50,"Demand":1,"DemandMax":null,"Value":1800},{"Length":29,"Height":62,"Demand":1,"DemandMax":null,"Value":1798},{"Length":39,"Height":46,"Demand":1,"DemandMax":null,"Value":1794},{"Length":69,"Height":26,"Demand":1,"DemandMax":null,"Value":1794},{"Length":28,"Height":64,"Demand":1,"DemandMax":null,"Value":1792},{"Length":32,"Height":56,"Demand":1,"DemandMax":null,"Value":1792},{"Length":47,"Height":38,"Demand":1,"DemandMax":null,"Value":1786},{"Length":33,"Height":54,"Demand":1,"DemandMax":null,"Value":1782},{"Length":48,"Height":37,"Demand":1,"DemandMax":null,"Value":1776},{"Length":25,"Height":71,"Demand":1,"DemandMax":null,"Value":1775},{"Length":30,"Height":59,"Demand":1,"DemandMax":null,"Value":1770},{"Length":68,"Height":26,"Demand":1,"DemandMax":null,"Value":1768},{"Length":52,"Height":34,"Demand":1,"DemandMax":null,"Value":1768},{"Length":57,"Height":31,"Demand":1,"DemandMax":null,"Value":1767},{"Length":49,"Height":36,"Demand":1,"DemandMax":null,"Value":1764},{"Length":63,"Height":28,"Demand":1,"DemandMax":null,"Value":1764},{"Length":43,"Height":41,"Demand":1,"DemandMax":null,"Value":1763},{"Length":44,"Height":40,"Demand":1,"DemandMax":null,"Value":1760},{"Length":32,"Height":55,"Demand":1,"DemandMax":null,"Value":1760},{"Length":45,"Height":39,"Demand":1,"DemandMax":null,"Value":1755},{"Length":65,"Height":27,"Demand":1,"DemandMax":null,"Value":1755},{"Length":35,"Height":50,"Demand":1,"DemandMax":null,"Value":1750},{"Length":25,"Height":70,"Demand":1,"DemandMax":null,"Value":1750},{"Length":53,"Height":33,"Demand":1,"DemandMax":null,"Value":1749},{"Length":38,"Height":46,"Demand":1,"DemandMax":null,"Value":1748},{"Length":29,"Height":60,"Demand":1,"DemandMax":null,"Value":1740},{"Length":31,"Height":56,"Demand":1,"DemandMax":null,"Value":1736},{"Length":51,"Height":34,"Demand":1,"DemandMax":null,"Value":1734},{"Length":48,"Height":36,"Demand":1,"DemandMax":null,"Value":1728},{"Length":32,"Height":54,"Demand":1,"DemandMax":null,"Value":1728},{"Length":27,"Height":64,"Demand":1,"DemandMax":null,"Value":1728},{"Length":42,"Height":41,"Demand":1,"DemandMax":null,"Value":1722},{"Length":43,"Height":40,"Demand":1,"DemandMax":null,"Value":1720},{"Length":66,"Height":26,"Demand":1,"DemandMax":null,"Value":1716},{"Length":39,"Height":44,"Demand":1,"DemandMax":null,"Value":1716},{"Length":33,"Height":52,"Demand":1,"DemandMax":null,"Value":1716},{"Length":30,"Height":57,"Demand":1,"DemandMax":null,"Value":1710},{"Length":61,"Height":28,"Demand":1,"DemandMax":null,"Value":1708},{"Length":31,"Height":55,"Demand":1,"DemandMax":null,"Value":1705},{"Length":37,"Height":46,"Demand":1,"DemandMax":null,"Value":1702},{"Length":27,"Height":63,"Demand":1,"DemandMax":null,"Value":1701},{"Length":68,"Height":25,"Demand":1,"DemandMax":null,"Value":1700},{"Length":50,"Height":34,"Demand":1,"DemandMax":null,"Value":1700},{"Length":32,"Height":53,"Demand":1,"DemandMax":null,"Value":1696},{"Length":36,"Height":47,"Demand":1,"DemandMax":null,"Value":1692},{"Length":26,"Height":65,"Demand":1,"DemandMax":null,"Value":1690},{"Length":33,"Height":51,"Demand":1,"DemandMax":null,"Value":1683},{"Length":42,"Height":40,"Demand":1,"DemandMax":null,"Value":1680},{"Length":35,"Height":48,"Demand":1,"DemandMax":null,"Value":1680},{"Length":28,"Height":60,"Demand":1,"DemandMax":null,"Value":1680},{"Length":56,"Height":30,"Demand":1,"DemandMax":null,"Value":1680},{"Length":43,"Height":39,"Demand":1,"DemandMax":null,"Value":1677},{"Length":62,"Height":27,"Demand":1,"DemandMax":null,"Value":1674},{"Length":31,"Height":54,"Demand":1,"DemandMax":null,"Value":1674},{"Length":38,"Height":44,"Demand":1,"DemandMax":null,"Value":1672},{"Length":49,"Height":34,"Demand":1,"DemandMax":null,"Value":1666},{"Length":45,"Height":37,"Demand":1,"DemandMax":null,"Value":1665},{"Length":64,"Height":26,"Demand":1,"DemandMax":null,"Value":1664},{"Length":29,"Height":57,"Demand":1,"DemandMax":null,"Value":1653},{"Length":59,"Height":28,"Demand":1,"DemandMax":null,"Value":1652},{"Length":66,"Height":25,"Demand":1,"DemandMax":null,"Value":1650},{"Length":50,"Height":33,"Demand":1,"DemandMax":null,"Value":1650},{"Length":55,"Height":30,"Demand":1,"DemandMax":null,"Value":1650},{"Length":61,"Height":27,"Demand":1,"DemandMax":null,"Value":1647},{"Length":53,"Height":31,"Demand":1,"DemandMax":null,"Value":1643},{"Length":41,"Height":40,"Demand":1,"DemandMax":null,"Value":1640},{"Length":26,"Height":63,"Demand":1,"DemandMax":null,"Value":1638},{"Length":39,"Height":42,"Demand":1,"DemandMax":null,"Value":1638},{"Length":43,"Height":38,"Demand":1,"DemandMax":null,"Value":1634},{"Length":51,"Height":32,"Demand":1,"DemandMax":null,"Value":1632},{"Length":37,"Height":44,"Demand":1,"DemandMax":null,"Value":1628},{"Length":65,"Height":25,"Demand":1,"DemandMax":null,"Value":1625},{"Length":58,"Height":28,"Demand":1,"DemandMax":null,"Value":1624},{"Length":60,"Height":27,"Demand":1,"DemandMax":null,"Value":1620},{"Length":45,"Height":36,"Demand":1,"DemandMax":null,"Value":1620},{"Length":49,"Height":33,"Demand":1,"DemandMax":null,"Value":1617},{"Length":62,"Height":26,"Demand":1,"DemandMax":null,"Value":1612},{"Length":31,"Height":52,"Demand":1,"DemandMax":null,"Value":1612},{"Length":46,"Height":35,"Demand":1,"DemandMax":null,"Value":1610},{"Length":25,"Height":64,"Demand":1,"DemandMax":null,"Value":1600},{"Length":40,"Height":40,"Demand":1,"DemandMax":null,"Value":1600},{"Length":32,"Height":50,"Demand":1,"DemandMax":null,"Value":1600},{"Length":47,"Height":34,"Demand":1,"DemandMax":null,"Value":1598},{"Length":42,"Height":38,"Demand":1,"DemandMax":null,"Value":1596},{"Length":27,"Height":59,"Demand":1,"DemandMax":null,"Value":1593},{"Length":43,"Height":37,"Demand":1,"DemandMax":null,"Value":1591},{"Length":61,"Height":26,"Demand":1,"DemandMax":null,"Value":1586},{"Length":48,"Height":33,"Demand":1,"DemandMax":null,"Value":1584},{"Length":51,"Height":31,"Demand":1,"DemandMax":null,"Value":1581},{"Length":25,"Height":63,"Demand":1,"DemandMax":null,"Value":1575},{"Length":35,"Height":45,"Demand":1,"DemandMax":null,"Value":1575},{"Length":49,"Height":32,"Demand":1,"DemandMax":null,"Value":1568},{"Length":28,"Height":56,"Demand":1,"DemandMax":null,"Value":1568},{"Length":27,"Height":58,"Demand":1,"DemandMax":null,"Value":1566},{"Length":29,"Height":54,"Demand":1,"DemandMax":null,"Value":1566},{"Length":46,"Height":34,"Demand":1,"DemandMax":null,"Value":1564},{"Length":26,"Height":60,"Demand":1,"DemandMax":null,"Value":1560},{"Length":40,"Height":39,"Demand":1,"DemandMax":null,"Value":1560},{"Length":30,"Height":52,"Demand":1,"DemandMax":null,"Value":1560},{"Length":42,"Height":37,"Demand":1,"DemandMax":null,"Value":1554},{"Length":33,"Height":47,"Demand":1,"DemandMax":null,"Value":1551},{"Length":50,"Height":31,"Demand":1,"DemandMax":null,"Value":1550},{"Length":25,"Height":62,"Demand":1,"DemandMax":null,"Value":1550},{"Length":43,"Height":36,"Demand":1,"DemandMax":null,"Value":1548},{"Length":44,"Height":35,"Demand":1,"DemandMax":null,"Value":1540},{"Length":27,"Height":57,"Demand":1,"DemandMax":null,"Value":1539},{"Length":48,"Height":32,"Demand":1,"DemandMax":null,"Value":1536},{"Length":26,"Height":59,"Demand":1,"DemandMax":null,"Value":1534},{"Length":30,"Height":51,"Demand":1,"DemandMax":null,"Value":1530},{"Length":34,"Height":45,"Demand":1,"DemandMax":null,"Value":1530},{"Length":61,"Height":25,"Demand":1,"DemandMax":null,"Value":1525},{"Length":39,"Height":39,"Demand":1,"DemandMax":null,"Value":1521},{"Length":38,"Height":40,"Demand":1,"DemandMax":null,"Value":1520},{"Length":31,"Height":49,"Demand":1,"DemandMax":null,"Value":1519},{"Length":33,"Height":46,"Demand":1,"DemandMax":null,"Value":1518},{"Length":37,"Height":41,"Demand":1,"DemandMax":null,"Value":1517},{"Length":56,"Height":27,"Demand":1,"DemandMax":null,"Value":1512},{"Length":42,"Height":36,"Demand":1,"DemandMax":null,"Value":1512},{"Length":54,"Height":28,"Demand":1,"DemandMax":null,"Value":1512},{"Length":52,"Height":29,"Demand":1,"DemandMax":null,"Value":1508},{"Length":35,"Height":43,"Demand":1,"DemandMax":null,"Value":1505},{"Length":32,"Height":47,"Demand":1,"DemandMax":null,"Value":1504},{"Length":30,"Height":50,"Demand":1,"DemandMax":null,"Value":1500},{"Length":25,"Height":60,"Demand":1,"DemandMax":null,"Value":1500},{"Length":31,"Height":48,"Demand":1,"DemandMax":null,"Value":1488},{"Length":53,"Height":28,"Demand":1,"DemandMax":null,"Value":1484},{"Length":38,"Height":39,"Demand":1,"DemandMax":null,"Value":1482},{"Length":40,"Height":37,"Demand":1,"DemandMax":null,"Value":1480},{"Length":29,"Height":51,"Demand":1,"DemandMax":null,"Value":1479},{"Length":41,"Height":36,"Demand":1,"DemandMax":null,"Value":1476},{"Length":25,"Height":59,"Demand":1,"DemandMax":null,"Value":1475},{"Length":46,"Height":32,"Demand":1,"DemandMax":null,"Value":1472},{"Length":43,"Height":34,"Demand":1,"DemandMax":null,"Value":1462},{"Length":54,"Height":27,"Demand":1,"DemandMax":null,"Value":1458},{"Length":31,"Height":47,"Demand":1,"DemandMax":null,"Value":1457},{"Length":26,"Height":56,"Demand":1,"DemandMax":null,"Value":1456},{"Length":28,"Height":52,"Demand":1,"DemandMax":null,"Value":1456},{"Length":33,"Height":44,"Demand":1,"DemandMax":null,"Value":1452},{"Length":29,"Height":50,"Demand":1,"DemandMax":null,"Value":1450},{"Length":58,"Height":25,"Demand":1,"DemandMax":null,"Value":1450},{"Length":38,"Height":38,"Demand":1,"DemandMax":null,"Value":1444},{"Length":39,"Height":37,"Demand":1,"DemandMax":null,"Value":1443},{"Length":45,"Height":32,"Demand":1,"DemandMax":null,"Value":1440},{"Length":40,"Height":36,"Demand":1,"DemandMax":null,"Value":1440},{"Length":48,"Height":30,"Demand":1,"DemandMax":null,"Value":1440},{"Length":41,"Height":35,"Demand":1,"DemandMax":null,"Value":1435},{"Length":42,"Height":34,"Demand":1,"DemandMax":null,"Value":1428},{"Length":51,"Height":28,"Demand":1,"DemandMax":null,"Value":1428},{"Length":46,"Height":31,"Demand":1,"DemandMax":null,"Value":1426},{"Length":57,"Height":25,"Demand":1,"DemandMax":null,"Value":1425},{"Length":29,"Height":49,"Demand":1,"DemandMax":null,"Value":1421},{"Length":43,"Height":33,"Demand":1,"DemandMax":null,"Value":1419},{"Length":30,"Height":47,"Demand":1,"DemandMax":null,"Value":1410},{"Length":32,"Height":44,"Demand":1,"DemandMax":null,"Value":1408},{"Length":38,"Height":37,"Demand":1,"DemandMax":null,"Value":1406},{"Length":27,"Height":52,"Demand":1,"DemandMax":null,"Value":1404},{"Length":39,"Height":36,"Demand":1,"DemandMax":null,"Value":1404},{"Length":45,"Height":31,"Demand":1,"DemandMax":null,"Value":1395},{"Length":34,"Height":41,"Demand":1,"DemandMax":null,"Value":1394},{"Length":42,"Height":33,"Demand":1,"DemandMax":null,"Value":1386},{"Length":30,"Height":46,"Demand":1,"DemandMax":null,"Value":1380},{"Length":26,"Height":53,"Demand":1,"DemandMax":null,"Value":1378},{"Length":27,"Height":51,"Demand":1,"DemandMax":null,"Value":1377},{"Length":32,"Height":43,"Demand":1,"DemandMax":null,"Value":1376},{"Length":49,"Height":28,"Demand":1,"DemandMax":null,"Value":1372},{"Length":37,"Height":37,"Demand":1,"DemandMax":null,"Value":1369},{"Length":38,"Height":36,"Demand":1,"DemandMax":null,"Value":1368},{"Length":35,"Height":39,"Demand":1,"DemandMax":null,"Value":1365},{"Length":31,"Height":44,"Demand":1,"DemandMax":null,"Value":1364},{"Length":29,"Height":47,"Demand":1,"DemandMax":null,"Value":1363},{"Length":34,"Height":40,"Demand":1,"DemandMax":null,"Value":1360},{"Length":41,"Height":33,"Demand":1,"DemandMax":null,"Value":1353},{"Length":52,"Height":26,"Demand":1,"DemandMax":null,"Value":1352},{"Length":30,"Height":45,"Demand":1,"DemandMax":null,"Value":1350},{"Length":54,"Height":25,"Demand":1,"DemandMax":null,"Value":1350},{"Length":50,"Height":27,"Demand":1,"DemandMax":null,"Value":1350},{"Length":42,"Height":32,"Demand":1,"DemandMax":null,"Value":1344},{"Length":31,"Height":43,"Demand":1,"DemandMax":null,"Value":1333},{"Length":38,"Height":35,"Demand":1,"DemandMax":null,"Value":1330},{"Length":39,"Height":34,"Demand":1,"DemandMax":null,"Value":1326},{"Length":26,"Height":51,"Demand":1,"DemandMax":null,"Value":1326},{"Length":25,"Height":53,"Demand":1,"DemandMax":null,"Value":1325},{"Length":27,"Height":49,"Demand":1,"DemandMax":null,"Value":1323},{"Length":30,"Height":44,"Demand":1,"DemandMax":null,"Value":1320},{"Length":33,"Height":40,"Demand":1,"DemandMax":null,"Value":1320},{"Length":28,"Height":47,"Demand":1,"DemandMax":null,"Value":1316},{"Length":41,"Height":32,"Demand":1,"DemandMax":null,"Value":1312},{"Length":42,"Height":31,"Demand":1,"DemandMax":null,"Value":1302},{"Length":52,"Height":25,"Demand":1,"DemandMax":null,"Value":1300},{"Length":36,"Height":36,"Demand":1,"DemandMax":null,"Value":1296},{"Length":27,"Height":48,"Demand":1,"DemandMax":null,"Value":1296},{"Length":38,"Height":34,"Demand":1,"DemandMax":null,"Value":1292},{"Length":30,"Height":43,"Demand":1,"DemandMax":null,"Value":1290},{"Length":39,"Height":33,"Demand":1,"DemandMax":null,"Value":1287},{"Length":32,"Height":40,"Demand":1,"DemandMax":null,"Value":1280},{"Length":29,"Height":44,"Demand":1,"DemandMax":null,"Value":1276},{"Length":25,"Height":51,"Demand":1,"DemandMax":null,"Value":1275},{"Length":41,"Height":31,"Demand":1,"DemandMax":null,"Value":1271},{"Length":27,"Height":47,"Demand":1,"DemandMax":null,"Value":1269},{"Length":28,"Height":45,"Demand":1,"DemandMax":null,"Value":1260},{"Length":37,"Height":34,"Demand":1,"DemandMax":null,"Value":1258},{"Length":33,"Height":38,"Demand":1,"DemandMax":null,"Value":1254},{"Length":25,"Height":50,"Demand":1,"DemandMax":null,"Value":1250},{"Length":32,"Height":39,"Demand":1,"DemandMax":null,"Value":1248},{"Length":48,"Height":26,"Demand":1,"DemandMax":null,"Value":1248},{"Length":29,"Height":43,"Demand":1,"DemandMax":null,"Value":1247},{"Length":46,"Height":27,"Demand":1,"DemandMax":null,"Value":1242},{"Length":31,"Height":40,"Demand":1,"DemandMax":null,"Value":1240},{"Length":49,"Height":25,"Demand":1,"DemandMax":null,"Value":1225},{"Length":34,"Height":36,"Demand":1,"DemandMax":null,"Value":1224},{"Length":26,"Height":47,"Demand":1,"DemandMax":null,"Value":1222},{"Length":33,"Height":37,"Demand":1,"DemandMax":null,"Value":1221},{"Length":29,"Height":42,"Demand":1,"DemandMax":null,"Value":1218},{"Length":27,"Height":45,"Demand":1,"DemandMax":null,"Value":1215},{"Length":31,"Height":39,"Demand":1,"DemandMax":null,"Value":1209},{"Length":43,"Height":28,"Demand":1,"DemandMax":null,"Value":1204},{"Length":40,"Height":30,"Demand":1,"DemandMax":null,"Value":1200},{"Length":46,"Height":26,"Demand":1,"DemandMax":null,"Value":1196},{"Length":27,"Height":44,"Demand":1,"DemandMax":null,"Value":1188},{"Length":37,"Height":32,"Demand":1,"DemandMax":null,"Value":1184},{"Length":31,"Height":38,"Demand":1,"DemandMax":null,"Value":1178},{"Length":42,"Height":28,"Demand":1,"DemandMax":null,"Value":1176},{"Length":45,"Height":26,"Demand":1,"DemandMax":null,"Value":1170},{"Length":27,"Height":43,"Demand":1,"DemandMax":null,"Value":1161},{"Length":29,"Height":40,"Demand":1,"DemandMax":null,"Value":1160},{"Length":34,"Height":34,"Demand":1,"DemandMax":null,"Value":1156},{"Length":33,"Height":35,"Demand":1,"DemandMax":null,"Value":1155},{"Length":46,"Height":25,"Demand":1,"DemandMax":null,"Value":1150},{"Length":28,"Height":41,"Demand":1,"DemandMax":null,"Value":1148},{"Length":31,"Height":37,"Demand":1,"DemandMax":null,"Value":1147},{"Length":26,"Height":44,"Demand":1,"DemandMax":null,"Value":1144},{"Length":27,"Height":42,"Demand":1,"DemandMax":null,"Value":1134},{"Length":45,"Height":25,"Demand":1,"DemandMax":null,"Value":1125},{"Length":33,"Height":34,"Demand":1,"DemandMax":null,"Value":1122},{"Length":35,"Height":32,"Demand":1,"DemandMax":null,"Value":1120},{"Length":26,"Height":43,"Demand":1,"DemandMax":null,"Value":1118},{"Length":36,"Height":31,"Demand":1,"DemandMax":null,"Value":1116},{"Length":37,"Height":30,"Demand":1,"DemandMax":null,"Value":1110},{"Length":29,"Height":38,"Demand":1,"DemandMax":null,"Value":1102},{"Length":44,"Height":25,"Demand":1,"DemandMax":null,"Value":1100},{"Length":39,"Height":28,"Demand":1,"DemandMax":null,"Value":1092},{"Length":26,"Height":42,"Demand":1,"DemandMax":null,"Value":1092},{"Length":32,"Height":34,"Demand":1,"DemandMax":null,"Value":1088},{"Length":35,"Height":31,"Demand":1,"DemandMax":null,"Value":1085},{"Length":27,"Height":40,"Demand":1,"DemandMax":null,"Value":1080},{"Length":30,"Height":36,"Demand":1,"DemandMax":null,"Value":1080},{"Length":43,"Height":25,"Demand":1,"DemandMax":null,"Value":1075},{"Length":29,"Height":37,"Demand":1,"DemandMax":null,"Value":1073},{"Length":41,"Height":26,"Demand":1,"DemandMax":null,"Value":1066},{"Length":28,"Height":38,"Demand":1,"DemandMax":null,"Value":1064},{"Length":33,"Height":32,"Demand":1,"DemandMax":null,"Value":1056},{"Length":31,"Height":34,"Demand":1,"DemandMax":null,"Value":1054},{"Length":39,"Height":27,"Demand":1,"DemandMax":null,"Value":1053},{"Length":36,"Height":29,"Demand":1,"DemandMax":null,"Value":1044},{"Length":26,"Height":40,"Demand":1,"DemandMax":null,"Value":1040},{"Length":28,"Height":37,"Demand":1,"DemandMax":null,"Value":1036},{"Length":32,"Height":32,"Demand":1,"DemandMax":null,"Value":1024},{"Length":30,"Height":34,"Demand":1,"DemandMax":null,"Value":1020},{"Length":29,"Height":35,"Demand":1,"DemandMax":null,"Value":1015},{"Length":26,"Height":39,"Demand":1,"DemandMax":null,"Value":1014},{"Length":28,"Height":36,"Demand":1,"DemandMax":null,"Value":1008},{"Length":37,"Height":27,"Demand":1,"DemandMax":null,"Value":999},{"Length":32,"Height":31,"Demand":1,"DemandMax":null,"Value":992},{"Length":33,"Height":30,"Demand":1,"DemandMax":null,"Value":990},{"Length":38,"Height":26,"Demand":1,"DemandMax":null,"Value":988},{"Length":29,"Height":34,"Demand":1,"DemandMax":null,"Value":986},{"Length":35,"Height":28,"Demand":1,"DemandMax":null,"Value":980},{"Length":37,"Height":26,"Demand":1,"DemandMax":null,"Value":962},{"Length":30,"Height":32,"Demand":1,"DemandMax":null,"Value":960},{"Length":29,"Height":33,"Demand":1,"DemandMax":null,"Value":957},{"Length":38,"Height":25,"Demand":1,"DemandMax":null,"Value":950},{"Length":27,"Height":35,"Demand":1,"DemandMax":null,"Value":945},{"Length":36,"Height":26,"Demand":1,"DemandMax":null,"Value":936},{"Length":30,"Height":31,"Demand":1,"DemandMax":null,"Value":930},{"Length":29,"Height":32,"Demand":1,"DemandMax":null,"Value":928},{"Length":25,"Height":37,"Demand":1,"DemandMax":null,"Value":925},{"Length":28,"Height":33,"Demand":1,"DemandMax":null,"Value":924},{"Length":27,"Height":34,"Demand":1,"DemandMax":null,"Value":918},{"Length":30,"Height":30,"Demand":1,"DemandMax":null,"Value":900},{"Length":25,"Height":36,"Demand":1,"DemandMax":null,"Value":900},{"Length":29,"Height":31,"Demand":1,"DemandMax":null,"Value":899},{"Length":27,"Height":33,"Demand":1,"DemandMax":null,"Value":891},{"Length":35,"Height":25,"Demand":1,"DemandMax":null,"Value":875},{"Length":29,"Height":30,"Demand":1,"DemandMax":null,"Value":870},{"Length":31,"Height":28,"Demand":1,"DemandMax":null,"Value":868},{"Length":27,"Height":32,"Demand":1,"DemandMax":null,"Value":864},{"Length":33,"Height":26,"Demand":1,"DemandMax":null,"Value":858},{"Length":29,"Height":29,"Demand":1,"DemandMax":null,"Value":841},{"Length":28,"Height":30,"Demand":1,"DemandMax":null,"Value":840},{"Length":27,"Height":31,"Demand":1,"DemandMax":null,"Value":837},{"Length":26,"Height":32,"Demand":1,"DemandMax":null,"Value":832},{"Length":33,"Height":25,"Demand":1,"DemandMax":null,"Value":825},{"Length":28,"Height":29,"Demand":1,"DemandMax":null,"Value":812},{"Length":30,"Height":27,"Demand":1,"DemandMax":null,"Value":810},{"Length":31,"Height":26,"Demand":1,"DemandMax":null,"Value":806},{"Length":27,"Height":29,"Demand":1,"DemandMax":null,"Value":783},{"Length":26,"Height":30,"Demand":1,"DemandMax":null,"Value":780},{"Length":31,"Height":25,"Demand":1,"DemandMax":null,"Value":775},{"Length":30,"Height":25,"Demand":1,"DemandMax":null,"Value":750},{"Length":28,"Height":26,"Demand":1,"DemandMax":null,"Value":728},{"Length":25,"Height":29,"Demand":1,"DemandMax":null,"Value":725},{"Length":26,"Height":27,"Demand":1,"DemandMax":null,"Value":702},{"Length":25,"Height":28,"Demand":1,"DemandMax":null,"Value":700},{"Length":27,"Height":25,"Demand":1,"DemandMax":null,"Value":675},{"Length":25,"Height":26,"Demand":1,"DemandMax":null,"Value":650},{"Length":25,"Height":25,"Demand":1,"DemandMax":null,"Value":625}]}