{"Name":"AH279","Objects":[{"Length":1000,"Height":38647,"Stock":null,"Cost":38647000}],"Items":[{"Length":373,"Height":367,"Demand":1,"DemandMax":null,"Value":136891},{"Length":356,"Height":372,"Demand":1,"DemandMax":null,"Value":132432},{"Length":352,"Height":369,"Demand":1,"DemandMax":null,"Value":129888},{"Length":362,"Height":357,"Demand":1,"DemandMax":null,"Value":129234},{"Length":365,"Height":348,"Demand":1,"DemandMax":null,"Value":127020},{"Length":346,"Height":367,"Demand":1,"DemandMax":null,"Value":126982},{"Length":369,"Height":337,"Demand":1,"DemandMax":null,"Value":124353},{"Length":338,"Height":367,"Demand":1,"DemandMax":null,"Value":124046},{"Length":343,"Height":361,"Demand":1,"DemandMax":null,"Value":123823},{"Length":359,"Height":343,"Demand":1,"DemandMax":null,"Value":123137},{"Length":366,"Height":336,"Demand":1,"DemandMax":null,"Value":122976},{"Length":317,"Height":374,"Demand":1,"DemandMax":null,"Value":118558},{"Length":357,"Height":331,"Demand":1,"DemandMax":null,"Value":118167},{"Length":339,"Height":345,"Demand":1,"DemandMax":null,"Value":116955},{"Length":335,"Height":347,"Demand":1,"DemandMax":null,"Value":116245},{"Length":334,"Height":345,"Demand":1,"DemandMax":null,"Value":115230},{"Length":368,"Height":311,"Demand":1,"DemandMax":null,"Value":114448},{"Length":322,"Height":354,"Demand":1,"DemandMax":null,"Value":113988},{"Length":373,"Height":305,"Demand":1,"DemandMax":null,"Value":113765},{"Length":352,"Height":321,"Demand":1,"DemandMax":null,"Value":112992},{"Length":317,"Height":356,"Demand":1,"DemandMax":null,"Value":112852},{"Length":350,"Height":319,"Demand":1,"DemandMax":null,"Value":111650},{"Length":297,"Height":375,"Demand":1,"DemandMax":null,"Value":111375},{"Length":348,"Height":320,"Demand":1,"DemandMax":null,"Value":111360},{"Length":357,"Height":311,"Demand":1,"DemandMax":null,"Value":111027},{"Length":375,"Height":293,"Demand":1,"DemandMax":null,"Value":109875},{"Length":316,"Height":347,"Demand":1,"DemandMax":null,"Value":109652},{"Length":302,"Height":349,"Demand":1,"DemandMax":null,"Value":105398},{"Length":301,"Height":349,"Demand":1,"DemandMax":null,"Value":105049},{"Length":371,"Height":282,"Demand":1,"DemandMax":null,"Value":104622},{"Length":357,"Height":292,"Demand":1,"DemandMax":null,"Value":104244},{"Length":333,"Height":313,"Demand":1,"DemandMax":null,"Value":104229},{"Length":324,"Height":321,"Demand":1,"DemandMax":null,"Value":104004},{"Length":350,"Height":297,"Demand":1,"DemandMax":null,"Value":103950},{"Length":374,"Height":277,"Demand":1,"DemandMax":null,"Value":103598},{"Length":309,"Height":333,"Demand":1,"DemandMax":null,"Value":102897},{"Length":349,"Height":294,"Demand":1,"DemandMax":null,"Value":102606},{"Length":362,"Height":282,"Demand":1,"DemandMax":null,"Value":102084},{"Length":340,"Height":300,"Demand":1,"DemandMax":null,"Value":102000},{"Length":347,"Height":291,"Demand":1,"DemandMax":null,"Value":100977},{"Length":297,"Height":339,"Demand":1,"DemandMax":null,"Value":100683},{"Length":354,"Height":284,"Demand":1,"DemandMax":null,"Value":100536},{"Length":327,"Height":302,"Demand":1,"DemandMax":null,"Value":98754},{"Length":344,"Height":286,"Demand":1,"DemandMax":null,"Value":98384},{"Length":282,"Height":348,"Demand":1,"DemandMax":null,"Value":98136},{"Length":329,"Height":298,"Demand":1,"DemandMax":null,"Value":98042},{"Length":319,"Height":307,"Demand":1,"DemandMax":null,"Value":97933},{"Length":293,"Height":330,"Demand":1,"DemandMax":null,"Value":96690},{"Length":287,"Height":336,"Demand":1,"DemandMax":null,"Value":96432},{"Length":355,"Height":270,"Demand":1,"DemandMax":null,"Value":95850},{"Length":264,"Height":363,"Demand":1,"DemandMax":null,"Value":95832},{"Length":303,"Height":316,"Demand":1,"DemandMax":null,"Value":95748},{"Length":261,"Height":366,"Demand":1,"DemandMax":null,"Value":95526},{"Length":350,"Height":272,"Demand":1,"DemandMax":null,"Value":95200},{"Length":277,"Height":343,"Demand":1,"DemandMax":null,"Value":95011},{"Length":362,"Height":261,"Demand":1,"DemandMax":null,"Value":94482},{"Length":293,"Height":322,"Demand":1,"DemandMax":null,"Value":94346},{"Length":251,"Height":373,"Demand":1,"DemandMax":null,"Value":93623},{"Length":270,"Height":345,"Demand":1,"DemandMax":null,"Value":93150},{"Length":263,"Height":353,"Demand":1,"DemandMax":null,"Value":92839},{"Length":272,"Height":341,"Demand":1,"DemandMax":null,"Value":92752},{"Length":294,"Height":315,"Demand":1,"DemandMax":null,"Value":92610},{"Length":352,"Height":262,"Demand":1,"DemandMax":null,"Value":92224},{"Length":346,"Height":266,"Demand":1,"DemandMax":null,"Value":92036},{"Length":285,"Height":322,"Demand":1,"DemandMax":null,"Value":91770},{"Length":283,"Height":323,"Demand":1,"DemandMax":null,"Value":91409},{"Length":253,"Height":361,"Demand":1,"DemandMax":null,"Value":91333},{"Length":290,"Height":314,"Demand":1,"DemandMax":null,"Value":91060},{"Length":270,"Height":337,"Demand":1,"DemandMax":null,"Value":90990},{"Length":277,"Height":325,"Demand":1,"DemandMax":null,"Value":90025},{"Length":317,"Height":283,"Demand":1,"DemandMax":null,"Value":89711},{"Length":366,"Height":245,"Demand":1,"DemandMax":null,"Value":89670},{"Length":297,"Height":299,"Demand":1,"DemandMax":null,"Value":88803},{"Length":268,"Height":329,"Demand":1,"DemandMax":null,"Value":88172},{"Length":350,"Height":251,"Demand":1,"DemandMax":null,"Value":87850},{"Length":262,"Height":334,"Demand":1,"DemandMax":null,"Value":87508},{"Length":273,"Height":320,"Demand":1,"DemandMax":null,"Value":87360},{"Length":236,"Height":367,"Demand":1,"DemandMax":null,"Value":86612},{"Length":255,"Height":339,"Demand":1,"DemandMax":null,"Value":86445},{"Length":276,"Height":313,"Demand":1,"DemandMax":null,"Value":86388},{"Length":336,"Height":257,"Demand":1,"DemandMax":null,"Value":86352},{"Length":255,"Height":338,"Demand":1,"DemandMax":null,"Value":86190},{"Length":273,"Height":315,"Demand":1,"DemandMax":null,"Value":85995},{"Length":277,"Height":310,"Demand":1,"DemandMax":null,"Value":85870},{"Length":252,"Height":340,"Demand":1,"DemandMax":null,"Value":85680},{"Length":250,"Height":342,"Demand":1,"DemandMax":null,"Value":85500},{"Length":334,"Height":255,"Demand":1,"DemandMax":null,"Value":85170},{"Length":268,"Height":317,"Demand":1,"DemandMax":null,"Value":84956},{"Length":321,"Height":263,"Demand":1,"DemandMax":null,"Value":84423},{"Length":280,"Height":300,"Demand":1,"DemandMax":null,"Value":84000},{"Length":264,"Height":318,"Demand":1,"DemandMax":null,"Value":83952},{"Length":245,"Height":342,"Demand":1,"DemandMax":null,"Value":83790},{"Length":297,"Height":281,"Demand":1,"DemandMax":null,"Value":83457},{"Length":346,"Height":240,"Demand":1,"DemandMax":null,"Value":83040},{"Length":260,"Height":319,"Demand":1,"DemandMax":null,"Value":82940},{"Length":297,"Height":279,"Demand":1,"DemandMax":null,"Value":82863},{"Length":327,"Height":253,"Demand":1,"DemandMax":null,"Value":82731},{"Length":305,"Height":271,"Demand":1,"DemandMax":null,"Value":82655},{"Length":238,"Height":347,"Demand":1,"DemandMax":null,"Value":82586},{"Length":334,"Height":247,"Demand":1,"DemandMax":null,"Value":82498},{"Length":285,"Height":289,"Demand":1,"DemandMax":null,"Value":82365},{"Length":352,"Height":233,"Demand":1,"DemandMax":null,"Value":82016},{"Length":245,"Height":334,"Demand":1,"DemandMax":null,"Value":81830},{"Length":262,"Height":312,"Demand":1,"DemandMax":null,"Value":81744},{"Length":318,"Height":257,"Demand":1,"DemandMax":null,"Value":81726},{"Length":223,"Height":364,"Demand":1,"DemandMax":null,"Value":81172},{"Length":371,"Height":218,"Demand":1,"DemandMax":null,"Value":80878},{"Length":276,"Height":293,"Demand":1,"DemandMax":null,"Value":80868},{"Length":219,"Height":369,"Demand":1,"DemandMax":null,"Value":80811},{"Length":234,"Height":345,"Demand":1,"DemandMax":null,"Value":80730},{"Length":309,"Height":261,"Demand":1,"DemandMax":null,"Value":80649},{"Length":218,"Height":369,"Demand":1,"DemandMax":null,"Value":80442},{"Length":273,"Height":293,"Demand":1,"DemandMax":null,"Value":79989},{"Length":265,"Height":300,"Demand":1,"DemandMax":null,"Value":79500},{"Length":288,"Height":276,"Demand":1,"DemandMax":null,"Value":79488},{"Length":273,"Height":290,"Demand":1,"DemandMax":null,"Value":79170},{"Length":231,"Height":342,"Demand":1,"DemandMax":null,"Value":79002},{"Length":262,"Height":300,"Demand":1,"DemandMax":null,"Value":78600},{"Length":263,"Height":298,"Demand":1,"DemandMax":null,"Value":78374},{"Length":366,"Height":214,"Demand":1,"DemandMax":null,"Value":78324},{"Length":269,"Height":291,"Demand":1,"DemandMax":null,"Value":78279},{"Length":351,"Height":223,"Demand":1,"DemandMax":null,"Value":78273},{"Length":230,"Height":340,"Demand":1,"DemandMax":null,"Value":78200},{"Length":309,"Height":253,"Demand":1,"DemandMax":null,"Value":78177},{"Length":271,"Height":287,"Demand":1,"DemandMax":null,"Value":77777},{"Length":300,"Height":259,"Demand":1,"DemandMax":null,"Value":77700},{"Length":248,"Height":312,"Demand":1,"DemandMax":null,"Value":77376},{"Length":325,"Height":238,"Demand":1,"DemandMax":null,"Value":77350},{"Length":238,"Height":324,"Demand":1,"DemandMax":null,"Value":77112},{"Length":331,"Height":232,"Demand":1,"DemandMax":null,"Value":76792},{"Length":332,"Height":231,"Demand":1,"DemandMax":null,"Value":76692},{"Length":367,"Height":208,"Demand":1,"DemandMax":null,"Value":76336},{"Length":370,"Height":206,"Demand":1,"DemandMax":null,"Value":76220},{"Length":263,"Height":289,"Demand":1,"DemandMax":null,"Value":76007},{"Length":250,"Height":302,"Demand":1,"DemandMax":null,"Value":75500},{"Length":234,"Height":322,"Demand":1,"DemandMax":null,"Value":75348},{"Length":279,"Height":268,"Demand":1,"DemandMax":null,"Value":74772},{"Length":227,"Height":328,"Demand":1,"DemandMax":null,"Value":74456},{"Length":316,"Height":235,"Demand":1,"DemandMax":null,"Value":74260},{"Length":362,"Height":205,"Demand":1,"DemandMax":null,"Value":74210},{"Length":226,"Height":328,"Demand":1,"DemandMax":null,"Value":74128},{"Length":216,"Height":343,"Demand":1,"DemandMax":null,"Value":74088},{"Length":248,"Height":298,"Demand":1,"DemandMax":null,"Value":73904},{"Length":319,"Height":230,"Demand":1,"DemandMax":null,"Value":73370},{"Length":283,"Height":259,"Demand":1,"DemandMax":null,"Value":73297},{"Length":304,"Height":241,"Demand":1,"DemandMax":null,"Value":73264},{"Length":324,"Height":225,"Demand":1,"DemandMax":null,"Value":72900},{"Length":231,"Height":315,"Demand":1,"DemandMax":null,"Value":72765},{"Length":375,"Height":194,"Demand":1,"DemandMax":null,"Value":72750},{"Length":294,"Height":246,"Demand":1,"DemandMax":null,"Value":72324},{"Length":194,"Height":370,"Demand":1,"DemandMax":null,"Value":71780},{"Length":332,"Height":216,"Demand":1,"DemandMax":null,"Value":71712},{"Length":226,"Height":317,"Demand":1,"DemandMax":null,"Value":71642},{"Length":246,"Height":291,"Demand":1,"DemandMax":null,"Value":71586},{"Length":284,"Height":252,"Demand":1,"DemandMax":null,"Value":71568},{"Length":193,"Height":368,"Demand":1,"DemandMax":null,"Value":71024},{"Length":297,"Height":239,"Demand":1,"DemandMax":null,"Value":70983},{"Length":321,"Height":221,"Demand":1,"DemandMax":null,"Value":70941},{"Length":209,"Height":339,"Demand":1,"DemandMax":null,"Value":70851},{"Length":267,"Height":265,"Demand":1,"DemandMax":null,"Value":70755},{"Length":231,"Height":306,"Demand":1,"DemandMax":null,"Value":70686},{"Length":255,"Height":274,"Demand":1,"DemandMax":null,"Value":69870},{"Length":322,"Height":215,"Demand":1,"DemandMax":null,"Value":69230},{"Length":259,"Height":266,"Demand":1,"DemandMax":null,"Value":68894},{"Length":207,"Height":331,"Demand":1,"DemandMax":null,"Value":68517},{"Length":232,"Height":295,"Demand":1,"DemandMax":null,"Value":68440},{"Length":188,"Height":362,"Demand":1,"DemandMax":null,"Value":68056},{"Length":210,"Height":324,"Demand":1,"DemandMax":null,"Value":68040},{"Length":246,"Height":276,"Demand":1,"DemandMax":null,"Value":67896},{"Length":257,"Height":263,"Demand":1,"DemandMax":null,"Value":67591},{"Length":229,"Height":294,"Demand":1,"DemandMax":null,"Value":67326},{"Length":367,"Height":183,"Demand":1,"DemandMax":null,"Value":67161},{"Length":205,"Height":327,"Demand":1,"DemandMax":null,"Value":67035},{"Length":306,"Height":219,"Demand":1,"DemandMax":null,"Value":67014},{"Length":258,"Height":259,"Demand":1,"DemandMax":null,"Value":66822},{"Length":268,"Height":249,"Demand":1,"DemandMax":null,"Value":66732},{"Length":319,"Height":208,"Demand":1,"DemandMax":null,"Value":66352},{"Length":275,"Height":241,"Demand":1,"DemandMax":null,"Value":66275},{"Length":243,"Height":271,"Demand":1,"DemandMax":null,"Value":65853},{"Length":236,"Height":279,"Demand":1,"DemandMax":null,"Value":65844},{"Length":337,"Height":195,"Demand":1,"DemandMax":null,"Value":65715},{"Length":184,"Height":357,"Demand":1,"DemandMax":null,"Value":65688},{"Length":345,"Height":190,"Demand":1,"DemandMax":null,"Value":65550},{"Length":195,"Height":331,"Demand":1,"DemandMax":null,"Value":64545},{"Length":185,"Height":348,"Demand":1,"DemandMax":null,"Value":64380},{"Length":209,"Height":308,"Demand":1,"DemandMax":null,"Value":64372},{"Length":190,"Height":335,"Demand":1,"DemandMax":null,"Value":63650},{"Length":184,"Height":345,"Demand":1,"DemandMax":null,"Value":63480},{"Length":205,"Height":308,"Demand":1,"DemandMax":null,"Value":63140},{"Length":232,"Height":272,"Demand":1,"DemandMax":null,"Value":63104},{"Length":226,"Height":278,"Demand":1,"DemandMax":null,"Value":62828},{"Length":289,"Height":217,"Demand":1,"DemandMax":null,"Value":62713},{"Length":346,"Height":181,"Demand":1,"DemandMax":null,"Value":62626},{"Length":265,"Height":236,"Demand":1,"DemandMax":null,"Value":62540},{"Length":185,"Height":338,"Demand":1,"DemandMax":null,"Value":62530},{"Length":201,"Height":311,"Demand":1,"DemandMax":null,"Value":62511},{"Length":223,"Height":279,"Demand":1,"DemandMax":null,"Value":62217},{"Length":233,"Height":267,"Demand":1,"DemandMax":null,"Value":62211},{"Length":353,"Height":176,"Demand":1,"DemandMax":null,"Value":62128},{"Length":281,"Height":221,"Demand":1,"DemandMax":null,"Value":62101},{"Length":300,"Height":207,"Demand":1,"DemandMax":null,"Value":62100},{"Length":308,"Height":201,"Demand":1,"DemandMax":null,"Value":61908},{"Length":285,"Height":217,"Demand":1,"DemandMax":null,"Value":61845},{"Length":189,"Height":327,"Demand":1,"DemandMax":null,"Value":61803},{"Length":343,"Height":180,"Demand":1,"DemandMax":null,"Value":61740},{"Length":232,"Height":266,"Demand":1,"DemandMax":null,"Value":61712},{"Length":170,"Height":363,"Demand":1,"DemandMax":null,"Value":61710},{"Length":230,"Height":268,"Demand":1,"DemandMax":null,"Value":61640},{"Length":353,"Height":174,"Demand":1,"DemandMax":null,"Value":61422},{"Length":289,"Height":212,"Demand":1,"DemandMax":null,"Value":61268},{"Length":169,"Height":362,"Demand":1,"DemandMax":null,"Value":61178},{"Length":231,"Height":264,"Demand":1,"DemandMax":null,"Value":60984},{"Length":279,"Height":218,"Demand":1,"DemandMax":null,"Value":60822},{"Length":301,"Height":202,"Demand":1,"DemandMax":null,"Value":60802},{"Length":232,"Height":262,"Demand":1,"DemandMax":null,"Value":60784},{"Length":370,"Height":164,"Demand":1,"DemandMax":null,"Value":60680},{"Length":240,"Height":252,"Demand":1,"DemandMax":null,"Value":60480},{"Length":264,"Height":229,"Demand":1,"DemandMax":null,"Value":60456},{"Length":373,"Height":162,"Demand":1,"DemandMax":null,"Value":60426},{"Length":210,"Height":286,"Demand":1,"DemandMax":null,"Value":60060},{"Length":355,"Height":169,"Demand":1,"DemandMax":null,"Value":59995},{"Length":259,"Height":230,"Demand":1,"DemandMax":null,"Value":59570},{"Length":344,"Height":173,"Demand":1,"DemandMax":null,"Value":59512},{"Length":293,"Height":203,"Demand":1,"DemandMax":null,"Value":59479},{"Length":265,"Height":224,"Demand":1,"DemandMax":null,"Value":59360},{"Length":366,"Height":162,"Demand":1,"DemandMax":null,"Value":59292},{"Length":256,"Height":231,"Demand":1,"DemandMax":null,"Value":59136},{"Length":276,"Height":214,"Demand":1,"DemandMax":null,"Value":59064},{"Length":354,"Height":166,"Demand":1,"DemandMax":null,"Value":58764},{"Length":226,"Height":260,"Demand":1,"DemandMax":null,"Value":58760},{"Length":304,"Height":193,"Demand":1,"DemandMax":null,"Value":58672},{"Length":375,"Height":156,"Demand":1,"DemandMax":null,"Value":58500},{"Length":193,"Height":303,"Demand":1,"DemandMax":null,"Value":58479},{"Length":326,"Height":179,"Demand":1,"DemandMax":null,"Value":58354},{"Length":242,"Height":239,"Demand":1,"DemandMax":null,"Value":57838},{"Length":220,"Height":262,"Demand":1,"DemandMax":null,"Value":57640},{"Length":351,"Height":164,"Demand":1,"DemandMax":null,"Value":57564},{"Length":371,"Height":155,"Demand":1,"DemandMax":null,"Value":57505},{"Length":168,"Height":341,"Demand":1,"DemandMax":null,"Value":57288},{"Length":181,"Height":316,"Demand":1,"DemandMax":null,"Value":57196},{"Length":178,"Height":321,"Demand":1,"DemandMax":null,"Value":57138},{"Length":317,"Height":180,"Demand":1,"DemandMax":null,"Value":57060},{"Length":240,"Height":237,"Demand":1,"DemandMax":null,"Value":56880},{"Length":156,"Height":364,"Demand":1,"DemandMax":null,"Value":56784},{"Length":305,"Height":186,"Demand":1,"DemandMax":null,"Value":56730},{"Length":270,"Height":210,"Demand":1,"DemandMax":null,"Value":56700},{"Length":347,"Height":163,"Demand":1,"DemandMax":null,"Value":56561},{"Length":219,"Height":258,"Demand":1,"DemandMax":null,"Value":56502},{"Length":206,"Height":274,"Demand":1,"DemandMax":null,"Value":56444},{"Length":152,"Height":371,"Demand":1,"DemandMax":null,"Value":56392},{"Length":178,"Height":316,"Demand":1,"DemandMax":null,"Value":56248},{"Length":152,"Height":370,"Demand":1,"DemandMax":null,"Value":56240},{"Length":212,"Height":265,"Demand":1,"DemandMax":null,"Value":56180},{"Length":260,"Height":216,"Demand":1,"DemandMax":null,"Value":56160},{"Length":225,"Height":249,"Demand":1,"DemandMax":null,"Value":56025},{"Length":309,"Height":181,"Demand":1,"DemandMax":null,"Value":55929},{"Length":243,"Height":230,"Demand":1,"DemandMax":null,"Value":55890},{"Length":190,"Height":294,"Demand":1,"DemandMax":null,"Value":55860},{"Length":196,"Height":285,"Demand":1,"DemandMax":null,"Value":55860},{"Length":266,"Height":210,"Demand":1,"DemandMax":null,"Value":55860},{"Length":309,"Height":180,"Demand":1,"DemandMax":null,"Value":55620},{"Length":370,"Height":150,"Demand":1,"DemandMax":null,"Value":55500},{"Length":228,"Height":243,"Demand":1,"DemandMax":null,"Value":55404},{"Length":322,"Height":171,"Demand":1,"DemandMax":null,"Value":55062},{"Length":275,"Height":200,"Demand":1,"DemandMax":null,"Value":55000},{"Length":316,"Height":173,"Demand":1,"DemandMax":null,"Value":54668},{"Length":333,"Height":164,"Demand":1,"DemandMax":null,"Value":54612},{"Length":222,"Height":245,"Demand":1,"DemandMax":null,"Value":54390},{"Length":166,"Height":326,"Demand":1,"DemandMax":null,"Value":54116},{"Length":233,"Height":232,"Demand":1,"DemandMax":null,"Value":54056},{"Length":375,"Height":144,"Demand":1,"DemandMax":null,"Value":54000},{"Length":181,"Height":296,"Demand":1,"DemandMax":null,"Value":53576},{"Length":149,"Height":359,"Demand":1,"DemandMax":null,"Value":53491},{"Length":148,"Height":361,"Demand":1,"DemandMax":null,"Value":53428},{"Length":238,"Height":224,"Demand":1,"DemandMax":null,"Value":53312},{"Length":341,"Height":156,"Demand":1,"DemandMax":null,"Value":53196},{"Length":336,"Height":158,"Demand":1,"DemandMax":null,"Value":53088},{"Length":281,"Height":188,"Demand":1,"DemandMax":null,"Value":52828},{"Length":366,"Height":144,"Demand":1,"DemandMax":null,"Value":52704},{"Length":253,"Height":208,"Demand":1,"DemandMax":null,"Value":52624},{"Length":192,"Height":274,"Demand":1,"DemandMax":null,"Value":52608},{"Length":319,"Height":164,"Demand":1,"DemandMax":null,"Value":52316},{"Length":194,"Height":268,"Demand":1,"DemandMax":null,"Value":51992},{"Length":302,"Height":172,"Demand":1,"DemandMax":null,"Value":51944},{"Length":200,"Height":259,"Demand":1,"DemandMax":null,"Value":51800},{"Length":301,"Height":172,"Demand":1,"DemandMax":null,"Value":51772},{"Length":232,"Height":223,"Demand":1,"DemandMax":null,"Value":51736},{"Length":284,"Height":182,"Demand":1,"DemandMax":null,"Value":51688},{"Length":368,"Height":140,"Demand":1,"DemandMax":null,"Value":51520},{"Length":137,"Height":375,"Demand":1,"DemandMax":null,"Value":51375},{"Length":186,"Height":276,"Demand":1,"DemandMax":null,"Value":51336},{"Length":178,"Height":287,"Demand":1,"DemandMax":null,"Value":51086},{"Length":187,"Height":272,"Demand":1,"DemandMax":null,"Value":50864},{"Length":262,"Height":194,"Demand":1,"DemandMax":null,"Value":50828},{"Length":313,"Height":162,"Demand":1,"DemandMax":null,"Value":50706},{"Length":271,"Height":187,"Demand":1,"DemandMax":null,"Value":50677},{"Length":197,"Height":257,"Demand":1,"DemandMax":null,"Value":50629},{"Length":141,"Height":359,"Demand":1,"DemandMax":null,"Value":50619},{"Length":265,"Height":191,"Demand":1,"DemandMax":null,"Value":50615},{"Length":165,"Height":306,"Demand":1,"DemandMax":null,"Value":50490},{"Length":219,"Height":230,"Demand":1,"DemandMax":null,"Value":50370},{"Length":296,"Height":170,"Demand":1,"DemandMax":null,"Value":50320},{"Length":157,"Height":320,"Demand":1,"DemandMax":null,"Value":50240},{"Length":199,"Height":252,"Demand":1,"DemandMax":null,"Value":50148},{"Length":246,"Height":203,"Demand":1,"DemandMax":null,"Value":49938},{"Length":292,"Height":171,"Demand":1,"DemandMax":null,"Value":49932},{"Length":141,"Height":354,"Demand":1,"DemandMax":null,"Value":49914},{"Length":324,"Height":154,"Demand":1,"DemandMax":null,"Value":49896},{"Length":139,"Height":358,"Demand":1,"DemandMax":null,"Value":49762},{"Length":223,"Height":223,"Demand":1,"DemandMax":null,"Value":49729},{"Length":225,"Height":221,"Demand":1,"DemandMax":null,"Value":49725},{"Length":204,"Height":243,"Demand":1,"DemandMax":null,"Value":49572},{"Length":236,"Height":210,"Demand":1,"DemandMax":null,"Value":49560},{"Length":242,"Height":204,"Demand":1,"DemandMax":null,"Value":49368},{"Length":265,"Height":186,"Demand":1,"DemandMax":null,"Value":49290},{"Length":156,"Height":315,"Demand":1,"DemandMax":null,"Value":49140},{"Length":374,"Height":131,"Demand":1,"DemandMax":null,"Value":48994},{"Length":157,"Height":311,"Demand":1,"DemandMax":null,"Value":48827},{"Length":372,"Height":131,"Demand":1,"DemandMax":null,"Value":48732},{"Length":245,"Height":198,"Demand":1,"DemandMax":null,"Value":48510},{"Length":190,"Height":254,"Demand":1,"DemandMax":null,"Value":48260},{"Length":186,"Height":259,"Demand":1,"DemandMax":null,"Value":48174},{"Length":211,"Height":227,"Demand":1,"DemandMax":null,"Value":47897},{"Length":349,"Height":137,"Demand":1,"DemandMax":null,"Value":47813},{"Length":339,"Height":141,"Demand":1,"DemandMax":null,"Value":47799},{"Length":258,"Height":185,"Demand":1,"DemandMax":null,"Value":47730},{"Length":304,"Height":157,"Demand":1,"DemandMax":null,"Value":47728},{"Length":268,"Height":178,"Demand":1,"DemandMax":null,"Value":47704},{"Length":176,"Height":271,"Demand":1,"DemandMax":null,"Value":47696},{"Length":161,"Height":296,"Demand":1,"DemandMax":null,"Value":47656},{"Length":335,"Height":142,"Demand":1,"DemandMax":null,"Value":47570},{"Length":336,"Height":141,"Demand":1,"DemandMax":null,"Value":47376},{"Length":197,"Height":240,"Demand":1,"DemandMax":null,"Value":47280},{"Length":126,"Height":375,"Demand":1,"DemandMax":null,"Value":47250},{"Length":241,"Height":196,"Demand":1,"DemandMax":null,"Value":47236},{"Length":146,"Height":323,"Demand":1,"DemandMax":null,"Value":47158},{"Length":365,"Height":129,"Demand":1,"DemandMax":null,"Value":47085},{"Length":238,"Height":197,"Demand":1,"DemandMax":null,"Value":46886},{"Length":321,"Height":146,"Demand":1,"DemandMax":null,"Value":46866},{"Length":183,"Height":256,"Demand":1,"DemandMax":null,"Value":46848},{"Length":166,"Height":282,"Demand":1,"DemandMax":null,"Value":46812},{"Length":245,"Height":191,"Demand":1,"DemandMax":null,"Value":46795},{"Length":235,"Height":199,"Demand":1,"DemandMax":null,"Value":46765},{"Length":244,"Height":191,"Demand":1,"DemandMax":null,"Value":46604},{"Length":252,"Height":184,"Demand":1,"DemandMax":null,"Value":46368},{"Length":149,"Height":311,"Demand":1,"DemandMax":null,"Value":46339},{"Length":236,"Height":196,"Demand":1,"DemandMax":null,"Value":46256},{"Length":323,"Height":143,"Demand":1,"DemandMax":null,"Value":46189},{"Length":218,"Height":211,"Demand":1,"DemandMax":null,"Value":45998},{"Length":356,"Height":129,"Demand":1,"DemandMax":null,"Value":45924},{"Length":135,"Height":339,"Demand":1,"DemandMax":null,"Value":45765},{"Length":142,"Height":320,"Demand":1,"DemandMax":null,"Value":45440},{"Length":164,"Height":277,"Demand":1,"DemandMax":null,"Value":45428},{"Length":130,"Height":348,"Demand":1,"DemandMax":null,"Value":45240},{"Length":222,"Height":203,"Demand":1,"DemandMax":null,"Value":45066},{"Length":188,"Height":239,"Demand":1,"DemandMax":null,"Value":44932},{"Length":361,"Height":124,"Demand":1,"DemandMax":null,"Value":44764},{"Length":266,"Height":168,"Demand":1,"DemandMax":null,"Value":44688},{"Length":228,"Height":195,"Demand":1,"DemandMax":null,"Value":44460},{"Length":294,"Height":151,"Demand":1,"DemandMax":null,"Value":44394},{"Length":192,"Height":231,"Demand":1,"DemandMax":null,"Value":44352},{"Length":278,"Height":159,"Demand":1,"DemandMax":null,"Value":44202},{"Length":124,"Height":356,"Demand":1,"DemandMax":null,"Value":44144},{"Length":157,"Height":281,"Demand":1,"DemandMax":null,"Value":44117},{"Length":302,"Height":146,"Demand":1,"DemandMax":null,"Value":44092},{"Length":334,"Height":132,"Demand":1,"DemandMax":null,"Value":44088},{"Length":233,"Height":189,"Demand":1,"DemandMax":null,"Value":44037},{"Length":323,"Height":136,"Demand":1,"DemandMax":null,"Value":43928},{"Length":202,"Height":217,"Demand":1,"DemandMax":null,"Value":43834},{"Length":345,"Height":127,"Demand":1,"DemandMax":null,"Value":43815},{"Length":262,"Height":167,"Demand":1,"DemandMax":null,"Value":43754},{"Length":150,"Height":291,"Demand":1,"DemandMax":null,"Value":43650},{"Length":245,"Height":178,"Demand":1,"DemandMax":null,"Value":43610},{"Length":192,"Height":227,"Demand":1,"DemandMax":null,"Value":43584},{"Length":149,"Height":291,"Demand":1,"DemandMax":null,"Value":43359},{"Length":141,"Height":307,"Demand":1,"DemandMax":null,"Value":43287},{"Length":206,"Height":210,"Demand":1,"DemandMax":null,"Value":43260},{"Length":363,"Height":119,"Demand":1,"DemandMax":null,"Value":43197},{"Length":125,"Height":345,"Demand":1,"DemandMax":null,"Value":43125},{"Length":269,"Height":159,"Demand":1,"DemandMax":null,"Value":42771},{"Length":134,"Height":319,"Demand":1,"DemandMax":null,"Value":42746},{"Length":173,"Height":247,"Demand":1,"DemandMax":null,"Value":42731},{"Length":227,"Height":188,"Demand":1,"DemandMax":null,"Value":42676},{"Length":132,"Height":323,"Demand":1,"DemandMax":null,"Value":42636},{"Length":218,"Height":195,"Demand":1,"DemandMax":null,"Value":42510},{"Length":233,"Height":182,"Demand":1,"DemandMax":null,"Value":42406},{"Length":292,"Height":145,"Demand":1,"DemandMax":null,"Value":42340},{"Length":208,"Height":203,"Demand":1,"DemandMax":null,"Value":42224},{"Length":163,"Height":259,"Demand":1,"DemandMax":null,"Value":42217},{"Length":115,"Height":367,"Demand":1,"DemandMax":null,"Value":42205},{"Length":137,"Height":306,"Demand":1,"DemandMax":null,"Value":41922},{"Length":235,"Height":178,"Demand":1,"DemandMax":null,"Value":41830},{"Length":118,"Height":354,"Demand":1,"DemandMax":null,"Value":41772},{"Length":146,"Height":286,"Demand":1,"DemandMax":null,"Value":41756},{"Length":328,"Height":126,"Demand":1,"DemandMax":null,"Value":41328},{"Length":302,"Height":136,"Demand":1,"DemandMax":null,"Value":41072},{"Length":264,"Height":155,"Demand":1,"DemandMax":null,"Value":40920},{"Length":338,"Height":121,"Demand":1,"DemandMax":null,"Value":40898},{"Length":133,"Height":307,"Demand":1,"DemandMax":null,"Value":40831},{"Length":343,"Height":119,"Demand":1,"DemandMax":null,"Value":40817},{"Length":205,"Height":199,"Demand":1,"DemandMax":null,"Value":40795},{"Length":194,"Height":210,"Demand":1,"DemandMax":null,"Value":40740},{"Length":221,"Height":184,"Demand":1,"DemandMax":null,"Value":40664},{"Length":215,"Height":189,"Demand":1,"DemandMax":null,"Value":40635},{"Length":200,"Height":203,"Demand":1,"DemandMax":null,"Value":40600},{"Length":152,"Height":267,"Demand":1,"DemandMax":null,"Value":40584},{"Length":346,"Height":117,"Demand":1,"DemandMax":null,"Value":40482},{"Length":273,"Height":148,"Demand":1,"DemandMax":null,"Value":40404},{"Length":216,"Height":187,"Demand":1,"DemandMax":null,"Value":40392},{"Length":340,"Height":118,"Demand":1,"DemandMax":null,"Value":40120},{"Length":361,"Height":111,"Demand":1,"DemandMax":null,"Value":40071},{"Length":180,"Height":222,"Demand":1,"DemandMax":null,"Value":39960},{"Length":248,"Height":161,"Demand":1,"DemandMax":null,"Value":39928},{"Length":141,"Height":282,"Demand":1,"DemandMax":null,"Value":39762},{"Length":284,"Height":140,"Demand":1,"DemandMax":null,"Value":39760},{"Length":323,"Height":123,"Demand":1,"DemandMax":null,"Value":39729},{"Length":176,"Height":225,"Demand":1,"DemandMax":null,"Value":39600},{"Length":154,"Height":257,"Demand":1,"DemandMax":null,"Value":39578},{"Length":172,"Height":230,"Demand":1,"DemandMax":null,"Value":39560},{"Length":125,"Height":316,"Demand":1,"DemandMax":null,"Value":39500},{"Length":118,"Height":334,"Demand":1,"DemandMax":null,"Value":39412},{"Length":339,"Height":116,"Demand":1,"DemandMax":null,"Value":39324},{"Length":122,"Height":322,"Demand":1,"DemandMax":null,"Value":39284},{"Length":117,"Height":335,"Demand":1,"DemandMax":null,"Value":39195},{"Length":106,"Height":366,"Demand":1,"DemandMax":null,"Value":38796},{"Length":277,"Height":140,"Demand":1,"DemandMax":null,"Value":38780},{"Length":165,"Height":234,"Demand":1,"DemandMax":null,"Value":38610},{"Length":195,"Height":198,"Demand":1,"DemandMax":null,"Value":38610},{"Length":132,"Height":291,"Demand":1,"DemandMax":null,"Value":38412},{"Length":200,"Height":192,"Demand":1,"DemandMax":null,"Value":38400},{"Length":231,"Height":166,"Demand":1,"DemandMax":null,"Value":38346},{"Length":174,"Height":220,"Demand":1,"DemandMax":null,"Value":38280},{"Length":202,"Height":189,"Demand":1,"DemandMax":null,"Value":38178},{"Length":241,"Height":158,"Demand":1,"DemandMax":null,"Value":38078},{"Length":199,"Height":191,"Demand":1,"DemandMax":null,"Value":38009},{"Length":279,"Height":136,"Demand":1,"DemandMax":null,"Value":37944},{"Length":172,"Height":219,"Demand":1,"DemandMax":null,"Value":37668},{"Length":220,"Height":170,"Demand":1,"DemandMax":null,"Value":37400},{"Length":171,"Height":218,"Demand":1,"DemandMax":null,"Value":37278},{"Length":189,"Height":197,"Demand":1,"DemandMax":null,"Value":37233},{"Length":201,"Height":185,"Demand":1,"DemandMax":null,"Value":37185},{"Length":353,"Height":105,"Demand":1,"DemandMax":null,"Value":37065},{"Length":218,"Height":170,"Demand":1,"DemandMax":null,"Value":37060},{"Length":143,"Height":259,"Demand":1,"DemandMax":null,"Value":37037},{"Length":129,"Height":287,"Demand":1,"DemandMax":null,"Value":37023},{"Length":120,"Height":308,"Demand":1,"DemandMax":null,"Value":36960},{"Length":122,"Height":302,"Demand":1,"DemandMax":null,"Value":36844},{"Length":279,"Height":132,"Demand":1,"DemandMax":null,"Value":36828},{"Length":233,"Height":158,"Demand":1,"DemandMax":null,"Value":36814},{"Length":172,"Height":214,"Demand":1,"DemandMax":null,"Value":36808},{"Length":299,"Height":123,"Demand":1,"DemandMax":null,"Value":36777},{"Length":237,"Height":155,"Demand":1,"DemandMax":null,"Value":36735},{"Length":311,"Height":117,"Demand":1,"DemandMax":null,"Value":36387},{"Length":319,"Height":113,"Demand":1,"DemandMax":null,"Value":36047},{"Length":286,"Height":126,"Demand":1,"DemandMax":null,"Value":36036},{"Length":115,"Height":313,"Demand":1,"DemandMax":null,"Value":35995},{"Length":167,"Height":215,"Demand":1,"DemandMax":null,"Value":35905},{"Length":374,"Height":95,"Demand":1,"DemandMax":null,"Value":35530},{"Length":182,"Height":195,"Demand":1,"DemandMax":null,"Value":35490},{"Length":325,"Height":109,"Demand":1,"DemandMax":null,"Value":35425},{"Length":144,"Height":246,"Demand":1,"DemandMax":null,"Value":35424},{"Length":276,"Height":128,"Demand":1,"DemandMax":null,"Value":35328},{"Length":214,"Height":165,"Demand":1,"DemandMax":null,"Value":35310},{"Length":95,"Height":367,"Demand":1,"DemandMax":null,"Value":34865},{"Length":228,"Height":152,"Demand":1,"DemandMax":null,"Value":34656},{"Length":216,"Height":160,"Demand":1,"DemandMax":null,"Value":34560},{"Length":325,"Height":106,"Demand":1,"DemandMax":null,"Value":34450},{"Length":94,"Height":365,"Demand":1,"DemandMax":null,"Value":34310},{"Length":194,"Height":176,"Demand":1,"DemandMax":null,"Value":34144},{"Length":120,"Height":284,"Demand":1,"DemandMax":null,"Value":34080},{"Length":245,"Height":139,"Demand":1,"DemandMax":null,"Value":34055},{"Length":94,"Height":360,"Demand":1,"DemandMax":null,"Value":33840},{"Length":165,"Height":205,"Demand":1,"DemandMax":null,"Value":33825},{"Length":138,"Height":245,"Demand":1,"DemandMax":null,"Value":33810},{"Length":125,"Height":270,"Demand":1,"DemandMax":null,"Value":33750},{"Length":90,"Height":374,"Demand":1,"DemandMax":null,"Value":33660},{"Length":235,"Height":143,"Demand":1,"DemandMax":null,"Value":33605},{"Length":357,"Height":94,"Demand":1,"DemandMax":null,"Value":33558},{"Length":216,"Height":155,"Demand":1,"DemandMax":null,"Value":33480},{"Length":109,"Height":307,"Demand":1,"DemandMax":null,"Value":33463},{"Length":152,"Height":220,"Demand":1,"DemandMax":null,"Value":33440},{"Length":154,"Height":217,"Demand":1,"DemandMax":null,"Value":33418},{"Length":290,"Height":115,"Demand":1,"DemandMax":null,"Value":33350},{"Length":93,"Height":358,"Demand":1,"DemandMax":null,"Value":33294},{"Length":338,"Height":98,"Demand":1,"DemandMax":null,"Value":33124},{"Length":367,"Height":90,"Demand":1,"DemandMax":null,"Value":33030},{"Length":157,"Height":210,"Demand":1,"DemandMax":null,"Value":32970},{"Length":106,"Height":310,"Demand":1,"DemandMax":null,"Value":32860},{"Length":216,"Height":150,"Demand":1,"DemandMax":null,"Value":32400},{"Length":358,"Height":90,"Demand":1,"DemandMax":null,"Value":32220},{"Length":137,"Height":234,"Demand":1,"DemandMax":null,"Value":32058},{"Length":139,"Height":230,"Demand":1,"DemandMax":null,"Value":31970},{"Length":91,"Height":350,"Demand":1,"DemandMax":null,"Value":31850},{"Length":117,"Height":272,"Demand":1,"DemandMax":null,"Value":31824},{"Length":114,"Height":279,"Demand":1,"DemandMax":null,"Value":31806},{"Length":349,"Height":91,"Demand":1,"DemandMax":null,"Value":31759},{"Length":145,"Height":219,"Demand":1,"DemandMax":null,"Value":31755},{"Length":85,"Height":373,"Demand":1,"DemandMax":null,"Value":31705},{"Length":149,"Height":212,"Demand":1,"DemandMax":null,"Value":31588},{"Length":93,"Height":339,"Demand":1,"DemandMax":null,"Value":31527},{"Length":362,"Height":87,"Demand":1,"DemandMax":null,"Value":31494},{"Length":258,"Height":122,"Demand":1,"DemandMax":null,"Value":31476},{"Length":132,"Height":237,"Demand":1,"DemandMax":null,"Value":31284},{"Length":219,"Height":142,"Demand":1,"DemandMax":null,"Value":31098},{"Length":165,"Height":188,"Demand":1,"DemandMax":null,"Value":31020},{"Length":133,"Height":233,"Demand":1,"DemandMax":null,"Value":30989},{"Length":132,"Height":234,"Demand":1,"DemandMax":null,"Value":30888},{"Length":98,"Height":315,"Demand":1,"DemandMax":null,"Value":30870},{"Length":241,"Height":128,"Demand":1,"DemandMax":null,"Value":30848},{"Length":137,"Height":225,"Demand":1,"DemandMax":null,"Value":30825},{"Length":259,"Height":119,"Demand":1,"DemandMax":null,"Value":30821},{"Length":125,"Height":246,"Demand":1,"DemandMax":null,"Value":30750},{"Length":135,"Height":227,"Demand":1,"DemandMax":null,"Value":30645},{"Length":332,"Height":92,"Demand":1,"DemandMax":null,"Value":30544},{"Length":185,"Height":165,"Demand":1,"DemandMax":null,"Value":30525},{"Length":252,"Height":121,"Demand":1,"DemandMax":null,"Value":30492},{"Length":206,"Height":148,"Demand":1,"DemandMax":null,"Value":30488},{"Length":360,"Height":84,"Demand":1,"DemandMax":null,"Value":30240},{"Length":126,"Height":238,"Demand":1,"DemandMax":null,"Value":29988},{"Length":305,"Height":98,"Demand":1,"DemandMax":null,"Value":29890},{"Length":134,"Height":222,"Demand":1,"DemandMax":null,"Value":29748},{"Length":102,"Height":290,"Demand":1,"DemandMax":null,"Value":29580},{"Length":118,"Height":250,"Demand":1,"DemandMax":null,"Value":29500},{"Length":103,"Height":286,"Demand":1,"DemandMax":null,"Value":29458},{"Length":95,"Height":310,"Demand":1,"DemandMax":null,"Value":29450},{"Length":92,"Height":320,"Demand":1,"DemandMax":null,"Value":29440},{"Length":237,"Height":124,"Demand":1,"DemandMax":null,"Value":29388},{"Length":119,"Height":246,"Demand":1,"DemandMax":null,"Value":29274},{"Length":105,"Height":278,"Demand":1,"DemandMax":null,"Value":29190},{"Length":198,"Height":147,"Demand":1,"DemandMax":null,"Value":29106},{"Length":180,"Height":161,"Demand":1,"DemandMax":null,"Value":28980},{"Length":307,"Height":94,"Demand":1,"DemandMax":null,"Value":28858},{"Length":90,"Height":320,"Demand":1,"DemandMax":null,"Value":28800},{"Length":231,"Height":124,"Demand":1,"DemandMax":null,"Value":28644},{"Length":218,"Height":131,"Demand":1,"DemandMax":null,"Value":28558},{"Length":132,"Height":216,"Demand":1,"DemandMax":null,"Value":28512},{"Length":141,"Height":202,"Demand":1,"DemandMax":null,"Value":28482},{"Length":94,"Height":303,"Demand":1,"DemandMax":null,"Value":28482},{"Length":311,"Height":91,"Demand":1,"DemandMax":null,"Value":28301},{"Length":358,"Height":79,"Demand":1,"DemandMax":null,"Value":28282},{"Length":205,"Height":137,"Demand":1,"DemandMax":null,"Value":28085},{"Length":152,"Height":184,"Demand":1,"DemandMax":null,"Value":27968},{"Length":76,"Height":368,"Demand":1,"DemandMax":null,"Value":27968},{"Length":204,"Height":137,"Demand":1,"DemandMax":null,"Value":27948},{"Length":229,"Height":122,"Demand":1,"DemandMax":null,"Value":27938},{"Length":128,"Height":218,"Demand":1,"DemandMax":null,"Value":27904},{"Length":367,"Height":76,"Demand":1,"DemandMax":null,"Value":27892},{"Length":327,"Height":85,"Demand":1,"DemandMax":null,"Value":27795},{"Length":111,"Height":249,"Demand":1,"DemandMax":null,"Value":27639},{"Length":93,"Height":295,"Demand":1,"DemandMax":null,"Value":27435},{"Length":347,"Height":79,"Demand":1,"DemandMax":null,"Value":27413},{"Length":327,"Height":83,"Demand":1,"DemandMax":null,"Value":27141},{"Length":370,"Height":73,"Demand":1,"DemandMax":null,"Value":27010},{"Length":365,"Height":74,"Demand":1,"DemandMax":null,"Value":27010},{"Length":105,"Height":257,"Demand":1,"DemandMax":null,"Value":26985},{"Length":182,"Height":148,"Demand":1,"DemandMax":null,"Value":26936},{"Length":129,"Height":208,"Demand":1,"DemandMax":null,"Value":26832},{"Length":353,"Height":76,"Demand":1,"DemandMax":null,"Value":26828},{"Length":323,"Height":83,"Demand":1,"DemandMax":null,"Value":26809},{"Length":73,"Height":367,"Demand":1,"DemandMax":null,"Value":26791},{"Length":200,"Height":133,"Demand":1,"DemandMax":null,"Value":26600},{"Length":277,"Height":96,"Demand":1,"DemandMax":null,"Value":26592},{"Length":86,"Height":306,"Demand":1,"DemandMax":null,"Value":26316},{"Length":102,"Height":257,"Demand":1,"DemandMax":null,"Value":26214},{"Length":111,"Height":236,"Demand":1,"DemandMax":null,"Value":26196},{"Length":275,"Height":95,"Demand":1,"DemandMax":null,"Value":26125},{"Length":123,"Height":212,"Demand":1,"DemandMax":null,"Value":26076},{"Length":133,"Height":196,"Demand":1,"DemandMax":null,"Value":26068},{"Length":83,"Height":314,"Demand":1,"DemandMax":null,"Value":26062},{"Length":79,"Height":329,"Demand":1,"DemandMax":null,"Value":25991},{"Length":120,"Height":216,"Demand":1,"DemandMax":null,"Value":25920},{"Length":331,"Height":78,"Demand":1,"DemandMax":null,"Value":25818},{"Length":344,"Height":75,"Demand":1,"DemandMax":null,"Value":25800},{"Length":145,"Height":177,"Demand":1,"DemandMax":null,"Value":25665},{"Length":288,"Height":89,"Demand":1,"DemandMax":null,"Value":25632},{"Length":149,"Height":172,"Demand":1,"DemandMax":null,"Value":25628},{"Length":190,"Height":134,"Demand":1,"DemandMax":null,"Value":25460},{"Length":123,"Height":206,"Demand":1,"DemandMax":null,"Value":25338},{"Length":101,"Height":249,"Demand":1,"DemandMax":null,"Value":25149},{"Length":138,"Height":181,"Demand":1,"DemandMax":null,"Value":24978},{"Length":113,"Height":221,"Demand":1,"DemandMax":null,"Value":24973},{"Length":72,"Height":345,"Demand":1,"DemandMax":null,"Value":24840},{"Length":107,"Height":232,"Demand":1,"DemandMax":null,"Value":24824},{"Length":73,"Height":340,"Demand":1,"DemandMax":null,"Value":24820},{"Length":91,"Height":272,"Demand":1,"DemandMax":null,"Value":24752},{"Length":369,"Height":67,"Demand":1,"DemandMax":null,"Value":24723},{"Length":199,"Height":124,"Demand":1,"DemandMax":null,"Value":24676},{"Length":114,"Height":216,"Demand":1,"DemandMax":null,"Value":24624},{"Length":241,"Height":102,"Demand":1,"DemandMax":null,"Value":24582},{"Length":78,"Height":315,"Demand":1,"DemandMax":null,"Value":24570},{"Length":85,"Height":289,"Demand":1,"DemandMax":null,"Value":24565},{"Length":248,"Height":99,"Demand":1,"DemandMax":null,"Value":24552},{"Length":175,"Height":140,"Demand":1,"DemandMax":null,"Value":24500},{"Length":213,"Height":115,"Demand":1,"DemandMax":null,"Value":24495},{"Length":126,"Height":194,"Demand":1,"DemandMax":null,"Value":24444},{"Length":297,"Height":82,"Demand":1,"DemandMax":null,"Value":24354},{"Length":94,"Height":259,"Demand":1,"DemandMax":null,"Value":24346},{"Length":195,"Height":124,"Demand":1,"DemandMax":null,"Value":24180},{"Length":158,"Height":153,"Demand":1,"DemandMax":null,"Value":24174},{"Length":101,"Height":236,"Demand":1,"DemandMax":null,"Value":23836},{"Length":93,"Height":255,"Demand":1,"DemandMax":null,"Value":23715},{"Length":292,"Height":81,"Demand":1,"DemandMax":null,"Value":23652},{"Length":165,"Height":143,"Demand":1,"DemandMax":null,"Value":23595},{"Length":202,"Height":116,"Demand":1,"DemandMax":null,"Value":23432},{"Length":207,"Height":113,"Demand":1,"DemandMax":null,"Value":23391},{"Length":121,"Height":192,"Demand":1,"DemandMax":null,"Value":23232},{"Length":215,"Height":108,"Demand":1,"DemandMax":null,"Value":23220},{"Length":213,"Height":109,"Demand":1,"DemandMax":null,"Value":23217},{"Length":356,"Height":65,"Demand":1,"DemandMax":null,"Value":23140},{"Length":214,"Height":108,"Demand":1,"DemandMax":null,"Value":23112},{"Length":199,"Height":116,"Demand":1,"DemandMax":null,"Value":23084},{"Length":110,"Height":209,"Demand":1,"DemandMax":null,"Value":22990},{"Length":264,"Height":87,"Demand":1,"DemandMax":null,"Value":22968},{"Length":160,"Height":143,"Demand":1,"DemandMax":null,"Value":22880},{"Length":131,"Height":174,"Demand":1,"DemandMax":null,"Value":22794},{"Length":109,"Height":209,"Demand":1,"DemandMax":null,"Value":22781},{"Length":355,"Height":64,"Demand":1,"DemandMax":null,"Value":22720},{"Length":291,"Height":78,"Demand":1,"DemandMax":null,"Value":22698},{"Length":120,"Height":189,"Demand":1,"DemandMax":null,"Value":22680},{"Length":177,"Height":128,"Demand":1,"DemandMax":null,"Value":22656},{"Length":318,"Height":71,"Demand":1,"DemandMax":null,"Value":22578},{"Length":129,"Height":173,"Demand":1,"DemandMax":null,"Value":22317},{"Length":70,"Height":317,"Demand":1,"DemandMax":null,"Value":22190},{"Length":95,"Height":233,"Demand":1,"DemandMax":null,"Value":22135},{"Length":165,"Height":134,"Demand":1,"DemandMax":null,"Value":22110},{"Length":77,"Height":287,"Demand":1,"DemandMax":null,"Value":22099},{"Length":90,"Height":244,"Demand":1,"DemandMax":null,"Value":21960},{"Length":314,"Height":69,"Demand":1,"DemandMax":null,"Value":21666},{"Length":361,"Height":60,"Demand":1,"DemandMax":null,"Value":21660},{"Length":67,"Height":323,"Demand":1,"DemandMax":null,"Value":21641},{"Length":125,"Height":173,"Demand":1,"DemandMax":null,"Value":21625},{"Length":337,"Height":64,"Demand":1,"DemandMax":null,"Value":21568},{"Length":79,"Height":272,"Demand":1,"DemandMax":null,"Value":21488},{"Length":370,"Height":58,"Demand":1,"DemandMax":null,"Value":21460},{"Length":72,"Height":298,"Demand":1,"DemandMax":null,"Value":21456},{"Length":221,"Height":97,"Demand":1,"DemandMax":null,"Value":21437},{"Length":92,"Height":232,"Demand":1,"DemandMax":null,"Value":21344},{"Length":361,"Height":59,"Demand":1,"DemandMax":null,"Value":21299},{"Length":94,"Height":226,"Demand":1,"DemandMax":null,"Value":21244},{"Length":58,"Height":366,"Demand":1,"DemandMax":null,"Value":21228},{"Length":147,"Height":144,"Demand":1,"DemandMax":null,"Value":21168},{"Length":86,"Height":246,"Demand":1,"DemandMax":null,"Value":21156},{"Length":76,"Height":278,"Demand":1,"DemandMax":null,"Value":21128},{"Length":297,"Height":71,"Demand":1,"DemandMax":null,"Value":21087},{"Length":104,"Height":202,"Demand":1,"DemandMax":null,"Value":21008},{"Length":88,"Height":236,"Demand":1,"DemandMax":null,"Value":20768},{"Length":238,"Height":87,"Demand":1,"DemandMax":null,"Value":20706},{"Length":333,"Height":62,"Demand":1,"DemandMax":null,"Value":20646},{"Length":303,"Height":68,"Demand":1,"DemandMax":null,"Value":20604},{"Length":86,"Height":239,"Demand":1,"DemandMax":null,"Value":20554},{"Length":63,"Height":326,"Demand":1,"DemandMax":null,"Value":20538},{"Length":182,"Height":112,"Demand":1,"DemandMax":null,"Value":20384},{"Length":258,"Height":79,"Demand":1,"DemandMax":null,"Value":20382},{"Length":146,"Height":139,"Demand":1,"DemandMax":null,"Value":20294},{"Length":130,"Height":156,"Demand":1,"DemandMax":null,"Value":20280},{"Length":362,"Height":56,"Demand":1,"DemandMax":null,"Value":20272},{"Length":134,"Height":149,"Demand":1,"DemandMax":null,"Value":19966},{"Length":214,"Height":93,"Demand":1,"DemandMax":null,"Value":19902},{"Length":292,"Height":68,"Demand":1,"DemandMax":null,"Value":19856},{"Length":204,"Height":97,"Demand":1,"DemandMax":null,"Value":19788},{"Length":295,"Height":67,"Demand":1,"DemandMax":null,"Value":19765},{"Length":65,"Height":301,"Demand":1,"DemandMax":null,"Value":19565},{"Length":163,"Height":119,"Demand":1,"DemandMax":null,"Value":19397},{"Length":194,"Height":99,"Demand":1,"DemandMax":null,"Value":19206},{"Length":163,"Height":117,"Demand":1,"DemandMax":null,"Value":19071},{"Length":238,"Height":80,"Demand":1,"DemandMax":null,"Value":19040},{"Length":60,"Height":316,"Demand":1,"DemandMax":null,"Value":18960},{"Length":243,"Height":78,"Demand":1,"DemandMax":null,"Value":18954},{"Length":92,"Height":205,"Demand":1,"DemandMax":null,"Value":18860},{"Length":112,"Height":168,"Demand":1,"DemandMax":null,"Value":18816},{"Length":67,"Height":280,"Demand":1,"DemandMax":null,"Value":18760},{"Length":218,"Height":86,"Demand":1,"DemandMax":null,"Value":18748},{"Length":126,"Height":147,"Demand":1,"DemandMax":null,"Value":18522},{"Length":276,"Height":67,"Demand":1,"DemandMax":null,"Value":18492},{"Length":246,"Height":75,"Demand":1,"DemandMax":null,"Value":18450},{"Length":215,"Height":85,"Demand":1,"DemandMax":null,"Value":18275},{"Length":318,"Height":57,"Demand":1,"DemandMax":null,"Value":18126},{"Length":51,"Height":355,"Demand":1,"DemandMax":null,"Value":18105},{"Length":50,"Height":362,"Demand":1,"DemandMax":null,"Value":18100},{"Length":115,"Height":156,"Demand":1,"DemandMax":null,"Value":17940},{"Length":100,"Height":179,"Demand":1,"DemandMax":null,"Value":17900},{"Length":94,"Height":190,"Demand":1,"DemandMax":null,"Value":17860},{"Length":105,"Height":170,"Demand":1,"DemandMax":null,"Value":17850},{"Length":119,"Height":150,"Demand":1,"DemandMax":null,"Value":17850},{"Length":92,"Height":194,"Demand":1,"DemandMax":null,"Value":17848},{"Length":323,"Height":55,"Demand":1,"DemandMax":null,"Value":17765},{"Length":265,"Height":67,"Demand":1,"DemandMax":null,"Value":17755},{"Length":53,"Height":334,"Demand":1,"DemandMax":null,"Value":17702},{"Length":73,"Height":242,"Demand":1,"DemandMax":null,"Value":17666},{"Length":280,"Height":63,"Demand":1,"DemandMax":null,"Value":17640},{"Length":282,"Height":62,"Demand":1,"DemandMax":null,"Value":17484},{"Length":173,"Height":101,"Demand":1,"DemandMax":null,"Value":17473},{"Length":54,"Height":320,"Demand":1,"DemandMax":null,"Value":17280},{"Length":84,"Height":205,"Demand":1,"DemandMax":null,"Value":17220},{"Length":215,"Height":80,"Demand":1,"DemandMax":null,"Value":17200},{"Length":263,"Height":65,"Demand":1,"DemandMax":null,"Value":17095},{"Length":68,"Height":251,"Demand":1,"DemandMax":null,"Value":17068},{"Length":95,"Height":178,"Demand":1,"DemandMax":null,"Value":16910},{"Length":115,"Height":147,"Demand":1,"DemandMax":null,"Value":16905},{"Length":136,"Height":124,"Demand":1,"DemandMax":null,"Value":16864},{"Length":295,"Height":57,"Demand":1,"DemandMax":null,"Value":16815},{"Length":60,"Height":280,"Demand":1,"DemandMax":null,"Value":16800},{"Length":57,"Height":294,"Demand":1,"DemandMax":null,"Value":16758},{"Length":59,"Height":284,"Demand":1,"DemandMax":null,"Value":16756},{"Length":87,"Height":192,"Demand":1,"DemandMax":null,"Value":16704},{"Length":55,"Height":303,"Demand":1,"DemandMax":null,"Value":16665},{"Length":162,"Height":102,"Demand":1,"DemandMax":null,"Value":16524},{"Length":97,"Height":170,"Demand":1,"DemandMax":null,"Value":16490},{"Length":72,"Height":228,"Demand":1,"DemandMax":null,"Value":16416},{"Length":164,"Height":100,"Demand":1,"DemandMax":null,"Value":16400},{"Length":90,"Height":181,"Demand":1,"DemandMax":null,"Value":16290},{"Length":200,"Height":81,"Demand":1,"DemandMax":null,"Value":16200},{"Length":110,"Height":147,"Demand":1,"DemandMax":null,"Value":16170},{"Length":63,"Height":256,"Demand":1,"DemandMax":null,"Value":16128},{"Length":63,"Height":255,"Demand":1,"DemandMax":null,"Value":16065},{"Length":200,"Height":80,"Demand":1,"DemandMax":null,"Value":16000},{"Length":144,"Height":111,"Demand":1,"DemandMax":null,"Value":15984},{"Length":262,"Height":61,"Demand":1,"DemandMax":null,"Value":15982},{"Length":70,"Height":228,"Demand":1,"DemandMax":null,"Value":15960},{"Length":275,"Height":58,"Demand":1,"DemandMax":null,"Value":15950},{"Length":204,"Height":78,"Demand":1,"DemandMax":null,"Value":15912},{"Length":117,"Height":136,"Demand":1,"DemandMax":null,"Value":15912},{"Length":50,"Height":318,"Demand":1,"DemandMax":null,"Value":15900},{"Length":269,"Height":59,"Demand":1,"DemandMax":null,"Value":15871},{"Length":65,"Height":244,"Demand":1,"DemandMax":null,"Value":15860},{"Length":53,"Height":299,"Demand":1,"DemandMax":null,"Value":15847},{"Length":184,"Height":86,"Demand":1,"DemandMax":null,"Value":15824},{"Length":58,"Height":272,"Demand":1,"DemandMax":null,"Value":15776},{"Length":321,"Height":49,"Demand":1,"DemandMax":null,"Value":15729},{"Length":56,"Height":278,"Demand":1,"DemandMax":null,"Value":15568},{"Length":47,"Height":331,"Demand":1,"DemandMax":null,"Value":15557},{"Length":157,"Height":99,"Demand":1,"DemandMax":null,"Value":15543},{"Length":49,"Height":317,"Demand":1,"DemandMax":null,"Value":15533},{"Length":61,"Height":254,"Demand":1,"DemandMax":null,"Value":15494},{"Length":230,"Height":67,"Demand":1,"DemandMax":null,"Value":15410},{"Length":341,"Height":45,"Demand":1,"DemandMax":null,"Value":15345},{"Length":144,"Height":106,"Demand":1,"DemandMax":null,"Value":15264},{"Length":89,"Height":171,"Demand":1,"DemandMax":null,"Value":15219},{"Length":360,"Height":42,"Demand":1,"DemandMax":null,"Value":15120},{"Length":48,"Height":314,"Demand":1,"DemandMax":null,"Value":15072},{"Length":46,"Height":327,"Demand":1,"DemandMax":null,"Value":15042},{"Length":231,"Height":64,"Demand":1,"DemandMax":null,"Value":14784},{"Length":133,"Height":111,"Demand":1,"DemandMax":null,"Value":14763},{"Length":320,"Height":46,"Demand":1,"DemandMax":null,"Value":14720},{"Length":107,"Height":137,"Demand":1,"DemandMax":null,"Value":14659},{"Length":125,"Height":117,"Demand":1,"DemandMax":null,"Value":14625},{"Length":89,"Height":164,"Demand":1,"DemandMax":null,"Value":14596},{"Length":44,"Height":329,"Demand":1,"DemandMax":null,"Value":14476},{"Length":88,"Height":164,"Demand":1,"DemandMax":null,"Value":14432},{"Length":136,"Height":106,"Demand":1,"DemandMax":null,"Value":14416},{"Length":76,"Height":187,"Demand":1,"DemandMax":null,"Value":14212},{"Length":40,"Height":355,"Demand":1,"DemandMax":null,"Value":14200},{"Length":80,"Height":177,"Demand":1,"DemandMax":null,"Value":14160},{"Length":202,"Height":70,"Demand":1,"DemandMax":null,"Value":14140},{"Length":150,"Height":93,"Demand":1,"DemandMax":null,"Value":13950},{"Length":44,"Height":316,"Demand":1,"DemandMax":null,"Value":13904},{"Length":100,"Height":139,"Demand":1,"DemandMax":null,"Value":13900},{"Length":315,"Height":44,"Demand":1,"DemandMax":null,"Value":13860},{"Length":111,"Height":123,"Demand":1,"DemandMax":null,"Value":13653},{"Length":105,"Height":129,"Demand":1,"DemandMax":null,"Value":13545},{"Length":104,"Height":130,"Demand":1,"DemandMax":null,"Value":13520},{"Length":44,"Height":306,"Demand":1,"DemandMax":null,"Value":13464},{"Length":78,"Height":172,"Demand":1,"DemandMax":null,"Value":13416},{"Length":45,"Height":297,"Demand":1,"DemandMax":null,"Value":13365},{"Length":341,"Height":39,"Demand":1,"DemandMax":null,"Value":13299},{"Length":340,"Height":39,"Demand":1,"DemandMax":null,"Value":13260},{"Length":97,"Height":136,"Demand":1,"DemandMax":null,"Value":13192},{"Length":39,"Height":338,"Demand":1,"DemandMax":null,"Value":13182},{"Length":61,"Height":215,"Demand":1,"DemandMax":null,"Value":13115},{"Length":75,"Height":174,"Demand":1,"DemandMax":null,"Value":13050},{"Length":61,"Height":213,"Demand":1,"DemandMax":null,"Value":12993},{"Length":136,"Height":95,"Demand":1,"DemandMax":null,"Value":12920},{"Length":137,"Height":94,"Demand":1,"DemandMax":null,"Value":12878},{"Length":126,"Height":102,"Demand":1,"DemandMax":null,"Value":12852},{"Length":367,"Height":35,"Demand":1,"DemandMax":null,"Value":12845},{"Length":104,"Height":123,"Demand":1,"DemandMax":null,"Value":12792},{"Length":166,"Height":77,"Demand":1,"DemandMax":null,"Value":12782},{"Length":38,"Height":332,"Demand":1,"DemandMax":null,"Value":12616},{"Length":369,"Height":34,"Demand":1,"DemandMax":null,"Value":12546},{"Length":95,"Height":132,"Demand":1,"DemandMax":null,"Value":12540},{"Length":118,"Height":105,"Demand":1,"DemandMax":null,"Value":12390},{"Length":83,"Height":149,"Demand":1,"DemandMax":null,"Value":12367},{"Length":242,"Height":51,"Demand":1,"DemandMax":null,"Value":12342},{"Length":373,"Height":33,"Demand":1,"DemandMax":null,"Value":12309},{"Length":116,"Height":106,"Demand":1,"DemandMax":null,"Value":12296},{"Length":36,"Height":339,"Demand":1,"DemandMax":null,"Value":12204},{"Length":325,"Height":37,"Demand":1,"DemandMax":null,"Value":12025},{"Length":167,"Height":72,"Demand":1,"DemandMax":null,"Value":12024},{"Length":184,"Height":65,"Demand":1,"DemandMax":null,"Value":11960},{"Length":33,"Height":362,"Demand":1,"DemandMax":null,"Value":11946},{"Length":87,"Height":137,"Demand":1,"DemandMax":null,"Value":11919},{"Length":90,"Height":132,"Demand":1,"DemandMax":null,"Value":11880},{"Length":236,"Height":50,"Demand":1,"DemandMax":null,"Value":11800},{"Length":62,"Height":190,"Demand":1,"DemandMax":null,"Value":11780},{"Length":122,"Height":96,"Demand":1,"DemandMax":null,"Value":11712},{"Length":223,"Height":52,"Demand":1,"DemandMax":null,"Value":11596},{"Length":48,"Height":241,"Demand":1,"DemandMax":null,"Value":11568},{"Length":50,"Height":231,"Demand":1,"DemandMax":null,"Value":11550},{"Length":50,"Height":230,"Demand":1,"DemandMax":null,"Value":11500},{"Length":161,"Height":71,"Demand":1,"DemandMax":null,"Value":11431},{"Length":141,"Height":81,"Demand":1,"DemandMax":null,"Value":11421},{"Length":47,"Height":241,"Demand":1,"DemandMax":null,"Value":11327},{"Length":101,"Height":112,"Demand":1,"DemandMax":null,"Value":11312},{"Length":87,"Height":130,"Demand":1,"DemandMax":null,"Value":11310},{"Length":215,"Height":52,"Demand":1,"DemandMax":null,"Value":11180},{"Length":129,"Height":86,"Demand":1,"DemandMax":null,"Value":11094},{"Length":132,"Height":84,"Demand":1,"DemandMax":null,"Value":11088},{"Length":336,"Height":33,"Demand":1,"DemandMax":null,"Value":11088},{"Length":284,"Height":39,"Demand":1,"DemandMax":null,"Value":11076},{"Length":41,"Height":270,"Demand":1,"DemandMax":null,"Value":11070},{"Length":72,"Height":153,"Demand":1,"DemandMax":null,"Value":11016},{"Length":332,"Height":33,"Demand":1,"DemandMax":null,"Value":10956},{"Length":49,"Height":223,"Demand":1,"DemandMax":null,"Value":10927},{"Length":41,"Height":265,"Demand":1,"DemandMax":null,"Value":10865},{"Length":361,"Height":30,"Demand":1,"DemandMax":null,"Value":10830},{"Length":41,"Height":264,"Demand":1,"DemandMax":null,"Value":10824},{"Length":103,"Height":105,"Demand":1,"DemandMax":null,"Value":10815},{"Length":147,"Height":73,"Demand":1,"DemandMax":null,"Value":10731},{"Length":315,"Height":34,"Demand":1,"DemandMax":null,"Value":10710},{"Length":71,"Height":149,"Demand":1,"DemandMax":null,"Value":10579},{"Length":375,"Height":28,"Demand":1,"DemandMax":null,"Value":10500},{"Length":95,"Height":110,"Demand":1,"DemandMax":null,"Value":10450},{"Length":87,"Height":120,"Demand":1,"DemandMax":null,"Value":10440},{"Length":50,"Height":208,"Demand":1,"DemandMax":null,"Value":10400},{"Length":214,"Height":48,"Demand":1,"DemandMax":null,"Value":10272},{"Length":320,"Height":32,"Demand":1,"DemandMax":null,"Value":10240},{"Length":146,"Height":70,"Demand":1,"DemandMax":null,"Value":10220},{"Length":46,"Height":222,"Demand":1,"DemandMax":null,"Value":10212},{"Length":28,"Height":363,"Demand":1,"DemandMax":null,"Value":10164},{"Length":77,"Height":132,"Demand":1,"DemandMax":null,"Value":10164},{"Length":166,"Height":61,"Demand":1,"DemandMax":null,"Value":10126},{"Length":76,"Height":133,"Demand":1,"DemandMax":null,"Value":10108},{"Length":39,"Height":259,"Demand":1,"DemandMax":null,"Value":10101},{"Length":42,"Height":239,"Demand":1,"DemandMax":null,"Value":10038},{"Length":358,"Height":28,"Demand":1,"DemandMax":null,"Value":10024},{"Length":119,"Height":84,"Demand":1,"DemandMax":null,"Value":9996},{"Length":276,"Height":36,"Demand":1,"DemandMax":null,"Value":9936},{"Length":28,"Height":354,"Demand":1,"DemandMax":null,"Value":9912},{"Length":62,"Height":159,"Demand":1,"DemandMax":null,"Value":9858},{"Length":73,"Height":135,"Demand":1,"DemandMax":null,"Value":9855},{"Length":69,"Height":142,"Demand":1,"DemandMax":null,"Value":9798},{"Length":28,"Height":349,"Demand":1,"DemandMax":null,"Value":9772},{"Length":37,"Height":263,"Demand":1,"DemandMax":null,"Value":9731},{"Length":44,"Height":221,"Demand":1,"DemandMax":null,"Value":9724},{"Length":254,"Height":38,"Demand":1,"DemandMax":null,"Value":9652},{"Length":241,"Height":40,"Demand":1,"DemandMax":null,"Value":9640},{"Length":169,"Height":57,"Demand":1,"DemandMax":null,"Value":9633},{"Length":36,"Height":265,"Demand":1,"DemandMax":null,"Value":9540},{"Length":249,"Height":38,"Demand":1,"DemandMax":null,"Value":9462},{"Length":102,"Height":92,"Demand":1,"DemandMax":null,"Value":9384},{"Length":204,"Height":46,"Demand":1,"DemandMax":null,"Value":9384},{"Length":38,"Height":243,"Demand":1,"DemandMax":null,"Value":9234},{"Length":92,"Height":100,"Demand":1,"DemandMax":null,"Value":9200},{"Length":30,"Height":305,"Demand":1,"DemandMax":null,"Value":9150},{"Length":63,"Height":144,"Demand":1,"DemandMax":null,"Value":9072},{"Length":78,"Height":116,"Demand":1,"DemandMax":null,"Value":9048},{"Length":85,"Height":106,"Demand":1,"DemandMax":null,"Value":9010},{"Length":105,"Height":85,"Demand":1,"DemandMax":null,"Value":8925},{"Length":61,"Height":146,"Demand":1,"DemandMax":null,"Value":8906},{"Length":25,"Height":356,"Demand":1,"DemandMax":null,"Value":8900},{"Length":111,"Height":80,"Demand":1,"DemandMax":null,"Value":8880},{"Length":44,"Height":198,"Demand":1,"DemandMax":null,"Value":8712},{"Length":311,"Height":28,"Demand":1,"DemandMax":null,"Value":8708},{"Length":48,"Height":180,"Demand":1,"DemandMax":null,"Value":8640},{"Length":39,"Height":220,"Demand":1,"DemandMax":null,"Value":8580},{"Length":161,"Height":53,"Demand":1,"DemandMax":null,"Value":8533},{"Length":174,"Height":49,"Demand":1,"DemandMax":null,"Value":8526},{"Length":303,"Height":28,"Demand":1,"DemandMax":null,"Value":8484},{"Length":27,"Height":313,"Demand":1,"DemandMax":null,"Value":8451},{"Length":48,"Height":176,"Demand":1,"DemandMax":null,"Value":8448},{"Length":301,"Height":28,"Demand":1,"DemandMax":null,"Value":8428},{"Length":247,"Height":34,"Demand":1,"DemandMax":null,"Value":8398},{"Length":45,"Height":186,"Demand":1,"DemandMax":null,"Value":8370},{"Length":261,"Height":32,"Demand":1,"DemandMax":null,"Value":8352},{"Length":176,"Height":47,"Demand":1,"DemandMax":null,"Value":8272},{"Length":229,"Height":36,"Demand":1,"DemandMax":null,"Value":8244},{"Length":32,"Height":257,"Demand":1,"DemandMax":null,"Value":8224},{"Length":164,"Height":50,"Demand":1,"DemandMax":null,"Value":8200},{"Length":63,"Height":130,"Demand":1,"DemandMax":null,"Value":8190},{"Length":129,"Height":63,"Demand":1,"DemandMax":null,"Value":8127},{"Length":102,"Height":78,"Demand":1,"DemandMax":null,"Value":7956},{"Length":317,"Height":25,"Demand":1,"DemandMax":null,"Value":7925},{"Length":33,"Height":240,"Demand":1,"DemandMax":null,"Value":7920},{"Length":121,"Height":65,"Demand":1,"DemandMax":null,"Value":7865},{"Length":49,"Height":160,"Demand":1,"DemandMax":null,"Value":7840},{"Length":48,"Height":163,"Demand":1,"DemandMax":null,"Value":7824},{"Length":186,"Height":42,"Demand":1,"DemandMax":null,"Value":7812},{"Length":25,"Height":312,"Demand":1,"DemandMax":null,"Value":7800},{"Length":26,"Height":300,"Demand":1,"DemandMax":null,"Value":7800},{"Length":130,"Height":60,"Demand":1,"DemandMax":null,"Value":7800},{"Length":45,"Height":173,"Demand":1,"DemandMax":null,"Value":7785},{"Length":113,"Height":68,"Demand":1,"DemandMax":null,"Value":7684},{"Length":295,"Height":26,"Demand":1,"DemandMax":null,"Value":7670},{"Length":48,"Height":159,"Demand":1,"DemandMax":null,"Value":7632},{"Length":109,"Height":70,"Demand":1,"DemandMax":null,"Value":7630},{"Length":149,"Height":51,"Demand":1,"DemandMax":null,"Value":7599},{"Length":37,"Height":204,"Demand":1,"DemandMax":null,"Value":7548},{"Length":99,"Height":76,"Demand":1,"DemandMax":null,"Value":7524},{"Length":141,"Height":53,"Demand":1,"DemandMax":null,"Value":7473},{"Length":158,"Height":47,"Demand":1,"DemandMax":null,"Value":7426},{"Length":34,"Height":217,"Demand":1,"DemandMax":null,"Value":7378},{"Length":251,"Height":29,"Demand":1,"DemandMax":null,"Value":7279},{"Length":97,"Height":75,"Demand":1,"DemandMax":null,"Value":7275},{"Length":151,"Height":48,"Demand":1,"DemandMax":null,"Value":7248},{"Length":134,"Height":54,"Demand":1,"DemandMax":null,"Value":7236},{"Length":56,"Height":129,"Demand":1,"DemandMax":null,"Value":7224},{"Length":175,"Height":41,"Demand":1,"DemandMax":null,"Value":7175},{"Length":30,"Height":237,"Demand":1,"DemandMax":null,"Value":7110},{"Length":169,"Height":42,"Demand":1,"DemandMax":null,"Value":7098},{"Length":73,"Height":97,"Demand":1,"DemandMax":null,"Value":7081},{"Length":60,"Height":118,"Demand":1,"DemandMax":null,"Value":7080},{"Length":100,"Height":70,"Demand":1,"DemandMax":null,"Value":7000},{"Length":280,"Height":25,"Demand":1,"DemandMax":null,"Value":7000},{"Length":204,"Height":34,"Demand":1,"DemandMax":null,"Value":6936},{"Length":38,"Height":182,"Demand":1,"DemandMax":null,"Value":6916},{"Length":100,"Height":69,"Demand":1,"DemandMax":null,"Value":6900},{"Length":69,"Height":99,"Demand":1,"DemandMax":null,"Value":6831},{"Length":220,"Height":31,"Demand":1,"DemandMax":null,"Value":6820},{"Length":50,"Height":136,"Demand":1,"DemandMax":null,"Value":6800},{"Length":219,"Height":31,"Demand":1,"DemandMax":null,"Value":6789},{"Length":64,"Height":106,"Demand":1,"DemandMax":null,"Value":6784},{"Length":41,"Height":165,"Demand":1,"DemandMax":null,"Value":6765},{"Length":44,"Height":153,"Demand":1,"DemandMax":null,"Value":6732},{"Length":167,"Height":40,"Demand":1,"DemandMax":null,"Value":6680},{"Length":266,"Height":25,"Demand":1,"DemandMax":null,"Value":6650},{"Length":189,"Height":35,"Demand":1,"DemandMax":null,"Value":6615},{"Length":68,"Height":97,"Demand":1,"DemandMax":null,"Value":6596},{"Length":98,"Height":67,"Demand":1,"DemandMax":null,"Value":6566},{"Length":82,"Height":78,"Demand":1,"DemandMax":null,"Value":6396},{"Length":127,"Height":50,"Demand":1,"DemandMax":null,"Value":6350},{"Length":32,"Height":198,"Demand":1,"DemandMax":null,"Value":6336},{"Length":90,"Height":70,"Demand":1,"DemandMax":null,"Value":6300},{"Length":131,"Height":48,"Demand":1,"DemandMax":null,"Value":6288},{"Length":34,"Height":181,"Demand":1,"DemandMax":null,"Value":6154},{"Length":56,"Height":108,"Demand":1,"DemandMax":null,"Value":6048},{"Length":32,"Height":185,"Demand":1,"DemandMax":null,"Value":5920},{"Length":84,"Height":69,"Demand":1,"DemandMax":null,"Value":5796},{"Length":89,"Height":65,"Demand":1,"DemandMax":null,"Value":5785},{"Length":28,"Height":206,"Demand":1,"DemandMax":null,"Value":5768},{"Length":169,"Height":34,"Demand":1,"DemandMax":null,"Value":5746},{"Length":45,"Height":126,"Demand":1,"DemandMax":null,"Value":5670},{"Length":174,"Height":32,"Demand":1,"DemandMax":null,"Value":5568},{"Length":50,"Height":108,"Demand":1,"DemandMax":null,"Value":5400},{"Length":35,"Height":152,"Demand":1,"DemandMax":null,"Value":5320},{"Length":197,"Height":27,"Demand":1,"DemandMax":null,"Value":5319},{"Length":128,"Height":41,"Demand":1,"DemandMax":null,"Value":5248},{"Length":53,"Height":99,"Demand":1,"DemandMax":null,"Value":5247},{"Length":37,"Height":141,"Demand":1,"DemandMax":null,"Value":5217},{"Length":40,"Height":130,"Demand":1,"DemandMax":null,"Value":5200},{"Length":107,"Height":48,"Demand":1,"DemandMax":null,"Value":5136},{"Length":170,"Height":30,"Demand":1,"DemandMax":null,"Value":5100},{"Length":76,"Height":67,"Demand":1,"DemandMax":null,"Value":5092},{"Length":71,"Height":71,"Demand":1,"DemandMax":null,"Value":5041},{"Length":141,"Height":35,"Demand":1,"DemandMax":null,"Value":4935},{"Length":164,"Height":30,"Demand":1,"DemandMax":null,"Value":4920},{"Length":44,"Height":109,"Demand":1,"DemandMax":null,"Value":4796},{"Length":35,"Height":137,"Demand":1,"DemandMax":null,"Value":4795},{"Length":56,"Height":85,"Demand":1,"DemandMax":null,"Value":4760},{"Length":47,"Height":101,"Demand":1,"DemandMax":null,"Value":4747},{"Length":26,"Height":182,"Demand":1,"DemandMax":null,"Value":4732},{"Length":33,"Height":140,"Demand":1,"DemandMax":null,"Value":4620},{"Length":32,"Height":144,"Demand":1,"DemandMax":null,"Value":4608},{"Length":90,"Height":51,"Demand":1,"DemandMax":null,"Value":4590},{"Length":148,"Height":30,"Demand":1,"DemandMax":null,"Value":4440},{"Length":106,"Height":41,"Demand":1,"DemandMax":null,"Value":4346},{"Length":64,"Height":67,"Demand":1,"DemandMax":null,"Value":4288},{"Length":29,"Height":145,"Demand":1,"DemandMax":null,"Value":4205},{"Length":100,"Height":42,"Demand":1,"DemandMax":null,"Value":4200},{"Length":53,"Height":79,"Demand":1,"DemandMax":null,"Value":4187},{"Length":135,"Height":31,"Demand":1,"DemandMax":null,"Value":4185},{"Length":36,"Height":115,"Demand":1,"DemandMax":null,"Value":4140},{"Length":25,"Height":162,"Demand":1,"DemandMax":null,"Value":4050},{"Length":154,"Height":26,"Demand":1,"DemandMax":null,"Value":4004},{"Length":110,"Height":36,"Demand":1,"DemandMax":null,"Value":3960},{"Length":74,"Height":51,"Demand":1,"DemandMax":null,"Value":3774},{"Length":38,"Height":97,"Demand":1,"DemandMax":null,"Value":3686},{"Length":118,"Height":30,"Demand":1,"DemandMax":null,"Value":3540},{"Length":40,"Height":87,"Demand":1,"DemandMax":null,"Value":3480},{"Length":98,"Height":35,"Demand":1,"DemandMax":null,"Value":3430},{"Length":34,"Height":94,"Demand":1,"DemandMax":null,"Value":3196},{"Length":28,"Height":114,"Demand":1,"DemandMax":null,"Value":3192},{"Length":67,"Height":47,"Demand":1,"DemandMax":null,"Value":3149},{"Length":65,"Height":47,"Demand":1,"DemandMax":null,"Value":3055},{"Length":117,"Height":26,"Demand":1,"DemandMax":null,"Value":3042},{"Length":96,"Height":31,"Demand":1,"DemandMax":null,"Value":2976},{"Length":69,"Height":39,"Demand":1,"DemandMax":null,"Value":2691},{"Length":72,"Height":36,"Demand":1,"DemandMax":null,"Value":2592},{"Length":46,"Height":55,"Demand":1,"DemandMax":null,"Value":2530},{"Length":37,"Height":67,"Demand":1,"DemandMax":null,"Value":2479},{"Length":49,"Height":50,"Demand":1,"DemandMax":null,"Value":2450},{"Length":28,"Height":87,"Demand":1,"DemandMax":null,"Value":2436},{"Length":36,"Height":67,"Demand":1,"DemandMax":null,"Value":2412},{"Length":45,"Height":50,"Demand":1,"DemandMax":null,"Value":2250},{"Length":49,"Height":43,"Demand":1,"DemandMax":null,"Value":2107},{"Length":83,"Height":25,"Demand":1,"DemandMax":null,"Value":2075},{"Length":32,"Height":62,"Demand":1,"DemandMax":null,"Value":1984},{"Length":67,"Height":29,"Demand":1,"DemandMax":null,"Value":1943},{"Length":46,"Height":34,"Demand":1,"DemandMax":null,"Value":1564},{"Length":25,"Height":50,"Demand":1,"DemandMax":null,"Value":1250},{"Length":26,"Height":34,"Demand":1,"DemandMax":null,"Value":884}]}