{"Name":"AH107","Objects":[{"Length":1000,"Height":2807,"Stock":null,"Cost":2807000}],"Items":[{"Length":82,"Height":87,"Demand":100,"DemandMax":null,"Value":7134},{"Length":85,"Height":74,"Demand":100,"DemandMax":null,"Value":6290},{"Length":35,"Height":90,"Demand":100,"DemandMax":null,"Value":3150},{"Length":54,"Height":45,"Demand":100,"DemandMax":null,"Value":2430},{"Length":36,"Height":63,"Demand":100,"DemandMax":null,"Value":2268},{"Length":66,"Height":29,"Demand":100,"DemandMax":null,"Value":1914},{"Length":45,"Height":38,"Demand":100,"DemandMax":null,"Value":1710},{"Length":72,"Height":19,"Demand":100,"DemandMax":null,"Value":1368},{"Length":21,"Height":51,"Demand":100,"DemandMax":null,"Value":1071},{"Length":66,"Height":11,"Demand":100,"DemandMax":null,"Value":726}]}