{"Name":"AH321","Objects":[{"Length":1000,"Height":2503,"Stock":null,"Cost":2503000}],"Items":[{"Length":74,"Height":75,"Demand":1,"DemandMax":null,"Value":5550},{"Length":73,"Height":75,"Demand":1,"DemandMax":null,"Value":5475},{"Length":74,"Height":73,"Demand":1,"DemandMax":null,"Value":5402},{"Length":72,"Height":75,"Demand":1,"DemandMax":null,"Value":5400},{"Length":75,"Height":71,"Demand":1,"DemandMax":null,"Value":5325},{"Length":73,"Height":72,"Demand":1,"DemandMax":null,"Value":5256},{"Length":71,"Height":74,"Demand":1,"DemandMax":null,"Value":5254},{"Length":70,"Height":75,"Demand":1,"DemandMax":null,"Value":5250},{"Length":72,"Height":72,"Demand":1,"DemandMax":null,"Value":5184},{"Length":71,"Height":73,"Demand":1,"DemandMax":null,"Value":5183},{"Length":74,"Height":70,"Demand":1,"DemandMax":null,"Value":5180},{"Length":75,"Height":69,"Demand":1,"DemandMax":null,"Value":5175},{"Length":72,"Height":71,"Demand":1,"DemandMax":null,"Value":5112},{"Length":69,"Height":74,"Demand":1,"DemandMax":null,"Value":5106},{"Length":75,"Height":68,"Demand":1,"DemandMax":null,"Value":5100},{"Length":71,"Height":71,"Demand":1,"DemandMax":null,"Value":5041},{"Length":70,"Height":72,"Demand":1,"DemandMax":null,"Value":5040},{"Length":69,"Height":73,"Demand":1,"DemandMax":null,"Value":5037},{"Length":71,"Height":70,"Demand":1,"DemandMax":null,"Value":4970},{"Length":72,"Height":69,"Demand":1,"DemandMax":null,"Value":4968},{"Length":73,"Height":68,"Demand":1,"DemandMax":null,"Value":4964},{"Length":67,"Height":74,"Demand":1,"DemandMax":null,"Value":4958},{"Length":75,"Height":66,"Demand":1,"DemandMax":null,"Value":4950},{"Length":70,"Height":70,"Demand":1,"DemandMax":null,"Value":4900},{"Length":69,"Height":71,"Demand":1,"DemandMax":null,"Value":4899},{"Length":72,"Height":68,"Demand":1,"DemandMax":null,"Value":4896},{"Length":73,"Height":67,"Demand":1,"DemandMax":null,"Value":4891},{"Length":75,"Height":65,"Demand":1,"DemandMax":null,"Value":4875},{"Length":69,"Height":70,"Demand":1,"DemandMax":null,"Value":4830},{"Length":67,"Height":72,"Demand":1,"DemandMax":null,"Value":4824},{"Length":73,"Height":66,"Demand":1,"DemandMax":null,"Value":4818},{"Length":65,"Height":74,"Demand":1,"DemandMax":null,"Value":4810},{"Length":64,"Height":75,"Demand":1,"DemandMax":null,"Value":4800},{"Length":70,"Height":68,"Demand":1,"DemandMax":null,"Value":4760},{"Length":67,"Height":71,"Demand":1,"DemandMax":null,"Value":4757},{"Length":72,"Height":66,"Demand":1,"DemandMax":null,"Value":4752},{"Length":74,"Height":64,"Demand":1,"DemandMax":null,"Value":4736},{"Length":75,"Height":63,"Demand":1,"DemandMax":null,"Value":4725},{"Length":68,"Height":69,"Demand":1,"DemandMax":null,"Value":4692},{"Length":66,"Height":71,"Demand":1,"DemandMax":null,"Value":4686},{"Length":65,"Height":72,"Demand":1,"DemandMax":null,"Value":4680},{"Length":64,"Height":73,"Demand":1,"DemandMax":null,"Value":4672},{"Length":74,"Height":63,"Demand":1,"DemandMax":null,"Value":4662},{"Length":62,"Height":75,"Demand":1,"DemandMax":null,"Value":4650},{"Length":69,"Height":67,"Demand":1,"DemandMax":null,"Value":4623},{"Length":70,"Height":66,"Demand":1,"DemandMax":null,"Value":4620},{"Length":64,"Height":72,"Demand":1,"DemandMax":null,"Value":4608},{"Length":63,"Height":73,"Demand":1,"DemandMax":null,"Value":4599},{"Length":65,"Height":70,"Demand":1,"DemandMax":null,"Value":4550},{"Length":71,"Height":64,"Demand":1,"DemandMax":null,"Value":4544},{"Length":63,"Height":72,"Demand":1,"DemandMax":null,"Value":4536},{"Length":74,"Height":61,"Demand":1,"DemandMax":null,"Value":4514},{"Length":75,"Height":60,"Demand":1,"DemandMax":null,"Value":4500},{"Length":67,"Height":67,"Demand":1,"DemandMax":null,"Value":4489},{"Length":69,"Height":65,"Demand":1,"DemandMax":null,"Value":4485},{"Length":70,"Height":64,"Demand":1,"DemandMax":null,"Value":4480},{"Length":71,"Height":63,"Demand":1,"DemandMax":null,"Value":4473},{"Length":61,"Height":73,"Demand":1,"DemandMax":null,"Value":4453},{"Length":74,"Height":60,"Demand":1,"DemandMax":null,"Value":4440},{"Length":75,"Height":59,"Demand":1,"DemandMax":null,"Value":4425},{"Length":67,"Height":66,"Demand":1,"DemandMax":null,"Value":4422},{"Length":69,"Height":64,"Demand":1,"DemandMax":null,"Value":4416},{"Length":70,"Height":63,"Demand":1,"DemandMax":null,"Value":4410},{"Length":61,"Height":72,"Demand":1,"DemandMax":null,"Value":4392},{"Length":60,"Height":73,"Demand":1,"DemandMax":null,"Value":4380},{"Length":59,"Height":74,"Demand":1,"DemandMax":null,"Value":4366},{"Length":66,"Height":66,"Demand":1,"DemandMax":null,"Value":4356},{"Length":68,"Height":64,"Demand":1,"DemandMax":null,"Value":4352},{"Length":69,"Height":63,"Demand":1,"DemandMax":null,"Value":4347},{"Length":70,"Height":62,"Demand":1,"DemandMax":null,"Value":4340},{"Length":61,"Height":71,"Demand":1,"DemandMax":null,"Value":4331},{"Length":72,"Height":60,"Demand":1,"DemandMax":null,"Value":4320},{"Length":59,"Height":73,"Demand":1,"DemandMax":null,"Value":4307},{"Length":61,"Height":70,"Demand":1,"DemandMax":null,"Value":4270},{"Length":60,"Height":71,"Demand":1,"DemandMax":null,"Value":4260},{"Length":72,"Height":59,"Demand":1,"DemandMax":null,"Value":4248},{"Length":58,"Height":73,"Demand":1,"DemandMax":null,"Value":4234},{"Length":66,"Height":64,"Demand":1,"DemandMax":null,"Value":4224},{"Length":74,"Height":57,"Demand":1,"DemandMax":null,"Value":4218},{"Length":68,"Height":62,"Demand":1,"DemandMax":null,"Value":4216},{"Length":61,"Height":69,"Demand":1,"DemandMax":null,"Value":4209},{"Length":70,"Height":60,"Demand":1,"DemandMax":null,"Value":4200},{"Length":58,"Height":72,"Demand":1,"DemandMax":null,"Value":4176},{"Length":73,"Height":57,"Demand":1,"DemandMax":null,"Value":4161},{"Length":65,"Height":64,"Demand":1,"DemandMax":null,"Value":4160},{"Length":63,"Height":66,"Demand":1,"DemandMax":null,"Value":4158},{"Length":62,"Height":67,"Demand":1,"DemandMax":null,"Value":4154},{"Length":61,"Height":68,"Demand":1,"DemandMax":null,"Value":4148},{"Length":60,"Height":69,"Demand":1,"DemandMax":null,"Value":4140},{"Length":59,"Height":70,"Demand":1,"DemandMax":null,"Value":4130},{"Length":55,"Height":75,"Demand":1,"DemandMax":null,"Value":4125},{"Length":58,"Height":71,"Demand":1,"DemandMax":null,"Value":4118},{"Length":57,"Height":72,"Demand":1,"DemandMax":null,"Value":4104},{"Length":64,"Height":64,"Demand":1,"DemandMax":null,"Value":4096},{"Length":62,"Height":66,"Demand":1,"DemandMax":null,"Value":4092},{"Length":56,"Height":73,"Demand":1,"DemandMax":null,"Value":4088},{"Length":61,"Height":67,"Demand":1,"DemandMax":null,"Value":4087},{"Length":60,"Height":68,"Demand":1,"DemandMax":null,"Value":4080},{"Length":74,"Height":55,"Demand":1,"DemandMax":null,"Value":4070},{"Length":58,"Height":70,"Demand":1,"DemandMax":null,"Value":4060},{"Length":75,"Height":54,"Demand":1,"DemandMax":null,"Value":4050},{"Length":57,"Height":71,"Demand":1,"DemandMax":null,"Value":4047},{"Length":72,"Height":56,"Demand":1,"DemandMax":null,"Value":4032},{"Length":64,"Height":63,"Demand":1,"DemandMax":null,"Value":4032},{"Length":62,"Height":65,"Demand":1,"DemandMax":null,"Value":4030},{"Length":61,"Height":66,"Demand":1,"DemandMax":null,"Value":4026},{"Length":67,"Height":60,"Demand":1,"DemandMax":null,"Value":4020},{"Length":73,"Height":55,"Demand":1,"DemandMax":null,"Value":4015},{"Length":54,"Height":74,"Demand":1,"DemandMax":null,"Value":3996},{"Length":70,"Height":57,"Demand":1,"DemandMax":null,"Value":3990},{"Length":75,"Height":53,"Demand":1,"DemandMax":null,"Value":3975},{"Length":62,"Height":64,"Demand":1,"DemandMax":null,"Value":3968},{"Length":66,"Height":60,"Demand":1,"DemandMax":null,"Value":3960},{"Length":72,"Height":55,"Demand":1,"DemandMax":null,"Value":3960},{"Length":59,"Height":67,"Demand":1,"DemandMax":null,"Value":3953},{"Length":58,"Height":68,"Demand":1,"DemandMax":null,"Value":3944},{"Length":73,"Height":54,"Demand":1,"DemandMax":null,"Value":3942},{"Length":69,"Height":57,"Demand":1,"DemandMax":null,"Value":3933},{"Length":53,"Height":74,"Demand":1,"DemandMax":null,"Value":3922},{"Length":70,"Height":56,"Demand":1,"DemandMax":null,"Value":3920},{"Length":63,"Height":62,"Demand":1,"DemandMax":null,"Value":3906},{"Length":66,"Height":59,"Demand":1,"DemandMax":null,"Value":3894},{"Length":54,"Height":72,"Demand":1,"DemandMax":null,"Value":3888},{"Length":67,"Height":58,"Demand":1,"DemandMax":null,"Value":3886},{"Length":57,"Height":68,"Demand":1,"DemandMax":null,"Value":3876},{"Length":69,"Height":56,"Demand":1,"DemandMax":null,"Value":3864},{"Length":55,"Height":70,"Demand":1,"DemandMax":null,"Value":3850},{"Length":74,"Height":52,"Demand":1,"DemandMax":null,"Value":3848},{"Length":63,"Height":61,"Demand":1,"DemandMax":null,"Value":3843},{"Length":65,"Height":59,"Demand":1,"DemandMax":null,"Value":3835},{"Length":71,"Height":54,"Demand":1,"DemandMax":null,"Value":3834},{"Length":66,"Height":58,"Demand":1,"DemandMax":null,"Value":3828},{"Length":67,"Height":57,"Demand":1,"DemandMax":null,"Value":3819},{"Length":53,"Height":72,"Demand":1,"DemandMax":null,"Value":3816},{"Length":62,"Height":61,"Demand":1,"DemandMax":null,"Value":3782},{"Length":63,"Height":60,"Demand":1,"DemandMax":null,"Value":3780},{"Length":59,"Height":64,"Demand":1,"DemandMax":null,"Value":3776},{"Length":51,"Height":74,"Demand":1,"DemandMax":null,"Value":3774},{"Length":65,"Height":58,"Demand":1,"DemandMax":null,"Value":3770},{"Length":71,"Height":53,"Demand":1,"DemandMax":null,"Value":3763},{"Length":66,"Height":57,"Demand":1,"DemandMax":null,"Value":3762},{"Length":56,"Height":67,"Demand":1,"DemandMax":null,"Value":3752},{"Length":75,"Height":50,"Demand":1,"DemandMax":null,"Value":3750},{"Length":52,"Height":72,"Demand":1,"DemandMax":null,"Value":3744},{"Length":68,"Height":55,"Demand":1,"DemandMax":null,"Value":3740},{"Length":69,"Height":54,"Demand":1,"DemandMax":null,"Value":3726},{"Length":51,"Height":73,"Demand":1,"DemandMax":null,"Value":3723},{"Length":62,"Height":60,"Demand":1,"DemandMax":null,"Value":3720},{"Length":63,"Height":59,"Demand":1,"DemandMax":null,"Value":3717},{"Length":70,"Height":53,"Demand":1,"DemandMax":null,"Value":3710},{"Length":65,"Height":57,"Demand":1,"DemandMax":null,"Value":3705},{"Length":50,"Height":74,"Demand":1,"DemandMax":null,"Value":3700},{"Length":56,"Height":66,"Demand":1,"DemandMax":null,"Value":3696},{"Length":67,"Height":55,"Demand":1,"DemandMax":null,"Value":3685},{"Length":75,"Height":49,"Demand":1,"DemandMax":null,"Value":3675},{"Length":72,"Height":51,"Demand":1,"DemandMax":null,"Value":3672},{"Length":68,"Height":54,"Demand":1,"DemandMax":null,"Value":3672},{"Length":59,"Height":62,"Demand":1,"DemandMax":null,"Value":3658},{"Length":69,"Height":53,"Demand":1,"DemandMax":null,"Value":3657},{"Length":58,"Height":63,"Demand":1,"DemandMax":null,"Value":3654},{"Length":64,"Height":57,"Demand":1,"DemandMax":null,"Value":3648},{"Length":70,"Height":52,"Demand":1,"DemandMax":null,"Value":3640},{"Length":56,"Height":65,"Demand":1,"DemandMax":null,"Value":3640},{"Length":55,"Height":66,"Demand":1,"DemandMax":null,"Value":3630},{"Length":49,"Height":74,"Demand":1,"DemandMax":null,"Value":3626},{"Length":71,"Height":51,"Demand":1,"DemandMax":null,"Value":3621},{"Length":54,"Height":67,"Demand":1,"DemandMax":null,"Value":3618},{"Length":68,"Height":53,"Demand":1,"DemandMax":null,"Value":3604},{"Length":61,"Height":59,"Demand":1,"DemandMax":null,"Value":3599},{"Length":58,"Height":62,"Demand":1,"DemandMax":null,"Value":3596},{"Length":69,"Height":52,"Demand":1,"DemandMax":null,"Value":3588},{"Length":56,"Height":64,"Demand":1,"DemandMax":null,"Value":3584},{"Length":55,"Height":65,"Demand":1,"DemandMax":null,"Value":3575},{"Length":51,"Height":70,"Demand":1,"DemandMax":null,"Value":3570},{"Length":66,"Height":54,"Demand":1,"DemandMax":null,"Value":3564},{"Length":74,"Height":48,"Demand":1,"DemandMax":null,"Value":3552},{"Length":53,"Height":67,"Demand":1,"DemandMax":null,"Value":3551},{"Length":68,"Height":52,"Demand":1,"DemandMax":null,"Value":3536},{"Length":57,"Height":62,"Demand":1,"DemandMax":null,"Value":3534},{"Length":63,"Height":56,"Demand":1,"DemandMax":null,"Value":3528},{"Length":72,"Height":49,"Demand":1,"DemandMax":null,"Value":3528},{"Length":69,"Height":51,"Demand":1,"DemandMax":null,"Value":3519},{"Length":65,"Height":54,"Demand":1,"DemandMax":null,"Value":3510},{"Length":70,"Height":50,"Demand":1,"DemandMax":null,"Value":3500},{"Length":53,"Height":66,"Demand":1,"DemandMax":null,"Value":3498},{"Length":52,"Height":67,"Demand":1,"DemandMax":null,"Value":3484},{"Length":59,"Height":59,"Demand":1,"DemandMax":null,"Value":3481},{"Length":58,"Height":60,"Demand":1,"DemandMax":null,"Value":3480},{"Length":71,"Height":49,"Demand":1,"DemandMax":null,"Value":3479},{"Length":74,"Height":47,"Demand":1,"DemandMax":null,"Value":3478},{"Length":56,"Height":62,"Demand":1,"DemandMax":null,"Value":3472},{"Length":51,"Height":68,"Demand":1,"DemandMax":null,"Value":3468},{"Length":63,"Height":55,"Demand":1,"DemandMax":null,"Value":3465},{"Length":54,"Height":64,"Demand":1,"DemandMax":null,"Value":3456},{"Length":75,"Height":46,"Demand":1,"DemandMax":null,"Value":3450},{"Length":50,"Height":69,"Demand":1,"DemandMax":null,"Value":3450},{"Length":53,"Height":65,"Demand":1,"DemandMax":null,"Value":3445},{"Length":66,"Height":52,"Demand":1,"DemandMax":null,"Value":3432},{"Length":73,"Height":47,"Demand":1,"DemandMax":null,"Value":3431},{"Length":59,"Height":58,"Demand":1,"DemandMax":null,"Value":3422},{"Length":57,"Height":60,"Demand":1,"DemandMax":null,"Value":3420},{"Length":56,"Height":61,"Demand":1,"DemandMax":null,"Value":3416},{"Length":55,"Height":62,"Demand":1,"DemandMax":null,"Value":3410},{"Length":71,"Height":48,"Demand":1,"DemandMax":null,"Value":3408},{"Length":46,"Height":74,"Demand":1,"DemandMax":null,"Value":3404},{"Length":54,"Height":63,"Demand":1,"DemandMax":null,"Value":3402},{"Length":68,"Height":50,"Demand":1,"DemandMax":null,"Value":3400},{"Length":53,"Height":64,"Demand":1,"DemandMax":null,"Value":3392},{"Length":47,"Height":72,"Demand":1,"DemandMax":null,"Value":3384},{"Length":69,"Height":49,"Demand":1,"DemandMax":null,"Value":3381},{"Length":52,"Height":65,"Demand":1,"DemandMax":null,"Value":3380},{"Length":66,"Height":51,"Demand":1,"DemandMax":null,"Value":3366},{"Length":59,"Height":57,"Demand":1,"DemandMax":null,"Value":3363},{"Length":56,"Height":60,"Demand":1,"DemandMax":null,"Value":3360},{"Length":48,"Height":70,"Demand":1,"DemandMax":null,"Value":3360},{"Length":55,"Height":61,"Demand":1,"DemandMax":null,"Value":3355},{"Length":50,"Height":67,"Demand":1,"DemandMax":null,"Value":3350},{"Length":54,"Height":62,"Demand":1,"DemandMax":null,"Value":3348},{"Length":53,"Height":63,"Demand":1,"DemandMax":null,"Value":3339},{"Length":68,"Height":49,"Demand":1,"DemandMax":null,"Value":3332},{"Length":74,"Height":45,"Demand":1,"DemandMax":null,"Value":3330},{"Length":64,"Height":52,"Demand":1,"DemandMax":null,"Value":3328},{"Length":51,"Height":65,"Demand":1,"DemandMax":null,"Value":3315},{"Length":46,"Height":72,"Demand":1,"DemandMax":null,"Value":3312},{"Length":50,"Height":66,"Demand":1,"DemandMax":null,"Value":3300},{"Length":55,"Height":60,"Demand":1,"DemandMax":null,"Value":3300},{"Length":54,"Height":61,"Demand":1,"DemandMax":null,"Value":3294},{"Length":47,"Height":70,"Demand":1,"DemandMax":null,"Value":3290},{"Length":73,"Height":45,"Demand":1,"DemandMax":null,"Value":3285},{"Length":67,"Height":49,"Demand":1,"DemandMax":null,"Value":3283},{"Length":52,"Height":63,"Demand":1,"DemandMax":null,"Value":3276},{"Length":46,"Height":71,"Demand":1,"DemandMax":null,"Value":3266},{"Length":68,"Height":48,"Demand":1,"DemandMax":null,"Value":3264},{"Length":44,"Height":74,"Demand":1,"DemandMax":null,"Value":3256},{"Length":58,"Height":56,"Demand":1,"DemandMax":null,"Value":3248},{"Length":69,"Height":47,"Demand":1,"DemandMax":null,"Value":3243},{"Length":54,"Height":60,"Demand":1,"DemandMax":null,"Value":3240},{"Length":45,"Height":72,"Demand":1,"DemandMax":null,"Value":3240},{"Length":61,"Height":53,"Demand":1,"DemandMax":null,"Value":3233},{"Length":75,"Height":43,"Demand":1,"DemandMax":null,"Value":3225},{"Length":70,"Height":46,"Demand":1,"DemandMax":null,"Value":3220},{"Length":67,"Height":48,"Demand":1,"DemandMax":null,"Value":3216},{"Length":51,"Height":63,"Demand":1,"DemandMax":null,"Value":3213},{"Length":73,"Height":44,"Demand":1,"DemandMax":null,"Value":3212},{"Length":64,"Height":50,"Demand":1,"DemandMax":null,"Value":3200},{"Length":68,"Height":47,"Demand":1,"DemandMax":null,"Value":3196},{"Length":45,"Height":71,"Demand":1,"DemandMax":null,"Value":3195},{"Length":55,"Height":58,"Demand":1,"DemandMax":null,"Value":3190},{"Length":59,"Height":54,"Demand":1,"DemandMax":null,"Value":3186},{"Length":65,"Height":49,"Demand":1,"DemandMax":null,"Value":3185},{"Length":46,"Height":69,"Demand":1,"DemandMax":null,"Value":3174},{"Length":52,"Height":61,"Demand":1,"DemandMax":null,"Value":3172},{"Length":48,"Height":66,"Demand":1,"DemandMax":null,"Value":3168},{"Length":44,"Height":72,"Demand":1,"DemandMax":null,"Value":3168},{"Length":62,"Height":51,"Demand":1,"DemandMax":null,"Value":3162},{"Length":70,"Height":45,"Demand":1,"DemandMax":null,"Value":3150},{"Length":42,"Height":75,"Demand":1,"DemandMax":null,"Value":3150},{"Length":63,"Height":50,"Demand":1,"DemandMax":null,"Value":3150},{"Length":67,"Height":47,"Demand":1,"DemandMax":null,"Value":3149},{"Length":73,"Height":43,"Demand":1,"DemandMax":null,"Value":3139},{"Length":49,"Height":64,"Demand":1,"DemandMax":null,"Value":3136},{"Length":55,"Height":57,"Demand":1,"DemandMax":null,"Value":3135},{"Length":58,"Height":54,"Demand":1,"DemandMax":null,"Value":3132},{"Length":68,"Height":46,"Demand":1,"DemandMax":null,"Value":3128},{"Length":59,"Height":53,"Demand":1,"DemandMax":null,"Value":3127},{"Length":44,"Height":71,"Demand":1,"DemandMax":null,"Value":3124},{"Length":60,"Height":52,"Demand":1,"DemandMax":null,"Value":3120},{"Length":61,"Height":51,"Demand":1,"DemandMax":null,"Value":3111},{"Length":42,"Height":74,"Demand":1,"DemandMax":null,"Value":3108},{"Length":69,"Height":45,"Demand":1,"DemandMax":null,"Value":3105},{"Length":47,"Height":66,"Demand":1,"DemandMax":null,"Value":3102},{"Length":50,"Height":62,"Demand":1,"DemandMax":null,"Value":3100},{"Length":72,"Height":43,"Demand":1,"DemandMax":null,"Value":3096},{"Length":63,"Height":49,"Demand":1,"DemandMax":null,"Value":3087},{"Length":56,"Height":55,"Demand":1,"DemandMax":null,"Value":3080},{"Length":54,"Height":57,"Demand":1,"DemandMax":null,"Value":3078},{"Length":75,"Height":41,"Demand":1,"DemandMax":null,"Value":3075},{"Length":58,"Height":53,"Demand":1,"DemandMax":null,"Value":3074},{"Length":64,"Height":48,"Demand":1,"DemandMax":null,"Value":3072},{"Length":59,"Height":52,"Demand":1,"DemandMax":null,"Value":3068},{"Length":45,"Height":68,"Demand":1,"DemandMax":null,"Value":3060},{"Length":60,"Height":51,"Demand":1,"DemandMax":null,"Value":3060},{"Length":65,"Height":47,"Demand":1,"DemandMax":null,"Value":3055},{"Length":71,"Height":43,"Demand":1,"DemandMax":null,"Value":3053},{"Length":49,"Height":62,"Demand":1,"DemandMax":null,"Value":3038},{"Length":74,"Height":41,"Demand":1,"DemandMax":null,"Value":3034},{"Length":55,"Height":55,"Demand":1,"DemandMax":null,"Value":3025},{"Length":42,"Height":72,"Demand":1,"DemandMax":null,"Value":3024},{"Length":54,"Height":56,"Demand":1,"DemandMax":null,"Value":3024},{"Length":63,"Height":48,"Demand":1,"DemandMax":null,"Value":3024},{"Length":57,"Height":53,"Demand":1,"DemandMax":null,"Value":3021},{"Length":45,"Height":67,"Demand":1,"DemandMax":null,"Value":3015},{"Length":70,"Height":43,"Demand":1,"DemandMax":null,"Value":3010},{"Length":75,"Height":40,"Demand":1,"DemandMax":null,"Value":3000},{"Length":41,"Height":73,"Demand":1,"DemandMax":null,"Value":2993},{"Length":68,"Height":44,"Demand":1,"DemandMax":null,"Value":2992},{"Length":65,"Height":46,"Demand":1,"DemandMax":null,"Value":2990},{"Length":61,"Height":49,"Demand":1,"DemandMax":null,"Value":2989},{"Length":71,"Height":42,"Demand":1,"DemandMax":null,"Value":2982},{"Length":62,"Height":48,"Demand":1,"DemandMax":null,"Value":2976},{"Length":54,"Height":55,"Demand":1,"DemandMax":null,"Value":2970},{"Length":56,"Height":53,"Demand":1,"DemandMax":null,"Value":2968},{"Length":69,"Height":43,"Demand":1,"DemandMax":null,"Value":2967},{"Length":52,"Height":57,"Demand":1,"DemandMax":null,"Value":2964},{"Length":63,"Height":47,"Demand":1,"DemandMax":null,"Value":2961},{"Length":74,"Height":40,"Demand":1,"DemandMax":null,"Value":2960},{"Length":51,"Height":58,"Demand":1,"DemandMax":null,"Value":2958},{"Length":41,"Height":72,"Demand":1,"DemandMax":null,"Value":2952},{"Length":59,"Height":50,"Demand":1,"DemandMax":null,"Value":2950},{"Length":46,"Height":64,"Demand":1,"DemandMax":null,"Value":2944},{"Length":60,"Height":49,"Demand":1,"DemandMax":null,"Value":2940},{"Length":48,"Height":61,"Demand":1,"DemandMax":null,"Value":2928},{"Length":75,"Height":39,"Demand":1,"DemandMax":null,"Value":2925},{"Length":68,"Height":43,"Demand":1,"DemandMax":null,"Value":2924},{"Length":40,"Height":73,"Demand":1,"DemandMax":null,"Value":2920},{"Length":55,"Height":53,"Demand":1,"DemandMax":null,"Value":2915},{"Length":47,"Height":62,"Demand":1,"DemandMax":null,"Value":2914},{"Length":56,"Height":52,"Demand":1,"DemandMax":null,"Value":2912},{"Length":71,"Height":41,"Demand":1,"DemandMax":null,"Value":2911},{"Length":44,"Height":66,"Demand":1,"DemandMax":null,"Value":2904},{"Length":50,"Height":58,"Demand":1,"DemandMax":null,"Value":2900},{"Length":42,"Height":69,"Demand":1,"DemandMax":null,"Value":2898},{"Length":63,"Height":46,"Demand":1,"DemandMax":null,"Value":2898},{"Length":49,"Height":59,"Demand":1,"DemandMax":null,"Value":2891},{"Length":74,"Height":39,"Demand":1,"DemandMax":null,"Value":2886},{"Length":64,"Height":45,"Demand":1,"DemandMax":null,"Value":2880},{"Length":48,"Height":60,"Demand":1,"DemandMax":null,"Value":2880},{"Length":72,"Height":40,"Demand":1,"DemandMax":null,"Value":2880},{"Length":61,"Height":47,"Demand":1,"DemandMax":null,"Value":2867},{"Length":53,"Height":54,"Demand":1,"DemandMax":null,"Value":2862},{"Length":44,"Height":65,"Demand":1,"DemandMax":null,"Value":2860},{"Length":52,"Height":55,"Demand":1,"DemandMax":null,"Value":2860},{"Length":51,"Height":56,"Demand":1,"DemandMax":null,"Value":2856},{"Length":42,"Height":68,"Demand":1,"DemandMax":null,"Value":2856},{"Length":50,"Height":57,"Demand":1,"DemandMax":null,"Value":2850},{"Length":39,"Height":73,"Demand":1,"DemandMax":null,"Value":2847},{"Length":49,"Height":58,"Demand":1,"DemandMax":null,"Value":2842},{"Length":40,"Height":71,"Demand":1,"DemandMax":null,"Value":2840},{"Length":43,"Height":66,"Demand":1,"DemandMax":null,"Value":2838},{"Length":48,"Height":59,"Demand":1,"DemandMax":null,"Value":2832},{"Length":69,"Height":41,"Demand":1,"DemandMax":null,"Value":2829},{"Length":64,"Height":44,"Demand":1,"DemandMax":null,"Value":2816},{"Length":38,"Height":74,"Demand":1,"DemandMax":null,"Value":2812},{"Length":53,"Height":53,"Demand":1,"DemandMax":null,"Value":2809},{"Length":39,"Height":72,"Demand":1,"DemandMax":null,"Value":2808},{"Length":54,"Height":52,"Demand":1,"DemandMax":null,"Value":2808},{"Length":51,"Height":55,"Demand":1,"DemandMax":null,"Value":2805},{"Length":70,"Height":40,"Demand":1,"DemandMax":null,"Value":2800},{"Length":56,"Height":50,"Demand":1,"DemandMax":null,"Value":2800},{"Length":43,"Height":65,"Demand":1,"DemandMax":null,"Value":2795},{"Length":57,"Height":49,"Demand":1,"DemandMax":null,"Value":2793},{"Length":62,"Height":45,"Demand":1,"DemandMax":null,"Value":2790},{"Length":68,"Height":41,"Demand":1,"DemandMax":null,"Value":2788},{"Length":58,"Height":48,"Demand":1,"DemandMax":null,"Value":2784},{"Length":75,"Height":37,"Demand":1,"DemandMax":null,"Value":2775},{"Length":38,"Height":73,"Demand":1,"DemandMax":null,"Value":2774},{"Length":59,"Height":47,"Demand":1,"DemandMax":null,"Value":2773},{"Length":44,"Height":63,"Demand":1,"DemandMax":null,"Value":2772},{"Length":42,"Height":66,"Demand":1,"DemandMax":null,"Value":2772},{"Length":71,"Height":39,"Demand":1,"DemandMax":null,"Value":2769},{"Length":60,"Height":46,"Demand":1,"DemandMax":null,"Value":2760},{"Length":69,"Height":40,"Demand":1,"DemandMax":null,"Value":2760},{"Length":52,"Height":53,"Demand":1,"DemandMax":null,"Value":2756},{"Length":51,"Height":54,"Demand":1,"DemandMax":null,"Value":2754},{"Length":50,"Height":55,"Demand":1,"DemandMax":null,"Value":2750},{"Length":41,"Height":67,"Demand":1,"DemandMax":null,"Value":2747},{"Length":61,"Height":45,"Demand":1,"DemandMax":null,"Value":2745},{"Length":49,"Height":56,"Demand":1,"DemandMax":null,"Value":2744},{"Length":74,"Height":37,"Demand":1,"DemandMax":null,"Value":2738},{"Length":48,"Height":57,"Demand":1,"DemandMax":null,"Value":2736},{"Length":70,"Height":39,"Demand":1,"DemandMax":null,"Value":2730},{"Length":44,"Height":62,"Demand":1,"DemandMax":null,"Value":2728},{"Length":47,"Height":58,"Demand":1,"DemandMax":null,"Value":2726},{"Length":68,"Height":40,"Demand":1,"DemandMax":null,"Value":2720},{"Length":43,"Height":63,"Demand":1,"DemandMax":null,"Value":2709},{"Length":41,"Height":66,"Demand":1,"DemandMax":null,"Value":2706},{"Length":52,"Height":52,"Demand":1,"DemandMax":null,"Value":2704},{"Length":50,"Height":54,"Demand":1,"DemandMax":null,"Value":2700},{"Length":45,"Height":60,"Demand":1,"DemandMax":null,"Value":2700},{"Length":36,"Height":75,"Demand":1,"DemandMax":null,"Value":2700},{"Length":55,"Height":49,"Demand":1,"DemandMax":null,"Value":2695},{"Length":39,"Height":69,"Demand":1,"DemandMax":null,"Value":2691},{"Length":56,"Height":48,"Demand":1,"DemandMax":null,"Value":2688},{"Length":44,"Height":61,"Demand":1,"DemandMax":null,"Value":2684},{"Length":47,"Height":57,"Demand":1,"DemandMax":null,"Value":2679},{"Length":46,"Height":58,"Demand":1,"DemandMax":null,"Value":2668},{"Length":65,"Height":41,"Demand":1,"DemandMax":null,"Value":2665},{"Length":37,"Height":72,"Demand":1,"DemandMax":null,"Value":2664},{"Length":74,"Height":36,"Demand":1,"DemandMax":null,"Value":2664},{"Length":70,"Height":38,"Demand":1,"DemandMax":null,"Value":2660},{"Length":45,"Height":59,"Demand":1,"DemandMax":null,"Value":2655},{"Length":68,"Height":39,"Demand":1,"DemandMax":null,"Value":2652},{"Length":51,"Height":52,"Demand":1,"DemandMax":null,"Value":2652},{"Length":53,"Height":50,"Demand":1,"DemandMax":null,"Value":2650},{"Length":63,"Height":42,"Demand":1,"DemandMax":null,"Value":2646},{"Length":49,"Height":54,"Demand":1,"DemandMax":null,"Value":2646},{"Length":40,"Height":66,"Demand":1,"DemandMax":null,"Value":2640},{"Length":55,"Height":48,"Demand":1,"DemandMax":null,"Value":2640},{"Length":47,"Height":56,"Demand":1,"DemandMax":null,"Value":2632},{"Length":36,"Height":73,"Demand":1,"DemandMax":null,"Value":2628},{"Length":35,"Height":75,"Demand":1,"DemandMax":null,"Value":2625},{"Length":64,"Height":41,"Demand":1,"DemandMax":null,"Value":2624},{"Length":69,"Height":38,"Demand":1,"DemandMax":null,"Value":2622},{"Length":45,"Height":58,"Demand":1,"DemandMax":null,"Value":2610},{"Length":62,"Height":42,"Demand":1,"DemandMax":null,"Value":2604},{"Length":51,"Height":51,"Demand":1,"DemandMax":null,"Value":2601},{"Length":40,"Height":65,"Demand":1,"DemandMax":null,"Value":2600},{"Length":52,"Height":50,"Demand":1,"DemandMax":null,"Value":2600},{"Length":44,"Height":59,"Demand":1,"DemandMax":null,"Value":2596},{"Length":54,"Height":48,"Demand":1,"DemandMax":null,"Value":2592},{"Length":72,"Height":36,"Demand":1,"DemandMax":null,"Value":2592},{"Length":70,"Height":37,"Demand":1,"DemandMax":null,"Value":2590},{"Length":55,"Height":47,"Demand":1,"DemandMax":null,"Value":2585},{"Length":68,"Height":38,"Demand":1,"DemandMax":null,"Value":2584},{"Length":60,"Height":43,"Demand":1,"DemandMax":null,"Value":2580},{"Length":39,"Height":66,"Demand":1,"DemandMax":null,"Value":2574},{"Length":45,"Height":57,"Demand":1,"DemandMax":null,"Value":2565},{"Length":61,"Height":42,"Demand":1,"DemandMax":null,"Value":2562},{"Length":40,"Height":64,"Demand":1,"DemandMax":null,"Value":2560},{"Length":71,"Height":36,"Demand":1,"DemandMax":null,"Value":2556},{"Length":35,"Height":73,"Demand":1,"DemandMax":null,"Value":2555},{"Length":37,"Height":69,"Demand":1,"DemandMax":null,"Value":2553},{"Length":34,"Height":75,"Demand":1,"DemandMax":null,"Value":2550},{"Length":51,"Height":50,"Demand":1,"DemandMax":null,"Value":2550},{"Length":52,"Height":49,"Demand":1,"DemandMax":null,"Value":2548},{"Length":38,"Height":67,"Demand":1,"DemandMax":null,"Value":2546},{"Length":48,"Height":53,"Demand":1,"DemandMax":null,"Value":2544},{"Length":47,"Height":54,"Demand":1,"DemandMax":null,"Value":2538},{"Length":39,"Height":65,"Demand":1,"DemandMax":null,"Value":2535},{"Length":55,"Height":46,"Demand":1,"DemandMax":null,"Value":2530},{"Length":40,"Height":63,"Demand":1,"DemandMax":null,"Value":2520},{"Length":56,"Height":45,"Demand":1,"DemandMax":null,"Value":2520},{"Length":42,"Height":60,"Demand":1,"DemandMax":null,"Value":2520},{"Length":70,"Height":36,"Demand":1,"DemandMax":null,"Value":2520},{"Length":72,"Height":35,"Demand":1,"DemandMax":null,"Value":2520},{"Length":37,"Height":68,"Demand":1,"DemandMax":null,"Value":2516},{"Length":74,"Height":34,"Demand":1,"DemandMax":null,"Value":2516},{"Length":66,"Height":38,"Demand":1,"DemandMax":null,"Value":2508},{"Length":61,"Height":41,"Demand":1,"DemandMax":null,"Value":2501},{"Length":49,"Height":51,"Demand":1,"DemandMax":null,"Value":2499},{"Length":39,"Height":64,"Demand":1,"DemandMax":null,"Value":2496},{"Length":43,"Height":58,"Demand":1,"DemandMax":null,"Value":2494},{"Length":53,"Height":47,"Demand":1,"DemandMax":null,"Value":2491},{"Length":36,"Height":69,"Demand":1,"DemandMax":null,"Value":2484},{"Length":34,"Height":73,"Demand":1,"DemandMax":null,"Value":2482},{"Length":62,"Height":40,"Demand":1,"DemandMax":null,"Value":2480},{"Length":37,"Height":67,"Demand":1,"DemandMax":null,"Value":2479},{"Length":42,"Height":59,"Demand":1,"DemandMax":null,"Value":2478},{"Length":75,"Height":33,"Demand":1,"DemandMax":null,"Value":2475},{"Length":38,"Height":65,"Demand":1,"DemandMax":null,"Value":2470},{"Length":41,"Height":60,"Demand":1,"DemandMax":null,"Value":2460},{"Length":63,"Height":39,"Demand":1,"DemandMax":null,"Value":2457},{"Length":57,"Height":43,"Demand":1,"DemandMax":null,"Value":2451},{"Length":70,"Height":35,"Demand":1,"DemandMax":null,"Value":2450},{"Length":50,"Height":49,"Demand":1,"DemandMax":null,"Value":2450},{"Length":48,"Height":51,"Demand":1,"DemandMax":null,"Value":2448},{"Length":72,"Height":34,"Demand":1,"DemandMax":null,"Value":2448},{"Length":47,"Height":52,"Demand":1,"DemandMax":null,"Value":2444},{"Length":66,"Height":37,"Demand":1,"DemandMax":null,"Value":2442},{"Length":33,"Height":74,"Demand":1,"DemandMax":null,"Value":2442},{"Length":40,"Height":61,"Demand":1,"DemandMax":null,"Value":2440},{"Length":46,"Height":53,"Demand":1,"DemandMax":null,"Value":2438},{"Length":58,"Height":42,"Demand":1,"DemandMax":null,"Value":2436},{"Length":54,"Height":45,"Demand":1,"DemandMax":null,"Value":2430},{"Length":55,"Height":44,"Demand":1,"DemandMax":null,"Value":2420},{"Length":41,"Height":59,"Demand":1,"DemandMax":null,"Value":2419},{"Length":39,"Height":62,"Demand":1,"DemandMax":null,"Value":2418},{"Length":71,"Height":34,"Demand":1,"DemandMax":null,"Value":2414},{"Length":36,"Height":67,"Demand":1,"DemandMax":null,"Value":2412},{"Length":33,"Height":73,"Demand":1,"DemandMax":null,"Value":2409},{"Length":75,"Height":32,"Demand":1,"DemandMax":null,"Value":2400},{"Length":40,"Height":60,"Demand":1,"DemandMax":null,"Value":2400},{"Length":50,"Height":48,"Demand":1,"DemandMax":null,"Value":2400},{"Length":51,"Height":47,"Demand":1,"DemandMax":null,"Value":2397},{"Length":38,"Height":63,"Demand":1,"DemandMax":null,"Value":2394},{"Length":42,"Height":57,"Demand":1,"DemandMax":null,"Value":2394},{"Length":46,"Height":52,"Demand":1,"DemandMax":null,"Value":2392},{"Length":68,"Height":35,"Demand":1,"DemandMax":null,"Value":2380},{"Length":70,"Height":34,"Demand":1,"DemandMax":null,"Value":2380},{"Length":61,"Height":39,"Demand":1,"DemandMax":null,"Value":2379},{"Length":54,"Height":44,"Demand":1,"DemandMax":null,"Value":2376},{"Length":72,"Height":33,"Demand":1,"DemandMax":null,"Value":2376},{"Length":64,"Height":37,"Demand":1,"DemandMax":null,"Value":2368},{"Length":32,"Height":74,"Demand":1,"DemandMax":null,"Value":2368},{"Length":59,"Height":40,"Demand":1,"DemandMax":null,"Value":2360},{"Length":38,"Height":62,"Demand":1,"DemandMax":null,"Value":2356},{"Length":49,"Height":48,"Demand":1,"DemandMax":null,"Value":2352},{"Length":42,"Height":56,"Demand":1,"DemandMax":null,"Value":2352},{"Length":51,"Height":46,"Demand":1,"DemandMax":null,"Value":2346},{"Length":67,"Height":35,"Demand":1,"DemandMax":null,"Value":2345},{"Length":33,"Height":71,"Demand":1,"DemandMax":null,"Value":2343},{"Length":36,"Height":65,"Demand":1,"DemandMax":null,"Value":2340},{"Length":41,"Height":57,"Demand":1,"DemandMax":null,"Value":2337},{"Length":53,"Height":44,"Demand":1,"DemandMax":null,"Value":2332},{"Length":63,"Height":37,"Demand":1,"DemandMax":null,"Value":2331},{"Length":75,"Height":31,"Demand":1,"DemandMax":null,"Value":2325},{"Length":43,"Height":54,"Demand":1,"DemandMax":null,"Value":2322},{"Length":40,"Height":58,"Demand":1,"DemandMax":null,"Value":2320},{"Length":61,"Height":38,"Demand":1,"DemandMax":null,"Value":2318},{"Length":68,"Height":34,"Demand":1,"DemandMax":null,"Value":2312},{"Length":42,"Height":55,"Demand":1,"DemandMax":null,"Value":2310},{"Length":66,"Height":35,"Demand":1,"DemandMax":null,"Value":2310},{"Length":32,"Height":72,"Demand":1,"DemandMax":null,"Value":2304},{"Length":64,"Height":36,"Demand":1,"DemandMax":null,"Value":2304},{"Length":47,"Height":49,"Demand":1,"DemandMax":null,"Value":2303},{"Length":46,"Height":50,"Demand":1,"DemandMax":null,"Value":2300},{"Length":41,"Height":56,"Demand":1,"DemandMax":null,"Value":2296},{"Length":45,"Height":51,"Demand":1,"DemandMax":null,"Value":2295},{"Length":31,"Height":74,"Demand":1,"DemandMax":null,"Value":2294},{"Length":62,"Height":37,"Demand":1,"DemandMax":null,"Value":2294},{"Length":44,"Height":52,"Demand":1,"DemandMax":null,"Value":2288},{"Length":40,"Height":57,"Demand":1,"DemandMax":null,"Value":2280},{"Length":60,"Height":38,"Demand":1,"DemandMax":null,"Value":2280},{"Length":43,"Height":53,"Demand":1,"DemandMax":null,"Value":2279},{"Length":67,"Height":34,"Demand":1,"DemandMax":null,"Value":2278},{"Length":69,"Height":33,"Demand":1,"DemandMax":null,"Value":2277},{"Length":35,"Height":65,"Demand":1,"DemandMax":null,"Value":2275},{"Length":71,"Height":32,"Demand":1,"DemandMax":null,"Value":2272},{"Length":42,"Height":54,"Demand":1,"DemandMax":null,"Value":2268},{"Length":63,"Height":36,"Demand":1,"DemandMax":null,"Value":2268},{"Length":73,"Height":31,"Demand":1,"DemandMax":null,"Value":2263},{"Length":58,"Height":39,"Demand":1,"DemandMax":null,"Value":2262},{"Length":37,"Height":61,"Demand":1,"DemandMax":null,"Value":2257},{"Length":48,"Height":47,"Demand":1,"DemandMax":null,"Value":2256},{"Length":49,"Height":46,"Demand":1,"DemandMax":null,"Value":2254},{"Length":30,"Height":75,"Demand":1,"DemandMax":null,"Value":2250},{"Length":50,"Height":45,"Demand":1,"DemandMax":null,"Value":2250},{"Length":51,"Height":44,"Demand":1,"DemandMax":null,"Value":2244},{"Length":33,"Height":68,"Demand":1,"DemandMax":null,"Value":2244},{"Length":66,"Height":34,"Demand":1,"DemandMax":null,"Value":2244},{"Length":38,"Height":59,"Demand":1,"DemandMax":null,"Value":2242},{"Length":40,"Height":56,"Demand":1,"DemandMax":null,"Value":2240},{"Length":35,"Height":64,"Demand":1,"DemandMax":null,"Value":2240},{"Length":31,"Height":72,"Demand":1,"DemandMax":null,"Value":2232},{"Length":53,"Height":42,"Demand":1,"DemandMax":null,"Value":2226},{"Length":37,"Height":60,"Demand":1,"DemandMax":null,"Value":2220},{"Length":74,"Height":30,"Demand":1,"DemandMax":null,"Value":2220},{"Length":54,"Height":41,"Demand":1,"DemandMax":null,"Value":2214},{"Length":33,"Height":67,"Demand":1,"DemandMax":null,"Value":2211},{"Length":65,"Height":34,"Demand":1,"DemandMax":null,"Value":2210},{"Length":46,"Height":48,"Demand":1,"DemandMax":null,"Value":2208},{"Length":49,"Height":45,"Demand":1,"DemandMax":null,"Value":2205},{"Length":58,"Height":38,"Demand":1,"DemandMax":null,"Value":2204},{"Length":31,"Height":71,"Demand":1,"DemandMax":null,"Value":2201},{"Length":44,"Height":50,"Demand":1,"DemandMax":null,"Value":2200},{"Length":55,"Height":40,"Demand":1,"DemandMax":null,"Value":2200},{"Length":61,"Height":36,"Demand":1,"DemandMax":null,"Value":2196},{"Length":51,"Height":43,"Demand":1,"DemandMax":null,"Value":2193},{"Length":30,"Height":73,"Demand":1,"DemandMax":null,"Value":2190},{"Length":39,"Height":56,"Demand":1,"DemandMax":null,"Value":2184},{"Length":52,"Height":42,"Demand":1,"DemandMax":null,"Value":2184},{"Length":66,"Height":33,"Demand":1,"DemandMax":null,"Value":2178},{"Length":64,"Height":34,"Demand":1,"DemandMax":null,"Value":2176},{"Length":68,"Height":32,"Demand":1,"DemandMax":null,"Value":2176},{"Length":75,"Height":29,"Demand":1,"DemandMax":null,"Value":2175},{"Length":53,"Height":41,"Demand":1,"DemandMax":null,"Value":2173},{"Length":31,"Height":70,"Demand":1,"DemandMax":null,"Value":2170},{"Length":57,"Height":38,"Demand":1,"DemandMax":null,"Value":2166},{"Length":47,"Height":46,"Demand":1,"DemandMax":null,"Value":2162},{"Length":60,"Height":36,"Demand":1,"DemandMax":null,"Value":2160},{"Length":48,"Height":45,"Demand":1,"DemandMax":null,"Value":2160},{"Length":54,"Height":40,"Demand":1,"DemandMax":null,"Value":2160},{"Length":49,"Height":44,"Demand":1,"DemandMax":null,"Value":2156},{"Length":43,"Height":50,"Demand":1,"DemandMax":null,"Value":2150},{"Length":58,"Height":37,"Demand":1,"DemandMax":null,"Value":2146},{"Length":39,"Height":55,"Demand":1,"DemandMax":null,"Value":2145},{"Length":32,"Height":67,"Demand":1,"DemandMax":null,"Value":2144},{"Length":63,"Height":34,"Demand":1,"DemandMax":null,"Value":2142},{"Length":69,"Height":31,"Demand":1,"DemandMax":null,"Value":2139},{"Length":61,"Height":35,"Demand":1,"DemandMax":null,"Value":2135},{"Length":52,"Height":41,"Demand":1,"DemandMax":null,"Value":2132},{"Length":30,"Height":71,"Demand":1,"DemandMax":null,"Value":2130},{"Length":56,"Height":38,"Demand":1,"DemandMax":null,"Value":2128},{"Length":59,"Height":36,"Demand":1,"DemandMax":null,"Value":2124},{"Length":46,"Height":46,"Demand":1,"DemandMax":null,"Value":2116},{"Length":47,"Height":45,"Demand":1,"DemandMax":null,"Value":2115},{"Length":64,"Height":33,"Demand":1,"DemandMax":null,"Value":2112},{"Length":48,"Height":44,"Demand":1,"DemandMax":null,"Value":2112},{"Length":31,"Height":68,"Demand":1,"DemandMax":null,"Value":2108},{"Length":34,"Height":62,"Demand":1,"DemandMax":null,"Value":2108},{"Length":43,"Height":49,"Demand":1,"DemandMax":null,"Value":2107},{"Length":54,"Height":39,"Demand":1,"DemandMax":null,"Value":2106},{"Length":30,"Height":70,"Demand":1,"DemandMax":null,"Value":2100},{"Length":60,"Height":35,"Demand":1,"DemandMax":null,"Value":2100},{"Length":41,"Height":51,"Demand":1,"DemandMax":null,"Value":2091},{"Length":55,"Height":38,"Demand":1,"DemandMax":null,"Value":2090},{"Length":72,"Height":29,"Demand":1,"DemandMax":null,"Value":2088},{"Length":36,"Height":58,"Demand":1,"DemandMax":null,"Value":2088},{"Length":32,"Height":65,"Demand":1,"DemandMax":null,"Value":2080},{"Length":33,"Height":63,"Demand":1,"DemandMax":null,"Value":2079},{"Length":34,"Height":61,"Demand":1,"DemandMax":null,"Value":2074},{"Length":37,"Height":56,"Demand":1,"DemandMax":null,"Value":2072},{"Length":28,"Height":74,"Demand":1,"DemandMax":null,"Value":2072},{"Length":46,"Height":45,"Demand":1,"DemandMax":null,"Value":2070},{"Length":30,"Height":69,"Demand":1,"DemandMax":null,"Value":2070},{"Length":39,"Height":53,"Demand":1,"DemandMax":null,"Value":2067},{"Length":35,"Height":59,"Demand":1,"DemandMax":null,"Value":2065},{"Length":48,"Height":43,"Demand":1,"DemandMax":null,"Value":2064},{"Length":49,"Height":42,"Demand":1,"DemandMax":null,"Value":2058},{"Length":54,"Height":38,"Demand":1,"DemandMax":null,"Value":2052},{"Length":36,"Height":57,"Demand":1,"DemandMax":null,"Value":2052},{"Length":41,"Height":50,"Demand":1,"DemandMax":null,"Value":2050},{"Length":64,"Height":32,"Demand":1,"DemandMax":null,"Value":2048},{"Length":31,"Height":66,"Demand":1,"DemandMax":null,"Value":2046},{"Length":28,"Height":73,"Demand":1,"DemandMax":null,"Value":2044},{"Length":60,"Height":34,"Demand":1,"DemandMax":null,"Value":2040},{"Length":30,"Height":68,"Demand":1,"DemandMax":null,"Value":2040},{"Length":29,"Height":70,"Demand":1,"DemandMax":null,"Value":2030},{"Length":35,"Height":58,"Demand":1,"DemandMax":null,"Value":2030},{"Length":27,"Height":75,"Demand":1,"DemandMax":null,"Value":2025},{"Length":45,"Height":45,"Demand":1,"DemandMax":null,"Value":2025},{"Length":44,"Height":46,"Demand":1,"DemandMax":null,"Value":2024},{"Length":47,"Height":43,"Demand":1,"DemandMax":null,"Value":2021},{"Length":63,"Height":32,"Demand":1,"DemandMax":null,"Value":2016},{"Length":48,"Height":42,"Demand":1,"DemandMax":null,"Value":2016},{"Length":56,"Height":36,"Demand":1,"DemandMax":null,"Value":2016},{"Length":72,"Height":28,"Demand":1,"DemandMax":null,"Value":2016},{"Length":33,"Height":61,"Demand":1,"DemandMax":null,"Value":2013},{"Length":67,"Height":30,"Demand":1,"DemandMax":null,"Value":2010},{"Length":49,"Height":41,"Demand":1,"DemandMax":null,"Value":2009},{"Length":59,"Height":34,"Demand":1,"DemandMax":null,"Value":2006},{"Length":69,"Height":29,"Demand":1,"DemandMax":null,"Value":2001},{"Length":74,"Height":27,"Demand":1,"DemandMax":null,"Value":1998},{"Length":54,"Height":37,"Demand":1,"DemandMax":null,"Value":1998},{"Length":51,"Height":39,"Demand":1,"DemandMax":null,"Value":1989},{"Length":71,"Height":28,"Demand":1,"DemandMax":null,"Value":1988},{"Length":62,"Height":32,"Demand":1,"DemandMax":null,"Value":1984},{"Length":64,"Height":31,"Demand":1,"DemandMax":null,"Value":1984},{"Length":66,"Height":30,"Demand":1,"DemandMax":null,"Value":1980},{"Length":33,"Height":60,"Demand":1,"DemandMax":null,"Value":1980},{"Length":36,"Height":55,"Demand":1,"DemandMax":null,"Value":1980},{"Length":44,"Height":45,"Demand":1,"DemandMax":null,"Value":1980},{"Length":47,"Height":42,"Demand":1,"DemandMax":null,"Value":1974},{"Length":68,"Height":29,"Demand":1,"DemandMax":null,"Value":1972},{"Length":34,"Height":58,"Demand":1,"DemandMax":null,"Value":1972},{"Length":27,"Height":73,"Demand":1,"DemandMax":null,"Value":1971},{"Length":53,"Height":37,"Demand":1,"DemandMax":null,"Value":1961},{"Length":70,"Height":28,"Demand":1,"DemandMax":null,"Value":1960},{"Length":56,"Height":35,"Demand":1,"DemandMax":null,"Value":1960},{"Length":32,"Height":61,"Demand":1,"DemandMax":null,"Value":1952},{"Length":39,"Height":50,"Demand":1,"DemandMax":null,"Value":1950},{"Length":65,"Height":30,"Demand":1,"DemandMax":null,"Value":1950},{"Length":75,"Height":26,"Demand":1,"DemandMax":null,"Value":1950},{"Length":27,"Height":72,"Demand":1,"DemandMax":null,"Value":1944},{"Length":36,"Height":54,"Demand":1,"DemandMax":null,"Value":1944},{"Length":29,"Height":67,"Demand":1,"DemandMax":null,"Value":1943},{"Length":57,"Height":34,"Demand":1,"DemandMax":null,"Value":1938},{"Length":38,"Height":51,"Demand":1,"DemandMax":null,"Value":1938},{"Length":44,"Height":44,"Demand":1,"DemandMax":null,"Value":1936},{"Length":45,"Height":43,"Demand":1,"DemandMax":null,"Value":1935},{"Length":42,"Height":46,"Demand":1,"DemandMax":null,"Value":1932},{"Length":41,"Height":47,"Demand":1,"DemandMax":null,"Value":1927},{"Length":55,"Height":35,"Demand":1,"DemandMax":null,"Value":1925},{"Length":26,"Height":74,"Demand":1,"DemandMax":null,"Value":1924},{"Length":52,"Height":37,"Demand":1,"DemandMax":null,"Value":1924},{"Length":31,"Height":62,"Demand":1,"DemandMax":null,"Value":1922},{"Length":60,"Height":32,"Demand":1,"DemandMax":null,"Value":1920},{"Length":30,"Height":64,"Demand":1,"DemandMax":null,"Value":1920},{"Length":40,"Height":48,"Demand":1,"DemandMax":null,"Value":1920},{"Length":27,"Height":71,"Demand":1,"DemandMax":null,"Value":1917},{"Length":29,"Height":66,"Demand":1,"DemandMax":null,"Value":1914},{"Length":58,"Height":33,"Demand":1,"DemandMax":null,"Value":1914},{"Length":39,"Height":49,"Demand":1,"DemandMax":null,"Value":1911},{"Length":36,"Height":53,"Demand":1,"DemandMax":null,"Value":1908},{"Length":56,"Height":34,"Demand":1,"DemandMax":null,"Value":1904},{"Length":26,"Height":73,"Demand":1,"DemandMax":null,"Value":1898},{"Length":43,"Height":44,"Demand":1,"DemandMax":null,"Value":1892},{"Length":61,"Height":31,"Demand":1,"DemandMax":null,"Value":1891},{"Length":54,"Height":35,"Demand":1,"DemandMax":null,"Value":1890},{"Length":45,"Height":42,"Demand":1,"DemandMax":null,"Value":1890},{"Length":59,"Height":32,"Demand":1,"DemandMax":null,"Value":1888},{"Length":37,"Height":51,"Demand":1,"DemandMax":null,"Value":1887},{"Length":41,"Height":46,"Demand":1,"DemandMax":null,"Value":1886},{"Length":33,"Height":57,"Demand":1,"DemandMax":null,"Value":1881},{"Length":47,"Height":40,"Demand":1,"DemandMax":null,"Value":1880},{"Length":28,"Height":67,"Demand":1,"DemandMax":null,"Value":1876},{"Length":75,"Height":25,"Demand":1,"DemandMax":null,"Value":1875},{"Length":72,"Height":26,"Demand":1,"DemandMax":null,"Value":1872},{"Length":48,"Height":39,"Demand":1,"DemandMax":null,"Value":1872},{"Length":34,"Height":55,"Demand":1,"DemandMax":null,"Value":1870},{"Length":38,"Height":49,"Demand":1,"DemandMax":null,"Value":1862},{"Length":30,"Height":62,"Demand":1,"DemandMax":null,"Value":1860},{"Length":31,"Height":60,"Demand":1,"DemandMax":null,"Value":1860},{"Length":29,"Height":64,"Demand":1,"DemandMax":null,"Value":1856},{"Length":58,"Height":32,"Demand":1,"DemandMax":null,"Value":1856},{"Length":50,"Height":37,"Demand":1,"DemandMax":null,"Value":1850},{"Length":25,"Height":74,"Demand":1,"DemandMax":null,"Value":1850},{"Length":43,"Height":43,"Demand":1,"DemandMax":null,"Value":1849},{"Length":66,"Height":28,"Demand":1,"DemandMax":null,"Value":1848},{"Length":44,"Height":42,"Demand":1,"DemandMax":null,"Value":1848},{"Length":56,"Height":33,"Demand":1,"DemandMax":null,"Value":1848},{"Length":40,"Height":46,"Demand":1,"DemandMax":null,"Value":1840},{"Length":54,"Height":34,"Demand":1,"DemandMax":null,"Value":1836},{"Length":51,"Height":36,"Demand":1,"DemandMax":null,"Value":1836},{"Length":39,"Height":47,"Demand":1,"DemandMax":null,"Value":1833},{"Length":59,"Height":31,"Demand":1,"DemandMax":null,"Value":1829},{"Length":25,"Height":73,"Demand":1,"DemandMax":null,"Value":1825},{"Length":35,"Height":52,"Demand":1,"DemandMax":null,"Value":1820},{"Length":70,"Height":26,"Demand":1,"DemandMax":null,"Value":1820},{"Length":28,"Height":65,"Demand":1,"DemandMax":null,"Value":1820},{"Length":55,"Height":33,"Demand":1,"DemandMax":null,"Value":1815},{"Length":67,"Height":27,"Demand":1,"DemandMax":null,"Value":1809},{"Length":44,"Height":41,"Demand":1,"DemandMax":null,"Value":1804},{"Length":53,"Height":34,"Demand":1,"DemandMax":null,"Value":1802},{"Length":36,"Height":50,"Demand":1,"DemandMax":null,"Value":1800},{"Length":25,"Height":72,"Demand":1,"DemandMax":null,"Value":1800},{"Length":45,"Height":40,"Demand":1,"DemandMax":null,"Value":1800},{"Length":60,"Height":30,"Demand":1,"DemandMax":null,"Value":1800},{"Length":29,"Height":62,"Demand":1,"DemandMax":null,"Value":1798},{"Length":69,"Height":26,"Demand":1,"DemandMax":null,"Value":1794},{"Length":28,"Height":64,"Demand":1,"DemandMax":null,"Value":1792},{"Length":38,"Height":47,"Demand":1,"DemandMax":null,"Value":1786},{"Length":27,"Height":66,"Demand":1,"DemandMax":null,"Value":1782},{"Length":54,"Height":33,"Demand":1,"DemandMax":null,"Value":1782},{"Length":48,"Height":37,"Demand":1,"DemandMax":null,"Value":1776},{"Length":25,"Height":71,"Demand":1,"DemandMax":null,"Value":1775},{"Length":30,"Height":59,"Demand":1,"DemandMax":null,"Value":1770},{"Length":29,"Height":61,"Demand":1,"DemandMax":null,"Value":1769},{"Length":34,"Height":52,"Demand":1,"DemandMax":null,"Value":1768},{"Length":57,"Height":31,"Demand":1,"DemandMax":null,"Value":1767},{"Length":49,"Height":36,"Demand":1,"DemandMax":null,"Value":1764},{"Length":42,"Height":42,"Demand":1,"DemandMax":null,"Value":1764},{"Length":63,"Height":28,"Demand":1,"DemandMax":null,"Value":1764},{"Length":45,"Height":39,"Demand":1,"DemandMax":null,"Value":1755},{"Length":70,"Height":25,"Demand":1,"DemandMax":null,"Value":1750},{"Length":35,"Height":50,"Demand":1,"DemandMax":null,"Value":1750},{"Length":33,"Height":53,"Demand":1,"DemandMax":null,"Value":1749},{"Length":38,"Height":46,"Demand":1,"DemandMax":null,"Value":1748},{"Length":67,"Height":26,"Demand":1,"DemandMax":null,"Value":1742},{"Length":58,"Height":30,"Demand":1,"DemandMax":null,"Value":1740},{"Length":29,"Height":60,"Demand":1,"DemandMax":null,"Value":1740},{"Length":47,"Height":37,"Demand":1,"DemandMax":null,"Value":1739},{"Length":56,"Height":31,"Demand":1,"DemandMax":null,"Value":1736},{"Length":62,"Height":28,"Demand":1,"DemandMax":null,"Value":1736},{"Length":34,"Height":51,"Demand":1,"DemandMax":null,"Value":1734},{"Length":27,"Height":64,"Demand":1,"DemandMax":null,"Value":1728},{"Length":32,"Height":54,"Demand":1,"DemandMax":null,"Value":1728},{"Length":40,"Height":43,"Demand":1,"DemandMax":null,"Value":1720},{"Length":39,"Height":44,"Demand":1,"DemandMax":null,"Value":1716},{"Length":33,"Height":52,"Demand":1,"DemandMax":null,"Value":1716},{"Length":49,"Height":35,"Demand":1,"DemandMax":null,"Value":1715},{"Length":29,"Height":59,"Demand":1,"DemandMax":null,"Value":1711},{"Length":30,"Height":57,"Demand":1,"DemandMax":null,"Value":1710},{"Length":45,"Height":38,"Demand":1,"DemandMax":null,"Value":1710},{"Length":31,"Height":55,"Demand":1,"DemandMax":null,"Value":1705},{"Length":37,"Height":46,"Demand":1,"DemandMax":null,"Value":1702},{"Length":63,"Height":27,"Demand":1,"DemandMax":null,"Value":1701},{"Length":34,"Height":50,"Demand":1,"DemandMax":null,"Value":1700},{"Length":68,"Height":25,"Demand":1,"DemandMax":null,"Value":1700},{"Length":47,"Height":36,"Demand":1,"DemandMax":null,"Value":1692},{"Length":65,"Height":26,"Demand":1,"DemandMax":null,"Value":1690},{"Length":33,"Height":51,"Demand":1,"DemandMax":null,"Value":1683},{"Length":29,"Height":58,"Demand":1,"DemandMax":null,"Value":1682},{"Length":41,"Height":41,"Demand":1,"DemandMax":null,"Value":1681},{"Length":60,"Height":28,"Demand":1,"DemandMax":null,"Value":1680},{"Length":48,"Height":35,"Demand":1,"DemandMax":null,"Value":1680},{"Length":42,"Height":40,"Demand":1,"DemandMax":null,"Value":1680},{"Length":39,"Height":43,"Demand":1,"DemandMax":null,"Value":1677},{"Length":25,"Height":67,"Demand":1,"DemandMax":null,"Value":1675},{"Length":54,"Height":31,"Demand":1,"DemandMax":null,"Value":1674},{"Length":62,"Height":27,"Demand":1,"DemandMax":null,"Value":1674},{"Length":38,"Height":44,"Demand":1,"DemandMax":null,"Value":1672},{"Length":34,"Height":49,"Demand":1,"DemandMax":null,"Value":1666},{"Length":45,"Height":37,"Demand":1,"DemandMax":null,"Value":1665},{"Length":64,"Height":26,"Demand":1,"DemandMax":null,"Value":1664},{"Length":32,"Height":52,"Demand":1,"DemandMax":null,"Value":1664},{"Length":36,"Height":46,"Demand":1,"DemandMax":null,"Value":1656},{"Length":29,"Height":57,"Demand":1,"DemandMax":null,"Value":1653},{"Length":59,"Height":28,"Demand":1,"DemandMax":null,"Value":1652},{"Length":33,"Height":50,"Demand":1,"DemandMax":null,"Value":1650},{"Length":27,"Height":61,"Demand":1,"DemandMax":null,"Value":1647},{"Length":35,"Height":47,"Demand":1,"DemandMax":null,"Value":1645},{"Length":39,"Height":42,"Demand":1,"DemandMax":null,"Value":1638},{"Length":26,"Height":63,"Demand":1,"DemandMax":null,"Value":1638},{"Length":48,"Height":34,"Demand":1,"DemandMax":null,"Value":1632},{"Length":32,"Height":51,"Demand":1,"DemandMax":null,"Value":1632},{"Length":44,"Height":37,"Demand":1,"DemandMax":null,"Value":1628},{"Length":65,"Height":25,"Demand":1,"DemandMax":null,"Value":1625},{"Length":28,"Height":58,"Demand":1,"DemandMax":null,"Value":1624},{"Length":29,"Height":56,"Demand":1,"DemandMax":null,"Value":1624},{"Length":36,"Height":45,"Demand":1,"DemandMax":null,"Value":1620},{"Length":54,"Height":30,"Demand":1,"DemandMax":null,"Value":1620},{"Length":27,"Height":60,"Demand":1,"DemandMax":null,"Value":1620},{"Length":49,"Height":33,"Demand":1,"DemandMax":null,"Value":1617},{"Length":52,"Height":31,"Demand":1,"DemandMax":null,"Value":1612},{"Length":62,"Height":26,"Demand":1,"DemandMax":null,"Value":1612},{"Length":46,"Height":35,"Demand":1,"DemandMax":null,"Value":1610},{"Length":50,"Height":32,"Demand":1,"DemandMax":null,"Value":1600},{"Length":25,"Height":64,"Demand":1,"DemandMax":null,"Value":1600},{"Length":39,"Height":41,"Demand":1,"DemandMax":null,"Value":1599},{"Length":34,"Height":47,"Demand":1,"DemandMax":null,"Value":1598},{"Length":38,"Height":42,"Demand":1,"DemandMax":null,"Value":1596},{"Length":28,"Height":57,"Demand":1,"DemandMax":null,"Value":1596},{"Length":55,"Height":29,"Demand":1,"DemandMax":null,"Value":1595},{"Length":59,"Height":27,"Demand":1,"DemandMax":null,"Value":1593},{"Length":43,"Height":37,"Demand":1,"DemandMax":null,"Value":1591},{"Length":53,"Height":30,"Demand":1,"DemandMax":null,"Value":1590},{"Length":33,"Height":48,"Demand":1,"DemandMax":null,"Value":1584},{"Length":51,"Height":31,"Demand":1,"DemandMax":null,"Value":1581},{"Length":25,"Height":63,"Demand":1,"DemandMax":null,"Value":1575},{"Length":32,"Height":49,"Demand":1,"DemandMax":null,"Value":1568},{"Length":58,"Height":27,"Demand":1,"DemandMax":null,"Value":1566},{"Length":54,"Height":29,"Demand":1,"DemandMax":null,"Value":1566},{"Length":34,"Height":46,"Demand":1,"DemandMax":null,"Value":1564},{"Length":52,"Height":30,"Demand":1,"DemandMax":null,"Value":1560},{"Length":26,"Height":60,"Demand":1,"DemandMax":null,"Value":1560},{"Length":41,"Height":38,"Demand":1,"DemandMax":null,"Value":1558},{"Length":37,"Height":42,"Demand":1,"DemandMax":null,"Value":1554},{"Length":31,"Height":50,"Demand":1,"DemandMax":null,"Value":1550},{"Length":62,"Height":25,"Demand":1,"DemandMax":null,"Value":1550},{"Length":44,"Height":35,"Demand":1,"DemandMax":null,"Value":1540},{"Length":53,"Height":29,"Demand":1,"DemandMax":null,"Value":1537},{"Length":48,"Height":32,"Demand":1,"DemandMax":null,"Value":1536},{"Length":26,"Height":59,"Demand":1,"DemandMax":null,"Value":1534},{"Length":34,"Height":45,"Demand":1,"DemandMax":null,"Value":1530},{"Length":61,"Height":25,"Demand":1,"DemandMax":null,"Value":1525},{"Length":38,"Height":40,"Demand":1,"DemandMax":null,"Value":1520},{"Length":49,"Height":31,"Demand":1,"DemandMax":null,"Value":1519},{"Length":46,"Height":33,"Demand":1,"DemandMax":null,"Value":1518},{"Length":41,"Height":37,"Demand":1,"DemandMax":null,"Value":1517},{"Length":42,"Height":36,"Demand":1,"DemandMax":null,"Value":1512},{"Length":56,"Height":27,"Demand":1,"DemandMax":null,"Value":1512},{"Length":54,"Height":28,"Demand":1,"DemandMax":null,"Value":1512},{"Length":58,"Height":26,"Demand":1,"DemandMax":null,"Value":1508},{"Length":35,"Height":43,"Demand":1,"DemandMax":null,"Value":1505},{"Length":47,"Height":32,"Demand":1,"DemandMax":null,"Value":1504},{"Length":44,"Height":34,"Demand":1,"DemandMax":null,"Value":1496},{"Length":31,"Height":48,"Demand":1,"DemandMax":null,"Value":1488},{"Length":45,"Height":33,"Demand":1,"DemandMax":null,"Value":1485},{"Length":27,"Height":55,"Demand":1,"DemandMax":null,"Value":1485},{"Length":28,"Height":53,"Demand":1,"DemandMax":null,"Value":1484},{"Length":39,"Height":38,"Demand":1,"DemandMax":null,"Value":1482},{"Length":40,"Height":37,"Demand":1,"DemandMax":null,"Value":1480},{"Length":51,"Height":29,"Demand":1,"DemandMax":null,"Value":1479},{"Length":41,"Height":36,"Demand":1,"DemandMax":null,"Value":1476},{"Length":46,"Height":32,"Demand":1,"DemandMax":null,"Value":1472},{"Length":42,"Height":35,"Demand":1,"DemandMax":null,"Value":1470},{"Length":49,"Height":30,"Demand":1,"DemandMax":null,"Value":1470},{"Length":34,"Height":43,"Demand":1,"DemandMax":null,"Value":1462},{"Length":31,"Height":47,"Demand":1,"DemandMax":null,"Value":1457},{"Length":56,"Height":26,"Demand":1,"DemandMax":null,"Value":1456},{"Length":44,"Height":33,"Demand":1,"DemandMax":null,"Value":1452},{"Length":50,"Height":29,"Demand":1,"DemandMax":null,"Value":1450},{"Length":39,"Height":37,"Demand":1,"DemandMax":null,"Value":1443},{"Length":32,"Height":45,"Demand":1,"DemandMax":null,"Value":1440},{"Length":30,"Height":48,"Demand":1,"DemandMax":null,"Value":1440},{"Length":28,"Height":51,"Demand":1,"DemandMax":null,"Value":1428},{"Length":46,"Height":31,"Demand":1,"DemandMax":null,"Value":1426},{"Length":29,"Height":49,"Demand":1,"DemandMax":null,"Value":1421},{"Length":43,"Height":33,"Demand":1,"DemandMax":null,"Value":1419},{"Length":30,"Height":47,"Demand":1,"DemandMax":null,"Value":1410},{"Length":37,"Height":38,"Demand":1,"DemandMax":null,"Value":1406},{"Length":26,"Height":54,"Demand":1,"DemandMax":null,"Value":1404},{"Length":39,"Height":36,"Demand":1,"DemandMax":null,"Value":1404},{"Length":52,"Height":27,"Demand":1,"DemandMax":null,"Value":1404},{"Length":56,"Height":25,"Demand":1,"DemandMax":null,"Value":1400},{"Length":40,"Height":35,"Demand":1,"DemandMax":null,"Value":1400},{"Length":28,"Height":50,"Demand":1,"DemandMax":null,"Value":1400},{"Length":45,"Height":31,"Demand":1,"DemandMax":null,"Value":1395},{"Length":41,"Height":34,"Demand":1,"DemandMax":null,"Value":1394},{"Length":42,"Height":33,"Demand":1,"DemandMax":null,"Value":1386},{"Length":46,"Height":30,"Demand":1,"DemandMax":null,"Value":1380},{"Length":53,"Height":26,"Demand":1,"DemandMax":null,"Value":1378},{"Length":51,"Height":27,"Demand":1,"DemandMax":null,"Value":1377},{"Length":43,"Height":32,"Demand":1,"DemandMax":null,"Value":1376},{"Length":25,"Height":55,"Demand":1,"DemandMax":null,"Value":1375},{"Length":44,"Height":31,"Demand":1,"DemandMax":null,"Value":1364},{"Length":29,"Height":47,"Demand":1,"DemandMax":null,"Value":1363},{"Length":40,"Height":34,"Demand":1,"DemandMax":null,"Value":1360},{"Length":52,"Height":26,"Demand":1,"DemandMax":null,"Value":1352},{"Length":54,"Height":25,"Demand":1,"DemandMax":null,"Value":1350},{"Length":48,"Height":28,"Demand":1,"DemandMax":null,"Value":1344},{"Length":46,"Height":29,"Demand":1,"DemandMax":null,"Value":1334},{"Length":43,"Height":31,"Demand":1,"DemandMax":null,"Value":1333},{"Length":35,"Height":38,"Demand":1,"DemandMax":null,"Value":1330},{"Length":39,"Height":34,"Demand":1,"DemandMax":null,"Value":1326},{"Length":53,"Height":25,"Demand":1,"DemandMax":null,"Value":1325},{"Length":49,"Height":27,"Demand":1,"DemandMax":null,"Value":1323},{"Length":30,"Height":44,"Demand":1,"DemandMax":null,"Value":1320},{"Length":33,"Height":40,"Demand":1,"DemandMax":null,"Value":1320},{"Length":47,"Height":28,"Demand":1,"DemandMax":null,"Value":1316},{"Length":29,"Height":45,"Demand":1,"DemandMax":null,"Value":1305},{"Length":31,"Height":42,"Demand":1,"DemandMax":null,"Value":1302},{"Length":52,"Height":25,"Demand":1,"DemandMax":null,"Value":1300},{"Length":50,"Height":26,"Demand":1,"DemandMax":null,"Value":1300},{"Length":48,"Height":27,"Demand":1,"DemandMax":null,"Value":1296},{"Length":35,"Height":37,"Demand":1,"DemandMax":null,"Value":1295},{"Length":38,"Height":34,"Demand":1,"DemandMax":null,"Value":1292},{"Length":30,"Height":43,"Demand":1,"DemandMax":null,"Value":1290},{"Length":39,"Height":33,"Demand":1,"DemandMax":null,"Value":1287},{"Length":40,"Height":32,"Demand":1,"DemandMax":null,"Value":1280},{"Length":44,"Height":29,"Demand":1,"DemandMax":null,"Value":1276},{"Length":49,"Height":26,"Demand":1,"DemandMax":null,"Value":1274},{"Length":31,"Height":41,"Demand":1,"DemandMax":null,"Value":1271},{"Length":28,"Height":45,"Demand":1,"DemandMax":null,"Value":1260},{"Length":36,"Height":35,"Demand":1,"DemandMax":null,"Value":1260},{"Length":42,"Height":30,"Demand":1,"DemandMax":null,"Value":1260},{"Length":37,"Height":34,"Demand":1,"DemandMax":null,"Value":1258},{"Length":39,"Height":32,"Demand":1,"DemandMax":null,"Value":1248},{"Length":48,"Height":26,"Demand":1,"DemandMax":null,"Value":1248},{"Length":29,"Height":43,"Demand":1,"DemandMax":null,"Value":1247},{"Length":46,"Height":27,"Demand":1,"DemandMax":null,"Value":1242},{"Length":28,"Height":44,"Demand":1,"DemandMax":null,"Value":1232},{"Length":36,"Height":34,"Demand":1,"DemandMax":null,"Value":1224},{"Length":47,"Height":26,"Demand":1,"DemandMax":null,"Value":1222},{"Length":33,"Height":37,"Demand":1,"DemandMax":null,"Value":1221},{"Length":29,"Height":42,"Demand":1,"DemandMax":null,"Value":1218},{"Length":32,"Height":38,"Demand":1,"DemandMax":null,"Value":1216},{"Length":27,"Height":45,"Demand":1,"DemandMax":null,"Value":1215},{"Length":39,"Height":31,"Demand":1,"DemandMax":null,"Value":1209},{"Length":43,"Height":28,"Demand":1,"DemandMax":null,"Value":1204},{"Length":30,"Height":40,"Demand":1,"DemandMax":null,"Value":1200},{"Length":25,"Height":48,"Demand":1,"DemandMax":null,"Value":1200},{"Length":26,"Height":46,"Demand":1,"DemandMax":null,"Value":1196},{"Length":35,"Height":34,"Demand":1,"DemandMax":null,"Value":1190},{"Length":41,"Height":29,"Demand":1,"DemandMax":null,"Value":1189},{"Length":27,"Height":44,"Demand":1,"DemandMax":null,"Value":1188},{"Length":36,"Height":33,"Demand":1,"DemandMax":null,"Value":1188},{"Length":32,"Height":37,"Demand":1,"DemandMax":null,"Value":1184},{"Length":31,"Height":38,"Demand":1,"DemandMax":null,"Value":1178},{"Length":42,"Height":28,"Demand":1,"DemandMax":null,"Value":1176},{"Length":25,"Height":47,"Demand":1,"DemandMax":null,"Value":1175},{"Length":39,"Height":30,"Demand":1,"DemandMax":null,"Value":1170},{"Length":43,"Height":27,"Demand":1,"DemandMax":null,"Value":1161},{"Length":40,"Height":29,"Demand":1,"DemandMax":null,"Value":1160},{"Length":34,"Height":34,"Demand":1,"DemandMax":null,"Value":1156},{"Length":35,"Height":33,"Demand":1,"DemandMax":null,"Value":1155},{"Length":32,"Height":36,"Demand":1,"DemandMax":null,"Value":1152},{"Length":26,"Height":44,"Demand":1,"DemandMax":null,"Value":1144},{"Length":30,"Height":38,"Demand":1,"DemandMax":null,"Value":1140},{"Length":39,"Height":29,"Demand":1,"DemandMax":null,"Value":1131},{"Length":34,"Height":33,"Demand":1,"DemandMax":null,"Value":1122},{"Length":32,"Height":35,"Demand":1,"DemandMax":null,"Value":1120},{"Length":43,"Height":26,"Demand":1,"DemandMax":null,"Value":1118},{"Length":36,"Height":31,"Demand":1,"DemandMax":null,"Value":1116},{"Length":37,"Height":30,"Demand":1,"DemandMax":null,"Value":1110},{"Length":41,"Height":27,"Demand":1,"DemandMax":null,"Value":1107},{"Length":29,"Height":38,"Demand":1,"DemandMax":null,"Value":1102},{"Length":25,"Height":44,"Demand":1,"DemandMax":null,"Value":1100},{"Length":42,"Height":26,"Demand":1,"DemandMax":null,"Value":1092},{"Length":33,"Height":33,"Demand":1,"DemandMax":null,"Value":1089},{"Length":32,"Height":34,"Demand":1,"DemandMax":null,"Value":1088},{"Length":35,"Height":31,"Demand":1,"DemandMax":null,"Value":1085},{"Length":27,"Height":40,"Demand":1,"DemandMax":null,"Value":1080},{"Length":25,"Height":43,"Demand":1,"DemandMax":null,"Value":1075},{"Length":38,"Height":28,"Demand":1,"DemandMax":null,"Value":1064},{"Length":32,"Height":33,"Demand":1,"DemandMax":null,"Value":1056},{"Length":39,"Height":27,"Demand":1,"DemandMax":null,"Value":1053},{"Length":35,"Height":30,"Demand":1,"DemandMax":null,"Value":1050},{"Length":42,"Height":25,"Demand":1,"DemandMax":null,"Value":1050},{"Length":36,"Height":29,"Demand":1,"DemandMax":null,"Value":1044},{"Length":40,"Height":26,"Demand":1,"DemandMax":null,"Value":1040},{"Length":28,"Height":37,"Demand":1,"DemandMax":null,"Value":1036},{"Length":41,"Height":25,"Demand":1,"DemandMax":null,"Value":1025},{"Length":31,"Height":33,"Demand":1,"DemandMax":null,"Value":1023},{"Length":35,"Height":29,"Demand":1,"DemandMax":null,"Value":1015},{"Length":36,"Height":28,"Demand":1,"DemandMax":null,"Value":1008},{"Length":40,"Height":25,"Demand":1,"DemandMax":null,"Value":1000},{"Length":37,"Height":27,"Demand":1,"DemandMax":null,"Value":999},{"Length":33,"Height":30,"Demand":1,"DemandMax":null,"Value":990},{"Length":26,"Height":38,"Demand":1,"DemandMax":null,"Value":988},{"Length":34,"Height":29,"Demand":1,"DemandMax":null,"Value":986},{"Length":28,"Height":35,"Demand":1,"DemandMax":null,"Value":980},{"Length":39,"Height":25,"Demand":1,"DemandMax":null,"Value":975},{"Length":26,"Height":37,"Demand":1,"DemandMax":null,"Value":962},{"Length":33,"Height":29,"Demand":1,"DemandMax":null,"Value":957},{"Length":25,"Height":38,"Demand":1,"DemandMax":null,"Value":950},{"Length":37,"Height":25,"Demand":1,"DemandMax":null,"Value":925},{"Length":33,"Height":28,"Demand":1,"DemandMax":null,"Value":924},{"Length":34,"Height":27,"Demand":1,"DemandMax":null,"Value":918},{"Length":26,"Height":35,"Demand":1,"DemandMax":null,"Value":910},{"Length":36,"Height":25,"Demand":1,"DemandMax":null,"Value":900},{"Length":28,"Height":32,"Demand":1,"DemandMax":null,"Value":896},{"Length":27,"Height":33,"Demand":1,"DemandMax":null,"Value":891},{"Length":25,"Height":35,"Demand":1,"DemandMax":null,"Value":875},{"Length":29,"Height":30,"Demand":1,"DemandMax":null,"Value":870},{"Length":31,"Height":28,"Demand":1,"DemandMax":null,"Value":868},{"Length":32,"Height":27,"Demand":1,"DemandMax":null,"Value":864},{"Length":33,"Height":26,"Demand":1,"DemandMax":null,"Value":858},{"Length":28,"Height":30,"Demand":1,"DemandMax":null,"Value":840},{"Length":31,"Height":27,"Demand":1,"DemandMax":null,"Value":837},{"Length":32,"Height":26,"Demand":1,"DemandMax":null,"Value":832},{"Length":25,"Height":33,"Demand":1,"DemandMax":null,"Value":825},{"Length":28,"Height":29,"Demand":1,"DemandMax":null,"Value":812},{"Length":27,"Height":30,"Demand":1,"DemandMax":null,"Value":810},{"Length":25,"Height":32,"Demand":1,"DemandMax":null,"Value":800},{"Length":28,"Height":28,"Demand":1,"DemandMax":null,"Value":784},{"Length":27,"Height":29,"Demand":1,"DemandMax":null,"Value":783},{"Length":26,"Height":30,"Demand":1,"DemandMax":null,"Value":780},{"Length":25,"Height":31,"Demand":1,"DemandMax":null,"Value":775},{"Length":28,"Height":27,"Demand":1,"DemandMax":null,"Value":756},{"Length":29,"Height":26,"Demand":1,"DemandMax":null,"Value":754},{"Length":30,"Height":25,"Demand":1,"DemandMax":null,"Value":750},{"Length":26,"Height":28,"Demand":1,"DemandMax":null,"Value":728},{"Length":25,"Height":29,"Demand":1,"DemandMax":null,"Value":725},{"Length":26,"Height":27,"Demand":1,"DemandMax":null,"Value":702},{"Length":26,"Height":26,"Demand":1,"DemandMax":null,"Value":676},{"Length":27,"Height":25,"Demand":1,"DemandMax":null,"Value":675},{"Length":25,"Height":26,"Demand":1,"DemandMax":null,"Value":650},{"Length":25,"Height":25,"Demand":1,"DemandMax":null,"Value":625}]}