{"Name":"AH125","Objects":[{"Length":1000,"Height":40121,"Stock":null,"Cost":40121000}],"Items":[{"Length":286,"Height":294,"Demand":10,"DemandMax":null,"Value":84084},{"Length":270,"Height":298,"Demand":10,"DemandMax":null,"Value":80460},{"Length":290,"Height":274,"Demand":10,"DemandMax":null,"Value":79460},{"Length":278,"Height":278,"Demand":10,"DemandMax":null,"Value":77284},{"Length":297,"Height":245,"Demand":10,"DemandMax":null,"Value":72765},{"Length":261,"Height":271,"Demand":10,"DemandMax":null,"Value":70731},{"Length":256,"Height":254,"Demand":10,"DemandMax":null,"Value":65024},{"Length":227,"Height":274,"Demand":10,"DemandMax":null,"Value":62198},{"Length":245,"Height":239,"Demand":10,"DemandMax":null,"Value":58555},{"Length":213,"Height":273,"Demand":10,"DemandMax":null,"Value":58149},{"Length":281,"Height":206,"Demand":10,"DemandMax":null,"Value":57886},{"Length":232,"Height":247,"Demand":10,"DemandMax":null,"Value":57304},{"Length":211,"Height":268,"Demand":10,"DemandMax":null,"Value":56548},{"Length":192,"Height":292,"Demand":10,"DemandMax":null,"Value":56064},{"Length":271,"Height":202,"Demand":10,"DemandMax":null,"Value":54742},{"Length":191,"Height":285,"Demand":10,"DemandMax":null,"Value":54435},{"Length":214,"Height":251,"Demand":10,"DemandMax":null,"Value":53714},{"Length":194,"Height":274,"Demand":10,"DemandMax":null,"Value":53156},{"Length":275,"Height":193,"Demand":10,"DemandMax":null,"Value":53075},{"Length":229,"Height":228,"Demand":10,"DemandMax":null,"Value":52212},{"Length":196,"Height":265,"Demand":10,"DemandMax":null,"Value":51940},{"Length":182,"Height":280,"Demand":10,"DemandMax":null,"Value":50960},{"Length":281,"Height":181,"Demand":10,"DemandMax":null,"Value":50861},{"Length":266,"Height":190,"Demand":10,"DemandMax":null,"Value":50540},{"Length":288,"Height":174,"Demand":10,"DemandMax":null,"Value":50112},{"Length":181,"Height":276,"Demand":10,"DemandMax":null,"Value":49956},{"Length":272,"Height":179,"Demand":10,"DemandMax":null,"Value":48688},{"Length":280,"Height":173,"Demand":10,"DemandMax":null,"Value":48440},{"Length":288,"Height":168,"Demand":10,"DemandMax":null,"Value":48384},{"Length":263,"Height":180,"Demand":10,"DemandMax":null,"Value":47340},{"Length":194,"Height":244,"Demand":10,"DemandMax":null,"Value":47336},{"Length":270,"Height":172,"Demand":10,"DemandMax":null,"Value":46440},{"Length":222,"Height":206,"Demand":10,"DemandMax":null,"Value":45732},{"Length":268,"Height":170,"Demand":10,"DemandMax":null,"Value":45560},{"Length":234,"Height":187,"Demand":10,"DemandMax":null,"Value":43758},{"Length":255,"Height":169,"Demand":10,"DemandMax":null,"Value":43095},{"Length":192,"Height":224,"Demand":10,"DemandMax":null,"Value":43008},{"Length":177,"Height":242,"Demand":10,"DemandMax":null,"Value":42834},{"Length":283,"Height":151,"Demand":10,"DemandMax":null,"Value":42733},{"Length":167,"Height":247,"Demand":10,"DemandMax":null,"Value":41249},{"Length":246,"Height":167,"Demand":10,"DemandMax":null,"Value":41082},{"Length":241,"Height":170,"Demand":10,"DemandMax":null,"Value":40970},{"Length":265,"Height":152,"Demand":10,"DemandMax":null,"Value":40280},{"Length":293,"Height":137,"Demand":10,"DemandMax":null,"Value":40141},{"Length":143,"Height":279,"Demand":10,"DemandMax":null,"Value":39897},{"Length":264,"Height":151,"Demand":10,"DemandMax":null,"Value":39864},{"Length":151,"Height":259,"Demand":10,"DemandMax":null,"Value":39109},{"Length":131,"Height":293,"Demand":10,"DemandMax":null,"Value":38383},{"Length":235,"Height":163,"Demand":10,"DemandMax":null,"Value":38305},{"Length":188,"Height":201,"Demand":10,"DemandMax":null,"Value":37788},{"Length":201,"Height":186,"Demand":10,"DemandMax":null,"Value":37386},{"Length":202,"Height":185,"Demand":10,"DemandMax":null,"Value":37370},{"Length":176,"Height":211,"Demand":10,"DemandMax":null,"Value":37136},{"Length":145,"Height":253,"Demand":10,"DemandMax":null,"Value":36685},{"Length":225,"Height":163,"Demand":10,"DemandMax":null,"Value":36675},{"Length":207,"Height":174,"Demand":10,"DemandMax":null,"Value":36018},{"Length":148,"Height":239,"Demand":10,"DemandMax":null,"Value":35372},{"Length":169,"Height":208,"Demand":10,"DemandMax":null,"Value":35152},{"Length":144,"Height":244,"Demand":10,"DemandMax":null,"Value":35136},{"Length":160,"Height":219,"Demand":10,"DemandMax":null,"Value":35040},{"Length":242,"Height":144,"Demand":10,"DemandMax":null,"Value":34848},{"Length":146,"Height":236,"Demand":10,"DemandMax":null,"Value":34456},{"Length":259,"Height":131,"Demand":10,"DemandMax":null,"Value":33929},{"Length":185,"Height":181,"Demand":10,"DemandMax":null,"Value":33485},{"Length":151,"Height":220,"Demand":10,"DemandMax":null,"Value":33220},{"Length":154,"Height":215,"Demand":10,"DemandMax":null,"Value":33110},{"Length":115,"Height":281,"Demand":10,"DemandMax":null,"Value":32315},{"Length":124,"Height":260,"Demand":10,"DemandMax":null,"Value":32240},{"Length":125,"Height":257,"Demand":10,"DemandMax":null,"Value":32125},{"Length":109,"Height":292,"Demand":10,"DemandMax":null,"Value":31828},{"Length":213,"Height":149,"Demand":10,"DemandMax":null,"Value":31737},{"Length":131,"Height":238,"Demand":10,"DemandMax":null,"Value":31178},{"Length":172,"Height":178,"Demand":10,"DemandMax":null,"Value":30616},{"Length":125,"Height":244,"Demand":10,"DemandMax":null,"Value":30500},{"Length":117,"Height":247,"Demand":10,"DemandMax":null,"Value":28899},{"Length":158,"Height":182,"Demand":10,"DemandMax":null,"Value":28756},{"Length":219,"Height":128,"Demand":10,"DemandMax":null,"Value":28032},{"Length":147,"Height":186,"Demand":10,"DemandMax":null,"Value":27342},{"Length":156,"Height":175,"Demand":10,"DemandMax":null,"Value":27300},{"Length":252,"Height":105,"Demand":10,"DemandMax":null,"Value":26460},{"Length":240,"Height":109,"Demand":10,"DemandMax":null,"Value":26160},{"Length":101,"Height":258,"Demand":10,"DemandMax":null,"Value":26058},{"Length":221,"Height":117,"Demand":10,"DemandMax":null,"Value":25857},{"Length":165,"Height":156,"Demand":10,"DemandMax":null,"Value":25740},{"Length":175,"Height":147,"Demand":10,"DemandMax":null,"Value":25725},{"Length":209,"Height":119,"Demand":10,"DemandMax":null,"Value":24871},{"Length":223,"Height":102,"Demand":10,"DemandMax":null,"Value":22746},{"Length":129,"Height":175,"Demand":10,"DemandMax":null,"Value":22575},{"Length":150,"Height":148,"Demand":10,"DemandMax":null,"Value":22200},{"Length":215,"Height":103,"Demand":10,"DemandMax":null,"Value":22145},{"Length":139,"Height":159,"Demand":10,"DemandMax":null,"Value":22101},{"Length":133,"Height":163,"Demand":10,"DemandMax":null,"Value":21679},{"Length":128,"Height":159,"Demand":10,"DemandMax":null,"Value":20352},{"Length":171,"Height":118,"Demand":10,"DemandMax":null,"Value":20178},{"Length":143,"Height":141,"Demand":10,"DemandMax":null,"Value":20163},{"Length":125,"Height":144,"Demand":10,"DemandMax":null,"Value":18000},{"Length":133,"Height":134,"Demand":10,"DemandMax":null,"Value":17822},{"Length":156,"Height":109,"Demand":10,"DemandMax":null,"Value":17004},{"Length":147,"Height":115,"Demand":10,"DemandMax":null,"Value":16905},{"Length":116,"Height":145,"Demand":10,"DemandMax":null,"Value":16820}]}