{"Name":"AH337","Objects":[{"Length":1000,"Height":2354,"Stock":null,"Cost":2354000}],"Items":[{"Length":90,"Height":89,"Demand":1,"DemandMax":null,"Value":8010},{"Length":88,"Height":90,"Demand":1,"DemandMax":null,"Value":7920},{"Length":88,"Height":89,"Demand":1,"DemandMax":null,"Value":7832},{"Length":90,"Height":87,"Demand":1,"DemandMax":null,"Value":7830},{"Length":87,"Height":89,"Demand":1,"DemandMax":null,"Value":7743},{"Length":88,"Height":87,"Demand":1,"DemandMax":null,"Value":7656},{"Length":90,"Height":85,"Demand":1,"DemandMax":null,"Value":7650},{"Length":86,"Height":88,"Demand":1,"DemandMax":null,"Value":7568},{"Length":86,"Height":87,"Demand":1,"DemandMax":null,"Value":7482},{"Length":88,"Height":85,"Demand":1,"DemandMax":null,"Value":7480},{"Length":90,"Height":83,"Demand":1,"DemandMax":null,"Value":7470},{"Length":84,"Height":88,"Demand":1,"DemandMax":null,"Value":7392},{"Length":86,"Height":85,"Demand":1,"DemandMax":null,"Value":7310},{"Length":86,"Height":84,"Demand":1,"DemandMax":null,"Value":7224},{"Length":80,"Height":90,"Demand":1,"DemandMax":null,"Value":7200},{"Length":86,"Height":80,"Demand":1,"DemandMax":null,"Value":6880},{"Length":78,"Height":88,"Demand":1,"DemandMax":null,"Value":6864},{"Length":83,"Height":82,"Demand":1,"DemandMax":null,"Value":6806},{"Length":84,"Height":81,"Demand":1,"DemandMax":null,"Value":6804},{"Length":79,"Height":86,"Demand":1,"DemandMax":null,"Value":6794},{"Length":87,"Height":78,"Demand":1,"DemandMax":null,"Value":6786},{"Length":83,"Height":81,"Demand":1,"DemandMax":null,"Value":6723},{"Length":80,"Height":84,"Demand":1,"DemandMax":null,"Value":6720},{"Length":86,"Height":78,"Demand":1,"DemandMax":null,"Value":6708},{"Length":76,"Height":88,"Demand":1,"DemandMax":null,"Value":6688},{"Length":78,"Height":85,"Demand":1,"DemandMax":null,"Value":6630},{"Length":76,"Height":87,"Demand":1,"DemandMax":null,"Value":6612},{"Length":80,"Height":82,"Demand":1,"DemandMax":null,"Value":6560},{"Length":86,"Height":76,"Demand":1,"DemandMax":null,"Value":6536},{"Length":88,"Height":74,"Demand":1,"DemandMax":null,"Value":6512},{"Length":73,"Height":89,"Demand":1,"DemandMax":null,"Value":6497},{"Length":72,"Height":90,"Demand":1,"DemandMax":null,"Value":6480},{"Length":75,"Height":86,"Demand":1,"DemandMax":null,"Value":6450},{"Length":87,"Height":74,"Demand":1,"DemandMax":null,"Value":6438},{"Length":80,"Height":80,"Demand":1,"DemandMax":null,"Value":6400},{"Length":78,"Height":82,"Demand":1,"DemandMax":null,"Value":6396},{"Length":80,"Height":79,"Demand":1,"DemandMax":null,"Value":6320},{"Length":85,"Height":74,"Demand":1,"DemandMax":null,"Value":6290},{"Length":72,"Height":87,"Demand":1,"DemandMax":null,"Value":6264},{"Length":80,"Height":78,"Demand":1,"DemandMax":null,"Value":6240},{"Length":82,"Height":76,"Demand":1,"DemandMax":null,"Value":6232},{"Length":75,"Height":83,"Demand":1,"DemandMax":null,"Value":6225},{"Length":74,"Height":84,"Demand":1,"DemandMax":null,"Value":6216},{"Length":86,"Height":72,"Demand":1,"DemandMax":null,"Value":6192},{"Length":82,"Height":75,"Demand":1,"DemandMax":null,"Value":6150},{"Length":84,"Height":73,"Demand":1,"DemandMax":null,"Value":6132},{"Length":90,"Height":68,"Demand":1,"DemandMax":null,"Value":6120},{"Length":67,"Height":90,"Demand":1,"DemandMax":null,"Value":6030},{"Length":74,"Height":81,"Demand":1,"DemandMax":null,"Value":5994},{"Length":69,"Height":86,"Demand":1,"DemandMax":null,"Value":5934},{"Length":72,"Height":82,"Demand":1,"DemandMax":null,"Value":5904},{"Length":70,"Height":84,"Demand":1,"DemandMax":null,"Value":5880},{"Length":76,"Height":77,"Demand":1,"DemandMax":null,"Value":5852},{"Length":78,"Height":74,"Demand":1,"DemandMax":null,"Value":5772},{"Length":81,"Height":71,"Demand":1,"DemandMax":null,"Value":5751},{"Length":87,"Height":66,"Demand":1,"DemandMax":null,"Value":5742},{"Length":70,"Height":82,"Demand":1,"DemandMax":null,"Value":5740},{"Length":83,"Height":69,"Demand":1,"DemandMax":null,"Value":5727},{"Length":77,"Height":74,"Demand":1,"DemandMax":null,"Value":5698},{"Length":80,"Height":70,"Demand":1,"DemandMax":null,"Value":5600},{"Length":69,"Height":81,"Demand":1,"DemandMax":null,"Value":5589},{"Length":82,"Height":68,"Demand":1,"DemandMax":null,"Value":5576},{"Length":64,"Height":87,"Demand":1,"DemandMax":null,"Value":5568},{"Length":63,"Height":88,"Demand":1,"DemandMax":null,"Value":5544},{"Length":79,"Height":70,"Demand":1,"DemandMax":null,"Value":5530},{"Length":80,"Height":69,"Demand":1,"DemandMax":null,"Value":5520},{"Length":62,"Height":89,"Demand":1,"DemandMax":null,"Value":5518},{"Length":67,"Height":82,"Demand":1,"DemandMax":null,"Value":5494},{"Length":63,"Height":87,"Demand":1,"DemandMax":null,"Value":5481},{"Length":65,"Height":84,"Demand":1,"DemandMax":null,"Value":5460},{"Length":82,"Height":66,"Demand":1,"DemandMax":null,"Value":5412},{"Length":87,"Height":62,"Demand":1,"DemandMax":null,"Value":5394},{"Length":63,"Height":85,"Demand":1,"DemandMax":null,"Value":5355},{"Length":86,"Height":62,"Demand":1,"DemandMax":null,"Value":5332},{"Length":71,"Height":75,"Demand":1,"DemandMax":null,"Value":5325},{"Length":90,"Height":59,"Demand":1,"DemandMax":null,"Value":5310},{"Length":78,"Height":68,"Demand":1,"DemandMax":null,"Value":5304},{"Length":60,"Height":88,"Demand":1,"DemandMax":null,"Value":5280},{"Length":85,"Height":62,"Demand":1,"DemandMax":null,"Value":5270},{"Length":72,"Height":73,"Demand":1,"DemandMax":null,"Value":5256},{"Length":74,"Height":71,"Demand":1,"DemandMax":null,"Value":5254},{"Length":86,"Height":61,"Demand":1,"DemandMax":null,"Value":5246},{"Length":63,"Height":83,"Demand":1,"DemandMax":null,"Value":5229},{"Length":60,"Height":87,"Demand":1,"DemandMax":null,"Value":5220},{"Length":58,"Height":90,"Demand":1,"DemandMax":null,"Value":5220},{"Length":84,"Height":62,"Demand":1,"DemandMax":null,"Value":5208},{"Length":64,"Height":81,"Demand":1,"DemandMax":null,"Value":5184},{"Length":74,"Height":70,"Demand":1,"DemandMax":null,"Value":5180},{"Length":69,"Height":75,"Demand":1,"DemandMax":null,"Value":5175},{"Length":86,"Height":60,"Demand":1,"DemandMax":null,"Value":5160},{"Length":66,"Height":78,"Demand":1,"DemandMax":null,"Value":5148},{"Length":65,"Height":79,"Demand":1,"DemandMax":null,"Value":5135},{"Length":87,"Height":59,"Demand":1,"DemandMax":null,"Value":5133},{"Length":63,"Height":81,"Demand":1,"DemandMax":null,"Value":5103},{"Length":85,"Height":60,"Demand":1,"DemandMax":null,"Value":5100},{"Length":67,"Height":76,"Demand":1,"DemandMax":null,"Value":5092},{"Length":86,"Height":59,"Demand":1,"DemandMax":null,"Value":5074},{"Length":65,"Height":78,"Demand":1,"DemandMax":null,"Value":5070},{"Length":71,"Height":71,"Demand":1,"DemandMax":null,"Value":5041},{"Length":63,"Height":80,"Demand":1,"DemandMax":null,"Value":5040},{"Length":72,"Height":70,"Demand":1,"DemandMax":null,"Value":5040},{"Length":68,"Height":74,"Demand":1,"DemandMax":null,"Value":5032},{"Length":67,"Height":75,"Demand":1,"DemandMax":null,"Value":5025},{"Length":77,"Height":65,"Demand":1,"DemandMax":null,"Value":5005},{"Length":85,"Height":58,"Demand":1,"DemandMax":null,"Value":4930},{"Length":62,"Height":79,"Demand":1,"DemandMax":null,"Value":4898},{"Length":89,"Height":55,"Demand":1,"DemandMax":null,"Value":4895},{"Length":66,"Height":74,"Demand":1,"DemandMax":null,"Value":4884},{"Length":80,"Height":61,"Demand":1,"DemandMax":null,"Value":4880},{"Length":84,"Height":58,"Demand":1,"DemandMax":null,"Value":4872},{"Length":63,"Height":77,"Demand":1,"DemandMax":null,"Value":4851},{"Length":57,"Height":85,"Demand":1,"DemandMax":null,"Value":4845},{"Length":89,"Height":54,"Demand":1,"DemandMax":null,"Value":4806},{"Length":55,"Height":87,"Demand":1,"DemandMax":null,"Value":4785},{"Length":78,"Height":61,"Demand":1,"DemandMax":null,"Value":4758},{"Length":58,"Height":82,"Demand":1,"DemandMax":null,"Value":4756},{"Length":65,"Height":73,"Demand":1,"DemandMax":null,"Value":4745},{"Length":74,"Height":64,"Demand":1,"DemandMax":null,"Value":4736},{"Length":55,"Height":86,"Demand":1,"DemandMax":null,"Value":4730},{"Length":62,"Height":76,"Demand":1,"DemandMax":null,"Value":4712},{"Length":68,"Height":69,"Demand":1,"DemandMax":null,"Value":4692},{"Length":67,"Height":70,"Demand":1,"DemandMax":null,"Value":4690},{"Length":90,"Height":52,"Demand":1,"DemandMax":null,"Value":4680},{"Length":64,"Height":73,"Demand":1,"DemandMax":null,"Value":4672},{"Length":53,"Height":88,"Demand":1,"DemandMax":null,"Value":4664},{"Length":58,"Height":80,"Demand":1,"DemandMax":null,"Value":4640},{"Length":76,"Height":61,"Demand":1,"DemandMax":null,"Value":4636},{"Length":67,"Height":69,"Demand":1,"DemandMax":null,"Value":4623},{"Length":66,"Height":70,"Demand":1,"DemandMax":null,"Value":4620},{"Length":62,"Height":74,"Demand":1,"DemandMax":null,"Value":4588},{"Length":52,"Height":88,"Demand":1,"DemandMax":null,"Value":4576},{"Length":55,"Height":83,"Demand":1,"DemandMax":null,"Value":4565},{"Length":76,"Height":60,"Demand":1,"DemandMax":null,"Value":4560},{"Length":66,"Height":69,"Demand":1,"DemandMax":null,"Value":4554},{"Length":59,"Height":77,"Demand":1,"DemandMax":null,"Value":4543},{"Length":51,"Height":89,"Demand":1,"DemandMax":null,"Value":4539},{"Length":81,"Height":56,"Demand":1,"DemandMax":null,"Value":4536},{"Length":72,"Height":63,"Demand":1,"DemandMax":null,"Value":4536},{"Length":84,"Height":54,"Demand":1,"DemandMax":null,"Value":4536},{"Length":78,"Height":58,"Demand":1,"DemandMax":null,"Value":4524},{"Length":82,"Height":55,"Demand":1,"DemandMax":null,"Value":4510},{"Length":90,"Height":50,"Demand":1,"DemandMax":null,"Value":4500},{"Length":60,"Height":75,"Demand":1,"DemandMax":null,"Value":4500},{"Length":88,"Height":51,"Demand":1,"DemandMax":null,"Value":4488},{"Length":59,"Height":76,"Demand":1,"DemandMax":null,"Value":4484},{"Length":80,"Height":56,"Demand":1,"DemandMax":null,"Value":4480},{"Length":86,"Height":52,"Demand":1,"DemandMax":null,"Value":4472},{"Length":78,"Height":57,"Demand":1,"DemandMax":null,"Value":4446},{"Length":74,"Height":60,"Demand":1,"DemandMax":null,"Value":4440},{"Length":87,"Height":51,"Demand":1,"DemandMax":null,"Value":4437},{"Length":75,"Height":59,"Demand":1,"DemandMax":null,"Value":4425},{"Length":85,"Height":52,"Demand":1,"DemandMax":null,"Value":4420},{"Length":69,"Height":64,"Demand":1,"DemandMax":null,"Value":4416},{"Length":55,"Height":80,"Demand":1,"DemandMax":null,"Value":4400},{"Length":57,"Height":77,"Demand":1,"DemandMax":null,"Value":4389},{"Length":50,"Height":87,"Demand":1,"DemandMax":null,"Value":4350},{"Length":82,"Height":53,"Demand":1,"DemandMax":null,"Value":4346},{"Length":55,"Height":79,"Demand":1,"DemandMax":null,"Value":4345},{"Length":62,"Height":70,"Demand":1,"DemandMax":null,"Value":4340},{"Length":71,"Height":61,"Demand":1,"DemandMax":null,"Value":4331},{"Length":72,"Height":60,"Demand":1,"DemandMax":null,"Value":4320},{"Length":90,"Height":48,"Demand":1,"DemandMax":null,"Value":4320},{"Length":83,"Height":52,"Demand":1,"DemandMax":null,"Value":4316},{"Length":73,"Height":59,"Demand":1,"DemandMax":null,"Value":4307},{"Length":78,"Height":55,"Demand":1,"DemandMax":null,"Value":4290},{"Length":64,"Height":67,"Demand":1,"DemandMax":null,"Value":4288},{"Length":68,"Height":63,"Demand":1,"DemandMax":null,"Value":4284},{"Length":55,"Height":77,"Demand":1,"DemandMax":null,"Value":4235},{"Length":73,"Height":58,"Demand":1,"DemandMax":null,"Value":4234},{"Length":47,"Height":90,"Demand":1,"DemandMax":null,"Value":4230},{"Length":57,"Height":74,"Demand":1,"DemandMax":null,"Value":4218},{"Length":53,"Height":79,"Demand":1,"DemandMax":null,"Value":4187},{"Length":72,"Height":58,"Demand":1,"DemandMax":null,"Value":4176},{"Length":49,"Height":85,"Demand":1,"DemandMax":null,"Value":4165},{"Length":54,"Height":77,"Demand":1,"DemandMax":null,"Value":4158},{"Length":62,"Height":67,"Demand":1,"DemandMax":null,"Value":4154},{"Length":48,"Height":86,"Demand":1,"DemandMax":null,"Value":4128},{"Length":52,"Height":79,"Demand":1,"DemandMax":null,"Value":4108},{"Length":46,"Height":89,"Demand":1,"DemandMax":null,"Value":4094},{"Length":47,"Height":87,"Demand":1,"DemandMax":null,"Value":4089},{"Length":67,"Height":61,"Demand":1,"DemandMax":null,"Value":4087},{"Length":69,"Height":59,"Demand":1,"DemandMax":null,"Value":4071},{"Length":83,"Height":49,"Demand":1,"DemandMax":null,"Value":4067},{"Length":78,"Height":52,"Demand":1,"DemandMax":null,"Value":4056},{"Length":54,"Height":75,"Demand":1,"DemandMax":null,"Value":4050},{"Length":86,"Height":47,"Demand":1,"DemandMax":null,"Value":4042},{"Length":64,"Height":63,"Demand":1,"DemandMax":null,"Value":4032},{"Length":84,"Height":48,"Demand":1,"DemandMax":null,"Value":4032},{"Length":66,"Height":61,"Demand":1,"DemandMax":null,"Value":4026},{"Length":59,"Height":68,"Demand":1,"DemandMax":null,"Value":4012},{"Length":74,"Height":54,"Demand":1,"DemandMax":null,"Value":3996},{"Length":75,"Height":53,"Demand":1,"DemandMax":null,"Value":3975},{"Length":81,"Height":49,"Demand":1,"DemandMax":null,"Value":3969},{"Length":64,"Height":62,"Demand":1,"DemandMax":null,"Value":3968},{"Length":66,"Height":60,"Demand":1,"DemandMax":null,"Value":3960},{"Length":86,"Height":46,"Demand":1,"DemandMax":null,"Value":3956},{"Length":76,"Height":52,"Demand":1,"DemandMax":null,"Value":3952},{"Length":73,"Height":54,"Demand":1,"DemandMax":null,"Value":3942},{"Length":77,"Height":51,"Demand":1,"DemandMax":null,"Value":3927},{"Length":49,"Height":80,"Demand":1,"DemandMax":null,"Value":3920},{"Length":87,"Height":45,"Demand":1,"DemandMax":null,"Value":3915},{"Length":66,"Height":59,"Demand":1,"DemandMax":null,"Value":3894},{"Length":72,"Height":54,"Demand":1,"DemandMax":null,"Value":3888},{"Length":58,"Height":67,"Demand":1,"DemandMax":null,"Value":3886},{"Length":88,"Height":44,"Demand":1,"DemandMax":null,"Value":3872},{"Length":90,"Height":43,"Demand":1,"DemandMax":null,"Value":3870},{"Length":53,"Height":73,"Demand":1,"DemandMax":null,"Value":3869},{"Length":84,"Height":46,"Demand":1,"DemandMax":null,"Value":3864},{"Length":77,"Height":50,"Demand":1,"DemandMax":null,"Value":3850},{"Length":62,"Height":62,"Demand":1,"DemandMax":null,"Value":3844},{"Length":63,"Height":61,"Demand":1,"DemandMax":null,"Value":3843},{"Length":60,"Height":64,"Demand":1,"DemandMax":null,"Value":3840},{"Length":59,"Height":65,"Demand":1,"DemandMax":null,"Value":3835},{"Length":83,"Height":46,"Demand":1,"DemandMax":null,"Value":3818},{"Length":81,"Height":47,"Demand":1,"DemandMax":null,"Value":3807},{"Length":73,"Height":52,"Demand":1,"DemandMax":null,"Value":3796},{"Length":42,"Height":90,"Demand":1,"DemandMax":null,"Value":3780},{"Length":80,"Height":47,"Demand":1,"DemandMax":null,"Value":3760},{"Length":48,"Height":78,"Demand":1,"DemandMax":null,"Value":3744},{"Length":55,"Height":68,"Demand":1,"DemandMax":null,"Value":3740},{"Length":89,"Height":42,"Demand":1,"DemandMax":null,"Value":3738},{"Length":60,"Height":62,"Demand":1,"DemandMax":null,"Value":3720},{"Length":59,"Height":63,"Demand":1,"DemandMax":null,"Value":3717},{"Length":88,"Height":42,"Demand":1,"DemandMax":null,"Value":3696},{"Length":45,"Height":82,"Demand":1,"DemandMax":null,"Value":3690},{"Length":49,"Height":75,"Demand":1,"DemandMax":null,"Value":3675},{"Length":47,"Height":78,"Demand":1,"DemandMax":null,"Value":3666},{"Length":89,"Height":41,"Demand":1,"DemandMax":null,"Value":3649},{"Length":45,"Height":81,"Demand":1,"DemandMax":null,"Value":3645},{"Length":65,"Height":56,"Demand":1,"DemandMax":null,"Value":3640},{"Length":84,"Height":43,"Demand":1,"DemandMax":null,"Value":3612},{"Length":48,"Height":75,"Demand":1,"DemandMax":null,"Value":3600},{"Length":72,"Height":50,"Demand":1,"DemandMax":null,"Value":3600},{"Length":52,"Height":69,"Demand":1,"DemandMax":null,"Value":3588},{"Length":73,"Height":49,"Demand":1,"DemandMax":null,"Value":3577},{"Length":42,"Height":85,"Demand":1,"DemandMax":null,"Value":3570},{"Length":41,"Height":87,"Demand":1,"DemandMax":null,"Value":3567},{"Length":54,"Height":66,"Demand":1,"DemandMax":null,"Value":3564},{"Length":68,"Height":52,"Demand":1,"DemandMax":null,"Value":3536},{"Length":57,"Height":62,"Demand":1,"DemandMax":null,"Value":3534},{"Length":63,"Height":56,"Demand":1,"DemandMax":null,"Value":3528},{"Length":49,"Height":72,"Demand":1,"DemandMax":null,"Value":3528},{"Length":82,"Height":43,"Demand":1,"DemandMax":null,"Value":3526},{"Length":45,"Height":78,"Demand":1,"DemandMax":null,"Value":3510},{"Length":73,"Height":48,"Demand":1,"DemandMax":null,"Value":3504},{"Length":76,"Height":46,"Demand":1,"DemandMax":null,"Value":3496},{"Length":67,"Height":52,"Demand":1,"DemandMax":null,"Value":3484},{"Length":43,"Height":81,"Demand":1,"DemandMax":null,"Value":3483},{"Length":61,"Height":57,"Demand":1,"DemandMax":null,"Value":3477},{"Length":79,"Height":44,"Demand":1,"DemandMax":null,"Value":3476},{"Length":62,"Height":56,"Demand":1,"DemandMax":null,"Value":3472},{"Length":72,"Height":48,"Demand":1,"DemandMax":null,"Value":3456},{"Length":42,"Height":82,"Demand":1,"DemandMax":null,"Value":3444},{"Length":38,"Height":90,"Demand":1,"DemandMax":null,"Value":3420},{"Length":57,"Height":60,"Demand":1,"DemandMax":null,"Value":3420},{"Length":56,"Height":61,"Demand":1,"DemandMax":null,"Value":3416},{"Length":54,"Height":63,"Demand":1,"DemandMax":null,"Value":3402},{"Length":85,"Height":40,"Demand":1,"DemandMax":null,"Value":3400},{"Length":50,"Height":68,"Demand":1,"DemandMax":null,"Value":3400},{"Length":69,"Height":49,"Demand":1,"DemandMax":null,"Value":3381},{"Length":66,"Height":51,"Demand":1,"DemandMax":null,"Value":3366},{"Length":58,"Height":58,"Demand":1,"DemandMax":null,"Value":3364},{"Length":41,"Height":82,"Demand":1,"DemandMax":null,"Value":3362},{"Length":70,"Height":48,"Demand":1,"DemandMax":null,"Value":3360},{"Length":40,"Height":84,"Demand":1,"DemandMax":null,"Value":3360},{"Length":46,"Height":73,"Demand":1,"DemandMax":null,"Value":3358},{"Length":53,"Height":63,"Demand":1,"DemandMax":null,"Value":3339},{"Length":68,"Height":49,"Demand":1,"DemandMax":null,"Value":3332},{"Length":83,"Height":40,"Demand":1,"DemandMax":null,"Value":3320},{"Length":59,"Height":56,"Demand":1,"DemandMax":null,"Value":3304},{"Length":75,"Height":44,"Demand":1,"DemandMax":null,"Value":3300},{"Length":55,"Height":60,"Demand":1,"DemandMax":null,"Value":3300},{"Length":66,"Height":50,"Demand":1,"DemandMax":null,"Value":3300},{"Length":41,"Height":80,"Demand":1,"DemandMax":null,"Value":3280},{"Length":42,"Height":78,"Demand":1,"DemandMax":null,"Value":3276},{"Length":52,"Height":63,"Demand":1,"DemandMax":null,"Value":3276},{"Length":84,"Height":39,"Demand":1,"DemandMax":null,"Value":3276},{"Length":68,"Height":48,"Demand":1,"DemandMax":null,"Value":3264},{"Length":65,"Height":50,"Demand":1,"DemandMax":null,"Value":3250},{"Length":55,"Height":59,"Demand":1,"DemandMax":null,"Value":3245},{"Length":72,"Height":45,"Demand":1,"DemandMax":null,"Value":3240},{"Length":66,"Height":49,"Demand":1,"DemandMax":null,"Value":3234},{"Length":85,"Height":38,"Demand":1,"DemandMax":null,"Value":3230},{"Length":87,"Height":37,"Demand":1,"DemandMax":null,"Value":3219},{"Length":51,"Height":63,"Demand":1,"DemandMax":null,"Value":3213},{"Length":44,"Height":73,"Demand":1,"DemandMax":null,"Value":3212},{"Length":80,"Height":40,"Demand":1,"DemandMax":null,"Value":3200},{"Length":43,"Height":74,"Demand":1,"DemandMax":null,"Value":3182},{"Length":60,"Height":53,"Demand":1,"DemandMax":null,"Value":3180},{"Length":46,"Height":69,"Demand":1,"DemandMax":null,"Value":3174},{"Length":52,"Height":61,"Demand":1,"DemandMax":null,"Value":3172},{"Length":48,"Height":66,"Demand":1,"DemandMax":null,"Value":3168},{"Length":40,"Height":79,"Demand":1,"DemandMax":null,"Value":3160},{"Length":81,"Height":39,"Demand":1,"DemandMax":null,"Value":3159},{"Length":37,"Height":85,"Demand":1,"DemandMax":null,"Value":3145},{"Length":73,"Height":43,"Demand":1,"DemandMax":null,"Value":3139},{"Length":54,"Height":58,"Demand":1,"DemandMax":null,"Value":3132},{"Length":78,"Height":40,"Demand":1,"DemandMax":null,"Value":3120},{"Length":38,"Height":82,"Demand":1,"DemandMax":null,"Value":3116},{"Length":35,"Height":89,"Demand":1,"DemandMax":null,"Value":3115},{"Length":51,"Height":61,"Demand":1,"DemandMax":null,"Value":3111},{"Length":37,"Height":84,"Demand":1,"DemandMax":null,"Value":3108},{"Length":42,"Height":74,"Demand":1,"DemandMax":null,"Value":3108},{"Length":62,"Height":50,"Demand":1,"DemandMax":null,"Value":3100},{"Length":46,"Height":67,"Demand":1,"DemandMax":null,"Value":3082},{"Length":70,"Height":44,"Demand":1,"DemandMax":null,"Value":3080},{"Length":38,"Height":81,"Demand":1,"DemandMax":null,"Value":3078},{"Length":75,"Height":41,"Demand":1,"DemandMax":null,"Value":3075},{"Length":37,"Height":83,"Demand":1,"DemandMax":null,"Value":3071},{"Length":52,"Height":59,"Demand":1,"DemandMax":null,"Value":3068},{"Length":45,"Height":68,"Demand":1,"DemandMax":null,"Value":3060},{"Length":47,"Height":65,"Demand":1,"DemandMax":null,"Value":3055},{"Length":35,"Height":87,"Demand":1,"DemandMax":null,"Value":3045},{"Length":40,"Height":76,"Demand":1,"DemandMax":null,"Value":3040},{"Length":62,"Height":49,"Demand":1,"DemandMax":null,"Value":3038},{"Length":66,"Height":46,"Demand":1,"DemandMax":null,"Value":3036},{"Length":67,"Height":45,"Demand":1,"DemandMax":null,"Value":3015},{"Length":35,"Height":86,"Demand":1,"DemandMax":null,"Value":3010},{"Length":59,"Height":51,"Demand":1,"DemandMax":null,"Value":3009},{"Length":47,"Height":64,"Demand":1,"DemandMax":null,"Value":3008},{"Length":79,"Height":38,"Demand":1,"DemandMax":null,"Value":3002},{"Length":34,"Height":88,"Demand":1,"DemandMax":null,"Value":2992},{"Length":83,"Height":36,"Demand":1,"DemandMax":null,"Value":2988},{"Length":55,"Height":54,"Demand":1,"DemandMax":null,"Value":2970},{"Length":37,"Height":80,"Demand":1,"DemandMax":null,"Value":2960},{"Length":34,"Height":87,"Demand":1,"DemandMax":null,"Value":2958},{"Length":60,"Height":49,"Demand":1,"DemandMax":null,"Value":2940},{"Length":33,"Height":89,"Demand":1,"DemandMax":null,"Value":2937},{"Length":61,"Height":48,"Demand":1,"DemandMax":null,"Value":2928},{"Length":86,"Height":34,"Demand":1,"DemandMax":null,"Value":2924},{"Length":73,"Height":40,"Demand":1,"DemandMax":null,"Value":2920},{"Length":53,"Height":55,"Demand":1,"DemandMax":null,"Value":2915},{"Length":47,"Height":62,"Demand":1,"DemandMax":null,"Value":2914},{"Length":58,"Height":50,"Demand":1,"DemandMax":null,"Value":2900},{"Length":59,"Height":49,"Demand":1,"DemandMax":null,"Value":2891},{"Length":37,"Height":78,"Demand":1,"DemandMax":null,"Value":2886},{"Length":74,"Height":39,"Demand":1,"DemandMax":null,"Value":2886},{"Length":64,"Height":45,"Demand":1,"DemandMax":null,"Value":2880},{"Length":54,"Height":53,"Demand":1,"DemandMax":null,"Value":2862},{"Length":68,"Height":42,"Demand":1,"DemandMax":null,"Value":2856},{"Length":56,"Height":51,"Demand":1,"DemandMax":null,"Value":2856},{"Length":46,"Height":62,"Demand":1,"DemandMax":null,"Value":2852},{"Length":77,"Height":37,"Demand":1,"DemandMax":null,"Value":2849},{"Length":39,"Height":73,"Demand":1,"DemandMax":null,"Value":2847},{"Length":33,"Height":86,"Demand":1,"DemandMax":null,"Value":2838},{"Length":60,"Height":47,"Demand":1,"DemandMax":null,"Value":2820},{"Length":44,"Height":64,"Demand":1,"DemandMax":null,"Value":2816},{"Length":36,"Height":78,"Demand":1,"DemandMax":null,"Value":2808},{"Length":39,"Height":72,"Demand":1,"DemandMax":null,"Value":2808},{"Length":51,"Height":55,"Demand":1,"DemandMax":null,"Value":2805},{"Length":80,"Height":35,"Demand":1,"DemandMax":null,"Value":2800},{"Length":43,"Height":65,"Demand":1,"DemandMax":null,"Value":2795},{"Length":31,"Height":90,"Demand":1,"DemandMax":null,"Value":2790},{"Length":45,"Height":62,"Demand":1,"DemandMax":null,"Value":2790},{"Length":58,"Height":48,"Demand":1,"DemandMax":null,"Value":2784},{"Length":42,"Height":66,"Demand":1,"DemandMax":null,"Value":2772},{"Length":71,"Height":39,"Demand":1,"DemandMax":null,"Value":2769},{"Length":43,"Height":64,"Demand":1,"DemandMax":null,"Value":2752},{"Length":61,"Height":45,"Demand":1,"DemandMax":null,"Value":2745},{"Length":49,"Height":56,"Demand":1,"DemandMax":null,"Value":2744},{"Length":65,"Height":42,"Demand":1,"DemandMax":null,"Value":2730},{"Length":31,"Height":88,"Demand":1,"DemandMax":null,"Value":2728},{"Length":43,"Height":63,"Demand":1,"DemandMax":null,"Value":2709},{"Length":52,"Height":52,"Demand":1,"DemandMax":null,"Value":2704},{"Length":48,"Height":56,"Demand":1,"DemandMax":null,"Value":2688},{"Length":32,"Height":84,"Demand":1,"DemandMax":null,"Value":2688},{"Length":42,"Height":64,"Demand":1,"DemandMax":null,"Value":2688},{"Length":40,"Height":67,"Demand":1,"DemandMax":null,"Value":2680},{"Length":46,"Height":58,"Demand":1,"DemandMax":null,"Value":2668},{"Length":31,"Height":86,"Demand":1,"DemandMax":null,"Value":2666},{"Length":43,"Height":62,"Demand":1,"DemandMax":null,"Value":2666},{"Length":74,"Height":36,"Demand":1,"DemandMax":null,"Value":2664},{"Length":68,"Height":39,"Demand":1,"DemandMax":null,"Value":2652},{"Length":60,"Height":44,"Demand":1,"DemandMax":null,"Value":2640},{"Length":31,"Height":85,"Demand":1,"DemandMax":null,"Value":2635},{"Length":64,"Height":41,"Demand":1,"DemandMax":null,"Value":2624},{"Length":57,"Height":46,"Demand":1,"DemandMax":null,"Value":2622},{"Length":38,"Height":69,"Demand":1,"DemandMax":null,"Value":2622},{"Length":39,"Height":67,"Demand":1,"DemandMax":null,"Value":2613},{"Length":58,"Height":45,"Demand":1,"DemandMax":null,"Value":2610},{"Length":33,"Height":79,"Demand":1,"DemandMax":null,"Value":2607},{"Length":44,"Height":59,"Demand":1,"DemandMax":null,"Value":2596},{"Length":72,"Height":36,"Demand":1,"DemandMax":null,"Value":2592},{"Length":68,"Height":38,"Demand":1,"DemandMax":null,"Value":2584},{"Length":34,"Height":76,"Demand":1,"DemandMax":null,"Value":2584},{"Length":29,"Height":89,"Demand":1,"DemandMax":null,"Value":2581},{"Length":45,"Height":57,"Demand":1,"DemandMax":null,"Value":2565},{"Length":34,"Height":75,"Demand":1,"DemandMax":null,"Value":2550},{"Length":47,"Height":54,"Demand":1,"DemandMax":null,"Value":2538},{"Length":65,"Height":39,"Demand":1,"DemandMax":null,"Value":2535},{"Length":32,"Height":79,"Demand":1,"DemandMax":null,"Value":2528},{"Length":35,"Height":72,"Demand":1,"DemandMax":null,"Value":2520},{"Length":81,"Height":31,"Demand":1,"DemandMax":null,"Value":2511},{"Length":38,"Height":66,"Demand":1,"DemandMax":null,"Value":2508},{"Length":50,"Height":50,"Demand":1,"DemandMax":null,"Value":2500},{"Length":32,"Height":78,"Demand":1,"DemandMax":null,"Value":2496},{"Length":47,"Height":53,"Demand":1,"DemandMax":null,"Value":2491},{"Length":36,"Height":69,"Demand":1,"DemandMax":null,"Value":2484},{"Length":73,"Height":34,"Demand":1,"DemandMax":null,"Value":2482},{"Length":38,"Height":65,"Demand":1,"DemandMax":null,"Value":2470},{"Length":85,"Height":29,"Demand":1,"DemandMax":null,"Value":2465},{"Length":28,"Height":88,"Demand":1,"DemandMax":null,"Value":2464},{"Length":36,"Height":68,"Demand":1,"DemandMax":null,"Value":2448},{"Length":84,"Height":29,"Demand":1,"DemandMax":null,"Value":2436},{"Length":27,"Height":90,"Demand":1,"DemandMax":null,"Value":2430},{"Length":80,"Height":30,"Demand":1,"DemandMax":null,"Value":2400},{"Length":60,"Height":40,"Demand":1,"DemandMax":null,"Value":2400},{"Length":50,"Height":48,"Demand":1,"DemandMax":null,"Value":2400},{"Length":51,"Height":47,"Demand":1,"DemandMax":null,"Value":2397},{"Length":63,"Height":38,"Demand":1,"DemandMax":null,"Value":2394},{"Length":46,"Height":52,"Demand":1,"DemandMax":null,"Value":2392},{"Length":77,"Height":31,"Demand":1,"DemandMax":null,"Value":2387},{"Length":45,"Height":53,"Demand":1,"DemandMax":null,"Value":2385},{"Length":28,"Height":85,"Demand":1,"DemandMax":null,"Value":2380},{"Length":29,"Height":82,"Demand":1,"DemandMax":null,"Value":2378},{"Length":74,"Height":32,"Demand":1,"DemandMax":null,"Value":2368},{"Length":62,"Height":38,"Demand":1,"DemandMax":null,"Value":2356},{"Length":47,"Height":50,"Demand":1,"DemandMax":null,"Value":2350},{"Length":29,"Height":81,"Demand":1,"DemandMax":null,"Value":2349},{"Length":87,"Height":27,"Demand":1,"DemandMax":null,"Value":2349},{"Length":46,"Height":51,"Demand":1,"DemandMax":null,"Value":2346},{"Length":73,"Height":32,"Demand":1,"DemandMax":null,"Value":2336},{"Length":27,"Height":86,"Demand":1,"DemandMax":null,"Value":2322},{"Length":26,"Height":89,"Demand":1,"DemandMax":null,"Value":2314},{"Length":33,"Height":70,"Demand":1,"DemandMax":null,"Value":2310},{"Length":66,"Height":35,"Demand":1,"DemandMax":null,"Value":2310},{"Length":30,"Height":77,"Demand":1,"DemandMax":null,"Value":2310},{"Length":82,"Height":28,"Demand":1,"DemandMax":null,"Value":2296},{"Length":85,"Height":27,"Demand":1,"DemandMax":null,"Value":2295},{"Length":88,"Height":26,"Demand":1,"DemandMax":null,"Value":2288},{"Length":65,"Height":35,"Demand":1,"DemandMax":null,"Value":2275},{"Length":49,"Height":46,"Demand":1,"DemandMax":null,"Value":2254},{"Length":90,"Height":25,"Demand":1,"DemandMax":null,"Value":2250},{"Length":51,"Height":44,"Demand":1,"DemandMax":null,"Value":2244},{"Length":38,"Height":59,"Demand":1,"DemandMax":null,"Value":2242},{"Length":40,"Height":56,"Demand":1,"DemandMax":null,"Value":2240},{"Length":52,"Height":43,"Demand":1,"DemandMax":null,"Value":2236},{"Length":29,"Height":77,"Demand":1,"DemandMax":null,"Value":2233},{"Length":31,"Height":72,"Demand":1,"DemandMax":null,"Value":2232},{"Length":57,"Height":39,"Demand":1,"DemandMax":null,"Value":2223},{"Length":30,"Height":74,"Demand":1,"DemandMax":null,"Value":2220},{"Length":67,"Height":33,"Demand":1,"DemandMax":null,"Value":2211},{"Length":29,"Height":76,"Demand":1,"DemandMax":null,"Value":2204},{"Length":81,"Height":27,"Demand":1,"DemandMax":null,"Value":2187},{"Length":26,"Height":84,"Demand":1,"DemandMax":null,"Value":2184},{"Length":64,"Height":34,"Demand":1,"DemandMax":null,"Value":2176},{"Length":29,"Height":75,"Demand":1,"DemandMax":null,"Value":2175},{"Length":87,"Height":25,"Demand":1,"DemandMax":null,"Value":2175},{"Length":48,"Height":45,"Demand":1,"DemandMax":null,"Value":2160},{"Length":58,"Height":37,"Demand":1,"DemandMax":null,"Value":2146},{"Length":39,"Height":55,"Demand":1,"DemandMax":null,"Value":2145},{"Length":32,"Height":67,"Demand":1,"DemandMax":null,"Value":2144},{"Length":89,"Height":24,"Demand":1,"DemandMax":null,"Value":2136},{"Length":36,"Height":59,"Demand":1,"DemandMax":null,"Value":2124},{"Length":57,"Height":37,"Demand":1,"DemandMax":null,"Value":2109},{"Length":27,"Height":78,"Demand":1,"DemandMax":null,"Value":2106},{"Length":35,"Height":60,"Demand":1,"DemandMax":null,"Value":2100},{"Length":72,"Height":29,"Demand":1,"DemandMax":null,"Value":2088},{"Length":30,"Height":69,"Demand":1,"DemandMax":null,"Value":2070},{"Length":44,"Height":47,"Demand":1,"DemandMax":null,"Value":2068},{"Length":48,"Height":43,"Demand":1,"DemandMax":null,"Value":2064},{"Length":24,"Height":86,"Demand":1,"DemandMax":null,"Value":2064},{"Length":37,"Height":55,"Demand":1,"DemandMax":null,"Value":2035},{"Length":78,"Height":26,"Demand":1,"DemandMax":null,"Value":2028},{"Length":52,"Height":39,"Demand":1,"DemandMax":null,"Value":2028},{"Length":56,"Height":36,"Demand":1,"DemandMax":null,"Value":2016},{"Length":53,"Height":38,"Demand":1,"DemandMax":null,"Value":2014},{"Length":64,"Height":31,"Demand":1,"DemandMax":null,"Value":1984},{"Length":45,"Height":44,"Demand":1,"DemandMax":null,"Value":1980},{"Length":34,"Height":58,"Demand":1,"DemandMax":null,"Value":1972},{"Length":82,"Height":24,"Demand":1,"DemandMax":null,"Value":1968},{"Length":28,"Height":70,"Demand":1,"DemandMax":null,"Value":1960},{"Length":32,"Height":61,"Demand":1,"DemandMax":null,"Value":1952},{"Length":78,"Height":25,"Demand":1,"DemandMax":null,"Value":1950},{"Length":39,"Height":50,"Demand":1,"DemandMax":null,"Value":1950},{"Length":44,"Height":44,"Demand":1,"DemandMax":null,"Value":1936},{"Length":28,"Height":69,"Demand":1,"DemandMax":null,"Value":1932},{"Length":84,"Height":23,"Demand":1,"DemandMax":null,"Value":1932},{"Length":80,"Height":24,"Demand":1,"DemandMax":null,"Value":1920},{"Length":40,"Height":48,"Demand":1,"DemandMax":null,"Value":1920},{"Length":32,"Height":60,"Demand":1,"DemandMax":null,"Value":1920},{"Length":29,"Height":66,"Demand":1,"DemandMax":null,"Value":1914},{"Length":22,"Height":87,"Demand":1,"DemandMax":null,"Value":1914},{"Length":83,"Height":23,"Demand":1,"DemandMax":null,"Value":1909},{"Length":38,"Height":50,"Demand":1,"DemandMax":null,"Value":1900},{"Length":21,"Height":90,"Demand":1,"DemandMax":null,"Value":1890},{"Length":28,"Height":67,"Demand":1,"DemandMax":null,"Value":1876},{"Length":36,"Height":52,"Demand":1,"DemandMax":null,"Value":1872},{"Length":55,"Height":34,"Demand":1,"DemandMax":null,"Value":1870},{"Length":31,"Height":60,"Demand":1,"DemandMax":null,"Value":1860},{"Length":64,"Height":29,"Demand":1,"DemandMax":null,"Value":1856},{"Length":28,"Height":66,"Demand":1,"DemandMax":null,"Value":1848},{"Length":56,"Height":33,"Demand":1,"DemandMax":null,"Value":1848},{"Length":24,"Height":77,"Demand":1,"DemandMax":null,"Value":1848},{"Length":26,"Height":71,"Demand":1,"DemandMax":null,"Value":1846},{"Length":80,"Height":23,"Demand":1,"DemandMax":null,"Value":1840},{"Length":40,"Height":46,"Demand":1,"DemandMax":null,"Value":1840},{"Length":68,"Height":27,"Demand":1,"DemandMax":null,"Value":1836},{"Length":21,"Height":87,"Demand":1,"DemandMax":null,"Value":1827},{"Length":38,"Height":48,"Demand":1,"DemandMax":null,"Value":1824},{"Length":24,"Height":76,"Demand":1,"DemandMax":null,"Value":1824},{"Length":52,"Height":35,"Demand":1,"DemandMax":null,"Value":1820},{"Length":67,"Height":27,"Demand":1,"DemandMax":null,"Value":1809},{"Length":20,"Height":90,"Demand":1,"DemandMax":null,"Value":1800},{"Length":75,"Height":24,"Demand":1,"DemandMax":null,"Value":1800},{"Length":50,"Height":36,"Demand":1,"DemandMax":null,"Value":1800},{"Length":46,"Height":39,"Demand":1,"DemandMax":null,"Value":1794},{"Length":23,"Height":78,"Demand":1,"DemandMax":null,"Value":1794},{"Length":38,"Height":47,"Demand":1,"DemandMax":null,"Value":1786},{"Length":22,"Height":81,"Demand":1,"DemandMax":null,"Value":1782},{"Length":24,"Height":74,"Demand":1,"DemandMax":null,"Value":1776},{"Length":71,"Height":25,"Demand":1,"DemandMax":null,"Value":1775},{"Length":23,"Height":77,"Demand":1,"DemandMax":null,"Value":1771},{"Length":80,"Height":22,"Demand":1,"DemandMax":null,"Value":1760},{"Length":27,"Height":65,"Demand":1,"DemandMax":null,"Value":1755},{"Length":53,"Height":33,"Demand":1,"DemandMax":null,"Value":1749},{"Length":30,"Height":58,"Demand":1,"DemandMax":null,"Value":1740},{"Length":47,"Height":37,"Demand":1,"DemandMax":null,"Value":1739},{"Length":31,"Height":56,"Demand":1,"DemandMax":null,"Value":1736},{"Length":48,"Height":36,"Demand":1,"DemandMax":null,"Value":1728},{"Length":64,"Height":27,"Demand":1,"DemandMax":null,"Value":1728},{"Length":54,"Height":32,"Demand":1,"DemandMax":null,"Value":1728},{"Length":23,"Height":75,"Demand":1,"DemandMax":null,"Value":1725},{"Length":40,"Height":43,"Demand":1,"DemandMax":null,"Value":1720},{"Length":26,"Height":66,"Demand":1,"DemandMax":null,"Value":1716},{"Length":44,"Height":39,"Demand":1,"DemandMax":null,"Value":1716},{"Length":29,"Height":59,"Demand":1,"DemandMax":null,"Value":1711},{"Length":45,"Height":38,"Demand":1,"DemandMax":null,"Value":1710},{"Length":24,"Height":71,"Demand":1,"DemandMax":null,"Value":1704},{"Length":46,"Height":37,"Demand":1,"DemandMax":null,"Value":1702},{"Length":27,"Height":63,"Demand":1,"DemandMax":null,"Value":1701},{"Length":33,"Height":51,"Demand":1,"DemandMax":null,"Value":1683},{"Length":41,"Height":41,"Demand":1,"DemandMax":null,"Value":1681},{"Length":35,"Height":48,"Demand":1,"DemandMax":null,"Value":1680},{"Length":70,"Height":24,"Demand":1,"DemandMax":null,"Value":1680},{"Length":28,"Height":60,"Demand":1,"DemandMax":null,"Value":1680},{"Length":73,"Height":23,"Demand":1,"DemandMax":null,"Value":1679},{"Length":31,"Height":54,"Demand":1,"DemandMax":null,"Value":1674},{"Length":52,"Height":32,"Demand":1,"DemandMax":null,"Value":1664},{"Length":27,"Height":61,"Demand":1,"DemandMax":null,"Value":1647},{"Length":20,"Height":82,"Demand":1,"DemandMax":null,"Value":1640},{"Length":21,"Height":78,"Demand":1,"DemandMax":null,"Value":1638},{"Length":43,"Height":38,"Demand":1,"DemandMax":null,"Value":1634},{"Length":71,"Height":23,"Demand":1,"DemandMax":null,"Value":1633},{"Length":68,"Height":24,"Demand":1,"DemandMax":null,"Value":1632},{"Length":74,"Height":22,"Demand":1,"DemandMax":null,"Value":1628},{"Length":77,"Height":21,"Demand":1,"DemandMax":null,"Value":1617},{"Length":85,"Height":19,"Demand":1,"DemandMax":null,"Value":1615},{"Length":46,"Height":35,"Demand":1,"DemandMax":null,"Value":1610},{"Length":24,"Height":67,"Demand":1,"DemandMax":null,"Value":1608},{"Length":40,"Height":40,"Demand":1,"DemandMax":null,"Value":1600},{"Length":39,"Height":41,"Demand":1,"DemandMax":null,"Value":1599},{"Length":34,"Height":47,"Demand":1,"DemandMax":null,"Value":1598},{"Length":19,"Height":84,"Demand":1,"DemandMax":null,"Value":1596},{"Length":28,"Height":57,"Demand":1,"DemandMax":null,"Value":1596},{"Length":53,"Height":30,"Demand":1,"DemandMax":null,"Value":1590},{"Length":23,"Height":69,"Demand":1,"DemandMax":null,"Value":1587},{"Length":63,"Height":25,"Demand":1,"DemandMax":null,"Value":1575},{"Length":21,"Height":75,"Demand":1,"DemandMax":null,"Value":1575},{"Length":56,"Height":28,"Demand":1,"DemandMax":null,"Value":1568},{"Length":58,"Height":27,"Demand":1,"DemandMax":null,"Value":1566},{"Length":39,"Height":40,"Demand":1,"DemandMax":null,"Value":1560},{"Length":37,"Height":42,"Demand":1,"DemandMax":null,"Value":1554},{"Length":50,"Height":31,"Demand":1,"DemandMax":null,"Value":1550},{"Length":67,"Height":23,"Demand":1,"DemandMax":null,"Value":1541},{"Length":57,"Height":27,"Demand":1,"DemandMax":null,"Value":1539},{"Length":85,"Height":18,"Demand":1,"DemandMax":null,"Value":1530},{"Length":22,"Height":69,"Demand":1,"DemandMax":null,"Value":1518},{"Length":33,"Height":46,"Demand":1,"DemandMax":null,"Value":1518},{"Length":37,"Height":41,"Demand":1,"DemandMax":null,"Value":1517},{"Length":28,"Height":54,"Demand":1,"DemandMax":null,"Value":1512},{"Length":36,"Height":42,"Demand":1,"DemandMax":null,"Value":1512},{"Length":24,"Height":63,"Demand":1,"DemandMax":null,"Value":1512},{"Length":47,"Height":32,"Demand":1,"DemandMax":null,"Value":1504},{"Length":79,"Height":19,"Demand":1,"DemandMax":null,"Value":1501},{"Length":50,"Height":30,"Demand":1,"DemandMax":null,"Value":1500},{"Length":24,"Height":62,"Demand":1,"DemandMax":null,"Value":1488},{"Length":31,"Height":48,"Demand":1,"DemandMax":null,"Value":1488},{"Length":28,"Height":53,"Demand":1,"DemandMax":null,"Value":1484},{"Length":22,"Height":67,"Demand":1,"DemandMax":null,"Value":1474},{"Length":46,"Height":32,"Demand":1,"DemandMax":null,"Value":1472},{"Length":64,"Height":23,"Demand":1,"DemandMax":null,"Value":1472},{"Length":30,"Height":49,"Demand":1,"DemandMax":null,"Value":1470},{"Length":19,"Height":77,"Demand":1,"DemandMax":null,"Value":1463},{"Length":20,"Height":73,"Demand":1,"DemandMax":null,"Value":1460},{"Length":81,"Height":18,"Demand":1,"DemandMax":null,"Value":1458},{"Length":26,"Height":56,"Demand":1,"DemandMax":null,"Value":1456},{"Length":28,"Height":52,"Demand":1,"DemandMax":null,"Value":1456},{"Length":25,"Height":58,"Demand":1,"DemandMax":null,"Value":1450},{"Length":85,"Height":17,"Demand":1,"DemandMax":null,"Value":1445},{"Length":48,"Height":30,"Demand":1,"DemandMax":null,"Value":1440},{"Length":24,"Height":60,"Demand":1,"DemandMax":null,"Value":1440},{"Length":53,"Height":27,"Demand":1,"DemandMax":null,"Value":1431},{"Length":51,"Height":28,"Demand":1,"DemandMax":null,"Value":1428},{"Length":84,"Height":17,"Demand":1,"DemandMax":null,"Value":1428},{"Length":31,"Height":46,"Demand":1,"DemandMax":null,"Value":1426},{"Length":17,"Height":83,"Demand":1,"DemandMax":null,"Value":1411},{"Length":32,"Height":44,"Demand":1,"DemandMax":null,"Value":1408},{"Length":52,"Height":27,"Demand":1,"DemandMax":null,"Value":1404},{"Length":61,"Height":23,"Demand":1,"DemandMax":null,"Value":1403},{"Length":50,"Height":28,"Demand":1,"DemandMax":null,"Value":1400},{"Length":45,"Height":31,"Demand":1,"DemandMax":null,"Value":1395},{"Length":17,"Height":82,"Demand":1,"DemandMax":null,"Value":1394},{"Length":18,"Height":77,"Demand":1,"DemandMax":null,"Value":1386},{"Length":21,"Height":66,"Demand":1,"DemandMax":null,"Value":1386},{"Length":60,"Height":23,"Demand":1,"DemandMax":null,"Value":1380},{"Length":17,"Height":81,"Demand":1,"DemandMax":null,"Value":1377},{"Length":32,"Height":43,"Demand":1,"DemandMax":null,"Value":1376},{"Length":25,"Height":55,"Demand":1,"DemandMax":null,"Value":1375},{"Length":24,"Height":57,"Demand":1,"DemandMax":null,"Value":1368},{"Length":76,"Height":18,"Demand":1,"DemandMax":null,"Value":1368},{"Length":39,"Height":35,"Demand":1,"DemandMax":null,"Value":1365},{"Length":65,"Height":21,"Demand":1,"DemandMax":null,"Value":1365},{"Length":20,"Height":68,"Demand":1,"DemandMax":null,"Value":1360},{"Length":26,"Height":52,"Demand":1,"DemandMax":null,"Value":1352},{"Length":18,"Height":75,"Demand":1,"DemandMax":null,"Value":1350},{"Length":45,"Height":30,"Demand":1,"DemandMax":null,"Value":1350},{"Length":24,"Height":56,"Demand":1,"DemandMax":null,"Value":1344},{"Length":28,"Height":48,"Demand":1,"DemandMax":null,"Value":1344},{"Length":42,"Height":32,"Demand":1,"DemandMax":null,"Value":1344},{"Length":61,"Height":22,"Demand":1,"DemandMax":null,"Value":1342},{"Length":15,"Height":89,"Demand":1,"DemandMax":null,"Value":1335},{"Length":58,"Height":23,"Demand":1,"DemandMax":null,"Value":1334},{"Length":74,"Height":18,"Demand":1,"DemandMax":null,"Value":1332},{"Length":36,"Height":37,"Demand":1,"DemandMax":null,"Value":1332},{"Length":19,"Height":70,"Demand":1,"DemandMax":null,"Value":1330},{"Length":53,"Height":25,"Demand":1,"DemandMax":null,"Value":1325},{"Length":55,"Height":24,"Demand":1,"DemandMax":null,"Value":1320},{"Length":28,"Height":47,"Demand":1,"DemandMax":null,"Value":1316},{"Length":73,"Height":18,"Demand":1,"DemandMax":null,"Value":1314},{"Length":82,"Height":16,"Demand":1,"DemandMax":null,"Value":1312},{"Length":41,"Height":32,"Demand":1,"DemandMax":null,"Value":1312},{"Length":42,"Height":31,"Demand":1,"DemandMax":null,"Value":1302},{"Length":52,"Height":25,"Demand":1,"DemandMax":null,"Value":1300},{"Length":30,"Height":43,"Demand":1,"DemandMax":null,"Value":1290},{"Length":23,"Height":56,"Demand":1,"DemandMax":null,"Value":1288},{"Length":33,"Height":39,"Demand":1,"DemandMax":null,"Value":1287},{"Length":16,"Height":80,"Demand":1,"DemandMax":null,"Value":1280},{"Length":18,"Height":71,"Demand":1,"DemandMax":null,"Value":1278},{"Length":17,"Height":75,"Demand":1,"DemandMax":null,"Value":1275},{"Length":15,"Height":85,"Demand":1,"DemandMax":null,"Value":1275},{"Length":51,"Height":25,"Demand":1,"DemandMax":null,"Value":1275},{"Length":16,"Height":79,"Demand":1,"DemandMax":null,"Value":1264},{"Length":63,"Height":20,"Demand":1,"DemandMax":null,"Value":1260},{"Length":35,"Height":36,"Demand":1,"DemandMax":null,"Value":1260},{"Length":57,"Height":22,"Demand":1,"DemandMax":null,"Value":1254},{"Length":38,"Height":33,"Demand":1,"DemandMax":null,"Value":1254},{"Length":32,"Height":39,"Demand":1,"DemandMax":null,"Value":1248},{"Length":78,"Height":16,"Demand":1,"DemandMax":null,"Value":1248},{"Length":43,"Height":29,"Demand":1,"DemandMax":null,"Value":1247},{"Length":15,"Height":83,"Demand":1,"DemandMax":null,"Value":1245},{"Length":46,"Height":27,"Demand":1,"DemandMax":null,"Value":1242},{"Length":69,"Height":18,"Demand":1,"DemandMax":null,"Value":1242},{"Length":22,"Height":56,"Demand":1,"DemandMax":null,"Value":1232},{"Length":35,"Height":35,"Demand":1,"DemandMax":null,"Value":1225},{"Length":68,"Height":18,"Demand":1,"DemandMax":null,"Value":1224},{"Length":29,"Height":42,"Demand":1,"DemandMax":null,"Value":1218},{"Length":58,"Height":21,"Demand":1,"DemandMax":null,"Value":1218},{"Length":15,"Height":81,"Demand":1,"DemandMax":null,"Value":1215},{"Length":71,"Height":17,"Demand":1,"DemandMax":null,"Value":1207},{"Length":17,"Height":70,"Demand":1,"DemandMax":null,"Value":1190},{"Length":14,"Height":85,"Demand":1,"DemandMax":null,"Value":1190},{"Length":18,"Height":66,"Demand":1,"DemandMax":null,"Value":1188},{"Length":44,"Height":27,"Demand":1,"DemandMax":null,"Value":1188},{"Length":15,"Height":79,"Demand":1,"DemandMax":null,"Value":1185},{"Length":31,"Height":38,"Demand":1,"DemandMax":null,"Value":1178},{"Length":49,"Height":24,"Demand":1,"DemandMax":null,"Value":1176},{"Length":28,"Height":42,"Demand":1,"DemandMax":null,"Value":1176},{"Length":13,"Height":90,"Demand":1,"DemandMax":null,"Value":1170},{"Length":45,"Height":26,"Demand":1,"DemandMax":null,"Value":1170},{"Length":16,"Height":73,"Demand":1,"DemandMax":null,"Value":1168},{"Length":13,"Height":89,"Demand":1,"DemandMax":null,"Value":1157},{"Length":34,"Height":34,"Demand":1,"DemandMax":null,"Value":1156},{"Length":67,"Height":17,"Demand":1,"DemandMax":null,"Value":1139},{"Length":27,"Height":42,"Demand":1,"DemandMax":null,"Value":1134},{"Length":81,"Height":14,"Demand":1,"DemandMax":null,"Value":1134},{"Length":87,"Height":13,"Demand":1,"DemandMax":null,"Value":1131},{"Length":29,"Height":39,"Demand":1,"DemandMax":null,"Value":1131},{"Length":17,"Height":66,"Demand":1,"DemandMax":null,"Value":1122},{"Length":19,"Height":59,"Demand":1,"DemandMax":null,"Value":1121},{"Length":26,"Height":43,"Demand":1,"DemandMax":null,"Value":1118},{"Length":13,"Height":86,"Demand":1,"DemandMax":null,"Value":1118},{"Length":31,"Height":36,"Demand":1,"DemandMax":null,"Value":1116},{"Length":53,"Height":21,"Demand":1,"DemandMax":null,"Value":1113},{"Length":48,"Height":23,"Demand":1,"DemandMax":null,"Value":1104},{"Length":24,"Height":46,"Demand":1,"DemandMax":null,"Value":1104},{"Length":58,"Height":19,"Demand":1,"DemandMax":null,"Value":1102},{"Length":50,"Height":22,"Demand":1,"DemandMax":null,"Value":1100},{"Length":55,"Height":20,"Demand":1,"DemandMax":null,"Value":1100},{"Length":61,"Height":18,"Demand":1,"DemandMax":null,"Value":1098},{"Length":84,"Height":13,"Demand":1,"DemandMax":null,"Value":1092},{"Length":78,"Height":14,"Demand":1,"DemandMax":null,"Value":1092},{"Length":34,"Height":32,"Demand":1,"DemandMax":null,"Value":1088},{"Length":64,"Height":17,"Demand":1,"DemandMax":null,"Value":1088},{"Length":47,"Height":23,"Demand":1,"DemandMax":null,"Value":1081},{"Length":20,"Height":54,"Demand":1,"DemandMax":null,"Value":1080},{"Length":49,"Height":22,"Demand":1,"DemandMax":null,"Value":1078},{"Length":14,"Height":77,"Demand":1,"DemandMax":null,"Value":1078},{"Length":67,"Height":16,"Demand":1,"DemandMax":null,"Value":1072},{"Length":63,"Height":17,"Demand":1,"DemandMax":null,"Value":1071},{"Length":38,"Height":28,"Demand":1,"DemandMax":null,"Value":1064},{"Length":18,"Height":59,"Demand":1,"DemandMax":null,"Value":1062},{"Length":23,"Height":46,"Demand":1,"DemandMax":null,"Value":1058},{"Length":88,"Height":12,"Demand":1,"DemandMax":null,"Value":1056},{"Length":21,"Height":50,"Demand":1,"DemandMax":null,"Value":1050},{"Length":25,"Height":42,"Demand":1,"DemandMax":null,"Value":1050},{"Length":61,"Height":17,"Demand":1,"DemandMax":null,"Value":1037},{"Length":86,"Height":12,"Demand":1,"DemandMax":null,"Value":1032},{"Length":49,"Height":21,"Demand":1,"DemandMax":null,"Value":1029},{"Length":79,"Height":13,"Demand":1,"DemandMax":null,"Value":1027},{"Length":54,"Height":19,"Demand":1,"DemandMax":null,"Value":1026},{"Length":33,"Height":31,"Demand":1,"DemandMax":null,"Value":1023},{"Length":20,"Height":51,"Demand":1,"DemandMax":null,"Value":1020},{"Length":68,"Height":15,"Demand":1,"DemandMax":null,"Value":1020},{"Length":46,"Height":22,"Demand":1,"DemandMax":null,"Value":1012},{"Length":21,"Height":48,"Demand":1,"DemandMax":null,"Value":1008},{"Length":56,"Height":18,"Demand":1,"DemandMax":null,"Value":1008},{"Length":17,"Height":59,"Demand":1,"DemandMax":null,"Value":1003},{"Length":27,"Height":37,"Demand":1,"DemandMax":null,"Value":999},{"Length":83,"Height":12,"Demand":1,"DemandMax":null,"Value":996},{"Length":62,"Height":16,"Demand":1,"DemandMax":null,"Value":992},{"Length":66,"Height":15,"Demand":1,"DemandMax":null,"Value":990},{"Length":30,"Height":33,"Demand":1,"DemandMax":null,"Value":990},{"Length":13,"Height":76,"Demand":1,"DemandMax":null,"Value":988},{"Length":19,"Height":52,"Demand":1,"DemandMax":null,"Value":988},{"Length":14,"Height":70,"Demand":1,"DemandMax":null,"Value":980},{"Length":11,"Height":89,"Demand":1,"DemandMax":null,"Value":979},{"Length":75,"Height":13,"Demand":1,"DemandMax":null,"Value":975},{"Length":44,"Height":22,"Demand":1,"DemandMax":null,"Value":968},{"Length":31,"Height":31,"Demand":1,"DemandMax":null,"Value":961},{"Length":20,"Height":48,"Demand":1,"DemandMax":null,"Value":960},{"Length":53,"Height":18,"Demand":1,"DemandMax":null,"Value":954},{"Length":17,"Height":56,"Demand":1,"DemandMax":null,"Value":952},{"Length":79,"Height":12,"Demand":1,"DemandMax":null,"Value":948},{"Length":16,"Height":59,"Demand":1,"DemandMax":null,"Value":944},{"Length":13,"Height":72,"Demand":1,"DemandMax":null,"Value":936},{"Length":49,"Height":19,"Demand":1,"DemandMax":null,"Value":931},{"Length":31,"Height":30,"Demand":1,"DemandMax":null,"Value":930},{"Length":32,"Height":29,"Demand":1,"DemandMax":null,"Value":928},{"Length":28,"Height":33,"Demand":1,"DemandMax":null,"Value":924},{"Length":13,"Height":71,"Demand":1,"DemandMax":null,"Value":923},{"Length":23,"Height":40,"Demand":1,"DemandMax":null,"Value":920},{"Length":11,"Height":83,"Demand":1,"DemandMax":null,"Value":913},{"Length":38,"Height":24,"Demand":1,"DemandMax":null,"Value":912},{"Length":70,"Height":13,"Demand":1,"DemandMax":null,"Value":910},{"Length":53,"Height":17,"Demand":1,"DemandMax":null,"Value":901},{"Length":10,"Height":90,"Demand":1,"DemandMax":null,"Value":900},{"Length":31,"Height":29,"Demand":1,"DemandMax":null,"Value":899},{"Length":28,"Height":32,"Demand":1,"DemandMax":null,"Value":896},{"Length":19,"Height":47,"Demand":1,"DemandMax":null,"Value":893},{"Length":27,"Height":33,"Demand":1,"DemandMax":null,"Value":891},{"Length":74,"Height":12,"Demand":1,"DemandMax":null,"Value":888},{"Length":24,"Height":37,"Demand":1,"DemandMax":null,"Value":888},{"Length":68,"Height":13,"Demand":1,"DemandMax":null,"Value":884},{"Length":34,"Height":26,"Demand":1,"DemandMax":null,"Value":884},{"Length":52,"Height":17,"Demand":1,"DemandMax":null,"Value":884},{"Length":21,"Height":42,"Demand":1,"DemandMax":null,"Value":882},{"Length":73,"Height":12,"Demand":1,"DemandMax":null,"Value":876},{"Length":38,"Height":23,"Demand":1,"DemandMax":null,"Value":874},{"Length":87,"Height":10,"Demand":1,"DemandMax":null,"Value":870},{"Length":15,"Height":58,"Demand":1,"DemandMax":null,"Value":870},{"Length":27,"Height":32,"Demand":1,"DemandMax":null,"Value":864},{"Length":16,"Height":54,"Demand":1,"DemandMax":null,"Value":864},{"Length":24,"Height":36,"Demand":1,"DemandMax":null,"Value":864},{"Length":10,"Height":86,"Demand":1,"DemandMax":null,"Value":860},{"Length":17,"Height":50,"Demand":1,"DemandMax":null,"Value":850},{"Length":10,"Height":84,"Demand":1,"DemandMax":null,"Value":840},{"Length":21,"Height":40,"Demand":1,"DemandMax":null,"Value":840},{"Length":27,"Height":31,"Demand":1,"DemandMax":null,"Value":837},{"Length":17,"Height":49,"Demand":1,"DemandMax":null,"Value":833},{"Length":26,"Height":32,"Demand":1,"DemandMax":null,"Value":832},{"Length":63,"Height":13,"Demand":1,"DemandMax":null,"Value":819},{"Length":21,"Height":39,"Demand":1,"DemandMax":null,"Value":819},{"Length":58,"Height":14,"Demand":1,"DemandMax":null,"Value":812},{"Length":45,"Height":18,"Demand":1,"DemandMax":null,"Value":810},{"Length":62,"Height":13,"Demand":1,"DemandMax":null,"Value":806},{"Length":35,"Height":23,"Demand":1,"DemandMax":null,"Value":805},{"Length":73,"Height":11,"Demand":1,"DemandMax":null,"Value":803},{"Length":20,"Height":40,"Demand":1,"DemandMax":null,"Value":800},{"Length":57,"Height":14,"Demand":1,"DemandMax":null,"Value":798},{"Length":44,"Height":18,"Demand":1,"DemandMax":null,"Value":792},{"Length":24,"Height":33,"Demand":1,"DemandMax":null,"Value":792},{"Length":72,"Height":11,"Demand":1,"DemandMax":null,"Value":792},{"Length":10,"Height":79,"Demand":1,"DemandMax":null,"Value":790},{"Length":29,"Height":27,"Demand":1,"DemandMax":null,"Value":783},{"Length":20,"Height":39,"Demand":1,"DemandMax":null,"Value":780},{"Length":60,"Height":13,"Demand":1,"DemandMax":null,"Value":780},{"Length":18,"Height":43,"Demand":1,"DemandMax":null,"Value":774},{"Length":70,"Height":11,"Demand":1,"DemandMax":null,"Value":770},{"Length":22,"Height":35,"Demand":1,"DemandMax":null,"Value":770},{"Length":13,"Height":59,"Demand":1,"DemandMax":null,"Value":767},{"Length":9,"Height":85,"Demand":1,"DemandMax":null,"Value":765},{"Length":45,"Height":17,"Demand":1,"DemandMax":null,"Value":765},{"Length":76,"Height":10,"Demand":1,"DemandMax":null,"Value":760},{"Length":19,"Height":40,"Demand":1,"DemandMax":null,"Value":760},{"Length":63,"Height":12,"Demand":1,"DemandMax":null,"Value":756},{"Length":54,"Height":14,"Demand":1,"DemandMax":null,"Value":756},{"Length":29,"Height":26,"Demand":1,"DemandMax":null,"Value":754},{"Length":50,"Height":15,"Demand":1,"DemandMax":null,"Value":750},{"Length":25,"Height":30,"Demand":1,"DemandMax":null,"Value":750},{"Length":34,"Height":22,"Demand":1,"DemandMax":null,"Value":748},{"Length":11,"Height":68,"Demand":1,"DemandMax":null,"Value":748},{"Length":57,"Height":13,"Demand":1,"DemandMax":null,"Value":741},{"Length":49,"Height":15,"Demand":1,"DemandMax":null,"Value":735},{"Length":21,"Height":35,"Demand":1,"DemandMax":null,"Value":735},{"Length":43,"Height":17,"Demand":1,"DemandMax":null,"Value":731},{"Length":10,"Height":73,"Demand":1,"DemandMax":null,"Value":730},{"Length":11,"Height":66,"Demand":1,"DemandMax":null,"Value":726},{"Length":36,"Height":20,"Demand":1,"DemandMax":null,"Value":720},{"Length":31,"Height":23,"Demand":1,"DemandMax":null,"Value":713},{"Length":78,"Height":9,"Demand":1,"DemandMax":null,"Value":702},{"Length":39,"Height":18,"Demand":1,"DemandMax":null,"Value":702},{"Length":14,"Height":50,"Demand":1,"DemandMax":null,"Value":700},{"Length":24,"Height":29,"Demand":1,"DemandMax":null,"Value":696},{"Length":77,"Height":9,"Demand":1,"DemandMax":null,"Value":693},{"Length":21,"Height":33,"Demand":1,"DemandMax":null,"Value":693},{"Length":46,"Height":15,"Demand":1,"DemandMax":null,"Value":690},{"Length":13,"Height":53,"Demand":1,"DemandMax":null,"Value":689},{"Length":19,"Height":36,"Demand":1,"DemandMax":null,"Value":684},{"Length":9,"Height":76,"Demand":1,"DemandMax":null,"Value":684},{"Length":38,"Height":18,"Demand":1,"DemandMax":null,"Value":684},{"Length":22,"Height":31,"Demand":1,"DemandMax":null,"Value":682},{"Length":17,"Height":40,"Demand":1,"DemandMax":null,"Value":680},{"Length":45,"Height":15,"Demand":1,"DemandMax":null,"Value":675},{"Length":14,"Height":48,"Demand":1,"DemandMax":null,"Value":672},{"Length":42,"Height":16,"Demand":1,"DemandMax":null,"Value":672},{"Length":18,"Height":37,"Demand":1,"DemandMax":null,"Value":666},{"Length":17,"Height":39,"Demand":1,"DemandMax":null,"Value":663},{"Length":51,"Height":13,"Demand":1,"DemandMax":null,"Value":663},{"Length":15,"Height":44,"Demand":1,"DemandMax":null,"Value":660},{"Length":22,"Height":30,"Demand":1,"DemandMax":null,"Value":660},{"Length":60,"Height":11,"Demand":1,"DemandMax":null,"Value":660},{"Length":66,"Height":10,"Demand":1,"DemandMax":null,"Value":660},{"Length":9,"Height":73,"Demand":1,"DemandMax":null,"Value":657},{"Length":50,"Height":13,"Demand":1,"DemandMax":null,"Value":650},{"Length":27,"Height":24,"Demand":1,"DemandMax":null,"Value":648},{"Length":54,"Height":12,"Demand":1,"DemandMax":null,"Value":648},{"Length":19,"Height":34,"Demand":1,"DemandMax":null,"Value":646},{"Length":10,"Height":64,"Demand":1,"DemandMax":null,"Value":640},{"Length":71,"Height":9,"Demand":1,"DemandMax":null,"Value":639},{"Length":22,"Height":29,"Demand":1,"DemandMax":null,"Value":638},{"Length":9,"Height":70,"Demand":1,"DemandMax":null,"Value":630},{"Length":14,"Height":45,"Demand":1,"DemandMax":null,"Value":630},{"Length":22,"Height":28,"Demand":1,"DemandMax":null,"Value":616},{"Length":7,"Height":88,"Demand":1,"DemandMax":null,"Value":616},{"Length":17,"Height":36,"Demand":1,"DemandMax":null,"Value":612},{"Length":51,"Height":12,"Demand":1,"DemandMax":null,"Value":612},{"Length":7,"Height":87,"Demand":1,"DemandMax":null,"Value":609},{"Length":76,"Height":8,"Demand":1,"DemandMax":null,"Value":608},{"Length":86,"Height":7,"Demand":1,"DemandMax":null,"Value":602},{"Length":40,"Height":15,"Demand":1,"DemandMax":null,"Value":600},{"Length":60,"Height":10,"Demand":1,"DemandMax":null,"Value":600},{"Length":46,"Height":13,"Demand":1,"DemandMax":null,"Value":598},{"Length":28,"Height":21,"Demand":1,"DemandMax":null,"Value":588},{"Length":39,"Height":15,"Demand":1,"DemandMax":null,"Value":585},{"Length":12,"Height":48,"Demand":1,"DemandMax":null,"Value":576},{"Length":14,"Height":41,"Demand":1,"DemandMax":null,"Value":574},{"Length":44,"Height":13,"Demand":1,"DemandMax":null,"Value":572},{"Length":8,"Height":71,"Demand":1,"DemandMax":null,"Value":568},{"Length":12,"Height":47,"Demand":1,"DemandMax":null,"Value":564},{"Length":56,"Height":10,"Demand":1,"DemandMax":null,"Value":560},{"Length":35,"Height":16,"Demand":1,"DemandMax":null,"Value":560},{"Length":37,"Height":15,"Demand":1,"DemandMax":null,"Value":555},{"Length":61,"Height":9,"Demand":1,"DemandMax":null,"Value":549},{"Length":32,"Height":17,"Demand":1,"DemandMax":null,"Value":544},{"Length":16,"Height":34,"Demand":1,"DemandMax":null,"Value":544},{"Length":36,"Height":15,"Demand":1,"DemandMax":null,"Value":540},{"Length":11,"Height":49,"Demand":1,"DemandMax":null,"Value":539},{"Length":67,"Height":8,"Demand":1,"DemandMax":null,"Value":536},{"Length":19,"Height":28,"Demand":1,"DemandMax":null,"Value":532},{"Length":12,"Height":44,"Demand":1,"DemandMax":null,"Value":528},{"Length":24,"Height":22,"Demand":1,"DemandMax":null,"Value":528},{"Length":33,"Height":16,"Demand":1,"DemandMax":null,"Value":528},{"Length":21,"Height":25,"Demand":1,"DemandMax":null,"Value":525},{"Length":74,"Height":7,"Demand":1,"DemandMax":null,"Value":518},{"Length":47,"Height":11,"Demand":1,"DemandMax":null,"Value":517},{"Length":73,"Height":7,"Demand":1,"DemandMax":null,"Value":511},{"Length":9,"Height":56,"Demand":1,"DemandMax":null,"Value":504},{"Length":84,"Height":6,"Demand":1,"DemandMax":null,"Value":504},{"Length":63,"Height":8,"Demand":1,"DemandMax":null,"Value":504},{"Length":50,"Height":10,"Demand":1,"DemandMax":null,"Value":500},{"Length":71,"Height":7,"Demand":1,"DemandMax":null,"Value":497},{"Length":15,"Height":33,"Demand":1,"DemandMax":null,"Value":495},{"Length":19,"Height":26,"Demand":1,"DemandMax":null,"Value":494},{"Length":12,"Height":41,"Demand":1,"DemandMax":null,"Value":492},{"Length":49,"Height":10,"Demand":1,"DemandMax":null,"Value":490},{"Length":27,"Height":18,"Demand":1,"DemandMax":null,"Value":486},{"Length":68,"Height":7,"Demand":1,"DemandMax":null,"Value":476},{"Length":19,"Height":25,"Demand":1,"DemandMax":null,"Value":475},{"Length":43,"Height":11,"Demand":1,"DemandMax":null,"Value":473},{"Length":78,"Height":6,"Demand":1,"DemandMax":null,"Value":468},{"Length":16,"Height":29,"Demand":1,"DemandMax":null,"Value":464},{"Length":6,"Height":76,"Demand":1,"DemandMax":null,"Value":456},{"Length":13,"Height":35,"Demand":1,"DemandMax":null,"Value":455},{"Length":14,"Height":32,"Demand":1,"DemandMax":null,"Value":448},{"Length":37,"Height":12,"Demand":1,"DemandMax":null,"Value":444},{"Length":26,"Height":17,"Demand":1,"DemandMax":null,"Value":442},{"Length":21,"Height":21,"Demand":1,"DemandMax":null,"Value":441},{"Length":10,"Height":44,"Demand":1,"DemandMax":null,"Value":440},{"Length":40,"Height":11,"Demand":1,"DemandMax":null,"Value":440},{"Length":62,"Height":7,"Demand":1,"DemandMax":null,"Value":434},{"Length":72,"Height":6,"Demand":1,"DemandMax":null,"Value":432},{"Length":12,"Height":36,"Demand":1,"DemandMax":null,"Value":432},{"Length":18,"Height":24,"Demand":1,"DemandMax":null,"Value":432},{"Length":8,"Height":54,"Demand":1,"DemandMax":null,"Value":432},{"Length":39,"Height":11,"Demand":1,"DemandMax":null,"Value":429},{"Length":13,"Height":33,"Demand":1,"DemandMax":null,"Value":429},{"Length":6,"Height":71,"Demand":1,"DemandMax":null,"Value":426},{"Length":8,"Height":51,"Demand":1,"DemandMax":null,"Value":408},{"Length":14,"Height":29,"Demand":1,"DemandMax":null,"Value":406},{"Length":20,"Height":20,"Demand":1,"DemandMax":null,"Value":400},{"Length":16,"Height":25,"Demand":1,"DemandMax":null,"Value":400},{"Length":57,"Height":7,"Demand":1,"DemandMax":null,"Value":399},{"Length":11,"Height":36,"Demand":1,"DemandMax":null,"Value":396},{"Length":44,"Height":9,"Demand":1,"DemandMax":null,"Value":396},{"Length":23,"Height":17,"Demand":1,"DemandMax":null,"Value":391},{"Length":13,"Height":30,"Demand":1,"DemandMax":null,"Value":390},{"Length":8,"Height":48,"Demand":1,"DemandMax":null,"Value":384},{"Length":38,"Height":10,"Demand":1,"DemandMax":null,"Value":380},{"Length":27,"Height":14,"Demand":1,"DemandMax":null,"Value":378},{"Length":6,"Height":63,"Demand":1,"DemandMax":null,"Value":378},{"Length":47,"Height":8,"Demand":1,"DemandMax":null,"Value":376},{"Length":15,"Height":25,"Demand":1,"DemandMax":null,"Value":375},{"Length":11,"Height":34,"Demand":1,"DemandMax":null,"Value":374},{"Length":22,"Height":17,"Demand":1,"DemandMax":null,"Value":374},{"Length":12,"Height":31,"Demand":1,"DemandMax":null,"Value":372},{"Length":52,"Height":7,"Demand":1,"DemandMax":null,"Value":364},{"Length":40,"Height":9,"Demand":1,"DemandMax":null,"Value":360},{"Length":9,"Height":39,"Demand":1,"DemandMax":null,"Value":351},{"Length":6,"Height":58,"Demand":1,"DemandMax":null,"Value":348},{"Length":57,"Height":6,"Demand":1,"DemandMax":null,"Value":342},{"Length":18,"Height":19,"Demand":1,"DemandMax":null,"Value":342},{"Length":10,"Height":34,"Demand":1,"DemandMax":null,"Value":340},{"Length":26,"Height":13,"Demand":1,"DemandMax":null,"Value":338},{"Length":16,"Height":21,"Demand":1,"DemandMax":null,"Value":336},{"Length":48,"Height":7,"Demand":1,"DemandMax":null,"Value":336},{"Length":42,"Height":8,"Demand":1,"DemandMax":null,"Value":336},{"Length":9,"Height":37,"Demand":1,"DemandMax":null,"Value":333},{"Length":10,"Height":33,"Demand":1,"DemandMax":null,"Value":330},{"Length":18,"Height":18,"Demand":1,"DemandMax":null,"Value":324},{"Length":14,"Height":23,"Demand":1,"DemandMax":null,"Value":322},{"Length":46,"Height":7,"Demand":1,"DemandMax":null,"Value":322},{"Length":9,"Height":35,"Demand":1,"DemandMax":null,"Value":315},{"Length":7,"Height":45,"Demand":1,"DemandMax":null,"Value":315},{"Length":13,"Height":24,"Demand":1,"DemandMax":null,"Value":312},{"Length":8,"Height":39,"Demand":1,"DemandMax":null,"Value":312},{"Length":26,"Height":12,"Demand":1,"DemandMax":null,"Value":312},{"Length":14,"Height":22,"Demand":1,"DemandMax":null,"Value":308},{"Length":7,"Height":44,"Demand":1,"DemandMax":null,"Value":308},{"Length":8,"Height":38,"Demand":1,"DemandMax":null,"Value":304},{"Length":10,"Height":30,"Demand":1,"DemandMax":null,"Value":300},{"Length":37,"Height":8,"Demand":1,"DemandMax":null,"Value":296},{"Length":29,"Height":10,"Demand":1,"DemandMax":null,"Value":290},{"Length":12,"Height":24,"Demand":1,"DemandMax":null,"Value":288},{"Length":35,"Height":8,"Demand":1,"DemandMax":null,"Value":280},{"Length":40,"Height":7,"Demand":1,"DemandMax":null,"Value":280},{"Length":11,"Height":25,"Demand":1,"DemandMax":null,"Value":275},{"Length":17,"Height":16,"Demand":1,"DemandMax":null,"Value":272},{"Length":45,"Height":6,"Demand":1,"DemandMax":null,"Value":270},{"Length":7,"Height":38,"Demand":1,"DemandMax":null,"Value":266},{"Length":22,"Height":12,"Demand":1,"DemandMax":null,"Value":264},{"Length":9,"Height":28,"Demand":1,"DemandMax":null,"Value":252},{"Length":25,"Height":10,"Demand":1,"DemandMax":null,"Value":250},{"Length":9,"Height":27,"Demand":1,"DemandMax":null,"Value":243},{"Length":6,"Height":40,"Demand":1,"DemandMax":null,"Value":240},{"Length":7,"Height":34,"Demand":1,"DemandMax":null,"Value":238},{"Length":9,"Height":26,"Demand":1,"DemandMax":null,"Value":234},{"Length":10,"Height":23,"Demand":1,"DemandMax":null,"Value":230},{"Length":38,"Height":6,"Demand":1,"DemandMax":null,"Value":228},{"Length":37,"Height":6,"Demand":1,"DemandMax":null,"Value":222},{"Length":20,"Height":11,"Demand":1,"DemandMax":null,"Value":220},{"Length":6,"Height":36,"Demand":1,"DemandMax":null,"Value":216},{"Length":8,"Height":27,"Demand":1,"DemandMax":null,"Value":216},{"Length":21,"Height":10,"Demand":1,"DemandMax":null,"Value":210},{"Length":12,"Height":17,"Demand":1,"DemandMax":null,"Value":204},{"Length":29,"Height":7,"Demand":1,"DemandMax":null,"Value":203},{"Length":20,"Height":10,"Demand":1,"DemandMax":null,"Value":200},{"Length":33,"Height":6,"Demand":1,"DemandMax":null,"Value":198},{"Length":7,"Height":28,"Demand":1,"DemandMax":null,"Value":196},{"Length":19,"Height":9,"Demand":1,"DemandMax":null,"Value":171},{"Length":14,"Height":12,"Demand":1,"DemandMax":null,"Value":168},{"Length":13,"Height":12,"Demand":1,"DemandMax":null,"Value":156},{"Length":9,"Height":17,"Demand":1,"DemandMax":null,"Value":153},{"Length":11,"Height":13,"Demand":1,"DemandMax":null,"Value":143},{"Length":7,"Height":19,"Demand":1,"DemandMax":null,"Value":133},{"Length":15,"Height":8,"Demand":1,"DemandMax":null,"Value":120},{"Length":9,"Height":13,"Demand":1,"DemandMax":null,"Value":117},{"Length":19,"Height":6,"Demand":1,"DemandMax":null,"Value":114},{"Length":15,"Height":7,"Demand":1,"DemandMax":null,"Value":105},{"Length":6,"Height":17,"Demand":1,"DemandMax":null,"Value":102},{"Length":14,"Height":7,"Demand":1,"DemandMax":null,"Value":98},{"Length":8,"Height":12,"Demand":1,"DemandMax":null,"Value":96},{"Length":7,"Height":13,"Demand":1,"DemandMax":null,"Value":91},{"Length":15,"Height":6,"Demand":1,"DemandMax":null,"Value":90},{"Length":11,"Height":8,"Demand":1,"DemandMax":null,"Value":88},{"Length":11,"Height":7,"Demand":1,"DemandMax":null,"Value":77},{"Length":6,"Height":12,"Demand":1,"DemandMax":null,"Value":72},{"Length":8,"Height":8,"Demand":1,"DemandMax":null,"Value":64},{"Length":9,"Height":7,"Demand":1,"DemandMax":null,"Value":63},{"Length":6,"Height":6,"Demand":1,"DemandMax":null,"Value":36}]}