{"Name":"AH169","Objects":[{"Length":1000,"Height":36231,"Stock":null,"Cost":36231000}],"Items":[{"Length":341,"Height":344,"Demand":10,"DemandMax":null,"Value":117304},{"Length":324,"Height":345,"Demand":10,"DemandMax":null,"Value":111780},{"Length":344,"Height":312,"Demand":10,"DemandMax":null,"Value":107328},{"Length":347,"Height":309,"Demand":10,"DemandMax":null,"Value":107223},{"Length":265,"Height":365,"Demand":10,"DemandMax":null,"Value":96725},{"Length":299,"Height":323,"Demand":10,"DemandMax":null,"Value":96577},{"Length":348,"Height":272,"Demand":10,"DemandMax":null,"Value":94656},{"Length":278,"Height":339,"Demand":10,"DemandMax":null,"Value":94242},{"Length":369,"Height":244,"Demand":10,"DemandMax":null,"Value":90036},{"Length":333,"Height":258,"Demand":10,"DemandMax":null,"Value":85914},{"Length":293,"Height":290,"Demand":10,"DemandMax":null,"Value":84970},{"Length":275,"Height":308,"Demand":10,"DemandMax":null,"Value":84700},{"Length":277,"Height":298,"Demand":10,"DemandMax":null,"Value":82546},{"Length":251,"Height":327,"Demand":10,"DemandMax":null,"Value":82077},{"Length":366,"Height":216,"Demand":10,"DemandMax":null,"Value":79056},{"Length":205,"Height":322,"Demand":10,"DemandMax":null,"Value":66010},{"Length":310,"Height":210,"Demand":10,"DemandMax":null,"Value":65100},{"Length":247,"Height":261,"Demand":10,"DemandMax":null,"Value":64467},{"Length":207,"Height":309,"Demand":10,"DemandMax":null,"Value":63963},{"Length":323,"Height":198,"Demand":10,"DemandMax":null,"Value":63954},{"Length":223,"Height":264,"Demand":10,"DemandMax":null,"Value":58872},{"Length":291,"Height":198,"Demand":10,"DemandMax":null,"Value":57618},{"Length":296,"Height":194,"Demand":10,"DemandMax":null,"Value":57424},{"Length":330,"Height":173,"Demand":10,"DemandMax":null,"Value":57090},{"Length":184,"Height":306,"Demand":10,"DemandMax":null,"Value":56304},{"Length":347,"Height":162,"Demand":10,"DemandMax":null,"Value":56214},{"Length":174,"Height":302,"Demand":10,"DemandMax":null,"Value":52548},{"Length":286,"Height":183,"Demand":10,"DemandMax":null,"Value":52338},{"Length":186,"Height":272,"Demand":10,"DemandMax":null,"Value":50592},{"Length":137,"Height":345,"Demand":10,"DemandMax":null,"Value":47265},{"Length":145,"Height":325,"Demand":10,"DemandMax":null,"Value":47125},{"Length":350,"Height":134,"Demand":10,"DemandMax":null,"Value":46900},{"Length":249,"Height":188,"Demand":10,"DemandMax":null,"Value":46812},{"Length":274,"Height":167,"Demand":10,"DemandMax":null,"Value":45758},{"Length":176,"Height":244,"Demand":10,"DemandMax":null,"Value":42944},{"Length":256,"Height":165,"Demand":10,"DemandMax":null,"Value":42240},{"Length":310,"Height":134,"Demand":10,"DemandMax":null,"Value":41540},{"Length":125,"Height":331,"Demand":10,"DemandMax":null,"Value":41375},{"Length":110,"Height":369,"Demand":10,"DemandMax":null,"Value":40590},{"Length":110,"Height":366,"Demand":10,"DemandMax":null,"Value":40260},{"Length":188,"Height":201,"Demand":10,"DemandMax":null,"Value":37788},{"Length":233,"Height":160,"Demand":10,"DemandMax":null,"Value":37280},{"Length":299,"Height":119,"Demand":10,"DemandMax":null,"Value":35581},{"Length":141,"Height":235,"Demand":10,"DemandMax":null,"Value":33135},{"Length":159,"Height":207,"Demand":10,"DemandMax":null,"Value":32913},{"Length":169,"Height":178,"Demand":10,"DemandMax":null,"Value":30082},{"Length":123,"Height":237,"Demand":10,"DemandMax":null,"Value":29151},{"Length":98,"Height":292,"Demand":10,"DemandMax":null,"Value":28616},{"Length":100,"Height":273,"Demand":10,"DemandMax":null,"Value":27300},{"Length":72,"Height":375,"Demand":10,"DemandMax":null,"Value":27000},{"Length":72,"Height":360,"Demand":10,"DemandMax":null,"Value":25920},{"Length":136,"Height":188,"Demand":10,"DemandMax":null,"Value":25568},{"Length":248,"Height":103,"Demand":10,"DemandMax":null,"Value":25544},{"Length":123,"Height":198,"Demand":10,"DemandMax":null,"Value":24354},{"Length":115,"Height":190,"Demand":10,"DemandMax":null,"Value":21850},{"Length":143,"Height":150,"Demand":10,"DemandMax":null,"Value":21450},{"Length":134,"Height":150,"Demand":10,"DemandMax":null,"Value":20100},{"Length":160,"Height":123,"Demand":10,"DemandMax":null,"Value":19680},{"Length":205,"Height":92,"Demand":10,"DemandMax":null,"Value":18860},{"Length":115,"Height":162,"Demand":10,"DemandMax":null,"Value":18630},{"Length":72,"Height":246,"Demand":10,"DemandMax":null,"Value":17712},{"Length":57,"Height":310,"Demand":10,"DemandMax":null,"Value":17670},{"Length":354,"Height":49,"Demand":10,"DemandMax":null,"Value":17346},{"Length":102,"Height":152,"Demand":10,"DemandMax":null,"Value":15504},{"Length":75,"Height":198,"Demand":10,"DemandMax":null,"Value":14850},{"Length":55,"Height":260,"Demand":10,"DemandMax":null,"Value":14300},{"Length":99,"Height":142,"Demand":10,"DemandMax":null,"Value":14058},{"Length":171,"Height":82,"Demand":10,"DemandMax":null,"Value":14022},{"Length":195,"Height":71,"Demand":10,"DemandMax":null,"Value":13845},{"Length":155,"Height":87,"Demand":10,"DemandMax":null,"Value":13485},{"Length":47,"Height":275,"Demand":10,"DemandMax":null,"Value":12925},{"Length":46,"Height":257,"Demand":10,"DemandMax":null,"Value":11822},{"Length":41,"Height":274,"Demand":10,"DemandMax":null,"Value":11234},{"Length":210,"Height":51,"Demand":10,"DemandMax":null,"Value":10710},{"Length":35,"Height":304,"Demand":10,"DemandMax":null,"Value":10640},{"Length":134,"Height":78,"Demand":10,"DemandMax":null,"Value":10452},{"Length":119,"Height":80,"Demand":10,"DemandMax":null,"Value":9520},{"Length":314,"Height":29,"Demand":10,"DemandMax":null,"Value":9106},{"Length":98,"Height":90,"Demand":10,"DemandMax":null,"Value":8820},{"Length":245,"Height":34,"Demand":10,"DemandMax":null,"Value":8330},{"Length":30,"Height":273,"Demand":10,"DemandMax":null,"Value":8190},{"Length":123,"Height":65,"Demand":10,"DemandMax":null,"Value":7995},{"Length":33,"Height":240,"Demand":10,"DemandMax":null,"Value":7920},{"Length":177,"Height":44,"Demand":10,"DemandMax":null,"Value":7788},{"Length":217,"Height":35,"Demand":10,"DemandMax":null,"Value":7595},{"Length":32,"Height":230,"Demand":10,"DemandMax":null,"Value":7360},{"Length":276,"Height":26,"Demand":10,"DemandMax":null,"Value":7176},{"Length":57,"Height":114,"Demand":10,"DemandMax":null,"Value":6498},{"Length":99,"Height":64,"Demand":10,"DemandMax":null,"Value":6336},{"Length":28,"Height":179,"Demand":10,"DemandMax":null,"Value":5012},{"Length":30,"Height":159,"Demand":10,"DemandMax":null,"Value":4770},{"Length":78,"Height":61,"Demand":10,"DemandMax":null,"Value":4758},{"Length":49,"Height":85,"Demand":10,"DemandMax":null,"Value":4165},{"Length":50,"Height":83,"Demand":10,"DemandMax":null,"Value":4150},{"Length":27,"Height":134,"Demand":10,"DemandMax":null,"Value":3618},{"Length":75,"Height":47,"Demand":10,"DemandMax":null,"Value":3525},{"Length":46,"Height":64,"Demand":10,"DemandMax":null,"Value":2944},{"Length":35,"Height":72,"Demand":10,"DemandMax":null,"Value":2520},{"Length":64,"Height":27,"Demand":10,"DemandMax":null,"Value":1728},{"Length":58,"Height":25,"Demand":10,"DemandMax":null,"Value":1450}]}