{"Name":"AH19","Objects":[{"Length":1000,"Height":41991,"Stock":null,"Cost":41991000}],"Items":[{"Length":266,"Height":284,"Demand":100,"DemandMax":null,"Value":75544},{"Length":289,"Height":257,"Demand":100,"DemandMax":null,"Value":74273},{"Length":277,"Height":224,"Demand":100,"DemandMax":null,"Value":62048},{"Length":182,"Height":288,"Demand":100,"DemandMax":null,"Value":52416},{"Length":128,"Height":294,"Demand":100,"DemandMax":null,"Value":37632},{"Length":200,"Height":155,"Demand":100,"DemandMax":null,"Value":31000},{"Length":143,"Height":213,"Demand":100,"DemandMax":null,"Value":30459},{"Length":184,"Height":108,"Demand":100,"DemandMax":null,"Value":19872},{"Length":123,"Height":151,"Demand":100,"DemandMax":null,"Value":18573},{"Length":137,"Height":132,"Demand":100,"DemandMax":null,"Value":18084}]}