{"Name":"AH286","Objects":[{"Length":1000,"Height":40855,"Stock":null,"Cost":40855000}],"Items":[{"Length":366,"Height":372,"Demand":1,"DemandMax":null,"Value":136152},{"Length":371,"Height":363,"Demand":1,"DemandMax":null,"Value":134673},{"Length":371,"Height":351,"Demand":1,"DemandMax":null,"Value":130221},{"Length":349,"Height":370,"Demand":1,"DemandMax":null,"Value":129130},{"Length":359,"Height":359,"Demand":1,"DemandMax":null,"Value":128881},{"Length":347,"Height":371,"Demand":1,"DemandMax":null,"Value":128737},{"Length":351,"Height":366,"Demand":1,"DemandMax":null,"Value":128466},{"Length":367,"Height":349,"Demand":1,"DemandMax":null,"Value":128083},{"Length":358,"Height":350,"Demand":1,"DemandMax":null,"Value":125300},{"Length":372,"Height":336,"Demand":1,"DemandMax":null,"Value":124992},{"Length":335,"Height":373,"Demand":1,"DemandMax":null,"Value":124955},{"Length":349,"Height":355,"Demand":1,"DemandMax":null,"Value":123895},{"Length":375,"Height":330,"Demand":1,"DemandMax":null,"Value":123750},{"Length":344,"Height":359,"Demand":1,"DemandMax":null,"Value":123496},{"Length":336,"Height":367,"Demand":1,"DemandMax":null,"Value":123312},{"Length":367,"Height":333,"Demand":1,"DemandMax":null,"Value":122211},{"Length":350,"Height":347,"Demand":1,"DemandMax":null,"Value":121450},{"Length":371,"Height":326,"Demand":1,"DemandMax":null,"Value":120946},{"Length":325,"Height":371,"Demand":1,"DemandMax":null,"Value":120575},{"Length":360,"Height":334,"Demand":1,"DemandMax":null,"Value":120240},{"Length":331,"Height":358,"Demand":1,"DemandMax":null,"Value":118498},{"Length":367,"Height":322,"Demand":1,"DemandMax":null,"Value":118174},{"Length":333,"Height":354,"Demand":1,"DemandMax":null,"Value":117882},{"Length":368,"Height":320,"Demand":1,"DemandMax":null,"Value":117760},{"Length":323,"Height":362,"Demand":1,"DemandMax":null,"Value":116926},{"Length":338,"Height":345,"Demand":1,"DemandMax":null,"Value":116610},{"Length":337,"Height":344,"Demand":1,"DemandMax":null,"Value":115928},{"Length":321,"Height":358,"Demand":1,"DemandMax":null,"Value":114918},{"Length":310,"Height":367,"Demand":1,"DemandMax":null,"Value":113770},{"Length":373,"Height":305,"Demand":1,"DemandMax":null,"Value":113765},{"Length":315,"Height":358,"Demand":1,"DemandMax":null,"Value":112770},{"Length":330,"Height":340,"Demand":1,"DemandMax":null,"Value":112200},{"Length":299,"Height":375,"Demand":1,"DemandMax":null,"Value":112125},{"Length":348,"Height":322,"Demand":1,"DemandMax":null,"Value":112056},{"Length":352,"Height":317,"Demand":1,"DemandMax":null,"Value":111584},{"Length":369,"Height":298,"Demand":1,"DemandMax":null,"Value":109962},{"Length":364,"Height":302,"Demand":1,"DemandMax":null,"Value":109928},{"Length":356,"Height":308,"Demand":1,"DemandMax":null,"Value":109648},{"Length":309,"Height":353,"Demand":1,"DemandMax":null,"Value":109077},{"Length":306,"Height":356,"Demand":1,"DemandMax":null,"Value":108936},{"Length":328,"Height":332,"Demand":1,"DemandMax":null,"Value":108896},{"Length":320,"Height":340,"Demand":1,"DemandMax":null,"Value":108800},{"Length":290,"Height":375,"Demand":1,"DemandMax":null,"Value":108750},{"Length":368,"Height":294,"Demand":1,"DemandMax":null,"Value":108192},{"Length":304,"Height":351,"Demand":1,"DemandMax":null,"Value":106704},{"Length":324,"Height":326,"Demand":1,"DemandMax":null,"Value":105624},{"Length":291,"Height":362,"Demand":1,"DemandMax":null,"Value":105342},{"Length":304,"Height":346,"Demand":1,"DemandMax":null,"Value":105184},{"Length":333,"Height":315,"Demand":1,"DemandMax":null,"Value":104895},{"Length":367,"Height":285,"Demand":1,"DemandMax":null,"Value":104595},{"Length":344,"Height":304,"Demand":1,"DemandMax":null,"Value":104576},{"Length":279,"Height":374,"Demand":1,"DemandMax":null,"Value":104346},{"Length":323,"Height":322,"Demand":1,"DemandMax":null,"Value":104006},{"Length":285,"Height":363,"Demand":1,"DemandMax":null,"Value":103455},{"Length":370,"Height":279,"Demand":1,"DemandMax":null,"Value":103230},{"Length":333,"Height":310,"Demand":1,"DemandMax":null,"Value":103230},{"Length":367,"Height":281,"Demand":1,"DemandMax":null,"Value":103127},{"Length":277,"Height":371,"Demand":1,"DemandMax":null,"Value":102767},{"Length":334,"Height":304,"Demand":1,"DemandMax":null,"Value":101536},{"Length":371,"Height":273,"Demand":1,"DemandMax":null,"Value":101283},{"Length":303,"Height":333,"Demand":1,"DemandMax":null,"Value":100899},{"Length":320,"Height":314,"Demand":1,"DemandMax":null,"Value":100480},{"Length":340,"Height":295,"Demand":1,"DemandMax":null,"Value":100300},{"Length":330,"Height":303,"Demand":1,"DemandMax":null,"Value":99990},{"Length":303,"Height":329,"Demand":1,"DemandMax":null,"Value":99687},{"Length":305,"Height":326,"Demand":1,"DemandMax":null,"Value":99430},{"Length":324,"Height":306,"Demand":1,"DemandMax":null,"Value":99144},{"Length":326,"Height":304,"Demand":1,"DemandMax":null,"Value":99104},{"Length":348,"Height":284,"Demand":1,"DemandMax":null,"Value":98832},{"Length":314,"Height":314,"Demand":1,"DemandMax":null,"Value":98596},{"Length":366,"Height":269,"Demand":1,"DemandMax":null,"Value":98454},{"Length":287,"Height":343,"Demand":1,"DemandMax":null,"Value":98441},{"Length":337,"Height":292,"Demand":1,"DemandMax":null,"Value":98404},{"Length":285,"Height":345,"Demand":1,"DemandMax":null,"Value":98325},{"Length":275,"Height":357,"Demand":1,"DemandMax":null,"Value":98175},{"Length":272,"Height":359,"Demand":1,"DemandMax":null,"Value":97648},{"Length":364,"Height":268,"Demand":1,"DemandMax":null,"Value":97552},{"Length":368,"Height":265,"Demand":1,"DemandMax":null,"Value":97520},{"Length":326,"Height":299,"Demand":1,"DemandMax":null,"Value":97474},{"Length":269,"Height":361,"Demand":1,"DemandMax":null,"Value":97109},{"Length":322,"Height":301,"Demand":1,"DemandMax":null,"Value":96922},{"Length":303,"Height":318,"Demand":1,"DemandMax":null,"Value":96354},{"Length":294,"Height":324,"Demand":1,"DemandMax":null,"Value":95256},{"Length":281,"Height":338,"Demand":1,"DemandMax":null,"Value":94978},{"Length":293,"Height":324,"Demand":1,"DemandMax":null,"Value":94932},{"Length":335,"Height":283,"Demand":1,"DemandMax":null,"Value":94805},{"Length":289,"Height":327,"Demand":1,"DemandMax":null,"Value":94503},{"Length":270,"Height":349,"Demand":1,"DemandMax":null,"Value":94230},{"Length":292,"Height":322,"Demand":1,"DemandMax":null,"Value":94024},{"Length":297,"Height":315,"Demand":1,"DemandMax":null,"Value":93555},{"Length":349,"Height":265,"Demand":1,"DemandMax":null,"Value":92485},{"Length":308,"Height":300,"Demand":1,"DemandMax":null,"Value":92400},{"Length":263,"Height":351,"Demand":1,"DemandMax":null,"Value":92313},{"Length":307,"Height":299,"Demand":1,"DemandMax":null,"Value":91793},{"Length":316,"Height":290,"Demand":1,"DemandMax":null,"Value":91640},{"Length":266,"Height":344,"Demand":1,"DemandMax":null,"Value":91504},{"Length":332,"Height":275,"Demand":1,"DemandMax":null,"Value":91300},{"Length":302,"Height":302,"Demand":1,"DemandMax":null,"Value":91204},{"Length":254,"Height":359,"Demand":1,"DemandMax":null,"Value":91186},{"Length":326,"Height":278,"Demand":1,"DemandMax":null,"Value":90628},{"Length":365,"Height":248,"Demand":1,"DemandMax":null,"Value":90520},{"Length":255,"Height":350,"Demand":1,"DemandMax":null,"Value":89250},{"Length":299,"Height":298,"Demand":1,"DemandMax":null,"Value":89102},{"Length":304,"Height":293,"Demand":1,"DemandMax":null,"Value":89072},{"Length":332,"Height":268,"Demand":1,"DemandMax":null,"Value":88976},{"Length":238,"Height":372,"Demand":1,"DemandMax":null,"Value":88536},{"Length":293,"Height":301,"Demand":1,"DemandMax":null,"Value":88193},{"Length":373,"Height":236,"Demand":1,"DemandMax":null,"Value":88028},{"Length":271,"Height":322,"Demand":1,"DemandMax":null,"Value":87262},{"Length":241,"Height":362,"Demand":1,"DemandMax":null,"Value":87242},{"Length":316,"Height":275,"Demand":1,"DemandMax":null,"Value":86900},{"Length":323,"Height":269,"Demand":1,"DemandMax":null,"Value":86887},{"Length":250,"Height":347,"Demand":1,"DemandMax":null,"Value":86750},{"Length":310,"Height":279,"Demand":1,"DemandMax":null,"Value":86490},{"Length":371,"Height":232,"Demand":1,"DemandMax":null,"Value":86072},{"Length":316,"Height":272,"Demand":1,"DemandMax":null,"Value":85952},{"Length":285,"Height":299,"Demand":1,"DemandMax":null,"Value":85215},{"Length":233,"Height":364,"Demand":1,"DemandMax":null,"Value":84812},{"Length":252,"Height":336,"Demand":1,"DemandMax":null,"Value":84672},{"Length":244,"Height":347,"Demand":1,"DemandMax":null,"Value":84668},{"Length":275,"Height":306,"Demand":1,"DemandMax":null,"Value":84150},{"Length":269,"Height":311,"Demand":1,"DemandMax":null,"Value":83659},{"Length":225,"Height":371,"Demand":1,"DemandMax":null,"Value":83475},{"Length":253,"Height":329,"Demand":1,"DemandMax":null,"Value":83237},{"Length":354,"Height":235,"Demand":1,"DemandMax":null,"Value":83190},{"Length":368,"Height":226,"Demand":1,"DemandMax":null,"Value":83168},{"Length":249,"Height":333,"Demand":1,"DemandMax":null,"Value":82917},{"Length":221,"Height":375,"Demand":1,"DemandMax":null,"Value":82875},{"Length":256,"Height":323,"Demand":1,"DemandMax":null,"Value":82688},{"Length":267,"Height":308,"Demand":1,"DemandMax":null,"Value":82236},{"Length":224,"Height":367,"Demand":1,"DemandMax":null,"Value":82208},{"Length":245,"Height":335,"Demand":1,"DemandMax":null,"Value":82075},{"Length":283,"Height":289,"Demand":1,"DemandMax":null,"Value":81787},{"Length":305,"Height":267,"Demand":1,"DemandMax":null,"Value":81435},{"Length":271,"Height":298,"Demand":1,"DemandMax":null,"Value":80758},{"Length":261,"Height":309,"Demand":1,"DemandMax":null,"Value":80649},{"Length":348,"Height":231,"Demand":1,"DemandMax":null,"Value":80388},{"Length":334,"Height":240,"Demand":1,"DemandMax":null,"Value":80160},{"Length":372,"Height":215,"Demand":1,"DemandMax":null,"Value":79980},{"Length":349,"Height":229,"Demand":1,"DemandMax":null,"Value":79921},{"Length":234,"Height":341,"Demand":1,"DemandMax":null,"Value":79794},{"Length":273,"Height":292,"Demand":1,"DemandMax":null,"Value":79716},{"Length":239,"Height":333,"Demand":1,"DemandMax":null,"Value":79587},{"Length":330,"Height":241,"Demand":1,"DemandMax":null,"Value":79530},{"Length":247,"Height":321,"Demand":1,"DemandMax":null,"Value":79287},{"Length":307,"Height":258,"Demand":1,"DemandMax":null,"Value":79206},{"Length":345,"Height":228,"Demand":1,"DemandMax":null,"Value":78660},{"Length":350,"Height":224,"Demand":1,"DemandMax":null,"Value":78400},{"Length":234,"Height":335,"Demand":1,"DemandMax":null,"Value":78390},{"Length":295,"Height":263,"Demand":1,"DemandMax":null,"Value":77585},{"Length":307,"Height":252,"Demand":1,"DemandMax":null,"Value":77364},{"Length":275,"Height":281,"Demand":1,"DemandMax":null,"Value":77275},{"Length":331,"Height":233,"Demand":1,"DemandMax":null,"Value":77123},{"Length":316,"Height":244,"Demand":1,"DemandMax":null,"Value":77104},{"Length":294,"Height":262,"Demand":1,"DemandMax":null,"Value":77028},{"Length":318,"Height":242,"Demand":1,"DemandMax":null,"Value":76956},{"Length":289,"Height":265,"Demand":1,"DemandMax":null,"Value":76585},{"Length":334,"Height":229,"Demand":1,"DemandMax":null,"Value":76486},{"Length":316,"Height":242,"Demand":1,"DemandMax":null,"Value":76472},{"Length":214,"Height":357,"Demand":1,"DemandMax":null,"Value":76398},{"Length":212,"Height":360,"Demand":1,"DemandMax":null,"Value":76320},{"Length":312,"Height":244,"Demand":1,"DemandMax":null,"Value":76128},{"Length":366,"Height":208,"Demand":1,"DemandMax":null,"Value":76128},{"Length":210,"Height":362,"Demand":1,"DemandMax":null,"Value":76020},{"Length":318,"Height":239,"Demand":1,"DemandMax":null,"Value":76002},{"Length":235,"Height":321,"Demand":1,"DemandMax":null,"Value":75435},{"Length":271,"Height":278,"Demand":1,"DemandMax":null,"Value":75338},{"Length":277,"Height":271,"Demand":1,"DemandMax":null,"Value":75067},{"Length":323,"Height":232,"Demand":1,"DemandMax":null,"Value":74936},{"Length":203,"Height":369,"Demand":1,"DemandMax":null,"Value":74907},{"Length":339,"Height":220,"Demand":1,"DemandMax":null,"Value":74580},{"Length":235,"Height":316,"Demand":1,"DemandMax":null,"Value":74260},{"Length":226,"Height":328,"Demand":1,"DemandMax":null,"Value":74128},{"Length":340,"Height":217,"Demand":1,"DemandMax":null,"Value":73780},{"Length":323,"Height":228,"Demand":1,"DemandMax":null,"Value":73644},{"Length":286,"Height":255,"Demand":1,"DemandMax":null,"Value":72930},{"Length":266,"Height":274,"Demand":1,"DemandMax":null,"Value":72884},{"Length":259,"Height":278,"Demand":1,"DemandMax":null,"Value":72002},{"Length":374,"Height":192,"Demand":1,"DemandMax":null,"Value":71808},{"Length":359,"Height":199,"Demand":1,"DemandMax":null,"Value":71441},{"Length":245,"Height":291,"Demand":1,"DemandMax":null,"Value":71295},{"Length":191,"Height":373,"Demand":1,"DemandMax":null,"Value":71243},{"Length":291,"Height":244,"Demand":1,"DemandMax":null,"Value":71004},{"Length":231,"Height":307,"Demand":1,"DemandMax":null,"Value":70917},{"Length":253,"Height":280,"Demand":1,"DemandMax":null,"Value":70840},{"Length":215,"Height":329,"Demand":1,"DemandMax":null,"Value":70735},{"Length":189,"Height":374,"Demand":1,"DemandMax":null,"Value":70686},{"Length":236,"Height":299,"Demand":1,"DemandMax":null,"Value":70564},{"Length":211,"Height":333,"Demand":1,"DemandMax":null,"Value":70263},{"Length":360,"Height":195,"Demand":1,"DemandMax":null,"Value":70200},{"Length":204,"Height":344,"Demand":1,"DemandMax":null,"Value":70176},{"Length":242,"Height":289,"Demand":1,"DemandMax":null,"Value":69938},{"Length":348,"Height":200,"Demand":1,"DemandMax":null,"Value":69600},{"Length":201,"Height":346,"Demand":1,"DemandMax":null,"Value":69546},{"Length":198,"Height":351,"Demand":1,"DemandMax":null,"Value":69498},{"Length":350,"Height":198,"Demand":1,"DemandMax":null,"Value":69300},{"Length":308,"Height":225,"Demand":1,"DemandMax":null,"Value":69300},{"Length":217,"Height":319,"Demand":1,"DemandMax":null,"Value":69223},{"Length":310,"Height":223,"Demand":1,"DemandMax":null,"Value":69130},{"Length":203,"Height":340,"Demand":1,"DemandMax":null,"Value":69020},{"Length":310,"Height":222,"Demand":1,"DemandMax":null,"Value":68820},{"Length":323,"Height":213,"Demand":1,"DemandMax":null,"Value":68799},{"Length":219,"Height":314,"Demand":1,"DemandMax":null,"Value":68766},{"Length":208,"Height":330,"Demand":1,"DemandMax":null,"Value":68640},{"Length":274,"Height":250,"Demand":1,"DemandMax":null,"Value":68500},{"Length":249,"Height":275,"Demand":1,"DemandMax":null,"Value":68475},{"Length":261,"Height":262,"Demand":1,"DemandMax":null,"Value":68382},{"Length":318,"Height":214,"Demand":1,"DemandMax":null,"Value":68052},{"Length":278,"Height":244,"Demand":1,"DemandMax":null,"Value":67832},{"Length":216,"Height":314,"Demand":1,"DemandMax":null,"Value":67824},{"Length":314,"Height":215,"Demand":1,"DemandMax":null,"Value":67510},{"Length":187,"Height":361,"Demand":1,"DemandMax":null,"Value":67507},{"Length":301,"Height":224,"Demand":1,"DemandMax":null,"Value":67424},{"Length":274,"Height":245,"Demand":1,"DemandMax":null,"Value":67130},{"Length":353,"Height":190,"Demand":1,"DemandMax":null,"Value":67070},{"Length":342,"Height":196,"Demand":1,"DemandMax":null,"Value":67032},{"Length":227,"Height":295,"Demand":1,"DemandMax":null,"Value":66965},{"Length":247,"Height":270,"Demand":1,"DemandMax":null,"Value":66690},{"Length":219,"Height":304,"Demand":1,"DemandMax":null,"Value":66576},{"Length":315,"Height":211,"Demand":1,"DemandMax":null,"Value":66465},{"Length":365,"Height":181,"Demand":1,"DemandMax":null,"Value":66065},{"Length":184,"Height":359,"Demand":1,"DemandMax":null,"Value":66056},{"Length":357,"Height":185,"Demand":1,"DemandMax":null,"Value":66045},{"Length":215,"Height":307,"Demand":1,"DemandMax":null,"Value":66005},{"Length":196,"Height":336,"Demand":1,"DemandMax":null,"Value":65856},{"Length":309,"Height":213,"Demand":1,"DemandMax":null,"Value":65817},{"Length":296,"Height":222,"Demand":1,"DemandMax":null,"Value":65712},{"Length":228,"Height":288,"Demand":1,"DemandMax":null,"Value":65664},{"Length":187,"Height":350,"Demand":1,"DemandMax":null,"Value":65450},{"Length":274,"Height":238,"Demand":1,"DemandMax":null,"Value":65212},{"Length":297,"Height":218,"Demand":1,"DemandMax":null,"Value":64746},{"Length":244,"Height":264,"Demand":1,"DemandMax":null,"Value":64416},{"Length":186,"Height":346,"Demand":1,"DemandMax":null,"Value":64356},{"Length":254,"Height":252,"Demand":1,"DemandMax":null,"Value":64008},{"Length":251,"Height":255,"Demand":1,"DemandMax":null,"Value":64005},{"Length":256,"Height":250,"Demand":1,"DemandMax":null,"Value":64000},{"Length":236,"Height":271,"Demand":1,"DemandMax":null,"Value":63956},{"Length":181,"Height":353,"Demand":1,"DemandMax":null,"Value":63893},{"Length":269,"Height":237,"Demand":1,"DemandMax":null,"Value":63753},{"Length":355,"Height":179,"Demand":1,"DemandMax":null,"Value":63545},{"Length":351,"Height":180,"Demand":1,"DemandMax":null,"Value":63180},{"Length":336,"Height":188,"Demand":1,"DemandMax":null,"Value":63168},{"Length":273,"Height":231,"Demand":1,"DemandMax":null,"Value":63063},{"Length":209,"Height":301,"Demand":1,"DemandMax":null,"Value":62909},{"Length":340,"Height":185,"Demand":1,"DemandMax":null,"Value":62900},{"Length":228,"Height":275,"Demand":1,"DemandMax":null,"Value":62700},{"Length":220,"Height":282,"Demand":1,"DemandMax":null,"Value":62040},{"Length":364,"Height":169,"Demand":1,"DemandMax":null,"Value":61516},{"Length":244,"Height":252,"Demand":1,"DemandMax":null,"Value":61488},{"Length":324,"Height":189,"Demand":1,"DemandMax":null,"Value":61236},{"Length":225,"Height":271,"Demand":1,"DemandMax":null,"Value":60975},{"Length":274,"Height":222,"Demand":1,"DemandMax":null,"Value":60828},{"Length":197,"Height":308,"Demand":1,"DemandMax":null,"Value":60676},{"Length":274,"Height":221,"Demand":1,"DemandMax":null,"Value":60554},{"Length":194,"Height":312,"Demand":1,"DemandMax":null,"Value":60528},{"Length":198,"Height":305,"Demand":1,"DemandMax":null,"Value":60390},{"Length":224,"Height":269,"Demand":1,"DemandMax":null,"Value":60256},{"Length":175,"Height":344,"Demand":1,"DemandMax":null,"Value":60200},{"Length":338,"Height":178,"Demand":1,"DemandMax":null,"Value":60164},{"Length":299,"Height":199,"Demand":1,"DemandMax":null,"Value":59501},{"Length":191,"Height":310,"Demand":1,"DemandMax":null,"Value":59210},{"Length":234,"Height":252,"Demand":1,"DemandMax":null,"Value":58968},{"Length":187,"Height":313,"Demand":1,"DemandMax":null,"Value":58531},{"Length":191,"Height":306,"Demand":1,"DemandMax":null,"Value":58446},{"Length":223,"Height":260,"Demand":1,"DemandMax":null,"Value":57980},{"Length":168,"Height":345,"Demand":1,"DemandMax":null,"Value":57960},{"Length":370,"Height":156,"Demand":1,"DemandMax":null,"Value":57720},{"Length":237,"Height":243,"Demand":1,"DemandMax":null,"Value":57591},{"Length":265,"Height":217,"Demand":1,"DemandMax":null,"Value":57505},{"Length":297,"Height":192,"Demand":1,"DemandMax":null,"Value":57024},{"Length":192,"Height":295,"Demand":1,"DemandMax":null,"Value":56640},{"Length":179,"Height":316,"Demand":1,"DemandMax":null,"Value":56564},{"Length":224,"Height":252,"Demand":1,"DemandMax":null,"Value":56448},{"Length":302,"Height":186,"Demand":1,"DemandMax":null,"Value":56172},{"Length":340,"Height":165,"Demand":1,"DemandMax":null,"Value":56100},{"Length":259,"Height":215,"Demand":1,"DemandMax":null,"Value":55685},{"Length":320,"Height":174,"Demand":1,"DemandMax":null,"Value":55680},{"Length":160,"Height":345,"Demand":1,"DemandMax":null,"Value":55200},{"Length":230,"Height":239,"Demand":1,"DemandMax":null,"Value":54970},{"Length":165,"Height":330,"Demand":1,"DemandMax":null,"Value":54450},{"Length":329,"Height":165,"Demand":1,"DemandMax":null,"Value":54285},{"Length":263,"Height":206,"Demand":1,"DemandMax":null,"Value":54178},{"Length":260,"Height":208,"Demand":1,"DemandMax":null,"Value":54080},{"Length":286,"Height":189,"Demand":1,"DemandMax":null,"Value":54054},{"Length":205,"Height":261,"Demand":1,"DemandMax":null,"Value":53505},{"Length":257,"Height":208,"Demand":1,"DemandMax":null,"Value":53456},{"Length":347,"Height":154,"Demand":1,"DemandMax":null,"Value":53438},{"Length":316,"Height":169,"Demand":1,"DemandMax":null,"Value":53404},{"Length":203,"Height":263,"Demand":1,"DemandMax":null,"Value":53389},{"Length":180,"Height":295,"Demand":1,"DemandMax":null,"Value":53100},{"Length":237,"Height":224,"Demand":1,"DemandMax":null,"Value":53088},{"Length":161,"Height":329,"Demand":1,"DemandMax":null,"Value":52969},{"Length":269,"Height":196,"Demand":1,"DemandMax":null,"Value":52724},{"Length":361,"Height":146,"Demand":1,"DemandMax":null,"Value":52706},{"Length":295,"Height":178,"Demand":1,"DemandMax":null,"Value":52510},{"Length":282,"Height":186,"Demand":1,"DemandMax":null,"Value":52452},{"Length":144,"Height":364,"Demand":1,"DemandMax":null,"Value":52416},{"Length":309,"Height":169,"Demand":1,"DemandMax":null,"Value":52221},{"Length":314,"Height":166,"Demand":1,"DemandMax":null,"Value":52124},{"Length":158,"Height":328,"Demand":1,"DemandMax":null,"Value":51824},{"Length":253,"Height":204,"Demand":1,"DemandMax":null,"Value":51612},{"Length":238,"Height":216,"Demand":1,"DemandMax":null,"Value":51408},{"Length":292,"Height":176,"Demand":1,"DemandMax":null,"Value":51392},{"Length":282,"Height":182,"Demand":1,"DemandMax":null,"Value":51324},{"Length":273,"Height":188,"Demand":1,"DemandMax":null,"Value":51324},{"Length":215,"Height":238,"Demand":1,"DemandMax":null,"Value":51170},{"Length":247,"Height":207,"Demand":1,"DemandMax":null,"Value":51129},{"Length":248,"Height":205,"Demand":1,"DemandMax":null,"Value":50840},{"Length":347,"Height":146,"Demand":1,"DemandMax":null,"Value":50662},{"Length":204,"Height":248,"Demand":1,"DemandMax":null,"Value":50592},{"Length":151,"Height":335,"Demand":1,"DemandMax":null,"Value":50585},{"Length":294,"Height":172,"Demand":1,"DemandMax":null,"Value":50568},{"Length":184,"Height":273,"Demand":1,"DemandMax":null,"Value":50232},{"Length":308,"Height":163,"Demand":1,"DemandMax":null,"Value":50204},{"Length":175,"Height":286,"Demand":1,"DemandMax":null,"Value":50050},{"Length":297,"Height":168,"Demand":1,"DemandMax":null,"Value":49896},{"Length":175,"Height":285,"Demand":1,"DemandMax":null,"Value":49875},{"Length":179,"Height":278,"Demand":1,"DemandMax":null,"Value":49762},{"Length":133,"Height":372,"Demand":1,"DemandMax":null,"Value":49476},{"Length":161,"Height":307,"Demand":1,"DemandMax":null,"Value":49427},{"Length":232,"Height":212,"Demand":1,"DemandMax":null,"Value":49184},{"Length":154,"Height":319,"Demand":1,"DemandMax":null,"Value":49126},{"Length":278,"Height":176,"Demand":1,"DemandMax":null,"Value":48928},{"Length":183,"Height":267,"Demand":1,"DemandMax":null,"Value":48861},{"Length":339,"Height":144,"Demand":1,"DemandMax":null,"Value":48816},{"Length":239,"Height":204,"Demand":1,"DemandMax":null,"Value":48756},{"Length":182,"Height":267,"Demand":1,"DemandMax":null,"Value":48594},{"Length":214,"Height":227,"Demand":1,"DemandMax":null,"Value":48578},{"Length":173,"Height":280,"Demand":1,"DemandMax":null,"Value":48440},{"Length":351,"Height":138,"Demand":1,"DemandMax":null,"Value":48438},{"Length":218,"Height":221,"Demand":1,"DemandMax":null,"Value":48178},{"Length":280,"Height":169,"Demand":1,"DemandMax":null,"Value":47320},{"Length":190,"Height":249,"Demand":1,"DemandMax":null,"Value":47310},{"Length":318,"Height":148,"Demand":1,"DemandMax":null,"Value":47064},{"Length":191,"Height":246,"Demand":1,"DemandMax":null,"Value":46986},{"Length":360,"Height":130,"Demand":1,"DemandMax":null,"Value":46800},{"Length":192,"Height":243,"Demand":1,"DemandMax":null,"Value":46656},{"Length":196,"Height":238,"Demand":1,"DemandMax":null,"Value":46648},{"Length":330,"Height":141,"Demand":1,"DemandMax":null,"Value":46530},{"Length":280,"Height":166,"Demand":1,"DemandMax":null,"Value":46480},{"Length":169,"Height":274,"Demand":1,"DemandMax":null,"Value":46306},{"Length":293,"Height":158,"Demand":1,"DemandMax":null,"Value":46294},{"Length":130,"Height":356,"Demand":1,"DemandMax":null,"Value":46280},{"Length":164,"Height":282,"Demand":1,"DemandMax":null,"Value":46248},{"Length":211,"Height":219,"Demand":1,"DemandMax":null,"Value":46209},{"Length":161,"Height":287,"Demand":1,"DemandMax":null,"Value":46207},{"Length":235,"Height":194,"Demand":1,"DemandMax":null,"Value":45590},{"Length":294,"Height":155,"Demand":1,"DemandMax":null,"Value":45570},{"Length":124,"Height":366,"Demand":1,"DemandMax":null,"Value":45384},{"Length":206,"Height":219,"Demand":1,"DemandMax":null,"Value":45114},{"Length":236,"Height":191,"Demand":1,"DemandMax":null,"Value":45076},{"Length":290,"Height":154,"Demand":1,"DemandMax":null,"Value":44660},{"Length":184,"Height":242,"Demand":1,"DemandMax":null,"Value":44528},{"Length":318,"Height":140,"Demand":1,"DemandMax":null,"Value":44520},{"Length":207,"Height":215,"Demand":1,"DemandMax":null,"Value":44505},{"Length":337,"Height":132,"Demand":1,"DemandMax":null,"Value":44484},{"Length":261,"Height":170,"Demand":1,"DemandMax":null,"Value":44370},{"Length":319,"Height":139,"Demand":1,"DemandMax":null,"Value":44341},{"Length":335,"Height":132,"Demand":1,"DemandMax":null,"Value":44220},{"Length":187,"Height":236,"Demand":1,"DemandMax":null,"Value":44132},{"Length":132,"Height":333,"Demand":1,"DemandMax":null,"Value":43956},{"Length":145,"Height":303,"Demand":1,"DemandMax":null,"Value":43935},{"Length":170,"Height":258,"Demand":1,"DemandMax":null,"Value":43860},{"Length":351,"Height":124,"Demand":1,"DemandMax":null,"Value":43524},{"Length":214,"Height":203,"Demand":1,"DemandMax":null,"Value":43442},{"Length":119,"Height":365,"Demand":1,"DemandMax":null,"Value":43435},{"Length":308,"Height":141,"Demand":1,"DemandMax":null,"Value":43428},{"Length":123,"Height":353,"Demand":1,"DemandMax":null,"Value":43419},{"Length":174,"Height":249,"Demand":1,"DemandMax":null,"Value":43326},{"Length":240,"Height":180,"Demand":1,"DemandMax":null,"Value":43200},{"Length":348,"Height":124,"Demand":1,"DemandMax":null,"Value":43152},{"Length":122,"Height":353,"Demand":1,"DemandMax":null,"Value":43066},{"Length":314,"Height":137,"Demand":1,"DemandMax":null,"Value":43018},{"Length":355,"Height":121,"Demand":1,"DemandMax":null,"Value":42955},{"Length":115,"Height":372,"Demand":1,"DemandMax":null,"Value":42780},{"Length":344,"Height":124,"Demand":1,"DemandMax":null,"Value":42656},{"Length":229,"Height":186,"Demand":1,"DemandMax":null,"Value":42594},{"Length":335,"Height":127,"Demand":1,"DemandMax":null,"Value":42545},{"Length":244,"Height":174,"Demand":1,"DemandMax":null,"Value":42456},{"Length":350,"Height":121,"Demand":1,"DemandMax":null,"Value":42350},{"Length":176,"Height":240,"Demand":1,"DemandMax":null,"Value":42240},{"Length":163,"Height":259,"Demand":1,"DemandMax":null,"Value":42217},{"Length":137,"Height":308,"Demand":1,"DemandMax":null,"Value":42196},{"Length":190,"Height":221,"Demand":1,"DemandMax":null,"Value":41990},{"Length":135,"Height":310,"Demand":1,"DemandMax":null,"Value":41850},{"Length":202,"Height":207,"Demand":1,"DemandMax":null,"Value":41814},{"Length":131,"Height":319,"Demand":1,"DemandMax":null,"Value":41789},{"Length":244,"Height":171,"Demand":1,"DemandMax":null,"Value":41724},{"Length":289,"Height":144,"Demand":1,"DemandMax":null,"Value":41616},{"Length":330,"Height":126,"Demand":1,"DemandMax":null,"Value":41580},{"Length":201,"Height":206,"Demand":1,"DemandMax":null,"Value":41406},{"Length":180,"Height":230,"Demand":1,"DemandMax":null,"Value":41400},{"Length":331,"Height":125,"Demand":1,"DemandMax":null,"Value":41375},{"Length":223,"Height":184,"Demand":1,"DemandMax":null,"Value":41032},{"Length":286,"Height":143,"Demand":1,"DemandMax":null,"Value":40898},{"Length":319,"Height":128,"Demand":1,"DemandMax":null,"Value":40832},{"Length":135,"Height":302,"Demand":1,"DemandMax":null,"Value":40770},{"Length":224,"Height":182,"Demand":1,"DemandMax":null,"Value":40768},{"Length":141,"Height":288,"Demand":1,"DemandMax":null,"Value":40608},{"Length":117,"Height":347,"Demand":1,"DemandMax":null,"Value":40599},{"Length":163,"Height":249,"Demand":1,"DemandMax":null,"Value":40587},{"Length":340,"Height":119,"Demand":1,"DemandMax":null,"Value":40460},{"Length":138,"Height":293,"Demand":1,"DemandMax":null,"Value":40434},{"Length":167,"Height":240,"Demand":1,"DemandMax":null,"Value":40080},{"Length":211,"Height":189,"Demand":1,"DemandMax":null,"Value":39879},{"Length":118,"Height":337,"Demand":1,"DemandMax":null,"Value":39766},{"Length":191,"Height":208,"Demand":1,"DemandMax":null,"Value":39728},{"Length":207,"Height":191,"Demand":1,"DemandMax":null,"Value":39537},{"Length":143,"Height":275,"Demand":1,"DemandMax":null,"Value":39325},{"Length":144,"Height":273,"Demand":1,"DemandMax":null,"Value":39312},{"Length":238,"Height":165,"Demand":1,"DemandMax":null,"Value":39270},{"Length":219,"Height":179,"Demand":1,"DemandMax":null,"Value":39201},{"Length":280,"Height":140,"Demand":1,"DemandMax":null,"Value":39200},{"Length":246,"Height":158,"Demand":1,"DemandMax":null,"Value":38868},{"Length":217,"Height":179,"Demand":1,"DemandMax":null,"Value":38843},{"Length":244,"Height":159,"Demand":1,"DemandMax":null,"Value":38796},{"Length":113,"Height":342,"Demand":1,"DemandMax":null,"Value":38646},{"Length":210,"Height":184,"Demand":1,"DemandMax":null,"Value":38640},{"Length":152,"Height":254,"Demand":1,"DemandMax":null,"Value":38608},{"Length":220,"Height":175,"Demand":1,"DemandMax":null,"Value":38500},{"Length":135,"Height":284,"Demand":1,"DemandMax":null,"Value":38340},{"Length":162,"Height":236,"Demand":1,"DemandMax":null,"Value":38232},{"Length":350,"Height":109,"Demand":1,"DemandMax":null,"Value":38150},{"Length":204,"Height":187,"Demand":1,"DemandMax":null,"Value":38148},{"Length":114,"Height":334,"Demand":1,"DemandMax":null,"Value":38076},{"Length":187,"Height":203,"Demand":1,"DemandMax":null,"Value":37961},{"Length":140,"Height":271,"Demand":1,"DemandMax":null,"Value":37940},{"Length":223,"Height":170,"Demand":1,"DemandMax":null,"Value":37910},{"Length":123,"Height":307,"Demand":1,"DemandMax":null,"Value":37761},{"Length":104,"Height":360,"Demand":1,"DemandMax":null,"Value":37440},{"Length":177,"Height":211,"Demand":1,"DemandMax":null,"Value":37347},{"Length":349,"Height":107,"Demand":1,"DemandMax":null,"Value":37343},{"Length":319,"Height":117,"Demand":1,"DemandMax":null,"Value":37323},{"Length":352,"Height":106,"Demand":1,"DemandMax":null,"Value":37312},{"Length":155,"Height":240,"Demand":1,"DemandMax":null,"Value":37200},{"Length":368,"Height":101,"Demand":1,"DemandMax":null,"Value":37168},{"Length":267,"Height":139,"Demand":1,"DemandMax":null,"Value":37113},{"Length":346,"Height":107,"Demand":1,"DemandMax":null,"Value":37022},{"Length":99,"Height":373,"Demand":1,"DemandMax":null,"Value":36927},{"Length":259,"Height":141,"Demand":1,"DemandMax":null,"Value":36519},{"Length":177,"Height":206,"Demand":1,"DemandMax":null,"Value":36462},{"Length":156,"Height":233,"Demand":1,"DemandMax":null,"Value":36348},{"Length":224,"Height":162,"Demand":1,"DemandMax":null,"Value":36288},{"Length":205,"Height":177,"Demand":1,"DemandMax":null,"Value":36285},{"Length":233,"Height":155,"Demand":1,"DemandMax":null,"Value":36115},{"Length":205,"Height":176,"Demand":1,"DemandMax":null,"Value":36080},{"Length":286,"Height":126,"Demand":1,"DemandMax":null,"Value":36036},{"Length":233,"Height":154,"Demand":1,"DemandMax":null,"Value":35882},{"Length":124,"Height":289,"Demand":1,"DemandMax":null,"Value":35836},{"Length":141,"Height":254,"Demand":1,"DemandMax":null,"Value":35814},{"Length":120,"Height":298,"Demand":1,"DemandMax":null,"Value":35760},{"Length":135,"Height":264,"Demand":1,"DemandMax":null,"Value":35640},{"Length":114,"Height":311,"Demand":1,"DemandMax":null,"Value":35454},{"Length":233,"Height":152,"Demand":1,"DemandMax":null,"Value":35416},{"Length":142,"Height":249,"Demand":1,"DemandMax":null,"Value":35358},{"Length":117,"Height":301,"Demand":1,"DemandMax":null,"Value":35217},{"Length":345,"Height":102,"Demand":1,"DemandMax":null,"Value":35190},{"Length":186,"Height":189,"Demand":1,"DemandMax":null,"Value":35154},{"Length":200,"Height":175,"Demand":1,"DemandMax":null,"Value":35000},{"Length":336,"Height":104,"Demand":1,"DemandMax":null,"Value":34944},{"Length":149,"Height":234,"Demand":1,"DemandMax":null,"Value":34866},{"Length":235,"Height":148,"Demand":1,"DemandMax":null,"Value":34780},{"Length":207,"Height":168,"Demand":1,"DemandMax":null,"Value":34776},{"Length":219,"Height":158,"Demand":1,"DemandMax":null,"Value":34602},{"Length":185,"Height":187,"Demand":1,"DemandMax":null,"Value":34595},{"Length":141,"Height":245,"Demand":1,"DemandMax":null,"Value":34545},{"Length":254,"Height":135,"Demand":1,"DemandMax":null,"Value":34290},{"Length":236,"Height":145,"Demand":1,"DemandMax":null,"Value":34220},{"Length":292,"Height":117,"Demand":1,"DemandMax":null,"Value":34164},{"Length":207,"Height":165,"Demand":1,"DemandMax":null,"Value":34155},{"Length":150,"Height":227,"Demand":1,"DemandMax":null,"Value":34050},{"Length":270,"Height":126,"Demand":1,"DemandMax":null,"Value":34020},{"Length":125,"Height":272,"Demand":1,"DemandMax":null,"Value":34000},{"Length":177,"Height":192,"Demand":1,"DemandMax":null,"Value":33984},{"Length":102,"Height":333,"Demand":1,"DemandMax":null,"Value":33966},{"Length":323,"Height":105,"Demand":1,"DemandMax":null,"Value":33915},{"Length":224,"Height":151,"Demand":1,"DemandMax":null,"Value":33824},{"Length":233,"Height":145,"Demand":1,"DemandMax":null,"Value":33785},{"Length":160,"Height":211,"Demand":1,"DemandMax":null,"Value":33760},{"Length":138,"Height":244,"Demand":1,"DemandMax":null,"Value":33672},{"Length":247,"Height":136,"Demand":1,"DemandMax":null,"Value":33592},{"Length":121,"Height":276,"Demand":1,"DemandMax":null,"Value":33396},{"Length":359,"Height":93,"Demand":1,"DemandMax":null,"Value":33387},{"Length":99,"Height":337,"Demand":1,"DemandMax":null,"Value":33363},{"Length":299,"Height":111,"Demand":1,"DemandMax":null,"Value":33189},{"Length":107,"Height":310,"Demand":1,"DemandMax":null,"Value":33170},{"Length":236,"Height":140,"Demand":1,"DemandMax":null,"Value":33040},{"Length":320,"Height":103,"Demand":1,"DemandMax":null,"Value":32960},{"Length":108,"Height":304,"Demand":1,"DemandMax":null,"Value":32832},{"Length":89,"Height":368,"Demand":1,"DemandMax":null,"Value":32752},{"Length":116,"Height":281,"Demand":1,"DemandMax":null,"Value":32596},{"Length":120,"Height":270,"Demand":1,"DemandMax":null,"Value":32400},{"Length":341,"Height":95,"Demand":1,"DemandMax":null,"Value":32395},{"Length":99,"Height":327,"Demand":1,"DemandMax":null,"Value":32373},{"Length":97,"Height":332,"Demand":1,"DemandMax":null,"Value":32204},{"Length":284,"Height":113,"Demand":1,"DemandMax":null,"Value":32092},{"Length":99,"Height":324,"Demand":1,"DemandMax":null,"Value":32076},{"Length":311,"Height":103,"Demand":1,"DemandMax":null,"Value":32033},{"Length":183,"Height":175,"Demand":1,"DemandMax":null,"Value":32025},{"Length":185,"Height":173,"Demand":1,"DemandMax":null,"Value":32005},{"Length":164,"Height":195,"Demand":1,"DemandMax":null,"Value":31980},{"Length":275,"Height":116,"Demand":1,"DemandMax":null,"Value":31900},{"Length":131,"Height":243,"Demand":1,"DemandMax":null,"Value":31833},{"Length":350,"Height":90,"Demand":1,"DemandMax":null,"Value":31500},{"Length":315,"Height":100,"Demand":1,"DemandMax":null,"Value":31500},{"Length":143,"Height":220,"Demand":1,"DemandMax":null,"Value":31460},{"Length":90,"Height":349,"Demand":1,"DemandMax":null,"Value":31410},{"Length":273,"Height":115,"Demand":1,"DemandMax":null,"Value":31395},{"Length":105,"Height":298,"Demand":1,"DemandMax":null,"Value":31290},{"Length":116,"Height":269,"Demand":1,"DemandMax":null,"Value":31204},{"Length":286,"Height":109,"Demand":1,"DemandMax":null,"Value":31174},{"Length":88,"Height":353,"Demand":1,"DemandMax":null,"Value":31064},{"Length":334,"Height":93,"Demand":1,"DemandMax":null,"Value":31062},{"Length":90,"Height":344,"Demand":1,"DemandMax":null,"Value":30960},{"Length":126,"Height":245,"Demand":1,"DemandMax":null,"Value":30870},{"Length":244,"Height":126,"Demand":1,"DemandMax":null,"Value":30744},{"Length":149,"Height":206,"Demand":1,"DemandMax":null,"Value":30694},{"Length":97,"Height":316,"Demand":1,"DemandMax":null,"Value":30652},{"Length":138,"Height":222,"Demand":1,"DemandMax":null,"Value":30636},{"Length":99,"Height":309,"Demand":1,"DemandMax":null,"Value":30591},{"Length":165,"Height":185,"Demand":1,"DemandMax":null,"Value":30525},{"Length":132,"Height":231,"Demand":1,"DemandMax":null,"Value":30492},{"Length":266,"Height":114,"Demand":1,"DemandMax":null,"Value":30324},{"Length":82,"Height":368,"Demand":1,"DemandMax":null,"Value":30176},{"Length":171,"Height":176,"Demand":1,"DemandMax":null,"Value":30096},{"Length":326,"Height":92,"Demand":1,"DemandMax":null,"Value":29992},{"Length":144,"Height":208,"Demand":1,"DemandMax":null,"Value":29952},{"Length":251,"Height":119,"Demand":1,"DemandMax":null,"Value":29869},{"Length":150,"Height":199,"Demand":1,"DemandMax":null,"Value":29850},{"Length":146,"Height":204,"Demand":1,"DemandMax":null,"Value":29784},{"Length":124,"Height":240,"Demand":1,"DemandMax":null,"Value":29760},{"Length":318,"Height":93,"Demand":1,"DemandMax":null,"Value":29574},{"Length":149,"Height":198,"Demand":1,"DemandMax":null,"Value":29502},{"Length":114,"Height":258,"Demand":1,"DemandMax":null,"Value":29412},{"Length":125,"Height":235,"Demand":1,"DemandMax":null,"Value":29375},{"Length":187,"Height":157,"Demand":1,"DemandMax":null,"Value":29359},{"Length":89,"Height":329,"Demand":1,"DemandMax":null,"Value":29281},{"Length":92,"Height":318,"Demand":1,"DemandMax":null,"Value":29256},{"Length":185,"Height":158,"Demand":1,"DemandMax":null,"Value":29230},{"Length":335,"Height":87,"Demand":1,"DemandMax":null,"Value":29145},{"Length":140,"Height":208,"Demand":1,"DemandMax":null,"Value":29120},{"Length":150,"Height":194,"Demand":1,"DemandMax":null,"Value":29100},{"Length":250,"Height":116,"Demand":1,"DemandMax":null,"Value":29000},{"Length":162,"Height":179,"Demand":1,"DemandMax":null,"Value":28998},{"Length":117,"Height":246,"Demand":1,"DemandMax":null,"Value":28782},{"Length":142,"Height":201,"Demand":1,"DemandMax":null,"Value":28542},{"Length":81,"Height":352,"Demand":1,"DemandMax":null,"Value":28512},{"Length":190,"Height":150,"Demand":1,"DemandMax":null,"Value":28500},{"Length":135,"Height":211,"Demand":1,"DemandMax":null,"Value":28485},{"Length":146,"Height":195,"Demand":1,"DemandMax":null,"Value":28470},{"Length":100,"Height":283,"Demand":1,"DemandMax":null,"Value":28300},{"Length":257,"Height":110,"Demand":1,"DemandMax":null,"Value":28270},{"Length":170,"Height":165,"Demand":1,"DemandMax":null,"Value":28050},{"Length":267,"Height":105,"Demand":1,"DemandMax":null,"Value":28035},{"Length":77,"Height":364,"Demand":1,"DemandMax":null,"Value":28028},{"Length":314,"Height":89,"Demand":1,"DemandMax":null,"Value":27946},{"Length":254,"Height":110,"Demand":1,"DemandMax":null,"Value":27940},{"Length":82,"Height":340,"Demand":1,"DemandMax":null,"Value":27880},{"Length":160,"Height":174,"Demand":1,"DemandMax":null,"Value":27840},{"Length":222,"Height":125,"Demand":1,"DemandMax":null,"Value":27750},{"Length":239,"Height":116,"Demand":1,"DemandMax":null,"Value":27724},{"Length":202,"Height":137,"Demand":1,"DemandMax":null,"Value":27674},{"Length":76,"Height":364,"Demand":1,"DemandMax":null,"Value":27664},{"Length":279,"Height":99,"Demand":1,"DemandMax":null,"Value":27621},{"Length":116,"Height":238,"Demand":1,"DemandMax":null,"Value":27608},{"Length":101,"Height":271,"Demand":1,"DemandMax":null,"Value":27371},{"Length":250,"Height":109,"Demand":1,"DemandMax":null,"Value":27250},{"Length":173,"Height":157,"Demand":1,"DemandMax":null,"Value":27161},{"Length":149,"Height":182,"Demand":1,"DemandMax":null,"Value":27118},{"Length":244,"Height":111,"Demand":1,"DemandMax":null,"Value":27084},{"Length":162,"Height":167,"Demand":1,"DemandMax":null,"Value":27054},{"Length":211,"Height":128,"Demand":1,"DemandMax":null,"Value":27008},{"Length":257,"Height":105,"Demand":1,"DemandMax":null,"Value":26985},{"Length":139,"Height":194,"Demand":1,"DemandMax":null,"Value":26966},{"Length":337,"Height":80,"Demand":1,"DemandMax":null,"Value":26960},{"Length":323,"Height":83,"Demand":1,"DemandMax":null,"Value":26809},{"Length":175,"Height":153,"Demand":1,"DemandMax":null,"Value":26775},{"Length":270,"Height":99,"Demand":1,"DemandMax":null,"Value":26730},{"Length":117,"Height":228,"Demand":1,"DemandMax":null,"Value":26676},{"Length":179,"Height":149,"Demand":1,"DemandMax":null,"Value":26671},{"Length":366,"Height":72,"Demand":1,"DemandMax":null,"Value":26352},{"Length":112,"Height":235,"Demand":1,"DemandMax":null,"Value":26320},{"Length":295,"Height":89,"Demand":1,"DemandMax":null,"Value":26255},{"Length":177,"Height":148,"Demand":1,"DemandMax":null,"Value":26196},{"Length":71,"Height":366,"Demand":1,"DemandMax":null,"Value":25986},{"Length":137,"Height":189,"Demand":1,"DemandMax":null,"Value":25893},{"Length":88,"Height":293,"Demand":1,"DemandMax":null,"Value":25784},{"Length":159,"Height":162,"Demand":1,"DemandMax":null,"Value":25758},{"Length":286,"Height":90,"Demand":1,"DemandMax":null,"Value":25740},{"Length":170,"Height":151,"Demand":1,"DemandMax":null,"Value":25670},{"Length":195,"Height":131,"Demand":1,"DemandMax":null,"Value":25545},{"Length":226,"Height":113,"Demand":1,"DemandMax":null,"Value":25538},{"Length":290,"Height":88,"Demand":1,"DemandMax":null,"Value":25520},{"Length":164,"Height":155,"Demand":1,"DemandMax":null,"Value":25420},{"Length":353,"Height":72,"Demand":1,"DemandMax":null,"Value":25416},{"Length":122,"Height":208,"Demand":1,"DemandMax":null,"Value":25376},{"Length":84,"Height":301,"Demand":1,"DemandMax":null,"Value":25284},{"Length":324,"Height":78,"Demand":1,"DemandMax":null,"Value":25272},{"Length":214,"Height":118,"Demand":1,"DemandMax":null,"Value":25252},{"Length":83,"Height":301,"Demand":1,"DemandMax":null,"Value":24983},{"Length":116,"Height":215,"Demand":1,"DemandMax":null,"Value":24940},{"Length":153,"Height":163,"Demand":1,"DemandMax":null,"Value":24939},{"Length":193,"Height":129,"Demand":1,"DemandMax":null,"Value":24897},{"Length":129,"Height":192,"Demand":1,"DemandMax":null,"Value":24768},{"Length":291,"Height":84,"Demand":1,"DemandMax":null,"Value":24444},{"Length":167,"Height":146,"Demand":1,"DemandMax":null,"Value":24382},{"Length":142,"Height":171,"Demand":1,"DemandMax":null,"Value":24282},{"Length":357,"Height":68,"Demand":1,"DemandMax":null,"Value":24276},{"Length":231,"Height":105,"Demand":1,"DemandMax":null,"Value":24255},{"Length":234,"Height":103,"Demand":1,"DemandMax":null,"Value":24102},{"Length":81,"Height":297,"Demand":1,"DemandMax":null,"Value":24057},{"Length":341,"Height":70,"Demand":1,"DemandMax":null,"Value":23870},{"Length":306,"Height":77,"Demand":1,"DemandMax":null,"Value":23562},{"Length":154,"Height":152,"Demand":1,"DemandMax":null,"Value":23408},{"Length":82,"Height":285,"Demand":1,"DemandMax":null,"Value":23370},{"Length":317,"Height":73,"Demand":1,"DemandMax":null,"Value":23141},{"Length":63,"Height":366,"Demand":1,"DemandMax":null,"Value":23058},{"Length":344,"Height":67,"Demand":1,"DemandMax":null,"Value":23048},{"Length":106,"Height":217,"Demand":1,"DemandMax":null,"Value":23002},{"Length":97,"Height":237,"Demand":1,"DemandMax":null,"Value":22989},{"Length":261,"Height":88,"Demand":1,"DemandMax":null,"Value":22968},{"Length":76,"Height":302,"Demand":1,"DemandMax":null,"Value":22952},{"Length":176,"Height":130,"Demand":1,"DemandMax":null,"Value":22880},{"Length":73,"Height":313,"Demand":1,"DemandMax":null,"Value":22849},{"Length":190,"Height":120,"Demand":1,"DemandMax":null,"Value":22800},{"Length":345,"Height":66,"Demand":1,"DemandMax":null,"Value":22770},{"Length":314,"Height":72,"Demand":1,"DemandMax":null,"Value":22608},{"Length":139,"Height":162,"Demand":1,"DemandMax":null,"Value":22518},{"Length":326,"Height":69,"Demand":1,"DemandMax":null,"Value":22494},{"Length":124,"Height":181,"Demand":1,"DemandMax":null,"Value":22444},{"Length":95,"Height":236,"Demand":1,"DemandMax":null,"Value":22420},{"Length":207,"Height":108,"Demand":1,"DemandMax":null,"Value":22356},{"Length":333,"Height":67,"Demand":1,"DemandMax":null,"Value":22311},{"Length":137,"Height":161,"Demand":1,"DemandMax":null,"Value":22057},{"Length":227,"Height":97,"Demand":1,"DemandMax":null,"Value":22019},{"Length":168,"Height":131,"Demand":1,"DemandMax":null,"Value":22008},{"Length":122,"Height":180,"Demand":1,"DemandMax":null,"Value":21960},{"Length":257,"Height":85,"Demand":1,"DemandMax":null,"Value":21845},{"Length":104,"Height":210,"Demand":1,"DemandMax":null,"Value":21840},{"Length":99,"Height":220,"Demand":1,"DemandMax":null,"Value":21780},{"Length":62,"Height":350,"Demand":1,"DemandMax":null,"Value":21700},{"Length":355,"Height":61,"Demand":1,"DemandMax":null,"Value":21655},{"Length":245,"Height":88,"Demand":1,"DemandMax":null,"Value":21560},{"Length":365,"Height":59,"Demand":1,"DemandMax":null,"Value":21535},{"Length":331,"Height":65,"Demand":1,"DemandMax":null,"Value":21515},{"Length":168,"Height":128,"Demand":1,"DemandMax":null,"Value":21504},{"Length":145,"Height":148,"Demand":1,"DemandMax":null,"Value":21460},{"Length":72,"Height":298,"Demand":1,"DemandMax":null,"Value":21456},{"Length":114,"Height":188,"Demand":1,"DemandMax":null,"Value":21432},{"Length":202,"Height":106,"Demand":1,"DemandMax":null,"Value":21412},{"Length":93,"Height":230,"Demand":1,"DemandMax":null,"Value":21390},{"Length":220,"Height":97,"Demand":1,"DemandMax":null,"Value":21340},{"Length":130,"Height":164,"Demand":1,"DemandMax":null,"Value":21320},{"Length":318,"Height":67,"Demand":1,"DemandMax":null,"Value":21306},{"Length":343,"Height":62,"Demand":1,"DemandMax":null,"Value":21266},{"Length":94,"Height":226,"Demand":1,"DemandMax":null,"Value":21244},{"Length":122,"Height":174,"Demand":1,"DemandMax":null,"Value":21228},{"Length":271,"Height":78,"Demand":1,"DemandMax":null,"Value":21138},{"Length":289,"Height":73,"Demand":1,"DemandMax":null,"Value":21097},{"Length":95,"Height":222,"Demand":1,"DemandMax":null,"Value":21090},{"Length":111,"Height":190,"Demand":1,"DemandMax":null,"Value":21090},{"Length":108,"Height":195,"Demand":1,"DemandMax":null,"Value":21060},{"Length":96,"Height":219,"Demand":1,"DemandMax":null,"Value":21024},{"Length":105,"Height":200,"Demand":1,"DemandMax":null,"Value":21000},{"Length":218,"Height":96,"Demand":1,"DemandMax":null,"Value":20928},{"Length":201,"Height":104,"Demand":1,"DemandMax":null,"Value":20904},{"Length":143,"Height":146,"Demand":1,"DemandMax":null,"Value":20878},{"Length":63,"Height":331,"Demand":1,"DemandMax":null,"Value":20853},{"Length":202,"Height":103,"Demand":1,"DemandMax":null,"Value":20806},{"Length":345,"Height":60,"Demand":1,"DemandMax":null,"Value":20700},{"Length":66,"Height":313,"Demand":1,"DemandMax":null,"Value":20658},{"Length":312,"Height":66,"Demand":1,"DemandMax":null,"Value":20592},{"Length":177,"Height":116,"Demand":1,"DemandMax":null,"Value":20532},{"Length":81,"Height":253,"Demand":1,"DemandMax":null,"Value":20493},{"Length":325,"Height":63,"Demand":1,"DemandMax":null,"Value":20475},{"Length":139,"Height":147,"Demand":1,"DemandMax":null,"Value":20433},{"Length":157,"Height":130,"Demand":1,"DemandMax":null,"Value":20410},{"Length":167,"Height":122,"Demand":1,"DemandMax":null,"Value":20374},{"Length":192,"Height":105,"Demand":1,"DemandMax":null,"Value":20160},{"Length":166,"Height":121,"Demand":1,"DemandMax":null,"Value":20086},{"Length":271,"Height":74,"Demand":1,"DemandMax":null,"Value":20054},{"Length":120,"Height":167,"Demand":1,"DemandMax":null,"Value":20040},{"Length":142,"Height":141,"Demand":1,"DemandMax":null,"Value":20022},{"Length":357,"Height":56,"Demand":1,"DemandMax":null,"Value":19992},{"Length":347,"Height":57,"Demand":1,"DemandMax":null,"Value":19779},{"Length":373,"Height":53,"Demand":1,"DemandMax":null,"Value":19769},{"Length":101,"Height":195,"Demand":1,"DemandMax":null,"Value":19695},{"Length":166,"Height":117,"Demand":1,"DemandMax":null,"Value":19422},{"Length":261,"Height":74,"Demand":1,"DemandMax":null,"Value":19314},{"Length":75,"Height":255,"Demand":1,"DemandMax":null,"Value":19125},{"Length":202,"Height":94,"Demand":1,"DemandMax":null,"Value":18988},{"Length":363,"Height":52,"Demand":1,"DemandMax":null,"Value":18876},{"Length":337,"Height":56,"Demand":1,"DemandMax":null,"Value":18872},{"Length":255,"Height":74,"Demand":1,"DemandMax":null,"Value":18870},{"Length":212,"Height":89,"Demand":1,"DemandMax":null,"Value":18868},{"Length":224,"Height":83,"Demand":1,"DemandMax":null,"Value":18592},{"Length":371,"Height":50,"Demand":1,"DemandMax":null,"Value":18550},{"Length":276,"Height":67,"Demand":1,"DemandMax":null,"Value":18492},{"Length":149,"Height":124,"Demand":1,"DemandMax":null,"Value":18476},{"Length":163,"Height":112,"Demand":1,"DemandMax":null,"Value":18256},{"Length":172,"Height":105,"Demand":1,"DemandMax":null,"Value":18060},{"Length":51,"Height":353,"Demand":1,"DemandMax":null,"Value":18003},{"Length":122,"Height":147,"Demand":1,"DemandMax":null,"Value":17934},{"Length":73,"Height":244,"Demand":1,"DemandMax":null,"Value":17812},{"Length":54,"Height":329,"Demand":1,"DemandMax":null,"Value":17766},{"Length":71,"Height":250,"Demand":1,"DemandMax":null,"Value":17750},{"Length":180,"Height":98,"Demand":1,"DemandMax":null,"Value":17640},{"Length":87,"Height":202,"Demand":1,"DemandMax":null,"Value":17574},{"Length":89,"Height":197,"Demand":1,"DemandMax":null,"Value":17533},{"Length":62,"Height":282,"Demand":1,"DemandMax":null,"Value":17484},{"Length":329,"Height":53,"Demand":1,"DemandMax":null,"Value":17437},{"Length":152,"Height":114,"Demand":1,"DemandMax":null,"Value":17328},{"Length":65,"Height":266,"Demand":1,"DemandMax":null,"Value":17290},{"Length":250,"Height":69,"Demand":1,"DemandMax":null,"Value":17250},{"Length":250,"Height":68,"Demand":1,"DemandMax":null,"Value":17000},{"Length":69,"Height":246,"Demand":1,"DemandMax":null,"Value":16974},{"Length":138,"Height":123,"Demand":1,"DemandMax":null,"Value":16974},{"Length":287,"Height":59,"Demand":1,"DemandMax":null,"Value":16933},{"Length":58,"Height":291,"Demand":1,"DemandMax":null,"Value":16878},{"Length":60,"Height":281,"Demand":1,"DemandMax":null,"Value":16860},{"Length":251,"Height":67,"Demand":1,"DemandMax":null,"Value":16817},{"Length":140,"Height":120,"Demand":1,"DemandMax":null,"Value":16800},{"Length":323,"Height":52,"Demand":1,"DemandMax":null,"Value":16796},{"Length":47,"Height":357,"Demand":1,"DemandMax":null,"Value":16779},{"Length":125,"Height":133,"Demand":1,"DemandMax":null,"Value":16625},{"Length":124,"Height":134,"Demand":1,"DemandMax":null,"Value":16616},{"Length":173,"Height":96,"Demand":1,"DemandMax":null,"Value":16608},{"Length":137,"Height":121,"Demand":1,"DemandMax":null,"Value":16577},{"Length":84,"Height":196,"Demand":1,"DemandMax":null,"Value":16464},{"Length":83,"Height":198,"Demand":1,"DemandMax":null,"Value":16434},{"Length":118,"Height":139,"Demand":1,"DemandMax":null,"Value":16402},{"Length":175,"Height":93,"Demand":1,"DemandMax":null,"Value":16275},{"Length":65,"Height":250,"Demand":1,"DemandMax":null,"Value":16250},{"Length":113,"Height":143,"Demand":1,"DemandMax":null,"Value":16159},{"Length":316,"Height":51,"Demand":1,"DemandMax":null,"Value":16116},{"Length":229,"Height":70,"Demand":1,"DemandMax":null,"Value":16030},{"Length":50,"Height":320,"Demand":1,"DemandMax":null,"Value":16000},{"Length":62,"Height":257,"Demand":1,"DemandMax":null,"Value":15934},{"Length":324,"Height":49,"Demand":1,"DemandMax":null,"Value":15876},{"Length":44,"Height":360,"Demand":1,"DemandMax":null,"Value":15840},{"Length":184,"Height":86,"Demand":1,"DemandMax":null,"Value":15824},{"Length":97,"Height":163,"Demand":1,"DemandMax":null,"Value":15811},{"Length":143,"Height":110,"Demand":1,"DemandMax":null,"Value":15730},{"Length":271,"Height":58,"Demand":1,"DemandMax":null,"Value":15718},{"Length":54,"Height":291,"Demand":1,"DemandMax":null,"Value":15714},{"Length":223,"Height":70,"Demand":1,"DemandMax":null,"Value":15610},{"Length":49,"Height":315,"Demand":1,"DemandMax":null,"Value":15435},{"Length":76,"Height":201,"Demand":1,"DemandMax":null,"Value":15276},{"Length":372,"Height":41,"Demand":1,"DemandMax":null,"Value":15252},{"Length":94,"Height":162,"Demand":1,"DemandMax":null,"Value":15228},{"Length":75,"Height":202,"Demand":1,"DemandMax":null,"Value":15150},{"Length":79,"Height":190,"Demand":1,"DemandMax":null,"Value":15010},{"Length":288,"Height":52,"Demand":1,"DemandMax":null,"Value":14976},{"Length":43,"Height":348,"Demand":1,"DemandMax":null,"Value":14964},{"Length":196,"Height":76,"Demand":1,"DemandMax":null,"Value":14896},{"Length":175,"Height":85,"Demand":1,"DemandMax":null,"Value":14875},{"Length":94,"Height":158,"Demand":1,"DemandMax":null,"Value":14852},{"Length":72,"Height":206,"Demand":1,"DemandMax":null,"Value":14832},{"Length":42,"Height":353,"Demand":1,"DemandMax":null,"Value":14826},{"Length":105,"Height":141,"Demand":1,"DemandMax":null,"Value":14805},{"Length":301,"Height":49,"Demand":1,"DemandMax":null,"Value":14749},{"Length":48,"Height":307,"Demand":1,"DemandMax":null,"Value":14736},{"Length":267,"Height":55,"Demand":1,"DemandMax":null,"Value":14685},{"Length":82,"Height":178,"Demand":1,"DemandMax":null,"Value":14596},{"Length":290,"Height":50,"Demand":1,"DemandMax":null,"Value":14500},{"Length":153,"Height":93,"Demand":1,"DemandMax":null,"Value":14229},{"Length":301,"Height":47,"Demand":1,"DemandMax":null,"Value":14147},{"Length":118,"Height":119,"Demand":1,"DemandMax":null,"Value":14042},{"Length":200,"Height":70,"Demand":1,"DemandMax":null,"Value":14000},{"Length":245,"Height":57,"Demand":1,"DemandMax":null,"Value":13965},{"Length":61,"Height":226,"Demand":1,"DemandMax":null,"Value":13786},{"Length":38,"Height":362,"Demand":1,"DemandMax":null,"Value":13756},{"Length":292,"Height":47,"Demand":1,"DemandMax":null,"Value":13724},{"Length":235,"Height":58,"Demand":1,"DemandMax":null,"Value":13630},{"Length":82,"Height":166,"Demand":1,"DemandMax":null,"Value":13612},{"Length":73,"Height":186,"Demand":1,"DemandMax":null,"Value":13578},{"Length":366,"Height":37,"Demand":1,"DemandMax":null,"Value":13542},{"Length":39,"Height":346,"Demand":1,"DemandMax":null,"Value":13494},{"Length":45,"Height":299,"Demand":1,"DemandMax":null,"Value":13455},{"Length":115,"Height":117,"Demand":1,"DemandMax":null,"Value":13455},{"Length":44,"Height":305,"Demand":1,"DemandMax":null,"Value":13420},{"Length":48,"Height":278,"Demand":1,"DemandMax":null,"Value":13344},{"Length":101,"Height":131,"Demand":1,"DemandMax":null,"Value":13231},{"Length":183,"Height":72,"Demand":1,"DemandMax":null,"Value":13176},{"Length":38,"Height":343,"Demand":1,"DemandMax":null,"Value":13034},{"Length":45,"Height":288,"Demand":1,"DemandMax":null,"Value":12960},{"Length":368,"Height":35,"Demand":1,"DemandMax":null,"Value":12880},{"Length":86,"Height":149,"Demand":1,"DemandMax":null,"Value":12814},{"Length":320,"Height":40,"Demand":1,"DemandMax":null,"Value":12800},{"Length":264,"Height":48,"Demand":1,"DemandMax":null,"Value":12672},{"Length":230,"Height":55,"Demand":1,"DemandMax":null,"Value":12650},{"Length":42,"Height":301,"Demand":1,"DemandMax":null,"Value":12642},{"Length":263,"Height":48,"Demand":1,"DemandMax":null,"Value":12624},{"Length":286,"Height":44,"Demand":1,"DemandMax":null,"Value":12584},{"Length":96,"Height":131,"Demand":1,"DemandMax":null,"Value":12576},{"Length":102,"Height":123,"Demand":1,"DemandMax":null,"Value":12546},{"Length":36,"Height":348,"Demand":1,"DemandMax":null,"Value":12528},{"Length":41,"Height":305,"Demand":1,"DemandMax":null,"Value":12505},{"Length":125,"Height":100,"Demand":1,"DemandMax":null,"Value":12500},{"Length":56,"Height":223,"Demand":1,"DemandMax":null,"Value":12488},{"Length":98,"Height":127,"Demand":1,"DemandMax":null,"Value":12446},{"Length":61,"Height":204,"Demand":1,"DemandMax":null,"Value":12444},{"Length":174,"Height":71,"Demand":1,"DemandMax":null,"Value":12354},{"Length":102,"Height":121,"Demand":1,"DemandMax":null,"Value":12342},{"Length":324,"Height":38,"Demand":1,"DemandMax":null,"Value":12312},{"Length":39,"Height":315,"Demand":1,"DemandMax":null,"Value":12285},{"Length":98,"Height":123,"Demand":1,"DemandMax":null,"Value":12054},{"Length":325,"Height":37,"Demand":1,"DemandMax":null,"Value":12025},{"Length":89,"Height":134,"Demand":1,"DemandMax":null,"Value":11926},{"Length":219,"Height":54,"Demand":1,"DemandMax":null,"Value":11826},{"Length":257,"Height":46,"Demand":1,"DemandMax":null,"Value":11822},{"Length":347,"Height":34,"Demand":1,"DemandMax":null,"Value":11798},{"Length":134,"Height":88,"Demand":1,"DemandMax":null,"Value":11792},{"Length":168,"Height":70,"Demand":1,"DemandMax":null,"Value":11760},{"Length":42,"Height":280,"Demand":1,"DemandMax":null,"Value":11760},{"Length":301,"Height":39,"Demand":1,"DemandMax":null,"Value":11739},{"Length":63,"Height":186,"Demand":1,"DemandMax":null,"Value":11718},{"Length":39,"Height":299,"Demand":1,"DemandMax":null,"Value":11661},{"Length":131,"Height":89,"Demand":1,"DemandMax":null,"Value":11659},{"Length":176,"Height":66,"Demand":1,"DemandMax":null,"Value":11616},{"Length":51,"Height":227,"Demand":1,"DemandMax":null,"Value":11577},{"Length":251,"Height":46,"Demand":1,"DemandMax":null,"Value":11546},{"Length":96,"Height":120,"Demand":1,"DemandMax":null,"Value":11520},{"Length":39,"Height":295,"Demand":1,"DemandMax":null,"Value":11505},{"Length":188,"Height":61,"Demand":1,"DemandMax":null,"Value":11468},{"Length":171,"Height":67,"Demand":1,"DemandMax":null,"Value":11457},{"Length":166,"Height":68,"Demand":1,"DemandMax":null,"Value":11288},{"Length":176,"Height":64,"Demand":1,"DemandMax":null,"Value":11264},{"Length":331,"Height":34,"Demand":1,"DemandMax":null,"Value":11254},{"Length":37,"Height":304,"Demand":1,"DemandMax":null,"Value":11248},{"Length":83,"Height":135,"Demand":1,"DemandMax":null,"Value":11205},{"Length":113,"Height":99,"Demand":1,"DemandMax":null,"Value":11187},{"Length":59,"Height":189,"Demand":1,"DemandMax":null,"Value":11151},{"Length":264,"Height":42,"Demand":1,"DemandMax":null,"Value":11088},{"Length":68,"Height":163,"Demand":1,"DemandMax":null,"Value":11084},{"Length":209,"Height":53,"Demand":1,"DemandMax":null,"Value":11077},{"Length":41,"Height":269,"Demand":1,"DemandMax":null,"Value":11029},{"Length":131,"Height":84,"Demand":1,"DemandMax":null,"Value":11004},{"Length":99,"Height":111,"Demand":1,"DemandMax":null,"Value":10989},{"Length":49,"Height":221,"Demand":1,"DemandMax":null,"Value":10829},{"Length":73,"Height":148,"Demand":1,"DemandMax":null,"Value":10804},{"Length":177,"Height":61,"Demand":1,"DemandMax":null,"Value":10797},{"Length":163,"Height":66,"Demand":1,"DemandMax":null,"Value":10758},{"Length":167,"Height":64,"Demand":1,"DemandMax":null,"Value":10688},{"Length":101,"Height":105,"Demand":1,"DemandMax":null,"Value":10605},{"Length":30,"Height":349,"Demand":1,"DemandMax":null,"Value":10470},{"Length":43,"Height":243,"Demand":1,"DemandMax":null,"Value":10449},{"Length":354,"Height":29,"Demand":1,"DemandMax":null,"Value":10266},{"Length":59,"Height":174,"Demand":1,"DemandMax":null,"Value":10266},{"Length":48,"Height":213,"Demand":1,"DemandMax":null,"Value":10224},{"Length":217,"Height":47,"Demand":1,"DemandMax":null,"Value":10199},{"Length":31,"Height":328,"Demand":1,"DemandMax":null,"Value":10168},{"Length":88,"Height":115,"Demand":1,"DemandMax":null,"Value":10120},{"Length":186,"Height":54,"Demand":1,"DemandMax":null,"Value":10044},{"Length":43,"Height":232,"Demand":1,"DemandMax":null,"Value":9976},{"Length":61,"Height":163,"Demand":1,"DemandMax":null,"Value":9943},{"Length":41,"Height":242,"Demand":1,"DemandMax":null,"Value":9922},{"Length":62,"Height":160,"Demand":1,"DemandMax":null,"Value":9920},{"Length":299,"Height":33,"Demand":1,"DemandMax":null,"Value":9867},{"Length":34,"Height":290,"Demand":1,"DemandMax":null,"Value":9860},{"Length":64,"Height":154,"Demand":1,"DemandMax":null,"Value":9856},{"Length":87,"Height":113,"Demand":1,"DemandMax":null,"Value":9831},{"Length":46,"Height":213,"Demand":1,"DemandMax":null,"Value":9798},{"Length":349,"Height":28,"Demand":1,"DemandMax":null,"Value":9772},{"Length":34,"Height":287,"Demand":1,"DemandMax":null,"Value":9758},{"Length":26,"Height":374,"Demand":1,"DemandMax":null,"Value":9724},{"Length":45,"Height":215,"Demand":1,"DemandMax":null,"Value":9675},{"Length":150,"Height":64,"Demand":1,"DemandMax":null,"Value":9600},{"Length":266,"Height":36,"Demand":1,"DemandMax":null,"Value":9576},{"Length":40,"Height":238,"Demand":1,"DemandMax":null,"Value":9520},{"Length":58,"Height":161,"Demand":1,"DemandMax":null,"Value":9338},{"Length":273,"Height":34,"Demand":1,"DemandMax":null,"Value":9282},{"Length":41,"Height":226,"Demand":1,"DemandMax":null,"Value":9266},{"Length":43,"Height":214,"Demand":1,"DemandMax":null,"Value":9202},{"Length":41,"Height":224,"Demand":1,"DemandMax":null,"Value":9184},{"Length":47,"Height":195,"Demand":1,"DemandMax":null,"Value":9165},{"Length":94,"Height":96,"Demand":1,"DemandMax":null,"Value":9024},{"Length":70,"Height":128,"Demand":1,"DemandMax":null,"Value":8960},{"Length":263,"Height":34,"Demand":1,"DemandMax":null,"Value":8942},{"Length":229,"Height":39,"Demand":1,"DemandMax":null,"Value":8931},{"Length":35,"Height":255,"Demand":1,"DemandMax":null,"Value":8925},{"Length":316,"Height":28,"Demand":1,"DemandMax":null,"Value":8848},{"Length":83,"Height":106,"Demand":1,"DemandMax":null,"Value":8798},{"Length":224,"Height":39,"Demand":1,"DemandMax":null,"Value":8736},{"Length":51,"Height":170,"Demand":1,"DemandMax":null,"Value":8670},{"Length":46,"Height":187,"Demand":1,"DemandMax":null,"Value":8602},{"Length":317,"Height":27,"Demand":1,"DemandMax":null,"Value":8559},{"Length":64,"Height":131,"Demand":1,"DemandMax":null,"Value":8384},{"Length":46,"Height":182,"Demand":1,"DemandMax":null,"Value":8372},{"Length":44,"Height":190,"Demand":1,"DemandMax":null,"Value":8360},{"Length":96,"Height":87,"Demand":1,"DemandMax":null,"Value":8352},{"Length":80,"Height":103,"Demand":1,"DemandMax":null,"Value":8240},{"Length":32,"Height":256,"Demand":1,"DemandMax":null,"Value":8192},{"Length":221,"Height":37,"Demand":1,"DemandMax":null,"Value":8177},{"Length":27,"Height":301,"Demand":1,"DemandMax":null,"Value":8127},{"Length":81,"Height":100,"Demand":1,"DemandMax":null,"Value":8100},{"Length":245,"Height":33,"Demand":1,"DemandMax":null,"Value":8085},{"Length":74,"Height":109,"Demand":1,"DemandMax":null,"Value":8066},{"Length":116,"Height":69,"Demand":1,"DemandMax":null,"Value":8004},{"Length":185,"Height":43,"Demand":1,"DemandMax":null,"Value":7955},{"Length":46,"Height":172,"Demand":1,"DemandMax":null,"Value":7912},{"Length":96,"Height":82,"Demand":1,"DemandMax":null,"Value":7872},{"Length":41,"Height":191,"Demand":1,"DemandMax":null,"Value":7831},{"Length":99,"Height":79,"Demand":1,"DemandMax":null,"Value":7821},{"Length":130,"Height":60,"Demand":1,"DemandMax":null,"Value":7800},{"Length":64,"Height":120,"Demand":1,"DemandMax":null,"Value":7680},{"Length":207,"Height":37,"Demand":1,"DemandMax":null,"Value":7659},{"Length":55,"Height":139,"Demand":1,"DemandMax":null,"Value":7645},{"Length":44,"Height":171,"Demand":1,"DemandMax":null,"Value":7524},{"Length":58,"Height":128,"Demand":1,"DemandMax":null,"Value":7424},{"Length":125,"Height":58,"Demand":1,"DemandMax":null,"Value":7250},{"Length":94,"Height":77,"Demand":1,"DemandMax":null,"Value":7238},{"Length":41,"Height":175,"Demand":1,"DemandMax":null,"Value":7175},{"Length":59,"Height":119,"Demand":1,"DemandMax":null,"Value":7021},{"Length":45,"Height":155,"Demand":1,"DemandMax":null,"Value":6975},{"Length":75,"Height":93,"Demand":1,"DemandMax":null,"Value":6975},{"Length":85,"Height":82,"Demand":1,"DemandMax":null,"Value":6970},{"Length":205,"Height":34,"Demand":1,"DemandMax":null,"Value":6970},{"Length":31,"Height":224,"Demand":1,"DemandMax":null,"Value":6944},{"Length":137,"Height":50,"Demand":1,"DemandMax":null,"Value":6850},{"Length":35,"Height":195,"Demand":1,"DemandMax":null,"Value":6825},{"Length":55,"Height":124,"Demand":1,"DemandMax":null,"Value":6820},{"Length":223,"Height":30,"Demand":1,"DemandMax":null,"Value":6690},{"Length":185,"Height":36,"Demand":1,"DemandMax":null,"Value":6660},{"Length":190,"Height":35,"Demand":1,"DemandMax":null,"Value":6650},{"Length":131,"Height":50,"Demand":1,"DemandMax":null,"Value":6550},{"Length":49,"Height":133,"Demand":1,"DemandMax":null,"Value":6517},{"Length":66,"Height":98,"Demand":1,"DemandMax":null,"Value":6468},{"Length":143,"Height":45,"Demand":1,"DemandMax":null,"Value":6435},{"Length":59,"Height":108,"Demand":1,"DemandMax":null,"Value":6372},{"Length":68,"Height":93,"Demand":1,"DemandMax":null,"Value":6324},{"Length":129,"Height":49,"Demand":1,"DemandMax":null,"Value":6321},{"Length":30,"Height":210,"Demand":1,"DemandMax":null,"Value":6300},{"Length":80,"Height":78,"Demand":1,"DemandMax":null,"Value":6240},{"Length":48,"Height":129,"Demand":1,"DemandMax":null,"Value":6192},{"Length":76,"Height":80,"Demand":1,"DemandMax":null,"Value":6080},{"Length":43,"Height":137,"Demand":1,"DemandMax":null,"Value":5891},{"Length":182,"Height":32,"Demand":1,"DemandMax":null,"Value":5824},{"Length":40,"Height":145,"Demand":1,"DemandMax":null,"Value":5800},{"Length":41,"Height":141,"Demand":1,"DemandMax":null,"Value":5781},{"Length":152,"Height":38,"Demand":1,"DemandMax":null,"Value":5776},{"Length":27,"Height":213,"Demand":1,"DemandMax":null,"Value":5751},{"Length":225,"Height":25,"Demand":1,"DemandMax":null,"Value":5625},{"Length":127,"Height":44,"Demand":1,"DemandMax":null,"Value":5588},{"Length":91,"Height":61,"Demand":1,"DemandMax":null,"Value":5551},{"Length":99,"Height":56,"Demand":1,"DemandMax":null,"Value":5544},{"Length":56,"Height":98,"Demand":1,"DemandMax":null,"Value":5488},{"Length":43,"Height":127,"Demand":1,"DemandMax":null,"Value":5461},{"Length":31,"Height":174,"Demand":1,"DemandMax":null,"Value":5394},{"Length":96,"Height":56,"Demand":1,"DemandMax":null,"Value":5376},{"Length":152,"Height":34,"Demand":1,"DemandMax":null,"Value":5168},{"Length":60,"Height":86,"Demand":1,"DemandMax":null,"Value":5160},{"Length":189,"Height":27,"Demand":1,"DemandMax":null,"Value":5103},{"Length":99,"Height":51,"Demand":1,"DemandMax":null,"Value":5049},{"Length":57,"Height":88,"Demand":1,"DemandMax":null,"Value":5016},{"Length":92,"Height":54,"Demand":1,"DemandMax":null,"Value":4968},{"Length":59,"Height":83,"Demand":1,"DemandMax":null,"Value":4897},{"Length":60,"Height":81,"Demand":1,"DemandMax":null,"Value":4860},{"Length":138,"Height":35,"Demand":1,"DemandMax":null,"Value":4830},{"Length":32,"Height":150,"Demand":1,"DemandMax":null,"Value":4800},{"Length":136,"Height":35,"Demand":1,"DemandMax":null,"Value":4760},{"Length":29,"Height":164,"Demand":1,"DemandMax":null,"Value":4756},{"Length":78,"Height":60,"Demand":1,"DemandMax":null,"Value":4680},{"Length":95,"Height":49,"Demand":1,"DemandMax":null,"Value":4655},{"Length":26,"Height":178,"Demand":1,"DemandMax":null,"Value":4628},{"Length":83,"Height":55,"Demand":1,"DemandMax":null,"Value":4565},{"Length":39,"Height":117,"Demand":1,"DemandMax":null,"Value":4563},{"Length":30,"Height":147,"Demand":1,"DemandMax":null,"Value":4410},{"Length":49,"Height":89,"Demand":1,"DemandMax":null,"Value":4361},{"Length":75,"Height":58,"Demand":1,"DemandMax":null,"Value":4350},{"Length":46,"Height":93,"Demand":1,"DemandMax":null,"Value":4278},{"Length":152,"Height":28,"Demand":1,"DemandMax":null,"Value":4256},{"Length":58,"Height":73,"Demand":1,"DemandMax":null,"Value":4234},{"Length":47,"Height":90,"Demand":1,"DemandMax":null,"Value":4230},{"Length":89,"Height":44,"Demand":1,"DemandMax":null,"Value":3916},{"Length":57,"Height":68,"Demand":1,"DemandMax":null,"Value":3876},{"Length":45,"Height":84,"Demand":1,"DemandMax":null,"Value":3780},{"Length":149,"Height":25,"Demand":1,"DemandMax":null,"Value":3725},{"Length":32,"Height":114,"Demand":1,"DemandMax":null,"Value":3648},{"Length":25,"Height":140,"Demand":1,"DemandMax":null,"Value":3500},{"Length":50,"Height":68,"Demand":1,"DemandMax":null,"Value":3400},{"Length":36,"Height":90,"Demand":1,"DemandMax":null,"Value":3240},{"Length":64,"Height":49,"Demand":1,"DemandMax":null,"Value":3136},{"Length":78,"Height":40,"Demand":1,"DemandMax":null,"Value":3120},{"Length":50,"Height":61,"Demand":1,"DemandMax":null,"Value":3050},{"Length":28,"Height":108,"Demand":1,"DemandMax":null,"Value":3024},{"Length":30,"Height":97,"Demand":1,"DemandMax":null,"Value":2910},{"Length":29,"Height":100,"Demand":1,"DemandMax":null,"Value":2900},{"Length":59,"Height":46,"Demand":1,"DemandMax":null,"Value":2714},{"Length":61,"Height":44,"Demand":1,"DemandMax":null,"Value":2684},{"Length":59,"Height":43,"Demand":1,"DemandMax":null,"Value":2537},{"Length":72,"Height":34,"Demand":1,"DemandMax":null,"Value":2448},{"Length":53,"Height":43,"Demand":1,"DemandMax":null,"Value":2279},{"Length":49,"Height":41,"Demand":1,"DemandMax":null,"Value":2009},{"Length":54,"Height":36,"Demand":1,"DemandMax":null,"Value":1944},{"Length":33,"Height":49,"Demand":1,"DemandMax":null,"Value":1617},{"Length":39,"Height":38,"Demand":1,"DemandMax":null,"Value":1482},{"Length":49,"Height":26,"Demand":1,"DemandMax":null,"Value":1274},{"Length":29,"Height":35,"Demand":1,"DemandMax":null,"Value":1015},{"Length":26,"Height":37,"Demand":1,"DemandMax":null,"Value":962}]}