{"Name":"AH55","Objects":[{"Length":1000,"Height":56390,"Stock":null,"Cost":56390000}],"Items":[{"Length":325,"Height":362,"Demand":100,"DemandMax":null,"Value":117650},{"Length":372,"Height":273,"Demand":100,"DemandMax":null,"Value":101556},{"Length":315,"Height":284,"Demand":100,"DemandMax":null,"Value":89460},{"Length":291,"Height":276,"Demand":100,"DemandMax":null,"Value":80316},{"Length":243,"Height":307,"Demand":100,"DemandMax":null,"Value":74601},{"Length":296,"Height":171,"Demand":100,"DemandMax":null,"Value":50616},{"Length":71,"Height":346,"Demand":100,"DemandMax":null,"Value":24566},{"Length":142,"Height":73,"Demand":100,"DemandMax":null,"Value":10366},{"Length":166,"Height":55,"Demand":100,"DemandMax":null,"Value":9130},{"Length":43,"Height":131,"Demand":100,"DemandMax":null,"Value":5633}]}