{"Name":"AH206","Objects":[{"Length":1000,"Height":2404,"Stock":null,"Cost":2404000}],"Items":[{"Length":74,"Height":73,"Demand":10,"DemandMax":null,"Value":5402},{"Length":74,"Height":71,"Demand":10,"DemandMax":null,"Value":5254},{"Length":72,"Height":67,"Demand":10,"DemandMax":null,"Value":4824},{"Length":69,"Height":66,"Demand":10,"DemandMax":null,"Value":4554},{"Length":67,"Height":66,"Demand":10,"DemandMax":null,"Value":4422},{"Length":68,"Height":64,"Demand":10,"DemandMax":null,"Value":4352},{"Length":58,"Height":75,"Demand":10,"DemandMax":null,"Value":4350},{"Length":68,"Height":60,"Demand":10,"DemandMax":null,"Value":4080},{"Length":59,"Height":68,"Demand":10,"DemandMax":null,"Value":4012},{"Length":53,"Height":75,"Demand":10,"DemandMax":null,"Value":3975},{"Length":56,"Height":67,"Demand":10,"DemandMax":null,"Value":3752},{"Length":54,"Height":69,"Demand":10,"DemandMax":null,"Value":3726},{"Length":65,"Height":57,"Demand":10,"DemandMax":null,"Value":3705},{"Length":52,"Height":71,"Demand":10,"DemandMax":null,"Value":3692},{"Length":63,"Height":57,"Demand":10,"DemandMax":null,"Value":3591},{"Length":64,"Height":56,"Demand":10,"DemandMax":null,"Value":3584},{"Length":70,"Height":50,"Demand":10,"DemandMax":null,"Value":3500},{"Length":66,"Height":53,"Demand":10,"DemandMax":null,"Value":3498},{"Length":60,"Height":58,"Demand":10,"DemandMax":null,"Value":3480},{"Length":51,"Height":67,"Demand":10,"DemandMax":null,"Value":3417},{"Length":52,"Height":64,"Demand":10,"DemandMax":null,"Value":3328},{"Length":54,"Height":61,"Demand":10,"DemandMax":null,"Value":3294},{"Length":49,"Height":67,"Demand":10,"DemandMax":null,"Value":3283},{"Length":67,"Height":47,"Demand":10,"DemandMax":null,"Value":3149},{"Length":45,"Height":69,"Demand":10,"DemandMax":null,"Value":3105},{"Length":48,"Height":64,"Demand":10,"DemandMax":null,"Value":3072},{"Length":42,"Height":73,"Demand":10,"DemandMax":null,"Value":3066},{"Length":68,"Height":45,"Demand":10,"DemandMax":null,"Value":3060},{"Length":63,"Height":48,"Demand":10,"DemandMax":null,"Value":3024},{"Length":57,"Height":52,"Demand":10,"DemandMax":null,"Value":2964},{"Length":54,"Height":54,"Demand":10,"DemandMax":null,"Value":2916},{"Length":59,"Height":49,"Demand":10,"DemandMax":null,"Value":2891},{"Length":59,"Height":47,"Demand":10,"DemandMax":null,"Value":2773},{"Length":45,"Height":61,"Demand":10,"DemandMax":null,"Value":2745},{"Length":71,"Height":38,"Demand":10,"DemandMax":null,"Value":2698},{"Length":48,"Height":56,"Demand":10,"DemandMax":null,"Value":2688},{"Length":38,"Height":70,"Demand":10,"DemandMax":null,"Value":2660},{"Length":42,"Height":63,"Demand":10,"DemandMax":null,"Value":2646},{"Length":66,"Height":40,"Demand":10,"DemandMax":null,"Value":2640},{"Length":41,"Height":63,"Demand":10,"DemandMax":null,"Value":2583},{"Length":61,"Height":42,"Demand":10,"DemandMax":null,"Value":2562},{"Length":66,"Height":38,"Demand":10,"DemandMax":null,"Value":2508},{"Length":41,"Height":61,"Demand":10,"DemandMax":null,"Value":2501},{"Length":63,"Height":39,"Demand":10,"DemandMax":null,"Value":2457},{"Length":64,"Height":37,"Demand":10,"DemandMax":null,"Value":2368},{"Length":62,"Height":38,"Demand":10,"DemandMax":null,"Value":2356},{"Length":61,"Height":38,"Demand":10,"DemandMax":null,"Value":2318},{"Length":57,"Height":40,"Demand":10,"DemandMax":null,"Value":2280},{"Length":38,"Height":59,"Demand":10,"DemandMax":null,"Value":2242},{"Length":39,"Height":57,"Demand":10,"DemandMax":null,"Value":2223},{"Length":65,"Height":34,"Demand":10,"DemandMax":null,"Value":2210},{"Length":63,"Height":35,"Demand":10,"DemandMax":null,"Value":2205},{"Length":59,"Height":37,"Demand":10,"DemandMax":null,"Value":2183},{"Length":54,"Height":40,"Demand":10,"DemandMax":null,"Value":2160},{"Length":46,"Height":46,"Demand":10,"DemandMax":null,"Value":2116},{"Length":47,"Height":45,"Demand":10,"DemandMax":null,"Value":2115},{"Length":56,"Height":37,"Demand":10,"DemandMax":null,"Value":2072},{"Length":60,"Height":34,"Demand":10,"DemandMax":null,"Value":2040},{"Length":55,"Height":36,"Demand":10,"DemandMax":null,"Value":1980},{"Length":49,"Height":40,"Demand":10,"DemandMax":null,"Value":1960},{"Length":31,"Height":63,"Demand":10,"DemandMax":null,"Value":1953},{"Length":49,"Height":39,"Demand":10,"DemandMax":null,"Value":1911},{"Length":50,"Height":38,"Demand":10,"DemandMax":null,"Value":1900},{"Length":41,"Height":45,"Demand":10,"DemandMax":null,"Value":1845},{"Length":37,"Height":47,"Demand":10,"DemandMax":null,"Value":1739},{"Length":25,"Height":69,"Demand":10,"DemandMax":null,"Value":1725},{"Length":35,"Height":49,"Demand":10,"DemandMax":null,"Value":1715},{"Length":62,"Height":27,"Demand":10,"DemandMax":null,"Value":1674},{"Length":25,"Height":65,"Demand":10,"DemandMax":null,"Value":1625},{"Length":47,"Height":34,"Demand":10,"DemandMax":null,"Value":1598},{"Length":29,"Height":55,"Demand":10,"DemandMax":null,"Value":1595},{"Length":45,"Height":35,"Demand":10,"DemandMax":null,"Value":1575},{"Length":61,"Height":25,"Demand":10,"DemandMax":null,"Value":1525},{"Length":36,"Height":42,"Demand":10,"DemandMax":null,"Value":1512},{"Length":45,"Height":33,"Demand":10,"DemandMax":null,"Value":1485},{"Length":29,"Height":51,"Demand":10,"DemandMax":null,"Value":1479},{"Length":42,"Height":35,"Demand":10,"DemandMax":null,"Value":1470},{"Length":52,"Height":28,"Demand":10,"DemandMax":null,"Value":1456},{"Length":44,"Height":33,"Demand":10,"DemandMax":null,"Value":1452},{"Length":25,"Height":58,"Demand":10,"DemandMax":null,"Value":1450},{"Length":39,"Height":36,"Demand":10,"DemandMax":null,"Value":1404},{"Length":56,"Height":25,"Demand":10,"DemandMax":null,"Value":1400},{"Length":39,"Height":35,"Demand":10,"DemandMax":null,"Value":1365},{"Length":41,"Height":33,"Demand":10,"DemandMax":null,"Value":1353},{"Length":30,"Height":43,"Demand":10,"DemandMax":null,"Value":1290},{"Length":40,"Height":32,"Demand":10,"DemandMax":null,"Value":1280},{"Length":28,"Height":45,"Demand":10,"DemandMax":null,"Value":1260},{"Length":42,"Height":30,"Demand":10,"DemandMax":null,"Value":1260},{"Length":32,"Height":38,"Demand":10,"DemandMax":null,"Value":1216},{"Length":26,"Height":45,"Demand":10,"DemandMax":null,"Value":1170},{"Length":29,"Height":38,"Demand":10,"DemandMax":null,"Value":1102},{"Length":25,"Height":44,"Demand":10,"DemandMax":null,"Value":1100},{"Length":30,"Height":36,"Demand":10,"DemandMax":null,"Value":1080},{"Length":38,"Height":28,"Demand":10,"DemandMax":null,"Value":1064},{"Length":35,"Height":30,"Demand":10,"DemandMax":null,"Value":1050},{"Length":38,"Height":27,"Demand":10,"DemandMax":null,"Value":1026},{"Length":41,"Height":25,"Demand":10,"DemandMax":null,"Value":1025},{"Length":28,"Height":36,"Demand":10,"DemandMax":null,"Value":1008},{"Length":27,"Height":30,"Demand":10,"DemandMax":null,"Value":810},{"Length":26,"Height":30,"Demand":10,"DemandMax":null,"Value":780}]}