{"Name":"AH309","Objects":[{"Length":1000,"Height":2503,"Stock":null,"Cost":2503000}],"Items":[{"Length":75,"Height":74,"Demand":1,"DemandMax":null,"Value":5550},{"Length":75,"Height":73,"Demand":1,"DemandMax":null,"Value":5475},{"Length":75,"Height":72,"Demand":1,"DemandMax":null,"Value":5400},{"Length":74,"Height":72,"Demand":1,"DemandMax":null,"Value":5328},{"Length":71,"Height":75,"Demand":1,"DemandMax":null,"Value":5325},{"Length":70,"Height":75,"Demand":1,"DemandMax":null,"Value":5250},{"Length":72,"Height":72,"Demand":1,"DemandMax":null,"Value":5184},{"Length":73,"Height":71,"Demand":1,"DemandMax":null,"Value":5183},{"Length":74,"Height":70,"Demand":1,"DemandMax":null,"Value":5180},{"Length":75,"Height":69,"Demand":1,"DemandMax":null,"Value":5175},{"Length":70,"Height":73,"Demand":1,"DemandMax":null,"Value":5110},{"Length":74,"Height":69,"Demand":1,"DemandMax":null,"Value":5106},{"Length":75,"Height":68,"Demand":1,"DemandMax":null,"Value":5100},{"Length":71,"Height":71,"Demand":1,"DemandMax":null,"Value":5041},{"Length":72,"Height":70,"Demand":1,"DemandMax":null,"Value":5040},{"Length":75,"Height":67,"Demand":1,"DemandMax":null,"Value":5025},{"Length":70,"Height":71,"Demand":1,"DemandMax":null,"Value":4970},{"Length":72,"Height":69,"Demand":1,"DemandMax":null,"Value":4968},{"Length":75,"Height":66,"Demand":1,"DemandMax":null,"Value":4950},{"Length":71,"Height":69,"Demand":1,"DemandMax":null,"Value":4899},{"Length":73,"Height":67,"Demand":1,"DemandMax":null,"Value":4891},{"Length":74,"Height":66,"Demand":1,"DemandMax":null,"Value":4884},{"Length":75,"Height":65,"Demand":1,"DemandMax":null,"Value":4875},{"Length":70,"Height":69,"Demand":1,"DemandMax":null,"Value":4830},{"Length":68,"Height":71,"Demand":1,"DemandMax":null,"Value":4828},{"Length":67,"Height":72,"Demand":1,"DemandMax":null,"Value":4824},{"Length":65,"Height":74,"Demand":1,"DemandMax":null,"Value":4810},{"Length":75,"Height":64,"Demand":1,"DemandMax":null,"Value":4800},{"Length":69,"Height":69,"Demand":1,"DemandMax":null,"Value":4761},{"Length":71,"Height":67,"Demand":1,"DemandMax":null,"Value":4757},{"Length":65,"Height":73,"Demand":1,"DemandMax":null,"Value":4745},{"Length":64,"Height":74,"Demand":1,"DemandMax":null,"Value":4736},{"Length":63,"Height":75,"Demand":1,"DemandMax":null,"Value":4725},{"Length":68,"Height":69,"Demand":1,"DemandMax":null,"Value":4692},{"Length":70,"Height":67,"Demand":1,"DemandMax":null,"Value":4690},{"Length":66,"Height":71,"Demand":1,"DemandMax":null,"Value":4686},{"Length":65,"Height":72,"Demand":1,"DemandMax":null,"Value":4680},{"Length":73,"Height":64,"Demand":1,"DemandMax":null,"Value":4672},{"Length":63,"Height":74,"Demand":1,"DemandMax":null,"Value":4662},{"Length":62,"Height":75,"Demand":1,"DemandMax":null,"Value":4650},{"Length":68,"Height":68,"Demand":1,"DemandMax":null,"Value":4624},{"Length":66,"Height":70,"Demand":1,"DemandMax":null,"Value":4620},{"Length":72,"Height":64,"Demand":1,"DemandMax":null,"Value":4608},{"Length":63,"Height":73,"Demand":1,"DemandMax":null,"Value":4599},{"Length":74,"Height":62,"Demand":1,"DemandMax":null,"Value":4588},{"Length":75,"Height":61,"Demand":1,"DemandMax":null,"Value":4575},{"Length":67,"Height":68,"Demand":1,"DemandMax":null,"Value":4556},{"Length":69,"Height":66,"Demand":1,"DemandMax":null,"Value":4554},{"Length":64,"Height":71,"Demand":1,"DemandMax":null,"Value":4544},{"Length":63,"Height":72,"Demand":1,"DemandMax":null,"Value":4536},{"Length":73,"Height":62,"Demand":1,"DemandMax":null,"Value":4526},{"Length":67,"Height":67,"Demand":1,"DemandMax":null,"Value":4489},{"Length":68,"Height":66,"Demand":1,"DemandMax":null,"Value":4488},{"Length":65,"Height":69,"Demand":1,"DemandMax":null,"Value":4485},{"Length":64,"Height":70,"Demand":1,"DemandMax":null,"Value":4480},{"Length":62,"Height":72,"Demand":1,"DemandMax":null,"Value":4464},{"Length":67,"Height":66,"Demand":1,"DemandMax":null,"Value":4422},{"Length":65,"Height":68,"Demand":1,"DemandMax":null,"Value":4420},{"Length":64,"Height":69,"Demand":1,"DemandMax":null,"Value":4416},{"Length":71,"Height":62,"Demand":1,"DemandMax":null,"Value":4402},{"Length":61,"Height":72,"Demand":1,"DemandMax":null,"Value":4392},{"Length":60,"Height":73,"Demand":1,"DemandMax":null,"Value":4380},{"Length":74,"Height":59,"Demand":1,"DemandMax":null,"Value":4366},{"Length":67,"Height":65,"Demand":1,"DemandMax":null,"Value":4355},{"Length":68,"Height":64,"Demand":1,"DemandMax":null,"Value":4352},{"Length":75,"Height":58,"Demand":1,"DemandMax":null,"Value":4350},{"Length":63,"Height":69,"Demand":1,"DemandMax":null,"Value":4347},{"Length":70,"Height":62,"Demand":1,"DemandMax":null,"Value":4340},{"Length":72,"Height":60,"Demand":1,"DemandMax":null,"Value":4320},{"Length":59,"Height":73,"Demand":1,"DemandMax":null,"Value":4307},{"Length":58,"Height":74,"Demand":1,"DemandMax":null,"Value":4292},{"Length":65,"Height":66,"Demand":1,"DemandMax":null,"Value":4290},{"Length":63,"Height":68,"Demand":1,"DemandMax":null,"Value":4284},{"Length":69,"Height":62,"Demand":1,"DemandMax":null,"Value":4278},{"Length":57,"Height":75,"Demand":1,"DemandMax":null,"Value":4275},{"Length":70,"Height":61,"Demand":1,"DemandMax":null,"Value":4270},{"Length":71,"Height":60,"Demand":1,"DemandMax":null,"Value":4260},{"Length":58,"Height":73,"Demand":1,"DemandMax":null,"Value":4234},{"Length":65,"Height":65,"Demand":1,"DemandMax":null,"Value":4225},{"Length":64,"Height":66,"Demand":1,"DemandMax":null,"Value":4224},{"Length":63,"Height":67,"Demand":1,"DemandMax":null,"Value":4221},{"Length":57,"Height":74,"Demand":1,"DemandMax":null,"Value":4218},{"Length":68,"Height":62,"Demand":1,"DemandMax":null,"Value":4216},{"Length":60,"Height":70,"Demand":1,"DemandMax":null,"Value":4200},{"Length":59,"Height":71,"Demand":1,"DemandMax":null,"Value":4189},{"Length":58,"Height":72,"Demand":1,"DemandMax":null,"Value":4176},{"Length":73,"Height":57,"Demand":1,"DemandMax":null,"Value":4161},{"Length":65,"Height":64,"Demand":1,"DemandMax":null,"Value":4160},{"Length":63,"Height":66,"Demand":1,"DemandMax":null,"Value":4158},{"Length":56,"Height":74,"Demand":1,"DemandMax":null,"Value":4144},{"Length":60,"Height":69,"Demand":1,"DemandMax":null,"Value":4140},{"Length":59,"Height":70,"Demand":1,"DemandMax":null,"Value":4130},{"Length":58,"Height":71,"Demand":1,"DemandMax":null,"Value":4118},{"Length":57,"Height":72,"Demand":1,"DemandMax":null,"Value":4104},{"Length":64,"Height":64,"Demand":1,"DemandMax":null,"Value":4096},{"Length":63,"Height":65,"Demand":1,"DemandMax":null,"Value":4095},{"Length":62,"Height":66,"Demand":1,"DemandMax":null,"Value":4092},{"Length":73,"Height":56,"Demand":1,"DemandMax":null,"Value":4088},{"Length":61,"Height":67,"Demand":1,"DemandMax":null,"Value":4087},{"Length":69,"Height":59,"Demand":1,"DemandMax":null,"Value":4071},{"Length":74,"Height":55,"Demand":1,"DemandMax":null,"Value":4070},{"Length":70,"Height":58,"Demand":1,"DemandMax":null,"Value":4060},{"Length":71,"Height":57,"Demand":1,"DemandMax":null,"Value":4047},{"Length":63,"Height":64,"Demand":1,"DemandMax":null,"Value":4032},{"Length":72,"Height":56,"Demand":1,"DemandMax":null,"Value":4032},{"Length":66,"Height":61,"Demand":1,"DemandMax":null,"Value":4026},{"Length":67,"Height":60,"Demand":1,"DemandMax":null,"Value":4020},{"Length":73,"Height":55,"Demand":1,"DemandMax":null,"Value":4015},{"Length":68,"Height":59,"Demand":1,"DemandMax":null,"Value":4012},{"Length":74,"Height":54,"Demand":1,"DemandMax":null,"Value":3996},{"Length":57,"Height":70,"Demand":1,"DemandMax":null,"Value":3990},{"Length":71,"Height":56,"Demand":1,"DemandMax":null,"Value":3976},{"Length":53,"Height":75,"Demand":1,"DemandMax":null,"Value":3975},{"Length":64,"Height":62,"Demand":1,"DemandMax":null,"Value":3968},{"Length":65,"Height":61,"Demand":1,"DemandMax":null,"Value":3965},{"Length":60,"Height":66,"Demand":1,"DemandMax":null,"Value":3960},{"Length":72,"Height":55,"Demand":1,"DemandMax":null,"Value":3960},{"Length":68,"Height":58,"Demand":1,"DemandMax":null,"Value":3944},{"Length":54,"Height":73,"Demand":1,"DemandMax":null,"Value":3942},{"Length":57,"Height":69,"Demand":1,"DemandMax":null,"Value":3933},{"Length":74,"Height":53,"Demand":1,"DemandMax":null,"Value":3922},{"Length":63,"Height":62,"Demand":1,"DemandMax":null,"Value":3906},{"Length":55,"Height":71,"Demand":1,"DemandMax":null,"Value":3905},{"Length":64,"Height":61,"Demand":1,"DemandMax":null,"Value":3904},{"Length":65,"Height":60,"Demand":1,"DemandMax":null,"Value":3900},{"Length":75,"Height":52,"Demand":1,"DemandMax":null,"Value":3900},{"Length":66,"Height":59,"Demand":1,"DemandMax":null,"Value":3894},{"Length":72,"Height":54,"Demand":1,"DemandMax":null,"Value":3888},{"Length":67,"Height":58,"Demand":1,"DemandMax":null,"Value":3886},{"Length":57,"Height":68,"Demand":1,"DemandMax":null,"Value":3876},{"Length":53,"Height":73,"Demand":1,"DemandMax":null,"Value":3869},{"Length":56,"Height":69,"Demand":1,"DemandMax":null,"Value":3864},{"Length":52,"Height":74,"Demand":1,"DemandMax":null,"Value":3848},{"Length":61,"Height":63,"Demand":1,"DemandMax":null,"Value":3843},{"Length":54,"Height":71,"Demand":1,"DemandMax":null,"Value":3834},{"Length":66,"Height":58,"Demand":1,"DemandMax":null,"Value":3828},{"Length":67,"Height":57,"Demand":1,"DemandMax":null,"Value":3819},{"Length":52,"Height":73,"Demand":1,"DemandMax":null,"Value":3796},{"Length":55,"Height":69,"Demand":1,"DemandMax":null,"Value":3795},{"Length":61,"Height":62,"Demand":1,"DemandMax":null,"Value":3782},{"Length":60,"Height":63,"Demand":1,"DemandMax":null,"Value":3780},{"Length":59,"Height":64,"Demand":1,"DemandMax":null,"Value":3776},{"Length":74,"Height":51,"Demand":1,"DemandMax":null,"Value":3774},{"Length":65,"Height":58,"Demand":1,"DemandMax":null,"Value":3770},{"Length":67,"Height":56,"Demand":1,"DemandMax":null,"Value":3752},{"Length":75,"Height":50,"Demand":1,"DemandMax":null,"Value":3750},{"Length":72,"Height":52,"Demand":1,"DemandMax":null,"Value":3744},{"Length":73,"Height":51,"Demand":1,"DemandMax":null,"Value":3723},{"Length":61,"Height":61,"Demand":1,"DemandMax":null,"Value":3721},{"Length":62,"Height":60,"Demand":1,"DemandMax":null,"Value":3720},{"Length":59,"Height":63,"Demand":1,"DemandMax":null,"Value":3717},{"Length":58,"Height":64,"Demand":1,"DemandMax":null,"Value":3712},{"Length":70,"Height":53,"Demand":1,"DemandMax":null,"Value":3710},{"Length":74,"Height":50,"Demand":1,"DemandMax":null,"Value":3700},{"Length":66,"Height":56,"Demand":1,"DemandMax":null,"Value":3696},{"Length":67,"Height":55,"Demand":1,"DemandMax":null,"Value":3685},{"Length":49,"Height":75,"Demand":1,"DemandMax":null,"Value":3675},{"Length":68,"Height":54,"Demand":1,"DemandMax":null,"Value":3672},{"Length":72,"Height":51,"Demand":1,"DemandMax":null,"Value":3672},{"Length":61,"Height":60,"Demand":1,"DemandMax":null,"Value":3660},{"Length":59,"Height":62,"Demand":1,"DemandMax":null,"Value":3658},{"Length":53,"Height":69,"Demand":1,"DemandMax":null,"Value":3657},{"Length":63,"Height":58,"Demand":1,"DemandMax":null,"Value":3654},{"Length":73,"Height":50,"Demand":1,"DemandMax":null,"Value":3650},{"Length":57,"Height":64,"Demand":1,"DemandMax":null,"Value":3648},{"Length":70,"Height":52,"Demand":1,"DemandMax":null,"Value":3640},{"Length":66,"Height":55,"Demand":1,"DemandMax":null,"Value":3630},{"Length":49,"Height":74,"Demand":1,"DemandMax":null,"Value":3626},{"Length":71,"Height":51,"Demand":1,"DemandMax":null,"Value":3621},{"Length":67,"Height":54,"Demand":1,"DemandMax":null,"Value":3618},{"Length":53,"Height":68,"Demand":1,"DemandMax":null,"Value":3604},{"Length":75,"Height":48,"Demand":1,"DemandMax":null,"Value":3600},{"Length":72,"Height":50,"Demand":1,"DemandMax":null,"Value":3600},{"Length":60,"Height":60,"Demand":1,"DemandMax":null,"Value":3600},{"Length":61,"Height":59,"Demand":1,"DemandMax":null,"Value":3599},{"Length":58,"Height":62,"Demand":1,"DemandMax":null,"Value":3596},{"Length":63,"Height":57,"Demand":1,"DemandMax":null,"Value":3591},{"Length":69,"Height":52,"Demand":1,"DemandMax":null,"Value":3588},{"Length":64,"Height":56,"Demand":1,"DemandMax":null,"Value":3584},{"Length":65,"Height":55,"Demand":1,"DemandMax":null,"Value":3575},{"Length":70,"Height":51,"Demand":1,"DemandMax":null,"Value":3570},{"Length":54,"Height":66,"Demand":1,"DemandMax":null,"Value":3564},{"Length":67,"Height":53,"Demand":1,"DemandMax":null,"Value":3551},{"Length":50,"Height":71,"Demand":1,"DemandMax":null,"Value":3550},{"Length":59,"Height":60,"Demand":1,"DemandMax":null,"Value":3540},{"Length":61,"Height":58,"Demand":1,"DemandMax":null,"Value":3538},{"Length":62,"Height":57,"Demand":1,"DemandMax":null,"Value":3534},{"Length":49,"Height":72,"Demand":1,"DemandMax":null,"Value":3528},{"Length":63,"Height":56,"Demand":1,"DemandMax":null,"Value":3528},{"Length":75,"Height":47,"Demand":1,"DemandMax":null,"Value":3525},{"Length":51,"Height":69,"Demand":1,"DemandMax":null,"Value":3519},{"Length":65,"Height":54,"Demand":1,"DemandMax":null,"Value":3510},{"Length":73,"Height":48,"Demand":1,"DemandMax":null,"Value":3504},{"Length":50,"Height":70,"Demand":1,"DemandMax":null,"Value":3500},{"Length":60,"Height":58,"Demand":1,"DemandMax":null,"Value":3480},{"Length":71,"Height":49,"Demand":1,"DemandMax":null,"Value":3479},{"Length":74,"Height":47,"Demand":1,"DemandMax":null,"Value":3478},{"Length":61,"Height":57,"Demand":1,"DemandMax":null,"Value":3477},{"Length":51,"Height":68,"Demand":1,"DemandMax":null,"Value":3468},{"Length":63,"Height":55,"Demand":1,"DemandMax":null,"Value":3465},{"Length":48,"Height":72,"Demand":1,"DemandMax":null,"Value":3456},{"Length":64,"Height":54,"Demand":1,"DemandMax":null,"Value":3456},{"Length":53,"Height":65,"Demand":1,"DemandMax":null,"Value":3445},{"Length":73,"Height":47,"Demand":1,"DemandMax":null,"Value":3431},{"Length":49,"Height":70,"Demand":1,"DemandMax":null,"Value":3430},{"Length":58,"Height":59,"Demand":1,"DemandMax":null,"Value":3422},{"Length":67,"Height":51,"Demand":1,"DemandMax":null,"Value":3417},{"Length":61,"Height":56,"Demand":1,"DemandMax":null,"Value":3416},{"Length":55,"Height":62,"Demand":1,"DemandMax":null,"Value":3410},{"Length":48,"Height":71,"Demand":1,"DemandMax":null,"Value":3408},{"Length":46,"Height":74,"Demand":1,"DemandMax":null,"Value":3404},{"Length":63,"Height":54,"Demand":1,"DemandMax":null,"Value":3402},{"Length":68,"Height":50,"Demand":1,"DemandMax":null,"Value":3400},{"Length":49,"Height":69,"Demand":1,"DemandMax":null,"Value":3381},{"Length":65,"Height":52,"Demand":1,"DemandMax":null,"Value":3380},{"Length":75,"Height":45,"Demand":1,"DemandMax":null,"Value":3375},{"Length":66,"Height":51,"Demand":1,"DemandMax":null,"Value":3366},{"Length":58,"Height":58,"Demand":1,"DemandMax":null,"Value":3364},{"Length":48,"Height":70,"Demand":1,"DemandMax":null,"Value":3360},{"Length":60,"Height":56,"Demand":1,"DemandMax":null,"Value":3360},{"Length":55,"Height":61,"Demand":1,"DemandMax":null,"Value":3355},{"Length":67,"Height":50,"Demand":1,"DemandMax":null,"Value":3350},{"Length":54,"Height":62,"Demand":1,"DemandMax":null,"Value":3348},{"Length":63,"Height":53,"Demand":1,"DemandMax":null,"Value":3339},{"Length":71,"Height":47,"Demand":1,"DemandMax":null,"Value":3337},{"Length":68,"Height":49,"Demand":1,"DemandMax":null,"Value":3332},{"Length":45,"Height":74,"Demand":1,"DemandMax":null,"Value":3330},{"Length":51,"Height":65,"Demand":1,"DemandMax":null,"Value":3315},{"Length":46,"Height":72,"Demand":1,"DemandMax":null,"Value":3312},{"Length":48,"Height":69,"Demand":1,"DemandMax":null,"Value":3312},{"Length":57,"Height":58,"Demand":1,"DemandMax":null,"Value":3306},{"Length":59,"Height":56,"Demand":1,"DemandMax":null,"Value":3304},{"Length":55,"Height":60,"Demand":1,"DemandMax":null,"Value":3300},{"Length":44,"Height":75,"Demand":1,"DemandMax":null,"Value":3300},{"Length":47,"Height":70,"Demand":1,"DemandMax":null,"Value":3290},{"Length":62,"Height":53,"Demand":1,"DemandMax":null,"Value":3286},{"Length":67,"Height":49,"Demand":1,"DemandMax":null,"Value":3283},{"Length":52,"Height":63,"Demand":1,"DemandMax":null,"Value":3276},{"Length":46,"Height":71,"Demand":1,"DemandMax":null,"Value":3266},{"Length":48,"Height":68,"Demand":1,"DemandMax":null,"Value":3264},{"Length":74,"Height":44,"Demand":1,"DemandMax":null,"Value":3256},{"Length":50,"Height":65,"Demand":1,"DemandMax":null,"Value":3250},{"Length":57,"Height":57,"Demand":1,"DemandMax":null,"Value":3249},{"Length":56,"Height":58,"Demand":1,"DemandMax":null,"Value":3248},{"Length":59,"Height":55,"Demand":1,"DemandMax":null,"Value":3245},{"Length":47,"Height":69,"Demand":1,"DemandMax":null,"Value":3243},{"Length":54,"Height":60,"Demand":1,"DemandMax":null,"Value":3240},{"Length":45,"Height":72,"Demand":1,"DemandMax":null,"Value":3240},{"Length":66,"Height":49,"Demand":1,"DemandMax":null,"Value":3234},{"Length":53,"Height":61,"Demand":1,"DemandMax":null,"Value":3233},{"Length":62,"Height":52,"Demand":1,"DemandMax":null,"Value":3224},{"Length":46,"Height":70,"Demand":1,"DemandMax":null,"Value":3220},{"Length":48,"Height":67,"Demand":1,"DemandMax":null,"Value":3216},{"Length":44,"Height":73,"Demand":1,"DemandMax":null,"Value":3212},{"Length":50,"Height":64,"Demand":1,"DemandMax":null,"Value":3200},{"Length":47,"Height":68,"Demand":1,"DemandMax":null,"Value":3196},{"Length":58,"Height":55,"Demand":1,"DemandMax":null,"Value":3190},{"Length":59,"Height":54,"Demand":1,"DemandMax":null,"Value":3186},{"Length":74,"Height":43,"Demand":1,"DemandMax":null,"Value":3182},{"Length":69,"Height":46,"Demand":1,"DemandMax":null,"Value":3174},{"Length":52,"Height":61,"Demand":1,"DemandMax":null,"Value":3172},{"Length":66,"Height":48,"Demand":1,"DemandMax":null,"Value":3168},{"Length":72,"Height":44,"Demand":1,"DemandMax":null,"Value":3168},{"Length":51,"Height":62,"Demand":1,"DemandMax":null,"Value":3162},{"Length":42,"Height":75,"Demand":1,"DemandMax":null,"Value":3150},{"Length":50,"Height":63,"Demand":1,"DemandMax":null,"Value":3150},{"Length":47,"Height":67,"Demand":1,"DemandMax":null,"Value":3149},{"Length":43,"Height":73,"Demand":1,"DemandMax":null,"Value":3139},{"Length":64,"Height":49,"Demand":1,"DemandMax":null,"Value":3136},{"Length":56,"Height":56,"Demand":1,"DemandMax":null,"Value":3136},{"Length":46,"Height":68,"Demand":1,"DemandMax":null,"Value":3128},{"Length":59,"Height":53,"Demand":1,"DemandMax":null,"Value":3127},{"Length":44,"Height":71,"Demand":1,"DemandMax":null,"Value":3124},{"Length":52,"Height":60,"Demand":1,"DemandMax":null,"Value":3120},{"Length":61,"Height":51,"Demand":1,"DemandMax":null,"Value":3111},{"Length":74,"Height":42,"Demand":1,"DemandMax":null,"Value":3108},{"Length":47,"Height":66,"Demand":1,"DemandMax":null,"Value":3102},{"Length":50,"Height":62,"Demand":1,"DemandMax":null,"Value":3100},{"Length":72,"Height":43,"Demand":1,"DemandMax":null,"Value":3096},{"Length":46,"Height":67,"Demand":1,"DemandMax":null,"Value":3082},{"Length":55,"Height":56,"Demand":1,"DemandMax":null,"Value":3080},{"Length":57,"Height":54,"Demand":1,"DemandMax":null,"Value":3078},{"Length":53,"Height":58,"Demand":1,"DemandMax":null,"Value":3074},{"Length":52,"Height":59,"Demand":1,"DemandMax":null,"Value":3068},{"Length":42,"Height":73,"Demand":1,"DemandMax":null,"Value":3066},{"Length":60,"Height":51,"Demand":1,"DemandMax":null,"Value":3060},{"Length":47,"Height":65,"Demand":1,"DemandMax":null,"Value":3055},{"Length":43,"Height":71,"Demand":1,"DemandMax":null,"Value":3053},{"Length":50,"Height":61,"Demand":1,"DemandMax":null,"Value":3050},{"Length":62,"Height":49,"Demand":1,"DemandMax":null,"Value":3038},{"Length":46,"Height":66,"Demand":1,"DemandMax":null,"Value":3036},{"Length":44,"Height":69,"Demand":1,"DemandMax":null,"Value":3036},{"Length":41,"Height":74,"Demand":1,"DemandMax":null,"Value":3034},{"Length":42,"Height":72,"Demand":1,"DemandMax":null,"Value":3024},{"Length":58,"Height":52,"Demand":1,"DemandMax":null,"Value":3016},{"Length":45,"Height":67,"Demand":1,"DemandMax":null,"Value":3015},{"Length":59,"Height":51,"Demand":1,"DemandMax":null,"Value":3009},{"Length":64,"Height":47,"Demand":1,"DemandMax":null,"Value":3008},{"Length":50,"Height":60,"Demand":1,"DemandMax":null,"Value":3000},{"Length":40,"Height":75,"Demand":1,"DemandMax":null,"Value":3000},{"Length":73,"Height":41,"Demand":1,"DemandMax":null,"Value":2993},{"Length":68,"Height":44,"Demand":1,"DemandMax":null,"Value":2992},{"Length":65,"Height":46,"Demand":1,"DemandMax":null,"Value":2990},{"Length":61,"Height":49,"Demand":1,"DemandMax":null,"Value":2989},{"Length":71,"Height":42,"Demand":1,"DemandMax":null,"Value":2982},{"Length":48,"Height":62,"Demand":1,"DemandMax":null,"Value":2976},{"Length":45,"Height":66,"Demand":1,"DemandMax":null,"Value":2970},{"Length":55,"Height":54,"Demand":1,"DemandMax":null,"Value":2970},{"Length":56,"Height":53,"Demand":1,"DemandMax":null,"Value":2968},{"Length":57,"Height":52,"Demand":1,"DemandMax":null,"Value":2964},{"Length":63,"Height":47,"Demand":1,"DemandMax":null,"Value":2961},{"Length":41,"Height":72,"Demand":1,"DemandMax":null,"Value":2952},{"Length":59,"Height":50,"Demand":1,"DemandMax":null,"Value":2950},{"Length":44,"Height":67,"Demand":1,"DemandMax":null,"Value":2948},{"Length":46,"Height":64,"Demand":1,"DemandMax":null,"Value":2944},{"Length":61,"Height":48,"Demand":1,"DemandMax":null,"Value":2928},{"Length":39,"Height":75,"Demand":1,"DemandMax":null,"Value":2925},{"Length":43,"Height":68,"Demand":1,"DemandMax":null,"Value":2924},{"Length":47,"Height":62,"Demand":1,"DemandMax":null,"Value":2914},{"Length":52,"Height":56,"Demand":1,"DemandMax":null,"Value":2912},{"Length":41,"Height":71,"Demand":1,"DemandMax":null,"Value":2911},{"Length":57,"Height":51,"Demand":1,"DemandMax":null,"Value":2907},{"Length":66,"Height":44,"Demand":1,"DemandMax":null,"Value":2904},{"Length":50,"Height":58,"Demand":1,"DemandMax":null,"Value":2900},{"Length":42,"Height":69,"Demand":1,"DemandMax":null,"Value":2898},{"Length":46,"Height":63,"Demand":1,"DemandMax":null,"Value":2898},{"Length":49,"Height":59,"Demand":1,"DemandMax":null,"Value":2891},{"Length":39,"Height":74,"Demand":1,"DemandMax":null,"Value":2886},{"Length":67,"Height":43,"Demand":1,"DemandMax":null,"Value":2881},{"Length":72,"Height":40,"Demand":1,"DemandMax":null,"Value":2880},{"Length":48,"Height":60,"Demand":1,"DemandMax":null,"Value":2880},{"Length":41,"Height":70,"Demand":1,"DemandMax":null,"Value":2870},{"Length":47,"Height":61,"Demand":1,"DemandMax":null,"Value":2867},{"Length":52,"Height":55,"Demand":1,"DemandMax":null,"Value":2860},{"Length":51,"Height":56,"Demand":1,"DemandMax":null,"Value":2856},{"Length":57,"Height":50,"Demand":1,"DemandMax":null,"Value":2850},{"Length":38,"Height":75,"Demand":1,"DemandMax":null,"Value":2850},{"Length":39,"Height":73,"Demand":1,"DemandMax":null,"Value":2847},{"Length":43,"Height":66,"Demand":1,"DemandMax":null,"Value":2838},{"Length":59,"Height":48,"Demand":1,"DemandMax":null,"Value":2832},{"Length":41,"Height":69,"Demand":1,"DemandMax":null,"Value":2829},{"Length":47,"Height":60,"Demand":1,"DemandMax":null,"Value":2820},{"Length":44,"Height":64,"Demand":1,"DemandMax":null,"Value":2816},{"Length":38,"Height":74,"Demand":1,"DemandMax":null,"Value":2812},{"Length":54,"Height":52,"Demand":1,"DemandMax":null,"Value":2808},{"Length":39,"Height":72,"Demand":1,"DemandMax":null,"Value":2808},{"Length":61,"Height":46,"Demand":1,"DemandMax":null,"Value":2806},{"Length":51,"Height":55,"Demand":1,"DemandMax":null,"Value":2805},{"Length":56,"Height":50,"Demand":1,"DemandMax":null,"Value":2800},{"Length":70,"Height":40,"Demand":1,"DemandMax":null,"Value":2800},{"Length":65,"Height":43,"Demand":1,"DemandMax":null,"Value":2795},{"Length":49,"Height":57,"Demand":1,"DemandMax":null,"Value":2793},{"Length":45,"Height":62,"Demand":1,"DemandMax":null,"Value":2790},{"Length":68,"Height":41,"Demand":1,"DemandMax":null,"Value":2788},{"Length":48,"Height":58,"Demand":1,"DemandMax":null,"Value":2784},{"Length":59,"Height":47,"Demand":1,"DemandMax":null,"Value":2773},{"Length":44,"Height":63,"Demand":1,"DemandMax":null,"Value":2772},{"Length":66,"Height":42,"Demand":1,"DemandMax":null,"Value":2772},{"Length":71,"Height":39,"Demand":1,"DemandMax":null,"Value":2769},{"Length":53,"Height":52,"Demand":1,"DemandMax":null,"Value":2756},{"Length":54,"Height":51,"Demand":1,"DemandMax":null,"Value":2754},{"Length":64,"Height":43,"Demand":1,"DemandMax":null,"Value":2752},{"Length":55,"Height":50,"Demand":1,"DemandMax":null,"Value":2750},{"Length":49,"Height":56,"Demand":1,"DemandMax":null,"Value":2744},{"Length":72,"Height":38,"Demand":1,"DemandMax":null,"Value":2736},{"Length":48,"Height":57,"Demand":1,"DemandMax":null,"Value":2736},{"Length":65,"Height":42,"Demand":1,"DemandMax":null,"Value":2730},{"Length":70,"Height":39,"Demand":1,"DemandMax":null,"Value":2730},{"Length":44,"Height":62,"Demand":1,"DemandMax":null,"Value":2728},{"Length":47,"Height":58,"Demand":1,"DemandMax":null,"Value":2726},{"Length":63,"Height":43,"Demand":1,"DemandMax":null,"Value":2709},{"Length":41,"Height":66,"Demand":1,"DemandMax":null,"Value":2706},{"Length":52,"Height":52,"Demand":1,"DemandMax":null,"Value":2704},{"Length":54,"Height":50,"Demand":1,"DemandMax":null,"Value":2700},{"Length":45,"Height":60,"Demand":1,"DemandMax":null,"Value":2700},{"Length":71,"Height":38,"Demand":1,"DemandMax":null,"Value":2698},{"Length":49,"Height":55,"Demand":1,"DemandMax":null,"Value":2695},{"Length":69,"Height":39,"Demand":1,"DemandMax":null,"Value":2691},{"Length":56,"Height":48,"Demand":1,"DemandMax":null,"Value":2688},{"Length":42,"Height":64,"Demand":1,"DemandMax":null,"Value":2688},{"Length":44,"Height":61,"Demand":1,"DemandMax":null,"Value":2684},{"Length":40,"Height":67,"Demand":1,"DemandMax":null,"Value":2680},{"Length":46,"Height":58,"Demand":1,"DemandMax":null,"Value":2668},{"Length":62,"Height":43,"Demand":1,"DemandMax":null,"Value":2666},{"Length":41,"Height":65,"Demand":1,"DemandMax":null,"Value":2665},{"Length":72,"Height":37,"Demand":1,"DemandMax":null,"Value":2664},{"Length":38,"Height":70,"Demand":1,"DemandMax":null,"Value":2660},{"Length":45,"Height":59,"Demand":1,"DemandMax":null,"Value":2655},{"Length":68,"Height":39,"Demand":1,"DemandMax":null,"Value":2652},{"Length":52,"Height":51,"Demand":1,"DemandMax":null,"Value":2652},{"Length":53,"Height":50,"Demand":1,"DemandMax":null,"Value":2650},{"Length":63,"Height":42,"Demand":1,"DemandMax":null,"Value":2646},{"Length":44,"Height":60,"Demand":1,"DemandMax":null,"Value":2640},{"Length":48,"Height":55,"Demand":1,"DemandMax":null,"Value":2640},{"Length":47,"Height":56,"Demand":1,"DemandMax":null,"Value":2632},{"Length":73,"Height":36,"Demand":1,"DemandMax":null,"Value":2628},{"Length":37,"Height":71,"Demand":1,"DemandMax":null,"Value":2627},{"Length":75,"Height":35,"Demand":1,"DemandMax":null,"Value":2625},{"Length":41,"Height":64,"Demand":1,"DemandMax":null,"Value":2624},{"Length":38,"Height":69,"Demand":1,"DemandMax":null,"Value":2622},{"Length":39,"Height":67,"Demand":1,"DemandMax":null,"Value":2613},{"Length":45,"Height":58,"Demand":1,"DemandMax":null,"Value":2610},{"Length":62,"Height":42,"Demand":1,"DemandMax":null,"Value":2604},{"Length":51,"Height":51,"Demand":1,"DemandMax":null,"Value":2601},{"Length":40,"Height":65,"Demand":1,"DemandMax":null,"Value":2600},{"Length":49,"Height":53,"Demand":1,"DemandMax":null,"Value":2597},{"Length":59,"Height":44,"Demand":1,"DemandMax":null,"Value":2596},{"Length":72,"Height":36,"Demand":1,"DemandMax":null,"Value":2592},{"Length":54,"Height":48,"Demand":1,"DemandMax":null,"Value":2592},{"Length":35,"Height":74,"Demand":1,"DemandMax":null,"Value":2590},{"Length":55,"Height":47,"Demand":1,"DemandMax":null,"Value":2585},{"Length":68,"Height":38,"Demand":1,"DemandMax":null,"Value":2584},{"Length":60,"Height":43,"Demand":1,"DemandMax":null,"Value":2580},{"Length":56,"Height":46,"Demand":1,"DemandMax":null,"Value":2576},{"Length":66,"Height":39,"Demand":1,"DemandMax":null,"Value":2574},{"Length":45,"Height":57,"Demand":1,"DemandMax":null,"Value":2565},{"Length":61,"Height":42,"Demand":1,"DemandMax":null,"Value":2562},{"Length":71,"Height":36,"Demand":1,"DemandMax":null,"Value":2556},{"Length":73,"Height":35,"Demand":1,"DemandMax":null,"Value":2555},{"Length":37,"Height":69,"Demand":1,"DemandMax":null,"Value":2553},{"Length":44,"Height":58,"Demand":1,"DemandMax":null,"Value":2552},{"Length":51,"Height":50,"Demand":1,"DemandMax":null,"Value":2550},{"Length":34,"Height":75,"Demand":1,"DemandMax":null,"Value":2550},{"Length":49,"Height":52,"Demand":1,"DemandMax":null,"Value":2548},{"Length":38,"Height":67,"Demand":1,"DemandMax":null,"Value":2546},{"Length":48,"Height":53,"Demand":1,"DemandMax":null,"Value":2544},{"Length":62,"Height":41,"Demand":1,"DemandMax":null,"Value":2542},{"Length":59,"Height":43,"Demand":1,"DemandMax":null,"Value":2537},{"Length":65,"Height":39,"Demand":1,"DemandMax":null,"Value":2535},{"Length":63,"Height":40,"Demand":1,"DemandMax":null,"Value":2520},{"Length":42,"Height":60,"Demand":1,"DemandMax":null,"Value":2520},{"Length":34,"Height":74,"Demand":1,"DemandMax":null,"Value":2516},{"Length":37,"Height":68,"Demand":1,"DemandMax":null,"Value":2516},{"Length":38,"Height":66,"Demand":1,"DemandMax":null,"Value":2508},{"Length":57,"Height":44,"Demand":1,"DemandMax":null,"Value":2508},{"Length":41,"Height":61,"Demand":1,"DemandMax":null,"Value":2501},{"Length":50,"Height":50,"Demand":1,"DemandMax":null,"Value":2500},{"Length":49,"Height":51,"Demand":1,"DemandMax":null,"Value":2499},{"Length":39,"Height":64,"Demand":1,"DemandMax":null,"Value":2496},{"Length":48,"Height":52,"Demand":1,"DemandMax":null,"Value":2496},{"Length":43,"Height":58,"Demand":1,"DemandMax":null,"Value":2494},{"Length":53,"Height":47,"Demand":1,"DemandMax":null,"Value":2491},{"Length":71,"Height":35,"Demand":1,"DemandMax":null,"Value":2485},{"Length":36,"Height":69,"Demand":1,"DemandMax":null,"Value":2484},{"Length":54,"Height":46,"Demand":1,"DemandMax":null,"Value":2484},{"Length":40,"Height":62,"Demand":1,"DemandMax":null,"Value":2480},{"Length":37,"Height":67,"Demand":1,"DemandMax":null,"Value":2479},{"Length":42,"Height":59,"Demand":1,"DemandMax":null,"Value":2478},{"Length":33,"Height":75,"Demand":1,"DemandMax":null,"Value":2475},{"Length":55,"Height":45,"Demand":1,"DemandMax":null,"Value":2475},{"Length":65,"Height":38,"Demand":1,"DemandMax":null,"Value":2470},{"Length":44,"Height":56,"Demand":1,"DemandMax":null,"Value":2464},{"Length":41,"Height":60,"Demand":1,"DemandMax":null,"Value":2460},{"Length":63,"Height":39,"Demand":1,"DemandMax":null,"Value":2457},{"Length":43,"Height":57,"Demand":1,"DemandMax":null,"Value":2451},{"Length":70,"Height":35,"Demand":1,"DemandMax":null,"Value":2450},{"Length":72,"Height":34,"Demand":1,"DemandMax":null,"Value":2448},{"Length":36,"Height":68,"Demand":1,"DemandMax":null,"Value":2448},{"Length":37,"Height":66,"Demand":1,"DemandMax":null,"Value":2442},{"Length":61,"Height":40,"Demand":1,"DemandMax":null,"Value":2440},{"Length":53,"Height":46,"Demand":1,"DemandMax":null,"Value":2438},{"Length":38,"Height":64,"Demand":1,"DemandMax":null,"Value":2432},{"Length":45,"Height":54,"Demand":1,"DemandMax":null,"Value":2430},{"Length":39,"Height":62,"Demand":1,"DemandMax":null,"Value":2418},{"Length":69,"Height":35,"Demand":1,"DemandMax":null,"Value":2415},{"Length":34,"Height":71,"Demand":1,"DemandMax":null,"Value":2414},{"Length":67,"Height":36,"Demand":1,"DemandMax":null,"Value":2412},{"Length":56,"Height":43,"Demand":1,"DemandMax":null,"Value":2408},{"Length":65,"Height":37,"Demand":1,"DemandMax":null,"Value":2405},{"Length":60,"Height":40,"Demand":1,"DemandMax":null,"Value":2400},{"Length":48,"Height":50,"Demand":1,"DemandMax":null,"Value":2400},{"Length":51,"Height":47,"Demand":1,"DemandMax":null,"Value":2397},{"Length":38,"Height":63,"Demand":1,"DemandMax":null,"Value":2394},{"Length":46,"Height":52,"Demand":1,"DemandMax":null,"Value":2392},{"Length":34,"Height":70,"Demand":1,"DemandMax":null,"Value":2380},{"Length":68,"Height":35,"Demand":1,"DemandMax":null,"Value":2380},{"Length":61,"Height":39,"Demand":1,"DemandMax":null,"Value":2379},{"Length":58,"Height":41,"Demand":1,"DemandMax":null,"Value":2378},{"Length":66,"Height":36,"Demand":1,"DemandMax":null,"Value":2376},{"Length":44,"Height":54,"Demand":1,"DemandMax":null,"Value":2376},{"Length":74,"Height":32,"Demand":1,"DemandMax":null,"Value":2368},{"Length":55,"Height":43,"Demand":1,"DemandMax":null,"Value":2365},{"Length":38,"Height":62,"Demand":1,"DemandMax":null,"Value":2356},{"Length":49,"Height":48,"Demand":1,"DemandMax":null,"Value":2352},{"Length":47,"Height":50,"Demand":1,"DemandMax":null,"Value":2350},{"Length":46,"Height":51,"Demand":1,"DemandMax":null,"Value":2346},{"Length":71,"Height":33,"Demand":1,"DemandMax":null,"Value":2343},{"Length":45,"Height":52,"Demand":1,"DemandMax":null,"Value":2340},{"Length":39,"Height":60,"Demand":1,"DemandMax":null,"Value":2340},{"Length":36,"Height":65,"Demand":1,"DemandMax":null,"Value":2340},{"Length":41,"Height":57,"Demand":1,"DemandMax":null,"Value":2337},{"Length":32,"Height":73,"Demand":1,"DemandMax":null,"Value":2336},{"Length":53,"Height":44,"Demand":1,"DemandMax":null,"Value":2332},{"Length":63,"Height":37,"Demand":1,"DemandMax":null,"Value":2331},{"Length":43,"Height":54,"Demand":1,"DemandMax":null,"Value":2322},{"Length":40,"Height":58,"Demand":1,"DemandMax":null,"Value":2320},{"Length":38,"Height":61,"Demand":1,"DemandMax":null,"Value":2318},{"Length":34,"Height":68,"Demand":1,"DemandMax":null,"Value":2312},{"Length":55,"Height":42,"Demand":1,"DemandMax":null,"Value":2310},{"Length":33,"Height":70,"Demand":1,"DemandMax":null,"Value":2310},{"Length":36,"Height":64,"Demand":1,"DemandMax":null,"Value":2304},{"Length":47,"Height":49,"Demand":1,"DemandMax":null,"Value":2303},{"Length":59,"Height":39,"Demand":1,"DemandMax":null,"Value":2301},{"Length":50,"Height":46,"Demand":1,"DemandMax":null,"Value":2300},{"Length":41,"Height":56,"Demand":1,"DemandMax":null,"Value":2296},{"Length":62,"Height":37,"Demand":1,"DemandMax":null,"Value":2294},{"Length":31,"Height":74,"Demand":1,"DemandMax":null,"Value":2294},{"Length":52,"Height":44,"Demand":1,"DemandMax":null,"Value":2288},{"Length":57,"Height":40,"Demand":1,"DemandMax":null,"Value":2280},{"Length":60,"Height":38,"Demand":1,"DemandMax":null,"Value":2280},{"Length":43,"Height":53,"Demand":1,"DemandMax":null,"Value":2279},{"Length":34,"Height":67,"Demand":1,"DemandMax":null,"Value":2278},{"Length":69,"Height":33,"Demand":1,"DemandMax":null,"Value":2277},{"Length":36,"Height":63,"Demand":1,"DemandMax":null,"Value":2268},{"Length":42,"Height":54,"Demand":1,"DemandMax":null,"Value":2268},{"Length":73,"Height":31,"Demand":1,"DemandMax":null,"Value":2263},{"Length":39,"Height":58,"Demand":1,"DemandMax":null,"Value":2262},{"Length":37,"Height":61,"Demand":1,"DemandMax":null,"Value":2257},{"Length":41,"Height":55,"Demand":1,"DemandMax":null,"Value":2255},{"Length":46,"Height":49,"Demand":1,"DemandMax":null,"Value":2254},{"Length":30,"Height":75,"Demand":1,"DemandMax":null,"Value":2250},{"Length":45,"Height":50,"Demand":1,"DemandMax":null,"Value":2250},{"Length":66,"Height":34,"Demand":1,"DemandMax":null,"Value":2244},{"Length":68,"Height":33,"Demand":1,"DemandMax":null,"Value":2244},{"Length":51,"Height":44,"Demand":1,"DemandMax":null,"Value":2244},{"Length":32,"Height":70,"Demand":1,"DemandMax":null,"Value":2240},{"Length":40,"Height":56,"Demand":1,"DemandMax":null,"Value":2240},{"Length":64,"Height":35,"Demand":1,"DemandMax":null,"Value":2240},{"Length":52,"Height":43,"Demand":1,"DemandMax":null,"Value":2236},{"Length":31,"Height":72,"Demand":1,"DemandMax":null,"Value":2232},{"Length":62,"Height":36,"Demand":1,"DemandMax":null,"Value":2232},{"Length":42,"Height":53,"Demand":1,"DemandMax":null,"Value":2226},{"Length":57,"Height":39,"Demand":1,"DemandMax":null,"Value":2223},{"Length":60,"Height":37,"Demand":1,"DemandMax":null,"Value":2220},{"Length":54,"Height":41,"Demand":1,"DemandMax":null,"Value":2214},{"Length":33,"Height":67,"Demand":1,"DemandMax":null,"Value":2211},{"Length":34,"Height":65,"Demand":1,"DemandMax":null,"Value":2210},{"Length":47,"Height":47,"Demand":1,"DemandMax":null,"Value":2209},{"Length":48,"Height":46,"Demand":1,"DemandMax":null,"Value":2208},{"Length":32,"Height":69,"Demand":1,"DemandMax":null,"Value":2208},{"Length":45,"Height":49,"Demand":1,"DemandMax":null,"Value":2205},{"Length":38,"Height":58,"Demand":1,"DemandMax":null,"Value":2204},{"Length":71,"Height":31,"Demand":1,"DemandMax":null,"Value":2201},{"Length":55,"Height":40,"Demand":1,"DemandMax":null,"Value":2200},{"Length":36,"Height":61,"Demand":1,"DemandMax":null,"Value":2196},{"Length":30,"Height":73,"Demand":1,"DemandMax":null,"Value":2190},{"Length":39,"Height":56,"Demand":1,"DemandMax":null,"Value":2184},{"Length":52,"Height":42,"Demand":1,"DemandMax":null,"Value":2184},{"Length":37,"Height":59,"Demand":1,"DemandMax":null,"Value":2183},{"Length":33,"Height":66,"Demand":1,"DemandMax":null,"Value":2178},{"Length":68,"Height":32,"Demand":1,"DemandMax":null,"Value":2176},{"Length":53,"Height":41,"Demand":1,"DemandMax":null,"Value":2173},{"Length":35,"Height":62,"Demand":1,"DemandMax":null,"Value":2170},{"Length":38,"Height":57,"Demand":1,"DemandMax":null,"Value":2166},{"Length":47,"Height":46,"Demand":1,"DemandMax":null,"Value":2162},{"Length":48,"Height":45,"Demand":1,"DemandMax":null,"Value":2160},{"Length":36,"Height":60,"Demand":1,"DemandMax":null,"Value":2160},{"Length":30,"Height":72,"Demand":1,"DemandMax":null,"Value":2160},{"Length":40,"Height":54,"Demand":1,"DemandMax":null,"Value":2160},{"Length":44,"Height":49,"Demand":1,"DemandMax":null,"Value":2156},{"Length":50,"Height":43,"Demand":1,"DemandMax":null,"Value":2150},{"Length":58,"Height":37,"Demand":1,"DemandMax":null,"Value":2146},{"Length":33,"Height":65,"Demand":1,"DemandMax":null,"Value":2145},{"Length":32,"Height":67,"Demand":1,"DemandMax":null,"Value":2144},{"Length":34,"Height":63,"Demand":1,"DemandMax":null,"Value":2142},{"Length":51,"Height":42,"Demand":1,"DemandMax":null,"Value":2142},{"Length":41,"Height":52,"Demand":1,"DemandMax":null,"Value":2132},{"Length":30,"Height":71,"Demand":1,"DemandMax":null,"Value":2130},{"Length":56,"Height":38,"Demand":1,"DemandMax":null,"Value":2128},{"Length":59,"Height":36,"Demand":1,"DemandMax":null,"Value":2124},{"Length":40,"Height":53,"Demand":1,"DemandMax":null,"Value":2120},{"Length":73,"Height":29,"Demand":1,"DemandMax":null,"Value":2117},{"Length":45,"Height":47,"Demand":1,"DemandMax":null,"Value":2115},{"Length":32,"Height":66,"Demand":1,"DemandMax":null,"Value":2112},{"Length":33,"Height":64,"Demand":1,"DemandMax":null,"Value":2112},{"Length":62,"Height":34,"Demand":1,"DemandMax":null,"Value":2108},{"Length":54,"Height":39,"Demand":1,"DemandMax":null,"Value":2106},{"Length":28,"Height":75,"Demand":1,"DemandMax":null,"Value":2100},{"Length":60,"Height":35,"Demand":1,"DemandMax":null,"Value":2100},{"Length":70,"Height":30,"Demand":1,"DemandMax":null,"Value":2100},{"Length":51,"Height":41,"Demand":1,"DemandMax":null,"Value":2091},{"Length":38,"Height":55,"Demand":1,"DemandMax":null,"Value":2090},{"Length":29,"Height":72,"Demand":1,"DemandMax":null,"Value":2088},{"Length":65,"Height":32,"Demand":1,"DemandMax":null,"Value":2080},{"Length":63,"Height":33,"Demand":1,"DemandMax":null,"Value":2079},{"Length":74,"Height":28,"Demand":1,"DemandMax":null,"Value":2072},{"Length":56,"Height":37,"Demand":1,"DemandMax":null,"Value":2072},{"Length":45,"Height":46,"Demand":1,"DemandMax":null,"Value":2070},{"Length":69,"Height":30,"Demand":1,"DemandMax":null,"Value":2070},{"Length":39,"Height":53,"Demand":1,"DemandMax":null,"Value":2067},{"Length":35,"Height":59,"Demand":1,"DemandMax":null,"Value":2065},{"Length":48,"Height":43,"Demand":1,"DemandMax":null,"Value":2064},{"Length":42,"Height":49,"Demand":1,"DemandMax":null,"Value":2058},{"Length":54,"Height":38,"Demand":1,"DemandMax":null,"Value":2052},{"Length":57,"Height":36,"Demand":1,"DemandMax":null,"Value":2052},{"Length":50,"Height":41,"Demand":1,"DemandMax":null,"Value":2050},{"Length":32,"Height":64,"Demand":1,"DemandMax":null,"Value":2048},{"Length":31,"Height":66,"Demand":1,"DemandMax":null,"Value":2046},{"Length":62,"Height":33,"Demand":1,"DemandMax":null,"Value":2046},{"Length":28,"Height":73,"Demand":1,"DemandMax":null,"Value":2044},{"Length":60,"Height":34,"Demand":1,"DemandMax":null,"Value":2040},{"Length":40,"Height":51,"Demand":1,"DemandMax":null,"Value":2040},{"Length":68,"Height":30,"Demand":1,"DemandMax":null,"Value":2040},{"Length":55,"Height":37,"Demand":1,"DemandMax":null,"Value":2035},{"Length":35,"Height":58,"Demand":1,"DemandMax":null,"Value":2030},{"Length":52,"Height":39,"Demand":1,"DemandMax":null,"Value":2028},{"Length":27,"Height":75,"Demand":1,"DemandMax":null,"Value":2025},{"Length":45,"Height":45,"Demand":1,"DemandMax":null,"Value":2025},{"Length":46,"Height":44,"Demand":1,"DemandMax":null,"Value":2024},{"Length":47,"Height":43,"Demand":1,"DemandMax":null,"Value":2021},{"Length":28,"Height":72,"Demand":1,"DemandMax":null,"Value":2016},{"Length":48,"Height":42,"Demand":1,"DemandMax":null,"Value":2016},{"Length":32,"Height":63,"Demand":1,"DemandMax":null,"Value":2016},{"Length":36,"Height":56,"Demand":1,"DemandMax":null,"Value":2016},{"Length":38,"Height":53,"Demand":1,"DemandMax":null,"Value":2014},{"Length":67,"Height":30,"Demand":1,"DemandMax":null,"Value":2010},{"Length":49,"Height":41,"Demand":1,"DemandMax":null,"Value":2009},{"Length":59,"Height":34,"Demand":1,"DemandMax":null,"Value":2006},{"Length":69,"Height":29,"Demand":1,"DemandMax":null,"Value":2001},{"Length":50,"Height":40,"Demand":1,"DemandMax":null,"Value":2000},{"Length":54,"Height":37,"Demand":1,"DemandMax":null,"Value":1998},{"Length":27,"Height":74,"Demand":1,"DemandMax":null,"Value":1998},{"Length":57,"Height":35,"Demand":1,"DemandMax":null,"Value":1995},{"Length":51,"Height":39,"Demand":1,"DemandMax":null,"Value":1989},{"Length":71,"Height":28,"Demand":1,"DemandMax":null,"Value":1988},{"Length":32,"Height":62,"Demand":1,"DemandMax":null,"Value":1984},{"Length":33,"Height":60,"Demand":1,"DemandMax":null,"Value":1980},{"Length":44,"Height":45,"Demand":1,"DemandMax":null,"Value":1980},{"Length":36,"Height":55,"Demand":1,"DemandMax":null,"Value":1980},{"Length":30,"Height":66,"Demand":1,"DemandMax":null,"Value":1980},{"Length":43,"Height":46,"Demand":1,"DemandMax":null,"Value":1978},{"Length":42,"Height":47,"Demand":1,"DemandMax":null,"Value":1974},{"Length":68,"Height":29,"Demand":1,"DemandMax":null,"Value":1972},{"Length":58,"Height":34,"Demand":1,"DemandMax":null,"Value":1972},{"Length":37,"Height":53,"Demand":1,"DemandMax":null,"Value":1961},{"Length":70,"Height":28,"Demand":1,"DemandMax":null,"Value":1960},{"Length":49,"Height":40,"Demand":1,"DemandMax":null,"Value":1960},{"Length":61,"Height":32,"Demand":1,"DemandMax":null,"Value":1952},{"Length":39,"Height":50,"Demand":1,"DemandMax":null,"Value":1950},{"Length":59,"Height":33,"Demand":1,"DemandMax":null,"Value":1947},{"Length":27,"Height":72,"Demand":1,"DemandMax":null,"Value":1944},{"Length":51,"Height":38,"Demand":1,"DemandMax":null,"Value":1938},{"Length":57,"Height":34,"Demand":1,"DemandMax":null,"Value":1938},{"Length":44,"Height":44,"Demand":1,"DemandMax":null,"Value":1936},{"Length":45,"Height":43,"Demand":1,"DemandMax":null,"Value":1935},{"Length":42,"Height":46,"Demand":1,"DemandMax":null,"Value":1932},{"Length":28,"Height":69,"Demand":1,"DemandMax":null,"Value":1932},{"Length":41,"Height":47,"Demand":1,"DemandMax":null,"Value":1927},{"Length":35,"Height":55,"Demand":1,"DemandMax":null,"Value":1925},{"Length":74,"Height":26,"Demand":1,"DemandMax":null,"Value":1924},{"Length":37,"Height":52,"Demand":1,"DemandMax":null,"Value":1924},{"Length":62,"Height":31,"Demand":1,"DemandMax":null,"Value":1922},{"Length":40,"Height":48,"Demand":1,"DemandMax":null,"Value":1920},{"Length":32,"Height":60,"Demand":1,"DemandMax":null,"Value":1920},{"Length":27,"Height":71,"Demand":1,"DemandMax":null,"Value":1917},{"Length":33,"Height":58,"Demand":1,"DemandMax":null,"Value":1914},{"Length":66,"Height":29,"Demand":1,"DemandMax":null,"Value":1914},{"Length":39,"Height":49,"Demand":1,"DemandMax":null,"Value":1911},{"Length":53,"Height":36,"Demand":1,"DemandMax":null,"Value":1908},{"Length":28,"Height":68,"Demand":1,"DemandMax":null,"Value":1904},{"Length":56,"Height":34,"Demand":1,"DemandMax":null,"Value":1904},{"Length":50,"Height":38,"Demand":1,"DemandMax":null,"Value":1900},{"Length":73,"Height":26,"Demand":1,"DemandMax":null,"Value":1898},{"Length":44,"Height":43,"Demand":1,"DemandMax":null,"Value":1892},{"Length":31,"Height":61,"Demand":1,"DemandMax":null,"Value":1891},{"Length":63,"Height":30,"Demand":1,"DemandMax":null,"Value":1890},{"Length":27,"Height":70,"Demand":1,"DemandMax":null,"Value":1890},{"Length":35,"Height":54,"Demand":1,"DemandMax":null,"Value":1890},{"Length":59,"Height":32,"Demand":1,"DemandMax":null,"Value":1888},{"Length":37,"Height":51,"Demand":1,"DemandMax":null,"Value":1887},{"Length":46,"Height":41,"Demand":1,"DemandMax":null,"Value":1886},{"Length":33,"Height":57,"Demand":1,"DemandMax":null,"Value":1881},{"Length":47,"Height":40,"Demand":1,"DemandMax":null,"Value":1880},{"Length":25,"Height":75,"Demand":1,"DemandMax":null,"Value":1875},{"Length":26,"Height":72,"Demand":1,"DemandMax":null,"Value":1872},{"Length":52,"Height":36,"Demand":1,"DemandMax":null,"Value":1872},{"Length":48,"Height":39,"Demand":1,"DemandMax":null,"Value":1872},{"Length":34,"Height":55,"Demand":1,"DemandMax":null,"Value":1870},{"Length":27,"Height":69,"Demand":1,"DemandMax":null,"Value":1863},{"Length":38,"Height":49,"Demand":1,"DemandMax":null,"Value":1862},{"Length":60,"Height":31,"Demand":1,"DemandMax":null,"Value":1860},{"Length":58,"Height":32,"Demand":1,"DemandMax":null,"Value":1856},{"Length":25,"Height":74,"Demand":1,"DemandMax":null,"Value":1850},{"Length":50,"Height":37,"Demand":1,"DemandMax":null,"Value":1850},{"Length":43,"Height":43,"Demand":1,"DemandMax":null,"Value":1849},{"Length":44,"Height":42,"Demand":1,"DemandMax":null,"Value":1848},{"Length":56,"Height":33,"Demand":1,"DemandMax":null,"Value":1848},{"Length":71,"Height":26,"Demand":1,"DemandMax":null,"Value":1846},{"Length":34,"Height":54,"Demand":1,"DemandMax":null,"Value":1836},{"Length":68,"Height":27,"Demand":1,"DemandMax":null,"Value":1836},{"Length":39,"Height":47,"Demand":1,"DemandMax":null,"Value":1833},{"Length":61,"Height":30,"Demand":1,"DemandMax":null,"Value":1830},{"Length":63,"Height":29,"Demand":1,"DemandMax":null,"Value":1827},{"Length":38,"Height":48,"Demand":1,"DemandMax":null,"Value":1824},{"Length":57,"Height":32,"Demand":1,"DemandMax":null,"Value":1824},{"Length":65,"Height":28,"Demand":1,"DemandMax":null,"Value":1820},{"Length":52,"Height":35,"Demand":1,"DemandMax":null,"Value":1820},{"Length":33,"Height":55,"Demand":1,"DemandMax":null,"Value":1815},{"Length":43,"Height":42,"Demand":1,"DemandMax":null,"Value":1806},{"Length":44,"Height":41,"Demand":1,"DemandMax":null,"Value":1804},{"Length":53,"Height":34,"Demand":1,"DemandMax":null,"Value":1802},{"Length":30,"Height":60,"Demand":1,"DemandMax":null,"Value":1800},{"Length":62,"Height":29,"Demand":1,"DemandMax":null,"Value":1798},{"Length":58,"Height":31,"Demand":1,"DemandMax":null,"Value":1798},{"Length":69,"Height":26,"Demand":1,"DemandMax":null,"Value":1794},{"Length":56,"Height":32,"Demand":1,"DemandMax":null,"Value":1792},{"Length":28,"Height":64,"Demand":1,"DemandMax":null,"Value":1792},{"Length":38,"Height":47,"Demand":1,"DemandMax":null,"Value":1786},{"Length":35,"Height":51,"Demand":1,"DemandMax":null,"Value":1785},{"Length":54,"Height":33,"Demand":1,"DemandMax":null,"Value":1782},{"Length":37,"Height":48,"Demand":1,"DemandMax":null,"Value":1776},{"Length":71,"Height":25,"Demand":1,"DemandMax":null,"Value":1775},{"Length":59,"Height":30,"Demand":1,"DemandMax":null,"Value":1770},{"Length":29,"Height":61,"Demand":1,"DemandMax":null,"Value":1769},{"Length":52,"Height":34,"Demand":1,"DemandMax":null,"Value":1768},{"Length":68,"Height":26,"Demand":1,"DemandMax":null,"Value":1768},{"Length":31,"Height":57,"Demand":1,"DemandMax":null,"Value":1767},{"Length":28,"Height":63,"Demand":1,"DemandMax":null,"Value":1764},{"Length":36,"Height":49,"Demand":1,"DemandMax":null,"Value":1764},{"Length":41,"Height":43,"Demand":1,"DemandMax":null,"Value":1763},{"Length":44,"Height":40,"Demand":1,"DemandMax":null,"Value":1760},{"Length":32,"Height":55,"Demand":1,"DemandMax":null,"Value":1760},{"Length":39,"Height":45,"Demand":1,"DemandMax":null,"Value":1755},{"Length":25,"Height":70,"Demand":1,"DemandMax":null,"Value":1750},{"Length":50,"Height":35,"Demand":1,"DemandMax":null,"Value":1750},{"Length":53,"Height":33,"Demand":1,"DemandMax":null,"Value":1749},{"Length":46,"Height":38,"Demand":1,"DemandMax":null,"Value":1748},{"Length":30,"Height":58,"Demand":1,"DemandMax":null,"Value":1740},{"Length":31,"Height":56,"Demand":1,"DemandMax":null,"Value":1736},{"Length":28,"Height":62,"Demand":1,"DemandMax":null,"Value":1736},{"Length":54,"Height":32,"Demand":1,"DemandMax":null,"Value":1728},{"Length":36,"Height":48,"Demand":1,"DemandMax":null,"Value":1728},{"Length":64,"Height":27,"Demand":1,"DemandMax":null,"Value":1728},{"Length":25,"Height":69,"Demand":1,"DemandMax":null,"Value":1725},{"Length":43,"Height":40,"Demand":1,"DemandMax":null,"Value":1720},{"Length":39,"Height":44,"Demand":1,"DemandMax":null,"Value":1716},{"Length":33,"Height":52,"Demand":1,"DemandMax":null,"Value":1716},{"Length":66,"Height":26,"Demand":1,"DemandMax":null,"Value":1716},{"Length":49,"Height":35,"Demand":1,"DemandMax":null,"Value":1715},{"Length":59,"Height":29,"Demand":1,"DemandMax":null,"Value":1711},{"Length":45,"Height":38,"Demand":1,"DemandMax":null,"Value":1710},{"Length":57,"Height":30,"Demand":1,"DemandMax":null,"Value":1710},{"Length":61,"Height":28,"Demand":1,"DemandMax":null,"Value":1708},{"Length":31,"Height":55,"Demand":1,"DemandMax":null,"Value":1705},{"Length":34,"Height":50,"Demand":1,"DemandMax":null,"Value":1700},{"Length":32,"Height":53,"Demand":1,"DemandMax":null,"Value":1696},{"Length":36,"Height":47,"Demand":1,"DemandMax":null,"Value":1692},{"Length":51,"Height":33,"Demand":1,"DemandMax":null,"Value":1683},{"Length":58,"Height":29,"Demand":1,"DemandMax":null,"Value":1682},{"Length":41,"Height":41,"Demand":1,"DemandMax":null,"Value":1681},{"Length":30,"Height":56,"Demand":1,"DemandMax":null,"Value":1680},{"Length":28,"Height":60,"Demand":1,"DemandMax":null,"Value":1680},{"Length":42,"Height":40,"Demand":1,"DemandMax":null,"Value":1680},{"Length":25,"Height":67,"Demand":1,"DemandMax":null,"Value":1675},{"Length":27,"Height":62,"Demand":1,"DemandMax":null,"Value":1674},{"Length":38,"Height":44,"Demand":1,"DemandMax":null,"Value":1672},{"Length":34,"Height":49,"Demand":1,"DemandMax":null,"Value":1666},{"Length":45,"Height":37,"Demand":1,"DemandMax":null,"Value":1665},{"Length":52,"Height":32,"Demand":1,"DemandMax":null,"Value":1664},{"Length":36,"Height":46,"Demand":1,"DemandMax":null,"Value":1656},{"Length":57,"Height":29,"Demand":1,"DemandMax":null,"Value":1653},{"Length":59,"Height":28,"Demand":1,"DemandMax":null,"Value":1652},{"Length":55,"Height":30,"Demand":1,"DemandMax":null,"Value":1650},{"Length":33,"Height":50,"Demand":1,"DemandMax":null,"Value":1650},{"Length":25,"Height":66,"Demand":1,"DemandMax":null,"Value":1650},{"Length":27,"Height":61,"Demand":1,"DemandMax":null,"Value":1647},{"Length":47,"Height":35,"Demand":1,"DemandMax":null,"Value":1645},{"Length":26,"Height":63,"Demand":1,"DemandMax":null,"Value":1638},{"Length":42,"Height":39,"Demand":1,"DemandMax":null,"Value":1638},{"Length":38,"Height":43,"Demand":1,"DemandMax":null,"Value":1634},{"Length":51,"Height":32,"Demand":1,"DemandMax":null,"Value":1632},{"Length":48,"Height":34,"Demand":1,"DemandMax":null,"Value":1632},{"Length":44,"Height":37,"Demand":1,"DemandMax":null,"Value":1628},{"Length":65,"Height":25,"Demand":1,"DemandMax":null,"Value":1625},{"Length":56,"Height":29,"Demand":1,"DemandMax":null,"Value":1624},{"Length":58,"Height":28,"Demand":1,"DemandMax":null,"Value":1624},{"Length":45,"Height":36,"Demand":1,"DemandMax":null,"Value":1620},{"Length":54,"Height":30,"Demand":1,"DemandMax":null,"Value":1620},{"Length":60,"Height":27,"Demand":1,"DemandMax":null,"Value":1620},{"Length":52,"Height":31,"Demand":1,"DemandMax":null,"Value":1612},{"Length":26,"Height":62,"Demand":1,"DemandMax":null,"Value":1612},{"Length":46,"Height":35,"Demand":1,"DemandMax":null,"Value":1610},{"Length":64,"Height":25,"Demand":1,"DemandMax":null,"Value":1600},{"Length":32,"Height":50,"Demand":1,"DemandMax":null,"Value":1600},{"Length":39,"Height":41,"Demand":1,"DemandMax":null,"Value":1599},{"Length":47,"Height":34,"Demand":1,"DemandMax":null,"Value":1598},{"Length":38,"Height":42,"Demand":1,"DemandMax":null,"Value":1596},{"Length":29,"Height":55,"Demand":1,"DemandMax":null,"Value":1595},{"Length":27,"Height":59,"Demand":1,"DemandMax":null,"Value":1593},{"Length":33,"Height":48,"Demand":1,"DemandMax":null,"Value":1584},{"Length":51,"Height":31,"Demand":1,"DemandMax":null,"Value":1581},{"Length":45,"Height":35,"Demand":1,"DemandMax":null,"Value":1575},{"Length":28,"Height":56,"Demand":1,"DemandMax":null,"Value":1568},{"Length":54,"Height":29,"Demand":1,"DemandMax":null,"Value":1566},{"Length":46,"Height":34,"Demand":1,"DemandMax":null,"Value":1564},{"Length":40,"Height":39,"Demand":1,"DemandMax":null,"Value":1560},{"Length":52,"Height":30,"Demand":1,"DemandMax":null,"Value":1560},{"Length":60,"Height":26,"Demand":1,"DemandMax":null,"Value":1560},{"Length":41,"Height":38,"Demand":1,"DemandMax":null,"Value":1558},{"Length":42,"Height":37,"Demand":1,"DemandMax":null,"Value":1554},{"Length":47,"Height":33,"Demand":1,"DemandMax":null,"Value":1551},{"Length":62,"Height":25,"Demand":1,"DemandMax":null,"Value":1550},{"Length":50,"Height":31,"Demand":1,"DemandMax":null,"Value":1550},{"Length":43,"Height":36,"Demand":1,"DemandMax":null,"Value":1548},{"Length":35,"Height":44,"Demand":1,"DemandMax":null,"Value":1540},{"Length":55,"Height":28,"Demand":1,"DemandMax":null,"Value":1540},{"Length":29,"Height":53,"Demand":1,"DemandMax":null,"Value":1537},{"Length":48,"Height":32,"Demand":1,"DemandMax":null,"Value":1536},{"Length":59,"Height":26,"Demand":1,"DemandMax":null,"Value":1534},{"Length":51,"Height":30,"Demand":1,"DemandMax":null,"Value":1530},{"Length":34,"Height":45,"Demand":1,"DemandMax":null,"Value":1530},{"Length":61,"Height":25,"Demand":1,"DemandMax":null,"Value":1525},{"Length":39,"Height":39,"Demand":1,"DemandMax":null,"Value":1521},{"Length":38,"Height":40,"Demand":1,"DemandMax":null,"Value":1520},{"Length":49,"Height":31,"Demand":1,"DemandMax":null,"Value":1519},{"Length":56,"Height":27,"Demand":1,"DemandMax":null,"Value":1512},{"Length":28,"Height":54,"Demand":1,"DemandMax":null,"Value":1512},{"Length":29,"Height":52,"Demand":1,"DemandMax":null,"Value":1508},{"Length":26,"Height":58,"Demand":1,"DemandMax":null,"Value":1508},{"Length":47,"Height":32,"Demand":1,"DemandMax":null,"Value":1504},{"Length":25,"Height":60,"Demand":1,"DemandMax":null,"Value":1500},{"Length":50,"Height":30,"Demand":1,"DemandMax":null,"Value":1500},{"Length":34,"Height":44,"Demand":1,"DemandMax":null,"Value":1496},{"Length":33,"Height":45,"Demand":1,"DemandMax":null,"Value":1485},{"Length":55,"Height":27,"Demand":1,"DemandMax":null,"Value":1485},{"Length":28,"Height":53,"Demand":1,"DemandMax":null,"Value":1484},{"Length":26,"Height":57,"Demand":1,"DemandMax":null,"Value":1482},{"Length":39,"Height":38,"Demand":1,"DemandMax":null,"Value":1482},{"Length":37,"Height":40,"Demand":1,"DemandMax":null,"Value":1480},{"Length":29,"Height":51,"Demand":1,"DemandMax":null,"Value":1479},{"Length":25,"Height":59,"Demand":1,"DemandMax":null,"Value":1475},{"Length":32,"Height":46,"Demand":1,"DemandMax":null,"Value":1472},{"Length":35,"Height":42,"Demand":1,"DemandMax":null,"Value":1470},{"Length":30,"Height":49,"Demand":1,"DemandMax":null,"Value":1470},{"Length":43,"Height":34,"Demand":1,"DemandMax":null,"Value":1462},{"Length":54,"Height":27,"Demand":1,"DemandMax":null,"Value":1458},{"Length":47,"Height":31,"Demand":1,"DemandMax":null,"Value":1457},{"Length":28,"Height":52,"Demand":1,"DemandMax":null,"Value":1456},{"Length":26,"Height":56,"Demand":1,"DemandMax":null,"Value":1456},{"Length":44,"Height":33,"Demand":1,"DemandMax":null,"Value":1452},{"Length":25,"Height":58,"Demand":1,"DemandMax":null,"Value":1450},{"Length":37,"Height":39,"Demand":1,"DemandMax":null,"Value":1443},{"Length":36,"Height":40,"Demand":1,"DemandMax":null,"Value":1440},{"Length":30,"Height":48,"Demand":1,"DemandMax":null,"Value":1440},{"Length":32,"Height":45,"Demand":1,"DemandMax":null,"Value":1440},{"Length":35,"Height":41,"Demand":1,"DemandMax":null,"Value":1435},{"Length":53,"Height":27,"Demand":1,"DemandMax":null,"Value":1431},{"Length":26,"Height":55,"Demand":1,"DemandMax":null,"Value":1430},{"Length":34,"Height":42,"Demand":1,"DemandMax":null,"Value":1428},{"Length":46,"Height":31,"Demand":1,"DemandMax":null,"Value":1426},{"Length":25,"Height":57,"Demand":1,"DemandMax":null,"Value":1425},{"Length":29,"Height":49,"Demand":1,"DemandMax":null,"Value":1421},{"Length":33,"Height":43,"Demand":1,"DemandMax":null,"Value":1419},{"Length":30,"Height":47,"Demand":1,"DemandMax":null,"Value":1410},{"Length":32,"Height":44,"Demand":1,"DemandMax":null,"Value":1408},{"Length":27,"Height":52,"Demand":1,"DemandMax":null,"Value":1404},{"Length":36,"Height":39,"Demand":1,"DemandMax":null,"Value":1404},{"Length":26,"Height":54,"Demand":1,"DemandMax":null,"Value":1404},{"Length":25,"Height":56,"Demand":1,"DemandMax":null,"Value":1400},{"Length":45,"Height":31,"Demand":1,"DemandMax":null,"Value":1395},{"Length":34,"Height":41,"Demand":1,"DemandMax":null,"Value":1394},{"Length":48,"Height":29,"Demand":1,"DemandMax":null,"Value":1392},{"Length":33,"Height":42,"Demand":1,"DemandMax":null,"Value":1386},{"Length":53,"Height":26,"Demand":1,"DemandMax":null,"Value":1378},{"Length":27,"Height":51,"Demand":1,"DemandMax":null,"Value":1377},{"Length":43,"Height":32,"Demand":1,"DemandMax":null,"Value":1376},{"Length":25,"Height":55,"Demand":1,"DemandMax":null,"Value":1375},{"Length":28,"Height":49,"Demand":1,"DemandMax":null,"Value":1372},{"Length":38,"Height":36,"Demand":1,"DemandMax":null,"Value":1368},{"Length":31,"Height":44,"Demand":1,"DemandMax":null,"Value":1364},{"Length":29,"Height":47,"Demand":1,"DemandMax":null,"Value":1363},{"Length":34,"Height":40,"Demand":1,"DemandMax":null,"Value":1360},{"Length":41,"Height":33,"Demand":1,"DemandMax":null,"Value":1353},{"Length":50,"Height":27,"Demand":1,"DemandMax":null,"Value":1350},{"Length":30,"Height":45,"Demand":1,"DemandMax":null,"Value":1350},{"Length":32,"Height":42,"Demand":1,"DemandMax":null,"Value":1344},{"Length":28,"Height":48,"Demand":1,"DemandMax":null,"Value":1344},{"Length":46,"Height":29,"Demand":1,"DemandMax":null,"Value":1334},{"Length":43,"Height":31,"Demand":1,"DemandMax":null,"Value":1333},{"Length":35,"Height":38,"Demand":1,"DemandMax":null,"Value":1330},{"Length":51,"Height":26,"Demand":1,"DemandMax":null,"Value":1326},{"Length":25,"Height":53,"Demand":1,"DemandMax":null,"Value":1325},{"Length":33,"Height":40,"Demand":1,"DemandMax":null,"Value":1320},{"Length":30,"Height":44,"Demand":1,"DemandMax":null,"Value":1320},{"Length":47,"Height":28,"Demand":1,"DemandMax":null,"Value":1316},{"Length":45,"Height":29,"Demand":1,"DemandMax":null,"Value":1305},{"Length":42,"Height":31,"Demand":1,"DemandMax":null,"Value":1302},{"Length":50,"Height":26,"Demand":1,"DemandMax":null,"Value":1300},{"Length":25,"Height":52,"Demand":1,"DemandMax":null,"Value":1300},{"Length":34,"Height":38,"Demand":1,"DemandMax":null,"Value":1292},{"Length":43,"Height":30,"Demand":1,"DemandMax":null,"Value":1290},{"Length":28,"Height":46,"Demand":1,"DemandMax":null,"Value":1288},{"Length":33,"Height":39,"Demand":1,"DemandMax":null,"Value":1287},{"Length":29,"Height":44,"Demand":1,"DemandMax":null,"Value":1276},{"Length":49,"Height":26,"Demand":1,"DemandMax":null,"Value":1274},{"Length":41,"Height":31,"Demand":1,"DemandMax":null,"Value":1271},{"Length":27,"Height":47,"Demand":1,"DemandMax":null,"Value":1269},{"Length":30,"Height":42,"Demand":1,"DemandMax":null,"Value":1260},{"Length":35,"Height":36,"Demand":1,"DemandMax":null,"Value":1260},{"Length":28,"Height":45,"Demand":1,"DemandMax":null,"Value":1260},{"Length":37,"Height":34,"Demand":1,"DemandMax":null,"Value":1258},{"Length":38,"Height":33,"Demand":1,"DemandMax":null,"Value":1254},{"Length":50,"Height":25,"Demand":1,"DemandMax":null,"Value":1250},{"Length":39,"Height":32,"Demand":1,"DemandMax":null,"Value":1248},{"Length":43,"Height":29,"Demand":1,"DemandMax":null,"Value":1247},{"Length":27,"Height":46,"Demand":1,"DemandMax":null,"Value":1242},{"Length":31,"Height":40,"Demand":1,"DemandMax":null,"Value":1240},{"Length":28,"Height":44,"Demand":1,"DemandMax":null,"Value":1232},{"Length":30,"Height":41,"Demand":1,"DemandMax":null,"Value":1230},{"Length":49,"Height":25,"Demand":1,"DemandMax":null,"Value":1225},{"Length":36,"Height":34,"Demand":1,"DemandMax":null,"Value":1224},{"Length":29,"Height":42,"Demand":1,"DemandMax":null,"Value":1218},{"Length":32,"Height":38,"Demand":1,"DemandMax":null,"Value":1216},{"Length":45,"Height":27,"Demand":1,"DemandMax":null,"Value":1215},{"Length":39,"Height":31,"Demand":1,"DemandMax":null,"Value":1209},{"Length":40,"Height":30,"Demand":1,"DemandMax":null,"Value":1200},{"Length":25,"Height":48,"Demand":1,"DemandMax":null,"Value":1200},{"Length":46,"Height":26,"Demand":1,"DemandMax":null,"Value":1196},{"Length":41,"Height":29,"Demand":1,"DemandMax":null,"Value":1189},{"Length":27,"Height":44,"Demand":1,"DemandMax":null,"Value":1188},{"Length":33,"Height":36,"Demand":1,"DemandMax":null,"Value":1188},{"Length":32,"Height":37,"Demand":1,"DemandMax":null,"Value":1184},{"Length":31,"Height":38,"Demand":1,"DemandMax":null,"Value":1178},{"Length":28,"Height":42,"Demand":1,"DemandMax":null,"Value":1176},{"Length":26,"Height":45,"Demand":1,"DemandMax":null,"Value":1170},{"Length":30,"Height":39,"Demand":1,"DemandMax":null,"Value":1170},{"Length":40,"Height":29,"Demand":1,"DemandMax":null,"Value":1160},{"Length":35,"Height":33,"Demand":1,"DemandMax":null,"Value":1155},{"Length":37,"Height":31,"Demand":1,"DemandMax":null,"Value":1147},{"Length":44,"Height":26,"Demand":1,"DemandMax":null,"Value":1144},{"Length":42,"Height":27,"Demand":1,"DemandMax":null,"Value":1134},{"Length":34,"Height":33,"Demand":1,"DemandMax":null,"Value":1122},{"Length":35,"Height":32,"Demand":1,"DemandMax":null,"Value":1120},{"Length":28,"Height":40,"Demand":1,"DemandMax":null,"Value":1120},{"Length":43,"Height":26,"Demand":1,"DemandMax":null,"Value":1118},{"Length":36,"Height":31,"Demand":1,"DemandMax":null,"Value":1116},{"Length":27,"Height":41,"Demand":1,"DemandMax":null,"Value":1107},{"Length":28,"Height":39,"Demand":1,"DemandMax":null,"Value":1092},{"Length":26,"Height":42,"Demand":1,"DemandMax":null,"Value":1092},{"Length":33,"Height":33,"Demand":1,"DemandMax":null,"Value":1089},{"Length":35,"Height":31,"Demand":1,"DemandMax":null,"Value":1085},{"Length":30,"Height":36,"Demand":1,"DemandMax":null,"Value":1080},{"Length":25,"Height":43,"Demand":1,"DemandMax":null,"Value":1075},{"Length":26,"Height":41,"Demand":1,"DemandMax":null,"Value":1066},{"Length":32,"Height":33,"Demand":1,"DemandMax":null,"Value":1056},{"Length":31,"Height":34,"Demand":1,"DemandMax":null,"Value":1054},{"Length":27,"Height":39,"Demand":1,"DemandMax":null,"Value":1053},{"Length":30,"Height":35,"Demand":1,"DemandMax":null,"Value":1050},{"Length":42,"Height":25,"Demand":1,"DemandMax":null,"Value":1050},{"Length":36,"Height":29,"Demand":1,"DemandMax":null,"Value":1044},{"Length":40,"Height":26,"Demand":1,"DemandMax":null,"Value":1040},{"Length":38,"Height":27,"Demand":1,"DemandMax":null,"Value":1026},{"Length":33,"Height":31,"Demand":1,"DemandMax":null,"Value":1023},{"Length":34,"Height":30,"Demand":1,"DemandMax":null,"Value":1020},{"Length":39,"Height":26,"Demand":1,"DemandMax":null,"Value":1014},{"Length":36,"Height":28,"Demand":1,"DemandMax":null,"Value":1008},{"Length":40,"Height":25,"Demand":1,"DemandMax":null,"Value":1000},{"Length":27,"Height":37,"Demand":1,"DemandMax":null,"Value":999},{"Length":32,"Height":31,"Demand":1,"DemandMax":null,"Value":992},{"Length":30,"Height":33,"Demand":1,"DemandMax":null,"Value":990},{"Length":26,"Height":38,"Demand":1,"DemandMax":null,"Value":988},{"Length":28,"Height":35,"Demand":1,"DemandMax":null,"Value":980},{"Length":25,"Height":39,"Demand":1,"DemandMax":null,"Value":975},{"Length":36,"Height":27,"Demand":1,"DemandMax":null,"Value":972},{"Length":32,"Height":30,"Demand":1,"DemandMax":null,"Value":960},{"Length":33,"Height":29,"Demand":1,"DemandMax":null,"Value":957},{"Length":28,"Height":34,"Demand":1,"DemandMax":null,"Value":952},{"Length":38,"Height":25,"Demand":1,"DemandMax":null,"Value":950},{"Length":27,"Height":35,"Demand":1,"DemandMax":null,"Value":945},{"Length":36,"Height":26,"Demand":1,"DemandMax":null,"Value":936},{"Length":29,"Height":32,"Demand":1,"DemandMax":null,"Value":928},{"Length":28,"Height":33,"Demand":1,"DemandMax":null,"Value":924},{"Length":27,"Height":34,"Demand":1,"DemandMax":null,"Value":918},{"Length":35,"Height":26,"Demand":1,"DemandMax":null,"Value":910},{"Length":25,"Height":36,"Demand":1,"DemandMax":null,"Value":900},{"Length":31,"Height":29,"Demand":1,"DemandMax":null,"Value":899},{"Length":32,"Height":28,"Demand":1,"DemandMax":null,"Value":896},{"Length":33,"Height":27,"Demand":1,"DemandMax":null,"Value":891},{"Length":35,"Height":25,"Demand":1,"DemandMax":null,"Value":875},{"Length":30,"Height":29,"Demand":1,"DemandMax":null,"Value":870},{"Length":28,"Height":31,"Demand":1,"DemandMax":null,"Value":868},{"Length":32,"Height":27,"Demand":1,"DemandMax":null,"Value":864},{"Length":33,"Height":26,"Demand":1,"DemandMax":null,"Value":858},{"Length":25,"Height":34,"Demand":1,"DemandMax":null,"Value":850},{"Length":29,"Height":29,"Demand":1,"DemandMax":null,"Value":841},{"Length":30,"Height":28,"Demand":1,"DemandMax":null,"Value":840},{"Length":31,"Height":27,"Demand":1,"DemandMax":null,"Value":837},{"Length":26,"Height":32,"Demand":1,"DemandMax":null,"Value":832},{"Length":25,"Height":33,"Demand":1,"DemandMax":null,"Value":825},{"Length":28,"Height":29,"Demand":1,"DemandMax":null,"Value":812},{"Length":27,"Height":30,"Demand":1,"DemandMax":null,"Value":810},{"Length":31,"Height":25,"Demand":1,"DemandMax":null,"Value":775},{"Length":27,"Height":28,"Demand":1,"DemandMax":null,"Value":756},{"Length":29,"Height":26,"Demand":1,"DemandMax":null,"Value":754},{"Length":28,"Height":26,"Demand":1,"DemandMax":null,"Value":728},{"Length":27,"Height":26,"Demand":1,"DemandMax":null,"Value":702},{"Length":25,"Height":28,"Demand":1,"DemandMax":null,"Value":700},{"Length":26,"Height":26,"Demand":1,"DemandMax":null,"Value":676},{"Length":25,"Height":27,"Demand":1,"DemandMax":null,"Value":675},{"Length":25,"Height":25,"Demand":1,"DemandMax":null,"Value":625}]}