{"Name":"AH218","Objects":[{"Length":1000,"Height":2154,"Stock":null,"Cost":2154000}],"Items":[{"Length":88,"Height":89,"Demand":10,"DemandMax":null,"Value":7832},{"Length":78,"Height":89,"Demand":10,"DemandMax":null,"Value":6942},{"Length":79,"Height":77,"Demand":10,"DemandMax":null,"Value":6083},{"Length":77,"Height":75,"Demand":10,"DemandMax":null,"Value":5775},{"Length":66,"Height":86,"Demand":10,"DemandMax":null,"Value":5676},{"Length":72,"Height":76,"Demand":10,"DemandMax":null,"Value":5472},{"Length":90,"Height":60,"Demand":10,"DemandMax":null,"Value":5400},{"Length":89,"Height":59,"Demand":10,"DemandMax":null,"Value":5251},{"Length":81,"Height":60,"Demand":10,"DemandMax":null,"Value":4860},{"Length":82,"Height":56,"Demand":10,"DemandMax":null,"Value":4592},{"Length":63,"Height":70,"Demand":10,"DemandMax":null,"Value":4410},{"Length":84,"Height":52,"Demand":10,"DemandMax":null,"Value":4368},{"Length":74,"Height":57,"Demand":10,"DemandMax":null,"Value":4218},{"Length":58,"Height":68,"Demand":10,"DemandMax":null,"Value":3944},{"Length":70,"Height":56,"Demand":10,"DemandMax":null,"Value":3920},{"Length":63,"Height":61,"Demand":10,"DemandMax":null,"Value":3843},{"Length":63,"Height":60,"Demand":10,"DemandMax":null,"Value":3780},{"Length":56,"Height":67,"Demand":10,"DemandMax":null,"Value":3752},{"Length":74,"Height":48,"Demand":10,"DemandMax":null,"Value":3552},{"Length":39,"Height":90,"Demand":10,"DemandMax":null,"Value":3510},{"Length":39,"Height":88,"Demand":10,"DemandMax":null,"Value":3432},{"Length":66,"Height":51,"Demand":10,"DemandMax":null,"Value":3366},{"Length":61,"Height":55,"Demand":10,"DemandMax":null,"Value":3355},{"Length":50,"Height":63,"Demand":10,"DemandMax":null,"Value":3150},{"Length":52,"Height":59,"Demand":10,"DemandMax":null,"Value":3068},{"Length":73,"Height":42,"Demand":10,"DemandMax":null,"Value":3066},{"Length":40,"Height":76,"Demand":10,"DemandMax":null,"Value":3040},{"Length":38,"Height":78,"Demand":10,"DemandMax":null,"Value":2964},{"Length":58,"Height":51,"Demand":10,"DemandMax":null,"Value":2958},{"Length":50,"Height":57,"Demand":10,"DemandMax":null,"Value":2850},{"Length":35,"Height":81,"Demand":10,"DemandMax":null,"Value":2835},{"Length":38,"Height":73,"Demand":10,"DemandMax":null,"Value":2774},{"Length":32,"Height":85,"Demand":10,"DemandMax":null,"Value":2720},{"Length":43,"Height":61,"Demand":10,"DemandMax":null,"Value":2623},{"Length":49,"Height":53,"Demand":10,"DemandMax":null,"Value":2597},{"Length":63,"Height":39,"Demand":10,"DemandMax":null,"Value":2457},{"Length":76,"Height":32,"Demand":10,"DemandMax":null,"Value":2432},{"Length":70,"Height":33,"Demand":10,"DemandMax":null,"Value":2310},{"Length":54,"Height":42,"Demand":10,"DemandMax":null,"Value":2268},{"Length":35,"Height":63,"Demand":10,"DemandMax":null,"Value":2205},{"Length":61,"Height":36,"Demand":10,"DemandMax":null,"Value":2196},{"Length":56,"Height":39,"Demand":10,"DemandMax":null,"Value":2184},{"Length":38,"Height":57,"Demand":10,"DemandMax":null,"Value":2166},{"Length":68,"Height":31,"Demand":10,"DemandMax":null,"Value":2108},{"Length":26,"Height":79,"Demand":10,"DemandMax":null,"Value":2054},{"Length":50,"Height":41,"Demand":10,"DemandMax":null,"Value":2050},{"Length":60,"Height":34,"Demand":10,"DemandMax":null,"Value":2040},{"Length":30,"Height":68,"Demand":10,"DemandMax":null,"Value":2040},{"Length":25,"Height":78,"Demand":10,"DemandMax":null,"Value":1950},{"Length":23,"Height":84,"Demand":10,"DemandMax":null,"Value":1932},{"Length":28,"Height":69,"Demand":10,"DemandMax":null,"Value":1932},{"Length":28,"Height":65,"Demand":10,"DemandMax":null,"Value":1820},{"Length":56,"Height":32,"Demand":10,"DemandMax":null,"Value":1792},{"Length":47,"Height":34,"Demand":10,"DemandMax":null,"Value":1598},{"Length":27,"Height":58,"Demand":10,"DemandMax":null,"Value":1566},{"Length":18,"Height":81,"Demand":10,"DemandMax":null,"Value":1458},{"Length":61,"Height":23,"Demand":10,"DemandMax":null,"Value":1403},{"Length":44,"Height":31,"Demand":10,"DemandMax":null,"Value":1364},{"Length":19,"Height":71,"Demand":10,"DemandMax":null,"Value":1349},{"Length":40,"Height":33,"Demand":10,"DemandMax":null,"Value":1320},{"Length":74,"Height":17,"Demand":10,"DemandMax":null,"Value":1258},{"Length":17,"Height":69,"Demand":10,"DemandMax":null,"Value":1173},{"Length":16,"Height":72,"Demand":10,"DemandMax":null,"Value":1152},{"Length":51,"Height":22,"Demand":10,"DemandMax":null,"Value":1122},{"Length":55,"Height":19,"Demand":10,"DemandMax":null,"Value":1045},{"Length":45,"Height":23,"Demand":10,"DemandMax":null,"Value":1035},{"Length":40,"Height":25,"Demand":10,"DemandMax":null,"Value":1000},{"Length":58,"Height":17,"Demand":10,"DemandMax":null,"Value":986},{"Length":12,"Height":79,"Demand":10,"DemandMax":null,"Value":948},{"Length":14,"Height":64,"Demand":10,"DemandMax":null,"Value":896},{"Length":26,"Height":34,"Demand":10,"DemandMax":null,"Value":884},{"Length":20,"Height":43,"Demand":10,"DemandMax":null,"Value":860},{"Length":62,"Height":13,"Demand":10,"DemandMax":null,"Value":806},{"Length":19,"Height":41,"Demand":10,"DemandMax":null,"Value":779},{"Length":67,"Height":11,"Demand":10,"DemandMax":null,"Value":737},{"Length":9,"Height":78,"Demand":10,"DemandMax":null,"Value":702},{"Length":49,"Height":14,"Demand":10,"DemandMax":null,"Value":686},{"Length":34,"Height":20,"Demand":10,"DemandMax":null,"Value":680},{"Length":49,"Height":13,"Demand":10,"DemandMax":null,"Value":637},{"Length":41,"Height":15,"Demand":10,"DemandMax":null,"Value":615},{"Length":58,"Height":10,"Demand":10,"DemandMax":null,"Value":580},{"Length":10,"Height":55,"Demand":10,"DemandMax":null,"Value":550},{"Length":60,"Height":9,"Demand":10,"DemandMax":null,"Value":540},{"Length":36,"Height":15,"Demand":10,"DemandMax":null,"Value":540},{"Length":13,"Height":39,"Demand":10,"DemandMax":null,"Value":507},{"Length":12,"Height":39,"Demand":10,"DemandMax":null,"Value":468},{"Length":35,"Height":13,"Demand":10,"DemandMax":null,"Value":455},{"Length":9,"Height":50,"Demand":10,"DemandMax":null,"Value":450},{"Length":64,"Height":7,"Demand":10,"DemandMax":null,"Value":448},{"Length":19,"Height":23,"Demand":10,"DemandMax":null,"Value":437},{"Length":16,"Height":26,"Demand":10,"DemandMax":null,"Value":416},{"Length":24,"Height":16,"Demand":10,"DemandMax":null,"Value":384},{"Length":49,"Height":7,"Demand":10,"DemandMax":null,"Value":343},{"Length":57,"Height":6,"Demand":10,"DemandMax":null,"Value":342},{"Length":12,"Height":27,"Demand":10,"DemandMax":null,"Value":324},{"Length":24,"Height":9,"Demand":10,"DemandMax":null,"Value":216},{"Length":22,"Height":6,"Demand":10,"DemandMax":null,"Value":132},{"Length":11,"Height":9,"Demand":10,"DemandMax":null,"Value":99},{"Length":6,"Height":11,"Demand":10,"DemandMax":null,"Value":66},{"Length":6,"Height":10,"Demand":10,"DemandMax":null,"Value":60}]}