{"Name":"AH76","Objects":[{"Length":1000,"Height":3045,"Stock":null,"Cost":3045000}],"Items":[{"Length":68,"Height":73,"Demand":100,"DemandMax":null,"Value":4964},{"Length":59,"Height":68,"Demand":100,"DemandMax":null,"Value":4012},{"Length":69,"Height":57,"Demand":100,"DemandMax":null,"Value":3933},{"Length":56,"Height":70,"Demand":100,"DemandMax":null,"Value":3920},{"Length":56,"Height":68,"Demand":100,"DemandMax":null,"Value":3808},{"Length":46,"Height":59,"Demand":100,"DemandMax":null,"Value":2714},{"Length":68,"Height":34,"Demand":100,"DemandMax":null,"Value":2312},{"Length":32,"Height":65,"Demand":100,"DemandMax":null,"Value":2080},{"Length":53,"Height":27,"Demand":100,"DemandMax":null,"Value":1431},{"Length":41,"Height":31,"Demand":100,"DemandMax":null,"Value":1271}]}