{"Name":"AH48","Objects":[{"Length":1000,"Height":21670,"Stock":null,"Cost":21670000}],"Items":[{"Length":220,"Height":207,"Demand":100,"DemandMax":null,"Value":45540},{"Length":230,"Height":192,"Demand":100,"DemandMax":null,"Value":44160},{"Length":174,"Height":187,"Demand":100,"DemandMax":null,"Value":32538},{"Length":102,"Height":256,"Demand":100,"DemandMax":null,"Value":26112},{"Length":88,"Height":293,"Demand":100,"DemandMax":null,"Value":25784},{"Length":54,"Height":308,"Demand":100,"DemandMax":null,"Value":16632},{"Length":362,"Height":29,"Demand":100,"DemandMax":null,"Value":10498},{"Length":91,"Height":99,"Demand":100,"DemandMax":null,"Value":9009},{"Length":25,"Height":164,"Demand":100,"DemandMax":null,"Value":4100},{"Length":58,"Height":40,"Demand":100,"DemandMax":null,"Value":2320}]}