{"Name":"AH197","Objects":[{"Length":1000,"Height":2355,"Stock":null,"Cost":2355000}],"Items":[{"Length":74,"Height":73,"Demand":10,"DemandMax":null,"Value":5402},{"Length":70,"Height":62,"Demand":10,"DemandMax":null,"Value":4340},{"Length":64,"Height":67,"Demand":10,"DemandMax":null,"Value":4288},{"Length":73,"Height":58,"Demand":10,"DemandMax":null,"Value":4234},{"Length":64,"Height":66,"Demand":10,"DemandMax":null,"Value":4224},{"Length":74,"Height":57,"Demand":10,"DemandMax":null,"Value":4218},{"Length":57,"Height":71,"Demand":10,"DemandMax":null,"Value":4047},{"Length":63,"Height":64,"Demand":10,"DemandMax":null,"Value":4032},{"Length":69,"Height":58,"Demand":10,"DemandMax":null,"Value":4002},{"Length":63,"Height":62,"Demand":10,"DemandMax":null,"Value":3906},{"Length":57,"Height":68,"Demand":10,"DemandMax":null,"Value":3876},{"Length":61,"Height":62,"Demand":10,"DemandMax":null,"Value":3782},{"Length":71,"Height":50,"Demand":10,"DemandMax":null,"Value":3550},{"Length":62,"Height":57,"Demand":10,"DemandMax":null,"Value":3534},{"Length":73,"Height":48,"Demand":10,"DemandMax":null,"Value":3504},{"Length":67,"Height":52,"Demand":10,"DemandMax":null,"Value":3484},{"Length":59,"Height":59,"Demand":10,"DemandMax":null,"Value":3481},{"Length":49,"Height":70,"Demand":10,"DemandMax":null,"Value":3430},{"Length":55,"Height":62,"Demand":10,"DemandMax":null,"Value":3410},{"Length":44,"Height":75,"Demand":10,"DemandMax":null,"Value":3300},{"Length":45,"Height":69,"Demand":10,"DemandMax":null,"Value":3105},{"Length":50,"Height":60,"Demand":10,"DemandMax":null,"Value":3000},{"Length":53,"Height":56,"Demand":10,"DemandMax":null,"Value":2968},{"Length":53,"Height":55,"Demand":10,"DemandMax":null,"Value":2915},{"Length":62,"Height":47,"Demand":10,"DemandMax":null,"Value":2914},{"Length":74,"Height":39,"Demand":10,"DemandMax":null,"Value":2886},{"Length":54,"Height":53,"Demand":10,"DemandMax":null,"Value":2862},{"Length":50,"Height":57,"Demand":10,"DemandMax":null,"Value":2850},{"Length":54,"Height":52,"Demand":10,"DemandMax":null,"Value":2808},{"Length":41,"Height":68,"Demand":10,"DemandMax":null,"Value":2788},{"Length":44,"Height":63,"Demand":10,"DemandMax":null,"Value":2772},{"Length":42,"Height":66,"Demand":10,"DemandMax":null,"Value":2772},{"Length":46,"Height":59,"Demand":10,"DemandMax":null,"Value":2714},{"Length":37,"Height":73,"Demand":10,"DemandMax":null,"Value":2701},{"Length":36,"Height":75,"Demand":10,"DemandMax":null,"Value":2700},{"Length":48,"Height":56,"Demand":10,"DemandMax":null,"Value":2688},{"Length":36,"Height":72,"Demand":10,"DemandMax":null,"Value":2592},{"Length":68,"Height":38,"Demand":10,"DemandMax":null,"Value":2584},{"Length":43,"Height":60,"Demand":10,"DemandMax":null,"Value":2580},{"Length":35,"Height":73,"Demand":10,"DemandMax":null,"Value":2555},{"Length":72,"Height":35,"Demand":10,"DemandMax":null,"Value":2520},{"Length":60,"Height":41,"Demand":10,"DemandMax":null,"Value":2460},{"Length":38,"Height":64,"Demand":10,"DemandMax":null,"Value":2432},{"Length":54,"Height":45,"Demand":10,"DemandMax":null,"Value":2430},{"Length":38,"Height":63,"Demand":10,"DemandMax":null,"Value":2394},{"Length":42,"Height":55,"Demand":10,"DemandMax":null,"Value":2310},{"Length":69,"Height":33,"Demand":10,"DemandMax":null,"Value":2277},{"Length":54,"Height":42,"Demand":10,"DemandMax":null,"Value":2268},{"Length":44,"Height":51,"Demand":10,"DemandMax":null,"Value":2244},{"Length":59,"Height":38,"Demand":10,"DemandMax":null,"Value":2242},{"Length":64,"Height":35,"Demand":10,"DemandMax":null,"Value":2240},{"Length":31,"Height":72,"Demand":10,"DemandMax":null,"Value":2232},{"Length":56,"Height":39,"Demand":10,"DemandMax":null,"Value":2184},{"Length":62,"Height":35,"Demand":10,"DemandMax":null,"Value":2170},{"Length":57,"Height":38,"Demand":10,"DemandMax":null,"Value":2166},{"Length":48,"Height":45,"Demand":10,"DemandMax":null,"Value":2160},{"Length":67,"Height":32,"Demand":10,"DemandMax":null,"Value":2144},{"Length":31,"Height":66,"Demand":10,"DemandMax":null,"Value":2046},{"Length":41,"Height":49,"Demand":10,"DemandMax":null,"Value":2009},{"Length":49,"Height":40,"Demand":10,"DemandMax":null,"Value":1960},{"Length":41,"Height":47,"Demand":10,"DemandMax":null,"Value":1927},{"Length":34,"Height":56,"Demand":10,"DemandMax":null,"Value":1904},{"Length":63,"Height":30,"Demand":10,"DemandMax":null,"Value":1890},{"Length":25,"Height":74,"Demand":10,"DemandMax":null,"Value":1850},{"Length":36,"Height":51,"Demand":10,"DemandMax":null,"Value":1836},{"Length":39,"Height":47,"Demand":10,"DemandMax":null,"Value":1833},{"Length":64,"Height":28,"Demand":10,"DemandMax":null,"Value":1792},{"Length":27,"Height":65,"Demand":10,"DemandMax":null,"Value":1755},{"Length":30,"Height":58,"Demand":10,"DemandMax":null,"Value":1740},{"Length":68,"Height":25,"Demand":10,"DemandMax":null,"Value":1700},{"Length":53,"Height":32,"Demand":10,"DemandMax":null,"Value":1696},{"Length":40,"Height":42,"Demand":10,"DemandMax":null,"Value":1680},{"Length":38,"Height":44,"Demand":10,"DemandMax":null,"Value":1672},{"Length":41,"Height":40,"Demand":10,"DemandMax":null,"Value":1640},{"Length":26,"Height":60,"Demand":10,"DemandMax":null,"Value":1560},{"Length":28,"Height":55,"Demand":10,"DemandMax":null,"Value":1540},{"Length":27,"Height":55,"Demand":10,"DemandMax":null,"Value":1485},{"Length":29,"Height":51,"Demand":10,"DemandMax":null,"Value":1479},{"Length":28,"Height":52,"Demand":10,"DemandMax":null,"Value":1456},{"Length":45,"Height":32,"Demand":10,"DemandMax":null,"Value":1440},{"Length":55,"Height":26,"Demand":10,"DemandMax":null,"Value":1430},{"Length":42,"Height":34,"Demand":10,"DemandMax":null,"Value":1428},{"Length":49,"Height":29,"Demand":10,"DemandMax":null,"Value":1421},{"Length":49,"Height":28,"Demand":10,"DemandMax":null,"Value":1372},{"Length":39,"Height":34,"Demand":10,"DemandMax":null,"Value":1326},{"Length":42,"Height":30,"Demand":10,"DemandMax":null,"Value":1260},{"Length":35,"Height":36,"Demand":10,"DemandMax":null,"Value":1260},{"Length":32,"Height":39,"Demand":10,"DemandMax":null,"Value":1248},{"Length":43,"Height":29,"Demand":10,"DemandMax":null,"Value":1247},{"Length":40,"Height":29,"Demand":10,"DemandMax":null,"Value":1160},{"Length":34,"Height":33,"Demand":10,"DemandMax":null,"Value":1122},{"Length":37,"Height":30,"Demand":10,"DemandMax":null,"Value":1110},{"Length":29,"Height":38,"Demand":10,"DemandMax":null,"Value":1102},{"Length":27,"Height":39,"Demand":10,"DemandMax":null,"Value":1053},{"Length":25,"Height":41,"Demand":10,"DemandMax":null,"Value":1025},{"Length":30,"Height":33,"Demand":10,"DemandMax":null,"Value":990},{"Length":32,"Height":30,"Demand":10,"DemandMax":null,"Value":960},{"Length":32,"Height":27,"Demand":10,"DemandMax":null,"Value":864},{"Length":29,"Height":28,"Demand":10,"DemandMax":null,"Value":812},{"Length":26,"Height":27,"Demand":10,"DemandMax":null,"Value":702}]}