{"Name":"AH139","Objects":[{"Length":1000,"Height":38922,"Stock":null,"Cost":38922000}],"Items":[{"Length":290,"Height":296,"Demand":10,"DemandMax":null,"Value":85840},{"Length":282,"Height":295,"Demand":10,"DemandMax":null,"Value":83190},{"Length":254,"Height":286,"Demand":10,"DemandMax":null,"Value":72644},{"Length":296,"Height":241,"Demand":10,"DemandMax":null,"Value":71336},{"Length":271,"Height":252,"Demand":10,"DemandMax":null,"Value":68292},{"Length":235,"Height":283,"Demand":10,"DemandMax":null,"Value":66505},{"Length":219,"Height":298,"Demand":10,"DemandMax":null,"Value":65262},{"Length":227,"Height":277,"Demand":10,"DemandMax":null,"Value":62879},{"Length":280,"Height":224,"Demand":10,"DemandMax":null,"Value":62720},{"Length":280,"Height":212,"Demand":10,"DemandMax":null,"Value":59360},{"Length":233,"Height":251,"Demand":10,"DemandMax":null,"Value":58483},{"Length":256,"Height":226,"Demand":10,"DemandMax":null,"Value":57856},{"Length":222,"Height":260,"Demand":10,"DemandMax":null,"Value":57720},{"Length":222,"Height":256,"Demand":10,"DemandMax":null,"Value":56832},{"Length":189,"Height":296,"Demand":10,"DemandMax":null,"Value":55944},{"Length":259,"Height":215,"Demand":10,"DemandMax":null,"Value":55685},{"Length":212,"Height":261,"Demand":10,"DemandMax":null,"Value":55332},{"Length":279,"Height":193,"Demand":10,"DemandMax":null,"Value":53847},{"Length":277,"Height":193,"Demand":10,"DemandMax":null,"Value":53461},{"Length":235,"Height":227,"Demand":10,"DemandMax":null,"Value":53345},{"Length":279,"Height":191,"Demand":10,"DemandMax":null,"Value":53289},{"Length":258,"Height":204,"Demand":10,"DemandMax":null,"Value":52632},{"Length":218,"Height":238,"Demand":10,"DemandMax":null,"Value":51884},{"Length":278,"Height":182,"Demand":10,"DemandMax":null,"Value":50596},{"Length":274,"Height":182,"Demand":10,"DemandMax":null,"Value":49868},{"Length":223,"Height":222,"Demand":10,"DemandMax":null,"Value":49506},{"Length":258,"Height":185,"Demand":10,"DemandMax":null,"Value":47730},{"Length":170,"Height":279,"Demand":10,"DemandMax":null,"Value":47430},{"Length":300,"Height":158,"Demand":10,"DemandMax":null,"Value":47400},{"Length":201,"Height":235,"Demand":10,"DemandMax":null,"Value":47235},{"Length":256,"Height":184,"Demand":10,"DemandMax":null,"Value":47104},{"Length":249,"Height":189,"Demand":10,"DemandMax":null,"Value":47061},{"Length":174,"Height":270,"Demand":10,"DemandMax":null,"Value":46980},{"Length":196,"Height":239,"Demand":10,"DemandMax":null,"Value":46844},{"Length":164,"Height":278,"Demand":10,"DemandMax":null,"Value":45592},{"Length":254,"Height":179,"Demand":10,"DemandMax":null,"Value":45466},{"Length":168,"Height":266,"Demand":10,"DemandMax":null,"Value":44688},{"Length":231,"Height":189,"Demand":10,"DemandMax":null,"Value":43659},{"Length":257,"Height":165,"Demand":10,"DemandMax":null,"Value":42405},{"Length":290,"Height":146,"Demand":10,"DemandMax":null,"Value":42340},{"Length":174,"Height":238,"Demand":10,"DemandMax":null,"Value":41412},{"Length":274,"Height":151,"Demand":10,"DemandMax":null,"Value":41374},{"Length":232,"Height":178,"Demand":10,"DemandMax":null,"Value":41296},{"Length":272,"Height":149,"Demand":10,"DemandMax":null,"Value":40528},{"Length":273,"Height":148,"Demand":10,"DemandMax":null,"Value":40404},{"Length":195,"Height":206,"Demand":10,"DemandMax":null,"Value":40170},{"Length":177,"Height":221,"Demand":10,"DemandMax":null,"Value":39117},{"Length":243,"Height":160,"Demand":10,"DemandMax":null,"Value":38880},{"Length":153,"Height":248,"Demand":10,"DemandMax":null,"Value":37944},{"Length":229,"Height":163,"Demand":10,"DemandMax":null,"Value":37327},{"Length":133,"Height":271,"Demand":10,"DemandMax":null,"Value":36043},{"Length":183,"Height":195,"Demand":10,"DemandMax":null,"Value":35685},{"Length":149,"Height":238,"Demand":10,"DemandMax":null,"Value":35462},{"Length":143,"Height":244,"Demand":10,"DemandMax":null,"Value":34892},{"Length":117,"Height":295,"Demand":10,"DemandMax":null,"Value":34515},{"Length":193,"Height":177,"Demand":10,"DemandMax":null,"Value":34161},{"Length":290,"Height":116,"Demand":10,"DemandMax":null,"Value":33640},{"Length":216,"Height":150,"Demand":10,"DemandMax":null,"Value":32400},{"Length":116,"Height":275,"Demand":10,"DemandMax":null,"Value":31900},{"Length":190,"Height":167,"Demand":10,"DemandMax":null,"Value":31730},{"Length":114,"Height":277,"Demand":10,"DemandMax":null,"Value":31578},{"Length":108,"Height":292,"Demand":10,"DemandMax":null,"Value":31536},{"Length":219,"Height":142,"Demand":10,"DemandMax":null,"Value":31098},{"Length":114,"Height":272,"Demand":10,"DemandMax":null,"Value":31008},{"Length":235,"Height":130,"Demand":10,"DemandMax":null,"Value":30550},{"Length":273,"Height":110,"Demand":10,"DemandMax":null,"Value":30030},{"Length":200,"Height":149,"Demand":10,"DemandMax":null,"Value":29800},{"Length":154,"Height":193,"Demand":10,"DemandMax":null,"Value":29722},{"Length":153,"Height":190,"Demand":10,"DemandMax":null,"Value":29070},{"Length":241,"Height":119,"Demand":10,"DemandMax":null,"Value":28679},{"Length":180,"Height":159,"Demand":10,"DemandMax":null,"Value":28620},{"Length":142,"Height":200,"Demand":10,"DemandMax":null,"Value":28400},{"Length":129,"Height":218,"Demand":10,"DemandMax":null,"Value":28122},{"Length":146,"Height":180,"Demand":10,"DemandMax":null,"Value":26280},{"Length":242,"Height":108,"Demand":10,"DemandMax":null,"Value":26136},{"Length":118,"Height":218,"Demand":10,"DemandMax":null,"Value":25724},{"Length":150,"Height":169,"Demand":10,"DemandMax":null,"Value":25350},{"Length":110,"Height":230,"Demand":10,"DemandMax":null,"Value":25300},{"Length":107,"Height":235,"Demand":10,"DemandMax":null,"Value":25145},{"Length":239,"Height":103,"Demand":10,"DemandMax":null,"Value":24617},{"Length":198,"Height":121,"Demand":10,"DemandMax":null,"Value":23958},{"Length":151,"Height":153,"Demand":10,"DemandMax":null,"Value":23103},{"Length":175,"Height":131,"Demand":10,"DemandMax":null,"Value":22925},{"Length":207,"Height":106,"Demand":10,"DemandMax":null,"Value":21942},{"Length":100,"Height":218,"Demand":10,"DemandMax":null,"Value":21800},{"Length":128,"Height":168,"Demand":10,"DemandMax":null,"Value":21504},{"Length":172,"Height":125,"Demand":10,"DemandMax":null,"Value":21500},{"Length":128,"Height":160,"Demand":10,"DemandMax":null,"Value":20480},{"Length":118,"Height":173,"Demand":10,"DemandMax":null,"Value":20414},{"Length":116,"Height":175,"Demand":10,"DemandMax":null,"Value":20300},{"Length":142,"Height":133,"Demand":10,"DemandMax":null,"Value":18886},{"Length":118,"Height":159,"Demand":10,"DemandMax":null,"Value":18762},{"Length":113,"Height":156,"Demand":10,"DemandMax":null,"Value":17628},{"Length":130,"Height":133,"Demand":10,"DemandMax":null,"Value":17290},{"Length":112,"Height":150,"Demand":10,"DemandMax":null,"Value":16800},{"Length":129,"Height":125,"Demand":10,"DemandMax":null,"Value":16125},{"Length":112,"Height":137,"Demand":10,"DemandMax":null,"Value":15344},{"Length":139,"Height":105,"Demand":10,"DemandMax":null,"Value":14595},{"Length":104,"Height":134,"Demand":10,"DemandMax":null,"Value":13936},{"Length":100,"Height":130,"Demand":10,"DemandMax":null,"Value":13000}]}