{"Name":"AH157","Objects":[{"Length":1000,"Height":41327,"Stock":null,"Cost":41327000}],"Items":[{"Length":374,"Height":364,"Demand":10,"DemandMax":null,"Value":136136},{"Length":369,"Height":346,"Demand":10,"DemandMax":null,"Value":127674},{"Length":352,"Height":349,"Demand":10,"DemandMax":null,"Value":122848},{"Length":353,"Height":332,"Demand":10,"DemandMax":null,"Value":117196},{"Length":372,"Height":311,"Demand":10,"DemandMax":null,"Value":115692},{"Length":367,"Height":315,"Demand":10,"DemandMax":null,"Value":115605},{"Length":311,"Height":337,"Demand":10,"DemandMax":null,"Value":104807},{"Length":360,"Height":283,"Demand":10,"DemandMax":null,"Value":101880},{"Length":280,"Height":361,"Demand":10,"DemandMax":null,"Value":101080},{"Length":315,"Height":315,"Demand":10,"DemandMax":null,"Value":99225},{"Length":261,"Height":345,"Demand":10,"DemandMax":null,"Value":90045},{"Length":257,"Height":339,"Demand":10,"DemandMax":null,"Value":87123},{"Length":250,"Height":342,"Demand":10,"DemandMax":null,"Value":85500},{"Length":282,"Height":302,"Demand":10,"DemandMax":null,"Value":85164},{"Length":312,"Height":267,"Demand":10,"DemandMax":null,"Value":83304},{"Length":300,"Height":272,"Demand":10,"DemandMax":null,"Value":81600},{"Length":231,"Height":329,"Demand":10,"DemandMax":null,"Value":75999},{"Length":324,"Height":233,"Demand":10,"DemandMax":null,"Value":75492},{"Length":223,"Height":326,"Demand":10,"DemandMax":null,"Value":72698},{"Length":287,"Height":244,"Demand":10,"DemandMax":null,"Value":70028},{"Length":195,"Height":346,"Demand":10,"DemandMax":null,"Value":67470},{"Length":180,"Height":370,"Demand":10,"DemandMax":null,"Value":66600},{"Length":284,"Height":226,"Demand":10,"DemandMax":null,"Value":64184},{"Length":215,"Height":297,"Demand":10,"DemandMax":null,"Value":63855},{"Length":241,"Height":260,"Demand":10,"DemandMax":null,"Value":62660},{"Length":277,"Height":221,"Demand":10,"DemandMax":null,"Value":61217},{"Length":247,"Height":239,"Demand":10,"DemandMax":null,"Value":59033},{"Length":318,"Height":176,"Demand":10,"DemandMax":null,"Value":55968},{"Length":167,"Height":332,"Demand":10,"DemandMax":null,"Value":55444},{"Length":315,"Height":171,"Demand":10,"DemandMax":null,"Value":53865},{"Length":139,"Height":369,"Demand":10,"DemandMax":null,"Value":51291},{"Length":137,"Height":371,"Demand":10,"DemandMax":null,"Value":50827},{"Length":306,"Height":165,"Demand":10,"DemandMax":null,"Value":50490},{"Length":148,"Height":335,"Demand":10,"DemandMax":null,"Value":49580},{"Length":261,"Height":188,"Demand":10,"DemandMax":null,"Value":49068},{"Length":147,"Height":328,"Demand":10,"DemandMax":null,"Value":48216},{"Length":165,"Height":291,"Demand":10,"DemandMax":null,"Value":48015},{"Length":253,"Height":187,"Demand":10,"DemandMax":null,"Value":47311},{"Length":225,"Height":208,"Demand":10,"DemandMax":null,"Value":46800},{"Length":261,"Height":170,"Demand":10,"DemandMax":null,"Value":44370},{"Length":200,"Height":207,"Demand":10,"DemandMax":null,"Value":41400},{"Length":359,"Height":114,"Demand":10,"DemandMax":null,"Value":40926},{"Length":206,"Height":193,"Demand":10,"DemandMax":null,"Value":39758},{"Length":281,"Height":139,"Demand":10,"DemandMax":null,"Value":39059},{"Length":127,"Height":304,"Demand":10,"DemandMax":null,"Value":38608},{"Length":264,"Height":146,"Demand":10,"DemandMax":null,"Value":38544},{"Length":110,"Height":294,"Demand":10,"DemandMax":null,"Value":32340},{"Length":190,"Height":170,"Demand":10,"DemandMax":null,"Value":32300},{"Length":322,"Height":98,"Demand":10,"DemandMax":null,"Value":31556},{"Length":234,"Height":130,"Demand":10,"DemandMax":null,"Value":30420},{"Length":184,"Height":163,"Demand":10,"DemandMax":null,"Value":29992},{"Length":260,"Height":114,"Demand":10,"DemandMax":null,"Value":29640},{"Length":320,"Height":90,"Demand":10,"DemandMax":null,"Value":28800},{"Length":232,"Height":123,"Demand":10,"DemandMax":null,"Value":28536},{"Length":109,"Height":259,"Demand":10,"DemandMax":null,"Value":28231},{"Length":85,"Height":319,"Demand":10,"DemandMax":null,"Value":27115},{"Length":333,"Height":81,"Demand":10,"DemandMax":null,"Value":26973},{"Length":168,"Height":148,"Demand":10,"DemandMax":null,"Value":24864},{"Length":73,"Height":335,"Demand":10,"DemandMax":null,"Value":24455},{"Length":227,"Height":104,"Demand":10,"DemandMax":null,"Value":23608},{"Length":258,"Height":89,"Demand":10,"DemandMax":null,"Value":22962},{"Length":148,"Height":136,"Demand":10,"DemandMax":null,"Value":20128},{"Length":109,"Height":181,"Demand":10,"DemandMax":null,"Value":19729},{"Length":276,"Height":71,"Demand":10,"DemandMax":null,"Value":19596},{"Length":110,"Height":172,"Demand":10,"DemandMax":null,"Value":18920},{"Length":137,"Height":138,"Demand":10,"DemandMax":null,"Value":18906},{"Length":218,"Height":83,"Demand":10,"DemandMax":null,"Value":18094},{"Length":52,"Height":341,"Demand":10,"DemandMax":null,"Value":17732},{"Length":281,"Height":53,"Demand":10,"DemandMax":null,"Value":14893},{"Length":46,"Height":312,"Demand":10,"DemandMax":null,"Value":14352},{"Length":106,"Height":135,"Demand":10,"DemandMax":null,"Value":14310},{"Length":254,"Height":56,"Demand":10,"DemandMax":null,"Value":14224},{"Length":73,"Height":192,"Demand":10,"DemandMax":null,"Value":14016},{"Length":188,"Height":74,"Demand":10,"DemandMax":null,"Value":13912},{"Length":125,"Height":111,"Demand":10,"DemandMax":null,"Value":13875},{"Length":92,"Height":150,"Demand":10,"DemandMax":null,"Value":13800},{"Length":83,"Height":165,"Demand":10,"DemandMax":null,"Value":13695},{"Length":146,"Height":90,"Demand":10,"DemandMax":null,"Value":13140},{"Length":126,"Height":102,"Demand":10,"DemandMax":null,"Value":12852},{"Length":57,"Height":218,"Demand":10,"DemandMax":null,"Value":12426},{"Length":50,"Height":224,"Demand":10,"DemandMax":null,"Value":11200},{"Length":32,"Height":331,"Demand":10,"DemandMax":null,"Value":10592},{"Length":45,"Height":232,"Demand":10,"DemandMax":null,"Value":10440},{"Length":28,"Height":344,"Demand":10,"DemandMax":null,"Value":9632},{"Length":231,"Height":40,"Demand":10,"DemandMax":null,"Value":9240},{"Length":25,"Height":299,"Demand":10,"DemandMax":null,"Value":7475},{"Length":58,"Height":123,"Demand":10,"DemandMax":null,"Value":7134},{"Length":282,"Height":25,"Demand":10,"DemandMax":null,"Value":7050},{"Length":56,"Height":124,"Demand":10,"DemandMax":null,"Value":6944},{"Length":263,"Height":25,"Demand":10,"DemandMax":null,"Value":6575},{"Length":29,"Height":221,"Demand":10,"DemandMax":null,"Value":6409},{"Length":102,"Height":60,"Demand":10,"DemandMax":null,"Value":6120},{"Length":25,"Height":232,"Demand":10,"DemandMax":null,"Value":5800},{"Length":73,"Height":78,"Demand":10,"DemandMax":null,"Value":5694},{"Length":38,"Height":125,"Demand":10,"DemandMax":null,"Value":4750},{"Length":101,"Height":36,"Demand":10,"DemandMax":null,"Value":3636},{"Length":28,"Height":104,"Demand":10,"DemandMax":null,"Value":2912},{"Length":57,"Height":45,"Demand":10,"DemandMax":null,"Value":2565},{"Length":30,"Height":85,"Demand":10,"DemandMax":null,"Value":2550},{"Length":33,"Height":56,"Demand":10,"DemandMax":null,"Value":1848}]}