{"Name":"AH318","Objects":[{"Length":1000,"Height":2494,"Stock":null,"Cost":2494000}],"Items":[{"Length":74,"Height":74,"Demand":1,"DemandMax":null,"Value":5476},{"Length":73,"Height":75,"Demand":1,"DemandMax":null,"Value":5475},{"Length":73,"Height":74,"Demand":1,"DemandMax":null,"Value":5402},{"Length":72,"Height":75,"Demand":1,"DemandMax":null,"Value":5400},{"Length":73,"Height":73,"Demand":1,"DemandMax":null,"Value":5329},{"Length":74,"Height":72,"Demand":1,"DemandMax":null,"Value":5328},{"Length":75,"Height":71,"Demand":1,"DemandMax":null,"Value":5325},{"Length":72,"Height":73,"Demand":1,"DemandMax":null,"Value":5256},{"Length":71,"Height":74,"Demand":1,"DemandMax":null,"Value":5254},{"Length":70,"Height":75,"Demand":1,"DemandMax":null,"Value":5250},{"Length":74,"Height":70,"Demand":1,"DemandMax":null,"Value":5180},{"Length":75,"Height":69,"Demand":1,"DemandMax":null,"Value":5175},{"Length":72,"Height":71,"Demand":1,"DemandMax":null,"Value":5112},{"Length":73,"Height":70,"Demand":1,"DemandMax":null,"Value":5110},{"Length":74,"Height":69,"Demand":1,"DemandMax":null,"Value":5106},{"Length":68,"Height":75,"Demand":1,"DemandMax":null,"Value":5100},{"Length":70,"Height":72,"Demand":1,"DemandMax":null,"Value":5040},{"Length":69,"Height":73,"Demand":1,"DemandMax":null,"Value":5037},{"Length":71,"Height":70,"Demand":1,"DemandMax":null,"Value":4970},{"Length":72,"Height":69,"Demand":1,"DemandMax":null,"Value":4968},{"Length":68,"Height":73,"Demand":1,"DemandMax":null,"Value":4964},{"Length":75,"Height":66,"Demand":1,"DemandMax":null,"Value":4950},{"Length":70,"Height":70,"Demand":1,"DemandMax":null,"Value":4900},{"Length":69,"Height":71,"Demand":1,"DemandMax":null,"Value":4899},{"Length":73,"Height":67,"Demand":1,"DemandMax":null,"Value":4891},{"Length":74,"Height":66,"Demand":1,"DemandMax":null,"Value":4884},{"Length":75,"Height":65,"Demand":1,"DemandMax":null,"Value":4875},{"Length":68,"Height":71,"Demand":1,"DemandMax":null,"Value":4828},{"Length":72,"Height":67,"Demand":1,"DemandMax":null,"Value":4824},{"Length":74,"Height":65,"Demand":1,"DemandMax":null,"Value":4810},{"Length":69,"Height":69,"Demand":1,"DemandMax":null,"Value":4761},{"Length":68,"Height":70,"Demand":1,"DemandMax":null,"Value":4760},{"Length":71,"Height":67,"Demand":1,"DemandMax":null,"Value":4757},{"Length":66,"Height":72,"Demand":1,"DemandMax":null,"Value":4752},{"Length":63,"Height":75,"Demand":1,"DemandMax":null,"Value":4725},{"Length":68,"Height":69,"Demand":1,"DemandMax":null,"Value":4692},{"Length":71,"Height":66,"Demand":1,"DemandMax":null,"Value":4686},{"Length":65,"Height":72,"Demand":1,"DemandMax":null,"Value":4680},{"Length":73,"Height":64,"Demand":1,"DemandMax":null,"Value":4672},{"Length":74,"Height":63,"Demand":1,"DemandMax":null,"Value":4662},{"Length":62,"Height":75,"Demand":1,"DemandMax":null,"Value":4650},{"Length":68,"Height":68,"Demand":1,"DemandMax":null,"Value":4624},{"Length":67,"Height":69,"Demand":1,"DemandMax":null,"Value":4623},{"Length":66,"Height":70,"Demand":1,"DemandMax":null,"Value":4620},{"Length":65,"Height":71,"Demand":1,"DemandMax":null,"Value":4615},{"Length":64,"Height":72,"Demand":1,"DemandMax":null,"Value":4608},{"Length":73,"Height":63,"Demand":1,"DemandMax":null,"Value":4599},{"Length":62,"Height":74,"Demand":1,"DemandMax":null,"Value":4588},{"Length":75,"Height":61,"Demand":1,"DemandMax":null,"Value":4575},{"Length":68,"Height":67,"Demand":1,"DemandMax":null,"Value":4556},{"Length":65,"Height":70,"Demand":1,"DemandMax":null,"Value":4550},{"Length":72,"Height":63,"Demand":1,"DemandMax":null,"Value":4536},{"Length":73,"Height":62,"Demand":1,"DemandMax":null,"Value":4526},{"Length":74,"Height":61,"Demand":1,"DemandMax":null,"Value":4514},{"Length":60,"Height":75,"Demand":1,"DemandMax":null,"Value":4500},{"Length":67,"Height":67,"Demand":1,"DemandMax":null,"Value":4489},{"Length":68,"Height":66,"Demand":1,"DemandMax":null,"Value":4488},{"Length":69,"Height":65,"Demand":1,"DemandMax":null,"Value":4485},{"Length":70,"Height":64,"Demand":1,"DemandMax":null,"Value":4480},{"Length":63,"Height":71,"Demand":1,"DemandMax":null,"Value":4473},{"Length":62,"Height":72,"Demand":1,"DemandMax":null,"Value":4464},{"Length":74,"Height":60,"Demand":1,"DemandMax":null,"Value":4440},{"Length":75,"Height":59,"Demand":1,"DemandMax":null,"Value":4425},{"Length":68,"Height":65,"Demand":1,"DemandMax":null,"Value":4420},{"Length":64,"Height":69,"Demand":1,"DemandMax":null,"Value":4416},{"Length":63,"Height":70,"Demand":1,"DemandMax":null,"Value":4410},{"Length":72,"Height":61,"Demand":1,"DemandMax":null,"Value":4392},{"Length":60,"Height":73,"Demand":1,"DemandMax":null,"Value":4380},{"Length":66,"Height":66,"Demand":1,"DemandMax":null,"Value":4356},{"Length":65,"Height":67,"Demand":1,"DemandMax":null,"Value":4355},{"Length":75,"Height":58,"Demand":1,"DemandMax":null,"Value":4350},{"Length":70,"Height":62,"Demand":1,"DemandMax":null,"Value":4340},{"Length":71,"Height":61,"Demand":1,"DemandMax":null,"Value":4331},{"Length":72,"Height":60,"Demand":1,"DemandMax":null,"Value":4320},{"Length":73,"Height":59,"Demand":1,"DemandMax":null,"Value":4307},{"Length":74,"Height":58,"Demand":1,"DemandMax":null,"Value":4292},{"Length":65,"Height":66,"Demand":1,"DemandMax":null,"Value":4290},{"Length":64,"Height":67,"Demand":1,"DemandMax":null,"Value":4288},{"Length":63,"Height":68,"Demand":1,"DemandMax":null,"Value":4284},{"Length":70,"Height":61,"Demand":1,"DemandMax":null,"Value":4270},{"Length":60,"Height":71,"Demand":1,"DemandMax":null,"Value":4260},{"Length":59,"Height":72,"Demand":1,"DemandMax":null,"Value":4248},{"Length":73,"Height":58,"Demand":1,"DemandMax":null,"Value":4234},{"Length":66,"Height":64,"Demand":1,"DemandMax":null,"Value":4224},{"Length":67,"Height":63,"Demand":1,"DemandMax":null,"Value":4221},{"Length":74,"Height":57,"Demand":1,"DemandMax":null,"Value":4218},{"Length":68,"Height":62,"Demand":1,"DemandMax":null,"Value":4216},{"Length":69,"Height":61,"Demand":1,"DemandMax":null,"Value":4209},{"Length":75,"Height":56,"Demand":1,"DemandMax":null,"Value":4200},{"Length":59,"Height":71,"Demand":1,"DemandMax":null,"Value":4189},{"Length":72,"Height":58,"Demand":1,"DemandMax":null,"Value":4176},{"Length":73,"Height":57,"Demand":1,"DemandMax":null,"Value":4161},{"Length":64,"Height":65,"Demand":1,"DemandMax":null,"Value":4160},{"Length":63,"Height":66,"Demand":1,"DemandMax":null,"Value":4158},{"Length":62,"Height":67,"Demand":1,"DemandMax":null,"Value":4154},{"Length":74,"Height":56,"Demand":1,"DemandMax":null,"Value":4144},{"Length":69,"Height":60,"Demand":1,"DemandMax":null,"Value":4140},{"Length":59,"Height":70,"Demand":1,"DemandMax":null,"Value":4130},{"Length":71,"Height":58,"Demand":1,"DemandMax":null,"Value":4118},{"Length":72,"Height":57,"Demand":1,"DemandMax":null,"Value":4104},{"Length":56,"Height":73,"Demand":1,"DemandMax":null,"Value":4088},{"Length":67,"Height":61,"Demand":1,"DemandMax":null,"Value":4087},{"Length":60,"Height":68,"Demand":1,"DemandMax":null,"Value":4080},{"Length":59,"Height":69,"Demand":1,"DemandMax":null,"Value":4071},{"Length":55,"Height":74,"Demand":1,"DemandMax":null,"Value":4070},{"Length":70,"Height":58,"Demand":1,"DemandMax":null,"Value":4060},{"Length":54,"Height":75,"Demand":1,"DemandMax":null,"Value":4050},{"Length":71,"Height":57,"Demand":1,"DemandMax":null,"Value":4047},{"Length":72,"Height":56,"Demand":1,"DemandMax":null,"Value":4032},{"Length":63,"Height":64,"Demand":1,"DemandMax":null,"Value":4032},{"Length":67,"Height":60,"Demand":1,"DemandMax":null,"Value":4020},{"Length":68,"Height":59,"Demand":1,"DemandMax":null,"Value":4012},{"Length":58,"Height":69,"Demand":1,"DemandMax":null,"Value":4002},{"Length":70,"Height":57,"Demand":1,"DemandMax":null,"Value":3990},{"Length":71,"Height":56,"Demand":1,"DemandMax":null,"Value":3976},{"Length":75,"Height":53,"Demand":1,"DemandMax":null,"Value":3975},{"Length":63,"Height":63,"Demand":1,"DemandMax":null,"Value":3969},{"Length":62,"Height":64,"Demand":1,"DemandMax":null,"Value":3968},{"Length":65,"Height":61,"Demand":1,"DemandMax":null,"Value":3965},{"Length":72,"Height":55,"Demand":1,"DemandMax":null,"Value":3960},{"Length":66,"Height":60,"Demand":1,"DemandMax":null,"Value":3960},{"Length":59,"Height":67,"Demand":1,"DemandMax":null,"Value":3953},{"Length":68,"Height":58,"Demand":1,"DemandMax":null,"Value":3944},{"Length":53,"Height":74,"Demand":1,"DemandMax":null,"Value":3922},{"Length":56,"Height":70,"Demand":1,"DemandMax":null,"Value":3920},{"Length":64,"Height":61,"Demand":1,"DemandMax":null,"Value":3904},{"Length":52,"Height":75,"Demand":1,"DemandMax":null,"Value":3900},{"Length":66,"Height":59,"Demand":1,"DemandMax":null,"Value":3894},{"Length":67,"Height":58,"Demand":1,"DemandMax":null,"Value":3886},{"Length":73,"Height":53,"Demand":1,"DemandMax":null,"Value":3869},{"Length":69,"Height":56,"Demand":1,"DemandMax":null,"Value":3864},{"Length":70,"Height":55,"Demand":1,"DemandMax":null,"Value":3850},{"Length":74,"Height":52,"Demand":1,"DemandMax":null,"Value":3848},{"Length":62,"Height":62,"Demand":1,"DemandMax":null,"Value":3844},{"Length":60,"Height":64,"Demand":1,"DemandMax":null,"Value":3840},{"Length":59,"Height":65,"Demand":1,"DemandMax":null,"Value":3835},{"Length":54,"Height":71,"Demand":1,"DemandMax":null,"Value":3834},{"Length":58,"Height":66,"Demand":1,"DemandMax":null,"Value":3828},{"Length":57,"Height":67,"Demand":1,"DemandMax":null,"Value":3819},{"Length":53,"Height":72,"Demand":1,"DemandMax":null,"Value":3816},{"Length":56,"Height":68,"Demand":1,"DemandMax":null,"Value":3808},{"Length":52,"Height":73,"Demand":1,"DemandMax":null,"Value":3796},{"Length":55,"Height":69,"Demand":1,"DemandMax":null,"Value":3795},{"Length":70,"Height":54,"Demand":1,"DemandMax":null,"Value":3780},{"Length":59,"Height":64,"Demand":1,"DemandMax":null,"Value":3776},{"Length":74,"Height":51,"Demand":1,"DemandMax":null,"Value":3774},{"Length":58,"Height":65,"Demand":1,"DemandMax":null,"Value":3770},{"Length":71,"Height":53,"Demand":1,"DemandMax":null,"Value":3763},{"Length":67,"Height":56,"Demand":1,"DemandMax":null,"Value":3752},{"Length":50,"Height":75,"Demand":1,"DemandMax":null,"Value":3750},{"Length":52,"Height":72,"Demand":1,"DemandMax":null,"Value":3744},{"Length":55,"Height":68,"Demand":1,"DemandMax":null,"Value":3740},{"Length":54,"Height":69,"Demand":1,"DemandMax":null,"Value":3726},{"Length":73,"Height":51,"Demand":1,"DemandMax":null,"Value":3723},{"Length":60,"Height":62,"Demand":1,"DemandMax":null,"Value":3720},{"Length":59,"Height":63,"Demand":1,"DemandMax":null,"Value":3717},{"Length":58,"Height":64,"Demand":1,"DemandMax":null,"Value":3712},{"Length":50,"Height":74,"Demand":1,"DemandMax":null,"Value":3700},{"Length":66,"Height":56,"Demand":1,"DemandMax":null,"Value":3696},{"Length":71,"Height":52,"Demand":1,"DemandMax":null,"Value":3692},{"Length":55,"Height":67,"Demand":1,"DemandMax":null,"Value":3685},{"Length":75,"Height":49,"Demand":1,"DemandMax":null,"Value":3675},{"Length":68,"Height":54,"Demand":1,"DemandMax":null,"Value":3672},{"Length":51,"Height":72,"Demand":1,"DemandMax":null,"Value":3672},{"Length":64,"Height":57,"Demand":1,"DemandMax":null,"Value":3648},{"Length":56,"Height":65,"Demand":1,"DemandMax":null,"Value":3640},{"Length":70,"Height":52,"Demand":1,"DemandMax":null,"Value":3640},{"Length":66,"Height":55,"Demand":1,"DemandMax":null,"Value":3630},{"Length":49,"Height":74,"Demand":1,"DemandMax":null,"Value":3626},{"Length":71,"Height":51,"Demand":1,"DemandMax":null,"Value":3621},{"Length":67,"Height":54,"Demand":1,"DemandMax":null,"Value":3618},{"Length":53,"Height":68,"Demand":1,"DemandMax":null,"Value":3604},{"Length":48,"Height":75,"Demand":1,"DemandMax":null,"Value":3600},{"Length":60,"Height":60,"Demand":1,"DemandMax":null,"Value":3600},{"Length":72,"Height":50,"Demand":1,"DemandMax":null,"Value":3600},{"Length":61,"Height":59,"Demand":1,"DemandMax":null,"Value":3599},{"Length":62,"Height":58,"Demand":1,"DemandMax":null,"Value":3596},{"Length":63,"Height":57,"Demand":1,"DemandMax":null,"Value":3591},{"Length":73,"Height":49,"Demand":1,"DemandMax":null,"Value":3577},{"Length":65,"Height":55,"Demand":1,"DemandMax":null,"Value":3575},{"Length":51,"Height":70,"Demand":1,"DemandMax":null,"Value":3570},{"Length":48,"Height":74,"Demand":1,"DemandMax":null,"Value":3552},{"Length":53,"Height":67,"Demand":1,"DemandMax":null,"Value":3551},{"Length":50,"Height":71,"Demand":1,"DemandMax":null,"Value":3550},{"Length":59,"Height":60,"Demand":1,"DemandMax":null,"Value":3540},{"Length":61,"Height":58,"Demand":1,"DemandMax":null,"Value":3538},{"Length":62,"Height":57,"Demand":1,"DemandMax":null,"Value":3534},{"Length":49,"Height":72,"Demand":1,"DemandMax":null,"Value":3528},{"Length":63,"Height":56,"Demand":1,"DemandMax":null,"Value":3528},{"Length":47,"Height":75,"Demand":1,"DemandMax":null,"Value":3525},{"Length":51,"Height":69,"Demand":1,"DemandMax":null,"Value":3519},{"Length":65,"Height":54,"Demand":1,"DemandMax":null,"Value":3510},{"Length":73,"Height":48,"Demand":1,"DemandMax":null,"Value":3504},{"Length":70,"Height":50,"Demand":1,"DemandMax":null,"Value":3500},{"Length":53,"Height":66,"Demand":1,"DemandMax":null,"Value":3498},{"Length":52,"Height":67,"Demand":1,"DemandMax":null,"Value":3484},{"Length":59,"Height":59,"Demand":1,"DemandMax":null,"Value":3481},{"Length":60,"Height":58,"Demand":1,"DemandMax":null,"Value":3480},{"Length":49,"Height":71,"Demand":1,"DemandMax":null,"Value":3479},{"Length":56,"Height":62,"Demand":1,"DemandMax":null,"Value":3472},{"Length":68,"Height":51,"Demand":1,"DemandMax":null,"Value":3468},{"Length":72,"Height":48,"Demand":1,"DemandMax":null,"Value":3456},{"Length":69,"Height":50,"Demand":1,"DemandMax":null,"Value":3450},{"Length":46,"Height":75,"Demand":1,"DemandMax":null,"Value":3450},{"Length":65,"Height":53,"Demand":1,"DemandMax":null,"Value":3445},{"Length":52,"Height":66,"Demand":1,"DemandMax":null,"Value":3432},{"Length":73,"Height":47,"Demand":1,"DemandMax":null,"Value":3431},{"Length":70,"Height":49,"Demand":1,"DemandMax":null,"Value":3430},{"Length":58,"Height":59,"Demand":1,"DemandMax":null,"Value":3422},{"Length":60,"Height":57,"Demand":1,"DemandMax":null,"Value":3420},{"Length":51,"Height":67,"Demand":1,"DemandMax":null,"Value":3417},{"Length":61,"Height":56,"Demand":1,"DemandMax":null,"Value":3416},{"Length":55,"Height":62,"Demand":1,"DemandMax":null,"Value":3410},{"Length":71,"Height":48,"Demand":1,"DemandMax":null,"Value":3408},{"Length":74,"Height":46,"Demand":1,"DemandMax":null,"Value":3404},{"Length":63,"Height":54,"Demand":1,"DemandMax":null,"Value":3402},{"Length":50,"Height":68,"Demand":1,"DemandMax":null,"Value":3400},{"Length":47,"Height":72,"Demand":1,"DemandMax":null,"Value":3384},{"Length":52,"Height":65,"Demand":1,"DemandMax":null,"Value":3380},{"Length":75,"Height":45,"Demand":1,"DemandMax":null,"Value":3375},{"Length":55,"Height":61,"Demand":1,"DemandMax":null,"Value":3355},{"Length":54,"Height":62,"Demand":1,"DemandMax":null,"Value":3348},{"Length":63,"Height":53,"Demand":1,"DemandMax":null,"Value":3339},{"Length":71,"Height":47,"Demand":1,"DemandMax":null,"Value":3337},{"Length":49,"Height":68,"Demand":1,"DemandMax":null,"Value":3332},{"Length":45,"Height":74,"Demand":1,"DemandMax":null,"Value":3330},{"Length":51,"Height":65,"Demand":1,"DemandMax":null,"Value":3315},{"Length":48,"Height":69,"Demand":1,"DemandMax":null,"Value":3312},{"Length":46,"Height":72,"Demand":1,"DemandMax":null,"Value":3312},{"Length":57,"Height":58,"Demand":1,"DemandMax":null,"Value":3306},{"Length":56,"Height":59,"Demand":1,"DemandMax":null,"Value":3304},{"Length":55,"Height":60,"Demand":1,"DemandMax":null,"Value":3300},{"Length":66,"Height":50,"Demand":1,"DemandMax":null,"Value":3300},{"Length":61,"Height":54,"Demand":1,"DemandMax":null,"Value":3294},{"Length":47,"Height":70,"Demand":1,"DemandMax":null,"Value":3290},{"Length":53,"Height":62,"Demand":1,"DemandMax":null,"Value":3286},{"Length":73,"Height":45,"Demand":1,"DemandMax":null,"Value":3285},{"Length":63,"Height":52,"Demand":1,"DemandMax":null,"Value":3276},{"Length":51,"Height":64,"Demand":1,"DemandMax":null,"Value":3264},{"Length":48,"Height":68,"Demand":1,"DemandMax":null,"Value":3264},{"Length":44,"Height":74,"Demand":1,"DemandMax":null,"Value":3256},{"Length":55,"Height":59,"Demand":1,"DemandMax":null,"Value":3245},{"Length":60,"Height":54,"Demand":1,"DemandMax":null,"Value":3240},{"Length":66,"Height":49,"Demand":1,"DemandMax":null,"Value":3234},{"Length":53,"Height":61,"Demand":1,"DemandMax":null,"Value":3233},{"Length":62,"Height":52,"Demand":1,"DemandMax":null,"Value":3224},{"Length":70,"Height":46,"Demand":1,"DemandMax":null,"Value":3220},{"Length":73,"Height":44,"Demand":1,"DemandMax":null,"Value":3212},{"Length":64,"Height":50,"Demand":1,"DemandMax":null,"Value":3200},{"Length":47,"Height":68,"Demand":1,"DemandMax":null,"Value":3196},{"Length":59,"Height":54,"Demand":1,"DemandMax":null,"Value":3186},{"Length":49,"Height":65,"Demand":1,"DemandMax":null,"Value":3185},{"Length":43,"Height":74,"Demand":1,"DemandMax":null,"Value":3182},{"Length":46,"Height":69,"Demand":1,"DemandMax":null,"Value":3174},{"Length":48,"Height":66,"Demand":1,"DemandMax":null,"Value":3168},{"Length":44,"Height":72,"Demand":1,"DemandMax":null,"Value":3168},{"Length":62,"Height":51,"Demand":1,"DemandMax":null,"Value":3162},{"Length":42,"Height":75,"Demand":1,"DemandMax":null,"Value":3150},{"Length":70,"Height":45,"Demand":1,"DemandMax":null,"Value":3150},{"Length":73,"Height":43,"Demand":1,"DemandMax":null,"Value":3139},{"Length":64,"Height":49,"Demand":1,"DemandMax":null,"Value":3136},{"Length":57,"Height":55,"Demand":1,"DemandMax":null,"Value":3135},{"Length":58,"Height":54,"Demand":1,"DemandMax":null,"Value":3132},{"Length":46,"Height":68,"Demand":1,"DemandMax":null,"Value":3128},{"Length":59,"Height":53,"Demand":1,"DemandMax":null,"Value":3127},{"Length":71,"Height":44,"Demand":1,"DemandMax":null,"Value":3124},{"Length":48,"Height":65,"Demand":1,"DemandMax":null,"Value":3120},{"Length":52,"Height":60,"Demand":1,"DemandMax":null,"Value":3120},{"Length":69,"Height":45,"Demand":1,"DemandMax":null,"Value":3105},{"Length":47,"Height":66,"Demand":1,"DemandMax":null,"Value":3102},{"Length":62,"Height":50,"Demand":1,"DemandMax":null,"Value":3100},{"Length":43,"Height":72,"Demand":1,"DemandMax":null,"Value":3096},{"Length":63,"Height":49,"Demand":1,"DemandMax":null,"Value":3087},{"Length":67,"Height":46,"Demand":1,"DemandMax":null,"Value":3082},{"Length":56,"Height":55,"Demand":1,"DemandMax":null,"Value":3080},{"Length":70,"Height":44,"Demand":1,"DemandMax":null,"Value":3080},{"Length":54,"Height":57,"Demand":1,"DemandMax":null,"Value":3078},{"Length":75,"Height":41,"Demand":1,"DemandMax":null,"Value":3075},{"Length":64,"Height":48,"Demand":1,"DemandMax":null,"Value":3072},{"Length":52,"Height":59,"Demand":1,"DemandMax":null,"Value":3068},{"Length":73,"Height":42,"Demand":1,"DemandMax":null,"Value":3066},{"Length":68,"Height":45,"Demand":1,"DemandMax":null,"Value":3060},{"Length":65,"Height":47,"Demand":1,"DemandMax":null,"Value":3055},{"Length":50,"Height":61,"Demand":1,"DemandMax":null,"Value":3050},{"Length":49,"Height":62,"Demand":1,"DemandMax":null,"Value":3038},{"Length":69,"Height":44,"Demand":1,"DemandMax":null,"Value":3036},{"Length":55,"Height":55,"Demand":1,"DemandMax":null,"Value":3025},{"Length":56,"Height":54,"Demand":1,"DemandMax":null,"Value":3024},{"Length":72,"Height":42,"Demand":1,"DemandMax":null,"Value":3024},{"Length":52,"Height":58,"Demand":1,"DemandMax":null,"Value":3016},{"Length":45,"Height":67,"Demand":1,"DemandMax":null,"Value":3015},{"Length":59,"Height":51,"Demand":1,"DemandMax":null,"Value":3009},{"Length":64,"Height":47,"Demand":1,"DemandMax":null,"Value":3008},{"Length":73,"Height":41,"Demand":1,"DemandMax":null,"Value":2993},{"Length":49,"Height":61,"Demand":1,"DemandMax":null,"Value":2989},{"Length":42,"Height":71,"Demand":1,"DemandMax":null,"Value":2982},{"Length":48,"Height":62,"Demand":1,"DemandMax":null,"Value":2976},{"Length":66,"Height":45,"Demand":1,"DemandMax":null,"Value":2970},{"Length":55,"Height":54,"Demand":1,"DemandMax":null,"Value":2970},{"Length":69,"Height":43,"Demand":1,"DemandMax":null,"Value":2967},{"Length":63,"Height":47,"Demand":1,"DemandMax":null,"Value":2961},{"Length":74,"Height":40,"Demand":1,"DemandMax":null,"Value":2960},{"Length":58,"Height":51,"Demand":1,"DemandMax":null,"Value":2958},{"Length":59,"Height":50,"Demand":1,"DemandMax":null,"Value":2950},{"Length":44,"Height":67,"Demand":1,"DemandMax":null,"Value":2948},{"Length":42,"Height":70,"Demand":1,"DemandMax":null,"Value":2940},{"Length":61,"Height":48,"Demand":1,"DemandMax":null,"Value":2928},{"Length":65,"Height":45,"Demand":1,"DemandMax":null,"Value":2925},{"Length":75,"Height":39,"Demand":1,"DemandMax":null,"Value":2925},{"Length":43,"Height":68,"Demand":1,"DemandMax":null,"Value":2924},{"Length":73,"Height":40,"Demand":1,"DemandMax":null,"Value":2920},{"Length":47,"Height":62,"Demand":1,"DemandMax":null,"Value":2914},{"Length":56,"Height":52,"Demand":1,"DemandMax":null,"Value":2912},{"Length":71,"Height":41,"Demand":1,"DemandMax":null,"Value":2911},{"Length":57,"Height":51,"Demand":1,"DemandMax":null,"Value":2907},{"Length":50,"Height":58,"Demand":1,"DemandMax":null,"Value":2900},{"Length":63,"Height":46,"Demand":1,"DemandMax":null,"Value":2898},{"Length":49,"Height":59,"Demand":1,"DemandMax":null,"Value":2891},{"Length":43,"Height":67,"Demand":1,"DemandMax":null,"Value":2881},{"Length":40,"Height":72,"Demand":1,"DemandMax":null,"Value":2880},{"Length":60,"Height":48,"Demand":1,"DemandMax":null,"Value":2880},{"Length":41,"Height":70,"Demand":1,"DemandMax":null,"Value":2870},{"Length":54,"Height":53,"Demand":1,"DemandMax":null,"Value":2862},{"Length":44,"Height":65,"Demand":1,"DemandMax":null,"Value":2860},{"Length":62,"Height":46,"Demand":1,"DemandMax":null,"Value":2852},{"Length":75,"Height":38,"Demand":1,"DemandMax":null,"Value":2850},{"Length":57,"Height":50,"Demand":1,"DemandMax":null,"Value":2850},{"Length":39,"Height":73,"Demand":1,"DemandMax":null,"Value":2847},{"Length":58,"Height":49,"Demand":1,"DemandMax":null,"Value":2842},{"Length":40,"Height":71,"Demand":1,"DemandMax":null,"Value":2840},{"Length":45,"Height":63,"Demand":1,"DemandMax":null,"Value":2835},{"Length":59,"Height":48,"Demand":1,"DemandMax":null,"Value":2832},{"Length":41,"Height":69,"Demand":1,"DemandMax":null,"Value":2829},{"Length":60,"Height":47,"Demand":1,"DemandMax":null,"Value":2820},{"Length":44,"Height":64,"Demand":1,"DemandMax":null,"Value":2816},{"Length":42,"Height":67,"Demand":1,"DemandMax":null,"Value":2814},{"Length":53,"Height":53,"Demand":1,"DemandMax":null,"Value":2809},{"Length":39,"Height":72,"Demand":1,"DemandMax":null,"Value":2808},{"Length":54,"Height":52,"Demand":1,"DemandMax":null,"Value":2808},{"Length":61,"Height":46,"Demand":1,"DemandMax":null,"Value":2806},{"Length":51,"Height":55,"Demand":1,"DemandMax":null,"Value":2805},{"Length":40,"Height":70,"Demand":1,"DemandMax":null,"Value":2800},{"Length":57,"Height":49,"Demand":1,"DemandMax":null,"Value":2793},{"Length":62,"Height":45,"Demand":1,"DemandMax":null,"Value":2790},{"Length":68,"Height":41,"Demand":1,"DemandMax":null,"Value":2788},{"Length":38,"Height":73,"Demand":1,"DemandMax":null,"Value":2774},{"Length":59,"Height":47,"Demand":1,"DemandMax":null,"Value":2773},{"Length":63,"Height":44,"Demand":1,"DemandMax":null,"Value":2772},{"Length":42,"Height":66,"Demand":1,"DemandMax":null,"Value":2772},{"Length":60,"Height":46,"Demand":1,"DemandMax":null,"Value":2760},{"Length":40,"Height":69,"Demand":1,"DemandMax":null,"Value":2760},{"Length":53,"Height":52,"Demand":1,"DemandMax":null,"Value":2756},{"Length":64,"Height":43,"Demand":1,"DemandMax":null,"Value":2752},{"Length":55,"Height":50,"Demand":1,"DemandMax":null,"Value":2750},{"Length":67,"Height":41,"Demand":1,"DemandMax":null,"Value":2747},{"Length":45,"Height":61,"Demand":1,"DemandMax":null,"Value":2745},{"Length":74,"Height":37,"Demand":1,"DemandMax":null,"Value":2738},{"Length":57,"Height":48,"Demand":1,"DemandMax":null,"Value":2736},{"Length":38,"Height":72,"Demand":1,"DemandMax":null,"Value":2736},{"Length":65,"Height":42,"Demand":1,"DemandMax":null,"Value":2730},{"Length":70,"Height":39,"Demand":1,"DemandMax":null,"Value":2730},{"Length":62,"Height":44,"Demand":1,"DemandMax":null,"Value":2728},{"Length":68,"Height":40,"Demand":1,"DemandMax":null,"Value":2720},{"Length":59,"Height":46,"Demand":1,"DemandMax":null,"Value":2714},{"Length":43,"Height":63,"Demand":1,"DemandMax":null,"Value":2709},{"Length":66,"Height":41,"Demand":1,"DemandMax":null,"Value":2706},{"Length":73,"Height":37,"Demand":1,"DemandMax":null,"Value":2701},{"Length":36,"Height":75,"Demand":1,"DemandMax":null,"Value":2700},{"Length":50,"Height":54,"Demand":1,"DemandMax":null,"Value":2700},{"Length":45,"Height":60,"Demand":1,"DemandMax":null,"Value":2700},{"Length":38,"Height":71,"Demand":1,"DemandMax":null,"Value":2698},{"Length":55,"Height":49,"Demand":1,"DemandMax":null,"Value":2695},{"Length":39,"Height":69,"Demand":1,"DemandMax":null,"Value":2691},{"Length":64,"Height":42,"Demand":1,"DemandMax":null,"Value":2688},{"Length":61,"Height":44,"Demand":1,"DemandMax":null,"Value":2684},{"Length":40,"Height":67,"Demand":1,"DemandMax":null,"Value":2680},{"Length":47,"Height":57,"Demand":1,"DemandMax":null,"Value":2679},{"Length":62,"Height":43,"Demand":1,"DemandMax":null,"Value":2666},{"Length":41,"Height":65,"Demand":1,"DemandMax":null,"Value":2665},{"Length":70,"Height":38,"Demand":1,"DemandMax":null,"Value":2660},{"Length":51,"Height":52,"Demand":1,"DemandMax":null,"Value":2652},{"Length":39,"Height":68,"Demand":1,"DemandMax":null,"Value":2652},{"Length":53,"Height":50,"Demand":1,"DemandMax":null,"Value":2650},{"Length":42,"Height":63,"Demand":1,"DemandMax":null,"Value":2646},{"Length":60,"Height":44,"Demand":1,"DemandMax":null,"Value":2640},{"Length":48,"Height":55,"Demand":1,"DemandMax":null,"Value":2640},{"Length":40,"Height":66,"Demand":1,"DemandMax":null,"Value":2640},{"Length":47,"Height":56,"Demand":1,"DemandMax":null,"Value":2632},{"Length":36,"Height":73,"Demand":1,"DemandMax":null,"Value":2628},{"Length":37,"Height":71,"Demand":1,"DemandMax":null,"Value":2627},{"Length":75,"Height":35,"Demand":1,"DemandMax":null,"Value":2625},{"Length":61,"Height":43,"Demand":1,"DemandMax":null,"Value":2623},{"Length":57,"Height":46,"Demand":1,"DemandMax":null,"Value":2622},{"Length":39,"Height":67,"Demand":1,"DemandMax":null,"Value":2613},{"Length":58,"Height":45,"Demand":1,"DemandMax":null,"Value":2610},{"Length":65,"Height":40,"Demand":1,"DemandMax":null,"Value":2600},{"Length":53,"Height":49,"Demand":1,"DemandMax":null,"Value":2597},{"Length":59,"Height":44,"Demand":1,"DemandMax":null,"Value":2596},{"Length":48,"Height":54,"Demand":1,"DemandMax":null,"Value":2592},{"Length":72,"Height":36,"Demand":1,"DemandMax":null,"Value":2592},{"Length":37,"Height":70,"Demand":1,"DemandMax":null,"Value":2590},{"Length":47,"Height":55,"Demand":1,"DemandMax":null,"Value":2585},{"Length":38,"Height":68,"Demand":1,"DemandMax":null,"Value":2584},{"Length":41,"Height":63,"Demand":1,"DemandMax":null,"Value":2583},{"Length":43,"Height":60,"Demand":1,"DemandMax":null,"Value":2580},{"Length":46,"Height":56,"Demand":1,"DemandMax":null,"Value":2576},{"Length":66,"Height":39,"Demand":1,"DemandMax":null,"Value":2574},{"Length":45,"Height":57,"Demand":1,"DemandMax":null,"Value":2565},{"Length":36,"Height":71,"Demand":1,"DemandMax":null,"Value":2556},{"Length":73,"Height":35,"Demand":1,"DemandMax":null,"Value":2555},{"Length":34,"Height":75,"Demand":1,"DemandMax":null,"Value":2550},{"Length":49,"Height":52,"Demand":1,"DemandMax":null,"Value":2548},{"Length":38,"Height":67,"Demand":1,"DemandMax":null,"Value":2546},{"Length":53,"Height":48,"Demand":1,"DemandMax":null,"Value":2544},{"Length":41,"Height":62,"Demand":1,"DemandMax":null,"Value":2542},{"Length":43,"Height":59,"Demand":1,"DemandMax":null,"Value":2537},{"Length":39,"Height":65,"Demand":1,"DemandMax":null,"Value":2535},{"Length":46,"Height":55,"Demand":1,"DemandMax":null,"Value":2530},{"Length":60,"Height":42,"Demand":1,"DemandMax":null,"Value":2520},{"Length":40,"Height":63,"Demand":1,"DemandMax":null,"Value":2520},{"Length":45,"Height":56,"Demand":1,"DemandMax":null,"Value":2520},{"Length":70,"Height":36,"Demand":1,"DemandMax":null,"Value":2520},{"Length":35,"Height":72,"Demand":1,"DemandMax":null,"Value":2520},{"Length":34,"Height":74,"Demand":1,"DemandMax":null,"Value":2516},{"Length":41,"Height":61,"Demand":1,"DemandMax":null,"Value":2501},{"Length":49,"Height":51,"Demand":1,"DemandMax":null,"Value":2499},{"Length":64,"Height":39,"Demand":1,"DemandMax":null,"Value":2496},{"Length":52,"Height":48,"Demand":1,"DemandMax":null,"Value":2496},{"Length":58,"Height":43,"Demand":1,"DemandMax":null,"Value":2494},{"Length":47,"Height":53,"Demand":1,"DemandMax":null,"Value":2491},{"Length":35,"Height":71,"Demand":1,"DemandMax":null,"Value":2485},{"Length":54,"Height":46,"Demand":1,"DemandMax":null,"Value":2484},{"Length":36,"Height":69,"Demand":1,"DemandMax":null,"Value":2484},{"Length":34,"Height":73,"Demand":1,"DemandMax":null,"Value":2482},{"Length":62,"Height":40,"Demand":1,"DemandMax":null,"Value":2480},{"Length":67,"Height":37,"Demand":1,"DemandMax":null,"Value":2479},{"Length":42,"Height":59,"Demand":1,"DemandMax":null,"Value":2478},{"Length":33,"Height":75,"Demand":1,"DemandMax":null,"Value":2475},{"Length":55,"Height":45,"Demand":1,"DemandMax":null,"Value":2475},{"Length":38,"Height":65,"Demand":1,"DemandMax":null,"Value":2470},{"Length":44,"Height":56,"Demand":1,"DemandMax":null,"Value":2464},{"Length":60,"Height":41,"Demand":1,"DemandMax":null,"Value":2460},{"Length":57,"Height":43,"Demand":1,"DemandMax":null,"Value":2451},{"Length":49,"Height":50,"Demand":1,"DemandMax":null,"Value":2450},{"Length":34,"Height":72,"Demand":1,"DemandMax":null,"Value":2448},{"Length":51,"Height":48,"Demand":1,"DemandMax":null,"Value":2448},{"Length":33,"Height":74,"Demand":1,"DemandMax":null,"Value":2442},{"Length":66,"Height":37,"Demand":1,"DemandMax":null,"Value":2442},{"Length":40,"Height":61,"Demand":1,"DemandMax":null,"Value":2440},{"Length":53,"Height":46,"Demand":1,"DemandMax":null,"Value":2438},{"Length":38,"Height":64,"Demand":1,"DemandMax":null,"Value":2432},{"Length":45,"Height":54,"Demand":1,"DemandMax":null,"Value":2430},{"Length":59,"Height":41,"Demand":1,"DemandMax":null,"Value":2419},{"Length":39,"Height":62,"Demand":1,"DemandMax":null,"Value":2418},{"Length":69,"Height":35,"Demand":1,"DemandMax":null,"Value":2415},{"Length":71,"Height":34,"Demand":1,"DemandMax":null,"Value":2414},{"Length":33,"Height":73,"Demand":1,"DemandMax":null,"Value":2409},{"Length":37,"Height":65,"Demand":1,"DemandMax":null,"Value":2405},{"Length":49,"Height":49,"Demand":1,"DemandMax":null,"Value":2401},{"Length":48,"Height":50,"Demand":1,"DemandMax":null,"Value":2400},{"Length":32,"Height":75,"Demand":1,"DemandMax":null,"Value":2400},{"Length":40,"Height":60,"Demand":1,"DemandMax":null,"Value":2400},{"Length":51,"Height":47,"Demand":1,"DemandMax":null,"Value":2397},{"Length":38,"Height":63,"Demand":1,"DemandMax":null,"Value":2394},{"Length":42,"Height":57,"Demand":1,"DemandMax":null,"Value":2394},{"Length":70,"Height":34,"Demand":1,"DemandMax":null,"Value":2380},{"Length":68,"Height":35,"Demand":1,"DemandMax":null,"Value":2380},{"Length":39,"Height":61,"Demand":1,"DemandMax":null,"Value":2379},{"Length":58,"Height":41,"Demand":1,"DemandMax":null,"Value":2378},{"Length":33,"Height":72,"Demand":1,"DemandMax":null,"Value":2376},{"Length":54,"Height":44,"Demand":1,"DemandMax":null,"Value":2376},{"Length":36,"Height":66,"Demand":1,"DemandMax":null,"Value":2376},{"Length":74,"Height":32,"Demand":1,"DemandMax":null,"Value":2368},{"Length":55,"Height":43,"Demand":1,"DemandMax":null,"Value":2365},{"Length":62,"Height":38,"Demand":1,"DemandMax":null,"Value":2356},{"Length":42,"Height":56,"Demand":1,"DemandMax":null,"Value":2352},{"Length":50,"Height":47,"Demand":1,"DemandMax":null,"Value":2350},{"Length":34,"Height":69,"Demand":1,"DemandMax":null,"Value":2346},{"Length":51,"Height":46,"Demand":1,"DemandMax":null,"Value":2346},{"Length":67,"Height":35,"Demand":1,"DemandMax":null,"Value":2345},{"Length":33,"Height":71,"Demand":1,"DemandMax":null,"Value":2343},{"Length":65,"Height":36,"Demand":1,"DemandMax":null,"Value":2340},{"Length":60,"Height":39,"Demand":1,"DemandMax":null,"Value":2340},{"Length":52,"Height":45,"Demand":1,"DemandMax":null,"Value":2340},{"Length":41,"Height":57,"Demand":1,"DemandMax":null,"Value":2337},{"Length":73,"Height":32,"Demand":1,"DemandMax":null,"Value":2336},{"Length":44,"Height":53,"Demand":1,"DemandMax":null,"Value":2332},{"Length":37,"Height":63,"Demand":1,"DemandMax":null,"Value":2331},{"Length":43,"Height":54,"Demand":1,"DemandMax":null,"Value":2322},{"Length":40,"Height":58,"Demand":1,"DemandMax":null,"Value":2320},{"Length":66,"Height":35,"Demand":1,"DemandMax":null,"Value":2310},{"Length":42,"Height":55,"Demand":1,"DemandMax":null,"Value":2310},{"Length":48,"Height":48,"Demand":1,"DemandMax":null,"Value":2304},{"Length":36,"Height":64,"Demand":1,"DemandMax":null,"Value":2304},{"Length":49,"Height":47,"Demand":1,"DemandMax":null,"Value":2303},{"Length":39,"Height":59,"Demand":1,"DemandMax":null,"Value":2301},{"Length":41,"Height":56,"Demand":1,"DemandMax":null,"Value":2296},{"Length":38,"Height":60,"Demand":1,"DemandMax":null,"Value":2280},{"Length":40,"Height":57,"Demand":1,"DemandMax":null,"Value":2280},{"Length":67,"Height":34,"Demand":1,"DemandMax":null,"Value":2278},{"Length":69,"Height":33,"Demand":1,"DemandMax":null,"Value":2277},{"Length":65,"Height":35,"Demand":1,"DemandMax":null,"Value":2275},{"Length":32,"Height":71,"Demand":1,"DemandMax":null,"Value":2272},{"Length":42,"Height":54,"Demand":1,"DemandMax":null,"Value":2268},{"Length":36,"Height":63,"Demand":1,"DemandMax":null,"Value":2268},{"Length":73,"Height":31,"Demand":1,"DemandMax":null,"Value":2263},{"Length":39,"Height":58,"Demand":1,"DemandMax":null,"Value":2262},{"Length":37,"Height":61,"Demand":1,"DemandMax":null,"Value":2257},{"Length":41,"Height":55,"Demand":1,"DemandMax":null,"Value":2255},{"Length":46,"Height":49,"Demand":1,"DemandMax":null,"Value":2254},{"Length":50,"Height":45,"Demand":1,"DemandMax":null,"Value":2250},{"Length":66,"Height":34,"Demand":1,"DemandMax":null,"Value":2244},{"Length":51,"Height":44,"Demand":1,"DemandMax":null,"Value":2244},{"Length":33,"Height":68,"Demand":1,"DemandMax":null,"Value":2244},{"Length":40,"Height":56,"Demand":1,"DemandMax":null,"Value":2240},{"Length":35,"Height":64,"Demand":1,"DemandMax":null,"Value":2240},{"Length":32,"Height":70,"Demand":1,"DemandMax":null,"Value":2240},{"Length":43,"Height":52,"Demand":1,"DemandMax":null,"Value":2236},{"Length":31,"Height":72,"Demand":1,"DemandMax":null,"Value":2232},{"Length":36,"Height":62,"Demand":1,"DemandMax":null,"Value":2232},{"Length":42,"Height":53,"Demand":1,"DemandMax":null,"Value":2226},{"Length":60,"Height":37,"Demand":1,"DemandMax":null,"Value":2220},{"Length":67,"Height":33,"Demand":1,"DemandMax":null,"Value":2211},{"Length":34,"Height":65,"Demand":1,"DemandMax":null,"Value":2210},{"Length":47,"Height":47,"Demand":1,"DemandMax":null,"Value":2209},{"Length":48,"Height":46,"Demand":1,"DemandMax":null,"Value":2208},{"Length":35,"Height":63,"Demand":1,"DemandMax":null,"Value":2205},{"Length":49,"Height":45,"Demand":1,"DemandMax":null,"Value":2205},{"Length":71,"Height":31,"Demand":1,"DemandMax":null,"Value":2201},{"Length":44,"Height":50,"Demand":1,"DemandMax":null,"Value":2200},{"Length":36,"Height":61,"Demand":1,"DemandMax":null,"Value":2196},{"Length":51,"Height":43,"Demand":1,"DemandMax":null,"Value":2193},{"Length":56,"Height":39,"Demand":1,"DemandMax":null,"Value":2184},{"Length":66,"Height":33,"Demand":1,"DemandMax":null,"Value":2178},{"Length":34,"Height":64,"Demand":1,"DemandMax":null,"Value":2176},{"Length":68,"Height":32,"Demand":1,"DemandMax":null,"Value":2176},{"Length":29,"Height":75,"Demand":1,"DemandMax":null,"Value":2175},{"Length":41,"Height":53,"Demand":1,"DemandMax":null,"Value":2173},{"Length":31,"Height":70,"Demand":1,"DemandMax":null,"Value":2170},{"Length":35,"Height":62,"Demand":1,"DemandMax":null,"Value":2170},{"Length":38,"Height":57,"Demand":1,"DemandMax":null,"Value":2166},{"Length":47,"Height":46,"Demand":1,"DemandMax":null,"Value":2162},{"Length":45,"Height":48,"Demand":1,"DemandMax":null,"Value":2160},{"Length":40,"Height":54,"Demand":1,"DemandMax":null,"Value":2160},{"Length":36,"Height":60,"Demand":1,"DemandMax":null,"Value":2160},{"Length":44,"Height":49,"Demand":1,"DemandMax":null,"Value":2156},{"Length":58,"Height":37,"Demand":1,"DemandMax":null,"Value":2146},{"Length":55,"Height":39,"Demand":1,"DemandMax":null,"Value":2145},{"Length":65,"Height":33,"Demand":1,"DemandMax":null,"Value":2145},{"Length":32,"Height":67,"Demand":1,"DemandMax":null,"Value":2144},{"Length":51,"Height":42,"Demand":1,"DemandMax":null,"Value":2142},{"Length":63,"Height":34,"Demand":1,"DemandMax":null,"Value":2142},{"Length":69,"Height":31,"Demand":1,"DemandMax":null,"Value":2139},{"Length":35,"Height":61,"Demand":1,"DemandMax":null,"Value":2135},{"Length":56,"Height":38,"Demand":1,"DemandMax":null,"Value":2128},{"Length":36,"Height":59,"Demand":1,"DemandMax":null,"Value":2124},{"Length":73,"Height":29,"Demand":1,"DemandMax":null,"Value":2117},{"Length":46,"Height":46,"Demand":1,"DemandMax":null,"Value":2116},{"Length":32,"Height":66,"Demand":1,"DemandMax":null,"Value":2112},{"Length":48,"Height":44,"Demand":1,"DemandMax":null,"Value":2112},{"Length":57,"Height":37,"Demand":1,"DemandMax":null,"Value":2109},{"Length":31,"Height":68,"Demand":1,"DemandMax":null,"Value":2108},{"Length":62,"Height":34,"Demand":1,"DemandMax":null,"Value":2108},{"Length":43,"Height":49,"Demand":1,"DemandMax":null,"Value":2107},{"Length":75,"Height":28,"Demand":1,"DemandMax":null,"Value":2100},{"Length":42,"Height":50,"Demand":1,"DemandMax":null,"Value":2100},{"Length":30,"Height":70,"Demand":1,"DemandMax":null,"Value":2100},{"Length":41,"Height":51,"Demand":1,"DemandMax":null,"Value":2091},{"Length":55,"Height":38,"Demand":1,"DemandMax":null,"Value":2090},{"Length":72,"Height":29,"Demand":1,"DemandMax":null,"Value":2088},{"Length":58,"Height":36,"Demand":1,"DemandMax":null,"Value":2088},{"Length":40,"Height":52,"Demand":1,"DemandMax":null,"Value":2080},{"Length":32,"Height":65,"Demand":1,"DemandMax":null,"Value":2080},{"Length":33,"Height":63,"Demand":1,"DemandMax":null,"Value":2079},{"Length":31,"Height":67,"Demand":1,"DemandMax":null,"Value":2077},{"Length":34,"Height":61,"Demand":1,"DemandMax":null,"Value":2074},{"Length":37,"Height":56,"Demand":1,"DemandMax":null,"Value":2072},{"Length":74,"Height":28,"Demand":1,"DemandMax":null,"Value":2072},{"Length":69,"Height":30,"Demand":1,"DemandMax":null,"Value":2070},{"Length":45,"Height":46,"Demand":1,"DemandMax":null,"Value":2070},{"Length":53,"Height":39,"Demand":1,"DemandMax":null,"Value":2067},{"Length":59,"Height":35,"Demand":1,"DemandMax":null,"Value":2065},{"Length":43,"Height":48,"Demand":1,"DemandMax":null,"Value":2064},{"Length":71,"Height":29,"Demand":1,"DemandMax":null,"Value":2059},{"Length":54,"Height":38,"Demand":1,"DemandMax":null,"Value":2052},{"Length":57,"Height":36,"Demand":1,"DemandMax":null,"Value":2052},{"Length":41,"Height":50,"Demand":1,"DemandMax":null,"Value":2050},{"Length":32,"Height":64,"Demand":1,"DemandMax":null,"Value":2048},{"Length":66,"Height":31,"Demand":1,"DemandMax":null,"Value":2046},{"Length":62,"Height":33,"Demand":1,"DemandMax":null,"Value":2046},{"Length":68,"Height":30,"Demand":1,"DemandMax":null,"Value":2040},{"Length":34,"Height":60,"Demand":1,"DemandMax":null,"Value":2040},{"Length":51,"Height":40,"Demand":1,"DemandMax":null,"Value":2040},{"Length":37,"Height":55,"Demand":1,"DemandMax":null,"Value":2035},{"Length":58,"Height":35,"Demand":1,"DemandMax":null,"Value":2030},{"Length":29,"Height":70,"Demand":1,"DemandMax":null,"Value":2030},{"Length":39,"Height":52,"Demand":1,"DemandMax":null,"Value":2028},{"Length":45,"Height":45,"Demand":1,"DemandMax":null,"Value":2025},{"Length":75,"Height":27,"Demand":1,"DemandMax":null,"Value":2025},{"Length":44,"Height":46,"Demand":1,"DemandMax":null,"Value":2024},{"Length":32,"Height":63,"Demand":1,"DemandMax":null,"Value":2016},{"Length":56,"Height":36,"Demand":1,"DemandMax":null,"Value":2016},{"Length":65,"Height":31,"Demand":1,"DemandMax":null,"Value":2015},{"Length":38,"Height":53,"Demand":1,"DemandMax":null,"Value":2014},{"Length":33,"Height":61,"Demand":1,"DemandMax":null,"Value":2013},{"Length":67,"Height":30,"Demand":1,"DemandMax":null,"Value":2010},{"Length":41,"Height":49,"Demand":1,"DemandMax":null,"Value":2009},{"Length":50,"Height":40,"Demand":1,"DemandMax":null,"Value":2000},{"Length":37,"Height":54,"Demand":1,"DemandMax":null,"Value":1998},{"Length":27,"Height":74,"Demand":1,"DemandMax":null,"Value":1998},{"Length":35,"Height":57,"Demand":1,"DemandMax":null,"Value":1995},{"Length":28,"Height":71,"Demand":1,"DemandMax":null,"Value":1988},{"Length":64,"Height":31,"Demand":1,"DemandMax":null,"Value":1984},{"Length":62,"Height":32,"Demand":1,"DemandMax":null,"Value":1984},{"Length":44,"Height":45,"Demand":1,"DemandMax":null,"Value":1980},{"Length":55,"Height":36,"Demand":1,"DemandMax":null,"Value":1980},{"Length":60,"Height":33,"Demand":1,"DemandMax":null,"Value":1980},{"Length":66,"Height":30,"Demand":1,"DemandMax":null,"Value":1980},{"Length":46,"Height":43,"Demand":1,"DemandMax":null,"Value":1978},{"Length":52,"Height":38,"Demand":1,"DemandMax":null,"Value":1976},{"Length":42,"Height":47,"Demand":1,"DemandMax":null,"Value":1974},{"Length":34,"Height":58,"Demand":1,"DemandMax":null,"Value":1972},{"Length":68,"Height":29,"Demand":1,"DemandMax":null,"Value":1972},{"Length":27,"Height":73,"Demand":1,"DemandMax":null,"Value":1971},{"Length":41,"Height":48,"Demand":1,"DemandMax":null,"Value":1968},{"Length":37,"Height":53,"Demand":1,"DemandMax":null,"Value":1961},{"Length":49,"Height":40,"Demand":1,"DemandMax":null,"Value":1960},{"Length":35,"Height":56,"Demand":1,"DemandMax":null,"Value":1960},{"Length":63,"Height":31,"Demand":1,"DemandMax":null,"Value":1953},{"Length":61,"Height":32,"Demand":1,"DemandMax":null,"Value":1952},{"Length":75,"Height":26,"Demand":1,"DemandMax":null,"Value":1950},{"Length":65,"Height":30,"Demand":1,"DemandMax":null,"Value":1950},{"Length":50,"Height":39,"Demand":1,"DemandMax":null,"Value":1950},{"Length":36,"Height":54,"Demand":1,"DemandMax":null,"Value":1944},{"Length":72,"Height":27,"Demand":1,"DemandMax":null,"Value":1944},{"Length":67,"Height":29,"Demand":1,"DemandMax":null,"Value":1943},{"Length":34,"Height":57,"Demand":1,"DemandMax":null,"Value":1938},{"Length":38,"Height":51,"Demand":1,"DemandMax":null,"Value":1938},{"Length":44,"Height":44,"Demand":1,"DemandMax":null,"Value":1936},{"Length":45,"Height":43,"Demand":1,"DemandMax":null,"Value":1935},{"Length":46,"Height":42,"Demand":1,"DemandMax":null,"Value":1932},{"Length":28,"Height":69,"Demand":1,"DemandMax":null,"Value":1932},{"Length":55,"Height":35,"Demand":1,"DemandMax":null,"Value":1925},{"Length":52,"Height":37,"Demand":1,"DemandMax":null,"Value":1924},{"Length":74,"Height":26,"Demand":1,"DemandMax":null,"Value":1924},{"Length":48,"Height":40,"Demand":1,"DemandMax":null,"Value":1920},{"Length":60,"Height":32,"Demand":1,"DemandMax":null,"Value":1920},{"Length":64,"Height":30,"Demand":1,"DemandMax":null,"Value":1920},{"Length":27,"Height":71,"Demand":1,"DemandMax":null,"Value":1917},{"Length":66,"Height":29,"Demand":1,"DemandMax":null,"Value":1914},{"Length":33,"Height":58,"Demand":1,"DemandMax":null,"Value":1914},{"Length":49,"Height":39,"Demand":1,"DemandMax":null,"Value":1911},{"Length":53,"Height":36,"Demand":1,"DemandMax":null,"Value":1908},{"Length":28,"Height":68,"Demand":1,"DemandMax":null,"Value":1904},{"Length":50,"Height":38,"Demand":1,"DemandMax":null,"Value":1900},{"Length":73,"Height":26,"Demand":1,"DemandMax":null,"Value":1898},{"Length":44,"Height":43,"Demand":1,"DemandMax":null,"Value":1892},{"Length":70,"Height":27,"Demand":1,"DemandMax":null,"Value":1890},{"Length":63,"Height":30,"Demand":1,"DemandMax":null,"Value":1890},{"Length":42,"Height":45,"Demand":1,"DemandMax":null,"Value":1890},{"Length":32,"Height":59,"Demand":1,"DemandMax":null,"Value":1888},{"Length":37,"Height":51,"Demand":1,"DemandMax":null,"Value":1887},{"Length":41,"Height":46,"Demand":1,"DemandMax":null,"Value":1886},{"Length":65,"Height":29,"Demand":1,"DemandMax":null,"Value":1885},{"Length":47,"Height":40,"Demand":1,"DemandMax":null,"Value":1880},{"Length":25,"Height":75,"Demand":1,"DemandMax":null,"Value":1875},{"Length":52,"Height":36,"Demand":1,"DemandMax":null,"Value":1872},{"Length":39,"Height":48,"Demand":1,"DemandMax":null,"Value":1872},{"Length":55,"Height":34,"Demand":1,"DemandMax":null,"Value":1870},{"Length":62,"Height":30,"Demand":1,"DemandMax":null,"Value":1860},{"Length":60,"Height":31,"Demand":1,"DemandMax":null,"Value":1860},{"Length":32,"Height":58,"Demand":1,"DemandMax":null,"Value":1856},{"Length":64,"Height":29,"Demand":1,"DemandMax":null,"Value":1856},{"Length":35,"Height":53,"Demand":1,"DemandMax":null,"Value":1855},{"Length":37,"Height":50,"Demand":1,"DemandMax":null,"Value":1850},{"Length":74,"Height":25,"Demand":1,"DemandMax":null,"Value":1850},{"Length":43,"Height":43,"Demand":1,"DemandMax":null,"Value":1849},{"Length":28,"Height":66,"Demand":1,"DemandMax":null,"Value":1848},{"Length":45,"Height":41,"Demand":1,"DemandMax":null,"Value":1845},{"Length":46,"Height":40,"Demand":1,"DemandMax":null,"Value":1840},{"Length":27,"Height":68,"Demand":1,"DemandMax":null,"Value":1836},{"Length":47,"Height":39,"Demand":1,"DemandMax":null,"Value":1833},{"Length":30,"Height":61,"Demand":1,"DemandMax":null,"Value":1830},{"Length":31,"Height":59,"Demand":1,"DemandMax":null,"Value":1829},{"Length":63,"Height":29,"Demand":1,"DemandMax":null,"Value":1827},{"Length":57,"Height":32,"Demand":1,"DemandMax":null,"Value":1824},{"Length":48,"Height":38,"Demand":1,"DemandMax":null,"Value":1824},{"Length":35,"Height":52,"Demand":1,"DemandMax":null,"Value":1820},{"Length":70,"Height":26,"Demand":1,"DemandMax":null,"Value":1820},{"Length":33,"Height":55,"Demand":1,"DemandMax":null,"Value":1815},{"Length":37,"Height":49,"Demand":1,"DemandMax":null,"Value":1813},{"Length":27,"Height":67,"Demand":1,"DemandMax":null,"Value":1809},{"Length":42,"Height":43,"Demand":1,"DemandMax":null,"Value":1806},{"Length":53,"Height":34,"Demand":1,"DemandMax":null,"Value":1802},{"Length":25,"Height":72,"Demand":1,"DemandMax":null,"Value":1800},{"Length":36,"Height":50,"Demand":1,"DemandMax":null,"Value":1800},{"Length":40,"Height":45,"Demand":1,"DemandMax":null,"Value":1800},{"Length":60,"Height":30,"Demand":1,"DemandMax":null,"Value":1800},{"Length":62,"Height":29,"Demand":1,"DemandMax":null,"Value":1798},{"Length":31,"Height":58,"Demand":1,"DemandMax":null,"Value":1798},{"Length":69,"Height":26,"Demand":1,"DemandMax":null,"Value":1794},{"Length":46,"Height":39,"Demand":1,"DemandMax":null,"Value":1794},{"Length":64,"Height":28,"Demand":1,"DemandMax":null,"Value":1792},{"Length":32,"Height":56,"Demand":1,"DemandMax":null,"Value":1792},{"Length":47,"Height":38,"Demand":1,"DemandMax":null,"Value":1786},{"Length":33,"Height":54,"Demand":1,"DemandMax":null,"Value":1782},{"Length":37,"Height":48,"Demand":1,"DemandMax":null,"Value":1776},{"Length":25,"Height":71,"Demand":1,"DemandMax":null,"Value":1775},{"Length":59,"Height":30,"Demand":1,"DemandMax":null,"Value":1770},{"Length":29,"Height":61,"Demand":1,"DemandMax":null,"Value":1769},{"Length":52,"Height":34,"Demand":1,"DemandMax":null,"Value":1768},{"Length":26,"Height":68,"Demand":1,"DemandMax":null,"Value":1768},{"Length":31,"Height":57,"Demand":1,"DemandMax":null,"Value":1767},{"Length":63,"Height":28,"Demand":1,"DemandMax":null,"Value":1764},{"Length":49,"Height":36,"Demand":1,"DemandMax":null,"Value":1764},{"Length":42,"Height":42,"Demand":1,"DemandMax":null,"Value":1764},{"Length":44,"Height":40,"Demand":1,"DemandMax":null,"Value":1760},{"Length":32,"Height":55,"Demand":1,"DemandMax":null,"Value":1760},{"Length":45,"Height":39,"Demand":1,"DemandMax":null,"Value":1755},{"Length":25,"Height":70,"Demand":1,"DemandMax":null,"Value":1750},{"Length":53,"Height":33,"Demand":1,"DemandMax":null,"Value":1749},{"Length":67,"Height":26,"Demand":1,"DemandMax":null,"Value":1742},{"Length":60,"Height":29,"Demand":1,"DemandMax":null,"Value":1740},{"Length":47,"Height":37,"Demand":1,"DemandMax":null,"Value":1739},{"Length":62,"Height":28,"Demand":1,"DemandMax":null,"Value":1736},{"Length":31,"Height":56,"Demand":1,"DemandMax":null,"Value":1736},{"Length":51,"Height":34,"Demand":1,"DemandMax":null,"Value":1734},{"Length":32,"Height":54,"Demand":1,"DemandMax":null,"Value":1728},{"Length":48,"Height":36,"Demand":1,"DemandMax":null,"Value":1728},{"Length":27,"Height":64,"Demand":1,"DemandMax":null,"Value":1728},{"Length":69,"Height":25,"Demand":1,"DemandMax":null,"Value":1725},{"Length":42,"Height":41,"Demand":1,"DemandMax":null,"Value":1722},{"Length":43,"Height":40,"Demand":1,"DemandMax":null,"Value":1720},{"Length":66,"Height":26,"Demand":1,"DemandMax":null,"Value":1716},{"Length":52,"Height":33,"Demand":1,"DemandMax":null,"Value":1716},{"Length":44,"Height":39,"Demand":1,"DemandMax":null,"Value":1716},{"Length":35,"Height":49,"Demand":1,"DemandMax":null,"Value":1715},{"Length":29,"Height":59,"Demand":1,"DemandMax":null,"Value":1711},{"Length":57,"Height":30,"Demand":1,"DemandMax":null,"Value":1710},{"Length":61,"Height":28,"Demand":1,"DemandMax":null,"Value":1708},{"Length":63,"Height":27,"Demand":1,"DemandMax":null,"Value":1701},{"Length":50,"Height":34,"Demand":1,"DemandMax":null,"Value":1700},{"Length":25,"Height":68,"Demand":1,"DemandMax":null,"Value":1700},{"Length":47,"Height":36,"Demand":1,"DemandMax":null,"Value":1692},{"Length":26,"Height":65,"Demand":1,"DemandMax":null,"Value":1690},{"Length":29,"Height":58,"Demand":1,"DemandMax":null,"Value":1682},{"Length":60,"Height":28,"Demand":1,"DemandMax":null,"Value":1680},{"Length":30,"Height":56,"Demand":1,"DemandMax":null,"Value":1680},{"Length":42,"Height":40,"Demand":1,"DemandMax":null,"Value":1680},{"Length":35,"Height":48,"Demand":1,"DemandMax":null,"Value":1680},{"Length":43,"Height":39,"Demand":1,"DemandMax":null,"Value":1677},{"Length":54,"Height":31,"Demand":1,"DemandMax":null,"Value":1674},{"Length":38,"Height":44,"Demand":1,"DemandMax":null,"Value":1672},{"Length":49,"Height":34,"Demand":1,"DemandMax":null,"Value":1666},{"Length":45,"Height":37,"Demand":1,"DemandMax":null,"Value":1665},{"Length":52,"Height":32,"Demand":1,"DemandMax":null,"Value":1664},{"Length":26,"Height":64,"Demand":1,"DemandMax":null,"Value":1664},{"Length":29,"Height":57,"Demand":1,"DemandMax":null,"Value":1653},{"Length":28,"Height":59,"Demand":1,"DemandMax":null,"Value":1652},{"Length":66,"Height":25,"Demand":1,"DemandMax":null,"Value":1650},{"Length":61,"Height":27,"Demand":1,"DemandMax":null,"Value":1647},{"Length":35,"Height":47,"Demand":1,"DemandMax":null,"Value":1645},{"Length":53,"Height":31,"Demand":1,"DemandMax":null,"Value":1643},{"Length":42,"Height":39,"Demand":1,"DemandMax":null,"Value":1638},{"Length":26,"Height":63,"Demand":1,"DemandMax":null,"Value":1638},{"Length":38,"Height":43,"Demand":1,"DemandMax":null,"Value":1634},{"Length":48,"Height":34,"Demand":1,"DemandMax":null,"Value":1632},{"Length":44,"Height":37,"Demand":1,"DemandMax":null,"Value":1628},{"Length":65,"Height":25,"Demand":1,"DemandMax":null,"Value":1625},{"Length":58,"Height":28,"Demand":1,"DemandMax":null,"Value":1624},{"Length":56,"Height":29,"Demand":1,"DemandMax":null,"Value":1624},{"Length":45,"Height":36,"Demand":1,"DemandMax":null,"Value":1620},{"Length":54,"Height":30,"Demand":1,"DemandMax":null,"Value":1620},{"Length":33,"Height":49,"Demand":1,"DemandMax":null,"Value":1617},{"Length":26,"Height":62,"Demand":1,"DemandMax":null,"Value":1612},{"Length":52,"Height":31,"Demand":1,"DemandMax":null,"Value":1612},{"Length":46,"Height":35,"Demand":1,"DemandMax":null,"Value":1610},{"Length":50,"Height":32,"Demand":1,"DemandMax":null,"Value":1600},{"Length":25,"Height":64,"Demand":1,"DemandMax":null,"Value":1600},{"Length":41,"Height":39,"Demand":1,"DemandMax":null,"Value":1599},{"Length":34,"Height":47,"Demand":1,"DemandMax":null,"Value":1598},{"Length":38,"Height":42,"Demand":1,"DemandMax":null,"Value":1596},{"Length":55,"Height":29,"Demand":1,"DemandMax":null,"Value":1595},{"Length":43,"Height":37,"Demand":1,"DemandMax":null,"Value":1591},{"Length":53,"Height":30,"Demand":1,"DemandMax":null,"Value":1590},{"Length":61,"Height":26,"Demand":1,"DemandMax":null,"Value":1586},{"Length":48,"Height":33,"Demand":1,"DemandMax":null,"Value":1584},{"Length":44,"Height":36,"Demand":1,"DemandMax":null,"Value":1584},{"Length":51,"Height":31,"Demand":1,"DemandMax":null,"Value":1581},{"Length":25,"Height":63,"Demand":1,"DemandMax":null,"Value":1575},{"Length":49,"Height":32,"Demand":1,"DemandMax":null,"Value":1568},{"Length":56,"Height":28,"Demand":1,"DemandMax":null,"Value":1568},{"Length":29,"Height":54,"Demand":1,"DemandMax":null,"Value":1566},{"Length":26,"Height":60,"Demand":1,"DemandMax":null,"Value":1560},{"Length":52,"Height":30,"Demand":1,"DemandMax":null,"Value":1560},{"Length":41,"Height":38,"Demand":1,"DemandMax":null,"Value":1558},{"Length":47,"Height":33,"Demand":1,"DemandMax":null,"Value":1551},{"Length":25,"Height":62,"Demand":1,"DemandMax":null,"Value":1550},{"Length":43,"Height":36,"Demand":1,"DemandMax":null,"Value":1548},{"Length":28,"Height":55,"Demand":1,"DemandMax":null,"Value":1540},{"Length":44,"Height":35,"Demand":1,"DemandMax":null,"Value":1540},{"Length":29,"Height":53,"Demand":1,"DemandMax":null,"Value":1537},{"Length":48,"Height":32,"Demand":1,"DemandMax":null,"Value":1536},{"Length":26,"Height":59,"Demand":1,"DemandMax":null,"Value":1534},{"Length":30,"Height":51,"Demand":1,"DemandMax":null,"Value":1530},{"Length":45,"Height":34,"Demand":1,"DemandMax":null,"Value":1530},{"Length":25,"Height":61,"Demand":1,"DemandMax":null,"Value":1525},{"Length":39,"Height":39,"Demand":1,"DemandMax":null,"Value":1521},{"Length":49,"Height":31,"Demand":1,"DemandMax":null,"Value":1519},{"Length":46,"Height":33,"Demand":1,"DemandMax":null,"Value":1518},{"Length":41,"Height":37,"Demand":1,"DemandMax":null,"Value":1517},{"Length":54,"Height":28,"Demand":1,"DemandMax":null,"Value":1512},{"Length":27,"Height":56,"Demand":1,"DemandMax":null,"Value":1512},{"Length":42,"Height":36,"Demand":1,"DemandMax":null,"Value":1512},{"Length":52,"Height":29,"Demand":1,"DemandMax":null,"Value":1508},{"Length":58,"Height":26,"Demand":1,"DemandMax":null,"Value":1508},{"Length":32,"Height":47,"Demand":1,"DemandMax":null,"Value":1504},{"Length":50,"Height":30,"Demand":1,"DemandMax":null,"Value":1500},{"Length":44,"Height":34,"Demand":1,"DemandMax":null,"Value":1496},{"Length":45,"Height":33,"Demand":1,"DemandMax":null,"Value":1485},{"Length":55,"Height":27,"Demand":1,"DemandMax":null,"Value":1485},{"Length":28,"Height":53,"Demand":1,"DemandMax":null,"Value":1484},{"Length":26,"Height":57,"Demand":1,"DemandMax":null,"Value":1482},{"Length":37,"Height":40,"Demand":1,"DemandMax":null,"Value":1480},{"Length":41,"Height":36,"Demand":1,"DemandMax":null,"Value":1476},{"Length":59,"Height":25,"Demand":1,"DemandMax":null,"Value":1475},{"Length":46,"Height":32,"Demand":1,"DemandMax":null,"Value":1472},{"Length":49,"Height":30,"Demand":1,"DemandMax":null,"Value":1470},{"Length":42,"Height":35,"Demand":1,"DemandMax":null,"Value":1470},{"Length":43,"Height":34,"Demand":1,"DemandMax":null,"Value":1462},{"Length":54,"Height":27,"Demand":1,"DemandMax":null,"Value":1458},{"Length":31,"Height":47,"Demand":1,"DemandMax":null,"Value":1457},{"Length":56,"Height":26,"Demand":1,"DemandMax":null,"Value":1456},{"Length":28,"Height":52,"Demand":1,"DemandMax":null,"Value":1456},{"Length":44,"Height":33,"Demand":1,"DemandMax":null,"Value":1452},{"Length":37,"Height":39,"Demand":1,"DemandMax":null,"Value":1443},{"Length":45,"Height":32,"Demand":1,"DemandMax":null,"Value":1440},{"Length":30,"Height":48,"Demand":1,"DemandMax":null,"Value":1440},{"Length":36,"Height":40,"Demand":1,"DemandMax":null,"Value":1440},{"Length":35,"Height":41,"Demand":1,"DemandMax":null,"Value":1435},{"Length":53,"Height":27,"Demand":1,"DemandMax":null,"Value":1431},{"Length":55,"Height":26,"Demand":1,"DemandMax":null,"Value":1430},{"Length":34,"Height":42,"Demand":1,"DemandMax":null,"Value":1428},{"Length":28,"Height":51,"Demand":1,"DemandMax":null,"Value":1428},{"Length":31,"Height":46,"Demand":1,"DemandMax":null,"Value":1426},{"Length":57,"Height":25,"Demand":1,"DemandMax":null,"Value":1425},{"Length":49,"Height":29,"Demand":1,"DemandMax":null,"Value":1421},{"Length":43,"Height":33,"Demand":1,"DemandMax":null,"Value":1419},{"Length":30,"Height":47,"Demand":1,"DemandMax":null,"Value":1410},{"Length":32,"Height":44,"Demand":1,"DemandMax":null,"Value":1408},{"Length":37,"Height":38,"Demand":1,"DemandMax":null,"Value":1406},{"Length":52,"Height":27,"Demand":1,"DemandMax":null,"Value":1404},{"Length":54,"Height":26,"Demand":1,"DemandMax":null,"Value":1404},{"Length":39,"Height":36,"Demand":1,"DemandMax":null,"Value":1404},{"Length":56,"Height":25,"Demand":1,"DemandMax":null,"Value":1400},{"Length":35,"Height":40,"Demand":1,"DemandMax":null,"Value":1400},{"Length":31,"Height":45,"Demand":1,"DemandMax":null,"Value":1395},{"Length":41,"Height":34,"Demand":1,"DemandMax":null,"Value":1394},{"Length":29,"Height":48,"Demand":1,"DemandMax":null,"Value":1392},{"Length":42,"Height":33,"Demand":1,"DemandMax":null,"Value":1386},{"Length":53,"Height":26,"Demand":1,"DemandMax":null,"Value":1378},{"Length":27,"Height":51,"Demand":1,"DemandMax":null,"Value":1377},{"Length":32,"Height":43,"Demand":1,"DemandMax":null,"Value":1376},{"Length":25,"Height":55,"Demand":1,"DemandMax":null,"Value":1375},{"Length":28,"Height":49,"Demand":1,"DemandMax":null,"Value":1372},{"Length":37,"Height":37,"Demand":1,"DemandMax":null,"Value":1369},{"Length":36,"Height":38,"Demand":1,"DemandMax":null,"Value":1368},{"Length":39,"Height":35,"Demand":1,"DemandMax":null,"Value":1365},{"Length":31,"Height":44,"Demand":1,"DemandMax":null,"Value":1364},{"Length":47,"Height":29,"Demand":1,"DemandMax":null,"Value":1363},{"Length":34,"Height":40,"Demand":1,"DemandMax":null,"Value":1360},{"Length":41,"Height":33,"Demand":1,"DemandMax":null,"Value":1353},{"Length":26,"Height":52,"Demand":1,"DemandMax":null,"Value":1352},{"Length":54,"Height":25,"Demand":1,"DemandMax":null,"Value":1350},{"Length":32,"Height":42,"Demand":1,"DemandMax":null,"Value":1344},{"Length":48,"Height":28,"Demand":1,"DemandMax":null,"Value":1344},{"Length":29,"Height":46,"Demand":1,"DemandMax":null,"Value":1334},{"Length":34,"Height":39,"Demand":1,"DemandMax":null,"Value":1326},{"Length":51,"Height":26,"Demand":1,"DemandMax":null,"Value":1326},{"Length":53,"Height":25,"Demand":1,"DemandMax":null,"Value":1325},{"Length":49,"Height":27,"Demand":1,"DemandMax":null,"Value":1323},{"Length":40,"Height":33,"Demand":1,"DemandMax":null,"Value":1320},{"Length":45,"Height":29,"Demand":1,"DemandMax":null,"Value":1305},{"Length":31,"Height":42,"Demand":1,"DemandMax":null,"Value":1302},{"Length":26,"Height":50,"Demand":1,"DemandMax":null,"Value":1300},{"Length":36,"Height":36,"Demand":1,"DemandMax":null,"Value":1296},{"Length":27,"Height":48,"Demand":1,"DemandMax":null,"Value":1296},{"Length":35,"Height":37,"Demand":1,"DemandMax":null,"Value":1295},{"Length":34,"Height":38,"Demand":1,"DemandMax":null,"Value":1292},{"Length":43,"Height":30,"Demand":1,"DemandMax":null,"Value":1290},{"Length":28,"Height":46,"Demand":1,"DemandMax":null,"Value":1288},{"Length":32,"Height":40,"Demand":1,"DemandMax":null,"Value":1280},{"Length":44,"Height":29,"Demand":1,"DemandMax":null,"Value":1276},{"Length":25,"Height":51,"Demand":1,"DemandMax":null,"Value":1275},{"Length":26,"Height":49,"Demand":1,"DemandMax":null,"Value":1274},{"Length":41,"Height":31,"Demand":1,"DemandMax":null,"Value":1271},{"Length":47,"Height":27,"Demand":1,"DemandMax":null,"Value":1269},{"Length":30,"Height":42,"Demand":1,"DemandMax":null,"Value":1260},{"Length":35,"Height":36,"Demand":1,"DemandMax":null,"Value":1260},{"Length":28,"Height":45,"Demand":1,"DemandMax":null,"Value":1260},{"Length":34,"Height":37,"Demand":1,"DemandMax":null,"Value":1258},{"Length":38,"Height":33,"Demand":1,"DemandMax":null,"Value":1254},{"Length":26,"Height":48,"Demand":1,"DemandMax":null,"Value":1248},{"Length":39,"Height":32,"Demand":1,"DemandMax":null,"Value":1248},{"Length":29,"Height":43,"Demand":1,"DemandMax":null,"Value":1247},{"Length":46,"Height":27,"Demand":1,"DemandMax":null,"Value":1242},{"Length":40,"Height":31,"Demand":1,"DemandMax":null,"Value":1240},{"Length":30,"Height":41,"Demand":1,"DemandMax":null,"Value":1230},{"Length":49,"Height":25,"Demand":1,"DemandMax":null,"Value":1225},{"Length":36,"Height":34,"Demand":1,"DemandMax":null,"Value":1224},{"Length":33,"Height":37,"Demand":1,"DemandMax":null,"Value":1221},{"Length":39,"Height":31,"Demand":1,"DemandMax":null,"Value":1209},{"Length":43,"Height":28,"Demand":1,"DemandMax":null,"Value":1204},{"Length":25,"Height":48,"Demand":1,"DemandMax":null,"Value":1200},{"Length":30,"Height":40,"Demand":1,"DemandMax":null,"Value":1200},{"Length":34,"Height":35,"Demand":1,"DemandMax":null,"Value":1190},{"Length":41,"Height":29,"Demand":1,"DemandMax":null,"Value":1189},{"Length":33,"Height":36,"Demand":1,"DemandMax":null,"Value":1188},{"Length":44,"Height":27,"Demand":1,"DemandMax":null,"Value":1188},{"Length":37,"Height":32,"Demand":1,"DemandMax":null,"Value":1184},{"Length":42,"Height":28,"Demand":1,"DemandMax":null,"Value":1176},{"Length":25,"Height":47,"Demand":1,"DemandMax":null,"Value":1175},{"Length":39,"Height":30,"Demand":1,"DemandMax":null,"Value":1170},{"Length":27,"Height":43,"Demand":1,"DemandMax":null,"Value":1161},{"Length":29,"Height":40,"Demand":1,"DemandMax":null,"Value":1160},{"Length":34,"Height":34,"Demand":1,"DemandMax":null,"Value":1156},{"Length":33,"Height":35,"Demand":1,"DemandMax":null,"Value":1155},{"Length":41,"Height":28,"Demand":1,"DemandMax":null,"Value":1148},{"Length":31,"Height":37,"Demand":1,"DemandMax":null,"Value":1147},{"Length":30,"Height":38,"Demand":1,"DemandMax":null,"Value":1140},{"Length":27,"Height":42,"Demand":1,"DemandMax":null,"Value":1134},{"Length":29,"Height":39,"Demand":1,"DemandMax":null,"Value":1131},{"Length":25,"Height":45,"Demand":1,"DemandMax":null,"Value":1125},{"Length":40,"Height":28,"Demand":1,"DemandMax":null,"Value":1120},{"Length":26,"Height":43,"Demand":1,"DemandMax":null,"Value":1118},{"Length":37,"Height":30,"Demand":1,"DemandMax":null,"Value":1110},{"Length":41,"Height":27,"Demand":1,"DemandMax":null,"Value":1107},{"Length":29,"Height":38,"Demand":1,"DemandMax":null,"Value":1102},{"Length":25,"Height":44,"Demand":1,"DemandMax":null,"Value":1100},{"Length":42,"Height":26,"Demand":1,"DemandMax":null,"Value":1092},{"Length":28,"Height":39,"Demand":1,"DemandMax":null,"Value":1092},{"Length":35,"Height":31,"Demand":1,"DemandMax":null,"Value":1085},{"Length":25,"Height":43,"Demand":1,"DemandMax":null,"Value":1075},{"Length":29,"Height":37,"Demand":1,"DemandMax":null,"Value":1073},{"Length":41,"Height":26,"Demand":1,"DemandMax":null,"Value":1066},{"Length":38,"Height":28,"Demand":1,"DemandMax":null,"Value":1064},{"Length":32,"Height":33,"Demand":1,"DemandMax":null,"Value":1056},{"Length":34,"Height":31,"Demand":1,"DemandMax":null,"Value":1054},{"Length":39,"Height":27,"Demand":1,"DemandMax":null,"Value":1053},{"Length":35,"Height":30,"Demand":1,"DemandMax":null,"Value":1050},{"Length":25,"Height":42,"Demand":1,"DemandMax":null,"Value":1050},{"Length":29,"Height":36,"Demand":1,"DemandMax":null,"Value":1044},{"Length":28,"Height":37,"Demand":1,"DemandMax":null,"Value":1036},{"Length":38,"Height":27,"Demand":1,"DemandMax":null,"Value":1026},{"Length":31,"Height":33,"Demand":1,"DemandMax":null,"Value":1023},{"Length":30,"Height":34,"Demand":1,"DemandMax":null,"Value":1020},{"Length":29,"Height":35,"Demand":1,"DemandMax":null,"Value":1015},{"Length":26,"Height":39,"Demand":1,"DemandMax":null,"Value":1014},{"Length":36,"Height":28,"Demand":1,"DemandMax":null,"Value":1008},{"Length":25,"Height":40,"Demand":1,"DemandMax":null,"Value":1000},{"Length":27,"Height":37,"Demand":1,"DemandMax":null,"Value":999},{"Length":33,"Height":30,"Demand":1,"DemandMax":null,"Value":990},{"Length":26,"Height":38,"Demand":1,"DemandMax":null,"Value":988},{"Length":28,"Height":35,"Demand":1,"DemandMax":null,"Value":980},{"Length":39,"Height":25,"Demand":1,"DemandMax":null,"Value":975},{"Length":36,"Height":27,"Demand":1,"DemandMax":null,"Value":972},{"Length":26,"Height":37,"Demand":1,"DemandMax":null,"Value":962},{"Length":33,"Height":29,"Demand":1,"DemandMax":null,"Value":957},{"Length":25,"Height":38,"Demand":1,"DemandMax":null,"Value":950},{"Length":35,"Height":27,"Demand":1,"DemandMax":null,"Value":945},{"Length":36,"Height":26,"Demand":1,"DemandMax":null,"Value":936},{"Length":31,"Height":30,"Demand":1,"DemandMax":null,"Value":930},{"Length":32,"Height":29,"Demand":1,"DemandMax":null,"Value":928},{"Length":25,"Height":36,"Demand":1,"DemandMax":null,"Value":900},{"Length":31,"Height":29,"Demand":1,"DemandMax":null,"Value":899},{"Length":32,"Height":28,"Demand":1,"DemandMax":null,"Value":896},{"Length":27,"Height":33,"Demand":1,"DemandMax":null,"Value":891},{"Length":35,"Height":25,"Demand":1,"DemandMax":null,"Value":875},{"Length":30,"Height":29,"Demand":1,"DemandMax":null,"Value":870},{"Length":28,"Height":31,"Demand":1,"DemandMax":null,"Value":868},{"Length":32,"Height":27,"Demand":1,"DemandMax":null,"Value":864},{"Length":29,"Height":29,"Demand":1,"DemandMax":null,"Value":841},{"Length":30,"Height":28,"Demand":1,"DemandMax":null,"Value":840},{"Length":32,"Height":26,"Demand":1,"DemandMax":null,"Value":832},{"Length":25,"Height":33,"Demand":1,"DemandMax":null,"Value":825},{"Length":28,"Height":29,"Demand":1,"DemandMax":null,"Value":812},{"Length":25,"Height":32,"Demand":1,"DemandMax":null,"Value":800},{"Length":28,"Height":28,"Demand":1,"DemandMax":null,"Value":784},{"Length":26,"Height":30,"Demand":1,"DemandMax":null,"Value":780},{"Length":25,"Height":31,"Demand":1,"DemandMax":null,"Value":775},{"Length":29,"Height":26,"Demand":1,"DemandMax":null,"Value":754},{"Length":30,"Height":25,"Demand":1,"DemandMax":null,"Value":750},{"Length":27,"Height":27,"Demand":1,"DemandMax":null,"Value":729},{"Length":25,"Height":29,"Demand":1,"DemandMax":null,"Value":725},{"Length":26,"Height":27,"Demand":1,"DemandMax":null,"Value":702},{"Length":28,"Height":25,"Demand":1,"DemandMax":null,"Value":700},{"Length":26,"Height":26,"Demand":1,"DemandMax":null,"Value":676},{"Length":27,"Height":25,"Demand":1,"DemandMax":null,"Value":675},{"Length":26,"Height":25,"Demand":1,"DemandMax":null,"Value":650},{"Length":25,"Height":25,"Demand":1,"DemandMax":null,"Value":625}]}