{"Name":"AH277","Objects":[{"Length":1000,"Height":40669,"Stock":null,"Cost":40669000}],"Items":[{"Length":373,"Height":364,"Demand":1,"DemandMax":null,"Value":135772},{"Length":358,"Height":373,"Demand":1,"DemandMax":null,"Value":133534},{"Length":369,"Height":357,"Demand":1,"DemandMax":null,"Value":131733},{"Length":375,"Height":351,"Demand":1,"DemandMax":null,"Value":131625},{"Length":350,"Height":369,"Demand":1,"DemandMax":null,"Value":129150},{"Length":361,"Height":355,"Demand":1,"DemandMax":null,"Value":128155},{"Length":351,"Height":361,"Demand":1,"DemandMax":null,"Value":126711},{"Length":347,"Height":365,"Demand":1,"DemandMax":null,"Value":126655},{"Length":356,"Height":354,"Demand":1,"DemandMax":null,"Value":126024},{"Length":366,"Height":344,"Demand":1,"DemandMax":null,"Value":125904},{"Length":366,"Height":342,"Demand":1,"DemandMax":null,"Value":125172},{"Length":369,"Height":338,"Demand":1,"DemandMax":null,"Value":124722},{"Length":371,"Height":333,"Demand":1,"DemandMax":null,"Value":123543},{"Length":354,"Height":341,"Demand":1,"DemandMax":null,"Value":120714},{"Length":331,"Height":363,"Demand":1,"DemandMax":null,"Value":120153},{"Length":342,"Height":350,"Demand":1,"DemandMax":null,"Value":119700},{"Length":363,"Height":328,"Demand":1,"DemandMax":null,"Value":119064},{"Length":329,"Height":356,"Demand":1,"DemandMax":null,"Value":117124},{"Length":339,"Height":340,"Demand":1,"DemandMax":null,"Value":115260},{"Length":369,"Height":311,"Demand":1,"DemandMax":null,"Value":114759},{"Length":357,"Height":319,"Demand":1,"DemandMax":null,"Value":113883},{"Length":343,"Height":332,"Demand":1,"DemandMax":null,"Value":113876},{"Length":326,"Height":347,"Demand":1,"DemandMax":null,"Value":113122},{"Length":316,"Height":353,"Demand":1,"DemandMax":null,"Value":111548},{"Length":340,"Height":327,"Demand":1,"DemandMax":null,"Value":111180},{"Length":333,"Height":328,"Demand":1,"DemandMax":null,"Value":109224},{"Length":334,"Height":327,"Demand":1,"DemandMax":null,"Value":109218},{"Length":339,"Height":322,"Demand":1,"DemandMax":null,"Value":109158},{"Length":299,"Height":363,"Demand":1,"DemandMax":null,"Value":108537},{"Length":351,"Height":308,"Demand":1,"DemandMax":null,"Value":108108},{"Length":300,"Height":360,"Demand":1,"DemandMax":null,"Value":108000},{"Length":309,"Height":348,"Demand":1,"DemandMax":null,"Value":107532},{"Length":334,"Height":320,"Demand":1,"DemandMax":null,"Value":106880},{"Length":343,"Height":311,"Demand":1,"DemandMax":null,"Value":106673},{"Length":336,"Height":313,"Demand":1,"DemandMax":null,"Value":105168},{"Length":355,"Height":296,"Demand":1,"DemandMax":null,"Value":105080},{"Length":290,"Height":361,"Demand":1,"DemandMax":null,"Value":104690},{"Length":307,"Height":338,"Demand":1,"DemandMax":null,"Value":103766},{"Length":339,"Height":306,"Demand":1,"DemandMax":null,"Value":103734},{"Length":369,"Height":281,"Demand":1,"DemandMax":null,"Value":103689},{"Length":288,"Height":360,"Demand":1,"DemandMax":null,"Value":103680},{"Length":292,"Height":352,"Demand":1,"DemandMax":null,"Value":102784},{"Length":363,"Height":282,"Demand":1,"DemandMax":null,"Value":102366},{"Length":295,"Height":346,"Demand":1,"DemandMax":null,"Value":102070},{"Length":369,"Height":275,"Demand":1,"DemandMax":null,"Value":101475},{"Length":336,"Height":302,"Demand":1,"DemandMax":null,"Value":101472},{"Length":299,"Height":339,"Demand":1,"DemandMax":null,"Value":101361},{"Length":276,"Height":367,"Demand":1,"DemandMax":null,"Value":101292},{"Length":371,"Height":273,"Demand":1,"DemandMax":null,"Value":101283},{"Length":368,"Height":274,"Demand":1,"DemandMax":null,"Value":100832},{"Length":341,"Height":295,"Demand":1,"DemandMax":null,"Value":100595},{"Length":270,"Height":372,"Demand":1,"DemandMax":null,"Value":100440},{"Length":298,"Height":336,"Demand":1,"DemandMax":null,"Value":100128},{"Length":282,"Height":353,"Demand":1,"DemandMax":null,"Value":99546},{"Length":307,"Height":324,"Demand":1,"DemandMax":null,"Value":99468},{"Length":329,"Height":302,"Demand":1,"DemandMax":null,"Value":99358},{"Length":374,"Height":264,"Demand":1,"DemandMax":null,"Value":98736},{"Length":355,"Height":278,"Demand":1,"DemandMax":null,"Value":98690},{"Length":301,"Height":327,"Demand":1,"DemandMax":null,"Value":98427},{"Length":298,"Height":330,"Demand":1,"DemandMax":null,"Value":98340},{"Length":274,"Height":358,"Demand":1,"DemandMax":null,"Value":98092},{"Length":350,"Height":280,"Demand":1,"DemandMax":null,"Value":98000},{"Length":375,"Height":260,"Demand":1,"DemandMax":null,"Value":97500},{"Length":286,"Height":339,"Demand":1,"DemandMax":null,"Value":96954},{"Length":285,"Height":339,"Demand":1,"DemandMax":null,"Value":96615},{"Length":280,"Height":345,"Demand":1,"DemandMax":null,"Value":96600},{"Length":293,"Height":329,"Demand":1,"DemandMax":null,"Value":96397},{"Length":266,"Height":362,"Demand":1,"DemandMax":null,"Value":96292},{"Length":279,"Height":345,"Demand":1,"DemandMax":null,"Value":96255},{"Length":301,"Height":319,"Demand":1,"DemandMax":null,"Value":96019},{"Length":371,"Height":258,"Demand":1,"DemandMax":null,"Value":95718},{"Length":321,"Height":298,"Demand":1,"DemandMax":null,"Value":95658},{"Length":280,"Height":341,"Demand":1,"DemandMax":null,"Value":95480},{"Length":364,"Height":262,"Demand":1,"DemandMax":null,"Value":95368},{"Length":343,"Height":278,"Demand":1,"DemandMax":null,"Value":95354},{"Length":279,"Height":341,"Demand":1,"DemandMax":null,"Value":95139},{"Length":357,"Height":266,"Demand":1,"DemandMax":null,"Value":94962},{"Length":267,"Height":354,"Demand":1,"DemandMax":null,"Value":94518},{"Length":351,"Height":269,"Demand":1,"DemandMax":null,"Value":94419},{"Length":334,"Height":281,"Demand":1,"DemandMax":null,"Value":93854},{"Length":311,"Height":301,"Demand":1,"DemandMax":null,"Value":93611},{"Length":272,"Height":343,"Demand":1,"DemandMax":null,"Value":93296},{"Length":279,"Height":333,"Demand":1,"DemandMax":null,"Value":92907},{"Length":322,"Height":287,"Demand":1,"DemandMax":null,"Value":92414},{"Length":360,"Height":256,"Demand":1,"DemandMax":null,"Value":92160},{"Length":336,"Height":274,"Demand":1,"DemandMax":null,"Value":92064},{"Length":267,"Height":344,"Demand":1,"DemandMax":null,"Value":91848},{"Length":282,"Height":325,"Demand":1,"DemandMax":null,"Value":91650},{"Length":290,"Height":316,"Demand":1,"DemandMax":null,"Value":91640},{"Length":334,"Height":274,"Demand":1,"DemandMax":null,"Value":91516},{"Length":351,"Height":260,"Demand":1,"DemandMax":null,"Value":91260},{"Length":290,"Height":314,"Demand":1,"DemandMax":null,"Value":91060},{"Length":375,"Height":242,"Demand":1,"DemandMax":null,"Value":90750},{"Length":301,"Height":300,"Demand":1,"DemandMax":null,"Value":90300},{"Length":258,"Height":350,"Demand":1,"DemandMax":null,"Value":90300},{"Length":343,"Height":263,"Demand":1,"DemandMax":null,"Value":90209},{"Length":240,"Height":374,"Demand":1,"DemandMax":null,"Value":89760},{"Length":324,"Height":276,"Demand":1,"DemandMax":null,"Value":89424},{"Length":337,"Height":265,"Demand":1,"DemandMax":null,"Value":89305},{"Length":354,"Height":252,"Demand":1,"DemandMax":null,"Value":89208},{"Length":242,"Height":368,"Demand":1,"DemandMax":null,"Value":89056},{"Length":336,"Height":265,"Demand":1,"DemandMax":null,"Value":89040},{"Length":292,"Height":304,"Demand":1,"DemandMax":null,"Value":88768},{"Length":366,"Height":242,"Demand":1,"DemandMax":null,"Value":88572},{"Length":261,"Height":339,"Demand":1,"DemandMax":null,"Value":88479},{"Length":287,"Height":308,"Demand":1,"DemandMax":null,"Value":88396},{"Length":330,"Height":265,"Demand":1,"DemandMax":null,"Value":87450},{"Length":299,"Height":292,"Demand":1,"DemandMax":null,"Value":87308},{"Length":289,"Height":302,"Demand":1,"DemandMax":null,"Value":87278},{"Length":333,"Height":262,"Demand":1,"DemandMax":null,"Value":87246},{"Length":367,"Height":237,"Demand":1,"DemandMax":null,"Value":86979},{"Length":303,"Height":287,"Demand":1,"DemandMax":null,"Value":86961},{"Length":259,"Height":335,"Demand":1,"DemandMax":null,"Value":86765},{"Length":340,"Height":255,"Demand":1,"DemandMax":null,"Value":86700},{"Length":314,"Height":276,"Demand":1,"DemandMax":null,"Value":86664},{"Length":333,"Height":258,"Demand":1,"DemandMax":null,"Value":85914},{"Length":329,"Height":261,"Demand":1,"DemandMax":null,"Value":85869},{"Length":299,"Height":287,"Demand":1,"DemandMax":null,"Value":85813},{"Length":286,"Height":300,"Demand":1,"DemandMax":null,"Value":85800},{"Length":335,"Height":256,"Demand":1,"DemandMax":null,"Value":85760},{"Length":271,"Height":315,"Demand":1,"DemandMax":null,"Value":85365},{"Length":315,"Height":269,"Demand":1,"DemandMax":null,"Value":84735},{"Length":352,"Height":239,"Demand":1,"DemandMax":null,"Value":84128},{"Length":317,"Height":264,"Demand":1,"DemandMax":null,"Value":83688},{"Length":303,"Height":276,"Demand":1,"DemandMax":null,"Value":83628},{"Length":375,"Height":223,"Demand":1,"DemandMax":null,"Value":83625},{"Length":302,"Height":273,"Demand":1,"DemandMax":null,"Value":82446},{"Length":238,"Height":346,"Demand":1,"DemandMax":null,"Value":82348},{"Length":230,"Height":358,"Demand":1,"DemandMax":null,"Value":82340},{"Length":272,"Height":301,"Demand":1,"DemandMax":null,"Value":81872},{"Length":246,"Height":331,"Demand":1,"DemandMax":null,"Value":81426},{"Length":352,"Height":231,"Demand":1,"DemandMax":null,"Value":81312},{"Length":333,"Height":244,"Demand":1,"DemandMax":null,"Value":81252},{"Length":220,"Height":369,"Demand":1,"DemandMax":null,"Value":81180},{"Length":249,"Height":326,"Demand":1,"DemandMax":null,"Value":81174},{"Length":287,"Height":281,"Demand":1,"DemandMax":null,"Value":80647},{"Length":245,"Height":329,"Demand":1,"DemandMax":null,"Value":80605},{"Length":326,"Height":247,"Demand":1,"DemandMax":null,"Value":80522},{"Length":218,"Height":368,"Demand":1,"DemandMax":null,"Value":80224},{"Length":312,"Height":257,"Demand":1,"DemandMax":null,"Value":80184},{"Length":359,"Height":223,"Demand":1,"DemandMax":null,"Value":80057},{"Length":242,"Height":330,"Demand":1,"DemandMax":null,"Value":79860},{"Length":236,"Height":338,"Demand":1,"DemandMax":null,"Value":79768},{"Length":302,"Height":264,"Demand":1,"DemandMax":null,"Value":79728},{"Length":232,"Height":343,"Demand":1,"DemandMax":null,"Value":79576},{"Length":212,"Height":375,"Demand":1,"DemandMax":null,"Value":79500},{"Length":211,"Height":375,"Demand":1,"DemandMax":null,"Value":79125},{"Length":293,"Height":269,"Demand":1,"DemandMax":null,"Value":78817},{"Length":226,"Height":348,"Demand":1,"DemandMax":null,"Value":78648},{"Length":241,"Height":326,"Demand":1,"DemandMax":null,"Value":78566},{"Length":262,"Height":299,"Demand":1,"DemandMax":null,"Value":78338},{"Length":217,"Height":361,"Demand":1,"DemandMax":null,"Value":78337},{"Length":285,"Height":274,"Demand":1,"DemandMax":null,"Value":78090},{"Length":298,"Height":262,"Demand":1,"DemandMax":null,"Value":78076},{"Length":270,"Height":289,"Demand":1,"DemandMax":null,"Value":78030},{"Length":259,"Height":301,"Demand":1,"DemandMax":null,"Value":77959},{"Length":299,"Height":260,"Demand":1,"DemandMax":null,"Value":77740},{"Length":244,"Height":318,"Demand":1,"DemandMax":null,"Value":77592},{"Length":303,"Height":256,"Demand":1,"DemandMax":null,"Value":77568},{"Length":250,"Height":309,"Demand":1,"DemandMax":null,"Value":77250},{"Length":285,"Height":270,"Demand":1,"DemandMax":null,"Value":76950},{"Length":357,"Height":215,"Demand":1,"DemandMax":null,"Value":76755},{"Length":326,"Height":235,"Demand":1,"DemandMax":null,"Value":76610},{"Length":327,"Height":234,"Demand":1,"DemandMax":null,"Value":76518},{"Length":243,"Height":314,"Demand":1,"DemandMax":null,"Value":76302},{"Length":365,"Height":209,"Demand":1,"DemandMax":null,"Value":76285},{"Length":272,"Height":280,"Demand":1,"DemandMax":null,"Value":76160},{"Length":205,"Height":370,"Demand":1,"DemandMax":null,"Value":75850},{"Length":325,"Height":233,"Demand":1,"DemandMax":null,"Value":75725},{"Length":222,"Height":341,"Demand":1,"DemandMax":null,"Value":75702},{"Length":201,"Height":375,"Demand":1,"DemandMax":null,"Value":75375},{"Length":274,"Height":275,"Demand":1,"DemandMax":null,"Value":75350},{"Length":373,"Height":202,"Demand":1,"DemandMax":null,"Value":75346},{"Length":227,"Height":330,"Demand":1,"DemandMax":null,"Value":74910},{"Length":324,"Height":230,"Demand":1,"DemandMax":null,"Value":74520},{"Length":253,"Height":294,"Demand":1,"DemandMax":null,"Value":74382},{"Length":201,"Height":370,"Demand":1,"DemandMax":null,"Value":74370},{"Length":203,"Height":366,"Demand":1,"DemandMax":null,"Value":74298},{"Length":273,"Height":272,"Demand":1,"DemandMax":null,"Value":74256},{"Length":237,"Height":310,"Demand":1,"DemandMax":null,"Value":73470},{"Length":348,"Height":209,"Demand":1,"DemandMax":null,"Value":72732},{"Length":343,"Height":212,"Demand":1,"DemandMax":null,"Value":72716},{"Length":208,"Height":346,"Demand":1,"DemandMax":null,"Value":71968},{"Length":289,"Height":247,"Demand":1,"DemandMax":null,"Value":71383},{"Length":194,"Height":365,"Demand":1,"DemandMax":null,"Value":70810},{"Length":282,"Height":251,"Demand":1,"DemandMax":null,"Value":70782},{"Length":203,"Height":348,"Demand":1,"DemandMax":null,"Value":70644},{"Length":200,"Height":353,"Demand":1,"DemandMax":null,"Value":70600},{"Length":236,"Height":299,"Demand":1,"DemandMax":null,"Value":70564},{"Length":188,"Height":375,"Demand":1,"DemandMax":null,"Value":70500},{"Length":206,"Height":342,"Demand":1,"DemandMax":null,"Value":70452},{"Length":223,"Height":315,"Demand":1,"DemandMax":null,"Value":70245},{"Length":275,"Height":255,"Demand":1,"DemandMax":null,"Value":70125},{"Length":354,"Height":198,"Demand":1,"DemandMax":null,"Value":70092},{"Length":278,"Height":252,"Demand":1,"DemandMax":null,"Value":70056},{"Length":216,"Height":324,"Demand":1,"DemandMax":null,"Value":69984},{"Length":300,"Height":233,"Demand":1,"DemandMax":null,"Value":69900},{"Length":193,"Height":362,"Demand":1,"DemandMax":null,"Value":69866},{"Length":366,"Height":190,"Demand":1,"DemandMax":null,"Value":69540},{"Length":357,"Height":194,"Demand":1,"DemandMax":null,"Value":69258},{"Length":248,"Height":278,"Demand":1,"DemandMax":null,"Value":68944},{"Length":344,"Height":200,"Demand":1,"DemandMax":null,"Value":68800},{"Length":278,"Height":247,"Demand":1,"DemandMax":null,"Value":68666},{"Length":369,"Height":186,"Demand":1,"DemandMax":null,"Value":68634},{"Length":215,"Height":316,"Demand":1,"DemandMax":null,"Value":67940},{"Length":260,"Height":261,"Demand":1,"DemandMax":null,"Value":67860},{"Length":338,"Height":200,"Demand":1,"DemandMax":null,"Value":67600},{"Length":363,"Height":186,"Demand":1,"DemandMax":null,"Value":67518},{"Length":296,"Height":228,"Demand":1,"DemandMax":null,"Value":67488},{"Length":325,"Height":206,"Demand":1,"DemandMax":null,"Value":66950},{"Length":361,"Height":185,"Demand":1,"DemandMax":null,"Value":66785},{"Length":335,"Height":199,"Demand":1,"DemandMax":null,"Value":66665},{"Length":368,"Height":181,"Demand":1,"DemandMax":null,"Value":66608},{"Length":248,"Height":268,"Demand":1,"DemandMax":null,"Value":66464},{"Length":220,"Height":302,"Demand":1,"DemandMax":null,"Value":66440},{"Length":327,"Height":203,"Demand":1,"DemandMax":null,"Value":66381},{"Length":220,"Height":301,"Demand":1,"DemandMax":null,"Value":66220},{"Length":313,"Height":211,"Demand":1,"DemandMax":null,"Value":66043},{"Length":199,"Height":330,"Demand":1,"DemandMax":null,"Value":65670},{"Length":224,"Height":293,"Demand":1,"DemandMax":null,"Value":65632},{"Length":231,"Height":284,"Demand":1,"DemandMax":null,"Value":65604},{"Length":289,"Height":227,"Demand":1,"DemandMax":null,"Value":65603},{"Length":303,"Height":216,"Demand":1,"DemandMax":null,"Value":65448},{"Length":192,"Height":340,"Demand":1,"DemandMax":null,"Value":65280},{"Length":348,"Height":187,"Demand":1,"DemandMax":null,"Value":65076},{"Length":252,"Height":257,"Demand":1,"DemandMax":null,"Value":64764},{"Length":290,"Height":223,"Demand":1,"DemandMax":null,"Value":64670},{"Length":239,"Height":270,"Demand":1,"DemandMax":null,"Value":64530},{"Length":321,"Height":201,"Demand":1,"DemandMax":null,"Value":64521},{"Length":372,"Height":173,"Demand":1,"DemandMax":null,"Value":64356},{"Length":223,"Height":288,"Demand":1,"DemandMax":null,"Value":64224},{"Length":322,"Height":199,"Demand":1,"DemandMax":null,"Value":64078},{"Length":337,"Height":190,"Demand":1,"DemandMax":null,"Value":64030},{"Length":191,"Height":334,"Demand":1,"DemandMax":null,"Value":63794},{"Length":223,"Height":286,"Demand":1,"DemandMax":null,"Value":63778},{"Length":200,"Height":318,"Demand":1,"DemandMax":null,"Value":63600},{"Length":232,"Height":274,"Demand":1,"DemandMax":null,"Value":63568},{"Length":235,"Height":270,"Demand":1,"DemandMax":null,"Value":63450},{"Length":191,"Height":332,"Demand":1,"DemandMax":null,"Value":63412},{"Length":353,"Height":179,"Demand":1,"DemandMax":null,"Value":63187},{"Length":175,"Height":360,"Demand":1,"DemandMax":null,"Value":63000},{"Length":314,"Height":200,"Demand":1,"DemandMax":null,"Value":62800},{"Length":355,"Height":175,"Demand":1,"DemandMax":null,"Value":62125},{"Length":278,"Height":223,"Demand":1,"DemandMax":null,"Value":61994},{"Length":198,"Height":313,"Demand":1,"DemandMax":null,"Value":61974},{"Length":203,"Height":304,"Demand":1,"DemandMax":null,"Value":61712},{"Length":369,"Height":166,"Demand":1,"DemandMax":null,"Value":61254},{"Length":163,"Height":375,"Demand":1,"DemandMax":null,"Value":61125},{"Length":185,"Height":330,"Demand":1,"DemandMax":null,"Value":61050},{"Length":249,"Height":245,"Demand":1,"DemandMax":null,"Value":61005},{"Length":172,"Height":354,"Demand":1,"DemandMax":null,"Value":60888},{"Length":260,"Height":234,"Demand":1,"DemandMax":null,"Value":60840},{"Length":226,"Height":269,"Demand":1,"DemandMax":null,"Value":60794},{"Length":252,"Height":241,"Demand":1,"DemandMax":null,"Value":60732},{"Length":172,"Height":353,"Demand":1,"DemandMax":null,"Value":60716},{"Length":351,"Height":172,"Demand":1,"DemandMax":null,"Value":60372},{"Length":220,"Height":274,"Demand":1,"DemandMax":null,"Value":60280},{"Length":230,"Height":262,"Demand":1,"DemandMax":null,"Value":60260},{"Length":291,"Height":207,"Demand":1,"DemandMax":null,"Value":60237},{"Length":196,"Height":307,"Demand":1,"DemandMax":null,"Value":60172},{"Length":254,"Height":236,"Demand":1,"DemandMax":null,"Value":59944},{"Length":171,"Height":350,"Demand":1,"DemandMax":null,"Value":59850},{"Length":222,"Height":269,"Demand":1,"DemandMax":null,"Value":59718},{"Length":258,"Height":231,"Demand":1,"DemandMax":null,"Value":59598},{"Length":161,"Height":370,"Demand":1,"DemandMax":null,"Value":59570},{"Length":261,"Height":228,"Demand":1,"DemandMax":null,"Value":59508},{"Length":323,"Height":184,"Demand":1,"DemandMax":null,"Value":59432},{"Length":185,"Height":319,"Demand":1,"DemandMax":null,"Value":59015},{"Length":249,"Height":237,"Demand":1,"DemandMax":null,"Value":59013},{"Length":199,"Height":296,"Demand":1,"DemandMax":null,"Value":58904},{"Length":192,"Height":306,"Demand":1,"DemandMax":null,"Value":58752},{"Length":207,"Height":283,"Demand":1,"DemandMax":null,"Value":58581},{"Length":343,"Height":169,"Demand":1,"DemandMax":null,"Value":57967},{"Length":163,"Height":353,"Demand":1,"DemandMax":null,"Value":57539},{"Length":370,"Height":155,"Demand":1,"DemandMax":null,"Value":57350},{"Length":247,"Height":232,"Demand":1,"DemandMax":null,"Value":57304},{"Length":333,"Height":172,"Demand":1,"DemandMax":null,"Value":57276},{"Length":335,"Height":170,"Demand":1,"DemandMax":null,"Value":56950},{"Length":182,"Height":312,"Demand":1,"DemandMax":null,"Value":56784},{"Length":285,"Height":199,"Demand":1,"DemandMax":null,"Value":56715},{"Length":254,"Height":223,"Demand":1,"DemandMax":null,"Value":56642},{"Length":239,"Height":236,"Demand":1,"DemandMax":null,"Value":56404},{"Length":186,"Height":303,"Demand":1,"DemandMax":null,"Value":56358},{"Length":200,"Height":281,"Demand":1,"DemandMax":null,"Value":56200},{"Length":247,"Height":227,"Demand":1,"DemandMax":null,"Value":56069},{"Length":192,"Height":290,"Demand":1,"DemandMax":null,"Value":55680},{"Length":352,"Height":158,"Demand":1,"DemandMax":null,"Value":55616},{"Length":172,"Height":323,"Demand":1,"DemandMax":null,"Value":55556},{"Length":222,"Height":250,"Demand":1,"DemandMax":null,"Value":55500},{"Length":358,"Height":155,"Demand":1,"DemandMax":null,"Value":55490},{"Length":286,"Height":194,"Demand":1,"DemandMax":null,"Value":55484},{"Length":275,"Height":201,"Demand":1,"DemandMax":null,"Value":55275},{"Length":321,"Height":172,"Demand":1,"DemandMax":null,"Value":55212},{"Length":284,"Height":194,"Demand":1,"DemandMax":null,"Value":55096},{"Length":161,"Height":340,"Demand":1,"DemandMax":null,"Value":54740},{"Length":187,"Height":292,"Demand":1,"DemandMax":null,"Value":54604},{"Length":339,"Height":161,"Demand":1,"DemandMax":null,"Value":54579},{"Length":254,"Height":213,"Demand":1,"DemandMax":null,"Value":54102},{"Length":269,"Height":201,"Demand":1,"DemandMax":null,"Value":54069},{"Length":316,"Height":171,"Demand":1,"DemandMax":null,"Value":54036},{"Length":327,"Height":165,"Demand":1,"DemandMax":null,"Value":53955},{"Length":167,"Height":321,"Demand":1,"DemandMax":null,"Value":53607},{"Length":268,"Height":200,"Demand":1,"DemandMax":null,"Value":53600},{"Length":203,"Height":263,"Demand":1,"DemandMax":null,"Value":53389},{"Length":169,"Height":315,"Demand":1,"DemandMax":null,"Value":53235},{"Length":207,"Height":257,"Demand":1,"DemandMax":null,"Value":53199},{"Length":324,"Height":164,"Demand":1,"DemandMax":null,"Value":53136},{"Length":189,"Height":281,"Demand":1,"DemandMax":null,"Value":53109},{"Length":266,"Height":199,"Demand":1,"DemandMax":null,"Value":52934},{"Length":155,"Height":341,"Demand":1,"DemandMax":null,"Value":52855},{"Length":165,"Height":319,"Demand":1,"DemandMax":null,"Value":52635},{"Length":303,"Height":173,"Demand":1,"DemandMax":null,"Value":52419},{"Length":354,"Height":148,"Demand":1,"DemandMax":null,"Value":52392},{"Length":193,"Height":271,"Demand":1,"DemandMax":null,"Value":52303},{"Length":236,"Height":221,"Demand":1,"DemandMax":null,"Value":52156},{"Length":188,"Height":277,"Demand":1,"DemandMax":null,"Value":52076},{"Length":283,"Height":183,"Demand":1,"DemandMax":null,"Value":51789},{"Length":146,"Height":354,"Demand":1,"DemandMax":null,"Value":51684},{"Length":239,"Height":216,"Demand":1,"DemandMax":null,"Value":51624},{"Length":209,"Height":247,"Demand":1,"DemandMax":null,"Value":51623},{"Length":181,"Height":285,"Demand":1,"DemandMax":null,"Value":51585},{"Length":294,"Height":175,"Demand":1,"DemandMax":null,"Value":51450},{"Length":306,"Height":168,"Demand":1,"DemandMax":null,"Value":51408},{"Length":207,"Height":248,"Demand":1,"DemandMax":null,"Value":51336},{"Length":177,"Height":290,"Demand":1,"DemandMax":null,"Value":51330},{"Length":194,"Height":264,"Demand":1,"DemandMax":null,"Value":51216},{"Length":363,"Height":141,"Demand":1,"DemandMax":null,"Value":51183},{"Length":240,"Height":213,"Demand":1,"DemandMax":null,"Value":51120},{"Length":314,"Height":162,"Demand":1,"DemandMax":null,"Value":50868},{"Length":220,"Height":231,"Demand":1,"DemandMax":null,"Value":50820},{"Length":174,"Height":292,"Demand":1,"DemandMax":null,"Value":50808},{"Length":199,"Height":255,"Demand":1,"DemandMax":null,"Value":50745},{"Length":223,"Height":227,"Demand":1,"DemandMax":null,"Value":50621},{"Length":152,"Height":333,"Demand":1,"DemandMax":null,"Value":50616},{"Length":202,"Height":250,"Demand":1,"DemandMax":null,"Value":50500},{"Length":164,"Height":307,"Demand":1,"DemandMax":null,"Value":50348},{"Length":305,"Height":165,"Demand":1,"DemandMax":null,"Value":50325},{"Length":259,"Height":194,"Demand":1,"DemandMax":null,"Value":50246},{"Length":259,"Height":193,"Demand":1,"DemandMax":null,"Value":49987},{"Length":210,"Height":238,"Demand":1,"DemandMax":null,"Value":49980},{"Length":181,"Height":276,"Demand":1,"DemandMax":null,"Value":49956},{"Length":237,"Height":210,"Demand":1,"DemandMax":null,"Value":49770},{"Length":235,"Height":211,"Demand":1,"DemandMax":null,"Value":49585},{"Length":206,"Height":240,"Demand":1,"DemandMax":null,"Value":49440},{"Length":151,"Height":327,"Demand":1,"DemandMax":null,"Value":49377},{"Length":192,"Height":256,"Demand":1,"DemandMax":null,"Value":49152},{"Length":228,"Height":214,"Demand":1,"DemandMax":null,"Value":48792},{"Length":162,"Height":300,"Demand":1,"DemandMax":null,"Value":48600},{"Length":346,"Height":140,"Demand":1,"DemandMax":null,"Value":48440},{"Length":258,"Height":187,"Demand":1,"DemandMax":null,"Value":48246},{"Length":140,"Height":344,"Demand":1,"DemandMax":null,"Value":48160},{"Length":215,"Height":223,"Demand":1,"DemandMax":null,"Value":47945},{"Length":305,"Height":157,"Demand":1,"DemandMax":null,"Value":47885},{"Length":168,"Height":285,"Demand":1,"DemandMax":null,"Value":47880},{"Length":235,"Height":203,"Demand":1,"DemandMax":null,"Value":47705},{"Length":129,"Height":369,"Demand":1,"DemandMax":null,"Value":47601},{"Length":280,"Height":169,"Demand":1,"DemandMax":null,"Value":47320},{"Length":140,"Height":337,"Demand":1,"DemandMax":null,"Value":47180},{"Length":127,"Height":371,"Demand":1,"DemandMax":null,"Value":47117},{"Length":183,"Height":255,"Demand":1,"DemandMax":null,"Value":46665},{"Length":158,"Height":295,"Demand":1,"DemandMax":null,"Value":46610},{"Length":225,"Height":207,"Demand":1,"DemandMax":null,"Value":46575},{"Length":209,"Height":221,"Demand":1,"DemandMax":null,"Value":46189},{"Length":184,"Height":251,"Demand":1,"DemandMax":null,"Value":46184},{"Length":142,"Height":325,"Demand":1,"DemandMax":null,"Value":46150},{"Length":351,"Height":131,"Demand":1,"DemandMax":null,"Value":45981},{"Length":314,"Height":146,"Demand":1,"DemandMax":null,"Value":45844},{"Length":183,"Height":250,"Demand":1,"DemandMax":null,"Value":45750},{"Length":129,"Height":354,"Demand":1,"DemandMax":null,"Value":45666},{"Length":319,"Height":143,"Demand":1,"DemandMax":null,"Value":45617},{"Length":196,"Height":232,"Demand":1,"DemandMax":null,"Value":45472},{"Length":139,"Height":327,"Demand":1,"DemandMax":null,"Value":45453},{"Length":174,"Height":260,"Demand":1,"DemandMax":null,"Value":45240},{"Length":360,"Height":125,"Demand":1,"DemandMax":null,"Value":45000},{"Length":234,"Height":192,"Demand":1,"DemandMax":null,"Value":44928},{"Length":171,"Height":262,"Demand":1,"DemandMax":null,"Value":44802},{"Length":224,"Height":200,"Demand":1,"DemandMax":null,"Value":44800},{"Length":212,"Height":211,"Demand":1,"DemandMax":null,"Value":44732},{"Length":170,"Height":263,"Demand":1,"DemandMax":null,"Value":44710},{"Length":329,"Height":135,"Demand":1,"DemandMax":null,"Value":44415},{"Length":154,"Height":288,"Demand":1,"DemandMax":null,"Value":44352},{"Length":208,"Height":212,"Demand":1,"DemandMax":null,"Value":44096},{"Length":133,"Height":328,"Demand":1,"DemandMax":null,"Value":43624},{"Length":343,"Height":127,"Demand":1,"DemandMax":null,"Value":43561},{"Length":250,"Height":174,"Demand":1,"DemandMax":null,"Value":43500},{"Length":207,"Height":210,"Demand":1,"DemandMax":null,"Value":43470},{"Length":138,"Height":315,"Demand":1,"DemandMax":null,"Value":43470},{"Length":130,"Height":334,"Demand":1,"DemandMax":null,"Value":43420},{"Length":150,"Height":288,"Demand":1,"DemandMax":null,"Value":43200},{"Length":127,"Height":338,"Demand":1,"DemandMax":null,"Value":42926},{"Length":172,"Height":248,"Demand":1,"DemandMax":null,"Value":42656},{"Length":141,"Height":302,"Demand":1,"DemandMax":null,"Value":42582},{"Length":132,"Height":320,"Demand":1,"DemandMax":null,"Value":42240},{"Length":294,"Height":143,"Demand":1,"DemandMax":null,"Value":42042},{"Length":129,"Height":325,"Demand":1,"DemandMax":null,"Value":41925},{"Length":166,"Height":251,"Demand":1,"DemandMax":null,"Value":41666},{"Length":219,"Height":190,"Demand":1,"DemandMax":null,"Value":41610},{"Length":227,"Height":183,"Demand":1,"DemandMax":null,"Value":41541},{"Length":143,"Height":290,"Demand":1,"DemandMax":null,"Value":41470},{"Length":282,"Height":147,"Demand":1,"DemandMax":null,"Value":41454},{"Length":219,"Height":189,"Demand":1,"DemandMax":null,"Value":41391},{"Length":278,"Height":148,"Demand":1,"DemandMax":null,"Value":41144},{"Length":260,"Height":157,"Demand":1,"DemandMax":null,"Value":40820},{"Length":309,"Height":132,"Demand":1,"DemandMax":null,"Value":40788},{"Length":210,"Height":193,"Demand":1,"DemandMax":null,"Value":40530},{"Length":178,"Height":227,"Demand":1,"DemandMax":null,"Value":40406},{"Length":243,"Height":166,"Demand":1,"DemandMax":null,"Value":40338},{"Length":134,"Height":301,"Demand":1,"DemandMax":null,"Value":40334},{"Length":219,"Height":184,"Demand":1,"DemandMax":null,"Value":40296},{"Length":284,"Height":141,"Demand":1,"DemandMax":null,"Value":40044},{"Length":281,"Height":142,"Demand":1,"DemandMax":null,"Value":39902},{"Length":280,"Height":142,"Demand":1,"DemandMax":null,"Value":39760},{"Length":138,"Height":288,"Demand":1,"DemandMax":null,"Value":39744},{"Length":333,"Height":119,"Demand":1,"DemandMax":null,"Value":39627},{"Length":125,"Height":317,"Demand":1,"DemandMax":null,"Value":39625},{"Length":139,"Height":285,"Demand":1,"DemandMax":null,"Value":39615},{"Length":225,"Height":176,"Demand":1,"DemandMax":null,"Value":39600},{"Length":145,"Height":273,"Demand":1,"DemandMax":null,"Value":39585},{"Length":271,"Height":146,"Demand":1,"DemandMax":null,"Value":39566},{"Length":347,"Height":114,"Demand":1,"DemandMax":null,"Value":39558},{"Length":110,"Height":358,"Demand":1,"DemandMax":null,"Value":39380},{"Length":113,"Height":348,"Demand":1,"DemandMax":null,"Value":39324},{"Length":347,"Height":113,"Demand":1,"DemandMax":null,"Value":39211},{"Length":239,"Height":164,"Demand":1,"DemandMax":null,"Value":39196},{"Length":167,"Height":234,"Demand":1,"DemandMax":null,"Value":39078},{"Length":160,"Height":244,"Demand":1,"DemandMax":null,"Value":39040},{"Length":174,"Height":224,"Demand":1,"DemandMax":null,"Value":38976},{"Length":338,"Height":115,"Demand":1,"DemandMax":null,"Value":38870},{"Length":226,"Height":171,"Demand":1,"DemandMax":null,"Value":38646},{"Length":148,"Height":259,"Demand":1,"DemandMax":null,"Value":38332},{"Length":186,"Height":206,"Demand":1,"DemandMax":null,"Value":38316},{"Length":127,"Height":301,"Demand":1,"DemandMax":null,"Value":38227},{"Length":273,"Height":140,"Demand":1,"DemandMax":null,"Value":38220},{"Length":191,"Height":200,"Demand":1,"DemandMax":null,"Value":38200},{"Length":168,"Height":226,"Demand":1,"DemandMax":null,"Value":37968},{"Length":116,"Height":327,"Demand":1,"DemandMax":null,"Value":37932},{"Length":154,"Height":246,"Demand":1,"DemandMax":null,"Value":37884},{"Length":231,"Height":164,"Demand":1,"DemandMax":null,"Value":37884},{"Length":278,"Height":136,"Demand":1,"DemandMax":null,"Value":37808},{"Length":290,"Height":130,"Demand":1,"DemandMax":null,"Value":37700},{"Length":148,"Height":254,"Demand":1,"DemandMax":null,"Value":37592},{"Length":174,"Height":216,"Demand":1,"DemandMax":null,"Value":37584},{"Length":356,"Height":105,"Demand":1,"DemandMax":null,"Value":37380},{"Length":239,"Height":156,"Demand":1,"DemandMax":null,"Value":37284},{"Length":191,"Height":195,"Demand":1,"DemandMax":null,"Value":37245},{"Length":252,"Height":147,"Demand":1,"DemandMax":null,"Value":37044},{"Length":338,"Height":109,"Demand":1,"DemandMax":null,"Value":36842},{"Length":234,"Height":157,"Demand":1,"DemandMax":null,"Value":36738},{"Length":122,"Height":301,"Demand":1,"DemandMax":null,"Value":36722},{"Length":154,"Height":237,"Demand":1,"DemandMax":null,"Value":36498},{"Length":123,"Height":296,"Demand":1,"DemandMax":null,"Value":36408},{"Length":290,"Height":125,"Demand":1,"DemandMax":null,"Value":36250},{"Length":161,"Height":225,"Demand":1,"DemandMax":null,"Value":36225},{"Length":329,"Height":110,"Demand":1,"DemandMax":null,"Value":36190},{"Length":335,"Height":108,"Demand":1,"DemandMax":null,"Value":36180},{"Length":164,"Height":220,"Demand":1,"DemandMax":null,"Value":36080},{"Length":247,"Height":146,"Demand":1,"DemandMax":null,"Value":36062},{"Length":178,"Height":202,"Demand":1,"DemandMax":null,"Value":35956},{"Length":167,"Height":215,"Demand":1,"DemandMax":null,"Value":35905},{"Length":132,"Height":271,"Demand":1,"DemandMax":null,"Value":35772},{"Length":236,"Height":151,"Demand":1,"DemandMax":null,"Value":35636},{"Length":366,"Height":97,"Demand":1,"DemandMax":null,"Value":35502},{"Length":168,"Height":211,"Demand":1,"DemandMax":null,"Value":35448},{"Length":157,"Height":225,"Demand":1,"DemandMax":null,"Value":35325},{"Length":333,"Height":106,"Demand":1,"DemandMax":null,"Value":35298},{"Length":180,"Height":196,"Demand":1,"DemandMax":null,"Value":35280},{"Length":312,"Height":113,"Demand":1,"DemandMax":null,"Value":35256},{"Length":104,"Height":339,"Demand":1,"DemandMax":null,"Value":35256},{"Length":214,"Height":163,"Demand":1,"DemandMax":null,"Value":34882},{"Length":106,"Height":328,"Demand":1,"DemandMax":null,"Value":34768},{"Length":337,"Height":103,"Demand":1,"DemandMax":null,"Value":34711},{"Length":335,"Height":103,"Demand":1,"DemandMax":null,"Value":34505},{"Length":305,"Height":113,"Demand":1,"DemandMax":null,"Value":34465},{"Length":142,"Height":242,"Demand":1,"DemandMax":null,"Value":34364},{"Length":168,"Height":204,"Demand":1,"DemandMax":null,"Value":34272},{"Length":154,"Height":222,"Demand":1,"DemandMax":null,"Value":34188},{"Length":176,"Height":194,"Demand":1,"DemandMax":null,"Value":34144},{"Length":275,"Height":124,"Demand":1,"DemandMax":null,"Value":34100},{"Length":110,"Height":310,"Demand":1,"DemandMax":null,"Value":34100},{"Length":321,"Height":106,"Demand":1,"DemandMax":null,"Value":34026},{"Length":96,"Height":354,"Demand":1,"DemandMax":null,"Value":33984},{"Length":174,"Height":195,"Demand":1,"DemandMax":null,"Value":33930},{"Length":295,"Height":115,"Demand":1,"DemandMax":null,"Value":33925},{"Length":194,"Height":174,"Demand":1,"DemandMax":null,"Value":33756},{"Length":138,"Height":244,"Demand":1,"DemandMax":null,"Value":33672},{"Length":242,"Height":139,"Demand":1,"DemandMax":null,"Value":33638},{"Length":142,"Height":236,"Demand":1,"DemandMax":null,"Value":33512},{"Length":263,"Height":127,"Demand":1,"DemandMax":null,"Value":33401},{"Length":300,"Height":111,"Demand":1,"DemandMax":null,"Value":33300},{"Length":178,"Height":187,"Demand":1,"DemandMax":null,"Value":33286},{"Length":194,"Height":171,"Demand":1,"DemandMax":null,"Value":33174},{"Length":180,"Height":184,"Demand":1,"DemandMax":null,"Value":33120},{"Length":177,"Height":187,"Demand":1,"DemandMax":null,"Value":33099},{"Length":131,"Height":252,"Demand":1,"DemandMax":null,"Value":33012},{"Length":139,"Height":236,"Demand":1,"DemandMax":null,"Value":32804},{"Length":121,"Height":270,"Demand":1,"DemandMax":null,"Value":32670},{"Length":139,"Height":235,"Demand":1,"DemandMax":null,"Value":32665},{"Length":114,"Height":286,"Demand":1,"DemandMax":null,"Value":32604},{"Length":118,"Height":276,"Demand":1,"DemandMax":null,"Value":32568},{"Length":105,"Height":310,"Demand":1,"DemandMax":null,"Value":32550},{"Length":144,"Height":226,"Demand":1,"DemandMax":null,"Value":32544},{"Length":210,"Height":154,"Demand":1,"DemandMax":null,"Value":32340},{"Length":94,"Height":344,"Demand":1,"DemandMax":null,"Value":32336},{"Length":106,"Height":304,"Demand":1,"DemandMax":null,"Value":32224},{"Length":284,"Height":113,"Demand":1,"DemandMax":null,"Value":32092},{"Length":235,"Height":136,"Demand":1,"DemandMax":null,"Value":31960},{"Length":124,"Height":257,"Demand":1,"DemandMax":null,"Value":31868},{"Length":280,"Height":113,"Demand":1,"DemandMax":null,"Value":31640},{"Length":180,"Height":175,"Demand":1,"DemandMax":null,"Value":31500},{"Length":346,"Height":91,"Demand":1,"DemandMax":null,"Value":31486},{"Length":85,"Height":370,"Demand":1,"DemandMax":null,"Value":31450},{"Length":308,"Height":102,"Demand":1,"DemandMax":null,"Value":31416},{"Length":349,"Height":90,"Demand":1,"DemandMax":null,"Value":31410},{"Length":100,"Height":314,"Demand":1,"DemandMax":null,"Value":31400},{"Length":144,"Height":218,"Demand":1,"DemandMax":null,"Value":31392},{"Length":146,"Height":214,"Demand":1,"DemandMax":null,"Value":31244},{"Length":128,"Height":244,"Demand":1,"DemandMax":null,"Value":31232},{"Length":102,"Height":306,"Demand":1,"DemandMax":null,"Value":31212},{"Length":245,"Height":126,"Demand":1,"DemandMax":null,"Value":30870},{"Length":343,"Height":90,"Demand":1,"DemandMax":null,"Value":30870},{"Length":153,"Height":201,"Demand":1,"DemandMax":null,"Value":30753},{"Length":205,"Height":150,"Demand":1,"DemandMax":null,"Value":30750},{"Length":202,"Height":152,"Demand":1,"DemandMax":null,"Value":30704},{"Length":354,"Height":86,"Demand":1,"DemandMax":null,"Value":30444},{"Length":104,"Height":292,"Demand":1,"DemandMax":null,"Value":30368},{"Length":108,"Height":281,"Demand":1,"DemandMax":null,"Value":30348},{"Length":99,"Height":306,"Demand":1,"DemandMax":null,"Value":30294},{"Length":95,"Height":318,"Demand":1,"DemandMax":null,"Value":30210},{"Length":95,"Height":317,"Demand":1,"DemandMax":null,"Value":30115},{"Length":85,"Height":354,"Demand":1,"DemandMax":null,"Value":30090},{"Length":282,"Height":106,"Demand":1,"DemandMax":null,"Value":29892},{"Length":189,"Height":157,"Demand":1,"DemandMax":null,"Value":29673},{"Length":91,"Height":326,"Demand":1,"DemandMax":null,"Value":29666},{"Length":104,"Height":285,"Demand":1,"DemandMax":null,"Value":29640},{"Length":96,"Height":308,"Demand":1,"DemandMax":null,"Value":29568},{"Length":197,"Height":150,"Demand":1,"DemandMax":null,"Value":29550},{"Length":92,"Height":321,"Demand":1,"DemandMax":null,"Value":29532},{"Length":109,"Height":270,"Demand":1,"DemandMax":null,"Value":29430},{"Length":316,"Height":92,"Demand":1,"DemandMax":null,"Value":29072},{"Length":372,"Height":78,"Demand":1,"DemandMax":null,"Value":29016},{"Length":166,"Height":174,"Demand":1,"DemandMax":null,"Value":28884},{"Length":283,"Height":102,"Demand":1,"DemandMax":null,"Value":28866},{"Length":144,"Height":200,"Demand":1,"DemandMax":null,"Value":28800},{"Length":117,"Height":244,"Demand":1,"DemandMax":null,"Value":28548},{"Length":144,"Height":198,"Demand":1,"DemandMax":null,"Value":28512},{"Length":137,"Height":208,"Demand":1,"DemandMax":null,"Value":28496},{"Length":139,"Height":204,"Demand":1,"DemandMax":null,"Value":28356},{"Length":272,"Height":104,"Demand":1,"DemandMax":null,"Value":28288},{"Length":358,"Height":79,"Demand":1,"DemandMax":null,"Value":28282},{"Length":136,"Height":207,"Demand":1,"DemandMax":null,"Value":28152},{"Length":237,"Height":118,"Demand":1,"DemandMax":null,"Value":27966},{"Length":268,"Height":104,"Demand":1,"DemandMax":null,"Value":27872},{"Length":199,"Height":140,"Demand":1,"DemandMax":null,"Value":27860},{"Length":260,"Height":107,"Demand":1,"DemandMax":null,"Value":27820},{"Length":88,"Height":316,"Demand":1,"DemandMax":null,"Value":27808},{"Length":123,"Height":225,"Demand":1,"DemandMax":null,"Value":27675},{"Length":104,"Height":266,"Demand":1,"DemandMax":null,"Value":27664},{"Length":95,"Height":291,"Demand":1,"DemandMax":null,"Value":27645},{"Length":270,"Height":102,"Demand":1,"DemandMax":null,"Value":27540},{"Length":253,"Height":108,"Demand":1,"DemandMax":null,"Value":27324},{"Length":324,"Height":84,"Demand":1,"DemandMax":null,"Value":27216},{"Length":158,"Height":172,"Demand":1,"DemandMax":null,"Value":27176},{"Length":314,"Height":86,"Demand":1,"DemandMax":null,"Value":27004},{"Length":293,"Height":92,"Demand":1,"DemandMax":null,"Value":26956},{"Length":86,"Height":313,"Demand":1,"DemandMax":null,"Value":26918},{"Length":185,"Height":145,"Demand":1,"DemandMax":null,"Value":26825},{"Length":90,"Height":297,"Demand":1,"DemandMax":null,"Value":26730},{"Length":158,"Height":168,"Demand":1,"DemandMax":null,"Value":26544},{"Length":71,"Height":371,"Demand":1,"DemandMax":null,"Value":26341},{"Length":337,"Height":78,"Demand":1,"DemandMax":null,"Value":26286},{"Length":255,"Height":103,"Demand":1,"DemandMax":null,"Value":26265},{"Length":341,"Height":77,"Demand":1,"DemandMax":null,"Value":26257},{"Length":175,"Height":150,"Demand":1,"DemandMax":null,"Value":26250},{"Length":93,"Height":282,"Demand":1,"DemandMax":null,"Value":26226},{"Length":270,"Height":97,"Demand":1,"DemandMax":null,"Value":26190},{"Length":198,"Height":132,"Demand":1,"DemandMax":null,"Value":26136},{"Length":144,"Height":180,"Demand":1,"DemandMax":null,"Value":25920},{"Length":87,"Height":297,"Demand":1,"DemandMax":null,"Value":25839},{"Length":132,"Height":195,"Demand":1,"DemandMax":null,"Value":25740},{"Length":218,"Height":118,"Demand":1,"DemandMax":null,"Value":25724},{"Length":136,"Height":189,"Demand":1,"DemandMax":null,"Value":25704},{"Length":338,"Height":76,"Demand":1,"DemandMax":null,"Value":25688},{"Length":113,"Height":227,"Demand":1,"DemandMax":null,"Value":25651},{"Length":370,"Height":69,"Demand":1,"DemandMax":null,"Value":25530},{"Length":153,"Height":166,"Demand":1,"DemandMax":null,"Value":25398},{"Length":195,"Height":130,"Demand":1,"DemandMax":null,"Value":25350},{"Length":323,"Height":78,"Demand":1,"DemandMax":null,"Value":25194},{"Length":77,"Height":326,"Demand":1,"DemandMax":null,"Value":25102},{"Length":188,"Height":133,"Demand":1,"DemandMax":null,"Value":25004},{"Length":132,"Height":189,"Demand":1,"DemandMax":null,"Value":24948},{"Length":163,"Height":153,"Demand":1,"DemandMax":null,"Value":24939},{"Length":174,"Height":142,"Demand":1,"DemandMax":null,"Value":24708},{"Length":90,"Height":274,"Demand":1,"DemandMax":null,"Value":24660},{"Length":67,"Height":366,"Demand":1,"DemandMax":null,"Value":24522},{"Length":199,"Height":123,"Demand":1,"DemandMax":null,"Value":24477},{"Length":202,"Height":121,"Demand":1,"DemandMax":null,"Value":24442},{"Length":65,"Height":375,"Demand":1,"DemandMax":null,"Value":24375},{"Length":247,"Height":98,"Demand":1,"DemandMax":null,"Value":24206},{"Length":106,"Height":228,"Demand":1,"DemandMax":null,"Value":24168},{"Length":152,"Height":159,"Demand":1,"DemandMax":null,"Value":24168},{"Length":73,"Height":331,"Demand":1,"DemandMax":null,"Value":24163},{"Length":66,"Height":365,"Demand":1,"DemandMax":null,"Value":24090},{"Length":290,"Height":83,"Demand":1,"DemandMax":null,"Value":24070},{"Length":113,"Height":212,"Demand":1,"DemandMax":null,"Value":23956},{"Length":310,"Height":77,"Demand":1,"DemandMax":null,"Value":23870},{"Length":213,"Height":112,"Demand":1,"DemandMax":null,"Value":23856},{"Length":116,"Height":205,"Demand":1,"DemandMax":null,"Value":23780},{"Length":155,"Height":153,"Demand":1,"DemandMax":null,"Value":23715},{"Length":92,"Height":257,"Demand":1,"DemandMax":null,"Value":23644},{"Length":82,"Height":288,"Demand":1,"DemandMax":null,"Value":23616},{"Length":137,"Height":172,"Demand":1,"DemandMax":null,"Value":23564},{"Length":157,"Height":150,"Demand":1,"DemandMax":null,"Value":23550},{"Length":68,"Height":346,"Demand":1,"DemandMax":null,"Value":23528},{"Length":76,"Height":307,"Demand":1,"DemandMax":null,"Value":23332},{"Length":109,"Height":214,"Demand":1,"DemandMax":null,"Value":23326},{"Length":104,"Height":224,"Demand":1,"DemandMax":null,"Value":23296},{"Length":242,"Height":96,"Demand":1,"DemandMax":null,"Value":23232},{"Length":205,"Height":113,"Demand":1,"DemandMax":null,"Value":23165},{"Length":195,"Height":118,"Demand":1,"DemandMax":null,"Value":23010},{"Length":99,"Height":232,"Demand":1,"DemandMax":null,"Value":22968},{"Length":157,"Height":146,"Demand":1,"DemandMax":null,"Value":22922},{"Length":216,"Height":106,"Demand":1,"DemandMax":null,"Value":22896},{"Length":82,"Height":279,"Demand":1,"DemandMax":null,"Value":22878},{"Length":200,"Height":114,"Demand":1,"DemandMax":null,"Value":22800},{"Length":82,"Height":278,"Demand":1,"DemandMax":null,"Value":22796},{"Length":296,"Height":77,"Demand":1,"DemandMax":null,"Value":22792},{"Length":213,"Height":107,"Demand":1,"DemandMax":null,"Value":22791},{"Length":185,"Height":123,"Demand":1,"DemandMax":null,"Value":22755},{"Length":98,"Height":230,"Demand":1,"DemandMax":null,"Value":22540},{"Length":253,"Height":89,"Demand":1,"DemandMax":null,"Value":22517},{"Length":66,"Height":341,"Demand":1,"DemandMax":null,"Value":22506},{"Length":143,"Height":157,"Demand":1,"DemandMax":null,"Value":22451},{"Length":356,"Height":63,"Demand":1,"DemandMax":null,"Value":22428},{"Length":143,"Height":156,"Demand":1,"DemandMax":null,"Value":22308},{"Length":108,"Height":205,"Demand":1,"DemandMax":null,"Value":22140},{"Length":71,"Height":311,"Demand":1,"DemandMax":null,"Value":22081},{"Length":192,"Height":115,"Demand":1,"DemandMax":null,"Value":22080},{"Length":143,"Height":153,"Demand":1,"DemandMax":null,"Value":21879},{"Length":71,"Height":307,"Demand":1,"DemandMax":null,"Value":21797},{"Length":149,"Height":146,"Demand":1,"DemandMax":null,"Value":21754},{"Length":233,"Height":93,"Demand":1,"DemandMax":null,"Value":21669},{"Length":75,"Height":288,"Demand":1,"DemandMax":null,"Value":21600},{"Length":122,"Height":177,"Demand":1,"DemandMax":null,"Value":21594},{"Length":86,"Height":251,"Demand":1,"DemandMax":null,"Value":21586},{"Length":182,"Height":118,"Demand":1,"DemandMax":null,"Value":21476},{"Length":204,"Height":105,"Demand":1,"DemandMax":null,"Value":21420},{"Length":179,"Height":119,"Demand":1,"DemandMax":null,"Value":21301},{"Length":61,"Height":348,"Demand":1,"DemandMax":null,"Value":21228},{"Length":70,"Height":302,"Demand":1,"DemandMax":null,"Value":21140},{"Length":325,"Height":65,"Demand":1,"DemandMax":null,"Value":21125},{"Length":142,"Height":148,"Demand":1,"DemandMax":null,"Value":21016},{"Length":170,"Height":123,"Demand":1,"DemandMax":null,"Value":20910},{"Length":174,"Height":120,"Demand":1,"DemandMax":null,"Value":20880},{"Length":234,"Height":89,"Demand":1,"DemandMax":null,"Value":20826},{"Length":69,"Height":301,"Demand":1,"DemandMax":null,"Value":20769},{"Length":284,"Height":73,"Demand":1,"DemandMax":null,"Value":20732},{"Length":68,"Height":303,"Demand":1,"DemandMax":null,"Value":20604},{"Length":305,"Height":67,"Demand":1,"DemandMax":null,"Value":20435},{"Length":229,"Height":89,"Demand":1,"DemandMax":null,"Value":20381},{"Length":115,"Height":177,"Demand":1,"DemandMax":null,"Value":20355},{"Length":159,"Height":128,"Demand":1,"DemandMax":null,"Value":20352},{"Length":239,"Height":85,"Demand":1,"DemandMax":null,"Value":20315},{"Length":350,"Height":58,"Demand":1,"DemandMax":null,"Value":20300},{"Length":311,"Height":65,"Demand":1,"DemandMax":null,"Value":20215},{"Length":104,"Height":194,"Demand":1,"DemandMax":null,"Value":20176},{"Length":185,"Height":109,"Demand":1,"DemandMax":null,"Value":20165},{"Length":58,"Height":347,"Demand":1,"DemandMax":null,"Value":20126},{"Length":133,"Height":151,"Demand":1,"DemandMax":null,"Value":20083},{"Length":235,"Height":85,"Demand":1,"DemandMax":null,"Value":19975},{"Length":63,"Height":313,"Demand":1,"DemandMax":null,"Value":19719},{"Length":229,"Height":85,"Demand":1,"DemandMax":null,"Value":19465},{"Length":128,"Height":152,"Demand":1,"DemandMax":null,"Value":19456},{"Length":306,"Height":63,"Demand":1,"DemandMax":null,"Value":19278},{"Length":76,"Height":253,"Demand":1,"DemandMax":null,"Value":19228},{"Length":65,"Height":295,"Demand":1,"DemandMax":null,"Value":19175},{"Length":133,"Height":142,"Demand":1,"DemandMax":null,"Value":18886},{"Length":356,"Height":53,"Demand":1,"DemandMax":null,"Value":18868},{"Length":269,"Height":70,"Demand":1,"DemandMax":null,"Value":18830},{"Length":96,"Height":196,"Demand":1,"DemandMax":null,"Value":18816},{"Length":80,"Height":235,"Demand":1,"DemandMax":null,"Value":18800},{"Length":120,"Height":156,"Demand":1,"DemandMax":null,"Value":18720},{"Length":321,"Height":58,"Demand":1,"DemandMax":null,"Value":18618},{"Length":130,"Height":143,"Demand":1,"DemandMax":null,"Value":18590},{"Length":99,"Height":187,"Demand":1,"DemandMax":null,"Value":18513},{"Length":205,"Height":90,"Demand":1,"DemandMax":null,"Value":18450},{"Length":143,"Height":127,"Demand":1,"DemandMax":null,"Value":18161},{"Length":100,"Height":181,"Demand":1,"DemandMax":null,"Value":18100},{"Length":133,"Height":136,"Demand":1,"DemandMax":null,"Value":18088},{"Length":70,"Height":258,"Demand":1,"DemandMax":null,"Value":18060},{"Length":368,"Height":49,"Demand":1,"DemandMax":null,"Value":18032},{"Length":58,"Height":307,"Demand":1,"DemandMax":null,"Value":17806},{"Length":54,"Height":329,"Demand":1,"DemandMax":null,"Value":17766},{"Length":157,"Height":113,"Demand":1,"DemandMax":null,"Value":17741},{"Length":101,"Height":175,"Demand":1,"DemandMax":null,"Value":17675},{"Length":321,"Height":55,"Demand":1,"DemandMax":null,"Value":17655},{"Length":70,"Height":252,"Demand":1,"DemandMax":null,"Value":17640},{"Length":119,"Height":148,"Demand":1,"DemandMax":null,"Value":17612},{"Length":320,"Height":55,"Demand":1,"DemandMax":null,"Value":17600},{"Length":225,"Height":78,"Demand":1,"DemandMax":null,"Value":17550},{"Length":322,"Height":54,"Demand":1,"DemandMax":null,"Value":17388},{"Length":146,"Height":119,"Demand":1,"DemandMax":null,"Value":17374},{"Length":175,"Height":99,"Demand":1,"DemandMax":null,"Value":17325},{"Length":225,"Height":77,"Demand":1,"DemandMax":null,"Value":17325},{"Length":270,"Height":64,"Demand":1,"DemandMax":null,"Value":17280},{"Length":55,"Height":313,"Demand":1,"DemandMax":null,"Value":17215},{"Length":298,"Height":57,"Demand":1,"DemandMax":null,"Value":16986},{"Length":133,"Height":127,"Demand":1,"DemandMax":null,"Value":16891},{"Length":47,"Height":359,"Demand":1,"DemandMax":null,"Value":16873},{"Length":46,"Height":366,"Demand":1,"DemandMax":null,"Value":16836},{"Length":139,"Height":121,"Demand":1,"DemandMax":null,"Value":16819},{"Length":120,"Height":140,"Demand":1,"DemandMax":null,"Value":16800},{"Length":93,"Height":179,"Demand":1,"DemandMax":null,"Value":16647},{"Length":106,"Height":157,"Demand":1,"DemandMax":null,"Value":16642},{"Length":158,"Height":105,"Demand":1,"DemandMax":null,"Value":16590},{"Length":368,"Height":45,"Demand":1,"DemandMax":null,"Value":16560},{"Length":46,"Height":359,"Demand":1,"DemandMax":null,"Value":16514},{"Length":47,"Height":350,"Demand":1,"DemandMax":null,"Value":16450},{"Length":365,"Height":45,"Demand":1,"DemandMax":null,"Value":16425},{"Length":184,"Height":89,"Demand":1,"DemandMax":null,"Value":16376},{"Length":202,"Height":81,"Demand":1,"DemandMax":null,"Value":16362},{"Length":46,"Height":355,"Demand":1,"DemandMax":null,"Value":16330},{"Length":120,"Height":136,"Demand":1,"DemandMax":null,"Value":16320},{"Length":92,"Height":177,"Demand":1,"DemandMax":null,"Value":16284},{"Length":134,"Height":121,"Demand":1,"DemandMax":null,"Value":16214},{"Length":45,"Height":360,"Demand":1,"DemandMax":null,"Value":16200},{"Length":106,"Height":152,"Demand":1,"DemandMax":null,"Value":16112},{"Length":52,"Height":309,"Demand":1,"DemandMax":null,"Value":16068},{"Length":239,"Height":67,"Demand":1,"DemandMax":null,"Value":16013},{"Length":371,"Height":43,"Demand":1,"DemandMax":null,"Value":15953},{"Length":66,"Height":241,"Demand":1,"DemandMax":null,"Value":15906},{"Length":112,"Height":142,"Demand":1,"DemandMax":null,"Value":15904},{"Length":53,"Height":300,"Demand":1,"DemandMax":null,"Value":15900},{"Length":70,"Height":227,"Demand":1,"DemandMax":null,"Value":15890},{"Length":139,"Height":113,"Demand":1,"DemandMax":null,"Value":15707},{"Length":52,"Height":298,"Demand":1,"DemandMax":null,"Value":15496},{"Length":67,"Height":231,"Demand":1,"DemandMax":null,"Value":15477},{"Length":309,"Height":50,"Demand":1,"DemandMax":null,"Value":15450},{"Length":203,"Height":76,"Demand":1,"DemandMax":null,"Value":15428},{"Length":201,"Height":76,"Demand":1,"DemandMax":null,"Value":15276},{"Length":53,"Height":288,"Demand":1,"DemandMax":null,"Value":15264},{"Length":85,"Height":179,"Demand":1,"DemandMax":null,"Value":15215},{"Length":371,"Height":41,"Demand":1,"DemandMax":null,"Value":15211},{"Length":265,"Height":57,"Demand":1,"DemandMax":null,"Value":15105},{"Length":287,"Height":52,"Demand":1,"DemandMax":null,"Value":14924},{"Length":48,"Height":309,"Demand":1,"DemandMax":null,"Value":14832},{"Length":279,"Height":53,"Demand":1,"DemandMax":null,"Value":14787},{"Length":276,"Height":53,"Demand":1,"DemandMax":null,"Value":14628},{"Length":175,"Height":83,"Demand":1,"DemandMax":null,"Value":14525},{"Length":168,"Height":86,"Demand":1,"DemandMax":null,"Value":14448},{"Length":218,"Height":66,"Demand":1,"DemandMax":null,"Value":14388},{"Length":197,"Height":73,"Demand":1,"DemandMax":null,"Value":14381},{"Length":255,"Height":56,"Demand":1,"DemandMax":null,"Value":14280},{"Length":48,"Height":297,"Demand":1,"DemandMax":null,"Value":14256},{"Length":74,"Height":192,"Demand":1,"DemandMax":null,"Value":14208},{"Length":131,"Height":108,"Demand":1,"DemandMax":null,"Value":14148},{"Length":172,"Height":82,"Demand":1,"DemandMax":null,"Value":14104},{"Length":40,"Height":349,"Demand":1,"DemandMax":null,"Value":13960},{"Length":142,"Height":98,"Demand":1,"DemandMax":null,"Value":13916},{"Length":185,"Height":75,"Demand":1,"DemandMax":null,"Value":13875},{"Length":289,"Height":48,"Demand":1,"DemandMax":null,"Value":13872},{"Length":374,"Height":37,"Demand":1,"DemandMax":null,"Value":13838},{"Length":150,"Height":92,"Demand":1,"DemandMax":null,"Value":13800},{"Length":245,"Height":56,"Demand":1,"DemandMax":null,"Value":13720},{"Length":71,"Height":193,"Demand":1,"DemandMax":null,"Value":13703},{"Length":137,"Height":100,"Demand":1,"DemandMax":null,"Value":13700},{"Length":75,"Height":180,"Demand":1,"DemandMax":null,"Value":13500},{"Length":232,"Height":58,"Demand":1,"DemandMax":null,"Value":13456},{"Length":55,"Height":244,"Demand":1,"DemandMax":null,"Value":13420},{"Length":327,"Height":41,"Demand":1,"DemandMax":null,"Value":13407},{"Length":186,"Height":72,"Demand":1,"DemandMax":null,"Value":13392},{"Length":79,"Height":169,"Demand":1,"DemandMax":null,"Value":13351},{"Length":122,"Height":109,"Demand":1,"DemandMax":null,"Value":13298},{"Length":232,"Height":57,"Demand":1,"DemandMax":null,"Value":13224},{"Length":356,"Height":37,"Demand":1,"DemandMax":null,"Value":13172},{"Length":248,"Height":53,"Demand":1,"DemandMax":null,"Value":13144},{"Length":82,"Height":160,"Demand":1,"DemandMax":null,"Value":13120},{"Length":61,"Height":215,"Demand":1,"DemandMax":null,"Value":13115},{"Length":230,"Height":57,"Demand":1,"DemandMax":null,"Value":13110},{"Length":41,"Height":318,"Demand":1,"DemandMax":null,"Value":13038},{"Length":106,"Height":122,"Demand":1,"DemandMax":null,"Value":12932},{"Length":93,"Height":139,"Demand":1,"DemandMax":null,"Value":12927},{"Length":187,"Height":69,"Demand":1,"DemandMax":null,"Value":12903},{"Length":40,"Height":321,"Demand":1,"DemandMax":null,"Value":12840},{"Length":131,"Height":98,"Demand":1,"DemandMax":null,"Value":12838},{"Length":55,"Height":232,"Demand":1,"DemandMax":null,"Value":12760},{"Length":118,"Height":108,"Demand":1,"DemandMax":null,"Value":12744},{"Length":71,"Height":179,"Demand":1,"DemandMax":null,"Value":12709},{"Length":208,"Height":61,"Demand":1,"DemandMax":null,"Value":12688},{"Length":86,"Height":147,"Demand":1,"DemandMax":null,"Value":12642},{"Length":146,"Height":86,"Demand":1,"DemandMax":null,"Value":12556},{"Length":128,"Height":98,"Demand":1,"DemandMax":null,"Value":12544},{"Length":44,"Height":285,"Demand":1,"DemandMax":null,"Value":12540},{"Length":134,"Height":93,"Demand":1,"DemandMax":null,"Value":12462},{"Length":49,"Height":253,"Demand":1,"DemandMax":null,"Value":12397},{"Length":71,"Height":174,"Demand":1,"DemandMax":null,"Value":12354},{"Length":101,"Height":121,"Demand":1,"DemandMax":null,"Value":12221},{"Length":116,"Height":105,"Demand":1,"DemandMax":null,"Value":12180},{"Length":44,"Height":276,"Demand":1,"DemandMax":null,"Value":12144},{"Length":50,"Height":242,"Demand":1,"DemandMax":null,"Value":12100},{"Length":65,"Height":186,"Demand":1,"DemandMax":null,"Value":12090},{"Length":78,"Height":155,"Demand":1,"DemandMax":null,"Value":12090},{"Length":67,"Height":180,"Demand":1,"DemandMax":null,"Value":12060},{"Length":343,"Height":35,"Demand":1,"DemandMax":null,"Value":12005},{"Length":136,"Height":88,"Demand":1,"DemandMax":null,"Value":11968},{"Length":147,"Height":81,"Demand":1,"DemandMax":null,"Value":11907},{"Length":290,"Height":41,"Demand":1,"DemandMax":null,"Value":11890},{"Length":42,"Height":283,"Demand":1,"DemandMax":null,"Value":11886},{"Length":81,"Height":146,"Demand":1,"DemandMax":null,"Value":11826},{"Length":36,"Height":328,"Demand":1,"DemandMax":null,"Value":11808},{"Length":85,"Height":138,"Demand":1,"DemandMax":null,"Value":11730},{"Length":54,"Height":217,"Demand":1,"DemandMax":null,"Value":11718},{"Length":234,"Height":50,"Demand":1,"DemandMax":null,"Value":11700},{"Length":60,"Height":192,"Demand":1,"DemandMax":null,"Value":11520},{"Length":202,"Height":57,"Demand":1,"DemandMax":null,"Value":11514},{"Length":43,"Height":265,"Demand":1,"DemandMax":null,"Value":11395},{"Length":180,"Height":63,"Demand":1,"DemandMax":null,"Value":11340},{"Length":70,"Height":161,"Demand":1,"DemandMax":null,"Value":11270},{"Length":129,"Height":87,"Demand":1,"DemandMax":null,"Value":11223},{"Length":287,"Height":39,"Demand":1,"DemandMax":null,"Value":11193},{"Length":192,"Height":58,"Demand":1,"DemandMax":null,"Value":11136},{"Length":39,"Height":281,"Demand":1,"DemandMax":null,"Value":10959},{"Length":51,"Height":214,"Demand":1,"DemandMax":null,"Value":10914},{"Length":46,"Height":236,"Demand":1,"DemandMax":null,"Value":10856},{"Length":79,"Height":137,"Demand":1,"DemandMax":null,"Value":10823},{"Length":36,"Height":297,"Demand":1,"DemandMax":null,"Value":10692},{"Length":274,"Height":39,"Demand":1,"DemandMax":null,"Value":10686},{"Length":37,"Height":288,"Demand":1,"DemandMax":null,"Value":10656},{"Length":122,"Height":87,"Demand":1,"DemandMax":null,"Value":10614},{"Length":189,"Height":56,"Demand":1,"DemandMax":null,"Value":10584},{"Length":151,"Height":70,"Demand":1,"DemandMax":null,"Value":10570},{"Length":350,"Height":30,"Demand":1,"DemandMax":null,"Value":10500},{"Length":276,"Height":38,"Demand":1,"DemandMax":null,"Value":10488},{"Length":147,"Height":71,"Demand":1,"DemandMax":null,"Value":10437},{"Length":153,"Height":68,"Demand":1,"DemandMax":null,"Value":10404},{"Length":226,"Height":46,"Demand":1,"DemandMax":null,"Value":10396},{"Length":241,"Height":43,"Demand":1,"DemandMax":null,"Value":10363},{"Length":95,"Height":109,"Demand":1,"DemandMax":null,"Value":10355},{"Length":214,"Height":48,"Demand":1,"DemandMax":null,"Value":10272},{"Length":74,"Height":138,"Demand":1,"DemandMax":null,"Value":10212},{"Length":37,"Height":276,"Demand":1,"DemandMax":null,"Value":10212},{"Length":248,"Height":41,"Demand":1,"DemandMax":null,"Value":10168},{"Length":33,"Height":307,"Demand":1,"DemandMax":null,"Value":10131},{"Length":220,"Height":46,"Demand":1,"DemandMax":null,"Value":10120},{"Length":197,"Height":51,"Demand":1,"DemandMax":null,"Value":10047},{"Length":85,"Height":117,"Demand":1,"DemandMax":null,"Value":9945},{"Length":136,"Height":72,"Demand":1,"DemandMax":null,"Value":9792},{"Length":80,"Height":122,"Demand":1,"DemandMax":null,"Value":9760},{"Length":76,"Height":128,"Demand":1,"DemandMax":null,"Value":9728},{"Length":39,"Height":249,"Demand":1,"DemandMax":null,"Value":9711},{"Length":98,"Height":99,"Demand":1,"DemandMax":null,"Value":9702},{"Length":100,"Height":97,"Demand":1,"DemandMax":null,"Value":9700},{"Length":27,"Height":359,"Demand":1,"DemandMax":null,"Value":9693},{"Length":206,"Height":47,"Demand":1,"DemandMax":null,"Value":9682},{"Length":44,"Height":220,"Demand":1,"DemandMax":null,"Value":9680},{"Length":64,"Height":151,"Demand":1,"DemandMax":null,"Value":9664},{"Length":42,"Height":230,"Demand":1,"DemandMax":null,"Value":9660},{"Length":32,"Height":301,"Demand":1,"DemandMax":null,"Value":9632},{"Length":253,"Height":38,"Demand":1,"DemandMax":null,"Value":9614},{"Length":291,"Height":33,"Demand":1,"DemandMax":null,"Value":9603},{"Length":38,"Height":252,"Demand":1,"DemandMax":null,"Value":9576},{"Length":354,"Height":27,"Demand":1,"DemandMax":null,"Value":9558},{"Length":172,"Height":55,"Demand":1,"DemandMax":null,"Value":9460},{"Length":185,"Height":51,"Demand":1,"DemandMax":null,"Value":9435},{"Length":89,"Height":103,"Demand":1,"DemandMax":null,"Value":9167},{"Length":216,"Height":42,"Demand":1,"DemandMax":null,"Value":9072},{"Length":168,"Height":54,"Demand":1,"DemandMax":null,"Value":9072},{"Length":37,"Height":243,"Demand":1,"DemandMax":null,"Value":8991},{"Length":70,"Height":127,"Demand":1,"DemandMax":null,"Value":8890},{"Length":26,"Height":340,"Demand":1,"DemandMax":null,"Value":8840},{"Length":68,"Height":130,"Demand":1,"DemandMax":null,"Value":8840},{"Length":35,"Height":251,"Demand":1,"DemandMax":null,"Value":8785},{"Length":41,"Height":214,"Demand":1,"DemandMax":null,"Value":8774},{"Length":155,"Height":56,"Demand":1,"DemandMax":null,"Value":8680},{"Length":289,"Height":30,"Demand":1,"DemandMax":null,"Value":8670},{"Length":279,"Height":31,"Demand":1,"DemandMax":null,"Value":8649},{"Length":54,"Height":160,"Demand":1,"DemandMax":null,"Value":8640},{"Length":43,"Height":199,"Demand":1,"DemandMax":null,"Value":8557},{"Length":222,"Height":38,"Demand":1,"DemandMax":null,"Value":8436},{"Length":51,"Height":163,"Demand":1,"DemandMax":null,"Value":8313},{"Length":94,"Height":88,"Demand":1,"DemandMax":null,"Value":8272},{"Length":45,"Height":183,"Demand":1,"DemandMax":null,"Value":8235},{"Length":27,"Height":304,"Demand":1,"DemandMax":null,"Value":8208},{"Length":42,"Height":194,"Demand":1,"DemandMax":null,"Value":8148},{"Length":185,"Height":44,"Demand":1,"DemandMax":null,"Value":8140},{"Length":34,"Height":239,"Demand":1,"DemandMax":null,"Value":8126},{"Length":41,"Height":195,"Demand":1,"DemandMax":null,"Value":7995},{"Length":242,"Height":33,"Demand":1,"DemandMax":null,"Value":7986},{"Length":25,"Height":319,"Demand":1,"DemandMax":null,"Value":7975},{"Length":55,"Height":145,"Demand":1,"DemandMax":null,"Value":7975},{"Length":77,"Height":103,"Demand":1,"DemandMax":null,"Value":7931},{"Length":136,"Height":58,"Demand":1,"DemandMax":null,"Value":7888},{"Length":59,"Height":132,"Demand":1,"DemandMax":null,"Value":7788},{"Length":173,"Height":45,"Demand":1,"DemandMax":null,"Value":7785},{"Length":56,"Height":136,"Demand":1,"DemandMax":null,"Value":7616},{"Length":302,"Height":25,"Demand":1,"DemandMax":null,"Value":7550},{"Length":54,"Height":138,"Demand":1,"DemandMax":null,"Value":7452},{"Length":67,"Height":110,"Demand":1,"DemandMax":null,"Value":7370},{"Length":84,"Height":87,"Demand":1,"DemandMax":null,"Value":7308},{"Length":25,"Height":292,"Demand":1,"DemandMax":null,"Value":7300},{"Length":50,"Height":145,"Demand":1,"DemandMax":null,"Value":7250},{"Length":37,"Height":195,"Demand":1,"DemandMax":null,"Value":7215},{"Length":179,"Height":40,"Demand":1,"DemandMax":null,"Value":7160},{"Length":158,"Height":45,"Demand":1,"DemandMax":null,"Value":7110},{"Length":130,"Height":54,"Demand":1,"DemandMax":null,"Value":7020},{"Length":47,"Height":149,"Demand":1,"DemandMax":null,"Value":7003},{"Length":116,"Height":60,"Demand":1,"DemandMax":null,"Value":6960},{"Length":43,"Height":161,"Demand":1,"DemandMax":null,"Value":6923},{"Length":89,"Height":77,"Demand":1,"DemandMax":null,"Value":6853},{"Length":100,"Height":67,"Demand":1,"DemandMax":null,"Value":6700},{"Length":31,"Height":211,"Demand":1,"DemandMax":null,"Value":6541},{"Length":74,"Height":85,"Demand":1,"DemandMax":null,"Value":6290},{"Length":130,"Height":48,"Demand":1,"DemandMax":null,"Value":6240},{"Length":77,"Height":81,"Demand":1,"DemandMax":null,"Value":6237},{"Length":183,"Height":34,"Demand":1,"DemandMax":null,"Value":6222},{"Length":77,"Height":80,"Demand":1,"DemandMax":null,"Value":6160},{"Length":67,"Height":91,"Demand":1,"DemandMax":null,"Value":6097},{"Length":52,"Height":113,"Demand":1,"DemandMax":null,"Value":5876},{"Length":40,"Height":145,"Demand":1,"DemandMax":null,"Value":5800},{"Length":161,"Height":36,"Demand":1,"DemandMax":null,"Value":5796},{"Length":43,"Height":133,"Demand":1,"DemandMax":null,"Value":5719},{"Length":80,"Height":71,"Demand":1,"DemandMax":null,"Value":5680},{"Length":55,"Height":103,"Demand":1,"DemandMax":null,"Value":5665},{"Length":157,"Height":36,"Demand":1,"DemandMax":null,"Value":5652},{"Length":161,"Height":35,"Demand":1,"DemandMax":null,"Value":5635},{"Length":54,"Height":104,"Demand":1,"DemandMax":null,"Value":5616},{"Length":117,"Height":48,"Demand":1,"DemandMax":null,"Value":5616},{"Length":124,"Height":45,"Demand":1,"DemandMax":null,"Value":5580},{"Length":30,"Height":185,"Demand":1,"DemandMax":null,"Value":5550},{"Length":37,"Height":150,"Demand":1,"DemandMax":null,"Value":5550},{"Length":222,"Height":25,"Demand":1,"DemandMax":null,"Value":5550},{"Length":53,"Height":104,"Demand":1,"DemandMax":null,"Value":5512},{"Length":39,"Height":141,"Demand":1,"DemandMax":null,"Value":5499},{"Length":171,"Height":32,"Demand":1,"DemandMax":null,"Value":5472},{"Length":30,"Height":180,"Demand":1,"DemandMax":null,"Value":5400},{"Length":85,"Height":62,"Demand":1,"DemandMax":null,"Value":5270},{"Length":59,"Height":89,"Demand":1,"DemandMax":null,"Value":5251},{"Length":186,"Height":28,"Demand":1,"DemandMax":null,"Value":5208},{"Length":64,"Height":81,"Demand":1,"DemandMax":null,"Value":5184},{"Length":157,"Height":33,"Demand":1,"DemandMax":null,"Value":5181},{"Length":115,"Height":45,"Demand":1,"DemandMax":null,"Value":5175},{"Length":52,"Height":99,"Demand":1,"DemandMax":null,"Value":5148},{"Length":69,"Height":74,"Demand":1,"DemandMax":null,"Value":5106},{"Length":75,"Height":68,"Demand":1,"DemandMax":null,"Value":5100},{"Length":49,"Height":104,"Demand":1,"DemandMax":null,"Value":5096},{"Length":71,"Height":71,"Demand":1,"DemandMax":null,"Value":5041},{"Length":45,"Height":112,"Demand":1,"DemandMax":null,"Value":5040},{"Length":52,"Height":94,"Demand":1,"DemandMax":null,"Value":4888},{"Length":84,"Height":57,"Demand":1,"DemandMax":null,"Value":4788},{"Length":191,"Height":25,"Demand":1,"DemandMax":null,"Value":4775},{"Length":70,"Height":68,"Demand":1,"DemandMax":null,"Value":4760},{"Length":138,"Height":34,"Demand":1,"DemandMax":null,"Value":4692},{"Length":45,"Height":101,"Demand":1,"DemandMax":null,"Value":4545},{"Length":74,"Height":56,"Demand":1,"DemandMax":null,"Value":4144},{"Length":103,"Height":40,"Demand":1,"DemandMax":null,"Value":4120},{"Length":56,"Height":72,"Demand":1,"DemandMax":null,"Value":4032},{"Length":25,"Height":161,"Demand":1,"DemandMax":null,"Value":4025},{"Length":66,"Height":60,"Demand":1,"DemandMax":null,"Value":3960},{"Length":41,"Height":96,"Demand":1,"DemandMax":null,"Value":3936},{"Length":82,"Height":48,"Demand":1,"DemandMax":null,"Value":3936},{"Length":29,"Height":135,"Demand":1,"DemandMax":null,"Value":3915},{"Length":60,"Height":64,"Demand":1,"DemandMax":null,"Value":3840},{"Length":58,"Height":65,"Demand":1,"DemandMax":null,"Value":3770},{"Length":32,"Height":113,"Demand":1,"DemandMax":null,"Value":3616},{"Length":41,"Height":87,"Demand":1,"DemandMax":null,"Value":3567},{"Length":54,"Height":66,"Demand":1,"DemandMax":null,"Value":3564},{"Length":53,"Height":65,"Demand":1,"DemandMax":null,"Value":3445},{"Length":30,"Height":110,"Demand":1,"DemandMax":null,"Value":3300},{"Length":36,"Height":90,"Demand":1,"DemandMax":null,"Value":3240},{"Length":75,"Height":43,"Demand":1,"DemandMax":null,"Value":3225},{"Length":52,"Height":62,"Demand":1,"DemandMax":null,"Value":3224},{"Length":114,"Height":28,"Demand":1,"DemandMax":null,"Value":3192},{"Length":42,"Height":76,"Demand":1,"DemandMax":null,"Value":3192},{"Length":93,"Height":33,"Demand":1,"DemandMax":null,"Value":3069},{"Length":73,"Height":42,"Demand":1,"DemandMax":null,"Value":3066},{"Length":49,"Height":61,"Demand":1,"DemandMax":null,"Value":2989},{"Length":31,"Height":96,"Demand":1,"DemandMax":null,"Value":2976},{"Length":25,"Height":110,"Demand":1,"DemandMax":null,"Value":2750},{"Length":54,"Height":50,"Demand":1,"DemandMax":null,"Value":2700},{"Length":29,"Height":92,"Demand":1,"DemandMax":null,"Value":2668},{"Length":73,"Height":36,"Demand":1,"DemandMax":null,"Value":2628},{"Length":59,"Height":44,"Demand":1,"DemandMax":null,"Value":2596},{"Length":41,"Height":58,"Demand":1,"DemandMax":null,"Value":2378},{"Length":33,"Height":70,"Demand":1,"DemandMax":null,"Value":2310},{"Length":52,"Height":44,"Demand":1,"DemandMax":null,"Value":2288},{"Length":64,"Height":35,"Demand":1,"DemandMax":null,"Value":2240},{"Length":81,"Height":26,"Demand":1,"DemandMax":null,"Value":2106},{"Length":39,"Height":48,"Demand":1,"DemandMax":null,"Value":1872},{"Length":28,"Height":61,"Demand":1,"DemandMax":null,"Value":1708},{"Length":40,"Height":42,"Demand":1,"DemandMax":null,"Value":1680},{"Length":45,"Height":37,"Demand":1,"DemandMax":null,"Value":1665},{"Length":26,"Height":60,"Demand":1,"DemandMax":null,"Value":1560},{"Length":48,"Height":32,"Demand":1,"DemandMax":null,"Value":1536},{"Length":26,"Height":59,"Demand":1,"DemandMax":null,"Value":1534},{"Length":37,"Height":37,"Demand":1,"DemandMax":null,"Value":1369},{"Length":35,"Height":38,"Demand":1,"DemandMax":null,"Value":1330},{"Length":51,"Height":26,"Demand":1,"DemandMax":null,"Value":1326},{"Length":33,"Height":32,"Demand":1,"DemandMax":null,"Value":1056},{"Length":38,"Height":25,"Demand":1,"DemandMax":null,"Value":950},{"Length":33,"Height":27,"Demand":1,"DemandMax":null,"Value":891},{"Length":25,"Height":32,"Demand":1,"DemandMax":null,"Value":800}]}