{"Name":"AH87","Objects":[{"Length":1000,"Height":2415,"Stock":null,"Cost":2415000}],"Items":[{"Length":49,"Height":67,"Demand":100,"DemandMax":null,"Value":3283},{"Length":53,"Height":61,"Demand":100,"DemandMax":null,"Value":3233},{"Length":59,"Height":52,"Demand":100,"DemandMax":null,"Value":3068},{"Length":63,"Height":41,"Demand":100,"DemandMax":null,"Value":2583},{"Length":74,"Height":32,"Demand":100,"DemandMax":null,"Value":2368},{"Length":41,"Height":55,"Demand":100,"DemandMax":null,"Value":2255},{"Length":32,"Height":68,"Demand":100,"DemandMax":null,"Value":2176},{"Length":40,"Height":51,"Demand":100,"DemandMax":null,"Value":2040},{"Length":33,"Height":59,"Demand":100,"DemandMax":null,"Value":1947},{"Length":26,"Height":46,"Demand":100,"DemandMax":null,"Value":1196}]}