{"Name":"AH210","Objects":[{"Length":1000,"Height":2488,"Stock":null,"Cost":2488000}],"Items":[{"Length":71,"Height":73,"Demand":10,"DemandMax":null,"Value":5183},{"Length":69,"Height":73,"Demand":10,"DemandMax":null,"Value":5037},{"Length":68,"Height":69,"Demand":10,"DemandMax":null,"Value":4692},{"Length":74,"Height":60,"Demand":10,"DemandMax":null,"Value":4440},{"Length":73,"Height":59,"Demand":10,"DemandMax":null,"Value":4307},{"Length":59,"Height":72,"Demand":10,"DemandMax":null,"Value":4248},{"Length":63,"Height":66,"Demand":10,"DemandMax":null,"Value":4158},{"Length":62,"Height":66,"Demand":10,"DemandMax":null,"Value":4092},{"Length":57,"Height":71,"Demand":10,"DemandMax":null,"Value":4047},{"Length":62,"Height":65,"Demand":10,"DemandMax":null,"Value":4030},{"Length":69,"Height":58,"Demand":10,"DemandMax":null,"Value":4002},{"Length":62,"Height":63,"Demand":10,"DemandMax":null,"Value":3906},{"Length":59,"Height":66,"Demand":10,"DemandMax":null,"Value":3894},{"Length":69,"Height":55,"Demand":10,"DemandMax":null,"Value":3795},{"Length":63,"Height":59,"Demand":10,"DemandMax":null,"Value":3717},{"Length":55,"Height":67,"Demand":10,"DemandMax":null,"Value":3685},{"Length":75,"Height":48,"Demand":10,"DemandMax":null,"Value":3600},{"Length":58,"Height":62,"Demand":10,"DemandMax":null,"Value":3596},{"Length":53,"Height":64,"Demand":10,"DemandMax":null,"Value":3392},{"Length":49,"Height":69,"Demand":10,"DemandMax":null,"Value":3381},{"Length":56,"Height":59,"Demand":10,"DemandMax":null,"Value":3304},{"Length":52,"Height":63,"Demand":10,"DemandMax":null,"Value":3276},{"Length":58,"Height":56,"Demand":10,"DemandMax":null,"Value":3248},{"Length":46,"Height":70,"Demand":10,"DemandMax":null,"Value":3220},{"Length":42,"Height":75,"Demand":10,"DemandMax":null,"Value":3150},{"Length":59,"Height":53,"Demand":10,"DemandMax":null,"Value":3127},{"Length":49,"Height":63,"Demand":10,"DemandMax":null,"Value":3087},{"Length":48,"Height":64,"Demand":10,"DemandMax":null,"Value":3072},{"Length":62,"Height":49,"Demand":10,"DemandMax":null,"Value":3038},{"Length":48,"Height":63,"Demand":10,"DemandMax":null,"Value":3024},{"Length":53,"Height":57,"Demand":10,"DemandMax":null,"Value":3021},{"Length":40,"Height":75,"Demand":10,"DemandMax":null,"Value":3000},{"Length":66,"Height":45,"Demand":10,"DemandMax":null,"Value":2970},{"Length":70,"Height":42,"Demand":10,"DemandMax":null,"Value":2940},{"Length":61,"Height":48,"Demand":10,"DemandMax":null,"Value":2928},{"Length":53,"Height":55,"Demand":10,"DemandMax":null,"Value":2915},{"Length":72,"Height":40,"Demand":10,"DemandMax":null,"Value":2880},{"Length":74,"Height":38,"Demand":10,"DemandMax":null,"Value":2812},{"Length":70,"Height":40,"Demand":10,"DemandMax":null,"Value":2800},{"Length":48,"Height":58,"Demand":10,"DemandMax":null,"Value":2784},{"Length":37,"Height":75,"Demand":10,"DemandMax":null,"Value":2775},{"Length":47,"Height":59,"Demand":10,"DemandMax":null,"Value":2773},{"Length":52,"Height":53,"Demand":10,"DemandMax":null,"Value":2756},{"Length":43,"Height":63,"Demand":10,"DemandMax":null,"Value":2709},{"Length":65,"Height":41,"Demand":10,"DemandMax":null,"Value":2665},{"Length":50,"Height":52,"Demand":10,"DemandMax":null,"Value":2600},{"Length":59,"Height":44,"Demand":10,"DemandMax":null,"Value":2596},{"Length":68,"Height":38,"Demand":10,"DemandMax":null,"Value":2584},{"Length":72,"Height":35,"Demand":10,"DemandMax":null,"Value":2520},{"Length":48,"Height":52,"Demand":10,"DemandMax":null,"Value":2496},{"Length":45,"Height":55,"Demand":10,"DemandMax":null,"Value":2475},{"Length":70,"Height":35,"Demand":10,"DemandMax":null,"Value":2450},{"Length":36,"Height":68,"Demand":10,"DemandMax":null,"Value":2448},{"Length":54,"Height":45,"Demand":10,"DemandMax":null,"Value":2430},{"Length":36,"Height":65,"Demand":10,"DemandMax":null,"Value":2340},{"Length":65,"Height":35,"Demand":10,"DemandMax":null,"Value":2275},{"Length":73,"Height":31,"Demand":10,"DemandMax":null,"Value":2263},{"Length":55,"Height":41,"Demand":10,"DemandMax":null,"Value":2255},{"Length":47,"Height":47,"Demand":10,"DemandMax":null,"Value":2209},{"Length":32,"Height":66,"Demand":10,"DemandMax":null,"Value":2112},{"Length":34,"Height":61,"Demand":10,"DemandMax":null,"Value":2074},{"Length":40,"Height":50,"Demand":10,"DemandMax":null,"Value":2000},{"Length":66,"Height":29,"Demand":10,"DemandMax":null,"Value":1914},{"Length":59,"Height":32,"Demand":10,"DemandMax":null,"Value":1888},{"Length":30,"Height":61,"Demand":10,"DemandMax":null,"Value":1830},{"Length":32,"Height":57,"Demand":10,"DemandMax":null,"Value":1824},{"Length":60,"Height":30,"Demand":10,"DemandMax":null,"Value":1800},{"Length":26,"Height":68,"Demand":10,"DemandMax":null,"Value":1768},{"Length":34,"Height":52,"Demand":10,"DemandMax":null,"Value":1768},{"Length":25,"Height":70,"Demand":10,"DemandMax":null,"Value":1750},{"Length":38,"Height":46,"Demand":10,"DemandMax":null,"Value":1748},{"Length":50,"Height":34,"Demand":10,"DemandMax":null,"Value":1700},{"Length":51,"Height":33,"Demand":10,"DemandMax":null,"Value":1683},{"Length":55,"Height":29,"Demand":10,"DemandMax":null,"Value":1595},{"Length":51,"Height":30,"Demand":10,"DemandMax":null,"Value":1530},{"Length":32,"Height":46,"Demand":10,"DemandMax":null,"Value":1472},{"Length":35,"Height":42,"Demand":10,"DemandMax":null,"Value":1470},{"Length":41,"Height":35,"Demand":10,"DemandMax":null,"Value":1435},{"Length":26,"Height":55,"Demand":10,"DemandMax":null,"Value":1430},{"Length":36,"Height":39,"Demand":10,"DemandMax":null,"Value":1404},{"Length":40,"Height":34,"Demand":10,"DemandMax":null,"Value":1360},{"Length":45,"Height":30,"Demand":10,"DemandMax":null,"Value":1350},{"Length":39,"Height":34,"Demand":10,"DemandMax":null,"Value":1326},{"Length":30,"Height":44,"Demand":10,"DemandMax":null,"Value":1320},{"Length":41,"Height":32,"Demand":10,"DemandMax":null,"Value":1312},{"Length":49,"Height":26,"Demand":10,"DemandMax":null,"Value":1274},{"Length":31,"Height":41,"Demand":10,"DemandMax":null,"Value":1271},{"Length":32,"Height":39,"Demand":10,"DemandMax":null,"Value":1248},{"Length":31,"Height":40,"Demand":10,"DemandMax":null,"Value":1240},{"Length":41,"Height":29,"Demand":10,"DemandMax":null,"Value":1189},{"Length":33,"Height":36,"Demand":10,"DemandMax":null,"Value":1188},{"Length":27,"Height":42,"Demand":10,"DemandMax":null,"Value":1134},{"Length":45,"Height":25,"Demand":10,"DemandMax":null,"Value":1125},{"Length":33,"Height":33,"Demand":10,"DemandMax":null,"Value":1089},{"Length":31,"Height":35,"Demand":10,"DemandMax":null,"Value":1085},{"Length":36,"Height":29,"Demand":10,"DemandMax":null,"Value":1044},{"Length":37,"Height":27,"Demand":10,"DemandMax":null,"Value":999},{"Length":33,"Height":30,"Demand":10,"DemandMax":null,"Value":990},{"Length":37,"Height":25,"Demand":10,"DemandMax":null,"Value":925},{"Length":27,"Height":26,"Demand":10,"DemandMax":null,"Value":702}]}