{"Name":"AH57","Objects":[{"Length":1000,"Height":40791,"Stock":null,"Cost":40791000}],"Items":[{"Length":319,"Height":349,"Demand":100,"DemandMax":null,"Value":111331},{"Length":302,"Height":318,"Demand":100,"DemandMax":null,"Value":96036},{"Length":189,"Height":294,"Demand":100,"DemandMax":null,"Value":55566},{"Length":155,"Height":311,"Demand":100,"DemandMax":null,"Value":48205},{"Length":163,"Height":198,"Demand":100,"DemandMax":null,"Value":32274},{"Length":117,"Height":192,"Demand":100,"DemandMax":null,"Value":22464},{"Length":243,"Height":81,"Demand":100,"DemandMax":null,"Value":19683},{"Length":249,"Height":42,"Demand":100,"DemandMax":null,"Value":10458},{"Length":196,"Height":46,"Demand":100,"DemandMax":null,"Value":9016},{"Length":29,"Height":99,"Demand":100,"DemandMax":null,"Value":2871}]}