{"Name":"AH344","Objects":[{"Length":1000,"Height":2255,"Stock":null,"Cost":2255000}],"Items":[{"Length":90,"Height":89,"Demand":1,"DemandMax":null,"Value":8010},{"Length":89,"Height":89,"Demand":1,"DemandMax":null,"Value":7921},{"Length":90,"Height":86,"Demand":1,"DemandMax":null,"Value":7740},{"Length":89,"Height":86,"Demand":1,"DemandMax":null,"Value":7654},{"Length":85,"Height":90,"Demand":1,"DemandMax":null,"Value":7650},{"Length":84,"Height":90,"Demand":1,"DemandMax":null,"Value":7560},{"Length":83,"Height":90,"Demand":1,"DemandMax":null,"Value":7470},{"Length":87,"Height":85,"Demand":1,"DemandMax":null,"Value":7395},{"Length":89,"Height":83,"Demand":1,"DemandMax":null,"Value":7387},{"Length":85,"Height":85,"Demand":1,"DemandMax":null,"Value":7225},{"Length":88,"Height":81,"Demand":1,"DemandMax":null,"Value":7128},{"Length":89,"Height":80,"Demand":1,"DemandMax":null,"Value":7120},{"Length":82,"Height":86,"Demand":1,"DemandMax":null,"Value":7052},{"Length":90,"Height":78,"Demand":1,"DemandMax":null,"Value":7020},{"Length":86,"Height":80,"Demand":1,"DemandMax":null,"Value":6880},{"Length":79,"Height":87,"Demand":1,"DemandMax":null,"Value":6873},{"Length":81,"Height":84,"Demand":1,"DemandMax":null,"Value":6804},{"Length":79,"Height":86,"Demand":1,"DemandMax":null,"Value":6794},{"Length":78,"Height":87,"Demand":1,"DemandMax":null,"Value":6786},{"Length":77,"Height":88,"Demand":1,"DemandMax":null,"Value":6776},{"Length":76,"Height":89,"Demand":1,"DemandMax":null,"Value":6764},{"Length":75,"Height":90,"Demand":1,"DemandMax":null,"Value":6750},{"Length":78,"Height":86,"Demand":1,"DemandMax":null,"Value":6708},{"Length":75,"Height":89,"Demand":1,"DemandMax":null,"Value":6675},{"Length":86,"Height":77,"Demand":1,"DemandMax":null,"Value":6622},{"Length":88,"Height":75,"Demand":1,"DemandMax":null,"Value":6600},{"Length":81,"Height":81,"Demand":1,"DemandMax":null,"Value":6561},{"Length":76,"Height":86,"Demand":1,"DemandMax":null,"Value":6536},{"Length":80,"Height":81,"Demand":1,"DemandMax":null,"Value":6480},{"Length":76,"Height":85,"Demand":1,"DemandMax":null,"Value":6460},{"Length":87,"Height":74,"Demand":1,"DemandMax":null,"Value":6438},{"Length":72,"Height":89,"Demand":1,"DemandMax":null,"Value":6408},{"Length":71,"Height":90,"Demand":1,"DemandMax":null,"Value":6390},{"Length":85,"Height":75,"Demand":1,"DemandMax":null,"Value":6375},{"Length":74,"Height":86,"Demand":1,"DemandMax":null,"Value":6364},{"Length":80,"Height":79,"Demand":1,"DemandMax":null,"Value":6320},{"Length":81,"Height":78,"Demand":1,"DemandMax":null,"Value":6318},{"Length":83,"Height":76,"Demand":1,"DemandMax":null,"Value":6308},{"Length":85,"Height":74,"Demand":1,"DemandMax":null,"Value":6290},{"Length":72,"Height":87,"Demand":1,"DemandMax":null,"Value":6264},{"Length":82,"Height":76,"Demand":1,"DemandMax":null,"Value":6232},{"Length":70,"Height":89,"Demand":1,"DemandMax":null,"Value":6230},{"Length":83,"Height":75,"Demand":1,"DemandMax":null,"Value":6225},{"Length":84,"Height":74,"Demand":1,"DemandMax":null,"Value":6216},{"Length":90,"Height":69,"Demand":1,"DemandMax":null,"Value":6210},{"Length":71,"Height":87,"Demand":1,"DemandMax":null,"Value":6177},{"Length":82,"Height":75,"Demand":1,"DemandMax":null,"Value":6150},{"Length":86,"Height":71,"Demand":1,"DemandMax":null,"Value":6106},{"Length":78,"Height":78,"Demand":1,"DemandMax":null,"Value":6084},{"Length":71,"Height":85,"Demand":1,"DemandMax":null,"Value":6035},{"Length":74,"Height":81,"Demand":1,"DemandMax":null,"Value":5994},{"Length":88,"Height":68,"Demand":1,"DemandMax":null,"Value":5984},{"Length":83,"Height":72,"Demand":1,"DemandMax":null,"Value":5976},{"Length":71,"Height":84,"Demand":1,"DemandMax":null,"Value":5964},{"Length":70,"Height":85,"Demand":1,"DemandMax":null,"Value":5950},{"Length":84,"Height":70,"Demand":1,"DemandMax":null,"Value":5880},{"Length":75,"Height":78,"Demand":1,"DemandMax":null,"Value":5850},{"Length":84,"Height":69,"Demand":1,"DemandMax":null,"Value":5796},{"Length":78,"Height":74,"Demand":1,"DemandMax":null,"Value":5772},{"Length":79,"Height":73,"Demand":1,"DemandMax":null,"Value":5767},{"Length":64,"Height":90,"Demand":1,"DemandMax":null,"Value":5760},{"Length":66,"Height":87,"Demand":1,"DemandMax":null,"Value":5742},{"Length":69,"Height":83,"Demand":1,"DemandMax":null,"Value":5727},{"Length":64,"Height":89,"Demand":1,"DemandMax":null,"Value":5696},{"Length":85,"Height":67,"Demand":1,"DemandMax":null,"Value":5695},{"Length":78,"Height":73,"Demand":1,"DemandMax":null,"Value":5694},{"Length":86,"Height":66,"Demand":1,"DemandMax":null,"Value":5676},{"Length":83,"Height":68,"Demand":1,"DemandMax":null,"Value":5644},{"Length":84,"Height":67,"Demand":1,"DemandMax":null,"Value":5628},{"Length":74,"Height":76,"Demand":1,"DemandMax":null,"Value":5624},{"Length":79,"Height":71,"Demand":1,"DemandMax":null,"Value":5609},{"Length":69,"Height":81,"Demand":1,"DemandMax":null,"Value":5589},{"Length":78,"Height":71,"Demand":1,"DemandMax":null,"Value":5538},{"Length":85,"Height":65,"Demand":1,"DemandMax":null,"Value":5525},{"Length":69,"Height":80,"Demand":1,"DemandMax":null,"Value":5520},{"Length":63,"Height":87,"Demand":1,"DemandMax":null,"Value":5481},{"Length":75,"Height":73,"Demand":1,"DemandMax":null,"Value":5475},{"Length":72,"Height":76,"Demand":1,"DemandMax":null,"Value":5472},{"Length":71,"Height":77,"Demand":1,"DemandMax":null,"Value":5467},{"Length":78,"Height":70,"Demand":1,"DemandMax":null,"Value":5460},{"Length":80,"Height":68,"Demand":1,"DemandMax":null,"Value":5440},{"Length":90,"Height":60,"Demand":1,"DemandMax":null,"Value":5400},{"Length":69,"Height":78,"Demand":1,"DemandMax":null,"Value":5382},{"Length":68,"Height":79,"Demand":1,"DemandMax":null,"Value":5372},{"Length":88,"Height":61,"Demand":1,"DemandMax":null,"Value":5368},{"Length":89,"Height":60,"Demand":1,"DemandMax":null,"Value":5340},{"Length":82,"Height":65,"Demand":1,"DemandMax":null,"Value":5330},{"Length":83,"Height":64,"Demand":1,"DemandMax":null,"Value":5312},{"Length":90,"Height":59,"Demand":1,"DemandMax":null,"Value":5310},{"Length":66,"Height":80,"Demand":1,"DemandMax":null,"Value":5280},{"Length":85,"Height":62,"Demand":1,"DemandMax":null,"Value":5270},{"Length":81,"Height":65,"Demand":1,"DemandMax":null,"Value":5265},{"Length":72,"Height":73,"Demand":1,"DemandMax":null,"Value":5256},{"Length":89,"Height":59,"Demand":1,"DemandMax":null,"Value":5251},{"Length":77,"Height":68,"Demand":1,"DemandMax":null,"Value":5236},{"Length":90,"Height":58,"Demand":1,"DemandMax":null,"Value":5220},{"Length":85,"Height":61,"Demand":1,"DemandMax":null,"Value":5185},{"Length":81,"Height":64,"Demand":1,"DemandMax":null,"Value":5184},{"Length":75,"Height":69,"Demand":1,"DemandMax":null,"Value":5175},{"Length":73,"Height":70,"Demand":1,"DemandMax":null,"Value":5110},{"Length":64,"Height":79,"Demand":1,"DemandMax":null,"Value":5056},{"Length":90,"Height":56,"Demand":1,"DemandMax":null,"Value":5040},{"Length":88,"Height":57,"Demand":1,"DemandMax":null,"Value":5016},{"Length":59,"Height":85,"Demand":1,"DemandMax":null,"Value":5015},{"Length":77,"Height":65,"Demand":1,"DemandMax":null,"Value":5005},{"Length":61,"Height":82,"Demand":1,"DemandMax":null,"Value":5002},{"Length":60,"Height":83,"Demand":1,"DemandMax":null,"Value":4980},{"Length":72,"Height":69,"Demand":1,"DemandMax":null,"Value":4968},{"Length":84,"Height":59,"Demand":1,"DemandMax":null,"Value":4956},{"Length":75,"Height":66,"Demand":1,"DemandMax":null,"Value":4950},{"Length":58,"Height":85,"Demand":1,"DemandMax":null,"Value":4930},{"Length":77,"Height":64,"Demand":1,"DemandMax":null,"Value":4928},{"Length":63,"Height":78,"Demand":1,"DemandMax":null,"Value":4914},{"Length":86,"Height":57,"Demand":1,"DemandMax":null,"Value":4902},{"Length":89,"Height":55,"Demand":1,"DemandMax":null,"Value":4895},{"Length":74,"Height":66,"Demand":1,"DemandMax":null,"Value":4884},{"Length":61,"Height":80,"Demand":1,"DemandMax":null,"Value":4880},{"Length":87,"Height":56,"Demand":1,"DemandMax":null,"Value":4872},{"Length":63,"Height":77,"Demand":1,"DemandMax":null,"Value":4851},{"Length":89,"Height":54,"Demand":1,"DemandMax":null,"Value":4806},{"Length":77,"Height":62,"Demand":1,"DemandMax":null,"Value":4774},{"Length":85,"Height":56,"Demand":1,"DemandMax":null,"Value":4760},{"Length":61,"Height":78,"Demand":1,"DemandMax":null,"Value":4758},{"Length":65,"Height":73,"Demand":1,"DemandMax":null,"Value":4745},{"Length":55,"Height":86,"Demand":1,"DemandMax":null,"Value":4730},{"Length":56,"Height":84,"Demand":1,"DemandMax":null,"Value":4704},{"Length":85,"Height":55,"Demand":1,"DemandMax":null,"Value":4675},{"Length":53,"Height":88,"Demand":1,"DemandMax":null,"Value":4664},{"Length":74,"Height":63,"Demand":1,"DemandMax":null,"Value":4662},{"Length":83,"Height":56,"Demand":1,"DemandMax":null,"Value":4648},{"Length":80,"Height":58,"Demand":1,"DemandMax":null,"Value":4640},{"Length":76,"Height":61,"Demand":1,"DemandMax":null,"Value":4636},{"Length":89,"Height":52,"Demand":1,"DemandMax":null,"Value":4628},{"Length":69,"Height":67,"Demand":1,"DemandMax":null,"Value":4623},{"Length":55,"Height":84,"Demand":1,"DemandMax":null,"Value":4620},{"Length":59,"Height":78,"Demand":1,"DemandMax":null,"Value":4602},{"Length":85,"Height":54,"Demand":1,"DemandMax":null,"Value":4590},{"Length":60,"Height":76,"Demand":1,"DemandMax":null,"Value":4560},{"Length":66,"Height":69,"Demand":1,"DemandMax":null,"Value":4554},{"Length":77,"Height":59,"Demand":1,"DemandMax":null,"Value":4543},{"Length":84,"Height":54,"Demand":1,"DemandMax":null,"Value":4536},{"Length":72,"Height":63,"Demand":1,"DemandMax":null,"Value":4536},{"Length":62,"Height":73,"Demand":1,"DemandMax":null,"Value":4526},{"Length":78,"Height":58,"Demand":1,"DemandMax":null,"Value":4524},{"Length":55,"Height":82,"Demand":1,"DemandMax":null,"Value":4510},{"Length":90,"Height":50,"Demand":1,"DemandMax":null,"Value":4500},{"Length":65,"Height":69,"Demand":1,"DemandMax":null,"Value":4485},{"Length":76,"Height":59,"Demand":1,"DemandMax":null,"Value":4484},{"Length":57,"Height":78,"Demand":1,"DemandMax":null,"Value":4446},{"Length":75,"Height":59,"Demand":1,"DemandMax":null,"Value":4425},{"Length":57,"Height":77,"Demand":1,"DemandMax":null,"Value":4389},{"Length":56,"Height":78,"Demand":1,"DemandMax":null,"Value":4368},{"Length":62,"Height":70,"Demand":1,"DemandMax":null,"Value":4340},{"Length":85,"Height":51,"Demand":1,"DemandMax":null,"Value":4335},{"Length":54,"Height":80,"Demand":1,"DemandMax":null,"Value":4320},{"Length":83,"Height":52,"Demand":1,"DemandMax":null,"Value":4316},{"Length":56,"Height":77,"Demand":1,"DemandMax":null,"Value":4312},{"Length":52,"Height":82,"Demand":1,"DemandMax":null,"Value":4264},{"Length":87,"Height":49,"Demand":1,"DemandMax":null,"Value":4263},{"Length":71,"Height":60,"Demand":1,"DemandMax":null,"Value":4260},{"Length":76,"Height":56,"Demand":1,"DemandMax":null,"Value":4256},{"Length":53,"Height":80,"Demand":1,"DemandMax":null,"Value":4240},{"Length":77,"Height":55,"Demand":1,"DemandMax":null,"Value":4235},{"Length":74,"Height":57,"Demand":1,"DemandMax":null,"Value":4218},{"Length":68,"Height":62,"Demand":1,"DemandMax":null,"Value":4216},{"Length":55,"Height":76,"Demand":1,"DemandMax":null,"Value":4180},{"Length":80,"Height":52,"Demand":1,"DemandMax":null,"Value":4160},{"Length":90,"Height":46,"Demand":1,"DemandMax":null,"Value":4140},{"Length":71,"Height":58,"Demand":1,"DemandMax":null,"Value":4118},{"Length":84,"Height":49,"Demand":1,"DemandMax":null,"Value":4116},{"Length":50,"Height":82,"Demand":1,"DemandMax":null,"Value":4100},{"Length":87,"Height":47,"Demand":1,"DemandMax":null,"Value":4089},{"Length":68,"Height":60,"Demand":1,"DemandMax":null,"Value":4080},{"Length":59,"Height":69,"Demand":1,"DemandMax":null,"Value":4071},{"Length":74,"Height":55,"Demand":1,"DemandMax":null,"Value":4070},{"Length":66,"Height":61,"Demand":1,"DemandMax":null,"Value":4026},{"Length":77,"Height":52,"Demand":1,"DemandMax":null,"Value":4004},{"Length":78,"Height":51,"Demand":1,"DemandMax":null,"Value":3978},{"Length":63,"Height":63,"Demand":1,"DemandMax":null,"Value":3969},{"Length":81,"Height":49,"Demand":1,"DemandMax":null,"Value":3969},{"Length":62,"Height":64,"Demand":1,"DemandMax":null,"Value":3968},{"Length":55,"Height":72,"Demand":1,"DemandMax":null,"Value":3960},{"Length":86,"Height":46,"Demand":1,"DemandMax":null,"Value":3956},{"Length":76,"Height":52,"Demand":1,"DemandMax":null,"Value":3952},{"Length":58,"Height":68,"Demand":1,"DemandMax":null,"Value":3944},{"Length":73,"Height":54,"Demand":1,"DemandMax":null,"Value":3942},{"Length":80,"Height":49,"Demand":1,"DemandMax":null,"Value":3920},{"Length":85,"Height":46,"Demand":1,"DemandMax":null,"Value":3910},{"Length":60,"Height":65,"Demand":1,"DemandMax":null,"Value":3900},{"Length":66,"Height":59,"Demand":1,"DemandMax":null,"Value":3894},{"Length":51,"Height":76,"Demand":1,"DemandMax":null,"Value":3876},{"Length":88,"Height":44,"Demand":1,"DemandMax":null,"Value":3872},{"Length":79,"Height":49,"Demand":1,"DemandMax":null,"Value":3871},{"Length":73,"Height":53,"Demand":1,"DemandMax":null,"Value":3869},{"Length":55,"Height":70,"Demand":1,"DemandMax":null,"Value":3850},{"Length":44,"Height":87,"Demand":1,"DemandMax":null,"Value":3828},{"Length":49,"Height":78,"Demand":1,"DemandMax":null,"Value":3822},{"Length":53,"Height":72,"Demand":1,"DemandMax":null,"Value":3816},{"Length":76,"Height":50,"Demand":1,"DemandMax":null,"Value":3800},{"Length":52,"Height":73,"Demand":1,"DemandMax":null,"Value":3796},{"Length":62,"Height":61,"Demand":1,"DemandMax":null,"Value":3782},{"Length":84,"Height":45,"Demand":1,"DemandMax":null,"Value":3780},{"Length":77,"Height":49,"Demand":1,"DemandMax":null,"Value":3773},{"Length":58,"Height":65,"Demand":1,"DemandMax":null,"Value":3770},{"Length":71,"Height":53,"Demand":1,"DemandMax":null,"Value":3763},{"Length":55,"Height":68,"Demand":1,"DemandMax":null,"Value":3740},{"Length":44,"Height":85,"Demand":1,"DemandMax":null,"Value":3740},{"Length":54,"Height":69,"Demand":1,"DemandMax":null,"Value":3726},{"Length":81,"Height":46,"Demand":1,"DemandMax":null,"Value":3726},{"Length":70,"Height":53,"Demand":1,"DemandMax":null,"Value":3710},{"Length":50,"Height":74,"Demand":1,"DemandMax":null,"Value":3700},{"Length":43,"Height":86,"Demand":1,"DemandMax":null,"Value":3698},{"Length":84,"Height":44,"Demand":1,"DemandMax":null,"Value":3696},{"Length":72,"Height":51,"Demand":1,"DemandMax":null,"Value":3672},{"Length":44,"Height":83,"Demand":1,"DemandMax":null,"Value":3652},{"Length":57,"Height":64,"Demand":1,"DemandMax":null,"Value":3648},{"Length":81,"Height":45,"Demand":1,"DemandMax":null,"Value":3645},{"Length":52,"Height":70,"Demand":1,"DemandMax":null,"Value":3640},{"Length":43,"Height":84,"Demand":1,"DemandMax":null,"Value":3612},{"Length":80,"Height":45,"Demand":1,"DemandMax":null,"Value":3600},{"Length":56,"Height":64,"Demand":1,"DemandMax":null,"Value":3584},{"Length":65,"Height":55,"Demand":1,"DemandMax":null,"Value":3575},{"Length":47,"Height":76,"Demand":1,"DemandMax":null,"Value":3572},{"Length":81,"Height":44,"Demand":1,"DemandMax":null,"Value":3564},{"Length":40,"Height":89,"Demand":1,"DemandMax":null,"Value":3560},{"Length":59,"Height":60,"Demand":1,"DemandMax":null,"Value":3540},{"Length":63,"Height":56,"Demand":1,"DemandMax":null,"Value":3528},{"Length":72,"Height":49,"Demand":1,"DemandMax":null,"Value":3528},{"Length":75,"Height":47,"Demand":1,"DemandMax":null,"Value":3525},{"Length":40,"Height":88,"Demand":1,"DemandMax":null,"Value":3520},{"Length":64,"Height":55,"Demand":1,"DemandMax":null,"Value":3520},{"Length":66,"Height":53,"Demand":1,"DemandMax":null,"Value":3498},{"Length":86,"Height":40,"Demand":1,"DemandMax":null,"Value":3440},{"Length":43,"Height":80,"Demand":1,"DemandMax":null,"Value":3440},{"Length":57,"Height":60,"Demand":1,"DemandMax":null,"Value":3420},{"Length":55,"Height":62,"Demand":1,"DemandMax":null,"Value":3410},{"Length":71,"Height":48,"Demand":1,"DemandMax":null,"Value":3408},{"Length":58,"Height":58,"Demand":1,"DemandMax":null,"Value":3364},{"Length":40,"Height":84,"Demand":1,"DemandMax":null,"Value":3360},{"Length":88,"Height":38,"Demand":1,"DemandMax":null,"Value":3344},{"Length":49,"Height":68,"Demand":1,"DemandMax":null,"Value":3332},{"Length":40,"Height":83,"Demand":1,"DemandMax":null,"Value":3320},{"Length":65,"Height":51,"Demand":1,"DemandMax":null,"Value":3315},{"Length":38,"Height":87,"Demand":1,"DemandMax":null,"Value":3306},{"Length":60,"Height":55,"Demand":1,"DemandMax":null,"Value":3300},{"Length":40,"Height":82,"Demand":1,"DemandMax":null,"Value":3280},{"Length":39,"Height":84,"Demand":1,"DemandMax":null,"Value":3276},{"Length":74,"Height":44,"Demand":1,"DemandMax":null,"Value":3256},{"Length":58,"Height":56,"Demand":1,"DemandMax":null,"Value":3248},{"Length":54,"Height":60,"Demand":1,"DemandMax":null,"Value":3240},{"Length":83,"Height":39,"Demand":1,"DemandMax":null,"Value":3237},{"Length":38,"Height":85,"Demand":1,"DemandMax":null,"Value":3230},{"Length":52,"Height":62,"Demand":1,"DemandMax":null,"Value":3224},{"Length":89,"Height":36,"Demand":1,"DemandMax":null,"Value":3204},{"Length":40,"Height":80,"Demand":1,"DemandMax":null,"Value":3200},{"Length":78,"Height":41,"Demand":1,"DemandMax":null,"Value":3198},{"Length":76,"Height":42,"Demand":1,"DemandMax":null,"Value":3192},{"Length":49,"Height":65,"Demand":1,"DemandMax":null,"Value":3185},{"Length":88,"Height":36,"Demand":1,"DemandMax":null,"Value":3168},{"Length":72,"Height":44,"Demand":1,"DemandMax":null,"Value":3168},{"Length":39,"Height":81,"Demand":1,"DemandMax":null,"Value":3159},{"Length":41,"Height":77,"Demand":1,"DemandMax":null,"Value":3157},{"Length":35,"Height":90,"Demand":1,"DemandMax":null,"Value":3150},{"Length":73,"Height":43,"Demand":1,"DemandMax":null,"Value":3139},{"Length":64,"Height":49,"Demand":1,"DemandMax":null,"Value":3136},{"Length":68,"Height":46,"Demand":1,"DemandMax":null,"Value":3128},{"Length":44,"Height":71,"Demand":1,"DemandMax":null,"Value":3124},{"Length":76,"Height":41,"Demand":1,"DemandMax":null,"Value":3116},{"Length":62,"Height":50,"Demand":1,"DemandMax":null,"Value":3100},{"Length":63,"Height":49,"Demand":1,"DemandMax":null,"Value":3087},{"Length":54,"Height":57,"Demand":1,"DemandMax":null,"Value":3078},{"Length":58,"Height":53,"Demand":1,"DemandMax":null,"Value":3074},{"Length":52,"Height":59,"Demand":1,"DemandMax":null,"Value":3068},{"Length":34,"Height":90,"Demand":1,"DemandMax":null,"Value":3060},{"Length":51,"Height":60,"Demand":1,"DemandMax":null,"Value":3060},{"Length":35,"Height":87,"Demand":1,"DemandMax":null,"Value":3045},{"Length":76,"Height":40,"Demand":1,"DemandMax":null,"Value":3040},{"Length":63,"Height":48,"Demand":1,"DemandMax":null,"Value":3024},{"Length":54,"Height":56,"Demand":1,"DemandMax":null,"Value":3024},{"Length":72,"Height":42,"Demand":1,"DemandMax":null,"Value":3024},{"Length":57,"Height":53,"Demand":1,"DemandMax":null,"Value":3021},{"Length":58,"Height":52,"Demand":1,"DemandMax":null,"Value":3016},{"Length":86,"Height":35,"Demand":1,"DemandMax":null,"Value":3010},{"Length":47,"Height":64,"Demand":1,"DemandMax":null,"Value":3008},{"Length":37,"Height":81,"Demand":1,"DemandMax":null,"Value":2997},{"Length":73,"Height":41,"Demand":1,"DemandMax":null,"Value":2993},{"Length":43,"Height":69,"Demand":1,"DemandMax":null,"Value":2967},{"Length":76,"Height":39,"Demand":1,"DemandMax":null,"Value":2964},{"Length":33,"Height":89,"Demand":1,"DemandMax":null,"Value":2937},{"Length":48,"Height":61,"Demand":1,"DemandMax":null,"Value":2928},{"Length":77,"Height":38,"Demand":1,"DemandMax":null,"Value":2926},{"Length":37,"Height":79,"Demand":1,"DemandMax":null,"Value":2923},{"Length":63,"Height":46,"Demand":1,"DemandMax":null,"Value":2898},{"Length":38,"Height":76,"Demand":1,"DemandMax":null,"Value":2888},{"Length":39,"Height":74,"Demand":1,"DemandMax":null,"Value":2886},{"Length":67,"Height":43,"Demand":1,"DemandMax":null,"Value":2881},{"Length":48,"Height":60,"Demand":1,"DemandMax":null,"Value":2880},{"Length":64,"Height":45,"Demand":1,"DemandMax":null,"Value":2880},{"Length":44,"Height":65,"Demand":1,"DemandMax":null,"Value":2860},{"Length":50,"Height":57,"Demand":1,"DemandMax":null,"Value":2850},{"Length":77,"Height":37,"Demand":1,"DemandMax":null,"Value":2849},{"Length":66,"Height":43,"Demand":1,"DemandMax":null,"Value":2838},{"Length":63,"Height":45,"Demand":1,"DemandMax":null,"Value":2835},{"Length":41,"Height":69,"Demand":1,"DemandMax":null,"Value":2829},{"Length":33,"Height":85,"Demand":1,"DemandMax":null,"Value":2805},{"Length":35,"Height":80,"Demand":1,"DemandMax":null,"Value":2800},{"Length":70,"Height":40,"Demand":1,"DemandMax":null,"Value":2800},{"Length":68,"Height":41,"Demand":1,"DemandMax":null,"Value":2788},{"Length":73,"Height":38,"Demand":1,"DemandMax":null,"Value":2774},{"Length":66,"Height":42,"Demand":1,"DemandMax":null,"Value":2772},{"Length":71,"Height":39,"Demand":1,"DemandMax":null,"Value":2769},{"Length":79,"Height":35,"Demand":1,"DemandMax":null,"Value":2765},{"Length":89,"Height":31,"Demand":1,"DemandMax":null,"Value":2759},{"Length":53,"Height":52,"Demand":1,"DemandMax":null,"Value":2756},{"Length":32,"Height":86,"Demand":1,"DemandMax":null,"Value":2752},{"Length":64,"Height":43,"Demand":1,"DemandMax":null,"Value":2752},{"Length":41,"Height":67,"Demand":1,"DemandMax":null,"Value":2747},{"Length":58,"Height":47,"Demand":1,"DemandMax":null,"Value":2726},{"Length":63,"Height":43,"Demand":1,"DemandMax":null,"Value":2709},{"Length":41,"Height":66,"Demand":1,"DemandMax":null,"Value":2706},{"Length":50,"Height":54,"Demand":1,"DemandMax":null,"Value":2700},{"Length":90,"Height":30,"Demand":1,"DemandMax":null,"Value":2700},{"Length":31,"Height":87,"Demand":1,"DemandMax":null,"Value":2697},{"Length":39,"Height":69,"Demand":1,"DemandMax":null,"Value":2691},{"Length":48,"Height":56,"Demand":1,"DemandMax":null,"Value":2688},{"Length":79,"Height":34,"Demand":1,"DemandMax":null,"Value":2686},{"Length":43,"Height":62,"Demand":1,"DemandMax":null,"Value":2666},{"Length":72,"Height":37,"Demand":1,"DemandMax":null,"Value":2664},{"Length":39,"Height":68,"Demand":1,"DemandMax":null,"Value":2652},{"Length":42,"Height":63,"Demand":1,"DemandMax":null,"Value":2646},{"Length":36,"Height":73,"Demand":1,"DemandMax":null,"Value":2628},{"Length":37,"Height":71,"Demand":1,"DemandMax":null,"Value":2627},{"Length":38,"Height":69,"Demand":1,"DemandMax":null,"Value":2622},{"Length":39,"Height":67,"Demand":1,"DemandMax":null,"Value":2613},{"Length":90,"Height":29,"Demand":1,"DemandMax":null,"Value":2610},{"Length":31,"Height":84,"Demand":1,"DemandMax":null,"Value":2604},{"Length":40,"Height":65,"Demand":1,"DemandMax":null,"Value":2600},{"Length":44,"Height":59,"Demand":1,"DemandMax":null,"Value":2596},{"Length":72,"Height":36,"Demand":1,"DemandMax":null,"Value":2592},{"Length":74,"Height":35,"Demand":1,"DemandMax":null,"Value":2590},{"Length":70,"Height":37,"Demand":1,"DemandMax":null,"Value":2590},{"Length":47,"Height":55,"Demand":1,"DemandMax":null,"Value":2585},{"Length":34,"Height":76,"Demand":1,"DemandMax":null,"Value":2584},{"Length":60,"Height":43,"Demand":1,"DemandMax":null,"Value":2580},{"Length":39,"Height":66,"Demand":1,"DemandMax":null,"Value":2574},{"Length":78,"Height":33,"Demand":1,"DemandMax":null,"Value":2574},{"Length":32,"Height":80,"Demand":1,"DemandMax":null,"Value":2560},{"Length":29,"Height":88,"Demand":1,"DemandMax":null,"Value":2552},{"Length":38,"Height":67,"Demand":1,"DemandMax":null,"Value":2546},{"Length":62,"Height":41,"Demand":1,"DemandMax":null,"Value":2542},{"Length":77,"Height":33,"Demand":1,"DemandMax":null,"Value":2541},{"Length":46,"Height":55,"Demand":1,"DemandMax":null,"Value":2530},{"Length":79,"Height":32,"Demand":1,"DemandMax":null,"Value":2528},{"Length":84,"Height":30,"Demand":1,"DemandMax":null,"Value":2520},{"Length":70,"Height":36,"Demand":1,"DemandMax":null,"Value":2520},{"Length":37,"Height":68,"Demand":1,"DemandMax":null,"Value":2516},{"Length":74,"Height":34,"Demand":1,"DemandMax":null,"Value":2516},{"Length":31,"Height":81,"Demand":1,"DemandMax":null,"Value":2511},{"Length":44,"Height":57,"Demand":1,"DemandMax":null,"Value":2508},{"Length":66,"Height":38,"Demand":1,"DemandMax":null,"Value":2508},{"Length":28,"Height":89,"Demand":1,"DemandMax":null,"Value":2492},{"Length":47,"Height":53,"Demand":1,"DemandMax":null,"Value":2491},{"Length":54,"Height":46,"Demand":1,"DemandMax":null,"Value":2484},{"Length":29,"Height":85,"Demand":1,"DemandMax":null,"Value":2465},{"Length":41,"Height":60,"Demand":1,"DemandMax":null,"Value":2460},{"Length":43,"Height":57,"Demand":1,"DemandMax":null,"Value":2451},{"Length":50,"Height":49,"Demand":1,"DemandMax":null,"Value":2450},{"Length":79,"Height":31,"Demand":1,"DemandMax":null,"Value":2449},{"Length":68,"Height":36,"Demand":1,"DemandMax":null,"Value":2448},{"Length":48,"Height":51,"Demand":1,"DemandMax":null,"Value":2448},{"Length":66,"Height":37,"Demand":1,"DemandMax":null,"Value":2442},{"Length":29,"Height":84,"Demand":1,"DemandMax":null,"Value":2436},{"Length":87,"Height":28,"Demand":1,"DemandMax":null,"Value":2436},{"Length":44,"Height":55,"Demand":1,"DemandMax":null,"Value":2420},{"Length":35,"Height":69,"Demand":1,"DemandMax":null,"Value":2415},{"Length":40,"Height":60,"Demand":1,"DemandMax":null,"Value":2400},{"Length":51,"Height":47,"Demand":1,"DemandMax":null,"Value":2397},{"Length":38,"Height":63,"Demand":1,"DemandMax":null,"Value":2394},{"Length":35,"Height":68,"Demand":1,"DemandMax":null,"Value":2380},{"Length":29,"Height":82,"Demand":1,"DemandMax":null,"Value":2378},{"Length":54,"Height":44,"Demand":1,"DemandMax":null,"Value":2376},{"Length":36,"Height":66,"Demand":1,"DemandMax":null,"Value":2376},{"Length":43,"Height":55,"Demand":1,"DemandMax":null,"Value":2365},{"Length":84,"Height":28,"Demand":1,"DemandMax":null,"Value":2352},{"Length":87,"Height":27,"Demand":1,"DemandMax":null,"Value":2349},{"Length":51,"Height":46,"Demand":1,"DemandMax":null,"Value":2346},{"Length":71,"Height":33,"Demand":1,"DemandMax":null,"Value":2343},{"Length":78,"Height":30,"Demand":1,"DemandMax":null,"Value":2340},{"Length":26,"Height":90,"Demand":1,"DemandMax":null,"Value":2340},{"Length":60,"Height":39,"Demand":1,"DemandMax":null,"Value":2340},{"Length":41,"Height":57,"Demand":1,"DemandMax":null,"Value":2337},{"Length":44,"Height":53,"Demand":1,"DemandMax":null,"Value":2332},{"Length":38,"Height":61,"Demand":1,"DemandMax":null,"Value":2318},{"Length":89,"Height":26,"Demand":1,"DemandMax":null,"Value":2314},{"Length":49,"Height":47,"Demand":1,"DemandMax":null,"Value":2303},{"Length":46,"Height":50,"Demand":1,"DemandMax":null,"Value":2300},{"Length":45,"Height":51,"Demand":1,"DemandMax":null,"Value":2295},{"Length":76,"Height":30,"Demand":1,"DemandMax":null,"Value":2280},{"Length":73,"Height":31,"Demand":1,"DemandMax":null,"Value":2263},{"Length":52,"Height":43,"Demand":1,"DemandMax":null,"Value":2236},{"Length":41,"Height":54,"Demand":1,"DemandMax":null,"Value":2214},{"Length":67,"Height":33,"Demand":1,"DemandMax":null,"Value":2211},{"Length":26,"Height":85,"Demand":1,"DemandMax":null,"Value":2210},{"Length":49,"Height":45,"Demand":1,"DemandMax":null,"Value":2205},{"Length":55,"Height":40,"Demand":1,"DemandMax":null,"Value":2200},{"Length":30,"Height":73,"Demand":1,"DemandMax":null,"Value":2190},{"Length":84,"Height":26,"Demand":1,"DemandMax":null,"Value":2184},{"Length":52,"Height":42,"Demand":1,"DemandMax":null,"Value":2184},{"Length":33,"Height":66,"Demand":1,"DemandMax":null,"Value":2178},{"Length":34,"Height":64,"Demand":1,"DemandMax":null,"Value":2176},{"Length":47,"Height":46,"Demand":1,"DemandMax":null,"Value":2162},{"Length":80,"Height":27,"Demand":1,"DemandMax":null,"Value":2160},{"Length":90,"Height":24,"Demand":1,"DemandMax":null,"Value":2160},{"Length":72,"Height":30,"Demand":1,"DemandMax":null,"Value":2160},{"Length":44,"Height":49,"Demand":1,"DemandMax":null,"Value":2156},{"Length":50,"Height":43,"Demand":1,"DemandMax":null,"Value":2150},{"Length":33,"Height":65,"Demand":1,"DemandMax":null,"Value":2145},{"Length":67,"Height":32,"Demand":1,"DemandMax":null,"Value":2144},{"Length":63,"Height":34,"Demand":1,"DemandMax":null,"Value":2142},{"Length":31,"Height":69,"Demand":1,"DemandMax":null,"Value":2139},{"Length":79,"Height":27,"Demand":1,"DemandMax":null,"Value":2133},{"Length":28,"Height":76,"Demand":1,"DemandMax":null,"Value":2128},{"Length":85,"Height":25,"Demand":1,"DemandMax":null,"Value":2125},{"Length":57,"Height":37,"Demand":1,"DemandMax":null,"Value":2109},{"Length":50,"Height":42,"Demand":1,"DemandMax":null,"Value":2100},{"Length":25,"Height":84,"Demand":1,"DemandMax":null,"Value":2100},{"Length":24,"Height":87,"Demand":1,"DemandMax":null,"Value":2088},{"Length":26,"Height":80,"Demand":1,"DemandMax":null,"Value":2080},{"Length":52,"Height":40,"Demand":1,"DemandMax":null,"Value":2080},{"Length":31,"Height":67,"Demand":1,"DemandMax":null,"Value":2077},{"Length":28,"Height":74,"Demand":1,"DemandMax":null,"Value":2072},{"Length":39,"Height":53,"Demand":1,"DemandMax":null,"Value":2067},{"Length":48,"Height":43,"Demand":1,"DemandMax":null,"Value":2064},{"Length":79,"Height":26,"Demand":1,"DemandMax":null,"Value":2054},{"Length":57,"Height":36,"Demand":1,"DemandMax":null,"Value":2052},{"Length":76,"Height":27,"Demand":1,"DemandMax":null,"Value":2052},{"Length":34,"Height":60,"Demand":1,"DemandMax":null,"Value":2040},{"Length":26,"Height":78,"Demand":1,"DemandMax":null,"Value":2028},{"Length":25,"Height":81,"Demand":1,"DemandMax":null,"Value":2025},{"Length":31,"Height":65,"Demand":1,"DemandMax":null,"Value":2015},{"Length":53,"Height":38,"Demand":1,"DemandMax":null,"Value":2014},{"Length":59,"Height":34,"Demand":1,"DemandMax":null,"Value":2006},{"Length":80,"Height":25,"Demand":1,"DemandMax":null,"Value":2000},{"Length":37,"Height":54,"Demand":1,"DemandMax":null,"Value":1998},{"Length":39,"Height":51,"Demand":1,"DemandMax":null,"Value":1989},{"Length":28,"Height":71,"Demand":1,"DemandMax":null,"Value":1988},{"Length":43,"Height":46,"Demand":1,"DemandMax":null,"Value":1978},{"Length":76,"Height":26,"Demand":1,"DemandMax":null,"Value":1976},{"Length":25,"Height":79,"Demand":1,"DemandMax":null,"Value":1975},{"Length":47,"Height":42,"Demand":1,"DemandMax":null,"Value":1974},{"Length":48,"Height":41,"Demand":1,"DemandMax":null,"Value":1968},{"Length":32,"Height":61,"Demand":1,"DemandMax":null,"Value":1952},{"Length":33,"Height":59,"Demand":1,"DemandMax":null,"Value":1947},{"Length":67,"Height":29,"Demand":1,"DemandMax":null,"Value":1943},{"Length":42,"Height":46,"Demand":1,"DemandMax":null,"Value":1932},{"Length":47,"Height":41,"Demand":1,"DemandMax":null,"Value":1927},{"Length":31,"Height":62,"Demand":1,"DemandMax":null,"Value":1922},{"Length":32,"Height":60,"Demand":1,"DemandMax":null,"Value":1920},{"Length":53,"Height":36,"Demand":1,"DemandMax":null,"Value":1908},{"Length":22,"Height":86,"Demand":1,"DemandMax":null,"Value":1892},{"Length":70,"Height":27,"Demand":1,"DemandMax":null,"Value":1890},{"Length":45,"Height":42,"Demand":1,"DemandMax":null,"Value":1890},{"Length":41,"Height":46,"Demand":1,"DemandMax":null,"Value":1886},{"Length":29,"Height":65,"Demand":1,"DemandMax":null,"Value":1885},{"Length":28,"Height":67,"Demand":1,"DemandMax":null,"Value":1876},{"Length":22,"Height":85,"Demand":1,"DemandMax":null,"Value":1870},{"Length":62,"Height":30,"Demand":1,"DemandMax":null,"Value":1860},{"Length":31,"Height":60,"Demand":1,"DemandMax":null,"Value":1860},{"Length":35,"Height":53,"Demand":1,"DemandMax":null,"Value":1855},{"Length":51,"Height":36,"Demand":1,"DemandMax":null,"Value":1836},{"Length":63,"Height":29,"Demand":1,"DemandMax":null,"Value":1827},{"Length":24,"Height":76,"Demand":1,"DemandMax":null,"Value":1824},{"Length":28,"Height":65,"Demand":1,"DemandMax":null,"Value":1820},{"Length":55,"Height":33,"Demand":1,"DemandMax":null,"Value":1815},{"Length":27,"Height":67,"Demand":1,"DemandMax":null,"Value":1809},{"Length":22,"Height":82,"Demand":1,"DemandMax":null,"Value":1804},{"Length":30,"Height":60,"Demand":1,"DemandMax":null,"Value":1800},{"Length":58,"Height":31,"Demand":1,"DemandMax":null,"Value":1798},{"Length":26,"Height":69,"Demand":1,"DemandMax":null,"Value":1794},{"Length":22,"Height":81,"Demand":1,"DemandMax":null,"Value":1782},{"Length":66,"Height":27,"Demand":1,"DemandMax":null,"Value":1782},{"Length":33,"Height":54,"Demand":1,"DemandMax":null,"Value":1782},{"Length":23,"Height":77,"Demand":1,"DemandMax":null,"Value":1771},{"Length":57,"Height":31,"Demand":1,"DemandMax":null,"Value":1767},{"Length":36,"Height":49,"Demand":1,"DemandMax":null,"Value":1764},{"Length":41,"Height":43,"Demand":1,"DemandMax":null,"Value":1763},{"Length":65,"Height":27,"Demand":1,"DemandMax":null,"Value":1755},{"Length":45,"Height":39,"Demand":1,"DemandMax":null,"Value":1755},{"Length":73,"Height":24,"Demand":1,"DemandMax":null,"Value":1752},{"Length":70,"Height":25,"Demand":1,"DemandMax":null,"Value":1750},{"Length":83,"Height":21,"Demand":1,"DemandMax":null,"Value":1743},{"Length":26,"Height":67,"Demand":1,"DemandMax":null,"Value":1742},{"Length":20,"Height":87,"Demand":1,"DemandMax":null,"Value":1740},{"Length":28,"Height":62,"Demand":1,"DemandMax":null,"Value":1736},{"Length":32,"Height":54,"Demand":1,"DemandMax":null,"Value":1728},{"Length":82,"Height":21,"Demand":1,"DemandMax":null,"Value":1722},{"Length":20,"Height":86,"Demand":1,"DemandMax":null,"Value":1720},{"Length":43,"Height":40,"Demand":1,"DemandMax":null,"Value":1720},{"Length":44,"Height":39,"Demand":1,"DemandMax":null,"Value":1716},{"Length":81,"Height":21,"Demand":1,"DemandMax":null,"Value":1701},{"Length":27,"Height":63,"Demand":1,"DemandMax":null,"Value":1701},{"Length":50,"Height":34,"Demand":1,"DemandMax":null,"Value":1700},{"Length":85,"Height":20,"Demand":1,"DemandMax":null,"Value":1700},{"Length":22,"Height":77,"Demand":1,"DemandMax":null,"Value":1694},{"Length":65,"Height":26,"Demand":1,"DemandMax":null,"Value":1690},{"Length":58,"Height":29,"Demand":1,"DemandMax":null,"Value":1682},{"Length":70,"Height":24,"Demand":1,"DemandMax":null,"Value":1680},{"Length":84,"Height":20,"Demand":1,"DemandMax":null,"Value":1680},{"Length":60,"Height":28,"Demand":1,"DemandMax":null,"Value":1680},{"Length":23,"Height":73,"Demand":1,"DemandMax":null,"Value":1679},{"Length":39,"Height":43,"Demand":1,"DemandMax":null,"Value":1677},{"Length":34,"Height":49,"Demand":1,"DemandMax":null,"Value":1666},{"Length":45,"Height":37,"Demand":1,"DemandMax":null,"Value":1665},{"Length":26,"Height":64,"Demand":1,"DemandMax":null,"Value":1664},{"Length":66,"Height":25,"Demand":1,"DemandMax":null,"Value":1650},{"Length":61,"Height":27,"Demand":1,"DemandMax":null,"Value":1647},{"Length":53,"Height":31,"Demand":1,"DemandMax":null,"Value":1643},{"Length":40,"Height":41,"Demand":1,"DemandMax":null,"Value":1640},{"Length":26,"Height":63,"Demand":1,"DemandMax":null,"Value":1638},{"Length":71,"Height":23,"Demand":1,"DemandMax":null,"Value":1633},{"Length":51,"Height":32,"Demand":1,"DemandMax":null,"Value":1632},{"Length":48,"Height":34,"Demand":1,"DemandMax":null,"Value":1632},{"Length":44,"Height":37,"Demand":1,"DemandMax":null,"Value":1628},{"Length":28,"Height":58,"Demand":1,"DemandMax":null,"Value":1624},{"Length":27,"Height":60,"Demand":1,"DemandMax":null,"Value":1620},{"Length":30,"Height":54,"Demand":1,"DemandMax":null,"Value":1620},{"Length":77,"Height":21,"Demand":1,"DemandMax":null,"Value":1617},{"Length":85,"Height":19,"Demand":1,"DemandMax":null,"Value":1615},{"Length":24,"Height":67,"Demand":1,"DemandMax":null,"Value":1608},{"Length":18,"Height":89,"Demand":1,"DemandMax":null,"Value":1602},{"Length":34,"Height":47,"Demand":1,"DemandMax":null,"Value":1598},{"Length":43,"Height":37,"Demand":1,"DemandMax":null,"Value":1591},{"Length":53,"Height":30,"Demand":1,"DemandMax":null,"Value":1590},{"Length":18,"Height":88,"Demand":1,"DemandMax":null,"Value":1584},{"Length":22,"Height":72,"Demand":1,"DemandMax":null,"Value":1584},{"Length":31,"Height":51,"Demand":1,"DemandMax":null,"Value":1581},{"Length":75,"Height":21,"Demand":1,"DemandMax":null,"Value":1575},{"Length":87,"Height":18,"Demand":1,"DemandMax":null,"Value":1566},{"Length":29,"Height":54,"Demand":1,"DemandMax":null,"Value":1566},{"Length":22,"Height":71,"Demand":1,"DemandMax":null,"Value":1562},{"Length":24,"Height":65,"Demand":1,"DemandMax":null,"Value":1560},{"Length":30,"Height":52,"Demand":1,"DemandMax":null,"Value":1560},{"Length":37,"Height":42,"Demand":1,"DemandMax":null,"Value":1554},{"Length":50,"Height":31,"Demand":1,"DemandMax":null,"Value":1550},{"Length":26,"Height":59,"Demand":1,"DemandMax":null,"Value":1534},{"Length":73,"Height":21,"Demand":1,"DemandMax":null,"Value":1533},{"Length":61,"Height":25,"Demand":1,"DemandMax":null,"Value":1525},{"Length":39,"Height":39,"Demand":1,"DemandMax":null,"Value":1521},{"Length":69,"Height":22,"Demand":1,"DemandMax":null,"Value":1518},{"Length":33,"Height":46,"Demand":1,"DemandMax":null,"Value":1518},{"Length":17,"Height":89,"Demand":1,"DemandMax":null,"Value":1513},{"Length":84,"Height":18,"Demand":1,"DemandMax":null,"Value":1512},{"Length":21,"Height":72,"Demand":1,"DemandMax":null,"Value":1512},{"Length":25,"Height":60,"Demand":1,"DemandMax":null,"Value":1500},{"Length":18,"Height":83,"Demand":1,"DemandMax":null,"Value":1494},{"Length":55,"Height":27,"Demand":1,"DemandMax":null,"Value":1485},{"Length":53,"Height":28,"Demand":1,"DemandMax":null,"Value":1484},{"Length":57,"Height":26,"Demand":1,"DemandMax":null,"Value":1482},{"Length":74,"Height":20,"Demand":1,"DemandMax":null,"Value":1480},{"Length":32,"Height":46,"Demand":1,"DemandMax":null,"Value":1472},{"Length":17,"Height":86,"Demand":1,"DemandMax":null,"Value":1462},{"Length":43,"Height":34,"Demand":1,"DemandMax":null,"Value":1462},{"Length":54,"Height":27,"Demand":1,"DemandMax":null,"Value":1458},{"Length":47,"Height":31,"Demand":1,"DemandMax":null,"Value":1457},{"Length":44,"Height":33,"Demand":1,"DemandMax":null,"Value":1452},{"Length":41,"Height":35,"Demand":1,"DemandMax":null,"Value":1435},{"Length":55,"Height":26,"Demand":1,"DemandMax":null,"Value":1430},{"Length":42,"Height":34,"Demand":1,"DemandMax":null,"Value":1428},{"Length":31,"Height":46,"Demand":1,"DemandMax":null,"Value":1426},{"Length":59,"Height":24,"Demand":1,"DemandMax":null,"Value":1416},{"Length":30,"Height":47,"Demand":1,"DemandMax":null,"Value":1410},{"Length":32,"Height":44,"Demand":1,"DemandMax":null,"Value":1408},{"Length":37,"Height":38,"Demand":1,"DemandMax":null,"Value":1406},{"Length":52,"Height":27,"Demand":1,"DemandMax":null,"Value":1404},{"Length":45,"Height":31,"Demand":1,"DemandMax":null,"Value":1395},{"Length":58,"Height":24,"Demand":1,"DemandMax":null,"Value":1392},{"Length":73,"Height":19,"Demand":1,"DemandMax":null,"Value":1387},{"Length":42,"Height":33,"Demand":1,"DemandMax":null,"Value":1386},{"Length":66,"Height":21,"Demand":1,"DemandMax":null,"Value":1386},{"Length":26,"Height":53,"Demand":1,"DemandMax":null,"Value":1378},{"Length":18,"Height":76,"Demand":1,"DemandMax":null,"Value":1368},{"Length":35,"Height":39,"Demand":1,"DemandMax":null,"Value":1365},{"Length":65,"Height":21,"Demand":1,"DemandMax":null,"Value":1365},{"Length":29,"Height":47,"Demand":1,"DemandMax":null,"Value":1363},{"Length":17,"Height":80,"Demand":1,"DemandMax":null,"Value":1360},{"Length":23,"Height":59,"Demand":1,"DemandMax":null,"Value":1357},{"Length":33,"Height":41,"Demand":1,"DemandMax":null,"Value":1353},{"Length":15,"Height":90,"Demand":1,"DemandMax":null,"Value":1350},{"Length":19,"Height":71,"Demand":1,"DemandMax":null,"Value":1349},{"Length":42,"Height":32,"Demand":1,"DemandMax":null,"Value":1344},{"Length":79,"Height":17,"Demand":1,"DemandMax":null,"Value":1343},{"Length":19,"Height":70,"Demand":1,"DemandMax":null,"Value":1330},{"Length":78,"Height":17,"Demand":1,"DemandMax":null,"Value":1326},{"Length":63,"Height":21,"Demand":1,"DemandMax":null,"Value":1323},{"Length":27,"Height":49,"Demand":1,"DemandMax":null,"Value":1323},{"Length":55,"Height":24,"Demand":1,"DemandMax":null,"Value":1320},{"Length":15,"Height":88,"Demand":1,"DemandMax":null,"Value":1320},{"Length":33,"Height":40,"Demand":1,"DemandMax":null,"Value":1320},{"Length":44,"Height":30,"Demand":1,"DemandMax":null,"Value":1320},{"Length":15,"Height":87,"Demand":1,"DemandMax":null,"Value":1305},{"Length":26,"Height":50,"Demand":1,"DemandMax":null,"Value":1300},{"Length":25,"Height":52,"Demand":1,"DemandMax":null,"Value":1300},{"Length":22,"Height":59,"Demand":1,"DemandMax":null,"Value":1298},{"Length":54,"Height":24,"Demand":1,"DemandMax":null,"Value":1296},{"Length":48,"Height":27,"Demand":1,"DemandMax":null,"Value":1296},{"Length":72,"Height":18,"Demand":1,"DemandMax":null,"Value":1296},{"Length":34,"Height":38,"Demand":1,"DemandMax":null,"Value":1292},{"Length":76,"Height":17,"Demand":1,"DemandMax":null,"Value":1292},{"Length":19,"Height":68,"Demand":1,"DemandMax":null,"Value":1292},{"Length":86,"Height":15,"Demand":1,"DemandMax":null,"Value":1290},{"Length":23,"Height":56,"Demand":1,"DemandMax":null,"Value":1288},{"Length":33,"Height":39,"Demand":1,"DemandMax":null,"Value":1287},{"Length":21,"Height":61,"Demand":1,"DemandMax":null,"Value":1281},{"Length":20,"Height":64,"Demand":1,"DemandMax":null,"Value":1280},{"Length":32,"Height":40,"Demand":1,"DemandMax":null,"Value":1280},{"Length":75,"Height":17,"Demand":1,"DemandMax":null,"Value":1275},{"Length":25,"Height":51,"Demand":1,"DemandMax":null,"Value":1275},{"Length":34,"Height":37,"Demand":1,"DemandMax":null,"Value":1258},{"Length":74,"Height":17,"Demand":1,"DemandMax":null,"Value":1258},{"Length":19,"Height":66,"Demand":1,"DemandMax":null,"Value":1254},{"Length":57,"Height":22,"Demand":1,"DemandMax":null,"Value":1254},{"Length":50,"Height":25,"Demand":1,"DemandMax":null,"Value":1250},{"Length":78,"Height":16,"Demand":1,"DemandMax":null,"Value":1248},{"Length":89,"Height":14,"Demand":1,"DemandMax":null,"Value":1246},{"Length":62,"Height":20,"Demand":1,"DemandMax":null,"Value":1240},{"Length":25,"Height":49,"Demand":1,"DemandMax":null,"Value":1225},{"Length":24,"Height":51,"Demand":1,"DemandMax":null,"Value":1224},{"Length":36,"Height":34,"Demand":1,"DemandMax":null,"Value":1224},{"Length":33,"Height":37,"Demand":1,"DemandMax":null,"Value":1221},{"Length":61,"Height":20,"Demand":1,"DemandMax":null,"Value":1220},{"Length":23,"Height":53,"Demand":1,"DemandMax":null,"Value":1219},{"Length":67,"Height":18,"Demand":1,"DemandMax":null,"Value":1206},{"Length":14,"Height":86,"Demand":1,"DemandMax":null,"Value":1204},{"Length":52,"Height":23,"Demand":1,"DemandMax":null,"Value":1196},{"Length":41,"Height":29,"Demand":1,"DemandMax":null,"Value":1189},{"Length":33,"Height":36,"Demand":1,"DemandMax":null,"Value":1188},{"Length":18,"Height":66,"Demand":1,"DemandMax":null,"Value":1188},{"Length":22,"Height":54,"Demand":1,"DemandMax":null,"Value":1188},{"Length":17,"Height":69,"Demand":1,"DemandMax":null,"Value":1173},{"Length":65,"Height":18,"Demand":1,"DemandMax":null,"Value":1170},{"Length":14,"Height":83,"Demand":1,"DemandMax":null,"Value":1162},{"Length":27,"Height":43,"Demand":1,"DemandMax":null,"Value":1161},{"Length":58,"Height":20,"Demand":1,"DemandMax":null,"Value":1160},{"Length":13,"Height":89,"Demand":1,"DemandMax":null,"Value":1157},{"Length":55,"Height":21,"Demand":1,"DemandMax":null,"Value":1155},{"Length":77,"Height":15,"Demand":1,"DemandMax":null,"Value":1155},{"Length":23,"Height":50,"Demand":1,"DemandMax":null,"Value":1150},{"Length":31,"Height":37,"Demand":1,"DemandMax":null,"Value":1147},{"Length":26,"Height":44,"Demand":1,"DemandMax":null,"Value":1144},{"Length":71,"Height":16,"Demand":1,"DemandMax":null,"Value":1136},{"Length":81,"Height":14,"Demand":1,"DemandMax":null,"Value":1134},{"Length":39,"Height":29,"Demand":1,"DemandMax":null,"Value":1131},{"Length":14,"Height":80,"Demand":1,"DemandMax":null,"Value":1120},{"Length":86,"Height":13,"Demand":1,"DemandMax":null,"Value":1118},{"Length":18,"Height":62,"Demand":1,"DemandMax":null,"Value":1116},{"Length":15,"Height":74,"Demand":1,"DemandMax":null,"Value":1110},{"Length":27,"Height":41,"Demand":1,"DemandMax":null,"Value":1107},{"Length":55,"Height":20,"Demand":1,"DemandMax":null,"Value":1100},{"Length":18,"Height":61,"Demand":1,"DemandMax":null,"Value":1098},{"Length":15,"Height":73,"Demand":1,"DemandMax":null,"Value":1095},{"Length":42,"Height":26,"Demand":1,"DemandMax":null,"Value":1092},{"Length":36,"Height":30,"Demand":1,"DemandMax":null,"Value":1080},{"Length":40,"Height":27,"Demand":1,"DemandMax":null,"Value":1080},{"Length":15,"Height":72,"Demand":1,"DemandMax":null,"Value":1080},{"Length":13,"Height":83,"Demand":1,"DemandMax":null,"Value":1079},{"Length":29,"Height":37,"Demand":1,"DemandMax":null,"Value":1073},{"Length":16,"Height":67,"Demand":1,"DemandMax":null,"Value":1072},{"Length":63,"Height":17,"Demand":1,"DemandMax":null,"Value":1071},{"Length":89,"Height":12,"Demand":1,"DemandMax":null,"Value":1068},{"Length":13,"Height":82,"Demand":1,"DemandMax":null,"Value":1066},{"Length":19,"Height":56,"Demand":1,"DemandMax":null,"Value":1064},{"Length":76,"Height":14,"Demand":1,"DemandMax":null,"Value":1064},{"Length":20,"Height":53,"Demand":1,"DemandMax":null,"Value":1060},{"Length":27,"Height":39,"Demand":1,"DemandMax":null,"Value":1053},{"Length":25,"Height":42,"Demand":1,"DemandMax":null,"Value":1050},{"Length":36,"Height":29,"Demand":1,"DemandMax":null,"Value":1044},{"Length":58,"Height":18,"Demand":1,"DemandMax":null,"Value":1044},{"Length":52,"Height":20,"Demand":1,"DemandMax":null,"Value":1040},{"Length":26,"Height":40,"Demand":1,"DemandMax":null,"Value":1040},{"Length":28,"Height":37,"Demand":1,"DemandMax":null,"Value":1036},{"Length":14,"Height":73,"Demand":1,"DemandMax":null,"Value":1022},{"Length":60,"Height":17,"Demand":1,"DemandMax":null,"Value":1020},{"Length":78,"Height":13,"Demand":1,"DemandMax":null,"Value":1014},{"Length":22,"Height":46,"Demand":1,"DemandMax":null,"Value":1012},{"Length":72,"Height":14,"Demand":1,"DemandMax":null,"Value":1008},{"Length":18,"Height":56,"Demand":1,"DemandMax":null,"Value":1008},{"Length":12,"Height":83,"Demand":1,"DemandMax":null,"Value":996},{"Length":30,"Height":33,"Demand":1,"DemandMax":null,"Value":990},{"Length":29,"Height":34,"Demand":1,"DemandMax":null,"Value":986},{"Length":12,"Height":82,"Demand":1,"DemandMax":null,"Value":984},{"Length":70,"Height":14,"Demand":1,"DemandMax":null,"Value":980},{"Length":75,"Height":13,"Demand":1,"DemandMax":null,"Value":975},{"Length":18,"Height":54,"Demand":1,"DemandMax":null,"Value":972},{"Length":44,"Height":22,"Demand":1,"DemandMax":null,"Value":968},{"Length":11,"Height":88,"Demand":1,"DemandMax":null,"Value":968},{"Length":16,"Height":60,"Demand":1,"DemandMax":null,"Value":960},{"Length":64,"Height":15,"Demand":1,"DemandMax":null,"Value":960},{"Length":87,"Height":11,"Demand":1,"DemandMax":null,"Value":957},{"Length":68,"Height":14,"Demand":1,"DemandMax":null,"Value":952},{"Length":73,"Height":13,"Demand":1,"DemandMax":null,"Value":949},{"Length":21,"Height":45,"Demand":1,"DemandMax":null,"Value":945},{"Length":16,"Height":59,"Demand":1,"DemandMax":null,"Value":944},{"Length":25,"Height":37,"Demand":1,"DemandMax":null,"Value":925},{"Length":14,"Height":66,"Demand":1,"DemandMax":null,"Value":924},{"Length":28,"Height":33,"Demand":1,"DemandMax":null,"Value":924},{"Length":34,"Height":27,"Demand":1,"DemandMax":null,"Value":918},{"Length":19,"Height":48,"Demand":1,"DemandMax":null,"Value":912},{"Length":76,"Height":12,"Demand":1,"DemandMax":null,"Value":912},{"Length":41,"Height":22,"Demand":1,"DemandMax":null,"Value":902},{"Length":12,"Height":75,"Demand":1,"DemandMax":null,"Value":900},{"Length":50,"Height":18,"Demand":1,"DemandMax":null,"Value":900},{"Length":25,"Height":36,"Demand":1,"DemandMax":null,"Value":900},{"Length":29,"Height":31,"Demand":1,"DemandMax":null,"Value":899},{"Length":23,"Height":39,"Demand":1,"DemandMax":null,"Value":897},{"Length":69,"Height":13,"Demand":1,"DemandMax":null,"Value":897},{"Length":81,"Height":11,"Demand":1,"DemandMax":null,"Value":891},{"Length":27,"Height":33,"Demand":1,"DemandMax":null,"Value":891},{"Length":10,"Height":89,"Demand":1,"DemandMax":null,"Value":890},{"Length":24,"Height":37,"Demand":1,"DemandMax":null,"Value":888},{"Length":49,"Height":18,"Demand":1,"DemandMax":null,"Value":882},{"Length":63,"Height":14,"Demand":1,"DemandMax":null,"Value":882},{"Length":44,"Height":20,"Demand":1,"DemandMax":null,"Value":880},{"Length":11,"Height":79,"Demand":1,"DemandMax":null,"Value":869},{"Length":31,"Height":28,"Demand":1,"DemandMax":null,"Value":868},{"Length":41,"Height":21,"Demand":1,"DemandMax":null,"Value":861},{"Length":22,"Height":39,"Demand":1,"DemandMax":null,"Value":858},{"Length":19,"Height":45,"Demand":1,"DemandMax":null,"Value":855},{"Length":15,"Height":57,"Demand":1,"DemandMax":null,"Value":855},{"Length":16,"Height":53,"Demand":1,"DemandMax":null,"Value":848},{"Length":47,"Height":18,"Demand":1,"DemandMax":null,"Value":846},{"Length":56,"Height":15,"Demand":1,"DemandMax":null,"Value":840},{"Length":35,"Height":24,"Demand":1,"DemandMax":null,"Value":840},{"Length":70,"Height":12,"Demand":1,"DemandMax":null,"Value":840},{"Length":30,"Height":28,"Demand":1,"DemandMax":null,"Value":840},{"Length":13,"Height":64,"Demand":1,"DemandMax":null,"Value":832},{"Length":18,"Height":46,"Demand":1,"DemandMax":null,"Value":828},{"Length":12,"Height":69,"Demand":1,"DemandMax":null,"Value":828},{"Length":20,"Height":41,"Demand":1,"DemandMax":null,"Value":820},{"Length":39,"Height":21,"Demand":1,"DemandMax":null,"Value":819},{"Length":24,"Height":34,"Demand":1,"DemandMax":null,"Value":816},{"Length":74,"Height":11,"Demand":1,"DemandMax":null,"Value":814},{"Length":29,"Height":28,"Demand":1,"DemandMax":null,"Value":812},{"Length":10,"Height":81,"Demand":1,"DemandMax":null,"Value":810},{"Length":13,"Height":62,"Demand":1,"DemandMax":null,"Value":806},{"Length":23,"Height":35,"Demand":1,"DemandMax":null,"Value":805},{"Length":67,"Height":12,"Demand":1,"DemandMax":null,"Value":804},{"Length":73,"Height":11,"Demand":1,"DemandMax":null,"Value":803},{"Length":80,"Height":10,"Demand":1,"DemandMax":null,"Value":800},{"Length":50,"Height":16,"Demand":1,"DemandMax":null,"Value":800},{"Length":61,"Height":13,"Demand":1,"DemandMax":null,"Value":793},{"Length":33,"Height":24,"Demand":1,"DemandMax":null,"Value":792},{"Length":18,"Height":44,"Demand":1,"DemandMax":null,"Value":792},{"Length":88,"Height":9,"Demand":1,"DemandMax":null,"Value":792},{"Length":36,"Height":22,"Demand":1,"DemandMax":null,"Value":792},{"Length":29,"Height":27,"Demand":1,"DemandMax":null,"Value":783},{"Length":17,"Height":46,"Demand":1,"DemandMax":null,"Value":782},{"Length":52,"Height":15,"Demand":1,"DemandMax":null,"Value":780},{"Length":12,"Height":65,"Demand":1,"DemandMax":null,"Value":780},{"Length":41,"Height":19,"Demand":1,"DemandMax":null,"Value":779},{"Length":37,"Height":21,"Demand":1,"DemandMax":null,"Value":777},{"Length":86,"Height":9,"Demand":1,"DemandMax":null,"Value":774},{"Length":24,"Height":32,"Demand":1,"DemandMax":null,"Value":768},{"Length":13,"Height":59,"Demand":1,"DemandMax":null,"Value":767},{"Length":76,"Height":10,"Demand":1,"DemandMax":null,"Value":760},{"Length":19,"Height":40,"Demand":1,"DemandMax":null,"Value":760},{"Length":20,"Height":38,"Demand":1,"DemandMax":null,"Value":760},{"Length":63,"Height":12,"Demand":1,"DemandMax":null,"Value":756},{"Length":13,"Height":58,"Demand":1,"DemandMax":null,"Value":754},{"Length":34,"Height":22,"Demand":1,"DemandMax":null,"Value":748},{"Length":37,"Height":20,"Demand":1,"DemandMax":null,"Value":740},{"Length":41,"Height":18,"Demand":1,"DemandMax":null,"Value":738},{"Length":67,"Height":11,"Demand":1,"DemandMax":null,"Value":737},{"Length":23,"Height":32,"Demand":1,"DemandMax":null,"Value":736},{"Length":13,"Height":56,"Demand":1,"DemandMax":null,"Value":728},{"Length":19,"Height":38,"Demand":1,"DemandMax":null,"Value":722},{"Length":48,"Height":15,"Demand":1,"DemandMax":null,"Value":720},{"Length":72,"Height":10,"Demand":1,"DemandMax":null,"Value":720},{"Length":9,"Height":80,"Demand":1,"DemandMax":null,"Value":720},{"Length":60,"Height":12,"Demand":1,"DemandMax":null,"Value":720},{"Length":31,"Height":23,"Demand":1,"DemandMax":null,"Value":713},{"Length":15,"Height":47,"Demand":1,"DemandMax":null,"Value":705},{"Length":22,"Height":32,"Demand":1,"DemandMax":null,"Value":704},{"Length":14,"Height":50,"Demand":1,"DemandMax":null,"Value":700},{"Length":20,"Height":35,"Demand":1,"DemandMax":null,"Value":700},{"Length":17,"Height":41,"Demand":1,"DemandMax":null,"Value":697},{"Length":8,"Height":87,"Demand":1,"DemandMax":null,"Value":696},{"Length":58,"Height":12,"Demand":1,"DemandMax":null,"Value":696},{"Length":29,"Height":24,"Demand":1,"DemandMax":null,"Value":696},{"Length":11,"Height":63,"Demand":1,"DemandMax":null,"Value":693},{"Length":46,"Height":15,"Demand":1,"DemandMax":null,"Value":690},{"Length":13,"Height":53,"Demand":1,"DemandMax":null,"Value":689},{"Length":57,"Height":12,"Demand":1,"DemandMax":null,"Value":684},{"Length":31,"Height":22,"Demand":1,"DemandMax":null,"Value":682},{"Length":26,"Height":26,"Demand":1,"DemandMax":null,"Value":676},{"Length":56,"Height":12,"Demand":1,"DemandMax":null,"Value":672},{"Length":8,"Height":84,"Demand":1,"DemandMax":null,"Value":672},{"Length":74,"Height":9,"Demand":1,"DemandMax":null,"Value":666},{"Length":51,"Height":13,"Demand":1,"DemandMax":null,"Value":663},{"Length":66,"Height":10,"Demand":1,"DemandMax":null,"Value":660},{"Length":33,"Height":20,"Demand":1,"DemandMax":null,"Value":660},{"Length":30,"Height":22,"Demand":1,"DemandMax":null,"Value":660},{"Length":9,"Height":73,"Demand":1,"DemandMax":null,"Value":657},{"Length":59,"Height":11,"Demand":1,"DemandMax":null,"Value":649},{"Length":43,"Height":15,"Demand":1,"DemandMax":null,"Value":645},{"Length":16,"Height":40,"Demand":1,"DemandMax":null,"Value":640},{"Length":64,"Height":10,"Demand":1,"DemandMax":null,"Value":640},{"Length":80,"Height":8,"Demand":1,"DemandMax":null,"Value":640},{"Length":9,"Height":71,"Demand":1,"DemandMax":null,"Value":639},{"Length":29,"Height":22,"Demand":1,"DemandMax":null,"Value":638},{"Length":53,"Height":12,"Demand":1,"DemandMax":null,"Value":636},{"Length":79,"Height":8,"Demand":1,"DemandMax":null,"Value":632},{"Length":30,"Height":21,"Demand":1,"DemandMax":null,"Value":630},{"Length":63,"Height":10,"Demand":1,"DemandMax":null,"Value":630},{"Length":37,"Height":17,"Demand":1,"DemandMax":null,"Value":629},{"Length":13,"Height":48,"Demand":1,"DemandMax":null,"Value":624},{"Length":31,"Height":20,"Demand":1,"DemandMax":null,"Value":620},{"Length":51,"Height":12,"Demand":1,"DemandMax":null,"Value":612},{"Length":87,"Height":7,"Demand":1,"DemandMax":null,"Value":609},{"Length":14,"Height":43,"Demand":1,"DemandMax":null,"Value":602},{"Length":10,"Height":60,"Demand":1,"DemandMax":null,"Value":600},{"Length":50,"Height":12,"Demand":1,"DemandMax":null,"Value":600},{"Length":85,"Height":7,"Demand":1,"DemandMax":null,"Value":595},{"Length":8,"Height":74,"Demand":1,"DemandMax":null,"Value":592},{"Length":37,"Height":16,"Demand":1,"DemandMax":null,"Value":592},{"Length":12,"Height":49,"Demand":1,"DemandMax":null,"Value":588},{"Length":36,"Height":16,"Demand":1,"DemandMax":null,"Value":576},{"Length":8,"Height":72,"Demand":1,"DemandMax":null,"Value":576},{"Length":9,"Height":64,"Demand":1,"DemandMax":null,"Value":576},{"Length":52,"Height":11,"Demand":1,"DemandMax":null,"Value":572},{"Length":13,"Height":44,"Demand":1,"DemandMax":null,"Value":572},{"Length":57,"Height":10,"Demand":1,"DemandMax":null,"Value":570},{"Length":30,"Height":19,"Demand":1,"DemandMax":null,"Value":570},{"Length":71,"Height":8,"Demand":1,"DemandMax":null,"Value":568},{"Length":9,"Height":63,"Demand":1,"DemandMax":null,"Value":567},{"Length":11,"Height":51,"Demand":1,"DemandMax":null,"Value":561},{"Length":56,"Height":10,"Demand":1,"DemandMax":null,"Value":560},{"Length":14,"Height":40,"Demand":1,"DemandMax":null,"Value":560},{"Length":24,"Height":23,"Demand":1,"DemandMax":null,"Value":552},{"Length":14,"Height":39,"Demand":1,"DemandMax":null,"Value":546},{"Length":42,"Height":13,"Demand":1,"DemandMax":null,"Value":546},{"Length":36,"Height":15,"Demand":1,"DemandMax":null,"Value":540},{"Length":54,"Height":10,"Demand":1,"DemandMax":null,"Value":540},{"Length":9,"Height":59,"Demand":1,"DemandMax":null,"Value":531},{"Length":10,"Height":53,"Demand":1,"DemandMax":null,"Value":530},{"Length":23,"Height":23,"Demand":1,"DemandMax":null,"Value":529},{"Length":44,"Height":12,"Demand":1,"DemandMax":null,"Value":528},{"Length":66,"Height":8,"Demand":1,"DemandMax":null,"Value":528},{"Length":17,"Height":31,"Demand":1,"DemandMax":null,"Value":527},{"Length":21,"Height":25,"Demand":1,"DemandMax":null,"Value":525},{"Length":8,"Height":65,"Demand":1,"DemandMax":null,"Value":520},{"Length":37,"Height":14,"Demand":1,"DemandMax":null,"Value":518},{"Length":9,"Height":57,"Demand":1,"DemandMax":null,"Value":513},{"Length":8,"Height":64,"Demand":1,"DemandMax":null,"Value":512},{"Length":7,"Height":73,"Demand":1,"DemandMax":null,"Value":511},{"Length":30,"Height":17,"Demand":1,"DemandMax":null,"Value":510},{"Length":13,"Height":39,"Demand":1,"DemandMax":null,"Value":507},{"Length":46,"Height":11,"Demand":1,"DemandMax":null,"Value":506},{"Length":21,"Height":24,"Demand":1,"DemandMax":null,"Value":504},{"Length":6,"Height":84,"Demand":1,"DemandMax":null,"Value":504},{"Length":7,"Height":72,"Demand":1,"DemandMax":null,"Value":504},{"Length":20,"Height":25,"Demand":1,"DemandMax":null,"Value":500},{"Length":8,"Height":62,"Demand":1,"DemandMax":null,"Value":496},{"Length":9,"Height":55,"Demand":1,"DemandMax":null,"Value":495},{"Length":33,"Height":15,"Demand":1,"DemandMax":null,"Value":495},{"Length":49,"Height":10,"Demand":1,"DemandMax":null,"Value":490},{"Length":81,"Height":6,"Demand":1,"DemandMax":null,"Value":486},{"Length":18,"Height":27,"Demand":1,"DemandMax":null,"Value":486},{"Length":7,"Height":69,"Demand":1,"DemandMax":null,"Value":483},{"Length":13,"Height":37,"Demand":1,"DemandMax":null,"Value":481},{"Length":32,"Height":15,"Demand":1,"DemandMax":null,"Value":480},{"Length":24,"Height":20,"Demand":1,"DemandMax":null,"Value":480},{"Length":12,"Height":40,"Demand":1,"DemandMax":null,"Value":480},{"Length":79,"Height":6,"Demand":1,"DemandMax":null,"Value":474},{"Length":11,"Height":43,"Demand":1,"DemandMax":null,"Value":473},{"Length":8,"Height":59,"Demand":1,"DemandMax":null,"Value":472},{"Length":9,"Height":52,"Demand":1,"DemandMax":null,"Value":468},{"Length":12,"Height":39,"Demand":1,"DemandMax":null,"Value":468},{"Length":16,"Height":29,"Demand":1,"DemandMax":null,"Value":464},{"Length":7,"Height":66,"Demand":1,"DemandMax":null,"Value":462},{"Length":33,"Height":14,"Demand":1,"DemandMax":null,"Value":462},{"Length":21,"Height":22,"Demand":1,"DemandMax":null,"Value":462},{"Length":27,"Height":17,"Demand":1,"DemandMax":null,"Value":459},{"Length":19,"Height":24,"Demand":1,"DemandMax":null,"Value":456},{"Length":12,"Height":38,"Demand":1,"DemandMax":null,"Value":456},{"Length":35,"Height":13,"Demand":1,"DemandMax":null,"Value":455},{"Length":45,"Height":10,"Demand":1,"DemandMax":null,"Value":450},{"Length":14,"Height":32,"Demand":1,"DemandMax":null,"Value":448},{"Length":13,"Height":34,"Demand":1,"DemandMax":null,"Value":442},{"Length":7,"Height":63,"Demand":1,"DemandMax":null,"Value":441},{"Length":20,"Height":22,"Demand":1,"DemandMax":null,"Value":440},{"Length":10,"Height":44,"Demand":1,"DemandMax":null,"Value":440},{"Length":73,"Height":6,"Demand":1,"DemandMax":null,"Value":438},{"Length":31,"Height":14,"Demand":1,"DemandMax":null,"Value":434},{"Length":60,"Height":7,"Demand":1,"DemandMax":null,"Value":420},{"Length":46,"Height":9,"Demand":1,"DemandMax":null,"Value":414},{"Length":7,"Height":59,"Demand":1,"DemandMax":null,"Value":413},{"Length":6,"Height":68,"Demand":1,"DemandMax":null,"Value":408},{"Length":58,"Height":7,"Demand":1,"DemandMax":null,"Value":406},{"Length":31,"Height":13,"Demand":1,"DemandMax":null,"Value":403},{"Length":16,"Height":25,"Demand":1,"DemandMax":null,"Value":400},{"Length":40,"Height":10,"Demand":1,"DemandMax":null,"Value":400},{"Length":57,"Height":7,"Demand":1,"DemandMax":null,"Value":399},{"Length":7,"Height":56,"Demand":1,"DemandMax":null,"Value":392},{"Length":15,"Height":26,"Demand":1,"DemandMax":null,"Value":390},{"Length":10,"Height":39,"Demand":1,"DemandMax":null,"Value":390},{"Length":35,"Height":11,"Demand":1,"DemandMax":null,"Value":385},{"Length":6,"Height":64,"Demand":1,"DemandMax":null,"Value":384},{"Length":12,"Height":32,"Demand":1,"DemandMax":null,"Value":384},{"Length":48,"Height":8,"Demand":1,"DemandMax":null,"Value":384},{"Length":9,"Height":42,"Demand":1,"DemandMax":null,"Value":378},{"Length":21,"Height":18,"Demand":1,"DemandMax":null,"Value":378},{"Length":34,"Height":11,"Demand":1,"DemandMax":null,"Value":374},{"Length":12,"Height":31,"Demand":1,"DemandMax":null,"Value":372},{"Length":53,"Height":7,"Demand":1,"DemandMax":null,"Value":371},{"Length":8,"Height":46,"Demand":1,"DemandMax":null,"Value":368},{"Length":6,"Height":61,"Demand":1,"DemandMax":null,"Value":366},{"Length":28,"Height":13,"Demand":1,"DemandMax":null,"Value":364},{"Length":10,"Height":36,"Demand":1,"DemandMax":null,"Value":360},{"Length":40,"Height":9,"Demand":1,"DemandMax":null,"Value":360},{"Length":15,"Height":24,"Demand":1,"DemandMax":null,"Value":360},{"Length":51,"Height":7,"Demand":1,"DemandMax":null,"Value":357},{"Length":32,"Height":11,"Demand":1,"DemandMax":null,"Value":352},{"Length":22,"Height":16,"Demand":1,"DemandMax":null,"Value":352},{"Length":6,"Height":58,"Demand":1,"DemandMax":null,"Value":348},{"Length":31,"Height":11,"Demand":1,"DemandMax":null,"Value":341},{"Length":26,"Height":13,"Demand":1,"DemandMax":null,"Value":338},{"Length":55,"Height":6,"Demand":1,"DemandMax":null,"Value":330},{"Length":36,"Height":9,"Demand":1,"DemandMax":null,"Value":324},{"Length":7,"Height":46,"Demand":1,"DemandMax":null,"Value":322},{"Length":23,"Height":14,"Demand":1,"DemandMax":null,"Value":322},{"Length":8,"Height":40,"Demand":1,"DemandMax":null,"Value":320},{"Length":28,"Height":11,"Demand":1,"DemandMax":null,"Value":308},{"Length":44,"Height":7,"Demand":1,"DemandMax":null,"Value":308},{"Length":34,"Height":9,"Demand":1,"DemandMax":null,"Value":306},{"Length":17,"Height":18,"Demand":1,"DemandMax":null,"Value":306},{"Length":6,"Height":51,"Demand":1,"DemandMax":null,"Value":306},{"Length":16,"Height":19,"Demand":1,"DemandMax":null,"Value":304},{"Length":6,"Height":50,"Demand":1,"DemandMax":null,"Value":300},{"Length":33,"Height":9,"Demand":1,"DemandMax":null,"Value":297},{"Length":29,"Height":10,"Demand":1,"DemandMax":null,"Value":290},{"Length":24,"Height":12,"Demand":1,"DemandMax":null,"Value":288},{"Length":16,"Height":18,"Demand":1,"DemandMax":null,"Value":288},{"Length":13,"Height":22,"Demand":1,"DemandMax":null,"Value":286},{"Length":19,"Height":15,"Demand":1,"DemandMax":null,"Value":285},{"Length":7,"Height":40,"Demand":1,"DemandMax":null,"Value":280},{"Length":14,"Height":20,"Demand":1,"DemandMax":null,"Value":280},{"Length":10,"Height":28,"Demand":1,"DemandMax":null,"Value":280},{"Length":34,"Height":8,"Demand":1,"DemandMax":null,"Value":272},{"Length":9,"Height":30,"Demand":1,"DemandMax":null,"Value":270},{"Length":44,"Height":6,"Demand":1,"DemandMax":null,"Value":264},{"Length":29,"Height":9,"Demand":1,"DemandMax":null,"Value":261},{"Length":13,"Height":20,"Demand":1,"DemandMax":null,"Value":260},{"Length":7,"Height":36,"Demand":1,"DemandMax":null,"Value":252},{"Length":21,"Height":12,"Demand":1,"DemandMax":null,"Value":252},{"Length":9,"Height":28,"Demand":1,"DemandMax":null,"Value":252},{"Length":39,"Height":6,"Demand":1,"DemandMax":null,"Value":234},{"Length":7,"Height":33,"Demand":1,"DemandMax":null,"Value":231},{"Length":23,"Height":10,"Demand":1,"DemandMax":null,"Value":230},{"Length":9,"Height":25,"Demand":1,"DemandMax":null,"Value":225},{"Length":6,"Height":37,"Demand":1,"DemandMax":null,"Value":222},{"Length":18,"Height":12,"Demand":1,"DemandMax":null,"Value":216},{"Length":36,"Height":6,"Demand":1,"DemandMax":null,"Value":216},{"Length":24,"Height":9,"Demand":1,"DemandMax":null,"Value":216},{"Length":14,"Height":15,"Demand":1,"DemandMax":null,"Value":210},{"Length":26,"Height":8,"Demand":1,"DemandMax":null,"Value":208},{"Length":17,"Height":12,"Demand":1,"DemandMax":null,"Value":204},{"Length":7,"Height":29,"Demand":1,"DemandMax":null,"Value":203},{"Length":25,"Height":8,"Demand":1,"DemandMax":null,"Value":200},{"Length":32,"Height":6,"Demand":1,"DemandMax":null,"Value":192},{"Length":21,"Height":9,"Demand":1,"DemandMax":null,"Value":189},{"Length":31,"Height":6,"Demand":1,"DemandMax":null,"Value":186},{"Length":23,"Height":8,"Demand":1,"DemandMax":null,"Value":184},{"Length":10,"Height":18,"Demand":1,"DemandMax":null,"Value":180},{"Length":6,"Height":29,"Demand":1,"DemandMax":null,"Value":174},{"Length":13,"Height":13,"Demand":1,"DemandMax":null,"Value":169},{"Length":14,"Height":12,"Demand":1,"DemandMax":null,"Value":168},{"Length":11,"Height":15,"Demand":1,"DemandMax":null,"Value":165},{"Length":9,"Height":18,"Demand":1,"DemandMax":null,"Value":162},{"Length":27,"Height":6,"Demand":1,"DemandMax":null,"Value":162},{"Length":16,"Height":10,"Demand":1,"DemandMax":null,"Value":160},{"Length":13,"Height":12,"Demand":1,"DemandMax":null,"Value":156},{"Length":6,"Height":25,"Demand":1,"DemandMax":null,"Value":150},{"Length":6,"Height":24,"Demand":1,"DemandMax":null,"Value":144},{"Length":12,"Height":12,"Demand":1,"DemandMax":null,"Value":144},{"Length":16,"Height":9,"Demand":1,"DemandMax":null,"Value":144},{"Length":8,"Height":17,"Demand":1,"DemandMax":null,"Value":136},{"Length":15,"Height":9,"Demand":1,"DemandMax":null,"Value":135},{"Length":11,"Height":12,"Demand":1,"DemandMax":null,"Value":132},{"Length":10,"Height":13,"Demand":1,"DemandMax":null,"Value":130},{"Length":14,"Height":9,"Demand":1,"DemandMax":null,"Value":126},{"Length":21,"Height":6,"Demand":1,"DemandMax":null,"Value":126},{"Length":18,"Height":6,"Demand":1,"DemandMax":null,"Value":108},{"Length":13,"Height":8,"Demand":1,"DemandMax":null,"Value":104},{"Length":14,"Height":7,"Demand":1,"DemandMax":null,"Value":98},{"Length":12,"Height":8,"Demand":1,"DemandMax":null,"Value":96},{"Length":7,"Height":13,"Demand":1,"DemandMax":null,"Value":91},{"Length":10,"Height":9,"Demand":1,"DemandMax":null,"Value":90},{"Length":13,"Height":6,"Demand":1,"DemandMax":null,"Value":78},{"Length":7,"Height":10,"Demand":1,"DemandMax":null,"Value":70},{"Length":6,"Height":6,"Demand":1,"DemandMax":null,"Value":36}]}