{"Name":"AH82","Objects":[{"Length":1000,"Height":2091,"Stock":null,"Cost":2091000}],"Items":[{"Length":55,"Height":65,"Demand":100,"DemandMax":null,"Value":3575},{"Length":49,"Height":66,"Demand":100,"DemandMax":null,"Value":3234},{"Length":43,"Height":66,"Demand":100,"DemandMax":null,"Value":2838},{"Length":37,"Height":63,"Demand":100,"DemandMax":null,"Value":2331},{"Length":34,"Height":58,"Demand":100,"DemandMax":null,"Value":1972},{"Length":51,"Height":35,"Demand":100,"DemandMax":null,"Value":1785},{"Length":27,"Height":63,"Demand":100,"DemandMax":null,"Value":1701},{"Length":39,"Height":36,"Demand":100,"DemandMax":null,"Value":1404},{"Length":25,"Height":42,"Demand":100,"DemandMax":null,"Value":1050},{"Length":26,"Height":39,"Demand":100,"DemandMax":null,"Value":1014}]}