{"Name":"AH191","Objects":[{"Length":1000,"Height":2512,"Stock":null,"Cost":2512000}],"Items":[{"Length":72,"Height":75,"Demand":10,"DemandMax":null,"Value":5400},{"Length":75,"Height":67,"Demand":10,"DemandMax":null,"Value":5025},{"Length":71,"Height":68,"Demand":10,"DemandMax":null,"Value":4828},{"Length":64,"Height":74,"Demand":10,"DemandMax":null,"Value":4736},{"Length":75,"Height":63,"Demand":10,"DemandMax":null,"Value":4725},{"Length":66,"Height":71,"Demand":10,"DemandMax":null,"Value":4686},{"Length":75,"Height":60,"Demand":10,"DemandMax":null,"Value":4500},{"Length":61,"Height":72,"Demand":10,"DemandMax":null,"Value":4392},{"Length":55,"Height":75,"Demand":10,"DemandMax":null,"Value":4125},{"Length":74,"Height":55,"Demand":10,"DemandMax":null,"Value":4070},{"Length":68,"Height":59,"Demand":10,"DemandMax":null,"Value":4012},{"Length":70,"Height":57,"Demand":10,"DemandMax":null,"Value":3990},{"Length":56,"Height":69,"Demand":10,"DemandMax":null,"Value":3864},{"Length":69,"Height":55,"Demand":10,"DemandMax":null,"Value":3795},{"Length":51,"Height":74,"Demand":10,"DemandMax":null,"Value":3774},{"Length":55,"Height":68,"Demand":10,"DemandMax":null,"Value":3740},{"Length":74,"Height":50,"Demand":10,"DemandMax":null,"Value":3700},{"Length":71,"Height":52,"Demand":10,"DemandMax":null,"Value":3692},{"Length":50,"Height":70,"Demand":10,"DemandMax":null,"Value":3500},{"Length":55,"Height":63,"Demand":10,"DemandMax":null,"Value":3465},{"Length":67,"Height":51,"Demand":10,"DemandMax":null,"Value":3417},{"Length":51,"Height":66,"Demand":10,"DemandMax":null,"Value":3366},{"Length":70,"Height":47,"Demand":10,"DemandMax":null,"Value":3290},{"Length":52,"Height":63,"Demand":10,"DemandMax":null,"Value":3276},{"Length":46,"Height":68,"Demand":10,"DemandMax":null,"Value":3128},{"Length":55,"Height":56,"Demand":10,"DemandMax":null,"Value":3080},{"Length":54,"Height":57,"Demand":10,"DemandMax":null,"Value":3078},{"Length":43,"Height":70,"Demand":10,"DemandMax":null,"Value":3010},{"Length":73,"Height":41,"Demand":10,"DemandMax":null,"Value":2993},{"Length":68,"Height":44,"Demand":10,"DemandMax":null,"Value":2992},{"Length":49,"Height":61,"Demand":10,"DemandMax":null,"Value":2989},{"Length":47,"Height":63,"Demand":10,"DemandMax":null,"Value":2961},{"Length":40,"Height":74,"Demand":10,"DemandMax":null,"Value":2960},{"Length":41,"Height":72,"Demand":10,"DemandMax":null,"Value":2952},{"Length":49,"Height":60,"Demand":10,"DemandMax":null,"Value":2940},{"Length":46,"Height":63,"Demand":10,"DemandMax":null,"Value":2898},{"Length":57,"Height":50,"Demand":10,"DemandMax":null,"Value":2850},{"Length":40,"Height":71,"Demand":10,"DemandMax":null,"Value":2840},{"Length":48,"Height":59,"Demand":10,"DemandMax":null,"Value":2832},{"Length":38,"Height":73,"Demand":10,"DemandMax":null,"Value":2774},{"Length":60,"Height":45,"Demand":10,"DemandMax":null,"Value":2700},{"Length":55,"Height":49,"Demand":10,"DemandMax":null,"Value":2695},{"Length":54,"Height":49,"Demand":10,"DemandMax":null,"Value":2646},{"Length":51,"Height":51,"Demand":10,"DemandMax":null,"Value":2601},{"Length":48,"Height":54,"Demand":10,"DemandMax":null,"Value":2592},{"Length":65,"Height":39,"Demand":10,"DemandMax":null,"Value":2535},{"Length":40,"Height":63,"Demand":10,"DemandMax":null,"Value":2520},{"Length":68,"Height":37,"Demand":10,"DemandMax":null,"Value":2516},{"Length":35,"Height":71,"Demand":10,"DemandMax":null,"Value":2485},{"Length":70,"Height":35,"Demand":10,"DemandMax":null,"Value":2450},{"Length":61,"Height":40,"Demand":10,"DemandMax":null,"Value":2440},{"Length":34,"Height":71,"Demand":10,"DemandMax":null,"Value":2414},{"Length":41,"Height":58,"Demand":10,"DemandMax":null,"Value":2378},{"Length":42,"Height":56,"Demand":10,"DemandMax":null,"Value":2352},{"Length":37,"Height":61,"Demand":10,"DemandMax":null,"Value":2257},{"Length":49,"Height":45,"Demand":10,"DemandMax":null,"Value":2205},{"Length":37,"Height":59,"Demand":10,"DemandMax":null,"Value":2183},{"Length":41,"Height":53,"Demand":10,"DemandMax":null,"Value":2173},{"Length":48,"Height":45,"Demand":10,"DemandMax":null,"Value":2160},{"Length":53,"Height":39,"Demand":10,"DemandMax":null,"Value":2067},{"Length":33,"Height":62,"Demand":10,"DemandMax":null,"Value":2046},{"Length":43,"Height":47,"Demand":10,"DemandMax":null,"Value":2021},{"Length":36,"Height":54,"Demand":10,"DemandMax":null,"Value":1944},{"Length":29,"Height":67,"Demand":10,"DemandMax":null,"Value":1943},{"Length":74,"Height":26,"Demand":10,"DemandMax":null,"Value":1924},{"Length":56,"Height":34,"Demand":10,"DemandMax":null,"Value":1904},{"Length":27,"Height":70,"Demand":10,"DemandMax":null,"Value":1890},{"Length":30,"Height":62,"Demand":10,"DemandMax":null,"Value":1860},{"Length":61,"Height":30,"Demand":10,"DemandMax":null,"Value":1830},{"Length":34,"Height":53,"Demand":10,"DemandMax":null,"Value":1802},{"Length":38,"Height":47,"Demand":10,"DemandMax":null,"Value":1786},{"Length":51,"Height":35,"Demand":10,"DemandMax":null,"Value":1785},{"Length":26,"Height":68,"Demand":10,"DemandMax":null,"Value":1768},{"Length":54,"Height":32,"Demand":10,"DemandMax":null,"Value":1728},{"Length":33,"Height":52,"Demand":10,"DemandMax":null,"Value":1716},{"Length":45,"Height":38,"Demand":10,"DemandMax":null,"Value":1710},{"Length":41,"Height":40,"Demand":10,"DemandMax":null,"Value":1640},{"Length":25,"Height":63,"Demand":10,"DemandMax":null,"Value":1575},{"Length":42,"Height":37,"Demand":10,"DemandMax":null,"Value":1554},{"Length":58,"Height":26,"Demand":10,"DemandMax":null,"Value":1508},{"Length":52,"Height":29,"Demand":10,"DemandMax":null,"Value":1508},{"Length":30,"Height":47,"Demand":10,"DemandMax":null,"Value":1410},{"Length":51,"Height":26,"Demand":10,"DemandMax":null,"Value":1326},{"Length":41,"Height":32,"Demand":10,"DemandMax":null,"Value":1312},{"Length":43,"Height":29,"Demand":10,"DemandMax":null,"Value":1247},{"Length":47,"Height":26,"Demand":10,"DemandMax":null,"Value":1222},{"Length":37,"Height":33,"Demand":10,"DemandMax":null,"Value":1221},{"Length":47,"Height":25,"Demand":10,"DemandMax":null,"Value":1175},{"Length":36,"Height":32,"Demand":10,"DemandMax":null,"Value":1152},{"Length":26,"Height":44,"Demand":10,"DemandMax":null,"Value":1144},{"Length":28,"Height":40,"Demand":10,"DemandMax":null,"Value":1120},{"Length":27,"Height":41,"Demand":10,"DemandMax":null,"Value":1107},{"Length":44,"Height":25,"Demand":10,"DemandMax":null,"Value":1100},{"Length":26,"Height":42,"Demand":10,"DemandMax":null,"Value":1092},{"Length":26,"Height":38,"Demand":10,"DemandMax":null,"Value":988},{"Length":27,"Height":34,"Demand":10,"DemandMax":null,"Value":918},{"Length":32,"Height":28,"Demand":10,"DemandMax":null,"Value":896},{"Length":27,"Height":31,"Demand":10,"DemandMax":null,"Value":837},{"Length":32,"Height":25,"Demand":10,"DemandMax":null,"Value":800},{"Length":26,"Height":26,"Demand":10,"DemandMax":null,"Value":676}]}