{"Name":"AH205","Objects":[{"Length":1000,"Height":2526,"Stock":null,"Cost":2526000}],"Items":[{"Length":71,"Height":73,"Demand":10,"DemandMax":null,"Value":5183},{"Length":68,"Height":73,"Demand":10,"DemandMax":null,"Value":4964},{"Length":72,"Height":68,"Demand":10,"DemandMax":null,"Value":4896},{"Length":69,"Height":70,"Demand":10,"DemandMax":null,"Value":4830},{"Length":71,"Height":66,"Demand":10,"DemandMax":null,"Value":4686},{"Length":61,"Height":72,"Demand":10,"DemandMax":null,"Value":4392},{"Length":65,"Height":66,"Demand":10,"DemandMax":null,"Value":4290},{"Length":63,"Height":68,"Demand":10,"DemandMax":null,"Value":4284},{"Length":58,"Height":73,"Demand":10,"DemandMax":null,"Value":4234},{"Length":62,"Height":68,"Demand":10,"DemandMax":null,"Value":4216},{"Length":60,"Height":68,"Demand":10,"DemandMax":null,"Value":4080},{"Length":53,"Height":75,"Demand":10,"DemandMax":null,"Value":3975},{"Length":62,"Height":63,"Demand":10,"DemandMax":null,"Value":3906},{"Length":59,"Height":66,"Demand":10,"DemandMax":null,"Value":3894},{"Length":56,"Height":69,"Demand":10,"DemandMax":null,"Value":3864},{"Length":67,"Height":57,"Demand":10,"DemandMax":null,"Value":3819},{"Length":70,"Height":54,"Demand":10,"DemandMax":null,"Value":3780},{"Length":56,"Height":67,"Demand":10,"DemandMax":null,"Value":3752},{"Length":60,"Height":62,"Demand":10,"DemandMax":null,"Value":3720},{"Length":63,"Height":58,"Demand":10,"DemandMax":null,"Value":3654},{"Length":49,"Height":69,"Demand":10,"DemandMax":null,"Value":3381},{"Length":65,"Height":52,"Demand":10,"DemandMax":null,"Value":3380},{"Length":65,"Height":51,"Demand":10,"DemandMax":null,"Value":3315},{"Length":70,"Height":47,"Demand":10,"DemandMax":null,"Value":3290},{"Length":63,"Height":52,"Demand":10,"DemandMax":null,"Value":3276},{"Length":63,"Height":50,"Demand":10,"DemandMax":null,"Value":3150},{"Length":67,"Height":47,"Demand":10,"DemandMax":null,"Value":3149},{"Length":41,"Height":75,"Demand":10,"DemandMax":null,"Value":3075},{"Length":45,"Height":68,"Demand":10,"DemandMax":null,"Value":3060},{"Length":43,"Height":70,"Demand":10,"DemandMax":null,"Value":3010},{"Length":40,"Height":75,"Demand":10,"DemandMax":null,"Value":3000},{"Length":49,"Height":61,"Demand":10,"DemandMax":null,"Value":2989},{"Length":41,"Height":72,"Demand":10,"DemandMax":null,"Value":2952},{"Length":59,"Height":50,"Demand":10,"DemandMax":null,"Value":2950},{"Length":54,"Height":53,"Demand":10,"DemandMax":null,"Value":2862},{"Length":39,"Height":71,"Demand":10,"DemandMax":null,"Value":2769},{"Length":46,"Height":60,"Demand":10,"DemandMax":null,"Value":2760},{"Length":75,"Height":36,"Demand":10,"DemandMax":null,"Value":2700},{"Length":47,"Height":56,"Demand":10,"DemandMax":null,"Value":2632},{"Length":51,"Height":50,"Demand":10,"DemandMax":null,"Value":2550},{"Length":36,"Height":70,"Demand":10,"DemandMax":null,"Value":2520},{"Length":42,"Height":60,"Demand":10,"DemandMax":null,"Value":2520},{"Length":74,"Height":34,"Demand":10,"DemandMax":null,"Value":2516},{"Length":44,"Height":57,"Demand":10,"DemandMax":null,"Value":2508},{"Length":53,"Height":47,"Demand":10,"DemandMax":null,"Value":2491},{"Length":52,"Height":47,"Demand":10,"DemandMax":null,"Value":2444},{"Length":62,"Height":39,"Demand":10,"DemandMax":null,"Value":2418},{"Length":71,"Height":34,"Demand":10,"DemandMax":null,"Value":2414},{"Length":64,"Height":37,"Demand":10,"DemandMax":null,"Value":2368},{"Length":40,"Height":59,"Demand":10,"DemandMax":null,"Value":2360},{"Length":49,"Height":46,"Demand":10,"DemandMax":null,"Value":2254},{"Length":59,"Height":38,"Demand":10,"DemandMax":null,"Value":2242},{"Length":40,"Height":55,"Demand":10,"DemandMax":null,"Value":2200},{"Length":56,"Height":39,"Demand":10,"DemandMax":null,"Value":2184},{"Length":70,"Height":31,"Demand":10,"DemandMax":null,"Value":2170},{"Length":60,"Height":36,"Demand":10,"DemandMax":null,"Value":2160},{"Length":40,"Height":54,"Demand":10,"DemandMax":null,"Value":2160},{"Length":63,"Height":34,"Demand":10,"DemandMax":null,"Value":2142},{"Length":62,"Height":34,"Demand":10,"DemandMax":null,"Value":2108},{"Length":39,"Height":53,"Demand":10,"DemandMax":null,"Value":2067},{"Length":73,"Height":28,"Demand":10,"DemandMax":null,"Value":2044},{"Length":44,"Height":46,"Demand":10,"DemandMax":null,"Value":2024},{"Length":58,"Height":34,"Demand":10,"DemandMax":null,"Value":1972},{"Length":29,"Height":68,"Demand":10,"DemandMax":null,"Value":1972},{"Length":37,"Height":53,"Demand":10,"DemandMax":null,"Value":1961},{"Length":31,"Height":63,"Demand":10,"DemandMax":null,"Value":1953},{"Length":50,"Height":39,"Demand":10,"DemandMax":null,"Value":1950},{"Length":58,"Height":33,"Demand":10,"DemandMax":null,"Value":1914},{"Length":50,"Height":38,"Demand":10,"DemandMax":null,"Value":1900},{"Length":45,"Height":42,"Demand":10,"DemandMax":null,"Value":1890},{"Length":45,"Height":41,"Demand":10,"DemandMax":null,"Value":1845},{"Length":68,"Height":27,"Demand":10,"DemandMax":null,"Value":1836},{"Length":27,"Height":67,"Demand":10,"DemandMax":null,"Value":1809},{"Length":40,"Height":45,"Demand":10,"DemandMax":null,"Value":1800},{"Length":43,"Height":40,"Demand":10,"DemandMax":null,"Value":1720},{"Length":33,"Height":52,"Demand":10,"DemandMax":null,"Value":1716},{"Length":37,"Height":45,"Demand":10,"DemandMax":null,"Value":1665},{"Length":57,"Height":29,"Demand":10,"DemandMax":null,"Value":1653},{"Length":49,"Height":33,"Demand":10,"DemandMax":null,"Value":1617},{"Length":33,"Height":47,"Demand":10,"DemandMax":null,"Value":1551},{"Length":59,"Height":26,"Demand":10,"DemandMax":null,"Value":1534},{"Length":27,"Height":56,"Demand":10,"DemandMax":null,"Value":1512},{"Length":29,"Height":51,"Demand":10,"DemandMax":null,"Value":1479},{"Length":50,"Height":29,"Demand":10,"DemandMax":null,"Value":1450},{"Length":25,"Height":58,"Demand":10,"DemandMax":null,"Value":1450},{"Length":45,"Height":32,"Demand":10,"DemandMax":null,"Value":1440},{"Length":48,"Height":29,"Demand":10,"DemandMax":null,"Value":1392},{"Length":43,"Height":32,"Demand":10,"DemandMax":null,"Value":1376},{"Length":29,"Height":46,"Demand":10,"DemandMax":null,"Value":1334},{"Length":49,"Height":27,"Demand":10,"DemandMax":null,"Value":1323},{"Length":50,"Height":26,"Demand":10,"DemandMax":null,"Value":1300},{"Length":25,"Height":52,"Demand":10,"DemandMax":null,"Value":1300},{"Length":39,"Height":31,"Demand":10,"DemandMax":null,"Value":1209},{"Length":43,"Height":28,"Demand":10,"DemandMax":null,"Value":1204},{"Length":34,"Height":32,"Demand":10,"DemandMax":null,"Value":1088},{"Length":30,"Height":34,"Demand":10,"DemandMax":null,"Value":1020},{"Length":40,"Height":25,"Demand":10,"DemandMax":null,"Value":1000},{"Length":30,"Height":30,"Demand":10,"DemandMax":null,"Value":900},{"Length":28,"Height":27,"Demand":10,"DemandMax":null,"Value":756},{"Length":28,"Height":26,"Demand":10,"DemandMax":null,"Value":728}]}