{"Name":"AH12","Objects":[{"Length":1000,"Height":29738,"Stock":null,"Cost":29738000}],"Items":[{"Length":278,"Height":183,"Demand":100,"DemandMax":null,"Value":50874},{"Length":134,"Height":277,"Demand":100,"DemandMax":null,"Value":37118},{"Length":166,"Height":223,"Demand":100,"DemandMax":null,"Value":37018},{"Length":160,"Height":222,"Demand":100,"DemandMax":null,"Value":35520},{"Length":120,"Height":251,"Demand":100,"DemandMax":null,"Value":30120},{"Length":158,"Height":187,"Demand":100,"DemandMax":null,"Value":29546},{"Length":154,"Height":141,"Demand":100,"DemandMax":null,"Value":21714},{"Length":101,"Height":208,"Demand":100,"DemandMax":null,"Value":21008},{"Length":177,"Height":100,"Demand":100,"DemandMax":null,"Value":17700},{"Length":142,"Height":118,"Demand":100,"DemandMax":null,"Value":16756}]}