{"Name":"LX4","Objects":[{"Length":45237,"Height":35983,"Stock":null,"Cost":1627762971}],"Items":[{"Length":28,"Height":80,"Demand":1,"DemandMax":null,"Value":448},{"Length":48,"Height":188,"Demand":1,"DemandMax":null,"Value":1354},{"Length":256,"Height":358,"Demand":1,"DemandMax":null,"Value":16633},{"Length":444,"Height":566,"Demand":1,"DemandMax":null,"Value":60313},{"Length":2588,"Height":254,"Demand":1,"DemandMax":null,"Value":230073},{"Length":256,"Height":4502,"Demand":1,"DemandMax":null,"Value":276603},{"Length":2002,"Height":322,"Demand":1,"DemandMax":null,"Value":147729},{"Length":3028,"Height":1002,"Demand":1,"DemandMax":null,"Value":1001238},{"Length":802,"Height":654,"Demand":1,"DemandMax":null,"Value":121162},{"Length":364,"Height":388,"Demand":1,"DemandMax":null,"Value":28246},{"Length":532,"Height":2490,"Demand":1,"DemandMax":null,"Value":314217},{"Length":534,"Height":2320,"Demand":1,"DemandMax":null,"Value":293017},{"Length":536,"Height":632,"Demand":1,"DemandMax":null,"Value":81177},{"Length":522,"Height":436,"Demand":1,"DemandMax":null,"Value":51547},{"Length":904,"Height":2098,"Demand":1,"DemandMax":null,"Value":471863},{"Length":764,"Height":2224,"Demand":1,"DemandMax":null,"Value":430613},{"Length":832,"Height":392,"Demand":1,"DemandMax":null,"Value":68883},{"Length":2110,"Height":5548,"Demand":1,"DemandMax":null,"Value":3468393},{"Length":698,"Height":232,"Demand":1,"DemandMax":null,"Value":34435},{"Length":456,"Height":322,"Demand":1,"DemandMax":null,"Value":32573},{"Length":1532,"Height":1490,"Demand":1,"DemandMax":null,"Value":617120},{"Length":1532,"Height":1320,"Demand":1,"DemandMax":null,"Value":563203},{"Length":1534,"Height":1632,"Demand":1,"DemandMax":null,"Value":682643},{"Length":1522,"Height":1436,"Demand":1,"DemandMax":null,"Value":599587},{"Length":1904,"Height":1098,"Demand":1,"DemandMax":null,"Value":575883},{"Length":1764,"Height":1224,"Demand":1,"DemandMax":null,"Value":600173},{"Length":1832,"Height":1392,"Demand":1,"DemandMax":null,"Value":708418},{"Length":1110,"Height":1548,"Demand":1,"DemandMax":null,"Value":495855},{"Length":1698,"Height":1232,"Demand":1,"DemandMax":null,"Value":578159},{"Length":1456,"Height":1322,"Demand":1,"DemandMax":null,"Value":537430},{"Length":3532,"Height":1490,"Demand":1,"DemandMax":null,"Value":1623795},{"Length":3532,"Height":1320,"Demand":1,"DemandMax":null,"Value":1452751},{"Length":3536,"Height":1632,"Demand":1,"DemandMax":null,"Value":1817578},{"Length":3522,"Height":1436,"Demand":1,"DemandMax":null,"Value":1560770},{"Length":3904,"Height":1098,"Demand":1,"DemandMax":null,"Value":1337883},{"Length":3764,"Height":1224,"Demand":1,"DemandMax":null,"Value":1422515},{"Length":3832,"Height":1392,"Demand":1,"DemandMax":null,"Value":1712795},{"Length":3110,"Height":1548,"Demand":1,"DemandMax":null,"Value":1572105},{"Length":3698,"Height":1232,"Demand":1,"DemandMax":null,"Value":1411722},{"Length":3456,"Height":1322,"Demand":1,"DemandMax":null,"Value":1436105},{"Length":1532,"Height":2490,"Demand":1,"DemandMax":null,"Value":1066689},{"Length":1532,"Height":2320,"Demand":1,"DemandMax":null,"Value":985502},{"Length":1532,"Height":2632,"Demand":1,"DemandMax":null,"Value":1116488},{"Length":1522,"Height":2436,"Demand":1,"DemandMax":null,"Value":1036168},{"Length":1904,"Height":2098,"Demand":1,"DemandMax":null,"Value":1140933},{"Length":1764,"Height":2224,"Demand":1,"DemandMax":null,"Value":1133501},{"Length":1832,"Height":2392,"Demand":1,"DemandMax":null,"Value":1270822},{"Length":1110,"Height":2548,"Demand":1,"DemandMax":null,"Value":804670},{"Length":1698,"Height":2232,"Demand":1,"DemandMax":null,"Value":1050232},{"Length":1456,"Height":2322,"Demand":1,"DemandMax":null,"Value":918611},{"Length":436,"Height":1490,"Demand":1,"DemandMax":null,"Value":136424},{"Length":232,"Height":1320,"Demand":1,"DemandMax":null,"Value":70435},{"Length":236,"Height":932,"Demand":1,"DemandMax":null,"Value":46190},{"Length":822,"Height":636,"Demand":1,"DemandMax":null,"Value":125470},{"Length":1004,"Height":1094,"Demand":1,"DemandMax":null,"Value":278239},{"Length":2694,"Height":1220,"Demand":1,"DemandMax":null,"Value":1059275},{"Length":632,"Height":894,"Demand":1,"DemandMax":null,"Value":141396},{"Length":1110,"Height":346,"Demand":1,"DemandMax":null,"Value":85052},{"Length":598,"Height":532,"Demand":1,"DemandMax":null,"Value":79352},{"Length":658,"Height":920,"Demand":1,"DemandMax":null,"Value":147219},{"Length":730,"Height":1830,"Demand":1,"DemandMax":null,"Value":331649},{"Length":822,"Height":1740,"Demand":1,"DemandMax":null,"Value":358544},{"Length":932,"Height":1108,"Demand":1,"DemandMax":null,"Value":252697},{"Length":598,"Height":732,"Demand":1,"DemandMax":null,"Value":110202},{"Length":562,"Height":1322,"Demand":1,"DemandMax":null,"Value":193803},{"Length":1794,"Height":1008,"Demand":1,"DemandMax":null,"Value":496139},{"Length":1248,"Height":748,"Demand":1,"DemandMax":null,"Value":235046},{"Length":936,"Height":892,"Demand":1,"DemandMax":null,"Value":201573},{"Length":362,"Height":182,"Demand":1,"DemandMax":null,"Value":10753},{"Length":378,"Height":200,"Demand":1,"DemandMax":null,"Value":11669},{"Length":410,"Height":164,"Demand":1,"DemandMax":null,"Value":12545},{"Length":424,"Height":148,"Demand":1,"DemandMax":null,"Value":9331},{"Length":426,"Height":296,"Demand":1,"DemandMax":null,"Value":22771},{"Length":438,"Height":116,"Demand":1,"DemandMax":null,"Value":12702},{"Length":464,"Height":1006,"Demand":1,"DemandMax":null,"Value":116696},{"Length":520,"Height":206,"Demand":1,"DemandMax":null,"Value":24638},{"Length":520,"Height":350,"Demand":1,"DemandMax":null,"Value":42149},{"Length":540,"Height":530,"Demand":1,"DemandMax":null,"Value":67111},{"Length":548,"Height":1412,"Demand":1,"DemandMax":null,"Value":185889},{"Length":548,"Height":1882,"Demand":1,"DemandMax":null,"Value":247521},{"Length":552,"Height":496,"Demand":1,"DemandMax":null,"Value":76662},{"Length":554,"Height":754,"Demand":1,"DemandMax":null,"Value":107443},{"Length":556,"Height":496,"Demand":1,"DemandMax":null,"Value":76663},{"Length":558,"Height":654,"Demand":1,"DemandMax":null,"Value":91158},{"Length":570,"Height":478,"Demand":1,"DemandMax":null,"Value":63817},{"Length":572,"Height":592,"Demand":1,"DemandMax":null,"Value":85624},{"Length":574,"Height":978,"Demand":1,"DemandMax":null,"Value":140929},{"Length":576,"Height":1176,"Demand":1,"DemandMax":null,"Value":171248},{"Length":578,"Height":1574,"Demand":1,"DemandMax":null,"Value":238950},{"Length":580,"Height":1390,"Demand":1,"DemandMax":null,"Value":214005},{"Length":590,"Height":1490,"Demand":1,"DemandMax":null,"Value":238054},{"Length":600,"Height":1590,"Demand":1,"DemandMax":null,"Value":250227},{"Length":620,"Height":1690,"Demand":1,"DemandMax":null,"Value":272260},{"Length":662,"Height":1034,"Demand":1,"DemandMax":null,"Value":171297},{"Length":724,"Height":1724,"Demand":1,"DemandMax":null,"Value":315426},{"Length":1526,"Height":1446,"Demand":1,"DemandMax":null,"Value":607915},{"Length":1858,"Height":2648,"Demand":1,"DemandMax":null,"Value":1400472},{"Length":1728,"Height":464,"Demand":1,"DemandMax":null,"Value":187593},{"Length":928,"Height":1674,"Demand":1,"DemandMax":null,"Value":388368},{"Length":2028,"Height":932,"Demand":1,"DemandMax":null,"Value":541433},{"Length":1022,"Height":1638,"Demand":1,"DemandMax":null,"Value":431272},{"Length":752,"Height":746,"Demand":1,"DemandMax":null,"Value":140248},{"Length":926,"Height":916,"Demand":1,"DemandMax":null,"Value":203838},{"Length":2006,"Height":566,"Demand":1,"DemandMax":null,"Value":273953},{"Length":1024,"Height":1892,"Demand":1,"DemandMax":null,"Value":499186},{"Length":1376,"Height":1932,"Demand":1,"DemandMax":null,"Value":733241},{"Length":724,"Height":1750,"Demand":1,"DemandMax":null,"Value":317288},{"Length":2098,"Height":946,"Demand":1,"DemandMax":null,"Value":595412},{"Length":1238,"Height":1204,"Demand":1,"DemandMax":null,"Value":447166},{"Length":1026,"Height":764,"Demand":1,"DemandMax":null,"Value":235159},{"Length":1736,"Height":932,"Demand":1,"DemandMax":null,"Value":485386},{"Length":996,"Height":2532,"Demand":1,"DemandMax":null,"Value":656778},{"Length":1966,"Height":2422,"Demand":1,"DemandMax":null,"Value":1336667},{"Length":2828,"Height":1942,"Demand":1,"DemandMax":null,"Value":1792611},{"Length":1534,"Height":1788,"Demand":1,"DemandMax":null,"Value":743005},{"Length":432,"Height":738,"Demand":1,"DemandMax":null,"Value":61063},{"Length":732,"Height":822,"Demand":1,"DemandMax":null,"Value":145044},{"Length":636,"Height":932,"Demand":1,"DemandMax":null,"Value":145243},{"Length":822,"Height":598,"Demand":1,"DemandMax":null,"Value":115696},{"Length":1004,"Height":568,"Demand":1,"DemandMax":null,"Value":136977},{"Length":466,"Height":792,"Demand":1,"DemandMax":null,"Value":92268},{"Length":932,"Height":648,"Demand":1,"DemandMax":null,"Value":140956},{"Length":2110,"Height":932,"Demand":1,"DemandMax":null,"Value":552772},{"Length":598,"Height":562,"Demand":1,"DemandMax":null,"Value":79800},{"Length":658,"Height":726,"Demand":1,"DemandMax":null,"Value":115219},{"Length":924,"Height":3722,"Demand":1,"DemandMax":null,"Value":864437},{"Length":1490,"Height":1830,"Demand":1,"DemandMax":null,"Value":742296},{"Length":1320,"Height":1740,"Demand":1,"DemandMax":null,"Value":637848},{"Length":932,"Height":2100,"Demand":1,"DemandMax":null,"Value":488538},{"Length":638,"Height":732,"Demand":1,"DemandMax":null,"Value":117747},{"Length":1094,"Height":1322,"Demand":1,"DemandMax":null,"Value":389975},{"Length":1222,"Height":2402,"Demand":1,"DemandMax":null,"Value":821705},{"Length":894,"Height":746,"Demand":1,"DemandMax":null,"Value":160689},{"Length":544,"Height":894,"Demand":1,"DemandMax":null,"Value":114641},{"Length":532,"Height":2132,"Demand":1,"DemandMax":null,"Value":269839},{"Length":452,"Height":642,"Demand":1,"DemandMax":null,"Value":65145},{"Length":724,"Height":1264,"Demand":1,"DemandMax":null,"Value":225389},{"Length":928,"Height":678,"Demand":1,"DemandMax":null,"Value":145941},{"Length":828,"Height":632,"Demand":1,"DemandMax":null,"Value":124298},{"Length":724,"Height":938,"Demand":1,"DemandMax":null,"Value":161202},{"Length":754,"Height":444,"Demand":1,"DemandMax":null,"Value":71155},{"Length":928,"Height":316,"Demand":1,"DemandMax":null,"Value":66947},{"Length":2006,"Height":894,"Demand":1,"DemandMax":null,"Value":473527},{"Length":576,"Height":1932,"Demand":1,"DemandMax":null,"Value":286762},{"Length":726,"Height":1750,"Demand":1,"DemandMax":null,"Value":317289},{"Length":1974,"Height":946,"Demand":1,"DemandMax":null,"Value":531577},{"Length":1238,"Height":1206,"Demand":1,"DemandMax":null,"Value":447167},{"Length":1228,"Height":762,"Demand":1,"DemandMax":null,"Value":232039},{"Length":1732,"Height":932,"Demand":1,"DemandMax":null,"Value":424802},{"Length":992,"Height":2532,"Demand":1,"DemandMax":null,"Value":656773},{"Length":562,"Height":2420,"Demand":1,"DemandMax":null,"Value":360907},{"Length":724,"Height":1944,"Demand":1,"DemandMax":null,"Value":350816},{"Length":1538,"Height":788,"Demand":1,"DemandMax":null,"Value":326605},{"Length":648,"Height":1232,"Demand":1,"DemandMax":null,"Value":204285},{"Length":1026,"Height":892,"Demand":1,"DemandMax":null,"Value":262804},{"Length":2366,"Height":248,"Demand":1,"DemandMax":null,"Value":135085},{"Length":542,"Height":128,"Demand":1,"DemandMax":null,"Value":14047},{"Length":236,"Height":542,"Demand":1,"DemandMax":null,"Value":22513},{"Length":128,"Height":1266,"Demand":1,"DemandMax":null,"Value":27926},{"Length":1026,"Height":2786,"Demand":1,"DemandMax":null,"Value":821466},{"Length":9096,"Height":8726,"Demand":1,"DemandMax":null,"Value":26945648},{"Length":5468,"Height":3524,"Demand":1,"DemandMax":null,"Value":6469291},{"Length":1266,"Height":4526,"Demand":1,"DemandMax":null,"Value":1667507},{"Length":2354,"Height":1296,"Demand":1,"DemandMax":null,"Value":868805},{"Length":2694,"Height":2548,"Demand":1,"DemandMax":null,"Value":2346557},{"Length":2544,"Height":5004,"Demand":1,"DemandMax":null,"Value":3729358},{"Length":586,"Height":894,"Demand":1,"DemandMax":null,"Value":135124},{"Length":568,"Height":898,"Demand":1,"DemandMax":null,"Value":131968},{"Length":564,"Height":1022,"Demand":1,"DemandMax":null,"Value":153327},{"Length":1254,"Height":2016,"Demand":1,"DemandMax":null,"Value":718167},{"Length":2016,"Height":1254,"Demand":1,"DemandMax":null,"Value":687323},{"Length":1258,"Height":1298,"Demand":1,"DemandMax":null,"Value":466880},{"Length":2350,"Height":2364,"Demand":1,"DemandMax":null,"Value":1586732},{"Length":2504,"Height":2504,"Demand":1,"DemandMax":null,"Value":1841981},{"Length":1296,"Height":2366,"Demand":1,"DemandMax":null,"Value":858119},{"Length":298,"Height":132,"Demand":1,"DemandMax":null,"Value":7080},{"Length":358,"Height":124,"Demand":1,"DemandMax":null,"Value":8434},{"Length":438,"Height":830,"Demand":1,"DemandMax":null,"Value":88915},{"Length":122,"Height":740,"Demand":1,"DemandMax":null,"Value":17153},{"Length":332,"Height":1108,"Demand":1,"DemandMax":null,"Value":70871},{"Length":498,"Height":732,"Demand":1,"DemandMax":null,"Value":84277},{"Length":266,"Height":326,"Demand":1,"DemandMax":null,"Value":16129},{"Length":796,"Height":106,"Demand":1,"DemandMax":null,"Value":18563},{"Length":248,"Height":646,"Demand":1,"DemandMax":null,"Value":29599},{"Length":536,"Height":396,"Demand":1,"DemandMax":null,"Value":53064},{"Length":1666,"Height":1388,"Demand":1,"DemandMax":null,"Value":637772},{"Length":478,"Height":218,"Demand":1,"DemandMax":null,"Value":21883},{"Length":210,"Height":268,"Demand":1,"DemandMax":null,"Value":11256},{"Length":2322,"Height":148,"Demand":1,"DemandMax":null,"Value":65304},{"Length":2924,"Height":296,"Demand":1,"DemandMax":null,"Value":248354},{"Length":1438,"Height":136,"Demand":1,"DemandMax":null,"Value":39899},{"Length":1064,"Height":1206,"Demand":1,"DemandMax":null,"Value":346066},{"Length":1728,"Height":602,"Demand":1,"DemandMax":null,"Value":274284},{"Length":322,"Height":2358,"Demand":1,"DemandMax":null,"Value":159186},{"Length":148,"Height":230,"Demand":1,"DemandMax":null,"Value":5446},{"Length":648,"Height":2116,"Demand":1,"DemandMax":null,"Value":356110},{"Length":1578,"Height":1776,"Demand":1,"DemandMax":null,"Value":791879},{"Length":1254,"Height":394,"Demand":1,"DemandMax":null,"Value":106831},{"Length":1458,"Height":626,"Demand":1,"DemandMax":null,"Value":227776},{"Length":624,"Height":196,"Demand":1,"DemandMax":null,"Value":25247}]}