{"Name":"LX5","Objects":[{"Length":45237,"Height":35983,"Stock":null,"Cost":1627762971}],"Items":[{"Length":439,"Height":1487,"Demand":1,"DemandMax":null,"Value":160414},{"Length":235,"Height":1317,"Demand":1,"DemandMax":null,"Value":70438},{"Length":239,"Height":929,"Demand":1,"DemandMax":null,"Value":54991},{"Length":824,"Height":636,"Demand":1,"DemandMax":null,"Value":180327},{"Length":1005,"Height":1091,"Demand":1,"DemandMax":null,"Value":371010},{"Length":266,"Height":1220,"Demand":1,"DemandMax":null,"Value":81130},{"Length":632,"Height":892,"Demand":1,"DemandMax":null,"Value":190280},{"Length":1110,"Height":344,"Demand":1,"DemandMax":null,"Value":133644},{"Length":601,"Height":529,"Demand":1,"DemandMax":null,"Value":133620},{"Length":658,"Height":921,"Demand":1,"DemandMax":null,"Value":200871},{"Length":732,"Height":1830,"Demand":1,"DemandMax":null,"Value":491711},{"Length":825,"Height":1737,"Demand":1,"DemandMax":null,"Value":505038},{"Length":932,"Height":1106,"Demand":1,"DemandMax":null,"Value":352245},{"Length":601,"Height":729,"Demand":1,"DemandMax":null,"Value":157991},{"Length":570,"Height":1320,"Demand":1,"DemandMax":null,"Value":229369},{"Length":1794,"Height":1004,"Demand":1,"DemandMax":null,"Value":694216},{"Length":1250,"Height":744,"Demand":1,"DemandMax":null,"Value":334691},{"Length":934,"Height":890,"Demand":1,"DemandMax":null,"Value":269832},{"Length":562,"Height":1030,"Demand":1,"DemandMax":null,"Value":168756},{"Length":722,"Height":1720,"Demand":1,"DemandMax":null,"Value":459186},{"Length":1526,"Height":1448,"Demand":1,"DemandMax":null,"Value":790587},{"Length":1858,"Height":2644,"Demand":1,"DemandMax":null,"Value":1931494},{"Length":1726,"Height":464,"Demand":1,"DemandMax":null,"Value":249106},{"Length":928,"Height":1672,"Demand":1,"DemandMax":null,"Value":542177},{"Length":2031,"Height":929,"Demand":1,"DemandMax":null,"Value":659521},{"Length":1028,"Height":1636,"Demand":1,"DemandMax":null,"Value":571050},{"Length":757,"Height":747,"Demand":1,"DemandMax":null,"Value":209232},{"Length":927,"Height":915,"Demand":1,"DemandMax":null,"Value":272363},{"Length":2006,"Height":564,"Demand":1,"DemandMax":null,"Value":426556},{"Length":1029,"Height":1893,"Demand":1,"DemandMax":null,"Value":654860},{"Length":1379,"Height":1929,"Demand":1,"DemandMax":null,"Value":1014117},{"Length":731,"Height":1745,"Demand":1,"DemandMax":null,"Value":476086},{"Length":2099,"Height":945,"Demand":1,"DemandMax":null,"Value":686344},{"Length":1238,"Height":1208,"Demand":1,"DemandMax":null,"Value":580544},{"Length":1028,"Height":766,"Demand":1,"DemandMax":null,"Value":256862},{"Length":1734,"Height":932,"Demand":1,"DemandMax":null,"Value":577770},{"Length":994,"Height":2532,"Demand":1,"DemandMax":null,"Value":859476},{"Length":1966,"Height":2422,"Demand":1,"DemandMax":null,"Value":1832164},{"Length":2828,"Height":1946,"Demand":1,"DemandMax":null,"Value":2090056},{"Length":1536,"Height":1788,"Demand":1,"DemandMax":null,"Value":1003148},{"Length":438,"Height":730,"Demand":1,"DemandMax":null,"Value":78417},{"Length":732,"Height":822,"Demand":1,"DemandMax":null,"Value":197093},{"Length":639,"Height":929,"Demand":1,"DemandMax":null,"Value":197997},{"Length":825,"Height":595,"Demand":1,"DemandMax":null,"Value":162023},{"Length":1007,"Height":565,"Demand":1,"DemandMax":null,"Value":185633},{"Length":464,"Height":794,"Demand":1,"DemandMax":null,"Value":115070},{"Length":935,"Height":645,"Demand":1,"DemandMax":null,"Value":202399},{"Length":2110,"Height":934,"Demand":1,"DemandMax":null,"Value":686814},{"Length":599,"Height":561,"Demand":1,"DemandMax":null,"Value":133619},{"Length":656,"Height":726,"Demand":1,"DemandMax":null,"Value":166054},{"Length":926,"Height":3726,"Demand":1,"DemandMax":null,"Value":1231315},{"Length":1493,"Height":1827,"Demand":1,"DemandMax":null,"Value":1010245},{"Length":1320,"Height":1740,"Demand":1,"DemandMax":null,"Value":881113},{"Length":932,"Height":2100,"Demand":1,"DemandMax":null,"Value":670277},{"Length":636,"Height":732,"Demand":1,"DemandMax":null,"Value":162710},{"Length":1094,"Height":1324,"Demand":1,"DemandMax":null,"Value":514446},{"Length":1222,"Height":2408,"Demand":1,"DemandMax":null,"Value":1148983},{"Length":894,"Height":748,"Demand":1,"DemandMax":null,"Value":233042},{"Length":548,"Height":894,"Demand":1,"DemandMax":null,"Value":150982},{"Length":532,"Height":2138,"Demand":1,"DemandMax":null,"Value":353573},{"Length":452,"Height":642,"Demand":1,"DemandMax":null,"Value":67919},{"Length":722,"Height":1264,"Demand":1,"DemandMax":null,"Value":323956},{"Length":924,"Height":674,"Demand":1,"DemandMax":null,"Value":206042},{"Length":826,"Height":630,"Demand":1,"DemandMax":null,"Value":172320},{"Length":724,"Height":936,"Demand":1,"DemandMax":null,"Value":215323},{"Length":754,"Height":446,"Demand":1,"DemandMax":null,"Value":114337},{"Length":922,"Height":316,"Demand":1,"DemandMax":null,"Value":93233},{"Length":2002,"Height":892,"Demand":1,"DemandMax":null,"Value":647535},{"Length":576,"Height":1932,"Demand":1,"DemandMax":null,"Value":362628},{"Length":726,"Height":1750,"Demand":1,"DemandMax":null,"Value":476077},{"Length":1974,"Height":944,"Demand":1,"DemandMax":null,"Value":648401},{"Length":1234,"Height":1206,"Demand":1,"DemandMax":null,"Value":580541},{"Length":1224,"Height":766,"Demand":1,"DemandMax":null,"Value":336838},{"Length":1735,"Height":931,"Demand":1,"DemandMax":null,"Value":577770},{"Length":995,"Height":2531,"Demand":1,"DemandMax":null,"Value":859476},{"Length":564,"Height":2422,"Demand":1,"DemandMax":null,"Value":413541},{"Length":722,"Height":1944,"Demand":1,"DemandMax":null,"Value":496763},{"Length":1537,"Height":787,"Demand":1,"DemandMax":null,"Value":418466},{"Length":648,"Height":1232,"Demand":1,"DemandMax":null,"Value":295482},{"Length":1024,"Height":894,"Demand":1,"DemandMax":null,"Value":290331},{"Length":236,"Height":248,"Demand":1,"DemandMax":null,"Value":13349},{"Length":544,"Height":124,"Demand":1,"DemandMax":null,"Value":16322},{"Length":239,"Height":539,"Demand":1,"DemandMax":null,"Value":31981},{"Length":128,"Height":128,"Demand":1,"DemandMax":null,"Value":3969},{"Length":1026,"Height":2788,"Demand":1,"DemandMax":null,"Value":981608},{"Length":9100,"Height":8724,"Demand":1,"DemandMax":null,"Value":32998434},{"Length":5471,"Height":3521,"Demand":1,"DemandMax":null,"Value":7890294},{"Length":1264,"Height":4524,"Demand":1,"DemandMax":null,"Value":2266799},{"Length":2354,"Height":1298,"Demand":1,"DemandMax":null,"Value":1131177},{"Length":1698,"Height":2542,"Demand":1,"DemandMax":null,"Value":1645089},{"Length":2542,"Height":5004,"Demand":1,"DemandMax":null,"Value":5113885},{"Length":582,"Height":894,"Demand":1,"DemandMax":null,"Value":155911},{"Length":566,"Height":894,"Demand":1,"DemandMax":null,"Value":150984},{"Length":567,"Height":1019,"Demand":1,"DemandMax":null,"Value":189097},{"Length":1254,"Height":2014,"Demand":1,"DemandMax":null,"Value":978305},{"Length":2012,"Height":1254,"Demand":1,"DemandMax":null,"Value":937994},{"Length":1257,"Height":1297,"Demand":1,"DemandMax":null,"Value":617232},{"Length":2352,"Height":2364,"Demand":1,"DemandMax":null,"Value":2112964},{"Length":2502,"Height":2502,"Demand":1,"DemandMax":null,"Value":2467192},{"Length":1299,"Height":2363,"Demand":1,"DemandMax":null,"Value":1183285},{"Length":438,"Height":1488,"Demand":1,"DemandMax":null,"Value":160247},{"Length":234,"Height":1318,"Demand":1,"DemandMax":null,"Value":70437},{"Length":236,"Height":932,"Demand":1,"DemandMax":null,"Value":54988},{"Length":823,"Height":637,"Demand":1,"DemandMax":null,"Value":180326},{"Length":1004,"Height":1092,"Demand":1,"DemandMax":null,"Value":371009},{"Length":268,"Height":1222,"Demand":1,"DemandMax":null,"Value":81131},{"Length":634,"Height":892,"Demand":1,"DemandMax":null,"Value":190728},{"Length":1112,"Height":344,"Demand":1,"DemandMax":null,"Value":133646},{"Length":600,"Height":530,"Demand":1,"DemandMax":null,"Value":133619},{"Length":659,"Height":921,"Demand":1,"DemandMax":null,"Value":202487},{"Length":734,"Height":1828,"Demand":1,"DemandMax":null,"Value":492158},{"Length":824,"Height":1738,"Demand":1,"DemandMax":null,"Value":505037},{"Length":934,"Height":1104,"Demand":1,"DemandMax":null,"Value":352247},{"Length":600,"Height":730,"Demand":1,"DemandMax":null,"Value":157990},{"Length":569,"Height":1321,"Demand":1,"DemandMax":null,"Value":229167},{"Length":1793,"Height":1005,"Demand":1,"DemandMax":null,"Value":640405},{"Length":1248,"Height":746,"Demand":1,"DemandMax":null,"Value":334690},{"Length":932,"Height":892,"Demand":1,"DemandMax":null,"Value":269831},{"Length":562,"Height":1032,"Demand":1,"DemandMax":null,"Value":168757},{"Length":722,"Height":1722,"Demand":1,"DemandMax":null,"Value":460211},{"Length":1527,"Height":1445,"Demand":1,"DemandMax":null,"Value":790588},{"Length":1858,"Height":2646,"Demand":1,"DemandMax":null,"Value":2024570},{"Length":1722,"Height":466,"Demand":1,"DemandMax":null,"Value":288883},{"Length":929,"Height":1671,"Demand":1,"DemandMax":null,"Value":542177},{"Length":2030,"Height":930,"Demand":1,"DemandMax":null,"Value":659520},{"Length":1028,"Height":1638,"Demand":1,"DemandMax":null,"Value":572500},{"Length":756,"Height":748,"Demand":1,"DemandMax":null,"Value":209231},{"Length":926,"Height":916,"Demand":1,"DemandMax":null,"Value":272362},{"Length":2006,"Height":562,"Demand":1,"DemandMax":null,"Value":426555},{"Length":1029,"Height":1892,"Demand":1,"DemandMax":null,"Value":654859},{"Length":1378,"Height":1930,"Demand":1,"DemandMax":null,"Value":1014116},{"Length":730,"Height":1746,"Demand":1,"DemandMax":null,"Value":476085},{"Length":2101,"Height":943,"Demand":1,"DemandMax":null,"Value":686346},{"Length":1240,"Height":1204,"Demand":1,"DemandMax":null,"Value":580544},{"Length":1027,"Height":767,"Demand":1,"DemandMax":null,"Value":256861},{"Length":1738,"Height":930,"Demand":1,"DemandMax":null,"Value":577772},{"Length":997,"Height":2531,"Demand":1,"DemandMax":null,"Value":859478},{"Length":1968,"Height":2420,"Demand":1,"DemandMax":null,"Value":1832168},{"Length":2828,"Height":1944,"Demand":1,"DemandMax":null,"Value":2089958},{"Length":1538,"Height":1786,"Demand":1,"DemandMax":null,"Value":1003149},{"Length":437,"Height":731,"Demand":1,"DemandMax":null,"Value":74302},{"Length":735,"Height":819,"Demand":1,"DemandMax":null,"Value":197095},{"Length":638,"Height":930,"Demand":1,"DemandMax":null,"Value":197996},{"Length":823,"Height":597,"Demand":1,"DemandMax":null,"Value":162021},{"Length":1006,"Height":566,"Demand":1,"DemandMax":null,"Value":185632},{"Length":468,"Height":792,"Demand":1,"DemandMax":null,"Value":115562},{"Length":934,"Height":646,"Demand":1,"DemandMax":null,"Value":202398},{"Length":2110,"Height":935,"Demand":1,"DemandMax":null,"Value":686815},{"Length":598,"Height":562,"Demand":1,"DemandMax":null,"Value":133618},{"Length":658,"Height":722,"Demand":1,"DemandMax":null,"Value":161356},{"Length":922,"Height":3722,"Demand":1,"DemandMax":null,"Value":1220606},{"Length":1492,"Height":1828,"Demand":1,"DemandMax":null,"Value":1008803},{"Length":1323,"Height":1737,"Demand":1,"DemandMax":null,"Value":881125},{"Length":935,"Height":2097,"Demand":1,"DemandMax":null,"Value":670279},{"Length":638,"Height":732,"Demand":1,"DemandMax":null,"Value":162711},{"Length":1092,"Height":1324,"Demand":1,"DemandMax":null,"Value":514445},{"Length":1223,"Height":2405,"Demand":1,"DemandMax":null,"Value":1148983},{"Length":895,"Height":747,"Demand":1,"DemandMax":null,"Value":233042},{"Length":547,"Height":891,"Demand":1,"DemandMax":null,"Value":150981},{"Length":533,"Height":2131,"Demand":1,"DemandMax":null,"Value":353401},{"Length":452,"Height":648,"Demand":1,"DemandMax":null,"Value":84679},{"Length":724,"Height":1266,"Demand":1,"DemandMax":null,"Value":324211},{"Length":923,"Height":673,"Demand":1,"DemandMax":null,"Value":204064},{"Length":825,"Height":631,"Demand":1,"DemandMax":null,"Value":172319},{"Length":724,"Height":938,"Demand":1,"DemandMax":null,"Value":215324},{"Length":754,"Height":448,"Demand":1,"DemandMax":null,"Value":114338},{"Length":924,"Height":314,"Demand":1,"DemandMax":null,"Value":93235},{"Length":2006,"Height":894,"Demand":1,"DemandMax":null,"Value":648048},{"Length":578,"Height":1932,"Demand":1,"DemandMax":null,"Value":362629},{"Length":729,"Height":1747,"Demand":1,"DemandMax":null,"Value":476085},{"Length":1976,"Height":948,"Demand":1,"DemandMax":null,"Value":650068},{"Length":1239,"Height":1207,"Demand":1,"DemandMax":null,"Value":580544},{"Length":1220,"Height":768,"Demand":1,"DemandMax":null,"Value":334739},{"Length":1737,"Height":931,"Demand":1,"DemandMax":null,"Value":577771},{"Length":994,"Height":2530,"Demand":1,"DemandMax":null,"Value":856537},{"Length":560,"Height":2420,"Demand":1,"DemandMax":null,"Value":411761},{"Length":720,"Height":1944,"Demand":1,"DemandMax":null,"Value":495412},{"Length":1536,"Height":788,"Demand":1,"DemandMax":null,"Value":418466},{"Length":646,"Height":1232,"Demand":1,"DemandMax":null,"Value":295478},{"Length":1026,"Height":898,"Demand":1,"DemandMax":null,"Value":301728},{"Length":234,"Height":248,"Demand":1,"DemandMax":null,"Value":13347},{"Length":543,"Height":125,"Demand":1,"DemandMax":null,"Value":16321},{"Length":236,"Height":542,"Demand":1,"DemandMax":null,"Value":31978},{"Length":128,"Height":124,"Demand":1,"DemandMax":null,"Value":3968},{"Length":1024,"Height":2788,"Demand":1,"DemandMax":null,"Value":979861},{"Length":9099,"Height":8725,"Demand":1,"DemandMax":null,"Value":32998433},{"Length":5470,"Height":3522,"Demand":1,"DemandMax":null,"Value":7890293},{"Length":1262,"Height":4528,"Demand":1,"DemandMax":null,"Value":2269844},{"Length":2355,"Height":1297,"Demand":1,"DemandMax":null,"Value":1131177},{"Length":1696,"Height":2546,"Demand":1,"DemandMax":null,"Value":1645088},{"Length":2546,"Height":5004,"Demand":1,"DemandMax":null,"Value":5113891},{"Length":586,"Height":894,"Demand":1,"DemandMax":null,"Value":172882},{"Length":566,"Height":896,"Demand":1,"DemandMax":null,"Value":172426},{"Length":564,"Height":1022,"Demand":1,"DemandMax":null,"Value":168755},{"Length":1254,"Height":2012,"Demand":1,"DemandMax":null,"Value":976537},{"Length":2014,"Height":1254,"Demand":1,"DemandMax":null,"Value":939744},{"Length":1256,"Height":1298,"Demand":1,"DemandMax":null,"Value":617230},{"Length":2350,"Height":2366,"Demand":1,"DemandMax":null,"Value":2111835},{"Length":2504,"Height":2506,"Demand":1,"DemandMax":null,"Value":2477806},{"Length":1296,"Height":2366,"Demand":1,"DemandMax":null,"Value":1183265},{"Length":437,"Height":1489,"Demand":1,"DemandMax":null,"Value":155823},{"Length":233,"Height":1319,"Demand":1,"DemandMax":null,"Value":70436},{"Length":238,"Height":930,"Demand":1,"DemandMax":null,"Value":54990},{"Length":822,"Height":638,"Demand":1,"DemandMax":null,"Value":180326},{"Length":1005,"Height":1093,"Demand":1,"DemandMax":null,"Value":371011},{"Length":269,"Height":1221,"Demand":1,"DemandMax":null,"Value":81131},{"Length":633,"Height":893,"Demand":1,"DemandMax":null,"Value":190281},{"Length":1111,"Height":345,"Demand":1,"DemandMax":null,"Value":133645},{"Length":598,"Height":532,"Demand":1,"DemandMax":null,"Value":133617},{"Length":658,"Height":922,"Demand":1,"DemandMax":null,"Value":202487},{"Length":733,"Height":1829,"Demand":1,"DemandMax":null,"Value":491711},{"Length":822,"Height":1740,"Demand":1,"DemandMax":null,"Value":505036},{"Length":933,"Height":1105,"Demand":1,"DemandMax":null,"Value":352247},{"Length":599,"Height":731,"Demand":1,"DemandMax":null,"Value":157979},{"Length":568,"Height":1322,"Demand":1,"DemandMax":null,"Value":229167},{"Length":1792,"Height":1006,"Demand":1,"DemandMax":null,"Value":640405},{"Length":1249,"Height":745,"Demand":1,"DemandMax":null,"Value":334690},{"Length":933,"Height":891,"Demand":1,"DemandMax":null,"Value":269831},{"Length":364,"Height":184,"Demand":1,"DemandMax":null,"Value":11649},{"Length":378,"Height":200,"Demand":1,"DemandMax":null,"Value":12086},{"Length":410,"Height":166,"Demand":1,"DemandMax":null,"Value":13420},{"Length":426,"Height":148,"Demand":1,"DemandMax":null,"Value":13804},{"Length":427,"Height":295,"Demand":1,"DemandMax":null,"Value":27609},{"Length":436,"Height":116,"Demand":1,"DemandMax":null,"Value":10115},{"Length":465,"Height":1005,"Demand":1,"DemandMax":null,"Value":142003},{"Length":521,"Height":205,"Demand":1,"DemandMax":null,"Value":24639},{"Length":520,"Height":350,"Demand":1,"DemandMax":null,"Value":43680},{"Length":540,"Height":530,"Demand":1,"DemandMax":null,"Value":71550},{"Length":548,"Height":1414,"Demand":1,"DemandMax":null,"Value":238527},{"Length":549,"Height":1881,"Demand":1,"DemandMax":null,"Value":331957},{"Length":554,"Height":496,"Demand":1,"DemandMax":null,"Value":76663},{"Length":554,"Height":758,"Demand":1,"DemandMax":null,"Value":127569},{"Length":556,"Height":496,"Demand":1,"DemandMax":null,"Value":76664},{"Length":558,"Height":658,"Demand":1,"DemandMax":null,"Value":111102},{"Length":560,"Height":474,"Demand":1,"DemandMax":null,"Value":65251},{"Length":573,"Height":591,"Demand":1,"DemandMax":null,"Value":85625},{"Length":532,"Height":976,"Demand":1,"DemandMax":null,"Value":150999},{"Length":542,"Height":1176,"Demand":1,"DemandMax":null,"Value":182652},{"Length":552,"Height":1574,"Demand":1,"DemandMax":null,"Value":262230},{"Length":562,"Height":1390,"Demand":1,"DemandMax":null,"Value":240482},{"Length":572,"Height":1490,"Demand":1,"DemandMax":null,"Value":259064},{"Length":582,"Height":1590,"Demand":1,"DemandMax":null,"Value":287132},{"Length":592,"Height":1690,"Demand":1,"DemandMax":null,"Value":311893},{"Length":602,"Height":1030,"Demand":1,"DemandMax":null,"Value":213440},{"Length":728,"Height":1722,"Demand":1,"DemandMax":null,"Value":473913},{"Length":1528,"Height":1448,"Demand":1,"DemandMax":null,"Value":790590},{"Length":1859,"Height":2647,"Demand":1,"DemandMax":null,"Value":2033869},{"Length":1724,"Height":466,"Demand":1,"DemandMax":null,"Value":288884},{"Length":929,"Height":1673,"Demand":1,"DemandMax":null,"Value":542178},{"Length":2029,"Height":931,"Demand":1,"DemandMax":null,"Value":659519},{"Length":1026,"Height":1636,"Demand":1,"DemandMax":null,"Value":571044},{"Length":758,"Height":746,"Demand":1,"DemandMax":null,"Value":190539},{"Length":928,"Height":916,"Demand":1,"DemandMax":null,"Value":272365},{"Length":2007,"Height":563,"Demand":1,"DemandMax":null,"Value":426556},{"Length":1028,"Height":1894,"Demand":1,"DemandMax":null,"Value":654859},{"Length":1377,"Height":1931,"Demand":1,"DemandMax":null,"Value":1014115},{"Length":728,"Height":1748,"Demand":1,"DemandMax":null,"Value":476084},{"Length":2100,"Height":944,"Demand":1,"DemandMax":null,"Value":686345},{"Length":1238,"Height":1206,"Demand":1,"DemandMax":null,"Value":580543},{"Length":1026,"Height":768,"Demand":1,"DemandMax":null,"Value":256861},{"Length":1739,"Height":931,"Demand":1,"DemandMax":null,"Value":577773},{"Length":998,"Height":2532,"Demand":1,"DemandMax":null,"Value":859479},{"Length":1968,"Height":2422,"Demand":1,"DemandMax":null,"Value":1832169},{"Length":2829,"Height":1943,"Demand":1,"DemandMax":null,"Value":2089959},{"Length":1537,"Height":1787,"Demand":1,"DemandMax":null,"Value":1003148},{"Length":436,"Height":732,"Demand":1,"DemandMax":null,"Value":74302},{"Length":734,"Height":820,"Demand":1,"DemandMax":null,"Value":197094},{"Length":636,"Height":932,"Demand":1,"DemandMax":null,"Value":197995},{"Length":822,"Height":598,"Demand":1,"DemandMax":null,"Value":162020},{"Length":1004,"Height":568,"Demand":1,"DemandMax":null,"Value":185631},{"Length":469,"Height":792,"Demand":1,"DemandMax":null,"Value":115563},{"Length":933,"Height":647,"Demand":1,"DemandMax":null,"Value":202397},{"Length":2111,"Height":931,"Demand":1,"DemandMax":null,"Value":686813},{"Length":601,"Height":559,"Demand":1,"DemandMax":null,"Value":133621},{"Length":654,"Height":722,"Demand":1,"DemandMax":null,"Value":161353},{"Length":924,"Height":3724,"Demand":1,"DemandMax":null,"Value":1231280},{"Length":1491,"Height":1829,"Demand":1,"DemandMax":null,"Value":1008800},{"Length":1322,"Height":1738,"Demand":1,"DemandMax":null,"Value":881123},{"Length":934,"Height":2098,"Demand":1,"DemandMax":null,"Value":670278},{"Length":640,"Height":730,"Demand":1,"DemandMax":null,"Value":162712},{"Length":1094,"Height":1322,"Demand":1,"DemandMax":null,"Value":514445},{"Length":1222,"Height":2406,"Demand":1,"DemandMax":null,"Value":1148982},{"Length":894,"Height":746,"Demand":1,"DemandMax":null,"Value":214348},{"Length":546,"Height":892,"Demand":1,"DemandMax":null,"Value":150980},{"Length":532,"Height":2136,"Demand":1,"DemandMax":null,"Value":353569},{"Length":452,"Height":646,"Demand":1,"DemandMax":null,"Value":84678},{"Length":724,"Height":1268,"Demand":1,"DemandMax":null,"Value":324212},{"Length":922,"Height":674,"Demand":1,"DemandMax":null,"Value":204062},{"Length":824,"Height":632,"Demand":1,"DemandMax":null,"Value":172319},{"Length":726,"Height":936,"Demand":1,"DemandMax":null,"Value":220411},{"Length":755,"Height":447,"Demand":1,"DemandMax":null,"Value":114338},{"Length":923,"Height":315,"Demand":1,"DemandMax":null,"Value":93234},{"Length":2007,"Height":893,"Demand":1,"DemandMax":null,"Value":648049},{"Length":579,"Height":1931,"Demand":1,"DemandMax":null,"Value":362629},{"Length":725,"Height":1749,"Demand":1,"DemandMax":null,"Value":460600},{"Length":1976,"Height":944,"Demand":1,"DemandMax":null,"Value":648794},{"Length":1236,"Height":1206,"Demand":1,"DemandMax":null,"Value":580542},{"Length":1228,"Height":766,"Demand":1,"DemandMax":null,"Value":336843},{"Length":1738,"Height":932,"Demand":1,"DemandMax":null,"Value":577773},{"Length":992,"Height":2532,"Demand":1,"DemandMax":null,"Value":856068},{"Length":560,"Height":2422,"Demand":1,"DemandMax":null,"Value":413063},{"Length":720,"Height":1942,"Demand":1,"DemandMax":null,"Value":494390},{"Length":1534,"Height":784,"Demand":1,"DemandMax":null,"Value":418465},{"Length":644,"Height":1232,"Demand":1,"DemandMax":null,"Value":293673},{"Length":1026,"Height":896,"Demand":1,"DemandMax":null,"Value":301727},{"Length":235,"Height":247,"Demand":1,"DemandMax":null,"Value":13348},{"Length":542,"Height":126,"Demand":1,"DemandMax":null,"Value":16321},{"Length":238,"Height":540,"Demand":1,"DemandMax":null,"Value":31980},{"Length":128,"Height":122,"Demand":1,"DemandMax":null,"Value":2499},{"Length":1025,"Height":2787,"Demand":1,"DemandMax":null,"Value":981590},{"Length":9098,"Height":8726,"Demand":1,"DemandMax":null,"Value":32994585},{"Length":5468,"Height":3524,"Demand":1,"DemandMax":null,"Value":7890292},{"Length":1264,"Height":4522,"Demand":1,"DemandMax":null,"Value":2266779},{"Length":2354,"Height":1294,"Demand":1,"DemandMax":null,"Value":1127714},{"Length":1697,"Height":2545,"Demand":1,"DemandMax":null,"Value":1645088},{"Length":2547,"Height":5003,"Demand":1,"DemandMax":null,"Value":5113891},{"Length":588,"Height":892,"Demand":1,"DemandMax":null,"Value":172884},{"Length":564,"Height":894,"Demand":1,"DemandMax":null,"Value":150983},{"Length":566,"Height":1020,"Demand":1,"DemandMax":null,"Value":189097},{"Length":1255,"Height":2013,"Demand":1,"DemandMax":null,"Value":978306},{"Length":2015,"Height":1253,"Demand":1,"DemandMax":null,"Value":939744},{"Length":1254,"Height":1298,"Demand":1,"DemandMax":null,"Value":617226},{"Length":2351,"Height":2365,"Demand":1,"DemandMax":null,"Value":2112365},{"Length":2502,"Height":2506,"Demand":1,"DemandMax":null,"Value":2467194},{"Length":1298,"Height":2364,"Demand":1,"DemandMax":null,"Value":1183285},{"Length":298,"Height":132,"Demand":1,"DemandMax":null,"Value":9834},{"Length":352,"Height":128,"Demand":1,"DemandMax":null,"Value":9283},{"Length":438,"Height":830,"Demand":1,"DemandMax":null,"Value":90885},{"Length":123,"Height":739,"Demand":1,"DemandMax":null,"Value":17154},{"Length":332,"Height":1104,"Demand":1,"DemandMax":null,"Value":85005},{"Length":498,"Height":732,"Demand":1,"DemandMax":null,"Value":111549},{"Length":268,"Height":328,"Demand":1,"DemandMax":null,"Value":19905},{"Length":794,"Height":108,"Demand":1,"DemandMax":null,"Value":21438},{"Length":248,"Height":644,"Demand":1,"DemandMax":null,"Value":35566},{"Length":532,"Height":394,"Demand":1,"DemandMax":null,"Value":54498},{"Length":162,"Height":384,"Demand":1,"DemandMax":null,"Value":13700},{"Length":478,"Height":216,"Demand":1,"DemandMax":null,"Value":21879},{"Length":210,"Height":266,"Demand":1,"DemandMax":null,"Value":12848},{"Length":326,"Height":148,"Demand":1,"DemandMax":null,"Value":10283},{"Length":926,"Height":296,"Demand":1,"DemandMax":null,"Value":63422},{"Length":1436,"Height":136,"Demand":1,"DemandMax":null,"Value":45829},{"Length":1064,"Height":1206,"Demand":1,"DemandMax":null,"Value":453899},{"Length":726,"Height":602,"Demand":1,"DemandMax":null,"Value":151287},{"Length":322,"Height":356,"Demand":1,"DemandMax":null,"Value":24599},{"Length":146,"Height":230,"Demand":1,"DemandMax":null,"Value":6210},{"Length":644,"Height":114,"Demand":1,"DemandMax":null,"Value":10305},{"Length":574,"Height":778,"Demand":1,"DemandMax":null,"Value":132458},{"Length":254,"Height":392,"Demand":1,"DemandMax":null,"Value":19954},{"Length":458,"Height":626,"Demand":1,"DemandMax":null,"Value":100348},{"Length":626,"Height":196,"Demand":1,"DemandMax":null,"Value":25257},{"Length":28,"Height":80,"Demand":1,"DemandMax":null,"Value":448},{"Length":48,"Height":188,"Demand":1,"DemandMax":null,"Value":1354},{"Length":256,"Height":358,"Demand":1,"DemandMax":null,"Value":19909},{"Length":444,"Height":566,"Demand":1,"DemandMax":null,"Value":60313},{"Length":2588,"Height":254,"Demand":1,"DemandMax":null,"Value":230073},{"Length":256,"Height":4502,"Demand":1,"DemandMax":null,"Value":285825},{"Length":2002,"Height":322,"Demand":1,"DemandMax":null,"Value":196199},{"Length":3028,"Height":1002,"Demand":1,"DemandMax":null,"Value":1146763},{"Length":802,"Height":654,"Demand":1,"DemandMax":null,"Value":179578},{"Length":364,"Height":388,"Demand":1,"DemandMax":null,"Value":32019},{"Length":532,"Height":2490,"Demand":1,"DemandMax":null,"Value":400790},{"Length":534,"Height":2320,"Demand":1,"DemandMax":null,"Value":379835},{"Length":536,"Height":632,"Demand":1,"DemandMax":null,"Value":107547},{"Length":522,"Height":436,"Demand":1,"DemandMax":null,"Value":52029},{"Length":904,"Height":2098,"Demand":1,"DemandMax":null,"Value":650848},{"Length":764,"Height":2224,"Demand":1,"DemandMax":null,"Value":625691},{"Length":832,"Height":392,"Demand":1,"DemandMax":null,"Value":77399},{"Length":2110,"Height":5548,"Demand":1,"DemandMax":null,"Value":4552038},{"Length":698,"Height":232,"Demand":1,"DemandMax":null,"Value":37375},{"Length":456,"Height":322,"Demand":1,"DemandMax":null,"Value":32671},{"Length":1532,"Height":1490,"Demand":1,"DemandMax":null,"Value":809241},{"Length":1532,"Height":1320,"Demand":1,"DemandMax":null,"Value":728198},{"Length":1534,"Height":1632,"Demand":1,"DemandMax":null,"Value":930613},{"Length":1522,"Height":1436,"Demand":1,"DemandMax":null,"Value":790114},{"Length":1904,"Height":1098,"Demand":1,"DemandMax":null,"Value":820584},{"Length":1764,"Height":1224,"Demand":1,"DemandMax":null,"Value":789643},{"Length":1832,"Height":1392,"Demand":1,"DemandMax":null,"Value":973540},{"Length":1110,"Height":1548,"Demand":1,"DemandMax":null,"Value":596512},{"Length":1698,"Height":1232,"Demand":1,"DemandMax":null,"Value":748784},{"Length":1456,"Height":1322,"Demand":1,"DemandMax":null,"Value":696549},{"Length":3532,"Height":1490,"Demand":1,"DemandMax":null,"Value":1979382},{"Length":3532,"Height":1320,"Demand":1,"DemandMax":null,"Value":1813257},{"Length":3536,"Height":1632,"Demand":1,"DemandMax":null,"Value":2275157},{"Length":3522,"Height":1436,"Demand":1,"DemandMax":null,"Value":1917414},{"Length":3904,"Height":1098,"Demand":1,"DemandMax":null,"Value":1683806},{"Length":3764,"Height":1224,"Demand":1,"DemandMax":null,"Value":1767968},{"Length":3832,"Height":1392,"Demand":1,"DemandMax":null,"Value":2048327},{"Length":3110,"Height":1548,"Demand":1,"DemandMax":null,"Value":1847022},{"Length":3698,"Height":1232,"Demand":1,"DemandMax":null,"Value":1743903},{"Length":3456,"Height":1322,"Demand":1,"DemandMax":null,"Value":1790770},{"Length":1532,"Height":2490,"Demand":1,"DemandMax":null,"Value":1409567},{"Length":1532,"Height":2320,"Demand":1,"DemandMax":null,"Value":1314699},{"Length":1532,"Height":2632,"Demand":1,"DemandMax":null,"Value":1480105},{"Length":1522,"Height":2436,"Demand":1,"DemandMax":null,"Value":1378027},{"Length":1904,"Height":2098,"Demand":1,"DemandMax":null,"Value":1540145},{"Length":1764,"Height":2224,"Demand":1,"DemandMax":null,"Value":1489858},{"Length":1832,"Height":2392,"Demand":1,"DemandMax":null,"Value":1734453},{"Length":1110,"Height":2548,"Demand":1,"DemandMax":null,"Value":1028374},{"Length":1698,"Height":2232,"Demand":1,"DemandMax":null,"Value":1455691},{"Length":1456,"Height":2322,"Demand":1,"DemandMax":null,"Value":1269243},{"Length":436,"Height":1490,"Demand":1,"DemandMax":null,"Value":155823},{"Length":232,"Height":1320,"Demand":1,"DemandMax":null,"Value":70435},{"Length":237,"Height":931,"Demand":1,"DemandMax":null,"Value":54989},{"Length":822,"Height":636,"Demand":1,"DemandMax":null,"Value":177003},{"Length":1004,"Height":1094,"Demand":1,"DemandMax":null,"Value":371010},{"Length":2694,"Height":1220,"Demand":1,"DemandMax":null,"Value":1236139},{"Length":632,"Height":894,"Demand":1,"DemandMax":null,"Value":190281},{"Length":1110,"Height":346,"Demand":1,"DemandMax":null,"Value":133645},{"Length":599,"Height":531,"Demand":1,"DemandMax":null,"Value":133618},{"Length":658,"Height":920,"Demand":1,"DemandMax":null,"Value":200870},{"Length":730,"Height":1830,"Demand":1,"DemandMax":null,"Value":491710},{"Length":823,"Height":1739,"Demand":1,"DemandMax":null,"Value":505036},{"Length":932,"Height":1108,"Demand":1,"DemandMax":null,"Value":352788},{"Length":598,"Height":732,"Demand":1,"DemandMax":null,"Value":157978},{"Length":562,"Height":1322,"Demand":1,"DemandMax":null,"Value":224511},{"Length":1794,"Height":1008,"Demand":1,"DemandMax":null,"Value":694217},{"Length":1248,"Height":748,"Demand":1,"DemandMax":null,"Value":334691},{"Length":936,"Height":892,"Demand":1,"DemandMax":null,"Value":270217},{"Length":362,"Height":182,"Demand":1,"DemandMax":null,"Value":11628},{"Length":379,"Height":199,"Demand":1,"DemandMax":null,"Value":12086},{"Length":410,"Height":164,"Demand":1,"DemandMax":null,"Value":13419},{"Length":424,"Height":148,"Demand":1,"DemandMax":null,"Value":12356},{"Length":426,"Height":296,"Demand":1,"DemandMax":null,"Value":27609},{"Length":438,"Height":116,"Demand":1,"DemandMax":null,"Value":12702},{"Length":464,"Height":1006,"Demand":1,"DemandMax":null,"Value":142003},{"Length":520,"Height":206,"Demand":1,"DemandMax":null,"Value":24638},{"Length":521,"Height":349,"Demand":1,"DemandMax":null,"Value":43681},{"Length":541,"Height":529,"Demand":1,"DemandMax":null,"Value":71551},{"Length":548,"Height":1412,"Demand":1,"DemandMax":null,"Value":238526},{"Length":548,"Height":1882,"Demand":1,"DemandMax":null,"Value":331957},{"Length":552,"Height":496,"Demand":1,"DemandMax":null,"Value":76662},{"Length":554,"Height":754,"Demand":1,"DemandMax":null,"Value":126529},{"Length":557,"Height":495,"Demand":1,"DemandMax":null,"Value":76664},{"Length":558,"Height":654,"Demand":1,"DemandMax":null,"Value":111101},{"Length":570,"Height":478,"Demand":1,"DemandMax":null,"Value":65252},{"Length":572,"Height":592,"Demand":1,"DemandMax":null,"Value":85625},{"Length":574,"Height":978,"Demand":1,"DemandMax":null,"Value":181388},{"Length":576,"Height":1176,"Demand":1,"DemandMax":null,"Value":207974},{"Length":578,"Height":1574,"Demand":1,"DemandMax":null,"Value":287112},{"Length":580,"Height":1390,"Demand":1,"DemandMax":null,"Value":246438},{"Length":590,"Height":1490,"Demand":1,"DemandMax":null,"Value":273717},{"Length":600,"Height":1590,"Demand":1,"DemandMax":null,"Value":400858},{"Length":620,"Height":1690,"Demand":1,"DemandMax":null,"Value":410717},{"Length":662,"Height":1034,"Demand":1,"DemandMax":null,"Value":224193},{"Length":724,"Height":1724,"Demand":1,"DemandMax":null,"Value":460598},{"Length":1526,"Height":1446,"Demand":1,"DemandMax":null,"Value":790586},{"Length":1858,"Height":2648,"Demand":1,"DemandMax":null,"Value":2028541},{"Length":1728,"Height":464,"Demand":1,"DemandMax":null,"Value":249107},{"Length":928,"Height":1674,"Demand":1,"DemandMax":null,"Value":542178},{"Length":2028,"Height":932,"Demand":1,"DemandMax":null,"Value":659519},{"Length":1022,"Height":1638,"Demand":1,"DemandMax":null,"Value":566890},{"Length":752,"Height":746,"Demand":1,"DemandMax":null,"Value":187401},{"Length":928,"Height":914,"Demand":1,"DemandMax":null,"Value":272364},{"Length":2006,"Height":566,"Demand":1,"DemandMax":null,"Value":426557},{"Length":1024,"Height":1892,"Demand":1,"DemandMax":null,"Value":654857},{"Length":1376,"Height":1932,"Demand":1,"DemandMax":null,"Value":1014115},{"Length":724,"Height":1750,"Demand":1,"DemandMax":null,"Value":460599},{"Length":2098,"Height":946,"Demand":1,"DemandMax":null,"Value":686343},{"Length":1238,"Height":1204,"Demand":1,"DemandMax":null,"Value":580541},{"Length":1026,"Height":764,"Demand":1,"DemandMax":null,"Value":256859},{"Length":1736,"Height":932,"Demand":1,"DemandMax":null,"Value":577771},{"Length":996,"Height":2532,"Demand":1,"DemandMax":null,"Value":859478},{"Length":1967,"Height":2421,"Demand":1,"DemandMax":null,"Value":1832164},{"Length":2828,"Height":1942,"Demand":1,"DemandMax":null,"Value":2089957},{"Length":1534,"Height":1788,"Demand":1,"DemandMax":null,"Value":1003147},{"Length":432,"Height":738,"Demand":1,"DemandMax":null,"Value":75741},{"Length":733,"Height":821,"Demand":1,"DemandMax":null,"Value":197093},{"Length":637,"Height":931,"Demand":1,"DemandMax":null,"Value":197995},{"Length":824,"Height":596,"Demand":1,"DemandMax":null,"Value":162022},{"Length":1005,"Height":567,"Demand":1,"DemandMax":null,"Value":185631},{"Length":466,"Height":792,"Demand":1,"DemandMax":null,"Value":115561},{"Length":932,"Height":648,"Demand":1,"DemandMax":null,"Value":202397},{"Length":2110,"Height":932,"Demand":1,"DemandMax":null,"Value":686813},{"Length":600,"Height":560,"Demand":1,"DemandMax":null,"Value":133620},{"Length":658,"Height":726,"Demand":1,"DemandMax":null,"Value":166055},{"Length":924,"Height":3722,"Demand":1,"DemandMax":null,"Value":1228152},{"Length":1490,"Height":1830,"Demand":1,"DemandMax":null,"Value":1008797},{"Length":1321,"Height":1739,"Demand":1,"DemandMax":null,"Value":881117},{"Length":933,"Height":2099,"Demand":1,"DemandMax":null,"Value":670277},{"Length":639,"Height":731,"Demand":1,"DemandMax":null,"Value":162711},{"Length":1095,"Height":1321,"Demand":1,"DemandMax":null,"Value":514445},{"Length":1222,"Height":2402,"Demand":1,"DemandMax":null,"Value":1148981},{"Length":895,"Height":745,"Demand":1,"DemandMax":null,"Value":214348},{"Length":544,"Height":894,"Demand":1,"DemandMax":null,"Value":144193},{"Length":532,"Height":2132,"Demand":1,"DemandMax":null,"Value":353401},{"Length":453,"Height":641,"Demand":1,"DemandMax":null,"Value":67919},{"Length":724,"Height":1264,"Demand":1,"DemandMax":null,"Value":324202},{"Length":928,"Height":678,"Demand":1,"DemandMax":null,"Value":206050},{"Length":828,"Height":632,"Demand":1,"DemandMax":null,"Value":172768},{"Length":725,"Height":937,"Demand":1,"DemandMax":null,"Value":215327},{"Length":754,"Height":444,"Demand":1,"DemandMax":null,"Value":76330},{"Length":928,"Height":316,"Demand":1,"DemandMax":null,"Value":93236},{"Length":2008,"Height":892,"Demand":1,"DemandMax":null,"Value":649753},{"Length":577,"Height":1931,"Demand":1,"DemandMax":null,"Value":362628},{"Length":727,"Height":1749,"Demand":1,"DemandMax":null,"Value":476080},{"Length":1974,"Height":946,"Demand":1,"DemandMax":null,"Value":648595},{"Length":1239,"Height":1205,"Demand":1,"DemandMax":null,"Value":580543},{"Length":1228,"Height":762,"Demand":1,"DemandMax":null,"Value":336842},{"Length":1732,"Height":932,"Demand":1,"DemandMax":null,"Value":577769},{"Length":993,"Height":2531,"Demand":1,"DemandMax":null,"Value":856069},{"Length":562,"Height":2420,"Demand":1,"DemandMax":null,"Value":412753},{"Length":724,"Height":1944,"Demand":1,"DemandMax":null,"Value":497181},{"Length":1538,"Height":788,"Demand":1,"DemandMax":null,"Value":418467},{"Length":649,"Height":1231,"Demand":1,"DemandMax":null,"Value":295484},{"Length":1026,"Height":892,"Demand":1,"DemandMax":null,"Value":290332},{"Length":2366,"Height":248,"Demand":1,"DemandMax":null,"Value":145547},{"Length":542,"Height":128,"Demand":1,"DemandMax":null,"Value":16325},{"Length":237,"Height":541,"Demand":1,"DemandMax":null,"Value":31979},{"Length":128,"Height":1266,"Demand":1,"DemandMax":null,"Value":39687},{"Length":1026,"Height":2786,"Demand":1,"DemandMax":null,"Value":981607},{"Length":9096,"Height":8726,"Demand":1,"DemandMax":null,"Value":32985767},{"Length":5469,"Height":3523,"Demand":1,"DemandMax":null,"Value":7890292},{"Length":1266,"Height":4526,"Demand":1,"DemandMax":null,"Value":2266969},{"Length":2354,"Height":1296,"Demand":1,"DemandMax":null,"Value":1127715},{"Length":2694,"Height":2548,"Demand":1,"DemandMax":null,"Value":2642084},{"Length":2544,"Height":5004,"Demand":1,"DemandMax":null,"Value":5113889},{"Length":587,"Height":893,"Demand":1,"DemandMax":null,"Value":172883},{"Length":568,"Height":898,"Demand":1,"DemandMax":null,"Value":172427},{"Length":565,"Height":1021,"Demand":1,"DemandMax":null,"Value":168755},{"Length":1254,"Height":2016,"Demand":1,"DemandMax":null,"Value":980511},{"Length":2016,"Height":1254,"Demand":1,"DemandMax":null,"Value":941527},{"Length":1258,"Height":1298,"Demand":1,"DemandMax":null,"Value":618780},{"Length":2350,"Height":2364,"Demand":1,"DemandMax":null,"Value":2111834},{"Length":2504,"Height":2504,"Demand":1,"DemandMax":null,"Value":2477805},{"Length":1297,"Height":2365,"Demand":1,"DemandMax":null,"Value":1183265},{"Length":299,"Height":131,"Demand":1,"DemandMax":null,"Value":9835},{"Length":358,"Height":124,"Demand":1,"DemandMax":null,"Value":9281},{"Length":439,"Height":829,"Demand":1,"DemandMax":null,"Value":90886},{"Length":122,"Height":740,"Demand":1,"DemandMax":null,"Value":17153},{"Length":332,"Height":1108,"Demand":1,"DemandMax":null,"Value":85548},{"Length":499,"Height":731,"Demand":1,"DemandMax":null,"Value":111549},{"Length":266,"Height":326,"Demand":1,"DemandMax":null,"Value":16967},{"Length":796,"Height":106,"Demand":1,"DemandMax":null,"Value":18563},{"Length":248,"Height":646,"Demand":1,"DemandMax":null,"Value":35567},{"Length":536,"Height":396,"Demand":1,"DemandMax":null,"Value":54499},{"Length":1666,"Height":1388,"Demand":1,"DemandMax":null,"Value":864360},{"Length":478,"Height":218,"Demand":1,"DemandMax":null,"Value":21883},{"Length":210,"Height":268,"Demand":1,"DemandMax":null,"Value":12849},{"Length":2322,"Height":148,"Demand":1,"DemandMax":null,"Value":74887},{"Length":2924,"Height":296,"Demand":1,"DemandMax":null,"Value":251109},{"Length":1438,"Height":136,"Demand":1,"DemandMax":null,"Value":45830},{"Length":1065,"Height":1205,"Demand":1,"DemandMax":null,"Value":453899},{"Length":1728,"Height":602,"Demand":1,"DemandMax":null,"Value":346374},{"Length":322,"Height":2358,"Demand":1,"DemandMax":null,"Value":179756},{"Length":148,"Height":230,"Demand":1,"DemandMax":null,"Value":6211},{"Length":648,"Height":2116,"Demand":1,"DemandMax":null,"Value":546129},{"Length":1578,"Height":1776,"Demand":1,"DemandMax":null,"Value":1007445},{"Length":1254,"Height":394,"Demand":1,"DemandMax":null,"Value":145554},{"Length":1458,"Height":626,"Demand":1,"DemandMax":null,"Value":325739},{"Length":624,"Height":196,"Demand":1,"DemandMax":null,"Value":25247}]}