{"Name":"CWL36","Objects":[{"Length":3000,"Height":1500,"Stock":null,"Cost":4500000}],"Items":[{"Length":388,"Height":680,"Demand":1,"DemandMax":null,"Value":263840},{"Length":375,"Height":456,"Demand":1,"DemandMax":null,"Value":171000},{"Length":326,"Height":432,"Demand":1,"DemandMax":null,"Value":140832},{"Length":629,"Height":354,"Demand":1,"DemandMax":null,"Value":222666},{"Length":327,"Height":507,"Demand":1,"DemandMax":null,"Value":165789},{"Length":433,"Height":628,"Demand":1,"DemandMax":null,"Value":271924},{"Length":202,"Height":275,"Demand":1,"DemandMax":null,"Value":55550},{"Length":329,"Height":324,"Demand":1,"DemandMax":null,"Value":106596},{"Length":299,"Height":391,"Demand":1,"DemandMax":null,"Value":116909},{"Length":643,"Height":237,"Demand":1,"DemandMax":null,"Value":152391},{"Length":697,"Height":239,"Demand":1,"DemandMax":null,"Value":166583},{"Length":468,"Height":333,"Demand":1,"DemandMax":null,"Value":155844},{"Length":516,"Height":335,"Demand":1,"DemandMax":null,"Value":172860},{"Length":555,"Height":457,"Demand":1,"DemandMax":null,"Value":253635},{"Length":353,"Height":510,"Demand":1,"DemandMax":null,"Value":180030},{"Length":591,"Height":454,"Demand":1,"DemandMax":null,"Value":268314},{"Length":586,"Height":489,"Demand":1,"DemandMax":null,"Value":286554},{"Length":393,"Height":495,"Demand":1,"DemandMax":null,"Value":194535},{"Length":597,"Height":256,"Demand":1,"DemandMax":null,"Value":152832},{"Length":361,"Height":562,"Demand":1,"DemandMax":null,"Value":202882},{"Length":443,"Height":331,"Demand":1,"DemandMax":null,"Value":146633},{"Length":334,"Height":349,"Demand":1,"DemandMax":null,"Value":116566},{"Length":229,"Height":417,"Demand":1,"DemandMax":null,"Value":95493},{"Length":647,"Height":291,"Demand":1,"DemandMax":null,"Value":188277},{"Length":404,"Height":359,"Demand":1,"DemandMax":null,"Value":145036},{"Length":384,"Height":568,"Demand":1,"DemandMax":null,"Value":218112},{"Length":588,"Height":490,"Demand":1,"DemandMax":null,"Value":288120},{"Length":604,"Height":474,"Demand":1,"DemandMax":null,"Value":286296},{"Length":255,"Height":350,"Demand":1,"DemandMax":null,"Value":89250},{"Length":205,"Height":266,"Demand":1,"DemandMax":null,"Value":54530}]}