{"Name":"CWL40","Objects":[{"Length":3000,"Height":1500,"Stock":null,"Cost":4500000}],"Items":[{"Length":270,"Height":481,"Demand":1,"DemandMax":null,"Value":129870},{"Length":529,"Height":550,"Demand":1,"DemandMax":null,"Value":290950},{"Length":385,"Height":499,"Demand":1,"DemandMax":null,"Value":192115},{"Length":628,"Height":610,"Demand":1,"DemandMax":null,"Value":383080},{"Length":585,"Height":379,"Demand":1,"DemandMax":null,"Value":221715},{"Length":558,"Height":573,"Demand":1,"DemandMax":null,"Value":319734},{"Length":644,"Height":301,"Demand":1,"DemandMax":null,"Value":193844},{"Length":512,"Height":495,"Demand":1,"DemandMax":null,"Value":253440},{"Length":341,"Height":599,"Demand":1,"DemandMax":null,"Value":204259},{"Length":366,"Height":525,"Demand":1,"DemandMax":null,"Value":192150},{"Length":587,"Height":406,"Demand":1,"DemandMax":null,"Value":238322},{"Length":303,"Height":424,"Demand":1,"DemandMax":null,"Value":128472},{"Length":467,"Height":231,"Demand":1,"DemandMax":null,"Value":107877},{"Length":437,"Height":431,"Demand":1,"DemandMax":null,"Value":188347},{"Length":694,"Height":586,"Demand":1,"DemandMax":null,"Value":406684},{"Length":502,"Height":255,"Demand":1,"DemandMax":null,"Value":128010},{"Length":368,"Height":407,"Demand":1,"DemandMax":null,"Value":149776},{"Length":571,"Height":544,"Demand":1,"DemandMax":null,"Value":310624},{"Length":288,"Height":399,"Demand":1,"DemandMax":null,"Value":114912},{"Length":229,"Height":635,"Demand":1,"DemandMax":null,"Value":145415},{"Length":669,"Height":496,"Demand":1,"DemandMax":null,"Value":331824},{"Length":698,"Height":563,"Demand":1,"DemandMax":null,"Value":392974},{"Length":395,"Height":583,"Demand":1,"DemandMax":null,"Value":230285},{"Length":203,"Height":594,"Demand":1,"DemandMax":null,"Value":120582},{"Length":567,"Height":399,"Demand":1,"DemandMax":null,"Value":226233},{"Length":404,"Height":561,"Demand":1,"DemandMax":null,"Value":226644},{"Length":488,"Height":327,"Demand":1,"DemandMax":null,"Value":159576},{"Length":575,"Height":576,"Demand":1,"DemandMax":null,"Value":331200},{"Length":664,"Height":513,"Demand":1,"DemandMax":null,"Value":340632},{"Length":481,"Height":408,"Demand":1,"DemandMax":null,"Value":196248}]}