{"Name":"CWL7","Objects":[{"Length":3000,"Height":1500,"Stock":null,"Cost":4500000}],"Items":[{"Length":203,"Height":628,"Demand":1,"DemandMax":null,"Value":127484},{"Length":260,"Height":689,"Demand":1,"DemandMax":null,"Value":179140},{"Length":560,"Height":467,"Demand":1,"DemandMax":null,"Value":261520},{"Length":628,"Height":656,"Demand":1,"DemandMax":null,"Value":411968},{"Length":648,"Height":550,"Demand":1,"DemandMax":null,"Value":356400},{"Length":277,"Height":639,"Demand":1,"DemandMax":null,"Value":177003},{"Length":477,"Height":352,"Demand":1,"DemandMax":null,"Value":167904},{"Length":394,"Height":662,"Demand":1,"DemandMax":null,"Value":260828},{"Length":512,"Height":473,"Demand":1,"DemandMax":null,"Value":242176},{"Length":540,"Height":293,"Demand":1,"DemandMax":null,"Value":158220},{"Length":598,"Height":390,"Demand":1,"DemandMax":null,"Value":233220},{"Length":364,"Height":238,"Demand":1,"DemandMax":null,"Value":86632},{"Length":401,"Height":613,"Demand":1,"DemandMax":null,"Value":245813},{"Length":586,"Height":470,"Demand":1,"DemandMax":null,"Value":275420},{"Length":509,"Height":482,"Demand":1,"DemandMax":null,"Value":245338},{"Length":446,"Height":357,"Demand":1,"DemandMax":null,"Value":159222},{"Length":340,"Height":266,"Demand":1,"DemandMax":null,"Value":90440},{"Length":330,"Height":371,"Demand":1,"DemandMax":null,"Value":122430},{"Length":225,"Height":496,"Demand":1,"DemandMax":null,"Value":111600},{"Length":558,"Height":252,"Demand":1,"DemandMax":null,"Value":140616},{"Length":428,"Height":478,"Demand":1,"DemandMax":null,"Value":204584},{"Length":685,"Height":395,"Demand":1,"DemandMax":null,"Value":270575},{"Length":642,"Height":383,"Demand":1,"DemandMax":null,"Value":245886},{"Length":344,"Height":384,"Demand":1,"DemandMax":null,"Value":132096},{"Length":488,"Height":685,"Demand":1,"DemandMax":null,"Value":334280},{"Length":651,"Height":524,"Demand":1,"DemandMax":null,"Value":341124},{"Length":596,"Height":584,"Demand":1,"DemandMax":null,"Value":348064},{"Length":552,"Height":525,"Demand":1,"DemandMax":null,"Value":289800},{"Length":262,"Height":536,"Demand":1,"DemandMax":null,"Value":140432},{"Length":308,"Height":662,"Demand":1,"DemandMax":null,"Value":203896}]}