{"Name":"CWL46","Objects":[{"Length":3000,"Height":1500,"Stock":null,"Cost":4500000}],"Items":[{"Length":524,"Height":423,"Demand":1,"DemandMax":null,"Value":221652},{"Length":651,"Height":384,"Demand":1,"DemandMax":null,"Value":249984},{"Length":205,"Height":261,"Demand":1,"DemandMax":null,"Value":53505},{"Length":592,"Height":301,"Demand":1,"DemandMax":null,"Value":178192},{"Length":490,"Height":564,"Demand":1,"DemandMax":null,"Value":276360},{"Length":256,"Height":682,"Demand":1,"DemandMax":null,"Value":174592},{"Length":417,"Height":677,"Demand":1,"DemandMax":null,"Value":282309},{"Length":272,"Height":673,"Demand":1,"DemandMax":null,"Value":183056},{"Length":291,"Height":418,"Demand":1,"DemandMax":null,"Value":121638},{"Length":456,"Height":207,"Demand":1,"DemandMax":null,"Value":94392},{"Length":615,"Height":341,"Demand":1,"DemandMax":null,"Value":209715},{"Length":460,"Height":470,"Demand":1,"DemandMax":null,"Value":216200},{"Length":372,"Height":632,"Demand":1,"DemandMax":null,"Value":235104},{"Length":291,"Height":331,"Demand":1,"DemandMax":null,"Value":96321},{"Length":314,"Height":435,"Demand":1,"DemandMax":null,"Value":136590},{"Length":434,"Height":507,"Demand":1,"DemandMax":null,"Value":220038},{"Length":680,"Height":431,"Demand":1,"DemandMax":null,"Value":293080},{"Length":339,"Height":607,"Demand":1,"DemandMax":null,"Value":205773},{"Length":270,"Height":363,"Demand":1,"DemandMax":null,"Value":98010},{"Length":210,"Height":617,"Demand":1,"DemandMax":null,"Value":129570},{"Length":572,"Height":421,"Demand":1,"DemandMax":null,"Value":240812},{"Length":563,"Height":669,"Demand":1,"DemandMax":null,"Value":376647},{"Length":250,"Height":625,"Demand":1,"DemandMax":null,"Value":156250},{"Length":285,"Height":360,"Demand":1,"DemandMax":null,"Value":102600},{"Length":398,"Height":504,"Demand":1,"DemandMax":null,"Value":200592},{"Length":620,"Height":299,"Demand":1,"DemandMax":null,"Value":185380},{"Length":398,"Height":666,"Demand":1,"DemandMax":null,"Value":265068},{"Length":614,"Height":267,"Demand":1,"DemandMax":null,"Value":163938},{"Length":399,"Height":228,"Demand":1,"DemandMax":null,"Value":90972},{"Length":234,"Height":679,"Demand":1,"DemandMax":null,"Value":158886}]}