{"Name":"CWL42","Objects":[{"Length":3000,"Height":1500,"Stock":null,"Cost":4500000}],"Items":[{"Length":244,"Height":631,"Demand":1,"DemandMax":null,"Value":153964},{"Length":565,"Height":319,"Demand":1,"DemandMax":null,"Value":180235},{"Length":605,"Height":597,"Demand":1,"DemandMax":null,"Value":361185},{"Length":375,"Height":392,"Demand":1,"DemandMax":null,"Value":147000},{"Length":438,"Height":389,"Demand":1,"DemandMax":null,"Value":170382},{"Length":257,"Height":213,"Demand":1,"DemandMax":null,"Value":54741},{"Length":645,"Height":677,"Demand":1,"DemandMax":null,"Value":436665},{"Length":600,"Height":588,"Demand":1,"DemandMax":null,"Value":352800},{"Length":681,"Height":362,"Demand":1,"DemandMax":null,"Value":246522},{"Length":439,"Height":516,"Demand":1,"DemandMax":null,"Value":226524},{"Length":383,"Height":372,"Demand":1,"DemandMax":null,"Value":142476},{"Length":480,"Height":349,"Demand":1,"DemandMax":null,"Value":167520},{"Length":405,"Height":538,"Demand":1,"DemandMax":null,"Value":217890},{"Length":222,"Height":596,"Demand":1,"DemandMax":null,"Value":132312},{"Length":516,"Height":358,"Demand":1,"DemandMax":null,"Value":184728},{"Length":601,"Height":584,"Demand":1,"DemandMax":null,"Value":350984},{"Length":581,"Height":656,"Demand":1,"DemandMax":null,"Value":381136},{"Length":277,"Height":591,"Demand":1,"DemandMax":null,"Value":163707},{"Length":524,"Height":388,"Demand":1,"DemandMax":null,"Value":203312},{"Length":286,"Height":273,"Demand":1,"DemandMax":null,"Value":78078},{"Length":209,"Height":284,"Demand":1,"DemandMax":null,"Value":59356},{"Length":427,"Height":505,"Demand":1,"DemandMax":null,"Value":215635},{"Length":227,"Height":571,"Demand":1,"DemandMax":null,"Value":129617},{"Length":472,"Height":467,"Demand":1,"DemandMax":null,"Value":220424},{"Length":522,"Height":405,"Demand":1,"DemandMax":null,"Value":211410},{"Length":595,"Height":260,"Demand":1,"DemandMax":null,"Value":154700},{"Length":228,"Height":293,"Demand":1,"DemandMax":null,"Value":66804},{"Length":462,"Height":320,"Demand":1,"DemandMax":null,"Value":147840},{"Length":534,"Height":351,"Demand":1,"DemandMax":null,"Value":187434},{"Length":227,"Height":200,"Demand":1,"DemandMax":null,"Value":45400}]}