{"Name":"CWL37","Objects":[{"Length":3000,"Height":1500,"Stock":null,"Cost":4500000}],"Items":[{"Length":395,"Height":541,"Demand":1,"DemandMax":null,"Value":213695},{"Length":692,"Height":430,"Demand":1,"DemandMax":null,"Value":297560},{"Length":485,"Height":533,"Demand":1,"DemandMax":null,"Value":258505},{"Length":454,"Height":422,"Demand":1,"DemandMax":null,"Value":191588},{"Length":551,"Height":373,"Demand":1,"DemandMax":null,"Value":205523},{"Length":355,"Height":274,"Demand":1,"DemandMax":null,"Value":97270},{"Length":584,"Height":249,"Demand":1,"DemandMax":null,"Value":145416},{"Length":464,"Height":223,"Demand":1,"DemandMax":null,"Value":103472},{"Length":399,"Height":565,"Demand":1,"DemandMax":null,"Value":225435},{"Length":289,"Height":610,"Demand":1,"DemandMax":null,"Value":176290},{"Length":528,"Height":415,"Demand":1,"DemandMax":null,"Value":219120},{"Length":350,"Height":462,"Demand":1,"DemandMax":null,"Value":161700},{"Length":217,"Height":329,"Demand":1,"DemandMax":null,"Value":71393},{"Length":531,"Height":267,"Demand":1,"DemandMax":null,"Value":141777},{"Length":345,"Height":395,"Demand":1,"DemandMax":null,"Value":136275},{"Length":368,"Height":267,"Demand":1,"DemandMax":null,"Value":98256},{"Length":460,"Height":399,"Demand":1,"DemandMax":null,"Value":183540},{"Length":295,"Height":456,"Demand":1,"DemandMax":null,"Value":134520},{"Length":409,"Height":573,"Demand":1,"DemandMax":null,"Value":234357},{"Length":601,"Height":665,"Demand":1,"DemandMax":null,"Value":399665},{"Length":514,"Height":387,"Demand":1,"DemandMax":null,"Value":198918},{"Length":273,"Height":502,"Demand":1,"DemandMax":null,"Value":137046},{"Length":346,"Height":240,"Demand":1,"DemandMax":null,"Value":83040},{"Length":304,"Height":257,"Demand":1,"DemandMax":null,"Value":78128},{"Length":474,"Height":330,"Demand":1,"DemandMax":null,"Value":156420},{"Length":357,"Height":523,"Demand":1,"DemandMax":null,"Value":186711},{"Length":695,"Height":594,"Demand":1,"DemandMax":null,"Value":412830},{"Length":478,"Height":514,"Demand":1,"DemandMax":null,"Value":245692},{"Length":225,"Height":364,"Demand":1,"DemandMax":null,"Value":81900},{"Length":468,"Height":224,"Demand":1,"DemandMax":null,"Value":104832}]}