{"Name":"CWL32","Objects":[{"Length":3000,"Height":1500,"Stock":null,"Cost":4500000}],"Items":[{"Length":269,"Height":668,"Demand":1,"DemandMax":null,"Value":179692},{"Length":424,"Height":314,"Demand":1,"DemandMax":null,"Value":133136},{"Length":494,"Height":626,"Demand":1,"DemandMax":null,"Value":309244},{"Length":497,"Height":280,"Demand":1,"DemandMax":null,"Value":139160},{"Length":635,"Height":258,"Demand":1,"DemandMax":null,"Value":163830},{"Length":672,"Height":615,"Demand":1,"DemandMax":null,"Value":413280},{"Length":293,"Height":596,"Demand":1,"DemandMax":null,"Value":174628},{"Length":236,"Height":475,"Demand":1,"DemandMax":null,"Value":112100},{"Length":223,"Height":675,"Demand":1,"DemandMax":null,"Value":150525},{"Length":356,"Height":405,"Demand":1,"DemandMax":null,"Value":144180},{"Length":301,"Height":462,"Demand":1,"DemandMax":null,"Value":139062},{"Length":313,"Height":608,"Demand":1,"DemandMax":null,"Value":190304},{"Length":361,"Height":294,"Demand":1,"DemandMax":null,"Value":106134},{"Length":344,"Height":372,"Demand":1,"DemandMax":null,"Value":127968},{"Length":614,"Height":461,"Demand":1,"DemandMax":null,"Value":283054},{"Length":586,"Height":291,"Demand":1,"DemandMax":null,"Value":170526},{"Length":275,"Height":557,"Demand":1,"DemandMax":null,"Value":153175},{"Length":297,"Height":599,"Demand":1,"DemandMax":null,"Value":177903},{"Length":488,"Height":366,"Demand":1,"DemandMax":null,"Value":178608},{"Length":330,"Height":407,"Demand":1,"DemandMax":null,"Value":134310},{"Length":264,"Height":461,"Demand":1,"DemandMax":null,"Value":121704},{"Length":205,"Height":419,"Demand":1,"DemandMax":null,"Value":85895},{"Length":530,"Height":460,"Demand":1,"DemandMax":null,"Value":243800},{"Length":225,"Height":497,"Demand":1,"DemandMax":null,"Value":111825},{"Length":534,"Height":445,"Demand":1,"DemandMax":null,"Value":237630},{"Length":452,"Height":561,"Demand":1,"DemandMax":null,"Value":253572},{"Length":338,"Height":677,"Demand":1,"DemandMax":null,"Value":228826},{"Length":502,"Height":664,"Demand":1,"DemandMax":null,"Value":333328},{"Length":587,"Height":265,"Demand":1,"DemandMax":null,"Value":155555},{"Length":211,"Height":332,"Demand":1,"DemandMax":null,"Value":70052}]}