{"Name":"CWL30","Objects":[{"Length":3000,"Height":1500,"Stock":null,"Cost":4500000}],"Items":[{"Length":560,"Height":391,"Demand":1,"DemandMax":null,"Value":218960},{"Length":289,"Height":561,"Demand":1,"DemandMax":null,"Value":162129},{"Length":375,"Height":648,"Demand":1,"DemandMax":null,"Value":243000},{"Length":362,"Height":387,"Demand":1,"DemandMax":null,"Value":140094},{"Length":217,"Height":531,"Demand":1,"DemandMax":null,"Value":115227},{"Length":312,"Height":672,"Demand":1,"DemandMax":null,"Value":209664},{"Length":487,"Height":328,"Demand":1,"DemandMax":null,"Value":159736},{"Length":519,"Height":488,"Demand":1,"DemandMax":null,"Value":253272},{"Length":683,"Height":266,"Demand":1,"DemandMax":null,"Value":181678},{"Length":354,"Height":478,"Demand":1,"DemandMax":null,"Value":169212},{"Length":268,"Height":494,"Demand":1,"DemandMax":null,"Value":132392},{"Length":245,"Height":372,"Demand":1,"DemandMax":null,"Value":91140},{"Length":413,"Height":569,"Demand":1,"DemandMax":null,"Value":234997},{"Length":582,"Height":412,"Demand":1,"DemandMax":null,"Value":239784},{"Length":395,"Height":549,"Demand":1,"DemandMax":null,"Value":216855},{"Length":242,"Height":470,"Demand":1,"DemandMax":null,"Value":113740},{"Length":361,"Height":475,"Demand":1,"DemandMax":null,"Value":171475},{"Length":207,"Height":629,"Demand":1,"DemandMax":null,"Value":130203},{"Length":252,"Height":503,"Demand":1,"DemandMax":null,"Value":126756},{"Length":543,"Height":585,"Demand":1,"DemandMax":null,"Value":317655},{"Length":615,"Height":330,"Demand":1,"DemandMax":null,"Value":202950},{"Length":656,"Height":568,"Demand":1,"DemandMax":null,"Value":372608},{"Length":246,"Height":344,"Demand":1,"DemandMax":null,"Value":84624},{"Length":638,"Height":585,"Demand":1,"DemandMax":null,"Value":373230},{"Length":331,"Height":281,"Demand":1,"DemandMax":null,"Value":93011},{"Length":326,"Height":307,"Demand":1,"DemandMax":null,"Value":100082},{"Length":330,"Height":535,"Demand":1,"DemandMax":null,"Value":176550},{"Length":455,"Height":235,"Demand":1,"DemandMax":null,"Value":106925},{"Length":606,"Height":321,"Demand":1,"DemandMax":null,"Value":194526},{"Length":529,"Height":233,"Demand":1,"DemandMax":null,"Value":123257}]}