{"Name":"CWL17","Objects":[{"Length":3000,"Height":1500,"Stock":null,"Cost":4500000}],"Items":[{"Length":301,"Height":425,"Demand":1,"DemandMax":null,"Value":127925},{"Length":509,"Height":652,"Demand":1,"DemandMax":null,"Value":331868},{"Length":685,"Height":239,"Demand":1,"DemandMax":null,"Value":163715},{"Length":621,"Height":681,"Demand":1,"DemandMax":null,"Value":422901},{"Length":582,"Height":481,"Demand":1,"DemandMax":null,"Value":279942},{"Length":650,"Height":241,"Demand":1,"DemandMax":null,"Value":156650},{"Length":568,"Height":634,"Demand":1,"DemandMax":null,"Value":360112},{"Length":276,"Height":229,"Demand":1,"DemandMax":null,"Value":63204},{"Length":535,"Height":479,"Demand":1,"DemandMax":null,"Value":256265},{"Length":552,"Height":294,"Demand":1,"DemandMax":null,"Value":162288},{"Length":546,"Height":397,"Demand":1,"DemandMax":null,"Value":216762},{"Length":410,"Height":475,"Demand":1,"DemandMax":null,"Value":194750},{"Length":587,"Height":248,"Demand":1,"DemandMax":null,"Value":145576},{"Length":560,"Height":648,"Demand":1,"DemandMax":null,"Value":362880},{"Length":442,"Height":305,"Demand":1,"DemandMax":null,"Value":134810},{"Length":216,"Height":459,"Demand":1,"DemandMax":null,"Value":99144},{"Length":424,"Height":285,"Demand":1,"DemandMax":null,"Value":120840},{"Length":582,"Height":699,"Demand":1,"DemandMax":null,"Value":406818},{"Length":401,"Height":267,"Demand":1,"DemandMax":null,"Value":107067},{"Length":410,"Height":436,"Demand":1,"DemandMax":null,"Value":178760},{"Length":694,"Height":659,"Demand":1,"DemandMax":null,"Value":457346},{"Length":523,"Height":503,"Demand":1,"DemandMax":null,"Value":263069},{"Length":391,"Height":566,"Demand":1,"DemandMax":null,"Value":221306},{"Length":287,"Height":435,"Demand":1,"DemandMax":null,"Value":124845},{"Length":659,"Height":376,"Demand":1,"DemandMax":null,"Value":247784},{"Length":417,"Height":499,"Demand":1,"DemandMax":null,"Value":208083},{"Length":619,"Height":271,"Demand":1,"DemandMax":null,"Value":167749},{"Length":546,"Height":359,"Demand":1,"DemandMax":null,"Value":196014},{"Length":528,"Height":659,"Demand":1,"DemandMax":null,"Value":347952},{"Length":465,"Height":477,"Demand":1,"DemandMax":null,"Value":221805}]}