{"Name":"CWL14","Objects":[{"Length":3000,"Height":1500,"Stock":null,"Cost":4500000}],"Items":[{"Length":326,"Height":648,"Demand":1,"DemandMax":null,"Value":211248},{"Length":272,"Height":652,"Demand":1,"DemandMax":null,"Value":177344},{"Length":405,"Height":447,"Demand":1,"DemandMax":null,"Value":181035},{"Length":378,"Height":281,"Demand":1,"DemandMax":null,"Value":106218},{"Length":231,"Height":457,"Demand":1,"DemandMax":null,"Value":105567},{"Length":432,"Height":643,"Demand":1,"DemandMax":null,"Value":277776},{"Length":580,"Height":454,"Demand":1,"DemandMax":null,"Value":263320},{"Length":539,"Height":623,"Demand":1,"DemandMax":null,"Value":335797},{"Length":234,"Height":427,"Demand":1,"DemandMax":null,"Value":99918},{"Length":342,"Height":502,"Demand":1,"DemandMax":null,"Value":171684},{"Length":448,"Height":322,"Demand":1,"DemandMax":null,"Value":144256},{"Length":557,"Height":445,"Demand":1,"DemandMax":null,"Value":247865},{"Length":555,"Height":403,"Demand":1,"DemandMax":null,"Value":223665},{"Length":529,"Height":571,"Demand":1,"DemandMax":null,"Value":302059},{"Length":633,"Height":633,"Demand":1,"DemandMax":null,"Value":400689},{"Length":202,"Height":424,"Demand":1,"DemandMax":null,"Value":85648},{"Length":220,"Height":345,"Demand":1,"DemandMax":null,"Value":75900},{"Length":640,"Height":265,"Demand":1,"DemandMax":null,"Value":169600},{"Length":246,"Height":519,"Demand":1,"DemandMax":null,"Value":127674},{"Length":231,"Height":275,"Demand":1,"DemandMax":null,"Value":63525},{"Length":429,"Height":518,"Demand":1,"DemandMax":null,"Value":222222},{"Length":427,"Height":300,"Demand":1,"DemandMax":null,"Value":128100},{"Length":241,"Height":544,"Demand":1,"DemandMax":null,"Value":131104},{"Length":397,"Height":423,"Demand":1,"DemandMax":null,"Value":167931},{"Length":333,"Height":551,"Demand":1,"DemandMax":null,"Value":183483},{"Length":455,"Height":339,"Demand":1,"DemandMax":null,"Value":154245},{"Length":605,"Height":329,"Demand":1,"DemandMax":null,"Value":199045},{"Length":434,"Height":439,"Demand":1,"DemandMax":null,"Value":190526},{"Length":391,"Height":679,"Demand":1,"DemandMax":null,"Value":265489},{"Length":610,"Height":569,"Demand":1,"DemandMax":null,"Value":347090}]}