{"Name":"CWL26","Objects":[{"Length":3000,"Height":1500,"Stock":null,"Cost":4500000}],"Items":[{"Length":235,"Height":256,"Demand":1,"DemandMax":null,"Value":60160},{"Length":333,"Height":694,"Demand":1,"DemandMax":null,"Value":231102},{"Length":645,"Height":638,"Demand":1,"DemandMax":null,"Value":411510},{"Length":513,"Height":532,"Demand":1,"DemandMax":null,"Value":272916},{"Length":385,"Height":403,"Demand":1,"DemandMax":null,"Value":155155},{"Length":434,"Height":684,"Demand":1,"DemandMax":null,"Value":296856},{"Length":250,"Height":259,"Demand":1,"DemandMax":null,"Value":64750},{"Length":282,"Height":238,"Demand":1,"DemandMax":null,"Value":67116},{"Length":391,"Height":571,"Demand":1,"DemandMax":null,"Value":223261},{"Length":263,"Height":350,"Demand":1,"DemandMax":null,"Value":92050},{"Length":367,"Height":651,"Demand":1,"DemandMax":null,"Value":238917},{"Length":693,"Height":678,"Demand":1,"DemandMax":null,"Value":469854},{"Length":650,"Height":535,"Demand":1,"DemandMax":null,"Value":347750},{"Length":692,"Height":224,"Demand":1,"DemandMax":null,"Value":155008},{"Length":440,"Height":403,"Demand":1,"DemandMax":null,"Value":177320},{"Length":493,"Height":295,"Demand":1,"DemandMax":null,"Value":145435},{"Length":422,"Height":578,"Demand":1,"DemandMax":null,"Value":243916},{"Length":679,"Height":349,"Demand":1,"DemandMax":null,"Value":236971},{"Length":617,"Height":457,"Demand":1,"DemandMax":null,"Value":281969},{"Length":404,"Height":296,"Demand":1,"DemandMax":null,"Value":119584},{"Length":298,"Height":255,"Demand":1,"DemandMax":null,"Value":75990},{"Length":429,"Height":294,"Demand":1,"DemandMax":null,"Value":126126},{"Length":600,"Height":636,"Demand":1,"DemandMax":null,"Value":381600},{"Length":624,"Height":361,"Demand":1,"DemandMax":null,"Value":225264},{"Length":507,"Height":308,"Demand":1,"DemandMax":null,"Value":156156},{"Length":542,"Height":239,"Demand":1,"DemandMax":null,"Value":129538},{"Length":500,"Height":455,"Demand":1,"DemandMax":null,"Value":227500},{"Length":343,"Height":542,"Demand":1,"DemandMax":null,"Value":185906},{"Length":683,"Height":539,"Demand":1,"DemandMax":null,"Value":368137},{"Length":251,"Height":648,"Demand":1,"DemandMax":null,"Value":162648}]}