{"Name":"CWL38","Objects":[{"Length":3000,"Height":1500,"Stock":null,"Cost":4500000}],"Items":[{"Length":215,"Height":454,"Demand":1,"DemandMax":null,"Value":97610},{"Length":518,"Height":458,"Demand":1,"DemandMax":null,"Value":237244},{"Length":324,"Height":236,"Demand":1,"DemandMax":null,"Value":76464},{"Length":469,"Height":659,"Demand":1,"DemandMax":null,"Value":309071},{"Length":476,"Height":500,"Demand":1,"DemandMax":null,"Value":238000},{"Length":494,"Height":252,"Demand":1,"DemandMax":null,"Value":124488},{"Length":459,"Height":609,"Demand":1,"DemandMax":null,"Value":279531},{"Length":340,"Height":645,"Demand":1,"DemandMax":null,"Value":219300},{"Length":633,"Height":624,"Demand":1,"DemandMax":null,"Value":394992},{"Length":405,"Height":451,"Demand":1,"DemandMax":null,"Value":182655},{"Length":506,"Height":358,"Demand":1,"DemandMax":null,"Value":181148},{"Length":591,"Height":678,"Demand":1,"DemandMax":null,"Value":400698},{"Length":507,"Height":223,"Demand":1,"DemandMax":null,"Value":113061},{"Length":481,"Height":447,"Demand":1,"DemandMax":null,"Value":215007},{"Length":432,"Height":310,"Demand":1,"DemandMax":null,"Value":133920},{"Length":599,"Height":523,"Demand":1,"DemandMax":null,"Value":313277},{"Length":386,"Height":508,"Demand":1,"DemandMax":null,"Value":196088},{"Length":361,"Height":355,"Demand":1,"DemandMax":null,"Value":128155},{"Length":575,"Height":641,"Demand":1,"DemandMax":null,"Value":368575},{"Length":331,"Height":347,"Demand":1,"DemandMax":null,"Value":114857},{"Length":663,"Height":652,"Demand":1,"DemandMax":null,"Value":432276},{"Length":223,"Height":370,"Demand":1,"DemandMax":null,"Value":82510},{"Length":565,"Height":364,"Demand":1,"DemandMax":null,"Value":205660},{"Length":656,"Height":553,"Demand":1,"DemandMax":null,"Value":362768},{"Length":223,"Height":367,"Demand":1,"DemandMax":null,"Value":81841},{"Length":202,"Height":356,"Demand":1,"DemandMax":null,"Value":71912},{"Length":391,"Height":635,"Demand":1,"DemandMax":null,"Value":248285},{"Length":689,"Height":686,"Demand":1,"DemandMax":null,"Value":472654},{"Length":204,"Height":230,"Demand":1,"DemandMax":null,"Value":46920},{"Length":656,"Height":680,"Demand":1,"DemandMax":null,"Value":446080}]}