{"Name":"CWL8","Objects":[{"Length":3000,"Height":1500,"Stock":null,"Cost":4500000}],"Items":[{"Length":684,"Height":567,"Demand":1,"DemandMax":null,"Value":387828},{"Length":639,"Height":457,"Demand":1,"DemandMax":null,"Value":292023},{"Length":390,"Height":353,"Demand":1,"DemandMax":null,"Value":137670},{"Length":433,"Height":581,"Demand":1,"DemandMax":null,"Value":251573},{"Length":220,"Height":573,"Demand":1,"DemandMax":null,"Value":126060},{"Length":452,"Height":567,"Demand":1,"DemandMax":null,"Value":256284},{"Length":204,"Height":422,"Demand":1,"DemandMax":null,"Value":86088},{"Length":692,"Height":343,"Demand":1,"DemandMax":null,"Value":237356},{"Length":494,"Height":383,"Demand":1,"DemandMax":null,"Value":189202},{"Length":534,"Height":333,"Demand":1,"DemandMax":null,"Value":177822},{"Length":591,"Height":580,"Demand":1,"DemandMax":null,"Value":342780},{"Length":596,"Height":367,"Demand":1,"DemandMax":null,"Value":218732},{"Length":689,"Height":206,"Demand":1,"DemandMax":null,"Value":141934},{"Length":418,"Height":490,"Demand":1,"DemandMax":null,"Value":204820},{"Length":453,"Height":293,"Demand":1,"DemandMax":null,"Value":132729},{"Length":696,"Height":506,"Demand":1,"DemandMax":null,"Value":352176},{"Length":630,"Height":499,"Demand":1,"DemandMax":null,"Value":314370},{"Length":454,"Height":373,"Demand":1,"DemandMax":null,"Value":169342},{"Length":523,"Height":674,"Demand":1,"DemandMax":null,"Value":352502},{"Length":202,"Height":286,"Demand":1,"DemandMax":null,"Value":57772},{"Length":231,"Height":308,"Demand":1,"DemandMax":null,"Value":71148},{"Length":520,"Height":219,"Demand":1,"DemandMax":null,"Value":113880},{"Length":545,"Height":665,"Demand":1,"DemandMax":null,"Value":362425},{"Length":485,"Height":204,"Demand":1,"DemandMax":null,"Value":98940},{"Length":298,"Height":446,"Demand":1,"DemandMax":null,"Value":132908},{"Length":686,"Height":423,"Demand":1,"DemandMax":null,"Value":290178},{"Length":604,"Height":306,"Demand":1,"DemandMax":null,"Value":184824},{"Length":670,"Height":210,"Demand":1,"DemandMax":null,"Value":140700},{"Length":568,"Height":606,"Demand":1,"DemandMax":null,"Value":344208},{"Length":654,"Height":534,"Demand":1,"DemandMax":null,"Value":349236}]}