{"Name":"CWL12","Objects":[{"Length":3000,"Height":1500,"Stock":null,"Cost":4500000}],"Items":[{"Length":550,"Height":530,"Demand":1,"DemandMax":null,"Value":291500},{"Length":357,"Height":698,"Demand":1,"DemandMax":null,"Value":249186},{"Length":517,"Height":640,"Demand":1,"DemandMax":null,"Value":330880},{"Length":517,"Height":500,"Demand":1,"DemandMax":null,"Value":258500},{"Length":665,"Height":541,"Demand":1,"DemandMax":null,"Value":359765},{"Length":255,"Height":278,"Demand":1,"DemandMax":null,"Value":70890},{"Length":209,"Height":558,"Demand":1,"DemandMax":null,"Value":116622},{"Length":455,"Height":281,"Demand":1,"DemandMax":null,"Value":127855},{"Length":309,"Height":564,"Demand":1,"DemandMax":null,"Value":174276},{"Length":476,"Height":689,"Demand":1,"DemandMax":null,"Value":327964},{"Length":527,"Height":644,"Demand":1,"DemandMax":null,"Value":339388},{"Length":241,"Height":273,"Demand":1,"DemandMax":null,"Value":65793},{"Length":674,"Height":698,"Demand":1,"DemandMax":null,"Value":470452},{"Length":363,"Height":364,"Demand":1,"DemandMax":null,"Value":132132},{"Length":432,"Height":671,"Demand":1,"DemandMax":null,"Value":289872},{"Length":276,"Height":209,"Demand":1,"DemandMax":null,"Value":57684},{"Length":473,"Height":345,"Demand":1,"DemandMax":null,"Value":163185},{"Length":314,"Height":547,"Demand":1,"DemandMax":null,"Value":171758},{"Length":382,"Height":299,"Demand":1,"DemandMax":null,"Value":114218},{"Length":485,"Height":662,"Demand":1,"DemandMax":null,"Value":321070},{"Length":269,"Height":372,"Demand":1,"DemandMax":null,"Value":100068},{"Length":346,"Height":618,"Demand":1,"DemandMax":null,"Value":213828},{"Length":445,"Height":685,"Demand":1,"DemandMax":null,"Value":304825},{"Length":547,"Height":532,"Demand":1,"DemandMax":null,"Value":291004},{"Length":628,"Height":221,"Demand":1,"DemandMax":null,"Value":138788},{"Length":212,"Height":590,"Demand":1,"DemandMax":null,"Value":125080},{"Length":271,"Height":536,"Demand":1,"DemandMax":null,"Value":145256},{"Length":545,"Height":692,"Demand":1,"DemandMax":null,"Value":377140},{"Length":472,"Height":521,"Demand":1,"DemandMax":null,"Value":245912},{"Length":391,"Height":567,"Demand":1,"DemandMax":null,"Value":221697}]}