{"Name":"CWL39","Objects":[{"Length":3000,"Height":1500,"Stock":null,"Cost":4500000}],"Items":[{"Length":394,"Height":307,"Demand":1,"DemandMax":null,"Value":120958},{"Length":393,"Height":575,"Demand":1,"DemandMax":null,"Value":225975},{"Length":532,"Height":340,"Demand":1,"DemandMax":null,"Value":180880},{"Length":640,"Height":558,"Demand":1,"DemandMax":null,"Value":357120},{"Length":686,"Height":455,"Demand":1,"DemandMax":null,"Value":312130},{"Length":362,"Height":577,"Demand":1,"DemandMax":null,"Value":208874},{"Length":361,"Height":626,"Demand":1,"DemandMax":null,"Value":225986},{"Length":624,"Height":432,"Demand":1,"DemandMax":null,"Value":269568},{"Length":284,"Height":308,"Demand":1,"DemandMax":null,"Value":87472},{"Length":509,"Height":588,"Demand":1,"DemandMax":null,"Value":299292},{"Length":326,"Height":399,"Demand":1,"DemandMax":null,"Value":130074},{"Length":326,"Height":637,"Demand":1,"DemandMax":null,"Value":207662},{"Length":440,"Height":308,"Demand":1,"DemandMax":null,"Value":135520},{"Length":614,"Height":688,"Demand":1,"DemandMax":null,"Value":422432},{"Length":224,"Height":459,"Demand":1,"DemandMax":null,"Value":102816},{"Length":203,"Height":385,"Demand":1,"DemandMax":null,"Value":78155},{"Length":470,"Height":229,"Demand":1,"DemandMax":null,"Value":107630},{"Length":413,"Height":583,"Demand":1,"DemandMax":null,"Value":240779},{"Length":542,"Height":352,"Demand":1,"DemandMax":null,"Value":190784},{"Length":452,"Height":313,"Demand":1,"DemandMax":null,"Value":141476},{"Length":570,"Height":582,"Demand":1,"DemandMax":null,"Value":331740},{"Length":210,"Height":213,"Demand":1,"DemandMax":null,"Value":44730},{"Length":448,"Height":591,"Demand":1,"DemandMax":null,"Value":264768},{"Length":585,"Height":634,"Demand":1,"DemandMax":null,"Value":370890},{"Length":398,"Height":239,"Demand":1,"DemandMax":null,"Value":95122},{"Length":690,"Height":686,"Demand":1,"DemandMax":null,"Value":473340},{"Length":652,"Height":423,"Demand":1,"DemandMax":null,"Value":275796},{"Length":417,"Height":635,"Demand":1,"DemandMax":null,"Value":264795},{"Length":434,"Height":493,"Demand":1,"DemandMax":null,"Value":213962},{"Length":407,"Height":416,"Demand":1,"DemandMax":null,"Value":169312}]}