{"Name":"CWL24","Objects":[{"Length":3000,"Height":1500,"Stock":null,"Cost":4500000}],"Items":[{"Length":687,"Height":668,"Demand":1,"DemandMax":null,"Value":458916},{"Length":601,"Height":312,"Demand":1,"DemandMax":null,"Value":187512},{"Length":400,"Height":275,"Demand":1,"DemandMax":null,"Value":110000},{"Length":306,"Height":473,"Demand":1,"DemandMax":null,"Value":144738},{"Length":634,"Height":567,"Demand":1,"DemandMax":null,"Value":359478},{"Length":385,"Height":625,"Demand":1,"DemandMax":null,"Value":240625},{"Length":555,"Height":466,"Demand":1,"DemandMax":null,"Value":258630},{"Length":641,"Height":555,"Demand":1,"DemandMax":null,"Value":355755},{"Length":257,"Height":237,"Demand":1,"DemandMax":null,"Value":60909},{"Length":561,"Height":230,"Demand":1,"DemandMax":null,"Value":129030},{"Length":614,"Height":223,"Demand":1,"DemandMax":null,"Value":136922},{"Length":546,"Height":302,"Demand":1,"DemandMax":null,"Value":164892},{"Length":267,"Height":208,"Demand":1,"DemandMax":null,"Value":55536},{"Length":422,"Height":367,"Demand":1,"DemandMax":null,"Value":154874},{"Length":659,"Height":594,"Demand":1,"DemandMax":null,"Value":391446},{"Length":634,"Height":536,"Demand":1,"DemandMax":null,"Value":339824},{"Length":525,"Height":374,"Demand":1,"DemandMax":null,"Value":196350},{"Length":550,"Height":532,"Demand":1,"DemandMax":null,"Value":292600},{"Length":699,"Height":311,"Demand":1,"DemandMax":null,"Value":217389},{"Length":368,"Height":655,"Demand":1,"DemandMax":null,"Value":241040},{"Length":393,"Height":511,"Demand":1,"DemandMax":null,"Value":200823},{"Length":323,"Height":234,"Demand":1,"DemandMax":null,"Value":75582},{"Length":445,"Height":579,"Demand":1,"DemandMax":null,"Value":257655},{"Length":319,"Height":576,"Demand":1,"DemandMax":null,"Value":183744},{"Length":310,"Height":514,"Demand":1,"DemandMax":null,"Value":159340},{"Length":262,"Height":599,"Demand":1,"DemandMax":null,"Value":156938},{"Length":597,"Height":346,"Demand":1,"DemandMax":null,"Value":206562},{"Length":362,"Height":244,"Demand":1,"DemandMax":null,"Value":88328},{"Length":472,"Height":433,"Demand":1,"DemandMax":null,"Value":204376},{"Length":527,"Height":569,"Demand":1,"DemandMax":null,"Value":299863}]}