{"Name":"CWL1","Objects":[{"Length":3000,"Height":1500,"Stock":null,"Cost":4500000}],"Items":[{"Length":201,"Height":207,"Demand":1,"DemandMax":null,"Value":41607},{"Length":277,"Height":450,"Demand":1,"DemandMax":null,"Value":124650},{"Length":612,"Height":640,"Demand":1,"DemandMax":null,"Value":391680},{"Length":244,"Height":407,"Demand":1,"DemandMax":null,"Value":99308},{"Length":695,"Height":554,"Demand":1,"DemandMax":null,"Value":385030},{"Length":278,"Height":648,"Demand":1,"DemandMax":null,"Value":180144},{"Length":540,"Height":381,"Demand":1,"DemandMax":null,"Value":205740},{"Length":522,"Height":528,"Demand":1,"DemandMax":null,"Value":275616},{"Length":638,"Height":628,"Demand":1,"DemandMax":null,"Value":400664},{"Length":259,"Height":221,"Demand":1,"DemandMax":null,"Value":57239},{"Length":255,"Height":477,"Demand":1,"DemandMax":null,"Value":121635},{"Length":638,"Height":221,"Demand":1,"DemandMax":null,"Value":140998},{"Length":284,"Height":335,"Demand":1,"DemandMax":null,"Value":95140},{"Length":491,"Height":546,"Demand":1,"DemandMax":null,"Value":268086},{"Length":592,"Height":243,"Demand":1,"DemandMax":null,"Value":143856},{"Length":411,"Height":451,"Demand":1,"DemandMax":null,"Value":185361},{"Length":474,"Height":307,"Demand":1,"DemandMax":null,"Value":145518},{"Length":318,"Height":399,"Demand":1,"DemandMax":null,"Value":126882},{"Length":664,"Height":600,"Demand":1,"DemandMax":null,"Value":398400},{"Length":308,"Height":460,"Demand":1,"DemandMax":null,"Value":141680},{"Length":632,"Height":557,"Demand":1,"DemandMax":null,"Value":352024},{"Length":229,"Height":285,"Demand":1,"DemandMax":null,"Value":65265},{"Length":467,"Height":647,"Demand":1,"DemandMax":null,"Value":302149},{"Length":200,"Height":366,"Demand":1,"DemandMax":null,"Value":73200},{"Length":323,"Height":231,"Demand":1,"DemandMax":null,"Value":74613},{"Length":251,"Height":506,"Demand":1,"DemandMax":null,"Value":127006},{"Length":517,"Height":510,"Demand":1,"DemandMax":null,"Value":263670},{"Length":505,"Height":427,"Demand":1,"DemandMax":null,"Value":215635},{"Length":635,"Height":390,"Demand":1,"DemandMax":null,"Value":247650},{"Length":358,"Height":617,"Demand":1,"DemandMax":null,"Value":220886}]}