{"Name":"CWL4","Objects":[{"Length":3000,"Height":1500,"Stock":null,"Cost":4500000}],"Items":[{"Length":691,"Height":454,"Demand":1,"DemandMax":null,"Value":313714},{"Length":554,"Height":285,"Demand":1,"DemandMax":null,"Value":157890},{"Length":414,"Height":567,"Demand":1,"DemandMax":null,"Value":234738},{"Length":319,"Height":347,"Demand":1,"DemandMax":null,"Value":110693},{"Length":416,"Height":543,"Demand":1,"DemandMax":null,"Value":225888},{"Length":647,"Height":367,"Demand":1,"DemandMax":null,"Value":237449},{"Length":255,"Height":336,"Demand":1,"DemandMax":null,"Value":85680},{"Length":667,"Height":315,"Demand":1,"DemandMax":null,"Value":210105},{"Length":558,"Height":349,"Demand":1,"DemandMax":null,"Value":194742},{"Length":245,"Height":209,"Demand":1,"DemandMax":null,"Value":51205},{"Length":643,"Height":356,"Demand":1,"DemandMax":null,"Value":228908},{"Length":207,"Height":640,"Demand":1,"DemandMax":null,"Value":132480},{"Length":586,"Height":643,"Demand":1,"DemandMax":null,"Value":376798},{"Length":439,"Height":242,"Demand":1,"DemandMax":null,"Value":106238},{"Length":559,"Height":356,"Demand":1,"DemandMax":null,"Value":199004},{"Length":476,"Height":328,"Demand":1,"DemandMax":null,"Value":156128},{"Length":686,"Height":582,"Demand":1,"DemandMax":null,"Value":399252},{"Length":531,"Height":210,"Demand":1,"DemandMax":null,"Value":111510},{"Length":261,"Height":200,"Demand":1,"DemandMax":null,"Value":52200},{"Length":458,"Height":229,"Demand":1,"DemandMax":null,"Value":104882},{"Length":394,"Height":534,"Demand":1,"DemandMax":null,"Value":210396},{"Length":202,"Height":512,"Demand":1,"DemandMax":null,"Value":103424},{"Length":600,"Height":441,"Demand":1,"DemandMax":null,"Value":264600},{"Length":683,"Height":698,"Demand":1,"DemandMax":null,"Value":476734},{"Length":609,"Height":654,"Demand":1,"DemandMax":null,"Value":398286},{"Length":529,"Height":283,"Demand":1,"DemandMax":null,"Value":149707},{"Length":263,"Height":627,"Demand":1,"DemandMax":null,"Value":164901},{"Length":573,"Height":478,"Demand":1,"DemandMax":null,"Value":273894},{"Length":377,"Height":287,"Demand":1,"DemandMax":null,"Value":108199},{"Length":204,"Height":492,"Demand":1,"DemandMax":null,"Value":100368}]}