{"Name":"CWL22","Objects":[{"Length":3000,"Height":1500,"Stock":null,"Cost":4500000}],"Items":[{"Length":487,"Height":386,"Demand":1,"DemandMax":null,"Value":187982},{"Length":699,"Height":434,"Demand":1,"DemandMax":null,"Value":303366},{"Length":609,"Height":664,"Demand":1,"DemandMax":null,"Value":404376},{"Length":664,"Height":318,"Demand":1,"DemandMax":null,"Value":211152},{"Length":612,"Height":674,"Demand":1,"DemandMax":null,"Value":412488},{"Length":272,"Height":344,"Demand":1,"DemandMax":null,"Value":93568},{"Length":516,"Height":271,"Demand":1,"DemandMax":null,"Value":139836},{"Length":657,"Height":471,"Demand":1,"DemandMax":null,"Value":309447},{"Length":227,"Height":309,"Demand":1,"DemandMax":null,"Value":70143},{"Length":464,"Height":602,"Demand":1,"DemandMax":null,"Value":279328},{"Length":372,"Height":698,"Demand":1,"DemandMax":null,"Value":259656},{"Length":652,"Height":539,"Demand":1,"DemandMax":null,"Value":351428},{"Length":482,"Height":223,"Demand":1,"DemandMax":null,"Value":107486},{"Length":685,"Height":520,"Demand":1,"DemandMax":null,"Value":356200},{"Length":634,"Height":409,"Demand":1,"DemandMax":null,"Value":259306},{"Length":463,"Height":654,"Demand":1,"DemandMax":null,"Value":302802},{"Length":640,"Height":681,"Demand":1,"DemandMax":null,"Value":435840},{"Length":295,"Height":583,"Demand":1,"DemandMax":null,"Value":171985},{"Length":509,"Height":380,"Demand":1,"DemandMax":null,"Value":193420},{"Length":362,"Height":364,"Demand":1,"DemandMax":null,"Value":131768},{"Length":453,"Height":373,"Demand":1,"DemandMax":null,"Value":168969},{"Length":556,"Height":465,"Demand":1,"DemandMax":null,"Value":258540},{"Length":406,"Height":597,"Demand":1,"DemandMax":null,"Value":242382},{"Length":284,"Height":439,"Demand":1,"DemandMax":null,"Value":124676},{"Length":394,"Height":562,"Demand":1,"DemandMax":null,"Value":221428},{"Length":492,"Height":406,"Demand":1,"DemandMax":null,"Value":199752},{"Length":673,"Height":487,"Demand":1,"DemandMax":null,"Value":327751},{"Length":673,"Height":383,"Demand":1,"DemandMax":null,"Value":257759},{"Length":399,"Height":608,"Demand":1,"DemandMax":null,"Value":242592},{"Length":233,"Height":464,"Demand":1,"DemandMax":null,"Value":108112}]}