{"Name":"CWL19","Objects":[{"Length":3000,"Height":1500,"Stock":null,"Cost":4500000}],"Items":[{"Length":413,"Height":488,"Demand":1,"DemandMax":null,"Value":201544},{"Length":573,"Height":630,"Demand":1,"DemandMax":null,"Value":360990},{"Length":263,"Height":224,"Demand":1,"DemandMax":null,"Value":58912},{"Length":201,"Height":217,"Demand":1,"DemandMax":null,"Value":43617},{"Length":544,"Height":650,"Demand":1,"DemandMax":null,"Value":353600},{"Length":246,"Height":640,"Demand":1,"DemandMax":null,"Value":157440},{"Length":590,"Height":494,"Demand":1,"DemandMax":null,"Value":291460},{"Length":508,"Height":654,"Demand":1,"DemandMax":null,"Value":332232},{"Length":261,"Height":684,"Demand":1,"DemandMax":null,"Value":178524},{"Length":680,"Height":282,"Demand":1,"DemandMax":null,"Value":191760},{"Length":548,"Height":513,"Demand":1,"DemandMax":null,"Value":281124},{"Length":327,"Height":224,"Demand":1,"DemandMax":null,"Value":73248},{"Length":302,"Height":676,"Demand":1,"DemandMax":null,"Value":204152},{"Length":326,"Height":423,"Demand":1,"DemandMax":null,"Value":137898},{"Length":517,"Height":549,"Demand":1,"DemandMax":null,"Value":283833},{"Length":570,"Height":284,"Demand":1,"DemandMax":null,"Value":161880},{"Length":533,"Height":347,"Demand":1,"DemandMax":null,"Value":184951},{"Length":530,"Height":287,"Demand":1,"DemandMax":null,"Value":152110},{"Length":380,"Height":535,"Demand":1,"DemandMax":null,"Value":203300},{"Length":560,"Height":475,"Demand":1,"DemandMax":null,"Value":266000},{"Length":310,"Height":208,"Demand":1,"DemandMax":null,"Value":64480},{"Length":495,"Height":288,"Demand":1,"DemandMax":null,"Value":142560},{"Length":461,"Height":629,"Demand":1,"DemandMax":null,"Value":289969},{"Length":289,"Height":353,"Demand":1,"DemandMax":null,"Value":102017},{"Length":522,"Height":230,"Demand":1,"DemandMax":null,"Value":120060},{"Length":228,"Height":341,"Demand":1,"DemandMax":null,"Value":77748},{"Length":479,"Height":358,"Demand":1,"DemandMax":null,"Value":171482},{"Length":613,"Height":285,"Demand":1,"DemandMax":null,"Value":174705},{"Length":303,"Height":224,"Demand":1,"DemandMax":null,"Value":67872},{"Length":445,"Height":529,"Demand":1,"DemandMax":null,"Value":235405}]}