{"Name":"CWL9","Objects":[{"Length":3000,"Height":1500,"Stock":null,"Cost":4500000}],"Items":[{"Length":601,"Height":317,"Demand":1,"DemandMax":null,"Value":190517},{"Length":268,"Height":276,"Demand":1,"DemandMax":null,"Value":73968},{"Length":625,"Height":215,"Demand":1,"DemandMax":null,"Value":134375},{"Length":571,"Height":499,"Demand":1,"DemandMax":null,"Value":284929},{"Length":647,"Height":441,"Demand":1,"DemandMax":null,"Value":285327},{"Length":549,"Height":687,"Demand":1,"DemandMax":null,"Value":377163},{"Length":594,"Height":618,"Demand":1,"DemandMax":null,"Value":367092},{"Length":516,"Height":410,"Demand":1,"DemandMax":null,"Value":211560},{"Length":397,"Height":245,"Demand":1,"DemandMax":null,"Value":97265},{"Length":613,"Height":450,"Demand":1,"DemandMax":null,"Value":275850},{"Length":237,"Height":428,"Demand":1,"DemandMax":null,"Value":101436},{"Length":267,"Height":292,"Demand":1,"DemandMax":null,"Value":77964},{"Length":579,"Height":337,"Demand":1,"DemandMax":null,"Value":195123},{"Length":358,"Height":455,"Demand":1,"DemandMax":null,"Value":162890},{"Length":358,"Height":597,"Demand":1,"DemandMax":null,"Value":213726},{"Length":650,"Height":676,"Demand":1,"DemandMax":null,"Value":439400},{"Length":239,"Height":699,"Demand":1,"DemandMax":null,"Value":167061},{"Length":307,"Height":277,"Demand":1,"DemandMax":null,"Value":85039},{"Length":649,"Height":565,"Demand":1,"DemandMax":null,"Value":366685},{"Length":570,"Height":482,"Demand":1,"DemandMax":null,"Value":274740},{"Length":474,"Height":597,"Demand":1,"DemandMax":null,"Value":282978},{"Length":483,"Height":276,"Demand":1,"DemandMax":null,"Value":133308},{"Length":364,"Height":540,"Demand":1,"DemandMax":null,"Value":196560},{"Length":544,"Height":486,"Demand":1,"DemandMax":null,"Value":264384},{"Length":652,"Height":261,"Demand":1,"DemandMax":null,"Value":170172},{"Length":297,"Height":360,"Demand":1,"DemandMax":null,"Value":106920},{"Length":474,"Height":254,"Demand":1,"DemandMax":null,"Value":120396},{"Length":300,"Height":365,"Demand":1,"DemandMax":null,"Value":109500},{"Length":401,"Height":291,"Demand":1,"DemandMax":null,"Value":116691},{"Length":645,"Height":577,"Demand":1,"DemandMax":null,"Value":372165}]}