{"Name":"CWL18","Objects":[{"Length":3000,"Height":1500,"Stock":null,"Cost":4500000}],"Items":[{"Length":241,"Height":374,"Demand":1,"DemandMax":null,"Value":90134},{"Length":205,"Height":371,"Demand":1,"DemandMax":null,"Value":76055},{"Length":524,"Height":345,"Demand":1,"DemandMax":null,"Value":180780},{"Length":412,"Height":205,"Demand":1,"DemandMax":null,"Value":84460},{"Length":523,"Height":499,"Demand":1,"DemandMax":null,"Value":260977},{"Length":695,"Height":591,"Demand":1,"DemandMax":null,"Value":410745},{"Length":422,"Height":353,"Demand":1,"DemandMax":null,"Value":148966},{"Length":494,"Height":326,"Demand":1,"DemandMax":null,"Value":161044},{"Length":332,"Height":245,"Demand":1,"DemandMax":null,"Value":81340},{"Length":446,"Height":369,"Demand":1,"DemandMax":null,"Value":164574},{"Length":585,"Height":432,"Demand":1,"DemandMax":null,"Value":252720},{"Length":387,"Height":446,"Demand":1,"DemandMax":null,"Value":172602},{"Length":596,"Height":504,"Demand":1,"DemandMax":null,"Value":300384},{"Length":567,"Height":653,"Demand":1,"DemandMax":null,"Value":370251},{"Length":266,"Height":626,"Demand":1,"DemandMax":null,"Value":166516},{"Length":364,"Height":532,"Demand":1,"DemandMax":null,"Value":193648},{"Length":636,"Height":325,"Demand":1,"DemandMax":null,"Value":206700},{"Length":413,"Height":203,"Demand":1,"DemandMax":null,"Value":83839},{"Length":690,"Height":680,"Demand":1,"DemandMax":null,"Value":469200},{"Length":627,"Height":518,"Demand":1,"DemandMax":null,"Value":324786},{"Length":497,"Height":654,"Demand":1,"DemandMax":null,"Value":325038},{"Length":658,"Height":689,"Demand":1,"DemandMax":null,"Value":453362},{"Length":667,"Height":322,"Demand":1,"DemandMax":null,"Value":214774},{"Length":497,"Height":262,"Demand":1,"DemandMax":null,"Value":130214},{"Length":676,"Height":527,"Demand":1,"DemandMax":null,"Value":356252},{"Length":664,"Height":414,"Demand":1,"DemandMax":null,"Value":274896},{"Length":286,"Height":639,"Demand":1,"DemandMax":null,"Value":182754},{"Length":433,"Height":241,"Demand":1,"DemandMax":null,"Value":104353},{"Length":390,"Height":548,"Demand":1,"DemandMax":null,"Value":213720},{"Length":254,"Height":207,"Demand":1,"DemandMax":null,"Value":52578}]}