{"Name":"CWL21","Objects":[{"Length":3000,"Height":1500,"Stock":null,"Cost":4500000}],"Items":[{"Length":467,"Height":452,"Demand":1,"DemandMax":null,"Value":211084},{"Length":314,"Height":518,"Demand":1,"DemandMax":null,"Value":162652},{"Length":489,"Height":274,"Demand":1,"DemandMax":null,"Value":133986},{"Length":682,"Height":253,"Demand":1,"DemandMax":null,"Value":172546},{"Length":587,"Height":509,"Demand":1,"DemandMax":null,"Value":298783},{"Length":252,"Height":609,"Demand":1,"DemandMax":null,"Value":153468},{"Length":382,"Height":620,"Demand":1,"DemandMax":null,"Value":236840},{"Length":580,"Height":673,"Demand":1,"DemandMax":null,"Value":390340},{"Length":592,"Height":429,"Demand":1,"DemandMax":null,"Value":253968},{"Length":370,"Height":623,"Demand":1,"DemandMax":null,"Value":230510},{"Length":434,"Height":282,"Demand":1,"DemandMax":null,"Value":122388},{"Length":283,"Height":465,"Demand":1,"DemandMax":null,"Value":131595},{"Length":653,"Height":547,"Demand":1,"DemandMax":null,"Value":357191},{"Length":431,"Height":315,"Demand":1,"DemandMax":null,"Value":135765},{"Length":276,"Height":499,"Demand":1,"DemandMax":null,"Value":137724},{"Length":403,"Height":652,"Demand":1,"DemandMax":null,"Value":262756},{"Length":681,"Height":312,"Demand":1,"DemandMax":null,"Value":212472},{"Length":688,"Height":523,"Demand":1,"DemandMax":null,"Value":359824},{"Length":447,"Height":437,"Demand":1,"DemandMax":null,"Value":195339},{"Length":684,"Height":454,"Demand":1,"DemandMax":null,"Value":310536},{"Length":619,"Height":664,"Demand":1,"DemandMax":null,"Value":411016},{"Length":566,"Height":371,"Demand":1,"DemandMax":null,"Value":209986},{"Length":657,"Height":636,"Demand":1,"DemandMax":null,"Value":417852},{"Length":280,"Height":253,"Demand":1,"DemandMax":null,"Value":70840},{"Length":387,"Height":207,"Demand":1,"DemandMax":null,"Value":80109},{"Length":388,"Height":561,"Demand":1,"DemandMax":null,"Value":217668},{"Length":426,"Height":211,"Demand":1,"DemandMax":null,"Value":89886},{"Length":411,"Height":299,"Demand":1,"DemandMax":null,"Value":122889},{"Length":249,"Height":642,"Demand":1,"DemandMax":null,"Value":159858},{"Length":347,"Height":377,"Demand":1,"DemandMax":null,"Value":130819}]}