{"Name":"CWL50","Objects":[{"Length":3000,"Height":1500,"Stock":null,"Cost":4500000}],"Items":[{"Length":513,"Height":238,"Demand":1,"DemandMax":null,"Value":122094},{"Length":372,"Height":373,"Demand":1,"DemandMax":null,"Value":138756},{"Length":430,"Height":229,"Demand":1,"DemandMax":null,"Value":98470},{"Length":398,"Height":368,"Demand":1,"DemandMax":null,"Value":146464},{"Length":686,"Height":607,"Demand":1,"DemandMax":null,"Value":416402},{"Length":636,"Height":330,"Demand":1,"DemandMax":null,"Value":209880},{"Length":416,"Height":363,"Demand":1,"DemandMax":null,"Value":151008},{"Length":231,"Height":349,"Demand":1,"DemandMax":null,"Value":80619},{"Length":452,"Height":323,"Demand":1,"DemandMax":null,"Value":145996},{"Length":648,"Height":306,"Demand":1,"DemandMax":null,"Value":198288},{"Length":658,"Height":278,"Demand":1,"DemandMax":null,"Value":182924},{"Length":551,"Height":423,"Demand":1,"DemandMax":null,"Value":233073},{"Length":683,"Height":575,"Demand":1,"DemandMax":null,"Value":392725},{"Length":367,"Height":294,"Demand":1,"DemandMax":null,"Value":107898},{"Length":292,"Height":567,"Demand":1,"DemandMax":null,"Value":165564},{"Length":680,"Height":358,"Demand":1,"DemandMax":null,"Value":243440},{"Length":497,"Height":203,"Demand":1,"DemandMax":null,"Value":100891},{"Length":452,"Height":616,"Demand":1,"DemandMax":null,"Value":278432},{"Length":573,"Height":476,"Demand":1,"DemandMax":null,"Value":272748},{"Length":401,"Height":516,"Demand":1,"DemandMax":null,"Value":206916},{"Length":631,"Height":550,"Demand":1,"DemandMax":null,"Value":347050},{"Length":681,"Height":689,"Demand":1,"DemandMax":null,"Value":469209},{"Length":429,"Height":676,"Demand":1,"DemandMax":null,"Value":290004},{"Length":386,"Height":366,"Demand":1,"DemandMax":null,"Value":141276},{"Length":470,"Height":513,"Demand":1,"DemandMax":null,"Value":241110},{"Length":445,"Height":676,"Demand":1,"DemandMax":null,"Value":300820},{"Length":307,"Height":373,"Demand":1,"DemandMax":null,"Value":114511},{"Length":696,"Height":469,"Demand":1,"DemandMax":null,"Value":326424},{"Length":360,"Height":627,"Demand":1,"DemandMax":null,"Value":225720},{"Length":368,"Height":540,"Demand":1,"DemandMax":null,"Value":198720}]}