{"Name":"CWL3","Objects":[{"Length":3000,"Height":1500,"Stock":null,"Cost":4500000}],"Items":[{"Length":294,"Height":403,"Demand":1,"DemandMax":null,"Value":118482},{"Length":374,"Height":539,"Demand":1,"DemandMax":null,"Value":201586},{"Length":526,"Height":633,"Demand":1,"DemandMax":null,"Value":332958},{"Length":386,"Height":274,"Demand":1,"DemandMax":null,"Value":105764},{"Length":640,"Height":544,"Demand":1,"DemandMax":null,"Value":348160},{"Length":295,"Height":526,"Demand":1,"DemandMax":null,"Value":155170},{"Length":570,"Height":360,"Demand":1,"DemandMax":null,"Value":205200},{"Length":296,"Height":297,"Demand":1,"DemandMax":null,"Value":87912},{"Length":413,"Height":562,"Demand":1,"DemandMax":null,"Value":232106},{"Length":591,"Height":605,"Demand":1,"DemandMax":null,"Value":357555},{"Length":470,"Height":523,"Demand":1,"DemandMax":null,"Value":245810},{"Length":325,"Height":204,"Demand":1,"DemandMax":null,"Value":66300},{"Length":336,"Height":370,"Demand":1,"DemandMax":null,"Value":124320},{"Length":671,"Height":451,"Demand":1,"DemandMax":null,"Value":302621},{"Length":518,"Height":617,"Demand":1,"DemandMax":null,"Value":319606},{"Length":307,"Height":696,"Demand":1,"DemandMax":null,"Value":213672},{"Length":547,"Height":556,"Demand":1,"DemandMax":null,"Value":304132},{"Length":470,"Height":462,"Demand":1,"DemandMax":null,"Value":217140},{"Length":615,"Height":211,"Demand":1,"DemandMax":null,"Value":129765},{"Length":666,"Height":534,"Demand":1,"DemandMax":null,"Value":355644},{"Length":631,"Height":678,"Demand":1,"DemandMax":null,"Value":427818},{"Length":415,"Height":691,"Demand":1,"DemandMax":null,"Value":286765},{"Length":687,"Height":206,"Demand":1,"DemandMax":null,"Value":141522},{"Length":246,"Height":582,"Demand":1,"DemandMax":null,"Value":143172},{"Length":441,"Height":693,"Demand":1,"DemandMax":null,"Value":305613},{"Length":515,"Height":381,"Demand":1,"DemandMax":null,"Value":196215},{"Length":237,"Height":296,"Demand":1,"DemandMax":null,"Value":70152},{"Length":206,"Height":241,"Demand":1,"DemandMax":null,"Value":49646},{"Length":242,"Height":214,"Demand":1,"DemandMax":null,"Value":51788},{"Length":513,"Height":491,"Demand":1,"DemandMax":null,"Value":251883}]}