{"Name":"M2","Objects":[{"Length":253,"Height":294,"Stock":null,"Cost":74382}],"Items":[{"Length":130,"Height":130,"Demand":1,"DemandMax":null,"Value":16900},{"Length":49,"Height":134,"Demand":1,"DemandMax":null,"Value":6566},{"Length":45,"Height":52,"Demand":1,"DemandMax":null,"Value":2340},{"Length":64,"Height":134,"Demand":1,"DemandMax":null,"Value":8576},{"Length":38,"Height":100,"Demand":1,"DemandMax":null,"Value":3800},{"Length":121,"Height":146,"Demand":1,"DemandMax":null,"Value":17666},{"Length":48,"Height":123,"Demand":1,"DemandMax":null,"Value":5904},{"Length":83,"Height":79,"Demand":1,"DemandMax":null,"Value":6557},{"Length":42,"Height":187,"Demand":1,"DemandMax":null,"Value":7854},{"Length":112,"Height":92,"Demand":1,"DemandMax":null,"Value":10304}]}