{"Name":"M4","Objects":[{"Length":501,"Height":556,"Stock":null,"Cost":278556}],"Items":[{"Length":136,"Height":113,"Demand":1,"DemandMax":null,"Value":15368},{"Length":81,"Height":177,"Demand":1,"DemandMax":null,"Value":14337},{"Length":237,"Height":237,"Demand":1,"DemandMax":null,"Value":56169},{"Length":184,"Height":163,"Demand":1,"DemandMax":null,"Value":29992},{"Length":153,"Height":182,"Demand":1,"DemandMax":null,"Value":27846},{"Length":233,"Height":183,"Demand":1,"DemandMax":null,"Value":42639},{"Length":241,"Height":155,"Demand":1,"DemandMax":null,"Value":37355},{"Length":246,"Height":160,"Demand":1,"DemandMax":null,"Value":39360},{"Length":296,"Height":278,"Demand":1,"DemandMax":null,"Value":82288},{"Length":103,"Height":310,"Demand":1,"DemandMax":null,"Value":31930}]}