{"Name":"WANG3","Objects":[{"Length":40.0,"Height":70.0,"Stock":null,"Cost":2800.0}],"Items":[{"Length":31.0,"Height":43.0,"Demand":1.0,"DemandMax":null,"Value":1333.0},{"Length":30.0,"Height":41.0,"Demand":1.0,"DemandMax":null,"Value":1230.0},{"Length":29.0,"Height":39.0,"Demand":1.0,"DemandMax":null,"Value":1131.0},{"Length":28.0,"Height":38.0,"Demand":1.0,"DemandMax":null,"Value":1064.0},{"Length":27.0,"Height":37.0,"Demand":1.0,"DemandMax":null,"Value":999.0},{"Length":26.0,"Height":36.0,"Demand":1.0,"DemandMax":null,"Value":936.0},{"Length":25.0,"Height":35.0,"Demand":2.0,"DemandMax":null,"Value":875.0},{"Length":24.0,"Height":34.0,"Demand":2.0,"DemandMax":null,"Value":816.0},{"Length":33.0,"Height":23.0,"Demand":3.0,"DemandMax":null,"Value":759.0},{"Length":22.0,"Height":32.0,"Demand":2.0,"DemandMax":null,"Value":704.0},{"Length":31.0,"Height":21.0,"Demand":3.0,"DemandMax":null,"Value":651.0},{"Length":29.0,"Height":18.0,"Demand":3.0,"DemandMax":null,"Value":522.0},{"Length":17.0,"Height":27.0,"Demand":2.0,"DemandMax":null,"Value":459.0},{"Length":16.0,"Height":25.0,"Demand":4.0,"DemandMax":null,"Value":400.0},{"Length":15.0,"Height":24.0,"Demand":3.0,"DemandMax":null,"Value":360.0},{"Length":23.0,"Height":14.0,"Demand":4.0,"DemandMax":null,"Value":322.0},{"Length":21.0,"Height":12.0,"Demand":3.0,"DemandMax":null,"Value":252.0},{"Length":19.0,"Height":11.0,"Demand":4.0,"DemandMax":null,"Value":209.0},{"Length":9.0,"Height":17.0,"Demand":1.0,"DemandMax":null,"Value":153.0}]}