{"Name":"WANGM1","Objects":[{"Length":48000.0,"Height":96000.0,"Stock":3000.0,"Cost":4608000000.0},{"Length":66000.0,"Height":96000.0,"Stock":3000.0,"Cost":6336000000.0},{"Length":34000.0,"Height":96000.0,"Stock":163.0,"Cost":3264000000.0}],"Items":[{"Length":29875.0,"Height":41125.0,"Demand":200.0,"DemandMax":null,"Value":1228609375.0},{"Length":29875.0,"Height":35125.0,"Demand":300.0,"DemandMax":null,"Value":1049359375.0},{"Length":29875.0,"Height":32125.0,"Demand":200.0,"DemandMax":null,"Value":959734375.0},{"Length":34000.0,"Height":23125.0,"Demand":350.0,"DemandMax":null,"Value":786250000.0},{"Length":29875.0,"Height":26125.0,"Demand":200.0,"DemandMax":null,"Value":780484375.0},{"Length":17875.0,"Height":41125.0,"Demand":150.0,"DemandMax":null,"Value":735109375.0},{"Length":29875.0,"Height":23125.0,"Demand":700.0,"DemandMax":null,"Value":690859375.0},{"Length":34000.0,"Height":17125.0,"Demand":400.0,"DemandMax":null,"Value":582250000.0},{"Length":14875.0,"Height":32125.0,"Demand":200.0,"DemandMax":null,"Value":477859375.0},{"Length":11875.0,"Height":35125.0,"Demand":200.0,"DemandMax":null,"Value":417109375.0}]}