{"Name":"WANGM2","Objects":[{"Length":48.0,"Height":96.0,"Stock":900.0,"Cost":4608.0},{"Length":60.0,"Height":108.0,"Stock":900.0,"Cost":6480.0}],"Items":[{"Length":28.0,"Height":30.0,"Demand":180.0,"DemandMax":null,"Value":840.0},{"Length":20.0,"Height":24.0,"Demand":180.0,"DemandMax":null,"Value":480.0},{"Length":16.0,"Height":20.0,"Demand":180.0,"DemandMax":null,"Value":320.0},{"Length":14.0,"Height":21.0,"Demand":180.0,"DemandMax":null,"Value":294.0},{"Length":12.0,"Height":18.0,"Demand":180.0,"DemandMax":null,"Value":216.0}]}