{"Name":"OPK5","Objects":[{"Length":100,"Height":100,"Stock":null,"Cost":10000}],"Items":[{"Length":8,"Height":81,"Demand":3,"DemandMax":null,"Value":953},{"Length":5,"Height":76,"Demand":4,"DemandMax":null,"Value":389},{"Length":42,"Height":19,"Demand":4,"DemandMax":null,"Value":1668},{"Length":6,"Height":80,"Demand":4,"DemandMax":null,"Value":676},{"Length":41,"Height":48,"Demand":1,"DemandMax":null,"Value":3580},{"Length":6,"Height":86,"Demand":5,"DemandMax":null,"Value":1416},{"Length":58,"Height":20,"Demand":5,"DemandMax":null,"Value":3166},{"Length":99,"Height":3,"Demand":5,"DemandMax":null,"Value":537},{"Length":9,"Height":52,"Demand":5,"DemandMax":null,"Value":1176},{"Length":100,"Height":14,"Demand":4,"DemandMax":null,"Value":3434},{"Length":7,"Height":53,"Demand":5,"DemandMax":null,"Value":676},{"Length":24,"Height":54,"Demand":1,"DemandMax":null,"Value":1408},{"Length":23,"Height":77,"Demand":1,"DemandMax":null,"Value":2362},{"Length":42,"Height":32,"Demand":5,"DemandMax":null,"Value":4031},{"Length":17,"Height":30,"Demand":5,"DemandMax":null,"Value":1152},{"Length":11,"Height":90,"Demand":4,"DemandMax":null,"Value":2255},{"Length":26,"Height":65,"Demand":2,"DemandMax":null,"Value":3570},{"Length":11,"Height":84,"Demand":3,"DemandMax":null,"Value":1913},{"Length":100,"Height":11,"Demand":1,"DemandMax":null,"Value":1552},{"Length":29,"Height":81,"Demand":1,"DemandMax":null,"Value":4559},{"Length":10,"Height":64,"Demand":2,"DemandMax":null,"Value":713},{"Length":25,"Height":48,"Demand":1,"DemandMax":null,"Value":1279},{"Length":17,"Height":93,"Demand":4,"DemandMax":null,"Value":3989},{"Length":77,"Height":31,"Demand":1,"DemandMax":null,"Value":4850},{"Length":3,"Height":71,"Demand":5,"DemandMax":null,"Value":299},{"Length":89,"Height":9,"Demand":4,"DemandMax":null,"Value":1577},{"Length":1,"Height":6,"Demand":5,"DemandMax":null,"Value":12},{"Length":12,"Height":99,"Demand":2,"DemandMax":null,"Value":2116},{"Length":21,"Height":26,"Demand":5,"DemandMax":null,"Value":1214}]}