{"Name":"2B-1","Objects":[{"Length":2860,"Height":1406,"Stock":null,"Cost":4021160}],"Items":[{"Length":419,"Height":223,"Demand":22,"DemandMax":null,"Value":23803},{"Length":127,"Height":215,"Demand":16,"DemandMax":null,"Value":19785},{"Length":209,"Height":333,"Demand":12,"DemandMax":null,"Value":44836},{"Length":420,"Height":415,"Demand":32,"DemandMax":null,"Value":71350},{"Length":368,"Height":78,"Demand":1,"DemandMax":null,"Value":7394},{"Length":348,"Height":189,"Demand":30,"DemandMax":null,"Value":25342},{"Length":57,"Height":453,"Demand":44,"DemandMax":null,"Value":10975},{"Length":330,"Height":353,"Demand":8,"DemandMax":null,"Value":54355},{"Length":184,"Height":338,"Demand":40,"DemandMax":null,"Value":19980},{"Length":421,"Height":323,"Demand":11,"DemandMax":null,"Value":93036},{"Length":483,"Height":196,"Demand":8,"DemandMax":null,"Value":44487},{"Length":380,"Height":118,"Demand":31,"DemandMax":null,"Value":12290},{"Length":227,"Height":379,"Demand":4,"DemandMax":null,"Value":23433},{"Length":253,"Height":189,"Demand":28,"DemandMax":null,"Value":29140},{"Length":390,"Height":328,"Demand":36,"DemandMax":null,"Value":84451},{"Length":99,"Height":87,"Demand":21,"DemandMax":null,"Value":3447},{"Length":347,"Height":266,"Demand":7,"DemandMax":null,"Value":47924},{"Length":252,"Height":290,"Demand":3,"DemandMax":null,"Value":25261},{"Length":250,"Height":177,"Demand":5,"DemandMax":null,"Value":20513},{"Length":415,"Height":443,"Demand":10,"DemandMax":null,"Value":115158},{"Length":420,"Height":222,"Demand":4,"DemandMax":null,"Value":38537},{"Length":230,"Height":104,"Demand":36,"DemandMax":null,"Value":11998},{"Length":269,"Height":178,"Demand":31,"DemandMax":null,"Value":15046},{"Length":195,"Height":341,"Demand":47,"DemandMax":null,"Value":41236},{"Length":213,"Height":268,"Demand":14,"DemandMax":null,"Value":16659},{"Length":321,"Height":131,"Demand":3,"DemandMax":null,"Value":12421},{"Length":178,"Height":68,"Demand":34,"DemandMax":null,"Value":7483},{"Length":87,"Height":240,"Demand":28,"DemandMax":null,"Value":15262},{"Length":279,"Height":264,"Demand":6,"DemandMax":null,"Value":48145},{"Length":148,"Height":475,"Demand":34,"DemandMax":null,"Value":23844},{"Length":199,"Height":271,"Demand":3,"DemandMax":null,"Value":24991},{"Length":134,"Height":488,"Demand":1,"DemandMax":null,"Value":44020},{"Length":404,"Height":368,"Demand":27,"DemandMax":null,"Value":99952},{"Length":374,"Height":415,"Demand":16,"DemandMax":null,"Value":64005},{"Length":272,"Height":312,"Demand":50,"DemandMax":null,"Value":30655},{"Length":326,"Height":298,"Demand":8,"DemandMax":null,"Value":59513},{"Length":478,"Height":356,"Demand":37,"DemandMax":null,"Value":84919},{"Length":175,"Height":54,"Demand":15,"DemandMax":null,"Value":3451},{"Length":281,"Height":452,"Demand":49,"DemandMax":null,"Value":76132},{"Length":467,"Height":92,"Demand":25,"DemandMax":null,"Value":18128},{"Length":282,"Height":66,"Demand":40,"DemandMax":null,"Value":10405},{"Length":157,"Height":401,"Demand":6,"DemandMax":null,"Value":34144},{"Length":128,"Height":379,"Demand":42,"DemandMax":null,"Value":25832},{"Length":419,"Height":92,"Demand":2,"DemandMax":null,"Value":23928},{"Length":379,"Height":299,"Demand":33,"DemandMax":null,"Value":33310},{"Length":205,"Height":268,"Demand":26,"DemandMax":null,"Value":20233},{"Length":161,"Height":247,"Demand":7,"DemandMax":null,"Value":15484},{"Length":249,"Height":408,"Demand":13,"DemandMax":null,"Value":26978},{"Length":160,"Height":147,"Demand":47,"DemandMax":null,"Value":13023},{"Length":448,"Height":287,"Demand":13,"DemandMax":null,"Value":62211},{"Length":368,"Height":143,"Demand":21,"DemandMax":null,"Value":22395},{"Length":452,"Height":431,"Demand":25,"DemandMax":null,"Value":59637},{"Length":157,"Height":439,"Demand":7,"DemandMax":null,"Value":40734},{"Length":224,"Height":291,"Demand":17,"DemandMax":null,"Value":37511},{"Length":156,"Height":142,"Demand":13,"DemandMax":null,"Value":11032},{"Length":407,"Height":89,"Demand":42,"DemandMax":null,"Value":24367},{"Length":196,"Height":259,"Demand":49,"DemandMax":null,"Value":18350},{"Length":73,"Height":354,"Demand":32,"DemandMax":null,"Value":7425},{"Length":312,"Height":167,"Demand":43,"DemandMax":null,"Value":20388},{"Length":207,"Height":324,"Demand":35,"DemandMax":null,"Value":40950},{"Length":52,"Height":290,"Demand":47,"DemandMax":null,"Value":8785},{"Length":294,"Height":276,"Demand":44,"DemandMax":null,"Value":28978},{"Length":407,"Height":450,"Demand":44,"DemandMax":null,"Value":86535},{"Length":412,"Height":397,"Demand":7,"DemandMax":null,"Value":86266},{"Length":461,"Height":380,"Demand":50,"DemandMax":null,"Value":44509},{"Length":198,"Height":180,"Demand":43,"DemandMax":null,"Value":13052},{"Length":422,"Height":492,"Demand":17,"DemandMax":null,"Value":104574},{"Length":365,"Height":188,"Demand":22,"DemandMax":null,"Value":25300},{"Length":364,"Height":139,"Demand":45,"DemandMax":null,"Value":30085},{"Length":142,"Height":138,"Demand":31,"DemandMax":null,"Value":14590},{"Length":326,"Height":449,"Demand":29,"DemandMax":null,"Value":100927},{"Length":418,"Height":123,"Demand":17,"DemandMax":null,"Value":14772},{"Length":395,"Height":311,"Demand":19,"DemandMax":null,"Value":73094},{"Length":118,"Height":150,"Demand":49,"DemandMax":null,"Value":7452},{"Length":84,"Height":139,"Demand":32,"DemandMax":null,"Value":3367},{"Length":169,"Height":174,"Demand":8,"DemandMax":null,"Value":18305},{"Length":366,"Height":231,"Demand":9,"DemandMax":null,"Value":54443},{"Length":149,"Height":196,"Demand":32,"DemandMax":null,"Value":7595},{"Length":112,"Height":61,"Demand":8,"DemandMax":null,"Value":2495},{"Length":295,"Height":455,"Demand":41,"DemandMax":null,"Value":60971},{"Length":338,"Height":356,"Demand":48,"DemandMax":null,"Value":51447},{"Length":300,"Height":327,"Demand":24,"DemandMax":null,"Value":66245},{"Length":169,"Height":55,"Demand":27,"DemandMax":null,"Value":4777},{"Length":87,"Height":343,"Demand":47,"DemandMax":null,"Value":22329},{"Length":206,"Height":238,"Demand":6,"DemandMax":null,"Value":27297},{"Length":154,"Height":73,"Demand":11,"DemandMax":null,"Value":6292},{"Length":302,"Height":459,"Demand":4,"DemandMax":null,"Value":87002},{"Length":75,"Height":469,"Demand":17,"DemandMax":null,"Value":12576},{"Length":201,"Height":476,"Demand":32,"DemandMax":null,"Value":59812},{"Length":87,"Height":277,"Demand":10,"DemandMax":null,"Value":10237},{"Length":475,"Height":482,"Demand":40,"DemandMax":null,"Value":124786},{"Length":488,"Height":450,"Demand":35,"DemandMax":null,"Value":86945},{"Length":389,"Height":357,"Demand":36,"DemandMax":null,"Value":90357},{"Length":105,"Height":345,"Demand":14,"DemandMax":null,"Value":14054},{"Length":257,"Height":452,"Demand":46,"DemandMax":null,"Value":75614},{"Length":455,"Height":306,"Demand":11,"DemandMax":null,"Value":104363},{"Length":209,"Height":184,"Demand":34,"DemandMax":null,"Value":23236},{"Length":408,"Height":302,"Demand":27,"DemandMax":null,"Value":49136},{"Length":151,"Height":410,"Demand":32,"DemandMax":null,"Value":16012},{"Length":371,"Height":232,"Demand":24,"DemandMax":null,"Value":63803}]}