{"Name":"3A-4","Objects":[{"Length":2047,"Height":1023,"Stock":null,"Cost":2094081}],"Items":[{"Length":271,"Height":327,"Demand":4,"DemandMax":null,"Value":54875},{"Length":139,"Height":342,"Demand":5,"DemandMax":null,"Value":24793},{"Length":110,"Height":98,"Demand":3,"DemandMax":null,"Value":7545},{"Length":238,"Height":304,"Demand":2,"DemandMax":null,"Value":39782},{"Length":59,"Height":363,"Demand":7,"DemandMax":null,"Value":10122},{"Length":124,"Height":184,"Demand":1,"DemandMax":null,"Value":14906},{"Length":239,"Height":261,"Demand":4,"DemandMax":null,"Value":25784},{"Length":246,"Height":343,"Demand":5,"DemandMax":null,"Value":44677},{"Length":57,"Height":350,"Demand":2,"DemandMax":null,"Value":6679},{"Length":498,"Height":276,"Demand":4,"DemandMax":null,"Value":93484},{"Length":327,"Height":115,"Demand":7,"DemandMax":null,"Value":16661},{"Length":221,"Height":441,"Demand":3,"DemandMax":null,"Value":25266},{"Length":415,"Height":463,"Demand":3,"DemandMax":null,"Value":142309},{"Length":84,"Height":100,"Demand":6,"DemandMax":null,"Value":4385},{"Length":457,"Height":57,"Demand":8,"DemandMax":null,"Value":18363},{"Length":135,"Height":424,"Demand":6,"DemandMax":null,"Value":40834},{"Length":317,"Height":209,"Demand":9,"DemandMax":null,"Value":23294},{"Length":212,"Height":353,"Demand":8,"DemandMax":null,"Value":51781},{"Length":203,"Height":122,"Demand":10,"DemandMax":null,"Value":10363},{"Length":232,"Height":315,"Demand":1,"DemandMax":null,"Value":51819},{"Length":115,"Height":260,"Demand":7,"DemandMax":null,"Value":16106},{"Length":406,"Height":191,"Demand":9,"DemandMax":null,"Value":27867},{"Length":399,"Height":449,"Demand":9,"DemandMax":null,"Value":85506},{"Length":497,"Height":350,"Demand":1,"DemandMax":null,"Value":105705},{"Length":278,"Height":417,"Demand":4,"DemandMax":null,"Value":39528},{"Length":456,"Height":249,"Demand":6,"DemandMax":null,"Value":32586},{"Length":98,"Height":150,"Demand":2,"DemandMax":null,"Value":10340},{"Length":151,"Height":381,"Demand":7,"DemandMax":null,"Value":20977},{"Length":265,"Height":346,"Demand":10,"DemandMax":null,"Value":34742},{"Length":487,"Height":487,"Demand":2,"DemandMax":null,"Value":95826},{"Length":499,"Height":448,"Demand":1,"DemandMax":null,"Value":153797},{"Length":112,"Height":405,"Demand":5,"DemandMax":null,"Value":14447},{"Length":206,"Height":67,"Demand":5,"DemandMax":null,"Value":7578},{"Length":244,"Height":129,"Demand":10,"DemandMax":null,"Value":16797},{"Length":379,"Height":185,"Demand":1,"DemandMax":null,"Value":47190},{"Length":328,"Height":165,"Demand":3,"DemandMax":null,"Value":19486},{"Length":396,"Height":92,"Demand":5,"DemandMax":null,"Value":21124},{"Length":447,"Height":456,"Demand":1,"DemandMax":null,"Value":109808},{"Length":200,"Height":345,"Demand":2,"DemandMax":null,"Value":46598},{"Length":335,"Height":464,"Demand":2,"DemandMax":null,"Value":57778},{"Length":135,"Height":450,"Demand":3,"DemandMax":null,"Value":16721},{"Length":245,"Height":143,"Demand":8,"DemandMax":null,"Value":14111},{"Length":341,"Height":304,"Demand":6,"DemandMax":null,"Value":31846},{"Length":343,"Height":95,"Demand":6,"DemandMax":null,"Value":18843},{"Length":374,"Height":281,"Demand":4,"DemandMax":null,"Value":55253},{"Length":360,"Height":117,"Demand":3,"DemandMax":null,"Value":21507},{"Length":273,"Height":196,"Demand":7,"DemandMax":null,"Value":26571},{"Length":395,"Height":485,"Demand":9,"DemandMax":null,"Value":133950},{"Length":450,"Height":401,"Demand":5,"DemandMax":null,"Value":74570},{"Length":120,"Height":436,"Demand":9,"DemandMax":null,"Value":33745},{"Length":321,"Height":205,"Demand":5,"DemandMax":null,"Value":36812},{"Length":306,"Height":225,"Demand":10,"DemandMax":null,"Value":37426},{"Length":114,"Height":168,"Demand":10,"DemandMax":null,"Value":9372},{"Length":206,"Height":294,"Demand":6,"DemandMax":null,"Value":28143},{"Length":237,"Height":386,"Demand":10,"DemandMax":null,"Value":30015},{"Length":183,"Height":172,"Demand":2,"DemandMax":null,"Value":13780},{"Length":286,"Height":482,"Demand":9,"DemandMax":null,"Value":76447},{"Length":206,"Height":316,"Demand":10,"DemandMax":null,"Value":31232},{"Length":273,"Height":357,"Demand":9,"DemandMax":null,"Value":28108},{"Length":178,"Height":371,"Demand":9,"DemandMax":null,"Value":41401},{"Length":250,"Height":229,"Demand":7,"DemandMax":null,"Value":29558},{"Length":121,"Height":242,"Demand":9,"DemandMax":null,"Value":8474},{"Length":335,"Height":226,"Demand":1,"DemandMax":null,"Value":32435},{"Length":170,"Height":487,"Demand":4,"DemandMax":null,"Value":44751},{"Length":466,"Height":233,"Demand":4,"DemandMax":null,"Value":71070},{"Length":313,"Height":173,"Demand":8,"DemandMax":null,"Value":32373},{"Length":200,"Height":289,"Demand":4,"DemandMax":null,"Value":14594},{"Length":286,"Height":305,"Demand":10,"DemandMax":null,"Value":49126},{"Length":157,"Height":230,"Demand":9,"DemandMax":null,"Value":13450},{"Length":464,"Height":265,"Demand":6,"DemandMax":null,"Value":33796},{"Length":423,"Height":425,"Demand":1,"DemandMax":null,"Value":119277},{"Length":256,"Height":270,"Demand":2,"DemandMax":null,"Value":48418},{"Length":211,"Height":223,"Demand":5,"DemandMax":null,"Value":12275},{"Length":170,"Height":306,"Demand":3,"DemandMax":null,"Value":24720},{"Length":188,"Height":306,"Demand":5,"DemandMax":null,"Value":38316},{"Length":307,"Height":448,"Demand":2,"DemandMax":null,"Value":38703},{"Length":91,"Height":290,"Demand":7,"DemandMax":null,"Value":14618},{"Length":371,"Height":352,"Demand":7,"DemandMax":null,"Value":76209},{"Length":253,"Height":455,"Demand":1,"DemandMax":null,"Value":68451},{"Length":246,"Height":112,"Demand":10,"DemandMax":null,"Value":16177},{"Length":203,"Height":311,"Demand":2,"DemandMax":null,"Value":19233},{"Length":139,"Height":260,"Demand":10,"DemandMax":null,"Value":18081},{"Length":54,"Height":337,"Demand":2,"DemandMax":null,"Value":5800},{"Length":339,"Height":382,"Demand":3,"DemandMax":null,"Value":70895},{"Length":219,"Height":413,"Demand":1,"DemandMax":null,"Value":32451},{"Length":189,"Height":207,"Demand":2,"DemandMax":null,"Value":20875},{"Length":274,"Height":234,"Demand":10,"DemandMax":null,"Value":40330},{"Length":169,"Height":442,"Demand":6,"DemandMax":null,"Value":29518},{"Length":292,"Height":461,"Demand":10,"DemandMax":null,"Value":61083},{"Length":417,"Height":460,"Demand":7,"DemandMax":null,"Value":79324},{"Length":389,"Height":416,"Demand":8,"DemandMax":null,"Value":41604},{"Length":456,"Height":102,"Demand":2,"DemandMax":null,"Value":19486},{"Length":168,"Height":309,"Demand":6,"DemandMax":null,"Value":27125},{"Length":145,"Height":251,"Demand":1,"DemandMax":null,"Value":25268},{"Length":234,"Height":300,"Demand":3,"DemandMax":null,"Value":51414},{"Length":410,"Height":114,"Demand":10,"DemandMax":null,"Value":32987},{"Length":429,"Height":466,"Demand":6,"DemandMax":null,"Value":105767},{"Length":67,"Height":316,"Demand":10,"DemandMax":null,"Value":11836},{"Length":69,"Height":96,"Demand":6,"DemandMax":null,"Value":3502},{"Length":88,"Height":437,"Demand":10,"DemandMax":null,"Value":19722},{"Length":427,"Height":397,"Demand":7,"DemandMax":null,"Value":70309},{"Length":187,"Height":414,"Demand":7,"DemandMax":null,"Value":22796},{"Length":85,"Height":461,"Demand":6,"DemandMax":null,"Value":27608},{"Length":343,"Height":447,"Demand":2,"DemandMax":null,"Value":101267},{"Length":290,"Height":422,"Demand":3,"DemandMax":null,"Value":59081},{"Length":380,"Height":416,"Demand":2,"DemandMax":null,"Value":71016},{"Length":115,"Height":384,"Demand":9,"DemandMax":null,"Value":21590},{"Length":386,"Height":373,"Demand":10,"DemandMax":null,"Value":84322},{"Length":203,"Height":381,"Demand":4,"DemandMax":null,"Value":23149},{"Length":120,"Height":344,"Demand":6,"DemandMax":null,"Value":18294},{"Length":55,"Height":80,"Demand":7,"DemandMax":null,"Value":2276},{"Length":381,"Height":333,"Demand":9,"DemandMax":null,"Value":56793},{"Length":311,"Height":120,"Demand":2,"DemandMax":null,"Value":16403},{"Length":420,"Height":293,"Demand":9,"DemandMax":null,"Value":78985},{"Length":411,"Height":122,"Demand":9,"DemandMax":null,"Value":33579},{"Length":117,"Height":282,"Demand":7,"DemandMax":null,"Value":14052},{"Length":282,"Height":368,"Demand":9,"DemandMax":null,"Value":68112},{"Length":460,"Height":119,"Demand":7,"DemandMax":null,"Value":36285},{"Length":314,"Height":437,"Demand":8,"DemandMax":null,"Value":98058},{"Length":263,"Height":392,"Demand":3,"DemandMax":null,"Value":61960},{"Length":81,"Height":75,"Demand":7,"DemandMax":null,"Value":1822},{"Length":51,"Height":284,"Demand":3,"DemandMax":null,"Value":6216},{"Length":78,"Height":288,"Demand":2,"DemandMax":null,"Value":15986},{"Length":395,"Height":253,"Demand":6,"DemandMax":null,"Value":55882},{"Length":102,"Height":458,"Demand":10,"DemandMax":null,"Value":26493},{"Length":425,"Height":115,"Demand":1,"DemandMax":null,"Value":35922},{"Length":251,"Height":175,"Demand":3,"DemandMax":null,"Value":16510},{"Length":321,"Height":431,"Demand":5,"DemandMax":null,"Value":84556},{"Length":391,"Height":139,"Demand":1,"DemandMax":null,"Value":22100},{"Length":87,"Height":304,"Demand":3,"DemandMax":null,"Value":8996},{"Length":157,"Height":482,"Demand":9,"DemandMax":null,"Value":27079},{"Length":230,"Height":291,"Demand":2,"DemandMax":null,"Value":17793},{"Length":278,"Height":171,"Demand":5,"DemandMax":null,"Value":31438},{"Length":261,"Height":478,"Demand":5,"DemandMax":null,"Value":44710},{"Length":62,"Height":481,"Demand":2,"DemandMax":null,"Value":19115},{"Length":330,"Height":120,"Demand":7,"DemandMax":null,"Value":13839},{"Length":386,"Height":186,"Demand":8,"DemandMax":null,"Value":19567},{"Length":488,"Height":475,"Demand":5,"DemandMax":null,"Value":105453},{"Length":492,"Height":196,"Demand":10,"DemandMax":null,"Value":49254},{"Length":476,"Height":108,"Demand":7,"DemandMax":null,"Value":21130},{"Length":236,"Height":404,"Demand":4,"DemandMax":null,"Value":59769},{"Length":242,"Height":209,"Demand":4,"DemandMax":null,"Value":31351},{"Length":137,"Height":185,"Demand":1,"DemandMax":null,"Value":7560},{"Length":437,"Height":165,"Demand":8,"DemandMax":null,"Value":21938},{"Length":176,"Height":192,"Demand":9,"DemandMax":null,"Value":12578},{"Length":173,"Height":456,"Demand":3,"DemandMax":null,"Value":41936},{"Length":277,"Height":362,"Demand":1,"DemandMax":null,"Value":35209},{"Length":399,"Height":334,"Demand":1,"DemandMax":null,"Value":78252},{"Length":395,"Height":267,"Demand":9,"DemandMax":null,"Value":29741},{"Length":404,"Height":347,"Demand":6,"DemandMax":null,"Value":38889}]}