{"Name":"2B-8","Objects":[{"Length":2350,"Height":1443,"Stock":null,"Cost":3391050}],"Items":[{"Length":359,"Height":282,"Demand":30,"DemandMax":null,"Value":25790},{"Length":226,"Height":142,"Demand":34,"DemandMax":null,"Value":23254},{"Length":225,"Height":116,"Demand":47,"DemandMax":null,"Value":16814},{"Length":126,"Height":482,"Demand":6,"DemandMax":null,"Value":24861},{"Length":362,"Height":92,"Demand":43,"DemandMax":null,"Value":8579},{"Length":251,"Height":52,"Demand":2,"DemandMax":null,"Value":5029},{"Length":466,"Height":387,"Demand":17,"DemandMax":null,"Value":76652},{"Length":331,"Height":192,"Demand":16,"DemandMax":null,"Value":29654},{"Length":312,"Height":76,"Demand":40,"DemandMax":null,"Value":7618},{"Length":344,"Height":280,"Demand":10,"DemandMax":null,"Value":65899},{"Length":405,"Height":296,"Demand":38,"DemandMax":null,"Value":56335},{"Length":179,"Height":235,"Demand":32,"DemandMax":null,"Value":11530},{"Length":363,"Height":477,"Demand":15,"DemandMax":null,"Value":47161},{"Length":243,"Height":196,"Demand":45,"DemandMax":null,"Value":29025},{"Length":437,"Height":314,"Demand":33,"DemandMax":null,"Value":90589},{"Length":336,"Height":93,"Demand":14,"DemandMax":null,"Value":12507},{"Length":383,"Height":414,"Demand":24,"DemandMax":null,"Value":82326},{"Length":376,"Height":79,"Demand":44,"DemandMax":null,"Value":10267},{"Length":320,"Height":150,"Demand":43,"DemandMax":null,"Value":22251},{"Length":415,"Height":105,"Demand":1,"DemandMax":null,"Value":27295},{"Length":139,"Height":228,"Demand":38,"DemandMax":null,"Value":13098},{"Length":442,"Height":452,"Demand":48,"DemandMax":null,"Value":100208},{"Length":122,"Height":145,"Demand":7,"DemandMax":null,"Value":5559},{"Length":246,"Height":60,"Demand":24,"DemandMax":null,"Value":9153},{"Length":272,"Height":146,"Demand":39,"DemandMax":null,"Value":11589},{"Length":156,"Height":275,"Demand":28,"DemandMax":null,"Value":12672},{"Length":64,"Height":204,"Demand":3,"DemandMax":null,"Value":8072},{"Length":393,"Height":201,"Demand":1,"DemandMax":null,"Value":57740},{"Length":121,"Height":245,"Demand":6,"DemandMax":null,"Value":19378},{"Length":428,"Height":278,"Demand":9,"DemandMax":null,"Value":40356},{"Length":410,"Height":447,"Demand":12,"DemandMax":null,"Value":84927},{"Length":308,"Height":225,"Demand":33,"DemandMax":null,"Value":46651},{"Length":401,"Height":138,"Demand":15,"DemandMax":null,"Value":37204},{"Length":333,"Height":341,"Demand":14,"DemandMax":null,"Value":46826},{"Length":498,"Height":338,"Demand":27,"DemandMax":null,"Value":60803},{"Length":365,"Height":159,"Demand":3,"DemandMax":null,"Value":35553},{"Length":71,"Height":214,"Demand":22,"DemandMax":null,"Value":7582},{"Length":271,"Height":347,"Demand":31,"DemandMax":null,"Value":34339},{"Length":331,"Height":451,"Demand":12,"DemandMax":null,"Value":89480},{"Length":327,"Height":55,"Demand":35,"DemandMax":null,"Value":7589},{"Length":327,"Height":151,"Demand":10,"DemandMax":null,"Value":27604},{"Length":384,"Height":191,"Demand":4,"DemandMax":null,"Value":39777},{"Length":208,"Height":51,"Demand":33,"DemandMax":null,"Value":5649},{"Length":481,"Height":126,"Demand":27,"DemandMax":null,"Value":37620},{"Length":111,"Height":134,"Demand":40,"DemandMax":null,"Value":4372},{"Length":140,"Height":232,"Demand":35,"DemandMax":null,"Value":11962},{"Length":461,"Height":487,"Demand":21,"DemandMax":null,"Value":87415},{"Length":248,"Height":54,"Demand":5,"DemandMax":null,"Value":3556},{"Length":134,"Height":54,"Demand":46,"DemandMax":null,"Value":4007},{"Length":278,"Height":153,"Demand":41,"DemandMax":null,"Value":20580},{"Length":402,"Height":368,"Demand":26,"DemandMax":null,"Value":62955},{"Length":52,"Height":467,"Demand":20,"DemandMax":null,"Value":7434},{"Length":231,"Height":312,"Demand":50,"DemandMax":null,"Value":42596},{"Length":434,"Height":205,"Demand":29,"DemandMax":null,"Value":51199},{"Length":310,"Height":199,"Demand":44,"DemandMax":null,"Value":30723},{"Length":352,"Height":357,"Demand":28,"DemandMax":null,"Value":84534},{"Length":312,"Height":412,"Demand":26,"DemandMax":null,"Value":46467},{"Length":404,"Height":91,"Demand":5,"DemandMax":null,"Value":10563},{"Length":191,"Height":165,"Demand":1,"DemandMax":null,"Value":12331},{"Length":474,"Height":168,"Demand":33,"DemandMax":null,"Value":48621},{"Length":81,"Height":303,"Demand":28,"DemandMax":null,"Value":14297},{"Length":149,"Height":385,"Demand":39,"DemandMax":null,"Value":20486},{"Length":485,"Height":197,"Demand":48,"DemandMax":null,"Value":45143},{"Length":150,"Height":297,"Demand":29,"DemandMax":null,"Value":23496},{"Length":113,"Height":217,"Demand":30,"DemandMax":null,"Value":6230},{"Length":201,"Height":377,"Demand":18,"DemandMax":null,"Value":27752},{"Length":241,"Height":434,"Demand":34,"DemandMax":null,"Value":52681},{"Length":99,"Height":244,"Demand":12,"DemandMax":null,"Value":8906},{"Length":392,"Height":366,"Demand":28,"DemandMax":null,"Value":85311},{"Length":272,"Height":395,"Demand":35,"DemandMax":null,"Value":79995},{"Length":194,"Height":378,"Demand":18,"DemandMax":null,"Value":50563},{"Length":492,"Height":266,"Demand":17,"DemandMax":null,"Value":37601},{"Length":234,"Height":284,"Demand":1,"DemandMax":null,"Value":39542},{"Length":443,"Height":237,"Demand":6,"DemandMax":null,"Value":44201},{"Length":416,"Height":278,"Demand":48,"DemandMax":null,"Value":33352},{"Length":420,"Height":464,"Demand":36,"DemandMax":null,"Value":121315},{"Length":183,"Height":70,"Demand":3,"DemandMax":null,"Value":8249},{"Length":462,"Height":430,"Demand":23,"DemandMax":null,"Value":51666},{"Length":422,"Height":340,"Demand":40,"DemandMax":null,"Value":52407},{"Length":322,"Height":486,"Demand":28,"DemandMax":null,"Value":71086},{"Length":390,"Height":194,"Demand":1,"DemandMax":null,"Value":32349},{"Length":185,"Height":185,"Demand":14,"DemandMax":null,"Value":23111},{"Length":397,"Height":386,"Demand":16,"DemandMax":null,"Value":78759},{"Length":159,"Height":171,"Demand":22,"DemandMax":null,"Value":20344},{"Length":88,"Height":309,"Demand":7,"DemandMax":null,"Value":15140},{"Length":302,"Height":120,"Demand":38,"DemandMax":null,"Value":20282},{"Length":192,"Height":73,"Demand":15,"DemandMax":null,"Value":8797},{"Length":247,"Height":286,"Demand":31,"DemandMax":null,"Value":25256},{"Length":316,"Height":460,"Demand":6,"DemandMax":null,"Value":90872},{"Length":61,"Height":472,"Demand":27,"DemandMax":null,"Value":12231},{"Length":135,"Height":488,"Demand":39,"DemandMax":null,"Value":35907},{"Length":213,"Height":63,"Demand":26,"DemandMax":null,"Value":5313},{"Length":131,"Height":221,"Demand":28,"DemandMax":null,"Value":18837},{"Length":150,"Height":162,"Demand":46,"DemandMax":null,"Value":9427},{"Length":313,"Height":479,"Demand":8,"DemandMax":null,"Value":97591},{"Length":311,"Height":142,"Demand":33,"DemandMax":null,"Value":33103},{"Length":144,"Height":474,"Demand":28,"DemandMax":null,"Value":41242},{"Length":239,"Height":493,"Demand":3,"DemandMax":null,"Value":46987},{"Length":133,"Height":243,"Demand":15,"DemandMax":null,"Value":8359},{"Length":100,"Height":433,"Demand":8,"DemandMax":null,"Value":32097}]}