{"Name":"2B-3","Objects":[{"Length":2950,"Height":1279,"Stock":null,"Cost":3773050}],"Items":[{"Length":408,"Height":263,"Demand":28,"DemandMax":null,"Value":27335},{"Length":394,"Height":487,"Demand":24,"DemandMax":null,"Value":139036},{"Length":363,"Height":376,"Demand":32,"DemandMax":null,"Value":87929},{"Length":202,"Height":131,"Demand":49,"DemandMax":null,"Value":10832},{"Length":386,"Height":409,"Demand":13,"DemandMax":null,"Value":40666},{"Length":94,"Height":102,"Demand":25,"DemandMax":null,"Value":3694},{"Length":69,"Height":399,"Demand":42,"DemandMax":null,"Value":11702},{"Length":298,"Height":94,"Demand":22,"DemandMax":null,"Value":13071},{"Length":289,"Height":188,"Demand":12,"DemandMax":null,"Value":17455},{"Length":486,"Height":234,"Demand":6,"DemandMax":null,"Value":77807},{"Length":197,"Height":353,"Demand":38,"DemandMax":null,"Value":32680},{"Length":182,"Height":206,"Demand":7,"DemandMax":null,"Value":10276},{"Length":317,"Height":432,"Demand":3,"DemandMax":null,"Value":37299},{"Length":351,"Height":279,"Demand":39,"DemandMax":null,"Value":59678},{"Length":176,"Height":196,"Demand":46,"DemandMax":null,"Value":22774},{"Length":99,"Height":101,"Demand":27,"DemandMax":null,"Value":4002},{"Length":321,"Height":355,"Demand":48,"DemandMax":null,"Value":59166},{"Length":417,"Height":406,"Demand":10,"DemandMax":null,"Value":58521},{"Length":368,"Height":377,"Demand":19,"DemandMax":null,"Value":64314},{"Length":100,"Height":288,"Demand":20,"DemandMax":null,"Value":18040},{"Length":114,"Height":276,"Demand":19,"DemandMax":null,"Value":13004},{"Length":213,"Height":180,"Demand":46,"DemandMax":null,"Value":19231},{"Length":92,"Height":399,"Demand":34,"DemandMax":null,"Value":11535},{"Length":171,"Height":226,"Demand":15,"DemandMax":null,"Value":23966},{"Length":277,"Height":493,"Demand":28,"DemandMax":null,"Value":39852},{"Length":223,"Height":207,"Demand":24,"DemandMax":null,"Value":13635},{"Length":450,"Height":477,"Demand":37,"DemandMax":null,"Value":132708},{"Length":377,"Height":150,"Demand":39,"DemandMax":null,"Value":41336},{"Length":189,"Height":135,"Demand":4,"DemandMax":null,"Value":16678},{"Length":190,"Height":221,"Demand":49,"DemandMax":null,"Value":14242},{"Length":243,"Height":351,"Demand":14,"DemandMax":null,"Value":39525},{"Length":97,"Height":193,"Demand":29,"DemandMax":null,"Value":12602},{"Length":177,"Height":73,"Demand":34,"DemandMax":null,"Value":8687},{"Length":382,"Height":334,"Demand":40,"DemandMax":null,"Value":52614},{"Length":102,"Height":319,"Demand":40,"DemandMax":null,"Value":11754},{"Length":111,"Height":488,"Demand":33,"DemandMax":null,"Value":33184},{"Length":470,"Height":197,"Demand":47,"DemandMax":null,"Value":46205},{"Length":278,"Height":222,"Demand":31,"DemandMax":null,"Value":22536},{"Length":414,"Height":354,"Demand":22,"DemandMax":null,"Value":87847},{"Length":313,"Height":278,"Demand":30,"DemandMax":null,"Value":36715},{"Length":247,"Height":118,"Demand":17,"DemandMax":null,"Value":16294},{"Length":134,"Height":266,"Demand":25,"DemandMax":null,"Value":19331},{"Length":54,"Height":120,"Demand":8,"DemandMax":null,"Value":3450},{"Length":423,"Height":169,"Demand":16,"DemandMax":null,"Value":44374},{"Length":274,"Height":337,"Demand":9,"DemandMax":null,"Value":27142},{"Length":328,"Height":321,"Demand":50,"DemandMax":null,"Value":38775},{"Length":428,"Height":251,"Demand":18,"DemandMax":null,"Value":41828},{"Length":70,"Height":164,"Demand":18,"DemandMax":null,"Value":3049},{"Length":259,"Height":333,"Demand":5,"DemandMax":null,"Value":47755},{"Length":358,"Height":120,"Demand":2,"DemandMax":null,"Value":20786},{"Length":221,"Height":51,"Demand":17,"DemandMax":null,"Value":4796},{"Length":203,"Height":295,"Demand":33,"DemandMax":null,"Value":18332},{"Length":270,"Height":88,"Demand":17,"DemandMax":null,"Value":14042},{"Length":478,"Height":159,"Demand":44,"DemandMax":null,"Value":43736},{"Length":203,"Height":90,"Demand":33,"DemandMax":null,"Value":9099},{"Length":418,"Height":107,"Demand":25,"DemandMax":null,"Value":30087},{"Length":56,"Height":117,"Demand":41,"DemandMax":null,"Value":2368},{"Length":206,"Height":304,"Demand":25,"DemandMax":null,"Value":17992},{"Length":354,"Height":355,"Demand":2,"DemandMax":null,"Value":49173},{"Length":463,"Height":212,"Demand":49,"DemandMax":null,"Value":59932},{"Length":209,"Height":250,"Demand":45,"DemandMax":null,"Value":30437},{"Length":290,"Height":363,"Demand":41,"DemandMax":null,"Value":37594},{"Length":91,"Height":165,"Demand":33,"DemandMax":null,"Value":7094},{"Length":485,"Height":349,"Demand":6,"DemandMax":null,"Value":89273},{"Length":353,"Height":314,"Demand":4,"DemandMax":null,"Value":28162},{"Length":97,"Height":332,"Demand":20,"DemandMax":null,"Value":11794},{"Length":71,"Height":418,"Demand":32,"DemandMax":null,"Value":14948},{"Length":202,"Height":336,"Demand":43,"DemandMax":null,"Value":25025},{"Length":101,"Height":274,"Demand":26,"DemandMax":null,"Value":16455},{"Length":192,"Height":487,"Demand":25,"DemandMax":null,"Value":69619},{"Length":151,"Height":443,"Demand":18,"DemandMax":null,"Value":46124},{"Length":113,"Height":145,"Demand":40,"DemandMax":null,"Value":4708},{"Length":222,"Height":283,"Demand":13,"DemandMax":null,"Value":37382},{"Length":254,"Height":394,"Demand":32,"DemandMax":null,"Value":42132},{"Length":68,"Height":352,"Demand":32,"DemandMax":null,"Value":6903},{"Length":417,"Height":79,"Demand":14,"DemandMax":null,"Value":20507},{"Length":306,"Height":429,"Demand":41,"DemandMax":null,"Value":84534},{"Length":282,"Height":161,"Demand":11,"DemandMax":null,"Value":11808},{"Length":145,"Height":273,"Demand":9,"DemandMax":null,"Value":14459},{"Length":308,"Height":444,"Demand":31,"DemandMax":null,"Value":62119},{"Length":258,"Height":211,"Demand":5,"DemandMax":null,"Value":23275},{"Length":218,"Height":284,"Demand":25,"DemandMax":null,"Value":41808},{"Length":457,"Height":170,"Demand":29,"DemandMax":null,"Value":39929},{"Length":79,"Height":332,"Demand":39,"DemandMax":null,"Value":19625},{"Length":124,"Height":203,"Demand":48,"DemandMax":null,"Value":14015},{"Length":75,"Height":294,"Demand":22,"DemandMax":null,"Value":12341},{"Length":278,"Height":167,"Demand":5,"DemandMax":null,"Value":29139},{"Length":137,"Height":323,"Demand":28,"DemandMax":null,"Value":15820},{"Length":176,"Height":101,"Demand":5,"DemandMax":null,"Value":11113},{"Length":196,"Height":178,"Demand":37,"DemandMax":null,"Value":14821},{"Length":296,"Height":138,"Demand":28,"DemandMax":null,"Value":22264},{"Length":262,"Height":157,"Demand":35,"DemandMax":null,"Value":16286},{"Length":253,"Height":127,"Demand":33,"DemandMax":null,"Value":20906},{"Length":125,"Height":287,"Demand":25,"DemandMax":null,"Value":13918},{"Length":408,"Height":276,"Demand":30,"DemandMax":null,"Value":73299},{"Length":434,"Height":236,"Demand":34,"DemandMax":null,"Value":76774},{"Length":290,"Height":393,"Demand":17,"DemandMax":null,"Value":68864},{"Length":236,"Height":124,"Demand":45,"DemandMax":null,"Value":11670},{"Length":89,"Height":61,"Demand":25,"DemandMax":null,"Value":1404},{"Length":227,"Height":279,"Demand":35,"DemandMax":null,"Value":46947}]}