{"Name":"3A-5","Objects":[{"Length":2798,"Height":1399,"Stock":null,"Cost":3914402}],"Items":[{"Length":57,"Height":158,"Demand":6,"DemandMax":null,"Value":2645},{"Length":121,"Height":390,"Demand":10,"DemandMax":null,"Value":29010},{"Length":352,"Height":128,"Demand":2,"DemandMax":null,"Value":17305},{"Length":273,"Height":187,"Demand":2,"DemandMax":null,"Value":33976},{"Length":452,"Height":227,"Demand":2,"DemandMax":null,"Value":45374},{"Length":375,"Height":169,"Demand":6,"DemandMax":null,"Value":20954},{"Length":372,"Height":53,"Demand":6,"DemandMax":null,"Value":10146},{"Length":114,"Height":463,"Demand":8,"DemandMax":null,"Value":34375},{"Length":346,"Height":328,"Demand":10,"DemandMax":null,"Value":81422},{"Length":139,"Height":125,"Demand":6,"DemandMax":null,"Value":12425},{"Length":210,"Height":156,"Demand":9,"DemandMax":null,"Value":16685},{"Length":461,"Height":233,"Demand":10,"DemandMax":null,"Value":41680},{"Length":313,"Height":371,"Demand":1,"DemandMax":null,"Value":40545},{"Length":379,"Height":57,"Demand":5,"DemandMax":null,"Value":6029},{"Length":372,"Height":439,"Demand":10,"DemandMax":null,"Value":79014},{"Length":164,"Height":164,"Demand":5,"DemandMax":null,"Value":8956},{"Length":232,"Height":134,"Demand":8,"DemandMax":null,"Value":9457},{"Length":244,"Height":455,"Demand":6,"DemandMax":null,"Value":39715},{"Length":81,"Height":184,"Demand":6,"DemandMax":null,"Value":7097},{"Length":65,"Height":384,"Demand":1,"DemandMax":null,"Value":12294},{"Length":470,"Height":147,"Demand":7,"DemandMax":null,"Value":31248},{"Length":94,"Height":355,"Demand":10,"DemandMax":null,"Value":14187},{"Length":404,"Height":165,"Demand":8,"DemandMax":null,"Value":37605},{"Length":203,"Height":189,"Demand":3,"DemandMax":null,"Value":14669},{"Length":409,"Height":156,"Demand":3,"DemandMax":null,"Value":47751},{"Length":346,"Height":213,"Demand":10,"DemandMax":null,"Value":26511},{"Length":113,"Height":173,"Demand":3,"DemandMax":null,"Value":12362},{"Length":364,"Height":122,"Demand":4,"DemandMax":null,"Value":23950},{"Length":464,"Height":352,"Demand":10,"DemandMax":null,"Value":42469},{"Length":210,"Height":63,"Demand":5,"DemandMax":null,"Value":8932},{"Length":440,"Height":299,"Demand":7,"DemandMax":null,"Value":97572},{"Length":490,"Height":432,"Demand":4,"DemandMax":null,"Value":153579},{"Length":459,"Height":432,"Demand":8,"DemandMax":null,"Value":122368},{"Length":143,"Height":145,"Demand":9,"DemandMax":null,"Value":10010},{"Length":466,"Height":256,"Demand":2,"DemandMax":null,"Value":36286},{"Length":409,"Height":476,"Demand":8,"DemandMax":null,"Value":139299},{"Length":499,"Height":335,"Demand":4,"DemandMax":null,"Value":119201},{"Length":399,"Height":110,"Demand":4,"DemandMax":null,"Value":30780},{"Length":187,"Height":230,"Demand":7,"DemandMax":null,"Value":22249},{"Length":344,"Height":252,"Demand":3,"DemandMax":null,"Value":26619},{"Length":381,"Height":404,"Demand":4,"DemandMax":null,"Value":113108},{"Length":393,"Height":371,"Demand":4,"DemandMax":null,"Value":40656},{"Length":208,"Height":255,"Demand":9,"DemandMax":null,"Value":13759},{"Length":334,"Height":100,"Demand":6,"DemandMax":null,"Value":14907},{"Length":63,"Height":332,"Demand":5,"DemandMax":null,"Value":7325},{"Length":273,"Height":393,"Demand":8,"DemandMax":null,"Value":47603},{"Length":258,"Height":244,"Demand":6,"DemandMax":null,"Value":25232},{"Length":457,"Height":201,"Demand":5,"DemandMax":null,"Value":55810},{"Length":376,"Height":490,"Demand":2,"DemandMax":null,"Value":116184},{"Length":407,"Height":153,"Demand":2,"DemandMax":null,"Value":46613},{"Length":318,"Height":369,"Demand":5,"DemandMax":null,"Value":85976},{"Length":440,"Height":400,"Demand":5,"DemandMax":null,"Value":56120},{"Length":223,"Height":484,"Demand":4,"DemandMax":null,"Value":57964},{"Length":175,"Height":480,"Demand":8,"DemandMax":null,"Value":35683},{"Length":262,"Height":329,"Demand":4,"DemandMax":null,"Value":40291},{"Length":104,"Height":203,"Demand":1,"DemandMax":null,"Value":9998},{"Length":232,"Height":350,"Demand":4,"DemandMax":null,"Value":44497},{"Length":336,"Height":420,"Demand":5,"DemandMax":null,"Value":43982},{"Length":452,"Height":343,"Demand":8,"DemandMax":null,"Value":79592},{"Length":117,"Height":363,"Demand":6,"DemandMax":null,"Value":13529},{"Length":111,"Height":134,"Demand":3,"DemandMax":null,"Value":3820},{"Length":448,"Height":358,"Demand":7,"DemandMax":null,"Value":60360},{"Length":87,"Height":162,"Demand":7,"DemandMax":null,"Value":6723},{"Length":473,"Height":495,"Demand":10,"DemandMax":null,"Value":60913},{"Length":124,"Height":115,"Demand":9,"DemandMax":null,"Value":7376},{"Length":124,"Height":56,"Demand":6,"DemandMax":null,"Value":4100},{"Length":251,"Height":278,"Demand":7,"DemandMax":null,"Value":41588},{"Length":192,"Height":454,"Demand":9,"DemandMax":null,"Value":32933},{"Length":231,"Height":109,"Demand":10,"DemandMax":null,"Value":11688},{"Length":86,"Height":348,"Demand":3,"DemandMax":null,"Value":20316},{"Length":346,"Height":283,"Demand":7,"DemandMax":null,"Value":54418},{"Length":183,"Height":363,"Demand":10,"DemandMax":null,"Value":19019},{"Length":118,"Height":119,"Demand":7,"DemandMax":null,"Value":6879},{"Length":109,"Height":333,"Demand":6,"DemandMax":null,"Value":18346},{"Length":270,"Height":359,"Demand":1,"DemandMax":null,"Value":38105},{"Length":160,"Height":256,"Demand":10,"DemandMax":null,"Value":30211},{"Length":408,"Height":329,"Demand":4,"DemandMax":null,"Value":67240},{"Length":169,"Height":169,"Demand":1,"DemandMax":null,"Value":17520},{"Length":177,"Height":388,"Demand":8,"DemandMax":null,"Value":30225},{"Length":84,"Height":97,"Demand":5,"DemandMax":null,"Value":4906},{"Length":174,"Height":440,"Demand":6,"DemandMax":null,"Value":41069},{"Length":88,"Height":407,"Demand":8,"DemandMax":null,"Value":24474},{"Length":257,"Height":425,"Demand":8,"DemandMax":null,"Value":55777},{"Length":200,"Height":227,"Demand":1,"DemandMax":null,"Value":28189},{"Length":53,"Height":402,"Demand":2,"DemandMax":null,"Value":12243},{"Length":376,"Height":312,"Demand":8,"DemandMax":null,"Value":50023},{"Length":53,"Height":167,"Demand":9,"DemandMax":null,"Value":2511},{"Length":228,"Height":297,"Demand":9,"DemandMax":null,"Value":38523},{"Length":219,"Height":292,"Demand":7,"DemandMax":null,"Value":38730},{"Length":480,"Height":71,"Demand":8,"DemandMax":null,"Value":23104},{"Length":185,"Height":265,"Demand":2,"DemandMax":null,"Value":28725},{"Length":316,"Height":356,"Demand":6,"DemandMax":null,"Value":80942},{"Length":282,"Height":495,"Demand":4,"DemandMax":null,"Value":41827},{"Length":281,"Height":320,"Demand":8,"DemandMax":null,"Value":63509},{"Length":145,"Height":412,"Demand":2,"DemandMax":null,"Value":31450},{"Length":285,"Height":330,"Demand":7,"DemandMax":null,"Value":23715},{"Length":261,"Height":382,"Demand":6,"DemandMax":null,"Value":34611},{"Length":155,"Height":309,"Demand":4,"DemandMax":null,"Value":24113},{"Length":446,"Height":195,"Demand":3,"DemandMax":null,"Value":59829},{"Length":212,"Height":229,"Demand":2,"DemandMax":null,"Value":23908},{"Length":239,"Height":240,"Demand":2,"DemandMax":null,"Value":17253},{"Length":480,"Height":270,"Demand":7,"DemandMax":null,"Value":74256},{"Length":86,"Height":362,"Demand":6,"DemandMax":null,"Value":10144},{"Length":231,"Height":454,"Demand":4,"DemandMax":null,"Value":65674},{"Length":119,"Height":160,"Demand":3,"DemandMax":null,"Value":9444},{"Length":407,"Height":312,"Demand":6,"DemandMax":null,"Value":60945},{"Length":298,"Height":120,"Demand":9,"DemandMax":null,"Value":10018},{"Length":351,"Height":51,"Demand":1,"DemandMax":null,"Value":4969},{"Length":225,"Height":171,"Demand":4,"DemandMax":null,"Value":14584},{"Length":396,"Height":68,"Demand":4,"DemandMax":null,"Value":18311},{"Length":157,"Height":281,"Demand":7,"DemandMax":null,"Value":24334},{"Length":421,"Height":387,"Demand":10,"DemandMax":null,"Value":96459},{"Length":111,"Height":294,"Demand":2,"DemandMax":null,"Value":10448},{"Length":200,"Height":399,"Demand":6,"DemandMax":null,"Value":31254},{"Length":420,"Height":221,"Demand":2,"DemandMax":null,"Value":69267},{"Length":140,"Height":374,"Demand":1,"DemandMax":null,"Value":37447},{"Length":390,"Height":290,"Demand":10,"DemandMax":null,"Value":83736},{"Length":424,"Height":146,"Demand":10,"DemandMax":null,"Value":32733},{"Length":260,"Height":261,"Demand":10,"DemandMax":null,"Value":23195},{"Length":141,"Height":192,"Demand":8,"DemandMax":null,"Value":8316},{"Length":436,"Height":480,"Demand":6,"DemandMax":null,"Value":131840},{"Length":246,"Height":487,"Demand":8,"DemandMax":null,"Value":54836},{"Length":121,"Height":134,"Demand":5,"DemandMax":null,"Value":7743},{"Length":451,"Height":76,"Demand":3,"DemandMax":null,"Value":16607},{"Length":369,"Height":266,"Demand":3,"DemandMax":null,"Value":28118},{"Length":298,"Height":416,"Demand":7,"DemandMax":null,"Value":73849},{"Length":311,"Height":211,"Demand":6,"DemandMax":null,"Value":47414},{"Length":496,"Height":311,"Demand":9,"DemandMax":null,"Value":50674},{"Length":178,"Height":227,"Demand":7,"DemandMax":null,"Value":14169},{"Length":171,"Height":429,"Demand":2,"DemandMax":null,"Value":45143},{"Length":457,"Height":193,"Demand":10,"DemandMax":null,"Value":46205},{"Length":119,"Height":259,"Demand":5,"DemandMax":null,"Value":10865},{"Length":340,"Height":366,"Demand":4,"DemandMax":null,"Value":58300},{"Length":441,"Height":178,"Demand":8,"DemandMax":null,"Value":21312},{"Length":235,"Height":127,"Demand":7,"DemandMax":null,"Value":8630},{"Length":369,"Height":311,"Demand":4,"DemandMax":null,"Value":65085},{"Length":402,"Height":383,"Demand":6,"DemandMax":null,"Value":101169},{"Length":454,"Height":402,"Demand":10,"DemandMax":null,"Value":112346},{"Length":206,"Height":275,"Demand":2,"DemandMax":null,"Value":17332},{"Length":376,"Height":89,"Demand":4,"DemandMax":null,"Value":17909},{"Length":320,"Height":413,"Demand":10,"DemandMax":null,"Value":92909},{"Length":451,"Height":340,"Demand":7,"DemandMax":null,"Value":94035},{"Length":466,"Height":189,"Demand":7,"DemandMax":null,"Value":39687},{"Length":327,"Height":381,"Demand":4,"DemandMax":null,"Value":69283},{"Length":120,"Height":432,"Demand":5,"DemandMax":null,"Value":34777},{"Length":150,"Height":449,"Demand":8,"DemandMax":null,"Value":29049},{"Length":444,"Height":259,"Demand":8,"DemandMax":null,"Value":44987},{"Length":112,"Height":349,"Demand":4,"DemandMax":null,"Value":14514},{"Length":437,"Height":384,"Demand":2,"DemandMax":null,"Value":58796},{"Length":116,"Height":291,"Demand":3,"DemandMax":null,"Value":13797}]}