{"Name":"1A-6","Objects":[{"Length":2345,"Height":1435,"Stock":null,"Cost":3365075}],"Items":[{"Length":406,"Height":286,"Demand":3,"DemandMax":null,"Value":50199},{"Length":265,"Height":223,"Demand":10,"DemandMax":null,"Value":43726},{"Length":179,"Height":301,"Demand":3,"DemandMax":null,"Value":19712},{"Length":453,"Height":124,"Demand":9,"DemandMax":null,"Value":39707},{"Length":305,"Height":202,"Demand":6,"DemandMax":null,"Value":42040},{"Length":383,"Height":148,"Demand":8,"DemandMax":null,"Value":30910},{"Length":112,"Height":368,"Demand":5,"DemandMax":null,"Value":19925},{"Length":165,"Height":209,"Demand":10,"DemandMax":null,"Value":22493},{"Length":177,"Height":93,"Demand":7,"DemandMax":null,"Value":4174},{"Length":317,"Height":169,"Demand":3,"DemandMax":null,"Value":37733},{"Length":215,"Height":384,"Demand":7,"DemandMax":null,"Value":49893},{"Length":405,"Height":203,"Demand":1,"DemandMax":null,"Value":28644},{"Length":137,"Height":494,"Demand":6,"DemandMax":null,"Value":29179},{"Length":390,"Height":322,"Demand":1,"DemandMax":null,"Value":68586},{"Length":453,"Height":484,"Demand":5,"DemandMax":null,"Value":95697},{"Length":66,"Height":100,"Demand":7,"DemandMax":null,"Value":2209},{"Length":183,"Height":469,"Demand":4,"DemandMax":null,"Value":30661},{"Length":447,"Height":213,"Demand":3,"DemandMax":null,"Value":58498},{"Length":201,"Height":434,"Demand":3,"DemandMax":null,"Value":60120},{"Length":468,"Height":104,"Demand":3,"DemandMax":null,"Value":34704},{"Length":493,"Height":192,"Demand":2,"DemandMax":null,"Value":27123},{"Length":370,"Height":323,"Demand":4,"DemandMax":null,"Value":85165},{"Length":131,"Height":59,"Demand":8,"DemandMax":null,"Value":3856},{"Length":212,"Height":332,"Demand":4,"DemandMax":null,"Value":48034},{"Length":484,"Height":332,"Demand":10,"DemandMax":null,"Value":87755},{"Length":266,"Height":316,"Demand":6,"DemandMax":null,"Value":28356},{"Length":131,"Height":88,"Demand":4,"DemandMax":null,"Value":7985},{"Length":127,"Height":114,"Demand":8,"DemandMax":null,"Value":8144},{"Length":463,"Height":381,"Demand":1,"DemandMax":null,"Value":93032},{"Length":56,"Height":498,"Demand":5,"DemandMax":null,"Value":14357},{"Length":369,"Height":305,"Demand":2,"DemandMax":null,"Value":38324},{"Length":137,"Height":445,"Demand":9,"DemandMax":null,"Value":27217},{"Length":51,"Height":119,"Demand":10,"DemandMax":null,"Value":1751},{"Length":229,"Height":204,"Demand":8,"DemandMax":null,"Value":14300},{"Length":220,"Height":186,"Demand":7,"DemandMax":null,"Value":12369},{"Length":282,"Height":342,"Demand":6,"DemandMax":null,"Value":36201},{"Length":350,"Height":491,"Demand":8,"DemandMax":null,"Value":102276},{"Length":330,"Height":141,"Demand":5,"DemandMax":null,"Value":23145},{"Length":364,"Height":237,"Demand":8,"DemandMax":null,"Value":62093},{"Length":336,"Height":83,"Demand":3,"DemandMax":null,"Value":18772},{"Length":428,"Height":456,"Demand":5,"DemandMax":null,"Value":93297},{"Length":114,"Height":225,"Demand":8,"DemandMax":null,"Value":18983},{"Length":78,"Height":216,"Demand":7,"DemandMax":null,"Value":11099},{"Length":333,"Height":291,"Demand":3,"DemandMax":null,"Value":32274},{"Length":67,"Height":477,"Demand":10,"DemandMax":null,"Value":20294},{"Length":370,"Height":400,"Demand":6,"DemandMax":null,"Value":97174},{"Length":425,"Height":115,"Demand":3,"DemandMax":null,"Value":17270},{"Length":57,"Height":397,"Demand":7,"DemandMax":null,"Value":13516},{"Length":216,"Height":203,"Demand":10,"DemandMax":null,"Value":11226},{"Length":250,"Height":456,"Demand":8,"DemandMax":null,"Value":77317}]}