{"Name":"3B-5","Objects":[{"Length":2757,"Height":1157,"Stock":null,"Cost":3189849}],"Items":[{"Length":487,"Height":295,"Demand":35,"DemandMax":null,"Value":81131},{"Length":198,"Height":221,"Demand":41,"DemandMax":null,"Value":22792},{"Length":341,"Height":110,"Demand":45,"DemandMax":null,"Value":10230},{"Length":416,"Height":292,"Demand":8,"DemandMax":null,"Value":46711},{"Length":299,"Height":272,"Demand":15,"DemandMax":null,"Value":41651},{"Length":196,"Height":119,"Demand":25,"DemandMax":null,"Value":6872},{"Length":226,"Height":64,"Demand":6,"DemandMax":null,"Value":7781},{"Length":292,"Height":52,"Demand":35,"DemandMax":null,"Value":7980},{"Length":99,"Height":135,"Demand":2,"DemandMax":null,"Value":9227},{"Length":360,"Height":64,"Demand":4,"DemandMax":null,"Value":16662},{"Length":303,"Height":376,"Demand":36,"DemandMax":null,"Value":64148},{"Length":115,"Height":179,"Demand":10,"DemandMax":null,"Value":8600},{"Length":134,"Height":166,"Demand":47,"DemandMax":null,"Value":9179},{"Length":59,"Height":106,"Demand":25,"DemandMax":null,"Value":2838},{"Length":114,"Height":237,"Demand":50,"DemandMax":null,"Value":10655},{"Length":440,"Height":349,"Demand":31,"DemandMax":null,"Value":108532},{"Length":60,"Height":344,"Demand":30,"DemandMax":null,"Value":13198},{"Length":169,"Height":350,"Demand":45,"DemandMax":null,"Value":39349},{"Length":423,"Height":337,"Demand":22,"DemandMax":null,"Value":80741},{"Length":288,"Height":212,"Demand":36,"DemandMax":null,"Value":19975},{"Length":467,"Height":400,"Demand":7,"DemandMax":null,"Value":131056},{"Length":361,"Height":395,"Demand":40,"DemandMax":null,"Value":101182},{"Length":375,"Height":323,"Demand":25,"DemandMax":null,"Value":89393},{"Length":318,"Height":310,"Demand":20,"DemandMax":null,"Value":40148},{"Length":371,"Height":482,"Demand":12,"DemandMax":null,"Value":116254},{"Length":368,"Height":99,"Demand":48,"DemandMax":null,"Value":13718},{"Length":284,"Height":393,"Demand":42,"DemandMax":null,"Value":51578},{"Length":369,"Height":56,"Demand":16,"DemandMax":null,"Value":5619},{"Length":383,"Height":303,"Demand":25,"DemandMax":null,"Value":35918},{"Length":456,"Height":386,"Demand":30,"DemandMax":null,"Value":96000},{"Length":53,"Height":60,"Demand":12,"DemandMax":null,"Value":930},{"Length":208,"Height":147,"Demand":16,"DemandMax":null,"Value":13295},{"Length":292,"Height":282,"Demand":21,"DemandMax":null,"Value":29939},{"Length":156,"Height":334,"Demand":28,"DemandMax":null,"Value":38571},{"Length":104,"Height":401,"Demand":40,"DemandMax":null,"Value":28384},{"Length":402,"Height":379,"Demand":39,"DemandMax":null,"Value":109791},{"Length":330,"Height":294,"Demand":7,"DemandMax":null,"Value":53507},{"Length":397,"Height":86,"Demand":5,"DemandMax":null,"Value":12092},{"Length":209,"Height":129,"Demand":1,"DemandMax":null,"Value":9853},{"Length":470,"Height":226,"Demand":40,"DemandMax":null,"Value":43289},{"Length":256,"Height":434,"Demand":23,"DemandMax":null,"Value":33598},{"Length":444,"Height":399,"Demand":4,"DemandMax":null,"Value":98844},{"Length":419,"Height":353,"Demand":6,"DemandMax":null,"Value":105003},{"Length":215,"Height":374,"Demand":47,"DemandMax":null,"Value":42717},{"Length":122,"Height":327,"Demand":10,"DemandMax":null,"Value":15424},{"Length":168,"Height":281,"Demand":49,"DemandMax":null,"Value":31110},{"Length":367,"Height":270,"Demand":18,"DemandMax":null,"Value":68017},{"Length":60,"Height":409,"Demand":38,"DemandMax":null,"Value":18166},{"Length":463,"Height":483,"Demand":16,"DemandMax":null,"Value":92031},{"Length":420,"Height":191,"Demand":28,"DemandMax":null,"Value":34197},{"Length":244,"Height":437,"Demand":38,"DemandMax":null,"Value":49581},{"Length":433,"Height":287,"Demand":30,"DemandMax":null,"Value":42739},{"Length":374,"Height":412,"Demand":1,"DemandMax":null,"Value":114080},{"Length":325,"Height":76,"Demand":48,"DemandMax":null,"Value":15965},{"Length":188,"Height":385,"Demand":32,"DemandMax":null,"Value":22241},{"Length":55,"Height":363,"Demand":3,"DemandMax":null,"Value":8851},{"Length":210,"Height":174,"Demand":6,"DemandMax":null,"Value":24185},{"Length":468,"Height":202,"Demand":18,"DemandMax":null,"Value":40340},{"Length":460,"Height":471,"Demand":44,"DemandMax":null,"Value":155810},{"Length":412,"Height":392,"Demand":29,"DemandMax":null,"Value":46162},{"Length":175,"Height":66,"Demand":45,"DemandMax":null,"Value":4496},{"Length":446,"Height":329,"Demand":32,"DemandMax":null,"Value":75099},{"Length":74,"Height":114,"Demand":46,"DemandMax":null,"Value":4768},{"Length":484,"Height":369,"Demand":15,"DemandMax":null,"Value":131080},{"Length":196,"Height":166,"Demand":4,"DemandMax":null,"Value":23306},{"Length":196,"Height":254,"Demand":47,"DemandMax":null,"Value":31227},{"Length":286,"Height":79,"Demand":24,"DemandMax":null,"Value":13520},{"Length":272,"Height":487,"Demand":3,"DemandMax":null,"Value":64762},{"Length":429,"Height":299,"Demand":21,"DemandMax":null,"Value":52393},{"Length":334,"Height":401,"Demand":14,"DemandMax":null,"Value":82799},{"Length":262,"Height":497,"Demand":15,"DemandMax":null,"Value":79146},{"Length":361,"Height":385,"Demand":22,"DemandMax":null,"Value":63929},{"Length":161,"Height":334,"Demand":16,"DemandMax":null,"Value":35391},{"Length":113,"Height":105,"Demand":38,"DemandMax":null,"Value":4711},{"Length":337,"Height":488,"Demand":24,"DemandMax":null,"Value":104895},{"Length":283,"Height":336,"Demand":37,"DemandMax":null,"Value":39914},{"Length":290,"Height":481,"Demand":25,"DemandMax":null,"Value":94994},{"Length":377,"Height":357,"Demand":41,"DemandMax":null,"Value":62779},{"Length":185,"Height":67,"Demand":49,"DemandMax":null,"Value":5967},{"Length":484,"Height":76,"Demand":39,"DemandMax":null,"Value":12370},{"Length":410,"Height":150,"Demand":8,"DemandMax":null,"Value":17357},{"Length":225,"Height":103,"Demand":22,"DemandMax":null,"Value":12358},{"Length":103,"Height":314,"Demand":37,"DemandMax":null,"Value":12973},{"Length":314,"Height":168,"Demand":22,"DemandMax":null,"Value":27561},{"Length":173,"Height":437,"Demand":49,"DemandMax":null,"Value":35575},{"Length":165,"Height":76,"Demand":48,"DemandMax":null,"Value":6002},{"Length":380,"Height":225,"Demand":49,"DemandMax":null,"Value":24025},{"Length":430,"Height":237,"Demand":47,"DemandMax":null,"Value":50303},{"Length":461,"Height":247,"Demand":50,"DemandMax":null,"Value":51056},{"Length":472,"Height":95,"Demand":42,"DemandMax":null,"Value":31411},{"Length":219,"Height":177,"Demand":19,"DemandMax":null,"Value":25655},{"Length":236,"Height":337,"Demand":29,"DemandMax":null,"Value":53564},{"Length":92,"Height":127,"Demand":46,"DemandMax":null,"Value":6495},{"Length":314,"Height":215,"Demand":24,"DemandMax":null,"Value":40079},{"Length":163,"Height":90,"Demand":15,"DemandMax":null,"Value":5333},{"Length":112,"Height":230,"Demand":1,"DemandMax":null,"Value":8753},{"Length":230,"Height":212,"Demand":47,"DemandMax":null,"Value":24257},{"Length":334,"Height":200,"Demand":18,"DemandMax":null,"Value":45621},{"Length":58,"Height":392,"Demand":49,"DemandMax":null,"Value":14727},{"Length":382,"Height":134,"Demand":47,"DemandMax":null,"Value":22998},{"Length":90,"Height":55,"Demand":23,"DemandMax":null,"Value":2120},{"Length":291,"Height":80,"Demand":24,"DemandMax":null,"Value":15730},{"Length":95,"Height":191,"Demand":46,"DemandMax":null,"Value":11306},{"Length":493,"Height":427,"Demand":45,"DemandMax":null,"Value":154453},{"Length":145,"Height":258,"Demand":47,"DemandMax":null,"Value":27304},{"Length":288,"Height":279,"Demand":20,"DemandMax":null,"Value":36043},{"Length":114,"Height":302,"Demand":13,"DemandMax":null,"Value":11959},{"Length":257,"Height":258,"Demand":25,"DemandMax":null,"Value":46843},{"Length":488,"Height":158,"Demand":15,"DemandMax":null,"Value":42508},{"Length":356,"Height":54,"Demand":49,"DemandMax":null,"Value":14123},{"Length":225,"Height":131,"Demand":18,"DemandMax":null,"Value":9689},{"Length":302,"Height":206,"Demand":29,"DemandMax":null,"Value":29333},{"Length":192,"Height":489,"Demand":36,"DemandMax":null,"Value":41916},{"Length":168,"Height":368,"Demand":48,"DemandMax":null,"Value":32533},{"Length":160,"Height":128,"Demand":22,"DemandMax":null,"Value":7768},{"Length":464,"Height":390,"Demand":18,"DemandMax":null,"Value":85818},{"Length":177,"Height":333,"Demand":44,"DemandMax":null,"Value":40248},{"Length":397,"Height":484,"Demand":25,"DemandMax":null,"Value":88267},{"Length":418,"Height":137,"Demand":35,"DemandMax":null,"Value":30065},{"Length":456,"Height":58,"Demand":35,"DemandMax":null,"Value":15487},{"Length":139,"Height":427,"Demand":2,"DemandMax":null,"Value":32779},{"Length":290,"Height":265,"Demand":8,"DemandMax":null,"Value":53418},{"Length":384,"Height":419,"Demand":11,"DemandMax":null,"Value":68151},{"Length":180,"Height":428,"Demand":43,"DemandMax":null,"Value":50815},{"Length":129,"Height":333,"Demand":4,"DemandMax":null,"Value":11176},{"Length":183,"Height":163,"Demand":39,"DemandMax":null,"Value":16811},{"Length":55,"Height":188,"Demand":27,"DemandMax":null,"Value":5117},{"Length":446,"Height":144,"Demand":13,"DemandMax":null,"Value":29260},{"Length":498,"Height":190,"Demand":47,"DemandMax":null,"Value":68352},{"Length":373,"Height":72,"Demand":12,"DemandMax":null,"Value":13067},{"Length":119,"Height":411,"Demand":16,"DemandMax":null,"Value":35020},{"Length":90,"Height":422,"Demand":36,"DemandMax":null,"Value":21452},{"Length":450,"Height":410,"Demand":33,"DemandMax":null,"Value":64036},{"Length":115,"Height":285,"Demand":31,"DemandMax":null,"Value":14545},{"Length":278,"Height":328,"Demand":16,"DemandMax":null,"Value":25980},{"Length":170,"Height":261,"Demand":14,"DemandMax":null,"Value":32512},{"Length":161,"Height":136,"Demand":16,"DemandMax":null,"Value":13804},{"Length":323,"Height":344,"Demand":15,"DemandMax":null,"Value":55421},{"Length":442,"Height":288,"Demand":40,"DemandMax":null,"Value":76994},{"Length":427,"Height":122,"Demand":23,"DemandMax":null,"Value":37386},{"Length":409,"Height":422,"Demand":9,"DemandMax":null,"Value":111091},{"Length":236,"Height":344,"Demand":46,"DemandMax":null,"Value":52785},{"Length":203,"Height":359,"Demand":16,"DemandMax":null,"Value":21386},{"Length":480,"Height":321,"Demand":41,"DemandMax":null,"Value":88712},{"Length":173,"Height":348,"Demand":14,"DemandMax":null,"Value":44537},{"Length":173,"Height":499,"Demand":25,"DemandMax":null,"Value":45197},{"Length":307,"Height":109,"Demand":41,"DemandMax":null,"Value":22410},{"Length":417,"Height":377,"Demand":41,"DemandMax":null,"Value":80774},{"Length":99,"Height":139,"Demand":36,"DemandMax":null,"Value":7685},{"Length":201,"Height":389,"Demand":40,"DemandMax":null,"Value":52373}]}