{"Name":"2B-7","Objects":[{"Length":2270,"Height":1233,"Stock":null,"Cost":2798910}],"Items":[{"Length":214,"Height":90,"Demand":26,"DemandMax":null,"Value":8266},{"Length":79,"Height":246,"Demand":20,"DemandMax":null,"Value":6176},{"Length":67,"Height":207,"Demand":44,"DemandMax":null,"Value":4554},{"Length":417,"Height":240,"Demand":35,"DemandMax":null,"Value":52547},{"Length":107,"Height":153,"Demand":15,"DemandMax":null,"Value":11905},{"Length":301,"Height":422,"Demand":50,"DemandMax":null,"Value":71469},{"Length":380,"Height":136,"Demand":28,"DemandMax":null,"Value":27198},{"Length":317,"Height":270,"Demand":2,"DemandMax":null,"Value":50360},{"Length":495,"Height":204,"Demand":14,"DemandMax":null,"Value":71082},{"Length":498,"Height":164,"Demand":46,"DemandMax":null,"Value":58732},{"Length":296,"Height":263,"Demand":16,"DemandMax":null,"Value":41741},{"Length":145,"Height":221,"Demand":12,"DemandMax":null,"Value":12911},{"Length":347,"Height":150,"Demand":8,"DemandMax":null,"Value":19826},{"Length":177,"Height":366,"Demand":30,"DemandMax":null,"Value":23738},{"Length":106,"Height":334,"Demand":18,"DemandMax":null,"Value":15546},{"Length":104,"Height":88,"Demand":15,"DemandMax":null,"Value":4758},{"Length":106,"Height":262,"Demand":43,"DemandMax":null,"Value":13103},{"Length":498,"Height":117,"Demand":38,"DemandMax":null,"Value":29802},{"Length":358,"Height":453,"Demand":5,"DemandMax":null,"Value":84538},{"Length":206,"Height":482,"Demand":7,"DemandMax":null,"Value":40694},{"Length":388,"Height":234,"Demand":28,"DemandMax":null,"Value":29682},{"Length":111,"Height":475,"Demand":44,"DemandMax":null,"Value":29914},{"Length":208,"Height":386,"Demand":44,"DemandMax":null,"Value":32201},{"Length":322,"Height":251,"Demand":24,"DemandMax":null,"Value":31909},{"Length":332,"Height":299,"Demand":16,"DemandMax":null,"Value":69414},{"Length":187,"Height":291,"Demand":7,"DemandMax":null,"Value":20032},{"Length":177,"Height":230,"Demand":8,"DemandMax":null,"Value":22278},{"Length":77,"Height":393,"Demand":23,"DemandMax":null,"Value":12274},{"Length":427,"Height":124,"Demand":18,"DemandMax":null,"Value":28316},{"Length":470,"Height":457,"Demand":4,"DemandMax":null,"Value":131080},{"Length":311,"Height":84,"Demand":3,"DemandMax":null,"Value":13508},{"Length":367,"Height":144,"Demand":18,"DemandMax":null,"Value":30661},{"Length":67,"Height":469,"Demand":48,"DemandMax":null,"Value":23264},{"Length":384,"Height":354,"Demand":14,"DemandMax":null,"Value":49143},{"Length":302,"Height":203,"Demand":34,"DemandMax":null,"Value":30186},{"Length":353,"Height":178,"Demand":17,"DemandMax":null,"Value":29410},{"Length":68,"Height":183,"Demand":19,"DemandMax":null,"Value":7868},{"Length":79,"Height":164,"Demand":48,"DemandMax":null,"Value":6837},{"Length":220,"Height":185,"Demand":24,"DemandMax":null,"Value":17964},{"Length":278,"Height":143,"Demand":38,"DemandMax":null,"Value":14204},{"Length":383,"Height":257,"Demand":4,"DemandMax":null,"Value":51047},{"Length":151,"Height":464,"Demand":2,"DemandMax":null,"Value":29315},{"Length":301,"Height":470,"Demand":5,"DemandMax":null,"Value":68564},{"Length":348,"Height":79,"Demand":36,"DemandMax":null,"Value":13437},{"Length":111,"Height":325,"Demand":8,"DemandMax":null,"Value":22309},{"Length":311,"Height":184,"Demand":3,"DemandMax":null,"Value":17244},{"Length":257,"Height":202,"Demand":28,"DemandMax":null,"Value":15242},{"Length":170,"Height":135,"Demand":21,"DemandMax":null,"Value":15466},{"Length":383,"Height":222,"Demand":17,"DemandMax":null,"Value":23047},{"Length":240,"Height":82,"Demand":30,"DemandMax":null,"Value":11561},{"Length":142,"Height":126,"Demand":38,"DemandMax":null,"Value":10714},{"Length":257,"Height":481,"Demand":15,"DemandMax":null,"Value":71871},{"Length":120,"Height":96,"Demand":1,"DemandMax":null,"Value":7358},{"Length":226,"Height":228,"Demand":48,"DemandMax":null,"Value":27597},{"Length":87,"Height":81,"Demand":32,"DemandMax":null,"Value":4491},{"Length":170,"Height":341,"Demand":49,"DemandMax":null,"Value":41069},{"Length":89,"Height":426,"Demand":46,"DemandMax":null,"Value":13457},{"Length":281,"Height":442,"Demand":24,"DemandMax":null,"Value":76906},{"Length":54,"Height":204,"Demand":16,"DemandMax":null,"Value":6789},{"Length":223,"Height":283,"Demand":29,"DemandMax":null,"Value":19071},{"Length":323,"Height":399,"Demand":1,"DemandMax":null,"Value":41637},{"Length":322,"Height":281,"Demand":39,"DemandMax":null,"Value":40180},{"Length":62,"Height":357,"Demand":30,"DemandMax":null,"Value":11534},{"Length":414,"Height":397,"Demand":2,"DemandMax":null,"Value":122787},{"Length":453,"Height":495,"Demand":3,"DemandMax":null,"Value":138298},{"Length":90,"Height":327,"Demand":25,"DemandMax":null,"Value":10562},{"Length":222,"Height":146,"Demand":34,"DemandMax":null,"Value":11253},{"Length":359,"Height":289,"Demand":3,"DemandMax":null,"Value":70900},{"Length":193,"Height":86,"Demand":19,"DemandMax":null,"Value":11392},{"Length":494,"Height":454,"Demand":38,"DemandMax":null,"Value":145449},{"Length":161,"Height":340,"Demand":7,"DemandMax":null,"Value":31847},{"Length":195,"Height":291,"Demand":25,"DemandMax":null,"Value":21174},{"Length":58,"Height":400,"Demand":20,"DemandMax":null,"Value":7517},{"Length":124,"Height":449,"Demand":46,"DemandMax":null,"Value":25123},{"Length":306,"Height":408,"Demand":24,"DemandMax":null,"Value":64355},{"Length":376,"Height":343,"Demand":27,"DemandMax":null,"Value":74630},{"Length":462,"Height":491,"Demand":28,"DemandMax":null,"Value":134056},{"Length":289,"Height":444,"Demand":47,"DemandMax":null,"Value":37201},{"Length":101,"Height":186,"Demand":29,"DemandMax":null,"Value":13352},{"Length":325,"Height":457,"Demand":41,"DemandMax":null,"Value":69683},{"Length":192,"Height":187,"Demand":45,"DemandMax":null,"Value":23673},{"Length":199,"Height":242,"Demand":35,"DemandMax":null,"Value":17253},{"Length":148,"Height":392,"Demand":15,"DemandMax":null,"Value":40953},{"Length":172,"Height":127,"Demand":25,"DemandMax":null,"Value":7027},{"Length":466,"Height":341,"Demand":4,"DemandMax":null,"Value":43313},{"Length":132,"Height":403,"Demand":50,"DemandMax":null,"Value":24071},{"Length":181,"Height":96,"Demand":23,"DemandMax":null,"Value":4906},{"Length":143,"Height":123,"Demand":30,"DemandMax":null,"Value":9344},{"Length":314,"Height":421,"Demand":16,"DemandMax":null,"Value":36619},{"Length":62,"Height":103,"Demand":48,"DemandMax":null,"Value":4401},{"Length":311,"Height":267,"Demand":29,"DemandMax":null,"Value":31045},{"Length":469,"Height":462,"Demand":35,"DemandMax":null,"Value":150916},{"Length":266,"Height":398,"Demand":35,"DemandMax":null,"Value":45287},{"Length":344,"Height":57,"Demand":12,"DemandMax":null,"Value":7843},{"Length":162,"Height":251,"Demand":31,"DemandMax":null,"Value":18095},{"Length":438,"Height":218,"Demand":6,"DemandMax":null,"Value":28260},{"Length":89,"Height":226,"Demand":22,"DemandMax":null,"Value":8494},{"Length":465,"Height":95,"Demand":20,"DemandMax":null,"Value":15161},{"Length":189,"Height":359,"Demand":48,"DemandMax":null,"Value":28350},{"Length":363,"Height":172,"Demand":42,"DemandMax":null,"Value":45009}]}