{"Name":"3A-7","Objects":[{"Length":2914,"Height":1457,"Stock":null,"Cost":4245698}],"Items":[{"Length":139,"Height":460,"Demand":8,"DemandMax":null,"Value":45172},{"Length":366,"Height":314,"Demand":10,"DemandMax":null,"Value":65293},{"Length":201,"Height":70,"Demand":4,"DemandMax":null,"Value":4108},{"Length":473,"Height":439,"Demand":6,"DemandMax":null,"Value":126185},{"Length":176,"Height":235,"Demand":7,"DemandMax":null,"Value":29260},{"Length":166,"Height":272,"Demand":6,"DemandMax":null,"Value":22214},{"Length":240,"Height":204,"Demand":1,"DemandMax":null,"Value":22716},{"Length":436,"Height":142,"Demand":2,"DemandMax":null,"Value":36551},{"Length":334,"Height":417,"Demand":8,"DemandMax":null,"Value":38458},{"Length":50,"Height":335,"Demand":6,"DemandMax":null,"Value":11685},{"Length":290,"Height":57,"Demand":8,"DemandMax":null,"Value":12004},{"Length":219,"Height":264,"Demand":8,"DemandMax":null,"Value":18712},{"Length":474,"Height":236,"Demand":4,"DemandMax":null,"Value":60955},{"Length":151,"Height":391,"Demand":2,"DemandMax":null,"Value":23650},{"Length":116,"Height":246,"Demand":6,"DemandMax":null,"Value":9827},{"Length":254,"Height":135,"Demand":7,"DemandMax":null,"Value":17940},{"Length":342,"Height":175,"Demand":8,"DemandMax":null,"Value":34588},{"Length":134,"Height":193,"Demand":4,"DemandMax":null,"Value":13573},{"Length":169,"Height":390,"Demand":9,"DemandMax":null,"Value":29482},{"Length":158,"Height":446,"Demand":5,"DemandMax":null,"Value":24719},{"Length":203,"Height":219,"Demand":1,"DemandMax":null,"Value":22027},{"Length":288,"Height":156,"Demand":9,"DemandMax":null,"Value":28856},{"Length":184,"Height":146,"Demand":10,"DemandMax":null,"Value":7272},{"Length":71,"Height":171,"Demand":3,"DemandMax":null,"Value":6010},{"Length":485,"Height":345,"Demand":3,"DemandMax":null,"Value":49307},{"Length":155,"Height":406,"Demand":8,"DemandMax":null,"Value":20349},{"Length":174,"Height":109,"Demand":1,"DemandMax":null,"Value":12667},{"Length":197,"Height":260,"Demand":5,"DemandMax":null,"Value":23150},{"Length":65,"Height":103,"Demand":1,"DemandMax":null,"Value":3813},{"Length":361,"Height":280,"Demand":7,"DemandMax":null,"Value":29271},{"Length":411,"Height":422,"Demand":5,"DemandMax":null,"Value":123978},{"Length":249,"Height":186,"Demand":5,"DemandMax":null,"Value":24176},{"Length":238,"Height":239,"Demand":3,"DemandMax":null,"Value":33168},{"Length":443,"Height":274,"Demand":1,"DemandMax":null,"Value":61687},{"Length":344,"Height":174,"Demand":8,"DemandMax":null,"Value":29245},{"Length":279,"Height":266,"Demand":7,"DemandMax":null,"Value":21356},{"Length":486,"Height":62,"Demand":7,"DemandMax":null,"Value":11945},{"Length":121,"Height":88,"Demand":9,"DemandMax":null,"Value":6602},{"Length":235,"Height":401,"Demand":9,"DemandMax":null,"Value":32635},{"Length":89,"Height":372,"Demand":5,"DemandMax":null,"Value":19514},{"Length":295,"Height":259,"Demand":6,"DemandMax":null,"Value":38587},{"Length":431,"Height":149,"Demand":6,"DemandMax":null,"Value":21886},{"Length":84,"Height":239,"Demand":5,"DemandMax":null,"Value":5688},{"Length":59,"Height":263,"Demand":5,"DemandMax":null,"Value":4070},{"Length":339,"Height":356,"Demand":9,"DemandMax":null,"Value":83029},{"Length":444,"Height":276,"Demand":1,"DemandMax":null,"Value":89109},{"Length":55,"Height":316,"Demand":2,"DemandMax":null,"Value":12143},{"Length":125,"Height":284,"Demand":6,"DemandMax":null,"Value":23195},{"Length":182,"Height":75,"Demand":6,"DemandMax":null,"Value":7124},{"Length":406,"Height":166,"Demand":7,"DemandMax":null,"Value":30109},{"Length":130,"Height":220,"Demand":4,"DemandMax":null,"Value":18477},{"Length":213,"Height":450,"Demand":3,"DemandMax":null,"Value":65296},{"Length":210,"Height":99,"Demand":1,"DemandMax":null,"Value":5472},{"Length":266,"Height":311,"Demand":7,"DemandMax":null,"Value":36791},{"Length":66,"Height":85,"Demand":9,"DemandMax":null,"Value":2231},{"Length":196,"Height":256,"Demand":3,"DemandMax":null,"Value":22863},{"Length":439,"Height":229,"Demand":8,"DemandMax":null,"Value":55421},{"Length":381,"Height":376,"Demand":1,"DemandMax":null,"Value":92505},{"Length":61,"Height":335,"Demand":2,"DemandMax":null,"Value":8192},{"Length":431,"Height":397,"Demand":8,"DemandMax":null,"Value":123667},{"Length":330,"Height":354,"Demand":1,"DemandMax":null,"Value":74365},{"Length":103,"Height":398,"Demand":5,"DemandMax":null,"Value":23895},{"Length":63,"Height":169,"Demand":2,"DemandMax":null,"Value":4820},{"Length":56,"Height":171,"Demand":6,"DemandMax":null,"Value":6228},{"Length":342,"Height":419,"Demand":5,"DemandMax":null,"Value":83956},{"Length":155,"Height":489,"Demand":1,"DemandMax":null,"Value":45035},{"Length":383,"Height":83,"Demand":2,"DemandMax":null,"Value":21434},{"Length":388,"Height":316,"Demand":10,"DemandMax":null,"Value":88340},{"Length":354,"Height":306,"Demand":6,"DemandMax":null,"Value":72400},{"Length":444,"Height":350,"Demand":8,"DemandMax":null,"Value":74102},{"Length":192,"Height":465,"Demand":1,"DemandMax":null,"Value":54426},{"Length":261,"Height":89,"Demand":5,"DemandMax":null,"Value":17269},{"Length":196,"Height":318,"Demand":4,"DemandMax":null,"Value":23398},{"Length":103,"Height":124,"Demand":8,"DemandMax":null,"Value":9455},{"Length":158,"Height":198,"Demand":6,"DemandMax":null,"Value":16567},{"Length":96,"Height":145,"Demand":9,"DemandMax":null,"Value":3612},{"Length":107,"Height":476,"Demand":8,"DemandMax":null,"Value":14129},{"Length":438,"Height":312,"Demand":2,"DemandMax":null,"Value":47622},{"Length":411,"Height":375,"Demand":10,"DemandMax":null,"Value":41208},{"Length":186,"Height":481,"Demand":2,"DemandMax":null,"Value":30831},{"Length":76,"Height":223,"Demand":6,"DemandMax":null,"Value":11364},{"Length":446,"Height":460,"Demand":10,"DemandMax":null,"Value":121415},{"Length":91,"Height":388,"Demand":5,"DemandMax":null,"Value":23469},{"Length":90,"Height":485,"Demand":7,"DemandMax":null,"Value":25500},{"Length":374,"Height":353,"Demand":6,"DemandMax":null,"Value":94621},{"Length":449,"Height":197,"Demand":7,"DemandMax":null,"Value":42458},{"Length":457,"Height":62,"Demand":6,"DemandMax":null,"Value":12931},{"Length":377,"Height":270,"Demand":5,"DemandMax":null,"Value":74514},{"Length":427,"Height":185,"Demand":9,"DemandMax":null,"Value":41845},{"Length":350,"Height":96,"Demand":5,"DemandMax":null,"Value":9937},{"Length":276,"Height":50,"Demand":10,"DemandMax":null,"Value":9267},{"Length":96,"Height":437,"Demand":3,"DemandMax":null,"Value":13392},{"Length":156,"Height":373,"Demand":4,"DemandMax":null,"Value":23920},{"Length":403,"Height":68,"Demand":2,"DemandMax":null,"Value":19190},{"Length":317,"Height":184,"Demand":10,"DemandMax":null,"Value":22130},{"Length":233,"Height":325,"Demand":1,"DemandMax":null,"Value":55200},{"Length":468,"Height":318,"Demand":3,"DemandMax":null,"Value":102407},{"Length":463,"Height":420,"Demand":4,"DemandMax":null,"Value":103306},{"Length":250,"Height":178,"Demand":10,"DemandMax":null,"Value":15945},{"Length":222,"Height":460,"Demand":3,"DemandMax":null,"Value":51332},{"Length":279,"Height":112,"Demand":9,"DemandMax":null,"Value":11179},{"Length":207,"Height":139,"Demand":6,"DemandMax":null,"Value":19672},{"Length":309,"Height":110,"Demand":10,"DemandMax":null,"Value":17512},{"Length":466,"Height":265,"Demand":3,"DemandMax":null,"Value":48574},{"Length":256,"Height":492,"Demand":8,"DemandMax":null,"Value":61639},{"Length":328,"Height":231,"Demand":3,"DemandMax":null,"Value":54144},{"Length":444,"Height":137,"Demand":1,"DemandMax":null,"Value":38597},{"Length":192,"Height":322,"Demand":6,"DemandMax":null,"Value":26684},{"Length":307,"Height":375,"Demand":1,"DemandMax":null,"Value":67830},{"Length":459,"Height":374,"Demand":2,"DemandMax":null,"Value":96404},{"Length":319,"Height":464,"Demand":6,"DemandMax":null,"Value":42097},{"Length":447,"Height":268,"Demand":10,"DemandMax":null,"Value":62275},{"Length":104,"Height":310,"Demand":9,"DemandMax":null,"Value":12246},{"Length":126,"Height":318,"Demand":4,"DemandMax":null,"Value":20705},{"Length":102,"Height":128,"Demand":4,"DemandMax":null,"Value":5979},{"Length":204,"Height":261,"Demand":5,"DemandMax":null,"Value":17066},{"Length":467,"Height":160,"Demand":10,"DemandMax":null,"Value":52181},{"Length":280,"Height":142,"Demand":6,"DemandMax":null,"Value":13749},{"Length":438,"Height":109,"Demand":8,"DemandMax":null,"Value":13282},{"Length":333,"Height":236,"Demand":7,"DemandMax":null,"Value":35686},{"Length":55,"Height":259,"Demand":4,"DemandMax":null,"Value":6624},{"Length":458,"Height":445,"Demand":5,"DemandMax":null,"Value":141329},{"Length":199,"Height":335,"Demand":7,"DemandMax":null,"Value":22972},{"Length":269,"Height":406,"Demand":4,"DemandMax":null,"Value":29688},{"Length":472,"Height":200,"Demand":7,"DemandMax":null,"Value":40288},{"Length":384,"Height":184,"Demand":5,"DemandMax":null,"Value":47010},{"Length":313,"Height":151,"Demand":6,"DemandMax":null,"Value":25958},{"Length":318,"Height":365,"Demand":6,"DemandMax":null,"Value":83553},{"Length":309,"Height":448,"Demand":8,"DemandMax":null,"Value":87026},{"Length":148,"Height":442,"Demand":1,"DemandMax":null,"Value":47608},{"Length":113,"Height":346,"Demand":4,"DemandMax":null,"Value":17236},{"Length":285,"Height":249,"Demand":8,"DemandMax":null,"Value":39682},{"Length":207,"Height":492,"Demand":4,"DemandMax":null,"Value":32072},{"Length":125,"Height":129,"Demand":1,"DemandMax":null,"Value":5078},{"Length":350,"Height":133,"Demand":2,"DemandMax":null,"Value":21649},{"Length":176,"Height":423,"Demand":10,"DemandMax":null,"Value":34120},{"Length":369,"Height":73,"Demand":2,"DemandMax":null,"Value":19255},{"Length":183,"Height":455,"Demand":4,"DemandMax":null,"Value":23751},{"Length":216,"Height":211,"Demand":5,"DemandMax":null,"Value":30005},{"Length":391,"Height":430,"Demand":8,"DemandMax":null,"Value":121574},{"Length":470,"Height":355,"Demand":5,"DemandMax":null,"Value":69230},{"Length":228,"Height":124,"Demand":4,"DemandMax":null,"Value":17431},{"Length":276,"Height":357,"Demand":3,"DemandMax":null,"Value":61530},{"Length":427,"Height":437,"Demand":6,"DemandMax":null,"Value":126920},{"Length":474,"Height":320,"Demand":9,"DemandMax":null,"Value":41183},{"Length":288,"Height":347,"Demand":4,"DemandMax":null,"Value":48114},{"Length":454,"Height":432,"Demand":7,"DemandMax":null,"Value":72798},{"Length":249,"Height":66,"Demand":10,"DemandMax":null,"Value":7876},{"Length":166,"Height":119,"Demand":6,"DemandMax":null,"Value":11185},{"Length":398,"Height":263,"Demand":5,"DemandMax":null,"Value":62079}]}