{"Name":"3B-2","Objects":[{"Length":2552,"Height":1320,"Stock":null,"Cost":3368640}],"Items":[{"Length":358,"Height":57,"Demand":29,"DemandMax":null,"Value":8854},{"Length":126,"Height":184,"Demand":23,"DemandMax":null,"Value":16251},{"Length":121,"Height":324,"Demand":46,"DemandMax":null,"Value":24879},{"Length":146,"Height":409,"Demand":3,"DemandMax":null,"Value":32710},{"Length":240,"Height":316,"Demand":34,"DemandMax":null,"Value":50050},{"Length":433,"Height":256,"Demand":15,"DemandMax":null,"Value":59486},{"Length":220,"Height":343,"Demand":37,"DemandMax":null,"Value":53730},{"Length":484,"Height":314,"Demand":48,"DemandMax":null,"Value":103980},{"Length":234,"Height":69,"Demand":18,"DemandMax":null,"Value":4495},{"Length":416,"Height":481,"Demand":42,"DemandMax":null,"Value":139456},{"Length":421,"Height":350,"Demand":3,"DemandMax":null,"Value":57226},{"Length":195,"Height":386,"Demand":21,"DemandMax":null,"Value":42992},{"Length":90,"Height":342,"Demand":36,"DemandMax":null,"Value":21739},{"Length":466,"Height":363,"Demand":14,"DemandMax":null,"Value":107587},{"Length":403,"Height":167,"Demand":45,"DemandMax":null,"Value":29286},{"Length":190,"Height":87,"Demand":10,"DemandMax":null,"Value":12266},{"Length":183,"Height":352,"Demand":42,"DemandMax":null,"Value":35427},{"Length":276,"Height":239,"Demand":2,"DemandMax":null,"Value":43924},{"Length":216,"Height":102,"Demand":34,"DemandMax":null,"Value":6017},{"Length":441,"Height":166,"Demand":32,"DemandMax":null,"Value":44991},{"Length":434,"Height":256,"Demand":33,"DemandMax":null,"Value":29593},{"Length":321,"Height":281,"Demand":1,"DemandMax":null,"Value":48278},{"Length":190,"Height":172,"Demand":2,"DemandMax":null,"Value":17905},{"Length":330,"Height":93,"Demand":9,"DemandMax":null,"Value":10013},{"Length":469,"Height":150,"Demand":1,"DemandMax":null,"Value":33033},{"Length":97,"Height":419,"Demand":30,"DemandMax":null,"Value":23247},{"Length":189,"Height":166,"Demand":21,"DemandMax":null,"Value":16169},{"Length":484,"Height":184,"Demand":48,"DemandMax":null,"Value":57078},{"Length":229,"Height":265,"Demand":27,"DemandMax":null,"Value":31779},{"Length":401,"Height":246,"Demand":11,"DemandMax":null,"Value":46075},{"Length":254,"Height":214,"Demand":13,"DemandMax":null,"Value":27300},{"Length":449,"Height":395,"Demand":19,"DemandMax":null,"Value":111658},{"Length":478,"Height":367,"Demand":35,"DemandMax":null,"Value":54829},{"Length":492,"Height":435,"Demand":16,"DemandMax":null,"Value":113089},{"Length":406,"Height":420,"Demand":17,"DemandMax":null,"Value":77968},{"Length":251,"Height":132,"Demand":46,"DemandMax":null,"Value":19184},{"Length":209,"Height":162,"Demand":31,"DemandMax":null,"Value":11057},{"Length":104,"Height":223,"Demand":38,"DemandMax":null,"Value":11185},{"Length":281,"Height":134,"Demand":27,"DemandMax":null,"Value":13517},{"Length":180,"Height":491,"Demand":21,"DemandMax":null,"Value":29255},{"Length":273,"Height":51,"Demand":19,"DemandMax":null,"Value":6373},{"Length":309,"Height":151,"Demand":24,"DemandMax":null,"Value":30370},{"Length":434,"Height":360,"Demand":7,"DemandMax":null,"Value":77461},{"Length":102,"Height":233,"Demand":40,"DemandMax":null,"Value":12007},{"Length":318,"Height":450,"Demand":50,"DemandMax":null,"Value":92053},{"Length":144,"Height":118,"Demand":19,"DemandMax":null,"Value":9927},{"Length":127,"Height":442,"Demand":9,"DemandMax":null,"Value":21512},{"Length":285,"Height":397,"Demand":28,"DemandMax":null,"Value":34959},{"Length":197,"Height":362,"Demand":42,"DemandMax":null,"Value":53380},{"Length":102,"Height":123,"Demand":14,"DemandMax":null,"Value":5942},{"Length":185,"Height":153,"Demand":47,"DemandMax":null,"Value":9483},{"Length":94,"Height":323,"Demand":8,"DemandMax":null,"Value":11764},{"Length":110,"Height":157,"Demand":2,"DemandMax":null,"Value":5692},{"Length":415,"Height":60,"Demand":39,"DemandMax":null,"Value":10614},{"Length":349,"Height":143,"Demand":47,"DemandMax":null,"Value":22597},{"Length":142,"Height":426,"Demand":15,"DemandMax":null,"Value":25196},{"Length":291,"Height":272,"Demand":11,"DemandMax":null,"Value":52778},{"Length":252,"Height":104,"Demand":14,"DemandMax":null,"Value":11212},{"Length":141,"Height":177,"Demand":38,"DemandMax":null,"Value":13737},{"Length":200,"Height":338,"Demand":27,"DemandMax":null,"Value":26508},{"Length":351,"Height":316,"Demand":16,"DemandMax":null,"Value":78627},{"Length":177,"Height":279,"Demand":27,"DemandMax":null,"Value":28227},{"Length":329,"Height":243,"Demand":40,"DemandMax":null,"Value":22281},{"Length":248,"Height":129,"Demand":5,"DemandMax":null,"Value":10212},{"Length":456,"Height":192,"Demand":43,"DemandMax":null,"Value":27955},{"Length":499,"Height":310,"Demand":7,"DemandMax":null,"Value":59211},{"Length":64,"Height":392,"Demand":28,"DemandMax":null,"Value":11684},{"Length":136,"Height":403,"Demand":14,"DemandMax":null,"Value":13861},{"Length":382,"Height":91,"Demand":13,"DemandMax":null,"Value":16153},{"Length":82,"Height":149,"Demand":24,"DemandMax":null,"Value":3851},{"Length":268,"Height":325,"Demand":17,"DemandMax":null,"Value":38202},{"Length":269,"Height":442,"Demand":15,"DemandMax":null,"Value":47035},{"Length":436,"Height":488,"Demand":36,"DemandMax":null,"Value":156680},{"Length":427,"Height":478,"Demand":18,"DemandMax":null,"Value":152949},{"Length":237,"Height":434,"Demand":49,"DemandMax":null,"Value":35231},{"Length":143,"Height":88,"Demand":17,"DemandMax":null,"Value":8842},{"Length":278,"Height":378,"Demand":14,"DemandMax":null,"Value":36331},{"Length":219,"Height":427,"Demand":47,"DemandMax":null,"Value":53216},{"Length":316,"Height":373,"Demand":37,"DemandMax":null,"Value":85133},{"Length":301,"Height":490,"Demand":2,"DemandMax":null,"Value":103256},{"Length":90,"Height":267,"Demand":18,"DemandMax":null,"Value":11616},{"Length":463,"Height":347,"Demand":7,"DemandMax":null,"Value":103786},{"Length":280,"Height":455,"Demand":30,"DemandMax":null,"Value":48687},{"Length":474,"Height":407,"Demand":26,"DemandMax":null,"Value":90167},{"Length":129,"Height":490,"Demand":35,"DemandMax":null,"Value":43217},{"Length":458,"Height":158,"Demand":9,"DemandMax":null,"Value":22359},{"Length":437,"Height":165,"Demand":18,"DemandMax":null,"Value":20906},{"Length":388,"Height":290,"Demand":20,"DemandMax":null,"Value":54944},{"Length":392,"Height":55,"Demand":35,"DemandMax":null,"Value":12601},{"Length":219,"Height":182,"Demand":20,"DemandMax":null,"Value":24999},{"Length":54,"Height":427,"Demand":42,"DemandMax":null,"Value":12456},{"Length":493,"Height":485,"Demand":23,"DemandMax":null,"Value":77246},{"Length":58,"Height":65,"Demand":12,"DemandMax":null,"Value":2726},{"Length":403,"Height":384,"Demand":1,"DemandMax":null,"Value":90476},{"Length":96,"Height":304,"Demand":6,"DemandMax":null,"Value":18765},{"Length":96,"Height":376,"Demand":33,"DemandMax":null,"Value":11009},{"Length":211,"Height":253,"Demand":7,"DemandMax":null,"Value":13821},{"Length":52,"Height":459,"Demand":49,"DemandMax":null,"Value":11328},{"Length":395,"Height":192,"Demand":35,"DemandMax":null,"Value":49550},{"Length":68,"Height":124,"Demand":4,"DemandMax":null,"Value":6025},{"Length":69,"Height":368,"Demand":49,"DemandMax":null,"Value":6698},{"Length":302,"Height":251,"Demand":27,"DemandMax":null,"Value":44861},{"Length":487,"Height":373,"Demand":13,"DemandMax":null,"Value":73949},{"Length":387,"Height":109,"Demand":31,"DemandMax":null,"Value":26761},{"Length":124,"Height":318,"Demand":33,"DemandMax":null,"Value":18529},{"Length":425,"Height":261,"Demand":43,"DemandMax":null,"Value":61069},{"Length":78,"Height":235,"Demand":38,"DemandMax":null,"Value":6946},{"Length":138,"Height":177,"Demand":45,"DemandMax":null,"Value":10687},{"Length":170,"Height":464,"Demand":15,"DemandMax":null,"Value":48629},{"Length":210,"Height":385,"Demand":47,"DemandMax":null,"Value":24823},{"Length":285,"Height":82,"Demand":42,"DemandMax":null,"Value":10002},{"Length":159,"Height":112,"Demand":8,"DemandMax":null,"Value":10920},{"Length":211,"Height":484,"Demand":10,"DemandMax":null,"Value":29206},{"Length":426,"Height":223,"Demand":29,"DemandMax":null,"Value":67816},{"Length":260,"Height":491,"Demand":4,"DemandMax":null,"Value":57048},{"Length":170,"Height":280,"Demand":35,"DemandMax":null,"Value":18196},{"Length":340,"Height":429,"Demand":1,"DemandMax":null,"Value":53939},{"Length":111,"Height":464,"Demand":21,"DemandMax":null,"Value":35277},{"Length":235,"Height":235,"Demand":50,"DemandMax":null,"Value":37531},{"Length":488,"Height":254,"Demand":37,"DemandMax":null,"Value":37914},{"Length":380,"Height":162,"Demand":47,"DemandMax":null,"Value":34152},{"Length":391,"Height":133,"Demand":37,"DemandMax":null,"Value":15531},{"Length":211,"Height":331,"Demand":33,"DemandMax":null,"Value":50572},{"Length":178,"Height":238,"Demand":3,"DemandMax":null,"Value":14428},{"Length":315,"Height":336,"Demand":24,"DemandMax":null,"Value":49813},{"Length":96,"Height":452,"Demand":15,"DemandMax":null,"Value":18139},{"Length":366,"Height":384,"Demand":28,"DemandMax":null,"Value":68143},{"Length":371,"Height":384,"Demand":14,"DemandMax":null,"Value":77298},{"Length":71,"Height":215,"Demand":50,"DemandMax":null,"Value":5943},{"Length":83,"Height":200,"Demand":32,"DemandMax":null,"Value":10876},{"Length":67,"Height":183,"Demand":25,"DemandMax":null,"Value":7253},{"Length":105,"Height":118,"Demand":16,"DemandMax":null,"Value":4644},{"Length":110,"Height":428,"Demand":6,"DemandMax":null,"Value":29035},{"Length":149,"Height":88,"Demand":14,"DemandMax":null,"Value":3395},{"Length":193,"Height":368,"Demand":25,"DemandMax":null,"Value":38975},{"Length":185,"Height":233,"Demand":44,"DemandMax":null,"Value":13772},{"Length":499,"Height":124,"Demand":44,"DemandMax":null,"Value":28898},{"Length":85,"Height":115,"Demand":6,"DemandMax":null,"Value":2476},{"Length":273,"Height":283,"Demand":11,"DemandMax":null,"Value":48940},{"Length":150,"Height":400,"Demand":17,"DemandMax":null,"Value":44973},{"Length":375,"Height":217,"Demand":37,"DemandMax":null,"Value":37558},{"Length":432,"Height":229,"Demand":34,"DemandMax":null,"Value":40078},{"Length":93,"Height":324,"Demand":46,"DemandMax":null,"Value":9167},{"Length":246,"Height":266,"Demand":46,"DemandMax":null,"Value":17135},{"Length":416,"Height":377,"Demand":26,"DemandMax":null,"Value":100496},{"Length":87,"Height":422,"Demand":16,"DemandMax":null,"Value":12804},{"Length":404,"Height":152,"Demand":24,"DemandMax":null,"Value":39278},{"Length":257,"Height":381,"Demand":34,"DemandMax":null,"Value":41684},{"Length":328,"Height":121,"Demand":11,"DemandMax":null,"Value":25090},{"Length":284,"Height":203,"Demand":49,"DemandMax":null,"Value":25732}]}