{"Name":"3A-6","Objects":[{"Length":2395,"Height":1197,"Stock":null,"Cost":2866815}],"Items":[{"Length":252,"Height":248,"Demand":3,"DemandMax":null,"Value":18354},{"Length":493,"Height":187,"Demand":5,"DemandMax":null,"Value":56675},{"Length":399,"Height":130,"Demand":6,"DemandMax":null,"Value":19922},{"Length":298,"Height":80,"Demand":2,"DemandMax":null,"Value":15866},{"Length":180,"Height":327,"Demand":5,"DemandMax":null,"Value":26029},{"Length":419,"Height":303,"Demand":1,"DemandMax":null,"Value":41976},{"Length":340,"Height":376,"Demand":10,"DemandMax":null,"Value":65786},{"Length":256,"Height":226,"Demand":5,"DemandMax":null,"Value":37679},{"Length":74,"Height":481,"Demand":10,"DemandMax":null,"Value":25537},{"Length":55,"Height":487,"Demand":5,"DemandMax":null,"Value":19154},{"Length":435,"Height":68,"Demand":2,"DemandMax":null,"Value":15066},{"Length":404,"Height":183,"Demand":2,"DemandMax":null,"Value":28688},{"Length":153,"Height":189,"Demand":9,"DemandMax":null,"Value":10097},{"Length":418,"Height":455,"Demand":9,"DemandMax":null,"Value":53079},{"Length":477,"Height":419,"Demand":10,"DemandMax":null,"Value":96700},{"Length":252,"Height":386,"Demand":3,"DemandMax":null,"Value":32391},{"Length":59,"Height":94,"Demand":9,"DemandMax":null,"Value":1687},{"Length":213,"Height":297,"Demand":4,"DemandMax":null,"Value":22630},{"Length":433,"Height":267,"Demand":2,"DemandMax":null,"Value":55049},{"Length":161,"Height":484,"Demand":3,"DemandMax":null,"Value":38380},{"Length":373,"Height":394,"Demand":3,"DemandMax":null,"Value":66467},{"Length":112,"Height":422,"Demand":5,"DemandMax":null,"Value":20094},{"Length":275,"Height":105,"Demand":2,"DemandMax":null,"Value":16289},{"Length":353,"Height":347,"Demand":9,"DemandMax":null,"Value":46834},{"Length":261,"Height":338,"Demand":9,"DemandMax":null,"Value":66022},{"Length":195,"Height":416,"Demand":7,"DemandMax":null,"Value":29181},{"Length":488,"Height":406,"Demand":8,"DemandMax":null,"Value":125286},{"Length":94,"Height":217,"Demand":10,"DemandMax":null,"Value":11001},{"Length":429,"Height":323,"Demand":1,"DemandMax":null,"Value":36031},{"Length":376,"Height":464,"Demand":6,"DemandMax":null,"Value":117790},{"Length":428,"Height":312,"Demand":8,"DemandMax":null,"Value":99037},{"Length":219,"Height":168,"Demand":5,"DemandMax":null,"Value":26693},{"Length":92,"Height":174,"Demand":1,"DemandMax":null,"Value":9879},{"Length":313,"Height":256,"Demand":8,"DemandMax":null,"Value":38683},{"Length":425,"Height":330,"Demand":4,"DemandMax":null,"Value":42660},{"Length":245,"Height":201,"Demand":10,"DemandMax":null,"Value":35235},{"Length":299,"Height":56,"Demand":2,"DemandMax":null,"Value":11940},{"Length":78,"Height":366,"Demand":4,"DemandMax":null,"Value":20020},{"Length":289,"Height":246,"Demand":7,"DemandMax":null,"Value":36777},{"Length":434,"Height":245,"Demand":1,"DemandMax":null,"Value":32651},{"Length":59,"Height":302,"Demand":4,"DemandMax":null,"Value":13093},{"Length":347,"Height":131,"Demand":3,"DemandMax":null,"Value":12675},{"Length":145,"Height":389,"Demand":1,"DemandMax":null,"Value":14631},{"Length":481,"Height":474,"Demand":3,"DemandMax":null,"Value":101756},{"Length":315,"Height":283,"Demand":8,"DemandMax":null,"Value":31219},{"Length":224,"Height":177,"Demand":5,"DemandMax":null,"Value":17591},{"Length":270,"Height":176,"Demand":9,"DemandMax":null,"Value":19046},{"Length":265,"Height":325,"Demand":4,"DemandMax":null,"Value":52327},{"Length":411,"Height":289,"Demand":2,"DemandMax":null,"Value":74903},{"Length":461,"Height":448,"Demand":8,"DemandMax":null,"Value":154597},{"Length":481,"Height":257,"Demand":10,"DemandMax":null,"Value":90574},{"Length":184,"Height":226,"Demand":3,"DemandMax":null,"Value":13260},{"Length":290,"Height":229,"Demand":9,"DemandMax":null,"Value":35665},{"Length":293,"Height":107,"Demand":4,"DemandMax":null,"Value":13318},{"Length":246,"Height":393,"Demand":8,"DemandMax":null,"Value":45190},{"Length":192,"Height":365,"Demand":3,"DemandMax":null,"Value":33186},{"Length":287,"Height":461,"Demand":3,"DemandMax":null,"Value":72504},{"Length":150,"Height":55,"Demand":1,"DemandMax":null,"Value":2571},{"Length":53,"Height":286,"Demand":1,"DemandMax":null,"Value":7782},{"Length":481,"Height":51,"Demand":3,"DemandMax":null,"Value":7814},{"Length":490,"Height":378,"Demand":1,"DemandMax":null,"Value":47574},{"Length":251,"Height":482,"Demand":4,"DemandMax":null,"Value":45531},{"Length":270,"Height":451,"Demand":8,"DemandMax":null,"Value":58088},{"Length":220,"Height":113,"Demand":6,"DemandMax":null,"Value":6468},{"Length":77,"Height":492,"Demand":10,"DemandMax":null,"Value":19594},{"Length":168,"Height":52,"Demand":9,"DemandMax":null,"Value":5159},{"Length":283,"Height":438,"Demand":1,"DemandMax":null,"Value":73877},{"Length":442,"Height":190,"Demand":9,"DemandMax":null,"Value":31729},{"Length":426,"Height":65,"Demand":8,"DemandMax":null,"Value":12854},{"Length":140,"Height":397,"Demand":1,"DemandMax":null,"Value":37729},{"Length":438,"Height":496,"Demand":5,"DemandMax":null,"Value":120736},{"Length":281,"Height":82,"Demand":9,"DemandMax":null,"Value":6597},{"Length":232,"Height":60,"Demand":9,"DemandMax":null,"Value":6819},{"Length":238,"Height":448,"Demand":8,"DemandMax":null,"Value":53892},{"Length":121,"Height":398,"Demand":9,"DemandMax":null,"Value":18932},{"Length":322,"Height":195,"Demand":9,"DemandMax":null,"Value":46313},{"Length":392,"Height":308,"Demand":8,"DemandMax":null,"Value":60479},{"Length":408,"Height":489,"Demand":3,"DemandMax":null,"Value":122384},{"Length":366,"Height":162,"Demand":7,"DemandMax":null,"Value":26095},{"Length":454,"Height":337,"Demand":7,"DemandMax":null,"Value":92117},{"Length":136,"Height":243,"Demand":3,"DemandMax":null,"Value":17728},{"Length":193,"Height":480,"Demand":3,"DemandMax":null,"Value":63302},{"Length":265,"Height":423,"Demand":9,"DemandMax":null,"Value":57242},{"Length":126,"Height":440,"Demand":3,"DemandMax":null,"Value":34423},{"Length":365,"Height":165,"Demand":1,"DemandMax":null,"Value":34606},{"Length":263,"Height":352,"Demand":1,"DemandMax":null,"Value":39476},{"Length":69,"Height":466,"Demand":1,"DemandMax":null,"Value":9123},{"Length":125,"Height":235,"Demand":8,"DemandMax":null,"Value":16711},{"Length":180,"Height":249,"Demand":8,"DemandMax":null,"Value":27145},{"Length":498,"Height":340,"Demand":10,"DemandMax":null,"Value":114790},{"Length":253,"Height":215,"Demand":1,"DemandMax":null,"Value":31872},{"Length":254,"Height":89,"Demand":3,"DemandMax":null,"Value":16265},{"Length":306,"Height":124,"Demand":10,"DemandMax":null,"Value":11369},{"Length":362,"Height":65,"Demand":9,"DemandMax":null,"Value":16619},{"Length":448,"Height":122,"Demand":5,"DemandMax":null,"Value":28774},{"Length":129,"Height":478,"Demand":6,"DemandMax":null,"Value":15548},{"Length":297,"Height":265,"Demand":1,"DemandMax":null,"Value":27322},{"Length":353,"Height":253,"Demand":10,"DemandMax":null,"Value":44963},{"Length":96,"Height":331,"Demand":4,"DemandMax":null,"Value":21860},{"Length":188,"Height":74,"Demand":1,"DemandMax":null,"Value":6851},{"Length":75,"Height":380,"Demand":2,"DemandMax":null,"Value":8572},{"Length":378,"Height":429,"Demand":2,"DemandMax":null,"Value":92913},{"Length":234,"Height":237,"Demand":10,"DemandMax":null,"Value":18071},{"Length":217,"Height":259,"Demand":7,"DemandMax":null,"Value":35195},{"Length":348,"Height":99,"Demand":3,"DemandMax":null,"Value":17089},{"Length":126,"Height":64,"Demand":5,"DemandMax":null,"Value":3870},{"Length":178,"Height":271,"Demand":8,"DemandMax":null,"Value":13514},{"Length":147,"Height":278,"Demand":8,"DemandMax":null,"Value":11343},{"Length":293,"Height":281,"Demand":5,"DemandMax":null,"Value":31208},{"Length":451,"Height":106,"Demand":10,"DemandMax":null,"Value":32508},{"Length":188,"Height":293,"Demand":7,"DemandMax":null,"Value":30383},{"Length":411,"Height":329,"Demand":7,"DemandMax":null,"Value":80055},{"Length":117,"Height":348,"Demand":1,"DemandMax":null,"Value":13035},{"Length":474,"Height":235,"Demand":9,"DemandMax":null,"Value":43626},{"Length":308,"Height":452,"Demand":10,"DemandMax":null,"Value":103889},{"Length":333,"Height":372,"Demand":4,"DemandMax":null,"Value":88593},{"Length":118,"Height":320,"Demand":5,"DemandMax":null,"Value":27956},{"Length":223,"Height":464,"Demand":4,"DemandMax":null,"Value":54713},{"Length":154,"Height":262,"Demand":3,"DemandMax":null,"Value":13791},{"Length":383,"Height":262,"Demand":7,"DemandMax":null,"Value":30824},{"Length":264,"Height":250,"Demand":2,"DemandMax":null,"Value":41578},{"Length":382,"Height":187,"Demand":2,"DemandMax":null,"Value":32697},{"Length":180,"Height":404,"Demand":9,"DemandMax":null,"Value":34729},{"Length":454,"Height":257,"Demand":1,"DemandMax":null,"Value":56531},{"Length":471,"Height":345,"Demand":6,"DemandMax":null,"Value":46550},{"Length":393,"Height":129,"Demand":2,"DemandMax":null,"Value":30201},{"Length":223,"Height":290,"Demand":9,"DemandMax":null,"Value":46727},{"Length":473,"Height":275,"Demand":6,"DemandMax":null,"Value":42731},{"Length":179,"Height":311,"Demand":7,"DemandMax":null,"Value":19521},{"Length":449,"Height":313,"Demand":10,"DemandMax":null,"Value":86482},{"Length":334,"Height":407,"Demand":8,"DemandMax":null,"Value":71212},{"Length":427,"Height":122,"Demand":1,"DemandMax":null,"Value":18364},{"Length":125,"Height":309,"Demand":6,"DemandMax":null,"Value":18096},{"Length":70,"Height":396,"Demand":3,"DemandMax":null,"Value":7526},{"Length":152,"Height":228,"Demand":8,"DemandMax":null,"Value":10021},{"Length":282,"Height":412,"Demand":8,"DemandMax":null,"Value":65894},{"Length":399,"Height":272,"Demand":4,"DemandMax":null,"Value":71312},{"Length":145,"Height":436,"Demand":3,"DemandMax":null,"Value":38916},{"Length":483,"Height":256,"Demand":7,"DemandMax":null,"Value":37829},{"Length":466,"Height":95,"Demand":5,"DemandMax":null,"Value":23692},{"Length":394,"Height":400,"Demand":8,"DemandMax":null,"Value":110793},{"Length":240,"Height":344,"Demand":9,"DemandMax":null,"Value":50630},{"Length":186,"Height":335,"Demand":7,"DemandMax":null,"Value":28078},{"Length":250,"Height":224,"Demand":9,"DemandMax":null,"Value":31142},{"Length":126,"Height":52,"Demand":2,"DemandMax":null,"Value":4395},{"Length":298,"Height":130,"Demand":1,"DemandMax":null,"Value":16709},{"Length":133,"Height":103,"Demand":6,"DemandMax":null,"Value":5359},{"Length":99,"Height":409,"Demand":8,"DemandMax":null,"Value":15035},{"Length":433,"Height":94,"Demand":8,"DemandMax":null,"Value":14261},{"Length":329,"Height":105,"Demand":7,"DemandMax":null,"Value":14120}]}