{"Name":"3B-3","Objects":[{"Length":2762,"Height":1154,"Stock":null,"Cost":3187348}],"Items":[{"Length":271,"Height":83,"Demand":33,"DemandMax":null,"Value":8778},{"Length":323,"Height":336,"Demand":5,"DemandMax":null,"Value":46413},{"Length":268,"Height":196,"Demand":44,"DemandMax":null,"Value":30916},{"Length":388,"Height":355,"Demand":41,"DemandMax":null,"Value":37031},{"Length":64,"Height":164,"Demand":42,"DemandMax":null,"Value":5694},{"Length":112,"Height":236,"Demand":37,"DemandMax":null,"Value":16317},{"Length":469,"Height":224,"Demand":9,"DemandMax":null,"Value":45879},{"Length":425,"Height":164,"Demand":16,"DemandMax":null,"Value":28140},{"Length":447,"Height":206,"Demand":30,"DemandMax":null,"Value":28335},{"Length":115,"Height":204,"Demand":38,"DemandMax":null,"Value":16145},{"Length":321,"Height":488,"Demand":17,"DemandMax":null,"Value":77826},{"Length":300,"Height":215,"Demand":39,"DemandMax":null,"Value":18638},{"Length":68,"Height":236,"Demand":19,"DemandMax":null,"Value":4881},{"Length":93,"Height":439,"Demand":50,"DemandMax":null,"Value":28447},{"Length":182,"Height":226,"Demand":44,"DemandMax":null,"Value":25314},{"Length":262,"Height":356,"Demand":15,"DemandMax":null,"Value":54764},{"Length":285,"Height":134,"Demand":25,"DemandMax":null,"Value":26230},{"Length":228,"Height":111,"Demand":6,"DemandMax":null,"Value":12639},{"Length":428,"Height":333,"Demand":27,"DemandMax":null,"Value":72501},{"Length":215,"Height":216,"Demand":3,"DemandMax":null,"Value":25250},{"Length":311,"Height":156,"Demand":43,"DemandMax":null,"Value":13970},{"Length":476,"Height":337,"Demand":27,"DemandMax":null,"Value":103273},{"Length":108,"Height":115,"Demand":7,"DemandMax":null,"Value":8088},{"Length":206,"Height":435,"Demand":36,"DemandMax":null,"Value":56688},{"Length":94,"Height":235,"Demand":26,"DemandMax":null,"Value":16406},{"Length":59,"Height":51,"Demand":44,"DemandMax":null,"Value":914},{"Length":68,"Height":53,"Demand":44,"DemandMax":null,"Value":1921},{"Length":116,"Height":284,"Demand":43,"DemandMax":null,"Value":19676},{"Length":162,"Height":188,"Demand":27,"DemandMax":null,"Value":13047},{"Length":250,"Height":376,"Demand":25,"DemandMax":null,"Value":25784},{"Length":308,"Height":229,"Demand":25,"DemandMax":null,"Value":52111},{"Length":442,"Height":193,"Demand":30,"DemandMax":null,"Value":45025},{"Length":465,"Height":76,"Demand":16,"DemandMax":null,"Value":10444},{"Length":241,"Height":456,"Demand":40,"DemandMax":null,"Value":31993},{"Length":478,"Height":59,"Demand":40,"DemandMax":null,"Value":15496},{"Length":406,"Height":357,"Demand":50,"DemandMax":null,"Value":52925},{"Length":486,"Height":158,"Demand":32,"DemandMax":null,"Value":32116},{"Length":487,"Height":346,"Demand":44,"DemandMax":null,"Value":116542},{"Length":52,"Height":243,"Demand":17,"DemandMax":null,"Value":6615},{"Length":209,"Height":339,"Demand":13,"DemandMax":null,"Value":33454},{"Length":390,"Height":121,"Demand":44,"DemandMax":null,"Value":16178},{"Length":186,"Height":239,"Demand":21,"DemandMax":null,"Value":30312},{"Length":303,"Height":428,"Demand":21,"DemandMax":null,"Value":33422},{"Length":87,"Height":297,"Demand":37,"DemandMax":null,"Value":17136},{"Length":108,"Height":178,"Demand":20,"DemandMax":null,"Value":10807},{"Length":115,"Height":366,"Demand":8,"DemandMax":null,"Value":30555},{"Length":142,"Height":238,"Demand":19,"DemandMax":null,"Value":9536},{"Length":279,"Height":190,"Demand":24,"DemandMax":null,"Value":17594},{"Length":158,"Height":124,"Demand":40,"DemandMax":null,"Value":13600},{"Length":195,"Height":289,"Demand":46,"DemandMax":null,"Value":18186},{"Length":86,"Height":320,"Demand":5,"DemandMax":null,"Value":8028},{"Length":400,"Height":309,"Demand":22,"DemandMax":null,"Value":70286},{"Length":200,"Height":291,"Demand":38,"DemandMax":null,"Value":40314},{"Length":305,"Height":140,"Demand":21,"DemandMax":null,"Value":29303},{"Length":115,"Height":259,"Demand":49,"DemandMax":null,"Value":19895},{"Length":102,"Height":366,"Demand":44,"DemandMax":null,"Value":15216},{"Length":488,"Height":486,"Demand":17,"DemandMax":null,"Value":158532},{"Length":464,"Height":270,"Demand":7,"DemandMax":null,"Value":74522},{"Length":290,"Height":367,"Demand":15,"DemandMax":null,"Value":52595},{"Length":411,"Height":60,"Demand":25,"DemandMax":null,"Value":14653},{"Length":401,"Height":404,"Demand":33,"DemandMax":null,"Value":105098},{"Length":355,"Height":57,"Demand":12,"DemandMax":null,"Value":8597},{"Length":229,"Height":141,"Demand":45,"DemandMax":null,"Value":16679},{"Length":400,"Height":138,"Demand":17,"DemandMax":null,"Value":28389},{"Length":136,"Height":308,"Demand":6,"DemandMax":null,"Value":14812},{"Length":152,"Height":437,"Demand":34,"DemandMax":null,"Value":42153},{"Length":491,"Height":396,"Demand":21,"DemandMax":null,"Value":49550},{"Length":319,"Height":113,"Demand":19,"DemandMax":null,"Value":24305},{"Length":170,"Height":54,"Demand":1,"DemandMax":null,"Value":2908},{"Length":386,"Height":109,"Demand":47,"DemandMax":null,"Value":30051},{"Length":126,"Height":76,"Demand":44,"DemandMax":null,"Value":6852},{"Length":420,"Height":236,"Demand":31,"DemandMax":null,"Value":37084},{"Length":93,"Height":217,"Demand":9,"DemandMax":null,"Value":8660},{"Length":104,"Height":342,"Demand":6,"DemandMax":null,"Value":13046},{"Length":218,"Height":136,"Demand":48,"DemandMax":null,"Value":12178},{"Length":306,"Height":255,"Demand":37,"DemandMax":null,"Value":36175},{"Length":417,"Height":245,"Demand":15,"DemandMax":null,"Value":74988},{"Length":497,"Height":204,"Demand":45,"DemandMax":null,"Value":44267},{"Length":480,"Height":110,"Demand":31,"DemandMax":null,"Value":33576},{"Length":192,"Height":316,"Demand":2,"DemandMax":null,"Value":19497},{"Length":402,"Height":77,"Demand":5,"DemandMax":null,"Value":17039},{"Length":229,"Height":314,"Demand":20,"DemandMax":null,"Value":25183},{"Length":59,"Height":203,"Demand":24,"DemandMax":null,"Value":8494},{"Length":350,"Height":147,"Demand":35,"DemandMax":null,"Value":23102},{"Length":468,"Height":181,"Demand":34,"DemandMax":null,"Value":21578},{"Length":415,"Height":91,"Demand":48,"DemandMax":null,"Value":22122},{"Length":427,"Height":368,"Demand":31,"DemandMax":null,"Value":98408},{"Length":144,"Height":76,"Demand":16,"DemandMax":null,"Value":3501},{"Length":419,"Height":128,"Demand":16,"DemandMax":null,"Value":15902},{"Length":88,"Height":280,"Demand":16,"DemandMax":null,"Value":10745},{"Length":359,"Height":216,"Demand":8,"DemandMax":null,"Value":25821},{"Length":96,"Height":466,"Demand":14,"DemandMax":null,"Value":16683},{"Length":263,"Height":117,"Demand":44,"DemandMax":null,"Value":8578},{"Length":114,"Height":244,"Demand":48,"DemandMax":null,"Value":16179},{"Length":224,"Height":212,"Demand":21,"DemandMax":null,"Value":27043},{"Length":325,"Height":432,"Demand":26,"DemandMax":null,"Value":41191},{"Length":246,"Height":160,"Demand":17,"DemandMax":null,"Value":26741},{"Length":432,"Height":452,"Demand":5,"DemandMax":null,"Value":144207},{"Length":193,"Height":350,"Demand":43,"DemandMax":null,"Value":33001},{"Length":126,"Height":61,"Demand":41,"DemandMax":null,"Value":3610},{"Length":130,"Height":448,"Demand":27,"DemandMax":null,"Value":31584},{"Length":483,"Height":96,"Demand":20,"DemandMax":null,"Value":18416},{"Length":138,"Height":380,"Demand":32,"DemandMax":null,"Value":26312},{"Length":132,"Height":253,"Demand":9,"DemandMax":null,"Value":8949},{"Length":198,"Height":312,"Demand":24,"DemandMax":null,"Value":44269},{"Length":303,"Height":268,"Demand":12,"DemandMax":null,"Value":33932},{"Length":224,"Height":460,"Demand":2,"DemandMax":null,"Value":57302},{"Length":143,"Height":363,"Demand":36,"DemandMax":null,"Value":26711},{"Length":393,"Height":180,"Demand":23,"DemandMax":null,"Value":33358},{"Length":451,"Height":385,"Demand":16,"DemandMax":null,"Value":86440},{"Length":70,"Height":458,"Demand":28,"DemandMax":null,"Value":9439},{"Length":342,"Height":348,"Demand":21,"DemandMax":null,"Value":38931},{"Length":102,"Height":365,"Demand":14,"DemandMax":null,"Value":21066},{"Length":487,"Height":85,"Demand":10,"DemandMax":null,"Value":11442},{"Length":437,"Height":396,"Demand":2,"DemandMax":null,"Value":52386},{"Length":355,"Height":403,"Demand":8,"DemandMax":null,"Value":97995},{"Length":363,"Height":178,"Demand":3,"DemandMax":null,"Value":38691},{"Length":472,"Height":147,"Demand":7,"DemandMax":null,"Value":41175},{"Length":357,"Height":232,"Demand":18,"DemandMax":null,"Value":32947},{"Length":254,"Height":307,"Demand":21,"DemandMax":null,"Value":29580},{"Length":229,"Height":199,"Demand":21,"DemandMax":null,"Value":32915},{"Length":272,"Height":234,"Demand":27,"DemandMax":null,"Value":42422},{"Length":415,"Height":146,"Demand":13,"DemandMax":null,"Value":39844},{"Length":223,"Height":433,"Demand":3,"DemandMax":null,"Value":70899},{"Length":307,"Height":397,"Demand":45,"DemandMax":null,"Value":65913},{"Length":211,"Height":81,"Demand":39,"DemandMax":null,"Value":12012},{"Length":158,"Height":418,"Demand":46,"DemandMax":null,"Value":42809},{"Length":284,"Height":360,"Demand":36,"DemandMax":null,"Value":75479},{"Length":252,"Height":94,"Demand":22,"DemandMax":null,"Value":6593},{"Length":120,"Height":127,"Demand":50,"DemandMax":null,"Value":10841},{"Length":331,"Height":256,"Demand":33,"DemandMax":null,"Value":46606},{"Length":404,"Height":205,"Demand":49,"DemandMax":null,"Value":39601},{"Length":100,"Height":97,"Demand":24,"DemandMax":null,"Value":5237},{"Length":337,"Height":103,"Demand":38,"DemandMax":null,"Value":18419},{"Length":168,"Height":79,"Demand":17,"DemandMax":null,"Value":8450},{"Length":120,"Height":128,"Demand":47,"DemandMax":null,"Value":7912},{"Length":292,"Height":409,"Demand":45,"DemandMax":null,"Value":89083},{"Length":333,"Height":125,"Demand":34,"DemandMax":null,"Value":14076},{"Length":437,"Height":290,"Demand":7,"DemandMax":null,"Value":39242},{"Length":262,"Height":458,"Demand":20,"DemandMax":null,"Value":71221},{"Length":409,"Height":135,"Demand":45,"DemandMax":null,"Value":31335},{"Length":330,"Height":117,"Demand":27,"DemandMax":null,"Value":25359},{"Length":218,"Height":169,"Demand":1,"DemandMax":null,"Value":23621},{"Length":75,"Height":137,"Demand":18,"DemandMax":null,"Value":3328},{"Length":437,"Height":191,"Demand":19,"DemandMax":null,"Value":36819},{"Length":239,"Height":305,"Demand":24,"DemandMax":null,"Value":45475},{"Length":370,"Height":258,"Demand":25,"DemandMax":null,"Value":60104},{"Length":378,"Height":410,"Demand":43,"DemandMax":null,"Value":113085},{"Length":105,"Height":142,"Demand":49,"DemandMax":null,"Value":7307},{"Length":383,"Height":393,"Demand":50,"DemandMax":null,"Value":81053}]}