{"Name":"3B-6","Objects":[{"Length":2155,"Height":1195,"Stock":null,"Cost":2575225}],"Items":[{"Length":175,"Height":262,"Demand":19,"DemandMax":null,"Value":19893},{"Length":175,"Height":421,"Demand":43,"DemandMax":null,"Value":51644},{"Length":132,"Height":396,"Demand":4,"DemandMax":null,"Value":33172},{"Length":76,"Height":423,"Demand":8,"DemandMax":null,"Value":17610},{"Length":164,"Height":376,"Demand":9,"DemandMax":null,"Value":40695},{"Length":484,"Height":93,"Demand":15,"DemandMax":null,"Value":24155},{"Length":127,"Height":263,"Demand":3,"DemandMax":null,"Value":23783},{"Length":195,"Height":196,"Demand":39,"DemandMax":null,"Value":26150},{"Length":346,"Height":453,"Demand":11,"DemandMax":null,"Value":43633},{"Length":264,"Height":89,"Demand":28,"DemandMax":null,"Value":16375},{"Length":273,"Height":280,"Demand":36,"DemandMax":null,"Value":29687},{"Length":356,"Height":343,"Demand":1,"DemandMax":null,"Value":69745},{"Length":455,"Height":176,"Demand":19,"DemandMax":null,"Value":56559},{"Length":457,"Height":446,"Demand":47,"DemandMax":null,"Value":129634},{"Length":244,"Height":145,"Demand":31,"DemandMax":null,"Value":15396},{"Length":118,"Height":286,"Demand":10,"DemandMax":null,"Value":25043},{"Length":439,"Height":71,"Demand":12,"DemandMax":null,"Value":17142},{"Length":172,"Height":264,"Demand":23,"DemandMax":null,"Value":30236},{"Length":230,"Height":304,"Demand":4,"DemandMax":null,"Value":19096},{"Length":266,"Height":300,"Demand":39,"DemandMax":null,"Value":49043},{"Length":393,"Height":111,"Demand":16,"DemandMax":null,"Value":11619},{"Length":84,"Height":152,"Demand":5,"DemandMax":null,"Value":6834},{"Length":491,"Height":269,"Demand":45,"DemandMax":null,"Value":72365},{"Length":164,"Height":299,"Demand":32,"DemandMax":null,"Value":15999},{"Length":242,"Height":493,"Demand":7,"DemandMax":null,"Value":56020},{"Length":312,"Height":404,"Demand":47,"DemandMax":null,"Value":72096},{"Length":337,"Height":337,"Demand":38,"DemandMax":null,"Value":58530},{"Length":402,"Height":132,"Demand":29,"DemandMax":null,"Value":34010},{"Length":170,"Height":106,"Demand":36,"DemandMax":null,"Value":9437},{"Length":59,"Height":243,"Demand":23,"DemandMax":null,"Value":6696},{"Length":393,"Height":79,"Demand":33,"DemandMax":null,"Value":15593},{"Length":119,"Height":135,"Demand":30,"DemandMax":null,"Value":10114},{"Length":383,"Height":134,"Demand":2,"DemandMax":null,"Value":16041},{"Length":207,"Height":133,"Demand":32,"DemandMax":null,"Value":14548},{"Length":497,"Height":247,"Demand":29,"DemandMax":null,"Value":56130},{"Length":220,"Height":406,"Demand":33,"DemandMax":null,"Value":51718},{"Length":298,"Height":195,"Demand":50,"DemandMax":null,"Value":18976},{"Length":390,"Height":349,"Demand":2,"DemandMax":null,"Value":65641},{"Length":223,"Height":131,"Demand":34,"DemandMax":null,"Value":10486},{"Length":52,"Height":239,"Demand":13,"DemandMax":null,"Value":4114},{"Length":237,"Height":325,"Demand":15,"DemandMax":null,"Value":35257},{"Length":274,"Height":56,"Demand":12,"DemandMax":null,"Value":9987},{"Length":248,"Height":169,"Demand":26,"DemandMax":null,"Value":20779},{"Length":115,"Height":264,"Demand":10,"DemandMax":null,"Value":15338},{"Length":332,"Height":245,"Demand":49,"DemandMax":null,"Value":52324},{"Length":192,"Height":438,"Demand":22,"DemandMax":null,"Value":49130},{"Length":299,"Height":476,"Demand":4,"DemandMax":null,"Value":54543},{"Length":175,"Height":148,"Demand":11,"DemandMax":null,"Value":8003},{"Length":162,"Height":227,"Demand":46,"DemandMax":null,"Value":27526},{"Length":55,"Height":374,"Demand":4,"DemandMax":null,"Value":9742},{"Length":445,"Height":159,"Demand":26,"DemandMax":null,"Value":23705},{"Length":402,"Height":274,"Demand":11,"DemandMax":null,"Value":42679},{"Length":125,"Height":404,"Demand":1,"DemandMax":null,"Value":16644},{"Length":222,"Height":358,"Demand":11,"DemandMax":null,"Value":33879},{"Length":118,"Height":228,"Demand":18,"DemandMax":null,"Value":12182},{"Length":301,"Height":245,"Demand":32,"DemandMax":null,"Value":30717},{"Length":422,"Height":121,"Demand":25,"DemandMax":null,"Value":34048},{"Length":117,"Height":454,"Demand":8,"DemandMax":null,"Value":22725},{"Length":286,"Height":123,"Demand":39,"DemandMax":null,"Value":19362},{"Length":355,"Height":382,"Demand":34,"DemandMax":null,"Value":53176},{"Length":458,"Height":490,"Demand":45,"DemandMax":null,"Value":159089},{"Length":75,"Height":339,"Demand":14,"DemandMax":null,"Value":14533},{"Length":463,"Height":110,"Demand":2,"DemandMax":null,"Value":14194},{"Length":260,"Height":416,"Demand":10,"DemandMax":null,"Value":34525},{"Length":380,"Height":484,"Demand":3,"DemandMax":null,"Value":58724},{"Length":397,"Height":264,"Demand":6,"DemandMax":null,"Value":40117},{"Length":462,"Height":479,"Demand":32,"DemandMax":null,"Value":103063},{"Length":451,"Height":179,"Demand":28,"DemandMax":null,"Value":20416},{"Length":359,"Height":97,"Demand":14,"DemandMax":null,"Value":16181},{"Length":392,"Height":202,"Demand":24,"DemandMax":null,"Value":24960},{"Length":398,"Height":332,"Demand":47,"DemandMax":null,"Value":57955},{"Length":372,"Height":117,"Demand":25,"DemandMax":null,"Value":17218},{"Length":237,"Height":440,"Demand":9,"DemandMax":null,"Value":76791},{"Length":408,"Height":52,"Demand":21,"DemandMax":null,"Value":15898},{"Length":287,"Height":403,"Demand":11,"DemandMax":null,"Value":39616},{"Length":170,"Height":112,"Demand":14,"DemandMax":null,"Value":13378},{"Length":101,"Height":349,"Demand":42,"DemandMax":null,"Value":12187},{"Length":159,"Height":420,"Demand":17,"DemandMax":null,"Value":38003},{"Length":391,"Height":101,"Demand":47,"DemandMax":null,"Value":28523},{"Length":177,"Height":293,"Demand":13,"DemandMax":null,"Value":36307},{"Length":342,"Height":100,"Demand":47,"DemandMax":null,"Value":16532},{"Length":403,"Height":94,"Demand":28,"DemandMax":null,"Value":24472},{"Length":68,"Height":404,"Demand":29,"DemandMax":null,"Value":10499},{"Length":356,"Height":67,"Demand":1,"DemandMax":null,"Value":11148},{"Length":427,"Height":72,"Demand":47,"DemandMax":null,"Value":21020},{"Length":383,"Height":90,"Demand":44,"DemandMax":null,"Value":10650},{"Length":320,"Height":112,"Demand":31,"DemandMax":null,"Value":10391},{"Length":371,"Height":408,"Demand":49,"DemandMax":null,"Value":73914},{"Length":332,"Height":477,"Demand":25,"DemandMax":null,"Value":92561},{"Length":342,"Height":485,"Demand":24,"DemandMax":null,"Value":104033},{"Length":146,"Height":228,"Demand":27,"DemandMax":null,"Value":17982},{"Length":225,"Height":240,"Demand":16,"DemandMax":null,"Value":17445},{"Length":262,"Height":350,"Demand":50,"DemandMax":null,"Value":66305},{"Length":156,"Height":356,"Demand":28,"DemandMax":null,"Value":32469},{"Length":454,"Height":371,"Demand":17,"DemandMax":null,"Value":108303},{"Length":295,"Height":477,"Demand":20,"DemandMax":null,"Value":42915},{"Length":364,"Height":88,"Demand":13,"DemandMax":null,"Value":8293},{"Length":265,"Height":99,"Demand":5,"DemandMax":null,"Value":12452},{"Length":224,"Height":198,"Demand":3,"DemandMax":null,"Value":28977},{"Length":289,"Height":283,"Demand":39,"DemandMax":null,"Value":58445},{"Length":104,"Height":371,"Demand":26,"DemandMax":null,"Value":10178},{"Length":434,"Height":245,"Demand":18,"DemandMax":null,"Value":62928},{"Length":479,"Height":94,"Demand":48,"DemandMax":null,"Value":18330},{"Length":436,"Height":457,"Demand":15,"DemandMax":null,"Value":126405},{"Length":366,"Height":378,"Demand":30,"DemandMax":null,"Value":65010},{"Length":275,"Height":97,"Demand":1,"DemandMax":null,"Value":14686},{"Length":325,"Height":134,"Demand":22,"DemandMax":null,"Value":16502},{"Length":383,"Height":293,"Demand":40,"DemandMax":null,"Value":49100},{"Length":294,"Height":290,"Demand":27,"DemandMax":null,"Value":52563},{"Length":223,"Height":202,"Demand":2,"DemandMax":null,"Value":13830},{"Length":140,"Height":149,"Demand":13,"DemandMax":null,"Value":8928},{"Length":477,"Height":141,"Demand":20,"DemandMax":null,"Value":41243},{"Length":478,"Height":187,"Demand":15,"DemandMax":null,"Value":25563},{"Length":125,"Height":291,"Demand":6,"DemandMax":null,"Value":25967},{"Length":233,"Height":349,"Demand":45,"DemandMax":null,"Value":36339},{"Length":440,"Height":59,"Demand":29,"DemandMax":null,"Value":9924},{"Length":471,"Height":338,"Demand":2,"DemandMax":null,"Value":58871},{"Length":465,"Height":287,"Demand":20,"DemandMax":null,"Value":91408},{"Length":170,"Height":365,"Demand":46,"DemandMax":null,"Value":42170},{"Length":113,"Height":466,"Demand":14,"DemandMax":null,"Value":16107},{"Length":420,"Height":389,"Demand":31,"DemandMax":null,"Value":90639},{"Length":208,"Height":73,"Demand":34,"DemandMax":null,"Value":4535},{"Length":110,"Height":234,"Demand":47,"DemandMax":null,"Value":18638},{"Length":439,"Height":172,"Demand":3,"DemandMax":null,"Value":25716},{"Length":207,"Height":198,"Demand":31,"DemandMax":null,"Value":19290},{"Length":341,"Height":225,"Demand":39,"DemandMax":null,"Value":32073},{"Length":360,"Height":282,"Demand":9,"DemandMax":null,"Value":49222},{"Length":361,"Height":366,"Demand":27,"DemandMax":null,"Value":71689},{"Length":489,"Height":267,"Demand":43,"DemandMax":null,"Value":50834},{"Length":360,"Height":289,"Demand":10,"DemandMax":null,"Value":68163},{"Length":52,"Height":271,"Demand":13,"DemandMax":null,"Value":8336},{"Length":392,"Height":487,"Demand":12,"DemandMax":null,"Value":71555},{"Length":370,"Height":475,"Demand":7,"DemandMax":null,"Value":108387},{"Length":364,"Height":413,"Demand":32,"DemandMax":null,"Value":38923},{"Length":139,"Height":179,"Demand":3,"DemandMax":null,"Value":13654},{"Length":440,"Height":438,"Demand":2,"DemandMax":null,"Value":61575},{"Length":148,"Height":467,"Demand":40,"DemandMax":null,"Value":32279},{"Length":62,"Height":224,"Demand":34,"DemandMax":null,"Value":3518},{"Length":366,"Height":273,"Demand":18,"DemandMax":null,"Value":63293},{"Length":400,"Height":435,"Demand":18,"DemandMax":null,"Value":130423},{"Length":276,"Height":387,"Demand":32,"DemandMax":null,"Value":49298},{"Length":148,"Height":285,"Demand":11,"DemandMax":null,"Value":17088},{"Length":358,"Height":134,"Demand":13,"DemandMax":null,"Value":14594},{"Length":93,"Height":367,"Demand":11,"DemandMax":null,"Value":8937},{"Length":480,"Height":384,"Demand":23,"DemandMax":null,"Value":118110},{"Length":58,"Height":498,"Demand":39,"DemandMax":null,"Value":10074},{"Length":343,"Height":164,"Demand":36,"DemandMax":null,"Value":35980},{"Length":308,"Height":306,"Demand":18,"DemandMax":null,"Value":40122},{"Length":62,"Height":247,"Demand":10,"DemandMax":null,"Value":9681},{"Length":265,"Height":329,"Demand":22,"DemandMax":null,"Value":38913}]}