{"Name":"3A-3","Objects":[{"Length":2887,"Height":1444,"Stock":null,"Cost":4168828}],"Items":[{"Length":258,"Height":191,"Demand":7,"DemandMax":null,"Value":34814},{"Length":160,"Height":392,"Demand":9,"DemandMax":null,"Value":35634},{"Length":431,"Height":150,"Demand":6,"DemandMax":null,"Value":18876},{"Length":272,"Height":377,"Demand":5,"DemandMax":null,"Value":62315},{"Length":412,"Height":103,"Demand":1,"DemandMax":null,"Value":30021},{"Length":423,"Height":65,"Demand":2,"DemandMax":null,"Value":13527},{"Length":169,"Height":119,"Demand":10,"DemandMax":null,"Value":9331},{"Length":387,"Height":188,"Demand":10,"DemandMax":null,"Value":42953},{"Length":255,"Height":257,"Demand":4,"DemandMax":null,"Value":18096},{"Length":395,"Height":136,"Demand":10,"DemandMax":null,"Value":37476},{"Length":189,"Height":418,"Demand":3,"DemandMax":null,"Value":57371},{"Length":263,"Height":399,"Demand":1,"DemandMax":null,"Value":33962},{"Length":242,"Height":56,"Demand":6,"DemandMax":null,"Value":7384},{"Length":154,"Height":326,"Demand":7,"DemandMax":null,"Value":20110},{"Length":202,"Height":238,"Demand":9,"DemandMax":null,"Value":16556},{"Length":253,"Height":72,"Demand":9,"DemandMax":null,"Value":9530},{"Length":191,"Height":488,"Demand":7,"DemandMax":null,"Value":53865},{"Length":89,"Height":227,"Demand":4,"DemandMax":null,"Value":10603},{"Length":188,"Height":106,"Demand":3,"DemandMax":null,"Value":8914},{"Length":353,"Height":381,"Demand":8,"DemandMax":null,"Value":47178},{"Length":79,"Height":341,"Demand":3,"DemandMax":null,"Value":13347},{"Length":145,"Height":365,"Demand":5,"DemandMax":null,"Value":33992},{"Length":465,"Height":341,"Demand":8,"DemandMax":null,"Value":42925},{"Length":275,"Height":301,"Demand":6,"DemandMax":null,"Value":40975},{"Length":331,"Height":419,"Demand":1,"DemandMax":null,"Value":40869},{"Length":132,"Height":412,"Demand":8,"DemandMax":null,"Value":17586},{"Length":365,"Height":400,"Demand":7,"DemandMax":null,"Value":97507},{"Length":115,"Height":426,"Demand":4,"DemandMax":null,"Value":22142},{"Length":327,"Height":472,"Demand":2,"DemandMax":null,"Value":87894},{"Length":444,"Height":357,"Demand":9,"DemandMax":null,"Value":45901},{"Length":185,"Height":141,"Demand":6,"DemandMax":null,"Value":18646},{"Length":165,"Height":137,"Demand":10,"DemandMax":null,"Value":11800},{"Length":364,"Height":321,"Demand":2,"DemandMax":null,"Value":68131},{"Length":496,"Height":321,"Demand":6,"DemandMax":null,"Value":80914},{"Length":87,"Height":205,"Demand":7,"DemandMax":null,"Value":8714},{"Length":448,"Height":110,"Demand":7,"DemandMax":null,"Value":14181},{"Length":404,"Height":258,"Demand":6,"DemandMax":null,"Value":41320},{"Length":65,"Height":329,"Demand":4,"DemandMax":null,"Value":13259},{"Length":172,"Height":292,"Demand":3,"DemandMax":null,"Value":17393},{"Length":337,"Height":349,"Demand":9,"DemandMax":null,"Value":69321},{"Length":395,"Height":496,"Demand":7,"DemandMax":null,"Value":98945},{"Length":409,"Height":212,"Demand":9,"DemandMax":null,"Value":29551},{"Length":336,"Height":183,"Demand":5,"DemandMax":null,"Value":17420},{"Length":157,"Height":316,"Demand":5,"DemandMax":null,"Value":13012},{"Length":438,"Height":139,"Demand":9,"DemandMax":null,"Value":41886},{"Length":447,"Height":499,"Demand":3,"DemandMax":null,"Value":162195},{"Length":90,"Height":491,"Demand":9,"DemandMax":null,"Value":30875},{"Length":211,"Height":354,"Demand":9,"DemandMax":null,"Value":48803},{"Length":197,"Height":410,"Demand":5,"DemandMax":null,"Value":42155},{"Length":156,"Height":439,"Demand":7,"DemandMax":null,"Value":30595},{"Length":106,"Height":324,"Demand":7,"DemandMax":null,"Value":22188},{"Length":469,"Height":177,"Demand":5,"DemandMax":null,"Value":56551},{"Length":319,"Height":455,"Demand":8,"DemandMax":null,"Value":38202},{"Length":198,"Height":307,"Demand":2,"DemandMax":null,"Value":27034},{"Length":272,"Height":115,"Demand":5,"DemandMax":null,"Value":12442},{"Length":395,"Height":363,"Demand":1,"DemandMax":null,"Value":65335},{"Length":313,"Height":353,"Demand":7,"DemandMax":null,"Value":60910},{"Length":461,"Height":66,"Demand":4,"DemandMax":null,"Value":19647},{"Length":53,"Height":492,"Demand":7,"DemandMax":null,"Value":10454},{"Length":383,"Height":379,"Demand":7,"DemandMax":null,"Value":104912},{"Length":157,"Height":103,"Demand":2,"DemandMax":null,"Value":10294},{"Length":473,"Height":217,"Demand":8,"DemandMax":null,"Value":59827},{"Length":457,"Height":486,"Demand":2,"DemandMax":null,"Value":100550},{"Length":195,"Height":433,"Demand":6,"DemandMax":null,"Value":54913},{"Length":73,"Height":229,"Demand":10,"DemandMax":null,"Value":9794},{"Length":351,"Height":489,"Demand":6,"DemandMax":null,"Value":101983},{"Length":352,"Height":363,"Demand":9,"DemandMax":null,"Value":86153},{"Length":394,"Height":215,"Demand":6,"DemandMax":null,"Value":61034},{"Length":350,"Height":412,"Demand":8,"DemandMax":null,"Value":96378},{"Length":269,"Height":411,"Demand":4,"DemandMax":null,"Value":52719},{"Length":370,"Height":219,"Demand":10,"DemandMax":null,"Value":49397},{"Length":358,"Height":479,"Demand":4,"DemandMax":null,"Value":127481},{"Length":156,"Height":435,"Demand":10,"DemandMax":null,"Value":25475},{"Length":255,"Height":115,"Demand":3,"DemandMax":null,"Value":21710},{"Length":410,"Height":81,"Demand":4,"DemandMax":null,"Value":17587},{"Length":207,"Height":94,"Demand":7,"DemandMax":null,"Value":5049},{"Length":353,"Height":317,"Demand":1,"DemandMax":null,"Value":31042},{"Length":122,"Height":453,"Demand":3,"DemandMax":null,"Value":19259},{"Length":365,"Height":297,"Demand":3,"DemandMax":null,"Value":28984},{"Length":251,"Height":334,"Demand":8,"DemandMax":null,"Value":28890},{"Length":271,"Height":311,"Demand":7,"DemandMax":null,"Value":56514},{"Length":427,"Height":349,"Demand":5,"DemandMax":null,"Value":88193},{"Length":438,"Height":307,"Demand":9,"DemandMax":null,"Value":89380},{"Length":325,"Height":63,"Demand":3,"DemandMax":null,"Value":11961},{"Length":205,"Height":345,"Demand":2,"DemandMax":null,"Value":50689},{"Length":216,"Height":346,"Demand":8,"DemandMax":null,"Value":35873},{"Length":324,"Height":434,"Demand":4,"DemandMax":null,"Value":64175},{"Length":267,"Height":323,"Demand":1,"DemandMax":null,"Value":63132},{"Length":481,"Height":477,"Demand":4,"DemandMax":null,"Value":121537},{"Length":105,"Height":384,"Demand":5,"DemandMax":null,"Value":11924},{"Length":374,"Height":289,"Demand":3,"DemandMax":null,"Value":72582},{"Length":322,"Height":181,"Demand":6,"DemandMax":null,"Value":18605},{"Length":314,"Height":148,"Demand":10,"DemandMax":null,"Value":19104},{"Length":138,"Height":308,"Demand":8,"DemandMax":null,"Value":29764},{"Length":410,"Height":215,"Demand":3,"DemandMax":null,"Value":33445},{"Length":459,"Height":92,"Demand":1,"DemandMax":null,"Value":30782},{"Length":347,"Height":53,"Demand":3,"DemandMax":null,"Value":12655},{"Length":99,"Height":151,"Demand":5,"DemandMax":null,"Value":7942},{"Length":218,"Height":276,"Demand":9,"DemandMax":null,"Value":21560},{"Length":96,"Height":497,"Demand":5,"DemandMax":null,"Value":23983},{"Length":398,"Height":359,"Demand":6,"DemandMax":null,"Value":51118},{"Length":251,"Height":142,"Demand":8,"DemandMax":null,"Value":24369},{"Length":79,"Height":67,"Demand":2,"DemandMax":null,"Value":2727},{"Length":363,"Height":189,"Demand":4,"DemandMax":null,"Value":26986},{"Length":363,"Height":454,"Demand":10,"DemandMax":null,"Value":80652},{"Length":268,"Height":171,"Demand":10,"DemandMax":null,"Value":32749},{"Length":418,"Height":147,"Demand":4,"DemandMax":null,"Value":38990},{"Length":53,"Height":189,"Demand":3,"DemandMax":null,"Value":4323},{"Length":279,"Height":233,"Demand":6,"DemandMax":null,"Value":38301},{"Length":212,"Height":473,"Demand":4,"DemandMax":null,"Value":56313},{"Length":292,"Height":263,"Demand":10,"DemandMax":null,"Value":21842},{"Length":444,"Height":105,"Demand":2,"DemandMax":null,"Value":24235},{"Length":314,"Height":474,"Demand":3,"DemandMax":null,"Value":56534},{"Length":410,"Height":115,"Demand":6,"DemandMax":null,"Value":24365},{"Length":68,"Height":136,"Demand":9,"DemandMax":null,"Value":4235},{"Length":225,"Height":358,"Demand":2,"DemandMax":null,"Value":25819},{"Length":287,"Height":62,"Demand":4,"DemandMax":null,"Value":12426},{"Length":462,"Height":434,"Demand":10,"DemandMax":null,"Value":69335},{"Length":394,"Height":208,"Demand":3,"DemandMax":null,"Value":22799},{"Length":232,"Height":421,"Demand":3,"DemandMax":null,"Value":44352},{"Length":375,"Height":193,"Demand":1,"DemandMax":null,"Value":33652},{"Length":108,"Height":123,"Demand":9,"DemandMax":null,"Value":9212},{"Length":104,"Height":481,"Demand":6,"DemandMax":null,"Value":17238},{"Length":114,"Height":125,"Demand":1,"DemandMax":null,"Value":3874},{"Length":368,"Height":284,"Demand":4,"DemandMax":null,"Value":44603},{"Length":395,"Height":360,"Demand":6,"DemandMax":null,"Value":94612},{"Length":440,"Height":251,"Demand":8,"DemandMax":null,"Value":60656},{"Length":333,"Height":58,"Demand":7,"DemandMax":null,"Value":13903},{"Length":476,"Height":222,"Demand":10,"DemandMax":null,"Value":66432},{"Length":185,"Height":374,"Demand":8,"DemandMax":null,"Value":50354},{"Length":266,"Height":453,"Demand":3,"DemandMax":null,"Value":53121},{"Length":175,"Height":438,"Demand":1,"DemandMax":null,"Value":42861},{"Length":150,"Height":413,"Demand":8,"DemandMax":null,"Value":19509},{"Length":421,"Height":493,"Demand":10,"DemandMax":null,"Value":65364},{"Length":429,"Height":186,"Demand":6,"DemandMax":null,"Value":37111},{"Length":222,"Height":342,"Demand":8,"DemandMax":null,"Value":34796},{"Length":169,"Height":326,"Demand":7,"DemandMax":null,"Value":39383},{"Length":401,"Height":270,"Demand":7,"DemandMax":null,"Value":30884},{"Length":158,"Height":373,"Demand":5,"DemandMax":null,"Value":38799},{"Length":417,"Height":285,"Demand":3,"DemandMax":null,"Value":85937},{"Length":413,"Height":499,"Demand":6,"DemandMax":null,"Value":85510},{"Length":246,"Height":184,"Demand":5,"DemandMax":null,"Value":27908},{"Length":499,"Height":279,"Demand":1,"DemandMax":null,"Value":86938},{"Length":367,"Height":112,"Demand":7,"DemandMax":null,"Value":27958},{"Length":355,"Height":129,"Demand":10,"DemandMax":null,"Value":12434},{"Length":135,"Height":363,"Demand":3,"DemandMax":null,"Value":23594},{"Length":372,"Height":300,"Demand":6,"DemandMax":null,"Value":41423},{"Length":205,"Height":158,"Demand":6,"DemandMax":null,"Value":15523},{"Length":118,"Height":182,"Demand":7,"DemandMax":null,"Value":12160},{"Length":142,"Height":310,"Demand":7,"DemandMax":null,"Value":26107}]}