{"Name":"1A-3","Objects":[{"Length":2230,"Height":1279,"Stock":null,"Cost":2852170}],"Items":[{"Length":53,"Height":367,"Demand":10,"DemandMax":null,"Value":6712},{"Length":437,"Height":247,"Demand":9,"DemandMax":null,"Value":74835},{"Length":194,"Height":458,"Demand":10,"DemandMax":null,"Value":24325},{"Length":264,"Height":358,"Demand":5,"DemandMax":null,"Value":61341},{"Length":99,"Height":385,"Demand":7,"DemandMax":null,"Value":17059},{"Length":172,"Height":74,"Demand":10,"DemandMax":null,"Value":8994},{"Length":59,"Height":125,"Demand":1,"DemandMax":null,"Value":3192},{"Length":177,"Height":357,"Demand":5,"DemandMax":null,"Value":37368},{"Length":418,"Height":97,"Demand":2,"DemandMax":null,"Value":12660},{"Length":124,"Height":426,"Demand":8,"DemandMax":null,"Value":36283},{"Length":68,"Height":244,"Demand":5,"DemandMax":null,"Value":5329},{"Length":437,"Height":255,"Demand":2,"DemandMax":null,"Value":31649},{"Length":477,"Height":470,"Demand":10,"DemandMax":null,"Value":140542},{"Length":452,"Height":218,"Demand":7,"DemandMax":null,"Value":65787},{"Length":229,"Height":219,"Demand":5,"DemandMax":null,"Value":14896},{"Length":246,"Height":106,"Demand":5,"DemandMax":null,"Value":13686},{"Length":257,"Height":472,"Demand":10,"DemandMax":null,"Value":76536},{"Length":105,"Height":425,"Demand":10,"DemandMax":null,"Value":12562},{"Length":496,"Height":87,"Demand":10,"DemandMax":null,"Value":28494},{"Length":107,"Height":130,"Demand":7,"DemandMax":null,"Value":7946},{"Length":68,"Height":456,"Demand":4,"DemandMax":null,"Value":10224},{"Length":125,"Height":316,"Demand":10,"DemandMax":null,"Value":16973},{"Length":142,"Height":398,"Demand":10,"DemandMax":null,"Value":39874},{"Length":173,"Height":246,"Demand":5,"DemandMax":null,"Value":12559},{"Length":373,"Height":252,"Demand":9,"DemandMax":null,"Value":55683},{"Length":193,"Height":67,"Demand":10,"DemandMax":null,"Value":3892},{"Length":312,"Height":51,"Demand":3,"DemandMax":null,"Value":11587},{"Length":283,"Height":302,"Demand":3,"DemandMax":null,"Value":40609},{"Length":161,"Height":105,"Demand":9,"DemandMax":null,"Value":5694},{"Length":398,"Height":260,"Demand":4,"DemandMax":null,"Value":65117},{"Length":335,"Height":329,"Demand":9,"DemandMax":null,"Value":34572},{"Length":284,"Height":181,"Demand":3,"DemandMax":null,"Value":38190},{"Length":310,"Height":185,"Demand":8,"DemandMax":null,"Value":14593},{"Length":214,"Height":250,"Demand":1,"DemandMax":null,"Value":17738},{"Length":177,"Height":180,"Demand":5,"DemandMax":null,"Value":15506},{"Length":378,"Height":74,"Demand":5,"DemandMax":null,"Value":12521},{"Length":133,"Height":495,"Demand":2,"DemandMax":null,"Value":18335},{"Length":376,"Height":313,"Demand":2,"DemandMax":null,"Value":48975},{"Length":53,"Height":407,"Demand":10,"DemandMax":null,"Value":11838},{"Length":98,"Height":103,"Demand":7,"DemandMax":null,"Value":4597},{"Length":280,"Height":52,"Demand":5,"DemandMax":null,"Value":10894},{"Length":68,"Height":97,"Demand":2,"DemandMax":null,"Value":1992},{"Length":132,"Height":492,"Demand":4,"DemandMax":null,"Value":44334},{"Length":144,"Height":463,"Demand":6,"DemandMax":null,"Value":43273},{"Length":204,"Height":315,"Demand":4,"DemandMax":null,"Value":30379},{"Length":82,"Height":98,"Demand":10,"DemandMax":null,"Value":3536},{"Length":351,"Height":311,"Demand":7,"DemandMax":null,"Value":71090},{"Length":294,"Height":386,"Demand":5,"DemandMax":null,"Value":72984},{"Length":222,"Height":498,"Demand":6,"DemandMax":null,"Value":71569},{"Length":302,"Height":474,"Demand":2,"DemandMax":null,"Value":53884}]}