{"Name":"2B-10","Objects":[{"Length":2142,"Height":1051,"Stock":null,"Cost":2251242}],"Items":[{"Length":370,"Height":353,"Demand":48,"DemandMax":null,"Value":56058},{"Length":152,"Height":368,"Demand":6,"DemandMax":null,"Value":17776},{"Length":282,"Height":247,"Demand":7,"DemandMax":null,"Value":22873},{"Length":381,"Height":282,"Demand":5,"DemandMax":null,"Value":56412},{"Length":300,"Height":337,"Demand":17,"DemandMax":null,"Value":73519},{"Length":473,"Height":151,"Demand":11,"DemandMax":null,"Value":40186},{"Length":448,"Height":84,"Demand":8,"DemandMax":null,"Value":19805},{"Length":206,"Height":396,"Demand":40,"DemandMax":null,"Value":47998},{"Length":429,"Height":139,"Demand":24,"DemandMax":null,"Value":41975},{"Length":459,"Height":109,"Demand":21,"DemandMax":null,"Value":35978},{"Length":454,"Height":465,"Demand":50,"DemandMax":null,"Value":113195},{"Length":192,"Height":297,"Demand":13,"DemandMax":null,"Value":22975},{"Length":308,"Height":440,"Demand":7,"DemandMax":null,"Value":51621},{"Length":407,"Height":137,"Demand":18,"DemandMax":null,"Value":20432},{"Length":95,"Height":176,"Demand":13,"DemandMax":null,"Value":7342},{"Length":486,"Height":335,"Demand":27,"DemandMax":null,"Value":84641},{"Length":241,"Height":401,"Demand":47,"DemandMax":null,"Value":45596},{"Length":78,"Height":84,"Demand":16,"DemandMax":null,"Value":3351},{"Length":64,"Height":232,"Demand":20,"DemandMax":null,"Value":7740},{"Length":177,"Height":61,"Demand":7,"DemandMax":null,"Value":4425},{"Length":114,"Height":93,"Demand":22,"DemandMax":null,"Value":3466},{"Length":490,"Height":190,"Demand":46,"DemandMax":null,"Value":52821},{"Length":482,"Height":132,"Demand":50,"DemandMax":null,"Value":25517},{"Length":437,"Height":81,"Demand":4,"DemandMax":null,"Value":13975},{"Length":146,"Height":168,"Demand":31,"DemandMax":null,"Value":17152},{"Length":352,"Height":321,"Demand":44,"DemandMax":null,"Value":41595},{"Length":140,"Height":456,"Demand":22,"DemandMax":null,"Value":34935},{"Length":81,"Height":167,"Demand":14,"DemandMax":null,"Value":5487},{"Length":97,"Height":152,"Demand":50,"DemandMax":null,"Value":7885},{"Length":296,"Height":183,"Demand":39,"DemandMax":null,"Value":33057},{"Length":322,"Height":235,"Demand":1,"DemandMax":null,"Value":39126},{"Length":365,"Height":450,"Demand":6,"DemandMax":null,"Value":95292},{"Length":448,"Height":107,"Demand":9,"DemandMax":null,"Value":35490},{"Length":311,"Height":269,"Demand":30,"DemandMax":null,"Value":30244},{"Length":152,"Height":249,"Demand":4,"DemandMax":null,"Value":18636},{"Length":98,"Height":137,"Demand":20,"DemandMax":null,"Value":6284},{"Length":248,"Height":248,"Demand":2,"DemandMax":null,"Value":38888},{"Length":389,"Height":338,"Demand":11,"DemandMax":null,"Value":69387},{"Length":366,"Height":221,"Demand":6,"DemandMax":null,"Value":35700},{"Length":138,"Height":127,"Demand":38,"DemandMax":null,"Value":6262},{"Length":112,"Height":136,"Demand":21,"DemandMax":null,"Value":7899},{"Length":142,"Height":107,"Demand":15,"DemandMax":null,"Value":6357},{"Length":215,"Height":171,"Demand":26,"DemandMax":null,"Value":17818},{"Length":132,"Height":368,"Demand":48,"DemandMax":null,"Value":23743},{"Length":130,"Height":140,"Demand":33,"DemandMax":null,"Value":11255},{"Length":193,"Height":321,"Demand":11,"DemandMax":null,"Value":18669},{"Length":342,"Height":194,"Demand":47,"DemandMax":null,"Value":19479},{"Length":286,"Height":120,"Demand":45,"DemandMax":null,"Value":23129},{"Length":235,"Height":463,"Demand":28,"DemandMax":null,"Value":29492},{"Length":210,"Height":325,"Demand":1,"DemandMax":null,"Value":40092},{"Length":406,"Height":368,"Demand":24,"DemandMax":null,"Value":89472},{"Length":469,"Height":88,"Demand":37,"DemandMax":null,"Value":23996},{"Length":473,"Height":450,"Demand":8,"DemandMax":null,"Value":135947},{"Length":419,"Height":199,"Demand":4,"DemandMax":null,"Value":44657},{"Length":217,"Height":477,"Demand":26,"DemandMax":null,"Value":65972},{"Length":440,"Height":167,"Demand":4,"DemandMax":null,"Value":52057},{"Length":155,"Height":211,"Demand":14,"DemandMax":null,"Value":11608},{"Length":140,"Height":447,"Demand":3,"DemandMax":null,"Value":38749},{"Length":379,"Height":332,"Demand":37,"DemandMax":null,"Value":77544},{"Length":249,"Height":320,"Demand":31,"DemandMax":null,"Value":24078},{"Length":91,"Height":75,"Demand":36,"DemandMax":null,"Value":2205},{"Length":153,"Height":87,"Demand":46,"DemandMax":null,"Value":5911},{"Length":400,"Height":388,"Demand":15,"DemandMax":null,"Value":80876},{"Length":94,"Height":149,"Demand":8,"DemandMax":null,"Value":10463},{"Length":137,"Height":371,"Demand":16,"DemandMax":null,"Value":31348},{"Length":207,"Height":73,"Demand":14,"DemandMax":null,"Value":5423},{"Length":153,"Height":293,"Demand":39,"DemandMax":null,"Value":15563},{"Length":53,"Height":148,"Demand":20,"DemandMax":null,"Value":5360},{"Length":291,"Height":184,"Demand":41,"DemandMax":null,"Value":36749},{"Length":288,"Height":322,"Demand":30,"DemandMax":null,"Value":60142},{"Length":420,"Height":450,"Demand":43,"DemandMax":null,"Value":109957},{"Length":310,"Height":218,"Demand":15,"DemandMax":null,"Value":25217},{"Length":294,"Height":292,"Demand":31,"DemandMax":null,"Value":27817},{"Length":75,"Height":414,"Demand":21,"DemandMax":null,"Value":14011},{"Length":281,"Height":197,"Demand":26,"DemandMax":null,"Value":28535},{"Length":489,"Height":241,"Demand":39,"DemandMax":null,"Value":68196},{"Length":102,"Height":392,"Demand":16,"DemandMax":null,"Value":23629},{"Length":280,"Height":326,"Demand":25,"DemandMax":null,"Value":26464},{"Length":139,"Height":380,"Demand":10,"DemandMax":null,"Value":37542},{"Length":86,"Height":67,"Demand":1,"DemandMax":null,"Value":2703},{"Length":236,"Height":296,"Demand":13,"DemandMax":null,"Value":46059},{"Length":297,"Height":492,"Demand":24,"DemandMax":null,"Value":52351},{"Length":51,"Height":312,"Demand":9,"DemandMax":null,"Value":11232},{"Length":387,"Height":135,"Demand":27,"DemandMax":null,"Value":16806},{"Length":342,"Height":174,"Demand":3,"DemandMax":null,"Value":16220},{"Length":342,"Height":232,"Demand":29,"DemandMax":null,"Value":35904},{"Length":340,"Height":64,"Demand":33,"DemandMax":null,"Value":6144},{"Length":430,"Height":69,"Demand":15,"DemandMax":null,"Value":15762},{"Length":351,"Height":77,"Demand":46,"DemandMax":null,"Value":7487},{"Length":273,"Height":146,"Demand":20,"DemandMax":null,"Value":27472},{"Length":471,"Height":316,"Demand":18,"DemandMax":null,"Value":55646},{"Length":449,"Height":71,"Demand":36,"DemandMax":null,"Value":22204},{"Length":320,"Height":98,"Demand":11,"DemandMax":null,"Value":13415},{"Length":110,"Height":321,"Demand":29,"DemandMax":null,"Value":14123},{"Length":458,"Height":360,"Demand":26,"DemandMax":null,"Value":73371},{"Length":389,"Height":213,"Demand":1,"DemandMax":null,"Value":24522},{"Length":218,"Height":78,"Demand":46,"DemandMax":null,"Value":7181},{"Length":310,"Height":392,"Demand":33,"DemandMax":null,"Value":41706},{"Length":335,"Height":461,"Demand":1,"DemandMax":null,"Value":64526},{"Length":208,"Height":185,"Demand":49,"DemandMax":null,"Value":27740}]}