{"Name":"3A-8","Objects":[{"Length":2366,"Height":1183,"Stock":null,"Cost":2798978}],"Items":[{"Length":454,"Height":437,"Demand":2,"DemandMax":null,"Value":84227},{"Length":190,"Height":77,"Demand":10,"DemandMax":null,"Value":6359},{"Length":405,"Height":341,"Demand":2,"DemandMax":null,"Value":72118},{"Length":271,"Height":64,"Demand":8,"DemandMax":null,"Value":8712},{"Length":345,"Height":426,"Demand":5,"DemandMax":null,"Value":43271},{"Length":410,"Height":453,"Demand":10,"DemandMax":null,"Value":109330},{"Length":311,"Height":396,"Demand":3,"DemandMax":null,"Value":41937},{"Length":366,"Height":78,"Demand":4,"DemandMax":null,"Value":14063},{"Length":106,"Height":382,"Demand":9,"DemandMax":null,"Value":25487},{"Length":259,"Height":358,"Demand":4,"DemandMax":null,"Value":68735},{"Length":137,"Height":267,"Demand":2,"DemandMax":null,"Value":25020},{"Length":311,"Height":493,"Demand":6,"DemandMax":null,"Value":112639},{"Length":381,"Height":432,"Demand":9,"DemandMax":null,"Value":91439},{"Length":366,"Height":259,"Demand":10,"DemandMax":null,"Value":56579},{"Length":441,"Height":280,"Demand":1,"DemandMax":null,"Value":54705},{"Length":311,"Height":330,"Demand":6,"DemandMax":null,"Value":30555},{"Length":92,"Height":163,"Demand":1,"DemandMax":null,"Value":5903},{"Length":172,"Height":439,"Demand":3,"DemandMax":null,"Value":26963},{"Length":105,"Height":449,"Demand":6,"DemandMax":null,"Value":12703},{"Length":171,"Height":343,"Demand":2,"DemandMax":null,"Value":41358},{"Length":335,"Height":89,"Demand":5,"DemandMax":null,"Value":11553},{"Length":470,"Height":233,"Demand":9,"DemandMax":null,"Value":65651},{"Length":477,"Height":334,"Demand":4,"DemandMax":null,"Value":40505},{"Length":212,"Height":365,"Demand":8,"DemandMax":null,"Value":35853},{"Length":345,"Height":461,"Demand":9,"DemandMax":null,"Value":68224},{"Length":53,"Height":332,"Demand":4,"DemandMax":null,"Value":11689},{"Length":169,"Height":84,"Demand":1,"DemandMax":null,"Value":8221},{"Length":492,"Height":269,"Demand":3,"DemandMax":null,"Value":88715},{"Length":322,"Height":448,"Demand":4,"DemandMax":null,"Value":78746},{"Length":104,"Height":316,"Demand":9,"DemandMax":null,"Value":8330},{"Length":395,"Height":448,"Demand":10,"DemandMax":null,"Value":94125},{"Length":388,"Height":466,"Demand":10,"DemandMax":null,"Value":95968},{"Length":66,"Height":93,"Demand":4,"DemandMax":null,"Value":4101},{"Length":482,"Height":70,"Demand":8,"DemandMax":null,"Value":23437},{"Length":436,"Height":167,"Demand":3,"DemandMax":null,"Value":38411},{"Length":323,"Height":309,"Demand":3,"DemandMax":null,"Value":35640},{"Length":121,"Height":418,"Demand":3,"DemandMax":null,"Value":22153},{"Length":164,"Height":408,"Demand":9,"DemandMax":null,"Value":38354},{"Length":404,"Height":240,"Demand":2,"DemandMax":null,"Value":50784},{"Length":64,"Height":222,"Demand":5,"DemandMax":null,"Value":5450},{"Length":216,"Height":476,"Demand":2,"DemandMax":null,"Value":59581},{"Length":411,"Height":275,"Demand":8,"DemandMax":null,"Value":77525},{"Length":348,"Height":429,"Demand":10,"DemandMax":null,"Value":70697},{"Length":324,"Height":78,"Demand":3,"DemandMax":null,"Value":11937},{"Length":351,"Height":240,"Demand":6,"DemandMax":null,"Value":50002},{"Length":434,"Height":293,"Demand":5,"DemandMax":null,"Value":65932},{"Length":282,"Height":181,"Demand":2,"DemandMax":null,"Value":35933},{"Length":271,"Height":92,"Demand":2,"DemandMax":null,"Value":13434},{"Length":226,"Height":462,"Demand":2,"DemandMax":null,"Value":30658},{"Length":294,"Height":88,"Demand":7,"DemandMax":null,"Value":18142},{"Length":63,"Height":154,"Demand":7,"DemandMax":null,"Value":3518},{"Length":411,"Height":360,"Demand":9,"DemandMax":null,"Value":40736},{"Length":103,"Height":294,"Demand":7,"DemandMax":null,"Value":13560},{"Length":389,"Height":74,"Demand":4,"DemandMax":null,"Value":18563},{"Length":112,"Height":303,"Demand":9,"DemandMax":null,"Value":10925},{"Length":273,"Height":337,"Demand":7,"DemandMax":null,"Value":46032},{"Length":152,"Height":463,"Demand":2,"DemandMax":null,"Value":38220},{"Length":107,"Height":99,"Demand":4,"DemandMax":null,"Value":3290},{"Length":99,"Height":178,"Demand":5,"DemandMax":null,"Value":12020},{"Length":372,"Height":267,"Demand":3,"DemandMax":null,"Value":70745},{"Length":475,"Height":185,"Demand":7,"DemandMax":null,"Value":38426},{"Length":282,"Height":201,"Demand":9,"DemandMax":null,"Value":17943},{"Length":182,"Height":86,"Demand":8,"DemandMax":null,"Value":4124},{"Length":129,"Height":445,"Demand":2,"DemandMax":null,"Value":38743},{"Length":196,"Height":105,"Demand":1,"DemandMax":null,"Value":8525},{"Length":353,"Height":392,"Demand":8,"DemandMax":null,"Value":46351},{"Length":135,"Height":217,"Demand":1,"DemandMax":null,"Value":21346},{"Length":320,"Height":301,"Demand":5,"DemandMax":null,"Value":59122},{"Length":74,"Height":365,"Demand":4,"DemandMax":null,"Value":11020},{"Length":256,"Height":222,"Demand":5,"DemandMax":null,"Value":27382},{"Length":486,"Height":433,"Demand":8,"DemandMax":null,"Value":152559},{"Length":388,"Height":427,"Demand":1,"DemandMax":null,"Value":58099},{"Length":276,"Height":214,"Demand":2,"DemandMax":null,"Value":24315},{"Length":188,"Height":438,"Demand":8,"DemandMax":null,"Value":53782},{"Length":116,"Height":81,"Demand":4,"DemandMax":null,"Value":6468},{"Length":79,"Height":62,"Demand":5,"DemandMax":null,"Value":2227},{"Length":460,"Height":431,"Demand":5,"DemandMax":null,"Value":66655},{"Length":192,"Height":280,"Demand":3,"DemandMax":null,"Value":27460},{"Length":282,"Height":69,"Demand":8,"DemandMax":null,"Value":13606},{"Length":259,"Height":356,"Demand":2,"DemandMax":null,"Value":68071},{"Length":108,"Height":124,"Demand":5,"DemandMax":null,"Value":4490},{"Length":336,"Height":398,"Demand":4,"DemandMax":null,"Value":76301},{"Length":65,"Height":265,"Demand":7,"DemandMax":null,"Value":9123},{"Length":194,"Height":81,"Demand":9,"DemandMax":null,"Value":10622},{"Length":408,"Height":407,"Demand":5,"DemandMax":null,"Value":60022},{"Length":290,"Height":417,"Demand":4,"DemandMax":null,"Value":72080},{"Length":409,"Height":323,"Demand":5,"DemandMax":null,"Value":36303},{"Length":119,"Height":421,"Demand":1,"DemandMax":null,"Value":28767},{"Length":236,"Height":236,"Demand":9,"DemandMax":null,"Value":26153},{"Length":433,"Height":234,"Demand":5,"DemandMax":null,"Value":25457},{"Length":401,"Height":122,"Demand":5,"DemandMax":null,"Value":34615},{"Length":78,"Height":92,"Demand":1,"DemandMax":null,"Value":4090},{"Length":118,"Height":56,"Demand":6,"DemandMax":null,"Value":4180},{"Length":126,"Height":388,"Demand":3,"DemandMax":null,"Value":34969},{"Length":256,"Height":294,"Demand":8,"DemandMax":null,"Value":56224},{"Length":246,"Height":134,"Demand":8,"DemandMax":null,"Value":9459},{"Length":431,"Height":335,"Demand":4,"DemandMax":null,"Value":84567},{"Length":252,"Height":221,"Demand":8,"DemandMax":null,"Value":39641},{"Length":62,"Height":367,"Demand":9,"DemandMax":null,"Value":15525},{"Length":489,"Height":72,"Demand":4,"DemandMax":null,"Value":25602},{"Length":87,"Height":276,"Demand":4,"DemandMax":null,"Value":11173},{"Length":244,"Height":428,"Demand":3,"DemandMax":null,"Value":68597},{"Length":192,"Height":397,"Demand":8,"DemandMax":null,"Value":41301},{"Length":291,"Height":292,"Demand":9,"DemandMax":null,"Value":61649},{"Length":383,"Height":457,"Demand":1,"DemandMax":null,"Value":44799},{"Length":310,"Height":168,"Demand":1,"DemandMax":null,"Value":19684},{"Length":90,"Height":468,"Demand":6,"DemandMax":null,"Value":31532},{"Length":439,"Height":428,"Demand":8,"DemandMax":null,"Value":102681},{"Length":483,"Height":273,"Demand":7,"DemandMax":null,"Value":41385},{"Length":426,"Height":276,"Demand":7,"DemandMax":null,"Value":71437},{"Length":447,"Height":339,"Demand":5,"DemandMax":null,"Value":68537},{"Length":371,"Height":498,"Demand":5,"DemandMax":null,"Value":83201},{"Length":457,"Height":228,"Demand":3,"DemandMax":null,"Value":50078},{"Length":53,"Height":50,"Demand":7,"DemandMax":null,"Value":1866},{"Length":62,"Height":357,"Demand":8,"DemandMax":null,"Value":15022},{"Length":231,"Height":449,"Demand":3,"DemandMax":null,"Value":31854},{"Length":131,"Height":418,"Demand":2,"DemandMax":null,"Value":30303},{"Length":498,"Height":58,"Demand":10,"DemandMax":null,"Value":8758},{"Length":56,"Height":75,"Demand":8,"DemandMax":null,"Value":2886},{"Length":202,"Height":336,"Demand":4,"DemandMax":null,"Value":39831},{"Length":253,"Height":284,"Demand":7,"DemandMax":null,"Value":45084},{"Length":380,"Height":237,"Demand":4,"DemandMax":null,"Value":31894},{"Length":438,"Height":183,"Demand":6,"DemandMax":null,"Value":54269},{"Length":283,"Height":407,"Demand":9,"DemandMax":null,"Value":34957},{"Length":497,"Height":435,"Demand":2,"DemandMax":null,"Value":124528},{"Length":65,"Height":323,"Demand":3,"DemandMax":null,"Value":15563},{"Length":349,"Height":151,"Demand":2,"DemandMax":null,"Value":38605},{"Length":311,"Height":155,"Demand":1,"DemandMax":null,"Value":35746},{"Length":374,"Height":375,"Demand":1,"DemandMax":null,"Value":95889},{"Length":137,"Height":437,"Demand":3,"DemandMax":null,"Value":26747},{"Length":458,"Height":340,"Demand":3,"DemandMax":null,"Value":100965},{"Length":225,"Height":121,"Demand":8,"DemandMax":null,"Value":14770},{"Length":284,"Height":121,"Demand":3,"DemandMax":null,"Value":24016},{"Length":321,"Height":332,"Demand":3,"DemandMax":null,"Value":48636},{"Length":410,"Height":72,"Demand":6,"DemandMax":null,"Value":15508},{"Length":375,"Height":106,"Demand":9,"DemandMax":null,"Value":19095},{"Length":198,"Height":454,"Demand":6,"DemandMax":null,"Value":28809},{"Length":105,"Height":491,"Demand":4,"DemandMax":null,"Value":18613},{"Length":148,"Height":429,"Demand":9,"DemandMax":null,"Value":17607},{"Length":85,"Height":270,"Demand":5,"DemandMax":null,"Value":11550},{"Length":435,"Height":344,"Demand":10,"DemandMax":null,"Value":57623},{"Length":305,"Height":464,"Demand":3,"DemandMax":null,"Value":50706},{"Length":234,"Height":105,"Demand":9,"DemandMax":null,"Value":10808},{"Length":100,"Height":136,"Demand":6,"DemandMax":null,"Value":5032},{"Length":206,"Height":234,"Demand":5,"DemandMax":null,"Value":13005},{"Length":57,"Height":324,"Demand":4,"DemandMax":null,"Value":11194},{"Length":132,"Height":299,"Demand":5,"DemandMax":null,"Value":16627},{"Length":404,"Height":167,"Demand":7,"DemandMax":null,"Value":30995},{"Length":190,"Height":275,"Demand":1,"DemandMax":null,"Value":14455},{"Length":172,"Height":168,"Demand":8,"DemandMax":null,"Value":18269}]}