{"Name":"3B-8","Objects":[{"Length":2397,"Height":1474,"Stock":null,"Cost":3533178}],"Items":[{"Length":223,"Height":481,"Demand":34,"DemandMax":null,"Value":74609},{"Length":173,"Height":277,"Demand":32,"DemandMax":null,"Value":16330},{"Length":107,"Height":272,"Demand":36,"DemandMax":null,"Value":11957},{"Length":430,"Height":401,"Demand":14,"DemandMax":null,"Value":124376},{"Length":425,"Height":151,"Demand":49,"DemandMax":null,"Value":23380},{"Length":70,"Height":185,"Demand":42,"DemandMax":null,"Value":7157},{"Length":301,"Height":238,"Demand":25,"DemandMax":null,"Value":26068},{"Length":67,"Height":435,"Demand":4,"DemandMax":null,"Value":10692},{"Length":344,"Height":132,"Demand":5,"DemandMax":null,"Value":27352},{"Length":406,"Height":366,"Demand":31,"DemandMax":null,"Value":111352},{"Length":246,"Height":432,"Demand":19,"DemandMax":null,"Value":78402},{"Length":405,"Height":129,"Demand":25,"DemandMax":null,"Value":13811},{"Length":56,"Height":396,"Demand":9,"DemandMax":null,"Value":13728},{"Length":309,"Height":136,"Demand":48,"DemandMax":null,"Value":11411},{"Length":232,"Height":68,"Demand":47,"DemandMax":null,"Value":5578},{"Length":139,"Height":249,"Demand":3,"DemandMax":null,"Value":23240},{"Length":54,"Height":487,"Demand":13,"DemandMax":null,"Value":19168},{"Length":225,"Height":491,"Demand":14,"DemandMax":null,"Value":73421},{"Length":107,"Height":180,"Demand":48,"DemandMax":null,"Value":6928},{"Length":430,"Height":258,"Demand":28,"DemandMax":null,"Value":59881},{"Length":366,"Height":407,"Demand":46,"DemandMax":null,"Value":94858},{"Length":134,"Height":179,"Demand":23,"DemandMax":null,"Value":9208},{"Length":422,"Height":388,"Demand":9,"DemandMax":null,"Value":70101},{"Length":186,"Height":416,"Demand":1,"DemandMax":null,"Value":37781},{"Length":119,"Height":447,"Demand":45,"DemandMax":null,"Value":17589},{"Length":452,"Height":304,"Demand":14,"DemandMax":null,"Value":93587},{"Length":452,"Height":229,"Demand":32,"DemandMax":null,"Value":42319},{"Length":236,"Height":92,"Demand":33,"DemandMax":null,"Value":8748},{"Length":170,"Height":218,"Demand":42,"DemandMax":null,"Value":22064},{"Length":60,"Height":86,"Demand":21,"DemandMax":null,"Value":3218},{"Length":336,"Height":452,"Demand":17,"DemandMax":null,"Value":88505},{"Length":139,"Height":249,"Demand":15,"DemandMax":null,"Value":25615},{"Length":356,"Height":496,"Demand":43,"DemandMax":null,"Value":73214},{"Length":93,"Height":394,"Demand":33,"DemandMax":null,"Value":16566},{"Length":350,"Height":343,"Demand":48,"DemandMax":null,"Value":48494},{"Length":407,"Height":254,"Demand":42,"DemandMax":null,"Value":37442},{"Length":290,"Height":456,"Demand":17,"DemandMax":null,"Value":36557},{"Length":270,"Height":385,"Demand":32,"DemandMax":null,"Value":75480},{"Length":486,"Height":453,"Demand":32,"DemandMax":null,"Value":81878},{"Length":224,"Height":125,"Demand":33,"DemandMax":null,"Value":13554},{"Length":210,"Height":229,"Demand":39,"DemandMax":null,"Value":31119},{"Length":449,"Height":252,"Demand":26,"DemandMax":null,"Value":52612},{"Length":136,"Height":481,"Demand":10,"DemandMax":null,"Value":27740},{"Length":262,"Height":168,"Demand":20,"DemandMax":null,"Value":24530},{"Length":444,"Height":455,"Demand":45,"DemandMax":null,"Value":127270},{"Length":487,"Height":361,"Demand":49,"DemandMax":null,"Value":129012},{"Length":125,"Height":331,"Demand":6,"DemandMax":null,"Value":20257},{"Length":224,"Height":118,"Demand":42,"DemandMax":null,"Value":17750},{"Length":62,"Height":205,"Demand":28,"DemandMax":null,"Value":7303},{"Length":291,"Height":350,"Demand":1,"DemandMax":null,"Value":38598},{"Length":148,"Height":416,"Demand":26,"DemandMax":null,"Value":36629},{"Length":296,"Height":89,"Demand":31,"DemandMax":null,"Value":7913},{"Length":472,"Height":258,"Demand":20,"DemandMax":null,"Value":79291},{"Length":345,"Height":153,"Demand":45,"DemandMax":null,"Value":19342},{"Length":174,"Height":206,"Demand":12,"DemandMax":null,"Value":23721},{"Length":146,"Height":486,"Demand":13,"DemandMax":null,"Value":33359},{"Length":124,"Height":492,"Demand":10,"DemandMax":null,"Value":40080},{"Length":86,"Height":222,"Demand":28,"DemandMax":null,"Value":8126},{"Length":191,"Height":94,"Demand":38,"DemandMax":null,"Value":6964},{"Length":181,"Height":497,"Demand":21,"DemandMax":null,"Value":61131},{"Length":495,"Height":195,"Demand":42,"DemandMax":null,"Value":54991},{"Length":274,"Height":221,"Demand":6,"DemandMax":null,"Value":27371},{"Length":131,"Height":200,"Demand":36,"DemandMax":null,"Value":9213},{"Length":498,"Height":412,"Demand":37,"DemandMax":null,"Value":133093},{"Length":57,"Height":383,"Demand":22,"DemandMax":null,"Value":13389},{"Length":429,"Height":203,"Demand":39,"DemandMax":null,"Value":32374},{"Length":187,"Height":263,"Demand":38,"DemandMax":null,"Value":35951},{"Length":421,"Height":188,"Demand":12,"DemandMax":null,"Value":57373},{"Length":451,"Height":295,"Demand":38,"DemandMax":null,"Value":46865},{"Length":180,"Height":407,"Demand":18,"DemandMax":null,"Value":30856},{"Length":209,"Height":89,"Demand":24,"DemandMax":null,"Value":5153},{"Length":376,"Height":405,"Demand":27,"DemandMax":null,"Value":79845},{"Length":226,"Height":201,"Demand":2,"DemandMax":null,"Value":26343},{"Length":86,"Height":73,"Demand":8,"DemandMax":null,"Value":3420},{"Length":204,"Height":239,"Demand":22,"DemandMax":null,"Value":21118},{"Length":456,"Height":283,"Demand":4,"DemandMax":null,"Value":82187},{"Length":362,"Height":430,"Demand":12,"DemandMax":null,"Value":80366},{"Length":445,"Height":414,"Demand":14,"DemandMax":null,"Value":67029},{"Length":159,"Height":130,"Demand":38,"DemandMax":null,"Value":15306},{"Length":96,"Height":257,"Demand":17,"DemandMax":null,"Value":11657},{"Length":85,"Height":229,"Demand":29,"DemandMax":null,"Value":11310},{"Length":389,"Height":459,"Demand":10,"DemandMax":null,"Value":75079},{"Length":322,"Height":459,"Demand":17,"DemandMax":null,"Value":62082},{"Length":435,"Height":181,"Demand":26,"DemandMax":null,"Value":45473},{"Length":439,"Height":284,"Demand":32,"DemandMax":null,"Value":32094},{"Length":275,"Height":330,"Demand":21,"DemandMax":null,"Value":58827},{"Length":168,"Height":377,"Demand":10,"DemandMax":null,"Value":17231},{"Length":290,"Height":202,"Demand":21,"DemandMax":null,"Value":29225},{"Length":441,"Height":377,"Demand":44,"DemandMax":null,"Value":51920},{"Length":238,"Height":241,"Demand":11,"DemandMax":null,"Value":15705},{"Length":318,"Height":353,"Demand":48,"DemandMax":null,"Value":31818},{"Length":338,"Height":329,"Demand":2,"DemandMax":null,"Value":58259},{"Length":109,"Height":62,"Demand":39,"DemandMax":null,"Value":2627},{"Length":151,"Height":315,"Demand":21,"DemandMax":null,"Value":28666},{"Length":245,"Height":273,"Demand":13,"DemandMax":null,"Value":39068},{"Length":162,"Height":337,"Demand":47,"DemandMax":null,"Value":20450},{"Length":153,"Height":126,"Demand":12,"DemandMax":null,"Value":14189},{"Length":161,"Height":316,"Demand":47,"DemandMax":null,"Value":19906},{"Length":94,"Height":105,"Demand":28,"DemandMax":null,"Value":6338},{"Length":50,"Height":88,"Demand":17,"DemandMax":null,"Value":3010},{"Length":478,"Height":125,"Demand":47,"DemandMax":null,"Value":35422},{"Length":297,"Height":343,"Demand":13,"DemandMax":null,"Value":26442},{"Length":334,"Height":327,"Demand":29,"DemandMax":null,"Value":37031},{"Length":288,"Height":94,"Demand":23,"DemandMax":null,"Value":9014},{"Length":311,"Height":105,"Demand":50,"DemandMax":null,"Value":15994},{"Length":127,"Height":220,"Demand":20,"DemandMax":null,"Value":9684},{"Length":382,"Height":447,"Demand":36,"DemandMax":null,"Value":53929},{"Length":402,"Height":165,"Demand":44,"DemandMax":null,"Value":31532},{"Length":329,"Height":457,"Demand":20,"DemandMax":null,"Value":73090},{"Length":95,"Height":450,"Demand":34,"DemandMax":null,"Value":28311},{"Length":260,"Height":469,"Demand":33,"DemandMax":null,"Value":88949},{"Length":85,"Height":471,"Demand":20,"DemandMax":null,"Value":13203},{"Length":142,"Height":351,"Demand":1,"DemandMax":null,"Value":30249},{"Length":122,"Height":199,"Demand":42,"DemandMax":null,"Value":8220},{"Length":129,"Height":476,"Demand":23,"DemandMax":null,"Value":19141},{"Length":211,"Height":145,"Demand":18,"DemandMax":null,"Value":17322},{"Length":493,"Height":414,"Demand":24,"DemandMax":null,"Value":101209},{"Length":259,"Height":137,"Demand":32,"DemandMax":null,"Value":26038},{"Length":405,"Height":488,"Demand":20,"DemandMax":null,"Value":73205},{"Length":279,"Height":472,"Demand":35,"DemandMax":null,"Value":48091},{"Length":403,"Height":192,"Demand":27,"DemandMax":null,"Value":42538},{"Length":318,"Height":196,"Demand":40,"DemandMax":null,"Value":36868},{"Length":463,"Height":262,"Demand":48,"DemandMax":null,"Value":75579},{"Length":128,"Height":131,"Demand":34,"DemandMax":null,"Value":8025},{"Length":407,"Height":103,"Demand":23,"DemandMax":null,"Value":23044},{"Length":117,"Height":81,"Demand":1,"DemandMax":null,"Value":6720},{"Length":417,"Height":301,"Demand":3,"DemandMax":null,"Value":63369},{"Length":479,"Height":345,"Demand":37,"DemandMax":null,"Value":60912},{"Length":306,"Height":227,"Demand":46,"DemandMax":null,"Value":38579},{"Length":418,"Height":236,"Demand":17,"DemandMax":null,"Value":31365},{"Length":395,"Height":130,"Demand":49,"DemandMax":null,"Value":17486},{"Length":239,"Height":191,"Demand":28,"DemandMax":null,"Value":11632},{"Length":351,"Height":246,"Demand":48,"DemandMax":null,"Value":49862},{"Length":349,"Height":302,"Demand":18,"DemandMax":null,"Value":66256},{"Length":448,"Height":56,"Demand":4,"DemandMax":null,"Value":13073},{"Length":413,"Height":386,"Demand":7,"DemandMax":null,"Value":102985},{"Length":114,"Height":70,"Demand":34,"DemandMax":null,"Value":2345},{"Length":385,"Height":424,"Demand":22,"DemandMax":null,"Value":121493},{"Length":448,"Height":227,"Demand":42,"DemandMax":null,"Value":58598},{"Length":430,"Height":308,"Demand":35,"DemandMax":null,"Value":90824},{"Length":368,"Height":67,"Demand":44,"DemandMax":null,"Value":8031},{"Length":375,"Height":186,"Demand":40,"DemandMax":null,"Value":27568},{"Length":427,"Height":56,"Demand":13,"DemandMax":null,"Value":6760},{"Length":313,"Height":243,"Demand":43,"DemandMax":null,"Value":29634},{"Length":435,"Height":435,"Demand":25,"DemandMax":null,"Value":64091},{"Length":345,"Height":92,"Demand":15,"DemandMax":null,"Value":22166},{"Length":263,"Height":367,"Demand":4,"DemandMax":null,"Value":67541},{"Length":351,"Height":393,"Demand":42,"DemandMax":null,"Value":83027},{"Length":366,"Height":422,"Demand":10,"DemandMax":null,"Value":74868},{"Length":312,"Height":363,"Demand":50,"DemandMax":null,"Value":44545}]}