{"Name":"1A-10","Objects":[{"Length":2079,"Height":1051,"Stock":null,"Cost":2185029}],"Items":[{"Length":259,"Height":166,"Demand":3,"DemandMax":null,"Value":31713},{"Length":146,"Height":379,"Demand":2,"DemandMax":null,"Value":36135},{"Length":99,"Height":192,"Demand":7,"DemandMax":null,"Value":13081},{"Length":267,"Height":120,"Demand":5,"DemandMax":null,"Value":21125},{"Length":139,"Height":287,"Demand":8,"DemandMax":null,"Value":20112},{"Length":479,"Height":163,"Demand":9,"DemandMax":null,"Value":37527},{"Length":168,"Height":308,"Demand":9,"DemandMax":null,"Value":21246},{"Length":174,"Height":316,"Demand":9,"DemandMax":null,"Value":33835},{"Length":462,"Height":345,"Demand":1,"DemandMax":null,"Value":87375},{"Length":496,"Height":233,"Demand":9,"DemandMax":null,"Value":30682},{"Length":139,"Height":456,"Demand":2,"DemandMax":null,"Value":21882},{"Length":275,"Height":452,"Demand":6,"DemandMax":null,"Value":40249},{"Length":345,"Height":424,"Demand":10,"DemandMax":null,"Value":109136},{"Length":54,"Height":391,"Demand":10,"DemandMax":null,"Value":13111},{"Length":475,"Height":416,"Demand":5,"DemandMax":null,"Value":133302},{"Length":188,"Height":271,"Demand":10,"DemandMax":null,"Value":21347},{"Length":383,"Height":238,"Demand":3,"DemandMax":null,"Value":36396},{"Length":169,"Height":407,"Demand":10,"DemandMax":null,"Value":19230},{"Length":307,"Height":313,"Demand":3,"DemandMax":null,"Value":51905},{"Length":263,"Height":403,"Demand":7,"DemandMax":null,"Value":75152},{"Length":237,"Height":486,"Demand":9,"DemandMax":null,"Value":73185},{"Length":398,"Height":62,"Demand":4,"DemandMax":null,"Value":11171},{"Length":164,"Height":330,"Demand":2,"DemandMax":null,"Value":14931},{"Length":183,"Height":149,"Demand":4,"DemandMax":null,"Value":14673},{"Length":416,"Height":363,"Demand":8,"DemandMax":null,"Value":95755},{"Length":310,"Height":386,"Demand":9,"DemandMax":null,"Value":85518},{"Length":101,"Height":429,"Demand":6,"DemandMax":null,"Value":24628},{"Length":144,"Height":161,"Demand":4,"DemandMax":null,"Value":8535},{"Length":378,"Height":115,"Demand":1,"DemandMax":null,"Value":30183},{"Length":264,"Height":80,"Demand":7,"DemandMax":null,"Value":7693},{"Length":320,"Height":95,"Demand":10,"DemandMax":null,"Value":20808},{"Length":393,"Height":116,"Demand":8,"DemandMax":null,"Value":30028},{"Length":188,"Height":230,"Demand":8,"DemandMax":null,"Value":17624},{"Length":134,"Height":262,"Demand":3,"DemandMax":null,"Value":16399},{"Length":363,"Height":155,"Demand":10,"DemandMax":null,"Value":36955},{"Length":117,"Height":79,"Demand":8,"DemandMax":null,"Value":3442},{"Length":84,"Height":309,"Demand":3,"DemandMax":null,"Value":11767},{"Length":174,"Height":262,"Demand":4,"DemandMax":null,"Value":24248},{"Length":369,"Height":363,"Demand":5,"DemandMax":null,"Value":76109},{"Length":462,"Height":144,"Demand":9,"DemandMax":null,"Value":45572},{"Length":256,"Height":440,"Demand":7,"DemandMax":null,"Value":31795},{"Length":410,"Height":294,"Demand":1,"DemandMax":null,"Value":63065},{"Length":489,"Height":208,"Demand":8,"DemandMax":null,"Value":33063},{"Length":55,"Height":309,"Demand":10,"DemandMax":null,"Value":12358},{"Length":151,"Height":486,"Demand":7,"DemandMax":null,"Value":51576},{"Length":82,"Height":55,"Demand":7,"DemandMax":null,"Value":2997},{"Length":144,"Height":258,"Demand":5,"DemandMax":null,"Value":20834},{"Length":436,"Height":118,"Demand":9,"DemandMax":null,"Value":22479},{"Length":473,"Height":108,"Demand":1,"DemandMax":null,"Value":32511},{"Length":242,"Height":66,"Demand":1,"DemandMax":null,"Value":11731}]}