{"Name":"3A-10","Objects":[{"Length":2124,"Height":1062,"Stock":null,"Cost":2255688}],"Items":[{"Length":173,"Height":201,"Demand":10,"DemandMax":null,"Value":8696},{"Length":123,"Height":169,"Demand":6,"DemandMax":null,"Value":7097},{"Length":429,"Height":435,"Demand":4,"DemandMax":null,"Value":63079},{"Length":439,"Height":413,"Demand":1,"DemandMax":null,"Value":70096},{"Length":426,"Height":354,"Demand":7,"DemandMax":null,"Value":48986},{"Length":339,"Height":376,"Demand":5,"DemandMax":null,"Value":52427},{"Length":68,"Height":348,"Demand":7,"DemandMax":null,"Value":17495},{"Length":478,"Height":485,"Demand":2,"DemandMax":null,"Value":85964},{"Length":383,"Height":97,"Demand":4,"DemandMax":null,"Value":27744},{"Length":406,"Height":402,"Demand":1,"DemandMax":null,"Value":115284},{"Length":466,"Height":157,"Demand":5,"DemandMax":null,"Value":45196},{"Length":299,"Height":334,"Demand":4,"DemandMax":null,"Value":60503},{"Length":237,"Height":497,"Demand":3,"DemandMax":null,"Value":52655},{"Length":318,"Height":197,"Demand":3,"DemandMax":null,"Value":21288},{"Length":151,"Height":240,"Demand":6,"DemandMax":null,"Value":24067},{"Length":468,"Height":191,"Demand":6,"DemandMax":null,"Value":60614},{"Length":158,"Height":131,"Demand":3,"DemandMax":null,"Value":9129},{"Length":477,"Height":137,"Demand":4,"DemandMax":null,"Value":45175},{"Length":350,"Height":108,"Demand":4,"DemandMax":null,"Value":26904},{"Length":124,"Height":271,"Demand":8,"DemandMax":null,"Value":14169},{"Length":340,"Height":108,"Demand":9,"DemandMax":null,"Value":17400},{"Length":485,"Height":425,"Demand":3,"DemandMax":null,"Value":110012},{"Length":123,"Height":53,"Demand":6,"DemandMax":null,"Value":4351},{"Length":159,"Height":365,"Demand":8,"DemandMax":null,"Value":39968},{"Length":73,"Height":159,"Demand":5,"DemandMax":null,"Value":6053},{"Length":416,"Height":257,"Demand":10,"DemandMax":null,"Value":63244},{"Length":260,"Height":328,"Demand":7,"DemandMax":null,"Value":55440},{"Length":358,"Height":122,"Demand":5,"DemandMax":null,"Value":21648},{"Length":67,"Height":343,"Demand":2,"DemandMax":null,"Value":15277},{"Length":413,"Height":435,"Demand":9,"DemandMax":null,"Value":86660},{"Length":480,"Height":335,"Demand":7,"DemandMax":null,"Value":76900},{"Length":424,"Height":189,"Demand":7,"DemandMax":null,"Value":49986},{"Length":343,"Height":139,"Demand":9,"DemandMax":null,"Value":28611},{"Length":101,"Height":275,"Demand":5,"DemandMax":null,"Value":20706},{"Length":369,"Height":86,"Demand":6,"DemandMax":null,"Value":12579},{"Length":164,"Height":131,"Demand":2,"DemandMax":null,"Value":10777},{"Length":173,"Height":479,"Demand":3,"DemandMax":null,"Value":25254},{"Length":399,"Height":124,"Demand":5,"DemandMax":null,"Value":20317},{"Length":276,"Height":129,"Demand":4,"DemandMax":null,"Value":24275},{"Length":214,"Height":53,"Demand":5,"DemandMax":null,"Value":5084},{"Length":473,"Height":59,"Demand":4,"DemandMax":null,"Value":17300},{"Length":231,"Height":334,"Demand":10,"DemandMax":null,"Value":23905},{"Length":463,"Height":409,"Demand":6,"DemandMax":null,"Value":98730},{"Length":377,"Height":489,"Demand":8,"DemandMax":null,"Value":111405},{"Length":279,"Height":457,"Demand":4,"DemandMax":null,"Value":34310},{"Length":159,"Height":367,"Demand":7,"DemandMax":null,"Value":34161},{"Length":141,"Height":88,"Demand":3,"DemandMax":null,"Value":3719},{"Length":104,"Height":286,"Demand":8,"DemandMax":null,"Value":18753},{"Length":328,"Height":158,"Demand":6,"DemandMax":null,"Value":29865},{"Length":491,"Height":118,"Demand":8,"DemandMax":null,"Value":34627},{"Length":61,"Height":152,"Demand":4,"DemandMax":null,"Value":6392},{"Length":440,"Height":92,"Demand":5,"DemandMax":null,"Value":20242},{"Length":408,"Height":117,"Demand":1,"DemandMax":null,"Value":19100},{"Length":51,"Height":386,"Demand":1,"DemandMax":null,"Value":13480},{"Length":410,"Height":488,"Demand":10,"DemandMax":null,"Value":136578},{"Length":270,"Height":386,"Demand":8,"DemandMax":null,"Value":48421},{"Length":351,"Height":61,"Demand":5,"DemandMax":null,"Value":11768},{"Length":237,"Height":77,"Demand":5,"DemandMax":null,"Value":8736},{"Length":389,"Height":444,"Demand":1,"DemandMax":null,"Value":78956},{"Length":125,"Height":299,"Demand":1,"DemandMax":null,"Value":19459},{"Length":337,"Height":51,"Demand":10,"DemandMax":null,"Value":11975},{"Length":332,"Height":122,"Demand":4,"DemandMax":null,"Value":29552},{"Length":198,"Height":412,"Demand":8,"DemandMax":null,"Value":58318},{"Length":99,"Height":116,"Demand":7,"DemandMax":null,"Value":5228},{"Length":487,"Height":460,"Demand":7,"DemandMax":null,"Value":123559},{"Length":372,"Height":444,"Demand":3,"DemandMax":null,"Value":56543},{"Length":120,"Height":407,"Demand":9,"DemandMax":null,"Value":18809},{"Length":177,"Height":210,"Demand":5,"DemandMax":null,"Value":11119},{"Length":349,"Height":497,"Demand":2,"DemandMax":null,"Value":54858},{"Length":248,"Height":406,"Demand":8,"DemandMax":null,"Value":58182},{"Length":139,"Height":362,"Demand":5,"DemandMax":null,"Value":16740},{"Length":324,"Height":201,"Demand":8,"DemandMax":null,"Value":17248},{"Length":68,"Height":118,"Demand":7,"DemandMax":null,"Value":5478},{"Length":98,"Height":319,"Demand":4,"DemandMax":null,"Value":19473},{"Length":159,"Height":372,"Demand":7,"DemandMax":null,"Value":27287},{"Length":95,"Height":86,"Demand":9,"DemandMax":null,"Value":4073},{"Length":243,"Height":61,"Demand":3,"DemandMax":null,"Value":5769},{"Length":101,"Height":50,"Demand":3,"DemandMax":null,"Value":2429},{"Length":230,"Height":215,"Demand":8,"DemandMax":null,"Value":17492},{"Length":50,"Height":382,"Demand":6,"DemandMax":null,"Value":13816},{"Length":450,"Height":356,"Demand":7,"DemandMax":null,"Value":96680},{"Length":250,"Height":407,"Demand":2,"DemandMax":null,"Value":39434},{"Length":391,"Height":416,"Demand":4,"DemandMax":null,"Value":54926},{"Length":247,"Height":334,"Demand":7,"DemandMax":null,"Value":49709},{"Length":201,"Height":122,"Demand":10,"DemandMax":null,"Value":15833},{"Length":448,"Height":184,"Demand":3,"DemandMax":null,"Value":57967},{"Length":431,"Height":149,"Demand":2,"DemandMax":null,"Value":39820},{"Length":350,"Height":225,"Demand":8,"DemandMax":null,"Value":31536},{"Length":57,"Height":375,"Demand":4,"DemandMax":null,"Value":6790},{"Length":163,"Height":408,"Demand":10,"DemandMax":null,"Value":32377},{"Length":85,"Height":81,"Demand":4,"DemandMax":null,"Value":2608},{"Length":207,"Height":93,"Demand":9,"DemandMax":null,"Value":5186},{"Length":363,"Height":60,"Demand":5,"DemandMax":null,"Value":7740},{"Length":235,"Height":102,"Demand":4,"DemandMax":null,"Value":16858},{"Length":418,"Height":55,"Demand":5,"DemandMax":null,"Value":10413},{"Length":52,"Height":438,"Demand":8,"DemandMax":null,"Value":16867},{"Length":283,"Height":54,"Demand":4,"DemandMax":null,"Value":4090},{"Length":219,"Height":70,"Demand":8,"DemandMax":null,"Value":4098},{"Length":151,"Height":176,"Demand":1,"DemandMax":null,"Value":13903},{"Length":82,"Height":381,"Demand":6,"DemandMax":null,"Value":23355},{"Length":451,"Height":432,"Demand":5,"DemandMax":null,"Value":112862},{"Length":160,"Height":365,"Demand":5,"DemandMax":null,"Value":22094},{"Length":296,"Height":129,"Demand":9,"DemandMax":null,"Value":16057},{"Length":353,"Height":197,"Demand":8,"DemandMax":null,"Value":18065},{"Length":200,"Height":332,"Demand":8,"DemandMax":null,"Value":49317},{"Length":176,"Height":292,"Demand":1,"DemandMax":null,"Value":17847},{"Length":53,"Height":361,"Demand":9,"DemandMax":null,"Value":8750},{"Length":315,"Height":96,"Demand":9,"DemandMax":null,"Value":10723},{"Length":361,"Height":109,"Demand":3,"DemandMax":null,"Value":28887},{"Length":462,"Height":110,"Demand":8,"DemandMax":null,"Value":18843},{"Length":470,"Height":396,"Demand":3,"DemandMax":null,"Value":77796},{"Length":262,"Height":370,"Demand":8,"DemandMax":null,"Value":29656},{"Length":321,"Height":268,"Demand":7,"DemandMax":null,"Value":51617},{"Length":473,"Height":236,"Demand":8,"DemandMax":null,"Value":50701},{"Length":187,"Height":162,"Demand":9,"DemandMax":null,"Value":18240},{"Length":423,"Height":172,"Demand":4,"DemandMax":null,"Value":37676},{"Length":348,"Height":460,"Demand":7,"DemandMax":null,"Value":75134},{"Length":354,"Height":263,"Demand":5,"DemandMax":null,"Value":40713},{"Length":213,"Height":65,"Demand":10,"DemandMax":null,"Value":7753},{"Length":428,"Height":56,"Demand":1,"DemandMax":null,"Value":9123},{"Length":117,"Height":241,"Demand":10,"DemandMax":null,"Value":8387},{"Length":229,"Height":347,"Demand":1,"DemandMax":null,"Value":25871},{"Length":250,"Height":265,"Demand":8,"DemandMax":null,"Value":27234},{"Length":263,"Height":143,"Demand":1,"DemandMax":null,"Value":14222},{"Length":381,"Height":363,"Demand":8,"DemandMax":null,"Value":49321},{"Length":421,"Height":66,"Demand":3,"DemandMax":null,"Value":10573},{"Length":356,"Height":313,"Demand":4,"DemandMax":null,"Value":42998},{"Length":50,"Height":377,"Demand":7,"DemandMax":null,"Value":9881},{"Length":97,"Height":469,"Demand":2,"DemandMax":null,"Value":33650},{"Length":456,"Height":476,"Demand":2,"DemandMax":null,"Value":145768},{"Length":382,"Height":491,"Demand":4,"DemandMax":null,"Value":90471},{"Length":231,"Height":161,"Demand":8,"DemandMax":null,"Value":16953},{"Length":438,"Height":489,"Demand":5,"DemandMax":null,"Value":83895},{"Length":366,"Height":397,"Demand":6,"DemandMax":null,"Value":78931},{"Length":164,"Height":158,"Demand":3,"DemandMax":null,"Value":9772},{"Length":365,"Height":221,"Demand":10,"DemandMax":null,"Value":21193},{"Length":339,"Height":269,"Demand":1,"DemandMax":null,"Value":39755},{"Length":369,"Height":311,"Demand":2,"DemandMax":null,"Value":80378},{"Length":99,"Height":310,"Demand":4,"DemandMax":null,"Value":14797},{"Length":392,"Height":378,"Demand":8,"DemandMax":null,"Value":56177},{"Length":427,"Height":232,"Demand":5,"DemandMax":null,"Value":30605},{"Length":171,"Height":410,"Demand":5,"DemandMax":null,"Value":25582},{"Length":139,"Height":251,"Demand":6,"DemandMax":null,"Value":10032},{"Length":315,"Height":153,"Demand":2,"DemandMax":null,"Value":29791},{"Length":427,"Height":295,"Demand":7,"DemandMax":null,"Value":59353},{"Length":268,"Height":314,"Demand":6,"DemandMax":null,"Value":59444},{"Length":443,"Height":74,"Demand":3,"DemandMax":null,"Value":12496},{"Length":341,"Height":369,"Demand":2,"DemandMax":null,"Value":84969},{"Length":142,"Height":306,"Demand":9,"DemandMax":null,"Value":30777},{"Length":204,"Height":69,"Demand":9,"DemandMax":null,"Value":7051}]}