{"Name":"1A-1","Objects":[{"Length":2452,"Height":1406,"Stock":null,"Cost":3447512}],"Items":[{"Length":278,"Height":325,"Demand":6,"DemandMax":null,"Value":31179},{"Length":495,"Height":393,"Demand":8,"DemandMax":null,"Value":134873},{"Length":237,"Height":218,"Demand":2,"DemandMax":null,"Value":14145},{"Length":303,"Height":178,"Demand":8,"DemandMax":null,"Value":35005},{"Length":152,"Height":494,"Demand":8,"DemandMax":null,"Value":33607},{"Length":177,"Height":79,"Demand":7,"DemandMax":null,"Value":9881},{"Length":218,"Height":192,"Demand":7,"DemandMax":null,"Value":18116},{"Length":323,"Height":267,"Demand":8,"DemandMax":null,"Value":51000},{"Length":72,"Height":326,"Demand":4,"DemandMax":null,"Value":7329},{"Length":430,"Height":351,"Demand":2,"DemandMax":null,"Value":103667},{"Length":480,"Height":322,"Demand":1,"DemandMax":null,"Value":49642},{"Length":63,"Height":357,"Demand":10,"DemandMax":null,"Value":6388},{"Length":218,"Height":393,"Demand":5,"DemandMax":null,"Value":53708},{"Length":384,"Height":130,"Demand":1,"DemandMax":null,"Value":33329},{"Length":338,"Height":353,"Demand":4,"DemandMax":null,"Value":35438},{"Length":426,"Height":191,"Demand":1,"DemandMax":null,"Value":42705},{"Length":235,"Height":246,"Demand":2,"DemandMax":null,"Value":36475},{"Length":151,"Height":119,"Demand":8,"DemandMax":null,"Value":5058},{"Length":308,"Height":324,"Demand":10,"DemandMax":null,"Value":65895},{"Length":238,"Height":201,"Demand":10,"DemandMax":null,"Value":27328},{"Length":470,"Height":342,"Demand":6,"DemandMax":null,"Value":53001},{"Length":305,"Height":243,"Demand":6,"DemandMax":null,"Value":31848},{"Length":334,"Height":415,"Demand":9,"DemandMax":null,"Value":97794},{"Length":293,"Height":204,"Demand":3,"DemandMax":null,"Value":17639},{"Length":56,"Height":357,"Demand":8,"DemandMax":null,"Value":11843},{"Length":51,"Height":248,"Demand":4,"DemandMax":null,"Value":3807},{"Length":173,"Height":330,"Demand":6,"DemandMax":null,"Value":41572},{"Length":438,"Height":434,"Demand":2,"DemandMax":null,"Value":90322},{"Length":59,"Height":443,"Demand":5,"DemandMax":null,"Value":8803},{"Length":433,"Height":497,"Demand":4,"DemandMax":null,"Value":135419},{"Length":388,"Height":347,"Demand":9,"DemandMax":null,"Value":42232},{"Length":268,"Height":231,"Demand":6,"DemandMax":null,"Value":45994},{"Length":341,"Height":483,"Demand":6,"DemandMax":null,"Value":41910},{"Length":300,"Height":210,"Demand":10,"DemandMax":null,"Value":20887},{"Length":345,"Height":129,"Demand":8,"DemandMax":null,"Value":21661},{"Length":213,"Height":320,"Demand":5,"DemandMax":null,"Value":30511},{"Length":176,"Height":286,"Demand":2,"DemandMax":null,"Value":14019},{"Length":374,"Height":84,"Demand":5,"DemandMax":null,"Value":13074},{"Length":235,"Height":137,"Demand":7,"DemandMax":null,"Value":17668},{"Length":62,"Height":423,"Demand":5,"DemandMax":null,"Value":11944},{"Length":252,"Height":284,"Demand":1,"DemandMax":null,"Value":53550},{"Length":437,"Height":256,"Demand":9,"DemandMax":null,"Value":33787},{"Length":344,"Height":383,"Demand":9,"DemandMax":null,"Value":89940},{"Length":284,"Height":370,"Demand":7,"DemandMax":null,"Value":68202},{"Length":354,"Height":274,"Demand":2,"DemandMax":null,"Value":45855},{"Length":494,"Height":86,"Demand":8,"DemandMax":null,"Value":18695},{"Length":97,"Height":456,"Demand":9,"DemandMax":null,"Value":28806},{"Length":464,"Height":63,"Demand":5,"DemandMax":null,"Value":18800},{"Length":270,"Height":267,"Demand":2,"DemandMax":null,"Value":46668},{"Length":363,"Height":169,"Demand":9,"DemandMax":null,"Value":23092}]}