{"Name":"2A-2","Objects":[{"Length":2003,"Height":1142,"Stock":null,"Cost":2287426}],"Items":[{"Length":283,"Height":160,"Demand":8,"DemandMax":null,"Value":17530},{"Length":237,"Height":491,"Demand":2,"DemandMax":null,"Value":58831},{"Length":469,"Height":267,"Demand":9,"DemandMax":null,"Value":69008},{"Length":349,"Height":191,"Demand":9,"DemandMax":null,"Value":39131},{"Length":220,"Height":469,"Demand":1,"DemandMax":null,"Value":60605},{"Length":394,"Height":446,"Demand":10,"DemandMax":null,"Value":111521},{"Length":390,"Height":383,"Demand":1,"DemandMax":null,"Value":71630},{"Length":337,"Height":127,"Demand":3,"DemandMax":null,"Value":14546},{"Length":487,"Height":471,"Demand":3,"DemandMax":null,"Value":59192},{"Length":444,"Height":370,"Demand":6,"DemandMax":null,"Value":115487},{"Length":240,"Height":477,"Demand":2,"DemandMax":null,"Value":49076},{"Length":316,"Height":379,"Demand":4,"DemandMax":null,"Value":41134},{"Length":219,"Height":417,"Demand":8,"DemandMax":null,"Value":23186},{"Length":254,"Height":57,"Demand":10,"DemandMax":null,"Value":7486},{"Length":285,"Height":203,"Demand":6,"DemandMax":null,"Value":35757},{"Length":116,"Height":146,"Demand":2,"DemandMax":null,"Value":4613},{"Length":79,"Height":362,"Demand":6,"DemandMax":null,"Value":8618},{"Length":311,"Height":298,"Demand":10,"DemandMax":null,"Value":36746},{"Length":414,"Height":398,"Demand":4,"DemandMax":null,"Value":56153},{"Length":303,"Height":120,"Demand":7,"DemandMax":null,"Value":26927},{"Length":135,"Height":85,"Demand":9,"DemandMax":null,"Value":3768},{"Length":276,"Height":483,"Demand":4,"DemandMax":null,"Value":66460},{"Length":474,"Height":189,"Demand":10,"DemandMax":null,"Value":49569},{"Length":113,"Height":439,"Demand":8,"DemandMax":null,"Value":17112},{"Length":277,"Height":92,"Demand":4,"DemandMax":null,"Value":10087},{"Length":256,"Height":138,"Demand":3,"DemandMax":null,"Value":11819},{"Length":119,"Height":337,"Demand":9,"DemandMax":null,"Value":15548},{"Length":430,"Height":154,"Demand":1,"DemandMax":null,"Value":29162},{"Length":337,"Height":365,"Demand":8,"DemandMax":null,"Value":53605},{"Length":298,"Height":494,"Demand":8,"DemandMax":null,"Value":54432},{"Length":386,"Height":132,"Demand":9,"DemandMax":null,"Value":21164},{"Length":247,"Height":290,"Demand":4,"DemandMax":null,"Value":47387},{"Length":403,"Height":451,"Demand":8,"DemandMax":null,"Value":135846},{"Length":145,"Height":230,"Demand":2,"DemandMax":null,"Value":11557},{"Length":422,"Height":123,"Demand":1,"DemandMax":null,"Value":38387},{"Length":458,"Height":232,"Demand":8,"DemandMax":null,"Value":48649},{"Length":309,"Height":234,"Demand":3,"DemandMax":null,"Value":32929},{"Length":177,"Height":396,"Demand":8,"DemandMax":null,"Value":50602},{"Length":130,"Height":216,"Demand":9,"DemandMax":null,"Value":20922},{"Length":257,"Height":324,"Demand":5,"DemandMax":null,"Value":54655},{"Length":139,"Height":68,"Demand":5,"DemandMax":null,"Value":3624},{"Length":164,"Height":488,"Demand":1,"DemandMax":null,"Value":28828},{"Length":358,"Height":479,"Demand":5,"DemandMax":null,"Value":100087},{"Length":448,"Height":412,"Demand":3,"DemandMax":null,"Value":58860},{"Length":260,"Height":490,"Demand":10,"DemandMax":null,"Value":69508},{"Length":352,"Height":255,"Demand":8,"DemandMax":null,"Value":33274},{"Length":149,"Height":57,"Demand":9,"DemandMax":null,"Value":6136},{"Length":285,"Height":460,"Demand":7,"DemandMax":null,"Value":53556},{"Length":496,"Height":191,"Demand":7,"DemandMax":null,"Value":67188},{"Length":174,"Height":446,"Demand":1,"DemandMax":null,"Value":56801},{"Length":217,"Height":163,"Demand":5,"DemandMax":null,"Value":22434},{"Length":359,"Height":175,"Demand":1,"DemandMax":null,"Value":33377},{"Length":91,"Height":129,"Demand":6,"DemandMax":null,"Value":8594},{"Length":439,"Height":425,"Demand":4,"DemandMax":null,"Value":110536},{"Length":484,"Height":261,"Demand":6,"DemandMax":null,"Value":57814},{"Length":386,"Height":177,"Demand":1,"DemandMax":null,"Value":18369},{"Length":331,"Height":300,"Demand":1,"DemandMax":null,"Value":62280},{"Length":251,"Height":271,"Demand":7,"DemandMax":null,"Value":26466},{"Length":381,"Height":149,"Demand":6,"DemandMax":null,"Value":40007},{"Length":371,"Height":286,"Demand":3,"DemandMax":null,"Value":39003},{"Length":219,"Height":201,"Demand":1,"DemandMax":null,"Value":24572},{"Length":360,"Height":334,"Demand":4,"DemandMax":null,"Value":80944},{"Length":95,"Height":218,"Demand":5,"DemandMax":null,"Value":7141},{"Length":313,"Height":176,"Demand":2,"DemandMax":null,"Value":16500},{"Length":127,"Height":306,"Demand":2,"DemandMax":null,"Value":27927},{"Length":148,"Height":471,"Demand":6,"DemandMax":null,"Value":19891},{"Length":228,"Height":436,"Demand":10,"DemandMax":null,"Value":34044},{"Length":143,"Height":212,"Demand":9,"DemandMax":null,"Value":13982},{"Length":212,"Height":293,"Demand":9,"DemandMax":null,"Value":18500},{"Length":397,"Height":475,"Demand":9,"DemandMax":null,"Value":50870},{"Length":286,"Height":232,"Demand":2,"DemandMax":null,"Value":31693},{"Length":496,"Height":62,"Demand":7,"DemandMax":null,"Value":16171},{"Length":428,"Height":326,"Demand":2,"DemandMax":null,"Value":68028},{"Length":396,"Height":320,"Demand":1,"DemandMax":null,"Value":84656},{"Length":230,"Height":290,"Demand":6,"DemandMax":null,"Value":35088},{"Length":146,"Height":110,"Demand":9,"DemandMax":null,"Value":11472},{"Length":170,"Height":250,"Demand":9,"DemandMax":null,"Value":31059},{"Length":185,"Height":403,"Demand":4,"DemandMax":null,"Value":43528},{"Length":86,"Height":319,"Demand":7,"DemandMax":null,"Value":17234},{"Length":141,"Height":117,"Demand":5,"DemandMax":null,"Value":8261},{"Length":325,"Height":290,"Demand":6,"DemandMax":null,"Value":62936},{"Length":86,"Height":381,"Demand":10,"DemandMax":null,"Value":21574},{"Length":68,"Height":112,"Demand":9,"DemandMax":null,"Value":3237},{"Length":139,"Height":147,"Demand":1,"DemandMax":null,"Value":10596},{"Length":373,"Height":369,"Demand":7,"DemandMax":null,"Value":66156},{"Length":232,"Height":394,"Demand":7,"DemandMax":null,"Value":31821},{"Length":241,"Height":203,"Demand":10,"DemandMax":null,"Value":14084},{"Length":117,"Height":445,"Demand":9,"DemandMax":null,"Value":35500},{"Length":57,"Height":282,"Demand":6,"DemandMax":null,"Value":9509},{"Length":327,"Height":136,"Demand":8,"DemandMax":null,"Value":28645},{"Length":396,"Height":448,"Demand":7,"DemandMax":null,"Value":128110},{"Length":163,"Height":354,"Demand":2,"DemandMax":null,"Value":16649},{"Length":77,"Height":85,"Demand":7,"DemandMax":null,"Value":2718},{"Length":117,"Height":446,"Demand":10,"DemandMax":null,"Value":32624},{"Length":55,"Height":481,"Demand":1,"DemandMax":null,"Value":7164},{"Length":268,"Height":157,"Demand":10,"DemandMax":null,"Value":26117},{"Length":60,"Height":258,"Demand":8,"DemandMax":null,"Value":9623},{"Length":339,"Height":181,"Demand":6,"DemandMax":null,"Value":29712},{"Length":167,"Height":369,"Demand":3,"DemandMax":null,"Value":30700},{"Length":477,"Height":61,"Demand":8,"DemandMax":null,"Value":8939}]}