{"Name":"3A-1","Objects":[{"Length":2171,"Height":1086,"Stock":null,"Cost":2357706}],"Items":[{"Length":188,"Height":497,"Demand":9,"DemandMax":null,"Value":57860},{"Length":212,"Height":279,"Demand":8,"DemandMax":null,"Value":30848},{"Length":75,"Height":275,"Demand":2,"DemandMax":null,"Value":14436},{"Length":362,"Height":329,"Demand":4,"DemandMax":null,"Value":65485},{"Length":154,"Height":211,"Demand":6,"DemandMax":null,"Value":15358},{"Length":459,"Height":152,"Demand":2,"DemandMax":null,"Value":45581},{"Length":323,"Height":386,"Demand":9,"DemandMax":null,"Value":51536},{"Length":54,"Height":141,"Demand":3,"DemandMax":null,"Value":4032},{"Length":383,"Height":105,"Demand":6,"DemandMax":null,"Value":13464},{"Length":480,"Height":497,"Demand":6,"DemandMax":null,"Value":162255},{"Length":465,"Height":278,"Demand":3,"DemandMax":null,"Value":57274},{"Length":113,"Height":66,"Demand":2,"DemandMax":null,"Value":1933},{"Length":388,"Height":232,"Demand":1,"DemandMax":null,"Value":66669},{"Length":415,"Height":237,"Demand":5,"DemandMax":null,"Value":51347},{"Length":235,"Height":310,"Demand":2,"DemandMax":null,"Value":51354},{"Length":219,"Height":224,"Demand":1,"DemandMax":null,"Value":34995},{"Length":209,"Height":478,"Demand":4,"DemandMax":null,"Value":35125},{"Length":423,"Height":109,"Demand":1,"DemandMax":null,"Value":31903},{"Length":331,"Height":463,"Demand":8,"DemandMax":null,"Value":64128},{"Length":369,"Height":163,"Demand":10,"DemandMax":null,"Value":42649},{"Length":105,"Height":335,"Demand":9,"DemandMax":null,"Value":18947},{"Length":101,"Height":246,"Demand":1,"DemandMax":null,"Value":8929},{"Length":175,"Height":229,"Demand":2,"DemandMax":null,"Value":19127},{"Length":230,"Height":165,"Demand":2,"DemandMax":null,"Value":23061},{"Length":309,"Height":222,"Demand":3,"DemandMax":null,"Value":23390},{"Length":385,"Height":328,"Demand":2,"DemandMax":null,"Value":36241},{"Length":367,"Height":240,"Demand":10,"DemandMax":null,"Value":61953},{"Length":157,"Height":454,"Demand":4,"DemandMax":null,"Value":25990},{"Length":260,"Height":87,"Demand":6,"DemandMax":null,"Value":8571},{"Length":302,"Height":230,"Demand":5,"DemandMax":null,"Value":28065},{"Length":331,"Height":148,"Demand":10,"DemandMax":null,"Value":33702},{"Length":435,"Height":407,"Demand":7,"DemandMax":null,"Value":56389},{"Length":61,"Height":253,"Demand":2,"DemandMax":null,"Value":8474},{"Length":62,"Height":229,"Demand":5,"DemandMax":null,"Value":7577},{"Length":350,"Height":88,"Demand":5,"DemandMax":null,"Value":20729},{"Length":407,"Height":88,"Demand":8,"DemandMax":null,"Value":12896},{"Length":429,"Height":258,"Demand":3,"DemandMax":null,"Value":64175},{"Length":152,"Height":56,"Demand":10,"DemandMax":null,"Value":4586},{"Length":286,"Height":212,"Demand":1,"DemandMax":null,"Value":40947},{"Length":347,"Height":343,"Demand":1,"DemandMax":null,"Value":44241},{"Length":288,"Height":191,"Demand":3,"DemandMax":null,"Value":15140},{"Length":273,"Height":341,"Demand":4,"DemandMax":null,"Value":37496},{"Length":121,"Height":226,"Demand":10,"DemandMax":null,"Value":8401},{"Length":114,"Height":187,"Demand":6,"DemandMax":null,"Value":12327},{"Length":419,"Height":265,"Demand":1,"DemandMax":null,"Value":58377},{"Length":389,"Height":339,"Demand":6,"DemandMax":null,"Value":67335},{"Length":481,"Height":193,"Demand":6,"DemandMax":null,"Value":46098},{"Length":116,"Height":321,"Demand":8,"DemandMax":null,"Value":26035},{"Length":172,"Height":451,"Demand":1,"DemandMax":null,"Value":32056},{"Length":62,"Height":452,"Demand":10,"DemandMax":null,"Value":18075},{"Length":169,"Height":456,"Demand":2,"DemandMax":null,"Value":43111},{"Length":434,"Height":250,"Demand":9,"DemandMax":null,"Value":58979},{"Length":140,"Height":395,"Demand":7,"DemandMax":null,"Value":27061},{"Length":157,"Height":265,"Demand":4,"DemandMax":null,"Value":19333},{"Length":124,"Height":152,"Demand":1,"DemandMax":null,"Value":6184},{"Length":493,"Height":105,"Demand":2,"DemandMax":null,"Value":22662},{"Length":75,"Height":101,"Demand":1,"DemandMax":null,"Value":4201},{"Length":388,"Height":165,"Demand":5,"DemandMax":null,"Value":30716},{"Length":474,"Height":290,"Demand":2,"DemandMax":null,"Value":39645},{"Length":59,"Height":472,"Demand":7,"DemandMax":null,"Value":17459},{"Length":423,"Height":257,"Demand":9,"DemandMax":null,"Value":56128},{"Length":381,"Height":427,"Demand":4,"DemandMax":null,"Value":47079},{"Length":112,"Height":481,"Demand":1,"DemandMax":null,"Value":23079},{"Length":371,"Height":96,"Demand":7,"DemandMax":null,"Value":19252},{"Length":368,"Height":413,"Demand":8,"DemandMax":null,"Value":99482},{"Length":440,"Height":410,"Demand":6,"DemandMax":null,"Value":107852},{"Length":305,"Height":267,"Demand":1,"DemandMax":null,"Value":20561},{"Length":323,"Height":62,"Demand":6,"DemandMax":null,"Value":11278},{"Length":310,"Height":222,"Demand":7,"DemandMax":null,"Value":25634},{"Length":226,"Height":319,"Demand":10,"DemandMax":null,"Value":19816},{"Length":158,"Height":430,"Demand":1,"DemandMax":null,"Value":45077},{"Length":455,"Height":354,"Demand":10,"DemandMax":null,"Value":112829},{"Length":317,"Height":132,"Demand":1,"DemandMax":null,"Value":10916},{"Length":90,"Height":66,"Demand":1,"DemandMax":null,"Value":2823},{"Length":320,"Height":383,"Demand":1,"DemandMax":null,"Value":81630},{"Length":237,"Height":120,"Demand":7,"DemandMax":null,"Value":8003},{"Length":232,"Height":439,"Demand":9,"DemandMax":null,"Value":56414},{"Length":133,"Height":383,"Demand":5,"DemandMax":null,"Value":29726},{"Length":469,"Height":62,"Demand":6,"DemandMax":null,"Value":17291},{"Length":468,"Height":126,"Demand":6,"DemandMax":null,"Value":34623},{"Length":166,"Height":495,"Demand":10,"DemandMax":null,"Value":25033},{"Length":365,"Height":284,"Demand":2,"DemandMax":null,"Value":51862},{"Length":233,"Height":175,"Demand":3,"DemandMax":null,"Value":12996},{"Length":363,"Height":276,"Demand":4,"DemandMax":null,"Value":54849},{"Length":308,"Height":134,"Demand":4,"DemandMax":null,"Value":14808},{"Length":193,"Height":61,"Demand":4,"DemandMax":null,"Value":6282},{"Length":339,"Height":242,"Demand":8,"DemandMax":null,"Value":51603},{"Length":231,"Height":141,"Demand":7,"DemandMax":null,"Value":12871},{"Length":140,"Height":158,"Demand":6,"DemandMax":null,"Value":10037},{"Length":166,"Height":323,"Demand":9,"DemandMax":null,"Value":22173},{"Length":126,"Height":412,"Demand":5,"DemandMax":null,"Value":13346},{"Length":211,"Height":324,"Demand":4,"DemandMax":null,"Value":28640},{"Length":489,"Height":338,"Demand":6,"DemandMax":null,"Value":86362},{"Length":148,"Height":409,"Demand":4,"DemandMax":null,"Value":42026},{"Length":390,"Height":203,"Demand":3,"DemandMax":null,"Value":57983},{"Length":134,"Height":445,"Demand":4,"DemandMax":null,"Value":42085},{"Length":394,"Height":328,"Demand":2,"DemandMax":null,"Value":68372},{"Length":456,"Height":185,"Demand":4,"DemandMax":null,"Value":47160},{"Length":473,"Height":141,"Demand":10,"DemandMax":null,"Value":35263},{"Length":421,"Height":123,"Demand":10,"DemandMax":null,"Value":26557},{"Length":321,"Height":151,"Demand":1,"DemandMax":null,"Value":20104},{"Length":122,"Height":459,"Demand":7,"DemandMax":null,"Value":16489},{"Length":377,"Height":353,"Demand":2,"DemandMax":null,"Value":93763},{"Length":81,"Height":103,"Demand":1,"DemandMax":null,"Value":5510},{"Length":123,"Height":254,"Demand":1,"DemandMax":null,"Value":15083},{"Length":183,"Height":162,"Demand":2,"DemandMax":null,"Value":13318},{"Length":418,"Height":295,"Demand":5,"DemandMax":null,"Value":60286},{"Length":276,"Height":444,"Demand":9,"DemandMax":null,"Value":71769},{"Length":101,"Height":481,"Demand":7,"DemandMax":null,"Value":14540},{"Length":289,"Height":396,"Demand":5,"DemandMax":null,"Value":50718},{"Length":191,"Height":399,"Demand":7,"DemandMax":null,"Value":39420},{"Length":67,"Height":109,"Demand":3,"DemandMax":null,"Value":3269},{"Length":328,"Height":220,"Demand":3,"DemandMax":null,"Value":31717},{"Length":140,"Height":436,"Demand":5,"DemandMax":null,"Value":39178},{"Length":164,"Height":392,"Demand":5,"DemandMax":null,"Value":43052},{"Length":446,"Height":287,"Demand":5,"DemandMax":null,"Value":54515},{"Length":296,"Height":423,"Demand":7,"DemandMax":null,"Value":82179},{"Length":362,"Height":286,"Demand":8,"DemandMax":null,"Value":68627},{"Length":476,"Height":462,"Demand":4,"DemandMax":null,"Value":157152},{"Length":138,"Height":490,"Demand":7,"DemandMax":null,"Value":40639},{"Length":334,"Height":303,"Demand":5,"DemandMax":null,"Value":30358},{"Length":346,"Height":286,"Demand":3,"DemandMax":null,"Value":42466},{"Length":260,"Height":466,"Demand":2,"DemandMax":null,"Value":86220},{"Length":162,"Height":88,"Demand":3,"DemandMax":null,"Value":7972},{"Length":120,"Height":207,"Demand":7,"DemandMax":null,"Value":14087},{"Length":280,"Height":209,"Demand":4,"DemandMax":null,"Value":43011},{"Length":148,"Height":224,"Demand":6,"DemandMax":null,"Value":12461},{"Length":185,"Height":182,"Demand":3,"DemandMax":null,"Value":20578},{"Length":223,"Height":319,"Demand":7,"DemandMax":null,"Value":28927},{"Length":413,"Height":52,"Demand":6,"DemandMax":null,"Value":7305},{"Length":52,"Height":125,"Demand":10,"DemandMax":null,"Value":2326},{"Length":74,"Height":493,"Demand":5,"DemandMax":null,"Value":9698},{"Length":212,"Height":389,"Demand":4,"DemandMax":null,"Value":54538},{"Length":254,"Height":455,"Demand":4,"DemandMax":null,"Value":41417},{"Length":267,"Height":149,"Demand":3,"DemandMax":null,"Value":25500},{"Length":461,"Height":97,"Demand":4,"DemandMax":null,"Value":15627},{"Length":160,"Height":51,"Demand":8,"DemandMax":null,"Value":2224},{"Length":201,"Height":457,"Demand":6,"DemandMax":null,"Value":41789},{"Length":235,"Height":137,"Demand":5,"DemandMax":null,"Value":16444},{"Length":438,"Height":289,"Demand":3,"DemandMax":null,"Value":52029},{"Length":425,"Height":417,"Demand":5,"DemandMax":null,"Value":111098},{"Length":217,"Height":418,"Demand":9,"DemandMax":null,"Value":56224},{"Length":325,"Height":293,"Demand":2,"DemandMax":null,"Value":28404},{"Length":139,"Height":412,"Demand":1,"DemandMax":null,"Value":17424},{"Length":243,"Height":209,"Demand":8,"DemandMax":null,"Value":18903},{"Length":290,"Height":176,"Demand":5,"DemandMax":null,"Value":27133},{"Length":66,"Height":263,"Demand":8,"DemandMax":null,"Value":6095},{"Length":485,"Height":233,"Demand":7,"DemandMax":null,"Value":66355},{"Length":368,"Height":179,"Demand":7,"DemandMax":null,"Value":18576},{"Length":437,"Height":251,"Demand":8,"DemandMax":null,"Value":30428}]}