{"Name":"3B-4","Objects":[{"Length":2566,"Height":1329,"Stock":null,"Cost":3410214}],"Items":[{"Length":299,"Height":162,"Demand":19,"DemandMax":null,"Value":25242},{"Length":260,"Height":240,"Demand":44,"DemandMax":null,"Value":46649},{"Length":101,"Height":114,"Demand":44,"DemandMax":null,"Value":8367},{"Length":123,"Height":192,"Demand":26,"DemandMax":null,"Value":14303},{"Length":101,"Height":95,"Demand":40,"DemandMax":null,"Value":3787},{"Length":168,"Height":253,"Demand":24,"DemandMax":null,"Value":15952},{"Length":263,"Height":476,"Demand":6,"DemandMax":null,"Value":32879},{"Length":216,"Height":190,"Demand":44,"DemandMax":null,"Value":30578},{"Length":77,"Height":356,"Demand":11,"DemandMax":null,"Value":19729},{"Length":248,"Height":343,"Demand":42,"DemandMax":null,"Value":60771},{"Length":358,"Height":305,"Demand":50,"DemandMax":null,"Value":73322},{"Length":68,"Height":339,"Demand":39,"DemandMax":null,"Value":14651},{"Length":257,"Height":298,"Demand":36,"DemandMax":null,"Value":39100},{"Length":55,"Height":110,"Demand":18,"DemandMax":null,"Value":3113},{"Length":333,"Height":414,"Demand":37,"DemandMax":null,"Value":79219},{"Length":199,"Height":50,"Demand":27,"DemandMax":null,"Value":5491},{"Length":477,"Height":418,"Demand":32,"DemandMax":null,"Value":55083},{"Length":159,"Height":285,"Demand":13,"DemandMax":null,"Value":22602},{"Length":260,"Height":241,"Demand":34,"DemandMax":null,"Value":18922},{"Length":206,"Height":371,"Demand":46,"DemandMax":null,"Value":19588},{"Length":481,"Height":163,"Demand":11,"DemandMax":null,"Value":56699},{"Length":106,"Height":391,"Demand":16,"DemandMax":null,"Value":13185},{"Length":453,"Height":219,"Demand":16,"DemandMax":null,"Value":33859},{"Length":274,"Height":87,"Demand":37,"DemandMax":null,"Value":17011},{"Length":163,"Height":449,"Demand":38,"DemandMax":null,"Value":30977},{"Length":435,"Height":226,"Demand":45,"DemandMax":null,"Value":59807},{"Length":185,"Height":291,"Demand":28,"DemandMax":null,"Value":25834},{"Length":122,"Height":225,"Demand":48,"DemandMax":null,"Value":19991},{"Length":314,"Height":345,"Demand":49,"DemandMax":null,"Value":77374},{"Length":62,"Height":417,"Demand":32,"DemandMax":null,"Value":9117},{"Length":433,"Height":339,"Demand":7,"DemandMax":null,"Value":77662},{"Length":291,"Height":139,"Demand":28,"DemandMax":null,"Value":13472},{"Length":384,"Height":87,"Demand":39,"DemandMax":null,"Value":11578},{"Length":337,"Height":197,"Demand":33,"DemandMax":null,"Value":33393},{"Length":69,"Height":377,"Demand":2,"DemandMax":null,"Value":7096},{"Length":110,"Height":112,"Demand":22,"DemandMax":null,"Value":6243},{"Length":370,"Height":298,"Demand":21,"DemandMax":null,"Value":70919},{"Length":335,"Height":237,"Demand":46,"DemandMax":null,"Value":44743},{"Length":382,"Height":440,"Demand":26,"DemandMax":null,"Value":89073},{"Length":391,"Height":420,"Demand":21,"DemandMax":null,"Value":90107},{"Length":212,"Height":144,"Demand":49,"DemandMax":null,"Value":20989},{"Length":88,"Height":144,"Demand":2,"DemandMax":null,"Value":7463},{"Length":163,"Height":271,"Demand":41,"DemandMax":null,"Value":20844},{"Length":244,"Height":66,"Demand":23,"DemandMax":null,"Value":11099},{"Length":183,"Height":52,"Demand":22,"DemandMax":null,"Value":2907},{"Length":359,"Height":256,"Demand":7,"DemandMax":null,"Value":27639},{"Length":255,"Height":70,"Demand":43,"DemandMax":null,"Value":10449},{"Length":108,"Height":438,"Demand":17,"DemandMax":null,"Value":12449},{"Length":161,"Height":465,"Demand":4,"DemandMax":null,"Value":26741},{"Length":378,"Height":490,"Demand":37,"DemandMax":null,"Value":51008},{"Length":280,"Height":177,"Demand":13,"DemandMax":null,"Value":20898},{"Length":400,"Height":465,"Demand":45,"DemandMax":null,"Value":97670},{"Length":388,"Height":463,"Demand":28,"DemandMax":null,"Value":108403},{"Length":140,"Height":477,"Demand":39,"DemandMax":null,"Value":27135},{"Length":136,"Height":498,"Demand":4,"DemandMax":null,"Value":35385},{"Length":214,"Height":206,"Demand":6,"DemandMax":null,"Value":19150},{"Length":227,"Height":325,"Demand":20,"DemandMax":null,"Value":48952},{"Length":120,"Height":497,"Demand":15,"DemandMax":null,"Value":35411},{"Length":216,"Height":236,"Demand":9,"DemandMax":null,"Value":33792},{"Length":333,"Height":350,"Demand":43,"DemandMax":null,"Value":56869},{"Length":235,"Height":156,"Demand":1,"DemandMax":null,"Value":12067},{"Length":72,"Height":236,"Demand":6,"DemandMax":null,"Value":6203},{"Length":356,"Height":95,"Demand":48,"DemandMax":null,"Value":10248},{"Length":130,"Height":172,"Demand":46,"DemandMax":null,"Value":9593},{"Length":471,"Height":460,"Demand":28,"DemandMax":null,"Value":54301},{"Length":115,"Height":286,"Demand":50,"DemandMax":null,"Value":12468},{"Length":456,"Height":320,"Demand":19,"DemandMax":null,"Value":56540},{"Length":267,"Height":305,"Demand":3,"DemandMax":null,"Value":33406},{"Length":334,"Height":386,"Demand":6,"DemandMax":null,"Value":33586},{"Length":356,"Height":254,"Demand":30,"DemandMax":null,"Value":46769},{"Length":85,"Height":337,"Demand":41,"DemandMax":null,"Value":11021},{"Length":336,"Height":296,"Demand":32,"DemandMax":null,"Value":43613},{"Length":77,"Height":418,"Demand":41,"DemandMax":null,"Value":11293},{"Length":477,"Height":212,"Demand":38,"DemandMax":null,"Value":52026},{"Length":459,"Height":104,"Demand":40,"DemandMax":null,"Value":33704},{"Length":179,"Height":438,"Demand":24,"DemandMax":null,"Value":53370},{"Length":277,"Height":291,"Demand":25,"DemandMax":null,"Value":45886},{"Length":471,"Height":239,"Demand":18,"DemandMax":null,"Value":37597},{"Length":259,"Height":394,"Demand":3,"DemandMax":null,"Value":40309},{"Length":343,"Height":91,"Demand":36,"DemandMax":null,"Value":14282},{"Length":297,"Height":254,"Demand":5,"DemandMax":null,"Value":26349},{"Length":357,"Height":297,"Demand":14,"DemandMax":null,"Value":78195},{"Length":375,"Height":317,"Demand":11,"DemandMax":null,"Value":86557},{"Length":54,"Height":220,"Demand":8,"DemandMax":null,"Value":5989},{"Length":147,"Height":67,"Demand":46,"DemandMax":null,"Value":5334},{"Length":58,"Height":145,"Demand":43,"DemandMax":null,"Value":2148},{"Length":490,"Height":97,"Demand":9,"DemandMax":null,"Value":29341},{"Length":320,"Height":62,"Demand":46,"DemandMax":null,"Value":6451},{"Length":464,"Height":246,"Demand":25,"DemandMax":null,"Value":75384},{"Length":428,"Height":169,"Demand":10,"DemandMax":null,"Value":36846},{"Length":347,"Height":227,"Demand":36,"DemandMax":null,"Value":35809},{"Length":187,"Height":186,"Demand":48,"DemandMax":null,"Value":25159},{"Length":56,"Height":387,"Demand":30,"DemandMax":null,"Value":13255},{"Length":304,"Height":144,"Demand":35,"DemandMax":null,"Value":25857},{"Length":305,"Height":493,"Demand":23,"DemandMax":null,"Value":43610},{"Length":74,"Height":56,"Demand":9,"DemandMax":null,"Value":1360},{"Length":154,"Height":451,"Demand":30,"DemandMax":null,"Value":29028},{"Length":474,"Height":406,"Demand":23,"DemandMax":null,"Value":85993},{"Length":86,"Height":361,"Demand":29,"DemandMax":null,"Value":14993},{"Length":192,"Height":84,"Demand":32,"DemandMax":null,"Value":11360},{"Length":410,"Height":284,"Demand":16,"DemandMax":null,"Value":82303},{"Length":437,"Height":193,"Demand":24,"DemandMax":null,"Value":40574},{"Length":213,"Height":169,"Demand":17,"DemandMax":null,"Value":25837},{"Length":338,"Height":370,"Demand":38,"DemandMax":null,"Value":45929},{"Length":268,"Height":86,"Demand":13,"DemandMax":null,"Value":10983},{"Length":189,"Height":337,"Demand":37,"DemandMax":null,"Value":20120},{"Length":86,"Height":97,"Demand":50,"DemandMax":null,"Value":4376},{"Length":318,"Height":236,"Demand":46,"DemandMax":null,"Value":21275},{"Length":216,"Height":282,"Demand":5,"DemandMax":null,"Value":24752},{"Length":125,"Height":116,"Demand":39,"DemandMax":null,"Value":6169},{"Length":361,"Height":423,"Demand":12,"DemandMax":null,"Value":106150},{"Length":70,"Height":213,"Demand":17,"DemandMax":null,"Value":10220},{"Length":345,"Height":342,"Demand":4,"DemandMax":null,"Value":85696},{"Length":476,"Height":399,"Demand":2,"DemandMax":null,"Value":111822},{"Length":415,"Height":493,"Demand":15,"DemandMax":null,"Value":150412},{"Length":125,"Height":248,"Demand":36,"DemandMax":null,"Value":8584},{"Length":156,"Height":398,"Demand":19,"DemandMax":null,"Value":25569},{"Length":132,"Height":189,"Demand":21,"DemandMax":null,"Value":9178},{"Length":367,"Height":350,"Demand":14,"DemandMax":null,"Value":95465},{"Length":99,"Height":270,"Demand":19,"DemandMax":null,"Value":17615},{"Length":212,"Height":278,"Demand":28,"DemandMax":null,"Value":42420},{"Length":309,"Height":51,"Demand":22,"DemandMax":null,"Value":8871},{"Length":239,"Height":200,"Demand":41,"DemandMax":null,"Value":17068},{"Length":361,"Height":489,"Demand":28,"DemandMax":null,"Value":97664},{"Length":106,"Height":227,"Demand":2,"DemandMax":null,"Value":7948},{"Length":328,"Height":431,"Demand":29,"DemandMax":null,"Value":49249},{"Length":329,"Height":323,"Demand":19,"DemandMax":null,"Value":69945},{"Length":83,"Height":381,"Demand":25,"DemandMax":null,"Value":20595},{"Length":112,"Height":203,"Demand":38,"DemandMax":null,"Value":13900},{"Length":396,"Height":245,"Demand":41,"DemandMax":null,"Value":52659},{"Length":324,"Height":199,"Demand":22,"DemandMax":null,"Value":43491},{"Length":397,"Height":463,"Demand":1,"DemandMax":null,"Value":122816},{"Length":76,"Height":212,"Demand":44,"DemandMax":null,"Value":4355},{"Length":462,"Height":403,"Demand":16,"DemandMax":null,"Value":133216},{"Length":327,"Height":349,"Demand":2,"DemandMax":null,"Value":42553},{"Length":477,"Height":420,"Demand":4,"DemandMax":null,"Value":85813},{"Length":213,"Height":377,"Demand":34,"DemandMax":null,"Value":32868},{"Length":150,"Height":98,"Demand":48,"DemandMax":null,"Value":8579},{"Length":429,"Height":276,"Demand":32,"DemandMax":null,"Value":33274},{"Length":221,"Height":393,"Demand":17,"DemandMax":null,"Value":48779},{"Length":85,"Height":490,"Demand":39,"DemandMax":null,"Value":31222},{"Length":79,"Height":411,"Demand":1,"DemandMax":null,"Value":13047},{"Length":197,"Height":51,"Demand":45,"DemandMax":null,"Value":6333},{"Length":497,"Height":330,"Demand":43,"DemandMax":null,"Value":104605},{"Length":398,"Height":456,"Demand":13,"DemandMax":null,"Value":98021},{"Length":119,"Height":378,"Demand":24,"DemandMax":null,"Value":13432},{"Length":115,"Height":272,"Demand":19,"DemandMax":null,"Value":20635},{"Length":231,"Height":165,"Demand":9,"DemandMax":null,"Value":12112},{"Length":321,"Height":475,"Demand":25,"DemandMax":null,"Value":63486},{"Length":307,"Height":66,"Demand":5,"DemandMax":null,"Value":5308}]}