{"Name":"1A-8","Objects":[{"Length":2404,"Height":1443,"Stock":null,"Cost":3468972}],"Items":[{"Length":408,"Height":456,"Demand":10,"DemandMax":null,"Value":129120},{"Length":59,"Height":95,"Demand":7,"DemandMax":null,"Value":2128},{"Length":352,"Height":282,"Demand":10,"DemandMax":null,"Value":63739},{"Length":329,"Height":70,"Demand":8,"DemandMax":null,"Value":8760},{"Length":480,"Height":138,"Demand":7,"DemandMax":null,"Value":25618},{"Length":166,"Height":404,"Demand":4,"DemandMax":null,"Value":37643},{"Length":212,"Height":331,"Demand":3,"DemandMax":null,"Value":44580},{"Length":371,"Height":311,"Demand":7,"DemandMax":null,"Value":38641},{"Length":115,"Height":453,"Demand":9,"DemandMax":null,"Value":30086},{"Length":264,"Height":90,"Demand":3,"DemandMax":null,"Value":6100},{"Length":423,"Height":292,"Demand":8,"DemandMax":null,"Value":56037},{"Length":313,"Height":171,"Demand":1,"DemandMax":null,"Value":28989},{"Length":407,"Height":432,"Demand":6,"DemandMax":null,"Value":60472},{"Length":250,"Height":178,"Demand":4,"DemandMax":null,"Value":30336},{"Length":61,"Height":268,"Demand":2,"DemandMax":null,"Value":5801},{"Length":95,"Height":400,"Demand":9,"DemandMax":null,"Value":10035},{"Length":358,"Height":272,"Demand":3,"DemandMax":null,"Value":52207},{"Length":141,"Height":151,"Demand":7,"DemandMax":null,"Value":13054},{"Length":157,"Height":451,"Demand":2,"DemandMax":null,"Value":19523},{"Length":365,"Height":202,"Demand":7,"DemandMax":null,"Value":47054},{"Length":82,"Height":92,"Demand":10,"DemandMax":null,"Value":4956},{"Length":391,"Height":394,"Demand":4,"DemandMax":null,"Value":86466},{"Length":317,"Height":395,"Demand":8,"DemandMax":null,"Value":47480},{"Length":71,"Height":377,"Demand":9,"DemandMax":null,"Value":9220},{"Length":210,"Height":225,"Demand":1,"DemandMax":null,"Value":19242},{"Length":154,"Height":463,"Demand":4,"DemandMax":null,"Value":31835},{"Length":170,"Height":419,"Demand":9,"DemandMax":null,"Value":41751},{"Length":275,"Height":67,"Demand":6,"DemandMax":null,"Value":5979},{"Length":185,"Height":481,"Demand":1,"DemandMax":null,"Value":53308},{"Length":194,"Height":475,"Demand":4,"DemandMax":null,"Value":61875},{"Length":371,"Height":439,"Demand":7,"DemandMax":null,"Value":68572},{"Length":298,"Height":320,"Demand":4,"DemandMax":null,"Value":53110},{"Length":202,"Height":62,"Demand":9,"DemandMax":null,"Value":4891},{"Length":274,"Height":491,"Demand":2,"DemandMax":null,"Value":98187},{"Length":363,"Height":278,"Demand":3,"DemandMax":null,"Value":75585},{"Length":451,"Height":51,"Demand":10,"DemandMax":null,"Value":15147},{"Length":51,"Height":80,"Demand":8,"DemandMax":null,"Value":2224},{"Length":436,"Height":233,"Demand":8,"DemandMax":null,"Value":75304},{"Length":212,"Height":368,"Demand":7,"DemandMax":null,"Value":57163},{"Length":167,"Height":312,"Demand":1,"DemandMax":null,"Value":16994},{"Length":498,"Height":468,"Demand":3,"DemandMax":null,"Value":155544},{"Length":55,"Height":312,"Demand":8,"DemandMax":null,"Value":9509},{"Length":139,"Height":129,"Demand":5,"DemandMax":null,"Value":10526},{"Length":380,"Height":196,"Demand":7,"DemandMax":null,"Value":28686},{"Length":482,"Height":403,"Demand":7,"DemandMax":null,"Value":120760},{"Length":469,"Height":103,"Demand":2,"DemandMax":null,"Value":14791},{"Length":102,"Height":140,"Demand":6,"DemandMax":null,"Value":6565},{"Length":325,"Height":296,"Demand":5,"DemandMax":null,"Value":44237},{"Length":247,"Height":360,"Demand":6,"DemandMax":null,"Value":51759},{"Length":124,"Height":200,"Demand":2,"DemandMax":null,"Value":14472}]}