{"Name":"3B-7","Objects":[{"Length":2198,"Height":1018,"Stock":null,"Cost":2237564}],"Items":[{"Length":390,"Height":265,"Demand":31,"DemandMax":null,"Value":58364},{"Length":179,"Height":449,"Demand":31,"DemandMax":null,"Value":41863},{"Length":189,"Height":331,"Demand":36,"DemandMax":null,"Value":17061},{"Length":416,"Height":160,"Demand":17,"DemandMax":null,"Value":25595},{"Length":444,"Height":132,"Demand":27,"DemandMax":null,"Value":30015},{"Length":316,"Height":323,"Demand":25,"DemandMax":null,"Value":30073},{"Length":198,"Height":164,"Demand":12,"DemandMax":null,"Value":17469},{"Length":121,"Height":115,"Demand":41,"DemandMax":null,"Value":7313},{"Length":466,"Height":349,"Demand":18,"DemandMax":null,"Value":112277},{"Length":158,"Height":480,"Demand":25,"DemandMax":null,"Value":54844},{"Length":419,"Height":388,"Demand":24,"DemandMax":null,"Value":91538},{"Length":456,"Height":145,"Demand":40,"DemandMax":null,"Value":27622},{"Length":283,"Height":169,"Demand":18,"DemandMax":null,"Value":19736},{"Length":307,"Height":233,"Demand":46,"DemandMax":null,"Value":32460},{"Length":380,"Height":390,"Demand":24,"DemandMax":null,"Value":58443},{"Length":381,"Height":429,"Demand":29,"DemandMax":null,"Value":115521},{"Length":245,"Height":181,"Demand":35,"DemandMax":null,"Value":28355},{"Length":144,"Height":490,"Demand":29,"DemandMax":null,"Value":46939},{"Length":416,"Height":426,"Demand":18,"DemandMax":null,"Value":100375},{"Length":82,"Height":481,"Demand":43,"DemandMax":null,"Value":12904},{"Length":485,"Height":338,"Demand":45,"DemandMax":null,"Value":115010},{"Length":112,"Height":296,"Demand":27,"DemandMax":null,"Value":23524},{"Length":496,"Height":133,"Demand":27,"DemandMax":null,"Value":48686},{"Length":54,"Height":56,"Demand":41,"DemandMax":null,"Value":1232},{"Length":358,"Height":202,"Demand":14,"DemandMax":null,"Value":47014},{"Length":308,"Height":193,"Demand":43,"DemandMax":null,"Value":22382},{"Length":214,"Height":428,"Demand":11,"DemandMax":null,"Value":42326},{"Length":265,"Height":258,"Demand":15,"DemandMax":null,"Value":18591},{"Length":321,"Height":425,"Demand":47,"DemandMax":null,"Value":42225},{"Length":300,"Height":91,"Demand":44,"DemandMax":null,"Value":14890},{"Length":88,"Height":265,"Demand":11,"DemandMax":null,"Value":6821},{"Length":382,"Height":281,"Demand":44,"DemandMax":null,"Value":46674},{"Length":195,"Height":172,"Demand":14,"DemandMax":null,"Value":12195},{"Length":336,"Height":288,"Demand":33,"DemandMax":null,"Value":71634},{"Length":451,"Height":172,"Demand":8,"DemandMax":null,"Value":52796},{"Length":441,"Height":350,"Demand":41,"DemandMax":null,"Value":111226},{"Length":131,"Height":318,"Demand":28,"DemandMax":null,"Value":22975},{"Length":315,"Height":63,"Demand":13,"DemandMax":null,"Value":7029},{"Length":327,"Height":451,"Demand":11,"DemandMax":null,"Value":53893},{"Length":240,"Height":435,"Demand":37,"DemandMax":null,"Value":42547},{"Length":458,"Height":360,"Demand":41,"DemandMax":null,"Value":49860},{"Length":299,"Height":221,"Demand":35,"DemandMax":null,"Value":36869},{"Length":223,"Height":111,"Demand":6,"DemandMax":null,"Value":17573},{"Length":455,"Height":345,"Demand":3,"DemandMax":null,"Value":83392},{"Length":428,"Height":223,"Demand":3,"DemandMax":null,"Value":36900},{"Length":269,"Height":443,"Demand":42,"DemandMax":null,"Value":78532},{"Length":436,"Height":166,"Demand":39,"DemandMax":null,"Value":49680},{"Length":133,"Height":254,"Demand":37,"DemandMax":null,"Value":25008},{"Length":160,"Height":326,"Demand":23,"DemandMax":null,"Value":21466},{"Length":222,"Height":495,"Demand":18,"DemandMax":null,"Value":46845},{"Length":163,"Height":274,"Demand":13,"DemandMax":null,"Value":20767},{"Length":322,"Height":480,"Demand":41,"DemandMax":null,"Value":53156},{"Length":377,"Height":256,"Demand":28,"DemandMax":null,"Value":71453},{"Length":94,"Height":211,"Demand":49,"DemandMax":null,"Value":12820},{"Length":236,"Height":438,"Demand":31,"DemandMax":null,"Value":31763},{"Length":407,"Height":495,"Demand":5,"DemandMax":null,"Value":89316},{"Length":195,"Height":232,"Demand":45,"DemandMax":null,"Value":29943},{"Length":167,"Height":96,"Demand":2,"DemandMax":null,"Value":6841},{"Length":405,"Height":355,"Demand":40,"DemandMax":null,"Value":103395},{"Length":485,"Height":481,"Demand":12,"DemandMax":null,"Value":66680},{"Length":161,"Height":316,"Demand":9,"DemandMax":null,"Value":19805},{"Length":98,"Height":172,"Demand":33,"DemandMax":null,"Value":8627},{"Length":269,"Height":476,"Demand":38,"DemandMax":null,"Value":72368},{"Length":417,"Height":451,"Demand":45,"DemandMax":null,"Value":138031},{"Length":444,"Height":180,"Demand":27,"DemandMax":null,"Value":57247},{"Length":365,"Height":266,"Demand":30,"DemandMax":null,"Value":60900},{"Length":177,"Height":77,"Demand":30,"DemandMax":null,"Value":8155},{"Length":335,"Height":263,"Demand":10,"DemandMax":null,"Value":43074},{"Length":478,"Height":248,"Demand":43,"DemandMax":null,"Value":48420},{"Length":232,"Height":239,"Demand":50,"DemandMax":null,"Value":34278},{"Length":415,"Height":429,"Demand":44,"DemandMax":null,"Value":108212},{"Length":443,"Height":481,"Demand":48,"DemandMax":null,"Value":98011},{"Length":311,"Height":284,"Demand":34,"DemandMax":null,"Value":58129},{"Length":62,"Height":240,"Demand":4,"DemandMax":null,"Value":5908},{"Length":380,"Height":295,"Demand":12,"DemandMax":null,"Value":71501},{"Length":385,"Height":232,"Demand":47,"DemandMax":null,"Value":37493},{"Length":64,"Height":272,"Demand":41,"DemandMax":null,"Value":11855},{"Length":304,"Height":364,"Demand":2,"DemandMax":null,"Value":51616},{"Length":127,"Height":374,"Demand":8,"DemandMax":null,"Value":22864},{"Length":72,"Height":90,"Demand":47,"DemandMax":null,"Value":2179},{"Length":441,"Height":125,"Demand":7,"DemandMax":null,"Value":15558},{"Length":461,"Height":238,"Demand":16,"DemandMax":null,"Value":58506},{"Length":135,"Height":322,"Demand":48,"DemandMax":null,"Value":17436},{"Length":450,"Height":298,"Demand":28,"DemandMax":null,"Value":70063},{"Length":257,"Height":360,"Demand":28,"DemandMax":null,"Value":43536},{"Length":263,"Height":188,"Demand":18,"DemandMax":null,"Value":23665},{"Length":308,"Height":485,"Demand":4,"DemandMax":null,"Value":41975},{"Length":230,"Height":118,"Demand":29,"DemandMax":null,"Value":13396},{"Length":218,"Height":285,"Demand":37,"DemandMax":null,"Value":27858},{"Length":80,"Height":454,"Demand":45,"DemandMax":null,"Value":25443},{"Length":384,"Height":493,"Demand":43,"DemandMax":null,"Value":125293},{"Length":135,"Height":291,"Demand":46,"DemandMax":null,"Value":26458},{"Length":378,"Height":331,"Demand":33,"DemandMax":null,"Value":69555},{"Length":71,"Height":86,"Demand":11,"DemandMax":null,"Value":3625},{"Length":59,"Height":137,"Demand":22,"DemandMax":null,"Value":2939},{"Length":321,"Height":484,"Demand":49,"DemandMax":null,"Value":52790},{"Length":494,"Height":114,"Demand":15,"DemandMax":null,"Value":28016},{"Length":62,"Height":116,"Demand":7,"DemandMax":null,"Value":4912},{"Length":95,"Height":54,"Demand":8,"DemandMax":null,"Value":3323},{"Length":278,"Height":431,"Demand":22,"DemandMax":null,"Value":53833},{"Length":159,"Height":234,"Demand":48,"DemandMax":null,"Value":15936},{"Length":101,"Height":474,"Demand":20,"DemandMax":null,"Value":32349},{"Length":468,"Height":442,"Demand":19,"DemandMax":null,"Value":128890},{"Length":376,"Height":241,"Demand":5,"DemandMax":null,"Value":66485},{"Length":301,"Height":274,"Demand":9,"DemandMax":null,"Value":60194},{"Length":90,"Height":191,"Demand":4,"DemandMax":null,"Value":7711},{"Length":425,"Height":291,"Demand":34,"DemandMax":null,"Value":42961},{"Length":400,"Height":59,"Demand":8,"DemandMax":null,"Value":16673},{"Length":192,"Height":112,"Demand":33,"DemandMax":null,"Value":11855},{"Length":227,"Height":270,"Demand":28,"DemandMax":null,"Value":45026},{"Length":123,"Height":304,"Demand":35,"DemandMax":null,"Value":12291},{"Length":102,"Height":376,"Demand":15,"DemandMax":null,"Value":18083},{"Length":144,"Height":169,"Demand":32,"DemandMax":null,"Value":10865},{"Length":213,"Height":301,"Demand":46,"DemandMax":null,"Value":33738},{"Length":142,"Height":278,"Demand":11,"DemandMax":null,"Value":14973},{"Length":257,"Height":475,"Demand":45,"DemandMax":null,"Value":57892},{"Length":411,"Height":493,"Demand":37,"DemandMax":null,"Value":138360},{"Length":324,"Height":365,"Demand":19,"DemandMax":null,"Value":54325},{"Length":361,"Height":425,"Demand":4,"DemandMax":null,"Value":80548},{"Length":244,"Height":380,"Demand":3,"DemandMax":null,"Value":54292},{"Length":175,"Height":156,"Demand":34,"DemandMax":null,"Value":15077},{"Length":471,"Height":195,"Demand":12,"DemandMax":null,"Value":63841},{"Length":341,"Height":118,"Demand":22,"DemandMax":null,"Value":17044},{"Length":107,"Height":175,"Demand":24,"DemandMax":null,"Value":12351},{"Length":206,"Height":469,"Demand":12,"DemandMax":null,"Value":25135},{"Length":378,"Height":394,"Demand":8,"DemandMax":null,"Value":83932},{"Length":445,"Height":374,"Demand":38,"DemandMax":null,"Value":82358},{"Length":399,"Height":265,"Demand":44,"DemandMax":null,"Value":48172},{"Length":446,"Height":434,"Demand":26,"DemandMax":null,"Value":139827},{"Length":134,"Height":374,"Demand":25,"DemandMax":null,"Value":24385},{"Length":440,"Height":411,"Demand":19,"DemandMax":null,"Value":129487},{"Length":126,"Height":51,"Demand":10,"DemandMax":null,"Value":3629},{"Length":172,"Height":98,"Demand":2,"DemandMax":null,"Value":5850},{"Length":199,"Height":68,"Demand":8,"DemandMax":null,"Value":6005},{"Length":224,"Height":450,"Demand":42,"DemandMax":null,"Value":28719},{"Length":487,"Height":389,"Demand":6,"DemandMax":null,"Value":138816},{"Length":95,"Height":217,"Demand":37,"DemandMax":null,"Value":12997},{"Length":139,"Height":78,"Demand":37,"DemandMax":null,"Value":5408},{"Length":303,"Height":197,"Demand":35,"DemandMax":null,"Value":36103},{"Length":330,"Height":97,"Demand":12,"DemandMax":null,"Value":22972},{"Length":82,"Height":397,"Demand":16,"DemandMax":null,"Value":20953},{"Length":90,"Height":112,"Demand":25,"DemandMax":null,"Value":6554},{"Length":375,"Height":218,"Demand":16,"DemandMax":null,"Value":23990},{"Length":476,"Height":441,"Demand":9,"DemandMax":null,"Value":120860},{"Length":416,"Height":335,"Demand":4,"DemandMax":null,"Value":103093},{"Length":195,"Height":273,"Demand":10,"DemandMax":null,"Value":27871},{"Length":396,"Height":144,"Demand":16,"DemandMax":null,"Value":38188},{"Length":112,"Height":215,"Demand":20,"DemandMax":null,"Value":12372},{"Length":295,"Height":455,"Demand":31,"DemandMax":null,"Value":74960},{"Length":221,"Height":105,"Demand":39,"DemandMax":null,"Value":15543}]}