{"Name":"1B-4","Objects":[{"Length":2306,"Height":1339,"Stock":null,"Cost":3087734}],"Items":[{"Length":305,"Height":471,"Demand":31,"DemandMax":null,"Value":88510},{"Length":393,"Height":194,"Demand":10,"DemandMax":null,"Value":45702},{"Length":160,"Height":71,"Demand":30,"DemandMax":null,"Value":7525},{"Length":132,"Height":223,"Demand":41,"DemandMax":null,"Value":10833},{"Length":467,"Height":444,"Demand":36,"DemandMax":null,"Value":107295},{"Length":224,"Height":136,"Demand":30,"DemandMax":null,"Value":20431},{"Length":189,"Height":251,"Demand":9,"DemandMax":null,"Value":21641},{"Length":54,"Height":460,"Demand":15,"DemandMax":null,"Value":11566},{"Length":452,"Height":433,"Demand":11,"DemandMax":null,"Value":55807},{"Length":330,"Height":255,"Demand":16,"DemandMax":null,"Value":58478},{"Length":403,"Height":303,"Demand":37,"DemandMax":null,"Value":45782},{"Length":169,"Height":214,"Demand":48,"DemandMax":null,"Value":11347},{"Length":213,"Height":254,"Demand":45,"DemandMax":null,"Value":37352},{"Length":329,"Height":329,"Demand":43,"DemandMax":null,"Value":37055},{"Length":133,"Height":303,"Demand":5,"DemandMax":null,"Value":28513},{"Length":63,"Height":370,"Demand":47,"DemandMax":null,"Value":9291},{"Length":391,"Height":458,"Demand":27,"DemandMax":null,"Value":83479},{"Length":346,"Height":135,"Demand":14,"DemandMax":null,"Value":27512},{"Length":298,"Height":438,"Demand":6,"DemandMax":null,"Value":32703},{"Length":69,"Height":230,"Demand":1,"DemandMax":null,"Value":6442},{"Length":379,"Height":175,"Demand":34,"DemandMax":null,"Value":38405},{"Length":337,"Height":137,"Demand":15,"DemandMax":null,"Value":32971},{"Length":89,"Height":133,"Demand":12,"DemandMax":null,"Value":4491},{"Length":254,"Height":181,"Demand":41,"DemandMax":null,"Value":14714},{"Length":79,"Height":211,"Demand":4,"DemandMax":null,"Value":8236},{"Length":61,"Height":348,"Demand":48,"DemandMax":null,"Value":6746},{"Length":269,"Height":402,"Demand":42,"DemandMax":null,"Value":60334},{"Length":252,"Height":123,"Demand":42,"DemandMax":null,"Value":21938},{"Length":461,"Height":387,"Demand":34,"DemandMax":null,"Value":68921},{"Length":377,"Height":252,"Demand":40,"DemandMax":null,"Value":47455},{"Length":220,"Height":294,"Demand":32,"DemandMax":null,"Value":23577},{"Length":293,"Height":262,"Demand":30,"DemandMax":null,"Value":34716},{"Length":72,"Height":151,"Demand":24,"DemandMax":null,"Value":5446},{"Length":50,"Height":206,"Demand":24,"DemandMax":null,"Value":6067},{"Length":403,"Height":190,"Demand":14,"DemandMax":null,"Value":27804},{"Length":413,"Height":284,"Demand":40,"DemandMax":null,"Value":53102},{"Length":171,"Height":423,"Demand":47,"DemandMax":null,"Value":44626},{"Length":433,"Height":432,"Demand":30,"DemandMax":null,"Value":106442},{"Length":56,"Height":137,"Demand":27,"DemandMax":null,"Value":3045},{"Length":439,"Height":362,"Demand":1,"DemandMax":null,"Value":88343},{"Length":325,"Height":411,"Demand":15,"DemandMax":null,"Value":42187},{"Length":50,"Height":286,"Demand":44,"DemandMax":null,"Value":8310},{"Length":442,"Height":100,"Demand":14,"DemandMax":null,"Value":27985},{"Length":431,"Height":462,"Demand":32,"DemandMax":null,"Value":146151},{"Length":294,"Height":435,"Demand":29,"DemandMax":null,"Value":65119},{"Length":482,"Height":203,"Demand":20,"DemandMax":null,"Value":64126},{"Length":325,"Height":225,"Demand":35,"DemandMax":null,"Value":31944},{"Length":126,"Height":488,"Demand":37,"DemandMax":null,"Value":16959},{"Length":398,"Height":401,"Demand":21,"DemandMax":null,"Value":68352},{"Length":136,"Height":459,"Demand":44,"DemandMax":null,"Value":34594}]}