{"Name":"2B-2","Objects":[{"Length":2009,"Height":1458,"Stock":null,"Cost":2929122}],"Items":[{"Length":190,"Height":441,"Demand":34,"DemandMax":null,"Value":21345},{"Length":325,"Height":208,"Demand":9,"DemandMax":null,"Value":48984},{"Length":75,"Height":355,"Demand":3,"DemandMax":null,"Value":17152},{"Length":203,"Height":372,"Demand":38,"DemandMax":null,"Value":30913},{"Length":132,"Height":58,"Demand":31,"DemandMax":null,"Value":1972},{"Length":242,"Height":477,"Demand":37,"DemandMax":null,"Value":44477},{"Length":200,"Height":465,"Demand":48,"DemandMax":null,"Value":39529},{"Length":198,"Height":209,"Demand":43,"DemandMax":null,"Value":19309},{"Length":396,"Height":307,"Demand":8,"DemandMax":null,"Value":39056},{"Length":476,"Height":139,"Demand":26,"DemandMax":null,"Value":45268},{"Length":85,"Height":291,"Demand":16,"DemandMax":null,"Value":11624},{"Length":370,"Height":132,"Demand":34,"DemandMax":null,"Value":13387},{"Length":140,"Height":400,"Demand":41,"DemandMax":null,"Value":15253},{"Length":340,"Height":197,"Demand":9,"DemandMax":null,"Value":40818},{"Length":419,"Height":219,"Demand":11,"DemandMax":null,"Value":60579},{"Length":286,"Height":280,"Demand":28,"DemandMax":null,"Value":32053},{"Length":484,"Height":330,"Demand":9,"DemandMax":null,"Value":82927},{"Length":387,"Height":122,"Demand":6,"DemandMax":null,"Value":16320},{"Length":175,"Height":120,"Demand":3,"DemandMax":null,"Value":9735},{"Length":462,"Height":122,"Demand":37,"DemandMax":null,"Value":35306},{"Length":152,"Height":164,"Demand":27,"DemandMax":null,"Value":10303},{"Length":252,"Height":478,"Demand":2,"DemandMax":null,"Value":60418},{"Length":214,"Height":295,"Demand":38,"DemandMax":null,"Value":19837},{"Length":157,"Height":188,"Demand":1,"DemandMax":null,"Value":18304},{"Length":126,"Height":71,"Demand":24,"DemandMax":null,"Value":2611},{"Length":485,"Height":177,"Demand":2,"DemandMax":null,"Value":25357},{"Length":303,"Height":102,"Demand":42,"DemandMax":null,"Value":19108},{"Length":65,"Height":404,"Demand":27,"DemandMax":null,"Value":19195},{"Length":349,"Height":222,"Demand":44,"DemandMax":null,"Value":50644},{"Length":359,"Height":461,"Demand":39,"DemandMax":null,"Value":56133},{"Length":146,"Height":238,"Demand":49,"DemandMax":null,"Value":16102},{"Length":192,"Height":483,"Demand":17,"DemandMax":null,"Value":62427},{"Length":74,"Height":323,"Demand":10,"DemandMax":null,"Value":16069},{"Length":478,"Height":494,"Demand":44,"DemandMax":null,"Value":97375},{"Length":379,"Height":492,"Demand":49,"DemandMax":null,"Value":67357},{"Length":77,"Height":441,"Demand":15,"DemandMax":null,"Value":20802},{"Length":183,"Height":162,"Demand":3,"DemandMax":null,"Value":14794},{"Length":368,"Height":278,"Demand":6,"DemandMax":null,"Value":37357},{"Length":168,"Height":279,"Demand":48,"DemandMax":null,"Value":28095},{"Length":188,"Height":390,"Demand":5,"DemandMax":null,"Value":30937},{"Length":185,"Height":55,"Demand":6,"DemandMax":null,"Value":5688},{"Length":350,"Height":273,"Demand":50,"DemandMax":null,"Value":51820},{"Length":443,"Height":66,"Demand":19,"DemandMax":null,"Value":15569},{"Length":397,"Height":365,"Demand":44,"DemandMax":null,"Value":89946},{"Length":360,"Height":308,"Demand":24,"DemandMax":null,"Value":32593},{"Length":102,"Height":373,"Demand":34,"DemandMax":null,"Value":14011},{"Length":379,"Height":222,"Demand":42,"DemandMax":null,"Value":32760},{"Length":228,"Height":242,"Demand":19,"DemandMax":null,"Value":14652},{"Length":415,"Height":376,"Demand":19,"DemandMax":null,"Value":86400},{"Length":64,"Height":228,"Demand":5,"DemandMax":null,"Value":7060},{"Length":212,"Height":324,"Demand":14,"DemandMax":null,"Value":29231},{"Length":370,"Height":62,"Demand":46,"DemandMax":null,"Value":7022},{"Length":157,"Height":437,"Demand":21,"DemandMax":null,"Value":40549},{"Length":358,"Height":423,"Demand":13,"DemandMax":null,"Value":87145},{"Length":268,"Height":421,"Demand":33,"DemandMax":null,"Value":56191},{"Length":252,"Height":359,"Demand":5,"DemandMax":null,"Value":60858},{"Length":306,"Height":232,"Demand":7,"DemandMax":null,"Value":25662},{"Length":212,"Height":184,"Demand":34,"DemandMax":null,"Value":11207},{"Length":266,"Height":82,"Demand":22,"DemandMax":null,"Value":8535},{"Length":185,"Height":107,"Demand":50,"DemandMax":null,"Value":12086},{"Length":415,"Height":110,"Demand":15,"DemandMax":null,"Value":26592},{"Length":213,"Height":128,"Demand":38,"DemandMax":null,"Value":9737},{"Length":493,"Height":329,"Demand":4,"DemandMax":null,"Value":76635},{"Length":139,"Height":442,"Demand":6,"DemandMax":null,"Value":32403},{"Length":94,"Height":491,"Demand":26,"DemandMax":null,"Value":11727},{"Length":480,"Height":341,"Demand":44,"DemandMax":null,"Value":59944},{"Length":360,"Height":237,"Demand":3,"DemandMax":null,"Value":42973},{"Length":88,"Height":59,"Demand":6,"DemandMax":null,"Value":1914},{"Length":73,"Height":198,"Demand":30,"DemandMax":null,"Value":8595},{"Length":238,"Height":490,"Demand":30,"DemandMax":null,"Value":86830},{"Length":428,"Height":486,"Demand":19,"DemandMax":null,"Value":143424},{"Length":286,"Height":365,"Demand":40,"DemandMax":null,"Value":29992},{"Length":304,"Height":200,"Demand":19,"DemandMax":null,"Value":36177},{"Length":416,"Height":342,"Demand":9,"DemandMax":null,"Value":59896},{"Length":270,"Height":271,"Demand":11,"DemandMax":null,"Value":21102},{"Length":89,"Height":408,"Demand":5,"DemandMax":null,"Value":22605},{"Length":174,"Height":181,"Demand":18,"DemandMax":null,"Value":20281},{"Length":372,"Height":217,"Demand":2,"DemandMax":null,"Value":20994},{"Length":54,"Height":282,"Demand":22,"DemandMax":null,"Value":5562},{"Length":457,"Height":133,"Demand":27,"DemandMax":null,"Value":27609},{"Length":280,"Height":327,"Demand":36,"DemandMax":null,"Value":39147},{"Length":254,"Height":192,"Demand":22,"DemandMax":null,"Value":32932},{"Length":470,"Height":428,"Demand":5,"DemandMax":null,"Value":103387},{"Length":189,"Height":82,"Demand":10,"DemandMax":null,"Value":11597},{"Length":55,"Height":232,"Demand":19,"DemandMax":null,"Value":7104},{"Length":99,"Height":268,"Demand":38,"DemandMax":null,"Value":14849},{"Length":326,"Height":55,"Demand":6,"DemandMax":null,"Value":11254},{"Length":478,"Height":334,"Demand":19,"DemandMax":null,"Value":57078},{"Length":132,"Height":137,"Demand":27,"DemandMax":null,"Value":11305},{"Length":444,"Height":339,"Demand":48,"DemandMax":null,"Value":63941},{"Length":392,"Height":132,"Demand":34,"DemandMax":null,"Value":28202},{"Length":197,"Height":308,"Demand":47,"DemandMax":null,"Value":24023},{"Length":124,"Height":432,"Demand":1,"DemandMax":null,"Value":34854},{"Length":480,"Height":360,"Demand":21,"DemandMax":null,"Value":67039},{"Length":219,"Height":319,"Demand":16,"DemandMax":null,"Value":45474},{"Length":87,"Height":412,"Demand":44,"DemandMax":null,"Value":26868},{"Length":284,"Height":147,"Demand":26,"DemandMax":null,"Value":25225},{"Length":340,"Height":460,"Demand":34,"DemandMax":null,"Value":62369},{"Length":111,"Height":275,"Demand":7,"DemandMax":null,"Value":7895},{"Length":70,"Height":433,"Demand":41,"DemandMax":null,"Value":22468}]}