{"Name":"j1","Objects":[{"Length":40,"Height":15,"Stock":null,"Cost":600}],"Items":[{"Length":12,"Height":6,"Demand":1,"DemandMax":null,"Value":72},{"Length":4,"Height":7,"Demand":1,"DemandMax":null,"Value":28},{"Length":6,"Height":7,"Demand":1,"DemandMax":null,"Value":42},{"Length":10,"Height":2,"Demand":1,"DemandMax":null,"Value":20},{"Length":2,"Height":5,"Demand":2,"DemandMax":null,"Value":10},{"Length":6,"Height":4,"Demand":2,"DemandMax":null,"Value":24},{"Length":4,"Height":2,"Demand":1,"DemandMax":null,"Value":8},{"Length":4,"Height":6,"Demand":2,"DemandMax":null,"Value":24},{"Length":7,"Height":9,"Demand":1,"DemandMax":null,"Value":63},{"Length":4,"Height":5,"Demand":2,"DemandMax":null,"Value":20},{"Length":6,"Height":3,"Demand":2,"DemandMax":null,"Value":18},{"Length":2,"Height":4,"Demand":2,"DemandMax":null,"Value":8},{"Length":8,"Height":4,"Demand":1,"DemandMax":null,"Value":32},{"Length":8,"Height":6,"Demand":1,"DemandMax":null,"Value":48},{"Length":8,"Height":3,"Demand":1,"DemandMax":null,"Value":24},{"Length":2,"Height":6,"Demand":1,"DemandMax":null,"Value":12},{"Length":8,"Height":2,"Demand":1,"DemandMax":null,"Value":16},{"Length":3,"Height":5,"Demand":1,"DemandMax":null,"Value":15},{"Length":3,"Height":4,"Demand":1,"DemandMax":null,"Value":12}]}