{"Name":"JAKOBS2","Objects":[{"Length":70,"Height":80,"Stock":null,"Cost":5600}],"Items":[{"Length":29,"Height":8,"Demand":3,"DemandMax":null,"Value":232},{"Length":12,"Height":16,"Demand":2,"DemandMax":null,"Value":192},{"Length":5,"Height":12,"Demand":1,"DemandMax":null,"Value":60},{"Length":22,"Height":18,"Demand":2,"DemandMax":null,"Value":396},{"Length":19,"Height":16,"Demand":2,"DemandMax":null,"Value":304},{"Length":19,"Height":4,"Demand":1,"DemandMax":null,"Value":76},{"Length":15,"Height":4,"Demand":2,"DemandMax":null,"Value":60},{"Length":16,"Height":20,"Demand":2,"DemandMax":null,"Value":320},{"Length":9,"Height":36,"Demand":1,"DemandMax":null,"Value":324},{"Length":25,"Height":4,"Demand":1,"DemandMax":null,"Value":100},{"Length":29,"Height":14,"Demand":1,"DemandMax":null,"Value":406},{"Length":29,"Height":5,"Demand":1,"DemandMax":null,"Value":145},{"Length":16,"Height":19,"Demand":1,"DemandMax":null,"Value":304},{"Length":23,"Height":21,"Demand":1,"DemandMax":null,"Value":483},{"Length":22,"Height":4,"Demand":2,"DemandMax":null,"Value":88},{"Length":11,"Height":13,"Demand":2,"DemandMax":null,"Value":143}]}