{"Name":"E07F15","Objects":[{"Length":20,"Height":20,"Stock":null,"Cost":400}],"Items":[{"Length":2,"Height":10,"Demand":1,"DemandMax":null,"Value":20},{"Length":4,"Height":3,"Demand":1,"DemandMax":null,"Value":12},{"Length":11,"Height":4,"Demand":1,"DemandMax":null,"Value":44},{"Length":1,"Height":3,"Demand":2,"DemandMax":null,"Value":3},{"Length":2,"Height":8,"Demand":1,"DemandMax":null,"Value":16},{"Length":13,"Height":5,"Demand":1,"DemandMax":null,"Value":65},{"Length":2,"Height":20,"Demand":1,"DemandMax":null,"Value":40},{"Length":1,"Height":15,"Demand":1,"DemandMax":null,"Value":15},{"Length":8,"Height":4,"Demand":1,"DemandMax":null,"Value":32},{"Length":2,"Height":17,"Demand":1,"DemandMax":null,"Value":34},{"Length":12,"Height":4,"Demand":1,"DemandMax":null,"Value":28},{"Length":1,"Height":5,"Demand":1,"DemandMax":null,"Value":5},{"Length":1,"Height":7,"Demand":1,"DemandMax":null,"Value":7},{"Length":3,"Height":10,"Demand":1,"DemandMax":null,"Value":30}]}