{"Name":"E04F15","Objects":[{"Length":20,"Height":20,"Stock":null,"Cost":400}],"Items":[{"Length":3,"Height":13,"Demand":1,"DemandMax":null,"Value":39},{"Length":7,"Height":8,"Demand":1,"DemandMax":null,"Value":56},{"Length":5,"Height":13,"Demand":1,"DemandMax":null,"Value":65},{"Length":13,"Height":4,"Demand":1,"DemandMax":null,"Value":52},{"Length":7,"Height":2,"Demand":2,"DemandMax":null,"Value":14},{"Length":3,"Height":9,"Demand":1,"DemandMax":null,"Value":27},{"Length":10,"Height":4,"Demand":1,"DemandMax":null,"Value":40},{"Length":13,"Height":2,"Demand":1,"DemandMax":null,"Value":26},{"Length":9,"Height":3,"Demand":1,"DemandMax":null,"Value":27},{"Length":2,"Height":2,"Demand":1,"DemandMax":null,"Value":4},{"Length":1,"Height":3,"Demand":2,"DemandMax":null,"Value":3},{"Length":1,"Height":5,"Demand":1,"DemandMax":null,"Value":5},{"Length":1,"Height":9,"Demand":1,"DemandMax":null,"Value":9}]}