{"Name":"E04F20","Objects":[{"Length":20,"Height":20,"Stock":null,"Cost":400}],"Items":[{"Length":4,"Height":13,"Demand":1,"DemandMax":null,"Value":52},{"Length":1,"Height":17,"Demand":1,"DemandMax":null,"Value":17},{"Length":3,"Height":11,"Demand":1,"DemandMax":null,"Value":33},{"Length":9,"Height":7,"Demand":1,"DemandMax":null,"Value":63},{"Length":7,"Height":7,"Demand":1,"DemandMax":null,"Value":49},{"Length":1,"Height":13,"Demand":2,"DemandMax":null,"Value":13},{"Length":6,"Height":5,"Demand":1,"DemandMax":null,"Value":30},{"Length":17,"Height":2,"Demand":1,"DemandMax":null,"Value":34},{"Length":1,"Height":3,"Demand":3,"DemandMax":null,"Value":3},{"Length":1,"Height":5,"Demand":1,"DemandMax":null,"Value":5},{"Length":3,"Height":3,"Demand":1,"DemandMax":null,"Value":9},{"Length":1,"Height":10,"Demand":2,"DemandMax":null,"Value":10},{"Length":2,"Height":4,"Demand":1,"DemandMax":null,"Value":8},{"Length":8,"Height":2,"Demand":1,"DemandMax":null,"Value":16},{"Length":2,"Height":2,"Demand":1,"DemandMax":null,"Value":4},{"Length":1,"Height":9,"Demand":1,"DemandMax":null,"Value":9}]}