{"Name":"E04N18","Objects":[{"Length":20,"Height":20,"Stock":null,"Cost":400}],"Items":[{"Length":1,"Height":20,"Demand":2,"DemandMax":null,"Value":20},{"Length":2,"Height":4,"Demand":1,"DemandMax":null,"Value":8},{"Length":11,"Height":6,"Demand":1,"DemandMax":null,"Value":66},{"Length":5,"Height":10,"Demand":1,"DemandMax":null,"Value":50},{"Length":7,"Height":3,"Demand":1,"DemandMax":null,"Value":21},{"Length":17,"Height":3,"Demand":1,"DemandMax":null,"Value":51},{"Length":12,"Height":4,"Demand":1,"DemandMax":null,"Value":48},{"Length":2,"Height":15,"Demand":1,"DemandMax":null,"Value":30},{"Length":17,"Height":2,"Demand":1,"DemandMax":null,"Value":34},{"Length":1,"Height":3,"Demand":3,"DemandMax":null,"Value":3},{"Length":1,"Height":2,"Demand":1,"DemandMax":null,"Value":2},{"Length":1,"Height":4,"Demand":3,"DemandMax":null,"Value":4},{"Length":1,"Height":14,"Demand":1,"DemandMax":null,"Value":14}]}