{"Name":"E08F15","Objects":[{"Length":20,"Height":20,"Stock":null,"Cost":400}],"Items":[{"Length":1,"Height":17,"Demand":1,"DemandMax":null,"Value":17},{"Length":9,"Height":5,"Demand":1,"DemandMax":null,"Value":45},{"Length":4,"Height":13,"Demand":1,"DemandMax":null,"Value":52},{"Length":4,"Height":4,"Demand":1,"DemandMax":null,"Value":16},{"Length":7,"Height":5,"Demand":1,"DemandMax":null,"Value":35},{"Length":1,"Height":12,"Demand":1,"DemandMax":null,"Value":12},{"Length":8,"Height":8,"Demand":1,"DemandMax":null,"Value":64},{"Length":7,"Height":8,"Demand":1,"DemandMax":null,"Value":56},{"Length":1,"Height":9,"Demand":2,"DemandMax":null,"Value":9},{"Length":2,"Height":15,"Demand":1,"DemandMax":null,"Value":30},{"Length":1,"Height":3,"Demand":1,"DemandMax":null,"Value":3},{"Length":2,"Height":3,"Demand":1,"DemandMax":null,"Value":6},{"Length":5,"Height":2,"Demand":1,"DemandMax":null,"Value":10},{"Length":2,"Height":2,"Demand":1,"DemandMax":null,"Value":4}]}