{"Name":"E05F15","Objects":[{"Length":20,"Height":20,"Stock":null,"Cost":400}],"Items":[{"Length":1,"Height":11,"Demand":1,"DemandMax":null,"Value":11},{"Length":11,"Height":5,"Demand":1,"DemandMax":null,"Value":55},{"Length":6,"Height":8,"Demand":1,"DemandMax":null,"Value":48},{"Length":2,"Height":9,"Demand":1,"DemandMax":null,"Value":18},{"Length":10,"Height":5,"Demand":1,"DemandMax":null,"Value":50},{"Length":1,"Height":2,"Demand":2,"DemandMax":null,"Value":2},{"Length":1,"Height":3,"Demand":1,"DemandMax":null,"Value":3},{"Length":15,"Height":2,"Demand":1,"DemandMax":null,"Value":30},{"Length":13,"Height":5,"Demand":1,"DemandMax":null,"Value":65},{"Length":7,"Height":5,"Demand":1,"DemandMax":null,"Value":35},{"Length":19,"Height":2,"Demand":1,"DemandMax":null,"Value":38},{"Length":4,"Height":2,"Demand":1,"DemandMax":null,"Value":8},{"Length":1,"Height":6,"Demand":1,"DemandMax":null,"Value":6},{"Length":1,"Height":9,"Demand":1,"DemandMax":null,"Value":9}]}