{"Name":"E05N17","Objects":[{"Length":20,"Height":20,"Stock":null,"Cost":400}],"Items":[{"Length":1,"Height":13,"Demand":3,"DemandMax":null,"Value":13},{"Length":3,"Height":13,"Demand":1,"DemandMax":null,"Value":39},{"Length":19,"Height":3,"Demand":1,"DemandMax":null,"Value":57},{"Length":13,"Height":3,"Demand":1,"DemandMax":null,"Value":39},{"Length":1,"Height":20,"Demand":1,"DemandMax":null,"Value":20},{"Length":10,"Height":5,"Demand":1,"DemandMax":null,"Value":50},{"Length":13,"Height":5,"Demand":1,"DemandMax":null,"Value":65},{"Length":5,"Height":6,"Demand":1,"DemandMax":null,"Value":30},{"Length":4,"Height":5,"Demand":1,"DemandMax":null,"Value":20},{"Length":3,"Height":2,"Demand":1,"DemandMax":null,"Value":6},{"Length":2,"Height":2,"Demand":1,"DemandMax":null,"Value":4},{"Length":1,"Height":4,"Demand":1,"DemandMax":null,"Value":4},{"Length":1,"Height":3,"Demand":2,"DemandMax":null,"Value":3},{"Length":1,"Height":2,"Demand":1,"DemandMax":null,"Value":2}]}