{"Name":"E13N10","Objects":[{"Length":20,"Height":20,"Stock":null,"Cost":400}],"Items":[{"Length":1,"Height":3,"Demand":1,"DemandMax":null,"Value":3},{"Length":2,"Height":12,"Demand":1,"DemandMax":null,"Value":24},{"Length":17,"Height":3,"Demand":1,"DemandMax":null,"Value":51},{"Length":11,"Height":3,"Demand":1,"DemandMax":null,"Value":33},{"Length":5,"Height":12,"Demand":1,"DemandMax":null,"Value":60},{"Length":10,"Height":3,"Demand":1,"DemandMax":null,"Value":30},{"Length":4,"Height":12,"Demand":1,"DemandMax":null,"Value":48},{"Length":8,"Height":8,"Demand":1,"DemandMax":null,"Value":64},{"Length":1,"Height":2,"Demand":1,"DemandMax":null,"Value":2},{"Length":3,"Height":11,"Demand":1,"DemandMax":null,"Value":33}]}