{"Name":"E08N15","Objects":[{"Length":20,"Height":20,"Stock":null,"Cost":400}],"Items":[{"Length":7,"Height":7,"Demand":2,"DemandMax":null,"Value":49},{"Length":4,"Height":13,"Demand":1,"DemandMax":null,"Value":52},{"Length":13,"Height":4,"Demand":1,"DemandMax":null,"Value":52},{"Length":3,"Height":17,"Demand":1,"DemandMax":null,"Value":44},{"Length":1,"Height":20,"Demand":1,"DemandMax":null,"Value":20},{"Length":16,"Height":3,"Demand":1,"DemandMax":null,"Value":48},{"Length":1,"Height":10,"Demand":1,"DemandMax":null,"Value":10},{"Length":1,"Height":8,"Demand":1,"DemandMax":null,"Value":8},{"Length":1,"Height":5,"Demand":2,"DemandMax":null,"Value":10},{"Length":1,"Height":3,"Demand":1,"DemandMax":null,"Value":3},{"Length":1,"Height":4,"Demand":2,"DemandMax":null,"Value":4},{"Length":3,"Height":3,"Demand":1,"DemandMax":null,"Value":9}]}