{"Name":"E15N10","Objects":[{"Length":20,"Height":20,"Stock":null,"Cost":400}],"Items":[{"Length":9,"Height":5,"Demand":1,"DemandMax":null,"Value":45},{"Length":7,"Height":3,"Demand":1,"DemandMax":null,"Value":21},{"Length":2,"Height":17,"Demand":1,"DemandMax":null,"Value":34},{"Length":11,"Height":3,"Demand":1,"DemandMax":null,"Value":33},{"Length":1,"Height":7,"Demand":1,"DemandMax":null,"Value":7},{"Length":9,"Height":7,"Demand":1,"DemandMax":null,"Value":63},{"Length":1,"Height":5,"Demand":1,"DemandMax":null,"Value":5},{"Length":3,"Height":13,"Demand":1,"DemandMax":null,"Value":39},{"Length":1,"Height":2,"Demand":1,"DemandMax":null,"Value":2},{"Length":7,"Height":13,"Demand":1,"DemandMax":null,"Value":91}]}