{"Name":"E03N15","Objects":[{"Length":20,"Height":20,"Stock":null,"Cost":400}],"Items":[{"Length":3,"Height":13,"Demand":1,"DemandMax":null,"Value":39},{"Length":13,"Height":4,"Demand":1,"DemandMax":null,"Value":52},{"Length":1,"Height":4,"Demand":1,"DemandMax":null,"Value":4},{"Length":16,"Height":2,"Demand":1,"DemandMax":null,"Value":32},{"Length":1,"Height":17,"Demand":1,"DemandMax":null,"Value":17},{"Length":3,"Height":9,"Demand":1,"DemandMax":null,"Value":27},{"Length":2,"Height":11,"Demand":1,"DemandMax":null,"Value":22},{"Length":8,"Height":6,"Demand":1,"DemandMax":null,"Value":48},{"Length":6,"Height":11,"Demand":1,"DemandMax":null,"Value":66},{"Length":5,"Height":9,"Demand":1,"DemandMax":null,"Value":45},{"Length":1,"Height":10,"Demand":1,"DemandMax":null,"Value":10},{"Length":3,"Height":3,"Demand":1,"DemandMax":null,"Value":9},{"Length":1,"Height":5,"Demand":1,"DemandMax":null,"Value":5},{"Length":1,"Height":3,"Demand":1,"DemandMax":null,"Value":3},{"Length":1,"Height":9,"Demand":1,"DemandMax":null,"Value":9}]}