{"Name":"E20X15","Objects":[{"Length":20,"Height":20,"Stock":null,"Cost":400}],"Items":[{"Length":17,"Height":3,"Demand":1,"DemandMax":null,"Value":51},{"Length":1,"Height":20,"Demand":1,"DemandMax":null,"Value":20},{"Length":14,"Height":2,"Demand":1,"DemandMax":null,"Value":28},{"Length":7,"Height":7,"Demand":1,"DemandMax":null,"Value":49},{"Length":4,"Height":16,"Demand":1,"DemandMax":null,"Value":64},{"Length":2,"Height":17,"Demand":1,"DemandMax":null,"Value":34},{"Length":3,"Height":2,"Demand":1,"DemandMax":null,"Value":6},{"Length":8,"Height":2,"Demand":1,"DemandMax":null,"Value":16},{"Length":1,"Height":2,"Demand":1,"DemandMax":null,"Value":2},{"Length":4,"Height":6,"Demand":1,"DemandMax":null,"Value":24},{"Length":1,"Height":3,"Demand":2,"DemandMax":null,"Value":3},{"Length":2,"Height":2,"Demand":1,"DemandMax":null,"Value":4},{"Length":1,"Height":5,"Demand":1,"DemandMax":null,"Value":5},{"Length":4,"Height":3,"Demand":1,"DemandMax":null,"Value":12}]}