{"Name":"E02N20","Objects":[{"Length":20,"Height":20,"Stock":null,"Cost":400}],"Items":[{"Length":7,"Height":9,"Demand":1,"DemandMax":null,"Value":63},{"Length":12,"Height":3,"Demand":1,"DemandMax":null,"Value":36},{"Length":1,"Height":18,"Demand":1,"DemandMax":null,"Value":18},{"Length":1,"Height":20,"Demand":1,"DemandMax":null,"Value":20},{"Length":3,"Height":20,"Demand":1,"DemandMax":null,"Value":60},{"Length":9,"Height":7,"Demand":1,"DemandMax":null,"Value":63},{"Length":1,"Height":2,"Demand":4,"DemandMax":null,"Value":2},{"Length":10,"Height":3,"Demand":1,"DemandMax":null,"Value":30},{"Length":1,"Height":6,"Demand":2,"DemandMax":null,"Value":6},{"Length":5,"Height":5,"Demand":1,"DemandMax":null,"Value":25},{"Length":1,"Height":13,"Demand":1,"DemandMax":null,"Value":13},{"Length":4,"Height":2,"Demand":1,"DemandMax":null,"Value":8},{"Length":1,"Height":5,"Demand":1,"DemandMax":null,"Value":5},{"Length":4,"Height":5,"Demand":1,"DemandMax":null,"Value":20},{"Length":2,"Height":2,"Demand":1,"DemandMax":null,"Value":4},{"Length":5,"Height":2,"Demand":1,"DemandMax":null,"Value":10}]}