{"Name":"C1_10_L_9","Objects":[{"Length":100,"Height":100,"Stock":null,"Cost":10000}],"Items":[{"Length":35,"Height":28,"Demand":4,"DemandMax":null,"Value":980},{"Length":43,"Height":47,"Demand":3,"DemandMax":null,"Value":2021},{"Length":37,"Height":62,"Demand":2,"DemandMax":null,"Value":2294},{"Length":57,"Height":35,"Demand":1,"DemandMax":null,"Value":1995},{"Length":47,"Height":68,"Demand":2,"DemandMax":null,"Value":3196},{"Length":38,"Height":67,"Demand":2,"DemandMax":null,"Value":2546},{"Length":73,"Height":44,"Demand":2,"DemandMax":null,"Value":3212},{"Length":71,"Height":26,"Demand":2,"DemandMax":null,"Value":1846},{"Length":25,"Height":71,"Demand":1,"DemandMax":null,"Value":1775},{"Length":44,"Height":66,"Demand":1,"DemandMax":null,"Value":2904}]}