{"Name":"C2_40_S_14","Objects":[{"Length":100,"Height":100,"Stock":null,"Cost":10000}],"Items":[{"Length":11,"Height":11,"Demand":2,"DemandMax":null,"Value":121},{"Length":34,"Height":29,"Demand":1,"DemandMax":null,"Value":986},{"Length":19,"Height":43,"Demand":1,"DemandMax":null,"Value":817},{"Length":21,"Height":35,"Demand":3,"DemandMax":null,"Value":735},{"Length":18,"Height":23,"Demand":4,"DemandMax":null,"Value":414},{"Length":25,"Height":26,"Demand":1,"DemandMax":null,"Value":650},{"Length":48,"Height":12,"Demand":2,"DemandMax":null,"Value":576},{"Length":18,"Height":46,"Demand":3,"DemandMax":null,"Value":828},{"Length":17,"Height":12,"Demand":3,"DemandMax":null,"Value":204},{"Length":25,"Height":13,"Demand":2,"DemandMax":null,"Value":325},{"Length":20,"Height":25,"Demand":2,"DemandMax":null,"Value":500},{"Length":31,"Height":22,"Demand":2,"DemandMax":null,"Value":682},{"Length":45,"Height":48,"Demand":2,"DemandMax":null,"Value":2160},{"Length":47,"Height":14,"Demand":4,"DemandMax":null,"Value":658},{"Length":40,"Height":34,"Demand":2,"DemandMax":null,"Value":1360},{"Length":22,"Height":20,"Demand":2,"DemandMax":null,"Value":440},{"Length":36,"Height":42,"Demand":3,"DemandMax":null,"Value":1512},{"Length":21,"Height":44,"Demand":1,"DemandMax":null,"Value":924},{"Length":13,"Height":10,"Demand":1,"DemandMax":null,"Value":130},{"Length":36,"Height":34,"Demand":2,"DemandMax":null,"Value":1224},{"Length":24,"Height":34,"Demand":4,"DemandMax":null,"Value":816},{"Length":30,"Height":40,"Demand":1,"DemandMax":null,"Value":1200},{"Length":36,"Height":36,"Demand":2,"DemandMax":null,"Value":1296},{"Length":46,"Height":49,"Demand":1,"DemandMax":null,"Value":2254},{"Length":43,"Height":24,"Demand":3,"DemandMax":null,"Value":1032},{"Length":33,"Height":24,"Demand":2,"DemandMax":null,"Value":792},{"Length":27,"Height":32,"Demand":3,"DemandMax":null,"Value":864},{"Length":44,"Height":42,"Demand":2,"DemandMax":null,"Value":1848},{"Length":41,"Height":45,"Demand":1,"DemandMax":null,"Value":1845},{"Length":45,"Height":46,"Demand":2,"DemandMax":null,"Value":2070},{"Length":33,"Height":48,"Demand":1,"DemandMax":null,"Value":1584},{"Length":39,"Height":38,"Demand":4,"DemandMax":null,"Value":1482},{"Length":15,"Height":41,"Demand":4,"DemandMax":null,"Value":615},{"Length":46,"Height":21,"Demand":3,"DemandMax":null,"Value":966},{"Length":13,"Height":15,"Demand":2,"DemandMax":null,"Value":195},{"Length":47,"Height":20,"Demand":2,"DemandMax":null,"Value":940},{"Length":16,"Height":27,"Demand":3,"DemandMax":null,"Value":432},{"Length":24,"Height":20,"Demand":2,"DemandMax":null,"Value":480},{"Length":12,"Height":12,"Demand":2,"DemandMax":null,"Value":144},{"Length":16,"Height":20,"Demand":2,"DemandMax":null,"Value":320}]}