{"Name":"C2_50_L_11","Objects":[{"Length":100,"Height":100,"Stock":null,"Cost":10000}],"Items":[{"Length":68,"Height":70,"Demand":2,"DemandMax":null,"Value":4760},{"Length":44,"Height":27,"Demand":3,"DemandMax":null,"Value":1188},{"Length":52,"Height":65,"Demand":2,"DemandMax":null,"Value":3380},{"Length":61,"Height":60,"Demand":4,"DemandMax":null,"Value":3660},{"Length":33,"Height":44,"Demand":4,"DemandMax":null,"Value":1452},{"Length":34,"Height":29,"Demand":4,"DemandMax":null,"Value":986},{"Length":69,"Height":48,"Demand":1,"DemandMax":null,"Value":3312},{"Length":45,"Height":47,"Demand":4,"DemandMax":null,"Value":2115},{"Length":48,"Height":43,"Demand":1,"DemandMax":null,"Value":2064},{"Length":41,"Height":62,"Demand":3,"DemandMax":null,"Value":2542},{"Length":55,"Height":49,"Demand":3,"DemandMax":null,"Value":2695},{"Length":65,"Height":72,"Demand":4,"DemandMax":null,"Value":4680},{"Length":51,"Height":29,"Demand":4,"DemandMax":null,"Value":1479},{"Length":48,"Height":37,"Demand":3,"DemandMax":null,"Value":1776},{"Length":44,"Height":58,"Demand":2,"DemandMax":null,"Value":2552},{"Length":27,"Height":31,"Demand":2,"DemandMax":null,"Value":837},{"Length":30,"Height":60,"Demand":1,"DemandMax":null,"Value":1800},{"Length":50,"Height":49,"Demand":4,"DemandMax":null,"Value":2450},{"Length":36,"Height":46,"Demand":4,"DemandMax":null,"Value":1656},{"Length":63,"Height":72,"Demand":3,"DemandMax":null,"Value":4536},{"Length":56,"Height":62,"Demand":3,"DemandMax":null,"Value":3472},{"Length":62,"Height":67,"Demand":2,"DemandMax":null,"Value":4154},{"Length":40,"Height":50,"Demand":4,"DemandMax":null,"Value":2000},{"Length":42,"Height":34,"Demand":1,"DemandMax":null,"Value":1428},{"Length":70,"Height":40,"Demand":2,"DemandMax":null,"Value":2800},{"Length":63,"Height":30,"Demand":4,"DemandMax":null,"Value":1890},{"Length":64,"Height":32,"Demand":2,"DemandMax":null,"Value":2048},{"Length":61,"Height":65,"Demand":3,"DemandMax":null,"Value":3965},{"Length":54,"Height":29,"Demand":2,"DemandMax":null,"Value":1566},{"Length":63,"Height":62,"Demand":2,"DemandMax":null,"Value":3906},{"Length":55,"Height":62,"Demand":3,"DemandMax":null,"Value":3410},{"Length":68,"Height":35,"Demand":4,"DemandMax":null,"Value":2380},{"Length":32,"Height":46,"Demand":4,"DemandMax":null,"Value":1472},{"Length":58,"Height":45,"Demand":2,"DemandMax":null,"Value":2610},{"Length":35,"Height":45,"Demand":4,"DemandMax":null,"Value":1575},{"Length":73,"Height":31,"Demand":4,"DemandMax":null,"Value":2263},{"Length":70,"Height":47,"Demand":2,"DemandMax":null,"Value":3290},{"Length":57,"Height":33,"Demand":1,"DemandMax":null,"Value":1881},{"Length":34,"Height":34,"Demand":1,"DemandMax":null,"Value":1156},{"Length":49,"Height":43,"Demand":4,"DemandMax":null,"Value":2107},{"Length":37,"Height":65,"Demand":4,"DemandMax":null,"Value":2405},{"Length":54,"Height":54,"Demand":2,"DemandMax":null,"Value":2916},{"Length":70,"Height":38,"Demand":1,"DemandMax":null,"Value":2660},{"Length":56,"Height":35,"Demand":2,"DemandMax":null,"Value":1960},{"Length":71,"Height":56,"Demand":2,"DemandMax":null,"Value":3976},{"Length":69,"Height":25,"Demand":3,"DemandMax":null,"Value":1725},{"Length":60,"Height":56,"Demand":3,"DemandMax":null,"Value":3360},{"Length":68,"Height":54,"Demand":3,"DemandMax":null,"Value":3672},{"Length":56,"Height":46,"Demand":1,"DemandMax":null,"Value":2576}]}