{"Name":"C2_30_S_1","Objects":[{"Length":100,"Height":100,"Stock":null,"Cost":10000}],"Items":[{"Length":48,"Height":17,"Demand":4,"DemandMax":null,"Value":816},{"Length":48,"Height":40,"Demand":2,"DemandMax":null,"Value":1920},{"Length":13,"Height":29,"Demand":3,"DemandMax":null,"Value":377},{"Length":14,"Height":15,"Demand":1,"DemandMax":null,"Value":210},{"Length":24,"Height":27,"Demand":4,"DemandMax":null,"Value":648},{"Length":28,"Height":32,"Demand":3,"DemandMax":null,"Value":896},{"Length":40,"Height":41,"Demand":7,"DemandMax":null,"Value":1640},{"Length":28,"Height":44,"Demand":2,"DemandMax":null,"Value":1232},{"Length":30,"Height":18,"Demand":3,"DemandMax":null,"Value":540},{"Length":10,"Height":41,"Demand":4,"DemandMax":null,"Value":410},{"Length":45,"Height":41,"Demand":1,"DemandMax":null,"Value":1845},{"Length":24,"Height":49,"Demand":1,"DemandMax":null,"Value":1176},{"Length":16,"Height":38,"Demand":3,"DemandMax":null,"Value":608},{"Length":36,"Height":46,"Demand":2,"DemandMax":null,"Value":1656},{"Length":19,"Height":23,"Demand":5,"DemandMax":null,"Value":437},{"Length":39,"Height":44,"Demand":4,"DemandMax":null,"Value":1716},{"Length":21,"Height":17,"Demand":4,"DemandMax":null,"Value":357},{"Length":13,"Height":44,"Demand":2,"DemandMax":null,"Value":572},{"Length":42,"Height":31,"Demand":3,"DemandMax":null,"Value":1302},{"Length":15,"Height":10,"Demand":4,"DemandMax":null,"Value":150},{"Length":42,"Height":37,"Demand":3,"DemandMax":null,"Value":1554},{"Length":39,"Height":38,"Demand":1,"DemandMax":null,"Value":1482},{"Length":22,"Height":20,"Demand":4,"DemandMax":null,"Value":440},{"Length":47,"Height":24,"Demand":4,"DemandMax":null,"Value":1128},{"Length":20,"Height":33,"Demand":2,"DemandMax":null,"Value":660},{"Length":40,"Height":25,"Demand":2,"DemandMax":null,"Value":1000},{"Length":42,"Height":22,"Demand":2,"DemandMax":null,"Value":924},{"Length":30,"Height":25,"Demand":2,"DemandMax":null,"Value":750}]}