{"Name":"C3_10_S_2","Objects":[{"Length":100,"Height":100,"Stock":null,"Cost":10000}],"Items":[{"Length":20,"Height":16,"Demand":1,"DemandMax":null,"Value":320},{"Length":34,"Height":27,"Demand":1,"DemandMax":null,"Value":918},{"Length":47,"Height":24,"Demand":1,"DemandMax":null,"Value":1128},{"Length":25,"Height":13,"Demand":1,"DemandMax":null,"Value":325},{"Length":17,"Height":46,"Demand":1,"DemandMax":null,"Value":782},{"Length":27,"Height":33,"Demand":1,"DemandMax":null,"Value":891},{"Length":27,"Height":45,"Demand":1,"DemandMax":null,"Value":1215},{"Length":48,"Height":26,"Demand":1,"DemandMax":null,"Value":1248},{"Length":45,"Height":43,"Demand":1,"DemandMax":null,"Value":1935},{"Length":19,"Height":15,"Demand":1,"DemandMax":null,"Value":285}]}