{"Name":"C2_10_S_5","Objects":[{"Length":100,"Height":100,"Stock":null,"Cost":10000}],"Items":[{"Length":13,"Height":24,"Demand":4,"DemandMax":null,"Value":312},{"Length":28,"Height":24,"Demand":4,"DemandMax":null,"Value":672},{"Length":24,"Height":35,"Demand":1,"DemandMax":null,"Value":840},{"Length":41,"Height":34,"Demand":4,"DemandMax":null,"Value":1394},{"Length":11,"Height":18,"Demand":4,"DemandMax":null,"Value":198},{"Length":36,"Height":40,"Demand":2,"DemandMax":null,"Value":1440},{"Length":12,"Height":41,"Demand":4,"DemandMax":null,"Value":492},{"Length":47,"Height":21,"Demand":4,"DemandMax":null,"Value":987},{"Length":41,"Height":47,"Demand":1,"DemandMax":null,"Value":1927},{"Length":48,"Height":18,"Demand":4,"DemandMax":null,"Value":864}]}