{"Name":"C2_50_L_15","Objects":[{"Length":100,"Height":100,"Stock":null,"Cost":10000}],"Items":[{"Length":48,"Height":54,"Demand":4,"DemandMax":null,"Value":2592},{"Length":42,"Height":42,"Demand":1,"DemandMax":null,"Value":1764},{"Length":67,"Height":31,"Demand":1,"DemandMax":null,"Value":2077},{"Length":32,"Height":55,"Demand":1,"DemandMax":null,"Value":1760},{"Length":28,"Height":71,"Demand":4,"DemandMax":null,"Value":1988},{"Length":71,"Height":55,"Demand":2,"DemandMax":null,"Value":3905},{"Length":62,"Height":42,"Demand":3,"DemandMax":null,"Value":2604},{"Length":53,"Height":33,"Demand":1,"DemandMax":null,"Value":1749},{"Length":58,"Height":64,"Demand":2,"DemandMax":null,"Value":3712},{"Length":45,"Height":39,"Demand":2,"DemandMax":null,"Value":1755},{"Length":63,"Height":44,"Demand":1,"DemandMax":null,"Value":2772},{"Length":28,"Height":66,"Demand":3,"DemandMax":null,"Value":1848},{"Length":59,"Height":27,"Demand":2,"DemandMax":null,"Value":1593},{"Length":66,"Height":36,"Demand":4,"DemandMax":null,"Value":2376},{"Length":44,"Height":58,"Demand":3,"DemandMax":null,"Value":2552},{"Length":65,"Height":25,"Demand":3,"DemandMax":null,"Value":1625},{"Length":39,"Height":45,"Demand":1,"DemandMax":null,"Value":1755},{"Length":26,"Height":47,"Demand":1,"DemandMax":null,"Value":1222},{"Length":65,"Height":66,"Demand":3,"DemandMax":null,"Value":4290},{"Length":37,"Height":42,"Demand":4,"DemandMax":null,"Value":1554},{"Length":26,"Height":54,"Demand":4,"DemandMax":null,"Value":1404},{"Length":68,"Height":56,"Demand":4,"DemandMax":null,"Value":3808},{"Length":32,"Height":50,"Demand":3,"DemandMax":null,"Value":1600},{"Length":29,"Height":63,"Demand":2,"DemandMax":null,"Value":1827},{"Length":50,"Height":48,"Demand":3,"DemandMax":null,"Value":2400},{"Length":71,"Height":58,"Demand":3,"DemandMax":null,"Value":4118},{"Length":47,"Height":65,"Demand":4,"DemandMax":null,"Value":3055},{"Length":47,"Height":30,"Demand":2,"DemandMax":null,"Value":1410},{"Length":57,"Height":26,"Demand":1,"DemandMax":null,"Value":1482},{"Length":55,"Height":26,"Demand":1,"DemandMax":null,"Value":1430},{"Length":56,"Height":37,"Demand":2,"DemandMax":null,"Value":2072},{"Length":48,"Height":34,"Demand":3,"DemandMax":null,"Value":1632},{"Length":43,"Height":35,"Demand":4,"DemandMax":null,"Value":1505},{"Length":74,"Height":62,"Demand":4,"DemandMax":null,"Value":4588},{"Length":45,"Height":47,"Demand":4,"DemandMax":null,"Value":2115},{"Length":59,"Height":65,"Demand":2,"DemandMax":null,"Value":3835},{"Length":32,"Height":51,"Demand":4,"DemandMax":null,"Value":1632},{"Length":53,"Height":26,"Demand":1,"DemandMax":null,"Value":1378},{"Length":65,"Height":33,"Demand":1,"DemandMax":null,"Value":2145},{"Length":56,"Height":44,"Demand":1,"DemandMax":null,"Value":2464},{"Length":48,"Height":47,"Demand":2,"DemandMax":null,"Value":2256},{"Length":54,"Height":53,"Demand":3,"DemandMax":null,"Value":2862},{"Length":44,"Height":42,"Demand":3,"DemandMax":null,"Value":1848},{"Length":63,"Height":61,"Demand":3,"DemandMax":null,"Value":3843},{"Length":48,"Height":60,"Demand":1,"DemandMax":null,"Value":2880},{"Length":29,"Height":29,"Demand":1,"DemandMax":null,"Value":841},{"Length":36,"Height":74,"Demand":4,"DemandMax":null,"Value":2664},{"Length":57,"Height":71,"Demand":2,"DemandMax":null,"Value":4047},{"Length":66,"Height":30,"Demand":3,"DemandMax":null,"Value":1980}]}