{"Name":"C1_30_S_2","Objects":[{"Length":100,"Height":100,"Stock":null,"Cost":10000}],"Items":[{"Length":23,"Height":27,"Demand":1,"DemandMax":null,"Value":621},{"Length":35,"Height":18,"Demand":1,"DemandMax":null,"Value":630},{"Length":33,"Height":17,"Demand":3,"DemandMax":null,"Value":561},{"Length":21,"Height":40,"Demand":4,"DemandMax":null,"Value":840},{"Length":16,"Height":33,"Demand":15,"DemandMax":null,"Value":528},{"Length":10,"Height":41,"Demand":6,"DemandMax":null,"Value":410},{"Length":46,"Height":35,"Demand":2,"DemandMax":null,"Value":1610},{"Length":36,"Height":32,"Demand":4,"DemandMax":null,"Value":1152},{"Length":43,"Height":45,"Demand":2,"DemandMax":null,"Value":1935},{"Length":41,"Height":16,"Demand":1,"DemandMax":null,"Value":656},{"Length":12,"Height":41,"Demand":2,"DemandMax":null,"Value":492},{"Length":43,"Height":13,"Demand":12,"DemandMax":null,"Value":559},{"Length":31,"Height":42,"Demand":1,"DemandMax":null,"Value":1302},{"Length":37,"Height":29,"Demand":1,"DemandMax":null,"Value":1073},{"Length":20,"Height":39,"Demand":7,"DemandMax":null,"Value":780},{"Length":36,"Height":49,"Demand":2,"DemandMax":null,"Value":1764},{"Length":28,"Height":26,"Demand":7,"DemandMax":null,"Value":728},{"Length":18,"Height":43,"Demand":8,"DemandMax":null,"Value":774},{"Length":10,"Height":19,"Demand":36,"DemandMax":null,"Value":190},{"Length":26,"Height":18,"Demand":15,"DemandMax":null,"Value":468},{"Length":23,"Height":21,"Demand":10,"DemandMax":null,"Value":483},{"Length":31,"Height":35,"Demand":1,"DemandMax":null,"Value":1085},{"Length":42,"Height":46,"Demand":2,"DemandMax":null,"Value":1932},{"Length":34,"Height":21,"Demand":6,"DemandMax":null,"Value":714},{"Length":27,"Height":37,"Demand":3,"DemandMax":null,"Value":999},{"Length":20,"Height":30,"Demand":1,"DemandMax":null,"Value":600},{"Length":22,"Height":42,"Demand":5,"DemandMax":null,"Value":924},{"Length":27,"Height":14,"Demand":6,"DemandMax":null,"Value":378},{"Length":44,"Height":31,"Demand":1,"DemandMax":null,"Value":1364},{"Length":13,"Height":47,"Demand":5,"DemandMax":null,"Value":611}]}