{"Name":"C2_30_L_12","Objects":[{"Length":100,"Height":100,"Stock":null,"Cost":10000}],"Items":[{"Length":60,"Height":48,"Demand":2,"DemandMax":null,"Value":2880},{"Length":69,"Height":25,"Demand":4,"DemandMax":null,"Value":1725},{"Length":73,"Height":48,"Demand":5,"DemandMax":null,"Value":3504},{"Length":54,"Height":46,"Demand":2,"DemandMax":null,"Value":2484},{"Length":43,"Height":65,"Demand":4,"DemandMax":null,"Value":2795},{"Length":65,"Height":54,"Demand":4,"DemandMax":null,"Value":3510},{"Length":52,"Height":67,"Demand":2,"DemandMax":null,"Value":3484},{"Length":63,"Height":70,"Demand":3,"DemandMax":null,"Value":4410},{"Length":57,"Height":42,"Demand":3,"DemandMax":null,"Value":2394},{"Length":39,"Height":42,"Demand":3,"DemandMax":null,"Value":1638},{"Length":56,"Height":40,"Demand":1,"DemandMax":null,"Value":2240},{"Length":49,"Height":66,"Demand":2,"DemandMax":null,"Value":3234},{"Length":27,"Height":62,"Demand":3,"DemandMax":null,"Value":1674},{"Length":26,"Height":46,"Demand":1,"DemandMax":null,"Value":1196},{"Length":71,"Height":53,"Demand":4,"DemandMax":null,"Value":3763},{"Length":31,"Height":36,"Demand":2,"DemandMax":null,"Value":1116},{"Length":57,"Height":55,"Demand":2,"DemandMax":null,"Value":3135},{"Length":73,"Height":32,"Demand":4,"DemandMax":null,"Value":2336},{"Length":70,"Height":69,"Demand":4,"DemandMax":null,"Value":4830},{"Length":64,"Height":36,"Demand":1,"DemandMax":null,"Value":2304},{"Length":50,"Height":39,"Demand":1,"DemandMax":null,"Value":1950},{"Length":49,"Height":70,"Demand":3,"DemandMax":null,"Value":3430},{"Length":37,"Height":63,"Demand":3,"DemandMax":null,"Value":2331},{"Length":36,"Height":47,"Demand":2,"DemandMax":null,"Value":1692},{"Length":61,"Height":74,"Demand":4,"DemandMax":null,"Value":4514},{"Length":30,"Height":48,"Demand":3,"DemandMax":null,"Value":1440},{"Length":36,"Height":71,"Demand":1,"DemandMax":null,"Value":2556},{"Length":33,"Height":57,"Demand":4,"DemandMax":null,"Value":1881},{"Length":67,"Height":71,"Demand":2,"DemandMax":null,"Value":4757}]}