{"Name":"C2_20_S_5","Objects":[{"Length":100,"Height":100,"Stock":null,"Cost":10000}],"Items":[{"Length":37,"Height":27,"Demand":2,"DemandMax":null,"Value":999},{"Length":45,"Height":35,"Demand":2,"DemandMax":null,"Value":1575},{"Length":47,"Height":26,"Demand":3,"DemandMax":null,"Value":1222},{"Length":24,"Height":18,"Demand":3,"DemandMax":null,"Value":432},{"Length":29,"Height":34,"Demand":2,"DemandMax":null,"Value":986},{"Length":34,"Height":46,"Demand":4,"DemandMax":null,"Value":1564},{"Length":45,"Height":14,"Demand":2,"DemandMax":null,"Value":630},{"Length":24,"Height":37,"Demand":2,"DemandMax":null,"Value":888},{"Length":13,"Height":17,"Demand":3,"DemandMax":null,"Value":221},{"Length":33,"Height":49,"Demand":4,"DemandMax":null,"Value":1617},{"Length":42,"Height":33,"Demand":2,"DemandMax":null,"Value":1386},{"Length":19,"Height":22,"Demand":4,"DemandMax":null,"Value":418},{"Length":11,"Height":17,"Demand":2,"DemandMax":null,"Value":187},{"Length":49,"Height":28,"Demand":3,"DemandMax":null,"Value":1372},{"Length":23,"Height":19,"Demand":1,"DemandMax":null,"Value":437},{"Length":33,"Height":39,"Demand":4,"DemandMax":null,"Value":1287},{"Length":10,"Height":30,"Demand":4,"DemandMax":null,"Value":300},{"Length":29,"Height":29,"Demand":2,"DemandMax":null,"Value":841},{"Length":29,"Height":10,"Demand":1,"DemandMax":null,"Value":290},{"Length":16,"Height":16,"Demand":4,"DemandMax":null,"Value":256}]}