{"Name":"C2_20_L_12","Objects":[{"Length":100,"Height":100,"Stock":null,"Cost":10000}],"Items":[{"Length":56,"Height":30,"Demand":3,"DemandMax":null,"Value":1680},{"Length":61,"Height":34,"Demand":1,"DemandMax":null,"Value":2074},{"Length":71,"Height":37,"Demand":1,"DemandMax":null,"Value":2627},{"Length":55,"Height":60,"Demand":4,"DemandMax":null,"Value":3300},{"Length":48,"Height":46,"Demand":3,"DemandMax":null,"Value":2208},{"Length":50,"Height":34,"Demand":4,"DemandMax":null,"Value":1700},{"Length":41,"Height":74,"Demand":1,"DemandMax":null,"Value":3034},{"Length":71,"Height":53,"Demand":4,"DemandMax":null,"Value":3763},{"Length":68,"Height":27,"Demand":2,"DemandMax":null,"Value":1836},{"Length":43,"Height":71,"Demand":2,"DemandMax":null,"Value":3053},{"Length":42,"Height":25,"Demand":4,"DemandMax":null,"Value":1050},{"Length":37,"Height":67,"Demand":3,"DemandMax":null,"Value":2479},{"Length":39,"Height":43,"Demand":4,"DemandMax":null,"Value":1677},{"Length":26,"Height":55,"Demand":4,"DemandMax":null,"Value":1430},{"Length":70,"Height":37,"Demand":4,"DemandMax":null,"Value":2590},{"Length":33,"Height":66,"Demand":3,"DemandMax":null,"Value":2178},{"Length":66,"Height":42,"Demand":3,"DemandMax":null,"Value":2772},{"Length":34,"Height":52,"Demand":1,"DemandMax":null,"Value":1768},{"Length":68,"Height":53,"Demand":4,"DemandMax":null,"Value":3604},{"Length":68,"Height":55,"Demand":3,"DemandMax":null,"Value":3740}]}