{"Name":"C3_10_S_1","Objects":[{"Length":100,"Height":100,"Stock":null,"Cost":10000}],"Items":[{"Length":33,"Height":29,"Demand":1,"DemandMax":null,"Value":957},{"Length":19,"Height":28,"Demand":1,"DemandMax":null,"Value":532},{"Length":48,"Height":24,"Demand":1,"DemandMax":null,"Value":1152},{"Length":25,"Height":16,"Demand":1,"DemandMax":null,"Value":400},{"Length":10,"Height":12,"Demand":1,"DemandMax":null,"Value":120},{"Length":22,"Height":40,"Demand":1,"DemandMax":null,"Value":880},{"Length":15,"Height":41,"Demand":1,"DemandMax":null,"Value":615},{"Length":15,"Height":44,"Demand":1,"DemandMax":null,"Value":660},{"Length":30,"Height":25,"Demand":1,"DemandMax":null,"Value":750},{"Length":28,"Height":15,"Demand":1,"DemandMax":null,"Value":420}]}