{"Name":"C1_40_L_11","Objects":[{"Length":100,"Height":100,"Stock":null,"Cost":10000}],"Items":[{"Length":55,"Height":74,"Demand":1,"DemandMax":null,"Value":4070},{"Length":37,"Height":69,"Demand":1,"DemandMax":null,"Value":2553},{"Length":53,"Height":32,"Demand":3,"DemandMax":null,"Value":1696},{"Length":34,"Height":69,"Demand":2,"DemandMax":null,"Value":2346},{"Length":41,"Height":66,"Demand":1,"DemandMax":null,"Value":2706},{"Length":59,"Height":29,"Demand":1,"DemandMax":null,"Value":1711},{"Length":27,"Height":50,"Demand":6,"DemandMax":null,"Value":1350},{"Length":61,"Height":61,"Demand":1,"DemandMax":null,"Value":3721},{"Length":30,"Height":60,"Demand":3,"DemandMax":null,"Value":1800},{"Length":39,"Height":35,"Demand":4,"DemandMax":null,"Value":1365},{"Length":67,"Height":45,"Demand":1,"DemandMax":null,"Value":3015},{"Length":56,"Height":44,"Demand":2,"DemandMax":null,"Value":2464},{"Length":50,"Height":59,"Demand":1,"DemandMax":null,"Value":2950},{"Length":35,"Height":36,"Demand":4,"DemandMax":null,"Value":1260},{"Length":53,"Height":43,"Demand":2,"DemandMax":null,"Value":2279},{"Length":62,"Height":60,"Demand":1,"DemandMax":null,"Value":3720},{"Length":38,"Height":42,"Demand":3,"DemandMax":null,"Value":1596},{"Length":31,"Height":31,"Demand":4,"DemandMax":null,"Value":961},{"Length":60,"Height":66,"Demand":1,"DemandMax":null,"Value":3960},{"Length":32,"Height":46,"Demand":5,"DemandMax":null,"Value":1472},{"Length":29,"Height":58,"Demand":3,"DemandMax":null,"Value":1682},{"Length":74,"Height":35,"Demand":1,"DemandMax":null,"Value":2590},{"Length":67,"Height":66,"Demand":1,"DemandMax":null,"Value":4422},{"Length":60,"Height":56,"Demand":1,"DemandMax":null,"Value":3360},{"Length":36,"Height":67,"Demand":1,"DemandMax":null,"Value":2412},{"Length":52,"Height":25,"Demand":2,"DemandMax":null,"Value":1300},{"Length":52,"Height":67,"Demand":1,"DemandMax":null,"Value":3484},{"Length":58,"Height":29,"Demand":3,"DemandMax":null,"Value":1682},{"Length":37,"Height":61,"Demand":2,"DemandMax":null,"Value":2257},{"Length":48,"Height":72,"Demand":2,"DemandMax":null,"Value":3456},{"Length":35,"Height":52,"Demand":1,"DemandMax":null,"Value":1820},{"Length":27,"Height":66,"Demand":3,"DemandMax":null,"Value":1782},{"Length":50,"Height":67,"Demand":2,"DemandMax":null,"Value":3350},{"Length":60,"Height":33,"Demand":2,"DemandMax":null,"Value":1980},{"Length":71,"Height":48,"Demand":1,"DemandMax":null,"Value":3408},{"Length":50,"Height":33,"Demand":1,"DemandMax":null,"Value":1650},{"Length":74,"Height":28,"Demand":2,"DemandMax":null,"Value":2072},{"Length":30,"Height":64,"Demand":3,"DemandMax":null,"Value":1920},{"Length":30,"Height":71,"Demand":3,"DemandMax":null,"Value":2130},{"Length":31,"Height":26,"Demand":5,"DemandMax":null,"Value":806}]}