{"Name":"C1_10_S_15","Objects":[{"Length":100,"Height":100,"Stock":null,"Cost":10000}],"Items":[{"Length":39,"Height":41,"Demand":3,"DemandMax":null,"Value":1599},{"Length":32,"Height":31,"Demand":3,"DemandMax":null,"Value":992},{"Length":46,"Height":36,"Demand":3,"DemandMax":null,"Value":1656},{"Length":45,"Height":17,"Demand":10,"DemandMax":null,"Value":765},{"Length":33,"Height":38,"Demand":3,"DemandMax":null,"Value":1254},{"Length":42,"Height":24,"Demand":8,"DemandMax":null,"Value":1008},{"Length":34,"Height":45,"Demand":1,"DemandMax":null,"Value":1530},{"Length":30,"Height":39,"Demand":5,"DemandMax":null,"Value":1170},{"Length":43,"Height":49,"Demand":1,"DemandMax":null,"Value":2107},{"Length":48,"Height":10,"Demand":14,"DemandMax":null,"Value":480}]}