{"Name":"C1_30_S_15","Objects":[{"Length":100,"Height":100,"Stock":null,"Cost":10000}],"Items":[{"Length":32,"Height":15,"Demand":14,"DemandMax":null,"Value":480},{"Length":48,"Height":46,"Demand":4,"DemandMax":null,"Value":2208},{"Length":19,"Height":16,"Demand":28,"DemandMax":null,"Value":304},{"Length":47,"Height":12,"Demand":11,"DemandMax":null,"Value":564},{"Length":44,"Height":42,"Demand":3,"DemandMax":null,"Value":1848},{"Length":30,"Height":45,"Demand":3,"DemandMax":null,"Value":1350},{"Length":32,"Height":29,"Demand":3,"DemandMax":null,"Value":928},{"Length":11,"Height":29,"Demand":18,"DemandMax":null,"Value":319},{"Length":37,"Height":46,"Demand":2,"DemandMax":null,"Value":1702},{"Length":34,"Height":23,"Demand":4,"DemandMax":null,"Value":782},{"Length":48,"Height":27,"Demand":3,"DemandMax":null,"Value":1296},{"Length":33,"Height":10,"Demand":11,"DemandMax":null,"Value":330},{"Length":24,"Height":36,"Demand":8,"DemandMax":null,"Value":864},{"Length":11,"Height":33,"Demand":3,"DemandMax":null,"Value":363},{"Length":49,"Height":43,"Demand":3,"DemandMax":null,"Value":2107},{"Length":38,"Height":49,"Demand":4,"DemandMax":null,"Value":1862},{"Length":31,"Height":33,"Demand":9,"DemandMax":null,"Value":1023},{"Length":36,"Height":30,"Demand":2,"DemandMax":null,"Value":1080},{"Length":47,"Height":34,"Demand":4,"DemandMax":null,"Value":1598},{"Length":45,"Height":17,"Demand":2,"DemandMax":null,"Value":765},{"Length":13,"Height":32,"Demand":19,"DemandMax":null,"Value":416},{"Length":19,"Height":44,"Demand":2,"DemandMax":null,"Value":836},{"Length":43,"Height":41,"Demand":3,"DemandMax":null,"Value":1763},{"Length":41,"Height":37,"Demand":2,"DemandMax":null,"Value":1517},{"Length":17,"Height":36,"Demand":10,"DemandMax":null,"Value":612},{"Length":49,"Height":15,"Demand":5,"DemandMax":null,"Value":735},{"Length":29,"Height":45,"Demand":2,"DemandMax":null,"Value":1305},{"Length":11,"Height":38,"Demand":3,"DemandMax":null,"Value":418},{"Length":21,"Height":22,"Demand":1,"DemandMax":null,"Value":462},{"Length":10,"Height":28,"Demand":22,"DemandMax":null,"Value":280}]}