{"Name":"C2_40_L_6","Objects":[{"Length":100,"Height":100,"Stock":null,"Cost":10000}],"Items":[{"Length":39,"Height":54,"Demand":3,"DemandMax":null,"Value":2106},{"Length":40,"Height":43,"Demand":3,"DemandMax":null,"Value":1720},{"Length":45,"Height":44,"Demand":2,"DemandMax":null,"Value":1980},{"Length":35,"Height":54,"Demand":1,"DemandMax":null,"Value":1890},{"Length":53,"Height":50,"Demand":1,"DemandMax":null,"Value":2650},{"Length":31,"Height":47,"Demand":2,"DemandMax":null,"Value":1457},{"Length":25,"Height":36,"Demand":2,"DemandMax":null,"Value":900},{"Length":52,"Height":40,"Demand":1,"DemandMax":null,"Value":2080},{"Length":65,"Height":32,"Demand":4,"DemandMax":null,"Value":2080},{"Length":34,"Height":47,"Demand":4,"DemandMax":null,"Value":1598},{"Length":27,"Height":47,"Demand":2,"DemandMax":null,"Value":1269},{"Length":48,"Height":62,"Demand":2,"DemandMax":null,"Value":2976},{"Length":53,"Height":38,"Demand":2,"DemandMax":null,"Value":2014},{"Length":64,"Height":45,"Demand":2,"DemandMax":null,"Value":2880},{"Length":74,"Height":66,"Demand":3,"DemandMax":null,"Value":4884},{"Length":38,"Height":66,"Demand":3,"DemandMax":null,"Value":2508},{"Length":52,"Height":38,"Demand":1,"DemandMax":null,"Value":1976},{"Length":34,"Height":25,"Demand":3,"DemandMax":null,"Value":850},{"Length":73,"Height":33,"Demand":2,"DemandMax":null,"Value":2409},{"Length":48,"Height":56,"Demand":3,"DemandMax":null,"Value":2688},{"Length":30,"Height":70,"Demand":1,"DemandMax":null,"Value":2100},{"Length":50,"Height":37,"Demand":1,"DemandMax":null,"Value":1850},{"Length":55,"Height":37,"Demand":3,"DemandMax":null,"Value":2035},{"Length":59,"Height":47,"Demand":3,"DemandMax":null,"Value":2773},{"Length":49,"Height":67,"Demand":1,"DemandMax":null,"Value":3283},{"Length":53,"Height":56,"Demand":4,"DemandMax":null,"Value":2968},{"Length":32,"Height":72,"Demand":1,"DemandMax":null,"Value":2304},{"Length":57,"Height":45,"Demand":3,"DemandMax":null,"Value":2565},{"Length":32,"Height":61,"Demand":1,"DemandMax":null,"Value":1952},{"Length":46,"Height":36,"Demand":2,"DemandMax":null,"Value":1656},{"Length":47,"Height":52,"Demand":3,"DemandMax":null,"Value":2444},{"Length":54,"Height":64,"Demand":3,"DemandMax":null,"Value":3456},{"Length":67,"Height":53,"Demand":4,"DemandMax":null,"Value":3551},{"Length":37,"Height":48,"Demand":3,"DemandMax":null,"Value":1776},{"Length":50,"Height":63,"Demand":3,"DemandMax":null,"Value":3150},{"Length":36,"Height":70,"Demand":1,"DemandMax":null,"Value":2520},{"Length":28,"Height":56,"Demand":1,"DemandMax":null,"Value":1568},{"Length":48,"Height":25,"Demand":1,"DemandMax":null,"Value":1200},{"Length":54,"Height":49,"Demand":1,"DemandMax":null,"Value":2646},{"Length":39,"Height":61,"Demand":1,"DemandMax":null,"Value":2379}]}