{"Name":"C1_50_S_1","Objects":[{"Length":100,"Height":100,"Stock":null,"Cost":10000}],"Items":[{"Length":17,"Height":20,"Demand":9,"DemandMax":null,"Value":340},{"Length":37,"Height":40,"Demand":4,"DemandMax":null,"Value":1480},{"Length":25,"Height":36,"Demand":1,"DemandMax":null,"Value":900},{"Length":43,"Height":35,"Demand":4,"DemandMax":null,"Value":1505},{"Length":16,"Height":33,"Demand":6,"DemandMax":null,"Value":528},{"Length":46,"Height":49,"Demand":1,"DemandMax":null,"Value":2254},{"Length":30,"Height":18,"Demand":4,"DemandMax":null,"Value":540},{"Length":48,"Height":26,"Demand":4,"DemandMax":null,"Value":1248},{"Length":22,"Height":30,"Demand":9,"DemandMax":null,"Value":660},{"Length":29,"Height":12,"Demand":3,"DemandMax":null,"Value":348},{"Length":29,"Height":31,"Demand":6,"DemandMax":null,"Value":899},{"Length":18,"Height":18,"Demand":19,"DemandMax":null,"Value":324},{"Length":25,"Height":33,"Demand":6,"DemandMax":null,"Value":825},{"Length":35,"Height":31,"Demand":5,"DemandMax":null,"Value":1085},{"Length":40,"Height":44,"Demand":1,"DemandMax":null,"Value":1760},{"Length":42,"Height":48,"Demand":4,"DemandMax":null,"Value":2016},{"Length":44,"Height":34,"Demand":1,"DemandMax":null,"Value":1496},{"Length":42,"Height":45,"Demand":4,"DemandMax":null,"Value":1890},{"Length":35,"Height":10,"Demand":13,"DemandMax":null,"Value":350},{"Length":19,"Height":29,"Demand":6,"DemandMax":null,"Value":551},{"Length":39,"Height":19,"Demand":4,"DemandMax":null,"Value":741},{"Length":20,"Height":20,"Demand":8,"DemandMax":null,"Value":400},{"Length":17,"Height":16,"Demand":24,"DemandMax":null,"Value":272},{"Length":20,"Height":33,"Demand":2,"DemandMax":null,"Value":660},{"Length":44,"Height":43,"Demand":1,"DemandMax":null,"Value":1892},{"Length":40,"Height":48,"Demand":4,"DemandMax":null,"Value":1920},{"Length":31,"Height":49,"Demand":3,"DemandMax":null,"Value":1519},{"Length":30,"Height":12,"Demand":14,"DemandMax":null,"Value":360},{"Length":47,"Height":27,"Demand":6,"DemandMax":null,"Value":1269},{"Length":11,"Height":16,"Demand":36,"DemandMax":null,"Value":176},{"Length":14,"Height":28,"Demand":18,"DemandMax":null,"Value":392},{"Length":14,"Height":38,"Demand":11,"DemandMax":null,"Value":532},{"Length":16,"Height":12,"Demand":28,"DemandMax":null,"Value":192},{"Length":23,"Height":25,"Demand":12,"DemandMax":null,"Value":575},{"Length":39,"Height":24,"Demand":6,"DemandMax":null,"Value":936},{"Length":39,"Height":27,"Demand":3,"DemandMax":null,"Value":1053},{"Length":40,"Height":36,"Demand":1,"DemandMax":null,"Value":1440},{"Length":10,"Height":36,"Demand":7,"DemandMax":null,"Value":360},{"Length":40,"Height":20,"Demand":9,"DemandMax":null,"Value":800},{"Length":33,"Height":48,"Demand":5,"DemandMax":null,"Value":1584},{"Length":24,"Height":26,"Demand":2,"DemandMax":null,"Value":624},{"Length":42,"Height":16,"Demand":9,"DemandMax":null,"Value":672},{"Length":17,"Height":32,"Demand":2,"DemandMax":null,"Value":544},{"Length":32,"Height":48,"Demand":1,"DemandMax":null,"Value":1536},{"Length":18,"Height":13,"Demand":35,"DemandMax":null,"Value":234},{"Length":38,"Height":12,"Demand":7,"DemandMax":null,"Value":456},{"Length":25,"Height":34,"Demand":6,"DemandMax":null,"Value":850},{"Length":44,"Height":19,"Demand":5,"DemandMax":null,"Value":836},{"Length":39,"Height":12,"Demand":10,"DemandMax":null,"Value":468},{"Length":13,"Height":42,"Demand":14,"DemandMax":null,"Value":546}]}