{"Name":"C1_20_S_4","Objects":[{"Length":100,"Height":100,"Stock":null,"Cost":10000}],"Items":[{"Length":20,"Height":25,"Demand":15,"DemandMax":null,"Value":500},{"Length":45,"Height":13,"Demand":8,"DemandMax":null,"Value":585},{"Length":35,"Height":20,"Demand":5,"DemandMax":null,"Value":700},{"Length":38,"Height":15,"Demand":7,"DemandMax":null,"Value":570},{"Length":47,"Height":46,"Demand":2,"DemandMax":null,"Value":2162},{"Length":19,"Height":29,"Demand":13,"DemandMax":null,"Value":551},{"Length":34,"Height":46,"Demand":1,"DemandMax":null,"Value":1564},{"Length":49,"Height":14,"Demand":12,"DemandMax":null,"Value":686},{"Length":43,"Height":10,"Demand":7,"DemandMax":null,"Value":430},{"Length":20,"Height":21,"Demand":16,"DemandMax":null,"Value":420},{"Length":25,"Height":42,"Demand":7,"DemandMax":null,"Value":1050},{"Length":43,"Height":30,"Demand":2,"DemandMax":null,"Value":1290},{"Length":11,"Height":39,"Demand":11,"DemandMax":null,"Value":429},{"Length":17,"Height":20,"Demand":1,"DemandMax":null,"Value":340},{"Length":11,"Height":28,"Demand":20,"DemandMax":null,"Value":308},{"Length":15,"Height":18,"Demand":2,"DemandMax":null,"Value":270},{"Length":31,"Height":17,"Demand":2,"DemandMax":null,"Value":527},{"Length":20,"Height":34,"Demand":8,"DemandMax":null,"Value":680},{"Length":29,"Height":24,"Demand":3,"DemandMax":null,"Value":696},{"Length":23,"Height":35,"Demand":5,"DemandMax":null,"Value":805}]}