{"Name":"C2_10_L_11","Objects":[{"Length":100,"Height":100,"Stock":null,"Cost":10000}],"Items":[{"Length":28,"Height":26,"Demand":2,"DemandMax":null,"Value":728},{"Length":50,"Height":71,"Demand":3,"DemandMax":null,"Value":3550},{"Length":32,"Height":52,"Demand":3,"DemandMax":null,"Value":1664},{"Length":55,"Height":30,"Demand":1,"DemandMax":null,"Value":1650},{"Length":30,"Height":56,"Demand":2,"DemandMax":null,"Value":1680},{"Length":70,"Height":47,"Demand":2,"DemandMax":null,"Value":3290},{"Length":29,"Height":52,"Demand":3,"DemandMax":null,"Value":1508},{"Length":46,"Height":51,"Demand":4,"DemandMax":null,"Value":2346},{"Length":56,"Height":66,"Demand":3,"DemandMax":null,"Value":3696},{"Length":53,"Height":37,"Demand":2,"DemandMax":null,"Value":1961}]}