{"Name":"C2_20_L_6","Objects":[{"Length":100,"Height":100,"Stock":null,"Cost":10000}],"Items":[{"Length":35,"Height":67,"Demand":3,"DemandMax":null,"Value":2345},{"Length":70,"Height":69,"Demand":3,"DemandMax":null,"Value":4830},{"Length":34,"Height":71,"Demand":4,"DemandMax":null,"Value":2414},{"Length":59,"Height":39,"Demand":1,"DemandMax":null,"Value":2301},{"Length":40,"Height":62,"Demand":4,"DemandMax":null,"Value":2480},{"Length":33,"Height":54,"Demand":4,"DemandMax":null,"Value":1782},{"Length":45,"Height":52,"Demand":3,"DemandMax":null,"Value":2340},{"Length":61,"Height":31,"Demand":4,"DemandMax":null,"Value":1891},{"Length":61,"Height":37,"Demand":1,"DemandMax":null,"Value":2257},{"Length":26,"Height":57,"Demand":4,"DemandMax":null,"Value":1482},{"Length":68,"Height":44,"Demand":4,"DemandMax":null,"Value":2992},{"Length":58,"Height":42,"Demand":2,"DemandMax":null,"Value":2436},{"Length":52,"Height":42,"Demand":2,"DemandMax":null,"Value":2184},{"Length":31,"Height":30,"Demand":2,"DemandMax":null,"Value":930},{"Length":49,"Height":30,"Demand":1,"DemandMax":null,"Value":1470},{"Length":32,"Height":48,"Demand":3,"DemandMax":null,"Value":1536},{"Length":53,"Height":68,"Demand":3,"DemandMax":null,"Value":3604},{"Length":25,"Height":52,"Demand":2,"DemandMax":null,"Value":1300},{"Length":74,"Height":67,"Demand":1,"DemandMax":null,"Value":4958},{"Length":69,"Height":35,"Demand":4,"DemandMax":null,"Value":2415}]}