{"Name":"C3_20_S_6","Objects":[{"Length":100,"Height":100,"Stock":null,"Cost":10000}],"Items":[{"Length":11,"Height":20,"Demand":1,"DemandMax":null,"Value":220},{"Length":31,"Height":34,"Demand":1,"DemandMax":null,"Value":1054},{"Length":16,"Height":12,"Demand":1,"DemandMax":null,"Value":192},{"Length":48,"Height":22,"Demand":1,"DemandMax":null,"Value":1056},{"Length":38,"Height":22,"Demand":1,"DemandMax":null,"Value":836},{"Length":24,"Height":26,"Demand":1,"DemandMax":null,"Value":624},{"Length":35,"Height":21,"Demand":1,"DemandMax":null,"Value":735},{"Length":20,"Height":12,"Demand":1,"DemandMax":null,"Value":240},{"Length":39,"Height":31,"Demand":1,"DemandMax":null,"Value":1209},{"Length":45,"Height":47,"Demand":1,"DemandMax":null,"Value":2115},{"Length":11,"Height":27,"Demand":1,"DemandMax":null,"Value":297},{"Length":16,"Height":10,"Demand":1,"DemandMax":null,"Value":160},{"Length":12,"Height":18,"Demand":1,"DemandMax":null,"Value":216},{"Length":27,"Height":11,"Demand":1,"DemandMax":null,"Value":297},{"Length":35,"Height":46,"Demand":1,"DemandMax":null,"Value":1610},{"Length":35,"Height":13,"Demand":1,"DemandMax":null,"Value":455},{"Length":21,"Height":38,"Demand":1,"DemandMax":null,"Value":798},{"Length":34,"Height":15,"Demand":1,"DemandMax":null,"Value":510},{"Length":18,"Height":41,"Demand":1,"DemandMax":null,"Value":738},{"Length":25,"Height":23,"Demand":1,"DemandMax":null,"Value":575}]}