{"Name":"C3_40_S_6","Objects":[{"Length":100,"Height":100,"Stock":null,"Cost":10000}],"Items":[{"Length":49,"Height":14,"Demand":1,"DemandMax":null,"Value":686},{"Length":23,"Height":24,"Demand":1,"DemandMax":null,"Value":552},{"Length":31,"Height":20,"Demand":1,"DemandMax":null,"Value":620},{"Length":13,"Height":33,"Demand":1,"DemandMax":null,"Value":429},{"Length":45,"Height":25,"Demand":1,"DemandMax":null,"Value":1125},{"Length":34,"Height":46,"Demand":1,"DemandMax":null,"Value":1564},{"Length":22,"Height":37,"Demand":1,"DemandMax":null,"Value":814},{"Length":17,"Height":43,"Demand":1,"DemandMax":null,"Value":731},{"Length":29,"Height":20,"Demand":1,"DemandMax":null,"Value":580},{"Length":45,"Height":45,"Demand":1,"DemandMax":null,"Value":2025},{"Length":32,"Height":22,"Demand":1,"DemandMax":null,"Value":704},{"Length":26,"Height":15,"Demand":1,"DemandMax":null,"Value":390},{"Length":28,"Height":11,"Demand":1,"DemandMax":null,"Value":308},{"Length":14,"Height":20,"Demand":1,"DemandMax":null,"Value":280},{"Length":22,"Height":11,"Demand":1,"DemandMax":null,"Value":242},{"Length":16,"Height":11,"Demand":1,"DemandMax":null,"Value":176},{"Length":45,"Height":21,"Demand":1,"DemandMax":null,"Value":945},{"Length":45,"Height":38,"Demand":1,"DemandMax":null,"Value":1710},{"Length":12,"Height":46,"Demand":1,"DemandMax":null,"Value":552},{"Length":33,"Height":23,"Demand":1,"DemandMax":null,"Value":759},{"Length":42,"Height":42,"Demand":1,"DemandMax":null,"Value":1764},{"Length":13,"Height":23,"Demand":1,"DemandMax":null,"Value":299},{"Length":40,"Height":21,"Demand":1,"DemandMax":null,"Value":840},{"Length":32,"Height":40,"Demand":1,"DemandMax":null,"Value":1280},{"Length":22,"Height":34,"Demand":1,"DemandMax":null,"Value":748},{"Length":33,"Height":43,"Demand":1,"DemandMax":null,"Value":1419},{"Length":40,"Height":14,"Demand":1,"DemandMax":null,"Value":560},{"Length":47,"Height":15,"Demand":1,"DemandMax":null,"Value":705},{"Length":32,"Height":47,"Demand":1,"DemandMax":null,"Value":1504},{"Length":29,"Height":14,"Demand":1,"DemandMax":null,"Value":406},{"Length":28,"Height":17,"Demand":1,"DemandMax":null,"Value":476},{"Length":12,"Height":15,"Demand":1,"DemandMax":null,"Value":180},{"Length":35,"Height":24,"Demand":1,"DemandMax":null,"Value":840},{"Length":29,"Height":40,"Demand":1,"DemandMax":null,"Value":1160},{"Length":36,"Height":36,"Demand":1,"DemandMax":null,"Value":1296},{"Length":36,"Height":34,"Demand":1,"DemandMax":null,"Value":1224},{"Length":14,"Height":45,"Demand":1,"DemandMax":null,"Value":630},{"Length":41,"Height":37,"Demand":1,"DemandMax":null,"Value":1517},{"Length":11,"Height":22,"Demand":1,"DemandMax":null,"Value":242},{"Length":11,"Height":33,"Demand":1,"DemandMax":null,"Value":363}]}