{"Name":"C2_20_S_2","Objects":[{"Length":100,"Height":100,"Stock":null,"Cost":10000}],"Items":[{"Length":37,"Height":42,"Demand":1,"DemandMax":null,"Value":1554},{"Length":18,"Height":18,"Demand":4,"DemandMax":null,"Value":324},{"Length":33,"Height":43,"Demand":4,"DemandMax":null,"Value":1419},{"Length":24,"Height":10,"Demand":2,"DemandMax":null,"Value":240},{"Length":15,"Height":18,"Demand":1,"DemandMax":null,"Value":270},{"Length":26,"Height":34,"Demand":2,"DemandMax":null,"Value":884},{"Length":24,"Height":42,"Demand":2,"DemandMax":null,"Value":1008},{"Length":28,"Height":33,"Demand":2,"DemandMax":null,"Value":924},{"Length":17,"Height":14,"Demand":1,"DemandMax":null,"Value":238},{"Length":35,"Height":29,"Demand":3,"DemandMax":null,"Value":1015},{"Length":48,"Height":31,"Demand":1,"DemandMax":null,"Value":1488},{"Length":32,"Height":39,"Demand":1,"DemandMax":null,"Value":1248},{"Length":40,"Height":33,"Demand":4,"DemandMax":null,"Value":1320},{"Length":25,"Height":27,"Demand":1,"DemandMax":null,"Value":675},{"Length":19,"Height":28,"Demand":3,"DemandMax":null,"Value":532},{"Length":48,"Height":23,"Demand":4,"DemandMax":null,"Value":1104},{"Length":11,"Height":47,"Demand":4,"DemandMax":null,"Value":517},{"Length":33,"Height":42,"Demand":2,"DemandMax":null,"Value":1386},{"Length":31,"Height":18,"Demand":3,"DemandMax":null,"Value":558},{"Length":45,"Height":34,"Demand":1,"DemandMax":null,"Value":1530}]}