{"Name":"C1_50_S_7","Objects":[{"Length":100,"Height":100,"Stock":null,"Cost":10000}],"Items":[{"Length":40,"Height":14,"Demand":5,"DemandMax":null,"Value":560},{"Length":11,"Height":34,"Demand":6,"DemandMax":null,"Value":374},{"Length":36,"Height":32,"Demand":1,"DemandMax":null,"Value":1152},{"Length":30,"Height":33,"Demand":4,"DemandMax":null,"Value":990},{"Length":24,"Height":25,"Demand":13,"DemandMax":null,"Value":600},{"Length":19,"Height":45,"Demand":2,"DemandMax":null,"Value":855},{"Length":32,"Height":49,"Demand":6,"DemandMax":null,"Value":1568},{"Length":40,"Height":19,"Demand":3,"DemandMax":null,"Value":760},{"Length":22,"Height":39,"Demand":3,"DemandMax":null,"Value":858},{"Length":35,"Height":37,"Demand":3,"DemandMax":null,"Value":1295},{"Length":40,"Height":28,"Demand":1,"DemandMax":null,"Value":1120},{"Length":25,"Height":46,"Demand":4,"DemandMax":null,"Value":1150},{"Length":12,"Height":25,"Demand":7,"DemandMax":null,"Value":300},{"Length":49,"Height":40,"Demand":1,"DemandMax":null,"Value":1960},{"Length":32,"Height":31,"Demand":8,"DemandMax":null,"Value":992},{"Length":44,"Height":31,"Demand":3,"DemandMax":null,"Value":1364},{"Length":21,"Height":29,"Demand":9,"DemandMax":null,"Value":609},{"Length":20,"Height":36,"Demand":8,"DemandMax":null,"Value":720},{"Length":40,"Height":32,"Demand":4,"DemandMax":null,"Value":1280},{"Length":22,"Height":26,"Demand":12,"DemandMax":null,"Value":572},{"Length":14,"Height":30,"Demand":20,"DemandMax":null,"Value":420},{"Length":24,"Height":40,"Demand":5,"DemandMax":null,"Value":960},{"Length":28,"Height":42,"Demand":6,"DemandMax":null,"Value":1176},{"Length":33,"Height":12,"Demand":7,"DemandMax":null,"Value":396},{"Length":46,"Height":32,"Demand":6,"DemandMax":null,"Value":1472},{"Length":42,"Height":27,"Demand":5,"DemandMax":null,"Value":1134},{"Length":31,"Height":43,"Demand":5,"DemandMax":null,"Value":1333},{"Length":16,"Height":11,"Demand":38,"DemandMax":null,"Value":176},{"Length":34,"Height":48,"Demand":1,"DemandMax":null,"Value":1632},{"Length":37,"Height":34,"Demand":1,"DemandMax":null,"Value":1258},{"Length":33,"Height":26,"Demand":7,"DemandMax":null,"Value":858},{"Length":31,"Height":46,"Demand":4,"DemandMax":null,"Value":1426},{"Length":24,"Height":24,"Demand":8,"DemandMax":null,"Value":576},{"Length":30,"Height":44,"Demand":3,"DemandMax":null,"Value":1320},{"Length":28,"Height":27,"Demand":4,"DemandMax":null,"Value":756},{"Length":13,"Height":47,"Demand":7,"DemandMax":null,"Value":611},{"Length":21,"Height":18,"Demand":7,"DemandMax":null,"Value":378},{"Length":26,"Height":41,"Demand":1,"DemandMax":null,"Value":1066},{"Length":44,"Height":28,"Demand":2,"DemandMax":null,"Value":1232},{"Length":34,"Height":44,"Demand":4,"DemandMax":null,"Value":1496},{"Length":22,"Height":14,"Demand":23,"DemandMax":null,"Value":308},{"Length":33,"Height":22,"Demand":5,"DemandMax":null,"Value":726},{"Length":40,"Height":20,"Demand":9,"DemandMax":null,"Value":800},{"Length":31,"Height":27,"Demand":1,"DemandMax":null,"Value":837},{"Length":36,"Height":35,"Demand":2,"DemandMax":null,"Value":1260},{"Length":29,"Height":21,"Demand":2,"DemandMax":null,"Value":609},{"Length":38,"Height":16,"Demand":4,"DemandMax":null,"Value":608},{"Length":12,"Height":43,"Demand":9,"DemandMax":null,"Value":516},{"Length":24,"Height":37,"Demand":4,"DemandMax":null,"Value":888},{"Length":46,"Height":23,"Demand":1,"DemandMax":null,"Value":1058}]}