{"Name":"C2_50_S_11","Objects":[{"Length":100,"Height":100,"Stock":null,"Cost":10000}],"Items":[{"Length":38,"Height":49,"Demand":3,"DemandMax":null,"Value":1862},{"Length":41,"Height":40,"Demand":1,"DemandMax":null,"Value":1640},{"Length":12,"Height":43,"Demand":2,"DemandMax":null,"Value":516},{"Length":39,"Height":45,"Demand":1,"DemandMax":null,"Value":1755},{"Length":39,"Height":47,"Demand":2,"DemandMax":null,"Value":1833},{"Length":48,"Height":28,"Demand":1,"DemandMax":null,"Value":1344},{"Length":15,"Height":15,"Demand":2,"DemandMax":null,"Value":225},{"Length":22,"Height":26,"Demand":2,"DemandMax":null,"Value":572},{"Length":23,"Height":44,"Demand":3,"DemandMax":null,"Value":1012},{"Length":32,"Height":38,"Demand":2,"DemandMax":null,"Value":1216},{"Length":42,"Height":27,"Demand":2,"DemandMax":null,"Value":1134},{"Length":24,"Height":25,"Demand":2,"DemandMax":null,"Value":600},{"Length":43,"Height":28,"Demand":1,"DemandMax":null,"Value":1204},{"Length":26,"Height":32,"Demand":2,"DemandMax":null,"Value":832},{"Length":29,"Height":40,"Demand":3,"DemandMax":null,"Value":1160},{"Length":30,"Height":28,"Demand":1,"DemandMax":null,"Value":840},{"Length":20,"Height":46,"Demand":4,"DemandMax":null,"Value":920},{"Length":46,"Height":20,"Demand":4,"DemandMax":null,"Value":920},{"Length":31,"Height":25,"Demand":3,"DemandMax":null,"Value":775},{"Length":49,"Height":10,"Demand":2,"DemandMax":null,"Value":490},{"Length":35,"Height":29,"Demand":3,"DemandMax":null,"Value":1015},{"Length":42,"Height":37,"Demand":1,"DemandMax":null,"Value":1554},{"Length":28,"Height":43,"Demand":1,"DemandMax":null,"Value":1204},{"Length":45,"Height":49,"Demand":3,"DemandMax":null,"Value":2205},{"Length":25,"Height":38,"Demand":3,"DemandMax":null,"Value":950},{"Length":29,"Height":44,"Demand":2,"DemandMax":null,"Value":1276},{"Length":47,"Height":29,"Demand":1,"DemandMax":null,"Value":1363},{"Length":48,"Height":18,"Demand":3,"DemandMax":null,"Value":864},{"Length":17,"Height":20,"Demand":4,"DemandMax":null,"Value":340},{"Length":10,"Height":32,"Demand":4,"DemandMax":null,"Value":320},{"Length":46,"Height":31,"Demand":3,"DemandMax":null,"Value":1426},{"Length":12,"Height":26,"Demand":4,"DemandMax":null,"Value":312},{"Length":41,"Height":34,"Demand":2,"DemandMax":null,"Value":1394},{"Length":18,"Height":24,"Demand":1,"DemandMax":null,"Value":432},{"Length":45,"Height":24,"Demand":1,"DemandMax":null,"Value":1080},{"Length":36,"Height":25,"Demand":3,"DemandMax":null,"Value":900},{"Length":10,"Height":29,"Demand":2,"DemandMax":null,"Value":290},{"Length":16,"Height":33,"Demand":2,"DemandMax":null,"Value":528},{"Length":41,"Height":37,"Demand":4,"DemandMax":null,"Value":1517},{"Length":20,"Height":15,"Demand":1,"DemandMax":null,"Value":300},{"Length":21,"Height":43,"Demand":4,"DemandMax":null,"Value":903},{"Length":10,"Height":14,"Demand":4,"DemandMax":null,"Value":140},{"Length":20,"Height":41,"Demand":1,"DemandMax":null,"Value":820},{"Length":12,"Height":36,"Demand":1,"DemandMax":null,"Value":432},{"Length":44,"Height":22,"Demand":4,"DemandMax":null,"Value":968},{"Length":14,"Height":12,"Demand":3,"DemandMax":null,"Value":168},{"Length":15,"Height":37,"Demand":3,"DemandMax":null,"Value":555},{"Length":44,"Height":45,"Demand":1,"DemandMax":null,"Value":1980},{"Length":31,"Height":10,"Demand":3,"DemandMax":null,"Value":310},{"Length":28,"Height":41,"Demand":4,"DemandMax":null,"Value":1148}]}