{"Name":"C2_10_L_3","Objects":[{"Length":100,"Height":100,"Stock":null,"Cost":10000}],"Items":[{"Length":57,"Height":34,"Demand":2,"DemandMax":null,"Value":1938},{"Length":27,"Height":25,"Demand":2,"DemandMax":null,"Value":675},{"Length":39,"Height":64,"Demand":4,"DemandMax":null,"Value":2496},{"Length":55,"Height":43,"Demand":1,"DemandMax":null,"Value":2365},{"Length":61,"Height":31,"Demand":4,"DemandMax":null,"Value":1891},{"Length":53,"Height":44,"Demand":1,"DemandMax":null,"Value":2332},{"Length":25,"Height":68,"Demand":3,"DemandMax":null,"Value":1700},{"Length":43,"Height":69,"Demand":2,"DemandMax":null,"Value":2967},{"Length":37,"Height":32,"Demand":3,"DemandMax":null,"Value":1184},{"Length":27,"Height":71,"Demand":3,"DemandMax":null,"Value":1917}]}