{"Name":"C2_50_L_3","Objects":[{"Length":100,"Height":100,"Stock":null,"Cost":10000}],"Items":[{"Length":67,"Height":70,"Demand":1,"DemandMax":null,"Value":4690},{"Length":56,"Height":59,"Demand":3,"DemandMax":null,"Value":3304},{"Length":44,"Height":49,"Demand":2,"DemandMax":null,"Value":2156},{"Length":52,"Height":55,"Demand":4,"DemandMax":null,"Value":2860},{"Length":55,"Height":53,"Demand":2,"DemandMax":null,"Value":2915},{"Length":51,"Height":70,"Demand":2,"DemandMax":null,"Value":3570},{"Length":30,"Height":48,"Demand":1,"DemandMax":null,"Value":1440},{"Length":31,"Height":58,"Demand":2,"DemandMax":null,"Value":1798},{"Length":70,"Height":52,"Demand":1,"DemandMax":null,"Value":3640},{"Length":29,"Height":38,"Demand":3,"DemandMax":null,"Value":1102},{"Length":29,"Height":74,"Demand":1,"DemandMax":null,"Value":2146},{"Length":66,"Height":53,"Demand":2,"DemandMax":null,"Value":3498},{"Length":53,"Height":68,"Demand":1,"DemandMax":null,"Value":3604},{"Length":61,"Height":51,"Demand":2,"DemandMax":null,"Value":3111},{"Length":50,"Height":63,"Demand":5,"DemandMax":null,"Value":3150},{"Length":39,"Height":66,"Demand":1,"DemandMax":null,"Value":2574},{"Length":39,"Height":59,"Demand":4,"DemandMax":null,"Value":2301},{"Length":51,"Height":56,"Demand":4,"DemandMax":null,"Value":2856},{"Length":52,"Height":29,"Demand":2,"DemandMax":null,"Value":1508},{"Length":54,"Height":32,"Demand":2,"DemandMax":null,"Value":1728},{"Length":41,"Height":48,"Demand":4,"DemandMax":null,"Value":1968},{"Length":27,"Height":48,"Demand":4,"DemandMax":null,"Value":1296},{"Length":41,"Height":39,"Demand":2,"DemandMax":null,"Value":1599},{"Length":51,"Height":73,"Demand":2,"DemandMax":null,"Value":3723},{"Length":30,"Height":45,"Demand":3,"DemandMax":null,"Value":1350},{"Length":53,"Height":27,"Demand":3,"DemandMax":null,"Value":1431},{"Length":56,"Height":29,"Demand":3,"DemandMax":null,"Value":1624},{"Length":35,"Height":27,"Demand":3,"DemandMax":null,"Value":945},{"Length":27,"Height":25,"Demand":6,"DemandMax":null,"Value":675},{"Length":55,"Height":39,"Demand":3,"DemandMax":null,"Value":2145},{"Length":46,"Height":26,"Demand":4,"DemandMax":null,"Value":1196},{"Length":54,"Height":54,"Demand":1,"DemandMax":null,"Value":2916},{"Length":36,"Height":59,"Demand":2,"DemandMax":null,"Value":2124},{"Length":74,"Height":43,"Demand":4,"DemandMax":null,"Value":3182},{"Length":47,"Height":65,"Demand":3,"DemandMax":null,"Value":3055},{"Length":31,"Height":40,"Demand":1,"DemandMax":null,"Value":1240},{"Length":58,"Height":68,"Demand":3,"DemandMax":null,"Value":3944},{"Length":61,"Height":44,"Demand":3,"DemandMax":null,"Value":2684},{"Length":34,"Height":46,"Demand":3,"DemandMax":null,"Value":1564},{"Length":64,"Height":68,"Demand":1,"DemandMax":null,"Value":4352},{"Length":74,"Height":45,"Demand":3,"DemandMax":null,"Value":3330},{"Length":65,"Height":33,"Demand":3,"DemandMax":null,"Value":2145},{"Length":65,"Height":53,"Demand":1,"DemandMax":null,"Value":3445},{"Length":63,"Height":64,"Demand":4,"DemandMax":null,"Value":4032},{"Length":45,"Height":62,"Demand":2,"DemandMax":null,"Value":2790},{"Length":57,"Height":71,"Demand":1,"DemandMax":null,"Value":4047},{"Length":42,"Height":72,"Demand":1,"DemandMax":null,"Value":3024},{"Length":26,"Height":38,"Demand":1,"DemandMax":null,"Value":988}]}