{"Name":"C3_50_S_6","Objects":[{"Length":100,"Height":100,"Stock":null,"Cost":10000}],"Items":[{"Length":28,"Height":11,"Demand":1,"DemandMax":null,"Value":308},{"Length":43,"Height":24,"Demand":1,"DemandMax":null,"Value":1032},{"Length":14,"Height":27,"Demand":1,"DemandMax":null,"Value":378},{"Length":14,"Height":40,"Demand":1,"DemandMax":null,"Value":560},{"Length":45,"Height":14,"Demand":1,"DemandMax":null,"Value":630},{"Length":43,"Height":15,"Demand":1,"DemandMax":null,"Value":645},{"Length":39,"Height":24,"Demand":1,"DemandMax":null,"Value":936},{"Length":40,"Height":18,"Demand":1,"DemandMax":null,"Value":720},{"Length":13,"Height":12,"Demand":1,"DemandMax":null,"Value":156},{"Length":32,"Height":24,"Demand":1,"DemandMax":null,"Value":768},{"Length":49,"Height":48,"Demand":1,"DemandMax":null,"Value":2352},{"Length":19,"Height":28,"Demand":1,"DemandMax":null,"Value":532},{"Length":44,"Height":37,"Demand":1,"DemandMax":null,"Value":1628},{"Length":43,"Height":25,"Demand":1,"DemandMax":null,"Value":1075},{"Length":14,"Height":34,"Demand":1,"DemandMax":null,"Value":476},{"Length":12,"Height":25,"Demand":1,"DemandMax":null,"Value":300},{"Length":18,"Height":46,"Demand":1,"DemandMax":null,"Value":828},{"Length":25,"Height":31,"Demand":1,"DemandMax":null,"Value":775},{"Length":25,"Height":35,"Demand":1,"DemandMax":null,"Value":875},{"Length":40,"Height":17,"Demand":1,"DemandMax":null,"Value":680},{"Length":38,"Height":11,"Demand":1,"DemandMax":null,"Value":418},{"Length":29,"Height":25,"Demand":1,"DemandMax":null,"Value":725},{"Length":30,"Height":22,"Demand":1,"DemandMax":null,"Value":660},{"Length":22,"Height":38,"Demand":1,"DemandMax":null,"Value":836},{"Length":25,"Height":42,"Demand":1,"DemandMax":null,"Value":1050},{"Length":49,"Height":22,"Demand":1,"DemandMax":null,"Value":1078},{"Length":41,"Height":38,"Demand":1,"DemandMax":null,"Value":1558},{"Length":12,"Height":45,"Demand":1,"DemandMax":null,"Value":540},{"Length":38,"Height":37,"Demand":1,"DemandMax":null,"Value":1406},{"Length":27,"Height":36,"Demand":1,"DemandMax":null,"Value":972},{"Length":16,"Height":43,"Demand":1,"DemandMax":null,"Value":688},{"Length":43,"Height":20,"Demand":1,"DemandMax":null,"Value":860},{"Length":16,"Height":19,"Demand":1,"DemandMax":null,"Value":304},{"Length":36,"Height":32,"Demand":1,"DemandMax":null,"Value":1152},{"Length":48,"Height":35,"Demand":1,"DemandMax":null,"Value":1680},{"Length":24,"Height":27,"Demand":1,"DemandMax":null,"Value":648},{"Length":41,"Height":24,"Demand":1,"DemandMax":null,"Value":984},{"Length":36,"Height":21,"Demand":1,"DemandMax":null,"Value":756},{"Length":34,"Height":17,"Demand":1,"DemandMax":null,"Value":578},{"Length":14,"Height":41,"Demand":1,"DemandMax":null,"Value":574},{"Length":26,"Height":46,"Demand":1,"DemandMax":null,"Value":1196},{"Length":41,"Height":11,"Demand":1,"DemandMax":null,"Value":451},{"Length":11,"Height":47,"Demand":1,"DemandMax":null,"Value":517},{"Length":22,"Height":12,"Demand":1,"DemandMax":null,"Value":264},{"Length":39,"Height":10,"Demand":1,"DemandMax":null,"Value":390},{"Length":17,"Height":31,"Demand":1,"DemandMax":null,"Value":527},{"Length":46,"Height":47,"Demand":1,"DemandMax":null,"Value":2162},{"Length":26,"Height":15,"Demand":1,"DemandMax":null,"Value":390},{"Length":24,"Height":40,"Demand":1,"DemandMax":null,"Value":960},{"Length":36,"Height":43,"Demand":1,"DemandMax":null,"Value":1548}]}