{"Name":"C2_20_L_11","Objects":[{"Length":100,"Height":100,"Stock":null,"Cost":10000}],"Items":[{"Length":41,"Height":35,"Demand":3,"DemandMax":null,"Value":1435},{"Length":70,"Height":62,"Demand":4,"DemandMax":null,"Value":4340},{"Length":46,"Height":37,"Demand":3,"DemandMax":null,"Value":1702},{"Length":47,"Height":57,"Demand":3,"DemandMax":null,"Value":2679},{"Length":27,"Height":72,"Demand":3,"DemandMax":null,"Value":1944},{"Length":74,"Height":47,"Demand":4,"DemandMax":null,"Value":3478},{"Length":37,"Height":27,"Demand":4,"DemandMax":null,"Value":999},{"Length":45,"Height":72,"Demand":4,"DemandMax":null,"Value":3240},{"Length":66,"Height":68,"Demand":1,"DemandMax":null,"Value":4488},{"Length":55,"Height":44,"Demand":1,"DemandMax":null,"Value":2420},{"Length":73,"Height":29,"Demand":4,"DemandMax":null,"Value":2117},{"Length":59,"Height":51,"Demand":2,"DemandMax":null,"Value":3009},{"Length":30,"Height":65,"Demand":4,"DemandMax":null,"Value":1950},{"Length":74,"Height":37,"Demand":4,"DemandMax":null,"Value":2738},{"Length":49,"Height":50,"Demand":1,"DemandMax":null,"Value":2450},{"Length":30,"Height":28,"Demand":3,"DemandMax":null,"Value":840},{"Length":56,"Height":74,"Demand":4,"DemandMax":null,"Value":4144},{"Length":50,"Height":27,"Demand":1,"DemandMax":null,"Value":1350},{"Length":41,"Height":46,"Demand":1,"DemandMax":null,"Value":1886},{"Length":71,"Height":67,"Demand":1,"DemandMax":null,"Value":4757}]}