{"Name":"C2_10_L_14","Objects":[{"Length":100,"Height":100,"Stock":null,"Cost":10000}],"Items":[{"Length":69,"Height":34,"Demand":1,"DemandMax":null,"Value":2346},{"Length":61,"Height":51,"Demand":1,"DemandMax":null,"Value":3111},{"Length":36,"Height":46,"Demand":1,"DemandMax":null,"Value":1656},{"Length":64,"Height":59,"Demand":4,"DemandMax":null,"Value":3776},{"Length":34,"Height":57,"Demand":1,"DemandMax":null,"Value":1938},{"Length":39,"Height":66,"Demand":1,"DemandMax":null,"Value":2574},{"Length":27,"Height":42,"Demand":2,"DemandMax":null,"Value":1134},{"Length":74,"Height":65,"Demand":4,"DemandMax":null,"Value":4810},{"Length":34,"Height":43,"Demand":2,"DemandMax":null,"Value":1462},{"Length":33,"Height":40,"Demand":3,"DemandMax":null,"Value":1320}]}