{"Name":"C3_20_L_12","Objects":[{"Length":100,"Height":100,"Stock":null,"Cost":10000}],"Items":[{"Length":62,"Height":68,"Demand":1,"DemandMax":null,"Value":4216},{"Length":30,"Height":65,"Demand":1,"DemandMax":null,"Value":1950},{"Length":68,"Height":48,"Demand":1,"DemandMax":null,"Value":3264},{"Length":69,"Height":57,"Demand":1,"DemandMax":null,"Value":3933},{"Length":52,"Height":43,"Demand":1,"DemandMax":null,"Value":2236},{"Length":59,"Height":28,"Demand":1,"DemandMax":null,"Value":1652},{"Length":59,"Height":34,"Demand":1,"DemandMax":null,"Value":2006},{"Length":64,"Height":31,"Demand":1,"DemandMax":null,"Value":1984},{"Length":25,"Height":47,"Demand":1,"DemandMax":null,"Value":1175},{"Length":54,"Height":38,"Demand":1,"DemandMax":null,"Value":2052},{"Length":53,"Height":38,"Demand":1,"DemandMax":null,"Value":2014},{"Length":53,"Height":39,"Demand":1,"DemandMax":null,"Value":2067},{"Length":40,"Height":73,"Demand":1,"DemandMax":null,"Value":2920},{"Length":50,"Height":31,"Demand":1,"DemandMax":null,"Value":1550},{"Length":28,"Height":71,"Demand":1,"DemandMax":null,"Value":1988},{"Length":73,"Height":29,"Demand":1,"DemandMax":null,"Value":2117},{"Length":48,"Height":60,"Demand":1,"DemandMax":null,"Value":2880},{"Length":71,"Height":30,"Demand":1,"DemandMax":null,"Value":2130},{"Length":42,"Height":50,"Demand":1,"DemandMax":null,"Value":2100},{"Length":41,"Height":33,"Demand":1,"DemandMax":null,"Value":1353}]}