{"Name":"C2_30_S_11","Objects":[{"Length":100,"Height":100,"Stock":null,"Cost":10000}],"Items":[{"Length":25,"Height":35,"Demand":3,"DemandMax":null,"Value":875},{"Length":42,"Height":13,"Demand":3,"DemandMax":null,"Value":546},{"Length":23,"Height":10,"Demand":3,"DemandMax":null,"Value":230},{"Length":11,"Height":36,"Demand":2,"DemandMax":null,"Value":396},{"Length":24,"Height":33,"Demand":3,"DemandMax":null,"Value":792},{"Length":16,"Height":41,"Demand":2,"DemandMax":null,"Value":656},{"Length":35,"Height":17,"Demand":3,"DemandMax":null,"Value":595},{"Length":30,"Height":10,"Demand":4,"DemandMax":null,"Value":300},{"Length":15,"Height":45,"Demand":3,"DemandMax":null,"Value":675},{"Length":27,"Height":12,"Demand":4,"DemandMax":null,"Value":324},{"Length":33,"Height":37,"Demand":4,"DemandMax":null,"Value":1221},{"Length":33,"Height":20,"Demand":1,"DemandMax":null,"Value":660},{"Length":16,"Height":45,"Demand":1,"DemandMax":null,"Value":720},{"Length":46,"Height":15,"Demand":1,"DemandMax":null,"Value":690},{"Length":18,"Height":21,"Demand":2,"DemandMax":null,"Value":378},{"Length":18,"Height":28,"Demand":3,"DemandMax":null,"Value":504},{"Length":33,"Height":26,"Demand":3,"DemandMax":null,"Value":858},{"Length":43,"Height":28,"Demand":2,"DemandMax":null,"Value":1204},{"Length":48,"Height":45,"Demand":3,"DemandMax":null,"Value":2160},{"Length":11,"Height":25,"Demand":1,"DemandMax":null,"Value":275},{"Length":31,"Height":48,"Demand":3,"DemandMax":null,"Value":1488},{"Length":44,"Height":41,"Demand":1,"DemandMax":null,"Value":1804},{"Length":37,"Height":16,"Demand":4,"DemandMax":null,"Value":592},{"Length":24,"Height":34,"Demand":2,"DemandMax":null,"Value":816},{"Length":33,"Height":36,"Demand":3,"DemandMax":null,"Value":1188},{"Length":48,"Height":42,"Demand":2,"DemandMax":null,"Value":2016},{"Length":24,"Height":14,"Demand":4,"DemandMax":null,"Value":336},{"Length":18,"Height":15,"Demand":2,"DemandMax":null,"Value":270},{"Length":19,"Height":14,"Demand":2,"DemandMax":null,"Value":266},{"Length":13,"Height":49,"Demand":2,"DemandMax":null,"Value":637}]}