{"Name":"C1_10_L_11","Objects":[{"Length":100,"Height":100,"Stock":null,"Cost":10000}],"Items":[{"Length":44,"Height":45,"Demand":3,"DemandMax":null,"Value":1980},{"Length":58,"Height":47,"Demand":1,"DemandMax":null,"Value":2726},{"Length":74,"Height":56,"Demand":1,"DemandMax":null,"Value":4144},{"Length":70,"Height":65,"Demand":1,"DemandMax":null,"Value":4550},{"Length":73,"Height":50,"Demand":1,"DemandMax":null,"Value":3650},{"Length":29,"Height":66,"Demand":1,"DemandMax":null,"Value":1914},{"Length":58,"Height":28,"Demand":1,"DemandMax":null,"Value":1624},{"Length":59,"Height":54,"Demand":1,"DemandMax":null,"Value":3186},{"Length":74,"Height":62,"Demand":1,"DemandMax":null,"Value":4588},{"Length":70,"Height":59,"Demand":1,"DemandMax":null,"Value":4130}]}