{"Name":"C3_10_S_11","Objects":[{"Length":100,"Height":100,"Stock":null,"Cost":10000}],"Items":[{"Length":12,"Height":47,"Demand":1,"DemandMax":null,"Value":564},{"Length":40,"Height":11,"Demand":1,"DemandMax":null,"Value":440},{"Length":13,"Height":28,"Demand":1,"DemandMax":null,"Value":364},{"Length":17,"Height":15,"Demand":1,"DemandMax":null,"Value":255},{"Length":38,"Height":44,"Demand":1,"DemandMax":null,"Value":1672},{"Length":20,"Height":30,"Demand":1,"DemandMax":null,"Value":600},{"Length":24,"Height":15,"Demand":1,"DemandMax":null,"Value":360},{"Length":23,"Height":29,"Demand":1,"DemandMax":null,"Value":667},{"Length":25,"Height":23,"Demand":1,"DemandMax":null,"Value":575},{"Length":10,"Height":41,"Demand":1,"DemandMax":null,"Value":410}]}