{"Name":"C3_20_S_10","Objects":[{"Length":100,"Height":100,"Stock":null,"Cost":10000}],"Items":[{"Length":46,"Height":48,"Demand":1,"DemandMax":null,"Value":2208},{"Length":19,"Height":47,"Demand":1,"DemandMax":null,"Value":893},{"Length":19,"Height":18,"Demand":1,"DemandMax":null,"Value":342},{"Length":33,"Height":19,"Demand":1,"DemandMax":null,"Value":627},{"Length":49,"Height":20,"Demand":1,"DemandMax":null,"Value":980},{"Length":12,"Height":40,"Demand":1,"DemandMax":null,"Value":480},{"Length":14,"Height":36,"Demand":1,"DemandMax":null,"Value":504},{"Length":49,"Height":25,"Demand":1,"DemandMax":null,"Value":1225},{"Length":26,"Height":32,"Demand":1,"DemandMax":null,"Value":832},{"Length":28,"Height":16,"Demand":1,"DemandMax":null,"Value":448},{"Length":10,"Height":20,"Demand":1,"DemandMax":null,"Value":200},{"Length":29,"Height":18,"Demand":1,"DemandMax":null,"Value":522},{"Length":42,"Height":35,"Demand":1,"DemandMax":null,"Value":1470},{"Length":24,"Height":23,"Demand":1,"DemandMax":null,"Value":552},{"Length":16,"Height":35,"Demand":1,"DemandMax":null,"Value":560},{"Length":21,"Height":27,"Demand":1,"DemandMax":null,"Value":567},{"Length":16,"Height":49,"Demand":1,"DemandMax":null,"Value":784},{"Length":30,"Height":43,"Demand":1,"DemandMax":null,"Value":1290},{"Length":18,"Height":23,"Demand":1,"DemandMax":null,"Value":414},{"Length":42,"Height":23,"Demand":1,"DemandMax":null,"Value":966}]}