{"Name":"C1_40_S_13","Objects":[{"Length":100,"Height":100,"Stock":null,"Cost":10000}],"Items":[{"Length":39,"Height":31,"Demand":3,"DemandMax":null,"Value":1209},{"Length":36,"Height":29,"Demand":6,"DemandMax":null,"Value":1044},{"Length":13,"Height":18,"Demand":27,"DemandMax":null,"Value":234},{"Length":43,"Height":40,"Demand":1,"DemandMax":null,"Value":1720},{"Length":41,"Height":13,"Demand":8,"DemandMax":null,"Value":533},{"Length":42,"Height":10,"Demand":10,"DemandMax":null,"Value":420},{"Length":42,"Height":46,"Demand":3,"DemandMax":null,"Value":1932},{"Length":38,"Height":31,"Demand":3,"DemandMax":null,"Value":1178},{"Length":45,"Height":11,"Demand":17,"DemandMax":null,"Value":495},{"Length":35,"Height":46,"Demand":4,"DemandMax":null,"Value":1610},{"Length":18,"Height":48,"Demand":6,"DemandMax":null,"Value":864},{"Length":19,"Height":36,"Demand":2,"DemandMax":null,"Value":684},{"Length":48,"Height":49,"Demand":2,"DemandMax":null,"Value":2352},{"Length":27,"Height":29,"Demand":4,"DemandMax":null,"Value":783},{"Length":16,"Height":35,"Demand":1,"DemandMax":null,"Value":560},{"Length":34,"Height":29,"Demand":4,"DemandMax":null,"Value":986},{"Length":48,"Height":29,"Demand":5,"DemandMax":null,"Value":1392},{"Length":36,"Height":12,"Demand":13,"DemandMax":null,"Value":432},{"Length":23,"Height":24,"Demand":11,"DemandMax":null,"Value":552},{"Length":43,"Height":48,"Demand":2,"DemandMax":null,"Value":2064},{"Length":45,"Height":16,"Demand":3,"DemandMax":null,"Value":720},{"Length":37,"Height":13,"Demand":8,"DemandMax":null,"Value":481},{"Length":29,"Height":34,"Demand":2,"DemandMax":null,"Value":986},{"Length":25,"Height":36,"Demand":4,"DemandMax":null,"Value":900},{"Length":38,"Height":23,"Demand":6,"DemandMax":null,"Value":874},{"Length":44,"Height":30,"Demand":5,"DemandMax":null,"Value":1320},{"Length":37,"Height":27,"Demand":2,"DemandMax":null,"Value":999},{"Length":27,"Height":17,"Demand":7,"DemandMax":null,"Value":459},{"Length":14,"Height":21,"Demand":25,"DemandMax":null,"Value":294},{"Length":37,"Height":46,"Demand":3,"DemandMax":null,"Value":1702},{"Length":33,"Height":29,"Demand":7,"DemandMax":null,"Value":957},{"Length":37,"Height":31,"Demand":5,"DemandMax":null,"Value":1147},{"Length":44,"Height":27,"Demand":4,"DemandMax":null,"Value":1188},{"Length":39,"Height":21,"Demand":4,"DemandMax":null,"Value":819},{"Length":48,"Height":16,"Demand":8,"DemandMax":null,"Value":768},{"Length":29,"Height":22,"Demand":8,"DemandMax":null,"Value":638},{"Length":33,"Height":17,"Demand":11,"DemandMax":null,"Value":561},{"Length":12,"Height":37,"Demand":16,"DemandMax":null,"Value":444},{"Length":38,"Height":45,"Demand":3,"DemandMax":null,"Value":1710},{"Length":28,"Height":13,"Demand":21,"DemandMax":null,"Value":364}]}