{"Name":"C3_50_S_5","Objects":[{"Length":100,"Height":100,"Stock":null,"Cost":10000}],"Items":[{"Length":42,"Height":46,"Demand":1,"DemandMax":null,"Value":1932},{"Length":34,"Height":14,"Demand":1,"DemandMax":null,"Value":476},{"Length":35,"Height":13,"Demand":1,"DemandMax":null,"Value":455},{"Length":46,"Height":14,"Demand":1,"DemandMax":null,"Value":644},{"Length":47,"Height":30,"Demand":1,"DemandMax":null,"Value":1410},{"Length":43,"Height":17,"Demand":1,"DemandMax":null,"Value":731},{"Length":11,"Height":30,"Demand":1,"DemandMax":null,"Value":330},{"Length":43,"Height":45,"Demand":1,"DemandMax":null,"Value":1935},{"Length":49,"Height":32,"Demand":1,"DemandMax":null,"Value":1568},{"Length":15,"Height":22,"Demand":1,"DemandMax":null,"Value":330},{"Length":38,"Height":45,"Demand":1,"DemandMax":null,"Value":1710},{"Length":22,"Height":16,"Demand":1,"DemandMax":null,"Value":352},{"Length":41,"Height":32,"Demand":1,"DemandMax":null,"Value":1312},{"Length":36,"Height":21,"Demand":1,"DemandMax":null,"Value":756},{"Length":47,"Height":38,"Demand":1,"DemandMax":null,"Value":1786},{"Length":45,"Height":22,"Demand":1,"DemandMax":null,"Value":990},{"Length":12,"Height":44,"Demand":1,"DemandMax":null,"Value":528},{"Length":16,"Height":26,"Demand":1,"DemandMax":null,"Value":416},{"Length":44,"Height":11,"Demand":1,"DemandMax":null,"Value":484},{"Length":11,"Height":38,"Demand":1,"DemandMax":null,"Value":418},{"Length":30,"Height":44,"Demand":1,"DemandMax":null,"Value":1320},{"Length":29,"Height":43,"Demand":1,"DemandMax":null,"Value":1247},{"Length":16,"Height":45,"Demand":1,"DemandMax":null,"Value":720},{"Length":13,"Height":15,"Demand":1,"DemandMax":null,"Value":195},{"Length":18,"Height":12,"Demand":1,"DemandMax":null,"Value":216},{"Length":23,"Height":19,"Demand":1,"DemandMax":null,"Value":437},{"Length":17,"Height":35,"Demand":1,"DemandMax":null,"Value":595},{"Length":23,"Height":36,"Demand":1,"DemandMax":null,"Value":828},{"Length":17,"Height":26,"Demand":1,"DemandMax":null,"Value":442},{"Length":26,"Height":25,"Demand":1,"DemandMax":null,"Value":650},{"Length":13,"Height":34,"Demand":1,"DemandMax":null,"Value":442},{"Length":32,"Height":11,"Demand":1,"DemandMax":null,"Value":352},{"Length":35,"Height":27,"Demand":1,"DemandMax":null,"Value":945},{"Length":37,"Height":15,"Demand":1,"DemandMax":null,"Value":555},{"Length":39,"Height":30,"Demand":1,"DemandMax":null,"Value":1170},{"Length":43,"Height":42,"Demand":1,"DemandMax":null,"Value":1806},{"Length":49,"Height":40,"Demand":1,"DemandMax":null,"Value":1960},{"Length":18,"Height":42,"Demand":1,"DemandMax":null,"Value":756},{"Length":29,"Height":14,"Demand":1,"DemandMax":null,"Value":406},{"Length":34,"Height":39,"Demand":1,"DemandMax":null,"Value":1326},{"Length":39,"Height":22,"Demand":1,"DemandMax":null,"Value":858},{"Length":16,"Height":31,"Demand":1,"DemandMax":null,"Value":496},{"Length":36,"Height":49,"Demand":1,"DemandMax":null,"Value":1764},{"Length":17,"Height":15,"Demand":1,"DemandMax":null,"Value":255},{"Length":22,"Height":48,"Demand":1,"DemandMax":null,"Value":1056},{"Length":12,"Height":37,"Demand":1,"DemandMax":null,"Value":444},{"Length":47,"Height":16,"Demand":1,"DemandMax":null,"Value":752},{"Length":27,"Height":26,"Demand":1,"DemandMax":null,"Value":702},{"Length":22,"Height":46,"Demand":1,"DemandMax":null,"Value":1012},{"Length":30,"Height":22,"Demand":1,"DemandMax":null,"Value":660}]}