{"Name":"C2_40_L_15","Objects":[{"Length":100,"Height":100,"Stock":null,"Cost":10000}],"Items":[{"Length":36,"Height":69,"Demand":2,"DemandMax":null,"Value":2484},{"Length":39,"Height":56,"Demand":1,"DemandMax":null,"Value":2184},{"Length":43,"Height":59,"Demand":3,"DemandMax":null,"Value":2537},{"Length":27,"Height":26,"Demand":2,"DemandMax":null,"Value":702},{"Length":39,"Height":70,"Demand":3,"DemandMax":null,"Value":2730},{"Length":25,"Height":32,"Demand":1,"DemandMax":null,"Value":800},{"Length":53,"Height":60,"Demand":1,"DemandMax":null,"Value":3180},{"Length":50,"Height":60,"Demand":1,"DemandMax":null,"Value":3000},{"Length":65,"Height":64,"Demand":2,"DemandMax":null,"Value":4160},{"Length":47,"Height":67,"Demand":3,"DemandMax":null,"Value":3149},{"Length":69,"Height":25,"Demand":2,"DemandMax":null,"Value":1725},{"Length":34,"Height":34,"Demand":3,"DemandMax":null,"Value":1156},{"Length":49,"Height":27,"Demand":1,"DemandMax":null,"Value":1323},{"Length":34,"Height":50,"Demand":2,"DemandMax":null,"Value":1700},{"Length":34,"Height":28,"Demand":3,"DemandMax":null,"Value":952},{"Length":63,"Height":43,"Demand":4,"DemandMax":null,"Value":2709},{"Length":59,"Height":38,"Demand":2,"DemandMax":null,"Value":2242},{"Length":41,"Height":73,"Demand":4,"DemandMax":null,"Value":2993},{"Length":56,"Height":55,"Demand":3,"DemandMax":null,"Value":3080},{"Length":40,"Height":52,"Demand":4,"DemandMax":null,"Value":2080},{"Length":72,"Height":39,"Demand":1,"DemandMax":null,"Value":2808},{"Length":33,"Height":29,"Demand":6,"DemandMax":null,"Value":957},{"Length":35,"Height":37,"Demand":4,"DemandMax":null,"Value":1295},{"Length":37,"Height":49,"Demand":2,"DemandMax":null,"Value":1813},{"Length":61,"Height":48,"Demand":2,"DemandMax":null,"Value":2928},{"Length":57,"Height":36,"Demand":1,"DemandMax":null,"Value":2052},{"Length":28,"Height":74,"Demand":3,"DemandMax":null,"Value":2072},{"Length":44,"Height":65,"Demand":2,"DemandMax":null,"Value":2860},{"Length":63,"Height":58,"Demand":3,"DemandMax":null,"Value":3654},{"Length":55,"Height":30,"Demand":4,"DemandMax":null,"Value":1650},{"Length":73,"Height":51,"Demand":3,"DemandMax":null,"Value":3723},{"Length":35,"Height":25,"Demand":4,"DemandMax":null,"Value":875},{"Length":27,"Height":63,"Demand":1,"DemandMax":null,"Value":1701},{"Length":54,"Height":44,"Demand":1,"DemandMax":null,"Value":2376},{"Length":38,"Height":54,"Demand":1,"DemandMax":null,"Value":2052},{"Length":32,"Height":68,"Demand":3,"DemandMax":null,"Value":2176},{"Length":74,"Height":43,"Demand":4,"DemandMax":null,"Value":3182},{"Length":69,"Height":43,"Demand":1,"DemandMax":null,"Value":2967},{"Length":31,"Height":31,"Demand":3,"DemandMax":null,"Value":961}]}