{"Name":"C1_50_S_8","Objects":[{"Length":100,"Height":100,"Stock":null,"Cost":10000}],"Items":[{"Length":48,"Height":15,"Demand":16,"DemandMax":null,"Value":720},{"Length":29,"Height":33,"Demand":8,"DemandMax":null,"Value":957},{"Length":31,"Height":16,"Demand":14,"DemandMax":null,"Value":496},{"Length":28,"Height":39,"Demand":1,"DemandMax":null,"Value":1092},{"Length":29,"Height":40,"Demand":2,"DemandMax":null,"Value":1160},{"Length":43,"Height":41,"Demand":4,"DemandMax":null,"Value":1763},{"Length":18,"Height":25,"Demand":8,"DemandMax":null,"Value":450},{"Length":18,"Height":43,"Demand":3,"DemandMax":null,"Value":774},{"Length":14,"Height":13,"Demand":19,"DemandMax":null,"Value":182},{"Length":19,"Height":23,"Demand":14,"DemandMax":null,"Value":437},{"Length":30,"Height":21,"Demand":6,"DemandMax":null,"Value":630},{"Length":45,"Height":43,"Demand":4,"DemandMax":null,"Value":1935},{"Length":33,"Height":25,"Demand":10,"DemandMax":null,"Value":825},{"Length":26,"Height":27,"Demand":6,"DemandMax":null,"Value":702},{"Length":22,"Height":37,"Demand":4,"DemandMax":null,"Value":814},{"Length":49,"Height":14,"Demand":6,"DemandMax":null,"Value":686},{"Length":37,"Height":49,"Demand":2,"DemandMax":null,"Value":1813},{"Length":19,"Height":43,"Demand":9,"DemandMax":null,"Value":817},{"Length":23,"Height":38,"Demand":1,"DemandMax":null,"Value":874},{"Length":13,"Height":24,"Demand":17,"DemandMax":null,"Value":312},{"Length":40,"Height":20,"Demand":8,"DemandMax":null,"Value":800},{"Length":15,"Height":47,"Demand":9,"DemandMax":null,"Value":705},{"Length":31,"Height":17,"Demand":12,"DemandMax":null,"Value":527},{"Length":43,"Height":45,"Demand":2,"DemandMax":null,"Value":1935},{"Length":37,"Height":11,"Demand":8,"DemandMax":null,"Value":407},{"Length":38,"Height":31,"Demand":2,"DemandMax":null,"Value":1178},{"Length":48,"Height":28,"Demand":4,"DemandMax":null,"Value":1344},{"Length":28,"Height":30,"Demand":4,"DemandMax":null,"Value":840},{"Length":41,"Height":18,"Demand":9,"DemandMax":null,"Value":738},{"Length":24,"Height":27,"Demand":5,"DemandMax":null,"Value":648},{"Length":34,"Height":26,"Demand":3,"DemandMax":null,"Value":884},{"Length":13,"Height":34,"Demand":10,"DemandMax":null,"Value":442},{"Length":47,"Height":14,"Demand":3,"DemandMax":null,"Value":658},{"Length":45,"Height":21,"Demand":8,"DemandMax":null,"Value":945},{"Length":27,"Height":15,"Demand":9,"DemandMax":null,"Value":405},{"Length":43,"Height":39,"Demand":3,"DemandMax":null,"Value":1677},{"Length":15,"Height":41,"Demand":10,"DemandMax":null,"Value":615},{"Length":13,"Height":31,"Demand":3,"DemandMax":null,"Value":403},{"Length":37,"Height":35,"Demand":1,"DemandMax":null,"Value":1295},{"Length":18,"Height":23,"Demand":9,"DemandMax":null,"Value":414},{"Length":48,"Height":36,"Demand":3,"DemandMax":null,"Value":1728},{"Length":35,"Height":12,"Demand":2,"DemandMax":null,"Value":420},{"Length":39,"Height":40,"Demand":2,"DemandMax":null,"Value":1560},{"Length":18,"Height":40,"Demand":9,"DemandMax":null,"Value":720},{"Length":29,"Height":19,"Demand":1,"DemandMax":null,"Value":551},{"Length":48,"Height":39,"Demand":1,"DemandMax":null,"Value":1872},{"Length":44,"Height":40,"Demand":1,"DemandMax":null,"Value":1760}]}