{"Name":"C2_20_S_6","Objects":[{"Length":100,"Height":100,"Stock":null,"Cost":10000}],"Items":[{"Length":48,"Height":27,"Demand":4,"DemandMax":null,"Value":1296},{"Length":38,"Height":14,"Demand":3,"DemandMax":null,"Value":532},{"Length":15,"Height":33,"Demand":2,"DemandMax":null,"Value":495},{"Length":21,"Height":44,"Demand":3,"DemandMax":null,"Value":924},{"Length":46,"Height":11,"Demand":2,"DemandMax":null,"Value":506},{"Length":15,"Height":35,"Demand":1,"DemandMax":null,"Value":525},{"Length":36,"Height":36,"Demand":1,"DemandMax":null,"Value":1296},{"Length":34,"Height":21,"Demand":1,"DemandMax":null,"Value":714},{"Length":14,"Height":22,"Demand":2,"DemandMax":null,"Value":308},{"Length":29,"Height":34,"Demand":3,"DemandMax":null,"Value":986},{"Length":12,"Height":32,"Demand":4,"DemandMax":null,"Value":384},{"Length":15,"Height":19,"Demand":3,"DemandMax":null,"Value":285},{"Length":44,"Height":43,"Demand":3,"DemandMax":null,"Value":1892},{"Length":39,"Height":18,"Demand":1,"DemandMax":null,"Value":702},{"Length":12,"Height":47,"Demand":2,"DemandMax":null,"Value":564},{"Length":22,"Height":22,"Demand":2,"DemandMax":null,"Value":484},{"Length":16,"Height":39,"Demand":2,"DemandMax":null,"Value":624},{"Length":30,"Height":49,"Demand":2,"DemandMax":null,"Value":1470},{"Length":37,"Height":41,"Demand":4,"DemandMax":null,"Value":1517},{"Length":26,"Height":44,"Demand":1,"DemandMax":null,"Value":1144}]}