{"Name":"C3_30_S_12","Objects":[{"Length":100,"Height":100,"Stock":null,"Cost":10000}],"Items":[{"Length":21,"Height":22,"Demand":1,"DemandMax":null,"Value":462},{"Length":29,"Height":13,"Demand":1,"DemandMax":null,"Value":377},{"Length":27,"Height":14,"Demand":1,"DemandMax":null,"Value":378},{"Length":25,"Height":31,"Demand":1,"DemandMax":null,"Value":775},{"Length":13,"Height":25,"Demand":1,"DemandMax":null,"Value":325},{"Length":31,"Height":30,"Demand":1,"DemandMax":null,"Value":930},{"Length":43,"Height":27,"Demand":1,"DemandMax":null,"Value":1161},{"Length":20,"Height":15,"Demand":1,"DemandMax":null,"Value":300},{"Length":16,"Height":36,"Demand":1,"DemandMax":null,"Value":576},{"Length":13,"Height":11,"Demand":1,"DemandMax":null,"Value":143},{"Length":24,"Height":19,"Demand":1,"DemandMax":null,"Value":456},{"Length":23,"Height":40,"Demand":1,"DemandMax":null,"Value":920},{"Length":36,"Height":11,"Demand":1,"DemandMax":null,"Value":396},{"Length":41,"Height":37,"Demand":1,"DemandMax":null,"Value":1517},{"Length":23,"Height":41,"Demand":1,"DemandMax":null,"Value":943},{"Length":11,"Height":23,"Demand":1,"DemandMax":null,"Value":253},{"Length":44,"Height":41,"Demand":1,"DemandMax":null,"Value":1804},{"Length":17,"Height":14,"Demand":1,"DemandMax":null,"Value":238},{"Length":37,"Height":39,"Demand":1,"DemandMax":null,"Value":1443},{"Length":24,"Height":34,"Demand":1,"DemandMax":null,"Value":816},{"Length":31,"Height":46,"Demand":1,"DemandMax":null,"Value":1426},{"Length":33,"Height":46,"Demand":1,"DemandMax":null,"Value":1518},{"Length":26,"Height":15,"Demand":1,"DemandMax":null,"Value":390},{"Length":32,"Height":48,"Demand":1,"DemandMax":null,"Value":1536},{"Length":27,"Height":34,"Demand":1,"DemandMax":null,"Value":918},{"Length":14,"Height":27,"Demand":1,"DemandMax":null,"Value":378},{"Length":13,"Height":36,"Demand":1,"DemandMax":null,"Value":468},{"Length":20,"Height":45,"Demand":1,"DemandMax":null,"Value":900},{"Length":18,"Height":36,"Demand":1,"DemandMax":null,"Value":648},{"Length":23,"Height":21,"Demand":1,"DemandMax":null,"Value":483}]}