{"Name":"C2_40_S_10","Objects":[{"Length":100,"Height":100,"Stock":null,"Cost":10000}],"Items":[{"Length":36,"Height":46,"Demand":3,"DemandMax":null,"Value":1656},{"Length":25,"Height":29,"Demand":3,"DemandMax":null,"Value":725},{"Length":19,"Height":17,"Demand":2,"DemandMax":null,"Value":323},{"Length":28,"Height":36,"Demand":4,"DemandMax":null,"Value":1008},{"Length":39,"Height":41,"Demand":1,"DemandMax":null,"Value":1599},{"Length":35,"Height":30,"Demand":3,"DemandMax":null,"Value":1050},{"Length":35,"Height":31,"Demand":1,"DemandMax":null,"Value":1085},{"Length":27,"Height":12,"Demand":3,"DemandMax":null,"Value":324},{"Length":44,"Height":27,"Demand":2,"DemandMax":null,"Value":1188},{"Length":22,"Height":21,"Demand":2,"DemandMax":null,"Value":462},{"Length":24,"Height":39,"Demand":2,"DemandMax":null,"Value":936},{"Length":32,"Height":12,"Demand":2,"DemandMax":null,"Value":384},{"Length":21,"Height":38,"Demand":3,"DemandMax":null,"Value":798},{"Length":22,"Height":12,"Demand":2,"DemandMax":null,"Value":264},{"Length":16,"Height":21,"Demand":4,"DemandMax":null,"Value":336},{"Length":36,"Height":33,"Demand":4,"DemandMax":null,"Value":1188},{"Length":49,"Height":37,"Demand":3,"DemandMax":null,"Value":1813},{"Length":21,"Height":42,"Demand":1,"DemandMax":null,"Value":882},{"Length":24,"Height":33,"Demand":2,"DemandMax":null,"Value":792},{"Length":23,"Height":18,"Demand":3,"DemandMax":null,"Value":414},{"Length":14,"Height":37,"Demand":4,"DemandMax":null,"Value":518},{"Length":16,"Height":16,"Demand":1,"DemandMax":null,"Value":256},{"Length":49,"Height":47,"Demand":4,"DemandMax":null,"Value":2303},{"Length":15,"Height":23,"Demand":1,"DemandMax":null,"Value":345},{"Length":16,"Height":19,"Demand":1,"DemandMax":null,"Value":304},{"Length":14,"Height":16,"Demand":2,"DemandMax":null,"Value":224},{"Length":40,"Height":28,"Demand":2,"DemandMax":null,"Value":1120},{"Length":16,"Height":14,"Demand":4,"DemandMax":null,"Value":224},{"Length":12,"Height":20,"Demand":2,"DemandMax":null,"Value":240},{"Length":24,"Height":23,"Demand":1,"DemandMax":null,"Value":552},{"Length":39,"Height":17,"Demand":1,"DemandMax":null,"Value":663},{"Length":40,"Height":31,"Demand":2,"DemandMax":null,"Value":1240},{"Length":11,"Height":46,"Demand":4,"DemandMax":null,"Value":506},{"Length":37,"Height":14,"Demand":1,"DemandMax":null,"Value":518},{"Length":49,"Height":28,"Demand":3,"DemandMax":null,"Value":1372},{"Length":26,"Height":42,"Demand":3,"DemandMax":null,"Value":1092},{"Length":33,"Height":48,"Demand":1,"DemandMax":null,"Value":1584},{"Length":23,"Height":17,"Demand":1,"DemandMax":null,"Value":391},{"Length":40,"Height":41,"Demand":1,"DemandMax":null,"Value":1640},{"Length":24,"Height":11,"Demand":4,"DemandMax":null,"Value":264}]}