{"Name":"C1_40_L_12","Objects":[{"Length":100,"Height":100,"Stock":null,"Cost":10000}],"Items":[{"Length":25,"Height":35,"Demand":3,"DemandMax":null,"Value":875},{"Length":57,"Height":70,"Demand":1,"DemandMax":null,"Value":3990},{"Length":72,"Height":53,"Demand":1,"DemandMax":null,"Value":3816},{"Length":35,"Height":54,"Demand":1,"DemandMax":null,"Value":1890},{"Length":58,"Height":50,"Demand":1,"DemandMax":null,"Value":2900},{"Length":58,"Height":66,"Demand":1,"DemandMax":null,"Value":3828},{"Length":56,"Height":53,"Demand":1,"DemandMax":null,"Value":2968},{"Length":74,"Height":32,"Demand":2,"DemandMax":null,"Value":2368},{"Length":69,"Height":55,"Demand":1,"DemandMax":null,"Value":3795},{"Length":66,"Height":50,"Demand":2,"DemandMax":null,"Value":3300},{"Length":40,"Height":29,"Demand":4,"DemandMax":null,"Value":1160},{"Length":64,"Height":34,"Demand":2,"DemandMax":null,"Value":2176},{"Length":64,"Height":32,"Demand":2,"DemandMax":null,"Value":2048},{"Length":35,"Height":33,"Demand":4,"DemandMax":null,"Value":1155},{"Length":53,"Height":57,"Demand":1,"DemandMax":null,"Value":3021},{"Length":43,"Height":58,"Demand":2,"DemandMax":null,"Value":2494},{"Length":51,"Height":60,"Demand":1,"DemandMax":null,"Value":3060},{"Length":32,"Height":44,"Demand":4,"DemandMax":null,"Value":1408},{"Length":67,"Height":67,"Demand":1,"DemandMax":null,"Value":4489},{"Length":30,"Height":34,"Demand":5,"DemandMax":null,"Value":1020},{"Length":64,"Height":37,"Demand":1,"DemandMax":null,"Value":2368},{"Length":27,"Height":44,"Demand":6,"DemandMax":null,"Value":1188},{"Length":74,"Height":69,"Demand":1,"DemandMax":null,"Value":5106},{"Length":37,"Height":55,"Demand":1,"DemandMax":null,"Value":2035},{"Length":61,"Height":46,"Demand":1,"DemandMax":null,"Value":2806},{"Length":34,"Height":34,"Demand":1,"DemandMax":null,"Value":1156},{"Length":65,"Height":46,"Demand":1,"DemandMax":null,"Value":2990},{"Length":65,"Height":33,"Demand":2,"DemandMax":null,"Value":2145},{"Length":70,"Height":52,"Demand":1,"DemandMax":null,"Value":3640},{"Length":45,"Height":69,"Demand":2,"DemandMax":null,"Value":3105},{"Length":49,"Height":51,"Demand":1,"DemandMax":null,"Value":2499},{"Length":44,"Height":30,"Demand":1,"DemandMax":null,"Value":1320},{"Length":60,"Height":61,"Demand":1,"DemandMax":null,"Value":3660},{"Length":73,"Height":29,"Demand":3,"DemandMax":null,"Value":2117},{"Length":44,"Height":56,"Demand":2,"DemandMax":null,"Value":2464},{"Length":39,"Height":56,"Demand":2,"DemandMax":null,"Value":2184},{"Length":26,"Height":68,"Demand":2,"DemandMax":null,"Value":1768},{"Length":73,"Height":49,"Demand":2,"DemandMax":null,"Value":3577},{"Length":69,"Height":26,"Demand":1,"DemandMax":null,"Value":1794},{"Length":48,"Height":46,"Demand":4,"DemandMax":null,"Value":2208}]}