{"Name":"C3_40_S_9","Objects":[{"Length":100,"Height":100,"Stock":null,"Cost":10000}],"Items":[{"Length":28,"Height":24,"Demand":1,"DemandMax":null,"Value":672},{"Length":11,"Height":35,"Demand":1,"DemandMax":null,"Value":385},{"Length":34,"Height":21,"Demand":1,"DemandMax":null,"Value":714},{"Length":45,"Height":33,"Demand":1,"DemandMax":null,"Value":1485},{"Length":35,"Height":12,"Demand":1,"DemandMax":null,"Value":420},{"Length":42,"Height":21,"Demand":1,"DemandMax":null,"Value":882},{"Length":46,"Height":44,"Demand":1,"DemandMax":null,"Value":2024},{"Length":21,"Height":37,"Demand":1,"DemandMax":null,"Value":777},{"Length":43,"Height":18,"Demand":1,"DemandMax":null,"Value":774},{"Length":34,"Height":28,"Demand":1,"DemandMax":null,"Value":952},{"Length":28,"Height":39,"Demand":1,"DemandMax":null,"Value":1092},{"Length":29,"Height":31,"Demand":1,"DemandMax":null,"Value":899},{"Length":16,"Height":10,"Demand":1,"DemandMax":null,"Value":160},{"Length":40,"Height":29,"Demand":1,"DemandMax":null,"Value":1160},{"Length":19,"Height":35,"Demand":1,"DemandMax":null,"Value":665},{"Length":46,"Height":17,"Demand":1,"DemandMax":null,"Value":782},{"Length":16,"Height":19,"Demand":1,"DemandMax":null,"Value":304},{"Length":44,"Height":26,"Demand":1,"DemandMax":null,"Value":1144},{"Length":14,"Height":16,"Demand":1,"DemandMax":null,"Value":224},{"Length":31,"Height":40,"Demand":1,"DemandMax":null,"Value":1240},{"Length":27,"Height":14,"Demand":1,"DemandMax":null,"Value":378},{"Length":38,"Height":26,"Demand":1,"DemandMax":null,"Value":988},{"Length":29,"Height":46,"Demand":2,"DemandMax":null,"Value":1334},{"Length":15,"Height":12,"Demand":1,"DemandMax":null,"Value":180},{"Length":20,"Height":15,"Demand":1,"DemandMax":null,"Value":300},{"Length":23,"Height":31,"Demand":1,"DemandMax":null,"Value":713},{"Length":12,"Height":32,"Demand":1,"DemandMax":null,"Value":384},{"Length":11,"Height":49,"Demand":1,"DemandMax":null,"Value":539},{"Length":19,"Height":17,"Demand":1,"DemandMax":null,"Value":323},{"Length":24,"Height":48,"Demand":1,"DemandMax":null,"Value":1152},{"Length":48,"Height":14,"Demand":1,"DemandMax":null,"Value":672},{"Length":27,"Height":26,"Demand":1,"DemandMax":null,"Value":702},{"Length":41,"Height":26,"Demand":1,"DemandMax":null,"Value":1066},{"Length":44,"Height":34,"Demand":1,"DemandMax":null,"Value":1496},{"Length":19,"Height":13,"Demand":1,"DemandMax":null,"Value":247},{"Length":23,"Height":26,"Demand":1,"DemandMax":null,"Value":598},{"Length":41,"Height":34,"Demand":1,"DemandMax":null,"Value":1394},{"Length":18,"Height":42,"Demand":1,"DemandMax":null,"Value":756},{"Length":26,"Height":15,"Demand":1,"DemandMax":null,"Value":390}]}