{"Name":"C3_40_S_2","Objects":[{"Length":100,"Height":100,"Stock":null,"Cost":10000}],"Items":[{"Length":25,"Height":28,"Demand":1,"DemandMax":null,"Value":700},{"Length":10,"Height":15,"Demand":1,"DemandMax":null,"Value":150},{"Length":20,"Height":17,"Demand":1,"DemandMax":null,"Value":340},{"Length":42,"Height":42,"Demand":1,"DemandMax":null,"Value":1764},{"Length":34,"Height":40,"Demand":1,"DemandMax":null,"Value":1360},{"Length":44,"Height":18,"Demand":1,"DemandMax":null,"Value":792},{"Length":11,"Height":33,"Demand":1,"DemandMax":null,"Value":363},{"Length":15,"Height":15,"Demand":1,"DemandMax":null,"Value":225},{"Length":16,"Height":41,"Demand":1,"DemandMax":null,"Value":656},{"Length":19,"Height":35,"Demand":1,"DemandMax":null,"Value":665},{"Length":39,"Height":14,"Demand":1,"DemandMax":null,"Value":546},{"Length":49,"Height":27,"Demand":1,"DemandMax":null,"Value":1323},{"Length":25,"Height":39,"Demand":1,"DemandMax":null,"Value":975},{"Length":27,"Height":37,"Demand":1,"DemandMax":null,"Value":999},{"Length":34,"Height":29,"Demand":1,"DemandMax":null,"Value":986},{"Length":22,"Height":45,"Demand":1,"DemandMax":null,"Value":990},{"Length":13,"Height":20,"Demand":1,"DemandMax":null,"Value":260},{"Length":42,"Height":25,"Demand":1,"DemandMax":null,"Value":1050},{"Length":18,"Height":25,"Demand":1,"DemandMax":null,"Value":450},{"Length":13,"Height":36,"Demand":1,"DemandMax":null,"Value":468},{"Length":31,"Height":42,"Demand":1,"DemandMax":null,"Value":1302},{"Length":46,"Height":33,"Demand":1,"DemandMax":null,"Value":1518},{"Length":41,"Height":15,"Demand":1,"DemandMax":null,"Value":615},{"Length":32,"Height":10,"Demand":1,"DemandMax":null,"Value":320},{"Length":11,"Height":14,"Demand":1,"DemandMax":null,"Value":154},{"Length":34,"Height":35,"Demand":1,"DemandMax":null,"Value":1190},{"Length":40,"Height":30,"Demand":1,"DemandMax":null,"Value":1200},{"Length":16,"Height":10,"Demand":1,"DemandMax":null,"Value":160},{"Length":31,"Height":36,"Demand":1,"DemandMax":null,"Value":1116},{"Length":49,"Height":38,"Demand":1,"DemandMax":null,"Value":1862},{"Length":42,"Height":29,"Demand":1,"DemandMax":null,"Value":1218},{"Length":26,"Height":41,"Demand":1,"DemandMax":null,"Value":1066},{"Length":44,"Height":25,"Demand":1,"DemandMax":null,"Value":1100},{"Length":11,"Height":26,"Demand":1,"DemandMax":null,"Value":286},{"Length":45,"Height":14,"Demand":1,"DemandMax":null,"Value":630},{"Length":25,"Height":25,"Demand":1,"DemandMax":null,"Value":625},{"Length":47,"Height":21,"Demand":1,"DemandMax":null,"Value":987},{"Length":18,"Height":23,"Demand":1,"DemandMax":null,"Value":414},{"Length":49,"Height":29,"Demand":1,"DemandMax":null,"Value":1421},{"Length":22,"Height":16,"Demand":1,"DemandMax":null,"Value":352}]}