{"Name":"C2_20_L_14","Objects":[{"Length":100,"Height":100,"Stock":null,"Cost":10000}],"Items":[{"Length":27,"Height":28,"Demand":3,"DemandMax":null,"Value":756},{"Length":65,"Height":52,"Demand":1,"DemandMax":null,"Value":3380},{"Length":26,"Height":58,"Demand":2,"DemandMax":null,"Value":1508},{"Length":72,"Height":34,"Demand":1,"DemandMax":null,"Value":2448},{"Length":54,"Height":59,"Demand":2,"DemandMax":null,"Value":3186},{"Length":59,"Height":70,"Demand":4,"DemandMax":null,"Value":4130},{"Length":37,"Height":43,"Demand":1,"DemandMax":null,"Value":1591},{"Length":65,"Height":47,"Demand":4,"DemandMax":null,"Value":3055},{"Length":58,"Height":29,"Demand":4,"DemandMax":null,"Value":1682},{"Length":59,"Height":73,"Demand":3,"DemandMax":null,"Value":4307},{"Length":66,"Height":63,"Demand":4,"DemandMax":null,"Value":4158},{"Length":33,"Height":57,"Demand":3,"DemandMax":null,"Value":1881},{"Length":61,"Height":62,"Demand":2,"DemandMax":null,"Value":3782},{"Length":33,"Height":41,"Demand":1,"DemandMax":null,"Value":1353},{"Length":58,"Height":39,"Demand":4,"DemandMax":null,"Value":2262},{"Length":73,"Height":26,"Demand":1,"DemandMax":null,"Value":1898},{"Length":52,"Height":56,"Demand":1,"DemandMax":null,"Value":2912},{"Length":51,"Height":51,"Demand":4,"DemandMax":null,"Value":2601},{"Length":60,"Height":66,"Demand":2,"DemandMax":null,"Value":3960},{"Length":72,"Height":27,"Demand":3,"DemandMax":null,"Value":1944}]}