{"Name":"C1_40_L_6","Objects":[{"Length":100,"Height":100,"Stock":null,"Cost":10000}],"Items":[{"Length":50,"Height":42,"Demand":3,"DemandMax":null,"Value":2100},{"Length":54,"Height":25,"Demand":3,"DemandMax":null,"Value":1350},{"Length":49,"Height":48,"Demand":3,"DemandMax":null,"Value":2352},{"Length":57,"Height":58,"Demand":1,"DemandMax":null,"Value":3306},{"Length":53,"Height":26,"Demand":1,"DemandMax":null,"Value":1378},{"Length":38,"Height":50,"Demand":2,"DemandMax":null,"Value":1900},{"Length":74,"Height":70,"Demand":1,"DemandMax":null,"Value":5180},{"Length":52,"Height":62,"Demand":1,"DemandMax":null,"Value":3224},{"Length":30,"Height":71,"Demand":3,"DemandMax":null,"Value":2130},{"Length":41,"Height":63,"Demand":2,"DemandMax":null,"Value":2583},{"Length":73,"Height":70,"Demand":1,"DemandMax":null,"Value":5110},{"Length":52,"Height":60,"Demand":1,"DemandMax":null,"Value":3120},{"Length":72,"Height":38,"Demand":1,"DemandMax":null,"Value":2736},{"Length":52,"Height":52,"Demand":1,"DemandMax":null,"Value":2704},{"Length":53,"Height":64,"Demand":1,"DemandMax":null,"Value":3392},{"Length":28,"Height":47,"Demand":6,"DemandMax":null,"Value":1316},{"Length":62,"Height":44,"Demand":2,"DemandMax":null,"Value":2728},{"Length":52,"Height":71,"Demand":2,"DemandMax":null,"Value":3692},{"Length":43,"Height":33,"Demand":4,"DemandMax":null,"Value":1419},{"Length":49,"Height":44,"Demand":4,"DemandMax":null,"Value":2156},{"Length":33,"Height":66,"Demand":1,"DemandMax":null,"Value":2178},{"Length":69,"Height":48,"Demand":1,"DemandMax":null,"Value":3312},{"Length":46,"Height":33,"Demand":3,"DemandMax":null,"Value":1518},{"Length":44,"Height":35,"Demand":4,"DemandMax":null,"Value":1540},{"Length":64,"Height":53,"Demand":1,"DemandMax":null,"Value":3392},{"Length":62,"Height":29,"Demand":1,"DemandMax":null,"Value":1798},{"Length":50,"Height":26,"Demand":5,"DemandMax":null,"Value":1300},{"Length":38,"Height":38,"Demand":3,"DemandMax":null,"Value":1444},{"Length":62,"Height":40,"Demand":1,"DemandMax":null,"Value":2480},{"Length":58,"Height":62,"Demand":1,"DemandMax":null,"Value":3596},{"Length":66,"Height":42,"Demand":2,"DemandMax":null,"Value":2772},{"Length":26,"Height":54,"Demand":3,"DemandMax":null,"Value":1404},{"Length":46,"Height":36,"Demand":4,"DemandMax":null,"Value":1656},{"Length":26,"Height":65,"Demand":2,"DemandMax":null,"Value":1690},{"Length":62,"Height":46,"Demand":2,"DemandMax":null,"Value":2852},{"Length":50,"Height":35,"Demand":2,"DemandMax":null,"Value":1750},{"Length":36,"Height":54,"Demand":1,"DemandMax":null,"Value":1944},{"Length":42,"Height":71,"Demand":1,"DemandMax":null,"Value":2982}]}