{"Name":"C2_40_L_10","Objects":[{"Length":100,"Height":100,"Stock":null,"Cost":10000}],"Items":[{"Length":69,"Height":63,"Demand":1,"DemandMax":null,"Value":4347},{"Length":32,"Height":49,"Demand":2,"DemandMax":null,"Value":1568},{"Length":45,"Height":51,"Demand":2,"DemandMax":null,"Value":2295},{"Length":56,"Height":49,"Demand":4,"DemandMax":null,"Value":2744},{"Length":44,"Height":41,"Demand":1,"DemandMax":null,"Value":1804},{"Length":37,"Height":33,"Demand":3,"DemandMax":null,"Value":1221},{"Length":52,"Height":71,"Demand":2,"DemandMax":null,"Value":3692},{"Length":25,"Height":55,"Demand":1,"DemandMax":null,"Value":1375},{"Length":36,"Height":71,"Demand":4,"DemandMax":null,"Value":2556},{"Length":29,"Height":41,"Demand":2,"DemandMax":null,"Value":1189},{"Length":59,"Height":50,"Demand":1,"DemandMax":null,"Value":2950},{"Length":30,"Height":71,"Demand":3,"DemandMax":null,"Value":2130},{"Length":34,"Height":30,"Demand":2,"DemandMax":null,"Value":1020},{"Length":54,"Height":32,"Demand":1,"DemandMax":null,"Value":1728},{"Length":74,"Height":58,"Demand":1,"DemandMax":null,"Value":4292},{"Length":61,"Height":29,"Demand":3,"DemandMax":null,"Value":1769},{"Length":71,"Height":27,"Demand":2,"DemandMax":null,"Value":1917},{"Length":56,"Height":68,"Demand":4,"DemandMax":null,"Value":3808},{"Length":34,"Height":54,"Demand":4,"DemandMax":null,"Value":1836},{"Length":68,"Height":46,"Demand":4,"DemandMax":null,"Value":3128},{"Length":73,"Height":35,"Demand":1,"DemandMax":null,"Value":2555},{"Length":30,"Height":47,"Demand":3,"DemandMax":null,"Value":1410},{"Length":64,"Height":37,"Demand":4,"DemandMax":null,"Value":2368},{"Length":47,"Height":64,"Demand":1,"DemandMax":null,"Value":3008},{"Length":66,"Height":54,"Demand":3,"DemandMax":null,"Value":3564},{"Length":57,"Height":69,"Demand":2,"DemandMax":null,"Value":3933},{"Length":57,"Height":37,"Demand":4,"DemandMax":null,"Value":2109},{"Length":51,"Height":30,"Demand":2,"DemandMax":null,"Value":1530},{"Length":26,"Height":73,"Demand":4,"DemandMax":null,"Value":1898},{"Length":51,"Height":49,"Demand":2,"DemandMax":null,"Value":2499},{"Length":64,"Height":46,"Demand":4,"DemandMax":null,"Value":2944},{"Length":73,"Height":63,"Demand":1,"DemandMax":null,"Value":4599},{"Length":39,"Height":41,"Demand":1,"DemandMax":null,"Value":1599},{"Length":58,"Height":74,"Demand":1,"DemandMax":null,"Value":4292},{"Length":54,"Height":68,"Demand":4,"DemandMax":null,"Value":3672},{"Length":64,"Height":51,"Demand":3,"DemandMax":null,"Value":3264},{"Length":25,"Height":28,"Demand":2,"DemandMax":null,"Value":700},{"Length":50,"Height":69,"Demand":2,"DemandMax":null,"Value":3450},{"Length":69,"Height":33,"Demand":3,"DemandMax":null,"Value":2277},{"Length":31,"Height":57,"Demand":4,"DemandMax":null,"Value":1767}]}