{"Name":"C3_30_L_14","Objects":[{"Length":100,"Height":100,"Stock":null,"Cost":10000}],"Items":[{"Length":27,"Height":64,"Demand":1,"DemandMax":null,"Value":1728},{"Length":67,"Height":61,"Demand":1,"DemandMax":null,"Value":4087},{"Length":73,"Height":49,"Demand":1,"DemandMax":null,"Value":3577},{"Length":47,"Height":66,"Demand":1,"DemandMax":null,"Value":3102},{"Length":67,"Height":63,"Demand":1,"DemandMax":null,"Value":4221},{"Length":36,"Height":46,"Demand":1,"DemandMax":null,"Value":1656},{"Length":57,"Height":58,"Demand":1,"DemandMax":null,"Value":3306},{"Length":25,"Height":67,"Demand":1,"DemandMax":null,"Value":1675},{"Length":44,"Height":60,"Demand":1,"DemandMax":null,"Value":2640},{"Length":31,"Height":48,"Demand":1,"DemandMax":null,"Value":1488},{"Length":26,"Height":62,"Demand":1,"DemandMax":null,"Value":1612},{"Length":41,"Height":30,"Demand":1,"DemandMax":null,"Value":1230},{"Length":56,"Height":68,"Demand":1,"DemandMax":null,"Value":3808},{"Length":56,"Height":54,"Demand":1,"DemandMax":null,"Value":3024},{"Length":65,"Height":57,"Demand":1,"DemandMax":null,"Value":3705},{"Length":32,"Height":68,"Demand":1,"DemandMax":null,"Value":2176},{"Length":71,"Height":46,"Demand":1,"DemandMax":null,"Value":3266},{"Length":58,"Height":63,"Demand":1,"DemandMax":null,"Value":3654},{"Length":55,"Height":44,"Demand":1,"DemandMax":null,"Value":2420},{"Length":64,"Height":62,"Demand":1,"DemandMax":null,"Value":3968},{"Length":69,"Height":56,"Demand":1,"DemandMax":null,"Value":3864},{"Length":44,"Height":55,"Demand":1,"DemandMax":null,"Value":2420},{"Length":43,"Height":49,"Demand":1,"DemandMax":null,"Value":2107},{"Length":27,"Height":74,"Demand":1,"DemandMax":null,"Value":1998},{"Length":74,"Height":70,"Demand":1,"DemandMax":null,"Value":5180},{"Length":71,"Height":25,"Demand":1,"DemandMax":null,"Value":1775},{"Length":57,"Height":44,"Demand":1,"DemandMax":null,"Value":2508},{"Length":45,"Height":44,"Demand":1,"DemandMax":null,"Value":1980},{"Length":26,"Height":29,"Demand":1,"DemandMax":null,"Value":754},{"Length":52,"Height":65,"Demand":1,"DemandMax":null,"Value":3380}]}