{"Name":"C3_20_L_2","Objects":[{"Length":100,"Height":100,"Stock":null,"Cost":10000}],"Items":[{"Length":43,"Height":27,"Demand":1,"DemandMax":null,"Value":1161},{"Length":65,"Height":45,"Demand":1,"DemandMax":null,"Value":2925},{"Length":45,"Height":38,"Demand":1,"DemandMax":null,"Value":1710},{"Length":65,"Height":52,"Demand":1,"DemandMax":null,"Value":3380},{"Length":67,"Height":34,"Demand":1,"DemandMax":null,"Value":2278},{"Length":48,"Height":43,"Demand":1,"DemandMax":null,"Value":2064},{"Length":55,"Height":35,"Demand":1,"DemandMax":null,"Value":1925},{"Length":66,"Height":52,"Demand":1,"DemandMax":null,"Value":3432},{"Length":66,"Height":32,"Demand":1,"DemandMax":null,"Value":2112},{"Length":34,"Height":45,"Demand":1,"DemandMax":null,"Value":1530},{"Length":42,"Height":73,"Demand":1,"DemandMax":null,"Value":3066},{"Length":45,"Height":55,"Demand":1,"DemandMax":null,"Value":2475},{"Length":74,"Height":45,"Demand":1,"DemandMax":null,"Value":3330},{"Length":51,"Height":59,"Demand":1,"DemandMax":null,"Value":3009},{"Length":44,"Height":36,"Demand":1,"DemandMax":null,"Value":1584},{"Length":47,"Height":30,"Demand":1,"DemandMax":null,"Value":1410},{"Length":32,"Height":39,"Demand":1,"DemandMax":null,"Value":1248},{"Length":55,"Height":49,"Demand":1,"DemandMax":null,"Value":2695},{"Length":60,"Height":59,"Demand":1,"DemandMax":null,"Value":3540},{"Length":30,"Height":68,"Demand":1,"DemandMax":null,"Value":2040}]}