{"Name":"C3_30_S_4","Objects":[{"Length":100,"Height":100,"Stock":null,"Cost":10000}],"Items":[{"Length":31,"Height":16,"Demand":1,"DemandMax":null,"Value":496},{"Length":37,"Height":34,"Demand":1,"DemandMax":null,"Value":1258},{"Length":49,"Height":32,"Demand":1,"DemandMax":null,"Value":1568},{"Length":49,"Height":39,"Demand":1,"DemandMax":null,"Value":1911},{"Length":30,"Height":12,"Demand":1,"DemandMax":null,"Value":360},{"Length":43,"Height":15,"Demand":1,"DemandMax":null,"Value":645},{"Length":21,"Height":27,"Demand":1,"DemandMax":null,"Value":567},{"Length":16,"Height":38,"Demand":1,"DemandMax":null,"Value":608},{"Length":28,"Height":39,"Demand":1,"DemandMax":null,"Value":1092},{"Length":30,"Height":11,"Demand":1,"DemandMax":null,"Value":330},{"Length":47,"Height":46,"Demand":1,"DemandMax":null,"Value":2162},{"Length":25,"Height":37,"Demand":1,"DemandMax":null,"Value":925},{"Length":37,"Height":32,"Demand":1,"DemandMax":null,"Value":1184},{"Length":41,"Height":23,"Demand":1,"DemandMax":null,"Value":943},{"Length":21,"Height":38,"Demand":1,"DemandMax":null,"Value":798},{"Length":21,"Height":37,"Demand":1,"DemandMax":null,"Value":777},{"Length":14,"Height":18,"Demand":1,"DemandMax":null,"Value":252},{"Length":29,"Height":26,"Demand":1,"DemandMax":null,"Value":754},{"Length":23,"Height":47,"Demand":1,"DemandMax":null,"Value":1081},{"Length":35,"Height":28,"Demand":1,"DemandMax":null,"Value":980},{"Length":42,"Height":23,"Demand":1,"DemandMax":null,"Value":966},{"Length":24,"Height":35,"Demand":1,"DemandMax":null,"Value":840},{"Length":24,"Height":30,"Demand":1,"DemandMax":null,"Value":720},{"Length":19,"Height":33,"Demand":1,"DemandMax":null,"Value":627},{"Length":38,"Height":19,"Demand":1,"DemandMax":null,"Value":722},{"Length":33,"Height":31,"Demand":1,"DemandMax":null,"Value":1023},{"Length":41,"Height":33,"Demand":1,"DemandMax":null,"Value":1353},{"Length":24,"Height":15,"Demand":1,"DemandMax":null,"Value":360},{"Length":40,"Height":36,"Demand":1,"DemandMax":null,"Value":1440},{"Length":25,"Height":24,"Demand":1,"DemandMax":null,"Value":600}]}