{"Name":"C1_10_L_14","Objects":[{"Length":100,"Height":100,"Stock":null,"Cost":10000}],"Items":[{"Length":52,"Height":34,"Demand":1,"DemandMax":null,"Value":1768},{"Length":37,"Height":52,"Demand":1,"DemandMax":null,"Value":1924},{"Length":50,"Height":69,"Demand":1,"DemandMax":null,"Value":3450},{"Length":49,"Height":48,"Demand":2,"DemandMax":null,"Value":2352},{"Length":70,"Height":42,"Demand":1,"DemandMax":null,"Value":2940},{"Length":67,"Height":59,"Demand":1,"DemandMax":null,"Value":3953},{"Length":59,"Height":57,"Demand":1,"DemandMax":null,"Value":3363},{"Length":52,"Height":38,"Demand":1,"DemandMax":null,"Value":1976},{"Length":35,"Height":56,"Demand":1,"DemandMax":null,"Value":1960},{"Length":68,"Height":56,"Demand":1,"DemandMax":null,"Value":3808}]}