{"Name":"C1_30_S_6","Objects":[{"Length":100,"Height":100,"Stock":null,"Cost":10000}],"Items":[{"Length":10,"Height":15,"Demand":20,"DemandMax":null,"Value":150},{"Length":44,"Height":10,"Demand":20,"DemandMax":null,"Value":440},{"Length":17,"Height":42,"Demand":6,"DemandMax":null,"Value":714},{"Length":45,"Height":22,"Demand":8,"DemandMax":null,"Value":990},{"Length":30,"Height":41,"Demand":3,"DemandMax":null,"Value":1230},{"Length":49,"Height":25,"Demand":7,"DemandMax":null,"Value":1225},{"Length":24,"Height":14,"Demand":42,"DemandMax":null,"Value":336},{"Length":42,"Height":41,"Demand":1,"DemandMax":null,"Value":1722},{"Length":14,"Height":11,"Demand":62,"DemandMax":null,"Value":154},{"Length":45,"Height":12,"Demand":14,"DemandMax":null,"Value":540},{"Length":18,"Height":17,"Demand":7,"DemandMax":null,"Value":306},{"Length":46,"Height":11,"Demand":5,"DemandMax":null,"Value":506},{"Length":45,"Height":10,"Demand":20,"DemandMax":null,"Value":450},{"Length":31,"Height":16,"Demand":2,"DemandMax":null,"Value":496},{"Length":14,"Height":23,"Demand":9,"DemandMax":null,"Value":322},{"Length":28,"Height":27,"Demand":9,"DemandMax":null,"Value":756},{"Length":48,"Height":40,"Demand":2,"DemandMax":null,"Value":1920},{"Length":32,"Height":22,"Demand":6,"DemandMax":null,"Value":704},{"Length":34,"Height":40,"Demand":3,"DemandMax":null,"Value":1360},{"Length":31,"Height":45,"Demand":5,"DemandMax":null,"Value":1395},{"Length":23,"Height":48,"Demand":5,"DemandMax":null,"Value":1104},{"Length":19,"Height":36,"Demand":10,"DemandMax":null,"Value":684},{"Length":17,"Height":20,"Demand":23,"DemandMax":null,"Value":340},{"Length":37,"Height":49,"Demand":1,"DemandMax":null,"Value":1813},{"Length":45,"Height":43,"Demand":2,"DemandMax":null,"Value":1935},{"Length":26,"Height":19,"Demand":8,"DemandMax":null,"Value":494},{"Length":40,"Height":43,"Demand":4,"DemandMax":null,"Value":1720},{"Length":26,"Height":14,"Demand":21,"DemandMax":null,"Value":364},{"Length":13,"Height":27,"Demand":16,"DemandMax":null,"Value":351}]}