{"Name":"C2_30_L_9","Objects":[{"Length":100,"Height":100,"Stock":null,"Cost":10000}],"Items":[{"Length":53,"Height":56,"Demand":2,"DemandMax":null,"Value":2968},{"Length":60,"Height":50,"Demand":3,"DemandMax":null,"Value":3000},{"Length":63,"Height":45,"Demand":2,"DemandMax":null,"Value":2835},{"Length":33,"Height":46,"Demand":1,"DemandMax":null,"Value":1518},{"Length":63,"Height":47,"Demand":4,"DemandMax":null,"Value":2961},{"Length":56,"Height":52,"Demand":2,"DemandMax":null,"Value":2912},{"Length":60,"Height":31,"Demand":3,"DemandMax":null,"Value":1860},{"Length":63,"Height":27,"Demand":4,"DemandMax":null,"Value":1701},{"Length":65,"Height":64,"Demand":2,"DemandMax":null,"Value":4160},{"Length":42,"Height":57,"Demand":4,"DemandMax":null,"Value":2394},{"Length":33,"Height":49,"Demand":4,"DemandMax":null,"Value":1617},{"Length":38,"Height":28,"Demand":2,"DemandMax":null,"Value":1064},{"Length":41,"Height":35,"Demand":3,"DemandMax":null,"Value":1435},{"Length":40,"Height":37,"Demand":3,"DemandMax":null,"Value":1480},{"Length":39,"Height":61,"Demand":4,"DemandMax":null,"Value":2379},{"Length":26,"Height":62,"Demand":4,"DemandMax":null,"Value":1612},{"Length":41,"Height":33,"Demand":4,"DemandMax":null,"Value":1353},{"Length":66,"Height":74,"Demand":3,"DemandMax":null,"Value":4884},{"Length":58,"Height":44,"Demand":2,"DemandMax":null,"Value":2552},{"Length":58,"Height":70,"Demand":1,"DemandMax":null,"Value":4060},{"Length":62,"Height":32,"Demand":3,"DemandMax":null,"Value":1984},{"Length":72,"Height":69,"Demand":4,"DemandMax":null,"Value":4968},{"Length":55,"Height":41,"Demand":2,"DemandMax":null,"Value":2255},{"Length":36,"Height":37,"Demand":2,"DemandMax":null,"Value":1332},{"Length":45,"Height":27,"Demand":3,"DemandMax":null,"Value":1215},{"Length":31,"Height":72,"Demand":1,"DemandMax":null,"Value":2232},{"Length":35,"Height":42,"Demand":1,"DemandMax":null,"Value":1470},{"Length":62,"Height":66,"Demand":2,"DemandMax":null,"Value":4092},{"Length":31,"Height":31,"Demand":1,"DemandMax":null,"Value":961},{"Length":37,"Height":43,"Demand":1,"DemandMax":null,"Value":1591}]}