{"Name":"C3_40_L_15","Objects":[{"Length":100,"Height":100,"Stock":null,"Cost":10000}],"Items":[{"Length":40,"Height":42,"Demand":1,"DemandMax":null,"Value":1680},{"Length":61,"Height":26,"Demand":1,"DemandMax":null,"Value":1586},{"Length":46,"Height":70,"Demand":1,"DemandMax":null,"Value":3220},{"Length":47,"Height":46,"Demand":1,"DemandMax":null,"Value":2162},{"Length":43,"Height":29,"Demand":1,"DemandMax":null,"Value":1247},{"Length":43,"Height":26,"Demand":1,"DemandMax":null,"Value":1118},{"Length":33,"Height":38,"Demand":1,"DemandMax":null,"Value":1254},{"Length":32,"Height":59,"Demand":1,"DemandMax":null,"Value":1888},{"Length":69,"Height":26,"Demand":1,"DemandMax":null,"Value":1794},{"Length":39,"Height":44,"Demand":1,"DemandMax":null,"Value":1716},{"Length":33,"Height":33,"Demand":1,"DemandMax":null,"Value":1089},{"Length":52,"Height":71,"Demand":1,"DemandMax":null,"Value":3692},{"Length":35,"Height":70,"Demand":1,"DemandMax":null,"Value":2450},{"Length":27,"Height":38,"Demand":1,"DemandMax":null,"Value":1026},{"Length":61,"Height":70,"Demand":1,"DemandMax":null,"Value":4270},{"Length":30,"Height":35,"Demand":1,"DemandMax":null,"Value":1050},{"Length":26,"Height":45,"Demand":1,"DemandMax":null,"Value":1170},{"Length":53,"Height":71,"Demand":1,"DemandMax":null,"Value":3763},{"Length":25,"Height":72,"Demand":2,"DemandMax":null,"Value":1800},{"Length":38,"Height":57,"Demand":1,"DemandMax":null,"Value":2166},{"Length":70,"Height":70,"Demand":1,"DemandMax":null,"Value":4900},{"Length":59,"Height":40,"Demand":1,"DemandMax":null,"Value":2360},{"Length":30,"Height":32,"Demand":1,"DemandMax":null,"Value":960},{"Length":41,"Height":27,"Demand":1,"DemandMax":null,"Value":1107},{"Length":42,"Height":52,"Demand":1,"DemandMax":null,"Value":2184},{"Length":69,"Height":32,"Demand":1,"DemandMax":null,"Value":2208},{"Length":69,"Height":73,"Demand":1,"DemandMax":null,"Value":5037},{"Length":59,"Height":30,"Demand":1,"DemandMax":null,"Value":1770},{"Length":68,"Height":35,"Demand":1,"DemandMax":null,"Value":2380},{"Length":52,"Height":63,"Demand":1,"DemandMax":null,"Value":3276},{"Length":55,"Height":64,"Demand":1,"DemandMax":null,"Value":3520},{"Length":46,"Height":32,"Demand":1,"DemandMax":null,"Value":1472},{"Length":62,"Height":57,"Demand":1,"DemandMax":null,"Value":3534},{"Length":42,"Height":45,"Demand":1,"DemandMax":null,"Value":1890},{"Length":46,"Height":39,"Demand":1,"DemandMax":null,"Value":1794},{"Length":34,"Height":49,"Demand":1,"DemandMax":null,"Value":1666},{"Length":63,"Height":55,"Demand":1,"DemandMax":null,"Value":3465},{"Length":59,"Height":67,"Demand":1,"DemandMax":null,"Value":3953},{"Length":38,"Height":38,"Demand":1,"DemandMax":null,"Value":1444}]}