{"Name":"C1_30_L_13","Objects":[{"Length":100,"Height":100,"Stock":null,"Cost":10000}],"Items":[{"Length":45,"Height":59,"Demand":1,"DemandMax":null,"Value":2655},{"Length":74,"Height":54,"Demand":1,"DemandMax":null,"Value":3996},{"Length":34,"Height":68,"Demand":1,"DemandMax":null,"Value":2312},{"Length":29,"Height":41,"Demand":4,"DemandMax":null,"Value":1189},{"Length":59,"Height":28,"Demand":2,"DemandMax":null,"Value":1652},{"Length":68,"Height":31,"Demand":3,"DemandMax":null,"Value":2108},{"Length":56,"Height":39,"Demand":1,"DemandMax":null,"Value":2184},{"Length":43,"Height":48,"Demand":1,"DemandMax":null,"Value":2064},{"Length":50,"Height":49,"Demand":1,"DemandMax":null,"Value":2450},{"Length":63,"Height":40,"Demand":2,"DemandMax":null,"Value":2520},{"Length":53,"Height":64,"Demand":1,"DemandMax":null,"Value":3392},{"Length":41,"Height":31,"Demand":4,"DemandMax":null,"Value":1271},{"Length":25,"Height":56,"Demand":4,"DemandMax":null,"Value":1400},{"Length":52,"Height":70,"Demand":1,"DemandMax":null,"Value":3640},{"Length":48,"Height":52,"Demand":2,"DemandMax":null,"Value":2496},{"Length":46,"Height":37,"Demand":1,"DemandMax":null,"Value":1702},{"Length":27,"Height":59,"Demand":2,"DemandMax":null,"Value":1593},{"Length":46,"Height":44,"Demand":2,"DemandMax":null,"Value":2024},{"Length":53,"Height":45,"Demand":2,"DemandMax":null,"Value":2385},{"Length":65,"Height":60,"Demand":1,"DemandMax":null,"Value":3900},{"Length":32,"Height":40,"Demand":6,"DemandMax":null,"Value":1280},{"Length":41,"Height":47,"Demand":1,"DemandMax":null,"Value":1927},{"Length":64,"Height":42,"Demand":2,"DemandMax":null,"Value":2688},{"Length":35,"Height":62,"Demand":2,"DemandMax":null,"Value":2170},{"Length":60,"Height":53,"Demand":1,"DemandMax":null,"Value":3180},{"Length":54,"Height":61,"Demand":1,"DemandMax":null,"Value":3294},{"Length":31,"Height":59,"Demand":2,"DemandMax":null,"Value":1829},{"Length":37,"Height":58,"Demand":2,"DemandMax":null,"Value":2146},{"Length":72,"Height":67,"Demand":1,"DemandMax":null,"Value":4824},{"Length":36,"Height":71,"Demand":1,"DemandMax":null,"Value":2556}]}