{"Name":"C3_30_L_12","Objects":[{"Length":100,"Height":100,"Stock":null,"Cost":10000}],"Items":[{"Length":54,"Height":70,"Demand":1,"DemandMax":null,"Value":3780},{"Length":56,"Height":35,"Demand":1,"DemandMax":null,"Value":1960},{"Length":52,"Height":70,"Demand":1,"DemandMax":null,"Value":3640},{"Length":63,"Height":27,"Demand":1,"DemandMax":null,"Value":1701},{"Length":66,"Height":33,"Demand":1,"DemandMax":null,"Value":2178},{"Length":68,"Height":67,"Demand":1,"DemandMax":null,"Value":4556},{"Length":27,"Height":33,"Demand":1,"DemandMax":null,"Value":891},{"Length":68,"Height":61,"Demand":1,"DemandMax":null,"Value":4148},{"Length":62,"Height":68,"Demand":1,"DemandMax":null,"Value":4216},{"Length":71,"Height":53,"Demand":1,"DemandMax":null,"Value":3763},{"Length":61,"Height":29,"Demand":1,"DemandMax":null,"Value":1769},{"Length":38,"Height":55,"Demand":1,"DemandMax":null,"Value":2090},{"Length":53,"Height":54,"Demand":1,"DemandMax":null,"Value":2862},{"Length":55,"Height":30,"Demand":1,"DemandMax":null,"Value":1650},{"Length":72,"Height":37,"Demand":1,"DemandMax":null,"Value":2664},{"Length":73,"Height":54,"Demand":1,"DemandMax":null,"Value":3942},{"Length":33,"Height":74,"Demand":1,"DemandMax":null,"Value":2442},{"Length":33,"Height":52,"Demand":1,"DemandMax":null,"Value":1716},{"Length":36,"Height":36,"Demand":1,"DemandMax":null,"Value":1296},{"Length":28,"Height":45,"Demand":1,"DemandMax":null,"Value":1260},{"Length":61,"Height":72,"Demand":1,"DemandMax":null,"Value":4392},{"Length":27,"Height":31,"Demand":1,"DemandMax":null,"Value":837},{"Length":56,"Height":26,"Demand":1,"DemandMax":null,"Value":1456},{"Length":73,"Height":61,"Demand":1,"DemandMax":null,"Value":4453},{"Length":33,"Height":65,"Demand":1,"DemandMax":null,"Value":2145},{"Length":71,"Height":63,"Demand":1,"DemandMax":null,"Value":4473},{"Length":68,"Height":55,"Demand":1,"DemandMax":null,"Value":3740},{"Length":70,"Height":48,"Demand":1,"DemandMax":null,"Value":3360},{"Length":42,"Height":53,"Demand":1,"DemandMax":null,"Value":2226},{"Length":32,"Height":71,"Demand":1,"DemandMax":null,"Value":2272}]}