{"Name":"C2_50_L_13","Objects":[{"Length":100,"Height":100,"Stock":null,"Cost":10000}],"Items":[{"Length":70,"Height":65,"Demand":1,"DemandMax":null,"Value":4550},{"Length":54,"Height":43,"Demand":3,"DemandMax":null,"Value":2322},{"Length":74,"Height":53,"Demand":2,"DemandMax":null,"Value":3922},{"Length":48,"Height":47,"Demand":3,"DemandMax":null,"Value":2256},{"Length":71,"Height":51,"Demand":4,"DemandMax":null,"Value":3621},{"Length":26,"Height":25,"Demand":2,"DemandMax":null,"Value":650},{"Length":63,"Height":57,"Demand":1,"DemandMax":null,"Value":3591},{"Length":63,"Height":40,"Demand":2,"DemandMax":null,"Value":2520},{"Length":41,"Height":26,"Demand":2,"DemandMax":null,"Value":1066},{"Length":69,"Height":34,"Demand":1,"DemandMax":null,"Value":2346},{"Length":62,"Height":41,"Demand":4,"DemandMax":null,"Value":2542},{"Length":52,"Height":60,"Demand":3,"DemandMax":null,"Value":3120},{"Length":61,"Height":41,"Demand":4,"DemandMax":null,"Value":2501},{"Length":46,"Height":55,"Demand":3,"DemandMax":null,"Value":2530},{"Length":29,"Height":69,"Demand":3,"DemandMax":null,"Value":2001},{"Length":60,"Height":34,"Demand":3,"DemandMax":null,"Value":2040},{"Length":51,"Height":49,"Demand":4,"DemandMax":null,"Value":2499},{"Length":30,"Height":26,"Demand":2,"DemandMax":null,"Value":780},{"Length":69,"Height":39,"Demand":3,"DemandMax":null,"Value":2691},{"Length":70,"Height":50,"Demand":2,"DemandMax":null,"Value":3500},{"Length":58,"Height":55,"Demand":4,"DemandMax":null,"Value":3190},{"Length":29,"Height":72,"Demand":3,"DemandMax":null,"Value":2088},{"Length":39,"Height":70,"Demand":4,"DemandMax":null,"Value":2730},{"Length":57,"Height":70,"Demand":4,"DemandMax":null,"Value":3990},{"Length":31,"Height":74,"Demand":4,"DemandMax":null,"Value":2294},{"Length":44,"Height":50,"Demand":3,"DemandMax":null,"Value":2200},{"Length":53,"Height":40,"Demand":4,"DemandMax":null,"Value":2120},{"Length":68,"Height":32,"Demand":1,"DemandMax":null,"Value":2176},{"Length":68,"Height":57,"Demand":3,"DemandMax":null,"Value":3876},{"Length":44,"Height":52,"Demand":1,"DemandMax":null,"Value":2288},{"Length":68,"Height":36,"Demand":2,"DemandMax":null,"Value":2448},{"Length":39,"Height":50,"Demand":3,"DemandMax":null,"Value":1950},{"Length":56,"Height":71,"Demand":4,"DemandMax":null,"Value":3976},{"Length":35,"Height":47,"Demand":4,"DemandMax":null,"Value":1645},{"Length":42,"Height":54,"Demand":2,"DemandMax":null,"Value":2268},{"Length":34,"Height":40,"Demand":4,"DemandMax":null,"Value":1360},{"Length":59,"Height":64,"Demand":4,"DemandMax":null,"Value":3776},{"Length":59,"Height":46,"Demand":2,"DemandMax":null,"Value":2714},{"Length":67,"Height":38,"Demand":3,"DemandMax":null,"Value":2546},{"Length":28,"Height":69,"Demand":4,"DemandMax":null,"Value":1932},{"Length":70,"Height":66,"Demand":2,"DemandMax":null,"Value":4620},{"Length":70,"Height":32,"Demand":2,"DemandMax":null,"Value":2240},{"Length":44,"Height":69,"Demand":1,"DemandMax":null,"Value":3036},{"Length":35,"Height":40,"Demand":3,"DemandMax":null,"Value":1400},{"Length":69,"Height":74,"Demand":3,"DemandMax":null,"Value":5106},{"Length":33,"Height":71,"Demand":2,"DemandMax":null,"Value":2343},{"Length":67,"Height":54,"Demand":2,"DemandMax":null,"Value":3618},{"Length":45,"Height":64,"Demand":4,"DemandMax":null,"Value":2880},{"Length":65,"Height":42,"Demand":2,"DemandMax":null,"Value":2730}]}