{"Name":"C2_10_L_12","Objects":[{"Length":100,"Height":100,"Stock":null,"Cost":10000}],"Items":[{"Length":42,"Height":47,"Demand":4,"DemandMax":null,"Value":1974},{"Length":58,"Height":33,"Demand":4,"DemandMax":null,"Value":1914},{"Length":59,"Height":51,"Demand":2,"DemandMax":null,"Value":3009},{"Length":53,"Height":70,"Demand":3,"DemandMax":null,"Value":3710},{"Length":33,"Height":62,"Demand":1,"DemandMax":null,"Value":2046},{"Length":29,"Height":71,"Demand":3,"DemandMax":null,"Value":2059},{"Length":60,"Height":34,"Demand":4,"DemandMax":null,"Value":2040},{"Length":31,"Height":65,"Demand":1,"DemandMax":null,"Value":2015},{"Length":32,"Height":65,"Demand":2,"DemandMax":null,"Value":2080},{"Length":53,"Height":57,"Demand":1,"DemandMax":null,"Value":3021}]}