{"Name":"C2_30_L_10","Objects":[{"Length":100,"Height":100,"Stock":null,"Cost":10000}],"Items":[{"Length":39,"Height":39,"Demand":3,"DemandMax":null,"Value":1521},{"Length":66,"Height":46,"Demand":1,"DemandMax":null,"Value":3036},{"Length":48,"Height":48,"Demand":1,"DemandMax":null,"Value":2304},{"Length":54,"Height":52,"Demand":2,"DemandMax":null,"Value":2808},{"Length":28,"Height":36,"Demand":4,"DemandMax":null,"Value":1008},{"Length":73,"Height":54,"Demand":1,"DemandMax":null,"Value":3942},{"Length":31,"Height":55,"Demand":3,"DemandMax":null,"Value":1705},{"Length":60,"Height":73,"Demand":4,"DemandMax":null,"Value":4380},{"Length":70,"Height":38,"Demand":3,"DemandMax":null,"Value":2660},{"Length":50,"Height":39,"Demand":3,"DemandMax":null,"Value":1950},{"Length":47,"Height":31,"Demand":3,"DemandMax":null,"Value":1457},{"Length":30,"Height":37,"Demand":1,"DemandMax":null,"Value":1110},{"Length":66,"Height":61,"Demand":2,"DemandMax":null,"Value":4026},{"Length":62,"Height":63,"Demand":1,"DemandMax":null,"Value":3906},{"Length":65,"Height":33,"Demand":4,"DemandMax":null,"Value":2145},{"Length":44,"Height":72,"Demand":1,"DemandMax":null,"Value":3168},{"Length":53,"Height":37,"Demand":4,"DemandMax":null,"Value":1961},{"Length":49,"Height":26,"Demand":2,"DemandMax":null,"Value":1274},{"Length":61,"Height":29,"Demand":1,"DemandMax":null,"Value":1769},{"Length":48,"Height":34,"Demand":4,"DemandMax":null,"Value":1632},{"Length":34,"Height":61,"Demand":1,"DemandMax":null,"Value":2074},{"Length":72,"Height":59,"Demand":4,"DemandMax":null,"Value":4248},{"Length":28,"Height":68,"Demand":4,"DemandMax":null,"Value":1904},{"Length":53,"Height":27,"Demand":1,"DemandMax":null,"Value":1431},{"Length":56,"Height":73,"Demand":2,"DemandMax":null,"Value":4088},{"Length":68,"Height":46,"Demand":4,"DemandMax":null,"Value":3128},{"Length":56,"Height":30,"Demand":2,"DemandMax":null,"Value":1680},{"Length":38,"Height":72,"Demand":2,"DemandMax":null,"Value":2736},{"Length":69,"Height":28,"Demand":2,"DemandMax":null,"Value":1932},{"Length":41,"Height":48,"Demand":1,"DemandMax":null,"Value":1968}]}