{"Name":"C3_50_L_8","Objects":[{"Length":100,"Height":100,"Stock":null,"Cost":10000}],"Items":[{"Length":61,"Height":30,"Demand":1,"DemandMax":null,"Value":1830},{"Length":35,"Height":59,"Demand":1,"DemandMax":null,"Value":2065},{"Length":30,"Height":26,"Demand":1,"DemandMax":null,"Value":780},{"Length":57,"Height":54,"Demand":1,"DemandMax":null,"Value":3078},{"Length":66,"Height":40,"Demand":1,"DemandMax":null,"Value":2640},{"Length":25,"Height":32,"Demand":1,"DemandMax":null,"Value":800},{"Length":45,"Height":70,"Demand":1,"DemandMax":null,"Value":3150},{"Length":51,"Height":28,"Demand":1,"DemandMax":null,"Value":1428},{"Length":40,"Height":30,"Demand":1,"DemandMax":null,"Value":1200},{"Length":71,"Height":71,"Demand":1,"DemandMax":null,"Value":5041},{"Length":55,"Height":44,"Demand":1,"DemandMax":null,"Value":2420},{"Length":60,"Height":34,"Demand":1,"DemandMax":null,"Value":2040},{"Length":34,"Height":72,"Demand":1,"DemandMax":null,"Value":2448},{"Length":74,"Height":48,"Demand":1,"DemandMax":null,"Value":3552},{"Length":51,"Height":52,"Demand":1,"DemandMax":null,"Value":2652},{"Length":26,"Height":36,"Demand":1,"DemandMax":null,"Value":936},{"Length":56,"Height":64,"Demand":1,"DemandMax":null,"Value":3584},{"Length":27,"Height":27,"Demand":1,"DemandMax":null,"Value":729},{"Length":60,"Height":29,"Demand":1,"DemandMax":null,"Value":1740},{"Length":26,"Height":72,"Demand":1,"DemandMax":null,"Value":1872},{"Length":53,"Height":41,"Demand":1,"DemandMax":null,"Value":2173},{"Length":60,"Height":56,"Demand":1,"DemandMax":null,"Value":3360},{"Length":62,"Height":54,"Demand":1,"DemandMax":null,"Value":3348},{"Length":74,"Height":45,"Demand":1,"DemandMax":null,"Value":3330},{"Length":32,"Height":37,"Demand":1,"DemandMax":null,"Value":1184},{"Length":38,"Height":39,"Demand":1,"DemandMax":null,"Value":1482},{"Length":43,"Height":28,"Demand":1,"DemandMax":null,"Value":1204},{"Length":50,"Height":49,"Demand":1,"DemandMax":null,"Value":2450},{"Length":27,"Height":44,"Demand":1,"DemandMax":null,"Value":1188},{"Length":35,"Height":36,"Demand":1,"DemandMax":null,"Value":1260},{"Length":40,"Height":56,"Demand":1,"DemandMax":null,"Value":2240},{"Length":40,"Height":67,"Demand":1,"DemandMax":null,"Value":2680},{"Length":47,"Height":34,"Demand":1,"DemandMax":null,"Value":1598},{"Length":69,"Height":38,"Demand":1,"DemandMax":null,"Value":2622},{"Length":28,"Height":71,"Demand":1,"DemandMax":null,"Value":1988},{"Length":38,"Height":51,"Demand":1,"DemandMax":null,"Value":1938},{"Length":74,"Height":26,"Demand":1,"DemandMax":null,"Value":1924},{"Length":51,"Height":72,"Demand":1,"DemandMax":null,"Value":3672},{"Length":50,"Height":72,"Demand":1,"DemandMax":null,"Value":3600},{"Length":72,"Height":28,"Demand":1,"DemandMax":null,"Value":2016},{"Length":45,"Height":61,"Demand":1,"DemandMax":null,"Value":2745},{"Length":55,"Height":39,"Demand":1,"DemandMax":null,"Value":2145},{"Length":28,"Height":64,"Demand":1,"DemandMax":null,"Value":1792},{"Length":39,"Height":36,"Demand":1,"DemandMax":null,"Value":1404},{"Length":29,"Height":29,"Demand":1,"DemandMax":null,"Value":841},{"Length":46,"Height":69,"Demand":1,"DemandMax":null,"Value":3174},{"Length":27,"Height":42,"Demand":1,"DemandMax":null,"Value":1134},{"Length":56,"Height":36,"Demand":1,"DemandMax":null,"Value":2016},{"Length":42,"Height":46,"Demand":1,"DemandMax":null,"Value":1932},{"Length":32,"Height":67,"Demand":1,"DemandMax":null,"Value":2144}]}