{"Name":"C1_10_S_11","Objects":[{"Length":100,"Height":100,"Stock":null,"Cost":10000}],"Items":[{"Length":45,"Height":14,"Demand":2,"DemandMax":null,"Value":630},{"Length":15,"Height":43,"Demand":11,"DemandMax":null,"Value":645},{"Length":21,"Height":26,"Demand":1,"DemandMax":null,"Value":546},{"Length":31,"Height":47,"Demand":5,"DemandMax":null,"Value":1457},{"Length":36,"Height":12,"Demand":4,"DemandMax":null,"Value":432},{"Length":32,"Height":29,"Demand":2,"DemandMax":null,"Value":928},{"Length":42,"Height":14,"Demand":10,"DemandMax":null,"Value":588},{"Length":43,"Height":23,"Demand":1,"DemandMax":null,"Value":989},{"Length":30,"Height":11,"Demand":26,"DemandMax":null,"Value":330},{"Length":14,"Height":27,"Demand":12,"DemandMax":null,"Value":378}]}