{"Name":"C2_20_S_14","Objects":[{"Length":100,"Height":100,"Stock":null,"Cost":10000}],"Items":[{"Length":39,"Height":34,"Demand":2,"DemandMax":null,"Value":1326},{"Length":44,"Height":29,"Demand":1,"DemandMax":null,"Value":1276},{"Length":34,"Height":48,"Demand":4,"DemandMax":null,"Value":1632},{"Length":17,"Height":43,"Demand":1,"DemandMax":null,"Value":731},{"Length":14,"Height":24,"Demand":4,"DemandMax":null,"Value":336},{"Length":39,"Height":39,"Demand":2,"DemandMax":null,"Value":1521},{"Length":45,"Height":21,"Demand":2,"DemandMax":null,"Value":945},{"Length":28,"Height":16,"Demand":2,"DemandMax":null,"Value":448},{"Length":21,"Height":21,"Demand":4,"DemandMax":null,"Value":441},{"Length":18,"Height":14,"Demand":2,"DemandMax":null,"Value":252},{"Length":49,"Height":25,"Demand":1,"DemandMax":null,"Value":1225},{"Length":32,"Height":23,"Demand":1,"DemandMax":null,"Value":736},{"Length":24,"Height":27,"Demand":2,"DemandMax":null,"Value":648},{"Length":40,"Height":48,"Demand":1,"DemandMax":null,"Value":1920},{"Length":22,"Height":16,"Demand":4,"DemandMax":null,"Value":352},{"Length":15,"Height":12,"Demand":1,"DemandMax":null,"Value":180},{"Length":10,"Height":38,"Demand":4,"DemandMax":null,"Value":380},{"Length":22,"Height":26,"Demand":4,"DemandMax":null,"Value":572},{"Length":44,"Height":45,"Demand":1,"DemandMax":null,"Value":1980},{"Length":45,"Height":44,"Demand":2,"DemandMax":null,"Value":1980}]}