{"Name":"C1_40_L_3","Objects":[{"Length":100,"Height":100,"Stock":null,"Cost":10000}],"Items":[{"Length":40,"Height":28,"Demand":2,"DemandMax":null,"Value":1120},{"Length":58,"Height":38,"Demand":1,"DemandMax":null,"Value":2204},{"Length":63,"Height":38,"Demand":1,"DemandMax":null,"Value":2394},{"Length":26,"Height":38,"Demand":3,"DemandMax":null,"Value":988},{"Length":40,"Height":29,"Demand":5,"DemandMax":null,"Value":1160},{"Length":50,"Height":47,"Demand":4,"DemandMax":null,"Value":2350},{"Length":34,"Height":37,"Demand":3,"DemandMax":null,"Value":1258},{"Length":45,"Height":59,"Demand":2,"DemandMax":null,"Value":2655},{"Length":74,"Height":25,"Demand":2,"DemandMax":null,"Value":1850},{"Length":46,"Height":39,"Demand":2,"DemandMax":null,"Value":1794},{"Length":64,"Height":43,"Demand":2,"DemandMax":null,"Value":2752},{"Length":64,"Height":65,"Demand":1,"DemandMax":null,"Value":4160},{"Length":31,"Height":61,"Demand":3,"DemandMax":null,"Value":1891},{"Length":52,"Height":44,"Demand":1,"DemandMax":null,"Value":2288},{"Length":45,"Height":46,"Demand":3,"DemandMax":null,"Value":2070},{"Length":35,"Height":58,"Demand":1,"DemandMax":null,"Value":2030},{"Length":49,"Height":55,"Demand":1,"DemandMax":null,"Value":2695},{"Length":26,"Height":35,"Demand":2,"DemandMax":null,"Value":910},{"Length":47,"Height":61,"Demand":2,"DemandMax":null,"Value":2867},{"Length":55,"Height":32,"Demand":2,"DemandMax":null,"Value":1760},{"Length":65,"Height":58,"Demand":1,"DemandMax":null,"Value":3770},{"Length":25,"Height":65,"Demand":2,"DemandMax":null,"Value":1625},{"Length":65,"Height":73,"Demand":1,"DemandMax":null,"Value":4745},{"Length":54,"Height":30,"Demand":3,"DemandMax":null,"Value":1620},{"Length":54,"Height":61,"Demand":1,"DemandMax":null,"Value":3294},{"Length":70,"Height":30,"Demand":2,"DemandMax":null,"Value":2100},{"Length":32,"Height":41,"Demand":4,"DemandMax":null,"Value":1312},{"Length":52,"Height":59,"Demand":1,"DemandMax":null,"Value":3068},{"Length":49,"Height":70,"Demand":1,"DemandMax":null,"Value":3430},{"Length":38,"Height":59,"Demand":1,"DemandMax":null,"Value":2242},{"Length":71,"Height":73,"Demand":1,"DemandMax":null,"Value":5183},{"Length":58,"Height":26,"Demand":3,"DemandMax":null,"Value":1508},{"Length":45,"Height":36,"Demand":1,"DemandMax":null,"Value":1620},{"Length":39,"Height":33,"Demand":4,"DemandMax":null,"Value":1287},{"Length":33,"Height":43,"Demand":1,"DemandMax":null,"Value":1419},{"Length":71,"Height":56,"Demand":1,"DemandMax":null,"Value":3976},{"Length":59,"Height":67,"Demand":1,"DemandMax":null,"Value":3953},{"Length":67,"Height":40,"Demand":1,"DemandMax":null,"Value":2680},{"Length":67,"Height":57,"Demand":1,"DemandMax":null,"Value":3819},{"Length":73,"Height":52,"Demand":1,"DemandMax":null,"Value":3796}]}