{"Name":"C3_10_S_13","Objects":[{"Length":100,"Height":100,"Stock":null,"Cost":10000}],"Items":[{"Length":33,"Height":10,"Demand":1,"DemandMax":null,"Value":330},{"Length":34,"Height":44,"Demand":1,"DemandMax":null,"Value":1496},{"Length":44,"Height":48,"Demand":1,"DemandMax":null,"Value":2112},{"Length":42,"Height":34,"Demand":1,"DemandMax":null,"Value":1428},{"Length":42,"Height":12,"Demand":1,"DemandMax":null,"Value":504},{"Length":33,"Height":22,"Demand":1,"DemandMax":null,"Value":726},{"Length":21,"Height":14,"Demand":1,"DemandMax":null,"Value":294},{"Length":37,"Height":10,"Demand":1,"DemandMax":null,"Value":370},{"Length":11,"Height":32,"Demand":1,"DemandMax":null,"Value":352},{"Length":46,"Height":34,"Demand":1,"DemandMax":null,"Value":1564}]}