{"Name":"C1_20_S_7","Objects":[{"Length":100,"Height":100,"Stock":null,"Cost":10000}],"Items":[{"Length":44,"Height":34,"Demand":2,"DemandMax":null,"Value":1496},{"Length":37,"Height":16,"Demand":12,"DemandMax":null,"Value":592},{"Length":43,"Height":13,"Demand":6,"DemandMax":null,"Value":559},{"Length":44,"Height":45,"Demand":3,"DemandMax":null,"Value":1980},{"Length":41,"Height":18,"Demand":6,"DemandMax":null,"Value":738},{"Length":24,"Height":14,"Demand":10,"DemandMax":null,"Value":336},{"Length":33,"Height":45,"Demand":4,"DemandMax":null,"Value":1485},{"Length":47,"Height":27,"Demand":3,"DemandMax":null,"Value":1269},{"Length":42,"Height":24,"Demand":7,"DemandMax":null,"Value":1008},{"Length":15,"Height":33,"Demand":17,"DemandMax":null,"Value":495},{"Length":47,"Height":30,"Demand":6,"DemandMax":null,"Value":1410},{"Length":12,"Height":33,"Demand":14,"DemandMax":null,"Value":396},{"Length":45,"Height":40,"Demand":1,"DemandMax":null,"Value":1800},{"Length":10,"Height":13,"Demand":22,"DemandMax":null,"Value":130},{"Length":34,"Height":41,"Demand":4,"DemandMax":null,"Value":1394},{"Length":26,"Height":44,"Demand":1,"DemandMax":null,"Value":1144},{"Length":38,"Height":26,"Demand":5,"DemandMax":null,"Value":988},{"Length":14,"Height":46,"Demand":10,"DemandMax":null,"Value":644},{"Length":43,"Height":23,"Demand":7,"DemandMax":null,"Value":989},{"Length":44,"Height":18,"Demand":6,"DemandMax":null,"Value":792}]}