{"Name":"C3_20_S_2","Objects":[{"Length":100,"Height":100,"Stock":null,"Cost":10000}],"Items":[{"Length":15,"Height":35,"Demand":1,"DemandMax":null,"Value":525},{"Length":10,"Height":18,"Demand":1,"DemandMax":null,"Value":180},{"Length":49,"Height":12,"Demand":1,"DemandMax":null,"Value":588},{"Length":34,"Height":30,"Demand":1,"DemandMax":null,"Value":1020},{"Length":33,"Height":34,"Demand":1,"DemandMax":null,"Value":1122},{"Length":28,"Height":38,"Demand":1,"DemandMax":null,"Value":1064},{"Length":29,"Height":17,"Demand":1,"DemandMax":null,"Value":493},{"Length":36,"Height":49,"Demand":1,"DemandMax":null,"Value":1764},{"Length":26,"Height":14,"Demand":1,"DemandMax":null,"Value":364},{"Length":36,"Height":33,"Demand":1,"DemandMax":null,"Value":1188},{"Length":28,"Height":45,"Demand":1,"DemandMax":null,"Value":1260},{"Length":21,"Height":14,"Demand":1,"DemandMax":null,"Value":294},{"Length":20,"Height":37,"Demand":1,"DemandMax":null,"Value":740},{"Length":45,"Height":22,"Demand":1,"DemandMax":null,"Value":990},{"Length":48,"Height":35,"Demand":1,"DemandMax":null,"Value":1680},{"Length":31,"Height":26,"Demand":1,"DemandMax":null,"Value":806},{"Length":36,"Height":17,"Demand":1,"DemandMax":null,"Value":612},{"Length":17,"Height":16,"Demand":1,"DemandMax":null,"Value":272},{"Length":42,"Height":19,"Demand":1,"DemandMax":null,"Value":798},{"Length":23,"Height":18,"Demand":1,"DemandMax":null,"Value":414}]}