{"Name":"C3_20_S_11","Objects":[{"Length":100,"Height":100,"Stock":null,"Cost":10000}],"Items":[{"Length":44,"Height":20,"Demand":1,"DemandMax":null,"Value":880},{"Length":19,"Height":15,"Demand":1,"DemandMax":null,"Value":285},{"Length":49,"Height":35,"Demand":1,"DemandMax":null,"Value":1715},{"Length":43,"Height":25,"Demand":1,"DemandMax":null,"Value":1075},{"Length":39,"Height":32,"Demand":1,"DemandMax":null,"Value":1248},{"Length":22,"Height":40,"Demand":1,"DemandMax":null,"Value":880},{"Length":11,"Height":15,"Demand":1,"DemandMax":null,"Value":165},{"Length":48,"Height":25,"Demand":1,"DemandMax":null,"Value":1200},{"Length":31,"Height":47,"Demand":1,"DemandMax":null,"Value":1457},{"Length":28,"Height":47,"Demand":1,"DemandMax":null,"Value":1316},{"Length":48,"Height":32,"Demand":1,"DemandMax":null,"Value":1536},{"Length":22,"Height":11,"Demand":1,"DemandMax":null,"Value":242},{"Length":34,"Height":49,"Demand":1,"DemandMax":null,"Value":1666},{"Length":46,"Height":41,"Demand":1,"DemandMax":null,"Value":1886},{"Length":32,"Height":29,"Demand":1,"DemandMax":null,"Value":928},{"Length":34,"Height":24,"Demand":1,"DemandMax":null,"Value":816},{"Length":17,"Height":22,"Demand":1,"DemandMax":null,"Value":374},{"Length":24,"Height":16,"Demand":1,"DemandMax":null,"Value":384},{"Length":43,"Height":22,"Demand":1,"DemandMax":null,"Value":946},{"Length":31,"Height":28,"Demand":1,"DemandMax":null,"Value":868}]}