{"Name":"C3_30_S_15","Objects":[{"Length":100,"Height":100,"Stock":null,"Cost":10000}],"Items":[{"Length":29,"Height":16,"Demand":1,"DemandMax":null,"Value":464},{"Length":47,"Height":38,"Demand":1,"DemandMax":null,"Value":1786},{"Length":16,"Height":10,"Demand":1,"DemandMax":null,"Value":160},{"Length":37,"Height":44,"Demand":1,"DemandMax":null,"Value":1628},{"Length":35,"Height":27,"Demand":1,"DemandMax":null,"Value":945},{"Length":46,"Height":40,"Demand":1,"DemandMax":null,"Value":1840},{"Length":22,"Height":40,"Demand":1,"DemandMax":null,"Value":880},{"Length":11,"Height":24,"Demand":1,"DemandMax":null,"Value":264},{"Length":37,"Height":20,"Demand":1,"DemandMax":null,"Value":740},{"Length":42,"Height":16,"Demand":1,"DemandMax":null,"Value":672},{"Length":41,"Height":31,"Demand":1,"DemandMax":null,"Value":1271},{"Length":29,"Height":23,"Demand":1,"DemandMax":null,"Value":667},{"Length":45,"Height":16,"Demand":1,"DemandMax":null,"Value":720},{"Length":29,"Height":44,"Demand":1,"DemandMax":null,"Value":1276},{"Length":18,"Height":30,"Demand":1,"DemandMax":null,"Value":540},{"Length":40,"Height":11,"Demand":1,"DemandMax":null,"Value":440},{"Length":31,"Height":40,"Demand":1,"DemandMax":null,"Value":1240},{"Length":32,"Height":24,"Demand":1,"DemandMax":null,"Value":768},{"Length":44,"Height":36,"Demand":1,"DemandMax":null,"Value":1584},{"Length":23,"Height":16,"Demand":1,"DemandMax":null,"Value":368},{"Length":31,"Height":25,"Demand":1,"DemandMax":null,"Value":775},{"Length":44,"Height":13,"Demand":1,"DemandMax":null,"Value":572},{"Length":39,"Height":33,"Demand":1,"DemandMax":null,"Value":1287},{"Length":35,"Height":10,"Demand":1,"DemandMax":null,"Value":350},{"Length":36,"Height":32,"Demand":1,"DemandMax":null,"Value":1152},{"Length":31,"Height":10,"Demand":1,"DemandMax":null,"Value":310},{"Length":31,"Height":17,"Demand":1,"DemandMax":null,"Value":527},{"Length":18,"Height":25,"Demand":1,"DemandMax":null,"Value":450},{"Length":37,"Height":38,"Demand":1,"DemandMax":null,"Value":1406},{"Length":20,"Height":15,"Demand":1,"DemandMax":null,"Value":300}]}