{"Name":"C1_50_L_3","Objects":[{"Length":100,"Height":100,"Stock":null,"Cost":10000}],"Items":[{"Length":39,"Height":38,"Demand":3,"DemandMax":null,"Value":1482},{"Length":74,"Height":67,"Demand":1,"DemandMax":null,"Value":4958},{"Length":67,"Height":71,"Demand":1,"DemandMax":null,"Value":4757},{"Length":71,"Height":33,"Demand":3,"DemandMax":null,"Value":2343},{"Length":40,"Height":31,"Demand":2,"DemandMax":null,"Value":1240},{"Length":25,"Height":56,"Demand":1,"DemandMax":null,"Value":1400},{"Length":57,"Height":70,"Demand":1,"DemandMax":null,"Value":3990},{"Length":33,"Height":34,"Demand":3,"DemandMax":null,"Value":1122},{"Length":58,"Height":31,"Demand":1,"DemandMax":null,"Value":1798},{"Length":41,"Height":61,"Demand":2,"DemandMax":null,"Value":2501},{"Length":51,"Height":28,"Demand":3,"DemandMax":null,"Value":1428},{"Length":56,"Height":28,"Demand":3,"DemandMax":null,"Value":1568},{"Length":64,"Height":72,"Demand":1,"DemandMax":null,"Value":4608},{"Length":58,"Height":35,"Demand":1,"DemandMax":null,"Value":2030},{"Length":37,"Height":73,"Demand":1,"DemandMax":null,"Value":2701},{"Length":54,"Height":73,"Demand":1,"DemandMax":null,"Value":3942},{"Length":51,"Height":54,"Demand":1,"DemandMax":null,"Value":2754},{"Length":63,"Height":27,"Demand":1,"DemandMax":null,"Value":1701},{"Length":28,"Height":54,"Demand":1,"DemandMax":null,"Value":1512},{"Length":26,"Height":65,"Demand":1,"DemandMax":null,"Value":1690},{"Length":69,"Height":25,"Demand":3,"DemandMax":null,"Value":1725},{"Length":27,"Height":48,"Demand":1,"DemandMax":null,"Value":1296},{"Length":48,"Height":31,"Demand":4,"DemandMax":null,"Value":1488},{"Length":32,"Height":33,"Demand":8,"DemandMax":null,"Value":1056},{"Length":72,"Height":64,"Demand":1,"DemandMax":null,"Value":4608},{"Length":31,"Height":58,"Demand":3,"DemandMax":null,"Value":1798},{"Length":71,"Height":48,"Demand":2,"DemandMax":null,"Value":3408},{"Length":32,"Height":41,"Demand":3,"DemandMax":null,"Value":1312},{"Length":31,"Height":42,"Demand":1,"DemandMax":null,"Value":1302},{"Length":60,"Height":25,"Demand":1,"DemandMax":null,"Value":1500},{"Length":42,"Height":26,"Demand":1,"DemandMax":null,"Value":1092},{"Length":36,"Height":32,"Demand":4,"DemandMax":null,"Value":1152},{"Length":71,"Height":62,"Demand":1,"DemandMax":null,"Value":4402},{"Length":38,"Height":25,"Demand":6,"DemandMax":null,"Value":950},{"Length":38,"Height":68,"Demand":1,"DemandMax":null,"Value":2584},{"Length":30,"Height":59,"Demand":1,"DemandMax":null,"Value":1770},{"Length":46,"Height":59,"Demand":2,"DemandMax":null,"Value":2714},{"Length":62,"Height":50,"Demand":1,"DemandMax":null,"Value":3100},{"Length":37,"Height":32,"Demand":5,"DemandMax":null,"Value":1184},{"Length":45,"Height":52,"Demand":2,"DemandMax":null,"Value":2340},{"Length":66,"Height":38,"Demand":1,"DemandMax":null,"Value":2508},{"Length":28,"Height":56,"Demand":1,"DemandMax":null,"Value":1568},{"Length":67,"Height":42,"Demand":1,"DemandMax":null,"Value":2814},{"Length":26,"Height":31,"Demand":9,"DemandMax":null,"Value":806},{"Length":70,"Height":71,"Demand":1,"DemandMax":null,"Value":4970},{"Length":33,"Height":53,"Demand":1,"DemandMax":null,"Value":1749},{"Length":42,"Height":71,"Demand":2,"DemandMax":null,"Value":2982},{"Length":73,"Height":60,"Demand":1,"DemandMax":null,"Value":4380},{"Length":36,"Height":46,"Demand":3,"DemandMax":null,"Value":1656},{"Length":71,"Height":52,"Demand":1,"DemandMax":null,"Value":3692}]}