{"Name":"C3_40_L_7","Objects":[{"Length":100,"Height":100,"Stock":null,"Cost":10000}],"Items":[{"Length":28,"Height":34,"Demand":1,"DemandMax":null,"Value":952},{"Length":30,"Height":28,"Demand":1,"DemandMax":null,"Value":840},{"Length":25,"Height":58,"Demand":1,"DemandMax":null,"Value":1450},{"Length":60,"Height":57,"Demand":1,"DemandMax":null,"Value":3420},{"Length":52,"Height":57,"Demand":1,"DemandMax":null,"Value":2964},{"Length":48,"Height":57,"Demand":1,"DemandMax":null,"Value":2736},{"Length":53,"Height":66,"Demand":1,"DemandMax":null,"Value":3498},{"Length":38,"Height":59,"Demand":1,"DemandMax":null,"Value":2242},{"Length":49,"Height":43,"Demand":1,"DemandMax":null,"Value":2107},{"Length":61,"Height":50,"Demand":1,"DemandMax":null,"Value":3050},{"Length":72,"Height":72,"Demand":1,"DemandMax":null,"Value":5184},{"Length":39,"Height":68,"Demand":1,"DemandMax":null,"Value":2652},{"Length":50,"Height":48,"Demand":1,"DemandMax":null,"Value":2400},{"Length":29,"Height":70,"Demand":1,"DemandMax":null,"Value":2030},{"Length":68,"Height":41,"Demand":1,"DemandMax":null,"Value":2788},{"Length":44,"Height":72,"Demand":1,"DemandMax":null,"Value":3168},{"Length":55,"Height":28,"Demand":1,"DemandMax":null,"Value":1540},{"Length":67,"Height":29,"Demand":1,"DemandMax":null,"Value":1943},{"Length":46,"Height":33,"Demand":1,"DemandMax":null,"Value":1518},{"Length":45,"Height":28,"Demand":1,"DemandMax":null,"Value":1260},{"Length":58,"Height":36,"Demand":1,"DemandMax":null,"Value":2088},{"Length":26,"Height":69,"Demand":1,"DemandMax":null,"Value":1794},{"Length":36,"Height":57,"Demand":1,"DemandMax":null,"Value":2052},{"Length":42,"Height":51,"Demand":1,"DemandMax":null,"Value":2142},{"Length":52,"Height":66,"Demand":1,"DemandMax":null,"Value":3432},{"Length":29,"Height":66,"Demand":1,"DemandMax":null,"Value":1914},{"Length":27,"Height":35,"Demand":1,"DemandMax":null,"Value":945},{"Length":54,"Height":69,"Demand":1,"DemandMax":null,"Value":3726},{"Length":31,"Height":62,"Demand":1,"DemandMax":null,"Value":1922},{"Length":30,"Height":74,"Demand":1,"DemandMax":null,"Value":2220},{"Length":62,"Height":69,"Demand":1,"DemandMax":null,"Value":4278},{"Length":48,"Height":63,"Demand":1,"DemandMax":null,"Value":3024},{"Length":34,"Height":65,"Demand":1,"DemandMax":null,"Value":2210},{"Length":40,"Height":32,"Demand":1,"DemandMax":null,"Value":1280},{"Length":51,"Height":58,"Demand":1,"DemandMax":null,"Value":2958},{"Length":32,"Height":33,"Demand":1,"DemandMax":null,"Value":1056},{"Length":68,"Height":27,"Demand":1,"DemandMax":null,"Value":1836},{"Length":62,"Height":62,"Demand":1,"DemandMax":null,"Value":3844},{"Length":41,"Height":70,"Demand":1,"DemandMax":null,"Value":2870},{"Length":62,"Height":41,"Demand":1,"DemandMax":null,"Value":2542}]}