{"Name":"C3_30_L_8","Objects":[{"Length":100,"Height":100,"Stock":null,"Cost":10000}],"Items":[{"Length":71,"Height":30,"Demand":1,"DemandMax":null,"Value":2130},{"Length":65,"Height":42,"Demand":1,"DemandMax":null,"Value":2730},{"Length":64,"Height":66,"Demand":1,"DemandMax":null,"Value":4224},{"Length":30,"Height":44,"Demand":1,"DemandMax":null,"Value":1320},{"Length":57,"Height":27,"Demand":1,"DemandMax":null,"Value":1539},{"Length":62,"Height":74,"Demand":1,"DemandMax":null,"Value":4588},{"Length":47,"Height":47,"Demand":1,"DemandMax":null,"Value":2209},{"Length":47,"Height":61,"Demand":1,"DemandMax":null,"Value":2867},{"Length":27,"Height":65,"Demand":1,"DemandMax":null,"Value":1755},{"Length":38,"Height":37,"Demand":1,"DemandMax":null,"Value":1406},{"Length":36,"Height":27,"Demand":1,"DemandMax":null,"Value":972},{"Length":35,"Height":43,"Demand":1,"DemandMax":null,"Value":1505},{"Length":31,"Height":57,"Demand":1,"DemandMax":null,"Value":1767},{"Length":64,"Height":48,"Demand":1,"DemandMax":null,"Value":3072},{"Length":62,"Height":42,"Demand":1,"DemandMax":null,"Value":2604},{"Length":36,"Height":29,"Demand":1,"DemandMax":null,"Value":1044},{"Length":51,"Height":42,"Demand":1,"DemandMax":null,"Value":2142},{"Length":42,"Height":35,"Demand":1,"DemandMax":null,"Value":1470},{"Length":28,"Height":29,"Demand":1,"DemandMax":null,"Value":812},{"Length":48,"Height":48,"Demand":1,"DemandMax":null,"Value":2304},{"Length":55,"Height":50,"Demand":1,"DemandMax":null,"Value":2750},{"Length":71,"Height":34,"Demand":1,"DemandMax":null,"Value":2414},{"Length":53,"Height":51,"Demand":1,"DemandMax":null,"Value":2703},{"Length":64,"Height":26,"Demand":1,"DemandMax":null,"Value":1664},{"Length":55,"Height":64,"Demand":1,"DemandMax":null,"Value":3520},{"Length":34,"Height":65,"Demand":1,"DemandMax":null,"Value":2210},{"Length":62,"Height":32,"Demand":1,"DemandMax":null,"Value":1984},{"Length":28,"Height":56,"Demand":1,"DemandMax":null,"Value":1568},{"Length":53,"Height":45,"Demand":1,"DemandMax":null,"Value":2385},{"Length":49,"Height":39,"Demand":1,"DemandMax":null,"Value":1911}]}