{"Name":"C2_20_S_11","Objects":[{"Length":100,"Height":100,"Stock":null,"Cost":10000}],"Items":[{"Length":26,"Height":38,"Demand":2,"DemandMax":null,"Value":988},{"Length":30,"Height":31,"Demand":3,"DemandMax":null,"Value":930},{"Length":19,"Height":37,"Demand":1,"DemandMax":null,"Value":703},{"Length":34,"Height":20,"Demand":1,"DemandMax":null,"Value":680},{"Length":12,"Height":45,"Demand":1,"DemandMax":null,"Value":540},{"Length":27,"Height":21,"Demand":3,"DemandMax":null,"Value":567},{"Length":28,"Height":32,"Demand":3,"DemandMax":null,"Value":896},{"Length":46,"Height":45,"Demand":2,"DemandMax":null,"Value":2070},{"Length":49,"Height":47,"Demand":1,"DemandMax":null,"Value":2303},{"Length":10,"Height":44,"Demand":3,"DemandMax":null,"Value":440},{"Length":32,"Height":36,"Demand":2,"DemandMax":null,"Value":1152},{"Length":39,"Height":32,"Demand":2,"DemandMax":null,"Value":1248},{"Length":33,"Height":40,"Demand":4,"DemandMax":null,"Value":1320},{"Length":18,"Height":41,"Demand":4,"DemandMax":null,"Value":738},{"Length":19,"Height":38,"Demand":2,"DemandMax":null,"Value":722},{"Length":43,"Height":41,"Demand":2,"DemandMax":null,"Value":1763},{"Length":30,"Height":38,"Demand":2,"DemandMax":null,"Value":1140},{"Length":15,"Height":20,"Demand":2,"DemandMax":null,"Value":300},{"Length":12,"Height":30,"Demand":3,"DemandMax":null,"Value":360},{"Length":26,"Height":47,"Demand":1,"DemandMax":null,"Value":1222}]}