{"Name":"C3_20_L_15","Objects":[{"Length":100,"Height":100,"Stock":null,"Cost":10000}],"Items":[{"Length":47,"Height":35,"Demand":1,"DemandMax":null,"Value":1645},{"Length":62,"Height":42,"Demand":1,"DemandMax":null,"Value":2604},{"Length":53,"Height":36,"Demand":1,"DemandMax":null,"Value":1908},{"Length":43,"Height":35,"Demand":1,"DemandMax":null,"Value":1505},{"Length":60,"Height":30,"Demand":1,"DemandMax":null,"Value":1800},{"Length":31,"Height":73,"Demand":1,"DemandMax":null,"Value":2263},{"Length":70,"Height":39,"Demand":1,"DemandMax":null,"Value":2730},{"Length":68,"Height":49,"Demand":1,"DemandMax":null,"Value":3332},{"Length":54,"Height":74,"Demand":1,"DemandMax":null,"Value":3996},{"Length":52,"Height":42,"Demand":1,"DemandMax":null,"Value":2184},{"Length":26,"Height":54,"Demand":1,"DemandMax":null,"Value":1404},{"Length":51,"Height":73,"Demand":1,"DemandMax":null,"Value":3723},{"Length":28,"Height":63,"Demand":1,"DemandMax":null,"Value":1764},{"Length":73,"Height":72,"Demand":1,"DemandMax":null,"Value":5256},{"Length":59,"Height":67,"Demand":1,"DemandMax":null,"Value":3953},{"Length":49,"Height":51,"Demand":1,"DemandMax":null,"Value":2499},{"Length":35,"Height":60,"Demand":1,"DemandMax":null,"Value":2100},{"Length":70,"Height":47,"Demand":1,"DemandMax":null,"Value":3290},{"Length":50,"Height":49,"Demand":1,"DemandMax":null,"Value":2450},{"Length":52,"Height":57,"Demand":1,"DemandMax":null,"Value":2964}]}