{"Name":"C1_30_L_9","Objects":[{"Length":100,"Height":100,"Stock":null,"Cost":10000}],"Items":[{"Length":27,"Height":54,"Demand":1,"DemandMax":null,"Value":1458},{"Length":56,"Height":34,"Demand":2,"DemandMax":null,"Value":1904},{"Length":49,"Height":56,"Demand":2,"DemandMax":null,"Value":2744},{"Length":42,"Height":47,"Demand":3,"DemandMax":null,"Value":1974},{"Length":51,"Height":48,"Demand":1,"DemandMax":null,"Value":2448},{"Length":55,"Height":41,"Demand":1,"DemandMax":null,"Value":2255},{"Length":71,"Height":64,"Demand":1,"DemandMax":null,"Value":4544},{"Length":71,"Height":56,"Demand":1,"DemandMax":null,"Value":3976},{"Length":31,"Height":43,"Demand":3,"DemandMax":null,"Value":1333},{"Length":41,"Height":49,"Demand":2,"DemandMax":null,"Value":2009},{"Length":46,"Height":33,"Demand":6,"DemandMax":null,"Value":1518},{"Length":40,"Height":50,"Demand":1,"DemandMax":null,"Value":2000},{"Length":33,"Height":56,"Demand":2,"DemandMax":null,"Value":1848},{"Length":72,"Height":55,"Demand":1,"DemandMax":null,"Value":3960},{"Length":72,"Height":66,"Demand":1,"DemandMax":null,"Value":4752},{"Length":47,"Height":64,"Demand":2,"DemandMax":null,"Value":3008},{"Length":39,"Height":49,"Demand":4,"DemandMax":null,"Value":1911},{"Length":37,"Height":32,"Demand":3,"DemandMax":null,"Value":1184},{"Length":42,"Height":28,"Demand":5,"DemandMax":null,"Value":1176},{"Length":59,"Height":49,"Demand":2,"DemandMax":null,"Value":2891},{"Length":44,"Height":56,"Demand":2,"DemandMax":null,"Value":2464},{"Length":34,"Height":63,"Demand":2,"DemandMax":null,"Value":2142},{"Length":55,"Height":36,"Demand":1,"DemandMax":null,"Value":1980},{"Length":25,"Height":44,"Demand":6,"DemandMax":null,"Value":1100},{"Length":57,"Height":67,"Demand":1,"DemandMax":null,"Value":3819},{"Length":71,"Height":51,"Demand":1,"DemandMax":null,"Value":3621},{"Length":25,"Height":38,"Demand":6,"DemandMax":null,"Value":950},{"Length":54,"Height":29,"Demand":1,"DemandMax":null,"Value":1566},{"Length":73,"Height":58,"Demand":1,"DemandMax":null,"Value":4234},{"Length":63,"Height":68,"Demand":1,"DemandMax":null,"Value":4284}]}