{"Name":"C2_30_S_12","Objects":[{"Length":100,"Height":100,"Stock":null,"Cost":10000}],"Items":[{"Length":20,"Height":37,"Demand":2,"DemandMax":null,"Value":740},{"Length":41,"Height":48,"Demand":4,"DemandMax":null,"Value":1968},{"Length":38,"Height":16,"Demand":2,"DemandMax":null,"Value":608},{"Length":42,"Height":20,"Demand":1,"DemandMax":null,"Value":840},{"Length":12,"Height":16,"Demand":3,"DemandMax":null,"Value":192},{"Length":42,"Height":32,"Demand":2,"DemandMax":null,"Value":1344},{"Length":46,"Height":47,"Demand":3,"DemandMax":null,"Value":2162},{"Length":29,"Height":49,"Demand":1,"DemandMax":null,"Value":1421},{"Length":11,"Height":31,"Demand":4,"DemandMax":null,"Value":341},{"Length":21,"Height":47,"Demand":1,"DemandMax":null,"Value":987},{"Length":46,"Height":19,"Demand":2,"DemandMax":null,"Value":874},{"Length":28,"Height":20,"Demand":1,"DemandMax":null,"Value":560},{"Length":19,"Height":46,"Demand":4,"DemandMax":null,"Value":874},{"Length":32,"Height":42,"Demand":4,"DemandMax":null,"Value":1344},{"Length":38,"Height":12,"Demand":3,"DemandMax":null,"Value":456},{"Length":35,"Height":14,"Demand":3,"DemandMax":null,"Value":490},{"Length":29,"Height":46,"Demand":3,"DemandMax":null,"Value":1334},{"Length":44,"Height":36,"Demand":1,"DemandMax":null,"Value":1584},{"Length":30,"Height":19,"Demand":3,"DemandMax":null,"Value":570},{"Length":37,"Height":36,"Demand":3,"DemandMax":null,"Value":1332},{"Length":37,"Height":41,"Demand":4,"DemandMax":null,"Value":1517},{"Length":41,"Height":43,"Demand":3,"DemandMax":null,"Value":1763},{"Length":45,"Height":12,"Demand":2,"DemandMax":null,"Value":540},{"Length":11,"Height":11,"Demand":3,"DemandMax":null,"Value":121},{"Length":20,"Height":18,"Demand":1,"DemandMax":null,"Value":360},{"Length":16,"Height":18,"Demand":1,"DemandMax":null,"Value":288},{"Length":49,"Height":40,"Demand":1,"DemandMax":null,"Value":1960},{"Length":41,"Height":33,"Demand":1,"DemandMax":null,"Value":1353},{"Length":24,"Height":12,"Demand":2,"DemandMax":null,"Value":288},{"Length":23,"Height":44,"Demand":3,"DemandMax":null,"Value":1012}]}