{"Name":"C2_10_S_2","Objects":[{"Length":100,"Height":100,"Stock":null,"Cost":10000}],"Items":[{"Length":12,"Height":33,"Demand":4,"DemandMax":null,"Value":396},{"Length":48,"Height":13,"Demand":3,"DemandMax":null,"Value":624},{"Length":12,"Height":47,"Demand":3,"DemandMax":null,"Value":564},{"Length":25,"Height":46,"Demand":1,"DemandMax":null,"Value":1150},{"Length":19,"Height":11,"Demand":4,"DemandMax":null,"Value":209},{"Length":49,"Height":34,"Demand":2,"DemandMax":null,"Value":1666},{"Length":42,"Height":40,"Demand":1,"DemandMax":null,"Value":1680},{"Length":18,"Height":39,"Demand":2,"DemandMax":null,"Value":702},{"Length":41,"Height":39,"Demand":4,"DemandMax":null,"Value":1599},{"Length":46,"Height":19,"Demand":4,"DemandMax":null,"Value":874}]}