{"Name":"C1_40_S_15","Objects":[{"Length":100,"Height":100,"Stock":null,"Cost":10000}],"Items":[{"Length":33,"Height":14,"Demand":13,"DemandMax":null,"Value":462},{"Length":13,"Height":21,"Demand":12,"DemandMax":null,"Value":273},{"Length":34,"Height":26,"Demand":4,"DemandMax":null,"Value":884},{"Length":45,"Height":31,"Demand":3,"DemandMax":null,"Value":1395},{"Length":11,"Height":27,"Demand":18,"DemandMax":null,"Value":297},{"Length":33,"Height":16,"Demand":17,"DemandMax":null,"Value":528},{"Length":41,"Height":46,"Demand":4,"DemandMax":null,"Value":1886},{"Length":25,"Height":35,"Demand":5,"DemandMax":null,"Value":875},{"Length":40,"Height":26,"Demand":3,"DemandMax":null,"Value":1040},{"Length":40,"Height":28,"Demand":2,"DemandMax":null,"Value":1120},{"Length":30,"Height":35,"Demand":6,"DemandMax":null,"Value":1050},{"Length":24,"Height":23,"Demand":14,"DemandMax":null,"Value":552},{"Length":11,"Height":38,"Demand":10,"DemandMax":null,"Value":418},{"Length":27,"Height":16,"Demand":5,"DemandMax":null,"Value":432},{"Length":29,"Height":20,"Demand":1,"DemandMax":null,"Value":580},{"Length":16,"Height":41,"Demand":4,"DemandMax":null,"Value":656},{"Length":23,"Height":41,"Demand":6,"DemandMax":null,"Value":943},{"Length":22,"Height":44,"Demand":5,"DemandMax":null,"Value":968},{"Length":19,"Height":18,"Demand":25,"DemandMax":null,"Value":342},{"Length":31,"Height":17,"Demand":6,"DemandMax":null,"Value":527},{"Length":24,"Height":47,"Demand":2,"DemandMax":null,"Value":1128},{"Length":32,"Height":42,"Demand":1,"DemandMax":null,"Value":1344},{"Length":35,"Height":37,"Demand":2,"DemandMax":null,"Value":1295},{"Length":13,"Height":22,"Demand":21,"DemandMax":null,"Value":286},{"Length":26,"Height":12,"Demand":12,"DemandMax":null,"Value":312},{"Length":44,"Height":14,"Demand":9,"DemandMax":null,"Value":616},{"Length":38,"Height":37,"Demand":3,"DemandMax":null,"Value":1406},{"Length":32,"Height":32,"Demand":2,"DemandMax":null,"Value":1024},{"Length":20,"Height":27,"Demand":11,"DemandMax":null,"Value":540},{"Length":10,"Height":48,"Demand":7,"DemandMax":null,"Value":480},{"Length":19,"Height":37,"Demand":3,"DemandMax":null,"Value":703},{"Length":12,"Height":49,"Demand":3,"DemandMax":null,"Value":588},{"Length":13,"Height":38,"Demand":13,"DemandMax":null,"Value":494},{"Length":23,"Height":24,"Demand":2,"DemandMax":null,"Value":552},{"Length":40,"Height":15,"Demand":12,"DemandMax":null,"Value":600},{"Length":43,"Height":14,"Demand":7,"DemandMax":null,"Value":602},{"Length":26,"Height":46,"Demand":6,"DemandMax":null,"Value":1196},{"Length":22,"Height":46,"Demand":8,"DemandMax":null,"Value":1012},{"Length":26,"Height":42,"Demand":6,"DemandMax":null,"Value":1092},{"Length":46,"Height":18,"Demand":8,"DemandMax":null,"Value":828}]}