{"Name":"C2_30_L_4","Objects":[{"Length":100,"Height":100,"Stock":null,"Cost":10000}],"Items":[{"Length":42,"Height":33,"Demand":4,"DemandMax":null,"Value":1386},{"Length":35,"Height":47,"Demand":2,"DemandMax":null,"Value":1645},{"Length":71,"Height":46,"Demand":2,"DemandMax":null,"Value":3266},{"Length":38,"Height":39,"Demand":1,"DemandMax":null,"Value":1482},{"Length":62,"Height":35,"Demand":2,"DemandMax":null,"Value":2170},{"Length":74,"Height":57,"Demand":3,"DemandMax":null,"Value":4218},{"Length":31,"Height":27,"Demand":2,"DemandMax":null,"Value":837},{"Length":68,"Height":44,"Demand":1,"DemandMax":null,"Value":2992},{"Length":55,"Height":69,"Demand":4,"DemandMax":null,"Value":3795},{"Length":40,"Height":55,"Demand":2,"DemandMax":null,"Value":2200},{"Length":73,"Height":68,"Demand":1,"DemandMax":null,"Value":4964},{"Length":59,"Height":50,"Demand":1,"DemandMax":null,"Value":2950},{"Length":63,"Height":40,"Demand":2,"DemandMax":null,"Value":2520},{"Length":28,"Height":34,"Demand":4,"DemandMax":null,"Value":952},{"Length":53,"Height":31,"Demand":2,"DemandMax":null,"Value":1643},{"Length":56,"Height":54,"Demand":2,"DemandMax":null,"Value":3024},{"Length":27,"Height":50,"Demand":1,"DemandMax":null,"Value":1350},{"Length":63,"Height":38,"Demand":2,"DemandMax":null,"Value":2394},{"Length":36,"Height":49,"Demand":4,"DemandMax":null,"Value":1764},{"Length":50,"Height":58,"Demand":3,"DemandMax":null,"Value":2900},{"Length":35,"Height":42,"Demand":2,"DemandMax":null,"Value":1470},{"Length":59,"Height":67,"Demand":2,"DemandMax":null,"Value":3953},{"Length":65,"Height":34,"Demand":3,"DemandMax":null,"Value":2210},{"Length":74,"Height":61,"Demand":2,"DemandMax":null,"Value":4514},{"Length":56,"Height":66,"Demand":1,"DemandMax":null,"Value":3696},{"Length":25,"Height":57,"Demand":4,"DemandMax":null,"Value":1425},{"Length":26,"Height":67,"Demand":2,"DemandMax":null,"Value":1742},{"Length":67,"Height":56,"Demand":4,"DemandMax":null,"Value":3752},{"Length":30,"Height":40,"Demand":3,"DemandMax":null,"Value":1200},{"Length":39,"Height":47,"Demand":4,"DemandMax":null,"Value":1833}]}