{"Name":"C2_10_S_8","Objects":[{"Length":100,"Height":100,"Stock":null,"Cost":10000}],"Items":[{"Length":48,"Height":36,"Demand":1,"DemandMax":null,"Value":1728},{"Length":36,"Height":42,"Demand":3,"DemandMax":null,"Value":1512},{"Length":14,"Height":44,"Demand":3,"DemandMax":null,"Value":616},{"Length":48,"Height":14,"Demand":3,"DemandMax":null,"Value":672},{"Length":10,"Height":49,"Demand":1,"DemandMax":null,"Value":490},{"Length":15,"Height":17,"Demand":2,"DemandMax":null,"Value":255},{"Length":16,"Height":27,"Demand":3,"DemandMax":null,"Value":432},{"Length":25,"Height":43,"Demand":1,"DemandMax":null,"Value":1075},{"Length":35,"Height":20,"Demand":2,"DemandMax":null,"Value":700},{"Length":32,"Height":12,"Demand":2,"DemandMax":null,"Value":384}]}