{"Name":"C1_40_S_10","Objects":[{"Length":100,"Height":100,"Stock":null,"Cost":10000}],"Items":[{"Length":14,"Height":29,"Demand":16,"DemandMax":null,"Value":406},{"Length":22,"Height":30,"Demand":9,"DemandMax":null,"Value":660},{"Length":26,"Height":42,"Demand":5,"DemandMax":null,"Value":1092},{"Length":31,"Height":45,"Demand":1,"DemandMax":null,"Value":1395},{"Length":26,"Height":34,"Demand":3,"DemandMax":null,"Value":884},{"Length":30,"Height":13,"Demand":18,"DemandMax":null,"Value":390},{"Length":39,"Height":35,"Demand":1,"DemandMax":null,"Value":1365},{"Length":16,"Height":48,"Demand":8,"DemandMax":null,"Value":768},{"Length":39,"Height":14,"Demand":11,"DemandMax":null,"Value":546},{"Length":37,"Height":44,"Demand":1,"DemandMax":null,"Value":1628},{"Length":44,"Height":42,"Demand":3,"DemandMax":null,"Value":1848},{"Length":24,"Height":22,"Demand":13,"DemandMax":null,"Value":528},{"Length":15,"Height":15,"Demand":32,"DemandMax":null,"Value":225},{"Length":36,"Height":47,"Demand":3,"DemandMax":null,"Value":1692},{"Length":30,"Height":10,"Demand":24,"DemandMax":null,"Value":300},{"Length":18,"Height":36,"Demand":6,"DemandMax":null,"Value":648},{"Length":40,"Height":24,"Demand":1,"DemandMax":null,"Value":960},{"Length":14,"Height":21,"Demand":9,"DemandMax":null,"Value":294},{"Length":49,"Height":13,"Demand":12,"DemandMax":null,"Value":637},{"Length":41,"Height":37,"Demand":2,"DemandMax":null,"Value":1517},{"Length":48,"Height":42,"Demand":3,"DemandMax":null,"Value":2016},{"Length":35,"Height":12,"Demand":9,"DemandMax":null,"Value":420},{"Length":37,"Height":28,"Demand":4,"DemandMax":null,"Value":1036},{"Length":38,"Height":12,"Demand":6,"DemandMax":null,"Value":456},{"Length":21,"Height":14,"Demand":12,"DemandMax":null,"Value":294},{"Length":43,"Height":18,"Demand":4,"DemandMax":null,"Value":774},{"Length":42,"Height":18,"Demand":5,"DemandMax":null,"Value":756},{"Length":17,"Height":26,"Demand":7,"DemandMax":null,"Value":442},{"Length":33,"Height":48,"Demand":4,"DemandMax":null,"Value":1584},{"Length":44,"Height":17,"Demand":4,"DemandMax":null,"Value":748},{"Length":33,"Height":33,"Demand":7,"DemandMax":null,"Value":1089},{"Length":28,"Height":29,"Demand":2,"DemandMax":null,"Value":812},{"Length":34,"Height":32,"Demand":2,"DemandMax":null,"Value":1088},{"Length":20,"Height":21,"Demand":8,"DemandMax":null,"Value":420},{"Length":49,"Height":40,"Demand":4,"DemandMax":null,"Value":1960},{"Length":48,"Height":36,"Demand":4,"DemandMax":null,"Value":1728},{"Length":35,"Height":20,"Demand":10,"DemandMax":null,"Value":700},{"Length":12,"Height":17,"Demand":33,"DemandMax":null,"Value":204},{"Length":35,"Height":34,"Demand":1,"DemandMax":null,"Value":1190},{"Length":21,"Height":12,"Demand":17,"DemandMax":null,"Value":252}]}