{"Name":"C1_30_L_11","Objects":[{"Length":100,"Height":100,"Stock":null,"Cost":10000}],"Items":[{"Length":48,"Height":60,"Demand":1,"DemandMax":null,"Value":2880},{"Length":71,"Height":72,"Demand":1,"DemandMax":null,"Value":5112},{"Length":56,"Height":26,"Demand":1,"DemandMax":null,"Value":1456},{"Length":33,"Height":74,"Demand":2,"DemandMax":null,"Value":2442},{"Length":59,"Height":56,"Demand":1,"DemandMax":null,"Value":3304},{"Length":39,"Height":40,"Demand":2,"DemandMax":null,"Value":1560},{"Length":50,"Height":27,"Demand":2,"DemandMax":null,"Value":1350},{"Length":47,"Height":68,"Demand":1,"DemandMax":null,"Value":3196},{"Length":60,"Height":43,"Demand":1,"DemandMax":null,"Value":2580},{"Length":28,"Height":45,"Demand":3,"DemandMax":null,"Value":1260},{"Length":27,"Height":32,"Demand":3,"DemandMax":null,"Value":864},{"Length":26,"Height":35,"Demand":5,"DemandMax":null,"Value":910},{"Length":41,"Height":45,"Demand":4,"DemandMax":null,"Value":1845},{"Length":45,"Height":32,"Demand":2,"DemandMax":null,"Value":1440},{"Length":73,"Height":61,"Demand":1,"DemandMax":null,"Value":4453},{"Length":40,"Height":42,"Demand":3,"DemandMax":null,"Value":1680},{"Length":70,"Height":26,"Demand":1,"DemandMax":null,"Value":1820},{"Length":73,"Height":48,"Demand":1,"DemandMax":null,"Value":3504},{"Length":43,"Height":50,"Demand":1,"DemandMax":null,"Value":2150},{"Length":59,"Height":26,"Demand":3,"DemandMax":null,"Value":1534},{"Length":41,"Height":29,"Demand":2,"DemandMax":null,"Value":1189},{"Length":40,"Height":68,"Demand":2,"DemandMax":null,"Value":2720},{"Length":60,"Height":73,"Demand":1,"DemandMax":null,"Value":4380},{"Length":28,"Height":26,"Demand":9,"DemandMax":null,"Value":728},{"Length":42,"Height":32,"Demand":4,"DemandMax":null,"Value":1344},{"Length":63,"Height":42,"Demand":2,"DemandMax":null,"Value":2646},{"Length":60,"Height":34,"Demand":2,"DemandMax":null,"Value":2040},{"Length":40,"Height":33,"Demand":4,"DemandMax":null,"Value":1320},{"Length":46,"Height":26,"Demand":6,"DemandMax":null,"Value":1196},{"Length":39,"Height":34,"Demand":1,"DemandMax":null,"Value":1326}]}