{"Name":"C3_40_S_15","Objects":[{"Length":100,"Height":100,"Stock":null,"Cost":10000}],"Items":[{"Length":34,"Height":18,"Demand":1,"DemandMax":null,"Value":612},{"Length":49,"Height":21,"Demand":1,"DemandMax":null,"Value":1029},{"Length":18,"Height":39,"Demand":1,"DemandMax":null,"Value":702},{"Length":27,"Height":17,"Demand":1,"DemandMax":null,"Value":459},{"Length":30,"Height":14,"Demand":1,"DemandMax":null,"Value":420},{"Length":24,"Height":15,"Demand":1,"DemandMax":null,"Value":360},{"Length":37,"Height":48,"Demand":1,"DemandMax":null,"Value":1776},{"Length":21,"Height":31,"Demand":1,"DemandMax":null,"Value":651},{"Length":15,"Height":25,"Demand":1,"DemandMax":null,"Value":375},{"Length":34,"Height":43,"Demand":1,"DemandMax":null,"Value":1462},{"Length":38,"Height":38,"Demand":1,"DemandMax":null,"Value":1444},{"Length":25,"Height":49,"Demand":1,"DemandMax":null,"Value":1225},{"Length":16,"Height":44,"Demand":1,"DemandMax":null,"Value":704},{"Length":17,"Height":44,"Demand":1,"DemandMax":null,"Value":748},{"Length":28,"Height":34,"Demand":1,"DemandMax":null,"Value":952},{"Length":21,"Height":19,"Demand":1,"DemandMax":null,"Value":399},{"Length":16,"Height":25,"Demand":1,"DemandMax":null,"Value":400},{"Length":35,"Height":44,"Demand":1,"DemandMax":null,"Value":1540},{"Length":45,"Height":25,"Demand":1,"DemandMax":null,"Value":1125},{"Length":27,"Height":32,"Demand":1,"DemandMax":null,"Value":864},{"Length":12,"Height":23,"Demand":1,"DemandMax":null,"Value":276},{"Length":27,"Height":11,"Demand":1,"DemandMax":null,"Value":297},{"Length":12,"Height":42,"Demand":1,"DemandMax":null,"Value":504},{"Length":17,"Height":12,"Demand":1,"DemandMax":null,"Value":204},{"Length":25,"Height":22,"Demand":1,"DemandMax":null,"Value":550},{"Length":42,"Height":43,"Demand":1,"DemandMax":null,"Value":1806},{"Length":10,"Height":27,"Demand":2,"DemandMax":null,"Value":270},{"Length":13,"Height":28,"Demand":1,"DemandMax":null,"Value":364},{"Length":31,"Height":35,"Demand":1,"DemandMax":null,"Value":1085},{"Length":33,"Height":33,"Demand":1,"DemandMax":null,"Value":1089},{"Length":39,"Height":30,"Demand":1,"DemandMax":null,"Value":1170},{"Length":35,"Height":16,"Demand":1,"DemandMax":null,"Value":560},{"Length":11,"Height":29,"Demand":1,"DemandMax":null,"Value":319},{"Length":11,"Height":26,"Demand":1,"DemandMax":null,"Value":286},{"Length":32,"Height":49,"Demand":1,"DemandMax":null,"Value":1568},{"Length":20,"Height":14,"Demand":1,"DemandMax":null,"Value":280},{"Length":23,"Height":38,"Demand":1,"DemandMax":null,"Value":874},{"Length":23,"Height":44,"Demand":1,"DemandMax":null,"Value":1012},{"Length":22,"Height":16,"Demand":1,"DemandMax":null,"Value":352}]}