{"Name":"C3_50_S_2","Objects":[{"Length":100,"Height":100,"Stock":null,"Cost":10000}],"Items":[{"Length":36,"Height":41,"Demand":1,"DemandMax":null,"Value":1476},{"Length":39,"Height":49,"Demand":1,"DemandMax":null,"Value":1911},{"Length":18,"Height":24,"Demand":1,"DemandMax":null,"Value":432},{"Length":30,"Height":48,"Demand":1,"DemandMax":null,"Value":1440},{"Length":19,"Height":34,"Demand":1,"DemandMax":null,"Value":646},{"Length":16,"Height":27,"Demand":1,"DemandMax":null,"Value":432},{"Length":31,"Height":22,"Demand":1,"DemandMax":null,"Value":682},{"Length":12,"Height":23,"Demand":1,"DemandMax":null,"Value":276},{"Length":23,"Height":23,"Demand":1,"DemandMax":null,"Value":529},{"Length":34,"Height":10,"Demand":1,"DemandMax":null,"Value":340},{"Length":38,"Height":25,"Demand":1,"DemandMax":null,"Value":950},{"Length":43,"Height":20,"Demand":1,"DemandMax":null,"Value":860},{"Length":19,"Height":29,"Demand":1,"DemandMax":null,"Value":551},{"Length":20,"Height":17,"Demand":1,"DemandMax":null,"Value":340},{"Length":34,"Height":33,"Demand":1,"DemandMax":null,"Value":1122},{"Length":19,"Height":32,"Demand":1,"DemandMax":null,"Value":608},{"Length":15,"Height":20,"Demand":1,"DemandMax":null,"Value":300},{"Length":43,"Height":44,"Demand":1,"DemandMax":null,"Value":1892},{"Length":12,"Height":24,"Demand":1,"DemandMax":null,"Value":288},{"Length":11,"Height":10,"Demand":1,"DemandMax":null,"Value":110},{"Length":43,"Height":30,"Demand":1,"DemandMax":null,"Value":1290},{"Length":41,"Height":25,"Demand":1,"DemandMax":null,"Value":1025},{"Length":33,"Height":23,"Demand":1,"DemandMax":null,"Value":759},{"Length":19,"Height":46,"Demand":1,"DemandMax":null,"Value":874},{"Length":12,"Height":48,"Demand":1,"DemandMax":null,"Value":576},{"Length":25,"Height":10,"Demand":1,"DemandMax":null,"Value":250},{"Length":48,"Height":22,"Demand":1,"DemandMax":null,"Value":1056},{"Length":22,"Height":11,"Demand":1,"DemandMax":null,"Value":242},{"Length":44,"Height":16,"Demand":1,"DemandMax":null,"Value":704},{"Length":30,"Height":12,"Demand":1,"DemandMax":null,"Value":360},{"Length":31,"Height":48,"Demand":1,"DemandMax":null,"Value":1488},{"Length":35,"Height":25,"Demand":1,"DemandMax":null,"Value":875},{"Length":28,"Height":41,"Demand":1,"DemandMax":null,"Value":1148},{"Length":29,"Height":27,"Demand":1,"DemandMax":null,"Value":783},{"Length":32,"Height":10,"Demand":1,"DemandMax":null,"Value":320},{"Length":27,"Height":18,"Demand":1,"DemandMax":null,"Value":486},{"Length":18,"Height":41,"Demand":1,"DemandMax":null,"Value":738},{"Length":24,"Height":48,"Demand":1,"DemandMax":null,"Value":1152},{"Length":12,"Height":12,"Demand":1,"DemandMax":null,"Value":144},{"Length":44,"Height":42,"Demand":1,"DemandMax":null,"Value":1848},{"Length":19,"Height":42,"Demand":1,"DemandMax":null,"Value":798},{"Length":26,"Height":11,"Demand":1,"DemandMax":null,"Value":286},{"Length":41,"Height":44,"Demand":1,"DemandMax":null,"Value":1804},{"Length":29,"Height":41,"Demand":1,"DemandMax":null,"Value":1189},{"Length":45,"Height":29,"Demand":1,"DemandMax":null,"Value":1305},{"Length":12,"Height":10,"Demand":1,"DemandMax":null,"Value":120},{"Length":37,"Height":24,"Demand":1,"DemandMax":null,"Value":888},{"Length":11,"Height":11,"Demand":1,"DemandMax":null,"Value":121},{"Length":12,"Height":45,"Demand":1,"DemandMax":null,"Value":540},{"Length":12,"Height":14,"Demand":1,"DemandMax":null,"Value":168}]}