{"Name":"C2_10_L_13","Objects":[{"Length":100,"Height":100,"Stock":null,"Cost":10000}],"Items":[{"Length":47,"Height":58,"Demand":4,"DemandMax":null,"Value":2726},{"Length":31,"Height":33,"Demand":2,"DemandMax":null,"Value":1023},{"Length":42,"Height":39,"Demand":3,"DemandMax":null,"Value":1638},{"Length":30,"Height":62,"Demand":4,"DemandMax":null,"Value":1860},{"Length":70,"Height":59,"Demand":1,"DemandMax":null,"Value":4130},{"Length":52,"Height":42,"Demand":4,"DemandMax":null,"Value":2184},{"Length":49,"Height":40,"Demand":4,"DemandMax":null,"Value":1960},{"Length":33,"Height":26,"Demand":3,"DemandMax":null,"Value":858},{"Length":35,"Height":33,"Demand":1,"DemandMax":null,"Value":1155},{"Length":55,"Height":51,"Demand":2,"DemandMax":null,"Value":2805}]}