{"Name":"C3_50_L_7","Objects":[{"Length":100,"Height":100,"Stock":null,"Cost":10000}],"Items":[{"Length":41,"Height":74,"Demand":1,"DemandMax":null,"Value":3034},{"Length":28,"Height":42,"Demand":1,"DemandMax":null,"Value":1176},{"Length":60,"Height":27,"Demand":1,"DemandMax":null,"Value":1620},{"Length":33,"Height":44,"Demand":1,"DemandMax":null,"Value":1452},{"Length":64,"Height":56,"Demand":1,"DemandMax":null,"Value":3584},{"Length":58,"Height":29,"Demand":1,"DemandMax":null,"Value":1682},{"Length":63,"Height":31,"Demand":1,"DemandMax":null,"Value":1953},{"Length":64,"Height":67,"Demand":1,"DemandMax":null,"Value":4288},{"Length":70,"Height":40,"Demand":1,"DemandMax":null,"Value":2800},{"Length":27,"Height":40,"Demand":1,"DemandMax":null,"Value":1080},{"Length":42,"Height":39,"Demand":1,"DemandMax":null,"Value":1638},{"Length":28,"Height":34,"Demand":1,"DemandMax":null,"Value":952},{"Length":43,"Height":58,"Demand":1,"DemandMax":null,"Value":2494},{"Length":71,"Height":47,"Demand":1,"DemandMax":null,"Value":3337},{"Length":30,"Height":47,"Demand":1,"DemandMax":null,"Value":1410},{"Length":51,"Height":72,"Demand":1,"DemandMax":null,"Value":3672},{"Length":62,"Height":70,"Demand":1,"DemandMax":null,"Value":4340},{"Length":63,"Height":28,"Demand":1,"DemandMax":null,"Value":1764},{"Length":58,"Height":27,"Demand":1,"DemandMax":null,"Value":1566},{"Length":62,"Height":31,"Demand":1,"DemandMax":null,"Value":1922},{"Length":39,"Height":45,"Demand":1,"DemandMax":null,"Value":1755},{"Length":71,"Height":43,"Demand":1,"DemandMax":null,"Value":3053},{"Length":46,"Height":54,"Demand":1,"DemandMax":null,"Value":2484},{"Length":42,"Height":34,"Demand":1,"DemandMax":null,"Value":1428},{"Length":47,"Height":45,"Demand":1,"DemandMax":null,"Value":2115},{"Length":27,"Height":42,"Demand":1,"DemandMax":null,"Value":1134},{"Length":45,"Height":73,"Demand":1,"DemandMax":null,"Value":3285},{"Length":42,"Height":66,"Demand":1,"DemandMax":null,"Value":2772},{"Length":37,"Height":58,"Demand":1,"DemandMax":null,"Value":2146},{"Length":64,"Height":48,"Demand":1,"DemandMax":null,"Value":3072},{"Length":54,"Height":30,"Demand":1,"DemandMax":null,"Value":1620},{"Length":61,"Height":34,"Demand":1,"DemandMax":null,"Value":2074},{"Length":46,"Height":47,"Demand":1,"DemandMax":null,"Value":2162},{"Length":71,"Height":74,"Demand":1,"DemandMax":null,"Value":5254},{"Length":41,"Height":52,"Demand":1,"DemandMax":null,"Value":2132},{"Length":51,"Height":55,"Demand":1,"DemandMax":null,"Value":2805},{"Length":45,"Height":36,"Demand":1,"DemandMax":null,"Value":1620},{"Length":58,"Height":62,"Demand":1,"DemandMax":null,"Value":3596},{"Length":49,"Height":25,"Demand":1,"DemandMax":null,"Value":1225},{"Length":25,"Height":27,"Demand":1,"DemandMax":null,"Value":675},{"Length":31,"Height":59,"Demand":1,"DemandMax":null,"Value":1829},{"Length":42,"Height":51,"Demand":1,"DemandMax":null,"Value":2142},{"Length":42,"Height":35,"Demand":1,"DemandMax":null,"Value":1470},{"Length":36,"Height":70,"Demand":1,"DemandMax":null,"Value":2520},{"Length":51,"Height":64,"Demand":1,"DemandMax":null,"Value":3264},{"Length":48,"Height":27,"Demand":1,"DemandMax":null,"Value":1296},{"Length":42,"Height":53,"Demand":1,"DemandMax":null,"Value":2226},{"Length":27,"Height":56,"Demand":1,"DemandMax":null,"Value":1512},{"Length":31,"Height":60,"Demand":1,"DemandMax":null,"Value":1860},{"Length":71,"Height":50,"Demand":1,"DemandMax":null,"Value":3550}]}