{"Name":"C3_50_L_14","Objects":[{"Length":100,"Height":100,"Stock":null,"Cost":10000}],"Items":[{"Length":46,"Height":57,"Demand":1,"DemandMax":null,"Value":2622},{"Length":64,"Height":51,"Demand":1,"DemandMax":null,"Value":3264},{"Length":57,"Height":38,"Demand":1,"DemandMax":null,"Value":2166},{"Length":68,"Height":50,"Demand":1,"DemandMax":null,"Value":3400},{"Length":42,"Height":41,"Demand":1,"DemandMax":null,"Value":1722},{"Length":65,"Height":67,"Demand":1,"DemandMax":null,"Value":4355},{"Length":29,"Height":74,"Demand":1,"DemandMax":null,"Value":2146},{"Length":34,"Height":70,"Demand":1,"DemandMax":null,"Value":2380},{"Length":55,"Height":60,"Demand":1,"DemandMax":null,"Value":3300},{"Length":58,"Height":38,"Demand":1,"DemandMax":null,"Value":2204},{"Length":62,"Height":48,"Demand":1,"DemandMax":null,"Value":2976},{"Length":25,"Height":62,"Demand":1,"DemandMax":null,"Value":1550},{"Length":39,"Height":41,"Demand":1,"DemandMax":null,"Value":1599},{"Length":56,"Height":26,"Demand":1,"DemandMax":null,"Value":1456},{"Length":62,"Height":37,"Demand":1,"DemandMax":null,"Value":2294},{"Length":71,"Height":51,"Demand":1,"DemandMax":null,"Value":3621},{"Length":53,"Height":38,"Demand":1,"DemandMax":null,"Value":2014},{"Length":70,"Height":48,"Demand":1,"DemandMax":null,"Value":3360},{"Length":33,"Height":48,"Demand":1,"DemandMax":null,"Value":1584},{"Length":62,"Height":62,"Demand":1,"DemandMax":null,"Value":3844},{"Length":42,"Height":29,"Demand":1,"DemandMax":null,"Value":1218},{"Length":67,"Height":29,"Demand":1,"DemandMax":null,"Value":1943},{"Length":39,"Height":28,"Demand":1,"DemandMax":null,"Value":1092},{"Length":73,"Height":25,"Demand":1,"DemandMax":null,"Value":1825},{"Length":58,"Height":57,"Demand":1,"DemandMax":null,"Value":3306},{"Length":53,"Height":27,"Demand":1,"DemandMax":null,"Value":1431},{"Length":52,"Height":68,"Demand":1,"DemandMax":null,"Value":3536},{"Length":65,"Height":58,"Demand":1,"DemandMax":null,"Value":3770},{"Length":66,"Height":28,"Demand":1,"DemandMax":null,"Value":1848},{"Length":55,"Height":49,"Demand":1,"DemandMax":null,"Value":2695},{"Length":52,"Height":67,"Demand":1,"DemandMax":null,"Value":3484},{"Length":46,"Height":27,"Demand":1,"DemandMax":null,"Value":1242},{"Length":48,"Height":67,"Demand":1,"DemandMax":null,"Value":3216},{"Length":35,"Height":31,"Demand":1,"DemandMax":null,"Value":1085},{"Length":52,"Height":51,"Demand":1,"DemandMax":null,"Value":2652},{"Length":45,"Height":33,"Demand":1,"DemandMax":null,"Value":1485},{"Length":40,"Height":66,"Demand":1,"DemandMax":null,"Value":2640},{"Length":63,"Height":56,"Demand":1,"DemandMax":null,"Value":3528},{"Length":28,"Height":36,"Demand":1,"DemandMax":null,"Value":1008},{"Length":61,"Height":28,"Demand":2,"DemandMax":null,"Value":1708},{"Length":66,"Height":49,"Demand":1,"DemandMax":null,"Value":3234},{"Length":50,"Height":47,"Demand":1,"DemandMax":null,"Value":2350},{"Length":29,"Height":54,"Demand":1,"DemandMax":null,"Value":1566},{"Length":69,"Height":63,"Demand":1,"DemandMax":null,"Value":4347},{"Length":59,"Height":36,"Demand":1,"DemandMax":null,"Value":2124},{"Length":35,"Height":26,"Demand":1,"DemandMax":null,"Value":910},{"Length":43,"Height":54,"Demand":1,"DemandMax":null,"Value":2322},{"Length":32,"Height":65,"Demand":1,"DemandMax":null,"Value":2080},{"Length":71,"Height":67,"Demand":1,"DemandMax":null,"Value":4757}]}