{"Name":"C1_50_S_14","Objects":[{"Length":100,"Height":100,"Stock":null,"Cost":10000}],"Items":[{"Length":39,"Height":19,"Demand":8,"DemandMax":null,"Value":741},{"Length":45,"Height":27,"Demand":5,"DemandMax":null,"Value":1215},{"Length":34,"Height":10,"Demand":2,"DemandMax":null,"Value":340},{"Length":24,"Height":33,"Demand":9,"DemandMax":null,"Value":792},{"Length":38,"Height":35,"Demand":2,"DemandMax":null,"Value":1330},{"Length":39,"Height":24,"Demand":5,"DemandMax":null,"Value":936},{"Length":43,"Height":45,"Demand":2,"DemandMax":null,"Value":1935},{"Length":46,"Height":14,"Demand":14,"DemandMax":null,"Value":644},{"Length":21,"Height":20,"Demand":15,"DemandMax":null,"Value":420},{"Length":16,"Height":41,"Demand":8,"DemandMax":null,"Value":656},{"Length":11,"Height":12,"Demand":12,"DemandMax":null,"Value":132},{"Length":23,"Height":15,"Demand":12,"DemandMax":null,"Value":345},{"Length":46,"Height":40,"Demand":3,"DemandMax":null,"Value":1840},{"Length":46,"Height":31,"Demand":3,"DemandMax":null,"Value":1426},{"Length":46,"Height":38,"Demand":3,"DemandMax":null,"Value":1748},{"Length":34,"Height":42,"Demand":2,"DemandMax":null,"Value":1428},{"Length":17,"Height":33,"Demand":2,"DemandMax":null,"Value":561},{"Length":35,"Height":36,"Demand":2,"DemandMax":null,"Value":1260},{"Length":12,"Height":16,"Demand":39,"DemandMax":null,"Value":192},{"Length":33,"Height":21,"Demand":3,"DemandMax":null,"Value":693},{"Length":14,"Height":33,"Demand":2,"DemandMax":null,"Value":462},{"Length":10,"Height":16,"Demand":2,"DemandMax":null,"Value":160},{"Length":15,"Height":17,"Demand":9,"DemandMax":null,"Value":255},{"Length":29,"Height":10,"Demand":22,"DemandMax":null,"Value":290},{"Length":13,"Height":42,"Demand":11,"DemandMax":null,"Value":546},{"Length":12,"Height":18,"Demand":18,"DemandMax":null,"Value":216},{"Length":14,"Height":25,"Demand":15,"DemandMax":null,"Value":350},{"Length":35,"Height":17,"Demand":3,"DemandMax":null,"Value":595},{"Length":12,"Height":23,"Demand":8,"DemandMax":null,"Value":276},{"Length":22,"Height":36,"Demand":5,"DemandMax":null,"Value":792},{"Length":21,"Height":32,"Demand":6,"DemandMax":null,"Value":672},{"Length":40,"Height":32,"Demand":2,"DemandMax":null,"Value":1280},{"Length":19,"Height":26,"Demand":15,"DemandMax":null,"Value":494},{"Length":18,"Height":12,"Demand":13,"DemandMax":null,"Value":216},{"Length":16,"Height":39,"Demand":9,"DemandMax":null,"Value":624},{"Length":40,"Height":30,"Demand":5,"DemandMax":null,"Value":1200},{"Length":14,"Height":31,"Demand":20,"DemandMax":null,"Value":434},{"Length":21,"Height":43,"Demand":8,"DemandMax":null,"Value":903},{"Length":35,"Height":10,"Demand":20,"DemandMax":null,"Value":350},{"Length":10,"Height":18,"Demand":2,"DemandMax":null,"Value":180},{"Length":35,"Height":15,"Demand":1,"DemandMax":null,"Value":525},{"Length":12,"Height":49,"Demand":13,"DemandMax":null,"Value":588},{"Length":46,"Height":33,"Demand":2,"DemandMax":null,"Value":1518},{"Length":22,"Height":46,"Demand":2,"DemandMax":null,"Value":1012},{"Length":11,"Height":49,"Demand":5,"DemandMax":null,"Value":539},{"Length":31,"Height":32,"Demand":3,"DemandMax":null,"Value":992},{"Length":11,"Height":46,"Demand":10,"DemandMax":null,"Value":506},{"Length":17,"Height":49,"Demand":7,"DemandMax":null,"Value":833},{"Length":14,"Height":27,"Demand":17,"DemandMax":null,"Value":378},{"Length":30,"Height":12,"Demand":10,"DemandMax":null,"Value":360}]}