{"Name":"C2_50_S_8","Objects":[{"Length":100,"Height":100,"Stock":null,"Cost":10000}],"Items":[{"Length":20,"Height":22,"Demand":2,"DemandMax":null,"Value":440},{"Length":42,"Height":29,"Demand":4,"DemandMax":null,"Value":1218},{"Length":35,"Height":26,"Demand":4,"DemandMax":null,"Value":910},{"Length":47,"Height":43,"Demand":1,"DemandMax":null,"Value":2021},{"Length":38,"Height":10,"Demand":4,"DemandMax":null,"Value":380},{"Length":38,"Height":12,"Demand":1,"DemandMax":null,"Value":456},{"Length":12,"Height":24,"Demand":4,"DemandMax":null,"Value":288},{"Length":37,"Height":48,"Demand":1,"DemandMax":null,"Value":1776},{"Length":42,"Height":20,"Demand":3,"DemandMax":null,"Value":840},{"Length":10,"Height":23,"Demand":2,"DemandMax":null,"Value":230},{"Length":23,"Height":27,"Demand":4,"DemandMax":null,"Value":621},{"Length":32,"Height":17,"Demand":1,"DemandMax":null,"Value":544},{"Length":18,"Height":34,"Demand":6,"DemandMax":null,"Value":612},{"Length":29,"Height":14,"Demand":1,"DemandMax":null,"Value":406},{"Length":48,"Height":32,"Demand":2,"DemandMax":null,"Value":1536},{"Length":11,"Height":41,"Demand":1,"DemandMax":null,"Value":451},{"Length":13,"Height":30,"Demand":2,"DemandMax":null,"Value":390},{"Length":47,"Height":46,"Demand":4,"DemandMax":null,"Value":2162},{"Length":49,"Height":36,"Demand":2,"DemandMax":null,"Value":1764},{"Length":33,"Height":16,"Demand":1,"DemandMax":null,"Value":528},{"Length":31,"Height":10,"Demand":4,"DemandMax":null,"Value":310},{"Length":43,"Height":13,"Demand":3,"DemandMax":null,"Value":559},{"Length":43,"Height":19,"Demand":6,"DemandMax":null,"Value":817},{"Length":26,"Height":32,"Demand":2,"DemandMax":null,"Value":832},{"Length":14,"Height":19,"Demand":3,"DemandMax":null,"Value":266},{"Length":13,"Height":38,"Demand":1,"DemandMax":null,"Value":494},{"Length":16,"Height":32,"Demand":4,"DemandMax":null,"Value":512},{"Length":28,"Height":29,"Demand":4,"DemandMax":null,"Value":812},{"Length":37,"Height":45,"Demand":4,"DemandMax":null,"Value":1665},{"Length":14,"Height":27,"Demand":3,"DemandMax":null,"Value":378},{"Length":15,"Height":19,"Demand":3,"DemandMax":null,"Value":285},{"Length":43,"Height":11,"Demand":3,"DemandMax":null,"Value":473},{"Length":43,"Height":46,"Demand":1,"DemandMax":null,"Value":1978},{"Length":25,"Height":15,"Demand":1,"DemandMax":null,"Value":375},{"Length":47,"Height":38,"Demand":4,"DemandMax":null,"Value":1786},{"Length":49,"Height":34,"Demand":3,"DemandMax":null,"Value":1666},{"Length":46,"Height":18,"Demand":2,"DemandMax":null,"Value":828},{"Length":29,"Height":37,"Demand":3,"DemandMax":null,"Value":1073},{"Length":22,"Height":49,"Demand":3,"DemandMax":null,"Value":1078},{"Length":19,"Height":29,"Demand":4,"DemandMax":null,"Value":551},{"Length":36,"Height":45,"Demand":2,"DemandMax":null,"Value":1620},{"Length":13,"Height":21,"Demand":1,"DemandMax":null,"Value":273},{"Length":20,"Height":26,"Demand":1,"DemandMax":null,"Value":520},{"Length":45,"Height":40,"Demand":3,"DemandMax":null,"Value":1800},{"Length":14,"Height":18,"Demand":4,"DemandMax":null,"Value":252},{"Length":41,"Height":29,"Demand":4,"DemandMax":null,"Value":1189},{"Length":31,"Height":27,"Demand":2,"DemandMax":null,"Value":837},{"Length":43,"Height":40,"Demand":2,"DemandMax":null,"Value":1720}]}