{"Name":"C1_20_S_8","Objects":[{"Length":100,"Height":100,"Stock":null,"Cost":10000}],"Items":[{"Length":37,"Height":25,"Demand":6,"DemandMax":null,"Value":925},{"Length":46,"Height":12,"Demand":8,"DemandMax":null,"Value":552},{"Length":46,"Height":21,"Demand":4,"DemandMax":null,"Value":966},{"Length":25,"Height":24,"Demand":1,"DemandMax":null,"Value":600},{"Length":16,"Height":41,"Demand":1,"DemandMax":null,"Value":656},{"Length":42,"Height":26,"Demand":3,"DemandMax":null,"Value":1092},{"Length":47,"Height":39,"Demand":2,"DemandMax":null,"Value":1833},{"Length":46,"Height":38,"Demand":3,"DemandMax":null,"Value":1748},{"Length":20,"Height":12,"Demand":13,"DemandMax":null,"Value":240},{"Length":39,"Height":10,"Demand":11,"DemandMax":null,"Value":390},{"Length":19,"Height":24,"Demand":13,"DemandMax":null,"Value":456},{"Length":30,"Height":29,"Demand":2,"DemandMax":null,"Value":870},{"Length":13,"Height":22,"Demand":5,"DemandMax":null,"Value":286},{"Length":35,"Height":48,"Demand":3,"DemandMax":null,"Value":1680},{"Length":49,"Height":44,"Demand":4,"DemandMax":null,"Value":2156},{"Length":30,"Height":32,"Demand":9,"DemandMax":null,"Value":960},{"Length":43,"Height":35,"Demand":1,"DemandMax":null,"Value":1505},{"Length":32,"Height":28,"Demand":2,"DemandMax":null,"Value":896},{"Length":21,"Height":36,"Demand":8,"DemandMax":null,"Value":756},{"Length":12,"Height":24,"Demand":3,"DemandMax":null,"Value":288}]}