{"Name":"C1_20_S_14","Objects":[{"Length":100,"Height":100,"Stock":null,"Cost":10000}],"Items":[{"Length":12,"Height":30,"Demand":18,"DemandMax":null,"Value":360},{"Length":35,"Height":35,"Demand":1,"DemandMax":null,"Value":1225},{"Length":32,"Height":12,"Demand":17,"DemandMax":null,"Value":384},{"Length":43,"Height":39,"Demand":3,"DemandMax":null,"Value":1677},{"Length":44,"Height":23,"Demand":4,"DemandMax":null,"Value":1012},{"Length":10,"Height":46,"Demand":12,"DemandMax":null,"Value":460},{"Length":23,"Height":10,"Demand":12,"DemandMax":null,"Value":230},{"Length":33,"Height":21,"Demand":2,"DemandMax":null,"Value":693},{"Length":32,"Height":15,"Demand":17,"DemandMax":null,"Value":480},{"Length":20,"Height":40,"Demand":10,"DemandMax":null,"Value":800},{"Length":42,"Height":17,"Demand":10,"DemandMax":null,"Value":714},{"Length":15,"Height":23,"Demand":3,"DemandMax":null,"Value":345},{"Length":29,"Height":46,"Demand":4,"DemandMax":null,"Value":1334},{"Length":40,"Height":40,"Demand":3,"DemandMax":null,"Value":1600},{"Length":22,"Height":15,"Demand":6,"DemandMax":null,"Value":330},{"Length":35,"Height":45,"Demand":1,"DemandMax":null,"Value":1575},{"Length":13,"Height":10,"Demand":47,"DemandMax":null,"Value":130},{"Length":34,"Height":15,"Demand":5,"DemandMax":null,"Value":510},{"Length":27,"Height":45,"Demand":3,"DemandMax":null,"Value":1215},{"Length":39,"Height":37,"Demand":1,"DemandMax":null,"Value":1443}]}