{"Name":"C3_30_L_13","Objects":[{"Length":100,"Height":100,"Stock":null,"Cost":10000}],"Items":[{"Length":33,"Height":49,"Demand":1,"DemandMax":null,"Value":1617},{"Length":58,"Height":65,"Demand":1,"DemandMax":null,"Value":3770},{"Length":34,"Height":41,"Demand":1,"DemandMax":null,"Value":1394},{"Length":45,"Height":35,"Demand":1,"DemandMax":null,"Value":1575},{"Length":26,"Height":36,"Demand":1,"DemandMax":null,"Value":936},{"Length":64,"Height":67,"Demand":1,"DemandMax":null,"Value":4288},{"Length":54,"Height":59,"Demand":1,"DemandMax":null,"Value":3186},{"Length":65,"Height":50,"Demand":1,"DemandMax":null,"Value":3250},{"Length":63,"Height":37,"Demand":1,"DemandMax":null,"Value":2331},{"Length":70,"Height":58,"Demand":1,"DemandMax":null,"Value":4060},{"Length":74,"Height":30,"Demand":1,"DemandMax":null,"Value":2220},{"Length":32,"Height":53,"Demand":1,"DemandMax":null,"Value":1696},{"Length":66,"Height":53,"Demand":1,"DemandMax":null,"Value":3498},{"Length":53,"Height":29,"Demand":1,"DemandMax":null,"Value":1537},{"Length":27,"Height":53,"Demand":1,"DemandMax":null,"Value":1431},{"Length":56,"Height":42,"Demand":1,"DemandMax":null,"Value":2352},{"Length":74,"Height":50,"Demand":1,"DemandMax":null,"Value":3700},{"Length":37,"Height":69,"Demand":1,"DemandMax":null,"Value":2553},{"Length":65,"Height":27,"Demand":1,"DemandMax":null,"Value":1755},{"Length":63,"Height":61,"Demand":1,"DemandMax":null,"Value":3843},{"Length":38,"Height":59,"Demand":1,"DemandMax":null,"Value":2242},{"Length":61,"Height":58,"Demand":1,"DemandMax":null,"Value":3538},{"Length":70,"Height":39,"Demand":1,"DemandMax":null,"Value":2730},{"Length":56,"Height":67,"Demand":1,"DemandMax":null,"Value":3752},{"Length":65,"Height":69,"Demand":1,"DemandMax":null,"Value":4485},{"Length":61,"Height":34,"Demand":1,"DemandMax":null,"Value":2074},{"Length":50,"Height":46,"Demand":1,"DemandMax":null,"Value":2300},{"Length":52,"Height":32,"Demand":1,"DemandMax":null,"Value":1664},{"Length":45,"Height":29,"Demand":1,"DemandMax":null,"Value":1305},{"Length":73,"Height":43,"Demand":1,"DemandMax":null,"Value":3139}]}