{"Name":"C3_50_L_11","Objects":[{"Length":100,"Height":100,"Stock":null,"Cost":10000}],"Items":[{"Length":61,"Height":27,"Demand":1,"DemandMax":null,"Value":1647},{"Length":40,"Height":62,"Demand":1,"DemandMax":null,"Value":2480},{"Length":38,"Height":44,"Demand":1,"DemandMax":null,"Value":1672},{"Length":68,"Height":63,"Demand":1,"DemandMax":null,"Value":4284},{"Length":67,"Height":41,"Demand":1,"DemandMax":null,"Value":2747},{"Length":31,"Height":33,"Demand":1,"DemandMax":null,"Value":1023},{"Length":37,"Height":29,"Demand":1,"DemandMax":null,"Value":1073},{"Length":35,"Height":58,"Demand":1,"DemandMax":null,"Value":2030},{"Length":48,"Height":64,"Demand":1,"DemandMax":null,"Value":3072},{"Length":63,"Height":44,"Demand":1,"DemandMax":null,"Value":2772},{"Length":65,"Height":69,"Demand":1,"DemandMax":null,"Value":4485},{"Length":47,"Height":36,"Demand":1,"DemandMax":null,"Value":1692},{"Length":32,"Height":37,"Demand":1,"DemandMax":null,"Value":1184},{"Length":64,"Height":55,"Demand":1,"DemandMax":null,"Value":3520},{"Length":44,"Height":51,"Demand":1,"DemandMax":null,"Value":2244},{"Length":53,"Height":56,"Demand":1,"DemandMax":null,"Value":2968},{"Length":70,"Height":62,"Demand":1,"DemandMax":null,"Value":4340},{"Length":27,"Height":25,"Demand":1,"DemandMax":null,"Value":675},{"Length":67,"Height":30,"Demand":1,"DemandMax":null,"Value":2010},{"Length":46,"Height":71,"Demand":1,"DemandMax":null,"Value":3266},{"Length":56,"Height":44,"Demand":1,"DemandMax":null,"Value":2464},{"Length":50,"Height":43,"Demand":1,"DemandMax":null,"Value":2150},{"Length":64,"Height":56,"Demand":1,"DemandMax":null,"Value":3584},{"Length":48,"Height":41,"Demand":1,"DemandMax":null,"Value":1968},{"Length":33,"Height":25,"Demand":1,"DemandMax":null,"Value":825},{"Length":35,"Height":47,"Demand":1,"DemandMax":null,"Value":1645},{"Length":73,"Height":55,"Demand":1,"DemandMax":null,"Value":4015},{"Length":55,"Height":66,"Demand":1,"DemandMax":null,"Value":3630},{"Length":43,"Height":33,"Demand":1,"DemandMax":null,"Value":1419},{"Length":59,"Height":59,"Demand":1,"DemandMax":null,"Value":3481},{"Length":46,"Height":57,"Demand":1,"DemandMax":null,"Value":2622},{"Length":53,"Height":59,"Demand":1,"DemandMax":null,"Value":3127},{"Length":66,"Height":28,"Demand":1,"DemandMax":null,"Value":1848},{"Length":58,"Height":60,"Demand":1,"DemandMax":null,"Value":3480},{"Length":44,"Height":39,"Demand":1,"DemandMax":null,"Value":1716},{"Length":48,"Height":44,"Demand":1,"DemandMax":null,"Value":2112},{"Length":51,"Height":49,"Demand":1,"DemandMax":null,"Value":2499},{"Length":25,"Height":32,"Demand":1,"DemandMax":null,"Value":800},{"Length":28,"Height":57,"Demand":1,"DemandMax":null,"Value":1596},{"Length":58,"Height":72,"Demand":1,"DemandMax":null,"Value":4176},{"Length":34,"Height":71,"Demand":1,"DemandMax":null,"Value":2414},{"Length":26,"Height":39,"Demand":1,"DemandMax":null,"Value":1014},{"Length":34,"Height":42,"Demand":1,"DemandMax":null,"Value":1428},{"Length":74,"Height":34,"Demand":1,"DemandMax":null,"Value":2516},{"Length":52,"Height":57,"Demand":1,"DemandMax":null,"Value":2964},{"Length":30,"Height":29,"Demand":1,"DemandMax":null,"Value":870},{"Length":45,"Height":45,"Demand":1,"DemandMax":null,"Value":2025},{"Length":37,"Height":31,"Demand":1,"DemandMax":null,"Value":1147},{"Length":43,"Height":70,"Demand":1,"DemandMax":null,"Value":3010},{"Length":57,"Height":64,"Demand":1,"DemandMax":null,"Value":3648}]}