{"Name":"C3_50_S_13","Objects":[{"Length":100,"Height":100,"Stock":null,"Cost":10000}],"Items":[{"Length":33,"Height":42,"Demand":1,"DemandMax":null,"Value":1386},{"Length":49,"Height":47,"Demand":1,"DemandMax":null,"Value":2303},{"Length":25,"Height":37,"Demand":1,"DemandMax":null,"Value":925},{"Length":20,"Height":22,"Demand":1,"DemandMax":null,"Value":440},{"Length":14,"Height":46,"Demand":1,"DemandMax":null,"Value":644},{"Length":16,"Height":24,"Demand":1,"DemandMax":null,"Value":384},{"Length":30,"Height":22,"Demand":1,"DemandMax":null,"Value":660},{"Length":36,"Height":12,"Demand":1,"DemandMax":null,"Value":432},{"Length":49,"Height":17,"Demand":1,"DemandMax":null,"Value":833},{"Length":33,"Height":26,"Demand":1,"DemandMax":null,"Value":858},{"Length":42,"Height":40,"Demand":1,"DemandMax":null,"Value":1680},{"Length":38,"Height":19,"Demand":1,"DemandMax":null,"Value":722},{"Length":15,"Height":17,"Demand":1,"DemandMax":null,"Value":255},{"Length":47,"Height":43,"Demand":1,"DemandMax":null,"Value":2021},{"Length":26,"Height":14,"Demand":1,"DemandMax":null,"Value":364},{"Length":49,"Height":29,"Demand":1,"DemandMax":null,"Value":1421},{"Length":20,"Height":45,"Demand":1,"DemandMax":null,"Value":900},{"Length":20,"Height":40,"Demand":1,"DemandMax":null,"Value":800},{"Length":38,"Height":35,"Demand":1,"DemandMax":null,"Value":1330},{"Length":25,"Height":32,"Demand":1,"DemandMax":null,"Value":800},{"Length":41,"Height":12,"Demand":1,"DemandMax":null,"Value":492},{"Length":39,"Height":17,"Demand":1,"DemandMax":null,"Value":663},{"Length":15,"Height":30,"Demand":1,"DemandMax":null,"Value":450},{"Length":20,"Height":41,"Demand":1,"DemandMax":null,"Value":820},{"Length":45,"Height":39,"Demand":1,"DemandMax":null,"Value":1755},{"Length":38,"Height":14,"Demand":1,"DemandMax":null,"Value":532},{"Length":34,"Height":29,"Demand":1,"DemandMax":null,"Value":986},{"Length":45,"Height":20,"Demand":1,"DemandMax":null,"Value":900},{"Length":12,"Height":34,"Demand":2,"DemandMax":null,"Value":408},{"Length":49,"Height":16,"Demand":1,"DemandMax":null,"Value":784},{"Length":16,"Height":32,"Demand":1,"DemandMax":null,"Value":512},{"Length":40,"Height":32,"Demand":1,"DemandMax":null,"Value":1280},{"Length":26,"Height":48,"Demand":1,"DemandMax":null,"Value":1248},{"Length":25,"Height":12,"Demand":1,"DemandMax":null,"Value":300},{"Length":36,"Height":48,"Demand":1,"DemandMax":null,"Value":1728},{"Length":32,"Height":22,"Demand":1,"DemandMax":null,"Value":704},{"Length":10,"Height":39,"Demand":1,"DemandMax":null,"Value":390},{"Length":31,"Height":49,"Demand":1,"DemandMax":null,"Value":1519},{"Length":48,"Height":23,"Demand":1,"DemandMax":null,"Value":1104},{"Length":25,"Height":10,"Demand":1,"DemandMax":null,"Value":250},{"Length":15,"Height":41,"Demand":1,"DemandMax":null,"Value":615},{"Length":22,"Height":31,"Demand":1,"DemandMax":null,"Value":682},{"Length":28,"Height":28,"Demand":1,"DemandMax":null,"Value":784},{"Length":28,"Height":49,"Demand":1,"DemandMax":null,"Value":1372},{"Length":10,"Height":26,"Demand":1,"DemandMax":null,"Value":260},{"Length":46,"Height":38,"Demand":1,"DemandMax":null,"Value":1748},{"Length":18,"Height":49,"Demand":1,"DemandMax":null,"Value":882},{"Length":49,"Height":32,"Demand":1,"DemandMax":null,"Value":1568},{"Length":40,"Height":23,"Demand":1,"DemandMax":null,"Value":920}]}