{"Name":"C2_30_L_14","Objects":[{"Length":100,"Height":100,"Stock":null,"Cost":10000}],"Items":[{"Length":52,"Height":33,"Demand":1,"DemandMax":null,"Value":1716},{"Length":40,"Height":29,"Demand":3,"DemandMax":null,"Value":1160},{"Length":29,"Height":71,"Demand":2,"DemandMax":null,"Value":2059},{"Length":38,"Height":54,"Demand":2,"DemandMax":null,"Value":2052},{"Length":58,"Height":47,"Demand":3,"DemandMax":null,"Value":2726},{"Length":46,"Height":73,"Demand":2,"DemandMax":null,"Value":3358},{"Length":41,"Height":49,"Demand":4,"DemandMax":null,"Value":2009},{"Length":28,"Height":45,"Demand":2,"DemandMax":null,"Value":1260},{"Length":49,"Height":48,"Demand":1,"DemandMax":null,"Value":2352},{"Length":49,"Height":35,"Demand":3,"DemandMax":null,"Value":1715},{"Length":68,"Height":38,"Demand":2,"DemandMax":null,"Value":2584},{"Length":67,"Height":57,"Demand":2,"DemandMax":null,"Value":3819},{"Length":35,"Height":50,"Demand":2,"DemandMax":null,"Value":1750},{"Length":65,"Height":30,"Demand":4,"DemandMax":null,"Value":1950},{"Length":34,"Height":31,"Demand":3,"DemandMax":null,"Value":1054},{"Length":57,"Height":28,"Demand":2,"DemandMax":null,"Value":1596},{"Length":54,"Height":63,"Demand":2,"DemandMax":null,"Value":3402},{"Length":58,"Height":71,"Demand":1,"DemandMax":null,"Value":4118},{"Length":49,"Height":63,"Demand":4,"DemandMax":null,"Value":3087},{"Length":67,"Height":40,"Demand":1,"DemandMax":null,"Value":2680},{"Length":37,"Height":56,"Demand":1,"DemandMax":null,"Value":2072},{"Length":27,"Height":72,"Demand":1,"DemandMax":null,"Value":1944},{"Length":69,"Height":43,"Demand":3,"DemandMax":null,"Value":2967},{"Length":36,"Height":35,"Demand":2,"DemandMax":null,"Value":1260},{"Length":70,"Height":70,"Demand":2,"DemandMax":null,"Value":4900},{"Length":41,"Height":60,"Demand":1,"DemandMax":null,"Value":2460},{"Length":39,"Height":74,"Demand":1,"DemandMax":null,"Value":2886},{"Length":50,"Height":58,"Demand":1,"DemandMax":null,"Value":2900},{"Length":70,"Height":65,"Demand":1,"DemandMax":null,"Value":4550},{"Length":68,"Height":34,"Demand":1,"DemandMax":null,"Value":2312}]}