{"Name":"C3_30_L_15","Objects":[{"Length":100,"Height":100,"Stock":null,"Cost":10000}],"Items":[{"Length":59,"Height":70,"Demand":1,"DemandMax":null,"Value":4130},{"Length":46,"Height":63,"Demand":1,"DemandMax":null,"Value":2898},{"Length":46,"Height":59,"Demand":1,"DemandMax":null,"Value":2714},{"Length":27,"Height":55,"Demand":1,"DemandMax":null,"Value":1485},{"Length":45,"Height":69,"Demand":1,"DemandMax":null,"Value":3105},{"Length":58,"Height":72,"Demand":1,"DemandMax":null,"Value":4176},{"Length":32,"Height":39,"Demand":1,"DemandMax":null,"Value":1248},{"Length":44,"Height":44,"Demand":1,"DemandMax":null,"Value":1936},{"Length":29,"Height":61,"Demand":1,"DemandMax":null,"Value":1769},{"Length":58,"Height":42,"Demand":1,"DemandMax":null,"Value":2436},{"Length":64,"Height":66,"Demand":1,"DemandMax":null,"Value":4224},{"Length":63,"Height":52,"Demand":1,"DemandMax":null,"Value":3276},{"Length":68,"Height":32,"Demand":1,"DemandMax":null,"Value":2176},{"Length":52,"Height":31,"Demand":1,"DemandMax":null,"Value":1612},{"Length":28,"Height":37,"Demand":1,"DemandMax":null,"Value":1036},{"Length":74,"Height":60,"Demand":1,"DemandMax":null,"Value":4440},{"Length":33,"Height":68,"Demand":1,"DemandMax":null,"Value":2244},{"Length":52,"Height":67,"Demand":1,"DemandMax":null,"Value":3484},{"Length":50,"Height":65,"Demand":1,"DemandMax":null,"Value":3250},{"Length":25,"Height":63,"Demand":1,"DemandMax":null,"Value":1575},{"Length":63,"Height":48,"Demand":1,"DemandMax":null,"Value":3024},{"Length":39,"Height":65,"Demand":1,"DemandMax":null,"Value":2535},{"Length":56,"Height":69,"Demand":1,"DemandMax":null,"Value":3864},{"Length":73,"Height":66,"Demand":1,"DemandMax":null,"Value":4818},{"Length":68,"Height":36,"Demand":1,"DemandMax":null,"Value":2448},{"Length":72,"Height":65,"Demand":1,"DemandMax":null,"Value":4680},{"Length":31,"Height":49,"Demand":1,"DemandMax":null,"Value":1519},{"Length":50,"Height":52,"Demand":1,"DemandMax":null,"Value":2600},{"Length":67,"Height":30,"Demand":1,"DemandMax":null,"Value":2010},{"Length":28,"Height":52,"Demand":1,"DemandMax":null,"Value":1456}]}