{"Name":"C1_40_S_6","Objects":[{"Length":100,"Height":100,"Stock":null,"Cost":10000}],"Items":[{"Length":18,"Height":19,"Demand":22,"DemandMax":null,"Value":342},{"Length":36,"Height":46,"Demand":3,"DemandMax":null,"Value":1656},{"Length":31,"Height":19,"Demand":8,"DemandMax":null,"Value":589},{"Length":15,"Height":39,"Demand":12,"DemandMax":null,"Value":585},{"Length":15,"Height":41,"Demand":9,"DemandMax":null,"Value":615},{"Length":21,"Height":21,"Demand":17,"DemandMax":null,"Value":441},{"Length":31,"Height":27,"Demand":5,"DemandMax":null,"Value":837},{"Length":22,"Height":24,"Demand":15,"DemandMax":null,"Value":528},{"Length":41,"Height":35,"Demand":2,"DemandMax":null,"Value":1435},{"Length":23,"Height":45,"Demand":6,"DemandMax":null,"Value":1035},{"Length":16,"Height":22,"Demand":13,"DemandMax":null,"Value":352},{"Length":18,"Height":34,"Demand":8,"DemandMax":null,"Value":612},{"Length":38,"Height":28,"Demand":1,"DemandMax":null,"Value":1064},{"Length":43,"Height":13,"Demand":1,"DemandMax":null,"Value":559},{"Length":16,"Height":30,"Demand":2,"DemandMax":null,"Value":480},{"Length":15,"Height":15,"Demand":22,"DemandMax":null,"Value":225},{"Length":16,"Height":31,"Demand":16,"DemandMax":null,"Value":496},{"Length":45,"Height":39,"Demand":4,"DemandMax":null,"Value":1755},{"Length":33,"Height":13,"Demand":14,"DemandMax":null,"Value":429},{"Length":19,"Height":45,"Demand":7,"DemandMax":null,"Value":855},{"Length":28,"Height":18,"Demand":12,"DemandMax":null,"Value":504},{"Length":17,"Height":41,"Demand":1,"DemandMax":null,"Value":697},{"Length":45,"Height":22,"Demand":1,"DemandMax":null,"Value":990},{"Length":24,"Height":24,"Demand":8,"DemandMax":null,"Value":576},{"Length":39,"Height":33,"Demand":1,"DemandMax":null,"Value":1287},{"Length":22,"Height":37,"Demand":4,"DemandMax":null,"Value":814},{"Length":31,"Height":49,"Demand":1,"DemandMax":null,"Value":1519},{"Length":40,"Height":49,"Demand":4,"DemandMax":null,"Value":1960},{"Length":38,"Height":12,"Demand":10,"DemandMax":null,"Value":456},{"Length":21,"Height":33,"Demand":10,"DemandMax":null,"Value":693},{"Length":24,"Height":33,"Demand":4,"DemandMax":null,"Value":792},{"Length":17,"Height":30,"Demand":11,"DemandMax":null,"Value":510},{"Length":26,"Height":30,"Demand":6,"DemandMax":null,"Value":780},{"Length":29,"Height":29,"Demand":1,"DemandMax":null,"Value":841},{"Length":43,"Height":47,"Demand":2,"DemandMax":null,"Value":2021},{"Length":16,"Height":15,"Demand":14,"DemandMax":null,"Value":240},{"Length":16,"Height":17,"Demand":3,"DemandMax":null,"Value":272},{"Length":29,"Height":10,"Demand":12,"DemandMax":null,"Value":290},{"Length":32,"Height":43,"Demand":1,"DemandMax":null,"Value":1376}]}