{"Name":"C3_10_L_11","Objects":[{"Length":100,"Height":100,"Stock":null,"Cost":10000}],"Items":[{"Length":37,"Height":49,"Demand":1,"DemandMax":null,"Value":1813},{"Length":47,"Height":65,"Demand":1,"DemandMax":null,"Value":3055},{"Length":59,"Height":42,"Demand":1,"DemandMax":null,"Value":2478},{"Length":51,"Height":59,"Demand":1,"DemandMax":null,"Value":3009},{"Length":63,"Height":70,"Demand":1,"DemandMax":null,"Value":4410},{"Length":37,"Height":44,"Demand":1,"DemandMax":null,"Value":1628},{"Length":44,"Height":71,"Demand":1,"DemandMax":null,"Value":3124},{"Length":73,"Height":31,"Demand":1,"DemandMax":null,"Value":2263},{"Length":28,"Height":33,"Demand":1,"DemandMax":null,"Value":924},{"Length":40,"Height":25,"Demand":1,"DemandMax":null,"Value":1000}]}