{"Name":"C2_10_S_10","Objects":[{"Length":100,"Height":100,"Stock":null,"Cost":10000}],"Items":[{"Length":22,"Height":28,"Demand":4,"DemandMax":null,"Value":616},{"Length":18,"Height":43,"Demand":3,"DemandMax":null,"Value":774},{"Length":49,"Height":22,"Demand":2,"DemandMax":null,"Value":1078},{"Length":34,"Height":46,"Demand":1,"DemandMax":null,"Value":1564},{"Length":49,"Height":45,"Demand":3,"DemandMax":null,"Value":2205},{"Length":26,"Height":36,"Demand":3,"DemandMax":null,"Value":936},{"Length":15,"Height":20,"Demand":1,"DemandMax":null,"Value":300},{"Length":13,"Height":30,"Demand":1,"DemandMax":null,"Value":390},{"Length":40,"Height":35,"Demand":2,"DemandMax":null,"Value":1400},{"Length":20,"Height":33,"Demand":4,"DemandMax":null,"Value":660}]}