{"Name":"C1_20_S_13","Objects":[{"Length":100,"Height":100,"Stock":null,"Cost":10000}],"Items":[{"Length":40,"Height":26,"Demand":2,"DemandMax":null,"Value":1040},{"Length":45,"Height":20,"Demand":8,"DemandMax":null,"Value":900},{"Length":21,"Height":31,"Demand":3,"DemandMax":null,"Value":651},{"Length":30,"Height":23,"Demand":11,"DemandMax":null,"Value":690},{"Length":32,"Height":41,"Demand":1,"DemandMax":null,"Value":1312},{"Length":34,"Height":45,"Demand":3,"DemandMax":null,"Value":1530},{"Length":32,"Height":37,"Demand":1,"DemandMax":null,"Value":1184},{"Length":42,"Height":34,"Demand":3,"DemandMax":null,"Value":1428},{"Length":30,"Height":32,"Demand":8,"DemandMax":null,"Value":960},{"Length":44,"Height":37,"Demand":5,"DemandMax":null,"Value":1628},{"Length":17,"Height":20,"Demand":17,"DemandMax":null,"Value":340},{"Length":16,"Height":45,"Demand":8,"DemandMax":null,"Value":720},{"Length":18,"Height":36,"Demand":6,"DemandMax":null,"Value":648},{"Length":48,"Height":32,"Demand":4,"DemandMax":null,"Value":1536},{"Length":11,"Height":41,"Demand":16,"DemandMax":null,"Value":451},{"Length":46,"Height":18,"Demand":4,"DemandMax":null,"Value":828},{"Length":32,"Height":44,"Demand":4,"DemandMax":null,"Value":1408},{"Length":22,"Height":45,"Demand":4,"DemandMax":null,"Value":990},{"Length":37,"Height":14,"Demand":3,"DemandMax":null,"Value":518}]}