{"Name":"C3_40_L_14","Objects":[{"Length":100,"Height":100,"Stock":null,"Cost":10000}],"Items":[{"Length":29,"Height":69,"Demand":1,"DemandMax":null,"Value":2001},{"Length":40,"Height":64,"Demand":1,"DemandMax":null,"Value":2560},{"Length":40,"Height":56,"Demand":1,"DemandMax":null,"Value":2240},{"Length":65,"Height":41,"Demand":1,"DemandMax":null,"Value":2665},{"Length":53,"Height":71,"Demand":1,"DemandMax":null,"Value":3763},{"Length":61,"Height":40,"Demand":2,"DemandMax":null,"Value":2440},{"Length":32,"Height":45,"Demand":1,"DemandMax":null,"Value":1440},{"Length":43,"Height":35,"Demand":1,"DemandMax":null,"Value":1505},{"Length":66,"Height":35,"Demand":1,"DemandMax":null,"Value":2310},{"Length":50,"Height":37,"Demand":1,"DemandMax":null,"Value":1850},{"Length":73,"Height":36,"Demand":1,"DemandMax":null,"Value":2628},{"Length":35,"Height":51,"Demand":1,"DemandMax":null,"Value":1785},{"Length":40,"Height":69,"Demand":1,"DemandMax":null,"Value":2760},{"Length":59,"Height":66,"Demand":1,"DemandMax":null,"Value":3894},{"Length":57,"Height":28,"Demand":1,"DemandMax":null,"Value":1596},{"Length":58,"Height":40,"Demand":1,"DemandMax":null,"Value":2320},{"Length":61,"Height":47,"Demand":1,"DemandMax":null,"Value":2867},{"Length":55,"Height":35,"Demand":1,"DemandMax":null,"Value":1925},{"Length":36,"Height":59,"Demand":1,"DemandMax":null,"Value":2124},{"Length":67,"Height":31,"Demand":1,"DemandMax":null,"Value":2077},{"Length":44,"Height":67,"Demand":1,"DemandMax":null,"Value":2948},{"Length":41,"Height":47,"Demand":1,"DemandMax":null,"Value":1927},{"Length":69,"Height":32,"Demand":1,"DemandMax":null,"Value":2208},{"Length":54,"Height":33,"Demand":1,"DemandMax":null,"Value":1782},{"Length":32,"Height":72,"Demand":1,"DemandMax":null,"Value":2304},{"Length":41,"Height":27,"Demand":1,"DemandMax":null,"Value":1107},{"Length":55,"Height":48,"Demand":1,"DemandMax":null,"Value":2640},{"Length":46,"Height":67,"Demand":1,"DemandMax":null,"Value":3082},{"Length":43,"Height":68,"Demand":1,"DemandMax":null,"Value":2924},{"Length":51,"Height":29,"Demand":1,"DemandMax":null,"Value":1479},{"Length":34,"Height":66,"Demand":1,"DemandMax":null,"Value":2244},{"Length":56,"Height":50,"Demand":1,"DemandMax":null,"Value":2800},{"Length":58,"Height":69,"Demand":1,"DemandMax":null,"Value":4002},{"Length":40,"Height":59,"Demand":1,"DemandMax":null,"Value":2360},{"Length":53,"Height":69,"Demand":1,"DemandMax":null,"Value":3657},{"Length":34,"Height":74,"Demand":1,"DemandMax":null,"Value":2516},{"Length":69,"Height":34,"Demand":1,"DemandMax":null,"Value":2346},{"Length":38,"Height":64,"Demand":1,"DemandMax":null,"Value":2432},{"Length":40,"Height":27,"Demand":1,"DemandMax":null,"Value":1080}]}