{"Name":"C2_50_L_7","Objects":[{"Length":100,"Height":100,"Stock":null,"Cost":10000}],"Items":[{"Length":44,"Height":52,"Demand":3,"DemandMax":null,"Value":2288},{"Length":60,"Height":42,"Demand":1,"DemandMax":null,"Value":2520},{"Length":57,"Height":72,"Demand":1,"DemandMax":null,"Value":4104},{"Length":32,"Height":73,"Demand":3,"DemandMax":null,"Value":2336},{"Length":71,"Height":51,"Demand":2,"DemandMax":null,"Value":3621},{"Length":66,"Height":68,"Demand":2,"DemandMax":null,"Value":4488},{"Length":67,"Height":43,"Demand":2,"DemandMax":null,"Value":2881},{"Length":57,"Height":58,"Demand":2,"DemandMax":null,"Value":3306},{"Length":27,"Height":68,"Demand":2,"DemandMax":null,"Value":1836},{"Length":54,"Height":42,"Demand":4,"DemandMax":null,"Value":2268},{"Length":34,"Height":34,"Demand":3,"DemandMax":null,"Value":1156},{"Length":66,"Height":47,"Demand":3,"DemandMax":null,"Value":3102},{"Length":34,"Height":62,"Demand":1,"DemandMax":null,"Value":2108},{"Length":68,"Height":43,"Demand":1,"DemandMax":null,"Value":2924},{"Length":57,"Height":35,"Demand":2,"DemandMax":null,"Value":1995},{"Length":30,"Height":39,"Demand":3,"DemandMax":null,"Value":1170},{"Length":41,"Height":49,"Demand":1,"DemandMax":null,"Value":2009},{"Length":47,"Height":35,"Demand":4,"DemandMax":null,"Value":1645},{"Length":66,"Height":57,"Demand":2,"DemandMax":null,"Value":3762},{"Length":39,"Height":27,"Demand":1,"DemandMax":null,"Value":1053},{"Length":62,"Height":36,"Demand":3,"DemandMax":null,"Value":2232},{"Length":58,"Height":52,"Demand":1,"DemandMax":null,"Value":3016},{"Length":57,"Height":48,"Demand":2,"DemandMax":null,"Value":2736},{"Length":61,"Height":46,"Demand":3,"DemandMax":null,"Value":2806},{"Length":41,"Height":36,"Demand":2,"DemandMax":null,"Value":1476},{"Length":41,"Height":56,"Demand":1,"DemandMax":null,"Value":2296},{"Length":49,"Height":59,"Demand":3,"DemandMax":null,"Value":2891},{"Length":32,"Height":41,"Demand":2,"DemandMax":null,"Value":1312},{"Length":66,"Height":59,"Demand":1,"DemandMax":null,"Value":3894},{"Length":41,"Height":40,"Demand":3,"DemandMax":null,"Value":1640},{"Length":28,"Height":52,"Demand":2,"DemandMax":null,"Value":1456},{"Length":56,"Height":51,"Demand":3,"DemandMax":null,"Value":2856},{"Length":28,"Height":41,"Demand":2,"DemandMax":null,"Value":1148},{"Length":60,"Height":43,"Demand":3,"DemandMax":null,"Value":2580},{"Length":53,"Height":38,"Demand":2,"DemandMax":null,"Value":2014},{"Length":44,"Height":30,"Demand":1,"DemandMax":null,"Value":1320},{"Length":53,"Height":41,"Demand":7,"DemandMax":null,"Value":2173},{"Length":69,"Height":50,"Demand":2,"DemandMax":null,"Value":3450},{"Length":27,"Height":55,"Demand":4,"DemandMax":null,"Value":1485},{"Length":54,"Height":74,"Demand":4,"DemandMax":null,"Value":3996},{"Length":36,"Height":67,"Demand":1,"DemandMax":null,"Value":2412},{"Length":73,"Height":56,"Demand":3,"DemandMax":null,"Value":4088},{"Length":37,"Height":65,"Demand":3,"DemandMax":null,"Value":2405},{"Length":59,"Height":47,"Demand":4,"DemandMax":null,"Value":2773},{"Length":51,"Height":51,"Demand":4,"DemandMax":null,"Value":2601},{"Length":46,"Height":35,"Demand":1,"DemandMax":null,"Value":1610},{"Length":60,"Height":59,"Demand":4,"DemandMax":null,"Value":3540},{"Length":58,"Height":67,"Demand":1,"DemandMax":null,"Value":3886},{"Length":61,"Height":35,"Demand":3,"DemandMax":null,"Value":2135}]}