{"Name":"C1_20_L_6","Objects":[{"Length":100,"Height":100,"Stock":null,"Cost":10000}],"Items":[{"Length":60,"Height":44,"Demand":1,"DemandMax":null,"Value":2640},{"Length":72,"Height":71,"Demand":1,"DemandMax":null,"Value":5112},{"Length":45,"Height":74,"Demand":2,"DemandMax":null,"Value":3330},{"Length":41,"Height":33,"Demand":5,"DemandMax":null,"Value":1353},{"Length":25,"Height":48,"Demand":5,"DemandMax":null,"Value":1200},{"Length":51,"Height":54,"Demand":1,"DemandMax":null,"Value":2754},{"Length":54,"Height":37,"Demand":1,"DemandMax":null,"Value":1998},{"Length":68,"Height":30,"Demand":2,"DemandMax":null,"Value":2040},{"Length":30,"Height":35,"Demand":1,"DemandMax":null,"Value":1050},{"Length":33,"Height":58,"Demand":2,"DemandMax":null,"Value":1914},{"Length":51,"Height":25,"Demand":2,"DemandMax":null,"Value":1275},{"Length":44,"Height":31,"Demand":6,"DemandMax":null,"Value":1364},{"Length":69,"Height":55,"Demand":1,"DemandMax":null,"Value":3795},{"Length":26,"Height":32,"Demand":6,"DemandMax":null,"Value":832},{"Length":33,"Height":29,"Demand":9,"DemandMax":null,"Value":957},{"Length":33,"Height":38,"Demand":1,"DemandMax":null,"Value":1254},{"Length":71,"Height":71,"Demand":1,"DemandMax":null,"Value":5041},{"Length":61,"Height":67,"Demand":1,"DemandMax":null,"Value":4087},{"Length":68,"Height":66,"Demand":1,"DemandMax":null,"Value":4488},{"Length":49,"Height":35,"Demand":4,"DemandMax":null,"Value":1715}]}