{"Name":"C3_40_L_3","Objects":[{"Length":100,"Height":100,"Stock":null,"Cost":10000}],"Items":[{"Length":63,"Height":25,"Demand":1,"DemandMax":null,"Value":1575},{"Length":62,"Height":67,"Demand":1,"DemandMax":null,"Value":4154},{"Length":26,"Height":33,"Demand":1,"DemandMax":null,"Value":858},{"Length":40,"Height":55,"Demand":1,"DemandMax":null,"Value":2200},{"Length":47,"Height":42,"Demand":1,"DemandMax":null,"Value":1974},{"Length":48,"Height":34,"Demand":1,"DemandMax":null,"Value":1632},{"Length":30,"Height":46,"Demand":1,"DemandMax":null,"Value":1380},{"Length":28,"Height":74,"Demand":1,"DemandMax":null,"Value":2072},{"Length":32,"Height":58,"Demand":1,"DemandMax":null,"Value":1856},{"Length":55,"Height":70,"Demand":1,"DemandMax":null,"Value":3850},{"Length":55,"Height":44,"Demand":1,"DemandMax":null,"Value":2420},{"Length":72,"Height":70,"Demand":1,"DemandMax":null,"Value":5040},{"Length":55,"Height":50,"Demand":1,"DemandMax":null,"Value":2750},{"Length":38,"Height":33,"Demand":1,"DemandMax":null,"Value":1254},{"Length":26,"Height":61,"Demand":1,"DemandMax":null,"Value":1586},{"Length":59,"Height":38,"Demand":1,"DemandMax":null,"Value":2242},{"Length":31,"Height":54,"Demand":1,"DemandMax":null,"Value":1674},{"Length":25,"Height":25,"Demand":1,"DemandMax":null,"Value":625},{"Length":74,"Height":62,"Demand":1,"DemandMax":null,"Value":4588},{"Length":44,"Height":28,"Demand":1,"DemandMax":null,"Value":1232},{"Length":37,"Height":27,"Demand":1,"DemandMax":null,"Value":999},{"Length":25,"Height":49,"Demand":1,"DemandMax":null,"Value":1225},{"Length":67,"Height":32,"Demand":1,"DemandMax":null,"Value":2144},{"Length":74,"Height":57,"Demand":1,"DemandMax":null,"Value":4218},{"Length":56,"Height":26,"Demand":1,"DemandMax":null,"Value":1456},{"Length":37,"Height":44,"Demand":1,"DemandMax":null,"Value":1628},{"Length":25,"Height":57,"Demand":1,"DemandMax":null,"Value":1425},{"Length":69,"Height":41,"Demand":1,"DemandMax":null,"Value":2829},{"Length":43,"Height":33,"Demand":1,"DemandMax":null,"Value":1419},{"Length":38,"Height":46,"Demand":1,"DemandMax":null,"Value":1748},{"Length":31,"Height":73,"Demand":1,"DemandMax":null,"Value":2263},{"Length":31,"Height":57,"Demand":1,"DemandMax":null,"Value":1767},{"Length":49,"Height":34,"Demand":1,"DemandMax":null,"Value":1666},{"Length":29,"Height":25,"Demand":1,"DemandMax":null,"Value":725},{"Length":74,"Height":50,"Demand":1,"DemandMax":null,"Value":3700},{"Length":59,"Height":40,"Demand":1,"DemandMax":null,"Value":2360},{"Length":74,"Height":49,"Demand":1,"DemandMax":null,"Value":3626},{"Length":50,"Height":58,"Demand":1,"DemandMax":null,"Value":2900},{"Length":45,"Height":47,"Demand":1,"DemandMax":null,"Value":2115},{"Length":34,"Height":45,"Demand":1,"DemandMax":null,"Value":1530}]}