{"Name":"C1_10_L_5","Objects":[{"Length":100,"Height":100,"Stock":null,"Cost":10000}],"Items":[{"Length":74,"Height":71,"Demand":1,"DemandMax":null,"Value":5254},{"Length":48,"Height":69,"Demand":1,"DemandMax":null,"Value":3312},{"Length":48,"Height":49,"Demand":1,"DemandMax":null,"Value":2352},{"Length":60,"Height":46,"Demand":1,"DemandMax":null,"Value":2760},{"Length":61,"Height":47,"Demand":2,"DemandMax":null,"Value":2867},{"Length":67,"Height":45,"Demand":1,"DemandMax":null,"Value":3015},{"Length":60,"Height":58,"Demand":1,"DemandMax":null,"Value":3480},{"Length":43,"Height":31,"Demand":4,"DemandMax":null,"Value":1333},{"Length":63,"Height":43,"Demand":2,"DemandMax":null,"Value":2709},{"Length":47,"Height":51,"Demand":1,"DemandMax":null,"Value":2397}]}