{"Name":"C2_40_L_9","Objects":[{"Length":100,"Height":100,"Stock":null,"Cost":10000}],"Items":[{"Length":31,"Height":34,"Demand":1,"DemandMax":null,"Value":1054},{"Length":25,"Height":44,"Demand":1,"DemandMax":null,"Value":1100},{"Length":32,"Height":33,"Demand":4,"DemandMax":null,"Value":1056},{"Length":42,"Height":42,"Demand":2,"DemandMax":null,"Value":1764},{"Length":57,"Height":40,"Demand":3,"DemandMax":null,"Value":2280},{"Length":63,"Height":41,"Demand":1,"DemandMax":null,"Value":2583},{"Length":68,"Height":31,"Demand":1,"DemandMax":null,"Value":2108},{"Length":54,"Height":56,"Demand":3,"DemandMax":null,"Value":3024},{"Length":36,"Height":68,"Demand":1,"DemandMax":null,"Value":2448},{"Length":74,"Height":27,"Demand":4,"DemandMax":null,"Value":1998},{"Length":49,"Height":30,"Demand":1,"DemandMax":null,"Value":1470},{"Length":62,"Height":39,"Demand":2,"DemandMax":null,"Value":2418},{"Length":65,"Height":30,"Demand":3,"DemandMax":null,"Value":1950},{"Length":62,"Height":52,"Demand":1,"DemandMax":null,"Value":3224},{"Length":50,"Height":55,"Demand":2,"DemandMax":null,"Value":2750},{"Length":58,"Height":25,"Demand":2,"DemandMax":null,"Value":1450},{"Length":26,"Height":54,"Demand":4,"DemandMax":null,"Value":1404},{"Length":56,"Height":63,"Demand":3,"DemandMax":null,"Value":3528},{"Length":41,"Height":36,"Demand":2,"DemandMax":null,"Value":1476},{"Length":34,"Height":46,"Demand":1,"DemandMax":null,"Value":1564},{"Length":36,"Height":41,"Demand":4,"DemandMax":null,"Value":1476},{"Length":29,"Height":31,"Demand":4,"DemandMax":null,"Value":899},{"Length":25,"Height":74,"Demand":2,"DemandMax":null,"Value":1850},{"Length":49,"Height":49,"Demand":2,"DemandMax":null,"Value":2401},{"Length":36,"Height":32,"Demand":1,"DemandMax":null,"Value":1152},{"Length":32,"Height":51,"Demand":4,"DemandMax":null,"Value":1632},{"Length":69,"Height":62,"Demand":7,"DemandMax":null,"Value":4278},{"Length":51,"Height":35,"Demand":2,"DemandMax":null,"Value":1785},{"Length":39,"Height":62,"Demand":3,"DemandMax":null,"Value":2418},{"Length":67,"Height":63,"Demand":1,"DemandMax":null,"Value":4221},{"Length":46,"Height":62,"Demand":3,"DemandMax":null,"Value":2852},{"Length":42,"Height":38,"Demand":3,"DemandMax":null,"Value":1596},{"Length":34,"Height":73,"Demand":1,"DemandMax":null,"Value":2482},{"Length":50,"Height":26,"Demand":3,"DemandMax":null,"Value":1300},{"Length":34,"Height":53,"Demand":2,"DemandMax":null,"Value":1802},{"Length":50,"Height":53,"Demand":2,"DemandMax":null,"Value":2650},{"Length":37,"Height":56,"Demand":4,"DemandMax":null,"Value":2072},{"Length":64,"Height":31,"Demand":1,"DemandMax":null,"Value":1984},{"Length":62,"Height":63,"Demand":4,"DemandMax":null,"Value":3906}]}