{"Name":"C3_40_S_11","Objects":[{"Length":100,"Height":100,"Stock":null,"Cost":10000}],"Items":[{"Length":41,"Height":29,"Demand":1,"DemandMax":null,"Value":1189},{"Length":17,"Height":28,"Demand":1,"DemandMax":null,"Value":476},{"Length":28,"Height":24,"Demand":1,"DemandMax":null,"Value":672},{"Length":12,"Height":36,"Demand":1,"DemandMax":null,"Value":432},{"Length":36,"Height":30,"Demand":1,"DemandMax":null,"Value":1080},{"Length":15,"Height":26,"Demand":1,"DemandMax":null,"Value":390},{"Length":48,"Height":13,"Demand":2,"DemandMax":null,"Value":624},{"Length":36,"Height":37,"Demand":1,"DemandMax":null,"Value":1332},{"Length":49,"Height":32,"Demand":1,"DemandMax":null,"Value":1568},{"Length":21,"Height":16,"Demand":1,"DemandMax":null,"Value":336},{"Length":35,"Height":17,"Demand":1,"DemandMax":null,"Value":595},{"Length":34,"Height":30,"Demand":1,"DemandMax":null,"Value":1020},{"Length":11,"Height":48,"Demand":1,"DemandMax":null,"Value":528},{"Length":12,"Height":40,"Demand":1,"DemandMax":null,"Value":480},{"Length":22,"Height":15,"Demand":1,"DemandMax":null,"Value":330},{"Length":20,"Height":22,"Demand":1,"DemandMax":null,"Value":440},{"Length":10,"Height":15,"Demand":1,"DemandMax":null,"Value":150},{"Length":29,"Height":30,"Demand":1,"DemandMax":null,"Value":870},{"Length":26,"Height":25,"Demand":1,"DemandMax":null,"Value":650},{"Length":10,"Height":28,"Demand":1,"DemandMax":null,"Value":280},{"Length":47,"Height":36,"Demand":1,"DemandMax":null,"Value":1692},{"Length":23,"Height":34,"Demand":1,"DemandMax":null,"Value":782},{"Length":36,"Height":36,"Demand":1,"DemandMax":null,"Value":1296},{"Length":39,"Height":24,"Demand":1,"DemandMax":null,"Value":936},{"Length":31,"Height":22,"Demand":1,"DemandMax":null,"Value":682},{"Length":29,"Height":32,"Demand":1,"DemandMax":null,"Value":928},{"Length":34,"Height":26,"Demand":1,"DemandMax":null,"Value":884},{"Length":38,"Height":42,"Demand":1,"DemandMax":null,"Value":1596},{"Length":43,"Height":21,"Demand":1,"DemandMax":null,"Value":903},{"Length":43,"Height":46,"Demand":1,"DemandMax":null,"Value":1978},{"Length":42,"Height":15,"Demand":1,"DemandMax":null,"Value":630},{"Length":45,"Height":42,"Demand":1,"DemandMax":null,"Value":1890},{"Length":35,"Height":22,"Demand":1,"DemandMax":null,"Value":770},{"Length":22,"Height":40,"Demand":1,"DemandMax":null,"Value":880},{"Length":49,"Height":47,"Demand":1,"DemandMax":null,"Value":2303},{"Length":16,"Height":10,"Demand":1,"DemandMax":null,"Value":160},{"Length":39,"Height":13,"Demand":1,"DemandMax":null,"Value":507},{"Length":21,"Height":37,"Demand":1,"DemandMax":null,"Value":777},{"Length":27,"Height":45,"Demand":1,"DemandMax":null,"Value":1215}]}