{"Name":"C1_30_S_11","Objects":[{"Length":100,"Height":100,"Stock":null,"Cost":10000}],"Items":[{"Length":23,"Height":32,"Demand":5,"DemandMax":null,"Value":736},{"Length":47,"Height":45,"Demand":1,"DemandMax":null,"Value":2115},{"Length":31,"Height":15,"Demand":6,"DemandMax":null,"Value":465},{"Length":47,"Height":28,"Demand":4,"DemandMax":null,"Value":1316},{"Length":14,"Height":23,"Demand":11,"DemandMax":null,"Value":322},{"Length":17,"Height":27,"Demand":15,"DemandMax":null,"Value":459},{"Length":21,"Height":32,"Demand":9,"DemandMax":null,"Value":672},{"Length":17,"Height":13,"Demand":35,"DemandMax":null,"Value":221},{"Length":47,"Height":18,"Demand":6,"DemandMax":null,"Value":846},{"Length":12,"Height":42,"Demand":12,"DemandMax":null,"Value":504},{"Length":28,"Height":21,"Demand":7,"DemandMax":null,"Value":588},{"Length":15,"Height":33,"Demand":4,"DemandMax":null,"Value":495},{"Length":43,"Height":24,"Demand":2,"DemandMax":null,"Value":1032},{"Length":46,"Height":10,"Demand":16,"DemandMax":null,"Value":460},{"Length":44,"Height":36,"Demand":3,"DemandMax":null,"Value":1584},{"Length":12,"Height":27,"Demand":12,"DemandMax":null,"Value":324},{"Length":44,"Height":26,"Demand":5,"DemandMax":null,"Value":1144},{"Length":40,"Height":10,"Demand":19,"DemandMax":null,"Value":400},{"Length":48,"Height":37,"Demand":4,"DemandMax":null,"Value":1776},{"Length":49,"Height":13,"Demand":2,"DemandMax":null,"Value":637},{"Length":49,"Height":11,"Demand":18,"DemandMax":null,"Value":539},{"Length":36,"Height":45,"Demand":2,"DemandMax":null,"Value":1620},{"Length":11,"Height":19,"Demand":42,"DemandMax":null,"Value":209},{"Length":32,"Height":27,"Demand":9,"DemandMax":null,"Value":864},{"Length":25,"Height":42,"Demand":7,"DemandMax":null,"Value":1050},{"Length":20,"Height":31,"Demand":6,"DemandMax":null,"Value":620},{"Length":46,"Height":23,"Demand":4,"DemandMax":null,"Value":1058},{"Length":43,"Height":43,"Demand":4,"DemandMax":null,"Value":1849},{"Length":43,"Height":36,"Demand":4,"DemandMax":null,"Value":1548},{"Length":39,"Height":44,"Demand":4,"DemandMax":null,"Value":1716}]}