{"Name":"C2_20_L_3","Objects":[{"Length":100,"Height":100,"Stock":null,"Cost":10000}],"Items":[{"Length":34,"Height":45,"Demand":4,"DemandMax":null,"Value":1530},{"Length":71,"Height":36,"Demand":1,"DemandMax":null,"Value":2556},{"Length":56,"Height":57,"Demand":4,"DemandMax":null,"Value":3192},{"Length":35,"Height":65,"Demand":4,"DemandMax":null,"Value":2275},{"Length":53,"Height":55,"Demand":2,"DemandMax":null,"Value":2915},{"Length":42,"Height":25,"Demand":2,"DemandMax":null,"Value":1050},{"Length":27,"Height":52,"Demand":2,"DemandMax":null,"Value":1404},{"Length":52,"Height":28,"Demand":1,"DemandMax":null,"Value":1456},{"Length":40,"Height":32,"Demand":3,"DemandMax":null,"Value":1280},{"Length":66,"Height":40,"Demand":4,"DemandMax":null,"Value":2640},{"Length":31,"Height":32,"Demand":2,"DemandMax":null,"Value":992},{"Length":53,"Height":33,"Demand":2,"DemandMax":null,"Value":1749},{"Length":59,"Height":29,"Demand":4,"DemandMax":null,"Value":1711},{"Length":26,"Height":56,"Demand":4,"DemandMax":null,"Value":1456},{"Length":48,"Height":56,"Demand":1,"DemandMax":null,"Value":2688},{"Length":38,"Height":69,"Demand":1,"DemandMax":null,"Value":2622},{"Length":65,"Height":48,"Demand":3,"DemandMax":null,"Value":3120},{"Length":56,"Height":29,"Demand":1,"DemandMax":null,"Value":1624},{"Length":33,"Height":36,"Demand":3,"DemandMax":null,"Value":1188},{"Length":62,"Height":48,"Demand":4,"DemandMax":null,"Value":2976}]}