{"Name":"C2_10_S_11","Objects":[{"Length":100,"Height":100,"Stock":null,"Cost":10000}],"Items":[{"Length":39,"Height":22,"Demand":3,"DemandMax":null,"Value":858},{"Length":39,"Height":17,"Demand":2,"DemandMax":null,"Value":663},{"Length":25,"Height":40,"Demand":4,"DemandMax":null,"Value":1000},{"Length":10,"Height":13,"Demand":3,"DemandMax":null,"Value":130},{"Length":28,"Height":27,"Demand":1,"DemandMax":null,"Value":756},{"Length":12,"Height":42,"Demand":1,"DemandMax":null,"Value":504},{"Length":17,"Height":16,"Demand":4,"DemandMax":null,"Value":272},{"Length":46,"Height":30,"Demand":2,"DemandMax":null,"Value":1380},{"Length":19,"Height":33,"Demand":2,"DemandMax":null,"Value":627},{"Length":10,"Height":34,"Demand":4,"DemandMax":null,"Value":340}]}