{"Name":"C1_10_S_8","Objects":[{"Length":100,"Height":100,"Stock":null,"Cost":10000}],"Items":[{"Length":45,"Height":39,"Demand":4,"DemandMax":null,"Value":1755},{"Length":27,"Height":32,"Demand":5,"DemandMax":null,"Value":864},{"Length":13,"Height":25,"Demand":7,"DemandMax":null,"Value":325},{"Length":24,"Height":48,"Demand":1,"DemandMax":null,"Value":1152},{"Length":47,"Height":45,"Demand":2,"DemandMax":null,"Value":2115},{"Length":34,"Height":16,"Demand":5,"DemandMax":null,"Value":544},{"Length":32,"Height":32,"Demand":4,"DemandMax":null,"Value":1024},{"Length":18,"Height":11,"Demand":21,"DemandMax":null,"Value":198},{"Length":43,"Height":42,"Demand":2,"DemandMax":null,"Value":1806},{"Length":44,"Height":29,"Demand":3,"DemandMax":null,"Value":1276}]}