{"Name":"C3_20_L_4","Objects":[{"Length":100,"Height":100,"Stock":null,"Cost":10000}],"Items":[{"Length":27,"Height":63,"Demand":1,"DemandMax":null,"Value":1701},{"Length":56,"Height":52,"Demand":1,"DemandMax":null,"Value":2912},{"Length":54,"Height":39,"Demand":1,"DemandMax":null,"Value":2106},{"Length":52,"Height":44,"Demand":1,"DemandMax":null,"Value":2288},{"Length":55,"Height":53,"Demand":1,"DemandMax":null,"Value":2915},{"Length":27,"Height":34,"Demand":1,"DemandMax":null,"Value":918},{"Length":29,"Height":48,"Demand":1,"DemandMax":null,"Value":1392},{"Length":71,"Height":60,"Demand":1,"DemandMax":null,"Value":4260},{"Length":34,"Height":70,"Demand":1,"DemandMax":null,"Value":2380},{"Length":57,"Height":55,"Demand":1,"DemandMax":null,"Value":3135},{"Length":59,"Height":25,"Demand":1,"DemandMax":null,"Value":1475},{"Length":25,"Height":25,"Demand":1,"DemandMax":null,"Value":625},{"Length":69,"Height":52,"Demand":1,"DemandMax":null,"Value":3588},{"Length":36,"Height":38,"Demand":1,"DemandMax":null,"Value":1368},{"Length":43,"Height":69,"Demand":1,"DemandMax":null,"Value":2967},{"Length":67,"Height":41,"Demand":1,"DemandMax":null,"Value":2747},{"Length":56,"Height":39,"Demand":1,"DemandMax":null,"Value":2184},{"Length":60,"Height":46,"Demand":1,"DemandMax":null,"Value":2760},{"Length":54,"Height":26,"Demand":1,"DemandMax":null,"Value":1404},{"Length":37,"Height":31,"Demand":1,"DemandMax":null,"Value":1147}]}