{"Name":"C1_10_S_7","Objects":[{"Length":100,"Height":100,"Stock":null,"Cost":10000}],"Items":[{"Length":48,"Height":38,"Demand":1,"DemandMax":null,"Value":1824},{"Length":22,"Height":42,"Demand":6,"DemandMax":null,"Value":924},{"Length":36,"Height":19,"Demand":5,"DemandMax":null,"Value":684},{"Length":37,"Height":21,"Demand":6,"DemandMax":null,"Value":777},{"Length":35,"Height":46,"Demand":4,"DemandMax":null,"Value":1610},{"Length":19,"Height":20,"Demand":21,"DemandMax":null,"Value":380},{"Length":42,"Height":43,"Demand":3,"DemandMax":null,"Value":1806},{"Length":25,"Height":42,"Demand":3,"DemandMax":null,"Value":1050},{"Length":34,"Height":17,"Demand":6,"DemandMax":null,"Value":578},{"Length":29,"Height":39,"Demand":4,"DemandMax":null,"Value":1131}]}