{"Name":"C1_40_S_9","Objects":[{"Length":100,"Height":100,"Stock":null,"Cost":10000}],"Items":[{"Length":24,"Height":47,"Demand":2,"DemandMax":null,"Value":1128},{"Length":42,"Height":11,"Demand":18,"DemandMax":null,"Value":462},{"Length":45,"Height":14,"Demand":8,"DemandMax":null,"Value":630},{"Length":42,"Height":39,"Demand":3,"DemandMax":null,"Value":1638},{"Length":29,"Height":14,"Demand":6,"DemandMax":null,"Value":406},{"Length":29,"Height":34,"Demand":5,"DemandMax":null,"Value":986},{"Length":13,"Height":28,"Demand":10,"DemandMax":null,"Value":364},{"Length":41,"Height":38,"Demand":1,"DemandMax":null,"Value":1558},{"Length":26,"Height":33,"Demand":4,"DemandMax":null,"Value":858},{"Length":19,"Height":48,"Demand":7,"DemandMax":null,"Value":912},{"Length":41,"Height":37,"Demand":4,"DemandMax":null,"Value":1517},{"Length":46,"Height":25,"Demand":7,"DemandMax":null,"Value":1150},{"Length":18,"Height":11,"Demand":28,"DemandMax":null,"Value":198},{"Length":32,"Height":32,"Demand":6,"DemandMax":null,"Value":1024},{"Length":34,"Height":40,"Demand":4,"DemandMax":null,"Value":1360},{"Length":35,"Height":42,"Demand":4,"DemandMax":null,"Value":1470},{"Length":49,"Height":23,"Demand":6,"DemandMax":null,"Value":1127},{"Length":22,"Height":49,"Demand":3,"DemandMax":null,"Value":1078},{"Length":38,"Height":11,"Demand":16,"DemandMax":null,"Value":418},{"Length":17,"Height":34,"Demand":3,"DemandMax":null,"Value":578},{"Length":12,"Height":30,"Demand":11,"DemandMax":null,"Value":360},{"Length":16,"Height":20,"Demand":22,"DemandMax":null,"Value":320},{"Length":34,"Height":22,"Demand":7,"DemandMax":null,"Value":748},{"Length":40,"Height":24,"Demand":6,"DemandMax":null,"Value":960},{"Length":30,"Height":45,"Demand":1,"DemandMax":null,"Value":1350},{"Length":46,"Height":49,"Demand":3,"DemandMax":null,"Value":2254},{"Length":14,"Height":29,"Demand":4,"DemandMax":null,"Value":406},{"Length":12,"Height":12,"Demand":3,"DemandMax":null,"Value":144},{"Length":39,"Height":49,"Demand":1,"DemandMax":null,"Value":1911},{"Length":16,"Height":19,"Demand":16,"DemandMax":null,"Value":304},{"Length":35,"Height":24,"Demand":4,"DemandMax":null,"Value":840},{"Length":31,"Height":26,"Demand":7,"DemandMax":null,"Value":806},{"Length":14,"Height":43,"Demand":14,"DemandMax":null,"Value":602},{"Length":17,"Height":15,"Demand":19,"DemandMax":null,"Value":255},{"Length":16,"Height":44,"Demand":12,"DemandMax":null,"Value":704},{"Length":24,"Height":10,"Demand":36,"DemandMax":null,"Value":240},{"Length":28,"Height":23,"Demand":3,"DemandMax":null,"Value":644},{"Length":38,"Height":42,"Demand":1,"DemandMax":null,"Value":1596},{"Length":19,"Height":34,"Demand":3,"DemandMax":null,"Value":646},{"Length":18,"Height":18,"Demand":3,"DemandMax":null,"Value":324}]}