{"Name":"C2_10_S_1","Objects":[{"Length":100,"Height":100,"Stock":null,"Cost":10000}],"Items":[{"Length":41,"Height":47,"Demand":3,"DemandMax":null,"Value":1927},{"Length":37,"Height":37,"Demand":3,"DemandMax":null,"Value":1369},{"Length":25,"Height":15,"Demand":3,"DemandMax":null,"Value":375},{"Length":38,"Height":17,"Demand":2,"DemandMax":null,"Value":646},{"Length":37,"Height":47,"Demand":3,"DemandMax":null,"Value":1739},{"Length":12,"Height":13,"Demand":3,"DemandMax":null,"Value":156},{"Length":34,"Height":19,"Demand":2,"DemandMax":null,"Value":646},{"Length":48,"Height":24,"Demand":2,"DemandMax":null,"Value":1152},{"Length":47,"Height":12,"Demand":1,"DemandMax":null,"Value":564},{"Length":15,"Height":16,"Demand":1,"DemandMax":null,"Value":240}]}