{"Name":"C2_20_S_10","Objects":[{"Length":100,"Height":100,"Stock":null,"Cost":10000}],"Items":[{"Length":15,"Height":43,"Demand":1,"DemandMax":null,"Value":645},{"Length":37,"Height":18,"Demand":1,"DemandMax":null,"Value":666},{"Length":18,"Height":16,"Demand":3,"DemandMax":null,"Value":288},{"Length":17,"Height":27,"Demand":3,"DemandMax":null,"Value":459},{"Length":22,"Height":37,"Demand":2,"DemandMax":null,"Value":814},{"Length":19,"Height":38,"Demand":4,"DemandMax":null,"Value":722},{"Length":25,"Height":11,"Demand":1,"DemandMax":null,"Value":275},{"Length":48,"Height":40,"Demand":2,"DemandMax":null,"Value":1920},{"Length":24,"Height":23,"Demand":2,"DemandMax":null,"Value":552},{"Length":49,"Height":23,"Demand":3,"DemandMax":null,"Value":1127},{"Length":22,"Height":46,"Demand":2,"DemandMax":null,"Value":1012},{"Length":24,"Height":35,"Demand":2,"DemandMax":null,"Value":840},{"Length":47,"Height":30,"Demand":3,"DemandMax":null,"Value":1410},{"Length":18,"Height":11,"Demand":2,"DemandMax":null,"Value":198},{"Length":24,"Height":33,"Demand":2,"DemandMax":null,"Value":792},{"Length":38,"Height":37,"Demand":1,"DemandMax":null,"Value":1406},{"Length":24,"Height":10,"Demand":4,"DemandMax":null,"Value":240},{"Length":17,"Height":18,"Demand":4,"DemandMax":null,"Value":306},{"Length":28,"Height":21,"Demand":3,"DemandMax":null,"Value":588},{"Length":48,"Height":11,"Demand":2,"DemandMax":null,"Value":528}]}