{"Name":"C2_40_L_4","Objects":[{"Length":100,"Height":100,"Stock":null,"Cost":10000}],"Items":[{"Length":48,"Height":30,"Demand":1,"DemandMax":null,"Value":1440},{"Length":54,"Height":67,"Demand":4,"DemandMax":null,"Value":3618},{"Length":52,"Height":65,"Demand":2,"DemandMax":null,"Value":3380},{"Length":61,"Height":66,"Demand":2,"DemandMax":null,"Value":4026},{"Length":72,"Height":35,"Demand":3,"DemandMax":null,"Value":2520},{"Length":31,"Height":40,"Demand":3,"DemandMax":null,"Value":1240},{"Length":34,"Height":54,"Demand":1,"DemandMax":null,"Value":1836},{"Length":37,"Height":44,"Demand":1,"DemandMax":null,"Value":1628},{"Length":61,"Height":57,"Demand":4,"DemandMax":null,"Value":3477},{"Length":54,"Height":39,"Demand":2,"DemandMax":null,"Value":2106},{"Length":29,"Height":48,"Demand":1,"DemandMax":null,"Value":1392},{"Length":49,"Height":72,"Demand":3,"DemandMax":null,"Value":3528},{"Length":71,"Height":57,"Demand":2,"DemandMax":null,"Value":4047},{"Length":43,"Height":39,"Demand":2,"DemandMax":null,"Value":1677},{"Length":63,"Height":68,"Demand":3,"DemandMax":null,"Value":4284},{"Length":73,"Height":44,"Demand":1,"DemandMax":null,"Value":3212},{"Length":54,"Height":55,"Demand":1,"DemandMax":null,"Value":2970},{"Length":53,"Height":71,"Demand":4,"DemandMax":null,"Value":3763},{"Length":44,"Height":36,"Demand":3,"DemandMax":null,"Value":1584},{"Length":54,"Height":50,"Demand":4,"DemandMax":null,"Value":2700},{"Length":57,"Height":50,"Demand":3,"DemandMax":null,"Value":2850},{"Length":57,"Height":49,"Demand":3,"DemandMax":null,"Value":2793},{"Length":51,"Height":63,"Demand":3,"DemandMax":null,"Value":3213},{"Length":55,"Height":67,"Demand":4,"DemandMax":null,"Value":3685},{"Length":65,"Height":36,"Demand":3,"DemandMax":null,"Value":2340},{"Length":40,"Height":25,"Demand":2,"DemandMax":null,"Value":1000},{"Length":26,"Height":59,"Demand":1,"DemandMax":null,"Value":1534},{"Length":32,"Height":63,"Demand":1,"DemandMax":null,"Value":2016},{"Length":38,"Height":55,"Demand":3,"DemandMax":null,"Value":2090},{"Length":29,"Height":25,"Demand":1,"DemandMax":null,"Value":725},{"Length":74,"Height":55,"Demand":3,"DemandMax":null,"Value":4070},{"Length":31,"Height":64,"Demand":3,"DemandMax":null,"Value":1984},{"Length":31,"Height":28,"Demand":2,"DemandMax":null,"Value":868},{"Length":57,"Height":31,"Demand":4,"DemandMax":null,"Value":1767},{"Length":68,"Height":30,"Demand":3,"DemandMax":null,"Value":2040},{"Length":35,"Height":52,"Demand":3,"DemandMax":null,"Value":1820},{"Length":37,"Height":65,"Demand":1,"DemandMax":null,"Value":2405},{"Length":47,"Height":46,"Demand":3,"DemandMax":null,"Value":2162},{"Length":43,"Height":72,"Demand":1,"DemandMax":null,"Value":3096},{"Length":28,"Height":38,"Demand":1,"DemandMax":null,"Value":1064}]}