{"Name":"C1_20_L_11","Objects":[{"Length":100,"Height":100,"Stock":null,"Cost":10000}],"Items":[{"Length":55,"Height":32,"Demand":3,"DemandMax":null,"Value":1760},{"Length":44,"Height":68,"Demand":2,"DemandMax":null,"Value":2992},{"Length":62,"Height":43,"Demand":1,"DemandMax":null,"Value":2666},{"Length":31,"Height":74,"Demand":3,"DemandMax":null,"Value":2294},{"Length":57,"Height":48,"Demand":2,"DemandMax":null,"Value":2736},{"Length":61,"Height":70,"Demand":1,"DemandMax":null,"Value":4270},{"Length":72,"Height":25,"Demand":1,"DemandMax":null,"Value":1800},{"Length":55,"Height":48,"Demand":1,"DemandMax":null,"Value":2640},{"Length":46,"Height":61,"Demand":1,"DemandMax":null,"Value":2806},{"Length":31,"Height":56,"Demand":2,"DemandMax":null,"Value":1736},{"Length":65,"Height":38,"Demand":1,"DemandMax":null,"Value":2470},{"Length":69,"Height":27,"Demand":3,"DemandMax":null,"Value":1863},{"Length":29,"Height":65,"Demand":2,"DemandMax":null,"Value":1885},{"Length":56,"Height":57,"Demand":1,"DemandMax":null,"Value":3192},{"Length":34,"Height":63,"Demand":1,"DemandMax":null,"Value":2142},{"Length":28,"Height":69,"Demand":1,"DemandMax":null,"Value":1932},{"Length":48,"Height":40,"Demand":3,"DemandMax":null,"Value":1920},{"Length":72,"Height":65,"Demand":1,"DemandMax":null,"Value":4680},{"Length":47,"Height":68,"Demand":2,"DemandMax":null,"Value":3196},{"Length":33,"Height":56,"Demand":1,"DemandMax":null,"Value":1848}]}