{"Name":"C3_20_S_5","Objects":[{"Length":100,"Height":100,"Stock":null,"Cost":10000}],"Items":[{"Length":32,"Height":34,"Demand":1,"DemandMax":null,"Value":1088},{"Length":27,"Height":20,"Demand":1,"DemandMax":null,"Value":540},{"Length":15,"Height":43,"Demand":1,"DemandMax":null,"Value":645},{"Length":31,"Height":34,"Demand":1,"DemandMax":null,"Value":1054},{"Length":48,"Height":26,"Demand":1,"DemandMax":null,"Value":1248},{"Length":23,"Height":37,"Demand":1,"DemandMax":null,"Value":851},{"Length":49,"Height":42,"Demand":1,"DemandMax":null,"Value":2058},{"Length":11,"Height":31,"Demand":1,"DemandMax":null,"Value":341},{"Length":46,"Height":35,"Demand":1,"DemandMax":null,"Value":1610},{"Length":10,"Height":39,"Demand":1,"DemandMax":null,"Value":390},{"Length":31,"Height":36,"Demand":1,"DemandMax":null,"Value":1116},{"Length":49,"Height":43,"Demand":1,"DemandMax":null,"Value":2107},{"Length":48,"Height":34,"Demand":1,"DemandMax":null,"Value":1632},{"Length":26,"Height":49,"Demand":1,"DemandMax":null,"Value":1274},{"Length":44,"Height":35,"Demand":1,"DemandMax":null,"Value":1540},{"Length":35,"Height":36,"Demand":1,"DemandMax":null,"Value":1260},{"Length":26,"Height":14,"Demand":1,"DemandMax":null,"Value":364},{"Length":18,"Height":31,"Demand":1,"DemandMax":null,"Value":558},{"Length":22,"Height":42,"Demand":1,"DemandMax":null,"Value":924},{"Length":16,"Height":20,"Demand":1,"DemandMax":null,"Value":320}]}