{"Name":"C2_40_S_15","Objects":[{"Length":100,"Height":100,"Stock":null,"Cost":10000}],"Items":[{"Length":48,"Height":34,"Demand":3,"DemandMax":null,"Value":1632},{"Length":41,"Height":29,"Demand":3,"DemandMax":null,"Value":1189},{"Length":19,"Height":14,"Demand":3,"DemandMax":null,"Value":266},{"Length":18,"Height":44,"Demand":3,"DemandMax":null,"Value":792},{"Length":16,"Height":22,"Demand":3,"DemandMax":null,"Value":352},{"Length":14,"Height":43,"Demand":1,"DemandMax":null,"Value":602},{"Length":34,"Height":42,"Demand":3,"DemandMax":null,"Value":1428},{"Length":11,"Height":34,"Demand":1,"DemandMax":null,"Value":374},{"Length":38,"Height":31,"Demand":1,"DemandMax":null,"Value":1178},{"Length":18,"Height":45,"Demand":3,"DemandMax":null,"Value":810},{"Length":32,"Height":31,"Demand":3,"DemandMax":null,"Value":992},{"Length":42,"Height":43,"Demand":3,"DemandMax":null,"Value":1806},{"Length":35,"Height":31,"Demand":3,"DemandMax":null,"Value":1085},{"Length":15,"Height":27,"Demand":4,"DemandMax":null,"Value":405},{"Length":43,"Height":32,"Demand":2,"DemandMax":null,"Value":1376},{"Length":37,"Height":17,"Demand":2,"DemandMax":null,"Value":629},{"Length":33,"Height":27,"Demand":4,"DemandMax":null,"Value":891},{"Length":36,"Height":40,"Demand":4,"DemandMax":null,"Value":1440},{"Length":46,"Height":43,"Demand":4,"DemandMax":null,"Value":1978},{"Length":47,"Height":16,"Demand":3,"DemandMax":null,"Value":752},{"Length":35,"Height":18,"Demand":4,"DemandMax":null,"Value":630},{"Length":17,"Height":44,"Demand":4,"DemandMax":null,"Value":748},{"Length":14,"Height":22,"Demand":3,"DemandMax":null,"Value":308},{"Length":29,"Height":45,"Demand":1,"DemandMax":null,"Value":1305},{"Length":22,"Height":39,"Demand":1,"DemandMax":null,"Value":858},{"Length":20,"Height":40,"Demand":1,"DemandMax":null,"Value":800},{"Length":43,"Height":34,"Demand":3,"DemandMax":null,"Value":1462},{"Length":11,"Height":35,"Demand":3,"DemandMax":null,"Value":385},{"Length":30,"Height":30,"Demand":1,"DemandMax":null,"Value":900},{"Length":35,"Height":32,"Demand":4,"DemandMax":null,"Value":1120},{"Length":22,"Height":33,"Demand":1,"DemandMax":null,"Value":726},{"Length":13,"Height":28,"Demand":2,"DemandMax":null,"Value":364},{"Length":42,"Height":15,"Demand":3,"DemandMax":null,"Value":630},{"Length":35,"Height":40,"Demand":2,"DemandMax":null,"Value":1400},{"Length":46,"Height":22,"Demand":3,"DemandMax":null,"Value":1012},{"Length":37,"Height":48,"Demand":1,"DemandMax":null,"Value":1776},{"Length":20,"Height":41,"Demand":1,"DemandMax":null,"Value":820},{"Length":23,"Height":15,"Demand":1,"DemandMax":null,"Value":345},{"Length":42,"Height":19,"Demand":3,"DemandMax":null,"Value":798}]}