{"Name":"C2_30_L_13","Objects":[{"Length":100,"Height":100,"Stock":null,"Cost":10000}],"Items":[{"Length":32,"Height":65,"Demand":1,"DemandMax":null,"Value":2080},{"Length":43,"Height":62,"Demand":1,"DemandMax":null,"Value":2666},{"Length":71,"Height":48,"Demand":2,"DemandMax":null,"Value":3408},{"Length":60,"Height":29,"Demand":2,"DemandMax":null,"Value":1740},{"Length":51,"Height":50,"Demand":4,"DemandMax":null,"Value":2550},{"Length":70,"Height":59,"Demand":2,"DemandMax":null,"Value":4130},{"Length":66,"Height":30,"Demand":3,"DemandMax":null,"Value":1980},{"Length":26,"Height":71,"Demand":2,"DemandMax":null,"Value":1846},{"Length":67,"Height":37,"Demand":2,"DemandMax":null,"Value":2479},{"Length":52,"Height":31,"Demand":3,"DemandMax":null,"Value":1612},{"Length":57,"Height":44,"Demand":4,"DemandMax":null,"Value":2508},{"Length":68,"Height":50,"Demand":1,"DemandMax":null,"Value":3400},{"Length":30,"Height":67,"Demand":4,"DemandMax":null,"Value":2010},{"Length":50,"Height":42,"Demand":1,"DemandMax":null,"Value":2100},{"Length":59,"Height":69,"Demand":2,"DemandMax":null,"Value":4071},{"Length":36,"Height":46,"Demand":2,"DemandMax":null,"Value":1656},{"Length":41,"Height":51,"Demand":4,"DemandMax":null,"Value":2091},{"Length":62,"Height":40,"Demand":4,"DemandMax":null,"Value":2480},{"Length":63,"Height":66,"Demand":1,"DemandMax":null,"Value":4158},{"Length":34,"Height":50,"Demand":3,"DemandMax":null,"Value":1700},{"Length":69,"Height":54,"Demand":4,"DemandMax":null,"Value":3726},{"Length":28,"Height":72,"Demand":1,"DemandMax":null,"Value":2016},{"Length":43,"Height":33,"Demand":1,"DemandMax":null,"Value":1419},{"Length":63,"Height":29,"Demand":3,"DemandMax":null,"Value":1827},{"Length":62,"Height":51,"Demand":3,"DemandMax":null,"Value":3162},{"Length":56,"Height":53,"Demand":2,"DemandMax":null,"Value":2968},{"Length":41,"Height":26,"Demand":2,"DemandMax":null,"Value":1066},{"Length":57,"Height":60,"Demand":1,"DemandMax":null,"Value":3420},{"Length":33,"Height":45,"Demand":1,"DemandMax":null,"Value":1485},{"Length":55,"Height":47,"Demand":1,"DemandMax":null,"Value":2585}]}