{"Name":"C1_30_S_7","Objects":[{"Length":100,"Height":100,"Stock":null,"Cost":10000}],"Items":[{"Length":29,"Height":19,"Demand":15,"DemandMax":null,"Value":551},{"Length":11,"Height":35,"Demand":8,"DemandMax":null,"Value":385},{"Length":38,"Height":19,"Demand":1,"DemandMax":null,"Value":722},{"Length":27,"Height":31,"Demand":7,"DemandMax":null,"Value":837},{"Length":26,"Height":19,"Demand":2,"DemandMax":null,"Value":494},{"Length":30,"Height":38,"Demand":6,"DemandMax":null,"Value":1140},{"Length":22,"Height":39,"Demand":2,"DemandMax":null,"Value":858},{"Length":45,"Height":26,"Demand":4,"DemandMax":null,"Value":1170},{"Length":48,"Height":27,"Demand":4,"DemandMax":null,"Value":1296},{"Length":33,"Height":21,"Demand":6,"DemandMax":null,"Value":693},{"Length":40,"Height":29,"Demand":4,"DemandMax":null,"Value":1160},{"Length":45,"Height":48,"Demand":3,"DemandMax":null,"Value":2160},{"Length":26,"Height":46,"Demand":2,"DemandMax":null,"Value":1196},{"Length":42,"Height":19,"Demand":2,"DemandMax":null,"Value":798},{"Length":42,"Height":42,"Demand":1,"DemandMax":null,"Value":1764},{"Length":42,"Height":17,"Demand":4,"DemandMax":null,"Value":714},{"Length":10,"Height":25,"Demand":19,"DemandMax":null,"Value":250},{"Length":38,"Height":23,"Demand":3,"DemandMax":null,"Value":874},{"Length":20,"Height":21,"Demand":12,"DemandMax":null,"Value":420},{"Length":47,"Height":33,"Demand":2,"DemandMax":null,"Value":1551},{"Length":14,"Height":28,"Demand":17,"DemandMax":null,"Value":392},{"Length":38,"Height":45,"Demand":4,"DemandMax":null,"Value":1710},{"Length":42,"Height":46,"Demand":3,"DemandMax":null,"Value":1932},{"Length":37,"Height":27,"Demand":2,"DemandMax":null,"Value":999},{"Length":15,"Height":33,"Demand":3,"DemandMax":null,"Value":495},{"Length":43,"Height":22,"Demand":8,"DemandMax":null,"Value":946},{"Length":27,"Height":10,"Demand":28,"DemandMax":null,"Value":270},{"Length":18,"Height":30,"Demand":8,"DemandMax":null,"Value":540},{"Length":35,"Height":28,"Demand":1,"DemandMax":null,"Value":980},{"Length":23,"Height":12,"Demand":16,"DemandMax":null,"Value":276}]}