{"Name":"C3_10_S_7","Objects":[{"Length":100,"Height":100,"Stock":null,"Cost":10000}],"Items":[{"Length":38,"Height":30,"Demand":1,"DemandMax":null,"Value":1140},{"Length":35,"Height":26,"Demand":1,"DemandMax":null,"Value":910},{"Length":11,"Height":12,"Demand":1,"DemandMax":null,"Value":132},{"Length":24,"Height":24,"Demand":1,"DemandMax":null,"Value":576},{"Length":21,"Height":29,"Demand":1,"DemandMax":null,"Value":609},{"Length":35,"Height":10,"Demand":1,"DemandMax":null,"Value":350},{"Length":43,"Height":28,"Demand":1,"DemandMax":null,"Value":1204},{"Length":19,"Height":29,"Demand":1,"DemandMax":null,"Value":551},{"Length":21,"Height":17,"Demand":1,"DemandMax":null,"Value":357},{"Length":25,"Height":19,"Demand":1,"DemandMax":null,"Value":475}]}