{"Name":"C1_20_S_10","Objects":[{"Length":100,"Height":100,"Stock":null,"Cost":10000}],"Items":[{"Length":22,"Height":43,"Demand":1,"DemandMax":null,"Value":946},{"Length":28,"Height":46,"Demand":2,"DemandMax":null,"Value":1288},{"Length":14,"Height":40,"Demand":8,"DemandMax":null,"Value":560},{"Length":18,"Height":39,"Demand":12,"DemandMax":null,"Value":702},{"Length":35,"Height":17,"Demand":5,"DemandMax":null,"Value":595},{"Length":38,"Height":25,"Demand":5,"DemandMax":null,"Value":950},{"Length":45,"Height":23,"Demand":5,"DemandMax":null,"Value":1035},{"Length":14,"Height":37,"Demand":11,"DemandMax":null,"Value":518},{"Length":41,"Height":27,"Demand":5,"DemandMax":null,"Value":1107},{"Length":38,"Height":13,"Demand":11,"DemandMax":null,"Value":494},{"Length":27,"Height":35,"Demand":4,"DemandMax":null,"Value":945},{"Length":45,"Height":46,"Demand":2,"DemandMax":null,"Value":2070},{"Length":27,"Height":23,"Demand":7,"DemandMax":null,"Value":621},{"Length":45,"Height":41,"Demand":2,"DemandMax":null,"Value":1845},{"Length":33,"Height":24,"Demand":4,"DemandMax":null,"Value":792},{"Length":11,"Height":23,"Demand":13,"DemandMax":null,"Value":253},{"Length":23,"Height":32,"Demand":11,"DemandMax":null,"Value":736},{"Length":24,"Height":33,"Demand":5,"DemandMax":null,"Value":792},{"Length":30,"Height":26,"Demand":4,"DemandMax":null,"Value":780}]}