{"Name":"C1_30_L_14","Objects":[{"Length":100,"Height":100,"Stock":null,"Cost":10000}],"Items":[{"Length":40,"Height":42,"Demand":3,"DemandMax":null,"Value":1680},{"Length":27,"Height":36,"Demand":1,"DemandMax":null,"Value":972},{"Length":46,"Height":27,"Demand":2,"DemandMax":null,"Value":1242},{"Length":48,"Height":31,"Demand":1,"DemandMax":null,"Value":1488},{"Length":54,"Height":45,"Demand":2,"DemandMax":null,"Value":2430},{"Length":34,"Height":66,"Demand":1,"DemandMax":null,"Value":2244},{"Length":53,"Height":44,"Demand":2,"DemandMax":null,"Value":2332},{"Length":55,"Height":35,"Demand":1,"DemandMax":null,"Value":1925},{"Length":32,"Height":48,"Demand":6,"DemandMax":null,"Value":1536},{"Length":30,"Height":32,"Demand":9,"DemandMax":null,"Value":960},{"Length":50,"Height":73,"Demand":1,"DemandMax":null,"Value":3650},{"Length":72,"Height":57,"Demand":1,"DemandMax":null,"Value":4104},{"Length":63,"Height":36,"Demand":1,"DemandMax":null,"Value":2268},{"Length":30,"Height":36,"Demand":4,"DemandMax":null,"Value":1080},{"Length":25,"Height":49,"Demand":7,"DemandMax":null,"Value":1225},{"Length":60,"Height":32,"Demand":1,"DemandMax":null,"Value":1920},{"Length":47,"Height":60,"Demand":2,"DemandMax":null,"Value":2820},{"Length":36,"Height":54,"Demand":2,"DemandMax":null,"Value":1944},{"Length":40,"Height":36,"Demand":4,"DemandMax":null,"Value":1440},{"Length":26,"Height":54,"Demand":2,"DemandMax":null,"Value":1404},{"Length":27,"Height":28,"Demand":6,"DemandMax":null,"Value":756},{"Length":50,"Height":45,"Demand":4,"DemandMax":null,"Value":2250},{"Length":39,"Height":67,"Demand":2,"DemandMax":null,"Value":2613},{"Length":46,"Height":59,"Demand":1,"DemandMax":null,"Value":2714},{"Length":44,"Height":48,"Demand":4,"DemandMax":null,"Value":2112},{"Length":53,"Height":59,"Demand":1,"DemandMax":null,"Value":3127},{"Length":39,"Height":59,"Demand":2,"DemandMax":null,"Value":2301},{"Length":48,"Height":26,"Demand":4,"DemandMax":null,"Value":1248},{"Length":45,"Height":62,"Demand":2,"DemandMax":null,"Value":2790},{"Length":67,"Height":56,"Demand":1,"DemandMax":null,"Value":3752}]}