{"Name":"C2_50_S_15","Objects":[{"Length":100,"Height":100,"Stock":null,"Cost":10000}],"Items":[{"Length":15,"Height":10,"Demand":2,"DemandMax":null,"Value":150},{"Length":43,"Height":18,"Demand":3,"DemandMax":null,"Value":774},{"Length":28,"Height":24,"Demand":3,"DemandMax":null,"Value":672},{"Length":19,"Height":35,"Demand":2,"DemandMax":null,"Value":665},{"Length":44,"Height":49,"Demand":1,"DemandMax":null,"Value":2156},{"Length":35,"Height":10,"Demand":4,"DemandMax":null,"Value":350},{"Length":22,"Height":23,"Demand":4,"DemandMax":null,"Value":506},{"Length":42,"Height":18,"Demand":1,"DemandMax":null,"Value":756},{"Length":45,"Height":20,"Demand":4,"DemandMax":null,"Value":900},{"Length":25,"Height":30,"Demand":3,"DemandMax":null,"Value":750},{"Length":13,"Height":36,"Demand":3,"DemandMax":null,"Value":468},{"Length":34,"Height":48,"Demand":1,"DemandMax":null,"Value":1632},{"Length":39,"Height":43,"Demand":2,"DemandMax":null,"Value":1677},{"Length":30,"Height":25,"Demand":3,"DemandMax":null,"Value":750},{"Length":32,"Height":15,"Demand":1,"DemandMax":null,"Value":480},{"Length":37,"Height":29,"Demand":2,"DemandMax":null,"Value":1073},{"Length":19,"Height":38,"Demand":3,"DemandMax":null,"Value":722},{"Length":15,"Height":45,"Demand":1,"DemandMax":null,"Value":675},{"Length":47,"Height":20,"Demand":2,"DemandMax":null,"Value":940},{"Length":12,"Height":12,"Demand":4,"DemandMax":null,"Value":144},{"Length":45,"Height":37,"Demand":1,"DemandMax":null,"Value":1665},{"Length":46,"Height":49,"Demand":2,"DemandMax":null,"Value":2254},{"Length":34,"Height":21,"Demand":3,"DemandMax":null,"Value":714},{"Length":43,"Height":30,"Demand":4,"DemandMax":null,"Value":1290},{"Length":41,"Height":15,"Demand":1,"DemandMax":null,"Value":615},{"Length":27,"Height":43,"Demand":2,"DemandMax":null,"Value":1161},{"Length":12,"Height":20,"Demand":2,"DemandMax":null,"Value":240},{"Length":12,"Height":23,"Demand":2,"DemandMax":null,"Value":276},{"Length":31,"Height":47,"Demand":2,"DemandMax":null,"Value":1457},{"Length":17,"Height":48,"Demand":2,"DemandMax":null,"Value":816},{"Length":12,"Height":35,"Demand":4,"DemandMax":null,"Value":420},{"Length":17,"Height":20,"Demand":4,"DemandMax":null,"Value":340},{"Length":29,"Height":38,"Demand":1,"DemandMax":null,"Value":1102},{"Length":16,"Height":48,"Demand":2,"DemandMax":null,"Value":768},{"Length":46,"Height":38,"Demand":3,"DemandMax":null,"Value":1748},{"Length":35,"Height":28,"Demand":1,"DemandMax":null,"Value":980},{"Length":23,"Height":35,"Demand":3,"DemandMax":null,"Value":805},{"Length":41,"Height":44,"Demand":4,"DemandMax":null,"Value":1804},{"Length":41,"Height":48,"Demand":3,"DemandMax":null,"Value":1968},{"Length":23,"Height":28,"Demand":4,"DemandMax":null,"Value":644},{"Length":11,"Height":43,"Demand":2,"DemandMax":null,"Value":473},{"Length":46,"Height":30,"Demand":2,"DemandMax":null,"Value":1380},{"Length":22,"Height":36,"Demand":3,"DemandMax":null,"Value":792},{"Length":29,"Height":23,"Demand":1,"DemandMax":null,"Value":667},{"Length":43,"Height":24,"Demand":3,"DemandMax":null,"Value":1032},{"Length":42,"Height":12,"Demand":1,"DemandMax":null,"Value":504},{"Length":10,"Height":38,"Demand":1,"DemandMax":null,"Value":380},{"Length":23,"Height":24,"Demand":4,"DemandMax":null,"Value":552},{"Length":40,"Height":44,"Demand":2,"DemandMax":null,"Value":1760}]}