{"Name":"C1_20_S_9","Objects":[{"Length":100,"Height":100,"Stock":null,"Cost":10000}],"Items":[{"Length":46,"Height":17,"Demand":4,"DemandMax":null,"Value":782},{"Length":46,"Height":44,"Demand":3,"DemandMax":null,"Value":2024},{"Length":34,"Height":18,"Demand":7,"DemandMax":null,"Value":612},{"Length":19,"Height":14,"Demand":14,"DemandMax":null,"Value":266},{"Length":38,"Height":21,"Demand":1,"DemandMax":null,"Value":798},{"Length":17,"Height":35,"Demand":4,"DemandMax":null,"Value":595},{"Length":18,"Height":48,"Demand":3,"DemandMax":null,"Value":864},{"Length":32,"Height":33,"Demand":4,"DemandMax":null,"Value":1056},{"Length":19,"Height":37,"Demand":7,"DemandMax":null,"Value":703},{"Length":13,"Height":47,"Demand":10,"DemandMax":null,"Value":611},{"Length":21,"Height":35,"Demand":2,"DemandMax":null,"Value":735},{"Length":25,"Height":27,"Demand":11,"DemandMax":null,"Value":675},{"Length":39,"Height":12,"Demand":12,"DemandMax":null,"Value":468},{"Length":13,"Height":44,"Demand":3,"DemandMax":null,"Value":572},{"Length":33,"Height":27,"Demand":5,"DemandMax":null,"Value":891},{"Length":10,"Height":34,"Demand":8,"DemandMax":null,"Value":340},{"Length":11,"Height":13,"Demand":30,"DemandMax":null,"Value":143},{"Length":18,"Height":37,"Demand":4,"DemandMax":null,"Value":666},{"Length":48,"Height":24,"Demand":4,"DemandMax":null,"Value":1152},{"Length":18,"Height":39,"Demand":2,"DemandMax":null,"Value":702}]}