{"Name":"C3_50_L_6","Objects":[{"Length":100,"Height":100,"Stock":null,"Cost":10000}],"Items":[{"Length":46,"Height":47,"Demand":1,"DemandMax":null,"Value":2162},{"Length":30,"Height":53,"Demand":1,"DemandMax":null,"Value":1590},{"Length":51,"Height":38,"Demand":1,"DemandMax":null,"Value":1938},{"Length":71,"Height":27,"Demand":1,"DemandMax":null,"Value":1917},{"Length":38,"Height":29,"Demand":1,"DemandMax":null,"Value":1102},{"Length":46,"Height":31,"Demand":1,"DemandMax":null,"Value":1426},{"Length":56,"Height":51,"Demand":1,"DemandMax":null,"Value":2856},{"Length":47,"Height":37,"Demand":1,"DemandMax":null,"Value":1739},{"Length":31,"Height":26,"Demand":1,"DemandMax":null,"Value":806},{"Length":31,"Height":60,"Demand":1,"DemandMax":null,"Value":1860},{"Length":63,"Height":38,"Demand":1,"DemandMax":null,"Value":2394},{"Length":48,"Height":52,"Demand":1,"DemandMax":null,"Value":2496},{"Length":59,"Height":66,"Demand":1,"DemandMax":null,"Value":3894},{"Length":36,"Height":35,"Demand":1,"DemandMax":null,"Value":1260},{"Length":26,"Height":52,"Demand":1,"DemandMax":null,"Value":1352},{"Length":71,"Height":59,"Demand":1,"DemandMax":null,"Value":4189},{"Length":30,"Height":26,"Demand":1,"DemandMax":null,"Value":780},{"Length":74,"Height":63,"Demand":1,"DemandMax":null,"Value":4662},{"Length":29,"Height":42,"Demand":1,"DemandMax":null,"Value":1218},{"Length":49,"Height":45,"Demand":1,"DemandMax":null,"Value":2205},{"Length":39,"Height":67,"Demand":1,"DemandMax":null,"Value":2613},{"Length":62,"Height":49,"Demand":1,"DemandMax":null,"Value":3038},{"Length":37,"Height":50,"Demand":1,"DemandMax":null,"Value":1850},{"Length":70,"Height":41,"Demand":1,"DemandMax":null,"Value":2870},{"Length":25,"Height":59,"Demand":1,"DemandMax":null,"Value":1475},{"Length":37,"Height":67,"Demand":1,"DemandMax":null,"Value":2479},{"Length":33,"Height":53,"Demand":1,"DemandMax":null,"Value":1749},{"Length":62,"Height":40,"Demand":1,"DemandMax":null,"Value":2480},{"Length":68,"Height":25,"Demand":1,"DemandMax":null,"Value":1700},{"Length":39,"Height":57,"Demand":1,"DemandMax":null,"Value":2223},{"Length":51,"Height":65,"Demand":1,"DemandMax":null,"Value":3315},{"Length":44,"Height":47,"Demand":1,"DemandMax":null,"Value":2068},{"Length":31,"Height":25,"Demand":1,"DemandMax":null,"Value":775},{"Length":50,"Height":46,"Demand":1,"DemandMax":null,"Value":2300},{"Length":44,"Height":41,"Demand":1,"DemandMax":null,"Value":1804},{"Length":35,"Height":50,"Demand":1,"DemandMax":null,"Value":1750},{"Length":31,"Height":49,"Demand":1,"DemandMax":null,"Value":1519},{"Length":58,"Height":51,"Demand":1,"DemandMax":null,"Value":2958},{"Length":47,"Height":32,"Demand":1,"DemandMax":null,"Value":1504},{"Length":43,"Height":30,"Demand":1,"DemandMax":null,"Value":1290},{"Length":64,"Height":63,"Demand":1,"DemandMax":null,"Value":4032},{"Length":31,"Height":61,"Demand":1,"DemandMax":null,"Value":1891},{"Length":25,"Height":46,"Demand":1,"DemandMax":null,"Value":1150},{"Length":54,"Height":39,"Demand":1,"DemandMax":null,"Value":2106},{"Length":62,"Height":57,"Demand":1,"DemandMax":null,"Value":3534},{"Length":61,"Height":43,"Demand":1,"DemandMax":null,"Value":2623},{"Length":73,"Height":57,"Demand":1,"DemandMax":null,"Value":4161},{"Length":48,"Height":58,"Demand":1,"DemandMax":null,"Value":2784},{"Length":45,"Height":47,"Demand":1,"DemandMax":null,"Value":2115},{"Length":70,"Height":33,"Demand":1,"DemandMax":null,"Value":2310}]}