{"Name":"C1_10_L_1","Objects":[{"Length":100,"Height":100,"Stock":null,"Cost":10000}],"Items":[{"Length":46,"Height":62,"Demand":1,"DemandMax":null,"Value":2852},{"Length":72,"Height":34,"Demand":1,"DemandMax":null,"Value":2448},{"Length":26,"Height":72,"Demand":1,"DemandMax":null,"Value":1872},{"Length":72,"Height":70,"Demand":1,"DemandMax":null,"Value":5040},{"Length":64,"Height":62,"Demand":1,"DemandMax":null,"Value":3968},{"Length":30,"Height":47,"Demand":3,"DemandMax":null,"Value":1410},{"Length":49,"Height":65,"Demand":1,"DemandMax":null,"Value":3185},{"Length":42,"Height":32,"Demand":2,"DemandMax":null,"Value":1344},{"Length":74,"Height":45,"Demand":1,"DemandMax":null,"Value":3330},{"Length":34,"Height":54,"Demand":2,"DemandMax":null,"Value":1836}]}