{"Name":"C3_50_L_2","Objects":[{"Length":100,"Height":100,"Stock":null,"Cost":10000}],"Items":[{"Length":68,"Height":55,"Demand":1,"DemandMax":null,"Value":3740},{"Length":73,"Height":54,"Demand":1,"DemandMax":null,"Value":3942},{"Length":53,"Height":61,"Demand":1,"DemandMax":null,"Value":3233},{"Length":50,"Height":45,"Demand":1,"DemandMax":null,"Value":2250},{"Length":39,"Height":30,"Demand":1,"DemandMax":null,"Value":1170},{"Length":52,"Height":68,"Demand":1,"DemandMax":null,"Value":3536},{"Length":71,"Height":25,"Demand":1,"DemandMax":null,"Value":1775},{"Length":38,"Height":34,"Demand":1,"DemandMax":null,"Value":1292},{"Length":44,"Height":62,"Demand":1,"DemandMax":null,"Value":2728},{"Length":39,"Height":32,"Demand":1,"DemandMax":null,"Value":1248},{"Length":28,"Height":34,"Demand":1,"DemandMax":null,"Value":952},{"Length":30,"Height":58,"Demand":1,"DemandMax":null,"Value":1740},{"Length":46,"Height":35,"Demand":1,"DemandMax":null,"Value":1610},{"Length":60,"Height":73,"Demand":1,"DemandMax":null,"Value":4380},{"Length":35,"Height":43,"Demand":1,"DemandMax":null,"Value":1505},{"Length":31,"Height":58,"Demand":1,"DemandMax":null,"Value":1798},{"Length":30,"Height":38,"Demand":1,"DemandMax":null,"Value":1140},{"Length":73,"Height":52,"Demand":1,"DemandMax":null,"Value":3796},{"Length":42,"Height":57,"Demand":1,"DemandMax":null,"Value":2394},{"Length":39,"Height":73,"Demand":1,"DemandMax":null,"Value":2847},{"Length":38,"Height":37,"Demand":1,"DemandMax":null,"Value":1406},{"Length":35,"Height":44,"Demand":1,"DemandMax":null,"Value":1540},{"Length":62,"Height":65,"Demand":1,"DemandMax":null,"Value":4030},{"Length":37,"Height":72,"Demand":1,"DemandMax":null,"Value":2664},{"Length":47,"Height":58,"Demand":1,"DemandMax":null,"Value":2726},{"Length":38,"Height":55,"Demand":1,"DemandMax":null,"Value":2090},{"Length":72,"Height":35,"Demand":1,"DemandMax":null,"Value":2520},{"Length":45,"Height":70,"Demand":1,"DemandMax":null,"Value":3150},{"Length":32,"Height":61,"Demand":1,"DemandMax":null,"Value":1952},{"Length":52,"Height":57,"Demand":1,"DemandMax":null,"Value":2964},{"Length":65,"Height":54,"Demand":1,"DemandMax":null,"Value":3510},{"Length":33,"Height":65,"Demand":2,"DemandMax":null,"Value":2145},{"Length":72,"Height":72,"Demand":1,"DemandMax":null,"Value":5184},{"Length":43,"Height":57,"Demand":1,"DemandMax":null,"Value":2451},{"Length":41,"Height":26,"Demand":1,"DemandMax":null,"Value":1066},{"Length":63,"Height":61,"Demand":1,"DemandMax":null,"Value":3843},{"Length":52,"Height":74,"Demand":1,"DemandMax":null,"Value":3848},{"Length":49,"Height":44,"Demand":1,"DemandMax":null,"Value":2156},{"Length":35,"Height":71,"Demand":1,"DemandMax":null,"Value":2485},{"Length":45,"Height":41,"Demand":1,"DemandMax":null,"Value":1845},{"Length":26,"Height":62,"Demand":1,"DemandMax":null,"Value":1612},{"Length":37,"Height":30,"Demand":1,"DemandMax":null,"Value":1110},{"Length":41,"Height":61,"Demand":1,"DemandMax":null,"Value":2501},{"Length":43,"Height":33,"Demand":1,"DemandMax":null,"Value":1419},{"Length":58,"Height":65,"Demand":1,"DemandMax":null,"Value":3770},{"Length":54,"Height":70,"Demand":1,"DemandMax":null,"Value":3780},{"Length":73,"Height":66,"Demand":1,"DemandMax":null,"Value":4818},{"Length":27,"Height":40,"Demand":1,"DemandMax":null,"Value":1080},{"Length":35,"Height":42,"Demand":1,"DemandMax":null,"Value":1470}]}