{"Name":"C2_10_S_7","Objects":[{"Length":100,"Height":100,"Stock":null,"Cost":10000}],"Items":[{"Length":42,"Height":48,"Demand":2,"DemandMax":null,"Value":2016},{"Length":25,"Height":19,"Demand":1,"DemandMax":null,"Value":475},{"Length":25,"Height":29,"Demand":3,"DemandMax":null,"Value":725},{"Length":42,"Height":28,"Demand":1,"DemandMax":null,"Value":1176},{"Length":10,"Height":36,"Demand":4,"DemandMax":null,"Value":360},{"Length":36,"Height":16,"Demand":3,"DemandMax":null,"Value":576},{"Length":20,"Height":31,"Demand":4,"DemandMax":null,"Value":620},{"Length":33,"Height":18,"Demand":3,"DemandMax":null,"Value":594},{"Length":46,"Height":49,"Demand":3,"DemandMax":null,"Value":2254},{"Length":36,"Height":45,"Demand":1,"DemandMax":null,"Value":1620}]}