{"Name":"C3_10_L_4","Objects":[{"Length":100,"Height":100,"Stock":null,"Cost":10000}],"Items":[{"Length":35,"Height":31,"Demand":1,"DemandMax":null,"Value":1085},{"Length":40,"Height":43,"Demand":1,"DemandMax":null,"Value":1720},{"Length":51,"Height":62,"Demand":1,"DemandMax":null,"Value":3162},{"Length":59,"Height":46,"Demand":1,"DemandMax":null,"Value":2714},{"Length":29,"Height":63,"Demand":1,"DemandMax":null,"Value":1827},{"Length":48,"Height":58,"Demand":1,"DemandMax":null,"Value":2784},{"Length":48,"Height":27,"Demand":1,"DemandMax":null,"Value":1296},{"Length":56,"Height":74,"Demand":1,"DemandMax":null,"Value":4144},{"Length":66,"Height":50,"Demand":1,"DemandMax":null,"Value":3300},{"Length":28,"Height":73,"Demand":1,"DemandMax":null,"Value":2044}]}