{"Name":"C1_40_S_1","Objects":[{"Length":100,"Height":100,"Stock":null,"Cost":10000}],"Items":[{"Length":42,"Height":44,"Demand":2,"DemandMax":null,"Value":1848},{"Length":19,"Height":29,"Demand":5,"DemandMax":null,"Value":551},{"Length":31,"Height":32,"Demand":5,"DemandMax":null,"Value":992},{"Length":24,"Height":10,"Demand":38,"DemandMax":null,"Value":240},{"Length":17,"Height":21,"Demand":1,"DemandMax":null,"Value":357},{"Length":35,"Height":28,"Demand":5,"DemandMax":null,"Value":980},{"Length":49,"Height":24,"Demand":7,"DemandMax":null,"Value":1176},{"Length":33,"Height":14,"Demand":5,"DemandMax":null,"Value":462},{"Length":15,"Height":48,"Demand":4,"DemandMax":null,"Value":720},{"Length":21,"Height":13,"Demand":28,"DemandMax":null,"Value":273},{"Length":22,"Height":11,"Demand":14,"DemandMax":null,"Value":242},{"Length":21,"Height":39,"Demand":3,"DemandMax":null,"Value":819},{"Length":41,"Height":22,"Demand":1,"DemandMax":null,"Value":902},{"Length":36,"Height":18,"Demand":1,"DemandMax":null,"Value":648},{"Length":33,"Height":30,"Demand":5,"DemandMax":null,"Value":990},{"Length":20,"Height":23,"Demand":11,"DemandMax":null,"Value":460},{"Length":39,"Height":31,"Demand":4,"DemandMax":null,"Value":1209},{"Length":39,"Height":14,"Demand":4,"DemandMax":null,"Value":546},{"Length":22,"Height":42,"Demand":6,"DemandMax":null,"Value":924},{"Length":43,"Height":24,"Demand":1,"DemandMax":null,"Value":1032},{"Length":20,"Height":46,"Demand":10,"DemandMax":null,"Value":920},{"Length":14,"Height":27,"Demand":13,"DemandMax":null,"Value":378},{"Length":20,"Height":47,"Demand":7,"DemandMax":null,"Value":940},{"Length":26,"Height":47,"Demand":1,"DemandMax":null,"Value":1222},{"Length":17,"Height":27,"Demand":7,"DemandMax":null,"Value":459},{"Length":39,"Height":26,"Demand":4,"DemandMax":null,"Value":1014},{"Length":16,"Height":15,"Demand":24,"DemandMax":null,"Value":240},{"Length":26,"Height":37,"Demand":6,"DemandMax":null,"Value":962},{"Length":47,"Height":18,"Demand":10,"DemandMax":null,"Value":846},{"Length":36,"Height":17,"Demand":1,"DemandMax":null,"Value":612},{"Length":10,"Height":11,"Demand":20,"DemandMax":null,"Value":110},{"Length":16,"Height":39,"Demand":10,"DemandMax":null,"Value":624},{"Length":15,"Height":17,"Demand":14,"DemandMax":null,"Value":255},{"Length":37,"Height":37,"Demand":3,"DemandMax":null,"Value":1369},{"Length":21,"Height":48,"Demand":6,"DemandMax":null,"Value":1008},{"Length":11,"Height":36,"Demand":2,"DemandMax":null,"Value":396},{"Length":42,"Height":20,"Demand":6,"DemandMax":null,"Value":840},{"Length":47,"Height":37,"Demand":2,"DemandMax":null,"Value":1739},{"Length":49,"Height":28,"Demand":1,"DemandMax":null,"Value":1372},{"Length":26,"Height":45,"Demand":4,"DemandMax":null,"Value":1170}]}