{"Name":"C3_10_L_13","Objects":[{"Length":100,"Height":100,"Stock":null,"Cost":10000}],"Items":[{"Length":74,"Height":25,"Demand":1,"DemandMax":null,"Value":1850},{"Length":56,"Height":31,"Demand":1,"DemandMax":null,"Value":1736},{"Length":55,"Height":69,"Demand":1,"DemandMax":null,"Value":3795},{"Length":68,"Height":56,"Demand":1,"DemandMax":null,"Value":3808},{"Length":52,"Height":72,"Demand":1,"DemandMax":null,"Value":3744},{"Length":70,"Height":25,"Demand":1,"DemandMax":null,"Value":1750},{"Length":44,"Height":47,"Demand":1,"DemandMax":null,"Value":2068},{"Length":50,"Height":32,"Demand":1,"DemandMax":null,"Value":1600},{"Length":34,"Height":53,"Demand":1,"DemandMax":null,"Value":1802},{"Length":36,"Height":26,"Demand":1,"DemandMax":null,"Value":936}]}