{"Name":"C2_10_L_10","Objects":[{"Length":100,"Height":100,"Stock":null,"Cost":10000}],"Items":[{"Length":46,"Height":62,"Demand":2,"DemandMax":null,"Value":2852},{"Length":28,"Height":25,"Demand":2,"DemandMax":null,"Value":700},{"Length":65,"Height":28,"Demand":1,"DemandMax":null,"Value":1820},{"Length":42,"Height":51,"Demand":4,"DemandMax":null,"Value":2142},{"Length":72,"Height":53,"Demand":4,"DemandMax":null,"Value":3816},{"Length":68,"Height":44,"Demand":4,"DemandMax":null,"Value":2992},{"Length":51,"Height":25,"Demand":4,"DemandMax":null,"Value":1275},{"Length":65,"Height":53,"Demand":2,"DemandMax":null,"Value":3445},{"Length":52,"Height":70,"Demand":2,"DemandMax":null,"Value":3640},{"Length":61,"Height":44,"Demand":3,"DemandMax":null,"Value":2684}]}