{"Name":"C3_10_S_3","Objects":[{"Length":100,"Height":100,"Stock":null,"Cost":10000}],"Items":[{"Length":13,"Height":26,"Demand":1,"DemandMax":null,"Value":338},{"Length":33,"Height":45,"Demand":1,"DemandMax":null,"Value":1485},{"Length":42,"Height":44,"Demand":1,"DemandMax":null,"Value":1848},{"Length":22,"Height":36,"Demand":1,"DemandMax":null,"Value":792},{"Length":24,"Height":24,"Demand":1,"DemandMax":null,"Value":576},{"Length":45,"Height":29,"Demand":1,"DemandMax":null,"Value":1305},{"Length":11,"Height":44,"Demand":1,"DemandMax":null,"Value":484},{"Length":36,"Height":42,"Demand":1,"DemandMax":null,"Value":1512},{"Length":33,"Height":41,"Demand":1,"DemandMax":null,"Value":1353},{"Length":32,"Height":19,"Demand":1,"DemandMax":null,"Value":608}]}