{"Name":"C3_50_S_12","Objects":[{"Length":100,"Height":100,"Stock":null,"Cost":10000}],"Items":[{"Length":32,"Height":48,"Demand":1,"DemandMax":null,"Value":1536},{"Length":44,"Height":25,"Demand":1,"DemandMax":null,"Value":1100},{"Length":16,"Height":40,"Demand":1,"DemandMax":null,"Value":640},{"Length":40,"Height":12,"Demand":1,"DemandMax":null,"Value":480},{"Length":14,"Height":22,"Demand":1,"DemandMax":null,"Value":308},{"Length":46,"Height":40,"Demand":2,"DemandMax":null,"Value":1840},{"Length":48,"Height":27,"Demand":1,"DemandMax":null,"Value":1296},{"Length":18,"Height":38,"Demand":1,"DemandMax":null,"Value":684},{"Length":39,"Height":36,"Demand":1,"DemandMax":null,"Value":1404},{"Length":19,"Height":40,"Demand":1,"DemandMax":null,"Value":760},{"Length":12,"Height":34,"Demand":1,"DemandMax":null,"Value":408},{"Length":17,"Height":18,"Demand":1,"DemandMax":null,"Value":306},{"Length":11,"Height":48,"Demand":1,"DemandMax":null,"Value":528},{"Length":15,"Height":47,"Demand":1,"DemandMax":null,"Value":705},{"Length":17,"Height":13,"Demand":1,"DemandMax":null,"Value":221},{"Length":11,"Height":47,"Demand":1,"DemandMax":null,"Value":517},{"Length":26,"Height":10,"Demand":1,"DemandMax":null,"Value":260},{"Length":22,"Height":34,"Demand":1,"DemandMax":null,"Value":748},{"Length":25,"Height":45,"Demand":1,"DemandMax":null,"Value":1125},{"Length":23,"Height":47,"Demand":1,"DemandMax":null,"Value":1081},{"Length":20,"Height":21,"Demand":1,"DemandMax":null,"Value":420},{"Length":37,"Height":12,"Demand":1,"DemandMax":null,"Value":444},{"Length":22,"Height":46,"Demand":1,"DemandMax":null,"Value":1012},{"Length":47,"Height":40,"Demand":1,"DemandMax":null,"Value":1880},{"Length":47,"Height":26,"Demand":1,"DemandMax":null,"Value":1222},{"Length":21,"Height":30,"Demand":1,"DemandMax":null,"Value":630},{"Length":18,"Height":40,"Demand":1,"DemandMax":null,"Value":720},{"Length":26,"Height":45,"Demand":1,"DemandMax":null,"Value":1170},{"Length":16,"Height":11,"Demand":1,"DemandMax":null,"Value":176},{"Length":26,"Height":20,"Demand":1,"DemandMax":null,"Value":520},{"Length":32,"Height":12,"Demand":1,"DemandMax":null,"Value":384},{"Length":16,"Height":33,"Demand":1,"DemandMax":null,"Value":528},{"Length":41,"Height":28,"Demand":1,"DemandMax":null,"Value":1148},{"Length":15,"Height":38,"Demand":1,"DemandMax":null,"Value":570},{"Length":25,"Height":10,"Demand":1,"DemandMax":null,"Value":250},{"Length":21,"Height":21,"Demand":1,"DemandMax":null,"Value":441},{"Length":45,"Height":45,"Demand":1,"DemandMax":null,"Value":2025},{"Length":47,"Height":18,"Demand":1,"DemandMax":null,"Value":846},{"Length":23,"Height":19,"Demand":1,"DemandMax":null,"Value":437},{"Length":45,"Height":12,"Demand":1,"DemandMax":null,"Value":540},{"Length":45,"Height":23,"Demand":1,"DemandMax":null,"Value":1035},{"Length":39,"Height":46,"Demand":1,"DemandMax":null,"Value":1794},{"Length":39,"Height":21,"Demand":1,"DemandMax":null,"Value":819},{"Length":11,"Height":43,"Demand":1,"DemandMax":null,"Value":473},{"Length":25,"Height":16,"Demand":1,"DemandMax":null,"Value":400},{"Length":47,"Height":34,"Demand":1,"DemandMax":null,"Value":1598},{"Length":26,"Height":39,"Demand":1,"DemandMax":null,"Value":1014},{"Length":38,"Height":33,"Demand":1,"DemandMax":null,"Value":1254},{"Length":29,"Height":24,"Demand":1,"DemandMax":null,"Value":696}]}