{"Name":"C2_50_S_2","Objects":[{"Length":100,"Height":100,"Stock":null,"Cost":10000}],"Items":[{"Length":26,"Height":29,"Demand":2,"DemandMax":null,"Value":754},{"Length":42,"Height":10,"Demand":2,"DemandMax":null,"Value":420},{"Length":16,"Height":24,"Demand":1,"DemandMax":null,"Value":384},{"Length":41,"Height":41,"Demand":1,"DemandMax":null,"Value":1681},{"Length":48,"Height":15,"Demand":4,"DemandMax":null,"Value":720},{"Length":17,"Height":19,"Demand":1,"DemandMax":null,"Value":323},{"Length":49,"Height":41,"Demand":3,"DemandMax":null,"Value":2009},{"Length":36,"Height":24,"Demand":3,"DemandMax":null,"Value":864},{"Length":12,"Height":34,"Demand":2,"DemandMax":null,"Value":408},{"Length":28,"Height":27,"Demand":4,"DemandMax":null,"Value":756},{"Length":28,"Height":47,"Demand":3,"DemandMax":null,"Value":1316},{"Length":39,"Height":16,"Demand":4,"DemandMax":null,"Value":624},{"Length":29,"Height":34,"Demand":1,"DemandMax":null,"Value":986},{"Length":11,"Height":13,"Demand":1,"DemandMax":null,"Value":143},{"Length":14,"Height":49,"Demand":3,"DemandMax":null,"Value":686},{"Length":31,"Height":19,"Demand":2,"DemandMax":null,"Value":589},{"Length":35,"Height":21,"Demand":4,"DemandMax":null,"Value":735},{"Length":42,"Height":16,"Demand":1,"DemandMax":null,"Value":672},{"Length":14,"Height":21,"Demand":3,"DemandMax":null,"Value":294},{"Length":10,"Height":40,"Demand":4,"DemandMax":null,"Value":400},{"Length":39,"Height":48,"Demand":1,"DemandMax":null,"Value":1872},{"Length":32,"Height":29,"Demand":1,"DemandMax":null,"Value":928},{"Length":12,"Height":31,"Demand":2,"DemandMax":null,"Value":372},{"Length":36,"Height":33,"Demand":1,"DemandMax":null,"Value":1188},{"Length":29,"Height":32,"Demand":1,"DemandMax":null,"Value":928},{"Length":19,"Height":46,"Demand":3,"DemandMax":null,"Value":874},{"Length":18,"Height":11,"Demand":2,"DemandMax":null,"Value":198},{"Length":29,"Height":28,"Demand":2,"DemandMax":null,"Value":812},{"Length":16,"Height":22,"Demand":1,"DemandMax":null,"Value":352},{"Length":48,"Height":24,"Demand":2,"DemandMax":null,"Value":1152},{"Length":20,"Height":20,"Demand":4,"DemandMax":null,"Value":400},{"Length":17,"Height":18,"Demand":4,"DemandMax":null,"Value":306},{"Length":41,"Height":43,"Demand":3,"DemandMax":null,"Value":1763},{"Length":22,"Height":34,"Demand":1,"DemandMax":null,"Value":748},{"Length":34,"Height":17,"Demand":1,"DemandMax":null,"Value":578},{"Length":15,"Height":49,"Demand":3,"DemandMax":null,"Value":735},{"Length":40,"Height":15,"Demand":4,"DemandMax":null,"Value":600},{"Length":26,"Height":38,"Demand":4,"DemandMax":null,"Value":988},{"Length":35,"Height":16,"Demand":1,"DemandMax":null,"Value":560},{"Length":37,"Height":22,"Demand":1,"DemandMax":null,"Value":814},{"Length":27,"Height":17,"Demand":2,"DemandMax":null,"Value":459},{"Length":32,"Height":28,"Demand":3,"DemandMax":null,"Value":896},{"Length":17,"Height":37,"Demand":2,"DemandMax":null,"Value":629},{"Length":25,"Height":30,"Demand":4,"DemandMax":null,"Value":750},{"Length":22,"Height":23,"Demand":4,"DemandMax":null,"Value":506},{"Length":18,"Height":41,"Demand":1,"DemandMax":null,"Value":738},{"Length":39,"Height":10,"Demand":1,"DemandMax":null,"Value":390},{"Length":16,"Height":16,"Demand":2,"DemandMax":null,"Value":256},{"Length":31,"Height":29,"Demand":3,"DemandMax":null,"Value":899},{"Length":25,"Height":41,"Demand":2,"DemandMax":null,"Value":1025}]}