{"Name":"C3_30_S_13","Objects":[{"Length":100,"Height":100,"Stock":null,"Cost":10000}],"Items":[{"Length":14,"Height":47,"Demand":1,"DemandMax":null,"Value":658},{"Length":40,"Height":45,"Demand":1,"DemandMax":null,"Value":1800},{"Length":26,"Height":17,"Demand":1,"DemandMax":null,"Value":442},{"Length":10,"Height":23,"Demand":1,"DemandMax":null,"Value":230},{"Length":40,"Height":46,"Demand":1,"DemandMax":null,"Value":1840},{"Length":47,"Height":16,"Demand":1,"DemandMax":null,"Value":752},{"Length":18,"Height":12,"Demand":1,"DemandMax":null,"Value":216},{"Length":15,"Height":22,"Demand":2,"DemandMax":null,"Value":330},{"Length":15,"Height":17,"Demand":1,"DemandMax":null,"Value":255},{"Length":12,"Height":30,"Demand":1,"DemandMax":null,"Value":360},{"Length":46,"Height":38,"Demand":1,"DemandMax":null,"Value":1748},{"Length":31,"Height":48,"Demand":1,"DemandMax":null,"Value":1488},{"Length":40,"Height":30,"Demand":1,"DemandMax":null,"Value":1200},{"Length":18,"Height":20,"Demand":1,"DemandMax":null,"Value":360},{"Length":22,"Height":46,"Demand":1,"DemandMax":null,"Value":1012},{"Length":27,"Height":34,"Demand":1,"DemandMax":null,"Value":918},{"Length":49,"Height":18,"Demand":1,"DemandMax":null,"Value":882},{"Length":45,"Height":28,"Demand":1,"DemandMax":null,"Value":1260},{"Length":35,"Height":35,"Demand":1,"DemandMax":null,"Value":1225},{"Length":13,"Height":22,"Demand":1,"DemandMax":null,"Value":286},{"Length":25,"Height":37,"Demand":1,"DemandMax":null,"Value":925},{"Length":37,"Height":15,"Demand":1,"DemandMax":null,"Value":555},{"Length":42,"Height":14,"Demand":2,"DemandMax":null,"Value":588},{"Length":12,"Height":39,"Demand":1,"DemandMax":null,"Value":468},{"Length":20,"Height":34,"Demand":1,"DemandMax":null,"Value":680},{"Length":17,"Height":22,"Demand":1,"DemandMax":null,"Value":374},{"Length":46,"Height":10,"Demand":1,"DemandMax":null,"Value":460},{"Length":49,"Height":14,"Demand":1,"DemandMax":null,"Value":686}]}