{"Name":"C2_50_S_14","Objects":[{"Length":100,"Height":100,"Stock":null,"Cost":10000}],"Items":[{"Length":46,"Height":35,"Demand":4,"DemandMax":null,"Value":1610},{"Length":21,"Height":39,"Demand":2,"DemandMax":null,"Value":819},{"Length":25,"Height":11,"Demand":1,"DemandMax":null,"Value":275},{"Length":38,"Height":10,"Demand":4,"DemandMax":null,"Value":380},{"Length":14,"Height":42,"Demand":1,"DemandMax":null,"Value":588},{"Length":11,"Height":22,"Demand":2,"DemandMax":null,"Value":242},{"Length":11,"Height":21,"Demand":2,"DemandMax":null,"Value":231},{"Length":29,"Height":35,"Demand":2,"DemandMax":null,"Value":1015},{"Length":34,"Height":11,"Demand":4,"DemandMax":null,"Value":374},{"Length":15,"Height":29,"Demand":4,"DemandMax":null,"Value":435},{"Length":48,"Height":35,"Demand":3,"DemandMax":null,"Value":1680},{"Length":22,"Height":30,"Demand":3,"DemandMax":null,"Value":660},{"Length":10,"Height":21,"Demand":2,"DemandMax":null,"Value":210},{"Length":43,"Height":30,"Demand":2,"DemandMax":null,"Value":1290},{"Length":35,"Height":21,"Demand":2,"DemandMax":null,"Value":735},{"Length":30,"Height":26,"Demand":2,"DemandMax":null,"Value":780},{"Length":20,"Height":35,"Demand":4,"DemandMax":null,"Value":700},{"Length":39,"Height":34,"Demand":2,"DemandMax":null,"Value":1326},{"Length":22,"Height":24,"Demand":3,"DemandMax":null,"Value":528},{"Length":14,"Height":32,"Demand":4,"DemandMax":null,"Value":448},{"Length":13,"Height":35,"Demand":3,"DemandMax":null,"Value":455},{"Length":28,"Height":26,"Demand":4,"DemandMax":null,"Value":728},{"Length":29,"Height":10,"Demand":3,"DemandMax":null,"Value":290},{"Length":22,"Height":44,"Demand":3,"DemandMax":null,"Value":968},{"Length":42,"Height":21,"Demand":3,"DemandMax":null,"Value":882},{"Length":43,"Height":42,"Demand":3,"DemandMax":null,"Value":1806},{"Length":29,"Height":45,"Demand":3,"DemandMax":null,"Value":1305},{"Length":31,"Height":22,"Demand":4,"DemandMax":null,"Value":682},{"Length":38,"Height":18,"Demand":2,"DemandMax":null,"Value":684},{"Length":28,"Height":49,"Demand":3,"DemandMax":null,"Value":1372},{"Length":24,"Height":48,"Demand":2,"DemandMax":null,"Value":1152},{"Length":29,"Height":21,"Demand":1,"DemandMax":null,"Value":609},{"Length":17,"Height":42,"Demand":4,"DemandMax":null,"Value":714},{"Length":43,"Height":43,"Demand":3,"DemandMax":null,"Value":1849},{"Length":47,"Height":20,"Demand":4,"DemandMax":null,"Value":940},{"Length":12,"Height":26,"Demand":4,"DemandMax":null,"Value":312},{"Length":38,"Height":31,"Demand":4,"DemandMax":null,"Value":1178},{"Length":23,"Height":27,"Demand":2,"DemandMax":null,"Value":621},{"Length":37,"Height":47,"Demand":1,"DemandMax":null,"Value":1739},{"Length":16,"Height":16,"Demand":4,"DemandMax":null,"Value":256},{"Length":24,"Height":18,"Demand":4,"DemandMax":null,"Value":432},{"Length":44,"Height":45,"Demand":1,"DemandMax":null,"Value":1980},{"Length":26,"Height":46,"Demand":2,"DemandMax":null,"Value":1196},{"Length":29,"Height":22,"Demand":3,"DemandMax":null,"Value":638},{"Length":48,"Height":24,"Demand":1,"DemandMax":null,"Value":1152},{"Length":46,"Height":40,"Demand":1,"DemandMax":null,"Value":1840},{"Length":25,"Height":42,"Demand":4,"DemandMax":null,"Value":1050},{"Length":49,"Height":26,"Demand":2,"DemandMax":null,"Value":1274},{"Length":46,"Height":44,"Demand":1,"DemandMax":null,"Value":2024},{"Length":17,"Height":30,"Demand":2,"DemandMax":null,"Value":510}]}