{"Name":"C1_10_S_14","Objects":[{"Length":100,"Height":100,"Stock":null,"Cost":10000}],"Items":[{"Length":15,"Height":18,"Demand":11,"DemandMax":null,"Value":270},{"Length":27,"Height":47,"Demand":1,"DemandMax":null,"Value":1269},{"Length":11,"Height":24,"Demand":23,"DemandMax":null,"Value":264},{"Length":14,"Height":12,"Demand":32,"DemandMax":null,"Value":168},{"Length":38,"Height":19,"Demand":1,"DemandMax":null,"Value":722},{"Length":29,"Height":36,"Demand":5,"DemandMax":null,"Value":1044},{"Length":48,"Height":36,"Demand":4,"DemandMax":null,"Value":1728},{"Length":18,"Height":48,"Demand":9,"DemandMax":null,"Value":864},{"Length":23,"Height":37,"Demand":4,"DemandMax":null,"Value":851},{"Length":45,"Height":48,"Demand":3,"DemandMax":null,"Value":2160}]}