{"Name":"C3_10_S_12","Objects":[{"Length":100,"Height":100,"Stock":null,"Cost":10000}],"Items":[{"Length":25,"Height":12,"Demand":1,"DemandMax":null,"Value":300},{"Length":43,"Height":44,"Demand":1,"DemandMax":null,"Value":1892},{"Length":44,"Height":39,"Demand":1,"DemandMax":null,"Value":1716},{"Length":35,"Height":43,"Demand":1,"DemandMax":null,"Value":1505},{"Length":29,"Height":18,"Demand":1,"DemandMax":null,"Value":522},{"Length":48,"Height":47,"Demand":1,"DemandMax":null,"Value":2256},{"Length":15,"Height":44,"Demand":1,"DemandMax":null,"Value":660},{"Length":12,"Height":27,"Demand":1,"DemandMax":null,"Value":324},{"Length":32,"Height":30,"Demand":1,"DemandMax":null,"Value":960},{"Length":18,"Height":41,"Demand":1,"DemandMax":null,"Value":738}]}