{"Name":"C1_40_L_4","Objects":[{"Length":100,"Height":100,"Stock":null,"Cost":10000}],"Items":[{"Length":61,"Height":71,"Demand":1,"DemandMax":null,"Value":4331},{"Length":36,"Height":29,"Demand":3,"DemandMax":null,"Value":1044},{"Length":56,"Height":31,"Demand":3,"DemandMax":null,"Value":1736},{"Length":51,"Height":59,"Demand":1,"DemandMax":null,"Value":3009},{"Length":44,"Height":27,"Demand":6,"DemandMax":null,"Value":1188},{"Length":38,"Height":30,"Demand":6,"DemandMax":null,"Value":1140},{"Length":41,"Height":46,"Demand":3,"DemandMax":null,"Value":1886},{"Length":61,"Height":34,"Demand":1,"DemandMax":null,"Value":2074},{"Length":47,"Height":67,"Demand":2,"DemandMax":null,"Value":3149},{"Length":51,"Height":61,"Demand":1,"DemandMax":null,"Value":3111},{"Length":69,"Height":52,"Demand":1,"DemandMax":null,"Value":3588},{"Length":46,"Height":50,"Demand":3,"DemandMax":null,"Value":2300},{"Length":43,"Height":39,"Demand":2,"DemandMax":null,"Value":1677},{"Length":51,"Height":42,"Demand":1,"DemandMax":null,"Value":2142},{"Length":40,"Height":56,"Demand":2,"DemandMax":null,"Value":2240},{"Length":51,"Height":65,"Demand":1,"DemandMax":null,"Value":3315},{"Length":29,"Height":59,"Demand":2,"DemandMax":null,"Value":1711},{"Length":49,"Height":57,"Demand":2,"DemandMax":null,"Value":2793},{"Length":62,"Height":59,"Demand":1,"DemandMax":null,"Value":3658},{"Length":69,"Height":55,"Demand":1,"DemandMax":null,"Value":3795},{"Length":45,"Height":35,"Demand":3,"DemandMax":null,"Value":1575},{"Length":54,"Height":30,"Demand":1,"DemandMax":null,"Value":1620},{"Length":74,"Height":29,"Demand":2,"DemandMax":null,"Value":2146},{"Length":31,"Height":26,"Demand":7,"DemandMax":null,"Value":806},{"Length":45,"Height":66,"Demand":2,"DemandMax":null,"Value":2970},{"Length":45,"Height":63,"Demand":1,"DemandMax":null,"Value":2835},{"Length":31,"Height":74,"Demand":2,"DemandMax":null,"Value":2294},{"Length":58,"Height":68,"Demand":1,"DemandMax":null,"Value":3944},{"Length":61,"Height":68,"Demand":1,"DemandMax":null,"Value":4148},{"Length":46,"Height":34,"Demand":3,"DemandMax":null,"Value":1564},{"Length":53,"Height":55,"Demand":1,"DemandMax":null,"Value":2915},{"Length":57,"Height":41,"Demand":2,"DemandMax":null,"Value":2337},{"Length":74,"Height":42,"Demand":2,"DemandMax":null,"Value":3108},{"Length":73,"Height":30,"Demand":1,"DemandMax":null,"Value":2190},{"Length":32,"Height":43,"Demand":3,"DemandMax":null,"Value":1376},{"Length":56,"Height":51,"Demand":1,"DemandMax":null,"Value":2856},{"Length":41,"Height":73,"Demand":2,"DemandMax":null,"Value":2993},{"Length":31,"Height":32,"Demand":2,"DemandMax":null,"Value":992},{"Length":45,"Height":30,"Demand":1,"DemandMax":null,"Value":1350},{"Length":33,"Height":51,"Demand":1,"DemandMax":null,"Value":1683}]}