{"Name":"C2_40_L_7","Objects":[{"Length":100,"Height":100,"Stock":null,"Cost":10000}],"Items":[{"Length":34,"Height":38,"Demand":1,"DemandMax":null,"Value":1292},{"Length":65,"Height":46,"Demand":1,"DemandMax":null,"Value":2990},{"Length":72,"Height":67,"Demand":4,"DemandMax":null,"Value":4824},{"Length":74,"Height":52,"Demand":4,"DemandMax":null,"Value":3848},{"Length":47,"Height":37,"Demand":1,"DemandMax":null,"Value":1739},{"Length":29,"Height":30,"Demand":4,"DemandMax":null,"Value":870},{"Length":66,"Height":45,"Demand":3,"DemandMax":null,"Value":2970},{"Length":38,"Height":69,"Demand":4,"DemandMax":null,"Value":2622},{"Length":48,"Height":52,"Demand":4,"DemandMax":null,"Value":2496},{"Length":43,"Height":42,"Demand":3,"DemandMax":null,"Value":1806},{"Length":34,"Height":41,"Demand":4,"DemandMax":null,"Value":1394},{"Length":44,"Height":67,"Demand":7,"DemandMax":null,"Value":2948},{"Length":27,"Height":58,"Demand":1,"DemandMax":null,"Value":1566},{"Length":61,"Height":45,"Demand":4,"DemandMax":null,"Value":2745},{"Length":45,"Height":74,"Demand":2,"DemandMax":null,"Value":3330},{"Length":37,"Height":67,"Demand":1,"DemandMax":null,"Value":2479},{"Length":43,"Height":70,"Demand":4,"DemandMax":null,"Value":3010},{"Length":39,"Height":42,"Demand":1,"DemandMax":null,"Value":1638},{"Length":71,"Height":50,"Demand":4,"DemandMax":null,"Value":3550},{"Length":70,"Height":56,"Demand":2,"DemandMax":null,"Value":3920},{"Length":66,"Height":37,"Demand":1,"DemandMax":null,"Value":2442},{"Length":32,"Height":59,"Demand":3,"DemandMax":null,"Value":1888},{"Length":43,"Height":62,"Demand":3,"DemandMax":null,"Value":2666},{"Length":49,"Height":58,"Demand":4,"DemandMax":null,"Value":2842},{"Length":51,"Height":33,"Demand":4,"DemandMax":null,"Value":1683},{"Length":65,"Height":34,"Demand":1,"DemandMax":null,"Value":2210},{"Length":72,"Height":55,"Demand":4,"DemandMax":null,"Value":3960},{"Length":67,"Height":68,"Demand":4,"DemandMax":null,"Value":4556},{"Length":54,"Height":40,"Demand":1,"DemandMax":null,"Value":2160},{"Length":40,"Height":47,"Demand":3,"DemandMax":null,"Value":1880},{"Length":45,"Height":33,"Demand":3,"DemandMax":null,"Value":1485},{"Length":42,"Height":57,"Demand":3,"DemandMax":null,"Value":2394},{"Length":25,"Height":51,"Demand":3,"DemandMax":null,"Value":1275},{"Length":58,"Height":53,"Demand":1,"DemandMax":null,"Value":3074},{"Length":60,"Height":61,"Demand":3,"DemandMax":null,"Value":3660},{"Length":51,"Height":42,"Demand":1,"DemandMax":null,"Value":2142},{"Length":58,"Height":68,"Demand":2,"DemandMax":null,"Value":3944},{"Length":73,"Height":33,"Demand":4,"DemandMax":null,"Value":2409},{"Length":54,"Height":59,"Demand":1,"DemandMax":null,"Value":3186}]}