{"Name":"C2_30_L_11","Objects":[{"Length":100,"Height":100,"Stock":null,"Cost":10000}],"Items":[{"Length":64,"Height":41,"Demand":4,"DemandMax":null,"Value":2624},{"Length":28,"Height":35,"Demand":4,"DemandMax":null,"Value":980},{"Length":43,"Height":43,"Demand":3,"DemandMax":null,"Value":1849},{"Length":55,"Height":31,"Demand":3,"DemandMax":null,"Value":1705},{"Length":49,"Height":30,"Demand":4,"DemandMax":null,"Value":1470},{"Length":70,"Height":26,"Demand":3,"DemandMax":null,"Value":1820},{"Length":65,"Height":54,"Demand":2,"DemandMax":null,"Value":3510},{"Length":65,"Height":33,"Demand":3,"DemandMax":null,"Value":2145},{"Length":38,"Height":57,"Demand":2,"DemandMax":null,"Value":2166},{"Length":59,"Height":29,"Demand":2,"DemandMax":null,"Value":1711},{"Length":67,"Height":60,"Demand":2,"DemandMax":null,"Value":4020},{"Length":49,"Height":74,"Demand":1,"DemandMax":null,"Value":3626},{"Length":38,"Height":31,"Demand":2,"DemandMax":null,"Value":1178},{"Length":72,"Height":65,"Demand":3,"DemandMax":null,"Value":4680},{"Length":73,"Height":49,"Demand":2,"DemandMax":null,"Value":3577},{"Length":45,"Height":71,"Demand":4,"DemandMax":null,"Value":3195},{"Length":48,"Height":38,"Demand":1,"DemandMax":null,"Value":1824},{"Length":73,"Height":74,"Demand":4,"DemandMax":null,"Value":5402},{"Length":57,"Height":64,"Demand":1,"DemandMax":null,"Value":3648},{"Length":64,"Height":53,"Demand":2,"DemandMax":null,"Value":3392},{"Length":59,"Height":37,"Demand":1,"DemandMax":null,"Value":2183},{"Length":71,"Height":27,"Demand":1,"DemandMax":null,"Value":1917},{"Length":58,"Height":26,"Demand":1,"DemandMax":null,"Value":1508},{"Length":35,"Height":34,"Demand":2,"DemandMax":null,"Value":1190},{"Length":61,"Height":44,"Demand":2,"DemandMax":null,"Value":2684},{"Length":42,"Height":48,"Demand":3,"DemandMax":null,"Value":2016},{"Length":72,"Height":51,"Demand":1,"DemandMax":null,"Value":3672},{"Length":61,"Height":54,"Demand":1,"DemandMax":null,"Value":3294},{"Length":28,"Height":46,"Demand":4,"DemandMax":null,"Value":1288},{"Length":40,"Height":73,"Demand":1,"DemandMax":null,"Value":2920}]}