{"Name":"C3_10_L_14","Objects":[{"Length":100,"Height":100,"Stock":null,"Cost":10000}],"Items":[{"Length":47,"Height":72,"Demand":1,"DemandMax":null,"Value":3384},{"Length":40,"Height":67,"Demand":1,"DemandMax":null,"Value":2680},{"Length":32,"Height":55,"Demand":1,"DemandMax":null,"Value":1760},{"Length":73,"Height":64,"Demand":1,"DemandMax":null,"Value":4672},{"Length":71,"Height":64,"Demand":1,"DemandMax":null,"Value":4544},{"Length":56,"Height":56,"Demand":1,"DemandMax":null,"Value":3136},{"Length":55,"Height":51,"Demand":1,"DemandMax":null,"Value":2805},{"Length":30,"Height":56,"Demand":1,"DemandMax":null,"Value":1680},{"Length":36,"Height":47,"Demand":1,"DemandMax":null,"Value":1692},{"Length":53,"Height":56,"Demand":1,"DemandMax":null,"Value":2968}]}