{"Name":"C2_10_S_9","Objects":[{"Length":100,"Height":100,"Stock":null,"Cost":10000}],"Items":[{"Length":25,"Height":30,"Demand":1,"DemandMax":null,"Value":750},{"Length":15,"Height":19,"Demand":3,"DemandMax":null,"Value":285},{"Length":11,"Height":22,"Demand":2,"DemandMax":null,"Value":242},{"Length":41,"Height":15,"Demand":4,"DemandMax":null,"Value":615},{"Length":46,"Height":42,"Demand":3,"DemandMax":null,"Value":1932},{"Length":41,"Height":13,"Demand":1,"DemandMax":null,"Value":533},{"Length":35,"Height":38,"Demand":1,"DemandMax":null,"Value":1330},{"Length":38,"Height":12,"Demand":3,"DemandMax":null,"Value":456},{"Length":31,"Height":17,"Demand":1,"DemandMax":null,"Value":527},{"Length":10,"Height":27,"Demand":4,"DemandMax":null,"Value":270}]}