{"Name":"C1_20_L_9","Objects":[{"Length":100,"Height":100,"Stock":null,"Cost":10000}],"Items":[{"Length":70,"Height":47,"Demand":1,"DemandMax":null,"Value":3290},{"Length":62,"Height":31,"Demand":3,"DemandMax":null,"Value":1922},{"Length":31,"Height":37,"Demand":6,"DemandMax":null,"Value":1147},{"Length":63,"Height":28,"Demand":2,"DemandMax":null,"Value":1764},{"Length":65,"Height":66,"Demand":1,"DemandMax":null,"Value":4290},{"Length":43,"Height":31,"Demand":1,"DemandMax":null,"Value":1333},{"Length":30,"Height":41,"Demand":1,"DemandMax":null,"Value":1230},{"Length":63,"Height":68,"Demand":1,"DemandMax":null,"Value":4284},{"Length":59,"Height":51,"Demand":1,"DemandMax":null,"Value":3009},{"Length":59,"Height":59,"Demand":1,"DemandMax":null,"Value":3481},{"Length":62,"Height":35,"Demand":2,"DemandMax":null,"Value":2170},{"Length":74,"Height":71,"Demand":1,"DemandMax":null,"Value":5254},{"Length":66,"Height":64,"Demand":1,"DemandMax":null,"Value":4224},{"Length":25,"Height":39,"Demand":8,"DemandMax":null,"Value":975},{"Length":68,"Height":56,"Demand":1,"DemandMax":null,"Value":3808},{"Length":51,"Height":62,"Demand":1,"DemandMax":null,"Value":3162},{"Length":51,"Height":67,"Demand":1,"DemandMax":null,"Value":3417},{"Length":29,"Height":41,"Demand":3,"DemandMax":null,"Value":1189},{"Length":44,"Height":29,"Demand":6,"DemandMax":null,"Value":1276},{"Length":74,"Height":38,"Demand":1,"DemandMax":null,"Value":2812}]}