{"Name":"C1_40_L_10","Objects":[{"Length":100,"Height":100,"Stock":null,"Cost":10000}],"Items":[{"Length":45,"Height":46,"Demand":2,"DemandMax":null,"Value":2070},{"Length":54,"Height":25,"Demand":3,"DemandMax":null,"Value":1350},{"Length":38,"Height":62,"Demand":1,"DemandMax":null,"Value":2356},{"Length":48,"Height":26,"Demand":5,"DemandMax":null,"Value":1248},{"Length":53,"Height":68,"Demand":1,"DemandMax":null,"Value":3604},{"Length":68,"Height":37,"Demand":1,"DemandMax":null,"Value":2516},{"Length":69,"Height":27,"Demand":2,"DemandMax":null,"Value":1863},{"Length":39,"Height":57,"Demand":1,"DemandMax":null,"Value":2223},{"Length":47,"Height":48,"Demand":4,"DemandMax":null,"Value":2256},{"Length":46,"Height":29,"Demand":3,"DemandMax":null,"Value":1334},{"Length":37,"Height":48,"Demand":2,"DemandMax":null,"Value":1776},{"Length":52,"Height":60,"Demand":1,"DemandMax":null,"Value":3120},{"Length":70,"Height":39,"Demand":2,"DemandMax":null,"Value":2730},{"Length":63,"Height":67,"Demand":1,"DemandMax":null,"Value":4221},{"Length":44,"Height":27,"Demand":3,"DemandMax":null,"Value":1188},{"Length":74,"Height":32,"Demand":3,"DemandMax":null,"Value":2368},{"Length":45,"Height":59,"Demand":1,"DemandMax":null,"Value":2655},{"Length":27,"Height":63,"Demand":3,"DemandMax":null,"Value":1701},{"Length":39,"Height":54,"Demand":2,"DemandMax":null,"Value":2106},{"Length":59,"Height":59,"Demand":1,"DemandMax":null,"Value":3481},{"Length":62,"Height":53,"Demand":1,"DemandMax":null,"Value":3286},{"Length":39,"Height":73,"Demand":2,"DemandMax":null,"Value":2847},{"Length":34,"Height":27,"Demand":4,"DemandMax":null,"Value":918},{"Length":74,"Height":25,"Demand":2,"DemandMax":null,"Value":1850},{"Length":41,"Height":65,"Demand":1,"DemandMax":null,"Value":2665},{"Length":29,"Height":27,"Demand":9,"DemandMax":null,"Value":783},{"Length":55,"Height":73,"Demand":1,"DemandMax":null,"Value":4015},{"Length":67,"Height":31,"Demand":1,"DemandMax":null,"Value":2077},{"Length":43,"Height":41,"Demand":4,"DemandMax":null,"Value":1763},{"Length":27,"Height":72,"Demand":3,"DemandMax":null,"Value":1944},{"Length":55,"Height":52,"Demand":1,"DemandMax":null,"Value":2860},{"Length":64,"Height":60,"Demand":1,"DemandMax":null,"Value":3840},{"Length":36,"Height":67,"Demand":2,"DemandMax":null,"Value":2412},{"Length":62,"Height":68,"Demand":2,"DemandMax":null,"Value":4216},{"Length":55,"Height":57,"Demand":1,"DemandMax":null,"Value":3135},{"Length":46,"Height":45,"Demand":3,"DemandMax":null,"Value":2070},{"Length":54,"Height":33,"Demand":3,"DemandMax":null,"Value":1782},{"Length":32,"Height":58,"Demand":1,"DemandMax":null,"Value":1856},{"Length":56,"Height":43,"Demand":2,"DemandMax":null,"Value":2408}]}