{"Name":"C1_20_S_2","Objects":[{"Length":100,"Height":100,"Stock":null,"Cost":10000}],"Items":[{"Length":11,"Height":18,"Demand":27,"DemandMax":null,"Value":198},{"Length":25,"Height":25,"Demand":15,"DemandMax":null,"Value":625},{"Length":36,"Height":19,"Demand":5,"DemandMax":null,"Value":684},{"Length":14,"Height":46,"Demand":1,"DemandMax":null,"Value":644},{"Length":40,"Height":36,"Demand":4,"DemandMax":null,"Value":1440},{"Length":19,"Height":36,"Demand":13,"DemandMax":null,"Value":684},{"Length":22,"Height":29,"Demand":1,"DemandMax":null,"Value":638},{"Length":32,"Height":11,"Demand":11,"DemandMax":null,"Value":352},{"Length":34,"Height":44,"Demand":3,"DemandMax":null,"Value":1496},{"Length":29,"Height":33,"Demand":1,"DemandMax":null,"Value":957},{"Length":39,"Height":42,"Demand":3,"DemandMax":null,"Value":1638},{"Length":38,"Height":14,"Demand":10,"DemandMax":null,"Value":532},{"Length":33,"Height":47,"Demand":4,"DemandMax":null,"Value":1551},{"Length":41,"Height":47,"Demand":2,"DemandMax":null,"Value":1927},{"Length":22,"Height":31,"Demand":6,"DemandMax":null,"Value":682},{"Length":35,"Height":33,"Demand":5,"DemandMax":null,"Value":1155},{"Length":16,"Height":14,"Demand":20,"DemandMax":null,"Value":224},{"Length":22,"Height":33,"Demand":11,"DemandMax":null,"Value":726},{"Length":41,"Height":33,"Demand":5,"DemandMax":null,"Value":1353}]}