{"Name":"C3_30_L_2","Objects":[{"Length":100,"Height":100,"Stock":null,"Cost":10000}],"Items":[{"Length":61,"Height":25,"Demand":1,"DemandMax":null,"Value":1525},{"Length":46,"Height":69,"Demand":1,"DemandMax":null,"Value":3174},{"Length":58,"Height":50,"Demand":1,"DemandMax":null,"Value":2900},{"Length":45,"Height":49,"Demand":1,"DemandMax":null,"Value":2205},{"Length":41,"Height":30,"Demand":1,"DemandMax":null,"Value":1230},{"Length":61,"Height":32,"Demand":1,"DemandMax":null,"Value":1952},{"Length":55,"Height":59,"Demand":1,"DemandMax":null,"Value":3245},{"Length":54,"Height":27,"Demand":1,"DemandMax":null,"Value":1458},{"Length":40,"Height":40,"Demand":1,"DemandMax":null,"Value":1600},{"Length":44,"Height":68,"Demand":1,"DemandMax":null,"Value":2992},{"Length":41,"Height":36,"Demand":1,"DemandMax":null,"Value":1476},{"Length":59,"Height":67,"Demand":1,"DemandMax":null,"Value":3953},{"Length":56,"Height":71,"Demand":1,"DemandMax":null,"Value":3976},{"Length":39,"Height":47,"Demand":1,"DemandMax":null,"Value":1833},{"Length":25,"Height":33,"Demand":1,"DemandMax":null,"Value":825},{"Length":43,"Height":66,"Demand":1,"DemandMax":null,"Value":2838},{"Length":37,"Height":70,"Demand":1,"DemandMax":null,"Value":2590},{"Length":47,"Height":42,"Demand":1,"DemandMax":null,"Value":1974},{"Length":33,"Height":74,"Demand":1,"DemandMax":null,"Value":2442},{"Length":62,"Height":39,"Demand":1,"DemandMax":null,"Value":2418},{"Length":62,"Height":40,"Demand":1,"DemandMax":null,"Value":2480},{"Length":43,"Height":71,"Demand":1,"DemandMax":null,"Value":3053},{"Length":26,"Height":47,"Demand":1,"DemandMax":null,"Value":1222},{"Length":28,"Height":58,"Demand":1,"DemandMax":null,"Value":1624},{"Length":69,"Height":63,"Demand":1,"DemandMax":null,"Value":4347},{"Length":61,"Height":53,"Demand":1,"DemandMax":null,"Value":3233},{"Length":55,"Height":39,"Demand":1,"DemandMax":null,"Value":2145},{"Length":66,"Height":63,"Demand":1,"DemandMax":null,"Value":4158},{"Length":69,"Height":31,"Demand":1,"DemandMax":null,"Value":2139},{"Length":41,"Height":50,"Demand":1,"DemandMax":null,"Value":2050}]}