{"Name":"C3_50_S_4","Objects":[{"Length":100,"Height":100,"Stock":null,"Cost":10000}],"Items":[{"Length":27,"Height":14,"Demand":1,"DemandMax":null,"Value":378},{"Length":12,"Height":25,"Demand":1,"DemandMax":null,"Value":300},{"Length":20,"Height":11,"Demand":1,"DemandMax":null,"Value":220},{"Length":32,"Height":34,"Demand":1,"DemandMax":null,"Value":1088},{"Length":36,"Height":37,"Demand":1,"DemandMax":null,"Value":1332},{"Length":45,"Height":33,"Demand":1,"DemandMax":null,"Value":1485},{"Length":26,"Height":14,"Demand":1,"DemandMax":null,"Value":364},{"Length":36,"Height":38,"Demand":1,"DemandMax":null,"Value":1368},{"Length":25,"Height":28,"Demand":1,"DemandMax":null,"Value":700},{"Length":33,"Height":17,"Demand":1,"DemandMax":null,"Value":561},{"Length":48,"Height":24,"Demand":1,"DemandMax":null,"Value":1152},{"Length":18,"Height":29,"Demand":1,"DemandMax":null,"Value":522},{"Length":49,"Height":47,"Demand":1,"DemandMax":null,"Value":2303},{"Length":44,"Height":33,"Demand":1,"DemandMax":null,"Value":1452},{"Length":29,"Height":38,"Demand":1,"DemandMax":null,"Value":1102},{"Length":41,"Height":21,"Demand":1,"DemandMax":null,"Value":861},{"Length":33,"Height":49,"Demand":1,"DemandMax":null,"Value":1617},{"Length":36,"Height":14,"Demand":1,"DemandMax":null,"Value":504},{"Length":17,"Height":40,"Demand":2,"DemandMax":null,"Value":680},{"Length":28,"Height":21,"Demand":1,"DemandMax":null,"Value":588},{"Length":44,"Height":31,"Demand":1,"DemandMax":null,"Value":1364},{"Length":42,"Height":16,"Demand":2,"DemandMax":null,"Value":672},{"Length":46,"Height":12,"Demand":1,"DemandMax":null,"Value":552},{"Length":31,"Height":10,"Demand":1,"DemandMax":null,"Value":310},{"Length":46,"Height":11,"Demand":1,"DemandMax":null,"Value":506},{"Length":49,"Height":39,"Demand":1,"DemandMax":null,"Value":1911},{"Length":30,"Height":29,"Demand":1,"DemandMax":null,"Value":870},{"Length":37,"Height":20,"Demand":1,"DemandMax":null,"Value":740},{"Length":18,"Height":32,"Demand":1,"DemandMax":null,"Value":576},{"Length":11,"Height":37,"Demand":1,"DemandMax":null,"Value":407},{"Length":29,"Height":42,"Demand":1,"DemandMax":null,"Value":1218},{"Length":27,"Height":10,"Demand":1,"DemandMax":null,"Value":270},{"Length":27,"Height":40,"Demand":1,"DemandMax":null,"Value":1080},{"Length":22,"Height":21,"Demand":1,"DemandMax":null,"Value":462},{"Length":41,"Height":29,"Demand":1,"DemandMax":null,"Value":1189},{"Length":39,"Height":47,"Demand":1,"DemandMax":null,"Value":1833},{"Length":17,"Height":49,"Demand":1,"DemandMax":null,"Value":833},{"Length":42,"Height":18,"Demand":1,"DemandMax":null,"Value":756},{"Length":34,"Height":24,"Demand":1,"DemandMax":null,"Value":816},{"Length":42,"Height":15,"Demand":1,"DemandMax":null,"Value":630},{"Length":16,"Height":42,"Demand":1,"DemandMax":null,"Value":672},{"Length":30,"Height":15,"Demand":1,"DemandMax":null,"Value":450},{"Length":19,"Height":22,"Demand":1,"DemandMax":null,"Value":418},{"Length":21,"Height":48,"Demand":1,"DemandMax":null,"Value":1008},{"Length":45,"Height":19,"Demand":1,"DemandMax":null,"Value":855},{"Length":43,"Height":46,"Demand":1,"DemandMax":null,"Value":1978},{"Length":31,"Height":27,"Demand":1,"DemandMax":null,"Value":837},{"Length":26,"Height":41,"Demand":1,"DemandMax":null,"Value":1066}]}