{"Name":"C1_30_S_10","Objects":[{"Length":100,"Height":100,"Stock":null,"Cost":10000}],"Items":[{"Length":12,"Height":45,"Demand":9,"DemandMax":null,"Value":540},{"Length":48,"Height":43,"Demand":3,"DemandMax":null,"Value":2064},{"Length":26,"Height":49,"Demand":4,"DemandMax":null,"Value":1274},{"Length":48,"Height":22,"Demand":6,"DemandMax":null,"Value":1056},{"Length":38,"Height":18,"Demand":4,"DemandMax":null,"Value":684},{"Length":28,"Height":32,"Demand":1,"DemandMax":null,"Value":896},{"Length":12,"Height":29,"Demand":21,"DemandMax":null,"Value":348},{"Length":39,"Height":46,"Demand":2,"DemandMax":null,"Value":1794},{"Length":11,"Height":49,"Demand":11,"DemandMax":null,"Value":539},{"Length":42,"Height":13,"Demand":4,"DemandMax":null,"Value":546},{"Length":24,"Height":26,"Demand":10,"DemandMax":null,"Value":624},{"Length":30,"Height":45,"Demand":3,"DemandMax":null,"Value":1350},{"Length":13,"Height":29,"Demand":3,"DemandMax":null,"Value":377},{"Length":29,"Height":26,"Demand":5,"DemandMax":null,"Value":754},{"Length":37,"Height":35,"Demand":4,"DemandMax":null,"Value":1295},{"Length":16,"Height":33,"Demand":18,"DemandMax":null,"Value":528},{"Length":23,"Height":18,"Demand":13,"DemandMax":null,"Value":414},{"Length":30,"Height":31,"Demand":9,"DemandMax":null,"Value":930},{"Length":10,"Height":35,"Demand":7,"DemandMax":null,"Value":350},{"Length":25,"Height":48,"Demand":6,"DemandMax":null,"Value":1200},{"Length":12,"Height":22,"Demand":24,"DemandMax":null,"Value":264},{"Length":11,"Height":28,"Demand":26,"DemandMax":null,"Value":308},{"Length":38,"Height":40,"Demand":3,"DemandMax":null,"Value":1520},{"Length":26,"Height":42,"Demand":2,"DemandMax":null,"Value":1092},{"Length":45,"Height":26,"Demand":4,"DemandMax":null,"Value":1170},{"Length":13,"Height":12,"Demand":20,"DemandMax":null,"Value":156},{"Length":30,"Height":11,"Demand":23,"DemandMax":null,"Value":330},{"Length":42,"Height":33,"Demand":1,"DemandMax":null,"Value":1386},{"Length":21,"Height":42,"Demand":2,"DemandMax":null,"Value":882},{"Length":47,"Height":33,"Demand":3,"DemandMax":null,"Value":1551}]}