{"Name":"C1_30_L_10","Objects":[{"Length":100,"Height":100,"Stock":null,"Cost":10000}],"Items":[{"Length":34,"Height":73,"Demand":1,"DemandMax":null,"Value":2482},{"Length":71,"Height":67,"Demand":1,"DemandMax":null,"Value":4757},{"Length":41,"Height":35,"Demand":2,"DemandMax":null,"Value":1435},{"Length":63,"Height":42,"Demand":1,"DemandMax":null,"Value":2646},{"Length":26,"Height":40,"Demand":2,"DemandMax":null,"Value":1040},{"Length":29,"Height":35,"Demand":6,"DemandMax":null,"Value":1015},{"Length":55,"Height":65,"Demand":1,"DemandMax":null,"Value":3575},{"Length":59,"Height":57,"Demand":1,"DemandMax":null,"Value":3363},{"Length":72,"Height":47,"Demand":2,"DemandMax":null,"Value":3384},{"Length":60,"Height":55,"Demand":1,"DemandMax":null,"Value":3300},{"Length":25,"Height":39,"Demand":6,"DemandMax":null,"Value":975},{"Length":52,"Height":58,"Demand":1,"DemandMax":null,"Value":3016},{"Length":68,"Height":57,"Demand":1,"DemandMax":null,"Value":3876},{"Length":36,"Height":25,"Demand":4,"DemandMax":null,"Value":900},{"Length":31,"Height":60,"Demand":1,"DemandMax":null,"Value":1860},{"Length":40,"Height":49,"Demand":2,"DemandMax":null,"Value":1960},{"Length":73,"Height":56,"Demand":1,"DemandMax":null,"Value":4088},{"Length":57,"Height":48,"Demand":2,"DemandMax":null,"Value":2736},{"Length":34,"Height":66,"Demand":1,"DemandMax":null,"Value":2244},{"Length":74,"Height":46,"Demand":1,"DemandMax":null,"Value":3404},{"Length":26,"Height":45,"Demand":2,"DemandMax":null,"Value":1170},{"Length":70,"Height":34,"Demand":2,"DemandMax":null,"Value":2380},{"Length":33,"Height":35,"Demand":2,"DemandMax":null,"Value":1155},{"Length":48,"Height":72,"Demand":2,"DemandMax":null,"Value":3456},{"Length":26,"Height":61,"Demand":1,"DemandMax":null,"Value":1586},{"Length":44,"Height":34,"Demand":3,"DemandMax":null,"Value":1496},{"Length":65,"Height":30,"Demand":3,"DemandMax":null,"Value":1950},{"Length":67,"Height":49,"Demand":1,"DemandMax":null,"Value":3283},{"Length":34,"Height":41,"Demand":2,"DemandMax":null,"Value":1394},{"Length":51,"Height":36,"Demand":2,"DemandMax":null,"Value":1836}]}