{"Name":"C3_30_S_7","Objects":[{"Length":100,"Height":100,"Stock":null,"Cost":10000}],"Items":[{"Length":46,"Height":33,"Demand":1,"DemandMax":null,"Value":1518},{"Length":26,"Height":30,"Demand":1,"DemandMax":null,"Value":780},{"Length":14,"Height":32,"Demand":1,"DemandMax":null,"Value":448},{"Length":43,"Height":25,"Demand":1,"DemandMax":null,"Value":1075},{"Length":46,"Height":29,"Demand":1,"DemandMax":null,"Value":1334},{"Length":23,"Height":43,"Demand":1,"DemandMax":null,"Value":989},{"Length":40,"Height":49,"Demand":1,"DemandMax":null,"Value":1960},{"Length":34,"Height":13,"Demand":1,"DemandMax":null,"Value":442},{"Length":11,"Height":32,"Demand":1,"DemandMax":null,"Value":352},{"Length":11,"Height":47,"Demand":1,"DemandMax":null,"Value":517},{"Length":21,"Height":26,"Demand":1,"DemandMax":null,"Value":546},{"Length":22,"Height":43,"Demand":1,"DemandMax":null,"Value":946},{"Length":43,"Height":13,"Demand":1,"DemandMax":null,"Value":559},{"Length":17,"Height":10,"Demand":1,"DemandMax":null,"Value":170},{"Length":10,"Height":31,"Demand":1,"DemandMax":null,"Value":310},{"Length":20,"Height":35,"Demand":1,"DemandMax":null,"Value":700},{"Length":27,"Height":10,"Demand":1,"DemandMax":null,"Value":270},{"Length":22,"Height":23,"Demand":1,"DemandMax":null,"Value":506},{"Length":48,"Height":33,"Demand":1,"DemandMax":null,"Value":1584},{"Length":26,"Height":26,"Demand":1,"DemandMax":null,"Value":676},{"Length":21,"Height":43,"Demand":1,"DemandMax":null,"Value":903},{"Length":27,"Height":37,"Demand":1,"DemandMax":null,"Value":999},{"Length":23,"Height":23,"Demand":1,"DemandMax":null,"Value":529},{"Length":29,"Height":33,"Demand":1,"DemandMax":null,"Value":957},{"Length":42,"Height":26,"Demand":1,"DemandMax":null,"Value":1092},{"Length":33,"Height":23,"Demand":1,"DemandMax":null,"Value":759},{"Length":38,"Height":17,"Demand":1,"DemandMax":null,"Value":646},{"Length":37,"Height":11,"Demand":1,"DemandMax":null,"Value":407},{"Length":35,"Height":43,"Demand":1,"DemandMax":null,"Value":1505},{"Length":10,"Height":43,"Demand":1,"DemandMax":null,"Value":430}]}