{"Name":"C3_40_L_8","Objects":[{"Length":100,"Height":100,"Stock":null,"Cost":10000}],"Items":[{"Length":40,"Height":65,"Demand":1,"DemandMax":null,"Value":2600},{"Length":45,"Height":40,"Demand":1,"DemandMax":null,"Value":1800},{"Length":69,"Height":68,"Demand":1,"DemandMax":null,"Value":4692},{"Length":71,"Height":39,"Demand":1,"DemandMax":null,"Value":2769},{"Length":65,"Height":32,"Demand":1,"DemandMax":null,"Value":2080},{"Length":59,"Height":41,"Demand":1,"DemandMax":null,"Value":2419},{"Length":61,"Height":37,"Demand":1,"DemandMax":null,"Value":2257},{"Length":53,"Height":61,"Demand":1,"DemandMax":null,"Value":3233},{"Length":67,"Height":30,"Demand":1,"DemandMax":null,"Value":2010},{"Length":71,"Height":71,"Demand":1,"DemandMax":null,"Value":5041},{"Length":62,"Height":64,"Demand":1,"DemandMax":null,"Value":3968},{"Length":74,"Height":61,"Demand":1,"DemandMax":null,"Value":4514},{"Length":29,"Height":31,"Demand":1,"DemandMax":null,"Value":899},{"Length":58,"Height":69,"Demand":1,"DemandMax":null,"Value":4002},{"Length":68,"Height":25,"Demand":1,"DemandMax":null,"Value":1700},{"Length":41,"Height":62,"Demand":1,"DemandMax":null,"Value":2542},{"Length":74,"Height":51,"Demand":1,"DemandMax":null,"Value":3774},{"Length":62,"Height":42,"Demand":1,"DemandMax":null,"Value":2604},{"Length":43,"Height":72,"Demand":1,"DemandMax":null,"Value":3096},{"Length":39,"Height":46,"Demand":1,"DemandMax":null,"Value":1794},{"Length":39,"Height":73,"Demand":1,"DemandMax":null,"Value":2847},{"Length":32,"Height":27,"Demand":1,"DemandMax":null,"Value":864},{"Length":74,"Height":71,"Demand":1,"DemandMax":null,"Value":5254},{"Length":34,"Height":65,"Demand":1,"DemandMax":null,"Value":2210},{"Length":44,"Height":35,"Demand":1,"DemandMax":null,"Value":1540},{"Length":64,"Height":28,"Demand":1,"DemandMax":null,"Value":1792},{"Length":74,"Height":46,"Demand":1,"DemandMax":null,"Value":3404},{"Length":42,"Height":36,"Demand":1,"DemandMax":null,"Value":1512},{"Length":48,"Height":52,"Demand":1,"DemandMax":null,"Value":2496},{"Length":71,"Height":40,"Demand":1,"DemandMax":null,"Value":2840},{"Length":66,"Height":31,"Demand":1,"DemandMax":null,"Value":2046},{"Length":62,"Height":52,"Demand":1,"DemandMax":null,"Value":3224},{"Length":45,"Height":60,"Demand":1,"DemandMax":null,"Value":2700},{"Length":58,"Height":37,"Demand":1,"DemandMax":null,"Value":2146},{"Length":69,"Height":62,"Demand":1,"DemandMax":null,"Value":4278},{"Length":25,"Height":41,"Demand":1,"DemandMax":null,"Value":1025},{"Length":52,"Height":51,"Demand":1,"DemandMax":null,"Value":2652},{"Length":70,"Height":53,"Demand":1,"DemandMax":null,"Value":3710},{"Length":63,"Height":36,"Demand":1,"DemandMax":null,"Value":2268},{"Length":59,"Height":31,"Demand":1,"DemandMax":null,"Value":1829}]}