{"Name":"C2_30_S_9","Objects":[{"Length":100,"Height":100,"Stock":null,"Cost":10000}],"Items":[{"Length":37,"Height":41,"Demand":3,"DemandMax":null,"Value":1517},{"Length":29,"Height":38,"Demand":4,"DemandMax":null,"Value":1102},{"Length":18,"Height":48,"Demand":4,"DemandMax":null,"Value":864},{"Length":47,"Height":31,"Demand":3,"DemandMax":null,"Value":1457},{"Length":45,"Height":30,"Demand":4,"DemandMax":null,"Value":1350},{"Length":32,"Height":49,"Demand":3,"DemandMax":null,"Value":1568},{"Length":49,"Height":30,"Demand":2,"DemandMax":null,"Value":1470},{"Length":18,"Height":45,"Demand":1,"DemandMax":null,"Value":810},{"Length":45,"Height":34,"Demand":4,"DemandMax":null,"Value":1530},{"Length":17,"Height":35,"Demand":1,"DemandMax":null,"Value":595},{"Length":29,"Height":41,"Demand":4,"DemandMax":null,"Value":1189},{"Length":47,"Height":41,"Demand":2,"DemandMax":null,"Value":1927},{"Length":17,"Height":32,"Demand":1,"DemandMax":null,"Value":544},{"Length":27,"Height":15,"Demand":4,"DemandMax":null,"Value":405},{"Length":23,"Height":21,"Demand":1,"DemandMax":null,"Value":483},{"Length":25,"Height":26,"Demand":2,"DemandMax":null,"Value":650},{"Length":29,"Height":44,"Demand":1,"DemandMax":null,"Value":1276},{"Length":21,"Height":17,"Demand":4,"DemandMax":null,"Value":357},{"Length":45,"Height":26,"Demand":2,"DemandMax":null,"Value":1170},{"Length":11,"Height":15,"Demand":1,"DemandMax":null,"Value":165},{"Length":46,"Height":13,"Demand":1,"DemandMax":null,"Value":598},{"Length":39,"Height":43,"Demand":1,"DemandMax":null,"Value":1677},{"Length":20,"Height":34,"Demand":3,"DemandMax":null,"Value":680},{"Length":24,"Height":40,"Demand":2,"DemandMax":null,"Value":960},{"Length":36,"Height":30,"Demand":3,"DemandMax":null,"Value":1080},{"Length":28,"Height":17,"Demand":4,"DemandMax":null,"Value":476},{"Length":47,"Height":10,"Demand":2,"DemandMax":null,"Value":470},{"Length":27,"Height":34,"Demand":1,"DemandMax":null,"Value":918},{"Length":13,"Height":27,"Demand":1,"DemandMax":null,"Value":351},{"Length":10,"Height":24,"Demand":1,"DemandMax":null,"Value":240}]}