{"Name":"C3_10_L_12","Objects":[{"Length":100,"Height":100,"Stock":null,"Cost":10000}],"Items":[{"Length":53,"Height":29,"Demand":1,"DemandMax":null,"Value":1537},{"Length":36,"Height":74,"Demand":1,"DemandMax":null,"Value":2664},{"Length":69,"Height":46,"Demand":1,"DemandMax":null,"Value":3174},{"Length":70,"Height":59,"Demand":1,"DemandMax":null,"Value":4130},{"Length":61,"Height":25,"Demand":1,"DemandMax":null,"Value":1525},{"Length":51,"Height":27,"Demand":1,"DemandMax":null,"Value":1377},{"Length":36,"Height":65,"Demand":1,"DemandMax":null,"Value":2340},{"Length":26,"Height":59,"Demand":1,"DemandMax":null,"Value":1534},{"Length":30,"Height":45,"Demand":1,"DemandMax":null,"Value":1350},{"Length":56,"Height":37,"Demand":1,"DemandMax":null,"Value":2072}]}