{"Name":"C2_40_S_4","Objects":[{"Length":100,"Height":100,"Stock":null,"Cost":10000}],"Items":[{"Length":30,"Height":38,"Demand":4,"DemandMax":null,"Value":1140},{"Length":10,"Height":48,"Demand":3,"DemandMax":null,"Value":480},{"Length":19,"Height":20,"Demand":1,"DemandMax":null,"Value":380},{"Length":32,"Height":41,"Demand":1,"DemandMax":null,"Value":1312},{"Length":38,"Height":35,"Demand":1,"DemandMax":null,"Value":1330},{"Length":25,"Height":18,"Demand":4,"DemandMax":null,"Value":450},{"Length":49,"Height":31,"Demand":6,"DemandMax":null,"Value":1519},{"Length":28,"Height":22,"Demand":2,"DemandMax":null,"Value":616},{"Length":42,"Height":48,"Demand":1,"DemandMax":null,"Value":2016},{"Length":10,"Height":41,"Demand":1,"DemandMax":null,"Value":410},{"Length":46,"Height":28,"Demand":1,"DemandMax":null,"Value":1288},{"Length":42,"Height":26,"Demand":1,"DemandMax":null,"Value":1092},{"Length":10,"Height":44,"Demand":3,"DemandMax":null,"Value":440},{"Length":49,"Height":22,"Demand":3,"DemandMax":null,"Value":1078},{"Length":20,"Height":11,"Demand":2,"DemandMax":null,"Value":220},{"Length":37,"Height":27,"Demand":3,"DemandMax":null,"Value":999},{"Length":44,"Height":17,"Demand":1,"DemandMax":null,"Value":748},{"Length":46,"Height":16,"Demand":2,"DemandMax":null,"Value":736},{"Length":20,"Height":39,"Demand":4,"DemandMax":null,"Value":780},{"Length":23,"Height":38,"Demand":2,"DemandMax":null,"Value":874},{"Length":31,"Height":36,"Demand":3,"DemandMax":null,"Value":1116},{"Length":23,"Height":17,"Demand":1,"DemandMax":null,"Value":391},{"Length":33,"Height":20,"Demand":2,"DemandMax":null,"Value":660},{"Length":40,"Height":15,"Demand":2,"DemandMax":null,"Value":600},{"Length":44,"Height":24,"Demand":1,"DemandMax":null,"Value":1056},{"Length":33,"Height":44,"Demand":3,"DemandMax":null,"Value":1452},{"Length":28,"Height":15,"Demand":1,"DemandMax":null,"Value":420},{"Length":42,"Height":28,"Demand":2,"DemandMax":null,"Value":1176},{"Length":41,"Height":10,"Demand":1,"DemandMax":null,"Value":410},{"Length":39,"Height":33,"Demand":1,"DemandMax":null,"Value":1287},{"Length":44,"Height":38,"Demand":1,"DemandMax":null,"Value":1672},{"Length":25,"Height":40,"Demand":4,"DemandMax":null,"Value":1000},{"Length":42,"Height":23,"Demand":2,"DemandMax":null,"Value":966},{"Length":18,"Height":24,"Demand":2,"DemandMax":null,"Value":432},{"Length":47,"Height":12,"Demand":3,"DemandMax":null,"Value":564},{"Length":44,"Height":28,"Demand":3,"DemandMax":null,"Value":1232},{"Length":23,"Height":42,"Demand":2,"DemandMax":null,"Value":966},{"Length":11,"Height":48,"Demand":1,"DemandMax":null,"Value":528},{"Length":45,"Height":22,"Demand":1,"DemandMax":null,"Value":990}]}