{"Name":"C3_30_S_8","Objects":[{"Length":100,"Height":100,"Stock":null,"Cost":10000}],"Items":[{"Length":12,"Height":29,"Demand":1,"DemandMax":null,"Value":348},{"Length":33,"Height":48,"Demand":1,"DemandMax":null,"Value":1584},{"Length":48,"Height":27,"Demand":1,"DemandMax":null,"Value":1296},{"Length":21,"Height":11,"Demand":1,"DemandMax":null,"Value":231},{"Length":34,"Height":33,"Demand":1,"DemandMax":null,"Value":1122},{"Length":24,"Height":43,"Demand":1,"DemandMax":null,"Value":1032},{"Length":25,"Height":43,"Demand":1,"DemandMax":null,"Value":1075},{"Length":20,"Height":41,"Demand":1,"DemandMax":null,"Value":820},{"Length":31,"Height":24,"Demand":1,"DemandMax":null,"Value":744},{"Length":24,"Height":23,"Demand":1,"DemandMax":null,"Value":552},{"Length":45,"Height":48,"Demand":1,"DemandMax":null,"Value":2160},{"Length":35,"Height":26,"Demand":1,"DemandMax":null,"Value":910},{"Length":26,"Height":27,"Demand":1,"DemandMax":null,"Value":702},{"Length":47,"Height":33,"Demand":1,"DemandMax":null,"Value":1551},{"Length":23,"Height":20,"Demand":1,"DemandMax":null,"Value":460},{"Length":38,"Height":25,"Demand":1,"DemandMax":null,"Value":950},{"Length":26,"Height":36,"Demand":1,"DemandMax":null,"Value":936},{"Length":38,"Height":13,"Demand":1,"DemandMax":null,"Value":494},{"Length":10,"Height":45,"Demand":1,"DemandMax":null,"Value":450},{"Length":24,"Height":45,"Demand":1,"DemandMax":null,"Value":1080},{"Length":34,"Height":34,"Demand":1,"DemandMax":null,"Value":1156},{"Length":48,"Height":17,"Demand":1,"DemandMax":null,"Value":816},{"Length":43,"Height":12,"Demand":1,"DemandMax":null,"Value":516},{"Length":35,"Height":35,"Demand":1,"DemandMax":null,"Value":1225},{"Length":39,"Height":16,"Demand":1,"DemandMax":null,"Value":624},{"Length":29,"Height":49,"Demand":1,"DemandMax":null,"Value":1421},{"Length":25,"Height":19,"Demand":1,"DemandMax":null,"Value":475},{"Length":21,"Height":35,"Demand":1,"DemandMax":null,"Value":735},{"Length":44,"Height":13,"Demand":1,"DemandMax":null,"Value":572},{"Length":38,"Height":12,"Demand":1,"DemandMax":null,"Value":456}]}