{"Name":"C1_20_S_11","Objects":[{"Length":100,"Height":100,"Stock":null,"Cost":10000}],"Items":[{"Length":23,"Height":20,"Demand":14,"DemandMax":null,"Value":460},{"Length":17,"Height":15,"Demand":10,"DemandMax":null,"Value":255},{"Length":29,"Height":32,"Demand":4,"DemandMax":null,"Value":928},{"Length":42,"Height":36,"Demand":2,"DemandMax":null,"Value":1512},{"Length":18,"Height":16,"Demand":19,"DemandMax":null,"Value":288},{"Length":33,"Height":24,"Demand":11,"DemandMax":null,"Value":792},{"Length":23,"Height":18,"Demand":8,"DemandMax":null,"Value":414},{"Length":14,"Height":19,"Demand":5,"DemandMax":null,"Value":266},{"Length":30,"Height":38,"Demand":4,"DemandMax":null,"Value":1140},{"Length":21,"Height":15,"Demand":9,"DemandMax":null,"Value":315},{"Length":45,"Height":25,"Demand":7,"DemandMax":null,"Value":1125},{"Length":21,"Height":36,"Demand":8,"DemandMax":null,"Value":756},{"Length":48,"Height":21,"Demand":8,"DemandMax":null,"Value":1008},{"Length":16,"Height":32,"Demand":7,"DemandMax":null,"Value":512},{"Length":15,"Height":45,"Demand":1,"DemandMax":null,"Value":675},{"Length":26,"Height":35,"Demand":2,"DemandMax":null,"Value":910},{"Length":19,"Height":36,"Demand":2,"DemandMax":null,"Value":684},{"Length":39,"Height":36,"Demand":2,"DemandMax":null,"Value":1404},{"Length":44,"Height":42,"Demand":3,"DemandMax":null,"Value":1848},{"Length":44,"Height":28,"Demand":2,"DemandMax":null,"Value":1232}]}