{"Name":"C3_10_L_8","Objects":[{"Length":100,"Height":100,"Stock":null,"Cost":10000}],"Items":[{"Length":53,"Height":65,"Demand":1,"DemandMax":null,"Value":3445},{"Length":49,"Height":51,"Demand":1,"DemandMax":null,"Value":2499},{"Length":44,"Height":60,"Demand":1,"DemandMax":null,"Value":2640},{"Length":46,"Height":31,"Demand":1,"DemandMax":null,"Value":1426},{"Length":69,"Height":59,"Demand":1,"DemandMax":null,"Value":4071},{"Length":28,"Height":25,"Demand":1,"DemandMax":null,"Value":700},{"Length":65,"Height":62,"Demand":1,"DemandMax":null,"Value":4030},{"Length":61,"Height":74,"Demand":1,"DemandMax":null,"Value":4514},{"Length":49,"Height":48,"Demand":1,"DemandMax":null,"Value":2352},{"Length":37,"Height":67,"Demand":1,"DemandMax":null,"Value":2479}]}