{"Name":"C2_40_S_9","Objects":[{"Length":100,"Height":100,"Stock":null,"Cost":10000}],"Items":[{"Length":11,"Height":47,"Demand":1,"DemandMax":null,"Value":517},{"Length":40,"Height":21,"Demand":3,"DemandMax":null,"Value":840},{"Length":41,"Height":46,"Demand":1,"DemandMax":null,"Value":1886},{"Length":31,"Height":23,"Demand":3,"DemandMax":null,"Value":713},{"Length":20,"Height":20,"Demand":4,"DemandMax":null,"Value":400},{"Length":15,"Height":34,"Demand":1,"DemandMax":null,"Value":510},{"Length":35,"Height":40,"Demand":4,"DemandMax":null,"Value":1400},{"Length":35,"Height":17,"Demand":3,"DemandMax":null,"Value":595},{"Length":38,"Height":45,"Demand":2,"DemandMax":null,"Value":1710},{"Length":36,"Height":49,"Demand":4,"DemandMax":null,"Value":1764},{"Length":46,"Height":39,"Demand":3,"DemandMax":null,"Value":1794},{"Length":26,"Height":31,"Demand":2,"DemandMax":null,"Value":806},{"Length":35,"Height":49,"Demand":2,"DemandMax":null,"Value":1715},{"Length":38,"Height":32,"Demand":3,"DemandMax":null,"Value":1216},{"Length":13,"Height":25,"Demand":1,"DemandMax":null,"Value":325},{"Length":40,"Height":34,"Demand":2,"DemandMax":null,"Value":1360},{"Length":38,"Height":29,"Demand":8,"DemandMax":null,"Value":1102},{"Length":30,"Height":15,"Demand":1,"DemandMax":null,"Value":450},{"Length":20,"Height":39,"Demand":2,"DemandMax":null,"Value":780},{"Length":39,"Height":33,"Demand":1,"DemandMax":null,"Value":1287},{"Length":39,"Height":30,"Demand":3,"DemandMax":null,"Value":1170},{"Length":27,"Height":14,"Demand":1,"DemandMax":null,"Value":378},{"Length":31,"Height":20,"Demand":3,"DemandMax":null,"Value":620},{"Length":10,"Height":18,"Demand":4,"DemandMax":null,"Value":180},{"Length":43,"Height":20,"Demand":2,"DemandMax":null,"Value":860},{"Length":28,"Height":15,"Demand":2,"DemandMax":null,"Value":420},{"Length":32,"Height":44,"Demand":4,"DemandMax":null,"Value":1408},{"Length":41,"Height":41,"Demand":1,"DemandMax":null,"Value":1681},{"Length":47,"Height":16,"Demand":3,"DemandMax":null,"Value":752},{"Length":24,"Height":32,"Demand":1,"DemandMax":null,"Value":768},{"Length":34,"Height":13,"Demand":1,"DemandMax":null,"Value":442},{"Length":18,"Height":20,"Demand":2,"DemandMax":null,"Value":360},{"Length":19,"Height":38,"Demand":3,"DemandMax":null,"Value":722},{"Length":20,"Height":22,"Demand":4,"DemandMax":null,"Value":440},{"Length":28,"Height":39,"Demand":1,"DemandMax":null,"Value":1092},{"Length":13,"Height":38,"Demand":3,"DemandMax":null,"Value":494},{"Length":44,"Height":13,"Demand":1,"DemandMax":null,"Value":572},{"Length":48,"Height":30,"Demand":3,"DemandMax":null,"Value":1440},{"Length":25,"Height":15,"Demand":4,"DemandMax":null,"Value":375}]}