{"Name":"C1_50_S_6","Objects":[{"Length":100,"Height":100,"Stock":null,"Cost":10000}],"Items":[{"Length":37,"Height":35,"Demand":4,"DemandMax":null,"Value":1295},{"Length":42,"Height":21,"Demand":9,"DemandMax":null,"Value":882},{"Length":28,"Height":49,"Demand":5,"DemandMax":null,"Value":1372},{"Length":23,"Height":39,"Demand":4,"DemandMax":null,"Value":897},{"Length":48,"Height":17,"Demand":8,"DemandMax":null,"Value":816},{"Length":41,"Height":12,"Demand":12,"DemandMax":null,"Value":492},{"Length":49,"Height":28,"Demand":6,"DemandMax":null,"Value":1372},{"Length":33,"Height":15,"Demand":2,"DemandMax":null,"Value":495},{"Length":46,"Height":41,"Demand":1,"DemandMax":null,"Value":1886},{"Length":18,"Height":26,"Demand":9,"DemandMax":null,"Value":468},{"Length":42,"Height":46,"Demand":4,"DemandMax":null,"Value":1932},{"Length":32,"Height":35,"Demand":2,"DemandMax":null,"Value":1120},{"Length":19,"Height":31,"Demand":5,"DemandMax":null,"Value":589},{"Length":12,"Height":21,"Demand":17,"DemandMax":null,"Value":252},{"Length":22,"Height":40,"Demand":3,"DemandMax":null,"Value":880},{"Length":46,"Height":24,"Demand":8,"DemandMax":null,"Value":1104},{"Length":48,"Height":36,"Demand":4,"DemandMax":null,"Value":1728},{"Length":11,"Height":37,"Demand":16,"DemandMax":null,"Value":407},{"Length":13,"Height":41,"Demand":7,"DemandMax":null,"Value":533},{"Length":19,"Height":22,"Demand":9,"DemandMax":null,"Value":418},{"Length":45,"Height":23,"Demand":6,"DemandMax":null,"Value":1035},{"Length":23,"Height":40,"Demand":6,"DemandMax":null,"Value":920},{"Length":28,"Height":34,"Demand":2,"DemandMax":null,"Value":952},{"Length":31,"Height":37,"Demand":5,"DemandMax":null,"Value":1147},{"Length":48,"Height":46,"Demand":2,"DemandMax":null,"Value":2208},{"Length":11,"Height":32,"Demand":12,"DemandMax":null,"Value":352},{"Length":14,"Height":22,"Demand":26,"DemandMax":null,"Value":308},{"Length":47,"Height":21,"Demand":7,"DemandMax":null,"Value":987},{"Length":19,"Height":43,"Demand":6,"DemandMax":null,"Value":817},{"Length":47,"Height":13,"Demand":10,"DemandMax":null,"Value":611},{"Length":41,"Height":11,"Demand":7,"DemandMax":null,"Value":451},{"Length":40,"Height":32,"Demand":6,"DemandMax":null,"Value":1280},{"Length":24,"Height":18,"Demand":1,"DemandMax":null,"Value":432},{"Length":45,"Height":32,"Demand":6,"DemandMax":null,"Value":1440},{"Length":46,"Height":39,"Demand":4,"DemandMax":null,"Value":1794},{"Length":23,"Height":42,"Demand":7,"DemandMax":null,"Value":966},{"Length":33,"Height":44,"Demand":1,"DemandMax":null,"Value":1452},{"Length":18,"Height":21,"Demand":8,"DemandMax":null,"Value":378},{"Length":43,"Height":23,"Demand":3,"DemandMax":null,"Value":989},{"Length":19,"Height":18,"Demand":11,"DemandMax":null,"Value":342},{"Length":40,"Height":47,"Demand":3,"DemandMax":null,"Value":1880},{"Length":43,"Height":29,"Demand":1,"DemandMax":null,"Value":1247},{"Length":49,"Height":44,"Demand":3,"DemandMax":null,"Value":2156},{"Length":41,"Height":31,"Demand":5,"DemandMax":null,"Value":1271},{"Length":28,"Height":25,"Demand":9,"DemandMax":null,"Value":700},{"Length":16,"Height":32,"Demand":6,"DemandMax":null,"Value":512},{"Length":17,"Height":21,"Demand":10,"DemandMax":null,"Value":357},{"Length":48,"Height":20,"Demand":6,"DemandMax":null,"Value":960},{"Length":29,"Height":38,"Demand":3,"DemandMax":null,"Value":1102}]}