{"Name":"C1_20_S_5","Objects":[{"Length":100,"Height":100,"Stock":null,"Cost":10000}],"Items":[{"Length":15,"Height":37,"Demand":8,"DemandMax":null,"Value":555},{"Length":33,"Height":46,"Demand":2,"DemandMax":null,"Value":1518},{"Length":31,"Height":36,"Demand":3,"DemandMax":null,"Value":1116},{"Length":34,"Height":23,"Demand":1,"DemandMax":null,"Value":782},{"Length":35,"Height":41,"Demand":1,"DemandMax":null,"Value":1435},{"Length":35,"Height":11,"Demand":8,"DemandMax":null,"Value":385},{"Length":36,"Height":15,"Demand":4,"DemandMax":null,"Value":540},{"Length":30,"Height":37,"Demand":3,"DemandMax":null,"Value":1110},{"Length":12,"Height":17,"Demand":17,"DemandMax":null,"Value":204},{"Length":24,"Height":25,"Demand":13,"DemandMax":null,"Value":600},{"Length":31,"Height":25,"Demand":2,"DemandMax":null,"Value":775},{"Length":14,"Height":46,"Demand":2,"DemandMax":null,"Value":644},{"Length":35,"Height":20,"Demand":8,"DemandMax":null,"Value":700},{"Length":40,"Height":14,"Demand":5,"DemandMax":null,"Value":560},{"Length":44,"Height":26,"Demand":4,"DemandMax":null,"Value":1144},{"Length":23,"Height":48,"Demand":4,"DemandMax":null,"Value":1104},{"Length":35,"Height":22,"Demand":1,"DemandMax":null,"Value":770},{"Length":20,"Height":47,"Demand":3,"DemandMax":null,"Value":940},{"Length":22,"Height":13,"Demand":7,"DemandMax":null,"Value":286},{"Length":35,"Height":32,"Demand":1,"DemandMax":null,"Value":1120}]}