{"Name":"C3_10_L_15","Objects":[{"Length":100,"Height":100,"Stock":null,"Cost":10000}],"Items":[{"Length":54,"Height":44,"Demand":1,"DemandMax":null,"Value":2376},{"Length":59,"Height":25,"Demand":1,"DemandMax":null,"Value":1475},{"Length":73,"Height":41,"Demand":1,"DemandMax":null,"Value":2993},{"Length":52,"Height":33,"Demand":1,"DemandMax":null,"Value":1716},{"Length":45,"Height":66,"Demand":1,"DemandMax":null,"Value":2970},{"Length":73,"Height":49,"Demand":1,"DemandMax":null,"Value":3577},{"Length":61,"Height":46,"Demand":1,"DemandMax":null,"Value":2806},{"Length":42,"Height":34,"Demand":1,"DemandMax":null,"Value":1428},{"Length":34,"Height":35,"Demand":1,"DemandMax":null,"Value":1190},{"Length":55,"Height":36,"Demand":1,"DemandMax":null,"Value":1980}]}