{"Name":"C1_40_L_15","Objects":[{"Length":100,"Height":100,"Stock":null,"Cost":10000}],"Items":[{"Length":25,"Height":71,"Demand":1,"DemandMax":null,"Value":1775},{"Length":36,"Height":40,"Demand":3,"DemandMax":null,"Value":1440},{"Length":43,"Height":65,"Demand":1,"DemandMax":null,"Value":2795},{"Length":65,"Height":38,"Demand":2,"DemandMax":null,"Value":2470},{"Length":29,"Height":60,"Demand":1,"DemandMax":null,"Value":1740},{"Length":68,"Height":44,"Demand":2,"DemandMax":null,"Value":2992},{"Length":68,"Height":65,"Demand":1,"DemandMax":null,"Value":4420},{"Length":35,"Height":65,"Demand":2,"DemandMax":null,"Value":2275},{"Length":32,"Height":29,"Demand":9,"DemandMax":null,"Value":928},{"Length":36,"Height":45,"Demand":1,"DemandMax":null,"Value":1620},{"Length":36,"Height":39,"Demand":2,"DemandMax":null,"Value":1404},{"Length":64,"Height":61,"Demand":1,"DemandMax":null,"Value":3904},{"Length":45,"Height":29,"Demand":1,"DemandMax":null,"Value":1305},{"Length":43,"Height":29,"Demand":2,"DemandMax":null,"Value":1247},{"Length":72,"Height":35,"Demand":2,"DemandMax":null,"Value":2520},{"Length":26,"Height":38,"Demand":6,"DemandMax":null,"Value":988},{"Length":35,"Height":52,"Demand":2,"DemandMax":null,"Value":1820},{"Length":30,"Height":54,"Demand":3,"DemandMax":null,"Value":1620},{"Length":58,"Height":30,"Demand":3,"DemandMax":null,"Value":1740},{"Length":45,"Height":37,"Demand":2,"DemandMax":null,"Value":1665},{"Length":60,"Height":37,"Demand":1,"DemandMax":null,"Value":2220},{"Length":34,"Height":29,"Demand":6,"DemandMax":null,"Value":986},{"Length":28,"Height":36,"Demand":1,"DemandMax":null,"Value":1008},{"Length":33,"Height":53,"Demand":2,"DemandMax":null,"Value":1749},{"Length":42,"Height":55,"Demand":1,"DemandMax":null,"Value":2310},{"Length":64,"Height":73,"Demand":1,"DemandMax":null,"Value":4672},{"Length":44,"Height":32,"Demand":3,"DemandMax":null,"Value":1408},{"Length":39,"Height":60,"Demand":1,"DemandMax":null,"Value":2340},{"Length":67,"Height":56,"Demand":1,"DemandMax":null,"Value":3752},{"Length":49,"Height":29,"Demand":4,"DemandMax":null,"Value":1421},{"Length":46,"Height":36,"Demand":4,"DemandMax":null,"Value":1656},{"Length":41,"Height":51,"Demand":2,"DemandMax":null,"Value":2091},{"Length":61,"Height":29,"Demand":3,"DemandMax":null,"Value":1769},{"Length":65,"Height":27,"Demand":1,"DemandMax":null,"Value":1755},{"Length":37,"Height":47,"Demand":3,"DemandMax":null,"Value":1739},{"Length":27,"Height":62,"Demand":1,"DemandMax":null,"Value":1674},{"Length":58,"Height":70,"Demand":1,"DemandMax":null,"Value":4060},{"Length":68,"Height":42,"Demand":2,"DemandMax":null,"Value":2856},{"Length":30,"Height":31,"Demand":7,"DemandMax":null,"Value":930},{"Length":65,"Height":68,"Demand":1,"DemandMax":null,"Value":4420}]}