{"Name":"C1_40_S_12","Objects":[{"Length":100,"Height":100,"Stock":null,"Cost":10000}],"Items":[{"Length":15,"Height":13,"Demand":46,"DemandMax":null,"Value":195},{"Length":20,"Height":44,"Demand":8,"DemandMax":null,"Value":880},{"Length":11,"Height":20,"Demand":17,"DemandMax":null,"Value":220},{"Length":29,"Height":21,"Demand":2,"DemandMax":null,"Value":609},{"Length":10,"Height":47,"Demand":3,"DemandMax":null,"Value":470},{"Length":17,"Height":37,"Demand":5,"DemandMax":null,"Value":629},{"Length":39,"Height":48,"Demand":2,"DemandMax":null,"Value":1872},{"Length":29,"Height":25,"Demand":8,"DemandMax":null,"Value":725},{"Length":38,"Height":41,"Demand":1,"DemandMax":null,"Value":1558},{"Length":19,"Height":12,"Demand":25,"DemandMax":null,"Value":228},{"Length":31,"Height":13,"Demand":14,"DemandMax":null,"Value":403},{"Length":27,"Height":38,"Demand":6,"DemandMax":null,"Value":1026},{"Length":43,"Height":15,"Demand":3,"DemandMax":null,"Value":645},{"Length":42,"Height":39,"Demand":3,"DemandMax":null,"Value":1638},{"Length":15,"Height":23,"Demand":21,"DemandMax":null,"Value":345},{"Length":30,"Height":13,"Demand":19,"DemandMax":null,"Value":390},{"Length":47,"Height":43,"Demand":4,"DemandMax":null,"Value":2021},{"Length":32,"Height":12,"Demand":16,"DemandMax":null,"Value":384},{"Length":38,"Height":42,"Demand":2,"DemandMax":null,"Value":1596},{"Length":10,"Height":25,"Demand":23,"DemandMax":null,"Value":250},{"Length":44,"Height":26,"Demand":4,"DemandMax":null,"Value":1144},{"Length":23,"Height":48,"Demand":5,"DemandMax":null,"Value":1104},{"Length":13,"Height":12,"Demand":3,"DemandMax":null,"Value":156},{"Length":41,"Height":47,"Demand":2,"DemandMax":null,"Value":1927},{"Length":30,"Height":39,"Demand":5,"DemandMax":null,"Value":1170},{"Length":37,"Height":45,"Demand":1,"DemandMax":null,"Value":1665},{"Length":12,"Height":27,"Demand":10,"DemandMax":null,"Value":324},{"Length":22,"Height":11,"Demand":9,"DemandMax":null,"Value":242},{"Length":21,"Height":26,"Demand":1,"DemandMax":null,"Value":546},{"Length":27,"Height":13,"Demand":4,"DemandMax":null,"Value":351},{"Length":15,"Height":49,"Demand":11,"DemandMax":null,"Value":735},{"Length":11,"Height":24,"Demand":28,"DemandMax":null,"Value":264},{"Length":12,"Height":43,"Demand":8,"DemandMax":null,"Value":516},{"Length":12,"Height":22,"Demand":25,"DemandMax":null,"Value":264},{"Length":24,"Height":47,"Demand":1,"DemandMax":null,"Value":1128},{"Length":46,"Height":16,"Demand":10,"DemandMax":null,"Value":736},{"Length":31,"Height":11,"Demand":9,"DemandMax":null,"Value":341},{"Length":47,"Height":45,"Demand":4,"DemandMax":null,"Value":2115},{"Length":20,"Height":14,"Demand":20,"DemandMax":null,"Value":280}]}