{"Name":"C1_30_L_5","Objects":[{"Length":100,"Height":100,"Stock":null,"Cost":10000}],"Items":[{"Length":49,"Height":52,"Demand":1,"DemandMax":null,"Value":2548},{"Length":32,"Height":65,"Demand":2,"DemandMax":null,"Value":2080},{"Length":50,"Height":37,"Demand":4,"DemandMax":null,"Value":1850},{"Length":46,"Height":57,"Demand":2,"DemandMax":null,"Value":2622},{"Length":62,"Height":34,"Demand":2,"DemandMax":null,"Value":2108},{"Length":63,"Height":56,"Demand":1,"DemandMax":null,"Value":3528},{"Length":26,"Height":42,"Demand":4,"DemandMax":null,"Value":1092},{"Length":58,"Height":28,"Demand":1,"DemandMax":null,"Value":1624},{"Length":36,"Height":68,"Demand":1,"DemandMax":null,"Value":2448},{"Length":44,"Height":26,"Demand":3,"DemandMax":null,"Value":1144},{"Length":59,"Height":69,"Demand":1,"DemandMax":null,"Value":4071},{"Length":39,"Height":68,"Demand":2,"DemandMax":null,"Value":2652},{"Length":65,"Height":34,"Demand":1,"DemandMax":null,"Value":2210},{"Length":73,"Height":69,"Demand":1,"DemandMax":null,"Value":5037},{"Length":55,"Height":57,"Demand":1,"DemandMax":null,"Value":3135},{"Length":65,"Height":63,"Demand":1,"DemandMax":null,"Value":4095},{"Length":54,"Height":44,"Demand":2,"DemandMax":null,"Value":2376},{"Length":55,"Height":55,"Demand":1,"DemandMax":null,"Value":3025},{"Length":69,"Height":57,"Demand":1,"DemandMax":null,"Value":3933},{"Length":53,"Height":42,"Demand":1,"DemandMax":null,"Value":2226},{"Length":38,"Height":67,"Demand":2,"DemandMax":null,"Value":2546},{"Length":63,"Height":50,"Demand":2,"DemandMax":null,"Value":3150},{"Length":44,"Height":62,"Demand":1,"DemandMax":null,"Value":2728},{"Length":53,"Height":34,"Demand":2,"DemandMax":null,"Value":1802},{"Length":73,"Height":38,"Demand":2,"DemandMax":null,"Value":2774},{"Length":39,"Height":49,"Demand":4,"DemandMax":null,"Value":1911},{"Length":71,"Height":44,"Demand":1,"DemandMax":null,"Value":3124},{"Length":42,"Height":36,"Demand":1,"DemandMax":null,"Value":1512},{"Length":27,"Height":35,"Demand":6,"DemandMax":null,"Value":945},{"Length":49,"Height":54,"Demand":2,"DemandMax":null,"Value":2646}]}