{"Name":"C1_30_S_1","Objects":[{"Length":100,"Height":100,"Stock":null,"Cost":10000}],"Items":[{"Length":30,"Height":23,"Demand":12,"DemandMax":null,"Value":690},{"Length":18,"Height":26,"Demand":11,"DemandMax":null,"Value":468},{"Length":15,"Height":10,"Demand":56,"DemandMax":null,"Value":150},{"Length":33,"Height":20,"Demand":2,"DemandMax":null,"Value":660},{"Length":24,"Height":49,"Demand":5,"DemandMax":null,"Value":1176},{"Length":17,"Height":17,"Demand":24,"DemandMax":null,"Value":289},{"Length":41,"Height":47,"Demand":4,"DemandMax":null,"Value":1927},{"Length":26,"Height":20,"Demand":6,"DemandMax":null,"Value":520},{"Length":44,"Height":35,"Demand":2,"DemandMax":null,"Value":1540},{"Length":44,"Height":20,"Demand":5,"DemandMax":null,"Value":880},{"Length":42,"Height":37,"Demand":2,"DemandMax":null,"Value":1554},{"Length":46,"Height":20,"Demand":3,"DemandMax":null,"Value":920},{"Length":41,"Height":12,"Demand":16,"DemandMax":null,"Value":492},{"Length":25,"Height":40,"Demand":5,"DemandMax":null,"Value":1000},{"Length":24,"Height":43,"Demand":5,"DemandMax":null,"Value":1032},{"Length":45,"Height":28,"Demand":3,"DemandMax":null,"Value":1260},{"Length":48,"Height":24,"Demand":6,"DemandMax":null,"Value":1152},{"Length":49,"Height":19,"Demand":5,"DemandMax":null,"Value":931},{"Length":27,"Height":29,"Demand":6,"DemandMax":null,"Value":783},{"Length":31,"Height":39,"Demand":4,"DemandMax":null,"Value":1209},{"Length":47,"Height":11,"Demand":9,"DemandMax":null,"Value":517},{"Length":29,"Height":37,"Demand":4,"DemandMax":null,"Value":1073},{"Length":13,"Height":36,"Demand":8,"DemandMax":null,"Value":468},{"Length":28,"Height":48,"Demand":4,"DemandMax":null,"Value":1344},{"Length":14,"Height":38,"Demand":11,"DemandMax":null,"Value":532},{"Length":14,"Height":43,"Demand":9,"DemandMax":null,"Value":602},{"Length":25,"Height":24,"Demand":11,"DemandMax":null,"Value":600},{"Length":38,"Height":15,"Demand":11,"DemandMax":null,"Value":570},{"Length":12,"Height":49,"Demand":13,"DemandMax":null,"Value":588},{"Length":25,"Height":41,"Demand":3,"DemandMax":null,"Value":1025}]}