{"Name":"C3_40_S_3","Objects":[{"Length":100,"Height":100,"Stock":null,"Cost":10000}],"Items":[{"Length":34,"Height":12,"Demand":1,"DemandMax":null,"Value":408},{"Length":39,"Height":41,"Demand":1,"DemandMax":null,"Value":1599},{"Length":38,"Height":38,"Demand":1,"DemandMax":null,"Value":1444},{"Length":36,"Height":35,"Demand":1,"DemandMax":null,"Value":1260},{"Length":30,"Height":49,"Demand":1,"DemandMax":null,"Value":1470},{"Length":38,"Height":29,"Demand":1,"DemandMax":null,"Value":1102},{"Length":40,"Height":10,"Demand":1,"DemandMax":null,"Value":400},{"Length":23,"Height":15,"Demand":1,"DemandMax":null,"Value":345},{"Length":35,"Height":41,"Demand":1,"DemandMax":null,"Value":1435},{"Length":19,"Height":27,"Demand":1,"DemandMax":null,"Value":513},{"Length":14,"Height":39,"Demand":1,"DemandMax":null,"Value":546},{"Length":25,"Height":42,"Demand":1,"DemandMax":null,"Value":1050},{"Length":33,"Height":26,"Demand":1,"DemandMax":null,"Value":858},{"Length":46,"Height":32,"Demand":1,"DemandMax":null,"Value":1472},{"Length":49,"Height":40,"Demand":1,"DemandMax":null,"Value":1960},{"Length":44,"Height":19,"Demand":1,"DemandMax":null,"Value":836},{"Length":45,"Height":12,"Demand":1,"DemandMax":null,"Value":540},{"Length":37,"Height":48,"Demand":1,"DemandMax":null,"Value":1776},{"Length":45,"Height":28,"Demand":1,"DemandMax":null,"Value":1260},{"Length":13,"Height":38,"Demand":1,"DemandMax":null,"Value":494},{"Length":49,"Height":20,"Demand":1,"DemandMax":null,"Value":980},{"Length":13,"Height":33,"Demand":1,"DemandMax":null,"Value":429},{"Length":12,"Height":20,"Demand":1,"DemandMax":null,"Value":240},{"Length":18,"Height":46,"Demand":1,"DemandMax":null,"Value":828},{"Length":10,"Height":46,"Demand":1,"DemandMax":null,"Value":460},{"Length":31,"Height":29,"Demand":1,"DemandMax":null,"Value":899},{"Length":13,"Height":45,"Demand":1,"DemandMax":null,"Value":585},{"Length":14,"Height":22,"Demand":1,"DemandMax":null,"Value":308},{"Length":27,"Height":28,"Demand":1,"DemandMax":null,"Value":756},{"Length":19,"Height":41,"Demand":1,"DemandMax":null,"Value":779},{"Length":15,"Height":42,"Demand":1,"DemandMax":null,"Value":630},{"Length":28,"Height":10,"Demand":1,"DemandMax":null,"Value":280},{"Length":33,"Height":12,"Demand":1,"DemandMax":null,"Value":396},{"Length":17,"Height":47,"Demand":1,"DemandMax":null,"Value":799},{"Length":11,"Height":40,"Demand":1,"DemandMax":null,"Value":440},{"Length":23,"Height":17,"Demand":1,"DemandMax":null,"Value":391},{"Length":38,"Height":48,"Demand":1,"DemandMax":null,"Value":1824},{"Length":34,"Height":46,"Demand":1,"DemandMax":null,"Value":1564},{"Length":20,"Height":22,"Demand":1,"DemandMax":null,"Value":440},{"Length":48,"Height":17,"Demand":1,"DemandMax":null,"Value":816}]}