{"Name":"C2_20_L_1","Objects":[{"Length":100,"Height":100,"Stock":null,"Cost":10000}],"Items":[{"Length":73,"Height":64,"Demand":3,"DemandMax":null,"Value":4672},{"Length":67,"Height":51,"Demand":1,"DemandMax":null,"Value":3417},{"Length":50,"Height":48,"Demand":2,"DemandMax":null,"Value":2400},{"Length":26,"Height":45,"Demand":1,"DemandMax":null,"Value":1170},{"Length":34,"Height":62,"Demand":3,"DemandMax":null,"Value":2108},{"Length":56,"Height":43,"Demand":3,"DemandMax":null,"Value":2408},{"Length":54,"Height":68,"Demand":4,"DemandMax":null,"Value":3672},{"Length":65,"Height":29,"Demand":2,"DemandMax":null,"Value":1885},{"Length":74,"Height":71,"Demand":2,"DemandMax":null,"Value":5254},{"Length":53,"Height":36,"Demand":1,"DemandMax":null,"Value":1908},{"Length":45,"Height":42,"Demand":2,"DemandMax":null,"Value":1890},{"Length":45,"Height":57,"Demand":1,"DemandMax":null,"Value":2565},{"Length":43,"Height":53,"Demand":4,"DemandMax":null,"Value":2279},{"Length":40,"Height":53,"Demand":4,"DemandMax":null,"Value":2120},{"Length":73,"Height":44,"Demand":3,"DemandMax":null,"Value":3212},{"Length":65,"Height":66,"Demand":2,"DemandMax":null,"Value":4290},{"Length":38,"Height":52,"Demand":3,"DemandMax":null,"Value":1976},{"Length":42,"Height":46,"Demand":2,"DemandMax":null,"Value":1932},{"Length":55,"Height":40,"Demand":3,"DemandMax":null,"Value":2200},{"Length":31,"Height":49,"Demand":1,"DemandMax":null,"Value":1519}]}