{"Name":"C2_30_S_13","Objects":[{"Length":100,"Height":100,"Stock":null,"Cost":10000}],"Items":[{"Length":25,"Height":42,"Demand":1,"DemandMax":null,"Value":1050},{"Length":28,"Height":47,"Demand":4,"DemandMax":null,"Value":1316},{"Length":40,"Height":31,"Demand":4,"DemandMax":null,"Value":1240},{"Length":16,"Height":26,"Demand":4,"DemandMax":null,"Value":416},{"Length":43,"Height":34,"Demand":1,"DemandMax":null,"Value":1462},{"Length":40,"Height":30,"Demand":1,"DemandMax":null,"Value":1200},{"Length":28,"Height":48,"Demand":2,"DemandMax":null,"Value":1344},{"Length":35,"Height":12,"Demand":3,"DemandMax":null,"Value":420},{"Length":38,"Height":18,"Demand":3,"DemandMax":null,"Value":684},{"Length":49,"Height":47,"Demand":1,"DemandMax":null,"Value":2303},{"Length":14,"Height":49,"Demand":1,"DemandMax":null,"Value":686},{"Length":25,"Height":22,"Demand":2,"DemandMax":null,"Value":550},{"Length":39,"Height":39,"Demand":1,"DemandMax":null,"Value":1521},{"Length":37,"Height":23,"Demand":2,"DemandMax":null,"Value":851},{"Length":45,"Height":35,"Demand":2,"DemandMax":null,"Value":1575},{"Length":22,"Height":14,"Demand":3,"DemandMax":null,"Value":308},{"Length":34,"Height":12,"Demand":4,"DemandMax":null,"Value":408},{"Length":45,"Height":26,"Demand":2,"DemandMax":null,"Value":1170},{"Length":47,"Height":38,"Demand":3,"DemandMax":null,"Value":1786},{"Length":16,"Height":10,"Demand":2,"DemandMax":null,"Value":160},{"Length":34,"Height":32,"Demand":3,"DemandMax":null,"Value":1088},{"Length":38,"Height":35,"Demand":4,"DemandMax":null,"Value":1330},{"Length":30,"Height":47,"Demand":2,"DemandMax":null,"Value":1410},{"Length":43,"Height":15,"Demand":4,"DemandMax":null,"Value":645},{"Length":47,"Height":22,"Demand":2,"DemandMax":null,"Value":1034},{"Length":23,"Height":26,"Demand":2,"DemandMax":null,"Value":598},{"Length":24,"Height":43,"Demand":2,"DemandMax":null,"Value":1032},{"Length":27,"Height":25,"Demand":4,"DemandMax":null,"Value":675},{"Length":34,"Height":39,"Demand":1,"DemandMax":null,"Value":1326},{"Length":43,"Height":39,"Demand":2,"DemandMax":null,"Value":1677}]}