{"Name":"C1_30_L_15","Objects":[{"Length":100,"Height":100,"Stock":null,"Cost":10000}],"Items":[{"Length":33,"Height":67,"Demand":1,"DemandMax":null,"Value":2211},{"Length":43,"Height":44,"Demand":4,"DemandMax":null,"Value":1892},{"Length":74,"Height":34,"Demand":1,"DemandMax":null,"Value":2516},{"Length":32,"Height":33,"Demand":2,"DemandMax":null,"Value":1056},{"Length":69,"Height":67,"Demand":1,"DemandMax":null,"Value":4623},{"Length":67,"Height":67,"Demand":1,"DemandMax":null,"Value":4489},{"Length":64,"Height":72,"Demand":1,"DemandMax":null,"Value":4608},{"Length":26,"Height":27,"Demand":7,"DemandMax":null,"Value":702},{"Length":45,"Height":73,"Demand":1,"DemandMax":null,"Value":3285},{"Length":45,"Height":51,"Demand":2,"DemandMax":null,"Value":2295},{"Length":34,"Height":33,"Demand":3,"DemandMax":null,"Value":1122},{"Length":33,"Height":68,"Demand":3,"DemandMax":null,"Value":2244},{"Length":62,"Height":45,"Demand":2,"DemandMax":null,"Value":2790},{"Length":70,"Height":48,"Demand":1,"DemandMax":null,"Value":3360},{"Length":34,"Height":54,"Demand":2,"DemandMax":null,"Value":1836},{"Length":73,"Height":34,"Demand":2,"DemandMax":null,"Value":2482},{"Length":54,"Height":73,"Demand":1,"DemandMax":null,"Value":3942},{"Length":37,"Height":64,"Demand":1,"DemandMax":null,"Value":2368},{"Length":63,"Height":64,"Demand":1,"DemandMax":null,"Value":4032},{"Length":28,"Height":47,"Demand":2,"DemandMax":null,"Value":1316},{"Length":55,"Height":58,"Demand":1,"DemandMax":null,"Value":3190},{"Length":32,"Height":26,"Demand":8,"DemandMax":null,"Value":832},{"Length":28,"Height":44,"Demand":5,"DemandMax":null,"Value":1232},{"Length":72,"Height":41,"Demand":2,"DemandMax":null,"Value":2952},{"Length":53,"Height":67,"Demand":1,"DemandMax":null,"Value":3551},{"Length":56,"Height":51,"Demand":1,"DemandMax":null,"Value":2856},{"Length":52,"Height":26,"Demand":2,"DemandMax":null,"Value":1352},{"Length":54,"Height":25,"Demand":4,"DemandMax":null,"Value":1350},{"Length":63,"Height":51,"Demand":1,"DemandMax":null,"Value":3213},{"Length":63,"Height":31,"Demand":1,"DemandMax":null,"Value":1953}]}