{"Name":"C1_50_L_10","Objects":[{"Length":100,"Height":100,"Stock":null,"Cost":10000}],"Items":[{"Length":30,"Height":36,"Demand":1,"DemandMax":null,"Value":1080},{"Length":61,"Height":47,"Demand":1,"DemandMax":null,"Value":2867},{"Length":47,"Height":63,"Demand":2,"DemandMax":null,"Value":2961},{"Length":53,"Height":50,"Demand":2,"DemandMax":null,"Value":2650},{"Length":33,"Height":43,"Demand":3,"DemandMax":null,"Value":1419},{"Length":70,"Height":63,"Demand":1,"DemandMax":null,"Value":4410},{"Length":47,"Height":68,"Demand":2,"DemandMax":null,"Value":3196},{"Length":45,"Height":40,"Demand":1,"DemandMax":null,"Value":1800},{"Length":64,"Height":39,"Demand":4,"DemandMax":null,"Value":2496},{"Length":42,"Height":63,"Demand":2,"DemandMax":null,"Value":2646},{"Length":65,"Height":60,"Demand":1,"DemandMax":null,"Value":3900},{"Length":59,"Height":64,"Demand":1,"DemandMax":null,"Value":3776},{"Length":72,"Height":59,"Demand":1,"DemandMax":null,"Value":4248},{"Length":61,"Height":25,"Demand":3,"DemandMax":null,"Value":1525},{"Length":71,"Height":58,"Demand":1,"DemandMax":null,"Value":4118},{"Length":37,"Height":41,"Demand":4,"DemandMax":null,"Value":1517},{"Length":64,"Height":62,"Demand":1,"DemandMax":null,"Value":3968},{"Length":51,"Height":32,"Demand":1,"DemandMax":null,"Value":1632},{"Length":61,"Height":68,"Demand":1,"DemandMax":null,"Value":4148},{"Length":71,"Height":53,"Demand":1,"DemandMax":null,"Value":3763},{"Length":60,"Height":63,"Demand":1,"DemandMax":null,"Value":3780},{"Length":43,"Height":29,"Demand":1,"DemandMax":null,"Value":1247},{"Length":38,"Height":62,"Demand":1,"DemandMax":null,"Value":2356},{"Length":58,"Height":25,"Demand":4,"DemandMax":null,"Value":1450},{"Length":65,"Height":58,"Demand":1,"DemandMax":null,"Value":3770},{"Length":66,"Height":26,"Demand":3,"DemandMax":null,"Value":1716},{"Length":50,"Height":52,"Demand":1,"DemandMax":null,"Value":2600},{"Length":72,"Height":33,"Demand":3,"DemandMax":null,"Value":2376},{"Length":69,"Height":40,"Demand":1,"DemandMax":null,"Value":2760},{"Length":34,"Height":48,"Demand":1,"DemandMax":null,"Value":1632},{"Length":69,"Height":37,"Demand":2,"DemandMax":null,"Value":2553},{"Length":63,"Height":25,"Demand":1,"DemandMax":null,"Value":1575},{"Length":36,"Height":71,"Demand":2,"DemandMax":null,"Value":2556},{"Length":51,"Height":33,"Demand":5,"DemandMax":null,"Value":1683},{"Length":66,"Height":65,"Demand":1,"DemandMax":null,"Value":4290},{"Length":33,"Height":73,"Demand":3,"DemandMax":null,"Value":2409},{"Length":72,"Height":61,"Demand":1,"DemandMax":null,"Value":4392},{"Length":39,"Height":60,"Demand":2,"DemandMax":null,"Value":2340},{"Length":64,"Height":27,"Demand":1,"DemandMax":null,"Value":1728},{"Length":43,"Height":58,"Demand":1,"DemandMax":null,"Value":2494},{"Length":32,"Height":50,"Demand":2,"DemandMax":null,"Value":1600},{"Length":64,"Height":74,"Demand":1,"DemandMax":null,"Value":4736},{"Length":64,"Height":59,"Demand":1,"DemandMax":null,"Value":3776},{"Length":73,"Height":28,"Demand":1,"DemandMax":null,"Value":2044},{"Length":54,"Height":69,"Demand":1,"DemandMax":null,"Value":3726},{"Length":60,"Height":42,"Demand":2,"DemandMax":null,"Value":2520},{"Length":54,"Height":39,"Demand":2,"DemandMax":null,"Value":2106},{"Length":66,"Height":32,"Demand":3,"DemandMax":null,"Value":2112}]}