{"Name":"C2_10_L_4","Objects":[{"Length":100,"Height":100,"Stock":null,"Cost":10000}],"Items":[{"Length":41,"Height":30,"Demand":3,"DemandMax":null,"Value":1230},{"Length":38,"Height":59,"Demand":3,"DemandMax":null,"Value":2242},{"Length":74,"Height":42,"Demand":1,"DemandMax":null,"Value":3108},{"Length":44,"Height":58,"Demand":1,"DemandMax":null,"Value":2552},{"Length":54,"Height":48,"Demand":3,"DemandMax":null,"Value":2592},{"Length":51,"Height":72,"Demand":4,"DemandMax":null,"Value":3672},{"Length":38,"Height":33,"Demand":4,"DemandMax":null,"Value":1254},{"Length":33,"Height":34,"Demand":3,"DemandMax":null,"Value":1122},{"Length":72,"Height":28,"Demand":2,"DemandMax":null,"Value":2016},{"Length":30,"Height":59,"Demand":4,"DemandMax":null,"Value":1770}]}