{"Name":"C3_50_S_15","Objects":[{"Length":100,"Height":100,"Stock":null,"Cost":10000}],"Items":[{"Length":30,"Height":26,"Demand":1,"DemandMax":null,"Value":780},{"Length":37,"Height":36,"Demand":1,"DemandMax":null,"Value":1332},{"Length":24,"Height":21,"Demand":1,"DemandMax":null,"Value":504},{"Length":14,"Height":40,"Demand":1,"DemandMax":null,"Value":560},{"Length":14,"Height":19,"Demand":1,"DemandMax":null,"Value":266},{"Length":23,"Height":39,"Demand":1,"DemandMax":null,"Value":897},{"Length":39,"Height":24,"Demand":1,"DemandMax":null,"Value":936},{"Length":47,"Height":13,"Demand":1,"DemandMax":null,"Value":611},{"Length":19,"Height":31,"Demand":1,"DemandMax":null,"Value":589},{"Length":30,"Height":11,"Demand":1,"DemandMax":null,"Value":330},{"Length":30,"Height":46,"Demand":1,"DemandMax":null,"Value":1380},{"Length":37,"Height":34,"Demand":1,"DemandMax":null,"Value":1258},{"Length":26,"Height":41,"Demand":1,"DemandMax":null,"Value":1066},{"Length":30,"Height":18,"Demand":1,"DemandMax":null,"Value":540},{"Length":14,"Height":12,"Demand":1,"DemandMax":null,"Value":168},{"Length":47,"Height":41,"Demand":1,"DemandMax":null,"Value":1927},{"Length":20,"Height":21,"Demand":1,"DemandMax":null,"Value":420},{"Length":28,"Height":33,"Demand":1,"DemandMax":null,"Value":924},{"Length":18,"Height":31,"Demand":1,"DemandMax":null,"Value":558},{"Length":17,"Height":20,"Demand":1,"DemandMax":null,"Value":340},{"Length":12,"Height":10,"Demand":2,"DemandMax":null,"Value":120},{"Length":46,"Height":42,"Demand":1,"DemandMax":null,"Value":1932},{"Length":34,"Height":42,"Demand":1,"DemandMax":null,"Value":1428},{"Length":46,"Height":32,"Demand":1,"DemandMax":null,"Value":1472},{"Length":41,"Height":30,"Demand":1,"DemandMax":null,"Value":1230},{"Length":36,"Height":13,"Demand":1,"DemandMax":null,"Value":468},{"Length":16,"Height":24,"Demand":1,"DemandMax":null,"Value":384},{"Length":36,"Height":17,"Demand":1,"DemandMax":null,"Value":612},{"Length":19,"Height":13,"Demand":1,"DemandMax":null,"Value":247},{"Length":44,"Height":41,"Demand":1,"DemandMax":null,"Value":1804},{"Length":25,"Height":11,"Demand":1,"DemandMax":null,"Value":275},{"Length":39,"Height":30,"Demand":1,"DemandMax":null,"Value":1170},{"Length":40,"Height":39,"Demand":1,"DemandMax":null,"Value":1560},{"Length":33,"Height":42,"Demand":1,"DemandMax":null,"Value":1386},{"Length":12,"Height":22,"Demand":1,"DemandMax":null,"Value":264},{"Length":49,"Height":10,"Demand":1,"DemandMax":null,"Value":490},{"Length":48,"Height":24,"Demand":1,"DemandMax":null,"Value":1152},{"Length":26,"Height":27,"Demand":1,"DemandMax":null,"Value":702},{"Length":24,"Height":45,"Demand":1,"DemandMax":null,"Value":1080},{"Length":10,"Height":16,"Demand":1,"DemandMax":null,"Value":160},{"Length":37,"Height":42,"Demand":1,"DemandMax":null,"Value":1554},{"Length":13,"Height":11,"Demand":1,"DemandMax":null,"Value":143},{"Length":34,"Height":48,"Demand":2,"DemandMax":null,"Value":1632},{"Length":18,"Height":15,"Demand":1,"DemandMax":null,"Value":270},{"Length":42,"Height":40,"Demand":1,"DemandMax":null,"Value":1680},{"Length":26,"Height":18,"Demand":1,"DemandMax":null,"Value":468},{"Length":35,"Height":43,"Demand":1,"DemandMax":null,"Value":1505},{"Length":11,"Height":30,"Demand":1,"DemandMax":null,"Value":330}]}