{"Name":"C1_20_L_5","Objects":[{"Length":100,"Height":100,"Stock":null,"Cost":10000}],"Items":[{"Length":68,"Height":55,"Demand":1,"DemandMax":null,"Value":3740},{"Length":34,"Height":66,"Demand":1,"DemandMax":null,"Value":2244},{"Length":67,"Height":47,"Demand":1,"DemandMax":null,"Value":3149},{"Length":69,"Height":26,"Demand":1,"DemandMax":null,"Value":1794},{"Length":28,"Height":72,"Demand":1,"DemandMax":null,"Value":2016},{"Length":37,"Height":31,"Demand":5,"DemandMax":null,"Value":1147},{"Length":34,"Height":51,"Demand":2,"DemandMax":null,"Value":1734},{"Length":42,"Height":34,"Demand":2,"DemandMax":null,"Value":1428},{"Length":71,"Height":61,"Demand":1,"DemandMax":null,"Value":4331},{"Length":71,"Height":45,"Demand":2,"DemandMax":null,"Value":3195},{"Length":54,"Height":63,"Demand":1,"DemandMax":null,"Value":3402},{"Length":35,"Height":72,"Demand":2,"DemandMax":null,"Value":2520},{"Length":26,"Height":56,"Demand":1,"DemandMax":null,"Value":1456},{"Length":50,"Height":25,"Demand":1,"DemandMax":null,"Value":1250},{"Length":46,"Height":74,"Demand":1,"DemandMax":null,"Value":3404},{"Length":65,"Height":65,"Demand":1,"DemandMax":null,"Value":4225},{"Length":38,"Height":50,"Demand":4,"DemandMax":null,"Value":1900},{"Length":34,"Height":65,"Demand":1,"DemandMax":null,"Value":2210},{"Length":28,"Height":52,"Demand":3,"DemandMax":null,"Value":1456},{"Length":61,"Height":53,"Demand":1,"DemandMax":null,"Value":3233}]}