{"Name":"C2_30_S_7","Objects":[{"Length":100,"Height":100,"Stock":null,"Cost":10000}],"Items":[{"Length":13,"Height":49,"Demand":4,"DemandMax":null,"Value":637},{"Length":16,"Height":42,"Demand":1,"DemandMax":null,"Value":672},{"Length":33,"Height":30,"Demand":4,"DemandMax":null,"Value":990},{"Length":13,"Height":39,"Demand":2,"DemandMax":null,"Value":507},{"Length":44,"Height":32,"Demand":4,"DemandMax":null,"Value":1408},{"Length":45,"Height":40,"Demand":3,"DemandMax":null,"Value":1800},{"Length":12,"Height":45,"Demand":3,"DemandMax":null,"Value":540},{"Length":39,"Height":41,"Demand":2,"DemandMax":null,"Value":1599},{"Length":16,"Height":10,"Demand":2,"DemandMax":null,"Value":160},{"Length":29,"Height":32,"Demand":1,"DemandMax":null,"Value":928},{"Length":32,"Height":43,"Demand":3,"DemandMax":null,"Value":1376},{"Length":27,"Height":45,"Demand":2,"DemandMax":null,"Value":1215},{"Length":11,"Height":27,"Demand":2,"DemandMax":null,"Value":297},{"Length":14,"Height":17,"Demand":4,"DemandMax":null,"Value":238},{"Length":19,"Height":16,"Demand":3,"DemandMax":null,"Value":304},{"Length":47,"Height":18,"Demand":1,"DemandMax":null,"Value":846},{"Length":11,"Height":34,"Demand":4,"DemandMax":null,"Value":374},{"Length":49,"Height":43,"Demand":1,"DemandMax":null,"Value":2107},{"Length":48,"Height":33,"Demand":4,"DemandMax":null,"Value":1584},{"Length":23,"Height":40,"Demand":3,"DemandMax":null,"Value":920},{"Length":23,"Height":29,"Demand":1,"DemandMax":null,"Value":667},{"Length":43,"Height":17,"Demand":1,"DemandMax":null,"Value":731},{"Length":18,"Height":30,"Demand":1,"DemandMax":null,"Value":540},{"Length":20,"Height":39,"Demand":3,"DemandMax":null,"Value":780},{"Length":43,"Height":14,"Demand":3,"DemandMax":null,"Value":602},{"Length":46,"Height":40,"Demand":3,"DemandMax":null,"Value":1840},{"Length":43,"Height":21,"Demand":1,"DemandMax":null,"Value":903},{"Length":16,"Height":40,"Demand":3,"DemandMax":null,"Value":640},{"Length":41,"Height":14,"Demand":1,"DemandMax":null,"Value":574},{"Length":44,"Height":15,"Demand":2,"DemandMax":null,"Value":660}]}