{"Name":"C2_20_S_7","Objects":[{"Length":100,"Height":100,"Stock":null,"Cost":10000}],"Items":[{"Length":43,"Height":17,"Demand":4,"DemandMax":null,"Value":731},{"Length":24,"Height":36,"Demand":1,"DemandMax":null,"Value":864},{"Length":43,"Height":34,"Demand":2,"DemandMax":null,"Value":1462},{"Length":22,"Height":22,"Demand":4,"DemandMax":null,"Value":484},{"Length":43,"Height":11,"Demand":4,"DemandMax":null,"Value":473},{"Length":19,"Height":15,"Demand":4,"DemandMax":null,"Value":285},{"Length":45,"Height":14,"Demand":1,"DemandMax":null,"Value":630},{"Length":47,"Height":32,"Demand":3,"DemandMax":null,"Value":1504},{"Length":14,"Height":27,"Demand":2,"DemandMax":null,"Value":378},{"Length":11,"Height":38,"Demand":2,"DemandMax":null,"Value":418},{"Length":35,"Height":34,"Demand":4,"DemandMax":null,"Value":1190},{"Length":23,"Height":27,"Demand":2,"DemandMax":null,"Value":621},{"Length":47,"Height":42,"Demand":1,"DemandMax":null,"Value":1974},{"Length":19,"Height":38,"Demand":4,"DemandMax":null,"Value":722},{"Length":41,"Height":35,"Demand":3,"DemandMax":null,"Value":1435},{"Length":29,"Height":15,"Demand":4,"DemandMax":null,"Value":435},{"Length":39,"Height":19,"Demand":1,"DemandMax":null,"Value":741},{"Length":38,"Height":38,"Demand":1,"DemandMax":null,"Value":1444},{"Length":10,"Height":37,"Demand":3,"DemandMax":null,"Value":370},{"Length":28,"Height":29,"Demand":4,"DemandMax":null,"Value":812}]}