{"Name":"C2_30_S_8","Objects":[{"Length":100,"Height":100,"Stock":null,"Cost":10000}],"Items":[{"Length":10,"Height":13,"Demand":1,"DemandMax":null,"Value":130},{"Length":39,"Height":33,"Demand":2,"DemandMax":null,"Value":1287},{"Length":27,"Height":23,"Demand":1,"DemandMax":null,"Value":621},{"Length":28,"Height":41,"Demand":3,"DemandMax":null,"Value":1148},{"Length":16,"Height":46,"Demand":2,"DemandMax":null,"Value":736},{"Length":11,"Height":10,"Demand":2,"DemandMax":null,"Value":110},{"Length":37,"Height":44,"Demand":3,"DemandMax":null,"Value":1628},{"Length":49,"Height":42,"Demand":4,"DemandMax":null,"Value":2058},{"Length":34,"Height":32,"Demand":3,"DemandMax":null,"Value":1088},{"Length":37,"Height":40,"Demand":3,"DemandMax":null,"Value":1480},{"Length":25,"Height":40,"Demand":1,"DemandMax":null,"Value":1000},{"Length":35,"Height":29,"Demand":4,"DemandMax":null,"Value":1015},{"Length":35,"Height":30,"Demand":2,"DemandMax":null,"Value":1050},{"Length":25,"Height":12,"Demand":1,"DemandMax":null,"Value":300},{"Length":23,"Height":28,"Demand":2,"DemandMax":null,"Value":644},{"Length":30,"Height":37,"Demand":2,"DemandMax":null,"Value":1110},{"Length":38,"Height":44,"Demand":3,"DemandMax":null,"Value":1672},{"Length":24,"Height":23,"Demand":3,"DemandMax":null,"Value":552},{"Length":38,"Height":10,"Demand":1,"DemandMax":null,"Value":380},{"Length":42,"Height":34,"Demand":3,"DemandMax":null,"Value":1428},{"Length":21,"Height":24,"Demand":4,"DemandMax":null,"Value":504},{"Length":45,"Height":20,"Demand":4,"DemandMax":null,"Value":900},{"Length":34,"Height":21,"Demand":3,"DemandMax":null,"Value":714},{"Length":26,"Height":15,"Demand":4,"DemandMax":null,"Value":390},{"Length":27,"Height":30,"Demand":2,"DemandMax":null,"Value":810},{"Length":34,"Height":17,"Demand":1,"DemandMax":null,"Value":578},{"Length":46,"Height":30,"Demand":4,"DemandMax":null,"Value":1380},{"Length":12,"Height":11,"Demand":3,"DemandMax":null,"Value":132},{"Length":24,"Height":22,"Demand":1,"DemandMax":null,"Value":528},{"Length":31,"Height":31,"Demand":1,"DemandMax":null,"Value":961}]}