{"Name":"C1_50_L_4","Objects":[{"Length":100,"Height":100,"Stock":null,"Cost":10000}],"Items":[{"Length":66,"Height":37,"Demand":1,"DemandMax":null,"Value":2442},{"Length":53,"Height":70,"Demand":1,"DemandMax":null,"Value":3710},{"Length":42,"Height":51,"Demand":1,"DemandMax":null,"Value":2142},{"Length":73,"Height":25,"Demand":1,"DemandMax":null,"Value":1825},{"Length":45,"Height":74,"Demand":2,"DemandMax":null,"Value":3330},{"Length":26,"Height":62,"Demand":3,"DemandMax":null,"Value":1612},{"Length":50,"Height":36,"Demand":2,"DemandMax":null,"Value":1800},{"Length":54,"Height":33,"Demand":1,"DemandMax":null,"Value":1782},{"Length":64,"Height":43,"Demand":1,"DemandMax":null,"Value":2752},{"Length":44,"Height":47,"Demand":4,"DemandMax":null,"Value":2068},{"Length":41,"Height":50,"Demand":2,"DemandMax":null,"Value":2050},{"Length":30,"Height":59,"Demand":1,"DemandMax":null,"Value":1770},{"Length":45,"Height":67,"Demand":1,"DemandMax":null,"Value":3015},{"Length":61,"Height":71,"Demand":1,"DemandMax":null,"Value":4331},{"Length":67,"Height":63,"Demand":1,"DemandMax":null,"Value":4221},{"Length":32,"Height":52,"Demand":3,"DemandMax":null,"Value":1664},{"Length":59,"Height":31,"Demand":1,"DemandMax":null,"Value":1829},{"Length":37,"Height":43,"Demand":1,"DemandMax":null,"Value":1591},{"Length":56,"Height":53,"Demand":1,"DemandMax":null,"Value":2968},{"Length":30,"Height":72,"Demand":3,"DemandMax":null,"Value":2160},{"Length":44,"Height":67,"Demand":1,"DemandMax":null,"Value":2948},{"Length":27,"Height":32,"Demand":8,"DemandMax":null,"Value":864},{"Length":66,"Height":45,"Demand":2,"DemandMax":null,"Value":2970},{"Length":49,"Height":46,"Demand":4,"DemandMax":null,"Value":2254},{"Length":74,"Height":68,"Demand":1,"DemandMax":null,"Value":5032},{"Length":36,"Height":59,"Demand":1,"DemandMax":null,"Value":2124},{"Length":51,"Height":56,"Demand":1,"DemandMax":null,"Value":2856},{"Length":67,"Height":57,"Demand":1,"DemandMax":null,"Value":3819},{"Length":42,"Height":46,"Demand":3,"DemandMax":null,"Value":1932},{"Length":49,"Height":37,"Demand":3,"DemandMax":null,"Value":1813},{"Length":59,"Height":53,"Demand":1,"DemandMax":null,"Value":3127},{"Length":71,"Height":62,"Demand":1,"DemandMax":null,"Value":4402},{"Length":60,"Height":48,"Demand":3,"DemandMax":null,"Value":2880},{"Length":43,"Height":28,"Demand":6,"DemandMax":null,"Value":1204},{"Length":49,"Height":53,"Demand":2,"DemandMax":null,"Value":2597},{"Length":57,"Height":60,"Demand":1,"DemandMax":null,"Value":3420},{"Length":26,"Height":60,"Demand":2,"DemandMax":null,"Value":1560},{"Length":55,"Height":53,"Demand":1,"DemandMax":null,"Value":2915},{"Length":26,"Height":55,"Demand":3,"DemandMax":null,"Value":1430},{"Length":42,"Height":61,"Demand":1,"DemandMax":null,"Value":2562},{"Length":50,"Height":27,"Demand":6,"DemandMax":null,"Value":1350},{"Length":45,"Height":51,"Demand":1,"DemandMax":null,"Value":2295},{"Length":58,"Height":33,"Demand":1,"DemandMax":null,"Value":1914},{"Length":26,"Height":43,"Demand":2,"DemandMax":null,"Value":1118},{"Length":40,"Height":53,"Demand":1,"DemandMax":null,"Value":2120},{"Length":27,"Height":36,"Demand":3,"DemandMax":null,"Value":972},{"Length":45,"Height":52,"Demand":1,"DemandMax":null,"Value":2340},{"Length":70,"Height":37,"Demand":2,"DemandMax":null,"Value":2590},{"Length":56,"Height":49,"Demand":2,"DemandMax":null,"Value":2744}]}