{"Name":"C1_20_L_12","Objects":[{"Length":100,"Height":100,"Stock":null,"Cost":10000}],"Items":[{"Length":41,"Height":64,"Demand":2,"DemandMax":null,"Value":2624},{"Length":38,"Height":59,"Demand":1,"DemandMax":null,"Value":2242},{"Length":26,"Height":68,"Demand":3,"DemandMax":null,"Value":1768},{"Length":67,"Height":29,"Demand":3,"DemandMax":null,"Value":1943},{"Length":26,"Height":57,"Demand":1,"DemandMax":null,"Value":1482},{"Length":25,"Height":65,"Demand":4,"DemandMax":null,"Value":1625},{"Length":61,"Height":53,"Demand":1,"DemandMax":null,"Value":3233},{"Length":27,"Height":49,"Demand":5,"DemandMax":null,"Value":1323},{"Length":35,"Height":71,"Demand":2,"DemandMax":null,"Value":2485},{"Length":39,"Height":56,"Demand":1,"DemandMax":null,"Value":2184},{"Length":44,"Height":32,"Demand":2,"DemandMax":null,"Value":1408},{"Length":48,"Height":29,"Demand":2,"DemandMax":null,"Value":1392},{"Length":50,"Height":64,"Demand":2,"DemandMax":null,"Value":3200},{"Length":30,"Height":36,"Demand":3,"DemandMax":null,"Value":1080},{"Length":73,"Height":68,"Demand":1,"DemandMax":null,"Value":4964},{"Length":28,"Height":48,"Demand":1,"DemandMax":null,"Value":1344},{"Length":25,"Height":49,"Demand":5,"DemandMax":null,"Value":1225},{"Length":58,"Height":26,"Demand":1,"DemandMax":null,"Value":1508},{"Length":37,"Height":70,"Demand":2,"DemandMax":null,"Value":2590},{"Length":67,"Height":61,"Demand":1,"DemandMax":null,"Value":4087}]}