{"Name":"STS1","Objects":[{"Length":40,"Height":70,"Stock":null,"Cost":2800}],"Items":[{"Length":9,"Height":17,"Demand":1,"DemandMax":null,"Value":140},{"Length":15,"Height":24,"Demand":3,"DemandMax":null,"Value":240},{"Length":16,"Height":25,"Demand":4,"DemandMax":null,"Value":260},{"Length":17,"Height":27,"Demand":2,"DemandMax":null,"Value":280},{"Length":19,"Height":11,"Demand":4,"DemandMax":null,"Value":160},{"Length":21,"Height":12,"Demand":3,"DemandMax":null,"Value":180},{"Length":22,"Height":32,"Demand":3,"DemandMax":null,"Value":340},{"Length":23,"Height":14,"Demand":4,"DemandMax":null,"Value":220},{"Length":24,"Height":34,"Demand":4,"DemandMax":null,"Value":380},{"Length":25,"Height":35,"Demand":3,"DemandMax":null,"Value":400},{"Length":26,"Height":36,"Demand":4,"DemandMax":null,"Value":410},{"Length":27,"Height":37,"Demand":3,"DemandMax":null,"Value":420},{"Length":28,"Height":38,"Demand":4,"DemandMax":null,"Value":440},{"Length":29,"Height":18,"Demand":3,"DemandMax":null,"Value":300},{"Length":29,"Height":39,"Demand":4,"DemandMax":null,"Value":460},{"Length":30,"Height":41,"Demand":2,"DemandMax":null,"Value":480},{"Length":31,"Height":21,"Demand":4,"DemandMax":null,"Value":320},{"Length":31,"Height":43,"Demand":4,"DemandMax":null,"Value":500},{"Length":33,"Height":23,"Demand":4,"DemandMax":null,"Value":360}]}