{"Name":"KORF29","Objects":[],"Items":[{"Length":1,"Height":2,"Demand":1,"DemandMax":null,"Value":2},{"Length":2,"Height":3,"Demand":1,"DemandMax":null,"Value":6},{"Length":3,"Height":4,"Demand":1,"DemandMax":null,"Value":12},{"Length":4,"Height":5,"Demand":1,"DemandMax":null,"Value":20},{"Length":5,"Height":6,"Demand":1,"DemandMax":null,"Value":30},{"Length":6,"Height":7,"Demand":1,"DemandMax":null,"Value":42},{"Length":7,"Height":8,"Demand":1,"DemandMax":null,"Value":56},{"Length":8,"Height":9,"Demand":1,"DemandMax":null,"Value":72},{"Length":9,"Height":10,"Demand":1,"DemandMax":null,"Value":90},{"Length":10,"Height":11,"Demand":1,"DemandMax":null,"Value":110},{"Length":11,"Height":12,"Demand":1,"DemandMax":null,"Value":132},{"Length":12,"Height":13,"Demand":1,"DemandMax":null,"Value":156},{"Length":13,"Height":14,"Demand":1,"DemandMax":null,"Value":182},{"Length":14,"Height":15,"Demand":1,"DemandMax":null,"Value":210},{"Length":15,"Height":16,"Demand":1,"DemandMax":null,"Value":240},{"Length":16,"Height":17,"Demand":1,"DemandMax":null,"Value":272},{"Length":17,"Height":18,"Demand":1,"DemandMax":null,"Value":306},{"Length":18,"Height":19,"Demand":1,"DemandMax":null,"Value":342},{"Length":19,"Height":20,"Demand":1,"DemandMax":null,"Value":380},{"Length":20,"Height":21,"Demand":1,"DemandMax":null,"Value":420},{"Length":21,"Height":22,"Demand":1,"DemandMax":null,"Value":462},{"Length":22,"Height":23,"Demand":1,"DemandMax":null,"Value":506},{"Length":23,"Height":24,"Demand":1,"DemandMax":null,"Value":552},{"Length":24,"Height":25,"Demand":1,"DemandMax":null,"Value":600},{"Length":25,"Height":26,"Demand":1,"DemandMax":null,"Value":650},{"Length":26,"Height":27,"Demand":1,"DemandMax":null,"Value":702},{"Length":27,"Height":28,"Demand":1,"DemandMax":null,"Value":756},{"Length":28,"Height":29,"Demand":1,"DemandMax":null,"Value":812},{"Length":29,"Height":30,"Demand":1,"DemandMax":null,"Value":870}]}