{"Name":"C6_2","Objects":[{"Length":80,"Height":120,"Stock":null,"Cost":9600}],"Items":[{"Length":7,"Height":39,"Demand":1,"DemandMax":null,"Value":273},{"Length":8,"Height":33,"Demand":1,"DemandMax":null,"Value":264},{"Length":7,"Height":6,"Demand":1,"DemandMax":null,"Value":42},{"Length":5,"Height":3,"Demand":1,"DemandMax":null,"Value":15},{"Length":3,"Height":5,"Demand":1,"DemandMax":null,"Value":15},{"Length":39,"Height":6,"Demand":1,"DemandMax":null,"Value":234},{"Length":11,"Height":13,"Demand":1,"DemandMax":null,"Value":143},{"Length":3,"Height":4,"Demand":1,"DemandMax":null,"Value":12},{"Length":2,"Height":2,"Demand":2,"DemandMax":null,"Value":4},{"Length":5,"Height":2,"Demand":2,"DemandMax":null,"Value":10},{"Length":5,"Height":30,"Demand":1,"DemandMax":null,"Value":150},{"Length":2,"Height":1,"Demand":1,"DemandMax":null,"Value":2},{"Length":26,"Height":11,"Demand":1,"DemandMax":null,"Value":286},{"Length":4,"Height":5,"Demand":1,"DemandMax":null,"Value":20},{"Length":9,"Height":2,"Demand":2,"DemandMax":null,"Value":18},{"Length":10,"Height":29,"Demand":1,"DemandMax":null,"Value":290},{"Length":4,"Height":3,"Demand":1,"DemandMax":null,"Value":12},{"Length":5,"Height":5,"Demand":1,"DemandMax":null,"Value":25},{"Length":8,"Height":2,"Demand":2,"DemandMax":null,"Value":16},{"Length":24,"Height":4,"Demand":1,"DemandMax":null,"Value":96},{"Length":22,"Height":7,"Demand":1,"DemandMax":null,"Value":154},{"Length":2,"Height":9,"Demand":1,"DemandMax":null,"Value":18},{"Length":5,"Height":1,"Demand":1,"DemandMax":null,"Value":5},{"Length":9,"Height":15,"Demand":1,"DemandMax":null,"Value":135},{"Length":10,"Height":33,"Demand":1,"DemandMax":null,"Value":330},{"Length":1,"Height":1,"Demand":3,"DemandMax":null,"Value":1},{"Length":4,"Height":4,"Demand":3,"DemandMax":null,"Value":16},{"Length":3,"Height":3,"Demand":2,"DemandMax":null,"Value":9},{"Length":3,"Height":6,"Demand":1,"DemandMax":null,"Value":18},{"Length":16,"Height":7,"Demand":1,"DemandMax":null,"Value":112},{"Length":6,"Height":4,"Demand":1,"DemandMax":null,"Value":24},{"Length":6,"Height":2,"Demand":1,"DemandMax":null,"Value":12},{"Length":15,"Height":3,"Demand":1,"DemandMax":null,"Value":45},{"Length":30,"Height":5,"Demand":1,"DemandMax":null,"Value":150},{"Length":10,"Height":4,"Demand":1,"DemandMax":null,"Value":40},{"Length":2,"Height":6,"Demand":2,"DemandMax":null,"Value":12},{"Length":6,"Height":23,"Demand":1,"DemandMax":null,"Value":138},{"Length":29,"Height":8,"Demand":1,"DemandMax":null,"Value":232},{"Length":26,"Height":5,"Demand":1,"DemandMax":null,"Value":130},{"Length":9,"Height":17,"Demand":1,"DemandMax":null,"Value":153},{"Length":7,"Height":3,"Demand":1,"DemandMax":null,"Value":21},{"Length":19,"Height":9,"Demand":1,"DemandMax":null,"Value":171},{"Length":36,"Height":6,"Demand":1,"DemandMax":null,"Value":216},{"Length":28,"Height":6,"Demand":1,"DemandMax":null,"Value":168},{"Length":6,"Height":20,"Demand":1,"DemandMax":null,"Value":120},{"Length":20,"Height":7,"Demand":1,"DemandMax":null,"Value":140},{"Length":11,"Height":2,"Demand":1,"DemandMax":null,"Value":22},{"Length":6,"Height":5,"Demand":2,"DemandMax":null,"Value":30},{"Length":5,"Height":13,"Demand":1,"DemandMax":null,"Value":65},{"Length":4,"Height":14,"Demand":1,"DemandMax":null,"Value":56},{"Length":16,"Height":8,"Demand":1,"DemandMax":null,"Value":128},{"Length":23,"Height":9,"Demand":1,"DemandMax":null,"Value":207},{"Length":26,"Height":8,"Demand":1,"DemandMax":null,"Value":208},{"Length":1,"Height":6,"Demand":1,"DemandMax":null,"Value":6},{"Length":15,"Height":26,"Demand":1,"DemandMax":null,"Value":390},{"Length":4,"Height":25,"Demand":1,"DemandMax":null,"Value":100},{"Length":8,"Height":45,"Demand":1,"DemandMax":null,"Value":360},{"Length":11,"Height":50,"Demand":1,"DemandMax":null,"Value":550},{"Length":19,"Height":5,"Demand":1,"DemandMax":null,"Value":95},{"Length":12,"Height":55,"Demand":1,"DemandMax":null,"Value":660},{"Length":5,"Height":20,"Demand":1,"DemandMax":null,"Value":100},{"Length":4,"Height":13,"Demand":1,"DemandMax":null,"Value":52},{"Length":15,"Height":5,"Demand":1,"DemandMax":null,"Value":75},{"Length":4,"Height":26,"Demand":1,"DemandMax":null,"Value":104},{"Length":12,"Height":6,"Demand":1,"DemandMax":null,"Value":72},{"Length":3,"Height":1,"Demand":1,"DemandMax":null,"Value":3},{"Length":2,"Height":3,"Demand":2,"DemandMax":null,"Value":6},{"Length":3,"Height":2,"Demand":3,"DemandMax":null,"Value":6},{"Length":9,"Height":11,"Demand":1,"DemandMax":null,"Value":99},{"Length":5,"Height":11,"Demand":1,"DemandMax":null,"Value":55},{"Length":7,"Height":9,"Demand":1,"DemandMax":null,"Value":63},{"Length":24,"Height":30,"Demand":1,"DemandMax":null,"Value":720},{"Length":2,"Height":11,"Demand":1,"DemandMax":null,"Value":22},{"Length":10,"Height":8,"Demand":1,"DemandMax":null,"Value":80},{"Length":10,"Height":2,"Demand":1,"DemandMax":null,"Value":20},{"Length":3,"Height":11,"Demand":1,"DemandMax":null,"Value":33},{"Length":4,"Height":22,"Demand":1,"DemandMax":null,"Value":88},{"Length":6,"Height":9,"Demand":1,"DemandMax":null,"Value":54},{"Length":7,"Height":18,"Demand":1,"DemandMax":null,"Value":126},{"Length":5,"Height":15,"Demand":1,"DemandMax":null,"Value":75},{"Length":9,"Height":13,"Demand":1,"DemandMax":null,"Value":117},{"Length":2,"Height":10,"Demand":1,"DemandMax":null,"Value":20},{"Length":17,"Height":5,"Demand":1,"DemandMax":null,"Value":85}]}