{"Name":"C1_2","Objects":[{"Length":20,"Height":20,"Stock":null,"Cost":400}],"Items":[{"Length":4,"Height":1,"Demand":2,"DemandMax":null,"Value":4},{"Length":4,"Height":5,"Demand":1,"DemandMax":null,"Value":20},{"Length":9,"Height":4,"Demand":1,"DemandMax":null,"Value":36},{"Length":3,"Height":5,"Demand":1,"DemandMax":null,"Value":15},{"Length":3,"Height":9,"Demand":1,"DemandMax":null,"Value":27},{"Length":1,"Height":4,"Demand":1,"DemandMax":null,"Value":4},{"Length":5,"Height":3,"Demand":1,"DemandMax":null,"Value":15},{"Length":5,"Height":5,"Demand":1,"DemandMax":null,"Value":25},{"Length":7,"Height":2,"Demand":2,"DemandMax":null,"Value":14},{"Length":9,"Height":3,"Demand":1,"DemandMax":null,"Value":27},{"Length":3,"Height":13,"Demand":1,"DemandMax":null,"Value":39},{"Length":2,"Height":8,"Demand":1,"DemandMax":null,"Value":16},{"Length":15,"Height":4,"Demand":1,"DemandMax":null,"Value":60},{"Length":5,"Height":4,"Demand":1,"DemandMax":null,"Value":20},{"Length":10,"Height":6,"Demand":1,"DemandMax":null,"Value":60}]}