{"Name":"C6_1","Objects":[{"Length":80,"Height":120,"Stock":null,"Cost":9600}],"Items":[{"Length":30,"Height":19,"Demand":1,"DemandMax":null,"Value":570},{"Length":8,"Height":5,"Demand":1,"DemandMax":null,"Value":40},{"Length":13,"Height":5,"Demand":2,"DemandMax":null,"Value":65},{"Length":15,"Height":23,"Demand":1,"DemandMax":null,"Value":345},{"Length":9,"Height":4,"Demand":1,"DemandMax":null,"Value":36},{"Length":3,"Height":4,"Demand":1,"DemandMax":null,"Value":12},{"Length":2,"Height":11,"Demand":1,"DemandMax":null,"Value":22},{"Length":9,"Height":7,"Demand":2,"DemandMax":null,"Value":63},{"Length":3,"Height":7,"Demand":3,"DemandMax":null,"Value":21},{"Length":8,"Height":14,"Demand":2,"DemandMax":null,"Value":112},{"Length":11,"Height":6,"Demand":2,"DemandMax":null,"Value":66},{"Length":2,"Height":6,"Demand":2,"DemandMax":null,"Value":12},{"Length":11,"Height":8,"Demand":1,"DemandMax":null,"Value":88},{"Length":2,"Height":8,"Demand":2,"DemandMax":null,"Value":16},{"Length":12,"Height":12,"Demand":1,"DemandMax":null,"Value":144},{"Length":2,"Height":12,"Demand":2,"DemandMax":null,"Value":24},{"Length":30,"Height":10,"Demand":1,"DemandMax":null,"Value":300},{"Length":21,"Height":10,"Demand":1,"DemandMax":null,"Value":210},{"Length":15,"Height":6,"Demand":1,"DemandMax":null,"Value":90},{"Length":14,"Height":6,"Demand":1,"DemandMax":null,"Value":84},{"Length":2,"Height":9,"Demand":1,"DemandMax":null,"Value":18},{"Length":22,"Height":9,"Demand":1,"DemandMax":null,"Value":198},{"Length":6,"Height":16,"Demand":1,"DemandMax":null,"Value":96},{"Length":5,"Height":2,"Demand":3,"DemandMax":null,"Value":10},{"Length":9,"Height":30,"Demand":1,"DemandMax":null,"Value":270},{"Length":10,"Height":8,"Demand":2,"DemandMax":null,"Value":80},{"Length":5,"Height":4,"Demand":2,"DemandMax":null,"Value":20},{"Length":4,"Height":14,"Demand":1,"DemandMax":null,"Value":56},{"Length":2,"Height":14,"Demand":1,"DemandMax":null,"Value":28},{"Length":4,"Height":22,"Demand":1,"DemandMax":null,"Value":88},{"Length":3,"Height":14,"Demand":2,"DemandMax":null,"Value":42},{"Length":10,"Height":22,"Demand":1,"DemandMax":null,"Value":220},{"Length":4,"Height":20,"Demand":1,"DemandMax":null,"Value":80},{"Length":6,"Height":20,"Demand":1,"DemandMax":null,"Value":120},{"Length":2,"Height":7,"Demand":1,"DemandMax":null,"Value":14},{"Length":13,"Height":2,"Demand":1,"DemandMax":null,"Value":26},{"Length":9,"Height":2,"Demand":2,"DemandMax":null,"Value":18},{"Length":9,"Height":5,"Demand":1,"DemandMax":null,"Value":45},{"Length":17,"Height":11,"Demand":1,"DemandMax":null,"Value":187},{"Length":7,"Height":11,"Demand":1,"DemandMax":null,"Value":77},{"Length":6,"Height":18,"Demand":1,"DemandMax":null,"Value":108},{"Length":4,"Height":8,"Demand":1,"DemandMax":null,"Value":32},{"Length":5,"Height":7,"Demand":2,"DemandMax":null,"Value":35},{"Length":17,"Height":7,"Demand":1,"DemandMax":null,"Value":119},{"Length":7,"Height":7,"Demand":1,"DemandMax":null,"Value":49},{"Length":6,"Height":6,"Demand":1,"DemandMax":null,"Value":36},{"Length":4,"Height":6,"Demand":1,"DemandMax":null,"Value":24},{"Length":4,"Height":2,"Demand":2,"DemandMax":null,"Value":8},{"Length":6,"Height":2,"Demand":1,"DemandMax":null,"Value":12},{"Length":9,"Height":61,"Demand":1,"DemandMax":null,"Value":549},{"Length":6,"Height":8,"Demand":1,"DemandMax":null,"Value":48},{"Length":5,"Height":8,"Demand":1,"DemandMax":null,"Value":40},{"Length":5,"Height":28,"Demand":1,"DemandMax":null,"Value":140},{"Length":4,"Height":28,"Demand":1,"DemandMax":null,"Value":112},{"Length":6,"Height":29,"Demand":1,"DemandMax":null,"Value":174},{"Length":3,"Height":20,"Demand":1,"DemandMax":null,"Value":60},{"Length":21,"Height":20,"Demand":1,"DemandMax":null,"Value":420},{"Length":10,"Height":39,"Demand":1,"DemandMax":null,"Value":390},{"Length":4,"Height":13,"Demand":1,"DemandMax":null,"Value":52},{"Length":7,"Height":13,"Demand":1,"DemandMax":null,"Value":91},{"Length":6,"Height":22,"Demand":1,"DemandMax":null,"Value":132},{"Length":5,"Height":22,"Demand":1,"DemandMax":null,"Value":110},{"Length":4,"Height":26,"Demand":1,"DemandMax":null,"Value":104},{"Length":7,"Height":26,"Demand":1,"DemandMax":null,"Value":182},{"Length":3,"Height":9,"Demand":2,"DemandMax":null,"Value":27},{"Length":21,"Height":9,"Demand":1,"DemandMax":null,"Value":189},{"Length":11,"Height":31,"Demand":1,"DemandMax":null,"Value":341},{"Length":9,"Height":31,"Demand":1,"DemandMax":null,"Value":279},{"Length":6,"Height":28,"Demand":1,"DemandMax":null,"Value":168},{"Length":3,"Height":19,"Demand":1,"DemandMax":null,"Value":57},{"Length":18,"Height":8,"Demand":1,"DemandMax":null,"Value":144},{"Length":3,"Height":8,"Demand":1,"DemandMax":null,"Value":24},{"Length":18,"Height":11,"Demand":1,"DemandMax":null,"Value":198},{"Length":3,"Height":11,"Demand":1,"DemandMax":null,"Value":33},{"Length":10,"Height":18,"Demand":1,"DemandMax":null,"Value":180},{"Length":9,"Height":6,"Demand":1,"DemandMax":null,"Value":54},{"Length":9,"Height":12,"Demand":1,"DemandMax":null,"Value":108},{"Length":12,"Height":2,"Demand":1,"DemandMax":null,"Value":24},{"Length":12,"Height":7,"Demand":1,"DemandMax":null,"Value":84}]}