{"Name":"C7_2","Objects":[{"Length":160,"Height":240,"Stock":null,"Cost":38400}],"Items":[{"Length":15,"Height":75,"Demand":1,"DemandMax":null,"Value":1125},{"Length":12,"Height":80,"Demand":1,"DemandMax":null,"Value":960},{"Length":27,"Height":6,"Demand":1,"DemandMax":null,"Value":162},{"Length":3,"Height":13,"Demand":1,"DemandMax":null,"Value":39},{"Length":10,"Height":3,"Demand":2,"DemandMax":null,"Value":30},{"Length":9,"Height":21,"Demand":1,"DemandMax":null,"Value":189},{"Length":8,"Height":11,"Demand":1,"DemandMax":null,"Value":88},{"Length":6,"Height":13,"Demand":2,"DemandMax":null,"Value":78},{"Length":2,"Height":9,"Demand":2,"DemandMax":null,"Value":18},{"Length":51,"Height":10,"Demand":1,"DemandMax":null,"Value":510},{"Length":6,"Height":6,"Demand":1,"DemandMax":null,"Value":36},{"Length":11,"Height":12,"Demand":1,"DemandMax":null,"Value":132},{"Length":2,"Height":10,"Demand":1,"DemandMax":null,"Value":20},{"Length":8,"Height":12,"Demand":1,"DemandMax":null,"Value":96},{"Length":13,"Height":47,"Demand":1,"DemandMax":null,"Value":611},{"Length":14,"Height":37,"Demand":1,"DemandMax":null,"Value":518},{"Length":3,"Height":11,"Demand":2,"DemandMax":null,"Value":33},{"Length":3,"Height":6,"Demand":2,"DemandMax":null,"Value":18},{"Length":1,"Height":4,"Demand":3,"DemandMax":null,"Value":4},{"Length":1,"Height":6,"Demand":2,"DemandMax":null,"Value":6},{"Length":27,"Height":5,"Demand":1,"DemandMax":null,"Value":135},{"Length":14,"Height":3,"Demand":1,"DemandMax":null,"Value":42},{"Length":10,"Height":4,"Demand":1,"DemandMax":null,"Value":40},{"Length":5,"Height":20,"Demand":1,"DemandMax":null,"Value":100},{"Length":14,"Height":5,"Demand":1,"DemandMax":null,"Value":70},{"Length":5,"Height":2,"Demand":2,"DemandMax":null,"Value":10},{"Length":7,"Height":2,"Demand":1,"DemandMax":null,"Value":14},{"Length":12,"Height":9,"Demand":1,"DemandMax":null,"Value":108},{"Length":2,"Height":1,"Demand":6,"DemandMax":null,"Value":2},{"Length":12,"Height":8,"Demand":1,"DemandMax":null,"Value":96},{"Length":5,"Height":28,"Demand":2,"DemandMax":null,"Value":140},{"Length":8,"Height":6,"Demand":1,"DemandMax":null,"Value":48},{"Length":35,"Height":7,"Demand":1,"DemandMax":null,"Value":245},{"Length":7,"Height":14,"Demand":1,"DemandMax":null,"Value":98},{"Length":10,"Height":45,"Demand":1,"DemandMax":null,"Value":450},{"Length":4,"Height":19,"Demand":1,"DemandMax":null,"Value":76},{"Length":13,"Height":17,"Demand":1,"DemandMax":null,"Value":221},{"Length":62,"Height":9,"Demand":1,"DemandMax":null,"Value":558},{"Length":36,"Height":11,"Demand":1,"DemandMax":null,"Value":396},{"Length":38,"Height":18,"Demand":1,"DemandMax":null,"Value":684},{"Length":4,"Height":2,"Demand":2,"DemandMax":null,"Value":8},{"Length":9,"Height":5,"Demand":1,"DemandMax":null,"Value":45},{"Length":8,"Height":3,"Demand":1,"DemandMax":null,"Value":24},{"Length":30,"Height":20,"Demand":1,"DemandMax":null,"Value":600},{"Length":6,"Height":7,"Demand":2,"DemandMax":null,"Value":42},{"Length":36,"Height":10,"Demand":1,"DemandMax":null,"Value":360},{"Length":27,"Height":7,"Demand":1,"DemandMax":null,"Value":189},{"Length":17,"Height":3,"Demand":1,"DemandMax":null,"Value":51},{"Length":6,"Height":4,"Demand":2,"DemandMax":null,"Value":24},{"Length":11,"Height":10,"Demand":1,"DemandMax":null,"Value":110},{"Length":5,"Height":25,"Demand":1,"DemandMax":null,"Value":125},{"Length":7,"Height":26,"Demand":1,"DemandMax":null,"Value":182},{"Length":10,"Height":44,"Demand":1,"DemandMax":null,"Value":440},{"Length":19,"Height":4,"Demand":1,"DemandMax":null,"Value":76},{"Length":8,"Height":31,"Demand":1,"DemandMax":null,"Value":248},{"Length":33,"Height":6,"Demand":1,"DemandMax":null,"Value":198},{"Length":11,"Height":73,"Demand":1,"DemandMax":null,"Value":803},{"Length":8,"Height":27,"Demand":1,"DemandMax":null,"Value":216},{"Length":6,"Height":2,"Demand":3,"DemandMax":null,"Value":12},{"Length":25,"Height":9,"Demand":1,"DemandMax":null,"Value":225},{"Length":9,"Height":39,"Demand":1,"DemandMax":null,"Value":351},{"Length":9,"Height":17,"Demand":1,"DemandMax":null,"Value":153},{"Length":12,"Height":7,"Demand":1,"DemandMax":null,"Value":84},{"Length":21,"Height":101,"Demand":1,"DemandMax":null,"Value":2121},{"Length":3,"Height":10,"Demand":2,"DemandMax":null,"Value":30},{"Length":3,"Height":7,"Demand":1,"DemandMax":null,"Value":21},{"Length":4,"Height":10,"Demand":1,"DemandMax":null,"Value":40},{"Length":8,"Height":22,"Demand":1,"DemandMax":null,"Value":176},{"Length":5,"Height":3,"Demand":1,"DemandMax":null,"Value":15},{"Length":1,"Height":2,"Demand":3,"DemandMax":null,"Value":2},{"Length":22,"Height":59,"Demand":1,"DemandMax":null,"Value":1298},{"Length":1,"Height":1,"Demand":3,"DemandMax":null,"Value":1},{"Length":11,"Height":56,"Demand":1,"DemandMax":null,"Value":616},{"Length":10,"Height":39,"Demand":1,"DemandMax":null,"Value":390},{"Length":5,"Height":5,"Demand":1,"DemandMax":null,"Value":25},{"Length":3,"Height":20,"Demand":1,"DemandMax":null,"Value":60},{"Length":2,"Height":7,"Demand":1,"DemandMax":null,"Value":14},{"Length":7,"Height":6,"Demand":1,"DemandMax":null,"Value":42},{"Length":13,"Height":12,"Demand":1,"DemandMax":null,"Value":156},{"Length":17,"Height":34,"Demand":1,"DemandMax":null,"Value":578},{"Length":16,"Height":46,"Demand":1,"DemandMax":null,"Value":736},{"Length":3,"Height":12,"Demand":1,"DemandMax":null,"Value":36},{"Length":6,"Height":10,"Demand":2,"DemandMax":null,"Value":60},{"Length":9,"Height":15,"Demand":1,"DemandMax":null,"Value":135},{"Length":6,"Height":24,"Demand":1,"DemandMax":null,"Value":144},{"Length":5,"Height":7,"Demand":2,"DemandMax":null,"Value":35},{"Length":4,"Height":1,"Demand":1,"DemandMax":null,"Value":4},{"Length":2,"Height":13,"Demand":1,"DemandMax":null,"Value":26},{"Length":11,"Height":9,"Demand":1,"DemandMax":null,"Value":99},{"Length":3,"Height":16,"Demand":1,"DemandMax":null,"Value":48},{"Length":7,"Height":11,"Demand":1,"DemandMax":null,"Value":77},{"Length":8,"Height":15,"Demand":2,"DemandMax":null,"Value":120},{"Length":6,"Height":21,"Demand":1,"DemandMax":null,"Value":126},{"Length":3,"Height":9,"Demand":2,"DemandMax":null,"Value":27},{"Length":10,"Height":7,"Demand":1,"DemandMax":null,"Value":70},{"Length":3,"Height":3,"Demand":2,"DemandMax":null,"Value":9},{"Length":5,"Height":15,"Demand":1,"DemandMax":null,"Value":75},{"Length":2,"Height":4,"Demand":2,"DemandMax":null,"Value":8},{"Length":33,"Height":8,"Demand":1,"DemandMax":null,"Value":264},{"Length":16,"Height":5,"Demand":1,"DemandMax":null,"Value":80},{"Length":9,"Height":12,"Demand":1,"DemandMax":null,"Value":108},{"Length":10,"Height":11,"Demand":3,"DemandMax":null,"Value":110},{"Length":6,"Height":3,"Demand":1,"DemandMax":null,"Value":18},{"Length":39,"Height":8,"Demand":1,"DemandMax":null,"Value":312},{"Length":17,"Height":113,"Demand":1,"DemandMax":null,"Value":1921},{"Length":13,"Height":36,"Demand":1,"DemandMax":null,"Value":468},{"Length":28,"Height":8,"Demand":1,"DemandMax":null,"Value":224},{"Length":17,"Height":7,"Demand":1,"DemandMax":null,"Value":119},{"Length":42,"Height":9,"Demand":1,"DemandMax":null,"Value":378},{"Length":22,"Height":57,"Demand":1,"DemandMax":null,"Value":1254},{"Length":15,"Height":9,"Demand":1,"DemandMax":null,"Value":135},{"Length":30,"Height":8,"Demand":1,"DemandMax":null,"Value":240},{"Length":26,"Height":7,"Demand":1,"DemandMax":null,"Value":182},{"Length":16,"Height":32,"Demand":1,"DemandMax":null,"Value":512},{"Length":71,"Height":25,"Demand":1,"DemandMax":null,"Value":1775},{"Length":12,"Height":25,"Demand":1,"DemandMax":null,"Value":300},{"Length":22,"Height":20,"Demand":1,"DemandMax":null,"Value":440},{"Length":9,"Height":55,"Demand":1,"DemandMax":null,"Value":495},{"Length":13,"Height":27,"Demand":1,"DemandMax":null,"Value":351},{"Length":65,"Height":16,"Demand":1,"DemandMax":null,"Value":1040},{"Length":1,"Height":3,"Demand":1,"DemandMax":null,"Value":3},{"Length":16,"Height":57,"Demand":1,"DemandMax":null,"Value":912},{"Length":3,"Height":2,"Demand":2,"DemandMax":null,"Value":6},{"Length":25,"Height":11,"Demand":1,"DemandMax":null,"Value":275},{"Length":11,"Height":8,"Demand":1,"DemandMax":null,"Value":88},{"Length":10,"Height":9,"Demand":1,"DemandMax":null,"Value":90},{"Length":25,"Height":8,"Demand":1,"DemandMax":null,"Value":200},{"Length":10,"Height":6,"Demand":1,"DemandMax":null,"Value":60},{"Length":12,"Height":15,"Demand":1,"DemandMax":null,"Value":180},{"Length":6,"Height":19,"Demand":1,"DemandMax":null,"Value":114},{"Length":4,"Height":7,"Demand":1,"DemandMax":null,"Value":28},{"Length":13,"Height":3,"Demand":1,"DemandMax":null,"Value":39},{"Length":29,"Height":5,"Demand":1,"DemandMax":null,"Value":145},{"Length":2,"Height":2,"Demand":1,"DemandMax":null,"Value":4},{"Length":8,"Height":42,"Demand":1,"DemandMax":null,"Value":336},{"Length":4,"Height":27,"Demand":2,"DemandMax":null,"Value":108},{"Length":18,"Height":4,"Demand":1,"DemandMax":null,"Value":72},{"Length":17,"Height":5,"Demand":1,"DemandMax":null,"Value":85},{"Length":2,"Height":8,"Demand":2,"DemandMax":null,"Value":16},{"Length":2,"Height":11,"Demand":1,"DemandMax":null,"Value":22},{"Length":3,"Height":18,"Demand":1,"DemandMax":null,"Value":54},{"Length":17,"Height":10,"Demand":1,"DemandMax":null,"Value":170},{"Length":7,"Height":5,"Demand":1,"DemandMax":null,"Value":35},{"Length":5,"Height":31,"Demand":1,"DemandMax":null,"Value":155},{"Length":19,"Height":9,"Demand":1,"DemandMax":null,"Value":171},{"Length":7,"Height":8,"Demand":1,"DemandMax":null,"Value":56},{"Length":11,"Height":37,"Demand":1,"DemandMax":null,"Value":407},{"Length":6,"Height":32,"Demand":1,"DemandMax":null,"Value":192},{"Length":1,"Height":5,"Demand":1,"DemandMax":null,"Value":5},{"Length":12,"Height":5,"Demand":1,"DemandMax":null,"Value":60},{"Length":7,"Height":33,"Demand":1,"DemandMax":null,"Value":231},{"Length":6,"Height":11,"Demand":1,"DemandMax":null,"Value":66},{"Length":9,"Height":9,"Demand":1,"DemandMax":null,"Value":81},{"Length":38,"Height":9,"Demand":1,"DemandMax":null,"Value":342},{"Length":32,"Height":5,"Demand":1,"DemandMax":null,"Value":160},{"Length":12,"Height":4,"Demand":1,"DemandMax":null,"Value":48},{"Length":16,"Height":3,"Demand":1,"DemandMax":null,"Value":48},{"Length":72,"Height":15,"Demand":1,"DemandMax":null,"Value":1080},{"Length":14,"Height":14,"Demand":1,"DemandMax":null,"Value":196},{"Length":2,"Height":6,"Demand":1,"DemandMax":null,"Value":12},{"Length":12,"Height":3,"Demand":1,"DemandMax":null,"Value":36}]}