{"Name":"C3_3","Objects":[{"Length":40,"Height":15,"Stock":null,"Cost":600}],"Items":[{"Length":12,"Height":7,"Demand":1,"DemandMax":null,"Value":84},{"Length":7,"Height":7,"Demand":1,"DemandMax":null,"Value":49},{"Length":7,"Height":1,"Demand":1,"DemandMax":null,"Value":7},{"Length":5,"Height":1,"Demand":2,"DemandMax":null,"Value":5},{"Length":3,"Height":2,"Demand":1,"DemandMax":null,"Value":6},{"Length":6,"Height":2,"Demand":1,"DemandMax":null,"Value":12},{"Length":7,"Height":2,"Demand":2,"DemandMax":null,"Value":14},{"Length":5,"Height":2,"Demand":2,"DemandMax":null,"Value":10},{"Length":3,"Height":1,"Demand":1,"DemandMax":null,"Value":3},{"Length":6,"Height":1,"Demand":1,"DemandMax":null,"Value":6},{"Length":12,"Height":6,"Demand":1,"DemandMax":null,"Value":72},{"Length":9,"Height":6,"Demand":1,"DemandMax":null,"Value":54},{"Length":12,"Height":2,"Demand":1,"DemandMax":null,"Value":24},{"Length":10,"Height":3,"Demand":2,"DemandMax":null,"Value":30},{"Length":4,"Height":1,"Demand":1,"DemandMax":null,"Value":4},{"Length":16,"Height":3,"Demand":2,"DemandMax":null,"Value":48},{"Length":5,"Height":3,"Demand":2,"DemandMax":null,"Value":15},{"Length":4,"Height":2,"Demand":1,"DemandMax":null,"Value":8},{"Length":9,"Height":3,"Demand":1,"DemandMax":null,"Value":27}]}