{"Name":"C3_1","Objects":[{"Length":40,"Height":15,"Stock":null,"Cost":600}],"Items":[{"Length":11,"Height":3,"Demand":2,"DemandMax":null,"Value":33},{"Length":13,"Height":3,"Demand":1,"DemandMax":null,"Value":39},{"Length":9,"Height":2,"Demand":1,"DemandMax":null,"Value":18},{"Length":7,"Height":2,"Demand":1,"DemandMax":null,"Value":14},{"Length":9,"Height":3,"Demand":1,"DemandMax":null,"Value":27},{"Length":7,"Height":3,"Demand":1,"DemandMax":null,"Value":21},{"Length":11,"Height":2,"Demand":2,"DemandMax":null,"Value":22},{"Length":13,"Height":2,"Demand":1,"DemandMax":null,"Value":26},{"Length":11,"Height":4,"Demand":1,"DemandMax":null,"Value":44},{"Length":13,"Height":4,"Demand":1,"DemandMax":null,"Value":52},{"Length":3,"Height":5,"Demand":2,"DemandMax":null,"Value":15},{"Length":2,"Height":2,"Demand":1,"DemandMax":null,"Value":4},{"Length":2,"Height":3,"Demand":1,"DemandMax":null,"Value":6},{"Length":5,"Height":4,"Demand":1,"DemandMax":null,"Value":20},{"Length":6,"Height":4,"Demand":1,"DemandMax":null,"Value":24},{"Length":12,"Height":2,"Demand":1,"DemandMax":null,"Value":24},{"Length":1,"Height":2,"Demand":1,"DemandMax":null,"Value":2},{"Length":13,"Height":5,"Demand":1,"DemandMax":null,"Value":65},{"Length":12,"Height":4,"Demand":1,"DemandMax":null,"Value":48},{"Length":1,"Height":4,"Demand":1,"DemandMax":null,"Value":4},{"Length":5,"Height":2,"Demand":1,"DemandMax":null,"Value":10},{"Length":6,"Height":2,"Demand":1,"DemandMax":null,"Value":12}]}