{"Name":"C2_1","Objects":[{"Length":60,"Height":30,"Stock":null,"Cost":1800}],"Items":[{"Length":7,"Height":5,"Demand":1,"DemandMax":null,"Value":35},{"Length":14,"Height":5,"Demand":2,"DemandMax":null,"Value":70},{"Length":14,"Height":8,"Demand":1,"DemandMax":null,"Value":112},{"Length":4,"Height":8,"Demand":1,"DemandMax":null,"Value":32},{"Length":21,"Height":13,"Demand":1,"DemandMax":null,"Value":273},{"Length":7,"Height":11,"Demand":1,"DemandMax":null,"Value":77},{"Length":14,"Height":11,"Demand":1,"DemandMax":null,"Value":154},{"Length":4,"Height":5,"Demand":1,"DemandMax":null,"Value":20},{"Length":18,"Height":3,"Demand":1,"DemandMax":null,"Value":54},{"Length":21,"Height":3,"Demand":1,"DemandMax":null,"Value":63},{"Length":17,"Height":11,"Demand":1,"DemandMax":null,"Value":187},{"Length":4,"Height":11,"Demand":1,"DemandMax":null,"Value":44},{"Length":7,"Height":4,"Demand":1,"DemandMax":null,"Value":28},{"Length":5,"Height":4,"Demand":1,"DemandMax":null,"Value":20},{"Length":6,"Height":7,"Demand":1,"DemandMax":null,"Value":42},{"Length":18,"Height":5,"Demand":2,"DemandMax":null,"Value":90},{"Length":3,"Height":5,"Demand":1,"DemandMax":null,"Value":15},{"Length":7,"Height":3,"Demand":1,"DemandMax":null,"Value":21},{"Length":5,"Height":3,"Demand":1,"DemandMax":null,"Value":15},{"Length":18,"Height":4,"Demand":1,"DemandMax":null,"Value":72},{"Length":3,"Height":4,"Demand":1,"DemandMax":null,"Value":12},{"Length":12,"Height":2,"Demand":1,"DemandMax":null,"Value":24},{"Length":6,"Height":2,"Demand":1,"DemandMax":null,"Value":12},{"Length":21,"Height":5,"Demand":1,"DemandMax":null,"Value":105},{"Length":17,"Height":3,"Demand":1,"DemandMax":null,"Value":51},{"Length":4,"Height":3,"Demand":1,"DemandMax":null,"Value":12}]}