{"Name":"C5_2","Objects":[{"Length":60,"Height":90,"Stock":null,"Cost":5400}],"Items":[{"Length":3,"Height":5,"Demand":1,"DemandMax":null,"Value":15},{"Length":14,"Height":3,"Demand":2,"DemandMax":null,"Value":42},{"Length":9,"Height":27,"Demand":1,"DemandMax":null,"Value":243},{"Length":6,"Height":24,"Demand":1,"DemandMax":null,"Value":144},{"Length":21,"Height":7,"Demand":1,"DemandMax":null,"Value":147},{"Length":7,"Height":10,"Demand":2,"DemandMax":null,"Value":70},{"Length":1,"Height":2,"Demand":3,"DemandMax":null,"Value":2},{"Length":13,"Height":19,"Demand":1,"DemandMax":null,"Value":247},{"Length":4,"Height":17,"Demand":1,"DemandMax":null,"Value":68},{"Length":4,"Height":13,"Demand":2,"DemandMax":null,"Value":52},{"Length":17,"Height":3,"Demand":1,"DemandMax":null,"Value":51},{"Length":24,"Height":10,"Demand":1,"DemandMax":null,"Value":240},{"Length":5,"Height":4,"Demand":1,"DemandMax":null,"Value":20},{"Length":2,"Height":2,"Demand":1,"DemandMax":null,"Value":4},{"Length":6,"Height":1,"Demand":1,"DemandMax":null,"Value":6},{"Length":11,"Height":9,"Demand":1,"DemandMax":null,"Value":99},{"Length":4,"Height":26,"Demand":2,"DemandMax":null,"Value":104},{"Length":2,"Height":1,"Demand":3,"DemandMax":null,"Value":2},{"Length":4,"Height":7,"Demand":1,"DemandMax":null,"Value":28},{"Length":7,"Height":38,"Demand":1,"DemandMax":null,"Value":266},{"Length":3,"Height":2,"Demand":1,"DemandMax":null,"Value":6},{"Length":3,"Height":1,"Demand":2,"DemandMax":null,"Value":3},{"Length":4,"Height":2,"Demand":2,"DemandMax":null,"Value":8},{"Length":4,"Height":6,"Demand":1,"DemandMax":null,"Value":24},{"Length":5,"Height":1,"Demand":1,"DemandMax":null,"Value":5},{"Length":1,"Height":1,"Demand":1,"DemandMax":null,"Value":1},{"Length":3,"Height":3,"Demand":2,"DemandMax":null,"Value":9},{"Length":5,"Height":20,"Demand":2,"DemandMax":null,"Value":100},{"Length":6,"Height":23,"Demand":1,"DemandMax":null,"Value":138},{"Length":7,"Height":2,"Demand":1,"DemandMax":null,"Value":14},{"Length":11,"Height":21,"Demand":1,"DemandMax":null,"Value":231},{"Length":8,"Height":7,"Demand":1,"DemandMax":null,"Value":56},{"Length":6,"Height":15,"Demand":1,"DemandMax":null,"Value":90},{"Length":13,"Height":14,"Demand":1,"DemandMax":null,"Value":182},{"Length":3,"Height":14,"Demand":1,"DemandMax":null,"Value":42},{"Length":5,"Height":26,"Demand":1,"DemandMax":null,"Value":130},{"Length":9,"Height":14,"Demand":1,"DemandMax":null,"Value":126},{"Length":10,"Height":3,"Demand":2,"DemandMax":null,"Value":30},{"Length":1,"Height":3,"Demand":1,"DemandMax":null,"Value":3},{"Length":14,"Height":11,"Demand":1,"DemandMax":null,"Value":154},{"Length":14,"Height":12,"Demand":1,"DemandMax":null,"Value":168},{"Length":18,"Height":3,"Demand":1,"DemandMax":null,"Value":54},{"Length":7,"Height":4,"Demand":1,"DemandMax":null,"Value":28},{"Length":2,"Height":7,"Demand":1,"DemandMax":null,"Value":14},{"Length":7,"Height":28,"Demand":1,"DemandMax":null,"Value":196},{"Length":30,"Height":10,"Demand":1,"DemandMax":null,"Value":300},{"Length":14,"Height":19,"Demand":1,"DemandMax":null,"Value":266},{"Length":5,"Height":23,"Demand":1,"DemandMax":null,"Value":115},{"Length":15,"Height":4,"Demand":1,"DemandMax":null,"Value":60},{"Length":10,"Height":6,"Demand":1,"DemandMax":null,"Value":60},{"Length":6,"Height":3,"Demand":1,"DemandMax":null,"Value":18},{"Length":5,"Height":2,"Demand":1,"DemandMax":null,"Value":10},{"Length":2,"Height":3,"Demand":1,"DemandMax":null,"Value":6},{"Length":9,"Height":2,"Demand":1,"DemandMax":null,"Value":18},{"Length":7,"Height":8,"Demand":1,"DemandMax":null,"Value":56},{"Length":32,"Height":6,"Demand":1,"DemandMax":null,"Value":192},{"Length":6,"Height":2,"Demand":1,"DemandMax":null,"Value":12},{"Length":26,"Height":5,"Demand":1,"DemandMax":null,"Value":130},{"Length":6,"Height":5,"Demand":1,"DemandMax":null,"Value":30},{"Length":13,"Height":3,"Demand":1,"DemandMax":null,"Value":39}]}