{"Name":"DLZZ","Objects":[{"Length":2800,"Height":1400,"Stock":null,"Cost":3920000}],"Items":[{"Length":935,"Height":471,"Demand":185,"DemandMax":null,"Value":440385},{"Length":777,"Height":460,"Demand":174,"DemandMax":null,"Value":357420},{"Length":857,"Height":383,"Demand":121,"DemandMax":null,"Value":328231},{"Length":971,"Height":321,"Demand":161,"DemandMax":null,"Value":311691},{"Length":643,"Height":393,"Demand":161,"DemandMax":null,"Value":252699},{"Length":724,"Height":347,"Demand":154,"DemandMax":null,"Value":251228},{"Length":740,"Height":330,"Demand":146,"DemandMax":null,"Value":244200},{"Length":722,"Height":329,"Demand":181,"DemandMax":null,"Value":237538},{"Length":823,"Height":279,"Demand":125,"DemandMax":null,"Value":229617},{"Length":544,"Height":414,"Demand":149,"DemandMax":null,"Value":225216},{"Length":544,"Height":405,"Demand":101,"DemandMax":null,"Value":220320},{"Length":502,"Height":419,"Demand":152,"DemandMax":null,"Value":210338},{"Length":851,"Height":247,"Demand":110,"DemandMax":null,"Value":210197},{"Length":884,"Height":230,"Demand":189,"DemandMax":null,"Value":203320},{"Length":742,"Height":272,"Demand":136,"DemandMax":null,"Value":201824},{"Length":597,"Height":324,"Demand":189,"DemandMax":null,"Value":193428},{"Length":957,"Height":199,"Demand":200,"DemandMax":null,"Value":190443},{"Length":813,"Height":234,"Demand":198,"DemandMax":null,"Value":190242},{"Length":581,"Height":301,"Demand":128,"DemandMax":null,"Value":174881},{"Length":746,"Height":226,"Demand":177,"DemandMax":null,"Value":168596},{"Length":819,"Height":202,"Demand":178,"DemandMax":null,"Value":165438},{"Length":434,"Height":358,"Demand":112,"DemandMax":null,"Value":155372},{"Length":424,"Height":355,"Demand":159,"DemandMax":null,"Value":150520},{"Length":590,"Height":235,"Demand":126,"DemandMax":null,"Value":138650},{"Length":620,"Height":222,"Demand":186,"DemandMax":null,"Value":137640},{"Length":614,"Height":222,"Demand":144,"DemandMax":null,"Value":136308},{"Length":604,"Height":215,"Demand":154,"DemandMax":null,"Value":129860},{"Length":591,"Height":214,"Demand":196,"DemandMax":null,"Value":126474},{"Length":369,"Height":326,"Demand":175,"DemandMax":null,"Value":120294},{"Length":732,"Height":164,"Demand":137,"DemandMax":null,"Value":120048},{"Length":375,"Height":307,"Demand":192,"DemandMax":null,"Value":115125},{"Length":885,"Height":129,"Demand":130,"DemandMax":null,"Value":114165},{"Length":213,"Height":498,"Demand":143,"DemandMax":null,"Value":106074},{"Length":542,"Height":175,"Demand":185,"DemandMax":null,"Value":94850},{"Length":981,"Height":87,"Demand":189,"DemandMax":null,"Value":85347},{"Length":717,"Height":117,"Demand":135,"DemandMax":null,"Value":83889},{"Length":207,"Height":375,"Demand":173,"DemandMax":null,"Value":77625},{"Length":949,"Height":81,"Demand":178,"DemandMax":null,"Value":76869},{"Length":733,"Height":104,"Demand":111,"DemandMax":null,"Value":76232},{"Length":165,"Height":412,"Demand":110,"DemandMax":null,"Value":67980},{"Length":155,"Height":412,"Demand":135,"DemandMax":null,"Value":63860},{"Length":808,"Height":78,"Demand":123,"DemandMax":null,"Value":63024},{"Length":254,"Height":193,"Demand":157,"DemandMax":null,"Value":49022},{"Length":619,"Height":79,"Demand":102,"DemandMax":null,"Value":48901},{"Length":191,"Height":253,"Demand":194,"DemandMax":null,"Value":48323},{"Length":390,"Height":113,"Demand":194,"DemandMax":null,"Value":44070},{"Length":230,"Height":170,"Demand":124,"DemandMax":null,"Value":39100},{"Length":492,"Height":72,"Demand":164,"DemandMax":null,"Value":35424},{"Length":149,"Height":227,"Demand":194,"DemandMax":null,"Value":33823},{"Length":207,"Height":134,"Demand":176,"DemandMax":null,"Value":27738}]}