{"Name":"CVZ","Objects":[{"Length":2000,"Height":1000,"Stock":null,"Cost":2000000}],"Items":[{"Length":938,"Height":494,"Demand":5,"DemandMax":null,"Value":463372},{"Length":987,"Height":465,"Demand":14,"DemandMax":null,"Value":458955},{"Length":881,"Height":486,"Demand":22,"DemandMax":null,"Value":428166},{"Length":915,"Height":425,"Demand":25,"DemandMax":null,"Value":388875},{"Length":733,"Height":472,"Demand":118,"DemandMax":null,"Value":345976},{"Length":642,"Height":470,"Demand":151,"DemandMax":null,"Value":301740},{"Length":790,"Height":375,"Demand":18,"DemandMax":null,"Value":296250},{"Length":850,"Height":331,"Demand":5,"DemandMax":null,"Value":281350},{"Length":759,"Height":349,"Demand":16,"DemandMax":null,"Value":264891},{"Length":577,"Height":455,"Demand":114,"DemandMax":null,"Value":262535},{"Length":874,"Height":298,"Demand":11,"DemandMax":null,"Value":260452},{"Length":696,"Height":344,"Demand":139,"DemandMax":null,"Value":239424},{"Length":921,"Height":249,"Demand":2,"DemandMax":null,"Value":229329},{"Length":481,"Height":456,"Demand":10,"DemandMax":null,"Value":219336},{"Length":449,"Height":483,"Demand":3,"DemandMax":null,"Value":216867},{"Length":780,"Height":268,"Demand":12,"DemandMax":null,"Value":209040},{"Length":957,"Height":188,"Demand":18,"DemandMax":null,"Value":179916},{"Length":352,"Height":430,"Demand":144,"DemandMax":null,"Value":151360},{"Length":544,"Height":272,"Demand":23,"DemandMax":null,"Value":147968},{"Length":533,"Height":264,"Demand":118,"DemandMax":null,"Value":140712},{"Length":750,"Height":185,"Demand":200,"DemandMax":null,"Value":138750},{"Length":307,"Height":451,"Demand":13,"DemandMax":null,"Value":138457},{"Length":317,"Height":425,"Demand":25,"DemandMax":null,"Value":134725},{"Length":934,"Height":120,"Demand":10,"DemandMax":null,"Value":112080},{"Length":315,"Height":354,"Demand":19,"DemandMax":null,"Value":111510},{"Length":736,"Height":140,"Demand":25,"DemandMax":null,"Value":103040},{"Length":839,"Height":120,"Demand":100,"DemandMax":null,"Value":100680},{"Length":441,"Height":216,"Demand":125,"DemandMax":null,"Value":95256},{"Length":245,"Height":349,"Demand":21,"DemandMax":null,"Value":85505},{"Length":627,"Height":125,"Demand":10,"DemandMax":null,"Value":78375},{"Length":561,"Height":121,"Demand":20,"DemandMax":null,"Value":67881},{"Length":261,"Height":248,"Demand":19,"DemandMax":null,"Value":64728},{"Length":152,"Height":414,"Demand":184,"DemandMax":null,"Value":62928},{"Length":581,"Height":103,"Demand":108,"DemandMax":null,"Value":59843},{"Length":181,"Height":324,"Demand":114,"DemandMax":null,"Value":58644},{"Length":289,"Height":196,"Demand":167,"DemandMax":null,"Value":56644},{"Length":221,"Height":203,"Demand":177,"DemandMax":null,"Value":44863},{"Length":239,"Height":176,"Demand":15,"DemandMax":null,"Value":42064},{"Length":442,"Height":87,"Demand":115,"DemandMax":null,"Value":38454},{"Length":287,"Height":90,"Demand":106,"DemandMax":null,"Value":25830}]}