{"Name":"DVY","Objects":[{"Length":1700,"Height":850,"Stock":null,"Cost":1445000}],"Items":[{"Length":912,"Height":473,"Demand":22,"DemandMax":null,"Value":431376},{"Length":971,"Height":431,"Demand":103,"DemandMax":null,"Value":418501},{"Length":925,"Height":433,"Demand":9,"DemandMax":null,"Value":400525},{"Length":857,"Height":409,"Demand":140,"DemandMax":null,"Value":350513},{"Length":706,"Height":496,"Demand":100,"DemandMax":null,"Value":350176},{"Length":980,"Height":342,"Demand":9,"DemandMax":null,"Value":335160},{"Length":634,"Height":493,"Demand":7,"DemandMax":null,"Value":312562},{"Length":914,"Height":340,"Demand":150,"DemandMax":null,"Value":310760},{"Length":822,"Height":353,"Demand":143,"DemandMax":null,"Value":290166},{"Length":877,"Height":327,"Demand":7,"DemandMax":null,"Value":286779},{"Length":861,"Height":327,"Demand":126,"DemandMax":null,"Value":281547},{"Length":677,"Height":394,"Demand":11,"DemandMax":null,"Value":266738},{"Length":774,"Height":340,"Demand":5,"DemandMax":null,"Value":263160},{"Length":960,"Height":262,"Demand":103,"DemandMax":null,"Value":251520},{"Length":745,"Height":332,"Demand":177,"DemandMax":null,"Value":247340},{"Length":502,"Height":467,"Demand":155,"DemandMax":null,"Value":234434},{"Length":492,"Height":462,"Demand":20,"DemandMax":null,"Value":227304},{"Length":464,"Height":433,"Demand":1,"DemandMax":null,"Value":200912},{"Length":862,"Height":227,"Demand":126,"DemandMax":null,"Value":195674},{"Length":536,"Height":349,"Demand":175,"DemandMax":null,"Value":187064},{"Length":763,"Height":245,"Demand":181,"DemandMax":null,"Value":186935},{"Length":479,"Height":373,"Demand":8,"DemandMax":null,"Value":178667},{"Length":832,"Height":210,"Demand":124,"DemandMax":null,"Value":174720},{"Length":901,"Height":185,"Demand":17,"DemandMax":null,"Value":166685},{"Length":796,"Height":208,"Demand":197,"DemandMax":null,"Value":165568},{"Length":387,"Height":424,"Demand":148,"DemandMax":null,"Value":164088},{"Length":514,"Height":293,"Demand":152,"DemandMax":null,"Value":150602},{"Length":765,"Height":196,"Demand":115,"DemandMax":null,"Value":149940},{"Length":508,"Height":290,"Demand":150,"DemandMax":null,"Value":147320},{"Length":615,"Height":216,"Demand":22,"DemandMax":null,"Value":132840},{"Length":566,"Height":216,"Demand":191,"DemandMax":null,"Value":122256},{"Length":369,"Height":303,"Demand":124,"DemandMax":null,"Value":111807},{"Length":303,"Height":357,"Demand":143,"DemandMax":null,"Value":108171},{"Length":215,"Height":493,"Demand":175,"DemandMax":null,"Value":105995},{"Length":541,"Height":192,"Demand":193,"DemandMax":null,"Value":103872},{"Length":203,"Height":479,"Demand":7,"DemandMax":null,"Value":97237},{"Length":708,"Height":137,"Demand":147,"DemandMax":null,"Value":96996},{"Length":313,"Height":281,"Demand":106,"DemandMax":null,"Value":87953},{"Length":368,"Height":224,"Demand":163,"DemandMax":null,"Value":82432},{"Length":250,"Height":285,"Demand":11,"DemandMax":null,"Value":71250},{"Length":819,"Height":84,"Demand":135,"DemandMax":null,"Value":68796},{"Length":176,"Height":381,"Demand":186,"DemandMax":null,"Value":67056},{"Length":378,"Height":176,"Demand":16,"DemandMax":null,"Value":66528},{"Length":539,"Height":114,"Demand":11,"DemandMax":null,"Value":61446},{"Length":189,"Height":286,"Demand":161,"DemandMax":null,"Value":54054},{"Length":216,"Height":209,"Demand":183,"DemandMax":null,"Value":45144},{"Length":199,"Height":225,"Demand":16,"DemandMax":null,"Value":44775},{"Length":144,"Height":277,"Demand":167,"DemandMax":null,"Value":39888},{"Length":220,"Height":177,"Demand":196,"DemandMax":null,"Value":38940},{"Length":162,"Height":219,"Demand":15,"DemandMax":null,"Value":35478}]}