{"Name":"BLZ","Objects":[{"Length":2000,"Height":1000,"Stock":null,"Cost":2000000}],"Items":[{"Length":904,"Height":466,"Demand":134,"DemandMax":null,"Value":421264},{"Length":849,"Height":472,"Demand":141,"DemandMax":null,"Value":400728},{"Length":934,"Height":421,"Demand":187,"DemandMax":null,"Value":393214},{"Length":887,"Height":436,"Demand":131,"DemandMax":null,"Value":386732},{"Length":811,"Height":439,"Demand":134,"DemandMax":null,"Value":356029},{"Length":991,"Height":341,"Demand":146,"DemandMax":null,"Value":337931},{"Length":903,"Height":367,"Demand":178,"DemandMax":null,"Value":331401},{"Length":898,"Height":342,"Demand":162,"DemandMax":null,"Value":307116},{"Length":722,"Height":423,"Demand":185,"DemandMax":null,"Value":305406},{"Length":813,"Height":284,"Demand":109,"DemandMax":null,"Value":230892},{"Length":915,"Height":245,"Demand":162,"DemandMax":null,"Value":224175},{"Length":610,"Height":329,"Demand":110,"DemandMax":null,"Value":200690},{"Length":437,"Height":408,"Demand":188,"DemandMax":null,"Value":178296},{"Length":912,"Height":186,"Demand":125,"DemandMax":null,"Value":169632},{"Length":819,"Height":198,"Demand":131,"DemandMax":null,"Value":162162},{"Length":450,"Height":323,"Demand":147,"DemandMax":null,"Value":145350},{"Length":335,"Height":332,"Demand":113,"DemandMax":null,"Value":111220},{"Length":469,"Height":211,"Demand":107,"DemandMax":null,"Value":98959},{"Length":469,"Height":205,"Demand":151,"DemandMax":null,"Value":96145},{"Length":219,"Height":393,"Demand":133,"DemandMax":null,"Value":86067},{"Length":795,"Height":105,"Demand":117,"DemandMax":null,"Value":83475},{"Length":183,"Height":370,"Demand":149,"DemandMax":null,"Value":67710},{"Length":193,"Height":341,"Demand":179,"DemandMax":null,"Value":65813},{"Length":242,"Height":271,"Demand":165,"DemandMax":null,"Value":65582},{"Length":354,"Height":180,"Demand":103,"DemandMax":null,"Value":63720},{"Length":876,"Height":70,"Demand":168,"DemandMax":null,"Value":61320},{"Length":425,"Height":118,"Demand":186,"DemandMax":null,"Value":50150},{"Length":225,"Height":162,"Demand":134,"DemandMax":null,"Value":36450},{"Length":462,"Height":76,"Demand":168,"DemandMax":null,"Value":35112},{"Length":242,"Height":115,"Demand":156,"DemandMax":null,"Value":27830}]}