{"Name":"ASZZZ","Objects":[{"Length":4000,"Height":2000,"Stock":null,"Cost":8000000}],"Items":[{"Length":832,"Height":468,"Demand":18,"DemandMax":null,"Value":389376},{"Length":866,"Height":391,"Demand":14,"DemandMax":null,"Value":338606},{"Length":920,"Height":292,"Demand":14,"DemandMax":null,"Value":268640},{"Length":787,"Height":326,"Demand":22,"DemandMax":null,"Value":256562},{"Length":721,"Height":347,"Demand":12,"DemandMax":null,"Value":250187},{"Length":782,"Height":270,"Demand":9,"DemandMax":null,"Value":211140},{"Length":933,"Height":185,"Demand":5,"DemandMax":null,"Value":172605},{"Length":903,"Height":173,"Demand":11,"DemandMax":null,"Value":156219},{"Length":282,"Height":461,"Demand":3,"DemandMax":null,"Value":130002},{"Length":839,"Height":141,"Demand":7,"DemandMax":null,"Value":118299},{"Length":650,"Height":178,"Demand":22,"DemandMax":null,"Value":115700},{"Length":516,"Height":211,"Demand":21,"DemandMax":null,"Value":108876},{"Length":306,"Height":338,"Demand":10,"DemandMax":null,"Value":103428},{"Length":219,"Height":389,"Demand":18,"DemandMax":null,"Value":85191},{"Length":265,"Height":303,"Demand":5,"DemandMax":null,"Value":80295},{"Length":252,"Height":318,"Demand":6,"DemandMax":null,"Value":80136},{"Length":196,"Height":401,"Demand":12,"DemandMax":null,"Value":78596},{"Length":310,"Height":146,"Demand":6,"DemandMax":null,"Value":45260},{"Length":247,"Height":124,"Demand":6,"DemandMax":null,"Value":30628},{"Length":245,"Height":106,"Demand":4,"DemandMax":null,"Value":25970}]}