{"Name":"CLX","Objects":[{"Length":1400,"Height":700,"Stock":null,"Cost":980000}],"Items":[{"Length":915,"Height":439,"Demand":129,"DemandMax":null,"Value":401685},{"Length":722,"Height":498,"Demand":182,"DemandMax":null,"Value":359556},{"Length":882,"Height":399,"Demand":181,"DemandMax":null,"Value":351918},{"Length":884,"Height":355,"Demand":154,"DemandMax":null,"Value":313820},{"Length":873,"Height":344,"Demand":169,"DemandMax":null,"Value":300312},{"Length":868,"Height":339,"Demand":102,"DemandMax":null,"Value":294252},{"Length":676,"Height":422,"Demand":171,"DemandMax":null,"Value":285272},{"Length":776,"Height":332,"Demand":147,"DemandMax":null,"Value":257632},{"Length":765,"Height":336,"Demand":170,"DemandMax":null,"Value":257040},{"Length":764,"Height":332,"Demand":114,"DemandMax":null,"Value":253648},{"Length":536,"Height":418,"Demand":141,"DemandMax":null,"Value":224048},{"Length":464,"Height":476,"Demand":147,"DemandMax":null,"Value":220864},{"Length":831,"Height":231,"Demand":193,"DemandMax":null,"Value":191961},{"Length":927,"Height":202,"Demand":146,"DemandMax":null,"Value":187254},{"Length":810,"Height":225,"Demand":117,"DemandMax":null,"Value":182250},{"Length":529,"Height":339,"Demand":140,"DemandMax":null,"Value":179331},{"Length":542,"Height":324,"Demand":134,"DemandMax":null,"Value":175608},{"Length":529,"Height":306,"Demand":198,"DemandMax":null,"Value":161874},{"Length":659,"Height":242,"Demand":195,"DemandMax":null,"Value":159478},{"Length":348,"Height":447,"Demand":191,"DemandMax":null,"Value":155556},{"Length":722,"Height":208,"Demand":141,"DemandMax":null,"Value":150176},{"Length":913,"Height":156,"Demand":127,"DemandMax":null,"Value":142428},{"Length":327,"Height":403,"Demand":164,"DemandMax":null,"Value":131781},{"Length":542,"Height":217,"Demand":182,"DemandMax":null,"Value":117614},{"Length":745,"Height":157,"Demand":141,"DemandMax":null,"Value":116965},{"Length":363,"Height":301,"Demand":195,"DemandMax":null,"Value":109263},{"Length":940,"Height":112,"Demand":122,"DemandMax":null,"Value":105280},{"Length":604,"Height":173,"Demand":157,"DemandMax":null,"Value":104492},{"Length":804,"Height":110,"Demand":122,"DemandMax":null,"Value":88440},{"Length":913,"Height":94,"Demand":161,"DemandMax":null,"Value":85822},{"Length":593,"Height":132,"Demand":151,"DemandMax":null,"Value":78276},{"Length":603,"Height":125,"Demand":111,"DemandMax":null,"Value":75375},{"Length":169,"Height":385,"Demand":185,"DemandMax":null,"Value":65065},{"Length":390,"Height":138,"Demand":175,"DemandMax":null,"Value":53820},{"Length":666,"Height":77,"Demand":168,"DemandMax":null,"Value":51282},{"Length":367,"Height":107,"Demand":168,"DemandMax":null,"Value":39269},{"Length":472,"Height":72,"Demand":128,"DemandMax":null,"Value":33984},{"Length":408,"Height":83,"Demand":168,"DemandMax":null,"Value":33864},{"Length":154,"Height":219,"Demand":102,"DemandMax":null,"Value":33726},{"Length":208,"Height":142,"Demand":131,"DemandMax":null,"Value":29536}]}