{"Name":"ALZZ","Objects":[{"Length":2800,"Height":1400,"Stock":null,"Cost":3920000}],"Items":[{"Length":933,"Height":372,"Demand":179,"DemandMax":null,"Value":347076},{"Length":893,"Height":307,"Demand":192,"DemandMax":null,"Value":274151},{"Length":727,"Height":333,"Demand":121,"DemandMax":null,"Value":242091},{"Length":571,"Height":408,"Demand":130,"DemandMax":null,"Value":232968},{"Length":846,"Height":263,"Demand":117,"DemandMax":null,"Value":222498},{"Length":731,"Height":269,"Demand":172,"DemandMax":null,"Value":196639},{"Length":511,"Height":340,"Demand":128,"DemandMax":null,"Value":173740},{"Length":708,"Height":199,"Demand":157,"DemandMax":null,"Value":140892},{"Length":364,"Height":366,"Demand":141,"DemandMax":null,"Value":133224},{"Length":315,"Height":301,"Demand":128,"DemandMax":null,"Value":94815},{"Length":472,"Height":198,"Demand":161,"DemandMax":null,"Value":93456},{"Length":234,"Height":399,"Demand":191,"DemandMax":null,"Value":93366},{"Length":197,"Height":443,"Demand":180,"DemandMax":null,"Value":87271},{"Length":742,"Height":102,"Demand":187,"DemandMax":null,"Value":75684},{"Length":463,"Height":144,"Demand":186,"DemandMax":null,"Value":66672},{"Length":453,"Height":127,"Demand":153,"DemandMax":null,"Value":57531},{"Length":341,"Height":153,"Demand":191,"DemandMax":null,"Value":52173},{"Length":141,"Height":324,"Demand":200,"DemandMax":null,"Value":45684},{"Length":396,"Height":78,"Demand":105,"DemandMax":null,"Value":30888},{"Length":161,"Height":182,"Demand":134,"DemandMax":null,"Value":29302}]}