{"Name":"BVZ","Objects":[{"Length":2000,"Height":1000,"Stock":null,"Cost":2000000}],"Items":[{"Length":858,"Height":496,"Demand":169,"DemandMax":null,"Value":425568},{"Length":851,"Height":431,"Demand":21,"DemandMax":null,"Value":366781},{"Length":686,"Height":480,"Demand":173,"DemandMax":null,"Value":329280},{"Length":687,"Height":478,"Demand":8,"DemandMax":null,"Value":328386},{"Length":774,"Height":394,"Demand":16,"DemandMax":null,"Value":304956},{"Length":706,"Height":410,"Demand":6,"DemandMax":null,"Value":289460},{"Length":639,"Height":451,"Demand":172,"DemandMax":null,"Value":288189},{"Length":622,"Height":411,"Demand":5,"DemandMax":null,"Value":255642},{"Length":668,"Height":379,"Demand":191,"DemandMax":null,"Value":253172},{"Length":528,"Height":464,"Demand":132,"DemandMax":null,"Value":244992},{"Length":718,"Height":332,"Demand":16,"DemandMax":null,"Value":238376},{"Length":982,"Height":229,"Demand":22,"DemandMax":null,"Value":224878},{"Length":465,"Height":468,"Demand":8,"DemandMax":null,"Value":217620},{"Length":844,"Height":253,"Demand":197,"DemandMax":null,"Value":213532},{"Length":843,"Height":215,"Demand":156,"DemandMax":null,"Value":181245},{"Length":392,"Height":435,"Demand":18,"DemandMax":null,"Value":170520},{"Length":521,"Height":289,"Demand":120,"DemandMax":null,"Value":150569},{"Length":613,"Height":208,"Demand":188,"DemandMax":null,"Value":127504},{"Length":295,"Height":391,"Demand":17,"DemandMax":null,"Value":115345},{"Length":421,"Height":266,"Demand":16,"DemandMax":null,"Value":111986},{"Length":431,"Height":256,"Demand":188,"DemandMax":null,"Value":110336},{"Length":382,"Height":286,"Demand":9,"DemandMax":null,"Value":109252},{"Length":274,"Height":362,"Demand":4,"DemandMax":null,"Value":99188},{"Length":789,"Height":119,"Demand":191,"DemandMax":null,"Value":93891},{"Length":212,"Height":398,"Demand":9,"DemandMax":null,"Value":84376},{"Length":225,"Height":280,"Demand":144,"DemandMax":null,"Value":63000},{"Length":284,"Height":218,"Demand":147,"DemandMax":null,"Value":61912},{"Length":218,"Height":153,"Demand":21,"DemandMax":null,"Value":33354},{"Length":170,"Height":102,"Demand":8,"DemandMax":null,"Value":17340},{"Length":156,"Height":79,"Demand":181,"DemandMax":null,"Value":12324}]}