{"Name":"BSZZZ","Objects":[{"Length":4000,"Height":2000,"Stock":null,"Cost":8000000}],"Items":[{"Length":894,"Height":417,"Demand":25,"DemandMax":null,"Value":372798},{"Length":763,"Height":433,"Demand":13,"DemandMax":null,"Value":330379},{"Length":624,"Height":430,"Demand":19,"DemandMax":null,"Value":268320},{"Length":949,"Height":262,"Demand":2,"DemandMax":null,"Value":248638},{"Length":778,"Height":318,"Demand":22,"DemandMax":null,"Value":247404},{"Length":593,"Height":415,"Demand":23,"DemandMax":null,"Value":246095},{"Length":960,"Height":256,"Demand":7,"DemandMax":null,"Value":245760},{"Length":907,"Height":248,"Demand":17,"DemandMax":null,"Value":224936},{"Length":462,"Height":468,"Demand":4,"DemandMax":null,"Value":216216},{"Length":873,"Height":234,"Demand":15,"DemandMax":null,"Value":204282},{"Length":595,"Height":333,"Demand":16,"DemandMax":null,"Value":198135},{"Length":673,"Height":246,"Demand":23,"DemandMax":null,"Value":165558},{"Length":844,"Height":185,"Demand":12,"DemandMax":null,"Value":156140},{"Length":894,"Height":174,"Demand":23,"DemandMax":null,"Value":155556},{"Length":422,"Height":323,"Demand":24,"DemandMax":null,"Value":136306},{"Length":344,"Height":318,"Demand":7,"DemandMax":null,"Value":109392},{"Length":385,"Height":263,"Demand":8,"DemandMax":null,"Value":101255},{"Length":260,"Height":380,"Demand":17,"DemandMax":null,"Value":98800},{"Length":778,"Height":118,"Demand":2,"DemandMax":null,"Value":91804},{"Length":663,"Height":126,"Demand":5,"DemandMax":null,"Value":83538},{"Length":158,"Height":489,"Demand":1,"DemandMax":null,"Value":77262},{"Length":810,"Height":83,"Demand":20,"DemandMax":null,"Value":67230},{"Length":248,"Height":229,"Demand":5,"DemandMax":null,"Value":56792},{"Length":259,"Height":179,"Demand":6,"DemandMax":null,"Value":46361},{"Length":233,"Height":177,"Demand":1,"DemandMax":null,"Value":41241},{"Length":143,"Height":281,"Demand":10,"DemandMax":null,"Value":40183},{"Length":384,"Height":87,"Demand":15,"DemandMax":null,"Value":33408},{"Length":165,"Height":173,"Demand":11,"DemandMax":null,"Value":28545},{"Length":162,"Height":175,"Demand":24,"DemandMax":null,"Value":28350},{"Length":208,"Height":98,"Demand":24,"DemandMax":null,"Value":20384}]}