{"Name":"AVY","Objects":[{"Length":1700,"Height":850,"Stock":null,"Cost":1445000}],"Items":[{"Length":623,"Height":420,"Demand":147,"DemandMax":null,"Value":261660},{"Length":752,"Height":333,"Demand":171,"DemandMax":null,"Value":250416},{"Length":882,"Height":279,"Demand":23,"DemandMax":null,"Value":246078},{"Length":493,"Height":470,"Demand":129,"DemandMax":null,"Value":231710},{"Length":803,"Height":279,"Demand":197,"DemandMax":null,"Value":224037},{"Length":942,"Height":221,"Demand":15,"DemandMax":null,"Value":208182},{"Length":603,"Height":324,"Demand":25,"DemandMax":null,"Value":195372},{"Length":388,"Height":498,"Demand":161,"DemandMax":null,"Value":193224},{"Length":845,"Height":197,"Demand":9,"DemandMax":null,"Value":166465},{"Length":438,"Height":364,"Demand":11,"DemandMax":null,"Value":159432},{"Length":464,"Height":341,"Demand":20,"DemandMax":null,"Value":158224},{"Length":528,"Height":285,"Demand":145,"DemandMax":null,"Value":150480},{"Length":363,"Height":407,"Demand":22,"DemandMax":null,"Value":147741},{"Length":496,"Height":265,"Demand":1,"DemandMax":null,"Value":131440},{"Length":874,"Height":149,"Demand":149,"DemandMax":null,"Value":130226},{"Length":837,"Height":151,"Demand":9,"DemandMax":null,"Value":126387},{"Length":219,"Height":408,"Demand":138,"DemandMax":null,"Value":89352},{"Length":810,"Height":108,"Demand":11,"DemandMax":null,"Value":87480},{"Length":538,"Height":91,"Demand":122,"DemandMax":null,"Value":48958},{"Length":359,"Height":91,"Demand":162,"DemandMax":null,"Value":32669}]}