{"Name":"CSZZ","Objects":[{"Length":2800,"Height":1400,"Stock":null,"Cost":3920000}],"Items":[{"Length":984,"Height":438,"Demand":11,"DemandMax":null,"Value":430992},{"Length":914,"Height":432,"Demand":12,"DemandMax":null,"Value":394848},{"Length":797,"Height":444,"Demand":24,"DemandMax":null,"Value":353868},{"Length":814,"Height":430,"Demand":10,"DemandMax":null,"Value":350020},{"Length":802,"Height":362,"Demand":10,"DemandMax":null,"Value":290324},{"Length":934,"Height":297,"Demand":7,"DemandMax":null,"Value":277398},{"Length":762,"Height":334,"Demand":18,"DemandMax":null,"Value":254508},{"Length":549,"Height":450,"Demand":19,"DemandMax":null,"Value":247050},{"Length":988,"Height":246,"Demand":17,"DemandMax":null,"Value":243048},{"Length":833,"Height":265,"Demand":5,"DemandMax":null,"Value":220745},{"Length":654,"Height":336,"Demand":22,"DemandMax":null,"Value":219744},{"Length":428,"Height":489,"Demand":10,"DemandMax":null,"Value":209292},{"Length":681,"Height":278,"Demand":19,"DemandMax":null,"Value":189318},{"Length":996,"Height":166,"Demand":9,"DemandMax":null,"Value":165336},{"Length":965,"Height":162,"Demand":6,"DemandMax":null,"Value":156330},{"Length":438,"Height":327,"Demand":9,"DemandMax":null,"Value":143226},{"Length":442,"Height":319,"Demand":22,"DemandMax":null,"Value":140998},{"Length":829,"Height":159,"Demand":5,"DemandMax":null,"Value":131811},{"Length":230,"Height":494,"Demand":10,"DemandMax":null,"Value":113620},{"Length":242,"Height":455,"Demand":11,"DemandMax":null,"Value":110110},{"Length":542,"Height":187,"Demand":2,"DemandMax":null,"Value":101354},{"Length":560,"Height":179,"Demand":3,"DemandMax":null,"Value":100240},{"Length":219,"Height":439,"Demand":20,"DemandMax":null,"Value":96141},{"Length":234,"Height":400,"Demand":23,"DemandMax":null,"Value":93600},{"Length":369,"Height":253,"Demand":20,"DemandMax":null,"Value":93357},{"Length":194,"Height":479,"Demand":5,"DemandMax":null,"Value":92926},{"Length":834,"Height":107,"Demand":17,"DemandMax":null,"Value":89238},{"Length":385,"Height":221,"Demand":16,"DemandMax":null,"Value":85085},{"Length":837,"Height":101,"Demand":8,"DemandMax":null,"Value":84537},{"Length":927,"Height":89,"Demand":12,"DemandMax":null,"Value":82503},{"Length":214,"Height":365,"Demand":19,"DemandMax":null,"Value":78110},{"Length":475,"Height":163,"Demand":25,"DemandMax":null,"Value":77425},{"Length":160,"Height":447,"Demand":6,"DemandMax":null,"Value":71520},{"Length":511,"Height":137,"Demand":11,"DemandMax":null,"Value":70007},{"Length":908,"Height":76,"Demand":13,"DemandMax":null,"Value":69008},{"Length":649,"Height":100,"Demand":17,"DemandMax":null,"Value":64900},{"Length":371,"Height":152,"Demand":4,"DemandMax":null,"Value":56392},{"Length":187,"Height":236,"Demand":5,"DemandMax":null,"Value":44132},{"Length":178,"Height":193,"Demand":2,"DemandMax":null,"Value":34354},{"Length":377,"Height":77,"Demand":4,"DemandMax":null,"Value":29029}]}