{"Name":"cgcut1","Objects":[{"Length":15,"Height":10,"Stock":null,"Cost":150}],"Items":[{"Length":8,"Height":4,"Demand":2,"DemandMax":null,"Value":66},{"Length":3,"Height":7,"Demand":1,"DemandMax":null,"Value":35},{"Length":8,"Height":2,"Demand":3,"DemandMax":null,"Value":24},{"Length":3,"Height":4,"Demand":5,"DemandMax":null,"Value":17},{"Length":3,"Height":3,"Demand":2,"DemandMax":null,"Value":11},{"Length":3,"Height":2,"Demand":2,"DemandMax":null,"Value":8},{"Length":2,"Height":1,"Demand":1,"DemandMax":null,"Value":2}]}