{"Name":"cgcut2","Objects":[{"Length":40,"Height":70,"Stock":null,"Cost":2800}],"Items":[{"Length":21,"Height":22,"Demand":1,"DemandMax":null,"Value":582},{"Length":31,"Height":13,"Demand":1,"DemandMax":null,"Value":403},{"Length":9,"Height":35,"Demand":3,"DemandMax":null,"Value":315},{"Length":9,"Height":24,"Demand":3,"DemandMax":null,"Value":216},{"Length":30,"Height":7,"Demand":2,"DemandMax":null,"Value":210},{"Length":11,"Height":13,"Demand":3,"DemandMax":null,"Value":143},{"Length":10,"Height":14,"Demand":1,"DemandMax":null,"Value":140},{"Length":14,"Height":8,"Demand":3,"DemandMax":null,"Value":110},{"Length":12,"Height":8,"Demand":3,"DemandMax":null,"Value":94},{"Length":13,"Height":7,"Demand":3,"DemandMax":null,"Value":90}]}