{"Name":"HADCHR3","Objects":[{"Length":30,"Height":30,"Stock":null,"Cost":900}],"Items":[{"Length":12,"Height":21,"Demand":1,"DemandMax":null,"Value":450},{"Length":17,"Height":21,"Demand":1,"DemandMax":null,"Value":570},{"Length":6,"Height":6,"Demand":1,"DemandMax":null,"Value":49},{"Length":9,"Height":15,"Demand":1,"DemandMax":null,"Value":166},{"Length":5,"Height":12,"Demand":1,"DemandMax":null,"Value":69},{"Length":16,"Height":6,"Demand":1,"DemandMax":null,"Value":92},{"Length":5,"Height":4,"Demand":1,"DemandMax":null,"Value":17}]}