{"Name":"3","Objects":[{"Length":3050,"Height":2440,"Stock":null,"Cost":7442000}],"Items":[{"Length":1749,"Height":524,"Demand":8,"DemandMax":null,"Value":916476},{"Length":1659,"Height":594,"Demand":4,"DemandMax":null,"Value":985446},{"Length":1614,"Height":524,"Demand":10,"DemandMax":null,"Value":845736},{"Length":1177,"Height":924,"Demand":24,"DemandMax":null,"Value":1087548},{"Length":1121,"Height":524,"Demand":156,"DemandMax":null,"Value":587404},{"Length":1104,"Height":524,"Demand":8,"DemandMax":null,"Value":578496},{"Length":934,"Height":614,"Demand":8,"DemandMax":null,"Value":573476},{"Length":788,"Height":989,"Demand":160,"DemandMax":null,"Value":779332},{"Length":765,"Height":1259,"Demand":16,"DemandMax":null,"Value":963135},{"Length":718,"Height":948,"Demand":4,"DemandMax":null,"Value":680664},{"Length":524,"Height":1589,"Demand":48,"DemandMax":null,"Value":832636},{"Length":507,"Height":789,"Demand":8,"DemandMax":null,"Value":400023},{"Length":488,"Height":1319,"Demand":32,"DemandMax":null,"Value":643672},{"Length":400,"Height":1273,"Demand":16,"DemandMax":null,"Value":509200},{"Length":1704,"Height":594,"Demand":8,"DemandMax":null,"Value":1012176},{"Length":1659,"Height":524,"Demand":16,"DemandMax":null,"Value":869316},{"Length":1384,"Height":524,"Demand":12,"DemandMax":null,"Value":725216},{"Length":1167,"Height":924,"Demand":24,"DemandMax":null,"Value":1078308},{"Length":1114,"Height":514,"Demand":16,"DemandMax":null,"Value":572596},{"Length":1084,"Height":524,"Demand":10,"DemandMax":null,"Value":568016},{"Length":934,"Height":514,"Demand":8,"DemandMax":null,"Value":480076},{"Length":788,"Height":1319,"Demand":16,"DemandMax":null,"Value":1039372},{"Length":778,"Height":989,"Demand":16,"DemandMax":null,"Value":769442},{"Length":765,"Height":989,"Demand":48,"DemandMax":null,"Value":756585},{"Length":519,"Height":1589,"Demand":48,"DemandMax":null,"Value":824691},{"Length":490,"Height":1273,"Demand":32,"DemandMax":null,"Value":623770},{"Length":488,"Height":989,"Demand":328,"DemandMax":null,"Value":482632},{"Length":1704,"Height":524,"Demand":96,"DemandMax":null,"Value":892896},{"Length":1659,"Height":474,"Demand":16,"DemandMax":null,"Value":786366},{"Length":1121,"Height":594,"Demand":16,"DemandMax":null,"Value":665874},{"Length":1104,"Height":724,"Demand":8,"DemandMax":null,"Value":799296},{"Length":1074,"Height":596,"Demand":2,"DemandMax":null,"Value":640104},{"Length":874,"Height":596,"Demand":4,"DemandMax":null,"Value":520904},{"Length":788,"Height":1259,"Demand":32,"DemandMax":null,"Value":992092},{"Length":765,"Height":1319,"Demand":8,"DemandMax":null,"Value":1009035},{"Length":743,"Height":989,"Demand":20,"DemandMax":null,"Value":734827},{"Length":628,"Height":939,"Demand":8,"DemandMax":null,"Value":589692},{"Length":507,"Height":989,"Demand":56,"DemandMax":null,"Value":501423},{"Length":490,"Height":973,"Demand":32,"DemandMax":null,"Value":476770},{"Length":478,"Height":989,"Demand":36,"DemandMax":null,"Value":472742},{"Length":368,"Height":948,"Demand":4,"DemandMax":null,"Value":348864},{"Length":400,"Height":973,"Demand":16,"DemandMax":null,"Value":389200},{"Length":1284,"Height":514,"Demand":28,"DemandMax":null,"Value":659976},{"Length":575,"Height":973,"Demand":56,"DemandMax":null,"Value":559475},{"Length":1273,"Height":575,"Demand":60,"DemandMax":null,"Value":731975},{"Length":1359,"Height":514,"Demand":16,"DemandMax":null,"Value":698526},{"Length":612,"Height":973,"Demand":32,"DemandMax":null,"Value":595476},{"Length":1359,"Height":614,"Demand":16,"DemandMax":null,"Value":834426},{"Length":612,"Height":1273,"Demand":32,"DemandMax":null,"Value":779076},{"Length":1184,"Height":514,"Demand":4,"DemandMax":null,"Value":608576},{"Length":525,"Height":973,"Demand":8,"DemandMax":null,"Value":510825},{"Length":1273,"Height":525,"Demand":4,"DemandMax":null,"Value":668325},{"Length":1214,"Height":614,"Demand":4,"DemandMax":null,"Value":745396},{"Length":540,"Height":1273,"Demand":8,"DemandMax":null,"Value":687420},{"Length":1214,"Height":514,"Demand":4,"DemandMax":null,"Value":623996},{"Length":540,"Height":973,"Demand":8,"DemandMax":null,"Value":525420},{"Length":810,"Height":989,"Demand":16,"DemandMax":null,"Value":801090},{"Length":628,"Height":989,"Demand":16,"DemandMax":null,"Value":621092}]}