{"Name":"gcut10","Objects":[{"Length":1000,"Height":1000,"Stock":null,"Cost":1000000}],"Items":[{"Length":730,"Height":300,"Demand":1,"DemandMax":null,"Value":219000},{"Length":269,"Height":717,"Demand":1,"DemandMax":null,"Value":192873},{"Length":463,"Height":369,"Demand":1,"DemandMax":null,"Value":170847},{"Length":642,"Height":464,"Demand":1,"DemandMax":null,"Value":297888},{"Length":453,"Height":329,"Demand":1,"DemandMax":null,"Value":149037},{"Length":455,"Height":667,"Demand":1,"DemandMax":null,"Value":303485},{"Length":506,"Height":482,"Demand":1,"DemandMax":null,"Value":243892},{"Length":560,"Height":362,"Demand":1,"DemandMax":null,"Value":202720},{"Length":483,"Height":260,"Demand":1,"DemandMax":null,"Value":125580},{"Length":693,"Height":345,"Demand":1,"DemandMax":null,"Value":239085},{"Length":381,"Height":510,"Demand":1,"DemandMax":null,"Value":194310},{"Length":456,"Height":586,"Demand":1,"DemandMax":null,"Value":267216},{"Length":457,"Height":453,"Demand":1,"DemandMax":null,"Value":207021},{"Length":707,"Height":658,"Demand":1,"DemandMax":null,"Value":465206},{"Length":639,"Height":650,"Demand":1,"DemandMax":null,"Value":415350},{"Length":691,"Height":359,"Demand":1,"DemandMax":null,"Value":248069},{"Length":434,"Height":700,"Demand":1,"DemandMax":null,"Value":303800},{"Length":576,"Height":291,"Demand":1,"DemandMax":null,"Value":167616},{"Length":728,"Height":739,"Demand":1,"DemandMax":null,"Value":537992},{"Length":545,"Height":742,"Demand":1,"DemandMax":null,"Value":404390}]}