{"Name":"gcut9","Objects":[{"Length":1000,"Height":1000,"Stock":null,"Cost":1000000}],"Items":[{"Length":310,"Height":426,"Demand":1,"DemandMax":null,"Value":132060},{"Length":673,"Height":468,"Demand":1,"DemandMax":null,"Value":314964},{"Length":426,"Height":463,"Demand":1,"DemandMax":null,"Value":197238},{"Length":325,"Height":498,"Demand":1,"DemandMax":null,"Value":161850},{"Length":555,"Height":540,"Demand":1,"DemandMax":null,"Value":299700},{"Length":292,"Height":455,"Demand":1,"DemandMax":null,"Value":132860},{"Length":343,"Height":341,"Demand":1,"DemandMax":null,"Value":116963},{"Length":362,"Height":491,"Demand":1,"DemandMax":null,"Value":177742},{"Length":305,"Height":688,"Demand":1,"DemandMax":null,"Value":209840},{"Length":459,"Height":607,"Demand":1,"DemandMax":null,"Value":278613}]}