{"Name":"gcut2","Objects":[{"Length":250,"Height":250,"Stock":null,"Cost":62500}],"Items":[{"Length":120,"Height":133,"Demand":1,"DemandMax":null,"Value":15960},{"Length":135,"Height":186,"Demand":1,"DemandMax":null,"Value":25110},{"Length":86,"Height":75,"Demand":1,"DemandMax":null,"Value":6450},{"Length":103,"Height":73,"Demand":1,"DemandMax":null,"Value":7519},{"Length":66,"Height":85,"Demand":1,"DemandMax":null,"Value":5610},{"Length":135,"Height":97,"Demand":1,"DemandMax":null,"Value":13095},{"Length":91,"Height":175,"Demand":1,"DemandMax":null,"Value":15925},{"Length":131,"Height":176,"Demand":1,"DemandMax":null,"Value":23056},{"Length":71,"Height":176,"Demand":1,"DemandMax":null,"Value":12496},{"Length":153,"Height":72,"Demand":1,"DemandMax":null,"Value":11016},{"Length":87,"Height":148,"Demand":1,"DemandMax":null,"Value":12876},{"Length":168,"Height":107,"Demand":1,"DemandMax":null,"Value":17976},{"Length":118,"Height":90,"Demand":1,"DemandMax":null,"Value":10620},{"Length":140,"Height":109,"Demand":1,"DemandMax":null,"Value":15260},{"Length":132,"Height":159,"Demand":1,"DemandMax":null,"Value":20988},{"Length":152,"Height":93,"Demand":1,"DemandMax":null,"Value":14136},{"Length":135,"Height":68,"Demand":1,"DemandMax":null,"Value":9180},{"Length":121,"Height":158,"Demand":1,"DemandMax":null,"Value":19118},{"Length":68,"Height":94,"Demand":1,"DemandMax":null,"Value":6392},{"Length":155,"Height":76,"Demand":1,"DemandMax":null,"Value":11780}]}