{"Name":"gcut12","Objects":[{"Length":1000,"Height":1000,"Stock":null,"Cost":1000000}],"Items":[{"Length":572,"Height":665,"Demand":1,"DemandMax":null,"Value":380380},{"Length":482,"Height":640,"Demand":1,"DemandMax":null,"Value":308480},{"Length":264,"Height":594,"Demand":1,"DemandMax":null,"Value":156816},{"Length":349,"Height":566,"Demand":1,"DemandMax":null,"Value":197534},{"Length":276,"Height":660,"Demand":1,"DemandMax":null,"Value":182160},{"Length":745,"Height":422,"Demand":1,"DemandMax":null,"Value":314390},{"Length":434,"Height":622,"Demand":1,"DemandMax":null,"Value":269948},{"Length":446,"Height":433,"Demand":1,"DemandMax":null,"Value":193118},{"Length":668,"Height":506,"Demand":1,"DemandMax":null,"Value":338008},{"Length":405,"Height":635,"Demand":1,"DemandMax":null,"Value":257175},{"Length":486,"Height":320,"Demand":1,"DemandMax":null,"Value":155520},{"Length":554,"Height":549,"Demand":1,"DemandMax":null,"Value":304146},{"Length":392,"Height":491,"Demand":1,"DemandMax":null,"Value":192472},{"Length":459,"Height":528,"Demand":1,"DemandMax":null,"Value":242352},{"Length":426,"Height":579,"Demand":1,"DemandMax":null,"Value":246654},{"Length":728,"Height":359,"Demand":1,"DemandMax":null,"Value":261352},{"Length":644,"Height":465,"Demand":1,"DemandMax":null,"Value":299460},{"Length":382,"Height":323,"Demand":1,"DemandMax":null,"Value":123386},{"Length":268,"Height":352,"Demand":1,"DemandMax":null,"Value":94336},{"Length":324,"Height":512,"Demand":1,"DemandMax":null,"Value":165888},{"Length":277,"Height":426,"Demand":1,"DemandMax":null,"Value":118002},{"Length":254,"Height":685,"Demand":1,"DemandMax":null,"Value":173990},{"Length":483,"Height":532,"Demand":1,"DemandMax":null,"Value":256956},{"Length":678,"Height":414,"Demand":1,"DemandMax":null,"Value":280692},{"Length":546,"Height":590,"Demand":1,"DemandMax":null,"Value":322140},{"Length":716,"Height":640,"Demand":1,"DemandMax":null,"Value":458240},{"Length":542,"Height":400,"Demand":1,"DemandMax":null,"Value":216800},{"Length":634,"Height":596,"Demand":1,"DemandMax":null,"Value":377864},{"Length":497,"Height":696,"Demand":1,"DemandMax":null,"Value":345912},{"Length":417,"Height":300,"Demand":1,"DemandMax":null,"Value":125100},{"Length":290,"Height":605,"Demand":1,"DemandMax":null,"Value":175450},{"Length":321,"Height":520,"Demand":1,"DemandMax":null,"Value":166920},{"Length":543,"Height":290,"Demand":1,"DemandMax":null,"Value":157470},{"Length":599,"Height":269,"Demand":1,"DemandMax":null,"Value":161131},{"Length":467,"Height":679,"Demand":1,"DemandMax":null,"Value":317093},{"Length":583,"Height":421,"Demand":1,"DemandMax":null,"Value":245443},{"Length":729,"Height":723,"Demand":1,"DemandMax":null,"Value":527067},{"Length":465,"Height":590,"Demand":1,"DemandMax":null,"Value":274350},{"Length":614,"Height":585,"Demand":1,"DemandMax":null,"Value":359190},{"Length":446,"Height":327,"Demand":1,"DemandMax":null,"Value":145842},{"Length":734,"Height":616,"Demand":1,"DemandMax":null,"Value":452144},{"Length":479,"Height":606,"Demand":1,"DemandMax":null,"Value":290274},{"Length":656,"Height":278,"Demand":1,"DemandMax":null,"Value":182368},{"Length":537,"Height":355,"Demand":1,"DemandMax":null,"Value":190635},{"Length":604,"Height":519,"Demand":1,"DemandMax":null,"Value":313476},{"Length":746,"Height":596,"Demand":1,"DemandMax":null,"Value":444616},{"Length":439,"Height":281,"Demand":1,"DemandMax":null,"Value":123359},{"Length":339,"Height":405,"Demand":1,"DemandMax":null,"Value":137295},{"Length":273,"Height":526,"Demand":1,"DemandMax":null,"Value":143598},{"Length":625,"Height":568,"Demand":1,"DemandMax":null,"Value":355000}]}