{"Name":"gcut4","Objects":[{"Length":250,"Height":250,"Stock":null,"Cost":62500}],"Items":[{"Length":139,"Height":103,"Demand":1,"DemandMax":null,"Value":14317},{"Length":166,"Height":99,"Demand":1,"DemandMax":null,"Value":16434},{"Length":88,"Height":74,"Demand":1,"DemandMax":null,"Value":6512},{"Length":174,"Height":139,"Demand":1,"DemandMax":null,"Value":24186},{"Length":128,"Height":109,"Demand":1,"DemandMax":null,"Value":13952},{"Length":175,"Height":179,"Demand":1,"DemandMax":null,"Value":31325},{"Length":62,"Height":82,"Demand":1,"DemandMax":null,"Value":5084},{"Length":178,"Height":87,"Demand":1,"DemandMax":null,"Value":15486},{"Length":121,"Height":77,"Demand":1,"DemandMax":null,"Value":9317},{"Length":125,"Height":97,"Demand":1,"DemandMax":null,"Value":12125},{"Length":73,"Height":84,"Demand":1,"DemandMax":null,"Value":6132},{"Length":69,"Height":97,"Demand":1,"DemandMax":null,"Value":6693},{"Length":122,"Height":159,"Demand":1,"DemandMax":null,"Value":19398},{"Length":66,"Height":69,"Demand":1,"DemandMax":null,"Value":4554},{"Length":111,"Height":118,"Demand":1,"DemandMax":null,"Value":13098},{"Length":165,"Height":86,"Demand":1,"DemandMax":null,"Value":14190},{"Length":71,"Height":83,"Demand":1,"DemandMax":null,"Value":5893},{"Length":163,"Height":162,"Demand":1,"DemandMax":null,"Value":26406},{"Length":67,"Height":132,"Demand":1,"DemandMax":null,"Value":8844},{"Length":121,"Height":152,"Demand":1,"DemandMax":null,"Value":18392},{"Length":68,"Height":150,"Demand":1,"DemandMax":null,"Value":10200},{"Length":138,"Height":124,"Demand":1,"DemandMax":null,"Value":17112},{"Length":141,"Height":105,"Demand":1,"DemandMax":null,"Value":14805},{"Length":183,"Height":122,"Demand":1,"DemandMax":null,"Value":22326},{"Length":171,"Height":63,"Demand":1,"DemandMax":null,"Value":10773},{"Length":101,"Height":64,"Demand":1,"DemandMax":null,"Value":6464},{"Length":103,"Height":95,"Demand":1,"DemandMax":null,"Value":9785},{"Length":110,"Height":107,"Demand":1,"DemandMax":null,"Value":11770},{"Length":184,"Height":158,"Demand":1,"DemandMax":null,"Value":29072},{"Length":85,"Height":97,"Demand":1,"DemandMax":null,"Value":8245},{"Length":86,"Height":92,"Demand":1,"DemandMax":null,"Value":7912},{"Length":127,"Height":155,"Demand":1,"DemandMax":null,"Value":19685},{"Length":92,"Height":147,"Demand":1,"DemandMax":null,"Value":13524},{"Length":106,"Height":97,"Demand":1,"DemandMax":null,"Value":10282},{"Length":177,"Height":108,"Demand":1,"DemandMax":null,"Value":19116},{"Length":164,"Height":150,"Demand":1,"DemandMax":null,"Value":24600},{"Length":68,"Height":84,"Demand":1,"DemandMax":null,"Value":5712},{"Length":62,"Height":151,"Demand":1,"DemandMax":null,"Value":9362},{"Length":123,"Height":134,"Demand":1,"DemandMax":null,"Value":16482},{"Length":158,"Height":178,"Demand":1,"DemandMax":null,"Value":28124},{"Length":70,"Height":140,"Demand":1,"DemandMax":null,"Value":9800},{"Length":173,"Height":117,"Demand":1,"DemandMax":null,"Value":20241},{"Length":147,"Height":136,"Demand":1,"DemandMax":null,"Value":19992},{"Length":141,"Height":145,"Demand":1,"DemandMax":null,"Value":20445},{"Length":84,"Height":164,"Demand":1,"DemandMax":null,"Value":13776},{"Length":144,"Height":141,"Demand":1,"DemandMax":null,"Value":20304},{"Length":92,"Height":103,"Demand":1,"DemandMax":null,"Value":9476},{"Length":156,"Height":98,"Demand":1,"DemandMax":null,"Value":15288},{"Length":160,"Height":111,"Demand":1,"DemandMax":null,"Value":17760},{"Length":127,"Height":131,"Demand":1,"DemandMax":null,"Value":16637}]}