{"Name":"gcut1","Objects":[{"Length":250,"Height":250,"Stock":null,"Cost":62500}],"Items":[{"Length":167,"Height":184,"Demand":1,"DemandMax":null,"Value":30728},{"Length":114,"Height":118,"Demand":1,"DemandMax":null,"Value":13452},{"Length":167,"Height":152,"Demand":1,"DemandMax":null,"Value":25384},{"Length":83,"Height":140,"Demand":1,"DemandMax":null,"Value":11620},{"Length":70,"Height":86,"Demand":1,"DemandMax":null,"Value":6020},{"Length":143,"Height":166,"Demand":1,"DemandMax":null,"Value":23738},{"Length":120,"Height":160,"Demand":1,"DemandMax":null,"Value":19200},{"Length":66,"Height":148,"Demand":1,"DemandMax":null,"Value":9768},{"Length":87,"Height":141,"Demand":1,"DemandMax":null,"Value":12267},{"Length":69,"Height":165,"Demand":1,"DemandMax":null,"Value":11385}]}