{"Name":"SPIEKSMA03_200_09","Objects":[{"Length":1000,"Height":1000,"Stock":null,"Cost":1000000}],"Items":[{"Length":287,"Height":448,"Demand":1,"DemandMax":null,"Value":128576},{"Length":602,"Height":391,"Demand":1,"DemandMax":null,"Value":235382},{"Length":555,"Height":537,"Demand":1,"DemandMax":null,"Value":298035},{"Length":279,"Height":221,"Demand":1,"DemandMax":null,"Value":61659},{"Length":706,"Height":775,"Demand":1,"DemandMax":null,"Value":547150},{"Length":571,"Height":733,"Demand":1,"DemandMax":null,"Value":418543},{"Length":606,"Height":629,"Demand":1,"DemandMax":null,"Value":381174},{"Length":545,"Height":595,"Demand":1,"DemandMax":null,"Value":324275},{"Length":321,"Height":365,"Demand":1,"DemandMax":null,"Value":117165},{"Length":668,"Height":472,"Demand":1,"DemandMax":null,"Value":315296},{"Length":718,"Height":449,"Demand":1,"DemandMax":null,"Value":322382},{"Length":406,"Height":631,"Demand":1,"DemandMax":null,"Value":256186},{"Length":465,"Height":349,"Demand":1,"DemandMax":null,"Value":162285},{"Length":627,"Height":339,"Demand":1,"DemandMax":null,"Value":212553},{"Length":226,"Height":332,"Demand":1,"DemandMax":null,"Value":75032},{"Length":597,"Height":262,"Demand":1,"DemandMax":null,"Value":156414},{"Length":271,"Height":263,"Demand":1,"DemandMax":null,"Value":71273},{"Length":382,"Height":668,"Demand":1,"DemandMax":null,"Value":255176},{"Length":464,"Height":210,"Demand":1,"DemandMax":null,"Value":97440},{"Length":249,"Height":223,"Demand":1,"DemandMax":null,"Value":55527},{"Length":272,"Height":439,"Demand":1,"DemandMax":null,"Value":119408},{"Length":666,"Height":793,"Demand":1,"DemandMax":null,"Value":528138},{"Length":563,"Height":217,"Demand":1,"DemandMax":null,"Value":122171},{"Length":497,"Height":245,"Demand":1,"DemandMax":null,"Value":121765},{"Length":603,"Height":211,"Demand":1,"DemandMax":null,"Value":127233},{"Length":612,"Height":247,"Demand":1,"DemandMax":null,"Value":151164},{"Length":458,"Height":686,"Demand":1,"DemandMax":null,"Value":314188},{"Length":275,"Height":264,"Demand":1,"DemandMax":null,"Value":72600},{"Length":395,"Height":311,"Demand":1,"DemandMax":null,"Value":122845},{"Length":753,"Height":563,"Demand":1,"DemandMax":null,"Value":423939},{"Length":282,"Height":351,"Demand":1,"DemandMax":null,"Value":98982},{"Length":514,"Height":411,"Demand":1,"DemandMax":null,"Value":211254},{"Length":783,"Height":474,"Demand":1,"DemandMax":null,"Value":371142},{"Length":623,"Height":474,"Demand":1,"DemandMax":null,"Value":295302},{"Length":367,"Height":545,"Demand":1,"DemandMax":null,"Value":200015},{"Length":549,"Height":420,"Demand":1,"DemandMax":null,"Value":230580},{"Length":700,"Height":632,"Demand":1,"DemandMax":null,"Value":442400},{"Length":556,"Height":715,"Demand":1,"DemandMax":null,"Value":397540},{"Length":649,"Height":401,"Demand":1,"DemandMax":null,"Value":260249},{"Length":512,"Height":225,"Demand":1,"DemandMax":null,"Value":115200},{"Length":480,"Height":319,"Demand":1,"DemandMax":null,"Value":153120},{"Length":484,"Height":417,"Demand":1,"DemandMax":null,"Value":201828},{"Length":659,"Height":453,"Demand":1,"DemandMax":null,"Value":298527},{"Length":738,"Height":559,"Demand":1,"DemandMax":null,"Value":412542},{"Length":655,"Height":468,"Demand":1,"DemandMax":null,"Value":306540},{"Length":541,"Height":715,"Demand":1,"DemandMax":null,"Value":386815},{"Length":732,"Height":233,"Demand":1,"DemandMax":null,"Value":170556},{"Length":560,"Height":555,"Demand":1,"DemandMax":null,"Value":310800},{"Length":758,"Height":413,"Demand":1,"DemandMax":null,"Value":313054},{"Length":461,"Height":543,"Demand":1,"DemandMax":null,"Value":250323},{"Length":200,"Height":676,"Demand":1,"DemandMax":null,"Value":135200},{"Length":710,"Height":746,"Demand":1,"DemandMax":null,"Value":529660},{"Length":524,"Height":287,"Demand":1,"DemandMax":null,"Value":150388},{"Length":776,"Height":232,"Demand":1,"DemandMax":null,"Value":180032},{"Length":397,"Height":514,"Demand":1,"DemandMax":null,"Value":204058},{"Length":323,"Height":667,"Demand":1,"DemandMax":null,"Value":215441},{"Length":486,"Height":423,"Demand":1,"DemandMax":null,"Value":205578},{"Length":419,"Height":317,"Demand":1,"DemandMax":null,"Value":132823},{"Length":457,"Height":481,"Demand":1,"DemandMax":null,"Value":219817},{"Length":531,"Height":649,"Demand":1,"DemandMax":null,"Value":344619},{"Length":776,"Height":755,"Demand":1,"DemandMax":null,"Value":585880},{"Length":325,"Height":330,"Demand":1,"DemandMax":null,"Value":107250},{"Length":312,"Height":310,"Demand":1,"DemandMax":null,"Value":96720},{"Length":268,"Height":627,"Demand":1,"DemandMax":null,"Value":168036},{"Length":529,"Height":215,"Demand":1,"DemandMax":null,"Value":113735},{"Length":427,"Height":606,"Demand":1,"DemandMax":null,"Value":258762},{"Length":695,"Height":535,"Demand":1,"DemandMax":null,"Value":371825},{"Length":468,"Height":734,"Demand":1,"DemandMax":null,"Value":343512},{"Length":277,"Height":338,"Demand":1,"DemandMax":null,"Value":93626},{"Length":257,"Height":478,"Demand":1,"DemandMax":null,"Value":122846},{"Length":741,"Height":689,"Demand":1,"DemandMax":null,"Value":510549},{"Length":463,"Height":704,"Demand":1,"DemandMax":null,"Value":325952},{"Length":754,"Height":456,"Demand":1,"DemandMax":null,"Value":343824},{"Length":750,"Height":678,"Demand":1,"DemandMax":null,"Value":508500},{"Length":383,"Height":505,"Demand":1,"DemandMax":null,"Value":193415},{"Length":386,"Height":469,"Demand":1,"DemandMax":null,"Value":181034},{"Length":494,"Height":703,"Demand":1,"DemandMax":null,"Value":347282},{"Length":638,"Height":341,"Demand":1,"DemandMax":null,"Value":217558},{"Length":353,"Height":516,"Demand":1,"DemandMax":null,"Value":182148},{"Length":572,"Height":762,"Demand":1,"DemandMax":null,"Value":435864},{"Length":628,"Height":212,"Demand":1,"DemandMax":null,"Value":133136},{"Length":655,"Height":599,"Demand":1,"DemandMax":null,"Value":392345},{"Length":386,"Height":257,"Demand":1,"DemandMax":null,"Value":99202},{"Length":354,"Height":718,"Demand":1,"DemandMax":null,"Value":254172},{"Length":692,"Height":717,"Demand":1,"DemandMax":null,"Value":496164},{"Length":535,"Height":386,"Demand":1,"DemandMax":null,"Value":206510},{"Length":414,"Height":660,"Demand":1,"DemandMax":null,"Value":273240},{"Length":464,"Height":270,"Demand":1,"DemandMax":null,"Value":125280},{"Length":418,"Height":551,"Demand":1,"DemandMax":null,"Value":230318},{"Length":209,"Height":636,"Demand":1,"DemandMax":null,"Value":132924},{"Length":571,"Height":458,"Demand":1,"DemandMax":null,"Value":261518},{"Length":637,"Height":750,"Demand":1,"DemandMax":null,"Value":477750},{"Length":340,"Height":647,"Demand":1,"DemandMax":null,"Value":219980},{"Length":413,"Height":681,"Demand":1,"DemandMax":null,"Value":281253},{"Length":591,"Height":385,"Demand":1,"DemandMax":null,"Value":227535},{"Length":205,"Height":693,"Demand":1,"DemandMax":null,"Value":142065},{"Length":590,"Height":338,"Demand":1,"DemandMax":null,"Value":199420},{"Length":279,"Height":654,"Demand":1,"DemandMax":null,"Value":182466},{"Length":405,"Height":774,"Demand":1,"DemandMax":null,"Value":313470},{"Length":502,"Height":631,"Demand":1,"DemandMax":null,"Value":316762},{"Length":303,"Height":359,"Demand":1,"DemandMax":null,"Value":108777},{"Length":341,"Height":290,"Demand":1,"DemandMax":null,"Value":98890},{"Length":749,"Height":359,"Demand":1,"DemandMax":null,"Value":268891},{"Length":661,"Height":698,"Demand":1,"DemandMax":null,"Value":461378},{"Length":611,"Height":441,"Demand":1,"DemandMax":null,"Value":269451},{"Length":731,"Height":722,"Demand":1,"DemandMax":null,"Value":527782},{"Length":755,"Height":473,"Demand":1,"DemandMax":null,"Value":357115},{"Length":616,"Height":628,"Demand":1,"DemandMax":null,"Value":386848},{"Length":448,"Height":520,"Demand":1,"DemandMax":null,"Value":232960},{"Length":584,"Height":282,"Demand":1,"DemandMax":null,"Value":164688},{"Length":357,"Height":249,"Demand":1,"DemandMax":null,"Value":88893},{"Length":500,"Height":352,"Demand":1,"DemandMax":null,"Value":176000},{"Length":747,"Height":727,"Demand":1,"DemandMax":null,"Value":543069},{"Length":432,"Height":505,"Demand":1,"DemandMax":null,"Value":218160},{"Length":287,"Height":220,"Demand":1,"DemandMax":null,"Value":63140},{"Length":646,"Height":606,"Demand":1,"DemandMax":null,"Value":391476},{"Length":242,"Height":796,"Demand":1,"DemandMax":null,"Value":192632},{"Length":409,"Height":723,"Demand":1,"DemandMax":null,"Value":295707},{"Length":280,"Height":521,"Demand":1,"DemandMax":null,"Value":145880},{"Length":388,"Height":522,"Demand":1,"DemandMax":null,"Value":202536},{"Length":266,"Height":661,"Demand":1,"DemandMax":null,"Value":175826},{"Length":248,"Height":470,"Demand":1,"DemandMax":null,"Value":116560},{"Length":268,"Height":283,"Demand":1,"DemandMax":null,"Value":75844},{"Length":458,"Height":634,"Demand":1,"DemandMax":null,"Value":290372},{"Length":552,"Height":455,"Demand":1,"DemandMax":null,"Value":251160},{"Length":483,"Height":680,"Demand":1,"DemandMax":null,"Value":328440},{"Length":385,"Height":642,"Demand":1,"DemandMax":null,"Value":247170},{"Length":591,"Height":474,"Demand":1,"DemandMax":null,"Value":280134},{"Length":434,"Height":511,"Demand":1,"DemandMax":null,"Value":221774},{"Length":647,"Height":684,"Demand":1,"DemandMax":null,"Value":442548},{"Length":364,"Height":529,"Demand":1,"DemandMax":null,"Value":192556},{"Length":719,"Height":377,"Demand":1,"DemandMax":null,"Value":271063},{"Length":644,"Height":762,"Demand":1,"DemandMax":null,"Value":490728},{"Length":473,"Height":618,"Demand":1,"DemandMax":null,"Value":292314},{"Length":739,"Height":278,"Demand":1,"DemandMax":null,"Value":205442},{"Length":376,"Height":275,"Demand":1,"DemandMax":null,"Value":103400},{"Length":317,"Height":743,"Demand":1,"DemandMax":null,"Value":235531},{"Length":495,"Height":214,"Demand":1,"DemandMax":null,"Value":105930},{"Length":443,"Height":423,"Demand":1,"DemandMax":null,"Value":187389},{"Length":495,"Height":302,"Demand":1,"DemandMax":null,"Value":149490},{"Length":585,"Height":785,"Demand":1,"DemandMax":null,"Value":459225},{"Length":245,"Height":606,"Demand":1,"DemandMax":null,"Value":148470},{"Length":409,"Height":497,"Demand":1,"DemandMax":null,"Value":203273},{"Length":410,"Height":791,"Demand":1,"DemandMax":null,"Value":324310},{"Length":382,"Height":223,"Demand":1,"DemandMax":null,"Value":85186},{"Length":658,"Height":726,"Demand":1,"DemandMax":null,"Value":477708},{"Length":571,"Height":233,"Demand":1,"DemandMax":null,"Value":133043},{"Length":254,"Height":476,"Demand":1,"DemandMax":null,"Value":120904},{"Length":641,"Height":391,"Demand":1,"DemandMax":null,"Value":250631},{"Length":466,"Height":309,"Demand":1,"DemandMax":null,"Value":143994},{"Length":461,"Height":764,"Demand":1,"DemandMax":null,"Value":352204},{"Length":360,"Height":690,"Demand":1,"DemandMax":null,"Value":248400},{"Length":696,"Height":420,"Demand":1,"DemandMax":null,"Value":292320},{"Length":403,"Height":487,"Demand":1,"DemandMax":null,"Value":196261},{"Length":414,"Height":425,"Demand":1,"DemandMax":null,"Value":175950},{"Length":661,"Height":566,"Demand":1,"DemandMax":null,"Value":374126},{"Length":680,"Height":245,"Demand":1,"DemandMax":null,"Value":166600},{"Length":202,"Height":794,"Demand":1,"DemandMax":null,"Value":160388},{"Length":362,"Height":747,"Demand":1,"DemandMax":null,"Value":270414},{"Length":692,"Height":638,"Demand":1,"DemandMax":null,"Value":441496},{"Length":326,"Height":599,"Demand":1,"DemandMax":null,"Value":195274},{"Length":397,"Height":363,"Demand":1,"DemandMax":null,"Value":144111},{"Length":439,"Height":465,"Demand":1,"DemandMax":null,"Value":204135},{"Length":785,"Height":438,"Demand":1,"DemandMax":null,"Value":343830},{"Length":767,"Height":615,"Demand":1,"DemandMax":null,"Value":471705},{"Length":521,"Height":328,"Demand":1,"DemandMax":null,"Value":170888},{"Length":378,"Height":312,"Demand":1,"DemandMax":null,"Value":117936},{"Length":273,"Height":301,"Demand":1,"DemandMax":null,"Value":82173},{"Length":338,"Height":226,"Demand":1,"DemandMax":null,"Value":76388},{"Length":307,"Height":222,"Demand":1,"DemandMax":null,"Value":68154},{"Length":713,"Height":622,"Demand":1,"DemandMax":null,"Value":443486},{"Length":490,"Height":759,"Demand":1,"DemandMax":null,"Value":371910},{"Length":571,"Height":766,"Demand":1,"DemandMax":null,"Value":437386},{"Length":288,"Height":378,"Demand":1,"DemandMax":null,"Value":108864},{"Length":377,"Height":727,"Demand":1,"DemandMax":null,"Value":274079},{"Length":569,"Height":746,"Demand":1,"DemandMax":null,"Value":424474},{"Length":799,"Height":769,"Demand":1,"DemandMax":null,"Value":614431},{"Length":599,"Height":730,"Demand":1,"DemandMax":null,"Value":437270},{"Length":303,"Height":760,"Demand":1,"DemandMax":null,"Value":230280},{"Length":444,"Height":595,"Demand":1,"DemandMax":null,"Value":264180},{"Length":556,"Height":767,"Demand":1,"DemandMax":null,"Value":426452},{"Length":371,"Height":210,"Demand":1,"DemandMax":null,"Value":77910},{"Length":424,"Height":456,"Demand":1,"DemandMax":null,"Value":193344},{"Length":248,"Height":240,"Demand":1,"DemandMax":null,"Value":59520},{"Length":775,"Height":294,"Demand":1,"DemandMax":null,"Value":227850},{"Length":740,"Height":353,"Demand":1,"DemandMax":null,"Value":261220},{"Length":275,"Height":348,"Demand":1,"DemandMax":null,"Value":95700},{"Length":314,"Height":414,"Demand":1,"DemandMax":null,"Value":129996},{"Length":790,"Height":284,"Demand":1,"DemandMax":null,"Value":224360},{"Length":637,"Height":491,"Demand":1,"DemandMax":null,"Value":312767},{"Length":787,"Height":568,"Demand":1,"DemandMax":null,"Value":447016},{"Length":575,"Height":250,"Demand":1,"DemandMax":null,"Value":143750},{"Length":734,"Height":669,"Demand":1,"DemandMax":null,"Value":491046},{"Length":396,"Height":758,"Demand":1,"DemandMax":null,"Value":300168},{"Length":696,"Height":251,"Demand":1,"DemandMax":null,"Value":174696},{"Length":566,"Height":281,"Demand":1,"DemandMax":null,"Value":159046},{"Length":340,"Height":382,"Demand":1,"DemandMax":null,"Value":129880},{"Length":551,"Height":287,"Demand":1,"DemandMax":null,"Value":158137},{"Length":733,"Height":529,"Demand":1,"DemandMax":null,"Value":387757},{"Length":618,"Height":642,"Demand":1,"DemandMax":null,"Value":396756}]}