{"Name":"SPIEKSMA10_51_10","Objects":[{"Length":100,"Height":100,"Stock":null,"Cost":10000}],"Items":[{"Length":35,"Height":50,"Demand":1,"DemandMax":null,"Value":1750},{"Length":49,"Height":47,"Demand":1,"DemandMax":null,"Value":2303},{"Length":38,"Height":49,"Demand":1,"DemandMax":null,"Value":1862},{"Length":48,"Height":46,"Demand":1,"DemandMax":null,"Value":2208},{"Length":48,"Height":28,"Demand":1,"DemandMax":null,"Value":1344},{"Length":44,"Height":47,"Demand":1,"DemandMax":null,"Value":2068},{"Length":28,"Height":46,"Demand":1,"DemandMax":null,"Value":1288},{"Length":28,"Height":45,"Demand":1,"DemandMax":null,"Value":1260},{"Length":45,"Height":28,"Demand":1,"DemandMax":null,"Value":1260},{"Length":28,"Height":44,"Demand":1,"DemandMax":null,"Value":1232},{"Length":44,"Height":40,"Demand":1,"DemandMax":null,"Value":1760},{"Length":43,"Height":41,"Demand":1,"DemandMax":null,"Value":1763},{"Length":35,"Height":43,"Demand":1,"DemandMax":null,"Value":1505},{"Length":43,"Height":26,"Demand":1,"DemandMax":null,"Value":1118},{"Length":26,"Height":43,"Demand":1,"DemandMax":null,"Value":1118},{"Length":43,"Height":32,"Demand":1,"DemandMax":null,"Value":1376},{"Length":42,"Height":40,"Demand":1,"DemandMax":null,"Value":1680},{"Length":40,"Height":42,"Demand":1,"DemandMax":null,"Value":1680},{"Length":42,"Height":28,"Demand":1,"DemandMax":null,"Value":1176},{"Length":37,"Height":42,"Demand":1,"DemandMax":null,"Value":1554},{"Length":42,"Height":36,"Demand":1,"DemandMax":null,"Value":1512},{"Length":30,"Height":40,"Demand":1,"DemandMax":null,"Value":1200},{"Length":39,"Height":26,"Demand":1,"DemandMax":null,"Value":1014},{"Length":39,"Height":30,"Demand":1,"DemandMax":null,"Value":1170},{"Length":39,"Height":19,"Demand":1,"DemandMax":null,"Value":741},{"Length":27,"Height":39,"Demand":1,"DemandMax":null,"Value":1053},{"Length":37,"Height":31,"Demand":1,"DemandMax":null,"Value":1147},{"Length":33,"Height":37,"Demand":1,"DemandMax":null,"Value":1221},{"Length":32,"Height":36,"Demand":1,"DemandMax":null,"Value":1152},{"Length":34,"Height":36,"Demand":1,"DemandMax":null,"Value":1224},{"Length":33,"Height":36,"Demand":1,"DemandMax":null,"Value":1188},{"Length":36,"Height":36,"Demand":1,"DemandMax":null,"Value":1296},{"Length":35,"Height":33,"Demand":1,"DemandMax":null,"Value":1155},{"Length":31,"Height":34,"Demand":1,"DemandMax":null,"Value":1054},{"Length":33,"Height":28,"Demand":1,"DemandMax":null,"Value":924},{"Length":28,"Height":33,"Demand":1,"DemandMax":null,"Value":924},{"Length":22,"Height":32,"Demand":1,"DemandMax":null,"Value":704},{"Length":21,"Height":32,"Demand":1,"DemandMax":null,"Value":672},{"Length":31,"Height":21,"Demand":1,"DemandMax":null,"Value":651},{"Length":31,"Height":31,"Demand":1,"DemandMax":null,"Value":961},{"Length":31,"Height":17,"Demand":1,"DemandMax":null,"Value":527},{"Length":30,"Height":28,"Demand":1,"DemandMax":null,"Value":840},{"Length":18,"Height":29,"Demand":1,"DemandMax":null,"Value":522},{"Length":27,"Height":28,"Demand":1,"DemandMax":null,"Value":756},{"Length":23,"Height":27,"Demand":1,"DemandMax":null,"Value":621},{"Length":26,"Height":27,"Demand":1,"DemandMax":null,"Value":702},{"Length":25,"Height":27,"Demand":1,"DemandMax":null,"Value":675},{"Length":25,"Height":26,"Demand":1,"DemandMax":null,"Value":650},{"Length":24,"Height":17,"Demand":1,"DemandMax":null,"Value":408},{"Length":21,"Height":10,"Demand":1,"DemandMax":null,"Value":210},{"Length":11,"Height":11,"Demand":1,"DemandMax":null,"Value":121}]}