{"Name":"SPIEKSMA03_50_03","Objects":[{"Length":1000,"Height":1000,"Stock":null,"Cost":1000000}],"Items":[{"Length":630,"Height":710,"Demand":1,"DemandMax":null,"Value":447300},{"Length":234,"Height":641,"Demand":1,"DemandMax":null,"Value":149994},{"Length":275,"Height":376,"Demand":1,"DemandMax":null,"Value":103400},{"Length":287,"Height":448,"Demand":1,"DemandMax":null,"Value":128576},{"Length":602,"Height":391,"Demand":1,"DemandMax":null,"Value":235382},{"Length":555,"Height":537,"Demand":1,"DemandMax":null,"Value":298035},{"Length":279,"Height":221,"Demand":1,"DemandMax":null,"Value":61659},{"Length":706,"Height":775,"Demand":1,"DemandMax":null,"Value":547150},{"Length":571,"Height":733,"Demand":1,"DemandMax":null,"Value":418543},{"Length":606,"Height":629,"Demand":1,"DemandMax":null,"Value":381174},{"Length":545,"Height":595,"Demand":1,"DemandMax":null,"Value":324275},{"Length":321,"Height":365,"Demand":1,"DemandMax":null,"Value":117165},{"Length":668,"Height":472,"Demand":1,"DemandMax":null,"Value":315296},{"Length":718,"Height":449,"Demand":1,"DemandMax":null,"Value":322382},{"Length":406,"Height":631,"Demand":1,"DemandMax":null,"Value":256186},{"Length":465,"Height":349,"Demand":1,"DemandMax":null,"Value":162285},{"Length":627,"Height":339,"Demand":1,"DemandMax":null,"Value":212553},{"Length":226,"Height":332,"Demand":1,"DemandMax":null,"Value":75032},{"Length":597,"Height":262,"Demand":1,"DemandMax":null,"Value":156414},{"Length":271,"Height":263,"Demand":1,"DemandMax":null,"Value":71273},{"Length":382,"Height":668,"Demand":1,"DemandMax":null,"Value":255176},{"Length":464,"Height":210,"Demand":1,"DemandMax":null,"Value":97440},{"Length":249,"Height":223,"Demand":1,"DemandMax":null,"Value":55527},{"Length":272,"Height":439,"Demand":1,"DemandMax":null,"Value":119408},{"Length":666,"Height":793,"Demand":1,"DemandMax":null,"Value":528138},{"Length":563,"Height":217,"Demand":1,"DemandMax":null,"Value":122171},{"Length":497,"Height":245,"Demand":1,"DemandMax":null,"Value":121765},{"Length":603,"Height":211,"Demand":1,"DemandMax":null,"Value":127233},{"Length":612,"Height":247,"Demand":1,"DemandMax":null,"Value":151164},{"Length":458,"Height":686,"Demand":1,"DemandMax":null,"Value":314188},{"Length":275,"Height":264,"Demand":1,"DemandMax":null,"Value":72600},{"Length":395,"Height":311,"Demand":1,"DemandMax":null,"Value":122845},{"Length":753,"Height":563,"Demand":1,"DemandMax":null,"Value":423939},{"Length":282,"Height":351,"Demand":1,"DemandMax":null,"Value":98982},{"Length":514,"Height":411,"Demand":1,"DemandMax":null,"Value":211254},{"Length":783,"Height":474,"Demand":1,"DemandMax":null,"Value":371142},{"Length":623,"Height":474,"Demand":1,"DemandMax":null,"Value":295302},{"Length":367,"Height":545,"Demand":1,"DemandMax":null,"Value":200015},{"Length":549,"Height":420,"Demand":1,"DemandMax":null,"Value":230580},{"Length":700,"Height":632,"Demand":1,"DemandMax":null,"Value":442400},{"Length":556,"Height":715,"Demand":1,"DemandMax":null,"Value":397540},{"Length":649,"Height":401,"Demand":1,"DemandMax":null,"Value":260249},{"Length":512,"Height":225,"Demand":1,"DemandMax":null,"Value":115200},{"Length":480,"Height":319,"Demand":1,"DemandMax":null,"Value":153120},{"Length":484,"Height":417,"Demand":1,"DemandMax":null,"Value":201828},{"Length":659,"Height":453,"Demand":1,"DemandMax":null,"Value":298527},{"Length":738,"Height":559,"Demand":1,"DemandMax":null,"Value":412542},{"Length":655,"Height":468,"Demand":1,"DemandMax":null,"Value":306540},{"Length":541,"Height":715,"Demand":1,"DemandMax":null,"Value":386815},{"Length":732,"Height":233,"Demand":1,"DemandMax":null,"Value":170556}]}