{"Name":"SPIEKSMA04_50_06","Objects":[{"Length":1000,"Height":1000,"Stock":null,"Cost":1000000}],"Items":[{"Length":160,"Height":69,"Demand":1,"DemandMax":null,"Value":11040},{"Length":94,"Height":72,"Demand":1,"DemandMax":null,"Value":6768},{"Length":112,"Height":151,"Demand":1,"DemandMax":null,"Value":16912},{"Length":98,"Height":139,"Demand":1,"DemandMax":null,"Value":13622},{"Length":134,"Height":70,"Demand":1,"DemandMax":null,"Value":9380},{"Length":55,"Height":176,"Demand":1,"DemandMax":null,"Value":9680},{"Length":194,"Height":143,"Demand":1,"DemandMax":null,"Value":27742},{"Length":183,"Height":151,"Demand":1,"DemandMax":null,"Value":27633},{"Length":157,"Height":136,"Demand":1,"DemandMax":null,"Value":21352},{"Length":149,"Height":80,"Demand":1,"DemandMax":null,"Value":11920},{"Length":91,"Height":167,"Demand":1,"DemandMax":null,"Value":15197},{"Length":118,"Height":180,"Demand":1,"DemandMax":null,"Value":21240},{"Length":112,"Height":102,"Demand":1,"DemandMax":null,"Value":11424},{"Length":158,"Height":116,"Demand":1,"DemandMax":null,"Value":18328},{"Length":87,"Height":157,"Demand":1,"DemandMax":null,"Value":13659},{"Length":85,"Height":57,"Demand":1,"DemandMax":null,"Value":4845},{"Length":83,"Height":149,"Demand":1,"DemandMax":null,"Value":12367},{"Length":66,"Height":68,"Demand":1,"DemandMax":null,"Value":4488},{"Length":66,"Height":95,"Demand":1,"DemandMax":null,"Value":6270},{"Length":167,"Height":116,"Demand":1,"DemandMax":null,"Value":19372},{"Length":53,"Height":62,"Demand":1,"DemandMax":null,"Value":3286},{"Length":56,"Height":68,"Demand":1,"DemandMax":null,"Value":3808},{"Length":110,"Height":166,"Demand":1,"DemandMax":null,"Value":18260},{"Length":198,"Height":141,"Demand":1,"DemandMax":null,"Value":27918},{"Length":54,"Height":124,"Demand":1,"DemandMax":null,"Value":6696},{"Length":61,"Height":151,"Demand":1,"DemandMax":null,"Value":9211},{"Length":53,"Height":153,"Demand":1,"DemandMax":null,"Value":8109},{"Length":62,"Height":114,"Demand":1,"DemandMax":null,"Value":7068},{"Length":172,"Height":69,"Demand":1,"DemandMax":null,"Value":11868},{"Length":66,"Height":99,"Demand":1,"DemandMax":null,"Value":6534},{"Length":78,"Height":188,"Demand":1,"DemandMax":null,"Value":14664},{"Length":141,"Height":70,"Demand":1,"DemandMax":null,"Value":9870},{"Length":88,"Height":128,"Demand":1,"DemandMax":null,"Value":11264},{"Length":103,"Height":196,"Demand":1,"DemandMax":null,"Value":20188},{"Length":118,"Height":156,"Demand":1,"DemandMax":null,"Value":18408},{"Length":119,"Height":92,"Demand":1,"DemandMax":null,"Value":10948},{"Length":136,"Height":137,"Demand":1,"DemandMax":null,"Value":18632},{"Length":105,"Height":175,"Demand":1,"DemandMax":null,"Value":18375},{"Length":158,"Height":139,"Demand":1,"DemandMax":null,"Value":21962},{"Length":179,"Height":162,"Demand":1,"DemandMax":null,"Value":28998},{"Length":100,"Height":128,"Demand":1,"DemandMax":null,"Value":12800},{"Length":56,"Height":120,"Demand":1,"DemandMax":null,"Value":6720},{"Length":80,"Height":121,"Demand":1,"DemandMax":null,"Value":9680},{"Length":104,"Height":165,"Demand":1,"DemandMax":null,"Value":17160},{"Length":113,"Height":185,"Demand":1,"DemandMax":null,"Value":20905},{"Length":140,"Height":164,"Demand":1,"DemandMax":null,"Value":22960},{"Length":117,"Height":135,"Demand":1,"DemandMax":null,"Value":15795},{"Length":179,"Height":183,"Demand":1,"DemandMax":null,"Value":32757},{"Length":58,"Height":140,"Demand":1,"DemandMax":null,"Value":8120},{"Length":139,"Height":190,"Demand":1,"DemandMax":null,"Value":26410}]}