{"Name":"SPIEKSMA04_100_02","Objects":[{"Length":1000,"Height":1000,"Stock":null,"Cost":1000000}],"Items":[{"Length":62,"Height":157,"Demand":1,"DemandMax":null,"Value":9734},{"Length":178,"Height":58,"Demand":1,"DemandMax":null,"Value":10324},{"Length":160,"Height":69,"Demand":1,"DemandMax":null,"Value":11040},{"Length":94,"Height":72,"Demand":1,"DemandMax":null,"Value":6768},{"Length":112,"Height":151,"Demand":1,"DemandMax":null,"Value":16912},{"Length":98,"Height":139,"Demand":1,"DemandMax":null,"Value":13622},{"Length":134,"Height":70,"Demand":1,"DemandMax":null,"Value":9380},{"Length":55,"Height":176,"Demand":1,"DemandMax":null,"Value":9680},{"Length":194,"Height":143,"Demand":1,"DemandMax":null,"Value":27742},{"Length":183,"Height":151,"Demand":1,"DemandMax":null,"Value":27633},{"Length":157,"Height":136,"Demand":1,"DemandMax":null,"Value":21352},{"Length":149,"Height":80,"Demand":1,"DemandMax":null,"Value":11920},{"Length":91,"Height":167,"Demand":1,"DemandMax":null,"Value":15197},{"Length":118,"Height":180,"Demand":1,"DemandMax":null,"Value":21240},{"Length":112,"Height":102,"Demand":1,"DemandMax":null,"Value":11424},{"Length":158,"Height":116,"Demand":1,"DemandMax":null,"Value":18328},{"Length":87,"Height":157,"Demand":1,"DemandMax":null,"Value":13659},{"Length":85,"Height":57,"Demand":1,"DemandMax":null,"Value":4845},{"Length":83,"Height":149,"Demand":1,"DemandMax":null,"Value":12367},{"Length":66,"Height":68,"Demand":1,"DemandMax":null,"Value":4488},{"Length":66,"Height":95,"Demand":1,"DemandMax":null,"Value":6270},{"Length":167,"Height":116,"Demand":1,"DemandMax":null,"Value":19372},{"Length":53,"Height":62,"Demand":1,"DemandMax":null,"Value":3286},{"Length":56,"Height":68,"Demand":1,"DemandMax":null,"Value":3808},{"Length":110,"Height":166,"Demand":1,"DemandMax":null,"Value":18260},{"Length":198,"Height":141,"Demand":1,"DemandMax":null,"Value":27918},{"Length":54,"Height":124,"Demand":1,"DemandMax":null,"Value":6696},{"Length":61,"Height":151,"Demand":1,"DemandMax":null,"Value":9211},{"Length":53,"Height":153,"Demand":1,"DemandMax":null,"Value":8109},{"Length":62,"Height":114,"Demand":1,"DemandMax":null,"Value":7068},{"Length":172,"Height":69,"Demand":1,"DemandMax":null,"Value":11868},{"Length":66,"Height":99,"Demand":1,"DemandMax":null,"Value":6534},{"Length":78,"Height":188,"Demand":1,"DemandMax":null,"Value":14664},{"Length":141,"Height":70,"Demand":1,"DemandMax":null,"Value":9870},{"Length":88,"Height":128,"Demand":1,"DemandMax":null,"Value":11264},{"Length":103,"Height":196,"Demand":1,"DemandMax":null,"Value":20188},{"Length":118,"Height":156,"Demand":1,"DemandMax":null,"Value":18408},{"Length":119,"Height":92,"Demand":1,"DemandMax":null,"Value":10948},{"Length":136,"Height":137,"Demand":1,"DemandMax":null,"Value":18632},{"Length":105,"Height":175,"Demand":1,"DemandMax":null,"Value":18375},{"Length":158,"Height":139,"Demand":1,"DemandMax":null,"Value":21962},{"Length":179,"Height":162,"Demand":1,"DemandMax":null,"Value":28998},{"Length":100,"Height":128,"Demand":1,"DemandMax":null,"Value":12800},{"Length":56,"Height":120,"Demand":1,"DemandMax":null,"Value":6720},{"Length":80,"Height":121,"Demand":1,"DemandMax":null,"Value":9680},{"Length":104,"Height":165,"Demand":1,"DemandMax":null,"Value":17160},{"Length":113,"Height":185,"Demand":1,"DemandMax":null,"Value":20905},{"Length":140,"Height":164,"Demand":1,"DemandMax":null,"Value":22960},{"Length":117,"Height":135,"Demand":1,"DemandMax":null,"Value":15795},{"Length":179,"Height":183,"Demand":1,"DemandMax":null,"Value":32757},{"Length":58,"Height":140,"Demand":1,"DemandMax":null,"Value":8120},{"Length":139,"Height":190,"Demand":1,"DemandMax":null,"Value":26410},{"Length":103,"Height":115,"Demand":1,"DemandMax":null,"Value":11845},{"Length":136,"Height":50,"Demand":1,"DemandMax":null,"Value":6800},{"Length":169,"Height":178,"Demand":1,"DemandMax":null,"Value":30082},{"Length":187,"Height":131,"Demand":1,"DemandMax":null,"Value":24497},{"Length":72,"Height":194,"Demand":1,"DemandMax":null,"Value":13968},{"Length":58,"Height":99,"Demand":1,"DemandMax":null,"Value":5742},{"Length":128,"Height":81,"Demand":1,"DemandMax":null,"Value":10368},{"Length":167,"Height":121,"Demand":1,"DemandMax":null,"Value":20207},{"Length":106,"Height":105,"Demand":1,"DemandMax":null,"Value":11130},{"Length":79,"Height":114,"Demand":1,"DemandMax":null,"Value":9006},{"Length":120,"Height":133,"Demand":1,"DemandMax":null,"Value":15960},{"Length":162,"Height":194,"Demand":1,"DemandMax":null,"Value":31428},{"Length":189,"Height":81,"Demand":1,"DemandMax":null,"Value":15309},{"Length":83,"Height":78,"Demand":1,"DemandMax":null,"Value":6474},{"Length":78,"Height":67,"Demand":1,"DemandMax":null,"Value":5226},{"Length":157,"Height":132,"Demand":1,"DemandMax":null,"Value":20724},{"Length":54,"Height":107,"Demand":1,"DemandMax":null,"Value":5778},{"Length":152,"Height":174,"Demand":1,"DemandMax":null,"Value":26448},{"Length":134,"Height":117,"Demand":1,"DemandMax":null,"Value":15678},{"Length":184,"Height":69,"Demand":1,"DemandMax":null,"Value":12696},{"Length":84,"Height":64,"Demand":1,"DemandMax":null,"Value":5376},{"Length":120,"Height":185,"Demand":1,"DemandMax":null,"Value":22200},{"Length":172,"Height":116,"Demand":1,"DemandMax":null,"Value":19952},{"Length":176,"Height":189,"Demand":1,"DemandMax":null,"Value":33264},{"Length":114,"Height":187,"Demand":1,"DemandMax":null,"Value":21318},{"Length":170,"Height":96,"Demand":1,"DemandMax":null,"Value":16320},{"Length":126,"Height":97,"Demand":1,"DemandMax":null,"Value":12222},{"Length":117,"Height":123,"Demand":1,"DemandMax":null,"Value":14391},{"Length":176,"Height":160,"Demand":1,"DemandMax":null,"Value":28160},{"Length":85,"Height":88,"Demand":1,"DemandMax":null,"Value":7480},{"Length":129,"Height":143,"Demand":1,"DemandMax":null,"Value":18447},{"Length":191,"Height":157,"Demand":1,"DemandMax":null,"Value":29987},{"Length":53,"Height":164,"Demand":1,"DemandMax":null,"Value":8692},{"Length":150,"Height":96,"Demand":1,"DemandMax":null,"Value":14400},{"Length":64,"Height":88,"Demand":1,"DemandMax":null,"Value":5632},{"Length":180,"Height":173,"Demand":1,"DemandMax":null,"Value":31140},{"Length":179,"Height":134,"Demand":1,"DemandMax":null,"Value":23986},{"Length":97,"Height":104,"Demand":1,"DemandMax":null,"Value":10088},{"Length":165,"Height":116,"Demand":1,"DemandMax":null,"Value":19140},{"Length":67,"Height":105,"Demand":1,"DemandMax":null,"Value":7035},{"Length":138,"Height":52,"Demand":1,"DemandMax":null,"Value":7176},{"Length":159,"Height":143,"Demand":1,"DemandMax":null,"Value":22737},{"Length":114,"Height":159,"Demand":1,"DemandMax":null,"Value":18126},{"Length":188,"Height":85,"Demand":1,"DemandMax":null,"Value":15980},{"Length":162,"Height":103,"Demand":1,"DemandMax":null,"Value":16686},{"Length":170,"Height":148,"Demand":1,"DemandMax":null,"Value":25160},{"Length":96,"Height":51,"Demand":1,"DemandMax":null,"Value":4896},{"Length":173,"Height":148,"Demand":1,"DemandMax":null,"Value":25604}]}