{"Name":"SPIEKSMA04_50_07","Objects":[{"Length":1000,"Height":1000,"Stock":null,"Cost":1000000}],"Items":[{"Length":69,"Height":94,"Demand":1,"DemandMax":null,"Value":6486},{"Length":72,"Height":112,"Demand":1,"DemandMax":null,"Value":8064},{"Length":151,"Height":98,"Demand":1,"DemandMax":null,"Value":14798},{"Length":139,"Height":134,"Demand":1,"DemandMax":null,"Value":18626},{"Length":70,"Height":55,"Demand":1,"DemandMax":null,"Value":3850},{"Length":176,"Height":194,"Demand":1,"DemandMax":null,"Value":34144},{"Length":143,"Height":183,"Demand":1,"DemandMax":null,"Value":26169},{"Length":151,"Height":157,"Demand":1,"DemandMax":null,"Value":23707},{"Length":136,"Height":149,"Demand":1,"DemandMax":null,"Value":20264},{"Length":80,"Height":91,"Demand":1,"DemandMax":null,"Value":7280},{"Length":167,"Height":118,"Demand":1,"DemandMax":null,"Value":19706},{"Length":180,"Height":112,"Demand":1,"DemandMax":null,"Value":20160},{"Length":102,"Height":158,"Demand":1,"DemandMax":null,"Value":16116},{"Length":116,"Height":87,"Demand":1,"DemandMax":null,"Value":10092},{"Length":157,"Height":85,"Demand":1,"DemandMax":null,"Value":13345},{"Length":57,"Height":83,"Demand":1,"DemandMax":null,"Value":4731},{"Length":149,"Height":66,"Demand":1,"DemandMax":null,"Value":9834},{"Length":68,"Height":66,"Demand":1,"DemandMax":null,"Value":4488},{"Length":95,"Height":167,"Demand":1,"DemandMax":null,"Value":15865},{"Length":116,"Height":53,"Demand":1,"DemandMax":null,"Value":6148},{"Length":62,"Height":56,"Demand":1,"DemandMax":null,"Value":3472},{"Length":68,"Height":110,"Demand":1,"DemandMax":null,"Value":7480},{"Length":166,"Height":198,"Demand":1,"DemandMax":null,"Value":32868},{"Length":141,"Height":54,"Demand":1,"DemandMax":null,"Value":7614},{"Length":124,"Height":61,"Demand":1,"DemandMax":null,"Value":7564},{"Length":151,"Height":53,"Demand":1,"DemandMax":null,"Value":8003},{"Length":153,"Height":62,"Demand":1,"DemandMax":null,"Value":9486},{"Length":114,"Height":172,"Demand":1,"DemandMax":null,"Value":19608},{"Length":69,"Height":66,"Demand":1,"DemandMax":null,"Value":4554},{"Length":99,"Height":78,"Demand":1,"DemandMax":null,"Value":7722},{"Length":188,"Height":141,"Demand":1,"DemandMax":null,"Value":26508},{"Length":70,"Height":88,"Demand":1,"DemandMax":null,"Value":6160},{"Length":128,"Height":103,"Demand":1,"DemandMax":null,"Value":13184},{"Length":196,"Height":118,"Demand":1,"DemandMax":null,"Value":23128},{"Length":156,"Height":119,"Demand":1,"DemandMax":null,"Value":18564},{"Length":92,"Height":136,"Demand":1,"DemandMax":null,"Value":12512},{"Length":137,"Height":105,"Demand":1,"DemandMax":null,"Value":14385},{"Length":175,"Height":158,"Demand":1,"DemandMax":null,"Value":27650},{"Length":139,"Height":179,"Demand":1,"DemandMax":null,"Value":24881},{"Length":162,"Height":100,"Demand":1,"DemandMax":null,"Value":16200},{"Length":128,"Height":56,"Demand":1,"DemandMax":null,"Value":7168},{"Length":120,"Height":80,"Demand":1,"DemandMax":null,"Value":9600},{"Length":121,"Height":104,"Demand":1,"DemandMax":null,"Value":12584},{"Length":165,"Height":113,"Demand":1,"DemandMax":null,"Value":18645},{"Length":185,"Height":140,"Demand":1,"DemandMax":null,"Value":25900},{"Length":164,"Height":117,"Demand":1,"DemandMax":null,"Value":19188},{"Length":135,"Height":179,"Demand":1,"DemandMax":null,"Value":24165},{"Length":183,"Height":58,"Demand":1,"DemandMax":null,"Value":10614},{"Length":140,"Height":139,"Demand":1,"DemandMax":null,"Value":19460},{"Length":190,"Height":103,"Demand":1,"DemandMax":null,"Value":19570}]}