{"Name":"SPIEKSMA02_100_03","Objects":[{"Length":1000,"Height":1000,"Stock":null,"Cost":1000000}],"Items":[{"Length":716,"Height":851,"Demand":1,"DemandMax":null,"Value":609316},{"Length":57,"Height":736,"Demand":1,"DemandMax":null,"Value":41952},{"Length":126,"Height":294,"Demand":1,"DemandMax":null,"Value":37044},{"Length":145,"Height":414,"Demand":1,"DemandMax":null,"Value":60030},{"Length":671,"Height":319,"Demand":1,"DemandMax":null,"Value":214049},{"Length":592,"Height":563,"Demand":1,"DemandMax":null,"Value":333296},{"Length":132,"Height":36,"Demand":1,"DemandMax":null,"Value":4752},{"Length":843,"Height":959,"Demand":1,"DemandMax":null,"Value":808437},{"Length":618,"Height":889,"Demand":1,"DemandMax":null,"Value":549402},{"Length":676,"Height":715,"Demand":1,"DemandMax":null,"Value":483340},{"Length":575,"Height":658,"Demand":1,"DemandMax":null,"Value":378350},{"Length":202,"Height":275,"Demand":1,"DemandMax":null,"Value":55550},{"Length":780,"Height":453,"Demand":1,"DemandMax":null,"Value":353340},{"Length":864,"Height":416,"Demand":1,"DemandMax":null,"Value":359424},{"Length":344,"Height":718,"Demand":1,"DemandMax":null,"Value":246992},{"Length":442,"Height":250,"Demand":1,"DemandMax":null,"Value":110500},{"Length":712,"Height":232,"Demand":1,"DemandMax":null,"Value":165184},{"Length":45,"Height":221,"Demand":1,"DemandMax":null,"Value":9945},{"Length":661,"Height":105,"Demand":1,"DemandMax":null,"Value":69405},{"Length":118,"Height":106,"Demand":1,"DemandMax":null,"Value":12508},{"Length":304,"Height":780,"Demand":1,"DemandMax":null,"Value":237120},{"Length":440,"Height":18,"Demand":1,"DemandMax":null,"Value":7920},{"Length":83,"Height":39,"Demand":1,"DemandMax":null,"Value":3237},{"Length":121,"Height":399,"Demand":1,"DemandMax":null,"Value":48279},{"Length":776,"Height":988,"Demand":1,"DemandMax":null,"Value":766688},{"Length":605,"Height":30,"Demand":1,"DemandMax":null,"Value":18150},{"Length":496,"Height":76,"Demand":1,"DemandMax":null,"Value":37696},{"Length":671,"Height":19,"Demand":1,"DemandMax":null,"Value":12749},{"Length":686,"Height":79,"Demand":1,"DemandMax":null,"Value":54194},{"Length":430,"Height":811,"Demand":1,"DemandMax":null,"Value":348730},{"Length":125,"Height":107,"Demand":1,"DemandMax":null,"Value":13375},{"Length":326,"Height":186,"Demand":1,"DemandMax":null,"Value":60636},{"Length":922,"Height":605,"Demand":1,"DemandMax":null,"Value":557810},{"Length":137,"Height":253,"Demand":1,"DemandMax":null,"Value":34661},{"Length":524,"Height":352,"Demand":1,"DemandMax":null,"Value":184448},{"Length":972,"Height":457,"Demand":1,"DemandMax":null,"Value":444204},{"Length":706,"Height":457,"Demand":1,"DemandMax":null,"Value":322642},{"Length":280,"Height":576,"Demand":1,"DemandMax":null,"Value":161280},{"Length":582,"Height":367,"Demand":1,"DemandMax":null,"Value":213594},{"Length":834,"Height":720,"Demand":1,"DemandMax":null,"Value":600480},{"Length":594,"Height":858,"Demand":1,"DemandMax":null,"Value":509652},{"Length":749,"Height":336,"Demand":1,"DemandMax":null,"Value":251664},{"Length":521,"Height":42,"Demand":1,"DemandMax":null,"Value":21882},{"Length":467,"Height":199,"Demand":1,"DemandMax":null,"Value":92933},{"Length":474,"Height":363,"Demand":1,"DemandMax":null,"Value":172062},{"Length":766,"Height":422,"Demand":1,"DemandMax":null,"Value":323252},{"Length":898,"Height":598,"Demand":1,"DemandMax":null,"Value":537004},{"Length":758,"Height":448,"Demand":1,"DemandMax":null,"Value":339584},{"Length":569,"Height":859,"Demand":1,"DemandMax":null,"Value":488771},{"Length":887,"Height":56,"Demand":1,"DemandMax":null,"Value":49672},{"Length":600,"Height":591,"Demand":1,"DemandMax":null,"Value":354600},{"Length":931,"Height":356,"Demand":1,"DemandMax":null,"Value":331436},{"Length":435,"Height":571,"Demand":1,"DemandMax":null,"Value":248385},{"Length":2,"Height":793,"Demand":1,"DemandMax":null,"Value":1586},{"Length":851,"Height":910,"Demand":1,"DemandMax":null,"Value":774410},{"Length":541,"Height":146,"Demand":1,"DemandMax":null,"Value":78986},{"Length":959,"Height":54,"Demand":1,"DemandMax":null,"Value":51786},{"Length":330,"Height":524,"Demand":1,"DemandMax":null,"Value":172920},{"Length":206,"Height":778,"Demand":1,"DemandMax":null,"Value":160268},{"Length":477,"Height":372,"Demand":1,"DemandMax":null,"Value":177444},{"Length":366,"Height":195,"Demand":1,"DemandMax":null,"Value":71370},{"Length":428,"Height":469,"Demand":1,"DemandMax":null,"Value":200732},{"Length":553,"Height":749,"Demand":1,"DemandMax":null,"Value":414197},{"Length":961,"Height":924,"Demand":1,"DemandMax":null,"Value":887964},{"Length":210,"Height":218,"Demand":1,"DemandMax":null,"Value":45780},{"Length":187,"Height":185,"Demand":1,"DemandMax":null,"Value":34595},{"Length":115,"Height":713,"Demand":1,"DemandMax":null,"Value":81995},{"Length":549,"Height":26,"Demand":1,"DemandMax":null,"Value":14274},{"Length":379,"Height":678,"Demand":1,"DemandMax":null,"Value":256962},{"Length":826,"Height":559,"Demand":1,"DemandMax":null,"Value":461734},{"Length":447,"Height":891,"Demand":1,"DemandMax":null,"Value":398277},{"Length":130,"Height":230,"Demand":1,"DemandMax":null,"Value":29900},{"Length":96,"Height":464,"Demand":1,"DemandMax":null,"Value":44544},{"Length":902,"Height":815,"Demand":1,"DemandMax":null,"Value":735130},{"Length":438,"Height":840,"Demand":1,"DemandMax":null,"Value":367920},{"Length":924,"Height":427,"Demand":1,"DemandMax":null,"Value":394548},{"Length":917,"Height":798,"Demand":1,"DemandMax":null,"Value":731766},{"Length":305,"Height":509,"Demand":1,"DemandMax":null,"Value":155245},{"Length":311,"Height":448,"Demand":1,"DemandMax":null,"Value":139328},{"Length":490,"Height":838,"Demand":1,"DemandMax":null,"Value":410620},{"Length":731,"Height":236,"Demand":1,"DemandMax":null,"Value":172516},{"Length":256,"Height":528,"Demand":1,"DemandMax":null,"Value":135168},{"Length":621,"Height":937,"Demand":1,"DemandMax":null,"Value":581877},{"Length":714,"Height":21,"Demand":1,"DemandMax":null,"Value":14994},{"Length":759,"Height":666,"Demand":1,"DemandMax":null,"Value":505494},{"Length":311,"Height":96,"Demand":1,"DemandMax":null,"Value":29856},{"Length":257,"Height":864,"Demand":1,"DemandMax":null,"Value":222048},{"Length":821,"Height":862,"Demand":1,"DemandMax":null,"Value":707702},{"Length":558,"Height":311,"Demand":1,"DemandMax":null,"Value":173538},{"Length":358,"Height":766,"Demand":1,"DemandMax":null,"Value":274228},{"Length":441,"Height":117,"Demand":1,"DemandMax":null,"Value":51597},{"Length":364,"Height":585,"Demand":1,"DemandMax":null,"Value":212940},{"Length":17,"Height":726,"Demand":1,"DemandMax":null,"Value":12342},{"Length":619,"Height":430,"Demand":1,"DemandMax":null,"Value":266170},{"Length":728,"Height":917,"Demand":1,"DemandMax":null,"Value":667576},{"Length":234,"Height":745,"Demand":1,"DemandMax":null,"Value":174330},{"Length":356,"Height":801,"Demand":1,"DemandMax":null,"Value":285156},{"Length":651,"Height":309,"Demand":1,"DemandMax":null,"Value":201159},{"Length":9,"Height":822,"Demand":1,"DemandMax":null,"Value":7398},{"Length":651,"Height":231,"Demand":1,"DemandMax":null,"Value":150381}]}