{"Name":"SPIEKSMA10_201_09","Objects":[{"Length":100,"Height":100,"Stock":null,"Cost":10000}],"Items":[{"Length":35,"Height":50,"Demand":1,"DemandMax":null,"Value":1750},{"Length":50,"Height":47,"Demand":1,"DemandMax":null,"Value":2350},{"Length":49,"Height":47,"Demand":1,"DemandMax":null,"Value":2303},{"Length":49,"Height":43,"Demand":2,"DemandMax":null,"Value":2107},{"Length":39,"Height":49,"Demand":1,"DemandMax":null,"Value":1911},{"Length":49,"Height":30,"Demand":1,"DemandMax":null,"Value":1470},{"Length":33,"Height":48,"Demand":1,"DemandMax":null,"Value":1584},{"Length":48,"Height":36,"Demand":2,"DemandMax":null,"Value":1728},{"Length":45,"Height":48,"Demand":1,"DemandMax":null,"Value":2160},{"Length":48,"Height":30,"Demand":1,"DemandMax":null,"Value":1440},{"Length":48,"Height":48,"Demand":1,"DemandMax":null,"Value":2304},{"Length":38,"Height":48,"Demand":1,"DemandMax":null,"Value":1824},{"Length":36,"Height":48,"Demand":1,"DemandMax":null,"Value":1728},{"Length":48,"Height":44,"Demand":1,"DemandMax":null,"Value":2112},{"Length":48,"Height":42,"Demand":2,"DemandMax":null,"Value":2016},{"Length":48,"Height":35,"Demand":1,"DemandMax":null,"Value":1680},{"Length":47,"Height":34,"Demand":1,"DemandMax":null,"Value":1598},{"Length":39,"Height":47,"Demand":2,"DemandMax":null,"Value":1833},{"Length":44,"Height":47,"Demand":1,"DemandMax":null,"Value":2068},{"Length":47,"Height":40,"Demand":1,"DemandMax":null,"Value":1880},{"Length":27,"Height":47,"Demand":1,"DemandMax":null,"Value":1269},{"Length":47,"Height":33,"Demand":1,"DemandMax":null,"Value":1551},{"Length":42,"Height":47,"Demand":1,"DemandMax":null,"Value":1974},{"Length":35,"Height":47,"Demand":1,"DemandMax":null,"Value":1645},{"Length":47,"Height":38,"Demand":1,"DemandMax":null,"Value":1786},{"Length":32,"Height":47,"Demand":1,"DemandMax":null,"Value":1504},{"Length":21,"Height":46,"Demand":1,"DemandMax":null,"Value":966},{"Length":46,"Height":40,"Demand":2,"DemandMax":null,"Value":1840},{"Length":43,"Height":46,"Demand":1,"DemandMax":null,"Value":1978},{"Length":36,"Height":46,"Demand":1,"DemandMax":null,"Value":1656},{"Length":25,"Height":46,"Demand":1,"DemandMax":null,"Value":1150},{"Length":46,"Height":36,"Demand":1,"DemandMax":null,"Value":1656},{"Length":45,"Height":46,"Demand":1,"DemandMax":null,"Value":2070},{"Length":46,"Height":31,"Demand":1,"DemandMax":null,"Value":1426},{"Length":46,"Height":39,"Demand":1,"DemandMax":null,"Value":1794},{"Length":33,"Height":46,"Demand":1,"DemandMax":null,"Value":1518},{"Length":32,"Height":46,"Demand":1,"DemandMax":null,"Value":1472},{"Length":28,"Height":45,"Demand":1,"DemandMax":null,"Value":1260},{"Length":45,"Height":28,"Demand":1,"DemandMax":null,"Value":1260},{"Length":36,"Height":45,"Demand":2,"DemandMax":null,"Value":1620},{"Length":44,"Height":45,"Demand":1,"DemandMax":null,"Value":1980},{"Length":45,"Height":14,"Demand":1,"DemandMax":null,"Value":630},{"Length":38,"Height":45,"Demand":1,"DemandMax":null,"Value":1710},{"Length":30,"Height":44,"Demand":1,"DemandMax":null,"Value":1320},{"Length":44,"Height":30,"Demand":1,"DemandMax":null,"Value":1320},{"Length":44,"Height":22,"Demand":1,"DemandMax":null,"Value":968},{"Length":28,"Height":44,"Demand":1,"DemandMax":null,"Value":1232},{"Length":19,"Height":44,"Demand":1,"DemandMax":null,"Value":836},{"Length":44,"Height":38,"Demand":1,"DemandMax":null,"Value":1672},{"Length":44,"Height":39,"Demand":1,"DemandMax":null,"Value":1716},{"Length":38,"Height":44,"Demand":1,"DemandMax":null,"Value":1672},{"Length":37,"Height":44,"Demand":1,"DemandMax":null,"Value":1628},{"Length":43,"Height":44,"Demand":1,"DemandMax":null,"Value":1892},{"Length":44,"Height":28,"Demand":1,"DemandMax":null,"Value":1232},{"Length":31,"Height":44,"Demand":1,"DemandMax":null,"Value":1364},{"Length":29,"Height":44,"Demand":1,"DemandMax":null,"Value":1276},{"Length":44,"Height":36,"Demand":2,"DemandMax":null,"Value":1584},{"Length":44,"Height":21,"Demand":1,"DemandMax":null,"Value":924},{"Length":35,"Height":44,"Demand":1,"DemandMax":null,"Value":1540},{"Length":43,"Height":41,"Demand":1,"DemandMax":null,"Value":1763},{"Length":35,"Height":43,"Demand":1,"DemandMax":null,"Value":1505},{"Length":36,"Height":43,"Demand":2,"DemandMax":null,"Value":1548},{"Length":30,"Height":43,"Demand":1,"DemandMax":null,"Value":1290},{"Length":37,"Height":43,"Demand":1,"DemandMax":null,"Value":1591},{"Length":40,"Height":43,"Demand":2,"DemandMax":null,"Value":1720},{"Length":28,"Height":43,"Demand":1,"DemandMax":null,"Value":1204},{"Length":43,"Height":36,"Demand":1,"DemandMax":null,"Value":1548},{"Length":22,"Height":42,"Demand":1,"DemandMax":null,"Value":924},{"Length":42,"Height":39,"Demand":1,"DemandMax":null,"Value":1638},{"Length":26,"Height":42,"Demand":4,"DemandMax":null,"Value":1092},{"Length":42,"Height":42,"Demand":1,"DemandMax":null,"Value":1764},{"Length":41,"Height":28,"Demand":2,"DemandMax":null,"Value":1148},{"Length":41,"Height":36,"Demand":1,"DemandMax":null,"Value":1476},{"Length":31,"Height":41,"Demand":1,"DemandMax":null,"Value":1271},{"Length":41,"Height":25,"Demand":1,"DemandMax":null,"Value":1025},{"Length":35,"Height":41,"Demand":1,"DemandMax":null,"Value":1435},{"Length":41,"Height":31,"Demand":1,"DemandMax":null,"Value":1271},{"Length":33,"Height":41,"Demand":1,"DemandMax":null,"Value":1353},{"Length":40,"Height":28,"Demand":1,"DemandMax":null,"Value":1120},{"Length":40,"Height":37,"Demand":2,"DemandMax":null,"Value":1480},{"Length":30,"Height":40,"Demand":1,"DemandMax":null,"Value":1200},{"Length":32,"Height":40,"Demand":1,"DemandMax":null,"Value":1280},{"Length":36,"Height":40,"Demand":1,"DemandMax":null,"Value":1440},{"Length":26,"Height":40,"Demand":1,"DemandMax":null,"Value":1040},{"Length":3,"Height":40,"Demand":1,"DemandMax":null,"Value":120},{"Length":40,"Height":29,"Demand":1,"DemandMax":null,"Value":1160},{"Length":40,"Height":22,"Demand":1,"DemandMax":null,"Value":880},{"Length":39,"Height":40,"Demand":1,"DemandMax":null,"Value":1560},{"Length":39,"Height":26,"Demand":1,"DemandMax":null,"Value":1014},{"Length":39,"Height":34,"Demand":2,"DemandMax":null,"Value":1326},{"Length":34,"Height":39,"Demand":1,"DemandMax":null,"Value":1326},{"Length":36,"Height":39,"Demand":1,"DemandMax":null,"Value":1404},{"Length":39,"Height":32,"Demand":1,"DemandMax":null,"Value":1248},{"Length":38,"Height":20,"Demand":1,"DemandMax":null,"Value":760},{"Length":28,"Height":38,"Demand":1,"DemandMax":null,"Value":1064},{"Length":38,"Height":36,"Demand":1,"DemandMax":null,"Value":1368},{"Length":34,"Height":38,"Demand":1,"DemandMax":null,"Value":1292},{"Length":38,"Height":28,"Demand":1,"DemandMax":null,"Value":1064},{"Length":32,"Height":38,"Demand":1,"DemandMax":null,"Value":1216},{"Length":38,"Height":38,"Demand":1,"DemandMax":null,"Value":1444},{"Length":37,"Height":6,"Demand":1,"DemandMax":null,"Value":222},{"Length":37,"Height":12,"Demand":1,"DemandMax":null,"Value":444},{"Length":37,"Height":37,"Demand":1,"DemandMax":null,"Value":1369},{"Length":37,"Height":34,"Demand":1,"DemandMax":null,"Value":1258},{"Length":31,"Height":37,"Demand":1,"DemandMax":null,"Value":1147},{"Length":28,"Height":37,"Demand":1,"DemandMax":null,"Value":1036},{"Length":36,"Height":25,"Demand":1,"DemandMax":null,"Value":900},{"Length":32,"Height":36,"Demand":1,"DemandMax":null,"Value":1152},{"Length":36,"Height":27,"Demand":1,"DemandMax":null,"Value":972},{"Length":34,"Height":36,"Demand":2,"DemandMax":null,"Value":1224},{"Length":36,"Height":28,"Demand":1,"DemandMax":null,"Value":1008},{"Length":36,"Height":36,"Demand":1,"DemandMax":null,"Value":1296},{"Length":23,"Height":36,"Demand":1,"DemandMax":null,"Value":828},{"Length":29,"Height":36,"Demand":1,"DemandMax":null,"Value":1044},{"Length":22,"Height":36,"Demand":1,"DemandMax":null,"Value":792},{"Length":28,"Height":36,"Demand":1,"DemandMax":null,"Value":1008},{"Length":35,"Height":33,"Demand":1,"DemandMax":null,"Value":1155},{"Length":35,"Height":24,"Demand":1,"DemandMax":null,"Value":840},{"Length":31,"Height":34,"Demand":2,"DemandMax":null,"Value":1054},{"Length":30,"Height":34,"Demand":1,"DemandMax":null,"Value":1020},{"Length":34,"Height":30,"Demand":1,"DemandMax":null,"Value":1020},{"Length":34,"Height":25,"Demand":1,"DemandMax":null,"Value":850},{"Length":27,"Height":34,"Demand":1,"DemandMax":null,"Value":918},{"Length":34,"Height":29,"Demand":1,"DemandMax":null,"Value":986},{"Length":33,"Height":26,"Demand":2,"DemandMax":null,"Value":858},{"Length":28,"Height":33,"Demand":2,"DemandMax":null,"Value":924},{"Length":33,"Height":31,"Demand":2,"DemandMax":null,"Value":1023},{"Length":33,"Height":29,"Demand":1,"DemandMax":null,"Value":957},{"Length":33,"Height":30,"Demand":1,"DemandMax":null,"Value":990},{"Length":33,"Height":33,"Demand":1,"DemandMax":null,"Value":1089},{"Length":32,"Height":25,"Demand":1,"DemandMax":null,"Value":800},{"Length":26,"Height":32,"Demand":1,"DemandMax":null,"Value":832},{"Length":32,"Height":29,"Demand":1,"DemandMax":null,"Value":928},{"Length":31,"Height":31,"Demand":1,"DemandMax":null,"Value":961},{"Length":29,"Height":31,"Demand":2,"DemandMax":null,"Value":899},{"Length":31,"Height":11,"Demand":1,"DemandMax":null,"Value":341},{"Length":31,"Height":14,"Demand":1,"DemandMax":null,"Value":434},{"Length":27,"Height":31,"Demand":2,"DemandMax":null,"Value":837},{"Length":30,"Height":28,"Demand":2,"DemandMax":null,"Value":840},{"Length":30,"Height":6,"Demand":1,"DemandMax":null,"Value":180},{"Length":29,"Height":26,"Demand":3,"DemandMax":null,"Value":754},{"Length":26,"Height":29,"Demand":1,"DemandMax":null,"Value":754},{"Length":29,"Height":21,"Demand":1,"DemandMax":null,"Value":609},{"Length":28,"Height":27,"Demand":2,"DemandMax":null,"Value":756},{"Length":7,"Height":28,"Demand":1,"DemandMax":null,"Value":196},{"Length":28,"Height":28,"Demand":1,"DemandMax":null,"Value":784},{"Length":26,"Height":27,"Demand":1,"DemandMax":null,"Value":702},{"Length":25,"Height":27,"Demand":1,"DemandMax":null,"Value":675},{"Length":27,"Height":20,"Demand":1,"DemandMax":null,"Value":540},{"Length":27,"Height":17,"Demand":1,"DemandMax":null,"Value":459},{"Length":5,"Height":27,"Demand":1,"DemandMax":null,"Value":135},{"Length":27,"Height":11,"Demand":1,"DemandMax":null,"Value":297},{"Length":25,"Height":26,"Demand":1,"DemandMax":null,"Value":650},{"Length":17,"Height":26,"Demand":1,"DemandMax":null,"Value":442},{"Length":18,"Height":25,"Demand":1,"DemandMax":null,"Value":450},{"Length":25,"Height":21,"Demand":1,"DemandMax":null,"Value":525},{"Length":24,"Height":9,"Demand":1,"DemandMax":null,"Value":216},{"Length":24,"Height":18,"Demand":1,"DemandMax":null,"Value":432},{"Length":24,"Height":23,"Demand":1,"DemandMax":null,"Value":552},{"Length":18,"Height":23,"Demand":1,"DemandMax":null,"Value":414},{"Length":23,"Height":6,"Demand":1,"DemandMax":null,"Value":138},{"Length":23,"Height":19,"Demand":1,"DemandMax":null,"Value":437},{"Length":8,"Height":22,"Demand":1,"DemandMax":null,"Value":176},{"Length":15,"Height":21,"Demand":1,"DemandMax":null,"Value":315},{"Length":15,"Height":20,"Demand":1,"DemandMax":null,"Value":300},{"Length":20,"Height":13,"Demand":1,"DemandMax":null,"Value":260},{"Length":20,"Height":15,"Demand":1,"DemandMax":null,"Value":300},{"Length":20,"Height":10,"Demand":1,"DemandMax":null,"Value":200},{"Length":17,"Height":19,"Demand":1,"DemandMax":null,"Value":323},{"Length":7,"Height":18,"Demand":1,"DemandMax":null,"Value":126},{"Length":15,"Height":17,"Demand":1,"DemandMax":null,"Value":255},{"Length":16,"Height":7,"Demand":1,"DemandMax":null,"Value":112},{"Length":16,"Height":15,"Demand":1,"DemandMax":null,"Value":240},{"Length":11,"Height":14,"Demand":1,"DemandMax":null,"Value":154},{"Length":5,"Height":13,"Demand":1,"DemandMax":null,"Value":65}]}