{"Name":"SPIEKSMA10_24_09","Objects":[{"Length":100,"Height":100,"Stock":null,"Cost":10000}],"Items":[{"Length":49,"Height":47,"Demand":1,"DemandMax":null,"Value":2303},{"Length":47,"Height":34,"Demand":1,"DemandMax":null,"Value":1598},{"Length":21,"Height":46,"Demand":1,"DemandMax":null,"Value":966},{"Length":46,"Height":40,"Demand":1,"DemandMax":null,"Value":1840},{"Length":30,"Height":44,"Demand":1,"DemandMax":null,"Value":1320},{"Length":44,"Height":30,"Demand":1,"DemandMax":null,"Value":1320},{"Length":43,"Height":41,"Demand":1,"DemandMax":null,"Value":1763},{"Length":35,"Height":43,"Demand":1,"DemandMax":null,"Value":1505},{"Length":36,"Height":43,"Demand":1,"DemandMax":null,"Value":1548},{"Length":29,"Height":42,"Demand":1,"DemandMax":null,"Value":1218},{"Length":42,"Height":39,"Demand":1,"DemandMax":null,"Value":1638},{"Length":26,"Height":42,"Demand":1,"DemandMax":null,"Value":1092},{"Length":40,"Height":28,"Demand":1,"DemandMax":null,"Value":1120},{"Length":39,"Height":26,"Demand":1,"DemandMax":null,"Value":1014},{"Length":38,"Height":20,"Demand":1,"DemandMax":null,"Value":760},{"Length":36,"Height":25,"Demand":1,"DemandMax":null,"Value":900},{"Length":32,"Height":36,"Demand":1,"DemandMax":null,"Value":1152},{"Length":35,"Height":33,"Demand":1,"DemandMax":null,"Value":1155},{"Length":33,"Height":26,"Demand":1,"DemandMax":null,"Value":858},{"Length":31,"Height":31,"Demand":1,"DemandMax":null,"Value":961},{"Length":30,"Height":28,"Demand":1,"DemandMax":null,"Value":840},{"Length":18,"Height":23,"Demand":1,"DemandMax":null,"Value":414},{"Length":15,"Height":20,"Demand":1,"DemandMax":null,"Value":300},{"Length":5,"Height":13,"Demand":1,"DemandMax":null,"Value":65}]}