{"Name":"SPIEKSMA05_200_01","Objects":[{"Length":1000,"Height":1000,"Stock":null,"Cost":1000000}],"Items":[{"Length":96,"Height":53,"Demand":1,"DemandMax":null,"Value":5088},{"Length":68,"Height":60,"Demand":1,"DemandMax":null,"Value":4080},{"Length":82,"Height":29,"Demand":1,"DemandMax":null,"Value":2378},{"Length":80,"Height":28,"Demand":1,"DemandMax":null,"Value":2240},{"Length":28,"Height":74,"Demand":1,"DemandMax":null,"Value":2072},{"Length":69,"Height":57,"Demand":1,"DemandMax":null,"Value":3933},{"Length":68,"Height":45,"Demand":1,"DemandMax":null,"Value":3060},{"Length":68,"Height":54,"Demand":1,"DemandMax":null,"Value":3672},{"Length":60,"Height":52,"Demand":1,"DemandMax":null,"Value":3120},{"Length":61,"Height":29,"Demand":1,"DemandMax":null,"Value":1769},{"Length":37,"Height":77,"Demand":1,"DemandMax":null,"Value":2849},{"Length":55,"Height":88,"Demand":1,"DemandMax":null,"Value":4840},{"Length":57,"Height":54,"Demand":1,"DemandMax":null,"Value":3078},{"Length":85,"Height":67,"Demand":1,"DemandMax":null,"Value":5695},{"Length":55,"Height":92,"Demand":1,"DemandMax":null,"Value":5060},{"Length":59,"Height":47,"Demand":1,"DemandMax":null,"Value":2773},{"Length":63,"Height":98,"Demand":1,"DemandMax":null,"Value":6174},{"Length":59,"Height":63,"Demand":1,"DemandMax":null,"Value":3717},{"Length":64,"Height":81,"Demand":1,"DemandMax":null,"Value":5184},{"Length":45,"Height":97,"Demand":1,"DemandMax":null,"Value":4365},{"Length":67,"Height":75,"Demand":1,"DemandMax":null,"Value":5025},{"Length":74,"Height":83,"Demand":1,"DemandMax":null,"Value":6142},{"Length":31,"Height":62,"Demand":1,"DemandMax":null,"Value":1922},{"Length":80,"Height":54,"Demand":1,"DemandMax":null,"Value":4320},{"Length":88,"Height":51,"Demand":1,"DemandMax":null,"Value":4488},{"Length":97,"Height":69,"Demand":1,"DemandMax":null,"Value":6693},{"Length":98,"Height":75,"Demand":1,"DemandMax":null,"Value":7350},{"Length":32,"Height":61,"Demand":1,"DemandMax":null,"Value":1952},{"Length":92,"Height":43,"Demand":1,"DemandMax":null,"Value":3956},{"Length":44,"Height":63,"Demand":1,"DemandMax":null,"Value":2772},{"Length":55,"Height":38,"Demand":1,"DemandMax":null,"Value":2090},{"Length":92,"Height":59,"Demand":1,"DemandMax":null,"Value":5428},{"Length":70,"Height":93,"Demand":1,"DemandMax":null,"Value":6510},{"Length":83,"Height":57,"Demand":1,"DemandMax":null,"Value":4731},{"Length":95,"Height":42,"Demand":1,"DemandMax":null,"Value":3990},{"Length":25,"Height":90,"Demand":1,"DemandMax":null,"Value":2250},{"Length":39,"Height":42,"Demand":1,"DemandMax":null,"Value":1638},{"Length":29,"Height":66,"Demand":1,"DemandMax":null,"Value":1914},{"Length":60,"Height":53,"Demand":1,"DemandMax":null,"Value":3180},{"Length":76,"Height":70,"Demand":1,"DemandMax":null,"Value":5320},{"Length":41,"Height":58,"Demand":1,"DemandMax":null,"Value":2378},{"Length":99,"Height":59,"Demand":1,"DemandMax":null,"Value":5841},{"Length":41,"Height":64,"Demand":1,"DemandMax":null,"Value":2624},{"Length":58,"Height":91,"Demand":1,"DemandMax":null,"Value":5278},{"Length":68,"Height":31,"Demand":1,"DemandMax":null,"Value":2108},{"Length":86,"Height":26,"Demand":1,"DemandMax":null,"Value":2236},{"Length":80,"Height":91,"Demand":1,"DemandMax":null,"Value":7280},{"Length":41,"Height":45,"Demand":1,"DemandMax":null,"Value":1845},{"Length":60,"Height":29,"Demand":1,"DemandMax":null,"Value":1740},{"Length":31,"Height":59,"Demand":1,"DemandMax":null,"Value":1829},{"Length":93,"Height":26,"Demand":1,"DemandMax":null,"Value":2418},{"Length":39,"Height":74,"Demand":1,"DemandMax":null,"Value":2886},{"Length":61,"Height":68,"Demand":2,"DemandMax":null,"Value":4148},{"Length":74,"Height":49,"Demand":1,"DemandMax":null,"Value":3626},{"Length":97,"Height":86,"Demand":1,"DemandMax":null,"Value":8342},{"Length":95,"Height":43,"Demand":1,"DemandMax":null,"Value":4085},{"Length":60,"Height":39,"Demand":1,"DemandMax":null,"Value":2340},{"Length":85,"Height":64,"Demand":1,"DemandMax":null,"Value":5440},{"Length":59,"Height":61,"Demand":1,"DemandMax":null,"Value":3599},{"Length":51,"Height":71,"Demand":1,"DemandMax":null,"Value":3621},{"Length":76,"Height":85,"Demand":1,"DemandMax":null,"Value":6460},{"Length":27,"Height":46,"Demand":1,"DemandMax":null,"Value":1242},{"Length":46,"Height":69,"Demand":1,"DemandMax":null,"Value":3174},{"Length":73,"Height":73,"Demand":1,"DemandMax":null,"Value":5329},{"Length":75,"Height":72,"Demand":1,"DemandMax":null,"Value":5400},{"Length":45,"Height":35,"Demand":1,"DemandMax":null,"Value":1575},{"Length":73,"Height":27,"Demand":1,"DemandMax":null,"Value":1971},{"Length":52,"Height":66,"Demand":1,"DemandMax":null,"Value":3432},{"Length":48,"Height":42,"Demand":1,"DemandMax":null,"Value":2016},{"Length":78,"Height":98,"Demand":1,"DemandMax":null,"Value":7644},{"Length":33,"Height":26,"Demand":1,"DemandMax":null,"Value":858},{"Length":56,"Height":91,"Demand":1,"DemandMax":null,"Value":5096},{"Length":87,"Height":62,"Demand":1,"DemandMax":null,"Value":5394},{"Length":94,"Height":28,"Demand":1,"DemandMax":null,"Value":2632},{"Length":68,"Height":32,"Demand":1,"DemandMax":null,"Value":2176},{"Length":26,"Height":67,"Demand":1,"DemandMax":null,"Value":1742},{"Length":84,"Height":72,"Demand":1,"DemandMax":null,"Value":6048},{"Length":85,"Height":90,"Demand":1,"DemandMax":null,"Value":7650},{"Length":44,"Height":38,"Demand":1,"DemandMax":null,"Value":1672},{"Length":79,"Height":83,"Demand":1,"DemandMax":null,"Value":6557},{"Length":31,"Height":40,"Demand":1,"DemandMax":null,"Value":1240},{"Length":67,"Height":52,"Demand":1,"DemandMax":null,"Value":3484},{"Length":78,"Height":61,"Demand":1,"DemandMax":null,"Value":4758},{"Length":56,"Height":32,"Demand":1,"DemandMax":null,"Value":1792},{"Length":93,"Height":33,"Demand":1,"DemandMax":null,"Value":3069},{"Length":81,"Height":80,"Demand":1,"DemandMax":null,"Value":6480},{"Length":86,"Height":66,"Demand":1,"DemandMax":null,"Value":5676},{"Length":50,"Height":55,"Demand":1,"DemandMax":null,"Value":2750},{"Length":89,"Height":67,"Demand":1,"DemandMax":null,"Value":5963},{"Length":45,"Height":66,"Demand":1,"DemandMax":null,"Value":2970},{"Length":85,"Height":45,"Demand":1,"DemandMax":null,"Value":3825},{"Length":26,"Height":95,"Demand":1,"DemandMax":null,"Value":2470},{"Length":83,"Height":33,"Demand":1,"DemandMax":null,"Value":2739},{"Length":50,"Height":76,"Demand":1,"DemandMax":null,"Value":3800},{"Length":42,"Height":90,"Demand":1,"DemandMax":null,"Value":3780},{"Length":51,"Height":43,"Demand":1,"DemandMax":null,"Value":2193},{"Length":94,"Height":74,"Demand":1,"DemandMax":null,"Value":6956},{"Length":63,"Height":52,"Demand":1,"DemandMax":null,"Value":3276},{"Length":99,"Height":94,"Demand":1,"DemandMax":null,"Value":9306},{"Length":68,"Height":39,"Demand":1,"DemandMax":null,"Value":2652},{"Length":88,"Height":56,"Demand":1,"DemandMax":null,"Value":4928},{"Length":75,"Height":37,"Demand":1,"DemandMax":null,"Value":2775},{"Length":46,"Height":46,"Demand":1,"DemandMax":null,"Value":2116},{"Length":42,"Height":27,"Demand":1,"DemandMax":null,"Value":1134},{"Length":56,"Height":96,"Demand":1,"DemandMax":null,"Value":5376},{"Length":28,"Height":95,"Demand":1,"DemandMax":null,"Value":2660},{"Length":76,"Height":40,"Demand":1,"DemandMax":null,"Value":3040},{"Length":41,"Height":48,"Demand":1,"DemandMax":null,"Value":1968},{"Length":90,"Height":36,"Demand":1,"DemandMax":null,"Value":3240},{"Length":40,"Height":95,"Demand":1,"DemandMax":null,"Value":3800},{"Length":31,"Height":42,"Demand":1,"DemandMax":null,"Value":1302},{"Length":81,"Height":93,"Demand":1,"DemandMax":null,"Value":7533},{"Length":82,"Height":41,"Demand":1,"DemandMax":null,"Value":3362},{"Length":25,"Height":77,"Demand":1,"DemandMax":null,"Value":1925},{"Length":77,"Height":43,"Demand":1,"DemandMax":null,"Value":3311},{"Length":54,"Height":30,"Demand":1,"DemandMax":null,"Value":1620},{"Length":99,"Height":79,"Demand":1,"DemandMax":null,"Value":7821},{"Length":77,"Height":34,"Demand":1,"DemandMax":null,"Value":2618},{"Length":31,"Height":60,"Demand":1,"DemandMax":null,"Value":1860},{"Length":27,"Height":49,"Demand":1,"DemandMax":null,"Value":1323},{"Length":81,"Height":67,"Demand":1,"DemandMax":null,"Value":5427},{"Length":86,"Height":57,"Demand":1,"DemandMax":null,"Value":4902},{"Length":34,"Height":60,"Demand":1,"DemandMax":null,"Value":2040},{"Length":90,"Height":67,"Demand":1,"DemandMax":null,"Value":6030},{"Length":72,"Height":96,"Demand":1,"DemandMax":null,"Value":6912},{"Length":45,"Height":38,"Demand":1,"DemandMax":null,"Value":1710},{"Length":28,"Height":34,"Demand":1,"DemandMax":null,"Value":952},{"Length":61,"Height":27,"Demand":1,"DemandMax":null,"Value":1647},{"Length":61,"Height":58,"Demand":1,"DemandMax":null,"Value":3538},{"Length":45,"Height":43,"Demand":1,"DemandMax":null,"Value":1935},{"Length":55,"Height":75,"Demand":1,"DemandMax":null,"Value":4125},{"Length":82,"Height":44,"Demand":1,"DemandMax":null,"Value":3608},{"Length":67,"Height":94,"Demand":1,"DemandMax":null,"Value":6298},{"Length":53,"Height":89,"Demand":1,"DemandMax":null,"Value":4717},{"Length":31,"Height":73,"Demand":1,"DemandMax":null,"Value":2263},{"Length":93,"Height":36,"Demand":1,"DemandMax":null,"Value":3348},{"Length":56,"Height":71,"Demand":1,"DemandMax":null,"Value":3976},{"Length":49,"Height":96,"Demand":1,"DemandMax":null,"Value":4704},{"Length":63,"Height":94,"Demand":1,"DemandMax":null,"Value":5922},{"Length":94,"Height":31,"Demand":1,"DemandMax":null,"Value":2914},{"Length":84,"Height":47,"Demand":1,"DemandMax":null,"Value":3948},{"Length":74,"Height":84,"Demand":1,"DemandMax":null,"Value":6216},{"Length":57,"Height":35,"Demand":1,"DemandMax":null,"Value":1995},{"Length":48,"Height":40,"Demand":1,"DemandMax":null,"Value":1920},{"Length":90,"Height":41,"Demand":1,"DemandMax":null,"Value":3690},{"Length":99,"Height":81,"Demand":1,"DemandMax":null,"Value":8019},{"Length":92,"Height":75,"Demand":1,"DemandMax":null,"Value":6900},{"Length":35,"Height":40,"Demand":1,"DemandMax":null,"Value":1400},{"Length":71,"Height":94,"Demand":1,"DemandMax":null,"Value":6674},{"Length":65,"Height":77,"Demand":1,"DemandMax":null,"Value":5005},{"Length":60,"Height":81,"Demand":1,"DemandMax":null,"Value":4860},{"Length":47,"Height":74,"Demand":1,"DemandMax":null,"Value":3478},{"Length":42,"Height":46,"Demand":1,"DemandMax":null,"Value":1932},{"Length":89,"Height":89,"Demand":1,"DemandMax":null,"Value":7921},{"Length":27,"Height":95,"Demand":1,"DemandMax":null,"Value":2565},{"Length":99,"Height":56,"Demand":1,"DemandMax":null,"Value":5544},{"Length":47,"Height":64,"Demand":1,"DemandMax":null,"Value":3008},{"Length":87,"Height":84,"Demand":1,"DemandMax":null,"Value":7308},{"Length":85,"Height":34,"Demand":1,"DemandMax":null,"Value":2890},{"Length":85,"Height":80,"Demand":1,"DemandMax":null,"Value":6800},{"Length":76,"Height":39,"Demand":1,"DemandMax":null,"Value":2964},{"Length":76,"Height":53,"Demand":1,"DemandMax":null,"Value":4028},{"Length":52,"Height":64,"Demand":1,"DemandMax":null,"Value":3328},{"Length":69,"Height":37,"Demand":1,"DemandMax":null,"Value":2553},{"Length":71,"Height":40,"Demand":1,"DemandMax":null,"Value":2840},{"Length":98,"Height":89,"Demand":1,"DemandMax":null,"Value":8722},{"Length":67,"Height":76,"Demand":1,"DemandMax":null,"Value":5092},{"Length":70,"Height":68,"Demand":1,"DemandMax":null,"Value":4760},{"Length":74,"Height":81,"Demand":1,"DemandMax":null,"Value":5994},{"Length":69,"Height":82,"Demand":1,"DemandMax":null,"Value":5658},{"Length":74,"Height":63,"Demand":1,"DemandMax":null,"Value":4662},{"Length":54,"Height":40,"Demand":1,"DemandMax":null,"Value":2160},{"Length":76,"Height":55,"Demand":1,"DemandMax":null,"Value":4180},{"Length":82,"Height":100,"Demand":1,"DemandMax":null,"Value":8200},{"Length":38,"Height":41,"Demand":1,"DemandMax":null,"Value":1558},{"Length":87,"Height":70,"Demand":1,"DemandMax":null,"Value":6090},{"Length":94,"Height":29,"Demand":1,"DemandMax":null,"Value":2726},{"Length":27,"Height":84,"Demand":1,"DemandMax":null,"Value":2268},{"Length":27,"Height":52,"Demand":1,"DemandMax":null,"Value":1404},{"Length":36,"Height":74,"Demand":1,"DemandMax":null,"Value":2664},{"Length":96,"Height":93,"Demand":1,"DemandMax":null,"Value":8928},{"Length":47,"Height":75,"Demand":1,"DemandMax":null,"Value":3525},{"Length":57,"Height":87,"Demand":1,"DemandMax":null,"Value":4959},{"Length":93,"Height":70,"Demand":1,"DemandMax":null,"Value":6510},{"Length":71,"Height":66,"Demand":1,"DemandMax":null,"Value":4686},{"Length":83,"Height":66,"Demand":1,"DemandMax":null,"Value":5478},{"Length":95,"Height":88,"Demand":1,"DemandMax":null,"Value":8360},{"Length":100,"Height":98,"Demand":1,"DemandMax":null,"Value":9800},{"Length":38,"Height":87,"Demand":1,"DemandMax":null,"Value":3306},{"Length":27,"Height":73,"Demand":1,"DemandMax":null,"Value":1971},{"Length":58,"Height":97,"Demand":1,"DemandMax":null,"Value":5626},{"Length":72,"Height":76,"Demand":1,"DemandMax":null,"Value":5472},{"Length":37,"Height":25,"Demand":1,"DemandMax":null,"Value":925},{"Length":95,"Height":63,"Demand":1,"DemandMax":null,"Value":5985},{"Length":36,"Height":31,"Demand":1,"DemandMax":null,"Value":1116},{"Length":53,"Height":94,"Demand":1,"DemandMax":null,"Value":4982},{"Length":61,"Height":71,"Demand":1,"DemandMax":null,"Value":4331},{"Length":79,"Height":28,"Demand":1,"DemandMax":null,"Value":2212},{"Length":72,"Height":55,"Demand":1,"DemandMax":null,"Value":3960}]}