{"Name":"SPIEKSMA06_200_02","Objects":[{"Length":150,"Height":150,"Stock":null,"Cost":22500}],"Items":[{"Length":27,"Height":77,"Demand":1,"DemandMax":null,"Value":2079},{"Length":88,"Height":24,"Demand":1,"DemandMax":null,"Value":2112},{"Length":79,"Height":30,"Demand":1,"DemandMax":null,"Value":2370},{"Length":43,"Height":32,"Demand":1,"DemandMax":null,"Value":1376},{"Length":53,"Height":74,"Demand":1,"DemandMax":null,"Value":3922},{"Length":45,"Height":67,"Demand":1,"DemandMax":null,"Value":3015},{"Length":65,"Height":30,"Demand":1,"DemandMax":null,"Value":1950},{"Length":23,"Height":87,"Demand":1,"DemandMax":null,"Value":2001},{"Length":97,"Height":69,"Demand":1,"DemandMax":null,"Value":6693},{"Length":91,"Height":74,"Demand":1,"DemandMax":null,"Value":6734},{"Length":77,"Height":66,"Demand":1,"DemandMax":null,"Value":5082},{"Length":73,"Height":36,"Demand":1,"DemandMax":null,"Value":2628},{"Length":42,"Height":82,"Demand":1,"DemandMax":null,"Value":3444},{"Length":56,"Height":89,"Demand":1,"DemandMax":null,"Value":4984},{"Length":53,"Height":47,"Demand":1,"DemandMax":null,"Value":2491},{"Length":77,"Height":55,"Demand":1,"DemandMax":null,"Value":4235},{"Length":40,"Height":77,"Demand":1,"DemandMax":null,"Value":3080},{"Length":38,"Height":24,"Demand":1,"DemandMax":null,"Value":912},{"Length":38,"Height":73,"Demand":1,"DemandMax":null,"Value":2774},{"Length":28,"Height":29,"Demand":1,"DemandMax":null,"Value":812},{"Length":28,"Height":44,"Demand":1,"DemandMax":null,"Value":1232},{"Length":82,"Height":55,"Demand":1,"DemandMax":null,"Value":4510},{"Length":21,"Height":27,"Demand":1,"DemandMax":null,"Value":567},{"Length":23,"Height":30,"Demand":1,"DemandMax":null,"Value":690},{"Length":52,"Height":82,"Demand":1,"DemandMax":null,"Value":4264},{"Length":99,"Height":68,"Demand":1,"DemandMax":null,"Value":6732},{"Length":22,"Height":60,"Demand":1,"DemandMax":null,"Value":1320},{"Length":26,"Height":74,"Demand":1,"DemandMax":null,"Value":1924},{"Length":21,"Height":75,"Demand":1,"DemandMax":null,"Value":1575},{"Length":26,"Height":54,"Demand":1,"DemandMax":null,"Value":1404},{"Length":85,"Height":30,"Demand":1,"DemandMax":null,"Value":2550},{"Length":28,"Height":46,"Demand":1,"DemandMax":null,"Value":1288},{"Length":35,"Height":94,"Demand":1,"DemandMax":null,"Value":3290},{"Length":68,"Height":31,"Demand":1,"DemandMax":null,"Value":2108},{"Length":40,"Height":62,"Demand":1,"DemandMax":null,"Value":2480},{"Length":48,"Height":98,"Demand":1,"DemandMax":null,"Value":4704},{"Length":57,"Height":76,"Demand":1,"DemandMax":null,"Value":4332},{"Length":57,"Height":42,"Demand":1,"DemandMax":null,"Value":2394},{"Length":66,"Height":66,"Demand":1,"DemandMax":null,"Value":4356},{"Length":49,"Height":87,"Demand":1,"DemandMax":null,"Value":4263},{"Length":78,"Height":67,"Demand":2,"DemandMax":null,"Value":5226},{"Length":89,"Height":80,"Demand":1,"DemandMax":null,"Value":7120},{"Length":47,"Height":62,"Demand":1,"DemandMax":null,"Value":2914},{"Length":23,"Height":57,"Demand":1,"DemandMax":null,"Value":1311},{"Length":36,"Height":58,"Demand":1,"DemandMax":null,"Value":2088},{"Length":49,"Height":81,"Demand":1,"DemandMax":null,"Value":3969},{"Length":54,"Height":92,"Demand":1,"DemandMax":null,"Value":4968},{"Length":68,"Height":81,"Demand":1,"DemandMax":null,"Value":5508},{"Length":56,"Height":66,"Demand":1,"DemandMax":null,"Value":3696},{"Length":89,"Height":91,"Demand":1,"DemandMax":null,"Value":8099},{"Length":24,"Height":68,"Demand":1,"DemandMax":null,"Value":1632},{"Length":67,"Height":94,"Demand":1,"DemandMax":null,"Value":6298},{"Length":48,"Height":55,"Demand":1,"DemandMax":null,"Value":2640},{"Length":66,"Height":20,"Demand":1,"DemandMax":null,"Value":1320},{"Length":83,"Height":88,"Demand":1,"DemandMax":null,"Value":7304},{"Length":93,"Height":63,"Demand":1,"DemandMax":null,"Value":5859},{"Length":32,"Height":97,"Demand":1,"DemandMax":null,"Value":3104},{"Length":24,"Height":46,"Demand":1,"DemandMax":null,"Value":1104},{"Length":62,"Height":36,"Demand":1,"DemandMax":null,"Value":2232},{"Length":82,"Height":58,"Demand":1,"DemandMax":null,"Value":4756},{"Length":50,"Height":49,"Demand":1,"DemandMax":null,"Value":2450},{"Length":36,"Height":54,"Demand":1,"DemandMax":null,"Value":1944},{"Length":57,"Height":64,"Demand":1,"DemandMax":null,"Value":3648},{"Length":80,"Height":97,"Demand":1,"DemandMax":null,"Value":7760},{"Length":94,"Height":37,"Demand":1,"DemandMax":null,"Value":3478},{"Length":37,"Height":35,"Demand":1,"DemandMax":null,"Value":1295},{"Length":35,"Height":29,"Demand":1,"DemandMax":null,"Value":1015},{"Length":77,"Height":64,"Demand":1,"DemandMax":null,"Value":4928},{"Length":22,"Height":50,"Demand":1,"DemandMax":null,"Value":1100},{"Length":74,"Height":86,"Demand":1,"DemandMax":null,"Value":6364},{"Length":65,"Height":56,"Demand":1,"DemandMax":null,"Value":3640},{"Length":91,"Height":30,"Demand":1,"DemandMax":null,"Value":2730},{"Length":38,"Height":28,"Demand":1,"DemandMax":null,"Value":1064},{"Length":57,"Height":92,"Demand":1,"DemandMax":null,"Value":5244},{"Length":85,"Height":55,"Demand":1,"DemandMax":null,"Value":4675},{"Length":87,"Height":94,"Demand":1,"DemandMax":null,"Value":8178},{"Length":54,"Height":93,"Demand":1,"DemandMax":null,"Value":5022},{"Length":84,"Height":44,"Demand":1,"DemandMax":null,"Value":3696},{"Length":61,"Height":45,"Demand":1,"DemandMax":null,"Value":2745},{"Length":56,"Height":59,"Demand":1,"DemandMax":null,"Value":3304},{"Length":87,"Height":78,"Demand":1,"DemandMax":null,"Value":6786},{"Length":39,"Height":40,"Demand":1,"DemandMax":null,"Value":1560},{"Length":62,"Height":70,"Demand":1,"DemandMax":null,"Value":4340},{"Length":95,"Height":77,"Demand":1,"DemandMax":null,"Value":7315},{"Length":22,"Height":81,"Demand":1,"DemandMax":null,"Value":1782},{"Length":73,"Height":45,"Demand":1,"DemandMax":null,"Value":3285},{"Length":28,"Height":41,"Demand":1,"DemandMax":null,"Value":1148},{"Length":89,"Height":86,"Demand":1,"DemandMax":null,"Value":7654},{"Length":89,"Height":65,"Demand":1,"DemandMax":null,"Value":5785},{"Length":45,"Height":49,"Demand":1,"DemandMax":null,"Value":2205},{"Length":81,"Height":55,"Demand":1,"DemandMax":null,"Value":4455},{"Length":29,"Height":49,"Demand":1,"DemandMax":null,"Value":1421},{"Length":67,"Height":21,"Demand":1,"DemandMax":null,"Value":1407},{"Length":78,"Height":69,"Demand":1,"DemandMax":null,"Value":5382},{"Length":54,"Height":78,"Demand":1,"DemandMax":null,"Value":4212},{"Length":93,"Height":39,"Demand":1,"DemandMax":null,"Value":3627},{"Length":80,"Height":48,"Demand":1,"DemandMax":null,"Value":3840},{"Length":84,"Height":72,"Demand":1,"DemandMax":null,"Value":6048},{"Length":45,"Height":21,"Demand":1,"DemandMax":null,"Value":945},{"Length":86,"Height":72,"Demand":1,"DemandMax":null,"Value":6192},{"Length":38,"Height":31,"Demand":1,"DemandMax":null,"Value":1178},{"Length":81,"Height":47,"Demand":1,"DemandMax":null,"Value":3807},{"Length":97,"Height":60,"Demand":1,"DemandMax":null,"Value":5820},{"Length":77,"Height":34,"Demand":1,"DemandMax":null,"Value":2618},{"Length":41,"Height":39,"Demand":1,"DemandMax":null,"Value":1599},{"Length":32,"Height":93,"Demand":1,"DemandMax":null,"Value":2976},{"Length":41,"Height":82,"Demand":1,"DemandMax":null,"Value":3362},{"Length":86,"Height":75,"Demand":1,"DemandMax":null,"Value":6450},{"Length":52,"Height":91,"Demand":1,"DemandMax":null,"Value":4732},{"Length":90,"Height":94,"Demand":1,"DemandMax":null,"Value":8460},{"Length":56,"Height":76,"Demand":1,"DemandMax":null,"Value":4256},{"Length":77,"Height":53,"Demand":1,"DemandMax":null,"Value":4081},{"Length":63,"Height":71,"Demand":1,"DemandMax":null,"Value":4473},{"Length":31,"Height":41,"Demand":1,"DemandMax":null,"Value":1271},{"Length":27,"Height":60,"Demand":1,"DemandMax":null,"Value":1620},{"Length":40,"Height":93,"Demand":1,"DemandMax":null,"Value":3720},{"Length":90,"Height":51,"Demand":1,"DemandMax":null,"Value":4590},{"Length":61,"Height":32,"Demand":1,"DemandMax":null,"Value":1952},{"Length":23,"Height":79,"Demand":1,"DemandMax":null,"Value":1817},{"Length":74,"Height":26,"Demand":1,"DemandMax":null,"Value":1924},{"Length":99,"Height":48,"Demand":1,"DemandMax":null,"Value":4752},{"Length":90,"Height":31,"Demand":1,"DemandMax":null,"Value":2790},{"Length":63,"Height":45,"Demand":1,"DemandMax":null,"Value":2835},{"Length":63,"Height":29,"Demand":1,"DemandMax":null,"Value":1827},{"Length":81,"Height":26,"Demand":1,"DemandMax":null,"Value":2106},{"Length":56,"Height":29,"Demand":1,"DemandMax":null,"Value":1624},{"Length":31,"Height":54,"Demand":1,"DemandMax":null,"Value":1674},{"Length":54,"Height":58,"Demand":1,"DemandMax":null,"Value":3132},{"Length":84,"Height":45,"Demand":1,"DemandMax":null,"Value":3780},{"Length":79,"Height":72,"Demand":1,"DemandMax":null,"Value":5688},{"Length":57,"Height":51,"Demand":1,"DemandMax":null,"Value":2907},{"Length":61,"Height":80,"Demand":1,"DemandMax":null,"Value":4880},{"Length":85,"Height":42,"Demand":1,"DemandMax":null,"Value":3570},{"Length":64,"Height":89,"Demand":1,"DemandMax":null,"Value":5696},{"Length":44,"Height":79,"Demand":1,"DemandMax":null,"Value":3476},{"Length":95,"Height":56,"Demand":1,"DemandMax":null,"Value":5320},{"Length":76,"Height":92,"Demand":1,"DemandMax":null,"Value":6992},{"Length":30,"Height":43,"Demand":1,"DemandMax":null,"Value":1290},{"Length":30,"Height":36,"Demand":1,"DemandMax":null,"Value":1080},{"Length":92,"Height":59,"Demand":1,"DemandMax":null,"Value":5428},{"Length":22,"Height":52,"Demand":1,"DemandMax":null,"Value":1144},{"Length":50,"Height":59,"Demand":1,"DemandMax":null,"Value":2950},{"Length":34,"Height":71,"Demand":1,"DemandMax":null,"Value":2414},{"Length":98,"Height":26,"Demand":1,"DemandMax":null,"Value":2548},{"Length":74,"Height":48,"Demand":1,"DemandMax":null,"Value":3552},{"Length":60,"Height":48,"Demand":1,"DemandMax":null,"Value":2880},{"Length":99,"Height":44,"Demand":1,"DemandMax":null,"Value":4356},{"Length":23,"Height":81,"Demand":1,"DemandMax":null,"Value":1863},{"Length":90,"Height":69,"Demand":2,"DemandMax":null,"Value":6210},{"Length":24,"Height":27,"Demand":1,"DemandMax":null,"Value":648},{"Length":57,"Height":79,"Demand":1,"DemandMax":null,"Value":4503},{"Length":45,"Height":55,"Demand":1,"DemandMax":null,"Value":2475},{"Length":34,"Height":55,"Demand":1,"DemandMax":null,"Value":1870},{"Length":95,"Height":41,"Demand":1,"DemandMax":null,"Value":3895},{"Length":85,"Height":86,"Demand":1,"DemandMax":null,"Value":7310},{"Length":49,"Height":47,"Demand":1,"DemandMax":null,"Value":2303},{"Length":58,"Height":48,"Demand":1,"DemandMax":null,"Value":2784},{"Length":50,"Height":82,"Demand":1,"DemandMax":null,"Value":4100},{"Length":69,"Height":84,"Demand":1,"DemandMax":null,"Value":5796},{"Length":26,"Height":20,"Demand":1,"DemandMax":null,"Value":520},{"Length":99,"Height":42,"Demand":1,"DemandMax":null,"Value":4158},{"Length":93,"Height":86,"Demand":1,"DemandMax":null,"Value":7998},{"Length":78,"Height":37,"Demand":1,"DemandMax":null,"Value":2886},{"Length":73,"Height":46,"Demand":1,"DemandMax":null,"Value":3358},{"Length":42,"Height":52,"Demand":1,"DemandMax":null,"Value":2184},{"Length":55,"Height":98,"Demand":1,"DemandMax":null,"Value":5390},{"Length":52,"Height":96,"Demand":1,"DemandMax":null,"Value":4992},{"Length":75,"Height":63,"Demand":1,"DemandMax":null,"Value":4725},{"Length":37,"Height":44,"Demand":1,"DemandMax":null,"Value":1628},{"Length":35,"Height":30,"Demand":1,"DemandMax":null,"Value":1050},{"Length":33,"Height":38,"Demand":1,"DemandMax":null,"Value":1254},{"Length":23,"Height":34,"Demand":1,"DemandMax":null,"Value":782},{"Length":23,"Height":88,"Demand":1,"DemandMax":null,"Value":2024},{"Length":76,"Height":59,"Demand":1,"DemandMax":null,"Value":4484},{"Length":95,"Height":69,"Demand":1,"DemandMax":null,"Value":6555},{"Length":96,"Height":32,"Demand":1,"DemandMax":null,"Value":3072},{"Length":44,"Height":44,"Demand":1,"DemandMax":null,"Value":1936},{"Length":93,"Height":100,"Demand":1,"DemandMax":null,"Value":9300},{"Length":96,"Height":73,"Demand":1,"DemandMax":null,"Value":7008},{"Length":91,"Height":34,"Demand":1,"DemandMax":null,"Value":3094},{"Length":95,"Height":53,"Demand":1,"DemandMax":null,"Value":5035},{"Length":73,"Height":67,"Demand":1,"DemandMax":null,"Value":4891},{"Length":96,"Height":43,"Demand":1,"DemandMax":null,"Value":4128},{"Length":21,"Height":50,"Demand":1,"DemandMax":null,"Value":1050},{"Length":54,"Height":26,"Demand":1,"DemandMax":null,"Value":1404},{"Length":25,"Height":97,"Demand":1,"DemandMax":null,"Value":2425},{"Length":33,"Height":92,"Demand":1,"DemandMax":null,"Value":3036},{"Length":40,"Height":30,"Demand":1,"DemandMax":null,"Value":1200},{"Length":40,"Height":35,"Demand":1,"DemandMax":null,"Value":1400},{"Length":49,"Height":99,"Demand":1,"DemandMax":null,"Value":4851},{"Length":31,"Height":78,"Demand":1,"DemandMax":null,"Value":2418},{"Length":59,"Height":98,"Demand":1,"DemandMax":null,"Value":5782},{"Length":69,"Height":70,"Demand":1,"DemandMax":null,"Value":4830},{"Length":27,"Height":91,"Demand":1,"DemandMax":null,"Value":2457},{"Length":82,"Height":46,"Demand":1,"DemandMax":null,"Value":3772},{"Length":94,"Height":86,"Demand":1,"DemandMax":null,"Value":8084},{"Length":27,"Height":69,"Demand":1,"DemandMax":null,"Value":1863},{"Length":31,"Height":39,"Demand":1,"DemandMax":null,"Value":1209}]}