{"Name":"SPIEKSMA01_25_08","Objects":[{"Length":1000,"Height":1000,"Stock":null,"Cost":1000000}],"Items":[{"Length":353,"Height":388,"Demand":1,"DemandMax":null,"Value":136964},{"Length":285,"Height":367,"Demand":1,"DemandMax":null,"Value":104595},{"Length":303,"Height":314,"Demand":1,"DemandMax":null,"Value":95142},{"Length":272,"Height":297,"Demand":1,"DemandMax":null,"Value":80784},{"Length":160,"Height":182,"Demand":1,"DemandMax":null,"Value":29120},{"Length":334,"Height":236,"Demand":1,"DemandMax":null,"Value":78824},{"Length":359,"Height":225,"Demand":1,"DemandMax":null,"Value":80775},{"Length":203,"Height":315,"Demand":1,"DemandMax":null,"Value":63945},{"Length":232,"Height":175,"Demand":1,"DemandMax":null,"Value":40600},{"Length":313,"Height":169,"Demand":1,"DemandMax":null,"Value":52897},{"Length":113,"Height":166,"Demand":1,"DemandMax":null,"Value":18758},{"Length":298,"Height":131,"Demand":1,"DemandMax":null,"Value":39038},{"Length":135,"Height":132,"Demand":1,"DemandMax":null,"Value":17820},{"Length":191,"Height":334,"Demand":1,"DemandMax":null,"Value":63794},{"Length":232,"Height":105,"Demand":1,"DemandMax":null,"Value":24360},{"Length":125,"Height":111,"Demand":1,"DemandMax":null,"Value":13875},{"Length":136,"Height":220,"Demand":1,"DemandMax":null,"Value":29920},{"Length":333,"Height":396,"Demand":1,"DemandMax":null,"Value":131868},{"Length":281,"Height":109,"Demand":1,"DemandMax":null,"Value":30629},{"Length":249,"Height":123,"Demand":1,"DemandMax":null,"Value":30627},{"Length":301,"Height":105,"Demand":1,"DemandMax":null,"Value":31605},{"Length":306,"Height":123,"Demand":1,"DemandMax":null,"Value":37638},{"Length":229,"Height":343,"Demand":1,"DemandMax":null,"Value":78547},{"Length":137,"Height":132,"Demand":1,"DemandMax":null,"Value":18084},{"Length":198,"Height":156,"Demand":1,"DemandMax":null,"Value":30888}]}