{"Name":"SPIEKSMA06_50_03","Objects":[{"Length":150,"Height":150,"Stock":null,"Cost":22500}],"Items":[{"Length":77,"Height":88,"Demand":1,"DemandMax":null,"Value":6776},{"Length":24,"Height":79,"Demand":1,"DemandMax":null,"Value":1896},{"Length":30,"Height":43,"Demand":1,"DemandMax":null,"Value":1290},{"Length":32,"Height":53,"Demand":1,"DemandMax":null,"Value":1696},{"Length":74,"Height":45,"Demand":1,"DemandMax":null,"Value":3330},{"Length":67,"Height":65,"Demand":1,"DemandMax":null,"Value":4355},{"Length":30,"Height":23,"Demand":1,"DemandMax":null,"Value":690},{"Length":87,"Height":97,"Demand":1,"DemandMax":null,"Value":8439},{"Length":69,"Height":91,"Demand":1,"DemandMax":null,"Value":6279},{"Length":74,"Height":77,"Demand":1,"DemandMax":null,"Value":5698},{"Length":66,"Height":73,"Demand":1,"DemandMax":null,"Value":4818},{"Length":36,"Height":42,"Demand":1,"DemandMax":null,"Value":1512},{"Length":82,"Height":56,"Demand":1,"DemandMax":null,"Value":4592},{"Length":89,"Height":53,"Demand":1,"DemandMax":null,"Value":4717},{"Length":47,"Height":77,"Demand":1,"DemandMax":null,"Value":3619},{"Length":55,"Height":40,"Demand":1,"DemandMax":null,"Value":2200},{"Length":77,"Height":38,"Demand":1,"DemandMax":null,"Value":2926},{"Length":24,"Height":38,"Demand":1,"DemandMax":null,"Value":912},{"Length":73,"Height":28,"Demand":1,"DemandMax":null,"Value":2044},{"Length":29,"Height":28,"Demand":1,"DemandMax":null,"Value":812},{"Length":44,"Height":82,"Demand":1,"DemandMax":null,"Value":3608},{"Length":55,"Height":21,"Demand":1,"DemandMax":null,"Value":1155},{"Length":27,"Height":23,"Demand":1,"DemandMax":null,"Value":621},{"Length":30,"Height":52,"Demand":1,"DemandMax":null,"Value":1560},{"Length":82,"Height":99,"Demand":1,"DemandMax":null,"Value":8118},{"Length":68,"Height":22,"Demand":1,"DemandMax":null,"Value":1496},{"Length":60,"Height":26,"Demand":1,"DemandMax":null,"Value":1560},{"Length":74,"Height":21,"Demand":1,"DemandMax":null,"Value":1554},{"Length":75,"Height":26,"Demand":1,"DemandMax":null,"Value":1950},{"Length":54,"Height":85,"Demand":1,"DemandMax":null,"Value":4590},{"Length":30,"Height":28,"Demand":1,"DemandMax":null,"Value":840},{"Length":46,"Height":35,"Demand":1,"DemandMax":null,"Value":1610},{"Length":94,"Height":68,"Demand":1,"DemandMax":null,"Value":6392},{"Length":31,"Height":40,"Demand":1,"DemandMax":null,"Value":1240},{"Length":62,"Height":48,"Demand":1,"DemandMax":null,"Value":2976},{"Length":98,"Height":57,"Demand":1,"DemandMax":null,"Value":5586},{"Length":76,"Height":57,"Demand":1,"DemandMax":null,"Value":4332},{"Length":42,"Height":66,"Demand":1,"DemandMax":null,"Value":2772},{"Length":66,"Height":49,"Demand":1,"DemandMax":null,"Value":3234},{"Length":87,"Height":78,"Demand":1,"DemandMax":null,"Value":6786},{"Length":67,"Height":89,"Demand":1,"DemandMax":null,"Value":5963},{"Length":80,"Height":47,"Demand":1,"DemandMax":null,"Value":3760},{"Length":62,"Height":23,"Demand":1,"DemandMax":null,"Value":1426},{"Length":57,"Height":36,"Demand":1,"DemandMax":null,"Value":2052},{"Length":58,"Height":49,"Demand":1,"DemandMax":null,"Value":2842},{"Length":81,"Height":54,"Demand":1,"DemandMax":null,"Value":4374},{"Length":92,"Height":68,"Demand":1,"DemandMax":null,"Value":6256},{"Length":81,"Height":56,"Demand":1,"DemandMax":null,"Value":4536},{"Length":66,"Height":89,"Demand":1,"DemandMax":null,"Value":5874},{"Length":91,"Height":24,"Demand":1,"DemandMax":null,"Value":2184}]}