{"Name":"SPIEKSMA05_100_06","Objects":[{"Length":1000,"Height":1000,"Stock":null,"Cost":1000000}],"Items":[{"Length":80,"Height":34,"Demand":1,"DemandMax":null,"Value":2720},{"Length":47,"Height":36,"Demand":1,"DemandMax":null,"Value":1692},{"Length":56,"Height":75,"Demand":1,"DemandMax":null,"Value":4200},{"Length":49,"Height":69,"Demand":1,"DemandMax":null,"Value":3381},{"Length":67,"Height":35,"Demand":1,"DemandMax":null,"Value":2345},{"Length":28,"Height":88,"Demand":1,"DemandMax":null,"Value":2464},{"Length":97,"Height":71,"Demand":1,"DemandMax":null,"Value":6887},{"Length":92,"Height":76,"Demand":1,"DemandMax":null,"Value":6992},{"Length":79,"Height":68,"Demand":1,"DemandMax":null,"Value":5372},{"Length":74,"Height":40,"Demand":1,"DemandMax":null,"Value":2960},{"Length":46,"Height":83,"Demand":1,"DemandMax":null,"Value":3818},{"Length":59,"Height":90,"Demand":1,"DemandMax":null,"Value":5310},{"Length":56,"Height":51,"Demand":1,"DemandMax":null,"Value":2856},{"Length":79,"Height":58,"Demand":1,"DemandMax":null,"Value":4582},{"Length":44,"Height":78,"Demand":1,"DemandMax":null,"Value":3432},{"Length":42,"Height":28,"Demand":1,"DemandMax":null,"Value":1176},{"Length":41,"Height":75,"Demand":1,"DemandMax":null,"Value":3075},{"Length":33,"Height":34,"Demand":1,"DemandMax":null,"Value":1122},{"Length":33,"Height":48,"Demand":1,"DemandMax":null,"Value":1584},{"Length":84,"Height":58,"Demand":1,"DemandMax":null,"Value":4872},{"Length":26,"Height":31,"Demand":1,"DemandMax":null,"Value":806},{"Length":28,"Height":34,"Demand":1,"DemandMax":null,"Value":952},{"Length":55,"Height":83,"Demand":1,"DemandMax":null,"Value":4565},{"Length":99,"Height":70,"Demand":1,"DemandMax":null,"Value":6930},{"Length":27,"Height":62,"Demand":1,"DemandMax":null,"Value":1674},{"Length":31,"Height":75,"Demand":1,"DemandMax":null,"Value":2325},{"Length":26,"Height":76,"Demand":1,"DemandMax":null,"Value":1976},{"Length":31,"Height":57,"Demand":1,"DemandMax":null,"Value":1767},{"Length":86,"Height":34,"Demand":1,"DemandMax":null,"Value":2924},{"Length":33,"Height":49,"Demand":1,"DemandMax":null,"Value":1617},{"Length":39,"Height":94,"Demand":1,"DemandMax":null,"Value":3666},{"Length":70,"Height":35,"Demand":1,"DemandMax":null,"Value":2450},{"Length":44,"Height":64,"Demand":1,"DemandMax":null,"Value":2816},{"Length":51,"Height":98,"Demand":1,"DemandMax":null,"Value":4998},{"Length":59,"Height":78,"Demand":1,"DemandMax":null,"Value":4602},{"Length":59,"Height":46,"Demand":1,"DemandMax":null,"Value":2714},{"Length":68,"Height":69,"Demand":1,"DemandMax":null,"Value":4692},{"Length":52,"Height":88,"Demand":1,"DemandMax":null,"Value":4576},{"Length":79,"Height":70,"Demand":1,"DemandMax":null,"Value":5530},{"Length":89,"Height":81,"Demand":1,"DemandMax":null,"Value":7209},{"Length":50,"Height":64,"Demand":1,"DemandMax":null,"Value":3200},{"Length":28,"Height":60,"Demand":1,"DemandMax":null,"Value":1680},{"Length":40,"Height":61,"Demand":1,"DemandMax":null,"Value":2440},{"Length":52,"Height":82,"Demand":1,"DemandMax":null,"Value":4264},{"Length":57,"Height":92,"Demand":1,"DemandMax":null,"Value":5244},{"Length":70,"Height":82,"Demand":1,"DemandMax":null,"Value":5740},{"Length":59,"Height":68,"Demand":1,"DemandMax":null,"Value":4012},{"Length":89,"Height":92,"Demand":1,"DemandMax":null,"Value":8188},{"Length":29,"Height":70,"Demand":1,"DemandMax":null,"Value":2030},{"Length":69,"Height":95,"Demand":1,"DemandMax":null,"Value":6555},{"Length":52,"Height":58,"Demand":1,"DemandMax":null,"Value":3016},{"Length":68,"Height":25,"Demand":1,"DemandMax":null,"Value":1700},{"Length":84,"Height":89,"Demand":1,"DemandMax":null,"Value":7476},{"Length":93,"Height":66,"Demand":1,"DemandMax":null,"Value":6138},{"Length":36,"Height":97,"Demand":1,"DemandMax":null,"Value":3492},{"Length":29,"Height":50,"Demand":1,"DemandMax":null,"Value":1450},{"Length":64,"Height":40,"Demand":1,"DemandMax":null,"Value":2560},{"Length":83,"Height":61,"Demand":1,"DemandMax":null,"Value":5063},{"Length":53,"Height":52,"Demand":1,"DemandMax":null,"Value":2756},{"Length":40,"Height":57,"Demand":1,"DemandMax":null,"Value":2280},{"Length":60,"Height":66,"Demand":1,"DemandMax":null,"Value":3960},{"Length":81,"Height":97,"Demand":1,"DemandMax":null,"Value":7857},{"Length":94,"Height":41,"Demand":1,"DemandMax":null,"Value":3854},{"Length":41,"Height":39,"Demand":1,"DemandMax":null,"Value":1599},{"Length":39,"Height":34,"Demand":1,"DemandMax":null,"Value":1326},{"Length":78,"Height":66,"Demand":1,"DemandMax":null,"Value":5148},{"Length":27,"Height":53,"Demand":1,"DemandMax":null,"Value":1431},{"Length":76,"Height":87,"Demand":1,"DemandMax":null,"Value":6612},{"Length":67,"Height":58,"Demand":1,"DemandMax":null,"Value":3886},{"Length":92,"Height":35,"Demand":1,"DemandMax":null,"Value":3220},{"Length":42,"Height":32,"Demand":1,"DemandMax":null,"Value":1344},{"Length":60,"Height":93,"Demand":1,"DemandMax":null,"Value":5580},{"Length":86,"Height":58,"Demand":1,"DemandMax":null,"Value":4988},{"Length":88,"Height":94,"Demand":1,"DemandMax":null,"Value":8272},{"Length":57,"Height":94,"Demand":1,"DemandMax":null,"Value":5358},{"Length":85,"Height":48,"Demand":1,"DemandMax":null,"Value":4080},{"Length":63,"Height":48,"Demand":1,"DemandMax":null,"Value":3024},{"Length":59,"Height":62,"Demand":1,"DemandMax":null,"Value":3658},{"Length":88,"Height":80,"Demand":1,"DemandMax":null,"Value":7040},{"Length":43,"Height":44,"Demand":1,"DemandMax":null,"Value":1892},{"Length":65,"Height":72,"Demand":1,"DemandMax":null,"Value":4680},{"Length":95,"Height":79,"Demand":1,"DemandMax":null,"Value":7505},{"Length":27,"Height":82,"Demand":1,"DemandMax":null,"Value":2214},{"Length":75,"Height":48,"Demand":1,"DemandMax":null,"Value":3600},{"Length":32,"Height":44,"Demand":1,"DemandMax":null,"Value":1408},{"Length":90,"Height":87,"Demand":1,"DemandMax":null,"Value":7830},{"Length":90,"Height":67,"Demand":1,"DemandMax":null,"Value":6030},{"Length":48,"Height":52,"Demand":1,"DemandMax":null,"Value":2496},{"Length":82,"Height":58,"Demand":1,"DemandMax":null,"Value":4756},{"Length":34,"Height":52,"Demand":1,"DemandMax":null,"Value":1768},{"Length":69,"Height":26,"Demand":1,"DemandMax":null,"Value":1794},{"Length":79,"Height":71,"Demand":1,"DemandMax":null,"Value":5609},{"Length":57,"Height":80,"Demand":1,"DemandMax":null,"Value":4560},{"Length":94,"Height":42,"Demand":1,"DemandMax":null,"Value":3948},{"Length":81,"Height":52,"Demand":1,"DemandMax":null,"Value":4212},{"Length":85,"Height":74,"Demand":1,"DemandMax":null,"Value":6290},{"Length":48,"Height":26,"Demand":1,"DemandMax":null,"Value":1248},{"Length":87,"Height":74,"Demand":1,"DemandMax":null,"Value":6438},{"Length":42,"Height":35,"Demand":1,"DemandMax":null,"Value":1470},{"Length":82,"Height":51,"Demand":1,"DemandMax":null,"Value":4182}]}