{"Name":"SPIEKSMA02_50_07","Objects":[{"Length":1000,"Height":1000,"Stock":null,"Cost":1000000}],"Items":[{"Length":126,"Height":294,"Demand":1,"DemandMax":null,"Value":37044},{"Length":145,"Height":414,"Demand":1,"DemandMax":null,"Value":60030},{"Length":671,"Height":319,"Demand":1,"DemandMax":null,"Value":214049},{"Length":592,"Height":563,"Demand":1,"DemandMax":null,"Value":333296},{"Length":132,"Height":36,"Demand":1,"DemandMax":null,"Value":4752},{"Length":843,"Height":959,"Demand":1,"DemandMax":null,"Value":808437},{"Length":618,"Height":889,"Demand":1,"DemandMax":null,"Value":549402},{"Length":676,"Height":715,"Demand":1,"DemandMax":null,"Value":483340},{"Length":575,"Height":658,"Demand":1,"DemandMax":null,"Value":378350},{"Length":202,"Height":275,"Demand":1,"DemandMax":null,"Value":55550},{"Length":780,"Height":453,"Demand":1,"DemandMax":null,"Value":353340},{"Length":864,"Height":416,"Demand":1,"DemandMax":null,"Value":359424},{"Length":344,"Height":718,"Demand":1,"DemandMax":null,"Value":246992},{"Length":442,"Height":250,"Demand":1,"DemandMax":null,"Value":110500},{"Length":712,"Height":232,"Demand":1,"DemandMax":null,"Value":165184},{"Length":45,"Height":221,"Demand":1,"DemandMax":null,"Value":9945},{"Length":661,"Height":105,"Demand":1,"DemandMax":null,"Value":69405},{"Length":118,"Height":106,"Demand":1,"DemandMax":null,"Value":12508},{"Length":304,"Height":780,"Demand":1,"DemandMax":null,"Value":237120},{"Length":440,"Height":18,"Demand":1,"DemandMax":null,"Value":7920},{"Length":83,"Height":39,"Demand":1,"DemandMax":null,"Value":3237},{"Length":121,"Height":399,"Demand":1,"DemandMax":null,"Value":48279},{"Length":776,"Height":988,"Demand":1,"DemandMax":null,"Value":766688},{"Length":605,"Height":30,"Demand":1,"DemandMax":null,"Value":18150},{"Length":496,"Height":76,"Demand":1,"DemandMax":null,"Value":37696},{"Length":671,"Height":19,"Demand":1,"DemandMax":null,"Value":12749},{"Length":686,"Height":79,"Demand":1,"DemandMax":null,"Value":54194},{"Length":430,"Height":811,"Demand":1,"DemandMax":null,"Value":348730},{"Length":125,"Height":107,"Demand":1,"DemandMax":null,"Value":13375},{"Length":326,"Height":186,"Demand":1,"DemandMax":null,"Value":60636},{"Length":922,"Height":605,"Demand":1,"DemandMax":null,"Value":557810},{"Length":137,"Height":253,"Demand":1,"DemandMax":null,"Value":34661},{"Length":524,"Height":352,"Demand":1,"DemandMax":null,"Value":184448},{"Length":972,"Height":457,"Demand":1,"DemandMax":null,"Value":444204},{"Length":706,"Height":457,"Demand":1,"DemandMax":null,"Value":322642},{"Length":280,"Height":576,"Demand":1,"DemandMax":null,"Value":161280},{"Length":582,"Height":367,"Demand":1,"DemandMax":null,"Value":213594},{"Length":834,"Height":720,"Demand":1,"DemandMax":null,"Value":600480},{"Length":594,"Height":858,"Demand":1,"DemandMax":null,"Value":509652},{"Length":749,"Height":336,"Demand":1,"DemandMax":null,"Value":251664},{"Length":521,"Height":42,"Demand":1,"DemandMax":null,"Value":21882},{"Length":467,"Height":199,"Demand":1,"DemandMax":null,"Value":92933},{"Length":474,"Height":363,"Demand":1,"DemandMax":null,"Value":172062},{"Length":766,"Height":422,"Demand":1,"DemandMax":null,"Value":323252},{"Length":898,"Height":598,"Demand":1,"DemandMax":null,"Value":537004},{"Length":758,"Height":448,"Demand":1,"DemandMax":null,"Value":339584},{"Length":569,"Height":859,"Demand":1,"DemandMax":null,"Value":488771},{"Length":887,"Height":56,"Demand":1,"DemandMax":null,"Value":49672},{"Length":600,"Height":591,"Demand":1,"DemandMax":null,"Value":354600},{"Length":931,"Height":356,"Demand":1,"DemandMax":null,"Value":331436}]}