{"Name":"SPIEKSMA03_25_01","Objects":[{"Length":1000,"Height":1000,"Stock":null,"Cost":1000000}],"Items":[{"Length":330,"Height":250,"Demand":1,"DemandMax":null,"Value":82500},{"Length":630,"Height":710,"Demand":1,"DemandMax":null,"Value":447300},{"Length":234,"Height":641,"Demand":1,"DemandMax":null,"Value":149994},{"Length":275,"Height":376,"Demand":1,"DemandMax":null,"Value":103400},{"Length":287,"Height":448,"Demand":1,"DemandMax":null,"Value":128576},{"Length":602,"Height":391,"Demand":1,"DemandMax":null,"Value":235382},{"Length":555,"Height":537,"Demand":1,"DemandMax":null,"Value":298035},{"Length":279,"Height":221,"Demand":1,"DemandMax":null,"Value":61659},{"Length":706,"Height":775,"Demand":1,"DemandMax":null,"Value":547150},{"Length":571,"Height":733,"Demand":1,"DemandMax":null,"Value":418543},{"Length":606,"Height":629,"Demand":1,"DemandMax":null,"Value":381174},{"Length":545,"Height":595,"Demand":1,"DemandMax":null,"Value":324275},{"Length":321,"Height":365,"Demand":1,"DemandMax":null,"Value":117165},{"Length":668,"Height":472,"Demand":1,"DemandMax":null,"Value":315296},{"Length":718,"Height":449,"Demand":1,"DemandMax":null,"Value":322382},{"Length":406,"Height":631,"Demand":1,"DemandMax":null,"Value":256186},{"Length":465,"Height":349,"Demand":1,"DemandMax":null,"Value":162285},{"Length":627,"Height":339,"Demand":1,"DemandMax":null,"Value":212553},{"Length":226,"Height":332,"Demand":1,"DemandMax":null,"Value":75032},{"Length":597,"Height":262,"Demand":1,"DemandMax":null,"Value":156414},{"Length":271,"Height":263,"Demand":1,"DemandMax":null,"Value":71273},{"Length":382,"Height":668,"Demand":1,"DemandMax":null,"Value":255176},{"Length":464,"Height":210,"Demand":1,"DemandMax":null,"Value":97440},{"Length":249,"Height":223,"Demand":1,"DemandMax":null,"Value":55527},{"Length":272,"Height":439,"Demand":1,"DemandMax":null,"Value":119408}]}