{"Name":"SPIEKSMA08_50_09","Objects":[{"Length":150,"Height":150,"Stock":null,"Cost":22500}],"Items":[{"Length":32,"Height":82,"Demand":1,"DemandMax":null,"Value":2624},{"Length":74,"Height":39,"Demand":1,"DemandMax":null,"Value":2886},{"Length":67,"Height":48,"Demand":1,"DemandMax":null,"Value":3216},{"Length":30,"Height":80,"Demand":1,"DemandMax":null,"Value":2400},{"Length":87,"Height":32,"Demand":1,"DemandMax":null,"Value":2784},{"Length":69,"Height":49,"Demand":1,"DemandMax":null,"Value":3381},{"Length":74,"Height":43,"Demand":1,"DemandMax":null,"Value":3182},{"Length":66,"Height":50,"Demand":1,"DemandMax":null,"Value":3300},{"Length":36,"Height":76,"Demand":1,"DemandMax":null,"Value":2736},{"Length":82,"Height":32,"Demand":1,"DemandMax":null,"Value":2624},{"Length":89,"Height":25,"Demand":1,"DemandMax":null,"Value":2225},{"Length":47,"Height":70,"Demand":1,"DemandMax":null,"Value":3290},{"Length":55,"Height":57,"Demand":1,"DemandMax":null,"Value":3135},{"Length":77,"Height":35,"Demand":1,"DemandMax":null,"Value":2695},{"Length":24,"Height":88,"Demand":1,"DemandMax":null,"Value":2112},{"Length":73,"Height":38,"Demand":1,"DemandMax":null,"Value":2774},{"Length":29,"Height":82,"Demand":1,"DemandMax":null,"Value":2378},{"Length":44,"Height":73,"Demand":1,"DemandMax":null,"Value":3212},{"Length":55,"Height":55,"Demand":1,"DemandMax":null,"Value":3025},{"Length":27,"Height":83,"Demand":1,"DemandMax":null,"Value":2241},{"Length":30,"Height":83,"Demand":1,"DemandMax":null,"Value":2490},{"Length":82,"Height":37,"Demand":1,"DemandMax":null,"Value":3034},{"Length":68,"Height":42,"Demand":1,"DemandMax":null,"Value":2856},{"Length":60,"Height":50,"Demand":1,"DemandMax":null,"Value":3000},{"Length":74,"Height":36,"Demand":1,"DemandMax":null,"Value":2664},{"Length":75,"Height":35,"Demand":1,"DemandMax":null,"Value":2625},{"Length":54,"Height":64,"Demand":1,"DemandMax":null,"Value":3456},{"Length":30,"Height":81,"Demand":1,"DemandMax":null,"Value":2430},{"Length":46,"Height":65,"Demand":1,"DemandMax":null,"Value":2990},{"Length":94,"Height":22,"Demand":1,"DemandMax":null,"Value":2068},{"Length":31,"Height":81,"Demand":1,"DemandMax":null,"Value":2511},{"Length":62,"Height":51,"Demand":1,"DemandMax":null,"Value":3162},{"Length":98,"Height":16,"Demand":1,"DemandMax":null,"Value":1568},{"Length":76,"Height":38,"Demand":1,"DemandMax":null,"Value":2888},{"Length":42,"Height":73,"Demand":1,"DemandMax":null,"Value":3066},{"Length":66,"Height":47,"Demand":1,"DemandMax":null,"Value":3102},{"Length":87,"Height":30,"Demand":1,"DemandMax":null,"Value":2610},{"Length":67,"Height":51,"Demand":1,"DemandMax":null,"Value":3417},{"Length":80,"Height":33,"Demand":1,"DemandMax":null,"Value":2640},{"Length":62,"Height":48,"Demand":1,"DemandMax":null,"Value":2976},{"Length":57,"Height":54,"Demand":1,"DemandMax":null,"Value":3078},{"Length":58,"Height":55,"Demand":1,"DemandMax":null,"Value":3190},{"Length":81,"Height":33,"Demand":2,"DemandMax":null,"Value":2673},{"Length":92,"Height":23,"Demand":1,"DemandMax":null,"Value":2116},{"Length":66,"Height":52,"Demand":1,"DemandMax":null,"Value":3432},{"Length":91,"Height":19,"Demand":1,"DemandMax":null,"Value":1729},{"Length":68,"Height":47,"Demand":1,"DemandMax":null,"Value":3196},{"Length":94,"Height":19,"Demand":1,"DemandMax":null,"Value":1786},{"Length":55,"Height":60,"Demand":1,"DemandMax":null,"Value":3300}]}