{"Name":"SPIEKSMA05_25_03","Objects":[{"Length":1000,"Height":1000,"Stock":null,"Cost":1000000}],"Items":[{"Length":79,"Height":89,"Demand":1,"DemandMax":null,"Value":7031},{"Length":29,"Height":80,"Demand":1,"DemandMax":null,"Value":2320},{"Length":34,"Height":47,"Demand":1,"DemandMax":null,"Value":1598},{"Length":36,"Height":56,"Demand":1,"DemandMax":null,"Value":2016},{"Length":75,"Height":49,"Demand":1,"DemandMax":null,"Value":3675},{"Length":69,"Height":67,"Demand":1,"DemandMax":null,"Value":4623},{"Length":35,"Height":28,"Demand":1,"DemandMax":null,"Value":980},{"Length":88,"Height":97,"Demand":1,"DemandMax":null,"Value":8536},{"Length":71,"Height":92,"Demand":1,"DemandMax":null,"Value":6532},{"Length":76,"Height":79,"Demand":1,"DemandMax":null,"Value":6004},{"Length":68,"Height":74,"Demand":1,"DemandMax":null,"Value":5032},{"Length":40,"Height":46,"Demand":1,"DemandMax":null,"Value":1840},{"Length":83,"Height":59,"Demand":1,"DemandMax":null,"Value":4897},{"Length":90,"Height":56,"Demand":1,"DemandMax":null,"Value":5040},{"Length":51,"Height":79,"Demand":1,"DemandMax":null,"Value":4029},{"Length":58,"Height":44,"Demand":1,"DemandMax":null,"Value":2552},{"Length":78,"Height":42,"Demand":1,"DemandMax":null,"Value":3276},{"Length":28,"Height":41,"Demand":1,"DemandMax":null,"Value":1148},{"Length":75,"Height":33,"Demand":1,"DemandMax":null,"Value":2475},{"Length":34,"Height":33,"Demand":1,"DemandMax":null,"Value":1122},{"Length":48,"Height":84,"Demand":1,"DemandMax":null,"Value":4032},{"Length":58,"Height":26,"Demand":1,"DemandMax":null,"Value":1508},{"Length":31,"Height":28,"Demand":1,"DemandMax":null,"Value":868},{"Length":34,"Height":55,"Demand":1,"DemandMax":null,"Value":1870},{"Length":83,"Height":99,"Demand":1,"DemandMax":null,"Value":8217}]}