{"Name":"SPIEKSMA02_25_10","Objects":[{"Length":1000,"Height":1000,"Stock":null,"Cost":1000000}],"Items":[{"Length":414,"Height":671,"Demand":1,"DemandMax":null,"Value":277794},{"Length":319,"Height":592,"Demand":1,"DemandMax":null,"Value":188848},{"Length":563,"Height":132,"Demand":1,"DemandMax":null,"Value":74316},{"Length":36,"Height":843,"Demand":1,"DemandMax":null,"Value":30348},{"Length":959,"Height":618,"Demand":1,"DemandMax":null,"Value":592662},{"Length":889,"Height":676,"Demand":1,"DemandMax":null,"Value":600964},{"Length":715,"Height":575,"Demand":1,"DemandMax":null,"Value":411125},{"Length":658,"Height":202,"Demand":1,"DemandMax":null,"Value":132916},{"Length":275,"Height":780,"Demand":1,"DemandMax":null,"Value":214500},{"Length":453,"Height":864,"Demand":1,"DemandMax":null,"Value":391392},{"Length":416,"Height":344,"Demand":1,"DemandMax":null,"Value":143104},{"Length":718,"Height":442,"Demand":1,"DemandMax":null,"Value":317356},{"Length":250,"Height":712,"Demand":1,"DemandMax":null,"Value":178000},{"Length":232,"Height":45,"Demand":1,"DemandMax":null,"Value":10440},{"Length":221,"Height":661,"Demand":1,"DemandMax":null,"Value":146081},{"Length":105,"Height":118,"Demand":1,"DemandMax":null,"Value":12390},{"Length":106,"Height":304,"Demand":1,"DemandMax":null,"Value":32224},{"Length":780,"Height":440,"Demand":1,"DemandMax":null,"Value":343200},{"Length":18,"Height":83,"Demand":1,"DemandMax":null,"Value":1494},{"Length":39,"Height":121,"Demand":1,"DemandMax":null,"Value":4719},{"Length":399,"Height":776,"Demand":1,"DemandMax":null,"Value":309624},{"Length":988,"Height":605,"Demand":1,"DemandMax":null,"Value":597740},{"Length":30,"Height":496,"Demand":1,"DemandMax":null,"Value":14880},{"Length":76,"Height":671,"Demand":1,"DemandMax":null,"Value":50996},{"Length":19,"Height":686,"Demand":1,"DemandMax":null,"Value":13034}]}