{"Name":"SPIEKSMA07_200_05","Objects":[{"Length":150,"Height":150,"Stock":null,"Cost":22500}],"Items":[{"Length":24,"Height":29,"Demand":1,"DemandMax":null,"Value":696},{"Length":30,"Height":26,"Demand":1,"DemandMax":null,"Value":780},{"Length":32,"Height":30,"Demand":1,"DemandMax":null,"Value":960},{"Length":74,"Height":70,"Demand":1,"DemandMax":null,"Value":5180},{"Length":67,"Height":68,"Demand":1,"DemandMax":null,"Value":4556},{"Length":30,"Height":21,"Demand":1,"DemandMax":null,"Value":630},{"Length":87,"Height":96,"Demand":1,"DemandMax":null,"Value":8352},{"Length":69,"Height":77,"Demand":2,"DemandMax":null,"Value":5313},{"Length":74,"Height":78,"Demand":1,"DemandMax":null,"Value":5772},{"Length":66,"Height":69,"Demand":1,"DemandMax":null,"Value":4554},{"Length":36,"Height":31,"Demand":1,"DemandMax":null,"Value":1116},{"Length":82,"Height":81,"Demand":1,"DemandMax":null,"Value":6642},{"Length":89,"Height":87,"Demand":1,"DemandMax":null,"Value":7743},{"Length":47,"Height":51,"Demand":1,"DemandMax":null,"Value":2397},{"Length":55,"Height":50,"Demand":1,"DemandMax":null,"Value":2750},{"Length":77,"Height":72,"Demand":1,"DemandMax":null,"Value":5544},{"Length":24,"Height":18,"Demand":1,"DemandMax":null,"Value":432},{"Length":73,"Height":65,"Demand":1,"DemandMax":null,"Value":4745},{"Length":29,"Height":21,"Demand":1,"DemandMax":null,"Value":609},{"Length":44,"Height":50,"Demand":1,"DemandMax":null,"Value":2200},{"Length":55,"Height":45,"Demand":1,"DemandMax":null,"Value":2475},{"Length":27,"Height":18,"Demand":1,"DemandMax":null,"Value":486},{"Length":30,"Height":28,"Demand":1,"DemandMax":null,"Value":840},{"Length":82,"Height":92,"Demand":1,"DemandMax":null,"Value":7544},{"Length":68,"Height":59,"Demand":1,"DemandMax":null,"Value":4012},{"Length":60,"Height":52,"Demand":1,"DemandMax":null,"Value":3120},{"Length":74,"Height":64,"Demand":1,"DemandMax":null,"Value":4736},{"Length":75,"Height":67,"Demand":1,"DemandMax":null,"Value":5025},{"Length":54,"Height":60,"Demand":1,"DemandMax":null,"Value":3240},{"Length":30,"Height":22,"Demand":1,"DemandMax":null,"Value":660},{"Length":46,"Height":40,"Demand":1,"DemandMax":null,"Value":1840},{"Length":94,"Height":96,"Demand":1,"DemandMax":null,"Value":9024},{"Length":31,"Height":26,"Demand":1,"DemandMax":null,"Value":806},{"Length":62,"Height":59,"Demand":1,"DemandMax":null,"Value":3658},{"Length":98,"Height":97,"Demand":1,"DemandMax":null,"Value":9506},{"Length":76,"Height":75,"Demand":1,"DemandMax":null,"Value":5700},{"Length":42,"Height":44,"Demand":1,"DemandMax":null,"Value":1848},{"Length":66,"Height":63,"Demand":1,"DemandMax":null,"Value":4158},{"Length":87,"Height":91,"Demand":1,"DemandMax":null,"Value":7917},{"Length":67,"Height":74,"Demand":1,"DemandMax":null,"Value":4958},{"Length":80,"Height":77,"Demand":1,"DemandMax":null,"Value":6160},{"Length":62,"Height":53,"Demand":1,"DemandMax":null,"Value":3286},{"Length":57,"Height":51,"Demand":1,"DemandMax":null,"Value":2907},{"Length":58,"Height":55,"Demand":2,"DemandMax":null,"Value":3190},{"Length":81,"Height":79,"Demand":1,"DemandMax":null,"Value":6399},{"Length":92,"Height":94,"Demand":1,"DemandMax":null,"Value":8648},{"Length":81,"Height":80,"Demand":1,"DemandMax":null,"Value":6480},{"Length":66,"Height":73,"Demand":1,"DemandMax":null,"Value":4818},{"Length":91,"Height":82,"Demand":1,"DemandMax":null,"Value":7462},{"Length":68,"Height":70,"Demand":1,"DemandMax":null,"Value":4760},{"Length":94,"Height":91,"Demand":1,"DemandMax":null,"Value":8554},{"Length":55,"Height":56,"Demand":1,"DemandMax":null,"Value":3080},{"Length":20,"Height":26,"Demand":1,"DemandMax":null,"Value":520},{"Length":88,"Height":96,"Demand":1,"DemandMax":null,"Value":8448},{"Length":63,"Height":56,"Demand":1,"DemandMax":null,"Value":3528},{"Length":97,"Height":88,"Demand":1,"DemandMax":null,"Value":8536},{"Length":46,"Height":46,"Demand":1,"DemandMax":null,"Value":2116},{"Length":36,"Height":42,"Demand":1,"DemandMax":null,"Value":1512},{"Length":49,"Height":43,"Demand":1,"DemandMax":null,"Value":2107},{"Length":54,"Height":53,"Demand":1,"DemandMax":null,"Value":2862},{"Length":64,"Height":69,"Demand":1,"DemandMax":null,"Value":4416},{"Length":97,"Height":105,"Demand":1,"DemandMax":null,"Value":10185},{"Length":37,"Height":31,"Demand":1,"DemandMax":null,"Value":1147},{"Length":35,"Height":29,"Demand":1,"DemandMax":null,"Value":1015},{"Length":29,"Height":33,"Demand":1,"DemandMax":null,"Value":957},{"Length":64,"Height":54,"Demand":1,"DemandMax":null,"Value":3456},{"Length":50,"Height":54,"Demand":1,"DemandMax":null,"Value":2700},{"Length":86,"Height":87,"Demand":1,"DemandMax":null,"Value":7482},{"Length":56,"Height":64,"Demand":1,"DemandMax":null,"Value":3584},{"Length":30,"Height":25,"Demand":2,"DemandMax":null,"Value":750},{"Length":28,"Height":27,"Demand":1,"DemandMax":null,"Value":756},{"Length":92,"Height":98,"Demand":1,"DemandMax":null,"Value":9016},{"Length":55,"Height":62,"Demand":1,"DemandMax":null,"Value":3410},{"Length":94,"Height":93,"Demand":2,"DemandMax":null,"Value":8742},{"Length":93,"Height":99,"Demand":1,"DemandMax":null,"Value":9207},{"Length":44,"Height":44,"Demand":1,"DemandMax":null,"Value":1936},{"Length":45,"Height":44,"Demand":1,"DemandMax":null,"Value":1980},{"Length":59,"Height":66,"Demand":1,"DemandMax":null,"Value":3894},{"Length":78,"Height":73,"Demand":1,"DemandMax":null,"Value":5694},{"Length":40,"Height":41,"Demand":1,"DemandMax":null,"Value":1640},{"Length":70,"Height":79,"Demand":1,"DemandMax":null,"Value":5530},{"Length":77,"Height":67,"Demand":1,"DemandMax":null,"Value":5159},{"Length":81,"Height":84,"Demand":1,"DemandMax":null,"Value":6804},{"Length":45,"Height":37,"Demand":1,"DemandMax":null,"Value":1665},{"Length":41,"Height":48,"Demand":1,"DemandMax":null,"Value":1968},{"Length":86,"Height":93,"Demand":1,"DemandMax":null,"Value":7998},{"Length":65,"Height":61,"Demand":1,"DemandMax":null,"Value":3965},{"Length":49,"Height":54,"Demand":1,"DemandMax":null,"Value":2646},{"Length":55,"Height":47,"Demand":1,"DemandMax":null,"Value":2585},{"Length":49,"Height":51,"Demand":1,"DemandMax":null,"Value":2499},{"Length":21,"Height":26,"Demand":1,"DemandMax":null,"Value":546},{"Length":69,"Height":68,"Demand":1,"DemandMax":null,"Value":4692},{"Length":78,"Height":86,"Demand":1,"DemandMax":null,"Value":6708},{"Length":39,"Height":44,"Demand":1,"DemandMax":null,"Value":1716},{"Length":48,"Height":54,"Demand":1,"DemandMax":null,"Value":2592},{"Length":72,"Height":68,"Demand":1,"DemandMax":null,"Value":4896},{"Length":21,"Height":27,"Demand":1,"DemandMax":null,"Value":567},{"Length":72,"Height":67,"Demand":1,"DemandMax":null,"Value":4824},{"Length":31,"Height":36,"Demand":1,"DemandMax":null,"Value":1116},{"Length":47,"Height":56,"Demand":1,"DemandMax":null,"Value":2632},{"Length":60,"Height":64,"Demand":1,"DemandMax":null,"Value":3840},{"Length":34,"Height":29,"Demand":1,"DemandMax":null,"Value":986},{"Length":39,"Height":32,"Demand":1,"DemandMax":null,"Value":1248},{"Length":93,"Height":88,"Demand":1,"DemandMax":null,"Value":8184},{"Length":82,"Height":89,"Demand":1,"DemandMax":null,"Value":7298},{"Length":75,"Height":73,"Demand":1,"DemandMax":null,"Value":5475},{"Length":91,"Height":98,"Demand":1,"DemandMax":null,"Value":8918},{"Length":76,"Height":80,"Demand":1,"DemandMax":null,"Value":6080},{"Length":53,"Height":54,"Demand":1,"DemandMax":null,"Value":2862},{"Length":71,"Height":64,"Demand":1,"DemandMax":null,"Value":4544},{"Length":41,"Height":33,"Demand":1,"DemandMax":null,"Value":1353},{"Length":60,"Height":55,"Demand":1,"DemandMax":null,"Value":3300},{"Length":93,"Height":101,"Demand":1,"DemandMax":null,"Value":9393},{"Length":51,"Height":51,"Demand":2,"DemandMax":null,"Value":2601},{"Length":32,"Height":23,"Demand":1,"DemandMax":null,"Value":736},{"Length":79,"Height":83,"Demand":1,"DemandMax":null,"Value":6557},{"Length":26,"Height":36,"Demand":1,"DemandMax":null,"Value":936},{"Length":48,"Height":55,"Demand":1,"DemandMax":null,"Value":2640},{"Length":31,"Height":32,"Demand":1,"DemandMax":null,"Value":992},{"Length":45,"Height":46,"Demand":1,"DemandMax":null,"Value":2070},{"Length":29,"Height":34,"Demand":1,"DemandMax":null,"Value":986},{"Length":26,"Height":25,"Demand":1,"DemandMax":null,"Value":650},{"Length":29,"Height":22,"Demand":1,"DemandMax":null,"Value":638},{"Length":54,"Height":58,"Demand":1,"DemandMax":null,"Value":3132},{"Length":67,"Height":65,"Demand":1,"DemandMax":null,"Value":4355},{"Length":58,"Height":64,"Demand":1,"DemandMax":null,"Value":3712},{"Length":45,"Height":50,"Demand":1,"DemandMax":null,"Value":2250},{"Length":72,"Height":71,"Demand":1,"DemandMax":null,"Value":5112},{"Length":80,"Height":86,"Demand":1,"DemandMax":null,"Value":6880},{"Length":42,"Height":43,"Demand":1,"DemandMax":null,"Value":1806},{"Length":89,"Height":85,"Demand":1,"DemandMax":null,"Value":7565},{"Length":79,"Height":88,"Demand":1,"DemandMax":null,"Value":6952},{"Length":56,"Height":60,"Demand":1,"DemandMax":null,"Value":3360},{"Length":92,"Height":85,"Demand":1,"DemandMax":null,"Value":7820},{"Length":43,"Height":36,"Demand":1,"DemandMax":null,"Value":1548},{"Length":36,"Height":44,"Demand":1,"DemandMax":null,"Value":1584},{"Length":59,"Height":49,"Demand":1,"DemandMax":null,"Value":2891},{"Length":52,"Height":49,"Demand":1,"DemandMax":null,"Value":2548},{"Length":59,"Height":52,"Demand":1,"DemandMax":null,"Value":3068},{"Length":71,"Height":81,"Demand":1,"DemandMax":null,"Value":5751},{"Length":26,"Height":30,"Demand":1,"DemandMax":null,"Value":780},{"Length":48,"Height":48,"Demand":1,"DemandMax":null,"Value":2304},{"Length":48,"Height":58,"Demand":1,"DemandMax":null,"Value":2784},{"Length":44,"Height":35,"Demand":1,"DemandMax":null,"Value":1540},{"Length":81,"Height":89,"Demand":1,"DemandMax":null,"Value":7209},{"Length":69,"Height":60,"Demand":1,"DemandMax":null,"Value":4140},{"Length":27,"Height":26,"Demand":1,"DemandMax":null,"Value":702},{"Length":79,"Height":75,"Demand":1,"DemandMax":null,"Value":5925},{"Length":55,"Height":49,"Demand":1,"DemandMax":null,"Value":2695},{"Length":55,"Height":64,"Demand":1,"DemandMax":null,"Value":3520},{"Length":41,"Height":47,"Demand":1,"DemandMax":null,"Value":1927},{"Length":86,"Height":83,"Demand":1,"DemandMax":null,"Value":7138},{"Length":47,"Height":47,"Demand":1,"DemandMax":null,"Value":2209},{"Length":48,"Height":45,"Demand":1,"DemandMax":null,"Value":2160},{"Length":82,"Height":84,"Demand":1,"DemandMax":null,"Value":6888},{"Length":84,"Height":75,"Demand":1,"DemandMax":null,"Value":6300},{"Length":20,"Height":30,"Demand":1,"DemandMax":null,"Value":600},{"Length":42,"Height":50,"Demand":1,"DemandMax":null,"Value":2100},{"Length":86,"Height":91,"Demand":1,"DemandMax":null,"Value":7826},{"Length":37,"Height":40,"Demand":1,"DemandMax":null,"Value":1480},{"Length":46,"Height":41,"Demand":1,"DemandMax":null,"Value":1886},{"Length":52,"Height":51,"Demand":1,"DemandMax":null,"Value":2652},{"Length":98,"Height":96,"Demand":1,"DemandMax":null,"Value":9408},{"Length":96,"Height":100,"Demand":1,"DemandMax":null,"Value":9600},{"Length":63,"Height":57,"Demand":1,"DemandMax":null,"Value":3591},{"Length":44,"Height":38,"Demand":1,"DemandMax":null,"Value":1672},{"Length":30,"Height":23,"Demand":1,"DemandMax":null,"Value":690},{"Length":38,"Height":29,"Demand":1,"DemandMax":null,"Value":1102},{"Length":34,"Height":25,"Demand":1,"DemandMax":null,"Value":850},{"Length":88,"Height":92,"Demand":1,"DemandMax":null,"Value":8096},{"Length":59,"Height":68,"Demand":1,"DemandMax":null,"Value":4012},{"Length":69,"Height":78,"Demand":1,"DemandMax":null,"Value":5382},{"Length":32,"Height":28,"Demand":1,"DemandMax":null,"Value":896},{"Length":44,"Height":52,"Demand":1,"DemandMax":null,"Value":2288},{"Length":100,"Height":109,"Demand":1,"DemandMax":null,"Value":10900},{"Length":73,"Height":81,"Demand":1,"DemandMax":null,"Value":5913},{"Length":34,"Height":43,"Demand":1,"DemandMax":null,"Value":1462},{"Length":53,"Height":56,"Demand":1,"DemandMax":null,"Value":2968},{"Length":67,"Height":76,"Demand":1,"DemandMax":null,"Value":5092},{"Length":43,"Height":33,"Demand":1,"DemandMax":null,"Value":1419},{"Length":50,"Height":49,"Demand":1,"DemandMax":null,"Value":2450},{"Length":26,"Height":17,"Demand":1,"DemandMax":null,"Value":442},{"Length":97,"Height":90,"Demand":1,"DemandMax":null,"Value":8730},{"Length":92,"Height":87,"Demand":1,"DemandMax":null,"Value":8004},{"Length":35,"Height":32,"Demand":1,"DemandMax":null,"Value":1120},{"Length":99,"Height":92,"Demand":1,"DemandMax":null,"Value":9108},{"Length":78,"Height":78,"Demand":1,"DemandMax":null,"Value":6084},{"Length":98,"Height":100,"Demand":1,"DemandMax":null,"Value":9800},{"Length":70,"Height":62,"Demand":1,"DemandMax":null,"Value":4340},{"Length":91,"Height":97,"Demand":1,"DemandMax":null,"Value":8827},{"Length":46,"Height":55,"Demand":1,"DemandMax":null,"Value":2530},{"Length":86,"Height":78,"Demand":1,"DemandMax":null,"Value":6708},{"Length":69,"Height":62,"Demand":1,"DemandMax":null,"Value":4278},{"Length":39,"Height":35,"Demand":1,"DemandMax":null,"Value":1365},{"Length":67,"Height":60,"Demand":1,"DemandMax":null,"Value":4020}]}