{"Name":"SPIEKSMA04_25_03","Objects":[{"Length":1000,"Height":1000,"Stock":null,"Cost":1000000}],"Items":[{"Length":157,"Height":178,"Demand":1,"DemandMax":null,"Value":27946},{"Length":58,"Height":160,"Demand":1,"DemandMax":null,"Value":9280},{"Length":69,"Height":94,"Demand":1,"DemandMax":null,"Value":6486},{"Length":72,"Height":112,"Demand":1,"DemandMax":null,"Value":8064},{"Length":151,"Height":98,"Demand":1,"DemandMax":null,"Value":14798},{"Length":139,"Height":134,"Demand":1,"DemandMax":null,"Value":18626},{"Length":70,"Height":55,"Demand":1,"DemandMax":null,"Value":3850},{"Length":176,"Height":194,"Demand":1,"DemandMax":null,"Value":34144},{"Length":143,"Height":183,"Demand":1,"DemandMax":null,"Value":26169},{"Length":151,"Height":157,"Demand":1,"DemandMax":null,"Value":23707},{"Length":136,"Height":149,"Demand":1,"DemandMax":null,"Value":20264},{"Length":80,"Height":91,"Demand":1,"DemandMax":null,"Value":7280},{"Length":167,"Height":118,"Demand":1,"DemandMax":null,"Value":19706},{"Length":180,"Height":112,"Demand":1,"DemandMax":null,"Value":20160},{"Length":102,"Height":158,"Demand":1,"DemandMax":null,"Value":16116},{"Length":116,"Height":87,"Demand":1,"DemandMax":null,"Value":10092},{"Length":157,"Height":85,"Demand":1,"DemandMax":null,"Value":13345},{"Length":57,"Height":83,"Demand":1,"DemandMax":null,"Value":4731},{"Length":149,"Height":66,"Demand":1,"DemandMax":null,"Value":9834},{"Length":68,"Height":66,"Demand":1,"DemandMax":null,"Value":4488},{"Length":95,"Height":167,"Demand":1,"DemandMax":null,"Value":15865},{"Length":116,"Height":53,"Demand":1,"DemandMax":null,"Value":6148},{"Length":62,"Height":56,"Demand":1,"DemandMax":null,"Value":3472},{"Length":68,"Height":110,"Demand":1,"DemandMax":null,"Value":7480},{"Length":166,"Height":198,"Demand":1,"DemandMax":null,"Value":32868}]}