{"Name":"SPIEKSMA01_200_03","Objects":[{"Length":1000,"Height":1000,"Stock":null,"Cost":1000000}],"Items":[{"Length":315,"Height":355,"Demand":1,"DemandMax":null,"Value":111825},{"Length":117,"Height":321,"Demand":1,"DemandMax":null,"Value":37557},{"Length":137,"Height":188,"Demand":1,"DemandMax":null,"Value":25756},{"Length":143,"Height":224,"Demand":1,"DemandMax":null,"Value":32032},{"Length":301,"Height":195,"Demand":1,"DemandMax":null,"Value":58695},{"Length":278,"Height":269,"Demand":1,"DemandMax":null,"Value":74782},{"Length":139,"Height":110,"Demand":1,"DemandMax":null,"Value":15290},{"Length":353,"Height":388,"Demand":1,"DemandMax":null,"Value":136964},{"Length":285,"Height":367,"Demand":1,"DemandMax":null,"Value":104595},{"Length":303,"Height":314,"Demand":1,"DemandMax":null,"Value":95142},{"Length":272,"Height":297,"Demand":1,"DemandMax":null,"Value":80784},{"Length":160,"Height":182,"Demand":1,"DemandMax":null,"Value":29120},{"Length":334,"Height":236,"Demand":1,"DemandMax":null,"Value":78824},{"Length":359,"Height":225,"Demand":1,"DemandMax":null,"Value":80775},{"Length":203,"Height":315,"Demand":1,"DemandMax":null,"Value":63945},{"Length":232,"Height":175,"Demand":1,"DemandMax":null,"Value":40600},{"Length":313,"Height":169,"Demand":1,"DemandMax":null,"Value":52897},{"Length":113,"Height":166,"Demand":1,"DemandMax":null,"Value":18758},{"Length":298,"Height":131,"Demand":1,"DemandMax":null,"Value":39038},{"Length":135,"Height":132,"Demand":1,"DemandMax":null,"Value":17820},{"Length":191,"Height":334,"Demand":1,"DemandMax":null,"Value":63794},{"Length":232,"Height":105,"Demand":1,"DemandMax":null,"Value":24360},{"Length":125,"Height":111,"Demand":1,"DemandMax":null,"Value":13875},{"Length":136,"Height":220,"Demand":1,"DemandMax":null,"Value":29920},{"Length":333,"Height":396,"Demand":1,"DemandMax":null,"Value":131868},{"Length":281,"Height":109,"Demand":1,"DemandMax":null,"Value":30629},{"Length":249,"Height":123,"Demand":1,"DemandMax":null,"Value":30627},{"Length":301,"Height":105,"Demand":1,"DemandMax":null,"Value":31605},{"Length":306,"Height":123,"Demand":1,"DemandMax":null,"Value":37638},{"Length":229,"Height":343,"Demand":1,"DemandMax":null,"Value":78547},{"Length":137,"Height":132,"Demand":1,"DemandMax":null,"Value":18084},{"Length":198,"Height":156,"Demand":1,"DemandMax":null,"Value":30888},{"Length":377,"Height":281,"Demand":1,"DemandMax":null,"Value":105937},{"Length":141,"Height":176,"Demand":1,"DemandMax":null,"Value":24816},{"Length":257,"Height":205,"Demand":1,"DemandMax":null,"Value":52685},{"Length":392,"Height":237,"Demand":1,"DemandMax":null,"Value":92904},{"Length":312,"Height":237,"Demand":1,"DemandMax":null,"Value":73944},{"Length":184,"Height":273,"Demand":1,"DemandMax":null,"Value":50232},{"Length":274,"Height":210,"Demand":1,"DemandMax":null,"Value":57540},{"Length":350,"Height":316,"Demand":1,"DemandMax":null,"Value":110600},{"Length":278,"Height":357,"Demand":1,"DemandMax":null,"Value":99246},{"Length":325,"Height":201,"Demand":1,"DemandMax":null,"Value":65325},{"Length":256,"Height":112,"Demand":1,"DemandMax":null,"Value":28672},{"Length":240,"Height":160,"Demand":1,"DemandMax":null,"Value":38400},{"Length":242,"Height":209,"Demand":1,"DemandMax":null,"Value":50578},{"Length":330,"Height":226,"Demand":1,"DemandMax":null,"Value":74580},{"Length":369,"Height":279,"Demand":1,"DemandMax":null,"Value":102951},{"Length":327,"Height":234,"Demand":1,"DemandMax":null,"Value":76518},{"Length":271,"Height":358,"Demand":1,"DemandMax":null,"Value":97018},{"Length":366,"Height":117,"Demand":1,"DemandMax":null,"Value":42822},{"Length":280,"Height":277,"Demand":1,"DemandMax":null,"Value":77560},{"Length":379,"Height":207,"Demand":1,"DemandMax":null,"Value":78453},{"Length":230,"Height":271,"Demand":1,"DemandMax":null,"Value":62330},{"Length":100,"Height":338,"Demand":1,"DemandMax":null,"Value":33800},{"Length":355,"Height":373,"Demand":1,"DemandMax":null,"Value":132415},{"Length":262,"Height":144,"Demand":1,"DemandMax":null,"Value":37728},{"Length":388,"Height":116,"Demand":1,"DemandMax":null,"Value":45008},{"Length":199,"Height":257,"Demand":1,"DemandMax":null,"Value":51143},{"Length":162,"Height":333,"Demand":1,"DemandMax":null,"Value":53946},{"Length":243,"Height":212,"Demand":1,"DemandMax":null,"Value":51516},{"Length":210,"Height":158,"Demand":1,"DemandMax":null,"Value":33180},{"Length":228,"Height":240,"Demand":1,"DemandMax":null,"Value":54720},{"Length":266,"Height":325,"Demand":1,"DemandMax":null,"Value":86450},{"Length":388,"Height":377,"Demand":1,"DemandMax":null,"Value":146276},{"Length":163,"Height":165,"Demand":1,"DemandMax":null,"Value":26895},{"Length":156,"Height":155,"Demand":1,"DemandMax":null,"Value":24180},{"Length":134,"Height":314,"Demand":1,"DemandMax":null,"Value":42076},{"Length":265,"Height":107,"Demand":1,"DemandMax":null,"Value":28355},{"Length":213,"Height":303,"Demand":1,"DemandMax":null,"Value":64539},{"Length":348,"Height":268,"Demand":1,"DemandMax":null,"Value":93264},{"Length":234,"Height":367,"Demand":1,"DemandMax":null,"Value":85878},{"Length":139,"Height":169,"Demand":1,"DemandMax":null,"Value":23491},{"Length":129,"Height":239,"Demand":1,"DemandMax":null,"Value":30831},{"Length":371,"Height":344,"Demand":1,"DemandMax":null,"Value":127624},{"Length":231,"Height":352,"Demand":1,"DemandMax":null,"Value":81312},{"Length":377,"Height":228,"Demand":1,"DemandMax":null,"Value":85956},{"Length":375,"Height":339,"Demand":1,"DemandMax":null,"Value":127125},{"Length":191,"Height":252,"Demand":1,"DemandMax":null,"Value":48132},{"Length":193,"Height":234,"Demand":1,"DemandMax":null,"Value":45162},{"Length":247,"Height":351,"Demand":1,"DemandMax":null,"Value":86697},{"Length":319,"Height":171,"Demand":1,"DemandMax":null,"Value":54549},{"Length":177,"Height":258,"Demand":1,"DemandMax":null,"Value":45666},{"Length":286,"Height":381,"Demand":1,"DemandMax":null,"Value":108966},{"Length":314,"Height":106,"Demand":1,"DemandMax":null,"Value":33284},{"Length":328,"Height":300,"Demand":1,"DemandMax":null,"Value":98400},{"Length":193,"Height":128,"Demand":1,"DemandMax":null,"Value":24704},{"Length":177,"Height":359,"Demand":1,"DemandMax":null,"Value":63543},{"Length":346,"Height":359,"Demand":1,"DemandMax":null,"Value":124214},{"Length":267,"Height":193,"Demand":1,"DemandMax":null,"Value":51531},{"Length":207,"Height":330,"Demand":1,"DemandMax":null,"Value":68310},{"Length":232,"Height":135,"Demand":1,"DemandMax":null,"Value":31320},{"Length":209,"Height":275,"Demand":1,"DemandMax":null,"Value":57475},{"Length":105,"Height":318,"Demand":1,"DemandMax":null,"Value":33390},{"Length":286,"Height":229,"Demand":1,"DemandMax":null,"Value":65494},{"Length":318,"Height":375,"Demand":1,"DemandMax":null,"Value":119250},{"Length":170,"Height":323,"Demand":1,"DemandMax":null,"Value":54910},{"Length":207,"Height":340,"Demand":1,"DemandMax":null,"Value":70380},{"Length":295,"Height":192,"Demand":1,"DemandMax":null,"Value":56640},{"Length":103,"Height":346,"Demand":1,"DemandMax":null,"Value":35638},{"Length":295,"Height":169,"Demand":1,"DemandMax":null,"Value":49855},{"Length":140,"Height":327,"Demand":1,"DemandMax":null,"Value":45780},{"Length":203,"Height":387,"Demand":1,"DemandMax":null,"Value":78561},{"Length":251,"Height":316,"Demand":1,"DemandMax":null,"Value":79316},{"Length":151,"Height":179,"Demand":1,"DemandMax":null,"Value":27029},{"Length":170,"Height":145,"Demand":1,"DemandMax":null,"Value":24650},{"Length":375,"Height":180,"Demand":1,"DemandMax":null,"Value":67500},{"Length":331,"Height":349,"Demand":1,"DemandMax":null,"Value":115519},{"Length":306,"Height":221,"Demand":1,"DemandMax":null,"Value":67626},{"Length":366,"Height":361,"Demand":1,"DemandMax":null,"Value":132126},{"Length":378,"Height":236,"Demand":1,"DemandMax":null,"Value":89208},{"Length":308,"Height":314,"Demand":1,"DemandMax":null,"Value":96712},{"Length":224,"Height":260,"Demand":1,"DemandMax":null,"Value":58240},{"Length":292,"Height":141,"Demand":1,"DemandMax":null,"Value":41172},{"Length":178,"Height":124,"Demand":1,"DemandMax":null,"Value":22072},{"Length":250,"Height":176,"Demand":1,"DemandMax":null,"Value":44000},{"Length":374,"Height":363,"Demand":1,"DemandMax":null,"Value":135762},{"Length":216,"Height":252,"Demand":1,"DemandMax":null,"Value":54432},{"Length":144,"Height":110,"Demand":1,"DemandMax":null,"Value":15840},{"Length":323,"Height":303,"Demand":1,"DemandMax":null,"Value":97869},{"Length":121,"Height":398,"Demand":1,"DemandMax":null,"Value":48158},{"Length":205,"Height":362,"Demand":1,"DemandMax":null,"Value":74210},{"Length":140,"Height":260,"Demand":1,"DemandMax":null,"Value":36400},{"Length":194,"Height":261,"Demand":1,"DemandMax":null,"Value":50634},{"Length":133,"Height":330,"Demand":1,"DemandMax":null,"Value":43890},{"Length":124,"Height":235,"Demand":1,"DemandMax":null,"Value":29140},{"Length":134,"Height":142,"Demand":1,"DemandMax":null,"Value":19028},{"Length":229,"Height":317,"Demand":1,"DemandMax":null,"Value":72593},{"Length":276,"Height":227,"Demand":1,"DemandMax":null,"Value":62652},{"Length":242,"Height":340,"Demand":1,"DemandMax":null,"Value":82280},{"Length":193,"Height":321,"Demand":1,"DemandMax":null,"Value":61953},{"Length":295,"Height":237,"Demand":1,"DemandMax":null,"Value":69915},{"Length":217,"Height":255,"Demand":1,"DemandMax":null,"Value":55335},{"Length":324,"Height":342,"Demand":1,"DemandMax":null,"Value":110808},{"Length":182,"Height":264,"Demand":1,"DemandMax":null,"Value":48048},{"Length":359,"Height":188,"Demand":1,"DemandMax":null,"Value":67492},{"Length":322,"Height":381,"Demand":1,"DemandMax":null,"Value":122682},{"Length":237,"Height":309,"Demand":1,"DemandMax":null,"Value":73233},{"Length":370,"Height":139,"Demand":1,"DemandMax":null,"Value":51430},{"Length":188,"Height":138,"Demand":1,"DemandMax":null,"Value":25944},{"Length":158,"Height":371,"Demand":1,"DemandMax":null,"Value":58618},{"Length":247,"Height":107,"Demand":1,"DemandMax":null,"Value":26429},{"Length":222,"Height":211,"Demand":1,"DemandMax":null,"Value":46842},{"Length":248,"Height":151,"Demand":1,"DemandMax":null,"Value":37448},{"Length":292,"Height":393,"Demand":1,"DemandMax":null,"Value":114756},{"Length":122,"Height":303,"Demand":1,"DemandMax":null,"Value":36966},{"Length":204,"Height":248,"Demand":1,"DemandMax":null,"Value":50592},{"Length":205,"Height":396,"Demand":1,"DemandMax":null,"Value":81180},{"Length":191,"Height":112,"Demand":1,"DemandMax":null,"Value":21392},{"Length":329,"Height":363,"Demand":1,"DemandMax":null,"Value":119427},{"Length":285,"Height":116,"Demand":1,"DemandMax":null,"Value":33060},{"Length":127,"Height":238,"Demand":1,"DemandMax":null,"Value":30226},{"Length":321,"Height":195,"Demand":1,"DemandMax":null,"Value":62595},{"Length":233,"Height":154,"Demand":1,"DemandMax":null,"Value":35882},{"Length":230,"Height":382,"Demand":1,"DemandMax":null,"Value":87860},{"Length":180,"Height":345,"Demand":1,"DemandMax":null,"Value":62100},{"Length":348,"Height":210,"Demand":1,"DemandMax":null,"Value":73080},{"Length":201,"Height":243,"Demand":1,"DemandMax":null,"Value":48843},{"Length":207,"Height":212,"Demand":1,"DemandMax":null,"Value":43884},{"Length":331,"Height":283,"Demand":1,"DemandMax":null,"Value":93673},{"Length":340,"Height":122,"Demand":1,"DemandMax":null,"Value":41480},{"Length":101,"Height":397,"Demand":1,"DemandMax":null,"Value":40097},{"Length":181,"Height":374,"Demand":1,"DemandMax":null,"Value":67694},{"Length":346,"Height":319,"Demand":1,"DemandMax":null,"Value":110374},{"Length":163,"Height":299,"Demand":1,"DemandMax":null,"Value":48737},{"Length":199,"Height":182,"Demand":1,"DemandMax":null,"Value":36218},{"Length":219,"Height":233,"Demand":1,"DemandMax":null,"Value":51027},{"Length":392,"Height":219,"Demand":1,"DemandMax":null,"Value":85848},{"Length":384,"Height":307,"Demand":1,"DemandMax":null,"Value":117888},{"Length":260,"Height":164,"Demand":1,"DemandMax":null,"Value":42640},{"Length":189,"Height":156,"Demand":1,"DemandMax":null,"Value":29484},{"Length":136,"Height":150,"Demand":1,"DemandMax":null,"Value":20400},{"Length":169,"Height":113,"Demand":1,"DemandMax":null,"Value":19097},{"Length":153,"Height":111,"Demand":1,"DemandMax":null,"Value":16983},{"Length":357,"Height":311,"Demand":1,"DemandMax":null,"Value":111027},{"Length":245,"Height":379,"Demand":1,"DemandMax":null,"Value":92855},{"Length":285,"Height":383,"Demand":1,"DemandMax":null,"Value":109155},{"Length":144,"Height":189,"Demand":1,"DemandMax":null,"Value":27216},{"Length":188,"Height":363,"Demand":1,"DemandMax":null,"Value":68244},{"Length":285,"Height":373,"Demand":1,"DemandMax":null,"Value":106305},{"Length":399,"Height":385,"Demand":1,"DemandMax":null,"Value":153615},{"Length":299,"Height":365,"Demand":1,"DemandMax":null,"Value":109135},{"Length":151,"Height":380,"Demand":1,"DemandMax":null,"Value":57380},{"Length":222,"Height":298,"Demand":1,"DemandMax":null,"Value":66156},{"Length":278,"Height":384,"Demand":1,"DemandMax":null,"Value":106752},{"Length":186,"Height":105,"Demand":1,"DemandMax":null,"Value":19530},{"Length":212,"Height":228,"Demand":1,"DemandMax":null,"Value":48336},{"Length":124,"Height":120,"Demand":1,"DemandMax":null,"Value":14880},{"Length":388,"Height":147,"Demand":1,"DemandMax":null,"Value":57036},{"Length":370,"Height":176,"Demand":1,"DemandMax":null,"Value":65120},{"Length":137,"Height":174,"Demand":1,"DemandMax":null,"Value":23838},{"Length":157,"Height":207,"Demand":1,"DemandMax":null,"Value":32499},{"Length":395,"Height":142,"Demand":1,"DemandMax":null,"Value":56090},{"Length":318,"Height":245,"Demand":1,"DemandMax":null,"Value":77910},{"Length":394,"Height":284,"Demand":1,"DemandMax":null,"Value":111896},{"Length":288,"Height":125,"Demand":1,"DemandMax":null,"Value":36000},{"Length":367,"Height":334,"Demand":1,"DemandMax":null,"Value":122578},{"Length":198,"Height":379,"Demand":1,"DemandMax":null,"Value":75042},{"Length":348,"Height":126,"Demand":1,"DemandMax":null,"Value":43848},{"Length":283,"Height":141,"Demand":1,"DemandMax":null,"Value":39903},{"Length":170,"Height":191,"Demand":1,"DemandMax":null,"Value":32470}]}