{"Name":"SPIEKSMA07_100_09","Objects":[{"Length":150,"Height":150,"Stock":null,"Cost":22500}],"Items":[{"Length":32,"Height":30,"Demand":1,"DemandMax":null,"Value":960},{"Length":74,"Height":70,"Demand":1,"DemandMax":null,"Value":5180},{"Length":67,"Height":68,"Demand":1,"DemandMax":null,"Value":4556},{"Length":30,"Height":21,"Demand":1,"DemandMax":null,"Value":630},{"Length":87,"Height":96,"Demand":1,"DemandMax":null,"Value":8352},{"Length":69,"Height":77,"Demand":1,"DemandMax":null,"Value":5313},{"Length":74,"Height":78,"Demand":1,"DemandMax":null,"Value":5772},{"Length":66,"Height":69,"Demand":1,"DemandMax":null,"Value":4554},{"Length":36,"Height":31,"Demand":1,"DemandMax":null,"Value":1116},{"Length":82,"Height":81,"Demand":1,"DemandMax":null,"Value":6642},{"Length":89,"Height":87,"Demand":1,"DemandMax":null,"Value":7743},{"Length":47,"Height":51,"Demand":1,"DemandMax":null,"Value":2397},{"Length":55,"Height":50,"Demand":1,"DemandMax":null,"Value":2750},{"Length":77,"Height":72,"Demand":1,"DemandMax":null,"Value":5544},{"Length":24,"Height":18,"Demand":1,"DemandMax":null,"Value":432},{"Length":73,"Height":65,"Demand":1,"DemandMax":null,"Value":4745},{"Length":29,"Height":21,"Demand":1,"DemandMax":null,"Value":609},{"Length":44,"Height":50,"Demand":1,"DemandMax":null,"Value":2200},{"Length":55,"Height":45,"Demand":1,"DemandMax":null,"Value":2475},{"Length":27,"Height":18,"Demand":1,"DemandMax":null,"Value":486},{"Length":30,"Height":28,"Demand":1,"DemandMax":null,"Value":840},{"Length":82,"Height":92,"Demand":1,"DemandMax":null,"Value":7544},{"Length":68,"Height":59,"Demand":1,"DemandMax":null,"Value":4012},{"Length":60,"Height":52,"Demand":1,"DemandMax":null,"Value":3120},{"Length":74,"Height":64,"Demand":1,"DemandMax":null,"Value":4736},{"Length":75,"Height":67,"Demand":1,"DemandMax":null,"Value":5025},{"Length":54,"Height":60,"Demand":1,"DemandMax":null,"Value":3240},{"Length":30,"Height":22,"Demand":1,"DemandMax":null,"Value":660},{"Length":46,"Height":40,"Demand":1,"DemandMax":null,"Value":1840},{"Length":94,"Height":96,"Demand":1,"DemandMax":null,"Value":9024},{"Length":31,"Height":26,"Demand":1,"DemandMax":null,"Value":806},{"Length":62,"Height":59,"Demand":1,"DemandMax":null,"Value":3658},{"Length":98,"Height":97,"Demand":1,"DemandMax":null,"Value":9506},{"Length":76,"Height":75,"Demand":1,"DemandMax":null,"Value":5700},{"Length":42,"Height":44,"Demand":1,"DemandMax":null,"Value":1848},{"Length":66,"Height":63,"Demand":1,"DemandMax":null,"Value":4158},{"Length":87,"Height":91,"Demand":1,"DemandMax":null,"Value":7917},{"Length":67,"Height":74,"Demand":1,"DemandMax":null,"Value":4958},{"Length":80,"Height":77,"Demand":1,"DemandMax":null,"Value":6160},{"Length":62,"Height":53,"Demand":1,"DemandMax":null,"Value":3286},{"Length":57,"Height":51,"Demand":1,"DemandMax":null,"Value":2907},{"Length":58,"Height":55,"Demand":2,"DemandMax":null,"Value":3190},{"Length":81,"Height":79,"Demand":1,"DemandMax":null,"Value":6399},{"Length":92,"Height":94,"Demand":1,"DemandMax":null,"Value":8648},{"Length":81,"Height":80,"Demand":1,"DemandMax":null,"Value":6480},{"Length":66,"Height":73,"Demand":1,"DemandMax":null,"Value":4818},{"Length":91,"Height":82,"Demand":1,"DemandMax":null,"Value":7462},{"Length":68,"Height":70,"Demand":1,"DemandMax":null,"Value":4760},{"Length":94,"Height":91,"Demand":1,"DemandMax":null,"Value":8554},{"Length":55,"Height":56,"Demand":1,"DemandMax":null,"Value":3080},{"Length":20,"Height":26,"Demand":1,"DemandMax":null,"Value":520},{"Length":88,"Height":96,"Demand":1,"DemandMax":null,"Value":8448},{"Length":63,"Height":56,"Demand":1,"DemandMax":null,"Value":3528},{"Length":97,"Height":88,"Demand":1,"DemandMax":null,"Value":8536},{"Length":46,"Height":46,"Demand":1,"DemandMax":null,"Value":2116},{"Length":36,"Height":42,"Demand":1,"DemandMax":null,"Value":1512},{"Length":49,"Height":43,"Demand":1,"DemandMax":null,"Value":2107},{"Length":54,"Height":53,"Demand":1,"DemandMax":null,"Value":2862},{"Length":64,"Height":69,"Demand":1,"DemandMax":null,"Value":4416},{"Length":97,"Height":105,"Demand":1,"DemandMax":null,"Value":10185},{"Length":37,"Height":31,"Demand":1,"DemandMax":null,"Value":1147},{"Length":35,"Height":29,"Demand":1,"DemandMax":null,"Value":1015},{"Length":29,"Height":33,"Demand":1,"DemandMax":null,"Value":957},{"Length":64,"Height":54,"Demand":1,"DemandMax":null,"Value":3456},{"Length":50,"Height":54,"Demand":1,"DemandMax":null,"Value":2700},{"Length":86,"Height":87,"Demand":1,"DemandMax":null,"Value":7482},{"Length":56,"Height":64,"Demand":1,"DemandMax":null,"Value":3584},{"Length":30,"Height":25,"Demand":1,"DemandMax":null,"Value":750},{"Length":28,"Height":27,"Demand":1,"DemandMax":null,"Value":756},{"Length":92,"Height":98,"Demand":1,"DemandMax":null,"Value":9016},{"Length":55,"Height":62,"Demand":1,"DemandMax":null,"Value":3410},{"Length":94,"Height":93,"Demand":1,"DemandMax":null,"Value":8742},{"Length":93,"Height":99,"Demand":1,"DemandMax":null,"Value":9207},{"Length":44,"Height":44,"Demand":1,"DemandMax":null,"Value":1936},{"Length":45,"Height":44,"Demand":1,"DemandMax":null,"Value":1980},{"Length":59,"Height":66,"Demand":1,"DemandMax":null,"Value":3894},{"Length":78,"Height":73,"Demand":1,"DemandMax":null,"Value":5694},{"Length":40,"Height":41,"Demand":1,"DemandMax":null,"Value":1640},{"Length":70,"Height":79,"Demand":1,"DemandMax":null,"Value":5530},{"Length":77,"Height":67,"Demand":1,"DemandMax":null,"Value":5159},{"Length":81,"Height":84,"Demand":1,"DemandMax":null,"Value":6804},{"Length":45,"Height":37,"Demand":1,"DemandMax":null,"Value":1665},{"Length":41,"Height":48,"Demand":1,"DemandMax":null,"Value":1968},{"Length":86,"Height":93,"Demand":1,"DemandMax":null,"Value":7998},{"Length":65,"Height":61,"Demand":1,"DemandMax":null,"Value":3965},{"Length":49,"Height":54,"Demand":1,"DemandMax":null,"Value":2646},{"Length":55,"Height":47,"Demand":1,"DemandMax":null,"Value":2585},{"Length":49,"Height":51,"Demand":1,"DemandMax":null,"Value":2499},{"Length":21,"Height":26,"Demand":1,"DemandMax":null,"Value":546},{"Length":69,"Height":68,"Demand":1,"DemandMax":null,"Value":4692},{"Length":78,"Height":86,"Demand":1,"DemandMax":null,"Value":6708},{"Length":39,"Height":44,"Demand":1,"DemandMax":null,"Value":1716},{"Length":48,"Height":54,"Demand":1,"DemandMax":null,"Value":2592},{"Length":72,"Height":68,"Demand":1,"DemandMax":null,"Value":4896},{"Length":21,"Height":27,"Demand":1,"DemandMax":null,"Value":567},{"Length":72,"Height":67,"Demand":1,"DemandMax":null,"Value":4824},{"Length":31,"Height":36,"Demand":1,"DemandMax":null,"Value":1116},{"Length":47,"Height":56,"Demand":1,"DemandMax":null,"Value":2632},{"Length":60,"Height":64,"Demand":1,"DemandMax":null,"Value":3840}]}