{"Name":"SPIEKSMA03_25_02","Objects":[{"Length":1000,"Height":1000,"Stock":null,"Cost":1000000}],"Items":[{"Length":250,"Height":630,"Demand":1,"DemandMax":null,"Value":157500},{"Length":710,"Height":234,"Demand":1,"DemandMax":null,"Value":166140},{"Length":641,"Height":275,"Demand":1,"DemandMax":null,"Value":176275},{"Length":376,"Height":287,"Demand":1,"DemandMax":null,"Value":107912},{"Length":448,"Height":602,"Demand":1,"DemandMax":null,"Value":269696},{"Length":391,"Height":555,"Demand":1,"DemandMax":null,"Value":217005},{"Length":537,"Height":279,"Demand":1,"DemandMax":null,"Value":149823},{"Length":221,"Height":706,"Demand":1,"DemandMax":null,"Value":156026},{"Length":775,"Height":571,"Demand":1,"DemandMax":null,"Value":442525},{"Length":733,"Height":606,"Demand":1,"DemandMax":null,"Value":444198},{"Length":629,"Height":545,"Demand":1,"DemandMax":null,"Value":342805},{"Length":595,"Height":321,"Demand":1,"DemandMax":null,"Value":190995},{"Length":365,"Height":668,"Demand":1,"DemandMax":null,"Value":243820},{"Length":472,"Height":718,"Demand":1,"DemandMax":null,"Value":338896},{"Length":449,"Height":406,"Demand":1,"DemandMax":null,"Value":182294},{"Length":631,"Height":465,"Demand":1,"DemandMax":null,"Value":293415},{"Length":349,"Height":627,"Demand":1,"DemandMax":null,"Value":218823},{"Length":339,"Height":226,"Demand":1,"DemandMax":null,"Value":76614},{"Length":332,"Height":597,"Demand":1,"DemandMax":null,"Value":198204},{"Length":262,"Height":271,"Demand":1,"DemandMax":null,"Value":71002},{"Length":263,"Height":382,"Demand":1,"DemandMax":null,"Value":100466},{"Length":668,"Height":464,"Demand":1,"DemandMax":null,"Value":309952},{"Length":210,"Height":249,"Demand":1,"DemandMax":null,"Value":52290},{"Length":223,"Height":272,"Demand":1,"DemandMax":null,"Value":60656},{"Length":439,"Height":666,"Demand":1,"DemandMax":null,"Value":292374}]}