{"Name":"SPIEKSMA10_99_09","Objects":[{"Length":100,"Height":100,"Stock":null,"Cost":10000}],"Items":[{"Length":35,"Height":50,"Demand":1,"DemandMax":null,"Value":1750},{"Length":49,"Height":47,"Demand":1,"DemandMax":null,"Value":2303},{"Length":49,"Height":43,"Demand":1,"DemandMax":null,"Value":2107},{"Length":39,"Height":49,"Demand":1,"DemandMax":null,"Value":1911},{"Length":49,"Height":30,"Demand":1,"DemandMax":null,"Value":1470},{"Length":33,"Height":48,"Demand":1,"DemandMax":null,"Value":1584},{"Length":48,"Height":36,"Demand":1,"DemandMax":null,"Value":1728},{"Length":45,"Height":48,"Demand":1,"DemandMax":null,"Value":2160},{"Length":48,"Height":30,"Demand":1,"DemandMax":null,"Value":1440},{"Length":47,"Height":34,"Demand":1,"DemandMax":null,"Value":1598},{"Length":39,"Height":47,"Demand":1,"DemandMax":null,"Value":1833},{"Length":44,"Height":47,"Demand":1,"DemandMax":null,"Value":2068},{"Length":47,"Height":40,"Demand":1,"DemandMax":null,"Value":1880},{"Length":21,"Height":46,"Demand":1,"DemandMax":null,"Value":966},{"Length":46,"Height":40,"Demand":2,"DemandMax":null,"Value":1840},{"Length":43,"Height":46,"Demand":1,"DemandMax":null,"Value":1978},{"Length":36,"Height":46,"Demand":1,"DemandMax":null,"Value":1656},{"Length":25,"Height":46,"Demand":1,"DemandMax":null,"Value":1150},{"Length":28,"Height":45,"Demand":1,"DemandMax":null,"Value":1260},{"Length":45,"Height":28,"Demand":1,"DemandMax":null,"Value":1260},{"Length":30,"Height":44,"Demand":1,"DemandMax":null,"Value":1320},{"Length":44,"Height":30,"Demand":1,"DemandMax":null,"Value":1320},{"Length":44,"Height":22,"Demand":1,"DemandMax":null,"Value":968},{"Length":28,"Height":44,"Demand":1,"DemandMax":null,"Value":1232},{"Length":19,"Height":44,"Demand":1,"DemandMax":null,"Value":836},{"Length":44,"Height":38,"Demand":1,"DemandMax":null,"Value":1672},{"Length":44,"Height":39,"Demand":1,"DemandMax":null,"Value":1716},{"Length":38,"Height":44,"Demand":1,"DemandMax":null,"Value":1672},{"Length":37,"Height":44,"Demand":1,"DemandMax":null,"Value":1628},{"Length":43,"Height":41,"Demand":1,"DemandMax":null,"Value":1763},{"Length":35,"Height":43,"Demand":1,"DemandMax":null,"Value":1505},{"Length":36,"Height":43,"Demand":1,"DemandMax":null,"Value":1548},{"Length":30,"Height":43,"Demand":1,"DemandMax":null,"Value":1290},{"Length":29,"Height":42,"Demand":1,"DemandMax":null,"Value":1218},{"Length":42,"Height":39,"Demand":1,"DemandMax":null,"Value":1638},{"Length":26,"Height":42,"Demand":2,"DemandMax":null,"Value":1092},{"Length":42,"Height":42,"Demand":1,"DemandMax":null,"Value":1764},{"Length":41,"Height":28,"Demand":1,"DemandMax":null,"Value":1148},{"Length":40,"Height":28,"Demand":1,"DemandMax":null,"Value":1120},{"Length":40,"Height":37,"Demand":1,"DemandMax":null,"Value":1480},{"Length":30,"Height":40,"Demand":1,"DemandMax":null,"Value":1200},{"Length":32,"Height":40,"Demand":1,"DemandMax":null,"Value":1280},{"Length":36,"Height":40,"Demand":1,"DemandMax":null,"Value":1440},{"Length":26,"Height":40,"Demand":1,"DemandMax":null,"Value":1040},{"Length":3,"Height":40,"Demand":1,"DemandMax":null,"Value":120},{"Length":40,"Height":29,"Demand":1,"DemandMax":null,"Value":1160},{"Length":39,"Height":26,"Demand":1,"DemandMax":null,"Value":1014},{"Length":39,"Height":34,"Demand":2,"DemandMax":null,"Value":1326},{"Length":34,"Height":39,"Demand":1,"DemandMax":null,"Value":1326},{"Length":36,"Height":39,"Demand":1,"DemandMax":null,"Value":1404},{"Length":38,"Height":20,"Demand":1,"DemandMax":null,"Value":760},{"Length":28,"Height":38,"Demand":1,"DemandMax":null,"Value":1064},{"Length":37,"Height":6,"Demand":1,"DemandMax":null,"Value":222},{"Length":37,"Height":12,"Demand":1,"DemandMax":null,"Value":444},{"Length":37,"Height":37,"Demand":1,"DemandMax":null,"Value":1369},{"Length":37,"Height":34,"Demand":1,"DemandMax":null,"Value":1258},{"Length":36,"Height":25,"Demand":1,"DemandMax":null,"Value":900},{"Length":32,"Height":36,"Demand":1,"DemandMax":null,"Value":1152},{"Length":36,"Height":27,"Demand":1,"DemandMax":null,"Value":972},{"Length":34,"Height":36,"Demand":1,"DemandMax":null,"Value":1224},{"Length":36,"Height":28,"Demand":1,"DemandMax":null,"Value":1008},{"Length":36,"Height":36,"Demand":1,"DemandMax":null,"Value":1296},{"Length":23,"Height":36,"Demand":1,"DemandMax":null,"Value":828},{"Length":29,"Height":36,"Demand":1,"DemandMax":null,"Value":1044},{"Length":35,"Height":33,"Demand":1,"DemandMax":null,"Value":1155},{"Length":35,"Height":24,"Demand":1,"DemandMax":null,"Value":840},{"Length":31,"Height":34,"Demand":1,"DemandMax":null,"Value":1054},{"Length":30,"Height":34,"Demand":1,"DemandMax":null,"Value":1020},{"Length":34,"Height":30,"Demand":1,"DemandMax":null,"Value":1020},{"Length":33,"Height":26,"Demand":2,"DemandMax":null,"Value":858},{"Length":28,"Height":33,"Demand":1,"DemandMax":null,"Value":924},{"Length":33,"Height":31,"Demand":1,"DemandMax":null,"Value":1023},{"Length":33,"Height":29,"Demand":1,"DemandMax":null,"Value":957},{"Length":33,"Height":30,"Demand":1,"DemandMax":null,"Value":990},{"Length":32,"Height":25,"Demand":1,"DemandMax":null,"Value":800},{"Length":31,"Height":31,"Demand":1,"DemandMax":null,"Value":961},{"Length":30,"Height":28,"Demand":2,"DemandMax":null,"Value":840},{"Length":30,"Height":6,"Demand":1,"DemandMax":null,"Value":180},{"Length":29,"Height":26,"Demand":3,"DemandMax":null,"Value":754},{"Length":26,"Height":27,"Demand":1,"DemandMax":null,"Value":702},{"Length":25,"Height":27,"Demand":1,"DemandMax":null,"Value":675},{"Length":27,"Height":20,"Demand":1,"DemandMax":null,"Value":540},{"Length":27,"Height":17,"Demand":1,"DemandMax":null,"Value":459},{"Length":25,"Height":26,"Demand":1,"DemandMax":null,"Value":650},{"Length":18,"Height":25,"Demand":1,"DemandMax":null,"Value":450},{"Length":18,"Height":23,"Demand":1,"DemandMax":null,"Value":414},{"Length":15,"Height":21,"Demand":1,"DemandMax":null,"Value":315},{"Length":15,"Height":20,"Demand":1,"DemandMax":null,"Value":300},{"Length":20,"Height":13,"Demand":1,"DemandMax":null,"Value":260},{"Length":20,"Height":15,"Demand":1,"DemandMax":null,"Value":300},{"Length":11,"Height":14,"Demand":1,"DemandMax":null,"Value":154},{"Length":5,"Height":13,"Demand":1,"DemandMax":null,"Value":65}]}