{"Name":"SPIEKSMA02_200_01","Objects":[{"Length":1000,"Height":1000,"Stock":null,"Cost":1000000}],"Items":[{"Length":217,"Height":84,"Demand":1,"DemandMax":null,"Value":18228},{"Length":716,"Height":851,"Demand":1,"DemandMax":null,"Value":609316},{"Length":57,"Height":736,"Demand":1,"DemandMax":null,"Value":41952},{"Length":126,"Height":294,"Demand":1,"DemandMax":null,"Value":37044},{"Length":145,"Height":414,"Demand":1,"DemandMax":null,"Value":60030},{"Length":671,"Height":319,"Demand":1,"DemandMax":null,"Value":214049},{"Length":592,"Height":563,"Demand":1,"DemandMax":null,"Value":333296},{"Length":132,"Height":36,"Demand":1,"DemandMax":null,"Value":4752},{"Length":843,"Height":959,"Demand":1,"DemandMax":null,"Value":808437},{"Length":618,"Height":889,"Demand":1,"DemandMax":null,"Value":549402},{"Length":676,"Height":715,"Demand":1,"DemandMax":null,"Value":483340},{"Length":575,"Height":658,"Demand":1,"DemandMax":null,"Value":378350},{"Length":202,"Height":275,"Demand":1,"DemandMax":null,"Value":55550},{"Length":780,"Height":453,"Demand":1,"DemandMax":null,"Value":353340},{"Length":864,"Height":416,"Demand":1,"DemandMax":null,"Value":359424},{"Length":344,"Height":718,"Demand":1,"DemandMax":null,"Value":246992},{"Length":442,"Height":250,"Demand":1,"DemandMax":null,"Value":110500},{"Length":712,"Height":232,"Demand":1,"DemandMax":null,"Value":165184},{"Length":45,"Height":221,"Demand":1,"DemandMax":null,"Value":9945},{"Length":661,"Height":105,"Demand":1,"DemandMax":null,"Value":69405},{"Length":118,"Height":106,"Demand":1,"DemandMax":null,"Value":12508},{"Length":304,"Height":780,"Demand":1,"DemandMax":null,"Value":237120},{"Length":440,"Height":18,"Demand":1,"DemandMax":null,"Value":7920},{"Length":83,"Height":39,"Demand":1,"DemandMax":null,"Value":3237},{"Length":121,"Height":399,"Demand":1,"DemandMax":null,"Value":48279},{"Length":776,"Height":988,"Demand":1,"DemandMax":null,"Value":766688},{"Length":605,"Height":30,"Demand":1,"DemandMax":null,"Value":18150},{"Length":496,"Height":76,"Demand":1,"DemandMax":null,"Value":37696},{"Length":671,"Height":19,"Demand":1,"DemandMax":null,"Value":12749},{"Length":686,"Height":79,"Demand":1,"DemandMax":null,"Value":54194},{"Length":430,"Height":811,"Demand":1,"DemandMax":null,"Value":348730},{"Length":125,"Height":107,"Demand":1,"DemandMax":null,"Value":13375},{"Length":326,"Height":186,"Demand":1,"DemandMax":null,"Value":60636},{"Length":922,"Height":605,"Demand":1,"DemandMax":null,"Value":557810},{"Length":137,"Height":253,"Demand":1,"DemandMax":null,"Value":34661},{"Length":524,"Height":352,"Demand":1,"DemandMax":null,"Value":184448},{"Length":972,"Height":457,"Demand":1,"DemandMax":null,"Value":444204},{"Length":706,"Height":457,"Demand":1,"DemandMax":null,"Value":322642},{"Length":280,"Height":576,"Demand":1,"DemandMax":null,"Value":161280},{"Length":582,"Height":367,"Demand":1,"DemandMax":null,"Value":213594},{"Length":834,"Height":720,"Demand":1,"DemandMax":null,"Value":600480},{"Length":594,"Height":858,"Demand":1,"DemandMax":null,"Value":509652},{"Length":749,"Height":336,"Demand":1,"DemandMax":null,"Value":251664},{"Length":521,"Height":42,"Demand":1,"DemandMax":null,"Value":21882},{"Length":467,"Height":199,"Demand":1,"DemandMax":null,"Value":92933},{"Length":474,"Height":363,"Demand":1,"DemandMax":null,"Value":172062},{"Length":766,"Height":422,"Demand":1,"DemandMax":null,"Value":323252},{"Length":898,"Height":598,"Demand":1,"DemandMax":null,"Value":537004},{"Length":758,"Height":448,"Demand":1,"DemandMax":null,"Value":339584},{"Length":569,"Height":859,"Demand":1,"DemandMax":null,"Value":488771},{"Length":887,"Height":56,"Demand":1,"DemandMax":null,"Value":49672},{"Length":600,"Height":591,"Demand":1,"DemandMax":null,"Value":354600},{"Length":931,"Height":356,"Demand":1,"DemandMax":null,"Value":331436},{"Length":435,"Height":571,"Demand":1,"DemandMax":null,"Value":248385},{"Length":2,"Height":793,"Demand":1,"DemandMax":null,"Value":1586},{"Length":851,"Height":910,"Demand":1,"DemandMax":null,"Value":774410},{"Length":541,"Height":146,"Demand":1,"DemandMax":null,"Value":78986},{"Length":959,"Height":54,"Demand":1,"DemandMax":null,"Value":51786},{"Length":330,"Height":524,"Demand":1,"DemandMax":null,"Value":172920},{"Length":206,"Height":778,"Demand":1,"DemandMax":null,"Value":160268},{"Length":477,"Height":372,"Demand":1,"DemandMax":null,"Value":177444},{"Length":366,"Height":195,"Demand":1,"DemandMax":null,"Value":71370},{"Length":428,"Height":469,"Demand":1,"DemandMax":null,"Value":200732},{"Length":553,"Height":749,"Demand":1,"DemandMax":null,"Value":414197},{"Length":961,"Height":924,"Demand":1,"DemandMax":null,"Value":887964},{"Length":210,"Height":218,"Demand":1,"DemandMax":null,"Value":45780},{"Length":187,"Height":185,"Demand":1,"DemandMax":null,"Value":34595},{"Length":115,"Height":713,"Demand":1,"DemandMax":null,"Value":81995},{"Length":549,"Height":26,"Demand":1,"DemandMax":null,"Value":14274},{"Length":379,"Height":678,"Demand":1,"DemandMax":null,"Value":256962},{"Length":826,"Height":559,"Demand":1,"DemandMax":null,"Value":461734},{"Length":447,"Height":891,"Demand":1,"DemandMax":null,"Value":398277},{"Length":130,"Height":230,"Demand":1,"DemandMax":null,"Value":29900},{"Length":96,"Height":464,"Demand":1,"DemandMax":null,"Value":44544},{"Length":902,"Height":815,"Demand":1,"DemandMax":null,"Value":735130},{"Length":438,"Height":840,"Demand":1,"DemandMax":null,"Value":367920},{"Length":924,"Height":427,"Demand":1,"DemandMax":null,"Value":394548},{"Length":917,"Height":798,"Demand":1,"DemandMax":null,"Value":731766},{"Length":305,"Height":509,"Demand":1,"DemandMax":null,"Value":155245},{"Length":311,"Height":448,"Demand":1,"DemandMax":null,"Value":139328},{"Length":490,"Height":838,"Demand":1,"DemandMax":null,"Value":410620},{"Length":731,"Height":236,"Demand":1,"DemandMax":null,"Value":172516},{"Length":256,"Height":528,"Demand":1,"DemandMax":null,"Value":135168},{"Length":621,"Height":937,"Demand":1,"DemandMax":null,"Value":581877},{"Length":714,"Height":21,"Demand":1,"DemandMax":null,"Value":14994},{"Length":759,"Height":666,"Demand":1,"DemandMax":null,"Value":505494},{"Length":311,"Height":96,"Demand":1,"DemandMax":null,"Value":29856},{"Length":257,"Height":864,"Demand":1,"DemandMax":null,"Value":222048},{"Length":821,"Height":862,"Demand":1,"DemandMax":null,"Value":707702},{"Length":558,"Height":311,"Demand":1,"DemandMax":null,"Value":173538},{"Length":358,"Height":766,"Demand":1,"DemandMax":null,"Value":274228},{"Length":441,"Height":117,"Demand":1,"DemandMax":null,"Value":51597},{"Length":364,"Height":585,"Demand":1,"DemandMax":null,"Value":212940},{"Length":17,"Height":726,"Demand":1,"DemandMax":null,"Value":12342},{"Length":619,"Height":430,"Demand":1,"DemandMax":null,"Value":266170},{"Length":728,"Height":917,"Demand":1,"DemandMax":null,"Value":667576},{"Length":234,"Height":745,"Demand":1,"DemandMax":null,"Value":174330},{"Length":356,"Height":801,"Demand":1,"DemandMax":null,"Value":285156},{"Length":651,"Height":309,"Demand":1,"DemandMax":null,"Value":201159},{"Length":9,"Height":822,"Demand":1,"DemandMax":null,"Value":7398},{"Length":651,"Height":231,"Demand":1,"DemandMax":null,"Value":150381},{"Length":133,"Height":757,"Demand":1,"DemandMax":null,"Value":100681},{"Length":343,"Height":957,"Demand":1,"DemandMax":null,"Value":328251},{"Length":504,"Height":719,"Demand":1,"DemandMax":null,"Value":362376},{"Length":172,"Height":265,"Demand":1,"DemandMax":null,"Value":45580},{"Length":235,"Height":151,"Demand":1,"DemandMax":null,"Value":35485},{"Length":915,"Height":266,"Demand":1,"DemandMax":null,"Value":243390},{"Length":769,"Height":831,"Demand":1,"DemandMax":null,"Value":639039},{"Length":685,"Height":403,"Demand":1,"DemandMax":null,"Value":276055},{"Length":885,"Height":870,"Demand":1,"DemandMax":null,"Value":769950},{"Length":925,"Height":455,"Demand":1,"DemandMax":null,"Value":420875},{"Length":694,"Height":713,"Demand":1,"DemandMax":null,"Value":494822},{"Length":414,"Height":533,"Demand":1,"DemandMax":null,"Value":220662},{"Length":640,"Height":138,"Demand":1,"DemandMax":null,"Value":88320},{"Length":262,"Height":82,"Demand":1,"DemandMax":null,"Value":21484},{"Length":501,"Height":255,"Demand":1,"DemandMax":null,"Value":127755},{"Length":913,"Height":878,"Demand":1,"DemandMax":null,"Value":801614},{"Length":387,"Height":509,"Demand":1,"DemandMax":null,"Value":196983},{"Length":146,"Height":35,"Demand":1,"DemandMax":null,"Value":5110},{"Length":744,"Height":677,"Demand":1,"DemandMax":null,"Value":503688},{"Length":71,"Height":993,"Demand":1,"DemandMax":null,"Value":70503},{"Length":349,"Height":872,"Demand":1,"DemandMax":null,"Value":304328},{"Length":134,"Height":535,"Demand":1,"DemandMax":null,"Value":71690},{"Length":313,"Height":537,"Demand":1,"DemandMax":null,"Value":168081},{"Length":111,"Height":768,"Demand":1,"DemandMax":null,"Value":85248},{"Length":82,"Height":451,"Demand":1,"DemandMax":null,"Value":36982},{"Length":114,"Height":140,"Demand":1,"DemandMax":null,"Value":15960},{"Length":431,"Height":723,"Demand":1,"DemandMax":null,"Value":311613},{"Length":587,"Height":425,"Demand":1,"DemandMax":null,"Value":249475},{"Length":473,"Height":799,"Demand":1,"DemandMax":null,"Value":377927},{"Length":309,"Height":736,"Demand":1,"DemandMax":null,"Value":227424},{"Length":652,"Height":458,"Demand":1,"DemandMax":null,"Value":298616},{"Length":390,"Height":518,"Demand":1,"DemandMax":null,"Value":202020},{"Length":745,"Height":808,"Demand":1,"DemandMax":null,"Value":601960},{"Length":275,"Height":548,"Demand":1,"DemandMax":null,"Value":150700},{"Length":865,"Height":295,"Demand":1,"DemandMax":null,"Value":255175},{"Length":740,"Height":937,"Demand":1,"DemandMax":null,"Value":693380},{"Length":456,"Height":697,"Demand":1,"DemandMax":null,"Value":317832},{"Length":899,"Height":131,"Demand":1,"DemandMax":null,"Value":117769},{"Length":294,"Height":126,"Demand":1,"DemandMax":null,"Value":37044},{"Length":195,"Height":904,"Demand":1,"DemandMax":null,"Value":176280},{"Length":491,"Height":25,"Demand":1,"DemandMax":null,"Value":12275},{"Length":406,"Height":372,"Demand":1,"DemandMax":null,"Value":151032},{"Length":493,"Height":171,"Demand":1,"DemandMax":null,"Value":84303},{"Length":642,"Height":975,"Demand":1,"DemandMax":null,"Value":625950},{"Length":76,"Height":676,"Demand":1,"DemandMax":null,"Value":51376},{"Length":349,"Height":495,"Demand":1,"DemandMax":null,"Value":172755},{"Length":351,"Height":986,"Demand":1,"DemandMax":null,"Value":346086},{"Length":304,"Height":40,"Demand":1,"DemandMax":null,"Value":12160},{"Length":763,"Height":877,"Demand":1,"DemandMax":null,"Value":669151},{"Length":618,"Height":55,"Demand":1,"DemandMax":null,"Value":33990},{"Length":91,"Height":461,"Demand":1,"DemandMax":null,"Value":41951},{"Length":736,"Height":318,"Demand":1,"DemandMax":null,"Value":234048},{"Length":444,"Height":182,"Demand":1,"DemandMax":null,"Value":80808},{"Length":435,"Height":940,"Demand":1,"DemandMax":null,"Value":408900},{"Length":267,"Height":817,"Demand":1,"DemandMax":null,"Value":218139},{"Length":827,"Height":367,"Demand":1,"DemandMax":null,"Value":303509},{"Length":339,"Height":479,"Demand":1,"DemandMax":null,"Value":162381},{"Length":357,"Height":375,"Demand":1,"DemandMax":null,"Value":133875},{"Length":769,"Height":610,"Demand":1,"DemandMax":null,"Value":469090},{"Length":800,"Height":76,"Demand":1,"DemandMax":null,"Value":60800},{"Length":5,"Height":990,"Demand":1,"DemandMax":null,"Value":4950},{"Length":270,"Height":912,"Demand":1,"DemandMax":null,"Value":246240},{"Length":820,"Height":730,"Demand":1,"DemandMax":null,"Value":598600},{"Length":211,"Height":665,"Demand":1,"DemandMax":null,"Value":140315},{"Length":329,"Height":273,"Demand":1,"DemandMax":null,"Value":89817},{"Length":399,"Height":443,"Demand":1,"DemandMax":null,"Value":176757},{"Length":974,"Height":397,"Demand":1,"DemandMax":null,"Value":386678},{"Length":946,"Height":691,"Demand":1,"DemandMax":null,"Value":653686},{"Length":535,"Height":214,"Demand":1,"DemandMax":null,"Value":114490},{"Length":298,"Height":188,"Demand":1,"DemandMax":null,"Value":56024},{"Length":122,"Height":169,"Demand":1,"DemandMax":null,"Value":20618},{"Length":231,"Height":44,"Demand":1,"DemandMax":null,"Value":10164},{"Length":179,"Height":38,"Demand":1,"DemandMax":null,"Value":6802},{"Length":855,"Height":703,"Demand":1,"DemandMax":null,"Value":601065},{"Length":484,"Height":932,"Demand":1,"DemandMax":null,"Value":451088},{"Length":618,"Height":944,"Demand":1,"DemandMax":null,"Value":583392},{"Length":148,"Height":297,"Demand":1,"DemandMax":null,"Value":43956},{"Length":295,"Height":878,"Demand":1,"DemandMax":null,"Value":259010},{"Length":616,"Height":910,"Demand":1,"DemandMax":null,"Value":560560},{"Length":998,"Height":949,"Demand":1,"DemandMax":null,"Value":947102},{"Length":665,"Height":883,"Demand":1,"DemandMax":null,"Value":587195},{"Length":172,"Height":934,"Demand":1,"DemandMax":null,"Value":160648},{"Length":407,"Height":659,"Demand":1,"DemandMax":null,"Value":268213},{"Length":593,"Height":946,"Demand":1,"DemandMax":null,"Value":560978},{"Length":287,"Height":18,"Demand":1,"DemandMax":null,"Value":5166},{"Length":375,"Height":428,"Demand":1,"DemandMax":null,"Value":160500},{"Length":81,"Height":68,"Demand":1,"DemandMax":null,"Value":5508},{"Length":959,"Height":158,"Demand":1,"DemandMax":null,"Value":151522},{"Length":900,"Height":255,"Demand":1,"DemandMax":null,"Value":229500},{"Length":126,"Height":247,"Demand":1,"DemandMax":null,"Value":31122},{"Length":190,"Height":357,"Demand":1,"DemandMax":null,"Value":67830},{"Length":983,"Height":140,"Demand":1,"DemandMax":null,"Value":137620},{"Length":728,"Height":485,"Demand":1,"DemandMax":null,"Value":353080},{"Length":979,"Height":614,"Demand":1,"DemandMax":null,"Value":601106},{"Length":626,"Height":84,"Demand":1,"DemandMax":null,"Value":52584},{"Length":890,"Height":781,"Demand":1,"DemandMax":null,"Value":695090},{"Length":327,"Height":930,"Demand":1,"DemandMax":null,"Value":304110},{"Length":826,"Height":86,"Demand":1,"DemandMax":null,"Value":71036},{"Length":610,"Height":137,"Demand":1,"DemandMax":null,"Value":83570}]}