{"Name":"SPIEKSMA10_24_07","Objects":[{"Length":100,"Height":100,"Stock":null,"Cost":10000}],"Items":[{"Length":26,"Height":49,"Demand":1,"DemandMax":null,"Value":1274},{"Length":47,"Height":43,"Demand":1,"DemandMax":null,"Value":2021},{"Length":44,"Height":47,"Demand":1,"DemandMax":null,"Value":2068},{"Length":28,"Height":46,"Demand":1,"DemandMax":null,"Value":1288},{"Length":46,"Height":5,"Demand":1,"DemandMax":null,"Value":230},{"Length":26,"Height":44,"Demand":1,"DemandMax":null,"Value":1144},{"Length":43,"Height":31,"Demand":1,"DemandMax":null,"Value":1333},{"Length":43,"Height":26,"Demand":1,"DemandMax":null,"Value":1118},{"Length":42,"Height":40,"Demand":1,"DemandMax":null,"Value":1680},{"Length":40,"Height":42,"Demand":1,"DemandMax":null,"Value":1680},{"Length":41,"Height":32,"Demand":1,"DemandMax":null,"Value":1312},{"Length":40,"Height":36,"Demand":1,"DemandMax":null,"Value":1440},{"Length":33,"Height":39,"Demand":1,"DemandMax":null,"Value":1287},{"Length":39,"Height":30,"Demand":1,"DemandMax":null,"Value":1170},{"Length":20,"Height":38,"Demand":1,"DemandMax":null,"Value":760},{"Length":36,"Height":35,"Demand":1,"DemandMax":null,"Value":1260},{"Length":34,"Height":36,"Demand":1,"DemandMax":null,"Value":1224},{"Length":32,"Height":35,"Demand":1,"DemandMax":null,"Value":1120},{"Length":23,"Height":33,"Demand":1,"DemandMax":null,"Value":759},{"Length":31,"Height":30,"Demand":1,"DemandMax":null,"Value":930},{"Length":28,"Height":29,"Demand":1,"DemandMax":null,"Value":812},{"Length":25,"Height":21,"Demand":1,"DemandMax":null,"Value":525},{"Length":20,"Height":18,"Demand":1,"DemandMax":null,"Value":360},{"Length":13,"Height":15,"Demand":1,"DemandMax":null,"Value":195}]}