{"Name":"SPIEKSMA03_100_07","Objects":[{"Length":1000,"Height":1000,"Stock":null,"Cost":1000000}],"Items":[{"Length":275,"Height":376,"Demand":1,"DemandMax":null,"Value":103400},{"Length":287,"Height":448,"Demand":1,"DemandMax":null,"Value":128576},{"Length":602,"Height":391,"Demand":1,"DemandMax":null,"Value":235382},{"Length":555,"Height":537,"Demand":1,"DemandMax":null,"Value":298035},{"Length":279,"Height":221,"Demand":1,"DemandMax":null,"Value":61659},{"Length":706,"Height":775,"Demand":1,"DemandMax":null,"Value":547150},{"Length":571,"Height":733,"Demand":1,"DemandMax":null,"Value":418543},{"Length":606,"Height":629,"Demand":1,"DemandMax":null,"Value":381174},{"Length":545,"Height":595,"Demand":1,"DemandMax":null,"Value":324275},{"Length":321,"Height":365,"Demand":1,"DemandMax":null,"Value":117165},{"Length":668,"Height":472,"Demand":1,"DemandMax":null,"Value":315296},{"Length":718,"Height":449,"Demand":1,"DemandMax":null,"Value":322382},{"Length":406,"Height":631,"Demand":1,"DemandMax":null,"Value":256186},{"Length":465,"Height":349,"Demand":1,"DemandMax":null,"Value":162285},{"Length":627,"Height":339,"Demand":1,"DemandMax":null,"Value":212553},{"Length":226,"Height":332,"Demand":1,"DemandMax":null,"Value":75032},{"Length":597,"Height":262,"Demand":1,"DemandMax":null,"Value":156414},{"Length":271,"Height":263,"Demand":1,"DemandMax":null,"Value":71273},{"Length":382,"Height":668,"Demand":1,"DemandMax":null,"Value":255176},{"Length":464,"Height":210,"Demand":1,"DemandMax":null,"Value":97440},{"Length":249,"Height":223,"Demand":1,"DemandMax":null,"Value":55527},{"Length":272,"Height":439,"Demand":1,"DemandMax":null,"Value":119408},{"Length":666,"Height":793,"Demand":1,"DemandMax":null,"Value":528138},{"Length":563,"Height":217,"Demand":1,"DemandMax":null,"Value":122171},{"Length":497,"Height":245,"Demand":1,"DemandMax":null,"Value":121765},{"Length":603,"Height":211,"Demand":1,"DemandMax":null,"Value":127233},{"Length":612,"Height":247,"Demand":1,"DemandMax":null,"Value":151164},{"Length":458,"Height":686,"Demand":1,"DemandMax":null,"Value":314188},{"Length":275,"Height":264,"Demand":1,"DemandMax":null,"Value":72600},{"Length":395,"Height":311,"Demand":1,"DemandMax":null,"Value":122845},{"Length":753,"Height":563,"Demand":1,"DemandMax":null,"Value":423939},{"Length":282,"Height":351,"Demand":1,"DemandMax":null,"Value":98982},{"Length":514,"Height":411,"Demand":1,"DemandMax":null,"Value":211254},{"Length":783,"Height":474,"Demand":1,"DemandMax":null,"Value":371142},{"Length":623,"Height":474,"Demand":1,"DemandMax":null,"Value":295302},{"Length":367,"Height":545,"Demand":1,"DemandMax":null,"Value":200015},{"Length":549,"Height":420,"Demand":1,"DemandMax":null,"Value":230580},{"Length":700,"Height":632,"Demand":1,"DemandMax":null,"Value":442400},{"Length":556,"Height":715,"Demand":1,"DemandMax":null,"Value":397540},{"Length":649,"Height":401,"Demand":1,"DemandMax":null,"Value":260249},{"Length":512,"Height":225,"Demand":1,"DemandMax":null,"Value":115200},{"Length":480,"Height":319,"Demand":1,"DemandMax":null,"Value":153120},{"Length":484,"Height":417,"Demand":1,"DemandMax":null,"Value":201828},{"Length":659,"Height":453,"Demand":1,"DemandMax":null,"Value":298527},{"Length":738,"Height":559,"Demand":1,"DemandMax":null,"Value":412542},{"Length":655,"Height":468,"Demand":1,"DemandMax":null,"Value":306540},{"Length":541,"Height":715,"Demand":1,"DemandMax":null,"Value":386815},{"Length":732,"Height":233,"Demand":1,"DemandMax":null,"Value":170556},{"Length":560,"Height":555,"Demand":1,"DemandMax":null,"Value":310800},{"Length":758,"Height":413,"Demand":1,"DemandMax":null,"Value":313054},{"Length":461,"Height":543,"Demand":1,"DemandMax":null,"Value":250323},{"Length":200,"Height":676,"Demand":1,"DemandMax":null,"Value":135200},{"Length":710,"Height":746,"Demand":1,"DemandMax":null,"Value":529660},{"Length":524,"Height":287,"Demand":1,"DemandMax":null,"Value":150388},{"Length":776,"Height":232,"Demand":1,"DemandMax":null,"Value":180032},{"Length":397,"Height":514,"Demand":1,"DemandMax":null,"Value":204058},{"Length":323,"Height":667,"Demand":1,"DemandMax":null,"Value":215441},{"Length":486,"Height":423,"Demand":1,"DemandMax":null,"Value":205578},{"Length":419,"Height":317,"Demand":1,"DemandMax":null,"Value":132823},{"Length":457,"Height":481,"Demand":1,"DemandMax":null,"Value":219817},{"Length":531,"Height":649,"Demand":1,"DemandMax":null,"Value":344619},{"Length":776,"Height":755,"Demand":1,"DemandMax":null,"Value":585880},{"Length":325,"Height":330,"Demand":1,"DemandMax":null,"Value":107250},{"Length":312,"Height":310,"Demand":1,"DemandMax":null,"Value":96720},{"Length":268,"Height":627,"Demand":1,"DemandMax":null,"Value":168036},{"Length":529,"Height":215,"Demand":1,"DemandMax":null,"Value":113735},{"Length":427,"Height":606,"Demand":1,"DemandMax":null,"Value":258762},{"Length":695,"Height":535,"Demand":1,"DemandMax":null,"Value":371825},{"Length":468,"Height":734,"Demand":1,"DemandMax":null,"Value":343512},{"Length":277,"Height":338,"Demand":1,"DemandMax":null,"Value":93626},{"Length":257,"Height":478,"Demand":1,"DemandMax":null,"Value":122846},{"Length":741,"Height":689,"Demand":1,"DemandMax":null,"Value":510549},{"Length":463,"Height":704,"Demand":1,"DemandMax":null,"Value":325952},{"Length":754,"Height":456,"Demand":1,"DemandMax":null,"Value":343824},{"Length":750,"Height":678,"Demand":1,"DemandMax":null,"Value":508500},{"Length":383,"Height":505,"Demand":1,"DemandMax":null,"Value":193415},{"Length":386,"Height":469,"Demand":1,"DemandMax":null,"Value":181034},{"Length":494,"Height":703,"Demand":1,"DemandMax":null,"Value":347282},{"Length":638,"Height":341,"Demand":1,"DemandMax":null,"Value":217558},{"Length":353,"Height":516,"Demand":1,"DemandMax":null,"Value":182148},{"Length":572,"Height":762,"Demand":1,"DemandMax":null,"Value":435864},{"Length":628,"Height":212,"Demand":1,"DemandMax":null,"Value":133136},{"Length":655,"Height":599,"Demand":1,"DemandMax":null,"Value":392345},{"Length":386,"Height":257,"Demand":1,"DemandMax":null,"Value":99202},{"Length":354,"Height":718,"Demand":1,"DemandMax":null,"Value":254172},{"Length":692,"Height":717,"Demand":1,"DemandMax":null,"Value":496164},{"Length":535,"Height":386,"Demand":1,"DemandMax":null,"Value":206510},{"Length":414,"Height":660,"Demand":1,"DemandMax":null,"Value":273240},{"Length":464,"Height":270,"Demand":1,"DemandMax":null,"Value":125280},{"Length":418,"Height":551,"Demand":1,"DemandMax":null,"Value":230318},{"Length":209,"Height":636,"Demand":1,"DemandMax":null,"Value":132924},{"Length":571,"Height":458,"Demand":1,"DemandMax":null,"Value":261518},{"Length":637,"Height":750,"Demand":1,"DemandMax":null,"Value":477750},{"Length":340,"Height":647,"Demand":1,"DemandMax":null,"Value":219980},{"Length":413,"Height":681,"Demand":1,"DemandMax":null,"Value":281253},{"Length":591,"Height":385,"Demand":1,"DemandMax":null,"Value":227535},{"Length":205,"Height":693,"Demand":1,"DemandMax":null,"Value":142065},{"Length":590,"Height":338,"Demand":1,"DemandMax":null,"Value":199420},{"Length":279,"Height":654,"Demand":1,"DemandMax":null,"Value":182466},{"Length":405,"Height":774,"Demand":1,"DemandMax":null,"Value":313470}]}