{"Name":"SPIEKSMA06_25_05","Objects":[{"Length":150,"Height":150,"Stock":null,"Cost":22500}],"Items":[{"Length":24,"Height":79,"Demand":1,"DemandMax":null,"Value":1896},{"Length":30,"Height":43,"Demand":1,"DemandMax":null,"Value":1290},{"Length":32,"Height":53,"Demand":1,"DemandMax":null,"Value":1696},{"Length":74,"Height":45,"Demand":1,"DemandMax":null,"Value":3330},{"Length":67,"Height":65,"Demand":1,"DemandMax":null,"Value":4355},{"Length":30,"Height":23,"Demand":1,"DemandMax":null,"Value":690},{"Length":87,"Height":97,"Demand":1,"DemandMax":null,"Value":8439},{"Length":69,"Height":91,"Demand":1,"DemandMax":null,"Value":6279},{"Length":74,"Height":77,"Demand":1,"DemandMax":null,"Value":5698},{"Length":66,"Height":73,"Demand":1,"DemandMax":null,"Value":4818},{"Length":36,"Height":42,"Demand":1,"DemandMax":null,"Value":1512},{"Length":82,"Height":56,"Demand":1,"DemandMax":null,"Value":4592},{"Length":89,"Height":53,"Demand":1,"DemandMax":null,"Value":4717},{"Length":47,"Height":77,"Demand":1,"DemandMax":null,"Value":3619},{"Length":55,"Height":40,"Demand":1,"DemandMax":null,"Value":2200},{"Length":77,"Height":38,"Demand":1,"DemandMax":null,"Value":2926},{"Length":24,"Height":38,"Demand":1,"DemandMax":null,"Value":912},{"Length":73,"Height":28,"Demand":1,"DemandMax":null,"Value":2044},{"Length":29,"Height":28,"Demand":1,"DemandMax":null,"Value":812},{"Length":44,"Height":82,"Demand":1,"DemandMax":null,"Value":3608},{"Length":55,"Height":21,"Demand":1,"DemandMax":null,"Value":1155},{"Length":27,"Height":23,"Demand":1,"DemandMax":null,"Value":621},{"Length":30,"Height":52,"Demand":1,"DemandMax":null,"Value":1560},{"Length":82,"Height":99,"Demand":1,"DemandMax":null,"Value":8118},{"Length":68,"Height":22,"Demand":1,"DemandMax":null,"Value":1496}]}