{"Name":"SPIEKSMA07_25_05","Objects":[{"Length":150,"Height":150,"Stock":null,"Cost":22500}],"Items":[{"Length":24,"Height":29,"Demand":1,"DemandMax":null,"Value":696},{"Length":30,"Height":26,"Demand":1,"DemandMax":null,"Value":780},{"Length":32,"Height":30,"Demand":1,"DemandMax":null,"Value":960},{"Length":74,"Height":70,"Demand":1,"DemandMax":null,"Value":5180},{"Length":67,"Height":68,"Demand":1,"DemandMax":null,"Value":4556},{"Length":30,"Height":21,"Demand":1,"DemandMax":null,"Value":630},{"Length":87,"Height":96,"Demand":1,"DemandMax":null,"Value":8352},{"Length":69,"Height":77,"Demand":1,"DemandMax":null,"Value":5313},{"Length":74,"Height":78,"Demand":1,"DemandMax":null,"Value":5772},{"Length":66,"Height":69,"Demand":1,"DemandMax":null,"Value":4554},{"Length":36,"Height":31,"Demand":1,"DemandMax":null,"Value":1116},{"Length":82,"Height":81,"Demand":1,"DemandMax":null,"Value":6642},{"Length":89,"Height":87,"Demand":1,"DemandMax":null,"Value":7743},{"Length":47,"Height":51,"Demand":1,"DemandMax":null,"Value":2397},{"Length":55,"Height":50,"Demand":1,"DemandMax":null,"Value":2750},{"Length":77,"Height":72,"Demand":1,"DemandMax":null,"Value":5544},{"Length":24,"Height":18,"Demand":1,"DemandMax":null,"Value":432},{"Length":73,"Height":65,"Demand":1,"DemandMax":null,"Value":4745},{"Length":29,"Height":21,"Demand":1,"DemandMax":null,"Value":609},{"Length":44,"Height":50,"Demand":1,"DemandMax":null,"Value":2200},{"Length":55,"Height":45,"Demand":1,"DemandMax":null,"Value":2475},{"Length":27,"Height":18,"Demand":1,"DemandMax":null,"Value":486},{"Length":30,"Height":28,"Demand":1,"DemandMax":null,"Value":840},{"Length":82,"Height":92,"Demand":1,"DemandMax":null,"Value":7544},{"Length":68,"Height":59,"Demand":1,"DemandMax":null,"Value":4012}]}