{"Name":"SPIEKSMA10_51_07","Objects":[{"Length":100,"Height":100,"Stock":null,"Cost":10000}],"Items":[{"Length":50,"Height":26,"Demand":1,"DemandMax":null,"Value":1300},{"Length":26,"Height":49,"Demand":1,"DemandMax":null,"Value":1274},{"Length":38,"Height":49,"Demand":1,"DemandMax":null,"Value":1862},{"Length":48,"Height":28,"Demand":1,"DemandMax":null,"Value":1344},{"Length":47,"Height":43,"Demand":1,"DemandMax":null,"Value":2021},{"Length":44,"Height":47,"Demand":1,"DemandMax":null,"Value":2068},{"Length":47,"Height":37,"Demand":1,"DemandMax":null,"Value":1739},{"Length":28,"Height":46,"Demand":1,"DemandMax":null,"Value":1288},{"Length":46,"Height":5,"Demand":1,"DemandMax":null,"Value":230},{"Length":45,"Height":25,"Demand":1,"DemandMax":null,"Value":1125},{"Length":27,"Height":45,"Demand":1,"DemandMax":null,"Value":1215},{"Length":26,"Height":44,"Demand":1,"DemandMax":null,"Value":1144},{"Length":30,"Height":44,"Demand":1,"DemandMax":null,"Value":1320},{"Length":44,"Height":40,"Demand":1,"DemandMax":null,"Value":1760},{"Length":44,"Height":37,"Demand":1,"DemandMax":null,"Value":1628},{"Length":43,"Height":31,"Demand":1,"DemandMax":null,"Value":1333},{"Length":43,"Height":26,"Demand":1,"DemandMax":null,"Value":1118},{"Length":42,"Height":40,"Demand":1,"DemandMax":null,"Value":1680},{"Length":40,"Height":42,"Demand":1,"DemandMax":null,"Value":1680},{"Length":42,"Height":28,"Demand":1,"DemandMax":null,"Value":1176},{"Length":37,"Height":42,"Demand":1,"DemandMax":null,"Value":1554},{"Length":42,"Height":36,"Demand":1,"DemandMax":null,"Value":1512},{"Length":41,"Height":32,"Demand":1,"DemandMax":null,"Value":1312},{"Length":12,"Height":41,"Demand":1,"DemandMax":null,"Value":492},{"Length":40,"Height":36,"Demand":1,"DemandMax":null,"Value":1440},{"Length":40,"Height":31,"Demand":1,"DemandMax":null,"Value":1240},{"Length":33,"Height":39,"Demand":1,"DemandMax":null,"Value":1287},{"Length":39,"Height":30,"Demand":1,"DemandMax":null,"Value":1170},{"Length":22,"Height":39,"Demand":1,"DemandMax":null,"Value":858},{"Length":20,"Height":38,"Demand":1,"DemandMax":null,"Value":760},{"Length":36,"Height":35,"Demand":1,"DemandMax":null,"Value":1260},{"Length":34,"Height":36,"Demand":2,"DemandMax":null,"Value":1224},{"Length":33,"Height":36,"Demand":1,"DemandMax":null,"Value":1188},{"Length":36,"Height":33,"Demand":1,"DemandMax":null,"Value":1188},{"Length":32,"Height":35,"Demand":1,"DemandMax":null,"Value":1120},{"Length":26,"Height":35,"Demand":1,"DemandMax":null,"Value":910},{"Length":6,"Height":34,"Demand":1,"DemandMax":null,"Value":204},{"Length":23,"Height":33,"Demand":1,"DemandMax":null,"Value":759},{"Length":28,"Height":33,"Demand":1,"DemandMax":null,"Value":924},{"Length":31,"Height":30,"Demand":1,"DemandMax":null,"Value":930},{"Length":31,"Height":19,"Demand":1,"DemandMax":null,"Value":589},{"Length":28,"Height":30,"Demand":1,"DemandMax":null,"Value":840},{"Length":28,"Height":29,"Demand":1,"DemandMax":null,"Value":812},{"Length":28,"Height":28,"Demand":1,"DemandMax":null,"Value":784},{"Length":27,"Height":28,"Demand":1,"DemandMax":null,"Value":756},{"Length":28,"Height":15,"Demand":1,"DemandMax":null,"Value":420},{"Length":27,"Height":25,"Demand":1,"DemandMax":null,"Value":675},{"Length":25,"Height":21,"Demand":1,"DemandMax":null,"Value":525},{"Length":20,"Height":18,"Demand":1,"DemandMax":null,"Value":360},{"Length":13,"Height":15,"Demand":1,"DemandMax":null,"Value":195}]}