{"Name":"SPIEKSMA03_200_02","Objects":[{"Length":1000,"Height":1000,"Stock":null,"Cost":1000000}],"Items":[{"Length":250,"Height":630,"Demand":1,"DemandMax":null,"Value":157500},{"Length":710,"Height":234,"Demand":1,"DemandMax":null,"Value":166140},{"Length":641,"Height":275,"Demand":1,"DemandMax":null,"Value":176275},{"Length":376,"Height":287,"Demand":1,"DemandMax":null,"Value":107912},{"Length":448,"Height":602,"Demand":1,"DemandMax":null,"Value":269696},{"Length":391,"Height":555,"Demand":1,"DemandMax":null,"Value":217005},{"Length":537,"Height":279,"Demand":1,"DemandMax":null,"Value":149823},{"Length":221,"Height":706,"Demand":1,"DemandMax":null,"Value":156026},{"Length":775,"Height":571,"Demand":1,"DemandMax":null,"Value":442525},{"Length":733,"Height":606,"Demand":1,"DemandMax":null,"Value":444198},{"Length":629,"Height":545,"Demand":1,"DemandMax":null,"Value":342805},{"Length":595,"Height":321,"Demand":1,"DemandMax":null,"Value":190995},{"Length":365,"Height":668,"Demand":1,"DemandMax":null,"Value":243820},{"Length":472,"Height":718,"Demand":1,"DemandMax":null,"Value":338896},{"Length":449,"Height":406,"Demand":1,"DemandMax":null,"Value":182294},{"Length":631,"Height":465,"Demand":1,"DemandMax":null,"Value":293415},{"Length":349,"Height":627,"Demand":1,"DemandMax":null,"Value":218823},{"Length":339,"Height":226,"Demand":1,"DemandMax":null,"Value":76614},{"Length":332,"Height":597,"Demand":1,"DemandMax":null,"Value":198204},{"Length":262,"Height":271,"Demand":1,"DemandMax":null,"Value":71002},{"Length":263,"Height":382,"Demand":1,"DemandMax":null,"Value":100466},{"Length":668,"Height":464,"Demand":1,"DemandMax":null,"Value":309952},{"Length":210,"Height":249,"Demand":1,"DemandMax":null,"Value":52290},{"Length":223,"Height":272,"Demand":1,"DemandMax":null,"Value":60656},{"Length":439,"Height":666,"Demand":1,"DemandMax":null,"Value":292374},{"Length":793,"Height":563,"Demand":1,"DemandMax":null,"Value":446459},{"Length":217,"Height":497,"Demand":1,"DemandMax":null,"Value":107849},{"Length":245,"Height":603,"Demand":1,"DemandMax":null,"Value":147735},{"Length":211,"Height":612,"Demand":1,"DemandMax":null,"Value":129132},{"Length":247,"Height":458,"Demand":1,"DemandMax":null,"Value":113126},{"Length":686,"Height":275,"Demand":1,"DemandMax":null,"Value":188650},{"Length":264,"Height":395,"Demand":1,"DemandMax":null,"Value":104280},{"Length":311,"Height":753,"Demand":1,"DemandMax":null,"Value":234183},{"Length":563,"Height":282,"Demand":1,"DemandMax":null,"Value":158766},{"Length":351,"Height":514,"Demand":1,"DemandMax":null,"Value":180414},{"Length":411,"Height":783,"Demand":1,"DemandMax":null,"Value":321813},{"Length":474,"Height":623,"Demand":1,"DemandMax":null,"Value":295302},{"Length":474,"Height":367,"Demand":1,"DemandMax":null,"Value":173958},{"Length":545,"Height":549,"Demand":1,"DemandMax":null,"Value":299205},{"Length":420,"Height":700,"Demand":1,"DemandMax":null,"Value":294000},{"Length":632,"Height":556,"Demand":1,"DemandMax":null,"Value":351392},{"Length":715,"Height":649,"Demand":1,"DemandMax":null,"Value":464035},{"Length":401,"Height":512,"Demand":1,"DemandMax":null,"Value":205312},{"Length":225,"Height":480,"Demand":1,"DemandMax":null,"Value":108000},{"Length":319,"Height":484,"Demand":1,"DemandMax":null,"Value":154396},{"Length":417,"Height":659,"Demand":1,"DemandMax":null,"Value":274803},{"Length":453,"Height":738,"Demand":1,"DemandMax":null,"Value":334314},{"Length":559,"Height":655,"Demand":1,"DemandMax":null,"Value":366145},{"Length":468,"Height":541,"Demand":1,"DemandMax":null,"Value":253188},{"Length":715,"Height":732,"Demand":1,"DemandMax":null,"Value":523380},{"Length":233,"Height":560,"Demand":1,"DemandMax":null,"Value":130480},{"Length":555,"Height":758,"Demand":1,"DemandMax":null,"Value":420690},{"Length":413,"Height":461,"Demand":1,"DemandMax":null,"Value":190393},{"Length":543,"Height":200,"Demand":1,"DemandMax":null,"Value":108600},{"Length":676,"Height":710,"Demand":1,"DemandMax":null,"Value":479960},{"Length":746,"Height":524,"Demand":1,"DemandMax":null,"Value":390904},{"Length":287,"Height":776,"Demand":1,"DemandMax":null,"Value":222712},{"Length":232,"Height":397,"Demand":1,"DemandMax":null,"Value":92104},{"Length":514,"Height":323,"Demand":1,"DemandMax":null,"Value":166022},{"Length":667,"Height":486,"Demand":1,"DemandMax":null,"Value":324162},{"Length":423,"Height":419,"Demand":1,"DemandMax":null,"Value":177237},{"Length":317,"Height":457,"Demand":1,"DemandMax":null,"Value":144869},{"Length":481,"Height":531,"Demand":1,"DemandMax":null,"Value":255411},{"Length":649,"Height":776,"Demand":1,"DemandMax":null,"Value":503624},{"Length":755,"Height":325,"Demand":1,"DemandMax":null,"Value":245375},{"Length":330,"Height":312,"Demand":1,"DemandMax":null,"Value":102960},{"Length":310,"Height":268,"Demand":1,"DemandMax":null,"Value":83080},{"Length":627,"Height":529,"Demand":1,"DemandMax":null,"Value":331683},{"Length":215,"Height":427,"Demand":1,"DemandMax":null,"Value":91805},{"Length":606,"Height":695,"Demand":1,"DemandMax":null,"Value":421170},{"Length":535,"Height":468,"Demand":1,"DemandMax":null,"Value":250380},{"Length":734,"Height":277,"Demand":1,"DemandMax":null,"Value":203318},{"Length":338,"Height":257,"Demand":1,"DemandMax":null,"Value":86866},{"Length":478,"Height":741,"Demand":1,"DemandMax":null,"Value":354198},{"Length":689,"Height":463,"Demand":1,"DemandMax":null,"Value":319007},{"Length":704,"Height":754,"Demand":1,"DemandMax":null,"Value":530816},{"Length":456,"Height":750,"Demand":1,"DemandMax":null,"Value":342000},{"Length":678,"Height":383,"Demand":1,"DemandMax":null,"Value":259674},{"Length":505,"Height":386,"Demand":1,"DemandMax":null,"Value":194930},{"Length":469,"Height":494,"Demand":1,"DemandMax":null,"Value":231686},{"Length":703,"Height":638,"Demand":1,"DemandMax":null,"Value":448514},{"Length":341,"Height":353,"Demand":1,"DemandMax":null,"Value":120373},{"Length":516,"Height":572,"Demand":1,"DemandMax":null,"Value":295152},{"Length":762,"Height":628,"Demand":1,"DemandMax":null,"Value":478536},{"Length":212,"Height":655,"Demand":1,"DemandMax":null,"Value":138860},{"Length":599,"Height":386,"Demand":1,"DemandMax":null,"Value":231214},{"Length":257,"Height":354,"Demand":1,"DemandMax":null,"Value":90978},{"Length":718,"Height":692,"Demand":1,"DemandMax":null,"Value":496856},{"Length":717,"Height":535,"Demand":1,"DemandMax":null,"Value":383595},{"Length":386,"Height":414,"Demand":1,"DemandMax":null,"Value":159804},{"Length":660,"Height":464,"Demand":1,"DemandMax":null,"Value":306240},{"Length":270,"Height":418,"Demand":1,"DemandMax":null,"Value":112860},{"Length":551,"Height":209,"Demand":1,"DemandMax":null,"Value":115159},{"Length":636,"Height":571,"Demand":1,"DemandMax":null,"Value":363156},{"Length":458,"Height":637,"Demand":1,"DemandMax":null,"Value":291746},{"Length":750,"Height":340,"Demand":1,"DemandMax":null,"Value":255000},{"Length":647,"Height":413,"Demand":1,"DemandMax":null,"Value":267211},{"Length":681,"Height":591,"Demand":1,"DemandMax":null,"Value":402471},{"Length":385,"Height":205,"Demand":1,"DemandMax":null,"Value":78925},{"Length":693,"Height":590,"Demand":1,"DemandMax":null,"Value":408870},{"Length":338,"Height":279,"Demand":1,"DemandMax":null,"Value":94302},{"Length":654,"Height":405,"Demand":1,"DemandMax":null,"Value":264870},{"Length":774,"Height":502,"Demand":1,"DemandMax":null,"Value":388548},{"Length":631,"Height":303,"Demand":1,"DemandMax":null,"Value":191193},{"Length":359,"Height":341,"Demand":1,"DemandMax":null,"Value":122419},{"Length":290,"Height":749,"Demand":1,"DemandMax":null,"Value":217210},{"Length":359,"Height":661,"Demand":1,"DemandMax":null,"Value":237299},{"Length":698,"Height":611,"Demand":1,"DemandMax":null,"Value":426478},{"Length":441,"Height":731,"Demand":1,"DemandMax":null,"Value":322371},{"Length":722,"Height":755,"Demand":1,"DemandMax":null,"Value":545110},{"Length":473,"Height":616,"Demand":1,"DemandMax":null,"Value":291368},{"Length":628,"Height":448,"Demand":1,"DemandMax":null,"Value":281344},{"Length":520,"Height":584,"Demand":1,"DemandMax":null,"Value":303680},{"Length":282,"Height":357,"Demand":1,"DemandMax":null,"Value":100674},{"Length":249,"Height":500,"Demand":1,"DemandMax":null,"Value":124500},{"Length":352,"Height":747,"Demand":1,"DemandMax":null,"Value":262944},{"Length":727,"Height":432,"Demand":1,"DemandMax":null,"Value":314064},{"Length":505,"Height":287,"Demand":1,"DemandMax":null,"Value":144935},{"Length":220,"Height":646,"Demand":1,"DemandMax":null,"Value":142120},{"Length":606,"Height":242,"Demand":1,"DemandMax":null,"Value":146652},{"Length":796,"Height":409,"Demand":1,"DemandMax":null,"Value":325564},{"Length":723,"Height":280,"Demand":1,"DemandMax":null,"Value":202440},{"Length":521,"Height":388,"Demand":1,"DemandMax":null,"Value":202148},{"Length":522,"Height":266,"Demand":1,"DemandMax":null,"Value":138852},{"Length":661,"Height":248,"Demand":1,"DemandMax":null,"Value":163928},{"Length":470,"Height":268,"Demand":1,"DemandMax":null,"Value":125960},{"Length":283,"Height":458,"Demand":1,"DemandMax":null,"Value":129614},{"Length":634,"Height":552,"Demand":1,"DemandMax":null,"Value":349968},{"Length":455,"Height":483,"Demand":1,"DemandMax":null,"Value":219765},{"Length":680,"Height":385,"Demand":1,"DemandMax":null,"Value":261800},{"Length":642,"Height":591,"Demand":1,"DemandMax":null,"Value":379422},{"Length":474,"Height":434,"Demand":1,"DemandMax":null,"Value":205716},{"Length":511,"Height":647,"Demand":1,"DemandMax":null,"Value":330617},{"Length":684,"Height":364,"Demand":1,"DemandMax":null,"Value":248976},{"Length":529,"Height":719,"Demand":1,"DemandMax":null,"Value":380351},{"Length":377,"Height":644,"Demand":1,"DemandMax":null,"Value":242788},{"Length":762,"Height":473,"Demand":1,"DemandMax":null,"Value":360426},{"Length":618,"Height":739,"Demand":1,"DemandMax":null,"Value":456702},{"Length":278,"Height":376,"Demand":1,"DemandMax":null,"Value":104528},{"Length":275,"Height":317,"Demand":1,"DemandMax":null,"Value":87175},{"Length":743,"Height":495,"Demand":1,"DemandMax":null,"Value":367785},{"Length":214,"Height":443,"Demand":1,"DemandMax":null,"Value":94802},{"Length":423,"Height":495,"Demand":1,"DemandMax":null,"Value":209385},{"Length":302,"Height":585,"Demand":1,"DemandMax":null,"Value":176670},{"Length":785,"Height":245,"Demand":1,"DemandMax":null,"Value":192325},{"Length":606,"Height":409,"Demand":1,"DemandMax":null,"Value":247854},{"Length":497,"Height":410,"Demand":1,"DemandMax":null,"Value":203770},{"Length":791,"Height":382,"Demand":1,"DemandMax":null,"Value":302162},{"Length":223,"Height":658,"Demand":1,"DemandMax":null,"Value":146734},{"Length":726,"Height":571,"Demand":1,"DemandMax":null,"Value":414546},{"Length":233,"Height":254,"Demand":1,"DemandMax":null,"Value":59182},{"Length":476,"Height":641,"Demand":1,"DemandMax":null,"Value":305116},{"Length":391,"Height":466,"Demand":1,"DemandMax":null,"Value":182206},{"Length":309,"Height":461,"Demand":1,"DemandMax":null,"Value":142449},{"Length":764,"Height":360,"Demand":1,"DemandMax":null,"Value":275040},{"Length":690,"Height":696,"Demand":1,"DemandMax":null,"Value":480240},{"Length":420,"Height":403,"Demand":1,"DemandMax":null,"Value":169260},{"Length":487,"Height":414,"Demand":1,"DemandMax":null,"Value":201618},{"Length":425,"Height":661,"Demand":1,"DemandMax":null,"Value":280925},{"Length":566,"Height":680,"Demand":1,"DemandMax":null,"Value":384880},{"Length":245,"Height":202,"Demand":1,"DemandMax":null,"Value":49490},{"Length":794,"Height":362,"Demand":1,"DemandMax":null,"Value":287428},{"Length":747,"Height":692,"Demand":1,"DemandMax":null,"Value":516924},{"Length":638,"Height":326,"Demand":1,"DemandMax":null,"Value":207988},{"Length":599,"Height":397,"Demand":1,"DemandMax":null,"Value":237803},{"Length":363,"Height":439,"Demand":1,"DemandMax":null,"Value":159357},{"Length":465,"Height":785,"Demand":1,"DemandMax":null,"Value":365025},{"Length":438,"Height":767,"Demand":1,"DemandMax":null,"Value":335946},{"Length":615,"Height":521,"Demand":1,"DemandMax":null,"Value":320415},{"Length":328,"Height":378,"Demand":1,"DemandMax":null,"Value":123984},{"Length":312,"Height":273,"Demand":1,"DemandMax":null,"Value":85176},{"Length":301,"Height":338,"Demand":1,"DemandMax":null,"Value":101738},{"Length":226,"Height":307,"Demand":1,"DemandMax":null,"Value":69382},{"Length":222,"Height":713,"Demand":1,"DemandMax":null,"Value":158286},{"Length":622,"Height":490,"Demand":1,"DemandMax":null,"Value":304780},{"Length":759,"Height":571,"Demand":1,"DemandMax":null,"Value":433389},{"Length":766,"Height":288,"Demand":1,"DemandMax":null,"Value":220608},{"Length":378,"Height":377,"Demand":1,"DemandMax":null,"Value":142506},{"Length":727,"Height":569,"Demand":1,"DemandMax":null,"Value":413663},{"Length":746,"Height":799,"Demand":1,"DemandMax":null,"Value":596054},{"Length":769,"Height":599,"Demand":1,"DemandMax":null,"Value":460631},{"Length":730,"Height":303,"Demand":1,"DemandMax":null,"Value":221190},{"Length":760,"Height":444,"Demand":1,"DemandMax":null,"Value":337440},{"Length":595,"Height":556,"Demand":1,"DemandMax":null,"Value":330820},{"Length":767,"Height":371,"Demand":1,"DemandMax":null,"Value":284557},{"Length":210,"Height":424,"Demand":1,"DemandMax":null,"Value":89040},{"Length":456,"Height":248,"Demand":1,"DemandMax":null,"Value":113088},{"Length":240,"Height":775,"Demand":1,"DemandMax":null,"Value":186000},{"Length":294,"Height":740,"Demand":1,"DemandMax":null,"Value":217560},{"Length":353,"Height":275,"Demand":1,"DemandMax":null,"Value":97075},{"Length":348,"Height":314,"Demand":1,"DemandMax":null,"Value":109272},{"Length":414,"Height":790,"Demand":1,"DemandMax":null,"Value":327060},{"Length":284,"Height":637,"Demand":1,"DemandMax":null,"Value":180908},{"Length":491,"Height":787,"Demand":1,"DemandMax":null,"Value":386417},{"Length":568,"Height":575,"Demand":1,"DemandMax":null,"Value":326600},{"Length":250,"Height":734,"Demand":1,"DemandMax":null,"Value":183500},{"Length":669,"Height":396,"Demand":1,"DemandMax":null,"Value":264924},{"Length":758,"Height":696,"Demand":1,"DemandMax":null,"Value":527568},{"Length":251,"Height":566,"Demand":1,"DemandMax":null,"Value":142066},{"Length":281,"Height":340,"Demand":1,"DemandMax":null,"Value":95540}]}