{"Name":"SPIEKSMA02_25_03","Objects":[{"Length":1000,"Height":1000,"Stock":null,"Cost":1000000}],"Items":[{"Length":716,"Height":851,"Demand":1,"DemandMax":null,"Value":609316},{"Length":57,"Height":736,"Demand":1,"DemandMax":null,"Value":41952},{"Length":126,"Height":294,"Demand":1,"DemandMax":null,"Value":37044},{"Length":145,"Height":414,"Demand":1,"DemandMax":null,"Value":60030},{"Length":671,"Height":319,"Demand":1,"DemandMax":null,"Value":214049},{"Length":592,"Height":563,"Demand":1,"DemandMax":null,"Value":333296},{"Length":132,"Height":36,"Demand":1,"DemandMax":null,"Value":4752},{"Length":843,"Height":959,"Demand":1,"DemandMax":null,"Value":808437},{"Length":618,"Height":889,"Demand":1,"DemandMax":null,"Value":549402},{"Length":676,"Height":715,"Demand":1,"DemandMax":null,"Value":483340},{"Length":575,"Height":658,"Demand":1,"DemandMax":null,"Value":378350},{"Length":202,"Height":275,"Demand":1,"DemandMax":null,"Value":55550},{"Length":780,"Height":453,"Demand":1,"DemandMax":null,"Value":353340},{"Length":864,"Height":416,"Demand":1,"DemandMax":null,"Value":359424},{"Length":344,"Height":718,"Demand":1,"DemandMax":null,"Value":246992},{"Length":442,"Height":250,"Demand":1,"DemandMax":null,"Value":110500},{"Length":712,"Height":232,"Demand":1,"DemandMax":null,"Value":165184},{"Length":45,"Height":221,"Demand":1,"DemandMax":null,"Value":9945},{"Length":661,"Height":105,"Demand":1,"DemandMax":null,"Value":69405},{"Length":118,"Height":106,"Demand":1,"DemandMax":null,"Value":12508},{"Length":304,"Height":780,"Demand":1,"DemandMax":null,"Value":237120},{"Length":440,"Height":18,"Demand":1,"DemandMax":null,"Value":7920},{"Length":83,"Height":39,"Demand":1,"DemandMax":null,"Value":3237},{"Length":121,"Height":399,"Demand":1,"DemandMax":null,"Value":48279},{"Length":776,"Height":988,"Demand":1,"DemandMax":null,"Value":766688}]}