{"Name":"SPIEKSMA07_25_04","Objects":[{"Length":150,"Height":150,"Stock":null,"Cost":22500}],"Items":[{"Length":88,"Height":79,"Demand":1,"DemandMax":null,"Value":6952},{"Length":79,"Height":71,"Demand":1,"DemandMax":null,"Value":5609},{"Length":43,"Height":36,"Demand":1,"DemandMax":null,"Value":1548},{"Length":53,"Height":56,"Demand":1,"DemandMax":null,"Value":2968},{"Length":45,"Height":47,"Demand":1,"DemandMax":null,"Value":2115},{"Length":65,"Height":58,"Demand":1,"DemandMax":null,"Value":3770},{"Length":23,"Height":30,"Demand":1,"DemandMax":null,"Value":690},{"Length":97,"Height":99,"Demand":1,"DemandMax":null,"Value":9603},{"Length":91,"Height":95,"Demand":1,"DemandMax":null,"Value":8645},{"Length":77,"Height":78,"Demand":1,"DemandMax":null,"Value":6006},{"Length":73,"Height":67,"Demand":1,"DemandMax":null,"Value":4891},{"Length":42,"Height":48,"Demand":1,"DemandMax":null,"Value":2016},{"Length":56,"Height":63,"Demand":1,"DemandMax":null,"Value":3528},{"Length":53,"Height":50,"Demand":1,"DemandMax":null,"Value":2650},{"Length":77,"Height":76,"Demand":1,"DemandMax":null,"Value":5852},{"Length":40,"Height":44,"Demand":1,"DemandMax":null,"Value":1760},{"Length":38,"Height":29,"Demand":1,"DemandMax":null,"Value":1102},{"Length":38,"Height":41,"Demand":1,"DemandMax":null,"Value":1558},{"Length":28,"Height":20,"Demand":1,"DemandMax":null,"Value":560},{"Length":28,"Height":24,"Demand":1,"DemandMax":null,"Value":672},{"Length":82,"Height":81,"Demand":1,"DemandMax":null,"Value":6642},{"Length":21,"Height":13,"Demand":1,"DemandMax":null,"Value":273},{"Length":23,"Height":15,"Demand":1,"DemandMax":null,"Value":345},{"Length":52,"Height":58,"Demand":1,"DemandMax":null,"Value":3016},{"Length":99,"Height":101,"Demand":1,"DemandMax":null,"Value":9999}]}