{"Name":"SPIEKSMA06_100_04","Objects":[{"Length":150,"Height":150,"Stock":null,"Cost":22500}],"Items":[{"Length":88,"Height":24,"Demand":1,"DemandMax":null,"Value":2112},{"Length":79,"Height":30,"Demand":1,"DemandMax":null,"Value":2370},{"Length":43,"Height":32,"Demand":1,"DemandMax":null,"Value":1376},{"Length":53,"Height":74,"Demand":1,"DemandMax":null,"Value":3922},{"Length":45,"Height":67,"Demand":1,"DemandMax":null,"Value":3015},{"Length":65,"Height":30,"Demand":1,"DemandMax":null,"Value":1950},{"Length":23,"Height":87,"Demand":1,"DemandMax":null,"Value":2001},{"Length":97,"Height":69,"Demand":1,"DemandMax":null,"Value":6693},{"Length":91,"Height":74,"Demand":1,"DemandMax":null,"Value":6734},{"Length":77,"Height":66,"Demand":1,"DemandMax":null,"Value":5082},{"Length":73,"Height":36,"Demand":1,"DemandMax":null,"Value":2628},{"Length":42,"Height":82,"Demand":1,"DemandMax":null,"Value":3444},{"Length":56,"Height":89,"Demand":1,"DemandMax":null,"Value":4984},{"Length":53,"Height":47,"Demand":1,"DemandMax":null,"Value":2491},{"Length":77,"Height":55,"Demand":1,"DemandMax":null,"Value":4235},{"Length":40,"Height":77,"Demand":1,"DemandMax":null,"Value":3080},{"Length":38,"Height":24,"Demand":1,"DemandMax":null,"Value":912},{"Length":38,"Height":73,"Demand":1,"DemandMax":null,"Value":2774},{"Length":28,"Height":29,"Demand":1,"DemandMax":null,"Value":812},{"Length":28,"Height":44,"Demand":1,"DemandMax":null,"Value":1232},{"Length":82,"Height":55,"Demand":1,"DemandMax":null,"Value":4510},{"Length":21,"Height":27,"Demand":1,"DemandMax":null,"Value":567},{"Length":23,"Height":30,"Demand":1,"DemandMax":null,"Value":690},{"Length":52,"Height":82,"Demand":1,"DemandMax":null,"Value":4264},{"Length":99,"Height":68,"Demand":1,"DemandMax":null,"Value":6732},{"Length":22,"Height":60,"Demand":1,"DemandMax":null,"Value":1320},{"Length":26,"Height":74,"Demand":1,"DemandMax":null,"Value":1924},{"Length":21,"Height":75,"Demand":1,"DemandMax":null,"Value":1575},{"Length":26,"Height":54,"Demand":1,"DemandMax":null,"Value":1404},{"Length":85,"Height":30,"Demand":1,"DemandMax":null,"Value":2550},{"Length":28,"Height":46,"Demand":1,"DemandMax":null,"Value":1288},{"Length":35,"Height":94,"Demand":1,"DemandMax":null,"Value":3290},{"Length":68,"Height":31,"Demand":1,"DemandMax":null,"Value":2108},{"Length":40,"Height":62,"Demand":1,"DemandMax":null,"Value":2480},{"Length":48,"Height":98,"Demand":1,"DemandMax":null,"Value":4704},{"Length":57,"Height":76,"Demand":1,"DemandMax":null,"Value":4332},{"Length":57,"Height":42,"Demand":1,"DemandMax":null,"Value":2394},{"Length":66,"Height":66,"Demand":1,"DemandMax":null,"Value":4356},{"Length":49,"Height":87,"Demand":1,"DemandMax":null,"Value":4263},{"Length":78,"Height":67,"Demand":1,"DemandMax":null,"Value":5226},{"Length":89,"Height":80,"Demand":1,"DemandMax":null,"Value":7120},{"Length":47,"Height":62,"Demand":1,"DemandMax":null,"Value":2914},{"Length":23,"Height":57,"Demand":1,"DemandMax":null,"Value":1311},{"Length":36,"Height":58,"Demand":1,"DemandMax":null,"Value":2088},{"Length":49,"Height":81,"Demand":1,"DemandMax":null,"Value":3969},{"Length":54,"Height":92,"Demand":1,"DemandMax":null,"Value":4968},{"Length":68,"Height":81,"Demand":1,"DemandMax":null,"Value":5508},{"Length":56,"Height":66,"Demand":1,"DemandMax":null,"Value":3696},{"Length":89,"Height":91,"Demand":1,"DemandMax":null,"Value":8099},{"Length":24,"Height":68,"Demand":1,"DemandMax":null,"Value":1632},{"Length":67,"Height":94,"Demand":1,"DemandMax":null,"Value":6298},{"Length":48,"Height":55,"Demand":1,"DemandMax":null,"Value":2640},{"Length":66,"Height":20,"Demand":1,"DemandMax":null,"Value":1320},{"Length":83,"Height":88,"Demand":1,"DemandMax":null,"Value":7304},{"Length":93,"Height":63,"Demand":1,"DemandMax":null,"Value":5859},{"Length":32,"Height":97,"Demand":1,"DemandMax":null,"Value":3104},{"Length":24,"Height":46,"Demand":1,"DemandMax":null,"Value":1104},{"Length":62,"Height":36,"Demand":1,"DemandMax":null,"Value":2232},{"Length":82,"Height":58,"Demand":1,"DemandMax":null,"Value":4756},{"Length":50,"Height":49,"Demand":1,"DemandMax":null,"Value":2450},{"Length":36,"Height":54,"Demand":1,"DemandMax":null,"Value":1944},{"Length":57,"Height":64,"Demand":1,"DemandMax":null,"Value":3648},{"Length":80,"Height":97,"Demand":1,"DemandMax":null,"Value":7760},{"Length":94,"Height":37,"Demand":1,"DemandMax":null,"Value":3478},{"Length":37,"Height":35,"Demand":1,"DemandMax":null,"Value":1295},{"Length":35,"Height":29,"Demand":1,"DemandMax":null,"Value":1015},{"Length":77,"Height":64,"Demand":1,"DemandMax":null,"Value":4928},{"Length":22,"Height":50,"Demand":1,"DemandMax":null,"Value":1100},{"Length":74,"Height":86,"Demand":1,"DemandMax":null,"Value":6364},{"Length":65,"Height":56,"Demand":1,"DemandMax":null,"Value":3640},{"Length":91,"Height":30,"Demand":1,"DemandMax":null,"Value":2730},{"Length":38,"Height":28,"Demand":1,"DemandMax":null,"Value":1064},{"Length":57,"Height":92,"Demand":1,"DemandMax":null,"Value":5244},{"Length":85,"Height":55,"Demand":1,"DemandMax":null,"Value":4675},{"Length":87,"Height":94,"Demand":1,"DemandMax":null,"Value":8178},{"Length":54,"Height":93,"Demand":1,"DemandMax":null,"Value":5022},{"Length":84,"Height":44,"Demand":1,"DemandMax":null,"Value":3696},{"Length":61,"Height":45,"Demand":1,"DemandMax":null,"Value":2745},{"Length":56,"Height":59,"Demand":1,"DemandMax":null,"Value":3304},{"Length":87,"Height":78,"Demand":1,"DemandMax":null,"Value":6786},{"Length":39,"Height":40,"Demand":1,"DemandMax":null,"Value":1560},{"Length":62,"Height":70,"Demand":1,"DemandMax":null,"Value":4340},{"Length":95,"Height":77,"Demand":1,"DemandMax":null,"Value":7315},{"Length":22,"Height":81,"Demand":1,"DemandMax":null,"Value":1782},{"Length":73,"Height":45,"Demand":1,"DemandMax":null,"Value":3285},{"Length":28,"Height":41,"Demand":1,"DemandMax":null,"Value":1148},{"Length":89,"Height":86,"Demand":1,"DemandMax":null,"Value":7654},{"Length":89,"Height":65,"Demand":1,"DemandMax":null,"Value":5785},{"Length":45,"Height":49,"Demand":1,"DemandMax":null,"Value":2205},{"Length":81,"Height":55,"Demand":1,"DemandMax":null,"Value":4455},{"Length":29,"Height":49,"Demand":1,"DemandMax":null,"Value":1421},{"Length":67,"Height":21,"Demand":1,"DemandMax":null,"Value":1407},{"Length":78,"Height":69,"Demand":1,"DemandMax":null,"Value":5382},{"Length":54,"Height":78,"Demand":1,"DemandMax":null,"Value":4212},{"Length":93,"Height":39,"Demand":1,"DemandMax":null,"Value":3627},{"Length":80,"Height":48,"Demand":1,"DemandMax":null,"Value":3840},{"Length":84,"Height":72,"Demand":1,"DemandMax":null,"Value":6048},{"Length":45,"Height":21,"Demand":1,"DemandMax":null,"Value":945},{"Length":86,"Height":72,"Demand":1,"DemandMax":null,"Value":6192},{"Length":38,"Height":31,"Demand":1,"DemandMax":null,"Value":1178}]}