{"Name":"SPIEKSMA08_25_05","Objects":[{"Length":150,"Height":150,"Stock":null,"Cost":22500}],"Items":[{"Length":24,"Height":93,"Demand":1,"DemandMax":null,"Value":2232},{"Length":30,"Height":82,"Demand":1,"DemandMax":null,"Value":2460},{"Length":32,"Height":82,"Demand":1,"DemandMax":null,"Value":2624},{"Length":74,"Height":39,"Demand":1,"DemandMax":null,"Value":2886},{"Length":67,"Height":48,"Demand":1,"DemandMax":null,"Value":3216},{"Length":30,"Height":80,"Demand":1,"DemandMax":null,"Value":2400},{"Length":87,"Height":32,"Demand":1,"DemandMax":null,"Value":2784},{"Length":69,"Height":49,"Demand":1,"DemandMax":null,"Value":3381},{"Length":74,"Height":43,"Demand":1,"DemandMax":null,"Value":3182},{"Length":66,"Height":50,"Demand":1,"DemandMax":null,"Value":3300},{"Length":36,"Height":76,"Demand":1,"DemandMax":null,"Value":2736},{"Length":82,"Height":32,"Demand":1,"DemandMax":null,"Value":2624},{"Length":89,"Height":25,"Demand":1,"DemandMax":null,"Value":2225},{"Length":47,"Height":70,"Demand":1,"DemandMax":null,"Value":3290},{"Length":55,"Height":57,"Demand":1,"DemandMax":null,"Value":3135},{"Length":77,"Height":35,"Demand":1,"DemandMax":null,"Value":2695},{"Length":24,"Height":88,"Demand":1,"DemandMax":null,"Value":2112},{"Length":73,"Height":38,"Demand":1,"DemandMax":null,"Value":2774},{"Length":29,"Height":82,"Demand":1,"DemandMax":null,"Value":2378},{"Length":44,"Height":73,"Demand":1,"DemandMax":null,"Value":3212},{"Length":55,"Height":55,"Demand":1,"DemandMax":null,"Value":3025},{"Length":27,"Height":83,"Demand":1,"DemandMax":null,"Value":2241},{"Length":30,"Height":83,"Demand":1,"DemandMax":null,"Value":2490},{"Length":82,"Height":37,"Demand":1,"DemandMax":null,"Value":3034},{"Length":68,"Height":42,"Demand":1,"DemandMax":null,"Value":2856}]}