{"Name":"SPIEKSMA09_100_01","Objects":[{"Length":999,"Height":971,"Stock":null,"Cost":970029}],"Items":[{"Length":165,"Height":125,"Demand":1,"DemandMax":null,"Value":20625},{"Length":315,"Height":355,"Demand":1,"DemandMax":null,"Value":111825},{"Length":117,"Height":321,"Demand":1,"DemandMax":null,"Value":37557},{"Length":137,"Height":188,"Demand":1,"DemandMax":null,"Value":25756},{"Length":143,"Height":224,"Demand":1,"DemandMax":null,"Value":32032},{"Length":301,"Height":195,"Demand":1,"DemandMax":null,"Value":58695},{"Length":278,"Height":269,"Demand":1,"DemandMax":null,"Value":74782},{"Length":139,"Height":110,"Demand":1,"DemandMax":null,"Value":15290},{"Length":353,"Height":388,"Demand":1,"DemandMax":null,"Value":136964},{"Length":285,"Height":367,"Demand":1,"DemandMax":null,"Value":104595},{"Length":303,"Height":314,"Demand":1,"DemandMax":null,"Value":95142},{"Length":272,"Height":297,"Demand":1,"DemandMax":null,"Value":80784},{"Length":160,"Height":182,"Demand":1,"DemandMax":null,"Value":29120},{"Length":334,"Height":236,"Demand":1,"DemandMax":null,"Value":78824},{"Length":359,"Height":225,"Demand":1,"DemandMax":null,"Value":80775},{"Length":203,"Height":315,"Demand":1,"DemandMax":null,"Value":63945},{"Length":232,"Height":175,"Demand":1,"DemandMax":null,"Value":40600},{"Length":313,"Height":169,"Demand":1,"DemandMax":null,"Value":52897},{"Length":113,"Height":166,"Demand":1,"DemandMax":null,"Value":18758},{"Length":298,"Height":131,"Demand":1,"DemandMax":null,"Value":39038},{"Length":135,"Height":132,"Demand":1,"DemandMax":null,"Value":17820},{"Length":191,"Height":334,"Demand":1,"DemandMax":null,"Value":63794},{"Length":232,"Height":105,"Demand":1,"DemandMax":null,"Value":24360},{"Length":125,"Height":111,"Demand":1,"DemandMax":null,"Value":13875},{"Length":136,"Height":220,"Demand":1,"DemandMax":null,"Value":29920},{"Length":333,"Height":396,"Demand":1,"DemandMax":null,"Value":131868},{"Length":281,"Height":109,"Demand":1,"DemandMax":null,"Value":30629},{"Length":249,"Height":123,"Demand":1,"DemandMax":null,"Value":30627},{"Length":301,"Height":105,"Demand":1,"DemandMax":null,"Value":31605},{"Length":306,"Height":123,"Demand":1,"DemandMax":null,"Value":37638},{"Length":229,"Height":343,"Demand":1,"DemandMax":null,"Value":78547},{"Length":137,"Height":132,"Demand":1,"DemandMax":null,"Value":18084},{"Length":198,"Height":156,"Demand":1,"DemandMax":null,"Value":30888},{"Length":377,"Height":281,"Demand":1,"DemandMax":null,"Value":105937},{"Length":141,"Height":176,"Demand":1,"DemandMax":null,"Value":24816},{"Length":257,"Height":205,"Demand":1,"DemandMax":null,"Value":52685},{"Length":392,"Height":237,"Demand":1,"DemandMax":null,"Value":92904},{"Length":312,"Height":237,"Demand":1,"DemandMax":null,"Value":73944},{"Length":184,"Height":273,"Demand":1,"DemandMax":null,"Value":50232},{"Length":274,"Height":210,"Demand":1,"DemandMax":null,"Value":57540},{"Length":350,"Height":316,"Demand":1,"DemandMax":null,"Value":110600},{"Length":278,"Height":357,"Demand":1,"DemandMax":null,"Value":99246},{"Length":325,"Height":201,"Demand":1,"DemandMax":null,"Value":65325},{"Length":256,"Height":112,"Demand":1,"DemandMax":null,"Value":28672},{"Length":240,"Height":160,"Demand":1,"DemandMax":null,"Value":38400},{"Length":242,"Height":209,"Demand":1,"DemandMax":null,"Value":50578},{"Length":330,"Height":226,"Demand":1,"DemandMax":null,"Value":74580},{"Length":369,"Height":279,"Demand":1,"DemandMax":null,"Value":102951},{"Length":327,"Height":234,"Demand":1,"DemandMax":null,"Value":76518},{"Length":271,"Height":358,"Demand":1,"DemandMax":null,"Value":97018},{"Length":366,"Height":117,"Demand":1,"DemandMax":null,"Value":42822},{"Length":280,"Height":277,"Demand":1,"DemandMax":null,"Value":77560},{"Length":379,"Height":207,"Demand":1,"DemandMax":null,"Value":78453},{"Length":230,"Height":271,"Demand":1,"DemandMax":null,"Value":62330},{"Length":100,"Height":338,"Demand":1,"DemandMax":null,"Value":33800},{"Length":355,"Height":373,"Demand":1,"DemandMax":null,"Value":132415},{"Length":262,"Height":144,"Demand":1,"DemandMax":null,"Value":37728},{"Length":388,"Height":116,"Demand":1,"DemandMax":null,"Value":45008},{"Length":199,"Height":257,"Demand":1,"DemandMax":null,"Value":51143},{"Length":162,"Height":333,"Demand":1,"DemandMax":null,"Value":53946},{"Length":243,"Height":212,"Demand":1,"DemandMax":null,"Value":51516},{"Length":210,"Height":158,"Demand":1,"DemandMax":null,"Value":33180},{"Length":228,"Height":240,"Demand":1,"DemandMax":null,"Value":54720},{"Length":266,"Height":325,"Demand":1,"DemandMax":null,"Value":86450},{"Length":388,"Height":377,"Demand":1,"DemandMax":null,"Value":146276},{"Length":163,"Height":165,"Demand":1,"DemandMax":null,"Value":26895},{"Length":156,"Height":155,"Demand":1,"DemandMax":null,"Value":24180},{"Length":134,"Height":314,"Demand":1,"DemandMax":null,"Value":42076},{"Length":265,"Height":107,"Demand":1,"DemandMax":null,"Value":28355},{"Length":213,"Height":303,"Demand":1,"DemandMax":null,"Value":64539},{"Length":348,"Height":268,"Demand":1,"DemandMax":null,"Value":93264},{"Length":234,"Height":367,"Demand":1,"DemandMax":null,"Value":85878},{"Length":139,"Height":169,"Demand":1,"DemandMax":null,"Value":23491},{"Length":129,"Height":239,"Demand":1,"DemandMax":null,"Value":30831},{"Length":371,"Height":344,"Demand":1,"DemandMax":null,"Value":127624},{"Length":231,"Height":352,"Demand":1,"DemandMax":null,"Value":81312},{"Length":377,"Height":228,"Demand":1,"DemandMax":null,"Value":85956},{"Length":375,"Height":339,"Demand":1,"DemandMax":null,"Value":127125},{"Length":191,"Height":252,"Demand":1,"DemandMax":null,"Value":48132},{"Length":193,"Height":234,"Demand":1,"DemandMax":null,"Value":45162},{"Length":247,"Height":351,"Demand":1,"DemandMax":null,"Value":86697},{"Length":319,"Height":171,"Demand":1,"DemandMax":null,"Value":54549},{"Length":177,"Height":258,"Demand":1,"DemandMax":null,"Value":45666},{"Length":286,"Height":381,"Demand":1,"DemandMax":null,"Value":108966},{"Length":314,"Height":106,"Demand":1,"DemandMax":null,"Value":33284},{"Length":328,"Height":300,"Demand":1,"DemandMax":null,"Value":98400},{"Length":193,"Height":128,"Demand":1,"DemandMax":null,"Value":24704},{"Length":177,"Height":359,"Demand":1,"DemandMax":null,"Value":63543},{"Length":346,"Height":359,"Demand":1,"DemandMax":null,"Value":124214},{"Length":267,"Height":193,"Demand":1,"DemandMax":null,"Value":51531},{"Length":207,"Height":330,"Demand":1,"DemandMax":null,"Value":68310},{"Length":232,"Height":135,"Demand":1,"DemandMax":null,"Value":31320},{"Length":209,"Height":275,"Demand":1,"DemandMax":null,"Value":57475},{"Length":105,"Height":318,"Demand":1,"DemandMax":null,"Value":33390},{"Length":286,"Height":229,"Demand":1,"DemandMax":null,"Value":65494},{"Length":318,"Height":375,"Demand":1,"DemandMax":null,"Value":119250},{"Length":170,"Height":323,"Demand":1,"DemandMax":null,"Value":54910},{"Length":207,"Height":340,"Demand":1,"DemandMax":null,"Value":70380},{"Length":295,"Height":192,"Demand":1,"DemandMax":null,"Value":56640},{"Length":103,"Height":346,"Demand":1,"DemandMax":null,"Value":35638}]}