{"Name":"SPIEKSMA01_25_03","Objects":[{"Length":1000,"Height":1000,"Stock":null,"Cost":1000000}],"Items":[{"Length":195,"Height":278,"Demand":1,"DemandMax":null,"Value":54210},{"Length":269,"Height":139,"Demand":1,"DemandMax":null,"Value":37391},{"Length":110,"Height":353,"Demand":1,"DemandMax":null,"Value":38830},{"Length":388,"Height":285,"Demand":1,"DemandMax":null,"Value":110580},{"Length":367,"Height":303,"Demand":1,"DemandMax":null,"Value":111201},{"Length":314,"Height":272,"Demand":1,"DemandMax":null,"Value":85408},{"Length":297,"Height":160,"Demand":1,"DemandMax":null,"Value":47520},{"Length":182,"Height":334,"Demand":1,"DemandMax":null,"Value":60788},{"Length":236,"Height":359,"Demand":1,"DemandMax":null,"Value":84724},{"Length":225,"Height":203,"Demand":1,"DemandMax":null,"Value":45675},{"Length":315,"Height":232,"Demand":1,"DemandMax":null,"Value":73080},{"Length":175,"Height":313,"Demand":1,"DemandMax":null,"Value":54775},{"Length":169,"Height":113,"Demand":1,"DemandMax":null,"Value":19097},{"Length":166,"Height":298,"Demand":1,"DemandMax":null,"Value":49468},{"Length":131,"Height":135,"Demand":1,"DemandMax":null,"Value":17685},{"Length":132,"Height":191,"Demand":1,"DemandMax":null,"Value":25212},{"Length":334,"Height":232,"Demand":1,"DemandMax":null,"Value":77488},{"Length":105,"Height":125,"Demand":1,"DemandMax":null,"Value":13125},{"Length":111,"Height":136,"Demand":1,"DemandMax":null,"Value":15096},{"Length":220,"Height":333,"Demand":1,"DemandMax":null,"Value":73260},{"Length":396,"Height":281,"Demand":1,"DemandMax":null,"Value":111276},{"Length":109,"Height":249,"Demand":1,"DemandMax":null,"Value":27141},{"Length":123,"Height":301,"Demand":1,"DemandMax":null,"Value":37023},{"Length":105,"Height":306,"Demand":1,"DemandMax":null,"Value":32130},{"Length":123,"Height":229,"Demand":1,"DemandMax":null,"Value":28167}]}