{"Name":"SPIEKSMA02_100_06","Objects":[{"Length":1000,"Height":1000,"Stock":null,"Cost":1000000}],"Items":[{"Length":736,"Height":126,"Demand":1,"DemandMax":null,"Value":92736},{"Length":294,"Height":145,"Demand":1,"DemandMax":null,"Value":42630},{"Length":414,"Height":671,"Demand":1,"DemandMax":null,"Value":277794},{"Length":319,"Height":592,"Demand":1,"DemandMax":null,"Value":188848},{"Length":563,"Height":132,"Demand":1,"DemandMax":null,"Value":74316},{"Length":36,"Height":843,"Demand":1,"DemandMax":null,"Value":30348},{"Length":959,"Height":618,"Demand":1,"DemandMax":null,"Value":592662},{"Length":889,"Height":676,"Demand":1,"DemandMax":null,"Value":600964},{"Length":715,"Height":575,"Demand":1,"DemandMax":null,"Value":411125},{"Length":658,"Height":202,"Demand":1,"DemandMax":null,"Value":132916},{"Length":275,"Height":780,"Demand":1,"DemandMax":null,"Value":214500},{"Length":453,"Height":864,"Demand":1,"DemandMax":null,"Value":391392},{"Length":416,"Height":344,"Demand":1,"DemandMax":null,"Value":143104},{"Length":718,"Height":442,"Demand":1,"DemandMax":null,"Value":317356},{"Length":250,"Height":712,"Demand":1,"DemandMax":null,"Value":178000},{"Length":232,"Height":45,"Demand":1,"DemandMax":null,"Value":10440},{"Length":221,"Height":661,"Demand":1,"DemandMax":null,"Value":146081},{"Length":105,"Height":118,"Demand":1,"DemandMax":null,"Value":12390},{"Length":106,"Height":304,"Demand":1,"DemandMax":null,"Value":32224},{"Length":780,"Height":440,"Demand":1,"DemandMax":null,"Value":343200},{"Length":18,"Height":83,"Demand":1,"DemandMax":null,"Value":1494},{"Length":39,"Height":121,"Demand":1,"DemandMax":null,"Value":4719},{"Length":399,"Height":776,"Demand":1,"DemandMax":null,"Value":309624},{"Length":988,"Height":605,"Demand":1,"DemandMax":null,"Value":597740},{"Length":30,"Height":496,"Demand":1,"DemandMax":null,"Value":14880},{"Length":76,"Height":671,"Demand":1,"DemandMax":null,"Value":50996},{"Length":19,"Height":686,"Demand":1,"DemandMax":null,"Value":13034},{"Length":79,"Height":430,"Demand":1,"DemandMax":null,"Value":33970},{"Length":811,"Height":125,"Demand":1,"DemandMax":null,"Value":101375},{"Length":107,"Height":326,"Demand":1,"DemandMax":null,"Value":34882},{"Length":186,"Height":922,"Demand":1,"DemandMax":null,"Value":171492},{"Length":605,"Height":137,"Demand":1,"DemandMax":null,"Value":82885},{"Length":253,"Height":524,"Demand":1,"DemandMax":null,"Value":132572},{"Length":352,"Height":972,"Demand":1,"DemandMax":null,"Value":342144},{"Length":457,"Height":706,"Demand":1,"DemandMax":null,"Value":322642},{"Length":457,"Height":280,"Demand":1,"DemandMax":null,"Value":127960},{"Length":576,"Height":582,"Demand":1,"DemandMax":null,"Value":335232},{"Length":367,"Height":834,"Demand":1,"DemandMax":null,"Value":306078},{"Length":720,"Height":594,"Demand":1,"DemandMax":null,"Value":427680},{"Length":858,"Height":749,"Demand":1,"DemandMax":null,"Value":642642},{"Length":336,"Height":521,"Demand":1,"DemandMax":null,"Value":175056},{"Length":42,"Height":467,"Demand":1,"DemandMax":null,"Value":19614},{"Length":199,"Height":474,"Demand":1,"DemandMax":null,"Value":94326},{"Length":363,"Height":766,"Demand":1,"DemandMax":null,"Value":278058},{"Length":422,"Height":898,"Demand":1,"DemandMax":null,"Value":378956},{"Length":598,"Height":758,"Demand":1,"DemandMax":null,"Value":453284},{"Length":448,"Height":569,"Demand":1,"DemandMax":null,"Value":254912},{"Length":859,"Height":887,"Demand":1,"DemandMax":null,"Value":761933},{"Length":56,"Height":600,"Demand":1,"DemandMax":null,"Value":33600},{"Length":591,"Height":931,"Demand":1,"DemandMax":null,"Value":550221},{"Length":356,"Height":435,"Demand":1,"DemandMax":null,"Value":154860},{"Length":571,"Height":2,"Demand":1,"DemandMax":null,"Value":1142},{"Length":793,"Height":851,"Demand":1,"DemandMax":null,"Value":674843},{"Length":910,"Height":541,"Demand":1,"DemandMax":null,"Value":492310},{"Length":146,"Height":959,"Demand":1,"DemandMax":null,"Value":140014},{"Length":54,"Height":330,"Demand":1,"DemandMax":null,"Value":17820},{"Length":524,"Height":206,"Demand":1,"DemandMax":null,"Value":107944},{"Length":778,"Height":477,"Demand":1,"DemandMax":null,"Value":371106},{"Length":372,"Height":366,"Demand":1,"DemandMax":null,"Value":136152},{"Length":195,"Height":428,"Demand":1,"DemandMax":null,"Value":83460},{"Length":469,"Height":553,"Demand":1,"DemandMax":null,"Value":259357},{"Length":749,"Height":961,"Demand":1,"DemandMax":null,"Value":719789},{"Length":924,"Height":210,"Demand":1,"DemandMax":null,"Value":194040},{"Length":218,"Height":187,"Demand":1,"DemandMax":null,"Value":40766},{"Length":185,"Height":115,"Demand":1,"DemandMax":null,"Value":21275},{"Length":713,"Height":549,"Demand":1,"DemandMax":null,"Value":391437},{"Length":26,"Height":379,"Demand":1,"DemandMax":null,"Value":9854},{"Length":678,"Height":826,"Demand":1,"DemandMax":null,"Value":560028},{"Length":559,"Height":447,"Demand":1,"DemandMax":null,"Value":249873},{"Length":891,"Height":130,"Demand":1,"DemandMax":null,"Value":115830},{"Length":230,"Height":96,"Demand":1,"DemandMax":null,"Value":22080},{"Length":464,"Height":902,"Demand":1,"DemandMax":null,"Value":418528},{"Length":815,"Height":438,"Demand":1,"DemandMax":null,"Value":356970},{"Length":840,"Height":924,"Demand":1,"DemandMax":null,"Value":776160},{"Length":427,"Height":917,"Demand":1,"DemandMax":null,"Value":391559},{"Length":798,"Height":305,"Demand":1,"DemandMax":null,"Value":243390},{"Length":509,"Height":311,"Demand":1,"DemandMax":null,"Value":158299},{"Length":448,"Height":490,"Demand":1,"DemandMax":null,"Value":219520},{"Length":838,"Height":731,"Demand":1,"DemandMax":null,"Value":612578},{"Length":236,"Height":256,"Demand":1,"DemandMax":null,"Value":60416},{"Length":528,"Height":621,"Demand":1,"DemandMax":null,"Value":327888},{"Length":937,"Height":714,"Demand":1,"DemandMax":null,"Value":669018},{"Length":21,"Height":759,"Demand":1,"DemandMax":null,"Value":15939},{"Length":666,"Height":311,"Demand":1,"DemandMax":null,"Value":207126},{"Length":96,"Height":257,"Demand":1,"DemandMax":null,"Value":24672},{"Length":864,"Height":821,"Demand":1,"DemandMax":null,"Value":709344},{"Length":862,"Height":558,"Demand":1,"DemandMax":null,"Value":480996},{"Length":311,"Height":358,"Demand":1,"DemandMax":null,"Value":111338},{"Length":766,"Height":441,"Demand":1,"DemandMax":null,"Value":337806},{"Length":117,"Height":364,"Demand":1,"DemandMax":null,"Value":42588},{"Length":585,"Height":17,"Demand":1,"DemandMax":null,"Value":9945},{"Length":726,"Height":619,"Demand":1,"DemandMax":null,"Value":449394},{"Length":430,"Height":728,"Demand":1,"DemandMax":null,"Value":313040},{"Length":917,"Height":234,"Demand":1,"DemandMax":null,"Value":214578},{"Length":745,"Height":356,"Demand":1,"DemandMax":null,"Value":265220},{"Length":801,"Height":651,"Demand":1,"DemandMax":null,"Value":521451},{"Length":309,"Height":9,"Demand":1,"DemandMax":null,"Value":2781},{"Length":822,"Height":651,"Demand":1,"DemandMax":null,"Value":535122},{"Length":231,"Height":133,"Demand":1,"DemandMax":null,"Value":30723},{"Length":757,"Height":343,"Demand":1,"DemandMax":null,"Value":259651}]}