{"Name":"SPIEKSMA01_50_05","Objects":[{"Length":1000,"Height":1000,"Stock":null,"Cost":1000000}],"Items":[{"Length":117,"Height":321,"Demand":1,"DemandMax":null,"Value":37557},{"Length":137,"Height":188,"Demand":1,"DemandMax":null,"Value":25756},{"Length":143,"Height":224,"Demand":1,"DemandMax":null,"Value":32032},{"Length":301,"Height":195,"Demand":1,"DemandMax":null,"Value":58695},{"Length":278,"Height":269,"Demand":1,"DemandMax":null,"Value":74782},{"Length":139,"Height":110,"Demand":1,"DemandMax":null,"Value":15290},{"Length":353,"Height":388,"Demand":1,"DemandMax":null,"Value":136964},{"Length":285,"Height":367,"Demand":1,"DemandMax":null,"Value":104595},{"Length":303,"Height":314,"Demand":1,"DemandMax":null,"Value":95142},{"Length":272,"Height":297,"Demand":1,"DemandMax":null,"Value":80784},{"Length":160,"Height":182,"Demand":1,"DemandMax":null,"Value":29120},{"Length":334,"Height":236,"Demand":1,"DemandMax":null,"Value":78824},{"Length":359,"Height":225,"Demand":1,"DemandMax":null,"Value":80775},{"Length":203,"Height":315,"Demand":1,"DemandMax":null,"Value":63945},{"Length":232,"Height":175,"Demand":1,"DemandMax":null,"Value":40600},{"Length":313,"Height":169,"Demand":1,"DemandMax":null,"Value":52897},{"Length":113,"Height":166,"Demand":1,"DemandMax":null,"Value":18758},{"Length":298,"Height":131,"Demand":1,"DemandMax":null,"Value":39038},{"Length":135,"Height":132,"Demand":1,"DemandMax":null,"Value":17820},{"Length":191,"Height":334,"Demand":1,"DemandMax":null,"Value":63794},{"Length":232,"Height":105,"Demand":1,"DemandMax":null,"Value":24360},{"Length":125,"Height":111,"Demand":1,"DemandMax":null,"Value":13875},{"Length":136,"Height":220,"Demand":1,"DemandMax":null,"Value":29920},{"Length":333,"Height":396,"Demand":1,"DemandMax":null,"Value":131868},{"Length":281,"Height":109,"Demand":1,"DemandMax":null,"Value":30629},{"Length":249,"Height":123,"Demand":1,"DemandMax":null,"Value":30627},{"Length":301,"Height":105,"Demand":1,"DemandMax":null,"Value":31605},{"Length":306,"Height":123,"Demand":1,"DemandMax":null,"Value":37638},{"Length":229,"Height":343,"Demand":1,"DemandMax":null,"Value":78547},{"Length":137,"Height":132,"Demand":1,"DemandMax":null,"Value":18084},{"Length":198,"Height":156,"Demand":1,"DemandMax":null,"Value":30888},{"Length":377,"Height":281,"Demand":1,"DemandMax":null,"Value":105937},{"Length":141,"Height":176,"Demand":1,"DemandMax":null,"Value":24816},{"Length":257,"Height":205,"Demand":1,"DemandMax":null,"Value":52685},{"Length":392,"Height":237,"Demand":1,"DemandMax":null,"Value":92904},{"Length":312,"Height":237,"Demand":1,"DemandMax":null,"Value":73944},{"Length":184,"Height":273,"Demand":1,"DemandMax":null,"Value":50232},{"Length":274,"Height":210,"Demand":1,"DemandMax":null,"Value":57540},{"Length":350,"Height":316,"Demand":1,"DemandMax":null,"Value":110600},{"Length":278,"Height":357,"Demand":1,"DemandMax":null,"Value":99246},{"Length":325,"Height":201,"Demand":1,"DemandMax":null,"Value":65325},{"Length":256,"Height":112,"Demand":1,"DemandMax":null,"Value":28672},{"Length":240,"Height":160,"Demand":1,"DemandMax":null,"Value":38400},{"Length":242,"Height":209,"Demand":1,"DemandMax":null,"Value":50578},{"Length":330,"Height":226,"Demand":1,"DemandMax":null,"Value":74580},{"Length":369,"Height":279,"Demand":1,"DemandMax":null,"Value":102951},{"Length":327,"Height":234,"Demand":1,"DemandMax":null,"Value":76518},{"Length":271,"Height":358,"Demand":1,"DemandMax":null,"Value":97018},{"Length":366,"Height":117,"Demand":1,"DemandMax":null,"Value":42822},{"Length":280,"Height":277,"Demand":1,"DemandMax":null,"Value":77560}]}