{"Name":"SPIEKSMA07_100_06","Objects":[{"Length":150,"Height":150,"Stock":null,"Cost":22500}],"Items":[{"Length":79,"Height":71,"Demand":1,"DemandMax":null,"Value":5609},{"Length":43,"Height":36,"Demand":1,"DemandMax":null,"Value":1548},{"Length":53,"Height":56,"Demand":1,"DemandMax":null,"Value":2968},{"Length":45,"Height":47,"Demand":1,"DemandMax":null,"Value":2115},{"Length":65,"Height":58,"Demand":1,"DemandMax":null,"Value":3770},{"Length":23,"Height":30,"Demand":1,"DemandMax":null,"Value":690},{"Length":97,"Height":99,"Demand":1,"DemandMax":null,"Value":9603},{"Length":91,"Height":95,"Demand":1,"DemandMax":null,"Value":8645},{"Length":77,"Height":78,"Demand":2,"DemandMax":null,"Value":6006},{"Length":73,"Height":67,"Demand":1,"DemandMax":null,"Value":4891},{"Length":42,"Height":48,"Demand":1,"DemandMax":null,"Value":2016},{"Length":56,"Height":63,"Demand":1,"DemandMax":null,"Value":3528},{"Length":53,"Height":50,"Demand":1,"DemandMax":null,"Value":2650},{"Length":77,"Height":76,"Demand":1,"DemandMax":null,"Value":5852},{"Length":40,"Height":44,"Demand":1,"DemandMax":null,"Value":1760},{"Length":38,"Height":29,"Demand":1,"DemandMax":null,"Value":1102},{"Length":38,"Height":41,"Demand":1,"DemandMax":null,"Value":1558},{"Length":28,"Height":20,"Demand":1,"DemandMax":null,"Value":560},{"Length":28,"Height":24,"Demand":1,"DemandMax":null,"Value":672},{"Length":82,"Height":81,"Demand":1,"DemandMax":null,"Value":6642},{"Length":21,"Height":13,"Demand":1,"DemandMax":null,"Value":273},{"Length":23,"Height":15,"Demand":1,"DemandMax":null,"Value":345},{"Length":52,"Height":58,"Demand":1,"DemandMax":null,"Value":3016},{"Length":99,"Height":101,"Demand":1,"DemandMax":null,"Value":9999},{"Length":22,"Height":22,"Demand":1,"DemandMax":null,"Value":484},{"Length":26,"Height":29,"Demand":1,"DemandMax":null,"Value":754},{"Length":21,"Height":25,"Demand":1,"DemandMax":null,"Value":525},{"Length":26,"Height":25,"Demand":1,"DemandMax":null,"Value":650},{"Length":85,"Height":77,"Demand":1,"DemandMax":null,"Value":6545},{"Length":28,"Height":25,"Demand":1,"DemandMax":null,"Value":700},{"Length":35,"Height":43,"Demand":1,"DemandMax":null,"Value":1505},{"Length":68,"Height":61,"Demand":1,"DemandMax":null,"Value":4148},{"Length":40,"Height":40,"Demand":1,"DemandMax":null,"Value":1600},{"Length":48,"Height":57,"Demand":1,"DemandMax":null,"Value":2736},{"Length":57,"Height":61,"Demand":1,"DemandMax":null,"Value":3477},{"Length":57,"Height":53,"Demand":1,"DemandMax":null,"Value":3021},{"Length":66,"Height":68,"Demand":1,"DemandMax":null,"Value":4488},{"Length":49,"Height":56,"Demand":1,"DemandMax":null,"Value":2744},{"Length":78,"Height":80,"Demand":2,"DemandMax":null,"Value":6240},{"Length":89,"Height":94,"Demand":1,"DemandMax":null,"Value":8366},{"Length":47,"Height":47,"Demand":1,"DemandMax":null,"Value":2209},{"Length":23,"Height":22,"Demand":1,"DemandMax":null,"Value":506},{"Length":36,"Height":35,"Demand":2,"DemandMax":null,"Value":1260},{"Length":49,"Height":54,"Demand":1,"DemandMax":null,"Value":2646},{"Length":54,"Height":62,"Demand":2,"DemandMax":null,"Value":3348},{"Length":68,"Height":73,"Demand":1,"DemandMax":null,"Value":4964},{"Length":56,"Height":57,"Demand":1,"DemandMax":null,"Value":3192},{"Length":89,"Height":97,"Demand":1,"DemandMax":null,"Value":8633},{"Length":24,"Height":26,"Demand":1,"DemandMax":null,"Value":624},{"Length":67,"Height":76,"Demand":1,"DemandMax":null,"Value":5092},{"Length":48,"Height":47,"Demand":1,"DemandMax":null,"Value":2256},{"Length":66,"Height":56,"Demand":1,"DemandMax":null,"Value":3696},{"Length":83,"Height":90,"Demand":1,"DemandMax":null,"Value":7470},{"Length":93,"Height":94,"Demand":1,"DemandMax":null,"Value":8742},{"Length":32,"Height":41,"Demand":1,"DemandMax":null,"Value":1312},{"Length":24,"Height":21,"Demand":1,"DemandMax":null,"Value":504},{"Length":62,"Height":56,"Demand":1,"DemandMax":null,"Value":3472},{"Length":82,"Height":82,"Demand":1,"DemandMax":null,"Value":6724},{"Length":50,"Height":47,"Demand":1,"DemandMax":null,"Value":2350},{"Length":57,"Height":58,"Demand":1,"DemandMax":null,"Value":3306},{"Length":80,"Height":89,"Demand":1,"DemandMax":null,"Value":7120},{"Length":94,"Height":88,"Demand":1,"DemandMax":null,"Value":8272},{"Length":37,"Height":31,"Demand":1,"DemandMax":null,"Value":1147},{"Length":35,"Height":27,"Demand":1,"DemandMax":null,"Value":945},{"Length":22,"Height":20,"Demand":1,"DemandMax":null,"Value":440},{"Length":74,"Height":81,"Demand":1,"DemandMax":null,"Value":5994},{"Length":65,"Height":64,"Demand":1,"DemandMax":null,"Value":4160},{"Length":91,"Height":84,"Demand":1,"DemandMax":null,"Value":7644},{"Length":38,"Height":30,"Demand":1,"DemandMax":null,"Value":1140},{"Length":57,"Height":65,"Demand":1,"DemandMax":null,"Value":3705},{"Length":85,"Height":84,"Demand":1,"DemandMax":null,"Value":7140},{"Length":87,"Height":95,"Demand":1,"DemandMax":null,"Value":8265},{"Length":84,"Height":80,"Demand":1,"DemandMax":null,"Value":6720},{"Length":61,"Height":57,"Demand":1,"DemandMax":null,"Value":3477},{"Length":56,"Height":56,"Demand":1,"DemandMax":null,"Value":3136},{"Length":87,"Height":92,"Demand":1,"DemandMax":null,"Value":8004},{"Length":39,"Height":34,"Demand":1,"DemandMax":null,"Value":1326},{"Length":62,"Height":64,"Demand":1,"DemandMax":null,"Value":3968},{"Length":95,"Height":99,"Demand":1,"DemandMax":null,"Value":9405},{"Length":22,"Height":27,"Demand":1,"DemandMax":null,"Value":594},{"Length":73,"Height":69,"Demand":1,"DemandMax":null,"Value":5037},{"Length":28,"Height":23,"Demand":1,"DemandMax":null,"Value":644},{"Length":89,"Height":95,"Demand":1,"DemandMax":null,"Value":8455},{"Length":89,"Height":90,"Demand":1,"DemandMax":null,"Value":8010},{"Length":45,"Height":42,"Demand":1,"DemandMax":null,"Value":1890},{"Length":81,"Height":80,"Demand":1,"DemandMax":null,"Value":6480},{"Length":29,"Height":26,"Demand":1,"DemandMax":null,"Value":754},{"Length":67,"Height":57,"Demand":1,"DemandMax":null,"Value":3819},{"Length":54,"Height":59,"Demand":1,"DemandMax":null,"Value":3186},{"Length":93,"Height":88,"Demand":1,"DemandMax":null,"Value":8184},{"Length":80,"Height":77,"Demand":1,"DemandMax":null,"Value":6160},{"Length":84,"Height":87,"Demand":1,"DemandMax":null,"Value":7308},{"Length":45,"Height":35,"Demand":1,"DemandMax":null,"Value":1575},{"Length":86,"Height":89,"Demand":1,"DemandMax":null,"Value":7654},{"Length":38,"Height":31,"Demand":1,"DemandMax":null,"Value":1178},{"Length":81,"Height":78,"Demand":1,"DemandMax":null,"Value":6318}]}