{"Name":"SPIEKSMA10_201_10","Objects":[{"Length":100,"Height":100,"Stock":null,"Cost":10000}],"Items":[{"Length":35,"Height":50,"Demand":1,"DemandMax":null,"Value":1750},{"Length":50,"Height":47,"Demand":1,"DemandMax":null,"Value":2350},{"Length":49,"Height":47,"Demand":1,"DemandMax":null,"Value":2303},{"Length":38,"Height":49,"Demand":1,"DemandMax":null,"Value":1862},{"Length":49,"Height":33,"Demand":1,"DemandMax":null,"Value":1617},{"Length":39,"Height":49,"Demand":1,"DemandMax":null,"Value":1911},{"Length":49,"Height":43,"Demand":1,"DemandMax":null,"Value":2107},{"Length":48,"Height":46,"Demand":1,"DemandMax":null,"Value":2208},{"Length":48,"Height":28,"Demand":1,"DemandMax":null,"Value":1344},{"Length":40,"Height":48,"Demand":1,"DemandMax":null,"Value":1920},{"Length":45,"Height":48,"Demand":1,"DemandMax":null,"Value":2160},{"Length":48,"Height":30,"Demand":1,"DemandMax":null,"Value":1440},{"Length":27,"Height":48,"Demand":1,"DemandMax":null,"Value":1296},{"Length":36,"Height":48,"Demand":2,"DemandMax":null,"Value":1728},{"Length":48,"Height":33,"Demand":1,"DemandMax":null,"Value":1584},{"Length":38,"Height":48,"Demand":2,"DemandMax":null,"Value":1824},{"Length":31,"Height":48,"Demand":1,"DemandMax":null,"Value":1488},{"Length":47,"Height":48,"Demand":1,"DemandMax":null,"Value":2256},{"Length":48,"Height":42,"Demand":1,"DemandMax":null,"Value":2016},{"Length":44,"Height":47,"Demand":1,"DemandMax":null,"Value":2068},{"Length":47,"Height":44,"Demand":2,"DemandMax":null,"Value":2068},{"Length":39,"Height":47,"Demand":2,"DemandMax":null,"Value":1833},{"Length":27,"Height":47,"Demand":1,"DemandMax":null,"Value":1269},{"Length":47,"Height":33,"Demand":1,"DemandMax":null,"Value":1551},{"Length":35,"Height":47,"Demand":1,"DemandMax":null,"Value":1645},{"Length":47,"Height":38,"Demand":1,"DemandMax":null,"Value":1786},{"Length":36,"Height":47,"Demand":1,"DemandMax":null,"Value":1692},{"Length":28,"Height":46,"Demand":1,"DemandMax":null,"Value":1288},{"Length":40,"Height":46,"Demand":1,"DemandMax":null,"Value":1840},{"Length":43,"Height":46,"Demand":1,"DemandMax":null,"Value":1978},{"Length":36,"Height":46,"Demand":1,"DemandMax":null,"Value":1656},{"Length":46,"Height":39,"Demand":1,"DemandMax":null,"Value":1794},{"Length":34,"Height":46,"Demand":1,"DemandMax":null,"Value":1564},{"Length":45,"Height":46,"Demand":1,"DemandMax":null,"Value":2070},{"Length":46,"Height":31,"Demand":1,"DemandMax":null,"Value":1426},{"Length":31,"Height":46,"Demand":1,"DemandMax":null,"Value":1426},{"Length":33,"Height":46,"Demand":1,"DemandMax":null,"Value":1518},{"Length":32,"Height":46,"Demand":1,"DemandMax":null,"Value":1472},{"Length":28,"Height":45,"Demand":1,"DemandMax":null,"Value":1260},{"Length":45,"Height":28,"Demand":1,"DemandMax":null,"Value":1260},{"Length":36,"Height":45,"Demand":2,"DemandMax":null,"Value":1620},{"Length":44,"Height":45,"Demand":1,"DemandMax":null,"Value":1980},{"Length":38,"Height":45,"Demand":1,"DemandMax":null,"Value":1710},{"Length":28,"Height":44,"Demand":1,"DemandMax":null,"Value":1232},{"Length":44,"Height":40,"Demand":1,"DemandMax":null,"Value":1760},{"Length":40,"Height":44,"Demand":1,"DemandMax":null,"Value":1760},{"Length":37,"Height":44,"Demand":2,"DemandMax":null,"Value":1628},{"Length":38,"Height":44,"Demand":1,"DemandMax":null,"Value":1672},{"Length":44,"Height":33,"Demand":1,"DemandMax":null,"Value":1452},{"Length":44,"Height":28,"Demand":1,"DemandMax":null,"Value":1232},{"Length":31,"Height":44,"Demand":1,"DemandMax":null,"Value":1364},{"Length":44,"Height":42,"Demand":1,"DemandMax":null,"Value":1848},{"Length":44,"Height":27,"Demand":1,"DemandMax":null,"Value":1188},{"Length":44,"Height":36,"Demand":1,"DemandMax":null,"Value":1584},{"Length":44,"Height":32,"Demand":1,"DemandMax":null,"Value":1408},{"Length":43,"Height":41,"Demand":1,"DemandMax":null,"Value":1763},{"Length":35,"Height":43,"Demand":1,"DemandMax":null,"Value":1505},{"Length":43,"Height":26,"Demand":1,"DemandMax":null,"Value":1118},{"Length":26,"Height":43,"Demand":1,"DemandMax":null,"Value":1118},{"Length":43,"Height":32,"Demand":1,"DemandMax":null,"Value":1376},{"Length":30,"Height":43,"Demand":1,"DemandMax":null,"Value":1290},{"Length":43,"Height":31,"Demand":2,"DemandMax":null,"Value":1333},{"Length":41,"Height":43,"Demand":1,"DemandMax":null,"Value":1763},{"Length":40,"Height":43,"Demand":1,"DemandMax":null,"Value":1720},{"Length":36,"Height":43,"Demand":1,"DemandMax":null,"Value":1548},{"Length":28,"Height":43,"Demand":1,"DemandMax":null,"Value":1204},{"Length":43,"Height":36,"Demand":1,"DemandMax":null,"Value":1548},{"Length":42,"Height":40,"Demand":1,"DemandMax":null,"Value":1680},{"Length":40,"Height":42,"Demand":1,"DemandMax":null,"Value":1680},{"Length":42,"Height":28,"Demand":1,"DemandMax":null,"Value":1176},{"Length":37,"Height":42,"Demand":1,"DemandMax":null,"Value":1554},{"Length":42,"Height":36,"Demand":1,"DemandMax":null,"Value":1512},{"Length":42,"Height":18,"Demand":1,"DemandMax":null,"Value":756},{"Length":26,"Height":42,"Demand":3,"DemandMax":null,"Value":1092},{"Length":42,"Height":15,"Demand":1,"DemandMax":null,"Value":630},{"Length":42,"Height":7,"Demand":1,"DemandMax":null,"Value":294},{"Length":42,"Height":13,"Demand":1,"DemandMax":null,"Value":546},{"Length":42,"Height":35,"Demand":1,"DemandMax":null,"Value":1470},{"Length":22,"Height":41,"Demand":1,"DemandMax":null,"Value":902},{"Length":34,"Height":41,"Demand":1,"DemandMax":null,"Value":1394},{"Length":25,"Height":41,"Demand":1,"DemandMax":null,"Value":1025},{"Length":41,"Height":22,"Demand":1,"DemandMax":null,"Value":902},{"Length":41,"Height":32,"Demand":1,"DemandMax":null,"Value":1312},{"Length":41,"Height":35,"Demand":1,"DemandMax":null,"Value":1435},{"Length":30,"Height":40,"Demand":1,"DemandMax":null,"Value":1200},{"Length":36,"Height":40,"Demand":2,"DemandMax":null,"Value":1440},{"Length":26,"Height":40,"Demand":1,"DemandMax":null,"Value":1040},{"Length":22,"Height":40,"Demand":1,"DemandMax":null,"Value":880},{"Length":40,"Height":12,"Demand":1,"DemandMax":null,"Value":480},{"Length":25,"Height":40,"Demand":1,"DemandMax":null,"Value":1000},{"Length":21,"Height":40,"Demand":1,"DemandMax":null,"Value":840},{"Length":39,"Height":26,"Demand":1,"DemandMax":null,"Value":1014},{"Length":39,"Height":30,"Demand":1,"DemandMax":null,"Value":1170},{"Length":39,"Height":19,"Demand":1,"DemandMax":null,"Value":741},{"Length":27,"Height":39,"Demand":1,"DemandMax":null,"Value":1053},{"Length":39,"Height":34,"Demand":2,"DemandMax":null,"Value":1326},{"Length":34,"Height":39,"Demand":1,"DemandMax":null,"Value":1326},{"Length":28,"Height":39,"Demand":1,"DemandMax":null,"Value":1092},{"Length":39,"Height":32,"Demand":1,"DemandMax":null,"Value":1248},{"Length":38,"Height":37,"Demand":1,"DemandMax":null,"Value":1406},{"Length":38,"Height":36,"Demand":1,"DemandMax":null,"Value":1368},{"Length":11,"Height":38,"Demand":1,"DemandMax":null,"Value":418},{"Length":20,"Height":38,"Demand":1,"DemandMax":null,"Value":760},{"Length":38,"Height":29,"Demand":1,"DemandMax":null,"Value":1102},{"Length":38,"Height":28,"Demand":1,"DemandMax":null,"Value":1064},{"Length":38,"Height":38,"Demand":1,"DemandMax":null,"Value":1444},{"Length":37,"Height":31,"Demand":1,"DemandMax":null,"Value":1147},{"Length":33,"Height":37,"Demand":2,"DemandMax":null,"Value":1221},{"Length":29,"Height":37,"Demand":1,"DemandMax":null,"Value":1073},{"Length":30,"Height":37,"Demand":1,"DemandMax":null,"Value":1110},{"Length":31,"Height":37,"Demand":1,"DemandMax":null,"Value":1147},{"Length":37,"Height":23,"Demand":1,"DemandMax":null,"Value":851},{"Length":37,"Height":33,"Demand":1,"DemandMax":null,"Value":1221},{"Length":32,"Height":36,"Demand":1,"DemandMax":null,"Value":1152},{"Length":34,"Height":36,"Demand":2,"DemandMax":null,"Value":1224},{"Length":33,"Height":36,"Demand":1,"DemandMax":null,"Value":1188},{"Length":36,"Height":36,"Demand":1,"DemandMax":null,"Value":1296},{"Length":36,"Height":25,"Demand":1,"DemandMax":null,"Value":900},{"Length":30,"Height":36,"Demand":1,"DemandMax":null,"Value":1080},{"Length":36,"Height":28,"Demand":1,"DemandMax":null,"Value":1008},{"Length":36,"Height":34,"Demand":1,"DemandMax":null,"Value":1224},{"Length":29,"Height":36,"Demand":1,"DemandMax":null,"Value":1044},{"Length":36,"Height":17,"Demand":1,"DemandMax":null,"Value":612},{"Length":35,"Height":17,"Demand":1,"DemandMax":null,"Value":595},{"Length":35,"Height":21,"Demand":1,"DemandMax":null,"Value":735},{"Length":35,"Height":29,"Demand":1,"DemandMax":null,"Value":1015},{"Length":31,"Height":34,"Demand":1,"DemandMax":null,"Value":1054},{"Length":30,"Height":34,"Demand":1,"DemandMax":null,"Value":1020},{"Length":34,"Height":12,"Demand":1,"DemandMax":null,"Value":408},{"Length":34,"Height":30,"Demand":1,"DemandMax":null,"Value":1020},{"Length":32,"Height":34,"Demand":1,"DemandMax":null,"Value":1088},{"Length":28,"Height":34,"Demand":1,"DemandMax":null,"Value":952},{"Length":34,"Height":28,"Demand":1,"DemandMax":null,"Value":952},{"Length":29,"Height":34,"Demand":1,"DemandMax":null,"Value":986},{"Length":11,"Height":33,"Demand":1,"DemandMax":null,"Value":363},{"Length":33,"Height":28,"Demand":2,"DemandMax":null,"Value":924},{"Length":28,"Height":33,"Demand":1,"DemandMax":null,"Value":924},{"Length":33,"Height":26,"Demand":1,"DemandMax":null,"Value":858},{"Length":33,"Height":22,"Demand":1,"DemandMax":null,"Value":726},{"Length":14,"Height":33,"Demand":1,"DemandMax":null,"Value":462},{"Length":18,"Height":33,"Demand":1,"DemandMax":null,"Value":594},{"Length":22,"Height":32,"Demand":1,"DemandMax":null,"Value":704},{"Length":21,"Height":32,"Demand":1,"DemandMax":null,"Value":672},{"Length":32,"Height":19,"Demand":1,"DemandMax":null,"Value":608},{"Length":32,"Height":29,"Demand":1,"DemandMax":null,"Value":928},{"Length":31,"Height":21,"Demand":1,"DemandMax":null,"Value":651},{"Length":31,"Height":31,"Demand":1,"DemandMax":null,"Value":961},{"Length":31,"Height":17,"Demand":1,"DemandMax":null,"Value":527},{"Length":27,"Height":31,"Demand":1,"DemandMax":null,"Value":837},{"Length":30,"Height":31,"Demand":1,"DemandMax":null,"Value":930},{"Length":30,"Height":28,"Demand":1,"DemandMax":null,"Value":840},{"Length":30,"Height":30,"Demand":1,"DemandMax":null,"Value":900},{"Length":30,"Height":25,"Demand":1,"DemandMax":null,"Value":750},{"Length":18,"Height":29,"Demand":1,"DemandMax":null,"Value":522},{"Length":29,"Height":26,"Demand":1,"DemandMax":null,"Value":754},{"Length":29,"Height":27,"Demand":1,"DemandMax":null,"Value":783},{"Length":16,"Height":29,"Demand":1,"DemandMax":null,"Value":464},{"Length":27,"Height":28,"Demand":2,"DemandMax":null,"Value":756},{"Length":13,"Height":28,"Demand":1,"DemandMax":null,"Value":364},{"Length":23,"Height":27,"Demand":1,"DemandMax":null,"Value":621},{"Length":26,"Height":27,"Demand":1,"DemandMax":null,"Value":702},{"Length":25,"Height":27,"Demand":1,"DemandMax":null,"Value":675},{"Length":27,"Height":22,"Demand":1,"DemandMax":null,"Value":594},{"Length":25,"Height":26,"Demand":1,"DemandMax":null,"Value":650},{"Length":25,"Height":7,"Demand":1,"DemandMax":null,"Value":175},{"Length":25,"Height":25,"Demand":1,"DemandMax":null,"Value":625},{"Length":16,"Height":25,"Demand":1,"DemandMax":null,"Value":400},{"Length":24,"Height":17,"Demand":1,"DemandMax":null,"Value":408},{"Length":24,"Height":7,"Demand":1,"DemandMax":null,"Value":168},{"Length":24,"Height":12,"Demand":1,"DemandMax":null,"Value":288},{"Length":14,"Height":24,"Demand":1,"DemandMax":null,"Value":336},{"Length":18,"Height":23,"Demand":1,"DemandMax":null,"Value":414},{"Length":16,"Height":22,"Demand":1,"DemandMax":null,"Value":352},{"Length":22,"Height":14,"Demand":1,"DemandMax":null,"Value":308},{"Length":22,"Height":22,"Demand":1,"DemandMax":null,"Value":484},{"Length":21,"Height":10,"Demand":1,"DemandMax":null,"Value":210},{"Length":21,"Height":20,"Demand":1,"DemandMax":null,"Value":420},{"Length":21,"Height":9,"Demand":1,"DemandMax":null,"Value":189},{"Length":21,"Height":21,"Demand":1,"DemandMax":null,"Value":441},{"Length":19,"Height":6,"Demand":1,"DemandMax":null,"Value":114},{"Length":18,"Height":5,"Demand":1,"DemandMax":null,"Value":90},{"Length":17,"Height":10,"Demand":1,"DemandMax":null,"Value":170},{"Length":17,"Height":16,"Demand":1,"DemandMax":null,"Value":272},{"Length":16,"Height":11,"Demand":1,"DemandMax":null,"Value":176},{"Length":9,"Height":13,"Demand":1,"DemandMax":null,"Value":117},{"Length":11,"Height":11,"Demand":1,"DemandMax":null,"Value":121}]}