{"Name":"SPIEKSMA09_200_08","Objects":[{"Length":968,"Height":982,"Stock":null,"Cost":950576}],"Items":[{"Length":188,"Height":143,"Demand":1,"DemandMax":null,"Value":26884},{"Length":224,"Height":301,"Demand":1,"DemandMax":null,"Value":67424},{"Length":195,"Height":278,"Demand":1,"DemandMax":null,"Value":54210},{"Length":269,"Height":139,"Demand":1,"DemandMax":null,"Value":37391},{"Length":110,"Height":353,"Demand":1,"DemandMax":null,"Value":38830},{"Length":388,"Height":285,"Demand":1,"DemandMax":null,"Value":110580},{"Length":367,"Height":303,"Demand":1,"DemandMax":null,"Value":111201},{"Length":314,"Height":272,"Demand":1,"DemandMax":null,"Value":85408},{"Length":297,"Height":160,"Demand":1,"DemandMax":null,"Value":47520},{"Length":182,"Height":334,"Demand":1,"DemandMax":null,"Value":60788},{"Length":236,"Height":359,"Demand":1,"DemandMax":null,"Value":84724},{"Length":225,"Height":203,"Demand":1,"DemandMax":null,"Value":45675},{"Length":315,"Height":232,"Demand":1,"DemandMax":null,"Value":73080},{"Length":175,"Height":313,"Demand":1,"DemandMax":null,"Value":54775},{"Length":169,"Height":113,"Demand":1,"DemandMax":null,"Value":19097},{"Length":166,"Height":298,"Demand":1,"DemandMax":null,"Value":49468},{"Length":131,"Height":135,"Demand":1,"DemandMax":null,"Value":17685},{"Length":132,"Height":191,"Demand":1,"DemandMax":null,"Value":25212},{"Length":334,"Height":232,"Demand":1,"DemandMax":null,"Value":77488},{"Length":105,"Height":125,"Demand":1,"DemandMax":null,"Value":13125},{"Length":111,"Height":136,"Demand":1,"DemandMax":null,"Value":15096},{"Length":220,"Height":333,"Demand":1,"DemandMax":null,"Value":73260},{"Length":396,"Height":281,"Demand":1,"DemandMax":null,"Value":111276},{"Length":109,"Height":249,"Demand":1,"DemandMax":null,"Value":27141},{"Length":123,"Height":301,"Demand":1,"DemandMax":null,"Value":37023},{"Length":105,"Height":306,"Demand":1,"DemandMax":null,"Value":32130},{"Length":123,"Height":229,"Demand":1,"DemandMax":null,"Value":28167},{"Length":343,"Height":137,"Demand":1,"DemandMax":null,"Value":46991},{"Length":132,"Height":198,"Demand":1,"DemandMax":null,"Value":26136},{"Length":156,"Height":377,"Demand":1,"DemandMax":null,"Value":58812},{"Length":281,"Height":141,"Demand":1,"DemandMax":null,"Value":39621},{"Length":176,"Height":257,"Demand":1,"DemandMax":null,"Value":45232},{"Length":205,"Height":392,"Demand":1,"DemandMax":null,"Value":80360},{"Length":237,"Height":312,"Demand":1,"DemandMax":null,"Value":73944},{"Length":237,"Height":184,"Demand":1,"DemandMax":null,"Value":43608},{"Length":273,"Height":274,"Demand":1,"DemandMax":null,"Value":74802},{"Length":210,"Height":350,"Demand":1,"DemandMax":null,"Value":73500},{"Length":316,"Height":278,"Demand":1,"DemandMax":null,"Value":87848},{"Length":357,"Height":325,"Demand":1,"DemandMax":null,"Value":116025},{"Length":201,"Height":256,"Demand":1,"DemandMax":null,"Value":51456},{"Length":112,"Height":240,"Demand":1,"DemandMax":null,"Value":26880},{"Length":160,"Height":242,"Demand":1,"DemandMax":null,"Value":38720},{"Length":209,"Height":330,"Demand":1,"DemandMax":null,"Value":68970},{"Length":226,"Height":369,"Demand":1,"DemandMax":null,"Value":83394},{"Length":279,"Height":327,"Demand":1,"DemandMax":null,"Value":91233},{"Length":234,"Height":271,"Demand":1,"DemandMax":null,"Value":63414},{"Length":358,"Height":366,"Demand":1,"DemandMax":null,"Value":131028},{"Length":117,"Height":280,"Demand":1,"DemandMax":null,"Value":32760},{"Length":277,"Height":379,"Demand":1,"DemandMax":null,"Value":104983},{"Length":207,"Height":230,"Demand":1,"DemandMax":null,"Value":47610},{"Length":271,"Height":100,"Demand":1,"DemandMax":null,"Value":27100},{"Length":338,"Height":355,"Demand":1,"DemandMax":null,"Value":119990},{"Length":373,"Height":262,"Demand":1,"DemandMax":null,"Value":97726},{"Length":144,"Height":388,"Demand":1,"DemandMax":null,"Value":55872},{"Length":116,"Height":199,"Demand":1,"DemandMax":null,"Value":23084},{"Length":257,"Height":162,"Demand":1,"DemandMax":null,"Value":41634},{"Length":333,"Height":243,"Demand":1,"DemandMax":null,"Value":80919},{"Length":212,"Height":210,"Demand":1,"DemandMax":null,"Value":44520},{"Length":158,"Height":228,"Demand":1,"DemandMax":null,"Value":36024},{"Length":240,"Height":266,"Demand":1,"DemandMax":null,"Value":63840},{"Length":325,"Height":388,"Demand":1,"DemandMax":null,"Value":126100},{"Length":377,"Height":163,"Demand":1,"DemandMax":null,"Value":61451},{"Length":165,"Height":156,"Demand":1,"DemandMax":null,"Value":25740},{"Length":155,"Height":134,"Demand":1,"DemandMax":null,"Value":20770},{"Length":314,"Height":265,"Demand":1,"DemandMax":null,"Value":83210},{"Length":107,"Height":213,"Demand":1,"DemandMax":null,"Value":22791},{"Length":303,"Height":348,"Demand":1,"DemandMax":null,"Value":105444},{"Length":268,"Height":234,"Demand":1,"DemandMax":null,"Value":62712},{"Length":367,"Height":139,"Demand":1,"DemandMax":null,"Value":51013},{"Length":169,"Height":129,"Demand":1,"DemandMax":null,"Value":21801},{"Length":239,"Height":371,"Demand":1,"DemandMax":null,"Value":88669},{"Length":344,"Height":231,"Demand":1,"DemandMax":null,"Value":79464},{"Length":352,"Height":377,"Demand":1,"DemandMax":null,"Value":132704},{"Length":228,"Height":375,"Demand":1,"DemandMax":null,"Value":85500},{"Length":339,"Height":191,"Demand":1,"DemandMax":null,"Value":64749},{"Length":252,"Height":193,"Demand":1,"DemandMax":null,"Value":48636},{"Length":234,"Height":247,"Demand":1,"DemandMax":null,"Value":57798},{"Length":351,"Height":319,"Demand":1,"DemandMax":null,"Value":111969},{"Length":171,"Height":177,"Demand":1,"DemandMax":null,"Value":30267},{"Length":258,"Height":286,"Demand":1,"DemandMax":null,"Value":73788},{"Length":381,"Height":314,"Demand":1,"DemandMax":null,"Value":119634},{"Length":106,"Height":328,"Demand":1,"DemandMax":null,"Value":34768},{"Length":300,"Height":193,"Demand":1,"DemandMax":null,"Value":57900},{"Length":128,"Height":177,"Demand":1,"DemandMax":null,"Value":22656},{"Length":359,"Height":346,"Demand":1,"DemandMax":null,"Value":124214},{"Length":359,"Height":267,"Demand":1,"DemandMax":null,"Value":95853},{"Length":193,"Height":207,"Demand":1,"DemandMax":null,"Value":39951},{"Length":330,"Height":232,"Demand":1,"DemandMax":null,"Value":76560},{"Length":135,"Height":209,"Demand":1,"DemandMax":null,"Value":28215},{"Length":275,"Height":105,"Demand":1,"DemandMax":null,"Value":28875},{"Length":318,"Height":286,"Demand":1,"DemandMax":null,"Value":90948},{"Length":229,"Height":318,"Demand":1,"DemandMax":null,"Value":72822},{"Length":375,"Height":170,"Demand":1,"DemandMax":null,"Value":63750},{"Length":323,"Height":207,"Demand":1,"DemandMax":null,"Value":66861},{"Length":340,"Height":295,"Demand":1,"DemandMax":null,"Value":100300},{"Length":192,"Height":103,"Demand":1,"DemandMax":null,"Value":19776},{"Length":346,"Height":295,"Demand":1,"DemandMax":null,"Value":102070},{"Length":169,"Height":140,"Demand":1,"DemandMax":null,"Value":23660},{"Length":327,"Height":203,"Demand":1,"DemandMax":null,"Value":66381},{"Length":387,"Height":251,"Demand":1,"DemandMax":null,"Value":97137},{"Length":316,"Height":151,"Demand":1,"DemandMax":null,"Value":47716},{"Length":179,"Height":170,"Demand":1,"DemandMax":null,"Value":30430},{"Length":145,"Height":375,"Demand":1,"DemandMax":null,"Value":54375},{"Length":180,"Height":331,"Demand":1,"DemandMax":null,"Value":59580},{"Length":349,"Height":306,"Demand":1,"DemandMax":null,"Value":106794},{"Length":221,"Height":366,"Demand":1,"DemandMax":null,"Value":80886},{"Length":361,"Height":378,"Demand":1,"DemandMax":null,"Value":136458},{"Length":236,"Height":308,"Demand":1,"DemandMax":null,"Value":72688},{"Length":314,"Height":224,"Demand":1,"DemandMax":null,"Value":70336},{"Length":260,"Height":292,"Demand":1,"DemandMax":null,"Value":75920},{"Length":141,"Height":178,"Demand":1,"DemandMax":null,"Value":25098},{"Length":124,"Height":250,"Demand":1,"DemandMax":null,"Value":31000},{"Length":176,"Height":374,"Demand":1,"DemandMax":null,"Value":65824},{"Length":363,"Height":216,"Demand":1,"DemandMax":null,"Value":78408},{"Length":252,"Height":144,"Demand":1,"DemandMax":null,"Value":36288},{"Length":110,"Height":323,"Demand":1,"DemandMax":null,"Value":35530},{"Length":303,"Height":121,"Demand":1,"DemandMax":null,"Value":36663},{"Length":398,"Height":205,"Demand":1,"DemandMax":null,"Value":81590},{"Length":362,"Height":140,"Demand":1,"DemandMax":null,"Value":50680},{"Length":260,"Height":194,"Demand":1,"DemandMax":null,"Value":50440},{"Length":261,"Height":133,"Demand":1,"DemandMax":null,"Value":34713},{"Length":330,"Height":124,"Demand":1,"DemandMax":null,"Value":40920},{"Length":235,"Height":134,"Demand":1,"DemandMax":null,"Value":31490},{"Length":142,"Height":229,"Demand":1,"DemandMax":null,"Value":32518},{"Length":317,"Height":276,"Demand":1,"DemandMax":null,"Value":87492},{"Length":227,"Height":242,"Demand":1,"DemandMax":null,"Value":54934},{"Length":340,"Height":193,"Demand":1,"DemandMax":null,"Value":65620},{"Length":321,"Height":295,"Demand":1,"DemandMax":null,"Value":94695},{"Length":237,"Height":217,"Demand":1,"DemandMax":null,"Value":51429},{"Length":255,"Height":324,"Demand":1,"DemandMax":null,"Value":82620},{"Length":342,"Height":182,"Demand":1,"DemandMax":null,"Value":62244},{"Length":264,"Height":359,"Demand":1,"DemandMax":null,"Value":94776},{"Length":188,"Height":322,"Demand":1,"DemandMax":null,"Value":60536},{"Length":381,"Height":237,"Demand":1,"DemandMax":null,"Value":90297},{"Length":309,"Height":370,"Demand":1,"DemandMax":null,"Value":114330},{"Length":139,"Height":188,"Demand":1,"DemandMax":null,"Value":26132},{"Length":138,"Height":158,"Demand":1,"DemandMax":null,"Value":21804},{"Length":371,"Height":247,"Demand":1,"DemandMax":null,"Value":91637},{"Length":107,"Height":222,"Demand":1,"DemandMax":null,"Value":23754},{"Length":211,"Height":248,"Demand":1,"DemandMax":null,"Value":52328},{"Length":151,"Height":292,"Demand":1,"DemandMax":null,"Value":44092},{"Length":393,"Height":122,"Demand":1,"DemandMax":null,"Value":47946},{"Length":303,"Height":204,"Demand":1,"DemandMax":null,"Value":61812},{"Length":248,"Height":205,"Demand":1,"DemandMax":null,"Value":50840},{"Length":396,"Height":191,"Demand":1,"DemandMax":null,"Value":75636},{"Length":112,"Height":329,"Demand":1,"DemandMax":null,"Value":36848},{"Length":363,"Height":285,"Demand":2,"DemandMax":null,"Value":103455},{"Length":116,"Height":127,"Demand":1,"DemandMax":null,"Value":14732},{"Length":238,"Height":321,"Demand":1,"DemandMax":null,"Value":76398},{"Length":195,"Height":233,"Demand":1,"DemandMax":null,"Value":45435},{"Length":154,"Height":230,"Demand":1,"DemandMax":null,"Value":35420},{"Length":382,"Height":180,"Demand":1,"DemandMax":null,"Value":68760},{"Length":345,"Height":348,"Demand":1,"DemandMax":null,"Value":120060},{"Length":210,"Height":201,"Demand":1,"DemandMax":null,"Value":42210},{"Length":243,"Height":207,"Demand":1,"DemandMax":null,"Value":50301},{"Length":212,"Height":331,"Demand":1,"DemandMax":null,"Value":70172},{"Length":283,"Height":340,"Demand":1,"DemandMax":null,"Value":96220},{"Length":122,"Height":101,"Demand":1,"DemandMax":null,"Value":12322},{"Length":397,"Height":181,"Demand":1,"DemandMax":null,"Value":71857},{"Length":374,"Height":346,"Demand":1,"DemandMax":null,"Value":129404},{"Length":319,"Height":163,"Demand":1,"DemandMax":null,"Value":51997},{"Length":299,"Height":199,"Demand":1,"DemandMax":null,"Value":59501},{"Length":182,"Height":219,"Demand":1,"DemandMax":null,"Value":39858},{"Length":233,"Height":392,"Demand":1,"DemandMax":null,"Value":91336},{"Length":219,"Height":384,"Demand":1,"DemandMax":null,"Value":84096},{"Length":307,"Height":260,"Demand":1,"DemandMax":null,"Value":79820},{"Length":164,"Height":189,"Demand":1,"DemandMax":null,"Value":30996},{"Length":156,"Height":136,"Demand":1,"DemandMax":null,"Value":21216},{"Length":150,"Height":169,"Demand":1,"DemandMax":null,"Value":25350},{"Length":113,"Height":153,"Demand":1,"DemandMax":null,"Value":17289},{"Length":111,"Height":357,"Demand":1,"DemandMax":null,"Value":39627},{"Length":311,"Height":245,"Demand":1,"DemandMax":null,"Value":76195},{"Length":379,"Height":285,"Demand":1,"DemandMax":null,"Value":108015},{"Length":383,"Height":144,"Demand":1,"DemandMax":null,"Value":55152},{"Length":189,"Height":188,"Demand":1,"DemandMax":null,"Value":35532},{"Length":373,"Height":399,"Demand":1,"DemandMax":null,"Value":148827},{"Length":385,"Height":299,"Demand":1,"DemandMax":null,"Value":115115},{"Length":365,"Height":151,"Demand":1,"DemandMax":null,"Value":55115},{"Length":380,"Height":222,"Demand":1,"DemandMax":null,"Value":84360},{"Length":298,"Height":278,"Demand":1,"DemandMax":null,"Value":82844},{"Length":384,"Height":186,"Demand":1,"DemandMax":null,"Value":71424},{"Length":105,"Height":212,"Demand":1,"DemandMax":null,"Value":22260},{"Length":228,"Height":124,"Demand":1,"DemandMax":null,"Value":28272},{"Length":120,"Height":388,"Demand":1,"DemandMax":null,"Value":46560},{"Length":147,"Height":370,"Demand":1,"DemandMax":null,"Value":54390},{"Length":176,"Height":137,"Demand":1,"DemandMax":null,"Value":24112},{"Length":174,"Height":157,"Demand":1,"DemandMax":null,"Value":27318},{"Length":207,"Height":395,"Demand":1,"DemandMax":null,"Value":81765},{"Length":142,"Height":318,"Demand":1,"DemandMax":null,"Value":45156},{"Length":245,"Height":394,"Demand":1,"DemandMax":null,"Value":96530},{"Length":284,"Height":288,"Demand":1,"DemandMax":null,"Value":81792},{"Length":125,"Height":367,"Demand":1,"DemandMax":null,"Value":45875},{"Length":334,"Height":198,"Demand":1,"DemandMax":null,"Value":66132},{"Length":379,"Height":348,"Demand":1,"DemandMax":null,"Value":131892},{"Length":126,"Height":283,"Demand":1,"DemandMax":null,"Value":35658},{"Length":141,"Height":170,"Demand":1,"DemandMax":null,"Value":23970},{"Length":191,"Height":275,"Demand":1,"DemandMax":null,"Value":52525},{"Length":144,"Height":366,"Demand":1,"DemandMax":null,"Value":52704},{"Length":265,"Height":309,"Demand":1,"DemandMax":null,"Value":81885}]}