{"Name":"SPIEKSMA05_100_07","Objects":[{"Length":1000,"Height":1000,"Stock":null,"Cost":1000000}],"Items":[{"Length":34,"Height":47,"Demand":1,"DemandMax":null,"Value":1598},{"Length":36,"Height":56,"Demand":1,"DemandMax":null,"Value":2016},{"Length":75,"Height":49,"Demand":1,"DemandMax":null,"Value":3675},{"Length":69,"Height":67,"Demand":1,"DemandMax":null,"Value":4623},{"Length":35,"Height":28,"Demand":1,"DemandMax":null,"Value":980},{"Length":88,"Height":97,"Demand":1,"DemandMax":null,"Value":8536},{"Length":71,"Height":92,"Demand":1,"DemandMax":null,"Value":6532},{"Length":76,"Height":79,"Demand":1,"DemandMax":null,"Value":6004},{"Length":68,"Height":74,"Demand":1,"DemandMax":null,"Value":5032},{"Length":40,"Height":46,"Demand":1,"DemandMax":null,"Value":1840},{"Length":83,"Height":59,"Demand":1,"DemandMax":null,"Value":4897},{"Length":90,"Height":56,"Demand":1,"DemandMax":null,"Value":5040},{"Length":51,"Height":79,"Demand":1,"DemandMax":null,"Value":4029},{"Length":58,"Height":44,"Demand":1,"DemandMax":null,"Value":2552},{"Length":78,"Height":42,"Demand":1,"DemandMax":null,"Value":3276},{"Length":28,"Height":41,"Demand":1,"DemandMax":null,"Value":1148},{"Length":75,"Height":33,"Demand":1,"DemandMax":null,"Value":2475},{"Length":34,"Height":33,"Demand":2,"DemandMax":null,"Value":1122},{"Length":48,"Height":84,"Demand":1,"DemandMax":null,"Value":4032},{"Length":58,"Height":26,"Demand":1,"DemandMax":null,"Value":1508},{"Length":31,"Height":28,"Demand":1,"DemandMax":null,"Value":868},{"Length":34,"Height":55,"Demand":1,"DemandMax":null,"Value":1870},{"Length":83,"Height":99,"Demand":1,"DemandMax":null,"Value":8217},{"Length":70,"Height":27,"Demand":1,"DemandMax":null,"Value":1890},{"Length":62,"Height":31,"Demand":1,"DemandMax":null,"Value":1922},{"Length":75,"Height":26,"Demand":1,"DemandMax":null,"Value":1950},{"Length":76,"Height":31,"Demand":1,"DemandMax":null,"Value":2356},{"Length":57,"Height":86,"Demand":1,"DemandMax":null,"Value":4902},{"Length":49,"Height":39,"Demand":1,"DemandMax":null,"Value":1911},{"Length":94,"Height":70,"Demand":1,"DemandMax":null,"Value":6580},{"Length":35,"Height":44,"Demand":1,"DemandMax":null,"Value":1540},{"Length":64,"Height":51,"Demand":1,"DemandMax":null,"Value":3264},{"Length":98,"Height":59,"Demand":1,"DemandMax":null,"Value":5782},{"Length":78,"Height":59,"Demand":1,"DemandMax":null,"Value":4602},{"Length":46,"Height":68,"Demand":1,"DemandMax":null,"Value":3128},{"Length":69,"Height":52,"Demand":1,"DemandMax":null,"Value":3588},{"Length":88,"Height":79,"Demand":1,"DemandMax":null,"Value":6952},{"Length":70,"Height":89,"Demand":1,"DemandMax":null,"Value":6230},{"Length":81,"Height":50,"Demand":1,"DemandMax":null,"Value":4050},{"Length":64,"Height":28,"Demand":1,"DemandMax":null,"Value":1792},{"Length":60,"Height":40,"Demand":1,"DemandMax":null,"Value":2400},{"Length":61,"Height":52,"Demand":1,"DemandMax":null,"Value":3172},{"Length":82,"Height":57,"Demand":1,"DemandMax":null,"Value":4674},{"Length":92,"Height":70,"Demand":1,"DemandMax":null,"Value":6440},{"Length":82,"Height":59,"Demand":1,"DemandMax":null,"Value":4838},{"Length":68,"Height":89,"Demand":1,"DemandMax":null,"Value":6052},{"Length":92,"Height":29,"Demand":1,"DemandMax":null,"Value":2668},{"Length":70,"Height":69,"Demand":1,"DemandMax":null,"Value":4830},{"Length":95,"Height":52,"Demand":1,"DemandMax":null,"Value":4940},{"Length":58,"Height":68,"Demand":1,"DemandMax":null,"Value":3944},{"Length":25,"Height":84,"Demand":1,"DemandMax":null,"Value":2100},{"Length":89,"Height":93,"Demand":1,"DemandMax":null,"Value":8277},{"Length":66,"Height":36,"Demand":1,"DemandMax":null,"Value":2376},{"Length":97,"Height":29,"Demand":1,"DemandMax":null,"Value":2813},{"Length":50,"Height":64,"Demand":1,"DemandMax":null,"Value":3200},{"Length":40,"Height":83,"Demand":1,"DemandMax":null,"Value":3320},{"Length":61,"Height":53,"Demand":1,"DemandMax":null,"Value":3233},{"Length":52,"Height":40,"Demand":1,"DemandMax":null,"Value":2080},{"Length":57,"Height":60,"Demand":1,"DemandMax":null,"Value":3420},{"Length":66,"Height":81,"Demand":1,"DemandMax":null,"Value":5346},{"Length":97,"Height":94,"Demand":1,"DemandMax":null,"Value":9118},{"Length":41,"Height":41,"Demand":1,"DemandMax":null,"Value":1681},{"Length":39,"Height":39,"Demand":1,"DemandMax":null,"Value":1521},{"Length":34,"Height":78,"Demand":1,"DemandMax":null,"Value":2652},{"Length":66,"Height":27,"Demand":1,"DemandMax":null,"Value":1782},{"Length":53,"Height":76,"Demand":1,"DemandMax":null,"Value":4028},{"Length":87,"Height":67,"Demand":1,"DemandMax":null,"Value":5829},{"Length":58,"Height":92,"Demand":1,"DemandMax":null,"Value":5336},{"Length":35,"Height":42,"Demand":1,"DemandMax":null,"Value":1470},{"Length":32,"Height":60,"Demand":1,"DemandMax":null,"Value":1920},{"Length":93,"Height":86,"Demand":1,"DemandMax":null,"Value":7998},{"Length":58,"Height":88,"Demand":1,"DemandMax":null,"Value":5104},{"Length":94,"Height":57,"Demand":1,"DemandMax":null,"Value":5358},{"Length":94,"Height":85,"Demand":1,"DemandMax":null,"Value":7990},{"Length":48,"Height":63,"Demand":1,"DemandMax":null,"Value":3024},{"Length":48,"Height":59,"Demand":1,"DemandMax":null,"Value":2832},{"Length":62,"Height":88,"Demand":1,"DemandMax":null,"Value":5456},{"Length":80,"Height":43,"Demand":1,"DemandMax":null,"Value":3440},{"Length":44,"Height":65,"Demand":1,"DemandMax":null,"Value":2860},{"Length":72,"Height":95,"Demand":1,"DemandMax":null,"Value":6840},{"Length":79,"Height":27,"Demand":1,"DemandMax":null,"Value":2133},{"Length":82,"Height":75,"Demand":1,"DemandMax":null,"Value":6150},{"Length":48,"Height":32,"Demand":1,"DemandMax":null,"Value":1536},{"Length":44,"Height":90,"Demand":1,"DemandMax":null,"Value":3960},{"Length":87,"Height":90,"Demand":1,"DemandMax":null,"Value":7830},{"Length":67,"Height":48,"Demand":1,"DemandMax":null,"Value":3216},{"Length":52,"Height":82,"Demand":1,"DemandMax":null,"Value":4264},{"Length":58,"Height":34,"Demand":1,"DemandMax":null,"Value":1972},{"Length":52,"Height":69,"Demand":1,"DemandMax":null,"Value":3588},{"Length":26,"Height":79,"Demand":1,"DemandMax":null,"Value":2054},{"Length":71,"Height":57,"Demand":1,"DemandMax":null,"Value":4047},{"Length":80,"Height":94,"Demand":1,"DemandMax":null,"Value":7520},{"Length":42,"Height":81,"Demand":1,"DemandMax":null,"Value":3402},{"Length":52,"Height":85,"Demand":1,"DemandMax":null,"Value":4420},{"Length":74,"Height":48,"Demand":1,"DemandMax":null,"Value":3552},{"Length":26,"Height":87,"Demand":1,"DemandMax":null,"Value":2262},{"Length":74,"Height":42,"Demand":1,"DemandMax":null,"Value":3108},{"Length":35,"Height":82,"Demand":1,"DemandMax":null,"Value":2870},{"Length":51,"Height":97,"Demand":1,"DemandMax":null,"Value":4947}]}