{"Name":"SPIEKSMA05_200_09","Objects":[{"Length":1000,"Height":1000,"Stock":null,"Cost":1000000}],"Items":[{"Length":36,"Height":56,"Demand":1,"DemandMax":null,"Value":2016},{"Length":75,"Height":49,"Demand":1,"DemandMax":null,"Value":3675},{"Length":69,"Height":67,"Demand":1,"DemandMax":null,"Value":4623},{"Length":35,"Height":28,"Demand":1,"DemandMax":null,"Value":980},{"Length":88,"Height":97,"Demand":1,"DemandMax":null,"Value":8536},{"Length":71,"Height":92,"Demand":1,"DemandMax":null,"Value":6532},{"Length":76,"Height":79,"Demand":1,"DemandMax":null,"Value":6004},{"Length":68,"Height":74,"Demand":1,"DemandMax":null,"Value":5032},{"Length":40,"Height":46,"Demand":1,"DemandMax":null,"Value":1840},{"Length":83,"Height":59,"Demand":1,"DemandMax":null,"Value":4897},{"Length":90,"Height":56,"Demand":1,"DemandMax":null,"Value":5040},{"Length":51,"Height":79,"Demand":1,"DemandMax":null,"Value":4029},{"Length":58,"Height":44,"Demand":1,"DemandMax":null,"Value":2552},{"Length":78,"Height":42,"Demand":1,"DemandMax":null,"Value":3276},{"Length":28,"Height":41,"Demand":1,"DemandMax":null,"Value":1148},{"Length":75,"Height":33,"Demand":1,"DemandMax":null,"Value":2475},{"Length":34,"Height":33,"Demand":2,"DemandMax":null,"Value":1122},{"Length":48,"Height":84,"Demand":1,"DemandMax":null,"Value":4032},{"Length":58,"Height":26,"Demand":1,"DemandMax":null,"Value":1508},{"Length":31,"Height":28,"Demand":1,"DemandMax":null,"Value":868},{"Length":34,"Height":55,"Demand":1,"DemandMax":null,"Value":1870},{"Length":83,"Height":99,"Demand":1,"DemandMax":null,"Value":8217},{"Length":70,"Height":27,"Demand":1,"DemandMax":null,"Value":1890},{"Length":62,"Height":31,"Demand":1,"DemandMax":null,"Value":1922},{"Length":75,"Height":26,"Demand":1,"DemandMax":null,"Value":1950},{"Length":76,"Height":31,"Demand":1,"DemandMax":null,"Value":2356},{"Length":57,"Height":86,"Demand":1,"DemandMax":null,"Value":4902},{"Length":49,"Height":39,"Demand":1,"DemandMax":null,"Value":1911},{"Length":94,"Height":70,"Demand":1,"DemandMax":null,"Value":6580},{"Length":35,"Height":44,"Demand":1,"DemandMax":null,"Value":1540},{"Length":64,"Height":51,"Demand":1,"DemandMax":null,"Value":3264},{"Length":98,"Height":59,"Demand":1,"DemandMax":null,"Value":5782},{"Length":78,"Height":59,"Demand":1,"DemandMax":null,"Value":4602},{"Length":46,"Height":68,"Demand":1,"DemandMax":null,"Value":3128},{"Length":69,"Height":52,"Demand":1,"DemandMax":null,"Value":3588},{"Length":88,"Height":79,"Demand":1,"DemandMax":null,"Value":6952},{"Length":70,"Height":89,"Demand":1,"DemandMax":null,"Value":6230},{"Length":81,"Height":50,"Demand":1,"DemandMax":null,"Value":4050},{"Length":64,"Height":28,"Demand":1,"DemandMax":null,"Value":1792},{"Length":60,"Height":40,"Demand":1,"DemandMax":null,"Value":2400},{"Length":61,"Height":52,"Demand":1,"DemandMax":null,"Value":3172},{"Length":82,"Height":57,"Demand":1,"DemandMax":null,"Value":4674},{"Length":92,"Height":70,"Demand":1,"DemandMax":null,"Value":6440},{"Length":82,"Height":59,"Demand":1,"DemandMax":null,"Value":4838},{"Length":68,"Height":89,"Demand":1,"DemandMax":null,"Value":6052},{"Length":92,"Height":29,"Demand":1,"DemandMax":null,"Value":2668},{"Length":70,"Height":69,"Demand":1,"DemandMax":null,"Value":4830},{"Length":95,"Height":52,"Demand":1,"DemandMax":null,"Value":4940},{"Length":58,"Height":68,"Demand":1,"DemandMax":null,"Value":3944},{"Length":25,"Height":84,"Demand":1,"DemandMax":null,"Value":2100},{"Length":89,"Height":93,"Demand":1,"DemandMax":null,"Value":8277},{"Length":66,"Height":36,"Demand":1,"DemandMax":null,"Value":2376},{"Length":97,"Height":29,"Demand":1,"DemandMax":null,"Value":2813},{"Length":50,"Height":64,"Demand":1,"DemandMax":null,"Value":3200},{"Length":40,"Height":83,"Demand":1,"DemandMax":null,"Value":3320},{"Length":61,"Height":53,"Demand":1,"DemandMax":null,"Value":3233},{"Length":52,"Height":40,"Demand":1,"DemandMax":null,"Value":2080},{"Length":57,"Height":60,"Demand":1,"DemandMax":null,"Value":3420},{"Length":66,"Height":81,"Demand":1,"DemandMax":null,"Value":5346},{"Length":97,"Height":94,"Demand":1,"DemandMax":null,"Value":9118},{"Length":41,"Height":41,"Demand":1,"DemandMax":null,"Value":1681},{"Length":39,"Height":39,"Demand":1,"DemandMax":null,"Value":1521},{"Length":34,"Height":78,"Demand":1,"DemandMax":null,"Value":2652},{"Length":66,"Height":27,"Demand":1,"DemandMax":null,"Value":1782},{"Length":53,"Height":76,"Demand":1,"DemandMax":null,"Value":4028},{"Length":87,"Height":67,"Demand":1,"DemandMax":null,"Value":5829},{"Length":58,"Height":92,"Demand":1,"DemandMax":null,"Value":5336},{"Length":35,"Height":42,"Demand":1,"DemandMax":null,"Value":1470},{"Length":32,"Height":60,"Demand":2,"DemandMax":null,"Value":1920},{"Length":93,"Height":86,"Demand":1,"DemandMax":null,"Value":7998},{"Length":58,"Height":88,"Demand":1,"DemandMax":null,"Value":5104},{"Length":94,"Height":57,"Demand":1,"DemandMax":null,"Value":5358},{"Length":94,"Height":85,"Demand":1,"DemandMax":null,"Value":7990},{"Length":48,"Height":63,"Demand":1,"DemandMax":null,"Value":3024},{"Length":48,"Height":59,"Demand":1,"DemandMax":null,"Value":2832},{"Length":62,"Height":88,"Demand":1,"DemandMax":null,"Value":5456},{"Length":80,"Height":43,"Demand":1,"DemandMax":null,"Value":3440},{"Length":44,"Height":65,"Demand":1,"DemandMax":null,"Value":2860},{"Length":72,"Height":95,"Demand":1,"DemandMax":null,"Value":6840},{"Length":79,"Height":27,"Demand":1,"DemandMax":null,"Value":2133},{"Length":82,"Height":75,"Demand":1,"DemandMax":null,"Value":6150},{"Length":48,"Height":32,"Demand":1,"DemandMax":null,"Value":1536},{"Length":44,"Height":90,"Demand":1,"DemandMax":null,"Value":3960},{"Length":87,"Height":90,"Demand":1,"DemandMax":null,"Value":7830},{"Length":67,"Height":48,"Demand":1,"DemandMax":null,"Value":3216},{"Length":52,"Height":82,"Demand":1,"DemandMax":null,"Value":4264},{"Length":58,"Height":34,"Demand":1,"DemandMax":null,"Value":1972},{"Length":52,"Height":69,"Demand":1,"DemandMax":null,"Value":3588},{"Length":26,"Height":79,"Demand":1,"DemandMax":null,"Value":2054},{"Length":71,"Height":57,"Demand":1,"DemandMax":null,"Value":4047},{"Length":80,"Height":94,"Demand":1,"DemandMax":null,"Value":7520},{"Length":42,"Height":81,"Demand":1,"DemandMax":null,"Value":3402},{"Length":52,"Height":85,"Demand":1,"DemandMax":null,"Value":4420},{"Length":74,"Height":48,"Demand":1,"DemandMax":null,"Value":3552},{"Length":26,"Height":87,"Demand":1,"DemandMax":null,"Value":2262},{"Length":74,"Height":42,"Demand":1,"DemandMax":null,"Value":3108},{"Length":35,"Height":82,"Demand":1,"DemandMax":null,"Value":2870},{"Length":51,"Height":97,"Demand":1,"DemandMax":null,"Value":4947},{"Length":63,"Height":79,"Demand":1,"DemandMax":null,"Value":4977},{"Length":38,"Height":45,"Demand":1,"DemandMax":null,"Value":1710},{"Length":43,"Height":36,"Demand":1,"DemandMax":null,"Value":1548},{"Length":94,"Height":45,"Demand":1,"DemandMax":null,"Value":4230},{"Length":83,"Height":87,"Demand":1,"DemandMax":null,"Value":7221},{"Length":76,"Height":55,"Demand":1,"DemandMax":null,"Value":4180},{"Length":91,"Height":90,"Demand":1,"DemandMax":null,"Value":8190},{"Length":94,"Height":59,"Demand":1,"DemandMax":null,"Value":5546},{"Length":77,"Height":78,"Demand":1,"DemandMax":null,"Value":6006},{"Length":56,"Height":65,"Demand":1,"DemandMax":null,"Value":3640},{"Length":73,"Height":35,"Demand":1,"DemandMax":null,"Value":2555},{"Length":45,"Height":31,"Demand":1,"DemandMax":null,"Value":1395},{"Length":63,"Height":44,"Demand":1,"DemandMax":null,"Value":2772},{"Length":93,"Height":91,"Demand":1,"DemandMax":null,"Value":8463},{"Length":54,"Height":63,"Demand":1,"DemandMax":null,"Value":3402},{"Length":36,"Height":28,"Demand":1,"DemandMax":null,"Value":1008},{"Length":81,"Height":76,"Demand":1,"DemandMax":null,"Value":6156},{"Length":30,"Height":100,"Demand":1,"DemandMax":null,"Value":3000},{"Length":51,"Height":90,"Demand":1,"DemandMax":null,"Value":4590},{"Length":35,"Height":65,"Demand":1,"DemandMax":null,"Value":2275},{"Length":48,"Height":65,"Demand":1,"DemandMax":null,"Value":3120},{"Length":33,"Height":83,"Demand":1,"DemandMax":null,"Value":2739},{"Length":31,"Height":59,"Demand":1,"DemandMax":null,"Value":1829},{"Length":33,"Height":35,"Demand":1,"DemandMax":null,"Value":1155},{"Length":57,"Height":79,"Demand":1,"DemandMax":null,"Value":4503},{"Length":69,"Height":57,"Demand":1,"DemandMax":null,"Value":3933},{"Length":60,"Height":85,"Demand":1,"DemandMax":null,"Value":5100},{"Length":48,"Height":80,"Demand":1,"DemandMax":null,"Value":3840},{"Length":74,"Height":59,"Demand":1,"DemandMax":null,"Value":4366},{"Length":54,"Height":64,"Demand":1,"DemandMax":null,"Value":3456},{"Length":81,"Height":86,"Demand":1,"DemandMax":null,"Value":6966},{"Length":46,"Height":66,"Demand":1,"DemandMax":null,"Value":3036},{"Length":90,"Height":47,"Demand":1,"DemandMax":null,"Value":4230},{"Length":81,"Height":95,"Demand":1,"DemandMax":null,"Value":7695},{"Length":59,"Height":77,"Demand":1,"DemandMax":null,"Value":4543},{"Length":92,"Height":35,"Demand":1,"DemandMax":null,"Value":3220},{"Length":47,"Height":34,"Demand":1,"DemandMax":null,"Value":1598},{"Length":40,"Height":93,"Demand":1,"DemandMax":null,"Value":3720},{"Length":62,"Height":27,"Demand":1,"DemandMax":null,"Value":1674},{"Length":55,"Height":53,"Demand":1,"DemandMax":null,"Value":2915},{"Length":62,"Height":38,"Demand":1,"DemandMax":null,"Value":2356},{"Length":73,"Height":98,"Demand":1,"DemandMax":null,"Value":7154},{"Length":31,"Height":76,"Demand":1,"DemandMax":null,"Value":2356},{"Length":51,"Height":62,"Demand":1,"DemandMax":null,"Value":3162},{"Length":51,"Height":99,"Demand":1,"DemandMax":null,"Value":5049},{"Length":48,"Height":28,"Demand":1,"DemandMax":null,"Value":1344},{"Length":82,"Height":91,"Demand":1,"DemandMax":null,"Value":7462},{"Length":71,"Height":29,"Demand":1,"DemandMax":null,"Value":2059},{"Length":80,"Height":49,"Demand":1,"DemandMax":null,"Value":3920},{"Length":58,"Height":39,"Demand":1,"DemandMax":null,"Value":2262},{"Length":58,"Height":96,"Demand":1,"DemandMax":null,"Value":5568},{"Length":45,"Height":86,"Demand":1,"DemandMax":null,"Value":3870},{"Length":87,"Height":52,"Demand":1,"DemandMax":null,"Value":4524},{"Length":50,"Height":61,"Demand":1,"DemandMax":null,"Value":3050},{"Length":52,"Height":53,"Demand":1,"DemandMax":null,"Value":2756},{"Length":83,"Height":71,"Demand":1,"DemandMax":null,"Value":5893},{"Length":85,"Height":31,"Demand":1,"DemandMax":null,"Value":2635},{"Length":25,"Height":99,"Demand":1,"DemandMax":null,"Value":2475},{"Length":45,"Height":93,"Demand":1,"DemandMax":null,"Value":4185},{"Length":86,"Height":80,"Demand":1,"DemandMax":null,"Value":6880},{"Length":41,"Height":75,"Demand":1,"DemandMax":null,"Value":3075},{"Length":50,"Height":45,"Demand":1,"DemandMax":null,"Value":2250},{"Length":55,"Height":58,"Demand":1,"DemandMax":null,"Value":3190},{"Length":98,"Height":55,"Demand":1,"DemandMax":null,"Value":5390},{"Length":96,"Height":77,"Demand":1,"DemandMax":null,"Value":7392},{"Length":65,"Height":41,"Demand":1,"DemandMax":null,"Value":2665},{"Length":47,"Height":39,"Demand":1,"DemandMax":null,"Value":1833},{"Length":34,"Height":38,"Demand":1,"DemandMax":null,"Value":1292},{"Length":42,"Height":28,"Demand":1,"DemandMax":null,"Value":1176},{"Length":38,"Height":28,"Demand":1,"DemandMax":null,"Value":1064},{"Length":89,"Height":78,"Demand":1,"DemandMax":null,"Value":6942},{"Length":61,"Height":95,"Demand":1,"DemandMax":null,"Value":5795},{"Length":71,"Height":96,"Demand":1,"DemandMax":null,"Value":6816},{"Length":36,"Height":47,"Demand":1,"DemandMax":null,"Value":1692},{"Length":47,"Height":91,"Demand":1,"DemandMax":null,"Value":4277},{"Length":71,"Height":93,"Demand":1,"DemandMax":null,"Value":6603},{"Length":100,"Height":96,"Demand":1,"DemandMax":null,"Value":9600},{"Length":75,"Height":91,"Demand":1,"DemandMax":null,"Value":6825},{"Length":38,"Height":95,"Demand":1,"DemandMax":null,"Value":3610},{"Length":56,"Height":74,"Demand":1,"DemandMax":null,"Value":4144},{"Length":69,"Height":96,"Demand":1,"DemandMax":null,"Value":6624},{"Length":46,"Height":26,"Demand":1,"DemandMax":null,"Value":1196},{"Length":53,"Height":57,"Demand":1,"DemandMax":null,"Value":3021},{"Length":31,"Height":30,"Demand":1,"DemandMax":null,"Value":930},{"Length":97,"Height":37,"Demand":1,"DemandMax":null,"Value":3589},{"Length":92,"Height":44,"Demand":1,"DemandMax":null,"Value":4048},{"Length":34,"Height":43,"Demand":1,"DemandMax":null,"Value":1462},{"Length":39,"Height":52,"Demand":1,"DemandMax":null,"Value":2028},{"Length":99,"Height":35,"Demand":1,"DemandMax":null,"Value":3465},{"Length":80,"Height":61,"Demand":1,"DemandMax":null,"Value":4880},{"Length":98,"Height":71,"Demand":1,"DemandMax":null,"Value":6958},{"Length":72,"Height":31,"Demand":1,"DemandMax":null,"Value":2232},{"Length":92,"Height":84,"Demand":1,"DemandMax":null,"Value":7728},{"Length":50,"Height":95,"Demand":1,"DemandMax":null,"Value":4750},{"Length":87,"Height":31,"Demand":1,"DemandMax":null,"Value":2697},{"Length":71,"Height":35,"Demand":1,"DemandMax":null,"Value":2485},{"Length":42,"Height":48,"Demand":1,"DemandMax":null,"Value":2016},{"Length":69,"Height":36,"Demand":1,"DemandMax":null,"Value":2484},{"Length":92,"Height":66,"Demand":1,"DemandMax":null,"Value":6072},{"Length":77,"Height":80,"Demand":1,"DemandMax":null,"Value":6160}]}