{"Name":"SPIEKSMA08_100_02","Objects":[{"Length":150,"Height":150,"Stock":null,"Cost":22500}],"Items":[{"Length":27,"Height":90,"Demand":1,"DemandMax":null,"Value":2430},{"Length":88,"Height":22,"Demand":1,"DemandMax":null,"Value":1936},{"Length":79,"Height":32,"Demand":1,"DemandMax":null,"Value":2528},{"Length":43,"Height":68,"Demand":1,"DemandMax":null,"Value":2924},{"Length":53,"Height":63,"Demand":1,"DemandMax":null,"Value":3339},{"Length":45,"Height":70,"Demand":1,"DemandMax":null,"Value":3150},{"Length":65,"Height":46,"Demand":1,"DemandMax":null,"Value":2990},{"Length":23,"Height":95,"Demand":1,"DemandMax":null,"Value":2185},{"Length":97,"Height":19,"Demand":1,"DemandMax":null,"Value":1843},{"Length":91,"Height":25,"Demand":1,"DemandMax":null,"Value":2275},{"Length":77,"Height":38,"Demand":2,"DemandMax":null,"Value":2926},{"Length":73,"Height":39,"Demand":1,"DemandMax":null,"Value":2847},{"Length":42,"Height":75,"Demand":1,"DemandMax":null,"Value":3150},{"Length":56,"Height":62,"Demand":1,"DemandMax":null,"Value":3472},{"Length":53,"Height":60,"Demand":1,"DemandMax":null,"Value":3180},{"Length":77,"Height":37,"Demand":1,"DemandMax":null,"Value":2849},{"Length":40,"Height":77,"Demand":1,"DemandMax":null,"Value":3080},{"Length":38,"Height":72,"Demand":2,"DemandMax":null,"Value":2736},{"Length":38,"Height":78,"Demand":1,"DemandMax":null,"Value":2964},{"Length":28,"Height":83,"Demand":1,"DemandMax":null,"Value":2324},{"Length":28,"Height":85,"Demand":2,"DemandMax":null,"Value":2380},{"Length":82,"Height":32,"Demand":2,"DemandMax":null,"Value":2624},{"Length":21,"Height":89,"Demand":1,"DemandMax":null,"Value":1869},{"Length":23,"Height":88,"Demand":1,"DemandMax":null,"Value":2024},{"Length":52,"Height":65,"Demand":1,"DemandMax":null,"Value":3380},{"Length":99,"Height":17,"Demand":1,"DemandMax":null,"Value":1683},{"Length":22,"Height":92,"Demand":1,"DemandMax":null,"Value":2024},{"Length":26,"Height":90,"Demand":1,"DemandMax":null,"Value":2340},{"Length":21,"Height":95,"Demand":1,"DemandMax":null,"Value":1995},{"Length":26,"Height":88,"Demand":1,"DemandMax":null,"Value":2288},{"Length":85,"Height":26,"Demand":1,"DemandMax":null,"Value":2210},{"Length":35,"Height":84,"Demand":1,"DemandMax":null,"Value":2940},{"Length":68,"Height":43,"Demand":1,"DemandMax":null,"Value":2924},{"Length":40,"Height":75,"Demand":1,"DemandMax":null,"Value":3000},{"Length":48,"Height":71,"Demand":1,"DemandMax":null,"Value":3408},{"Length":57,"Height":60,"Demand":1,"DemandMax":null,"Value":3420},{"Length":57,"Height":55,"Demand":1,"DemandMax":null,"Value":3135},{"Length":66,"Height":49,"Demand":1,"DemandMax":null,"Value":3234},{"Length":49,"Height":69,"Demand":1,"DemandMax":null,"Value":3381},{"Length":78,"Height":37,"Demand":1,"DemandMax":null,"Value":2886},{"Length":89,"Height":28,"Demand":1,"DemandMax":null,"Value":2492},{"Length":47,"Height":68,"Demand":1,"DemandMax":null,"Value":3196},{"Length":23,"Height":91,"Demand":1,"DemandMax":null,"Value":2093},{"Length":36,"Height":78,"Demand":2,"DemandMax":null,"Value":2808},{"Length":49,"Height":68,"Demand":1,"DemandMax":null,"Value":3332},{"Length":54,"Height":64,"Demand":1,"DemandMax":null,"Value":3456},{"Length":68,"Height":49,"Demand":1,"DemandMax":null,"Value":3332},{"Length":56,"Height":59,"Demand":1,"DemandMax":null,"Value":3304},{"Length":89,"Height":29,"Demand":2,"DemandMax":null,"Value":2581},{"Length":24,"Height":91,"Demand":1,"DemandMax":null,"Value":2184},{"Length":67,"Height":52,"Demand":1,"DemandMax":null,"Value":3484},{"Length":48,"Height":66,"Demand":1,"DemandMax":null,"Value":3168},{"Length":66,"Height":44,"Demand":1,"DemandMax":null,"Value":2904},{"Length":83,"Height":35,"Demand":1,"DemandMax":null,"Value":2905},{"Length":93,"Height":22,"Demand":1,"DemandMax":null,"Value":2046},{"Length":32,"Height":87,"Demand":1,"DemandMax":null,"Value":2784},{"Length":24,"Height":89,"Demand":1,"DemandMax":null,"Value":2136},{"Length":62,"Height":50,"Demand":1,"DemandMax":null,"Value":3100},{"Length":50,"Height":63,"Demand":1,"DemandMax":null,"Value":3150},{"Length":57,"Height":58,"Demand":1,"DemandMax":null,"Value":3306},{"Length":80,"Height":39,"Demand":1,"DemandMax":null,"Value":3120},{"Length":94,"Height":18,"Demand":1,"DemandMax":null,"Value":1692},{"Length":37,"Height":74,"Demand":1,"DemandMax":null,"Value":2738},{"Length":35,"Height":76,"Demand":1,"DemandMax":null,"Value":2660},{"Length":22,"Height":91,"Demand":1,"DemandMax":null,"Value":2002},{"Length":74,"Height":44,"Demand":1,"DemandMax":null,"Value":3256},{"Length":65,"Height":49,"Demand":1,"DemandMax":null,"Value":3185},{"Length":91,"Height":20,"Demand":1,"DemandMax":null,"Value":1820},{"Length":57,"Height":62,"Demand":1,"DemandMax":null,"Value":3534},{"Length":85,"Height":29,"Demand":1,"DemandMax":null,"Value":2465},{"Length":87,"Height":32,"Demand":1,"DemandMax":null,"Value":2784},{"Length":54,"Height":65,"Demand":1,"DemandMax":null,"Value":3510},{"Length":84,"Height":29,"Demand":1,"DemandMax":null,"Value":2436},{"Length":61,"Height":52,"Demand":1,"DemandMax":null,"Value":3172},{"Length":56,"Height":58,"Demand":1,"DemandMax":null,"Value":3248},{"Length":87,"Height":30,"Demand":1,"DemandMax":null,"Value":2610},{"Length":39,"Height":73,"Demand":1,"DemandMax":null,"Value":2847},{"Length":62,"Height":54,"Demand":1,"DemandMax":null,"Value":3348},{"Length":95,"Height":22,"Demand":1,"DemandMax":null,"Value":2090},{"Length":22,"Height":95,"Demand":1,"DemandMax":null,"Value":2090},{"Length":73,"Height":40,"Demand":1,"DemandMax":null,"Value":2920},{"Length":28,"Height":84,"Demand":1,"DemandMax":null,"Value":2352},{"Length":89,"Height":26,"Demand":1,"DemandMax":null,"Value":2314},{"Length":45,"Height":68,"Demand":1,"DemandMax":null,"Value":3060},{"Length":81,"Height":33,"Demand":1,"DemandMax":null,"Value":2673},{"Length":29,"Height":84,"Demand":1,"DemandMax":null,"Value":2436},{"Length":67,"Height":43,"Demand":1,"DemandMax":null,"Value":2881},{"Length":78,"Height":38,"Demand":1,"DemandMax":null,"Value":2964},{"Length":54,"Height":63,"Demand":1,"DemandMax":null,"Value":3402},{"Length":93,"Height":19,"Demand":1,"DemandMax":null,"Value":1767},{"Length":80,"Height":33,"Demand":1,"DemandMax":null,"Value":2640},{"Length":84,"Height":32,"Demand":1,"DemandMax":null,"Value":2688},{"Length":45,"Height":65,"Demand":1,"DemandMax":null,"Value":2925},{"Length":86,"Height":30,"Demand":1,"DemandMax":null,"Value":2580}]}