{"Name":"SPIEKSMA07_50_01","Objects":[{"Length":150,"Height":150,"Stock":null,"Cost":22500}],"Items":[{"Length":37,"Height":29,"Demand":1,"DemandMax":null,"Value":1073},{"Length":77,"Height":84,"Demand":1,"DemandMax":null,"Value":6468},{"Length":24,"Height":29,"Demand":1,"DemandMax":null,"Value":696},{"Length":30,"Height":26,"Demand":1,"DemandMax":null,"Value":780},{"Length":32,"Height":30,"Demand":1,"DemandMax":null,"Value":960},{"Length":74,"Height":70,"Demand":1,"DemandMax":null,"Value":5180},{"Length":67,"Height":68,"Demand":1,"DemandMax":null,"Value":4556},{"Length":30,"Height":21,"Demand":1,"DemandMax":null,"Value":630},{"Length":87,"Height":96,"Demand":1,"DemandMax":null,"Value":8352},{"Length":69,"Height":77,"Demand":1,"DemandMax":null,"Value":5313},{"Length":74,"Height":78,"Demand":1,"DemandMax":null,"Value":5772},{"Length":66,"Height":69,"Demand":1,"DemandMax":null,"Value":4554},{"Length":36,"Height":31,"Demand":1,"DemandMax":null,"Value":1116},{"Length":82,"Height":81,"Demand":1,"DemandMax":null,"Value":6642},{"Length":89,"Height":87,"Demand":1,"DemandMax":null,"Value":7743},{"Length":47,"Height":51,"Demand":1,"DemandMax":null,"Value":2397},{"Length":55,"Height":50,"Demand":1,"DemandMax":null,"Value":2750},{"Length":77,"Height":72,"Demand":1,"DemandMax":null,"Value":5544},{"Length":24,"Height":18,"Demand":1,"DemandMax":null,"Value":432},{"Length":73,"Height":65,"Demand":1,"DemandMax":null,"Value":4745},{"Length":29,"Height":21,"Demand":1,"DemandMax":null,"Value":609},{"Length":44,"Height":50,"Demand":1,"DemandMax":null,"Value":2200},{"Length":55,"Height":45,"Demand":1,"DemandMax":null,"Value":2475},{"Length":27,"Height":18,"Demand":1,"DemandMax":null,"Value":486},{"Length":30,"Height":28,"Demand":1,"DemandMax":null,"Value":840},{"Length":82,"Height":92,"Demand":1,"DemandMax":null,"Value":7544},{"Length":68,"Height":59,"Demand":1,"DemandMax":null,"Value":4012},{"Length":60,"Height":52,"Demand":1,"DemandMax":null,"Value":3120},{"Length":74,"Height":64,"Demand":1,"DemandMax":null,"Value":4736},{"Length":75,"Height":67,"Demand":1,"DemandMax":null,"Value":5025},{"Length":54,"Height":60,"Demand":1,"DemandMax":null,"Value":3240},{"Length":30,"Height":22,"Demand":1,"DemandMax":null,"Value":660},{"Length":46,"Height":40,"Demand":1,"DemandMax":null,"Value":1840},{"Length":94,"Height":96,"Demand":1,"DemandMax":null,"Value":9024},{"Length":31,"Height":26,"Demand":1,"DemandMax":null,"Value":806},{"Length":62,"Height":59,"Demand":1,"DemandMax":null,"Value":3658},{"Length":98,"Height":97,"Demand":1,"DemandMax":null,"Value":9506},{"Length":76,"Height":75,"Demand":1,"DemandMax":null,"Value":5700},{"Length":42,"Height":44,"Demand":1,"DemandMax":null,"Value":1848},{"Length":66,"Height":63,"Demand":1,"DemandMax":null,"Value":4158},{"Length":87,"Height":91,"Demand":1,"DemandMax":null,"Value":7917},{"Length":67,"Height":74,"Demand":1,"DemandMax":null,"Value":4958},{"Length":80,"Height":77,"Demand":1,"DemandMax":null,"Value":6160},{"Length":62,"Height":53,"Demand":1,"DemandMax":null,"Value":3286},{"Length":57,"Height":51,"Demand":1,"DemandMax":null,"Value":2907},{"Length":58,"Height":55,"Demand":1,"DemandMax":null,"Value":3190},{"Length":81,"Height":79,"Demand":1,"DemandMax":null,"Value":6399},{"Length":92,"Height":94,"Demand":1,"DemandMax":null,"Value":8648},{"Length":81,"Height":80,"Demand":1,"DemandMax":null,"Value":6480},{"Length":66,"Height":73,"Demand":1,"DemandMax":null,"Value":4818}]}