{"Name":"SPIEKSMA08_25_08","Objects":[{"Length":150,"Height":150,"Stock":null,"Cost":22500}],"Items":[{"Length":43,"Height":68,"Demand":1,"DemandMax":null,"Value":2924},{"Length":53,"Height":63,"Demand":1,"DemandMax":null,"Value":3339},{"Length":45,"Height":70,"Demand":1,"DemandMax":null,"Value":3150},{"Length":65,"Height":46,"Demand":1,"DemandMax":null,"Value":2990},{"Length":23,"Height":95,"Demand":1,"DemandMax":null,"Value":2185},{"Length":97,"Height":19,"Demand":1,"DemandMax":null,"Value":1843},{"Length":91,"Height":25,"Demand":1,"DemandMax":null,"Value":2275},{"Length":77,"Height":38,"Demand":1,"DemandMax":null,"Value":2926},{"Length":73,"Height":39,"Demand":1,"DemandMax":null,"Value":2847},{"Length":42,"Height":75,"Demand":1,"DemandMax":null,"Value":3150},{"Length":56,"Height":62,"Demand":1,"DemandMax":null,"Value":3472},{"Length":53,"Height":60,"Demand":1,"DemandMax":null,"Value":3180},{"Length":77,"Height":37,"Demand":1,"DemandMax":null,"Value":2849},{"Length":40,"Height":77,"Demand":1,"DemandMax":null,"Value":3080},{"Length":38,"Height":72,"Demand":1,"DemandMax":null,"Value":2736},{"Length":38,"Height":78,"Demand":1,"DemandMax":null,"Value":2964},{"Length":28,"Height":83,"Demand":1,"DemandMax":null,"Value":2324},{"Length":28,"Height":85,"Demand":1,"DemandMax":null,"Value":2380},{"Length":82,"Height":32,"Demand":1,"DemandMax":null,"Value":2624},{"Length":21,"Height":89,"Demand":1,"DemandMax":null,"Value":1869},{"Length":23,"Height":88,"Demand":1,"DemandMax":null,"Value":2024},{"Length":52,"Height":65,"Demand":1,"DemandMax":null,"Value":3380},{"Length":99,"Height":17,"Demand":1,"DemandMax":null,"Value":1683},{"Length":22,"Height":92,"Demand":1,"DemandMax":null,"Value":2024},{"Length":26,"Height":90,"Demand":1,"DemandMax":null,"Value":2340}]}