{"Name":"SPIEKSMA06_200_07","Objects":[{"Length":150,"Height":150,"Stock":null,"Cost":22500}],"Items":[{"Length":30,"Height":43,"Demand":1,"DemandMax":null,"Value":1290},{"Length":32,"Height":53,"Demand":1,"DemandMax":null,"Value":1696},{"Length":74,"Height":45,"Demand":1,"DemandMax":null,"Value":3330},{"Length":67,"Height":65,"Demand":1,"DemandMax":null,"Value":4355},{"Length":30,"Height":23,"Demand":1,"DemandMax":null,"Value":690},{"Length":87,"Height":97,"Demand":1,"DemandMax":null,"Value":8439},{"Length":69,"Height":91,"Demand":1,"DemandMax":null,"Value":6279},{"Length":74,"Height":77,"Demand":1,"DemandMax":null,"Value":5698},{"Length":66,"Height":73,"Demand":1,"DemandMax":null,"Value":4818},{"Length":36,"Height":42,"Demand":1,"DemandMax":null,"Value":1512},{"Length":82,"Height":56,"Demand":1,"DemandMax":null,"Value":4592},{"Length":89,"Height":53,"Demand":1,"DemandMax":null,"Value":4717},{"Length":47,"Height":77,"Demand":1,"DemandMax":null,"Value":3619},{"Length":55,"Height":40,"Demand":1,"DemandMax":null,"Value":2200},{"Length":77,"Height":38,"Demand":1,"DemandMax":null,"Value":2926},{"Length":24,"Height":38,"Demand":1,"DemandMax":null,"Value":912},{"Length":73,"Height":28,"Demand":1,"DemandMax":null,"Value":2044},{"Length":29,"Height":28,"Demand":1,"DemandMax":null,"Value":812},{"Length":44,"Height":82,"Demand":1,"DemandMax":null,"Value":3608},{"Length":55,"Height":21,"Demand":1,"DemandMax":null,"Value":1155},{"Length":27,"Height":23,"Demand":1,"DemandMax":null,"Value":621},{"Length":30,"Height":52,"Demand":1,"DemandMax":null,"Value":1560},{"Length":82,"Height":99,"Demand":1,"DemandMax":null,"Value":8118},{"Length":68,"Height":22,"Demand":1,"DemandMax":null,"Value":1496},{"Length":60,"Height":26,"Demand":1,"DemandMax":null,"Value":1560},{"Length":74,"Height":21,"Demand":1,"DemandMax":null,"Value":1554},{"Length":75,"Height":26,"Demand":1,"DemandMax":null,"Value":1950},{"Length":54,"Height":85,"Demand":1,"DemandMax":null,"Value":4590},{"Length":30,"Height":28,"Demand":1,"DemandMax":null,"Value":840},{"Length":46,"Height":35,"Demand":1,"DemandMax":null,"Value":1610},{"Length":94,"Height":68,"Demand":1,"DemandMax":null,"Value":6392},{"Length":31,"Height":40,"Demand":1,"DemandMax":null,"Value":1240},{"Length":62,"Height":48,"Demand":1,"DemandMax":null,"Value":2976},{"Length":98,"Height":57,"Demand":1,"DemandMax":null,"Value":5586},{"Length":76,"Height":57,"Demand":1,"DemandMax":null,"Value":4332},{"Length":42,"Height":66,"Demand":1,"DemandMax":null,"Value":2772},{"Length":66,"Height":49,"Demand":1,"DemandMax":null,"Value":3234},{"Length":87,"Height":78,"Demand":1,"DemandMax":null,"Value":6786},{"Length":67,"Height":89,"Demand":1,"DemandMax":null,"Value":5963},{"Length":80,"Height":47,"Demand":1,"DemandMax":null,"Value":3760},{"Length":62,"Height":23,"Demand":1,"DemandMax":null,"Value":1426},{"Length":57,"Height":36,"Demand":1,"DemandMax":null,"Value":2052},{"Length":58,"Height":49,"Demand":1,"DemandMax":null,"Value":2842},{"Length":81,"Height":54,"Demand":1,"DemandMax":null,"Value":4374},{"Length":92,"Height":68,"Demand":1,"DemandMax":null,"Value":6256},{"Length":81,"Height":56,"Demand":1,"DemandMax":null,"Value":4536},{"Length":66,"Height":89,"Demand":1,"DemandMax":null,"Value":5874},{"Length":91,"Height":24,"Demand":1,"DemandMax":null,"Value":2184},{"Length":68,"Height":67,"Demand":1,"DemandMax":null,"Value":4556},{"Length":94,"Height":48,"Demand":1,"DemandMax":null,"Value":4512},{"Length":55,"Height":66,"Demand":1,"DemandMax":null,"Value":3630},{"Length":20,"Height":83,"Demand":1,"DemandMax":null,"Value":1660},{"Length":88,"Height":93,"Demand":1,"DemandMax":null,"Value":8184},{"Length":63,"Height":32,"Demand":1,"DemandMax":null,"Value":2016},{"Length":97,"Height":24,"Demand":1,"DemandMax":null,"Value":2328},{"Length":46,"Height":62,"Demand":1,"DemandMax":null,"Value":2852},{"Length":36,"Height":82,"Demand":1,"DemandMax":null,"Value":2952},{"Length":58,"Height":50,"Demand":1,"DemandMax":null,"Value":2900},{"Length":49,"Height":36,"Demand":1,"DemandMax":null,"Value":1764},{"Length":54,"Height":57,"Demand":1,"DemandMax":null,"Value":3078},{"Length":64,"Height":80,"Demand":1,"DemandMax":null,"Value":5120},{"Length":97,"Height":94,"Demand":1,"DemandMax":null,"Value":9118},{"Length":37,"Height":37,"Demand":1,"DemandMax":null,"Value":1369},{"Length":35,"Height":35,"Demand":1,"DemandMax":null,"Value":1225},{"Length":29,"Height":77,"Demand":1,"DemandMax":null,"Value":2233},{"Length":64,"Height":22,"Demand":1,"DemandMax":null,"Value":1408},{"Length":50,"Height":74,"Demand":1,"DemandMax":null,"Value":3700},{"Length":86,"Height":65,"Demand":1,"DemandMax":null,"Value":5590},{"Length":56,"Height":91,"Demand":1,"DemandMax":null,"Value":5096},{"Length":30,"Height":38,"Demand":1,"DemandMax":null,"Value":1140},{"Length":28,"Height":57,"Demand":1,"DemandMax":null,"Value":1596},{"Length":92,"Height":85,"Demand":1,"DemandMax":null,"Value":7820},{"Length":55,"Height":87,"Demand":1,"DemandMax":null,"Value":4785},{"Length":94,"Height":54,"Demand":1,"DemandMax":null,"Value":5076},{"Length":93,"Height":84,"Demand":1,"DemandMax":null,"Value":7812},{"Length":44,"Height":61,"Demand":1,"DemandMax":null,"Value":2684},{"Length":45,"Height":56,"Demand":1,"DemandMax":null,"Value":2520},{"Length":59,"Height":87,"Demand":1,"DemandMax":null,"Value":5133},{"Length":78,"Height":39,"Demand":1,"DemandMax":null,"Value":3042},{"Length":40,"Height":62,"Demand":1,"DemandMax":null,"Value":2480},{"Length":70,"Height":95,"Demand":1,"DemandMax":null,"Value":6650},{"Length":77,"Height":22,"Demand":1,"DemandMax":null,"Value":1694},{"Length":81,"Height":73,"Demand":1,"DemandMax":null,"Value":5913},{"Length":45,"Height":28,"Demand":1,"DemandMax":null,"Value":1260},{"Length":41,"Height":89,"Demand":1,"DemandMax":null,"Value":3649},{"Length":86,"Height":89,"Demand":1,"DemandMax":null,"Value":7654},{"Length":65,"Height":45,"Demand":1,"DemandMax":null,"Value":2925},{"Length":49,"Height":81,"Demand":1,"DemandMax":null,"Value":3969},{"Length":55,"Height":29,"Demand":1,"DemandMax":null,"Value":1595},{"Length":49,"Height":67,"Demand":1,"DemandMax":null,"Value":3283},{"Length":21,"Height":78,"Demand":1,"DemandMax":null,"Value":1638},{"Length":69,"Height":54,"Demand":1,"DemandMax":null,"Value":3726},{"Length":78,"Height":93,"Demand":1,"DemandMax":null,"Value":7254},{"Length":39,"Height":80,"Demand":1,"DemandMax":null,"Value":3120},{"Length":48,"Height":84,"Demand":1,"DemandMax":null,"Value":4032},{"Length":72,"Height":45,"Demand":1,"DemandMax":null,"Value":3240},{"Length":21,"Height":86,"Demand":1,"DemandMax":null,"Value":1806},{"Length":72,"Height":38,"Demand":1,"DemandMax":null,"Value":2736},{"Length":31,"Height":81,"Demand":1,"DemandMax":null,"Value":2511},{"Length":47,"Height":97,"Demand":1,"DemandMax":null,"Value":4559},{"Length":60,"Height":77,"Demand":1,"DemandMax":null,"Value":4620},{"Length":34,"Height":41,"Demand":1,"DemandMax":null,"Value":1394},{"Length":39,"Height":32,"Demand":1,"DemandMax":null,"Value":1248},{"Length":93,"Height":41,"Demand":1,"DemandMax":null,"Value":3813},{"Length":82,"Height":86,"Demand":1,"DemandMax":null,"Value":7052},{"Length":75,"Height":52,"Demand":1,"DemandMax":null,"Value":3900},{"Length":91,"Height":90,"Demand":1,"DemandMax":null,"Value":8190},{"Length":94,"Height":56,"Demand":1,"DemandMax":null,"Value":5264},{"Length":76,"Height":77,"Demand":1,"DemandMax":null,"Value":5852},{"Length":53,"Height":63,"Demand":1,"DemandMax":null,"Value":3339},{"Length":71,"Height":31,"Demand":1,"DemandMax":null,"Value":2201},{"Length":41,"Height":27,"Demand":1,"DemandMax":null,"Value":1107},{"Length":60,"Height":40,"Demand":1,"DemandMax":null,"Value":2400},{"Length":93,"Height":90,"Demand":1,"DemandMax":null,"Value":8370},{"Length":51,"Height":61,"Demand":2,"DemandMax":null,"Value":3111},{"Length":32,"Height":23,"Demand":1,"DemandMax":null,"Value":736},{"Length":79,"Height":74,"Demand":1,"DemandMax":null,"Value":5846},{"Length":26,"Height":99,"Demand":1,"DemandMax":null,"Value":2574},{"Length":48,"Height":90,"Demand":1,"DemandMax":null,"Value":4320},{"Length":31,"Height":63,"Demand":1,"DemandMax":null,"Value":1953},{"Length":45,"Height":63,"Demand":1,"DemandMax":null,"Value":2835},{"Length":29,"Height":81,"Demand":1,"DemandMax":null,"Value":2349},{"Length":26,"Height":56,"Demand":1,"DemandMax":null,"Value":1456},{"Length":29,"Height":31,"Demand":1,"DemandMax":null,"Value":899},{"Length":54,"Height":78,"Demand":1,"DemandMax":null,"Value":4212},{"Length":67,"Height":54,"Demand":1,"DemandMax":null,"Value":3618},{"Length":58,"Height":84,"Demand":1,"DemandMax":null,"Value":4872},{"Length":45,"Height":79,"Demand":1,"DemandMax":null,"Value":3555},{"Length":72,"Height":57,"Demand":1,"DemandMax":null,"Value":4104},{"Length":80,"Height":85,"Demand":1,"DemandMax":null,"Value":6800},{"Length":42,"Height":64,"Demand":1,"DemandMax":null,"Value":2688},{"Length":89,"Height":44,"Demand":1,"DemandMax":null,"Value":3916},{"Length":79,"Height":95,"Demand":1,"DemandMax":null,"Value":7505},{"Length":56,"Height":76,"Demand":1,"DemandMax":null,"Value":4256},{"Length":92,"Height":30,"Demand":1,"DemandMax":null,"Value":2760},{"Length":43,"Height":30,"Demand":1,"DemandMax":null,"Value":1290},{"Length":36,"Height":92,"Demand":1,"DemandMax":null,"Value":3312},{"Length":59,"Height":22,"Demand":1,"DemandMax":null,"Value":1298},{"Length":52,"Height":50,"Demand":1,"DemandMax":null,"Value":2600},{"Length":59,"Height":34,"Demand":1,"DemandMax":null,"Value":2006},{"Length":71,"Height":98,"Demand":1,"DemandMax":null,"Value":6958},{"Length":26,"Height":74,"Demand":1,"DemandMax":null,"Value":1924},{"Length":48,"Height":60,"Demand":1,"DemandMax":null,"Value":2880},{"Length":48,"Height":99,"Demand":1,"DemandMax":null,"Value":4752},{"Length":44,"Height":23,"Demand":1,"DemandMax":null,"Value":1012},{"Length":81,"Height":90,"Demand":1,"DemandMax":null,"Value":7290},{"Length":69,"Height":24,"Demand":1,"DemandMax":null,"Value":1656},{"Length":27,"Height":57,"Demand":1,"DemandMax":null,"Value":1539},{"Length":79,"Height":45,"Demand":1,"DemandMax":null,"Value":3555},{"Length":55,"Height":34,"Demand":1,"DemandMax":null,"Value":1870},{"Length":55,"Height":95,"Demand":1,"DemandMax":null,"Value":5225},{"Length":41,"Height":85,"Demand":1,"DemandMax":null,"Value":3485},{"Length":86,"Height":49,"Demand":1,"DemandMax":null,"Value":4214},{"Length":47,"Height":58,"Demand":1,"DemandMax":null,"Value":2726},{"Length":48,"Height":50,"Demand":1,"DemandMax":null,"Value":2400},{"Length":82,"Height":69,"Demand":1,"DemandMax":null,"Value":5658},{"Length":84,"Height":26,"Demand":1,"DemandMax":null,"Value":2184},{"Length":20,"Height":99,"Demand":1,"DemandMax":null,"Value":1980},{"Length":42,"Height":93,"Demand":1,"DemandMax":null,"Value":3906},{"Length":86,"Height":78,"Demand":1,"DemandMax":null,"Value":6708},{"Length":37,"Height":73,"Demand":1,"DemandMax":null,"Value":2701},{"Length":46,"Height":42,"Demand":1,"DemandMax":null,"Value":1932},{"Length":52,"Height":55,"Demand":1,"DemandMax":null,"Value":2860},{"Length":98,"Height":52,"Demand":1,"DemandMax":null,"Value":5096},{"Length":96,"Height":75,"Demand":1,"DemandMax":null,"Value":7200},{"Length":63,"Height":37,"Demand":1,"DemandMax":null,"Value":2331},{"Length":44,"Height":35,"Demand":1,"DemandMax":null,"Value":1540},{"Length":30,"Height":33,"Demand":1,"DemandMax":null,"Value":990},{"Length":38,"Height":23,"Demand":1,"DemandMax":null,"Value":874},{"Length":34,"Height":23,"Demand":1,"DemandMax":null,"Value":782},{"Length":88,"Height":76,"Demand":1,"DemandMax":null,"Value":6688},{"Length":59,"Height":95,"Demand":1,"DemandMax":null,"Value":5605},{"Length":69,"Height":96,"Demand":1,"DemandMax":null,"Value":6624},{"Length":32,"Height":44,"Demand":1,"DemandMax":null,"Value":1408},{"Length":44,"Height":90,"Demand":1,"DemandMax":null,"Value":3960},{"Length":69,"Height":93,"Demand":1,"DemandMax":null,"Value":6417},{"Length":100,"Height":96,"Demand":1,"DemandMax":null,"Value":9600},{"Length":73,"Height":91,"Demand":1,"DemandMax":null,"Value":6643},{"Length":34,"Height":95,"Demand":1,"DemandMax":null,"Value":3230},{"Length":53,"Height":73,"Demand":1,"DemandMax":null,"Value":3869},{"Length":67,"Height":96,"Demand":1,"DemandMax":null,"Value":6432},{"Length":43,"Height":21,"Demand":1,"DemandMax":null,"Value":903},{"Length":50,"Height":54,"Demand":1,"DemandMax":null,"Value":2700},{"Length":26,"Height":25,"Demand":1,"DemandMax":null,"Value":650},{"Length":97,"Height":33,"Demand":1,"DemandMax":null,"Value":3201},{"Length":92,"Height":40,"Demand":1,"DemandMax":null,"Value":3680},{"Length":30,"Height":40,"Demand":1,"DemandMax":null,"Value":1200},{"Length":35,"Height":49,"Demand":1,"DemandMax":null,"Value":1715},{"Length":99,"Height":31,"Demand":1,"DemandMax":null,"Value":3069},{"Length":78,"Height":59,"Demand":1,"DemandMax":null,"Value":4602},{"Length":98,"Height":69,"Demand":1,"DemandMax":null,"Value":6762},{"Length":70,"Height":27,"Demand":1,"DemandMax":null,"Value":1890},{"Length":91,"Height":82,"Demand":1,"DemandMax":null,"Value":7462},{"Length":46,"Height":94,"Demand":1,"DemandMax":null,"Value":4324},{"Length":86,"Height":27,"Demand":1,"DemandMax":null,"Value":2322},{"Length":69,"Height":31,"Demand":1,"DemandMax":null,"Value":2139},{"Length":39,"Height":44,"Demand":1,"DemandMax":null,"Value":1716},{"Length":67,"Height":32,"Demand":1,"DemandMax":null,"Value":2144},{"Length":91,"Height":64,"Demand":1,"DemandMax":null,"Value":5824}]}