{"Name":"SPIEKSMA07_200_10","Objects":[{"Length":150,"Height":150,"Stock":null,"Cost":22500}],"Items":[{"Length":53,"Height":56,"Demand":1,"DemandMax":null,"Value":2968},{"Length":45,"Height":47,"Demand":1,"DemandMax":null,"Value":2115},{"Length":65,"Height":58,"Demand":1,"DemandMax":null,"Value":3770},{"Length":23,"Height":30,"Demand":2,"DemandMax":null,"Value":690},{"Length":97,"Height":99,"Demand":1,"DemandMax":null,"Value":9603},{"Length":91,"Height":95,"Demand":1,"DemandMax":null,"Value":8645},{"Length":77,"Height":78,"Demand":2,"DemandMax":null,"Value":6006},{"Length":73,"Height":67,"Demand":1,"DemandMax":null,"Value":4891},{"Length":42,"Height":48,"Demand":1,"DemandMax":null,"Value":2016},{"Length":56,"Height":63,"Demand":1,"DemandMax":null,"Value":3528},{"Length":53,"Height":50,"Demand":1,"DemandMax":null,"Value":2650},{"Length":77,"Height":76,"Demand":1,"DemandMax":null,"Value":5852},{"Length":40,"Height":44,"Demand":1,"DemandMax":null,"Value":1760},{"Length":38,"Height":29,"Demand":1,"DemandMax":null,"Value":1102},{"Length":38,"Height":41,"Demand":1,"DemandMax":null,"Value":1558},{"Length":28,"Height":20,"Demand":1,"DemandMax":null,"Value":560},{"Length":28,"Height":24,"Demand":1,"DemandMax":null,"Value":672},{"Length":82,"Height":81,"Demand":1,"DemandMax":null,"Value":6642},{"Length":21,"Height":13,"Demand":1,"DemandMax":null,"Value":273},{"Length":23,"Height":15,"Demand":1,"DemandMax":null,"Value":345},{"Length":52,"Height":58,"Demand":1,"DemandMax":null,"Value":3016},{"Length":99,"Height":101,"Demand":1,"DemandMax":null,"Value":9999},{"Length":22,"Height":22,"Demand":1,"DemandMax":null,"Value":484},{"Length":26,"Height":29,"Demand":1,"DemandMax":null,"Value":754},{"Length":21,"Height":25,"Demand":1,"DemandMax":null,"Value":525},{"Length":26,"Height":25,"Demand":1,"DemandMax":null,"Value":650},{"Length":85,"Height":77,"Demand":1,"DemandMax":null,"Value":6545},{"Length":28,"Height":25,"Demand":1,"DemandMax":null,"Value":700},{"Length":35,"Height":43,"Demand":1,"DemandMax":null,"Value":1505},{"Length":68,"Height":61,"Demand":1,"DemandMax":null,"Value":4148},{"Length":40,"Height":40,"Demand":1,"DemandMax":null,"Value":1600},{"Length":48,"Height":57,"Demand":1,"DemandMax":null,"Value":2736},{"Length":57,"Height":61,"Demand":1,"DemandMax":null,"Value":3477},{"Length":57,"Height":53,"Demand":1,"DemandMax":null,"Value":3021},{"Length":66,"Height":68,"Demand":1,"DemandMax":null,"Value":4488},{"Length":49,"Height":56,"Demand":1,"DemandMax":null,"Value":2744},{"Length":78,"Height":80,"Demand":3,"DemandMax":null,"Value":6240},{"Length":89,"Height":94,"Demand":1,"DemandMax":null,"Value":8366},{"Length":47,"Height":47,"Demand":1,"DemandMax":null,"Value":2209},{"Length":23,"Height":22,"Demand":1,"DemandMax":null,"Value":506},{"Length":36,"Height":35,"Demand":2,"DemandMax":null,"Value":1260},{"Length":49,"Height":54,"Demand":1,"DemandMax":null,"Value":2646},{"Length":54,"Height":62,"Demand":2,"DemandMax":null,"Value":3348},{"Length":68,"Height":73,"Demand":1,"DemandMax":null,"Value":4964},{"Length":56,"Height":57,"Demand":1,"DemandMax":null,"Value":3192},{"Length":89,"Height":97,"Demand":1,"DemandMax":null,"Value":8633},{"Length":24,"Height":26,"Demand":1,"DemandMax":null,"Value":624},{"Length":67,"Height":76,"Demand":1,"DemandMax":null,"Value":5092},{"Length":48,"Height":47,"Demand":1,"DemandMax":null,"Value":2256},{"Length":66,"Height":56,"Demand":1,"DemandMax":null,"Value":3696},{"Length":83,"Height":90,"Demand":1,"DemandMax":null,"Value":7470},{"Length":93,"Height":94,"Demand":1,"DemandMax":null,"Value":8742},{"Length":32,"Height":41,"Demand":1,"DemandMax":null,"Value":1312},{"Length":24,"Height":21,"Demand":1,"DemandMax":null,"Value":504},{"Length":62,"Height":56,"Demand":1,"DemandMax":null,"Value":3472},{"Length":82,"Height":82,"Demand":1,"DemandMax":null,"Value":6724},{"Length":50,"Height":47,"Demand":1,"DemandMax":null,"Value":2350},{"Length":57,"Height":58,"Demand":1,"DemandMax":null,"Value":3306},{"Length":80,"Height":89,"Demand":1,"DemandMax":null,"Value":7120},{"Length":94,"Height":88,"Demand":1,"DemandMax":null,"Value":8272},{"Length":37,"Height":31,"Demand":1,"DemandMax":null,"Value":1147},{"Length":35,"Height":27,"Demand":2,"DemandMax":null,"Value":945},{"Length":22,"Height":20,"Demand":2,"DemandMax":null,"Value":440},{"Length":74,"Height":81,"Demand":1,"DemandMax":null,"Value":5994},{"Length":65,"Height":64,"Demand":1,"DemandMax":null,"Value":4160},{"Length":91,"Height":84,"Demand":2,"DemandMax":null,"Value":7644},{"Length":38,"Height":30,"Demand":1,"DemandMax":null,"Value":1140},{"Length":57,"Height":65,"Demand":1,"DemandMax":null,"Value":3705},{"Length":85,"Height":84,"Demand":1,"DemandMax":null,"Value":7140},{"Length":87,"Height":95,"Demand":1,"DemandMax":null,"Value":8265},{"Length":84,"Height":80,"Demand":2,"DemandMax":null,"Value":6720},{"Length":61,"Height":57,"Demand":1,"DemandMax":null,"Value":3477},{"Length":56,"Height":56,"Demand":1,"DemandMax":null,"Value":3136},{"Length":87,"Height":92,"Demand":1,"DemandMax":null,"Value":8004},{"Length":39,"Height":34,"Demand":1,"DemandMax":null,"Value":1326},{"Length":62,"Height":64,"Demand":1,"DemandMax":null,"Value":3968},{"Length":95,"Height":99,"Demand":1,"DemandMax":null,"Value":9405},{"Length":22,"Height":27,"Demand":1,"DemandMax":null,"Value":594},{"Length":73,"Height":69,"Demand":1,"DemandMax":null,"Value":5037},{"Length":28,"Height":23,"Demand":1,"DemandMax":null,"Value":644},{"Length":89,"Height":95,"Demand":1,"DemandMax":null,"Value":8455},{"Length":89,"Height":90,"Demand":1,"DemandMax":null,"Value":8010},{"Length":45,"Height":42,"Demand":1,"DemandMax":null,"Value":1890},{"Length":81,"Height":80,"Demand":1,"DemandMax":null,"Value":6480},{"Length":29,"Height":26,"Demand":1,"DemandMax":null,"Value":754},{"Length":67,"Height":57,"Demand":1,"DemandMax":null,"Value":3819},{"Length":54,"Height":59,"Demand":1,"DemandMax":null,"Value":3186},{"Length":93,"Height":88,"Demand":1,"DemandMax":null,"Value":8184},{"Length":80,"Height":77,"Demand":1,"DemandMax":null,"Value":6160},{"Length":84,"Height":87,"Demand":1,"DemandMax":null,"Value":7308},{"Length":45,"Height":35,"Demand":1,"DemandMax":null,"Value":1575},{"Length":86,"Height":89,"Demand":1,"DemandMax":null,"Value":7654},{"Length":38,"Height":31,"Demand":1,"DemandMax":null,"Value":1178},{"Length":81,"Height":78,"Demand":1,"DemandMax":null,"Value":6318},{"Length":97,"Height":97,"Demand":1,"DemandMax":null,"Value":9409},{"Length":77,"Height":70,"Demand":1,"DemandMax":null,"Value":5390},{"Length":41,"Height":36,"Demand":1,"DemandMax":null,"Value":1476},{"Length":32,"Height":40,"Demand":2,"DemandMax":null,"Value":1280},{"Length":41,"Height":46,"Demand":1,"DemandMax":null,"Value":1886},{"Length":86,"Height":90,"Demand":1,"DemandMax":null,"Value":7740},{"Length":52,"Height":60,"Demand":1,"DemandMax":null,"Value":3120},{"Length":90,"Height":99,"Demand":1,"DemandMax":null,"Value":8910},{"Length":56,"Height":60,"Demand":1,"DemandMax":null,"Value":3360},{"Length":77,"Height":75,"Demand":1,"DemandMax":null,"Value":5775},{"Length":63,"Height":66,"Demand":1,"DemandMax":null,"Value":4158},{"Length":31,"Height":26,"Demand":2,"DemandMax":null,"Value":806},{"Length":27,"Height":27,"Demand":1,"DemandMax":null,"Value":729},{"Length":40,"Height":48,"Demand":1,"DemandMax":null,"Value":1920},{"Length":90,"Height":88,"Demand":1,"DemandMax":null,"Value":7920},{"Length":61,"Height":54,"Demand":1,"DemandMax":null,"Value":3294},{"Length":23,"Height":28,"Demand":2,"DemandMax":null,"Value":644},{"Length":74,"Height":65,"Demand":1,"DemandMax":null,"Value":4810},{"Length":99,"Height":96,"Demand":1,"DemandMax":null,"Value":9504},{"Length":90,"Height":83,"Demand":1,"DemandMax":null,"Value":7470},{"Length":63,"Height":59,"Demand":1,"DemandMax":null,"Value":3717},{"Length":63,"Height":55,"Demand":1,"DemandMax":null,"Value":3465},{"Length":81,"Height":73,"Demand":1,"DemandMax":null,"Value":5913},{"Length":56,"Height":48,"Demand":1,"DemandMax":null,"Value":2688},{"Length":31,"Height":30,"Demand":1,"DemandMax":null,"Value":930},{"Length":54,"Height":53,"Demand":1,"DemandMax":null,"Value":2862},{"Length":79,"Height":82,"Demand":1,"DemandMax":null,"Value":6478},{"Length":57,"Height":55,"Demand":1,"DemandMax":null,"Value":3135},{"Length":61,"Height":66,"Demand":1,"DemandMax":null,"Value":4026},{"Length":85,"Height":80,"Demand":1,"DemandMax":null,"Value":6800},{"Length":64,"Height":71,"Demand":1,"DemandMax":null,"Value":4544},{"Length":44,"Height":49,"Demand":1,"DemandMax":null,"Value":2156},{"Length":95,"Height":94,"Demand":1,"DemandMax":null,"Value":8930},{"Length":76,"Height":84,"Demand":1,"DemandMax":null,"Value":6384},{"Length":30,"Height":26,"Demand":1,"DemandMax":null,"Value":780},{"Length":30,"Height":24,"Demand":1,"DemandMax":null,"Value":720},{"Length":92,"Height":92,"Demand":1,"DemandMax":null,"Value":8464},{"Length":50,"Height":50,"Demand":1,"DemandMax":null,"Value":2500},{"Length":34,"Height":37,"Demand":1,"DemandMax":null,"Value":1258},{"Length":98,"Height":89,"Demand":1,"DemandMax":null,"Value":8722},{"Length":74,"Height":71,"Demand":1,"DemandMax":null,"Value":5254},{"Length":60,"Height":57,"Demand":1,"DemandMax":null,"Value":3420},{"Length":99,"Height":95,"Demand":1,"DemandMax":null,"Value":9405},{"Length":90,"Height":92,"Demand":2,"DemandMax":null,"Value":8280},{"Length":24,"Height":16,"Demand":1,"DemandMax":null,"Value":384},{"Length":57,"Height":62,"Demand":1,"DemandMax":null,"Value":3534},{"Length":45,"Height":44,"Demand":1,"DemandMax":null,"Value":1980},{"Length":34,"Height":33,"Demand":1,"DemandMax":null,"Value":1122},{"Length":95,"Height":90,"Demand":1,"DemandMax":null,"Value":8550},{"Length":85,"Height":92,"Demand":1,"DemandMax":null,"Value":7820},{"Length":49,"Height":46,"Demand":1,"DemandMax":null,"Value":2254},{"Length":58,"Height":55,"Demand":1,"DemandMax":null,"Value":3190},{"Length":50,"Height":55,"Demand":1,"DemandMax":null,"Value":2750},{"Length":69,"Height":75,"Demand":1,"DemandMax":null,"Value":5175},{"Length":26,"Height":16,"Demand":1,"DemandMax":null,"Value":416},{"Length":99,"Height":94,"Demand":1,"DemandMax":null,"Value":9306},{"Length":93,"Height":99,"Demand":1,"DemandMax":null,"Value":9207},{"Length":78,"Height":72,"Demand":1,"DemandMax":null,"Value":5616},{"Length":73,"Height":70,"Demand":1,"DemandMax":null,"Value":5110},{"Length":42,"Height":40,"Demand":1,"DemandMax":null,"Value":1680},{"Length":55,"Height":64,"Demand":1,"DemandMax":null,"Value":3520},{"Length":52,"Height":61,"Demand":1,"DemandMax":null,"Value":3172},{"Length":75,"Height":76,"Demand":1,"DemandMax":null,"Value":5700},{"Length":37,"Height":33,"Demand":1,"DemandMax":null,"Value":1221},{"Length":33,"Height":28,"Demand":1,"DemandMax":null,"Value":924},{"Length":23,"Height":17,"Demand":1,"DemandMax":null,"Value":391},{"Length":76,"Height":76,"Demand":1,"DemandMax":null,"Value":5776},{"Length":95,"Height":97,"Demand":1,"DemandMax":null,"Value":9215},{"Length":96,"Height":89,"Demand":1,"DemandMax":null,"Value":8544},{"Length":44,"Height":40,"Demand":1,"DemandMax":null,"Value":1760},{"Length":93,"Height":103,"Demand":1,"DemandMax":null,"Value":9579},{"Length":96,"Height":99,"Demand":1,"DemandMax":null,"Value":9504},{"Length":95,"Height":93,"Demand":1,"DemandMax":null,"Value":8835},{"Length":73,"Height":75,"Demand":1,"DemandMax":null,"Value":5475},{"Length":96,"Height":92,"Demand":1,"DemandMax":null,"Value":8832},{"Length":21,"Height":18,"Demand":1,"DemandMax":null,"Value":378},{"Length":54,"Height":46,"Demand":1,"DemandMax":null,"Value":2484},{"Length":25,"Height":34,"Demand":1,"DemandMax":null,"Value":850},{"Length":33,"Height":41,"Demand":1,"DemandMax":null,"Value":1353},{"Length":40,"Height":32,"Demand":1,"DemandMax":null,"Value":1280},{"Length":40,"Height":34,"Demand":1,"DemandMax":null,"Value":1360},{"Length":49,"Height":59,"Demand":1,"DemandMax":null,"Value":2891},{"Length":31,"Height":36,"Demand":1,"DemandMax":null,"Value":1116},{"Length":59,"Height":69,"Demand":1,"DemandMax":null,"Value":4071},{"Length":69,"Height":72,"Demand":1,"DemandMax":null,"Value":4968},{"Length":27,"Height":35,"Demand":1,"DemandMax":null,"Value":945},{"Length":82,"Height":79,"Demand":1,"DemandMax":null,"Value":6478},{"Length":94,"Height":101,"Demand":1,"DemandMax":null,"Value":9494},{"Length":27,"Height":29,"Demand":1,"DemandMax":null,"Value":783},{"Length":44,"Height":46,"Demand":1,"DemandMax":null,"Value":2024},{"Length":64,"Height":68,"Demand":1,"DemandMax":null,"Value":4352},{"Length":79,"Height":87,"Demand":1,"DemandMax":null,"Value":6873}]}