{"Name":"SPIEKSMA10_24_06","Objects":[{"Length":100,"Height":100,"Stock":null,"Cost":10000}],"Items":[{"Length":49,"Height":47,"Demand":1,"DemandMax":null,"Value":2303},{"Length":44,"Height":47,"Demand":1,"DemandMax":null,"Value":2068},{"Length":28,"Height":46,"Demand":1,"DemandMax":null,"Value":1288},{"Length":43,"Height":32,"Demand":1,"DemandMax":null,"Value":1376},{"Length":43,"Height":41,"Demand":1,"DemandMax":null,"Value":1763},{"Length":35,"Height":43,"Demand":1,"DemandMax":null,"Value":1505},{"Length":43,"Height":26,"Demand":1,"DemandMax":null,"Value":1118},{"Length":26,"Height":43,"Demand":1,"DemandMax":null,"Value":1118},{"Length":42,"Height":40,"Demand":1,"DemandMax":null,"Value":1680},{"Length":40,"Height":42,"Demand":1,"DemandMax":null,"Value":1680},{"Length":29,"Height":39,"Demand":1,"DemandMax":null,"Value":1131},{"Length":39,"Height":26,"Demand":1,"DemandMax":null,"Value":1014},{"Length":39,"Height":30,"Demand":1,"DemandMax":null,"Value":1170},{"Length":32,"Height":36,"Demand":1,"DemandMax":null,"Value":1152},{"Length":34,"Height":36,"Demand":1,"DemandMax":null,"Value":1224},{"Length":35,"Height":33,"Demand":1,"DemandMax":null,"Value":1155},{"Length":33,"Height":28,"Demand":1,"DemandMax":null,"Value":924},{"Length":31,"Height":21,"Demand":1,"DemandMax":null,"Value":651},{"Length":31,"Height":31,"Demand":1,"DemandMax":null,"Value":961},{"Length":28,"Height":29,"Demand":1,"DemandMax":null,"Value":812},{"Length":18,"Height":29,"Demand":1,"DemandMax":null,"Value":522},{"Length":23,"Height":27,"Demand":1,"DemandMax":null,"Value":621},{"Length":24,"Height":17,"Demand":1,"DemandMax":null,"Value":408},{"Length":11,"Height":11,"Demand":1,"DemandMax":null,"Value":121}]}