{"Name":"SPIEKSMA02_200_10","Objects":[{"Length":1000,"Height":1000,"Stock":null,"Cost":1000000}],"Items":[{"Length":414,"Height":671,"Demand":1,"DemandMax":null,"Value":277794},{"Length":319,"Height":592,"Demand":1,"DemandMax":null,"Value":188848},{"Length":563,"Height":132,"Demand":1,"DemandMax":null,"Value":74316},{"Length":36,"Height":843,"Demand":1,"DemandMax":null,"Value":30348},{"Length":959,"Height":618,"Demand":1,"DemandMax":null,"Value":592662},{"Length":889,"Height":676,"Demand":1,"DemandMax":null,"Value":600964},{"Length":715,"Height":575,"Demand":1,"DemandMax":null,"Value":411125},{"Length":658,"Height":202,"Demand":1,"DemandMax":null,"Value":132916},{"Length":275,"Height":780,"Demand":1,"DemandMax":null,"Value":214500},{"Length":453,"Height":864,"Demand":1,"DemandMax":null,"Value":391392},{"Length":416,"Height":344,"Demand":1,"DemandMax":null,"Value":143104},{"Length":718,"Height":442,"Demand":1,"DemandMax":null,"Value":317356},{"Length":250,"Height":712,"Demand":1,"DemandMax":null,"Value":178000},{"Length":232,"Height":45,"Demand":1,"DemandMax":null,"Value":10440},{"Length":221,"Height":661,"Demand":1,"DemandMax":null,"Value":146081},{"Length":105,"Height":118,"Demand":1,"DemandMax":null,"Value":12390},{"Length":106,"Height":304,"Demand":1,"DemandMax":null,"Value":32224},{"Length":780,"Height":440,"Demand":1,"DemandMax":null,"Value":343200},{"Length":18,"Height":83,"Demand":1,"DemandMax":null,"Value":1494},{"Length":39,"Height":121,"Demand":1,"DemandMax":null,"Value":4719},{"Length":399,"Height":776,"Demand":1,"DemandMax":null,"Value":309624},{"Length":988,"Height":605,"Demand":1,"DemandMax":null,"Value":597740},{"Length":30,"Height":496,"Demand":1,"DemandMax":null,"Value":14880},{"Length":76,"Height":671,"Demand":1,"DemandMax":null,"Value":50996},{"Length":19,"Height":686,"Demand":1,"DemandMax":null,"Value":13034},{"Length":79,"Height":430,"Demand":1,"DemandMax":null,"Value":33970},{"Length":811,"Height":125,"Demand":1,"DemandMax":null,"Value":101375},{"Length":107,"Height":326,"Demand":1,"DemandMax":null,"Value":34882},{"Length":186,"Height":922,"Demand":1,"DemandMax":null,"Value":171492},{"Length":605,"Height":137,"Demand":1,"DemandMax":null,"Value":82885},{"Length":253,"Height":524,"Demand":1,"DemandMax":null,"Value":132572},{"Length":352,"Height":972,"Demand":1,"DemandMax":null,"Value":342144},{"Length":457,"Height":706,"Demand":1,"DemandMax":null,"Value":322642},{"Length":457,"Height":280,"Demand":1,"DemandMax":null,"Value":127960},{"Length":576,"Height":582,"Demand":1,"DemandMax":null,"Value":335232},{"Length":367,"Height":834,"Demand":1,"DemandMax":null,"Value":306078},{"Length":720,"Height":594,"Demand":1,"DemandMax":null,"Value":427680},{"Length":858,"Height":749,"Demand":1,"DemandMax":null,"Value":642642},{"Length":336,"Height":521,"Demand":1,"DemandMax":null,"Value":175056},{"Length":42,"Height":467,"Demand":1,"DemandMax":null,"Value":19614},{"Length":199,"Height":474,"Demand":1,"DemandMax":null,"Value":94326},{"Length":363,"Height":766,"Demand":1,"DemandMax":null,"Value":278058},{"Length":422,"Height":898,"Demand":1,"DemandMax":null,"Value":378956},{"Length":598,"Height":758,"Demand":1,"DemandMax":null,"Value":453284},{"Length":448,"Height":569,"Demand":1,"DemandMax":null,"Value":254912},{"Length":859,"Height":887,"Demand":1,"DemandMax":null,"Value":761933},{"Length":56,"Height":600,"Demand":1,"DemandMax":null,"Value":33600},{"Length":591,"Height":931,"Demand":1,"DemandMax":null,"Value":550221},{"Length":356,"Height":435,"Demand":1,"DemandMax":null,"Value":154860},{"Length":571,"Height":2,"Demand":1,"DemandMax":null,"Value":1142},{"Length":793,"Height":851,"Demand":1,"DemandMax":null,"Value":674843},{"Length":910,"Height":541,"Demand":1,"DemandMax":null,"Value":492310},{"Length":146,"Height":959,"Demand":1,"DemandMax":null,"Value":140014},{"Length":54,"Height":330,"Demand":1,"DemandMax":null,"Value":17820},{"Length":524,"Height":206,"Demand":1,"DemandMax":null,"Value":107944},{"Length":778,"Height":477,"Demand":1,"DemandMax":null,"Value":371106},{"Length":372,"Height":366,"Demand":1,"DemandMax":null,"Value":136152},{"Length":195,"Height":428,"Demand":1,"DemandMax":null,"Value":83460},{"Length":469,"Height":553,"Demand":1,"DemandMax":null,"Value":259357},{"Length":749,"Height":961,"Demand":1,"DemandMax":null,"Value":719789},{"Length":924,"Height":210,"Demand":1,"DemandMax":null,"Value":194040},{"Length":218,"Height":187,"Demand":1,"DemandMax":null,"Value":40766},{"Length":185,"Height":115,"Demand":1,"DemandMax":null,"Value":21275},{"Length":713,"Height":549,"Demand":1,"DemandMax":null,"Value":391437},{"Length":26,"Height":379,"Demand":1,"DemandMax":null,"Value":9854},{"Length":678,"Height":826,"Demand":1,"DemandMax":null,"Value":560028},{"Length":559,"Height":447,"Demand":1,"DemandMax":null,"Value":249873},{"Length":891,"Height":130,"Demand":1,"DemandMax":null,"Value":115830},{"Length":230,"Height":96,"Demand":1,"DemandMax":null,"Value":22080},{"Length":464,"Height":902,"Demand":1,"DemandMax":null,"Value":418528},{"Length":815,"Height":438,"Demand":1,"DemandMax":null,"Value":356970},{"Length":840,"Height":924,"Demand":1,"DemandMax":null,"Value":776160},{"Length":427,"Height":917,"Demand":1,"DemandMax":null,"Value":391559},{"Length":798,"Height":305,"Demand":1,"DemandMax":null,"Value":243390},{"Length":509,"Height":311,"Demand":1,"DemandMax":null,"Value":158299},{"Length":448,"Height":490,"Demand":1,"DemandMax":null,"Value":219520},{"Length":838,"Height":731,"Demand":1,"DemandMax":null,"Value":612578},{"Length":236,"Height":256,"Demand":1,"DemandMax":null,"Value":60416},{"Length":528,"Height":621,"Demand":1,"DemandMax":null,"Value":327888},{"Length":937,"Height":714,"Demand":1,"DemandMax":null,"Value":669018},{"Length":21,"Height":759,"Demand":1,"DemandMax":null,"Value":15939},{"Length":666,"Height":311,"Demand":1,"DemandMax":null,"Value":207126},{"Length":96,"Height":257,"Demand":1,"DemandMax":null,"Value":24672},{"Length":864,"Height":821,"Demand":1,"DemandMax":null,"Value":709344},{"Length":862,"Height":558,"Demand":1,"DemandMax":null,"Value":480996},{"Length":311,"Height":358,"Demand":1,"DemandMax":null,"Value":111338},{"Length":766,"Height":441,"Demand":1,"DemandMax":null,"Value":337806},{"Length":117,"Height":364,"Demand":1,"DemandMax":null,"Value":42588},{"Length":585,"Height":17,"Demand":1,"DemandMax":null,"Value":9945},{"Length":726,"Height":619,"Demand":1,"DemandMax":null,"Value":449394},{"Length":430,"Height":728,"Demand":1,"DemandMax":null,"Value":313040},{"Length":917,"Height":234,"Demand":1,"DemandMax":null,"Value":214578},{"Length":745,"Height":356,"Demand":1,"DemandMax":null,"Value":265220},{"Length":801,"Height":651,"Demand":1,"DemandMax":null,"Value":521451},{"Length":309,"Height":9,"Demand":1,"DemandMax":null,"Value":2781},{"Length":822,"Height":651,"Demand":1,"DemandMax":null,"Value":535122},{"Length":231,"Height":133,"Demand":1,"DemandMax":null,"Value":30723},{"Length":757,"Height":343,"Demand":1,"DemandMax":null,"Value":259651},{"Length":957,"Height":504,"Demand":1,"DemandMax":null,"Value":482328},{"Length":719,"Height":172,"Demand":1,"DemandMax":null,"Value":123668},{"Length":265,"Height":235,"Demand":1,"DemandMax":null,"Value":62275},{"Length":151,"Height":915,"Demand":1,"DemandMax":null,"Value":138165},{"Length":266,"Height":769,"Demand":1,"DemandMax":null,"Value":204554},{"Length":831,"Height":685,"Demand":1,"DemandMax":null,"Value":569235},{"Length":403,"Height":885,"Demand":1,"DemandMax":null,"Value":356655},{"Length":870,"Height":925,"Demand":1,"DemandMax":null,"Value":804750},{"Length":455,"Height":694,"Demand":1,"DemandMax":null,"Value":315770},{"Length":713,"Height":414,"Demand":1,"DemandMax":null,"Value":295182},{"Length":533,"Height":640,"Demand":1,"DemandMax":null,"Value":341120},{"Length":138,"Height":262,"Demand":1,"DemandMax":null,"Value":36156},{"Length":82,"Height":501,"Demand":1,"DemandMax":null,"Value":41082},{"Length":255,"Height":913,"Demand":1,"DemandMax":null,"Value":232815},{"Length":878,"Height":387,"Demand":1,"DemandMax":null,"Value":339786},{"Length":509,"Height":146,"Demand":1,"DemandMax":null,"Value":74314},{"Length":35,"Height":744,"Demand":1,"DemandMax":null,"Value":26040},{"Length":677,"Height":71,"Demand":1,"DemandMax":null,"Value":48067},{"Length":993,"Height":349,"Demand":1,"DemandMax":null,"Value":346557},{"Length":872,"Height":134,"Demand":1,"DemandMax":null,"Value":116848},{"Length":535,"Height":313,"Demand":1,"DemandMax":null,"Value":167455},{"Length":537,"Height":111,"Demand":1,"DemandMax":null,"Value":59607},{"Length":768,"Height":82,"Demand":1,"DemandMax":null,"Value":62976},{"Length":451,"Height":114,"Demand":1,"DemandMax":null,"Value":51414},{"Length":140,"Height":431,"Demand":1,"DemandMax":null,"Value":60340},{"Length":723,"Height":587,"Demand":1,"DemandMax":null,"Value":424401},{"Length":425,"Height":473,"Demand":1,"DemandMax":null,"Value":201025},{"Length":799,"Height":309,"Demand":1,"DemandMax":null,"Value":246891},{"Length":736,"Height":652,"Demand":1,"DemandMax":null,"Value":479872},{"Length":458,"Height":390,"Demand":1,"DemandMax":null,"Value":178620},{"Length":518,"Height":745,"Demand":1,"DemandMax":null,"Value":385910},{"Length":808,"Height":275,"Demand":1,"DemandMax":null,"Value":222200},{"Length":548,"Height":865,"Demand":1,"DemandMax":null,"Value":474020},{"Length":295,"Height":740,"Demand":1,"DemandMax":null,"Value":218300},{"Length":937,"Height":456,"Demand":1,"DemandMax":null,"Value":427272},{"Length":697,"Height":899,"Demand":1,"DemandMax":null,"Value":626603},{"Length":131,"Height":294,"Demand":1,"DemandMax":null,"Value":38514},{"Length":126,"Height":195,"Demand":1,"DemandMax":null,"Value":24570},{"Length":904,"Height":491,"Demand":1,"DemandMax":null,"Value":443864},{"Length":25,"Height":406,"Demand":1,"DemandMax":null,"Value":10150},{"Length":372,"Height":493,"Demand":1,"DemandMax":null,"Value":183396},{"Length":171,"Height":642,"Demand":1,"DemandMax":null,"Value":109782},{"Length":975,"Height":76,"Demand":1,"DemandMax":null,"Value":74100},{"Length":676,"Height":349,"Demand":1,"DemandMax":null,"Value":235924},{"Length":495,"Height":351,"Demand":1,"DemandMax":null,"Value":173745},{"Length":986,"Height":304,"Demand":1,"DemandMax":null,"Value":299744},{"Length":40,"Height":763,"Demand":1,"DemandMax":null,"Value":30520},{"Length":877,"Height":618,"Demand":1,"DemandMax":null,"Value":541986},{"Length":55,"Height":91,"Demand":1,"DemandMax":null,"Value":5005},{"Length":461,"Height":736,"Demand":1,"DemandMax":null,"Value":339296},{"Length":318,"Height":444,"Demand":1,"DemandMax":null,"Value":141192},{"Length":182,"Height":435,"Demand":1,"DemandMax":null,"Value":79170},{"Length":940,"Height":267,"Demand":1,"DemandMax":null,"Value":250980},{"Length":817,"Height":827,"Demand":1,"DemandMax":null,"Value":675659},{"Length":367,"Height":339,"Demand":1,"DemandMax":null,"Value":124413},{"Length":479,"Height":357,"Demand":1,"DemandMax":null,"Value":171003},{"Length":375,"Height":769,"Demand":1,"DemandMax":null,"Value":288375},{"Length":610,"Height":800,"Demand":1,"DemandMax":null,"Value":488000},{"Length":76,"Height":5,"Demand":1,"DemandMax":null,"Value":380},{"Length":990,"Height":270,"Demand":1,"DemandMax":null,"Value":267300},{"Length":912,"Height":820,"Demand":1,"DemandMax":null,"Value":747840},{"Length":730,"Height":211,"Demand":1,"DemandMax":null,"Value":154030},{"Length":665,"Height":329,"Demand":1,"DemandMax":null,"Value":218785},{"Length":273,"Height":399,"Demand":1,"DemandMax":null,"Value":108927},{"Length":443,"Height":974,"Demand":1,"DemandMax":null,"Value":431482},{"Length":397,"Height":946,"Demand":1,"DemandMax":null,"Value":375562},{"Length":691,"Height":535,"Demand":1,"DemandMax":null,"Value":369685},{"Length":214,"Height":298,"Demand":1,"DemandMax":null,"Value":63772},{"Length":188,"Height":122,"Demand":1,"DemandMax":null,"Value":22936},{"Length":169,"Height":231,"Demand":1,"DemandMax":null,"Value":39039},{"Length":44,"Height":179,"Demand":1,"DemandMax":null,"Value":7876},{"Length":38,"Height":855,"Demand":1,"DemandMax":null,"Value":32490},{"Length":703,"Height":484,"Demand":1,"DemandMax":null,"Value":340252},{"Length":932,"Height":618,"Demand":1,"DemandMax":null,"Value":575976},{"Length":944,"Height":148,"Demand":1,"DemandMax":null,"Value":139712},{"Length":297,"Height":295,"Demand":1,"DemandMax":null,"Value":87615},{"Length":878,"Height":616,"Demand":1,"DemandMax":null,"Value":540848},{"Length":910,"Height":998,"Demand":1,"DemandMax":null,"Value":908180},{"Length":949,"Height":665,"Demand":1,"DemandMax":null,"Value":631085},{"Length":883,"Height":172,"Demand":1,"DemandMax":null,"Value":151876},{"Length":934,"Height":407,"Demand":1,"DemandMax":null,"Value":380138},{"Length":659,"Height":593,"Demand":1,"DemandMax":null,"Value":390787},{"Length":946,"Height":287,"Demand":1,"DemandMax":null,"Value":271502},{"Length":18,"Height":375,"Demand":1,"DemandMax":null,"Value":6750},{"Length":428,"Height":81,"Demand":1,"DemandMax":null,"Value":34668},{"Length":68,"Height":959,"Demand":1,"DemandMax":null,"Value":65212},{"Length":158,"Height":900,"Demand":1,"DemandMax":null,"Value":142200},{"Length":255,"Height":126,"Demand":1,"DemandMax":null,"Value":32130},{"Length":247,"Height":190,"Demand":1,"DemandMax":null,"Value":46930},{"Length":357,"Height":983,"Demand":1,"DemandMax":null,"Value":350931},{"Length":140,"Height":728,"Demand":1,"DemandMax":null,"Value":101920},{"Length":485,"Height":979,"Demand":1,"DemandMax":null,"Value":474815},{"Length":614,"Height":626,"Demand":1,"DemandMax":null,"Value":384364},{"Length":84,"Height":890,"Demand":1,"DemandMax":null,"Value":74760},{"Length":781,"Height":327,"Demand":1,"DemandMax":null,"Value":255387},{"Length":930,"Height":826,"Demand":1,"DemandMax":null,"Value":768180},{"Length":86,"Height":610,"Demand":1,"DemandMax":null,"Value":52460},{"Length":137,"Height":234,"Demand":1,"DemandMax":null,"Value":32058},{"Length":305,"Height":585,"Demand":1,"DemandMax":null,"Value":178425},{"Length":146,"Height":888,"Demand":1,"DemandMax":null,"Value":129648},{"Length":549,"Height":698,"Demand":1,"DemandMax":null,"Value":383202},{"Length":737,"Height":902,"Demand":1,"DemandMax":null,"Value":664774}]}