{"Name":"SPIEKSMA10_51_08","Objects":[{"Length":100,"Height":100,"Stock":null,"Cost":10000}],"Items":[{"Length":50,"Height":26,"Demand":1,"DemandMax":null,"Value":1300},{"Length":26,"Height":49,"Demand":1,"DemandMax":null,"Value":1274},{"Length":49,"Height":43,"Demand":1,"DemandMax":null,"Value":2107},{"Length":19,"Height":48,"Demand":1,"DemandMax":null,"Value":912},{"Length":33,"Height":48,"Demand":1,"DemandMax":null,"Value":1584},{"Length":47,"Height":43,"Demand":1,"DemandMax":null,"Value":2021},{"Length":47,"Height":34,"Demand":1,"DemandMax":null,"Value":1598},{"Length":46,"Height":40,"Demand":1,"DemandMax":null,"Value":1840},{"Length":46,"Height":21,"Demand":1,"DemandMax":null,"Value":966},{"Length":45,"Height":25,"Demand":1,"DemandMax":null,"Value":1125},{"Length":27,"Height":45,"Demand":1,"DemandMax":null,"Value":1215},{"Length":30,"Height":44,"Demand":1,"DemandMax":null,"Value":1320},{"Length":44,"Height":39,"Demand":1,"DemandMax":null,"Value":1716},{"Length":28,"Height":44,"Demand":1,"DemandMax":null,"Value":1232},{"Length":43,"Height":31,"Demand":1,"DemandMax":null,"Value":1333},{"Length":36,"Height":43,"Demand":1,"DemandMax":null,"Value":1548},{"Length":43,"Height":28,"Demand":1,"DemandMax":null,"Value":1204},{"Length":29,"Height":42,"Demand":1,"DemandMax":null,"Value":1218},{"Length":42,"Height":39,"Demand":1,"DemandMax":null,"Value":1638},{"Length":26,"Height":42,"Demand":1,"DemandMax":null,"Value":1092},{"Length":42,"Height":42,"Demand":1,"DemandMax":null,"Value":1764},{"Length":41,"Height":32,"Demand":1,"DemandMax":null,"Value":1312},{"Length":40,"Height":28,"Demand":1,"DemandMax":null,"Value":1120},{"Length":40,"Height":37,"Demand":1,"DemandMax":null,"Value":1480},{"Length":40,"Height":31,"Demand":1,"DemandMax":null,"Value":1240},{"Length":39,"Height":23,"Demand":1,"DemandMax":null,"Value":897},{"Length":33,"Height":39,"Demand":1,"DemandMax":null,"Value":1287},{"Length":39,"Height":22,"Demand":1,"DemandMax":null,"Value":858},{"Length":28,"Height":38,"Demand":1,"DemandMax":null,"Value":1064},{"Length":10,"Height":37,"Demand":1,"DemandMax":null,"Value":370},{"Length":37,"Height":27,"Demand":1,"DemandMax":null,"Value":999},{"Length":36,"Height":35,"Demand":1,"DemandMax":null,"Value":1260},{"Length":36,"Height":27,"Demand":1,"DemandMax":null,"Value":972},{"Length":36,"Height":28,"Demand":1,"DemandMax":null,"Value":1008},{"Length":34,"Height":36,"Demand":1,"DemandMax":null,"Value":1224},{"Length":32,"Height":35,"Demand":1,"DemandMax":null,"Value":1120},{"Length":26,"Height":35,"Demand":1,"DemandMax":null,"Value":910},{"Length":27,"Height":33,"Demand":1,"DemandMax":null,"Value":891},{"Length":28,"Height":33,"Demand":1,"DemandMax":null,"Value":924},{"Length":31,"Height":33,"Demand":1,"DemandMax":null,"Value":1023},{"Length":32,"Height":31,"Demand":1,"DemandMax":null,"Value":992},{"Length":17,"Height":31,"Demand":1,"DemandMax":null,"Value":527},{"Length":31,"Height":30,"Demand":1,"DemandMax":null,"Value":930},{"Length":28,"Height":30,"Demand":1,"DemandMax":null,"Value":840},{"Length":29,"Height":24,"Demand":1,"DemandMax":null,"Value":696},{"Length":28,"Height":11,"Demand":1,"DemandMax":null,"Value":308},{"Length":28,"Height":28,"Demand":1,"DemandMax":null,"Value":784},{"Length":27,"Height":25,"Demand":1,"DemandMax":null,"Value":675},{"Length":21,"Height":26,"Demand":1,"DemandMax":null,"Value":546},{"Length":17,"Height":21,"Demand":1,"DemandMax":null,"Value":357},{"Length":11,"Height":18,"Demand":1,"DemandMax":null,"Value":198}]}