{"Name":"SPIEKSMA03_50_08","Objects":[{"Length":1000,"Height":1000,"Stock":null,"Cost":1000000}],"Items":[{"Length":376,"Height":287,"Demand":1,"DemandMax":null,"Value":107912},{"Length":448,"Height":602,"Demand":1,"DemandMax":null,"Value":269696},{"Length":391,"Height":555,"Demand":1,"DemandMax":null,"Value":217005},{"Length":537,"Height":279,"Demand":1,"DemandMax":null,"Value":149823},{"Length":221,"Height":706,"Demand":1,"DemandMax":null,"Value":156026},{"Length":775,"Height":571,"Demand":1,"DemandMax":null,"Value":442525},{"Length":733,"Height":606,"Demand":1,"DemandMax":null,"Value":444198},{"Length":629,"Height":545,"Demand":1,"DemandMax":null,"Value":342805},{"Length":595,"Height":321,"Demand":1,"DemandMax":null,"Value":190995},{"Length":365,"Height":668,"Demand":1,"DemandMax":null,"Value":243820},{"Length":472,"Height":718,"Demand":1,"DemandMax":null,"Value":338896},{"Length":449,"Height":406,"Demand":1,"DemandMax":null,"Value":182294},{"Length":631,"Height":465,"Demand":1,"DemandMax":null,"Value":293415},{"Length":349,"Height":627,"Demand":1,"DemandMax":null,"Value":218823},{"Length":339,"Height":226,"Demand":1,"DemandMax":null,"Value":76614},{"Length":332,"Height":597,"Demand":1,"DemandMax":null,"Value":198204},{"Length":262,"Height":271,"Demand":1,"DemandMax":null,"Value":71002},{"Length":263,"Height":382,"Demand":1,"DemandMax":null,"Value":100466},{"Length":668,"Height":464,"Demand":1,"DemandMax":null,"Value":309952},{"Length":210,"Height":249,"Demand":1,"DemandMax":null,"Value":52290},{"Length":223,"Height":272,"Demand":1,"DemandMax":null,"Value":60656},{"Length":439,"Height":666,"Demand":1,"DemandMax":null,"Value":292374},{"Length":793,"Height":563,"Demand":1,"DemandMax":null,"Value":446459},{"Length":217,"Height":497,"Demand":1,"DemandMax":null,"Value":107849},{"Length":245,"Height":603,"Demand":1,"DemandMax":null,"Value":147735},{"Length":211,"Height":612,"Demand":1,"DemandMax":null,"Value":129132},{"Length":247,"Height":458,"Demand":1,"DemandMax":null,"Value":113126},{"Length":686,"Height":275,"Demand":1,"DemandMax":null,"Value":188650},{"Length":264,"Height":395,"Demand":1,"DemandMax":null,"Value":104280},{"Length":311,"Height":753,"Demand":1,"DemandMax":null,"Value":234183},{"Length":563,"Height":282,"Demand":1,"DemandMax":null,"Value":158766},{"Length":351,"Height":514,"Demand":1,"DemandMax":null,"Value":180414},{"Length":411,"Height":783,"Demand":1,"DemandMax":null,"Value":321813},{"Length":474,"Height":623,"Demand":1,"DemandMax":null,"Value":295302},{"Length":474,"Height":367,"Demand":1,"DemandMax":null,"Value":173958},{"Length":545,"Height":549,"Demand":1,"DemandMax":null,"Value":299205},{"Length":420,"Height":700,"Demand":1,"DemandMax":null,"Value":294000},{"Length":632,"Height":556,"Demand":1,"DemandMax":null,"Value":351392},{"Length":715,"Height":649,"Demand":1,"DemandMax":null,"Value":464035},{"Length":401,"Height":512,"Demand":1,"DemandMax":null,"Value":205312},{"Length":225,"Height":480,"Demand":1,"DemandMax":null,"Value":108000},{"Length":319,"Height":484,"Demand":1,"DemandMax":null,"Value":154396},{"Length":417,"Height":659,"Demand":1,"DemandMax":null,"Value":274803},{"Length":453,"Height":738,"Demand":1,"DemandMax":null,"Value":334314},{"Length":559,"Height":655,"Demand":1,"DemandMax":null,"Value":366145},{"Length":468,"Height":541,"Demand":1,"DemandMax":null,"Value":253188},{"Length":715,"Height":732,"Demand":1,"DemandMax":null,"Value":523380},{"Length":233,"Height":560,"Demand":1,"DemandMax":null,"Value":130480},{"Length":555,"Height":758,"Demand":1,"DemandMax":null,"Value":420690},{"Length":413,"Height":461,"Demand":1,"DemandMax":null,"Value":190393}]}