{"Name":"SPIEKSMA10_99_02","Objects":[{"Length":100,"Height":100,"Stock":null,"Cost":10000}],"Items":[{"Length":35,"Height":50,"Demand":1,"DemandMax":null,"Value":1750},{"Length":49,"Height":47,"Demand":1,"DemandMax":null,"Value":2303},{"Length":38,"Height":49,"Demand":1,"DemandMax":null,"Value":1862},{"Length":49,"Height":33,"Demand":1,"DemandMax":null,"Value":1617},{"Length":39,"Height":49,"Demand":1,"DemandMax":null,"Value":1911},{"Length":48,"Height":46,"Demand":1,"DemandMax":null,"Value":2208},{"Length":48,"Height":28,"Demand":1,"DemandMax":null,"Value":1344},{"Length":40,"Height":48,"Demand":1,"DemandMax":null,"Value":1920},{"Length":45,"Height":48,"Demand":1,"DemandMax":null,"Value":2160},{"Length":48,"Height":30,"Demand":1,"DemandMax":null,"Value":1440},{"Length":44,"Height":47,"Demand":1,"DemandMax":null,"Value":2068},{"Length":47,"Height":44,"Demand":1,"DemandMax":null,"Value":2068},{"Length":39,"Height":47,"Demand":1,"DemandMax":null,"Value":1833},{"Length":27,"Height":46,"Demand":1,"DemandMax":null,"Value":1242},{"Length":28,"Height":46,"Demand":1,"DemandMax":null,"Value":1288},{"Length":40,"Height":46,"Demand":1,"DemandMax":null,"Value":1840},{"Length":43,"Height":46,"Demand":1,"DemandMax":null,"Value":1978},{"Length":36,"Height":46,"Demand":1,"DemandMax":null,"Value":1656},{"Length":46,"Height":39,"Demand":1,"DemandMax":null,"Value":1794},{"Length":28,"Height":45,"Demand":1,"DemandMax":null,"Value":1260},{"Length":45,"Height":28,"Demand":1,"DemandMax":null,"Value":1260},{"Length":28,"Height":44,"Demand":1,"DemandMax":null,"Value":1232},{"Length":44,"Height":40,"Demand":1,"DemandMax":null,"Value":1760},{"Length":40,"Height":44,"Demand":1,"DemandMax":null,"Value":1760},{"Length":37,"Height":44,"Demand":2,"DemandMax":null,"Value":1628},{"Length":38,"Height":44,"Demand":1,"DemandMax":null,"Value":1672},{"Length":43,"Height":26,"Demand":2,"DemandMax":null,"Value":1118},{"Length":43,"Height":32,"Demand":2,"DemandMax":null,"Value":1376},{"Length":43,"Height":41,"Demand":1,"DemandMax":null,"Value":1763},{"Length":35,"Height":43,"Demand":1,"DemandMax":null,"Value":1505},{"Length":26,"Height":43,"Demand":1,"DemandMax":null,"Value":1118},{"Length":42,"Height":40,"Demand":1,"DemandMax":null,"Value":1680},{"Length":40,"Height":42,"Demand":1,"DemandMax":null,"Value":1680},{"Length":42,"Height":28,"Demand":1,"DemandMax":null,"Value":1176},{"Length":37,"Height":42,"Demand":1,"DemandMax":null,"Value":1554},{"Length":42,"Height":36,"Demand":1,"DemandMax":null,"Value":1512},{"Length":22,"Height":41,"Demand":1,"DemandMax":null,"Value":902},{"Length":30,"Height":40,"Demand":1,"DemandMax":null,"Value":1200},{"Length":36,"Height":40,"Demand":1,"DemandMax":null,"Value":1440},{"Length":26,"Height":40,"Demand":1,"DemandMax":null,"Value":1040},{"Length":22,"Height":40,"Demand":1,"DemandMax":null,"Value":880},{"Length":29,"Height":39,"Demand":1,"DemandMax":null,"Value":1131},{"Length":39,"Height":26,"Demand":1,"DemandMax":null,"Value":1014},{"Length":39,"Height":30,"Demand":1,"DemandMax":null,"Value":1170},{"Length":39,"Height":19,"Demand":1,"DemandMax":null,"Value":741},{"Length":27,"Height":39,"Demand":1,"DemandMax":null,"Value":1053},{"Length":39,"Height":34,"Demand":1,"DemandMax":null,"Value":1326},{"Length":34,"Height":39,"Demand":1,"DemandMax":null,"Value":1326},{"Length":38,"Height":37,"Demand":1,"DemandMax":null,"Value":1406},{"Length":37,"Height":31,"Demand":1,"DemandMax":null,"Value":1147},{"Length":33,"Height":37,"Demand":1,"DemandMax":null,"Value":1221},{"Length":29,"Height":37,"Demand":1,"DemandMax":null,"Value":1073},{"Length":30,"Height":37,"Demand":1,"DemandMax":null,"Value":1110},{"Length":32,"Height":36,"Demand":1,"DemandMax":null,"Value":1152},{"Length":34,"Height":36,"Demand":2,"DemandMax":null,"Value":1224},{"Length":33,"Height":36,"Demand":1,"DemandMax":null,"Value":1188},{"Length":36,"Height":36,"Demand":1,"DemandMax":null,"Value":1296},{"Length":36,"Height":25,"Demand":1,"DemandMax":null,"Value":900},{"Length":30,"Height":36,"Demand":1,"DemandMax":null,"Value":1080},{"Length":35,"Height":33,"Demand":1,"DemandMax":null,"Value":1155},{"Length":31,"Height":34,"Demand":1,"DemandMax":null,"Value":1054},{"Length":30,"Height":34,"Demand":1,"DemandMax":null,"Value":1020},{"Length":34,"Height":12,"Demand":1,"DemandMax":null,"Value":408},{"Length":34,"Height":30,"Demand":1,"DemandMax":null,"Value":1020},{"Length":32,"Height":34,"Demand":1,"DemandMax":null,"Value":1088},{"Length":33,"Height":28,"Demand":1,"DemandMax":null,"Value":924},{"Length":28,"Height":33,"Demand":1,"DemandMax":null,"Value":924},{"Length":33,"Height":26,"Demand":1,"DemandMax":null,"Value":858},{"Length":33,"Height":22,"Demand":1,"DemandMax":null,"Value":726},{"Length":22,"Height":32,"Demand":1,"DemandMax":null,"Value":704},{"Length":21,"Height":32,"Demand":1,"DemandMax":null,"Value":672},{"Length":32,"Height":19,"Demand":1,"DemandMax":null,"Value":608},{"Length":31,"Height":21,"Demand":1,"DemandMax":null,"Value":651},{"Length":31,"Height":31,"Demand":1,"DemandMax":null,"Value":961},{"Length":31,"Height":17,"Demand":1,"DemandMax":null,"Value":527},{"Length":30,"Height":28,"Demand":2,"DemandMax":null,"Value":840},{"Length":30,"Height":30,"Demand":1,"DemandMax":null,"Value":900},{"Length":28,"Height":29,"Demand":1,"DemandMax":null,"Value":812},{"Length":18,"Height":29,"Demand":1,"DemandMax":null,"Value":522},{"Length":29,"Height":26,"Demand":1,"DemandMax":null,"Value":754},{"Length":27,"Height":28,"Demand":1,"DemandMax":null,"Value":756},{"Length":23,"Height":27,"Demand":1,"DemandMax":null,"Value":621},{"Length":26,"Height":27,"Demand":1,"DemandMax":null,"Value":702},{"Length":25,"Height":27,"Demand":1,"DemandMax":null,"Value":675},{"Length":25,"Height":26,"Demand":1,"DemandMax":null,"Value":650},{"Length":25,"Height":7,"Demand":1,"DemandMax":null,"Value":175},{"Length":24,"Height":17,"Demand":1,"DemandMax":null,"Value":408},{"Length":24,"Height":7,"Demand":1,"DemandMax":null,"Value":168},{"Length":21,"Height":10,"Demand":1,"DemandMax":null,"Value":210},{"Length":21,"Height":20,"Demand":1,"DemandMax":null,"Value":420},{"Length":17,"Height":10,"Demand":1,"DemandMax":null,"Value":170},{"Length":17,"Height":16,"Demand":1,"DemandMax":null,"Value":272},{"Length":9,"Height":13,"Demand":1,"DemandMax":null,"Value":117},{"Length":11,"Height":11,"Demand":1,"DemandMax":null,"Value":121}]}