{"Name":"SPIEKSMA07_50_02","Objects":[{"Length":150,"Height":150,"Stock":null,"Cost":22500}],"Items":[{"Length":27,"Height":31,"Demand":1,"DemandMax":null,"Value":837},{"Length":88,"Height":79,"Demand":1,"DemandMax":null,"Value":6952},{"Length":79,"Height":71,"Demand":1,"DemandMax":null,"Value":5609},{"Length":43,"Height":36,"Demand":1,"DemandMax":null,"Value":1548},{"Length":53,"Height":56,"Demand":1,"DemandMax":null,"Value":2968},{"Length":45,"Height":47,"Demand":1,"DemandMax":null,"Value":2115},{"Length":65,"Height":58,"Demand":1,"DemandMax":null,"Value":3770},{"Length":23,"Height":30,"Demand":1,"DemandMax":null,"Value":690},{"Length":97,"Height":99,"Demand":1,"DemandMax":null,"Value":9603},{"Length":91,"Height":95,"Demand":1,"DemandMax":null,"Value":8645},{"Length":77,"Height":78,"Demand":1,"DemandMax":null,"Value":6006},{"Length":73,"Height":67,"Demand":1,"DemandMax":null,"Value":4891},{"Length":42,"Height":48,"Demand":1,"DemandMax":null,"Value":2016},{"Length":56,"Height":63,"Demand":1,"DemandMax":null,"Value":3528},{"Length":53,"Height":50,"Demand":1,"DemandMax":null,"Value":2650},{"Length":77,"Height":76,"Demand":1,"DemandMax":null,"Value":5852},{"Length":40,"Height":44,"Demand":1,"DemandMax":null,"Value":1760},{"Length":38,"Height":29,"Demand":1,"DemandMax":null,"Value":1102},{"Length":38,"Height":41,"Demand":1,"DemandMax":null,"Value":1558},{"Length":28,"Height":20,"Demand":1,"DemandMax":null,"Value":560},{"Length":28,"Height":24,"Demand":1,"DemandMax":null,"Value":672},{"Length":82,"Height":81,"Demand":1,"DemandMax":null,"Value":6642},{"Length":21,"Height":13,"Demand":1,"DemandMax":null,"Value":273},{"Length":23,"Height":15,"Demand":1,"DemandMax":null,"Value":345},{"Length":52,"Height":58,"Demand":1,"DemandMax":null,"Value":3016},{"Length":99,"Height":101,"Demand":1,"DemandMax":null,"Value":9999},{"Length":22,"Height":22,"Demand":1,"DemandMax":null,"Value":484},{"Length":26,"Height":29,"Demand":1,"DemandMax":null,"Value":754},{"Length":21,"Height":25,"Demand":1,"DemandMax":null,"Value":525},{"Length":26,"Height":25,"Demand":1,"DemandMax":null,"Value":650},{"Length":85,"Height":77,"Demand":1,"DemandMax":null,"Value":6545},{"Length":28,"Height":25,"Demand":1,"DemandMax":null,"Value":700},{"Length":35,"Height":43,"Demand":1,"DemandMax":null,"Value":1505},{"Length":68,"Height":61,"Demand":1,"DemandMax":null,"Value":4148},{"Length":40,"Height":40,"Demand":1,"DemandMax":null,"Value":1600},{"Length":48,"Height":57,"Demand":1,"DemandMax":null,"Value":2736},{"Length":57,"Height":61,"Demand":1,"DemandMax":null,"Value":3477},{"Length":57,"Height":53,"Demand":1,"DemandMax":null,"Value":3021},{"Length":66,"Height":68,"Demand":1,"DemandMax":null,"Value":4488},{"Length":49,"Height":56,"Demand":1,"DemandMax":null,"Value":2744},{"Length":78,"Height":80,"Demand":1,"DemandMax":null,"Value":6240},{"Length":89,"Height":94,"Demand":1,"DemandMax":null,"Value":8366},{"Length":47,"Height":47,"Demand":1,"DemandMax":null,"Value":2209},{"Length":23,"Height":22,"Demand":1,"DemandMax":null,"Value":506},{"Length":36,"Height":35,"Demand":1,"DemandMax":null,"Value":1260},{"Length":49,"Height":54,"Demand":1,"DemandMax":null,"Value":2646},{"Length":54,"Height":62,"Demand":1,"DemandMax":null,"Value":3348},{"Length":68,"Height":73,"Demand":1,"DemandMax":null,"Value":4964},{"Length":56,"Height":57,"Demand":1,"DemandMax":null,"Value":3192},{"Length":89,"Height":97,"Demand":1,"DemandMax":null,"Value":8633}]}