{"Name":"SPIEKSMA06_25_10","Objects":[{"Length":150,"Height":150,"Stock":null,"Cost":22500}],"Items":[{"Length":53,"Height":74,"Demand":1,"DemandMax":null,"Value":3922},{"Length":45,"Height":67,"Demand":1,"DemandMax":null,"Value":3015},{"Length":65,"Height":30,"Demand":1,"DemandMax":null,"Value":1950},{"Length":23,"Height":87,"Demand":1,"DemandMax":null,"Value":2001},{"Length":97,"Height":69,"Demand":1,"DemandMax":null,"Value":6693},{"Length":91,"Height":74,"Demand":1,"DemandMax":null,"Value":6734},{"Length":77,"Height":66,"Demand":1,"DemandMax":null,"Value":5082},{"Length":73,"Height":36,"Demand":1,"DemandMax":null,"Value":2628},{"Length":42,"Height":82,"Demand":1,"DemandMax":null,"Value":3444},{"Length":56,"Height":89,"Demand":1,"DemandMax":null,"Value":4984},{"Length":53,"Height":47,"Demand":1,"DemandMax":null,"Value":2491},{"Length":77,"Height":55,"Demand":1,"DemandMax":null,"Value":4235},{"Length":40,"Height":77,"Demand":1,"DemandMax":null,"Value":3080},{"Length":38,"Height":24,"Demand":1,"DemandMax":null,"Value":912},{"Length":38,"Height":73,"Demand":1,"DemandMax":null,"Value":2774},{"Length":28,"Height":29,"Demand":1,"DemandMax":null,"Value":812},{"Length":28,"Height":44,"Demand":1,"DemandMax":null,"Value":1232},{"Length":82,"Height":55,"Demand":1,"DemandMax":null,"Value":4510},{"Length":21,"Height":27,"Demand":1,"DemandMax":null,"Value":567},{"Length":23,"Height":30,"Demand":1,"DemandMax":null,"Value":690},{"Length":52,"Height":82,"Demand":1,"DemandMax":null,"Value":4264},{"Length":99,"Height":68,"Demand":1,"DemandMax":null,"Value":6732},{"Length":22,"Height":60,"Demand":1,"DemandMax":null,"Value":1320},{"Length":26,"Height":74,"Demand":1,"DemandMax":null,"Value":1924},{"Length":21,"Height":75,"Demand":1,"DemandMax":null,"Value":1575}]}