{"Name":"SPIEKSMA04_200_04","Objects":[{"Length":1000,"Height":1000,"Stock":null,"Cost":1000000}],"Items":[{"Length":178,"Height":58,"Demand":1,"DemandMax":null,"Value":10324},{"Length":160,"Height":69,"Demand":1,"DemandMax":null,"Value":11040},{"Length":94,"Height":72,"Demand":1,"DemandMax":null,"Value":6768},{"Length":112,"Height":151,"Demand":1,"DemandMax":null,"Value":16912},{"Length":98,"Height":139,"Demand":1,"DemandMax":null,"Value":13622},{"Length":134,"Height":70,"Demand":1,"DemandMax":null,"Value":9380},{"Length":55,"Height":176,"Demand":1,"DemandMax":null,"Value":9680},{"Length":194,"Height":143,"Demand":1,"DemandMax":null,"Value":27742},{"Length":183,"Height":151,"Demand":1,"DemandMax":null,"Value":27633},{"Length":157,"Height":136,"Demand":1,"DemandMax":null,"Value":21352},{"Length":149,"Height":80,"Demand":1,"DemandMax":null,"Value":11920},{"Length":91,"Height":167,"Demand":1,"DemandMax":null,"Value":15197},{"Length":118,"Height":180,"Demand":1,"DemandMax":null,"Value":21240},{"Length":112,"Height":102,"Demand":1,"DemandMax":null,"Value":11424},{"Length":158,"Height":116,"Demand":1,"DemandMax":null,"Value":18328},{"Length":87,"Height":157,"Demand":1,"DemandMax":null,"Value":13659},{"Length":85,"Height":57,"Demand":1,"DemandMax":null,"Value":4845},{"Length":83,"Height":149,"Demand":1,"DemandMax":null,"Value":12367},{"Length":66,"Height":68,"Demand":1,"DemandMax":null,"Value":4488},{"Length":66,"Height":95,"Demand":1,"DemandMax":null,"Value":6270},{"Length":167,"Height":116,"Demand":1,"DemandMax":null,"Value":19372},{"Length":53,"Height":62,"Demand":1,"DemandMax":null,"Value":3286},{"Length":56,"Height":68,"Demand":1,"DemandMax":null,"Value":3808},{"Length":110,"Height":166,"Demand":1,"DemandMax":null,"Value":18260},{"Length":198,"Height":141,"Demand":1,"DemandMax":null,"Value":27918},{"Length":54,"Height":124,"Demand":1,"DemandMax":null,"Value":6696},{"Length":61,"Height":151,"Demand":1,"DemandMax":null,"Value":9211},{"Length":53,"Height":153,"Demand":1,"DemandMax":null,"Value":8109},{"Length":62,"Height":114,"Demand":1,"DemandMax":null,"Value":7068},{"Length":172,"Height":69,"Demand":1,"DemandMax":null,"Value":11868},{"Length":66,"Height":99,"Demand":1,"DemandMax":null,"Value":6534},{"Length":78,"Height":188,"Demand":1,"DemandMax":null,"Value":14664},{"Length":141,"Height":70,"Demand":1,"DemandMax":null,"Value":9870},{"Length":88,"Height":128,"Demand":1,"DemandMax":null,"Value":11264},{"Length":103,"Height":196,"Demand":1,"DemandMax":null,"Value":20188},{"Length":118,"Height":156,"Demand":1,"DemandMax":null,"Value":18408},{"Length":119,"Height":92,"Demand":1,"DemandMax":null,"Value":10948},{"Length":136,"Height":137,"Demand":1,"DemandMax":null,"Value":18632},{"Length":105,"Height":175,"Demand":1,"DemandMax":null,"Value":18375},{"Length":158,"Height":139,"Demand":1,"DemandMax":null,"Value":21962},{"Length":179,"Height":162,"Demand":1,"DemandMax":null,"Value":28998},{"Length":100,"Height":128,"Demand":1,"DemandMax":null,"Value":12800},{"Length":56,"Height":120,"Demand":1,"DemandMax":null,"Value":6720},{"Length":80,"Height":121,"Demand":1,"DemandMax":null,"Value":9680},{"Length":104,"Height":165,"Demand":1,"DemandMax":null,"Value":17160},{"Length":113,"Height":185,"Demand":1,"DemandMax":null,"Value":20905},{"Length":140,"Height":164,"Demand":1,"DemandMax":null,"Value":22960},{"Length":117,"Height":135,"Demand":1,"DemandMax":null,"Value":15795},{"Length":179,"Height":183,"Demand":1,"DemandMax":null,"Value":32757},{"Length":58,"Height":140,"Demand":1,"DemandMax":null,"Value":8120},{"Length":139,"Height":190,"Demand":1,"DemandMax":null,"Value":26410},{"Length":103,"Height":115,"Demand":1,"DemandMax":null,"Value":11845},{"Length":136,"Height":50,"Demand":1,"DemandMax":null,"Value":6800},{"Length":169,"Height":178,"Demand":1,"DemandMax":null,"Value":30082},{"Length":187,"Height":131,"Demand":1,"DemandMax":null,"Value":24497},{"Length":72,"Height":194,"Demand":1,"DemandMax":null,"Value":13968},{"Length":58,"Height":99,"Demand":1,"DemandMax":null,"Value":5742},{"Length":128,"Height":81,"Demand":1,"DemandMax":null,"Value":10368},{"Length":167,"Height":121,"Demand":1,"DemandMax":null,"Value":20207},{"Length":106,"Height":105,"Demand":1,"DemandMax":null,"Value":11130},{"Length":79,"Height":114,"Demand":1,"DemandMax":null,"Value":9006},{"Length":120,"Height":133,"Demand":1,"DemandMax":null,"Value":15960},{"Length":162,"Height":194,"Demand":1,"DemandMax":null,"Value":31428},{"Length":189,"Height":81,"Demand":1,"DemandMax":null,"Value":15309},{"Length":83,"Height":78,"Demand":1,"DemandMax":null,"Value":6474},{"Length":78,"Height":67,"Demand":1,"DemandMax":null,"Value":5226},{"Length":157,"Height":132,"Demand":1,"DemandMax":null,"Value":20724},{"Length":54,"Height":107,"Demand":1,"DemandMax":null,"Value":5778},{"Length":152,"Height":174,"Demand":1,"DemandMax":null,"Value":26448},{"Length":134,"Height":117,"Demand":1,"DemandMax":null,"Value":15678},{"Length":184,"Height":69,"Demand":1,"DemandMax":null,"Value":12696},{"Length":84,"Height":64,"Demand":1,"DemandMax":null,"Value":5376},{"Length":120,"Height":185,"Demand":1,"DemandMax":null,"Value":22200},{"Length":172,"Height":116,"Demand":1,"DemandMax":null,"Value":19952},{"Length":176,"Height":189,"Demand":1,"DemandMax":null,"Value":33264},{"Length":114,"Height":187,"Demand":1,"DemandMax":null,"Value":21318},{"Length":170,"Height":96,"Demand":2,"DemandMax":null,"Value":16320},{"Length":126,"Height":97,"Demand":1,"DemandMax":null,"Value":12222},{"Length":117,"Height":123,"Demand":1,"DemandMax":null,"Value":14391},{"Length":176,"Height":160,"Demand":1,"DemandMax":null,"Value":28160},{"Length":85,"Height":88,"Demand":1,"DemandMax":null,"Value":7480},{"Length":129,"Height":143,"Demand":1,"DemandMax":null,"Value":18447},{"Length":191,"Height":157,"Demand":1,"DemandMax":null,"Value":29987},{"Length":53,"Height":164,"Demand":1,"DemandMax":null,"Value":8692},{"Length":150,"Height":96,"Demand":1,"DemandMax":null,"Value":14400},{"Length":64,"Height":88,"Demand":1,"DemandMax":null,"Value":5632},{"Length":180,"Height":173,"Demand":1,"DemandMax":null,"Value":31140},{"Length":179,"Height":134,"Demand":1,"DemandMax":null,"Value":23986},{"Length":97,"Height":104,"Demand":1,"DemandMax":null,"Value":10088},{"Length":165,"Height":116,"Demand":1,"DemandMax":null,"Value":19140},{"Length":67,"Height":105,"Demand":1,"DemandMax":null,"Value":7035},{"Length":138,"Height":52,"Demand":1,"DemandMax":null,"Value":7176},{"Length":159,"Height":143,"Demand":1,"DemandMax":null,"Value":22737},{"Length":114,"Height":159,"Demand":1,"DemandMax":null,"Value":18126},{"Length":188,"Height":85,"Demand":1,"DemandMax":null,"Value":15980},{"Length":162,"Height":103,"Demand":1,"DemandMax":null,"Value":16686},{"Length":170,"Height":148,"Demand":1,"DemandMax":null,"Value":25160},{"Length":96,"Height":51,"Demand":1,"DemandMax":null,"Value":4896},{"Length":173,"Height":148,"Demand":1,"DemandMax":null,"Value":25604},{"Length":85,"Height":70,"Demand":1,"DemandMax":null,"Value":5950},{"Length":164,"Height":101,"Demand":1,"DemandMax":null,"Value":16564},{"Length":194,"Height":126,"Demand":1,"DemandMax":null,"Value":24444},{"Length":158,"Height":76,"Demand":1,"DemandMax":null,"Value":12008},{"Length":90,"Height":85,"Demand":1,"DemandMax":null,"Value":7650},{"Length":73,"Height":187,"Demand":1,"DemandMax":null,"Value":13651},{"Length":90,"Height":165,"Demand":1,"DemandMax":null,"Value":14850},{"Length":175,"Height":153,"Demand":1,"DemandMax":null,"Value":26775},{"Length":110,"Height":183,"Demand":1,"DemandMax":null,"Value":20130},{"Length":180,"Height":189,"Demand":1,"DemandMax":null,"Value":34020},{"Length":118,"Height":154,"Demand":1,"DemandMax":null,"Value":18172},{"Length":157,"Height":112,"Demand":1,"DemandMax":null,"Value":17584},{"Length":130,"Height":146,"Demand":1,"DemandMax":null,"Value":18980},{"Length":71,"Height":89,"Demand":1,"DemandMax":null,"Value":6319},{"Length":62,"Height":125,"Demand":1,"DemandMax":null,"Value":7750},{"Length":88,"Height":187,"Demand":1,"DemandMax":null,"Value":16456},{"Length":182,"Height":108,"Demand":1,"DemandMax":null,"Value":19656},{"Length":126,"Height":72,"Demand":1,"DemandMax":null,"Value":9072},{"Length":55,"Height":162,"Demand":1,"DemandMax":null,"Value":8910},{"Length":152,"Height":61,"Demand":1,"DemandMax":null,"Value":9272},{"Length":199,"Height":102,"Demand":1,"DemandMax":null,"Value":20298},{"Length":181,"Height":70,"Demand":1,"DemandMax":null,"Value":12670},{"Length":130,"Height":97,"Demand":1,"DemandMax":null,"Value":12610},{"Length":131,"Height":67,"Demand":1,"DemandMax":null,"Value":8777},{"Length":165,"Height":62,"Demand":1,"DemandMax":null,"Value":10230},{"Length":118,"Height":67,"Demand":1,"DemandMax":null,"Value":7906},{"Length":71,"Height":115,"Demand":1,"DemandMax":null,"Value":8165},{"Length":158,"Height":138,"Demand":1,"DemandMax":null,"Value":21804},{"Length":114,"Height":121,"Demand":1,"DemandMax":null,"Value":13794},{"Length":160,"Height":148,"Demand":1,"DemandMax":null,"Value":23680},{"Length":119,"Height":108,"Demand":1,"DemandMax":null,"Value":12852},{"Length":128,"Height":162,"Demand":1,"DemandMax":null,"Value":20736},{"Length":171,"Height":91,"Demand":1,"DemandMax":null,"Value":15561},{"Length":132,"Height":180,"Demand":1,"DemandMax":null,"Value":23760},{"Length":94,"Height":161,"Demand":1,"DemandMax":null,"Value":15134},{"Length":191,"Height":118,"Demand":1,"DemandMax":null,"Value":22538},{"Length":155,"Height":185,"Demand":1,"DemandMax":null,"Value":28675},{"Length":69,"Height":94,"Demand":1,"DemandMax":null,"Value":6486},{"Length":69,"Height":79,"Demand":1,"DemandMax":null,"Value":5451},{"Length":186,"Height":124,"Demand":1,"DemandMax":null,"Value":23064},{"Length":54,"Height":111,"Demand":1,"DemandMax":null,"Value":5994},{"Length":106,"Height":124,"Demand":1,"DemandMax":null,"Value":13144},{"Length":76,"Height":146,"Demand":1,"DemandMax":null,"Value":11096},{"Length":196,"Height":61,"Demand":1,"DemandMax":null,"Value":11956},{"Length":151,"Height":102,"Demand":1,"DemandMax":null,"Value":15402},{"Length":124,"Height":103,"Demand":1,"DemandMax":null,"Value":12772},{"Length":198,"Height":95,"Demand":1,"DemandMax":null,"Value":18810},{"Length":56,"Height":164,"Demand":1,"DemandMax":null,"Value":9184},{"Length":182,"Height":143,"Demand":1,"DemandMax":null,"Value":26026},{"Length":58,"Height":63,"Demand":1,"DemandMax":null,"Value":3654},{"Length":119,"Height":160,"Demand":1,"DemandMax":null,"Value":19040},{"Length":98,"Height":116,"Demand":1,"DemandMax":null,"Value":11368},{"Length":77,"Height":115,"Demand":1,"DemandMax":null,"Value":8855},{"Length":191,"Height":90,"Demand":1,"DemandMax":null,"Value":17190},{"Length":173,"Height":174,"Demand":1,"DemandMax":null,"Value":30102},{"Length":105,"Height":101,"Demand":1,"DemandMax":null,"Value":10605},{"Length":122,"Height":103,"Demand":1,"DemandMax":null,"Value":12566},{"Length":106,"Height":165,"Demand":1,"DemandMax":null,"Value":17490},{"Length":142,"Height":170,"Demand":1,"DemandMax":null,"Value":24140},{"Length":61,"Height":51,"Demand":1,"DemandMax":null,"Value":3111},{"Length":199,"Height":90,"Demand":1,"DemandMax":null,"Value":17910},{"Length":187,"Height":173,"Demand":1,"DemandMax":null,"Value":32351},{"Length":159,"Height":81,"Demand":1,"DemandMax":null,"Value":12879},{"Length":150,"Height":99,"Demand":1,"DemandMax":null,"Value":14850},{"Length":91,"Height":110,"Demand":1,"DemandMax":null,"Value":10010},{"Length":116,"Height":196,"Demand":1,"DemandMax":null,"Value":22736},{"Length":110,"Height":192,"Demand":1,"DemandMax":null,"Value":21120},{"Length":154,"Height":130,"Demand":1,"DemandMax":null,"Value":20020},{"Length":82,"Height":95,"Demand":1,"DemandMax":null,"Value":7790},{"Length":78,"Height":68,"Demand":1,"DemandMax":null,"Value":5304},{"Length":75,"Height":84,"Demand":1,"DemandMax":null,"Value":6300},{"Length":57,"Height":77,"Demand":1,"DemandMax":null,"Value":4389},{"Length":55,"Height":178,"Demand":1,"DemandMax":null,"Value":9790},{"Length":155,"Height":122,"Demand":1,"DemandMax":null,"Value":18910},{"Length":190,"Height":143,"Demand":1,"DemandMax":null,"Value":27170},{"Length":192,"Height":72,"Demand":1,"DemandMax":null,"Value":13824},{"Length":94,"Height":94,"Demand":1,"DemandMax":null,"Value":8836},{"Length":182,"Height":142,"Demand":1,"DemandMax":null,"Value":25844},{"Length":186,"Height":200,"Demand":1,"DemandMax":null,"Value":37200},{"Length":192,"Height":150,"Demand":1,"DemandMax":null,"Value":28800},{"Length":182,"Height":76,"Demand":1,"DemandMax":null,"Value":13832},{"Length":190,"Height":111,"Demand":1,"DemandMax":null,"Value":21090},{"Length":149,"Height":139,"Demand":1,"DemandMax":null,"Value":20711},{"Length":192,"Height":93,"Demand":1,"DemandMax":null,"Value":17856},{"Length":52,"Height":106,"Demand":1,"DemandMax":null,"Value":5512},{"Length":114,"Height":62,"Demand":1,"DemandMax":null,"Value":7068},{"Length":60,"Height":194,"Demand":1,"DemandMax":null,"Value":11640},{"Length":74,"Height":185,"Demand":1,"DemandMax":null,"Value":13690},{"Length":88,"Height":69,"Demand":1,"DemandMax":null,"Value":6072},{"Length":87,"Height":78,"Demand":1,"DemandMax":null,"Value":6786},{"Length":103,"Height":197,"Demand":1,"DemandMax":null,"Value":20291},{"Length":71,"Height":159,"Demand":1,"DemandMax":null,"Value":11289},{"Length":123,"Height":197,"Demand":1,"DemandMax":null,"Value":24231},{"Length":142,"Height":144,"Demand":1,"DemandMax":null,"Value":20448},{"Length":62,"Height":183,"Demand":1,"DemandMax":null,"Value":11346},{"Length":167,"Height":99,"Demand":1,"DemandMax":null,"Value":16533},{"Length":189,"Height":174,"Demand":1,"DemandMax":null,"Value":32886},{"Length":63,"Height":141,"Demand":1,"DemandMax":null,"Value":8883},{"Length":70,"Height":85,"Demand":1,"DemandMax":null,"Value":5950},{"Length":96,"Height":138,"Demand":1,"DemandMax":null,"Value":13248}]}