{"Name":"assort8","Objects":[{"Length":200,"Height":183,"Stock":null,"Cost":36600},{"Length":226,"Height":246,"Stock":null,"Cost":55596},{"Length":248,"Height":165,"Stock":null,"Cost":40920},{"Length":148,"Height":137,"Stock":null,"Cost":20276},{"Length":223,"Height":165,"Stock":null,"Cost":36795},{"Length":189,"Height":232,"Stock":null,"Cost":43848},{"Length":147,"Height":199,"Stock":null,"Cost":29253},{"Length":198,"Height":159,"Stock":null,"Cost":31482},{"Length":131,"Height":154,"Stock":null,"Cost":20174},{"Length":132,"Height":167,"Stock":null,"Cost":22044}],"Items":[{"Length":121,"Height":120,"Demand":20,"DemandMax":38,"Value":14520},{"Length":77,"Height":82,"Demand":20,"DemandMax":38,"Value":6314},{"Length":87,"Height":117,"Demand":20,"DemandMax":21,"Value":10179},{"Length":110,"Height":111,"Demand":20,"DemandMax":33,"Value":12210},{"Length":108,"Height":91,"Demand":20,"DemandMax":27,"Value":9828},{"Length":97,"Height":111,"Demand":20,"DemandMax":24,"Value":10767},{"Length":90,"Height":111,"Demand":20,"DemandMax":27,"Value":9990},{"Length":100,"Height":84,"Demand":20,"DemandMax":35,"Value":8400},{"Length":75,"Height":70,"Demand":20,"DemandMax":25,"Value":5250},{"Length":64,"Height":65,"Demand":20,"DemandMax":20,"Value":4160},{"Length":83,"Height":63,"Demand":20,"DemandMax":35,"Value":5229},{"Length":111,"Height":118,"Demand":20,"DemandMax":25,"Value":13098},{"Length":84,"Height":115,"Demand":20,"DemandMax":22,"Value":9660},{"Length":63,"Height":99,"Demand":20,"DemandMax":38,"Value":6237},{"Length":76,"Height":108,"Demand":20,"DemandMax":23,"Value":8208},{"Length":87,"Height":81,"Demand":20,"DemandMax":21,"Value":7047},{"Length":98,"Height":114,"Demand":20,"DemandMax":29,"Value":11172},{"Length":77,"Height":63,"Demand":20,"DemandMax":33,"Value":4851},{"Length":124,"Height":84,"Demand":20,"DemandMax":29,"Value":10416},{"Length":120,"Height":120,"Demand":20,"DemandMax":29,"Value":14400}]}