{"Name":"assort2","Objects":[{"Length":50,"Height":61,"Stock":null,"Cost":3050},{"Length":83,"Height":85,"Stock":null,"Cost":7055},{"Length":80,"Height":99,"Stock":null,"Cost":7920},{"Length":84,"Height":68,"Stock":null,"Cost":5712},{"Length":73,"Height":60,"Stock":null,"Cost":4380},{"Length":79,"Height":80,"Stock":null,"Cost":6320},{"Length":74,"Height":94,"Stock":null,"Cost":6956},{"Length":59,"Height":56,"Stock":null,"Cost":3304},{"Length":58,"Height":84,"Stock":null,"Cost":4872},{"Length":68,"Height":71,"Stock":null,"Cost":4828}],"Items":[{"Length":34,"Height":34,"Demand":20,"DemandMax":23,"Value":1156},{"Length":40,"Height":31,"Demand":20,"DemandMax":27,"Value":1240},{"Length":41,"Height":25,"Demand":20,"DemandMax":20,"Value":1025},{"Length":49,"Height":49,"Demand":20,"DemandMax":36,"Value":2401},{"Length":25,"Height":31,"Demand":20,"DemandMax":39,"Value":775},{"Length":34,"Height":30,"Demand":20,"DemandMax":26,"Value":1020},{"Length":42,"Height":36,"Demand":20,"DemandMax":35,"Value":1512},{"Length":43,"Height":26,"Demand":20,"DemandMax":29,"Value":1118},{"Length":28,"Height":29,"Demand":20,"DemandMax":34,"Value":812},{"Length":32,"Height":28,"Demand":20,"DemandMax":35,"Value":896},{"Length":37,"Height":42,"Demand":20,"DemandMax":29,"Value":1554},{"Length":31,"Height":36,"Demand":20,"DemandMax":22,"Value":1116},{"Length":36,"Height":32,"Demand":20,"DemandMax":24,"Value":1152},{"Length":49,"Height":31,"Demand":20,"DemandMax":28,"Value":1519},{"Length":38,"Height":49,"Demand":20,"DemandMax":32,"Value":1862},{"Length":40,"Height":36,"Demand":20,"DemandMax":27,"Value":1440},{"Length":30,"Height":32,"Demand":20,"DemandMax":35,"Value":960},{"Length":49,"Height":28,"Demand":20,"DemandMax":31,"Value":1372},{"Length":40,"Height":32,"Demand":20,"DemandMax":26,"Value":1280},{"Length":26,"Height":44,"Demand":20,"DemandMax":37,"Value":1144}]}