{"Name":"assort12","Objects":[{"Length":132,"Height":165,"Stock":null,"Cost":21780},{"Length":132,"Height":246,"Stock":null,"Cost":32472},{"Length":151,"Height":164,"Stock":null,"Cost":24764},{"Length":136,"Height":215,"Stock":null,"Cost":29240},{"Length":141,"Height":184,"Stock":null,"Cost":25944},{"Length":196,"Height":144,"Stock":null,"Cost":28224},{"Length":187,"Height":159,"Stock":null,"Cost":29733},{"Length":131,"Height":161,"Stock":null,"Cost":21091},{"Length":236,"Height":193,"Stock":null,"Cost":45548},{"Length":207,"Height":203,"Stock":null,"Cost":42021}],"Items":[{"Length":118,"Height":92,"Demand":20,"DemandMax":29,"Value":10856},{"Length":75,"Height":90,"Demand":20,"DemandMax":37,"Value":6750},{"Length":123,"Height":103,"Demand":20,"DemandMax":22,"Value":12669},{"Length":73,"Height":108,"Demand":20,"DemandMax":39,"Value":7884},{"Length":86,"Height":63,"Demand":20,"DemandMax":39,"Value":5418},{"Length":93,"Height":68,"Demand":20,"DemandMax":27,"Value":6324},{"Length":82,"Height":111,"Demand":20,"DemandMax":35,"Value":9102},{"Length":74,"Height":92,"Demand":20,"DemandMax":35,"Value":6808},{"Length":85,"Height":70,"Demand":20,"DemandMax":25,"Value":5950},{"Length":96,"Height":80,"Demand":20,"DemandMax":29,"Value":7680},{"Length":120,"Height":105,"Demand":20,"DemandMax":33,"Value":12600},{"Length":119,"Height":75,"Demand":20,"DemandMax":33,"Value":8925},{"Length":73,"Height":103,"Demand":20,"DemandMax":20,"Value":7519},{"Length":80,"Height":121,"Demand":20,"DemandMax":39,"Value":9680},{"Length":78,"Height":105,"Demand":20,"DemandMax":24,"Value":8190},{"Length":67,"Height":124,"Demand":20,"DemandMax":38,"Value":8308},{"Length":91,"Height":75,"Demand":20,"DemandMax":34,"Value":6825},{"Length":106,"Height":86,"Demand":20,"DemandMax":33,"Value":9116},{"Length":102,"Height":78,"Demand":20,"DemandMax":28,"Value":7956},{"Length":115,"Height":122,"Demand":20,"DemandMax":32,"Value":14030},{"Length":80,"Height":87,"Demand":20,"DemandMax":35,"Value":6960},{"Length":111,"Height":82,"Demand":20,"DemandMax":35,"Value":9102},{"Length":124,"Height":71,"Demand":20,"DemandMax":21,"Value":8804},{"Length":71,"Height":82,"Demand":20,"DemandMax":29,"Value":5822},{"Length":88,"Height":94,"Demand":20,"DemandMax":33,"Value":8272},{"Length":74,"Height":102,"Demand":20,"DemandMax":37,"Value":7548},{"Length":105,"Height":89,"Demand":20,"DemandMax":20,"Value":9345},{"Length":82,"Height":121,"Demand":20,"DemandMax":30,"Value":9922},{"Length":110,"Height":80,"Demand":20,"DemandMax":34,"Value":8800},{"Length":82,"Height":115,"Demand":20,"DemandMax":23,"Value":9430}]}