{"Name":"assort6","Objects":[{"Length":51,"Height":67,"Stock":null,"Cost":3417},{"Length":89,"Height":94,"Stock":null,"Cost":8366},{"Length":84,"Height":52,"Stock":null,"Cost":4368},{"Length":63,"Height":72,"Stock":null,"Cost":4536},{"Length":54,"Height":80,"Stock":null,"Cost":4320},{"Length":53,"Height":91,"Stock":null,"Cost":4823},{"Length":80,"Height":91,"Stock":null,"Cost":7280},{"Length":73,"Height":80,"Stock":null,"Cost":5840},{"Length":53,"Height":58,"Stock":null,"Cost":3074},{"Length":57,"Height":93,"Stock":null,"Cost":5301}],"Items":[{"Length":42,"Height":46,"Demand":20,"DemandMax":37,"Value":1932},{"Length":34,"Height":29,"Demand":20,"DemandMax":24,"Value":986},{"Length":44,"Height":34,"Demand":20,"DemandMax":35,"Value":1496},{"Length":28,"Height":48,"Demand":20,"DemandMax":33,"Value":1344},{"Length":29,"Height":28,"Demand":20,"DemandMax":20,"Value":812},{"Length":47,"Height":37,"Demand":20,"DemandMax":37,"Value":1739},{"Length":33,"Height":37,"Demand":20,"DemandMax":32,"Value":1221},{"Length":33,"Height":31,"Demand":20,"DemandMax":30,"Value":1023},{"Length":47,"Height":45,"Demand":20,"DemandMax":26,"Value":2115},{"Length":40,"Height":34,"Demand":20,"DemandMax":25,"Value":1360},{"Length":36,"Height":29,"Demand":20,"DemandMax":27,"Value":1044},{"Length":41,"Height":30,"Demand":20,"DemandMax":24,"Value":1230},{"Length":42,"Height":44,"Demand":20,"DemandMax":21,"Value":1848},{"Length":27,"Height":34,"Demand":20,"DemandMax":20,"Value":918},{"Length":36,"Height":41,"Demand":20,"DemandMax":33,"Value":1476},{"Length":42,"Height":25,"Demand":20,"DemandMax":20,"Value":1050},{"Length":33,"Height":47,"Demand":20,"DemandMax":21,"Value":1551},{"Length":46,"Height":30,"Demand":20,"DemandMax":20,"Value":1380},{"Length":45,"Height":32,"Demand":20,"DemandMax":33,"Value":1440},{"Length":46,"Height":36,"Demand":20,"DemandMax":21,"Value":1656},{"Length":41,"Height":42,"Demand":20,"DemandMax":28,"Value":1722},{"Length":36,"Height":34,"Demand":20,"DemandMax":35,"Value":1224},{"Length":39,"Height":35,"Demand":20,"DemandMax":22,"Value":1365},{"Length":49,"Height":27,"Demand":20,"DemandMax":23,"Value":1323},{"Length":49,"Height":48,"Demand":20,"DemandMax":29,"Value":2352},{"Length":49,"Height":49,"Demand":20,"DemandMax":30,"Value":2401},{"Length":46,"Height":38,"Demand":20,"DemandMax":37,"Value":1748},{"Length":30,"Height":25,"Demand":20,"DemandMax":29,"Value":750},{"Length":28,"Height":25,"Demand":20,"DemandMax":23,"Value":700},{"Length":31,"Height":26,"Demand":20,"DemandMax":21,"Value":806}]}