{"Name":"assort7","Objects":[{"Length":246,"Height":181,"Stock":null,"Cost":44526},{"Length":181,"Height":199,"Stock":null,"Cost":36019},{"Length":218,"Height":207,"Stock":null,"Cost":45126},{"Length":181,"Height":238,"Stock":null,"Cost":43078},{"Length":224,"Height":227,"Stock":null,"Cost":50848},{"Length":247,"Height":182,"Stock":null,"Cost":44954},{"Length":187,"Height":247,"Stock":null,"Cost":46189},{"Length":135,"Height":201,"Stock":null,"Cost":27135},{"Length":235,"Height":169,"Stock":null,"Cost":39715},{"Length":126,"Height":174,"Stock":null,"Cost":21924}],"Items":[{"Length":96,"Height":81,"Demand":20,"DemandMax":38,"Value":7776},{"Length":96,"Height":85,"Demand":20,"DemandMax":32,"Value":8160},{"Length":117,"Height":79,"Demand":20,"DemandMax":36,"Value":9243},{"Length":94,"Height":91,"Demand":20,"DemandMax":34,"Value":8554},{"Length":96,"Height":95,"Demand":20,"DemandMax":37,"Value":9120},{"Length":73,"Height":63,"Demand":20,"DemandMax":29,"Value":4599},{"Length":93,"Height":79,"Demand":20,"DemandMax":24,"Value":7347},{"Length":113,"Height":92,"Demand":20,"DemandMax":35,"Value":10396},{"Length":75,"Height":124,"Demand":20,"DemandMax":28,"Value":9300},{"Length":107,"Height":94,"Demand":20,"DemandMax":36,"Value":10058}]}