{"Name":"SCPL6","Objects":[{"Length":null,"Height":657,"Stock":null,"Cost":null}],"Items":[{"Length":7,"Height":9,"Demand":2,"DemandMax":null,"Value":63},{"Length":9,"Height":14,"Demand":3,"DemandMax":null,"Value":126},{"Length":5,"Height":14,"Demand":3,"DemandMax":null,"Value":70},{"Length":14,"Height":8,"Demand":2,"DemandMax":null,"Value":112},{"Length":13,"Height":15,"Demand":4,"DemandMax":null,"Value":195},{"Length":11,"Height":13,"Demand":3,"DemandMax":null,"Value":143},{"Length":18,"Height":11,"Demand":2,"DemandMax":null,"Value":198},{"Length":19,"Height":19,"Demand":5,"DemandMax":null,"Value":361},{"Length":18,"Height":48,"Demand":4,"DemandMax":null,"Value":864},{"Length":17,"Height":15,"Demand":6,"DemandMax":null,"Value":255},{"Length":6,"Height":16,"Demand":2,"DemandMax":null,"Value":96},{"Length":9,"Height":5,"Demand":1,"DemandMax":null,"Value":45},{"Length":8,"Height":14,"Demand":3,"DemandMax":null,"Value":112},{"Length":3,"Height":13,"Demand":3,"DemandMax":null,"Value":39},{"Length":8,"Height":12,"Demand":2,"DemandMax":null,"Value":96},{"Length":18,"Height":6,"Demand":3,"DemandMax":null,"Value":108},{"Length":10,"Height":19,"Demand":2,"DemandMax":null,"Value":190},{"Length":8,"Height":34,"Demand":2,"DemandMax":null,"Value":272},{"Length":15,"Height":14,"Demand":4,"DemandMax":null,"Value":210}]}