{"Name":"SCPL1","Objects":[{"Length":null,"Height":425,"Stock":null,"Cost":null}],"Items":[{"Length":12,"Height":9,"Demand":14,"DemandMax":null,"Value":108},{"Length":11,"Height":2,"Demand":2,"DemandMax":null,"Value":22},{"Length":17,"Height":13,"Demand":5,"DemandMax":null,"Value":221},{"Length":21,"Height":10,"Demand":4,"DemandMax":null,"Value":210},{"Length":18,"Height":14,"Demand":6,"DemandMax":null,"Value":252},{"Length":17,"Height":3,"Demand":3,"DemandMax":null,"Value":51},{"Length":18,"Height":17,"Demand":2,"DemandMax":null,"Value":306},{"Length":20,"Height":8,"Demand":3,"DemandMax":null,"Value":160},{"Length":12,"Height":2,"Demand":4,"DemandMax":null,"Value":24},{"Length":15,"Height":17,"Demand":7,"DemandMax":null,"Value":255},{"Length":13,"Height":8,"Demand":7,"DemandMax":null,"Value":104},{"Length":5,"Height":5,"Demand":2,"DemandMax":null,"Value":25},{"Length":15,"Height":12,"Demand":4,"DemandMax":null,"Value":180},{"Length":16,"Height":12,"Demand":3,"DemandMax":null,"Value":192},{"Length":16,"Height":21,"Demand":2,"DemandMax":null,"Value":336},{"Length":25,"Height":13,"Demand":2,"DemandMax":null,"Value":325},{"Length":7,"Height":9,"Demand":5,"DemandMax":null,"Value":63},{"Length":8,"Height":9,"Demand":4,"DemandMax":null,"Value":72},{"Length":11,"Height":16,"Demand":2,"DemandMax":null,"Value":176},{"Length":13,"Height":25,"Demand":6,"DemandMax":null,"Value":325},{"Length":24,"Height":15,"Demand":5,"DemandMax":null,"Value":360},{"Length":13,"Height":21,"Demand":4,"DemandMax":null,"Value":273},{"Length":15,"Height":15,"Demand":2,"DemandMax":null,"Value":225},{"Length":19,"Height":13,"Demand":3,"DemandMax":null,"Value":247},{"Length":16,"Height":14,"Demand":6,"DemandMax":null,"Value":224},{"Length":21,"Height":9,"Demand":3,"DemandMax":null,"Value":189}]}