{"Name":"SCPL9","Objects":[{"Length":null,"Height":175,"Stock":null,"Cost":null}],"Items":[{"Length":12,"Height":9,"Demand":8,"DemandMax":null,"Value":108},{"Length":11,"Height":12,"Demand":4,"DemandMax":null,"Value":132},{"Length":7,"Height":13,"Demand":13,"DemandMax":null,"Value":91},{"Length":21,"Height":10,"Demand":4,"DemandMax":null,"Value":210},{"Length":18,"Height":14,"Demand":3,"DemandMax":null,"Value":252},{"Length":18,"Height":17,"Demand":2,"DemandMax":null,"Value":306},{"Length":20,"Height":8,"Demand":2,"DemandMax":null,"Value":160},{"Length":12,"Height":2,"Demand":4,"DemandMax":null,"Value":24},{"Length":15,"Height":17,"Demand":3,"DemandMax":null,"Value":255},{"Length":13,"Height":8,"Demand":6,"DemandMax":null,"Value":104},{"Length":5,"Height":5,"Demand":7,"DemandMax":null,"Value":25},{"Length":15,"Height":12,"Demand":4,"DemandMax":null,"Value":180},{"Length":16,"Height":12,"Demand":3,"DemandMax":null,"Value":192},{"Length":16,"Height":21,"Demand":2,"DemandMax":null,"Value":336},{"Length":15,"Height":13,"Demand":2,"DemandMax":null,"Value":195},{"Length":7,"Height":9,"Demand":10,"DemandMax":null,"Value":63},{"Length":8,"Height":9,"Demand":8,"DemandMax":null,"Value":72},{"Length":11,"Height":16,"Demand":2,"DemandMax":null,"Value":176},{"Length":13,"Height":25,"Demand":3,"DemandMax":null,"Value":325},{"Length":14,"Height":15,"Demand":2,"DemandMax":null,"Value":210},{"Length":13,"Height":21,"Demand":2,"DemandMax":null,"Value":273},{"Length":5,"Height":15,"Demand":5,"DemandMax":null,"Value":75},{"Length":9,"Height":13,"Demand":3,"DemandMax":null,"Value":117},{"Length":16,"Height":14,"Demand":6,"DemandMax":null,"Value":224},{"Length":11,"Height":9,"Demand":3,"DemandMax":null,"Value":99},{"Length":9,"Height":14,"Demand":6,"DemandMax":null,"Value":126}]}