{"Name":"NHU1","Objects":[{"Length":35,"Height":25,"Stock":null,"Cost":875}],"Items":[{"Length":2,"Height":10,"Demand":50,"DemandMax":null,"Value":20},{"Length":4,"Height":5,"Demand":115,"DemandMax":null,"Value":20},{"Length":7,"Height":2,"Demand":125,"DemandMax":null,"Value":14},{"Length":10,"Height":10,"Demand":80,"DemandMax":null,"Value":100},{"Length":10,"Height":4,"Demand":50,"DemandMax":null,"Value":40},{"Length":11,"Height":15,"Demand":100,"DemandMax":null,"Value":165},{"Length":13,"Height":8,"Demand":57,"DemandMax":null,"Value":104},{"Length":15,"Height":20,"Demand":10,"DemandMax":null,"Value":300},{"Length":15,"Height":35,"Demand":15,"DemandMax":null,"Value":525},{"Length":18,"Height":12,"Demand":5,"DemandMax":null,"Value":216}]}