{"Name":"ngcutfs2_193","Objects":[{"Length":100,"Height":100,"Stock":null,"Cost":10000}],"Items":[{"Length":15,"Height":80,"Demand":0,"DemandMax":3,"Value":3600},{"Length":4,"Height":19,"Demand":0,"DemandMax":3,"Value":152},{"Length":12,"Height":7,"Demand":0,"DemandMax":3,"Value":252},{"Length":38,"Height":79,"Demand":0,"DemandMax":3,"Value":3002},{"Length":83,"Height":81,"Demand":0,"DemandMax":3,"Value":20169},{"Length":31,"Height":91,"Demand":0,"DemandMax":6,"Value":5642},{"Length":48,"Height":4,"Demand":0,"DemandMax":6,"Value":192},{"Length":83,"Height":21,"Demand":0,"DemandMax":3,"Value":1743},{"Length":12,"Height":99,"Demand":0,"DemandMax":3,"Value":3564},{"Length":81,"Height":49,"Demand":0,"DemandMax":3,"Value":7938},{"Length":10,"Height":16,"Demand":0,"DemandMax":3,"Value":480},{"Length":61,"Height":89,"Demand":0,"DemandMax":3,"Value":10858},{"Length":47,"Height":6,"Demand":0,"DemandMax":3,"Value":564},{"Length":52,"Height":80,"Demand":0,"DemandMax":3,"Value":4160},{"Length":66,"Height":87,"Demand":0,"DemandMax":3,"Value":11484},{"Length":28,"Height":18,"Demand":0,"DemandMax":6,"Value":1512},{"Length":39,"Height":78,"Demand":0,"DemandMax":3,"Value":6084},{"Length":13,"Height":84,"Demand":0,"DemandMax":3,"Value":3276},{"Length":76,"Height":65,"Demand":0,"DemandMax":3,"Value":9880},{"Length":36,"Height":46,"Demand":0,"DemandMax":3,"Value":3312},{"Length":98,"Height":54,"Demand":0,"DemandMax":3,"Value":5292},{"Length":29,"Height":31,"Demand":0,"DemandMax":3,"Value":899},{"Length":95,"Height":12,"Demand":0,"DemandMax":3,"Value":3420},{"Length":42,"Height":41,"Demand":0,"DemandMax":3,"Value":3444},{"Length":88,"Height":82,"Demand":0,"DemandMax":3,"Value":21648},{"Length":38,"Height":29,"Demand":0,"DemandMax":3,"Value":3306},{"Length":100,"Height":11,"Demand":0,"DemandMax":3,"Value":3300},{"Length":30,"Height":4,"Demand":0,"DemandMax":3,"Value":120},{"Length":35,"Height":5,"Demand":0,"DemandMax":3,"Value":525},{"Length":98,"Height":11,"Demand":0,"DemandMax":3,"Value":1078},{"Length":23,"Height":5,"Demand":0,"DemandMax":3,"Value":115},{"Length":99,"Height":68,"Demand":0,"DemandMax":3,"Value":6732},{"Length":84,"Height":35,"Demand":0,"DemandMax":3,"Value":8820},{"Length":13,"Height":46,"Demand":0,"DemandMax":3,"Value":598},{"Length":18,"Height":88,"Demand":0,"DemandMax":3,"Value":3168},{"Length":39,"Height":41,"Demand":0,"DemandMax":3,"Value":4797},{"Length":35,"Height":94,"Demand":0,"DemandMax":3,"Value":9870},{"Length":81,"Height":40,"Demand":0,"DemandMax":3,"Value":3240},{"Length":93,"Height":13,"Demand":0,"DemandMax":3,"Value":3627},{"Length":36,"Height":45,"Demand":0,"DemandMax":3,"Value":1620},{"Length":13,"Height":86,"Demand":0,"DemandMax":3,"Value":2236},{"Length":23,"Height":29,"Demand":0,"DemandMax":3,"Value":667},{"Length":98,"Height":23,"Demand":0,"DemandMax":3,"Value":2254},{"Length":87,"Height":10,"Demand":0,"DemandMax":3,"Value":2610},{"Length":29,"Height":92,"Demand":0,"DemandMax":3,"Value":8004},{"Length":8,"Height":13,"Demand":0,"DemandMax":3,"Value":208},{"Length":49,"Height":20,"Demand":0,"DemandMax":3,"Value":2940},{"Length":44,"Height":37,"Demand":0,"DemandMax":3,"Value":3256},{"Length":49,"Height":39,"Demand":0,"DemandMax":3,"Value":3822},{"Length":34,"Height":13,"Demand":0,"DemandMax":3,"Value":1326},{"Length":30,"Height":91,"Demand":0,"DemandMax":3,"Value":5460},{"Length":47,"Height":24,"Demand":0,"DemandMax":3,"Value":2256},{"Length":93,"Height":10,"Demand":0,"DemandMax":3,"Value":2790},{"Length":11,"Height":2,"Demand":0,"DemandMax":3,"Value":22},{"Length":15,"Height":3,"Demand":0,"DemandMax":3,"Value":135},{"Length":33,"Height":21,"Demand":0,"DemandMax":3,"Value":1386},{"Length":7,"Height":87,"Demand":0,"DemandMax":3,"Value":1827},{"Length":25,"Height":16,"Demand":0,"DemandMax":3,"Value":400},{"Length":60,"Height":88,"Demand":0,"DemandMax":3,"Value":10560},{"Length":88,"Height":8,"Demand":0,"DemandMax":3,"Value":2112},{"Length":24,"Height":7,"Demand":0,"DemandMax":3,"Value":504},{"Length":95,"Height":50,"Demand":0,"DemandMax":3,"Value":14250},{"Length":18,"Height":45,"Demand":0,"DemandMax":3,"Value":1620},{"Length":78,"Height":34,"Demand":0,"DemandMax":3,"Value":5304},{"Length":62,"Height":99,"Demand":0,"DemandMax":3,"Value":12276},{"Length":36,"Height":95,"Demand":0,"DemandMax":3,"Value":10260},{"Length":99,"Height":71,"Demand":0,"DemandMax":3,"Value":7029},{"Length":59,"Height":83,"Demand":0,"DemandMax":3,"Value":9794},{"Length":55,"Height":69,"Demand":0,"DemandMax":3,"Value":3795},{"Length":19,"Height":83,"Demand":0,"DemandMax":3,"Value":3154},{"Length":29,"Height":23,"Demand":0,"DemandMax":3,"Value":1334},{"Length":25,"Height":38,"Demand":0,"DemandMax":3,"Value":2850},{"Length":5,"Height":78,"Demand":0,"DemandMax":3,"Value":1170},{"Length":35,"Height":28,"Demand":0,"DemandMax":3,"Value":1960},{"Length":23,"Height":38,"Demand":0,"DemandMax":3,"Value":1748},{"Length":17,"Height":14,"Demand":0,"DemandMax":3,"Value":714},{"Length":24,"Height":11,"Demand":0,"DemandMax":3,"Value":792},{"Length":46,"Height":24,"Demand":0,"DemandMax":3,"Value":2208},{"Length":41,"Height":30,"Demand":0,"DemandMax":3,"Value":1230},{"Length":64,"Height":62,"Demand":0,"DemandMax":3,"Value":11904},{"Length":24,"Height":83,"Demand":0,"DemandMax":3,"Value":1992},{"Length":9,"Height":16,"Demand":0,"DemandMax":3,"Value":432},{"Length":19,"Height":78,"Demand":0,"DemandMax":3,"Value":1482},{"Length":47,"Height":36,"Demand":0,"DemandMax":3,"Value":1692},{"Length":90,"Height":33,"Demand":0,"DemandMax":3,"Value":8910},{"Length":21,"Height":44,"Demand":0,"DemandMax":3,"Value":1848},{"Length":12,"Height":29,"Demand":0,"DemandMax":3,"Value":1044},{"Length":97,"Height":64,"Demand":0,"DemandMax":3,"Value":6208},{"Length":32,"Height":81,"Demand":0,"DemandMax":3,"Value":2592},{"Length":82,"Height":18,"Demand":0,"DemandMax":3,"Value":4428},{"Length":27,"Height":11,"Demand":0,"DemandMax":3,"Value":891},{"Length":22,"Height":6,"Demand":0,"DemandMax":3,"Value":396},{"Length":37,"Height":31,"Demand":0,"DemandMax":3,"Value":1147},{"Length":22,"Height":7,"Demand":0,"DemandMax":3,"Value":154},{"Length":79,"Height":16,"Demand":0,"DemandMax":3,"Value":1264},{"Length":30,"Height":32,"Demand":0,"DemandMax":3,"Value":960},{"Length":40,"Height":32,"Demand":0,"DemandMax":3,"Value":3840},{"Length":50,"Height":33,"Demand":0,"DemandMax":3,"Value":1650},{"Length":100,"Height":12,"Demand":0,"DemandMax":3,"Value":3600},{"Length":26,"Height":100,"Demand":0,"DemandMax":3,"Value":2600},{"Length":35,"Height":18,"Demand":0,"DemandMax":3,"Value":1260},{"Length":47,"Height":38,"Demand":0,"DemandMax":3,"Value":5358},{"Length":14,"Height":9,"Demand":0,"DemandMax":3,"Value":378},{"Length":40,"Height":16,"Demand":0,"DemandMax":3,"Value":1920},{"Length":12,"Height":30,"Demand":0,"DemandMax":6,"Value":360},{"Length":84,"Height":93,"Demand":0,"DemandMax":3,"Value":15624},{"Length":84,"Height":50,"Demand":0,"DemandMax":3,"Value":12600},{"Length":28,"Height":97,"Demand":0,"DemandMax":6,"Value":8148},{"Length":11,"Height":44,"Demand":0,"DemandMax":3,"Value":484},{"Length":33,"Height":5,"Demand":0,"DemandMax":3,"Value":495},{"Length":26,"Height":29,"Demand":0,"DemandMax":3,"Value":1508},{"Length":28,"Height":92,"Demand":0,"DemandMax":3,"Value":7728},{"Length":24,"Height":100,"Demand":0,"DemandMax":3,"Value":2400},{"Length":67,"Height":87,"Demand":0,"DemandMax":3,"Value":17487},{"Length":80,"Height":13,"Demand":0,"DemandMax":3,"Value":1040},{"Length":37,"Height":24,"Demand":0,"DemandMax":3,"Value":2664},{"Length":45,"Height":10,"Demand":0,"DemandMax":3,"Value":1350},{"Length":91,"Height":80,"Demand":0,"DemandMax":3,"Value":21840},{"Length":88,"Height":47,"Demand":0,"DemandMax":3,"Value":12408},{"Length":2,"Height":48,"Demand":0,"DemandMax":3,"Value":288},{"Length":92,"Height":40,"Demand":0,"DemandMax":3,"Value":3680},{"Length":50,"Height":81,"Demand":0,"DemandMax":3,"Value":8100},{"Length":2,"Height":44,"Demand":0,"DemandMax":3,"Value":88},{"Length":5,"Height":17,"Demand":0,"DemandMax":3,"Value":170},{"Length":26,"Height":23,"Demand":0,"DemandMax":3,"Value":1196},{"Length":59,"Height":76,"Demand":0,"DemandMax":3,"Value":4484},{"Length":8,"Height":40,"Demand":0,"DemandMax":3,"Value":640},{"Length":23,"Height":86,"Demand":0,"DemandMax":3,"Value":5934},{"Length":22,"Height":16,"Demand":0,"DemandMax":3,"Value":704},{"Length":9,"Height":40,"Demand":0,"DemandMax":3,"Value":360},{"Length":17,"Height":12,"Demand":0,"DemandMax":3,"Value":408},{"Length":39,"Height":99,"Demand":0,"DemandMax":3,"Value":11583},{"Length":85,"Height":73,"Demand":0,"DemandMax":3,"Value":6205},{"Length":22,"Height":40,"Demand":0,"DemandMax":3,"Value":880},{"Length":39,"Height":30,"Demand":0,"DemandMax":3,"Value":3510},{"Length":41,"Height":24,"Demand":0,"DemandMax":3,"Value":1968},{"Length":42,"Height":20,"Demand":0,"DemandMax":3,"Value":1680},{"Length":39,"Height":20,"Demand":0,"DemandMax":3,"Value":780},{"Length":84,"Height":79,"Demand":0,"DemandMax":3,"Value":13272},{"Length":88,"Height":32,"Demand":0,"DemandMax":3,"Value":2816},{"Length":46,"Height":9,"Demand":0,"DemandMax":3,"Value":1242},{"Length":44,"Height":17,"Demand":0,"DemandMax":3,"Value":1496},{"Length":79,"Height":49,"Demand":0,"DemandMax":3,"Value":7742},{"Length":82,"Height":74,"Demand":0,"DemandMax":3,"Value":18204},{"Length":4,"Height":79,"Demand":0,"DemandMax":3,"Value":316},{"Length":79,"Height":70,"Demand":0,"DemandMax":3,"Value":5530},{"Length":38,"Height":89,"Demand":0,"DemandMax":3,"Value":6764},{"Length":22,"Height":79,"Demand":0,"DemandMax":3,"Value":3476},{"Length":3,"Height":94,"Demand":0,"DemandMax":3,"Value":846},{"Length":75,"Height":91,"Demand":0,"DemandMax":3,"Value":13650},{"Length":2,"Height":19,"Demand":0,"DemandMax":3,"Value":114},{"Length":59,"Height":57,"Demand":0,"DemandMax":3,"Value":6726},{"Length":4,"Height":86,"Demand":0,"DemandMax":3,"Value":1032},{"Length":96,"Height":59,"Demand":0,"DemandMax":3,"Value":11328},{"Length":42,"Height":49,"Demand":0,"DemandMax":3,"Value":4116},{"Length":76,"Height":71,"Demand":0,"DemandMax":3,"Value":16188},{"Length":43,"Height":88,"Demand":0,"DemandMax":3,"Value":7568},{"Length":18,"Height":32,"Demand":0,"DemandMax":3,"Value":576},{"Length":37,"Height":7,"Demand":0,"DemandMax":3,"Value":518},{"Length":80,"Height":49,"Demand":0,"DemandMax":3,"Value":3920},{"Length":87,"Height":8,"Demand":0,"DemandMax":3,"Value":696},{"Length":27,"Height":47,"Demand":0,"DemandMax":3,"Value":1269},{"Length":19,"Height":88,"Demand":0,"DemandMax":3,"Value":5016},{"Length":91,"Height":47,"Demand":0,"DemandMax":3,"Value":8554},{"Length":48,"Height":48,"Demand":0,"DemandMax":3,"Value":6912},{"Length":92,"Height":21,"Demand":0,"DemandMax":3,"Value":3864},{"Length":47,"Height":12,"Demand":0,"DemandMax":3,"Value":1692},{"Length":38,"Height":32,"Demand":0,"DemandMax":6,"Value":1216},{"Length":66,"Height":67,"Demand":0,"DemandMax":3,"Value":8844},{"Length":80,"Height":48,"Demand":0,"DemandMax":3,"Value":7680},{"Length":28,"Height":21,"Demand":0,"DemandMax":3,"Value":1764},{"Length":81,"Height":21,"Demand":0,"DemandMax":3,"Value":1701},{"Length":11,"Height":87,"Demand":0,"DemandMax":3,"Value":1914},{"Length":90,"Height":8,"Demand":0,"DemandMax":3,"Value":1440},{"Length":24,"Height":11,"Demand":0,"DemandMax":3,"Value":528},{"Length":90,"Height":71,"Demand":0,"DemandMax":3,"Value":12780},{"Length":72,"Height":96,"Demand":0,"DemandMax":3,"Value":6912},{"Length":78,"Height":29,"Demand":0,"DemandMax":3,"Value":2262},{"Length":9,"Height":33,"Demand":0,"DemandMax":3,"Value":891},{"Length":27,"Height":8,"Demand":0,"DemandMax":3,"Value":432},{"Length":15,"Height":4,"Demand":0,"DemandMax":3,"Value":120},{"Length":85,"Height":94,"Demand":0,"DemandMax":3,"Value":15980},{"Length":67,"Height":71,"Demand":0,"DemandMax":3,"Value":4757},{"Length":35,"Height":83,"Demand":0,"DemandMax":3,"Value":5810},{"Length":16,"Height":34,"Demand":0,"DemandMax":3,"Value":1632},{"Length":79,"Height":45,"Demand":0,"DemandMax":3,"Value":7110},{"Length":11,"Height":39,"Demand":0,"DemandMax":3,"Value":429},{"Length":6,"Height":6,"Demand":0,"DemandMax":3,"Value":36},{"Length":32,"Height":76,"Demand":0,"DemandMax":3,"Value":2432},{"Length":36,"Height":44,"Demand":0,"DemandMax":3,"Value":4752},{"Length":2,"Height":40,"Demand":0,"DemandMax":3,"Value":240},{"Length":79,"Height":21,"Demand":0,"DemandMax":3,"Value":1659},{"Length":21,"Height":8,"Demand":0,"DemandMax":3,"Value":168},{"Length":82,"Height":85,"Demand":0,"DemandMax":3,"Value":6970},{"Length":74,"Height":64,"Demand":0,"DemandMax":3,"Value":14208},{"Length":82,"Height":96,"Demand":0,"DemandMax":3,"Value":15744},{"Length":90,"Height":17,"Demand":0,"DemandMax":3,"Value":3060},{"Length":46,"Height":21,"Demand":0,"DemandMax":3,"Value":966},{"Length":5,"Height":96,"Demand":0,"DemandMax":3,"Value":480},{"Length":19,"Height":34,"Demand":0,"DemandMax":3,"Value":1938},{"Length":88,"Height":23,"Demand":0,"DemandMax":3,"Value":6072},{"Length":99,"Height":11,"Demand":0,"DemandMax":3,"Value":3267},{"Length":48,"Height":24,"Demand":0,"DemandMax":3,"Value":1152},{"Length":50,"Height":12,"Demand":0,"DemandMax":3,"Value":600},{"Length":3,"Height":33,"Demand":0,"DemandMax":3,"Value":297},{"Length":12,"Height":30,"Demand":0,"DemandMax":3,"Value":720},{"Length":28,"Height":100,"Demand":0,"DemandMax":3,"Value":2800},{"Length":3,"Height":76,"Demand":0,"DemandMax":3,"Value":228},{"Length":4,"Height":85,"Demand":0,"DemandMax":3,"Value":340},{"Length":34,"Height":9,"Demand":0,"DemandMax":3,"Value":612},{"Length":17,"Height":78,"Demand":0,"DemandMax":6,"Value":3978},{"Length":14,"Height":38,"Demand":0,"DemandMax":3,"Value":1064},{"Length":35,"Height":46,"Demand":0,"DemandMax":3,"Value":1610},{"Length":6,"Height":81,"Demand":0,"DemandMax":3,"Value":486},{"Length":8,"Height":97,"Demand":0,"DemandMax":3,"Value":1552},{"Length":12,"Height":11,"Demand":0,"DemandMax":3,"Value":264},{"Length":95,"Height":6,"Demand":0,"DemandMax":3,"Value":570},{"Length":6,"Height":24,"Demand":0,"DemandMax":3,"Value":144},{"Length":9,"Height":21,"Demand":0,"DemandMax":3,"Value":567},{"Length":8,"Height":8,"Demand":0,"DemandMax":3,"Value":64},{"Length":50,"Height":37,"Demand":0,"DemandMax":3,"Value":1850},{"Length":43,"Height":24,"Demand":0,"DemandMax":3,"Value":1032},{"Length":64,"Height":80,"Demand":0,"DemandMax":3,"Value":10240},{"Length":12,"Height":8,"Demand":0,"DemandMax":3,"Value":288},{"Length":97,"Height":27,"Demand":0,"DemandMax":3,"Value":5238},{"Length":26,"Height":21,"Demand":0,"DemandMax":3,"Value":1092},{"Length":12,"Height":12,"Demand":0,"DemandMax":3,"Value":288},{"Length":20,"Height":11,"Demand":0,"DemandMax":3,"Value":220},{"Length":96,"Height":9,"Demand":0,"DemandMax":3,"Value":2592},{"Length":77,"Height":20,"Demand":0,"DemandMax":3,"Value":3080},{"Length":26,"Height":88,"Demand":0,"DemandMax":3,"Value":4576},{"Length":41,"Height":7,"Demand":0,"DemandMax":3,"Value":574},{"Length":28,"Height":33,"Demand":0,"DemandMax":3,"Value":924},{"Length":6,"Height":11,"Demand":0,"DemandMax":3,"Value":132},{"Length":47,"Height":6,"Demand":0,"DemandMax":6,"Value":846},{"Length":36,"Height":25,"Demand":0,"DemandMax":3,"Value":900},{"Length":11,"Height":30,"Demand":0,"DemandMax":3,"Value":660},{"Length":21,"Height":19,"Demand":0,"DemandMax":3,"Value":1197},{"Length":16,"Height":30,"Demand":0,"DemandMax":3,"Value":1440},{"Length":81,"Height":6,"Demand":0,"DemandMax":3,"Value":972},{"Length":81,"Height":10,"Demand":0,"DemandMax":3,"Value":1620},{"Length":65,"Height":77,"Demand":0,"DemandMax":3,"Value":5005},{"Length":11,"Height":47,"Demand":0,"DemandMax":3,"Value":1034},{"Length":17,"Height":2,"Demand":0,"DemandMax":3,"Value":102},{"Length":24,"Height":18,"Demand":0,"DemandMax":3,"Value":1296},{"Length":12,"Height":43,"Demand":0,"DemandMax":3,"Value":1032},{"Length":47,"Height":81,"Demand":0,"DemandMax":3,"Value":7614},{"Length":79,"Height":99,"Demand":0,"DemandMax":3,"Value":15642},{"Length":60,"Height":66,"Demand":0,"DemandMax":3,"Value":7920},{"Length":68,"Height":88,"Demand":0,"DemandMax":3,"Value":5984},{"Length":99,"Height":75,"Demand":0,"DemandMax":3,"Value":22275},{"Length":27,"Height":46,"Demand":0,"DemandMax":3,"Value":2484},{"Length":76,"Height":24,"Demand":0,"DemandMax":3,"Value":3648},{"Length":22,"Height":24,"Demand":0,"DemandMax":3,"Value":528},{"Length":10,"Height":31,"Demand":0,"DemandMax":3,"Value":620},{"Length":39,"Height":80,"Demand":0,"DemandMax":3,"Value":3120},{"Length":41,"Height":29,"Demand":0,"DemandMax":3,"Value":3567},{"Length":17,"Height":4,"Demand":0,"DemandMax":3,"Value":68},{"Length":78,"Height":31,"Demand":0,"DemandMax":3,"Value":2418},{"Length":96,"Height":7,"Demand":0,"DemandMax":3,"Value":2016},{"Length":6,"Height":14,"Demand":0,"DemandMax":3,"Value":168},{"Length":11,"Height":22,"Demand":0,"DemandMax":3,"Value":484},{"Length":45,"Height":86,"Demand":0,"DemandMax":3,"Value":3870},{"Length":20,"Height":9,"Demand":0,"DemandMax":3,"Value":360},{"Length":39,"Height":36,"Demand":0,"DemandMax":3,"Value":1404},{"Length":97,"Height":17,"Demand":0,"DemandMax":3,"Value":3298},{"Length":97,"Height":71,"Demand":0,"DemandMax":3,"Value":6887},{"Length":45,"Height":4,"Demand":0,"DemandMax":3,"Value":180},{"Length":6,"Height":29,"Demand":0,"DemandMax":3,"Value":348},{"Length":52,"Height":71,"Demand":0,"DemandMax":3,"Value":7384},{"Length":91,"Height":43,"Demand":0,"DemandMax":6,"Value":3913},{"Length":21,"Height":6,"Demand":0,"DemandMax":3,"Value":126},{"Length":9,"Height":12,"Demand":0,"DemandMax":3,"Value":108},{"Length":4,"Height":9,"Demand":0,"DemandMax":3,"Value":72},{"Length":14,"Height":42,"Demand":0,"DemandMax":3,"Value":1764},{"Length":5,"Height":37,"Demand":0,"DemandMax":3,"Value":370},{"Length":76,"Height":23,"Demand":0,"DemandMax":3,"Value":5244},{"Length":81,"Height":3,"Demand":0,"DemandMax":3,"Value":729},{"Length":34,"Height":13,"Demand":0,"DemandMax":3,"Value":442},{"Length":3,"Height":48,"Demand":0,"DemandMax":6,"Value":432},{"Length":37,"Height":33,"Demand":0,"DemandMax":3,"Value":2442},{"Length":85,"Height":30,"Demand":0,"DemandMax":3,"Value":5100},{"Length":25,"Height":37,"Demand":0,"DemandMax":3,"Value":1850},{"Length":94,"Height":45,"Demand":0,"DemandMax":3,"Value":4230},{"Length":43,"Height":29,"Demand":0,"DemandMax":3,"Value":3741},{"Length":42,"Height":79,"Demand":0,"DemandMax":3,"Value":6636},{"Length":53,"Height":83,"Demand":0,"DemandMax":3,"Value":13197},{"Length":81,"Height":87,"Demand":0,"DemandMax":3,"Value":21141},{"Length":27,"Height":17,"Demand":0,"DemandMax":3,"Value":1377},{"Length":88,"Height":85,"Demand":0,"DemandMax":3,"Value":22440},{"Length":45,"Height":48,"Demand":0,"DemandMax":3,"Value":6480},{"Length":7,"Height":15,"Demand":0,"DemandMax":3,"Value":105},{"Length":89,"Height":78,"Demand":0,"DemandMax":3,"Value":6942},{"Length":46,"Height":37,"Demand":0,"DemandMax":3,"Value":5106},{"Length":29,"Height":25,"Demand":0,"DemandMax":3,"Value":725},{"Length":15,"Height":20,"Demand":0,"DemandMax":6,"Value":300},{"Length":22,"Height":28,"Demand":0,"DemandMax":3,"Value":1848},{"Length":42,"Height":25,"Demand":0,"DemandMax":6,"Value":3150},{"Length":22,"Height":10,"Demand":0,"DemandMax":3,"Value":220},{"Length":99,"Height":58,"Demand":0,"DemandMax":3,"Value":17226},{"Length":60,"Height":57,"Demand":0,"DemandMax":3,"Value":10260},{"Length":29,"Height":86,"Demand":0,"DemandMax":3,"Value":7482},{"Length":34,"Height":3,"Demand":0,"DemandMax":3,"Value":102},{"Length":2,"Height":43,"Demand":0,"DemandMax":3,"Value":86},{"Length":10,"Height":18,"Demand":0,"DemandMax":3,"Value":180},{"Length":97,"Height":8,"Demand":0,"DemandMax":3,"Value":1552},{"Length":90,"Height":5,"Demand":0,"DemandMax":3,"Value":900},{"Length":80,"Height":17,"Demand":0,"DemandMax":3,"Value":2720},{"Length":47,"Height":42,"Demand":0,"DemandMax":3,"Value":3948},{"Length":43,"Height":36,"Demand":0,"DemandMax":3,"Value":3096},{"Length":45,"Height":18,"Demand":0,"DemandMax":3,"Value":1620},{"Length":93,"Height":78,"Demand":0,"DemandMax":3,"Value":7254},{"Length":28,"Height":19,"Demand":0,"DemandMax":3,"Value":1596},{"Length":3,"Height":2,"Demand":0,"DemandMax":6,"Value":18},{"Length":5,"Height":29,"Demand":0,"DemandMax":3,"Value":290},{"Length":18,"Height":79,"Demand":0,"DemandMax":3,"Value":2844},{"Length":47,"Height":41,"Demand":0,"DemandMax":3,"Value":1927},{"Length":43,"Height":35,"Demand":0,"DemandMax":3,"Value":3010},{"Length":65,"Height":66,"Demand":0,"DemandMax":3,"Value":12870},{"Length":23,"Height":28,"Demand":0,"DemandMax":3,"Value":1932},{"Length":58,"Height":100,"Demand":0,"DemandMax":3,"Value":5800},{"Length":70,"Height":81,"Demand":0,"DemandMax":3,"Value":17010},{"Length":21,"Height":10,"Demand":0,"DemandMax":3,"Value":210},{"Length":27,"Height":95,"Demand":0,"DemandMax":3,"Value":2565},{"Length":18,"Height":26,"Demand":0,"DemandMax":3,"Value":936},{"Length":87,"Height":60,"Demand":0,"DemandMax":3,"Value":10440},{"Length":27,"Height":44,"Demand":0,"DemandMax":3,"Value":2376},{"Length":96,"Height":14,"Demand":0,"DemandMax":3,"Value":4032},{"Length":82,"Height":31,"Demand":0,"DemandMax":3,"Value":2542},{"Length":2,"Height":81,"Demand":0,"DemandMax":3,"Value":162},{"Length":39,"Height":44,"Demand":0,"DemandMax":3,"Value":3432},{"Length":49,"Height":23,"Demand":0,"DemandMax":3,"Value":3381},{"Length":45,"Height":34,"Demand":0,"DemandMax":3,"Value":1530},{"Length":30,"Height":93,"Demand":0,"DemandMax":3,"Value":2790},{"Length":33,"Height":12,"Demand":0,"DemandMax":3,"Value":1188},{"Length":25,"Height":27,"Demand":0,"DemandMax":3,"Value":1350},{"Length":8,"Height":49,"Demand":0,"DemandMax":3,"Value":784},{"Length":46,"Height":81,"Demand":0,"DemandMax":3,"Value":7452},{"Length":25,"Height":49,"Demand":0,"DemandMax":3,"Value":3675},{"Length":10,"Height":15,"Demand":0,"DemandMax":3,"Value":300},{"Length":63,"Height":72,"Demand":0,"DemandMax":3,"Value":13608},{"Length":41,"Height":18,"Demand":0,"DemandMax":3,"Value":738},{"Length":37,"Height":2,"Demand":0,"DemandMax":3,"Value":74},{"Length":75,"Height":84,"Demand":0,"DemandMax":3,"Value":6300},{"Length":44,"Height":28,"Demand":0,"DemandMax":3,"Value":2464},{"Length":48,"Height":88,"Demand":0,"DemandMax":3,"Value":4224},{"Length":93,"Height":73,"Demand":0,"DemandMax":3,"Value":6789},{"Length":40,"Height":45,"Demand":0,"DemandMax":3,"Value":5400},{"Length":78,"Height":46,"Demand":0,"DemandMax":3,"Value":10764},{"Length":64,"Height":91,"Demand":0,"DemandMax":3,"Value":5824},{"Length":17,"Height":82,"Demand":0,"DemandMax":3,"Value":4182},{"Length":3,"Height":49,"Demand":0,"DemandMax":3,"Value":147},{"Length":8,"Height":50,"Demand":0,"DemandMax":6,"Value":1200},{"Length":5,"Height":84,"Demand":0,"DemandMax":3,"Value":420},{"Length":45,"Height":2,"Demand":0,"DemandMax":3,"Value":180},{"Length":74,"Height":89,"Demand":0,"DemandMax":3,"Value":13172},{"Length":53,"Height":88,"Demand":0,"DemandMax":3,"Value":13992},{"Length":30,"Height":43,"Demand":0,"DemandMax":6,"Value":1290},{"Length":82,"Height":49,"Demand":0,"DemandMax":6,"Value":4018},{"Length":59,"Height":53,"Demand":0,"DemandMax":3,"Value":9381},{"Length":13,"Height":9,"Demand":0,"DemandMax":3,"Value":351},{"Length":19,"Height":82,"Demand":0,"DemandMax":3,"Value":4674},{"Length":30,"Height":33,"Demand":0,"DemandMax":3,"Value":990},{"Length":27,"Height":31,"Demand":0,"DemandMax":3,"Value":1674},{"Length":41,"Height":36,"Demand":0,"DemandMax":3,"Value":2952},{"Length":9,"Height":11,"Demand":0,"DemandMax":3,"Value":297},{"Length":5,"Height":50,"Demand":0,"DemandMax":3,"Value":250},{"Length":39,"Height":31,"Demand":0,"DemandMax":3,"Value":1209},{"Length":36,"Height":43,"Demand":0,"DemandMax":3,"Value":3096},{"Length":25,"Height":46,"Demand":0,"DemandMax":3,"Value":1150},{"Length":83,"Height":75,"Demand":0,"DemandMax":3,"Value":18675},{"Length":40,"Height":49,"Demand":0,"DemandMax":3,"Value":5880},{"Length":4,"Height":7,"Demand":0,"DemandMax":3,"Value":84},{"Length":31,"Height":19,"Demand":0,"DemandMax":3,"Value":1767},{"Length":36,"Height":96,"Demand":0,"DemandMax":3,"Value":10368},{"Length":5,"Height":18,"Demand":0,"DemandMax":3,"Value":90},{"Length":11,"Height":31,"Demand":0,"DemandMax":3,"Value":1023},{"Length":75,"Height":63,"Demand":0,"DemandMax":3,"Value":4725},{"Length":2,"Height":32,"Demand":0,"DemandMax":3,"Value":128},{"Length":40,"Height":89,"Demand":0,"DemandMax":3,"Value":10680},{"Length":11,"Height":43,"Demand":0,"DemandMax":3,"Value":946},{"Length":6,"Height":10,"Demand":0,"DemandMax":3,"Value":120},{"Length":9,"Height":13,"Demand":0,"DemandMax":3,"Value":234},{"Length":28,"Height":95,"Demand":0,"DemandMax":6,"Value":5320},{"Length":92,"Height":90,"Demand":0,"DemandMax":3,"Value":8280},{"Length":35,"Height":90,"Demand":0,"DemandMax":3,"Value":6300},{"Length":29,"Height":8,"Demand":0,"DemandMax":3,"Value":232},{"Length":28,"Height":6,"Demand":0,"DemandMax":3,"Value":168},{"Length":30,"Height":31,"Demand":0,"DemandMax":3,"Value":1860},{"Length":4,"Height":91,"Demand":0,"DemandMax":3,"Value":728},{"Length":16,"Height":7,"Demand":0,"DemandMax":3,"Value":224},{"Length":50,"Height":46,"Demand":0,"DemandMax":3,"Value":2300},{"Length":81,"Height":83,"Demand":0,"DemandMax":3,"Value":20169},{"Length":99,"Height":48,"Demand":0,"DemandMax":3,"Value":9504},{"Length":3,"Height":13,"Demand":0,"DemandMax":3,"Value":117},{"Length":18,"Height":77,"Demand":0,"DemandMax":3,"Value":1386},{"Length":100,"Height":9,"Demand":0,"DemandMax":3,"Value":1800},{"Length":21,"Height":9,"Demand":0,"DemandMax":3,"Value":378},{"Length":34,"Height":46,"Demand":0,"DemandMax":3,"Value":1564},{"Length":93,"Height":24,"Demand":0,"DemandMax":3,"Value":6696},{"Length":42,"Height":83,"Demand":0,"DemandMax":3,"Value":3486},{"Length":90,"Height":68,"Demand":0,"DemandMax":3,"Value":6120},{"Length":45,"Height":21,"Demand":0,"DemandMax":6,"Value":2835},{"Length":12,"Height":25,"Demand":0,"DemandMax":3,"Value":300},{"Length":9,"Height":24,"Demand":0,"DemandMax":3,"Value":648},{"Length":27,"Height":6,"Demand":0,"DemandMax":3,"Value":162},{"Length":38,"Height":35,"Demand":0,"DemandMax":3,"Value":2660},{"Length":10,"Height":45,"Demand":0,"DemandMax":3,"Value":1350},{"Length":23,"Height":35,"Demand":0,"DemandMax":3,"Value":1610},{"Length":21,"Height":15,"Demand":0,"DemandMax":3,"Value":945},{"Length":98,"Height":20,"Demand":0,"DemandMax":3,"Value":3920},{"Length":37,"Height":27,"Demand":0,"DemandMax":3,"Value":999},{"Length":30,"Height":10,"Demand":0,"DemandMax":3,"Value":600},{"Length":79,"Height":28,"Demand":0,"DemandMax":3,"Value":4424},{"Length":21,"Height":29,"Demand":0,"DemandMax":3,"Value":609},{"Length":78,"Height":8,"Demand":0,"DemandMax":6,"Value":624},{"Length":83,"Height":64,"Demand":0,"DemandMax":3,"Value":10624},{"Length":83,"Height":68,"Demand":0,"DemandMax":3,"Value":5644},{"Length":19,"Height":6,"Demand":0,"DemandMax":3,"Value":114},{"Length":29,"Height":27,"Demand":0,"DemandMax":3,"Value":783},{"Length":55,"Height":86,"Demand":0,"DemandMax":3,"Value":4730},{"Length":60,"Height":100,"Demand":0,"DemandMax":3,"Value":18000},{"Length":31,"Height":22,"Demand":0,"DemandMax":3,"Value":1364},{"Length":29,"Height":13,"Demand":0,"DemandMax":3,"Value":377},{"Length":87,"Height":44,"Demand":0,"DemandMax":3,"Value":7656},{"Length":15,"Height":8,"Demand":0,"DemandMax":6,"Value":240},{"Length":25,"Height":86,"Demand":0,"DemandMax":3,"Value":2150},{"Length":26,"Height":9,"Demand":0,"DemandMax":3,"Value":702},{"Length":5,"Height":5,"Demand":0,"DemandMax":3,"Value":75},{"Length":21,"Height":81,"Demand":0,"DemandMax":3,"Value":1701},{"Length":37,"Height":16,"Demand":0,"DemandMax":3,"Value":592},{"Length":30,"Height":35,"Demand":0,"DemandMax":3,"Value":2100},{"Length":52,"Height":71,"Demand":0,"DemandMax":3,"Value":11076},{"Length":75,"Height":81,"Demand":0,"DemandMax":3,"Value":18225},{"Length":35,"Height":6,"Demand":0,"DemandMax":6,"Value":210},{"Length":46,"Height":76,"Demand":0,"DemandMax":3,"Value":3496},{"Length":3,"Height":29,"Demand":0,"DemandMax":3,"Value":87},{"Length":88,"Height":55,"Demand":0,"DemandMax":3,"Value":4840},{"Length":91,"Height":58,"Demand":0,"DemandMax":3,"Value":5278},{"Length":91,"Height":62,"Demand":0,"DemandMax":3,"Value":11284},{"Length":37,"Height":28,"Demand":0,"DemandMax":3,"Value":2072},{"Length":41,"Height":22,"Demand":0,"DemandMax":3,"Value":1804},{"Length":7,"Height":13,"Demand":0,"DemandMax":6,"Value":273},{"Length":2,"Height":88,"Demand":0,"DemandMax":3,"Value":176},{"Length":29,"Height":49,"Demand":0,"DemandMax":3,"Value":2842},{"Length":2,"Height":24,"Demand":0,"DemandMax":3,"Value":48},{"Length":11,"Height":13,"Demand":0,"DemandMax":3,"Value":286},{"Length":97,"Height":66,"Demand":0,"DemandMax":3,"Value":19206},{"Length":29,"Height":46,"Demand":0,"DemandMax":3,"Value":2668},{"Length":61,"Height":87,"Demand":0,"DemandMax":3,"Value":10614},{"Length":12,"Height":50,"Demand":0,"DemandMax":3,"Value":1800},{"Length":4,"Height":16,"Demand":0,"DemandMax":3,"Value":192},{"Length":91,"Height":50,"Demand":0,"DemandMax":3,"Value":9100},{"Length":42,"Height":85,"Demand":0,"DemandMax":3,"Value":10710},{"Length":20,"Height":17,"Demand":0,"DemandMax":3,"Value":1020},{"Length":88,"Height":46,"Demand":0,"DemandMax":3,"Value":12144},{"Length":4,"Height":33,"Demand":0,"DemandMax":3,"Value":132},{"Length":19,"Height":28,"Demand":0,"DemandMax":3,"Value":1064},{"Length":27,"Height":14,"Demand":0,"DemandMax":3,"Value":756},{"Length":43,"Height":47,"Demand":0,"DemandMax":3,"Value":6063},{"Length":44,"Height":41,"Demand":0,"DemandMax":3,"Value":3608},{"Length":16,"Height":27,"Demand":0,"DemandMax":3,"Value":864},{"Length":25,"Height":29,"Demand":0,"DemandMax":6,"Value":1450},{"Length":35,"Height":40,"Demand":0,"DemandMax":3,"Value":1400},{"Length":32,"Height":4,"Demand":0,"DemandMax":3,"Value":384},{"Length":9,"Height":81,"Demand":0,"DemandMax":3,"Value":1458},{"Length":23,"Height":39,"Demand":0,"DemandMax":3,"Value":1794},{"Length":46,"Height":27,"Demand":0,"DemandMax":3,"Value":1242},{"Length":30,"Height":3,"Demand":0,"DemandMax":6,"Value":270},{"Length":42,"Height":18,"Demand":0,"DemandMax":3,"Value":756},{"Length":23,"Height":96,"Demand":0,"DemandMax":3,"Value":2208},{"Length":15,"Height":8,"Demand":0,"DemandMax":3,"Value":360},{"Length":71,"Height":51,"Demand":0,"DemandMax":3,"Value":10863},{"Length":40,"Height":96,"Demand":0,"DemandMax":3,"Value":3840},{"Length":44,"Height":47,"Demand":0,"DemandMax":3,"Value":4136},{"Length":90,"Height":15,"Demand":0,"DemandMax":3,"Value":4050},{"Length":64,"Height":91,"Demand":0,"DemandMax":3,"Value":17472},{"Length":3,"Height":81,"Demand":0,"DemandMax":3,"Value":486},{"Length":45,"Height":32,"Demand":0,"DemandMax":3,"Value":4320},{"Length":95,"Height":99,"Demand":0,"DemandMax":3,"Value":18810},{"Length":35,"Height":98,"Demand":0,"DemandMax":3,"Value":10290},{"Length":26,"Height":14,"Demand":0,"DemandMax":3,"Value":1092},{"Length":30,"Height":7,"Demand":0,"DemandMax":6,"Value":420},{"Length":13,"Height":15,"Demand":0,"DemandMax":3,"Value":585},{"Length":98,"Height":6,"Demand":0,"DemandMax":3,"Value":588},{"Length":95,"Height":22,"Demand":0,"DemandMax":3,"Value":6270},{"Length":9,"Height":21,"Demand":0,"DemandMax":3,"Value":189},{"Length":47,"Height":18,"Demand":0,"DemandMax":3,"Value":846},{"Length":76,"Height":63,"Demand":0,"DemandMax":3,"Value":4788},{"Length":29,"Height":3,"Demand":0,"DemandMax":3,"Value":87},{"Length":43,"Height":35,"Demand":0,"DemandMax":3,"Value":1505},{"Length":8,"Height":24,"Demand":0,"DemandMax":3,"Value":192},{"Length":65,"Height":74,"Demand":0,"DemandMax":3,"Value":4810},{"Length":24,"Height":91,"Demand":0,"DemandMax":3,"Value":2184},{"Length":77,"Height":45,"Demand":0,"DemandMax":3,"Value":6930},{"Length":90,"Height":84,"Demand":0,"DemandMax":3,"Value":7560},{"Length":23,"Height":42,"Demand":0,"DemandMax":3,"Value":1932},{"Length":78,"Height":95,"Demand":0,"DemandMax":3,"Value":22230},{"Length":5,"Height":76,"Demand":0,"DemandMax":3,"Value":380},{"Length":22,"Height":99,"Demand":0,"DemandMax":3,"Value":6534},{"Length":95,"Height":60,"Demand":0,"DemandMax":3,"Value":11400},{"Length":68,"Height":61,"Demand":0,"DemandMax":3,"Value":8296},{"Length":60,"Height":67,"Demand":0,"DemandMax":3,"Value":4020},{"Length":35,"Height":17,"Demand":0,"DemandMax":3,"Value":1785},{"Length":24,"Height":24,"Demand":0,"DemandMax":3,"Value":1152},{"Length":10,"Height":2,"Demand":0,"DemandMax":3,"Value":40},{"Length":24,"Height":35,"Demand":0,"DemandMax":3,"Value":2520},{"Length":78,"Height":76,"Demand":0,"DemandMax":3,"Value":11856},{"Length":36,"Height":3,"Demand":0,"DemandMax":3,"Value":324},{"Length":90,"Height":46,"Demand":0,"DemandMax":3,"Value":8280},{"Length":50,"Height":89,"Demand":0,"DemandMax":3,"Value":13350},{"Length":39,"Height":45,"Demand":0,"DemandMax":3,"Value":1755},{"Length":97,"Height":39,"Demand":0,"DemandMax":3,"Value":3783},{"Length":48,"Height":43,"Demand":0,"DemandMax":3,"Value":2064},{"Length":25,"Height":5,"Demand":0,"DemandMax":3,"Value":125},{"Length":17,"Height":43,"Demand":0,"DemandMax":3,"Value":731},{"Length":89,"Height":10,"Demand":0,"DemandMax":3,"Value":1780},{"Length":9,"Height":28,"Demand":0,"DemandMax":3,"Value":504},{"Length":15,"Height":21,"Demand":0,"DemandMax":3,"Value":315},{"Length":77,"Height":20,"Demand":0,"DemandMax":3,"Value":4620},{"Length":14,"Height":26,"Demand":0,"DemandMax":3,"Value":364},{"Length":90,"Height":83,"Demand":0,"DemandMax":3,"Value":22410},{"Length":100,"Height":30,"Demand":0,"DemandMax":3,"Value":3000},{"Length":90,"Height":69,"Demand":0,"DemandMax":3,"Value":6210},{"Length":68,"Height":78,"Demand":0,"DemandMax":3,"Value":5304},{"Length":87,"Height":66,"Demand":0,"DemandMax":3,"Value":17226},{"Length":39,"Height":15,"Demand":0,"DemandMax":3,"Value":1170},{"Length":18,"Height":9,"Demand":0,"DemandMax":3,"Value":162},{"Length":22,"Height":34,"Demand":0,"DemandMax":3,"Value":2244},{"Length":65,"Height":93,"Demand":0,"DemandMax":3,"Value":12090},{"Length":64,"Height":100,"Demand":0,"DemandMax":3,"Value":19200},{"Length":35,"Height":30,"Demand":0,"DemandMax":3,"Value":1050},{"Length":10,"Height":19,"Demand":0,"DemandMax":3,"Value":380},{"Length":29,"Height":49,"Demand":0,"DemandMax":3,"Value":4263},{"Length":35,"Height":76,"Demand":0,"DemandMax":3,"Value":5320},{"Length":22,"Height":30,"Demand":0,"DemandMax":3,"Value":1980},{"Length":9,"Height":84,"Demand":0,"DemandMax":3,"Value":2268},{"Length":2,"Height":37,"Demand":0,"DemandMax":3,"Value":148},{"Length":94,"Height":27,"Demand":0,"DemandMax":3,"Value":7614},{"Length":40,"Height":28,"Demand":0,"DemandMax":3,"Value":3360},{"Length":25,"Height":95,"Demand":0,"DemandMax":3,"Value":2375},{"Length":35,"Height":44,"Demand":0,"DemandMax":3,"Value":3080},{"Length":31,"Height":17,"Demand":0,"DemandMax":3,"Value":1581},{"Length":2,"Height":11,"Demand":0,"DemandMax":3,"Value":66},{"Length":24,"Height":8,"Demand":0,"DemandMax":3,"Value":192},{"Length":28,"Height":26,"Demand":0,"DemandMax":3,"Value":1456},{"Length":21,"Height":10,"Demand":0,"DemandMax":3,"Value":630},{"Length":93,"Height":70,"Demand":0,"DemandMax":3,"Value":6510},{"Length":52,"Height":92,"Demand":0,"DemandMax":3,"Value":9568},{"Length":16,"Height":47,"Demand":0,"DemandMax":3,"Value":2256},{"Length":37,"Height":41,"Demand":0,"DemandMax":3,"Value":3034},{"Length":67,"Height":57,"Demand":0,"DemandMax":3,"Value":3819},{"Length":7,"Height":14,"Demand":0,"DemandMax":3,"Value":294},{"Length":9,"Height":4,"Demand":0,"DemandMax":3,"Value":108},{"Length":35,"Height":96,"Demand":0,"DemandMax":3,"Value":3360},{"Length":48,"Height":10,"Demand":0,"DemandMax":3,"Value":1440},{"Length":20,"Height":18,"Demand":0,"DemandMax":3,"Value":720},{"Length":44,"Height":79,"Demand":0,"DemandMax":3,"Value":6952},{"Length":99,"Height":40,"Demand":0,"DemandMax":3,"Value":7920},{"Length":13,"Height":18,"Demand":0,"DemandMax":3,"Value":468},{"Length":20,"Height":37,"Demand":0,"DemandMax":3,"Value":2220},{"Length":47,"Height":28,"Demand":0,"DemandMax":3,"Value":2632},{"Length":38,"Height":98,"Demand":0,"DemandMax":6,"Value":7448},{"Length":100,"Height":53,"Demand":0,"DemandMax":3,"Value":5300},{"Length":28,"Height":22,"Demand":0,"DemandMax":3,"Value":1232},{"Length":6,"Height":48,"Demand":0,"DemandMax":3,"Value":576},{"Length":50,"Height":34,"Demand":0,"DemandMax":3,"Value":5100},{"Length":97,"Height":78,"Demand":0,"DemandMax":3,"Value":7566},{"Length":91,"Height":3,"Demand":0,"DemandMax":3,"Value":546},{"Length":34,"Height":39,"Demand":0,"DemandMax":3,"Value":3978},{"Length":35,"Height":10,"Demand":0,"DemandMax":3,"Value":1050},{"Length":11,"Height":81,"Demand":0,"DemandMax":3,"Value":1782},{"Length":41,"Height":30,"Demand":0,"DemandMax":3,"Value":2460},{"Length":18,"Height":6,"Demand":0,"DemandMax":3,"Value":324},{"Length":8,"Height":39,"Demand":0,"DemandMax":3,"Value":936},{"Length":85,"Height":71,"Demand":0,"DemandMax":3,"Value":12070},{"Length":38,"Height":21,"Demand":0,"DemandMax":3,"Value":2394},{"Length":42,"Height":27,"Demand":0,"DemandMax":3,"Value":3402},{"Length":41,"Height":41,"Demand":0,"DemandMax":3,"Value":5043},{"Length":35,"Height":16,"Demand":0,"DemandMax":3,"Value":560},{"Length":34,"Height":32,"Demand":0,"DemandMax":3,"Value":1088},{"Length":77,"Height":35,"Demand":0,"DemandMax":3,"Value":5390},{"Length":11,"Height":39,"Demand":0,"DemandMax":3,"Value":1287},{"Length":41,"Height":91,"Demand":0,"DemandMax":3,"Value":11193},{"Length":5,"Height":22,"Demand":0,"DemandMax":3,"Value":110},{"Length":81,"Height":83,"Demand":0,"DemandMax":3,"Value":6723},{"Length":100,"Height":24,"Demand":0,"DemandMax":3,"Value":4800},{"Length":13,"Height":94,"Demand":0,"DemandMax":3,"Value":1222},{"Length":94,"Height":50,"Demand":0,"DemandMax":3,"Value":14100},{"Length":42,"Height":96,"Demand":0,"DemandMax":3,"Value":4032},{"Length":23,"Height":79,"Demand":0,"DemandMax":3,"Value":3634},{"Length":17,"Height":3,"Demand":0,"DemandMax":3,"Value":102},{"Length":32,"Height":8,"Demand":0,"DemandMax":3,"Value":768},{"Length":27,"Height":4,"Demand":0,"DemandMax":3,"Value":108},{"Length":21,"Height":45,"Demand":0,"DemandMax":3,"Value":2835},{"Length":31,"Height":29,"Demand":0,"DemandMax":3,"Value":1798},{"Length":48,"Height":39,"Demand":0,"DemandMax":3,"Value":1872},{"Length":40,"Height":95,"Demand":0,"DemandMax":3,"Value":3800},{"Length":12,"Height":83,"Demand":0,"DemandMax":3,"Value":1992},{"Length":58,"Height":85,"Demand":0,"DemandMax":3,"Value":4930},{"Length":40,"Height":8,"Demand":0,"DemandMax":3,"Value":320},{"Length":30,"Height":22,"Demand":0,"DemandMax":3,"Value":1320},{"Length":49,"Height":11,"Demand":0,"DemandMax":3,"Value":1617},{"Length":29,"Height":5,"Demand":0,"DemandMax":3,"Value":145},{"Length":11,"Height":14,"Demand":0,"DemandMax":3,"Value":154},{"Length":21,"Height":33,"Demand":0,"DemandMax":6,"Value":2079},{"Length":82,"Height":35,"Demand":0,"DemandMax":3,"Value":2870},{"Length":17,"Height":48,"Demand":0,"DemandMax":3,"Value":816},{"Length":13,"Height":8,"Demand":0,"DemandMax":3,"Value":208},{"Length":72,"Height":91,"Demand":0,"DemandMax":3,"Value":6552},{"Length":24,"Height":42,"Demand":0,"DemandMax":3,"Value":1008},{"Length":91,"Height":39,"Demand":0,"DemandMax":3,"Value":7098},{"Length":24,"Height":81,"Demand":0,"DemandMax":3,"Value":1944},{"Length":7,"Height":40,"Demand":0,"DemandMax":3,"Value":840},{"Length":15,"Height":46,"Demand":0,"DemandMax":3,"Value":2070},{"Length":97,"Height":20,"Demand":0,"DemandMax":3,"Value":5820},{"Length":8,"Height":21,"Demand":0,"DemandMax":3,"Value":168},{"Length":49,"Height":90,"Demand":0,"DemandMax":3,"Value":13230},{"Length":85,"Height":20,"Demand":0,"DemandMax":3,"Value":3400},{"Length":73,"Height":88,"Demand":0,"DemandMax":3,"Value":19272},{"Length":92,"Height":54,"Demand":0,"DemandMax":3,"Value":4968},{"Length":43,"Height":22,"Demand":0,"DemandMax":3,"Value":946},{"Length":32,"Height":28,"Demand":0,"DemandMax":3,"Value":2688},{"Length":34,"Height":38,"Demand":0,"DemandMax":3,"Value":3876},{"Length":81,"Height":13,"Demand":0,"DemandMax":3,"Value":1053},{"Length":19,"Height":84,"Demand":0,"DemandMax":3,"Value":4788},{"Length":47,"Height":9,"Demand":0,"DemandMax":3,"Value":846},{"Length":5,"Height":14,"Demand":0,"DemandMax":3,"Value":70},{"Length":23,"Height":45,"Demand":0,"DemandMax":3,"Value":2070},{"Length":50,"Height":33,"Demand":0,"DemandMax":3,"Value":4950},{"Length":53,"Height":81,"Demand":0,"DemandMax":3,"Value":8586},{"Length":19,"Height":31,"Demand":0,"DemandMax":3,"Value":589},{"Length":9,"Height":7,"Demand":0,"DemandMax":3,"Value":189},{"Length":45,"Height":88,"Demand":0,"DemandMax":3,"Value":11880},{"Length":46,"Height":22,"Demand":0,"DemandMax":3,"Value":1012},{"Length":55,"Height":68,"Demand":0,"DemandMax":3,"Value":11220},{"Length":27,"Height":10,"Demand":0,"DemandMax":3,"Value":270},{"Length":34,"Height":6,"Demand":0,"DemandMax":3,"Value":408},{"Length":42,"Height":76,"Demand":0,"DemandMax":3,"Value":6384},{"Length":35,"Height":15,"Demand":0,"DemandMax":3,"Value":1050},{"Length":6,"Height":83,"Demand":0,"DemandMax":3,"Value":498},{"Length":72,"Height":88,"Demand":0,"DemandMax":3,"Value":6336},{"Length":99,"Height":42,"Demand":0,"DemandMax":3,"Value":4158},{"Length":83,"Height":88,"Demand":0,"DemandMax":3,"Value":21912},{"Length":36,"Height":12,"Demand":0,"DemandMax":3,"Value":1296},{"Length":68,"Height":67,"Demand":0,"DemandMax":3,"Value":9112},{"Length":29,"Height":38,"Demand":0,"DemandMax":3,"Value":1102},{"Length":20,"Height":96,"Demand":0,"DemandMax":3,"Value":3840},{"Length":29,"Height":99,"Demand":0,"DemandMax":3,"Value":2871},{"Length":26,"Height":2,"Demand":0,"DemandMax":3,"Value":52},{"Length":78,"Height":68,"Demand":0,"DemandMax":3,"Value":15912},{"Length":21,"Height":91,"Demand":0,"DemandMax":3,"Value":3822},{"Length":30,"Height":2,"Demand":0,"DemandMax":3,"Value":120},{"Length":85,"Height":87,"Demand":0,"DemandMax":3,"Value":14790},{"Length":43,"Height":98,"Demand":0,"DemandMax":3,"Value":4214},{"Length":63,"Height":78,"Demand":0,"DemandMax":3,"Value":14742},{"Length":47,"Height":13,"Demand":0,"DemandMax":3,"Value":611},{"Length":7,"Height":49,"Demand":0,"DemandMax":3,"Value":686},{"Length":15,"Height":26,"Demand":0,"DemandMax":3,"Value":390},{"Length":36,"Height":34,"Demand":0,"DemandMax":3,"Value":3672},{"Length":43,"Height":48,"Demand":0,"DemandMax":3,"Value":4128},{"Length":94,"Height":19,"Demand":0,"DemandMax":3,"Value":3572},{"Length":76,"Height":10,"Demand":0,"DemandMax":3,"Value":760},{"Length":41,"Height":35,"Demand":0,"DemandMax":3,"Value":2870},{"Length":50,"Height":3,"Demand":0,"DemandMax":3,"Value":300},{"Length":8,"Height":30,"Demand":0,"DemandMax":3,"Value":240},{"Length":44,"Height":36,"Demand":0,"DemandMax":3,"Value":3168},{"Length":31,"Height":32,"Demand":0,"DemandMax":3,"Value":2976},{"Length":83,"Height":50,"Demand":0,"DemandMax":3,"Value":4150},{"Length":15,"Height":7,"Demand":0,"DemandMax":3,"Value":210},{"Length":10,"Height":3,"Demand":0,"DemandMax":3,"Value":30},{"Length":71,"Height":94,"Demand":0,"DemandMax":3,"Value":13348},{"Length":19,"Height":11,"Demand":0,"DemandMax":3,"Value":209},{"Length":15,"Height":93,"Demand":0,"DemandMax":3,"Value":1395},{"Length":18,"Height":25,"Demand":0,"DemandMax":3,"Value":1350},{"Length":26,"Height":11,"Demand":0,"DemandMax":3,"Value":572},{"Length":51,"Height":80,"Demand":0,"DemandMax":3,"Value":12240},{"Length":67,"Height":65,"Demand":0,"DemandMax":3,"Value":4355},{"Length":23,"Height":79,"Demand":0,"DemandMax":3,"Value":1817},{"Length":17,"Height":41,"Demand":0,"DemandMax":3,"Value":2091},{"Length":33,"Height":84,"Demand":0,"DemandMax":3,"Value":8316},{"Length":23,"Height":99,"Demand":0,"DemandMax":3,"Value":6831},{"Length":7,"Height":94,"Demand":0,"DemandMax":3,"Value":658},{"Length":26,"Height":37,"Demand":0,"DemandMax":3,"Value":962},{"Length":32,"Height":38,"Demand":0,"DemandMax":3,"Value":2432},{"Length":8,"Height":39,"Demand":0,"DemandMax":3,"Value":624},{"Length":85,"Height":46,"Demand":0,"DemandMax":3,"Value":3910},{"Length":81,"Height":73,"Demand":0,"DemandMax":3,"Value":5913},{"Length":34,"Height":48,"Demand":0,"DemandMax":3,"Value":3264},{"Length":12,"Height":31,"Demand":0,"DemandMax":3,"Value":1116},{"Length":31,"Height":4,"Demand":0,"DemandMax":3,"Value":124},{"Length":9,"Height":2,"Demand":0,"DemandMax":3,"Value":54},{"Length":4,"Height":96,"Demand":0,"DemandMax":3,"Value":384},{"Length":8,"Height":15,"Demand":0,"DemandMax":3,"Value":120},{"Length":30,"Height":7,"Demand":0,"DemandMax":3,"Value":210},{"Length":18,"Height":38,"Demand":0,"DemandMax":3,"Value":684},{"Length":50,"Height":48,"Demand":0,"DemandMax":3,"Value":2400},{"Length":32,"Height":44,"Demand":0,"DemandMax":3,"Value":4224},{"Length":3,"Height":35,"Demand":0,"DemandMax":3,"Value":315},{"Length":19,"Height":39,"Demand":0,"DemandMax":3,"Value":2223},{"Length":82,"Height":22,"Demand":0,"DemandMax":3,"Value":1804},{"Length":76,"Height":40,"Demand":0,"DemandMax":3,"Value":6080},{"Length":7,"Height":38,"Demand":0,"DemandMax":3,"Value":798},{"Length":51,"Height":99,"Demand":0,"DemandMax":3,"Value":10098},{"Length":48,"Height":34,"Demand":0,"DemandMax":3,"Value":4896},{"Length":23,"Height":27,"Demand":0,"DemandMax":3,"Value":621},{"Length":12,"Height":46,"Demand":0,"DemandMax":3,"Value":1656},{"Length":37,"Height":20,"Demand":0,"DemandMax":3,"Value":740},{"Length":48,"Height":84,"Demand":0,"DemandMax":3,"Value":8064},{"Length":29,"Height":12,"Demand":0,"DemandMax":3,"Value":348},{"Length":34,"Height":50,"Demand":0,"DemandMax":3,"Value":5100},{"Length":16,"Height":37,"Demand":0,"DemandMax":3,"Value":1184},{"Length":72,"Height":84,"Demand":0,"DemandMax":3,"Value":6048},{"Length":40,"Height":100,"Demand":0,"DemandMax":3,"Value":12000},{"Length":29,"Height":80,"Demand":0,"DemandMax":3,"Value":6960},{"Length":25,"Height":23,"Demand":0,"DemandMax":3,"Value":575},{"Length":29,"Height":76,"Demand":0,"DemandMax":3,"Value":2204},{"Length":32,"Height":22,"Demand":0,"DemandMax":3,"Value":1408},{"Length":92,"Height":98,"Demand":0,"DemandMax":3,"Value":9016},{"Length":63,"Height":98,"Demand":0,"DemandMax":3,"Value":6174},{"Length":6,"Height":49,"Demand":0,"DemandMax":3,"Value":588},{"Length":6,"Height":2,"Demand":0,"DemandMax":3,"Value":36},{"Length":43,"Height":92,"Demand":0,"DemandMax":3,"Value":7912},{"Length":13,"Height":9,"Demand":0,"DemandMax":3,"Value":234},{"Length":28,"Height":46,"Demand":0,"DemandMax":3,"Value":2576},{"Length":64,"Height":96,"Demand":0,"DemandMax":3,"Value":18432},{"Length":36,"Height":4,"Demand":0,"DemandMax":3,"Value":144},{"Length":98,"Height":32,"Demand":0,"DemandMax":3,"Value":9408},{"Length":2,"Height":49,"Demand":0,"DemandMax":3,"Value":294},{"Length":2,"Height":40,"Demand":0,"DemandMax":3,"Value":80},{"Length":79,"Height":65,"Demand":0,"DemandMax":3,"Value":15405},{"Length":9,"Height":27,"Demand":0,"DemandMax":3,"Value":729},{"Length":20,"Height":27,"Demand":0,"DemandMax":3,"Value":1620},{"Length":84,"Height":39,"Demand":0,"DemandMax":3,"Value":3276},{"Length":35,"Height":81,"Demand":0,"DemandMax":3,"Value":2835},{"Length":100,"Height":12,"Demand":0,"DemandMax":3,"Value":1200},{"Length":31,"Height":90,"Demand":0,"DemandMax":3,"Value":2790},{"Length":46,"Height":3,"Demand":0,"DemandMax":3,"Value":138},{"Length":88,"Height":7,"Demand":0,"DemandMax":3,"Value":616},{"Length":42,"Height":50,"Demand":0,"DemandMax":3,"Value":4200},{"Length":46,"Height":10,"Demand":0,"DemandMax":3,"Value":1380},{"Length":90,"Height":45,"Demand":0,"DemandMax":3,"Value":4050},{"Length":14,"Height":12,"Demand":0,"DemandMax":3,"Value":504},{"Length":24,"Height":40,"Demand":0,"DemandMax":3,"Value":1920},{"Length":48,"Height":85,"Demand":0,"DemandMax":3,"Value":12240},{"Length":94,"Height":21,"Demand":0,"DemandMax":3,"Value":3948},{"Length":3,"Height":32,"Demand":0,"DemandMax":3,"Value":288},{"Length":12,"Height":12,"Demand":0,"DemandMax":3,"Value":432},{"Length":6,"Height":35,"Demand":0,"DemandMax":3,"Value":210},{"Length":7,"Height":41,"Demand":0,"DemandMax":3,"Value":861},{"Length":36,"Height":100,"Demand":0,"DemandMax":3,"Value":10800},{"Length":77,"Height":57,"Demand":0,"DemandMax":3,"Value":8778},{"Length":5,"Height":100,"Demand":0,"DemandMax":3,"Value":1500},{"Length":41,"Height":23,"Demand":0,"DemandMax":3,"Value":2829},{"Length":23,"Height":34,"Demand":0,"DemandMax":3,"Value":1564},{"Length":2,"Height":9,"Demand":0,"DemandMax":3,"Value":54},{"Length":78,"Height":35,"Demand":0,"DemandMax":3,"Value":5460},{"Length":16,"Height":19,"Demand":0,"DemandMax":3,"Value":304},{"Length":36,"Height":2,"Demand":0,"DemandMax":3,"Value":216},{"Length":8,"Height":88,"Demand":0,"DemandMax":3,"Value":1408},{"Length":33,"Height":31,"Demand":0,"DemandMax":3,"Value":1023},{"Length":25,"Height":39,"Demand":0,"DemandMax":3,"Value":2925},{"Length":14,"Height":13,"Demand":0,"DemandMax":3,"Value":364},{"Length":12,"Height":33,"Demand":0,"DemandMax":3,"Value":396},{"Length":30,"Height":5,"Demand":0,"DemandMax":3,"Value":300},{"Length":23,"Height":76,"Demand":0,"DemandMax":3,"Value":5244},{"Length":7,"Height":31,"Demand":0,"DemandMax":3,"Value":434},{"Length":10,"Height":12,"Demand":0,"DemandMax":3,"Value":120},{"Length":19,"Height":27,"Demand":0,"DemandMax":3,"Value":1026},{"Length":82,"Height":77,"Demand":0,"DemandMax":3,"Value":6314},{"Length":22,"Height":18,"Demand":0,"DemandMax":3,"Value":1188},{"Length":12,"Height":76,"Demand":0,"DemandMax":3,"Value":1824},{"Length":97,"Height":16,"Demand":0,"DemandMax":3,"Value":1552},{"Length":47,"Height":29,"Demand":0,"DemandMax":3,"Value":2726},{"Length":98,"Height":19,"Demand":0,"DemandMax":3,"Value":1862},{"Length":33,"Height":7,"Demand":0,"DemandMax":3,"Value":231},{"Length":17,"Height":77,"Demand":0,"DemandMax":3,"Value":2618},{"Length":47,"Height":37,"Demand":0,"DemandMax":3,"Value":3478},{"Length":22,"Height":46,"Demand":0,"DemandMax":3,"Value":1012},{"Length":85,"Height":48,"Demand":0,"DemandMax":3,"Value":4080},{"Length":8,"Height":85,"Demand":0,"DemandMax":3,"Value":680},{"Length":72,"Height":88,"Demand":0,"DemandMax":3,"Value":12672},{"Length":37,"Height":2,"Demand":0,"DemandMax":3,"Value":148},{"Length":82,"Height":85,"Demand":0,"DemandMax":3,"Value":20910},{"Length":17,"Height":14,"Demand":0,"DemandMax":3,"Value":476},{"Length":23,"Height":48,"Demand":0,"DemandMax":3,"Value":2208},{"Length":3,"Height":27,"Demand":0,"DemandMax":3,"Value":81},{"Length":42,"Height":37,"Demand":0,"DemandMax":3,"Value":4662},{"Length":10,"Height":76,"Demand":0,"DemandMax":3,"Value":760},{"Length":17,"Height":26,"Demand":0,"DemandMax":3,"Value":442},{"Length":41,"Height":48,"Demand":0,"DemandMax":3,"Value":5904},{"Length":11,"Height":23,"Demand":0,"DemandMax":3,"Value":759},{"Length":43,"Height":39,"Demand":0,"DemandMax":3,"Value":5031},{"Length":61,"Height":60,"Demand":0,"DemandMax":3,"Value":10980},{"Length":25,"Height":25,"Demand":0,"DemandMax":3,"Value":1875},{"Length":2,"Height":78,"Demand":0,"DemandMax":3,"Value":312},{"Length":15,"Height":83,"Demand":0,"DemandMax":3,"Value":2490},{"Length":38,"Height":96,"Demand":0,"DemandMax":3,"Value":10944},{"Length":13,"Height":23,"Demand":0,"DemandMax":3,"Value":299},{"Length":42,"Height":92,"Demand":0,"DemandMax":3,"Value":11592},{"Length":38,"Height":19,"Demand":0,"DemandMax":3,"Value":1444},{"Length":87,"Height":29,"Demand":0,"DemandMax":3,"Value":7569},{"Length":22,"Height":83,"Demand":0,"DemandMax":3,"Value":1826},{"Length":41,"Height":5,"Demand":0,"DemandMax":3,"Value":615},{"Length":72,"Height":60,"Demand":0,"DemandMax":3,"Value":8640},{"Length":38,"Height":30,"Demand":0,"DemandMax":3,"Value":2280},{"Length":99,"Height":15,"Demand":0,"DemandMax":3,"Value":4455},{"Length":99,"Height":45,"Demand":0,"DemandMax":3,"Value":8910},{"Length":30,"Height":8,"Demand":0,"DemandMax":3,"Value":480},{"Length":99,"Height":39,"Demand":0,"DemandMax":3,"Value":7722},{"Length":89,"Height":26,"Demand":0,"DemandMax":3,"Value":2314},{"Length":83,"Height":9,"Demand":0,"DemandMax":3,"Value":1494},{"Length":92,"Height":23,"Demand":0,"DemandMax":3,"Value":2116},{"Length":24,"Height":6,"Demand":0,"DemandMax":3,"Value":288},{"Length":72,"Height":67,"Demand":0,"DemandMax":3,"Value":4824},{"Length":26,"Height":98,"Demand":0,"DemandMax":3,"Value":7644},{"Length":12,"Height":37,"Demand":0,"DemandMax":3,"Value":888},{"Length":6,"Height":100,"Demand":0,"DemandMax":3,"Value":1800},{"Length":12,"Height":78,"Demand":0,"DemandMax":3,"Value":936},{"Length":99,"Height":91,"Demand":0,"DemandMax":3,"Value":18018},{"Length":91,"Height":12,"Demand":0,"DemandMax":3,"Value":2184},{"Length":67,"Height":76,"Demand":0,"DemandMax":3,"Value":5092},{"Length":6,"Height":13,"Demand":0,"DemandMax":3,"Value":234},{"Length":31,"Height":10,"Demand":0,"DemandMax":3,"Value":310},{"Length":9,"Height":16,"Demand":0,"DemandMax":3,"Value":144},{"Length":2,"Height":7,"Demand":0,"DemandMax":3,"Value":28},{"Length":95,"Height":55,"Demand":0,"DemandMax":3,"Value":5225},{"Length":78,"Height":96,"Demand":0,"DemandMax":3,"Value":22464},{"Length":43,"Height":5,"Demand":0,"DemandMax":3,"Value":430},{"Length":69,"Height":85,"Demand":0,"DemandMax":3,"Value":11730},{"Length":16,"Height":83,"Demand":0,"DemandMax":3,"Value":1328},{"Length":34,"Height":20,"Demand":0,"DemandMax":3,"Value":1360},{"Length":35,"Height":41,"Demand":0,"DemandMax":3,"Value":2870},{"Length":77,"Height":26,"Demand":0,"DemandMax":3,"Value":2002},{"Length":43,"Height":82,"Demand":0,"DemandMax":3,"Value":10578},{"Length":25,"Height":33,"Demand":0,"DemandMax":3,"Value":1650},{"Length":31,"Height":77,"Demand":0,"DemandMax":3,"Value":2387},{"Length":33,"Height":78,"Demand":0,"DemandMax":3,"Value":2574},{"Length":16,"Height":8,"Demand":0,"DemandMax":3,"Value":384},{"Length":76,"Height":44,"Demand":0,"DemandMax":3,"Value":6688},{"Length":23,"Height":25,"Demand":0,"DemandMax":3,"Value":575},{"Length":41,"Height":46,"Demand":0,"DemandMax":3,"Value":3772},{"Length":20,"Height":16,"Demand":0,"DemandMax":3,"Value":640},{"Length":43,"Height":49,"Demand":0,"DemandMax":3,"Value":2107},{"Length":77,"Height":53,"Demand":0,"DemandMax":3,"Value":12243},{"Length":31,"Height":48,"Demand":0,"DemandMax":3,"Value":1488},{"Length":32,"Height":77,"Demand":0,"DemandMax":3,"Value":7392},{"Length":97,"Height":37,"Demand":0,"DemandMax":3,"Value":10767},{"Length":44,"Height":47,"Demand":0,"DemandMax":3,"Value":6204},{"Length":7,"Height":26,"Demand":0,"DemandMax":3,"Value":182},{"Length":22,"Height":47,"Demand":0,"DemandMax":3,"Value":3102},{"Length":91,"Height":9,"Demand":0,"DemandMax":3,"Value":819},{"Length":20,"Height":3,"Demand":0,"DemandMax":3,"Value":60},{"Length":97,"Height":48,"Demand":0,"DemandMax":3,"Value":13968},{"Length":37,"Height":21,"Demand":0,"DemandMax":3,"Value":1554},{"Length":56,"Height":53,"Demand":0,"DemandMax":3,"Value":8904},{"Length":64,"Height":53,"Demand":0,"DemandMax":3,"Value":6784},{"Length":50,"Height":17,"Demand":0,"DemandMax":3,"Value":850},{"Length":44,"Height":30,"Demand":0,"DemandMax":3,"Value":2640},{"Length":41,"Height":26,"Demand":0,"DemandMax":3,"Value":1066},{"Length":89,"Height":88,"Demand":0,"DemandMax":3,"Value":23496},{"Length":29,"Height":6,"Demand":0,"DemandMax":3,"Value":174},{"Length":48,"Height":79,"Demand":0,"DemandMax":3,"Value":11376},{"Length":38,"Height":43,"Demand":0,"DemandMax":3,"Value":1634},{"Length":40,"Height":22,"Demand":0,"DemandMax":3,"Value":2640},{"Length":40,"Height":94,"Demand":0,"DemandMax":3,"Value":3760},{"Length":19,"Height":26,"Demand":0,"DemandMax":3,"Value":494},{"Length":39,"Height":84,"Demand":0,"DemandMax":3,"Value":9828},{"Length":77,"Height":53,"Demand":0,"DemandMax":3,"Value":8162},{"Length":73,"Height":83,"Demand":0,"DemandMax":3,"Value":18177},{"Length":27,"Height":14,"Demand":0,"DemandMax":3,"Value":1134},{"Length":71,"Height":56,"Demand":0,"DemandMax":3,"Value":3976},{"Length":64,"Height":66,"Demand":0,"DemandMax":3,"Value":4224},{"Length":19,"Height":21,"Demand":0,"DemandMax":3,"Value":798},{"Length":90,"Height":92,"Demand":0,"DemandMax":3,"Value":8280},{"Length":60,"Height":78,"Demand":0,"DemandMax":3,"Value":4680},{"Length":2,"Height":2,"Demand":0,"DemandMax":3,"Value":4},{"Length":2,"Height":82,"Demand":0,"DemandMax":3,"Value":164},{"Length":45,"Height":10,"Demand":0,"DemandMax":3,"Value":900},{"Length":87,"Height":45,"Demand":0,"DemandMax":3,"Value":11745},{"Length":99,"Height":6,"Demand":0,"DemandMax":3,"Value":1188},{"Length":5,"Height":91,"Demand":0,"DemandMax":3,"Value":910},{"Length":23,"Height":11,"Demand":0,"DemandMax":3,"Value":253},{"Length":22,"Height":20,"Demand":0,"DemandMax":3,"Value":440},{"Length":15,"Height":83,"Demand":0,"DemandMax":3,"Value":1245},{"Length":33,"Height":95,"Demand":0,"DemandMax":3,"Value":9405},{"Length":27,"Height":96,"Demand":0,"DemandMax":3,"Value":2592},{"Length":21,"Height":100,"Demand":0,"DemandMax":3,"Value":4200},{"Length":59,"Height":56,"Demand":0,"DemandMax":3,"Value":9912},{"Length":43,"Height":24,"Demand":0,"DemandMax":3,"Value":2064},{"Length":14,"Height":78,"Demand":0,"DemandMax":3,"Value":2184},{"Length":77,"Height":96,"Demand":0,"DemandMax":3,"Value":14784},{"Length":100,"Height":49,"Demand":0,"DemandMax":3,"Value":14700},{"Length":44,"Height":11,"Demand":0,"DemandMax":3,"Value":968},{"Length":9,"Height":36,"Demand":0,"DemandMax":3,"Value":324},{"Length":62,"Height":80,"Demand":0,"DemandMax":3,"Value":9920},{"Length":45,"Height":12,"Demand":0,"DemandMax":3,"Value":1080},{"Length":36,"Height":28,"Demand":0,"DemandMax":3,"Value":2016},{"Length":3,"Height":77,"Demand":0,"DemandMax":3,"Value":693},{"Length":55,"Height":56,"Demand":0,"DemandMax":3,"Value":6160},{"Length":41,"Height":13,"Demand":0,"DemandMax":3,"Value":1599},{"Length":80,"Height":46,"Demand":0,"DemandMax":3,"Value":7360},{"Length":97,"Height":72,"Demand":0,"DemandMax":3,"Value":20952},{"Length":50,"Height":25,"Demand":0,"DemandMax":3,"Value":1250},{"Length":30,"Height":76,"Demand":0,"DemandMax":3,"Value":4560},{"Length":56,"Height":82,"Demand":0,"DemandMax":3,"Value":13776},{"Length":14,"Height":37,"Demand":0,"DemandMax":3,"Value":1554},{"Length":92,"Height":49,"Demand":0,"DemandMax":3,"Value":4508},{"Length":34,"Height":24,"Demand":0,"DemandMax":3,"Value":1632},{"Length":95,"Height":7,"Demand":0,"DemandMax":3,"Value":665},{"Length":38,"Height":97,"Demand":0,"DemandMax":3,"Value":7372},{"Length":5,"Height":39,"Demand":0,"DemandMax":3,"Value":195},{"Length":10,"Height":33,"Demand":0,"DemandMax":3,"Value":990},{"Length":75,"Height":85,"Demand":0,"DemandMax":3,"Value":12750},{"Length":20,"Height":80,"Demand":0,"DemandMax":3,"Value":1600},{"Length":2,"Height":10,"Demand":0,"DemandMax":3,"Value":20},{"Length":78,"Height":71,"Demand":0,"DemandMax":3,"Value":16614},{"Length":22,"Height":10,"Demand":0,"DemandMax":3,"Value":660},{"Length":77,"Height":22,"Demand":0,"DemandMax":3,"Value":3388},{"Length":40,"Height":15,"Demand":0,"DemandMax":3,"Value":1200},{"Length":56,"Height":96,"Demand":0,"DemandMax":3,"Value":5376},{"Length":25,"Height":32,"Demand":0,"DemandMax":3,"Value":2400},{"Length":2,"Height":100,"Demand":0,"DemandMax":3,"Value":400},{"Length":2,"Height":94,"Demand":0,"DemandMax":3,"Value":564},{"Length":82,"Height":32,"Demand":0,"DemandMax":3,"Value":7872},{"Length":8,"Height":35,"Demand":0,"DemandMax":3,"Value":840},{"Length":31,"Height":23,"Demand":0,"DemandMax":3,"Value":713},{"Length":78,"Height":29,"Demand":0,"DemandMax":3,"Value":4524},{"Length":31,"Height":44,"Demand":0,"DemandMax":3,"Value":1364},{"Length":100,"Height":24,"Demand":0,"DemandMax":3,"Value":7200},{"Length":41,"Height":7,"Demand":0,"DemandMax":3,"Value":861},{"Length":7,"Height":48,"Demand":0,"DemandMax":3,"Value":672},{"Length":55,"Height":95,"Demand":0,"DemandMax":3,"Value":5225},{"Length":4,"Height":31,"Demand":0,"DemandMax":3,"Value":124},{"Length":14,"Height":10,"Demand":0,"DemandMax":3,"Value":140},{"Length":15,"Height":34,"Demand":0,"DemandMax":3,"Value":1020},{"Length":69,"Height":56,"Demand":0,"DemandMax":3,"Value":3864},{"Length":27,"Height":39,"Demand":0,"DemandMax":3,"Value":2106},{"Length":83,"Height":7,"Demand":0,"DemandMax":3,"Value":1162},{"Length":81,"Height":85,"Demand":0,"DemandMax":3,"Value":13770},{"Length":39,"Height":38,"Demand":0,"DemandMax":3,"Value":4446},{"Length":3,"Height":17,"Demand":0,"DemandMax":3,"Value":153},{"Length":98,"Height":23,"Demand":0,"DemandMax":3,"Value":6762},{"Length":7,"Height":10,"Demand":0,"DemandMax":3,"Value":210},{"Length":38,"Height":90,"Demand":0,"DemandMax":3,"Value":6840},{"Length":21,"Height":2,"Demand":0,"DemandMax":3,"Value":42},{"Length":88,"Height":19,"Demand":0,"DemandMax":3,"Value":3344},{"Length":30,"Height":43,"Demand":0,"DemandMax":3,"Value":2580},{"Length":22,"Height":38,"Demand":0,"DemandMax":3,"Value":2508},{"Length":41,"Height":36,"Demand":0,"DemandMax":3,"Value":1476},{"Length":44,"Height":45,"Demand":0,"DemandMax":3,"Value":5940},{"Length":76,"Height":84,"Demand":0,"DemandMax":3,"Value":12768},{"Length":81,"Height":25,"Demand":0,"DemandMax":3,"Value":6075},{"Length":24,"Height":38,"Demand":0,"DemandMax":3,"Value":1824},{"Length":86,"Height":40,"Demand":0,"DemandMax":3,"Value":6880},{"Length":10,"Height":25,"Demand":0,"DemandMax":3,"Value":250},{"Length":47,"Height":7,"Demand":0,"DemandMax":3,"Value":329},{"Length":8,"Height":41,"Demand":0,"DemandMax":3,"Value":984},{"Length":99,"Height":14,"Demand":0,"DemandMax":3,"Value":4158},{"Length":33,"Height":97,"Demand":0,"DemandMax":3,"Value":3201},{"Length":36,"Height":34,"Demand":0,"DemandMax":3,"Value":2448},{"Length":27,"Height":89,"Demand":0,"DemandMax":3,"Value":4806},{"Length":53,"Height":96,"Demand":0,"DemandMax":3,"Value":5088},{"Length":25,"Height":87,"Demand":0,"DemandMax":3,"Value":4350},{"Length":26,"Height":45,"Demand":0,"DemandMax":3,"Value":2340},{"Length":37,"Height":17,"Demand":0,"DemandMax":3,"Value":629},{"Length":68,"Height":84,"Demand":0,"DemandMax":3,"Value":5712},{"Length":88,"Height":41,"Demand":0,"DemandMax":3,"Value":10824},{"Length":6,"Height":39,"Demand":0,"DemandMax":3,"Value":702},{"Length":2,"Height":11,"Demand":0,"DemandMax":3,"Value":44},{"Length":92,"Height":96,"Demand":0,"DemandMax":3,"Value":17664},{"Length":50,"Height":46,"Demand":0,"DemandMax":3,"Value":4600},{"Length":60,"Height":66,"Demand":0,"DemandMax":3,"Value":3960}]}