{"Name":"ngcutfs1_13","Objects":[{"Length":100,"Height":100,"Stock":null,"Cost":10000}],"Items":[{"Length":100,"Height":80,"Demand":0,"DemandMax":3,"Value":8000},{"Length":48,"Height":15,"Demand":0,"DemandMax":3,"Value":1440},{"Length":31,"Height":28,"Demand":0,"DemandMax":3,"Value":2604},{"Length":66,"Height":70,"Demand":0,"DemandMax":3,"Value":9240},{"Length":88,"Height":29,"Demand":0,"DemandMax":3,"Value":5104},{"Length":73,"Height":53,"Demand":0,"DemandMax":3,"Value":11607},{"Length":81,"Height":54,"Demand":0,"DemandMax":3,"Value":8748},{"Length":96,"Height":10,"Demand":0,"DemandMax":3,"Value":1920},{"Length":44,"Height":3,"Demand":0,"DemandMax":3,"Value":396},{"Length":86,"Height":57,"Demand":0,"DemandMax":3,"Value":14706},{"Length":4,"Height":17,"Demand":0,"DemandMax":3,"Value":68},{"Length":43,"Height":43,"Demand":0,"DemandMax":3,"Value":3698},{"Length":76,"Height":41,"Demand":0,"DemandMax":3,"Value":3116},{"Length":3,"Height":11,"Demand":0,"DemandMax":3,"Value":33},{"Length":40,"Height":32,"Demand":0,"DemandMax":3,"Value":1280},{"Length":33,"Height":38,"Demand":0,"DemandMax":3,"Value":2508},{"Length":11,"Height":94,"Demand":0,"DemandMax":3,"Value":1034},{"Length":81,"Height":41,"Demand":0,"DemandMax":3,"Value":6642},{"Length":13,"Height":46,"Demand":0,"DemandMax":3,"Value":1794},{"Length":23,"Height":84,"Demand":0,"DemandMax":3,"Value":5796},{"Length":76,"Height":15,"Demand":0,"DemandMax":3,"Value":2280},{"Length":92,"Height":29,"Demand":0,"DemandMax":3,"Value":8004},{"Length":18,"Height":35,"Demand":0,"DemandMax":3,"Value":630},{"Length":4,"Height":38,"Demand":0,"DemandMax":3,"Value":456},{"Length":20,"Height":30,"Demand":0,"DemandMax":3,"Value":1200},{"Length":24,"Height":27,"Demand":0,"DemandMax":3,"Value":1944},{"Length":99,"Height":14,"Demand":0,"DemandMax":3,"Value":1386},{"Length":47,"Height":44,"Demand":0,"DemandMax":3,"Value":6204},{"Length":30,"Height":77,"Demand":0,"DemandMax":3,"Value":6930},{"Length":47,"Height":17,"Demand":0,"DemandMax":3,"Value":799},{"Length":25,"Height":30,"Demand":0,"DemandMax":3,"Value":750},{"Length":88,"Height":88,"Demand":0,"DemandMax":3,"Value":7744},{"Length":43,"Height":12,"Demand":0,"DemandMax":3,"Value":1032},{"Length":26,"Height":89,"Demand":0,"DemandMax":3,"Value":6942},{"Length":22,"Height":18,"Demand":0,"DemandMax":3,"Value":1188},{"Length":51,"Height":94,"Demand":0,"DemandMax":3,"Value":14382},{"Length":15,"Height":93,"Demand":0,"DemandMax":3,"Value":4185},{"Length":39,"Height":85,"Demand":0,"DemandMax":3,"Value":9945},{"Length":14,"Height":93,"Demand":0,"DemandMax":3,"Value":1302},{"Length":47,"Height":94,"Demand":0,"DemandMax":3,"Value":13254}]}