{"Name":"ngcutfs2_9","Objects":[{"Length":100,"Height":100,"Stock":null,"Cost":10000}],"Items":[{"Length":55,"Height":63,"Demand":0,"DemandMax":1,"Value":6930},{"Length":7,"Height":50,"Demand":0,"DemandMax":1,"Value":350},{"Length":7,"Height":42,"Demand":0,"DemandMax":1,"Value":882},{"Length":25,"Height":7,"Demand":0,"DemandMax":1,"Value":525},{"Length":60,"Height":58,"Demand":0,"DemandMax":1,"Value":6960},{"Length":40,"Height":11,"Demand":0,"DemandMax":1,"Value":880},{"Length":19,"Height":3,"Demand":0,"DemandMax":1,"Value":57},{"Length":37,"Height":6,"Demand":0,"DemandMax":1,"Value":444},{"Length":10,"Height":30,"Demand":0,"DemandMax":1,"Value":900},{"Length":84,"Height":81,"Demand":0,"DemandMax":1,"Value":13608},{"Length":97,"Height":14,"Demand":0,"DemandMax":1,"Value":2716},{"Length":95,"Height":14,"Demand":0,"DemandMax":1,"Value":3990},{"Length":86,"Height":93,"Demand":0,"DemandMax":1,"Value":15996},{"Length":38,"Height":23,"Demand":0,"DemandMax":1,"Value":874},{"Length":49,"Height":18,"Demand":0,"DemandMax":1,"Value":2646},{"Length":44,"Height":82,"Demand":0,"DemandMax":1,"Value":10824},{"Length":40,"Height":97,"Demand":0,"DemandMax":1,"Value":7760},{"Length":19,"Height":17,"Demand":0,"DemandMax":1,"Value":323},{"Length":33,"Height":43,"Demand":0,"DemandMax":1,"Value":1419},{"Length":19,"Height":37,"Demand":0,"DemandMax":1,"Value":703},{"Length":28,"Height":95,"Demand":0,"DemandMax":1,"Value":7980},{"Length":39,"Height":20,"Demand":0,"DemandMax":1,"Value":2340},{"Length":2,"Height":96,"Demand":0,"DemandMax":1,"Value":384},{"Length":38,"Height":14,"Demand":0,"DemandMax":1,"Value":1064},{"Length":85,"Height":19,"Demand":0,"DemandMax":1,"Value":3230},{"Length":87,"Height":38,"Demand":0,"DemandMax":1,"Value":3306},{"Length":22,"Height":24,"Demand":0,"DemandMax":1,"Value":1584},{"Length":21,"Height":15,"Demand":0,"DemandMax":1,"Value":630},{"Length":28,"Height":3,"Demand":0,"DemandMax":1,"Value":252},{"Length":21,"Height":80,"Demand":0,"DemandMax":1,"Value":3360},{"Length":88,"Height":63,"Demand":0,"DemandMax":1,"Value":16632},{"Length":76,"Height":80,"Demand":0,"DemandMax":1,"Value":18240},{"Length":78,"Height":16,"Demand":0,"DemandMax":1,"Value":2496},{"Length":9,"Height":33,"Demand":0,"DemandMax":1,"Value":297},{"Length":45,"Height":6,"Demand":0,"DemandMax":1,"Value":270},{"Length":5,"Height":2,"Demand":0,"DemandMax":1,"Value":20},{"Length":97,"Height":98,"Demand":0,"DemandMax":1,"Value":9506},{"Length":93,"Height":49,"Demand":0,"DemandMax":1,"Value":13671},{"Length":13,"Height":13,"Demand":0,"DemandMax":1,"Value":338},{"Length":81,"Height":33,"Demand":0,"DemandMax":1,"Value":8019}]}