{"Name":"ngcutfs2_58","Objects":[{"Length":100,"Height":100,"Stock":null,"Cost":10000}],"Items":[{"Length":56,"Height":69,"Demand":0,"DemandMax":4,"Value":7728},{"Length":31,"Height":17,"Demand":0,"DemandMax":4,"Value":1054},{"Length":37,"Height":46,"Demand":0,"DemandMax":4,"Value":3404},{"Length":85,"Height":66,"Demand":0,"DemandMax":4,"Value":5610},{"Length":38,"Height":29,"Demand":0,"DemandMax":4,"Value":1102},{"Length":14,"Height":18,"Demand":0,"DemandMax":4,"Value":756},{"Length":48,"Height":86,"Demand":0,"DemandMax":4,"Value":4128},{"Length":16,"Height":4,"Demand":0,"DemandMax":4,"Value":64},{"Length":92,"Height":84,"Demand":0,"DemandMax":4,"Value":23184},{"Length":41,"Height":3,"Demand":0,"DemandMax":4,"Value":369},{"Length":53,"Height":74,"Demand":0,"DemandMax":4,"Value":3922},{"Length":25,"Height":47,"Demand":0,"DemandMax":4,"Value":2350},{"Length":69,"Height":67,"Demand":0,"DemandMax":4,"Value":9246},{"Length":21,"Height":30,"Demand":0,"DemandMax":4,"Value":1260},{"Length":27,"Height":89,"Demand":0,"DemandMax":4,"Value":2403},{"Length":58,"Height":67,"Demand":0,"DemandMax":4,"Value":11658},{"Length":11,"Height":46,"Demand":0,"DemandMax":4,"Value":1518},{"Length":31,"Height":33,"Demand":0,"DemandMax":4,"Value":3069},{"Length":16,"Height":4,"Demand":0,"DemandMax":4,"Value":128},{"Length":48,"Height":86,"Demand":0,"DemandMax":4,"Value":12384},{"Length":46,"Height":42,"Demand":0,"DemandMax":4,"Value":3864},{"Length":3,"Height":41,"Demand":0,"DemandMax":4,"Value":246},{"Length":79,"Height":5,"Demand":0,"DemandMax":4,"Value":395},{"Length":6,"Height":46,"Demand":0,"DemandMax":4,"Value":828},{"Length":9,"Height":46,"Demand":0,"DemandMax":4,"Value":828},{"Length":18,"Height":38,"Demand":0,"DemandMax":4,"Value":684},{"Length":43,"Height":12,"Demand":0,"DemandMax":4,"Value":1548},{"Length":34,"Height":34,"Demand":0,"DemandMax":4,"Value":2312},{"Length":27,"Height":30,"Demand":0,"DemandMax":4,"Value":1620},{"Length":33,"Height":13,"Demand":0,"DemandMax":4,"Value":429},{"Length":84,"Height":98,"Demand":0,"DemandMax":4,"Value":16464},{"Length":48,"Height":45,"Demand":0,"DemandMax":4,"Value":2160},{"Length":97,"Height":41,"Demand":0,"DemandMax":4,"Value":3977},{"Length":37,"Height":11,"Demand":0,"DemandMax":4,"Value":407},{"Length":49,"Height":38,"Demand":0,"DemandMax":4,"Value":3724},{"Length":97,"Height":43,"Demand":0,"DemandMax":4,"Value":8342},{"Length":28,"Height":45,"Demand":0,"DemandMax":4,"Value":3780},{"Length":31,"Height":15,"Demand":0,"DemandMax":4,"Value":930},{"Length":21,"Height":15,"Demand":0,"DemandMax":4,"Value":315},{"Length":77,"Height":51,"Demand":0,"DemandMax":4,"Value":11781},{"Length":96,"Height":49,"Demand":0,"DemandMax":4,"Value":4704},{"Length":99,"Height":79,"Demand":0,"DemandMax":4,"Value":7821},{"Length":11,"Height":91,"Demand":0,"DemandMax":4,"Value":1001},{"Length":6,"Height":22,"Demand":0,"DemandMax":4,"Value":264},{"Length":11,"Height":23,"Demand":0,"DemandMax":4,"Value":506},{"Length":80,"Height":15,"Demand":0,"DemandMax":4,"Value":2400},{"Length":83,"Height":31,"Demand":0,"DemandMax":4,"Value":7719},{"Length":92,"Height":13,"Demand":0,"DemandMax":4,"Value":3588},{"Length":48,"Height":80,"Demand":0,"DemandMax":4,"Value":7680},{"Length":39,"Height":22,"Demand":0,"DemandMax":4,"Value":2574}]}