{"Name":"ngcutfs3_6","Objects":[{"Length":100,"Height":100,"Stock":null,"Cost":10000}],"Items":[{"Length":24,"Height":77,"Demand":0,"DemandMax":1,"Value":3696},{"Length":71,"Height":74,"Demand":0,"DemandMax":1,"Value":10508},{"Length":32,"Height":81,"Demand":0,"DemandMax":1,"Value":5184},{"Length":4,"Height":6,"Demand":0,"DemandMax":1,"Value":24},{"Length":32,"Height":9,"Demand":0,"DemandMax":1,"Value":864},{"Length":44,"Height":9,"Demand":0,"DemandMax":1,"Value":1188},{"Length":43,"Height":97,"Demand":0,"DemandMax":1,"Value":4171},{"Length":14,"Height":49,"Demand":0,"DemandMax":1,"Value":686},{"Length":48,"Height":47,"Demand":0,"DemandMax":1,"Value":6768},{"Length":7,"Height":46,"Demand":0,"DemandMax":1,"Value":322},{"Length":24,"Height":26,"Demand":0,"DemandMax":1,"Value":1248},{"Length":2,"Height":24,"Demand":0,"DemandMax":1,"Value":48},{"Length":49,"Height":95,"Demand":0,"DemandMax":1,"Value":4655},{"Length":48,"Height":34,"Demand":0,"DemandMax":1,"Value":3264},{"Length":42,"Height":38,"Demand":0,"DemandMax":1,"Value":3192},{"Length":27,"Height":5,"Demand":0,"DemandMax":1,"Value":405},{"Length":95,"Height":13,"Demand":0,"DemandMax":1,"Value":3705},{"Length":45,"Height":44,"Demand":0,"DemandMax":1,"Value":3960},{"Length":44,"Height":44,"Demand":0,"DemandMax":1,"Value":5808},{"Length":49,"Height":84,"Demand":0,"DemandMax":1,"Value":12348},{"Length":33,"Height":41,"Demand":0,"DemandMax":1,"Value":4059},{"Length":43,"Height":25,"Demand":0,"DemandMax":1,"Value":1075},{"Length":29,"Height":85,"Demand":0,"DemandMax":1,"Value":4930},{"Length":18,"Height":38,"Demand":0,"DemandMax":1,"Value":1368},{"Length":50,"Height":29,"Demand":0,"DemandMax":1,"Value":4350},{"Length":86,"Height":81,"Demand":0,"DemandMax":1,"Value":13932},{"Length":23,"Height":8,"Demand":0,"DemandMax":1,"Value":552},{"Length":42,"Height":3,"Demand":0,"DemandMax":1,"Value":378},{"Length":26,"Height":78,"Demand":0,"DemandMax":1,"Value":2028},{"Length":48,"Height":46,"Demand":0,"DemandMax":1,"Value":6624},{"Length":37,"Height":28,"Demand":0,"DemandMax":1,"Value":3108},{"Length":34,"Height":11,"Demand":0,"DemandMax":1,"Value":1122},{"Length":26,"Height":3,"Demand":0,"DemandMax":1,"Value":156},{"Length":41,"Height":4,"Demand":0,"DemandMax":1,"Value":328},{"Length":45,"Height":15,"Demand":0,"DemandMax":1,"Value":1350},{"Length":45,"Height":30,"Demand":0,"DemandMax":1,"Value":1350},{"Length":4,"Height":34,"Demand":0,"DemandMax":1,"Value":408},{"Length":77,"Height":36,"Demand":0,"DemandMax":1,"Value":5544},{"Length":13,"Height":14,"Demand":0,"DemandMax":1,"Value":182},{"Length":5,"Height":40,"Demand":0,"DemandMax":1,"Value":400}]}