{"Name":"ngcutfs3_125","Objects":[{"Length":100,"Height":100,"Stock":null,"Cost":10000}],"Items":[{"Length":28,"Height":23,"Demand":0,"DemandMax":1,"Value":1932},{"Length":39,"Height":13,"Demand":0,"DemandMax":1,"Value":1521},{"Length":6,"Height":48,"Demand":0,"DemandMax":1,"Value":576},{"Length":5,"Height":35,"Demand":0,"DemandMax":1,"Value":175},{"Length":17,"Height":91,"Demand":0,"DemandMax":1,"Value":3094},{"Length":36,"Height":89,"Demand":0,"DemandMax":1,"Value":6408},{"Length":8,"Height":36,"Demand":0,"DemandMax":1,"Value":288},{"Length":45,"Height":13,"Demand":0,"DemandMax":1,"Value":585},{"Length":38,"Height":26,"Demand":0,"DemandMax":1,"Value":1976},{"Length":27,"Height":27,"Demand":0,"DemandMax":1,"Value":2187},{"Length":33,"Height":8,"Demand":0,"DemandMax":1,"Value":792},{"Length":31,"Height":40,"Demand":0,"DemandMax":1,"Value":2480},{"Length":79,"Height":19,"Demand":0,"DemandMax":1,"Value":4503},{"Length":84,"Height":12,"Demand":0,"DemandMax":1,"Value":3024},{"Length":11,"Height":34,"Demand":0,"DemandMax":1,"Value":748},{"Length":42,"Height":39,"Demand":0,"DemandMax":1,"Value":3276},{"Length":49,"Height":19,"Demand":0,"DemandMax":1,"Value":931},{"Length":32,"Height":29,"Demand":0,"DemandMax":1,"Value":2784},{"Length":47,"Height":43,"Demand":0,"DemandMax":1,"Value":2021},{"Length":42,"Height":2,"Demand":0,"DemandMax":1,"Value":84},{"Length":41,"Height":80,"Demand":0,"DemandMax":1,"Value":6560},{"Length":32,"Height":90,"Demand":0,"DemandMax":1,"Value":5760},{"Length":24,"Height":47,"Demand":0,"DemandMax":1,"Value":2256},{"Length":36,"Height":5,"Demand":0,"DemandMax":1,"Value":360},{"Length":5,"Height":10,"Demand":0,"DemandMax":1,"Value":50},{"Length":82,"Height":36,"Demand":0,"DemandMax":1,"Value":5904},{"Length":41,"Height":4,"Demand":0,"DemandMax":1,"Value":328},{"Length":93,"Height":26,"Demand":0,"DemandMax":1,"Value":4836},{"Length":18,"Height":8,"Demand":0,"DemandMax":1,"Value":432},{"Length":12,"Height":24,"Demand":0,"DemandMax":1,"Value":288},{"Length":7,"Height":5,"Demand":0,"DemandMax":1,"Value":70},{"Length":14,"Height":34,"Demand":0,"DemandMax":1,"Value":476},{"Length":33,"Height":37,"Demand":0,"DemandMax":1,"Value":2442},{"Length":42,"Height":45,"Demand":0,"DemandMax":1,"Value":1890},{"Length":81,"Height":20,"Demand":0,"DemandMax":1,"Value":4860},{"Length":19,"Height":3,"Demand":0,"DemandMax":1,"Value":114},{"Length":9,"Height":8,"Demand":0,"DemandMax":1,"Value":72},{"Length":19,"Height":15,"Demand":0,"DemandMax":1,"Value":570},{"Length":89,"Height":34,"Demand":0,"DemandMax":1,"Value":6052},{"Length":38,"Height":46,"Demand":0,"DemandMax":1,"Value":1748},{"Length":2,"Height":49,"Demand":0,"DemandMax":1,"Value":98},{"Length":30,"Height":19,"Demand":0,"DemandMax":1,"Value":1140},{"Length":16,"Height":41,"Demand":0,"DemandMax":1,"Value":1312},{"Length":94,"Height":3,"Demand":0,"DemandMax":1,"Value":846},{"Length":75,"Height":90,"Demand":0,"DemandMax":1,"Value":13500},{"Length":18,"Height":14,"Demand":0,"DemandMax":1,"Value":504},{"Length":5,"Height":17,"Demand":0,"DemandMax":1,"Value":85},{"Length":7,"Height":46,"Demand":0,"DemandMax":1,"Value":644},{"Length":24,"Height":4,"Demand":0,"DemandMax":2,"Value":96},{"Length":26,"Height":9,"Demand":0,"DemandMax":1,"Value":234},{"Length":25,"Height":21,"Demand":0,"DemandMax":1,"Value":1050},{"Length":4,"Height":36,"Demand":0,"DemandMax":1,"Value":288},{"Length":88,"Height":13,"Demand":0,"DemandMax":1,"Value":1144},{"Length":99,"Height":16,"Demand":0,"DemandMax":1,"Value":3168},{"Length":18,"Height":10,"Demand":0,"DemandMax":1,"Value":360},{"Length":59,"Height":88,"Demand":0,"DemandMax":1,"Value":5192},{"Length":50,"Height":16,"Demand":0,"DemandMax":1,"Value":1600},{"Length":41,"Height":26,"Demand":0,"DemandMax":1,"Value":3198},{"Length":48,"Height":45,"Demand":0,"DemandMax":1,"Value":6480},{"Length":94,"Height":38,"Demand":0,"DemandMax":1,"Value":3572},{"Length":2,"Height":44,"Demand":0,"DemandMax":1,"Value":88},{"Length":9,"Height":24,"Demand":0,"DemandMax":1,"Value":432},{"Length":35,"Height":6,"Demand":0,"DemandMax":1,"Value":210},{"Length":5,"Height":26,"Demand":0,"DemandMax":1,"Value":260},{"Length":95,"Height":92,"Demand":0,"DemandMax":1,"Value":17480},{"Length":37,"Height":8,"Demand":0,"DemandMax":1,"Value":888},{"Length":29,"Height":43,"Demand":0,"DemandMax":1,"Value":2494},{"Length":44,"Height":26,"Demand":0,"DemandMax":1,"Value":1144},{"Length":25,"Height":16,"Demand":0,"DemandMax":1,"Value":1200},{"Length":46,"Height":37,"Demand":0,"DemandMax":1,"Value":1702},{"Length":6,"Height":34,"Demand":0,"DemandMax":1,"Value":612},{"Length":37,"Height":45,"Demand":0,"DemandMax":1,"Value":4995},{"Length":24,"Height":29,"Demand":0,"DemandMax":1,"Value":1392},{"Length":14,"Height":45,"Demand":0,"DemandMax":1,"Value":1260},{"Length":38,"Height":24,"Demand":0,"DemandMax":1,"Value":912},{"Length":83,"Height":62,"Demand":0,"DemandMax":1,"Value":15438},{"Length":22,"Height":5,"Demand":0,"DemandMax":1,"Value":220},{"Length":92,"Height":72,"Demand":0,"DemandMax":1,"Value":13248},{"Length":96,"Height":72,"Demand":0,"DemandMax":1,"Value":6912},{"Length":20,"Height":4,"Demand":0,"DemandMax":1,"Value":80},{"Length":37,"Height":46,"Demand":0,"DemandMax":1,"Value":1702},{"Length":94,"Height":39,"Demand":0,"DemandMax":1,"Value":7332},{"Length":48,"Height":93,"Demand":0,"DemandMax":1,"Value":8928},{"Length":19,"Height":48,"Demand":0,"DemandMax":1,"Value":912},{"Length":61,"Height":88,"Demand":0,"DemandMax":1,"Value":10736},{"Length":93,"Height":50,"Demand":0,"DemandMax":1,"Value":9300},{"Length":76,"Height":13,"Demand":0,"DemandMax":1,"Value":2964},{"Length":25,"Height":9,"Demand":0,"DemandMax":1,"Value":225},{"Length":68,"Height":99,"Demand":0,"DemandMax":1,"Value":20196},{"Length":10,"Height":28,"Demand":0,"DemandMax":1,"Value":280},{"Length":17,"Height":26,"Demand":0,"DemandMax":1,"Value":442},{"Length":17,"Height":13,"Demand":0,"DemandMax":1,"Value":663},{"Length":89,"Height":46,"Demand":0,"DemandMax":1,"Value":12282},{"Length":42,"Height":33,"Demand":0,"DemandMax":1,"Value":2772},{"Length":13,"Height":38,"Demand":0,"DemandMax":1,"Value":988},{"Length":3,"Height":22,"Demand":0,"DemandMax":1,"Value":66},{"Length":88,"Height":42,"Demand":0,"DemandMax":1,"Value":11088},{"Length":12,"Height":9,"Demand":0,"DemandMax":1,"Value":324},{"Length":30,"Height":26,"Demand":0,"DemandMax":1,"Value":2340},{"Length":4,"Height":2,"Demand":0,"DemandMax":1,"Value":8},{"Length":40,"Height":26,"Demand":0,"DemandMax":1,"Value":2080},{"Length":37,"Height":10,"Demand":0,"DemandMax":1,"Value":370},{"Length":3,"Height":94,"Demand":0,"DemandMax":1,"Value":564},{"Length":35,"Height":5,"Demand":0,"DemandMax":1,"Value":525},{"Length":70,"Height":73,"Demand":0,"DemandMax":1,"Value":15330},{"Length":91,"Height":19,"Demand":0,"DemandMax":1,"Value":3458},{"Length":2,"Height":30,"Demand":0,"DemandMax":1,"Value":120},{"Length":75,"Height":62,"Demand":0,"DemandMax":1,"Value":13950},{"Length":43,"Height":12,"Demand":0,"DemandMax":1,"Value":1032},{"Length":45,"Height":11,"Demand":0,"DemandMax":1,"Value":990},{"Length":22,"Height":17,"Demand":0,"DemandMax":1,"Value":374},{"Length":10,"Height":44,"Demand":0,"DemandMax":1,"Value":440},{"Length":34,"Height":25,"Demand":0,"DemandMax":1,"Value":850},{"Length":43,"Height":6,"Demand":0,"DemandMax":1,"Value":258},{"Length":47,"Height":22,"Demand":0,"DemandMax":1,"Value":2068},{"Length":14,"Height":5,"Demand":0,"DemandMax":1,"Value":70},{"Length":22,"Height":38,"Demand":0,"DemandMax":1,"Value":2508},{"Length":57,"Height":94,"Demand":0,"DemandMax":1,"Value":16074},{"Length":3,"Height":11,"Demand":0,"DemandMax":1,"Value":33},{"Length":43,"Height":46,"Demand":0,"DemandMax":1,"Value":5934},{"Length":25,"Height":25,"Demand":0,"DemandMax":1,"Value":625},{"Length":40,"Height":33,"Demand":0,"DemandMax":1,"Value":1320},{"Length":49,"Height":39,"Demand":0,"DemandMax":1,"Value":1911},{"Length":41,"Height":17,"Demand":0,"DemandMax":1,"Value":2091},{"Length":84,"Height":31,"Demand":0,"DemandMax":1,"Value":2604},{"Length":53,"Height":51,"Demand":0,"DemandMax":1,"Value":5406},{"Length":16,"Height":43,"Demand":0,"DemandMax":1,"Value":1376},{"Length":30,"Height":29,"Demand":0,"DemandMax":1,"Value":1740},{"Length":20,"Height":18,"Demand":0,"DemandMax":1,"Value":720},{"Length":35,"Height":9,"Demand":0,"DemandMax":1,"Value":630},{"Length":21,"Height":33,"Demand":0,"DemandMax":1,"Value":2079},{"Length":50,"Height":8,"Demand":0,"DemandMax":1,"Value":800},{"Length":17,"Height":18,"Demand":0,"DemandMax":1,"Value":612},{"Length":74,"Height":74,"Demand":0,"DemandMax":1,"Value":5476},{"Length":65,"Height":70,"Demand":0,"DemandMax":1,"Value":9100},{"Length":24,"Height":17,"Demand":0,"DemandMax":1,"Value":816},{"Length":39,"Height":28,"Demand":0,"DemandMax":1,"Value":3276},{"Length":39,"Height":43,"Demand":0,"DemandMax":1,"Value":3354},{"Length":11,"Height":19,"Demand":0,"DemandMax":1,"Value":209},{"Length":56,"Height":100,"Demand":0,"DemandMax":1,"Value":5600},{"Length":29,"Height":31,"Demand":0,"DemandMax":1,"Value":2697},{"Length":17,"Height":24,"Demand":0,"DemandMax":1,"Value":816},{"Length":47,"Height":23,"Demand":0,"DemandMax":1,"Value":2162},{"Length":27,"Height":25,"Demand":0,"DemandMax":1,"Value":675},{"Length":28,"Height":6,"Demand":0,"DemandMax":1,"Value":168},{"Length":42,"Height":50,"Demand":0,"DemandMax":1,"Value":2100},{"Length":11,"Height":92,"Demand":0,"DemandMax":1,"Value":2024},{"Length":33,"Height":15,"Demand":0,"DemandMax":1,"Value":1485},{"Length":2,"Height":92,"Demand":0,"DemandMax":1,"Value":184},{"Length":5,"Height":20,"Demand":0,"DemandMax":1,"Value":100},{"Length":49,"Height":3,"Demand":0,"DemandMax":1,"Value":294},{"Length":26,"Height":27,"Demand":0,"DemandMax":1,"Value":1404},{"Length":43,"Height":4,"Demand":0,"DemandMax":1,"Value":344},{"Length":43,"Height":46,"Demand":0,"DemandMax":1,"Value":3956},{"Length":11,"Height":31,"Demand":0,"DemandMax":1,"Value":682},{"Length":30,"Height":43,"Demand":0,"DemandMax":1,"Value":2580},{"Length":85,"Height":15,"Demand":0,"DemandMax":1,"Value":1275},{"Length":12,"Height":39,"Demand":0,"DemandMax":1,"Value":1404},{"Length":44,"Height":94,"Demand":0,"DemandMax":1,"Value":4136},{"Length":99,"Height":100,"Demand":0,"DemandMax":1,"Value":9900},{"Length":68,"Height":72,"Demand":0,"DemandMax":1,"Value":4896},{"Length":36,"Height":77,"Demand":0,"DemandMax":1,"Value":2772},{"Length":29,"Height":45,"Demand":0,"DemandMax":1,"Value":3915},{"Length":10,"Height":45,"Demand":0,"DemandMax":1,"Value":900},{"Length":77,"Height":45,"Demand":0,"DemandMax":1,"Value":6930},{"Length":36,"Height":43,"Demand":0,"DemandMax":1,"Value":1548},{"Length":49,"Height":10,"Demand":0,"DemandMax":1,"Value":1470},{"Length":21,"Height":49,"Demand":0,"DemandMax":1,"Value":2058},{"Length":16,"Height":10,"Demand":0,"DemandMax":1,"Value":480},{"Length":28,"Height":89,"Demand":0,"DemandMax":1,"Value":7476},{"Length":44,"Height":11,"Demand":0,"DemandMax":1,"Value":968},{"Length":7,"Height":20,"Demand":0,"DemandMax":1,"Value":140},{"Length":82,"Height":49,"Demand":0,"DemandMax":1,"Value":12054},{"Length":27,"Height":31,"Demand":0,"DemandMax":1,"Value":1674},{"Length":30,"Height":20,"Demand":0,"DemandMax":1,"Value":1800},{"Length":38,"Height":50,"Demand":0,"DemandMax":1,"Value":3800},{"Length":5,"Height":32,"Demand":0,"DemandMax":1,"Value":160},{"Length":2,"Height":42,"Demand":0,"DemandMax":1,"Value":84},{"Length":32,"Height":23,"Demand":0,"DemandMax":1,"Value":1472},{"Length":3,"Height":90,"Demand":0,"DemandMax":1,"Value":540},{"Length":47,"Height":34,"Demand":0,"DemandMax":1,"Value":1598},{"Length":87,"Height":27,"Demand":0,"DemandMax":1,"Value":2349},{"Length":19,"Height":17,"Demand":0,"DemandMax":1,"Value":646},{"Length":10,"Height":2,"Demand":0,"DemandMax":1,"Value":40},{"Length":70,"Height":65,"Demand":0,"DemandMax":1,"Value":9100},{"Length":24,"Height":19,"Demand":0,"DemandMax":1,"Value":456},{"Length":77,"Height":13,"Demand":0,"DemandMax":1,"Value":2002},{"Length":42,"Height":8,"Demand":0,"DemandMax":1,"Value":336},{"Length":98,"Height":32,"Demand":0,"DemandMax":1,"Value":9408},{"Length":49,"Height":30,"Demand":0,"DemandMax":1,"Value":1470},{"Length":99,"Height":95,"Demand":0,"DemandMax":1,"Value":9405},{"Length":27,"Height":8,"Demand":0,"DemandMax":1,"Value":216},{"Length":13,"Height":47,"Demand":0,"DemandMax":1,"Value":1833},{"Length":3,"Height":45,"Demand":0,"DemandMax":1,"Value":405},{"Length":44,"Height":19,"Demand":0,"DemandMax":1,"Value":2508},{"Length":28,"Height":13,"Demand":0,"DemandMax":1,"Value":1092},{"Length":7,"Height":45,"Demand":0,"DemandMax":1,"Value":945},{"Length":38,"Height":49,"Demand":0,"DemandMax":1,"Value":1862},{"Length":22,"Height":5,"Demand":0,"DemandMax":1,"Value":110},{"Length":82,"Height":79,"Demand":0,"DemandMax":1,"Value":19434},{"Length":33,"Height":46,"Demand":0,"DemandMax":1,"Value":3036},{"Length":9,"Height":17,"Demand":0,"DemandMax":1,"Value":306},{"Length":81,"Height":90,"Demand":0,"DemandMax":1,"Value":7290},{"Length":48,"Height":45,"Demand":0,"DemandMax":1,"Value":4320},{"Length":31,"Height":50,"Demand":0,"DemandMax":1,"Value":4650},{"Length":47,"Height":13,"Demand":0,"DemandMax":1,"Value":1833},{"Length":72,"Height":91,"Demand":0,"DemandMax":1,"Value":19656},{"Length":44,"Height":2,"Demand":0,"DemandMax":1,"Value":88},{"Length":67,"Height":89,"Demand":0,"DemandMax":1,"Value":5963},{"Length":26,"Height":23,"Demand":0,"DemandMax":1,"Value":1794},{"Length":16,"Height":47,"Demand":0,"DemandMax":1,"Value":1504},{"Length":33,"Height":76,"Demand":0,"DemandMax":1,"Value":7524},{"Length":13,"Height":31,"Demand":0,"DemandMax":1,"Value":806},{"Length":10,"Height":43,"Demand":0,"DemandMax":1,"Value":860},{"Length":21,"Height":79,"Demand":0,"DemandMax":1,"Value":4977},{"Length":46,"Height":29,"Demand":0,"DemandMax":1,"Value":2668},{"Length":40,"Height":47,"Demand":0,"DemandMax":1,"Value":5640},{"Length":21,"Height":2,"Demand":0,"DemandMax":1,"Value":84},{"Length":25,"Height":39,"Demand":0,"DemandMax":1,"Value":2925},{"Length":36,"Height":49,"Demand":0,"DemandMax":1,"Value":3528},{"Length":77,"Height":41,"Demand":0,"DemandMax":1,"Value":3157},{"Length":78,"Height":5,"Demand":0,"DemandMax":1,"Value":780},{"Length":24,"Height":38,"Demand":0,"DemandMax":1,"Value":2736},{"Length":99,"Height":66,"Demand":0,"DemandMax":1,"Value":6534},{"Length":99,"Height":38,"Demand":0,"DemandMax":1,"Value":11286},{"Length":50,"Height":42,"Demand":0,"DemandMax":1,"Value":2100},{"Length":39,"Height":80,"Demand":0,"DemandMax":1,"Value":9360},{"Length":83,"Height":25,"Demand":0,"DemandMax":1,"Value":4150},{"Length":41,"Height":13,"Demand":0,"DemandMax":1,"Value":1599},{"Length":9,"Height":11,"Demand":0,"DemandMax":1,"Value":99},{"Length":32,"Height":37,"Demand":0,"DemandMax":1,"Value":1184},{"Length":20,"Height":25,"Demand":0,"DemandMax":1,"Value":1000},{"Length":95,"Height":39,"Demand":0,"DemandMax":1,"Value":7410},{"Length":87,"Height":73,"Demand":0,"DemandMax":1,"Value":12702},{"Length":83,"Height":100,"Demand":0,"DemandMax":1,"Value":8300},{"Length":34,"Height":34,"Demand":0,"DemandMax":1,"Value":2312},{"Length":35,"Height":20,"Demand":0,"DemandMax":1,"Value":1400},{"Length":24,"Height":15,"Demand":0,"DemandMax":1,"Value":360},{"Length":97,"Height":24,"Demand":0,"DemandMax":1,"Value":4656},{"Length":55,"Height":56,"Demand":0,"DemandMax":1,"Value":9240},{"Length":48,"Height":43,"Demand":0,"DemandMax":1,"Value":6192},{"Length":82,"Height":16,"Demand":0,"DemandMax":1,"Value":3936},{"Length":39,"Height":93,"Demand":0,"DemandMax":1,"Value":3627},{"Length":26,"Height":38,"Demand":0,"DemandMax":1,"Value":1976},{"Length":25,"Height":8,"Demand":0,"DemandMax":1,"Value":200},{"Length":40,"Height":39,"Demand":0,"DemandMax":1,"Value":3120},{"Length":45,"Height":24,"Demand":0,"DemandMax":1,"Value":3240},{"Length":93,"Height":11,"Demand":0,"DemandMax":1,"Value":3069},{"Length":49,"Height":9,"Demand":0,"DemandMax":1,"Value":882}]}