{"Name":"ngcutfs1_31","Objects":[{"Length":100,"Height":100,"Stock":null,"Cost":10000}],"Items":[{"Length":76,"Height":35,"Demand":0,"DemandMax":1,"Value":7980},{"Length":25,"Height":25,"Demand":0,"DemandMax":1,"Value":1250},{"Length":23,"Height":40,"Demand":0,"DemandMax":1,"Value":920},{"Length":80,"Height":30,"Demand":0,"DemandMax":1,"Value":7200},{"Length":100,"Height":48,"Demand":0,"DemandMax":1,"Value":9600},{"Length":99,"Height":96,"Demand":0,"DemandMax":1,"Value":9504},{"Length":28,"Height":82,"Demand":0,"DemandMax":1,"Value":4592},{"Length":4,"Height":15,"Demand":0,"DemandMax":1,"Value":60},{"Length":22,"Height":81,"Demand":0,"DemandMax":1,"Value":5346},{"Length":7,"Height":7,"Demand":0,"DemandMax":1,"Value":147},{"Length":40,"Height":87,"Demand":0,"DemandMax":1,"Value":6960},{"Length":97,"Height":45,"Demand":0,"DemandMax":1,"Value":4365},{"Length":73,"Height":70,"Demand":0,"DemandMax":1,"Value":15330},{"Length":48,"Height":80,"Demand":0,"DemandMax":1,"Value":11520},{"Length":46,"Height":38,"Demand":0,"DemandMax":1,"Value":5244},{"Length":37,"Height":8,"Demand":0,"DemandMax":1,"Value":592},{"Length":26,"Height":37,"Demand":0,"DemandMax":1,"Value":2886},{"Length":2,"Height":78,"Demand":0,"DemandMax":1,"Value":312},{"Length":19,"Height":89,"Demand":0,"DemandMax":1,"Value":3382},{"Length":5,"Height":100,"Demand":0,"DemandMax":1,"Value":1000},{"Length":43,"Height":48,"Demand":0,"DemandMax":1,"Value":2064},{"Length":86,"Height":4,"Demand":0,"DemandMax":1,"Value":688},{"Length":100,"Height":83,"Demand":0,"DemandMax":1,"Value":16600},{"Length":57,"Height":59,"Demand":0,"DemandMax":1,"Value":6726},{"Length":44,"Height":99,"Demand":0,"DemandMax":1,"Value":13068},{"Length":32,"Height":11,"Demand":0,"DemandMax":1,"Value":1056},{"Length":28,"Height":86,"Demand":0,"DemandMax":1,"Value":7224},{"Length":90,"Height":50,"Demand":0,"DemandMax":1,"Value":13500},{"Length":32,"Height":10,"Demand":0,"DemandMax":1,"Value":960},{"Length":14,"Height":97,"Demand":0,"DemandMax":1,"Value":1358},{"Length":11,"Height":48,"Demand":0,"DemandMax":1,"Value":1056},{"Length":18,"Height":48,"Demand":0,"DemandMax":1,"Value":2592},{"Length":16,"Height":26,"Demand":0,"DemandMax":1,"Value":832},{"Length":13,"Height":85,"Demand":0,"DemandMax":1,"Value":1105},{"Length":4,"Height":7,"Demand":0,"DemandMax":1,"Value":28},{"Length":88,"Height":22,"Demand":0,"DemandMax":1,"Value":3872},{"Length":27,"Height":48,"Demand":0,"DemandMax":1,"Value":3888},{"Length":28,"Height":31,"Demand":0,"DemandMax":1,"Value":2604},{"Length":6,"Height":92,"Demand":0,"DemandMax":1,"Value":552},{"Length":8,"Height":9,"Demand":0,"DemandMax":1,"Value":72},{"Length":100,"Height":50,"Demand":0,"DemandMax":1,"Value":15000},{"Length":32,"Height":39,"Demand":0,"DemandMax":1,"Value":1248},{"Length":100,"Height":11,"Demand":0,"DemandMax":1,"Value":2200},{"Length":94,"Height":42,"Demand":0,"DemandMax":1,"Value":7896},{"Length":91,"Height":31,"Demand":0,"DemandMax":1,"Value":8463},{"Length":71,"Height":83,"Demand":0,"DemandMax":1,"Value":11786},{"Length":56,"Height":65,"Demand":0,"DemandMax":1,"Value":7280},{"Length":25,"Height":36,"Demand":0,"DemandMax":1,"Value":1800},{"Length":46,"Height":22,"Demand":0,"DemandMax":1,"Value":3036},{"Length":60,"Height":77,"Demand":0,"DemandMax":1,"Value":13860}]}