{"Name":"ngcutfs3_91","Objects":[{"Length":100,"Height":100,"Stock":null,"Cost":10000}],"Items":[{"Length":45,"Height":42,"Demand":0,"DemandMax":1,"Value":1890},{"Length":47,"Height":21,"Demand":0,"DemandMax":1,"Value":987},{"Length":65,"Height":59,"Demand":0,"DemandMax":1,"Value":11505},{"Length":34,"Height":31,"Demand":0,"DemandMax":1,"Value":3162},{"Length":38,"Height":17,"Demand":0,"DemandMax":1,"Value":1292},{"Length":30,"Height":11,"Demand":0,"DemandMax":1,"Value":990},{"Length":29,"Height":27,"Demand":0,"DemandMax":1,"Value":783},{"Length":37,"Height":45,"Demand":0,"DemandMax":1,"Value":4995},{"Length":92,"Height":70,"Demand":0,"DemandMax":1,"Value":6440},{"Length":43,"Height":27,"Demand":0,"DemandMax":1,"Value":3483},{"Length":39,"Height":5,"Demand":0,"DemandMax":1,"Value":390},{"Length":22,"Height":37,"Demand":0,"DemandMax":1,"Value":814},{"Length":41,"Height":15,"Demand":0,"DemandMax":1,"Value":615},{"Length":7,"Height":36,"Demand":0,"DemandMax":1,"Value":756},{"Length":14,"Height":99,"Demand":0,"DemandMax":1,"Value":1386},{"Length":40,"Height":9,"Demand":0,"DemandMax":1,"Value":720},{"Length":43,"Height":3,"Demand":0,"DemandMax":1,"Value":258},{"Length":22,"Height":7,"Demand":0,"DemandMax":1,"Value":462},{"Length":26,"Height":13,"Demand":0,"DemandMax":1,"Value":338},{"Length":26,"Height":7,"Demand":0,"DemandMax":1,"Value":546},{"Length":15,"Height":8,"Demand":0,"DemandMax":1,"Value":360},{"Length":7,"Height":5,"Demand":0,"DemandMax":1,"Value":70},{"Length":13,"Height":21,"Demand":0,"DemandMax":1,"Value":273},{"Length":21,"Height":17,"Demand":0,"DemandMax":1,"Value":714},{"Length":11,"Height":76,"Demand":0,"DemandMax":1,"Value":1672},{"Length":100,"Height":44,"Demand":0,"DemandMax":1,"Value":8800},{"Length":24,"Height":4,"Demand":0,"DemandMax":1,"Value":192},{"Length":35,"Height":31,"Demand":0,"DemandMax":1,"Value":1085},{"Length":41,"Height":20,"Demand":0,"DemandMax":1,"Value":2460},{"Length":98,"Height":3,"Demand":0,"DemandMax":1,"Value":588},{"Length":52,"Height":68,"Demand":0,"DemandMax":1,"Value":10608},{"Length":46,"Height":19,"Demand":0,"DemandMax":1,"Value":874},{"Length":75,"Height":100,"Demand":0,"DemandMax":1,"Value":15000},{"Length":6,"Height":3,"Demand":0,"DemandMax":1,"Value":18},{"Length":24,"Height":88,"Demand":0,"DemandMax":1,"Value":6336},{"Length":68,"Height":100,"Demand":0,"DemandMax":1,"Value":6800},{"Length":46,"Height":7,"Demand":0,"DemandMax":1,"Value":644},{"Length":24,"Height":21,"Demand":0,"DemandMax":1,"Value":1512},{"Length":27,"Height":31,"Demand":0,"DemandMax":1,"Value":1674},{"Length":29,"Height":15,"Demand":0,"DemandMax":1,"Value":1305},{"Length":34,"Height":8,"Demand":0,"DemandMax":1,"Value":544},{"Length":44,"Height":37,"Demand":0,"DemandMax":1,"Value":3256},{"Length":42,"Height":24,"Demand":0,"DemandMax":1,"Value":3024},{"Length":25,"Height":34,"Demand":0,"DemandMax":1,"Value":850},{"Length":75,"Height":55,"Demand":0,"DemandMax":1,"Value":12375},{"Length":25,"Height":47,"Demand":0,"DemandMax":1,"Value":2350},{"Length":40,"Height":83,"Demand":0,"DemandMax":1,"Value":9960},{"Length":50,"Height":36,"Demand":0,"DemandMax":1,"Value":1800},{"Length":88,"Height":64,"Demand":0,"DemandMax":1,"Value":11264},{"Length":31,"Height":12,"Demand":0,"DemandMax":1,"Value":372},{"Length":13,"Height":18,"Demand":0,"DemandMax":1,"Value":702},{"Length":18,"Height":18,"Demand":0,"DemandMax":1,"Value":324},{"Length":3,"Height":45,"Demand":0,"DemandMax":1,"Value":270},{"Length":19,"Height":82,"Demand":0,"DemandMax":1,"Value":3116},{"Length":22,"Height":48,"Demand":0,"DemandMax":1,"Value":1056},{"Length":5,"Height":21,"Demand":0,"DemandMax":1,"Value":105},{"Length":9,"Height":91,"Demand":0,"DemandMax":1,"Value":2457},{"Length":48,"Height":14,"Demand":0,"DemandMax":1,"Value":672},{"Length":36,"Height":97,"Demand":0,"DemandMax":1,"Value":6984},{"Length":42,"Height":23,"Demand":0,"DemandMax":1,"Value":966},{"Length":60,"Height":81,"Demand":0,"DemandMax":1,"Value":14580},{"Length":7,"Height":82,"Demand":0,"DemandMax":1,"Value":1722},{"Length":8,"Height":3,"Demand":0,"DemandMax":1,"Value":72},{"Length":21,"Height":7,"Demand":0,"DemandMax":1,"Value":441},{"Length":2,"Height":13,"Demand":0,"DemandMax":1,"Value":78},{"Length":34,"Height":39,"Demand":0,"DemandMax":1,"Value":3978},{"Length":90,"Height":35,"Demand":0,"DemandMax":1,"Value":9450},{"Length":23,"Height":49,"Demand":0,"DemandMax":1,"Value":2254},{"Length":51,"Height":59,"Demand":0,"DemandMax":1,"Value":6018},{"Length":13,"Height":34,"Demand":0,"DemandMax":1,"Value":1326},{"Length":55,"Height":67,"Demand":0,"DemandMax":1,"Value":7370},{"Length":43,"Height":79,"Demand":0,"DemandMax":1,"Value":3397},{"Length":28,"Height":17,"Demand":0,"DemandMax":1,"Value":952},{"Length":24,"Height":5,"Demand":0,"DemandMax":1,"Value":120},{"Length":32,"Height":86,"Demand":0,"DemandMax":1,"Value":2752},{"Length":11,"Height":8,"Demand":0,"DemandMax":1,"Value":264},{"Length":31,"Height":8,"Demand":0,"DemandMax":1,"Value":744},{"Length":94,"Height":70,"Demand":0,"DemandMax":1,"Value":19740},{"Length":32,"Height":45,"Demand":0,"DemandMax":1,"Value":1440},{"Length":45,"Height":99,"Demand":0,"DemandMax":1,"Value":8910},{"Length":94,"Height":36,"Demand":0,"DemandMax":1,"Value":3384},{"Length":100,"Height":4,"Demand":0,"DemandMax":1,"Value":1200},{"Length":50,"Height":38,"Demand":0,"DemandMax":1,"Value":3800},{"Length":43,"Height":80,"Demand":0,"DemandMax":1,"Value":10320},{"Length":39,"Height":18,"Demand":0,"DemandMax":1,"Value":1404},{"Length":59,"Height":69,"Demand":0,"DemandMax":1,"Value":8142},{"Length":41,"Height":14,"Demand":0,"DemandMax":1,"Value":1148},{"Length":6,"Height":27,"Demand":0,"DemandMax":1,"Value":486},{"Length":50,"Height":42,"Demand":0,"DemandMax":1,"Value":2100},{"Length":15,"Height":23,"Demand":0,"DemandMax":1,"Value":1035},{"Length":19,"Height":94,"Demand":0,"DemandMax":1,"Value":3572},{"Length":94,"Height":15,"Demand":0,"DemandMax":1,"Value":4230},{"Length":43,"Height":86,"Demand":0,"DemandMax":1,"Value":11094},{"Length":58,"Height":58,"Demand":0,"DemandMax":1,"Value":6728},{"Length":29,"Height":17,"Demand":0,"DemandMax":1,"Value":493},{"Length":62,"Height":63,"Demand":0,"DemandMax":1,"Value":7812},{"Length":7,"Height":20,"Demand":0,"DemandMax":1,"Value":140},{"Length":42,"Height":91,"Demand":0,"DemandMax":1,"Value":3822},{"Length":10,"Height":9,"Demand":0,"DemandMax":1,"Value":180},{"Length":38,"Height":2,"Demand":0,"DemandMax":1,"Value":76},{"Length":24,"Height":3,"Demand":0,"DemandMax":1,"Value":72},{"Length":45,"Height":32,"Demand":0,"DemandMax":1,"Value":1440},{"Length":26,"Height":43,"Demand":0,"DemandMax":1,"Value":1118},{"Length":22,"Height":85,"Demand":0,"DemandMax":1,"Value":5610},{"Length":29,"Height":80,"Demand":0,"DemandMax":1,"Value":4640},{"Length":10,"Height":34,"Demand":0,"DemandMax":1,"Value":680},{"Length":43,"Height":28,"Demand":0,"DemandMax":1,"Value":1204},{"Length":13,"Height":15,"Demand":0,"DemandMax":1,"Value":195},{"Length":38,"Height":13,"Demand":0,"DemandMax":1,"Value":1482},{"Length":28,"Height":33,"Demand":0,"DemandMax":1,"Value":2772},{"Length":35,"Height":33,"Demand":0,"DemandMax":1,"Value":2310},{"Length":86,"Height":28,"Demand":0,"DemandMax":1,"Value":4816},{"Length":36,"Height":12,"Demand":0,"DemandMax":1,"Value":432},{"Length":29,"Height":36,"Demand":0,"DemandMax":1,"Value":1044},{"Length":10,"Height":6,"Demand":0,"DemandMax":1,"Value":120},{"Length":13,"Height":22,"Demand":0,"DemandMax":1,"Value":858},{"Length":23,"Height":18,"Demand":0,"DemandMax":1,"Value":1242},{"Length":30,"Height":12,"Demand":0,"DemandMax":1,"Value":1080},{"Length":39,"Height":34,"Demand":0,"DemandMax":1,"Value":1326},{"Length":71,"Height":64,"Demand":0,"DemandMax":1,"Value":4544},{"Length":50,"Height":46,"Demand":0,"DemandMax":1,"Value":4600},{"Length":50,"Height":15,"Demand":0,"DemandMax":1,"Value":750},{"Length":44,"Height":27,"Demand":0,"DemandMax":1,"Value":3564},{"Length":22,"Height":46,"Demand":0,"DemandMax":1,"Value":1012},{"Length":79,"Height":57,"Demand":0,"DemandMax":1,"Value":9006},{"Length":34,"Height":10,"Demand":0,"DemandMax":1,"Value":680},{"Length":3,"Height":37,"Demand":0,"DemandMax":1,"Value":111},{"Length":67,"Height":54,"Demand":0,"DemandMax":1,"Value":10854},{"Length":32,"Height":13,"Demand":0,"DemandMax":1,"Value":832},{"Length":49,"Height":99,"Demand":0,"DemandMax":1,"Value":14553},{"Length":40,"Height":38,"Demand":0,"DemandMax":1,"Value":4560},{"Length":38,"Height":18,"Demand":0,"DemandMax":1,"Value":1368},{"Length":82,"Height":74,"Demand":0,"DemandMax":1,"Value":18204},{"Length":13,"Height":85,"Demand":0,"DemandMax":1,"Value":3315},{"Length":3,"Height":10,"Demand":0,"DemandMax":1,"Value":60},{"Length":35,"Height":44,"Demand":0,"DemandMax":1,"Value":3080},{"Length":43,"Height":30,"Demand":0,"DemandMax":1,"Value":1290},{"Length":27,"Height":33,"Demand":0,"DemandMax":1,"Value":2673},{"Length":49,"Height":93,"Demand":0,"DemandMax":1,"Value":13671},{"Length":60,"Height":62,"Demand":0,"DemandMax":1,"Value":11160},{"Length":48,"Height":22,"Demand":0,"DemandMax":1,"Value":2112},{"Length":36,"Height":9,"Demand":0,"DemandMax":1,"Value":324},{"Length":47,"Height":89,"Demand":0,"DemandMax":1,"Value":12549},{"Length":18,"Height":32,"Demand":0,"DemandMax":1,"Value":576},{"Length":22,"Height":35,"Demand":0,"DemandMax":1,"Value":1540},{"Length":92,"Height":90,"Demand":0,"DemandMax":1,"Value":8280},{"Length":36,"Height":8,"Demand":0,"DemandMax":1,"Value":576},{"Length":15,"Height":10,"Demand":0,"DemandMax":1,"Value":150},{"Length":30,"Height":48,"Demand":0,"DemandMax":1,"Value":1440},{"Length":11,"Height":3,"Demand":0,"DemandMax":1,"Value":33}]}