{"Name":"ngcutfs2_89","Objects":[{"Length":100,"Height":100,"Stock":null,"Cost":10000}],"Items":[{"Length":46,"Height":41,"Demand":0,"DemandMax":4,"Value":5658},{"Length":41,"Height":76,"Demand":0,"DemandMax":4,"Value":9348},{"Length":7,"Height":44,"Demand":0,"DemandMax":4,"Value":308},{"Length":68,"Height":76,"Demand":0,"DemandMax":4,"Value":10336},{"Length":41,"Height":44,"Demand":0,"DemandMax":4,"Value":3608},{"Length":41,"Height":13,"Demand":0,"DemandMax":4,"Value":533},{"Length":12,"Height":39,"Demand":0,"DemandMax":8,"Value":936},{"Length":80,"Height":60,"Demand":0,"DemandMax":4,"Value":14400},{"Length":46,"Height":77,"Demand":0,"DemandMax":4,"Value":10626},{"Length":30,"Height":22,"Demand":0,"DemandMax":4,"Value":1320},{"Length":34,"Height":100,"Demand":0,"DemandMax":4,"Value":6800},{"Length":12,"Height":6,"Demand":0,"DemandMax":4,"Value":144},{"Length":36,"Height":27,"Demand":0,"DemandMax":4,"Value":2916},{"Length":98,"Height":27,"Demand":0,"DemandMax":4,"Value":5292},{"Length":21,"Height":42,"Demand":0,"DemandMax":4,"Value":1764},{"Length":27,"Height":21,"Demand":0,"DemandMax":4,"Value":1134},{"Length":32,"Height":29,"Demand":0,"DemandMax":4,"Value":1856},{"Length":39,"Height":18,"Demand":0,"DemandMax":4,"Value":702},{"Length":41,"Height":37,"Demand":0,"DemandMax":4,"Value":1517},{"Length":24,"Height":98,"Demand":0,"DemandMax":4,"Value":7056},{"Length":84,"Height":20,"Demand":0,"DemandMax":4,"Value":1680},{"Length":16,"Height":45,"Demand":0,"DemandMax":4,"Value":720},{"Length":7,"Height":14,"Demand":0,"DemandMax":4,"Value":196},{"Length":47,"Height":6,"Demand":0,"DemandMax":4,"Value":846},{"Length":93,"Height":11,"Demand":0,"DemandMax":4,"Value":1023},{"Length":6,"Height":46,"Demand":0,"DemandMax":4,"Value":552},{"Length":41,"Height":28,"Demand":0,"DemandMax":4,"Value":3444},{"Length":85,"Height":22,"Demand":0,"DemandMax":4,"Value":5610},{"Length":86,"Height":26,"Demand":0,"DemandMax":4,"Value":2236},{"Length":45,"Height":49,"Demand":0,"DemandMax":4,"Value":4410},{"Length":53,"Height":71,"Demand":0,"DemandMax":4,"Value":3763},{"Length":79,"Height":43,"Demand":0,"DemandMax":8,"Value":6794},{"Length":92,"Height":75,"Demand":0,"DemandMax":4,"Value":20700},{"Length":58,"Height":100,"Demand":0,"DemandMax":4,"Value":17400},{"Length":30,"Height":13,"Demand":0,"DemandMax":4,"Value":390},{"Length":21,"Height":6,"Demand":0,"DemandMax":4,"Value":378},{"Length":90,"Height":52,"Demand":0,"DemandMax":4,"Value":4680},{"Length":6,"Height":18,"Demand":0,"DemandMax":4,"Value":216},{"Length":36,"Height":79,"Demand":0,"DemandMax":4,"Value":5688},{"Length":2,"Height":30,"Demand":0,"DemandMax":4,"Value":120},{"Length":26,"Height":26,"Demand":0,"DemandMax":4,"Value":676},{"Length":93,"Height":82,"Demand":0,"DemandMax":4,"Value":15252},{"Length":36,"Height":39,"Demand":0,"DemandMax":4,"Value":4212},{"Length":69,"Height":80,"Demand":0,"DemandMax":4,"Value":5520},{"Length":59,"Height":81,"Demand":0,"DemandMax":4,"Value":4779},{"Length":5,"Height":41,"Demand":0,"DemandMax":4,"Value":410},{"Length":42,"Height":18,"Demand":0,"DemandMax":4,"Value":756},{"Length":48,"Height":50,"Demand":0,"DemandMax":4,"Value":2400},{"Length":36,"Height":88,"Demand":0,"DemandMax":4,"Value":3168},{"Length":31,"Height":34,"Demand":0,"DemandMax":4,"Value":2108},{"Length":10,"Height":77,"Demand":0,"DemandMax":4,"Value":1540},{"Length":61,"Height":61,"Demand":0,"DemandMax":4,"Value":7442},{"Length":9,"Height":16,"Demand":0,"DemandMax":4,"Value":144},{"Length":33,"Height":4,"Demand":0,"DemandMax":4,"Value":132},{"Length":95,"Height":23,"Demand":0,"DemandMax":4,"Value":4370},{"Length":20,"Height":35,"Demand":0,"DemandMax":4,"Value":2100},{"Length":28,"Height":19,"Demand":0,"DemandMax":4,"Value":1064},{"Length":96,"Height":62,"Demand":0,"DemandMax":4,"Value":17856},{"Length":20,"Height":24,"Demand":0,"DemandMax":4,"Value":480},{"Length":9,"Height":76,"Demand":0,"DemandMax":4,"Value":2052},{"Length":13,"Height":77,"Demand":0,"DemandMax":4,"Value":2002},{"Length":31,"Height":33,"Demand":0,"DemandMax":4,"Value":1023},{"Length":19,"Height":49,"Demand":0,"DemandMax":4,"Value":2793},{"Length":77,"Height":52,"Demand":0,"DemandMax":4,"Value":8008},{"Length":10,"Height":87,"Demand":0,"DemandMax":4,"Value":1740},{"Length":17,"Height":44,"Demand":0,"DemandMax":4,"Value":2244},{"Length":42,"Height":35,"Demand":0,"DemandMax":4,"Value":4410},{"Length":52,"Height":92,"Demand":0,"DemandMax":4,"Value":4784},{"Length":26,"Height":17,"Demand":0,"DemandMax":4,"Value":884},{"Length":81,"Height":9,"Demand":0,"DemandMax":4,"Value":2187},{"Length":97,"Height":99,"Demand":0,"DemandMax":4,"Value":19206},{"Length":38,"Height":38,"Demand":0,"DemandMax":4,"Value":2888},{"Length":19,"Height":92,"Demand":0,"DemandMax":4,"Value":3496},{"Length":26,"Height":48,"Demand":0,"DemandMax":4,"Value":3744},{"Length":36,"Height":27,"Demand":0,"DemandMax":4,"Value":1944},{"Length":26,"Height":21,"Demand":0,"DemandMax":4,"Value":1092},{"Length":28,"Height":93,"Demand":0,"DemandMax":4,"Value":2604},{"Length":19,"Height":45,"Demand":0,"DemandMax":4,"Value":855},{"Length":30,"Height":81,"Demand":0,"DemandMax":4,"Value":2430},{"Length":90,"Height":38,"Demand":0,"DemandMax":4,"Value":6840},{"Length":38,"Height":49,"Demand":0,"DemandMax":4,"Value":1862},{"Length":78,"Height":47,"Demand":0,"DemandMax":4,"Value":10998},{"Length":32,"Height":35,"Demand":0,"DemandMax":4,"Value":1120},{"Length":38,"Height":41,"Demand":0,"DemandMax":4,"Value":1558},{"Length":53,"Height":91,"Demand":0,"DemandMax":4,"Value":14469},{"Length":37,"Height":33,"Demand":0,"DemandMax":4,"Value":1221},{"Length":42,"Height":29,"Demand":0,"DemandMax":4,"Value":3654},{"Length":22,"Height":39,"Demand":0,"DemandMax":4,"Value":1716},{"Length":65,"Height":99,"Demand":0,"DemandMax":4,"Value":6435},{"Length":93,"Height":42,"Demand":0,"DemandMax":4,"Value":11718},{"Length":18,"Height":16,"Demand":0,"DemandMax":4,"Value":864},{"Length":45,"Height":48,"Demand":0,"DemandMax":4,"Value":4320},{"Length":54,"Height":72,"Demand":0,"DemandMax":4,"Value":7776},{"Length":76,"Height":8,"Demand":0,"DemandMax":4,"Value":1824},{"Length":33,"Height":24,"Demand":0,"DemandMax":4,"Value":2376},{"Length":84,"Height":11,"Demand":0,"DemandMax":4,"Value":924},{"Length":23,"Height":30,"Demand":0,"DemandMax":4,"Value":1380},{"Length":6,"Height":9,"Demand":0,"DemandMax":4,"Value":54}]}