{"Name":"ngcutfs2_100","Objects":[{"Length":100,"Height":100,"Stock":null,"Cost":10000}],"Items":[{"Length":11,"Height":20,"Demand":0,"DemandMax":1,"Value":220},{"Length":29,"Height":43,"Demand":0,"DemandMax":1,"Value":2494},{"Length":35,"Height":5,"Demand":0,"DemandMax":1,"Value":175},{"Length":100,"Height":23,"Demand":0,"DemandMax":1,"Value":6900},{"Length":31,"Height":4,"Demand":0,"DemandMax":1,"Value":248},{"Length":2,"Height":38,"Demand":0,"DemandMax":1,"Value":228},{"Length":27,"Height":27,"Demand":0,"DemandMax":1,"Value":729},{"Length":2,"Height":29,"Demand":0,"DemandMax":1,"Value":58},{"Length":83,"Height":16,"Demand":0,"DemandMax":1,"Value":3984},{"Length":46,"Height":31,"Demand":0,"DemandMax":1,"Value":1426},{"Length":15,"Height":7,"Demand":0,"DemandMax":1,"Value":210},{"Length":21,"Height":84,"Demand":0,"DemandMax":1,"Value":1764},{"Length":32,"Height":86,"Demand":0,"DemandMax":1,"Value":5504},{"Length":28,"Height":28,"Demand":0,"DemandMax":1,"Value":1568},{"Length":88,"Height":37,"Demand":0,"DemandMax":1,"Value":3256},{"Length":49,"Height":37,"Demand":0,"DemandMax":1,"Value":1813},{"Length":20,"Height":9,"Demand":0,"DemandMax":1,"Value":360},{"Length":47,"Height":32,"Demand":0,"DemandMax":1,"Value":4512},{"Length":30,"Height":31,"Demand":0,"DemandMax":1,"Value":1860},{"Length":85,"Height":26,"Demand":0,"DemandMax":1,"Value":2210},{"Length":7,"Height":29,"Demand":0,"DemandMax":1,"Value":609},{"Length":26,"Height":78,"Demand":0,"DemandMax":1,"Value":6084},{"Length":46,"Height":94,"Demand":0,"DemandMax":1,"Value":8648},{"Length":37,"Height":2,"Demand":0,"DemandMax":1,"Value":222},{"Length":27,"Height":24,"Demand":0,"DemandMax":1,"Value":1296},{"Length":64,"Height":53,"Demand":0,"DemandMax":1,"Value":3392},{"Length":2,"Height":97,"Demand":0,"DemandMax":1,"Value":388},{"Length":3,"Height":15,"Demand":0,"DemandMax":1,"Value":90},{"Length":38,"Height":100,"Demand":0,"DemandMax":1,"Value":11400},{"Length":91,"Height":27,"Demand":0,"DemandMax":1,"Value":2457},{"Length":33,"Height":48,"Demand":0,"DemandMax":1,"Value":1584},{"Length":44,"Height":50,"Demand":0,"DemandMax":1,"Value":6600},{"Length":76,"Height":31,"Demand":0,"DemandMax":1,"Value":7068},{"Length":47,"Height":91,"Demand":0,"DemandMax":1,"Value":12831},{"Length":20,"Height":26,"Demand":0,"DemandMax":1,"Value":1560},{"Length":24,"Height":10,"Demand":0,"DemandMax":1,"Value":240},{"Length":8,"Height":80,"Demand":0,"DemandMax":1,"Value":1920},{"Length":97,"Height":72,"Demand":0,"DemandMax":1,"Value":6984},{"Length":6,"Height":85,"Demand":0,"DemandMax":1,"Value":510},{"Length":47,"Height":36,"Demand":0,"DemandMax":1,"Value":5076},{"Length":86,"Height":58,"Demand":0,"DemandMax":1,"Value":4988},{"Length":6,"Height":22,"Demand":0,"DemandMax":1,"Value":132},{"Length":9,"Height":27,"Demand":0,"DemandMax":1,"Value":486},{"Length":12,"Height":9,"Demand":0,"DemandMax":1,"Value":216},{"Length":15,"Height":18,"Demand":0,"DemandMax":1,"Value":270},{"Length":94,"Height":22,"Demand":0,"DemandMax":1,"Value":6204},{"Length":35,"Height":5,"Demand":0,"DemandMax":1,"Value":525},{"Length":83,"Height":47,"Demand":0,"DemandMax":1,"Value":7802},{"Length":8,"Height":4,"Demand":0,"DemandMax":1,"Value":96},{"Length":45,"Height":95,"Demand":0,"DemandMax":1,"Value":8550},{"Length":51,"Height":91,"Demand":0,"DemandMax":1,"Value":4641},{"Length":2,"Height":94,"Demand":0,"DemandMax":1,"Value":188},{"Length":59,"Height":72,"Demand":0,"DemandMax":1,"Value":12744},{"Length":4,"Height":37,"Demand":0,"DemandMax":1,"Value":296},{"Length":85,"Height":76,"Demand":0,"DemandMax":1,"Value":19380},{"Length":10,"Height":18,"Demand":0,"DemandMax":1,"Value":180},{"Length":4,"Height":22,"Demand":0,"DemandMax":1,"Value":88},{"Length":87,"Height":27,"Demand":0,"DemandMax":1,"Value":2349},{"Length":23,"Height":41,"Demand":0,"DemandMax":1,"Value":2829},{"Length":43,"Height":97,"Demand":0,"DemandMax":1,"Value":12513},{"Length":14,"Height":8,"Demand":0,"DemandMax":1,"Value":336},{"Length":77,"Height":65,"Demand":0,"DemandMax":1,"Value":10010},{"Length":15,"Height":18,"Demand":0,"DemandMax":1,"Value":810},{"Length":40,"Height":81,"Demand":0,"DemandMax":1,"Value":9720},{"Length":32,"Height":84,"Demand":0,"DemandMax":1,"Value":5376},{"Length":39,"Height":39,"Demand":0,"DemandMax":1,"Value":3042},{"Length":57,"Height":90,"Demand":0,"DemandMax":1,"Value":15390},{"Length":32,"Height":39,"Demand":0,"DemandMax":1,"Value":3744},{"Length":19,"Height":88,"Demand":0,"DemandMax":1,"Value":5016},{"Length":23,"Height":26,"Demand":0,"DemandMax":1,"Value":1794},{"Length":57,"Height":76,"Demand":0,"DemandMax":1,"Value":4332},{"Length":62,"Height":65,"Demand":0,"DemandMax":1,"Value":12090},{"Length":41,"Height":25,"Demand":0,"DemandMax":1,"Value":1025},{"Length":74,"Height":92,"Demand":0,"DemandMax":1,"Value":6808},{"Length":33,"Height":19,"Demand":0,"DemandMax":1,"Value":627},{"Length":48,"Height":23,"Demand":0,"DemandMax":1,"Value":1104},{"Length":40,"Height":16,"Demand":0,"DemandMax":1,"Value":640},{"Length":86,"Height":27,"Demand":0,"DemandMax":1,"Value":2322},{"Length":67,"Height":79,"Demand":0,"DemandMax":1,"Value":5293},{"Length":5,"Height":19,"Demand":0,"DemandMax":1,"Value":285},{"Length":48,"Height":76,"Demand":0,"DemandMax":1,"Value":10944},{"Length":100,"Height":47,"Demand":0,"DemandMax":1,"Value":14100},{"Length":97,"Height":70,"Demand":0,"DemandMax":1,"Value":13580},{"Length":46,"Height":31,"Demand":0,"DemandMax":1,"Value":4278},{"Length":40,"Height":38,"Demand":0,"DemandMax":1,"Value":1520},{"Length":100,"Height":25,"Demand":0,"DemandMax":1,"Value":2500},{"Length":32,"Height":49,"Demand":0,"DemandMax":1,"Value":4704},{"Length":50,"Height":96,"Demand":0,"DemandMax":1,"Value":9600},{"Length":10,"Height":14,"Demand":0,"DemandMax":1,"Value":140},{"Length":10,"Height":98,"Demand":0,"DemandMax":1,"Value":1960},{"Length":17,"Height":83,"Demand":0,"DemandMax":1,"Value":1411},{"Length":93,"Height":10,"Demand":0,"DemandMax":1,"Value":2790},{"Length":84,"Height":8,"Demand":0,"DemandMax":1,"Value":1344},{"Length":87,"Height":39,"Demand":0,"DemandMax":1,"Value":10179},{"Length":80,"Height":9,"Demand":0,"DemandMax":1,"Value":1440},{"Length":92,"Height":45,"Demand":0,"DemandMax":1,"Value":12420},{"Length":31,"Height":9,"Demand":0,"DemandMax":1,"Value":558},{"Length":99,"Height":39,"Demand":0,"DemandMax":1,"Value":7722},{"Length":8,"Height":35,"Demand":0,"DemandMax":1,"Value":840},{"Length":5,"Height":40,"Demand":0,"DemandMax":1,"Value":600},{"Length":36,"Height":12,"Demand":0,"DemandMax":1,"Value":1296},{"Length":100,"Height":93,"Demand":0,"DemandMax":1,"Value":27900},{"Length":80,"Height":13,"Demand":0,"DemandMax":1,"Value":2080},{"Length":90,"Height":85,"Demand":0,"DemandMax":1,"Value":7650},{"Length":17,"Height":8,"Demand":0,"DemandMax":1,"Value":272},{"Length":48,"Height":76,"Demand":0,"DemandMax":1,"Value":7296},{"Length":25,"Height":19,"Demand":0,"DemandMax":1,"Value":475},{"Length":36,"Height":17,"Demand":0,"DemandMax":1,"Value":1836},{"Length":33,"Height":44,"Demand":0,"DemandMax":1,"Value":4356},{"Length":27,"Height":48,"Demand":0,"DemandMax":1,"Value":2592},{"Length":13,"Height":41,"Demand":0,"DemandMax":1,"Value":533},{"Length":32,"Height":50,"Demand":0,"DemandMax":1,"Value":3200},{"Length":2,"Height":42,"Demand":0,"DemandMax":1,"Value":252},{"Length":99,"Height":94,"Demand":0,"DemandMax":1,"Value":9306},{"Length":47,"Height":3,"Demand":0,"DemandMax":1,"Value":423},{"Length":94,"Height":34,"Demand":0,"DemandMax":1,"Value":3196},{"Length":18,"Height":2,"Demand":0,"DemandMax":1,"Value":72},{"Length":92,"Height":48,"Demand":0,"DemandMax":1,"Value":8832},{"Length":100,"Height":59,"Demand":0,"DemandMax":1,"Value":11800},{"Length":79,"Height":14,"Demand":0,"DemandMax":1,"Value":1106},{"Length":20,"Height":93,"Demand":0,"DemandMax":1,"Value":1860},{"Length":90,"Height":43,"Demand":0,"DemandMax":1,"Value":3870},{"Length":20,"Height":2,"Demand":0,"DemandMax":1,"Value":80},{"Length":49,"Height":6,"Demand":0,"DemandMax":1,"Value":294},{"Length":91,"Height":86,"Demand":0,"DemandMax":1,"Value":15652},{"Length":80,"Height":40,"Demand":0,"DemandMax":1,"Value":9600},{"Length":37,"Height":21,"Demand":0,"DemandMax":1,"Value":777},{"Length":32,"Height":42,"Demand":0,"DemandMax":1,"Value":2688},{"Length":63,"Height":57,"Demand":0,"DemandMax":1,"Value":7182},{"Length":26,"Height":38,"Demand":0,"DemandMax":1,"Value":2964},{"Length":31,"Height":35,"Demand":0,"DemandMax":1,"Value":3255},{"Length":43,"Height":98,"Demand":0,"DemandMax":1,"Value":12642},{"Length":28,"Height":98,"Demand":0,"DemandMax":1,"Value":2744},{"Length":93,"Height":28,"Demand":0,"DemandMax":1,"Value":5208},{"Length":18,"Height":95,"Demand":0,"DemandMax":1,"Value":1710},{"Length":39,"Height":24,"Demand":0,"DemandMax":1,"Value":2808},{"Length":21,"Height":42,"Demand":0,"DemandMax":1,"Value":2646},{"Length":86,"Height":44,"Demand":0,"DemandMax":1,"Value":7568},{"Length":17,"Height":90,"Demand":0,"DemandMax":1,"Value":3060},{"Length":8,"Height":87,"Demand":0,"DemandMax":1,"Value":696},{"Length":41,"Height":30,"Demand":0,"DemandMax":1,"Value":3690},{"Length":38,"Height":13,"Demand":0,"DemandMax":1,"Value":988},{"Length":30,"Height":29,"Demand":0,"DemandMax":1,"Value":1740},{"Length":14,"Height":22,"Demand":0,"DemandMax":1,"Value":616},{"Length":25,"Height":79,"Demand":0,"DemandMax":1,"Value":5925},{"Length":13,"Height":8,"Demand":0,"DemandMax":1,"Value":208},{"Length":5,"Height":15,"Demand":0,"DemandMax":1,"Value":225},{"Length":16,"Height":84,"Demand":0,"DemandMax":1,"Value":1344},{"Length":37,"Height":87,"Demand":0,"DemandMax":1,"Value":6438},{"Length":41,"Height":76,"Demand":0,"DemandMax":1,"Value":9348}]}