{"Name":"ngcutfs2_108","Objects":[{"Length":100,"Height":100,"Stock":null,"Cost":10000}],"Items":[{"Length":87,"Height":77,"Demand":0,"DemandMax":3,"Value":6699},{"Length":98,"Height":21,"Demand":0,"DemandMax":3,"Value":2058},{"Length":94,"Height":30,"Demand":0,"DemandMax":3,"Value":5640},{"Length":30,"Height":49,"Demand":0,"DemandMax":3,"Value":1470},{"Length":94,"Height":53,"Demand":0,"DemandMax":3,"Value":9964},{"Length":90,"Height":55,"Demand":0,"DemandMax":3,"Value":9900},{"Length":36,"Height":17,"Demand":0,"DemandMax":3,"Value":1836},{"Length":39,"Height":20,"Demand":0,"DemandMax":3,"Value":2340},{"Length":90,"Height":24,"Demand":0,"DemandMax":3,"Value":4320},{"Length":39,"Height":5,"Demand":0,"DemandMax":3,"Value":195},{"Length":41,"Height":46,"Demand":0,"DemandMax":3,"Value":1886},{"Length":6,"Height":25,"Demand":0,"DemandMax":3,"Value":450},{"Length":32,"Height":12,"Demand":0,"DemandMax":3,"Value":1152},{"Length":6,"Height":24,"Demand":0,"DemandMax":3,"Value":288},{"Length":14,"Height":23,"Demand":0,"DemandMax":3,"Value":966},{"Length":30,"Height":10,"Demand":0,"DemandMax":3,"Value":300},{"Length":11,"Height":25,"Demand":0,"DemandMax":3,"Value":275},{"Length":33,"Height":88,"Demand":0,"DemandMax":3,"Value":8712},{"Length":30,"Height":77,"Demand":0,"DemandMax":3,"Value":6930},{"Length":96,"Height":94,"Demand":0,"DemandMax":3,"Value":9024},{"Length":92,"Height":36,"Demand":0,"DemandMax":3,"Value":3312},{"Length":41,"Height":39,"Demand":0,"DemandMax":3,"Value":1599},{"Length":92,"Height":33,"Demand":0,"DemandMax":3,"Value":6072},{"Length":98,"Height":73,"Demand":0,"DemandMax":3,"Value":7154},{"Length":38,"Height":15,"Demand":0,"DemandMax":3,"Value":1140},{"Length":5,"Height":15,"Demand":0,"DemandMax":3,"Value":150},{"Length":43,"Height":28,"Demand":0,"DemandMax":3,"Value":2408},{"Length":45,"Height":35,"Demand":0,"DemandMax":3,"Value":1575},{"Length":26,"Height":37,"Demand":0,"DemandMax":3,"Value":1924},{"Length":29,"Height":2,"Demand":0,"DemandMax":3,"Value":58},{"Length":29,"Height":33,"Demand":0,"DemandMax":3,"Value":957},{"Length":25,"Height":27,"Demand":0,"DemandMax":3,"Value":1350},{"Length":70,"Height":99,"Demand":0,"DemandMax":3,"Value":13860},{"Length":68,"Height":88,"Demand":0,"DemandMax":3,"Value":5984},{"Length":97,"Height":24,"Demand":0,"DemandMax":3,"Value":6984},{"Length":95,"Height":28,"Demand":0,"DemandMax":3,"Value":7980},{"Length":20,"Height":14,"Demand":0,"DemandMax":3,"Value":840},{"Length":14,"Height":25,"Demand":0,"DemandMax":3,"Value":700},{"Length":64,"Height":83,"Demand":0,"DemandMax":3,"Value":10624},{"Length":38,"Height":46,"Demand":0,"DemandMax":3,"Value":5244},{"Length":12,"Height":82,"Demand":0,"DemandMax":3,"Value":984},{"Length":80,"Height":21,"Demand":0,"DemandMax":3,"Value":3360},{"Length":96,"Height":15,"Demand":0,"DemandMax":3,"Value":1440},{"Length":43,"Height":13,"Demand":0,"DemandMax":3,"Value":559},{"Length":47,"Height":24,"Demand":0,"DemandMax":3,"Value":2256},{"Length":53,"Height":76,"Demand":0,"DemandMax":3,"Value":12084},{"Length":98,"Height":27,"Demand":0,"DemandMax":3,"Value":2646},{"Length":5,"Height":8,"Demand":0,"DemandMax":3,"Value":120},{"Length":29,"Height":42,"Demand":0,"DemandMax":3,"Value":1218},{"Length":40,"Height":7,"Demand":0,"DemandMax":3,"Value":560},{"Length":42,"Height":46,"Demand":0,"DemandMax":3,"Value":5796},{"Length":80,"Height":4,"Demand":0,"DemandMax":3,"Value":640},{"Length":12,"Height":83,"Demand":0,"DemandMax":3,"Value":2988},{"Length":10,"Height":28,"Demand":0,"DemandMax":3,"Value":280},{"Length":5,"Height":10,"Demand":0,"DemandMax":3,"Value":100},{"Length":79,"Height":17,"Demand":0,"DemandMax":3,"Value":2686},{"Length":96,"Height":57,"Demand":0,"DemandMax":3,"Value":10944},{"Length":9,"Height":9,"Demand":0,"DemandMax":3,"Value":81},{"Length":8,"Height":27,"Demand":0,"DemandMax":3,"Value":432},{"Length":2,"Height":35,"Demand":0,"DemandMax":3,"Value":210},{"Length":82,"Height":16,"Demand":0,"DemandMax":3,"Value":1312},{"Length":23,"Height":33,"Demand":0,"DemandMax":3,"Value":759},{"Length":10,"Height":6,"Demand":0,"DemandMax":3,"Value":60},{"Length":32,"Height":77,"Demand":0,"DemandMax":3,"Value":2464},{"Length":91,"Height":16,"Demand":0,"DemandMax":3,"Value":2912},{"Length":12,"Height":44,"Demand":0,"DemandMax":3,"Value":1584},{"Length":3,"Height":86,"Demand":0,"DemandMax":3,"Value":258},{"Length":30,"Height":99,"Demand":0,"DemandMax":3,"Value":8910},{"Length":46,"Height":6,"Demand":0,"DemandMax":3,"Value":828},{"Length":100,"Height":66,"Demand":0,"DemandMax":3,"Value":19800},{"Length":77,"Height":40,"Demand":0,"DemandMax":3,"Value":3080},{"Length":11,"Height":6,"Demand":0,"DemandMax":3,"Value":198},{"Length":37,"Height":13,"Demand":0,"DemandMax":3,"Value":962},{"Length":16,"Height":9,"Demand":0,"DemandMax":3,"Value":288},{"Length":91,"Height":2,"Demand":0,"DemandMax":3,"Value":182},{"Length":4,"Height":87,"Demand":0,"DemandMax":3,"Value":348},{"Length":37,"Height":19,"Demand":0,"DemandMax":3,"Value":2109},{"Length":63,"Height":90,"Demand":0,"DemandMax":3,"Value":5670},{"Length":78,"Height":27,"Demand":0,"DemandMax":3,"Value":6318},{"Length":14,"Height":42,"Demand":0,"DemandMax":3,"Value":1176},{"Length":5,"Height":31,"Demand":0,"DemandMax":3,"Value":155},{"Length":96,"Height":100,"Demand":0,"DemandMax":3,"Value":19200},{"Length":5,"Height":32,"Demand":0,"DemandMax":3,"Value":320},{"Length":97,"Height":12,"Demand":0,"DemandMax":3,"Value":3492},{"Length":50,"Height":29,"Demand":0,"DemandMax":3,"Value":1450},{"Length":18,"Height":14,"Demand":0,"DemandMax":3,"Value":252},{"Length":82,"Height":42,"Demand":0,"DemandMax":3,"Value":10332},{"Length":38,"Height":2,"Demand":0,"DemandMax":3,"Value":152},{"Length":8,"Height":44,"Demand":0,"DemandMax":3,"Value":704},{"Length":50,"Height":17,"Demand":0,"DemandMax":3,"Value":1700},{"Length":79,"Height":3,"Demand":0,"DemandMax":3,"Value":711},{"Length":50,"Height":22,"Demand":0,"DemandMax":3,"Value":2200},{"Length":62,"Height":88,"Demand":0,"DemandMax":3,"Value":5456},{"Length":84,"Height":20,"Demand":0,"DemandMax":3,"Value":5040},{"Length":17,"Height":15,"Demand":0,"DemandMax":3,"Value":765},{"Length":95,"Height":61,"Demand":0,"DemandMax":3,"Value":17385},{"Length":12,"Height":23,"Demand":0,"DemandMax":3,"Value":828},{"Length":89,"Height":36,"Demand":0,"DemandMax":3,"Value":3204},{"Length":22,"Height":31,"Demand":0,"DemandMax":3,"Value":1364},{"Length":48,"Height":86,"Demand":0,"DemandMax":3,"Value":4128},{"Length":12,"Height":41,"Demand":0,"DemandMax":3,"Value":492},{"Length":40,"Height":33,"Demand":0,"DemandMax":3,"Value":3960},{"Length":100,"Height":55,"Demand":0,"DemandMax":3,"Value":11000},{"Length":79,"Height":37,"Demand":0,"DemandMax":3,"Value":8769},{"Length":44,"Height":49,"Demand":0,"DemandMax":3,"Value":2156},{"Length":83,"Height":33,"Demand":0,"DemandMax":3,"Value":2739},{"Length":97,"Height":75,"Demand":0,"DemandMax":3,"Value":14550},{"Length":37,"Height":16,"Demand":0,"DemandMax":3,"Value":592},{"Length":43,"Height":16,"Demand":0,"DemandMax":3,"Value":688},{"Length":50,"Height":19,"Demand":0,"DemandMax":3,"Value":950},{"Length":33,"Height":48,"Demand":0,"DemandMax":3,"Value":4752},{"Length":47,"Height":39,"Demand":0,"DemandMax":3,"Value":3666},{"Length":24,"Height":42,"Demand":0,"DemandMax":3,"Value":3024},{"Length":29,"Height":20,"Demand":0,"DemandMax":3,"Value":1740},{"Length":20,"Height":90,"Demand":0,"DemandMax":3,"Value":1800},{"Length":37,"Height":35,"Demand":0,"DemandMax":3,"Value":1295},{"Length":44,"Height":48,"Demand":0,"DemandMax":3,"Value":2112},{"Length":22,"Height":2,"Demand":0,"DemandMax":3,"Value":88},{"Length":26,"Height":44,"Demand":0,"DemandMax":3,"Value":3432},{"Length":3,"Height":21,"Demand":0,"DemandMax":3,"Value":63},{"Length":88,"Height":97,"Demand":0,"DemandMax":3,"Value":25608},{"Length":37,"Height":30,"Demand":0,"DemandMax":3,"Value":1110},{"Length":17,"Height":78,"Demand":0,"DemandMax":3,"Value":1326},{"Length":83,"Height":30,"Demand":0,"DemandMax":3,"Value":7470},{"Length":13,"Height":79,"Demand":0,"DemandMax":3,"Value":3081},{"Length":60,"Height":90,"Demand":0,"DemandMax":3,"Value":16200},{"Length":34,"Height":26,"Demand":0,"DemandMax":3,"Value":2652},{"Length":41,"Height":36,"Demand":0,"DemandMax":3,"Value":1476},{"Length":47,"Height":7,"Demand":0,"DemandMax":3,"Value":329},{"Length":19,"Height":14,"Demand":0,"DemandMax":3,"Value":798},{"Length":23,"Height":92,"Demand":0,"DemandMax":3,"Value":2116},{"Length":93,"Height":15,"Demand":0,"DemandMax":3,"Value":2790},{"Length":97,"Height":29,"Demand":0,"DemandMax":3,"Value":5626},{"Length":47,"Height":40,"Demand":0,"DemandMax":3,"Value":1880},{"Length":87,"Height":32,"Demand":0,"DemandMax":3,"Value":5568},{"Length":97,"Height":62,"Demand":0,"DemandMax":3,"Value":12028},{"Length":16,"Height":38,"Demand":0,"DemandMax":3,"Value":1824},{"Length":36,"Height":13,"Demand":0,"DemandMax":3,"Value":936},{"Length":39,"Height":25,"Demand":0,"DemandMax":3,"Value":1950},{"Length":50,"Height":47,"Demand":0,"DemandMax":3,"Value":2350},{"Length":73,"Height":82,"Demand":0,"DemandMax":3,"Value":5986},{"Length":21,"Height":23,"Demand":0,"DemandMax":3,"Value":483},{"Length":10,"Height":7,"Demand":0,"DemandMax":3,"Value":70},{"Length":56,"Height":95,"Demand":0,"DemandMax":3,"Value":5320},{"Length":84,"Height":28,"Demand":0,"DemandMax":3,"Value":7056},{"Length":51,"Height":57,"Demand":0,"DemandMax":3,"Value":8721},{"Length":40,"Height":16,"Demand":0,"DemandMax":3,"Value":1920},{"Length":66,"Height":59,"Demand":0,"DemandMax":3,"Value":11682},{"Length":8,"Height":26,"Demand":0,"DemandMax":3,"Value":624},{"Length":76,"Height":52,"Demand":0,"DemandMax":3,"Value":7904}]}