{"Name":"ngcutfs3_74","Objects":[{"Length":100,"Height":100,"Stock":null,"Cost":10000}],"Items":[{"Length":99,"Height":74,"Demand":0,"DemandMax":3,"Value":21978},{"Length":67,"Height":85,"Demand":0,"DemandMax":3,"Value":5695},{"Length":36,"Height":46,"Demand":0,"DemandMax":3,"Value":1656},{"Length":17,"Height":16,"Demand":0,"DemandMax":3,"Value":816},{"Length":15,"Height":29,"Demand":0,"DemandMax":3,"Value":1305},{"Length":28,"Height":37,"Demand":0,"DemandMax":6,"Value":1036},{"Length":42,"Height":22,"Demand":0,"DemandMax":3,"Value":2772},{"Length":31,"Height":38,"Demand":0,"DemandMax":3,"Value":3534},{"Length":34,"Height":6,"Demand":0,"DemandMax":3,"Value":408},{"Length":32,"Height":25,"Demand":0,"DemandMax":3,"Value":800},{"Length":25,"Height":10,"Demand":0,"DemandMax":3,"Value":750},{"Length":19,"Height":19,"Demand":0,"DemandMax":3,"Value":1083},{"Length":40,"Height":14,"Demand":0,"DemandMax":3,"Value":1120},{"Length":26,"Height":5,"Demand":0,"DemandMax":3,"Value":260},{"Length":76,"Height":80,"Demand":0,"DemandMax":3,"Value":6080},{"Length":28,"Height":77,"Demand":0,"DemandMax":3,"Value":2156},{"Length":19,"Height":37,"Demand":0,"DemandMax":3,"Value":2109},{"Length":37,"Height":11,"Demand":0,"DemandMax":3,"Value":814},{"Length":30,"Height":29,"Demand":0,"DemandMax":3,"Value":870},{"Length":12,"Height":47,"Demand":0,"DemandMax":3,"Value":564},{"Length":35,"Height":7,"Demand":0,"DemandMax":3,"Value":735},{"Length":14,"Height":22,"Demand":0,"DemandMax":3,"Value":308},{"Length":28,"Height":32,"Demand":0,"DemandMax":3,"Value":1792},{"Length":83,"Height":10,"Demand":0,"DemandMax":3,"Value":2490},{"Length":15,"Height":98,"Demand":0,"DemandMax":3,"Value":1470},{"Length":16,"Height":25,"Demand":0,"DemandMax":3,"Value":800},{"Length":14,"Height":6,"Demand":0,"DemandMax":3,"Value":252},{"Length":78,"Height":90,"Demand":0,"DemandMax":3,"Value":7020},{"Length":11,"Height":87,"Demand":0,"DemandMax":3,"Value":1914},{"Length":96,"Height":80,"Demand":0,"DemandMax":3,"Value":15360},{"Length":39,"Height":17,"Demand":0,"DemandMax":3,"Value":1989},{"Length":16,"Height":39,"Demand":0,"DemandMax":3,"Value":624},{"Length":74,"Height":72,"Demand":0,"DemandMax":3,"Value":10656},{"Length":50,"Height":14,"Demand":0,"DemandMax":3,"Value":700},{"Length":42,"Height":27,"Demand":0,"DemandMax":6,"Value":3402},{"Length":35,"Height":17,"Demand":0,"DemandMax":3,"Value":595},{"Length":36,"Height":48,"Demand":0,"DemandMax":3,"Value":5184},{"Length":85,"Height":35,"Demand":0,"DemandMax":3,"Value":5950},{"Length":30,"Height":38,"Demand":0,"DemandMax":3,"Value":2280},{"Length":11,"Height":39,"Demand":0,"DemandMax":3,"Value":858},{"Length":9,"Height":27,"Demand":0,"DemandMax":3,"Value":729},{"Length":33,"Height":20,"Demand":0,"DemandMax":3,"Value":660},{"Length":4,"Height":35,"Demand":0,"DemandMax":3,"Value":280},{"Length":47,"Height":98,"Demand":0,"DemandMax":3,"Value":9212},{"Length":57,"Height":88,"Demand":0,"DemandMax":3,"Value":10032},{"Length":48,"Height":27,"Demand":0,"DemandMax":3,"Value":2592},{"Length":40,"Height":50,"Demand":0,"DemandMax":3,"Value":6000},{"Length":45,"Height":19,"Demand":0,"DemandMax":3,"Value":855},{"Length":24,"Height":4,"Demand":0,"DemandMax":3,"Value":192},{"Length":16,"Height":26,"Demand":0,"DemandMax":3,"Value":832},{"Length":81,"Height":47,"Demand":0,"DemandMax":3,"Value":3807},{"Length":15,"Height":28,"Demand":0,"DemandMax":3,"Value":840},{"Length":71,"Height":96,"Demand":0,"DemandMax":3,"Value":13632},{"Length":25,"Height":26,"Demand":0,"DemandMax":3,"Value":1950},{"Length":64,"Height":77,"Demand":0,"DemandMax":3,"Value":4928},{"Length":47,"Height":34,"Demand":0,"DemandMax":3,"Value":4794},{"Length":81,"Height":47,"Demand":0,"DemandMax":3,"Value":11421},{"Length":26,"Height":23,"Demand":0,"DemandMax":3,"Value":1794},{"Length":27,"Height":97,"Demand":0,"DemandMax":3,"Value":5238},{"Length":32,"Height":48,"Demand":0,"DemandMax":3,"Value":1536},{"Length":100,"Height":62,"Demand":0,"DemandMax":3,"Value":6200},{"Length":15,"Height":87,"Demand":0,"DemandMax":3,"Value":3915},{"Length":85,"Height":56,"Demand":0,"DemandMax":3,"Value":14280},{"Length":80,"Height":3,"Demand":0,"DemandMax":3,"Value":240},{"Length":34,"Height":33,"Demand":0,"DemandMax":3,"Value":1122},{"Length":50,"Height":41,"Demand":0,"DemandMax":3,"Value":6150},{"Length":36,"Height":34,"Demand":0,"DemandMax":3,"Value":1224},{"Length":46,"Height":81,"Demand":0,"DemandMax":3,"Value":7452},{"Length":24,"Height":15,"Demand":0,"DemandMax":3,"Value":720},{"Length":6,"Height":27,"Demand":0,"DemandMax":3,"Value":324},{"Length":39,"Height":27,"Demand":0,"DemandMax":3,"Value":3159},{"Length":14,"Height":10,"Demand":0,"DemandMax":3,"Value":280},{"Length":25,"Height":7,"Demand":0,"DemandMax":3,"Value":350},{"Length":35,"Height":38,"Demand":0,"DemandMax":3,"Value":3990},{"Length":49,"Height":36,"Demand":0,"DemandMax":3,"Value":1764},{"Length":10,"Height":30,"Demand":0,"DemandMax":3,"Value":600},{"Length":30,"Height":83,"Demand":0,"DemandMax":3,"Value":4980},{"Length":35,"Height":79,"Demand":0,"DemandMax":3,"Value":8295},{"Length":17,"Height":3,"Demand":0,"DemandMax":6,"Value":51},{"Length":24,"Height":16,"Demand":0,"DemandMax":3,"Value":384},{"Length":69,"Height":51,"Demand":0,"DemandMax":3,"Value":3519},{"Length":7,"Height":30,"Demand":0,"DemandMax":3,"Value":210},{"Length":19,"Height":21,"Demand":0,"DemandMax":3,"Value":798},{"Length":2,"Height":10,"Demand":0,"DemandMax":3,"Value":20},{"Length":40,"Height":35,"Demand":0,"DemandMax":3,"Value":4200},{"Length":19,"Height":45,"Demand":0,"DemandMax":3,"Value":855},{"Length":39,"Height":86,"Demand":0,"DemandMax":3,"Value":10062},{"Length":7,"Height":50,"Demand":0,"DemandMax":3,"Value":1050},{"Length":8,"Height":20,"Demand":0,"DemandMax":3,"Value":320},{"Length":46,"Height":25,"Demand":0,"DemandMax":3,"Value":3450},{"Length":5,"Height":45,"Demand":0,"DemandMax":3,"Value":225},{"Length":83,"Height":65,"Demand":0,"DemandMax":3,"Value":5395},{"Length":85,"Height":15,"Demand":0,"DemandMax":3,"Value":1275},{"Length":27,"Height":10,"Demand":0,"DemandMax":3,"Value":540},{"Length":77,"Height":40,"Demand":0,"DemandMax":3,"Value":6160},{"Length":15,"Height":40,"Demand":0,"DemandMax":3,"Value":1200},{"Length":14,"Height":8,"Demand":0,"DemandMax":3,"Value":112}]}