{"Name":"ngcutfs3_28","Objects":[{"Length":100,"Height":100,"Stock":null,"Cost":10000}],"Items":[{"Length":13,"Height":16,"Demand":0,"DemandMax":4,"Value":208},{"Length":18,"Height":22,"Demand":0,"DemandMax":4,"Value":792},{"Length":40,"Height":42,"Demand":0,"DemandMax":4,"Value":5040},{"Length":70,"Height":95,"Demand":0,"DemandMax":4,"Value":6650},{"Length":13,"Height":40,"Demand":0,"DemandMax":4,"Value":1560},{"Length":88,"Height":79,"Demand":0,"DemandMax":4,"Value":6952},{"Length":49,"Height":4,"Demand":0,"DemandMax":4,"Value":196},{"Length":9,"Height":42,"Demand":0,"DemandMax":4,"Value":378},{"Length":41,"Height":8,"Demand":0,"DemandMax":4,"Value":984},{"Length":87,"Height":35,"Demand":0,"DemandMax":4,"Value":9135},{"Length":31,"Height":43,"Demand":0,"DemandMax":4,"Value":1333},{"Length":11,"Height":36,"Demand":0,"DemandMax":4,"Value":1188},{"Length":100,"Height":64,"Demand":0,"DemandMax":4,"Value":6400},{"Length":37,"Height":15,"Demand":0,"DemandMax":4,"Value":1665},{"Length":34,"Height":11,"Demand":0,"DemandMax":4,"Value":374},{"Length":69,"Height":75,"Demand":0,"DemandMax":4,"Value":10350},{"Length":9,"Height":35,"Demand":0,"DemandMax":4,"Value":945},{"Length":2,"Height":98,"Demand":0,"DemandMax":4,"Value":392},{"Length":49,"Height":17,"Demand":0,"DemandMax":4,"Value":833},{"Length":15,"Height":30,"Demand":0,"DemandMax":4,"Value":450},{"Length":44,"Height":4,"Demand":0,"DemandMax":4,"Value":528},{"Length":5,"Height":21,"Demand":0,"DemandMax":4,"Value":315},{"Length":57,"Height":70,"Demand":0,"DemandMax":4,"Value":3990},{"Length":16,"Height":10,"Demand":0,"DemandMax":4,"Value":480},{"Length":36,"Height":13,"Demand":0,"DemandMax":4,"Value":1404},{"Length":42,"Height":40,"Demand":0,"DemandMax":4,"Value":1680},{"Length":29,"Height":90,"Demand":0,"DemandMax":4,"Value":2610},{"Length":46,"Height":38,"Demand":0,"DemandMax":4,"Value":1748},{"Length":50,"Height":22,"Demand":0,"DemandMax":4,"Value":1100},{"Length":40,"Height":37,"Demand":0,"DemandMax":4,"Value":4440},{"Length":92,"Height":31,"Demand":0,"DemandMax":4,"Value":8556},{"Length":43,"Height":50,"Demand":0,"DemandMax":4,"Value":2150},{"Length":41,"Height":94,"Demand":0,"DemandMax":4,"Value":7708},{"Length":17,"Height":15,"Demand":0,"DemandMax":4,"Value":255},{"Length":7,"Height":83,"Demand":0,"DemandMax":4,"Value":581},{"Length":6,"Height":44,"Demand":0,"DemandMax":4,"Value":264},{"Length":47,"Height":14,"Demand":0,"DemandMax":4,"Value":1974},{"Length":5,"Height":31,"Demand":0,"DemandMax":4,"Value":310},{"Length":4,"Height":12,"Demand":0,"DemandMax":4,"Value":96},{"Length":45,"Height":43,"Demand":0,"DemandMax":4,"Value":1935}]}