{"Name":"ngcutfs1_100","Objects":[{"Length":100,"Height":100,"Stock":null,"Cost":10000}],"Items":[{"Length":14,"Height":38,"Demand":0,"DemandMax":1,"Value":532},{"Length":6,"Height":45,"Demand":0,"DemandMax":1,"Value":810},{"Length":59,"Height":93,"Demand":0,"DemandMax":1,"Value":10974},{"Length":8,"Height":11,"Demand":0,"DemandMax":1,"Value":88},{"Length":33,"Height":46,"Demand":0,"DemandMax":1,"Value":3036},{"Length":86,"Height":88,"Demand":0,"DemandMax":1,"Value":15136},{"Length":19,"Height":38,"Demand":0,"DemandMax":1,"Value":2166},{"Length":23,"Height":91,"Demand":0,"DemandMax":1,"Value":2093},{"Length":45,"Height":24,"Demand":0,"DemandMax":1,"Value":1080},{"Length":42,"Height":10,"Demand":0,"DemandMax":1,"Value":840},{"Length":12,"Height":20,"Demand":0,"DemandMax":1,"Value":720},{"Length":79,"Height":93,"Demand":0,"DemandMax":1,"Value":22041},{"Length":96,"Height":87,"Demand":0,"DemandMax":1,"Value":8352},{"Length":81,"Height":49,"Demand":0,"DemandMax":1,"Value":3969},{"Length":63,"Height":66,"Demand":0,"DemandMax":1,"Value":8316},{"Length":15,"Height":7,"Demand":0,"DemandMax":1,"Value":315},{"Length":43,"Height":14,"Demand":0,"DemandMax":1,"Value":1806},{"Length":92,"Height":84,"Demand":0,"DemandMax":1,"Value":7728},{"Length":27,"Height":20,"Demand":0,"DemandMax":1,"Value":1620},{"Length":94,"Height":27,"Demand":0,"DemandMax":1,"Value":2538},{"Length":20,"Height":81,"Demand":0,"DemandMax":1,"Value":4860},{"Length":87,"Height":22,"Demand":0,"DemandMax":1,"Value":3828},{"Length":27,"Height":35,"Demand":0,"DemandMax":1,"Value":2835},{"Length":65,"Height":74,"Demand":0,"DemandMax":1,"Value":14430},{"Length":15,"Height":19,"Demand":0,"DemandMax":1,"Value":855},{"Length":23,"Height":91,"Demand":0,"DemandMax":1,"Value":6279},{"Length":78,"Height":13,"Demand":0,"DemandMax":1,"Value":1014},{"Length":71,"Height":96,"Demand":0,"DemandMax":1,"Value":20448},{"Length":12,"Height":31,"Demand":0,"DemandMax":1,"Value":372},{"Length":83,"Height":11,"Demand":0,"DemandMax":1,"Value":913},{"Length":29,"Height":21,"Demand":0,"DemandMax":1,"Value":609},{"Length":50,"Height":36,"Demand":0,"DemandMax":1,"Value":5400},{"Length":37,"Height":86,"Demand":0,"DemandMax":1,"Value":6364},{"Length":38,"Height":90,"Demand":0,"DemandMax":1,"Value":6840},{"Length":8,"Height":11,"Demand":0,"DemandMax":1,"Value":264},{"Length":45,"Height":8,"Demand":0,"DemandMax":1,"Value":360},{"Length":22,"Height":83,"Demand":0,"DemandMax":1,"Value":1826},{"Length":3,"Height":10,"Demand":0,"DemandMax":1,"Value":90},{"Length":41,"Height":95,"Demand":0,"DemandMax":1,"Value":7790},{"Length":97,"Height":39,"Demand":0,"DemandMax":1,"Value":3783},{"Length":37,"Height":44,"Demand":0,"DemandMax":1,"Value":1628},{"Length":24,"Height":29,"Demand":0,"DemandMax":1,"Value":2088},{"Length":61,"Height":55,"Demand":0,"DemandMax":1,"Value":3355},{"Length":93,"Height":75,"Demand":0,"DemandMax":1,"Value":13950},{"Length":22,"Height":7,"Demand":0,"DemandMax":1,"Value":154},{"Length":36,"Height":24,"Demand":0,"DemandMax":1,"Value":1728},{"Length":76,"Height":8,"Demand":0,"DemandMax":1,"Value":1216},{"Length":48,"Height":27,"Demand":0,"DemandMax":1,"Value":2592},{"Length":55,"Height":97,"Demand":0,"DemandMax":1,"Value":16005},{"Length":99,"Height":12,"Demand":0,"DemandMax":1,"Value":3564},{"Length":24,"Height":3,"Demand":0,"DemandMax":1,"Value":216},{"Length":22,"Height":31,"Demand":0,"DemandMax":1,"Value":1364},{"Length":8,"Height":90,"Demand":0,"DemandMax":1,"Value":720},{"Length":14,"Height":32,"Demand":0,"DemandMax":1,"Value":448},{"Length":88,"Height":17,"Demand":0,"DemandMax":1,"Value":2992},{"Length":46,"Height":18,"Demand":0,"DemandMax":1,"Value":2484},{"Length":84,"Height":14,"Demand":0,"DemandMax":1,"Value":2352},{"Length":15,"Height":83,"Demand":0,"DemandMax":1,"Value":2490},{"Length":24,"Height":96,"Demand":0,"DemandMax":1,"Value":4608},{"Length":88,"Height":18,"Demand":0,"DemandMax":1,"Value":4752},{"Length":65,"Height":89,"Demand":0,"DemandMax":1,"Value":5785},{"Length":94,"Height":9,"Demand":0,"DemandMax":1,"Value":2538},{"Length":24,"Height":11,"Demand":0,"DemandMax":1,"Value":264},{"Length":14,"Height":37,"Demand":0,"DemandMax":1,"Value":518},{"Length":49,"Height":10,"Demand":0,"DemandMax":1,"Value":490},{"Length":31,"Height":3,"Demand":0,"DemandMax":1,"Value":186},{"Length":92,"Height":23,"Demand":0,"DemandMax":1,"Value":4232},{"Length":5,"Height":97,"Demand":0,"DemandMax":1,"Value":485},{"Length":30,"Height":28,"Demand":0,"DemandMax":1,"Value":840},{"Length":80,"Height":39,"Demand":0,"DemandMax":1,"Value":9360},{"Length":96,"Height":42,"Demand":0,"DemandMax":1,"Value":12096},{"Length":64,"Height":52,"Demand":0,"DemandMax":1,"Value":3328},{"Length":100,"Height":42,"Demand":0,"DemandMax":1,"Value":12600},{"Length":76,"Height":39,"Demand":0,"DemandMax":1,"Value":5928},{"Length":31,"Height":47,"Demand":0,"DemandMax":1,"Value":1457},{"Length":12,"Height":83,"Demand":0,"DemandMax":1,"Value":1992},{"Length":99,"Height":32,"Demand":0,"DemandMax":1,"Value":3168},{"Length":51,"Height":88,"Demand":0,"DemandMax":1,"Value":4488},{"Length":67,"Height":63,"Demand":0,"DemandMax":1,"Value":12663},{"Length":35,"Height":25,"Demand":0,"DemandMax":1,"Value":875},{"Length":42,"Height":12,"Demand":0,"DemandMax":1,"Value":1512},{"Length":5,"Height":90,"Demand":0,"DemandMax":1,"Value":450},{"Length":26,"Height":29,"Demand":0,"DemandMax":1,"Value":754},{"Length":34,"Height":13,"Demand":0,"DemandMax":1,"Value":884},{"Length":91,"Height":29,"Demand":0,"DemandMax":1,"Value":7917},{"Length":95,"Height":19,"Demand":0,"DemandMax":1,"Value":3610},{"Length":84,"Height":26,"Demand":0,"DemandMax":1,"Value":4368},{"Length":20,"Height":39,"Demand":0,"DemandMax":1,"Value":1560},{"Length":11,"Height":97,"Demand":0,"DemandMax":1,"Value":2134},{"Length":88,"Height":89,"Demand":0,"DemandMax":1,"Value":15664},{"Length":22,"Height":32,"Demand":0,"DemandMax":1,"Value":704},{"Length":73,"Height":86,"Demand":0,"DemandMax":1,"Value":6278},{"Length":15,"Height":50,"Demand":0,"DemandMax":1,"Value":1500},{"Length":45,"Height":95,"Demand":0,"DemandMax":1,"Value":8550},{"Length":40,"Height":90,"Demand":0,"DemandMax":1,"Value":7200},{"Length":28,"Height":84,"Demand":0,"DemandMax":1,"Value":4704},{"Length":45,"Height":15,"Demand":0,"DemandMax":1,"Value":1350},{"Length":24,"Height":33,"Demand":0,"DemandMax":1,"Value":1584},{"Length":34,"Height":99,"Demand":0,"DemandMax":1,"Value":10098},{"Length":92,"Height":49,"Demand":0,"DemandMax":1,"Value":13524},{"Length":27,"Height":41,"Demand":0,"DemandMax":1,"Value":2214},{"Length":6,"Height":82,"Demand":0,"DemandMax":1,"Value":1476},{"Length":48,"Height":76,"Demand":0,"DemandMax":1,"Value":7296},{"Length":65,"Height":56,"Demand":0,"DemandMax":1,"Value":3640},{"Length":4,"Height":26,"Demand":0,"DemandMax":1,"Value":312},{"Length":52,"Height":82,"Demand":0,"DemandMax":1,"Value":4264},{"Length":44,"Height":5,"Demand":0,"DemandMax":1,"Value":660},{"Length":38,"Height":44,"Demand":0,"DemandMax":1,"Value":5016},{"Length":94,"Height":14,"Demand":0,"DemandMax":1,"Value":2632},{"Length":76,"Height":48,"Demand":0,"DemandMax":1,"Value":3648},{"Length":31,"Height":9,"Demand":0,"DemandMax":1,"Value":279},{"Length":9,"Height":34,"Demand":0,"DemandMax":1,"Value":918},{"Length":48,"Height":77,"Demand":0,"DemandMax":1,"Value":3696},{"Length":36,"Height":20,"Demand":0,"DemandMax":1,"Value":2160},{"Length":93,"Height":10,"Demand":0,"DemandMax":1,"Value":2790},{"Length":7,"Height":3,"Demand":0,"DemandMax":1,"Value":42},{"Length":59,"Height":64,"Demand":0,"DemandMax":1,"Value":3776},{"Length":81,"Height":30,"Demand":0,"DemandMax":1,"Value":2430},{"Length":41,"Height":94,"Demand":0,"DemandMax":1,"Value":3854},{"Length":72,"Height":71,"Demand":0,"DemandMax":1,"Value":15336},{"Length":87,"Height":68,"Demand":0,"DemandMax":1,"Value":11832},{"Length":55,"Height":64,"Demand":0,"DemandMax":1,"Value":10560},{"Length":88,"Height":65,"Demand":0,"DemandMax":1,"Value":5720},{"Length":29,"Height":90,"Demand":0,"DemandMax":1,"Value":5220},{"Length":90,"Height":56,"Demand":0,"DemandMax":1,"Value":10080},{"Length":88,"Height":82,"Demand":0,"DemandMax":1,"Value":21648},{"Length":53,"Height":73,"Demand":0,"DemandMax":1,"Value":11607},{"Length":48,"Height":28,"Demand":0,"DemandMax":1,"Value":4032},{"Length":60,"Height":100,"Demand":0,"DemandMax":1,"Value":6000},{"Length":18,"Height":46,"Demand":0,"DemandMax":1,"Value":828},{"Length":24,"Height":43,"Demand":0,"DemandMax":1,"Value":3096},{"Length":10,"Height":13,"Demand":0,"DemandMax":1,"Value":390},{"Length":96,"Height":44,"Demand":0,"DemandMax":1,"Value":12672},{"Length":89,"Height":10,"Demand":0,"DemandMax":1,"Value":2670},{"Length":46,"Height":46,"Demand":0,"DemandMax":1,"Value":4232},{"Length":36,"Height":92,"Demand":0,"DemandMax":1,"Value":3312},{"Length":7,"Height":25,"Demand":0,"DemandMax":1,"Value":525},{"Length":79,"Height":22,"Demand":0,"DemandMax":1,"Value":3476},{"Length":75,"Height":85,"Demand":0,"DemandMax":1,"Value":19125},{"Length":21,"Height":100,"Demand":0,"DemandMax":1,"Value":2100},{"Length":46,"Height":39,"Demand":0,"DemandMax":1,"Value":1794},{"Length":93,"Height":9,"Demand":0,"DemandMax":1,"Value":2511},{"Length":86,"Height":99,"Demand":0,"DemandMax":1,"Value":17028},{"Length":42,"Height":90,"Demand":0,"DemandMax":1,"Value":7560},{"Length":32,"Height":45,"Demand":0,"DemandMax":1,"Value":4320},{"Length":99,"Height":92,"Demand":0,"DemandMax":1,"Value":27324},{"Length":16,"Height":35,"Demand":0,"DemandMax":1,"Value":1680},{"Length":50,"Height":46,"Demand":0,"DemandMax":1,"Value":4600},{"Length":33,"Height":16,"Demand":0,"DemandMax":1,"Value":1056},{"Length":30,"Height":84,"Demand":0,"DemandMax":1,"Value":2520}]}