{"Name":"ngcutfs2_13","Objects":[{"Length":100,"Height":100,"Stock":null,"Cost":10000}],"Items":[{"Length":42,"Height":14,"Demand":0,"DemandMax":3,"Value":1764},{"Length":82,"Height":17,"Demand":0,"DemandMax":3,"Value":4182},{"Length":68,"Height":87,"Demand":0,"DemandMax":3,"Value":11832},{"Length":98,"Height":90,"Demand":0,"DemandMax":3,"Value":26460},{"Length":87,"Height":66,"Demand":0,"DemandMax":3,"Value":5742},{"Length":47,"Height":82,"Demand":0,"DemandMax":3,"Value":3854},{"Length":97,"Height":90,"Demand":0,"DemandMax":3,"Value":26190},{"Length":3,"Height":8,"Demand":0,"DemandMax":3,"Value":72},{"Length":94,"Height":91,"Demand":0,"DemandMax":3,"Value":8554},{"Length":39,"Height":42,"Demand":0,"DemandMax":3,"Value":3276},{"Length":22,"Height":33,"Demand":0,"DemandMax":3,"Value":726},{"Length":42,"Height":24,"Demand":0,"DemandMax":3,"Value":2016},{"Length":84,"Height":14,"Demand":0,"DemandMax":3,"Value":1176},{"Length":5,"Height":31,"Demand":0,"DemandMax":3,"Value":465},{"Length":39,"Height":100,"Demand":0,"DemandMax":3,"Value":3900},{"Length":79,"Height":68,"Demand":0,"DemandMax":3,"Value":10744},{"Length":4,"Height":10,"Demand":0,"DemandMax":3,"Value":40},{"Length":43,"Height":41,"Demand":0,"DemandMax":3,"Value":1763},{"Length":19,"Height":49,"Demand":0,"DemandMax":3,"Value":931},{"Length":25,"Height":50,"Demand":0,"DemandMax":3,"Value":3750},{"Length":40,"Height":30,"Demand":0,"DemandMax":3,"Value":2400},{"Length":69,"Height":84,"Demand":0,"DemandMax":3,"Value":11592},{"Length":76,"Height":97,"Demand":0,"DemandMax":3,"Value":22116},{"Length":73,"Height":77,"Demand":0,"DemandMax":3,"Value":11242},{"Length":40,"Height":11,"Demand":0,"DemandMax":3,"Value":880},{"Length":86,"Height":17,"Demand":0,"DemandMax":3,"Value":1462},{"Length":98,"Height":56,"Demand":0,"DemandMax":3,"Value":5488},{"Length":14,"Height":18,"Demand":0,"DemandMax":3,"Value":252},{"Length":18,"Height":14,"Demand":0,"DemandMax":3,"Value":504},{"Length":15,"Height":42,"Demand":0,"DemandMax":3,"Value":630},{"Length":28,"Height":76,"Demand":0,"DemandMax":3,"Value":2128},{"Length":31,"Height":29,"Demand":0,"DemandMax":3,"Value":899},{"Length":31,"Height":100,"Demand":0,"DemandMax":3,"Value":3100},{"Length":40,"Height":24,"Demand":0,"DemandMax":3,"Value":960},{"Length":37,"Height":41,"Demand":0,"DemandMax":3,"Value":1517},{"Length":3,"Height":86,"Demand":0,"DemandMax":3,"Value":774},{"Length":40,"Height":6,"Demand":0,"DemandMax":3,"Value":480},{"Length":6,"Height":22,"Demand":0,"DemandMax":3,"Value":396},{"Length":35,"Height":44,"Demand":0,"DemandMax":3,"Value":1540},{"Length":25,"Height":19,"Demand":0,"DemandMax":3,"Value":950}]}