{"Name":"ngcutfs2_166","Objects":[{"Length":100,"Height":100,"Stock":null,"Cost":10000}],"Items":[{"Length":20,"Height":19,"Demand":0,"DemandMax":3,"Value":380},{"Length":92,"Height":12,"Demand":0,"DemandMax":3,"Value":1104},{"Length":3,"Height":44,"Demand":0,"DemandMax":3,"Value":396},{"Length":20,"Height":43,"Demand":0,"DemandMax":3,"Value":860},{"Length":65,"Height":97,"Demand":0,"DemandMax":3,"Value":18915},{"Length":6,"Height":23,"Demand":0,"DemandMax":3,"Value":276},{"Length":2,"Height":30,"Demand":0,"DemandMax":3,"Value":120},{"Length":49,"Height":94,"Demand":0,"DemandMax":3,"Value":4606},{"Length":76,"Height":62,"Demand":0,"DemandMax":3,"Value":14136},{"Length":8,"Height":37,"Demand":0,"DemandMax":3,"Value":888},{"Length":36,"Height":39,"Demand":0,"DemandMax":3,"Value":1404},{"Length":18,"Height":47,"Demand":0,"DemandMax":3,"Value":846},{"Length":10,"Height":45,"Demand":0,"DemandMax":3,"Value":1350},{"Length":40,"Height":38,"Demand":0,"DemandMax":3,"Value":3040},{"Length":37,"Height":37,"Demand":0,"DemandMax":3,"Value":4107},{"Length":85,"Height":61,"Demand":0,"DemandMax":3,"Value":5185},{"Length":46,"Height":88,"Demand":0,"DemandMax":3,"Value":12144},{"Length":42,"Height":79,"Demand":0,"DemandMax":3,"Value":6636},{"Length":81,"Height":9,"Demand":0,"DemandMax":3,"Value":1458},{"Length":94,"Height":4,"Demand":0,"DemandMax":3,"Value":376},{"Length":81,"Height":80,"Demand":0,"DemandMax":3,"Value":12960},{"Length":34,"Height":16,"Demand":0,"DemandMax":3,"Value":544},{"Length":60,"Height":78,"Demand":0,"DemandMax":3,"Value":14040},{"Length":85,"Height":100,"Demand":0,"DemandMax":3,"Value":17000},{"Length":49,"Height":12,"Demand":0,"DemandMax":3,"Value":1764},{"Length":17,"Height":27,"Demand":0,"DemandMax":3,"Value":918},{"Length":42,"Height":20,"Demand":0,"DemandMax":3,"Value":2520},{"Length":24,"Height":48,"Demand":0,"DemandMax":6,"Value":2304},{"Length":6,"Height":7,"Demand":0,"DemandMax":3,"Value":84},{"Length":19,"Height":25,"Demand":0,"DemandMax":3,"Value":475},{"Length":58,"Height":74,"Demand":0,"DemandMax":3,"Value":4292},{"Length":67,"Height":52,"Demand":0,"DemandMax":3,"Value":3484},{"Length":70,"Height":66,"Demand":0,"DemandMax":3,"Value":4620},{"Length":77,"Height":4,"Demand":0,"DemandMax":3,"Value":308},{"Length":65,"Height":87,"Demand":0,"DemandMax":3,"Value":16965},{"Length":3,"Height":19,"Demand":0,"DemandMax":3,"Value":114},{"Length":14,"Height":30,"Demand":0,"DemandMax":3,"Value":840},{"Length":18,"Height":44,"Demand":0,"DemandMax":3,"Value":1584},{"Length":18,"Height":94,"Demand":0,"DemandMax":3,"Value":5076},{"Length":38,"Height":50,"Demand":0,"DemandMax":3,"Value":1900},{"Length":16,"Height":92,"Demand":0,"DemandMax":3,"Value":4416},{"Length":22,"Height":24,"Demand":0,"DemandMax":3,"Value":528},{"Length":79,"Height":47,"Demand":0,"DemandMax":3,"Value":7426},{"Length":60,"Height":76,"Demand":0,"DemandMax":3,"Value":13680},{"Length":84,"Height":27,"Demand":0,"DemandMax":3,"Value":2268},{"Length":83,"Height":70,"Demand":0,"DemandMax":3,"Value":11620},{"Length":45,"Height":6,"Demand":0,"DemandMax":3,"Value":270},{"Length":76,"Height":16,"Demand":0,"DemandMax":3,"Value":2432},{"Length":38,"Height":81,"Demand":0,"DemandMax":3,"Value":3078},{"Length":35,"Height":84,"Demand":0,"DemandMax":3,"Value":8820},{"Length":69,"Height":59,"Demand":0,"DemandMax":3,"Value":4071},{"Length":94,"Height":14,"Demand":0,"DemandMax":3,"Value":3948},{"Length":88,"Height":26,"Demand":0,"DemandMax":3,"Value":4576},{"Length":89,"Height":21,"Demand":0,"DemandMax":3,"Value":5607},{"Length":27,"Height":49,"Demand":0,"DemandMax":3,"Value":1323},{"Length":94,"Height":77,"Demand":0,"DemandMax":3,"Value":14476},{"Length":14,"Height":43,"Demand":0,"DemandMax":3,"Value":602},{"Length":31,"Height":30,"Demand":0,"DemandMax":3,"Value":1860},{"Length":83,"Height":56,"Demand":0,"DemandMax":3,"Value":4648},{"Length":4,"Height":47,"Demand":0,"DemandMax":6,"Value":376},{"Length":40,"Height":98,"Demand":0,"DemandMax":3,"Value":7840},{"Length":21,"Height":30,"Demand":0,"DemandMax":3,"Value":1260},{"Length":90,"Height":13,"Demand":0,"DemandMax":3,"Value":3510},{"Length":41,"Height":80,"Demand":0,"DemandMax":3,"Value":6560},{"Length":15,"Height":22,"Demand":0,"DemandMax":3,"Value":660},{"Length":3,"Height":91,"Demand":0,"DemandMax":3,"Value":273},{"Length":28,"Height":40,"Demand":0,"DemandMax":3,"Value":1120},{"Length":14,"Height":22,"Demand":0,"DemandMax":3,"Value":308},{"Length":50,"Height":22,"Demand":0,"DemandMax":3,"Value":1100},{"Length":36,"Height":30,"Demand":0,"DemandMax":3,"Value":2160},{"Length":81,"Height":37,"Demand":0,"DemandMax":3,"Value":8991},{"Length":90,"Height":28,"Demand":0,"DemandMax":3,"Value":7560},{"Length":26,"Height":17,"Demand":0,"DemandMax":3,"Value":1326},{"Length":30,"Height":16,"Demand":0,"DemandMax":3,"Value":960},{"Length":33,"Height":31,"Demand":0,"DemandMax":3,"Value":3069},{"Length":39,"Height":3,"Demand":0,"DemandMax":3,"Value":234},{"Length":9,"Height":90,"Demand":0,"DemandMax":6,"Value":810},{"Length":25,"Height":79,"Demand":0,"DemandMax":3,"Value":1975},{"Length":86,"Height":12,"Demand":0,"DemandMax":3,"Value":3096},{"Length":30,"Height":42,"Demand":0,"DemandMax":3,"Value":2520},{"Length":24,"Height":77,"Demand":0,"DemandMax":3,"Value":1848},{"Length":13,"Height":43,"Demand":0,"DemandMax":3,"Value":1677},{"Length":30,"Height":85,"Demand":0,"DemandMax":3,"Value":2550},{"Length":48,"Height":40,"Demand":0,"DemandMax":3,"Value":5760},{"Length":38,"Height":34,"Demand":0,"DemandMax":3,"Value":3876},{"Length":29,"Height":84,"Demand":0,"DemandMax":3,"Value":4872},{"Length":10,"Height":41,"Demand":0,"DemandMax":3,"Value":1230},{"Length":70,"Height":85,"Demand":0,"DemandMax":3,"Value":17850},{"Length":22,"Height":93,"Demand":0,"DemandMax":3,"Value":2046},{"Length":35,"Height":22,"Demand":0,"DemandMax":3,"Value":1540},{"Length":31,"Height":100,"Demand":0,"DemandMax":3,"Value":9300},{"Length":44,"Height":44,"Demand":0,"DemandMax":3,"Value":3872},{"Length":31,"Height":3,"Demand":0,"DemandMax":3,"Value":279},{"Length":14,"Height":91,"Demand":0,"DemandMax":3,"Value":2548},{"Length":46,"Height":5,"Demand":0,"DemandMax":3,"Value":460},{"Length":79,"Height":75,"Demand":0,"DemandMax":3,"Value":5925},{"Length":39,"Height":16,"Demand":0,"DemandMax":3,"Value":1872},{"Length":4,"Height":2,"Demand":0,"DemandMax":3,"Value":24},{"Length":29,"Height":14,"Demand":0,"DemandMax":3,"Value":1218},{"Length":94,"Height":17,"Demand":0,"DemandMax":3,"Value":4794},{"Length":89,"Height":23,"Demand":0,"DemandMax":3,"Value":6141},{"Length":94,"Height":22,"Demand":0,"DemandMax":3,"Value":4136},{"Length":26,"Height":44,"Demand":0,"DemandMax":3,"Value":3432},{"Length":90,"Height":5,"Demand":0,"DemandMax":3,"Value":900},{"Length":14,"Height":88,"Demand":0,"DemandMax":3,"Value":3696},{"Length":2,"Height":48,"Demand":0,"DemandMax":3,"Value":96},{"Length":45,"Height":41,"Demand":0,"DemandMax":3,"Value":5535},{"Length":12,"Height":81,"Demand":0,"DemandMax":3,"Value":1944},{"Length":26,"Height":16,"Demand":0,"DemandMax":3,"Value":832},{"Length":46,"Height":45,"Demand":0,"DemandMax":3,"Value":4140},{"Length":57,"Height":90,"Demand":0,"DemandMax":3,"Value":10260},{"Length":29,"Height":41,"Demand":0,"DemandMax":3,"Value":1189},{"Length":35,"Height":14,"Demand":0,"DemandMax":3,"Value":980},{"Length":88,"Height":38,"Demand":0,"DemandMax":3,"Value":10032},{"Length":7,"Height":2,"Demand":0,"DemandMax":3,"Value":42},{"Length":4,"Height":10,"Demand":0,"DemandMax":3,"Value":40},{"Length":28,"Height":40,"Demand":0,"DemandMax":3,"Value":2240},{"Length":69,"Height":92,"Demand":0,"DemandMax":3,"Value":12696},{"Length":41,"Height":3,"Demand":0,"DemandMax":3,"Value":369},{"Length":38,"Height":32,"Demand":0,"DemandMax":3,"Value":3648},{"Length":49,"Height":24,"Demand":0,"DemandMax":3,"Value":2352},{"Length":40,"Height":27,"Demand":0,"DemandMax":3,"Value":3240},{"Length":45,"Height":12,"Demand":0,"DemandMax":3,"Value":1080},{"Length":85,"Height":16,"Demand":0,"DemandMax":3,"Value":2720},{"Length":25,"Height":92,"Demand":0,"DemandMax":3,"Value":2300},{"Length":57,"Height":55,"Demand":0,"DemandMax":3,"Value":3135},{"Length":99,"Height":36,"Demand":0,"DemandMax":3,"Value":3564},{"Length":11,"Height":27,"Demand":0,"DemandMax":3,"Value":297},{"Length":36,"Height":34,"Demand":0,"DemandMax":3,"Value":2448},{"Length":47,"Height":15,"Demand":0,"DemandMax":3,"Value":705},{"Length":69,"Height":56,"Demand":0,"DemandMax":3,"Value":7728},{"Length":33,"Height":49,"Demand":0,"DemandMax":6,"Value":4851},{"Length":37,"Height":94,"Demand":0,"DemandMax":3,"Value":10434},{"Length":35,"Height":25,"Demand":0,"DemandMax":3,"Value":875},{"Length":39,"Height":37,"Demand":0,"DemandMax":3,"Value":1443},{"Length":81,"Height":32,"Demand":0,"DemandMax":3,"Value":5184},{"Length":24,"Height":89,"Demand":0,"DemandMax":3,"Value":2136},{"Length":36,"Height":48,"Demand":0,"DemandMax":3,"Value":5184},{"Length":13,"Height":12,"Demand":0,"DemandMax":3,"Value":312},{"Length":6,"Height":50,"Demand":0,"DemandMax":3,"Value":600},{"Length":6,"Height":4,"Demand":0,"DemandMax":3,"Value":48},{"Length":16,"Height":41,"Demand":0,"DemandMax":6,"Value":656},{"Length":45,"Height":38,"Demand":0,"DemandMax":3,"Value":1710},{"Length":38,"Height":49,"Demand":0,"DemandMax":3,"Value":5586},{"Length":48,"Height":96,"Demand":0,"DemandMax":3,"Value":13824},{"Length":48,"Height":29,"Demand":0,"DemandMax":3,"Value":1392},{"Length":8,"Height":25,"Demand":0,"DemandMax":3,"Value":600},{"Length":14,"Height":88,"Demand":0,"DemandMax":3,"Value":2464},{"Length":7,"Height":19,"Demand":0,"DemandMax":3,"Value":399},{"Length":16,"Height":35,"Demand":0,"DemandMax":3,"Value":1120},{"Length":88,"Height":10,"Demand":0,"DemandMax":3,"Value":1760},{"Length":11,"Height":49,"Demand":0,"DemandMax":3,"Value":1078},{"Length":26,"Height":18,"Demand":0,"DemandMax":3,"Value":936},{"Length":22,"Height":47,"Demand":0,"DemandMax":3,"Value":3102},{"Length":77,"Height":18,"Demand":0,"DemandMax":3,"Value":4158},{"Length":20,"Height":6,"Demand":0,"DemandMax":3,"Value":120},{"Length":15,"Height":47,"Demand":0,"DemandMax":3,"Value":705},{"Length":84,"Height":96,"Demand":0,"DemandMax":3,"Value":16128},{"Length":14,"Height":23,"Demand":0,"DemandMax":3,"Value":322},{"Length":3,"Height":41,"Demand":0,"DemandMax":3,"Value":246},{"Length":44,"Height":41,"Demand":0,"DemandMax":3,"Value":3608},{"Length":12,"Height":27,"Demand":0,"DemandMax":3,"Value":648},{"Length":90,"Height":49,"Demand":0,"DemandMax":3,"Value":4410},{"Length":99,"Height":64,"Demand":0,"DemandMax":3,"Value":6336},{"Length":2,"Height":85,"Demand":0,"DemandMax":3,"Value":170},{"Length":36,"Height":86,"Demand":0,"DemandMax":3,"Value":6192},{"Length":27,"Height":10,"Demand":0,"DemandMax":3,"Value":270},{"Length":15,"Height":44,"Demand":0,"DemandMax":3,"Value":1320},{"Length":49,"Height":92,"Demand":0,"DemandMax":3,"Value":9016},{"Length":47,"Height":95,"Demand":0,"DemandMax":3,"Value":4465},{"Length":11,"Height":22,"Demand":0,"DemandMax":3,"Value":484},{"Length":40,"Height":25,"Demand":0,"DemandMax":3,"Value":2000},{"Length":7,"Height":88,"Demand":0,"DemandMax":3,"Value":616},{"Length":11,"Height":34,"Demand":0,"DemandMax":3,"Value":1122},{"Length":85,"Height":39,"Demand":0,"DemandMax":3,"Value":9945},{"Length":25,"Height":3,"Demand":0,"DemandMax":3,"Value":75},{"Length":98,"Height":21,"Demand":0,"DemandMax":3,"Value":6174},{"Length":89,"Height":18,"Demand":0,"DemandMax":3,"Value":1602},{"Length":5,"Height":2,"Demand":0,"DemandMax":3,"Value":10},{"Length":92,"Height":51,"Demand":0,"DemandMax":3,"Value":9384},{"Length":30,"Height":12,"Demand":0,"DemandMax":3,"Value":1080},{"Length":6,"Height":100,"Demand":0,"DemandMax":3,"Value":1800},{"Length":31,"Height":42,"Demand":0,"DemandMax":3,"Value":3906},{"Length":45,"Height":30,"Demand":0,"DemandMax":3,"Value":4050},{"Length":31,"Height":7,"Demand":0,"DemandMax":3,"Value":217},{"Length":47,"Height":82,"Demand":0,"DemandMax":3,"Value":3854},{"Length":97,"Height":7,"Demand":0,"DemandMax":3,"Value":679},{"Length":28,"Height":37,"Demand":0,"DemandMax":3,"Value":3108},{"Length":85,"Height":32,"Demand":0,"DemandMax":3,"Value":5440},{"Length":40,"Height":8,"Demand":0,"DemandMax":3,"Value":320},{"Length":14,"Height":17,"Demand":0,"DemandMax":3,"Value":714},{"Length":22,"Height":28,"Demand":0,"DemandMax":3,"Value":616},{"Length":45,"Height":91,"Demand":0,"DemandMax":3,"Value":4095},{"Length":48,"Height":6,"Demand":0,"DemandMax":3,"Value":864},{"Length":33,"Height":30,"Demand":0,"DemandMax":3,"Value":1980},{"Length":10,"Height":21,"Demand":0,"DemandMax":3,"Value":630},{"Length":19,"Height":3,"Demand":0,"DemandMax":3,"Value":114},{"Length":51,"Height":96,"Demand":0,"DemandMax":3,"Value":14688},{"Length":81,"Height":20,"Demand":0,"DemandMax":3,"Value":1620},{"Length":86,"Height":4,"Demand":0,"DemandMax":3,"Value":1032},{"Length":44,"Height":47,"Demand":0,"DemandMax":3,"Value":4136},{"Length":46,"Height":95,"Demand":0,"DemandMax":3,"Value":8740},{"Length":76,"Height":49,"Demand":0,"DemandMax":3,"Value":3724},{"Length":41,"Height":44,"Demand":0,"DemandMax":3,"Value":1804},{"Length":99,"Height":37,"Demand":0,"DemandMax":3,"Value":3663},{"Length":18,"Height":33,"Demand":0,"DemandMax":3,"Value":1782},{"Length":50,"Height":24,"Demand":0,"DemandMax":3,"Value":3600},{"Length":78,"Height":62,"Demand":0,"DemandMax":3,"Value":14508},{"Length":20,"Height":45,"Demand":0,"DemandMax":3,"Value":2700},{"Length":42,"Height":93,"Demand":0,"DemandMax":3,"Value":3906},{"Length":41,"Height":32,"Demand":0,"DemandMax":3,"Value":1312},{"Length":88,"Height":4,"Demand":0,"DemandMax":3,"Value":1056},{"Length":25,"Height":90,"Demand":0,"DemandMax":3,"Value":6750},{"Length":86,"Height":47,"Demand":0,"DemandMax":3,"Value":8084},{"Length":37,"Height":46,"Demand":0,"DemandMax":3,"Value":3404},{"Length":98,"Height":72,"Demand":0,"DemandMax":3,"Value":14112},{"Length":42,"Height":96,"Demand":0,"DemandMax":3,"Value":8064},{"Length":34,"Height":20,"Demand":0,"DemandMax":3,"Value":1360},{"Length":47,"Height":21,"Demand":0,"DemandMax":3,"Value":2961},{"Length":36,"Height":49,"Demand":0,"DemandMax":3,"Value":1764},{"Length":26,"Height":6,"Demand":0,"DemandMax":3,"Value":468},{"Length":99,"Height":94,"Demand":0,"DemandMax":3,"Value":18612},{"Length":20,"Height":39,"Demand":0,"DemandMax":3,"Value":1560},{"Length":77,"Height":28,"Demand":0,"DemandMax":3,"Value":2156},{"Length":90,"Height":22,"Demand":0,"DemandMax":3,"Value":1980},{"Length":32,"Height":48,"Demand":0,"DemandMax":3,"Value":1536},{"Length":40,"Height":50,"Demand":0,"DemandMax":3,"Value":6000},{"Length":10,"Height":83,"Demand":0,"DemandMax":3,"Value":1660},{"Length":12,"Height":29,"Demand":0,"DemandMax":3,"Value":348},{"Length":86,"Height":75,"Demand":0,"DemandMax":3,"Value":12900},{"Length":76,"Height":50,"Demand":0,"DemandMax":3,"Value":7600},{"Length":20,"Height":100,"Demand":0,"DemandMax":3,"Value":2000},{"Length":17,"Height":7,"Demand":0,"DemandMax":3,"Value":238},{"Length":11,"Height":36,"Demand":0,"DemandMax":3,"Value":396},{"Length":33,"Height":33,"Demand":0,"DemandMax":3,"Value":3267},{"Length":31,"Height":27,"Demand":0,"DemandMax":3,"Value":1674},{"Length":23,"Height":28,"Demand":0,"DemandMax":3,"Value":644},{"Length":2,"Height":88,"Demand":0,"DemandMax":3,"Value":176},{"Length":23,"Height":50,"Demand":0,"DemandMax":3,"Value":3450},{"Length":44,"Height":8,"Demand":0,"DemandMax":3,"Value":704},{"Length":67,"Height":76,"Demand":0,"DemandMax":3,"Value":10184},{"Length":28,"Height":87,"Demand":0,"DemandMax":3,"Value":2436},{"Length":39,"Height":30,"Demand":0,"DemandMax":3,"Value":2340},{"Length":45,"Height":42,"Demand":0,"DemandMax":3,"Value":1890},{"Length":31,"Height":33,"Demand":0,"DemandMax":3,"Value":1023},{"Length":37,"Height":13,"Demand":0,"DemandMax":3,"Value":481},{"Length":39,"Height":8,"Demand":0,"DemandMax":3,"Value":936},{"Length":49,"Height":18,"Demand":0,"DemandMax":3,"Value":2646},{"Length":97,"Height":89,"Demand":0,"DemandMax":3,"Value":25899},{"Length":88,"Height":24,"Demand":0,"DemandMax":3,"Value":4224},{"Length":14,"Height":13,"Demand":0,"DemandMax":3,"Value":364},{"Length":31,"Height":30,"Demand":0,"DemandMax":3,"Value":930},{"Length":6,"Height":37,"Demand":0,"DemandMax":3,"Value":444},{"Length":76,"Height":94,"Demand":0,"DemandMax":3,"Value":7144},{"Length":28,"Height":26,"Demand":0,"DemandMax":3,"Value":1456},{"Length":64,"Height":98,"Demand":0,"DemandMax":3,"Value":18816},{"Length":7,"Height":18,"Demand":0,"DemandMax":3,"Value":126},{"Length":23,"Height":96,"Demand":0,"DemandMax":3,"Value":2208},{"Length":8,"Height":41,"Demand":0,"DemandMax":3,"Value":656},{"Length":92,"Height":29,"Demand":0,"DemandMax":3,"Value":5336},{"Length":38,"Height":48,"Demand":0,"DemandMax":3,"Value":5472},{"Length":57,"Height":52,"Demand":0,"DemandMax":3,"Value":8892},{"Length":9,"Height":40,"Demand":0,"DemandMax":3,"Value":720},{"Length":32,"Height":44,"Demand":0,"DemandMax":3,"Value":2816},{"Length":2,"Height":24,"Demand":0,"DemandMax":3,"Value":48},{"Length":5,"Height":49,"Demand":0,"DemandMax":3,"Value":490},{"Length":36,"Height":16,"Demand":0,"DemandMax":3,"Value":576},{"Length":38,"Height":46,"Demand":0,"DemandMax":3,"Value":3496},{"Length":89,"Height":47,"Demand":0,"DemandMax":3,"Value":12549},{"Length":9,"Height":97,"Demand":0,"DemandMax":3,"Value":2619},{"Length":19,"Height":11,"Demand":0,"DemandMax":3,"Value":418},{"Length":81,"Height":96,"Demand":0,"DemandMax":3,"Value":15552},{"Length":81,"Height":47,"Demand":0,"DemandMax":3,"Value":11421},{"Length":37,"Height":48,"Demand":0,"DemandMax":3,"Value":1776},{"Length":49,"Height":78,"Demand":0,"DemandMax":3,"Value":7644},{"Length":45,"Height":27,"Demand":0,"DemandMax":3,"Value":3645},{"Length":29,"Height":98,"Demand":0,"DemandMax":3,"Value":5684},{"Length":55,"Height":89,"Demand":0,"DemandMax":3,"Value":4895},{"Length":5,"Height":13,"Demand":0,"DemandMax":3,"Value":130},{"Length":30,"Height":36,"Demand":0,"DemandMax":3,"Value":2160},{"Length":86,"Height":63,"Demand":0,"DemandMax":3,"Value":10836},{"Length":26,"Height":79,"Demand":0,"DemandMax":3,"Value":6162},{"Length":35,"Height":30,"Demand":0,"DemandMax":3,"Value":1050},{"Length":40,"Height":46,"Demand":0,"DemandMax":3,"Value":3680},{"Length":48,"Height":79,"Demand":0,"DemandMax":3,"Value":7584},{"Length":30,"Height":26,"Demand":0,"DemandMax":3,"Value":1560},{"Length":17,"Height":93,"Demand":0,"DemandMax":3,"Value":1581},{"Length":98,"Height":45,"Demand":0,"DemandMax":3,"Value":13230},{"Length":17,"Height":17,"Demand":0,"DemandMax":3,"Value":867},{"Length":13,"Height":38,"Demand":0,"DemandMax":3,"Value":988},{"Length":38,"Height":30,"Demand":0,"DemandMax":6,"Value":3420},{"Length":78,"Height":49,"Demand":0,"DemandMax":3,"Value":7644},{"Length":27,"Height":88,"Demand":0,"DemandMax":3,"Value":2376},{"Length":79,"Height":29,"Demand":0,"DemandMax":3,"Value":4582},{"Length":11,"Height":28,"Demand":0,"DemandMax":3,"Value":308},{"Length":18,"Height":30,"Demand":0,"DemandMax":3,"Value":1620},{"Length":46,"Height":3,"Demand":0,"DemandMax":3,"Value":414},{"Length":87,"Height":24,"Demand":0,"DemandMax":3,"Value":6264},{"Length":32,"Height":29,"Demand":0,"DemandMax":3,"Value":928},{"Length":4,"Height":48,"Demand":0,"DemandMax":3,"Value":576},{"Length":57,"Height":80,"Demand":0,"DemandMax":3,"Value":13680},{"Length":15,"Height":37,"Demand":0,"DemandMax":3,"Value":1110},{"Length":34,"Height":30,"Demand":0,"DemandMax":3,"Value":2040},{"Length":80,"Height":69,"Demand":0,"DemandMax":3,"Value":16560},{"Length":4,"Height":10,"Demand":0,"DemandMax":3,"Value":120},{"Length":28,"Height":42,"Demand":0,"DemandMax":3,"Value":1176},{"Length":95,"Height":48,"Demand":0,"DemandMax":3,"Value":9120},{"Length":18,"Height":44,"Demand":0,"DemandMax":3,"Value":792},{"Length":52,"Height":74,"Demand":0,"DemandMax":3,"Value":3848},{"Length":10,"Height":21,"Demand":0,"DemandMax":3,"Value":210},{"Length":31,"Height":34,"Demand":0,"DemandMax":3,"Value":3162},{"Length":8,"Height":24,"Demand":0,"DemandMax":3,"Value":192},{"Length":48,"Height":29,"Demand":0,"DemandMax":3,"Value":4176},{"Length":2,"Height":12,"Demand":0,"DemandMax":3,"Value":24},{"Length":25,"Height":35,"Demand":0,"DemandMax":3,"Value":2625},{"Length":76,"Height":43,"Demand":0,"DemandMax":3,"Value":9804},{"Length":55,"Height":84,"Demand":0,"DemandMax":3,"Value":4620},{"Length":2,"Height":76,"Demand":0,"DemandMax":3,"Value":304},{"Length":41,"Height":98,"Demand":0,"DemandMax":3,"Value":4018},{"Length":78,"Height":85,"Demand":0,"DemandMax":3,"Value":19890},{"Length":3,"Height":39,"Demand":0,"DemandMax":3,"Value":234},{"Length":37,"Height":82,"Demand":0,"DemandMax":3,"Value":3034},{"Length":11,"Height":36,"Demand":0,"DemandMax":3,"Value":792},{"Length":36,"Height":15,"Demand":0,"DemandMax":3,"Value":1620},{"Length":49,"Height":90,"Demand":0,"DemandMax":3,"Value":8820},{"Length":84,"Height":77,"Demand":0,"DemandMax":3,"Value":6468},{"Length":19,"Height":42,"Demand":0,"DemandMax":3,"Value":2394},{"Length":22,"Height":90,"Demand":0,"DemandMax":3,"Value":1980},{"Length":10,"Height":77,"Demand":0,"DemandMax":3,"Value":770},{"Length":38,"Height":38,"Demand":0,"DemandMax":3,"Value":4332},{"Length":36,"Height":37,"Demand":0,"DemandMax":3,"Value":2664},{"Length":16,"Height":33,"Demand":0,"DemandMax":3,"Value":528},{"Length":23,"Height":7,"Demand":0,"DemandMax":3,"Value":161},{"Length":75,"Height":82,"Demand":0,"DemandMax":3,"Value":12300},{"Length":16,"Height":36,"Demand":0,"DemandMax":3,"Value":1728},{"Length":98,"Height":47,"Demand":0,"DemandMax":3,"Value":13818},{"Length":57,"Height":74,"Demand":0,"DemandMax":3,"Value":4218},{"Length":39,"Height":7,"Demand":0,"DemandMax":3,"Value":546},{"Length":19,"Height":92,"Demand":0,"DemandMax":3,"Value":5244},{"Length":22,"Height":31,"Demand":0,"DemandMax":3,"Value":2046},{"Length":85,"Height":26,"Demand":0,"DemandMax":3,"Value":2210},{"Length":29,"Height":3,"Demand":0,"DemandMax":3,"Value":174},{"Length":62,"Height":74,"Demand":0,"DemandMax":3,"Value":9176},{"Length":98,"Height":29,"Demand":0,"DemandMax":3,"Value":8526},{"Length":10,"Height":26,"Demand":0,"DemandMax":3,"Value":260},{"Length":84,"Height":61,"Demand":0,"DemandMax":3,"Value":10248},{"Length":20,"Height":19,"Demand":0,"DemandMax":3,"Value":1140},{"Length":59,"Height":57,"Demand":0,"DemandMax":3,"Value":6726},{"Length":6,"Height":49,"Demand":0,"DemandMax":3,"Value":294},{"Length":49,"Height":3,"Demand":0,"DemandMax":3,"Value":441},{"Length":21,"Height":15,"Demand":0,"DemandMax":3,"Value":315},{"Length":86,"Height":78,"Demand":0,"DemandMax":3,"Value":6708},{"Length":100,"Height":39,"Demand":0,"DemandMax":3,"Value":7800},{"Length":94,"Height":74,"Demand":0,"DemandMax":3,"Value":13912},{"Length":12,"Height":37,"Demand":0,"DemandMax":3,"Value":1332},{"Length":28,"Height":32,"Demand":0,"DemandMax":3,"Value":896},{"Length":19,"Height":21,"Demand":0,"DemandMax":3,"Value":399},{"Length":91,"Height":37,"Demand":0,"DemandMax":3,"Value":10101},{"Length":75,"Height":90,"Demand":0,"DemandMax":3,"Value":20250},{"Length":97,"Height":9,"Demand":0,"DemandMax":3,"Value":873},{"Length":16,"Height":47,"Demand":0,"DemandMax":3,"Value":2256},{"Length":51,"Height":58,"Demand":0,"DemandMax":3,"Value":5916},{"Length":80,"Height":27,"Demand":0,"DemandMax":3,"Value":4320},{"Length":69,"Height":55,"Demand":0,"DemandMax":3,"Value":7590},{"Length":39,"Height":19,"Demand":0,"DemandMax":3,"Value":2223},{"Length":25,"Height":76,"Demand":0,"DemandMax":3,"Value":5700},{"Length":48,"Height":34,"Demand":0,"DemandMax":3,"Value":1632},{"Length":6,"Height":90,"Demand":0,"DemandMax":3,"Value":1080},{"Length":95,"Height":11,"Demand":0,"DemandMax":3,"Value":2090},{"Length":6,"Height":5,"Demand":0,"DemandMax":3,"Value":90},{"Length":39,"Height":47,"Demand":0,"DemandMax":3,"Value":5499},{"Length":33,"Height":10,"Demand":0,"DemandMax":3,"Value":990},{"Length":40,"Height":90,"Demand":0,"DemandMax":3,"Value":7200},{"Length":86,"Height":27,"Demand":0,"DemandMax":3,"Value":2322},{"Length":26,"Height":20,"Demand":0,"DemandMax":3,"Value":1560},{"Length":14,"Height":31,"Demand":0,"DemandMax":3,"Value":1302},{"Length":41,"Height":32,"Demand":0,"DemandMax":3,"Value":2624},{"Length":32,"Height":42,"Demand":0,"DemandMax":3,"Value":1344},{"Length":21,"Height":10,"Demand":0,"DemandMax":3,"Value":630},{"Length":29,"Height":90,"Demand":0,"DemandMax":3,"Value":5220},{"Length":43,"Height":38,"Demand":0,"DemandMax":3,"Value":4902},{"Length":8,"Height":15,"Demand":0,"DemandMax":3,"Value":360},{"Length":38,"Height":13,"Demand":0,"DemandMax":3,"Value":988},{"Length":17,"Height":19,"Demand":0,"DemandMax":3,"Value":646},{"Length":46,"Height":83,"Demand":0,"DemandMax":3,"Value":11454},{"Length":16,"Height":79,"Demand":0,"DemandMax":3,"Value":1264},{"Length":82,"Height":38,"Demand":0,"DemandMax":3,"Value":9348},{"Length":6,"Height":10,"Demand":0,"DemandMax":3,"Value":60},{"Length":44,"Height":11,"Demand":0,"DemandMax":3,"Value":484},{"Length":43,"Height":18,"Demand":0,"DemandMax":3,"Value":1548},{"Length":76,"Height":2,"Demand":0,"DemandMax":3,"Value":304},{"Length":98,"Height":91,"Demand":0,"DemandMax":3,"Value":8918},{"Length":48,"Height":88,"Demand":0,"DemandMax":3,"Value":8448},{"Length":98,"Height":80,"Demand":0,"DemandMax":3,"Value":23520},{"Length":40,"Height":91,"Demand":0,"DemandMax":3,"Value":3640},{"Length":94,"Height":15,"Demand":0,"DemandMax":3,"Value":4230},{"Length":28,"Height":28,"Demand":0,"DemandMax":3,"Value":2352},{"Length":93,"Height":16,"Demand":0,"DemandMax":3,"Value":2976},{"Length":15,"Height":16,"Demand":0,"DemandMax":3,"Value":240},{"Length":6,"Height":92,"Demand":0,"DemandMax":3,"Value":1104},{"Length":53,"Height":66,"Demand":0,"DemandMax":3,"Value":6996},{"Length":84,"Height":7,"Demand":0,"DemandMax":3,"Value":1764},{"Length":94,"Height":10,"Demand":0,"DemandMax":3,"Value":2820},{"Length":77,"Height":12,"Demand":0,"DemandMax":3,"Value":2772},{"Length":4,"Height":78,"Demand":0,"DemandMax":3,"Value":936},{"Length":94,"Height":94,"Demand":0,"DemandMax":3,"Value":8836},{"Length":43,"Height":47,"Demand":0,"DemandMax":3,"Value":4042},{"Length":48,"Height":15,"Demand":0,"DemandMax":3,"Value":1440},{"Length":5,"Height":23,"Demand":0,"DemandMax":3,"Value":230},{"Length":49,"Height":2,"Demand":0,"DemandMax":3,"Value":98},{"Length":9,"Height":8,"Demand":0,"DemandMax":3,"Value":144},{"Length":17,"Height":14,"Demand":0,"DemandMax":3,"Value":238},{"Length":42,"Height":9,"Demand":0,"DemandMax":3,"Value":756},{"Length":11,"Height":42,"Demand":0,"DemandMax":3,"Value":924},{"Length":25,"Height":17,"Demand":0,"DemandMax":3,"Value":850},{"Length":90,"Height":3,"Demand":0,"DemandMax":3,"Value":270},{"Length":90,"Height":25,"Demand":0,"DemandMax":3,"Value":6750},{"Length":100,"Height":55,"Demand":0,"DemandMax":3,"Value":11000},{"Length":88,"Height":43,"Demand":0,"DemandMax":3,"Value":11352},{"Length":7,"Height":27,"Demand":0,"DemandMax":3,"Value":567},{"Length":16,"Height":50,"Demand":0,"DemandMax":3,"Value":2400},{"Length":73,"Height":61,"Demand":0,"DemandMax":3,"Value":4453},{"Length":45,"Height":13,"Demand":0,"DemandMax":3,"Value":1170},{"Length":96,"Height":99,"Demand":0,"DemandMax":3,"Value":19008},{"Length":79,"Height":92,"Demand":0,"DemandMax":3,"Value":21804},{"Length":41,"Height":82,"Demand":0,"DemandMax":3,"Value":6724},{"Length":25,"Height":29,"Demand":0,"DemandMax":3,"Value":1450},{"Length":49,"Height":6,"Demand":0,"DemandMax":3,"Value":882},{"Length":29,"Height":49,"Demand":0,"DemandMax":3,"Value":4263},{"Length":14,"Height":40,"Demand":0,"DemandMax":3,"Value":1680},{"Length":56,"Height":80,"Demand":0,"DemandMax":3,"Value":4480},{"Length":22,"Height":77,"Demand":0,"DemandMax":3,"Value":1694},{"Length":50,"Height":5,"Demand":0,"DemandMax":3,"Value":250},{"Length":93,"Height":85,"Demand":0,"DemandMax":3,"Value":7905},{"Length":57,"Height":61,"Demand":0,"DemandMax":3,"Value":6954},{"Length":4,"Height":49,"Demand":0,"DemandMax":3,"Value":392},{"Length":32,"Height":33,"Demand":0,"DemandMax":3,"Value":2112},{"Length":7,"Height":36,"Demand":0,"DemandMax":3,"Value":252},{"Length":91,"Height":77,"Demand":0,"DemandMax":3,"Value":14014},{"Length":24,"Height":40,"Demand":0,"DemandMax":3,"Value":2880},{"Length":90,"Height":4,"Demand":0,"DemandMax":3,"Value":1080},{"Length":26,"Height":48,"Demand":0,"DemandMax":3,"Value":2496},{"Length":36,"Height":77,"Demand":0,"DemandMax":3,"Value":5544},{"Length":32,"Height":43,"Demand":0,"DemandMax":3,"Value":2752},{"Length":98,"Height":5,"Demand":0,"DemandMax":3,"Value":980},{"Length":25,"Height":40,"Demand":0,"DemandMax":3,"Value":2000},{"Length":40,"Height":79,"Demand":0,"DemandMax":3,"Value":3160},{"Length":5,"Height":19,"Demand":0,"DemandMax":3,"Value":190},{"Length":91,"Height":43,"Demand":0,"DemandMax":3,"Value":11739},{"Length":15,"Height":29,"Demand":0,"DemandMax":3,"Value":870},{"Length":6,"Height":33,"Demand":0,"DemandMax":3,"Value":396},{"Length":47,"Height":25,"Demand":0,"DemandMax":3,"Value":2350},{"Length":35,"Height":7,"Demand":0,"DemandMax":3,"Value":735},{"Length":7,"Height":23,"Demand":0,"DemandMax":3,"Value":161},{"Length":33,"Height":40,"Demand":0,"DemandMax":3,"Value":1320},{"Length":47,"Height":9,"Demand":0,"DemandMax":3,"Value":423},{"Length":25,"Height":99,"Demand":0,"DemandMax":3,"Value":4950},{"Length":79,"Height":36,"Demand":0,"DemandMax":3,"Value":5688},{"Length":16,"Height":44,"Demand":0,"DemandMax":3,"Value":2112},{"Length":15,"Height":89,"Demand":0,"DemandMax":3,"Value":4005},{"Length":67,"Height":95,"Demand":0,"DemandMax":3,"Value":12730},{"Length":38,"Height":5,"Demand":0,"DemandMax":3,"Value":570},{"Length":49,"Height":41,"Demand":0,"DemandMax":3,"Value":2009},{"Length":44,"Height":16,"Demand":0,"DemandMax":3,"Value":704},{"Length":39,"Height":22,"Demand":0,"DemandMax":3,"Value":858},{"Length":83,"Height":69,"Demand":0,"DemandMax":3,"Value":17181},{"Length":31,"Height":94,"Demand":0,"DemandMax":3,"Value":5828},{"Length":46,"Height":42,"Demand":0,"DemandMax":3,"Value":3864},{"Length":30,"Height":45,"Demand":0,"DemandMax":3,"Value":4050},{"Length":27,"Height":76,"Demand":0,"DemandMax":3,"Value":2052},{"Length":29,"Height":20,"Demand":0,"DemandMax":3,"Value":1160},{"Length":33,"Height":48,"Demand":0,"DemandMax":3,"Value":4752},{"Length":19,"Height":11,"Demand":0,"DemandMax":3,"Value":627},{"Length":15,"Height":10,"Demand":0,"DemandMax":3,"Value":150},{"Length":22,"Height":11,"Demand":0,"DemandMax":3,"Value":242},{"Length":5,"Height":22,"Demand":0,"DemandMax":3,"Value":110},{"Length":20,"Height":76,"Demand":0,"DemandMax":3,"Value":3040},{"Length":65,"Height":54,"Demand":0,"DemandMax":3,"Value":10530},{"Length":13,"Height":33,"Demand":0,"DemandMax":3,"Value":1287},{"Length":94,"Height":7,"Demand":0,"DemandMax":3,"Value":1974},{"Length":83,"Height":5,"Demand":0,"DemandMax":3,"Value":415},{"Length":18,"Height":91,"Demand":0,"DemandMax":3,"Value":1638},{"Length":32,"Height":98,"Demand":0,"DemandMax":3,"Value":9408},{"Length":23,"Height":46,"Demand":0,"DemandMax":3,"Value":3174},{"Length":25,"Height":39,"Demand":0,"DemandMax":3,"Value":975},{"Length":51,"Height":78,"Demand":0,"DemandMax":3,"Value":3978},{"Length":97,"Height":39,"Demand":0,"DemandMax":3,"Value":7566},{"Length":79,"Height":11,"Demand":0,"DemandMax":3,"Value":869},{"Length":19,"Height":100,"Demand":0,"DemandMax":3,"Value":5700},{"Length":46,"Height":94,"Demand":0,"DemandMax":3,"Value":4324},{"Length":91,"Height":71,"Demand":0,"DemandMax":3,"Value":19383},{"Length":92,"Height":26,"Demand":0,"DemandMax":3,"Value":2392},{"Length":87,"Height":96,"Demand":0,"DemandMax":3,"Value":16704},{"Length":23,"Height":32,"Demand":0,"DemandMax":3,"Value":1472}]}