{"Name":"ngcutfs2_182","Objects":[{"Length":100,"Height":100,"Stock":null,"Cost":10000}],"Items":[{"Length":44,"Height":27,"Demand":0,"DemandMax":1,"Value":3564},{"Length":49,"Height":19,"Demand":0,"DemandMax":1,"Value":1862},{"Length":9,"Height":8,"Demand":0,"DemandMax":1,"Value":216},{"Length":50,"Height":2,"Demand":0,"DemandMax":1,"Value":300},{"Length":4,"Height":8,"Demand":0,"DemandMax":1,"Value":64},{"Length":64,"Height":78,"Demand":0,"DemandMax":1,"Value":14976},{"Length":6,"Height":96,"Demand":0,"DemandMax":1,"Value":1152},{"Length":94,"Height":28,"Demand":0,"DemandMax":2,"Value":5264},{"Length":93,"Height":62,"Demand":0,"DemandMax":1,"Value":5766},{"Length":76,"Height":3,"Demand":0,"DemandMax":1,"Value":228},{"Length":38,"Height":97,"Demand":0,"DemandMax":1,"Value":3686},{"Length":39,"Height":19,"Demand":0,"DemandMax":1,"Value":741},{"Length":29,"Height":25,"Demand":0,"DemandMax":1,"Value":725},{"Length":21,"Height":32,"Demand":0,"DemandMax":1,"Value":2016},{"Length":49,"Height":44,"Demand":0,"DemandMax":1,"Value":6468},{"Length":26,"Height":33,"Demand":0,"DemandMax":1,"Value":1716},{"Length":12,"Height":14,"Demand":0,"DemandMax":1,"Value":336},{"Length":79,"Height":85,"Demand":0,"DemandMax":1,"Value":6715},{"Length":39,"Height":31,"Demand":0,"DemandMax":1,"Value":3627},{"Length":28,"Height":77,"Demand":0,"DemandMax":1,"Value":4312},{"Length":15,"Height":42,"Demand":0,"DemandMax":1,"Value":1890},{"Length":27,"Height":5,"Demand":0,"DemandMax":1,"Value":405},{"Length":26,"Height":45,"Demand":0,"DemandMax":1,"Value":2340},{"Length":15,"Height":5,"Demand":0,"DemandMax":1,"Value":150},{"Length":38,"Height":8,"Demand":0,"DemandMax":1,"Value":304},{"Length":100,"Height":52,"Demand":0,"DemandMax":1,"Value":5200},{"Length":5,"Height":40,"Demand":0,"DemandMax":1,"Value":400},{"Length":90,"Height":21,"Demand":0,"DemandMax":1,"Value":5670},{"Length":53,"Height":57,"Demand":0,"DemandMax":1,"Value":9063},{"Length":34,"Height":38,"Demand":0,"DemandMax":1,"Value":2584},{"Length":27,"Height":33,"Demand":0,"DemandMax":1,"Value":891},{"Length":11,"Height":39,"Demand":0,"DemandMax":1,"Value":1287},{"Length":14,"Height":39,"Demand":0,"DemandMax":1,"Value":546},{"Length":31,"Height":95,"Demand":0,"DemandMax":1,"Value":5890},{"Length":85,"Height":15,"Demand":0,"DemandMax":1,"Value":1275},{"Length":42,"Height":13,"Demand":0,"DemandMax":1,"Value":1092},{"Length":10,"Height":36,"Demand":0,"DemandMax":1,"Value":360},{"Length":52,"Height":59,"Demand":0,"DemandMax":1,"Value":9204},{"Length":11,"Height":2,"Demand":0,"DemandMax":1,"Value":44},{"Length":13,"Height":81,"Demand":0,"DemandMax":1,"Value":3159},{"Length":20,"Height":16,"Demand":0,"DemandMax":1,"Value":640},{"Length":3,"Height":50,"Demand":0,"DemandMax":1,"Value":150},{"Length":47,"Height":29,"Demand":0,"DemandMax":1,"Value":1363},{"Length":30,"Height":93,"Demand":0,"DemandMax":1,"Value":5580},{"Length":18,"Height":93,"Demand":0,"DemandMax":1,"Value":5022},{"Length":28,"Height":84,"Demand":0,"DemandMax":1,"Value":7056},{"Length":38,"Height":21,"Demand":0,"DemandMax":1,"Value":798},{"Length":4,"Height":45,"Demand":0,"DemandMax":1,"Value":360},{"Length":37,"Height":98,"Demand":0,"DemandMax":1,"Value":3626},{"Length":34,"Height":17,"Demand":0,"DemandMax":1,"Value":1156},{"Length":55,"Height":60,"Demand":0,"DemandMax":1,"Value":6600},{"Length":89,"Height":38,"Demand":0,"DemandMax":1,"Value":6764},{"Length":30,"Height":5,"Demand":0,"DemandMax":1,"Value":450},{"Length":7,"Height":13,"Demand":0,"DemandMax":1,"Value":182},{"Length":26,"Height":27,"Demand":0,"DemandMax":1,"Value":702},{"Length":17,"Height":94,"Demand":0,"DemandMax":1,"Value":3196},{"Length":85,"Height":48,"Demand":0,"DemandMax":1,"Value":12240},{"Length":36,"Height":28,"Demand":0,"DemandMax":1,"Value":2016},{"Length":34,"Height":11,"Demand":0,"DemandMax":1,"Value":374},{"Length":29,"Height":100,"Demand":0,"DemandMax":1,"Value":2900},{"Length":11,"Height":28,"Demand":0,"DemandMax":1,"Value":308},{"Length":98,"Height":52,"Demand":0,"DemandMax":1,"Value":15288},{"Length":30,"Height":34,"Demand":0,"DemandMax":1,"Value":2040},{"Length":81,"Height":98,"Demand":0,"DemandMax":1,"Value":23814},{"Length":77,"Height":2,"Demand":0,"DemandMax":1,"Value":308},{"Length":92,"Height":94,"Demand":0,"DemandMax":1,"Value":17296},{"Length":46,"Height":93,"Demand":0,"DemandMax":1,"Value":8556},{"Length":28,"Height":36,"Demand":0,"DemandMax":1,"Value":2016},{"Length":2,"Height":81,"Demand":0,"DemandMax":1,"Value":486},{"Length":3,"Height":35,"Demand":0,"DemandMax":1,"Value":105},{"Length":61,"Height":60,"Demand":0,"DemandMax":1,"Value":7320},{"Length":94,"Height":26,"Demand":0,"DemandMax":1,"Value":2444},{"Length":53,"Height":67,"Demand":0,"DemandMax":1,"Value":7102},{"Length":8,"Height":15,"Demand":0,"DemandMax":1,"Value":360},{"Length":43,"Height":14,"Demand":0,"DemandMax":3,"Value":602},{"Length":45,"Height":41,"Demand":0,"DemandMax":1,"Value":3690},{"Length":18,"Height":16,"Demand":0,"DemandMax":1,"Value":864},{"Length":92,"Height":81,"Demand":0,"DemandMax":1,"Value":22356},{"Length":15,"Height":41,"Demand":0,"DemandMax":1,"Value":1845},{"Length":82,"Height":43,"Demand":0,"DemandMax":1,"Value":7052},{"Length":100,"Height":48,"Demand":0,"DemandMax":1,"Value":4800},{"Length":38,"Height":17,"Demand":0,"DemandMax":1,"Value":1292},{"Length":33,"Height":43,"Demand":0,"DemandMax":2,"Value":1419},{"Length":94,"Height":23,"Demand":0,"DemandMax":1,"Value":6486},{"Length":14,"Height":13,"Demand":0,"DemandMax":1,"Value":364},{"Length":30,"Height":45,"Demand":0,"DemandMax":1,"Value":4050},{"Length":41,"Height":76,"Demand":0,"DemandMax":1,"Value":3116},{"Length":17,"Height":98,"Demand":0,"DemandMax":1,"Value":3332},{"Length":44,"Height":91,"Demand":0,"DemandMax":1,"Value":4004},{"Length":8,"Height":2,"Demand":0,"DemandMax":1,"Value":48},{"Length":80,"Height":17,"Demand":0,"DemandMax":1,"Value":4080},{"Length":5,"Height":36,"Demand":0,"DemandMax":1,"Value":180},{"Length":9,"Height":19,"Demand":0,"DemandMax":1,"Value":342},{"Length":25,"Height":33,"Demand":0,"DemandMax":1,"Value":2475},{"Length":37,"Height":39,"Demand":0,"DemandMax":1,"Value":1443},{"Length":99,"Height":6,"Demand":0,"DemandMax":1,"Value":1188},{"Length":12,"Height":45,"Demand":0,"DemandMax":1,"Value":1080},{"Length":4,"Height":13,"Demand":0,"DemandMax":1,"Value":156},{"Length":3,"Height":27,"Demand":0,"DemandMax":1,"Value":162},{"Length":25,"Height":91,"Demand":0,"DemandMax":1,"Value":4550},{"Length":42,"Height":14,"Demand":0,"DemandMax":1,"Value":1764},{"Length":38,"Height":12,"Demand":0,"DemandMax":1,"Value":1368},{"Length":36,"Height":27,"Demand":0,"DemandMax":1,"Value":2916},{"Length":66,"Height":65,"Demand":0,"DemandMax":2,"Value":4290},{"Length":87,"Height":49,"Demand":0,"DemandMax":1,"Value":12789},{"Length":37,"Height":12,"Demand":0,"DemandMax":2,"Value":1332},{"Length":37,"Height":48,"Demand":0,"DemandMax":1,"Value":5328},{"Length":58,"Height":94,"Demand":0,"DemandMax":1,"Value":10904},{"Length":37,"Height":3,"Demand":0,"DemandMax":1,"Value":222},{"Length":31,"Height":94,"Demand":0,"DemandMax":1,"Value":8742},{"Length":62,"Height":94,"Demand":0,"DemandMax":1,"Value":17484},{"Length":98,"Height":69,"Demand":0,"DemandMax":1,"Value":20286},{"Length":47,"Height":43,"Demand":0,"DemandMax":1,"Value":2021},{"Length":40,"Height":11,"Demand":0,"DemandMax":1,"Value":880},{"Length":39,"Height":42,"Demand":0,"DemandMax":1,"Value":3276},{"Length":59,"Height":100,"Demand":0,"DemandMax":1,"Value":17700},{"Length":2,"Height":87,"Demand":0,"DemandMax":1,"Value":522},{"Length":89,"Height":21,"Demand":0,"DemandMax":1,"Value":5607},{"Length":23,"Height":36,"Demand":0,"DemandMax":1,"Value":2484},{"Length":96,"Height":25,"Demand":0,"DemandMax":1,"Value":2400},{"Length":44,"Height":88,"Demand":0,"DemandMax":1,"Value":11616},{"Length":18,"Height":5,"Demand":0,"DemandMax":1,"Value":180},{"Length":9,"Height":28,"Demand":0,"DemandMax":1,"Value":504},{"Length":14,"Height":99,"Demand":0,"DemandMax":1,"Value":2772},{"Length":10,"Height":19,"Demand":0,"DemandMax":1,"Value":380},{"Length":48,"Height":42,"Demand":0,"DemandMax":1,"Value":4032},{"Length":33,"Height":78,"Demand":0,"DemandMax":1,"Value":7722},{"Length":35,"Height":20,"Demand":0,"DemandMax":1,"Value":700},{"Length":97,"Height":2,"Demand":0,"DemandMax":1,"Value":194},{"Length":33,"Height":17,"Demand":0,"DemandMax":1,"Value":1122},{"Length":11,"Height":20,"Demand":0,"DemandMax":1,"Value":220},{"Length":47,"Height":18,"Demand":0,"DemandMax":1,"Value":846},{"Length":47,"Height":31,"Demand":0,"DemandMax":1,"Value":1457},{"Length":41,"Height":21,"Demand":0,"DemandMax":1,"Value":861},{"Length":15,"Height":10,"Demand":0,"DemandMax":1,"Value":450},{"Length":28,"Height":10,"Demand":0,"DemandMax":1,"Value":840},{"Length":44,"Height":19,"Demand":0,"DemandMax":1,"Value":836},{"Length":2,"Height":5,"Demand":0,"DemandMax":1,"Value":30},{"Length":44,"Height":4,"Demand":0,"DemandMax":1,"Value":352},{"Length":37,"Height":26,"Demand":0,"DemandMax":1,"Value":962},{"Length":24,"Height":22,"Demand":0,"DemandMax":1,"Value":1584},{"Length":48,"Height":100,"Demand":0,"DemandMax":1,"Value":4800},{"Length":37,"Height":47,"Demand":0,"DemandMax":2,"Value":3478},{"Length":87,"Height":46,"Demand":0,"DemandMax":1,"Value":8004},{"Length":50,"Height":4,"Demand":0,"DemandMax":1,"Value":200},{"Length":96,"Height":4,"Demand":0,"DemandMax":1,"Value":768},{"Length":22,"Height":12,"Demand":0,"DemandMax":1,"Value":264},{"Length":42,"Height":26,"Demand":0,"DemandMax":2,"Value":1092},{"Length":80,"Height":9,"Demand":0,"DemandMax":1,"Value":1440},{"Length":6,"Height":31,"Demand":0,"DemandMax":1,"Value":558},{"Length":38,"Height":46,"Demand":0,"DemandMax":1,"Value":3496},{"Length":9,"Height":40,"Demand":0,"DemandMax":1,"Value":720},{"Length":16,"Height":84,"Demand":0,"DemandMax":1,"Value":2688},{"Length":43,"Height":93,"Demand":0,"DemandMax":1,"Value":7998},{"Length":25,"Height":96,"Demand":0,"DemandMax":1,"Value":2400},{"Length":8,"Height":36,"Demand":0,"DemandMax":1,"Value":288},{"Length":79,"Height":27,"Demand":0,"DemandMax":1,"Value":6399},{"Length":42,"Height":49,"Demand":0,"DemandMax":1,"Value":4116},{"Length":48,"Height":10,"Demand":0,"DemandMax":1,"Value":1440},{"Length":30,"Height":11,"Demand":0,"DemandMax":1,"Value":330},{"Length":52,"Height":58,"Demand":0,"DemandMax":1,"Value":9048},{"Length":28,"Height":44,"Demand":0,"DemandMax":2,"Value":1232},{"Length":22,"Height":40,"Demand":0,"DemandMax":1,"Value":880},{"Length":12,"Height":4,"Demand":0,"DemandMax":1,"Value":48},{"Length":33,"Height":33,"Demand":0,"DemandMax":1,"Value":1089},{"Length":81,"Height":20,"Demand":0,"DemandMax":1,"Value":3240},{"Length":93,"Height":76,"Demand":0,"DemandMax":1,"Value":21204},{"Length":95,"Height":45,"Demand":0,"DemandMax":1,"Value":12825},{"Length":51,"Height":96,"Demand":0,"DemandMax":1,"Value":4896},{"Length":43,"Height":29,"Demand":0,"DemandMax":1,"Value":1247},{"Length":36,"Height":29,"Demand":0,"DemandMax":1,"Value":1044},{"Length":7,"Height":28,"Demand":0,"DemandMax":2,"Value":196},{"Length":85,"Height":6,"Demand":0,"DemandMax":1,"Value":1530},{"Length":28,"Height":12,"Demand":0,"DemandMax":1,"Value":1008},{"Length":12,"Height":93,"Demand":0,"DemandMax":1,"Value":1116},{"Length":17,"Height":48,"Demand":0,"DemandMax":1,"Value":2448},{"Length":25,"Height":8,"Demand":0,"DemandMax":1,"Value":200},{"Length":21,"Height":49,"Demand":0,"DemandMax":1,"Value":2058},{"Length":38,"Height":13,"Demand":0,"DemandMax":1,"Value":494},{"Length":12,"Height":16,"Demand":0,"DemandMax":1,"Value":576},{"Length":21,"Height":23,"Demand":0,"DemandMax":1,"Value":483},{"Length":81,"Height":100,"Demand":0,"DemandMax":1,"Value":16200},{"Length":97,"Height":39,"Demand":0,"DemandMax":1,"Value":7566},{"Length":11,"Height":24,"Demand":0,"DemandMax":1,"Value":792},{"Length":95,"Height":90,"Demand":0,"DemandMax":1,"Value":8550},{"Length":40,"Height":50,"Demand":0,"DemandMax":1,"Value":6000},{"Length":5,"Height":30,"Demand":0,"DemandMax":1,"Value":150},{"Length":11,"Height":14,"Demand":0,"DemandMax":1,"Value":154},{"Length":3,"Height":35,"Demand":0,"DemandMax":1,"Value":210},{"Length":28,"Height":19,"Demand":0,"DemandMax":1,"Value":532},{"Length":90,"Height":16,"Demand":0,"DemandMax":1,"Value":1440},{"Length":13,"Height":33,"Demand":0,"DemandMax":3,"Value":1287},{"Length":61,"Height":88,"Demand":0,"DemandMax":1,"Value":16104},{"Length":10,"Height":40,"Demand":0,"DemandMax":1,"Value":1200},{"Length":35,"Height":98,"Demand":0,"DemandMax":1,"Value":10290},{"Length":14,"Height":5,"Demand":0,"DemandMax":1,"Value":210},{"Length":27,"Height":25,"Demand":0,"DemandMax":1,"Value":675},{"Length":50,"Height":46,"Demand":0,"DemandMax":1,"Value":4600},{"Length":42,"Height":95,"Demand":0,"DemandMax":1,"Value":11970},{"Length":46,"Height":33,"Demand":0,"DemandMax":1,"Value":3036},{"Length":84,"Height":37,"Demand":0,"DemandMax":1,"Value":3108},{"Length":33,"Height":49,"Demand":0,"DemandMax":1,"Value":3234},{"Length":50,"Height":13,"Demand":0,"DemandMax":1,"Value":650},{"Length":33,"Height":46,"Demand":0,"DemandMax":1,"Value":1518},{"Length":83,"Height":9,"Demand":0,"DemandMax":1,"Value":1494},{"Length":26,"Height":85,"Demand":0,"DemandMax":1,"Value":6630},{"Length":90,"Height":6,"Demand":0,"DemandMax":1,"Value":540},{"Length":87,"Height":95,"Demand":0,"DemandMax":1,"Value":16530},{"Length":17,"Height":6,"Demand":0,"DemandMax":1,"Value":204},{"Length":17,"Height":90,"Demand":0,"DemandMax":1,"Value":3060},{"Length":34,"Height":6,"Demand":0,"DemandMax":1,"Value":204},{"Length":3,"Height":50,"Demand":0,"DemandMax":1,"Value":450},{"Length":50,"Height":14,"Demand":0,"DemandMax":1,"Value":700},{"Length":64,"Height":66,"Demand":0,"DemandMax":1,"Value":12672},{"Length":54,"Height":63,"Demand":0,"DemandMax":1,"Value":6804},{"Length":16,"Height":47,"Demand":0,"DemandMax":1,"Value":752},{"Length":28,"Height":7,"Demand":0,"DemandMax":1,"Value":392},{"Length":31,"Height":10,"Demand":0,"DemandMax":1,"Value":310},{"Length":74,"Height":79,"Demand":0,"DemandMax":1,"Value":11692},{"Length":31,"Height":20,"Demand":0,"DemandMax":1,"Value":1240},{"Length":84,"Height":73,"Demand":0,"DemandMax":1,"Value":18396},{"Length":10,"Height":36,"Demand":0,"DemandMax":1,"Value":1080},{"Length":77,"Height":30,"Demand":0,"DemandMax":1,"Value":4620},{"Length":37,"Height":50,"Demand":0,"DemandMax":1,"Value":5550},{"Length":18,"Height":8,"Demand":0,"DemandMax":1,"Value":144},{"Length":100,"Height":41,"Demand":0,"DemandMax":1,"Value":12300},{"Length":29,"Height":47,"Demand":0,"DemandMax":1,"Value":2726},{"Length":86,"Height":39,"Demand":0,"DemandMax":1,"Value":10062},{"Length":40,"Height":23,"Demand":0,"DemandMax":1,"Value":2760},{"Length":87,"Height":36,"Demand":0,"DemandMax":1,"Value":6264},{"Length":84,"Height":6,"Demand":0,"DemandMax":1,"Value":504},{"Length":14,"Height":29,"Demand":0,"DemandMax":1,"Value":1218},{"Length":85,"Height":26,"Demand":0,"DemandMax":1,"Value":4420},{"Length":34,"Height":15,"Demand":0,"DemandMax":2,"Value":1530},{"Length":39,"Height":92,"Demand":0,"DemandMax":1,"Value":7176},{"Length":24,"Height":79,"Demand":0,"DemandMax":1,"Value":1896},{"Length":60,"Height":91,"Demand":0,"DemandMax":1,"Value":5460},{"Length":36,"Height":5,"Demand":0,"DemandMax":1,"Value":540},{"Length":71,"Height":98,"Demand":0,"DemandMax":1,"Value":6958},{"Length":21,"Height":76,"Demand":0,"DemandMax":1,"Value":1596},{"Length":91,"Height":35,"Demand":0,"DemandMax":1,"Value":9555},{"Length":98,"Height":23,"Demand":0,"DemandMax":1,"Value":6762},{"Length":13,"Height":30,"Demand":0,"DemandMax":1,"Value":780},{"Length":8,"Height":16,"Demand":0,"DemandMax":1,"Value":128},{"Length":48,"Height":11,"Demand":0,"DemandMax":1,"Value":528},{"Length":88,"Height":15,"Demand":0,"DemandMax":1,"Value":3960},{"Length":17,"Height":84,"Demand":0,"DemandMax":1,"Value":1428},{"Length":21,"Height":37,"Demand":0,"DemandMax":1,"Value":1554},{"Length":40,"Height":77,"Demand":0,"DemandMax":1,"Value":3080},{"Length":7,"Height":99,"Demand":0,"DemandMax":1,"Value":693},{"Length":35,"Height":17,"Demand":0,"DemandMax":1,"Value":1190},{"Length":30,"Height":39,"Demand":0,"DemandMax":1,"Value":2340},{"Length":79,"Height":74,"Demand":0,"DemandMax":1,"Value":5846},{"Length":38,"Height":30,"Demand":0,"DemandMax":1,"Value":2280},{"Length":11,"Height":91,"Demand":0,"DemandMax":1,"Value":3003},{"Length":17,"Height":33,"Demand":0,"DemandMax":1,"Value":1122},{"Length":14,"Height":22,"Demand":0,"DemandMax":2,"Value":616},{"Length":21,"Height":98,"Demand":0,"DemandMax":1,"Value":2058},{"Length":22,"Height":15,"Demand":0,"DemandMax":1,"Value":330},{"Length":37,"Height":32,"Demand":0,"DemandMax":1,"Value":2368},{"Length":14,"Height":3,"Demand":0,"DemandMax":1,"Value":84},{"Length":22,"Height":46,"Demand":0,"DemandMax":1,"Value":1012},{"Length":52,"Height":90,"Demand":0,"DemandMax":1,"Value":14040},{"Length":15,"Height":28,"Demand":0,"DemandMax":1,"Value":840},{"Length":50,"Height":50,"Demand":0,"DemandMax":1,"Value":2500},{"Length":22,"Height":7,"Demand":0,"DemandMax":1,"Value":308},{"Length":7,"Height":5,"Demand":0,"DemandMax":1,"Value":70},{"Length":10,"Height":10,"Demand":0,"DemandMax":1,"Value":200},{"Length":10,"Height":18,"Demand":0,"DemandMax":1,"Value":360},{"Length":43,"Height":100,"Demand":0,"DemandMax":1,"Value":8600},{"Length":11,"Height":31,"Demand":0,"DemandMax":1,"Value":682},{"Length":7,"Height":46,"Demand":0,"DemandMax":2,"Value":966},{"Length":82,"Height":19,"Demand":0,"DemandMax":1,"Value":1558},{"Length":25,"Height":4,"Demand":0,"DemandMax":1,"Value":100},{"Length":43,"Height":18,"Demand":0,"DemandMax":1,"Value":1548},{"Length":40,"Height":39,"Demand":0,"DemandMax":1,"Value":4680},{"Length":92,"Height":96,"Demand":0,"DemandMax":1,"Value":26496},{"Length":10,"Height":41,"Demand":0,"DemandMax":1,"Value":410},{"Length":21,"Height":23,"Demand":0,"DemandMax":1,"Value":1449},{"Length":71,"Height":63,"Demand":0,"DemandMax":1,"Value":8946},{"Length":19,"Height":8,"Demand":0,"DemandMax":2,"Value":456},{"Length":46,"Height":32,"Demand":0,"DemandMax":1,"Value":1472},{"Length":37,"Height":17,"Demand":0,"DemandMax":1,"Value":629},{"Length":11,"Height":78,"Demand":0,"DemandMax":1,"Value":1716},{"Length":8,"Height":49,"Demand":0,"DemandMax":1,"Value":392},{"Length":7,"Height":33,"Demand":0,"DemandMax":1,"Value":462},{"Length":89,"Height":46,"Demand":0,"DemandMax":1,"Value":8188},{"Length":81,"Height":49,"Demand":0,"DemandMax":1,"Value":3969},{"Length":33,"Height":45,"Demand":0,"DemandMax":1,"Value":4455},{"Length":17,"Height":21,"Demand":0,"DemandMax":1,"Value":1071},{"Length":3,"Height":32,"Demand":0,"DemandMax":1,"Value":192},{"Length":78,"Height":66,"Demand":0,"DemandMax":1,"Value":10296},{"Length":44,"Height":30,"Demand":0,"DemandMax":1,"Value":1320},{"Length":41,"Height":88,"Demand":0,"DemandMax":1,"Value":7216},{"Length":78,"Height":8,"Demand":0,"DemandMax":1,"Value":1872},{"Length":27,"Height":97,"Demand":0,"DemandMax":1,"Value":7857},{"Length":19,"Height":44,"Demand":0,"DemandMax":1,"Value":1672},{"Length":48,"Height":16,"Demand":0,"DemandMax":1,"Value":2304},{"Length":24,"Height":82,"Demand":0,"DemandMax":1,"Value":3936},{"Length":53,"Height":79,"Demand":0,"DemandMax":1,"Value":8374},{"Length":36,"Height":19,"Demand":0,"DemandMax":2,"Value":2052},{"Length":46,"Height":99,"Demand":0,"DemandMax":1,"Value":9108},{"Length":99,"Height":89,"Demand":0,"DemandMax":1,"Value":26433},{"Length":37,"Height":31,"Demand":0,"DemandMax":1,"Value":2294},{"Length":30,"Height":10,"Demand":0,"DemandMax":1,"Value":900},{"Length":16,"Height":10,"Demand":0,"DemandMax":1,"Value":160},{"Length":10,"Height":91,"Demand":0,"DemandMax":1,"Value":2730},{"Length":85,"Height":78,"Demand":0,"DemandMax":1,"Value":13260},{"Length":45,"Height":2,"Demand":0,"DemandMax":1,"Value":90},{"Length":29,"Height":4,"Demand":0,"DemandMax":1,"Value":116},{"Length":35,"Height":42,"Demand":0,"DemandMax":1,"Value":1470},{"Length":48,"Height":85,"Demand":0,"DemandMax":1,"Value":4080},{"Length":19,"Height":8,"Demand":0,"DemandMax":1,"Value":304},{"Length":5,"Height":44,"Demand":0,"DemandMax":1,"Value":220},{"Length":8,"Height":24,"Demand":0,"DemandMax":1,"Value":576},{"Length":64,"Height":70,"Demand":0,"DemandMax":1,"Value":8960},{"Length":99,"Height":66,"Demand":0,"DemandMax":1,"Value":13068},{"Length":42,"Height":47,"Demand":0,"DemandMax":2,"Value":3948},{"Length":18,"Height":31,"Demand":0,"DemandMax":1,"Value":1674},{"Length":13,"Height":43,"Demand":0,"DemandMax":1,"Value":1677},{"Length":66,"Height":89,"Demand":0,"DemandMax":1,"Value":11748},{"Length":60,"Height":64,"Demand":0,"DemandMax":1,"Value":11520},{"Length":40,"Height":23,"Demand":0,"DemandMax":1,"Value":920},{"Length":25,"Height":31,"Demand":0,"DemandMax":1,"Value":775},{"Length":45,"Height":18,"Demand":0,"DemandMax":1,"Value":1620},{"Length":31,"Height":22,"Demand":0,"DemandMax":1,"Value":1364},{"Length":14,"Height":30,"Demand":0,"DemandMax":1,"Value":420},{"Length":32,"Height":32,"Demand":0,"DemandMax":1,"Value":2048},{"Length":58,"Height":84,"Demand":0,"DemandMax":1,"Value":4872},{"Length":11,"Height":95,"Demand":0,"DemandMax":2,"Value":3135},{"Length":38,"Height":78,"Demand":0,"DemandMax":1,"Value":2964},{"Length":43,"Height":44,"Demand":0,"DemandMax":1,"Value":5676},{"Length":19,"Height":79,"Demand":0,"DemandMax":1,"Value":1501},{"Length":30,"Height":27,"Demand":0,"DemandMax":1,"Value":2430},{"Length":28,"Height":31,"Demand":0,"DemandMax":1,"Value":868},{"Length":86,"Height":22,"Demand":0,"DemandMax":1,"Value":3784},{"Length":40,"Height":24,"Demand":0,"DemandMax":1,"Value":1920},{"Length":2,"Height":37,"Demand":0,"DemandMax":1,"Value":222},{"Length":86,"Height":44,"Demand":0,"DemandMax":1,"Value":7568},{"Length":39,"Height":5,"Demand":0,"DemandMax":1,"Value":390},{"Length":11,"Height":31,"Demand":0,"DemandMax":1,"Value":341},{"Length":47,"Height":20,"Demand":0,"DemandMax":1,"Value":2820},{"Length":87,"Height":7,"Demand":0,"DemandMax":1,"Value":1218},{"Length":13,"Height":46,"Demand":0,"DemandMax":1,"Value":598},{"Length":22,"Height":88,"Demand":0,"DemandMax":1,"Value":3872},{"Length":51,"Height":67,"Demand":0,"DemandMax":1,"Value":6834},{"Length":32,"Height":50,"Demand":0,"DemandMax":1,"Value":1600},{"Length":45,"Height":23,"Demand":0,"DemandMax":1,"Value":2070},{"Length":88,"Height":37,"Demand":0,"DemandMax":1,"Value":9768},{"Length":49,"Height":11,"Demand":0,"DemandMax":2,"Value":1078},{"Length":83,"Height":21,"Demand":0,"DemandMax":1,"Value":5229},{"Length":6,"Height":98,"Demand":0,"DemandMax":1,"Value":1176},{"Length":20,"Height":46,"Demand":0,"DemandMax":1,"Value":2760},{"Length":24,"Height":25,"Demand":0,"DemandMax":1,"Value":1200},{"Length":79,"Height":5,"Demand":0,"DemandMax":1,"Value":790},{"Length":13,"Height":98,"Demand":0,"DemandMax":1,"Value":2548},{"Length":34,"Height":8,"Demand":0,"DemandMax":1,"Value":544},{"Length":49,"Height":19,"Demand":0,"DemandMax":1,"Value":931},{"Length":78,"Height":78,"Demand":0,"DemandMax":1,"Value":6084},{"Length":45,"Height":6,"Demand":0,"DemandMax":1,"Value":540},{"Length":27,"Height":33,"Demand":0,"DemandMax":1,"Value":2673},{"Length":14,"Height":39,"Demand":0,"DemandMax":1,"Value":1092},{"Length":15,"Height":26,"Demand":0,"DemandMax":1,"Value":1170},{"Length":87,"Height":79,"Demand":0,"DemandMax":1,"Value":13746},{"Length":78,"Height":32,"Demand":0,"DemandMax":1,"Value":2496},{"Length":27,"Height":44,"Demand":0,"DemandMax":1,"Value":3564},{"Length":87,"Height":92,"Demand":0,"DemandMax":1,"Value":24012},{"Length":50,"Height":46,"Demand":0,"DemandMax":1,"Value":2300},{"Length":36,"Height":12,"Demand":0,"DemandMax":1,"Value":432},{"Length":44,"Height":17,"Demand":0,"DemandMax":1,"Value":2244},{"Length":32,"Height":27,"Demand":0,"DemandMax":1,"Value":864},{"Length":81,"Height":70,"Demand":0,"DemandMax":1,"Value":17010},{"Length":88,"Height":27,"Demand":0,"DemandMax":1,"Value":2376},{"Length":46,"Height":17,"Demand":0,"DemandMax":1,"Value":2346},{"Length":40,"Height":16,"Demand":0,"DemandMax":1,"Value":1920},{"Length":87,"Height":66,"Demand":0,"DemandMax":1,"Value":17226},{"Length":48,"Height":33,"Demand":0,"DemandMax":1,"Value":4752},{"Length":88,"Height":3,"Demand":0,"DemandMax":1,"Value":264},{"Length":20,"Height":46,"Demand":0,"DemandMax":1,"Value":1840},{"Length":35,"Height":94,"Demand":0,"DemandMax":1,"Value":9870},{"Length":57,"Height":73,"Demand":0,"DemandMax":1,"Value":8322},{"Length":4,"Height":44,"Demand":0,"DemandMax":1,"Value":352},{"Length":93,"Height":56,"Demand":0,"DemandMax":1,"Value":10416},{"Length":11,"Height":37,"Demand":0,"DemandMax":1,"Value":814},{"Length":30,"Height":17,"Demand":0,"DemandMax":1,"Value":1020},{"Length":16,"Height":11,"Demand":0,"DemandMax":1,"Value":352},{"Length":35,"Height":14,"Demand":0,"DemandMax":1,"Value":980},{"Length":98,"Height":50,"Demand":0,"DemandMax":1,"Value":9800},{"Length":92,"Height":4,"Demand":0,"DemandMax":1,"Value":1104},{"Length":77,"Height":85,"Demand":0,"DemandMax":1,"Value":13090},{"Length":39,"Height":36,"Demand":0,"DemandMax":1,"Value":2808},{"Length":13,"Height":29,"Demand":0,"DemandMax":2,"Value":377},{"Length":59,"Height":96,"Demand":0,"DemandMax":1,"Value":5664},{"Length":36,"Height":8,"Demand":0,"DemandMax":1,"Value":576},{"Length":4,"Height":35,"Demand":0,"DemandMax":1,"Value":140},{"Length":20,"Height":87,"Demand":0,"DemandMax":1,"Value":5220},{"Length":45,"Height":9,"Demand":0,"DemandMax":1,"Value":810},{"Length":24,"Height":5,"Demand":0,"DemandMax":1,"Value":120},{"Length":42,"Height":19,"Demand":0,"DemandMax":1,"Value":1596},{"Length":32,"Height":3,"Demand":0,"DemandMax":1,"Value":192},{"Length":10,"Height":11,"Demand":0,"DemandMax":1,"Value":330},{"Length":9,"Height":37,"Demand":0,"DemandMax":1,"Value":666},{"Length":40,"Height":28,"Demand":0,"DemandMax":1,"Value":3360},{"Length":80,"Height":24,"Demand":0,"DemandMax":1,"Value":1920},{"Length":82,"Height":26,"Demand":0,"DemandMax":1,"Value":6396},{"Length":91,"Height":12,"Demand":0,"DemandMax":1,"Value":2184},{"Length":24,"Height":38,"Demand":0,"DemandMax":1,"Value":1824},{"Length":20,"Height":17,"Demand":0,"DemandMax":2,"Value":340},{"Length":51,"Height":84,"Demand":0,"DemandMax":1,"Value":8568},{"Length":37,"Height":12,"Demand":0,"DemandMax":1,"Value":444},{"Length":76,"Height":14,"Demand":0,"DemandMax":1,"Value":1064},{"Length":95,"Height":24,"Demand":0,"DemandMax":1,"Value":6840},{"Length":74,"Height":83,"Demand":0,"DemandMax":1,"Value":12284},{"Length":15,"Height":45,"Demand":0,"DemandMax":1,"Value":1350},{"Length":30,"Height":50,"Demand":0,"DemandMax":1,"Value":3000},{"Length":39,"Height":43,"Demand":0,"DemandMax":1,"Value":1677},{"Length":18,"Height":40,"Demand":0,"DemandMax":1,"Value":720},{"Length":13,"Height":13,"Demand":0,"DemandMax":1,"Value":507},{"Length":23,"Height":83,"Demand":0,"DemandMax":1,"Value":3818},{"Length":28,"Height":41,"Demand":0,"DemandMax":1,"Value":3444},{"Length":25,"Height":84,"Demand":0,"DemandMax":1,"Value":2100},{"Length":33,"Height":4,"Demand":0,"DemandMax":1,"Value":396},{"Length":16,"Height":8,"Demand":0,"DemandMax":1,"Value":384},{"Length":96,"Height":19,"Demand":0,"DemandMax":1,"Value":3648},{"Length":32,"Height":18,"Demand":0,"DemandMax":1,"Value":1728},{"Length":19,"Height":50,"Demand":0,"DemandMax":1,"Value":1900},{"Length":36,"Height":22,"Demand":0,"DemandMax":2,"Value":2376},{"Length":29,"Height":33,"Demand":0,"DemandMax":1,"Value":1914},{"Length":51,"Height":69,"Demand":0,"DemandMax":1,"Value":7038},{"Length":32,"Height":16,"Demand":0,"DemandMax":1,"Value":1024},{"Length":86,"Height":18,"Demand":0,"DemandMax":1,"Value":4644},{"Length":93,"Height":51,"Demand":0,"DemandMax":1,"Value":9486},{"Length":10,"Height":47,"Demand":0,"DemandMax":1,"Value":470},{"Length":50,"Height":27,"Demand":0,"DemandMax":1,"Value":1350},{"Length":30,"Height":48,"Demand":0,"DemandMax":1,"Value":4320},{"Length":49,"Height":49,"Demand":0,"DemandMax":1,"Value":7203},{"Length":20,"Height":30,"Demand":0,"DemandMax":1,"Value":600},{"Length":15,"Height":92,"Demand":0,"DemandMax":1,"Value":1380},{"Length":31,"Height":9,"Demand":0,"DemandMax":1,"Value":837},{"Length":9,"Height":42,"Demand":0,"DemandMax":1,"Value":1134},{"Length":5,"Height":19,"Demand":0,"DemandMax":1,"Value":95},{"Length":45,"Height":40,"Demand":0,"DemandMax":1,"Value":1800},{"Length":45,"Height":20,"Demand":0,"DemandMax":1,"Value":900},{"Length":77,"Height":61,"Demand":0,"DemandMax":1,"Value":4697},{"Length":87,"Height":17,"Demand":0,"DemandMax":1,"Value":4437},{"Length":94,"Height":32,"Demand":0,"DemandMax":1,"Value":3008},{"Length":47,"Height":25,"Demand":0,"DemandMax":1,"Value":2350},{"Length":100,"Height":88,"Demand":0,"DemandMax":1,"Value":17600},{"Length":22,"Height":13,"Demand":0,"DemandMax":1,"Value":286},{"Length":45,"Height":28,"Demand":0,"DemandMax":1,"Value":3780},{"Length":12,"Height":3,"Demand":0,"DemandMax":1,"Value":72},{"Length":42,"Height":13,"Demand":0,"DemandMax":1,"Value":1638},{"Length":47,"Height":100,"Demand":0,"DemandMax":1,"Value":14100},{"Length":16,"Height":23,"Demand":0,"DemandMax":1,"Value":368},{"Length":86,"Height":50,"Demand":0,"DemandMax":1,"Value":4300},{"Length":45,"Height":87,"Demand":0,"DemandMax":1,"Value":3915},{"Length":49,"Height":97,"Demand":0,"DemandMax":1,"Value":9506},{"Length":43,"Height":18,"Demand":0,"DemandMax":1,"Value":2322},{"Length":28,"Height":12,"Demand":0,"DemandMax":1,"Value":672},{"Length":66,"Height":71,"Demand":0,"DemandMax":1,"Value":9372},{"Length":19,"Height":21,"Demand":0,"DemandMax":1,"Value":399},{"Length":4,"Height":2,"Demand":0,"DemandMax":1,"Value":24},{"Length":54,"Height":97,"Demand":0,"DemandMax":1,"Value":5238},{"Length":91,"Height":33,"Demand":0,"DemandMax":1,"Value":9009},{"Length":14,"Height":78,"Demand":0,"DemandMax":1,"Value":2184},{"Length":19,"Height":25,"Demand":0,"DemandMax":2,"Value":475},{"Length":84,"Height":98,"Demand":0,"DemandMax":1,"Value":8232},{"Length":35,"Height":22,"Demand":0,"DemandMax":1,"Value":770},{"Length":17,"Height":43,"Demand":0,"DemandMax":1,"Value":731},{"Length":36,"Height":41,"Demand":0,"DemandMax":1,"Value":1476},{"Length":23,"Height":20,"Demand":0,"DemandMax":1,"Value":460},{"Length":17,"Height":37,"Demand":0,"DemandMax":1,"Value":629},{"Length":48,"Height":78,"Demand":0,"DemandMax":1,"Value":3744},{"Length":29,"Height":76,"Demand":0,"DemandMax":1,"Value":6612},{"Length":92,"Height":47,"Demand":0,"DemandMax":2,"Value":12972},{"Length":27,"Height":49,"Demand":0,"DemandMax":1,"Value":1323},{"Length":50,"Height":99,"Demand":0,"DemandMax":1,"Value":9900},{"Length":87,"Height":21,"Demand":0,"DemandMax":1,"Value":5481},{"Length":36,"Height":49,"Demand":0,"DemandMax":1,"Value":3528},{"Length":9,"Height":30,"Demand":0,"DemandMax":1,"Value":540},{"Length":28,"Height":26,"Demand":0,"DemandMax":1,"Value":1456},{"Length":83,"Height":16,"Demand":0,"DemandMax":1,"Value":1328},{"Length":17,"Height":15,"Demand":0,"DemandMax":1,"Value":510},{"Length":88,"Height":98,"Demand":0,"DemandMax":1,"Value":17248},{"Length":9,"Height":92,"Demand":0,"DemandMax":2,"Value":2484},{"Length":30,"Height":50,"Demand":0,"DemandMax":1,"Value":4500},{"Length":41,"Height":27,"Demand":0,"DemandMax":1,"Value":1107},{"Length":34,"Height":44,"Demand":0,"DemandMax":1,"Value":2992},{"Length":29,"Height":76,"Demand":0,"DemandMax":1,"Value":2204},{"Length":19,"Height":41,"Demand":0,"DemandMax":1,"Value":1558},{"Length":35,"Height":93,"Demand":0,"DemandMax":1,"Value":9765},{"Length":81,"Height":31,"Demand":0,"DemandMax":1,"Value":7533},{"Length":22,"Height":80,"Demand":0,"DemandMax":1,"Value":5280},{"Length":49,"Height":14,"Demand":0,"DemandMax":1,"Value":1372},{"Length":96,"Height":55,"Demand":0,"DemandMax":1,"Value":15840},{"Length":5,"Height":15,"Demand":0,"DemandMax":1,"Value":150},{"Length":79,"Height":9,"Demand":0,"DemandMax":1,"Value":711},{"Length":51,"Height":66,"Demand":0,"DemandMax":1,"Value":3366},{"Length":55,"Height":97,"Demand":0,"DemandMax":1,"Value":10670},{"Length":37,"Height":5,"Demand":0,"DemandMax":1,"Value":555},{"Length":77,"Height":75,"Demand":0,"DemandMax":1,"Value":11550},{"Length":17,"Height":42,"Demand":0,"DemandMax":1,"Value":1428},{"Length":40,"Height":46,"Demand":0,"DemandMax":1,"Value":1840},{"Length":52,"Height":69,"Demand":0,"DemandMax":1,"Value":7176},{"Length":52,"Height":86,"Demand":0,"DemandMax":1,"Value":13416},{"Length":83,"Height":60,"Demand":0,"DemandMax":1,"Value":9960},{"Length":80,"Height":35,"Demand":0,"DemandMax":1,"Value":5600},{"Length":85,"Height":59,"Demand":0,"DemandMax":1,"Value":5015},{"Length":96,"Height":64,"Demand":0,"DemandMax":1,"Value":12288},{"Length":14,"Height":40,"Demand":0,"DemandMax":1,"Value":560},{"Length":37,"Height":20,"Demand":0,"DemandMax":1,"Value":2220},{"Length":11,"Height":25,"Demand":0,"DemandMax":1,"Value":825},{"Length":17,"Height":90,"Demand":0,"DemandMax":1,"Value":1530},{"Length":80,"Height":66,"Demand":0,"DemandMax":1,"Value":10560},{"Length":22,"Height":29,"Demand":0,"DemandMax":1,"Value":1914},{"Length":2,"Height":76,"Demand":0,"DemandMax":1,"Value":152},{"Length":2,"Height":14,"Demand":0,"DemandMax":1,"Value":56},{"Length":6,"Height":43,"Demand":0,"DemandMax":1,"Value":774},{"Length":25,"Height":23,"Demand":0,"DemandMax":1,"Value":1150},{"Length":77,"Height":30,"Demand":0,"DemandMax":1,"Value":2310},{"Length":79,"Height":89,"Demand":0,"DemandMax":1,"Value":7031},{"Length":41,"Height":7,"Demand":0,"DemandMax":1,"Value":574},{"Length":31,"Height":8,"Demand":0,"DemandMax":1,"Value":744},{"Length":78,"Height":25,"Demand":0,"DemandMax":1,"Value":5850},{"Length":29,"Height":99,"Demand":0,"DemandMax":1,"Value":5742},{"Length":74,"Height":87,"Demand":0,"DemandMax":1,"Value":19314},{"Length":6,"Height":33,"Demand":0,"DemandMax":1,"Value":198},{"Length":8,"Height":41,"Demand":0,"DemandMax":1,"Value":984},{"Length":2,"Height":12,"Demand":0,"DemandMax":1,"Value":24},{"Length":39,"Height":46,"Demand":0,"DemandMax":1,"Value":3588},{"Length":41,"Height":37,"Demand":0,"DemandMax":1,"Value":1517},{"Length":8,"Height":40,"Demand":0,"DemandMax":1,"Value":320},{"Length":44,"Height":26,"Demand":0,"DemandMax":1,"Value":1144},{"Length":43,"Height":40,"Demand":0,"DemandMax":1,"Value":3440},{"Length":33,"Height":35,"Demand":0,"DemandMax":1,"Value":1155},{"Length":5,"Height":31,"Demand":0,"DemandMax":1,"Value":310},{"Length":21,"Height":47,"Demand":0,"DemandMax":1,"Value":987},{"Length":3,"Height":89,"Demand":0,"DemandMax":1,"Value":534},{"Length":27,"Height":96,"Demand":0,"DemandMax":1,"Value":7776},{"Length":29,"Height":23,"Demand":0,"DemandMax":1,"Value":1334},{"Length":45,"Height":25,"Demand":0,"DemandMax":1,"Value":3375},{"Length":88,"Height":54,"Demand":0,"DemandMax":1,"Value":4752},{"Length":90,"Height":3,"Demand":0,"DemandMax":1,"Value":540},{"Length":12,"Height":85,"Demand":0,"DemandMax":1,"Value":2040},{"Length":85,"Height":42,"Demand":0,"DemandMax":1,"Value":10710},{"Length":23,"Height":24,"Demand":0,"DemandMax":1,"Value":1656},{"Length":41,"Height":77,"Demand":0,"DemandMax":1,"Value":3157},{"Length":19,"Height":19,"Demand":0,"DemandMax":1,"Value":361},{"Length":66,"Height":84,"Demand":0,"DemandMax":1,"Value":11088},{"Length":23,"Height":7,"Demand":0,"DemandMax":1,"Value":322},{"Length":42,"Height":6,"Demand":0,"DemandMax":1,"Value":756},{"Length":76,"Height":48,"Demand":0,"DemandMax":1,"Value":7296},{"Length":10,"Height":89,"Demand":0,"DemandMax":1,"Value":2670},{"Length":86,"Height":80,"Demand":0,"DemandMax":1,"Value":6880},{"Length":32,"Height":42,"Demand":0,"DemandMax":1,"Value":4032},{"Length":16,"Height":16,"Demand":0,"DemandMax":1,"Value":256},{"Length":50,"Height":5,"Demand":0,"DemandMax":1,"Value":750},{"Length":8,"Height":19,"Demand":0,"DemandMax":1,"Value":304},{"Length":66,"Height":86,"Demand":0,"DemandMax":1,"Value":11352},{"Length":4,"Height":13,"Demand":0,"DemandMax":1,"Value":104},{"Length":20,"Height":26,"Demand":0,"DemandMax":1,"Value":520},{"Length":4,"Height":7,"Demand":0,"DemandMax":1,"Value":28},{"Length":26,"Height":79,"Demand":0,"DemandMax":1,"Value":6162},{"Length":2,"Height":48,"Demand":0,"DemandMax":1,"Value":96},{"Length":96,"Height":8,"Demand":0,"DemandMax":1,"Value":2304},{"Length":9,"Height":36,"Demand":0,"DemandMax":1,"Value":972},{"Length":47,"Height":38,"Demand":0,"DemandMax":2,"Value":1786},{"Length":79,"Height":36,"Demand":0,"DemandMax":1,"Value":2844},{"Length":37,"Height":17,"Demand":0,"DemandMax":1,"Value":1258},{"Length":99,"Height":19,"Demand":0,"DemandMax":1,"Value":1881},{"Length":80,"Height":45,"Demand":0,"DemandMax":1,"Value":7200},{"Length":73,"Height":98,"Demand":0,"DemandMax":2,"Value":7154},{"Length":18,"Height":47,"Demand":0,"DemandMax":1,"Value":846},{"Length":52,"Height":85,"Demand":0,"DemandMax":1,"Value":8840},{"Length":49,"Height":13,"Demand":0,"DemandMax":1,"Value":1274},{"Length":89,"Height":18,"Demand":0,"DemandMax":1,"Value":3204},{"Length":99,"Height":61,"Demand":0,"DemandMax":1,"Value":18117},{"Length":2,"Height":7,"Demand":0,"DemandMax":1,"Value":42},{"Length":5,"Height":9,"Demand":0,"DemandMax":1,"Value":90},{"Length":18,"Height":36,"Demand":0,"DemandMax":1,"Value":648},{"Length":21,"Height":14,"Demand":0,"DemandMax":1,"Value":882},{"Length":86,"Height":24,"Demand":0,"DemandMax":1,"Value":4128},{"Length":26,"Height":46,"Demand":0,"DemandMax":1,"Value":1196},{"Length":10,"Height":32,"Demand":0,"DemandMax":1,"Value":640},{"Length":12,"Height":50,"Demand":0,"DemandMax":1,"Value":600},{"Length":93,"Height":57,"Demand":0,"DemandMax":1,"Value":15903},{"Length":84,"Height":43,"Demand":0,"DemandMax":1,"Value":7224},{"Length":48,"Height":98,"Demand":0,"DemandMax":1,"Value":4704},{"Length":39,"Height":5,"Demand":0,"DemandMax":1,"Value":195},{"Length":31,"Height":8,"Demand":0,"DemandMax":1,"Value":248},{"Length":46,"Height":27,"Demand":0,"DemandMax":1,"Value":1242},{"Length":12,"Height":87,"Demand":0,"DemandMax":1,"Value":2088},{"Length":7,"Height":87,"Demand":0,"DemandMax":1,"Value":609},{"Length":30,"Height":23,"Demand":0,"DemandMax":1,"Value":690},{"Length":69,"Height":60,"Demand":0,"DemandMax":1,"Value":4140},{"Length":52,"Height":86,"Demand":0,"DemandMax":1,"Value":4472},{"Length":31,"Height":27,"Demand":0,"DemandMax":1,"Value":1674},{"Length":29,"Height":95,"Demand":0,"DemandMax":1,"Value":5510},{"Length":27,"Height":16,"Demand":0,"DemandMax":1,"Value":1296},{"Length":13,"Height":16,"Demand":0,"DemandMax":1,"Value":416},{"Length":78,"Height":38,"Demand":0,"DemandMax":1,"Value":2964},{"Length":27,"Height":88,"Demand":0,"DemandMax":1,"Value":2376},{"Length":93,"Height":54,"Demand":0,"DemandMax":1,"Value":10044},{"Length":26,"Height":3,"Demand":0,"DemandMax":1,"Value":156},{"Length":27,"Height":47,"Demand":0,"DemandMax":1,"Value":3807},{"Length":53,"Height":60,"Demand":0,"DemandMax":1,"Value":9540},{"Length":25,"Height":99,"Demand":0,"DemandMax":1,"Value":7425},{"Length":10,"Height":43,"Demand":0,"DemandMax":1,"Value":430},{"Length":13,"Height":6,"Demand":0,"DemandMax":1,"Value":234},{"Length":33,"Height":97,"Demand":0,"DemandMax":1,"Value":9603},{"Length":31,"Height":38,"Demand":0,"DemandMax":1,"Value":1178},{"Length":80,"Height":98,"Demand":0,"DemandMax":1,"Value":23520},{"Length":9,"Height":17,"Demand":0,"DemandMax":1,"Value":306},{"Length":49,"Height":24,"Demand":0,"DemandMax":1,"Value":2352},{"Length":12,"Height":23,"Demand":0,"DemandMax":1,"Value":552},{"Length":23,"Height":38,"Demand":0,"DemandMax":2,"Value":2622},{"Length":31,"Height":42,"Demand":0,"DemandMax":1,"Value":2604},{"Length":18,"Height":22,"Demand":0,"DemandMax":1,"Value":396},{"Length":76,"Height":90,"Demand":0,"DemandMax":1,"Value":6840},{"Length":79,"Height":90,"Demand":0,"DemandMax":1,"Value":21330},{"Length":30,"Height":22,"Demand":0,"DemandMax":1,"Value":660},{"Length":26,"Height":94,"Demand":0,"DemandMax":1,"Value":4888},{"Length":89,"Height":76,"Demand":0,"DemandMax":1,"Value":20292},{"Length":89,"Height":22,"Demand":0,"DemandMax":1,"Value":1958},{"Length":60,"Height":88,"Demand":0,"DemandMax":1,"Value":15840},{"Length":84,"Height":14,"Demand":0,"DemandMax":1,"Value":1176},{"Length":60,"Height":95,"Demand":0,"DemandMax":1,"Value":11400},{"Length":47,"Height":21,"Demand":0,"DemandMax":1,"Value":2961},{"Length":39,"Height":79,"Demand":0,"DemandMax":1,"Value":3081},{"Length":78,"Height":52,"Demand":0,"DemandMax":1,"Value":8112},{"Length":38,"Height":42,"Demand":0,"DemandMax":1,"Value":4788},{"Length":29,"Height":82,"Demand":0,"DemandMax":1,"Value":4756},{"Length":18,"Height":11,"Demand":0,"DemandMax":1,"Value":594},{"Length":15,"Height":8,"Demand":0,"DemandMax":1,"Value":240},{"Length":12,"Height":98,"Demand":0,"DemandMax":1,"Value":3528},{"Length":77,"Height":95,"Demand":0,"DemandMax":1,"Value":21945},{"Length":88,"Height":10,"Demand":0,"DemandMax":1,"Value":2640},{"Length":6,"Height":14,"Demand":0,"DemandMax":1,"Value":84},{"Length":23,"Height":48,"Demand":0,"DemandMax":1,"Value":1104},{"Length":24,"Height":29,"Demand":0,"DemandMax":1,"Value":1392},{"Length":39,"Height":82,"Demand":0,"DemandMax":1,"Value":6396},{"Length":6,"Height":34,"Demand":0,"DemandMax":1,"Value":612},{"Length":37,"Height":29,"Demand":0,"DemandMax":1,"Value":2146},{"Length":21,"Height":34,"Demand":0,"DemandMax":1,"Value":714},{"Length":19,"Height":37,"Demand":0,"DemandMax":1,"Value":2109},{"Length":8,"Height":9,"Demand":0,"DemandMax":1,"Value":144},{"Length":44,"Height":4,"Demand":0,"DemandMax":1,"Value":176},{"Length":45,"Height":32,"Demand":0,"DemandMax":1,"Value":1440},{"Length":97,"Height":8,"Demand":0,"DemandMax":1,"Value":1552},{"Length":2,"Height":76,"Demand":0,"DemandMax":1,"Value":304},{"Length":33,"Height":36,"Demand":0,"DemandMax":1,"Value":3564},{"Length":97,"Height":67,"Demand":0,"DemandMax":1,"Value":19497},{"Length":2,"Height":34,"Demand":0,"DemandMax":1,"Value":204},{"Length":31,"Height":10,"Demand":0,"DemandMax":2,"Value":620},{"Length":48,"Height":30,"Demand":0,"DemandMax":1,"Value":1440},{"Length":3,"Height":25,"Demand":0,"DemandMax":1,"Value":225},{"Length":47,"Height":14,"Demand":0,"DemandMax":1,"Value":1974},{"Length":26,"Height":12,"Demand":0,"DemandMax":1,"Value":312},{"Length":72,"Height":84,"Demand":0,"DemandMax":1,"Value":6048},{"Length":94,"Height":68,"Demand":0,"DemandMax":1,"Value":12784},{"Length":59,"Height":66,"Demand":0,"DemandMax":1,"Value":3894},{"Length":5,"Height":28,"Demand":0,"DemandMax":1,"Value":420},{"Length":3,"Height":7,"Demand":0,"DemandMax":1,"Value":63},{"Length":6,"Height":8,"Demand":0,"DemandMax":1,"Value":48},{"Length":92,"Height":46,"Demand":0,"DemandMax":1,"Value":4232},{"Length":28,"Height":79,"Demand":0,"DemandMax":1,"Value":6636},{"Length":77,"Height":24,"Demand":0,"DemandMax":1,"Value":5544},{"Length":48,"Height":4,"Demand":0,"DemandMax":1,"Value":384},{"Length":23,"Height":19,"Demand":0,"DemandMax":1,"Value":1311},{"Length":99,"Height":2,"Demand":0,"DemandMax":1,"Value":198},{"Length":38,"Height":49,"Demand":0,"DemandMax":1,"Value":3724},{"Length":76,"Height":47,"Demand":0,"DemandMax":1,"Value":10716},{"Length":5,"Height":23,"Demand":0,"DemandMax":1,"Value":115},{"Length":33,"Height":50,"Demand":0,"DemandMax":1,"Value":4950},{"Length":25,"Height":8,"Demand":0,"DemandMax":1,"Value":600},{"Length":52,"Height":73,"Demand":0,"DemandMax":1,"Value":11388},{"Length":41,"Height":99,"Demand":0,"DemandMax":1,"Value":8118},{"Length":80,"Height":31,"Demand":0,"DemandMax":1,"Value":2480},{"Length":42,"Height":21,"Demand":0,"DemandMax":1,"Value":1764},{"Length":95,"Height":50,"Demand":0,"DemandMax":1,"Value":14250},{"Length":72,"Height":56,"Demand":0,"DemandMax":1,"Value":8064},{"Length":17,"Height":43,"Demand":0,"DemandMax":1,"Value":1462},{"Length":18,"Height":7,"Demand":0,"DemandMax":1,"Value":252},{"Length":15,"Height":44,"Demand":0,"DemandMax":1,"Value":1980},{"Length":10,"Height":42,"Demand":0,"DemandMax":1,"Value":1260},{"Length":30,"Height":35,"Demand":0,"DemandMax":1,"Value":3150},{"Length":2,"Height":86,"Demand":0,"DemandMax":1,"Value":516},{"Length":60,"Height":87,"Demand":0,"DemandMax":1,"Value":5220},{"Length":22,"Height":95,"Demand":0,"DemandMax":1,"Value":4180},{"Length":16,"Height":34,"Demand":0,"DemandMax":1,"Value":1632},{"Length":2,"Height":4,"Demand":0,"DemandMax":1,"Value":24},{"Length":49,"Height":27,"Demand":0,"DemandMax":1,"Value":3969},{"Length":26,"Height":36,"Demand":0,"DemandMax":1,"Value":936},{"Length":88,"Height":100,"Demand":0,"DemandMax":1,"Value":8800},{"Length":79,"Height":49,"Demand":0,"DemandMax":1,"Value":3871},{"Length":22,"Height":25,"Demand":0,"DemandMax":1,"Value":550},{"Length":81,"Height":73,"Demand":0,"DemandMax":1,"Value":17739},{"Length":36,"Height":19,"Demand":0,"DemandMax":1,"Value":1368},{"Length":16,"Height":98,"Demand":0,"DemandMax":1,"Value":1568},{"Length":22,"Height":40,"Demand":0,"DemandMax":1,"Value":2640},{"Length":36,"Height":8,"Demand":0,"DemandMax":1,"Value":288},{"Length":85,"Height":45,"Demand":0,"DemandMax":1,"Value":11475},{"Length":93,"Height":43,"Demand":0,"DemandMax":1,"Value":3999},{"Length":14,"Height":36,"Demand":0,"DemandMax":1,"Value":1512},{"Length":58,"Height":89,"Demand":0,"DemandMax":1,"Value":10324},{"Length":21,"Height":82,"Demand":0,"DemandMax":1,"Value":1722},{"Length":39,"Height":27,"Demand":0,"DemandMax":1,"Value":2106},{"Length":27,"Height":98,"Demand":0,"DemandMax":1,"Value":7938},{"Length":14,"Height":19,"Demand":0,"DemandMax":1,"Value":266},{"Length":38,"Height":9,"Demand":0,"DemandMax":1,"Value":684},{"Length":84,"Height":44,"Demand":0,"DemandMax":1,"Value":7392},{"Length":10,"Height":92,"Demand":0,"DemandMax":1,"Value":920},{"Length":78,"Height":6,"Demand":0,"DemandMax":1,"Value":936},{"Length":80,"Height":17,"Demand":0,"DemandMax":1,"Value":2720},{"Length":79,"Height":18,"Demand":0,"DemandMax":1,"Value":4266},{"Length":2,"Height":20,"Demand":0,"DemandMax":1,"Value":120},{"Length":29,"Height":11,"Demand":0,"DemandMax":1,"Value":957},{"Length":28,"Height":50,"Demand":0,"DemandMax":1,"Value":4200},{"Length":14,"Height":15,"Demand":0,"DemandMax":1,"Value":630},{"Length":44,"Height":10,"Demand":0,"DemandMax":2,"Value":440},{"Length":31,"Height":32,"Demand":0,"DemandMax":1,"Value":992},{"Length":2,"Height":41,"Demand":0,"DemandMax":1,"Value":246},{"Length":84,"Height":5,"Demand":0,"DemandMax":1,"Value":840},{"Length":4,"Height":84,"Demand":0,"DemandMax":1,"Value":1008},{"Length":42,"Height":93,"Demand":0,"DemandMax":1,"Value":7812},{"Length":57,"Height":79,"Demand":0,"DemandMax":1,"Value":9006},{"Length":45,"Height":15,"Demand":0,"DemandMax":1,"Value":2025},{"Length":33,"Height":98,"Demand":0,"DemandMax":1,"Value":9702},{"Length":16,"Height":87,"Demand":0,"DemandMax":1,"Value":1392},{"Length":8,"Height":7,"Demand":0,"DemandMax":1,"Value":56},{"Length":9,"Height":50,"Demand":0,"DemandMax":1,"Value":1350},{"Length":16,"Height":30,"Demand":0,"DemandMax":1,"Value":480},{"Length":13,"Height":23,"Demand":0,"DemandMax":1,"Value":598},{"Length":23,"Height":30,"Demand":0,"DemandMax":1,"Value":1380},{"Length":83,"Height":67,"Demand":0,"DemandMax":1,"Value":11122},{"Length":9,"Height":48,"Demand":0,"DemandMax":1,"Value":432},{"Length":93,"Height":37,"Demand":0,"DemandMax":1,"Value":10323},{"Length":17,"Height":25,"Demand":0,"DemandMax":1,"Value":850},{"Length":89,"Height":86,"Demand":0,"DemandMax":1,"Value":15308},{"Length":7,"Height":35,"Demand":0,"DemandMax":1,"Value":735},{"Length":45,"Height":31,"Demand":0,"DemandMax":1,"Value":2790},{"Length":37,"Height":90,"Demand":0,"DemandMax":1,"Value":3330},{"Length":12,"Height":5,"Demand":0,"DemandMax":1,"Value":60},{"Length":18,"Height":20,"Demand":0,"DemandMax":1,"Value":720},{"Length":95,"Height":6,"Demand":0,"DemandMax":1,"Value":1140},{"Length":83,"Height":39,"Demand":0,"DemandMax":1,"Value":3237},{"Length":79,"Height":69,"Demand":0,"DemandMax":1,"Value":10902},{"Length":91,"Height":81,"Demand":0,"DemandMax":1,"Value":22113},{"Length":34,"Height":26,"Demand":0,"DemandMax":1,"Value":884},{"Length":36,"Height":18,"Demand":0,"DemandMax":1,"Value":648},{"Length":22,"Height":44,"Demand":0,"DemandMax":1,"Value":968},{"Length":13,"Height":2,"Demand":0,"DemandMax":1,"Value":26},{"Length":31,"Height":16,"Demand":0,"DemandMax":1,"Value":496},{"Length":25,"Height":18,"Demand":0,"DemandMax":1,"Value":450},{"Length":19,"Height":42,"Demand":0,"DemandMax":1,"Value":798},{"Length":78,"Height":15,"Demand":0,"DemandMax":1,"Value":3510},{"Length":9,"Height":24,"Demand":0,"DemandMax":1,"Value":216},{"Length":34,"Height":18,"Demand":0,"DemandMax":1,"Value":1224},{"Length":10,"Height":46,"Demand":0,"DemandMax":1,"Value":1380},{"Length":89,"Height":82,"Demand":0,"DemandMax":1,"Value":21894},{"Length":14,"Height":32,"Demand":0,"DemandMax":1,"Value":1344},{"Length":67,"Height":77,"Demand":0,"DemandMax":1,"Value":10318},{"Length":9,"Height":99,"Demand":0,"DemandMax":1,"Value":891},{"Length":59,"Height":56,"Demand":0,"DemandMax":1,"Value":6608},{"Length":88,"Height":98,"Demand":0,"DemandMax":1,"Value":25872},{"Length":56,"Height":68,"Demand":0,"DemandMax":1,"Value":7616},{"Length":39,"Height":16,"Demand":0,"DemandMax":1,"Value":1248},{"Length":2,"Height":28,"Demand":0,"DemandMax":1,"Value":56},{"Length":96,"Height":57,"Demand":0,"DemandMax":1,"Value":5472},{"Length":22,"Height":80,"Demand":0,"DemandMax":1,"Value":3520},{"Length":39,"Height":20,"Demand":0,"DemandMax":1,"Value":2340},{"Length":29,"Height":7,"Demand":0,"DemandMax":1,"Value":203},{"Length":37,"Height":42,"Demand":0,"DemandMax":1,"Value":3108},{"Length":25,"Height":79,"Demand":0,"DemandMax":1,"Value":3950},{"Length":45,"Height":29,"Demand":0,"DemandMax":1,"Value":3915},{"Length":89,"Height":29,"Demand":0,"DemandMax":1,"Value":5162},{"Length":8,"Height":6,"Demand":0,"DemandMax":1,"Value":144},{"Length":29,"Height":39,"Demand":0,"DemandMax":1,"Value":2262},{"Length":66,"Height":100,"Demand":0,"DemandMax":1,"Value":6600},{"Length":16,"Height":4,"Demand":0,"DemandMax":1,"Value":128},{"Length":43,"Height":19,"Demand":0,"DemandMax":1,"Value":1634},{"Length":5,"Height":35,"Demand":0,"DemandMax":1,"Value":525},{"Length":18,"Height":10,"Demand":0,"DemandMax":1,"Value":180},{"Length":98,"Height":85,"Demand":0,"DemandMax":1,"Value":16660},{"Length":16,"Height":38,"Demand":0,"DemandMax":1,"Value":1824},{"Length":27,"Height":35,"Demand":0,"DemandMax":1,"Value":1890},{"Length":33,"Height":32,"Demand":0,"DemandMax":1,"Value":2112},{"Length":23,"Height":89,"Demand":0,"DemandMax":1,"Value":4094},{"Length":31,"Height":39,"Demand":0,"DemandMax":1,"Value":3627},{"Length":47,"Height":6,"Demand":0,"DemandMax":1,"Value":564},{"Length":37,"Height":40,"Demand":0,"DemandMax":1,"Value":4440},{"Length":17,"Height":23,"Demand":0,"DemandMax":1,"Value":391},{"Length":23,"Height":49,"Demand":0,"DemandMax":1,"Value":1127},{"Length":55,"Height":68,"Demand":0,"DemandMax":1,"Value":3740},{"Length":22,"Height":36,"Demand":0,"DemandMax":1,"Value":792},{"Length":37,"Height":6,"Demand":0,"DemandMax":1,"Value":666},{"Length":41,"Height":100,"Demand":0,"DemandMax":1,"Value":12300},{"Length":22,"Height":87,"Demand":0,"DemandMax":1,"Value":1914},{"Length":16,"Height":2,"Demand":0,"DemandMax":1,"Value":96},{"Length":17,"Height":98,"Demand":0,"DemandMax":1,"Value":4998},{"Length":89,"Height":64,"Demand":0,"DemandMax":1,"Value":17088},{"Length":35,"Height":31,"Demand":0,"DemandMax":1,"Value":3255},{"Length":85,"Height":48,"Demand":0,"DemandMax":1,"Value":4080},{"Length":25,"Height":50,"Demand":0,"DemandMax":1,"Value":2500},{"Length":92,"Height":32,"Demand":0,"DemandMax":1,"Value":5888},{"Length":91,"Height":2,"Demand":0,"DemandMax":1,"Value":182},{"Length":15,"Height":80,"Demand":0,"DemandMax":1,"Value":3600},{"Length":76,"Height":71,"Demand":0,"DemandMax":1,"Value":5396},{"Length":44,"Height":46,"Demand":0,"DemandMax":1,"Value":2024},{"Length":81,"Height":92,"Demand":0,"DemandMax":1,"Value":22356},{"Length":87,"Height":50,"Demand":0,"DemandMax":1,"Value":8700},{"Length":87,"Height":57,"Demand":0,"DemandMax":1,"Value":4959},{"Length":47,"Height":46,"Demand":0,"DemandMax":1,"Value":6486},{"Length":42,"Height":22,"Demand":0,"DemandMax":1,"Value":924},{"Length":50,"Height":25,"Demand":0,"DemandMax":1,"Value":3750},{"Length":47,"Height":49,"Demand":0,"DemandMax":1,"Value":4606},{"Length":98,"Height":15,"Demand":0,"DemandMax":1,"Value":1470},{"Length":78,"Height":63,"Demand":0,"DemandMax":1,"Value":9828},{"Length":5,"Height":20,"Demand":0,"DemandMax":1,"Value":100},{"Length":11,"Height":50,"Demand":0,"DemandMax":1,"Value":1100},{"Length":50,"Height":89,"Demand":0,"DemandMax":1,"Value":8900},{"Length":25,"Height":87,"Demand":0,"DemandMax":1,"Value":6525},{"Length":49,"Height":28,"Demand":0,"DemandMax":1,"Value":1372},{"Length":10,"Height":82,"Demand":0,"DemandMax":1,"Value":2460},{"Length":82,"Height":45,"Demand":0,"DemandMax":1,"Value":3690},{"Length":10,"Height":19,"Demand":0,"DemandMax":1,"Value":190},{"Length":57,"Height":74,"Demand":0,"DemandMax":1,"Value":12654},{"Length":66,"Height":62,"Demand":0,"DemandMax":1,"Value":12276},{"Length":100,"Height":42,"Demand":0,"DemandMax":1,"Value":4200},{"Length":34,"Height":88,"Demand":0,"DemandMax":1,"Value":2992},{"Length":99,"Height":55,"Demand":0,"DemandMax":1,"Value":5445},{"Length":91,"Height":96,"Demand":0,"DemandMax":1,"Value":8736},{"Length":4,"Height":36,"Demand":0,"DemandMax":1,"Value":288},{"Length":19,"Height":45,"Demand":0,"DemandMax":1,"Value":2565},{"Length":9,"Height":18,"Demand":0,"DemandMax":1,"Value":162},{"Length":97,"Height":74,"Demand":0,"DemandMax":1,"Value":14356},{"Length":44,"Height":29,"Demand":0,"DemandMax":1,"Value":3828},{"Length":41,"Height":31,"Demand":0,"DemandMax":1,"Value":2542},{"Length":4,"Height":25,"Demand":0,"DemandMax":1,"Value":200},{"Length":33,"Height":93,"Demand":0,"DemandMax":1,"Value":9207},{"Length":6,"Height":32,"Demand":0,"DemandMax":1,"Value":384},{"Length":87,"Height":46,"Demand":0,"DemandMax":1,"Value":12006},{"Length":13,"Height":18,"Demand":0,"DemandMax":1,"Value":234},{"Length":12,"Height":23,"Demand":0,"DemandMax":1,"Value":828},{"Length":82,"Height":29,"Demand":0,"DemandMax":1,"Value":2378},{"Length":26,"Height":95,"Demand":0,"DemandMax":1,"Value":7410},{"Length":87,"Height":18,"Demand":0,"DemandMax":1,"Value":4698},{"Length":87,"Height":40,"Demand":0,"DemandMax":1,"Value":6960},{"Length":77,"Height":7,"Demand":0,"DemandMax":1,"Value":1078},{"Length":24,"Height":86,"Demand":0,"DemandMax":1,"Value":2064},{"Length":35,"Height":26,"Demand":0,"DemandMax":1,"Value":910},{"Length":97,"Height":26,"Demand":0,"DemandMax":1,"Value":2522},{"Length":30,"Height":80,"Demand":0,"DemandMax":1,"Value":2400},{"Length":45,"Height":100,"Demand":0,"DemandMax":1,"Value":9000},{"Length":88,"Height":79,"Demand":0,"DemandMax":1,"Value":13904},{"Length":18,"Height":92,"Demand":0,"DemandMax":1,"Value":4968},{"Length":29,"Height":27,"Demand":0,"DemandMax":1,"Value":783},{"Length":36,"Height":21,"Demand":0,"DemandMax":1,"Value":2268},{"Length":72,"Height":85,"Demand":0,"DemandMax":1,"Value":6120},{"Length":26,"Height":25,"Demand":0,"DemandMax":1,"Value":650},{"Length":87,"Height":49,"Demand":0,"DemandMax":1,"Value":8526},{"Length":25,"Height":29,"Demand":0,"DemandMax":1,"Value":2175},{"Length":24,"Height":46,"Demand":0,"DemandMax":1,"Value":1104},{"Length":14,"Height":29,"Demand":0,"DemandMax":1,"Value":406},{"Length":14,"Height":35,"Demand":0,"DemandMax":1,"Value":490},{"Length":4,"Height":25,"Demand":0,"DemandMax":1,"Value":100},{"Length":46,"Height":82,"Demand":0,"DemandMax":1,"Value":7544},{"Length":70,"Height":59,"Demand":0,"DemandMax":1,"Value":12390},{"Length":16,"Height":6,"Demand":0,"DemandMax":1,"Value":96},{"Length":7,"Height":20,"Demand":0,"DemandMax":1,"Value":420},{"Length":46,"Height":40,"Demand":0,"DemandMax":1,"Value":3680},{"Length":76,"Height":47,"Demand":0,"DemandMax":1,"Value":7144},{"Length":76,"Height":95,"Demand":0,"DemandMax":1,"Value":7220},{"Length":29,"Height":50,"Demand":0,"DemandMax":1,"Value":1450},{"Length":40,"Height":26,"Demand":0,"DemandMax":1,"Value":3120},{"Length":12,"Height":26,"Demand":0,"DemandMax":1,"Value":936},{"Length":91,"Height":36,"Demand":0,"DemandMax":1,"Value":3276},{"Length":78,"Height":91,"Demand":0,"DemandMax":1,"Value":21294},{"Length":77,"Height":10,"Demand":0,"DemandMax":1,"Value":770},{"Length":39,"Height":21,"Demand":0,"DemandMax":1,"Value":2457},{"Length":85,"Height":46,"Demand":0,"DemandMax":1,"Value":11730},{"Length":37,"Height":2,"Demand":0,"DemandMax":1,"Value":74},{"Length":80,"Height":45,"Demand":0,"DemandMax":1,"Value":3600},{"Length":17,"Height":29,"Demand":0,"DemandMax":1,"Value":1479},{"Length":44,"Height":15,"Demand":0,"DemandMax":1,"Value":1980},{"Length":24,"Height":3,"Demand":0,"DemandMax":1,"Value":144},{"Length":38,"Height":19,"Demand":0,"DemandMax":1,"Value":1444},{"Length":43,"Height":39,"Demand":0,"DemandMax":1,"Value":5031},{"Length":14,"Height":47,"Demand":0,"DemandMax":1,"Value":1974},{"Length":47,"Height":25,"Demand":0,"DemandMax":1,"Value":1175},{"Length":19,"Height":92,"Demand":0,"DemandMax":1,"Value":5244},{"Length":2,"Height":94,"Demand":0,"DemandMax":1,"Value":188},{"Length":36,"Height":8,"Demand":0,"DemandMax":1,"Value":864},{"Length":80,"Height":10,"Demand":0,"DemandMax":1,"Value":1600},{"Length":50,"Height":28,"Demand":0,"DemandMax":1,"Value":4200},{"Length":90,"Height":15,"Demand":0,"DemandMax":1,"Value":4050},{"Length":37,"Height":33,"Demand":0,"DemandMax":1,"Value":3663},{"Length":32,"Height":17,"Demand":0,"DemandMax":1,"Value":1632},{"Length":16,"Height":89,"Demand":0,"DemandMax":1,"Value":1424},{"Length":46,"Height":42,"Demand":0,"DemandMax":1,"Value":1932},{"Length":95,"Height":30,"Demand":0,"DemandMax":1,"Value":2850},{"Length":7,"Height":39,"Demand":0,"DemandMax":1,"Value":819},{"Length":28,"Height":29,"Demand":0,"DemandMax":1,"Value":1624},{"Length":97,"Height":49,"Demand":0,"DemandMax":1,"Value":14259},{"Length":89,"Height":25,"Demand":0,"DemandMax":1,"Value":2225},{"Length":19,"Height":5,"Demand":0,"DemandMax":1,"Value":95},{"Length":98,"Height":13,"Demand":0,"DemandMax":1,"Value":3822},{"Length":21,"Height":7,"Demand":0,"DemandMax":1,"Value":441},{"Length":50,"Height":35,"Demand":0,"DemandMax":1,"Value":5250},{"Length":85,"Height":64,"Demand":0,"DemandMax":1,"Value":16320},{"Length":33,"Height":26,"Demand":0,"DemandMax":1,"Value":2574},{"Length":49,"Height":90,"Demand":0,"DemandMax":1,"Value":8820},{"Length":7,"Height":27,"Demand":0,"DemandMax":1,"Value":567},{"Length":16,"Height":100,"Demand":0,"DemandMax":1,"Value":4800},{"Length":91,"Height":27,"Demand":0,"DemandMax":1,"Value":2457},{"Length":25,"Height":4,"Demand":0,"DemandMax":1,"Value":200},{"Length":36,"Height":48,"Demand":0,"DemandMax":1,"Value":3456},{"Length":6,"Height":29,"Demand":0,"DemandMax":1,"Value":522},{"Length":97,"Height":19,"Demand":0,"DemandMax":1,"Value":3686},{"Length":96,"Height":88,"Demand":0,"DemandMax":1,"Value":16896},{"Length":44,"Height":86,"Demand":0,"DemandMax":1,"Value":3784},{"Length":8,"Height":82,"Demand":0,"DemandMax":1,"Value":656},{"Length":16,"Height":18,"Demand":0,"DemandMax":1,"Value":576},{"Length":24,"Height":93,"Demand":0,"DemandMax":1,"Value":4464},{"Length":4,"Height":46,"Demand":0,"DemandMax":1,"Value":552},{"Length":5,"Height":10,"Demand":0,"DemandMax":1,"Value":100},{"Length":47,"Height":35,"Demand":0,"DemandMax":1,"Value":3290},{"Length":14,"Height":45,"Demand":0,"DemandMax":1,"Value":1890},{"Length":28,"Height":4,"Demand":0,"DemandMax":1,"Value":336},{"Length":53,"Height":87,"Demand":0,"DemandMax":1,"Value":9222},{"Length":78,"Height":97,"Demand":0,"DemandMax":1,"Value":22698},{"Length":25,"Height":99,"Demand":0,"DemandMax":1,"Value":4950},{"Length":34,"Height":10,"Demand":0,"DemandMax":1,"Value":340},{"Length":30,"Height":93,"Demand":0,"DemandMax":1,"Value":2790},{"Length":13,"Height":11,"Demand":0,"DemandMax":1,"Value":286},{"Length":34,"Height":98,"Demand":0,"DemandMax":1,"Value":3332},{"Length":78,"Height":27,"Demand":0,"DemandMax":1,"Value":2106},{"Length":26,"Height":15,"Demand":0,"DemandMax":1,"Value":390},{"Length":2,"Height":49,"Demand":0,"DemandMax":1,"Value":98},{"Length":79,"Height":2,"Demand":0,"DemandMax":1,"Value":474},{"Length":12,"Height":86,"Demand":0,"DemandMax":1,"Value":2064},{"Length":6,"Height":86,"Demand":0,"DemandMax":1,"Value":516},{"Length":89,"Height":99,"Demand":0,"DemandMax":1,"Value":26433},{"Length":41,"Height":34,"Demand":0,"DemandMax":1,"Value":1394},{"Length":7,"Height":18,"Demand":0,"DemandMax":1,"Value":252},{"Length":8,"Height":45,"Demand":0,"DemandMax":1,"Value":720},{"Length":2,"Height":46,"Demand":0,"DemandMax":1,"Value":276},{"Length":2,"Height":11,"Demand":0,"DemandMax":1,"Value":66},{"Length":36,"Height":12,"Demand":0,"DemandMax":1,"Value":864},{"Length":36,"Height":22,"Demand":0,"DemandMax":1,"Value":792},{"Length":84,"Height":16,"Demand":0,"DemandMax":1,"Value":1344},{"Length":36,"Height":42,"Demand":0,"DemandMax":1,"Value":4536},{"Length":2,"Height":13,"Demand":0,"DemandMax":1,"Value":52},{"Length":34,"Height":23,"Demand":0,"DemandMax":1,"Value":2346},{"Length":23,"Height":25,"Demand":0,"DemandMax":1,"Value":1150},{"Length":52,"Height":77,"Demand":0,"DemandMax":1,"Value":4004},{"Length":77,"Height":25,"Demand":0,"DemandMax":1,"Value":3850},{"Length":38,"Height":25,"Demand":0,"DemandMax":1,"Value":950},{"Length":61,"Height":66,"Demand":0,"DemandMax":1,"Value":12078},{"Length":23,"Height":27,"Demand":0,"DemandMax":1,"Value":621},{"Length":77,"Height":69,"Demand":0,"DemandMax":1,"Value":15939},{"Length":97,"Height":93,"Demand":0,"DemandMax":1,"Value":27063},{"Length":33,"Height":26,"Demand":0,"DemandMax":1,"Value":1716},{"Length":47,"Height":23,"Demand":0,"DemandMax":1,"Value":3243},{"Length":99,"Height":28,"Demand":0,"DemandMax":1,"Value":8316},{"Length":28,"Height":83,"Demand":0,"DemandMax":1,"Value":4648},{"Length":23,"Height":86,"Demand":0,"DemandMax":1,"Value":5934},{"Length":2,"Height":40,"Demand":0,"DemandMax":1,"Value":160},{"Length":60,"Height":99,"Demand":0,"DemandMax":1,"Value":17820}]}