{"Name":"ngcutfs1_101","Objects":[{"Length":100,"Height":100,"Stock":null,"Cost":10000}],"Items":[{"Length":47,"Height":49,"Demand":0,"DemandMax":3,"Value":2303},{"Length":32,"Height":12,"Demand":0,"DemandMax":3,"Value":384},{"Length":6,"Height":36,"Demand":0,"DemandMax":3,"Value":432},{"Length":91,"Height":50,"Demand":0,"DemandMax":3,"Value":13650},{"Length":89,"Height":29,"Demand":0,"DemandMax":3,"Value":7743},{"Length":89,"Height":48,"Demand":0,"DemandMax":3,"Value":4272},{"Length":50,"Height":89,"Demand":0,"DemandMax":3,"Value":4450},{"Length":7,"Height":86,"Demand":0,"DemandMax":3,"Value":602},{"Length":59,"Height":79,"Demand":0,"DemandMax":3,"Value":4661},{"Length":42,"Height":20,"Demand":0,"DemandMax":3,"Value":1680},{"Length":82,"Height":59,"Demand":0,"DemandMax":3,"Value":14514},{"Length":62,"Height":59,"Demand":0,"DemandMax":3,"Value":10974},{"Length":20,"Height":35,"Demand":0,"DemandMax":3,"Value":1400},{"Length":33,"Height":36,"Demand":0,"DemandMax":3,"Value":3564},{"Length":21,"Height":13,"Demand":0,"DemandMax":3,"Value":273},{"Length":98,"Height":98,"Demand":0,"DemandMax":3,"Value":28812},{"Length":3,"Height":9,"Demand":0,"DemandMax":3,"Value":81},{"Length":30,"Height":84,"Demand":0,"DemandMax":3,"Value":2520},{"Length":78,"Height":48,"Demand":0,"DemandMax":3,"Value":11232},{"Length":11,"Height":49,"Demand":0,"DemandMax":3,"Value":539},{"Length":15,"Height":99,"Demand":0,"DemandMax":3,"Value":4455},{"Length":7,"Height":18,"Demand":0,"DemandMax":3,"Value":252},{"Length":99,"Height":66,"Demand":0,"DemandMax":3,"Value":19602},{"Length":15,"Height":50,"Demand":0,"DemandMax":3,"Value":750},{"Length":32,"Height":100,"Demand":0,"DemandMax":3,"Value":9600},{"Length":46,"Height":16,"Demand":0,"DemandMax":3,"Value":1472},{"Length":19,"Height":88,"Demand":0,"DemandMax":3,"Value":5016},{"Length":33,"Height":26,"Demand":0,"DemandMax":3,"Value":2574},{"Length":30,"Height":15,"Demand":0,"DemandMax":3,"Value":900},{"Length":47,"Height":99,"Demand":0,"DemandMax":3,"Value":9306},{"Length":97,"Height":45,"Demand":0,"DemandMax":3,"Value":13095},{"Length":100,"Height":7,"Demand":0,"DemandMax":3,"Value":1400},{"Length":88,"Height":67,"Demand":0,"DemandMax":3,"Value":5896},{"Length":38,"Height":23,"Demand":0,"DemandMax":3,"Value":874},{"Length":34,"Height":100,"Demand":0,"DemandMax":3,"Value":6800},{"Length":10,"Height":88,"Demand":0,"DemandMax":3,"Value":2640},{"Length":49,"Height":48,"Demand":0,"DemandMax":3,"Value":7056},{"Length":84,"Height":10,"Demand":0,"DemandMax":3,"Value":1680},{"Length":76,"Height":19,"Demand":0,"DemandMax":3,"Value":2888},{"Length":23,"Height":50,"Demand":0,"DemandMax":3,"Value":2300},{"Length":45,"Height":29,"Demand":0,"DemandMax":3,"Value":3915},{"Length":27,"Height":82,"Demand":0,"DemandMax":3,"Value":2214},{"Length":53,"Height":85,"Demand":0,"DemandMax":3,"Value":13515},{"Length":10,"Height":85,"Demand":0,"DemandMax":3,"Value":2550},{"Length":38,"Height":87,"Demand":0,"DemandMax":3,"Value":9918},{"Length":66,"Height":68,"Demand":0,"DemandMax":3,"Value":8976},{"Length":30,"Height":30,"Demand":0,"DemandMax":3,"Value":1800},{"Length":68,"Height":100,"Demand":0,"DemandMax":3,"Value":20400},{"Length":79,"Height":27,"Demand":0,"DemandMax":3,"Value":6399},{"Length":2,"Height":31,"Demand":0,"DemandMax":3,"Value":124},{"Length":17,"Height":34,"Demand":0,"DemandMax":3,"Value":1156},{"Length":87,"Height":36,"Demand":0,"DemandMax":3,"Value":9396},{"Length":91,"Height":9,"Demand":0,"DemandMax":3,"Value":2457},{"Length":87,"Height":27,"Demand":0,"DemandMax":3,"Value":4698},{"Length":90,"Height":62,"Demand":0,"DemandMax":3,"Value":11160},{"Length":22,"Height":17,"Demand":0,"DemandMax":3,"Value":748},{"Length":17,"Height":15,"Demand":0,"DemandMax":3,"Value":765},{"Length":17,"Height":92,"Demand":0,"DemandMax":3,"Value":3128},{"Length":17,"Height":96,"Demand":0,"DemandMax":3,"Value":4896},{"Length":91,"Height":88,"Demand":0,"DemandMax":3,"Value":24024},{"Length":28,"Height":9,"Demand":0,"DemandMax":3,"Value":504},{"Length":42,"Height":86,"Demand":0,"DemandMax":3,"Value":7224},{"Length":48,"Height":37,"Demand":0,"DemandMax":3,"Value":5328},{"Length":81,"Height":31,"Demand":0,"DemandMax":3,"Value":2511},{"Length":48,"Height":9,"Demand":0,"DemandMax":3,"Value":864},{"Length":90,"Height":7,"Demand":0,"DemandMax":3,"Value":1260},{"Length":10,"Height":32,"Demand":0,"DemandMax":3,"Value":960},{"Length":48,"Height":22,"Demand":0,"DemandMax":3,"Value":3168},{"Length":19,"Height":2,"Demand":0,"DemandMax":3,"Value":76},{"Length":80,"Height":11,"Demand":0,"DemandMax":3,"Value":880},{"Length":79,"Height":45,"Demand":0,"DemandMax":3,"Value":7110},{"Length":43,"Height":85,"Demand":0,"DemandMax":3,"Value":7310},{"Length":91,"Height":51,"Demand":0,"DemandMax":3,"Value":9282},{"Length":9,"Height":90,"Demand":0,"DemandMax":3,"Value":1620},{"Length":10,"Height":45,"Demand":0,"DemandMax":3,"Value":450},{"Length":24,"Height":87,"Demand":0,"DemandMax":3,"Value":6264},{"Length":31,"Height":26,"Demand":0,"DemandMax":3,"Value":2418},{"Length":36,"Height":13,"Demand":0,"DemandMax":3,"Value":468},{"Length":83,"Height":50,"Demand":0,"DemandMax":3,"Value":12450},{"Length":37,"Height":39,"Demand":0,"DemandMax":3,"Value":1443},{"Length":83,"Height":98,"Demand":0,"DemandMax":3,"Value":24402},{"Length":22,"Height":79,"Demand":0,"DemandMax":3,"Value":3476},{"Length":50,"Height":7,"Demand":0,"DemandMax":3,"Value":1050},{"Length":83,"Height":53,"Demand":0,"DemandMax":3,"Value":8798},{"Length":45,"Height":18,"Demand":0,"DemandMax":3,"Value":2430},{"Length":91,"Height":87,"Demand":0,"DemandMax":3,"Value":15834},{"Length":91,"Height":76,"Demand":0,"DemandMax":3,"Value":20748},{"Length":13,"Height":29,"Demand":0,"DemandMax":3,"Value":754},{"Length":97,"Height":38,"Demand":0,"DemandMax":3,"Value":11058},{"Length":13,"Height":4,"Demand":0,"DemandMax":3,"Value":52},{"Length":14,"Height":37,"Demand":0,"DemandMax":3,"Value":1036},{"Length":45,"Height":49,"Demand":0,"DemandMax":3,"Value":2205},{"Length":82,"Height":18,"Demand":0,"DemandMax":3,"Value":1476},{"Length":2,"Height":40,"Demand":0,"DemandMax":3,"Value":160},{"Length":5,"Height":20,"Demand":0,"DemandMax":3,"Value":200},{"Length":48,"Height":93,"Demand":0,"DemandMax":3,"Value":8928},{"Length":83,"Height":85,"Demand":0,"DemandMax":3,"Value":14110},{"Length":97,"Height":3,"Demand":0,"DemandMax":3,"Value":582},{"Length":39,"Height":88,"Demand":0,"DemandMax":3,"Value":3432},{"Length":83,"Height":27,"Demand":0,"DemandMax":3,"Value":2241},{"Length":84,"Height":82,"Demand":0,"DemandMax":3,"Value":6888},{"Length":20,"Height":17,"Demand":0,"DemandMax":3,"Value":340},{"Length":20,"Height":87,"Demand":0,"DemandMax":3,"Value":3480},{"Length":27,"Height":85,"Demand":0,"DemandMax":3,"Value":2295},{"Length":22,"Height":94,"Demand":0,"DemandMax":3,"Value":2068},{"Length":48,"Height":33,"Demand":0,"DemandMax":3,"Value":1584},{"Length":49,"Height":7,"Demand":0,"DemandMax":3,"Value":1029},{"Length":58,"Height":61,"Demand":0,"DemandMax":3,"Value":7076},{"Length":34,"Height":96,"Demand":0,"DemandMax":3,"Value":3264},{"Length":87,"Height":95,"Demand":0,"DemandMax":3,"Value":8265},{"Length":38,"Height":50,"Demand":0,"DemandMax":3,"Value":1900},{"Length":57,"Height":89,"Demand":0,"DemandMax":3,"Value":5073},{"Length":27,"Height":100,"Demand":0,"DemandMax":3,"Value":5400},{"Length":15,"Height":10,"Demand":0,"DemandMax":3,"Value":300},{"Length":49,"Height":44,"Demand":0,"DemandMax":3,"Value":4312},{"Length":81,"Height":11,"Demand":0,"DemandMax":3,"Value":1782},{"Length":92,"Height":52,"Demand":0,"DemandMax":3,"Value":9568},{"Length":42,"Height":48,"Demand":0,"DemandMax":3,"Value":4032},{"Length":96,"Height":42,"Demand":0,"DemandMax":3,"Value":4032},{"Length":86,"Height":22,"Demand":0,"DemandMax":3,"Value":1892},{"Length":12,"Height":6,"Demand":0,"DemandMax":3,"Value":72},{"Length":9,"Height":2,"Demand":0,"DemandMax":3,"Value":18},{"Length":4,"Height":93,"Demand":0,"DemandMax":3,"Value":1116},{"Length":78,"Height":50,"Demand":0,"DemandMax":3,"Value":3900},{"Length":8,"Height":32,"Demand":0,"DemandMax":3,"Value":512},{"Length":66,"Height":81,"Demand":0,"DemandMax":3,"Value":16038},{"Length":33,"Height":50,"Demand":0,"DemandMax":3,"Value":4950},{"Length":43,"Height":39,"Demand":0,"DemandMax":3,"Value":5031},{"Length":42,"Height":2,"Demand":0,"DemandMax":3,"Value":84},{"Length":95,"Height":73,"Demand":0,"DemandMax":3,"Value":20805},{"Length":18,"Height":50,"Demand":0,"DemandMax":3,"Value":1800},{"Length":91,"Height":2,"Demand":0,"DemandMax":3,"Value":364},{"Length":99,"Height":87,"Demand":0,"DemandMax":3,"Value":8613},{"Length":28,"Height":25,"Demand":0,"DemandMax":3,"Value":1400},{"Length":5,"Height":38,"Demand":0,"DemandMax":3,"Value":380},{"Length":92,"Height":15,"Demand":0,"DemandMax":3,"Value":4140},{"Length":17,"Height":2,"Demand":0,"DemandMax":3,"Value":34},{"Length":84,"Height":37,"Demand":0,"DemandMax":3,"Value":9324},{"Length":19,"Height":38,"Demand":0,"DemandMax":3,"Value":2166},{"Length":11,"Height":33,"Demand":0,"DemandMax":3,"Value":363},{"Length":87,"Height":38,"Demand":0,"DemandMax":3,"Value":9918},{"Length":77,"Height":54,"Demand":0,"DemandMax":3,"Value":4158},{"Length":23,"Height":36,"Demand":0,"DemandMax":3,"Value":2484},{"Length":34,"Height":43,"Demand":0,"DemandMax":3,"Value":2924},{"Length":100,"Height":35,"Demand":0,"DemandMax":3,"Value":3500},{"Length":16,"Height":18,"Demand":0,"DemandMax":3,"Value":576},{"Length":98,"Height":85,"Demand":0,"DemandMax":3,"Value":24990},{"Length":43,"Height":50,"Demand":0,"DemandMax":3,"Value":6450},{"Length":24,"Height":49,"Demand":0,"DemandMax":3,"Value":3528},{"Length":21,"Height":42,"Demand":0,"DemandMax":3,"Value":1764}]}