{"Name":"ngcutfs2_140","Objects":[{"Length":100,"Height":100,"Stock":null,"Cost":10000}],"Items":[{"Length":4,"Height":38,"Demand":0,"DemandMax":3,"Value":152},{"Length":20,"Height":38,"Demand":0,"DemandMax":3,"Value":2280},{"Length":12,"Height":12,"Demand":0,"DemandMax":3,"Value":432},{"Length":47,"Height":24,"Demand":0,"DemandMax":3,"Value":1128},{"Length":53,"Height":77,"Demand":0,"DemandMax":3,"Value":12243},{"Length":79,"Height":5,"Demand":0,"DemandMax":3,"Value":790},{"Length":72,"Height":86,"Demand":0,"DemandMax":3,"Value":12384},{"Length":77,"Height":22,"Demand":0,"DemandMax":3,"Value":5082},{"Length":29,"Height":87,"Demand":0,"DemandMax":3,"Value":7569},{"Length":84,"Height":6,"Demand":0,"DemandMax":3,"Value":1008},{"Length":40,"Height":18,"Demand":0,"DemandMax":3,"Value":1440},{"Length":9,"Height":46,"Demand":0,"DemandMax":3,"Value":828},{"Length":37,"Height":28,"Demand":0,"DemandMax":3,"Value":3108},{"Length":98,"Height":57,"Demand":0,"DemandMax":3,"Value":11172},{"Length":11,"Height":78,"Demand":0,"DemandMax":3,"Value":1716},{"Length":29,"Height":41,"Demand":0,"DemandMax":3,"Value":3567},{"Length":79,"Height":16,"Demand":0,"DemandMax":3,"Value":3792},{"Length":43,"Height":37,"Demand":0,"DemandMax":3,"Value":4773},{"Length":41,"Height":6,"Demand":0,"DemandMax":3,"Value":246},{"Length":2,"Height":95,"Demand":0,"DemandMax":3,"Value":380},{"Length":20,"Height":27,"Demand":0,"DemandMax":3,"Value":1080},{"Length":19,"Height":44,"Demand":0,"DemandMax":3,"Value":2508},{"Length":20,"Height":26,"Demand":0,"DemandMax":3,"Value":520},{"Length":90,"Height":18,"Demand":0,"DemandMax":3,"Value":3240},{"Length":82,"Height":92,"Demand":0,"DemandMax":3,"Value":22632},{"Length":77,"Height":34,"Demand":0,"DemandMax":3,"Value":2618},{"Length":18,"Height":2,"Demand":0,"DemandMax":3,"Value":36},{"Length":44,"Height":21,"Demand":0,"DemandMax":3,"Value":1848},{"Length":33,"Height":89,"Demand":0,"DemandMax":3,"Value":2937},{"Length":8,"Height":9,"Demand":0,"DemandMax":3,"Value":216},{"Length":58,"Height":53,"Demand":0,"DemandMax":3,"Value":6148},{"Length":100,"Height":32,"Demand":0,"DemandMax":3,"Value":9600},{"Length":34,"Height":93,"Demand":0,"DemandMax":3,"Value":3162},{"Length":25,"Height":21,"Demand":0,"DemandMax":3,"Value":525},{"Length":33,"Height":85,"Demand":0,"DemandMax":3,"Value":2805},{"Length":83,"Height":52,"Demand":0,"DemandMax":3,"Value":8632},{"Length":50,"Height":34,"Demand":0,"DemandMax":3,"Value":1700},{"Length":93,"Height":34,"Demand":0,"DemandMax":3,"Value":3162},{"Length":41,"Height":85,"Demand":0,"DemandMax":3,"Value":6970},{"Length":45,"Height":14,"Demand":0,"DemandMax":3,"Value":1890},{"Length":47,"Height":8,"Demand":0,"DemandMax":3,"Value":1128},{"Length":46,"Height":36,"Demand":0,"DemandMax":3,"Value":3312},{"Length":33,"Height":35,"Demand":0,"DemandMax":3,"Value":1155},{"Length":51,"Height":71,"Demand":0,"DemandMax":3,"Value":3621},{"Length":61,"Height":98,"Demand":0,"DemandMax":3,"Value":17934},{"Length":18,"Height":45,"Demand":0,"DemandMax":3,"Value":1620},{"Length":76,"Height":76,"Demand":0,"DemandMax":3,"Value":5776},{"Length":40,"Height":29,"Demand":0,"DemandMax":3,"Value":1160},{"Length":23,"Height":100,"Demand":0,"DemandMax":3,"Value":4600},{"Length":16,"Height":49,"Demand":0,"DemandMax":3,"Value":784},{"Length":18,"Height":88,"Demand":0,"DemandMax":3,"Value":4752},{"Length":10,"Height":3,"Demand":0,"DemandMax":3,"Value":90},{"Length":26,"Height":49,"Demand":0,"DemandMax":3,"Value":1274},{"Length":2,"Height":28,"Demand":0,"DemandMax":3,"Value":56},{"Length":46,"Height":21,"Demand":0,"DemandMax":3,"Value":966},{"Length":5,"Height":43,"Demand":0,"DemandMax":3,"Value":645},{"Length":77,"Height":14,"Demand":0,"DemandMax":3,"Value":3234},{"Length":71,"Height":99,"Demand":0,"DemandMax":3,"Value":21087},{"Length":12,"Height":14,"Demand":0,"DemandMax":3,"Value":168},{"Length":3,"Height":46,"Demand":0,"DemandMax":3,"Value":276},{"Length":21,"Height":45,"Demand":0,"DemandMax":3,"Value":1890},{"Length":89,"Height":15,"Demand":0,"DemandMax":3,"Value":2670},{"Length":41,"Height":19,"Demand":0,"DemandMax":3,"Value":779},{"Length":43,"Height":85,"Demand":0,"DemandMax":3,"Value":3655},{"Length":20,"Height":36,"Demand":0,"DemandMax":3,"Value":1440},{"Length":31,"Height":91,"Demand":0,"DemandMax":3,"Value":8463},{"Length":92,"Height":49,"Demand":0,"DemandMax":3,"Value":13524},{"Length":42,"Height":24,"Demand":0,"DemandMax":3,"Value":3024},{"Length":40,"Height":90,"Demand":0,"DemandMax":3,"Value":10800},{"Length":32,"Height":87,"Demand":0,"DemandMax":3,"Value":2784},{"Length":3,"Height":22,"Demand":0,"DemandMax":3,"Value":198},{"Length":17,"Height":95,"Demand":0,"DemandMax":3,"Value":3230},{"Length":100,"Height":2,"Demand":0,"DemandMax":3,"Value":400},{"Length":94,"Height":51,"Demand":0,"DemandMax":3,"Value":9588},{"Length":95,"Height":88,"Demand":0,"DemandMax":3,"Value":16720},{"Length":86,"Height":44,"Demand":0,"DemandMax":3,"Value":11352},{"Length":2,"Height":4,"Demand":0,"DemandMax":3,"Value":16},{"Length":90,"Height":45,"Demand":0,"DemandMax":3,"Value":12150},{"Length":15,"Height":12,"Demand":0,"DemandMax":3,"Value":540},{"Length":64,"Height":72,"Demand":0,"DemandMax":3,"Value":9216},{"Length":2,"Height":93,"Demand":0,"DemandMax":3,"Value":186},{"Length":41,"Height":45,"Demand":0,"DemandMax":3,"Value":3690},{"Length":98,"Height":69,"Demand":0,"DemandMax":3,"Value":13524},{"Length":92,"Height":76,"Demand":0,"DemandMax":3,"Value":20976},{"Length":44,"Height":25,"Demand":0,"DemandMax":3,"Value":1100},{"Length":30,"Height":35,"Demand":0,"DemandMax":3,"Value":2100},{"Length":33,"Height":12,"Demand":0,"DemandMax":3,"Value":792},{"Length":41,"Height":25,"Demand":0,"DemandMax":3,"Value":1025},{"Length":88,"Height":57,"Demand":0,"DemandMax":3,"Value":15048},{"Length":84,"Height":57,"Demand":0,"DemandMax":3,"Value":14364},{"Length":4,"Height":76,"Demand":0,"DemandMax":3,"Value":608},{"Length":52,"Height":72,"Demand":0,"DemandMax":3,"Value":11232},{"Length":94,"Height":54,"Demand":0,"DemandMax":3,"Value":15228},{"Length":32,"Height":92,"Demand":0,"DemandMax":3,"Value":5888},{"Length":95,"Height":86,"Demand":0,"DemandMax":3,"Value":24510},{"Length":11,"Height":8,"Demand":0,"DemandMax":3,"Value":88},{"Length":9,"Height":28,"Demand":0,"DemandMax":3,"Value":504},{"Length":36,"Height":39,"Demand":0,"DemandMax":3,"Value":4212},{"Length":22,"Height":34,"Demand":0,"DemandMax":3,"Value":748},{"Length":86,"Height":60,"Demand":0,"DemandMax":3,"Value":5160},{"Length":10,"Height":100,"Demand":0,"DemandMax":3,"Value":2000},{"Length":91,"Height":56,"Demand":0,"DemandMax":3,"Value":10192},{"Length":2,"Height":29,"Demand":0,"DemandMax":3,"Value":116},{"Length":34,"Height":78,"Demand":0,"DemandMax":3,"Value":7956},{"Length":94,"Height":68,"Demand":0,"DemandMax":3,"Value":19176},{"Length":84,"Height":6,"Demand":0,"DemandMax":3,"Value":504},{"Length":86,"Height":47,"Demand":0,"DemandMax":3,"Value":4042},{"Length":32,"Height":93,"Demand":0,"DemandMax":3,"Value":8928},{"Length":45,"Height":18,"Demand":0,"DemandMax":3,"Value":1620},{"Length":49,"Height":50,"Demand":0,"DemandMax":3,"Value":7350},{"Length":89,"Height":73,"Demand":0,"DemandMax":3,"Value":6497},{"Length":24,"Height":87,"Demand":0,"DemandMax":3,"Value":4176},{"Length":33,"Height":8,"Demand":0,"DemandMax":3,"Value":528},{"Length":10,"Height":16,"Demand":0,"DemandMax":3,"Value":480},{"Length":25,"Height":16,"Demand":0,"DemandMax":3,"Value":800},{"Length":21,"Height":45,"Demand":0,"DemandMax":3,"Value":2835},{"Length":31,"Height":18,"Demand":0,"DemandMax":3,"Value":558},{"Length":86,"Height":32,"Demand":0,"DemandMax":3,"Value":8256},{"Length":39,"Height":44,"Demand":0,"DemandMax":3,"Value":1716},{"Length":50,"Height":90,"Demand":0,"DemandMax":3,"Value":4500},{"Length":43,"Height":18,"Demand":0,"DemandMax":3,"Value":774},{"Length":86,"Height":72,"Demand":0,"DemandMax":3,"Value":12384},{"Length":88,"Height":3,"Demand":0,"DemandMax":3,"Value":264},{"Length":46,"Height":48,"Demand":0,"DemandMax":3,"Value":4416},{"Length":4,"Height":83,"Demand":0,"DemandMax":3,"Value":664},{"Length":35,"Height":28,"Demand":0,"DemandMax":3,"Value":1960},{"Length":27,"Height":5,"Demand":0,"DemandMax":3,"Value":135},{"Length":32,"Height":36,"Demand":0,"DemandMax":3,"Value":3456},{"Length":39,"Height":4,"Demand":0,"DemandMax":3,"Value":468},{"Length":38,"Height":20,"Demand":0,"DemandMax":3,"Value":1520},{"Length":53,"Height":93,"Demand":0,"DemandMax":3,"Value":14787},{"Length":11,"Height":26,"Demand":0,"DemandMax":3,"Value":858},{"Length":31,"Height":7,"Demand":0,"DemandMax":3,"Value":434},{"Length":13,"Height":43,"Demand":0,"DemandMax":3,"Value":1118},{"Length":30,"Height":95,"Demand":0,"DemandMax":3,"Value":2850},{"Length":21,"Height":20,"Demand":0,"DemandMax":3,"Value":840},{"Length":93,"Height":22,"Demand":0,"DemandMax":3,"Value":2046},{"Length":41,"Height":32,"Demand":0,"DemandMax":3,"Value":2624},{"Length":15,"Height":27,"Demand":0,"DemandMax":3,"Value":1215},{"Length":27,"Height":36,"Demand":0,"DemandMax":3,"Value":972},{"Length":9,"Height":50,"Demand":0,"DemandMax":3,"Value":900},{"Length":28,"Height":19,"Demand":0,"DemandMax":3,"Value":1596},{"Length":94,"Height":70,"Demand":0,"DemandMax":3,"Value":13160},{"Length":24,"Height":33,"Demand":0,"DemandMax":3,"Value":2376},{"Length":13,"Height":7,"Demand":0,"DemandMax":3,"Value":91},{"Length":66,"Height":54,"Demand":0,"DemandMax":3,"Value":7128},{"Length":85,"Height":96,"Demand":0,"DemandMax":3,"Value":16320},{"Length":79,"Height":35,"Demand":0,"DemandMax":3,"Value":8295},{"Length":25,"Height":87,"Demand":0,"DemandMax":3,"Value":4350},{"Length":38,"Height":31,"Demand":0,"DemandMax":3,"Value":1178},{"Length":26,"Height":22,"Demand":0,"DemandMax":3,"Value":1716},{"Length":28,"Height":36,"Demand":0,"DemandMax":3,"Value":2016},{"Length":96,"Height":42,"Demand":0,"DemandMax":3,"Value":8064},{"Length":56,"Height":92,"Demand":0,"DemandMax":3,"Value":15456},{"Length":70,"Height":97,"Demand":0,"DemandMax":3,"Value":20370},{"Length":75,"Height":69,"Demand":0,"DemandMax":3,"Value":15525},{"Length":67,"Height":71,"Demand":0,"DemandMax":3,"Value":9514},{"Length":49,"Height":6,"Demand":0,"DemandMax":3,"Value":882},{"Length":48,"Height":37,"Demand":0,"DemandMax":3,"Value":3552},{"Length":12,"Height":43,"Demand":0,"DemandMax":3,"Value":1032},{"Length":3,"Height":47,"Demand":0,"DemandMax":3,"Value":282},{"Length":29,"Height":83,"Demand":0,"DemandMax":3,"Value":7221},{"Length":7,"Height":47,"Demand":0,"DemandMax":3,"Value":987},{"Length":94,"Height":12,"Demand":0,"DemandMax":3,"Value":2256},{"Length":21,"Height":5,"Demand":0,"DemandMax":3,"Value":105},{"Length":50,"Height":29,"Demand":0,"DemandMax":3,"Value":4350},{"Length":80,"Height":52,"Demand":0,"DemandMax":3,"Value":4160},{"Length":81,"Height":77,"Demand":0,"DemandMax":3,"Value":6237},{"Length":88,"Height":61,"Demand":0,"DemandMax":3,"Value":5368},{"Length":20,"Height":17,"Demand":0,"DemandMax":3,"Value":680},{"Length":8,"Height":47,"Demand":0,"DemandMax":3,"Value":1128},{"Length":42,"Height":84,"Demand":0,"DemandMax":3,"Value":10584},{"Length":67,"Height":63,"Demand":0,"DemandMax":3,"Value":8442},{"Length":76,"Height":87,"Demand":0,"DemandMax":3,"Value":6612},{"Length":68,"Height":69,"Demand":0,"DemandMax":3,"Value":4692},{"Length":87,"Height":37,"Demand":0,"DemandMax":3,"Value":9657},{"Length":42,"Height":10,"Demand":0,"DemandMax":3,"Value":840},{"Length":14,"Height":94,"Demand":0,"DemandMax":3,"Value":2632},{"Length":78,"Height":27,"Demand":0,"DemandMax":3,"Value":4212},{"Length":43,"Height":40,"Demand":0,"DemandMax":3,"Value":1720},{"Length":23,"Height":22,"Demand":0,"DemandMax":3,"Value":1518},{"Length":2,"Height":38,"Demand":0,"DemandMax":3,"Value":152},{"Length":42,"Height":78,"Demand":0,"DemandMax":3,"Value":6552},{"Length":93,"Height":39,"Demand":0,"DemandMax":3,"Value":7254},{"Length":8,"Height":17,"Demand":0,"DemandMax":3,"Value":136},{"Length":100,"Height":98,"Demand":0,"DemandMax":3,"Value":19600},{"Length":38,"Height":14,"Demand":0,"DemandMax":3,"Value":1596},{"Length":22,"Height":27,"Demand":0,"DemandMax":3,"Value":1188},{"Length":59,"Height":97,"Demand":0,"DemandMax":3,"Value":11446},{"Length":27,"Height":97,"Demand":0,"DemandMax":3,"Value":7857},{"Length":35,"Height":43,"Demand":0,"DemandMax":3,"Value":1505},{"Length":98,"Height":57,"Demand":0,"DemandMax":3,"Value":5586},{"Length":33,"Height":21,"Demand":0,"DemandMax":3,"Value":2079},{"Length":28,"Height":8,"Demand":0,"DemandMax":3,"Value":224},{"Length":32,"Height":28,"Demand":0,"DemandMax":3,"Value":2688},{"Length":15,"Height":36,"Demand":0,"DemandMax":3,"Value":1620},{"Length":64,"Height":77,"Demand":0,"DemandMax":3,"Value":14784},{"Length":89,"Height":37,"Demand":0,"DemandMax":3,"Value":6586},{"Length":85,"Height":69,"Demand":0,"DemandMax":3,"Value":11730},{"Length":40,"Height":21,"Demand":0,"DemandMax":3,"Value":2520},{"Length":41,"Height":41,"Demand":0,"DemandMax":3,"Value":3362},{"Length":36,"Height":50,"Demand":0,"DemandMax":3,"Value":1800},{"Length":47,"Height":11,"Demand":0,"DemandMax":3,"Value":1551},{"Length":50,"Height":100,"Demand":0,"DemandMax":3,"Value":5000},{"Length":87,"Height":14,"Demand":0,"DemandMax":3,"Value":1218},{"Length":25,"Height":7,"Demand":0,"DemandMax":3,"Value":350},{"Length":2,"Height":97,"Demand":0,"DemandMax":3,"Value":388},{"Length":45,"Height":45,"Demand":0,"DemandMax":3,"Value":4050},{"Length":11,"Height":99,"Demand":0,"DemandMax":3,"Value":1089},{"Length":36,"Height":44,"Demand":0,"DemandMax":3,"Value":4752},{"Length":4,"Height":42,"Demand":0,"DemandMax":3,"Value":336},{"Length":20,"Height":5,"Demand":0,"DemandMax":3,"Value":300},{"Length":6,"Height":22,"Demand":0,"DemandMax":3,"Value":396},{"Length":59,"Height":52,"Demand":0,"DemandMax":3,"Value":3068},{"Length":94,"Height":94,"Demand":0,"DemandMax":3,"Value":8836},{"Length":96,"Height":87,"Demand":0,"DemandMax":3,"Value":25056},{"Length":68,"Height":85,"Demand":0,"DemandMax":3,"Value":5780},{"Length":37,"Height":94,"Demand":0,"DemandMax":3,"Value":3478},{"Length":72,"Height":60,"Demand":0,"DemandMax":3,"Value":4320},{"Length":31,"Height":35,"Demand":0,"DemandMax":3,"Value":2170},{"Length":33,"Height":5,"Demand":0,"DemandMax":3,"Value":165},{"Length":42,"Height":42,"Demand":0,"DemandMax":3,"Value":1764},{"Length":14,"Height":16,"Demand":0,"DemandMax":3,"Value":448},{"Length":9,"Height":34,"Demand":0,"DemandMax":3,"Value":306},{"Length":23,"Height":98,"Demand":0,"DemandMax":3,"Value":2254},{"Length":12,"Height":5,"Demand":0,"DemandMax":3,"Value":120},{"Length":78,"Height":38,"Demand":0,"DemandMax":3,"Value":2964},{"Length":92,"Height":94,"Demand":0,"DemandMax":3,"Value":8648},{"Length":93,"Height":42,"Demand":0,"DemandMax":3,"Value":7812},{"Length":13,"Height":22,"Demand":0,"DemandMax":3,"Value":572},{"Length":45,"Height":48,"Demand":0,"DemandMax":3,"Value":4320},{"Length":73,"Height":58,"Demand":0,"DemandMax":3,"Value":12702},{"Length":42,"Height":50,"Demand":0,"DemandMax":3,"Value":4200},{"Length":44,"Height":8,"Demand":0,"DemandMax":3,"Value":352},{"Length":81,"Height":40,"Demand":0,"DemandMax":3,"Value":6480},{"Length":23,"Height":17,"Demand":0,"DemandMax":3,"Value":782},{"Length":78,"Height":32,"Demand":0,"DemandMax":3,"Value":2496},{"Length":96,"Height":21,"Demand":0,"DemandMax":3,"Value":2016},{"Length":16,"Height":13,"Demand":0,"DemandMax":3,"Value":624},{"Length":11,"Height":5,"Demand":0,"DemandMax":3,"Value":55},{"Length":21,"Height":85,"Demand":0,"DemandMax":3,"Value":5355},{"Length":29,"Height":31,"Demand":0,"DemandMax":3,"Value":2697},{"Length":17,"Height":24,"Demand":0,"DemandMax":3,"Value":816},{"Length":95,"Height":82,"Demand":0,"DemandMax":3,"Value":7790},{"Length":28,"Height":15,"Demand":0,"DemandMax":3,"Value":1260},{"Length":35,"Height":95,"Demand":0,"DemandMax":3,"Value":6650},{"Length":13,"Height":43,"Demand":0,"DemandMax":3,"Value":1677},{"Length":40,"Height":81,"Demand":0,"DemandMax":3,"Value":6480},{"Length":19,"Height":88,"Demand":0,"DemandMax":3,"Value":1672},{"Length":81,"Height":8,"Demand":0,"DemandMax":3,"Value":1296}]}