{"Name":"ngcutfs2_6","Objects":[{"Length":100,"Height":100,"Stock":null,"Cost":10000}],"Items":[{"Length":33,"Height":20,"Demand":0,"DemandMax":1,"Value":1980},{"Length":41,"Height":47,"Demand":0,"DemandMax":1,"Value":3854},{"Length":46,"Height":50,"Demand":0,"DemandMax":1,"Value":6900},{"Length":50,"Height":93,"Demand":0,"DemandMax":1,"Value":4650},{"Length":57,"Height":83,"Demand":0,"DemandMax":1,"Value":9462},{"Length":55,"Height":85,"Demand":0,"DemandMax":1,"Value":9350},{"Length":38,"Height":28,"Demand":0,"DemandMax":1,"Value":1064},{"Length":50,"Height":89,"Demand":0,"DemandMax":1,"Value":8900},{"Length":97,"Height":30,"Demand":0,"DemandMax":1,"Value":2910},{"Length":77,"Height":92,"Demand":0,"DemandMax":1,"Value":14168},{"Length":11,"Height":24,"Demand":0,"DemandMax":1,"Value":264},{"Length":30,"Height":22,"Demand":0,"DemandMax":1,"Value":1980},{"Length":21,"Height":6,"Demand":0,"DemandMax":1,"Value":252},{"Length":77,"Height":98,"Demand":0,"DemandMax":1,"Value":15092},{"Length":9,"Height":41,"Demand":0,"DemandMax":1,"Value":369},{"Length":43,"Height":34,"Demand":0,"DemandMax":1,"Value":2924},{"Length":3,"Height":18,"Demand":0,"DemandMax":1,"Value":162},{"Length":82,"Height":55,"Demand":0,"DemandMax":1,"Value":13530},{"Length":32,"Height":2,"Demand":0,"DemandMax":1,"Value":128},{"Length":18,"Height":27,"Demand":0,"DemandMax":1,"Value":486},{"Length":41,"Height":12,"Demand":0,"DemandMax":1,"Value":492},{"Length":19,"Height":8,"Demand":0,"DemandMax":1,"Value":152},{"Length":36,"Height":21,"Demand":0,"DemandMax":1,"Value":1512},{"Length":99,"Height":21,"Demand":0,"DemandMax":1,"Value":4158},{"Length":50,"Height":43,"Demand":0,"DemandMax":1,"Value":2150},{"Length":12,"Height":11,"Demand":0,"DemandMax":1,"Value":264},{"Length":35,"Height":30,"Demand":0,"DemandMax":1,"Value":3150},{"Length":32,"Height":96,"Demand":0,"DemandMax":1,"Value":6144},{"Length":27,"Height":45,"Demand":0,"DemandMax":1,"Value":1215},{"Length":15,"Height":14,"Demand":0,"DemandMax":1,"Value":420},{"Length":14,"Height":26,"Demand":0,"DemandMax":1,"Value":728},{"Length":78,"Height":44,"Demand":0,"DemandMax":1,"Value":10296},{"Length":9,"Height":4,"Demand":0,"DemandMax":1,"Value":36},{"Length":84,"Height":45,"Demand":0,"DemandMax":1,"Value":11340},{"Length":87,"Height":3,"Demand":0,"DemandMax":1,"Value":261},{"Length":13,"Height":30,"Demand":0,"DemandMax":1,"Value":390},{"Length":28,"Height":8,"Demand":0,"DemandMax":1,"Value":224},{"Length":33,"Height":30,"Demand":0,"DemandMax":1,"Value":2970},{"Length":21,"Height":50,"Demand":0,"DemandMax":1,"Value":2100},{"Length":76,"Height":26,"Demand":0,"DemandMax":1,"Value":1976}]}