{"Name":"ngcutfs1_190","Objects":[{"Length":100,"Height":100,"Stock":null,"Cost":10000}],"Items":[{"Length":92,"Height":36,"Demand":0,"DemandMax":1,"Value":6624},{"Length":89,"Height":33,"Demand":0,"DemandMax":1,"Value":8811},{"Length":29,"Height":31,"Demand":0,"DemandMax":1,"Value":2697},{"Length":26,"Height":13,"Demand":0,"DemandMax":1,"Value":1014},{"Length":26,"Height":42,"Demand":0,"DemandMax":1,"Value":2184},{"Length":22,"Height":29,"Demand":0,"DemandMax":1,"Value":1276},{"Length":27,"Height":12,"Demand":0,"DemandMax":1,"Value":324},{"Length":36,"Height":18,"Demand":0,"DemandMax":1,"Value":1944},{"Length":12,"Height":15,"Demand":0,"DemandMax":1,"Value":360},{"Length":12,"Height":99,"Demand":0,"DemandMax":1,"Value":1188},{"Length":21,"Height":35,"Demand":0,"DemandMax":1,"Value":1470},{"Length":42,"Height":46,"Demand":0,"DemandMax":1,"Value":5796},{"Length":34,"Height":78,"Demand":0,"DemandMax":1,"Value":5304},{"Length":38,"Height":30,"Demand":0,"DemandMax":2,"Value":1140},{"Length":12,"Height":18,"Demand":0,"DemandMax":1,"Value":648},{"Length":31,"Height":22,"Demand":0,"DemandMax":1,"Value":2046},{"Length":87,"Height":12,"Demand":0,"DemandMax":2,"Value":2088},{"Length":5,"Height":50,"Demand":0,"DemandMax":1,"Value":500},{"Length":20,"Height":86,"Demand":0,"DemandMax":1,"Value":5160},{"Length":41,"Height":5,"Demand":0,"DemandMax":1,"Value":205},{"Length":19,"Height":11,"Demand":0,"DemandMax":1,"Value":209},{"Length":83,"Height":12,"Demand":0,"DemandMax":1,"Value":996},{"Length":18,"Height":93,"Demand":0,"DemandMax":1,"Value":3348},{"Length":77,"Height":95,"Demand":0,"DemandMax":1,"Value":21945},{"Length":49,"Height":34,"Demand":0,"DemandMax":1,"Value":4998},{"Length":43,"Height":33,"Demand":0,"DemandMax":1,"Value":2838},{"Length":79,"Height":31,"Demand":0,"DemandMax":1,"Value":4898},{"Length":35,"Height":19,"Demand":0,"DemandMax":1,"Value":665},{"Length":32,"Height":100,"Demand":0,"DemandMax":1,"Value":6400},{"Length":88,"Height":33,"Demand":0,"DemandMax":1,"Value":8712},{"Length":5,"Height":34,"Demand":0,"DemandMax":1,"Value":510},{"Length":58,"Height":62,"Demand":0,"DemandMax":1,"Value":10788},{"Length":59,"Height":98,"Demand":0,"DemandMax":1,"Value":17346},{"Length":79,"Height":6,"Demand":0,"DemandMax":1,"Value":1422},{"Length":86,"Height":11,"Demand":0,"DemandMax":1,"Value":2838},{"Length":5,"Height":85,"Demand":0,"DemandMax":1,"Value":850},{"Length":62,"Height":85,"Demand":0,"DemandMax":1,"Value":5270},{"Length":83,"Height":44,"Demand":0,"DemandMax":1,"Value":7304},{"Length":42,"Height":82,"Demand":0,"DemandMax":1,"Value":3444},{"Length":15,"Height":40,"Demand":0,"DemandMax":1,"Value":1800},{"Length":43,"Height":44,"Demand":0,"DemandMax":1,"Value":5676},{"Length":16,"Height":41,"Demand":0,"DemandMax":1,"Value":1312},{"Length":99,"Height":35,"Demand":0,"DemandMax":1,"Value":6930},{"Length":34,"Height":30,"Demand":0,"DemandMax":1,"Value":1020},{"Length":16,"Height":85,"Demand":0,"DemandMax":1,"Value":4080},{"Length":75,"Height":87,"Demand":0,"DemandMax":1,"Value":6525},{"Length":84,"Height":27,"Demand":0,"DemandMax":1,"Value":4536},{"Length":75,"Height":66,"Demand":0,"DemandMax":1,"Value":4950},{"Length":50,"Height":88,"Demand":0,"DemandMax":1,"Value":8800},{"Length":7,"Height":41,"Demand":0,"DemandMax":1,"Value":861},{"Length":21,"Height":76,"Demand":0,"DemandMax":1,"Value":3192},{"Length":93,"Height":13,"Demand":0,"DemandMax":2,"Value":1209},{"Length":90,"Height":53,"Demand":0,"DemandMax":1,"Value":9540},{"Length":36,"Height":29,"Demand":0,"DemandMax":1,"Value":3132},{"Length":23,"Height":5,"Demand":0,"DemandMax":1,"Value":345},{"Length":2,"Height":12,"Demand":0,"DemandMax":1,"Value":48},{"Length":38,"Height":87,"Demand":0,"DemandMax":1,"Value":6612},{"Length":23,"Height":87,"Demand":0,"DemandMax":1,"Value":6003},{"Length":15,"Height":89,"Demand":0,"DemandMax":1,"Value":4005},{"Length":99,"Height":3,"Demand":0,"DemandMax":1,"Value":891},{"Length":3,"Height":78,"Demand":0,"DemandMax":1,"Value":234},{"Length":90,"Height":93,"Demand":0,"DemandMax":1,"Value":16740},{"Length":79,"Height":39,"Demand":0,"DemandMax":1,"Value":3081},{"Length":78,"Height":63,"Demand":0,"DemandMax":1,"Value":9828},{"Length":50,"Height":92,"Demand":0,"DemandMax":1,"Value":9200},{"Length":17,"Height":95,"Demand":0,"DemandMax":1,"Value":3230},{"Length":87,"Height":11,"Demand":0,"DemandMax":1,"Value":2871},{"Length":38,"Height":100,"Demand":0,"DemandMax":1,"Value":11400},{"Length":79,"Height":5,"Demand":0,"DemandMax":1,"Value":790},{"Length":41,"Height":4,"Demand":0,"DemandMax":1,"Value":328},{"Length":32,"Height":33,"Demand":0,"DemandMax":1,"Value":1056},{"Length":72,"Height":78,"Demand":0,"DemandMax":1,"Value":5616},{"Length":66,"Height":88,"Demand":0,"DemandMax":1,"Value":5808},{"Length":84,"Height":97,"Demand":0,"DemandMax":1,"Value":24444},{"Length":90,"Height":60,"Demand":0,"DemandMax":1,"Value":10800},{"Length":34,"Height":96,"Demand":0,"DemandMax":2,"Value":3264},{"Length":87,"Height":30,"Demand":0,"DemandMax":1,"Value":7830},{"Length":12,"Height":86,"Demand":0,"DemandMax":1,"Value":1032},{"Length":97,"Height":38,"Demand":0,"DemandMax":1,"Value":11058},{"Length":33,"Height":25,"Demand":0,"DemandMax":1,"Value":2475},{"Length":82,"Height":71,"Demand":0,"DemandMax":1,"Value":17466},{"Length":22,"Height":84,"Demand":0,"DemandMax":1,"Value":5544},{"Length":32,"Height":96,"Demand":0,"DemandMax":1,"Value":6144},{"Length":89,"Height":69,"Demand":0,"DemandMax":2,"Value":6141},{"Length":59,"Height":88,"Demand":0,"DemandMax":1,"Value":5192},{"Length":32,"Height":95,"Demand":0,"DemandMax":1,"Value":9120},{"Length":27,"Height":33,"Demand":0,"DemandMax":1,"Value":2673},{"Length":19,"Height":41,"Demand":0,"DemandMax":1,"Value":2337},{"Length":44,"Height":21,"Demand":0,"DemandMax":1,"Value":924},{"Length":10,"Height":28,"Demand":0,"DemandMax":1,"Value":560},{"Length":5,"Height":44,"Demand":0,"DemandMax":1,"Value":440},{"Length":36,"Height":32,"Demand":0,"DemandMax":1,"Value":1152},{"Length":84,"Height":98,"Demand":0,"DemandMax":1,"Value":24696},{"Length":91,"Height":6,"Demand":0,"DemandMax":1,"Value":1638},{"Length":99,"Height":45,"Demand":0,"DemandMax":1,"Value":13365},{"Length":33,"Height":83,"Demand":0,"DemandMax":1,"Value":8217},{"Length":85,"Height":50,"Demand":0,"DemandMax":1,"Value":12750},{"Length":40,"Height":84,"Demand":0,"DemandMax":1,"Value":3360},{"Length":62,"Height":69,"Demand":0,"DemandMax":1,"Value":4278},{"Length":50,"Height":17,"Demand":0,"DemandMax":1,"Value":1700},{"Length":6,"Height":84,"Demand":0,"DemandMax":1,"Value":1512},{"Length":15,"Height":95,"Demand":0,"DemandMax":1,"Value":1425},{"Length":54,"Height":74,"Demand":0,"DemandMax":1,"Value":3996},{"Length":22,"Height":38,"Demand":0,"DemandMax":2,"Value":836},{"Length":76,"Height":15,"Demand":0,"DemandMax":1,"Value":3420},{"Length":48,"Height":10,"Demand":0,"DemandMax":1,"Value":960},{"Length":87,"Height":24,"Demand":0,"DemandMax":1,"Value":4176},{"Length":93,"Height":18,"Demand":0,"DemandMax":1,"Value":5022},{"Length":48,"Height":80,"Demand":0,"DemandMax":1,"Value":11520},{"Length":29,"Height":15,"Demand":0,"DemandMax":1,"Value":1305},{"Length":36,"Height":33,"Demand":0,"DemandMax":1,"Value":1188},{"Length":77,"Height":34,"Demand":0,"DemandMax":1,"Value":5236},{"Length":16,"Height":90,"Demand":0,"DemandMax":1,"Value":2880},{"Length":42,"Height":44,"Demand":0,"DemandMax":1,"Value":3696},{"Length":34,"Height":11,"Demand":0,"DemandMax":1,"Value":374},{"Length":58,"Height":72,"Demand":0,"DemandMax":1,"Value":4176},{"Length":10,"Height":83,"Demand":0,"DemandMax":1,"Value":830},{"Length":15,"Height":8,"Demand":0,"DemandMax":1,"Value":240},{"Length":7,"Height":99,"Demand":0,"DemandMax":1,"Value":2079},{"Length":16,"Height":16,"Demand":0,"DemandMax":1,"Value":512},{"Length":13,"Height":28,"Demand":0,"DemandMax":1,"Value":728},{"Length":37,"Height":34,"Demand":0,"DemandMax":1,"Value":1258},{"Length":93,"Height":19,"Demand":0,"DemandMax":1,"Value":1767},{"Length":36,"Height":41,"Demand":0,"DemandMax":1,"Value":4428},{"Length":27,"Height":40,"Demand":0,"DemandMax":1,"Value":2160},{"Length":80,"Height":47,"Demand":0,"DemandMax":1,"Value":11280},{"Length":68,"Height":88,"Demand":0,"DemandMax":1,"Value":17952},{"Length":21,"Height":47,"Demand":0,"DemandMax":1,"Value":2961},{"Length":25,"Height":42,"Demand":0,"DemandMax":1,"Value":2100},{"Length":80,"Height":75,"Demand":0,"DemandMax":1,"Value":6000},{"Length":19,"Height":20,"Demand":0,"DemandMax":1,"Value":1140},{"Length":22,"Height":31,"Demand":0,"DemandMax":1,"Value":682},{"Length":90,"Height":22,"Demand":0,"DemandMax":1,"Value":5940},{"Length":4,"Height":97,"Demand":0,"DemandMax":1,"Value":776},{"Length":80,"Height":56,"Demand":0,"DemandMax":1,"Value":8960},{"Length":36,"Height":80,"Demand":0,"DemandMax":1,"Value":8640},{"Length":81,"Height":35,"Demand":0,"DemandMax":1,"Value":8505},{"Length":82,"Height":40,"Demand":0,"DemandMax":1,"Value":3280},{"Length":67,"Height":94,"Demand":0,"DemandMax":1,"Value":12596},{"Length":47,"Height":50,"Demand":0,"DemandMax":1,"Value":4700},{"Length":100,"Height":23,"Demand":0,"DemandMax":1,"Value":6900},{"Length":29,"Height":80,"Demand":0,"DemandMax":1,"Value":6960},{"Length":25,"Height":48,"Demand":0,"DemandMax":1,"Value":1200},{"Length":11,"Height":21,"Demand":0,"DemandMax":1,"Value":231},{"Length":40,"Height":46,"Demand":0,"DemandMax":2,"Value":5520},{"Length":93,"Height":58,"Demand":0,"DemandMax":1,"Value":5394},{"Length":15,"Height":92,"Demand":0,"DemandMax":1,"Value":2760},{"Length":89,"Height":99,"Demand":0,"DemandMax":1,"Value":17622},{"Length":42,"Height":5,"Demand":0,"DemandMax":1,"Value":420},{"Length":97,"Height":20,"Demand":0,"DemandMax":1,"Value":1940},{"Length":20,"Height":99,"Demand":0,"DemandMax":1,"Value":5940},{"Length":18,"Height":84,"Demand":0,"DemandMax":1,"Value":3024},{"Length":92,"Height":48,"Demand":0,"DemandMax":1,"Value":8832},{"Length":87,"Height":50,"Demand":0,"DemandMax":1,"Value":4350},{"Length":9,"Height":81,"Demand":0,"DemandMax":1,"Value":729},{"Length":33,"Height":4,"Demand":0,"DemandMax":1,"Value":264},{"Length":93,"Height":39,"Demand":0,"DemandMax":1,"Value":3627},{"Length":85,"Height":100,"Demand":0,"DemandMax":1,"Value":8500},{"Length":61,"Height":95,"Demand":0,"DemandMax":1,"Value":5795},{"Length":19,"Height":47,"Demand":0,"DemandMax":1,"Value":2679},{"Length":95,"Height":42,"Demand":0,"DemandMax":1,"Value":11970},{"Length":43,"Height":28,"Demand":0,"DemandMax":1,"Value":2408},{"Length":44,"Height":96,"Demand":0,"DemandMax":1,"Value":4224},{"Length":5,"Height":44,"Demand":0,"DemandMax":1,"Value":660},{"Length":10,"Height":81,"Demand":0,"DemandMax":1,"Value":1620},{"Length":16,"Height":8,"Demand":0,"DemandMax":1,"Value":256},{"Length":21,"Height":13,"Demand":0,"DemandMax":1,"Value":819},{"Length":43,"Height":13,"Demand":0,"DemandMax":1,"Value":1677},{"Length":32,"Height":20,"Demand":0,"DemandMax":1,"Value":640},{"Length":49,"Height":15,"Demand":0,"DemandMax":1,"Value":2205},{"Length":34,"Height":42,"Demand":0,"DemandMax":1,"Value":4284},{"Length":59,"Height":96,"Demand":0,"DemandMax":1,"Value":16992},{"Length":79,"Height":45,"Demand":0,"DemandMax":1,"Value":7110},{"Length":63,"Height":78,"Demand":0,"DemandMax":1,"Value":14742},{"Length":76,"Height":41,"Demand":0,"DemandMax":1,"Value":3116},{"Length":76,"Height":59,"Demand":0,"DemandMax":1,"Value":13452},{"Length":38,"Height":8,"Demand":0,"DemandMax":1,"Value":608},{"Length":85,"Height":4,"Demand":0,"DemandMax":2,"Value":340},{"Length":20,"Height":90,"Demand":0,"DemandMax":1,"Value":1800},{"Length":83,"Height":17,"Demand":0,"DemandMax":1,"Value":4233},{"Length":92,"Height":35,"Demand":0,"DemandMax":1,"Value":6440},{"Length":14,"Height":32,"Demand":0,"DemandMax":1,"Value":448},{"Length":17,"Height":84,"Demand":0,"DemandMax":1,"Value":4284},{"Length":98,"Height":39,"Demand":0,"DemandMax":1,"Value":11466},{"Length":14,"Height":37,"Demand":0,"DemandMax":1,"Value":1554},{"Length":67,"Height":87,"Demand":0,"DemandMax":1,"Value":11658},{"Length":3,"Height":14,"Demand":0,"DemandMax":2,"Value":42},{"Length":11,"Height":17,"Demand":0,"DemandMax":1,"Value":374},{"Length":95,"Height":59,"Demand":0,"DemandMax":1,"Value":5605},{"Length":76,"Height":9,"Demand":0,"DemandMax":1,"Value":2052},{"Length":55,"Height":58,"Demand":0,"DemandMax":1,"Value":9570},{"Length":31,"Height":20,"Demand":0,"DemandMax":1,"Value":1860},{"Length":40,"Height":11,"Demand":0,"DemandMax":1,"Value":1320},{"Length":77,"Height":33,"Demand":0,"DemandMax":2,"Value":7623},{"Length":50,"Height":86,"Demand":0,"DemandMax":1,"Value":12900},{"Length":31,"Height":26,"Demand":0,"DemandMax":1,"Value":806},{"Length":82,"Height":11,"Demand":0,"DemandMax":1,"Value":1804},{"Length":68,"Height":70,"Demand":0,"DemandMax":1,"Value":14280},{"Length":77,"Height":5,"Demand":0,"DemandMax":1,"Value":385},{"Length":48,"Height":18,"Demand":0,"DemandMax":1,"Value":1728},{"Length":19,"Height":23,"Demand":0,"DemandMax":1,"Value":874},{"Length":76,"Height":18,"Demand":0,"DemandMax":1,"Value":1368},{"Length":84,"Height":21,"Demand":0,"DemandMax":1,"Value":3528},{"Length":14,"Height":100,"Demand":0,"DemandMax":1,"Value":1400},{"Length":20,"Height":42,"Demand":0,"DemandMax":1,"Value":1680},{"Length":33,"Height":16,"Demand":0,"DemandMax":1,"Value":528},{"Length":31,"Height":32,"Demand":0,"DemandMax":1,"Value":992},{"Length":37,"Height":15,"Demand":0,"DemandMax":1,"Value":555},{"Length":49,"Height":87,"Demand":0,"DemandMax":1,"Value":4263},{"Length":10,"Height":35,"Demand":0,"DemandMax":1,"Value":700},{"Length":32,"Height":42,"Demand":0,"DemandMax":1,"Value":4032},{"Length":22,"Height":99,"Demand":0,"DemandMax":1,"Value":6534},{"Length":90,"Height":11,"Demand":0,"DemandMax":1,"Value":990},{"Length":16,"Height":46,"Demand":0,"DemandMax":1,"Value":736},{"Length":11,"Height":19,"Demand":0,"DemandMax":1,"Value":418},{"Length":34,"Height":30,"Demand":0,"DemandMax":1,"Value":2040},{"Length":99,"Height":98,"Demand":0,"DemandMax":1,"Value":19404},{"Length":96,"Height":41,"Demand":0,"DemandMax":1,"Value":7872},{"Length":11,"Height":15,"Demand":0,"DemandMax":1,"Value":495},{"Length":42,"Height":89,"Demand":0,"DemandMax":1,"Value":3738},{"Length":12,"Height":80,"Demand":0,"DemandMax":1,"Value":960},{"Length":7,"Height":94,"Demand":0,"DemandMax":1,"Value":658},{"Length":28,"Height":2,"Demand":0,"DemandMax":1,"Value":56},{"Length":74,"Height":65,"Demand":0,"DemandMax":1,"Value":4810},{"Length":8,"Height":3,"Demand":0,"DemandMax":1,"Value":72},{"Length":12,"Height":15,"Demand":0,"DemandMax":1,"Value":540},{"Length":86,"Height":50,"Demand":0,"DemandMax":1,"Value":4300},{"Length":30,"Height":6,"Demand":0,"DemandMax":1,"Value":180},{"Length":22,"Height":84,"Demand":0,"DemandMax":1,"Value":3696},{"Length":76,"Height":70,"Demand":0,"DemandMax":1,"Value":10640},{"Length":47,"Height":92,"Demand":0,"DemandMax":1,"Value":12972},{"Length":34,"Height":76,"Demand":0,"DemandMax":1,"Value":2584},{"Length":15,"Height":9,"Demand":0,"DemandMax":1,"Value":135},{"Length":63,"Height":76,"Demand":0,"DemandMax":1,"Value":4788},{"Length":86,"Height":36,"Demand":0,"DemandMax":1,"Value":6192},{"Length":93,"Height":48,"Demand":0,"DemandMax":1,"Value":8928},{"Length":49,"Height":37,"Demand":0,"DemandMax":1,"Value":5439},{"Length":16,"Height":92,"Demand":0,"DemandMax":1,"Value":4416},{"Length":17,"Height":26,"Demand":0,"DemandMax":1,"Value":1326},{"Length":86,"Height":83,"Demand":0,"DemandMax":1,"Value":14276},{"Length":38,"Height":94,"Demand":0,"DemandMax":1,"Value":10716},{"Length":86,"Height":56,"Demand":0,"DemandMax":1,"Value":4816},{"Length":41,"Height":10,"Demand":0,"DemandMax":1,"Value":820},{"Length":14,"Height":90,"Demand":0,"DemandMax":1,"Value":1260},{"Length":99,"Height":17,"Demand":0,"DemandMax":1,"Value":3366},{"Length":24,"Height":25,"Demand":0,"DemandMax":1,"Value":1800},{"Length":45,"Height":4,"Demand":0,"DemandMax":1,"Value":180},{"Length":63,"Height":61,"Demand":0,"DemandMax":2,"Value":3843},{"Length":49,"Height":92,"Demand":0,"DemandMax":1,"Value":9016},{"Length":13,"Height":86,"Demand":0,"DemandMax":1,"Value":3354},{"Length":46,"Height":5,"Demand":0,"DemandMax":1,"Value":460},{"Length":86,"Height":32,"Demand":0,"DemandMax":1,"Value":8256},{"Length":5,"Height":45,"Demand":0,"DemandMax":1,"Value":450},{"Length":77,"Height":36,"Demand":0,"DemandMax":1,"Value":2772},{"Length":15,"Height":32,"Demand":0,"DemandMax":1,"Value":960},{"Length":48,"Height":93,"Demand":0,"DemandMax":1,"Value":13392},{"Length":79,"Height":43,"Demand":0,"DemandMax":1,"Value":6794},{"Length":76,"Height":65,"Demand":0,"DemandMax":1,"Value":14820},{"Length":86,"Height":48,"Demand":0,"DemandMax":1,"Value":8256},{"Length":11,"Height":43,"Demand":0,"DemandMax":1,"Value":473},{"Length":26,"Height":40,"Demand":0,"DemandMax":1,"Value":1040},{"Length":21,"Height":25,"Demand":0,"DemandMax":1,"Value":1050},{"Length":93,"Height":10,"Demand":0,"DemandMax":1,"Value":930},{"Length":6,"Height":16,"Demand":0,"DemandMax":1,"Value":288},{"Length":2,"Height":44,"Demand":0,"DemandMax":1,"Value":264},{"Length":35,"Height":48,"Demand":0,"DemandMax":1,"Value":5040},{"Length":87,"Height":28,"Demand":0,"DemandMax":1,"Value":4872},{"Length":89,"Height":4,"Demand":0,"DemandMax":1,"Value":356},{"Length":36,"Height":38,"Demand":0,"DemandMax":1,"Value":2736},{"Length":47,"Height":39,"Demand":0,"DemandMax":1,"Value":1833},{"Length":85,"Height":32,"Demand":0,"DemandMax":1,"Value":5440},{"Length":24,"Height":27,"Demand":0,"DemandMax":1,"Value":1296},{"Length":43,"Height":96,"Demand":0,"DemandMax":1,"Value":8256},{"Length":50,"Height":14,"Demand":0,"DemandMax":1,"Value":2100},{"Length":45,"Height":34,"Demand":0,"DemandMax":1,"Value":4590},{"Length":46,"Height":78,"Demand":0,"DemandMax":1,"Value":7176},{"Length":56,"Height":94,"Demand":0,"DemandMax":2,"Value":5264},{"Length":82,"Height":38,"Demand":0,"DemandMax":1,"Value":6232},{"Length":98,"Height":32,"Demand":0,"DemandMax":1,"Value":9408},{"Length":38,"Height":37,"Demand":0,"DemandMax":1,"Value":1406},{"Length":42,"Height":9,"Demand":0,"DemandMax":1,"Value":378},{"Length":80,"Height":35,"Demand":0,"DemandMax":1,"Value":8400},{"Length":38,"Height":94,"Demand":0,"DemandMax":1,"Value":7144},{"Length":96,"Height":45,"Demand":0,"DemandMax":1,"Value":4320},{"Length":39,"Height":25,"Demand":0,"DemandMax":1,"Value":2925},{"Length":79,"Height":19,"Demand":0,"DemandMax":2,"Value":3002},{"Length":16,"Height":14,"Demand":0,"DemandMax":1,"Value":224},{"Length":72,"Height":55,"Demand":0,"DemandMax":1,"Value":7920},{"Length":42,"Height":40,"Demand":0,"DemandMax":1,"Value":5040},{"Length":21,"Height":34,"Demand":0,"DemandMax":1,"Value":2142},{"Length":17,"Height":37,"Demand":0,"DemandMax":1,"Value":629},{"Length":8,"Height":88,"Demand":0,"DemandMax":1,"Value":2112},{"Length":91,"Height":57,"Demand":0,"DemandMax":1,"Value":10374},{"Length":52,"Height":100,"Demand":0,"DemandMax":1,"Value":5200},{"Length":86,"Height":87,"Demand":0,"DemandMax":1,"Value":7482},{"Length":16,"Height":94,"Demand":0,"DemandMax":1,"Value":4512},{"Length":47,"Height":49,"Demand":0,"DemandMax":1,"Value":2303},{"Length":31,"Height":25,"Demand":0,"DemandMax":1,"Value":1550},{"Length":49,"Height":89,"Demand":0,"DemandMax":1,"Value":13083},{"Length":3,"Height":93,"Demand":0,"DemandMax":1,"Value":558},{"Length":16,"Height":35,"Demand":0,"DemandMax":1,"Value":560},{"Length":21,"Height":48,"Demand":0,"DemandMax":1,"Value":1008},{"Length":9,"Height":7,"Demand":0,"DemandMax":1,"Value":63},{"Length":93,"Height":48,"Demand":0,"DemandMax":1,"Value":13392},{"Length":51,"Height":66,"Demand":0,"DemandMax":1,"Value":6732},{"Length":32,"Height":86,"Demand":0,"DemandMax":1,"Value":2752},{"Length":45,"Height":24,"Demand":0,"DemandMax":1,"Value":3240},{"Length":16,"Height":99,"Demand":0,"DemandMax":2,"Value":1584},{"Length":77,"Height":84,"Demand":0,"DemandMax":1,"Value":12936},{"Length":27,"Height":5,"Demand":0,"DemandMax":1,"Value":405},{"Length":33,"Height":18,"Demand":0,"DemandMax":1,"Value":1188},{"Length":97,"Height":78,"Demand":0,"DemandMax":1,"Value":22698},{"Length":94,"Height":16,"Demand":0,"DemandMax":1,"Value":3008},{"Length":19,"Height":2,"Demand":0,"DemandMax":1,"Value":38},{"Length":15,"Height":18,"Demand":0,"DemandMax":1,"Value":810},{"Length":98,"Height":11,"Demand":0,"DemandMax":1,"Value":2156},{"Length":94,"Height":17,"Demand":0,"DemandMax":1,"Value":3196},{"Length":19,"Height":19,"Demand":0,"DemandMax":1,"Value":722},{"Length":84,"Height":97,"Demand":0,"DemandMax":1,"Value":16296},{"Length":47,"Height":31,"Demand":0,"DemandMax":1,"Value":2914},{"Length":7,"Height":33,"Demand":0,"DemandMax":1,"Value":462},{"Length":29,"Height":46,"Demand":0,"DemandMax":1,"Value":2668},{"Length":22,"Height":97,"Demand":0,"DemandMax":1,"Value":6402},{"Length":8,"Height":37,"Demand":0,"DemandMax":1,"Value":888},{"Length":6,"Height":34,"Demand":0,"DemandMax":1,"Value":408},{"Length":2,"Height":31,"Demand":0,"DemandMax":1,"Value":186},{"Length":27,"Height":3,"Demand":0,"DemandMax":1,"Value":243},{"Length":11,"Height":27,"Demand":0,"DemandMax":1,"Value":891},{"Length":77,"Height":69,"Demand":0,"DemandMax":1,"Value":10626},{"Length":99,"Height":11,"Demand":0,"DemandMax":1,"Value":3267},{"Length":90,"Height":29,"Demand":0,"DemandMax":1,"Value":2610},{"Length":33,"Height":19,"Demand":0,"DemandMax":1,"Value":627},{"Length":30,"Height":85,"Demand":0,"DemandMax":1,"Value":7650},{"Length":12,"Height":98,"Demand":0,"DemandMax":1,"Value":3528},{"Length":88,"Height":44,"Demand":0,"DemandMax":1,"Value":7744},{"Length":18,"Height":25,"Demand":0,"DemandMax":1,"Value":1350},{"Length":100,"Height":75,"Demand":0,"DemandMax":1,"Value":15000},{"Length":10,"Height":88,"Demand":0,"DemandMax":1,"Value":1760},{"Length":47,"Height":37,"Demand":0,"DemandMax":1,"Value":1739},{"Length":78,"Height":15,"Demand":0,"DemandMax":1,"Value":1170},{"Length":96,"Height":94,"Demand":0,"DemandMax":1,"Value":27072},{"Length":99,"Height":49,"Demand":0,"DemandMax":1,"Value":9702},{"Length":9,"Height":85,"Demand":0,"DemandMax":1,"Value":1530},{"Length":42,"Height":25,"Demand":0,"DemandMax":1,"Value":1050},{"Length":23,"Height":16,"Demand":0,"DemandMax":1,"Value":368},{"Length":4,"Height":4,"Demand":0,"DemandMax":1,"Value":32},{"Length":28,"Height":92,"Demand":0,"DemandMax":1,"Value":2576},{"Length":30,"Height":96,"Demand":0,"DemandMax":1,"Value":2880},{"Length":24,"Height":14,"Demand":0,"DemandMax":1,"Value":336},{"Length":36,"Height":31,"Demand":0,"DemandMax":1,"Value":2232},{"Length":14,"Height":94,"Demand":0,"DemandMax":1,"Value":2632},{"Length":90,"Height":26,"Demand":0,"DemandMax":1,"Value":2340},{"Length":97,"Height":25,"Demand":0,"DemandMax":1,"Value":4850},{"Length":10,"Height":99,"Demand":0,"DemandMax":1,"Value":990},{"Length":6,"Height":95,"Demand":0,"DemandMax":1,"Value":570},{"Length":98,"Height":82,"Demand":0,"DemandMax":1,"Value":8036},{"Length":97,"Height":29,"Demand":0,"DemandMax":1,"Value":8439},{"Length":86,"Height":96,"Demand":0,"DemandMax":1,"Value":16512},{"Length":34,"Height":46,"Demand":0,"DemandMax":1,"Value":3128},{"Length":7,"Height":42,"Demand":0,"DemandMax":1,"Value":882},{"Length":28,"Height":26,"Demand":0,"DemandMax":1,"Value":728},{"Length":29,"Height":37,"Demand":0,"DemandMax":1,"Value":3219},{"Length":81,"Height":72,"Demand":0,"DemandMax":1,"Value":17496},{"Length":89,"Height":78,"Demand":0,"DemandMax":1,"Value":20826},{"Length":90,"Height":73,"Demand":0,"DemandMax":1,"Value":6570},{"Length":93,"Height":29,"Demand":0,"DemandMax":1,"Value":8091},{"Length":94,"Height":92,"Demand":0,"DemandMax":1,"Value":8648},{"Length":75,"Height":97,"Demand":0,"DemandMax":1,"Value":21825},{"Length":67,"Height":99,"Demand":0,"DemandMax":1,"Value":6633},{"Length":25,"Height":33,"Demand":0,"DemandMax":1,"Value":2475},{"Length":30,"Height":32,"Demand":0,"DemandMax":1,"Value":2880},{"Length":34,"Height":34,"Demand":0,"DemandMax":1,"Value":2312},{"Length":41,"Height":45,"Demand":0,"DemandMax":1,"Value":3690},{"Length":2,"Height":10,"Demand":0,"DemandMax":1,"Value":60},{"Length":39,"Height":3,"Demand":0,"DemandMax":1,"Value":351},{"Length":20,"Height":88,"Demand":0,"DemandMax":1,"Value":5280},{"Length":37,"Height":12,"Demand":0,"DemandMax":1,"Value":888},{"Length":33,"Height":4,"Demand":0,"DemandMax":1,"Value":396},{"Length":9,"Height":11,"Demand":0,"DemandMax":1,"Value":99},{"Length":83,"Height":28,"Demand":0,"DemandMax":1,"Value":6972},{"Length":10,"Height":44,"Demand":0,"DemandMax":1,"Value":440},{"Length":87,"Height":45,"Demand":0,"DemandMax":1,"Value":3915},{"Length":76,"Height":50,"Demand":0,"DemandMax":1,"Value":7600},{"Length":35,"Height":5,"Demand":0,"DemandMax":1,"Value":175},{"Length":49,"Height":14,"Demand":0,"DemandMax":1,"Value":686},{"Length":34,"Height":8,"Demand":0,"DemandMax":1,"Value":272},{"Length":4,"Height":14,"Demand":0,"DemandMax":1,"Value":56},{"Length":3,"Height":24,"Demand":0,"DemandMax":1,"Value":216},{"Length":14,"Height":18,"Demand":0,"DemandMax":1,"Value":756},{"Length":40,"Height":39,"Demand":0,"DemandMax":1,"Value":4680},{"Length":28,"Height":41,"Demand":0,"DemandMax":1,"Value":3444},{"Length":93,"Height":16,"Demand":0,"DemandMax":1,"Value":2976},{"Length":10,"Height":6,"Demand":0,"DemandMax":1,"Value":180},{"Length":81,"Height":74,"Demand":0,"DemandMax":1,"Value":5994},{"Length":61,"Height":61,"Demand":0,"DemandMax":1,"Value":3721},{"Length":92,"Height":5,"Demand":0,"DemandMax":1,"Value":460},{"Length":41,"Height":94,"Demand":0,"DemandMax":1,"Value":3854},{"Length":28,"Height":99,"Demand":0,"DemandMax":1,"Value":8316},{"Length":41,"Height":78,"Demand":0,"DemandMax":1,"Value":3198},{"Length":9,"Height":28,"Demand":0,"DemandMax":1,"Value":504},{"Length":20,"Height":99,"Demand":0,"DemandMax":1,"Value":3960},{"Length":100,"Height":65,"Demand":0,"DemandMax":1,"Value":6500},{"Length":88,"Height":19,"Demand":0,"DemandMax":1,"Value":1672},{"Length":42,"Height":42,"Demand":0,"DemandMax":1,"Value":3528},{"Length":38,"Height":79,"Demand":0,"DemandMax":1,"Value":3002},{"Length":43,"Height":17,"Demand":0,"DemandMax":1,"Value":731},{"Length":79,"Height":27,"Demand":0,"DemandMax":1,"Value":4266},{"Length":50,"Height":95,"Demand":0,"DemandMax":1,"Value":9500},{"Length":4,"Height":96,"Demand":0,"DemandMax":1,"Value":384},{"Length":97,"Height":98,"Demand":0,"DemandMax":1,"Value":9506},{"Length":42,"Height":77,"Demand":0,"DemandMax":1,"Value":6468},{"Length":85,"Height":41,"Demand":0,"DemandMax":1,"Value":3485},{"Length":46,"Height":6,"Demand":0,"DemandMax":1,"Value":828},{"Length":49,"Height":81,"Demand":0,"DemandMax":1,"Value":3969},{"Length":91,"Height":60,"Demand":0,"DemandMax":1,"Value":5460},{"Length":87,"Height":8,"Demand":0,"DemandMax":1,"Value":1392},{"Length":93,"Height":27,"Demand":0,"DemandMax":1,"Value":5022},{"Length":47,"Height":42,"Demand":0,"DemandMax":1,"Value":1974},{"Length":32,"Height":97,"Demand":0,"DemandMax":1,"Value":9312},{"Length":56,"Height":98,"Demand":0,"DemandMax":1,"Value":5488},{"Length":14,"Height":5,"Demand":0,"DemandMax":1,"Value":140},{"Length":6,"Height":93,"Demand":0,"DemandMax":1,"Value":558},{"Length":22,"Height":100,"Demand":0,"DemandMax":1,"Value":4400},{"Length":32,"Height":7,"Demand":0,"DemandMax":1,"Value":224},{"Length":50,"Height":99,"Demand":0,"DemandMax":1,"Value":4950},{"Length":21,"Height":87,"Demand":0,"DemandMax":1,"Value":3654},{"Length":91,"Height":24,"Demand":0,"DemandMax":1,"Value":4368},{"Length":85,"Height":52,"Demand":0,"DemandMax":1,"Value":8840},{"Length":50,"Height":100,"Demand":0,"DemandMax":1,"Value":15000},{"Length":4,"Height":46,"Demand":0,"DemandMax":1,"Value":368},{"Length":91,"Height":52,"Demand":0,"DemandMax":1,"Value":14196},{"Length":94,"Height":8,"Demand":0,"DemandMax":1,"Value":2256},{"Length":81,"Height":65,"Demand":0,"DemandMax":1,"Value":10530},{"Length":22,"Height":13,"Demand":0,"DemandMax":1,"Value":286},{"Length":25,"Height":39,"Demand":0,"DemandMax":1,"Value":1950},{"Length":49,"Height":92,"Demand":0,"DemandMax":1,"Value":13524},{"Length":63,"Height":96,"Demand":0,"DemandMax":1,"Value":12096},{"Length":87,"Height":87,"Demand":0,"DemandMax":1,"Value":7569},{"Length":53,"Height":57,"Demand":0,"DemandMax":1,"Value":6042},{"Length":16,"Height":98,"Demand":0,"DemandMax":1,"Value":1568},{"Length":23,"Height":44,"Demand":0,"DemandMax":1,"Value":3036},{"Length":29,"Height":18,"Demand":0,"DemandMax":1,"Value":1044},{"Length":90,"Height":54,"Demand":0,"DemandMax":1,"Value":4860},{"Length":84,"Height":16,"Demand":0,"DemandMax":1,"Value":1344},{"Length":84,"Height":35,"Demand":0,"DemandMax":1,"Value":2940},{"Length":18,"Height":19,"Demand":0,"DemandMax":1,"Value":342},{"Length":96,"Height":54,"Demand":0,"DemandMax":1,"Value":15552},{"Length":89,"Height":35,"Demand":0,"DemandMax":1,"Value":9345},{"Length":86,"Height":46,"Demand":0,"DemandMax":1,"Value":3956},{"Length":45,"Height":83,"Demand":0,"DemandMax":2,"Value":11205},{"Length":96,"Height":86,"Demand":0,"DemandMax":1,"Value":24768},{"Length":2,"Height":79,"Demand":0,"DemandMax":1,"Value":474},{"Length":25,"Height":31,"Demand":0,"DemandMax":1,"Value":1550},{"Length":29,"Height":16,"Demand":0,"DemandMax":1,"Value":464},{"Length":42,"Height":95,"Demand":0,"DemandMax":1,"Value":11970},{"Length":100,"Height":50,"Demand":0,"DemandMax":1,"Value":15000},{"Length":80,"Height":72,"Demand":0,"DemandMax":1,"Value":11520},{"Length":47,"Height":23,"Demand":0,"DemandMax":1,"Value":3243},{"Length":4,"Height":88,"Demand":0,"DemandMax":1,"Value":352},{"Length":23,"Height":76,"Demand":0,"DemandMax":1,"Value":1748},{"Length":5,"Height":37,"Demand":0,"DemandMax":1,"Value":555},{"Length":86,"Height":59,"Demand":0,"DemandMax":1,"Value":10148},{"Length":16,"Height":50,"Demand":0,"DemandMax":1,"Value":1600},{"Length":46,"Height":79,"Demand":0,"DemandMax":2,"Value":10902},{"Length":76,"Height":4,"Demand":0,"DemandMax":1,"Value":912},{"Length":9,"Height":31,"Demand":0,"DemandMax":1,"Value":558},{"Length":80,"Height":13,"Demand":0,"DemandMax":1,"Value":1040},{"Length":17,"Height":80,"Demand":0,"DemandMax":1,"Value":1360},{"Length":76,"Height":14,"Demand":0,"DemandMax":1,"Value":2128},{"Length":3,"Height":34,"Demand":0,"DemandMax":1,"Value":306},{"Length":80,"Height":79,"Demand":0,"DemandMax":1,"Value":18960},{"Length":14,"Height":41,"Demand":0,"DemandMax":1,"Value":574},{"Length":6,"Height":9,"Demand":0,"DemandMax":1,"Value":162},{"Length":100,"Height":72,"Demand":0,"DemandMax":1,"Value":7200},{"Length":91,"Height":22,"Demand":0,"DemandMax":1,"Value":4004},{"Length":35,"Height":2,"Demand":0,"DemandMax":1,"Value":70},{"Length":51,"Height":74,"Demand":0,"DemandMax":1,"Value":7548},{"Length":93,"Height":50,"Demand":0,"DemandMax":1,"Value":9300},{"Length":21,"Height":24,"Demand":0,"DemandMax":1,"Value":1512},{"Length":9,"Height":79,"Demand":0,"DemandMax":1,"Value":711},{"Length":12,"Height":28,"Demand":0,"DemandMax":1,"Value":336},{"Length":89,"Height":32,"Demand":0,"DemandMax":1,"Value":8544},{"Length":50,"Height":85,"Demand":0,"DemandMax":1,"Value":12750},{"Length":35,"Height":26,"Demand":0,"DemandMax":1,"Value":2730},{"Length":96,"Height":4,"Demand":0,"DemandMax":1,"Value":384},{"Length":20,"Height":32,"Demand":0,"DemandMax":1,"Value":640},{"Length":83,"Height":14,"Demand":0,"DemandMax":1,"Value":1162},{"Length":41,"Height":12,"Demand":0,"DemandMax":1,"Value":492},{"Length":15,"Height":27,"Demand":0,"DemandMax":1,"Value":405},{"Length":100,"Height":24,"Demand":0,"DemandMax":1,"Value":2400},{"Length":29,"Height":34,"Demand":0,"DemandMax":1,"Value":986},{"Length":98,"Height":86,"Demand":0,"DemandMax":1,"Value":8428},{"Length":57,"Height":79,"Demand":0,"DemandMax":1,"Value":9006},{"Length":83,"Height":49,"Demand":0,"DemandMax":1,"Value":12201},{"Length":24,"Height":94,"Demand":0,"DemandMax":1,"Value":2256},{"Length":90,"Height":88,"Demand":0,"DemandMax":1,"Value":15840},{"Length":10,"Height":24,"Demand":0,"DemandMax":1,"Value":720},{"Length":62,"Height":92,"Demand":0,"DemandMax":1,"Value":11408},{"Length":86,"Height":8,"Demand":0,"DemandMax":1,"Value":2064},{"Length":23,"Height":8,"Demand":0,"DemandMax":1,"Value":184},{"Length":29,"Height":27,"Demand":0,"DemandMax":1,"Value":2349},{"Length":38,"Height":80,"Demand":0,"DemandMax":1,"Value":3040},{"Length":71,"Height":89,"Demand":0,"DemandMax":1,"Value":12638},{"Length":25,"Height":99,"Demand":0,"DemandMax":1,"Value":7425},{"Length":9,"Height":13,"Demand":0,"DemandMax":1,"Value":117},{"Length":49,"Height":21,"Demand":0,"DemandMax":1,"Value":3087},{"Length":29,"Height":39,"Demand":0,"DemandMax":1,"Value":1131},{"Length":99,"Height":52,"Demand":0,"DemandMax":1,"Value":15444},{"Length":89,"Height":89,"Demand":0,"DemandMax":1,"Value":15842},{"Length":14,"Height":4,"Demand":0,"DemandMax":1,"Value":168},{"Length":41,"Height":29,"Demand":0,"DemandMax":1,"Value":2378},{"Length":40,"Height":37,"Demand":0,"DemandMax":1,"Value":1480},{"Length":12,"Height":2,"Demand":0,"DemandMax":1,"Value":72},{"Length":16,"Height":23,"Demand":0,"DemandMax":1,"Value":736},{"Length":87,"Height":40,"Demand":0,"DemandMax":1,"Value":6960},{"Length":8,"Height":96,"Demand":0,"DemandMax":1,"Value":1536},{"Length":31,"Height":29,"Demand":0,"DemandMax":1,"Value":2697},{"Length":89,"Height":20,"Demand":0,"DemandMax":1,"Value":5340},{"Length":40,"Height":7,"Demand":0,"DemandMax":1,"Value":560},{"Length":28,"Height":12,"Demand":0,"DemandMax":1,"Value":1008},{"Length":22,"Height":7,"Demand":0,"DemandMax":1,"Value":154},{"Length":43,"Height":50,"Demand":0,"DemandMax":1,"Value":2150},{"Length":61,"Height":79,"Demand":0,"DemandMax":1,"Value":14457},{"Length":46,"Height":41,"Demand":0,"DemandMax":1,"Value":1886},{"Length":41,"Height":12,"Demand":0,"DemandMax":1,"Value":1476},{"Length":26,"Height":34,"Demand":0,"DemandMax":1,"Value":2652},{"Length":85,"Height":11,"Demand":0,"DemandMax":1,"Value":935},{"Length":81,"Height":60,"Demand":0,"DemandMax":1,"Value":9720},{"Length":32,"Height":15,"Demand":0,"DemandMax":1,"Value":960},{"Length":42,"Height":14,"Demand":0,"DemandMax":1,"Value":1764},{"Length":82,"Height":89,"Demand":0,"DemandMax":1,"Value":14596},{"Length":15,"Height":6,"Demand":0,"DemandMax":1,"Value":180},{"Length":66,"Height":94,"Demand":0,"DemandMax":1,"Value":18612},{"Length":50,"Height":15,"Demand":0,"DemandMax":1,"Value":750},{"Length":28,"Height":42,"Demand":0,"DemandMax":1,"Value":1176},{"Length":92,"Height":64,"Demand":0,"DemandMax":1,"Value":5888},{"Length":89,"Height":78,"Demand":0,"DemandMax":1,"Value":6942},{"Length":8,"Height":27,"Demand":0,"DemandMax":1,"Value":432},{"Length":91,"Height":11,"Demand":0,"DemandMax":1,"Value":1001},{"Length":20,"Height":8,"Demand":0,"DemandMax":1,"Value":160},{"Length":34,"Height":96,"Demand":0,"DemandMax":1,"Value":9792},{"Length":59,"Height":82,"Demand":0,"DemandMax":1,"Value":4838},{"Length":49,"Height":29,"Demand":0,"DemandMax":1,"Value":2842},{"Length":62,"Height":68,"Demand":0,"DemandMax":1,"Value":4216},{"Length":27,"Height":86,"Demand":0,"DemandMax":1,"Value":6966},{"Length":42,"Height":11,"Demand":0,"DemandMax":1,"Value":924},{"Length":34,"Height":17,"Demand":0,"DemandMax":1,"Value":1156},{"Length":42,"Height":33,"Demand":0,"DemandMax":1,"Value":4158},{"Length":2,"Height":95,"Demand":0,"DemandMax":1,"Value":190},{"Length":100,"Height":58,"Demand":0,"DemandMax":1,"Value":5800},{"Length":11,"Height":91,"Demand":0,"DemandMax":1,"Value":1001},{"Length":26,"Height":94,"Demand":0,"DemandMax":1,"Value":4888},{"Length":28,"Height":30,"Demand":0,"DemandMax":1,"Value":2520},{"Length":90,"Height":16,"Demand":0,"DemandMax":1,"Value":2880},{"Length":34,"Height":28,"Demand":0,"DemandMax":1,"Value":2856},{"Length":42,"Height":29,"Demand":0,"DemandMax":1,"Value":1218},{"Length":4,"Height":40,"Demand":0,"DemandMax":1,"Value":160},{"Length":25,"Height":12,"Demand":0,"DemandMax":1,"Value":600},{"Length":4,"Height":15,"Demand":0,"DemandMax":1,"Value":60},{"Length":85,"Height":3,"Demand":0,"DemandMax":1,"Value":255},{"Length":31,"Height":37,"Demand":0,"DemandMax":1,"Value":2294},{"Length":81,"Height":51,"Demand":0,"DemandMax":2,"Value":8262},{"Length":41,"Height":20,"Demand":0,"DemandMax":1,"Value":820},{"Length":15,"Height":25,"Demand":0,"DemandMax":1,"Value":750},{"Length":2,"Height":43,"Demand":0,"DemandMax":1,"Value":258},{"Length":94,"Height":7,"Demand":0,"DemandMax":1,"Value":1974},{"Length":91,"Height":62,"Demand":0,"DemandMax":1,"Value":5642},{"Length":41,"Height":84,"Demand":0,"DemandMax":1,"Value":6888},{"Length":28,"Height":24,"Demand":0,"DemandMax":1,"Value":2016},{"Length":8,"Height":86,"Demand":0,"DemandMax":1,"Value":2064},{"Length":96,"Height":47,"Demand":0,"DemandMax":1,"Value":13536},{"Length":57,"Height":94,"Demand":0,"DemandMax":1,"Value":5358},{"Length":79,"Height":7,"Demand":0,"DemandMax":1,"Value":1106},{"Length":16,"Height":39,"Demand":0,"DemandMax":1,"Value":624},{"Length":43,"Height":3,"Demand":0,"DemandMax":1,"Value":387},{"Length":47,"Height":89,"Demand":0,"DemandMax":1,"Value":8366},{"Length":35,"Height":44,"Demand":0,"DemandMax":1,"Value":1540},{"Length":23,"Height":21,"Demand":0,"DemandMax":1,"Value":1449},{"Length":50,"Height":82,"Demand":0,"DemandMax":1,"Value":12300},{"Length":16,"Height":48,"Demand":0,"DemandMax":1,"Value":2304},{"Length":79,"Height":41,"Demand":0,"DemandMax":1,"Value":6478},{"Length":46,"Height":99,"Demand":0,"DemandMax":1,"Value":9108},{"Length":42,"Height":13,"Demand":0,"DemandMax":1,"Value":1638},{"Length":36,"Height":84,"Demand":0,"DemandMax":1,"Value":3024},{"Length":2,"Height":21,"Demand":0,"DemandMax":1,"Value":126},{"Length":10,"Height":85,"Demand":0,"DemandMax":1,"Value":1700},{"Length":72,"Height":69,"Demand":0,"DemandMax":1,"Value":9936},{"Length":84,"Height":48,"Demand":0,"DemandMax":1,"Value":8064},{"Length":19,"Height":32,"Demand":0,"DemandMax":1,"Value":1216},{"Length":82,"Height":2,"Demand":0,"DemandMax":1,"Value":164},{"Length":57,"Height":52,"Demand":0,"DemandMax":1,"Value":2964},{"Length":60,"Height":63,"Demand":0,"DemandMax":1,"Value":7560},{"Length":24,"Height":38,"Demand":0,"DemandMax":1,"Value":2736},{"Length":14,"Height":76,"Demand":0,"DemandMax":1,"Value":1064},{"Length":14,"Height":96,"Demand":0,"DemandMax":1,"Value":4032},{"Length":52,"Height":87,"Demand":0,"DemandMax":1,"Value":9048},{"Length":20,"Height":37,"Demand":0,"DemandMax":1,"Value":740},{"Length":93,"Height":14,"Demand":0,"DemandMax":1,"Value":3906},{"Length":27,"Height":12,"Demand":0,"DemandMax":1,"Value":972},{"Length":55,"Height":97,"Demand":0,"DemandMax":1,"Value":10670},{"Length":97,"Height":68,"Demand":0,"DemandMax":1,"Value":13192},{"Length":3,"Height":6,"Demand":0,"DemandMax":1,"Value":54},{"Length":14,"Height":89,"Demand":0,"DemandMax":2,"Value":1246},{"Length":99,"Height":83,"Demand":0,"DemandMax":1,"Value":8217},{"Length":20,"Height":24,"Demand":0,"DemandMax":1,"Value":480},{"Length":6,"Height":27,"Demand":0,"DemandMax":1,"Value":486},{"Length":80,"Height":33,"Demand":0,"DemandMax":1,"Value":2640},{"Length":11,"Height":47,"Demand":0,"DemandMax":1,"Value":517},{"Length":21,"Height":34,"Demand":0,"DemandMax":2,"Value":714},{"Length":13,"Height":46,"Demand":0,"DemandMax":2,"Value":1196},{"Length":29,"Height":83,"Demand":0,"DemandMax":1,"Value":4814},{"Length":50,"Height":20,"Demand":0,"DemandMax":1,"Value":2000},{"Length":44,"Height":97,"Demand":0,"DemandMax":1,"Value":8536},{"Length":81,"Height":27,"Demand":0,"DemandMax":1,"Value":4374},{"Length":98,"Height":15,"Demand":0,"DemandMax":1,"Value":2940},{"Length":78,"Height":97,"Demand":0,"DemandMax":1,"Value":15132},{"Length":4,"Height":28,"Demand":0,"DemandMax":1,"Value":112},{"Length":80,"Height":23,"Demand":0,"DemandMax":1,"Value":1840},{"Length":75,"Height":83,"Demand":0,"DemandMax":2,"Value":6225},{"Length":59,"Height":80,"Demand":0,"DemandMax":1,"Value":4720},{"Length":74,"Height":98,"Demand":0,"DemandMax":1,"Value":21756},{"Length":2,"Height":95,"Demand":0,"DemandMax":1,"Value":380},{"Length":27,"Height":35,"Demand":0,"DemandMax":1,"Value":945},{"Length":24,"Height":80,"Demand":0,"DemandMax":1,"Value":1920},{"Length":79,"Height":49,"Demand":0,"DemandMax":1,"Value":3871},{"Length":29,"Height":44,"Demand":0,"DemandMax":1,"Value":2552},{"Length":7,"Height":8,"Demand":0,"DemandMax":1,"Value":112},{"Length":90,"Height":36,"Demand":0,"DemandMax":1,"Value":3240},{"Length":76,"Height":6,"Demand":0,"DemandMax":1,"Value":456},{"Length":24,"Height":37,"Demand":0,"DemandMax":1,"Value":2664},{"Length":13,"Height":24,"Demand":0,"DemandMax":1,"Value":624},{"Length":40,"Height":22,"Demand":0,"DemandMax":1,"Value":1760},{"Length":88,"Height":42,"Demand":0,"DemandMax":1,"Value":3696},{"Length":78,"Height":93,"Demand":0,"DemandMax":1,"Value":21762},{"Length":29,"Height":4,"Demand":0,"DemandMax":1,"Value":116},{"Length":90,"Height":74,"Demand":0,"DemandMax":1,"Value":13320},{"Length":88,"Height":56,"Demand":0,"DemandMax":1,"Value":9856},{"Length":82,"Height":49,"Demand":0,"DemandMax":1,"Value":8036},{"Length":25,"Height":26,"Demand":0,"DemandMax":1,"Value":1950},{"Length":13,"Height":11,"Demand":0,"DemandMax":1,"Value":429},{"Length":22,"Height":28,"Demand":0,"DemandMax":1,"Value":616},{"Length":8,"Height":43,"Demand":0,"DemandMax":1,"Value":688},{"Length":12,"Height":17,"Demand":0,"DemandMax":1,"Value":204},{"Length":13,"Height":86,"Demand":0,"DemandMax":1,"Value":1118},{"Length":23,"Height":99,"Demand":0,"DemandMax":1,"Value":2277},{"Length":89,"Height":3,"Demand":0,"DemandMax":1,"Value":267},{"Length":13,"Height":91,"Demand":0,"DemandMax":1,"Value":2366},{"Length":92,"Height":35,"Demand":0,"DemandMax":1,"Value":3220},{"Length":97,"Height":48,"Demand":0,"DemandMax":1,"Value":4656},{"Length":33,"Height":38,"Demand":0,"DemandMax":1,"Value":2508},{"Length":2,"Height":89,"Demand":0,"DemandMax":1,"Value":178},{"Length":77,"Height":73,"Demand":0,"DemandMax":1,"Value":11242},{"Length":72,"Height":89,"Demand":0,"DemandMax":1,"Value":12816},{"Length":27,"Height":10,"Demand":0,"DemandMax":1,"Value":540},{"Length":25,"Height":50,"Demand":0,"DemandMax":1,"Value":3750},{"Length":40,"Height":4,"Demand":0,"DemandMax":1,"Value":480},{"Length":7,"Height":98,"Demand":0,"DemandMax":1,"Value":686},{"Length":73,"Height":64,"Demand":0,"DemandMax":1,"Value":4672},{"Length":47,"Height":81,"Demand":0,"DemandMax":1,"Value":7614},{"Length":63,"Height":97,"Demand":0,"DemandMax":1,"Value":6111},{"Length":6,"Height":76,"Demand":0,"DemandMax":1,"Value":1368},{"Length":77,"Height":98,"Demand":0,"DemandMax":1,"Value":22638},{"Length":27,"Height":16,"Demand":0,"DemandMax":1,"Value":864},{"Length":11,"Height":20,"Demand":0,"DemandMax":1,"Value":220},{"Length":48,"Height":25,"Demand":0,"DemandMax":1,"Value":1200},{"Length":83,"Height":89,"Demand":0,"DemandMax":1,"Value":7387},{"Length":94,"Height":89,"Demand":0,"DemandMax":1,"Value":8366},{"Length":65,"Height":78,"Demand":0,"DemandMax":1,"Value":10140},{"Length":25,"Height":79,"Demand":0,"DemandMax":1,"Value":3950},{"Length":90,"Height":50,"Demand":0,"DemandMax":1,"Value":13500},{"Length":23,"Height":25,"Demand":0,"DemandMax":1,"Value":575},{"Length":3,"Height":41,"Demand":0,"DemandMax":1,"Value":369},{"Length":70,"Height":75,"Demand":0,"DemandMax":1,"Value":5250},{"Length":81,"Height":45,"Demand":0,"DemandMax":1,"Value":7290},{"Length":10,"Height":43,"Demand":0,"DemandMax":1,"Value":860},{"Length":34,"Height":12,"Demand":0,"DemandMax":1,"Value":408},{"Length":58,"Height":82,"Demand":0,"DemandMax":1,"Value":9512},{"Length":24,"Height":20,"Demand":0,"DemandMax":1,"Value":480},{"Length":23,"Height":87,"Demand":0,"DemandMax":1,"Value":2001},{"Length":32,"Height":76,"Demand":0,"DemandMax":1,"Value":7296},{"Length":19,"Height":2,"Demand":0,"DemandMax":1,"Value":114},{"Length":85,"Height":95,"Demand":0,"DemandMax":1,"Value":16150},{"Length":49,"Height":41,"Demand":0,"DemandMax":1,"Value":4018},{"Length":9,"Height":2,"Demand":0,"DemandMax":1,"Value":54},{"Length":23,"Height":42,"Demand":0,"DemandMax":1,"Value":966},{"Length":36,"Height":2,"Demand":0,"DemandMax":1,"Value":216},{"Length":52,"Height":58,"Demand":0,"DemandMax":1,"Value":9048},{"Length":12,"Height":34,"Demand":0,"DemandMax":1,"Value":408},{"Length":12,"Height":8,"Demand":0,"DemandMax":1,"Value":96},{"Length":87,"Height":18,"Demand":0,"DemandMax":1,"Value":4698},{"Length":85,"Height":25,"Demand":0,"DemandMax":1,"Value":4250},{"Length":2,"Height":17,"Demand":0,"DemandMax":1,"Value":102},{"Length":30,"Height":3,"Demand":0,"DemandMax":1,"Value":180},{"Length":63,"Height":95,"Demand":0,"DemandMax":1,"Value":17955},{"Length":49,"Height":26,"Demand":0,"DemandMax":1,"Value":3822},{"Length":16,"Height":14,"Demand":0,"DemandMax":1,"Value":672},{"Length":27,"Height":22,"Demand":0,"DemandMax":1,"Value":1782},{"Length":98,"Height":33,"Demand":0,"DemandMax":1,"Value":6468},{"Length":28,"Height":88,"Demand":0,"DemandMax":1,"Value":2464},{"Length":95,"Height":65,"Demand":0,"DemandMax":1,"Value":6175},{"Length":48,"Height":88,"Demand":0,"DemandMax":1,"Value":12672},{"Length":31,"Height":46,"Demand":0,"DemandMax":1,"Value":4278},{"Length":48,"Height":49,"Demand":0,"DemandMax":1,"Value":7056},{"Length":77,"Height":23,"Demand":0,"DemandMax":1,"Value":1771},{"Length":21,"Height":19,"Demand":0,"DemandMax":1,"Value":798},{"Length":21,"Height":99,"Demand":0,"DemandMax":1,"Value":2079},{"Length":78,"Height":96,"Demand":0,"DemandMax":1,"Value":22464},{"Length":20,"Height":21,"Demand":0,"DemandMax":1,"Value":840},{"Length":13,"Height":39,"Demand":0,"DemandMax":1,"Value":507},{"Length":99,"Height":91,"Demand":0,"DemandMax":1,"Value":9009},{"Length":13,"Height":14,"Demand":0,"DemandMax":1,"Value":182},{"Length":93,"Height":67,"Demand":0,"DemandMax":1,"Value":6231},{"Length":16,"Height":30,"Demand":0,"DemandMax":1,"Value":1440},{"Length":4,"Height":16,"Demand":0,"DemandMax":1,"Value":64},{"Length":70,"Height":78,"Demand":0,"DemandMax":1,"Value":5460},{"Length":11,"Height":8,"Demand":0,"DemandMax":1,"Value":88},{"Length":60,"Height":78,"Demand":0,"DemandMax":1,"Value":4680},{"Length":80,"Height":61,"Demand":0,"DemandMax":1,"Value":14640},{"Length":15,"Height":37,"Demand":0,"DemandMax":1,"Value":1665},{"Length":46,"Height":77,"Demand":0,"DemandMax":1,"Value":7084},{"Length":44,"Height":48,"Demand":0,"DemandMax":1,"Value":2112},{"Length":100,"Height":88,"Demand":0,"DemandMax":1,"Value":17600},{"Length":96,"Height":19,"Demand":0,"DemandMax":1,"Value":1824},{"Length":16,"Height":25,"Demand":0,"DemandMax":1,"Value":400},{"Length":22,"Height":16,"Demand":0,"DemandMax":1,"Value":1056},{"Length":44,"Height":91,"Demand":0,"DemandMax":1,"Value":4004},{"Length":35,"Height":29,"Demand":0,"DemandMax":1,"Value":3045},{"Length":17,"Height":97,"Demand":0,"DemandMax":1,"Value":1649},{"Length":9,"Height":77,"Demand":0,"DemandMax":1,"Value":693},{"Length":79,"Height":90,"Demand":0,"DemandMax":1,"Value":21330},{"Length":15,"Height":5,"Demand":0,"DemandMax":1,"Value":225},{"Length":87,"Height":41,"Demand":0,"DemandMax":1,"Value":3567},{"Length":44,"Height":23,"Demand":0,"DemandMax":1,"Value":3036},{"Length":39,"Height":17,"Demand":0,"DemandMax":1,"Value":1989},{"Length":79,"Height":30,"Demand":0,"DemandMax":1,"Value":4740},{"Length":93,"Height":92,"Demand":0,"DemandMax":1,"Value":25668},{"Length":16,"Height":21,"Demand":0,"DemandMax":1,"Value":672},{"Length":85,"Height":58,"Demand":0,"DemandMax":1,"Value":4930},{"Length":7,"Height":39,"Demand":0,"DemandMax":1,"Value":819},{"Length":37,"Height":44,"Demand":0,"DemandMax":1,"Value":1628},{"Length":100,"Height":14,"Demand":0,"DemandMax":1,"Value":4200},{"Length":29,"Height":14,"Demand":0,"DemandMax":1,"Value":1218},{"Length":16,"Height":78,"Demand":0,"DemandMax":1,"Value":3744},{"Length":27,"Height":88,"Demand":0,"DemandMax":1,"Value":7128},{"Length":100,"Height":51,"Demand":0,"DemandMax":1,"Value":10200},{"Length":44,"Height":24,"Demand":0,"DemandMax":1,"Value":2112},{"Length":88,"Height":10,"Demand":0,"DemandMax":1,"Value":2640},{"Length":15,"Height":78,"Demand":0,"DemandMax":1,"Value":2340},{"Length":15,"Height":33,"Demand":0,"DemandMax":1,"Value":495},{"Length":89,"Height":7,"Demand":0,"DemandMax":1,"Value":623},{"Length":24,"Height":40,"Demand":0,"DemandMax":1,"Value":2880},{"Length":90,"Height":96,"Demand":0,"DemandMax":1,"Value":17280},{"Length":80,"Height":90,"Demand":0,"DemandMax":1,"Value":21600},{"Length":96,"Height":43,"Demand":0,"DemandMax":1,"Value":8256},{"Length":19,"Height":8,"Demand":0,"DemandMax":1,"Value":152},{"Length":34,"Height":42,"Demand":0,"DemandMax":1,"Value":2856},{"Length":7,"Height":32,"Demand":0,"DemandMax":1,"Value":224},{"Length":57,"Height":76,"Demand":0,"DemandMax":1,"Value":4332},{"Length":31,"Height":18,"Demand":0,"DemandMax":1,"Value":1674},{"Length":65,"Height":97,"Demand":0,"DemandMax":1,"Value":18915},{"Length":44,"Height":87,"Demand":0,"DemandMax":1,"Value":11484},{"Length":76,"Height":40,"Demand":0,"DemandMax":1,"Value":9120},{"Length":9,"Height":97,"Demand":0,"DemandMax":2,"Value":1746},{"Length":19,"Height":43,"Demand":0,"DemandMax":1,"Value":817},{"Length":11,"Height":10,"Demand":0,"DemandMax":1,"Value":110},{"Length":88,"Height":8,"Demand":0,"DemandMax":1,"Value":1408},{"Length":44,"Height":95,"Demand":0,"DemandMax":1,"Value":8360},{"Length":92,"Height":30,"Demand":0,"DemandMax":1,"Value":2760},{"Length":20,"Height":88,"Demand":0,"DemandMax":1,"Value":1760},{"Length":58,"Height":71,"Demand":0,"DemandMax":1,"Value":8236},{"Length":10,"Height":36,"Demand":0,"DemandMax":1,"Value":720},{"Length":8,"Height":9,"Demand":0,"DemandMax":1,"Value":216},{"Length":80,"Height":81,"Demand":0,"DemandMax":1,"Value":19440},{"Length":88,"Height":26,"Demand":0,"DemandMax":1,"Value":4576},{"Length":90,"Height":43,"Demand":0,"DemandMax":1,"Value":7740},{"Length":30,"Height":44,"Demand":0,"DemandMax":1,"Value":1320},{"Length":3,"Height":79,"Demand":0,"DemandMax":1,"Value":474},{"Length":28,"Height":8,"Demand":0,"DemandMax":1,"Value":224},{"Length":47,"Height":31,"Demand":0,"DemandMax":1,"Value":1457},{"Length":25,"Height":23,"Demand":0,"DemandMax":1,"Value":1150},{"Length":48,"Height":15,"Demand":0,"DemandMax":1,"Value":2160},{"Length":90,"Height":28,"Demand":0,"DemandMax":1,"Value":7560},{"Length":86,"Height":22,"Demand":0,"DemandMax":1,"Value":3784},{"Length":42,"Height":18,"Demand":0,"DemandMax":1,"Value":1512},{"Length":9,"Height":32,"Demand":0,"DemandMax":1,"Value":576},{"Length":3,"Height":5,"Demand":0,"DemandMax":1,"Value":15},{"Length":79,"Height":87,"Demand":0,"DemandMax":1,"Value":6873},{"Length":86,"Height":26,"Demand":0,"DemandMax":1,"Value":2236},{"Length":2,"Height":77,"Demand":0,"DemandMax":1,"Value":308},{"Length":40,"Height":19,"Demand":0,"DemandMax":1,"Value":1520},{"Length":19,"Height":25,"Demand":0,"DemandMax":1,"Value":475},{"Length":2,"Height":9,"Demand":0,"DemandMax":1,"Value":54},{"Length":36,"Height":98,"Demand":0,"DemandMax":1,"Value":10584},{"Length":45,"Height":44,"Demand":0,"DemandMax":1,"Value":3960},{"Length":15,"Height":84,"Demand":0,"DemandMax":1,"Value":3780},{"Length":21,"Height":10,"Demand":0,"DemandMax":1,"Value":420},{"Length":85,"Height":43,"Demand":0,"DemandMax":1,"Value":7310},{"Length":21,"Height":28,"Demand":0,"DemandMax":1,"Value":588},{"Length":7,"Height":3,"Demand":0,"DemandMax":1,"Value":42},{"Length":20,"Height":12,"Demand":0,"DemandMax":1,"Value":240},{"Length":45,"Height":23,"Demand":0,"DemandMax":1,"Value":3105},{"Length":7,"Height":96,"Demand":0,"DemandMax":1,"Value":1344},{"Length":37,"Height":50,"Demand":0,"DemandMax":1,"Value":1850},{"Length":24,"Height":16,"Demand":0,"DemandMax":1,"Value":384},{"Length":86,"Height":28,"Demand":0,"DemandMax":1,"Value":2408},{"Length":9,"Height":92,"Demand":0,"DemandMax":1,"Value":828},{"Length":43,"Height":82,"Demand":0,"DemandMax":1,"Value":10578},{"Length":56,"Height":100,"Demand":0,"DemandMax":1,"Value":5600},{"Length":77,"Height":80,"Demand":0,"DemandMax":1,"Value":18480},{"Length":42,"Height":34,"Demand":0,"DemandMax":1,"Value":2856},{"Length":61,"Height":66,"Demand":0,"DemandMax":1,"Value":12078},{"Length":8,"Height":97,"Demand":0,"DemandMax":1,"Value":2328},{"Length":89,"Height":30,"Demand":0,"DemandMax":1,"Value":2670},{"Length":17,"Height":94,"Demand":0,"DemandMax":1,"Value":3196},{"Length":76,"Height":7,"Demand":0,"DemandMax":1,"Value":532},{"Length":90,"Height":44,"Demand":0,"DemandMax":1,"Value":11880},{"Length":22,"Height":92,"Demand":0,"DemandMax":1,"Value":4048},{"Length":49,"Height":91,"Demand":0,"DemandMax":1,"Value":13377},{"Length":3,"Height":90,"Demand":0,"DemandMax":1,"Value":270},{"Length":22,"Height":22,"Demand":0,"DemandMax":1,"Value":968},{"Length":44,"Height":16,"Demand":0,"DemandMax":1,"Value":2112},{"Length":48,"Height":100,"Demand":0,"DemandMax":1,"Value":14400},{"Length":91,"Height":34,"Demand":0,"DemandMax":1,"Value":3094},{"Length":46,"Height":9,"Demand":0,"DemandMax":1,"Value":414},{"Length":9,"Height":27,"Demand":0,"DemandMax":1,"Value":729},{"Length":30,"Height":46,"Demand":0,"DemandMax":2,"Value":4140},{"Length":64,"Height":69,"Demand":0,"DemandMax":1,"Value":13248},{"Length":21,"Height":23,"Demand":0,"DemandMax":1,"Value":1449},{"Length":71,"Height":91,"Demand":0,"DemandMax":1,"Value":19383},{"Length":23,"Height":5,"Demand":0,"DemandMax":1,"Value":115},{"Length":92,"Height":47,"Demand":0,"DemandMax":1,"Value":8648},{"Length":50,"Height":47,"Demand":0,"DemandMax":1,"Value":2350},{"Length":80,"Height":77,"Demand":0,"DemandMax":1,"Value":18480},{"Length":24,"Height":4,"Demand":0,"DemandMax":1,"Value":96},{"Length":8,"Height":10,"Demand":0,"DemandMax":1,"Value":80},{"Length":65,"Height":94,"Demand":0,"DemandMax":1,"Value":12220},{"Length":50,"Height":79,"Demand":0,"DemandMax":1,"Value":7900},{"Length":7,"Height":29,"Demand":0,"DemandMax":1,"Value":609},{"Length":34,"Height":3,"Demand":0,"DemandMax":1,"Value":204},{"Length":36,"Height":89,"Demand":0,"DemandMax":1,"Value":3204},{"Length":81,"Height":39,"Demand":0,"DemandMax":1,"Value":9477},{"Length":92,"Height":38,"Demand":0,"DemandMax":1,"Value":3496},{"Length":23,"Height":16,"Demand":0,"DemandMax":1,"Value":736},{"Length":17,"Height":82,"Demand":0,"DemandMax":1,"Value":4182},{"Length":73,"Height":71,"Demand":0,"DemandMax":1,"Value":5183},{"Length":78,"Height":39,"Demand":0,"DemandMax":1,"Value":9126},{"Length":68,"Height":65,"Demand":0,"DemandMax":1,"Value":4420},{"Length":32,"Height":45,"Demand":0,"DemandMax":1,"Value":2880},{"Length":34,"Height":89,"Demand":0,"DemandMax":1,"Value":3026},{"Length":16,"Height":22,"Demand":0,"DemandMax":1,"Value":1056},{"Length":12,"Height":12,"Demand":0,"DemandMax":1,"Value":144},{"Length":6,"Height":48,"Demand":0,"DemandMax":1,"Value":288},{"Length":9,"Height":95,"Demand":0,"DemandMax":1,"Value":2565},{"Length":45,"Height":83,"Demand":0,"DemandMax":1,"Value":3735},{"Length":86,"Height":99,"Demand":0,"DemandMax":1,"Value":25542},{"Length":80,"Height":7,"Demand":0,"DemandMax":1,"Value":560},{"Length":44,"Height":89,"Demand":0,"DemandMax":1,"Value":11748},{"Length":85,"Height":27,"Demand":0,"DemandMax":1,"Value":4590},{"Length":49,"Height":84,"Demand":0,"DemandMax":1,"Value":12348},{"Length":77,"Height":84,"Demand":0,"DemandMax":1,"Value":6468},{"Length":34,"Height":43,"Demand":0,"DemandMax":1,"Value":1462},{"Length":25,"Height":28,"Demand":0,"DemandMax":1,"Value":1400},{"Length":72,"Height":74,"Demand":0,"DemandMax":1,"Value":15984},{"Length":25,"Height":84,"Demand":0,"DemandMax":1,"Value":2100},{"Length":80,"Height":76,"Demand":0,"DemandMax":1,"Value":12160},{"Length":5,"Height":78,"Demand":0,"DemandMax":1,"Value":780},{"Length":44,"Height":89,"Demand":0,"DemandMax":1,"Value":3916},{"Length":96,"Height":36,"Demand":0,"DemandMax":1,"Value":6912},{"Length":21,"Height":28,"Demand":0,"DemandMax":1,"Value":1764},{"Length":81,"Height":51,"Demand":0,"DemandMax":1,"Value":12393},{"Length":70,"Height":94,"Demand":0,"DemandMax":1,"Value":19740},{"Length":73,"Height":56,"Demand":0,"DemandMax":1,"Value":8176},{"Length":87,"Height":60,"Demand":0,"DemandMax":1,"Value":15660},{"Length":48,"Height":14,"Demand":0,"DemandMax":1,"Value":1344},{"Length":23,"Height":17,"Demand":0,"DemandMax":1,"Value":391},{"Length":8,"Height":83,"Demand":0,"DemandMax":1,"Value":664},{"Length":13,"Height":50,"Demand":0,"DemandMax":1,"Value":1300},{"Length":7,"Height":76,"Demand":0,"DemandMax":1,"Value":532},{"Length":8,"Height":92,"Demand":0,"DemandMax":1,"Value":736},{"Length":89,"Height":31,"Demand":0,"DemandMax":1,"Value":5518},{"Length":33,"Height":99,"Demand":0,"DemandMax":1,"Value":6534},{"Length":50,"Height":33,"Demand":0,"DemandMax":1,"Value":4950},{"Length":95,"Height":32,"Demand":0,"DemandMax":1,"Value":6080},{"Length":48,"Height":49,"Demand":0,"DemandMax":1,"Value":4704},{"Length":45,"Height":9,"Demand":0,"DemandMax":1,"Value":1215},{"Length":62,"Height":86,"Demand":0,"DemandMax":1,"Value":5332},{"Length":54,"Height":92,"Demand":0,"DemandMax":1,"Value":9936},{"Length":46,"Height":97,"Demand":0,"DemandMax":1,"Value":4462},{"Length":43,"Height":32,"Demand":0,"DemandMax":1,"Value":4128},{"Length":19,"Height":15,"Demand":0,"DemandMax":1,"Value":285},{"Length":52,"Height":73,"Demand":0,"DemandMax":1,"Value":7592},{"Length":20,"Height":25,"Demand":0,"DemandMax":1,"Value":1000},{"Length":99,"Height":14,"Demand":0,"DemandMax":1,"Value":4158},{"Length":9,"Height":7,"Demand":0,"DemandMax":1,"Value":126},{"Length":32,"Height":14,"Demand":0,"DemandMax":1,"Value":448},{"Length":24,"Height":99,"Demand":0,"DemandMax":1,"Value":4752},{"Length":70,"Height":55,"Demand":0,"DemandMax":1,"Value":3850},{"Length":27,"Height":98,"Demand":0,"DemandMax":1,"Value":2646},{"Length":76,"Height":6,"Demand":0,"DemandMax":1,"Value":912},{"Length":8,"Height":34,"Demand":0,"DemandMax":1,"Value":544},{"Length":18,"Height":92,"Demand":0,"DemandMax":1,"Value":4968},{"Length":16,"Height":32,"Demand":0,"DemandMax":1,"Value":1024},{"Length":17,"Height":78,"Demand":0,"DemandMax":1,"Value":3978},{"Length":36,"Height":14,"Demand":0,"DemandMax":1,"Value":1008},{"Length":9,"Height":99,"Demand":0,"DemandMax":1,"Value":1782},{"Length":30,"Height":81,"Demand":0,"DemandMax":1,"Value":7290},{"Length":38,"Height":2,"Demand":0,"DemandMax":1,"Value":152},{"Length":98,"Height":71,"Demand":0,"DemandMax":1,"Value":13916},{"Length":98,"Height":72,"Demand":0,"DemandMax":1,"Value":7056},{"Length":14,"Height":45,"Demand":0,"DemandMax":1,"Value":1260},{"Length":90,"Height":61,"Demand":0,"DemandMax":1,"Value":10980},{"Length":30,"Height":2,"Demand":0,"DemandMax":1,"Value":120},{"Length":20,"Height":44,"Demand":0,"DemandMax":1,"Value":1760},{"Length":15,"Height":30,"Demand":0,"DemandMax":1,"Value":900},{"Length":88,"Height":4,"Demand":0,"DemandMax":1,"Value":704},{"Length":89,"Height":3,"Demand":0,"DemandMax":1,"Value":801},{"Length":34,"Height":15,"Demand":0,"DemandMax":1,"Value":1530},{"Length":5,"Height":36,"Demand":0,"DemandMax":1,"Value":360},{"Length":16,"Height":48,"Demand":0,"DemandMax":1,"Value":1536},{"Length":25,"Height":26,"Demand":0,"DemandMax":1,"Value":650},{"Length":59,"Height":66,"Demand":0,"DemandMax":1,"Value":11682},{"Length":82,"Height":77,"Demand":0,"DemandMax":1,"Value":18942},{"Length":24,"Height":4,"Demand":0,"DemandMax":1,"Value":288},{"Length":6,"Height":82,"Demand":0,"DemandMax":1,"Value":492},{"Length":2,"Height":82,"Demand":0,"DemandMax":1,"Value":328},{"Length":84,"Height":38,"Demand":0,"DemandMax":1,"Value":9576},{"Length":49,"Height":77,"Demand":0,"DemandMax":1,"Value":11319},{"Length":46,"Height":27,"Demand":0,"DemandMax":1,"Value":3726},{"Length":82,"Height":9,"Demand":0,"DemandMax":1,"Value":1476},{"Length":48,"Height":46,"Demand":0,"DemandMax":1,"Value":6624},{"Length":31,"Height":44,"Demand":0,"DemandMax":1,"Value":4092},{"Length":67,"Height":100,"Demand":0,"DemandMax":1,"Value":20100},{"Length":4,"Height":36,"Demand":0,"DemandMax":1,"Value":432},{"Length":84,"Height":97,"Demand":0,"DemandMax":1,"Value":8148},{"Length":98,"Height":94,"Demand":0,"DemandMax":1,"Value":27636},{"Length":56,"Height":56,"Demand":0,"DemandMax":1,"Value":9408},{"Length":24,"Height":30,"Demand":0,"DemandMax":1,"Value":2160},{"Length":4,"Height":18,"Demand":0,"DemandMax":1,"Value":72},{"Length":33,"Height":26,"Demand":0,"DemandMax":1,"Value":858},{"Length":93,"Height":78,"Demand":0,"DemandMax":1,"Value":21762},{"Length":99,"Height":79,"Demand":0,"DemandMax":1,"Value":7821},{"Length":100,"Height":45,"Demand":0,"DemandMax":1,"Value":13500},{"Length":38,"Height":8,"Demand":0,"DemandMax":1,"Value":304},{"Length":54,"Height":92,"Demand":0,"DemandMax":1,"Value":14904},{"Length":73,"Height":75,"Demand":0,"DemandMax":1,"Value":16425},{"Length":100,"Height":14,"Demand":0,"DemandMax":1,"Value":1400},{"Length":89,"Height":81,"Demand":0,"DemandMax":1,"Value":21627},{"Length":64,"Height":73,"Demand":0,"DemandMax":1,"Value":9344},{"Length":26,"Height":50,"Demand":0,"DemandMax":1,"Value":2600},{"Length":23,"Height":19,"Demand":0,"DemandMax":1,"Value":874},{"Length":42,"Height":23,"Demand":0,"DemandMax":1,"Value":966},{"Length":6,"Height":46,"Demand":0,"DemandMax":1,"Value":552},{"Length":89,"Height":19,"Demand":0,"DemandMax":1,"Value":1691},{"Length":12,"Height":99,"Demand":0,"DemandMax":1,"Value":3564},{"Length":20,"Height":38,"Demand":0,"DemandMax":1,"Value":1520},{"Length":60,"Height":60,"Demand":0,"DemandMax":1,"Value":7200},{"Length":27,"Height":26,"Demand":0,"DemandMax":1,"Value":1404},{"Length":33,"Height":44,"Demand":0,"DemandMax":1,"Value":2904},{"Length":15,"Height":98,"Demand":0,"DemandMax":1,"Value":2940},{"Length":68,"Height":54,"Demand":0,"DemandMax":1,"Value":3672},{"Length":54,"Height":85,"Demand":0,"DemandMax":1,"Value":9180},{"Length":49,"Height":99,"Demand":0,"DemandMax":1,"Value":14553},{"Length":39,"Height":8,"Demand":0,"DemandMax":1,"Value":312},{"Length":43,"Height":47,"Demand":0,"DemandMax":1,"Value":6063},{"Length":99,"Height":94,"Demand":0,"DemandMax":1,"Value":27918},{"Length":66,"Height":72,"Demand":0,"DemandMax":1,"Value":4752},{"Length":63,"Height":63,"Demand":0,"DemandMax":1,"Value":11907},{"Length":8,"Height":3,"Demand":0,"DemandMax":1,"Value":48},{"Length":13,"Height":42,"Demand":0,"DemandMax":1,"Value":546},{"Length":40,"Height":87,"Demand":0,"DemandMax":1,"Value":10440},{"Length":43,"Height":49,"Demand":0,"DemandMax":1,"Value":6321},{"Length":19,"Height":38,"Demand":0,"DemandMax":1,"Value":722},{"Length":41,"Height":77,"Demand":0,"DemandMax":1,"Value":3157},{"Length":30,"Height":24,"Demand":0,"DemandMax":1,"Value":2160},{"Length":46,"Height":43,"Demand":0,"DemandMax":1,"Value":1978},{"Length":44,"Height":40,"Demand":0,"DemandMax":1,"Value":1760},{"Length":78,"Height":98,"Demand":0,"DemandMax":1,"Value":22932}]}