{"Name":"ngcutfs2_175","Objects":[{"Length":100,"Height":100,"Stock":null,"Cost":10000}],"Items":[{"Length":86,"Height":76,"Demand":0,"DemandMax":4,"Value":13072},{"Length":15,"Height":95,"Demand":0,"DemandMax":4,"Value":4275},{"Length":10,"Height":29,"Demand":0,"DemandMax":4,"Value":870},{"Length":78,"Height":15,"Demand":0,"DemandMax":4,"Value":2340},{"Length":51,"Height":90,"Demand":0,"DemandMax":4,"Value":13770},{"Length":15,"Height":19,"Demand":0,"DemandMax":4,"Value":855},{"Length":50,"Height":49,"Demand":0,"DemandMax":12,"Value":4900},{"Length":29,"Height":6,"Demand":0,"DemandMax":4,"Value":522},{"Length":74,"Height":71,"Demand":0,"DemandMax":4,"Value":5254},{"Length":6,"Height":92,"Demand":0,"DemandMax":4,"Value":1656},{"Length":28,"Height":88,"Demand":0,"DemandMax":4,"Value":7392},{"Length":79,"Height":99,"Demand":0,"DemandMax":4,"Value":7821},{"Length":33,"Height":32,"Demand":0,"DemandMax":4,"Value":2112},{"Length":36,"Height":12,"Demand":0,"DemandMax":4,"Value":432},{"Length":17,"Height":4,"Demand":0,"DemandMax":4,"Value":68},{"Length":92,"Height":51,"Demand":0,"DemandMax":4,"Value":9384},{"Length":83,"Height":34,"Demand":0,"DemandMax":4,"Value":2822},{"Length":8,"Height":47,"Demand":0,"DemandMax":4,"Value":752},{"Length":8,"Height":7,"Demand":0,"DemandMax":4,"Value":56},{"Length":24,"Height":31,"Demand":0,"DemandMax":4,"Value":1488},{"Length":15,"Height":7,"Demand":0,"DemandMax":4,"Value":210},{"Length":15,"Height":18,"Demand":0,"DemandMax":4,"Value":270},{"Length":86,"Height":64,"Demand":0,"DemandMax":4,"Value":5504},{"Length":84,"Height":43,"Demand":0,"DemandMax":4,"Value":10836},{"Length":24,"Height":24,"Demand":0,"DemandMax":4,"Value":1728},{"Length":83,"Height":41,"Demand":0,"DemandMax":4,"Value":3403},{"Length":56,"Height":100,"Demand":0,"DemandMax":4,"Value":11200},{"Length":98,"Height":2,"Demand":0,"DemandMax":4,"Value":392},{"Length":68,"Height":79,"Demand":0,"DemandMax":4,"Value":5372},{"Length":44,"Height":13,"Demand":0,"DemandMax":4,"Value":572},{"Length":83,"Height":83,"Demand":0,"DemandMax":4,"Value":20667},{"Length":3,"Height":18,"Demand":0,"DemandMax":4,"Value":54},{"Length":5,"Height":47,"Demand":0,"DemandMax":4,"Value":235},{"Length":92,"Height":6,"Demand":0,"DemandMax":4,"Value":1104},{"Length":49,"Height":49,"Demand":0,"DemandMax":4,"Value":7203},{"Length":3,"Height":79,"Demand":0,"DemandMax":4,"Value":474},{"Length":85,"Height":22,"Demand":0,"DemandMax":4,"Value":5610},{"Length":30,"Height":12,"Demand":0,"DemandMax":4,"Value":720},{"Length":98,"Height":44,"Demand":0,"DemandMax":4,"Value":12936},{"Length":19,"Height":90,"Demand":0,"DemandMax":4,"Value":5130},{"Length":46,"Height":44,"Demand":0,"DemandMax":4,"Value":2024},{"Length":13,"Height":11,"Demand":0,"DemandMax":4,"Value":429},{"Length":29,"Height":83,"Demand":0,"DemandMax":4,"Value":4814},{"Length":34,"Height":37,"Demand":0,"DemandMax":4,"Value":1258},{"Length":57,"Height":83,"Demand":0,"DemandMax":4,"Value":14193},{"Length":47,"Height":39,"Demand":0,"DemandMax":4,"Value":1833},{"Length":76,"Height":41,"Demand":0,"DemandMax":4,"Value":3116},{"Length":41,"Height":86,"Demand":0,"DemandMax":4,"Value":7052},{"Length":64,"Height":68,"Demand":0,"DemandMax":4,"Value":8704},{"Length":14,"Height":26,"Demand":0,"DemandMax":4,"Value":364},{"Length":49,"Height":50,"Demand":0,"DemandMax":4,"Value":4900},{"Length":32,"Height":38,"Demand":0,"DemandMax":4,"Value":3648},{"Length":50,"Height":96,"Demand":0,"DemandMax":4,"Value":9600},{"Length":45,"Height":23,"Demand":0,"DemandMax":4,"Value":1035},{"Length":26,"Height":82,"Demand":0,"DemandMax":4,"Value":4264},{"Length":44,"Height":3,"Demand":0,"DemandMax":4,"Value":264},{"Length":7,"Height":83,"Demand":0,"DemandMax":4,"Value":581},{"Length":14,"Height":28,"Demand":0,"DemandMax":4,"Value":784},{"Length":46,"Height":13,"Demand":0,"DemandMax":4,"Value":598},{"Length":16,"Height":9,"Demand":0,"DemandMax":4,"Value":144},{"Length":79,"Height":91,"Demand":0,"DemandMax":4,"Value":21567},{"Length":46,"Height":18,"Demand":0,"DemandMax":4,"Value":828},{"Length":45,"Height":80,"Demand":0,"DemandMax":4,"Value":10800},{"Length":16,"Height":45,"Demand":0,"DemandMax":4,"Value":1440},{"Length":54,"Height":66,"Demand":0,"DemandMax":4,"Value":10692},{"Length":53,"Height":86,"Demand":0,"DemandMax":4,"Value":13674},{"Length":8,"Height":14,"Demand":0,"DemandMax":4,"Value":336},{"Length":9,"Height":12,"Demand":0,"DemandMax":4,"Value":108},{"Length":4,"Height":33,"Demand":0,"DemandMax":4,"Value":264},{"Length":17,"Height":31,"Demand":0,"DemandMax":4,"Value":1581},{"Length":68,"Height":77,"Demand":0,"DemandMax":4,"Value":5236},{"Length":36,"Height":48,"Demand":0,"DemandMax":4,"Value":1728},{"Length":37,"Height":78,"Demand":0,"DemandMax":4,"Value":2886},{"Length":16,"Height":92,"Demand":0,"DemandMax":4,"Value":1472},{"Length":47,"Height":99,"Demand":0,"DemandMax":4,"Value":9306},{"Length":81,"Height":50,"Demand":0,"DemandMax":4,"Value":4050},{"Length":31,"Height":33,"Demand":0,"DemandMax":4,"Value":3069},{"Length":78,"Height":12,"Demand":0,"DemandMax":4,"Value":1872},{"Length":33,"Height":77,"Demand":0,"DemandMax":4,"Value":7623},{"Length":21,"Height":86,"Demand":0,"DemandMax":4,"Value":5418},{"Length":33,"Height":9,"Demand":0,"DemandMax":4,"Value":891},{"Length":48,"Height":28,"Demand":0,"DemandMax":4,"Value":1344},{"Length":45,"Height":21,"Demand":0,"DemandMax":4,"Value":945},{"Length":18,"Height":80,"Demand":0,"DemandMax":4,"Value":1440},{"Length":91,"Height":27,"Demand":0,"DemandMax":4,"Value":4914},{"Length":36,"Height":21,"Demand":0,"DemandMax":4,"Value":756},{"Length":51,"Height":92,"Demand":0,"DemandMax":4,"Value":14076},{"Length":98,"Height":20,"Demand":0,"DemandMax":4,"Value":1960},{"Length":14,"Height":4,"Demand":0,"DemandMax":4,"Value":56},{"Length":3,"Height":43,"Demand":0,"DemandMax":4,"Value":258},{"Length":81,"Height":53,"Demand":0,"DemandMax":4,"Value":12879},{"Length":96,"Height":63,"Demand":0,"DemandMax":4,"Value":18144},{"Length":31,"Height":83,"Demand":0,"DemandMax":4,"Value":7719},{"Length":30,"Height":7,"Demand":0,"DemandMax":4,"Value":420},{"Length":49,"Height":34,"Demand":0,"DemandMax":4,"Value":1666},{"Length":38,"Height":6,"Demand":0,"DemandMax":4,"Value":456},{"Length":2,"Height":11,"Demand":0,"DemandMax":4,"Value":44},{"Length":12,"Height":48,"Demand":0,"DemandMax":4,"Value":1152},{"Length":20,"Height":98,"Demand":0,"DemandMax":4,"Value":5880},{"Length":47,"Height":18,"Demand":0,"DemandMax":4,"Value":846},{"Length":24,"Height":49,"Demand":0,"DemandMax":4,"Value":3528},{"Length":49,"Height":19,"Demand":0,"DemandMax":4,"Value":2793},{"Length":30,"Height":8,"Demand":0,"DemandMax":4,"Value":480},{"Length":95,"Height":37,"Demand":0,"DemandMax":4,"Value":7030},{"Length":3,"Height":99,"Demand":0,"DemandMax":4,"Value":594},{"Length":16,"Height":32,"Demand":0,"DemandMax":4,"Value":512},{"Length":46,"Height":44,"Demand":0,"DemandMax":4,"Value":4048},{"Length":10,"Height":95,"Demand":0,"DemandMax":4,"Value":950},{"Length":84,"Height":40,"Demand":0,"DemandMax":4,"Value":3360},{"Length":81,"Height":51,"Demand":0,"DemandMax":4,"Value":12393},{"Length":48,"Height":77,"Demand":0,"DemandMax":4,"Value":11088},{"Length":34,"Height":26,"Demand":0,"DemandMax":4,"Value":884},{"Length":37,"Height":40,"Demand":0,"DemandMax":4,"Value":4440},{"Length":25,"Height":33,"Demand":0,"DemandMax":4,"Value":825},{"Length":25,"Height":14,"Demand":0,"DemandMax":4,"Value":700},{"Length":38,"Height":45,"Demand":0,"DemandMax":4,"Value":3420},{"Length":50,"Height":45,"Demand":0,"DemandMax":4,"Value":6750},{"Length":27,"Height":4,"Demand":0,"DemandMax":4,"Value":108},{"Length":21,"Height":42,"Demand":0,"DemandMax":4,"Value":1764},{"Length":5,"Height":24,"Demand":0,"DemandMax":4,"Value":120},{"Length":10,"Height":25,"Demand":0,"DemandMax":4,"Value":250},{"Length":66,"Height":65,"Demand":0,"DemandMax":4,"Value":12870},{"Length":79,"Height":22,"Demand":0,"DemandMax":4,"Value":3476},{"Length":90,"Height":38,"Demand":0,"DemandMax":4,"Value":6840},{"Length":25,"Height":97,"Demand":0,"DemandMax":4,"Value":2425},{"Length":38,"Height":50,"Demand":0,"DemandMax":4,"Value":3800},{"Length":31,"Height":50,"Demand":0,"DemandMax":4,"Value":4650},{"Length":79,"Height":23,"Demand":0,"DemandMax":4,"Value":5451},{"Length":10,"Height":83,"Demand":0,"DemandMax":4,"Value":2490},{"Length":77,"Height":48,"Demand":0,"DemandMax":4,"Value":3696},{"Length":40,"Height":18,"Demand":0,"DemandMax":4,"Value":720},{"Length":2,"Height":16,"Demand":0,"DemandMax":4,"Value":64},{"Length":22,"Height":11,"Demand":0,"DemandMax":4,"Value":242},{"Length":95,"Height":26,"Demand":0,"DemandMax":4,"Value":4940},{"Length":93,"Height":91,"Demand":0,"DemandMax":4,"Value":8463},{"Length":28,"Height":86,"Demand":0,"DemandMax":4,"Value":7224},{"Length":46,"Height":24,"Demand":0,"DemandMax":4,"Value":1104},{"Length":32,"Height":93,"Demand":0,"DemandMax":4,"Value":5952},{"Length":45,"Height":39,"Demand":0,"DemandMax":4,"Value":1755},{"Length":21,"Height":8,"Demand":0,"DemandMax":8,"Value":504},{"Length":40,"Height":45,"Demand":0,"DemandMax":4,"Value":1800},{"Length":43,"Height":4,"Demand":0,"DemandMax":4,"Value":172},{"Length":39,"Height":38,"Demand":0,"DemandMax":4,"Value":2964},{"Length":45,"Height":25,"Demand":0,"DemandMax":4,"Value":3375},{"Length":98,"Height":34,"Demand":0,"DemandMax":4,"Value":9996},{"Length":24,"Height":17,"Demand":0,"DemandMax":4,"Value":816},{"Length":92,"Height":20,"Demand":0,"DemandMax":4,"Value":3680},{"Length":36,"Height":44,"Demand":0,"DemandMax":4,"Value":3168},{"Length":37,"Height":86,"Demand":0,"DemandMax":4,"Value":6364},{"Length":19,"Height":15,"Demand":0,"DemandMax":4,"Value":855},{"Length":4,"Height":80,"Demand":0,"DemandMax":4,"Value":960},{"Length":53,"Height":75,"Demand":0,"DemandMax":4,"Value":3975},{"Length":41,"Height":14,"Demand":0,"DemandMax":4,"Value":574},{"Length":70,"Height":51,"Demand":0,"DemandMax":4,"Value":10710},{"Length":94,"Height":34,"Demand":0,"DemandMax":4,"Value":9588},{"Length":48,"Height":20,"Demand":0,"DemandMax":4,"Value":1920},{"Length":8,"Height":12,"Demand":0,"DemandMax":4,"Value":192},{"Length":38,"Height":94,"Demand":0,"DemandMax":4,"Value":7144},{"Length":12,"Height":4,"Demand":0,"DemandMax":4,"Value":48},{"Length":45,"Height":86,"Demand":0,"DemandMax":4,"Value":11610},{"Length":2,"Height":5,"Demand":0,"DemandMax":4,"Value":20},{"Length":97,"Height":82,"Demand":0,"DemandMax":4,"Value":15908},{"Length":86,"Height":51,"Demand":0,"DemandMax":4,"Value":4386},{"Length":63,"Height":71,"Demand":0,"DemandMax":4,"Value":4473},{"Length":50,"Height":6,"Demand":0,"DemandMax":4,"Value":300},{"Length":97,"Height":27,"Demand":0,"DemandMax":4,"Value":2619},{"Length":21,"Height":97,"Demand":0,"DemandMax":4,"Value":2037},{"Length":64,"Height":53,"Demand":0,"DemandMax":4,"Value":6784},{"Length":48,"Height":16,"Demand":0,"DemandMax":4,"Value":768},{"Length":25,"Height":30,"Demand":0,"DemandMax":4,"Value":750},{"Length":32,"Height":17,"Demand":0,"DemandMax":4,"Value":544},{"Length":94,"Height":8,"Demand":0,"DemandMax":4,"Value":752},{"Length":3,"Height":33,"Demand":0,"DemandMax":4,"Value":297},{"Length":38,"Height":21,"Demand":0,"DemandMax":4,"Value":2394},{"Length":33,"Height":19,"Demand":0,"DemandMax":8,"Value":627},{"Length":79,"Height":41,"Demand":0,"DemandMax":4,"Value":9717},{"Length":32,"Height":10,"Demand":0,"DemandMax":4,"Value":320},{"Length":47,"Height":36,"Demand":0,"DemandMax":4,"Value":5076},{"Length":100,"Height":19,"Demand":0,"DemandMax":4,"Value":3800},{"Length":47,"Height":13,"Demand":0,"DemandMax":4,"Value":1833},{"Length":9,"Height":18,"Demand":0,"DemandMax":4,"Value":162},{"Length":8,"Height":44,"Demand":0,"DemandMax":4,"Value":352},{"Length":90,"Height":17,"Demand":0,"DemandMax":4,"Value":3060},{"Length":18,"Height":84,"Demand":0,"DemandMax":4,"Value":1512},{"Length":8,"Height":16,"Demand":0,"DemandMax":4,"Value":384},{"Length":26,"Height":47,"Demand":0,"DemandMax":4,"Value":2444},{"Length":14,"Height":24,"Demand":0,"DemandMax":4,"Value":336},{"Length":41,"Height":88,"Demand":0,"DemandMax":4,"Value":3608},{"Length":32,"Height":10,"Demand":0,"DemandMax":4,"Value":960},{"Length":34,"Height":41,"Demand":0,"DemandMax":4,"Value":4182},{"Length":98,"Height":25,"Demand":0,"DemandMax":4,"Value":7350},{"Length":38,"Height":4,"Demand":0,"DemandMax":4,"Value":456},{"Length":49,"Height":48,"Demand":0,"DemandMax":4,"Value":4704},{"Length":7,"Height":77,"Demand":0,"DemandMax":4,"Value":1078},{"Length":45,"Height":41,"Demand":0,"DemandMax":4,"Value":3690},{"Length":66,"Height":85,"Demand":0,"DemandMax":4,"Value":11220},{"Length":8,"Height":21,"Demand":0,"DemandMax":4,"Value":336},{"Length":44,"Height":81,"Demand":0,"DemandMax":4,"Value":7128},{"Length":8,"Height":50,"Demand":0,"DemandMax":4,"Value":400},{"Length":48,"Height":87,"Demand":0,"DemandMax":4,"Value":12528},{"Length":95,"Height":30,"Demand":0,"DemandMax":4,"Value":2850},{"Length":96,"Height":41,"Demand":0,"DemandMax":4,"Value":11808},{"Length":87,"Height":20,"Demand":0,"DemandMax":4,"Value":3480},{"Length":96,"Height":86,"Demand":0,"DemandMax":4,"Value":16512},{"Length":14,"Height":28,"Demand":0,"DemandMax":4,"Value":1176},{"Length":83,"Height":42,"Demand":0,"DemandMax":4,"Value":6972},{"Length":65,"Height":52,"Demand":0,"DemandMax":4,"Value":6760},{"Length":10,"Height":29,"Demand":0,"DemandMax":4,"Value":580},{"Length":42,"Height":33,"Demand":0,"DemandMax":4,"Value":2772},{"Length":49,"Height":83,"Demand":0,"DemandMax":4,"Value":12201},{"Length":50,"Height":28,"Demand":0,"DemandMax":4,"Value":2800},{"Length":96,"Height":72,"Demand":0,"DemandMax":4,"Value":6912},{"Length":2,"Height":40,"Demand":0,"DemandMax":4,"Value":240},{"Length":15,"Height":10,"Demand":0,"DemandMax":4,"Value":150},{"Length":60,"Height":57,"Demand":0,"DemandMax":4,"Value":10260},{"Length":34,"Height":86,"Demand":0,"DemandMax":4,"Value":8772},{"Length":17,"Height":31,"Demand":0,"DemandMax":4,"Value":527},{"Length":26,"Height":7,"Demand":0,"DemandMax":4,"Value":546},{"Length":76,"Height":8,"Demand":0,"DemandMax":4,"Value":1216},{"Length":94,"Height":30,"Demand":0,"DemandMax":4,"Value":2820},{"Length":69,"Height":88,"Demand":0,"DemandMax":4,"Value":6072},{"Length":8,"Height":40,"Demand":0,"DemandMax":4,"Value":320},{"Length":38,"Height":90,"Demand":0,"DemandMax":4,"Value":10260},{"Length":35,"Height":44,"Demand":0,"DemandMax":4,"Value":4620},{"Length":18,"Height":23,"Demand":0,"DemandMax":4,"Value":414},{"Length":41,"Height":12,"Demand":0,"DemandMax":4,"Value":492},{"Length":31,"Height":5,"Demand":0,"DemandMax":4,"Value":155},{"Length":38,"Height":35,"Demand":0,"DemandMax":4,"Value":3990},{"Length":88,"Height":67,"Demand":0,"DemandMax":4,"Value":17688},{"Length":5,"Height":18,"Demand":0,"DemandMax":4,"Value":180},{"Length":71,"Height":89,"Demand":0,"DemandMax":4,"Value":6319},{"Length":8,"Height":33,"Demand":0,"DemandMax":4,"Value":528},{"Length":20,"Height":90,"Demand":0,"DemandMax":4,"Value":3600},{"Length":77,"Height":88,"Demand":0,"DemandMax":4,"Value":13552},{"Length":41,"Height":26,"Demand":0,"DemandMax":4,"Value":3198},{"Length":92,"Height":58,"Demand":0,"DemandMax":4,"Value":16008},{"Length":29,"Height":80,"Demand":0,"DemandMax":4,"Value":2320},{"Length":40,"Height":38,"Demand":0,"DemandMax":4,"Value":1520},{"Length":38,"Height":24,"Demand":0,"DemandMax":4,"Value":912},{"Length":90,"Height":69,"Demand":0,"DemandMax":4,"Value":6210},{"Length":18,"Height":11,"Demand":0,"DemandMax":4,"Value":396},{"Length":14,"Height":47,"Demand":0,"DemandMax":4,"Value":1316},{"Length":36,"Height":36,"Demand":0,"DemandMax":4,"Value":3888},{"Length":23,"Height":82,"Demand":0,"DemandMax":4,"Value":3772},{"Length":71,"Height":70,"Demand":0,"DemandMax":4,"Value":14910},{"Length":40,"Height":22,"Demand":0,"DemandMax":4,"Value":880},{"Length":26,"Height":35,"Demand":0,"DemandMax":4,"Value":2730},{"Length":44,"Height":41,"Demand":0,"DemandMax":4,"Value":5412},{"Length":26,"Height":30,"Demand":0,"DemandMax":4,"Value":780},{"Length":14,"Height":33,"Demand":0,"DemandMax":4,"Value":924},{"Length":35,"Height":36,"Demand":0,"DemandMax":4,"Value":2520},{"Length":59,"Height":88,"Demand":0,"DemandMax":4,"Value":10384},{"Length":28,"Height":18,"Demand":0,"DemandMax":4,"Value":504},{"Length":7,"Height":9,"Demand":0,"DemandMax":4,"Value":126},{"Length":41,"Height":18,"Demand":0,"DemandMax":4,"Value":2214},{"Length":16,"Height":29,"Demand":0,"DemandMax":4,"Value":464},{"Length":65,"Height":58,"Demand":0,"DemandMax":4,"Value":7540},{"Length":51,"Height":91,"Demand":0,"DemandMax":4,"Value":4641},{"Length":30,"Height":24,"Demand":0,"DemandMax":4,"Value":2160},{"Length":38,"Height":43,"Demand":0,"DemandMax":4,"Value":4902},{"Length":4,"Height":50,"Demand":0,"DemandMax":4,"Value":200},{"Length":50,"Height":98,"Demand":0,"DemandMax":4,"Value":9800},{"Length":37,"Height":29,"Demand":0,"DemandMax":4,"Value":2146},{"Length":7,"Height":28,"Demand":0,"DemandMax":4,"Value":588},{"Length":5,"Height":38,"Demand":0,"DemandMax":4,"Value":570},{"Length":77,"Height":75,"Demand":0,"DemandMax":4,"Value":5775},{"Length":21,"Height":41,"Demand":0,"DemandMax":4,"Value":1722},{"Length":22,"Height":44,"Demand":0,"DemandMax":4,"Value":2904},{"Length":29,"Height":43,"Demand":0,"DemandMax":4,"Value":3741},{"Length":21,"Height":20,"Demand":0,"DemandMax":4,"Value":420},{"Length":14,"Height":94,"Demand":0,"DemandMax":4,"Value":1316},{"Length":89,"Height":28,"Demand":0,"DemandMax":4,"Value":2492},{"Length":34,"Height":20,"Demand":0,"DemandMax":4,"Value":2040},{"Length":45,"Height":25,"Demand":0,"DemandMax":4,"Value":2250},{"Length":52,"Height":97,"Demand":0,"DemandMax":4,"Value":15132},{"Length":86,"Height":25,"Demand":0,"DemandMax":4,"Value":4300},{"Length":2,"Height":37,"Demand":0,"DemandMax":8,"Value":74},{"Length":3,"Height":44,"Demand":0,"DemandMax":4,"Value":264},{"Length":52,"Height":67,"Demand":0,"DemandMax":4,"Value":3484},{"Length":77,"Height":11,"Demand":0,"DemandMax":4,"Value":847},{"Length":11,"Height":82,"Demand":0,"DemandMax":4,"Value":2706},{"Length":87,"Height":24,"Demand":0,"DemandMax":8,"Value":4176},{"Length":84,"Height":23,"Demand":0,"DemandMax":4,"Value":1932},{"Length":35,"Height":29,"Demand":0,"DemandMax":4,"Value":3045},{"Length":38,"Height":10,"Demand":0,"DemandMax":4,"Value":1140},{"Length":30,"Height":27,"Demand":0,"DemandMax":4,"Value":810},{"Length":32,"Height":37,"Demand":0,"DemandMax":4,"Value":2368},{"Length":46,"Height":48,"Demand":0,"DemandMax":4,"Value":2208},{"Length":15,"Height":85,"Demand":0,"DemandMax":4,"Value":1275},{"Length":80,"Height":59,"Demand":0,"DemandMax":4,"Value":14160},{"Length":79,"Height":42,"Demand":0,"DemandMax":8,"Value":6636},{"Length":74,"Height":70,"Demand":0,"DemandMax":4,"Value":10360},{"Length":21,"Height":18,"Demand":0,"DemandMax":4,"Value":378},{"Length":93,"Height":54,"Demand":0,"DemandMax":4,"Value":5022},{"Length":43,"Height":25,"Demand":0,"DemandMax":4,"Value":1075},{"Length":67,"Height":60,"Demand":0,"DemandMax":4,"Value":12060},{"Length":18,"Height":88,"Demand":0,"DemandMax":4,"Value":4752},{"Length":93,"Height":32,"Demand":0,"DemandMax":4,"Value":5952},{"Length":78,"Height":83,"Demand":0,"DemandMax":4,"Value":12948},{"Length":27,"Height":80,"Demand":0,"DemandMax":4,"Value":4320},{"Length":30,"Height":22,"Demand":0,"DemandMax":4,"Value":660},{"Length":19,"Height":8,"Demand":0,"DemandMax":4,"Value":304},{"Length":10,"Height":28,"Demand":0,"DemandMax":8,"Value":560},{"Length":57,"Height":96,"Demand":0,"DemandMax":4,"Value":16416},{"Length":10,"Height":39,"Demand":0,"DemandMax":4,"Value":390},{"Length":18,"Height":76,"Demand":0,"DemandMax":4,"Value":2736},{"Length":31,"Height":99,"Demand":0,"DemandMax":4,"Value":6138},{"Length":44,"Height":78,"Demand":0,"DemandMax":4,"Value":3432},{"Length":12,"Height":49,"Demand":0,"DemandMax":4,"Value":588},{"Length":80,"Height":67,"Demand":0,"DemandMax":4,"Value":16080},{"Length":30,"Height":27,"Demand":0,"DemandMax":4,"Value":2430},{"Length":76,"Height":26,"Demand":0,"DemandMax":4,"Value":3952},{"Length":36,"Height":46,"Demand":0,"DemandMax":4,"Value":3312},{"Length":31,"Height":35,"Demand":0,"DemandMax":4,"Value":3255},{"Length":96,"Height":68,"Demand":0,"DemandMax":4,"Value":6528},{"Length":27,"Height":22,"Demand":0,"DemandMax":4,"Value":1782},{"Length":42,"Height":98,"Demand":0,"DemandMax":4,"Value":12348},{"Length":54,"Height":58,"Demand":0,"DemandMax":4,"Value":6264},{"Length":82,"Height":32,"Demand":0,"DemandMax":4,"Value":7872},{"Length":19,"Height":20,"Demand":0,"DemandMax":4,"Value":1140},{"Length":9,"Height":5,"Demand":0,"DemandMax":4,"Value":45},{"Length":22,"Height":47,"Demand":0,"DemandMax":4,"Value":1034},{"Length":86,"Height":9,"Demand":0,"DemandMax":4,"Value":774},{"Length":30,"Height":42,"Demand":0,"DemandMax":4,"Value":2520},{"Length":84,"Height":17,"Demand":0,"DemandMax":4,"Value":4284},{"Length":75,"Height":75,"Demand":0,"DemandMax":4,"Value":5625},{"Length":4,"Height":38,"Demand":0,"DemandMax":4,"Value":304},{"Length":7,"Height":41,"Demand":0,"DemandMax":4,"Value":574},{"Length":10,"Height":30,"Demand":0,"DemandMax":4,"Value":300},{"Length":15,"Height":19,"Demand":0,"DemandMax":4,"Value":285},{"Length":17,"Height":43,"Demand":0,"DemandMax":4,"Value":731},{"Length":27,"Height":4,"Demand":0,"DemandMax":4,"Value":324},{"Length":34,"Height":43,"Demand":0,"DemandMax":4,"Value":4386},{"Length":77,"Height":11,"Demand":0,"DemandMax":4,"Value":2541},{"Length":28,"Height":49,"Demand":0,"DemandMax":4,"Value":4116},{"Length":46,"Height":98,"Demand":0,"DemandMax":4,"Value":13524},{"Length":7,"Height":18,"Demand":0,"DemandMax":4,"Value":378},{"Length":94,"Height":38,"Demand":0,"DemandMax":4,"Value":7144},{"Length":52,"Height":65,"Demand":0,"DemandMax":4,"Value":10140},{"Length":79,"Height":31,"Demand":0,"DemandMax":4,"Value":4898},{"Length":7,"Height":30,"Demand":0,"DemandMax":4,"Value":210},{"Length":7,"Height":48,"Demand":0,"DemandMax":4,"Value":672},{"Length":37,"Height":48,"Demand":0,"DemandMax":4,"Value":3552},{"Length":59,"Height":54,"Demand":0,"DemandMax":4,"Value":6372},{"Length":86,"Height":73,"Demand":0,"DemandMax":4,"Value":18834},{"Length":90,"Height":7,"Demand":0,"DemandMax":4,"Value":1890},{"Length":59,"Height":95,"Demand":0,"DemandMax":4,"Value":11210},{"Length":39,"Height":14,"Demand":0,"DemandMax":4,"Value":546},{"Length":10,"Height":50,"Demand":0,"DemandMax":4,"Value":1000},{"Length":89,"Height":6,"Demand":0,"DemandMax":4,"Value":1602},{"Length":70,"Height":87,"Demand":0,"DemandMax":4,"Value":18270},{"Length":14,"Height":14,"Demand":0,"DemandMax":4,"Value":588},{"Length":12,"Height":98,"Demand":0,"DemandMax":4,"Value":3528},{"Length":47,"Height":4,"Demand":0,"DemandMax":4,"Value":564},{"Length":43,"Height":36,"Demand":0,"DemandMax":4,"Value":3096},{"Length":18,"Height":45,"Demand":0,"DemandMax":4,"Value":2430},{"Length":71,"Height":83,"Demand":0,"DemandMax":4,"Value":11786},{"Length":27,"Height":46,"Demand":0,"DemandMax":4,"Value":3726},{"Length":4,"Height":40,"Demand":0,"DemandMax":4,"Value":320},{"Length":58,"Height":63,"Demand":0,"DemandMax":4,"Value":7308},{"Length":30,"Height":38,"Demand":0,"DemandMax":4,"Value":2280},{"Length":19,"Height":13,"Demand":0,"DemandMax":4,"Value":741},{"Length":15,"Height":2,"Demand":0,"DemandMax":4,"Value":30},{"Length":11,"Height":25,"Demand":0,"DemandMax":4,"Value":550},{"Length":29,"Height":2,"Demand":0,"DemandMax":4,"Value":174},{"Length":39,"Height":89,"Demand":0,"DemandMax":4,"Value":6942},{"Length":31,"Height":18,"Demand":0,"DemandMax":4,"Value":1116},{"Length":2,"Height":22,"Demand":0,"DemandMax":4,"Value":132},{"Length":30,"Height":39,"Demand":0,"DemandMax":4,"Value":1170},{"Length":26,"Height":20,"Demand":0,"DemandMax":4,"Value":1560},{"Length":73,"Height":83,"Demand":0,"DemandMax":4,"Value":6059},{"Length":20,"Height":16,"Demand":0,"DemandMax":4,"Value":960},{"Length":29,"Height":81,"Demand":0,"DemandMax":4,"Value":7047},{"Length":29,"Height":50,"Demand":0,"DemandMax":4,"Value":4350},{"Length":68,"Height":91,"Demand":0,"DemandMax":4,"Value":12376},{"Length":46,"Height":96,"Demand":0,"DemandMax":4,"Value":8832},{"Length":81,"Height":23,"Demand":0,"DemandMax":4,"Value":3726},{"Length":32,"Height":10,"Demand":0,"DemandMax":4,"Value":640},{"Length":5,"Height":90,"Demand":0,"DemandMax":4,"Value":900},{"Length":2,"Height":43,"Demand":0,"DemandMax":4,"Value":86},{"Length":58,"Height":91,"Demand":0,"DemandMax":4,"Value":10556},{"Length":49,"Height":4,"Demand":0,"DemandMax":4,"Value":196},{"Length":22,"Height":11,"Demand":0,"DemandMax":4,"Value":484},{"Length":44,"Height":91,"Demand":0,"DemandMax":4,"Value":8008},{"Length":74,"Height":94,"Demand":0,"DemandMax":4,"Value":20868},{"Length":47,"Height":10,"Demand":0,"DemandMax":4,"Value":940},{"Length":5,"Height":37,"Demand":0,"DemandMax":4,"Value":185},{"Length":30,"Height":10,"Demand":0,"DemandMax":4,"Value":900},{"Length":89,"Height":11,"Demand":0,"DemandMax":4,"Value":2937},{"Length":26,"Height":5,"Demand":0,"DemandMax":4,"Value":260},{"Length":10,"Height":48,"Demand":0,"DemandMax":4,"Value":1440},{"Length":91,"Height":45,"Demand":0,"DemandMax":4,"Value":8190},{"Length":50,"Height":90,"Demand":0,"DemandMax":4,"Value":13500},{"Length":100,"Height":46,"Demand":0,"DemandMax":4,"Value":4600},{"Length":17,"Height":35,"Demand":0,"DemandMax":4,"Value":1785},{"Length":44,"Height":40,"Demand":0,"DemandMax":4,"Value":1760},{"Length":50,"Height":31,"Demand":0,"DemandMax":4,"Value":3100},{"Length":91,"Height":58,"Demand":0,"DemandMax":4,"Value":15834},{"Length":15,"Height":24,"Demand":0,"DemandMax":4,"Value":1080},{"Length":27,"Height":98,"Demand":0,"DemandMax":4,"Value":2646},{"Length":22,"Height":7,"Demand":0,"DemandMax":4,"Value":308},{"Length":26,"Height":39,"Demand":0,"DemandMax":4,"Value":3042},{"Length":19,"Height":34,"Demand":0,"DemandMax":4,"Value":646},{"Length":24,"Height":14,"Demand":0,"DemandMax":4,"Value":336},{"Length":27,"Height":6,"Demand":0,"DemandMax":4,"Value":162},{"Length":77,"Height":42,"Demand":0,"DemandMax":4,"Value":3234},{"Length":38,"Height":11,"Demand":0,"DemandMax":4,"Value":418},{"Length":8,"Height":87,"Demand":0,"DemandMax":4,"Value":696},{"Length":44,"Height":20,"Demand":0,"DemandMax":4,"Value":880},{"Length":84,"Height":90,"Demand":0,"DemandMax":4,"Value":22680},{"Length":79,"Height":56,"Demand":0,"DemandMax":4,"Value":4424},{"Length":78,"Height":14,"Demand":0,"DemandMax":4,"Value":2184},{"Length":6,"Height":14,"Demand":0,"DemandMax":4,"Value":252},{"Length":50,"Height":86,"Demand":0,"DemandMax":4,"Value":4300},{"Length":91,"Height":23,"Demand":0,"DemandMax":4,"Value":2093},{"Length":83,"Height":49,"Demand":0,"DemandMax":4,"Value":8134},{"Length":23,"Height":22,"Demand":0,"DemandMax":4,"Value":1518},{"Length":18,"Height":4,"Demand":0,"DemandMax":4,"Value":144},{"Length":34,"Height":6,"Demand":0,"DemandMax":4,"Value":408},{"Length":28,"Height":15,"Demand":0,"DemandMax":4,"Value":840},{"Length":24,"Height":49,"Demand":0,"DemandMax":4,"Value":1176},{"Length":79,"Height":30,"Demand":0,"DemandMax":4,"Value":2370},{"Length":86,"Height":100,"Demand":0,"DemandMax":4,"Value":8600},{"Length":3,"Height":37,"Demand":0,"DemandMax":4,"Value":222},{"Length":95,"Height":27,"Demand":0,"DemandMax":4,"Value":7695},{"Length":47,"Height":25,"Demand":0,"DemandMax":4,"Value":2350},{"Length":84,"Height":8,"Demand":0,"DemandMax":4,"Value":2016},{"Length":92,"Height":11,"Demand":0,"DemandMax":4,"Value":2024},{"Length":44,"Height":83,"Demand":0,"DemandMax":4,"Value":10956},{"Length":83,"Height":30,"Demand":0,"DemandMax":4,"Value":2490},{"Length":30,"Height":11,"Demand":0,"DemandMax":4,"Value":330},{"Length":77,"Height":49,"Demand":0,"DemandMax":4,"Value":11319},{"Length":13,"Height":30,"Demand":0,"DemandMax":4,"Value":780},{"Length":46,"Height":49,"Demand":0,"DemandMax":4,"Value":4508},{"Length":16,"Height":93,"Demand":0,"DemandMax":4,"Value":1488},{"Length":50,"Height":87,"Demand":0,"DemandMax":4,"Value":13050},{"Length":33,"Height":40,"Demand":0,"DemandMax":4,"Value":3960},{"Length":84,"Height":5,"Demand":0,"DemandMax":4,"Value":840},{"Length":36,"Height":22,"Demand":0,"DemandMax":4,"Value":792},{"Length":36,"Height":98,"Demand":0,"DemandMax":4,"Value":3528},{"Length":11,"Height":15,"Demand":0,"DemandMax":4,"Value":495},{"Length":42,"Height":2,"Demand":0,"DemandMax":4,"Value":84},{"Length":36,"Height":9,"Demand":0,"DemandMax":4,"Value":972},{"Length":10,"Height":29,"Demand":0,"DemandMax":4,"Value":290},{"Length":8,"Height":89,"Demand":0,"DemandMax":4,"Value":2136},{"Length":49,"Height":24,"Demand":0,"DemandMax":4,"Value":3528},{"Length":96,"Height":26,"Demand":0,"DemandMax":4,"Value":2496},{"Length":66,"Height":70,"Demand":0,"DemandMax":4,"Value":4620},{"Length":87,"Height":75,"Demand":0,"DemandMax":4,"Value":13050},{"Length":41,"Height":100,"Demand":0,"DemandMax":4,"Value":8200},{"Length":46,"Height":2,"Demand":0,"DemandMax":4,"Value":184},{"Length":71,"Height":84,"Demand":0,"DemandMax":4,"Value":5964},{"Length":44,"Height":45,"Demand":0,"DemandMax":4,"Value":3960},{"Length":96,"Height":72,"Demand":0,"DemandMax":4,"Value":20736},{"Length":11,"Height":42,"Demand":0,"DemandMax":4,"Value":462},{"Length":96,"Height":99,"Demand":0,"DemandMax":4,"Value":19008},{"Length":28,"Height":14,"Demand":0,"DemandMax":4,"Value":392},{"Length":27,"Height":18,"Demand":0,"DemandMax":4,"Value":972},{"Length":44,"Height":49,"Demand":0,"DemandMax":4,"Value":4312},{"Length":39,"Height":2,"Demand":0,"DemandMax":4,"Value":234},{"Length":96,"Height":33,"Demand":0,"DemandMax":4,"Value":9504},{"Length":27,"Height":50,"Demand":0,"DemandMax":4,"Value":1350},{"Length":20,"Height":30,"Demand":0,"DemandMax":4,"Value":1200},{"Length":81,"Height":11,"Demand":0,"DemandMax":4,"Value":891},{"Length":34,"Height":98,"Demand":0,"DemandMax":4,"Value":3332},{"Length":100,"Height":97,"Demand":0,"DemandMax":4,"Value":19400},{"Length":87,"Height":51,"Demand":0,"DemandMax":4,"Value":8874},{"Length":63,"Height":79,"Demand":0,"DemandMax":4,"Value":4977},{"Length":73,"Height":51,"Demand":0,"DemandMax":4,"Value":7446},{"Length":89,"Height":9,"Demand":0,"DemandMax":4,"Value":801},{"Length":78,"Height":27,"Demand":0,"DemandMax":4,"Value":6318},{"Length":54,"Height":65,"Demand":0,"DemandMax":4,"Value":3510},{"Length":16,"Height":86,"Demand":0,"DemandMax":4,"Value":2752},{"Length":4,"Height":98,"Demand":0,"DemandMax":4,"Value":1176},{"Length":40,"Height":39,"Demand":0,"DemandMax":4,"Value":1560},{"Length":11,"Height":5,"Demand":0,"DemandMax":4,"Value":55},{"Length":22,"Height":4,"Demand":0,"DemandMax":4,"Value":176},{"Length":28,"Height":21,"Demand":0,"DemandMax":4,"Value":1764},{"Length":42,"Height":18,"Demand":0,"DemandMax":4,"Value":756},{"Length":20,"Height":23,"Demand":0,"DemandMax":4,"Value":1380},{"Length":22,"Height":89,"Demand":0,"DemandMax":4,"Value":5874},{"Length":27,"Height":81,"Demand":0,"DemandMax":4,"Value":2187},{"Length":82,"Height":28,"Demand":0,"DemandMax":4,"Value":6888},{"Length":40,"Height":37,"Demand":0,"DemandMax":4,"Value":4440},{"Length":43,"Height":31,"Demand":0,"DemandMax":4,"Value":1333},{"Length":10,"Height":27,"Demand":0,"DemandMax":4,"Value":540},{"Length":16,"Height":23,"Demand":0,"DemandMax":4,"Value":736},{"Length":38,"Height":14,"Demand":0,"DemandMax":4,"Value":1596},{"Length":26,"Height":85,"Demand":0,"DemandMax":4,"Value":4420},{"Length":6,"Height":6,"Demand":0,"DemandMax":4,"Value":36},{"Length":49,"Height":81,"Demand":0,"DemandMax":4,"Value":7938},{"Length":86,"Height":94,"Demand":0,"DemandMax":4,"Value":8084}]}