{"Name":"ngcutfs2_44","Objects":[{"Length":100,"Height":100,"Stock":null,"Cost":10000}],"Items":[{"Length":39,"Height":21,"Demand":0,"DemandMax":3,"Value":2457},{"Length":13,"Height":24,"Demand":0,"DemandMax":3,"Value":624},{"Length":84,"Height":28,"Demand":0,"DemandMax":3,"Value":7056},{"Length":11,"Height":8,"Demand":0,"DemandMax":3,"Value":264},{"Length":41,"Height":31,"Demand":0,"DemandMax":3,"Value":3813},{"Length":33,"Height":12,"Demand":0,"DemandMax":3,"Value":396},{"Length":98,"Height":48,"Demand":0,"DemandMax":3,"Value":14112},{"Length":10,"Height":38,"Demand":0,"DemandMax":3,"Value":380},{"Length":13,"Height":29,"Demand":0,"DemandMax":3,"Value":754},{"Length":26,"Height":4,"Demand":0,"DemandMax":3,"Value":104},{"Length":29,"Height":82,"Demand":0,"DemandMax":3,"Value":4756},{"Length":11,"Height":22,"Demand":0,"DemandMax":3,"Value":484},{"Length":13,"Height":11,"Demand":0,"DemandMax":3,"Value":143},{"Length":84,"Height":38,"Demand":0,"DemandMax":3,"Value":3192},{"Length":71,"Height":67,"Demand":0,"DemandMax":3,"Value":9514},{"Length":21,"Height":14,"Demand":0,"DemandMax":3,"Value":588},{"Length":18,"Height":91,"Demand":0,"DemandMax":3,"Value":3276},{"Length":29,"Height":22,"Demand":0,"DemandMax":3,"Value":1276},{"Length":88,"Height":42,"Demand":0,"DemandMax":3,"Value":3696},{"Length":6,"Height":43,"Demand":0,"DemandMax":3,"Value":258},{"Length":30,"Height":10,"Demand":0,"DemandMax":3,"Value":300},{"Length":27,"Height":48,"Demand":0,"DemandMax":3,"Value":3888},{"Length":36,"Height":37,"Demand":0,"DemandMax":3,"Value":2664},{"Length":40,"Height":2,"Demand":0,"DemandMax":3,"Value":80},{"Length":45,"Height":4,"Demand":0,"DemandMax":3,"Value":360},{"Length":86,"Height":20,"Demand":0,"DemandMax":3,"Value":1720},{"Length":46,"Height":77,"Demand":0,"DemandMax":3,"Value":7084},{"Length":9,"Height":8,"Demand":0,"DemandMax":3,"Value":72},{"Length":32,"Height":45,"Demand":0,"DemandMax":3,"Value":2880},{"Length":86,"Height":14,"Demand":0,"DemandMax":3,"Value":1204},{"Length":38,"Height":16,"Demand":0,"DemandMax":3,"Value":608},{"Length":85,"Height":13,"Demand":0,"DemandMax":3,"Value":2210},{"Length":65,"Height":67,"Demand":0,"DemandMax":3,"Value":13065},{"Length":85,"Height":25,"Demand":0,"DemandMax":3,"Value":6375},{"Length":61,"Height":56,"Demand":0,"DemandMax":3,"Value":10248},{"Length":22,"Height":6,"Demand":0,"DemandMax":3,"Value":264},{"Length":8,"Height":47,"Demand":0,"DemandMax":3,"Value":1128},{"Length":60,"Height":93,"Demand":0,"DemandMax":3,"Value":11160},{"Length":24,"Height":23,"Demand":0,"DemandMax":3,"Value":552},{"Length":21,"Height":31,"Demand":0,"DemandMax":3,"Value":1953},{"Length":52,"Height":96,"Demand":0,"DemandMax":3,"Value":4992},{"Length":38,"Height":11,"Demand":0,"DemandMax":3,"Value":418},{"Length":78,"Height":5,"Demand":0,"DemandMax":3,"Value":780},{"Length":35,"Height":24,"Demand":0,"DemandMax":3,"Value":1680},{"Length":86,"Height":16,"Demand":0,"DemandMax":3,"Value":1376},{"Length":4,"Height":32,"Demand":0,"DemandMax":3,"Value":384},{"Length":24,"Height":22,"Demand":0,"DemandMax":3,"Value":1056},{"Length":5,"Height":41,"Demand":0,"DemandMax":3,"Value":205},{"Length":50,"Height":11,"Demand":0,"DemandMax":3,"Value":1100},{"Length":32,"Height":39,"Demand":0,"DemandMax":3,"Value":3744}]}