{"Name":"ngcutfs2_146","Objects":[{"Length":100,"Height":100,"Stock":null,"Cost":10000}],"Items":[{"Length":87,"Height":2,"Demand":0,"DemandMax":4,"Value":348},{"Length":79,"Height":95,"Demand":0,"DemandMax":4,"Value":15010},{"Length":9,"Height":6,"Demand":0,"DemandMax":4,"Value":162},{"Length":94,"Height":34,"Demand":0,"DemandMax":4,"Value":6392},{"Length":4,"Height":9,"Demand":0,"DemandMax":4,"Value":36},{"Length":41,"Height":83,"Demand":0,"DemandMax":4,"Value":10209},{"Length":75,"Height":91,"Demand":0,"DemandMax":4,"Value":6825},{"Length":84,"Height":33,"Demand":0,"DemandMax":4,"Value":8316},{"Length":17,"Height":26,"Demand":0,"DemandMax":4,"Value":1326},{"Length":4,"Height":89,"Demand":0,"DemandMax":4,"Value":1068},{"Length":33,"Height":44,"Demand":0,"DemandMax":8,"Value":2904},{"Length":77,"Height":36,"Demand":0,"DemandMax":4,"Value":2772},{"Length":35,"Height":26,"Demand":0,"DemandMax":4,"Value":2730},{"Length":98,"Height":42,"Demand":0,"DemandMax":4,"Value":4116},{"Length":29,"Height":83,"Demand":0,"DemandMax":4,"Value":2407},{"Length":51,"Height":61,"Demand":0,"DemandMax":4,"Value":9333},{"Length":66,"Height":63,"Demand":0,"DemandMax":4,"Value":8316},{"Length":11,"Height":34,"Demand":0,"DemandMax":4,"Value":748},{"Length":66,"Height":73,"Demand":0,"DemandMax":4,"Value":4818},{"Length":3,"Height":44,"Demand":0,"DemandMax":4,"Value":264},{"Length":89,"Height":45,"Demand":0,"DemandMax":4,"Value":8010},{"Length":14,"Height":90,"Demand":0,"DemandMax":4,"Value":2520},{"Length":62,"Height":69,"Demand":0,"DemandMax":4,"Value":12834},{"Length":5,"Height":45,"Demand":0,"DemandMax":4,"Value":225},{"Length":38,"Height":26,"Demand":0,"DemandMax":4,"Value":988},{"Length":33,"Height":11,"Demand":0,"DemandMax":4,"Value":726},{"Length":32,"Height":27,"Demand":0,"DemandMax":4,"Value":864},{"Length":7,"Height":18,"Demand":0,"DemandMax":4,"Value":252},{"Length":18,"Height":28,"Demand":0,"DemandMax":4,"Value":1512},{"Length":79,"Height":86,"Demand":0,"DemandMax":4,"Value":13588},{"Length":20,"Height":27,"Demand":0,"DemandMax":4,"Value":1080},{"Length":76,"Height":45,"Demand":0,"DemandMax":4,"Value":3420},{"Length":94,"Height":9,"Demand":0,"DemandMax":4,"Value":1692},{"Length":92,"Height":84,"Demand":0,"DemandMax":4,"Value":15456},{"Length":7,"Height":46,"Demand":0,"DemandMax":4,"Value":966},{"Length":87,"Height":5,"Demand":0,"DemandMax":4,"Value":435},{"Length":11,"Height":18,"Demand":0,"DemandMax":4,"Value":198},{"Length":61,"Height":97,"Demand":0,"DemandMax":4,"Value":11834},{"Length":28,"Height":76,"Demand":0,"DemandMax":4,"Value":6384},{"Length":30,"Height":93,"Demand":0,"DemandMax":4,"Value":8370},{"Length":35,"Height":27,"Demand":0,"DemandMax":4,"Value":2835},{"Length":43,"Height":83,"Demand":0,"DemandMax":4,"Value":7138},{"Length":15,"Height":78,"Demand":0,"DemandMax":4,"Value":1170},{"Length":12,"Height":31,"Demand":0,"DemandMax":4,"Value":1116},{"Length":52,"Height":93,"Demand":0,"DemandMax":4,"Value":4836},{"Length":46,"Height":3,"Demand":0,"DemandMax":4,"Value":276},{"Length":16,"Height":40,"Demand":0,"DemandMax":4,"Value":1920},{"Length":23,"Height":92,"Demand":0,"DemandMax":4,"Value":4232},{"Length":94,"Height":20,"Demand":0,"DemandMax":4,"Value":1880},{"Length":98,"Height":89,"Demand":0,"DemandMax":4,"Value":8722},{"Length":50,"Height":2,"Demand":0,"DemandMax":4,"Value":300},{"Length":49,"Height":49,"Demand":0,"DemandMax":4,"Value":7203},{"Length":66,"Height":67,"Demand":0,"DemandMax":4,"Value":4422},{"Length":42,"Height":48,"Demand":0,"DemandMax":4,"Value":4032},{"Length":7,"Height":42,"Demand":0,"DemandMax":4,"Value":882},{"Length":49,"Height":31,"Demand":0,"DemandMax":4,"Value":3038},{"Length":30,"Height":29,"Demand":0,"DemandMax":4,"Value":2610},{"Length":15,"Height":5,"Demand":0,"DemandMax":4,"Value":150},{"Length":76,"Height":46,"Demand":0,"DemandMax":4,"Value":6992},{"Length":99,"Height":75,"Demand":0,"DemandMax":4,"Value":22275},{"Length":27,"Height":19,"Demand":0,"DemandMax":4,"Value":1026},{"Length":77,"Height":73,"Demand":0,"DemandMax":4,"Value":11242},{"Length":64,"Height":87,"Demand":0,"DemandMax":4,"Value":16704},{"Length":28,"Height":46,"Demand":0,"DemandMax":4,"Value":3864},{"Length":98,"Height":64,"Demand":0,"DemandMax":4,"Value":18816},{"Length":6,"Height":84,"Demand":0,"DemandMax":4,"Value":1512},{"Length":3,"Height":37,"Demand":0,"DemandMax":4,"Value":222},{"Length":13,"Height":19,"Demand":0,"DemandMax":4,"Value":494},{"Length":31,"Height":4,"Demand":0,"DemandMax":4,"Value":372},{"Length":87,"Height":85,"Demand":0,"DemandMax":4,"Value":7395},{"Length":13,"Height":13,"Demand":0,"DemandMax":4,"Value":338},{"Length":11,"Height":45,"Demand":0,"DemandMax":4,"Value":1485},{"Length":24,"Height":18,"Demand":0,"DemandMax":4,"Value":1296},{"Length":45,"Height":25,"Demand":0,"DemandMax":4,"Value":1125},{"Length":22,"Height":42,"Demand":0,"DemandMax":4,"Value":2772},{"Length":44,"Height":18,"Demand":0,"DemandMax":4,"Value":792},{"Length":48,"Height":38,"Demand":0,"DemandMax":4,"Value":5472},{"Length":23,"Height":48,"Demand":0,"DemandMax":4,"Value":3312},{"Length":31,"Height":93,"Demand":0,"DemandMax":4,"Value":2883},{"Length":93,"Height":29,"Demand":0,"DemandMax":4,"Value":5394},{"Length":39,"Height":6,"Demand":0,"DemandMax":8,"Value":702},{"Length":93,"Height":86,"Demand":0,"DemandMax":4,"Value":15996},{"Length":4,"Height":8,"Demand":0,"DemandMax":4,"Value":32},{"Length":68,"Height":59,"Demand":0,"DemandMax":4,"Value":12036},{"Length":47,"Height":45,"Demand":0,"DemandMax":4,"Value":6345},{"Length":88,"Height":46,"Demand":0,"DemandMax":4,"Value":4048},{"Length":88,"Height":33,"Demand":0,"DemandMax":4,"Value":8712},{"Length":6,"Height":45,"Demand":0,"DemandMax":4,"Value":810},{"Length":37,"Height":98,"Demand":0,"DemandMax":4,"Value":3626},{"Length":37,"Height":47,"Demand":0,"DemandMax":4,"Value":1739},{"Length":41,"Height":45,"Demand":0,"DemandMax":4,"Value":1845},{"Length":93,"Height":72,"Demand":0,"DemandMax":4,"Value":6696},{"Length":6,"Height":11,"Demand":0,"DemandMax":4,"Value":132},{"Length":87,"Height":33,"Demand":0,"DemandMax":4,"Value":8613},{"Length":32,"Height":9,"Demand":0,"DemandMax":4,"Value":864},{"Length":45,"Height":90,"Demand":0,"DemandMax":4,"Value":8100},{"Length":66,"Height":66,"Demand":0,"DemandMax":4,"Value":4356},{"Length":14,"Height":84,"Demand":0,"DemandMax":4,"Value":2352},{"Length":32,"Height":6,"Demand":0,"DemandMax":4,"Value":192},{"Length":18,"Height":30,"Demand":0,"DemandMax":4,"Value":540},{"Length":10,"Height":48,"Demand":0,"DemandMax":4,"Value":960},{"Length":17,"Height":25,"Demand":0,"DemandMax":4,"Value":425},{"Length":32,"Height":10,"Demand":0,"DemandMax":4,"Value":320},{"Length":25,"Height":45,"Demand":0,"DemandMax":4,"Value":3375},{"Length":63,"Height":62,"Demand":0,"DemandMax":4,"Value":7812},{"Length":48,"Height":47,"Demand":0,"DemandMax":4,"Value":6768},{"Length":80,"Height":91,"Demand":0,"DemandMax":4,"Value":14560},{"Length":22,"Height":96,"Demand":0,"DemandMax":4,"Value":2112},{"Length":23,"Height":17,"Demand":0,"DemandMax":4,"Value":1173},{"Length":20,"Height":96,"Demand":0,"DemandMax":4,"Value":5760},{"Length":77,"Height":43,"Demand":0,"DemandMax":8,"Value":6622},{"Length":45,"Height":5,"Demand":0,"DemandMax":4,"Value":225},{"Length":39,"Height":35,"Demand":0,"DemandMax":4,"Value":4095},{"Length":15,"Height":44,"Demand":0,"DemandMax":4,"Value":660},{"Length":40,"Height":79,"Demand":0,"DemandMax":4,"Value":9480},{"Length":89,"Height":5,"Demand":0,"DemandMax":4,"Value":445},{"Length":68,"Height":65,"Demand":0,"DemandMax":4,"Value":8840},{"Length":38,"Height":19,"Demand":0,"DemandMax":4,"Value":722},{"Length":88,"Height":42,"Demand":0,"DemandMax":4,"Value":11088},{"Length":74,"Height":53,"Demand":0,"DemandMax":4,"Value":7844},{"Length":43,"Height":16,"Demand":0,"DemandMax":4,"Value":688},{"Length":79,"Height":17,"Demand":0,"DemandMax":4,"Value":2686},{"Length":100,"Height":46,"Demand":0,"DemandMax":4,"Value":4600},{"Length":44,"Height":35,"Demand":0,"DemandMax":4,"Value":1540},{"Length":23,"Height":10,"Demand":0,"DemandMax":4,"Value":690},{"Length":84,"Height":56,"Demand":0,"DemandMax":4,"Value":4704},{"Length":94,"Height":69,"Demand":0,"DemandMax":4,"Value":19458},{"Length":45,"Height":14,"Demand":0,"DemandMax":4,"Value":630},{"Length":3,"Height":14,"Demand":0,"DemandMax":4,"Value":126},{"Length":13,"Height":90,"Demand":0,"DemandMax":4,"Value":1170},{"Length":99,"Height":35,"Demand":0,"DemandMax":4,"Value":3465},{"Length":95,"Height":44,"Demand":0,"DemandMax":4,"Value":12540},{"Length":13,"Height":9,"Demand":0,"DemandMax":4,"Value":234},{"Length":4,"Height":98,"Demand":0,"DemandMax":4,"Value":1176},{"Length":21,"Height":88,"Demand":0,"DemandMax":4,"Value":3696},{"Length":4,"Height":23,"Demand":0,"DemandMax":4,"Value":276},{"Length":81,"Height":52,"Demand":0,"DemandMax":4,"Value":12636},{"Length":38,"Height":9,"Demand":0,"DemandMax":4,"Value":684},{"Length":48,"Height":49,"Demand":0,"DemandMax":4,"Value":7056},{"Length":97,"Height":31,"Demand":0,"DemandMax":4,"Value":6014},{"Length":16,"Height":31,"Demand":0,"DemandMax":4,"Value":1488},{"Length":9,"Height":42,"Demand":0,"DemandMax":4,"Value":1134},{"Length":94,"Height":28,"Demand":0,"DemandMax":4,"Value":7896},{"Length":3,"Height":93,"Demand":0,"DemandMax":4,"Value":558},{"Length":46,"Height":15,"Demand":0,"DemandMax":4,"Value":690},{"Length":36,"Height":17,"Demand":0,"DemandMax":4,"Value":1836},{"Length":46,"Height":11,"Demand":0,"DemandMax":4,"Value":1518},{"Length":6,"Height":9,"Demand":0,"DemandMax":4,"Value":108},{"Length":92,"Height":83,"Demand":0,"DemandMax":4,"Value":15272},{"Length":4,"Height":26,"Demand":0,"DemandMax":4,"Value":208},{"Length":19,"Height":2,"Demand":0,"DemandMax":4,"Value":76},{"Length":2,"Height":78,"Demand":0,"DemandMax":4,"Value":312},{"Length":97,"Height":97,"Demand":0,"DemandMax":4,"Value":28227},{"Length":93,"Height":37,"Demand":0,"DemandMax":4,"Value":6882},{"Length":53,"Height":76,"Demand":0,"DemandMax":4,"Value":4028},{"Length":89,"Height":59,"Demand":0,"DemandMax":4,"Value":10502},{"Length":99,"Height":36,"Demand":0,"DemandMax":4,"Value":3564},{"Length":39,"Height":5,"Demand":0,"DemandMax":4,"Value":195},{"Length":19,"Height":6,"Demand":0,"DemandMax":4,"Value":228},{"Length":19,"Height":22,"Demand":0,"DemandMax":4,"Value":418},{"Length":13,"Height":90,"Demand":0,"DemandMax":4,"Value":2340},{"Length":79,"Height":66,"Demand":0,"DemandMax":4,"Value":5214},{"Length":35,"Height":42,"Demand":0,"DemandMax":4,"Value":4410},{"Length":79,"Height":50,"Demand":0,"DemandMax":4,"Value":7900},{"Length":30,"Height":30,"Demand":0,"DemandMax":4,"Value":2700},{"Length":39,"Height":6,"Demand":0,"DemandMax":4,"Value":468},{"Length":42,"Height":17,"Demand":0,"DemandMax":4,"Value":1428},{"Length":44,"Height":94,"Demand":0,"DemandMax":4,"Value":8272},{"Length":90,"Height":33,"Demand":0,"DemandMax":4,"Value":8910},{"Length":84,"Height":10,"Demand":0,"DemandMax":4,"Value":840},{"Length":23,"Height":41,"Demand":0,"DemandMax":4,"Value":943},{"Length":45,"Height":38,"Demand":0,"DemandMax":4,"Value":5130},{"Length":56,"Height":79,"Demand":0,"DemandMax":4,"Value":8848},{"Length":77,"Height":50,"Demand":0,"DemandMax":4,"Value":7700},{"Length":36,"Height":99,"Demand":0,"DemandMax":4,"Value":7128},{"Length":45,"Height":48,"Demand":0,"DemandMax":4,"Value":6480},{"Length":9,"Height":95,"Demand":0,"DemandMax":4,"Value":855},{"Length":31,"Height":38,"Demand":0,"DemandMax":4,"Value":2356},{"Length":53,"Height":96,"Demand":0,"DemandMax":4,"Value":5088},{"Length":21,"Height":39,"Demand":0,"DemandMax":4,"Value":819},{"Length":90,"Height":80,"Demand":0,"DemandMax":4,"Value":21600},{"Length":31,"Height":37,"Demand":0,"DemandMax":4,"Value":3441},{"Length":25,"Height":99,"Demand":0,"DemandMax":4,"Value":2475},{"Length":76,"Height":32,"Demand":0,"DemandMax":4,"Value":2432},{"Length":10,"Height":30,"Demand":0,"DemandMax":4,"Value":900},{"Length":15,"Height":30,"Demand":0,"DemandMax":4,"Value":1350},{"Length":50,"Height":48,"Demand":0,"DemandMax":4,"Value":4800},{"Length":11,"Height":13,"Demand":0,"DemandMax":4,"Value":286},{"Length":94,"Height":20,"Demand":0,"DemandMax":4,"Value":3760},{"Length":38,"Height":21,"Demand":0,"DemandMax":4,"Value":2394},{"Length":59,"Height":87,"Demand":0,"DemandMax":4,"Value":15399},{"Length":90,"Height":9,"Demand":0,"DemandMax":4,"Value":810},{"Length":94,"Height":68,"Demand":0,"DemandMax":4,"Value":19176},{"Length":31,"Height":76,"Demand":0,"DemandMax":4,"Value":4712},{"Length":97,"Height":97,"Demand":0,"DemandMax":4,"Value":18818},{"Length":89,"Height":86,"Demand":0,"DemandMax":4,"Value":7654},{"Length":16,"Height":47,"Demand":0,"DemandMax":4,"Value":752},{"Length":17,"Height":27,"Demand":0,"DemandMax":4,"Value":459},{"Length":12,"Height":33,"Demand":0,"DemandMax":4,"Value":792},{"Length":78,"Height":97,"Demand":0,"DemandMax":4,"Value":7566},{"Length":94,"Height":11,"Demand":0,"DemandMax":4,"Value":3102},{"Length":82,"Height":47,"Demand":0,"DemandMax":4,"Value":3854},{"Length":24,"Height":48,"Demand":0,"DemandMax":4,"Value":3456},{"Length":19,"Height":81,"Demand":0,"DemandMax":4,"Value":1539},{"Length":15,"Height":36,"Demand":0,"DemandMax":4,"Value":1080},{"Length":79,"Height":30,"Demand":0,"DemandMax":4,"Value":4740},{"Length":10,"Height":32,"Demand":0,"DemandMax":4,"Value":320},{"Length":56,"Height":56,"Demand":0,"DemandMax":4,"Value":3136},{"Length":94,"Height":48,"Demand":0,"DemandMax":4,"Value":9024},{"Length":16,"Height":25,"Demand":0,"DemandMax":4,"Value":400},{"Length":96,"Height":2,"Demand":0,"DemandMax":4,"Value":576},{"Length":20,"Height":2,"Demand":0,"DemandMax":4,"Value":120},{"Length":2,"Height":39,"Demand":0,"DemandMax":4,"Value":156},{"Length":13,"Height":20,"Demand":0,"DemandMax":4,"Value":520},{"Length":19,"Height":26,"Demand":0,"DemandMax":4,"Value":988},{"Length":10,"Height":81,"Demand":0,"DemandMax":4,"Value":2430},{"Length":6,"Height":23,"Demand":0,"DemandMax":4,"Value":138},{"Length":17,"Height":50,"Demand":0,"DemandMax":4,"Value":1700},{"Length":47,"Height":77,"Demand":0,"DemandMax":4,"Value":7238},{"Length":8,"Height":82,"Demand":0,"DemandMax":4,"Value":1312},{"Length":97,"Height":35,"Demand":0,"DemandMax":4,"Value":10185},{"Length":93,"Height":57,"Demand":0,"DemandMax":4,"Value":10602},{"Length":96,"Height":43,"Demand":0,"DemandMax":4,"Value":12384},{"Length":88,"Height":70,"Demand":0,"DemandMax":4,"Value":12320},{"Length":93,"Height":5,"Demand":0,"DemandMax":4,"Value":465},{"Length":3,"Height":41,"Demand":0,"DemandMax":4,"Value":246},{"Length":95,"Height":17,"Demand":0,"DemandMax":4,"Value":3230},{"Length":36,"Height":42,"Demand":0,"DemandMax":4,"Value":1512},{"Length":31,"Height":32,"Demand":0,"DemandMax":4,"Value":992},{"Length":49,"Height":43,"Demand":0,"DemandMax":4,"Value":4214},{"Length":37,"Height":33,"Demand":0,"DemandMax":4,"Value":1221},{"Length":33,"Height":11,"Demand":0,"DemandMax":4,"Value":1089},{"Length":32,"Height":32,"Demand":0,"DemandMax":4,"Value":3072},{"Length":45,"Height":42,"Demand":0,"DemandMax":4,"Value":3780},{"Length":21,"Height":76,"Demand":0,"DemandMax":4,"Value":4788},{"Length":33,"Height":49,"Demand":0,"DemandMax":4,"Value":1617},{"Length":47,"Height":6,"Demand":0,"DemandMax":4,"Value":564},{"Length":36,"Height":32,"Demand":0,"DemandMax":4,"Value":2304},{"Length":100,"Height":88,"Demand":0,"DemandMax":4,"Value":8800},{"Length":49,"Height":4,"Demand":0,"DemandMax":4,"Value":196},{"Length":82,"Height":40,"Demand":0,"DemandMax":4,"Value":3280},{"Length":46,"Height":10,"Demand":0,"DemandMax":4,"Value":1380},{"Length":77,"Height":4,"Demand":0,"DemandMax":4,"Value":616},{"Length":43,"Height":20,"Demand":0,"DemandMax":4,"Value":860},{"Length":59,"Height":51,"Demand":0,"DemandMax":4,"Value":6018},{"Length":31,"Height":35,"Demand":0,"DemandMax":4,"Value":2170},{"Length":36,"Height":92,"Demand":0,"DemandMax":4,"Value":6624}]}