{"Name":"ngcutfs2_137","Objects":[{"Length":100,"Height":100,"Stock":null,"Cost":10000}],"Items":[{"Length":35,"Height":21,"Demand":0,"DemandMax":3,"Value":1470},{"Length":17,"Height":11,"Demand":0,"DemandMax":3,"Value":187},{"Length":44,"Height":20,"Demand":0,"DemandMax":3,"Value":880},{"Length":92,"Height":2,"Demand":0,"DemandMax":3,"Value":184},{"Length":96,"Height":32,"Demand":0,"DemandMax":3,"Value":3072},{"Length":2,"Height":46,"Demand":0,"DemandMax":3,"Value":184},{"Length":29,"Height":41,"Demand":0,"DemandMax":3,"Value":1189},{"Length":81,"Height":8,"Demand":0,"DemandMax":3,"Value":1944},{"Length":33,"Height":32,"Demand":0,"DemandMax":3,"Value":2112},{"Length":41,"Height":22,"Demand":0,"DemandMax":3,"Value":2706},{"Length":72,"Height":100,"Demand":0,"DemandMax":3,"Value":21600},{"Length":24,"Height":24,"Demand":0,"DemandMax":3,"Value":576},{"Length":42,"Height":34,"Demand":0,"DemandMax":3,"Value":2856},{"Length":96,"Height":46,"Demand":0,"DemandMax":3,"Value":13248},{"Length":61,"Height":87,"Demand":0,"DemandMax":3,"Value":10614},{"Length":94,"Height":36,"Demand":0,"DemandMax":3,"Value":10152},{"Length":21,"Height":25,"Demand":0,"DemandMax":3,"Value":525},{"Length":4,"Height":31,"Demand":0,"DemandMax":3,"Value":372},{"Length":47,"Height":38,"Demand":0,"DemandMax":3,"Value":3572},{"Length":92,"Height":44,"Demand":0,"DemandMax":3,"Value":12144},{"Length":18,"Height":13,"Demand":0,"DemandMax":3,"Value":702},{"Length":91,"Height":16,"Demand":0,"DemandMax":3,"Value":2912},{"Length":27,"Height":93,"Demand":0,"DemandMax":3,"Value":7533},{"Length":97,"Height":36,"Demand":0,"DemandMax":3,"Value":10476},{"Length":98,"Height":51,"Demand":0,"DemandMax":3,"Value":9996},{"Length":98,"Height":50,"Demand":0,"DemandMax":3,"Value":14700},{"Length":49,"Height":97,"Demand":0,"DemandMax":3,"Value":14259},{"Length":42,"Height":37,"Demand":0,"DemandMax":3,"Value":1554},{"Length":50,"Height":16,"Demand":0,"DemandMax":3,"Value":800},{"Length":77,"Height":43,"Demand":0,"DemandMax":3,"Value":9933},{"Length":24,"Height":41,"Demand":0,"DemandMax":3,"Value":1968},{"Length":16,"Height":78,"Demand":0,"DemandMax":3,"Value":3744},{"Length":30,"Height":81,"Demand":0,"DemandMax":3,"Value":7290},{"Length":86,"Height":52,"Demand":0,"DemandMax":3,"Value":13416},{"Length":42,"Height":25,"Demand":0,"DemandMax":3,"Value":3150},{"Length":28,"Height":7,"Demand":0,"DemandMax":3,"Value":196},{"Length":43,"Height":37,"Demand":0,"DemandMax":3,"Value":1591},{"Length":18,"Height":10,"Demand":0,"DemandMax":3,"Value":180},{"Length":80,"Height":26,"Demand":0,"DemandMax":3,"Value":2080},{"Length":24,"Height":5,"Demand":0,"DemandMax":3,"Value":360},{"Length":70,"Height":99,"Demand":0,"DemandMax":3,"Value":20790},{"Length":5,"Height":39,"Demand":0,"DemandMax":3,"Value":390},{"Length":7,"Height":13,"Demand":0,"DemandMax":3,"Value":182},{"Length":55,"Height":67,"Demand":0,"DemandMax":3,"Value":3685},{"Length":12,"Height":29,"Demand":0,"DemandMax":3,"Value":348},{"Length":90,"Height":29,"Demand":0,"DemandMax":3,"Value":7830},{"Length":33,"Height":29,"Demand":0,"DemandMax":3,"Value":957},{"Length":8,"Height":100,"Demand":0,"DemandMax":3,"Value":2400},{"Length":79,"Height":44,"Demand":0,"DemandMax":3,"Value":10428},{"Length":43,"Height":92,"Demand":0,"DemandMax":3,"Value":3956},{"Length":86,"Height":34,"Demand":0,"DemandMax":3,"Value":2924},{"Length":87,"Height":76,"Demand":0,"DemandMax":3,"Value":6612},{"Length":33,"Height":81,"Demand":0,"DemandMax":3,"Value":8019},{"Length":37,"Height":5,"Demand":0,"DemandMax":3,"Value":555},{"Length":15,"Height":48,"Demand":0,"DemandMax":3,"Value":720},{"Length":86,"Height":86,"Demand":0,"DemandMax":3,"Value":7396},{"Length":56,"Height":68,"Demand":0,"DemandMax":3,"Value":7616},{"Length":80,"Height":76,"Demand":0,"DemandMax":3,"Value":12160},{"Length":85,"Height":32,"Demand":0,"DemandMax":3,"Value":2720},{"Length":35,"Height":99,"Demand":0,"DemandMax":3,"Value":6930},{"Length":14,"Height":25,"Demand":0,"DemandMax":3,"Value":350},{"Length":12,"Height":35,"Demand":0,"DemandMax":3,"Value":420},{"Length":20,"Height":78,"Demand":0,"DemandMax":3,"Value":1560},{"Length":46,"Height":100,"Demand":0,"DemandMax":3,"Value":13800},{"Length":22,"Height":41,"Demand":0,"DemandMax":3,"Value":2706},{"Length":23,"Height":28,"Demand":0,"DemandMax":3,"Value":1932},{"Length":44,"Height":29,"Demand":0,"DemandMax":3,"Value":2552},{"Length":79,"Height":41,"Demand":0,"DemandMax":3,"Value":9717},{"Length":22,"Height":98,"Demand":0,"DemandMax":3,"Value":4312},{"Length":43,"Height":44,"Demand":0,"DemandMax":3,"Value":3784},{"Length":24,"Height":4,"Demand":0,"DemandMax":3,"Value":192},{"Length":51,"Height":86,"Demand":0,"DemandMax":3,"Value":13158},{"Length":11,"Height":46,"Demand":0,"DemandMax":3,"Value":1518},{"Length":66,"Height":70,"Demand":0,"DemandMax":3,"Value":4620},{"Length":79,"Height":90,"Demand":0,"DemandMax":3,"Value":14220},{"Length":30,"Height":34,"Demand":0,"DemandMax":3,"Value":1020},{"Length":23,"Height":37,"Demand":0,"DemandMax":3,"Value":1702},{"Length":19,"Height":12,"Demand":0,"DemandMax":3,"Value":228},{"Length":97,"Height":56,"Demand":0,"DemandMax":3,"Value":10864},{"Length":91,"Height":12,"Demand":0,"DemandMax":3,"Value":2184},{"Length":4,"Height":17,"Demand":0,"DemandMax":3,"Value":68},{"Length":40,"Height":34,"Demand":0,"DemandMax":3,"Value":1360},{"Length":37,"Height":14,"Demand":0,"DemandMax":3,"Value":1036},{"Length":20,"Height":88,"Demand":0,"DemandMax":3,"Value":5280},{"Length":34,"Height":20,"Demand":0,"DemandMax":3,"Value":680},{"Length":92,"Height":18,"Demand":0,"DemandMax":3,"Value":1656},{"Length":48,"Height":100,"Demand":0,"DemandMax":3,"Value":4800},{"Length":38,"Height":22,"Demand":0,"DemandMax":3,"Value":2508},{"Length":81,"Height":17,"Demand":0,"DemandMax":3,"Value":4131},{"Length":21,"Height":8,"Demand":0,"DemandMax":3,"Value":504},{"Length":47,"Height":45,"Demand":0,"DemandMax":3,"Value":2115},{"Length":79,"Height":5,"Demand":0,"DemandMax":3,"Value":395},{"Length":85,"Height":9,"Demand":0,"DemandMax":3,"Value":1530},{"Length":36,"Height":90,"Demand":0,"DemandMax":3,"Value":6480},{"Length":100,"Height":28,"Demand":0,"DemandMax":3,"Value":8400},{"Length":82,"Height":24,"Demand":0,"DemandMax":3,"Value":3936},{"Length":77,"Height":40,"Demand":0,"DemandMax":3,"Value":3080},{"Length":30,"Height":29,"Demand":0,"DemandMax":3,"Value":2610},{"Length":22,"Height":44,"Demand":0,"DemandMax":3,"Value":1936},{"Length":28,"Height":31,"Demand":0,"DemandMax":3,"Value":1736},{"Length":3,"Height":4,"Demand":0,"DemandMax":3,"Value":12},{"Length":39,"Height":48,"Demand":0,"DemandMax":3,"Value":5616},{"Length":40,"Height":50,"Demand":0,"DemandMax":3,"Value":4000},{"Length":34,"Height":30,"Demand":0,"DemandMax":3,"Value":2040},{"Length":85,"Height":20,"Demand":0,"DemandMax":3,"Value":1700},{"Length":20,"Height":29,"Demand":0,"DemandMax":3,"Value":1160},{"Length":30,"Height":34,"Demand":0,"DemandMax":3,"Value":2040},{"Length":32,"Height":22,"Demand":0,"DemandMax":3,"Value":1408},{"Length":28,"Height":89,"Demand":0,"DemandMax":3,"Value":7476},{"Length":40,"Height":5,"Demand":0,"DemandMax":3,"Value":600},{"Length":9,"Height":46,"Demand":0,"DemandMax":3,"Value":828},{"Length":98,"Height":48,"Demand":0,"DemandMax":3,"Value":9408},{"Length":32,"Height":35,"Demand":0,"DemandMax":3,"Value":1120},{"Length":19,"Height":2,"Demand":0,"DemandMax":3,"Value":38},{"Length":32,"Height":44,"Demand":0,"DemandMax":3,"Value":2816},{"Length":91,"Height":78,"Demand":0,"DemandMax":3,"Value":21294},{"Length":21,"Height":33,"Demand":0,"DemandMax":3,"Value":1386},{"Length":97,"Height":16,"Demand":0,"DemandMax":3,"Value":3104},{"Length":20,"Height":30,"Demand":0,"DemandMax":3,"Value":600},{"Length":49,"Height":38,"Demand":0,"DemandMax":3,"Value":1862},{"Length":37,"Height":11,"Demand":0,"DemandMax":3,"Value":814},{"Length":29,"Height":32,"Demand":0,"DemandMax":3,"Value":928},{"Length":42,"Height":2,"Demand":0,"DemandMax":3,"Value":84},{"Length":78,"Height":96,"Demand":0,"DemandMax":3,"Value":14976},{"Length":56,"Height":100,"Demand":0,"DemandMax":3,"Value":11200},{"Length":7,"Height":86,"Demand":0,"DemandMax":3,"Value":1204},{"Length":22,"Height":17,"Demand":0,"DemandMax":3,"Value":1122},{"Length":50,"Height":84,"Demand":0,"DemandMax":3,"Value":4200},{"Length":50,"Height":80,"Demand":0,"DemandMax":3,"Value":8000},{"Length":77,"Height":49,"Demand":0,"DemandMax":3,"Value":3773},{"Length":3,"Height":48,"Demand":0,"DemandMax":3,"Value":288},{"Length":99,"Height":71,"Demand":0,"DemandMax":3,"Value":14058},{"Length":24,"Height":32,"Demand":0,"DemandMax":3,"Value":2304},{"Length":45,"Height":92,"Demand":0,"DemandMax":3,"Value":8280},{"Length":56,"Height":69,"Demand":0,"DemandMax":3,"Value":11592},{"Length":38,"Height":17,"Demand":0,"DemandMax":3,"Value":1292},{"Length":2,"Height":33,"Demand":0,"DemandMax":3,"Value":132},{"Length":35,"Height":19,"Demand":0,"DemandMax":6,"Value":1995},{"Length":80,"Height":10,"Demand":0,"DemandMax":3,"Value":800},{"Length":14,"Height":26,"Demand":0,"DemandMax":3,"Value":364},{"Length":83,"Height":44,"Demand":0,"DemandMax":3,"Value":10956},{"Length":6,"Height":24,"Demand":0,"DemandMax":3,"Value":288},{"Length":12,"Height":15,"Demand":0,"DemandMax":3,"Value":180},{"Length":29,"Height":90,"Demand":0,"DemandMax":3,"Value":5220},{"Length":98,"Height":26,"Demand":0,"DemandMax":3,"Value":7644},{"Length":4,"Height":21,"Demand":0,"DemandMax":3,"Value":84},{"Length":20,"Height":31,"Demand":0,"DemandMax":3,"Value":1240},{"Length":81,"Height":82,"Demand":0,"DemandMax":3,"Value":13284},{"Length":3,"Height":21,"Demand":0,"DemandMax":3,"Value":63},{"Length":91,"Height":36,"Demand":0,"DemandMax":3,"Value":6552},{"Length":35,"Height":92,"Demand":0,"DemandMax":3,"Value":9660},{"Length":2,"Height":11,"Demand":0,"DemandMax":3,"Value":66},{"Length":50,"Height":18,"Demand":0,"DemandMax":3,"Value":1800},{"Length":18,"Height":40,"Demand":0,"DemandMax":3,"Value":2160},{"Length":46,"Height":37,"Demand":0,"DemandMax":3,"Value":1702},{"Length":31,"Height":40,"Demand":0,"DemandMax":3,"Value":1240},{"Length":84,"Height":73,"Demand":0,"DemandMax":3,"Value":12264},{"Length":81,"Height":79,"Demand":0,"DemandMax":3,"Value":6399},{"Length":16,"Height":49,"Demand":0,"DemandMax":3,"Value":784},{"Length":39,"Height":85,"Demand":0,"DemandMax":3,"Value":6630},{"Length":80,"Height":94,"Demand":0,"DemandMax":3,"Value":22560},{"Length":27,"Height":24,"Demand":0,"DemandMax":3,"Value":1296},{"Length":82,"Height":36,"Demand":0,"DemandMax":3,"Value":8856},{"Length":5,"Height":35,"Demand":0,"DemandMax":3,"Value":350},{"Length":49,"Height":28,"Demand":0,"DemandMax":3,"Value":2744},{"Length":97,"Height":47,"Demand":0,"DemandMax":3,"Value":4559},{"Length":43,"Height":76,"Demand":0,"DemandMax":3,"Value":6536},{"Length":26,"Height":27,"Demand":0,"DemandMax":3,"Value":1404},{"Length":35,"Height":28,"Demand":0,"DemandMax":3,"Value":2940},{"Length":95,"Height":60,"Demand":0,"DemandMax":3,"Value":5700},{"Length":78,"Height":23,"Demand":0,"DemandMax":3,"Value":3588},{"Length":78,"Height":4,"Demand":0,"DemandMax":3,"Value":624},{"Length":10,"Height":48,"Demand":0,"DemandMax":3,"Value":480},{"Length":30,"Height":47,"Demand":0,"DemandMax":3,"Value":2820},{"Length":14,"Height":5,"Demand":0,"DemandMax":3,"Value":70},{"Length":45,"Height":10,"Demand":0,"DemandMax":3,"Value":1350},{"Length":41,"Height":33,"Demand":0,"DemandMax":3,"Value":4059},{"Length":75,"Height":85,"Demand":0,"DemandMax":3,"Value":19125},{"Length":98,"Height":42,"Demand":0,"DemandMax":3,"Value":12348},{"Length":21,"Height":90,"Demand":0,"DemandMax":3,"Value":5670},{"Length":34,"Height":25,"Demand":0,"DemandMax":3,"Value":1700},{"Length":18,"Height":11,"Demand":0,"DemandMax":3,"Value":396},{"Length":15,"Height":3,"Demand":0,"DemandMax":3,"Value":135},{"Length":91,"Height":36,"Demand":0,"DemandMax":3,"Value":9828},{"Length":3,"Height":20,"Demand":0,"DemandMax":3,"Value":180},{"Length":84,"Height":3,"Demand":0,"DemandMax":3,"Value":504},{"Length":96,"Height":96,"Demand":0,"DemandMax":3,"Value":27648},{"Length":45,"Height":45,"Demand":0,"DemandMax":3,"Value":2025},{"Length":2,"Height":23,"Demand":0,"DemandMax":3,"Value":138},{"Length":31,"Height":33,"Demand":0,"DemandMax":3,"Value":3069},{"Length":31,"Height":43,"Demand":0,"DemandMax":3,"Value":3999},{"Length":97,"Height":23,"Demand":0,"DemandMax":3,"Value":4462},{"Length":27,"Height":23,"Demand":0,"DemandMax":3,"Value":1863},{"Length":15,"Height":39,"Demand":0,"DemandMax":3,"Value":585},{"Length":45,"Height":41,"Demand":0,"DemandMax":3,"Value":5535},{"Length":21,"Height":37,"Demand":0,"DemandMax":3,"Value":1554},{"Length":36,"Height":5,"Demand":0,"DemandMax":3,"Value":360},{"Length":21,"Height":21,"Demand":0,"DemandMax":3,"Value":882},{"Length":28,"Height":25,"Demand":0,"DemandMax":3,"Value":1400},{"Length":4,"Height":22,"Demand":0,"DemandMax":3,"Value":264},{"Length":86,"Height":6,"Demand":0,"DemandMax":3,"Value":1548},{"Length":67,"Height":80,"Demand":0,"DemandMax":3,"Value":16080},{"Length":46,"Height":43,"Demand":0,"DemandMax":3,"Value":5934},{"Length":21,"Height":97,"Demand":0,"DemandMax":3,"Value":2037},{"Length":8,"Height":42,"Demand":0,"DemandMax":3,"Value":1008},{"Length":90,"Height":16,"Demand":0,"DemandMax":3,"Value":2880},{"Length":49,"Height":85,"Demand":0,"DemandMax":3,"Value":12495},{"Length":95,"Height":50,"Demand":0,"DemandMax":3,"Value":4750},{"Length":19,"Height":4,"Demand":0,"DemandMax":3,"Value":152},{"Length":43,"Height":96,"Demand":0,"DemandMax":3,"Value":8256},{"Length":95,"Height":15,"Demand":0,"DemandMax":3,"Value":2850},{"Length":91,"Height":59,"Demand":0,"DemandMax":3,"Value":10738},{"Length":92,"Height":35,"Demand":0,"DemandMax":3,"Value":9660},{"Length":100,"Height":46,"Demand":0,"DemandMax":3,"Value":4600},{"Length":9,"Height":13,"Demand":0,"DemandMax":3,"Value":234},{"Length":8,"Height":35,"Demand":0,"DemandMax":3,"Value":560},{"Length":81,"Height":46,"Demand":0,"DemandMax":3,"Value":11178},{"Length":14,"Height":17,"Demand":0,"DemandMax":3,"Value":714},{"Length":94,"Height":19,"Demand":0,"DemandMax":3,"Value":5358},{"Length":16,"Height":46,"Demand":0,"DemandMax":3,"Value":2208},{"Length":37,"Height":92,"Demand":0,"DemandMax":3,"Value":6808},{"Length":16,"Height":32,"Demand":0,"DemandMax":3,"Value":1024},{"Length":8,"Height":77,"Demand":0,"DemandMax":3,"Value":616},{"Length":76,"Height":35,"Demand":0,"DemandMax":3,"Value":5320},{"Length":24,"Height":26,"Demand":0,"DemandMax":3,"Value":1248},{"Length":31,"Height":12,"Demand":0,"DemandMax":3,"Value":744},{"Length":24,"Height":92,"Demand":0,"DemandMax":3,"Value":6624},{"Length":58,"Height":86,"Demand":0,"DemandMax":3,"Value":4988},{"Length":16,"Height":78,"Demand":0,"DemandMax":3,"Value":1248},{"Length":6,"Height":32,"Demand":0,"DemandMax":3,"Value":384},{"Length":8,"Height":18,"Demand":0,"DemandMax":3,"Value":288},{"Length":24,"Height":30,"Demand":0,"DemandMax":3,"Value":2160},{"Length":77,"Height":73,"Demand":0,"DemandMax":3,"Value":16863},{"Length":93,"Height":28,"Demand":0,"DemandMax":3,"Value":5208},{"Length":26,"Height":19,"Demand":0,"DemandMax":3,"Value":988},{"Length":89,"Height":48,"Demand":0,"DemandMax":3,"Value":8544},{"Length":86,"Height":39,"Demand":0,"DemandMax":3,"Value":3354},{"Length":7,"Height":95,"Demand":0,"DemandMax":3,"Value":1995},{"Length":88,"Height":60,"Demand":0,"DemandMax":3,"Value":10560},{"Length":92,"Height":8,"Demand":0,"DemandMax":3,"Value":1472},{"Length":49,"Height":92,"Demand":0,"DemandMax":3,"Value":9016},{"Length":76,"Height":5,"Demand":0,"DemandMax":3,"Value":1140},{"Length":64,"Height":67,"Demand":0,"DemandMax":3,"Value":12864},{"Length":26,"Height":80,"Demand":0,"DemandMax":3,"Value":2080},{"Length":12,"Height":30,"Demand":0,"DemandMax":3,"Value":360},{"Length":68,"Height":73,"Demand":0,"DemandMax":3,"Value":4964},{"Length":20,"Height":9,"Demand":0,"DemandMax":3,"Value":180},{"Length":84,"Height":55,"Demand":0,"DemandMax":3,"Value":9240},{"Length":44,"Height":31,"Demand":0,"DemandMax":3,"Value":1364}]}