{"Name":"ngcutfs1_207","Objects":[{"Length":100,"Height":100,"Stock":null,"Cost":10000}],"Items":[{"Length":88,"Height":7,"Demand":0,"DemandMax":4,"Value":1848},{"Length":34,"Height":41,"Demand":0,"DemandMax":4,"Value":4182},{"Length":100,"Height":43,"Demand":0,"DemandMax":4,"Value":12900},{"Length":66,"Height":62,"Demand":0,"DemandMax":4,"Value":12276},{"Length":73,"Height":79,"Demand":0,"DemandMax":4,"Value":17301},{"Length":29,"Height":20,"Demand":0,"DemandMax":4,"Value":580},{"Length":3,"Height":86,"Demand":0,"DemandMax":4,"Value":258},{"Length":7,"Height":49,"Demand":0,"DemandMax":4,"Value":343},{"Length":6,"Height":49,"Demand":0,"DemandMax":4,"Value":588},{"Length":96,"Height":5,"Demand":0,"DemandMax":4,"Value":480},{"Length":43,"Height":44,"Demand":0,"DemandMax":4,"Value":3784},{"Length":46,"Height":35,"Demand":0,"DemandMax":4,"Value":4830},{"Length":49,"Height":15,"Demand":0,"DemandMax":4,"Value":2205},{"Length":40,"Height":39,"Demand":0,"DemandMax":4,"Value":3120},{"Length":92,"Height":33,"Demand":0,"DemandMax":4,"Value":6072},{"Length":34,"Height":35,"Demand":0,"DemandMax":4,"Value":3570},{"Length":13,"Height":81,"Demand":0,"DemandMax":4,"Value":3159},{"Length":41,"Height":93,"Demand":0,"DemandMax":4,"Value":7626},{"Length":33,"Height":27,"Demand":0,"DemandMax":4,"Value":1782},{"Length":44,"Height":24,"Demand":0,"DemandMax":4,"Value":1056},{"Length":83,"Height":49,"Demand":0,"DemandMax":4,"Value":4067},{"Length":92,"Height":100,"Demand":0,"DemandMax":4,"Value":27600},{"Length":37,"Height":49,"Demand":0,"DemandMax":4,"Value":3626},{"Length":43,"Height":34,"Demand":0,"DemandMax":8,"Value":4386},{"Length":58,"Height":97,"Demand":0,"DemandMax":8,"Value":16878},{"Length":52,"Height":83,"Demand":0,"DemandMax":4,"Value":12948},{"Length":86,"Height":30,"Demand":0,"DemandMax":8,"Value":5160},{"Length":5,"Height":88,"Demand":0,"DemandMax":4,"Value":440},{"Length":96,"Height":20,"Demand":0,"DemandMax":4,"Value":1920},{"Length":99,"Height":91,"Demand":0,"DemandMax":4,"Value":9009},{"Length":6,"Height":38,"Demand":0,"DemandMax":4,"Value":456},{"Length":50,"Height":27,"Demand":0,"DemandMax":4,"Value":1350},{"Length":93,"Height":46,"Demand":0,"DemandMax":8,"Value":4278},{"Length":47,"Height":48,"Demand":0,"DemandMax":4,"Value":4512},{"Length":16,"Height":99,"Demand":0,"DemandMax":4,"Value":1584},{"Length":77,"Height":24,"Demand":0,"DemandMax":4,"Value":3696},{"Length":42,"Height":98,"Demand":0,"DemandMax":4,"Value":12348},{"Length":30,"Height":6,"Demand":0,"DemandMax":4,"Value":360},{"Length":32,"Height":50,"Demand":0,"DemandMax":4,"Value":3200},{"Length":15,"Height":31,"Demand":0,"DemandMax":4,"Value":930},{"Length":81,"Height":45,"Demand":0,"DemandMax":4,"Value":10935},{"Length":70,"Height":51,"Demand":0,"DemandMax":4,"Value":7140},{"Length":100,"Height":26,"Demand":0,"DemandMax":4,"Value":5200},{"Length":53,"Height":81,"Demand":0,"DemandMax":4,"Value":8586},{"Length":21,"Height":3,"Demand":0,"DemandMax":4,"Value":63},{"Length":21,"Height":14,"Demand":0,"DemandMax":4,"Value":882},{"Length":14,"Height":27,"Demand":0,"DemandMax":4,"Value":378},{"Length":17,"Height":3,"Demand":0,"DemandMax":4,"Value":153},{"Length":50,"Height":31,"Demand":0,"DemandMax":4,"Value":4650},{"Length":76,"Height":53,"Demand":0,"DemandMax":4,"Value":12084},{"Length":88,"Height":6,"Demand":0,"DemandMax":4,"Value":1584},{"Length":33,"Height":83,"Demand":0,"DemandMax":4,"Value":2739},{"Length":23,"Height":25,"Demand":0,"DemandMax":4,"Value":1150},{"Length":99,"Height":9,"Demand":0,"DemandMax":4,"Value":1782},{"Length":50,"Height":92,"Demand":0,"DemandMax":4,"Value":13800},{"Length":52,"Height":99,"Demand":0,"DemandMax":4,"Value":15444},{"Length":82,"Height":69,"Demand":0,"DemandMax":4,"Value":5658},{"Length":41,"Height":49,"Demand":0,"DemandMax":4,"Value":6027},{"Length":18,"Height":29,"Demand":0,"DemandMax":4,"Value":1566},{"Length":2,"Height":38,"Demand":0,"DemandMax":4,"Value":76},{"Length":44,"Height":20,"Demand":0,"DemandMax":4,"Value":880},{"Length":89,"Height":27,"Demand":0,"DemandMax":8,"Value":4806},{"Length":76,"Height":82,"Demand":0,"DemandMax":4,"Value":18696},{"Length":76,"Height":84,"Demand":0,"DemandMax":4,"Value":19152},{"Length":50,"Height":28,"Demand":0,"DemandMax":8,"Value":1400},{"Length":97,"Height":55,"Demand":0,"DemandMax":4,"Value":5335},{"Length":92,"Height":61,"Demand":0,"DemandMax":4,"Value":5612},{"Length":100,"Height":21,"Demand":0,"DemandMax":4,"Value":6300},{"Length":26,"Height":95,"Demand":0,"DemandMax":4,"Value":2470},{"Length":22,"Height":25,"Demand":0,"DemandMax":4,"Value":1100},{"Length":55,"Height":77,"Demand":0,"DemandMax":4,"Value":12705},{"Length":92,"Height":74,"Demand":0,"DemandMax":4,"Value":13616},{"Length":77,"Height":60,"Demand":0,"DemandMax":4,"Value":13860},{"Length":98,"Height":16,"Demand":0,"DemandMax":4,"Value":1568},{"Length":76,"Height":50,"Demand":0,"DemandMax":4,"Value":3800},{"Length":46,"Height":95,"Demand":0,"DemandMax":4,"Value":13110},{"Length":17,"Height":97,"Demand":0,"DemandMax":4,"Value":1649},{"Length":17,"Height":94,"Demand":0,"DemandMax":4,"Value":3196},{"Length":86,"Height":56,"Demand":0,"DemandMax":4,"Value":14448},{"Length":81,"Height":75,"Demand":0,"DemandMax":4,"Value":18225},{"Length":100,"Height":13,"Demand":0,"DemandMax":4,"Value":2600},{"Length":27,"Height":85,"Demand":0,"DemandMax":4,"Value":6885},{"Length":48,"Height":82,"Demand":0,"DemandMax":4,"Value":11808},{"Length":29,"Height":7,"Demand":0,"DemandMax":4,"Value":203},{"Length":81,"Height":58,"Demand":0,"DemandMax":4,"Value":4698},{"Length":12,"Height":27,"Demand":0,"DemandMax":4,"Value":972},{"Length":5,"Height":48,"Demand":0,"DemandMax":4,"Value":240},{"Length":15,"Height":87,"Demand":0,"DemandMax":8,"Value":1305},{"Length":16,"Height":85,"Demand":0,"DemandMax":4,"Value":1360},{"Length":32,"Height":11,"Demand":0,"DemandMax":4,"Value":352},{"Length":89,"Height":72,"Demand":0,"DemandMax":4,"Value":19224},{"Length":87,"Height":13,"Demand":0,"DemandMax":4,"Value":2262},{"Length":9,"Height":42,"Demand":0,"DemandMax":4,"Value":1134},{"Length":83,"Height":91,"Demand":0,"DemandMax":4,"Value":22659},{"Length":57,"Height":51,"Demand":0,"DemandMax":4,"Value":2907},{"Length":39,"Height":44,"Demand":0,"DemandMax":4,"Value":3432},{"Length":78,"Height":30,"Demand":0,"DemandMax":4,"Value":2340},{"Length":21,"Height":88,"Demand":0,"DemandMax":4,"Value":3696},{"Length":88,"Height":57,"Demand":0,"DemandMax":4,"Value":15048},{"Length":86,"Height":34,"Demand":0,"DemandMax":4,"Value":8772},{"Length":67,"Height":74,"Demand":0,"DemandMax":4,"Value":9916},{"Length":83,"Height":10,"Demand":0,"DemandMax":4,"Value":830},{"Length":92,"Height":27,"Demand":0,"DemandMax":4,"Value":7452},{"Length":78,"Height":97,"Demand":0,"DemandMax":4,"Value":7566},{"Length":40,"Height":44,"Demand":0,"DemandMax":4,"Value":3520},{"Length":23,"Height":48,"Demand":0,"DemandMax":4,"Value":1104},{"Length":13,"Height":18,"Demand":0,"DemandMax":4,"Value":234},{"Length":98,"Height":54,"Demand":0,"DemandMax":4,"Value":10584},{"Length":99,"Height":44,"Demand":0,"DemandMax":4,"Value":4356},{"Length":85,"Height":49,"Demand":0,"DemandMax":4,"Value":12495},{"Length":44,"Height":18,"Demand":0,"DemandMax":4,"Value":792},{"Length":25,"Height":100,"Demand":0,"DemandMax":4,"Value":5000},{"Length":43,"Height":98,"Demand":0,"DemandMax":4,"Value":12642},{"Length":40,"Height":25,"Demand":0,"DemandMax":4,"Value":1000},{"Length":28,"Height":5,"Demand":0,"DemandMax":4,"Value":140},{"Length":9,"Height":48,"Demand":0,"DemandMax":4,"Value":864},{"Length":99,"Height":52,"Demand":0,"DemandMax":4,"Value":10296},{"Length":97,"Height":9,"Demand":0,"DemandMax":4,"Value":1746},{"Length":85,"Height":33,"Demand":0,"DemandMax":4,"Value":5610},{"Length":27,"Height":21,"Demand":0,"DemandMax":4,"Value":1134},{"Length":43,"Height":95,"Demand":0,"DemandMax":8,"Value":4085},{"Length":14,"Height":32,"Demand":0,"DemandMax":4,"Value":448},{"Length":90,"Height":32,"Demand":0,"DemandMax":4,"Value":5760},{"Length":85,"Height":3,"Demand":0,"DemandMax":4,"Value":255},{"Length":12,"Height":94,"Demand":0,"DemandMax":4,"Value":2256},{"Length":26,"Height":43,"Demand":0,"DemandMax":4,"Value":2236},{"Length":97,"Height":59,"Demand":0,"DemandMax":4,"Value":11446},{"Length":91,"Height":50,"Demand":0,"DemandMax":4,"Value":13650},{"Length":58,"Height":70,"Demand":0,"DemandMax":4,"Value":4060},{"Length":27,"Height":38,"Demand":0,"DemandMax":4,"Value":2052},{"Length":39,"Height":46,"Demand":0,"DemandMax":4,"Value":3588},{"Length":45,"Height":3,"Demand":0,"DemandMax":4,"Value":405},{"Length":93,"Height":63,"Demand":0,"DemandMax":4,"Value":5859},{"Length":90,"Height":29,"Demand":0,"DemandMax":8,"Value":7830},{"Length":28,"Height":48,"Demand":0,"DemandMax":4,"Value":1344},{"Length":87,"Height":53,"Demand":0,"DemandMax":4,"Value":13833},{"Length":22,"Height":50,"Demand":0,"DemandMax":4,"Value":2200},{"Length":25,"Height":87,"Demand":0,"DemandMax":4,"Value":2175},{"Length":47,"Height":88,"Demand":0,"DemandMax":4,"Value":8272},{"Length":46,"Height":6,"Demand":0,"DemandMax":4,"Value":828},{"Length":81,"Height":78,"Demand":0,"DemandMax":4,"Value":12636},{"Length":35,"Height":100,"Demand":0,"DemandMax":4,"Value":10500},{"Length":84,"Height":34,"Demand":0,"DemandMax":8,"Value":5712},{"Length":16,"Height":38,"Demand":0,"DemandMax":4,"Value":1216},{"Length":86,"Height":44,"Demand":0,"DemandMax":4,"Value":11352},{"Length":96,"Height":12,"Demand":0,"DemandMax":4,"Value":2304},{"Length":45,"Height":8,"Demand":0,"DemandMax":4,"Value":1080},{"Length":37,"Height":25,"Demand":0,"DemandMax":4,"Value":1850},{"Length":37,"Height":16,"Demand":0,"DemandMax":4,"Value":1776},{"Length":83,"Height":46,"Demand":0,"DemandMax":4,"Value":7636},{"Length":37,"Height":87,"Demand":0,"DemandMax":4,"Value":3219},{"Length":88,"Height":27,"Demand":0,"DemandMax":4,"Value":7128},{"Length":72,"Height":97,"Demand":0,"DemandMax":4,"Value":13968},{"Length":29,"Height":6,"Demand":0,"DemandMax":4,"Value":174},{"Length":25,"Height":90,"Demand":0,"DemandMax":4,"Value":2250},{"Length":6,"Height":17,"Demand":0,"DemandMax":4,"Value":204},{"Length":28,"Height":7,"Demand":0,"DemandMax":4,"Value":196},{"Length":55,"Height":66,"Demand":0,"DemandMax":4,"Value":10890},{"Length":80,"Height":27,"Demand":0,"DemandMax":4,"Value":2160},{"Length":18,"Height":5,"Demand":0,"DemandMax":4,"Value":90},{"Length":84,"Height":45,"Demand":0,"DemandMax":4,"Value":11340},{"Length":70,"Height":90,"Demand":0,"DemandMax":4,"Value":18900},{"Length":41,"Height":50,"Demand":0,"DemandMax":4,"Value":2050},{"Length":38,"Height":83,"Demand":0,"DemandMax":4,"Value":3154},{"Length":99,"Height":6,"Demand":0,"DemandMax":4,"Value":1188},{"Length":90,"Height":13,"Demand":0,"DemandMax":4,"Value":1170},{"Length":19,"Height":12,"Demand":0,"DemandMax":4,"Value":456},{"Length":41,"Height":38,"Demand":0,"DemandMax":4,"Value":3116},{"Length":5,"Height":33,"Demand":0,"DemandMax":4,"Value":330},{"Length":66,"Height":86,"Demand":0,"DemandMax":4,"Value":5676},{"Length":8,"Height":86,"Demand":0,"DemandMax":4,"Value":688},{"Length":97,"Height":53,"Demand":0,"DemandMax":4,"Value":5141},{"Length":34,"Height":18,"Demand":0,"DemandMax":4,"Value":612},{"Length":100,"Height":28,"Demand":0,"DemandMax":4,"Value":5600},{"Length":53,"Height":74,"Demand":0,"DemandMax":4,"Value":7844},{"Length":90,"Height":43,"Demand":0,"DemandMax":4,"Value":3870},{"Length":67,"Height":75,"Demand":0,"DemandMax":4,"Value":15075},{"Length":2,"Height":100,"Demand":0,"DemandMax":4,"Value":200},{"Length":13,"Height":88,"Demand":0,"DemandMax":4,"Value":2288},{"Length":96,"Height":9,"Demand":0,"DemandMax":4,"Value":1728},{"Length":36,"Height":85,"Demand":0,"DemandMax":4,"Value":6120},{"Length":80,"Height":42,"Demand":0,"DemandMax":4,"Value":10080},{"Length":28,"Height":27,"Demand":0,"DemandMax":4,"Value":756},{"Length":46,"Height":20,"Demand":0,"DemandMax":4,"Value":1840},{"Length":4,"Height":39,"Demand":0,"DemandMax":4,"Value":156},{"Length":10,"Height":29,"Demand":0,"DemandMax":4,"Value":870},{"Length":22,"Height":99,"Demand":0,"DemandMax":4,"Value":2178},{"Length":91,"Height":27,"Demand":0,"DemandMax":4,"Value":7371},{"Length":22,"Height":24,"Demand":0,"DemandMax":8,"Value":528},{"Length":12,"Height":12,"Demand":0,"DemandMax":4,"Value":144},{"Length":14,"Height":99,"Demand":0,"DemandMax":4,"Value":1386},{"Length":54,"Height":100,"Demand":0,"DemandMax":4,"Value":16200},{"Length":84,"Height":56,"Demand":0,"DemandMax":4,"Value":14112},{"Length":30,"Height":86,"Demand":0,"DemandMax":4,"Value":5160},{"Length":82,"Height":38,"Demand":0,"DemandMax":4,"Value":3116},{"Length":61,"Height":86,"Demand":0,"DemandMax":4,"Value":15738},{"Length":94,"Height":19,"Demand":0,"DemandMax":4,"Value":3572},{"Length":80,"Height":36,"Demand":0,"DemandMax":4,"Value":2880},{"Length":100,"Height":74,"Demand":0,"DemandMax":8,"Value":22200},{"Length":95,"Height":97,"Demand":0,"DemandMax":4,"Value":27645},{"Length":79,"Height":35,"Demand":0,"DemandMax":4,"Value":8295},{"Length":83,"Height":46,"Demand":0,"DemandMax":4,"Value":3818},{"Length":39,"Height":30,"Demand":0,"DemandMax":4,"Value":2340},{"Length":38,"Height":86,"Demand":0,"DemandMax":4,"Value":6536},{"Length":65,"Height":66,"Demand":0,"DemandMax":4,"Value":12870},{"Length":2,"Height":31,"Demand":0,"DemandMax":4,"Value":124},{"Length":66,"Height":91,"Demand":0,"DemandMax":4,"Value":6006},{"Length":45,"Height":36,"Demand":0,"DemandMax":4,"Value":4860},{"Length":46,"Height":93,"Demand":0,"DemandMax":4,"Value":8556},{"Length":100,"Height":46,"Demand":0,"DemandMax":4,"Value":9200},{"Length":71,"Height":70,"Demand":0,"DemandMax":4,"Value":4970},{"Length":77,"Height":82,"Demand":0,"DemandMax":4,"Value":6314},{"Length":27,"Height":10,"Demand":0,"DemandMax":4,"Value":810},{"Length":5,"Height":41,"Demand":0,"DemandMax":4,"Value":410},{"Length":20,"Height":14,"Demand":0,"DemandMax":4,"Value":840},{"Length":40,"Height":6,"Demand":0,"DemandMax":4,"Value":720},{"Length":33,"Height":97,"Demand":0,"DemandMax":4,"Value":6402},{"Length":94,"Height":63,"Demand":0,"DemandMax":4,"Value":5922},{"Length":79,"Height":52,"Demand":0,"DemandMax":4,"Value":8216},{"Length":21,"Height":87,"Demand":0,"DemandMax":4,"Value":5481},{"Length":10,"Height":11,"Demand":0,"DemandMax":4,"Value":330},{"Length":61,"Height":66,"Demand":0,"DemandMax":4,"Value":4026},{"Length":85,"Height":99,"Demand":0,"DemandMax":4,"Value":8415},{"Length":13,"Height":8,"Demand":0,"DemandMax":4,"Value":312},{"Length":81,"Height":98,"Demand":0,"DemandMax":4,"Value":15876},{"Length":80,"Height":79,"Demand":0,"DemandMax":4,"Value":6320},{"Length":37,"Height":19,"Demand":0,"DemandMax":4,"Value":703},{"Length":21,"Height":25,"Demand":0,"DemandMax":4,"Value":1050},{"Length":15,"Height":48,"Demand":0,"DemandMax":4,"Value":1440},{"Length":22,"Height":88,"Demand":0,"DemandMax":8,"Value":1936},{"Length":99,"Height":51,"Demand":0,"DemandMax":4,"Value":15147},{"Length":33,"Height":84,"Demand":0,"DemandMax":4,"Value":5544},{"Length":12,"Height":22,"Demand":0,"DemandMax":4,"Value":528},{"Length":35,"Height":91,"Demand":0,"DemandMax":4,"Value":6370},{"Length":47,"Height":18,"Demand":0,"DemandMax":4,"Value":846},{"Length":30,"Height":29,"Demand":0,"DemandMax":4,"Value":1740},{"Length":88,"Height":42,"Demand":0,"DemandMax":4,"Value":11088},{"Length":30,"Height":84,"Demand":0,"DemandMax":4,"Value":5040},{"Length":37,"Height":29,"Demand":0,"DemandMax":4,"Value":3219},{"Length":57,"Height":89,"Demand":0,"DemandMax":4,"Value":5073},{"Length":38,"Height":28,"Demand":0,"DemandMax":4,"Value":2128},{"Length":94,"Height":20,"Demand":0,"DemandMax":4,"Value":5640},{"Length":40,"Height":11,"Demand":0,"DemandMax":4,"Value":440},{"Length":60,"Height":94,"Demand":0,"DemandMax":4,"Value":16920},{"Length":64,"Height":89,"Demand":0,"DemandMax":4,"Value":17088},{"Length":15,"Height":76,"Demand":0,"DemandMax":4,"Value":2280},{"Length":59,"Height":89,"Demand":0,"DemandMax":4,"Value":5251},{"Length":85,"Height":34,"Demand":0,"DemandMax":4,"Value":2890},{"Length":90,"Height":3,"Demand":0,"DemandMax":4,"Value":270},{"Length":7,"Height":47,"Demand":0,"DemandMax":4,"Value":987},{"Length":46,"Height":19,"Demand":0,"DemandMax":4,"Value":1748},{"Length":13,"Height":40,"Demand":0,"DemandMax":4,"Value":520},{"Length":2,"Height":46,"Demand":0,"DemandMax":4,"Value":184},{"Length":14,"Height":46,"Demand":0,"DemandMax":4,"Value":1932},{"Length":82,"Height":32,"Demand":0,"DemandMax":4,"Value":5248},{"Length":46,"Height":25,"Demand":0,"DemandMax":4,"Value":2300},{"Length":89,"Height":97,"Demand":0,"DemandMax":4,"Value":25899},{"Length":95,"Height":4,"Demand":0,"DemandMax":4,"Value":1140},{"Length":44,"Height":36,"Demand":0,"DemandMax":4,"Value":3168},{"Length":81,"Height":34,"Demand":0,"DemandMax":4,"Value":5508},{"Length":21,"Height":15,"Demand":0,"DemandMax":4,"Value":315},{"Length":3,"Height":20,"Demand":0,"DemandMax":4,"Value":120},{"Length":67,"Height":98,"Demand":0,"DemandMax":4,"Value":6566},{"Length":38,"Height":84,"Demand":0,"DemandMax":4,"Value":6384},{"Length":18,"Height":26,"Demand":0,"DemandMax":4,"Value":936},{"Length":64,"Height":68,"Demand":0,"DemandMax":4,"Value":8704},{"Length":26,"Height":15,"Demand":0,"DemandMax":4,"Value":390},{"Length":98,"Height":15,"Demand":0,"DemandMax":4,"Value":4410},{"Length":41,"Height":2,"Demand":0,"DemandMax":4,"Value":82},{"Length":60,"Height":95,"Demand":0,"DemandMax":4,"Value":17100},{"Length":3,"Height":19,"Demand":0,"DemandMax":4,"Value":171},{"Length":71,"Height":60,"Demand":0,"DemandMax":4,"Value":4260},{"Length":29,"Height":14,"Demand":0,"DemandMax":4,"Value":812},{"Length":77,"Height":5,"Demand":0,"DemandMax":4,"Value":385},{"Length":43,"Height":98,"Demand":0,"DemandMax":4,"Value":4214},{"Length":8,"Height":81,"Demand":0,"DemandMax":4,"Value":1944},{"Length":92,"Height":3,"Demand":0,"DemandMax":4,"Value":828},{"Length":6,"Height":16,"Demand":0,"DemandMax":4,"Value":288},{"Length":91,"Height":52,"Demand":0,"DemandMax":4,"Value":4732},{"Length":73,"Height":55,"Demand":0,"DemandMax":4,"Value":8030},{"Length":2,"Height":18,"Demand":0,"DemandMax":4,"Value":108},{"Length":7,"Height":25,"Demand":0,"DemandMax":4,"Value":350},{"Length":89,"Height":56,"Demand":0,"DemandMax":4,"Value":14952},{"Length":69,"Height":69,"Demand":0,"DemandMax":4,"Value":9522},{"Length":76,"Height":24,"Demand":0,"DemandMax":4,"Value":1824},{"Length":96,"Height":49,"Demand":0,"DemandMax":4,"Value":4704},{"Length":32,"Height":40,"Demand":0,"DemandMax":4,"Value":1280},{"Length":9,"Height":36,"Demand":0,"DemandMax":4,"Value":324},{"Length":58,"Height":51,"Demand":0,"DemandMax":4,"Value":5916},{"Length":99,"Height":29,"Demand":0,"DemandMax":4,"Value":2871},{"Length":81,"Height":52,"Demand":0,"DemandMax":4,"Value":12636},{"Length":42,"Height":81,"Demand":0,"DemandMax":4,"Value":10206},{"Length":32,"Height":83,"Demand":0,"DemandMax":4,"Value":5312},{"Length":83,"Height":9,"Demand":0,"DemandMax":4,"Value":1494},{"Length":88,"Height":100,"Demand":0,"DemandMax":4,"Value":8800},{"Length":92,"Height":18,"Demand":0,"DemandMax":4,"Value":1656},{"Length":96,"Height":60,"Demand":0,"DemandMax":4,"Value":5760},{"Length":25,"Height":85,"Demand":0,"DemandMax":4,"Value":4250},{"Length":87,"Height":67,"Demand":0,"DemandMax":8,"Value":5829},{"Length":80,"Height":93,"Demand":0,"DemandMax":4,"Value":22320},{"Length":49,"Height":83,"Demand":0,"DemandMax":4,"Value":4067},{"Length":19,"Height":45,"Demand":0,"DemandMax":4,"Value":2565},{"Length":29,"Height":49,"Demand":0,"DemandMax":4,"Value":4263},{"Length":91,"Height":86,"Demand":0,"DemandMax":4,"Value":23478},{"Length":47,"Height":46,"Demand":0,"DemandMax":4,"Value":4324},{"Length":92,"Height":51,"Demand":0,"DemandMax":4,"Value":9384},{"Length":97,"Height":30,"Demand":0,"DemandMax":4,"Value":8730},{"Length":32,"Height":98,"Demand":0,"DemandMax":8,"Value":3136},{"Length":68,"Height":88,"Demand":0,"DemandMax":4,"Value":11968},{"Length":35,"Height":10,"Demand":0,"DemandMax":4,"Value":350},{"Length":26,"Height":39,"Demand":0,"DemandMax":4,"Value":1014},{"Length":73,"Height":67,"Demand":0,"DemandMax":4,"Value":4891},{"Length":93,"Height":10,"Demand":0,"DemandMax":4,"Value":2790},{"Length":35,"Height":19,"Demand":0,"DemandMax":4,"Value":665},{"Length":12,"Height":89,"Demand":0,"DemandMax":4,"Value":2136},{"Length":98,"Height":26,"Demand":0,"DemandMax":4,"Value":5096},{"Length":13,"Height":79,"Demand":0,"DemandMax":4,"Value":1027},{"Length":42,"Height":95,"Demand":0,"DemandMax":4,"Value":7980},{"Length":37,"Height":96,"Demand":0,"DemandMax":4,"Value":3552},{"Length":36,"Height":7,"Demand":0,"DemandMax":4,"Value":756},{"Length":79,"Height":63,"Demand":0,"DemandMax":4,"Value":14931},{"Length":36,"Height":21,"Demand":0,"DemandMax":4,"Value":1512},{"Length":72,"Height":70,"Demand":0,"DemandMax":4,"Value":10080},{"Length":27,"Height":92,"Demand":0,"DemandMax":4,"Value":7452},{"Length":16,"Height":48,"Demand":0,"DemandMax":4,"Value":768},{"Length":10,"Height":14,"Demand":0,"DemandMax":4,"Value":280},{"Length":47,"Height":45,"Demand":0,"DemandMax":4,"Value":2115},{"Length":55,"Height":58,"Demand":0,"DemandMax":4,"Value":9570},{"Length":22,"Height":85,"Demand":0,"DemandMax":4,"Value":1870},{"Length":98,"Height":30,"Demand":0,"DemandMax":4,"Value":2940},{"Length":28,"Height":4,"Demand":0,"DemandMax":8,"Value":224},{"Length":48,"Height":13,"Demand":0,"DemandMax":4,"Value":1248},{"Length":48,"Height":87,"Demand":0,"DemandMax":4,"Value":8352},{"Length":11,"Height":91,"Demand":0,"DemandMax":4,"Value":3003},{"Length":3,"Height":98,"Demand":0,"DemandMax":4,"Value":294},{"Length":42,"Height":96,"Demand":0,"DemandMax":4,"Value":8064},{"Length":100,"Height":27,"Demand":0,"DemandMax":4,"Value":2700},{"Length":45,"Height":96,"Demand":0,"DemandMax":4,"Value":8640},{"Length":48,"Height":25,"Demand":0,"DemandMax":4,"Value":3600},{"Length":23,"Height":18,"Demand":0,"DemandMax":4,"Value":828},{"Length":77,"Height":60,"Demand":0,"DemandMax":4,"Value":9240},{"Length":36,"Height":96,"Demand":0,"DemandMax":4,"Value":3456},{"Length":95,"Height":42,"Demand":0,"DemandMax":8,"Value":3990},{"Length":95,"Height":8,"Demand":0,"DemandMax":8,"Value":1520},{"Length":27,"Height":15,"Demand":0,"DemandMax":4,"Value":810},{"Length":44,"Height":25,"Demand":0,"DemandMax":8,"Value":3300},{"Length":93,"Height":20,"Demand":0,"DemandMax":8,"Value":3720},{"Length":13,"Height":12,"Demand":0,"DemandMax":4,"Value":312},{"Length":83,"Height":92,"Demand":0,"DemandMax":4,"Value":7636},{"Length":42,"Height":79,"Demand":0,"DemandMax":4,"Value":3318},{"Length":21,"Height":47,"Demand":0,"DemandMax":4,"Value":1974},{"Length":96,"Height":93,"Demand":0,"DemandMax":4,"Value":8928},{"Length":12,"Height":85,"Demand":0,"DemandMax":4,"Value":3060},{"Length":50,"Height":47,"Demand":0,"DemandMax":4,"Value":4700},{"Length":4,"Height":32,"Demand":0,"DemandMax":4,"Value":384},{"Length":8,"Height":41,"Demand":0,"DemandMax":4,"Value":328},{"Length":80,"Height":10,"Demand":0,"DemandMax":4,"Value":2400},{"Length":34,"Height":45,"Demand":0,"DemandMax":4,"Value":1530},{"Length":11,"Height":49,"Demand":0,"DemandMax":8,"Value":539},{"Length":25,"Height":30,"Demand":0,"DemandMax":4,"Value":1500},{"Length":97,"Height":77,"Demand":0,"DemandMax":4,"Value":7469},{"Length":77,"Height":42,"Demand":0,"DemandMax":4,"Value":9702},{"Length":91,"Height":24,"Demand":0,"DemandMax":4,"Value":2184},{"Length":15,"Height":30,"Demand":0,"DemandMax":4,"Value":1350},{"Length":43,"Height":95,"Demand":0,"DemandMax":4,"Value":12255},{"Length":44,"Height":47,"Demand":0,"DemandMax":4,"Value":2068},{"Length":90,"Height":41,"Demand":0,"DemandMax":4,"Value":3690},{"Length":24,"Height":82,"Demand":0,"DemandMax":4,"Value":5904},{"Length":11,"Height":22,"Demand":0,"DemandMax":4,"Value":242},{"Length":32,"Height":4,"Demand":0,"DemandMax":4,"Value":128},{"Length":39,"Height":91,"Demand":0,"DemandMax":4,"Value":3549},{"Length":92,"Height":73,"Demand":0,"DemandMax":4,"Value":13432},{"Length":17,"Height":79,"Demand":0,"DemandMax":4,"Value":2686},{"Length":73,"Height":52,"Demand":0,"DemandMax":4,"Value":7592},{"Length":93,"Height":87,"Demand":0,"DemandMax":4,"Value":16182},{"Length":37,"Height":23,"Demand":0,"DemandMax":4,"Value":1702},{"Length":94,"Height":44,"Demand":0,"DemandMax":4,"Value":4136},{"Length":89,"Height":63,"Demand":0,"DemandMax":4,"Value":16821},{"Length":93,"Height":58,"Demand":0,"DemandMax":4,"Value":10788},{"Length":23,"Height":33,"Demand":0,"DemandMax":4,"Value":759},{"Length":95,"Height":5,"Demand":0,"DemandMax":4,"Value":1425},{"Length":40,"Height":88,"Demand":0,"DemandMax":4,"Value":3520},{"Length":76,"Height":37,"Demand":0,"DemandMax":4,"Value":2812},{"Length":88,"Height":64,"Demand":0,"DemandMax":4,"Value":11264},{"Length":29,"Height":24,"Demand":0,"DemandMax":4,"Value":1392},{"Length":40,"Height":34,"Demand":0,"DemandMax":4,"Value":1360},{"Length":18,"Height":49,"Demand":0,"DemandMax":4,"Value":2646},{"Length":70,"Height":51,"Demand":0,"DemandMax":4,"Value":10710},{"Length":24,"Height":18,"Demand":0,"DemandMax":4,"Value":864},{"Length":47,"Height":32,"Demand":0,"DemandMax":4,"Value":3008},{"Length":12,"Height":90,"Demand":0,"DemandMax":4,"Value":3240},{"Length":44,"Height":34,"Demand":0,"DemandMax":4,"Value":4488},{"Length":98,"Height":91,"Demand":0,"DemandMax":4,"Value":17836},{"Length":12,"Height":84,"Demand":0,"DemandMax":4,"Value":1008},{"Length":37,"Height":50,"Demand":0,"DemandMax":4,"Value":1850},{"Length":81,"Height":11,"Demand":0,"DemandMax":4,"Value":891},{"Length":94,"Height":34,"Demand":0,"DemandMax":4,"Value":9588},{"Length":74,"Height":96,"Demand":0,"DemandMax":4,"Value":7104},{"Length":88,"Height":39,"Demand":0,"DemandMax":4,"Value":3432},{"Length":37,"Height":47,"Demand":0,"DemandMax":4,"Value":1739},{"Length":37,"Height":38,"Demand":0,"DemandMax":4,"Value":4218},{"Length":22,"Height":26,"Demand":0,"DemandMax":4,"Value":1144},{"Length":15,"Height":93,"Demand":0,"DemandMax":4,"Value":2790},{"Length":91,"Height":13,"Demand":0,"DemandMax":4,"Value":1183},{"Length":76,"Height":19,"Demand":0,"DemandMax":4,"Value":2888},{"Length":87,"Height":60,"Demand":0,"DemandMax":4,"Value":10440},{"Length":9,"Height":87,"Demand":0,"DemandMax":4,"Value":783},{"Length":35,"Height":80,"Demand":0,"DemandMax":4,"Value":2800},{"Length":90,"Height":4,"Demand":0,"DemandMax":4,"Value":720},{"Length":59,"Height":58,"Demand":0,"DemandMax":4,"Value":10266},{"Length":64,"Height":93,"Demand":0,"DemandMax":4,"Value":11904},{"Length":2,"Height":50,"Demand":0,"DemandMax":4,"Value":200},{"Length":2,"Height":46,"Demand":0,"DemandMax":4,"Value":92},{"Length":38,"Height":34,"Demand":0,"DemandMax":4,"Value":2584},{"Length":23,"Height":84,"Demand":0,"DemandMax":4,"Value":3864},{"Length":58,"Height":74,"Demand":0,"DemandMax":4,"Value":8584},{"Length":15,"Height":23,"Demand":0,"DemandMax":4,"Value":345},{"Length":44,"Height":50,"Demand":0,"DemandMax":4,"Value":6600},{"Length":99,"Height":31,"Demand":0,"DemandMax":4,"Value":6138},{"Length":43,"Height":45,"Demand":0,"DemandMax":4,"Value":1935},{"Length":91,"Height":76,"Demand":0,"DemandMax":4,"Value":13832},{"Length":39,"Height":76,"Demand":0,"DemandMax":4,"Value":8892},{"Length":87,"Height":99,"Demand":0,"DemandMax":4,"Value":17226},{"Length":78,"Height":48,"Demand":0,"DemandMax":4,"Value":3744},{"Length":32,"Height":29,"Demand":0,"DemandMax":4,"Value":2784},{"Length":46,"Height":10,"Demand":0,"DemandMax":4,"Value":920},{"Length":13,"Height":18,"Demand":0,"DemandMax":8,"Value":702},{"Length":3,"Height":80,"Demand":0,"DemandMax":4,"Value":720},{"Length":91,"Height":80,"Demand":0,"DemandMax":4,"Value":21840},{"Length":79,"Height":94,"Demand":0,"DemandMax":4,"Value":7426},{"Length":29,"Height":40,"Demand":0,"DemandMax":4,"Value":2320},{"Length":40,"Height":42,"Demand":0,"DemandMax":4,"Value":5040},{"Length":100,"Height":12,"Demand":0,"DemandMax":4,"Value":1200},{"Length":95,"Height":25,"Demand":0,"DemandMax":4,"Value":2375},{"Length":15,"Height":12,"Demand":0,"DemandMax":8,"Value":540},{"Length":34,"Height":95,"Demand":0,"DemandMax":4,"Value":3230},{"Length":2,"Height":5,"Demand":0,"DemandMax":4,"Value":30},{"Length":83,"Height":43,"Demand":0,"DemandMax":4,"Value":7138},{"Length":51,"Height":96,"Demand":0,"DemandMax":4,"Value":9792},{"Length":18,"Height":15,"Demand":0,"DemandMax":4,"Value":540},{"Length":95,"Height":99,"Demand":0,"DemandMax":4,"Value":28215},{"Length":34,"Height":87,"Demand":0,"DemandMax":4,"Value":2958},{"Length":25,"Height":86,"Demand":0,"DemandMax":4,"Value":4300},{"Length":95,"Height":24,"Demand":0,"DemandMax":4,"Value":2280},{"Length":8,"Height":45,"Demand":0,"DemandMax":4,"Value":360},{"Length":93,"Height":74,"Demand":0,"DemandMax":4,"Value":20646},{"Length":42,"Height":3,"Demand":0,"DemandMax":4,"Value":378},{"Length":7,"Height":43,"Demand":0,"DemandMax":4,"Value":602},{"Length":64,"Height":76,"Demand":0,"DemandMax":4,"Value":4864},{"Length":92,"Height":99,"Demand":0,"DemandMax":4,"Value":27324},{"Length":85,"Height":35,"Demand":0,"DemandMax":4,"Value":5950},{"Length":83,"Height":53,"Demand":0,"DemandMax":4,"Value":4399},{"Length":16,"Height":30,"Demand":0,"DemandMax":4,"Value":1440},{"Length":39,"Height":15,"Demand":0,"DemandMax":4,"Value":1755},{"Length":66,"Height":65,"Demand":0,"DemandMax":4,"Value":4290},{"Length":20,"Height":78,"Demand":0,"DemandMax":4,"Value":3120},{"Length":62,"Height":80,"Demand":0,"DemandMax":4,"Value":14880},{"Length":2,"Height":28,"Demand":0,"DemandMax":4,"Value":112},{"Length":97,"Height":38,"Demand":0,"DemandMax":4,"Value":11058},{"Length":92,"Height":90,"Demand":0,"DemandMax":4,"Value":8280},{"Length":98,"Height":32,"Demand":0,"DemandMax":4,"Value":3136},{"Length":14,"Height":88,"Demand":0,"DemandMax":4,"Value":2464},{"Length":28,"Height":9,"Demand":0,"DemandMax":8,"Value":756},{"Length":40,"Height":31,"Demand":0,"DemandMax":4,"Value":1240},{"Length":99,"Height":43,"Demand":0,"DemandMax":4,"Value":8514},{"Length":92,"Height":84,"Demand":0,"DemandMax":4,"Value":23184},{"Length":23,"Height":41,"Demand":0,"DemandMax":4,"Value":1886},{"Length":44,"Height":37,"Demand":0,"DemandMax":4,"Value":1628},{"Length":69,"Height":87,"Demand":0,"DemandMax":4,"Value":12006},{"Length":88,"Height":12,"Demand":0,"DemandMax":4,"Value":2112},{"Length":10,"Height":34,"Demand":0,"DemandMax":4,"Value":680},{"Length":95,"Height":17,"Demand":0,"DemandMax":4,"Value":4845},{"Length":30,"Height":89,"Demand":0,"DemandMax":4,"Value":5340},{"Length":27,"Height":83,"Demand":0,"DemandMax":4,"Value":4482},{"Length":78,"Height":16,"Demand":0,"DemandMax":4,"Value":1248},{"Length":50,"Height":15,"Demand":0,"DemandMax":4,"Value":1500},{"Length":36,"Height":31,"Demand":0,"DemandMax":8,"Value":3348},{"Length":80,"Height":4,"Demand":0,"DemandMax":4,"Value":640},{"Length":17,"Height":30,"Demand":0,"DemandMax":8,"Value":1530},{"Length":87,"Height":33,"Demand":0,"DemandMax":4,"Value":8613},{"Length":98,"Height":50,"Demand":0,"DemandMax":4,"Value":14700},{"Length":99,"Height":50,"Demand":0,"DemandMax":4,"Value":4950},{"Length":5,"Height":49,"Demand":0,"DemandMax":4,"Value":490},{"Length":90,"Height":88,"Demand":0,"DemandMax":4,"Value":7920},{"Length":35,"Height":37,"Demand":0,"DemandMax":4,"Value":3885},{"Length":10,"Height":32,"Demand":0,"DemandMax":4,"Value":320},{"Length":85,"Height":11,"Demand":0,"DemandMax":4,"Value":2805},{"Length":13,"Height":5,"Demand":0,"DemandMax":4,"Value":130},{"Length":83,"Height":39,"Demand":0,"DemandMax":4,"Value":6474},{"Length":3,"Height":13,"Demand":0,"DemandMax":4,"Value":117},{"Length":54,"Height":72,"Demand":0,"DemandMax":4,"Value":11664},{"Length":36,"Height":27,"Demand":0,"DemandMax":4,"Value":2916},{"Length":24,"Height":89,"Demand":0,"DemandMax":4,"Value":6408},{"Length":45,"Height":21,"Demand":0,"DemandMax":4,"Value":945},{"Length":14,"Height":28,"Demand":0,"DemandMax":4,"Value":784},{"Length":31,"Height":96,"Demand":0,"DemandMax":4,"Value":2976},{"Length":78,"Height":78,"Demand":0,"DemandMax":4,"Value":18252},{"Length":67,"Height":59,"Demand":0,"DemandMax":4,"Value":7906},{"Length":91,"Height":83,"Demand":0,"DemandMax":4,"Value":7553},{"Length":47,"Height":3,"Demand":0,"DemandMax":4,"Value":141},{"Length":96,"Height":85,"Demand":0,"DemandMax":4,"Value":16320},{"Length":41,"Height":17,"Demand":0,"DemandMax":4,"Value":1394},{"Length":10,"Height":44,"Demand":0,"DemandMax":4,"Value":880},{"Length":15,"Height":28,"Demand":0,"DemandMax":4,"Value":420},{"Length":16,"Height":23,"Demand":0,"DemandMax":4,"Value":736},{"Length":27,"Height":16,"Demand":0,"DemandMax":4,"Value":864},{"Length":45,"Height":34,"Demand":0,"DemandMax":4,"Value":3060},{"Length":89,"Height":46,"Demand":0,"DemandMax":4,"Value":4094},{"Length":49,"Height":21,"Demand":0,"DemandMax":4,"Value":3087},{"Length":77,"Height":25,"Demand":0,"DemandMax":4,"Value":3850},{"Length":28,"Height":76,"Demand":0,"DemandMax":4,"Value":2128},{"Length":25,"Height":23,"Demand":0,"DemandMax":4,"Value":1150},{"Length":41,"Height":10,"Demand":0,"DemandMax":4,"Value":410},{"Length":77,"Height":49,"Demand":0,"DemandMax":4,"Value":11319},{"Length":93,"Height":40,"Demand":0,"DemandMax":4,"Value":11160},{"Length":57,"Height":82,"Demand":0,"DemandMax":4,"Value":9348},{"Length":64,"Height":66,"Demand":0,"DemandMax":4,"Value":4224},{"Length":42,"Height":10,"Demand":0,"DemandMax":4,"Value":840},{"Length":48,"Height":13,"Demand":0,"DemandMax":4,"Value":624},{"Length":56,"Height":94,"Demand":0,"DemandMax":4,"Value":10528},{"Length":50,"Height":88,"Demand":0,"DemandMax":4,"Value":8800},{"Length":73,"Height":53,"Demand":0,"DemandMax":4,"Value":11607},{"Length":34,"Height":30,"Demand":0,"DemandMax":4,"Value":3060},{"Length":21,"Height":10,"Demand":0,"DemandMax":4,"Value":420},{"Length":27,"Height":76,"Demand":0,"DemandMax":4,"Value":6156},{"Length":11,"Height":10,"Demand":0,"DemandMax":4,"Value":330},{"Length":84,"Height":41,"Demand":0,"DemandMax":4,"Value":3444},{"Length":27,"Height":96,"Demand":0,"DemandMax":4,"Value":5184},{"Length":17,"Height":8,"Demand":0,"DemandMax":4,"Value":272},{"Length":35,"Height":14,"Demand":0,"DemandMax":4,"Value":490},{"Length":84,"Height":22,"Demand":0,"DemandMax":4,"Value":5544},{"Length":10,"Height":8,"Demand":0,"DemandMax":4,"Value":80},{"Length":86,"Height":31,"Demand":0,"DemandMax":8,"Value":7998},{"Length":28,"Height":85,"Demand":0,"DemandMax":4,"Value":2380},{"Length":26,"Height":31,"Demand":0,"DemandMax":4,"Value":2418},{"Length":89,"Height":72,"Demand":0,"DemandMax":4,"Value":12816},{"Length":33,"Height":81,"Demand":0,"DemandMax":4,"Value":2673},{"Length":15,"Height":30,"Demand":0,"DemandMax":4,"Value":450},{"Length":91,"Height":55,"Demand":0,"DemandMax":4,"Value":5005},{"Length":85,"Height":44,"Demand":0,"DemandMax":4,"Value":11220},{"Length":40,"Height":20,"Demand":0,"DemandMax":4,"Value":2400},{"Length":84,"Height":91,"Demand":0,"DemandMax":4,"Value":22932},{"Length":48,"Height":29,"Demand":0,"DemandMax":4,"Value":4176},{"Length":83,"Height":65,"Demand":0,"DemandMax":4,"Value":10790},{"Length":66,"Height":89,"Demand":0,"DemandMax":4,"Value":17622},{"Length":81,"Height":15,"Demand":0,"DemandMax":4,"Value":3645},{"Length":69,"Height":97,"Demand":0,"DemandMax":4,"Value":20079},{"Length":44,"Height":9,"Demand":0,"DemandMax":4,"Value":396},{"Length":82,"Height":43,"Demand":0,"DemandMax":4,"Value":3526},{"Length":34,"Height":90,"Demand":0,"DemandMax":4,"Value":3060},{"Length":97,"Height":33,"Demand":0,"DemandMax":4,"Value":6402},{"Length":77,"Height":10,"Demand":0,"DemandMax":4,"Value":1540},{"Length":28,"Height":97,"Demand":0,"DemandMax":4,"Value":8148},{"Length":78,"Height":86,"Demand":0,"DemandMax":4,"Value":13416},{"Length":89,"Height":85,"Demand":0,"DemandMax":4,"Value":7565},{"Length":7,"Height":29,"Demand":0,"DemandMax":4,"Value":203},{"Length":33,"Height":85,"Demand":0,"DemandMax":4,"Value":2805},{"Length":21,"Height":46,"Demand":0,"DemandMax":4,"Value":2898},{"Length":4,"Height":22,"Demand":0,"DemandMax":4,"Value":88},{"Length":78,"Height":98,"Demand":0,"DemandMax":4,"Value":15288},{"Length":58,"Height":87,"Demand":0,"DemandMax":4,"Value":10092},{"Length":76,"Height":100,"Demand":0,"DemandMax":4,"Value":7600},{"Length":55,"Height":51,"Demand":0,"DemandMax":4,"Value":5610},{"Length":15,"Height":82,"Demand":0,"DemandMax":4,"Value":3690},{"Length":42,"Height":98,"Demand":0,"DemandMax":4,"Value":8232},{"Length":2,"Height":80,"Demand":0,"DemandMax":4,"Value":160},{"Length":48,"Height":9,"Demand":0,"DemandMax":4,"Value":1296},{"Length":9,"Height":90,"Demand":0,"DemandMax":4,"Value":2430},{"Length":31,"Height":43,"Demand":0,"DemandMax":4,"Value":2666},{"Length":78,"Height":50,"Demand":0,"DemandMax":4,"Value":7800},{"Length":30,"Height":7,"Demand":0,"DemandMax":4,"Value":630},{"Length":93,"Height":62,"Demand":0,"DemandMax":4,"Value":17298},{"Length":50,"Height":10,"Demand":0,"DemandMax":4,"Value":1500},{"Length":34,"Height":42,"Demand":0,"DemandMax":4,"Value":2856},{"Length":8,"Height":38,"Demand":0,"DemandMax":4,"Value":912},{"Length":21,"Height":44,"Demand":0,"DemandMax":4,"Value":2772},{"Length":20,"Height":39,"Demand":0,"DemandMax":4,"Value":1560},{"Length":43,"Height":88,"Demand":0,"DemandMax":4,"Value":7568},{"Length":27,"Height":27,"Demand":0,"DemandMax":4,"Value":2187},{"Length":26,"Height":27,"Demand":0,"DemandMax":4,"Value":1404},{"Length":47,"Height":41,"Demand":0,"DemandMax":4,"Value":5781},{"Length":56,"Height":97,"Demand":0,"DemandMax":4,"Value":10864},{"Length":98,"Height":91,"Demand":0,"DemandMax":4,"Value":8918},{"Length":18,"Height":45,"Demand":0,"DemandMax":4,"Value":1620},{"Length":57,"Height":87,"Demand":0,"DemandMax":4,"Value":14877},{"Length":49,"Height":2,"Demand":0,"DemandMax":4,"Value":98},{"Length":47,"Height":6,"Demand":0,"DemandMax":4,"Value":282},{"Length":86,"Height":98,"Demand":0,"DemandMax":4,"Value":16856},{"Length":41,"Height":45,"Demand":0,"DemandMax":4,"Value":3690},{"Length":29,"Height":4,"Demand":0,"DemandMax":4,"Value":116},{"Length":67,"Height":79,"Demand":0,"DemandMax":4,"Value":15879},{"Length":94,"Height":37,"Demand":0,"DemandMax":4,"Value":6956},{"Length":64,"Height":77,"Demand":0,"DemandMax":4,"Value":9856},{"Length":66,"Height":90,"Demand":0,"DemandMax":4,"Value":17820},{"Length":68,"Height":91,"Demand":0,"DemandMax":4,"Value":12376},{"Length":3,"Height":30,"Demand":0,"DemandMax":4,"Value":90},{"Length":92,"Height":58,"Demand":0,"DemandMax":4,"Value":5336},{"Length":60,"Height":77,"Demand":0,"DemandMax":4,"Value":9240},{"Length":22,"Height":93,"Demand":0,"DemandMax":4,"Value":2046},{"Length":25,"Height":34,"Demand":0,"DemandMax":4,"Value":2550},{"Length":80,"Height":14,"Demand":0,"DemandMax":4,"Value":2240},{"Length":44,"Height":78,"Demand":0,"DemandMax":4,"Value":10296},{"Length":16,"Height":79,"Demand":0,"DemandMax":4,"Value":1264},{"Length":100,"Height":48,"Demand":0,"DemandMax":4,"Value":14400},{"Length":39,"Height":36,"Demand":0,"DemandMax":4,"Value":2808},{"Length":99,"Height":29,"Demand":0,"DemandMax":4,"Value":8613},{"Length":82,"Height":33,"Demand":0,"DemandMax":4,"Value":8118},{"Length":56,"Height":80,"Demand":0,"DemandMax":4,"Value":4480},{"Length":4,"Height":50,"Demand":0,"DemandMax":4,"Value":600},{"Length":31,"Height":38,"Demand":0,"DemandMax":4,"Value":1178},{"Length":30,"Height":12,"Demand":0,"DemandMax":4,"Value":360},{"Length":30,"Height":100,"Demand":0,"DemandMax":4,"Value":9000},{"Length":28,"Height":15,"Demand":0,"DemandMax":4,"Value":420},{"Length":76,"Height":4,"Demand":0,"DemandMax":4,"Value":304},{"Length":19,"Height":45,"Demand":0,"DemandMax":4,"Value":855},{"Length":49,"Height":37,"Demand":0,"DemandMax":4,"Value":5439},{"Length":13,"Height":30,"Demand":0,"DemandMax":4,"Value":390},{"Length":18,"Height":9,"Demand":0,"DemandMax":4,"Value":162},{"Length":32,"Height":91,"Demand":0,"DemandMax":4,"Value":2912},{"Length":78,"Height":15,"Demand":0,"DemandMax":4,"Value":3510},{"Length":57,"Height":70,"Demand":0,"DemandMax":4,"Value":7980},{"Length":42,"Height":82,"Demand":0,"DemandMax":4,"Value":6888},{"Length":88,"Height":72,"Demand":0,"DemandMax":4,"Value":19008},{"Length":14,"Height":4,"Demand":0,"DemandMax":4,"Value":168},{"Length":9,"Height":31,"Demand":0,"DemandMax":4,"Value":558},{"Length":21,"Height":43,"Demand":0,"DemandMax":4,"Value":2709},{"Length":44,"Height":90,"Demand":0,"DemandMax":4,"Value":7920},{"Length":89,"Height":10,"Demand":0,"DemandMax":4,"Value":890},{"Length":94,"Height":33,"Demand":0,"DemandMax":4,"Value":9306},{"Length":32,"Height":43,"Demand":0,"DemandMax":4,"Value":4128},{"Length":24,"Height":94,"Demand":0,"DemandMax":4,"Value":2256},{"Length":39,"Height":9,"Demand":0,"DemandMax":4,"Value":351},{"Length":11,"Height":22,"Demand":0,"DemandMax":4,"Value":484},{"Length":13,"Height":100,"Demand":0,"DemandMax":4,"Value":1300},{"Length":76,"Height":47,"Demand":0,"DemandMax":4,"Value":10716},{"Length":35,"Height":11,"Demand":0,"DemandMax":4,"Value":1155},{"Length":68,"Height":51,"Demand":0,"DemandMax":4,"Value":10404},{"Length":41,"Height":39,"Demand":0,"DemandMax":4,"Value":3198},{"Length":85,"Height":7,"Demand":0,"DemandMax":4,"Value":1785},{"Length":68,"Height":76,"Demand":0,"DemandMax":4,"Value":10336},{"Length":87,"Height":91,"Demand":0,"DemandMax":4,"Value":15834},{"Length":60,"Height":69,"Demand":0,"DemandMax":4,"Value":8280},{"Length":86,"Height":34,"Demand":0,"DemandMax":4,"Value":2924},{"Length":97,"Height":43,"Demand":0,"DemandMax":4,"Value":4171},{"Length":12,"Height":42,"Demand":0,"DemandMax":4,"Value":1512},{"Length":82,"Height":98,"Demand":0,"DemandMax":4,"Value":16072},{"Length":21,"Height":78,"Demand":0,"DemandMax":4,"Value":4914},{"Length":36,"Height":37,"Demand":0,"DemandMax":4,"Value":2664},{"Length":56,"Height":61,"Demand":0,"DemandMax":4,"Value":6832},{"Length":4,"Height":84,"Demand":0,"DemandMax":4,"Value":1008},{"Length":100,"Height":10,"Demand":0,"DemandMax":4,"Value":2000},{"Length":22,"Height":17,"Demand":0,"DemandMax":4,"Value":374},{"Length":91,"Height":57,"Demand":0,"DemandMax":4,"Value":15561},{"Length":79,"Height":78,"Demand":0,"DemandMax":4,"Value":18486},{"Length":24,"Height":28,"Demand":0,"DemandMax":4,"Value":672},{"Length":18,"Height":89,"Demand":0,"DemandMax":4,"Value":1602},{"Length":88,"Height":70,"Demand":0,"DemandMax":4,"Value":12320},{"Length":28,"Height":9,"Demand":0,"DemandMax":4,"Value":252},{"Length":60,"Height":82,"Demand":0,"DemandMax":4,"Value":4920},{"Length":28,"Height":30,"Demand":0,"DemandMax":4,"Value":2520},{"Length":94,"Height":47,"Demand":0,"DemandMax":4,"Value":13254},{"Length":15,"Height":89,"Demand":0,"DemandMax":4,"Value":4005},{"Length":41,"Height":87,"Demand":0,"DemandMax":4,"Value":3567},{"Length":73,"Height":77,"Demand":0,"DemandMax":4,"Value":16863},{"Length":19,"Height":5,"Demand":0,"DemandMax":4,"Value":95},{"Length":68,"Height":77,"Demand":0,"DemandMax":4,"Value":10472},{"Length":29,"Height":96,"Demand":0,"DemandMax":8,"Value":8352},{"Length":41,"Height":86,"Demand":0,"DemandMax":4,"Value":7052},{"Length":80,"Height":41,"Demand":0,"DemandMax":4,"Value":6560},{"Length":98,"Height":48,"Demand":0,"DemandMax":4,"Value":4704},{"Length":6,"Height":49,"Demand":0,"DemandMax":4,"Value":882},{"Length":43,"Height":80,"Demand":0,"DemandMax":4,"Value":6880},{"Length":17,"Height":24,"Demand":0,"DemandMax":4,"Value":1224},{"Length":10,"Height":92,"Demand":0,"DemandMax":4,"Value":2760},{"Length":99,"Height":20,"Demand":0,"DemandMax":4,"Value":3960},{"Length":86,"Height":62,"Demand":0,"DemandMax":4,"Value":5332},{"Length":15,"Height":2,"Demand":0,"DemandMax":4,"Value":60},{"Length":100,"Height":53,"Demand":0,"DemandMax":4,"Value":15900},{"Length":96,"Height":2,"Demand":0,"DemandMax":4,"Value":576},{"Length":80,"Height":22,"Demand":0,"DemandMax":4,"Value":3520},{"Length":10,"Height":35,"Demand":0,"DemandMax":4,"Value":1050},{"Length":23,"Height":47,"Demand":0,"DemandMax":4,"Value":2162},{"Length":50,"Height":77,"Demand":0,"DemandMax":4,"Value":3850},{"Length":22,"Height":34,"Demand":0,"DemandMax":4,"Value":1496},{"Length":62,"Height":90,"Demand":0,"DemandMax":4,"Value":5580},{"Length":95,"Height":10,"Demand":0,"DemandMax":4,"Value":1900},{"Length":24,"Height":6,"Demand":0,"DemandMax":4,"Value":144},{"Length":94,"Height":8,"Demand":0,"DemandMax":4,"Value":1504},{"Length":48,"Height":13,"Demand":0,"DemandMax":4,"Value":1872},{"Length":27,"Height":81,"Demand":0,"DemandMax":4,"Value":6561},{"Length":97,"Height":83,"Demand":0,"DemandMax":4,"Value":8051},{"Length":9,"Height":25,"Demand":0,"DemandMax":4,"Value":450},{"Length":77,"Height":66,"Demand":0,"DemandMax":4,"Value":5082},{"Length":14,"Height":35,"Demand":0,"DemandMax":4,"Value":1470},{"Length":76,"Height":23,"Demand":0,"DemandMax":4,"Value":3496},{"Length":24,"Height":98,"Demand":0,"DemandMax":4,"Value":2352},{"Length":76,"Height":6,"Demand":0,"DemandMax":4,"Value":912},{"Length":88,"Height":29,"Demand":0,"DemandMax":4,"Value":5104},{"Length":3,"Height":44,"Demand":0,"DemandMax":4,"Value":264},{"Length":20,"Height":11,"Demand":0,"DemandMax":8,"Value":440},{"Length":21,"Height":37,"Demand":0,"DemandMax":4,"Value":2331},{"Length":21,"Height":78,"Demand":0,"DemandMax":4,"Value":3276},{"Length":12,"Height":16,"Demand":0,"DemandMax":4,"Value":384},{"Length":22,"Height":21,"Demand":0,"DemandMax":4,"Value":924},{"Length":50,"Height":39,"Demand":0,"DemandMax":4,"Value":1950},{"Length":25,"Height":38,"Demand":0,"DemandMax":4,"Value":950},{"Length":95,"Height":70,"Demand":0,"DemandMax":4,"Value":19950},{"Length":77,"Height":61,"Demand":0,"DemandMax":4,"Value":14091},{"Length":93,"Height":60,"Demand":0,"DemandMax":4,"Value":5580},{"Length":46,"Height":43,"Demand":0,"DemandMax":4,"Value":1978},{"Length":6,"Height":97,"Demand":0,"DemandMax":4,"Value":1164},{"Length":44,"Height":38,"Demand":0,"DemandMax":4,"Value":1672},{"Length":69,"Height":85,"Demand":0,"DemandMax":4,"Value":11730},{"Length":27,"Height":32,"Demand":0,"DemandMax":4,"Value":864},{"Length":68,"Height":86,"Demand":0,"DemandMax":4,"Value":11696},{"Length":84,"Height":34,"Demand":0,"DemandMax":4,"Value":2856},{"Length":5,"Height":4,"Demand":0,"DemandMax":4,"Value":40},{"Length":69,"Height":66,"Demand":0,"DemandMax":4,"Value":13662},{"Length":58,"Height":76,"Demand":0,"DemandMax":4,"Value":8816},{"Length":58,"Height":87,"Demand":0,"DemandMax":4,"Value":15138},{"Length":58,"Height":64,"Demand":0,"DemandMax":4,"Value":11136},{"Length":26,"Height":30,"Demand":0,"DemandMax":4,"Value":780},{"Length":92,"Height":16,"Demand":0,"DemandMax":4,"Value":2944},{"Length":80,"Height":42,"Demand":0,"DemandMax":4,"Value":6720},{"Length":85,"Height":38,"Demand":0,"DemandMax":4,"Value":3230},{"Length":90,"Height":9,"Demand":0,"DemandMax":4,"Value":810},{"Length":90,"Height":86,"Demand":0,"DemandMax":4,"Value":23220},{"Length":25,"Height":37,"Demand":0,"DemandMax":4,"Value":1850},{"Length":16,"Height":84,"Demand":0,"DemandMax":4,"Value":2688},{"Length":93,"Height":27,"Demand":0,"DemandMax":4,"Value":2511},{"Length":9,"Height":95,"Demand":0,"DemandMax":4,"Value":2565},{"Length":83,"Height":11,"Demand":0,"DemandMax":4,"Value":1826},{"Length":3,"Height":7,"Demand":0,"DemandMax":4,"Value":42},{"Length":72,"Height":95,"Demand":0,"DemandMax":4,"Value":6840},{"Length":32,"Height":9,"Demand":0,"DemandMax":4,"Value":576},{"Length":46,"Height":40,"Demand":0,"DemandMax":4,"Value":1840},{"Length":98,"Height":42,"Demand":0,"DemandMax":4,"Value":8232},{"Length":93,"Height":14,"Demand":0,"DemandMax":4,"Value":3906},{"Length":92,"Height":54,"Demand":0,"DemandMax":4,"Value":9936},{"Length":13,"Height":30,"Demand":0,"DemandMax":8,"Value":1170},{"Length":25,"Height":94,"Demand":0,"DemandMax":4,"Value":2350},{"Length":35,"Height":48,"Demand":0,"DemandMax":4,"Value":5040},{"Length":39,"Height":33,"Demand":0,"DemandMax":4,"Value":2574},{"Length":91,"Height":98,"Demand":0,"DemandMax":4,"Value":8918},{"Length":49,"Height":94,"Demand":0,"DemandMax":4,"Value":9212},{"Length":99,"Height":43,"Demand":0,"DemandMax":4,"Value":4257},{"Length":60,"Height":99,"Demand":0,"DemandMax":4,"Value":17820},{"Length":4,"Height":42,"Demand":0,"DemandMax":4,"Value":336},{"Length":48,"Height":83,"Demand":0,"DemandMax":4,"Value":11952},{"Length":10,"Height":16,"Demand":0,"DemandMax":4,"Value":160},{"Length":79,"Height":11,"Demand":0,"DemandMax":4,"Value":2607},{"Length":98,"Height":44,"Demand":0,"DemandMax":4,"Value":4312},{"Length":88,"Height":97,"Demand":0,"DemandMax":4,"Value":25608},{"Length":39,"Height":90,"Demand":0,"DemandMax":4,"Value":7020},{"Length":91,"Height":73,"Demand":0,"DemandMax":4,"Value":6643},{"Length":29,"Height":87,"Demand":0,"DemandMax":4,"Value":7569},{"Length":54,"Height":71,"Demand":0,"DemandMax":4,"Value":11502},{"Length":81,"Height":82,"Demand":0,"DemandMax":4,"Value":19926},{"Length":5,"Height":24,"Demand":0,"DemandMax":4,"Value":120},{"Length":6,"Height":93,"Demand":0,"DemandMax":4,"Value":1674},{"Length":94,"Height":93,"Demand":0,"DemandMax":4,"Value":8742},{"Length":2,"Height":34,"Demand":0,"DemandMax":4,"Value":68},{"Length":91,"Height":33,"Demand":0,"DemandMax":4,"Value":3003},{"Length":85,"Height":37,"Demand":0,"DemandMax":4,"Value":6290},{"Length":16,"Height":92,"Demand":0,"DemandMax":4,"Value":4416},{"Length":26,"Height":40,"Demand":0,"DemandMax":4,"Value":2080},{"Length":29,"Height":10,"Demand":0,"DemandMax":4,"Value":290},{"Length":27,"Height":6,"Demand":0,"DemandMax":4,"Value":324},{"Length":88,"Height":17,"Demand":0,"DemandMax":4,"Value":1496},{"Length":83,"Height":26,"Demand":0,"DemandMax":4,"Value":4316},{"Length":47,"Height":84,"Demand":0,"DemandMax":4,"Value":3948},{"Length":25,"Height":37,"Demand":0,"DemandMax":4,"Value":2775},{"Length":2,"Height":30,"Demand":0,"DemandMax":4,"Value":180},{"Length":80,"Height":25,"Demand":0,"DemandMax":4,"Value":2000},{"Length":77,"Height":93,"Demand":0,"DemandMax":4,"Value":21483},{"Length":14,"Height":29,"Demand":0,"DemandMax":4,"Value":406},{"Length":39,"Height":80,"Demand":0,"DemandMax":4,"Value":3120},{"Length":83,"Height":14,"Demand":0,"DemandMax":4,"Value":2324},{"Length":78,"Height":82,"Demand":0,"DemandMax":4,"Value":12792},{"Length":94,"Height":83,"Demand":0,"DemandMax":4,"Value":15604},{"Length":37,"Height":23,"Demand":0,"DemandMax":4,"Value":851},{"Length":7,"Height":79,"Demand":0,"DemandMax":4,"Value":1106},{"Length":96,"Height":70,"Demand":0,"DemandMax":4,"Value":13440},{"Length":78,"Height":27,"Demand":0,"DemandMax":4,"Value":2106},{"Length":81,"Height":23,"Demand":0,"DemandMax":4,"Value":1863},{"Length":92,"Height":87,"Demand":0,"DemandMax":4,"Value":8004},{"Length":8,"Height":85,"Demand":0,"DemandMax":4,"Value":2040},{"Length":30,"Height":41,"Demand":0,"DemandMax":4,"Value":2460},{"Length":78,"Height":53,"Demand":0,"DemandMax":4,"Value":4134},{"Length":79,"Height":14,"Demand":0,"DemandMax":4,"Value":1106},{"Length":54,"Height":68,"Demand":0,"DemandMax":4,"Value":3672},{"Length":78,"Height":20,"Demand":0,"DemandMax":4,"Value":3120},{"Length":32,"Height":3,"Demand":0,"DemandMax":4,"Value":288},{"Length":19,"Height":97,"Demand":0,"DemandMax":4,"Value":1843},{"Length":95,"Height":14,"Demand":0,"DemandMax":4,"Value":2660},{"Length":84,"Height":35,"Demand":0,"DemandMax":4,"Value":5880},{"Length":39,"Height":2,"Demand":0,"DemandMax":4,"Value":234},{"Length":99,"Height":34,"Demand":0,"DemandMax":4,"Value":6732},{"Length":79,"Height":6,"Demand":0,"DemandMax":4,"Value":948},{"Length":37,"Height":6,"Demand":0,"DemandMax":4,"Value":222},{"Length":41,"Height":27,"Demand":0,"DemandMax":4,"Value":3321},{"Length":94,"Height":51,"Demand":0,"DemandMax":4,"Value":14382},{"Length":4,"Height":27,"Demand":0,"DemandMax":4,"Value":324},{"Length":74,"Height":78,"Demand":0,"DemandMax":4,"Value":11544},{"Length":13,"Height":37,"Demand":0,"DemandMax":4,"Value":962},{"Length":52,"Height":55,"Demand":0,"DemandMax":4,"Value":8580},{"Length":100,"Height":10,"Demand":0,"DemandMax":4,"Value":3000},{"Length":95,"Height":46,"Demand":0,"DemandMax":4,"Value":4370},{"Length":90,"Height":7,"Demand":0,"DemandMax":4,"Value":1260},{"Length":85,"Height":74,"Demand":0,"DemandMax":4,"Value":12580},{"Length":90,"Height":30,"Demand":0,"DemandMax":4,"Value":8100},{"Length":24,"Height":33,"Demand":0,"DemandMax":4,"Value":2376},{"Length":74,"Height":67,"Demand":0,"DemandMax":4,"Value":4958},{"Length":52,"Height":67,"Demand":0,"DemandMax":4,"Value":10452},{"Length":71,"Height":91,"Demand":0,"DemandMax":4,"Value":12922},{"Length":4,"Height":4,"Demand":0,"DemandMax":4,"Value":16},{"Length":19,"Height":26,"Demand":0,"DemandMax":4,"Value":988},{"Length":84,"Height":82,"Demand":0,"DemandMax":4,"Value":6888},{"Length":7,"Height":86,"Demand":0,"DemandMax":4,"Value":602},{"Length":24,"Height":2,"Demand":0,"DemandMax":4,"Value":48},{"Length":88,"Height":46,"Demand":0,"DemandMax":4,"Value":4048},{"Length":11,"Height":19,"Demand":0,"DemandMax":4,"Value":418},{"Length":50,"Height":28,"Demand":0,"DemandMax":4,"Value":2800},{"Length":15,"Height":87,"Demand":0,"DemandMax":4,"Value":2610},{"Length":91,"Height":33,"Demand":0,"DemandMax":4,"Value":6006},{"Length":26,"Height":78,"Demand":0,"DemandMax":4,"Value":4056},{"Length":64,"Height":56,"Demand":0,"DemandMax":4,"Value":7168},{"Length":64,"Height":84,"Demand":0,"DemandMax":4,"Value":5376},{"Length":2,"Height":40,"Demand":0,"DemandMax":4,"Value":160},{"Length":24,"Height":94,"Demand":0,"DemandMax":4,"Value":4512},{"Length":7,"Height":35,"Demand":0,"DemandMax":4,"Value":735},{"Length":81,"Height":48,"Demand":0,"DemandMax":4,"Value":7776},{"Length":17,"Height":92,"Demand":0,"DemandMax":4,"Value":1564},{"Length":76,"Height":12,"Demand":0,"DemandMax":4,"Value":912},{"Length":85,"Height":27,"Demand":0,"DemandMax":4,"Value":6885},{"Length":34,"Height":31,"Demand":0,"DemandMax":4,"Value":3162},{"Length":93,"Height":30,"Demand":0,"DemandMax":4,"Value":8370},{"Length":39,"Height":43,"Demand":0,"DemandMax":4,"Value":1677},{"Length":55,"Height":74,"Demand":0,"DemandMax":4,"Value":8140},{"Length":79,"Height":45,"Demand":0,"DemandMax":4,"Value":3555},{"Length":11,"Height":13,"Demand":0,"DemandMax":4,"Value":429},{"Length":23,"Height":42,"Demand":0,"DemandMax":4,"Value":2898},{"Length":50,"Height":16,"Demand":0,"DemandMax":4,"Value":2400},{"Length":86,"Height":79,"Demand":0,"DemandMax":4,"Value":20382},{"Length":11,"Height":38,"Demand":0,"DemandMax":4,"Value":1254},{"Length":31,"Height":93,"Demand":0,"DemandMax":4,"Value":2883},{"Length":64,"Height":54,"Demand":0,"DemandMax":4,"Value":10368},{"Length":58,"Height":79,"Demand":0,"DemandMax":4,"Value":9164},{"Length":81,"Height":39,"Demand":0,"DemandMax":4,"Value":6318},{"Length":49,"Height":44,"Demand":0,"DemandMax":4,"Value":6468},{"Length":5,"Height":4,"Demand":0,"DemandMax":4,"Value":20},{"Length":22,"Height":98,"Demand":0,"DemandMax":4,"Value":4312},{"Length":83,"Height":46,"Demand":0,"DemandMax":4,"Value":11454},{"Length":2,"Height":15,"Demand":0,"DemandMax":4,"Value":60},{"Length":32,"Height":8,"Demand":0,"DemandMax":4,"Value":256},{"Length":7,"Height":94,"Demand":0,"DemandMax":4,"Value":1316},{"Length":83,"Height":85,"Demand":0,"DemandMax":4,"Value":14110},{"Length":83,"Height":28,"Demand":0,"DemandMax":4,"Value":2324},{"Length":44,"Height":99,"Demand":0,"DemandMax":4,"Value":13068},{"Length":12,"Height":43,"Demand":0,"DemandMax":4,"Value":1548},{"Length":82,"Height":56,"Demand":0,"DemandMax":4,"Value":9184},{"Length":12,"Height":81,"Demand":0,"DemandMax":4,"Value":972},{"Length":97,"Height":75,"Demand":0,"DemandMax":4,"Value":14550},{"Length":28,"Height":11,"Demand":0,"DemandMax":4,"Value":308},{"Length":22,"Height":2,"Demand":0,"DemandMax":4,"Value":132},{"Length":97,"Height":27,"Demand":0,"DemandMax":4,"Value":5238},{"Length":52,"Height":75,"Demand":0,"DemandMax":4,"Value":3900},{"Length":75,"Height":80,"Demand":0,"DemandMax":4,"Value":12000},{"Length":33,"Height":6,"Demand":0,"DemandMax":4,"Value":198},{"Length":18,"Height":19,"Demand":0,"DemandMax":4,"Value":684},{"Length":29,"Height":92,"Demand":0,"DemandMax":4,"Value":2668},{"Length":39,"Height":34,"Demand":0,"DemandMax":4,"Value":2652},{"Length":43,"Height":23,"Demand":0,"DemandMax":4,"Value":2967},{"Length":8,"Height":84,"Demand":0,"DemandMax":4,"Value":672},{"Length":88,"Height":23,"Demand":0,"DemandMax":4,"Value":2024},{"Length":45,"Height":46,"Demand":0,"DemandMax":4,"Value":4140},{"Length":14,"Height":76,"Demand":0,"DemandMax":4,"Value":2128},{"Length":99,"Height":58,"Demand":0,"DemandMax":4,"Value":5742},{"Length":78,"Height":34,"Demand":0,"DemandMax":4,"Value":7956},{"Length":8,"Height":46,"Demand":0,"DemandMax":4,"Value":368},{"Length":35,"Height":40,"Demand":0,"DemandMax":4,"Value":4200},{"Length":23,"Height":24,"Demand":0,"DemandMax":4,"Value":1104},{"Length":44,"Height":48,"Demand":0,"DemandMax":4,"Value":6336},{"Length":36,"Height":36,"Demand":0,"DemandMax":4,"Value":2592},{"Length":93,"Height":100,"Demand":0,"DemandMax":4,"Value":27900},{"Length":40,"Height":21,"Demand":0,"DemandMax":4,"Value":840},{"Length":7,"Height":80,"Demand":0,"DemandMax":4,"Value":560},{"Length":48,"Height":44,"Demand":0,"DemandMax":4,"Value":4224},{"Length":9,"Height":14,"Demand":0,"DemandMax":4,"Value":126},{"Length":86,"Height":15,"Demand":0,"DemandMax":4,"Value":1290},{"Length":11,"Height":4,"Demand":0,"DemandMax":4,"Value":132},{"Length":21,"Height":43,"Demand":0,"DemandMax":4,"Value":1806},{"Length":100,"Height":11,"Demand":0,"DemandMax":4,"Value":3300},{"Length":39,"Height":90,"Demand":0,"DemandMax":4,"Value":10530},{"Length":9,"Height":27,"Demand":0,"DemandMax":4,"Value":729},{"Length":24,"Height":19,"Demand":0,"DemandMax":4,"Value":1368},{"Length":17,"Height":25,"Demand":0,"DemandMax":4,"Value":850},{"Length":51,"Height":56,"Demand":0,"DemandMax":4,"Value":5712},{"Length":33,"Height":49,"Demand":0,"DemandMax":4,"Value":3234},{"Length":86,"Height":10,"Demand":0,"DemandMax":4,"Value":1720},{"Length":82,"Height":40,"Demand":0,"DemandMax":4,"Value":3280},{"Length":82,"Height":75,"Demand":0,"DemandMax":4,"Value":6150},{"Length":95,"Height":33,"Demand":0,"DemandMax":4,"Value":9405},{"Length":3,"Height":8,"Demand":0,"DemandMax":4,"Value":48},{"Length":93,"Height":62,"Demand":0,"DemandMax":4,"Value":11532},{"Length":96,"Height":93,"Demand":0,"DemandMax":4,"Value":26784},{"Length":40,"Height":9,"Demand":0,"DemandMax":4,"Value":1080},{"Length":94,"Height":81,"Demand":0,"DemandMax":4,"Value":15228},{"Length":15,"Height":79,"Demand":0,"DemandMax":4,"Value":1185},{"Length":92,"Height":88,"Demand":0,"DemandMax":4,"Value":16192},{"Length":89,"Height":66,"Demand":0,"DemandMax":4,"Value":17622},{"Length":9,"Height":78,"Demand":0,"DemandMax":4,"Value":1404},{"Length":19,"Height":95,"Demand":0,"DemandMax":4,"Value":5415},{"Length":82,"Height":95,"Demand":0,"DemandMax":4,"Value":15580},{"Length":3,"Height":13,"Demand":0,"DemandMax":4,"Value":39},{"Length":87,"Height":10,"Demand":0,"DemandMax":4,"Value":870},{"Length":27,"Height":27,"Demand":0,"DemandMax":4,"Value":1458},{"Length":3,"Height":38,"Demand":0,"DemandMax":4,"Value":228},{"Length":12,"Height":78,"Demand":0,"DemandMax":4,"Value":2808},{"Length":30,"Height":79,"Demand":0,"DemandMax":4,"Value":2370},{"Length":83,"Height":57,"Demand":0,"DemandMax":4,"Value":4731},{"Length":27,"Height":96,"Demand":0,"DemandMax":4,"Value":7776},{"Length":20,"Height":45,"Demand":0,"DemandMax":4,"Value":900},{"Length":45,"Height":47,"Demand":0,"DemandMax":4,"Value":4230},{"Length":13,"Height":10,"Demand":0,"DemandMax":4,"Value":130},{"Length":49,"Height":36,"Demand":0,"DemandMax":4,"Value":3528},{"Length":35,"Height":20,"Demand":0,"DemandMax":4,"Value":2100},{"Length":81,"Height":27,"Demand":0,"DemandMax":4,"Value":6561},{"Length":12,"Height":77,"Demand":0,"DemandMax":4,"Value":1848},{"Length":12,"Height":79,"Demand":0,"DemandMax":4,"Value":2844},{"Length":95,"Height":17,"Demand":0,"DemandMax":4,"Value":1615},{"Length":96,"Height":26,"Demand":0,"DemandMax":4,"Value":7488},{"Length":32,"Height":39,"Demand":0,"DemandMax":4,"Value":1248},{"Length":70,"Height":95,"Demand":0,"DemandMax":4,"Value":19950},{"Length":100,"Height":77,"Demand":0,"DemandMax":4,"Value":23100},{"Length":86,"Height":58,"Demand":0,"DemandMax":4,"Value":14964},{"Length":34,"Height":13,"Demand":0,"DemandMax":4,"Value":884},{"Length":75,"Height":83,"Demand":0,"DemandMax":4,"Value":6225},{"Length":32,"Height":31,"Demand":0,"DemandMax":4,"Value":2976},{"Length":9,"Height":87,"Demand":0,"DemandMax":4,"Value":1566},{"Length":76,"Height":52,"Demand":0,"DemandMax":4,"Value":11856},{"Length":76,"Height":65,"Demand":0,"DemandMax":4,"Value":14820},{"Length":83,"Height":26,"Demand":0,"DemandMax":4,"Value":6474},{"Length":21,"Height":31,"Demand":0,"DemandMax":4,"Value":1302},{"Length":10,"Height":37,"Demand":0,"DemandMax":4,"Value":1110},{"Length":16,"Height":33,"Demand":0,"DemandMax":4,"Value":1056},{"Length":83,"Height":48,"Demand":0,"DemandMax":4,"Value":11952},{"Length":46,"Height":31,"Demand":0,"DemandMax":4,"Value":2852},{"Length":78,"Height":9,"Demand":0,"DemandMax":4,"Value":702},{"Length":36,"Height":23,"Demand":0,"DemandMax":4,"Value":2484},{"Length":16,"Height":10,"Demand":0,"DemandMax":4,"Value":480},{"Length":34,"Height":9,"Demand":0,"DemandMax":4,"Value":612},{"Length":22,"Height":44,"Demand":0,"DemandMax":4,"Value":1936},{"Length":2,"Height":50,"Demand":0,"DemandMax":4,"Value":300},{"Length":83,"Height":36,"Demand":0,"DemandMax":4,"Value":8964},{"Length":92,"Height":62,"Demand":0,"DemandMax":4,"Value":11408},{"Length":25,"Height":32,"Demand":0,"DemandMax":4,"Value":800},{"Length":17,"Height":100,"Demand":0,"DemandMax":4,"Value":3400},{"Length":37,"Height":32,"Demand":0,"DemandMax":4,"Value":3552},{"Length":38,"Height":8,"Demand":0,"DemandMax":4,"Value":608},{"Length":3,"Height":14,"Demand":0,"DemandMax":4,"Value":84},{"Length":20,"Height":43,"Demand":0,"DemandMax":4,"Value":2580},{"Length":4,"Height":9,"Demand":0,"DemandMax":4,"Value":72},{"Length":47,"Height":87,"Demand":0,"DemandMax":4,"Value":12267},{"Length":12,"Height":4,"Demand":0,"DemandMax":4,"Value":48},{"Length":46,"Height":36,"Demand":0,"DemandMax":4,"Value":1656},{"Length":7,"Height":25,"Demand":0,"DemandMax":4,"Value":525},{"Length":36,"Height":76,"Demand":0,"DemandMax":4,"Value":8208},{"Length":84,"Height":20,"Demand":0,"DemandMax":4,"Value":1680},{"Length":92,"Height":33,"Demand":0,"DemandMax":4,"Value":3036}]}