{"Name":"ngcutfs2_16","Objects":[{"Length":100,"Height":100,"Stock":null,"Cost":10000}],"Items":[{"Length":45,"Height":5,"Demand":0,"DemandMax":3,"Value":450},{"Length":98,"Height":28,"Demand":0,"DemandMax":3,"Value":8232},{"Length":47,"Height":20,"Demand":0,"DemandMax":3,"Value":940},{"Length":32,"Height":10,"Demand":0,"DemandMax":3,"Value":960},{"Length":50,"Height":47,"Demand":0,"DemandMax":3,"Value":2350},{"Length":4,"Height":78,"Demand":0,"DemandMax":3,"Value":312},{"Length":82,"Height":85,"Demand":0,"DemandMax":3,"Value":13940},{"Length":12,"Height":15,"Demand":0,"DemandMax":3,"Value":180},{"Length":45,"Height":3,"Demand":0,"DemandMax":3,"Value":135},{"Length":33,"Height":5,"Demand":0,"DemandMax":3,"Value":495},{"Length":92,"Height":90,"Demand":0,"DemandMax":3,"Value":16560},{"Length":94,"Height":67,"Demand":0,"DemandMax":3,"Value":18894},{"Length":10,"Height":12,"Demand":0,"DemandMax":3,"Value":120},{"Length":26,"Height":28,"Demand":0,"DemandMax":3,"Value":1456},{"Length":97,"Height":49,"Demand":0,"DemandMax":3,"Value":4753},{"Length":70,"Height":78,"Demand":0,"DemandMax":3,"Value":16380},{"Length":43,"Height":10,"Demand":0,"DemandMax":3,"Value":860},{"Length":42,"Height":3,"Demand":0,"DemandMax":3,"Value":126},{"Length":5,"Height":48,"Demand":0,"DemandMax":3,"Value":480},{"Length":20,"Height":48,"Demand":0,"DemandMax":3,"Value":2880},{"Length":24,"Height":50,"Demand":0,"DemandMax":3,"Value":3600},{"Length":64,"Height":81,"Demand":0,"DemandMax":3,"Value":15552},{"Length":83,"Height":12,"Demand":0,"DemandMax":3,"Value":2988},{"Length":66,"Height":51,"Demand":0,"DemandMax":3,"Value":3366},{"Length":52,"Height":87,"Demand":0,"DemandMax":3,"Value":9048},{"Length":20,"Height":30,"Demand":0,"DemandMax":3,"Value":600},{"Length":63,"Height":99,"Demand":0,"DemandMax":3,"Value":12474},{"Length":13,"Height":13,"Demand":0,"DemandMax":3,"Value":507},{"Length":32,"Height":45,"Demand":0,"DemandMax":3,"Value":4320},{"Length":15,"Height":30,"Demand":0,"DemandMax":3,"Value":900},{"Length":88,"Height":69,"Demand":0,"DemandMax":3,"Value":12144},{"Length":4,"Height":17,"Demand":0,"DemandMax":3,"Value":136},{"Length":77,"Height":89,"Demand":0,"DemandMax":3,"Value":20559},{"Length":35,"Height":28,"Demand":0,"DemandMax":3,"Value":2940},{"Length":2,"Height":86,"Demand":0,"DemandMax":3,"Value":516},{"Length":14,"Height":9,"Demand":0,"DemandMax":3,"Value":378},{"Length":50,"Height":32,"Demand":0,"DemandMax":3,"Value":1600},{"Length":49,"Height":85,"Demand":0,"DemandMax":3,"Value":4165},{"Length":49,"Height":6,"Demand":0,"DemandMax":3,"Value":882},{"Length":84,"Height":96,"Demand":0,"DemandMax":3,"Value":24192}]}