{"Name":"ngcutfs2_172","Objects":[{"Length":100,"Height":100,"Stock":null,"Cost":10000}],"Items":[{"Length":31,"Height":12,"Demand":0,"DemandMax":4,"Value":1116},{"Length":30,"Height":33,"Demand":0,"DemandMax":4,"Value":1980},{"Length":4,"Height":6,"Demand":0,"DemandMax":4,"Value":72},{"Length":80,"Height":42,"Demand":0,"DemandMax":4,"Value":6720},{"Length":49,"Height":30,"Demand":0,"DemandMax":4,"Value":1470},{"Length":48,"Height":30,"Demand":0,"DemandMax":4,"Value":2880},{"Length":35,"Height":91,"Demand":0,"DemandMax":4,"Value":9555},{"Length":48,"Height":99,"Demand":0,"DemandMax":4,"Value":4752},{"Length":82,"Height":11,"Demand":0,"DemandMax":4,"Value":1804},{"Length":29,"Height":10,"Demand":0,"DemandMax":4,"Value":870},{"Length":33,"Height":20,"Demand":0,"DemandMax":4,"Value":1980},{"Length":31,"Height":48,"Demand":0,"DemandMax":4,"Value":4464},{"Length":23,"Height":50,"Demand":0,"DemandMax":4,"Value":2300},{"Length":3,"Height":30,"Demand":0,"DemandMax":4,"Value":90},{"Length":16,"Height":23,"Demand":0,"DemandMax":4,"Value":1104},{"Length":5,"Height":45,"Demand":0,"DemandMax":8,"Value":225},{"Length":17,"Height":37,"Demand":0,"DemandMax":4,"Value":629},{"Length":99,"Height":18,"Demand":0,"DemandMax":4,"Value":5346},{"Length":49,"Height":42,"Demand":0,"DemandMax":4,"Value":6174},{"Length":92,"Height":14,"Demand":0,"DemandMax":4,"Value":3864},{"Length":47,"Height":87,"Demand":0,"DemandMax":4,"Value":12267},{"Length":15,"Height":21,"Demand":0,"DemandMax":4,"Value":315},{"Length":4,"Height":11,"Demand":0,"DemandMax":4,"Value":88},{"Length":69,"Height":53,"Demand":0,"DemandMax":4,"Value":3657},{"Length":10,"Height":22,"Demand":0,"DemandMax":4,"Value":440},{"Length":28,"Height":22,"Demand":0,"DemandMax":4,"Value":1232},{"Length":29,"Height":27,"Demand":0,"DemandMax":4,"Value":783},{"Length":39,"Height":92,"Demand":0,"DemandMax":4,"Value":10764},{"Length":7,"Height":92,"Demand":0,"DemandMax":4,"Value":1288},{"Length":70,"Height":97,"Demand":0,"DemandMax":4,"Value":20370},{"Length":4,"Height":92,"Demand":0,"DemandMax":4,"Value":1104},{"Length":86,"Height":17,"Demand":0,"DemandMax":4,"Value":1462},{"Length":9,"Height":92,"Demand":0,"DemandMax":4,"Value":2484},{"Length":16,"Height":34,"Demand":0,"DemandMax":4,"Value":1088},{"Length":77,"Height":58,"Demand":0,"DemandMax":4,"Value":8932},{"Length":6,"Height":83,"Demand":0,"DemandMax":4,"Value":996},{"Length":20,"Height":81,"Demand":0,"DemandMax":4,"Value":3240},{"Length":44,"Height":43,"Demand":0,"DemandMax":4,"Value":5676},{"Length":43,"Height":39,"Demand":0,"DemandMax":4,"Value":5031},{"Length":7,"Height":35,"Demand":0,"DemandMax":4,"Value":490},{"Length":88,"Height":79,"Demand":0,"DemandMax":4,"Value":13904},{"Length":3,"Height":83,"Demand":0,"DemandMax":4,"Value":249},{"Length":90,"Height":69,"Demand":0,"DemandMax":4,"Value":6210},{"Length":86,"Height":19,"Demand":0,"DemandMax":4,"Value":1634},{"Length":46,"Height":49,"Demand":0,"DemandMax":4,"Value":4508},{"Length":88,"Height":61,"Demand":0,"DemandMax":4,"Value":5368},{"Length":40,"Height":31,"Demand":0,"DemandMax":4,"Value":3720},{"Length":86,"Height":27,"Demand":0,"DemandMax":4,"Value":2322},{"Length":53,"Height":95,"Demand":0,"DemandMax":4,"Value":15105},{"Length":24,"Height":9,"Demand":0,"DemandMax":8,"Value":216},{"Length":48,"Height":48,"Demand":0,"DemandMax":4,"Value":6912},{"Length":28,"Height":7,"Demand":0,"DemandMax":4,"Value":588},{"Length":9,"Height":36,"Demand":0,"DemandMax":4,"Value":324},{"Length":85,"Height":6,"Demand":0,"DemandMax":4,"Value":1530},{"Length":17,"Height":45,"Demand":0,"DemandMax":4,"Value":2295},{"Length":26,"Height":99,"Demand":0,"DemandMax":4,"Value":7722},{"Length":38,"Height":83,"Demand":0,"DemandMax":4,"Value":6308},{"Length":26,"Height":24,"Demand":0,"DemandMax":4,"Value":1872},{"Length":18,"Height":25,"Demand":0,"DemandMax":4,"Value":1350},{"Length":4,"Height":40,"Demand":0,"DemandMax":4,"Value":160},{"Length":79,"Height":50,"Demand":0,"DemandMax":4,"Value":3950},{"Length":3,"Height":4,"Demand":0,"DemandMax":4,"Value":36},{"Length":17,"Height":92,"Demand":0,"DemandMax":4,"Value":3128},{"Length":27,"Height":33,"Demand":0,"DemandMax":8,"Value":2673},{"Length":38,"Height":24,"Demand":0,"DemandMax":4,"Value":912},{"Length":24,"Height":48,"Demand":0,"DemandMax":4,"Value":2304},{"Length":48,"Height":16,"Demand":0,"DemandMax":4,"Value":2304},{"Length":4,"Height":9,"Demand":0,"DemandMax":4,"Value":72},{"Length":87,"Height":40,"Demand":0,"DemandMax":4,"Value":10440},{"Length":50,"Height":40,"Demand":0,"DemandMax":4,"Value":2000},{"Length":98,"Height":31,"Demand":0,"DemandMax":4,"Value":9114},{"Length":66,"Height":62,"Demand":0,"DemandMax":4,"Value":4092},{"Length":10,"Height":28,"Demand":0,"DemandMax":4,"Value":280},{"Length":5,"Height":76,"Demand":0,"DemandMax":4,"Value":1140},{"Length":6,"Height":90,"Demand":0,"DemandMax":4,"Value":540},{"Length":24,"Height":32,"Demand":0,"DemandMax":4,"Value":2304},{"Length":35,"Height":82,"Demand":0,"DemandMax":4,"Value":2870},{"Length":31,"Height":45,"Demand":0,"DemandMax":4,"Value":4185},{"Length":24,"Height":79,"Demand":0,"DemandMax":4,"Value":3792},{"Length":89,"Height":11,"Demand":0,"DemandMax":4,"Value":1958},{"Length":32,"Height":32,"Demand":0,"DemandMax":4,"Value":2048},{"Length":54,"Height":77,"Demand":0,"DemandMax":4,"Value":12474},{"Length":14,"Height":24,"Demand":0,"DemandMax":4,"Value":1008},{"Length":32,"Height":5,"Demand":0,"DemandMax":4,"Value":320},{"Length":92,"Height":41,"Demand":0,"DemandMax":4,"Value":7544},{"Length":49,"Height":3,"Demand":0,"DemandMax":4,"Value":147},{"Length":30,"Height":10,"Demand":0,"DemandMax":4,"Value":900},{"Length":24,"Height":50,"Demand":0,"DemandMax":4,"Value":2400},{"Length":37,"Height":87,"Demand":0,"DemandMax":4,"Value":6438},{"Length":38,"Height":5,"Demand":0,"DemandMax":4,"Value":380},{"Length":50,"Height":42,"Demand":0,"DemandMax":4,"Value":2100},{"Length":87,"Height":4,"Demand":0,"DemandMax":4,"Value":696},{"Length":84,"Height":50,"Demand":0,"DemandMax":4,"Value":8400},{"Length":16,"Height":14,"Demand":0,"DemandMax":4,"Value":672},{"Length":84,"Height":19,"Demand":0,"DemandMax":4,"Value":3192},{"Length":61,"Height":66,"Demand":0,"DemandMax":4,"Value":8052},{"Length":50,"Height":45,"Demand":0,"DemandMax":4,"Value":2250},{"Length":17,"Height":36,"Demand":0,"DemandMax":4,"Value":612},{"Length":4,"Height":32,"Demand":0,"DemandMax":4,"Value":384},{"Length":17,"Height":10,"Demand":0,"DemandMax":4,"Value":170},{"Length":12,"Height":15,"Demand":0,"DemandMax":4,"Value":360},{"Length":96,"Height":11,"Demand":0,"DemandMax":4,"Value":3168},{"Length":52,"Height":68,"Demand":0,"DemandMax":4,"Value":10608},{"Length":14,"Height":84,"Demand":0,"DemandMax":4,"Value":3528},{"Length":73,"Height":86,"Demand":0,"DemandMax":4,"Value":12556},{"Length":71,"Height":94,"Demand":0,"DemandMax":4,"Value":6674},{"Length":16,"Height":31,"Demand":0,"DemandMax":4,"Value":1488},{"Length":53,"Height":53,"Demand":0,"DemandMax":4,"Value":2809},{"Length":92,"Height":87,"Demand":0,"DemandMax":4,"Value":24012},{"Length":44,"Height":31,"Demand":0,"DemandMax":4,"Value":1364},{"Length":66,"Height":58,"Demand":0,"DemandMax":4,"Value":11484},{"Length":76,"Height":72,"Demand":0,"DemandMax":4,"Value":16416},{"Length":23,"Height":90,"Demand":0,"DemandMax":4,"Value":2070},{"Length":5,"Height":22,"Demand":0,"DemandMax":8,"Value":220},{"Length":25,"Height":20,"Demand":0,"DemandMax":4,"Value":1000},{"Length":12,"Height":42,"Demand":0,"DemandMax":4,"Value":504},{"Length":26,"Height":91,"Demand":0,"DemandMax":4,"Value":7098},{"Length":35,"Height":14,"Demand":0,"DemandMax":4,"Value":1470},{"Length":77,"Height":33,"Demand":0,"DemandMax":4,"Value":2541},{"Length":18,"Height":25,"Demand":0,"DemandMax":4,"Value":450},{"Length":50,"Height":46,"Demand":0,"DemandMax":4,"Value":6900},{"Length":4,"Height":19,"Demand":0,"DemandMax":4,"Value":152},{"Length":77,"Height":92,"Demand":0,"DemandMax":4,"Value":21252},{"Length":3,"Height":28,"Demand":0,"DemandMax":4,"Value":84},{"Length":3,"Height":17,"Demand":0,"DemandMax":4,"Value":102},{"Length":38,"Height":6,"Demand":0,"DemandMax":4,"Value":456},{"Length":46,"Height":89,"Demand":0,"DemandMax":4,"Value":12282},{"Length":44,"Height":30,"Demand":0,"DemandMax":4,"Value":1320},{"Length":14,"Height":40,"Demand":0,"DemandMax":4,"Value":560},{"Length":27,"Height":92,"Demand":0,"DemandMax":4,"Value":7452},{"Length":19,"Height":15,"Demand":0,"DemandMax":4,"Value":285},{"Length":8,"Height":80,"Demand":0,"DemandMax":4,"Value":1920},{"Length":11,"Height":34,"Demand":0,"DemandMax":4,"Value":748},{"Length":23,"Height":12,"Demand":0,"DemandMax":4,"Value":276},{"Length":52,"Height":89,"Demand":0,"DemandMax":4,"Value":13884},{"Length":84,"Height":33,"Demand":0,"DemandMax":4,"Value":8316},{"Length":31,"Height":95,"Demand":0,"DemandMax":4,"Value":8835},{"Length":33,"Height":14,"Demand":0,"DemandMax":4,"Value":924},{"Length":47,"Height":14,"Demand":0,"DemandMax":4,"Value":1316},{"Length":39,"Height":36,"Demand":0,"DemandMax":4,"Value":1404},{"Length":14,"Height":15,"Demand":0,"DemandMax":4,"Value":420},{"Length":97,"Height":31,"Demand":0,"DemandMax":4,"Value":3007},{"Length":30,"Height":13,"Demand":0,"DemandMax":4,"Value":1170},{"Length":50,"Height":43,"Demand":0,"DemandMax":4,"Value":6450},{"Length":97,"Height":49,"Demand":0,"DemandMax":4,"Value":9506},{"Length":85,"Height":93,"Demand":0,"DemandMax":4,"Value":23715},{"Length":33,"Height":7,"Demand":0,"DemandMax":4,"Value":693},{"Length":21,"Height":48,"Demand":0,"DemandMax":4,"Value":3024},{"Length":44,"Height":50,"Demand":0,"DemandMax":4,"Value":6600},{"Length":87,"Height":82,"Demand":0,"DemandMax":4,"Value":7134},{"Length":92,"Height":87,"Demand":0,"DemandMax":4,"Value":16008},{"Length":49,"Height":29,"Demand":0,"DemandMax":4,"Value":2842},{"Length":34,"Height":12,"Demand":0,"DemandMax":4,"Value":408},{"Length":25,"Height":32,"Demand":0,"DemandMax":4,"Value":800},{"Length":53,"Height":77,"Demand":0,"DemandMax":4,"Value":4081},{"Length":100,"Height":46,"Demand":0,"DemandMax":4,"Value":9200},{"Length":49,"Height":14,"Demand":0,"DemandMax":4,"Value":1372},{"Length":23,"Height":78,"Demand":0,"DemandMax":4,"Value":5382},{"Length":20,"Height":98,"Demand":0,"DemandMax":4,"Value":3920},{"Length":99,"Height":79,"Demand":0,"DemandMax":4,"Value":23463},{"Length":65,"Height":98,"Demand":0,"DemandMax":4,"Value":6370},{"Length":4,"Height":41,"Demand":0,"DemandMax":4,"Value":492},{"Length":22,"Height":36,"Demand":0,"DemandMax":4,"Value":2376},{"Length":13,"Height":50,"Demand":0,"DemandMax":4,"Value":650},{"Length":64,"Height":83,"Demand":0,"DemandMax":4,"Value":5312},{"Length":49,"Height":90,"Demand":0,"DemandMax":4,"Value":8820},{"Length":37,"Height":82,"Demand":0,"DemandMax":4,"Value":6068},{"Length":11,"Height":25,"Demand":0,"DemandMax":4,"Value":275},{"Length":55,"Height":66,"Demand":0,"DemandMax":4,"Value":3630},{"Length":30,"Height":26,"Demand":0,"DemandMax":4,"Value":1560},{"Length":41,"Height":10,"Demand":0,"DemandMax":4,"Value":820},{"Length":8,"Height":45,"Demand":0,"DemandMax":4,"Value":1080},{"Length":47,"Height":46,"Demand":0,"DemandMax":4,"Value":2162},{"Length":16,"Height":29,"Demand":0,"DemandMax":4,"Value":928},{"Length":98,"Height":47,"Demand":0,"DemandMax":4,"Value":9212},{"Length":24,"Height":23,"Demand":0,"DemandMax":4,"Value":552},{"Length":96,"Height":4,"Demand":0,"DemandMax":4,"Value":768},{"Length":9,"Height":5,"Demand":0,"DemandMax":4,"Value":90},{"Length":16,"Height":9,"Demand":0,"DemandMax":4,"Value":144},{"Length":2,"Height":15,"Demand":0,"DemandMax":4,"Value":60},{"Length":83,"Height":63,"Demand":0,"DemandMax":4,"Value":5229},{"Length":89,"Height":21,"Demand":0,"DemandMax":4,"Value":3738},{"Length":79,"Height":30,"Demand":0,"DemandMax":4,"Value":4740},{"Length":31,"Height":92,"Demand":0,"DemandMax":4,"Value":8556},{"Length":18,"Height":18,"Demand":0,"DemandMax":4,"Value":648},{"Length":34,"Height":16,"Demand":0,"DemandMax":4,"Value":1088},{"Length":84,"Height":68,"Demand":0,"DemandMax":4,"Value":17136},{"Length":16,"Height":40,"Demand":0,"DemandMax":4,"Value":1280},{"Length":20,"Height":6,"Demand":0,"DemandMax":4,"Value":120},{"Length":24,"Height":10,"Demand":0,"DemandMax":4,"Value":480},{"Length":88,"Height":6,"Demand":0,"DemandMax":4,"Value":528},{"Length":81,"Height":8,"Demand":0,"DemandMax":4,"Value":1944},{"Length":31,"Height":38,"Demand":0,"DemandMax":4,"Value":3534},{"Length":97,"Height":50,"Demand":0,"DemandMax":4,"Value":14550},{"Length":79,"Height":67,"Demand":0,"DemandMax":4,"Value":10586},{"Length":86,"Height":50,"Demand":0,"DemandMax":4,"Value":4300},{"Length":22,"Height":46,"Demand":0,"DemandMax":4,"Value":3036},{"Length":42,"Height":92,"Demand":0,"DemandMax":4,"Value":11592},{"Length":10,"Height":77,"Demand":0,"DemandMax":4,"Value":1540},{"Length":48,"Height":89,"Demand":0,"DemandMax":4,"Value":8544},{"Length":78,"Height":17,"Demand":0,"DemandMax":4,"Value":3978},{"Length":50,"Height":35,"Demand":0,"DemandMax":4,"Value":5250},{"Length":24,"Height":5,"Demand":0,"DemandMax":4,"Value":360},{"Length":78,"Height":93,"Demand":0,"DemandMax":4,"Value":14508},{"Length":37,"Height":78,"Demand":0,"DemandMax":4,"Value":2886},{"Length":46,"Height":5,"Demand":0,"DemandMax":4,"Value":460},{"Length":29,"Height":36,"Demand":0,"DemandMax":4,"Value":3132},{"Length":25,"Height":38,"Demand":0,"DemandMax":4,"Value":1900},{"Length":42,"Height":38,"Demand":0,"DemandMax":4,"Value":3192},{"Length":68,"Height":65,"Demand":0,"DemandMax":4,"Value":13260},{"Length":75,"Height":72,"Demand":0,"DemandMax":4,"Value":5400},{"Length":49,"Height":22,"Demand":0,"DemandMax":4,"Value":3234},{"Length":41,"Height":42,"Demand":0,"DemandMax":4,"Value":5166},{"Length":24,"Height":10,"Demand":0,"DemandMax":8,"Value":240},{"Length":28,"Height":88,"Demand":0,"DemandMax":4,"Value":4928},{"Length":62,"Height":51,"Demand":0,"DemandMax":4,"Value":9486},{"Length":10,"Height":46,"Demand":0,"DemandMax":4,"Value":1380},{"Length":55,"Height":91,"Demand":0,"DemandMax":4,"Value":5005},{"Length":77,"Height":37,"Demand":0,"DemandMax":4,"Value":8547},{"Length":33,"Height":30,"Demand":0,"DemandMax":4,"Value":1980},{"Length":55,"Height":59,"Demand":0,"DemandMax":4,"Value":3245},{"Length":39,"Height":49,"Demand":0,"DemandMax":4,"Value":1911},{"Length":50,"Height":34,"Demand":0,"DemandMax":4,"Value":3400},{"Length":15,"Height":35,"Demand":0,"DemandMax":4,"Value":525},{"Length":17,"Height":83,"Demand":0,"DemandMax":4,"Value":4233},{"Length":96,"Height":34,"Demand":0,"DemandMax":4,"Value":9792},{"Length":19,"Height":38,"Demand":0,"DemandMax":4,"Value":722},{"Length":83,"Height":90,"Demand":0,"DemandMax":4,"Value":22410},{"Length":27,"Height":17,"Demand":0,"DemandMax":4,"Value":918},{"Length":11,"Height":19,"Demand":0,"DemandMax":4,"Value":627},{"Length":4,"Height":47,"Demand":0,"DemandMax":4,"Value":188},{"Length":34,"Height":50,"Demand":0,"DemandMax":4,"Value":3400},{"Length":22,"Height":33,"Demand":0,"DemandMax":4,"Value":1452},{"Length":19,"Height":26,"Demand":0,"DemandMax":4,"Value":1482},{"Length":20,"Height":23,"Demand":0,"DemandMax":4,"Value":1380},{"Length":31,"Height":48,"Demand":0,"DemandMax":4,"Value":2976},{"Length":23,"Height":16,"Demand":0,"DemandMax":4,"Value":1104},{"Length":24,"Height":44,"Demand":0,"DemandMax":4,"Value":1056},{"Length":36,"Height":81,"Demand":0,"DemandMax":8,"Value":8748},{"Length":50,"Height":15,"Demand":0,"DemandMax":4,"Value":1500},{"Length":48,"Height":8,"Demand":0,"DemandMax":4,"Value":768},{"Length":35,"Height":28,"Demand":0,"DemandMax":4,"Value":980},{"Length":49,"Height":21,"Demand":0,"DemandMax":4,"Value":2058},{"Length":100,"Height":2,"Demand":0,"DemandMax":4,"Value":600},{"Length":31,"Height":43,"Demand":0,"DemandMax":4,"Value":2666},{"Length":28,"Height":81,"Demand":0,"DemandMax":4,"Value":2268},{"Length":55,"Height":90,"Demand":0,"DemandMax":4,"Value":4950},{"Length":79,"Height":24,"Demand":0,"DemandMax":4,"Value":5688},{"Length":83,"Height":5,"Demand":0,"DemandMax":4,"Value":1245},{"Length":5,"Height":82,"Demand":0,"DemandMax":4,"Value":820},{"Length":40,"Height":7,"Demand":0,"DemandMax":4,"Value":560},{"Length":11,"Height":82,"Demand":0,"DemandMax":4,"Value":902},{"Length":42,"Height":3,"Demand":0,"DemandMax":4,"Value":252},{"Length":17,"Height":16,"Demand":0,"DemandMax":4,"Value":816},{"Length":44,"Height":28,"Demand":0,"DemandMax":4,"Value":1232},{"Length":34,"Height":48,"Demand":0,"DemandMax":4,"Value":3264},{"Length":14,"Height":91,"Demand":0,"DemandMax":4,"Value":3822},{"Length":12,"Height":49,"Demand":0,"DemandMax":4,"Value":1764},{"Length":79,"Height":8,"Demand":0,"DemandMax":4,"Value":1896},{"Length":8,"Height":10,"Demand":0,"DemandMax":4,"Value":240},{"Length":9,"Height":38,"Demand":0,"DemandMax":8,"Value":1026},{"Length":21,"Height":10,"Demand":0,"DemandMax":4,"Value":630},{"Length":49,"Height":26,"Demand":0,"DemandMax":4,"Value":3822},{"Length":80,"Height":60,"Demand":0,"DemandMax":4,"Value":14400},{"Length":76,"Height":30,"Demand":0,"DemandMax":4,"Value":4560},{"Length":14,"Height":23,"Demand":0,"DemandMax":4,"Value":966},{"Length":93,"Height":9,"Demand":0,"DemandMax":4,"Value":2511},{"Length":3,"Height":10,"Demand":0,"DemandMax":4,"Value":60},{"Length":94,"Height":19,"Demand":0,"DemandMax":4,"Value":3572},{"Length":17,"Height":10,"Demand":0,"DemandMax":4,"Value":340},{"Length":87,"Height":9,"Demand":0,"DemandMax":4,"Value":1566},{"Length":5,"Height":20,"Demand":0,"DemandMax":4,"Value":300},{"Length":46,"Height":38,"Demand":0,"DemandMax":4,"Value":5244},{"Length":9,"Height":40,"Demand":0,"DemandMax":4,"Value":1080},{"Length":19,"Height":36,"Demand":0,"DemandMax":4,"Value":1368},{"Length":56,"Height":62,"Demand":0,"DemandMax":4,"Value":6944},{"Length":17,"Height":16,"Demand":0,"DemandMax":4,"Value":544},{"Length":7,"Height":25,"Demand":0,"DemandMax":4,"Value":175},{"Length":41,"Height":11,"Demand":0,"DemandMax":4,"Value":451},{"Length":39,"Height":34,"Demand":0,"DemandMax":4,"Value":2652},{"Length":48,"Height":34,"Demand":0,"DemandMax":4,"Value":3264},{"Length":31,"Height":16,"Demand":0,"DemandMax":4,"Value":992},{"Length":31,"Height":49,"Demand":0,"DemandMax":4,"Value":1519},{"Length":7,"Height":18,"Demand":0,"DemandMax":4,"Value":252},{"Length":25,"Height":100,"Demand":0,"DemandMax":4,"Value":7500},{"Length":25,"Height":90,"Demand":0,"DemandMax":4,"Value":4500},{"Length":31,"Height":8,"Demand":0,"DemandMax":4,"Value":248},{"Length":30,"Height":15,"Demand":0,"DemandMax":4,"Value":450},{"Length":47,"Height":28,"Demand":0,"DemandMax":4,"Value":2632},{"Length":98,"Height":20,"Demand":0,"DemandMax":4,"Value":1960},{"Length":14,"Height":30,"Demand":0,"DemandMax":4,"Value":840},{"Length":21,"Height":80,"Demand":0,"DemandMax":4,"Value":3360},{"Length":87,"Height":37,"Demand":0,"DemandMax":4,"Value":3219},{"Length":76,"Height":19,"Demand":0,"DemandMax":4,"Value":2888},{"Length":70,"Height":78,"Demand":0,"DemandMax":4,"Value":5460},{"Length":61,"Height":66,"Demand":0,"DemandMax":4,"Value":4026},{"Length":59,"Height":70,"Demand":0,"DemandMax":4,"Value":12390},{"Length":98,"Height":12,"Demand":0,"DemandMax":4,"Value":1176},{"Length":48,"Height":3,"Demand":0,"DemandMax":4,"Value":288},{"Length":34,"Height":8,"Demand":0,"DemandMax":4,"Value":816},{"Length":4,"Height":7,"Demand":0,"DemandMax":4,"Value":84},{"Length":50,"Height":27,"Demand":0,"DemandMax":4,"Value":1350},{"Length":27,"Height":96,"Demand":0,"DemandMax":4,"Value":5184},{"Length":23,"Height":89,"Demand":0,"DemandMax":4,"Value":2047},{"Length":50,"Height":32,"Demand":0,"DemandMax":4,"Value":3200},{"Length":79,"Height":20,"Demand":0,"DemandMax":4,"Value":1580},{"Length":97,"Height":35,"Demand":0,"DemandMax":4,"Value":3395},{"Length":2,"Height":36,"Demand":0,"DemandMax":4,"Value":72},{"Length":24,"Height":87,"Demand":0,"DemandMax":4,"Value":6264},{"Length":9,"Height":27,"Demand":0,"DemandMax":4,"Value":243},{"Length":7,"Height":82,"Demand":0,"DemandMax":4,"Value":1722},{"Length":87,"Height":9,"Demand":0,"DemandMax":4,"Value":2349},{"Length":11,"Height":36,"Demand":0,"DemandMax":4,"Value":1188},{"Length":89,"Height":42,"Demand":0,"DemandMax":4,"Value":11214},{"Length":16,"Height":17,"Demand":0,"DemandMax":4,"Value":816},{"Length":31,"Height":11,"Demand":0,"DemandMax":4,"Value":1023},{"Length":93,"Height":20,"Demand":0,"DemandMax":4,"Value":3720},{"Length":49,"Height":82,"Demand":0,"DemandMax":4,"Value":4018},{"Length":81,"Height":19,"Demand":0,"DemandMax":4,"Value":1539},{"Length":4,"Height":3,"Demand":0,"DemandMax":4,"Value":12},{"Length":4,"Height":100,"Demand":0,"DemandMax":4,"Value":400},{"Length":19,"Height":45,"Demand":0,"DemandMax":4,"Value":1710},{"Length":37,"Height":22,"Demand":0,"DemandMax":4,"Value":2442},{"Length":60,"Height":77,"Demand":0,"DemandMax":4,"Value":4620},{"Length":44,"Height":12,"Demand":0,"DemandMax":4,"Value":1584},{"Length":14,"Height":7,"Demand":0,"DemandMax":4,"Value":98},{"Length":10,"Height":27,"Demand":0,"DemandMax":4,"Value":540},{"Length":38,"Height":44,"Demand":0,"DemandMax":4,"Value":3344},{"Length":10,"Height":6,"Demand":0,"DemandMax":4,"Value":120},{"Length":18,"Height":35,"Demand":0,"DemandMax":4,"Value":1260},{"Length":46,"Height":15,"Demand":0,"DemandMax":4,"Value":1380},{"Length":31,"Height":76,"Demand":0,"DemandMax":4,"Value":4712},{"Length":9,"Height":21,"Demand":0,"DemandMax":4,"Value":189},{"Length":26,"Height":85,"Demand":0,"DemandMax":4,"Value":4420},{"Length":50,"Height":36,"Demand":0,"DemandMax":4,"Value":3600},{"Length":87,"Height":100,"Demand":0,"DemandMax":4,"Value":26100},{"Length":49,"Height":16,"Demand":0,"DemandMax":4,"Value":784},{"Length":33,"Height":50,"Demand":0,"DemandMax":4,"Value":1650},{"Length":46,"Height":47,"Demand":0,"DemandMax":4,"Value":6486},{"Length":12,"Height":45,"Demand":0,"DemandMax":4,"Value":1080},{"Length":17,"Height":35,"Demand":0,"DemandMax":4,"Value":595},{"Length":33,"Height":38,"Demand":0,"DemandMax":4,"Value":3762},{"Length":11,"Height":98,"Demand":0,"DemandMax":4,"Value":3234},{"Length":79,"Height":12,"Demand":0,"DemandMax":4,"Value":948},{"Length":48,"Height":100,"Demand":0,"DemandMax":4,"Value":14400},{"Length":16,"Height":11,"Demand":0,"DemandMax":4,"Value":528},{"Length":85,"Height":38,"Demand":0,"DemandMax":4,"Value":9690},{"Length":50,"Height":41,"Demand":0,"DemandMax":4,"Value":4100},{"Length":49,"Height":98,"Demand":0,"DemandMax":4,"Value":9604},{"Length":19,"Height":95,"Demand":0,"DemandMax":4,"Value":5415},{"Length":16,"Height":98,"Demand":0,"DemandMax":4,"Value":1568},{"Length":21,"Height":94,"Demand":0,"DemandMax":4,"Value":1974},{"Length":20,"Height":96,"Demand":0,"DemandMax":4,"Value":1920},{"Length":28,"Height":21,"Demand":0,"DemandMax":4,"Value":588},{"Length":13,"Height":23,"Demand":0,"DemandMax":4,"Value":299},{"Length":15,"Height":92,"Demand":0,"DemandMax":4,"Value":4140},{"Length":22,"Height":44,"Demand":0,"DemandMax":4,"Value":1936},{"Length":78,"Height":99,"Demand":0,"DemandMax":4,"Value":7722},{"Length":87,"Height":85,"Demand":0,"DemandMax":4,"Value":7395},{"Length":8,"Height":25,"Demand":0,"DemandMax":4,"Value":600},{"Length":50,"Height":22,"Demand":0,"DemandMax":4,"Value":3300},{"Length":12,"Height":50,"Demand":0,"DemandMax":4,"Value":600},{"Length":100,"Height":19,"Demand":0,"DemandMax":4,"Value":3800},{"Length":43,"Height":99,"Demand":0,"DemandMax":4,"Value":8514},{"Length":90,"Height":32,"Demand":0,"DemandMax":4,"Value":8640},{"Length":5,"Height":43,"Demand":0,"DemandMax":4,"Value":430},{"Length":10,"Height":91,"Demand":0,"DemandMax":4,"Value":2730},{"Length":47,"Height":96,"Demand":0,"DemandMax":4,"Value":9024},{"Length":42,"Height":20,"Demand":0,"DemandMax":4,"Value":2520},{"Length":18,"Height":46,"Demand":0,"DemandMax":4,"Value":828},{"Length":44,"Height":8,"Demand":0,"DemandMax":4,"Value":352},{"Length":83,"Height":51,"Demand":0,"DemandMax":4,"Value":12699},{"Length":13,"Height":78,"Demand":0,"DemandMax":4,"Value":1014},{"Length":21,"Height":37,"Demand":0,"DemandMax":4,"Value":777},{"Length":31,"Height":22,"Demand":0,"DemandMax":4,"Value":1364},{"Length":6,"Height":38,"Demand":0,"DemandMax":4,"Value":456},{"Length":98,"Height":2,"Demand":0,"DemandMax":4,"Value":196},{"Length":80,"Height":38,"Demand":0,"DemandMax":4,"Value":3040},{"Length":47,"Height":36,"Demand":0,"DemandMax":4,"Value":1692},{"Length":94,"Height":5,"Demand":0,"DemandMax":4,"Value":940},{"Length":22,"Height":16,"Demand":0,"DemandMax":4,"Value":352},{"Length":44,"Height":38,"Demand":0,"DemandMax":4,"Value":5016},{"Length":35,"Height":94,"Demand":0,"DemandMax":4,"Value":6580},{"Length":33,"Height":44,"Demand":0,"DemandMax":4,"Value":4356},{"Length":39,"Height":6,"Demand":0,"DemandMax":4,"Value":702},{"Length":55,"Height":98,"Demand":0,"DemandMax":4,"Value":5390},{"Length":9,"Height":81,"Demand":0,"DemandMax":4,"Value":1458},{"Length":46,"Height":97,"Demand":0,"DemandMax":4,"Value":13386},{"Length":37,"Height":46,"Demand":0,"DemandMax":4,"Value":5106},{"Length":35,"Height":81,"Demand":0,"DemandMax":4,"Value":8505},{"Length":5,"Height":8,"Demand":0,"DemandMax":4,"Value":80},{"Length":44,"Height":23,"Demand":0,"DemandMax":4,"Value":1012},{"Length":9,"Height":7,"Demand":0,"DemandMax":4,"Value":189},{"Length":96,"Height":93,"Demand":0,"DemandMax":4,"Value":26784},{"Length":94,"Height":23,"Demand":0,"DemandMax":4,"Value":4324},{"Length":49,"Height":5,"Demand":0,"DemandMax":4,"Value":245},{"Length":9,"Height":35,"Demand":0,"DemandMax":4,"Value":315},{"Length":6,"Height":82,"Demand":0,"DemandMax":4,"Value":492},{"Length":98,"Height":6,"Demand":0,"DemandMax":4,"Value":1764},{"Length":4,"Height":21,"Demand":0,"DemandMax":4,"Value":84},{"Length":86,"Height":12,"Demand":0,"DemandMax":4,"Value":2064},{"Length":86,"Height":40,"Demand":0,"DemandMax":4,"Value":6880},{"Length":92,"Height":26,"Demand":0,"DemandMax":4,"Value":2392},{"Length":22,"Height":18,"Demand":0,"DemandMax":4,"Value":792},{"Length":34,"Height":93,"Demand":0,"DemandMax":4,"Value":6324},{"Length":26,"Height":49,"Demand":0,"DemandMax":4,"Value":3822},{"Length":25,"Height":13,"Demand":0,"DemandMax":4,"Value":650},{"Length":45,"Height":81,"Demand":0,"DemandMax":4,"Value":10935},{"Length":38,"Height":5,"Demand":0,"DemandMax":4,"Value":570},{"Length":33,"Height":43,"Demand":0,"DemandMax":4,"Value":2838},{"Length":46,"Height":20,"Demand":0,"DemandMax":4,"Value":2760},{"Length":80,"Height":19,"Demand":0,"DemandMax":4,"Value":4560},{"Length":28,"Height":83,"Demand":0,"DemandMax":4,"Value":2324},{"Length":50,"Height":26,"Demand":0,"DemandMax":4,"Value":2600},{"Length":31,"Height":20,"Demand":0,"DemandMax":4,"Value":1240},{"Length":15,"Height":29,"Demand":0,"DemandMax":4,"Value":870},{"Length":76,"Height":14,"Demand":0,"DemandMax":4,"Value":2128},{"Length":41,"Height":47,"Demand":0,"DemandMax":4,"Value":1927},{"Length":30,"Height":18,"Demand":0,"DemandMax":4,"Value":1620},{"Length":88,"Height":46,"Demand":0,"DemandMax":4,"Value":12144},{"Length":62,"Height":100,"Demand":0,"DemandMax":4,"Value":12400},{"Length":77,"Height":5,"Demand":0,"DemandMax":4,"Value":1155},{"Length":46,"Height":32,"Demand":0,"DemandMax":4,"Value":1472},{"Length":67,"Height":57,"Demand":0,"DemandMax":4,"Value":3819},{"Length":39,"Height":77,"Demand":0,"DemandMax":4,"Value":6006},{"Length":18,"Height":17,"Demand":0,"DemandMax":4,"Value":918},{"Length":5,"Height":19,"Demand":0,"DemandMax":4,"Value":95},{"Length":17,"Height":94,"Demand":0,"DemandMax":4,"Value":3196},{"Length":6,"Height":43,"Demand":0,"DemandMax":4,"Value":258},{"Length":10,"Height":18,"Demand":0,"DemandMax":4,"Value":540},{"Length":35,"Height":22,"Demand":0,"DemandMax":4,"Value":2310},{"Length":92,"Height":48,"Demand":0,"DemandMax":4,"Value":8832},{"Length":36,"Height":42,"Demand":0,"DemandMax":4,"Value":1512},{"Length":99,"Height":27,"Demand":0,"DemandMax":4,"Value":2673},{"Length":23,"Height":17,"Demand":0,"DemandMax":4,"Value":391},{"Length":21,"Height":24,"Demand":0,"DemandMax":4,"Value":1008},{"Length":96,"Height":47,"Demand":0,"DemandMax":4,"Value":4512},{"Length":47,"Height":91,"Demand":0,"DemandMax":4,"Value":8554},{"Length":17,"Height":27,"Demand":0,"DemandMax":4,"Value":459},{"Length":89,"Height":4,"Demand":0,"DemandMax":4,"Value":356},{"Length":86,"Height":37,"Demand":0,"DemandMax":4,"Value":9546},{"Length":78,"Height":10,"Demand":0,"DemandMax":4,"Value":780},{"Length":31,"Height":8,"Demand":0,"DemandMax":4,"Value":744},{"Length":22,"Height":24,"Demand":0,"DemandMax":4,"Value":1584},{"Length":29,"Height":5,"Demand":0,"DemandMax":4,"Value":145},{"Length":17,"Height":47,"Demand":0,"DemandMax":4,"Value":799},{"Length":2,"Height":21,"Demand":0,"DemandMax":4,"Value":42},{"Length":47,"Height":34,"Demand":0,"DemandMax":4,"Value":3196},{"Length":89,"Height":34,"Demand":0,"DemandMax":4,"Value":6052},{"Length":10,"Height":85,"Demand":0,"DemandMax":4,"Value":850},{"Length":35,"Height":12,"Demand":0,"DemandMax":4,"Value":420},{"Length":15,"Height":37,"Demand":0,"DemandMax":4,"Value":1665},{"Length":13,"Height":25,"Demand":0,"DemandMax":4,"Value":325},{"Length":13,"Height":45,"Demand":0,"DemandMax":4,"Value":1170},{"Length":2,"Height":47,"Demand":0,"DemandMax":4,"Value":94},{"Length":36,"Height":29,"Demand":0,"DemandMax":4,"Value":1044},{"Length":79,"Height":6,"Demand":0,"DemandMax":4,"Value":948},{"Length":70,"Height":55,"Demand":0,"DemandMax":4,"Value":3850},{"Length":19,"Height":34,"Demand":0,"DemandMax":4,"Value":1938},{"Length":16,"Height":48,"Demand":0,"DemandMax":4,"Value":1536},{"Length":81,"Height":91,"Demand":0,"DemandMax":4,"Value":7371},{"Length":3,"Height":10,"Demand":0,"DemandMax":4,"Value":30},{"Length":32,"Height":10,"Demand":0,"DemandMax":4,"Value":960},{"Length":10,"Height":14,"Demand":0,"DemandMax":4,"Value":280},{"Length":3,"Height":97,"Demand":0,"DemandMax":4,"Value":291},{"Length":21,"Height":27,"Demand":0,"DemandMax":4,"Value":1134},{"Length":5,"Height":25,"Demand":0,"DemandMax":4,"Value":375},{"Length":40,"Height":31,"Demand":0,"DemandMax":4,"Value":2480},{"Length":87,"Height":38,"Demand":0,"DemandMax":4,"Value":9918},{"Length":65,"Height":84,"Demand":0,"DemandMax":4,"Value":10920},{"Length":95,"Height":77,"Demand":0,"DemandMax":4,"Value":7315},{"Length":17,"Height":31,"Demand":0,"DemandMax":4,"Value":1581},{"Length":34,"Height":47,"Demand":0,"DemandMax":4,"Value":1598},{"Length":30,"Height":24,"Demand":0,"DemandMax":4,"Value":2160},{"Length":48,"Height":49,"Demand":0,"DemandMax":4,"Value":7056},{"Length":20,"Height":50,"Demand":0,"DemandMax":4,"Value":3000},{"Length":58,"Height":87,"Demand":0,"DemandMax":4,"Value":15138},{"Length":17,"Height":48,"Demand":0,"DemandMax":4,"Value":1632},{"Length":20,"Height":2,"Demand":0,"DemandMax":4,"Value":80},{"Length":13,"Height":50,"Demand":0,"DemandMax":4,"Value":1950},{"Length":12,"Height":91,"Demand":0,"DemandMax":4,"Value":3276},{"Length":3,"Height":100,"Demand":0,"DemandMax":4,"Value":600},{"Length":80,"Height":28,"Demand":0,"DemandMax":4,"Value":2240},{"Length":47,"Height":29,"Demand":0,"DemandMax":4,"Value":1363},{"Length":28,"Height":44,"Demand":0,"DemandMax":4,"Value":1232},{"Length":72,"Height":51,"Demand":0,"DemandMax":4,"Value":3672},{"Length":16,"Height":88,"Demand":0,"DemandMax":4,"Value":2816},{"Length":100,"Height":39,"Demand":0,"DemandMax":4,"Value":7800},{"Length":38,"Height":25,"Demand":0,"DemandMax":4,"Value":2850},{"Length":40,"Height":91,"Demand":0,"DemandMax":4,"Value":3640},{"Length":33,"Height":83,"Demand":0,"DemandMax":4,"Value":2739},{"Length":36,"Height":31,"Demand":0,"DemandMax":4,"Value":1116},{"Length":82,"Height":19,"Demand":0,"DemandMax":4,"Value":4674}]}