{"Name":"ngcutfs3_114","Objects":[{"Length":100,"Height":100,"Stock":null,"Cost":10000}],"Items":[{"Length":96,"Height":8,"Demand":0,"DemandMax":4,"Value":2304},{"Length":29,"Height":6,"Demand":0,"DemandMax":4,"Value":348},{"Length":10,"Height":31,"Demand":0,"DemandMax":4,"Value":310},{"Length":82,"Height":41,"Demand":0,"DemandMax":4,"Value":10086},{"Length":100,"Height":23,"Demand":0,"DemandMax":4,"Value":4600},{"Length":17,"Height":48,"Demand":0,"DemandMax":4,"Value":2448},{"Length":13,"Height":26,"Demand":0,"DemandMax":4,"Value":1014},{"Length":29,"Height":43,"Demand":0,"DemandMax":4,"Value":2494},{"Length":6,"Height":6,"Demand":0,"DemandMax":4,"Value":72},{"Length":47,"Height":47,"Demand":0,"DemandMax":4,"Value":2209},{"Length":12,"Height":42,"Demand":0,"DemandMax":4,"Value":504},{"Length":23,"Height":50,"Demand":0,"DemandMax":4,"Value":1150},{"Length":14,"Height":7,"Demand":0,"DemandMax":4,"Value":196},{"Length":26,"Height":31,"Demand":0,"DemandMax":4,"Value":1612},{"Length":19,"Height":40,"Demand":0,"DemandMax":4,"Value":1520},{"Length":44,"Height":21,"Demand":0,"DemandMax":4,"Value":924},{"Length":26,"Height":39,"Demand":0,"DemandMax":4,"Value":1014},{"Length":99,"Height":76,"Demand":0,"DemandMax":4,"Value":7524},{"Length":5,"Height":34,"Demand":0,"DemandMax":4,"Value":510},{"Length":3,"Height":41,"Demand":0,"DemandMax":4,"Value":123},{"Length":42,"Height":19,"Demand":0,"DemandMax":4,"Value":2394},{"Length":6,"Height":2,"Demand":0,"DemandMax":4,"Value":12},{"Length":47,"Height":48,"Demand":0,"DemandMax":4,"Value":2256},{"Length":16,"Height":33,"Demand":0,"DemandMax":4,"Value":1584},{"Length":4,"Height":31,"Demand":0,"DemandMax":4,"Value":248},{"Length":30,"Height":13,"Demand":0,"DemandMax":4,"Value":780},{"Length":44,"Height":45,"Demand":0,"DemandMax":4,"Value":1980},{"Length":13,"Height":29,"Demand":0,"DemandMax":4,"Value":377},{"Length":2,"Height":76,"Demand":0,"DemandMax":4,"Value":456},{"Length":25,"Height":38,"Demand":0,"DemandMax":4,"Value":1900},{"Length":8,"Height":21,"Demand":0,"DemandMax":4,"Value":336},{"Length":8,"Height":22,"Demand":0,"DemandMax":4,"Value":528},{"Length":41,"Height":2,"Demand":0,"DemandMax":4,"Value":246},{"Length":3,"Height":3,"Demand":0,"DemandMax":4,"Value":27},{"Length":59,"Height":91,"Demand":0,"DemandMax":4,"Value":16107},{"Length":96,"Height":33,"Demand":0,"DemandMax":4,"Value":9504},{"Length":97,"Height":88,"Demand":0,"DemandMax":4,"Value":17072},{"Length":47,"Height":40,"Demand":0,"DemandMax":4,"Value":5640},{"Length":51,"Height":62,"Demand":0,"DemandMax":4,"Value":9486},{"Length":99,"Height":51,"Demand":0,"DemandMax":4,"Value":15147},{"Length":38,"Height":12,"Demand":0,"DemandMax":4,"Value":912},{"Length":99,"Height":16,"Demand":0,"DemandMax":4,"Value":1584},{"Length":11,"Height":19,"Demand":0,"DemandMax":4,"Value":209},{"Length":2,"Height":12,"Demand":0,"DemandMax":8,"Value":48},{"Length":10,"Height":45,"Demand":0,"DemandMax":4,"Value":450},{"Length":55,"Height":61,"Demand":0,"DemandMax":4,"Value":6710},{"Length":3,"Height":4,"Demand":0,"DemandMax":4,"Value":24},{"Length":14,"Height":39,"Demand":0,"DemandMax":4,"Value":546},{"Length":47,"Height":27,"Demand":0,"DemandMax":4,"Value":2538},{"Length":8,"Height":87,"Demand":0,"DemandMax":4,"Value":2088},{"Length":4,"Height":11,"Demand":0,"DemandMax":4,"Value":88},{"Length":16,"Height":22,"Demand":0,"DemandMax":4,"Value":1056},{"Length":97,"Height":47,"Demand":0,"DemandMax":4,"Value":4559},{"Length":37,"Height":9,"Demand":0,"DemandMax":4,"Value":999},{"Length":41,"Height":35,"Demand":0,"DemandMax":4,"Value":2870},{"Length":85,"Height":14,"Demand":0,"DemandMax":4,"Value":1190},{"Length":46,"Height":49,"Demand":0,"DemandMax":4,"Value":2254},{"Length":8,"Height":96,"Demand":0,"DemandMax":4,"Value":2304},{"Length":23,"Height":12,"Demand":0,"DemandMax":4,"Value":552},{"Length":46,"Height":21,"Demand":0,"DemandMax":4,"Value":1932},{"Length":42,"Height":43,"Demand":0,"DemandMax":4,"Value":5418},{"Length":6,"Height":27,"Demand":0,"DemandMax":4,"Value":324},{"Length":94,"Height":32,"Demand":0,"DemandMax":4,"Value":9024},{"Length":2,"Height":32,"Demand":0,"DemandMax":4,"Value":64},{"Length":45,"Height":30,"Demand":0,"DemandMax":4,"Value":1350},{"Length":23,"Height":50,"Demand":0,"DemandMax":4,"Value":2300},{"Length":11,"Height":12,"Demand":0,"DemandMax":4,"Value":132},{"Length":31,"Height":29,"Demand":0,"DemandMax":4,"Value":2697},{"Length":6,"Height":35,"Demand":0,"DemandMax":4,"Value":210},{"Length":82,"Height":30,"Demand":0,"DemandMax":4,"Value":4920},{"Length":30,"Height":13,"Demand":0,"DemandMax":4,"Value":390},{"Length":35,"Height":37,"Demand":0,"DemandMax":4,"Value":3885},{"Length":49,"Height":33,"Demand":0,"DemandMax":4,"Value":4851},{"Length":45,"Height":40,"Demand":0,"DemandMax":4,"Value":5400},{"Length":31,"Height":80,"Demand":0,"DemandMax":4,"Value":7440},{"Length":34,"Height":48,"Demand":0,"DemandMax":4,"Value":3264},{"Length":7,"Height":34,"Demand":0,"DemandMax":4,"Value":238},{"Length":10,"Height":34,"Demand":0,"DemandMax":4,"Value":680},{"Length":22,"Height":16,"Demand":0,"DemandMax":4,"Value":704},{"Length":16,"Height":19,"Demand":0,"DemandMax":4,"Value":304},{"Length":91,"Height":16,"Demand":0,"DemandMax":4,"Value":1456},{"Length":11,"Height":28,"Demand":0,"DemandMax":4,"Value":616},{"Length":12,"Height":85,"Demand":0,"DemandMax":4,"Value":1020},{"Length":45,"Height":43,"Demand":0,"DemandMax":4,"Value":3870},{"Length":32,"Height":17,"Demand":0,"DemandMax":4,"Value":1088},{"Length":61,"Height":51,"Demand":0,"DemandMax":4,"Value":9333},{"Length":28,"Height":38,"Demand":0,"DemandMax":4,"Value":2128},{"Length":41,"Height":7,"Demand":0,"DemandMax":4,"Value":287},{"Length":78,"Height":6,"Demand":0,"DemandMax":4,"Value":468},{"Length":41,"Height":48,"Demand":0,"DemandMax":4,"Value":5904},{"Length":22,"Height":11,"Demand":0,"DemandMax":4,"Value":484},{"Length":4,"Height":26,"Demand":0,"DemandMax":4,"Value":208},{"Length":44,"Height":7,"Demand":0,"DemandMax":4,"Value":924},{"Length":7,"Height":99,"Demand":0,"DemandMax":4,"Value":1386},{"Length":38,"Height":10,"Demand":0,"DemandMax":4,"Value":380},{"Length":23,"Height":11,"Demand":0,"DemandMax":8,"Value":759},{"Length":20,"Height":17,"Demand":0,"DemandMax":4,"Value":1020},{"Length":94,"Height":50,"Demand":0,"DemandMax":4,"Value":4700},{"Length":14,"Height":41,"Demand":0,"DemandMax":4,"Value":1148},{"Length":39,"Height":6,"Demand":0,"DemandMax":4,"Value":702},{"Length":40,"Height":19,"Demand":0,"DemandMax":4,"Value":2280},{"Length":50,"Height":8,"Demand":0,"DemandMax":4,"Value":1200},{"Length":37,"Height":4,"Demand":0,"DemandMax":4,"Value":444},{"Length":60,"Height":77,"Demand":0,"DemandMax":4,"Value":13860},{"Length":5,"Height":11,"Demand":0,"DemandMax":4,"Value":55},{"Length":41,"Height":46,"Demand":0,"DemandMax":4,"Value":3772},{"Length":90,"Height":89,"Demand":0,"DemandMax":4,"Value":8010},{"Length":46,"Height":20,"Demand":0,"DemandMax":4,"Value":920},{"Length":16,"Height":32,"Demand":0,"DemandMax":4,"Value":1024},{"Length":10,"Height":90,"Demand":0,"DemandMax":4,"Value":1800},{"Length":19,"Height":39,"Demand":0,"DemandMax":4,"Value":2223},{"Length":4,"Height":33,"Demand":0,"DemandMax":4,"Value":132},{"Length":9,"Height":35,"Demand":0,"DemandMax":4,"Value":945},{"Length":32,"Height":24,"Demand":0,"DemandMax":4,"Value":768},{"Length":100,"Height":24,"Demand":0,"DemandMax":4,"Value":2400},{"Length":15,"Height":77,"Demand":0,"DemandMax":4,"Value":1155},{"Length":45,"Height":3,"Demand":0,"DemandMax":4,"Value":135},{"Length":33,"Height":27,"Demand":0,"DemandMax":4,"Value":1782},{"Length":76,"Height":38,"Demand":0,"DemandMax":4,"Value":5776},{"Length":20,"Height":47,"Demand":0,"DemandMax":4,"Value":940},{"Length":8,"Height":42,"Demand":0,"DemandMax":4,"Value":672},{"Length":33,"Height":11,"Demand":0,"DemandMax":4,"Value":1089},{"Length":20,"Height":79,"Demand":0,"DemandMax":4,"Value":1580},{"Length":12,"Height":18,"Demand":0,"DemandMax":4,"Value":432},{"Length":28,"Height":95,"Demand":0,"DemandMax":4,"Value":7980},{"Length":98,"Height":98,"Demand":0,"DemandMax":4,"Value":9604},{"Length":42,"Height":6,"Demand":0,"DemandMax":4,"Value":252},{"Length":82,"Height":22,"Demand":0,"DemandMax":4,"Value":1804},{"Length":80,"Height":30,"Demand":0,"DemandMax":4,"Value":7200},{"Length":6,"Height":7,"Demand":0,"DemandMax":4,"Value":42},{"Length":90,"Height":37,"Demand":0,"DemandMax":4,"Value":6660},{"Length":90,"Height":8,"Demand":0,"DemandMax":4,"Value":720},{"Length":89,"Height":34,"Demand":0,"DemandMax":4,"Value":3026},{"Length":27,"Height":35,"Demand":0,"DemandMax":4,"Value":2835},{"Length":24,"Height":47,"Demand":0,"DemandMax":4,"Value":2256},{"Length":78,"Height":19,"Demand":0,"DemandMax":4,"Value":2964},{"Length":34,"Height":11,"Demand":0,"DemandMax":4,"Value":374},{"Length":77,"Height":16,"Demand":0,"DemandMax":4,"Value":1232},{"Length":32,"Height":16,"Demand":0,"DemandMax":4,"Value":512},{"Length":21,"Height":15,"Demand":0,"DemandMax":4,"Value":945},{"Length":33,"Height":98,"Demand":0,"DemandMax":4,"Value":6468},{"Length":99,"Height":41,"Demand":0,"DemandMax":4,"Value":12177},{"Length":44,"Height":40,"Demand":0,"DemandMax":4,"Value":1760},{"Length":86,"Height":25,"Demand":0,"DemandMax":4,"Value":4300},{"Length":53,"Height":87,"Demand":0,"DemandMax":4,"Value":4611},{"Length":49,"Height":11,"Demand":0,"DemandMax":4,"Value":1078},{"Length":6,"Height":47,"Demand":0,"DemandMax":4,"Value":282},{"Length":93,"Height":75,"Demand":0,"DemandMax":4,"Value":20925}]}