{"Name":"ngcutfs2_147","Objects":[{"Length":100,"Height":100,"Stock":null,"Cost":10000}],"Items":[{"Length":86,"Height":82,"Demand":0,"DemandMax":4,"Value":21156},{"Length":3,"Height":95,"Demand":0,"DemandMax":4,"Value":855},{"Length":40,"Height":20,"Demand":0,"DemandMax":4,"Value":1600},{"Length":83,"Height":22,"Demand":0,"DemandMax":4,"Value":1826},{"Length":18,"Height":22,"Demand":0,"DemandMax":4,"Value":792},{"Length":85,"Height":70,"Demand":0,"DemandMax":4,"Value":17850},{"Length":5,"Height":81,"Demand":0,"DemandMax":4,"Value":810},{"Length":70,"Height":85,"Demand":0,"DemandMax":4,"Value":11900},{"Length":99,"Height":59,"Demand":0,"DemandMax":4,"Value":11682},{"Length":16,"Height":30,"Demand":0,"DemandMax":4,"Value":1440},{"Length":58,"Height":52,"Demand":0,"DemandMax":4,"Value":9048},{"Length":54,"Height":98,"Demand":0,"DemandMax":4,"Value":10584},{"Length":6,"Height":3,"Demand":0,"DemandMax":4,"Value":18},{"Length":10,"Height":98,"Demand":0,"DemandMax":4,"Value":1960},{"Length":84,"Height":20,"Demand":0,"DemandMax":4,"Value":5040},{"Length":31,"Height":89,"Demand":0,"DemandMax":4,"Value":5518},{"Length":100,"Height":24,"Demand":0,"DemandMax":4,"Value":4800},{"Length":98,"Height":13,"Demand":0,"DemandMax":4,"Value":3822},{"Length":53,"Height":88,"Demand":0,"DemandMax":4,"Value":9328},{"Length":32,"Height":82,"Demand":0,"DemandMax":4,"Value":5248},{"Length":39,"Height":27,"Demand":0,"DemandMax":4,"Value":2106},{"Length":11,"Height":17,"Demand":0,"DemandMax":4,"Value":187},{"Length":21,"Height":44,"Demand":0,"DemandMax":4,"Value":2772},{"Length":24,"Height":88,"Demand":0,"DemandMax":4,"Value":4224},{"Length":46,"Height":25,"Demand":0,"DemandMax":4,"Value":1150},{"Length":84,"Height":44,"Demand":0,"DemandMax":4,"Value":3696},{"Length":88,"Height":42,"Demand":0,"DemandMax":4,"Value":11088},{"Length":43,"Height":2,"Demand":0,"DemandMax":4,"Value":86},{"Length":44,"Height":19,"Demand":0,"DemandMax":4,"Value":1672},{"Length":17,"Height":10,"Demand":0,"DemandMax":4,"Value":170},{"Length":92,"Height":79,"Demand":0,"DemandMax":4,"Value":21804},{"Length":40,"Height":9,"Demand":0,"DemandMax":4,"Value":720},{"Length":28,"Height":42,"Demand":0,"DemandMax":4,"Value":1176},{"Length":61,"Height":64,"Demand":0,"DemandMax":4,"Value":7808},{"Length":49,"Height":28,"Demand":0,"DemandMax":4,"Value":1372},{"Length":99,"Height":54,"Demand":0,"DemandMax":4,"Value":5346},{"Length":63,"Height":56,"Demand":0,"DemandMax":4,"Value":3528},{"Length":33,"Height":81,"Demand":0,"DemandMax":4,"Value":5346},{"Length":90,"Height":39,"Demand":0,"DemandMax":4,"Value":3510},{"Length":44,"Height":34,"Demand":0,"DemandMax":4,"Value":4488},{"Length":27,"Height":100,"Demand":0,"DemandMax":4,"Value":5400},{"Length":93,"Height":95,"Demand":0,"DemandMax":4,"Value":17670},{"Length":5,"Height":10,"Demand":0,"DemandMax":4,"Value":100},{"Length":29,"Height":36,"Demand":0,"DemandMax":4,"Value":1044},{"Length":3,"Height":4,"Demand":0,"DemandMax":4,"Value":24},{"Length":41,"Height":81,"Demand":0,"DemandMax":4,"Value":3321},{"Length":95,"Height":60,"Demand":0,"DemandMax":4,"Value":5700},{"Length":7,"Height":89,"Demand":0,"DemandMax":4,"Value":623},{"Length":64,"Height":82,"Demand":0,"DemandMax":4,"Value":10496},{"Length":40,"Height":24,"Demand":0,"DemandMax":4,"Value":1920},{"Length":43,"Height":18,"Demand":0,"DemandMax":4,"Value":1548},{"Length":97,"Height":30,"Demand":0,"DemandMax":4,"Value":8730},{"Length":8,"Height":83,"Demand":0,"DemandMax":4,"Value":1328},{"Length":99,"Height":38,"Demand":0,"DemandMax":8,"Value":3762},{"Length":40,"Height":25,"Demand":0,"DemandMax":4,"Value":3000},{"Length":20,"Height":86,"Demand":0,"DemandMax":4,"Value":3440},{"Length":84,"Height":25,"Demand":0,"DemandMax":4,"Value":4200},{"Length":47,"Height":22,"Demand":0,"DemandMax":4,"Value":2068},{"Length":94,"Height":10,"Demand":0,"DemandMax":4,"Value":2820},{"Length":31,"Height":16,"Demand":0,"DemandMax":4,"Value":992},{"Length":41,"Height":8,"Demand":0,"DemandMax":4,"Value":656},{"Length":7,"Height":48,"Demand":0,"DemandMax":4,"Value":336},{"Length":23,"Height":27,"Demand":0,"DemandMax":4,"Value":621},{"Length":4,"Height":95,"Demand":0,"DemandMax":4,"Value":1140},{"Length":8,"Height":11,"Demand":0,"DemandMax":4,"Value":88},{"Length":26,"Height":8,"Demand":0,"DemandMax":4,"Value":624},{"Length":31,"Height":8,"Demand":0,"DemandMax":4,"Value":248},{"Length":79,"Height":20,"Demand":0,"DemandMax":4,"Value":4740},{"Length":2,"Height":84,"Demand":0,"DemandMax":4,"Value":504},{"Length":50,"Height":41,"Demand":0,"DemandMax":4,"Value":6150},{"Length":15,"Height":11,"Demand":0,"DemandMax":4,"Value":165},{"Length":27,"Height":40,"Demand":0,"DemandMax":4,"Value":1080},{"Length":84,"Height":12,"Demand":0,"DemandMax":4,"Value":2016},{"Length":78,"Height":85,"Demand":0,"DemandMax":4,"Value":19890},{"Length":13,"Height":45,"Demand":0,"DemandMax":4,"Value":585},{"Length":7,"Height":78,"Demand":0,"DemandMax":4,"Value":1638},{"Length":42,"Height":45,"Demand":0,"DemandMax":4,"Value":1890},{"Length":47,"Height":30,"Demand":0,"DemandMax":4,"Value":4230},{"Length":43,"Height":16,"Demand":0,"DemandMax":4,"Value":1376},{"Length":19,"Height":20,"Demand":0,"DemandMax":4,"Value":760},{"Length":10,"Height":18,"Demand":0,"DemandMax":4,"Value":180},{"Length":26,"Height":6,"Demand":0,"DemandMax":4,"Value":468},{"Length":11,"Height":49,"Demand":0,"DemandMax":4,"Value":1617},{"Length":78,"Height":72,"Demand":0,"DemandMax":4,"Value":11232},{"Length":60,"Height":86,"Demand":0,"DemandMax":4,"Value":15480},{"Length":42,"Height":79,"Demand":0,"DemandMax":4,"Value":3318},{"Length":79,"Height":28,"Demand":0,"DemandMax":4,"Value":4424},{"Length":17,"Height":5,"Demand":0,"DemandMax":4,"Value":170},{"Length":46,"Height":87,"Demand":0,"DemandMax":4,"Value":8004},{"Length":13,"Height":9,"Demand":0,"DemandMax":4,"Value":351},{"Length":83,"Height":43,"Demand":0,"DemandMax":4,"Value":10707},{"Length":86,"Height":44,"Demand":0,"DemandMax":4,"Value":3784},{"Length":33,"Height":91,"Demand":0,"DemandMax":4,"Value":3003},{"Length":23,"Height":26,"Demand":0,"DemandMax":4,"Value":1794},{"Length":22,"Height":96,"Demand":0,"DemandMax":4,"Value":4224},{"Length":58,"Height":88,"Demand":0,"DemandMax":4,"Value":10208},{"Length":76,"Height":49,"Demand":0,"DemandMax":4,"Value":7448},{"Length":51,"Height":79,"Demand":0,"DemandMax":4,"Value":8058},{"Length":19,"Height":78,"Demand":0,"DemandMax":4,"Value":4446},{"Length":35,"Height":8,"Demand":0,"DemandMax":4,"Value":560},{"Length":86,"Height":17,"Demand":0,"DemandMax":4,"Value":4386},{"Length":19,"Height":42,"Demand":0,"DemandMax":4,"Value":1596},{"Length":22,"Height":89,"Demand":0,"DemandMax":4,"Value":3916},{"Length":76,"Height":44,"Demand":0,"DemandMax":4,"Value":10032},{"Length":48,"Height":7,"Demand":0,"DemandMax":4,"Value":1008},{"Length":58,"Height":71,"Demand":0,"DemandMax":4,"Value":12354},{"Length":40,"Height":34,"Demand":0,"DemandMax":4,"Value":1360},{"Length":23,"Height":48,"Demand":0,"DemandMax":4,"Value":2208},{"Length":23,"Height":2,"Demand":0,"DemandMax":4,"Value":138},{"Length":21,"Height":13,"Demand":0,"DemandMax":4,"Value":819},{"Length":80,"Height":61,"Demand":0,"DemandMax":4,"Value":14640},{"Length":99,"Height":84,"Demand":0,"DemandMax":4,"Value":8316},{"Length":100,"Height":30,"Demand":0,"DemandMax":4,"Value":9000},{"Length":6,"Height":35,"Demand":0,"DemandMax":4,"Value":630},{"Length":3,"Height":83,"Demand":0,"DemandMax":4,"Value":498},{"Length":87,"Height":20,"Demand":0,"DemandMax":4,"Value":3480},{"Length":16,"Height":20,"Demand":0,"DemandMax":4,"Value":960},{"Length":89,"Height":30,"Demand":0,"DemandMax":4,"Value":2670},{"Length":100,"Height":82,"Demand":0,"DemandMax":4,"Value":16400},{"Length":48,"Height":16,"Demand":0,"DemandMax":4,"Value":1536},{"Length":33,"Height":30,"Demand":0,"DemandMax":4,"Value":990},{"Length":13,"Height":15,"Demand":0,"DemandMax":4,"Value":195},{"Length":98,"Height":4,"Demand":0,"DemandMax":4,"Value":1176},{"Length":78,"Height":14,"Demand":0,"DemandMax":4,"Value":1092},{"Length":9,"Height":35,"Demand":0,"DemandMax":4,"Value":630},{"Length":14,"Height":28,"Demand":0,"DemandMax":4,"Value":392},{"Length":33,"Height":13,"Demand":0,"DemandMax":4,"Value":858},{"Length":45,"Height":33,"Demand":0,"DemandMax":4,"Value":4455},{"Length":85,"Height":17,"Demand":0,"DemandMax":4,"Value":4335},{"Length":49,"Height":48,"Demand":0,"DemandMax":4,"Value":2352},{"Length":70,"Height":81,"Demand":0,"DemandMax":4,"Value":5670},{"Length":3,"Height":32,"Demand":0,"DemandMax":4,"Value":288},{"Length":25,"Height":43,"Demand":0,"DemandMax":4,"Value":2150},{"Length":35,"Height":33,"Demand":0,"DemandMax":4,"Value":3465},{"Length":97,"Height":44,"Demand":0,"DemandMax":4,"Value":12804},{"Length":44,"Height":2,"Demand":0,"DemandMax":4,"Value":264},{"Length":16,"Height":16,"Demand":0,"DemandMax":4,"Value":256},{"Length":19,"Height":9,"Demand":0,"DemandMax":4,"Value":342},{"Length":46,"Height":11,"Demand":0,"DemandMax":4,"Value":1518},{"Length":31,"Height":4,"Demand":0,"DemandMax":4,"Value":248},{"Length":48,"Height":44,"Demand":0,"DemandMax":4,"Value":6336},{"Length":5,"Height":21,"Demand":0,"DemandMax":4,"Value":105},{"Length":31,"Height":78,"Demand":0,"DemandMax":4,"Value":4836},{"Length":3,"Height":35,"Demand":0,"DemandMax":4,"Value":210},{"Length":12,"Height":45,"Demand":0,"DemandMax":4,"Value":1620},{"Length":13,"Height":10,"Demand":0,"DemandMax":4,"Value":130},{"Length":49,"Height":7,"Demand":0,"DemandMax":4,"Value":1029},{"Length":4,"Height":5,"Demand":0,"DemandMax":4,"Value":60},{"Length":95,"Height":100,"Demand":0,"DemandMax":4,"Value":9500},{"Length":43,"Height":12,"Demand":0,"DemandMax":4,"Value":516},{"Length":16,"Height":76,"Demand":0,"DemandMax":4,"Value":3648},{"Length":54,"Height":94,"Demand":0,"DemandMax":4,"Value":15228},{"Length":28,"Height":14,"Demand":0,"DemandMax":4,"Value":1176},{"Length":84,"Height":29,"Demand":0,"DemandMax":4,"Value":2436},{"Length":45,"Height":92,"Demand":0,"DemandMax":4,"Value":8280},{"Length":46,"Height":37,"Demand":0,"DemandMax":4,"Value":3404},{"Length":75,"Height":77,"Demand":0,"DemandMax":4,"Value":11550},{"Length":18,"Height":80,"Demand":0,"DemandMax":4,"Value":4320},{"Length":48,"Height":79,"Demand":0,"DemandMax":4,"Value":11376},{"Length":22,"Height":10,"Demand":0,"DemandMax":4,"Value":440},{"Length":11,"Height":100,"Demand":0,"DemandMax":8,"Value":2200},{"Length":22,"Height":27,"Demand":0,"DemandMax":4,"Value":1782},{"Length":43,"Height":33,"Demand":0,"DemandMax":4,"Value":2838},{"Length":89,"Height":52,"Demand":0,"DemandMax":4,"Value":4628},{"Length":38,"Height":12,"Demand":0,"DemandMax":4,"Value":1368},{"Length":27,"Height":5,"Demand":0,"DemandMax":4,"Value":270},{"Length":2,"Height":17,"Demand":0,"DemandMax":4,"Value":102},{"Length":45,"Height":44,"Demand":0,"DemandMax":4,"Value":5940},{"Length":18,"Height":30,"Demand":0,"DemandMax":4,"Value":540},{"Length":22,"Height":44,"Demand":0,"DemandMax":4,"Value":1936},{"Length":35,"Height":42,"Demand":0,"DemandMax":4,"Value":1470},{"Length":37,"Height":41,"Demand":0,"DemandMax":4,"Value":3034},{"Length":28,"Height":45,"Demand":0,"DemandMax":4,"Value":1260},{"Length":95,"Height":29,"Demand":0,"DemandMax":4,"Value":5510},{"Length":46,"Height":8,"Demand":0,"DemandMax":4,"Value":1104},{"Length":27,"Height":92,"Demand":0,"DemandMax":4,"Value":7452},{"Length":86,"Height":62,"Demand":0,"DemandMax":4,"Value":10664},{"Length":78,"Height":21,"Demand":0,"DemandMax":4,"Value":1638},{"Length":26,"Height":23,"Demand":0,"DemandMax":4,"Value":1196},{"Length":76,"Height":11,"Demand":0,"DemandMax":4,"Value":2508},{"Length":13,"Height":45,"Demand":0,"DemandMax":4,"Value":1755},{"Length":74,"Height":78,"Demand":0,"DemandMax":4,"Value":5772},{"Length":62,"Height":64,"Demand":0,"DemandMax":4,"Value":11904},{"Length":31,"Height":40,"Demand":0,"DemandMax":4,"Value":2480},{"Length":2,"Height":98,"Demand":0,"DemandMax":4,"Value":588},{"Length":93,"Height":8,"Demand":0,"DemandMax":4,"Value":2232},{"Length":29,"Height":78,"Demand":0,"DemandMax":4,"Value":2262},{"Length":31,"Height":14,"Demand":0,"DemandMax":4,"Value":1302},{"Length":20,"Height":91,"Demand":0,"DemandMax":4,"Value":3640},{"Length":27,"Height":12,"Demand":0,"DemandMax":4,"Value":972},{"Length":13,"Height":16,"Demand":0,"DemandMax":4,"Value":416},{"Length":18,"Height":30,"Demand":0,"DemandMax":4,"Value":1620},{"Length":14,"Height":43,"Demand":0,"DemandMax":4,"Value":1204},{"Length":89,"Height":49,"Demand":0,"DemandMax":4,"Value":8722},{"Length":48,"Height":38,"Demand":0,"DemandMax":4,"Value":1824},{"Length":15,"Height":50,"Demand":0,"DemandMax":4,"Value":750},{"Length":78,"Height":47,"Demand":0,"DemandMax":4,"Value":3666},{"Length":24,"Height":15,"Demand":0,"DemandMax":4,"Value":1080},{"Length":96,"Height":39,"Demand":0,"DemandMax":4,"Value":11232},{"Length":15,"Height":23,"Demand":0,"DemandMax":4,"Value":345},{"Length":37,"Height":4,"Demand":0,"DemandMax":4,"Value":296},{"Length":25,"Height":11,"Demand":0,"DemandMax":4,"Value":550},{"Length":48,"Height":10,"Demand":0,"DemandMax":4,"Value":480},{"Length":92,"Height":94,"Demand":0,"DemandMax":4,"Value":8648},{"Length":79,"Height":9,"Demand":0,"DemandMax":4,"Value":2133},{"Length":27,"Height":97,"Demand":0,"DemandMax":4,"Value":5238},{"Length":19,"Height":90,"Demand":0,"DemandMax":4,"Value":3420},{"Length":32,"Height":20,"Demand":0,"DemandMax":4,"Value":1280},{"Length":47,"Height":84,"Demand":0,"DemandMax":4,"Value":11844},{"Length":85,"Height":6,"Demand":0,"DemandMax":4,"Value":1530},{"Length":9,"Height":30,"Demand":0,"DemandMax":4,"Value":540},{"Length":75,"Height":60,"Demand":0,"DemandMax":4,"Value":9000},{"Length":30,"Height":23,"Demand":0,"DemandMax":4,"Value":2070},{"Length":31,"Height":22,"Demand":0,"DemandMax":4,"Value":2046},{"Length":2,"Height":20,"Demand":0,"DemandMax":4,"Value":40},{"Length":10,"Height":81,"Demand":0,"DemandMax":4,"Value":1620},{"Length":14,"Height":43,"Demand":0,"DemandMax":4,"Value":1806},{"Length":98,"Height":98,"Demand":0,"DemandMax":4,"Value":28812},{"Length":12,"Height":3,"Demand":0,"DemandMax":4,"Value":72},{"Length":5,"Height":34,"Demand":0,"DemandMax":4,"Value":340},{"Length":25,"Height":21,"Demand":0,"DemandMax":4,"Value":1575},{"Length":50,"Height":83,"Demand":0,"DemandMax":4,"Value":12450},{"Length":97,"Height":10,"Demand":0,"DemandMax":4,"Value":1940},{"Length":47,"Height":16,"Demand":0,"DemandMax":4,"Value":1504},{"Length":42,"Height":82,"Demand":0,"DemandMax":4,"Value":6888},{"Length":99,"Height":27,"Demand":0,"DemandMax":4,"Value":2673},{"Length":16,"Height":77,"Demand":0,"DemandMax":4,"Value":1232},{"Length":22,"Height":22,"Demand":0,"DemandMax":4,"Value":1452},{"Length":4,"Height":17,"Demand":0,"DemandMax":4,"Value":68},{"Length":88,"Height":2,"Demand":0,"DemandMax":4,"Value":528},{"Length":48,"Height":25,"Demand":0,"DemandMax":4,"Value":3600},{"Length":44,"Height":6,"Demand":0,"DemandMax":4,"Value":528},{"Length":14,"Height":49,"Demand":0,"DemandMax":4,"Value":686},{"Length":37,"Height":40,"Demand":0,"DemandMax":4,"Value":1480},{"Length":46,"Height":18,"Demand":0,"DemandMax":4,"Value":828},{"Length":80,"Height":83,"Demand":0,"DemandMax":4,"Value":6640},{"Length":28,"Height":11,"Demand":0,"DemandMax":4,"Value":616},{"Length":88,"Height":38,"Demand":0,"DemandMax":4,"Value":3344},{"Length":80,"Height":2,"Demand":0,"DemandMax":4,"Value":160},{"Length":24,"Height":22,"Demand":0,"DemandMax":4,"Value":528},{"Length":8,"Height":100,"Demand":0,"DemandMax":4,"Value":800},{"Length":49,"Height":17,"Demand":0,"DemandMax":4,"Value":833},{"Length":26,"Height":24,"Demand":0,"DemandMax":4,"Value":1248},{"Length":22,"Height":26,"Demand":0,"DemandMax":4,"Value":1144},{"Length":49,"Height":96,"Demand":0,"DemandMax":4,"Value":9408},{"Length":25,"Height":17,"Demand":0,"DemandMax":4,"Value":850},{"Length":76,"Height":9,"Demand":0,"DemandMax":4,"Value":2052},{"Length":2,"Height":90,"Demand":0,"DemandMax":4,"Value":540}]}