{"Name":"ngcutfs1_210","Objects":[{"Length":100,"Height":100,"Stock":null,"Cost":10000}],"Items":[{"Length":9,"Height":20,"Demand":0,"DemandMax":4,"Value":180},{"Length":27,"Height":2,"Demand":0,"DemandMax":4,"Value":108},{"Length":50,"Height":9,"Demand":0,"DemandMax":4,"Value":1350},{"Length":87,"Height":31,"Demand":0,"DemandMax":4,"Value":2697},{"Length":77,"Height":32,"Demand":0,"DemandMax":4,"Value":7392},{"Length":54,"Height":57,"Demand":0,"DemandMax":4,"Value":6156},{"Length":81,"Height":7,"Demand":0,"DemandMax":4,"Value":1701},{"Length":87,"Height":36,"Demand":0,"DemandMax":4,"Value":9396},{"Length":51,"Height":99,"Demand":0,"DemandMax":4,"Value":10098},{"Length":6,"Height":94,"Demand":0,"DemandMax":4,"Value":1128},{"Length":78,"Height":64,"Demand":0,"DemandMax":4,"Value":4992},{"Length":19,"Height":3,"Demand":0,"DemandMax":4,"Value":114},{"Length":76,"Height":64,"Demand":0,"DemandMax":4,"Value":9728},{"Length":19,"Height":17,"Demand":0,"DemandMax":4,"Value":646},{"Length":95,"Height":70,"Demand":0,"DemandMax":4,"Value":19950},{"Length":86,"Height":39,"Demand":0,"DemandMax":4,"Value":3354},{"Length":7,"Height":87,"Demand":0,"DemandMax":4,"Value":1218},{"Length":27,"Height":37,"Demand":0,"DemandMax":4,"Value":1998},{"Length":8,"Height":83,"Demand":0,"DemandMax":4,"Value":1328},{"Length":8,"Height":17,"Demand":0,"DemandMax":4,"Value":136},{"Length":93,"Height":76,"Demand":0,"DemandMax":4,"Value":21204},{"Length":95,"Height":98,"Demand":0,"DemandMax":4,"Value":18620},{"Length":41,"Height":34,"Demand":0,"DemandMax":4,"Value":2788},{"Length":90,"Height":3,"Demand":0,"DemandMax":4,"Value":270},{"Length":87,"Height":96,"Demand":0,"DemandMax":4,"Value":16704},{"Length":31,"Height":84,"Demand":0,"DemandMax":4,"Value":5208},{"Length":24,"Height":33,"Demand":0,"DemandMax":4,"Value":792},{"Length":21,"Height":44,"Demand":0,"DemandMax":4,"Value":1848},{"Length":63,"Height":70,"Demand":0,"DemandMax":4,"Value":13230},{"Length":42,"Height":38,"Demand":0,"DemandMax":4,"Value":1596},{"Length":80,"Height":40,"Demand":0,"DemandMax":4,"Value":9600},{"Length":36,"Height":24,"Demand":0,"DemandMax":4,"Value":2592},{"Length":77,"Height":46,"Demand":0,"DemandMax":4,"Value":3542},{"Length":25,"Height":23,"Demand":0,"DemandMax":4,"Value":1725},{"Length":50,"Height":93,"Demand":0,"DemandMax":4,"Value":4650},{"Length":80,"Height":14,"Demand":0,"DemandMax":4,"Value":1120},{"Length":90,"Height":41,"Demand":0,"DemandMax":4,"Value":11070},{"Length":37,"Height":39,"Demand":0,"DemandMax":4,"Value":4329},{"Length":34,"Height":43,"Demand":0,"DemandMax":8,"Value":2924},{"Length":12,"Height":89,"Demand":0,"DemandMax":4,"Value":1068},{"Length":92,"Height":59,"Demand":0,"DemandMax":4,"Value":16284},{"Length":98,"Height":20,"Demand":0,"DemandMax":4,"Value":1960},{"Length":78,"Height":23,"Demand":0,"DemandMax":4,"Value":5382},{"Length":36,"Height":48,"Demand":0,"DemandMax":4,"Value":5184},{"Length":46,"Height":15,"Demand":0,"DemandMax":4,"Value":1380},{"Length":38,"Height":81,"Demand":0,"DemandMax":4,"Value":6156},{"Length":35,"Height":80,"Demand":0,"DemandMax":4,"Value":8400},{"Length":38,"Height":14,"Demand":0,"DemandMax":4,"Value":1064},{"Length":33,"Height":46,"Demand":0,"DemandMax":4,"Value":1518},{"Length":4,"Height":26,"Demand":0,"DemandMax":4,"Value":312},{"Length":13,"Height":36,"Demand":0,"DemandMax":4,"Value":468},{"Length":55,"Height":74,"Demand":0,"DemandMax":4,"Value":12210},{"Length":22,"Height":20,"Demand":0,"DemandMax":4,"Value":440},{"Length":2,"Height":85,"Demand":0,"DemandMax":4,"Value":510},{"Length":21,"Height":22,"Demand":0,"DemandMax":4,"Value":1386},{"Length":24,"Height":77,"Demand":0,"DemandMax":4,"Value":1848},{"Length":17,"Height":85,"Demand":0,"DemandMax":4,"Value":1445},{"Length":10,"Height":30,"Demand":0,"DemandMax":4,"Value":600},{"Length":62,"Height":69,"Demand":0,"DemandMax":4,"Value":12834},{"Length":76,"Height":41,"Demand":0,"DemandMax":4,"Value":9348},{"Length":84,"Height":47,"Demand":0,"DemandMax":4,"Value":11844},{"Length":36,"Height":30,"Demand":0,"DemandMax":4,"Value":3240},{"Length":98,"Height":19,"Demand":0,"DemandMax":4,"Value":1862},{"Length":16,"Height":36,"Demand":0,"DemandMax":4,"Value":576},{"Length":92,"Height":28,"Demand":0,"DemandMax":4,"Value":7728},{"Length":12,"Height":7,"Demand":0,"DemandMax":4,"Value":252},{"Length":19,"Height":14,"Demand":0,"DemandMax":4,"Value":798},{"Length":87,"Height":93,"Demand":0,"DemandMax":4,"Value":8091},{"Length":84,"Height":57,"Demand":0,"DemandMax":4,"Value":4788},{"Length":44,"Height":29,"Demand":0,"DemandMax":8,"Value":1276},{"Length":35,"Height":19,"Demand":0,"DemandMax":4,"Value":665},{"Length":35,"Height":92,"Demand":0,"DemandMax":4,"Value":6440},{"Length":23,"Height":11,"Demand":0,"DemandMax":4,"Value":253},{"Length":88,"Height":88,"Demand":0,"DemandMax":4,"Value":7744},{"Length":39,"Height":34,"Demand":0,"DemandMax":4,"Value":2652},{"Length":8,"Height":11,"Demand":0,"DemandMax":4,"Value":176},{"Length":23,"Height":47,"Demand":0,"DemandMax":4,"Value":3243},{"Length":71,"Height":87,"Demand":0,"DemandMax":4,"Value":18531},{"Length":85,"Height":27,"Demand":0,"DemandMax":12,"Value":6885},{"Length":27,"Height":26,"Demand":0,"DemandMax":4,"Value":702},{"Length":77,"Height":42,"Demand":0,"DemandMax":4,"Value":6468},{"Length":41,"Height":16,"Demand":0,"DemandMax":4,"Value":656},{"Length":91,"Height":19,"Demand":0,"DemandMax":4,"Value":1729},{"Length":5,"Height":97,"Demand":0,"DemandMax":4,"Value":1455},{"Length":29,"Height":3,"Demand":0,"DemandMax":4,"Value":174},{"Length":31,"Height":23,"Demand":0,"DemandMax":4,"Value":2139},{"Length":19,"Height":27,"Demand":0,"DemandMax":4,"Value":513},{"Length":34,"Height":84,"Demand":0,"DemandMax":4,"Value":5712},{"Length":32,"Height":88,"Demand":0,"DemandMax":4,"Value":2816},{"Length":92,"Height":40,"Demand":0,"DemandMax":8,"Value":7360},{"Length":91,"Height":32,"Demand":0,"DemandMax":4,"Value":5824},{"Length":15,"Height":43,"Demand":0,"DemandMax":4,"Value":645},{"Length":53,"Height":83,"Demand":0,"DemandMax":4,"Value":13197},{"Length":35,"Height":27,"Demand":0,"DemandMax":4,"Value":2835},{"Length":9,"Height":40,"Demand":0,"DemandMax":4,"Value":720},{"Length":28,"Height":84,"Demand":0,"DemandMax":4,"Value":2352},{"Length":78,"Height":25,"Demand":0,"DemandMax":4,"Value":5850},{"Length":12,"Height":23,"Demand":0,"DemandMax":4,"Value":552},{"Length":33,"Height":37,"Demand":0,"DemandMax":4,"Value":1221},{"Length":42,"Height":47,"Demand":0,"DemandMax":4,"Value":3948},{"Length":38,"Height":10,"Demand":0,"DemandMax":4,"Value":1140},{"Length":2,"Height":82,"Demand":0,"DemandMax":4,"Value":328},{"Length":38,"Height":21,"Demand":0,"DemandMax":4,"Value":1596},{"Length":23,"Height":82,"Demand":0,"DemandMax":4,"Value":1886},{"Length":31,"Height":32,"Demand":0,"DemandMax":4,"Value":1984},{"Length":40,"Height":24,"Demand":0,"DemandMax":4,"Value":2880},{"Length":31,"Height":28,"Demand":0,"DemandMax":4,"Value":868},{"Length":69,"Height":70,"Demand":0,"DemandMax":4,"Value":4830},{"Length":21,"Height":8,"Demand":0,"DemandMax":4,"Value":336},{"Length":81,"Height":58,"Demand":0,"DemandMax":4,"Value":4698},{"Length":66,"Height":82,"Demand":0,"DemandMax":4,"Value":5412},{"Length":46,"Height":39,"Demand":0,"DemandMax":4,"Value":5382},{"Length":72,"Height":84,"Demand":0,"DemandMax":4,"Value":18144},{"Length":26,"Height":87,"Demand":0,"DemandMax":4,"Value":4524},{"Length":100,"Height":65,"Demand":0,"DemandMax":4,"Value":6500},{"Length":61,"Height":69,"Demand":0,"DemandMax":4,"Value":4209},{"Length":82,"Height":6,"Demand":0,"DemandMax":4,"Value":1476},{"Length":12,"Height":4,"Demand":0,"DemandMax":4,"Value":48},{"Length":17,"Height":47,"Demand":0,"DemandMax":4,"Value":1598},{"Length":37,"Height":28,"Demand":0,"DemandMax":4,"Value":3108},{"Length":94,"Height":26,"Demand":0,"DemandMax":4,"Value":4888},{"Length":28,"Height":96,"Demand":0,"DemandMax":4,"Value":2688},{"Length":2,"Height":92,"Demand":0,"DemandMax":4,"Value":368},{"Length":87,"Height":34,"Demand":0,"DemandMax":4,"Value":8874},{"Length":77,"Height":31,"Demand":0,"DemandMax":4,"Value":7161},{"Length":64,"Height":59,"Demand":0,"DemandMax":4,"Value":3776},{"Length":49,"Height":3,"Demand":0,"DemandMax":4,"Value":294},{"Length":97,"Height":88,"Demand":0,"DemandMax":4,"Value":8536},{"Length":27,"Height":8,"Demand":0,"DemandMax":8,"Value":648},{"Length":37,"Height":23,"Demand":0,"DemandMax":4,"Value":2553},{"Length":46,"Height":29,"Demand":0,"DemandMax":4,"Value":1334},{"Length":45,"Height":31,"Demand":0,"DemandMax":4,"Value":4185},{"Length":85,"Height":31,"Demand":0,"DemandMax":4,"Value":7905},{"Length":67,"Height":88,"Demand":0,"DemandMax":4,"Value":17688},{"Length":91,"Height":14,"Demand":0,"DemandMax":4,"Value":3822},{"Length":16,"Height":33,"Demand":0,"DemandMax":4,"Value":1584},{"Length":85,"Height":47,"Demand":0,"DemandMax":4,"Value":11985},{"Length":28,"Height":33,"Demand":0,"DemandMax":8,"Value":924},{"Length":72,"Height":95,"Demand":0,"DemandMax":8,"Value":20520},{"Length":48,"Height":29,"Demand":0,"DemandMax":4,"Value":4176},{"Length":36,"Height":31,"Demand":0,"DemandMax":4,"Value":3348},{"Length":98,"Height":5,"Demand":0,"DemandMax":4,"Value":490},{"Length":85,"Height":21,"Demand":0,"DemandMax":4,"Value":3570},{"Length":81,"Height":19,"Demand":0,"DemandMax":4,"Value":3078},{"Length":41,"Height":39,"Demand":0,"DemandMax":4,"Value":3198},{"Length":27,"Height":98,"Demand":0,"DemandMax":4,"Value":2646},{"Length":56,"Height":67,"Demand":0,"DemandMax":4,"Value":7504},{"Length":17,"Height":90,"Demand":0,"DemandMax":4,"Value":4590},{"Length":66,"Height":94,"Demand":0,"DemandMax":4,"Value":18612},{"Length":99,"Height":18,"Demand":0,"DemandMax":4,"Value":3564},{"Length":7,"Height":36,"Demand":0,"DemandMax":4,"Value":252},{"Length":95,"Height":44,"Demand":0,"DemandMax":4,"Value":4180},{"Length":36,"Height":82,"Demand":0,"DemandMax":4,"Value":8856},{"Length":9,"Height":78,"Demand":0,"DemandMax":4,"Value":1404},{"Length":95,"Height":23,"Demand":0,"DemandMax":4,"Value":2185},{"Length":50,"Height":43,"Demand":0,"DemandMax":4,"Value":2150},{"Length":35,"Height":85,"Demand":0,"DemandMax":4,"Value":2975},{"Length":90,"Height":14,"Demand":0,"DemandMax":4,"Value":1260},{"Length":8,"Height":44,"Demand":0,"DemandMax":8,"Value":704},{"Length":21,"Height":7,"Demand":0,"DemandMax":4,"Value":441},{"Length":5,"Height":37,"Demand":0,"DemandMax":4,"Value":555},{"Length":93,"Height":28,"Demand":0,"DemandMax":4,"Value":5208},{"Length":6,"Height":40,"Demand":0,"DemandMax":4,"Value":240},{"Length":41,"Height":78,"Demand":0,"DemandMax":4,"Value":3198},{"Length":17,"Height":23,"Demand":0,"DemandMax":4,"Value":1173},{"Length":80,"Height":74,"Demand":0,"DemandMax":4,"Value":5920},{"Length":28,"Height":85,"Demand":0,"DemandMax":4,"Value":4760},{"Length":6,"Height":6,"Demand":0,"DemandMax":4,"Value":72},{"Length":48,"Height":98,"Demand":0,"DemandMax":4,"Value":4704},{"Length":99,"Height":70,"Demand":0,"DemandMax":4,"Value":6930},{"Length":69,"Height":68,"Demand":0,"DemandMax":8,"Value":4692},{"Length":46,"Height":29,"Demand":0,"DemandMax":4,"Value":2668},{"Length":19,"Height":100,"Demand":0,"DemandMax":4,"Value":5700},{"Length":31,"Height":35,"Demand":0,"DemandMax":4,"Value":1085},{"Length":15,"Height":88,"Demand":0,"DemandMax":4,"Value":2640},{"Length":20,"Height":28,"Demand":0,"DemandMax":4,"Value":1120},{"Length":92,"Height":40,"Demand":0,"DemandMax":4,"Value":11040},{"Length":46,"Height":23,"Demand":0,"DemandMax":4,"Value":1058},{"Length":51,"Height":74,"Demand":0,"DemandMax":4,"Value":11322},{"Length":20,"Height":45,"Demand":0,"DemandMax":4,"Value":900},{"Length":71,"Height":63,"Demand":0,"DemandMax":4,"Value":13419},{"Length":72,"Height":61,"Demand":0,"DemandMax":4,"Value":8784},{"Length":15,"Height":20,"Demand":0,"DemandMax":4,"Value":600},{"Length":76,"Height":10,"Demand":0,"DemandMax":4,"Value":2280},{"Length":99,"Height":5,"Demand":0,"DemandMax":4,"Value":495},{"Length":17,"Height":82,"Demand":0,"DemandMax":4,"Value":4182},{"Length":4,"Height":41,"Demand":0,"DemandMax":4,"Value":492},{"Length":25,"Height":27,"Demand":0,"DemandMax":4,"Value":2025},{"Length":29,"Height":15,"Demand":0,"DemandMax":4,"Value":870},{"Length":45,"Height":33,"Demand":0,"DemandMax":4,"Value":4455},{"Length":50,"Height":48,"Demand":0,"DemandMax":4,"Value":2400},{"Length":50,"Height":35,"Demand":0,"DemandMax":4,"Value":1750},{"Length":38,"Height":48,"Demand":0,"DemandMax":4,"Value":5472},{"Length":92,"Height":29,"Demand":0,"DemandMax":4,"Value":5336},{"Length":11,"Height":80,"Demand":0,"DemandMax":4,"Value":2640},{"Length":79,"Height":16,"Demand":0,"DemandMax":4,"Value":1264},{"Length":34,"Height":33,"Demand":0,"DemandMax":4,"Value":3366},{"Length":76,"Height":22,"Demand":0,"DemandMax":4,"Value":3344},{"Length":76,"Height":67,"Demand":0,"DemandMax":4,"Value":15276},{"Length":85,"Height":59,"Demand":0,"DemandMax":4,"Value":5015},{"Length":11,"Height":18,"Demand":0,"DemandMax":4,"Value":396},{"Length":60,"Height":77,"Demand":0,"DemandMax":4,"Value":9240},{"Length":80,"Height":26,"Demand":0,"DemandMax":4,"Value":4160},{"Length":5,"Height":84,"Demand":0,"DemandMax":4,"Value":1260},{"Length":98,"Height":94,"Demand":0,"DemandMax":4,"Value":18424},{"Length":96,"Height":4,"Demand":0,"DemandMax":4,"Value":1152},{"Length":77,"Height":46,"Demand":0,"DemandMax":8,"Value":7084},{"Length":83,"Height":76,"Demand":0,"DemandMax":4,"Value":6308},{"Length":76,"Height":99,"Demand":0,"DemandMax":8,"Value":22572},{"Length":64,"Height":73,"Demand":0,"DemandMax":4,"Value":14016},{"Length":95,"Height":29,"Demand":0,"DemandMax":4,"Value":5510},{"Length":10,"Height":96,"Demand":0,"DemandMax":4,"Value":1920},{"Length":63,"Height":76,"Demand":0,"DemandMax":4,"Value":9576},{"Length":88,"Height":26,"Demand":0,"DemandMax":4,"Value":4576},{"Length":7,"Height":27,"Demand":0,"DemandMax":4,"Value":189},{"Length":2,"Height":86,"Demand":0,"DemandMax":8,"Value":344},{"Length":18,"Height":49,"Demand":0,"DemandMax":4,"Value":2646},{"Length":33,"Height":44,"Demand":0,"DemandMax":4,"Value":1452},{"Length":42,"Height":11,"Demand":0,"DemandMax":4,"Value":924},{"Length":86,"Height":6,"Demand":0,"DemandMax":4,"Value":1032},{"Length":4,"Height":44,"Demand":0,"DemandMax":4,"Value":528},{"Length":92,"Height":21,"Demand":0,"DemandMax":4,"Value":5796},{"Length":69,"Height":87,"Demand":0,"DemandMax":4,"Value":18009},{"Length":89,"Height":14,"Demand":0,"DemandMax":4,"Value":1246},{"Length":69,"Height":77,"Demand":0,"DemandMax":4,"Value":5313},{"Length":37,"Height":38,"Demand":0,"DemandMax":4,"Value":4218},{"Length":19,"Height":17,"Demand":0,"DemandMax":4,"Value":969},{"Length":35,"Height":12,"Demand":0,"DemandMax":4,"Value":1260},{"Length":59,"Height":97,"Demand":0,"DemandMax":8,"Value":17169},{"Length":22,"Height":15,"Demand":0,"DemandMax":4,"Value":330},{"Length":19,"Height":41,"Demand":0,"DemandMax":4,"Value":779},{"Length":11,"Height":22,"Demand":0,"DemandMax":4,"Value":484},{"Length":17,"Height":20,"Demand":0,"DemandMax":4,"Value":1020},{"Length":30,"Height":32,"Demand":0,"DemandMax":4,"Value":960},{"Length":39,"Height":24,"Demand":0,"DemandMax":4,"Value":936},{"Length":14,"Height":25,"Demand":0,"DemandMax":4,"Value":700},{"Length":16,"Height":25,"Demand":0,"DemandMax":4,"Value":800},{"Length":35,"Height":34,"Demand":0,"DemandMax":4,"Value":1190},{"Length":10,"Height":6,"Demand":0,"DemandMax":4,"Value":60},{"Length":13,"Height":84,"Demand":0,"DemandMax":4,"Value":2184},{"Length":47,"Height":27,"Demand":0,"DemandMax":4,"Value":2538},{"Length":40,"Height":85,"Demand":0,"DemandMax":4,"Value":3400},{"Length":18,"Height":18,"Demand":0,"DemandMax":4,"Value":972},{"Length":89,"Height":85,"Demand":0,"DemandMax":4,"Value":15130},{"Length":84,"Height":3,"Demand":0,"DemandMax":4,"Value":504},{"Length":63,"Height":92,"Demand":0,"DemandMax":4,"Value":5796},{"Length":88,"Height":54,"Demand":0,"DemandMax":4,"Value":14256},{"Length":98,"Height":45,"Demand":0,"DemandMax":8,"Value":4410},{"Length":21,"Height":10,"Demand":0,"DemandMax":4,"Value":630},{"Length":67,"Height":100,"Demand":0,"DemandMax":4,"Value":13400},{"Length":88,"Height":13,"Demand":0,"DemandMax":4,"Value":2288},{"Length":11,"Height":95,"Demand":0,"DemandMax":4,"Value":2090},{"Length":100,"Height":61,"Demand":0,"DemandMax":4,"Value":12200},{"Length":94,"Height":18,"Demand":0,"DemandMax":8,"Value":5076},{"Length":24,"Height":34,"Demand":0,"DemandMax":4,"Value":816},{"Length":49,"Height":93,"Demand":0,"DemandMax":4,"Value":9114},{"Length":92,"Height":4,"Demand":0,"DemandMax":8,"Value":368},{"Length":31,"Height":33,"Demand":0,"DemandMax":4,"Value":1023},{"Length":22,"Height":20,"Demand":0,"DemandMax":4,"Value":880},{"Length":95,"Height":69,"Demand":0,"DemandMax":4,"Value":13110},{"Length":82,"Height":81,"Demand":0,"DemandMax":4,"Value":6642},{"Length":4,"Height":3,"Demand":0,"DemandMax":4,"Value":24},{"Length":73,"Height":64,"Demand":0,"DemandMax":4,"Value":4672},{"Length":33,"Height":44,"Demand":0,"DemandMax":4,"Value":2904},{"Length":76,"Height":37,"Demand":0,"DemandMax":4,"Value":8436},{"Length":93,"Height":28,"Demand":0,"DemandMax":4,"Value":7812},{"Length":31,"Height":19,"Demand":0,"DemandMax":4,"Value":589},{"Length":28,"Height":36,"Demand":0,"DemandMax":4,"Value":1008},{"Length":39,"Height":31,"Demand":0,"DemandMax":4,"Value":1209},{"Length":26,"Height":16,"Demand":0,"DemandMax":4,"Value":416},{"Length":85,"Height":60,"Demand":0,"DemandMax":4,"Value":10200},{"Length":39,"Height":48,"Demand":0,"DemandMax":4,"Value":3744},{"Length":33,"Height":11,"Demand":0,"DemandMax":8,"Value":726},{"Length":68,"Height":89,"Demand":0,"DemandMax":4,"Value":12104},{"Length":16,"Height":84,"Demand":0,"DemandMax":4,"Value":4032},{"Length":27,"Height":23,"Demand":0,"DemandMax":4,"Value":1242},{"Length":23,"Height":3,"Demand":0,"DemandMax":4,"Value":69},{"Length":20,"Height":44,"Demand":0,"DemandMax":4,"Value":880},{"Length":65,"Height":70,"Demand":0,"DemandMax":4,"Value":4550},{"Length":69,"Height":74,"Demand":0,"DemandMax":4,"Value":15318},{"Length":51,"Height":59,"Demand":0,"DemandMax":4,"Value":9027},{"Length":86,"Height":12,"Demand":0,"DemandMax":4,"Value":2064},{"Length":10,"Height":40,"Demand":0,"DemandMax":4,"Value":1200},{"Length":7,"Height":9,"Demand":0,"DemandMax":4,"Value":189},{"Length":17,"Height":88,"Demand":0,"DemandMax":4,"Value":4488},{"Length":63,"Height":51,"Demand":0,"DemandMax":4,"Value":6426},{"Length":9,"Height":81,"Demand":0,"DemandMax":4,"Value":1458},{"Length":99,"Height":43,"Demand":0,"DemandMax":4,"Value":12771},{"Length":48,"Height":32,"Demand":0,"DemandMax":4,"Value":3072},{"Length":99,"Height":20,"Demand":0,"DemandMax":4,"Value":1980},{"Length":9,"Height":50,"Demand":0,"DemandMax":4,"Value":1350},{"Length":31,"Height":96,"Demand":0,"DemandMax":4,"Value":2976},{"Length":34,"Height":28,"Demand":0,"DemandMax":4,"Value":952},{"Length":49,"Height":17,"Demand":0,"DemandMax":4,"Value":833},{"Length":10,"Height":16,"Demand":0,"DemandMax":4,"Value":480},{"Length":72,"Height":77,"Demand":0,"DemandMax":4,"Value":16632},{"Length":32,"Height":13,"Demand":0,"DemandMax":4,"Value":416},{"Length":78,"Height":100,"Demand":0,"DemandMax":4,"Value":7800},{"Length":73,"Height":57,"Demand":0,"DemandMax":4,"Value":8322},{"Length":5,"Height":39,"Demand":0,"DemandMax":4,"Value":585},{"Length":50,"Height":44,"Demand":0,"DemandMax":8,"Value":2200},{"Length":31,"Height":9,"Demand":0,"DemandMax":4,"Value":837},{"Length":66,"Height":85,"Demand":0,"DemandMax":4,"Value":11220},{"Length":28,"Height":87,"Demand":0,"DemandMax":4,"Value":7308},{"Length":6,"Height":7,"Demand":0,"DemandMax":4,"Value":42},{"Length":6,"Height":20,"Demand":0,"DemandMax":4,"Value":360},{"Length":67,"Height":97,"Demand":0,"DemandMax":4,"Value":19497},{"Length":49,"Height":5,"Demand":0,"DemandMax":4,"Value":735},{"Length":43,"Height":3,"Demand":0,"DemandMax":4,"Value":129},{"Length":9,"Height":8,"Demand":0,"DemandMax":4,"Value":72},{"Length":36,"Height":79,"Demand":0,"DemandMax":4,"Value":8532},{"Length":77,"Height":22,"Demand":0,"DemandMax":4,"Value":3388},{"Length":82,"Height":12,"Demand":0,"DemandMax":8,"Value":1968},{"Length":40,"Height":84,"Demand":0,"DemandMax":4,"Value":10080},{"Length":10,"Height":24,"Demand":0,"DemandMax":4,"Value":480},{"Length":98,"Height":33,"Demand":0,"DemandMax":4,"Value":6468},{"Length":77,"Height":97,"Demand":0,"DemandMax":4,"Value":22407},{"Length":91,"Height":2,"Demand":0,"DemandMax":4,"Value":182},{"Length":95,"Height":38,"Demand":0,"DemandMax":4,"Value":10830},{"Length":6,"Height":97,"Demand":0,"DemandMax":4,"Value":1164},{"Length":44,"Height":88,"Demand":0,"DemandMax":4,"Value":7744},{"Length":12,"Height":15,"Demand":0,"DemandMax":4,"Value":180},{"Length":98,"Height":21,"Demand":0,"DemandMax":4,"Value":6174},{"Length":7,"Height":95,"Demand":0,"DemandMax":4,"Value":665},{"Length":64,"Height":87,"Demand":0,"DemandMax":4,"Value":5568},{"Length":56,"Height":73,"Demand":0,"DemandMax":4,"Value":12264},{"Length":65,"Height":68,"Demand":0,"DemandMax":4,"Value":8840},{"Length":60,"Height":84,"Demand":0,"DemandMax":4,"Value":15120},{"Length":87,"Height":41,"Demand":0,"DemandMax":4,"Value":7134},{"Length":88,"Height":22,"Demand":0,"DemandMax":4,"Value":5808},{"Length":27,"Height":9,"Demand":0,"DemandMax":4,"Value":486},{"Length":36,"Height":87,"Demand":0,"DemandMax":4,"Value":9396},{"Length":40,"Height":99,"Demand":0,"DemandMax":4,"Value":7920},{"Length":45,"Height":8,"Demand":0,"DemandMax":8,"Value":360},{"Length":34,"Height":2,"Demand":0,"DemandMax":4,"Value":68},{"Length":8,"Height":35,"Demand":0,"DemandMax":4,"Value":840},{"Length":49,"Height":91,"Demand":0,"DemandMax":4,"Value":13377},{"Length":31,"Height":26,"Demand":0,"DemandMax":4,"Value":1612},{"Length":97,"Height":69,"Demand":0,"DemandMax":4,"Value":20079},{"Length":8,"Height":20,"Demand":0,"DemandMax":4,"Value":480},{"Length":78,"Height":94,"Demand":0,"DemandMax":4,"Value":7332},{"Length":18,"Height":25,"Demand":0,"DemandMax":4,"Value":1350},{"Length":34,"Height":88,"Demand":0,"DemandMax":4,"Value":8976},{"Length":8,"Height":96,"Demand":0,"DemandMax":4,"Value":768},{"Length":9,"Height":94,"Demand":0,"DemandMax":4,"Value":2538},{"Length":93,"Height":4,"Demand":0,"DemandMax":4,"Value":1116},{"Length":15,"Height":7,"Demand":0,"DemandMax":4,"Value":210},{"Length":86,"Height":47,"Demand":0,"DemandMax":4,"Value":8084},{"Length":61,"Height":63,"Demand":0,"DemandMax":4,"Value":11529},{"Length":100,"Height":91,"Demand":0,"DemandMax":4,"Value":18200},{"Length":63,"Height":84,"Demand":0,"DemandMax":4,"Value":5292},{"Length":87,"Height":33,"Demand":0,"DemandMax":4,"Value":5742},{"Length":87,"Height":12,"Demand":0,"DemandMax":4,"Value":1044},{"Length":87,"Height":25,"Demand":0,"DemandMax":4,"Value":6525},{"Length":42,"Height":44,"Demand":0,"DemandMax":4,"Value":5544},{"Length":96,"Height":77,"Demand":0,"DemandMax":4,"Value":14784},{"Length":79,"Height":91,"Demand":0,"DemandMax":4,"Value":7189},{"Length":3,"Height":16,"Demand":0,"DemandMax":4,"Value":144},{"Length":29,"Height":19,"Demand":0,"DemandMax":4,"Value":1102},{"Length":80,"Height":22,"Demand":0,"DemandMax":8,"Value":3520},{"Length":54,"Height":52,"Demand":0,"DemandMax":4,"Value":5616},{"Length":94,"Height":21,"Demand":0,"DemandMax":4,"Value":5922},{"Length":59,"Height":70,"Demand":0,"DemandMax":4,"Value":8260},{"Length":19,"Height":31,"Demand":0,"DemandMax":8,"Value":1767},{"Length":97,"Height":22,"Demand":0,"DemandMax":4,"Value":6402},{"Length":19,"Height":23,"Demand":0,"DemandMax":4,"Value":437},{"Length":78,"Height":18,"Demand":0,"DemandMax":4,"Value":2808},{"Length":2,"Height":36,"Demand":0,"DemandMax":4,"Value":72},{"Length":87,"Height":38,"Demand":0,"DemandMax":4,"Value":6612},{"Length":83,"Height":75,"Demand":0,"DemandMax":4,"Value":12450},{"Length":36,"Height":46,"Demand":0,"DemandMax":4,"Value":1656},{"Length":78,"Height":12,"Demand":0,"DemandMax":8,"Value":1872},{"Length":9,"Height":83,"Demand":0,"DemandMax":4,"Value":1494},{"Length":16,"Height":97,"Demand":0,"DemandMax":4,"Value":4656},{"Length":62,"Height":95,"Demand":0,"DemandMax":4,"Value":11780},{"Length":28,"Height":8,"Demand":0,"DemandMax":4,"Value":672},{"Length":18,"Height":38,"Demand":0,"DemandMax":4,"Value":2052},{"Length":26,"Height":91,"Demand":0,"DemandMax":4,"Value":4732},{"Length":86,"Height":29,"Demand":0,"DemandMax":4,"Value":4988},{"Length":52,"Height":59,"Demand":0,"DemandMax":4,"Value":6136},{"Length":6,"Height":31,"Demand":0,"DemandMax":4,"Value":558},{"Length":16,"Height":29,"Demand":0,"DemandMax":4,"Value":464},{"Length":94,"Height":46,"Demand":0,"DemandMax":4,"Value":4324},{"Length":88,"Height":22,"Demand":0,"DemandMax":4,"Value":1936},{"Length":28,"Height":82,"Demand":0,"DemandMax":4,"Value":4592},{"Length":25,"Height":87,"Demand":0,"DemandMax":4,"Value":2175},{"Length":94,"Height":29,"Demand":0,"DemandMax":4,"Value":5452},{"Length":73,"Height":57,"Demand":0,"DemandMax":4,"Value":12483},{"Length":39,"Height":15,"Demand":0,"DemandMax":4,"Value":585},{"Length":9,"Height":34,"Demand":0,"DemandMax":8,"Value":306},{"Length":30,"Height":36,"Demand":0,"DemandMax":4,"Value":1080},{"Length":98,"Height":60,"Demand":0,"DemandMax":4,"Value":11760},{"Length":19,"Height":23,"Demand":0,"DemandMax":4,"Value":1311},{"Length":64,"Height":71,"Demand":0,"DemandMax":4,"Value":4544},{"Length":61,"Height":85,"Demand":0,"DemandMax":4,"Value":10370},{"Length":85,"Height":43,"Demand":0,"DemandMax":4,"Value":3655},{"Length":11,"Height":39,"Demand":0,"DemandMax":4,"Value":1287},{"Length":38,"Height":11,"Demand":0,"DemandMax":4,"Value":836},{"Length":46,"Height":36,"Demand":0,"DemandMax":4,"Value":4968},{"Length":24,"Height":11,"Demand":0,"DemandMax":4,"Value":792},{"Length":20,"Height":26,"Demand":0,"DemandMax":4,"Value":520},{"Length":9,"Height":94,"Demand":0,"DemandMax":4,"Value":846},{"Length":94,"Height":17,"Demand":0,"DemandMax":4,"Value":4794},{"Length":83,"Height":88,"Demand":0,"DemandMax":4,"Value":21912},{"Length":42,"Height":49,"Demand":0,"DemandMax":4,"Value":6174},{"Length":29,"Height":87,"Demand":0,"DemandMax":4,"Value":7569},{"Length":32,"Height":42,"Demand":0,"DemandMax":4,"Value":1344},{"Length":43,"Height":31,"Demand":0,"DemandMax":4,"Value":3999},{"Length":10,"Height":48,"Demand":0,"DemandMax":4,"Value":1440},{"Length":87,"Height":28,"Demand":0,"DemandMax":4,"Value":7308},{"Length":29,"Height":5,"Demand":0,"DemandMax":4,"Value":145},{"Length":70,"Height":81,"Demand":0,"DemandMax":4,"Value":11340},{"Length":28,"Height":32,"Demand":0,"DemandMax":4,"Value":1792},{"Length":19,"Height":44,"Demand":0,"DemandMax":8,"Value":2508},{"Length":4,"Height":89,"Demand":0,"DemandMax":4,"Value":1068},{"Length":40,"Height":18,"Demand":0,"DemandMax":4,"Value":1440},{"Length":13,"Height":50,"Demand":0,"DemandMax":4,"Value":1300},{"Length":31,"Height":7,"Demand":0,"DemandMax":4,"Value":217},{"Length":82,"Height":85,"Demand":0,"DemandMax":4,"Value":13940},{"Length":23,"Height":29,"Demand":0,"DemandMax":4,"Value":1334},{"Length":90,"Height":89,"Demand":0,"DemandMax":4,"Value":16020},{"Length":96,"Height":53,"Demand":0,"DemandMax":4,"Value":15264},{"Length":5,"Height":7,"Demand":0,"DemandMax":4,"Value":105},{"Length":6,"Height":14,"Demand":0,"DemandMax":4,"Value":252},{"Length":34,"Height":88,"Demand":0,"DemandMax":4,"Value":5984},{"Length":47,"Height":41,"Demand":0,"DemandMax":4,"Value":3854},{"Length":14,"Height":39,"Demand":0,"DemandMax":4,"Value":1092},{"Length":11,"Height":34,"Demand":0,"DemandMax":4,"Value":748},{"Length":33,"Height":10,"Demand":0,"DemandMax":4,"Value":990},{"Length":85,"Height":13,"Demand":0,"DemandMax":4,"Value":1105},{"Length":89,"Height":16,"Demand":0,"DemandMax":4,"Value":1424},{"Length":11,"Height":87,"Demand":0,"DemandMax":4,"Value":2871},{"Length":24,"Height":33,"Demand":0,"DemandMax":4,"Value":1584},{"Length":35,"Height":36,"Demand":0,"DemandMax":4,"Value":3780},{"Length":57,"Height":87,"Demand":0,"DemandMax":4,"Value":9918},{"Length":88,"Height":46,"Demand":0,"DemandMax":4,"Value":12144},{"Length":36,"Height":98,"Demand":0,"DemandMax":4,"Value":7056},{"Length":84,"Height":15,"Demand":0,"DemandMax":4,"Value":1260},{"Length":55,"Height":78,"Demand":0,"DemandMax":4,"Value":12870},{"Length":58,"Height":53,"Demand":0,"DemandMax":4,"Value":3074},{"Length":20,"Height":32,"Demand":0,"DemandMax":8,"Value":640},{"Length":84,"Height":54,"Demand":0,"DemandMax":4,"Value":4536},{"Length":92,"Height":28,"Demand":0,"DemandMax":4,"Value":2576},{"Length":74,"Height":52,"Demand":0,"DemandMax":4,"Value":3848},{"Length":7,"Height":80,"Demand":0,"DemandMax":4,"Value":1680},{"Length":40,"Height":24,"Demand":0,"DemandMax":4,"Value":1920},{"Length":53,"Height":52,"Demand":0,"DemandMax":4,"Value":2756},{"Length":34,"Height":84,"Demand":0,"DemandMax":4,"Value":8568},{"Length":91,"Height":35,"Demand":0,"DemandMax":4,"Value":3185},{"Length":23,"Height":17,"Demand":0,"DemandMax":4,"Value":1173},{"Length":33,"Height":96,"Demand":0,"DemandMax":4,"Value":6336},{"Length":77,"Height":97,"Demand":0,"DemandMax":4,"Value":14938},{"Length":25,"Height":15,"Demand":0,"DemandMax":4,"Value":375},{"Length":16,"Height":90,"Demand":0,"DemandMax":4,"Value":1440},{"Length":8,"Height":33,"Demand":0,"DemandMax":4,"Value":792},{"Length":16,"Height":34,"Demand":0,"DemandMax":4,"Value":1632},{"Length":82,"Height":11,"Demand":0,"DemandMax":4,"Value":902},{"Length":54,"Height":95,"Demand":0,"DemandMax":4,"Value":5130},{"Length":100,"Height":28,"Demand":0,"DemandMax":4,"Value":5600},{"Length":45,"Height":48,"Demand":0,"DemandMax":4,"Value":2160},{"Length":94,"Height":16,"Demand":0,"DemandMax":4,"Value":4512},{"Length":92,"Height":34,"Demand":0,"DemandMax":4,"Value":9384},{"Length":50,"Height":27,"Demand":0,"DemandMax":4,"Value":1350},{"Length":3,"Height":97,"Demand":0,"DemandMax":4,"Value":291},{"Length":73,"Height":88,"Demand":0,"DemandMax":4,"Value":12848},{"Length":20,"Height":49,"Demand":0,"DemandMax":4,"Value":2940},{"Length":75,"Height":51,"Demand":0,"DemandMax":4,"Value":11475},{"Length":18,"Height":29,"Demand":0,"DemandMax":4,"Value":1566},{"Length":36,"Height":98,"Demand":0,"DemandMax":4,"Value":3528},{"Length":85,"Height":13,"Demand":0,"DemandMax":4,"Value":2210},{"Length":83,"Height":31,"Demand":0,"DemandMax":4,"Value":5146},{"Length":14,"Height":92,"Demand":0,"DemandMax":4,"Value":1288},{"Length":48,"Height":40,"Demand":0,"DemandMax":4,"Value":3840},{"Length":42,"Height":83,"Demand":0,"DemandMax":4,"Value":3486},{"Length":19,"Height":9,"Demand":0,"DemandMax":4,"Value":513},{"Length":25,"Height":37,"Demand":0,"DemandMax":4,"Value":2775},{"Length":4,"Height":50,"Demand":0,"DemandMax":4,"Value":600},{"Length":4,"Height":85,"Demand":0,"DemandMax":4,"Value":340},{"Length":89,"Height":76,"Demand":0,"DemandMax":4,"Value":13528},{"Length":92,"Height":3,"Demand":0,"DemandMax":4,"Value":828},{"Length":91,"Height":52,"Demand":0,"DemandMax":4,"Value":4732},{"Length":9,"Height":2,"Demand":0,"DemandMax":4,"Value":18},{"Length":37,"Height":81,"Demand":0,"DemandMax":4,"Value":5994},{"Length":60,"Height":72,"Demand":0,"DemandMax":4,"Value":12960},{"Length":7,"Height":90,"Demand":0,"DemandMax":4,"Value":1890},{"Length":7,"Height":23,"Demand":0,"DemandMax":8,"Value":483},{"Length":82,"Height":55,"Demand":0,"DemandMax":4,"Value":13530},{"Length":36,"Height":40,"Demand":0,"DemandMax":4,"Value":4320},{"Length":10,"Height":34,"Demand":0,"DemandMax":4,"Value":1020},{"Length":81,"Height":80,"Demand":0,"DemandMax":4,"Value":19440},{"Length":21,"Height":4,"Demand":0,"DemandMax":4,"Value":252},{"Length":19,"Height":44,"Demand":0,"DemandMax":4,"Value":1672},{"Length":47,"Height":9,"Demand":0,"DemandMax":4,"Value":1269},{"Length":38,"Height":20,"Demand":0,"DemandMax":4,"Value":760},{"Length":99,"Height":35,"Demand":0,"DemandMax":4,"Value":10395},{"Length":38,"Height":7,"Demand":0,"DemandMax":4,"Value":266},{"Length":16,"Height":19,"Demand":0,"DemandMax":4,"Value":608},{"Length":30,"Height":45,"Demand":0,"DemandMax":4,"Value":4050},{"Length":98,"Height":11,"Demand":0,"DemandMax":8,"Value":3234},{"Length":82,"Height":58,"Demand":0,"DemandMax":4,"Value":14268},{"Length":65,"Height":77,"Demand":0,"DemandMax":4,"Value":5005},{"Length":59,"Height":78,"Demand":0,"DemandMax":4,"Value":9204},{"Length":40,"Height":25,"Demand":0,"DemandMax":4,"Value":2000},{"Length":4,"Height":4,"Demand":0,"DemandMax":4,"Value":16},{"Length":2,"Height":15,"Demand":0,"DemandMax":4,"Value":30},{"Length":21,"Height":24,"Demand":0,"DemandMax":4,"Value":1008},{"Length":10,"Height":14,"Demand":0,"DemandMax":4,"Value":420},{"Length":47,"Height":40,"Demand":0,"DemandMax":4,"Value":3760},{"Length":31,"Height":36,"Demand":0,"DemandMax":8,"Value":3348},{"Length":85,"Height":10,"Demand":0,"DemandMax":4,"Value":850},{"Length":34,"Height":89,"Demand":0,"DemandMax":4,"Value":3026},{"Length":43,"Height":48,"Demand":0,"DemandMax":4,"Value":4128},{"Length":49,"Height":19,"Demand":0,"DemandMax":4,"Value":2793},{"Length":85,"Height":57,"Demand":0,"DemandMax":4,"Value":4845},{"Length":43,"Height":2,"Demand":0,"DemandMax":4,"Value":258},{"Length":100,"Height":15,"Demand":0,"DemandMax":4,"Value":1500},{"Length":100,"Height":2,"Demand":0,"DemandMax":4,"Value":200},{"Length":50,"Height":89,"Demand":0,"DemandMax":4,"Value":8900},{"Length":8,"Height":12,"Demand":0,"DemandMax":4,"Value":96},{"Length":90,"Height":9,"Demand":0,"DemandMax":4,"Value":810},{"Length":86,"Height":12,"Demand":0,"DemandMax":4,"Value":1032},{"Length":95,"Height":31,"Demand":0,"DemandMax":4,"Value":2945},{"Length":19,"Height":82,"Demand":0,"DemandMax":4,"Value":3116},{"Length":86,"Height":10,"Demand":0,"DemandMax":4,"Value":860},{"Length":22,"Height":29,"Demand":0,"DemandMax":4,"Value":1914},{"Length":25,"Height":43,"Demand":0,"DemandMax":4,"Value":3225},{"Length":2,"Height":88,"Demand":0,"DemandMax":4,"Value":176},{"Length":71,"Height":86,"Demand":0,"DemandMax":4,"Value":6106},{"Length":46,"Height":2,"Demand":0,"DemandMax":4,"Value":92},{"Length":36,"Height":45,"Demand":0,"DemandMax":4,"Value":1620},{"Length":70,"Height":52,"Demand":0,"DemandMax":4,"Value":10920},{"Length":49,"Height":22,"Demand":0,"DemandMax":4,"Value":2156},{"Length":3,"Height":41,"Demand":0,"DemandMax":4,"Value":123},{"Length":9,"Height":88,"Demand":0,"DemandMax":4,"Value":792},{"Length":96,"Height":44,"Demand":0,"DemandMax":4,"Value":8448},{"Length":78,"Height":83,"Demand":0,"DemandMax":4,"Value":12948},{"Length":51,"Height":85,"Demand":0,"DemandMax":4,"Value":8670},{"Length":14,"Height":97,"Demand":0,"DemandMax":4,"Value":1358},{"Length":99,"Height":15,"Demand":0,"DemandMax":4,"Value":2970},{"Length":78,"Height":41,"Demand":0,"DemandMax":4,"Value":9594},{"Length":46,"Height":86,"Demand":0,"DemandMax":4,"Value":7912},{"Length":25,"Height":44,"Demand":0,"DemandMax":4,"Value":3300},{"Length":95,"Height":94,"Demand":0,"DemandMax":4,"Value":26790},{"Length":48,"Height":95,"Demand":0,"DemandMax":4,"Value":13680},{"Length":15,"Height":8,"Demand":0,"DemandMax":4,"Value":120},{"Length":71,"Height":51,"Demand":0,"DemandMax":4,"Value":7242},{"Length":82,"Height":28,"Demand":0,"DemandMax":4,"Value":4592},{"Length":5,"Height":9,"Demand":0,"DemandMax":4,"Value":45},{"Length":13,"Height":26,"Demand":0,"DemandMax":4,"Value":338},{"Length":92,"Height":53,"Demand":0,"DemandMax":4,"Value":9752},{"Length":93,"Height":21,"Demand":0,"DemandMax":4,"Value":5859},{"Length":84,"Height":51,"Demand":0,"DemandMax":4,"Value":4284},{"Length":77,"Height":17,"Demand":0,"DemandMax":4,"Value":2618},{"Length":88,"Height":12,"Demand":0,"DemandMax":4,"Value":1056},{"Length":29,"Height":86,"Demand":0,"DemandMax":4,"Value":2494},{"Length":48,"Height":49,"Demand":0,"DemandMax":4,"Value":7056},{"Length":88,"Height":9,"Demand":0,"DemandMax":4,"Value":2376},{"Length":33,"Height":41,"Demand":0,"DemandMax":4,"Value":2706},{"Length":78,"Height":27,"Demand":0,"DemandMax":4,"Value":2106},{"Length":11,"Height":40,"Demand":0,"DemandMax":4,"Value":880},{"Length":17,"Height":94,"Demand":0,"DemandMax":4,"Value":4794},{"Length":47,"Height":87,"Demand":0,"DemandMax":4,"Value":8178},{"Length":78,"Height":90,"Demand":0,"DemandMax":4,"Value":14040},{"Length":48,"Height":36,"Demand":0,"DemandMax":4,"Value":5184},{"Length":78,"Height":87,"Demand":0,"DemandMax":4,"Value":20358},{"Length":38,"Height":8,"Demand":0,"DemandMax":4,"Value":608},{"Length":33,"Height":99,"Demand":0,"DemandMax":4,"Value":9801},{"Length":28,"Height":50,"Demand":0,"DemandMax":4,"Value":2800},{"Length":77,"Height":23,"Demand":0,"DemandMax":4,"Value":3542},{"Length":85,"Height":16,"Demand":0,"DemandMax":4,"Value":2720},{"Length":20,"Height":37,"Demand":0,"DemandMax":4,"Value":2220},{"Length":98,"Height":30,"Demand":0,"DemandMax":4,"Value":8820},{"Length":30,"Height":97,"Demand":0,"DemandMax":4,"Value":8730},{"Length":17,"Height":32,"Demand":0,"DemandMax":4,"Value":544},{"Length":61,"Height":89,"Demand":0,"DemandMax":4,"Value":10858},{"Length":31,"Height":49,"Demand":0,"DemandMax":4,"Value":3038},{"Length":6,"Height":38,"Demand":0,"DemandMax":4,"Value":456},{"Length":28,"Height":48,"Demand":0,"DemandMax":4,"Value":2688},{"Length":45,"Height":85,"Demand":0,"DemandMax":4,"Value":11475},{"Length":31,"Height":28,"Demand":0,"DemandMax":4,"Value":2604},{"Length":58,"Height":100,"Demand":0,"DemandMax":4,"Value":17400},{"Length":14,"Height":87,"Demand":0,"DemandMax":4,"Value":3654},{"Length":36,"Height":93,"Demand":0,"DemandMax":4,"Value":6696},{"Length":25,"Height":80,"Demand":0,"DemandMax":4,"Value":6000},{"Length":10,"Height":12,"Demand":0,"DemandMax":4,"Value":360},{"Length":58,"Height":88,"Demand":0,"DemandMax":4,"Value":10208},{"Length":55,"Height":61,"Demand":0,"DemandMax":4,"Value":10065},{"Length":7,"Height":5,"Demand":0,"DemandMax":4,"Value":70},{"Length":70,"Height":71,"Demand":0,"DemandMax":4,"Value":14910},{"Length":99,"Height":94,"Demand":0,"DemandMax":4,"Value":18612},{"Length":47,"Height":46,"Demand":0,"DemandMax":4,"Value":6486},{"Length":4,"Height":12,"Demand":0,"DemandMax":4,"Value":144},{"Length":15,"Height":37,"Demand":0,"DemandMax":4,"Value":555},{"Length":6,"Height":35,"Demand":0,"DemandMax":4,"Value":630},{"Length":76,"Height":36,"Demand":0,"DemandMax":4,"Value":2736},{"Length":6,"Height":15,"Demand":0,"DemandMax":4,"Value":90},{"Length":35,"Height":88,"Demand":0,"DemandMax":4,"Value":9240},{"Length":97,"Height":47,"Demand":0,"DemandMax":4,"Value":13677},{"Length":40,"Height":6,"Demand":0,"DemandMax":4,"Value":720},{"Length":14,"Height":14,"Demand":0,"DemandMax":4,"Value":196},{"Length":29,"Height":82,"Demand":0,"DemandMax":4,"Value":4756},{"Length":68,"Height":79,"Demand":0,"DemandMax":4,"Value":16116},{"Length":13,"Height":8,"Demand":0,"DemandMax":4,"Value":208},{"Length":18,"Height":50,"Demand":0,"DemandMax":4,"Value":900},{"Length":5,"Height":26,"Demand":0,"DemandMax":4,"Value":390},{"Length":38,"Height":79,"Demand":0,"DemandMax":4,"Value":6004},{"Length":41,"Height":94,"Demand":0,"DemandMax":4,"Value":3854},{"Length":39,"Height":35,"Demand":0,"DemandMax":4,"Value":4095},{"Length":100,"Height":56,"Demand":0,"DemandMax":4,"Value":11200},{"Length":95,"Height":10,"Demand":0,"DemandMax":4,"Value":2850},{"Length":38,"Height":78,"Demand":0,"DemandMax":4,"Value":2964},{"Length":66,"Height":77,"Demand":0,"DemandMax":4,"Value":15246},{"Length":29,"Height":26,"Demand":0,"DemandMax":4,"Value":1508},{"Length":19,"Height":20,"Demand":0,"DemandMax":4,"Value":760},{"Length":83,"Height":61,"Demand":0,"DemandMax":4,"Value":10126},{"Length":48,"Height":95,"Demand":0,"DemandMax":4,"Value":9120},{"Length":53,"Height":59,"Demand":0,"DemandMax":4,"Value":3127},{"Length":22,"Height":16,"Demand":0,"DemandMax":4,"Value":352},{"Length":41,"Height":31,"Demand":0,"DemandMax":4,"Value":1271},{"Length":73,"Height":99,"Demand":0,"DemandMax":4,"Value":7227},{"Length":82,"Height":69,"Demand":0,"DemandMax":4,"Value":11316},{"Length":91,"Height":48,"Demand":0,"DemandMax":4,"Value":13104},{"Length":50,"Height":86,"Demand":0,"DemandMax":4,"Value":12900},{"Length":79,"Height":35,"Demand":0,"DemandMax":4,"Value":5530},{"Length":22,"Height":88,"Demand":0,"DemandMax":4,"Value":5808},{"Length":98,"Height":98,"Demand":0,"DemandMax":4,"Value":28812},{"Length":27,"Height":99,"Demand":0,"DemandMax":4,"Value":8019},{"Length":58,"Height":87,"Demand":0,"DemandMax":4,"Value":10092},{"Length":73,"Height":97,"Demand":0,"DemandMax":4,"Value":21243},{"Length":95,"Height":70,"Demand":0,"DemandMax":4,"Value":6650},{"Length":42,"Height":11,"Demand":0,"DemandMax":4,"Value":462},{"Length":27,"Height":28,"Demand":0,"DemandMax":4,"Value":1512},{"Length":12,"Height":45,"Demand":0,"DemandMax":4,"Value":1620},{"Length":38,"Height":85,"Demand":0,"DemandMax":4,"Value":9690},{"Length":98,"Height":42,"Demand":0,"DemandMax":4,"Value":12348},{"Length":37,"Height":8,"Demand":0,"DemandMax":4,"Value":888},{"Length":48,"Height":6,"Demand":0,"DemandMax":4,"Value":864},{"Length":59,"Height":78,"Demand":0,"DemandMax":4,"Value":13806},{"Length":2,"Height":40,"Demand":0,"DemandMax":4,"Value":160},{"Length":56,"Height":70,"Demand":0,"DemandMax":4,"Value":7840},{"Length":99,"Height":86,"Demand":0,"DemandMax":4,"Value":25542},{"Length":19,"Height":36,"Demand":0,"DemandMax":4,"Value":1368},{"Length":31,"Height":12,"Demand":0,"DemandMax":4,"Value":744},{"Length":89,"Height":60,"Demand":0,"DemandMax":4,"Value":16020},{"Length":42,"Height":37,"Demand":0,"DemandMax":4,"Value":1554},{"Length":8,"Height":32,"Demand":0,"DemandMax":4,"Value":512},{"Length":5,"Height":44,"Demand":0,"DemandMax":4,"Value":440},{"Length":41,"Height":83,"Demand":0,"DemandMax":4,"Value":6806},{"Length":6,"Height":85,"Demand":0,"DemandMax":4,"Value":1530},{"Length":78,"Height":22,"Demand":0,"DemandMax":4,"Value":3432},{"Length":82,"Height":87,"Demand":0,"DemandMax":4,"Value":14268},{"Length":36,"Height":39,"Demand":0,"DemandMax":4,"Value":4212},{"Length":80,"Height":38,"Demand":0,"DemandMax":4,"Value":6080},{"Length":3,"Height":82,"Demand":0,"DemandMax":4,"Value":492},{"Length":42,"Height":94,"Demand":0,"DemandMax":4,"Value":3948},{"Length":38,"Height":2,"Demand":0,"DemandMax":4,"Value":76},{"Length":39,"Height":8,"Demand":0,"DemandMax":4,"Value":624},{"Length":69,"Height":65,"Demand":0,"DemandMax":4,"Value":4485},{"Length":18,"Height":19,"Demand":0,"DemandMax":4,"Value":1026},{"Length":99,"Height":69,"Demand":0,"DemandMax":4,"Value":6831},{"Length":33,"Height":40,"Demand":0,"DemandMax":4,"Value":3960},{"Length":24,"Height":40,"Demand":0,"DemandMax":4,"Value":2880},{"Length":4,"Height":98,"Demand":0,"DemandMax":4,"Value":1176},{"Length":40,"Height":4,"Demand":0,"DemandMax":4,"Value":480},{"Length":54,"Height":100,"Demand":0,"DemandMax":4,"Value":16200},{"Length":19,"Height":83,"Demand":0,"DemandMax":4,"Value":3154},{"Length":83,"Height":91,"Demand":0,"DemandMax":4,"Value":22659},{"Length":33,"Height":11,"Demand":0,"DemandMax":4,"Value":363},{"Length":34,"Height":95,"Demand":0,"DemandMax":4,"Value":9690},{"Length":19,"Height":46,"Demand":0,"DemandMax":4,"Value":874},{"Length":19,"Height":5,"Demand":0,"DemandMax":4,"Value":95},{"Length":37,"Height":96,"Demand":0,"DemandMax":4,"Value":7104},{"Length":33,"Height":100,"Demand":0,"DemandMax":4,"Value":9900},{"Length":89,"Height":63,"Demand":0,"DemandMax":4,"Value":16821},{"Length":81,"Height":27,"Demand":0,"DemandMax":4,"Value":2187},{"Length":33,"Height":21,"Demand":0,"DemandMax":4,"Value":1386},{"Length":50,"Height":36,"Demand":0,"DemandMax":4,"Value":5400},{"Length":88,"Height":3,"Demand":0,"DemandMax":4,"Value":528},{"Length":85,"Height":41,"Demand":0,"DemandMax":4,"Value":10455},{"Length":49,"Height":3,"Demand":0,"DemandMax":4,"Value":147},{"Length":100,"Height":89,"Demand":0,"DemandMax":4,"Value":17800},{"Length":97,"Height":75,"Demand":0,"DemandMax":4,"Value":7275},{"Length":8,"Height":20,"Demand":0,"DemandMax":4,"Value":160},{"Length":31,"Height":49,"Demand":0,"DemandMax":4,"Value":4557},{"Length":57,"Height":81,"Demand":0,"DemandMax":4,"Value":13851},{"Length":91,"Height":5,"Demand":0,"DemandMax":4,"Value":910},{"Length":79,"Height":52,"Demand":0,"DemandMax":4,"Value":8216},{"Length":46,"Height":24,"Demand":0,"DemandMax":4,"Value":1104},{"Length":99,"Height":17,"Demand":0,"DemandMax":4,"Value":5049},{"Length":16,"Height":29,"Demand":0,"DemandMax":4,"Value":928},{"Length":15,"Height":22,"Demand":0,"DemandMax":4,"Value":330},{"Length":52,"Height":91,"Demand":0,"DemandMax":4,"Value":14196},{"Length":53,"Height":56,"Demand":0,"DemandMax":4,"Value":2968},{"Length":70,"Height":78,"Demand":0,"DemandMax":4,"Value":16380},{"Length":89,"Height":57,"Demand":0,"DemandMax":4,"Value":5073},{"Length":4,"Height":46,"Demand":0,"DemandMax":4,"Value":184},{"Length":91,"Height":49,"Demand":0,"DemandMax":4,"Value":13377},{"Length":9,"Height":88,"Demand":0,"DemandMax":4,"Value":1584},{"Length":17,"Height":35,"Demand":0,"DemandMax":4,"Value":1190},{"Length":6,"Height":32,"Demand":0,"DemandMax":4,"Value":192},{"Length":71,"Height":60,"Demand":0,"DemandMax":4,"Value":4260},{"Length":14,"Height":16,"Demand":0,"DemandMax":4,"Value":448},{"Length":89,"Height":46,"Demand":0,"DemandMax":4,"Value":8188},{"Length":7,"Height":47,"Demand":0,"DemandMax":4,"Value":987},{"Length":46,"Height":15,"Demand":0,"DemandMax":4,"Value":2070},{"Length":55,"Height":79,"Demand":0,"DemandMax":4,"Value":8690},{"Length":74,"Height":85,"Demand":0,"DemandMax":4,"Value":18870},{"Length":93,"Height":94,"Demand":0,"DemandMax":4,"Value":26226},{"Length":12,"Height":99,"Demand":0,"DemandMax":4,"Value":1188},{"Length":37,"Height":32,"Demand":0,"DemandMax":4,"Value":2368},{"Length":98,"Height":10,"Demand":0,"DemandMax":4,"Value":1960},{"Length":69,"Height":67,"Demand":0,"DemandMax":4,"Value":13869},{"Length":31,"Height":90,"Demand":0,"DemandMax":4,"Value":2790},{"Length":100,"Height":77,"Demand":0,"DemandMax":4,"Value":23100},{"Length":14,"Height":2,"Demand":0,"DemandMax":4,"Value":28},{"Length":97,"Height":11,"Demand":0,"DemandMax":4,"Value":2134},{"Length":14,"Height":46,"Demand":0,"DemandMax":8,"Value":1288},{"Length":32,"Height":17,"Demand":0,"DemandMax":4,"Value":1632},{"Length":96,"Height":36,"Demand":0,"DemandMax":4,"Value":3456},{"Length":40,"Height":10,"Demand":0,"DemandMax":4,"Value":800},{"Length":99,"Height":99,"Demand":0,"DemandMax":4,"Value":9801},{"Length":89,"Height":91,"Demand":0,"DemandMax":4,"Value":16198},{"Length":20,"Height":36,"Demand":0,"DemandMax":4,"Value":1440},{"Length":38,"Height":48,"Demand":0,"DemandMax":4,"Value":3648},{"Length":45,"Height":93,"Demand":0,"DemandMax":4,"Value":12555},{"Length":27,"Height":5,"Demand":0,"DemandMax":4,"Value":135},{"Length":28,"Height":29,"Demand":0,"DemandMax":4,"Value":812},{"Length":5,"Height":78,"Demand":0,"DemandMax":4,"Value":1170},{"Length":3,"Height":84,"Demand":0,"DemandMax":4,"Value":504},{"Length":16,"Height":86,"Demand":0,"DemandMax":4,"Value":4128},{"Length":11,"Height":12,"Demand":0,"DemandMax":4,"Value":264},{"Length":9,"Height":81,"Demand":0,"DemandMax":4,"Value":729},{"Length":7,"Height":85,"Demand":0,"DemandMax":4,"Value":595},{"Length":5,"Height":29,"Demand":0,"DemandMax":4,"Value":145},{"Length":45,"Height":97,"Demand":0,"DemandMax":4,"Value":8730},{"Length":41,"Height":49,"Demand":0,"DemandMax":4,"Value":2009},{"Length":44,"Height":25,"Demand":0,"DemandMax":4,"Value":2200},{"Length":24,"Height":76,"Demand":0,"DemandMax":4,"Value":1824},{"Length":39,"Height":98,"Demand":0,"DemandMax":4,"Value":11466},{"Length":55,"Height":58,"Demand":0,"DemandMax":4,"Value":9570},{"Length":89,"Height":74,"Demand":0,"DemandMax":4,"Value":19758},{"Length":89,"Height":12,"Demand":0,"DemandMax":4,"Value":3204},{"Length":37,"Height":13,"Demand":0,"DemandMax":4,"Value":1443},{"Length":26,"Height":17,"Demand":0,"DemandMax":4,"Value":1326},{"Length":46,"Height":3,"Demand":0,"DemandMax":4,"Value":138},{"Length":45,"Height":77,"Demand":0,"DemandMax":4,"Value":10395},{"Length":21,"Height":92,"Demand":0,"DemandMax":4,"Value":5796},{"Length":87,"Height":20,"Demand":0,"DemandMax":4,"Value":5220},{"Length":40,"Height":7,"Demand":0,"DemandMax":4,"Value":560},{"Length":12,"Height":95,"Demand":0,"DemandMax":4,"Value":3420},{"Length":83,"Height":23,"Demand":0,"DemandMax":4,"Value":3818},{"Length":84,"Height":96,"Demand":0,"DemandMax":4,"Value":16128},{"Length":61,"Height":92,"Demand":0,"DemandMax":4,"Value":16836},{"Length":33,"Height":18,"Demand":0,"DemandMax":4,"Value":594},{"Length":67,"Height":59,"Demand":0,"DemandMax":4,"Value":11859},{"Length":8,"Height":98,"Demand":0,"DemandMax":4,"Value":1568},{"Length":35,"Height":10,"Demand":0,"DemandMax":4,"Value":1050},{"Length":38,"Height":17,"Demand":0,"DemandMax":4,"Value":646},{"Length":84,"Height":14,"Demand":0,"DemandMax":4,"Value":2352},{"Length":74,"Height":80,"Demand":0,"DemandMax":4,"Value":11840},{"Length":47,"Height":17,"Demand":0,"DemandMax":4,"Value":2397},{"Length":19,"Height":36,"Demand":0,"DemandMax":4,"Value":684},{"Length":14,"Height":43,"Demand":0,"DemandMax":4,"Value":602},{"Length":88,"Height":30,"Demand":0,"DemandMax":4,"Value":7920},{"Length":44,"Height":83,"Demand":0,"DemandMax":4,"Value":7304},{"Length":92,"Height":44,"Demand":0,"DemandMax":4,"Value":4048},{"Length":98,"Height":41,"Demand":0,"DemandMax":4,"Value":8036},{"Length":43,"Height":44,"Demand":0,"DemandMax":4,"Value":3784},{"Length":20,"Height":90,"Demand":0,"DemandMax":4,"Value":5400},{"Length":24,"Height":98,"Demand":0,"DemandMax":4,"Value":4704},{"Length":79,"Height":93,"Demand":0,"DemandMax":4,"Value":22041},{"Length":97,"Height":38,"Demand":0,"DemandMax":4,"Value":3686},{"Length":85,"Height":3,"Demand":0,"DemandMax":4,"Value":255},{"Length":24,"Height":2,"Demand":0,"DemandMax":4,"Value":48},{"Length":2,"Height":4,"Demand":0,"DemandMax":4,"Value":8},{"Length":58,"Height":67,"Demand":0,"DemandMax":4,"Value":11658},{"Length":82,"Height":71,"Demand":0,"DemandMax":4,"Value":5822},{"Length":26,"Height":44,"Demand":0,"DemandMax":4,"Value":1144},{"Length":60,"Height":99,"Demand":0,"DemandMax":4,"Value":17820},{"Length":2,"Height":6,"Demand":0,"DemandMax":4,"Value":36},{"Length":24,"Height":35,"Demand":0,"DemandMax":4,"Value":1680},{"Length":77,"Height":71,"Demand":0,"DemandMax":4,"Value":5467},{"Length":6,"Height":81,"Demand":0,"DemandMax":4,"Value":972},{"Length":2,"Height":95,"Demand":0,"DemandMax":4,"Value":380},{"Length":3,"Height":76,"Demand":0,"DemandMax":4,"Value":228},{"Length":87,"Height":42,"Demand":0,"DemandMax":4,"Value":10962},{"Length":72,"Height":68,"Demand":0,"DemandMax":4,"Value":4896},{"Length":50,"Height":99,"Demand":0,"DemandMax":4,"Value":4950},{"Length":67,"Height":51,"Demand":0,"DemandMax":4,"Value":3417},{"Length":38,"Height":40,"Demand":0,"DemandMax":4,"Value":3040},{"Length":47,"Height":43,"Demand":0,"DemandMax":4,"Value":6063},{"Length":96,"Height":63,"Demand":0,"DemandMax":4,"Value":12096},{"Length":26,"Height":17,"Demand":0,"DemandMax":4,"Value":884},{"Length":15,"Height":87,"Demand":0,"DemandMax":4,"Value":1305},{"Length":91,"Height":54,"Demand":0,"DemandMax":4,"Value":14742},{"Length":13,"Height":99,"Demand":0,"DemandMax":4,"Value":2574},{"Length":97,"Height":15,"Demand":0,"DemandMax":8,"Value":4365},{"Length":43,"Height":5,"Demand":0,"DemandMax":4,"Value":215},{"Length":98,"Height":92,"Demand":0,"DemandMax":4,"Value":18032},{"Length":90,"Height":58,"Demand":0,"DemandMax":4,"Value":15660},{"Length":36,"Height":50,"Demand":0,"DemandMax":4,"Value":3600},{"Length":99,"Height":44,"Demand":0,"DemandMax":4,"Value":4356},{"Length":14,"Height":33,"Demand":0,"DemandMax":4,"Value":1386},{"Length":42,"Height":91,"Demand":0,"DemandMax":4,"Value":11466},{"Length":25,"Height":82,"Demand":0,"DemandMax":4,"Value":2050},{"Length":11,"Height":44,"Demand":0,"DemandMax":4,"Value":484},{"Length":3,"Height":8,"Demand":0,"DemandMax":4,"Value":72},{"Length":42,"Height":34,"Demand":0,"DemandMax":4,"Value":4284},{"Length":21,"Height":91,"Demand":0,"DemandMax":4,"Value":5733},{"Length":97,"Height":14,"Demand":0,"DemandMax":4,"Value":1358},{"Length":17,"Height":32,"Demand":0,"DemandMax":4,"Value":1088},{"Length":55,"Height":75,"Demand":0,"DemandMax":4,"Value":4125},{"Length":32,"Height":100,"Demand":0,"DemandMax":4,"Value":6400},{"Length":4,"Height":41,"Demand":0,"DemandMax":4,"Value":164},{"Length":42,"Height":30,"Demand":0,"DemandMax":4,"Value":2520},{"Length":31,"Height":35,"Demand":0,"DemandMax":4,"Value":3255},{"Length":23,"Height":33,"Demand":0,"DemandMax":4,"Value":759},{"Length":5,"Height":25,"Demand":0,"DemandMax":4,"Value":375},{"Length":54,"Height":54,"Demand":0,"DemandMax":4,"Value":2916},{"Length":93,"Height":2,"Demand":0,"DemandMax":4,"Value":186},{"Length":34,"Height":19,"Demand":0,"DemandMax":4,"Value":646},{"Length":87,"Height":57,"Demand":0,"DemandMax":4,"Value":14877},{"Length":32,"Height":7,"Demand":0,"DemandMax":4,"Value":672},{"Length":93,"Height":16,"Demand":0,"DemandMax":4,"Value":4464},{"Length":33,"Height":79,"Demand":0,"DemandMax":4,"Value":2607},{"Length":90,"Height":44,"Demand":0,"DemandMax":4,"Value":3960},{"Length":40,"Height":38,"Demand":0,"DemandMax":4,"Value":1520},{"Length":88,"Height":35,"Demand":0,"DemandMax":4,"Value":9240},{"Length":88,"Height":77,"Demand":0,"DemandMax":4,"Value":20328},{"Length":76,"Height":45,"Demand":0,"DemandMax":4,"Value":10260},{"Length":36,"Height":37,"Demand":0,"DemandMax":4,"Value":3996},{"Length":62,"Height":70,"Demand":0,"DemandMax":4,"Value":4340},{"Length":46,"Height":27,"Demand":0,"DemandMax":4,"Value":2484},{"Length":5,"Height":97,"Demand":0,"DemandMax":4,"Value":970},{"Length":80,"Height":28,"Demand":0,"DemandMax":4,"Value":2240},{"Length":97,"Height":62,"Demand":0,"DemandMax":4,"Value":6014},{"Length":22,"Height":93,"Demand":0,"DemandMax":4,"Value":4092},{"Length":100,"Height":78,"Demand":0,"DemandMax":4,"Value":15600},{"Length":42,"Height":10,"Demand":0,"DemandMax":4,"Value":840},{"Length":26,"Height":10,"Demand":0,"DemandMax":4,"Value":260},{"Length":25,"Height":93,"Demand":0,"DemandMax":4,"Value":4650},{"Length":3,"Height":29,"Demand":0,"DemandMax":4,"Value":87},{"Length":49,"Height":93,"Demand":0,"DemandMax":4,"Value":13671},{"Length":29,"Height":18,"Demand":0,"DemandMax":4,"Value":522},{"Length":83,"Height":25,"Demand":0,"DemandMax":4,"Value":2075},{"Length":97,"Height":27,"Demand":0,"DemandMax":4,"Value":5238},{"Length":17,"Height":3,"Demand":0,"DemandMax":4,"Value":153},{"Length":41,"Height":84,"Demand":0,"DemandMax":4,"Value":10332},{"Length":25,"Height":47,"Demand":0,"DemandMax":4,"Value":3525},{"Length":85,"Height":2,"Demand":0,"DemandMax":4,"Value":170},{"Length":81,"Height":12,"Demand":0,"DemandMax":4,"Value":1944},{"Length":22,"Height":8,"Demand":0,"DemandMax":8,"Value":352},{"Length":66,"Height":64,"Demand":0,"DemandMax":4,"Value":4224},{"Length":93,"Height":27,"Demand":0,"DemandMax":4,"Value":5022},{"Length":50,"Height":76,"Demand":0,"DemandMax":4,"Value":3800},{"Length":20,"Height":92,"Demand":0,"DemandMax":4,"Value":3680},{"Length":57,"Height":54,"Demand":0,"DemandMax":4,"Value":9234},{"Length":34,"Height":7,"Demand":0,"DemandMax":4,"Value":238},{"Length":99,"Height":91,"Demand":0,"DemandMax":4,"Value":18018},{"Length":72,"Height":56,"Demand":0,"DemandMax":4,"Value":12096},{"Length":22,"Height":78,"Demand":0,"DemandMax":4,"Value":5148},{"Length":87,"Height":11,"Demand":0,"DemandMax":4,"Value":1914},{"Length":6,"Height":30,"Demand":0,"DemandMax":4,"Value":180},{"Length":76,"Height":66,"Demand":0,"DemandMax":4,"Value":15048},{"Length":31,"Height":17,"Demand":0,"DemandMax":4,"Value":1581},{"Length":35,"Height":16,"Demand":0,"DemandMax":4,"Value":1680},{"Length":12,"Height":26,"Demand":0,"DemandMax":4,"Value":624},{"Length":94,"Height":28,"Demand":0,"DemandMax":4,"Value":7896},{"Length":16,"Height":81,"Demand":0,"DemandMax":4,"Value":1296},{"Length":44,"Height":83,"Demand":0,"DemandMax":4,"Value":10956},{"Length":85,"Height":80,"Demand":0,"DemandMax":4,"Value":20400},{"Length":96,"Height":12,"Demand":0,"DemandMax":4,"Value":3456},{"Length":38,"Height":28,"Demand":0,"DemandMax":4,"Value":1064},{"Length":84,"Height":3,"Demand":0,"DemandMax":4,"Value":252},{"Length":7,"Height":40,"Demand":0,"DemandMax":4,"Value":560},{"Length":2,"Height":5,"Demand":0,"DemandMax":4,"Value":30},{"Length":37,"Height":83,"Demand":0,"DemandMax":4,"Value":9213},{"Length":18,"Height":100,"Demand":0,"DemandMax":4,"Value":5400},{"Length":13,"Height":37,"Demand":0,"DemandMax":4,"Value":1443},{"Length":37,"Height":24,"Demand":0,"DemandMax":4,"Value":888},{"Length":41,"Height":4,"Demand":0,"DemandMax":4,"Value":492},{"Length":77,"Height":8,"Demand":0,"DemandMax":4,"Value":1232},{"Length":83,"Height":62,"Demand":0,"DemandMax":4,"Value":15438},{"Length":88,"Height":20,"Demand":0,"DemandMax":4,"Value":3520},{"Length":40,"Height":50,"Demand":0,"DemandMax":4,"Value":4000},{"Length":48,"Height":78,"Demand":0,"DemandMax":4,"Value":11232},{"Length":3,"Height":86,"Demand":0,"DemandMax":4,"Value":516},{"Length":49,"Height":9,"Demand":0,"DemandMax":4,"Value":1323},{"Length":37,"Height":41,"Demand":0,"DemandMax":4,"Value":3034},{"Length":97,"Height":49,"Demand":0,"DemandMax":4,"Value":14259},{"Length":98,"Height":35,"Demand":0,"DemandMax":4,"Value":3430},{"Length":82,"Height":7,"Demand":0,"DemandMax":4,"Value":1722},{"Length":20,"Height":10,"Demand":0,"DemandMax":4,"Value":600},{"Length":75,"Height":87,"Demand":0,"DemandMax":4,"Value":13050},{"Length":14,"Height":28,"Demand":0,"DemandMax":4,"Value":392},{"Length":22,"Height":45,"Demand":0,"DemandMax":4,"Value":2970},{"Length":97,"Height":53,"Demand":0,"DemandMax":4,"Value":15423},{"Length":70,"Height":71,"Demand":0,"DemandMax":4,"Value":4970},{"Length":100,"Height":47,"Demand":0,"DemandMax":4,"Value":14100},{"Length":28,"Height":7,"Demand":0,"DemandMax":4,"Value":588},{"Length":39,"Height":20,"Demand":0,"DemandMax":4,"Value":2340},{"Length":60,"Height":73,"Demand":0,"DemandMax":4,"Value":13140},{"Length":34,"Height":25,"Demand":0,"DemandMax":4,"Value":1700},{"Length":63,"Height":95,"Demand":0,"DemandMax":4,"Value":11970},{"Length":34,"Height":21,"Demand":0,"DemandMax":4,"Value":1428},{"Length":97,"Height":2,"Demand":0,"DemandMax":4,"Value":582},{"Length":49,"Height":5,"Demand":0,"DemandMax":4,"Value":245},{"Length":20,"Height":23,"Demand":0,"DemandMax":4,"Value":1380},{"Length":7,"Height":37,"Demand":0,"DemandMax":4,"Value":259},{"Length":15,"Height":91,"Demand":0,"DemandMax":4,"Value":1365},{"Length":80,"Height":31,"Demand":0,"DemandMax":4,"Value":2480},{"Length":61,"Height":64,"Demand":0,"DemandMax":4,"Value":7808},{"Length":71,"Height":81,"Demand":0,"DemandMax":4,"Value":17253},{"Length":20,"Height":81,"Demand":0,"DemandMax":4,"Value":3240},{"Length":35,"Height":6,"Demand":0,"DemandMax":4,"Value":630},{"Length":16,"Height":81,"Demand":0,"DemandMax":4,"Value":3888},{"Length":91,"Height":58,"Demand":0,"DemandMax":4,"Value":10556},{"Length":68,"Height":83,"Demand":0,"DemandMax":4,"Value":11288},{"Length":20,"Height":97,"Demand":0,"DemandMax":4,"Value":3880},{"Length":22,"Height":100,"Demand":0,"DemandMax":4,"Value":6600},{"Length":17,"Height":15,"Demand":0,"DemandMax":4,"Value":510},{"Length":32,"Height":35,"Demand":0,"DemandMax":4,"Value":2240},{"Length":79,"Height":40,"Demand":0,"DemandMax":4,"Value":6320},{"Length":24,"Height":32,"Demand":0,"DemandMax":4,"Value":2304},{"Length":36,"Height":28,"Demand":0,"DemandMax":4,"Value":2016},{"Length":91,"Height":41,"Demand":0,"DemandMax":4,"Value":7462},{"Length":82,"Height":52,"Demand":0,"DemandMax":4,"Value":12792},{"Length":18,"Height":4,"Demand":0,"DemandMax":4,"Value":216},{"Length":96,"Height":90,"Demand":0,"DemandMax":4,"Value":8640},{"Length":76,"Height":35,"Demand":0,"DemandMax":4,"Value":5320},{"Length":81,"Height":96,"Demand":0,"DemandMax":4,"Value":15552},{"Length":3,"Height":46,"Demand":0,"DemandMax":4,"Value":414},{"Length":63,"Height":54,"Demand":0,"DemandMax":4,"Value":10206},{"Length":84,"Height":32,"Demand":0,"DemandMax":4,"Value":5376},{"Length":13,"Height":5,"Demand":0,"DemandMax":4,"Value":130},{"Length":99,"Height":3,"Demand":0,"DemandMax":4,"Value":297},{"Length":6,"Height":41,"Demand":0,"DemandMax":4,"Value":492},{"Length":97,"Height":89,"Demand":0,"DemandMax":4,"Value":17266},{"Length":20,"Height":87,"Demand":0,"DemandMax":4,"Value":5220},{"Length":99,"Height":47,"Demand":0,"DemandMax":4,"Value":4653},{"Length":7,"Height":90,"Demand":0,"DemandMax":4,"Value":1260},{"Length":98,"Height":56,"Demand":0,"DemandMax":4,"Value":10976},{"Length":42,"Height":98,"Demand":0,"DemandMax":4,"Value":8232},{"Length":25,"Height":39,"Demand":0,"DemandMax":4,"Value":975},{"Length":93,"Height":97,"Demand":0,"DemandMax":4,"Value":27063},{"Length":60,"Height":77,"Demand":0,"DemandMax":4,"Value":4620},{"Length":49,"Height":6,"Demand":0,"DemandMax":4,"Value":882},{"Length":84,"Height":89,"Demand":0,"DemandMax":4,"Value":14952},{"Length":46,"Height":50,"Demand":0,"DemandMax":4,"Value":2300},{"Length":89,"Height":30,"Demand":0,"DemandMax":4,"Value":2670},{"Length":17,"Height":19,"Demand":0,"DemandMax":4,"Value":646},{"Length":41,"Height":36,"Demand":0,"DemandMax":4,"Value":2952},{"Length":29,"Height":11,"Demand":0,"DemandMax":4,"Value":957},{"Length":29,"Height":22,"Demand":0,"DemandMax":4,"Value":1276},{"Length":22,"Height":93,"Demand":0,"DemandMax":4,"Value":6138},{"Length":53,"Height":54,"Demand":0,"DemandMax":4,"Value":2862},{"Length":40,"Height":39,"Demand":0,"DemandMax":4,"Value":1560},{"Length":50,"Height":27,"Demand":0,"DemandMax":4,"Value":2700},{"Length":19,"Height":5,"Demand":0,"DemandMax":4,"Value":285},{"Length":32,"Height":82,"Demand":0,"DemandMax":4,"Value":5248},{"Length":38,"Height":99,"Demand":0,"DemandMax":4,"Value":7524},{"Length":32,"Height":87,"Demand":0,"DemandMax":4,"Value":5568},{"Length":79,"Height":8,"Demand":0,"DemandMax":4,"Value":1896},{"Length":34,"Height":32,"Demand":0,"DemandMax":4,"Value":3264},{"Length":14,"Height":89,"Demand":0,"DemandMax":4,"Value":1246},{"Length":8,"Height":98,"Demand":0,"DemandMax":4,"Value":784},{"Length":99,"Height":49,"Demand":0,"DemandMax":4,"Value":9702}]}