{"Name":"ngcutfs1_148","Objects":[{"Length":100,"Height":100,"Stock":null,"Cost":10000}],"Items":[{"Length":14,"Height":21,"Demand":0,"DemandMax":4,"Value":294},{"Length":24,"Height":81,"Demand":0,"DemandMax":4,"Value":5832},{"Length":63,"Height":67,"Demand":0,"DemandMax":4,"Value":8442},{"Length":3,"Height":86,"Demand":0,"DemandMax":4,"Value":258},{"Length":80,"Height":29,"Demand":0,"DemandMax":4,"Value":2320},{"Length":87,"Height":86,"Demand":0,"DemandMax":4,"Value":22446},{"Length":84,"Height":64,"Demand":0,"DemandMax":4,"Value":16128},{"Length":22,"Height":20,"Demand":0,"DemandMax":4,"Value":440},{"Length":19,"Height":100,"Demand":0,"DemandMax":4,"Value":1900},{"Length":48,"Height":96,"Demand":0,"DemandMax":4,"Value":4608},{"Length":83,"Height":20,"Demand":0,"DemandMax":4,"Value":3320},{"Length":43,"Height":35,"Demand":0,"DemandMax":4,"Value":3010},{"Length":37,"Height":85,"Demand":0,"DemandMax":4,"Value":3145},{"Length":77,"Height":46,"Demand":0,"DemandMax":4,"Value":3542},{"Length":49,"Height":32,"Demand":0,"DemandMax":4,"Value":3136},{"Length":38,"Height":81,"Demand":0,"DemandMax":4,"Value":3078},{"Length":83,"Height":14,"Demand":0,"DemandMax":4,"Value":2324},{"Length":45,"Height":25,"Demand":0,"DemandMax":4,"Value":2250},{"Length":13,"Height":25,"Demand":0,"DemandMax":4,"Value":650},{"Length":67,"Height":77,"Demand":0,"DemandMax":4,"Value":5159},{"Length":25,"Height":42,"Demand":0,"DemandMax":4,"Value":3150},{"Length":30,"Height":46,"Demand":0,"DemandMax":4,"Value":1380},{"Length":16,"Height":89,"Demand":0,"DemandMax":4,"Value":2848},{"Length":6,"Height":41,"Demand":0,"DemandMax":4,"Value":738},{"Length":2,"Height":37,"Demand":0,"DemandMax":4,"Value":222},{"Length":25,"Height":89,"Demand":0,"DemandMax":4,"Value":6675},{"Length":33,"Height":40,"Demand":0,"DemandMax":4,"Value":2640},{"Length":50,"Height":15,"Demand":0,"DemandMax":4,"Value":1500},{"Length":20,"Height":2,"Demand":0,"DemandMax":4,"Value":40},{"Length":5,"Height":16,"Demand":0,"DemandMax":4,"Value":160},{"Length":41,"Height":22,"Demand":0,"DemandMax":4,"Value":2706},{"Length":22,"Height":45,"Demand":0,"DemandMax":4,"Value":2970},{"Length":15,"Height":36,"Demand":0,"DemandMax":4,"Value":1080},{"Length":66,"Height":77,"Demand":0,"DemandMax":4,"Value":5082},{"Length":71,"Height":54,"Demand":0,"DemandMax":4,"Value":7668},{"Length":92,"Height":52,"Demand":0,"DemandMax":4,"Value":4784},{"Length":51,"Height":84,"Demand":0,"DemandMax":4,"Value":8568},{"Length":95,"Height":69,"Demand":0,"DemandMax":4,"Value":19665},{"Length":86,"Height":72,"Demand":0,"DemandMax":4,"Value":18576},{"Length":20,"Height":95,"Demand":0,"DemandMax":4,"Value":3800},{"Length":28,"Height":90,"Demand":0,"DemandMax":4,"Value":7560},{"Length":31,"Height":14,"Demand":0,"DemandMax":4,"Value":434},{"Length":33,"Height":34,"Demand":0,"DemandMax":4,"Value":2244},{"Length":100,"Height":10,"Demand":0,"DemandMax":4,"Value":2000},{"Length":52,"Height":67,"Demand":0,"DemandMax":4,"Value":10452},{"Length":94,"Height":16,"Demand":0,"DemandMax":4,"Value":1504},{"Length":33,"Height":32,"Demand":0,"DemandMax":4,"Value":1056},{"Length":49,"Height":98,"Demand":0,"DemandMax":4,"Value":4802},{"Length":97,"Height":74,"Demand":0,"DemandMax":4,"Value":7178},{"Length":79,"Height":27,"Demand":0,"DemandMax":4,"Value":4266},{"Length":75,"Height":81,"Demand":0,"DemandMax":4,"Value":12150},{"Length":46,"Height":48,"Demand":0,"DemandMax":4,"Value":2208},{"Length":37,"Height":31,"Demand":0,"DemandMax":4,"Value":3441},{"Length":96,"Height":14,"Demand":0,"DemandMax":4,"Value":2688},{"Length":22,"Height":23,"Demand":0,"DemandMax":4,"Value":1518},{"Length":49,"Height":36,"Demand":0,"DemandMax":4,"Value":5292},{"Length":36,"Height":20,"Demand":0,"DemandMax":4,"Value":1440},{"Length":93,"Height":25,"Demand":0,"DemandMax":4,"Value":4650},{"Length":16,"Height":84,"Demand":0,"DemandMax":4,"Value":1344},{"Length":15,"Height":98,"Demand":0,"DemandMax":4,"Value":1470},{"Length":19,"Height":31,"Demand":0,"DemandMax":4,"Value":589},{"Length":48,"Height":76,"Demand":0,"DemandMax":4,"Value":10944},{"Length":72,"Height":60,"Demand":0,"DemandMax":4,"Value":12960},{"Length":83,"Height":9,"Demand":0,"DemandMax":4,"Value":2241},{"Length":48,"Height":48,"Demand":0,"DemandMax":4,"Value":4608},{"Length":86,"Height":22,"Demand":0,"DemandMax":4,"Value":1892},{"Length":37,"Height":43,"Demand":0,"DemandMax":4,"Value":1591},{"Length":37,"Height":47,"Demand":0,"DemandMax":4,"Value":5217},{"Length":7,"Height":13,"Demand":0,"DemandMax":4,"Value":91},{"Length":99,"Height":22,"Demand":0,"DemandMax":4,"Value":2178},{"Length":92,"Height":36,"Demand":0,"DemandMax":4,"Value":3312},{"Length":88,"Height":3,"Demand":0,"DemandMax":4,"Value":264},{"Length":16,"Height":99,"Demand":0,"DemandMax":4,"Value":3168},{"Length":41,"Height":93,"Demand":0,"DemandMax":4,"Value":11439},{"Length":44,"Height":12,"Demand":0,"DemandMax":4,"Value":1584},{"Length":24,"Height":30,"Demand":0,"DemandMax":4,"Value":2160},{"Length":20,"Height":28,"Demand":0,"DemandMax":4,"Value":1120},{"Length":23,"Height":97,"Demand":0,"DemandMax":4,"Value":6693},{"Length":97,"Height":70,"Demand":0,"DemandMax":4,"Value":6790},{"Length":84,"Height":60,"Demand":0,"DemandMax":4,"Value":15120},{"Length":94,"Height":28,"Demand":0,"DemandMax":4,"Value":5264},{"Length":48,"Height":15,"Demand":0,"DemandMax":4,"Value":720},{"Length":40,"Height":35,"Demand":0,"DemandMax":4,"Value":4200},{"Length":20,"Height":26,"Demand":0,"DemandMax":4,"Value":1040},{"Length":46,"Height":2,"Demand":0,"DemandMax":4,"Value":92},{"Length":88,"Height":6,"Demand":0,"DemandMax":4,"Value":1056},{"Length":32,"Height":18,"Demand":0,"DemandMax":4,"Value":1728},{"Length":29,"Height":88,"Demand":0,"DemandMax":4,"Value":5104},{"Length":18,"Height":2,"Demand":0,"DemandMax":4,"Value":72},{"Length":7,"Height":5,"Demand":0,"DemandMax":4,"Value":70},{"Length":92,"Height":18,"Demand":0,"DemandMax":4,"Value":4968},{"Length":40,"Height":10,"Demand":0,"DemandMax":4,"Value":800},{"Length":97,"Height":23,"Demand":0,"DemandMax":4,"Value":2231},{"Length":5,"Height":36,"Demand":0,"DemandMax":4,"Value":180},{"Length":98,"Height":4,"Demand":0,"DemandMax":4,"Value":784},{"Length":85,"Height":7,"Demand":0,"DemandMax":4,"Value":1190},{"Length":90,"Height":7,"Demand":0,"DemandMax":4,"Value":1890},{"Length":39,"Height":10,"Demand":0,"DemandMax":4,"Value":390},{"Length":13,"Height":23,"Demand":0,"DemandMax":4,"Value":598},{"Length":89,"Height":58,"Demand":0,"DemandMax":4,"Value":15486},{"Length":80,"Height":40,"Demand":0,"DemandMax":4,"Value":3200},{"Length":39,"Height":30,"Demand":0,"DemandMax":4,"Value":2340},{"Length":24,"Height":88,"Demand":0,"DemandMax":4,"Value":2112},{"Length":3,"Height":3,"Demand":0,"DemandMax":4,"Value":27},{"Length":92,"Height":50,"Demand":0,"DemandMax":4,"Value":9200},{"Length":79,"Height":68,"Demand":0,"DemandMax":4,"Value":5372},{"Length":10,"Height":47,"Demand":0,"DemandMax":4,"Value":1410},{"Length":33,"Height":78,"Demand":0,"DemandMax":4,"Value":2574},{"Length":82,"Height":62,"Demand":0,"DemandMax":4,"Value":5084},{"Length":26,"Height":16,"Demand":0,"DemandMax":4,"Value":416},{"Length":39,"Height":100,"Demand":0,"DemandMax":4,"Value":7800},{"Length":47,"Height":10,"Demand":0,"DemandMax":4,"Value":470},{"Length":6,"Height":44,"Demand":0,"DemandMax":4,"Value":792},{"Length":5,"Height":11,"Demand":0,"DemandMax":4,"Value":110},{"Length":40,"Height":79,"Demand":0,"DemandMax":4,"Value":3160},{"Length":98,"Height":47,"Demand":0,"DemandMax":4,"Value":13818},{"Length":16,"Height":6,"Demand":0,"DemandMax":4,"Value":288},{"Length":51,"Height":86,"Demand":0,"DemandMax":4,"Value":13158},{"Length":42,"Height":18,"Demand":0,"DemandMax":4,"Value":2268},{"Length":47,"Height":85,"Demand":0,"DemandMax":4,"Value":11985},{"Length":44,"Height":27,"Demand":0,"DemandMax":4,"Value":1188},{"Length":84,"Height":41,"Demand":0,"DemandMax":4,"Value":10332},{"Length":22,"Height":14,"Demand":0,"DemandMax":4,"Value":308},{"Length":80,"Height":92,"Demand":0,"DemandMax":4,"Value":7360},{"Length":47,"Height":93,"Demand":0,"DemandMax":4,"Value":8742},{"Length":39,"Height":80,"Demand":0,"DemandMax":4,"Value":3120},{"Length":90,"Height":4,"Demand":0,"DemandMax":4,"Value":360},{"Length":88,"Height":5,"Demand":0,"DemandMax":4,"Value":440},{"Length":6,"Height":43,"Demand":0,"DemandMax":8,"Value":258},{"Length":35,"Height":13,"Demand":0,"DemandMax":4,"Value":1365},{"Length":31,"Height":94,"Demand":0,"DemandMax":4,"Value":5828},{"Length":97,"Height":65,"Demand":0,"DemandMax":4,"Value":12610},{"Length":33,"Height":25,"Demand":0,"DemandMax":4,"Value":2475},{"Length":59,"Height":56,"Demand":0,"DemandMax":4,"Value":3304},{"Length":2,"Height":16,"Demand":0,"DemandMax":4,"Value":96},{"Length":100,"Height":26,"Demand":0,"DemandMax":4,"Value":2600},{"Length":38,"Height":32,"Demand":0,"DemandMax":4,"Value":1216},{"Length":26,"Height":20,"Demand":0,"DemandMax":4,"Value":1040},{"Length":22,"Height":44,"Demand":0,"DemandMax":4,"Value":968},{"Length":23,"Height":98,"Demand":0,"DemandMax":4,"Value":4508},{"Length":63,"Height":64,"Demand":0,"DemandMax":4,"Value":8064},{"Length":2,"Height":46,"Demand":0,"DemandMax":4,"Value":92},{"Length":12,"Height":13,"Demand":0,"DemandMax":4,"Value":468},{"Length":20,"Height":7,"Demand":0,"DemandMax":4,"Value":140},{"Length":63,"Height":52,"Demand":0,"DemandMax":4,"Value":6552},{"Length":26,"Height":7,"Demand":0,"DemandMax":4,"Value":546},{"Length":71,"Height":51,"Demand":0,"DemandMax":4,"Value":7242},{"Length":89,"Height":27,"Demand":0,"DemandMax":4,"Value":7209},{"Length":95,"Height":85,"Demand":0,"DemandMax":4,"Value":8075},{"Length":15,"Height":2,"Demand":0,"DemandMax":4,"Value":60},{"Length":12,"Height":86,"Demand":0,"DemandMax":4,"Value":1032},{"Length":15,"Height":13,"Demand":0,"DemandMax":4,"Value":390},{"Length":100,"Height":24,"Demand":0,"DemandMax":4,"Value":7200},{"Length":6,"Height":15,"Demand":0,"DemandMax":4,"Value":90},{"Length":17,"Height":7,"Demand":0,"DemandMax":4,"Value":119},{"Length":38,"Height":35,"Demand":0,"DemandMax":4,"Value":2660},{"Length":57,"Height":100,"Demand":0,"DemandMax":4,"Value":5700},{"Length":99,"Height":5,"Demand":0,"DemandMax":4,"Value":990},{"Length":46,"Height":11,"Demand":0,"DemandMax":4,"Value":1012},{"Length":96,"Height":6,"Demand":0,"DemandMax":4,"Value":1152},{"Length":44,"Height":17,"Demand":0,"DemandMax":4,"Value":1496},{"Length":43,"Height":100,"Demand":0,"DemandMax":4,"Value":8600},{"Length":66,"Height":98,"Demand":0,"DemandMax":4,"Value":19404},{"Length":29,"Height":100,"Demand":0,"DemandMax":4,"Value":2900},{"Length":48,"Height":40,"Demand":0,"DemandMax":4,"Value":3840},{"Length":41,"Height":84,"Demand":0,"DemandMax":4,"Value":3444},{"Length":11,"Height":7,"Demand":0,"DemandMax":4,"Value":231},{"Length":43,"Height":15,"Demand":0,"DemandMax":4,"Value":1290},{"Length":89,"Height":58,"Demand":0,"DemandMax":4,"Value":5162},{"Length":42,"Height":46,"Demand":0,"DemandMax":4,"Value":3864},{"Length":25,"Height":17,"Demand":0,"DemandMax":4,"Value":1275},{"Length":93,"Height":87,"Demand":0,"DemandMax":4,"Value":16182},{"Length":32,"Height":22,"Demand":0,"DemandMax":4,"Value":1408},{"Length":82,"Height":54,"Demand":0,"DemandMax":4,"Value":13284},{"Length":4,"Height":24,"Demand":0,"DemandMax":4,"Value":96},{"Length":43,"Height":6,"Demand":0,"DemandMax":4,"Value":258},{"Length":41,"Height":32,"Demand":0,"DemandMax":4,"Value":2624},{"Length":44,"Height":17,"Demand":0,"DemandMax":4,"Value":2244},{"Length":68,"Height":95,"Demand":0,"DemandMax":4,"Value":6460},{"Length":84,"Height":62,"Demand":0,"DemandMax":4,"Value":15624},{"Length":7,"Height":84,"Demand":0,"DemandMax":4,"Value":1764},{"Length":90,"Height":45,"Demand":0,"DemandMax":4,"Value":4050},{"Length":86,"Height":63,"Demand":0,"DemandMax":4,"Value":5418},{"Length":46,"Height":25,"Demand":0,"DemandMax":4,"Value":2300},{"Length":17,"Height":15,"Demand":0,"DemandMax":4,"Value":765},{"Length":28,"Height":92,"Demand":0,"DemandMax":4,"Value":5152},{"Length":47,"Height":95,"Demand":0,"DemandMax":4,"Value":4465},{"Length":84,"Height":36,"Demand":0,"DemandMax":4,"Value":6048},{"Length":12,"Height":31,"Demand":0,"DemandMax":4,"Value":372},{"Length":29,"Height":98,"Demand":0,"DemandMax":4,"Value":2842},{"Length":94,"Height":33,"Demand":0,"DemandMax":4,"Value":3102},{"Length":16,"Height":37,"Demand":0,"DemandMax":4,"Value":592},{"Length":9,"Height":38,"Demand":0,"DemandMax":4,"Value":342},{"Length":48,"Height":82,"Demand":0,"DemandMax":4,"Value":3936},{"Length":48,"Height":44,"Demand":0,"DemandMax":4,"Value":2112},{"Length":35,"Height":18,"Demand":0,"DemandMax":4,"Value":630},{"Length":3,"Height":47,"Demand":0,"DemandMax":4,"Value":423},{"Length":97,"Height":4,"Demand":0,"DemandMax":4,"Value":388},{"Length":76,"Height":26,"Demand":0,"DemandMax":4,"Value":5928},{"Length":16,"Height":31,"Demand":0,"DemandMax":4,"Value":1488},{"Length":57,"Height":76,"Demand":0,"DemandMax":4,"Value":4332},{"Length":69,"Height":88,"Demand":0,"DemandMax":4,"Value":6072},{"Length":69,"Height":76,"Demand":0,"DemandMax":4,"Value":15732},{"Length":22,"Height":3,"Demand":0,"DemandMax":4,"Value":198},{"Length":54,"Height":88,"Demand":0,"DemandMax":4,"Value":9504},{"Length":50,"Height":11,"Demand":0,"DemandMax":4,"Value":1650},{"Length":81,"Height":9,"Demand":0,"DemandMax":4,"Value":2187},{"Length":52,"Height":75,"Demand":0,"DemandMax":4,"Value":3900},{"Length":44,"Height":13,"Demand":0,"DemandMax":4,"Value":1144},{"Length":9,"Height":41,"Demand":0,"DemandMax":4,"Value":369},{"Length":20,"Height":82,"Demand":0,"DemandMax":4,"Value":3280},{"Length":84,"Height":11,"Demand":0,"DemandMax":4,"Value":1848},{"Length":98,"Height":9,"Demand":0,"DemandMax":4,"Value":1764},{"Length":20,"Height":98,"Demand":0,"DemandMax":4,"Value":5880},{"Length":24,"Height":14,"Demand":0,"DemandMax":4,"Value":1008},{"Length":94,"Height":78,"Demand":0,"DemandMax":4,"Value":14664},{"Length":84,"Height":15,"Demand":0,"DemandMax":4,"Value":3780},{"Length":80,"Height":30,"Demand":0,"DemandMax":4,"Value":2400},{"Length":37,"Height":33,"Demand":0,"DemandMax":4,"Value":2442},{"Length":28,"Height":20,"Demand":0,"DemandMax":4,"Value":1680},{"Length":21,"Height":91,"Demand":0,"DemandMax":4,"Value":3822},{"Length":28,"Height":5,"Demand":0,"DemandMax":4,"Value":420},{"Length":8,"Height":20,"Demand":0,"DemandMax":4,"Value":480},{"Length":8,"Height":48,"Demand":0,"DemandMax":4,"Value":1152},{"Length":23,"Height":47,"Demand":0,"DemandMax":4,"Value":2162},{"Length":18,"Height":44,"Demand":0,"DemandMax":4,"Value":1584},{"Length":46,"Height":37,"Demand":0,"DemandMax":4,"Value":5106},{"Length":4,"Height":18,"Demand":0,"DemandMax":4,"Value":144},{"Length":49,"Height":3,"Demand":0,"DemandMax":4,"Value":441},{"Length":78,"Height":100,"Demand":0,"DemandMax":4,"Value":15600},{"Length":9,"Height":98,"Demand":0,"DemandMax":4,"Value":1764},{"Length":91,"Height":22,"Demand":0,"DemandMax":4,"Value":6006},{"Length":92,"Height":16,"Demand":0,"DemandMax":4,"Value":1472},{"Length":96,"Height":8,"Demand":0,"DemandMax":4,"Value":2304},{"Length":19,"Height":11,"Demand":0,"DemandMax":4,"Value":209},{"Length":22,"Height":24,"Demand":0,"DemandMax":4,"Value":1584},{"Length":97,"Height":15,"Demand":0,"DemandMax":4,"Value":4365},{"Length":81,"Height":19,"Demand":0,"DemandMax":4,"Value":4617},{"Length":30,"Height":14,"Demand":0,"DemandMax":4,"Value":840},{"Length":34,"Height":17,"Demand":0,"DemandMax":4,"Value":1156},{"Length":31,"Height":19,"Demand":0,"DemandMax":4,"Value":1767},{"Length":17,"Height":87,"Demand":0,"DemandMax":4,"Value":2958},{"Length":100,"Height":17,"Demand":0,"DemandMax":4,"Value":5100},{"Length":60,"Height":80,"Demand":0,"DemandMax":4,"Value":14400},{"Length":48,"Height":6,"Demand":0,"DemandMax":4,"Value":864},{"Length":63,"Height":55,"Demand":0,"DemandMax":4,"Value":6930},{"Length":9,"Height":91,"Demand":0,"DemandMax":4,"Value":2457},{"Length":27,"Height":33,"Demand":0,"DemandMax":4,"Value":2673},{"Length":43,"Height":77,"Demand":0,"DemandMax":4,"Value":3311}]}