{"Name":"ngcutfs2_40","Objects":[{"Length":100,"Height":100,"Stock":null,"Cost":10000}],"Items":[{"Length":19,"Height":24,"Demand":0,"DemandMax":1,"Value":456},{"Length":32,"Height":83,"Demand":0,"DemandMax":1,"Value":7968},{"Length":81,"Height":64,"Demand":0,"DemandMax":1,"Value":5184},{"Length":28,"Height":2,"Demand":0,"DemandMax":1,"Value":168},{"Length":28,"Height":29,"Demand":0,"DemandMax":1,"Value":1624},{"Length":15,"Height":4,"Demand":0,"DemandMax":1,"Value":120},{"Length":23,"Height":77,"Demand":0,"DemandMax":1,"Value":3542},{"Length":99,"Height":39,"Demand":0,"DemandMax":1,"Value":7722},{"Length":41,"Height":42,"Demand":0,"DemandMax":1,"Value":5166},{"Length":2,"Height":30,"Demand":0,"DemandMax":1,"Value":180},{"Length":85,"Height":21,"Demand":0,"DemandMax":1,"Value":1785},{"Length":7,"Height":34,"Demand":0,"DemandMax":1,"Value":476},{"Length":26,"Height":86,"Demand":0,"DemandMax":1,"Value":4472},{"Length":99,"Height":70,"Demand":0,"DemandMax":1,"Value":20790},{"Length":30,"Height":28,"Demand":0,"DemandMax":1,"Value":2520},{"Length":16,"Height":46,"Demand":0,"DemandMax":1,"Value":2208},{"Length":84,"Height":90,"Demand":0,"DemandMax":1,"Value":15120},{"Length":30,"Height":41,"Demand":0,"DemandMax":1,"Value":1230},{"Length":95,"Height":61,"Demand":0,"DemandMax":1,"Value":17385},{"Length":84,"Height":89,"Demand":0,"DemandMax":1,"Value":14952},{"Length":87,"Height":22,"Demand":0,"DemandMax":1,"Value":1914},{"Length":80,"Height":13,"Demand":0,"DemandMax":1,"Value":2080},{"Length":29,"Height":46,"Demand":0,"DemandMax":1,"Value":1334},{"Length":12,"Height":40,"Demand":0,"DemandMax":1,"Value":960},{"Length":39,"Height":22,"Demand":0,"DemandMax":1,"Value":2574},{"Length":38,"Height":7,"Demand":0,"DemandMax":1,"Value":266},{"Length":76,"Height":32,"Demand":0,"DemandMax":1,"Value":7296},{"Length":2,"Height":7,"Demand":0,"DemandMax":1,"Value":42},{"Length":27,"Height":79,"Demand":0,"DemandMax":1,"Value":4266},{"Length":4,"Height":98,"Demand":0,"DemandMax":1,"Value":392},{"Length":47,"Height":19,"Demand":0,"DemandMax":1,"Value":893},{"Length":19,"Height":85,"Demand":0,"DemandMax":1,"Value":3230},{"Length":38,"Height":19,"Demand":0,"DemandMax":1,"Value":722},{"Length":9,"Height":43,"Demand":0,"DemandMax":1,"Value":387},{"Length":13,"Height":50,"Demand":0,"DemandMax":1,"Value":1300},{"Length":12,"Height":33,"Demand":0,"DemandMax":1,"Value":792},{"Length":44,"Height":44,"Demand":0,"DemandMax":1,"Value":5808},{"Length":33,"Height":29,"Demand":0,"DemandMax":1,"Value":957},{"Length":46,"Height":6,"Demand":0,"DemandMax":1,"Value":828},{"Length":28,"Height":12,"Demand":0,"DemandMax":1,"Value":672},{"Length":31,"Height":86,"Demand":0,"DemandMax":1,"Value":5332},{"Length":5,"Height":49,"Demand":0,"DemandMax":1,"Value":245},{"Length":91,"Height":78,"Demand":0,"DemandMax":1,"Value":14196},{"Length":38,"Height":99,"Demand":0,"DemandMax":1,"Value":3762},{"Length":30,"Height":36,"Demand":0,"DemandMax":1,"Value":2160},{"Length":47,"Height":22,"Demand":0,"DemandMax":1,"Value":2068},{"Length":79,"Height":52,"Demand":0,"DemandMax":1,"Value":8216},{"Length":5,"Height":40,"Demand":0,"DemandMax":1,"Value":400},{"Length":14,"Height":32,"Demand":0,"DemandMax":1,"Value":448},{"Length":13,"Height":85,"Demand":0,"DemandMax":1,"Value":3315}]}