{"Name":"ngcutfs2_96","Objects":[{"Length":100,"Height":100,"Stock":null,"Cost":10000}],"Items":[{"Length":20,"Height":15,"Demand":0,"DemandMax":1,"Value":300},{"Length":35,"Height":19,"Demand":0,"DemandMax":1,"Value":1995},{"Length":82,"Height":71,"Demand":0,"DemandMax":1,"Value":17466},{"Length":99,"Height":67,"Demand":0,"DemandMax":1,"Value":13266},{"Length":20,"Height":77,"Demand":0,"DemandMax":1,"Value":3080},{"Length":5,"Height":31,"Demand":0,"DemandMax":1,"Value":155},{"Length":79,"Height":2,"Demand":0,"DemandMax":1,"Value":474},{"Length":19,"Height":41,"Demand":0,"DemandMax":1,"Value":2337},{"Length":70,"Height":70,"Demand":0,"DemandMax":1,"Value":4900},{"Length":66,"Height":95,"Demand":0,"DemandMax":1,"Value":12540},{"Length":36,"Height":9,"Demand":0,"DemandMax":1,"Value":648},{"Length":62,"Height":84,"Demand":0,"DemandMax":1,"Value":5208},{"Length":93,"Height":22,"Demand":0,"DemandMax":1,"Value":2046},{"Length":99,"Height":15,"Demand":0,"DemandMax":1,"Value":2970},{"Length":23,"Height":36,"Demand":0,"DemandMax":1,"Value":1656},{"Length":90,"Height":38,"Demand":0,"DemandMax":1,"Value":10260},{"Length":12,"Height":23,"Demand":0,"DemandMax":1,"Value":552},{"Length":28,"Height":96,"Demand":0,"DemandMax":1,"Value":8064},{"Length":17,"Height":7,"Demand":0,"DemandMax":1,"Value":357},{"Length":55,"Height":55,"Demand":0,"DemandMax":1,"Value":3025},{"Length":56,"Height":64,"Demand":0,"DemandMax":1,"Value":10752},{"Length":38,"Height":6,"Demand":0,"DemandMax":1,"Value":456},{"Length":19,"Height":50,"Demand":0,"DemandMax":1,"Value":1900},{"Length":54,"Height":87,"Demand":0,"DemandMax":1,"Value":9396},{"Length":29,"Height":27,"Demand":0,"DemandMax":1,"Value":1566},{"Length":21,"Height":47,"Demand":0,"DemandMax":1,"Value":1974},{"Length":41,"Height":49,"Demand":0,"DemandMax":1,"Value":4018},{"Length":25,"Height":20,"Demand":0,"DemandMax":1,"Value":1500},{"Length":3,"Height":85,"Demand":0,"DemandMax":1,"Value":765},{"Length":4,"Height":49,"Demand":0,"DemandMax":1,"Value":588},{"Length":2,"Height":78,"Demand":0,"DemandMax":1,"Value":156},{"Length":21,"Height":80,"Demand":0,"DemandMax":1,"Value":3360},{"Length":44,"Height":18,"Demand":0,"DemandMax":1,"Value":2376},{"Length":39,"Height":96,"Demand":0,"DemandMax":1,"Value":11232},{"Length":19,"Height":48,"Demand":0,"DemandMax":1,"Value":912},{"Length":86,"Height":36,"Demand":0,"DemandMax":1,"Value":9288},{"Length":88,"Height":24,"Demand":0,"DemandMax":1,"Value":4224},{"Length":7,"Height":16,"Demand":0,"DemandMax":1,"Value":224},{"Length":46,"Height":45,"Demand":0,"DemandMax":1,"Value":2070},{"Length":37,"Height":2,"Demand":0,"DemandMax":1,"Value":74},{"Length":90,"Height":47,"Demand":0,"DemandMax":1,"Value":12690},{"Length":33,"Height":83,"Demand":0,"DemandMax":1,"Value":5478},{"Length":27,"Height":24,"Demand":0,"DemandMax":1,"Value":1296},{"Length":11,"Height":28,"Demand":0,"DemandMax":1,"Value":924},{"Length":17,"Height":39,"Demand":0,"DemandMax":1,"Value":1326},{"Length":49,"Height":86,"Demand":0,"DemandMax":1,"Value":8428},{"Length":26,"Height":10,"Demand":0,"DemandMax":1,"Value":260},{"Length":2,"Height":93,"Demand":0,"DemandMax":1,"Value":558},{"Length":6,"Height":94,"Demand":0,"DemandMax":1,"Value":1128},{"Length":95,"Height":24,"Demand":0,"DemandMax":1,"Value":6840},{"Length":19,"Height":48,"Demand":0,"DemandMax":1,"Value":1824},{"Length":93,"Height":16,"Demand":0,"DemandMax":1,"Value":2976},{"Length":15,"Height":43,"Demand":0,"DemandMax":1,"Value":645},{"Length":33,"Height":20,"Demand":0,"DemandMax":1,"Value":1320},{"Length":98,"Height":15,"Demand":0,"DemandMax":1,"Value":1470},{"Length":37,"Height":5,"Demand":0,"DemandMax":1,"Value":555},{"Length":88,"Height":26,"Demand":0,"DemandMax":1,"Value":6864},{"Length":24,"Height":42,"Demand":0,"DemandMax":1,"Value":1008},{"Length":31,"Height":40,"Demand":0,"DemandMax":1,"Value":1240},{"Length":36,"Height":14,"Demand":0,"DemandMax":1,"Value":1008},{"Length":54,"Height":52,"Demand":0,"DemandMax":1,"Value":5616},{"Length":13,"Height":32,"Demand":0,"DemandMax":1,"Value":832},{"Length":50,"Height":43,"Demand":0,"DemandMax":1,"Value":4300},{"Length":9,"Height":97,"Demand":0,"DemandMax":1,"Value":2619},{"Length":23,"Height":45,"Demand":0,"DemandMax":1,"Value":2070},{"Length":45,"Height":35,"Demand":0,"DemandMax":1,"Value":4725},{"Length":3,"Height":3,"Demand":0,"DemandMax":1,"Value":27},{"Length":6,"Height":27,"Demand":0,"DemandMax":1,"Value":486},{"Length":11,"Height":50,"Demand":0,"DemandMax":1,"Value":1100},{"Length":38,"Height":81,"Demand":0,"DemandMax":1,"Value":6156},{"Length":82,"Height":69,"Demand":0,"DemandMax":1,"Value":11316},{"Length":7,"Height":19,"Demand":0,"DemandMax":1,"Value":133},{"Length":87,"Height":57,"Demand":0,"DemandMax":1,"Value":9918},{"Length":92,"Height":81,"Demand":0,"DemandMax":1,"Value":14904},{"Length":4,"Height":5,"Demand":0,"DemandMax":1,"Value":60},{"Length":49,"Height":8,"Demand":0,"DemandMax":1,"Value":784},{"Length":32,"Height":34,"Demand":0,"DemandMax":1,"Value":3264},{"Length":90,"Height":55,"Demand":0,"DemandMax":1,"Value":14850},{"Length":20,"Height":22,"Demand":0,"DemandMax":1,"Value":1320},{"Length":50,"Height":83,"Demand":0,"DemandMax":1,"Value":4150},{"Length":10,"Height":43,"Demand":0,"DemandMax":1,"Value":1290},{"Length":42,"Height":32,"Demand":0,"DemandMax":1,"Value":2688},{"Length":39,"Height":38,"Demand":0,"DemandMax":1,"Value":1482},{"Length":12,"Height":4,"Demand":0,"DemandMax":1,"Value":144},{"Length":76,"Height":23,"Demand":0,"DemandMax":1,"Value":1748},{"Length":6,"Height":82,"Demand":0,"DemandMax":1,"Value":984},{"Length":38,"Height":42,"Demand":0,"DemandMax":1,"Value":3192},{"Length":7,"Height":98,"Demand":0,"DemandMax":1,"Value":1372},{"Length":97,"Height":79,"Demand":0,"DemandMax":1,"Value":22989},{"Length":83,"Height":74,"Demand":0,"DemandMax":1,"Value":6142},{"Length":21,"Height":35,"Demand":0,"DemandMax":1,"Value":2205},{"Length":69,"Height":63,"Demand":0,"DemandMax":1,"Value":4347},{"Length":34,"Height":24,"Demand":0,"DemandMax":1,"Value":816},{"Length":41,"Height":34,"Demand":0,"DemandMax":1,"Value":2788},{"Length":13,"Height":38,"Demand":0,"DemandMax":1,"Value":1482},{"Length":20,"Height":31,"Demand":0,"DemandMax":1,"Value":1240},{"Length":89,"Height":50,"Demand":0,"DemandMax":1,"Value":13350},{"Length":29,"Height":47,"Demand":0,"DemandMax":1,"Value":1363},{"Length":16,"Height":27,"Demand":0,"DemandMax":1,"Value":1296},{"Length":20,"Height":14,"Demand":0,"DemandMax":1,"Value":560},{"Length":65,"Height":51,"Demand":0,"DemandMax":1,"Value":9945},{"Length":29,"Height":35,"Demand":0,"DemandMax":1,"Value":3045},{"Length":10,"Height":96,"Demand":0,"DemandMax":1,"Value":1920},{"Length":91,"Height":3,"Demand":0,"DemandMax":1,"Value":819},{"Length":6,"Height":28,"Demand":0,"DemandMax":1,"Value":336},{"Length":27,"Height":7,"Demand":0,"DemandMax":1,"Value":189},{"Length":89,"Height":47,"Demand":0,"DemandMax":1,"Value":12549},{"Length":76,"Height":94,"Demand":0,"DemandMax":1,"Value":21432},{"Length":60,"Height":54,"Demand":0,"DemandMax":1,"Value":6480},{"Length":10,"Height":28,"Demand":0,"DemandMax":1,"Value":840},{"Length":18,"Height":28,"Demand":0,"DemandMax":1,"Value":1512},{"Length":53,"Height":96,"Demand":0,"DemandMax":1,"Value":10176},{"Length":22,"Height":45,"Demand":0,"DemandMax":1,"Value":1980},{"Length":6,"Height":18,"Demand":0,"DemandMax":1,"Value":216},{"Length":27,"Height":49,"Demand":0,"DemandMax":1,"Value":1323},{"Length":17,"Height":9,"Demand":0,"DemandMax":1,"Value":306},{"Length":36,"Height":31,"Demand":0,"DemandMax":1,"Value":3348},{"Length":23,"Height":90,"Demand":0,"DemandMax":1,"Value":4140},{"Length":23,"Height":28,"Demand":0,"DemandMax":1,"Value":644},{"Length":7,"Height":31,"Demand":0,"DemandMax":1,"Value":217},{"Length":5,"Height":48,"Demand":0,"DemandMax":1,"Value":240},{"Length":25,"Height":33,"Demand":0,"DemandMax":1,"Value":1650},{"Length":37,"Height":42,"Demand":0,"DemandMax":1,"Value":3108},{"Length":2,"Height":42,"Demand":0,"DemandMax":1,"Value":84},{"Length":33,"Height":15,"Demand":0,"DemandMax":1,"Value":990},{"Length":32,"Height":79,"Demand":0,"DemandMax":1,"Value":5056},{"Length":17,"Height":45,"Demand":0,"DemandMax":1,"Value":765},{"Length":93,"Height":23,"Demand":0,"DemandMax":1,"Value":6417},{"Length":80,"Height":58,"Demand":0,"DemandMax":1,"Value":9280},{"Length":47,"Height":15,"Demand":0,"DemandMax":1,"Value":2115},{"Length":29,"Height":26,"Demand":0,"DemandMax":1,"Value":1508},{"Length":3,"Height":31,"Demand":0,"DemandMax":1,"Value":93},{"Length":77,"Height":19,"Demand":0,"DemandMax":1,"Value":2926},{"Length":31,"Height":80,"Demand":0,"DemandMax":1,"Value":2480},{"Length":28,"Height":33,"Demand":0,"DemandMax":1,"Value":1848},{"Length":79,"Height":66,"Demand":0,"DemandMax":1,"Value":10428},{"Length":42,"Height":8,"Demand":0,"DemandMax":1,"Value":336},{"Length":48,"Height":38,"Demand":0,"DemandMax":1,"Value":3648},{"Length":71,"Height":66,"Demand":0,"DemandMax":1,"Value":4686},{"Length":13,"Height":21,"Demand":0,"DemandMax":1,"Value":819},{"Length":48,"Height":84,"Demand":0,"DemandMax":1,"Value":8064},{"Length":17,"Height":23,"Demand":0,"DemandMax":1,"Value":391},{"Length":14,"Height":15,"Demand":0,"DemandMax":1,"Value":630},{"Length":35,"Height":95,"Demand":0,"DemandMax":1,"Value":9975},{"Length":40,"Height":76,"Demand":0,"DemandMax":1,"Value":3040},{"Length":4,"Height":14,"Demand":0,"DemandMax":1,"Value":112},{"Length":56,"Height":62,"Demand":0,"DemandMax":1,"Value":3472},{"Length":50,"Height":48,"Demand":0,"DemandMax":1,"Value":7200},{"Length":13,"Height":39,"Demand":0,"DemandMax":1,"Value":1521},{"Length":26,"Height":11,"Demand":0,"DemandMax":1,"Value":572}]}