{"Name":"ngcutfs3_20","Objects":[{"Length":100,"Height":100,"Stock":null,"Cost":10000}],"Items":[{"Length":51,"Height":97,"Demand":0,"DemandMax":3,"Value":9894},{"Length":15,"Height":4,"Demand":0,"DemandMax":3,"Value":180},{"Length":42,"Height":11,"Demand":0,"DemandMax":3,"Value":924},{"Length":85,"Height":37,"Demand":0,"DemandMax":3,"Value":6290},{"Length":9,"Height":42,"Demand":0,"DemandMax":3,"Value":756},{"Length":99,"Height":60,"Demand":0,"DemandMax":3,"Value":5940},{"Length":32,"Height":48,"Demand":0,"DemandMax":3,"Value":1536},{"Length":30,"Height":25,"Demand":0,"DemandMax":3,"Value":2250},{"Length":81,"Height":6,"Demand":0,"DemandMax":3,"Value":972},{"Length":26,"Height":25,"Demand":0,"DemandMax":3,"Value":1300},{"Length":24,"Height":30,"Demand":0,"DemandMax":3,"Value":720},{"Length":92,"Height":84,"Demand":0,"DemandMax":3,"Value":15456},{"Length":43,"Height":94,"Demand":0,"DemandMax":3,"Value":12126},{"Length":81,"Height":3,"Demand":0,"DemandMax":3,"Value":243},{"Length":76,"Height":94,"Demand":0,"DemandMax":3,"Value":7144},{"Length":92,"Height":9,"Demand":0,"DemandMax":3,"Value":1656},{"Length":45,"Height":86,"Demand":0,"DemandMax":3,"Value":7740},{"Length":14,"Height":96,"Demand":0,"DemandMax":3,"Value":1344},{"Length":54,"Height":70,"Demand":0,"DemandMax":3,"Value":11340},{"Length":97,"Height":42,"Demand":0,"DemandMax":3,"Value":4074},{"Length":46,"Height":27,"Demand":0,"DemandMax":3,"Value":3726},{"Length":6,"Height":42,"Demand":0,"DemandMax":3,"Value":756},{"Length":38,"Height":28,"Demand":0,"DemandMax":3,"Value":3192},{"Length":91,"Height":77,"Demand":0,"DemandMax":3,"Value":21021},{"Length":12,"Height":10,"Demand":0,"DemandMax":3,"Value":120},{"Length":5,"Height":4,"Demand":0,"DemandMax":3,"Value":60},{"Length":45,"Height":38,"Demand":0,"DemandMax":3,"Value":5130},{"Length":91,"Height":28,"Demand":0,"DemandMax":3,"Value":7644},{"Length":45,"Height":45,"Demand":0,"DemandMax":3,"Value":2025},{"Length":22,"Height":29,"Demand":0,"DemandMax":3,"Value":638},{"Length":27,"Height":47,"Demand":0,"DemandMax":3,"Value":2538},{"Length":5,"Height":47,"Demand":0,"DemandMax":3,"Value":235},{"Length":18,"Height":22,"Demand":0,"DemandMax":3,"Value":396},{"Length":48,"Height":49,"Demand":0,"DemandMax":3,"Value":7056},{"Length":54,"Height":64,"Demand":0,"DemandMax":3,"Value":3456},{"Length":37,"Height":82,"Demand":0,"DemandMax":3,"Value":9102},{"Length":4,"Height":92,"Demand":0,"DemandMax":3,"Value":1104},{"Length":95,"Height":4,"Demand":0,"DemandMax":3,"Value":1140},{"Length":26,"Height":25,"Demand":0,"DemandMax":3,"Value":650},{"Length":26,"Height":17,"Demand":0,"DemandMax":3,"Value":1326}]}