{"Name":"ngcutfs2_53","Objects":[{"Length":100,"Height":100,"Stock":null,"Cost":10000}],"Items":[{"Length":48,"Height":14,"Demand":0,"DemandMax":4,"Value":672},{"Length":88,"Height":58,"Demand":0,"DemandMax":4,"Value":15312},{"Length":31,"Height":30,"Demand":0,"DemandMax":4,"Value":930},{"Length":43,"Height":5,"Demand":0,"DemandMax":4,"Value":430},{"Length":3,"Height":79,"Demand":0,"DemandMax":4,"Value":711},{"Length":82,"Height":19,"Demand":0,"DemandMax":4,"Value":1558},{"Length":18,"Height":7,"Demand":0,"DemandMax":4,"Value":378},{"Length":43,"Height":38,"Demand":0,"DemandMax":4,"Value":1634},{"Length":60,"Height":99,"Demand":0,"DemandMax":4,"Value":5940},{"Length":66,"Height":54,"Demand":0,"DemandMax":4,"Value":10692},{"Length":42,"Height":46,"Demand":0,"DemandMax":4,"Value":3864},{"Length":23,"Height":13,"Demand":0,"DemandMax":4,"Value":299},{"Length":67,"Height":68,"Demand":0,"DemandMax":4,"Value":4556},{"Length":45,"Height":76,"Demand":0,"DemandMax":4,"Value":6840},{"Length":34,"Height":5,"Demand":0,"DemandMax":4,"Value":510},{"Length":59,"Height":94,"Demand":0,"DemandMax":4,"Value":16638},{"Length":26,"Height":23,"Demand":0,"DemandMax":4,"Value":1794},{"Length":41,"Height":18,"Demand":0,"DemandMax":4,"Value":1476},{"Length":93,"Height":3,"Demand":0,"DemandMax":4,"Value":558},{"Length":49,"Height":22,"Demand":0,"DemandMax":4,"Value":1078},{"Length":76,"Height":79,"Demand":0,"DemandMax":4,"Value":12008},{"Length":59,"Height":71,"Demand":0,"DemandMax":4,"Value":8378},{"Length":91,"Height":42,"Demand":0,"DemandMax":4,"Value":7644},{"Length":5,"Height":8,"Demand":0,"DemandMax":4,"Value":40},{"Length":21,"Height":77,"Demand":0,"DemandMax":4,"Value":4851},{"Length":54,"Height":79,"Demand":0,"DemandMax":4,"Value":12798},{"Length":45,"Height":97,"Demand":0,"DemandMax":4,"Value":8730},{"Length":23,"Height":26,"Demand":0,"DemandMax":4,"Value":1794},{"Length":29,"Height":34,"Demand":0,"DemandMax":4,"Value":1972},{"Length":21,"Height":99,"Demand":0,"DemandMax":4,"Value":4158},{"Length":71,"Height":78,"Demand":0,"DemandMax":4,"Value":5538},{"Length":8,"Height":33,"Demand":0,"DemandMax":4,"Value":792},{"Length":20,"Height":28,"Demand":0,"DemandMax":4,"Value":1120},{"Length":21,"Height":38,"Demand":0,"DemandMax":4,"Value":1596},{"Length":8,"Height":10,"Demand":0,"DemandMax":4,"Value":80},{"Length":35,"Height":9,"Demand":0,"DemandMax":4,"Value":945},{"Length":35,"Height":13,"Demand":0,"DemandMax":4,"Value":910},{"Length":41,"Height":100,"Demand":0,"DemandMax":4,"Value":8200},{"Length":12,"Height":27,"Demand":0,"DemandMax":4,"Value":324},{"Length":22,"Height":32,"Demand":0,"DemandMax":4,"Value":704},{"Length":10,"Height":49,"Demand":0,"DemandMax":4,"Value":490},{"Length":43,"Height":26,"Demand":0,"DemandMax":4,"Value":1118},{"Length":96,"Height":18,"Demand":0,"DemandMax":4,"Value":3456},{"Length":64,"Height":85,"Demand":0,"DemandMax":4,"Value":5440},{"Length":7,"Height":10,"Demand":0,"DemandMax":4,"Value":140},{"Length":36,"Height":19,"Demand":0,"DemandMax":4,"Value":1368},{"Length":100,"Height":34,"Demand":0,"DemandMax":4,"Value":3400},{"Length":32,"Height":17,"Demand":0,"DemandMax":4,"Value":1632},{"Length":83,"Height":32,"Demand":0,"DemandMax":4,"Value":5312},{"Length":21,"Height":3,"Demand":0,"DemandMax":4,"Value":126}]}