{"Name":"ngcutfs2_12","Objects":[{"Length":100,"Height":100,"Stock":null,"Cost":10000}],"Items":[{"Length":8,"Height":47,"Demand":0,"DemandMax":3,"Value":376},{"Length":51,"Height":66,"Demand":0,"DemandMax":3,"Value":6732},{"Length":9,"Height":6,"Demand":0,"DemandMax":3,"Value":162},{"Length":34,"Height":43,"Demand":0,"DemandMax":3,"Value":2924},{"Length":44,"Height":9,"Demand":0,"DemandMax":3,"Value":1188},{"Length":94,"Height":8,"Demand":0,"DemandMax":3,"Value":752},{"Length":14,"Height":87,"Demand":0,"DemandMax":3,"Value":2436},{"Length":90,"Height":48,"Demand":0,"DemandMax":3,"Value":4320},{"Length":41,"Height":7,"Demand":0,"DemandMax":3,"Value":861},{"Length":47,"Height":25,"Demand":0,"DemandMax":3,"Value":2350},{"Length":27,"Height":3,"Demand":0,"DemandMax":3,"Value":81},{"Length":51,"Height":52,"Demand":0,"DemandMax":3,"Value":7956},{"Length":50,"Height":81,"Demand":0,"DemandMax":3,"Value":4050},{"Length":2,"Height":78,"Demand":0,"DemandMax":3,"Value":312},{"Length":70,"Height":59,"Demand":0,"DemandMax":3,"Value":12390},{"Length":65,"Height":91,"Demand":0,"DemandMax":3,"Value":17745},{"Length":41,"Height":43,"Demand":0,"DemandMax":3,"Value":1763},{"Length":32,"Height":33,"Demand":0,"DemandMax":3,"Value":1056},{"Length":25,"Height":47,"Demand":0,"DemandMax":3,"Value":1175},{"Length":10,"Height":6,"Demand":0,"DemandMax":3,"Value":60},{"Length":28,"Height":83,"Demand":0,"DemandMax":3,"Value":6972},{"Length":97,"Height":9,"Demand":0,"DemandMax":3,"Value":1746},{"Length":87,"Height":100,"Demand":0,"DemandMax":3,"Value":8700},{"Length":33,"Height":77,"Demand":0,"DemandMax":3,"Value":7623},{"Length":47,"Height":47,"Demand":0,"DemandMax":3,"Value":6627},{"Length":13,"Height":11,"Demand":0,"DemandMax":3,"Value":143},{"Length":27,"Height":17,"Demand":0,"DemandMax":3,"Value":1377},{"Length":91,"Height":66,"Demand":0,"DemandMax":3,"Value":6006},{"Length":21,"Height":83,"Demand":0,"DemandMax":3,"Value":3486},{"Length":83,"Height":56,"Demand":0,"DemandMax":3,"Value":4648},{"Length":96,"Height":42,"Demand":0,"DemandMax":3,"Value":4032},{"Length":5,"Height":79,"Demand":0,"DemandMax":3,"Value":790},{"Length":24,"Height":10,"Demand":0,"DemandMax":3,"Value":240},{"Length":25,"Height":44,"Demand":0,"DemandMax":3,"Value":2200},{"Length":100,"Height":94,"Demand":0,"DemandMax":3,"Value":18800},{"Length":2,"Height":89,"Demand":0,"DemandMax":3,"Value":178},{"Length":30,"Height":46,"Demand":0,"DemandMax":3,"Value":4140},{"Length":68,"Height":78,"Demand":0,"DemandMax":3,"Value":15912},{"Length":5,"Height":3,"Demand":0,"DemandMax":3,"Value":45},{"Length":25,"Height":40,"Demand":0,"DemandMax":3,"Value":1000}]}