{"Name":"ngcutfs3_126","Objects":[{"Length":100,"Height":100,"Stock":null,"Cost":10000}],"Items":[{"Length":25,"Height":4,"Demand":0,"DemandMax":1,"Value":200},{"Length":49,"Height":27,"Demand":0,"DemandMax":1,"Value":2646},{"Length":18,"Height":14,"Demand":0,"DemandMax":1,"Value":504},{"Length":20,"Height":46,"Demand":0,"DemandMax":1,"Value":1840},{"Length":32,"Height":23,"Demand":0,"DemandMax":2,"Value":2208},{"Length":100,"Height":28,"Demand":0,"DemandMax":1,"Value":5600},{"Length":49,"Height":23,"Demand":0,"DemandMax":1,"Value":3381},{"Length":32,"Height":16,"Demand":0,"DemandMax":1,"Value":1536},{"Length":49,"Height":16,"Demand":0,"DemandMax":1,"Value":784},{"Length":79,"Height":96,"Demand":0,"DemandMax":1,"Value":22752},{"Length":26,"Height":45,"Demand":0,"DemandMax":1,"Value":3510},{"Length":45,"Height":23,"Demand":0,"DemandMax":1,"Value":1035},{"Length":10,"Height":19,"Demand":0,"DemandMax":1,"Value":380},{"Length":19,"Height":29,"Demand":0,"DemandMax":1,"Value":551},{"Length":48,"Height":90,"Demand":0,"DemandMax":1,"Value":8640},{"Length":50,"Height":41,"Demand":0,"DemandMax":1,"Value":2050},{"Length":97,"Height":47,"Demand":0,"DemandMax":1,"Value":13677},{"Length":39,"Height":42,"Demand":0,"DemandMax":1,"Value":4914},{"Length":95,"Height":17,"Demand":0,"DemandMax":1,"Value":4845},{"Length":28,"Height":99,"Demand":0,"DemandMax":1,"Value":8316},{"Length":36,"Height":32,"Demand":0,"DemandMax":1,"Value":3456},{"Length":86,"Height":17,"Demand":0,"DemandMax":1,"Value":1462},{"Length":34,"Height":20,"Demand":0,"DemandMax":1,"Value":1360},{"Length":16,"Height":13,"Demand":0,"DemandMax":1,"Value":208},{"Length":76,"Height":27,"Demand":0,"DemandMax":1,"Value":2052},{"Length":12,"Height":80,"Demand":0,"DemandMax":1,"Value":1920},{"Length":8,"Height":26,"Demand":0,"DemandMax":1,"Value":624},{"Length":18,"Height":42,"Demand":0,"DemandMax":1,"Value":1512},{"Length":10,"Height":8,"Demand":0,"DemandMax":1,"Value":240},{"Length":4,"Height":32,"Demand":0,"DemandMax":1,"Value":256},{"Length":32,"Height":76,"Demand":0,"DemandMax":1,"Value":7296},{"Length":49,"Height":18,"Demand":0,"DemandMax":1,"Value":1764},{"Length":24,"Height":45,"Demand":0,"DemandMax":1,"Value":1080},{"Length":61,"Height":72,"Demand":0,"DemandMax":1,"Value":13176},{"Length":49,"Height":4,"Demand":0,"DemandMax":1,"Value":588},{"Length":40,"Height":10,"Demand":0,"DemandMax":1,"Value":1200},{"Length":19,"Height":24,"Demand":0,"DemandMax":1,"Value":456},{"Length":3,"Height":26,"Demand":0,"DemandMax":1,"Value":78},{"Length":9,"Height":34,"Demand":0,"DemandMax":1,"Value":612},{"Length":44,"Height":8,"Demand":0,"DemandMax":1,"Value":704},{"Length":20,"Height":47,"Demand":0,"DemandMax":1,"Value":940},{"Length":45,"Height":40,"Demand":0,"DemandMax":1,"Value":5400},{"Length":83,"Height":37,"Demand":0,"DemandMax":1,"Value":3071},{"Length":3,"Height":9,"Demand":0,"DemandMax":1,"Value":27},{"Length":99,"Height":11,"Demand":0,"DemandMax":1,"Value":2178},{"Length":24,"Height":7,"Demand":0,"DemandMax":1,"Value":168},{"Length":2,"Height":21,"Demand":0,"DemandMax":1,"Value":84},{"Length":19,"Height":7,"Demand":0,"DemandMax":1,"Value":266},{"Length":11,"Height":44,"Demand":0,"DemandMax":1,"Value":968},{"Length":3,"Height":5,"Demand":0,"DemandMax":1,"Value":15},{"Length":20,"Height":50,"Demand":0,"DemandMax":1,"Value":2000},{"Length":3,"Height":25,"Demand":0,"DemandMax":1,"Value":75},{"Length":25,"Height":10,"Demand":0,"DemandMax":1,"Value":500},{"Length":50,"Height":49,"Demand":0,"DemandMax":1,"Value":7350},{"Length":15,"Height":45,"Demand":0,"DemandMax":1,"Value":675},{"Length":73,"Height":64,"Demand":0,"DemandMax":1,"Value":14016},{"Length":92,"Height":21,"Demand":0,"DemandMax":1,"Value":5796},{"Length":10,"Height":6,"Demand":0,"DemandMax":1,"Value":180},{"Length":41,"Height":19,"Demand":0,"DemandMax":1,"Value":2337},{"Length":12,"Height":43,"Demand":0,"DemandMax":1,"Value":516},{"Length":7,"Height":22,"Demand":0,"DemandMax":1,"Value":154},{"Length":21,"Height":26,"Demand":0,"DemandMax":2,"Value":1638},{"Length":3,"Height":32,"Demand":0,"DemandMax":1,"Value":96},{"Length":38,"Height":99,"Demand":0,"DemandMax":1,"Value":3762},{"Length":84,"Height":5,"Demand":0,"DemandMax":1,"Value":1260},{"Length":23,"Height":49,"Demand":0,"DemandMax":1,"Value":1127},{"Length":44,"Height":10,"Demand":0,"DemandMax":1,"Value":1320},{"Length":27,"Height":23,"Demand":0,"DemandMax":1,"Value":621},{"Length":6,"Height":50,"Demand":0,"DemandMax":1,"Value":900},{"Length":29,"Height":29,"Demand":0,"DemandMax":1,"Value":1682},{"Length":31,"Height":40,"Demand":0,"DemandMax":1,"Value":2480},{"Length":18,"Height":33,"Demand":0,"DemandMax":1,"Value":1188},{"Length":23,"Height":14,"Demand":0,"DemandMax":1,"Value":966},{"Length":3,"Height":86,"Demand":0,"DemandMax":1,"Value":516},{"Length":74,"Height":71,"Demand":0,"DemandMax":1,"Value":15762},{"Length":48,"Height":79,"Demand":0,"DemandMax":1,"Value":11376},{"Length":26,"Height":2,"Demand":0,"DemandMax":1,"Value":52},{"Length":42,"Height":79,"Demand":0,"DemandMax":1,"Value":9954},{"Length":13,"Height":24,"Demand":0,"DemandMax":1,"Value":936},{"Length":17,"Height":24,"Demand":0,"DemandMax":1,"Value":408},{"Length":15,"Height":76,"Demand":0,"DemandMax":1,"Value":1140},{"Length":83,"Height":8,"Demand":0,"DemandMax":1,"Value":1328},{"Length":91,"Height":8,"Demand":0,"DemandMax":1,"Value":1456},{"Length":86,"Height":41,"Demand":0,"DemandMax":1,"Value":7052},{"Length":37,"Height":18,"Demand":0,"DemandMax":1,"Value":666},{"Length":49,"Height":41,"Demand":0,"DemandMax":1,"Value":2009},{"Length":11,"Height":28,"Demand":0,"DemandMax":1,"Value":308},{"Length":31,"Height":47,"Demand":0,"DemandMax":1,"Value":4371},{"Length":91,"Height":77,"Demand":0,"DemandMax":1,"Value":7007},{"Length":41,"Height":9,"Demand":0,"DemandMax":1,"Value":738},{"Length":79,"Height":63,"Demand":0,"DemandMax":1,"Value":14931},{"Length":47,"Height":38,"Demand":0,"DemandMax":1,"Value":3572},{"Length":68,"Height":64,"Demand":0,"DemandMax":1,"Value":8704},{"Length":28,"Height":8,"Demand":0,"DemandMax":1,"Value":448},{"Length":39,"Height":5,"Demand":0,"DemandMax":1,"Value":585},{"Length":25,"Height":35,"Demand":0,"DemandMax":1,"Value":1750},{"Length":7,"Height":48,"Demand":0,"DemandMax":1,"Value":1008},{"Length":62,"Height":56,"Demand":0,"DemandMax":1,"Value":6944},{"Length":43,"Height":7,"Demand":0,"DemandMax":1,"Value":301},{"Length":33,"Height":3,"Demand":0,"DemandMax":1,"Value":99},{"Length":3,"Height":22,"Demand":0,"DemandMax":1,"Value":66},{"Length":38,"Height":84,"Demand":0,"DemandMax":1,"Value":3192},{"Length":10,"Height":50,"Demand":0,"DemandMax":1,"Value":1000},{"Length":71,"Height":82,"Demand":0,"DemandMax":1,"Value":11644},{"Length":34,"Height":43,"Demand":0,"DemandMax":1,"Value":4386},{"Length":91,"Height":20,"Demand":0,"DemandMax":1,"Value":5460},{"Length":26,"Height":16,"Demand":0,"DemandMax":1,"Value":1248},{"Length":48,"Height":14,"Demand":0,"DemandMax":1,"Value":672},{"Length":34,"Height":2,"Demand":0,"DemandMax":1,"Value":204},{"Length":33,"Height":12,"Demand":0,"DemandMax":1,"Value":396},{"Length":32,"Height":23,"Demand":0,"DemandMax":1,"Value":1472},{"Length":23,"Height":10,"Demand":0,"DemandMax":1,"Value":460},{"Length":3,"Height":16,"Demand":0,"DemandMax":1,"Value":144},{"Length":96,"Height":42,"Demand":0,"DemandMax":1,"Value":12096},{"Length":99,"Height":69,"Demand":0,"DemandMax":1,"Value":13662},{"Length":18,"Height":3,"Demand":0,"DemandMax":1,"Value":162},{"Length":45,"Height":22,"Demand":0,"DemandMax":1,"Value":990},{"Length":17,"Height":36,"Demand":0,"DemandMax":1,"Value":612},{"Length":7,"Height":45,"Demand":0,"DemandMax":1,"Value":630},{"Length":46,"Height":18,"Demand":0,"DemandMax":1,"Value":828},{"Length":9,"Height":21,"Demand":0,"DemandMax":1,"Value":567},{"Length":24,"Height":22,"Demand":0,"DemandMax":1,"Value":1056},{"Length":28,"Height":23,"Demand":0,"DemandMax":1,"Value":1932},{"Length":18,"Height":46,"Demand":0,"DemandMax":1,"Value":1656},{"Length":32,"Height":39,"Demand":0,"DemandMax":1,"Value":1248},{"Length":77,"Height":17,"Demand":0,"DemandMax":1,"Value":2618},{"Length":12,"Height":44,"Demand":0,"DemandMax":1,"Value":528},{"Length":19,"Height":44,"Demand":0,"DemandMax":1,"Value":2508},{"Length":17,"Height":40,"Demand":0,"DemandMax":1,"Value":1360},{"Length":85,"Height":15,"Demand":0,"DemandMax":1,"Value":2550},{"Length":43,"Height":14,"Demand":0,"DemandMax":1,"Value":1204},{"Length":6,"Height":88,"Demand":0,"DemandMax":1,"Value":1584},{"Length":20,"Height":12,"Demand":0,"DemandMax":1,"Value":720},{"Length":41,"Height":83,"Demand":0,"DemandMax":1,"Value":6806},{"Length":12,"Height":23,"Demand":0,"DemandMax":1,"Value":552},{"Length":2,"Height":24,"Demand":0,"DemandMax":1,"Value":48},{"Length":43,"Height":34,"Demand":0,"DemandMax":1,"Value":1462},{"Length":40,"Height":95,"Demand":0,"DemandMax":1,"Value":7600},{"Length":25,"Height":13,"Demand":0,"DemandMax":1,"Value":325},{"Length":13,"Height":90,"Demand":0,"DemandMax":1,"Value":2340},{"Length":23,"Height":41,"Demand":0,"DemandMax":1,"Value":2829},{"Length":46,"Height":28,"Demand":0,"DemandMax":1,"Value":3864},{"Length":23,"Height":38,"Demand":0,"DemandMax":1,"Value":874},{"Length":11,"Height":14,"Demand":0,"DemandMax":1,"Value":308},{"Length":46,"Height":11,"Demand":0,"DemandMax":1,"Value":1012},{"Length":31,"Height":7,"Demand":0,"DemandMax":1,"Value":217},{"Length":22,"Height":5,"Demand":0,"DemandMax":1,"Value":330},{"Length":19,"Height":33,"Demand":0,"DemandMax":1,"Value":1254},{"Length":90,"Height":67,"Demand":0,"DemandMax":1,"Value":6030},{"Length":21,"Height":48,"Demand":0,"DemandMax":1,"Value":1008},{"Length":24,"Height":37,"Demand":0,"DemandMax":1,"Value":1776},{"Length":47,"Height":21,"Demand":0,"DemandMax":1,"Value":987},{"Length":63,"Height":70,"Demand":0,"DemandMax":1,"Value":8820},{"Length":2,"Height":10,"Demand":0,"DemandMax":1,"Value":40},{"Length":78,"Height":18,"Demand":0,"DemandMax":1,"Value":1404},{"Length":30,"Height":86,"Demand":0,"DemandMax":1,"Value":7740},{"Length":97,"Height":35,"Demand":0,"DemandMax":1,"Value":6790},{"Length":34,"Height":44,"Demand":0,"DemandMax":1,"Value":2992},{"Length":76,"Height":51,"Demand":0,"DemandMax":1,"Value":3876},{"Length":10,"Height":9,"Demand":0,"DemandMax":1,"Value":270},{"Length":26,"Height":16,"Demand":0,"DemandMax":1,"Value":416},{"Length":33,"Height":42,"Demand":0,"DemandMax":1,"Value":2772},{"Length":24,"Height":8,"Demand":0,"DemandMax":1,"Value":384},{"Length":87,"Height":3,"Demand":0,"DemandMax":1,"Value":522},{"Length":11,"Height":33,"Demand":0,"DemandMax":1,"Value":726},{"Length":59,"Height":68,"Demand":0,"DemandMax":1,"Value":12036},{"Length":33,"Height":25,"Demand":0,"DemandMax":1,"Value":1650},{"Length":15,"Height":29,"Demand":0,"DemandMax":1,"Value":435},{"Length":48,"Height":37,"Demand":0,"DemandMax":1,"Value":3552},{"Length":4,"Height":50,"Demand":0,"DemandMax":1,"Value":200},{"Length":3,"Height":8,"Demand":0,"DemandMax":1,"Value":48},{"Length":32,"Height":10,"Demand":0,"DemandMax":1,"Value":640},{"Length":3,"Height":46,"Demand":0,"DemandMax":1,"Value":414},{"Length":100,"Height":64,"Demand":0,"DemandMax":1,"Value":6400},{"Length":85,"Height":87,"Demand":0,"DemandMax":1,"Value":22185},{"Length":27,"Height":24,"Demand":0,"DemandMax":1,"Value":648},{"Length":34,"Height":2,"Demand":0,"DemandMax":1,"Value":68},{"Length":25,"Height":22,"Demand":0,"DemandMax":1,"Value":550},{"Length":29,"Height":37,"Demand":0,"DemandMax":1,"Value":3219},{"Length":31,"Height":78,"Demand":0,"DemandMax":1,"Value":4836},{"Length":15,"Height":23,"Demand":0,"DemandMax":1,"Value":1035},{"Length":17,"Height":33,"Demand":0,"DemandMax":1,"Value":561},{"Length":80,"Height":50,"Demand":0,"DemandMax":1,"Value":8000},{"Length":99,"Height":20,"Demand":0,"DemandMax":1,"Value":1980},{"Length":26,"Height":29,"Demand":0,"DemandMax":1,"Value":1508},{"Length":31,"Height":8,"Demand":0,"DemandMax":1,"Value":496},{"Length":18,"Height":37,"Demand":0,"DemandMax":1,"Value":1332},{"Length":18,"Height":48,"Demand":0,"DemandMax":1,"Value":2592},{"Length":7,"Height":83,"Demand":0,"DemandMax":1,"Value":1743},{"Length":50,"Height":37,"Demand":0,"DemandMax":1,"Value":5550},{"Length":8,"Height":17,"Demand":0,"DemandMax":1,"Value":136},{"Length":100,"Height":25,"Demand":0,"DemandMax":1,"Value":5000},{"Length":45,"Height":22,"Demand":0,"DemandMax":1,"Value":1980},{"Length":81,"Height":64,"Demand":0,"DemandMax":1,"Value":10368},{"Length":48,"Height":37,"Demand":0,"DemandMax":1,"Value":5328},{"Length":19,"Height":44,"Demand":0,"DemandMax":1,"Value":836},{"Length":33,"Height":49,"Demand":0,"DemandMax":1,"Value":3234},{"Length":39,"Height":93,"Demand":0,"DemandMax":1,"Value":10881},{"Length":42,"Height":32,"Demand":0,"DemandMax":1,"Value":2688},{"Length":28,"Height":6,"Demand":0,"DemandMax":1,"Value":336},{"Length":17,"Height":8,"Demand":0,"DemandMax":1,"Value":272},{"Length":19,"Height":20,"Demand":0,"DemandMax":1,"Value":1140},{"Length":36,"Height":98,"Demand":0,"DemandMax":1,"Value":7056},{"Length":83,"Height":79,"Demand":0,"DemandMax":1,"Value":6557},{"Length":28,"Height":41,"Demand":0,"DemandMax":1,"Value":3444},{"Length":67,"Height":55,"Demand":0,"DemandMax":1,"Value":3685},{"Length":28,"Height":39,"Demand":0,"DemandMax":1,"Value":1092},{"Length":34,"Height":93,"Demand":0,"DemandMax":1,"Value":9486},{"Length":42,"Height":91,"Demand":0,"DemandMax":1,"Value":3822},{"Length":14,"Height":34,"Demand":0,"DemandMax":1,"Value":476},{"Length":26,"Height":89,"Demand":0,"DemandMax":1,"Value":6942},{"Length":45,"Height":32,"Demand":0,"DemandMax":1,"Value":1440},{"Length":21,"Height":4,"Demand":0,"DemandMax":1,"Value":252},{"Length":28,"Height":2,"Demand":0,"DemandMax":1,"Value":168},{"Length":71,"Height":59,"Demand":0,"DemandMax":1,"Value":12567},{"Length":2,"Height":14,"Demand":0,"DemandMax":1,"Value":56},{"Length":94,"Height":56,"Demand":0,"DemandMax":1,"Value":5264},{"Length":20,"Height":42,"Demand":0,"DemandMax":1,"Value":1680},{"Length":19,"Height":89,"Demand":0,"DemandMax":1,"Value":3382},{"Length":84,"Height":30,"Demand":0,"DemandMax":1,"Value":7560},{"Length":79,"Height":100,"Demand":0,"DemandMax":1,"Value":23700},{"Length":28,"Height":25,"Demand":0,"DemandMax":1,"Value":2100},{"Length":92,"Height":48,"Demand":0,"DemandMax":1,"Value":8832},{"Length":39,"Height":9,"Demand":0,"DemandMax":1,"Value":702},{"Length":37,"Height":85,"Demand":0,"DemandMax":1,"Value":3145},{"Length":18,"Height":28,"Demand":0,"DemandMax":1,"Value":504},{"Length":97,"Height":76,"Demand":0,"DemandMax":1,"Value":7372},{"Length":93,"Height":96,"Demand":0,"DemandMax":1,"Value":26784},{"Length":3,"Height":28,"Demand":0,"DemandMax":1,"Value":252},{"Length":10,"Height":36,"Demand":0,"DemandMax":1,"Value":720},{"Length":38,"Height":80,"Demand":0,"DemandMax":1,"Value":6080},{"Length":23,"Height":21,"Demand":0,"DemandMax":1,"Value":1449},{"Length":50,"Height":42,"Demand":0,"DemandMax":1,"Value":2100},{"Length":13,"Height":5,"Demand":0,"DemandMax":1,"Value":130},{"Length":6,"Height":40,"Demand":0,"DemandMax":1,"Value":480},{"Length":48,"Height":40,"Demand":0,"DemandMax":1,"Value":5760},{"Length":18,"Height":22,"Demand":0,"DemandMax":1,"Value":396},{"Length":2,"Height":2,"Demand":0,"DemandMax":1,"Value":12},{"Length":37,"Height":43,"Demand":0,"DemandMax":1,"Value":3182},{"Length":78,"Height":34,"Demand":0,"DemandMax":1,"Value":7956},{"Length":12,"Height":30,"Demand":0,"DemandMax":1,"Value":1080},{"Length":3,"Height":39,"Demand":0,"DemandMax":1,"Value":234},{"Length":2,"Height":81,"Demand":0,"DemandMax":1,"Value":486},{"Length":47,"Height":24,"Demand":0,"DemandMax":1,"Value":1128},{"Length":83,"Height":75,"Demand":0,"DemandMax":1,"Value":18675},{"Length":2,"Height":50,"Demand":0,"DemandMax":1,"Value":100},{"Length":82,"Height":64,"Demand":0,"DemandMax":1,"Value":15744},{"Length":49,"Height":8,"Demand":0,"DemandMax":1,"Value":392}]}