{"Name":"ngcutfs2_64","Objects":[{"Length":100,"Height":100,"Stock":null,"Cost":10000}],"Items":[{"Length":40,"Height":93,"Demand":0,"DemandMax":1,"Value":11160},{"Length":5,"Height":35,"Demand":0,"DemandMax":1,"Value":525},{"Length":6,"Height":2,"Demand":0,"DemandMax":1,"Value":36},{"Length":20,"Height":15,"Demand":0,"DemandMax":1,"Value":900},{"Length":24,"Height":47,"Demand":0,"DemandMax":1,"Value":1128},{"Length":62,"Height":75,"Demand":0,"DemandMax":1,"Value":9300},{"Length":59,"Height":85,"Demand":0,"DemandMax":1,"Value":15045},{"Length":98,"Height":41,"Demand":0,"DemandMax":1,"Value":4018},{"Length":88,"Height":84,"Demand":0,"DemandMax":1,"Value":14784},{"Length":45,"Height":49,"Demand":0,"DemandMax":1,"Value":6615},{"Length":35,"Height":39,"Demand":0,"DemandMax":1,"Value":4095},{"Length":13,"Height":5,"Demand":0,"DemandMax":1,"Value":65},{"Length":8,"Height":5,"Demand":0,"DemandMax":1,"Value":40},{"Length":42,"Height":34,"Demand":0,"DemandMax":1,"Value":1428},{"Length":24,"Height":12,"Demand":0,"DemandMax":1,"Value":288},{"Length":45,"Height":50,"Demand":0,"DemandMax":1,"Value":4500},{"Length":84,"Height":21,"Demand":0,"DemandMax":1,"Value":5292},{"Length":23,"Height":18,"Demand":0,"DemandMax":1,"Value":828},{"Length":62,"Height":63,"Demand":0,"DemandMax":1,"Value":7812},{"Length":53,"Height":65,"Demand":0,"DemandMax":1,"Value":6890},{"Length":43,"Height":20,"Demand":0,"DemandMax":1,"Value":2580},{"Length":94,"Height":41,"Demand":0,"DemandMax":1,"Value":3854},{"Length":83,"Height":35,"Demand":0,"DemandMax":1,"Value":5810},{"Length":24,"Height":100,"Demand":0,"DemandMax":1,"Value":7200},{"Length":39,"Height":49,"Demand":0,"DemandMax":1,"Value":1911},{"Length":49,"Height":14,"Demand":0,"DemandMax":1,"Value":686},{"Length":39,"Height":40,"Demand":0,"DemandMax":1,"Value":1560},{"Length":22,"Height":43,"Demand":0,"DemandMax":1,"Value":1892},{"Length":76,"Height":22,"Demand":0,"DemandMax":1,"Value":1672},{"Length":84,"Height":14,"Demand":0,"DemandMax":1,"Value":1176},{"Length":14,"Height":76,"Demand":0,"DemandMax":1,"Value":2128},{"Length":41,"Height":48,"Demand":0,"DemandMax":1,"Value":3936},{"Length":42,"Height":43,"Demand":0,"DemandMax":1,"Value":1806},{"Length":92,"Height":92,"Demand":0,"DemandMax":1,"Value":16928},{"Length":98,"Height":69,"Demand":0,"DemandMax":1,"Value":20286},{"Length":92,"Height":2,"Demand":0,"DemandMax":1,"Value":368},{"Length":40,"Height":40,"Demand":0,"DemandMax":1,"Value":1600},{"Length":43,"Height":13,"Demand":0,"DemandMax":1,"Value":1677},{"Length":14,"Height":31,"Demand":0,"DemandMax":1,"Value":434},{"Length":11,"Height":17,"Demand":0,"DemandMax":1,"Value":561},{"Length":33,"Height":6,"Demand":0,"DemandMax":1,"Value":198},{"Length":45,"Height":2,"Demand":0,"DemandMax":1,"Value":90},{"Length":29,"Height":91,"Demand":0,"DemandMax":1,"Value":7917},{"Length":43,"Height":41,"Demand":0,"DemandMax":1,"Value":5289},{"Length":81,"Height":85,"Demand":0,"DemandMax":1,"Value":13770},{"Length":76,"Height":42,"Demand":0,"DemandMax":1,"Value":3192},{"Length":56,"Height":64,"Demand":0,"DemandMax":1,"Value":3584},{"Length":9,"Height":32,"Demand":0,"DemandMax":1,"Value":864},{"Length":36,"Height":5,"Demand":0,"DemandMax":1,"Value":360},{"Length":84,"Height":2,"Demand":0,"DemandMax":1,"Value":168},{"Length":6,"Height":13,"Demand":0,"DemandMax":1,"Value":156},{"Length":16,"Height":48,"Demand":0,"DemandMax":1,"Value":2304},{"Length":6,"Height":95,"Demand":0,"DemandMax":1,"Value":1710},{"Length":35,"Height":9,"Demand":0,"DemandMax":1,"Value":945},{"Length":25,"Height":20,"Demand":0,"DemandMax":1,"Value":1500},{"Length":42,"Height":47,"Demand":0,"DemandMax":1,"Value":5922},{"Length":28,"Height":16,"Demand":0,"DemandMax":1,"Value":448},{"Length":8,"Height":13,"Demand":0,"DemandMax":1,"Value":104},{"Length":76,"Height":92,"Demand":0,"DemandMax":1,"Value":13984},{"Length":89,"Height":19,"Demand":0,"DemandMax":1,"Value":1691},{"Length":49,"Height":12,"Demand":0,"DemandMax":1,"Value":588},{"Length":89,"Height":42,"Demand":0,"DemandMax":1,"Value":3738},{"Length":93,"Height":61,"Demand":0,"DemandMax":1,"Value":17019},{"Length":97,"Height":17,"Demand":0,"DemandMax":1,"Value":4947},{"Length":31,"Height":82,"Demand":0,"DemandMax":1,"Value":2542},{"Length":33,"Height":89,"Demand":0,"DemandMax":1,"Value":5874},{"Length":77,"Height":39,"Demand":0,"DemandMax":1,"Value":9009},{"Length":72,"Height":73,"Demand":0,"DemandMax":1,"Value":5256},{"Length":93,"Height":87,"Demand":0,"DemandMax":1,"Value":24273},{"Length":47,"Height":42,"Demand":0,"DemandMax":1,"Value":5922},{"Length":94,"Height":15,"Demand":0,"DemandMax":1,"Value":1410},{"Length":32,"Height":87,"Demand":0,"DemandMax":1,"Value":8352},{"Length":100,"Height":79,"Demand":0,"DemandMax":1,"Value":23700},{"Length":82,"Height":30,"Demand":0,"DemandMax":1,"Value":2460},{"Length":59,"Height":91,"Demand":0,"DemandMax":1,"Value":10738},{"Length":93,"Height":66,"Demand":0,"DemandMax":1,"Value":6138},{"Length":98,"Height":30,"Demand":0,"DemandMax":1,"Value":2940},{"Length":97,"Height":25,"Demand":0,"DemandMax":1,"Value":7275},{"Length":4,"Height":39,"Demand":0,"DemandMax":1,"Value":468},{"Length":5,"Height":23,"Demand":0,"DemandMax":1,"Value":115},{"Length":79,"Height":36,"Demand":0,"DemandMax":1,"Value":8532},{"Length":24,"Height":39,"Demand":0,"DemandMax":1,"Value":2808},{"Length":92,"Height":64,"Demand":0,"DemandMax":1,"Value":11776},{"Length":13,"Height":30,"Demand":0,"DemandMax":1,"Value":1170},{"Length":27,"Height":91,"Demand":0,"DemandMax":1,"Value":4914},{"Length":81,"Height":70,"Demand":0,"DemandMax":1,"Value":5670},{"Length":30,"Height":98,"Demand":0,"DemandMax":1,"Value":2940},{"Length":49,"Height":41,"Demand":0,"DemandMax":1,"Value":4018},{"Length":12,"Height":45,"Demand":0,"DemandMax":1,"Value":540},{"Length":47,"Height":84,"Demand":0,"DemandMax":1,"Value":3948},{"Length":93,"Height":5,"Demand":0,"DemandMax":1,"Value":465},{"Length":6,"Height":6,"Demand":0,"DemandMax":1,"Value":36},{"Length":59,"Height":74,"Demand":0,"DemandMax":1,"Value":13098},{"Length":32,"Height":22,"Demand":0,"DemandMax":1,"Value":1408},{"Length":41,"Height":20,"Demand":0,"DemandMax":1,"Value":2460},{"Length":5,"Height":11,"Demand":0,"DemandMax":1,"Value":55},{"Length":19,"Height":7,"Demand":0,"DemandMax":1,"Value":266},{"Length":43,"Height":24,"Demand":0,"DemandMax":1,"Value":3096},{"Length":25,"Height":39,"Demand":0,"DemandMax":1,"Value":2925},{"Length":45,"Height":93,"Demand":0,"DemandMax":1,"Value":12555}]}