{"Name":"ngcutfs2_47","Objects":[{"Length":100,"Height":100,"Stock":null,"Cost":10000}],"Items":[{"Length":17,"Height":35,"Demand":0,"DemandMax":3,"Value":595},{"Length":43,"Height":21,"Demand":0,"DemandMax":3,"Value":903},{"Length":12,"Height":39,"Demand":0,"DemandMax":3,"Value":468},{"Length":45,"Height":8,"Demand":0,"DemandMax":3,"Value":720},{"Length":37,"Height":45,"Demand":0,"DemandMax":3,"Value":4995},{"Length":31,"Height":46,"Demand":0,"DemandMax":3,"Value":4278},{"Length":29,"Height":85,"Demand":0,"DemandMax":3,"Value":7395},{"Length":76,"Height":31,"Demand":0,"DemandMax":3,"Value":7068},{"Length":18,"Height":32,"Demand":0,"DemandMax":3,"Value":576},{"Length":3,"Height":31,"Demand":0,"DemandMax":3,"Value":93},{"Length":18,"Height":33,"Demand":0,"DemandMax":3,"Value":594},{"Length":21,"Height":24,"Demand":0,"DemandMax":3,"Value":1512},{"Length":14,"Height":33,"Demand":0,"DemandMax":3,"Value":924},{"Length":96,"Height":12,"Demand":0,"DemandMax":3,"Value":3456},{"Length":28,"Height":99,"Demand":0,"DemandMax":3,"Value":2772},{"Length":18,"Height":44,"Demand":0,"DemandMax":3,"Value":792},{"Length":15,"Height":47,"Demand":0,"DemandMax":3,"Value":705},{"Length":97,"Height":15,"Demand":0,"DemandMax":3,"Value":4365},{"Length":48,"Height":45,"Demand":0,"DemandMax":3,"Value":6480},{"Length":82,"Height":46,"Demand":0,"DemandMax":3,"Value":3772},{"Length":19,"Height":42,"Demand":0,"DemandMax":3,"Value":1596},{"Length":38,"Height":10,"Demand":0,"DemandMax":3,"Value":1140},{"Length":82,"Height":46,"Demand":0,"DemandMax":3,"Value":7544},{"Length":3,"Height":9,"Demand":0,"DemandMax":3,"Value":27},{"Length":31,"Height":47,"Demand":0,"DemandMax":3,"Value":4371},{"Length":36,"Height":41,"Demand":0,"DemandMax":3,"Value":4428},{"Length":98,"Height":83,"Demand":0,"DemandMax":3,"Value":24402},{"Length":9,"Height":42,"Demand":0,"DemandMax":3,"Value":1134},{"Length":26,"Height":30,"Demand":0,"DemandMax":3,"Value":1560},{"Length":16,"Height":98,"Demand":0,"DemandMax":3,"Value":3136},{"Length":23,"Height":16,"Demand":0,"DemandMax":3,"Value":368},{"Length":13,"Height":18,"Demand":0,"DemandMax":3,"Value":468},{"Length":26,"Height":14,"Demand":0,"DemandMax":3,"Value":728},{"Length":17,"Height":50,"Demand":0,"DemandMax":3,"Value":2550},{"Length":66,"Height":53,"Demand":0,"DemandMax":3,"Value":6996},{"Length":99,"Height":50,"Demand":0,"DemandMax":3,"Value":14850},{"Length":48,"Height":42,"Demand":0,"DemandMax":3,"Value":4032},{"Length":23,"Height":31,"Demand":0,"DemandMax":3,"Value":713},{"Length":13,"Height":24,"Demand":0,"DemandMax":3,"Value":936},{"Length":26,"Height":26,"Demand":0,"DemandMax":3,"Value":2028},{"Length":40,"Height":19,"Demand":0,"DemandMax":3,"Value":2280},{"Length":37,"Height":15,"Demand":0,"DemandMax":3,"Value":1110},{"Length":24,"Height":29,"Demand":0,"DemandMax":3,"Value":696},{"Length":27,"Height":3,"Demand":0,"DemandMax":3,"Value":162},{"Length":23,"Height":43,"Demand":0,"DemandMax":3,"Value":1978},{"Length":33,"Height":32,"Demand":0,"DemandMax":3,"Value":3168},{"Length":49,"Height":45,"Demand":0,"DemandMax":3,"Value":6615},{"Length":78,"Height":65,"Demand":0,"DemandMax":3,"Value":5070},{"Length":37,"Height":39,"Demand":0,"DemandMax":3,"Value":4329},{"Length":57,"Height":63,"Demand":0,"DemandMax":3,"Value":3591}]}