{"Name":"ngcutfs2_126","Objects":[{"Length":100,"Height":100,"Stock":null,"Cost":10000}],"Items":[{"Length":6,"Height":26,"Demand":0,"DemandMax":1,"Value":312},{"Length":96,"Height":21,"Demand":0,"DemandMax":1,"Value":2016},{"Length":49,"Height":2,"Demand":0,"DemandMax":1,"Value":294},{"Length":27,"Height":7,"Demand":0,"DemandMax":1,"Value":378},{"Length":2,"Height":17,"Demand":0,"DemandMax":1,"Value":68},{"Length":78,"Height":8,"Demand":0,"DemandMax":1,"Value":1248},{"Length":6,"Height":4,"Demand":0,"DemandMax":1,"Value":48},{"Length":16,"Height":40,"Demand":0,"DemandMax":1,"Value":640},{"Length":19,"Height":42,"Demand":0,"DemandMax":1,"Value":798},{"Length":7,"Height":43,"Demand":0,"DemandMax":1,"Value":602},{"Length":38,"Height":27,"Demand":0,"DemandMax":1,"Value":1026},{"Length":36,"Height":12,"Demand":0,"DemandMax":1,"Value":864},{"Length":17,"Height":96,"Demand":0,"DemandMax":1,"Value":1632},{"Length":5,"Height":2,"Demand":0,"DemandMax":1,"Value":30},{"Length":49,"Height":77,"Demand":0,"DemandMax":1,"Value":7546},{"Length":69,"Height":98,"Demand":0,"DemandMax":1,"Value":20286},{"Length":24,"Height":89,"Demand":0,"DemandMax":1,"Value":2136},{"Length":30,"Height":18,"Demand":0,"DemandMax":1,"Value":1620},{"Length":50,"Height":31,"Demand":0,"DemandMax":1,"Value":4650},{"Length":23,"Height":27,"Demand":0,"DemandMax":1,"Value":1863},{"Length":24,"Height":15,"Demand":0,"DemandMax":1,"Value":1080},{"Length":34,"Height":21,"Demand":0,"DemandMax":1,"Value":1428},{"Length":31,"Height":7,"Demand":0,"DemandMax":1,"Value":434},{"Length":36,"Height":88,"Demand":0,"DemandMax":1,"Value":9504},{"Length":11,"Height":8,"Demand":0,"DemandMax":1,"Value":264},{"Length":35,"Height":42,"Demand":0,"DemandMax":1,"Value":1470},{"Length":48,"Height":82,"Demand":0,"DemandMax":1,"Value":3936},{"Length":29,"Height":41,"Demand":0,"DemandMax":1,"Value":2378},{"Length":9,"Height":2,"Demand":0,"DemandMax":1,"Value":54},{"Length":26,"Height":7,"Demand":0,"DemandMax":1,"Value":364},{"Length":2,"Height":26,"Demand":0,"DemandMax":1,"Value":52},{"Length":76,"Height":58,"Demand":0,"DemandMax":1,"Value":13224},{"Length":43,"Height":37,"Demand":0,"DemandMax":1,"Value":4773},{"Length":97,"Height":17,"Demand":0,"DemandMax":1,"Value":1649},{"Length":3,"Height":23,"Demand":0,"DemandMax":1,"Value":69},{"Length":79,"Height":97,"Demand":0,"DemandMax":1,"Value":7663},{"Length":30,"Height":15,"Demand":0,"DemandMax":1,"Value":900},{"Length":43,"Height":45,"Demand":0,"DemandMax":1,"Value":1935},{"Length":28,"Height":47,"Demand":0,"DemandMax":1,"Value":1316},{"Length":70,"Height":61,"Demand":0,"DemandMax":1,"Value":4270},{"Length":7,"Height":3,"Demand":0,"DemandMax":1,"Value":63},{"Length":29,"Height":91,"Demand":0,"DemandMax":1,"Value":2639},{"Length":37,"Height":87,"Demand":0,"DemandMax":1,"Value":9657},{"Length":33,"Height":30,"Demand":0,"DemandMax":1,"Value":2970},{"Length":42,"Height":45,"Demand":0,"DemandMax":1,"Value":1890},{"Length":25,"Height":13,"Demand":0,"DemandMax":1,"Value":975},{"Length":11,"Height":44,"Demand":0,"DemandMax":1,"Value":484},{"Length":40,"Height":35,"Demand":0,"DemandMax":1,"Value":2800},{"Length":79,"Height":11,"Demand":0,"DemandMax":1,"Value":2607},{"Length":78,"Height":20,"Demand":0,"DemandMax":1,"Value":1560},{"Length":93,"Height":12,"Demand":0,"DemandMax":1,"Value":3348},{"Length":20,"Height":28,"Demand":0,"DemandMax":1,"Value":1680},{"Length":38,"Height":98,"Demand":0,"DemandMax":1,"Value":3724},{"Length":11,"Height":79,"Demand":0,"DemandMax":1,"Value":1738},{"Length":32,"Height":50,"Demand":0,"DemandMax":1,"Value":1600},{"Length":84,"Height":37,"Demand":0,"DemandMax":1,"Value":6216},{"Length":3,"Height":90,"Demand":0,"DemandMax":1,"Value":270},{"Length":36,"Height":45,"Demand":0,"DemandMax":1,"Value":4860},{"Length":9,"Height":22,"Demand":0,"DemandMax":1,"Value":198},{"Length":22,"Height":37,"Demand":0,"DemandMax":1,"Value":2442},{"Length":87,"Height":97,"Demand":0,"DemandMax":1,"Value":8439},{"Length":19,"Height":22,"Demand":0,"DemandMax":1,"Value":418},{"Length":42,"Height":48,"Demand":0,"DemandMax":1,"Value":6048},{"Length":13,"Height":96,"Demand":0,"DemandMax":1,"Value":1248},{"Length":93,"Height":66,"Demand":0,"DemandMax":1,"Value":18414},{"Length":8,"Height":22,"Demand":0,"DemandMax":1,"Value":176},{"Length":48,"Height":45,"Demand":0,"DemandMax":1,"Value":4320},{"Length":24,"Height":37,"Demand":0,"DemandMax":1,"Value":2664},{"Length":2,"Height":8,"Demand":0,"DemandMax":2,"Value":32},{"Length":76,"Height":36,"Demand":0,"DemandMax":1,"Value":2736},{"Length":32,"Height":34,"Demand":0,"DemandMax":1,"Value":3264},{"Length":47,"Height":30,"Demand":0,"DemandMax":1,"Value":1410},{"Length":88,"Height":7,"Demand":0,"DemandMax":1,"Value":1232},{"Length":39,"Height":10,"Demand":0,"DemandMax":1,"Value":390},{"Length":20,"Height":14,"Demand":0,"DemandMax":1,"Value":560},{"Length":72,"Height":80,"Demand":0,"DemandMax":1,"Value":11520},{"Length":45,"Height":21,"Demand":0,"DemandMax":1,"Value":2835},{"Length":17,"Height":34,"Demand":0,"DemandMax":1,"Value":1156},{"Length":21,"Height":43,"Demand":0,"DemandMax":1,"Value":903},{"Length":25,"Height":20,"Demand":0,"DemandMax":1,"Value":1500},{"Length":85,"Height":50,"Demand":0,"DemandMax":1,"Value":4250},{"Length":89,"Height":16,"Demand":0,"DemandMax":2,"Value":1424},{"Length":45,"Height":3,"Demand":0,"DemandMax":1,"Value":270},{"Length":44,"Height":44,"Demand":0,"DemandMax":1,"Value":3872},{"Length":74,"Height":93,"Demand":0,"DemandMax":1,"Value":20646},{"Length":49,"Height":96,"Demand":0,"DemandMax":1,"Value":14112},{"Length":14,"Height":30,"Demand":0,"DemandMax":1,"Value":840},{"Length":37,"Height":24,"Demand":0,"DemandMax":1,"Value":888},{"Length":3,"Height":37,"Demand":0,"DemandMax":1,"Value":222},{"Length":24,"Height":86,"Demand":0,"DemandMax":1,"Value":6192},{"Length":44,"Height":83,"Demand":0,"DemandMax":1,"Value":3652},{"Length":50,"Height":24,"Demand":0,"DemandMax":1,"Value":3600},{"Length":96,"Height":9,"Demand":0,"DemandMax":1,"Value":1728},{"Length":40,"Height":17,"Demand":0,"DemandMax":1,"Value":1360},{"Length":57,"Height":91,"Demand":0,"DemandMax":1,"Value":5187},{"Length":36,"Height":46,"Demand":0,"DemandMax":1,"Value":3312},{"Length":28,"Height":43,"Demand":0,"DemandMax":1,"Value":1204},{"Length":30,"Height":80,"Demand":0,"DemandMax":1,"Value":2400},{"Length":43,"Height":10,"Demand":0,"DemandMax":1,"Value":1290},{"Length":95,"Height":40,"Demand":0,"DemandMax":1,"Value":11400},{"Length":9,"Height":10,"Demand":0,"DemandMax":1,"Value":180},{"Length":95,"Height":50,"Demand":0,"DemandMax":1,"Value":4750},{"Length":12,"Height":36,"Demand":0,"DemandMax":1,"Value":432},{"Length":32,"Height":44,"Demand":0,"DemandMax":1,"Value":1408},{"Length":48,"Height":100,"Demand":0,"DemandMax":1,"Value":4800},{"Length":75,"Height":56,"Demand":0,"DemandMax":1,"Value":12600},{"Length":13,"Height":90,"Demand":0,"DemandMax":1,"Value":2340},{"Length":10,"Height":97,"Demand":0,"DemandMax":1,"Value":970},{"Length":97,"Height":44,"Demand":0,"DemandMax":1,"Value":4268},{"Length":44,"Height":77,"Demand":0,"DemandMax":1,"Value":10164},{"Length":47,"Height":50,"Demand":0,"DemandMax":1,"Value":4700},{"Length":8,"Height":81,"Demand":0,"DemandMax":1,"Value":648},{"Length":22,"Height":34,"Demand":0,"DemandMax":1,"Value":748},{"Length":45,"Height":98,"Demand":0,"DemandMax":1,"Value":8820},{"Length":50,"Height":9,"Demand":0,"DemandMax":1,"Value":900},{"Length":97,"Height":37,"Demand":0,"DemandMax":1,"Value":7178},{"Length":6,"Height":83,"Demand":0,"DemandMax":1,"Value":498},{"Length":20,"Height":31,"Demand":0,"DemandMax":1,"Value":620},{"Length":39,"Height":17,"Demand":0,"DemandMax":1,"Value":1326},{"Length":4,"Height":48,"Demand":0,"DemandMax":1,"Value":576},{"Length":89,"Height":2,"Demand":0,"DemandMax":1,"Value":178},{"Length":66,"Height":88,"Demand":0,"DemandMax":1,"Value":17424},{"Length":7,"Height":17,"Demand":0,"DemandMax":1,"Value":119},{"Length":3,"Height":90,"Demand":0,"DemandMax":1,"Value":540},{"Length":28,"Height":5,"Demand":0,"DemandMax":1,"Value":280},{"Length":97,"Height":42,"Demand":0,"DemandMax":1,"Value":4074},{"Length":11,"Height":17,"Demand":0,"DemandMax":1,"Value":561},{"Length":88,"Height":30,"Demand":0,"DemandMax":1,"Value":5280},{"Length":2,"Height":30,"Demand":0,"DemandMax":1,"Value":60},{"Length":35,"Height":28,"Demand":0,"DemandMax":1,"Value":980},{"Length":3,"Height":14,"Demand":0,"DemandMax":1,"Value":126},{"Length":91,"Height":74,"Demand":0,"DemandMax":1,"Value":6734},{"Length":23,"Height":4,"Demand":0,"DemandMax":1,"Value":92},{"Length":34,"Height":29,"Demand":0,"DemandMax":1,"Value":2958},{"Length":7,"Height":7,"Demand":0,"DemandMax":1,"Value":98},{"Length":9,"Height":29,"Demand":0,"DemandMax":1,"Value":261},{"Length":10,"Height":8,"Demand":0,"DemandMax":1,"Value":240},{"Length":11,"Height":76,"Demand":0,"DemandMax":1,"Value":1672},{"Length":8,"Height":35,"Demand":0,"DemandMax":1,"Value":280},{"Length":38,"Height":4,"Demand":0,"DemandMax":1,"Value":456},{"Length":9,"Height":31,"Demand":0,"DemandMax":1,"Value":279},{"Length":44,"Height":27,"Demand":0,"DemandMax":1,"Value":3564},{"Length":24,"Height":5,"Demand":0,"DemandMax":1,"Value":240},{"Length":21,"Height":20,"Demand":0,"DemandMax":1,"Value":840},{"Length":44,"Height":45,"Demand":0,"DemandMax":1,"Value":1980},{"Length":83,"Height":47,"Demand":0,"DemandMax":1,"Value":3901},{"Length":67,"Height":60,"Demand":0,"DemandMax":1,"Value":8040},{"Length":94,"Height":45,"Demand":0,"DemandMax":1,"Value":12690},{"Length":4,"Height":89,"Demand":0,"DemandMax":1,"Value":712},{"Length":24,"Height":2,"Demand":0,"DemandMax":1,"Value":96},{"Length":3,"Height":87,"Demand":0,"DemandMax":1,"Value":522},{"Length":47,"Height":16,"Demand":0,"DemandMax":1,"Value":1504},{"Length":37,"Height":38,"Demand":0,"DemandMax":1,"Value":1406},{"Length":49,"Height":22,"Demand":0,"DemandMax":1,"Value":3234},{"Length":87,"Height":69,"Demand":0,"DemandMax":1,"Value":18009},{"Length":15,"Height":100,"Demand":0,"DemandMax":1,"Value":3000},{"Length":40,"Height":76,"Demand":0,"DemandMax":1,"Value":3040},{"Length":38,"Height":42,"Demand":0,"DemandMax":1,"Value":3192},{"Length":82,"Height":22,"Demand":0,"DemandMax":1,"Value":1804},{"Length":96,"Height":80,"Demand":0,"DemandMax":1,"Value":7680},{"Length":3,"Height":16,"Demand":0,"DemandMax":1,"Value":96},{"Length":90,"Height":39,"Demand":0,"DemandMax":1,"Value":3510},{"Length":11,"Height":98,"Demand":0,"DemandMax":1,"Value":3234},{"Length":97,"Height":77,"Demand":0,"DemandMax":1,"Value":7469},{"Length":17,"Height":38,"Demand":0,"DemandMax":1,"Value":1938},{"Length":91,"Height":28,"Demand":0,"DemandMax":1,"Value":7644},{"Length":21,"Height":85,"Demand":0,"DemandMax":1,"Value":3570},{"Length":33,"Height":29,"Demand":0,"DemandMax":1,"Value":1914},{"Length":94,"Height":35,"Demand":0,"DemandMax":1,"Value":9870},{"Length":24,"Height":28,"Demand":0,"DemandMax":1,"Value":672},{"Length":98,"Height":93,"Demand":0,"DemandMax":1,"Value":9114},{"Length":32,"Height":4,"Demand":0,"DemandMax":1,"Value":128},{"Length":61,"Height":69,"Demand":0,"DemandMax":1,"Value":12627},{"Length":79,"Height":68,"Demand":0,"DemandMax":1,"Value":5372},{"Length":19,"Height":5,"Demand":0,"DemandMax":1,"Value":95},{"Length":24,"Height":39,"Demand":0,"DemandMax":1,"Value":936},{"Length":15,"Height":37,"Demand":0,"DemandMax":1,"Value":555},{"Length":51,"Height":83,"Demand":0,"DemandMax":1,"Value":4233},{"Length":42,"Height":27,"Demand":0,"DemandMax":1,"Value":1134},{"Length":94,"Height":42,"Demand":0,"DemandMax":1,"Value":3948},{"Length":37,"Height":25,"Demand":0,"DemandMax":1,"Value":2775},{"Length":12,"Height":28,"Demand":0,"DemandMax":1,"Value":336},{"Length":32,"Height":20,"Demand":0,"DemandMax":1,"Value":640},{"Length":95,"Height":17,"Demand":0,"DemandMax":1,"Value":1615},{"Length":31,"Height":21,"Demand":0,"DemandMax":1,"Value":651},{"Length":19,"Height":88,"Demand":0,"DemandMax":1,"Value":5016},{"Length":50,"Height":49,"Demand":0,"DemandMax":1,"Value":4900},{"Length":34,"Height":41,"Demand":0,"DemandMax":1,"Value":1394},{"Length":91,"Height":33,"Demand":0,"DemandMax":1,"Value":3003},{"Length":61,"Height":75,"Demand":0,"DemandMax":1,"Value":4575},{"Length":30,"Height":25,"Demand":0,"DemandMax":1,"Value":750},{"Length":45,"Height":23,"Demand":0,"DemandMax":1,"Value":2070},{"Length":49,"Height":98,"Demand":0,"DemandMax":1,"Value":14406},{"Length":87,"Height":67,"Demand":0,"DemandMax":1,"Value":11658},{"Length":39,"Height":41,"Demand":0,"DemandMax":1,"Value":4797},{"Length":6,"Height":7,"Demand":0,"DemandMax":1,"Value":42},{"Length":78,"Height":3,"Demand":0,"DemandMax":1,"Value":468},{"Length":17,"Height":84,"Demand":0,"DemandMax":1,"Value":4284},{"Length":9,"Height":50,"Demand":0,"DemandMax":1,"Value":1350},{"Length":35,"Height":39,"Demand":0,"DemandMax":1,"Value":2730},{"Length":34,"Height":10,"Demand":0,"DemandMax":1,"Value":340},{"Length":85,"Height":14,"Demand":0,"DemandMax":1,"Value":3570},{"Length":31,"Height":78,"Demand":0,"DemandMax":1,"Value":4836},{"Length":25,"Height":5,"Demand":0,"DemandMax":1,"Value":125},{"Length":54,"Height":52,"Demand":0,"DemandMax":1,"Value":5616},{"Length":20,"Height":96,"Demand":0,"DemandMax":1,"Value":1920},{"Length":96,"Height":40,"Demand":0,"DemandMax":1,"Value":7680},{"Length":100,"Height":6,"Demand":0,"DemandMax":1,"Value":1200},{"Length":44,"Height":9,"Demand":0,"DemandMax":1,"Value":792},{"Length":35,"Height":77,"Demand":0,"DemandMax":1,"Value":5390},{"Length":4,"Height":33,"Demand":0,"DemandMax":1,"Value":264},{"Length":24,"Height":27,"Demand":0,"DemandMax":1,"Value":1296},{"Length":59,"Height":74,"Demand":0,"DemandMax":1,"Value":13098},{"Length":14,"Height":24,"Demand":0,"DemandMax":1,"Value":672},{"Length":20,"Height":27,"Demand":0,"DemandMax":1,"Value":1620},{"Length":45,"Height":3,"Demand":0,"DemandMax":1,"Value":135},{"Length":81,"Height":21,"Demand":0,"DemandMax":1,"Value":5103},{"Length":38,"Height":9,"Demand":0,"DemandMax":1,"Value":684},{"Length":13,"Height":17,"Demand":0,"DemandMax":1,"Value":663},{"Length":28,"Height":22,"Demand":0,"DemandMax":1,"Value":1848},{"Length":50,"Height":8,"Demand":0,"DemandMax":1,"Value":400},{"Length":98,"Height":2,"Demand":0,"DemandMax":1,"Value":588},{"Length":36,"Height":31,"Demand":0,"DemandMax":1,"Value":1116},{"Length":35,"Height":84,"Demand":0,"DemandMax":1,"Value":2940},{"Length":47,"Height":95,"Demand":0,"DemandMax":1,"Value":4465},{"Length":7,"Height":33,"Demand":0,"DemandMax":1,"Value":462},{"Length":50,"Height":98,"Demand":0,"DemandMax":1,"Value":9800},{"Length":79,"Height":21,"Demand":0,"DemandMax":1,"Value":4977},{"Length":14,"Height":49,"Demand":0,"DemandMax":1,"Value":1372},{"Length":57,"Height":55,"Demand":0,"DemandMax":1,"Value":3135},{"Length":36,"Height":97,"Demand":0,"DemandMax":1,"Value":3492},{"Length":28,"Height":42,"Demand":0,"DemandMax":1,"Value":2352},{"Length":80,"Height":9,"Demand":0,"DemandMax":1,"Value":720},{"Length":18,"Height":32,"Demand":0,"DemandMax":1,"Value":1728},{"Length":91,"Height":56,"Demand":0,"DemandMax":1,"Value":15288},{"Length":97,"Height":45,"Demand":0,"DemandMax":1,"Value":4365},{"Length":46,"Height":79,"Demand":0,"DemandMax":1,"Value":10902},{"Length":31,"Height":42,"Demand":0,"DemandMax":1,"Value":2604},{"Length":92,"Height":87,"Demand":0,"DemandMax":1,"Value":8004},{"Length":85,"Height":7,"Demand":0,"DemandMax":1,"Value":595},{"Length":21,"Height":79,"Demand":0,"DemandMax":1,"Value":3318},{"Length":89,"Height":37,"Demand":0,"DemandMax":1,"Value":3293},{"Length":3,"Height":94,"Demand":0,"DemandMax":1,"Value":564},{"Length":27,"Height":29,"Demand":0,"DemandMax":1,"Value":1566},{"Length":34,"Height":7,"Demand":0,"DemandMax":1,"Value":714},{"Length":77,"Height":34,"Demand":0,"DemandMax":1,"Value":7854},{"Length":81,"Height":11,"Demand":0,"DemandMax":1,"Value":2673},{"Length":37,"Height":11,"Demand":0,"DemandMax":1,"Value":1221}]}