{"Name":"ngcutfs2_174","Objects":[{"Length":100,"Height":100,"Stock":null,"Cost":10000}],"Items":[{"Length":19,"Height":87,"Demand":0,"DemandMax":4,"Value":3306},{"Length":32,"Height":24,"Demand":0,"DemandMax":4,"Value":2304},{"Length":46,"Height":81,"Demand":0,"DemandMax":4,"Value":11178},{"Length":6,"Height":30,"Demand":0,"DemandMax":4,"Value":180},{"Length":22,"Height":89,"Demand":0,"DemandMax":4,"Value":5874},{"Length":40,"Height":32,"Demand":0,"DemandMax":4,"Value":1280},{"Length":28,"Height":25,"Demand":0,"DemandMax":4,"Value":700},{"Length":5,"Height":78,"Demand":0,"DemandMax":4,"Value":1170},{"Length":88,"Height":86,"Demand":0,"DemandMax":4,"Value":22704},{"Length":27,"Height":13,"Demand":0,"DemandMax":4,"Value":351},{"Length":4,"Height":7,"Demand":0,"DemandMax":4,"Value":28},{"Length":88,"Height":27,"Demand":0,"DemandMax":4,"Value":7128},{"Length":95,"Height":11,"Demand":0,"DemandMax":4,"Value":1045},{"Length":6,"Height":89,"Demand":0,"DemandMax":4,"Value":534},{"Length":30,"Height":39,"Demand":0,"DemandMax":4,"Value":1170},{"Length":41,"Height":33,"Demand":0,"DemandMax":4,"Value":1353},{"Length":41,"Height":38,"Demand":0,"DemandMax":4,"Value":4674},{"Length":28,"Height":43,"Demand":0,"DemandMax":4,"Value":3612},{"Length":46,"Height":12,"Demand":0,"DemandMax":4,"Value":1104},{"Length":30,"Height":27,"Demand":0,"DemandMax":4,"Value":810},{"Length":99,"Height":17,"Demand":0,"DemandMax":4,"Value":3366},{"Length":84,"Height":9,"Demand":0,"DemandMax":4,"Value":756},{"Length":2,"Height":84,"Demand":0,"DemandMax":4,"Value":336},{"Length":45,"Height":99,"Demand":0,"DemandMax":4,"Value":4455},{"Length":92,"Height":14,"Demand":0,"DemandMax":4,"Value":3864},{"Length":24,"Height":16,"Demand":0,"DemandMax":4,"Value":384},{"Length":79,"Height":95,"Demand":0,"DemandMax":4,"Value":15010},{"Length":10,"Height":41,"Demand":0,"DemandMax":4,"Value":410},{"Length":35,"Height":88,"Demand":0,"DemandMax":4,"Value":6160},{"Length":37,"Height":21,"Demand":0,"DemandMax":4,"Value":777},{"Length":31,"Height":4,"Demand":0,"DemandMax":4,"Value":248},{"Length":41,"Height":10,"Demand":0,"DemandMax":4,"Value":410},{"Length":42,"Height":27,"Demand":0,"DemandMax":4,"Value":1134},{"Length":4,"Height":86,"Demand":0,"DemandMax":4,"Value":688},{"Length":34,"Height":35,"Demand":0,"DemandMax":4,"Value":1190},{"Length":39,"Height":94,"Demand":0,"DemandMax":4,"Value":7332},{"Length":91,"Height":57,"Demand":0,"DemandMax":4,"Value":10374},{"Length":33,"Height":13,"Demand":0,"DemandMax":4,"Value":1287},{"Length":97,"Height":73,"Demand":0,"DemandMax":4,"Value":7081},{"Length":7,"Height":88,"Demand":0,"DemandMax":4,"Value":1848},{"Length":23,"Height":22,"Demand":0,"DemandMax":4,"Value":1518},{"Length":21,"Height":42,"Demand":0,"DemandMax":4,"Value":882},{"Length":12,"Height":82,"Demand":0,"DemandMax":4,"Value":1968},{"Length":25,"Height":87,"Demand":0,"DemandMax":4,"Value":6525},{"Length":80,"Height":17,"Demand":0,"DemandMax":4,"Value":2720},{"Length":63,"Height":70,"Demand":0,"DemandMax":4,"Value":13230},{"Length":29,"Height":18,"Demand":0,"DemandMax":4,"Value":1566},{"Length":47,"Height":39,"Demand":0,"DemandMax":4,"Value":5499},{"Length":8,"Height":95,"Demand":0,"DemandMax":4,"Value":2280},{"Length":25,"Height":42,"Demand":0,"DemandMax":4,"Value":1050},{"Length":20,"Height":46,"Demand":0,"DemandMax":4,"Value":2760},{"Length":31,"Height":98,"Demand":0,"DemandMax":4,"Value":6076},{"Length":35,"Height":41,"Demand":0,"DemandMax":8,"Value":4305},{"Length":16,"Height":87,"Demand":0,"DemandMax":4,"Value":4176},{"Length":87,"Height":5,"Demand":0,"DemandMax":4,"Value":1305},{"Length":42,"Height":17,"Demand":0,"DemandMax":4,"Value":1428},{"Length":24,"Height":3,"Demand":0,"DemandMax":4,"Value":72},{"Length":4,"Height":46,"Demand":0,"DemandMax":4,"Value":368},{"Length":42,"Height":12,"Demand":0,"DemandMax":4,"Value":1008},{"Length":97,"Height":27,"Demand":0,"DemandMax":4,"Value":2619},{"Length":49,"Height":37,"Demand":0,"DemandMax":4,"Value":3626},{"Length":88,"Height":23,"Demand":0,"DemandMax":4,"Value":6072},{"Length":78,"Height":41,"Demand":0,"DemandMax":4,"Value":3198},{"Length":13,"Height":9,"Demand":0,"DemandMax":4,"Value":117},{"Length":17,"Height":11,"Demand":0,"DemandMax":8,"Value":187},{"Length":12,"Height":98,"Demand":0,"DemandMax":4,"Value":2352},{"Length":97,"Height":87,"Demand":0,"DemandMax":4,"Value":25317},{"Length":40,"Height":46,"Demand":0,"DemandMax":4,"Value":3680},{"Length":6,"Height":19,"Demand":0,"DemandMax":4,"Value":114},{"Length":94,"Height":13,"Demand":0,"DemandMax":4,"Value":2444},{"Length":80,"Height":69,"Demand":0,"DemandMax":4,"Value":16560},{"Length":7,"Height":42,"Demand":0,"DemandMax":4,"Value":294},{"Length":95,"Height":96,"Demand":0,"DemandMax":4,"Value":18240},{"Length":20,"Height":84,"Demand":0,"DemandMax":4,"Value":3360},{"Length":20,"Height":79,"Demand":0,"DemandMax":4,"Value":3160},{"Length":14,"Height":23,"Demand":0,"DemandMax":4,"Value":644},{"Length":2,"Height":40,"Demand":0,"DemandMax":4,"Value":160},{"Length":13,"Height":11,"Demand":0,"DemandMax":4,"Value":286},{"Length":4,"Height":6,"Demand":0,"DemandMax":4,"Value":24},{"Length":76,"Height":21,"Demand":0,"DemandMax":4,"Value":3192},{"Length":77,"Height":54,"Demand":0,"DemandMax":4,"Value":12474},{"Length":29,"Height":31,"Demand":0,"DemandMax":4,"Value":899},{"Length":32,"Height":3,"Demand":0,"DemandMax":4,"Value":288},{"Length":36,"Height":48,"Demand":0,"DemandMax":4,"Value":3456},{"Length":36,"Height":11,"Demand":0,"DemandMax":4,"Value":396},{"Length":61,"Height":63,"Demand":0,"DemandMax":4,"Value":7686},{"Length":34,"Height":86,"Demand":0,"DemandMax":4,"Value":2924},{"Length":28,"Height":25,"Demand":0,"DemandMax":4,"Value":1400},{"Length":30,"Height":79,"Demand":0,"DemandMax":4,"Value":7110},{"Length":30,"Height":22,"Demand":0,"DemandMax":4,"Value":1320},{"Length":12,"Height":24,"Demand":0,"DemandMax":4,"Value":288},{"Length":61,"Height":74,"Demand":0,"DemandMax":4,"Value":4514},{"Length":40,"Height":34,"Demand":0,"DemandMax":4,"Value":1360},{"Length":71,"Height":97,"Demand":0,"DemandMax":4,"Value":6887},{"Length":4,"Height":86,"Demand":0,"DemandMax":4,"Value":1032},{"Length":38,"Height":14,"Demand":0,"DemandMax":4,"Value":532},{"Length":28,"Height":8,"Demand":0,"DemandMax":4,"Value":672},{"Length":86,"Height":76,"Demand":0,"DemandMax":4,"Value":19608},{"Length":6,"Height":89,"Demand":0,"DemandMax":4,"Value":1602},{"Length":31,"Height":28,"Demand":0,"DemandMax":4,"Value":1736},{"Length":32,"Height":100,"Demand":0,"DemandMax":4,"Value":6400},{"Length":40,"Height":29,"Demand":0,"DemandMax":4,"Value":3480},{"Length":7,"Height":36,"Demand":0,"DemandMax":4,"Value":756},{"Length":24,"Height":10,"Demand":0,"DemandMax":4,"Value":720},{"Length":41,"Height":37,"Demand":0,"DemandMax":8,"Value":3034},{"Length":48,"Height":32,"Demand":0,"DemandMax":8,"Value":4608},{"Length":42,"Height":18,"Demand":0,"DemandMax":4,"Value":756},{"Length":47,"Height":84,"Demand":0,"DemandMax":4,"Value":7896},{"Length":4,"Height":34,"Demand":0,"DemandMax":4,"Value":408},{"Length":59,"Height":76,"Demand":0,"DemandMax":4,"Value":8968},{"Length":49,"Height":45,"Demand":0,"DemandMax":4,"Value":6615},{"Length":94,"Height":29,"Demand":0,"DemandMax":4,"Value":2726},{"Length":17,"Height":21,"Demand":0,"DemandMax":4,"Value":714},{"Length":26,"Height":43,"Demand":0,"DemandMax":4,"Value":1118},{"Length":21,"Height":35,"Demand":0,"DemandMax":4,"Value":1470},{"Length":18,"Height":17,"Demand":0,"DemandMax":4,"Value":918},{"Length":36,"Height":28,"Demand":0,"DemandMax":4,"Value":1008},{"Length":71,"Height":51,"Demand":0,"DemandMax":4,"Value":10863},{"Length":13,"Height":27,"Demand":0,"DemandMax":4,"Value":1053},{"Length":98,"Height":19,"Demand":0,"DemandMax":4,"Value":5586},{"Length":4,"Height":91,"Demand":0,"DemandMax":4,"Value":1092},{"Length":10,"Height":42,"Demand":0,"DemandMax":4,"Value":840},{"Length":69,"Height":59,"Demand":0,"DemandMax":4,"Value":4071},{"Length":23,"Height":21,"Demand":0,"DemandMax":4,"Value":483},{"Length":38,"Height":40,"Demand":0,"DemandMax":4,"Value":1520},{"Length":31,"Height":35,"Demand":0,"DemandMax":4,"Value":2170},{"Length":9,"Height":15,"Demand":0,"DemandMax":4,"Value":270},{"Length":13,"Height":85,"Demand":0,"DemandMax":4,"Value":3315},{"Length":15,"Height":46,"Demand":0,"DemandMax":4,"Value":1380},{"Length":10,"Height":49,"Demand":0,"DemandMax":4,"Value":1470},{"Length":15,"Height":39,"Demand":0,"DemandMax":4,"Value":1170},{"Length":12,"Height":45,"Demand":0,"DemandMax":4,"Value":1620},{"Length":17,"Height":20,"Demand":0,"DemandMax":4,"Value":340},{"Length":13,"Height":48,"Demand":0,"DemandMax":4,"Value":1248},{"Length":43,"Height":39,"Demand":0,"DemandMax":4,"Value":3354},{"Length":79,"Height":49,"Demand":0,"DemandMax":4,"Value":3871},{"Length":39,"Height":43,"Demand":0,"DemandMax":4,"Value":1677},{"Length":85,"Height":29,"Demand":0,"DemandMax":4,"Value":4930},{"Length":21,"Height":12,"Demand":0,"DemandMax":4,"Value":504},{"Length":23,"Height":16,"Demand":0,"DemandMax":4,"Value":736},{"Length":97,"Height":12,"Demand":0,"DemandMax":4,"Value":3492},{"Length":48,"Height":50,"Demand":0,"DemandMax":4,"Value":7200},{"Length":49,"Height":100,"Demand":0,"DemandMax":4,"Value":14700},{"Length":17,"Height":20,"Demand":0,"DemandMax":4,"Value":680},{"Length":27,"Height":37,"Demand":0,"DemandMax":4,"Value":2997},{"Length":43,"Height":28,"Demand":0,"DemandMax":4,"Value":3612},{"Length":21,"Height":26,"Demand":0,"DemandMax":4,"Value":546},{"Length":90,"Height":100,"Demand":0,"DemandMax":4,"Value":27000},{"Length":4,"Height":29,"Demand":0,"DemandMax":4,"Value":348},{"Length":38,"Height":2,"Demand":0,"DemandMax":4,"Value":228},{"Length":26,"Height":48,"Demand":0,"DemandMax":4,"Value":2496},{"Length":95,"Height":48,"Demand":0,"DemandMax":4,"Value":4560},{"Length":25,"Height":40,"Demand":0,"DemandMax":4,"Value":3000},{"Length":92,"Height":56,"Demand":0,"DemandMax":4,"Value":10304},{"Length":87,"Height":13,"Demand":0,"DemandMax":4,"Value":1131},{"Length":78,"Height":90,"Demand":0,"DemandMax":4,"Value":7020},{"Length":6,"Height":27,"Demand":0,"DemandMax":4,"Value":324},{"Length":31,"Height":40,"Demand":0,"DemandMax":4,"Value":2480},{"Length":32,"Height":100,"Demand":0,"DemandMax":4,"Value":3200},{"Length":43,"Height":20,"Demand":0,"DemandMax":4,"Value":1720},{"Length":49,"Height":5,"Demand":0,"DemandMax":4,"Value":490},{"Length":28,"Height":28,"Demand":0,"DemandMax":4,"Value":784},{"Length":2,"Height":98,"Demand":0,"DemandMax":4,"Value":588},{"Length":25,"Height":33,"Demand":0,"DemandMax":4,"Value":1650},{"Length":8,"Height":84,"Demand":0,"DemandMax":4,"Value":1344},{"Length":36,"Height":14,"Demand":0,"DemandMax":4,"Value":1008},{"Length":84,"Height":17,"Demand":0,"DemandMax":4,"Value":2856},{"Length":76,"Height":30,"Demand":0,"DemandMax":4,"Value":4560},{"Length":27,"Height":89,"Demand":0,"DemandMax":4,"Value":4806},{"Length":99,"Height":72,"Demand":0,"DemandMax":4,"Value":14256},{"Length":12,"Height":40,"Demand":0,"DemandMax":4,"Value":480},{"Length":3,"Height":25,"Demand":0,"DemandMax":4,"Value":225},{"Length":24,"Height":77,"Demand":0,"DemandMax":4,"Value":5544},{"Length":24,"Height":13,"Demand":0,"DemandMax":4,"Value":312},{"Length":87,"Height":31,"Demand":0,"DemandMax":4,"Value":8091},{"Length":26,"Height":19,"Demand":0,"DemandMax":4,"Value":494},{"Length":36,"Height":49,"Demand":0,"DemandMax":4,"Value":1764},{"Length":78,"Height":35,"Demand":0,"DemandMax":4,"Value":8190},{"Length":11,"Height":31,"Demand":0,"DemandMax":4,"Value":341},{"Length":20,"Height":96,"Demand":0,"DemandMax":4,"Value":3840},{"Length":99,"Height":96,"Demand":0,"DemandMax":4,"Value":19008},{"Length":76,"Height":39,"Demand":0,"DemandMax":4,"Value":2964},{"Length":83,"Height":49,"Demand":0,"DemandMax":4,"Value":4067},{"Length":67,"Height":98,"Demand":0,"DemandMax":4,"Value":19698},{"Length":26,"Height":35,"Demand":0,"DemandMax":4,"Value":910},{"Length":85,"Height":90,"Demand":0,"DemandMax":4,"Value":22950},{"Length":80,"Height":48,"Demand":0,"DemandMax":4,"Value":7680},{"Length":31,"Height":46,"Demand":0,"DemandMax":4,"Value":4278},{"Length":85,"Height":37,"Demand":0,"DemandMax":4,"Value":6290},{"Length":86,"Height":41,"Demand":0,"DemandMax":4,"Value":7052},{"Length":10,"Height":19,"Demand":0,"DemandMax":4,"Value":570},{"Length":20,"Height":78,"Demand":0,"DemandMax":4,"Value":3120},{"Length":78,"Height":66,"Demand":0,"DemandMax":4,"Value":10296},{"Length":17,"Height":33,"Demand":0,"DemandMax":4,"Value":1683},{"Length":36,"Height":7,"Demand":0,"DemandMax":4,"Value":252},{"Length":88,"Height":16,"Demand":0,"DemandMax":4,"Value":1408},{"Length":87,"Height":20,"Demand":0,"DemandMax":4,"Value":3480},{"Length":7,"Height":18,"Demand":0,"DemandMax":4,"Value":126},{"Length":25,"Height":45,"Demand":0,"DemandMax":4,"Value":1125},{"Length":44,"Height":35,"Demand":0,"DemandMax":4,"Value":3080},{"Length":84,"Height":96,"Demand":0,"DemandMax":4,"Value":8064},{"Length":95,"Height":32,"Demand":0,"DemandMax":4,"Value":3040},{"Length":42,"Height":9,"Demand":0,"DemandMax":4,"Value":378},{"Length":7,"Height":42,"Demand":0,"DemandMax":4,"Value":882},{"Length":66,"Height":75,"Demand":0,"DemandMax":4,"Value":9900},{"Length":12,"Height":43,"Demand":0,"DemandMax":4,"Value":516},{"Length":34,"Height":40,"Demand":0,"DemandMax":4,"Value":2720},{"Length":26,"Height":17,"Demand":0,"DemandMax":4,"Value":884},{"Length":40,"Height":16,"Demand":0,"DemandMax":4,"Value":1280},{"Length":100,"Height":85,"Demand":0,"DemandMax":4,"Value":25500},{"Length":23,"Height":36,"Demand":0,"DemandMax":4,"Value":828},{"Length":64,"Height":75,"Demand":0,"DemandMax":4,"Value":14400},{"Length":33,"Height":31,"Demand":0,"DemandMax":4,"Value":1023},{"Length":37,"Height":87,"Demand":0,"DemandMax":4,"Value":9657},{"Length":13,"Height":29,"Demand":0,"DemandMax":4,"Value":377},{"Length":20,"Height":3,"Demand":0,"DemandMax":4,"Value":120},{"Length":33,"Height":37,"Demand":0,"DemandMax":4,"Value":1221},{"Length":91,"Height":68,"Demand":0,"DemandMax":4,"Value":18564},{"Length":47,"Height":15,"Demand":0,"DemandMax":4,"Value":2115},{"Length":23,"Height":33,"Demand":0,"DemandMax":4,"Value":1518},{"Length":40,"Height":38,"Demand":0,"DemandMax":4,"Value":3040},{"Length":13,"Height":8,"Demand":0,"DemandMax":4,"Value":104},{"Length":84,"Height":48,"Demand":0,"DemandMax":4,"Value":8064},{"Length":33,"Height":88,"Demand":0,"DemandMax":4,"Value":5808},{"Length":46,"Height":34,"Demand":0,"DemandMax":4,"Value":4692},{"Length":85,"Height":44,"Demand":0,"DemandMax":4,"Value":3740},{"Length":23,"Height":44,"Demand":0,"DemandMax":4,"Value":1012},{"Length":25,"Height":26,"Demand":0,"DemandMax":4,"Value":1950},{"Length":39,"Height":32,"Demand":0,"DemandMax":4,"Value":3744},{"Length":38,"Height":29,"Demand":0,"DemandMax":4,"Value":3306},{"Length":89,"Height":3,"Demand":0,"DemandMax":4,"Value":534},{"Length":45,"Height":10,"Demand":0,"DemandMax":4,"Value":1350},{"Length":28,"Height":46,"Demand":0,"DemandMax":4,"Value":3864},{"Length":46,"Height":21,"Demand":0,"DemandMax":4,"Value":2898},{"Length":7,"Height":93,"Demand":0,"DemandMax":4,"Value":1302},{"Length":30,"Height":24,"Demand":0,"DemandMax":4,"Value":1440},{"Length":15,"Height":16,"Demand":0,"DemandMax":4,"Value":480},{"Length":71,"Height":72,"Demand":0,"DemandMax":4,"Value":15336},{"Length":94,"Height":19,"Demand":0,"DemandMax":4,"Value":5358},{"Length":68,"Height":77,"Demand":0,"DemandMax":4,"Value":15708},{"Length":34,"Height":39,"Demand":0,"DemandMax":4,"Value":3978},{"Length":33,"Height":48,"Demand":0,"DemandMax":4,"Value":4752},{"Length":79,"Height":10,"Demand":0,"DemandMax":4,"Value":2370},{"Length":40,"Height":24,"Demand":0,"DemandMax":4,"Value":960},{"Length":26,"Height":29,"Demand":0,"DemandMax":4,"Value":754},{"Length":20,"Height":33,"Demand":0,"DemandMax":4,"Value":660},{"Length":5,"Height":14,"Demand":0,"DemandMax":4,"Value":140},{"Length":56,"Height":58,"Demand":0,"DemandMax":4,"Value":9744},{"Length":77,"Height":44,"Demand":0,"DemandMax":4,"Value":3388},{"Length":2,"Height":36,"Demand":0,"DemandMax":4,"Value":72},{"Length":69,"Height":67,"Demand":0,"DemandMax":4,"Value":9246},{"Length":42,"Height":48,"Demand":0,"DemandMax":4,"Value":2016},{"Length":88,"Height":80,"Demand":0,"DemandMax":4,"Value":14080},{"Length":6,"Height":4,"Demand":0,"DemandMax":4,"Value":48},{"Length":92,"Height":2,"Demand":0,"DemandMax":4,"Value":184},{"Length":25,"Height":92,"Demand":0,"DemandMax":4,"Value":2300},{"Length":84,"Height":50,"Demand":0,"DemandMax":4,"Value":4200},{"Length":5,"Height":40,"Demand":0,"DemandMax":4,"Value":600},{"Length":98,"Height":33,"Demand":0,"DemandMax":4,"Value":9702},{"Length":100,"Height":6,"Demand":0,"DemandMax":4,"Value":600},{"Length":77,"Height":63,"Demand":0,"DemandMax":4,"Value":14553},{"Length":25,"Height":31,"Demand":0,"DemandMax":4,"Value":2325},{"Length":31,"Height":14,"Demand":0,"DemandMax":4,"Value":1302},{"Length":86,"Height":17,"Demand":0,"DemandMax":4,"Value":4386},{"Length":19,"Height":25,"Demand":0,"DemandMax":4,"Value":1425},{"Length":17,"Height":79,"Demand":0,"DemandMax":4,"Value":1343},{"Length":12,"Height":23,"Demand":0,"DemandMax":4,"Value":828},{"Length":42,"Height":22,"Demand":0,"DemandMax":4,"Value":2772},{"Length":15,"Height":40,"Demand":0,"DemandMax":4,"Value":1200},{"Length":40,"Height":80,"Demand":0,"DemandMax":4,"Value":9600},{"Length":83,"Height":47,"Demand":0,"DemandMax":4,"Value":11703},{"Length":3,"Height":36,"Demand":0,"DemandMax":4,"Value":216},{"Length":94,"Height":30,"Demand":0,"DemandMax":4,"Value":8460},{"Length":41,"Height":34,"Demand":0,"DemandMax":4,"Value":4182},{"Length":25,"Height":16,"Demand":0,"DemandMax":4,"Value":400},{"Length":25,"Height":42,"Demand":0,"DemandMax":4,"Value":2100},{"Length":5,"Height":19,"Demand":0,"DemandMax":4,"Value":285},{"Length":45,"Height":26,"Demand":0,"DemandMax":4,"Value":2340},{"Length":86,"Height":30,"Demand":0,"DemandMax":4,"Value":7740},{"Length":82,"Height":73,"Demand":0,"DemandMax":4,"Value":11972},{"Length":33,"Height":9,"Demand":0,"DemandMax":4,"Value":297},{"Length":24,"Height":88,"Demand":0,"DemandMax":8,"Value":6336},{"Length":40,"Height":37,"Demand":0,"DemandMax":4,"Value":2960},{"Length":48,"Height":15,"Demand":0,"DemandMax":4,"Value":2160},{"Length":39,"Height":35,"Demand":0,"DemandMax":4,"Value":4095},{"Length":98,"Height":39,"Demand":0,"DemandMax":4,"Value":11466},{"Length":6,"Height":7,"Demand":0,"DemandMax":8,"Value":84},{"Length":60,"Height":56,"Demand":0,"DemandMax":4,"Value":10080},{"Length":77,"Height":80,"Demand":0,"DemandMax":4,"Value":12320},{"Length":95,"Height":44,"Demand":0,"DemandMax":4,"Value":4180},{"Length":39,"Height":39,"Demand":0,"DemandMax":4,"Value":4563},{"Length":81,"Height":44,"Demand":0,"DemandMax":4,"Value":10692},{"Length":96,"Height":26,"Demand":0,"DemandMax":4,"Value":2496},{"Length":93,"Height":26,"Demand":0,"DemandMax":4,"Value":4836},{"Length":96,"Height":3,"Demand":0,"DemandMax":4,"Value":288},{"Length":7,"Height":3,"Demand":0,"DemandMax":4,"Value":42},{"Length":7,"Height":14,"Demand":0,"DemandMax":4,"Value":294},{"Length":33,"Height":19,"Demand":0,"DemandMax":4,"Value":1254},{"Length":79,"Height":3,"Demand":0,"DemandMax":4,"Value":474},{"Length":50,"Height":16,"Demand":0,"DemandMax":4,"Value":2400},{"Length":97,"Height":75,"Demand":0,"DemandMax":4,"Value":21825},{"Length":37,"Height":97,"Demand":0,"DemandMax":4,"Value":7178},{"Length":6,"Height":20,"Demand":0,"DemandMax":4,"Value":240},{"Length":47,"Height":45,"Demand":0,"DemandMax":4,"Value":4230},{"Length":10,"Height":31,"Demand":0,"DemandMax":4,"Value":310},{"Length":14,"Height":18,"Demand":0,"DemandMax":4,"Value":504},{"Length":80,"Height":6,"Demand":0,"DemandMax":4,"Value":960},{"Length":56,"Height":89,"Demand":0,"DemandMax":4,"Value":4984},{"Length":95,"Height":77,"Demand":0,"DemandMax":4,"Value":14630},{"Length":81,"Height":19,"Demand":0,"DemandMax":4,"Value":3078},{"Length":81,"Height":40,"Demand":0,"DemandMax":4,"Value":9720},{"Length":91,"Height":42,"Demand":0,"DemandMax":4,"Value":3822},{"Length":43,"Height":36,"Demand":0,"DemandMax":4,"Value":3096},{"Length":90,"Height":34,"Demand":0,"DemandMax":4,"Value":3060},{"Length":41,"Height":43,"Demand":0,"DemandMax":4,"Value":1763},{"Length":30,"Height":38,"Demand":0,"DemandMax":4,"Value":1140},{"Length":13,"Height":20,"Demand":0,"DemandMax":4,"Value":520},{"Length":94,"Height":8,"Demand":0,"DemandMax":4,"Value":752},{"Length":6,"Height":91,"Demand":0,"DemandMax":4,"Value":1638},{"Length":36,"Height":8,"Demand":0,"DemandMax":4,"Value":288},{"Length":16,"Height":12,"Demand":0,"DemandMax":4,"Value":192},{"Length":39,"Height":9,"Demand":0,"DemandMax":4,"Value":702},{"Length":29,"Height":26,"Demand":0,"DemandMax":4,"Value":2262},{"Length":21,"Height":11,"Demand":0,"DemandMax":4,"Value":693},{"Length":17,"Height":34,"Demand":0,"DemandMax":4,"Value":578},{"Length":93,"Height":90,"Demand":0,"DemandMax":4,"Value":8370},{"Length":41,"Height":49,"Demand":0,"DemandMax":4,"Value":6027},{"Length":20,"Height":3,"Demand":0,"DemandMax":4,"Value":180},{"Length":10,"Height":26,"Demand":0,"DemandMax":4,"Value":780},{"Length":38,"Height":42,"Demand":0,"DemandMax":4,"Value":4788},{"Length":20,"Height":18,"Demand":0,"DemandMax":4,"Value":1080},{"Length":7,"Height":93,"Demand":0,"DemandMax":4,"Value":651},{"Length":70,"Height":96,"Demand":0,"DemandMax":4,"Value":13440},{"Length":98,"Height":89,"Demand":0,"DemandMax":4,"Value":17444},{"Length":13,"Height":46,"Demand":0,"DemandMax":4,"Value":598},{"Length":8,"Height":92,"Demand":0,"DemandMax":4,"Value":2208},{"Length":74,"Height":93,"Demand":0,"DemandMax":4,"Value":6882},{"Length":50,"Height":40,"Demand":0,"DemandMax":4,"Value":4000},{"Length":27,"Height":83,"Demand":0,"DemandMax":4,"Value":6723},{"Length":19,"Height":35,"Demand":0,"DemandMax":4,"Value":1330},{"Length":82,"Height":45,"Demand":0,"DemandMax":4,"Value":7380},{"Length":46,"Height":7,"Demand":0,"DemandMax":4,"Value":966},{"Length":29,"Height":47,"Demand":0,"DemandMax":4,"Value":2726},{"Length":6,"Height":43,"Demand":0,"DemandMax":4,"Value":516},{"Length":43,"Height":47,"Demand":0,"DemandMax":4,"Value":6063},{"Length":17,"Height":48,"Demand":0,"DemandMax":4,"Value":816},{"Length":22,"Height":11,"Demand":0,"DemandMax":4,"Value":484},{"Length":2,"Height":8,"Demand":0,"DemandMax":4,"Value":32},{"Length":49,"Height":25,"Demand":0,"DemandMax":4,"Value":1225},{"Length":43,"Height":83,"Demand":0,"DemandMax":4,"Value":10707},{"Length":4,"Height":19,"Demand":0,"DemandMax":4,"Value":228},{"Length":21,"Height":25,"Demand":0,"DemandMax":4,"Value":525},{"Length":19,"Height":44,"Demand":0,"DemandMax":4,"Value":2508},{"Length":26,"Height":76,"Demand":0,"DemandMax":4,"Value":5928},{"Length":28,"Height":22,"Demand":0,"DemandMax":4,"Value":1848},{"Length":48,"Height":83,"Demand":0,"DemandMax":4,"Value":7968},{"Length":87,"Height":24,"Demand":0,"DemandMax":4,"Value":2088},{"Length":2,"Height":91,"Demand":0,"DemandMax":4,"Value":546},{"Length":12,"Height":39,"Demand":0,"DemandMax":4,"Value":1404},{"Length":72,"Height":78,"Demand":0,"DemandMax":4,"Value":5616},{"Length":25,"Height":85,"Demand":0,"DemandMax":4,"Value":2125},{"Length":27,"Height":12,"Demand":0,"DemandMax":4,"Value":972},{"Length":84,"Height":11,"Demand":0,"DemandMax":4,"Value":1848},{"Length":36,"Height":12,"Demand":0,"DemandMax":4,"Value":432},{"Length":96,"Height":65,"Demand":0,"DemandMax":4,"Value":12480},{"Length":76,"Height":83,"Demand":0,"DemandMax":8,"Value":18924},{"Length":34,"Height":41,"Demand":0,"DemandMax":4,"Value":1394},{"Length":24,"Height":6,"Demand":0,"DemandMax":4,"Value":288},{"Length":83,"Height":51,"Demand":0,"DemandMax":4,"Value":12699},{"Length":41,"Height":36,"Demand":0,"DemandMax":4,"Value":2952},{"Length":25,"Height":28,"Demand":0,"DemandMax":4,"Value":700},{"Length":58,"Height":72,"Demand":0,"DemandMax":4,"Value":12528},{"Length":24,"Height":40,"Demand":0,"DemandMax":4,"Value":2880},{"Length":92,"Height":79,"Demand":0,"DemandMax":4,"Value":14536},{"Length":30,"Height":48,"Demand":0,"DemandMax":4,"Value":2880},{"Length":55,"Height":79,"Demand":0,"DemandMax":4,"Value":13035},{"Length":29,"Height":76,"Demand":0,"DemandMax":4,"Value":2204},{"Length":88,"Height":66,"Demand":0,"DemandMax":4,"Value":11616},{"Length":78,"Height":63,"Demand":0,"DemandMax":4,"Value":4914},{"Length":7,"Height":41,"Demand":0,"DemandMax":4,"Value":861},{"Length":37,"Height":49,"Demand":0,"DemandMax":4,"Value":1813},{"Length":7,"Height":86,"Demand":0,"DemandMax":4,"Value":602},{"Length":50,"Height":26,"Demand":0,"DemandMax":4,"Value":2600},{"Length":55,"Height":72,"Demand":0,"DemandMax":4,"Value":7920},{"Length":85,"Height":21,"Demand":0,"DemandMax":4,"Value":3570},{"Length":39,"Height":18,"Demand":0,"DemandMax":4,"Value":2106},{"Length":18,"Height":46,"Demand":0,"DemandMax":4,"Value":828},{"Length":49,"Height":39,"Demand":0,"DemandMax":4,"Value":5733},{"Length":3,"Height":45,"Demand":0,"DemandMax":4,"Value":405},{"Length":29,"Height":79,"Demand":0,"DemandMax":4,"Value":6873},{"Length":32,"Height":20,"Demand":0,"DemandMax":4,"Value":640},{"Length":28,"Height":3,"Demand":0,"DemandMax":4,"Value":252},{"Length":79,"Height":78,"Demand":0,"DemandMax":4,"Value":12324},{"Length":58,"Height":85,"Demand":0,"DemandMax":4,"Value":14790},{"Length":86,"Height":53,"Demand":0,"DemandMax":4,"Value":13674},{"Length":93,"Height":42,"Demand":0,"DemandMax":4,"Value":7812},{"Length":7,"Height":3,"Demand":0,"DemandMax":4,"Value":63},{"Length":26,"Height":27,"Demand":0,"DemandMax":4,"Value":1404},{"Length":83,"Height":42,"Demand":0,"DemandMax":4,"Value":3486},{"Length":25,"Height":32,"Demand":0,"DemandMax":4,"Value":800},{"Length":21,"Height":91,"Demand":0,"DemandMax":4,"Value":5733},{"Length":50,"Height":34,"Demand":0,"DemandMax":4,"Value":1700},{"Length":85,"Height":81,"Demand":0,"DemandMax":4,"Value":20655},{"Length":17,"Height":32,"Demand":0,"DemandMax":4,"Value":1632},{"Length":10,"Height":4,"Demand":0,"DemandMax":4,"Value":120},{"Length":46,"Height":93,"Demand":0,"DemandMax":4,"Value":4278},{"Length":9,"Height":4,"Demand":0,"DemandMax":4,"Value":72},{"Length":18,"Height":83,"Demand":0,"DemandMax":4,"Value":4482},{"Length":62,"Height":56,"Demand":0,"DemandMax":4,"Value":6944},{"Length":25,"Height":39,"Demand":0,"DemandMax":4,"Value":975},{"Length":50,"Height":36,"Demand":0,"DemandMax":4,"Value":5400},{"Length":7,"Height":42,"Demand":0,"DemandMax":4,"Value":588},{"Length":86,"Height":45,"Demand":0,"DemandMax":4,"Value":7740},{"Length":43,"Height":12,"Demand":0,"DemandMax":4,"Value":1548},{"Length":42,"Height":28,"Demand":0,"DemandMax":4,"Value":2352},{"Length":12,"Height":19,"Demand":0,"DemandMax":4,"Value":684},{"Length":81,"Height":36,"Demand":0,"DemandMax":4,"Value":2916},{"Length":68,"Height":64,"Demand":0,"DemandMax":4,"Value":8704},{"Length":34,"Height":23,"Demand":0,"DemandMax":4,"Value":782},{"Length":90,"Height":78,"Demand":0,"DemandMax":4,"Value":21060},{"Length":65,"Height":71,"Demand":0,"DemandMax":4,"Value":9230},{"Length":24,"Height":32,"Demand":0,"DemandMax":4,"Value":1536},{"Length":18,"Height":49,"Demand":0,"DemandMax":4,"Value":1764},{"Length":43,"Height":77,"Demand":0,"DemandMax":4,"Value":3311},{"Length":21,"Height":98,"Demand":0,"DemandMax":4,"Value":6174},{"Length":38,"Height":38,"Demand":0,"DemandMax":4,"Value":2888},{"Length":44,"Height":87,"Demand":0,"DemandMax":4,"Value":11484},{"Length":31,"Height":20,"Demand":0,"DemandMax":4,"Value":620},{"Length":13,"Height":8,"Demand":0,"DemandMax":4,"Value":208},{"Length":32,"Height":46,"Demand":0,"DemandMax":8,"Value":4416},{"Length":76,"Height":22,"Demand":0,"DemandMax":4,"Value":5016},{"Length":30,"Height":13,"Demand":0,"DemandMax":4,"Value":1170},{"Length":39,"Height":87,"Demand":0,"DemandMax":4,"Value":3393},{"Length":34,"Height":29,"Demand":0,"DemandMax":4,"Value":986},{"Length":28,"Height":46,"Demand":0,"DemandMax":4,"Value":1288},{"Length":95,"Height":87,"Demand":0,"DemandMax":4,"Value":8265},{"Length":20,"Height":36,"Demand":0,"DemandMax":4,"Value":720},{"Length":78,"Height":2,"Demand":0,"DemandMax":4,"Value":312},{"Length":94,"Height":40,"Demand":0,"DemandMax":4,"Value":11280},{"Length":5,"Height":22,"Demand":0,"DemandMax":4,"Value":330},{"Length":82,"Height":22,"Demand":0,"DemandMax":4,"Value":5412},{"Length":21,"Height":31,"Demand":0,"DemandMax":4,"Value":651},{"Length":19,"Height":14,"Demand":0,"DemandMax":4,"Value":798},{"Length":19,"Height":14,"Demand":0,"DemandMax":4,"Value":532},{"Length":32,"Height":16,"Demand":0,"DemandMax":4,"Value":1536},{"Length":47,"Height":81,"Demand":0,"DemandMax":4,"Value":7614},{"Length":71,"Height":86,"Demand":0,"DemandMax":4,"Value":12212},{"Length":96,"Height":35,"Demand":0,"DemandMax":4,"Value":10080},{"Length":14,"Height":12,"Demand":0,"DemandMax":4,"Value":504},{"Length":52,"Height":91,"Demand":0,"DemandMax":4,"Value":14196},{"Length":67,"Height":58,"Demand":0,"DemandMax":4,"Value":11658},{"Length":24,"Height":96,"Demand":0,"DemandMax":4,"Value":4608},{"Length":92,"Height":2,"Demand":0,"DemandMax":4,"Value":368},{"Length":32,"Height":89,"Demand":0,"DemandMax":4,"Value":8544},{"Length":26,"Height":9,"Demand":0,"DemandMax":4,"Value":234},{"Length":30,"Height":26,"Demand":0,"DemandMax":4,"Value":780},{"Length":30,"Height":97,"Demand":0,"DemandMax":4,"Value":8730},{"Length":46,"Height":27,"Demand":0,"DemandMax":4,"Value":3726},{"Length":89,"Height":76,"Demand":0,"DemandMax":4,"Value":13528},{"Length":48,"Height":40,"Demand":0,"DemandMax":4,"Value":3840},{"Length":23,"Height":24,"Demand":0,"DemandMax":4,"Value":1656},{"Length":54,"Height":63,"Demand":0,"DemandMax":4,"Value":10206},{"Length":22,"Height":38,"Demand":0,"DemandMax":4,"Value":2508},{"Length":10,"Height":34,"Demand":0,"DemandMax":4,"Value":1020},{"Length":10,"Height":89,"Demand":0,"DemandMax":4,"Value":2670},{"Length":10,"Height":43,"Demand":0,"DemandMax":4,"Value":430},{"Length":24,"Height":99,"Demand":0,"DemandMax":4,"Value":2376},{"Length":91,"Height":28,"Demand":0,"DemandMax":4,"Value":7644},{"Length":23,"Height":2,"Demand":0,"DemandMax":4,"Value":138},{"Length":66,"Height":79,"Demand":0,"DemandMax":4,"Value":10428},{"Length":42,"Height":33,"Demand":0,"DemandMax":4,"Value":4158},{"Length":87,"Height":32,"Demand":0,"DemandMax":4,"Value":8352},{"Length":56,"Height":69,"Demand":0,"DemandMax":4,"Value":11592},{"Length":10,"Height":18,"Demand":0,"DemandMax":4,"Value":180},{"Length":43,"Height":42,"Demand":0,"DemandMax":4,"Value":5418},{"Length":64,"Height":58,"Demand":0,"DemandMax":4,"Value":11136},{"Length":7,"Height":9,"Demand":0,"DemandMax":4,"Value":63},{"Length":15,"Height":38,"Demand":0,"DemandMax":4,"Value":570},{"Length":26,"Height":81,"Demand":0,"DemandMax":4,"Value":2106},{"Length":94,"Height":36,"Demand":0,"DemandMax":4,"Value":3384},{"Length":83,"Height":12,"Demand":0,"DemandMax":4,"Value":1992},{"Length":83,"Height":87,"Demand":0,"DemandMax":4,"Value":14442},{"Length":18,"Height":22,"Demand":0,"DemandMax":4,"Value":1188},{"Length":14,"Height":99,"Demand":0,"DemandMax":4,"Value":2772},{"Length":69,"Height":62,"Demand":0,"DemandMax":4,"Value":8556},{"Length":16,"Height":28,"Demand":0,"DemandMax":4,"Value":1344},{"Length":29,"Height":49,"Demand":0,"DemandMax":4,"Value":1421},{"Length":6,"Height":12,"Demand":0,"DemandMax":4,"Value":216},{"Length":48,"Height":37,"Demand":0,"DemandMax":4,"Value":1776},{"Length":78,"Height":67,"Demand":0,"DemandMax":4,"Value":15678},{"Length":94,"Height":64,"Demand":0,"DemandMax":4,"Value":18048},{"Length":15,"Height":26,"Demand":0,"DemandMax":4,"Value":390}]}