{"Name":"ngcutfs3_58","Objects":[{"Length":100,"Height":100,"Stock":null,"Cost":10000}],"Items":[{"Length":17,"Height":6,"Demand":0,"DemandMax":4,"Value":204},{"Length":15,"Height":6,"Demand":0,"DemandMax":4,"Value":90},{"Length":50,"Height":19,"Demand":0,"DemandMax":4,"Value":1900},{"Length":45,"Height":20,"Demand":0,"DemandMax":4,"Value":2700},{"Length":10,"Height":96,"Demand":0,"DemandMax":4,"Value":1920},{"Length":57,"Height":99,"Demand":0,"DemandMax":4,"Value":16929},{"Length":11,"Height":36,"Demand":0,"DemandMax":4,"Value":396},{"Length":27,"Height":18,"Demand":0,"DemandMax":4,"Value":486},{"Length":34,"Height":41,"Demand":0,"DemandMax":4,"Value":1394},{"Length":49,"Height":27,"Demand":0,"DemandMax":4,"Value":3969},{"Length":35,"Height":19,"Demand":0,"DemandMax":4,"Value":1330},{"Length":46,"Height":8,"Demand":0,"DemandMax":4,"Value":736},{"Length":49,"Height":14,"Demand":0,"DemandMax":4,"Value":2058},{"Length":25,"Height":22,"Demand":0,"DemandMax":4,"Value":1100},{"Length":39,"Height":16,"Demand":0,"DemandMax":4,"Value":624},{"Length":40,"Height":29,"Demand":0,"DemandMax":4,"Value":3480},{"Length":34,"Height":17,"Demand":0,"DemandMax":4,"Value":1734},{"Length":37,"Height":28,"Demand":0,"DemandMax":4,"Value":1036},{"Length":84,"Height":77,"Demand":0,"DemandMax":4,"Value":6468},{"Length":79,"Height":67,"Demand":0,"DemandMax":4,"Value":15879},{"Length":4,"Height":4,"Demand":0,"DemandMax":4,"Value":48},{"Length":9,"Height":42,"Demand":0,"DemandMax":4,"Value":378},{"Length":45,"Height":49,"Demand":0,"DemandMax":4,"Value":6615},{"Length":86,"Height":80,"Demand":0,"DemandMax":4,"Value":20640},{"Length":20,"Height":35,"Demand":0,"DemandMax":4,"Value":1400},{"Length":33,"Height":92,"Demand":0,"DemandMax":4,"Value":3036},{"Length":36,"Height":21,"Demand":0,"DemandMax":4,"Value":1512},{"Length":87,"Height":12,"Demand":0,"DemandMax":4,"Value":2088},{"Length":21,"Height":21,"Demand":0,"DemandMax":4,"Value":1323},{"Length":44,"Height":42,"Demand":0,"DemandMax":4,"Value":3696},{"Length":23,"Height":45,"Demand":0,"DemandMax":4,"Value":2070},{"Length":35,"Height":37,"Demand":0,"DemandMax":4,"Value":2590},{"Length":3,"Height":41,"Demand":0,"DemandMax":4,"Value":246},{"Length":17,"Height":43,"Demand":0,"DemandMax":4,"Value":2193},{"Length":89,"Height":42,"Demand":0,"DemandMax":4,"Value":11214},{"Length":46,"Height":3,"Demand":0,"DemandMax":4,"Value":138},{"Length":43,"Height":38,"Demand":0,"DemandMax":4,"Value":4902},{"Length":11,"Height":33,"Demand":0,"DemandMax":4,"Value":726},{"Length":17,"Height":30,"Demand":0,"DemandMax":4,"Value":510},{"Length":78,"Height":34,"Demand":0,"DemandMax":4,"Value":2652},{"Length":10,"Height":36,"Demand":0,"DemandMax":4,"Value":360},{"Length":22,"Height":31,"Demand":0,"DemandMax":4,"Value":682},{"Length":23,"Height":48,"Demand":0,"DemandMax":4,"Value":3312},{"Length":24,"Height":38,"Demand":0,"DemandMax":4,"Value":2736},{"Length":30,"Height":5,"Demand":0,"DemandMax":4,"Value":150},{"Length":21,"Height":5,"Demand":0,"DemandMax":4,"Value":315},{"Length":32,"Height":37,"Demand":0,"DemandMax":4,"Value":1184},{"Length":99,"Height":6,"Demand":0,"DemandMax":4,"Value":594},{"Length":24,"Height":45,"Demand":0,"DemandMax":4,"Value":3240},{"Length":12,"Height":50,"Demand":0,"DemandMax":4,"Value":1800}]}