{"Name":"ngcutfs1_14","Objects":[{"Length":100,"Height":100,"Stock":null,"Cost":10000}],"Items":[{"Length":20,"Height":82,"Demand":0,"DemandMax":3,"Value":3280},{"Length":10,"Height":50,"Demand":0,"DemandMax":3,"Value":1500},{"Length":80,"Height":12,"Demand":0,"DemandMax":3,"Value":960},{"Length":78,"Height":28,"Demand":0,"DemandMax":3,"Value":6552},{"Length":28,"Height":19,"Demand":0,"DemandMax":3,"Value":1064},{"Length":26,"Height":96,"Demand":0,"DemandMax":3,"Value":7488},{"Length":19,"Height":24,"Demand":0,"DemandMax":3,"Value":456},{"Length":84,"Height":7,"Demand":0,"DemandMax":3,"Value":588},{"Length":33,"Height":4,"Demand":0,"DemandMax":3,"Value":264},{"Length":44,"Height":86,"Demand":0,"DemandMax":3,"Value":3784},{"Length":20,"Height":37,"Demand":0,"DemandMax":3,"Value":740},{"Length":25,"Height":97,"Demand":0,"DemandMax":3,"Value":4850},{"Length":82,"Height":43,"Demand":0,"DemandMax":3,"Value":10578},{"Length":48,"Height":7,"Demand":0,"DemandMax":3,"Value":336},{"Length":81,"Height":39,"Demand":0,"DemandMax":3,"Value":6318},{"Length":25,"Height":94,"Demand":0,"DemandMax":3,"Value":4700},{"Length":41,"Height":10,"Demand":0,"DemandMax":3,"Value":1230},{"Length":88,"Height":30,"Demand":0,"DemandMax":3,"Value":2640},{"Length":92,"Height":20,"Demand":0,"DemandMax":3,"Value":3680},{"Length":16,"Height":18,"Demand":0,"DemandMax":3,"Value":288},{"Length":58,"Height":54,"Demand":0,"DemandMax":3,"Value":3132},{"Length":13,"Height":45,"Demand":0,"DemandMax":3,"Value":585},{"Length":32,"Height":2,"Demand":0,"DemandMax":3,"Value":192},{"Length":31,"Height":17,"Demand":0,"DemandMax":3,"Value":1054},{"Length":52,"Height":84,"Demand":0,"DemandMax":3,"Value":4368},{"Length":77,"Height":48,"Demand":0,"DemandMax":3,"Value":7392},{"Length":20,"Height":83,"Demand":0,"DemandMax":3,"Value":3320},{"Length":94,"Height":19,"Demand":0,"DemandMax":3,"Value":3572},{"Length":51,"Height":96,"Demand":0,"DemandMax":3,"Value":9792},{"Length":84,"Height":50,"Demand":0,"DemandMax":3,"Value":4200},{"Length":20,"Height":96,"Demand":0,"DemandMax":3,"Value":3840},{"Length":73,"Height":60,"Demand":0,"DemandMax":3,"Value":13140},{"Length":48,"Height":39,"Demand":0,"DemandMax":3,"Value":1872},{"Length":3,"Height":2,"Demand":0,"DemandMax":3,"Value":12},{"Length":20,"Height":38,"Demand":0,"DemandMax":3,"Value":1520},{"Length":77,"Height":45,"Demand":0,"DemandMax":3,"Value":10395},{"Length":9,"Height":79,"Demand":0,"DemandMax":3,"Value":711},{"Length":49,"Height":14,"Demand":0,"DemandMax":3,"Value":2058},{"Length":51,"Height":89,"Demand":0,"DemandMax":3,"Value":4539},{"Length":87,"Height":4,"Demand":0,"DemandMax":3,"Value":1044}]}