{"Name":"ngcutfs2_189","Objects":[{"Length":100,"Height":100,"Stock":null,"Cost":10000}],"Items":[{"Length":49,"Height":31,"Demand":0,"DemandMax":1,"Value":3038},{"Length":25,"Height":10,"Demand":0,"DemandMax":1,"Value":750},{"Length":23,"Height":90,"Demand":0,"DemandMax":2,"Value":6210},{"Length":44,"Height":41,"Demand":0,"DemandMax":1,"Value":1804},{"Length":14,"Height":48,"Demand":0,"DemandMax":1,"Value":1344},{"Length":89,"Height":31,"Demand":0,"DemandMax":1,"Value":8277},{"Length":42,"Height":40,"Demand":0,"DemandMax":1,"Value":3360},{"Length":6,"Height":98,"Demand":0,"DemandMax":1,"Value":1764},{"Length":74,"Height":66,"Demand":0,"DemandMax":1,"Value":9768},{"Length":96,"Height":13,"Demand":0,"DemandMax":1,"Value":1248},{"Length":94,"Height":86,"Demand":0,"DemandMax":1,"Value":8084},{"Length":22,"Height":23,"Demand":0,"DemandMax":2,"Value":506},{"Length":37,"Height":2,"Demand":0,"DemandMax":1,"Value":222},{"Length":9,"Height":96,"Demand":0,"DemandMax":1,"Value":1728},{"Length":78,"Height":42,"Demand":0,"DemandMax":2,"Value":3276},{"Length":19,"Height":39,"Demand":0,"DemandMax":1,"Value":2223},{"Length":82,"Height":55,"Demand":0,"DemandMax":1,"Value":4510},{"Length":44,"Height":14,"Demand":0,"DemandMax":1,"Value":1232},{"Length":73,"Height":73,"Demand":0,"DemandMax":1,"Value":15987},{"Length":38,"Height":26,"Demand":0,"DemandMax":1,"Value":988},{"Length":37,"Height":19,"Demand":0,"DemandMax":1,"Value":703},{"Length":86,"Height":61,"Demand":0,"DemandMax":1,"Value":15738},{"Length":73,"Height":91,"Demand":0,"DemandMax":1,"Value":13286},{"Length":15,"Height":24,"Demand":0,"DemandMax":1,"Value":1080},{"Length":12,"Height":17,"Demand":0,"DemandMax":1,"Value":204},{"Length":83,"Height":80,"Demand":0,"DemandMax":1,"Value":19920},{"Length":10,"Height":23,"Demand":0,"DemandMax":1,"Value":460},{"Length":44,"Height":22,"Demand":0,"DemandMax":1,"Value":1936},{"Length":49,"Height":18,"Demand":0,"DemandMax":1,"Value":2646},{"Length":3,"Height":3,"Demand":0,"DemandMax":1,"Value":9},{"Length":30,"Height":16,"Demand":0,"DemandMax":1,"Value":960},{"Length":25,"Height":47,"Demand":0,"DemandMax":1,"Value":2350},{"Length":93,"Height":17,"Demand":0,"DemandMax":1,"Value":3162},{"Length":17,"Height":6,"Demand":0,"DemandMax":1,"Value":306},{"Length":11,"Height":84,"Demand":0,"DemandMax":1,"Value":924},{"Length":81,"Height":2,"Demand":0,"DemandMax":1,"Value":162},{"Length":78,"Height":16,"Demand":0,"DemandMax":1,"Value":3744},{"Length":76,"Height":76,"Demand":0,"DemandMax":1,"Value":5776},{"Length":90,"Height":40,"Demand":0,"DemandMax":1,"Value":7200},{"Length":79,"Height":49,"Demand":0,"DemandMax":1,"Value":7742},{"Length":10,"Height":13,"Demand":0,"DemandMax":1,"Value":390},{"Length":36,"Height":6,"Demand":0,"DemandMax":1,"Value":432},{"Length":85,"Height":25,"Demand":0,"DemandMax":1,"Value":4250},{"Length":17,"Height":77,"Demand":0,"DemandMax":1,"Value":1309},{"Length":89,"Height":61,"Demand":0,"DemandMax":1,"Value":5429},{"Length":77,"Height":8,"Demand":0,"DemandMax":1,"Value":1848},{"Length":64,"Height":58,"Demand":0,"DemandMax":2,"Value":3712},{"Length":20,"Height":28,"Demand":0,"DemandMax":1,"Value":1680},{"Length":27,"Height":36,"Demand":0,"DemandMax":1,"Value":2916},{"Length":46,"Height":38,"Demand":0,"DemandMax":1,"Value":5244},{"Length":98,"Height":92,"Demand":0,"DemandMax":1,"Value":9016},{"Length":40,"Height":18,"Demand":0,"DemandMax":1,"Value":720},{"Length":98,"Height":90,"Demand":0,"DemandMax":1,"Value":17640},{"Length":88,"Height":94,"Demand":0,"DemandMax":1,"Value":16544},{"Length":15,"Height":3,"Demand":0,"DemandMax":2,"Value":45},{"Length":45,"Height":30,"Demand":0,"DemandMax":1,"Value":4050},{"Length":65,"Height":80,"Demand":0,"DemandMax":1,"Value":10400},{"Length":12,"Height":92,"Demand":0,"DemandMax":1,"Value":1104},{"Length":83,"Height":10,"Demand":0,"DemandMax":1,"Value":1660},{"Length":21,"Height":14,"Demand":0,"DemandMax":1,"Value":882},{"Length":84,"Height":92,"Demand":0,"DemandMax":1,"Value":23184},{"Length":99,"Height":71,"Demand":0,"DemandMax":1,"Value":21087},{"Length":99,"Height":6,"Demand":0,"DemandMax":1,"Value":1188},{"Length":56,"Height":62,"Demand":0,"DemandMax":1,"Value":6944},{"Length":95,"Height":47,"Demand":0,"DemandMax":1,"Value":4465},{"Length":15,"Height":45,"Demand":0,"DemandMax":1,"Value":675},{"Length":84,"Height":78,"Demand":0,"DemandMax":1,"Value":19656},{"Length":9,"Height":4,"Demand":0,"DemandMax":1,"Value":108},{"Length":67,"Height":81,"Demand":0,"DemandMax":1,"Value":10854},{"Length":19,"Height":15,"Demand":0,"DemandMax":1,"Value":570},{"Length":11,"Height":23,"Demand":0,"DemandMax":1,"Value":759},{"Length":11,"Height":34,"Demand":0,"DemandMax":1,"Value":1122},{"Length":10,"Height":8,"Demand":0,"DemandMax":1,"Value":160},{"Length":7,"Height":25,"Demand":0,"DemandMax":1,"Value":175},{"Length":26,"Height":20,"Demand":0,"DemandMax":1,"Value":1040},{"Length":7,"Height":21,"Demand":0,"DemandMax":1,"Value":147},{"Length":81,"Height":6,"Demand":0,"DemandMax":1,"Value":486},{"Length":48,"Height":2,"Demand":0,"DemandMax":1,"Value":192},{"Length":33,"Height":33,"Demand":0,"DemandMax":1,"Value":1089},{"Length":94,"Height":32,"Demand":0,"DemandMax":1,"Value":9024},{"Length":81,"Height":16,"Demand":0,"DemandMax":2,"Value":2592},{"Length":97,"Height":18,"Demand":0,"DemandMax":1,"Value":5238},{"Length":68,"Height":81,"Demand":0,"DemandMax":1,"Value":11016},{"Length":66,"Height":82,"Demand":0,"DemandMax":1,"Value":10824},{"Length":93,"Height":9,"Demand":0,"DemandMax":1,"Value":2511},{"Length":95,"Height":10,"Demand":0,"DemandMax":1,"Value":950},{"Length":22,"Height":42,"Demand":0,"DemandMax":1,"Value":924},{"Length":47,"Height":84,"Demand":0,"DemandMax":1,"Value":7896},{"Length":10,"Height":27,"Demand":0,"DemandMax":1,"Value":270},{"Length":65,"Height":81,"Demand":0,"DemandMax":1,"Value":15795},{"Length":86,"Height":2,"Demand":0,"DemandMax":1,"Value":516},{"Length":78,"Height":24,"Demand":0,"DemandMax":1,"Value":1872},{"Length":82,"Height":87,"Demand":0,"DemandMax":1,"Value":21402},{"Length":76,"Height":40,"Demand":0,"DemandMax":1,"Value":3040},{"Length":33,"Height":37,"Demand":0,"DemandMax":1,"Value":2442},{"Length":3,"Height":2,"Demand":0,"DemandMax":1,"Value":18},{"Length":84,"Height":37,"Demand":0,"DemandMax":1,"Value":9324},{"Length":16,"Height":7,"Demand":0,"DemandMax":1,"Value":336},{"Length":93,"Height":31,"Demand":0,"DemandMax":1,"Value":8649},{"Length":87,"Height":39,"Demand":0,"DemandMax":1,"Value":10179},{"Length":76,"Height":35,"Demand":0,"DemandMax":2,"Value":2660},{"Length":84,"Height":8,"Demand":0,"DemandMax":1,"Value":672},{"Length":51,"Height":63,"Demand":0,"DemandMax":1,"Value":9639},{"Length":9,"Height":24,"Demand":0,"DemandMax":1,"Value":648},{"Length":84,"Height":59,"Demand":0,"DemandMax":1,"Value":4956},{"Length":62,"Height":92,"Demand":0,"DemandMax":1,"Value":11408},{"Length":3,"Height":8,"Demand":0,"DemandMax":1,"Value":72},{"Length":76,"Height":86,"Demand":0,"DemandMax":1,"Value":6536},{"Length":38,"Height":84,"Demand":0,"DemandMax":1,"Value":3192},{"Length":24,"Height":4,"Demand":0,"DemandMax":1,"Value":192},{"Length":34,"Height":36,"Demand":0,"DemandMax":1,"Value":1224},{"Length":37,"Height":44,"Demand":0,"DemandMax":1,"Value":4884},{"Length":89,"Height":70,"Demand":0,"DemandMax":1,"Value":12460},{"Length":95,"Height":26,"Demand":0,"DemandMax":1,"Value":4940},{"Length":26,"Height":13,"Demand":0,"DemandMax":1,"Value":1014},{"Length":40,"Height":80,"Demand":0,"DemandMax":1,"Value":3200},{"Length":8,"Height":40,"Demand":0,"DemandMax":1,"Value":960},{"Length":77,"Height":30,"Demand":0,"DemandMax":1,"Value":2310},{"Length":3,"Height":25,"Demand":0,"DemandMax":1,"Value":225},{"Length":2,"Height":78,"Demand":0,"DemandMax":1,"Value":468},{"Length":33,"Height":39,"Demand":0,"DemandMax":1,"Value":1287},{"Length":96,"Height":30,"Demand":0,"DemandMax":1,"Value":5760},{"Length":39,"Height":2,"Demand":0,"DemandMax":1,"Value":156},{"Length":71,"Height":67,"Demand":0,"DemandMax":1,"Value":4757},{"Length":88,"Height":60,"Demand":0,"DemandMax":1,"Value":5280},{"Length":32,"Height":4,"Demand":0,"DemandMax":1,"Value":256},{"Length":4,"Height":76,"Demand":0,"DemandMax":1,"Value":912},{"Length":41,"Height":5,"Demand":0,"DemandMax":1,"Value":410},{"Length":77,"Height":13,"Demand":0,"DemandMax":1,"Value":3003},{"Length":77,"Height":12,"Demand":0,"DemandMax":1,"Value":2772},{"Length":50,"Height":48,"Demand":0,"DemandMax":1,"Value":7200},{"Length":35,"Height":84,"Demand":0,"DemandMax":1,"Value":5880},{"Length":90,"Height":6,"Demand":0,"DemandMax":1,"Value":1620},{"Length":47,"Height":22,"Demand":0,"DemandMax":1,"Value":2068},{"Length":94,"Height":22,"Demand":0,"DemandMax":1,"Value":2068},{"Length":97,"Height":4,"Demand":0,"DemandMax":2,"Value":388},{"Length":87,"Height":61,"Demand":0,"DemandMax":1,"Value":10614},{"Length":4,"Height":96,"Demand":0,"DemandMax":1,"Value":768},{"Length":36,"Height":14,"Demand":0,"DemandMax":1,"Value":1512},{"Length":33,"Height":9,"Demand":0,"DemandMax":1,"Value":594},{"Length":50,"Height":23,"Demand":0,"DemandMax":1,"Value":1150},{"Length":44,"Height":4,"Demand":0,"DemandMax":1,"Value":528},{"Length":48,"Height":4,"Demand":0,"DemandMax":1,"Value":384},{"Length":70,"Height":83,"Demand":0,"DemandMax":1,"Value":11620},{"Length":27,"Height":25,"Demand":0,"DemandMax":1,"Value":2025},{"Length":9,"Height":86,"Demand":0,"DemandMax":1,"Value":774},{"Length":22,"Height":39,"Demand":0,"DemandMax":1,"Value":2574},{"Length":42,"Height":16,"Demand":0,"DemandMax":1,"Value":1344},{"Length":38,"Height":76,"Demand":0,"DemandMax":1,"Value":5776},{"Length":48,"Height":82,"Demand":0,"DemandMax":1,"Value":11808},{"Length":47,"Height":27,"Demand":0,"DemandMax":1,"Value":1269},{"Length":44,"Height":48,"Demand":0,"DemandMax":1,"Value":6336},{"Length":20,"Height":27,"Demand":0,"DemandMax":1,"Value":540},{"Length":21,"Height":87,"Demand":0,"DemandMax":1,"Value":3654},{"Length":90,"Height":92,"Demand":0,"DemandMax":1,"Value":8280},{"Length":80,"Height":5,"Demand":0,"DemandMax":1,"Value":1200},{"Length":39,"Height":38,"Demand":0,"DemandMax":1,"Value":1482},{"Length":77,"Height":50,"Demand":0,"DemandMax":1,"Value":3850},{"Length":2,"Height":5,"Demand":0,"DemandMax":1,"Value":30},{"Length":30,"Height":76,"Demand":0,"DemandMax":2,"Value":4560},{"Length":33,"Height":46,"Demand":0,"DemandMax":1,"Value":1518},{"Length":29,"Height":45,"Demand":0,"DemandMax":1,"Value":1305},{"Length":79,"Height":18,"Demand":0,"DemandMax":1,"Value":4266},{"Length":27,"Height":24,"Demand":0,"DemandMax":1,"Value":648},{"Length":39,"Height":16,"Demand":0,"DemandMax":1,"Value":1872},{"Length":94,"Height":43,"Demand":0,"DemandMax":1,"Value":12126},{"Length":12,"Height":4,"Demand":0,"DemandMax":1,"Value":48},{"Length":88,"Height":47,"Demand":0,"DemandMax":1,"Value":12408},{"Length":8,"Height":47,"Demand":0,"DemandMax":1,"Value":376},{"Length":49,"Height":4,"Demand":0,"DemandMax":1,"Value":196},{"Length":6,"Height":34,"Demand":0,"DemandMax":1,"Value":612},{"Length":20,"Height":9,"Demand":0,"DemandMax":1,"Value":180},{"Length":43,"Height":50,"Demand":0,"DemandMax":1,"Value":4300},{"Length":88,"Height":41,"Demand":0,"DemandMax":1,"Value":3608},{"Length":78,"Height":21,"Demand":0,"DemandMax":1,"Value":4914},{"Length":36,"Height":85,"Demand":0,"DemandMax":1,"Value":9180},{"Length":97,"Height":20,"Demand":0,"DemandMax":1,"Value":3880},{"Length":93,"Height":14,"Demand":0,"DemandMax":2,"Value":3906},{"Length":4,"Height":20,"Demand":0,"DemandMax":1,"Value":240},{"Length":83,"Height":67,"Demand":0,"DemandMax":1,"Value":11122},{"Length":42,"Height":39,"Demand":0,"DemandMax":1,"Value":4914},{"Length":91,"Height":32,"Demand":0,"DemandMax":2,"Value":5824},{"Length":32,"Height":11,"Demand":0,"DemandMax":1,"Value":352},{"Length":94,"Height":72,"Demand":0,"DemandMax":1,"Value":6768},{"Length":40,"Height":29,"Demand":0,"DemandMax":1,"Value":1160},{"Length":36,"Height":24,"Demand":0,"DemandMax":1,"Value":2592},{"Length":14,"Height":5,"Demand":0,"DemandMax":1,"Value":70},{"Length":47,"Height":20,"Demand":0,"DemandMax":1,"Value":1880},{"Length":76,"Height":82,"Demand":0,"DemandMax":1,"Value":6232},{"Length":27,"Height":33,"Demand":0,"DemandMax":1,"Value":891},{"Length":37,"Height":89,"Demand":0,"DemandMax":1,"Value":9879},{"Length":82,"Height":8,"Demand":0,"DemandMax":1,"Value":656},{"Length":93,"Height":72,"Demand":0,"DemandMax":1,"Value":6696},{"Length":48,"Height":95,"Demand":0,"DemandMax":1,"Value":9120},{"Length":6,"Height":27,"Demand":0,"DemandMax":1,"Value":162},{"Length":14,"Height":36,"Demand":0,"DemandMax":1,"Value":1008},{"Length":15,"Height":33,"Demand":0,"DemandMax":1,"Value":495},{"Length":30,"Height":16,"Demand":0,"DemandMax":1,"Value":1440},{"Length":96,"Height":49,"Demand":0,"DemandMax":1,"Value":4704},{"Length":88,"Height":14,"Demand":0,"DemandMax":1,"Value":1232},{"Length":6,"Height":29,"Demand":0,"DemandMax":1,"Value":174},{"Length":36,"Height":8,"Demand":0,"DemandMax":1,"Value":864},{"Length":80,"Height":24,"Demand":0,"DemandMax":1,"Value":5760},{"Length":30,"Height":26,"Demand":0,"DemandMax":2,"Value":2340},{"Length":97,"Height":75,"Demand":0,"DemandMax":1,"Value":21825},{"Length":29,"Height":24,"Demand":0,"DemandMax":3,"Value":1392},{"Length":85,"Height":16,"Demand":0,"DemandMax":1,"Value":1360},{"Length":63,"Height":65,"Demand":0,"DemandMax":1,"Value":8190},{"Length":4,"Height":30,"Demand":0,"DemandMax":1,"Value":240},{"Length":96,"Height":81,"Demand":0,"DemandMax":1,"Value":23328},{"Length":85,"Height":19,"Demand":0,"DemandMax":1,"Value":4845},{"Length":46,"Height":16,"Demand":0,"DemandMax":1,"Value":2208},{"Length":7,"Height":32,"Demand":0,"DemandMax":1,"Value":448},{"Length":10,"Height":3,"Demand":0,"DemandMax":1,"Value":30},{"Length":95,"Height":17,"Demand":0,"DemandMax":1,"Value":4845},{"Length":44,"Height":99,"Demand":0,"DemandMax":1,"Value":4356},{"Length":30,"Height":3,"Demand":0,"DemandMax":1,"Value":90},{"Length":17,"Height":85,"Demand":0,"DemandMax":1,"Value":2890},{"Length":95,"Height":36,"Demand":0,"DemandMax":1,"Value":10260},{"Length":12,"Height":48,"Demand":0,"DemandMax":1,"Value":1728},{"Length":27,"Height":8,"Demand":0,"DemandMax":1,"Value":432},{"Length":43,"Height":34,"Demand":0,"DemandMax":1,"Value":4386},{"Length":50,"Height":98,"Demand":0,"DemandMax":1,"Value":14700},{"Length":9,"Height":87,"Demand":0,"DemandMax":1,"Value":783},{"Length":93,"Height":71,"Demand":0,"DemandMax":1,"Value":19809},{"Length":99,"Height":35,"Demand":0,"DemandMax":1,"Value":6930},{"Length":9,"Height":11,"Demand":0,"DemandMax":1,"Value":198},{"Length":88,"Height":16,"Demand":0,"DemandMax":1,"Value":4224},{"Length":46,"Height":92,"Demand":0,"DemandMax":1,"Value":12696},{"Length":26,"Height":47,"Demand":0,"DemandMax":1,"Value":2444},{"Length":77,"Height":30,"Demand":0,"DemandMax":1,"Value":6930},{"Length":26,"Height":23,"Demand":0,"DemandMax":1,"Value":598},{"Length":86,"Height":58,"Demand":0,"DemandMax":1,"Value":9976},{"Length":83,"Height":82,"Demand":0,"DemandMax":1,"Value":20418},{"Length":41,"Height":34,"Demand":0,"DemandMax":1,"Value":2788},{"Length":49,"Height":14,"Demand":0,"DemandMax":1,"Value":1372},{"Length":94,"Height":14,"Demand":0,"DemandMax":1,"Value":1316},{"Length":45,"Height":98,"Demand":0,"DemandMax":1,"Value":4410},{"Length":35,"Height":47,"Demand":0,"DemandMax":1,"Value":1645},{"Length":49,"Height":80,"Demand":0,"DemandMax":1,"Value":3920},{"Length":46,"Height":31,"Demand":0,"DemandMax":1,"Value":1426},{"Length":12,"Height":13,"Demand":0,"DemandMax":1,"Value":468},{"Length":15,"Height":30,"Demand":0,"DemandMax":1,"Value":900},{"Length":85,"Height":18,"Demand":0,"DemandMax":1,"Value":4590},{"Length":3,"Height":19,"Demand":0,"DemandMax":1,"Value":171},{"Length":91,"Height":18,"Demand":0,"DemandMax":1,"Value":1638},{"Length":7,"Height":92,"Demand":0,"DemandMax":1,"Value":1288},{"Length":60,"Height":95,"Demand":0,"DemandMax":1,"Value":11400},{"Length":21,"Height":98,"Demand":0,"DemandMax":2,"Value":2058},{"Length":30,"Height":25,"Demand":0,"DemandMax":1,"Value":2250},{"Length":35,"Height":29,"Demand":0,"DemandMax":1,"Value":1015},{"Length":24,"Height":21,"Demand":0,"DemandMax":1,"Value":504},{"Length":84,"Height":3,"Demand":0,"DemandMax":1,"Value":756},{"Length":21,"Height":12,"Demand":0,"DemandMax":1,"Value":252},{"Length":49,"Height":23,"Demand":0,"DemandMax":1,"Value":3381},{"Length":82,"Height":77,"Demand":0,"DemandMax":1,"Value":18942},{"Length":36,"Height":6,"Demand":0,"DemandMax":1,"Value":216},{"Length":100,"Height":47,"Demand":0,"DemandMax":1,"Value":9400},{"Length":11,"Height":48,"Demand":0,"DemandMax":1,"Value":1056},{"Length":78,"Height":32,"Demand":0,"DemandMax":1,"Value":4992},{"Length":93,"Height":4,"Demand":0,"DemandMax":1,"Value":744},{"Length":45,"Height":38,"Demand":0,"DemandMax":1,"Value":3420},{"Length":3,"Height":92,"Demand":0,"DemandMax":1,"Value":552},{"Length":53,"Height":67,"Demand":0,"DemandMax":1,"Value":7102},{"Length":13,"Height":23,"Demand":0,"DemandMax":1,"Value":299},{"Length":7,"Height":6,"Demand":0,"DemandMax":1,"Value":84},{"Length":77,"Height":7,"Demand":0,"DemandMax":1,"Value":539},{"Length":42,"Height":18,"Demand":0,"DemandMax":1,"Value":1512},{"Length":10,"Height":100,"Demand":0,"DemandMax":1,"Value":2000},{"Length":20,"Height":31,"Demand":0,"DemandMax":1,"Value":1860},{"Length":36,"Height":49,"Demand":0,"DemandMax":1,"Value":3528},{"Length":6,"Height":43,"Demand":0,"DemandMax":1,"Value":258},{"Length":77,"Height":37,"Demand":0,"DemandMax":1,"Value":8547},{"Length":24,"Height":31,"Demand":0,"DemandMax":1,"Value":2232},{"Length":98,"Height":23,"Demand":0,"DemandMax":1,"Value":4508},{"Length":83,"Height":10,"Demand":0,"DemandMax":1,"Value":830},{"Length":2,"Height":37,"Demand":0,"DemandMax":1,"Value":148},{"Length":49,"Height":49,"Demand":0,"DemandMax":2,"Value":4802},{"Length":17,"Height":44,"Demand":0,"DemandMax":1,"Value":748},{"Length":84,"Height":20,"Demand":0,"DemandMax":2,"Value":3360},{"Length":87,"Height":30,"Demand":0,"DemandMax":1,"Value":2610},{"Length":21,"Height":4,"Demand":0,"DemandMax":1,"Value":84},{"Length":21,"Height":24,"Demand":0,"DemandMax":1,"Value":1008},{"Length":34,"Height":38,"Demand":0,"DemandMax":1,"Value":3876},{"Length":16,"Height":38,"Demand":0,"DemandMax":1,"Value":1216},{"Length":18,"Height":9,"Demand":0,"DemandMax":1,"Value":162},{"Length":92,"Height":77,"Demand":0,"DemandMax":1,"Value":7084},{"Length":4,"Height":19,"Demand":0,"DemandMax":1,"Value":228},{"Length":41,"Height":49,"Demand":0,"DemandMax":1,"Value":2009},{"Length":84,"Height":62,"Demand":0,"DemandMax":1,"Value":15624},{"Length":47,"Height":32,"Demand":0,"DemandMax":1,"Value":1504},{"Length":45,"Height":24,"Demand":0,"DemandMax":1,"Value":2160},{"Length":9,"Height":6,"Demand":0,"DemandMax":1,"Value":162},{"Length":16,"Height":9,"Demand":0,"DemandMax":1,"Value":144},{"Length":32,"Height":9,"Demand":0,"DemandMax":1,"Value":864},{"Length":29,"Height":47,"Demand":0,"DemandMax":1,"Value":2726},{"Length":26,"Height":39,"Demand":0,"DemandMax":1,"Value":2028},{"Length":35,"Height":8,"Demand":0,"DemandMax":1,"Value":280},{"Length":45,"Height":26,"Demand":0,"DemandMax":1,"Value":2340},{"Length":22,"Height":4,"Demand":0,"DemandMax":1,"Value":88},{"Length":41,"Height":32,"Demand":0,"DemandMax":1,"Value":1312},{"Length":47,"Height":37,"Demand":0,"DemandMax":1,"Value":1739},{"Length":90,"Height":25,"Demand":0,"DemandMax":1,"Value":4500},{"Length":25,"Height":90,"Demand":0,"DemandMax":1,"Value":6750},{"Length":28,"Height":24,"Demand":0,"DemandMax":1,"Value":2016},{"Length":8,"Height":22,"Demand":0,"DemandMax":1,"Value":352},{"Length":29,"Height":32,"Demand":0,"DemandMax":1,"Value":928},{"Length":13,"Height":44,"Demand":0,"DemandMax":1,"Value":1716},{"Length":13,"Height":87,"Demand":0,"DemandMax":1,"Value":2262},{"Length":98,"Height":33,"Demand":0,"DemandMax":1,"Value":9702},{"Length":20,"Height":7,"Demand":0,"DemandMax":1,"Value":420},{"Length":98,"Height":79,"Demand":0,"DemandMax":1,"Value":15484},{"Length":77,"Height":8,"Demand":0,"DemandMax":1,"Value":616},{"Length":67,"Height":75,"Demand":0,"DemandMax":1,"Value":5025},{"Length":58,"Height":76,"Demand":0,"DemandMax":1,"Value":4408},{"Length":22,"Height":9,"Demand":0,"DemandMax":1,"Value":594},{"Length":25,"Height":15,"Demand":0,"DemandMax":1,"Value":1125},{"Length":49,"Height":23,"Demand":0,"DemandMax":1,"Value":1127},{"Length":70,"Height":84,"Demand":0,"DemandMax":1,"Value":11760},{"Length":4,"Height":50,"Demand":0,"DemandMax":1,"Value":600},{"Length":15,"Height":42,"Demand":0,"DemandMax":1,"Value":630},{"Length":92,"Height":91,"Demand":0,"DemandMax":1,"Value":8372},{"Length":35,"Height":4,"Demand":0,"DemandMax":1,"Value":420},{"Length":82,"Height":76,"Demand":0,"DemandMax":1,"Value":18696},{"Length":31,"Height":29,"Demand":0,"DemandMax":1,"Value":899},{"Length":8,"Height":47,"Demand":0,"DemandMax":2,"Value":1128},{"Length":31,"Height":83,"Demand":0,"DemandMax":1,"Value":7719},{"Length":36,"Height":22,"Demand":0,"DemandMax":1,"Value":1584},{"Length":19,"Height":6,"Demand":0,"DemandMax":1,"Value":114},{"Length":44,"Height":21,"Demand":0,"DemandMax":1,"Value":2772},{"Length":96,"Height":12,"Demand":0,"DemandMax":1,"Value":2304},{"Length":11,"Height":6,"Demand":0,"DemandMax":1,"Value":132},{"Length":98,"Height":10,"Demand":0,"DemandMax":1,"Value":2940},{"Length":36,"Height":50,"Demand":0,"DemandMax":1,"Value":1800},{"Length":6,"Height":12,"Demand":0,"DemandMax":1,"Value":72},{"Length":47,"Height":22,"Demand":0,"DemandMax":1,"Value":3102},{"Length":17,"Height":22,"Demand":0,"DemandMax":1,"Value":374},{"Length":17,"Height":35,"Demand":0,"DemandMax":1,"Value":1785},{"Length":3,"Height":44,"Demand":0,"DemandMax":1,"Value":264},{"Length":2,"Height":2,"Demand":0,"DemandMax":1,"Value":4},{"Length":16,"Height":30,"Demand":0,"DemandMax":1,"Value":1440},{"Length":44,"Height":10,"Demand":0,"DemandMax":1,"Value":440},{"Length":34,"Height":15,"Demand":0,"DemandMax":1,"Value":1020},{"Length":9,"Height":20,"Demand":0,"DemandMax":2,"Value":360},{"Length":2,"Height":96,"Demand":0,"DemandMax":1,"Value":384},{"Length":16,"Height":44,"Demand":0,"DemandMax":1,"Value":2112},{"Length":18,"Height":49,"Demand":0,"DemandMax":1,"Value":882},{"Length":17,"Height":47,"Demand":0,"DemandMax":1,"Value":799},{"Length":41,"Height":80,"Demand":0,"DemandMax":1,"Value":6560},{"Length":77,"Height":48,"Demand":0,"DemandMax":1,"Value":3696},{"Length":13,"Height":31,"Demand":0,"DemandMax":1,"Value":806},{"Length":87,"Height":38,"Demand":0,"DemandMax":1,"Value":3306},{"Length":37,"Height":39,"Demand":0,"DemandMax":1,"Value":1443},{"Length":34,"Height":31,"Demand":0,"DemandMax":1,"Value":3162},{"Length":2,"Height":14,"Demand":0,"DemandMax":1,"Value":84},{"Length":88,"Height":30,"Demand":0,"DemandMax":1,"Value":7920},{"Length":39,"Height":3,"Demand":0,"DemandMax":1,"Value":234},{"Length":47,"Height":38,"Demand":0,"DemandMax":2,"Value":5358},{"Length":24,"Height":6,"Demand":0,"DemandMax":1,"Value":432},{"Length":43,"Height":89,"Demand":0,"DemandMax":1,"Value":11481},{"Length":12,"Height":3,"Demand":0,"DemandMax":1,"Value":72},{"Length":36,"Height":85,"Demand":0,"DemandMax":1,"Value":3060},{"Length":20,"Height":89,"Demand":0,"DemandMax":1,"Value":3560},{"Length":44,"Height":50,"Demand":0,"DemandMax":1,"Value":4400},{"Length":99,"Height":80,"Demand":0,"DemandMax":1,"Value":23760},{"Length":97,"Height":26,"Demand":0,"DemandMax":1,"Value":5044},{"Length":48,"Height":18,"Demand":0,"DemandMax":1,"Value":2592},{"Length":92,"Height":8,"Demand":0,"DemandMax":1,"Value":736},{"Length":89,"Height":58,"Demand":0,"DemandMax":1,"Value":10324},{"Length":22,"Height":40,"Demand":0,"DemandMax":1,"Value":1760},{"Length":78,"Height":46,"Demand":0,"DemandMax":1,"Value":7176},{"Length":45,"Height":86,"Demand":0,"DemandMax":1,"Value":11610},{"Length":13,"Height":16,"Demand":0,"DemandMax":1,"Value":416},{"Length":50,"Height":36,"Demand":0,"DemandMax":1,"Value":3600},{"Length":35,"Height":98,"Demand":0,"DemandMax":1,"Value":6860},{"Length":15,"Height":27,"Demand":0,"DemandMax":1,"Value":1215},{"Length":96,"Height":20,"Demand":0,"DemandMax":1,"Value":1920},{"Length":3,"Height":22,"Demand":0,"DemandMax":1,"Value":66},{"Length":52,"Height":82,"Demand":0,"DemandMax":1,"Value":8528},{"Length":58,"Height":91,"Demand":0,"DemandMax":1,"Value":5278},{"Length":71,"Height":84,"Demand":0,"DemandMax":1,"Value":5964},{"Length":3,"Height":13,"Demand":0,"DemandMax":1,"Value":117},{"Length":32,"Height":30,"Demand":0,"DemandMax":1,"Value":1920},{"Length":43,"Height":21,"Demand":0,"DemandMax":1,"Value":903},{"Length":51,"Height":51,"Demand":0,"DemandMax":1,"Value":7803},{"Length":22,"Height":11,"Demand":0,"DemandMax":2,"Value":242},{"Length":94,"Height":7,"Demand":0,"DemandMax":1,"Value":1974},{"Length":21,"Height":17,"Demand":0,"DemandMax":1,"Value":357},{"Length":42,"Height":26,"Demand":0,"DemandMax":1,"Value":2184},{"Length":26,"Height":2,"Demand":0,"DemandMax":1,"Value":52},{"Length":33,"Height":45,"Demand":0,"DemandMax":1,"Value":4455},{"Length":9,"Height":28,"Demand":0,"DemandMax":1,"Value":504},{"Length":61,"Height":60,"Demand":0,"DemandMax":1,"Value":7320},{"Length":49,"Height":33,"Demand":0,"DemandMax":1,"Value":4851},{"Length":37,"Height":32,"Demand":0,"DemandMax":2,"Value":3552},{"Length":28,"Height":95,"Demand":0,"DemandMax":1,"Value":2660},{"Length":44,"Height":98,"Demand":0,"DemandMax":1,"Value":8624},{"Length":97,"Height":44,"Demand":0,"DemandMax":1,"Value":8536},{"Length":25,"Height":95,"Demand":0,"DemandMax":1,"Value":2375},{"Length":94,"Height":56,"Demand":0,"DemandMax":1,"Value":10528},{"Length":48,"Height":42,"Demand":0,"DemandMax":1,"Value":4032},{"Length":78,"Height":7,"Demand":0,"DemandMax":1,"Value":546},{"Length":35,"Height":90,"Demand":0,"DemandMax":1,"Value":6300},{"Length":27,"Height":10,"Demand":0,"DemandMax":1,"Value":810},{"Length":68,"Height":90,"Demand":0,"DemandMax":1,"Value":12240},{"Length":19,"Height":28,"Demand":0,"DemandMax":1,"Value":532},{"Length":47,"Height":44,"Demand":0,"DemandMax":1,"Value":6204},{"Length":83,"Height":28,"Demand":0,"DemandMax":1,"Value":2324},{"Length":41,"Height":25,"Demand":0,"DemandMax":1,"Value":1025},{"Length":10,"Height":16,"Demand":0,"DemandMax":1,"Value":480},{"Length":42,"Height":2,"Demand":0,"DemandMax":1,"Value":168},{"Length":100,"Height":55,"Demand":0,"DemandMax":1,"Value":11000},{"Length":24,"Height":6,"Demand":0,"DemandMax":2,"Value":288},{"Length":17,"Height":3,"Demand":0,"DemandMax":1,"Value":153},{"Length":49,"Height":100,"Demand":0,"DemandMax":1,"Value":14700},{"Length":81,"Height":11,"Demand":0,"DemandMax":1,"Value":891},{"Length":38,"Height":88,"Demand":0,"DemandMax":1,"Value":10032},{"Length":5,"Height":25,"Demand":0,"DemandMax":1,"Value":250},{"Length":47,"Height":92,"Demand":0,"DemandMax":1,"Value":4324},{"Length":25,"Height":13,"Demand":0,"DemandMax":1,"Value":650},{"Length":12,"Height":9,"Demand":0,"DemandMax":1,"Value":108},{"Length":61,"Height":96,"Demand":0,"DemandMax":1,"Value":17568},{"Length":48,"Height":28,"Demand":0,"DemandMax":1,"Value":1344},{"Length":91,"Height":50,"Demand":0,"DemandMax":1,"Value":9100},{"Length":73,"Height":51,"Demand":0,"DemandMax":1,"Value":11169},{"Length":21,"Height":23,"Demand":0,"DemandMax":1,"Value":966},{"Length":31,"Height":50,"Demand":0,"DemandMax":1,"Value":4650},{"Length":43,"Height":19,"Demand":0,"DemandMax":1,"Value":1634},{"Length":83,"Height":64,"Demand":0,"DemandMax":1,"Value":5312},{"Length":35,"Height":83,"Demand":0,"DemandMax":1,"Value":8715},{"Length":82,"Height":76,"Demand":0,"DemandMax":1,"Value":12464},{"Length":24,"Height":15,"Demand":0,"DemandMax":1,"Value":360},{"Length":24,"Height":14,"Demand":0,"DemandMax":1,"Value":1008},{"Length":47,"Height":99,"Demand":0,"DemandMax":1,"Value":13959},{"Length":27,"Height":47,"Demand":0,"DemandMax":1,"Value":2538},{"Length":16,"Height":81,"Demand":0,"DemandMax":1,"Value":1296},{"Length":43,"Height":37,"Demand":0,"DemandMax":2,"Value":3182},{"Length":42,"Height":38,"Demand":0,"DemandMax":1,"Value":3192},{"Length":98,"Height":6,"Demand":0,"DemandMax":1,"Value":588},{"Length":32,"Height":91,"Demand":0,"DemandMax":1,"Value":5824},{"Length":59,"Height":52,"Demand":0,"DemandMax":1,"Value":9204},{"Length":58,"Height":75,"Demand":0,"DemandMax":1,"Value":4350},{"Length":13,"Height":7,"Demand":0,"DemandMax":1,"Value":182},{"Length":45,"Height":96,"Demand":0,"DemandMax":1,"Value":4320},{"Length":23,"Height":33,"Demand":0,"DemandMax":1,"Value":759},{"Length":76,"Height":50,"Demand":0,"DemandMax":1,"Value":7600},{"Length":17,"Height":24,"Demand":0,"DemandMax":1,"Value":816},{"Length":85,"Height":13,"Demand":0,"DemandMax":1,"Value":2210},{"Length":3,"Height":87,"Demand":0,"DemandMax":1,"Value":522},{"Length":24,"Height":11,"Demand":0,"DemandMax":1,"Value":792},{"Length":49,"Height":91,"Demand":0,"DemandMax":1,"Value":8918},{"Length":41,"Height":37,"Demand":0,"DemandMax":1,"Value":1517},{"Length":12,"Height":31,"Demand":0,"DemandMax":1,"Value":1116},{"Length":21,"Height":91,"Demand":0,"DemandMax":1,"Value":5733},{"Length":37,"Height":17,"Demand":0,"DemandMax":1,"Value":629},{"Length":93,"Height":83,"Demand":0,"DemandMax":1,"Value":23157},{"Length":47,"Height":42,"Demand":0,"DemandMax":1,"Value":5922},{"Length":13,"Height":9,"Demand":0,"DemandMax":1,"Value":234},{"Length":22,"Height":48,"Demand":0,"DemandMax":1,"Value":3168},{"Length":23,"Height":28,"Demand":0,"DemandMax":1,"Value":1288},{"Length":77,"Height":4,"Demand":0,"DemandMax":1,"Value":924},{"Length":45,"Height":83,"Demand":0,"DemandMax":1,"Value":3735},{"Length":42,"Height":6,"Demand":0,"DemandMax":1,"Value":504},{"Length":51,"Height":65,"Demand":0,"DemandMax":1,"Value":9945},{"Length":8,"Height":80,"Demand":0,"DemandMax":1,"Value":1280},{"Length":3,"Height":29,"Demand":0,"DemandMax":1,"Value":261},{"Length":40,"Height":94,"Demand":0,"DemandMax":1,"Value":3760},{"Length":9,"Height":47,"Demand":0,"DemandMax":1,"Value":423},{"Length":18,"Height":50,"Demand":0,"DemandMax":1,"Value":2700},{"Length":47,"Height":6,"Demand":0,"DemandMax":1,"Value":846},{"Length":4,"Height":44,"Demand":0,"DemandMax":1,"Value":352},{"Length":95,"Height":34,"Demand":0,"DemandMax":2,"Value":9690},{"Length":41,"Height":32,"Demand":0,"DemandMax":1,"Value":3936},{"Length":98,"Height":83,"Demand":0,"DemandMax":1,"Value":8134},{"Length":69,"Height":74,"Demand":0,"DemandMax":1,"Value":15318},{"Length":48,"Height":13,"Demand":0,"DemandMax":1,"Value":624},{"Length":92,"Height":40,"Demand":0,"DemandMax":1,"Value":3680},{"Length":16,"Height":25,"Demand":0,"DemandMax":1,"Value":400},{"Length":30,"Height":10,"Demand":0,"DemandMax":1,"Value":300},{"Length":53,"Height":75,"Demand":0,"DemandMax":1,"Value":3975},{"Length":88,"Height":22,"Demand":0,"DemandMax":1,"Value":1936},{"Length":100,"Height":26,"Demand":0,"DemandMax":1,"Value":2600},{"Length":26,"Height":27,"Demand":0,"DemandMax":1,"Value":2106},{"Length":37,"Height":22,"Demand":0,"DemandMax":1,"Value":2442},{"Length":41,"Height":84,"Demand":0,"DemandMax":1,"Value":3444},{"Length":77,"Height":43,"Demand":0,"DemandMax":1,"Value":6622},{"Length":8,"Height":9,"Demand":0,"DemandMax":1,"Value":144},{"Length":60,"Height":87,"Demand":0,"DemandMax":1,"Value":5220},{"Length":26,"Height":19,"Demand":0,"DemandMax":1,"Value":494},{"Length":81,"Height":82,"Demand":0,"DemandMax":1,"Value":13284},{"Length":79,"Height":37,"Demand":0,"DemandMax":1,"Value":2923},{"Length":81,"Height":30,"Demand":0,"DemandMax":1,"Value":4860},{"Length":31,"Height":100,"Demand":0,"DemandMax":1,"Value":3100},{"Length":5,"Height":76,"Demand":0,"DemandMax":1,"Value":760},{"Length":4,"Height":50,"Demand":0,"DemandMax":1,"Value":200},{"Length":78,"Height":54,"Demand":0,"DemandMax":1,"Value":8424},{"Length":3,"Height":16,"Demand":0,"DemandMax":1,"Value":144},{"Length":15,"Height":50,"Demand":0,"DemandMax":1,"Value":2250},{"Length":26,"Height":32,"Demand":0,"DemandMax":1,"Value":832},{"Length":2,"Height":16,"Demand":0,"DemandMax":1,"Value":64},{"Length":92,"Height":71,"Demand":0,"DemandMax":1,"Value":19596},{"Length":48,"Height":100,"Demand":0,"DemandMax":1,"Value":4800},{"Length":4,"Height":34,"Demand":0,"DemandMax":1,"Value":272},{"Length":91,"Height":30,"Demand":0,"DemandMax":1,"Value":5460},{"Length":65,"Height":93,"Demand":0,"DemandMax":1,"Value":18135},{"Length":38,"Height":18,"Demand":0,"DemandMax":1,"Value":684},{"Length":29,"Height":24,"Demand":0,"DemandMax":1,"Value":696},{"Length":32,"Height":17,"Demand":0,"DemandMax":1,"Value":1088},{"Length":85,"Height":45,"Demand":0,"DemandMax":1,"Value":11475},{"Length":82,"Height":67,"Demand":0,"DemandMax":1,"Value":10988},{"Length":31,"Height":100,"Demand":0,"DemandMax":1,"Value":6200},{"Length":43,"Height":8,"Demand":0,"DemandMax":1,"Value":344},{"Length":83,"Height":25,"Demand":0,"DemandMax":1,"Value":4150},{"Length":4,"Height":92,"Demand":0,"DemandMax":1,"Value":1104},{"Length":44,"Height":3,"Demand":0,"DemandMax":1,"Value":396},{"Length":4,"Height":40,"Demand":0,"DemandMax":2,"Value":160},{"Length":45,"Height":32,"Demand":0,"DemandMax":1,"Value":1440},{"Length":84,"Height":32,"Demand":0,"DemandMax":1,"Value":5376},{"Length":81,"Height":40,"Demand":0,"DemandMax":1,"Value":6480},{"Length":30,"Height":5,"Demand":0,"DemandMax":1,"Value":300},{"Length":34,"Height":32,"Demand":0,"DemandMax":1,"Value":3264},{"Length":22,"Height":17,"Demand":0,"DemandMax":1,"Value":374},{"Length":9,"Height":25,"Demand":0,"DemandMax":1,"Value":675},{"Length":79,"Height":40,"Demand":0,"DemandMax":1,"Value":3160},{"Length":17,"Height":91,"Demand":0,"DemandMax":1,"Value":3094},{"Length":66,"Height":60,"Demand":0,"DemandMax":1,"Value":11880},{"Length":32,"Height":50,"Demand":0,"DemandMax":1,"Value":1600},{"Length":59,"Height":72,"Demand":0,"DemandMax":1,"Value":4248},{"Length":7,"Height":45,"Demand":0,"DemandMax":1,"Value":315},{"Length":4,"Height":3,"Demand":0,"DemandMax":1,"Value":12},{"Length":87,"Height":63,"Demand":0,"DemandMax":1,"Value":10962},{"Length":16,"Height":33,"Demand":0,"DemandMax":1,"Value":528},{"Length":82,"Height":13,"Demand":0,"DemandMax":1,"Value":3198},{"Length":49,"Height":17,"Demand":0,"DemandMax":2,"Value":2499},{"Length":48,"Height":30,"Demand":0,"DemandMax":2,"Value":2880},{"Length":48,"Height":34,"Demand":0,"DemandMax":1,"Value":1632},{"Length":32,"Height":15,"Demand":0,"DemandMax":1,"Value":480},{"Length":23,"Height":6,"Demand":0,"DemandMax":1,"Value":138},{"Length":43,"Height":13,"Demand":0,"DemandMax":1,"Value":1118},{"Length":41,"Height":48,"Demand":0,"DemandMax":1,"Value":5904},{"Length":34,"Height":46,"Demand":0,"DemandMax":1,"Value":1564},{"Length":9,"Height":100,"Demand":0,"DemandMax":1,"Value":1800},{"Length":19,"Height":7,"Demand":0,"DemandMax":1,"Value":399},{"Length":76,"Height":24,"Demand":0,"DemandMax":1,"Value":5472},{"Length":62,"Height":52,"Demand":0,"DemandMax":1,"Value":9672},{"Length":38,"Height":4,"Demand":0,"DemandMax":1,"Value":152},{"Length":91,"Height":79,"Demand":0,"DemandMax":1,"Value":21567},{"Length":5,"Height":2,"Demand":0,"DemandMax":1,"Value":10},{"Length":17,"Height":33,"Demand":0,"DemandMax":1,"Value":1683},{"Length":50,"Height":14,"Demand":0,"DemandMax":1,"Value":700},{"Length":100,"Height":86,"Demand":0,"DemandMax":1,"Value":17200},{"Length":91,"Height":68,"Demand":0,"DemandMax":1,"Value":6188},{"Length":35,"Height":11,"Demand":0,"DemandMax":1,"Value":1155},{"Length":49,"Height":86,"Demand":0,"DemandMax":1,"Value":12642},{"Length":48,"Height":36,"Demand":0,"DemandMax":1,"Value":5184},{"Length":44,"Height":93,"Demand":0,"DemandMax":1,"Value":8184},{"Length":93,"Height":17,"Demand":0,"DemandMax":1,"Value":4743},{"Length":74,"Height":100,"Demand":0,"DemandMax":1,"Value":22200},{"Length":10,"Height":10,"Demand":0,"DemandMax":1,"Value":100},{"Length":27,"Height":47,"Demand":0,"DemandMax":1,"Value":1269},{"Length":99,"Height":50,"Demand":0,"DemandMax":1,"Value":14850},{"Length":4,"Height":21,"Demand":0,"DemandMax":1,"Value":84},{"Length":14,"Height":7,"Demand":0,"DemandMax":2,"Value":98},{"Length":12,"Height":31,"Demand":0,"DemandMax":1,"Value":744},{"Length":99,"Height":60,"Demand":0,"DemandMax":1,"Value":5940},{"Length":58,"Height":70,"Demand":0,"DemandMax":1,"Value":4060},{"Length":80,"Height":6,"Demand":0,"DemandMax":1,"Value":960},{"Length":27,"Height":6,"Demand":0,"DemandMax":1,"Value":486},{"Length":92,"Height":32,"Demand":0,"DemandMax":1,"Value":5888},{"Length":4,"Height":25,"Demand":0,"DemandMax":1,"Value":200},{"Length":24,"Height":10,"Demand":0,"DemandMax":1,"Value":240},{"Length":93,"Height":21,"Demand":0,"DemandMax":1,"Value":1953},{"Length":12,"Height":9,"Demand":0,"DemandMax":1,"Value":216},{"Length":35,"Height":16,"Demand":0,"DemandMax":1,"Value":1120},{"Length":38,"Height":32,"Demand":0,"DemandMax":1,"Value":3648},{"Length":30,"Height":14,"Demand":0,"DemandMax":1,"Value":840},{"Length":44,"Height":5,"Demand":0,"DemandMax":1,"Value":660},{"Length":91,"Height":45,"Demand":0,"DemandMax":1,"Value":12285},{"Length":7,"Height":34,"Demand":0,"DemandMax":1,"Value":476},{"Length":10,"Height":50,"Demand":0,"DemandMax":1,"Value":500},{"Length":9,"Height":32,"Demand":0,"DemandMax":1,"Value":576},{"Length":6,"Height":30,"Demand":0,"DemandMax":1,"Value":540},{"Length":24,"Height":13,"Demand":0,"DemandMax":1,"Value":624},{"Length":34,"Height":49,"Demand":0,"DemandMax":1,"Value":3332},{"Length":12,"Height":20,"Demand":0,"DemandMax":1,"Value":480},{"Length":44,"Height":42,"Demand":0,"DemandMax":1,"Value":5544},{"Length":98,"Height":85,"Demand":0,"DemandMax":1,"Value":8330},{"Length":16,"Height":21,"Demand":0,"DemandMax":1,"Value":1008},{"Length":45,"Height":76,"Demand":0,"DemandMax":1,"Value":3420},{"Length":48,"Height":40,"Demand":0,"DemandMax":1,"Value":1920},{"Length":77,"Height":27,"Demand":0,"DemandMax":1,"Value":6237},{"Length":17,"Height":79,"Demand":0,"DemandMax":1,"Value":2686},{"Length":67,"Height":61,"Demand":0,"DemandMax":1,"Value":8174},{"Length":8,"Height":40,"Demand":0,"DemandMax":1,"Value":640},{"Length":88,"Height":19,"Demand":0,"DemandMax":1,"Value":1672},{"Length":35,"Height":47,"Demand":0,"DemandMax":1,"Value":3290},{"Length":8,"Height":23,"Demand":0,"DemandMax":1,"Value":368},{"Length":2,"Height":9,"Demand":0,"DemandMax":1,"Value":36},{"Length":9,"Height":43,"Demand":0,"DemandMax":1,"Value":1161},{"Length":72,"Height":75,"Demand":0,"DemandMax":1,"Value":16200},{"Length":38,"Height":21,"Demand":0,"DemandMax":1,"Value":1596},{"Length":81,"Height":79,"Demand":0,"DemandMax":1,"Value":6399},{"Length":79,"Height":9,"Demand":0,"DemandMax":1,"Value":711},{"Length":17,"Height":95,"Demand":0,"DemandMax":1,"Value":3230},{"Length":22,"Height":49,"Demand":0,"DemandMax":1,"Value":3234},{"Length":40,"Height":9,"Demand":0,"DemandMax":1,"Value":720},{"Length":12,"Height":6,"Demand":0,"DemandMax":1,"Value":216},{"Length":59,"Height":80,"Demand":0,"DemandMax":1,"Value":4720},{"Length":66,"Height":56,"Demand":0,"DemandMax":1,"Value":11088},{"Length":66,"Height":64,"Demand":0,"DemandMax":1,"Value":8448},{"Length":37,"Height":13,"Demand":0,"DemandMax":1,"Value":1443},{"Length":2,"Height":20,"Demand":0,"DemandMax":1,"Value":40},{"Length":33,"Height":85,"Demand":0,"DemandMax":1,"Value":2805},{"Length":82,"Height":36,"Demand":0,"DemandMax":1,"Value":2952},{"Length":78,"Height":9,"Demand":0,"DemandMax":1,"Value":2106},{"Length":23,"Height":86,"Demand":0,"DemandMax":1,"Value":3956},{"Length":30,"Height":77,"Demand":0,"DemandMax":1,"Value":6930},{"Length":11,"Height":18,"Demand":0,"DemandMax":1,"Value":396},{"Length":18,"Height":10,"Demand":0,"DemandMax":1,"Value":360},{"Length":94,"Height":32,"Demand":0,"DemandMax":1,"Value":3008},{"Length":43,"Height":28,"Demand":0,"DemandMax":1,"Value":3612},{"Length":26,"Height":15,"Demand":0,"DemandMax":1,"Value":390},{"Length":48,"Height":99,"Demand":0,"DemandMax":1,"Value":14256},{"Length":39,"Height":42,"Demand":0,"DemandMax":1,"Value":4914},{"Length":11,"Height":4,"Demand":0,"DemandMax":1,"Value":88},{"Length":46,"Height":49,"Demand":0,"DemandMax":1,"Value":4508},{"Length":8,"Height":29,"Demand":0,"DemandMax":1,"Value":696},{"Length":12,"Height":6,"Demand":0,"DemandMax":1,"Value":72},{"Length":90,"Height":70,"Demand":0,"DemandMax":1,"Value":6300},{"Length":89,"Height":30,"Demand":0,"DemandMax":1,"Value":5340},{"Length":46,"Height":10,"Demand":0,"DemandMax":1,"Value":460},{"Length":99,"Height":90,"Demand":0,"DemandMax":1,"Value":17820},{"Length":46,"Height":4,"Demand":0,"DemandMax":1,"Value":368},{"Length":10,"Height":6,"Demand":0,"DemandMax":1,"Value":180},{"Length":47,"Height":41,"Demand":0,"DemandMax":1,"Value":3854},{"Length":97,"Height":6,"Demand":0,"DemandMax":1,"Value":1164},{"Length":29,"Height":47,"Demand":0,"DemandMax":1,"Value":4089},{"Length":64,"Height":53,"Demand":0,"DemandMax":1,"Value":3392},{"Length":9,"Height":48,"Demand":0,"DemandMax":2,"Value":432},{"Length":15,"Height":4,"Demand":0,"DemandMax":1,"Value":180},{"Length":46,"Height":2,"Demand":0,"DemandMax":1,"Value":92},{"Length":28,"Height":15,"Demand":0,"DemandMax":1,"Value":840},{"Length":5,"Height":21,"Demand":0,"DemandMax":1,"Value":315},{"Length":44,"Height":14,"Demand":0,"DemandMax":1,"Value":616},{"Length":13,"Height":37,"Demand":0,"DemandMax":1,"Value":1443},{"Length":3,"Height":43,"Demand":0,"DemandMax":1,"Value":387},{"Length":80,"Height":68,"Demand":0,"DemandMax":1,"Value":5440},{"Length":36,"Height":87,"Demand":0,"DemandMax":1,"Value":9396},{"Length":20,"Height":86,"Demand":0,"DemandMax":1,"Value":5160},{"Length":19,"Height":30,"Demand":0,"DemandMax":1,"Value":570},{"Length":30,"Height":12,"Demand":0,"DemandMax":1,"Value":720},{"Length":99,"Height":14,"Demand":0,"DemandMax":1,"Value":4158},{"Length":4,"Height":40,"Demand":0,"DemandMax":1,"Value":480},{"Length":32,"Height":95,"Demand":0,"DemandMax":1,"Value":9120},{"Length":28,"Height":50,"Demand":0,"DemandMax":1,"Value":2800},{"Length":26,"Height":50,"Demand":0,"DemandMax":1,"Value":3900},{"Length":48,"Height":81,"Demand":0,"DemandMax":1,"Value":7776},{"Length":22,"Height":42,"Demand":0,"DemandMax":1,"Value":2772},{"Length":7,"Height":94,"Demand":0,"DemandMax":1,"Value":1974},{"Length":47,"Height":79,"Demand":0,"DemandMax":1,"Value":3713},{"Length":66,"Height":63,"Demand":0,"DemandMax":1,"Value":12474},{"Length":7,"Height":41,"Demand":0,"DemandMax":1,"Value":861},{"Length":83,"Height":20,"Demand":0,"DemandMax":1,"Value":1660},{"Length":41,"Height":38,"Demand":0,"DemandMax":1,"Value":1558},{"Length":45,"Height":36,"Demand":0,"DemandMax":1,"Value":3240},{"Length":3,"Height":34,"Demand":0,"DemandMax":1,"Value":204},{"Length":22,"Height":13,"Demand":0,"DemandMax":1,"Value":572},{"Length":92,"Height":25,"Demand":0,"DemandMax":1,"Value":2300},{"Length":48,"Height":15,"Demand":0,"DemandMax":1,"Value":2160},{"Length":84,"Height":67,"Demand":0,"DemandMax":1,"Value":5628},{"Length":43,"Height":17,"Demand":0,"DemandMax":1,"Value":1462},{"Length":8,"Height":83,"Demand":0,"DemandMax":1,"Value":1992},{"Length":23,"Height":82,"Demand":0,"DemandMax":1,"Value":5658},{"Length":94,"Height":29,"Demand":0,"DemandMax":1,"Value":8178},{"Length":32,"Height":89,"Demand":0,"DemandMax":1,"Value":8544},{"Length":44,"Height":16,"Demand":0,"DemandMax":1,"Value":704},{"Length":20,"Height":31,"Demand":0,"DemandMax":1,"Value":1240},{"Length":40,"Height":50,"Demand":0,"DemandMax":1,"Value":2000},{"Length":21,"Height":98,"Demand":0,"DemandMax":1,"Value":6174},{"Length":24,"Height":34,"Demand":0,"DemandMax":1,"Value":2448},{"Length":50,"Height":38,"Demand":0,"DemandMax":1,"Value":1900},{"Length":96,"Height":58,"Demand":0,"DemandMax":1,"Value":5568},{"Length":67,"Height":89,"Demand":0,"DemandMax":1,"Value":11926},{"Length":22,"Height":32,"Demand":0,"DemandMax":1,"Value":1408},{"Length":94,"Height":75,"Demand":0,"DemandMax":1,"Value":21150},{"Length":8,"Height":7,"Demand":0,"DemandMax":1,"Value":168},{"Length":11,"Height":10,"Demand":0,"DemandMax":1,"Value":330},{"Length":5,"Height":79,"Demand":0,"DemandMax":1,"Value":790},{"Length":21,"Height":44,"Demand":0,"DemandMax":1,"Value":2772},{"Length":41,"Height":12,"Demand":0,"DemandMax":1,"Value":1476},{"Length":50,"Height":40,"Demand":0,"DemandMax":1,"Value":2000},{"Length":22,"Height":3,"Demand":0,"DemandMax":1,"Value":66},{"Length":88,"Height":50,"Demand":0,"DemandMax":1,"Value":8800},{"Length":99,"Height":91,"Demand":0,"DemandMax":1,"Value":18018},{"Length":71,"Height":60,"Demand":0,"DemandMax":1,"Value":4260},{"Length":95,"Height":5,"Demand":0,"DemandMax":1,"Value":1425},{"Length":41,"Height":42,"Demand":0,"DemandMax":1,"Value":3444},{"Length":54,"Height":64,"Demand":0,"DemandMax":1,"Value":3456},{"Length":44,"Height":49,"Demand":0,"DemandMax":1,"Value":2156},{"Length":43,"Height":24,"Demand":0,"DemandMax":1,"Value":1032},{"Length":18,"Height":37,"Demand":0,"DemandMax":1,"Value":1998},{"Length":38,"Height":49,"Demand":0,"DemandMax":1,"Value":3724},{"Length":94,"Height":36,"Demand":0,"DemandMax":1,"Value":6768},{"Length":36,"Height":35,"Demand":0,"DemandMax":1,"Value":3780},{"Length":27,"Height":37,"Demand":0,"DemandMax":1,"Value":2997},{"Length":99,"Height":67,"Demand":0,"DemandMax":1,"Value":19899},{"Length":32,"Height":4,"Demand":0,"DemandMax":1,"Value":128},{"Length":30,"Height":49,"Demand":0,"DemandMax":1,"Value":4410},{"Length":43,"Height":15,"Demand":0,"DemandMax":1,"Value":1290},{"Length":40,"Height":46,"Demand":0,"DemandMax":1,"Value":1840},{"Length":73,"Height":100,"Demand":0,"DemandMax":1,"Value":21900},{"Length":8,"Height":20,"Demand":0,"DemandMax":1,"Value":160},{"Length":37,"Height":87,"Demand":0,"DemandMax":1,"Value":6438},{"Length":22,"Height":22,"Demand":0,"DemandMax":1,"Value":968},{"Length":30,"Height":8,"Demand":0,"DemandMax":1,"Value":240},{"Length":40,"Height":15,"Demand":0,"DemandMax":1,"Value":1800},{"Length":49,"Height":22,"Demand":0,"DemandMax":1,"Value":1078},{"Length":99,"Height":30,"Demand":0,"DemandMax":1,"Value":2970},{"Length":74,"Height":88,"Demand":0,"DemandMax":1,"Value":19536},{"Length":44,"Height":34,"Demand":0,"DemandMax":1,"Value":1496},{"Length":61,"Height":87,"Demand":0,"DemandMax":1,"Value":15921},{"Length":94,"Height":46,"Demand":0,"DemandMax":1,"Value":8648},{"Length":83,"Height":70,"Demand":0,"DemandMax":1,"Value":11620},{"Length":83,"Height":44,"Demand":0,"DemandMax":1,"Value":10956},{"Length":29,"Height":39,"Demand":0,"DemandMax":1,"Value":3393},{"Length":26,"Height":22,"Demand":0,"DemandMax":1,"Value":1716},{"Length":78,"Height":94,"Demand":0,"DemandMax":1,"Value":7332},{"Length":7,"Height":21,"Demand":0,"DemandMax":1,"Value":441},{"Length":94,"Height":24,"Demand":0,"DemandMax":1,"Value":4512},{"Length":29,"Height":3,"Demand":0,"DemandMax":1,"Value":261},{"Length":40,"Height":40,"Demand":0,"DemandMax":1,"Value":4800},{"Length":28,"Height":17,"Demand":0,"DemandMax":1,"Value":476},{"Length":14,"Height":92,"Demand":0,"DemandMax":1,"Value":3864},{"Length":26,"Height":11,"Demand":0,"DemandMax":1,"Value":858},{"Length":11,"Height":43,"Demand":0,"DemandMax":1,"Value":1419},{"Length":3,"Height":85,"Demand":0,"DemandMax":1,"Value":765},{"Length":80,"Height":22,"Demand":0,"DemandMax":1,"Value":5280},{"Length":37,"Height":21,"Demand":0,"DemandMax":1,"Value":1554},{"Length":96,"Height":19,"Demand":0,"DemandMax":1,"Value":3648},{"Length":35,"Height":17,"Demand":0,"DemandMax":1,"Value":1190},{"Length":32,"Height":15,"Demand":0,"DemandMax":2,"Value":1440},{"Length":46,"Height":22,"Demand":0,"DemandMax":1,"Value":1012},{"Length":81,"Height":51,"Demand":0,"DemandMax":1,"Value":12393},{"Length":13,"Height":11,"Demand":0,"DemandMax":1,"Value":286},{"Length":92,"Height":30,"Demand":0,"DemandMax":2,"Value":8280},{"Length":90,"Height":20,"Demand":0,"DemandMax":1,"Value":1800},{"Length":84,"Height":34,"Demand":0,"DemandMax":1,"Value":2856},{"Length":100,"Height":36,"Demand":0,"DemandMax":1,"Value":7200},{"Length":34,"Height":79,"Demand":0,"DemandMax":1,"Value":5372},{"Length":26,"Height":85,"Demand":0,"DemandMax":1,"Value":6630},{"Length":41,"Height":87,"Demand":0,"DemandMax":1,"Value":7134},{"Length":89,"Height":32,"Demand":0,"DemandMax":1,"Value":8544},{"Length":5,"Height":32,"Demand":0,"DemandMax":1,"Value":480},{"Length":94,"Height":40,"Demand":0,"DemandMax":1,"Value":11280},{"Length":31,"Height":87,"Demand":0,"DemandMax":1,"Value":8091},{"Length":67,"Height":75,"Demand":0,"DemandMax":1,"Value":15075},{"Length":81,"Height":31,"Demand":0,"DemandMax":1,"Value":2511},{"Length":80,"Height":33,"Demand":0,"DemandMax":1,"Value":2640},{"Length":20,"Height":33,"Demand":0,"DemandMax":1,"Value":660},{"Length":50,"Height":22,"Demand":0,"DemandMax":1,"Value":2200},{"Length":28,"Height":5,"Demand":0,"DemandMax":1,"Value":280},{"Length":47,"Height":33,"Demand":0,"DemandMax":1,"Value":3102},{"Length":43,"Height":12,"Demand":0,"DemandMax":1,"Value":1032},{"Length":65,"Height":62,"Demand":0,"DemandMax":1,"Value":8060},{"Length":32,"Height":44,"Demand":0,"DemandMax":1,"Value":4224},{"Length":100,"Height":70,"Demand":0,"DemandMax":1,"Value":14000},{"Length":34,"Height":44,"Demand":0,"DemandMax":1,"Value":1496},{"Length":50,"Height":24,"Demand":0,"DemandMax":1,"Value":1200},{"Length":80,"Height":80,"Demand":0,"DemandMax":1,"Value":12800},{"Length":20,"Height":42,"Demand":0,"DemandMax":1,"Value":1680},{"Length":33,"Height":89,"Demand":0,"DemandMax":1,"Value":8811},{"Length":23,"Height":9,"Demand":0,"DemandMax":1,"Value":207},{"Length":5,"Height":47,"Demand":0,"DemandMax":1,"Value":235},{"Length":14,"Height":28,"Demand":0,"DemandMax":1,"Value":784},{"Length":88,"Height":73,"Demand":0,"DemandMax":1,"Value":19272},{"Length":29,"Height":43,"Demand":0,"DemandMax":1,"Value":3741},{"Length":74,"Height":76,"Demand":0,"DemandMax":1,"Value":11248},{"Length":16,"Height":36,"Demand":0,"DemandMax":1,"Value":576},{"Length":6,"Height":48,"Demand":0,"DemandMax":1,"Value":576},{"Length":22,"Height":35,"Demand":0,"DemandMax":1,"Value":1540},{"Length":4,"Height":78,"Demand":0,"DemandMax":1,"Value":312},{"Length":21,"Height":2,"Demand":0,"DemandMax":1,"Value":126},{"Length":36,"Height":12,"Demand":0,"DemandMax":1,"Value":864},{"Length":63,"Height":95,"Demand":0,"DemandMax":1,"Value":5985},{"Length":47,"Height":27,"Demand":0,"DemandMax":1,"Value":2538},{"Length":24,"Height":36,"Demand":0,"DemandMax":1,"Value":2592},{"Length":31,"Height":27,"Demand":0,"DemandMax":1,"Value":2511},{"Length":38,"Height":47,"Demand":0,"DemandMax":1,"Value":1786},{"Length":20,"Height":11,"Demand":0,"DemandMax":1,"Value":220},{"Length":35,"Height":100,"Demand":0,"DemandMax":1,"Value":10500},{"Length":9,"Height":9,"Demand":0,"DemandMax":1,"Value":81},{"Length":76,"Height":29,"Demand":0,"DemandMax":1,"Value":2204},{"Length":88,"Height":12,"Demand":0,"DemandMax":1,"Value":1056},{"Length":21,"Height":91,"Demand":0,"DemandMax":1,"Value":3822},{"Length":13,"Height":9,"Demand":0,"DemandMax":1,"Value":117},{"Length":31,"Height":94,"Demand":0,"DemandMax":1,"Value":8742},{"Length":43,"Height":78,"Demand":0,"DemandMax":1,"Value":6708},{"Length":9,"Height":12,"Demand":0,"DemandMax":1,"Value":216},{"Length":48,"Height":10,"Demand":0,"DemandMax":1,"Value":960},{"Length":10,"Height":36,"Demand":0,"DemandMax":1,"Value":360},{"Length":26,"Height":89,"Demand":0,"DemandMax":1,"Value":6942},{"Length":45,"Height":37,"Demand":0,"DemandMax":1,"Value":4995},{"Length":24,"Height":20,"Demand":0,"DemandMax":1,"Value":1440},{"Length":12,"Height":39,"Demand":0,"DemandMax":1,"Value":936},{"Length":90,"Height":89,"Demand":0,"DemandMax":1,"Value":24030},{"Length":14,"Height":15,"Demand":0,"DemandMax":1,"Value":630},{"Length":42,"Height":31,"Demand":0,"DemandMax":1,"Value":2604},{"Length":37,"Height":42,"Demand":0,"DemandMax":1,"Value":4662},{"Length":15,"Height":27,"Demand":0,"DemandMax":1,"Value":405},{"Length":30,"Height":18,"Demand":0,"DemandMax":1,"Value":1080},{"Length":74,"Height":94,"Demand":0,"DemandMax":1,"Value":20868},{"Length":46,"Height":43,"Demand":0,"DemandMax":1,"Value":5934},{"Length":80,"Height":89,"Demand":0,"DemandMax":1,"Value":7120},{"Length":6,"Height":19,"Demand":0,"DemandMax":1,"Value":228},{"Length":39,"Height":88,"Demand":0,"DemandMax":1,"Value":3432},{"Length":12,"Height":26,"Demand":0,"DemandMax":1,"Value":936},{"Length":28,"Height":92,"Demand":0,"DemandMax":1,"Value":7728},{"Length":57,"Height":67,"Demand":0,"DemandMax":1,"Value":7638},{"Length":53,"Height":69,"Demand":0,"DemandMax":1,"Value":7314},{"Length":92,"Height":16,"Demand":0,"DemandMax":1,"Value":4416},{"Length":36,"Height":97,"Demand":0,"DemandMax":1,"Value":3492},{"Length":99,"Height":3,"Demand":0,"DemandMax":1,"Value":891},{"Length":44,"Height":31,"Demand":0,"DemandMax":1,"Value":4092},{"Length":4,"Height":28,"Demand":0,"DemandMax":1,"Value":112},{"Length":79,"Height":5,"Demand":0,"DemandMax":1,"Value":395},{"Length":16,"Height":44,"Demand":0,"DemandMax":1,"Value":704},{"Length":6,"Height":22,"Demand":0,"DemandMax":1,"Value":132},{"Length":3,"Height":25,"Demand":0,"DemandMax":1,"Value":150},{"Length":49,"Height":39,"Demand":0,"DemandMax":1,"Value":5733},{"Length":13,"Height":50,"Demand":0,"DemandMax":1,"Value":1950},{"Length":70,"Height":76,"Demand":0,"DemandMax":1,"Value":15960},{"Length":75,"Height":54,"Demand":0,"DemandMax":1,"Value":4050},{"Length":42,"Height":17,"Demand":0,"DemandMax":1,"Value":714},{"Length":76,"Height":47,"Demand":0,"DemandMax":1,"Value":7144},{"Length":24,"Height":48,"Demand":0,"DemandMax":1,"Value":2304},{"Length":87,"Height":5,"Demand":0,"DemandMax":1,"Value":435},{"Length":37,"Height":30,"Demand":0,"DemandMax":1,"Value":3330},{"Length":9,"Height":98,"Demand":0,"DemandMax":1,"Value":882},{"Length":34,"Height":21,"Demand":0,"DemandMax":1,"Value":714},{"Length":54,"Height":75,"Demand":0,"DemandMax":1,"Value":8100},{"Length":2,"Height":48,"Demand":0,"DemandMax":1,"Value":96},{"Length":19,"Height":82,"Demand":0,"DemandMax":1,"Value":1558},{"Length":10,"Height":17,"Demand":0,"DemandMax":1,"Value":170},{"Length":8,"Height":3,"Demand":0,"DemandMax":1,"Value":24},{"Length":31,"Height":78,"Demand":0,"DemandMax":1,"Value":4836},{"Length":4,"Height":93,"Demand":0,"DemandMax":1,"Value":744},{"Length":46,"Height":38,"Demand":0,"DemandMax":1,"Value":3496},{"Length":80,"Height":25,"Demand":0,"DemandMax":1,"Value":6000},{"Length":20,"Height":27,"Demand":0,"DemandMax":1,"Value":1080},{"Length":32,"Height":37,"Demand":0,"DemandMax":1,"Value":2368},{"Length":7,"Height":36,"Demand":0,"DemandMax":1,"Value":756},{"Length":90,"Height":48,"Demand":0,"DemandMax":1,"Value":8640},{"Length":22,"Height":98,"Demand":0,"DemandMax":1,"Value":2156},{"Length":79,"Height":3,"Demand":0,"DemandMax":1,"Value":237},{"Length":29,"Height":81,"Demand":0,"DemandMax":1,"Value":4698},{"Length":17,"Height":30,"Demand":0,"DemandMax":1,"Value":1530},{"Length":39,"Height":98,"Demand":0,"DemandMax":1,"Value":11466},{"Length":50,"Height":3,"Demand":0,"DemandMax":1,"Value":450},{"Length":43,"Height":42,"Demand":0,"DemandMax":1,"Value":3612},{"Length":87,"Height":32,"Demand":0,"DemandMax":1,"Value":5568},{"Length":23,"Height":13,"Demand":0,"DemandMax":1,"Value":299},{"Length":23,"Height":41,"Demand":0,"DemandMax":1,"Value":943},{"Length":33,"Height":10,"Demand":0,"DemandMax":1,"Value":330},{"Length":52,"Height":61,"Demand":0,"DemandMax":1,"Value":6344},{"Length":34,"Height":92,"Demand":0,"DemandMax":1,"Value":3128},{"Length":38,"Height":17,"Demand":0,"DemandMax":1,"Value":1938},{"Length":13,"Height":17,"Demand":0,"DemandMax":1,"Value":663},{"Length":24,"Height":41,"Demand":0,"DemandMax":1,"Value":984},{"Length":20,"Height":11,"Demand":0,"DemandMax":1,"Value":660},{"Length":27,"Height":13,"Demand":0,"DemandMax":1,"Value":1053},{"Length":78,"Height":2,"Demand":0,"DemandMax":1,"Value":312},{"Length":11,"Height":10,"Demand":0,"DemandMax":1,"Value":110},{"Length":16,"Height":3,"Demand":0,"DemandMax":1,"Value":48},{"Length":77,"Height":6,"Demand":0,"DemandMax":1,"Value":462},{"Length":24,"Height":8,"Demand":0,"DemandMax":1,"Value":384},{"Length":47,"Height":49,"Demand":0,"DemandMax":1,"Value":2303},{"Length":100,"Height":11,"Demand":0,"DemandMax":1,"Value":2200},{"Length":24,"Height":27,"Demand":0,"DemandMax":1,"Value":1944},{"Length":64,"Height":65,"Demand":0,"DemandMax":1,"Value":4160},{"Length":84,"Height":28,"Demand":0,"DemandMax":1,"Value":2352},{"Length":49,"Height":45,"Demand":0,"DemandMax":1,"Value":6615},{"Length":5,"Height":44,"Demand":0,"DemandMax":1,"Value":440},{"Length":4,"Height":35,"Demand":0,"DemandMax":1,"Value":140},{"Length":34,"Height":83,"Demand":0,"DemandMax":1,"Value":5644},{"Length":76,"Height":10,"Demand":0,"DemandMax":1,"Value":760},{"Length":49,"Height":33,"Demand":0,"DemandMax":1,"Value":1617},{"Length":84,"Height":43,"Demand":0,"DemandMax":1,"Value":7224},{"Length":82,"Height":28,"Demand":0,"DemandMax":1,"Value":6888},{"Length":11,"Height":2,"Demand":0,"DemandMax":1,"Value":66},{"Length":60,"Height":88,"Demand":0,"DemandMax":1,"Value":15840},{"Length":20,"Height":50,"Demand":0,"DemandMax":1,"Value":3000},{"Length":23,"Height":8,"Demand":0,"DemandMax":1,"Value":368},{"Length":30,"Height":25,"Demand":0,"DemandMax":1,"Value":1500},{"Length":19,"Height":14,"Demand":0,"DemandMax":1,"Value":532},{"Length":18,"Height":11,"Demand":0,"DemandMax":1,"Value":594},{"Length":50,"Height":24,"Demand":0,"DemandMax":1,"Value":2400},{"Length":10,"Height":50,"Demand":0,"DemandMax":1,"Value":1500},{"Length":24,"Height":17,"Demand":0,"DemandMax":1,"Value":816},{"Length":18,"Height":18,"Demand":0,"DemandMax":1,"Value":972},{"Length":81,"Height":17,"Demand":0,"DemandMax":1,"Value":2754},{"Length":25,"Height":7,"Demand":0,"DemandMax":1,"Value":350},{"Length":80,"Height":16,"Demand":0,"DemandMax":1,"Value":2560},{"Length":35,"Height":22,"Demand":0,"DemandMax":1,"Value":2310},{"Length":32,"Height":6,"Demand":0,"DemandMax":1,"Value":576},{"Length":74,"Height":71,"Demand":0,"DemandMax":1,"Value":10508},{"Length":21,"Height":32,"Demand":0,"DemandMax":1,"Value":672},{"Length":10,"Height":49,"Demand":0,"DemandMax":1,"Value":980},{"Length":83,"Height":9,"Demand":0,"DemandMax":1,"Value":1494},{"Length":20,"Height":25,"Demand":0,"DemandMax":1,"Value":1500},{"Length":3,"Height":94,"Demand":0,"DemandMax":1,"Value":282},{"Length":28,"Height":11,"Demand":0,"DemandMax":1,"Value":924},{"Length":32,"Height":6,"Demand":0,"DemandMax":1,"Value":384},{"Length":7,"Height":49,"Demand":0,"DemandMax":1,"Value":686},{"Length":37,"Height":91,"Demand":0,"DemandMax":1,"Value":10101},{"Length":6,"Height":17,"Demand":0,"DemandMax":1,"Value":102},{"Length":82,"Height":88,"Demand":0,"DemandMax":1,"Value":21648},{"Length":21,"Height":20,"Demand":0,"DemandMax":1,"Value":420},{"Length":8,"Height":32,"Demand":0,"DemandMax":1,"Value":768},{"Length":99,"Height":53,"Demand":0,"DemandMax":1,"Value":5247},{"Length":40,"Height":88,"Demand":0,"DemandMax":1,"Value":7040},{"Length":46,"Height":17,"Demand":0,"DemandMax":1,"Value":1564},{"Length":78,"Height":72,"Demand":0,"DemandMax":1,"Value":5616},{"Length":18,"Height":2,"Demand":0,"DemandMax":1,"Value":108},{"Length":22,"Height":50,"Demand":0,"DemandMax":1,"Value":2200},{"Length":45,"Height":28,"Demand":0,"DemandMax":1,"Value":2520},{"Length":23,"Height":32,"Demand":0,"DemandMax":1,"Value":736},{"Length":82,"Height":46,"Demand":0,"DemandMax":1,"Value":3772},{"Length":72,"Height":96,"Demand":0,"DemandMax":1,"Value":13824},{"Length":2,"Height":48,"Demand":0,"DemandMax":1,"Value":288},{"Length":30,"Height":36,"Demand":0,"DemandMax":1,"Value":3240},{"Length":48,"Height":47,"Demand":0,"DemandMax":1,"Value":6768},{"Length":17,"Height":98,"Demand":0,"DemandMax":1,"Value":3332},{"Length":2,"Height":45,"Demand":0,"DemandMax":1,"Value":180},{"Length":22,"Height":35,"Demand":0,"DemandMax":1,"Value":2310},{"Length":67,"Height":77,"Demand":0,"DemandMax":1,"Value":10318},{"Length":5,"Height":82,"Demand":0,"DemandMax":1,"Value":410},{"Length":2,"Height":13,"Demand":0,"DemandMax":1,"Value":52},{"Length":48,"Height":5,"Demand":0,"DemandMax":1,"Value":240},{"Length":37,"Height":23,"Demand":0,"DemandMax":1,"Value":1702},{"Length":40,"Height":4,"Demand":0,"DemandMax":1,"Value":160},{"Length":42,"Height":31,"Demand":0,"DemandMax":1,"Value":1302},{"Length":68,"Height":52,"Demand":0,"DemandMax":1,"Value":10608},{"Length":38,"Height":7,"Demand":0,"DemandMax":1,"Value":532},{"Length":36,"Height":34,"Demand":0,"DemandMax":1,"Value":3672},{"Length":78,"Height":89,"Demand":0,"DemandMax":1,"Value":6942},{"Length":3,"Height":32,"Demand":0,"DemandMax":1,"Value":96},{"Length":23,"Height":44,"Demand":0,"DemandMax":1,"Value":3036},{"Length":28,"Height":39,"Demand":0,"DemandMax":1,"Value":2184},{"Length":39,"Height":91,"Demand":0,"DemandMax":1,"Value":7098},{"Length":100,"Height":29,"Demand":0,"DemandMax":1,"Value":8700},{"Length":29,"Height":17,"Demand":0,"DemandMax":1,"Value":493},{"Length":27,"Height":22,"Demand":0,"DemandMax":1,"Value":1188},{"Length":40,"Height":84,"Demand":0,"DemandMax":1,"Value":3360},{"Length":22,"Height":38,"Demand":0,"DemandMax":1,"Value":836},{"Length":30,"Height":39,"Demand":0,"DemandMax":1,"Value":1170},{"Length":30,"Height":44,"Demand":0,"DemandMax":1,"Value":2640},{"Length":22,"Height":28,"Demand":0,"DemandMax":1,"Value":1848},{"Length":25,"Height":50,"Demand":0,"DemandMax":1,"Value":3750},{"Length":50,"Height":33,"Demand":0,"DemandMax":1,"Value":1650},{"Length":100,"Height":15,"Demand":0,"DemandMax":1,"Value":1500},{"Length":49,"Height":9,"Demand":0,"DemandMax":1,"Value":882},{"Length":17,"Height":83,"Demand":0,"DemandMax":1,"Value":1411},{"Length":35,"Height":38,"Demand":0,"DemandMax":1,"Value":3990},{"Length":43,"Height":32,"Demand":0,"DemandMax":1,"Value":1376},{"Length":94,"Height":79,"Demand":0,"DemandMax":1,"Value":14852},{"Length":84,"Height":23,"Demand":0,"DemandMax":1,"Value":5796},{"Length":23,"Height":16,"Demand":0,"DemandMax":1,"Value":1104},{"Length":43,"Height":38,"Demand":0,"DemandMax":1,"Value":1634}]}