{"Name":"ngcutfs3_95","Objects":[{"Length":100,"Height":100,"Stock":null,"Cost":10000}],"Items":[{"Length":3,"Height":41,"Demand":0,"DemandMax":1,"Value":246},{"Length":77,"Height":2,"Demand":0,"DemandMax":1,"Value":462},{"Length":25,"Height":17,"Demand":0,"DemandMax":1,"Value":850},{"Length":26,"Height":37,"Demand":0,"DemandMax":1,"Value":2886},{"Length":20,"Height":24,"Demand":0,"DemandMax":1,"Value":1440},{"Length":83,"Height":19,"Demand":0,"DemandMax":1,"Value":4731},{"Length":45,"Height":4,"Demand":0,"DemandMax":1,"Value":180},{"Length":58,"Height":76,"Demand":0,"DemandMax":1,"Value":4408},{"Length":29,"Height":7,"Demand":0,"DemandMax":1,"Value":609},{"Length":49,"Height":39,"Demand":0,"DemandMax":1,"Value":5733},{"Length":55,"Height":80,"Demand":0,"DemandMax":1,"Value":4400},{"Length":6,"Height":8,"Demand":0,"DemandMax":1,"Value":144},{"Length":44,"Height":26,"Demand":0,"DemandMax":1,"Value":2288},{"Length":25,"Height":76,"Demand":0,"DemandMax":1,"Value":1900},{"Length":73,"Height":96,"Demand":0,"DemandMax":1,"Value":21024},{"Length":47,"Height":36,"Demand":0,"DemandMax":1,"Value":3384},{"Length":8,"Height":78,"Demand":0,"DemandMax":1,"Value":1248},{"Length":32,"Height":37,"Demand":0,"DemandMax":1,"Value":1184},{"Length":84,"Height":67,"Demand":0,"DemandMax":1,"Value":11256},{"Length":43,"Height":46,"Demand":0,"DemandMax":1,"Value":5934},{"Length":71,"Height":72,"Demand":0,"DemandMax":1,"Value":10224},{"Length":79,"Height":92,"Demand":0,"DemandMax":1,"Value":21804},{"Length":47,"Height":5,"Demand":0,"DemandMax":1,"Value":705},{"Length":30,"Height":20,"Demand":0,"DemandMax":1,"Value":600},{"Length":89,"Height":72,"Demand":0,"DemandMax":1,"Value":12816},{"Length":93,"Height":58,"Demand":0,"DemandMax":1,"Value":5394},{"Length":11,"Height":7,"Demand":0,"DemandMax":1,"Value":77},{"Length":49,"Height":46,"Demand":0,"DemandMax":1,"Value":4508},{"Length":39,"Height":11,"Demand":0,"DemandMax":1,"Value":858},{"Length":89,"Height":12,"Demand":0,"DemandMax":1,"Value":3204},{"Length":21,"Height":25,"Demand":0,"DemandMax":1,"Value":1575},{"Length":43,"Height":33,"Demand":0,"DemandMax":1,"Value":4257},{"Length":34,"Height":16,"Demand":0,"DemandMax":1,"Value":1632},{"Length":2,"Height":99,"Demand":0,"DemandMax":1,"Value":396},{"Length":9,"Height":42,"Demand":0,"DemandMax":1,"Value":756},{"Length":21,"Height":4,"Demand":0,"DemandMax":1,"Value":168},{"Length":29,"Height":23,"Demand":0,"DemandMax":1,"Value":2001},{"Length":6,"Height":17,"Demand":0,"DemandMax":1,"Value":306},{"Length":8,"Height":42,"Demand":0,"DemandMax":1,"Value":672},{"Length":22,"Height":47,"Demand":0,"DemandMax":1,"Value":3102},{"Length":12,"Height":76,"Demand":0,"DemandMax":1,"Value":912},{"Length":38,"Height":45,"Demand":0,"DemandMax":1,"Value":3420},{"Length":7,"Height":4,"Demand":0,"DemandMax":1,"Value":56},{"Length":39,"Height":11,"Demand":0,"DemandMax":1,"Value":1287},{"Length":90,"Height":46,"Demand":0,"DemandMax":1,"Value":12420},{"Length":28,"Height":22,"Demand":0,"DemandMax":1,"Value":616},{"Length":30,"Height":79,"Demand":0,"DemandMax":1,"Value":4740},{"Length":64,"Height":97,"Demand":0,"DemandMax":1,"Value":12416},{"Length":41,"Height":9,"Demand":0,"DemandMax":1,"Value":369},{"Length":22,"Height":4,"Demand":0,"DemandMax":1,"Value":88},{"Length":13,"Height":5,"Demand":0,"DemandMax":1,"Value":195},{"Length":12,"Height":49,"Demand":0,"DemandMax":1,"Value":588},{"Length":26,"Height":86,"Demand":0,"DemandMax":1,"Value":6708},{"Length":20,"Height":11,"Demand":0,"DemandMax":1,"Value":440},{"Length":48,"Height":44,"Demand":0,"DemandMax":1,"Value":6336},{"Length":77,"Height":61,"Demand":0,"DemandMax":1,"Value":4697},{"Length":22,"Height":19,"Demand":0,"DemandMax":1,"Value":1254},{"Length":38,"Height":17,"Demand":0,"DemandMax":1,"Value":1292},{"Length":48,"Height":22,"Demand":0,"DemandMax":1,"Value":2112},{"Length":7,"Height":76,"Demand":0,"DemandMax":1,"Value":532},{"Length":21,"Height":34,"Demand":0,"DemandMax":1,"Value":2142},{"Length":46,"Height":50,"Demand":0,"DemandMax":1,"Value":4600},{"Length":7,"Height":39,"Demand":0,"DemandMax":1,"Value":546},{"Length":12,"Height":7,"Demand":0,"DemandMax":1,"Value":84},{"Length":33,"Height":45,"Demand":0,"DemandMax":1,"Value":4455},{"Length":44,"Height":17,"Demand":0,"DemandMax":1,"Value":748},{"Length":47,"Height":14,"Demand":0,"DemandMax":1,"Value":658},{"Length":40,"Height":39,"Demand":0,"DemandMax":1,"Value":4680},{"Length":83,"Height":39,"Demand":0,"DemandMax":1,"Value":3237},{"Length":43,"Height":96,"Demand":0,"DemandMax":1,"Value":4128},{"Length":25,"Height":96,"Demand":0,"DemandMax":1,"Value":4800},{"Length":41,"Height":98,"Demand":0,"DemandMax":1,"Value":12054},{"Length":30,"Height":24,"Demand":0,"DemandMax":1,"Value":720},{"Length":28,"Height":18,"Demand":0,"DemandMax":1,"Value":1008},{"Length":16,"Height":33,"Demand":0,"DemandMax":1,"Value":1584},{"Length":97,"Height":21,"Demand":0,"DemandMax":1,"Value":2037},{"Length":10,"Height":15,"Demand":0,"DemandMax":1,"Value":300},{"Length":49,"Height":24,"Demand":0,"DemandMax":1,"Value":3528},{"Length":41,"Height":31,"Demand":0,"DemandMax":1,"Value":2542},{"Length":8,"Height":76,"Demand":0,"DemandMax":1,"Value":608},{"Length":64,"Height":82,"Demand":0,"DemandMax":1,"Value":5248},{"Length":84,"Height":34,"Demand":0,"DemandMax":1,"Value":8568},{"Length":14,"Height":48,"Demand":0,"DemandMax":1,"Value":672},{"Length":28,"Height":17,"Demand":0,"DemandMax":1,"Value":476},{"Length":44,"Height":15,"Demand":0,"DemandMax":1,"Value":1320},{"Length":44,"Height":28,"Demand":0,"DemandMax":1,"Value":2464},{"Length":36,"Height":49,"Demand":0,"DemandMax":1,"Value":1764},{"Length":17,"Height":22,"Demand":0,"DemandMax":1,"Value":748},{"Length":95,"Height":36,"Demand":0,"DemandMax":1,"Value":10260},{"Length":89,"Height":18,"Demand":0,"DemandMax":1,"Value":4806},{"Length":45,"Height":24,"Demand":0,"DemandMax":1,"Value":3240},{"Length":31,"Height":5,"Demand":0,"DemandMax":1,"Value":465},{"Length":13,"Height":32,"Demand":0,"DemandMax":1,"Value":832},{"Length":3,"Height":32,"Demand":0,"DemandMax":1,"Value":192},{"Length":4,"Height":45,"Demand":0,"DemandMax":1,"Value":540},{"Length":28,"Height":79,"Demand":0,"DemandMax":1,"Value":4424},{"Length":9,"Height":33,"Demand":0,"DemandMax":1,"Value":594},{"Length":12,"Height":47,"Demand":0,"DemandMax":1,"Value":564},{"Length":13,"Height":23,"Demand":0,"DemandMax":1,"Value":299},{"Length":50,"Height":38,"Demand":0,"DemandMax":1,"Value":1900},{"Length":87,"Height":96,"Demand":0,"DemandMax":1,"Value":8352},{"Length":20,"Height":7,"Demand":0,"DemandMax":1,"Value":420},{"Length":2,"Height":43,"Demand":0,"DemandMax":1,"Value":258},{"Length":97,"Height":57,"Demand":0,"DemandMax":1,"Value":16587},{"Length":45,"Height":42,"Demand":0,"DemandMax":1,"Value":1890},{"Length":49,"Height":31,"Demand":0,"DemandMax":1,"Value":1519},{"Length":18,"Height":48,"Demand":0,"DemandMax":1,"Value":1728},{"Length":93,"Height":16,"Demand":0,"DemandMax":1,"Value":4464},{"Length":33,"Height":11,"Demand":0,"DemandMax":1,"Value":363},{"Length":64,"Height":85,"Demand":0,"DemandMax":1,"Value":5440},{"Length":100,"Height":63,"Demand":0,"DemandMax":1,"Value":18900},{"Length":20,"Height":41,"Demand":0,"DemandMax":1,"Value":2460},{"Length":45,"Height":18,"Demand":0,"DemandMax":1,"Value":1620},{"Length":13,"Height":7,"Demand":0,"DemandMax":1,"Value":91},{"Length":84,"Height":47,"Demand":0,"DemandMax":1,"Value":11844},{"Length":43,"Height":13,"Demand":0,"DemandMax":1,"Value":559},{"Length":93,"Height":77,"Demand":0,"DemandMax":1,"Value":14322},{"Length":38,"Height":46,"Demand":0,"DemandMax":1,"Value":5244},{"Length":94,"Height":79,"Demand":0,"DemandMax":1,"Value":14852},{"Length":88,"Height":12,"Demand":0,"DemandMax":1,"Value":2112},{"Length":39,"Height":9,"Demand":0,"DemandMax":1,"Value":702},{"Length":58,"Height":52,"Demand":0,"DemandMax":1,"Value":6032},{"Length":55,"Height":90,"Demand":0,"DemandMax":1,"Value":14850},{"Length":26,"Height":18,"Demand":0,"DemandMax":1,"Value":468},{"Length":73,"Height":68,"Demand":0,"DemandMax":1,"Value":14892},{"Length":45,"Height":9,"Demand":0,"DemandMax":1,"Value":1215},{"Length":26,"Height":43,"Demand":0,"DemandMax":1,"Value":3354},{"Length":9,"Height":98,"Demand":0,"DemandMax":1,"Value":882},{"Length":38,"Height":26,"Demand":0,"DemandMax":1,"Value":1976},{"Length":41,"Height":50,"Demand":0,"DemandMax":1,"Value":4100},{"Length":82,"Height":19,"Demand":0,"DemandMax":1,"Value":4674},{"Length":46,"Height":12,"Demand":0,"DemandMax":1,"Value":1656},{"Length":39,"Height":8,"Demand":0,"DemandMax":1,"Value":312},{"Length":2,"Height":5,"Demand":0,"DemandMax":1,"Value":20},{"Length":5,"Height":48,"Demand":0,"DemandMax":1,"Value":240},{"Length":95,"Height":39,"Demand":0,"DemandMax":1,"Value":7410},{"Length":19,"Height":95,"Demand":0,"DemandMax":1,"Value":1805},{"Length":77,"Height":4,"Demand":0,"DemandMax":1,"Value":616},{"Length":79,"Height":86,"Demand":0,"DemandMax":1,"Value":20382},{"Length":2,"Height":4,"Demand":0,"DemandMax":1,"Value":24},{"Length":47,"Height":18,"Demand":0,"DemandMax":1,"Value":1692},{"Length":48,"Height":31,"Demand":0,"DemandMax":1,"Value":4464},{"Length":5,"Height":35,"Demand":0,"DemandMax":1,"Value":350},{"Length":48,"Height":46,"Demand":0,"DemandMax":1,"Value":2208},{"Length":6,"Height":84,"Demand":0,"DemandMax":1,"Value":1512},{"Length":20,"Height":22,"Demand":0,"DemandMax":1,"Value":880},{"Length":16,"Height":31,"Demand":0,"DemandMax":1,"Value":496},{"Length":36,"Height":93,"Demand":0,"DemandMax":1,"Value":3348},{"Length":46,"Height":30,"Demand":0,"DemandMax":1,"Value":2760},{"Length":82,"Height":50,"Demand":0,"DemandMax":1,"Value":12300}]}