{"Name":"ngcutfs2_152","Objects":[{"Length":100,"Height":100,"Stock":null,"Cost":10000}],"Items":[{"Length":43,"Height":35,"Demand":0,"DemandMax":1,"Value":3010},{"Length":10,"Height":12,"Demand":0,"DemandMax":1,"Value":240},{"Length":43,"Height":88,"Demand":0,"DemandMax":1,"Value":11352},{"Length":98,"Height":79,"Demand":0,"DemandMax":1,"Value":15484},{"Length":60,"Height":80,"Demand":0,"DemandMax":1,"Value":14400},{"Length":7,"Height":46,"Demand":0,"DemandMax":1,"Value":966},{"Length":46,"Height":46,"Demand":0,"DemandMax":1,"Value":4232},{"Length":49,"Height":32,"Demand":0,"DemandMax":1,"Value":4704},{"Length":87,"Height":29,"Demand":0,"DemandMax":1,"Value":2523},{"Length":41,"Height":28,"Demand":0,"DemandMax":1,"Value":1148},{"Length":20,"Height":21,"Demand":0,"DemandMax":1,"Value":420},{"Length":95,"Height":39,"Demand":0,"DemandMax":1,"Value":3705},{"Length":29,"Height":11,"Demand":0,"DemandMax":1,"Value":638},{"Length":16,"Height":19,"Demand":0,"DemandMax":1,"Value":912},{"Length":51,"Height":55,"Demand":0,"DemandMax":1,"Value":8415},{"Length":47,"Height":11,"Demand":0,"DemandMax":1,"Value":1551},{"Length":83,"Height":30,"Demand":0,"DemandMax":1,"Value":2490},{"Length":27,"Height":40,"Demand":0,"DemandMax":1,"Value":1080},{"Length":29,"Height":41,"Demand":0,"DemandMax":1,"Value":3567},{"Length":27,"Height":23,"Demand":0,"DemandMax":1,"Value":1863},{"Length":5,"Height":31,"Demand":0,"DemandMax":1,"Value":155},{"Length":11,"Height":19,"Demand":0,"DemandMax":1,"Value":418},{"Length":30,"Height":37,"Demand":0,"DemandMax":1,"Value":2220},{"Length":30,"Height":17,"Demand":0,"DemandMax":1,"Value":510},{"Length":41,"Height":17,"Demand":0,"DemandMax":1,"Value":2091},{"Length":9,"Height":39,"Demand":0,"DemandMax":1,"Value":1053},{"Length":84,"Height":98,"Demand":0,"DemandMax":1,"Value":24696},{"Length":99,"Height":11,"Demand":0,"DemandMax":1,"Value":3267},{"Length":92,"Height":16,"Demand":0,"DemandMax":1,"Value":2944},{"Length":16,"Height":85,"Demand":0,"DemandMax":1,"Value":2720},{"Length":88,"Height":5,"Demand":0,"DemandMax":1,"Value":1320},{"Length":40,"Height":37,"Demand":0,"DemandMax":1,"Value":2960},{"Length":97,"Height":30,"Demand":0,"DemandMax":1,"Value":2910},{"Length":2,"Height":16,"Demand":0,"DemandMax":1,"Value":32},{"Length":65,"Height":77,"Demand":0,"DemandMax":1,"Value":15015},{"Length":95,"Height":50,"Demand":0,"DemandMax":1,"Value":9500},{"Length":47,"Height":28,"Demand":0,"DemandMax":1,"Value":2632},{"Length":80,"Height":27,"Demand":0,"DemandMax":1,"Value":2160},{"Length":15,"Height":24,"Demand":0,"DemandMax":1,"Value":360},{"Length":6,"Height":5,"Demand":0,"DemandMax":1,"Value":90},{"Length":4,"Height":47,"Demand":0,"DemandMax":1,"Value":188},{"Length":22,"Height":81,"Demand":0,"DemandMax":1,"Value":5346},{"Length":86,"Height":90,"Demand":0,"DemandMax":1,"Value":7740},{"Length":85,"Height":18,"Demand":0,"DemandMax":2,"Value":3060},{"Length":19,"Height":18,"Demand":0,"DemandMax":1,"Value":684},{"Length":36,"Height":19,"Demand":0,"DemandMax":1,"Value":684},{"Length":65,"Height":96,"Demand":0,"DemandMax":1,"Value":12480},{"Length":13,"Height":49,"Demand":0,"DemandMax":1,"Value":1911},{"Length":31,"Height":11,"Demand":0,"DemandMax":1,"Value":1023},{"Length":2,"Height":18,"Demand":0,"DemandMax":1,"Value":108},{"Length":39,"Height":26,"Demand":0,"DemandMax":1,"Value":2028},{"Length":58,"Height":61,"Demand":0,"DemandMax":1,"Value":3538},{"Length":49,"Height":16,"Demand":0,"DemandMax":1,"Value":2352},{"Length":7,"Height":84,"Demand":0,"DemandMax":2,"Value":1176},{"Length":43,"Height":32,"Demand":0,"DemandMax":1,"Value":4128},{"Length":25,"Height":100,"Demand":0,"DemandMax":1,"Value":5000},{"Length":91,"Height":27,"Demand":0,"DemandMax":1,"Value":2457},{"Length":30,"Height":94,"Demand":0,"DemandMax":1,"Value":8460},{"Length":90,"Height":25,"Demand":0,"DemandMax":1,"Value":6750},{"Length":80,"Height":16,"Demand":0,"DemandMax":1,"Value":1280},{"Length":24,"Height":34,"Demand":0,"DemandMax":1,"Value":2448},{"Length":39,"Height":13,"Demand":0,"DemandMax":1,"Value":1521},{"Length":35,"Height":20,"Demand":0,"DemandMax":1,"Value":700},{"Length":35,"Height":33,"Demand":0,"DemandMax":1,"Value":3465},{"Length":62,"Height":54,"Demand":0,"DemandMax":1,"Value":6696},{"Length":28,"Height":19,"Demand":0,"DemandMax":1,"Value":532},{"Length":17,"Height":86,"Demand":0,"DemandMax":1,"Value":4386},{"Length":24,"Height":4,"Demand":0,"DemandMax":1,"Value":192},{"Length":2,"Height":32,"Demand":0,"DemandMax":1,"Value":128},{"Length":41,"Height":28,"Demand":0,"DemandMax":1,"Value":3444},{"Length":15,"Height":50,"Demand":0,"DemandMax":1,"Value":1500},{"Length":41,"Height":26,"Demand":0,"DemandMax":1,"Value":1066},{"Length":17,"Height":14,"Demand":0,"DemandMax":1,"Value":714},{"Length":94,"Height":32,"Demand":0,"DemandMax":1,"Value":6016},{"Length":30,"Height":50,"Demand":0,"DemandMax":1,"Value":3000},{"Length":93,"Height":24,"Demand":0,"DemandMax":1,"Value":2232},{"Length":16,"Height":8,"Demand":0,"DemandMax":1,"Value":256},{"Length":24,"Height":36,"Demand":0,"DemandMax":1,"Value":864},{"Length":66,"Height":71,"Demand":0,"DemandMax":1,"Value":4686},{"Length":43,"Height":5,"Demand":0,"DemandMax":1,"Value":645},{"Length":16,"Height":20,"Demand":0,"DemandMax":1,"Value":320},{"Length":25,"Height":30,"Demand":0,"DemandMax":1,"Value":1500},{"Length":45,"Height":18,"Demand":0,"DemandMax":1,"Value":1620},{"Length":89,"Height":21,"Demand":0,"DemandMax":1,"Value":1869},{"Length":58,"Height":91,"Demand":0,"DemandMax":1,"Value":15834},{"Length":30,"Height":47,"Demand":0,"DemandMax":1,"Value":2820},{"Length":20,"Height":47,"Demand":0,"DemandMax":1,"Value":1880},{"Length":32,"Height":5,"Demand":0,"DemandMax":1,"Value":320},{"Length":8,"Height":40,"Demand":0,"DemandMax":1,"Value":960},{"Length":24,"Height":7,"Demand":0,"DemandMax":1,"Value":504},{"Length":94,"Height":22,"Demand":0,"DemandMax":1,"Value":4136},{"Length":76,"Height":30,"Demand":0,"DemandMax":1,"Value":2280},{"Length":40,"Height":36,"Demand":0,"DemandMax":1,"Value":1440},{"Length":91,"Height":82,"Demand":0,"DemandMax":1,"Value":22386},{"Length":7,"Height":23,"Demand":0,"DemandMax":1,"Value":322},{"Length":3,"Height":98,"Demand":0,"DemandMax":2,"Value":294},{"Length":52,"Height":74,"Demand":0,"DemandMax":1,"Value":3848},{"Length":21,"Height":99,"Demand":0,"DemandMax":1,"Value":6237},{"Length":34,"Height":30,"Demand":0,"DemandMax":1,"Value":3060},{"Length":5,"Height":39,"Demand":0,"DemandMax":1,"Value":390},{"Length":47,"Height":14,"Demand":0,"DemandMax":1,"Value":658},{"Length":33,"Height":13,"Demand":0,"DemandMax":1,"Value":858},{"Length":26,"Height":19,"Demand":0,"DemandMax":1,"Value":988},{"Length":76,"Height":85,"Demand":0,"DemandMax":1,"Value":19380},{"Length":92,"Height":40,"Demand":0,"DemandMax":1,"Value":7360},{"Length":75,"Height":99,"Demand":0,"DemandMax":1,"Value":7425},{"Length":91,"Height":87,"Demand":0,"DemandMax":1,"Value":7917},{"Length":12,"Height":76,"Demand":0,"DemandMax":1,"Value":1824},{"Length":8,"Height":13,"Demand":0,"DemandMax":1,"Value":104},{"Length":40,"Height":18,"Demand":0,"DemandMax":1,"Value":1440},{"Length":90,"Height":32,"Demand":0,"DemandMax":1,"Value":2880},{"Length":83,"Height":24,"Demand":0,"DemandMax":1,"Value":1992},{"Length":44,"Height":13,"Demand":0,"DemandMax":1,"Value":1144},{"Length":13,"Height":45,"Demand":0,"DemandMax":1,"Value":1755},{"Length":31,"Height":6,"Demand":0,"DemandMax":1,"Value":558},{"Length":30,"Height":23,"Demand":0,"DemandMax":1,"Value":1380},{"Length":43,"Height":36,"Demand":0,"DemandMax":1,"Value":3096},{"Length":17,"Height":39,"Demand":0,"DemandMax":1,"Value":1989},{"Length":35,"Height":4,"Demand":0,"DemandMax":1,"Value":140},{"Length":50,"Height":16,"Demand":0,"DemandMax":1,"Value":800},{"Length":87,"Height":4,"Demand":0,"DemandMax":1,"Value":1044},{"Length":33,"Height":32,"Demand":0,"DemandMax":1,"Value":2112},{"Length":90,"Height":93,"Demand":0,"DemandMax":1,"Value":16740},{"Length":3,"Height":14,"Demand":0,"DemandMax":1,"Value":126},{"Length":100,"Height":78,"Demand":0,"DemandMax":1,"Value":7800},{"Length":30,"Height":44,"Demand":0,"DemandMax":1,"Value":1320},{"Length":44,"Height":94,"Demand":0,"DemandMax":1,"Value":12408},{"Length":93,"Height":76,"Demand":0,"DemandMax":1,"Value":7068},{"Length":26,"Height":86,"Demand":0,"DemandMax":1,"Value":6708},{"Length":70,"Height":69,"Demand":0,"DemandMax":1,"Value":14490},{"Length":31,"Height":43,"Demand":0,"DemandMax":1,"Value":1333},{"Length":96,"Height":99,"Demand":0,"DemandMax":1,"Value":28512},{"Length":50,"Height":17,"Demand":0,"DemandMax":1,"Value":850},{"Length":99,"Height":17,"Demand":0,"DemandMax":1,"Value":5049},{"Length":32,"Height":23,"Demand":0,"DemandMax":1,"Value":1472},{"Length":80,"Height":33,"Demand":0,"DemandMax":2,"Value":5280},{"Length":51,"Height":62,"Demand":0,"DemandMax":1,"Value":6324},{"Length":11,"Height":77,"Demand":0,"DemandMax":1,"Value":1694},{"Length":90,"Height":54,"Demand":0,"DemandMax":1,"Value":9720},{"Length":5,"Height":3,"Demand":0,"DemandMax":1,"Value":15},{"Length":97,"Height":66,"Demand":0,"DemandMax":1,"Value":12804},{"Length":32,"Height":2,"Demand":0,"DemandMax":1,"Value":192},{"Length":25,"Height":42,"Demand":0,"DemandMax":1,"Value":3150},{"Length":5,"Height":3,"Demand":0,"DemandMax":1,"Value":30},{"Length":87,"Height":14,"Demand":0,"DemandMax":1,"Value":1218},{"Length":34,"Height":33,"Demand":0,"DemandMax":1,"Value":1122},{"Length":92,"Height":38,"Demand":0,"DemandMax":1,"Value":6992},{"Length":2,"Height":10,"Demand":0,"DemandMax":1,"Value":60},{"Length":11,"Height":18,"Demand":0,"DemandMax":1,"Value":594},{"Length":95,"Height":2,"Demand":0,"DemandMax":1,"Value":380},{"Length":21,"Height":92,"Demand":0,"DemandMax":1,"Value":5796},{"Length":39,"Height":30,"Demand":0,"DemandMax":1,"Value":2340},{"Length":61,"Height":90,"Demand":0,"DemandMax":1,"Value":10980},{"Length":41,"Height":80,"Demand":0,"DemandMax":1,"Value":9840},{"Length":98,"Height":3,"Demand":0,"DemandMax":1,"Value":882},{"Length":50,"Height":21,"Demand":0,"DemandMax":2,"Value":3150},{"Length":21,"Height":76,"Demand":0,"DemandMax":1,"Value":1596},{"Length":44,"Height":4,"Demand":0,"DemandMax":1,"Value":176},{"Length":55,"Height":72,"Demand":0,"DemandMax":1,"Value":11880},{"Length":17,"Height":20,"Demand":0,"DemandMax":1,"Value":680},{"Length":38,"Height":42,"Demand":0,"DemandMax":1,"Value":3192},{"Length":30,"Height":11,"Demand":0,"DemandMax":1,"Value":660},{"Length":96,"Height":89,"Demand":0,"DemandMax":1,"Value":17088},{"Length":90,"Height":52,"Demand":0,"DemandMax":1,"Value":14040},{"Length":80,"Height":72,"Demand":0,"DemandMax":1,"Value":5760},{"Length":9,"Height":10,"Demand":0,"DemandMax":1,"Value":90},{"Length":31,"Height":3,"Demand":0,"DemandMax":1,"Value":186},{"Length":100,"Height":87,"Demand":0,"DemandMax":1,"Value":17400},{"Length":38,"Height":31,"Demand":0,"DemandMax":1,"Value":1178},{"Length":86,"Height":46,"Demand":0,"DemandMax":1,"Value":11868},{"Length":38,"Height":42,"Demand":0,"DemandMax":1,"Value":1596},{"Length":31,"Height":8,"Demand":0,"DemandMax":1,"Value":496},{"Length":97,"Height":76,"Demand":0,"DemandMax":1,"Value":22116},{"Length":27,"Height":24,"Demand":0,"DemandMax":1,"Value":1296},{"Length":70,"Height":75,"Demand":0,"DemandMax":1,"Value":15750},{"Length":30,"Height":12,"Demand":0,"DemandMax":1,"Value":360},{"Length":23,"Height":39,"Demand":0,"DemandMax":1,"Value":1794},{"Length":44,"Height":26,"Demand":0,"DemandMax":1,"Value":2288},{"Length":31,"Height":25,"Demand":0,"DemandMax":1,"Value":2325},{"Length":46,"Height":95,"Demand":0,"DemandMax":1,"Value":13110},{"Length":45,"Height":8,"Demand":0,"DemandMax":1,"Value":1080},{"Length":8,"Height":2,"Demand":0,"DemandMax":1,"Value":48},{"Length":65,"Height":78,"Demand":0,"DemandMax":1,"Value":5070},{"Length":24,"Height":40,"Demand":0,"DemandMax":1,"Value":2880},{"Length":18,"Height":17,"Demand":0,"DemandMax":1,"Value":612},{"Length":95,"Height":83,"Demand":0,"DemandMax":1,"Value":7885},{"Length":95,"Height":22,"Demand":0,"DemandMax":1,"Value":6270},{"Length":69,"Height":65,"Demand":0,"DemandMax":1,"Value":13455},{"Length":33,"Height":83,"Demand":0,"DemandMax":1,"Value":8217},{"Length":77,"Height":34,"Demand":0,"DemandMax":1,"Value":5236},{"Length":30,"Height":47,"Demand":0,"DemandMax":1,"Value":4230},{"Length":12,"Height":15,"Demand":0,"DemandMax":1,"Value":180},{"Length":99,"Height":87,"Demand":0,"DemandMax":1,"Value":17226},{"Length":76,"Height":33,"Demand":0,"DemandMax":1,"Value":7524},{"Length":91,"Height":91,"Demand":0,"DemandMax":1,"Value":24843},{"Length":78,"Height":54,"Demand":0,"DemandMax":1,"Value":12636},{"Length":72,"Height":81,"Demand":0,"DemandMax":1,"Value":11664},{"Length":30,"Height":96,"Demand":0,"DemandMax":1,"Value":8640},{"Length":29,"Height":16,"Demand":0,"DemandMax":1,"Value":928},{"Length":37,"Height":77,"Demand":0,"DemandMax":1,"Value":2849},{"Length":47,"Height":13,"Demand":0,"DemandMax":1,"Value":1222},{"Length":91,"Height":36,"Demand":0,"DemandMax":1,"Value":6552},{"Length":31,"Height":46,"Demand":0,"DemandMax":1,"Value":2852},{"Length":46,"Height":7,"Demand":0,"DemandMax":1,"Value":322},{"Length":84,"Height":67,"Demand":0,"DemandMax":1,"Value":11256},{"Length":45,"Height":4,"Demand":0,"DemandMax":1,"Value":180},{"Length":11,"Height":9,"Demand":0,"DemandMax":1,"Value":99},{"Length":83,"Height":5,"Demand":0,"DemandMax":1,"Value":830},{"Length":86,"Height":72,"Demand":0,"DemandMax":1,"Value":12384},{"Length":46,"Height":5,"Demand":0,"DemandMax":1,"Value":460},{"Length":88,"Height":23,"Demand":0,"DemandMax":1,"Value":4048},{"Length":21,"Height":46,"Demand":0,"DemandMax":1,"Value":1932},{"Length":51,"Height":94,"Demand":0,"DemandMax":1,"Value":14382},{"Length":69,"Height":80,"Demand":0,"DemandMax":1,"Value":5520},{"Length":99,"Height":92,"Demand":0,"DemandMax":1,"Value":18216},{"Length":25,"Height":34,"Demand":0,"DemandMax":1,"Value":850},{"Length":17,"Height":46,"Demand":0,"DemandMax":1,"Value":782},{"Length":14,"Height":7,"Demand":0,"DemandMax":1,"Value":294},{"Length":40,"Height":28,"Demand":0,"DemandMax":1,"Value":3360},{"Length":27,"Height":13,"Demand":0,"DemandMax":1,"Value":351},{"Length":78,"Height":33,"Demand":0,"DemandMax":1,"Value":7722},{"Length":75,"Height":72,"Demand":0,"DemandMax":1,"Value":10800},{"Length":68,"Height":81,"Demand":0,"DemandMax":1,"Value":11016},{"Length":67,"Height":74,"Demand":0,"DemandMax":1,"Value":14874},{"Length":10,"Height":47,"Demand":0,"DemandMax":1,"Value":940},{"Length":34,"Height":7,"Demand":0,"DemandMax":1,"Value":714},{"Length":40,"Height":7,"Demand":0,"DemandMax":1,"Value":280},{"Length":48,"Height":37,"Demand":0,"DemandMax":1,"Value":1776},{"Length":35,"Height":23,"Demand":0,"DemandMax":1,"Value":1610},{"Length":98,"Height":19,"Demand":0,"DemandMax":1,"Value":1862},{"Length":3,"Height":48,"Demand":0,"DemandMax":1,"Value":144},{"Length":6,"Height":34,"Demand":0,"DemandMax":1,"Value":612},{"Length":33,"Height":50,"Demand":0,"DemandMax":1,"Value":4950},{"Length":18,"Height":43,"Demand":0,"DemandMax":1,"Value":2322},{"Length":18,"Height":33,"Demand":0,"DemandMax":1,"Value":1188},{"Length":22,"Height":41,"Demand":0,"DemandMax":1,"Value":1804},{"Length":67,"Height":69,"Demand":0,"DemandMax":1,"Value":4623},{"Length":46,"Height":91,"Demand":0,"DemandMax":1,"Value":12558},{"Length":86,"Height":10,"Demand":0,"DemandMax":1,"Value":1720},{"Length":98,"Height":25,"Demand":0,"DemandMax":1,"Value":4900},{"Length":29,"Height":5,"Demand":0,"DemandMax":1,"Value":435},{"Length":5,"Height":50,"Demand":0,"DemandMax":1,"Value":750},{"Length":35,"Height":97,"Demand":0,"DemandMax":1,"Value":3395},{"Length":9,"Height":43,"Demand":0,"DemandMax":1,"Value":1161},{"Length":29,"Height":3,"Demand":0,"DemandMax":1,"Value":87},{"Length":33,"Height":99,"Demand":0,"DemandMax":1,"Value":6534},{"Length":9,"Height":36,"Demand":0,"DemandMax":2,"Value":648},{"Length":39,"Height":21,"Demand":0,"DemandMax":1,"Value":1638},{"Length":48,"Height":24,"Demand":0,"DemandMax":1,"Value":1152},{"Length":92,"Height":44,"Demand":0,"DemandMax":1,"Value":12144},{"Length":16,"Height":14,"Demand":0,"DemandMax":1,"Value":672},{"Length":42,"Height":91,"Demand":0,"DemandMax":1,"Value":3822},{"Length":36,"Height":44,"Demand":0,"DemandMax":1,"Value":4752},{"Length":33,"Height":40,"Demand":0,"DemandMax":1,"Value":1320},{"Length":30,"Height":25,"Demand":0,"DemandMax":1,"Value":2250},{"Length":52,"Height":74,"Demand":0,"DemandMax":1,"Value":11544},{"Length":30,"Height":19,"Demand":0,"DemandMax":1,"Value":570},{"Length":25,"Height":98,"Demand":0,"DemandMax":1,"Value":2450},{"Length":67,"Height":78,"Demand":0,"DemandMax":1,"Value":15678},{"Length":43,"Height":27,"Demand":0,"DemandMax":1,"Value":3483},{"Length":61,"Height":74,"Demand":0,"DemandMax":1,"Value":4514},{"Length":36,"Height":41,"Demand":0,"DemandMax":1,"Value":2952},{"Length":99,"Height":60,"Demand":0,"DemandMax":1,"Value":5940},{"Length":58,"Height":83,"Demand":0,"DemandMax":1,"Value":14442},{"Length":4,"Height":82,"Demand":0,"DemandMax":1,"Value":984},{"Length":10,"Height":23,"Demand":0,"DemandMax":1,"Value":230},{"Length":40,"Height":89,"Demand":0,"DemandMax":1,"Value":7120},{"Length":19,"Height":17,"Demand":0,"DemandMax":1,"Value":969},{"Length":25,"Height":39,"Demand":0,"DemandMax":1,"Value":975},{"Length":93,"Height":25,"Demand":0,"DemandMax":1,"Value":4650},{"Length":16,"Height":28,"Demand":0,"DemandMax":1,"Value":896},{"Length":36,"Height":48,"Demand":0,"DemandMax":1,"Value":3456},{"Length":12,"Height":79,"Demand":0,"DemandMax":1,"Value":2844},{"Length":95,"Height":96,"Demand":0,"DemandMax":1,"Value":27360},{"Length":33,"Height":21,"Demand":0,"DemandMax":1,"Value":2079},{"Length":48,"Height":42,"Demand":0,"DemandMax":1,"Value":6048},{"Length":69,"Height":59,"Demand":0,"DemandMax":1,"Value":12213},{"Length":23,"Height":4,"Demand":0,"DemandMax":1,"Value":276},{"Length":10,"Height":49,"Demand":0,"DemandMax":1,"Value":1470},{"Length":31,"Height":6,"Demand":0,"DemandMax":1,"Value":186},{"Length":97,"Height":94,"Demand":0,"DemandMax":1,"Value":18236},{"Length":19,"Height":38,"Demand":0,"DemandMax":1,"Value":1444},{"Length":6,"Height":20,"Demand":0,"DemandMax":1,"Value":120},{"Length":15,"Height":90,"Demand":0,"DemandMax":1,"Value":1350},{"Length":76,"Height":95,"Demand":0,"DemandMax":1,"Value":21660},{"Length":15,"Height":48,"Demand":0,"DemandMax":1,"Value":720},{"Length":79,"Height":39,"Demand":0,"DemandMax":1,"Value":3081},{"Length":88,"Height":42,"Demand":0,"DemandMax":1,"Value":11088},{"Length":17,"Height":21,"Demand":0,"DemandMax":1,"Value":714},{"Length":71,"Height":75,"Demand":0,"DemandMax":1,"Value":15975},{"Length":42,"Height":24,"Demand":0,"DemandMax":1,"Value":1008},{"Length":19,"Height":13,"Demand":0,"DemandMax":1,"Value":741},{"Length":80,"Height":7,"Demand":0,"DemandMax":1,"Value":1120},{"Length":40,"Height":34,"Demand":0,"DemandMax":1,"Value":4080},{"Length":42,"Height":4,"Demand":0,"DemandMax":1,"Value":336},{"Length":45,"Height":21,"Demand":0,"DemandMax":1,"Value":1890},{"Length":4,"Height":44,"Demand":0,"DemandMax":1,"Value":352},{"Length":16,"Height":7,"Demand":0,"DemandMax":1,"Value":224},{"Length":9,"Height":21,"Demand":0,"DemandMax":1,"Value":567},{"Length":20,"Height":21,"Demand":0,"DemandMax":1,"Value":840},{"Length":6,"Height":82,"Demand":0,"DemandMax":1,"Value":492},{"Length":82,"Height":98,"Demand":0,"DemandMax":1,"Value":16072},{"Length":20,"Height":11,"Demand":0,"DemandMax":1,"Value":660},{"Length":61,"Height":52,"Demand":0,"DemandMax":1,"Value":6344},{"Length":30,"Height":34,"Demand":0,"DemandMax":1,"Value":1020},{"Length":19,"Height":49,"Demand":0,"DemandMax":1,"Value":931},{"Length":94,"Height":20,"Demand":0,"DemandMax":1,"Value":3760},{"Length":21,"Height":12,"Demand":0,"DemandMax":2,"Value":756},{"Length":5,"Height":10,"Demand":0,"DemandMax":1,"Value":100},{"Length":98,"Height":30,"Demand":0,"DemandMax":1,"Value":5880},{"Length":36,"Height":40,"Demand":0,"DemandMax":1,"Value":4320},{"Length":36,"Height":91,"Demand":0,"DemandMax":1,"Value":3276},{"Length":95,"Height":38,"Demand":0,"DemandMax":1,"Value":3610},{"Length":76,"Height":90,"Demand":0,"DemandMax":1,"Value":20520},{"Length":44,"Height":43,"Demand":0,"DemandMax":1,"Value":3784},{"Length":45,"Height":38,"Demand":0,"DemandMax":1,"Value":5130},{"Length":41,"Height":43,"Demand":0,"DemandMax":1,"Value":3526},{"Length":56,"Height":71,"Demand":0,"DemandMax":1,"Value":11928},{"Length":13,"Height":78,"Demand":0,"DemandMax":1,"Value":1014},{"Length":9,"Height":29,"Demand":0,"DemandMax":1,"Value":783},{"Length":49,"Height":42,"Demand":0,"DemandMax":1,"Value":4116},{"Length":85,"Height":22,"Demand":0,"DemandMax":1,"Value":5610},{"Length":100,"Height":43,"Demand":0,"DemandMax":1,"Value":4300},{"Length":19,"Height":46,"Demand":0,"DemandMax":1,"Value":1748},{"Length":33,"Height":22,"Demand":0,"DemandMax":1,"Value":1452},{"Length":20,"Height":11,"Demand":0,"DemandMax":1,"Value":220},{"Length":4,"Height":34,"Demand":0,"DemandMax":1,"Value":136},{"Length":16,"Height":18,"Demand":0,"DemandMax":1,"Value":864},{"Length":91,"Height":2,"Demand":0,"DemandMax":1,"Value":364},{"Length":21,"Height":2,"Demand":0,"DemandMax":1,"Value":126},{"Length":52,"Height":88,"Demand":0,"DemandMax":1,"Value":9152},{"Length":20,"Height":7,"Demand":0,"DemandMax":1,"Value":420},{"Length":50,"Height":30,"Demand":0,"DemandMax":1,"Value":3000},{"Length":80,"Height":61,"Demand":0,"DemandMax":1,"Value":14640},{"Length":4,"Height":4,"Demand":0,"DemandMax":1,"Value":16},{"Length":26,"Height":40,"Demand":0,"DemandMax":1,"Value":3120},{"Length":24,"Height":15,"Demand":0,"DemandMax":1,"Value":1080},{"Length":9,"Height":48,"Demand":0,"DemandMax":1,"Value":432},{"Length":9,"Height":18,"Demand":0,"DemandMax":1,"Value":162},{"Length":9,"Height":41,"Demand":0,"DemandMax":1,"Value":369},{"Length":14,"Height":24,"Demand":0,"DemandMax":1,"Value":672},{"Length":26,"Height":20,"Demand":0,"DemandMax":1,"Value":520},{"Length":31,"Height":3,"Demand":0,"DemandMax":1,"Value":279},{"Length":48,"Height":91,"Demand":0,"DemandMax":1,"Value":13104},{"Length":86,"Height":12,"Demand":0,"DemandMax":1,"Value":3096},{"Length":30,"Height":86,"Demand":0,"DemandMax":1,"Value":5160},{"Length":85,"Height":13,"Demand":0,"DemandMax":1,"Value":2210},{"Length":26,"Height":97,"Demand":0,"DemandMax":1,"Value":5044},{"Length":94,"Height":86,"Demand":0,"DemandMax":1,"Value":8084},{"Length":44,"Height":83,"Demand":0,"DemandMax":1,"Value":10956},{"Length":50,"Height":18,"Demand":0,"DemandMax":1,"Value":1800},{"Length":62,"Height":69,"Demand":0,"DemandMax":1,"Value":4278},{"Length":15,"Height":44,"Demand":0,"DemandMax":1,"Value":660},{"Length":95,"Height":22,"Demand":0,"DemandMax":1,"Value":2090},{"Length":5,"Height":8,"Demand":0,"DemandMax":1,"Value":40},{"Length":9,"Height":86,"Demand":0,"DemandMax":1,"Value":2322},{"Length":12,"Height":35,"Demand":0,"DemandMax":1,"Value":840},{"Length":48,"Height":43,"Demand":0,"DemandMax":1,"Value":2064},{"Length":19,"Height":25,"Demand":0,"DemandMax":1,"Value":1425},{"Length":83,"Height":14,"Demand":0,"DemandMax":1,"Value":3486},{"Length":42,"Height":38,"Demand":0,"DemandMax":1,"Value":4788},{"Length":60,"Height":97,"Demand":0,"DemandMax":1,"Value":17460},{"Length":13,"Height":31,"Demand":0,"DemandMax":1,"Value":806},{"Length":13,"Height":84,"Demand":0,"DemandMax":1,"Value":1092},{"Length":2,"Height":46,"Demand":0,"DemandMax":1,"Value":92},{"Length":23,"Height":79,"Demand":0,"DemandMax":1,"Value":1817},{"Length":37,"Height":85,"Demand":0,"DemandMax":1,"Value":3145},{"Length":16,"Height":41,"Demand":0,"DemandMax":1,"Value":1968},{"Length":92,"Height":21,"Demand":0,"DemandMax":1,"Value":1932},{"Length":20,"Height":8,"Demand":0,"DemandMax":1,"Value":320},{"Length":33,"Height":45,"Demand":0,"DemandMax":1,"Value":2970},{"Length":29,"Height":28,"Demand":0,"DemandMax":1,"Value":2436},{"Length":20,"Height":5,"Demand":0,"DemandMax":1,"Value":100},{"Length":14,"Height":27,"Demand":0,"DemandMax":1,"Value":756},{"Length":91,"Height":92,"Demand":0,"DemandMax":1,"Value":16744},{"Length":83,"Height":94,"Demand":0,"DemandMax":1,"Value":23406},{"Length":86,"Height":40,"Demand":0,"DemandMax":1,"Value":10320},{"Length":90,"Height":37,"Demand":0,"DemandMax":1,"Value":6660},{"Length":26,"Height":43,"Demand":0,"DemandMax":1,"Value":2236},{"Length":15,"Height":30,"Demand":0,"DemandMax":1,"Value":900},{"Length":51,"Height":96,"Demand":0,"DemandMax":1,"Value":4896},{"Length":88,"Height":89,"Demand":0,"DemandMax":1,"Value":15664},{"Length":97,"Height":14,"Demand":0,"DemandMax":1,"Value":1358},{"Length":19,"Height":84,"Demand":0,"DemandMax":1,"Value":1596},{"Length":16,"Height":39,"Demand":0,"DemandMax":1,"Value":624},{"Length":42,"Height":89,"Demand":0,"DemandMax":1,"Value":3738},{"Length":89,"Height":28,"Demand":0,"DemandMax":1,"Value":7476},{"Length":78,"Height":30,"Demand":0,"DemandMax":1,"Value":7020},{"Length":14,"Height":96,"Demand":0,"DemandMax":1,"Value":1344},{"Length":72,"Height":79,"Demand":0,"DemandMax":1,"Value":11376},{"Length":14,"Height":28,"Demand":0,"DemandMax":1,"Value":784},{"Length":98,"Height":6,"Demand":0,"DemandMax":1,"Value":1176},{"Length":88,"Height":32,"Demand":0,"DemandMax":1,"Value":2816},{"Length":3,"Height":83,"Demand":0,"DemandMax":1,"Value":747},{"Length":69,"Height":70,"Demand":0,"DemandMax":1,"Value":9660},{"Length":42,"Height":22,"Demand":0,"DemandMax":1,"Value":2772},{"Length":43,"Height":32,"Demand":0,"DemandMax":1,"Value":2752},{"Length":14,"Height":6,"Demand":0,"DemandMax":1,"Value":168},{"Length":92,"Height":75,"Demand":0,"DemandMax":1,"Value":20700},{"Length":86,"Height":31,"Demand":0,"DemandMax":1,"Value":7998},{"Length":35,"Height":50,"Demand":0,"DemandMax":1,"Value":3500},{"Length":15,"Height":47,"Demand":0,"DemandMax":1,"Value":1410},{"Length":78,"Height":17,"Demand":0,"DemandMax":1,"Value":2652},{"Length":86,"Height":46,"Demand":0,"DemandMax":1,"Value":3956},{"Length":28,"Height":20,"Demand":0,"DemandMax":1,"Value":1120},{"Length":93,"Height":9,"Demand":0,"DemandMax":1,"Value":837},{"Length":17,"Height":48,"Demand":0,"DemandMax":1,"Value":816},{"Length":22,"Height":30,"Demand":0,"DemandMax":1,"Value":660},{"Length":2,"Height":20,"Demand":0,"DemandMax":1,"Value":120},{"Length":11,"Height":87,"Demand":0,"DemandMax":1,"Value":2871},{"Length":50,"Height":12,"Demand":0,"DemandMax":1,"Value":1200},{"Length":3,"Height":40,"Demand":0,"DemandMax":1,"Value":360},{"Length":83,"Height":25,"Demand":0,"DemandMax":1,"Value":2075},{"Length":48,"Height":11,"Demand":0,"DemandMax":1,"Value":528},{"Length":95,"Height":68,"Demand":0,"DemandMax":1,"Value":19380},{"Length":62,"Height":60,"Demand":0,"DemandMax":1,"Value":7440},{"Length":27,"Height":45,"Demand":0,"DemandMax":1,"Value":3645},{"Length":5,"Height":21,"Demand":0,"DemandMax":1,"Value":315},{"Length":7,"Height":4,"Demand":0,"DemandMax":1,"Value":28},{"Length":15,"Height":99,"Demand":0,"DemandMax":1,"Value":4455},{"Length":28,"Height":26,"Demand":0,"DemandMax":1,"Value":2184},{"Length":22,"Height":48,"Demand":0,"DemandMax":1,"Value":1056},{"Length":14,"Height":90,"Demand":0,"DemandMax":1,"Value":3780},{"Length":92,"Height":80,"Demand":0,"DemandMax":1,"Value":7360},{"Length":99,"Height":37,"Demand":0,"DemandMax":1,"Value":7326},{"Length":46,"Height":20,"Demand":0,"DemandMax":1,"Value":920},{"Length":33,"Height":80,"Demand":0,"DemandMax":1,"Value":7920},{"Length":22,"Height":2,"Demand":0,"DemandMax":1,"Value":44},{"Length":82,"Height":48,"Demand":0,"DemandMax":1,"Value":3936},{"Length":92,"Height":4,"Demand":0,"DemandMax":1,"Value":1104},{"Length":39,"Height":9,"Demand":0,"DemandMax":1,"Value":1053},{"Length":97,"Height":87,"Demand":0,"DemandMax":1,"Value":25317},{"Length":13,"Height":16,"Demand":0,"DemandMax":1,"Value":208},{"Length":42,"Height":20,"Demand":0,"DemandMax":1,"Value":1680},{"Length":29,"Height":13,"Demand":0,"DemandMax":1,"Value":1131},{"Length":39,"Height":15,"Demand":0,"DemandMax":1,"Value":585},{"Length":41,"Height":97,"Demand":0,"DemandMax":1,"Value":11931},{"Length":9,"Height":19,"Demand":0,"DemandMax":1,"Value":342},{"Length":95,"Height":5,"Demand":0,"DemandMax":1,"Value":475},{"Length":8,"Height":25,"Demand":0,"DemandMax":1,"Value":400},{"Length":62,"Height":60,"Demand":0,"DemandMax":1,"Value":11160},{"Length":98,"Height":37,"Demand":0,"DemandMax":1,"Value":3626},{"Length":49,"Height":33,"Demand":0,"DemandMax":1,"Value":4851},{"Length":86,"Height":26,"Demand":0,"DemandMax":1,"Value":2236},{"Length":81,"Height":83,"Demand":0,"DemandMax":1,"Value":13446},{"Length":91,"Height":42,"Demand":0,"DemandMax":1,"Value":3822},{"Length":45,"Height":82,"Demand":0,"DemandMax":1,"Value":3690},{"Length":49,"Height":6,"Demand":0,"DemandMax":1,"Value":588},{"Length":39,"Height":88,"Demand":0,"DemandMax":1,"Value":3432},{"Length":81,"Height":44,"Demand":0,"DemandMax":1,"Value":7128},{"Length":79,"Height":56,"Demand":0,"DemandMax":1,"Value":4424},{"Length":22,"Height":37,"Demand":0,"DemandMax":1,"Value":814},{"Length":29,"Height":86,"Demand":0,"DemandMax":1,"Value":7482},{"Length":92,"Height":25,"Demand":0,"DemandMax":1,"Value":2300},{"Length":27,"Height":20,"Demand":0,"DemandMax":1,"Value":1620},{"Length":40,"Height":26,"Demand":0,"DemandMax":1,"Value":3120},{"Length":30,"Height":19,"Demand":0,"DemandMax":1,"Value":1140},{"Length":25,"Height":45,"Demand":0,"DemandMax":1,"Value":1125},{"Length":41,"Height":20,"Demand":0,"DemandMax":1,"Value":1640},{"Length":19,"Height":35,"Demand":0,"DemandMax":1,"Value":665},{"Length":100,"Height":38,"Demand":0,"DemandMax":1,"Value":3800},{"Length":45,"Height":41,"Demand":0,"DemandMax":1,"Value":5535},{"Length":22,"Height":87,"Demand":0,"DemandMax":1,"Value":5742},{"Length":49,"Height":23,"Demand":0,"DemandMax":1,"Value":3381},{"Length":4,"Height":50,"Demand":0,"DemandMax":1,"Value":600},{"Length":12,"Height":3,"Demand":0,"DemandMax":1,"Value":36},{"Length":38,"Height":83,"Demand":0,"DemandMax":1,"Value":3154},{"Length":10,"Height":43,"Demand":0,"DemandMax":1,"Value":1290},{"Length":91,"Height":71,"Demand":0,"DemandMax":1,"Value":19383},{"Length":27,"Height":43,"Demand":0,"DemandMax":1,"Value":3483},{"Length":81,"Height":2,"Demand":0,"DemandMax":1,"Value":324},{"Length":8,"Height":4,"Demand":0,"DemandMax":1,"Value":96},{"Length":42,"Height":21,"Demand":0,"DemandMax":1,"Value":1764},{"Length":99,"Height":51,"Demand":0,"DemandMax":1,"Value":10098},{"Length":26,"Height":44,"Demand":0,"DemandMax":1,"Value":3432},{"Length":84,"Height":5,"Demand":0,"DemandMax":1,"Value":420},{"Length":40,"Height":32,"Demand":0,"DemandMax":1,"Value":2560},{"Length":18,"Height":84,"Demand":0,"DemandMax":1,"Value":4536},{"Length":21,"Height":44,"Demand":0,"DemandMax":1,"Value":924},{"Length":31,"Height":98,"Demand":0,"DemandMax":1,"Value":9114},{"Length":88,"Height":21,"Demand":0,"DemandMax":1,"Value":5544},{"Length":47,"Height":32,"Demand":0,"DemandMax":1,"Value":4512},{"Length":93,"Height":15,"Demand":0,"DemandMax":1,"Value":4185},{"Length":81,"Height":40,"Demand":0,"DemandMax":1,"Value":9720},{"Length":93,"Height":16,"Demand":0,"DemandMax":1,"Value":2976},{"Length":34,"Height":36,"Demand":0,"DemandMax":1,"Value":3672},{"Length":85,"Height":10,"Demand":0,"DemandMax":1,"Value":850},{"Length":46,"Height":28,"Demand":0,"DemandMax":1,"Value":2576},{"Length":22,"Height":44,"Demand":0,"DemandMax":1,"Value":1936},{"Length":11,"Height":48,"Demand":0,"DemandMax":1,"Value":1056},{"Length":32,"Height":82,"Demand":0,"DemandMax":1,"Value":7872},{"Length":24,"Height":3,"Demand":0,"DemandMax":1,"Value":144},{"Length":9,"Height":90,"Demand":0,"DemandMax":1,"Value":1620}]}