{"Name":"ngcutfs2_153","Objects":[{"Length":100,"Height":100,"Stock":null,"Cost":10000}],"Items":[{"Length":22,"Height":41,"Demand":0,"DemandMax":1,"Value":2706},{"Length":16,"Height":15,"Demand":0,"DemandMax":1,"Value":720},{"Length":52,"Height":88,"Demand":0,"DemandMax":1,"Value":4576},{"Length":45,"Height":80,"Demand":0,"DemandMax":1,"Value":3600},{"Length":45,"Height":89,"Demand":0,"DemandMax":1,"Value":12015},{"Length":22,"Height":18,"Demand":0,"DemandMax":1,"Value":1188},{"Length":48,"Height":18,"Demand":0,"DemandMax":1,"Value":1728},{"Length":4,"Height":8,"Demand":0,"DemandMax":1,"Value":64},{"Length":5,"Height":77,"Demand":0,"DemandMax":1,"Value":770},{"Length":15,"Height":5,"Demand":0,"DemandMax":1,"Value":150},{"Length":2,"Height":23,"Demand":0,"DemandMax":1,"Value":46},{"Length":88,"Height":32,"Demand":0,"DemandMax":1,"Value":2816},{"Length":32,"Height":44,"Demand":0,"DemandMax":2,"Value":4224},{"Length":7,"Height":21,"Demand":0,"DemandMax":1,"Value":441},{"Length":24,"Height":78,"Demand":0,"DemandMax":1,"Value":3744},{"Length":18,"Height":48,"Demand":0,"DemandMax":1,"Value":2592},{"Length":33,"Height":9,"Demand":0,"DemandMax":1,"Value":594},{"Length":3,"Height":4,"Demand":0,"DemandMax":1,"Value":36},{"Length":5,"Height":23,"Demand":0,"DemandMax":1,"Value":230},{"Length":13,"Height":97,"Demand":0,"DemandMax":1,"Value":2522},{"Length":73,"Height":59,"Demand":0,"DemandMax":1,"Value":8614},{"Length":33,"Height":18,"Demand":0,"DemandMax":1,"Value":1782},{"Length":12,"Height":18,"Demand":0,"DemandMax":1,"Value":432},{"Length":33,"Height":17,"Demand":0,"DemandMax":1,"Value":1683},{"Length":93,"Height":100,"Demand":0,"DemandMax":1,"Value":9300},{"Length":80,"Height":87,"Demand":0,"DemandMax":1,"Value":13920},{"Length":25,"Height":14,"Demand":0,"DemandMax":1,"Value":700},{"Length":82,"Height":33,"Demand":0,"DemandMax":1,"Value":5412},{"Length":19,"Height":96,"Demand":0,"DemandMax":1,"Value":1824},{"Length":74,"Height":56,"Demand":0,"DemandMax":1,"Value":4144},{"Length":28,"Height":7,"Demand":0,"DemandMax":1,"Value":196},{"Length":95,"Height":46,"Demand":0,"DemandMax":1,"Value":8740},{"Length":96,"Height":35,"Demand":0,"DemandMax":1,"Value":3360},{"Length":97,"Height":20,"Demand":0,"DemandMax":1,"Value":5820},{"Length":36,"Height":26,"Demand":0,"DemandMax":1,"Value":936},{"Length":13,"Height":15,"Demand":0,"DemandMax":1,"Value":585},{"Length":42,"Height":33,"Demand":0,"DemandMax":1,"Value":4158},{"Length":3,"Height":23,"Demand":0,"DemandMax":2,"Value":69},{"Length":41,"Height":41,"Demand":0,"DemandMax":1,"Value":3362},{"Length":45,"Height":92,"Demand":0,"DemandMax":1,"Value":4140},{"Length":72,"Height":72,"Demand":0,"DemandMax":1,"Value":15552},{"Length":37,"Height":5,"Demand":0,"DemandMax":1,"Value":555},{"Length":30,"Height":100,"Demand":0,"DemandMax":1,"Value":6000},{"Length":20,"Height":35,"Demand":0,"DemandMax":1,"Value":2100},{"Length":42,"Height":24,"Demand":0,"DemandMax":1,"Value":2016},{"Length":84,"Height":7,"Demand":0,"DemandMax":1,"Value":1176},{"Length":28,"Height":49,"Demand":0,"DemandMax":1,"Value":4116},{"Length":25,"Height":43,"Demand":0,"DemandMax":1,"Value":3225},{"Length":52,"Height":72,"Demand":0,"DemandMax":1,"Value":3744},{"Length":90,"Height":91,"Demand":0,"DemandMax":1,"Value":8190},{"Length":78,"Height":99,"Demand":0,"DemandMax":1,"Value":23166},{"Length":68,"Height":77,"Demand":0,"DemandMax":1,"Value":5236},{"Length":4,"Height":25,"Demand":0,"DemandMax":1,"Value":100},{"Length":91,"Height":41,"Demand":0,"DemandMax":1,"Value":11193},{"Length":30,"Height":48,"Demand":0,"DemandMax":2,"Value":2880},{"Length":18,"Height":39,"Demand":0,"DemandMax":1,"Value":702},{"Length":15,"Height":11,"Demand":0,"DemandMax":1,"Value":495},{"Length":13,"Height":45,"Demand":0,"DemandMax":1,"Value":1755},{"Length":37,"Height":41,"Demand":0,"DemandMax":1,"Value":3034},{"Length":94,"Height":45,"Demand":0,"DemandMax":1,"Value":8460},{"Length":90,"Height":9,"Demand":0,"DemandMax":1,"Value":1620},{"Length":14,"Height":19,"Demand":0,"DemandMax":1,"Value":266},{"Length":90,"Height":71,"Demand":0,"DemandMax":1,"Value":12780},{"Length":83,"Height":36,"Demand":0,"DemandMax":1,"Value":8964},{"Length":19,"Height":80,"Demand":0,"DemandMax":1,"Value":3040},{"Length":42,"Height":83,"Demand":0,"DemandMax":1,"Value":3486},{"Length":89,"Height":11,"Demand":0,"DemandMax":1,"Value":1958},{"Length":89,"Height":50,"Demand":0,"DemandMax":1,"Value":13350},{"Length":18,"Height":35,"Demand":0,"DemandMax":1,"Value":630},{"Length":44,"Height":25,"Demand":0,"DemandMax":1,"Value":1100},{"Length":4,"Height":42,"Demand":0,"DemandMax":1,"Value":504},{"Length":46,"Height":2,"Demand":0,"DemandMax":2,"Value":92},{"Length":8,"Height":44,"Demand":0,"DemandMax":1,"Value":1056},{"Length":90,"Height":9,"Demand":0,"DemandMax":1,"Value":810},{"Length":41,"Height":44,"Demand":0,"DemandMax":1,"Value":1804},{"Length":83,"Height":36,"Demand":0,"DemandMax":1,"Value":2988},{"Length":17,"Height":76,"Demand":0,"DemandMax":1,"Value":2584},{"Length":93,"Height":19,"Demand":0,"DemandMax":1,"Value":1767},{"Length":26,"Height":23,"Demand":0,"DemandMax":1,"Value":598},{"Length":37,"Height":21,"Demand":0,"DemandMax":1,"Value":1554},{"Length":57,"Height":61,"Demand":0,"DemandMax":1,"Value":3477},{"Length":62,"Height":91,"Demand":0,"DemandMax":1,"Value":16926},{"Length":13,"Height":26,"Demand":0,"DemandMax":1,"Value":338},{"Length":34,"Height":10,"Demand":0,"DemandMax":1,"Value":340},{"Length":50,"Height":19,"Demand":0,"DemandMax":1,"Value":2850},{"Length":7,"Height":5,"Demand":0,"DemandMax":1,"Value":105},{"Length":17,"Height":43,"Demand":0,"DemandMax":1,"Value":2193},{"Length":24,"Height":15,"Demand":0,"DemandMax":1,"Value":1080},{"Length":15,"Height":48,"Demand":0,"DemandMax":1,"Value":2160},{"Length":38,"Height":38,"Demand":0,"DemandMax":1,"Value":2888},{"Length":95,"Height":29,"Demand":0,"DemandMax":1,"Value":5510},{"Length":26,"Height":17,"Demand":0,"DemandMax":1,"Value":884},{"Length":2,"Height":47,"Demand":0,"DemandMax":1,"Value":282},{"Length":33,"Height":11,"Demand":0,"DemandMax":1,"Value":1089},{"Length":18,"Height":17,"Demand":0,"DemandMax":1,"Value":612},{"Length":47,"Height":23,"Demand":0,"DemandMax":1,"Value":1081},{"Length":97,"Height":11,"Demand":0,"DemandMax":1,"Value":3201},{"Length":43,"Height":49,"Demand":0,"DemandMax":1,"Value":2107},{"Length":77,"Height":77,"Demand":0,"DemandMax":1,"Value":11858},{"Length":74,"Height":89,"Demand":0,"DemandMax":1,"Value":13172},{"Length":42,"Height":30,"Demand":0,"DemandMax":1,"Value":3780},{"Length":18,"Height":29,"Demand":0,"DemandMax":1,"Value":522},{"Length":6,"Height":25,"Demand":0,"DemandMax":1,"Value":450},{"Length":78,"Height":6,"Demand":0,"DemandMax":1,"Value":936},{"Length":98,"Height":87,"Demand":0,"DemandMax":1,"Value":17052},{"Length":42,"Height":79,"Demand":0,"DemandMax":1,"Value":6636},{"Length":24,"Height":3,"Demand":0,"DemandMax":2,"Value":144},{"Length":42,"Height":81,"Demand":0,"DemandMax":1,"Value":3402},{"Length":37,"Height":32,"Demand":0,"DemandMax":1,"Value":1184},{"Length":4,"Height":29,"Demand":0,"DemandMax":1,"Value":232},{"Length":99,"Height":59,"Demand":0,"DemandMax":1,"Value":5841},{"Length":19,"Height":42,"Demand":0,"DemandMax":1,"Value":798},{"Length":35,"Height":91,"Demand":0,"DemandMax":1,"Value":3185},{"Length":53,"Height":79,"Demand":0,"DemandMax":1,"Value":4187},{"Length":34,"Height":31,"Demand":0,"DemandMax":1,"Value":3162},{"Length":9,"Height":80,"Demand":0,"DemandMax":1,"Value":720},{"Length":76,"Height":65,"Demand":0,"DemandMax":1,"Value":14820},{"Length":34,"Height":40,"Demand":0,"DemandMax":1,"Value":4080},{"Length":30,"Height":92,"Demand":0,"DemandMax":1,"Value":8280},{"Length":23,"Height":39,"Demand":0,"DemandMax":1,"Value":1794},{"Length":28,"Height":42,"Demand":0,"DemandMax":1,"Value":1176},{"Length":83,"Height":18,"Demand":0,"DemandMax":1,"Value":1494},{"Length":50,"Height":44,"Demand":0,"DemandMax":1,"Value":2200},{"Length":42,"Height":21,"Demand":0,"DemandMax":1,"Value":1764},{"Length":58,"Height":58,"Demand":0,"DemandMax":2,"Value":10092},{"Length":35,"Height":35,"Demand":0,"DemandMax":1,"Value":3675},{"Length":85,"Height":18,"Demand":0,"DemandMax":1,"Value":1530},{"Length":92,"Height":18,"Demand":0,"DemandMax":1,"Value":3312},{"Length":22,"Height":5,"Demand":0,"DemandMax":1,"Value":330},{"Length":15,"Height":33,"Demand":0,"DemandMax":2,"Value":495},{"Length":91,"Height":17,"Demand":0,"DemandMax":1,"Value":1547},{"Length":6,"Height":10,"Demand":0,"DemandMax":1,"Value":60},{"Length":26,"Height":6,"Demand":0,"DemandMax":1,"Value":468},{"Length":48,"Height":12,"Demand":0,"DemandMax":1,"Value":1152},{"Length":12,"Height":14,"Demand":0,"DemandMax":1,"Value":504},{"Length":78,"Height":2,"Demand":0,"DemandMax":1,"Value":312},{"Length":88,"Height":85,"Demand":0,"DemandMax":1,"Value":14960},{"Length":20,"Height":9,"Demand":0,"DemandMax":1,"Value":540},{"Length":7,"Height":17,"Demand":0,"DemandMax":1,"Value":238},{"Length":97,"Height":76,"Demand":0,"DemandMax":1,"Value":7372},{"Length":2,"Height":29,"Demand":0,"DemandMax":1,"Value":116},{"Length":21,"Height":11,"Demand":0,"DemandMax":1,"Value":231},{"Length":90,"Height":89,"Demand":0,"DemandMax":1,"Value":8010},{"Length":76,"Height":90,"Demand":0,"DemandMax":1,"Value":6840},{"Length":76,"Height":30,"Demand":0,"DemandMax":1,"Value":6840},{"Length":11,"Height":32,"Demand":0,"DemandMax":1,"Value":352},{"Length":53,"Height":52,"Demand":0,"DemandMax":1,"Value":8268},{"Length":95,"Height":35,"Demand":0,"DemandMax":1,"Value":6650},{"Length":39,"Height":33,"Demand":0,"DemandMax":1,"Value":3861},{"Length":5,"Height":47,"Demand":0,"DemandMax":1,"Value":705},{"Length":14,"Height":32,"Demand":0,"DemandMax":1,"Value":448},{"Length":15,"Height":23,"Demand":0,"DemandMax":1,"Value":1035},{"Length":11,"Height":39,"Demand":0,"DemandMax":1,"Value":858},{"Length":33,"Height":2,"Demand":0,"DemandMax":1,"Value":66},{"Length":69,"Height":64,"Demand":0,"DemandMax":1,"Value":13248},{"Length":76,"Height":4,"Demand":0,"DemandMax":1,"Value":608},{"Length":18,"Height":13,"Demand":0,"DemandMax":1,"Value":234},{"Length":78,"Height":14,"Demand":0,"DemandMax":1,"Value":3276},{"Length":22,"Height":37,"Demand":0,"DemandMax":1,"Value":1628},{"Length":50,"Height":3,"Demand":0,"DemandMax":1,"Value":300},{"Length":33,"Height":82,"Demand":0,"DemandMax":1,"Value":8118},{"Length":48,"Height":45,"Demand":0,"DemandMax":1,"Value":2160},{"Length":45,"Height":100,"Demand":0,"DemandMax":1,"Value":4500},{"Length":38,"Height":41,"Demand":0,"DemandMax":1,"Value":1558},{"Length":18,"Height":47,"Demand":0,"DemandMax":1,"Value":2538},{"Length":42,"Height":91,"Demand":0,"DemandMax":1,"Value":7644},{"Length":28,"Height":38,"Demand":0,"DemandMax":1,"Value":1064},{"Length":24,"Height":19,"Demand":0,"DemandMax":1,"Value":912},{"Length":22,"Height":30,"Demand":0,"DemandMax":2,"Value":1320},{"Length":10,"Height":31,"Demand":0,"DemandMax":1,"Value":620},{"Length":38,"Height":26,"Demand":0,"DemandMax":1,"Value":988},{"Length":25,"Height":38,"Demand":0,"DemandMax":1,"Value":1900},{"Length":46,"Height":31,"Demand":0,"DemandMax":1,"Value":1426},{"Length":36,"Height":99,"Demand":0,"DemandMax":1,"Value":10692},{"Length":74,"Height":75,"Demand":0,"DemandMax":1,"Value":5550},{"Length":48,"Height":32,"Demand":0,"DemandMax":1,"Value":3072},{"Length":86,"Height":77,"Demand":0,"DemandMax":1,"Value":6622},{"Length":34,"Height":24,"Demand":0,"DemandMax":1,"Value":816},{"Length":80,"Height":81,"Demand":0,"DemandMax":2,"Value":12960},{"Length":49,"Height":30,"Demand":0,"DemandMax":1,"Value":1470},{"Length":5,"Height":17,"Demand":0,"DemandMax":1,"Value":170},{"Length":31,"Height":43,"Demand":0,"DemandMax":1,"Value":2666},{"Length":43,"Height":14,"Demand":0,"DemandMax":1,"Value":1806},{"Length":12,"Height":42,"Demand":0,"DemandMax":1,"Value":1512},{"Length":41,"Height":91,"Demand":0,"DemandMax":1,"Value":11193},{"Length":18,"Height":35,"Demand":0,"DemandMax":1,"Value":1260},{"Length":37,"Height":7,"Demand":0,"DemandMax":1,"Value":259},{"Length":11,"Height":15,"Demand":0,"DemandMax":1,"Value":495},{"Length":83,"Height":49,"Demand":0,"DemandMax":1,"Value":12201},{"Length":30,"Height":24,"Demand":0,"DemandMax":1,"Value":1440},{"Length":93,"Height":58,"Demand":0,"DemandMax":1,"Value":16182},{"Length":48,"Height":7,"Demand":0,"DemandMax":1,"Value":336},{"Length":82,"Height":59,"Demand":0,"DemandMax":1,"Value":9676},{"Length":41,"Height":3,"Demand":0,"DemandMax":1,"Value":369},{"Length":19,"Height":22,"Demand":0,"DemandMax":1,"Value":418},{"Length":40,"Height":26,"Demand":0,"DemandMax":1,"Value":3120},{"Length":22,"Height":21,"Demand":0,"DemandMax":1,"Value":1386},{"Length":48,"Height":19,"Demand":0,"DemandMax":1,"Value":1824},{"Length":79,"Height":70,"Demand":0,"DemandMax":1,"Value":5530},{"Length":14,"Height":97,"Demand":0,"DemandMax":1,"Value":1358},{"Length":82,"Height":81,"Demand":0,"DemandMax":1,"Value":6642},{"Length":11,"Height":46,"Demand":0,"DemandMax":1,"Value":506},{"Length":44,"Height":42,"Demand":0,"DemandMax":1,"Value":1848},{"Length":17,"Height":85,"Demand":0,"DemandMax":1,"Value":2890},{"Length":33,"Height":46,"Demand":0,"DemandMax":1,"Value":1518},{"Length":28,"Height":12,"Demand":0,"DemandMax":1,"Value":672},{"Length":36,"Height":30,"Demand":0,"DemandMax":1,"Value":3240},{"Length":47,"Height":35,"Demand":0,"DemandMax":1,"Value":4935},{"Length":90,"Height":41,"Demand":0,"DemandMax":1,"Value":11070},{"Length":39,"Height":34,"Demand":0,"DemandMax":1,"Value":1326},{"Length":48,"Height":20,"Demand":0,"DemandMax":1,"Value":960},{"Length":36,"Height":7,"Demand":0,"DemandMax":1,"Value":504},{"Length":7,"Height":78,"Demand":0,"DemandMax":1,"Value":546},{"Length":31,"Height":100,"Demand":0,"DemandMax":1,"Value":6200},{"Length":43,"Height":91,"Demand":0,"DemandMax":1,"Value":3913},{"Length":29,"Height":44,"Demand":0,"DemandMax":1,"Value":3828},{"Length":9,"Height":11,"Demand":0,"DemandMax":1,"Value":297},{"Length":34,"Height":6,"Demand":0,"DemandMax":1,"Value":204},{"Length":30,"Height":4,"Demand":0,"DemandMax":1,"Value":120},{"Length":82,"Height":37,"Demand":0,"DemandMax":1,"Value":3034},{"Length":89,"Height":49,"Demand":0,"DemandMax":1,"Value":8722},{"Length":66,"Height":92,"Demand":0,"DemandMax":1,"Value":6072},{"Length":45,"Height":38,"Demand":0,"DemandMax":1,"Value":5130},{"Length":53,"Height":94,"Demand":0,"DemandMax":1,"Value":14946},{"Length":84,"Height":38,"Demand":0,"DemandMax":1,"Value":9576},{"Length":76,"Height":75,"Demand":0,"DemandMax":1,"Value":11400},{"Length":6,"Height":81,"Demand":0,"DemandMax":1,"Value":1458},{"Length":54,"Height":80,"Demand":0,"DemandMax":1,"Value":12960},{"Length":12,"Height":19,"Demand":0,"DemandMax":1,"Value":456},{"Length":10,"Height":19,"Demand":0,"DemandMax":1,"Value":380},{"Length":71,"Height":71,"Demand":0,"DemandMax":1,"Value":5041},{"Length":78,"Height":48,"Demand":0,"DemandMax":1,"Value":7488},{"Length":88,"Height":8,"Demand":0,"DemandMax":1,"Value":2112},{"Length":9,"Height":18,"Demand":0,"DemandMax":1,"Value":486},{"Length":3,"Height":42,"Demand":0,"DemandMax":1,"Value":126},{"Length":47,"Height":2,"Demand":0,"DemandMax":1,"Value":188},{"Length":39,"Height":22,"Demand":0,"DemandMax":1,"Value":2574},{"Length":41,"Height":16,"Demand":0,"DemandMax":1,"Value":1312},{"Length":87,"Height":37,"Demand":0,"DemandMax":1,"Value":6438},{"Length":13,"Height":99,"Demand":0,"DemandMax":1,"Value":3861},{"Length":21,"Height":85,"Demand":0,"DemandMax":1,"Value":1785},{"Length":77,"Height":46,"Demand":0,"DemandMax":1,"Value":3542},{"Length":82,"Height":43,"Demand":0,"DemandMax":1,"Value":10578},{"Length":28,"Height":4,"Demand":0,"DemandMax":1,"Value":336},{"Length":31,"Height":47,"Demand":0,"DemandMax":1,"Value":2914},{"Length":25,"Height":44,"Demand":0,"DemandMax":1,"Value":1100},{"Length":80,"Height":93,"Demand":0,"DemandMax":1,"Value":7440},{"Length":11,"Height":50,"Demand":0,"DemandMax":1,"Value":1650},{"Length":12,"Height":29,"Demand":0,"DemandMax":1,"Value":1044},{"Length":56,"Height":98,"Demand":0,"DemandMax":1,"Value":10976},{"Length":61,"Height":68,"Demand":0,"DemandMax":1,"Value":4148},{"Length":94,"Height":28,"Demand":0,"DemandMax":1,"Value":7896},{"Length":41,"Height":95,"Demand":0,"DemandMax":1,"Value":3895},{"Length":30,"Height":33,"Demand":0,"DemandMax":1,"Value":990},{"Length":48,"Height":37,"Demand":0,"DemandMax":1,"Value":5328},{"Length":86,"Height":33,"Demand":0,"DemandMax":1,"Value":8514},{"Length":63,"Height":94,"Demand":0,"DemandMax":1,"Value":5922},{"Length":44,"Height":89,"Demand":0,"DemandMax":1,"Value":3916},{"Length":40,"Height":10,"Demand":0,"DemandMax":1,"Value":400},{"Length":16,"Height":45,"Demand":0,"DemandMax":1,"Value":2160},{"Length":49,"Height":20,"Demand":0,"DemandMax":1,"Value":980},{"Length":32,"Height":84,"Demand":0,"DemandMax":1,"Value":8064},{"Length":89,"Height":8,"Demand":0,"DemandMax":1,"Value":2136},{"Length":11,"Height":42,"Demand":0,"DemandMax":1,"Value":462},{"Length":11,"Height":8,"Demand":0,"DemandMax":1,"Value":264},{"Length":5,"Height":14,"Demand":0,"DemandMax":1,"Value":70},{"Length":43,"Height":43,"Demand":0,"DemandMax":1,"Value":1849},{"Length":33,"Height":49,"Demand":0,"DemandMax":1,"Value":4851},{"Length":31,"Height":18,"Demand":0,"DemandMax":1,"Value":1116},{"Length":52,"Height":95,"Demand":0,"DemandMax":1,"Value":14820},{"Length":26,"Height":40,"Demand":0,"DemandMax":1,"Value":3120},{"Length":82,"Height":80,"Demand":0,"DemandMax":1,"Value":19680},{"Length":46,"Height":14,"Demand":0,"DemandMax":1,"Value":644},{"Length":44,"Height":27,"Demand":0,"DemandMax":1,"Value":2376},{"Length":91,"Height":25,"Demand":0,"DemandMax":1,"Value":6825},{"Length":2,"Height":87,"Demand":0,"DemandMax":1,"Value":174},{"Length":77,"Height":98,"Demand":0,"DemandMax":1,"Value":22638},{"Length":25,"Height":76,"Demand":0,"DemandMax":1,"Value":1900},{"Length":96,"Height":32,"Demand":0,"DemandMax":1,"Value":6144},{"Length":62,"Height":94,"Demand":0,"DemandMax":1,"Value":5828},{"Length":6,"Height":20,"Demand":0,"DemandMax":1,"Value":360},{"Length":32,"Height":41,"Demand":0,"DemandMax":1,"Value":3936},{"Length":38,"Height":39,"Demand":0,"DemandMax":1,"Value":1482},{"Length":34,"Height":13,"Demand":0,"DemandMax":1,"Value":1326},{"Length":13,"Height":4,"Demand":0,"DemandMax":1,"Value":104},{"Length":11,"Height":76,"Demand":0,"DemandMax":1,"Value":1672},{"Length":23,"Height":92,"Demand":0,"DemandMax":1,"Value":2116},{"Length":59,"Height":92,"Demand":0,"DemandMax":1,"Value":16284},{"Length":77,"Height":41,"Demand":0,"DemandMax":1,"Value":9471},{"Length":19,"Height":44,"Demand":0,"DemandMax":1,"Value":836},{"Length":24,"Height":2,"Demand":0,"DemandMax":1,"Value":48},{"Length":14,"Height":6,"Demand":0,"DemandMax":1,"Value":252},{"Length":26,"Height":46,"Demand":0,"DemandMax":1,"Value":2392},{"Length":34,"Height":36,"Demand":0,"DemandMax":1,"Value":3672},{"Length":13,"Height":83,"Demand":0,"DemandMax":1,"Value":2158},{"Length":20,"Height":45,"Demand":0,"DemandMax":1,"Value":1800},{"Length":91,"Height":15,"Demand":0,"DemandMax":1,"Value":1365},{"Length":10,"Height":12,"Demand":0,"DemandMax":1,"Value":120},{"Length":44,"Height":15,"Demand":0,"DemandMax":1,"Value":1320},{"Length":26,"Height":84,"Demand":0,"DemandMax":1,"Value":6552},{"Length":76,"Height":81,"Demand":0,"DemandMax":1,"Value":12312},{"Length":24,"Height":29,"Demand":0,"DemandMax":1,"Value":2088},{"Length":6,"Height":40,"Demand":0,"DemandMax":1,"Value":240},{"Length":14,"Height":42,"Demand":0,"DemandMax":1,"Value":1176},{"Length":51,"Height":75,"Demand":0,"DemandMax":1,"Value":3825},{"Length":39,"Height":44,"Demand":0,"DemandMax":1,"Value":3432},{"Length":44,"Height":44,"Demand":0,"DemandMax":1,"Value":1936},{"Length":16,"Height":5,"Demand":0,"DemandMax":1,"Value":160},{"Length":18,"Height":95,"Demand":0,"DemandMax":1,"Value":3420},{"Length":47,"Height":4,"Demand":0,"DemandMax":1,"Value":188},{"Length":41,"Height":23,"Demand":0,"DemandMax":1,"Value":2829},{"Length":25,"Height":8,"Demand":0,"DemandMax":1,"Value":600},{"Length":3,"Height":17,"Demand":0,"DemandMax":1,"Value":153},{"Length":2,"Height":11,"Demand":0,"DemandMax":1,"Value":22},{"Length":41,"Height":26,"Demand":0,"DemandMax":1,"Value":1066},{"Length":33,"Height":35,"Demand":0,"DemandMax":1,"Value":3465},{"Length":96,"Height":74,"Demand":0,"DemandMax":1,"Value":21312},{"Length":44,"Height":36,"Demand":0,"DemandMax":1,"Value":4752},{"Length":24,"Height":5,"Demand":0,"DemandMax":1,"Value":240},{"Length":88,"Height":57,"Demand":0,"DemandMax":1,"Value":5016},{"Length":7,"Height":97,"Demand":0,"DemandMax":1,"Value":2037},{"Length":26,"Height":80,"Demand":0,"DemandMax":1,"Value":2080},{"Length":36,"Height":35,"Demand":0,"DemandMax":1,"Value":2520},{"Length":71,"Height":93,"Demand":0,"DemandMax":1,"Value":13206},{"Length":41,"Height":17,"Demand":0,"DemandMax":1,"Value":2091},{"Length":8,"Height":16,"Demand":0,"DemandMax":1,"Value":256},{"Length":43,"Height":10,"Demand":0,"DemandMax":1,"Value":1290},{"Length":44,"Height":99,"Demand":0,"DemandMax":1,"Value":4356},{"Length":34,"Height":47,"Demand":0,"DemandMax":1,"Value":3196},{"Length":34,"Height":88,"Demand":0,"DemandMax":1,"Value":5984},{"Length":17,"Height":39,"Demand":0,"DemandMax":1,"Value":1989},{"Length":84,"Height":23,"Demand":0,"DemandMax":1,"Value":1932},{"Length":38,"Height":23,"Demand":0,"DemandMax":1,"Value":874},{"Length":78,"Height":58,"Demand":0,"DemandMax":1,"Value":13572},{"Length":25,"Height":15,"Demand":0,"DemandMax":1,"Value":1125},{"Length":34,"Height":81,"Demand":0,"DemandMax":1,"Value":8262},{"Length":14,"Height":41,"Demand":0,"DemandMax":1,"Value":574},{"Length":21,"Height":25,"Demand":0,"DemandMax":1,"Value":1050},{"Length":59,"Height":82,"Demand":0,"DemandMax":1,"Value":4838},{"Length":32,"Height":88,"Demand":0,"DemandMax":1,"Value":5632},{"Length":40,"Height":44,"Demand":0,"DemandMax":1,"Value":1760},{"Length":33,"Height":49,"Demand":0,"DemandMax":1,"Value":1617},{"Length":40,"Height":39,"Demand":0,"DemandMax":1,"Value":1560},{"Length":43,"Height":5,"Demand":0,"DemandMax":1,"Value":645},{"Length":38,"Height":97,"Demand":0,"DemandMax":1,"Value":11058},{"Length":24,"Height":48,"Demand":0,"DemandMax":1,"Value":1152},{"Length":26,"Height":29,"Demand":0,"DemandMax":1,"Value":2262},{"Length":41,"Height":77,"Demand":0,"DemandMax":1,"Value":6314},{"Length":45,"Height":26,"Demand":0,"DemandMax":1,"Value":3510},{"Length":20,"Height":5,"Demand":0,"DemandMax":1,"Value":200},{"Length":13,"Height":88,"Demand":0,"DemandMax":1,"Value":3432},{"Length":93,"Height":16,"Demand":0,"DemandMax":1,"Value":1488},{"Length":88,"Height":99,"Demand":0,"DemandMax":1,"Value":26136},{"Length":25,"Height":16,"Demand":0,"DemandMax":1,"Value":400},{"Length":29,"Height":18,"Demand":0,"DemandMax":1,"Value":1044},{"Length":46,"Height":42,"Demand":0,"DemandMax":1,"Value":1932},{"Length":97,"Height":32,"Demand":0,"DemandMax":1,"Value":9312},{"Length":40,"Height":7,"Demand":0,"DemandMax":1,"Value":840},{"Length":66,"Height":87,"Demand":0,"DemandMax":1,"Value":17226},{"Length":27,"Height":86,"Demand":0,"DemandMax":1,"Value":6966},{"Length":25,"Height":94,"Demand":0,"DemandMax":1,"Value":2350},{"Length":28,"Height":49,"Demand":0,"DemandMax":1,"Value":1372},{"Length":74,"Height":85,"Demand":0,"DemandMax":1,"Value":6290},{"Length":21,"Height":3,"Demand":0,"DemandMax":1,"Value":63},{"Length":85,"Height":100,"Demand":0,"DemandMax":1,"Value":8500},{"Length":27,"Height":96,"Demand":0,"DemandMax":1,"Value":7776},{"Length":100,"Height":100,"Demand":0,"DemandMax":1,"Value":10000},{"Length":7,"Height":2,"Demand":0,"DemandMax":1,"Value":42},{"Length":8,"Height":24,"Demand":0,"DemandMax":1,"Value":192},{"Length":24,"Height":7,"Demand":0,"DemandMax":1,"Value":336},{"Length":14,"Height":24,"Demand":0,"DemandMax":1,"Value":672},{"Length":38,"Height":10,"Demand":0,"DemandMax":1,"Value":760},{"Length":85,"Height":10,"Demand":0,"DemandMax":1,"Value":2550},{"Length":48,"Height":24,"Demand":0,"DemandMax":1,"Value":2304},{"Length":100,"Height":32,"Demand":0,"DemandMax":1,"Value":3200},{"Length":2,"Height":7,"Demand":0,"DemandMax":1,"Value":28},{"Length":41,"Height":82,"Demand":0,"DemandMax":1,"Value":6724},{"Length":26,"Height":38,"Demand":0,"DemandMax":1,"Value":988},{"Length":40,"Height":34,"Demand":0,"DemandMax":1,"Value":4080},{"Length":77,"Height":3,"Demand":0,"DemandMax":1,"Value":462},{"Length":13,"Height":96,"Demand":0,"DemandMax":1,"Value":3744},{"Length":3,"Height":27,"Demand":0,"DemandMax":1,"Value":162},{"Length":58,"Height":80,"Demand":0,"DemandMax":1,"Value":4640},{"Length":49,"Height":45,"Demand":0,"DemandMax":1,"Value":4410},{"Length":49,"Height":17,"Demand":0,"DemandMax":1,"Value":833},{"Length":96,"Height":36,"Demand":0,"DemandMax":1,"Value":3456},{"Length":45,"Height":31,"Demand":0,"DemandMax":1,"Value":2790},{"Length":4,"Height":20,"Demand":0,"DemandMax":1,"Value":240},{"Length":97,"Height":34,"Demand":0,"DemandMax":1,"Value":6596},{"Length":99,"Height":27,"Demand":0,"DemandMax":1,"Value":2673},{"Length":24,"Height":76,"Demand":0,"DemandMax":1,"Value":3648},{"Length":92,"Height":37,"Demand":0,"DemandMax":1,"Value":3404},{"Length":34,"Height":16,"Demand":0,"DemandMax":1,"Value":1088},{"Length":48,"Height":93,"Demand":0,"DemandMax":1,"Value":8928},{"Length":91,"Height":52,"Demand":0,"DemandMax":1,"Value":4732},{"Length":35,"Height":20,"Demand":0,"DemandMax":1,"Value":1400},{"Length":57,"Height":81,"Demand":0,"DemandMax":1,"Value":4617},{"Length":89,"Height":5,"Demand":0,"DemandMax":1,"Value":1335},{"Length":41,"Height":80,"Demand":0,"DemandMax":1,"Value":3280},{"Length":93,"Height":21,"Demand":0,"DemandMax":1,"Value":5859},{"Length":41,"Height":5,"Demand":0,"DemandMax":1,"Value":615},{"Length":48,"Height":10,"Demand":0,"DemandMax":1,"Value":1440},{"Length":15,"Height":80,"Demand":0,"DemandMax":1,"Value":3600},{"Length":96,"Height":80,"Demand":0,"DemandMax":1,"Value":23040},{"Length":98,"Height":48,"Demand":0,"DemandMax":1,"Value":4704},{"Length":26,"Height":27,"Demand":0,"DemandMax":1,"Value":702},{"Length":51,"Height":85,"Demand":0,"DemandMax":1,"Value":8670},{"Length":97,"Height":14,"Demand":0,"DemandMax":1,"Value":4074},{"Length":50,"Height":15,"Demand":0,"DemandMax":1,"Value":1500},{"Length":82,"Height":62,"Demand":0,"DemandMax":1,"Value":15252},{"Length":39,"Height":23,"Demand":0,"DemandMax":1,"Value":897},{"Length":32,"Height":8,"Demand":0,"DemandMax":1,"Value":768},{"Length":6,"Height":38,"Demand":0,"DemandMax":1,"Value":684},{"Length":97,"Height":52,"Demand":0,"DemandMax":1,"Value":15132},{"Length":21,"Height":42,"Demand":0,"DemandMax":1,"Value":1764},{"Length":54,"Height":63,"Demand":0,"DemandMax":1,"Value":6804},{"Length":49,"Height":14,"Demand":0,"DemandMax":1,"Value":1372},{"Length":35,"Height":16,"Demand":0,"DemandMax":1,"Value":560},{"Length":19,"Height":8,"Demand":0,"DemandMax":1,"Value":304},{"Length":49,"Height":19,"Demand":0,"DemandMax":1,"Value":1862},{"Length":5,"Height":48,"Demand":0,"DemandMax":1,"Value":720},{"Length":8,"Height":47,"Demand":0,"DemandMax":1,"Value":1128},{"Length":46,"Height":21,"Demand":0,"DemandMax":1,"Value":966},{"Length":25,"Height":3,"Demand":0,"DemandMax":1,"Value":75},{"Length":46,"Height":48,"Demand":0,"DemandMax":1,"Value":4416},{"Length":15,"Height":3,"Demand":0,"DemandMax":1,"Value":135},{"Length":22,"Height":15,"Demand":0,"DemandMax":1,"Value":660},{"Length":80,"Height":67,"Demand":0,"DemandMax":1,"Value":5360},{"Length":93,"Height":6,"Demand":0,"DemandMax":1,"Value":1674},{"Length":39,"Height":11,"Demand":0,"DemandMax":1,"Value":1287},{"Length":18,"Height":43,"Demand":0,"DemandMax":1,"Value":1548},{"Length":17,"Height":82,"Demand":0,"DemandMax":1,"Value":4182},{"Length":53,"Height":53,"Demand":0,"DemandMax":1,"Value":2809},{"Length":23,"Height":99,"Demand":0,"DemandMax":1,"Value":6831},{"Length":76,"Height":81,"Demand":0,"DemandMax":1,"Value":6156},{"Length":96,"Height":58,"Demand":0,"DemandMax":1,"Value":11136},{"Length":5,"Height":43,"Demand":0,"DemandMax":1,"Value":645},{"Length":27,"Height":22,"Demand":0,"DemandMax":1,"Value":594},{"Length":2,"Height":46,"Demand":0,"DemandMax":1,"Value":276},{"Length":50,"Height":100,"Demand":0,"DemandMax":1,"Value":10000},{"Length":95,"Height":24,"Demand":0,"DemandMax":1,"Value":6840},{"Length":100,"Height":46,"Demand":0,"DemandMax":1,"Value":9200},{"Length":28,"Height":7,"Demand":0,"DemandMax":1,"Value":392},{"Length":46,"Height":38,"Demand":0,"DemandMax":1,"Value":1748},{"Length":3,"Height":84,"Demand":0,"DemandMax":1,"Value":504},{"Length":30,"Height":16,"Demand":0,"DemandMax":1,"Value":1440},{"Length":78,"Height":71,"Demand":0,"DemandMax":1,"Value":5538},{"Length":24,"Height":21,"Demand":0,"DemandMax":1,"Value":1008},{"Length":24,"Height":46,"Demand":0,"DemandMax":1,"Value":2208},{"Length":50,"Height":2,"Demand":0,"DemandMax":1,"Value":300},{"Length":95,"Height":48,"Demand":0,"DemandMax":1,"Value":13680},{"Length":36,"Height":50,"Demand":0,"DemandMax":1,"Value":1800},{"Length":79,"Height":42,"Demand":0,"DemandMax":1,"Value":9954},{"Length":4,"Height":93,"Demand":0,"DemandMax":1,"Value":372},{"Length":15,"Height":2,"Demand":0,"DemandMax":1,"Value":30},{"Length":82,"Height":85,"Demand":0,"DemandMax":1,"Value":20910},{"Length":9,"Height":16,"Demand":0,"DemandMax":1,"Value":288},{"Length":26,"Height":8,"Demand":0,"DemandMax":1,"Value":624},{"Length":52,"Height":56,"Demand":0,"DemandMax":1,"Value":5824},{"Length":15,"Height":33,"Demand":0,"DemandMax":1,"Value":1485},{"Length":84,"Height":26,"Demand":0,"DemandMax":1,"Value":6552},{"Length":99,"Height":77,"Demand":0,"DemandMax":1,"Value":22869},{"Length":95,"Height":64,"Demand":0,"DemandMax":1,"Value":12160},{"Length":15,"Height":39,"Demand":0,"DemandMax":1,"Value":1170},{"Length":77,"Height":48,"Demand":0,"DemandMax":1,"Value":3696},{"Length":81,"Height":22,"Demand":0,"DemandMax":1,"Value":5346},{"Length":9,"Height":33,"Demand":0,"DemandMax":1,"Value":891},{"Length":86,"Height":13,"Demand":0,"DemandMax":1,"Value":1118},{"Length":61,"Height":95,"Demand":0,"DemandMax":1,"Value":17385},{"Length":20,"Height":37,"Demand":0,"DemandMax":1,"Value":2220},{"Length":96,"Height":77,"Demand":0,"DemandMax":1,"Value":7392},{"Length":2,"Height":93,"Demand":0,"DemandMax":1,"Value":558},{"Length":5,"Height":34,"Demand":0,"DemandMax":1,"Value":510},{"Length":9,"Height":20,"Demand":0,"DemandMax":1,"Value":360},{"Length":87,"Height":49,"Demand":0,"DemandMax":1,"Value":12789},{"Length":97,"Height":87,"Demand":0,"DemandMax":1,"Value":16878},{"Length":22,"Height":76,"Demand":0,"DemandMax":1,"Value":1672},{"Length":68,"Height":89,"Demand":0,"DemandMax":1,"Value":6052},{"Length":6,"Height":76,"Demand":0,"DemandMax":1,"Value":912},{"Length":30,"Height":99,"Demand":0,"DemandMax":1,"Value":2970},{"Length":95,"Height":58,"Demand":0,"DemandMax":1,"Value":16530},{"Length":18,"Height":45,"Demand":0,"DemandMax":1,"Value":2430},{"Length":50,"Height":92,"Demand":0,"DemandMax":1,"Value":4600},{"Length":26,"Height":2,"Demand":0,"DemandMax":1,"Value":104},{"Length":99,"Height":97,"Demand":0,"DemandMax":1,"Value":9603},{"Length":41,"Height":15,"Demand":0,"DemandMax":1,"Value":615},{"Length":26,"Height":28,"Demand":0,"DemandMax":1,"Value":2184},{"Length":48,"Height":93,"Demand":0,"DemandMax":1,"Value":4464},{"Length":20,"Height":87,"Demand":0,"DemandMax":1,"Value":5220},{"Length":97,"Height":49,"Demand":0,"DemandMax":1,"Value":4753},{"Length":4,"Height":46,"Demand":0,"DemandMax":1,"Value":552}]}