{"Name":"ngcutfs1_204","Objects":[{"Length":100,"Height":100,"Stock":null,"Cost":10000}],"Items":[{"Length":35,"Height":36,"Demand":0,"DemandMax":4,"Value":3780},{"Length":52,"Height":74,"Demand":0,"DemandMax":4,"Value":3848},{"Length":38,"Height":3,"Demand":0,"DemandMax":4,"Value":114},{"Length":70,"Height":81,"Demand":0,"DemandMax":4,"Value":11340},{"Length":38,"Height":77,"Demand":0,"DemandMax":4,"Value":2926},{"Length":76,"Height":46,"Demand":0,"DemandMax":4,"Value":3496},{"Length":38,"Height":28,"Demand":0,"DemandMax":4,"Value":1064},{"Length":10,"Height":96,"Demand":0,"DemandMax":4,"Value":960},{"Length":38,"Height":33,"Demand":0,"DemandMax":4,"Value":1254},{"Length":15,"Height":5,"Demand":0,"DemandMax":4,"Value":150},{"Length":3,"Height":24,"Demand":0,"DemandMax":4,"Value":72},{"Length":22,"Height":39,"Demand":0,"DemandMax":4,"Value":1716},{"Length":30,"Height":2,"Demand":0,"DemandMax":4,"Value":60},{"Length":38,"Height":36,"Demand":0,"DemandMax":4,"Value":2736},{"Length":91,"Height":18,"Demand":0,"DemandMax":4,"Value":4914},{"Length":45,"Height":19,"Demand":0,"DemandMax":4,"Value":1710},{"Length":42,"Height":39,"Demand":0,"DemandMax":4,"Value":3276},{"Length":41,"Height":2,"Demand":0,"DemandMax":4,"Value":246},{"Length":23,"Height":30,"Demand":0,"DemandMax":4,"Value":2070},{"Length":35,"Height":79,"Demand":0,"DemandMax":4,"Value":8295},{"Length":91,"Height":2,"Demand":0,"DemandMax":4,"Value":364},{"Length":20,"Height":21,"Demand":0,"DemandMax":4,"Value":1260},{"Length":83,"Height":4,"Demand":0,"DemandMax":4,"Value":332},{"Length":92,"Height":6,"Demand":0,"DemandMax":4,"Value":1656},{"Length":57,"Height":61,"Demand":0,"DemandMax":4,"Value":3477},{"Length":95,"Height":17,"Demand":0,"DemandMax":4,"Value":1615},{"Length":52,"Height":94,"Demand":0,"DemandMax":4,"Value":9776},{"Length":35,"Height":95,"Demand":0,"DemandMax":4,"Value":3325},{"Length":81,"Height":39,"Demand":0,"DemandMax":4,"Value":3159},{"Length":33,"Height":33,"Demand":0,"DemandMax":4,"Value":1089},{"Length":62,"Height":97,"Demand":0,"DemandMax":4,"Value":12028},{"Length":3,"Height":94,"Demand":0,"DemandMax":4,"Value":564},{"Length":99,"Height":93,"Demand":0,"DemandMax":4,"Value":27621},{"Length":80,"Height":3,"Demand":0,"DemandMax":4,"Value":720},{"Length":100,"Height":11,"Demand":0,"DemandMax":4,"Value":1100},{"Length":25,"Height":21,"Demand":0,"DemandMax":4,"Value":1575},{"Length":33,"Height":25,"Demand":0,"DemandMax":4,"Value":1650},{"Length":84,"Height":8,"Demand":0,"DemandMax":4,"Value":2016},{"Length":39,"Height":31,"Demand":0,"DemandMax":4,"Value":2418},{"Length":90,"Height":6,"Demand":0,"DemandMax":4,"Value":1620},{"Length":44,"Height":77,"Demand":0,"DemandMax":4,"Value":6776},{"Length":85,"Height":19,"Demand":0,"DemandMax":4,"Value":4845},{"Length":39,"Height":6,"Demand":0,"DemandMax":4,"Value":468},{"Length":37,"Height":20,"Demand":0,"DemandMax":4,"Value":1480},{"Length":14,"Height":40,"Demand":0,"DemandMax":4,"Value":1120},{"Length":15,"Height":91,"Demand":0,"DemandMax":4,"Value":1365},{"Length":37,"Height":91,"Demand":0,"DemandMax":4,"Value":3367},{"Length":7,"Height":36,"Demand":0,"DemandMax":4,"Value":756},{"Length":57,"Height":67,"Demand":0,"DemandMax":4,"Value":7638},{"Length":97,"Height":100,"Demand":0,"DemandMax":4,"Value":9700},{"Length":82,"Height":16,"Demand":0,"DemandMax":4,"Value":3936},{"Length":38,"Height":89,"Demand":0,"DemandMax":4,"Value":6764},{"Length":23,"Height":21,"Demand":0,"DemandMax":4,"Value":966},{"Length":21,"Height":76,"Demand":0,"DemandMax":4,"Value":1596},{"Length":74,"Height":94,"Demand":0,"DemandMax":4,"Value":20868},{"Length":70,"Height":93,"Demand":0,"DemandMax":4,"Value":13020},{"Length":76,"Height":16,"Demand":0,"DemandMax":4,"Value":2432},{"Length":28,"Height":10,"Demand":0,"DemandMax":4,"Value":560},{"Length":98,"Height":39,"Demand":0,"DemandMax":4,"Value":7644},{"Length":29,"Height":28,"Demand":0,"DemandMax":4,"Value":2436},{"Length":18,"Height":23,"Demand":0,"DemandMax":4,"Value":828},{"Length":100,"Height":3,"Demand":0,"DemandMax":8,"Value":900},{"Length":25,"Height":38,"Demand":0,"DemandMax":4,"Value":1900},{"Length":82,"Height":3,"Demand":0,"DemandMax":4,"Value":492},{"Length":72,"Height":79,"Demand":0,"DemandMax":4,"Value":11376},{"Length":44,"Height":41,"Demand":0,"DemandMax":4,"Value":1804},{"Length":24,"Height":30,"Demand":0,"DemandMax":4,"Value":1440},{"Length":17,"Height":7,"Demand":0,"DemandMax":4,"Value":238},{"Length":98,"Height":45,"Demand":0,"DemandMax":4,"Value":8820},{"Length":89,"Height":16,"Demand":0,"DemandMax":4,"Value":1424},{"Length":45,"Height":11,"Demand":0,"DemandMax":4,"Value":990},{"Length":22,"Height":5,"Demand":0,"DemandMax":4,"Value":330},{"Length":26,"Height":47,"Demand":0,"DemandMax":4,"Value":2444},{"Length":32,"Height":36,"Demand":0,"DemandMax":4,"Value":1152},{"Length":10,"Height":19,"Demand":0,"DemandMax":4,"Value":570},{"Length":72,"Height":86,"Demand":0,"DemandMax":4,"Value":18576},{"Length":39,"Height":14,"Demand":0,"DemandMax":8,"Value":546},{"Length":84,"Height":93,"Demand":0,"DemandMax":4,"Value":15624},{"Length":54,"Height":59,"Demand":0,"DemandMax":4,"Value":3186},{"Length":56,"Height":76,"Demand":0,"DemandMax":4,"Value":8512},{"Length":34,"Height":8,"Demand":0,"DemandMax":4,"Value":272},{"Length":76,"Height":63,"Demand":0,"DemandMax":4,"Value":9576},{"Length":26,"Height":99,"Demand":0,"DemandMax":4,"Value":5148},{"Length":92,"Height":43,"Demand":0,"DemandMax":4,"Value":7912},{"Length":50,"Height":13,"Demand":0,"DemandMax":4,"Value":1950},{"Length":9,"Height":48,"Demand":0,"DemandMax":4,"Value":432},{"Length":49,"Height":100,"Demand":0,"DemandMax":4,"Value":14700},{"Length":23,"Height":9,"Demand":0,"DemandMax":4,"Value":207},{"Length":29,"Height":79,"Demand":0,"DemandMax":4,"Value":6873},{"Length":5,"Height":27,"Demand":0,"DemandMax":4,"Value":270},{"Length":89,"Height":48,"Demand":0,"DemandMax":4,"Value":8544},{"Length":94,"Height":2,"Demand":0,"DemandMax":4,"Value":376},{"Length":29,"Height":4,"Demand":0,"DemandMax":4,"Value":116},{"Length":20,"Height":88,"Demand":0,"DemandMax":4,"Value":5280},{"Length":24,"Height":13,"Demand":0,"DemandMax":4,"Value":312},{"Length":43,"Height":27,"Demand":0,"DemandMax":4,"Value":3483},{"Length":78,"Height":35,"Demand":0,"DemandMax":4,"Value":5460},{"Length":95,"Height":59,"Demand":0,"DemandMax":4,"Value":5605},{"Length":81,"Height":53,"Demand":0,"DemandMax":4,"Value":8586},{"Length":80,"Height":22,"Demand":0,"DemandMax":4,"Value":3520},{"Length":50,"Height":3,"Demand":0,"DemandMax":4,"Value":450},{"Length":98,"Height":10,"Demand":0,"DemandMax":4,"Value":980},{"Length":39,"Height":50,"Demand":0,"DemandMax":4,"Value":5850},{"Length":87,"Height":8,"Demand":0,"DemandMax":4,"Value":1392},{"Length":31,"Height":18,"Demand":0,"DemandMax":4,"Value":1116},{"Length":39,"Height":77,"Demand":0,"DemandMax":4,"Value":9009},{"Length":29,"Height":38,"Demand":0,"DemandMax":4,"Value":2204},{"Length":7,"Height":13,"Demand":0,"DemandMax":4,"Value":91},{"Length":2,"Height":30,"Demand":0,"DemandMax":4,"Value":180},{"Length":18,"Height":39,"Demand":0,"DemandMax":4,"Value":702},{"Length":79,"Height":45,"Demand":0,"DemandMax":4,"Value":3555},{"Length":33,"Height":21,"Demand":0,"DemandMax":8,"Value":693},{"Length":48,"Height":30,"Demand":0,"DemandMax":8,"Value":4320},{"Length":81,"Height":5,"Demand":0,"DemandMax":4,"Value":1215},{"Length":31,"Height":85,"Demand":0,"DemandMax":4,"Value":5270},{"Length":34,"Height":76,"Demand":0,"DemandMax":4,"Value":5168},{"Length":27,"Height":10,"Demand":0,"DemandMax":4,"Value":270},{"Length":94,"Height":34,"Demand":0,"DemandMax":4,"Value":3196},{"Length":46,"Height":26,"Demand":0,"DemandMax":4,"Value":2392},{"Length":15,"Height":40,"Demand":0,"DemandMax":4,"Value":1800},{"Length":63,"Height":52,"Demand":0,"DemandMax":4,"Value":6552},{"Length":34,"Height":100,"Demand":0,"DemandMax":4,"Value":3400},{"Length":75,"Height":97,"Demand":0,"DemandMax":4,"Value":21825},{"Length":69,"Height":67,"Demand":0,"DemandMax":4,"Value":9246},{"Length":25,"Height":49,"Demand":0,"DemandMax":4,"Value":2450},{"Length":63,"Height":94,"Demand":0,"DemandMax":4,"Value":17766},{"Length":22,"Height":27,"Demand":0,"DemandMax":4,"Value":1782},{"Length":46,"Height":19,"Demand":0,"DemandMax":4,"Value":2622},{"Length":40,"Height":7,"Demand":0,"DemandMax":4,"Value":840},{"Length":30,"Height":47,"Demand":0,"DemandMax":4,"Value":2820},{"Length":31,"Height":9,"Demand":0,"DemandMax":4,"Value":558},{"Length":41,"Height":48,"Demand":0,"DemandMax":4,"Value":1968},{"Length":27,"Height":2,"Demand":0,"DemandMax":4,"Value":108},{"Length":96,"Height":85,"Demand":0,"DemandMax":4,"Value":8160},{"Length":5,"Height":27,"Demand":0,"DemandMax":4,"Value":405},{"Length":12,"Height":20,"Demand":0,"DemandMax":4,"Value":720},{"Length":13,"Height":80,"Demand":0,"DemandMax":4,"Value":2080},{"Length":28,"Height":4,"Demand":0,"DemandMax":4,"Value":224},{"Length":77,"Height":29,"Demand":0,"DemandMax":4,"Value":2233},{"Length":77,"Height":2,"Demand":0,"DemandMax":4,"Value":154},{"Length":97,"Height":8,"Demand":0,"DemandMax":4,"Value":776},{"Length":33,"Height":8,"Demand":0,"DemandMax":4,"Value":528},{"Length":13,"Height":88,"Demand":0,"DemandMax":4,"Value":3432},{"Length":23,"Height":94,"Demand":0,"DemandMax":4,"Value":4324},{"Length":4,"Height":8,"Demand":0,"DemandMax":4,"Value":64},{"Length":38,"Height":81,"Demand":0,"DemandMax":8,"Value":6156},{"Length":87,"Height":54,"Demand":0,"DemandMax":4,"Value":14094},{"Length":2,"Height":92,"Demand":0,"DemandMax":4,"Value":368},{"Length":78,"Height":40,"Demand":0,"DemandMax":4,"Value":6240},{"Length":13,"Height":89,"Demand":0,"DemandMax":4,"Value":3471},{"Length":49,"Height":19,"Demand":0,"DemandMax":4,"Value":1862},{"Length":91,"Height":39,"Demand":0,"DemandMax":4,"Value":3549},{"Length":4,"Height":97,"Demand":0,"DemandMax":4,"Value":388},{"Length":78,"Height":4,"Demand":0,"DemandMax":4,"Value":936},{"Length":24,"Height":29,"Demand":0,"DemandMax":4,"Value":2088},{"Length":61,"Height":75,"Demand":0,"DemandMax":4,"Value":4575},{"Length":100,"Height":42,"Demand":0,"DemandMax":4,"Value":12600},{"Length":34,"Height":95,"Demand":0,"DemandMax":4,"Value":3230},{"Length":47,"Height":23,"Demand":0,"DemandMax":4,"Value":3243},{"Length":85,"Height":43,"Demand":0,"DemandMax":4,"Value":10965},{"Length":21,"Height":15,"Demand":0,"DemandMax":4,"Value":945},{"Length":34,"Height":12,"Demand":0,"DemandMax":4,"Value":408},{"Length":12,"Height":14,"Demand":0,"DemandMax":4,"Value":504},{"Length":16,"Height":91,"Demand":0,"DemandMax":4,"Value":1456},{"Length":15,"Height":50,"Demand":0,"DemandMax":4,"Value":750},{"Length":58,"Height":72,"Demand":0,"DemandMax":4,"Value":4176},{"Length":28,"Height":38,"Demand":0,"DemandMax":4,"Value":3192},{"Length":79,"Height":37,"Demand":0,"DemandMax":8,"Value":8769},{"Length":17,"Height":21,"Demand":0,"DemandMax":4,"Value":714},{"Length":47,"Height":47,"Demand":0,"DemandMax":4,"Value":6627},{"Length":40,"Height":48,"Demand":0,"DemandMax":4,"Value":5760},{"Length":46,"Height":100,"Demand":0,"DemandMax":4,"Value":13800},{"Length":48,"Height":45,"Demand":0,"DemandMax":4,"Value":4320},{"Length":35,"Height":91,"Demand":0,"DemandMax":4,"Value":6370},{"Length":8,"Height":76,"Demand":0,"DemandMax":4,"Value":608},{"Length":48,"Height":96,"Demand":0,"DemandMax":4,"Value":9216},{"Length":33,"Height":13,"Demand":0,"DemandMax":4,"Value":1287},{"Length":36,"Height":90,"Demand":0,"DemandMax":8,"Value":6480},{"Length":22,"Height":82,"Demand":0,"DemandMax":4,"Value":5412},{"Length":90,"Height":41,"Demand":0,"DemandMax":4,"Value":3690},{"Length":32,"Height":30,"Demand":0,"DemandMax":4,"Value":960},{"Length":50,"Height":44,"Demand":0,"DemandMax":4,"Value":4400},{"Length":26,"Height":49,"Demand":0,"DemandMax":4,"Value":1274},{"Length":78,"Height":27,"Demand":0,"DemandMax":4,"Value":2106},{"Length":75,"Height":71,"Demand":0,"DemandMax":4,"Value":15975},{"Length":99,"Height":42,"Demand":0,"DemandMax":4,"Value":8316},{"Length":7,"Height":18,"Demand":0,"DemandMax":4,"Value":252},{"Length":18,"Height":79,"Demand":0,"DemandMax":4,"Value":4266},{"Length":28,"Height":3,"Demand":0,"DemandMax":4,"Value":252},{"Length":24,"Height":96,"Demand":0,"DemandMax":4,"Value":4608},{"Length":24,"Height":4,"Demand":0,"DemandMax":8,"Value":288},{"Length":98,"Height":19,"Demand":0,"DemandMax":4,"Value":1862},{"Length":9,"Height":94,"Demand":0,"DemandMax":4,"Value":846},{"Length":83,"Height":4,"Demand":0,"DemandMax":4,"Value":996},{"Length":95,"Height":55,"Demand":0,"DemandMax":4,"Value":10450},{"Length":7,"Height":3,"Demand":0,"DemandMax":4,"Value":21},{"Length":32,"Height":8,"Demand":0,"DemandMax":8,"Value":256},{"Length":54,"Height":89,"Demand":0,"DemandMax":4,"Value":9612},{"Length":18,"Height":29,"Demand":0,"DemandMax":4,"Value":1566},{"Length":83,"Height":5,"Demand":0,"DemandMax":4,"Value":830},{"Length":75,"Height":56,"Demand":0,"DemandMax":4,"Value":8400},{"Length":11,"Height":81,"Demand":0,"DemandMax":4,"Value":891},{"Length":85,"Height":7,"Demand":0,"DemandMax":4,"Value":1785},{"Length":45,"Height":27,"Demand":0,"DemandMax":4,"Value":3645},{"Length":40,"Height":85,"Demand":0,"DemandMax":4,"Value":6800},{"Length":17,"Height":78,"Demand":0,"DemandMax":4,"Value":1326},{"Length":44,"Height":19,"Demand":0,"DemandMax":4,"Value":2508},{"Length":30,"Height":98,"Demand":0,"DemandMax":4,"Value":2940},{"Length":40,"Height":26,"Demand":0,"DemandMax":4,"Value":3120},{"Length":23,"Height":16,"Demand":0,"DemandMax":4,"Value":368},{"Length":82,"Height":36,"Demand":0,"DemandMax":4,"Value":8856},{"Length":9,"Height":82,"Demand":0,"DemandMax":4,"Value":738},{"Length":2,"Height":37,"Demand":0,"DemandMax":4,"Value":222},{"Length":41,"Height":9,"Demand":0,"DemandMax":4,"Value":369},{"Length":7,"Height":21,"Demand":0,"DemandMax":4,"Value":147},{"Length":85,"Height":84,"Demand":0,"DemandMax":4,"Value":14280},{"Length":30,"Height":9,"Demand":0,"DemandMax":4,"Value":270},{"Length":30,"Height":29,"Demand":0,"DemandMax":4,"Value":2610},{"Length":85,"Height":19,"Demand":0,"DemandMax":4,"Value":1615},{"Length":37,"Height":44,"Demand":0,"DemandMax":4,"Value":3256},{"Length":19,"Height":78,"Demand":0,"DemandMax":4,"Value":1482},{"Length":25,"Height":76,"Demand":0,"DemandMax":4,"Value":1900},{"Length":43,"Height":86,"Demand":0,"DemandMax":4,"Value":7396},{"Length":90,"Height":34,"Demand":0,"DemandMax":4,"Value":6120},{"Length":81,"Height":75,"Demand":0,"DemandMax":4,"Value":6075},{"Length":44,"Height":96,"Demand":0,"DemandMax":4,"Value":8448},{"Length":17,"Height":96,"Demand":0,"DemandMax":4,"Value":1632},{"Length":25,"Height":40,"Demand":0,"DemandMax":4,"Value":3000},{"Length":20,"Height":2,"Demand":0,"DemandMax":4,"Value":80},{"Length":98,"Height":45,"Demand":0,"DemandMax":8,"Value":4410},{"Length":42,"Height":7,"Demand":0,"DemandMax":4,"Value":588},{"Length":9,"Height":82,"Demand":0,"DemandMax":4,"Value":1476},{"Length":69,"Height":53,"Demand":0,"DemandMax":4,"Value":10971},{"Length":12,"Height":24,"Demand":0,"DemandMax":4,"Value":864},{"Length":44,"Height":26,"Demand":0,"DemandMax":4,"Value":1144},{"Length":34,"Height":50,"Demand":0,"DemandMax":4,"Value":1700},{"Length":22,"Height":85,"Demand":0,"DemandMax":4,"Value":3740},{"Length":98,"Height":70,"Demand":0,"DemandMax":4,"Value":13720},{"Length":10,"Height":99,"Demand":0,"DemandMax":4,"Value":1980},{"Length":26,"Height":4,"Demand":0,"DemandMax":4,"Value":312},{"Length":8,"Height":27,"Demand":0,"DemandMax":4,"Value":216},{"Length":50,"Height":88,"Demand":0,"DemandMax":4,"Value":4400},{"Length":47,"Height":6,"Demand":0,"DemandMax":4,"Value":846},{"Length":67,"Height":95,"Demand":0,"DemandMax":4,"Value":6365},{"Length":49,"Height":21,"Demand":0,"DemandMax":4,"Value":1029},{"Length":75,"Height":72,"Demand":0,"DemandMax":4,"Value":16200},{"Length":15,"Height":88,"Demand":0,"DemandMax":4,"Value":1320},{"Length":6,"Height":98,"Demand":0,"DemandMax":4,"Value":1764},{"Length":24,"Height":80,"Demand":0,"DemandMax":4,"Value":5760},{"Length":91,"Height":12,"Demand":0,"DemandMax":4,"Value":2184},{"Length":9,"Height":90,"Demand":0,"DemandMax":4,"Value":1620},{"Length":41,"Height":93,"Demand":0,"DemandMax":4,"Value":7626},{"Length":100,"Height":30,"Demand":0,"DemandMax":4,"Value":3000},{"Length":97,"Height":34,"Demand":0,"DemandMax":4,"Value":9894},{"Length":12,"Height":47,"Demand":0,"DemandMax":4,"Value":1128},{"Length":8,"Height":8,"Demand":0,"DemandMax":4,"Value":192},{"Length":76,"Height":35,"Demand":0,"DemandMax":4,"Value":5320},{"Length":39,"Height":100,"Demand":0,"DemandMax":4,"Value":11700},{"Length":3,"Height":13,"Demand":0,"DemandMax":4,"Value":117},{"Length":97,"Height":81,"Demand":0,"DemandMax":4,"Value":15714},{"Length":12,"Height":33,"Demand":0,"DemandMax":4,"Value":1188},{"Length":2,"Height":76,"Demand":0,"DemandMax":4,"Value":456},{"Length":87,"Height":41,"Demand":0,"DemandMax":4,"Value":3567},{"Length":90,"Height":31,"Demand":0,"DemandMax":4,"Value":2790},{"Length":6,"Height":25,"Demand":0,"DemandMax":4,"Value":150},{"Length":50,"Height":36,"Demand":0,"DemandMax":4,"Value":5400},{"Length":75,"Height":77,"Demand":0,"DemandMax":4,"Value":11550},{"Length":12,"Height":45,"Demand":0,"DemandMax":4,"Value":1620},{"Length":28,"Height":35,"Demand":0,"DemandMax":4,"Value":1960},{"Length":18,"Height":43,"Demand":0,"DemandMax":8,"Value":774},{"Length":95,"Height":7,"Demand":0,"DemandMax":4,"Value":1330},{"Length":79,"Height":2,"Demand":0,"DemandMax":4,"Value":158},{"Length":78,"Height":91,"Demand":0,"DemandMax":8,"Value":21294},{"Length":37,"Height":79,"Demand":0,"DemandMax":4,"Value":2923},{"Length":15,"Height":90,"Demand":0,"DemandMax":4,"Value":4050},{"Length":7,"Height":10,"Demand":0,"DemandMax":4,"Value":140},{"Length":80,"Height":70,"Demand":0,"DemandMax":4,"Value":16800},{"Length":95,"Height":25,"Demand":0,"DemandMax":4,"Value":7125},{"Length":93,"Height":38,"Demand":0,"DemandMax":4,"Value":10602},{"Length":27,"Height":7,"Demand":0,"DemandMax":4,"Value":378},{"Length":39,"Height":99,"Demand":0,"DemandMax":4,"Value":11583},{"Length":78,"Height":60,"Demand":0,"DemandMax":4,"Value":4680},{"Length":5,"Height":39,"Demand":0,"DemandMax":4,"Value":585},{"Length":33,"Height":22,"Demand":0,"DemandMax":4,"Value":726},{"Length":3,"Height":49,"Demand":0,"DemandMax":4,"Value":441},{"Length":45,"Height":96,"Demand":0,"DemandMax":4,"Value":4320},{"Length":92,"Height":23,"Demand":0,"DemandMax":4,"Value":6348},{"Length":57,"Height":85,"Demand":0,"DemandMax":4,"Value":9690},{"Length":37,"Height":84,"Demand":0,"DemandMax":4,"Value":3108},{"Length":73,"Height":66,"Demand":0,"DemandMax":8,"Value":9636},{"Length":85,"Height":14,"Demand":0,"DemandMax":4,"Value":3570},{"Length":17,"Height":42,"Demand":0,"DemandMax":4,"Value":1428},{"Length":61,"Height":96,"Demand":0,"DemandMax":4,"Value":11712},{"Length":38,"Height":100,"Demand":0,"DemandMax":4,"Value":11400},{"Length":90,"Height":32,"Demand":0,"DemandMax":4,"Value":2880},{"Length":32,"Height":27,"Demand":0,"DemandMax":4,"Value":864},{"Length":65,"Height":60,"Demand":0,"DemandMax":4,"Value":3900},{"Length":32,"Height":9,"Demand":0,"DemandMax":4,"Value":576},{"Length":36,"Height":16,"Demand":0,"DemandMax":4,"Value":576},{"Length":60,"Height":59,"Demand":0,"DemandMax":4,"Value":10620},{"Length":12,"Height":8,"Demand":0,"DemandMax":4,"Value":288},{"Length":58,"Height":60,"Demand":0,"DemandMax":4,"Value":10440},{"Length":94,"Height":70,"Demand":0,"DemandMax":4,"Value":19740},{"Length":10,"Height":7,"Demand":0,"DemandMax":4,"Value":140},{"Length":97,"Height":89,"Demand":0,"DemandMax":4,"Value":8633},{"Length":24,"Height":82,"Demand":0,"DemandMax":4,"Value":3936},{"Length":21,"Height":49,"Demand":0,"DemandMax":4,"Value":2058},{"Length":27,"Height":39,"Demand":0,"DemandMax":4,"Value":1053},{"Length":18,"Height":78,"Demand":0,"DemandMax":4,"Value":4212},{"Length":26,"Height":5,"Demand":0,"DemandMax":4,"Value":390},{"Length":48,"Height":77,"Demand":0,"DemandMax":4,"Value":11088},{"Length":95,"Height":49,"Demand":0,"DemandMax":4,"Value":9310},{"Length":13,"Height":90,"Demand":0,"DemandMax":4,"Value":2340},{"Length":9,"Height":38,"Demand":0,"DemandMax":4,"Value":342},{"Length":36,"Height":38,"Demand":0,"DemandMax":4,"Value":2736},{"Length":70,"Height":58,"Demand":0,"DemandMax":4,"Value":12180},{"Length":2,"Height":45,"Demand":0,"DemandMax":4,"Value":90},{"Length":83,"Height":81,"Demand":0,"DemandMax":4,"Value":13446},{"Length":62,"Height":78,"Demand":0,"DemandMax":4,"Value":4836},{"Length":27,"Height":31,"Demand":0,"DemandMax":4,"Value":1674},{"Length":32,"Height":12,"Demand":0,"DemandMax":4,"Value":768},{"Length":27,"Height":49,"Demand":0,"DemandMax":4,"Value":3969},{"Length":83,"Height":40,"Demand":0,"DemandMax":4,"Value":9960},{"Length":64,"Height":96,"Demand":0,"DemandMax":4,"Value":12288},{"Length":42,"Height":14,"Demand":0,"DemandMax":4,"Value":588},{"Length":95,"Height":58,"Demand":0,"DemandMax":4,"Value":16530},{"Length":99,"Height":20,"Demand":0,"DemandMax":4,"Value":1980},{"Length":10,"Height":91,"Demand":0,"DemandMax":4,"Value":1820},{"Length":31,"Height":80,"Demand":0,"DemandMax":4,"Value":4960},{"Length":94,"Height":82,"Demand":0,"DemandMax":4,"Value":15416},{"Length":37,"Height":19,"Demand":0,"DemandMax":4,"Value":2109},{"Length":90,"Height":19,"Demand":0,"DemandMax":4,"Value":5130},{"Length":94,"Height":94,"Demand":0,"DemandMax":4,"Value":8836},{"Length":41,"Height":9,"Demand":0,"DemandMax":4,"Value":1107},{"Length":18,"Height":49,"Demand":0,"DemandMax":4,"Value":1764},{"Length":29,"Height":99,"Demand":0,"DemandMax":4,"Value":8613},{"Length":20,"Height":18,"Demand":0,"DemandMax":4,"Value":1080},{"Length":15,"Height":78,"Demand":0,"DemandMax":4,"Value":1170},{"Length":78,"Height":12,"Demand":0,"DemandMax":4,"Value":1872},{"Length":64,"Height":71,"Demand":0,"DemandMax":4,"Value":9088},{"Length":8,"Height":17,"Demand":0,"DemandMax":4,"Value":272},{"Length":13,"Height":77,"Demand":0,"DemandMax":4,"Value":2002},{"Length":66,"Height":68,"Demand":0,"DemandMax":4,"Value":13464},{"Length":18,"Height":94,"Demand":0,"DemandMax":4,"Value":1692},{"Length":46,"Height":80,"Demand":0,"DemandMax":4,"Value":3680},{"Length":6,"Height":39,"Demand":0,"DemandMax":4,"Value":468},{"Length":41,"Height":28,"Demand":0,"DemandMax":4,"Value":3444},{"Length":48,"Height":39,"Demand":0,"DemandMax":4,"Value":3744},{"Length":49,"Height":87,"Demand":0,"DemandMax":4,"Value":4263},{"Length":10,"Height":84,"Demand":0,"DemandMax":4,"Value":2520},{"Length":31,"Height":28,"Demand":0,"DemandMax":4,"Value":1736},{"Length":95,"Height":70,"Demand":0,"DemandMax":4,"Value":13300},{"Length":100,"Height":55,"Demand":0,"DemandMax":4,"Value":16500},{"Length":31,"Height":95,"Demand":0,"DemandMax":4,"Value":8835},{"Length":61,"Height":79,"Demand":0,"DemandMax":4,"Value":4819},{"Length":37,"Height":94,"Demand":0,"DemandMax":4,"Value":10434},{"Length":92,"Height":10,"Demand":0,"DemandMax":4,"Value":920},{"Length":46,"Height":23,"Demand":0,"DemandMax":8,"Value":2116},{"Length":48,"Height":87,"Demand":0,"DemandMax":4,"Value":12528},{"Length":42,"Height":29,"Demand":0,"DemandMax":4,"Value":2436},{"Length":41,"Height":32,"Demand":0,"DemandMax":4,"Value":2624},{"Length":47,"Height":45,"Demand":0,"DemandMax":4,"Value":2115},{"Length":15,"Height":16,"Demand":0,"DemandMax":4,"Value":240},{"Length":100,"Height":29,"Demand":0,"DemandMax":4,"Value":2900},{"Length":35,"Height":76,"Demand":0,"DemandMax":8,"Value":7980},{"Length":98,"Height":6,"Demand":0,"DemandMax":4,"Value":1176},{"Length":12,"Height":16,"Demand":0,"DemandMax":4,"Value":576},{"Length":22,"Height":36,"Demand":0,"DemandMax":4,"Value":1584},{"Length":31,"Height":41,"Demand":0,"DemandMax":4,"Value":1271},{"Length":13,"Height":39,"Demand":0,"DemandMax":4,"Value":507},{"Length":90,"Height":64,"Demand":0,"DemandMax":4,"Value":17280},{"Length":29,"Height":48,"Demand":0,"DemandMax":4,"Value":2784},{"Length":52,"Height":62,"Demand":0,"DemandMax":4,"Value":9672},{"Length":26,"Height":30,"Demand":0,"DemandMax":4,"Value":2340},{"Length":5,"Height":22,"Demand":0,"DemandMax":4,"Value":110},{"Length":79,"Height":88,"Demand":0,"DemandMax":4,"Value":6952},{"Length":29,"Height":31,"Demand":0,"DemandMax":4,"Value":899},{"Length":95,"Height":38,"Demand":0,"DemandMax":4,"Value":10830},{"Length":89,"Height":26,"Demand":0,"DemandMax":4,"Value":4628},{"Length":24,"Height":27,"Demand":0,"DemandMax":4,"Value":648},{"Length":37,"Height":47,"Demand":0,"DemandMax":4,"Value":1739},{"Length":27,"Height":42,"Demand":0,"DemandMax":4,"Value":1134},{"Length":64,"Height":75,"Demand":0,"DemandMax":4,"Value":14400},{"Length":29,"Height":44,"Demand":0,"DemandMax":4,"Value":2552},{"Length":88,"Height":38,"Demand":0,"DemandMax":4,"Value":10032},{"Length":35,"Height":95,"Demand":0,"DemandMax":4,"Value":6650},{"Length":63,"Height":72,"Demand":0,"DemandMax":4,"Value":9072},{"Length":5,"Height":98,"Demand":0,"DemandMax":4,"Value":1470},{"Length":93,"Height":73,"Demand":0,"DemandMax":4,"Value":20367},{"Length":26,"Height":3,"Demand":0,"DemandMax":4,"Value":234},{"Length":59,"Height":59,"Demand":0,"DemandMax":4,"Value":10443},{"Length":99,"Height":10,"Demand":0,"DemandMax":4,"Value":1980},{"Length":91,"Height":60,"Demand":0,"DemandMax":4,"Value":10920},{"Length":38,"Height":34,"Demand":0,"DemandMax":4,"Value":2584},{"Length":80,"Height":27,"Demand":0,"DemandMax":4,"Value":4320},{"Length":22,"Height":81,"Demand":0,"DemandMax":4,"Value":1782},{"Length":59,"Height":69,"Demand":0,"DemandMax":4,"Value":8142},{"Length":30,"Height":40,"Demand":0,"DemandMax":4,"Value":3600},{"Length":87,"Height":3,"Demand":0,"DemandMax":8,"Value":261},{"Length":23,"Height":10,"Demand":0,"DemandMax":4,"Value":230},{"Length":31,"Height":35,"Demand":0,"DemandMax":4,"Value":1085},{"Length":3,"Height":5,"Demand":0,"DemandMax":4,"Value":30},{"Length":24,"Height":31,"Demand":0,"DemandMax":4,"Value":1488},{"Length":68,"Height":90,"Demand":0,"DemandMax":4,"Value":12240},{"Length":17,"Height":98,"Demand":0,"DemandMax":4,"Value":1666},{"Length":64,"Height":86,"Demand":0,"DemandMax":4,"Value":16512},{"Length":88,"Height":14,"Demand":0,"DemandMax":4,"Value":1232},{"Length":5,"Height":47,"Demand":0,"DemandMax":8,"Value":235},{"Length":24,"Height":21,"Demand":0,"DemandMax":4,"Value":1008},{"Length":8,"Height":27,"Demand":0,"DemandMax":4,"Value":648},{"Length":37,"Height":31,"Demand":0,"DemandMax":4,"Value":3441},{"Length":82,"Height":7,"Demand":0,"DemandMax":4,"Value":574},{"Length":63,"Height":98,"Demand":0,"DemandMax":4,"Value":18522},{"Length":44,"Height":93,"Demand":0,"DemandMax":4,"Value":8184},{"Length":30,"Height":5,"Demand":0,"DemandMax":4,"Value":150},{"Length":13,"Height":97,"Demand":0,"DemandMax":4,"Value":2522},{"Length":32,"Height":13,"Demand":0,"DemandMax":4,"Value":832},{"Length":83,"Height":9,"Demand":0,"DemandMax":4,"Value":1494},{"Length":4,"Height":86,"Demand":0,"DemandMax":4,"Value":688},{"Length":4,"Height":45,"Demand":0,"DemandMax":4,"Value":540},{"Length":41,"Height":3,"Demand":0,"DemandMax":4,"Value":246},{"Length":5,"Height":12,"Demand":0,"DemandMax":4,"Value":60},{"Length":42,"Height":90,"Demand":0,"DemandMax":4,"Value":7560},{"Length":48,"Height":18,"Demand":0,"DemandMax":4,"Value":1728},{"Length":49,"Height":26,"Demand":0,"DemandMax":4,"Value":1274},{"Length":44,"Height":85,"Demand":0,"DemandMax":4,"Value":11220},{"Length":10,"Height":84,"Demand":0,"DemandMax":4,"Value":1680},{"Length":73,"Height":84,"Demand":0,"DemandMax":4,"Value":12264},{"Length":81,"Height":37,"Demand":0,"DemandMax":4,"Value":5994},{"Length":44,"Height":98,"Demand":0,"DemandMax":4,"Value":4312},{"Length":89,"Height":5,"Demand":0,"DemandMax":4,"Value":890},{"Length":65,"Height":80,"Demand":0,"DemandMax":4,"Value":15600},{"Length":80,"Height":16,"Demand":0,"DemandMax":8,"Value":1280},{"Length":89,"Height":14,"Demand":0,"DemandMax":4,"Value":1246},{"Length":19,"Height":14,"Demand":0,"DemandMax":4,"Value":532},{"Length":92,"Height":5,"Demand":0,"DemandMax":4,"Value":1380},{"Length":28,"Height":9,"Demand":0,"DemandMax":4,"Value":504},{"Length":89,"Height":42,"Demand":0,"DemandMax":4,"Value":7476},{"Length":42,"Height":35,"Demand":0,"DemandMax":4,"Value":4410},{"Length":36,"Height":15,"Demand":0,"DemandMax":4,"Value":1080},{"Length":36,"Height":5,"Demand":0,"DemandMax":4,"Value":540},{"Length":30,"Height":35,"Demand":0,"DemandMax":4,"Value":2100},{"Length":69,"Height":57,"Demand":0,"DemandMax":4,"Value":11799},{"Length":89,"Height":8,"Demand":0,"DemandMax":4,"Value":2136},{"Length":5,"Height":14,"Demand":0,"DemandMax":8,"Value":70},{"Length":44,"Height":79,"Demand":0,"DemandMax":4,"Value":3476},{"Length":11,"Height":48,"Demand":0,"DemandMax":8,"Value":1584},{"Length":82,"Height":34,"Demand":0,"DemandMax":4,"Value":8364},{"Length":77,"Height":11,"Demand":0,"DemandMax":4,"Value":847},{"Length":79,"Height":98,"Demand":0,"DemandMax":4,"Value":23226},{"Length":81,"Height":93,"Demand":0,"DemandMax":4,"Value":7533},{"Length":89,"Height":26,"Demand":0,"DemandMax":4,"Value":2314},{"Length":25,"Height":48,"Demand":0,"DemandMax":4,"Value":1200},{"Length":9,"Height":11,"Demand":0,"DemandMax":4,"Value":99},{"Length":85,"Height":80,"Demand":0,"DemandMax":4,"Value":13600},{"Length":43,"Height":29,"Demand":0,"DemandMax":4,"Value":2494},{"Length":20,"Height":50,"Demand":0,"DemandMax":4,"Value":3000},{"Length":93,"Height":23,"Demand":0,"DemandMax":4,"Value":4278},{"Length":98,"Height":10,"Demand":0,"DemandMax":4,"Value":2940},{"Length":90,"Height":7,"Demand":0,"DemandMax":4,"Value":630},{"Length":21,"Height":89,"Demand":0,"DemandMax":4,"Value":5607},{"Length":91,"Height":44,"Demand":0,"DemandMax":4,"Value":8008},{"Length":80,"Height":48,"Demand":0,"DemandMax":4,"Value":7680},{"Length":71,"Height":88,"Demand":0,"DemandMax":4,"Value":12496},{"Length":67,"Height":77,"Demand":0,"DemandMax":4,"Value":10318},{"Length":89,"Height":18,"Demand":0,"DemandMax":4,"Value":1602},{"Length":7,"Height":50,"Demand":0,"DemandMax":4,"Value":700},{"Length":24,"Height":21,"Demand":0,"DemandMax":4,"Value":1512},{"Length":75,"Height":52,"Demand":0,"DemandMax":4,"Value":3900},{"Length":19,"Height":8,"Demand":0,"DemandMax":4,"Value":304},{"Length":10,"Height":17,"Demand":0,"DemandMax":4,"Value":170},{"Length":77,"Height":38,"Demand":0,"DemandMax":4,"Value":5852},{"Length":4,"Height":18,"Demand":0,"DemandMax":4,"Value":72},{"Length":92,"Height":89,"Demand":0,"DemandMax":4,"Value":24564},{"Length":41,"Height":95,"Demand":0,"DemandMax":4,"Value":3895},{"Length":5,"Height":92,"Demand":0,"DemandMax":4,"Value":460},{"Length":48,"Height":8,"Demand":0,"DemandMax":4,"Value":384},{"Length":78,"Height":13,"Demand":0,"DemandMax":4,"Value":1014},{"Length":49,"Height":50,"Demand":0,"DemandMax":4,"Value":7350},{"Length":89,"Height":18,"Demand":0,"DemandMax":4,"Value":4806},{"Length":100,"Height":77,"Demand":0,"DemandMax":4,"Value":15400},{"Length":37,"Height":87,"Demand":0,"DemandMax":4,"Value":3219},{"Length":67,"Height":86,"Demand":0,"DemandMax":4,"Value":5762},{"Length":34,"Height":98,"Demand":0,"DemandMax":4,"Value":3332},{"Length":2,"Height":28,"Demand":0,"DemandMax":4,"Value":112},{"Length":21,"Height":10,"Demand":0,"DemandMax":4,"Value":420},{"Length":96,"Height":11,"Demand":0,"DemandMax":4,"Value":2112},{"Length":34,"Height":7,"Demand":0,"DemandMax":4,"Value":714},{"Length":59,"Height":70,"Demand":0,"DemandMax":4,"Value":4130},{"Length":38,"Height":6,"Demand":0,"DemandMax":4,"Value":456},{"Length":6,"Height":34,"Demand":0,"DemandMax":4,"Value":612},{"Length":57,"Height":56,"Demand":0,"DemandMax":4,"Value":6384},{"Length":19,"Height":28,"Demand":0,"DemandMax":4,"Value":1596},{"Length":40,"Height":39,"Demand":0,"DemandMax":4,"Value":3120},{"Length":93,"Height":5,"Demand":0,"DemandMax":4,"Value":1395},{"Length":90,"Height":78,"Demand":0,"DemandMax":4,"Value":14040},{"Length":97,"Height":24,"Demand":0,"DemandMax":4,"Value":6984},{"Length":47,"Height":98,"Demand":0,"DemandMax":4,"Value":13818},{"Length":49,"Height":94,"Demand":0,"DemandMax":4,"Value":4606},{"Length":33,"Height":92,"Demand":0,"DemandMax":4,"Value":6072},{"Length":38,"Height":31,"Demand":0,"DemandMax":4,"Value":3534},{"Length":16,"Height":8,"Demand":0,"DemandMax":4,"Value":256},{"Length":38,"Height":38,"Demand":0,"DemandMax":4,"Value":4332},{"Length":51,"Height":69,"Demand":0,"DemandMax":4,"Value":10557},{"Length":17,"Height":22,"Demand":0,"DemandMax":4,"Value":374},{"Length":82,"Height":32,"Demand":0,"DemandMax":4,"Value":5248},{"Length":18,"Height":95,"Demand":0,"DemandMax":4,"Value":1710},{"Length":22,"Height":85,"Demand":0,"DemandMax":4,"Value":1870},{"Length":19,"Height":23,"Demand":0,"DemandMax":4,"Value":437},{"Length":26,"Height":37,"Demand":0,"DemandMax":4,"Value":1924},{"Length":11,"Height":93,"Demand":0,"DemandMax":4,"Value":2046},{"Length":54,"Height":75,"Demand":0,"DemandMax":4,"Value":12150},{"Length":18,"Height":30,"Demand":0,"DemandMax":4,"Value":1080},{"Length":94,"Height":17,"Demand":0,"DemandMax":4,"Value":3196},{"Length":42,"Height":38,"Demand":0,"DemandMax":4,"Value":1596},{"Length":22,"Height":44,"Demand":0,"DemandMax":4,"Value":2904},{"Length":2,"Height":84,"Demand":0,"DemandMax":4,"Value":336},{"Length":21,"Height":6,"Demand":0,"DemandMax":8,"Value":126},{"Length":90,"Height":63,"Demand":0,"DemandMax":4,"Value":5670},{"Length":29,"Height":8,"Demand":0,"DemandMax":4,"Value":232},{"Length":30,"Height":44,"Demand":0,"DemandMax":4,"Value":1320},{"Length":13,"Height":23,"Demand":0,"DemandMax":4,"Value":897},{"Length":21,"Height":22,"Demand":0,"DemandMax":4,"Value":924},{"Length":6,"Height":26,"Demand":0,"DemandMax":4,"Value":468},{"Length":30,"Height":25,"Demand":0,"DemandMax":4,"Value":1500},{"Length":10,"Height":32,"Demand":0,"DemandMax":4,"Value":320},{"Length":89,"Height":19,"Demand":0,"DemandMax":4,"Value":3382},{"Length":100,"Height":4,"Demand":0,"DemandMax":4,"Value":800},{"Length":100,"Height":20,"Demand":0,"DemandMax":4,"Value":4000},{"Length":29,"Height":6,"Demand":0,"DemandMax":4,"Value":174},{"Length":43,"Height":94,"Demand":0,"DemandMax":4,"Value":8084},{"Length":33,"Height":20,"Demand":0,"DemandMax":4,"Value":1320},{"Length":66,"Height":86,"Demand":0,"DemandMax":4,"Value":5676},{"Length":4,"Height":20,"Demand":0,"DemandMax":8,"Value":240},{"Length":78,"Height":47,"Demand":0,"DemandMax":4,"Value":10998},{"Length":33,"Height":37,"Demand":0,"DemandMax":4,"Value":3663},{"Length":82,"Height":91,"Demand":0,"DemandMax":8,"Value":7462},{"Length":89,"Height":39,"Demand":0,"DemandMax":4,"Value":3471},{"Length":90,"Height":10,"Demand":0,"DemandMax":4,"Value":900},{"Length":37,"Height":4,"Demand":0,"DemandMax":4,"Value":296},{"Length":92,"Height":95,"Demand":0,"DemandMax":4,"Value":17480},{"Length":34,"Height":18,"Demand":0,"DemandMax":4,"Value":1224},{"Length":22,"Height":83,"Demand":0,"DemandMax":4,"Value":3652},{"Length":85,"Height":40,"Demand":0,"DemandMax":4,"Value":3400},{"Length":98,"Height":94,"Demand":0,"DemandMax":4,"Value":18424},{"Length":48,"Height":93,"Demand":0,"DemandMax":4,"Value":4464},{"Length":16,"Height":29,"Demand":0,"DemandMax":4,"Value":928},{"Length":85,"Height":42,"Demand":0,"DemandMax":4,"Value":10710},{"Length":39,"Height":44,"Demand":0,"DemandMax":4,"Value":5148},{"Length":49,"Height":33,"Demand":0,"DemandMax":4,"Value":1617},{"Length":78,"Height":41,"Demand":0,"DemandMax":4,"Value":3198},{"Length":29,"Height":4,"Demand":0,"DemandMax":4,"Value":232},{"Length":25,"Height":91,"Demand":0,"DemandMax":4,"Value":2275},{"Length":14,"Height":15,"Demand":0,"DemandMax":4,"Value":630},{"Length":47,"Height":21,"Demand":0,"DemandMax":4,"Value":987},{"Length":39,"Height":19,"Demand":0,"DemandMax":4,"Value":741},{"Length":88,"Height":29,"Demand":0,"DemandMax":4,"Value":5104},{"Length":3,"Height":87,"Demand":0,"DemandMax":4,"Value":261},{"Length":93,"Height":39,"Demand":0,"DemandMax":4,"Value":10881},{"Length":3,"Height":42,"Demand":0,"DemandMax":4,"Value":126},{"Length":9,"Height":6,"Demand":0,"DemandMax":4,"Value":108},{"Length":44,"Height":17,"Demand":0,"DemandMax":4,"Value":1496},{"Length":45,"Height":85,"Demand":0,"DemandMax":4,"Value":7650},{"Length":40,"Height":91,"Demand":0,"DemandMax":4,"Value":10920},{"Length":82,"Height":32,"Demand":0,"DemandMax":4,"Value":7872},{"Length":47,"Height":24,"Demand":0,"DemandMax":4,"Value":1128},{"Length":95,"Height":37,"Demand":0,"DemandMax":4,"Value":10545},{"Length":41,"Height":26,"Demand":0,"DemandMax":4,"Value":3198},{"Length":46,"Height":13,"Demand":0,"DemandMax":8,"Value":1794},{"Length":76,"Height":2,"Demand":0,"DemandMax":4,"Value":456},{"Length":11,"Height":2,"Demand":0,"DemandMax":4,"Value":22},{"Length":45,"Height":38,"Demand":0,"DemandMax":4,"Value":3420},{"Length":19,"Height":30,"Demand":0,"DemandMax":4,"Value":1140},{"Length":41,"Height":36,"Demand":0,"DemandMax":4,"Value":2952},{"Length":24,"Height":85,"Demand":0,"DemandMax":4,"Value":6120},{"Length":32,"Height":92,"Demand":0,"DemandMax":4,"Value":8832},{"Length":41,"Height":29,"Demand":0,"DemandMax":4,"Value":3567},{"Length":85,"Height":7,"Demand":0,"DemandMax":4,"Value":1190},{"Length":36,"Height":29,"Demand":0,"DemandMax":4,"Value":1044},{"Length":20,"Height":23,"Demand":0,"DemandMax":4,"Value":1380},{"Length":31,"Height":30,"Demand":0,"DemandMax":4,"Value":2790},{"Length":20,"Height":94,"Demand":0,"DemandMax":4,"Value":5640},{"Length":80,"Height":84,"Demand":0,"DemandMax":4,"Value":13440},{"Length":3,"Height":33,"Demand":0,"DemandMax":4,"Value":99},{"Length":50,"Height":10,"Demand":0,"DemandMax":4,"Value":1000},{"Length":56,"Height":84,"Demand":0,"DemandMax":4,"Value":9408},{"Length":56,"Height":77,"Demand":0,"DemandMax":4,"Value":8624},{"Length":61,"Height":51,"Demand":0,"DemandMax":4,"Value":3111},{"Length":52,"Height":76,"Demand":0,"DemandMax":4,"Value":3952},{"Length":9,"Height":25,"Demand":0,"DemandMax":4,"Value":450},{"Length":29,"Height":49,"Demand":0,"DemandMax":4,"Value":2842},{"Length":27,"Height":32,"Demand":0,"DemandMax":4,"Value":2592},{"Length":46,"Height":89,"Demand":0,"DemandMax":4,"Value":12282},{"Length":84,"Height":9,"Demand":0,"DemandMax":4,"Value":1512},{"Length":4,"Height":13,"Demand":0,"DemandMax":4,"Value":156},{"Length":95,"Height":50,"Demand":0,"DemandMax":4,"Value":9500},{"Length":79,"Height":25,"Demand":0,"DemandMax":4,"Value":3950},{"Length":87,"Height":76,"Demand":0,"DemandMax":4,"Value":19836},{"Length":3,"Height":42,"Demand":0,"DemandMax":4,"Value":378},{"Length":53,"Height":71,"Demand":0,"DemandMax":4,"Value":7526},{"Length":88,"Height":31,"Demand":0,"DemandMax":4,"Value":8184},{"Length":16,"Height":30,"Demand":0,"DemandMax":4,"Value":480},{"Length":83,"Height":50,"Demand":0,"DemandMax":4,"Value":4150},{"Length":68,"Height":68,"Demand":0,"DemandMax":4,"Value":9248},{"Length":7,"Height":41,"Demand":0,"DemandMax":4,"Value":574},{"Length":89,"Height":9,"Demand":0,"DemandMax":4,"Value":1602},{"Length":58,"Height":97,"Demand":0,"DemandMax":4,"Value":11252},{"Length":88,"Height":41,"Demand":0,"DemandMax":4,"Value":7216},{"Length":22,"Height":38,"Demand":0,"DemandMax":4,"Value":2508},{"Length":80,"Height":15,"Demand":0,"DemandMax":4,"Value":1200},{"Length":51,"Height":98,"Demand":0,"DemandMax":4,"Value":9996},{"Length":87,"Height":38,"Demand":0,"DemandMax":4,"Value":6612},{"Length":42,"Height":16,"Demand":0,"DemandMax":4,"Value":1344},{"Length":6,"Height":2,"Demand":0,"DemandMax":4,"Value":24},{"Length":88,"Height":27,"Demand":0,"DemandMax":4,"Value":4752},{"Length":79,"Height":97,"Demand":0,"DemandMax":4,"Value":7663},{"Length":92,"Height":20,"Demand":0,"DemandMax":4,"Value":1840},{"Length":73,"Height":56,"Demand":0,"DemandMax":4,"Value":8176},{"Length":92,"Height":35,"Demand":0,"DemandMax":4,"Value":9660},{"Length":95,"Height":92,"Demand":0,"DemandMax":4,"Value":17480},{"Length":12,"Height":81,"Demand":0,"DemandMax":8,"Value":972},{"Length":26,"Height":36,"Demand":0,"DemandMax":4,"Value":2808},{"Length":90,"Height":37,"Demand":0,"DemandMax":4,"Value":6660},{"Length":3,"Height":45,"Demand":0,"DemandMax":4,"Value":405},{"Length":39,"Height":84,"Demand":0,"DemandMax":4,"Value":3276},{"Length":16,"Height":28,"Demand":0,"DemandMax":4,"Value":896},{"Length":85,"Height":24,"Demand":0,"DemandMax":4,"Value":4080},{"Length":47,"Height":87,"Demand":0,"DemandMax":4,"Value":8178},{"Length":26,"Height":91,"Demand":0,"DemandMax":4,"Value":4732},{"Length":50,"Height":87,"Demand":0,"DemandMax":4,"Value":8700},{"Length":85,"Height":24,"Demand":0,"DemandMax":4,"Value":6120},{"Length":30,"Height":83,"Demand":0,"DemandMax":4,"Value":2490},{"Length":59,"Height":58,"Demand":0,"DemandMax":4,"Value":6844},{"Length":69,"Height":98,"Demand":0,"DemandMax":4,"Value":20286},{"Length":3,"Height":21,"Demand":0,"DemandMax":4,"Value":63},{"Length":45,"Height":3,"Demand":0,"DemandMax":4,"Value":270},{"Length":32,"Height":46,"Demand":0,"DemandMax":4,"Value":4416},{"Length":16,"Height":76,"Demand":0,"DemandMax":4,"Value":3648},{"Length":78,"Height":25,"Demand":0,"DemandMax":4,"Value":3900},{"Length":41,"Height":12,"Demand":0,"DemandMax":4,"Value":492},{"Length":34,"Height":47,"Demand":0,"DemandMax":4,"Value":1598},{"Length":88,"Height":17,"Demand":0,"DemandMax":4,"Value":1496},{"Length":33,"Height":10,"Demand":0,"DemandMax":4,"Value":990},{"Length":7,"Height":37,"Demand":0,"DemandMax":4,"Value":777},{"Length":37,"Height":93,"Demand":0,"DemandMax":4,"Value":3441},{"Length":66,"Height":91,"Demand":0,"DemandMax":4,"Value":12012},{"Length":49,"Height":82,"Demand":0,"DemandMax":4,"Value":12054},{"Length":26,"Height":18,"Demand":0,"DemandMax":4,"Value":468},{"Length":10,"Height":97,"Demand":0,"DemandMax":4,"Value":970},{"Length":37,"Height":21,"Demand":0,"DemandMax":4,"Value":1554},{"Length":77,"Height":54,"Demand":0,"DemandMax":4,"Value":12474},{"Length":47,"Height":90,"Demand":0,"DemandMax":4,"Value":12690},{"Length":37,"Height":22,"Demand":0,"DemandMax":4,"Value":814},{"Length":31,"Height":94,"Demand":0,"DemandMax":4,"Value":2914},{"Length":48,"Height":15,"Demand":0,"DemandMax":4,"Value":1440},{"Length":16,"Height":29,"Demand":0,"DemandMax":4,"Value":1392},{"Length":83,"Height":73,"Demand":0,"DemandMax":4,"Value":18177},{"Length":27,"Height":9,"Demand":0,"DemandMax":4,"Value":243},{"Length":88,"Height":9,"Demand":0,"DemandMax":4,"Value":2376},{"Length":21,"Height":94,"Demand":0,"DemandMax":4,"Value":3948},{"Length":35,"Height":87,"Demand":0,"DemandMax":4,"Value":6090},{"Length":98,"Height":93,"Demand":0,"DemandMax":4,"Value":27342},{"Length":23,"Height":50,"Demand":0,"DemandMax":4,"Value":2300},{"Length":10,"Height":20,"Demand":0,"DemandMax":4,"Value":200},{"Length":17,"Height":88,"Demand":0,"DemandMax":4,"Value":4488},{"Length":30,"Height":79,"Demand":0,"DemandMax":4,"Value":2370},{"Length":76,"Height":79,"Demand":0,"DemandMax":4,"Value":6004},{"Length":39,"Height":77,"Demand":0,"DemandMax":4,"Value":6006},{"Length":64,"Height":76,"Demand":0,"DemandMax":4,"Value":9728},{"Length":35,"Height":86,"Demand":0,"DemandMax":8,"Value":9030},{"Length":22,"Height":98,"Demand":0,"DemandMax":4,"Value":4312},{"Length":47,"Height":92,"Demand":0,"DemandMax":4,"Value":8648},{"Length":46,"Height":8,"Demand":0,"DemandMax":4,"Value":736},{"Length":44,"Height":36,"Demand":0,"DemandMax":4,"Value":1584},{"Length":72,"Height":98,"Demand":0,"DemandMax":4,"Value":21168},{"Length":18,"Height":17,"Demand":0,"DemandMax":4,"Value":306},{"Length":16,"Height":93,"Demand":0,"DemandMax":4,"Value":1488},{"Length":34,"Height":40,"Demand":0,"DemandMax":4,"Value":4080},{"Length":32,"Height":26,"Demand":0,"DemandMax":8,"Value":2496},{"Length":68,"Height":75,"Demand":0,"DemandMax":4,"Value":10200},{"Length":97,"Height":46,"Demand":0,"DemandMax":4,"Value":8924},{"Length":43,"Height":28,"Demand":0,"DemandMax":4,"Value":3612},{"Length":38,"Height":22,"Demand":0,"DemandMax":4,"Value":836},{"Length":4,"Height":21,"Demand":0,"DemandMax":4,"Value":84},{"Length":43,"Height":49,"Demand":0,"DemandMax":4,"Value":2107},{"Length":15,"Height":90,"Demand":0,"DemandMax":8,"Value":2700},{"Length":34,"Height":10,"Demand":0,"DemandMax":4,"Value":1020},{"Length":88,"Height":18,"Demand":0,"DemandMax":4,"Value":4752},{"Length":12,"Height":94,"Demand":0,"DemandMax":4,"Value":2256},{"Length":71,"Height":76,"Demand":0,"DemandMax":4,"Value":16188},{"Length":77,"Height":8,"Demand":0,"DemandMax":4,"Value":616},{"Length":50,"Height":26,"Demand":0,"DemandMax":4,"Value":3900},{"Length":29,"Height":41,"Demand":0,"DemandMax":4,"Value":2378},{"Length":32,"Height":93,"Demand":0,"DemandMax":4,"Value":8928},{"Length":25,"Height":94,"Demand":0,"DemandMax":4,"Value":7050},{"Length":94,"Height":8,"Demand":0,"DemandMax":4,"Value":752},{"Length":76,"Height":41,"Demand":0,"DemandMax":4,"Value":3116},{"Length":97,"Height":37,"Demand":0,"DemandMax":4,"Value":3589},{"Length":72,"Height":92,"Demand":0,"DemandMax":4,"Value":13248},{"Length":88,"Height":76,"Demand":0,"DemandMax":4,"Value":20064},{"Length":83,"Height":58,"Demand":0,"DemandMax":4,"Value":9628},{"Length":82,"Height":93,"Demand":0,"DemandMax":4,"Value":22878},{"Length":41,"Height":18,"Demand":0,"DemandMax":4,"Value":1476},{"Length":8,"Height":47,"Demand":0,"DemandMax":4,"Value":752},{"Length":92,"Height":14,"Demand":0,"DemandMax":4,"Value":3864},{"Length":37,"Height":4,"Demand":0,"DemandMax":4,"Value":444},{"Length":77,"Height":93,"Demand":0,"DemandMax":4,"Value":14322},{"Length":6,"Height":81,"Demand":0,"DemandMax":4,"Value":486},{"Length":92,"Height":39,"Demand":0,"DemandMax":4,"Value":3588},{"Length":90,"Height":90,"Demand":0,"DemandMax":4,"Value":8100},{"Length":2,"Height":26,"Demand":0,"DemandMax":4,"Value":104},{"Length":84,"Height":2,"Demand":0,"DemandMax":4,"Value":336},{"Length":31,"Height":4,"Demand":0,"DemandMax":4,"Value":248},{"Length":95,"Height":24,"Demand":0,"DemandMax":4,"Value":2280},{"Length":88,"Height":34,"Demand":0,"DemandMax":4,"Value":8976},{"Length":42,"Height":94,"Demand":0,"DemandMax":4,"Value":3948},{"Length":2,"Height":20,"Demand":0,"DemandMax":4,"Value":40},{"Length":48,"Height":91,"Demand":0,"DemandMax":4,"Value":8736},{"Length":88,"Height":76,"Demand":0,"DemandMax":4,"Value":13376},{"Length":35,"Height":20,"Demand":0,"DemandMax":4,"Value":1400},{"Length":68,"Height":89,"Demand":0,"DemandMax":4,"Value":12104},{"Length":8,"Height":37,"Demand":0,"DemandMax":4,"Value":296},{"Length":48,"Height":86,"Demand":0,"DemandMax":4,"Value":4128},{"Length":12,"Height":77,"Demand":0,"DemandMax":4,"Value":2772},{"Length":17,"Height":99,"Demand":0,"DemandMax":4,"Value":3366},{"Length":58,"Height":57,"Demand":0,"DemandMax":4,"Value":6612},{"Length":34,"Height":32,"Demand":0,"DemandMax":4,"Value":3264},{"Length":100,"Height":43,"Demand":0,"DemandMax":4,"Value":8600},{"Length":78,"Height":32,"Demand":0,"DemandMax":4,"Value":4992},{"Length":57,"Height":82,"Demand":0,"DemandMax":4,"Value":4674},{"Length":25,"Height":92,"Demand":0,"DemandMax":4,"Value":6900},{"Length":91,"Height":77,"Demand":0,"DemandMax":4,"Value":7007},{"Length":45,"Height":4,"Demand":0,"DemandMax":4,"Value":540},{"Length":96,"Height":91,"Demand":0,"DemandMax":4,"Value":17472},{"Length":20,"Height":93,"Demand":0,"DemandMax":4,"Value":3720},{"Length":88,"Height":35,"Demand":0,"DemandMax":4,"Value":3080},{"Length":88,"Height":87,"Demand":0,"DemandMax":4,"Value":22968},{"Length":43,"Height":40,"Demand":0,"DemandMax":4,"Value":3440},{"Length":50,"Height":25,"Demand":0,"DemandMax":4,"Value":3750},{"Length":27,"Height":11,"Demand":0,"DemandMax":4,"Value":891},{"Length":33,"Height":85,"Demand":0,"DemandMax":4,"Value":8415},{"Length":14,"Height":34,"Demand":0,"DemandMax":4,"Value":476},{"Length":26,"Height":23,"Demand":0,"DemandMax":4,"Value":1196},{"Length":84,"Height":68,"Demand":0,"DemandMax":4,"Value":17136},{"Length":5,"Height":32,"Demand":0,"DemandMax":4,"Value":320},{"Length":46,"Height":24,"Demand":0,"DemandMax":4,"Value":2208},{"Length":16,"Height":46,"Demand":0,"DemandMax":4,"Value":2208},{"Length":98,"Height":66,"Demand":0,"DemandMax":4,"Value":12936},{"Length":19,"Height":17,"Demand":0,"DemandMax":4,"Value":323},{"Length":58,"Height":68,"Demand":0,"DemandMax":4,"Value":7888},{"Length":21,"Height":26,"Demand":0,"DemandMax":4,"Value":546},{"Length":99,"Height":4,"Demand":0,"DemandMax":4,"Value":792},{"Length":32,"Height":9,"Demand":0,"DemandMax":4,"Value":288},{"Length":34,"Height":83,"Demand":0,"DemandMax":4,"Value":5644},{"Length":4,"Height":94,"Demand":0,"DemandMax":4,"Value":1128},{"Length":29,"Height":17,"Demand":0,"DemandMax":4,"Value":1479},{"Length":95,"Height":33,"Demand":0,"DemandMax":4,"Value":3135},{"Length":13,"Height":7,"Demand":0,"DemandMax":4,"Value":91},{"Length":96,"Height":39,"Demand":0,"DemandMax":4,"Value":3744},{"Length":95,"Height":8,"Demand":0,"DemandMax":4,"Value":1520},{"Length":71,"Height":64,"Demand":0,"DemandMax":4,"Value":4544},{"Length":21,"Height":40,"Demand":0,"DemandMax":4,"Value":2520},{"Length":77,"Height":4,"Demand":0,"DemandMax":4,"Value":308},{"Length":3,"Height":34,"Demand":0,"DemandMax":4,"Value":306},{"Length":81,"Height":41,"Demand":0,"DemandMax":4,"Value":6642},{"Length":28,"Height":2,"Demand":0,"DemandMax":4,"Value":168},{"Length":90,"Height":27,"Demand":0,"DemandMax":4,"Value":7290},{"Length":78,"Height":15,"Demand":0,"DemandMax":4,"Value":3510},{"Length":36,"Height":46,"Demand":0,"DemandMax":4,"Value":3312},{"Length":33,"Height":15,"Demand":0,"DemandMax":4,"Value":495},{"Length":78,"Height":23,"Demand":0,"DemandMax":4,"Value":3588},{"Length":77,"Height":11,"Demand":0,"DemandMax":4,"Value":2541},{"Length":5,"Height":76,"Demand":0,"DemandMax":4,"Value":380},{"Length":33,"Height":35,"Demand":0,"DemandMax":4,"Value":2310},{"Length":47,"Height":85,"Demand":0,"DemandMax":4,"Value":3995},{"Length":94,"Height":24,"Demand":0,"DemandMax":4,"Value":2256},{"Length":50,"Height":96,"Demand":0,"DemandMax":4,"Value":14400},{"Length":38,"Height":14,"Demand":0,"DemandMax":4,"Value":532},{"Length":39,"Height":42,"Demand":0,"DemandMax":4,"Value":4914},{"Length":28,"Height":95,"Demand":0,"DemandMax":4,"Value":7980},{"Length":79,"Height":84,"Demand":0,"DemandMax":4,"Value":19908},{"Length":9,"Height":94,"Demand":0,"DemandMax":4,"Value":2538},{"Length":56,"Height":67,"Demand":0,"DemandMax":4,"Value":3752},{"Length":81,"Height":27,"Demand":0,"DemandMax":4,"Value":6561},{"Length":10,"Height":26,"Demand":0,"DemandMax":4,"Value":260},{"Length":73,"Height":84,"Demand":0,"DemandMax":4,"Value":6132},{"Length":26,"Height":42,"Demand":0,"DemandMax":4,"Value":1092},{"Length":89,"Height":6,"Demand":0,"DemandMax":4,"Value":1068},{"Length":9,"Height":84,"Demand":0,"DemandMax":4,"Value":2268},{"Length":29,"Height":14,"Demand":0,"DemandMax":4,"Value":812},{"Length":83,"Height":62,"Demand":0,"DemandMax":4,"Value":5146},{"Length":99,"Height":2,"Demand":0,"DemandMax":4,"Value":198},{"Length":3,"Height":9,"Demand":0,"DemandMax":4,"Value":81},{"Length":91,"Height":49,"Demand":0,"DemandMax":4,"Value":4459},{"Length":13,"Height":9,"Demand":0,"DemandMax":4,"Value":351},{"Length":44,"Height":43,"Demand":0,"DemandMax":4,"Value":3784},{"Length":21,"Height":85,"Demand":0,"DemandMax":4,"Value":3570},{"Length":37,"Height":41,"Demand":0,"DemandMax":4,"Value":3034},{"Length":76,"Height":37,"Demand":0,"DemandMax":4,"Value":5624},{"Length":32,"Height":19,"Demand":0,"DemandMax":4,"Value":608},{"Length":27,"Height":100,"Demand":0,"DemandMax":4,"Value":8100},{"Length":39,"Height":31,"Demand":0,"DemandMax":4,"Value":3627},{"Length":36,"Height":88,"Demand":0,"DemandMax":4,"Value":9504},{"Length":100,"Height":100,"Demand":0,"DemandMax":4,"Value":10000},{"Length":26,"Height":6,"Demand":0,"DemandMax":8,"Value":312},{"Length":95,"Height":44,"Demand":0,"DemandMax":4,"Value":4180},{"Length":75,"Height":55,"Demand":0,"DemandMax":4,"Value":12375},{"Length":91,"Height":70,"Demand":0,"DemandMax":4,"Value":19110},{"Length":90,"Height":99,"Demand":0,"DemandMax":4,"Value":17820},{"Length":12,"Height":39,"Demand":0,"DemandMax":4,"Value":1404},{"Length":86,"Height":83,"Demand":0,"DemandMax":4,"Value":21414},{"Length":49,"Height":44,"Demand":0,"DemandMax":4,"Value":2156},{"Length":42,"Height":24,"Demand":0,"DemandMax":4,"Value":3024},{"Length":9,"Height":25,"Demand":0,"DemandMax":4,"Value":225},{"Length":39,"Height":45,"Demand":0,"DemandMax":4,"Value":1755},{"Length":38,"Height":85,"Demand":0,"DemandMax":4,"Value":3230},{"Length":61,"Height":92,"Demand":0,"DemandMax":4,"Value":5612},{"Length":50,"Height":19,"Demand":0,"DemandMax":4,"Value":950},{"Length":88,"Height":92,"Demand":0,"DemandMax":4,"Value":16192},{"Length":69,"Height":76,"Demand":0,"DemandMax":4,"Value":5244},{"Length":70,"Height":89,"Demand":0,"DemandMax":4,"Value":6230},{"Length":80,"Height":19,"Demand":0,"DemandMax":4,"Value":1520},{"Length":3,"Height":16,"Demand":0,"DemandMax":4,"Value":144},{"Length":91,"Height":15,"Demand":0,"DemandMax":4,"Value":4095},{"Length":64,"Height":88,"Demand":0,"DemandMax":4,"Value":16896},{"Length":8,"Height":34,"Demand":0,"DemandMax":4,"Value":272},{"Length":74,"Height":79,"Demand":0,"DemandMax":4,"Value":17538},{"Length":89,"Height":63,"Demand":0,"DemandMax":4,"Value":11214},{"Length":20,"Height":15,"Demand":0,"DemandMax":4,"Value":900},{"Length":8,"Height":76,"Demand":0,"DemandMax":4,"Value":1216},{"Length":98,"Height":24,"Demand":0,"DemandMax":4,"Value":4704},{"Length":50,"Height":4,"Demand":0,"DemandMax":4,"Value":200},{"Length":18,"Height":76,"Demand":0,"DemandMax":4,"Value":4104},{"Length":28,"Height":90,"Demand":0,"DemandMax":4,"Value":5040},{"Length":5,"Height":2,"Demand":0,"DemandMax":4,"Value":10},{"Length":58,"Height":82,"Demand":0,"DemandMax":4,"Value":9512},{"Length":44,"Height":90,"Demand":0,"DemandMax":4,"Value":7920},{"Length":76,"Height":40,"Demand":0,"DemandMax":8,"Value":3040},{"Length":66,"Height":82,"Demand":0,"DemandMax":4,"Value":10824},{"Length":68,"Height":82,"Demand":0,"DemandMax":4,"Value":16728},{"Length":64,"Height":74,"Demand":0,"DemandMax":4,"Value":4736},{"Length":95,"Height":71,"Demand":0,"DemandMax":4,"Value":13490},{"Length":86,"Height":92,"Demand":0,"DemandMax":4,"Value":15824},{"Length":53,"Height":67,"Demand":0,"DemandMax":4,"Value":7102},{"Length":61,"Height":77,"Demand":0,"DemandMax":4,"Value":9394},{"Length":21,"Height":28,"Demand":0,"DemandMax":4,"Value":1176},{"Length":13,"Height":77,"Demand":0,"DemandMax":4,"Value":3003},{"Length":77,"Height":43,"Demand":0,"DemandMax":4,"Value":9933},{"Length":61,"Height":55,"Demand":0,"DemandMax":4,"Value":6710},{"Length":95,"Height":27,"Demand":0,"DemandMax":4,"Value":5130},{"Length":91,"Height":43,"Demand":0,"DemandMax":4,"Value":7826},{"Length":90,"Height":10,"Demand":0,"DemandMax":4,"Value":2700},{"Length":97,"Height":26,"Demand":0,"DemandMax":4,"Value":2522},{"Length":91,"Height":63,"Demand":0,"DemandMax":4,"Value":5733},{"Length":85,"Height":100,"Demand":0,"DemandMax":4,"Value":8500},{"Length":89,"Height":41,"Demand":0,"DemandMax":4,"Value":7298},{"Length":3,"Height":48,"Demand":0,"DemandMax":4,"Value":144},{"Length":19,"Height":2,"Demand":0,"DemandMax":4,"Value":76},{"Length":90,"Height":2,"Demand":0,"DemandMax":4,"Value":180},{"Length":13,"Height":32,"Demand":0,"DemandMax":4,"Value":1248},{"Length":89,"Height":72,"Demand":0,"DemandMax":4,"Value":19224},{"Length":22,"Height":24,"Demand":0,"DemandMax":4,"Value":1056},{"Length":87,"Height":9,"Demand":0,"DemandMax":4,"Value":1566},{"Length":16,"Height":30,"Demand":0,"DemandMax":4,"Value":1440},{"Length":92,"Height":86,"Demand":0,"DemandMax":4,"Value":7912},{"Length":18,"Height":19,"Demand":0,"DemandMax":4,"Value":342},{"Length":8,"Height":33,"Demand":0,"DemandMax":4,"Value":792},{"Length":67,"Height":59,"Demand":0,"DemandMax":4,"Value":11859},{"Length":17,"Height":2,"Demand":0,"DemandMax":4,"Value":34},{"Length":30,"Height":31,"Demand":0,"DemandMax":4,"Value":930},{"Length":98,"Height":2,"Demand":0,"DemandMax":4,"Value":392},{"Length":81,"Height":58,"Demand":0,"DemandMax":4,"Value":4698},{"Length":11,"Height":83,"Demand":0,"DemandMax":4,"Value":2739},{"Length":34,"Height":22,"Demand":0,"DemandMax":4,"Value":1496},{"Length":46,"Height":84,"Demand":0,"DemandMax":4,"Value":3864},{"Length":82,"Height":95,"Demand":0,"DemandMax":4,"Value":15580},{"Length":92,"Height":27,"Demand":0,"DemandMax":4,"Value":4968},{"Length":57,"Height":87,"Demand":0,"DemandMax":4,"Value":4959},{"Length":97,"Height":32,"Demand":0,"DemandMax":4,"Value":3104},{"Length":6,"Height":11,"Demand":0,"DemandMax":4,"Value":198},{"Length":3,"Height":33,"Demand":0,"DemandMax":4,"Value":198},{"Length":57,"Height":91,"Demand":0,"DemandMax":4,"Value":15561},{"Length":16,"Height":100,"Demand":0,"DemandMax":4,"Value":4800},{"Length":16,"Height":11,"Demand":0,"DemandMax":4,"Value":176},{"Length":22,"Height":96,"Demand":0,"DemandMax":4,"Value":2112},{"Length":33,"Height":38,"Demand":0,"DemandMax":4,"Value":2508},{"Length":97,"Height":3,"Demand":0,"DemandMax":4,"Value":291},{"Length":2,"Height":100,"Demand":0,"DemandMax":4,"Value":600},{"Length":55,"Height":67,"Demand":0,"DemandMax":4,"Value":3685},{"Length":54,"Height":64,"Demand":0,"DemandMax":4,"Value":3456},{"Length":3,"Height":27,"Demand":0,"DemandMax":4,"Value":162},{"Length":76,"Height":20,"Demand":0,"DemandMax":4,"Value":3040},{"Length":41,"Height":83,"Demand":0,"DemandMax":4,"Value":6806},{"Length":16,"Height":41,"Demand":0,"DemandMax":4,"Value":1312},{"Length":84,"Height":47,"Demand":0,"DemandMax":4,"Value":7896},{"Length":13,"Height":36,"Demand":0,"DemandMax":4,"Value":1404},{"Length":49,"Height":19,"Demand":0,"DemandMax":4,"Value":2793},{"Length":89,"Height":46,"Demand":0,"DemandMax":4,"Value":12282},{"Length":85,"Height":85,"Demand":0,"DemandMax":4,"Value":21675},{"Length":100,"Height":31,"Demand":0,"DemandMax":4,"Value":9300},{"Length":87,"Height":32,"Demand":0,"DemandMax":4,"Value":5568},{"Length":80,"Height":98,"Demand":0,"DemandMax":4,"Value":23520},{"Length":14,"Height":43,"Demand":0,"DemandMax":4,"Value":1204},{"Length":76,"Height":2,"Demand":0,"DemandMax":4,"Value":304},{"Length":3,"Height":92,"Demand":0,"DemandMax":4,"Value":276},{"Length":34,"Height":25,"Demand":0,"DemandMax":4,"Value":2550},{"Length":86,"Height":58,"Demand":0,"DemandMax":4,"Value":9976},{"Length":8,"Height":12,"Demand":0,"DemandMax":4,"Value":288},{"Length":60,"Height":88,"Demand":0,"DemandMax":4,"Value":5280},{"Length":31,"Height":83,"Demand":0,"DemandMax":4,"Value":2573},{"Length":43,"Height":15,"Demand":0,"DemandMax":4,"Value":645},{"Length":79,"Height":49,"Demand":0,"DemandMax":4,"Value":7742},{"Length":27,"Height":25,"Demand":0,"DemandMax":4,"Value":1350},{"Length":89,"Height":61,"Demand":0,"DemandMax":4,"Value":16287},{"Length":36,"Height":36,"Demand":0,"DemandMax":4,"Value":1296},{"Length":4,"Height":76,"Demand":0,"DemandMax":4,"Value":608},{"Length":69,"Height":52,"Demand":0,"DemandMax":4,"Value":7176},{"Length":5,"Height":77,"Demand":0,"DemandMax":4,"Value":385},{"Length":93,"Height":36,"Demand":0,"DemandMax":4,"Value":10044},{"Length":54,"Height":68,"Demand":0,"DemandMax":4,"Value":7344},{"Length":15,"Height":16,"Demand":0,"DemandMax":4,"Value":720},{"Length":19,"Height":85,"Demand":0,"DemandMax":4,"Value":1615},{"Length":49,"Height":26,"Demand":0,"DemandMax":4,"Value":2548},{"Length":39,"Height":90,"Demand":0,"DemandMax":4,"Value":7020},{"Length":81,"Height":27,"Demand":0,"DemandMax":4,"Value":2187},{"Length":95,"Height":72,"Demand":0,"DemandMax":4,"Value":13680},{"Length":30,"Height":14,"Demand":0,"DemandMax":4,"Value":1260},{"Length":27,"Height":27,"Demand":0,"DemandMax":4,"Value":1458},{"Length":15,"Height":93,"Demand":0,"DemandMax":4,"Value":2790},{"Length":31,"Height":9,"Demand":0,"DemandMax":4,"Value":837},{"Length":20,"Height":42,"Demand":0,"DemandMax":4,"Value":840},{"Length":5,"Height":94,"Demand":0,"DemandMax":4,"Value":1410},{"Length":55,"Height":97,"Demand":0,"DemandMax":4,"Value":16005},{"Length":83,"Height":100,"Demand":0,"DemandMax":4,"Value":24900},{"Length":40,"Height":19,"Demand":0,"DemandMax":4,"Value":2280},{"Length":32,"Height":13,"Demand":0,"DemandMax":4,"Value":416},{"Length":23,"Height":37,"Demand":0,"DemandMax":4,"Value":1702},{"Length":90,"Height":29,"Demand":0,"DemandMax":4,"Value":5220},{"Length":10,"Height":38,"Demand":0,"DemandMax":4,"Value":1140},{"Length":61,"Height":81,"Demand":0,"DemandMax":4,"Value":4941},{"Length":14,"Height":24,"Demand":0,"DemandMax":4,"Value":1008},{"Length":9,"Height":16,"Demand":0,"DemandMax":4,"Value":288},{"Length":8,"Height":20,"Demand":0,"DemandMax":4,"Value":160},{"Length":43,"Height":98,"Demand":0,"DemandMax":4,"Value":8428},{"Length":31,"Height":16,"Demand":0,"DemandMax":4,"Value":496},{"Length":72,"Height":77,"Demand":0,"DemandMax":4,"Value":11088},{"Length":51,"Height":82,"Demand":0,"DemandMax":4,"Value":4182},{"Length":93,"Height":29,"Demand":0,"DemandMax":4,"Value":2697},{"Length":37,"Height":38,"Demand":0,"DemandMax":4,"Value":2812},{"Length":89,"Height":56,"Demand":0,"DemandMax":4,"Value":4984},{"Length":17,"Height":21,"Demand":0,"DemandMax":4,"Value":357},{"Length":37,"Height":9,"Demand":0,"DemandMax":4,"Value":666},{"Length":53,"Height":89,"Demand":0,"DemandMax":4,"Value":14151},{"Length":91,"Height":58,"Demand":0,"DemandMax":4,"Value":5278},{"Length":22,"Height":36,"Demand":0,"DemandMax":4,"Value":792},{"Length":11,"Height":99,"Demand":0,"DemandMax":4,"Value":1089},{"Length":87,"Height":28,"Demand":0,"DemandMax":4,"Value":4872},{"Length":9,"Height":17,"Demand":0,"DemandMax":4,"Value":153},{"Length":13,"Height":48,"Demand":0,"DemandMax":4,"Value":1248},{"Length":19,"Height":49,"Demand":0,"DemandMax":4,"Value":2793},{"Length":91,"Height":18,"Demand":0,"DemandMax":4,"Value":1638},{"Length":4,"Height":44,"Demand":0,"DemandMax":4,"Value":176},{"Length":22,"Height":99,"Demand":0,"DemandMax":4,"Value":4356},{"Length":15,"Height":85,"Demand":0,"DemandMax":4,"Value":3825},{"Length":82,"Height":34,"Demand":0,"DemandMax":4,"Value":2788},{"Length":38,"Height":97,"Demand":0,"DemandMax":4,"Value":3686},{"Length":12,"Height":36,"Demand":0,"DemandMax":4,"Value":1296},{"Length":92,"Height":45,"Demand":0,"DemandMax":4,"Value":4140},{"Length":4,"Height":13,"Demand":0,"DemandMax":4,"Value":104},{"Length":34,"Height":35,"Demand":0,"DemandMax":4,"Value":1190}]}