{"Name":"ngcutfs1_48","Objects":[{"Length":100,"Height":100,"Stock":null,"Cost":10000}],"Items":[{"Length":32,"Height":31,"Demand":0,"DemandMax":3,"Value":1984},{"Length":54,"Height":88,"Demand":0,"DemandMax":3,"Value":9504},{"Length":24,"Height":95,"Demand":0,"DemandMax":3,"Value":4560},{"Length":88,"Height":80,"Demand":0,"DemandMax":3,"Value":7040},{"Length":40,"Height":85,"Demand":0,"DemandMax":3,"Value":6800},{"Length":34,"Height":9,"Demand":0,"DemandMax":3,"Value":306},{"Length":26,"Height":94,"Demand":0,"DemandMax":3,"Value":4888},{"Length":29,"Height":5,"Demand":0,"DemandMax":3,"Value":145},{"Length":10,"Height":35,"Demand":0,"DemandMax":3,"Value":700},{"Length":3,"Height":79,"Demand":0,"DemandMax":3,"Value":237},{"Length":31,"Height":85,"Demand":0,"DemandMax":3,"Value":5270},{"Length":33,"Height":32,"Demand":0,"DemandMax":3,"Value":3168},{"Length":35,"Height":78,"Demand":0,"DemandMax":3,"Value":8190},{"Length":81,"Height":29,"Demand":0,"DemandMax":3,"Value":4698},{"Length":2,"Height":36,"Demand":0,"DemandMax":3,"Value":216},{"Length":14,"Height":94,"Demand":0,"DemandMax":3,"Value":1316},{"Length":81,"Height":100,"Demand":0,"DemandMax":3,"Value":16200},{"Length":39,"Height":5,"Demand":0,"DemandMax":3,"Value":390},{"Length":50,"Height":89,"Demand":0,"DemandMax":3,"Value":13350},{"Length":91,"Height":55,"Demand":0,"DemandMax":3,"Value":5005},{"Length":75,"Height":84,"Demand":0,"DemandMax":3,"Value":12600},{"Length":100,"Height":39,"Demand":0,"DemandMax":3,"Value":7800},{"Length":98,"Height":25,"Demand":0,"DemandMax":3,"Value":7350},{"Length":39,"Height":24,"Demand":0,"DemandMax":3,"Value":2808},{"Length":33,"Height":13,"Demand":0,"DemandMax":3,"Value":1287},{"Length":41,"Height":95,"Demand":0,"DemandMax":3,"Value":3895},{"Length":16,"Height":17,"Demand":0,"DemandMax":3,"Value":816},{"Length":19,"Height":84,"Demand":0,"DemandMax":3,"Value":4788},{"Length":93,"Height":34,"Demand":0,"DemandMax":3,"Value":3162},{"Length":89,"Height":10,"Demand":0,"DemandMax":3,"Value":2670},{"Length":87,"Height":93,"Demand":0,"DemandMax":3,"Value":8091},{"Length":76,"Height":35,"Demand":0,"DemandMax":3,"Value":2660},{"Length":58,"Height":62,"Demand":0,"DemandMax":3,"Value":7192},{"Length":84,"Height":10,"Demand":0,"DemandMax":3,"Value":840},{"Length":24,"Height":19,"Demand":0,"DemandMax":3,"Value":456},{"Length":4,"Height":46,"Demand":0,"DemandMax":3,"Value":552},{"Length":42,"Height":50,"Demand":0,"DemandMax":3,"Value":2100},{"Length":89,"Height":67,"Demand":0,"DemandMax":3,"Value":5963},{"Length":80,"Height":97,"Demand":0,"DemandMax":3,"Value":23280},{"Length":21,"Height":35,"Demand":0,"DemandMax":3,"Value":1470},{"Length":85,"Height":59,"Demand":0,"DemandMax":3,"Value":15045},{"Length":76,"Height":33,"Demand":0,"DemandMax":3,"Value":5016},{"Length":27,"Height":80,"Demand":0,"DemandMax":3,"Value":2160},{"Length":77,"Height":79,"Demand":0,"DemandMax":3,"Value":12166},{"Length":29,"Height":33,"Demand":0,"DemandMax":3,"Value":1914},{"Length":10,"Height":25,"Demand":0,"DemandMax":3,"Value":250},{"Length":89,"Height":46,"Demand":0,"DemandMax":3,"Value":4094},{"Length":13,"Height":11,"Demand":0,"DemandMax":3,"Value":286},{"Length":79,"Height":9,"Demand":0,"DemandMax":3,"Value":711},{"Length":98,"Height":3,"Demand":0,"DemandMax":3,"Value":294}]}