{"Name":"ngcutfs1_173","Objects":[{"Length":100,"Height":100,"Stock":null,"Cost":10000}],"Items":[{"Length":35,"Height":42,"Demand":0,"DemandMax":4,"Value":2940},{"Length":46,"Height":4,"Demand":0,"DemandMax":4,"Value":552},{"Length":96,"Height":67,"Demand":0,"DemandMax":4,"Value":6432},{"Length":33,"Height":9,"Demand":0,"DemandMax":4,"Value":594},{"Length":86,"Height":23,"Demand":0,"DemandMax":4,"Value":1978},{"Length":96,"Height":22,"Demand":0,"DemandMax":4,"Value":4224},{"Length":43,"Height":30,"Demand":0,"DemandMax":4,"Value":1290},{"Length":25,"Height":6,"Demand":0,"DemandMax":4,"Value":300},{"Length":73,"Height":80,"Demand":0,"DemandMax":4,"Value":17520},{"Length":57,"Height":59,"Demand":0,"DemandMax":4,"Value":6726},{"Length":44,"Height":21,"Demand":0,"DemandMax":4,"Value":1848},{"Length":11,"Height":30,"Demand":0,"DemandMax":4,"Value":990},{"Length":44,"Height":41,"Demand":0,"DemandMax":4,"Value":3608},{"Length":25,"Height":43,"Demand":0,"DemandMax":4,"Value":1075},{"Length":46,"Height":2,"Demand":0,"DemandMax":8,"Value":276},{"Length":16,"Height":14,"Demand":0,"DemandMax":4,"Value":224},{"Length":16,"Height":86,"Demand":0,"DemandMax":4,"Value":1376},{"Length":28,"Height":80,"Demand":0,"DemandMax":4,"Value":6720},{"Length":7,"Height":5,"Demand":0,"DemandMax":4,"Value":105},{"Length":79,"Height":80,"Demand":0,"DemandMax":4,"Value":6320},{"Length":60,"Height":81,"Demand":0,"DemandMax":4,"Value":9720},{"Length":89,"Height":13,"Demand":0,"DemandMax":4,"Value":3471},{"Length":67,"Height":72,"Demand":0,"DemandMax":4,"Value":4824},{"Length":35,"Height":21,"Demand":0,"DemandMax":4,"Value":735},{"Length":4,"Height":40,"Demand":0,"DemandMax":4,"Value":480},{"Length":77,"Height":29,"Demand":0,"DemandMax":4,"Value":6699},{"Length":2,"Height":86,"Demand":0,"DemandMax":4,"Value":516},{"Length":31,"Height":93,"Demand":0,"DemandMax":4,"Value":5766},{"Length":28,"Height":25,"Demand":0,"DemandMax":4,"Value":1400},{"Length":28,"Height":23,"Demand":0,"DemandMax":4,"Value":1288},{"Length":34,"Height":12,"Demand":0,"DemandMax":4,"Value":816},{"Length":18,"Height":16,"Demand":0,"DemandMax":4,"Value":576},{"Length":30,"Height":34,"Demand":0,"DemandMax":4,"Value":2040},{"Length":2,"Height":5,"Demand":0,"DemandMax":4,"Value":30},{"Length":22,"Height":86,"Demand":0,"DemandMax":4,"Value":5676},{"Length":5,"Height":13,"Demand":0,"DemandMax":4,"Value":195},{"Length":47,"Height":16,"Demand":0,"DemandMax":4,"Value":1504},{"Length":48,"Height":14,"Demand":0,"DemandMax":4,"Value":2016},{"Length":27,"Height":26,"Demand":0,"DemandMax":4,"Value":702},{"Length":78,"Height":21,"Demand":0,"DemandMax":4,"Value":1638},{"Length":100,"Height":6,"Demand":0,"DemandMax":4,"Value":1200},{"Length":37,"Height":97,"Demand":0,"DemandMax":4,"Value":10767},{"Length":95,"Height":33,"Demand":0,"DemandMax":4,"Value":9405},{"Length":43,"Height":39,"Demand":0,"DemandMax":8,"Value":3354},{"Length":26,"Height":38,"Demand":0,"DemandMax":4,"Value":1976},{"Length":12,"Height":26,"Demand":0,"DemandMax":4,"Value":936},{"Length":10,"Height":99,"Demand":0,"DemandMax":4,"Value":990},{"Length":28,"Height":27,"Demand":0,"DemandMax":4,"Value":1512},{"Length":27,"Height":30,"Demand":0,"DemandMax":4,"Value":810},{"Length":93,"Height":83,"Demand":0,"DemandMax":4,"Value":7719},{"Length":20,"Height":85,"Demand":0,"DemandMax":8,"Value":5100},{"Length":81,"Height":5,"Demand":0,"DemandMax":4,"Value":810},{"Length":38,"Height":33,"Demand":0,"DemandMax":4,"Value":2508},{"Length":74,"Height":62,"Demand":0,"DemandMax":4,"Value":9176},{"Length":3,"Height":46,"Demand":0,"DemandMax":4,"Value":138},{"Length":86,"Height":38,"Demand":0,"DemandMax":4,"Value":3268},{"Length":90,"Height":34,"Demand":0,"DemandMax":4,"Value":3060},{"Length":91,"Height":99,"Demand":0,"DemandMax":4,"Value":18018},{"Length":42,"Height":44,"Demand":0,"DemandMax":4,"Value":3696},{"Length":23,"Height":80,"Demand":0,"DemandMax":4,"Value":5520},{"Length":47,"Height":39,"Demand":0,"DemandMax":4,"Value":5499},{"Length":48,"Height":11,"Demand":0,"DemandMax":4,"Value":528},{"Length":90,"Height":26,"Demand":0,"DemandMax":8,"Value":7020},{"Length":90,"Height":30,"Demand":0,"DemandMax":4,"Value":2700},{"Length":18,"Height":88,"Demand":0,"DemandMax":4,"Value":4752},{"Length":31,"Height":77,"Demand":0,"DemandMax":4,"Value":2387},{"Length":55,"Height":74,"Demand":0,"DemandMax":4,"Value":12210},{"Length":50,"Height":39,"Demand":0,"DemandMax":4,"Value":5850},{"Length":81,"Height":30,"Demand":0,"DemandMax":4,"Value":4860},{"Length":81,"Height":2,"Demand":0,"DemandMax":4,"Value":162},{"Length":2,"Height":16,"Demand":0,"DemandMax":4,"Value":32},{"Length":96,"Height":90,"Demand":0,"DemandMax":4,"Value":8640},{"Length":9,"Height":18,"Demand":0,"DemandMax":4,"Value":324},{"Length":89,"Height":20,"Demand":0,"DemandMax":4,"Value":5340},{"Length":42,"Height":95,"Demand":0,"DemandMax":4,"Value":3990},{"Length":13,"Height":92,"Demand":0,"DemandMax":4,"Value":1196},{"Length":91,"Height":36,"Demand":0,"DemandMax":4,"Value":6552},{"Length":11,"Height":20,"Demand":0,"DemandMax":4,"Value":440},{"Length":26,"Height":76,"Demand":0,"DemandMax":4,"Value":1976},{"Length":76,"Height":56,"Demand":0,"DemandMax":4,"Value":12768},{"Length":81,"Height":25,"Demand":0,"DemandMax":4,"Value":6075},{"Length":78,"Height":16,"Demand":0,"DemandMax":4,"Value":3744},{"Length":23,"Height":48,"Demand":0,"DemandMax":4,"Value":2208},{"Length":90,"Height":79,"Demand":0,"DemandMax":4,"Value":14220},{"Length":94,"Height":38,"Demand":0,"DemandMax":4,"Value":10716},{"Length":86,"Height":71,"Demand":0,"DemandMax":4,"Value":6106},{"Length":19,"Height":15,"Demand":0,"DemandMax":4,"Value":570},{"Length":10,"Height":28,"Demand":0,"DemandMax":4,"Value":840},{"Length":35,"Height":27,"Demand":0,"DemandMax":4,"Value":2835},{"Length":80,"Height":18,"Demand":0,"DemandMax":4,"Value":2880},{"Length":97,"Height":39,"Demand":0,"DemandMax":4,"Value":7566},{"Length":35,"Height":47,"Demand":0,"DemandMax":4,"Value":4935},{"Length":100,"Height":4,"Demand":0,"DemandMax":4,"Value":1200},{"Length":31,"Height":28,"Demand":0,"DemandMax":4,"Value":2604},{"Length":60,"Height":67,"Demand":0,"DemandMax":4,"Value":4020},{"Length":48,"Height":16,"Demand":0,"DemandMax":4,"Value":768},{"Length":10,"Height":46,"Demand":0,"DemandMax":4,"Value":920},{"Length":100,"Height":83,"Demand":0,"DemandMax":4,"Value":24900},{"Length":11,"Height":100,"Demand":0,"DemandMax":4,"Value":1100},{"Length":91,"Height":6,"Demand":0,"DemandMax":4,"Value":1638},{"Length":43,"Height":87,"Demand":0,"DemandMax":4,"Value":11223},{"Length":40,"Height":50,"Demand":0,"DemandMax":4,"Value":6000},{"Length":59,"Height":96,"Demand":0,"DemandMax":4,"Value":5664},{"Length":11,"Height":50,"Demand":0,"DemandMax":4,"Value":1650},{"Length":97,"Height":23,"Demand":0,"DemandMax":4,"Value":4462},{"Length":100,"Height":12,"Demand":0,"DemandMax":4,"Value":2400},{"Length":11,"Height":40,"Demand":0,"DemandMax":4,"Value":880},{"Length":79,"Height":28,"Demand":0,"DemandMax":4,"Value":6636},{"Length":68,"Height":54,"Demand":0,"DemandMax":4,"Value":3672},{"Length":70,"Height":76,"Demand":0,"DemandMax":4,"Value":15960},{"Length":48,"Height":78,"Demand":0,"DemandMax":4,"Value":11232},{"Length":16,"Height":89,"Demand":0,"DemandMax":4,"Value":4272},{"Length":44,"Height":41,"Demand":0,"DemandMax":4,"Value":1804},{"Length":19,"Height":31,"Demand":0,"DemandMax":4,"Value":589},{"Length":50,"Height":43,"Demand":0,"DemandMax":4,"Value":2150},{"Length":2,"Height":6,"Demand":0,"DemandMax":4,"Value":24},{"Length":45,"Height":21,"Demand":0,"DemandMax":4,"Value":945},{"Length":88,"Height":15,"Demand":0,"DemandMax":4,"Value":1320},{"Length":31,"Height":91,"Demand":0,"DemandMax":4,"Value":8463},{"Length":27,"Height":18,"Demand":0,"DemandMax":4,"Value":1458},{"Length":13,"Height":78,"Demand":0,"DemandMax":4,"Value":1014},{"Length":44,"Height":89,"Demand":0,"DemandMax":4,"Value":3916},{"Length":35,"Height":34,"Demand":0,"DemandMax":4,"Value":2380},{"Length":76,"Height":54,"Demand":0,"DemandMax":4,"Value":12312},{"Length":5,"Height":45,"Demand":0,"DemandMax":4,"Value":225},{"Length":28,"Height":96,"Demand":0,"DemandMax":4,"Value":5376},{"Length":26,"Height":50,"Demand":0,"DemandMax":4,"Value":2600},{"Length":38,"Height":40,"Demand":0,"DemandMax":4,"Value":1520},{"Length":2,"Height":87,"Demand":0,"DemandMax":4,"Value":522},{"Length":32,"Height":82,"Demand":0,"DemandMax":4,"Value":5248},{"Length":92,"Height":16,"Demand":0,"DemandMax":4,"Value":1472},{"Length":54,"Height":78,"Demand":0,"DemandMax":4,"Value":4212},{"Length":21,"Height":42,"Demand":0,"DemandMax":4,"Value":882},{"Length":19,"Height":16,"Demand":0,"DemandMax":4,"Value":304},{"Length":85,"Height":50,"Demand":0,"DemandMax":4,"Value":4250},{"Length":17,"Height":18,"Demand":0,"DemandMax":4,"Value":612},{"Length":94,"Height":34,"Demand":0,"DemandMax":4,"Value":9588},{"Length":59,"Height":88,"Demand":0,"DemandMax":4,"Value":5192},{"Length":17,"Height":2,"Demand":0,"DemandMax":4,"Value":102},{"Length":88,"Height":33,"Demand":0,"DemandMax":4,"Value":2904},{"Length":84,"Height":34,"Demand":0,"DemandMax":4,"Value":2856},{"Length":64,"Height":90,"Demand":0,"DemandMax":4,"Value":17280},{"Length":4,"Height":22,"Demand":0,"DemandMax":4,"Value":176},{"Length":29,"Height":77,"Demand":0,"DemandMax":4,"Value":4466},{"Length":44,"Height":40,"Demand":0,"DemandMax":4,"Value":1760},{"Length":7,"Height":78,"Demand":0,"DemandMax":4,"Value":1092},{"Length":26,"Height":39,"Demand":0,"DemandMax":4,"Value":3042},{"Length":22,"Height":34,"Demand":0,"DemandMax":4,"Value":2244},{"Length":58,"Height":62,"Demand":0,"DemandMax":4,"Value":7192},{"Length":50,"Height":16,"Demand":0,"DemandMax":4,"Value":1600},{"Length":80,"Height":12,"Demand":0,"DemandMax":4,"Value":960},{"Length":92,"Height":42,"Demand":0,"DemandMax":4,"Value":7728},{"Length":40,"Height":94,"Demand":0,"DemandMax":4,"Value":7520},{"Length":62,"Height":94,"Demand":0,"DemandMax":4,"Value":11656},{"Length":6,"Height":32,"Demand":0,"DemandMax":4,"Value":192},{"Length":80,"Height":35,"Demand":0,"DemandMax":4,"Value":2800},{"Length":32,"Height":33,"Demand":0,"DemandMax":4,"Value":2112},{"Length":99,"Height":77,"Demand":0,"DemandMax":4,"Value":22869},{"Length":5,"Height":78,"Demand":0,"DemandMax":4,"Value":1170},{"Length":56,"Height":77,"Demand":0,"DemandMax":4,"Value":4312},{"Length":52,"Height":71,"Demand":0,"DemandMax":4,"Value":11076},{"Length":21,"Height":79,"Demand":0,"DemandMax":4,"Value":3318},{"Length":46,"Height":10,"Demand":0,"DemandMax":4,"Value":920},{"Length":89,"Height":11,"Demand":0,"DemandMax":4,"Value":979},{"Length":75,"Height":88,"Demand":0,"DemandMax":4,"Value":19800},{"Length":51,"Height":56,"Demand":0,"DemandMax":4,"Value":5712},{"Length":21,"Height":41,"Demand":0,"DemandMax":4,"Value":1722},{"Length":83,"Height":29,"Demand":0,"DemandMax":4,"Value":4814},{"Length":36,"Height":45,"Demand":0,"DemandMax":4,"Value":4860},{"Length":40,"Height":6,"Demand":0,"DemandMax":4,"Value":480},{"Length":31,"Height":33,"Demand":0,"DemandMax":4,"Value":3069},{"Length":38,"Height":82,"Demand":0,"DemandMax":4,"Value":6232},{"Length":93,"Height":32,"Demand":0,"DemandMax":4,"Value":5952},{"Length":71,"Height":91,"Demand":0,"DemandMax":4,"Value":12922},{"Length":27,"Height":86,"Demand":0,"DemandMax":4,"Value":2322},{"Length":5,"Height":3,"Demand":0,"DemandMax":4,"Value":15},{"Length":9,"Height":11,"Demand":0,"DemandMax":4,"Value":198},{"Length":29,"Height":42,"Demand":0,"DemandMax":4,"Value":3654},{"Length":21,"Height":32,"Demand":0,"DemandMax":4,"Value":2016},{"Length":35,"Height":46,"Demand":0,"DemandMax":4,"Value":4830},{"Length":100,"Height":15,"Demand":0,"DemandMax":4,"Value":3000},{"Length":50,"Height":82,"Demand":0,"DemandMax":4,"Value":12300},{"Length":91,"Height":77,"Demand":0,"DemandMax":4,"Value":21021},{"Length":29,"Height":19,"Demand":0,"DemandMax":4,"Value":1653},{"Length":37,"Height":13,"Demand":0,"DemandMax":4,"Value":1443},{"Length":31,"Height":94,"Demand":0,"DemandMax":4,"Value":8742},{"Length":81,"Height":5,"Demand":0,"DemandMax":4,"Value":1215},{"Length":54,"Height":97,"Demand":0,"DemandMax":4,"Value":10476},{"Length":5,"Height":15,"Demand":0,"DemandMax":4,"Value":150},{"Length":78,"Height":14,"Demand":0,"DemandMax":4,"Value":2184},{"Length":81,"Height":42,"Demand":0,"DemandMax":4,"Value":3402},{"Length":32,"Height":43,"Demand":0,"DemandMax":4,"Value":2752},{"Length":81,"Height":20,"Demand":0,"DemandMax":4,"Value":1620},{"Length":74,"Height":92,"Demand":0,"DemandMax":4,"Value":6808},{"Length":72,"Height":51,"Demand":0,"DemandMax":4,"Value":3672},{"Length":82,"Height":17,"Demand":0,"DemandMax":4,"Value":2788},{"Length":35,"Height":99,"Demand":0,"DemandMax":4,"Value":6930},{"Length":95,"Height":15,"Demand":0,"DemandMax":4,"Value":1425},{"Length":5,"Height":82,"Demand":0,"DemandMax":4,"Value":410},{"Length":44,"Height":5,"Demand":0,"DemandMax":4,"Value":440},{"Length":8,"Height":93,"Demand":0,"DemandMax":4,"Value":1488},{"Length":14,"Height":88,"Demand":0,"DemandMax":4,"Value":3696},{"Length":50,"Height":2,"Demand":0,"DemandMax":4,"Value":100},{"Length":19,"Height":42,"Demand":0,"DemandMax":4,"Value":1596},{"Length":63,"Height":86,"Demand":0,"DemandMax":4,"Value":5418},{"Length":32,"Height":5,"Demand":0,"DemandMax":4,"Value":160},{"Length":45,"Height":100,"Demand":0,"DemandMax":4,"Value":9000},{"Length":92,"Height":65,"Demand":0,"DemandMax":4,"Value":11960},{"Length":26,"Height":28,"Demand":0,"DemandMax":4,"Value":1456},{"Length":80,"Height":99,"Demand":0,"DemandMax":4,"Value":15840},{"Length":18,"Height":29,"Demand":0,"DemandMax":4,"Value":1566},{"Length":37,"Height":3,"Demand":0,"DemandMax":4,"Value":111},{"Length":5,"Height":7,"Demand":0,"DemandMax":4,"Value":105},{"Length":19,"Height":27,"Demand":0,"DemandMax":4,"Value":513},{"Length":17,"Height":21,"Demand":0,"DemandMax":4,"Value":714},{"Length":97,"Height":8,"Demand":0,"DemandMax":4,"Value":1552},{"Length":18,"Height":88,"Demand":0,"DemandMax":4,"Value":3168},{"Length":95,"Height":12,"Demand":0,"DemandMax":4,"Value":2280},{"Length":49,"Height":40,"Demand":0,"DemandMax":4,"Value":5880},{"Length":85,"Height":86,"Demand":0,"DemandMax":4,"Value":14620},{"Length":97,"Height":32,"Demand":0,"DemandMax":4,"Value":3104},{"Length":54,"Height":98,"Demand":0,"DemandMax":4,"Value":10584},{"Length":5,"Height":20,"Demand":0,"DemandMax":4,"Value":300},{"Length":44,"Height":92,"Demand":0,"DemandMax":4,"Value":8096},{"Length":6,"Height":100,"Demand":0,"DemandMax":4,"Value":1800},{"Length":76,"Height":82,"Demand":0,"DemandMax":4,"Value":6232},{"Length":5,"Height":21,"Demand":0,"DemandMax":4,"Value":105},{"Length":86,"Height":53,"Demand":0,"DemandMax":4,"Value":9116},{"Length":45,"Height":31,"Demand":0,"DemandMax":4,"Value":1395},{"Length":8,"Height":25,"Demand":0,"DemandMax":4,"Value":600},{"Length":29,"Height":81,"Demand":0,"DemandMax":4,"Value":2349},{"Length":38,"Height":80,"Demand":0,"DemandMax":4,"Value":6080},{"Length":61,"Height":79,"Demand":0,"DemandMax":4,"Value":4819},{"Length":22,"Height":9,"Demand":0,"DemandMax":4,"Value":396},{"Length":13,"Height":89,"Demand":0,"DemandMax":4,"Value":2314},{"Length":25,"Height":34,"Demand":0,"DemandMax":4,"Value":850},{"Length":94,"Height":53,"Demand":0,"DemandMax":4,"Value":14946},{"Length":67,"Height":90,"Demand":0,"DemandMax":4,"Value":18090},{"Length":27,"Height":83,"Demand":0,"DemandMax":4,"Value":4482},{"Length":34,"Height":7,"Demand":0,"DemandMax":4,"Value":476},{"Length":38,"Height":50,"Demand":0,"DemandMax":4,"Value":1900},{"Length":74,"Height":88,"Demand":0,"DemandMax":4,"Value":19536},{"Length":89,"Height":6,"Demand":0,"DemandMax":4,"Value":1068},{"Length":41,"Height":47,"Demand":0,"DemandMax":4,"Value":5781},{"Length":90,"Height":44,"Demand":0,"DemandMax":4,"Value":7920},{"Length":24,"Height":17,"Demand":0,"DemandMax":4,"Value":816},{"Length":77,"Height":25,"Demand":0,"DemandMax":4,"Value":5775},{"Length":94,"Height":44,"Demand":0,"DemandMax":4,"Value":4136},{"Length":54,"Height":78,"Demand":0,"DemandMax":4,"Value":12636},{"Length":78,"Height":87,"Demand":0,"DemandMax":4,"Value":20358},{"Length":47,"Height":43,"Demand":0,"DemandMax":4,"Value":6063},{"Length":40,"Height":24,"Demand":0,"DemandMax":4,"Value":2880},{"Length":14,"Height":39,"Demand":0,"DemandMax":8,"Value":1092},{"Length":60,"Height":63,"Demand":0,"DemandMax":4,"Value":7560},{"Length":82,"Height":37,"Demand":0,"DemandMax":4,"Value":3034},{"Length":31,"Height":84,"Demand":0,"DemandMax":4,"Value":2604},{"Length":24,"Height":86,"Demand":0,"DemandMax":4,"Value":6192},{"Length":91,"Height":30,"Demand":0,"DemandMax":4,"Value":8190},{"Length":7,"Height":45,"Demand":0,"DemandMax":4,"Value":315},{"Length":84,"Height":18,"Demand":0,"DemandMax":4,"Value":1512},{"Length":40,"Height":34,"Demand":0,"DemandMax":4,"Value":1360},{"Length":3,"Height":24,"Demand":0,"DemandMax":4,"Value":72},{"Length":79,"Height":26,"Demand":0,"DemandMax":4,"Value":4108},{"Length":8,"Height":33,"Demand":0,"DemandMax":4,"Value":264},{"Length":30,"Height":79,"Demand":0,"DemandMax":4,"Value":2370},{"Length":14,"Height":16,"Demand":0,"DemandMax":4,"Value":224},{"Length":36,"Height":8,"Demand":0,"DemandMax":4,"Value":288},{"Length":32,"Height":95,"Demand":0,"DemandMax":4,"Value":3040},{"Length":54,"Height":63,"Demand":0,"DemandMax":4,"Value":3402},{"Length":93,"Height":15,"Demand":0,"DemandMax":4,"Value":1395},{"Length":43,"Height":24,"Demand":0,"DemandMax":4,"Value":2064},{"Length":28,"Height":39,"Demand":0,"DemandMax":4,"Value":1092},{"Length":43,"Height":30,"Demand":0,"DemandMax":4,"Value":3870},{"Length":96,"Height":30,"Demand":0,"DemandMax":8,"Value":5760},{"Length":77,"Height":38,"Demand":0,"DemandMax":4,"Value":8778},{"Length":81,"Height":29,"Demand":0,"DemandMax":4,"Value":2349},{"Length":59,"Height":59,"Demand":0,"DemandMax":4,"Value":10443},{"Length":77,"Height":59,"Demand":0,"DemandMax":4,"Value":9086},{"Length":97,"Height":26,"Demand":0,"DemandMax":4,"Value":5044},{"Length":100,"Height":4,"Demand":0,"DemandMax":4,"Value":800},{"Length":41,"Height":13,"Demand":0,"DemandMax":4,"Value":1599},{"Length":67,"Height":89,"Demand":0,"DemandMax":4,"Value":5963},{"Length":90,"Height":80,"Demand":0,"DemandMax":4,"Value":7200},{"Length":13,"Height":12,"Demand":0,"DemandMax":4,"Value":312},{"Length":98,"Height":29,"Demand":0,"DemandMax":4,"Value":8526},{"Length":16,"Height":92,"Demand":0,"DemandMax":4,"Value":2944},{"Length":77,"Height":36,"Demand":0,"DemandMax":4,"Value":2772},{"Length":87,"Height":44,"Demand":0,"DemandMax":4,"Value":3828},{"Length":57,"Height":73,"Demand":0,"DemandMax":4,"Value":4161},{"Length":25,"Height":36,"Demand":0,"DemandMax":4,"Value":2700},{"Length":33,"Height":81,"Demand":0,"DemandMax":4,"Value":2673},{"Length":83,"Height":28,"Demand":0,"DemandMax":4,"Value":6972},{"Length":88,"Height":47,"Demand":0,"DemandMax":4,"Value":4136},{"Length":61,"Height":58,"Demand":0,"DemandMax":4,"Value":7076},{"Length":2,"Height":20,"Demand":0,"DemandMax":4,"Value":80},{"Length":77,"Height":46,"Demand":0,"DemandMax":4,"Value":10626},{"Length":42,"Height":36,"Demand":0,"DemandMax":4,"Value":4536},{"Length":35,"Height":90,"Demand":0,"DemandMax":4,"Value":6300},{"Length":4,"Height":50,"Demand":0,"DemandMax":4,"Value":400},{"Length":77,"Height":18,"Demand":0,"DemandMax":4,"Value":1386},{"Length":83,"Height":48,"Demand":0,"DemandMax":4,"Value":3984},{"Length":47,"Height":91,"Demand":0,"DemandMax":4,"Value":8554},{"Length":38,"Height":88,"Demand":0,"DemandMax":4,"Value":10032},{"Length":58,"Height":91,"Demand":0,"DemandMax":4,"Value":10556},{"Length":97,"Height":95,"Demand":0,"DemandMax":4,"Value":9215},{"Length":15,"Height":15,"Demand":0,"DemandMax":4,"Value":675},{"Length":18,"Height":12,"Demand":0,"DemandMax":4,"Value":216},{"Length":91,"Height":13,"Demand":0,"DemandMax":4,"Value":2366},{"Length":70,"Height":98,"Demand":0,"DemandMax":4,"Value":6860},{"Length":38,"Height":8,"Demand":0,"DemandMax":4,"Value":912},{"Length":22,"Height":83,"Demand":0,"DemandMax":4,"Value":5478},{"Length":26,"Height":33,"Demand":0,"DemandMax":4,"Value":1716},{"Length":96,"Height":20,"Demand":0,"DemandMax":4,"Value":1920},{"Length":31,"Height":81,"Demand":0,"DemandMax":4,"Value":5022},{"Length":38,"Height":4,"Demand":0,"DemandMax":4,"Value":456},{"Length":4,"Height":8,"Demand":0,"DemandMax":4,"Value":96},{"Length":11,"Height":24,"Demand":0,"DemandMax":4,"Value":528},{"Length":31,"Height":2,"Demand":0,"DemandMax":4,"Value":186},{"Length":84,"Height":15,"Demand":0,"DemandMax":4,"Value":2520},{"Length":37,"Height":48,"Demand":0,"DemandMax":4,"Value":1776},{"Length":25,"Height":41,"Demand":0,"DemandMax":4,"Value":3075},{"Length":14,"Height":19,"Demand":0,"DemandMax":4,"Value":266},{"Length":29,"Height":46,"Demand":0,"DemandMax":4,"Value":4002},{"Length":92,"Height":28,"Demand":0,"DemandMax":4,"Value":5152},{"Length":4,"Height":17,"Demand":0,"DemandMax":4,"Value":68},{"Length":50,"Height":8,"Demand":0,"DemandMax":4,"Value":400},{"Length":30,"Height":26,"Demand":0,"DemandMax":4,"Value":1560},{"Length":67,"Height":76,"Demand":0,"DemandMax":4,"Value":10184},{"Length":43,"Height":99,"Demand":0,"DemandMax":4,"Value":4257},{"Length":98,"Height":23,"Demand":0,"DemandMax":4,"Value":6762},{"Length":81,"Height":4,"Demand":0,"DemandMax":4,"Value":324},{"Length":47,"Height":98,"Demand":0,"DemandMax":4,"Value":9212},{"Length":93,"Height":32,"Demand":0,"DemandMax":4,"Value":8928},{"Length":48,"Height":29,"Demand":0,"DemandMax":4,"Value":4176},{"Length":14,"Height":35,"Demand":0,"DemandMax":4,"Value":980},{"Length":18,"Height":24,"Demand":0,"DemandMax":4,"Value":864},{"Length":14,"Height":6,"Demand":0,"DemandMax":4,"Value":84},{"Length":61,"Height":74,"Demand":0,"DemandMax":4,"Value":9028},{"Length":3,"Height":13,"Demand":0,"DemandMax":4,"Value":78},{"Length":78,"Height":50,"Demand":0,"DemandMax":4,"Value":11700},{"Length":26,"Height":77,"Demand":0,"DemandMax":4,"Value":2002},{"Length":14,"Height":25,"Demand":0,"DemandMax":4,"Value":700},{"Length":8,"Height":86,"Demand":0,"DemandMax":4,"Value":1376},{"Length":97,"Height":97,"Demand":0,"DemandMax":4,"Value":28227},{"Length":97,"Height":67,"Demand":0,"DemandMax":4,"Value":19497},{"Length":16,"Height":29,"Demand":0,"DemandMax":4,"Value":464},{"Length":91,"Height":12,"Demand":0,"DemandMax":4,"Value":1092},{"Length":27,"Height":35,"Demand":0,"DemandMax":4,"Value":2835},{"Length":86,"Height":31,"Demand":0,"DemandMax":4,"Value":2666},{"Length":15,"Height":14,"Demand":0,"DemandMax":4,"Value":210},{"Length":84,"Height":3,"Demand":0,"DemandMax":4,"Value":756},{"Length":18,"Height":3,"Demand":0,"DemandMax":4,"Value":108},{"Length":61,"Height":60,"Demand":0,"DemandMax":4,"Value":10980},{"Length":87,"Height":9,"Demand":0,"DemandMax":4,"Value":1566},{"Length":12,"Height":93,"Demand":0,"DemandMax":4,"Value":1116},{"Length":23,"Height":2,"Demand":0,"DemandMax":4,"Value":138},{"Length":17,"Height":85,"Demand":0,"DemandMax":4,"Value":2890},{"Length":46,"Height":88,"Demand":0,"DemandMax":4,"Value":12144},{"Length":39,"Height":16,"Demand":0,"DemandMax":4,"Value":624},{"Length":73,"Height":59,"Demand":0,"DemandMax":4,"Value":12921},{"Length":95,"Height":60,"Demand":0,"DemandMax":4,"Value":17100},{"Length":21,"Height":50,"Demand":0,"DemandMax":4,"Value":1050},{"Length":13,"Height":43,"Demand":0,"DemandMax":4,"Value":559},{"Length":80,"Height":66,"Demand":0,"DemandMax":4,"Value":15840},{"Length":22,"Height":79,"Demand":0,"DemandMax":4,"Value":1738},{"Length":17,"Height":50,"Demand":0,"DemandMax":4,"Value":1700},{"Length":36,"Height":34,"Demand":0,"DemandMax":4,"Value":2448},{"Length":37,"Height":20,"Demand":0,"DemandMax":4,"Value":2220},{"Length":33,"Height":23,"Demand":0,"DemandMax":4,"Value":759},{"Length":88,"Height":83,"Demand":0,"DemandMax":4,"Value":14608},{"Length":20,"Height":28,"Demand":0,"DemandMax":4,"Value":1120},{"Length":62,"Height":84,"Demand":0,"DemandMax":4,"Value":5208},{"Length":9,"Height":25,"Demand":0,"DemandMax":4,"Value":675},{"Length":29,"Height":3,"Demand":0,"DemandMax":4,"Value":87},{"Length":13,"Height":30,"Demand":0,"DemandMax":4,"Value":1170},{"Length":38,"Height":90,"Demand":0,"DemandMax":4,"Value":10260},{"Length":15,"Height":44,"Demand":0,"DemandMax":4,"Value":1320},{"Length":80,"Height":22,"Demand":0,"DemandMax":4,"Value":3520},{"Length":99,"Height":80,"Demand":0,"DemandMax":4,"Value":15840},{"Length":32,"Height":25,"Demand":0,"DemandMax":4,"Value":800},{"Length":36,"Height":35,"Demand":0,"DemandMax":4,"Value":3780},{"Length":11,"Height":87,"Demand":0,"DemandMax":4,"Value":2871},{"Length":70,"Height":58,"Demand":0,"DemandMax":4,"Value":4060},{"Length":85,"Height":8,"Demand":0,"DemandMax":4,"Value":1360},{"Length":47,"Height":40,"Demand":0,"DemandMax":4,"Value":1880},{"Length":43,"Height":38,"Demand":0,"DemandMax":4,"Value":3268},{"Length":46,"Height":25,"Demand":0,"DemandMax":4,"Value":3450},{"Length":42,"Height":97,"Demand":0,"DemandMax":4,"Value":12222},{"Length":68,"Height":93,"Demand":0,"DemandMax":4,"Value":6324},{"Length":99,"Height":15,"Demand":0,"DemandMax":4,"Value":1485},{"Length":33,"Height":78,"Demand":0,"DemandMax":4,"Value":2574},{"Length":81,"Height":54,"Demand":0,"DemandMax":4,"Value":8748},{"Length":52,"Height":66,"Demand":0,"DemandMax":4,"Value":3432},{"Length":11,"Height":17,"Demand":0,"DemandMax":4,"Value":561},{"Length":90,"Height":49,"Demand":0,"DemandMax":4,"Value":4410},{"Length":24,"Height":77,"Demand":0,"DemandMax":4,"Value":5544},{"Length":34,"Height":33,"Demand":0,"DemandMax":4,"Value":1122},{"Length":31,"Height":9,"Demand":0,"DemandMax":4,"Value":558},{"Length":79,"Height":91,"Demand":0,"DemandMax":4,"Value":21567},{"Length":79,"Height":22,"Demand":0,"DemandMax":4,"Value":5214},{"Length":41,"Height":94,"Demand":0,"DemandMax":4,"Value":7708},{"Length":50,"Height":89,"Demand":0,"DemandMax":4,"Value":8900},{"Length":48,"Height":26,"Demand":0,"DemandMax":4,"Value":2496},{"Length":91,"Height":38,"Demand":0,"DemandMax":4,"Value":10374},{"Length":93,"Height":75,"Demand":0,"DemandMax":4,"Value":13950},{"Length":85,"Height":73,"Demand":0,"DemandMax":4,"Value":6205},{"Length":93,"Height":87,"Demand":0,"DemandMax":4,"Value":8091},{"Length":2,"Height":96,"Demand":0,"DemandMax":4,"Value":576},{"Length":9,"Height":31,"Demand":0,"DemandMax":4,"Value":558},{"Length":14,"Height":32,"Demand":0,"DemandMax":4,"Value":1344},{"Length":99,"Height":97,"Demand":0,"DemandMax":4,"Value":9603},{"Length":79,"Height":95,"Demand":0,"DemandMax":4,"Value":7505},{"Length":74,"Height":88,"Demand":0,"DemandMax":4,"Value":13024},{"Length":34,"Height":27,"Demand":0,"DemandMax":4,"Value":2754},{"Length":96,"Height":47,"Demand":0,"DemandMax":4,"Value":9024},{"Length":15,"Height":30,"Demand":0,"DemandMax":4,"Value":900},{"Length":47,"Height":94,"Demand":0,"DemandMax":4,"Value":4418},{"Length":19,"Height":85,"Demand":0,"DemandMax":4,"Value":4845},{"Length":3,"Height":35,"Demand":0,"DemandMax":4,"Value":315},{"Length":77,"Height":87,"Demand":0,"DemandMax":4,"Value":6699},{"Length":4,"Height":50,"Demand":0,"DemandMax":4,"Value":600},{"Length":80,"Height":17,"Demand":0,"DemandMax":4,"Value":4080},{"Length":3,"Height":77,"Demand":0,"DemandMax":4,"Value":462},{"Length":24,"Height":42,"Demand":0,"DemandMax":4,"Value":1008},{"Length":78,"Height":82,"Demand":0,"DemandMax":4,"Value":6396},{"Length":7,"Height":15,"Demand":0,"DemandMax":4,"Value":105},{"Length":98,"Height":59,"Demand":0,"DemandMax":4,"Value":5782},{"Length":19,"Height":77,"Demand":0,"DemandMax":4,"Value":4389},{"Length":19,"Height":44,"Demand":0,"DemandMax":4,"Value":2508},{"Length":82,"Height":14,"Demand":0,"DemandMax":4,"Value":3444},{"Length":78,"Height":4,"Demand":0,"DemandMax":4,"Value":936},{"Length":96,"Height":36,"Demand":0,"DemandMax":4,"Value":3456},{"Length":41,"Height":7,"Demand":0,"DemandMax":4,"Value":287},{"Length":35,"Height":11,"Demand":0,"DemandMax":4,"Value":770},{"Length":57,"Height":67,"Demand":0,"DemandMax":4,"Value":3819},{"Length":35,"Height":37,"Demand":0,"DemandMax":4,"Value":1295},{"Length":35,"Height":6,"Demand":0,"DemandMax":4,"Value":420},{"Length":12,"Height":44,"Demand":0,"DemandMax":4,"Value":528},{"Length":40,"Height":20,"Demand":0,"DemandMax":4,"Value":1600},{"Length":53,"Height":56,"Demand":0,"DemandMax":4,"Value":2968},{"Length":25,"Height":95,"Demand":0,"DemandMax":4,"Value":7125},{"Length":43,"Height":7,"Demand":0,"DemandMax":4,"Value":903},{"Length":50,"Height":33,"Demand":0,"DemandMax":4,"Value":4950},{"Length":30,"Height":14,"Demand":0,"DemandMax":4,"Value":840},{"Length":91,"Height":84,"Demand":0,"DemandMax":4,"Value":15288},{"Length":27,"Height":3,"Demand":0,"DemandMax":4,"Value":81},{"Length":48,"Height":20,"Demand":0,"DemandMax":4,"Value":1920},{"Length":57,"Height":92,"Demand":0,"DemandMax":4,"Value":5244},{"Length":29,"Height":92,"Demand":0,"DemandMax":4,"Value":5336},{"Length":23,"Height":3,"Demand":0,"DemandMax":4,"Value":138},{"Length":92,"Height":3,"Demand":0,"DemandMax":4,"Value":552},{"Length":40,"Height":87,"Demand":0,"DemandMax":4,"Value":10440},{"Length":10,"Height":77,"Demand":0,"DemandMax":4,"Value":2310},{"Length":37,"Height":11,"Demand":0,"DemandMax":4,"Value":814},{"Length":39,"Height":23,"Demand":0,"DemandMax":4,"Value":1794},{"Length":11,"Height":97,"Demand":0,"DemandMax":4,"Value":3201},{"Length":4,"Height":85,"Demand":0,"DemandMax":4,"Value":340},{"Length":22,"Height":38,"Demand":0,"DemandMax":4,"Value":1672},{"Length":29,"Height":100,"Demand":0,"DemandMax":4,"Value":5800},{"Length":97,"Height":13,"Demand":0,"DemandMax":4,"Value":2522},{"Length":6,"Height":33,"Demand":0,"DemandMax":4,"Value":198},{"Length":12,"Height":48,"Demand":0,"DemandMax":4,"Value":1728},{"Length":17,"Height":95,"Demand":0,"DemandMax":4,"Value":4845},{"Length":84,"Height":56,"Demand":0,"DemandMax":4,"Value":4704},{"Length":78,"Height":71,"Demand":0,"DemandMax":4,"Value":5538},{"Length":35,"Height":9,"Demand":0,"DemandMax":4,"Value":945},{"Length":85,"Height":91,"Demand":0,"DemandMax":4,"Value":23205},{"Length":6,"Height":97,"Demand":0,"DemandMax":4,"Value":582},{"Length":58,"Height":64,"Demand":0,"DemandMax":4,"Value":7424},{"Length":5,"Height":35,"Demand":0,"DemandMax":4,"Value":525},{"Length":99,"Height":62,"Demand":0,"DemandMax":4,"Value":18414},{"Length":32,"Height":88,"Demand":0,"DemandMax":4,"Value":5632},{"Length":79,"Height":59,"Demand":0,"DemandMax":4,"Value":4661},{"Length":43,"Height":10,"Demand":0,"DemandMax":4,"Value":1290},{"Length":36,"Height":36,"Demand":0,"DemandMax":4,"Value":1296},{"Length":8,"Height":79,"Demand":0,"DemandMax":4,"Value":632},{"Length":34,"Height":91,"Demand":0,"DemandMax":4,"Value":6188},{"Length":89,"Height":12,"Demand":0,"DemandMax":4,"Value":1068},{"Length":84,"Height":30,"Demand":0,"DemandMax":4,"Value":2520},{"Length":36,"Height":85,"Demand":0,"DemandMax":4,"Value":6120},{"Length":48,"Height":8,"Demand":0,"DemandMax":4,"Value":768},{"Length":97,"Height":37,"Demand":0,"DemandMax":4,"Value":10767},{"Length":90,"Height":41,"Demand":0,"DemandMax":4,"Value":3690},{"Length":81,"Height":48,"Demand":0,"DemandMax":4,"Value":3888},{"Length":8,"Height":97,"Demand":0,"DemandMax":4,"Value":776},{"Length":3,"Height":2,"Demand":0,"DemandMax":4,"Value":18},{"Length":51,"Height":63,"Demand":0,"DemandMax":4,"Value":3213},{"Length":46,"Height":21,"Demand":0,"DemandMax":4,"Value":2898},{"Length":91,"Height":48,"Demand":0,"DemandMax":4,"Value":13104},{"Length":2,"Height":36,"Demand":0,"DemandMax":4,"Value":72},{"Length":45,"Height":84,"Demand":0,"DemandMax":4,"Value":11340},{"Length":95,"Height":89,"Demand":0,"DemandMax":4,"Value":16910},{"Length":85,"Height":89,"Demand":0,"DemandMax":4,"Value":22695},{"Length":69,"Height":84,"Demand":0,"DemandMax":4,"Value":17388}]}