{"Name":"ngcutfs2_104","Objects":[{"Length":100,"Height":100,"Stock":null,"Cost":10000}],"Items":[{"Length":32,"Height":23,"Demand":0,"DemandMax":3,"Value":2208},{"Length":84,"Height":23,"Demand":0,"DemandMax":3,"Value":1932},{"Length":43,"Height":31,"Demand":0,"DemandMax":3,"Value":2666},{"Length":86,"Height":39,"Demand":0,"DemandMax":3,"Value":6708},{"Length":40,"Height":50,"Demand":0,"DemandMax":3,"Value":4000},{"Length":81,"Height":10,"Demand":0,"DemandMax":3,"Value":810},{"Length":19,"Height":44,"Demand":0,"DemandMax":3,"Value":836},{"Length":46,"Height":5,"Demand":0,"DemandMax":3,"Value":460},{"Length":36,"Height":10,"Demand":0,"DemandMax":3,"Value":720},{"Length":32,"Height":31,"Demand":0,"DemandMax":3,"Value":1984},{"Length":33,"Height":94,"Demand":0,"DemandMax":3,"Value":6204},{"Length":37,"Height":43,"Demand":0,"DemandMax":3,"Value":3182},{"Length":62,"Height":89,"Demand":0,"DemandMax":3,"Value":11036},{"Length":93,"Height":49,"Demand":0,"DemandMax":3,"Value":9114},{"Length":33,"Height":42,"Demand":0,"DemandMax":3,"Value":2772},{"Length":72,"Height":90,"Demand":0,"DemandMax":3,"Value":12960},{"Length":81,"Height":25,"Demand":0,"DemandMax":3,"Value":4050},{"Length":35,"Height":14,"Demand":0,"DemandMax":3,"Value":1470},{"Length":22,"Height":29,"Demand":0,"DemandMax":3,"Value":1276},{"Length":92,"Height":6,"Demand":0,"DemandMax":3,"Value":1104},{"Length":44,"Height":28,"Demand":0,"DemandMax":3,"Value":1232},{"Length":34,"Height":5,"Demand":0,"DemandMax":3,"Value":510},{"Length":39,"Height":24,"Demand":0,"DemandMax":3,"Value":2808},{"Length":56,"Height":86,"Demand":0,"DemandMax":3,"Value":14448},{"Length":31,"Height":33,"Demand":0,"DemandMax":3,"Value":1023},{"Length":11,"Height":86,"Demand":0,"DemandMax":3,"Value":2838},{"Length":22,"Height":93,"Demand":0,"DemandMax":3,"Value":4092},{"Length":64,"Height":82,"Demand":0,"DemandMax":3,"Value":15744},{"Length":13,"Height":43,"Demand":0,"DemandMax":3,"Value":1118},{"Length":32,"Height":27,"Demand":0,"DemandMax":3,"Value":2592},{"Length":79,"Height":16,"Demand":0,"DemandMax":3,"Value":2528},{"Length":84,"Height":25,"Demand":0,"DemandMax":3,"Value":6300},{"Length":37,"Height":27,"Demand":0,"DemandMax":3,"Value":999},{"Length":12,"Height":20,"Demand":0,"DemandMax":3,"Value":480},{"Length":96,"Height":8,"Demand":0,"DemandMax":3,"Value":1536},{"Length":39,"Height":49,"Demand":0,"DemandMax":3,"Value":1911},{"Length":37,"Height":15,"Demand":0,"DemandMax":3,"Value":1110},{"Length":63,"Height":58,"Demand":0,"DemandMax":3,"Value":3654},{"Length":12,"Height":46,"Demand":0,"DemandMax":3,"Value":1656},{"Length":26,"Height":5,"Demand":0,"DemandMax":3,"Value":130},{"Length":96,"Height":4,"Demand":0,"DemandMax":3,"Value":1152},{"Length":97,"Height":64,"Demand":0,"DemandMax":3,"Value":18624},{"Length":21,"Height":9,"Demand":0,"DemandMax":3,"Value":189},{"Length":11,"Height":21,"Demand":0,"DemandMax":3,"Value":231},{"Length":28,"Height":11,"Demand":0,"DemandMax":3,"Value":616},{"Length":76,"Height":34,"Demand":0,"DemandMax":3,"Value":5168},{"Length":98,"Height":36,"Demand":0,"DemandMax":3,"Value":7056},{"Length":34,"Height":3,"Demand":0,"DemandMax":3,"Value":102},{"Length":14,"Height":47,"Demand":0,"DemandMax":3,"Value":1974},{"Length":9,"Height":42,"Demand":0,"DemandMax":3,"Value":1134},{"Length":12,"Height":38,"Demand":0,"DemandMax":3,"Value":1368},{"Length":27,"Height":32,"Demand":0,"DemandMax":3,"Value":864},{"Length":84,"Height":52,"Demand":0,"DemandMax":3,"Value":8736},{"Length":2,"Height":18,"Demand":0,"DemandMax":3,"Value":72},{"Length":95,"Height":87,"Demand":0,"DemandMax":3,"Value":16530},{"Length":98,"Height":82,"Demand":0,"DemandMax":3,"Value":8036},{"Length":33,"Height":91,"Demand":0,"DemandMax":3,"Value":3003},{"Length":57,"Height":93,"Demand":0,"DemandMax":3,"Value":10602},{"Length":26,"Height":37,"Demand":0,"DemandMax":3,"Value":1924},{"Length":7,"Height":86,"Demand":0,"DemandMax":3,"Value":1806},{"Length":43,"Height":5,"Demand":0,"DemandMax":3,"Value":645},{"Length":74,"Height":53,"Demand":0,"DemandMax":3,"Value":3922},{"Length":93,"Height":95,"Demand":0,"DemandMax":3,"Value":26505},{"Length":43,"Height":40,"Demand":0,"DemandMax":3,"Value":5160},{"Length":46,"Height":37,"Demand":0,"DemandMax":3,"Value":3404},{"Length":78,"Height":44,"Demand":0,"DemandMax":3,"Value":3432},{"Length":56,"Height":75,"Demand":0,"DemandMax":3,"Value":8400},{"Length":93,"Height":14,"Demand":0,"DemandMax":3,"Value":3906},{"Length":42,"Height":18,"Demand":0,"DemandMax":3,"Value":756},{"Length":38,"Height":28,"Demand":0,"DemandMax":3,"Value":1064},{"Length":5,"Height":21,"Demand":0,"DemandMax":3,"Value":315},{"Length":17,"Height":2,"Demand":0,"DemandMax":3,"Value":34},{"Length":86,"Height":62,"Demand":0,"DemandMax":3,"Value":5332},{"Length":89,"Height":9,"Demand":0,"DemandMax":3,"Value":801},{"Length":88,"Height":77,"Demand":0,"DemandMax":3,"Value":13552},{"Length":45,"Height":35,"Demand":0,"DemandMax":3,"Value":3150},{"Length":31,"Height":12,"Demand":0,"DemandMax":3,"Value":372},{"Length":38,"Height":18,"Demand":0,"DemandMax":3,"Value":684},{"Length":14,"Height":3,"Demand":0,"DemandMax":3,"Value":126},{"Length":46,"Height":22,"Demand":0,"DemandMax":3,"Value":2024},{"Length":11,"Height":47,"Demand":0,"DemandMax":3,"Value":1034},{"Length":54,"Height":94,"Demand":0,"DemandMax":3,"Value":10152},{"Length":45,"Height":19,"Demand":0,"DemandMax":3,"Value":1710},{"Length":54,"Height":92,"Demand":0,"DemandMax":3,"Value":4968},{"Length":22,"Height":33,"Demand":0,"DemandMax":3,"Value":726},{"Length":2,"Height":96,"Demand":0,"DemandMax":3,"Value":576},{"Length":57,"Height":76,"Demand":0,"DemandMax":3,"Value":4332},{"Length":39,"Height":35,"Demand":0,"DemandMax":3,"Value":2730},{"Length":11,"Height":42,"Demand":0,"DemandMax":3,"Value":924},{"Length":45,"Height":87,"Demand":0,"DemandMax":3,"Value":3915},{"Length":88,"Height":57,"Demand":0,"DemandMax":3,"Value":10032},{"Length":12,"Height":2,"Demand":0,"DemandMax":3,"Value":48},{"Length":12,"Height":36,"Demand":0,"DemandMax":3,"Value":864},{"Length":20,"Height":35,"Demand":0,"DemandMax":3,"Value":2100},{"Length":90,"Height":37,"Demand":0,"DemandMax":3,"Value":6660},{"Length":47,"Height":26,"Demand":0,"DemandMax":3,"Value":2444},{"Length":37,"Height":14,"Demand":0,"DemandMax":3,"Value":518},{"Length":81,"Height":58,"Demand":0,"DemandMax":3,"Value":14094},{"Length":40,"Height":41,"Demand":0,"DemandMax":3,"Value":1640},{"Length":6,"Height":30,"Demand":0,"DemandMax":3,"Value":180},{"Length":72,"Height":57,"Demand":0,"DemandMax":3,"Value":8208},{"Length":38,"Height":22,"Demand":0,"DemandMax":3,"Value":836},{"Length":31,"Height":15,"Demand":0,"DemandMax":3,"Value":1395},{"Length":87,"Height":23,"Demand":0,"DemandMax":3,"Value":4002},{"Length":18,"Height":33,"Demand":0,"DemandMax":3,"Value":1782},{"Length":90,"Height":99,"Demand":0,"DemandMax":3,"Value":8910},{"Length":97,"Height":25,"Demand":0,"DemandMax":3,"Value":4850},{"Length":37,"Height":86,"Demand":0,"DemandMax":3,"Value":3182},{"Length":99,"Height":19,"Demand":0,"DemandMax":3,"Value":5643},{"Length":88,"Height":96,"Demand":0,"DemandMax":3,"Value":25344},{"Length":38,"Height":98,"Demand":0,"DemandMax":3,"Value":11172},{"Length":48,"Height":20,"Demand":0,"DemandMax":3,"Value":960},{"Length":43,"Height":16,"Demand":0,"DemandMax":3,"Value":1376},{"Length":5,"Height":9,"Demand":0,"DemandMax":3,"Value":90},{"Length":21,"Height":89,"Demand":0,"DemandMax":3,"Value":1869},{"Length":33,"Height":23,"Demand":0,"DemandMax":3,"Value":2277},{"Length":10,"Height":95,"Demand":0,"DemandMax":3,"Value":2850},{"Length":2,"Height":50,"Demand":0,"DemandMax":3,"Value":200},{"Length":12,"Height":78,"Demand":0,"DemandMax":3,"Value":936},{"Length":16,"Height":35,"Demand":0,"DemandMax":3,"Value":1120},{"Length":81,"Height":19,"Demand":0,"DemandMax":3,"Value":4617},{"Length":4,"Height":98,"Demand":0,"DemandMax":3,"Value":392},{"Length":97,"Height":75,"Demand":0,"DemandMax":3,"Value":14550},{"Length":12,"Height":82,"Demand":0,"DemandMax":3,"Value":984},{"Length":22,"Height":29,"Demand":0,"DemandMax":3,"Value":1914},{"Length":29,"Height":38,"Demand":0,"DemandMax":3,"Value":2204},{"Length":28,"Height":95,"Demand":0,"DemandMax":3,"Value":2660},{"Length":96,"Height":15,"Demand":0,"DemandMax":3,"Value":1440},{"Length":8,"Height":100,"Demand":0,"DemandMax":3,"Value":800},{"Length":45,"Height":28,"Demand":0,"DemandMax":3,"Value":3780},{"Length":100,"Height":71,"Demand":0,"DemandMax":3,"Value":21300},{"Length":15,"Height":49,"Demand":0,"DemandMax":3,"Value":735},{"Length":48,"Height":36,"Demand":0,"DemandMax":3,"Value":1728},{"Length":8,"Height":10,"Demand":0,"DemandMax":3,"Value":160},{"Length":6,"Height":26,"Demand":0,"DemandMax":3,"Value":156},{"Length":71,"Height":67,"Demand":0,"DemandMax":3,"Value":14271},{"Length":74,"Height":84,"Demand":0,"DemandMax":3,"Value":18648},{"Length":64,"Height":73,"Demand":0,"DemandMax":3,"Value":14016},{"Length":28,"Height":38,"Demand":0,"DemandMax":3,"Value":2128},{"Length":21,"Height":30,"Demand":0,"DemandMax":3,"Value":630},{"Length":22,"Height":5,"Demand":0,"DemandMax":3,"Value":220},{"Length":96,"Height":76,"Demand":0,"DemandMax":3,"Value":21888},{"Length":7,"Height":90,"Demand":0,"DemandMax":3,"Value":630},{"Length":30,"Height":23,"Demand":0,"DemandMax":3,"Value":1380},{"Length":36,"Height":8,"Demand":0,"DemandMax":3,"Value":864},{"Length":15,"Height":27,"Demand":0,"DemandMax":3,"Value":405},{"Length":24,"Height":45,"Demand":0,"DemandMax":3,"Value":3240},{"Length":6,"Height":90,"Demand":0,"DemandMax":3,"Value":540},{"Length":10,"Height":27,"Demand":0,"DemandMax":3,"Value":270},{"Length":18,"Height":14,"Demand":0,"DemandMax":3,"Value":252}]}