{"Name":"ngcutfs2_1","Objects":[{"Length":100,"Height":100,"Stock":null,"Cost":10000}],"Items":[{"Length":44,"Height":98,"Demand":0,"DemandMax":1,"Value":4312},{"Length":3,"Height":16,"Demand":0,"DemandMax":1,"Value":48},{"Length":4,"Height":34,"Demand":0,"DemandMax":1,"Value":136},{"Length":4,"Height":38,"Demand":0,"DemandMax":1,"Value":304},{"Length":10,"Height":90,"Demand":0,"DemandMax":1,"Value":2700},{"Length":24,"Height":17,"Demand":0,"DemandMax":1,"Value":1224},{"Length":16,"Height":5,"Demand":0,"DemandMax":1,"Value":240},{"Length":77,"Height":74,"Demand":0,"DemandMax":1,"Value":11396},{"Length":44,"Height":80,"Demand":0,"DemandMax":1,"Value":10560},{"Length":94,"Height":21,"Demand":0,"DemandMax":1,"Value":3948},{"Length":55,"Height":94,"Demand":0,"DemandMax":1,"Value":10340},{"Length":86,"Height":5,"Demand":0,"DemandMax":1,"Value":430},{"Length":38,"Height":47,"Demand":0,"DemandMax":1,"Value":1786},{"Length":28,"Height":19,"Demand":0,"DemandMax":1,"Value":532},{"Length":17,"Height":14,"Demand":0,"DemandMax":1,"Value":238},{"Length":92,"Height":37,"Demand":0,"DemandMax":1,"Value":3404},{"Length":37,"Height":31,"Demand":0,"DemandMax":1,"Value":2294},{"Length":8,"Height":44,"Demand":0,"DemandMax":1,"Value":1056},{"Length":3,"Height":89,"Demand":0,"DemandMax":1,"Value":534},{"Length":41,"Height":86,"Demand":0,"DemandMax":1,"Value":7052},{"Length":19,"Height":46,"Demand":0,"DemandMax":1,"Value":1748},{"Length":2,"Height":24,"Demand":0,"DemandMax":1,"Value":96},{"Length":29,"Height":10,"Demand":0,"DemandMax":1,"Value":290},{"Length":85,"Height":2,"Demand":0,"DemandMax":1,"Value":170},{"Length":95,"Height":57,"Demand":0,"DemandMax":1,"Value":5415},{"Length":41,"Height":46,"Demand":0,"DemandMax":1,"Value":5658},{"Length":7,"Height":25,"Demand":0,"DemandMax":1,"Value":525},{"Length":99,"Height":66,"Demand":0,"DemandMax":1,"Value":6534},{"Length":85,"Height":78,"Demand":0,"DemandMax":1,"Value":13260},{"Length":45,"Height":90,"Demand":0,"DemandMax":1,"Value":12150},{"Length":95,"Height":33,"Demand":0,"DemandMax":1,"Value":3135},{"Length":17,"Height":47,"Demand":0,"DemandMax":1,"Value":799},{"Length":94,"Height":28,"Demand":0,"DemandMax":1,"Value":5264},{"Length":47,"Height":16,"Demand":0,"DemandMax":1,"Value":2256},{"Length":37,"Height":35,"Demand":0,"DemandMax":1,"Value":2590},{"Length":35,"Height":45,"Demand":0,"DemandMax":1,"Value":4725},{"Length":91,"Height":95,"Demand":0,"DemandMax":1,"Value":17290},{"Length":16,"Height":81,"Demand":0,"DemandMax":1,"Value":3888},{"Length":30,"Height":93,"Demand":0,"DemandMax":1,"Value":5580},{"Length":45,"Height":89,"Demand":0,"DemandMax":1,"Value":8010}]}