{"Name":"ngcutfs1_30","Objects":[{"Length":100,"Height":100,"Stock":null,"Cost":10000}],"Items":[{"Length":89,"Height":93,"Demand":0,"DemandMax":4,"Value":24831},{"Length":97,"Height":42,"Demand":0,"DemandMax":4,"Value":4074},{"Length":38,"Height":86,"Demand":0,"DemandMax":4,"Value":6536},{"Length":68,"Height":89,"Demand":0,"DemandMax":4,"Value":18156},{"Length":28,"Height":48,"Demand":0,"DemandMax":4,"Value":1344},{"Length":39,"Height":92,"Demand":0,"DemandMax":4,"Value":7176},{"Length":52,"Height":92,"Demand":0,"DemandMax":4,"Value":4784},{"Length":26,"Height":7,"Demand":0,"DemandMax":4,"Value":546},{"Length":76,"Height":55,"Demand":0,"DemandMax":4,"Value":8360},{"Length":25,"Height":24,"Demand":0,"DemandMax":4,"Value":600},{"Length":47,"Height":14,"Demand":0,"DemandMax":4,"Value":658},{"Length":24,"Height":23,"Demand":0,"DemandMax":4,"Value":1656},{"Length":36,"Height":19,"Demand":0,"DemandMax":4,"Value":1368},{"Length":66,"Height":96,"Demand":0,"DemandMax":4,"Value":19008},{"Length":81,"Height":30,"Demand":0,"DemandMax":4,"Value":2430},{"Length":38,"Height":76,"Demand":0,"DemandMax":4,"Value":2888},{"Length":45,"Height":25,"Demand":0,"DemandMax":4,"Value":1125},{"Length":91,"Height":83,"Demand":0,"DemandMax":4,"Value":15106},{"Length":24,"Height":3,"Demand":0,"DemandMax":4,"Value":144},{"Length":23,"Height":33,"Demand":0,"DemandMax":4,"Value":1518},{"Length":55,"Height":80,"Demand":0,"DemandMax":4,"Value":13200},{"Length":43,"Height":31,"Demand":0,"DemandMax":4,"Value":2666},{"Length":24,"Height":25,"Demand":0,"DemandMax":4,"Value":600},{"Length":25,"Height":40,"Demand":0,"DemandMax":4,"Value":2000},{"Length":82,"Height":20,"Demand":0,"DemandMax":4,"Value":4920},{"Length":43,"Height":4,"Demand":0,"DemandMax":4,"Value":344},{"Length":22,"Height":46,"Demand":0,"DemandMax":4,"Value":3036},{"Length":75,"Height":54,"Demand":0,"DemandMax":4,"Value":4050},{"Length":58,"Height":79,"Demand":0,"DemandMax":4,"Value":13746},{"Length":96,"Height":43,"Demand":0,"DemandMax":4,"Value":8256},{"Length":77,"Height":5,"Demand":0,"DemandMax":4,"Value":770},{"Length":96,"Height":29,"Demand":0,"DemandMax":4,"Value":2784},{"Length":6,"Height":46,"Demand":0,"DemandMax":4,"Value":552},{"Length":17,"Height":28,"Demand":0,"DemandMax":4,"Value":952},{"Length":77,"Height":99,"Demand":0,"DemandMax":4,"Value":7623},{"Length":97,"Height":39,"Demand":0,"DemandMax":4,"Value":11349},{"Length":28,"Height":85,"Demand":0,"DemandMax":4,"Value":7140},{"Length":31,"Height":77,"Demand":0,"DemandMax":4,"Value":4774},{"Length":77,"Height":53,"Demand":0,"DemandMax":4,"Value":4081},{"Length":92,"Height":63,"Demand":0,"DemandMax":4,"Value":11592}]}