{"Name":"ngcutfs1_111","Objects":[{"Length":100,"Height":100,"Stock":null,"Cost":10000}],"Items":[{"Length":95,"Height":89,"Demand":0,"DemandMax":4,"Value":16910},{"Length":69,"Height":74,"Demand":0,"DemandMax":4,"Value":10212},{"Length":28,"Height":92,"Demand":0,"DemandMax":4,"Value":5152},{"Length":31,"Height":12,"Demand":0,"DemandMax":4,"Value":372},{"Length":38,"Height":13,"Demand":0,"DemandMax":4,"Value":988},{"Length":6,"Height":88,"Demand":0,"DemandMax":4,"Value":1056},{"Length":8,"Height":28,"Demand":0,"DemandMax":4,"Value":224},{"Length":31,"Height":14,"Demand":0,"DemandMax":4,"Value":434},{"Length":21,"Height":14,"Demand":0,"DemandMax":4,"Value":882},{"Length":23,"Height":76,"Demand":0,"DemandMax":4,"Value":3496},{"Length":83,"Height":55,"Demand":0,"DemandMax":4,"Value":4565},{"Length":21,"Height":29,"Demand":0,"DemandMax":4,"Value":609},{"Length":46,"Height":38,"Demand":0,"DemandMax":4,"Value":3496},{"Length":49,"Height":79,"Demand":0,"DemandMax":4,"Value":3871},{"Length":24,"Height":24,"Demand":0,"DemandMax":4,"Value":576},{"Length":42,"Height":15,"Demand":0,"DemandMax":4,"Value":1890},{"Length":70,"Height":87,"Demand":0,"DemandMax":4,"Value":12180},{"Length":23,"Height":29,"Demand":0,"DemandMax":4,"Value":667},{"Length":82,"Height":45,"Demand":0,"DemandMax":4,"Value":11070},{"Length":57,"Height":67,"Demand":0,"DemandMax":4,"Value":7638},{"Length":12,"Height":4,"Demand":0,"DemandMax":4,"Value":96},{"Length":35,"Height":3,"Demand":0,"DemandMax":4,"Value":105},{"Length":44,"Height":20,"Demand":0,"DemandMax":4,"Value":2640},{"Length":95,"Height":41,"Demand":0,"DemandMax":4,"Value":3895},{"Length":26,"Height":13,"Demand":0,"DemandMax":4,"Value":1014},{"Length":77,"Height":73,"Demand":0,"DemandMax":4,"Value":11242},{"Length":49,"Height":5,"Demand":0,"DemandMax":4,"Value":490},{"Length":62,"Height":79,"Demand":0,"DemandMax":4,"Value":4898},{"Length":33,"Height":21,"Demand":0,"DemandMax":4,"Value":2079},{"Length":93,"Height":45,"Demand":0,"DemandMax":4,"Value":8370},{"Length":19,"Height":49,"Demand":0,"DemandMax":4,"Value":2793},{"Length":85,"Height":99,"Demand":0,"DemandMax":4,"Value":25245},{"Length":2,"Height":11,"Demand":0,"DemandMax":4,"Value":44},{"Length":99,"Height":87,"Demand":0,"DemandMax":4,"Value":17226},{"Length":17,"Height":34,"Demand":0,"DemandMax":4,"Value":578},{"Length":92,"Height":52,"Demand":0,"DemandMax":4,"Value":9568},{"Length":65,"Height":94,"Demand":0,"DemandMax":4,"Value":6110},{"Length":20,"Height":83,"Demand":0,"DemandMax":4,"Value":1660},{"Length":78,"Height":63,"Demand":0,"DemandMax":4,"Value":14742},{"Length":7,"Height":28,"Demand":0,"DemandMax":4,"Value":392},{"Length":28,"Height":19,"Demand":0,"DemandMax":4,"Value":532},{"Length":28,"Height":88,"Demand":0,"DemandMax":4,"Value":2464},{"Length":80,"Height":17,"Demand":0,"DemandMax":4,"Value":4080},{"Length":3,"Height":47,"Demand":0,"DemandMax":4,"Value":423},{"Length":77,"Height":83,"Demand":0,"DemandMax":4,"Value":19173},{"Length":41,"Height":19,"Demand":0,"DemandMax":4,"Value":1558},{"Length":95,"Height":74,"Demand":0,"DemandMax":4,"Value":21090},{"Length":3,"Height":9,"Demand":0,"DemandMax":4,"Value":27},{"Length":13,"Height":29,"Demand":0,"DemandMax":4,"Value":1131},{"Length":55,"Height":72,"Demand":0,"DemandMax":4,"Value":11880},{"Length":25,"Height":4,"Demand":0,"DemandMax":4,"Value":200},{"Length":65,"Height":70,"Demand":0,"DemandMax":4,"Value":9100},{"Length":65,"Height":100,"Demand":0,"DemandMax":4,"Value":6500},{"Length":76,"Height":8,"Demand":0,"DemandMax":4,"Value":608},{"Length":9,"Height":95,"Demand":0,"DemandMax":4,"Value":1710},{"Length":52,"Height":59,"Demand":0,"DemandMax":4,"Value":9204},{"Length":46,"Height":34,"Demand":0,"DemandMax":4,"Value":3128},{"Length":25,"Height":36,"Demand":0,"DemandMax":4,"Value":900},{"Length":96,"Height":25,"Demand":0,"DemandMax":4,"Value":7200},{"Length":88,"Height":60,"Demand":0,"DemandMax":4,"Value":15840},{"Length":6,"Height":6,"Demand":0,"DemandMax":4,"Value":36},{"Length":98,"Height":73,"Demand":0,"DemandMax":4,"Value":7154},{"Length":45,"Height":26,"Demand":0,"DemandMax":4,"Value":1170},{"Length":45,"Height":89,"Demand":0,"DemandMax":4,"Value":12015},{"Length":85,"Height":36,"Demand":0,"DemandMax":4,"Value":6120},{"Length":32,"Height":3,"Demand":0,"DemandMax":4,"Value":288},{"Length":84,"Height":16,"Demand":0,"DemandMax":4,"Value":4032},{"Length":25,"Height":11,"Demand":0,"DemandMax":4,"Value":550},{"Length":35,"Height":22,"Demand":0,"DemandMax":4,"Value":1540},{"Length":35,"Height":36,"Demand":0,"DemandMax":4,"Value":2520},{"Length":12,"Height":47,"Demand":0,"DemandMax":4,"Value":1692},{"Length":91,"Height":14,"Demand":0,"DemandMax":4,"Value":2548},{"Length":99,"Height":13,"Demand":0,"DemandMax":4,"Value":3861},{"Length":67,"Height":60,"Demand":0,"DemandMax":4,"Value":8040},{"Length":83,"Height":22,"Demand":0,"DemandMax":4,"Value":5478},{"Length":80,"Height":75,"Demand":0,"DemandMax":4,"Value":18000},{"Length":39,"Height":35,"Demand":0,"DemandMax":4,"Value":2730},{"Length":100,"Height":31,"Demand":0,"DemandMax":4,"Value":9300},{"Length":18,"Height":32,"Demand":0,"DemandMax":4,"Value":576},{"Length":3,"Height":18,"Demand":0,"DemandMax":4,"Value":108},{"Length":83,"Height":6,"Demand":0,"DemandMax":4,"Value":498},{"Length":100,"Height":17,"Demand":0,"DemandMax":4,"Value":3400},{"Length":83,"Height":79,"Demand":0,"DemandMax":4,"Value":6557},{"Length":56,"Height":73,"Demand":0,"DemandMax":4,"Value":8176},{"Length":16,"Height":9,"Demand":0,"DemandMax":4,"Value":288},{"Length":48,"Height":11,"Demand":0,"DemandMax":4,"Value":528},{"Length":16,"Height":9,"Demand":0,"DemandMax":4,"Value":432},{"Length":13,"Height":93,"Demand":0,"DemandMax":4,"Value":1209},{"Length":95,"Height":27,"Demand":0,"DemandMax":4,"Value":2565},{"Length":89,"Height":44,"Demand":0,"DemandMax":4,"Value":7832},{"Length":5,"Height":34,"Demand":0,"DemandMax":4,"Value":340},{"Length":90,"Height":12,"Demand":0,"DemandMax":4,"Value":2160},{"Length":54,"Height":76,"Demand":0,"DemandMax":4,"Value":12312},{"Length":24,"Height":15,"Demand":0,"DemandMax":4,"Value":360},{"Length":75,"Height":78,"Demand":0,"DemandMax":4,"Value":17550},{"Length":37,"Height":32,"Demand":0,"DemandMax":4,"Value":2368},{"Length":23,"Height":85,"Demand":0,"DemandMax":4,"Value":5865},{"Length":44,"Height":85,"Demand":0,"DemandMax":4,"Value":7480},{"Length":78,"Height":15,"Demand":0,"DemandMax":4,"Value":3510},{"Length":21,"Height":91,"Demand":0,"DemandMax":4,"Value":1911},{"Length":98,"Height":7,"Demand":0,"DemandMax":4,"Value":2058},{"Length":43,"Height":47,"Demand":0,"DemandMax":4,"Value":2021},{"Length":19,"Height":38,"Demand":0,"DemandMax":4,"Value":2166},{"Length":44,"Height":31,"Demand":0,"DemandMax":4,"Value":2728},{"Length":74,"Height":100,"Demand":0,"DemandMax":4,"Value":14800},{"Length":38,"Height":94,"Demand":0,"DemandMax":4,"Value":3572},{"Length":24,"Height":97,"Demand":0,"DemandMax":4,"Value":4656},{"Length":27,"Height":77,"Demand":0,"DemandMax":4,"Value":2079},{"Length":7,"Height":20,"Demand":0,"DemandMax":4,"Value":280},{"Length":11,"Height":42,"Demand":0,"DemandMax":4,"Value":1386},{"Length":48,"Height":90,"Demand":0,"DemandMax":4,"Value":8640},{"Length":80,"Height":40,"Demand":0,"DemandMax":4,"Value":3200},{"Length":35,"Height":97,"Demand":0,"DemandMax":4,"Value":6790},{"Length":99,"Height":34,"Demand":0,"DemandMax":4,"Value":10098},{"Length":84,"Height":76,"Demand":0,"DemandMax":4,"Value":12768},{"Length":45,"Height":22,"Demand":0,"DemandMax":4,"Value":2970},{"Length":24,"Height":10,"Demand":0,"DemandMax":4,"Value":480},{"Length":44,"Height":43,"Demand":0,"DemandMax":4,"Value":5676},{"Length":91,"Height":5,"Demand":0,"DemandMax":4,"Value":1365},{"Length":39,"Height":37,"Demand":0,"DemandMax":4,"Value":2886},{"Length":2,"Height":22,"Demand":0,"DemandMax":4,"Value":44},{"Length":30,"Height":100,"Demand":0,"DemandMax":4,"Value":9000},{"Length":16,"Height":31,"Demand":0,"DemandMax":4,"Value":1488},{"Length":91,"Height":17,"Demand":0,"DemandMax":4,"Value":1547},{"Length":89,"Height":100,"Demand":0,"DemandMax":4,"Value":8900},{"Length":92,"Height":69,"Demand":0,"DemandMax":4,"Value":12696},{"Length":50,"Height":13,"Demand":0,"DemandMax":4,"Value":650},{"Length":98,"Height":73,"Demand":0,"DemandMax":4,"Value":14308},{"Length":42,"Height":38,"Demand":0,"DemandMax":4,"Value":1596},{"Length":23,"Height":7,"Demand":0,"DemandMax":4,"Value":483},{"Length":84,"Height":67,"Demand":0,"DemandMax":4,"Value":11256},{"Length":14,"Height":18,"Demand":0,"DemandMax":4,"Value":756},{"Length":59,"Height":88,"Demand":0,"DemandMax":4,"Value":15576},{"Length":23,"Height":49,"Demand":0,"DemandMax":4,"Value":2254},{"Length":59,"Height":92,"Demand":0,"DemandMax":4,"Value":10856},{"Length":68,"Height":89,"Demand":0,"DemandMax":4,"Value":18156},{"Length":5,"Height":30,"Demand":0,"DemandMax":4,"Value":300},{"Length":85,"Height":29,"Demand":0,"DemandMax":4,"Value":2465},{"Length":38,"Height":24,"Demand":0,"DemandMax":4,"Value":912},{"Length":36,"Height":44,"Demand":0,"DemandMax":4,"Value":1584},{"Length":49,"Height":100,"Demand":0,"DemandMax":4,"Value":4900},{"Length":19,"Height":10,"Demand":0,"DemandMax":4,"Value":190},{"Length":100,"Height":75,"Demand":0,"DemandMax":4,"Value":15000},{"Length":47,"Height":26,"Demand":0,"DemandMax":4,"Value":1222},{"Length":79,"Height":40,"Demand":0,"DemandMax":4,"Value":6320},{"Length":90,"Height":32,"Demand":0,"DemandMax":4,"Value":5760},{"Length":73,"Height":75,"Demand":0,"DemandMax":4,"Value":16425},{"Length":43,"Height":43,"Demand":0,"DemandMax":4,"Value":1849},{"Length":14,"Height":32,"Demand":0,"DemandMax":4,"Value":448},{"Length":35,"Height":79,"Demand":0,"DemandMax":4,"Value":8295}]}