{"Name":"ngcutfs2_204","Objects":[{"Length":100,"Height":100,"Stock":null,"Cost":10000}],"Items":[{"Length":21,"Height":97,"Demand":0,"DemandMax":8,"Value":2037},{"Length":16,"Height":2,"Demand":0,"DemandMax":4,"Value":64},{"Length":18,"Height":79,"Demand":0,"DemandMax":4,"Value":2844},{"Length":9,"Height":23,"Demand":0,"DemandMax":4,"Value":207},{"Length":17,"Height":23,"Demand":0,"DemandMax":4,"Value":1173},{"Length":25,"Height":25,"Demand":0,"DemandMax":4,"Value":1250},{"Length":49,"Height":12,"Demand":0,"DemandMax":4,"Value":1764},{"Length":86,"Height":98,"Demand":0,"DemandMax":4,"Value":8428},{"Length":85,"Height":50,"Demand":0,"DemandMax":4,"Value":8500},{"Length":88,"Height":9,"Demand":0,"DemandMax":4,"Value":792},{"Length":12,"Height":43,"Demand":0,"DemandMax":4,"Value":1032},{"Length":55,"Height":53,"Demand":0,"DemandMax":4,"Value":5830},{"Length":81,"Height":28,"Demand":0,"DemandMax":4,"Value":4536},{"Length":67,"Height":54,"Demand":0,"DemandMax":4,"Value":3618},{"Length":100,"Height":9,"Demand":0,"DemandMax":4,"Value":1800},{"Length":60,"Height":65,"Demand":0,"DemandMax":4,"Value":7800},{"Length":92,"Height":99,"Demand":0,"DemandMax":4,"Value":18216},{"Length":8,"Height":4,"Demand":0,"DemandMax":4,"Value":64},{"Length":19,"Height":44,"Demand":0,"DemandMax":4,"Value":836},{"Length":96,"Height":15,"Demand":0,"DemandMax":4,"Value":4320},{"Length":46,"Height":40,"Demand":0,"DemandMax":4,"Value":1840},{"Length":13,"Height":47,"Demand":0,"DemandMax":4,"Value":611},{"Length":36,"Height":34,"Demand":0,"DemandMax":4,"Value":1224},{"Length":50,"Height":3,"Demand":0,"DemandMax":4,"Value":150},{"Length":82,"Height":14,"Demand":0,"DemandMax":4,"Value":2296},{"Length":7,"Height":90,"Demand":0,"DemandMax":4,"Value":1890},{"Length":89,"Height":9,"Demand":0,"DemandMax":4,"Value":801},{"Length":19,"Height":10,"Demand":0,"DemandMax":4,"Value":570},{"Length":14,"Height":10,"Demand":0,"DemandMax":4,"Value":280},{"Length":16,"Height":25,"Demand":0,"DemandMax":4,"Value":400},{"Length":43,"Height":11,"Demand":0,"DemandMax":4,"Value":473},{"Length":33,"Height":14,"Demand":0,"DemandMax":4,"Value":924},{"Length":43,"Height":21,"Demand":0,"DemandMax":4,"Value":903},{"Length":38,"Height":81,"Demand":0,"DemandMax":4,"Value":6156},{"Length":19,"Height":19,"Demand":0,"DemandMax":4,"Value":361},{"Length":23,"Height":41,"Demand":0,"DemandMax":4,"Value":1886},{"Length":43,"Height":8,"Demand":0,"DemandMax":4,"Value":688},{"Length":84,"Height":10,"Demand":0,"DemandMax":4,"Value":2520},{"Length":49,"Height":16,"Demand":0,"DemandMax":4,"Value":784},{"Length":83,"Height":20,"Demand":0,"DemandMax":4,"Value":3320},{"Length":77,"Height":83,"Demand":0,"DemandMax":4,"Value":12782},{"Length":33,"Height":37,"Demand":0,"DemandMax":4,"Value":1221},{"Length":27,"Height":28,"Demand":0,"DemandMax":4,"Value":1512},{"Length":11,"Height":32,"Demand":0,"DemandMax":4,"Value":704},{"Length":7,"Height":84,"Demand":0,"DemandMax":4,"Value":588},{"Length":35,"Height":84,"Demand":0,"DemandMax":4,"Value":2940},{"Length":11,"Height":42,"Demand":0,"DemandMax":4,"Value":924},{"Length":99,"Height":2,"Demand":0,"DemandMax":4,"Value":198},{"Length":38,"Height":34,"Demand":0,"DemandMax":4,"Value":2584},{"Length":93,"Height":42,"Demand":0,"DemandMax":4,"Value":11718},{"Length":6,"Height":2,"Demand":0,"DemandMax":4,"Value":12},{"Length":81,"Height":47,"Demand":0,"DemandMax":4,"Value":7614},{"Length":43,"Height":21,"Demand":0,"DemandMax":4,"Value":1806},{"Length":30,"Height":35,"Demand":0,"DemandMax":4,"Value":2100},{"Length":6,"Height":32,"Demand":0,"DemandMax":4,"Value":192},{"Length":14,"Height":44,"Demand":0,"DemandMax":4,"Value":616},{"Length":26,"Height":44,"Demand":0,"DemandMax":4,"Value":1144},{"Length":27,"Height":4,"Demand":0,"DemandMax":4,"Value":108},{"Length":20,"Height":3,"Demand":0,"DemandMax":4,"Value":60},{"Length":74,"Height":90,"Demand":0,"DemandMax":4,"Value":13320},{"Length":23,"Height":91,"Demand":0,"DemandMax":4,"Value":2093},{"Length":23,"Height":99,"Demand":0,"DemandMax":4,"Value":4554},{"Length":3,"Height":13,"Demand":0,"DemandMax":4,"Value":78},{"Length":77,"Height":14,"Demand":0,"DemandMax":4,"Value":3234},{"Length":40,"Height":33,"Demand":0,"DemandMax":4,"Value":2640},{"Length":47,"Height":43,"Demand":0,"DemandMax":4,"Value":4042},{"Length":48,"Height":4,"Demand":0,"DemandMax":4,"Value":192},{"Length":38,"Height":25,"Demand":0,"DemandMax":4,"Value":2850},{"Length":35,"Height":19,"Demand":0,"DemandMax":4,"Value":665},{"Length":35,"Height":28,"Demand":0,"DemandMax":4,"Value":980},{"Length":21,"Height":38,"Demand":0,"DemandMax":4,"Value":798},{"Length":83,"Height":35,"Demand":0,"DemandMax":4,"Value":8715},{"Length":82,"Height":21,"Demand":0,"DemandMax":4,"Value":5166},{"Length":32,"Height":10,"Demand":0,"DemandMax":4,"Value":320},{"Length":6,"Height":40,"Demand":0,"DemandMax":4,"Value":240},{"Length":37,"Height":99,"Demand":0,"DemandMax":4,"Value":3663},{"Length":14,"Height":11,"Demand":0,"DemandMax":4,"Value":308},{"Length":3,"Height":22,"Demand":0,"DemandMax":4,"Value":198},{"Length":41,"Height":49,"Demand":0,"DemandMax":4,"Value":6027},{"Length":33,"Height":97,"Demand":0,"DemandMax":4,"Value":9603},{"Length":62,"Height":90,"Demand":0,"DemandMax":8,"Value":16740},{"Length":47,"Height":17,"Demand":0,"DemandMax":4,"Value":2397},{"Length":4,"Height":77,"Demand":0,"DemandMax":4,"Value":924},{"Length":48,"Height":97,"Demand":0,"DemandMax":4,"Value":4656},{"Length":4,"Height":3,"Demand":0,"DemandMax":4,"Value":12},{"Length":63,"Height":78,"Demand":0,"DemandMax":4,"Value":4914},{"Length":38,"Height":44,"Demand":0,"DemandMax":4,"Value":5016},{"Length":94,"Height":25,"Demand":0,"DemandMax":4,"Value":7050},{"Length":27,"Height":3,"Demand":0,"DemandMax":4,"Value":162},{"Length":79,"Height":32,"Demand":0,"DemandMax":4,"Value":5056},{"Length":94,"Height":72,"Demand":0,"DemandMax":4,"Value":13536},{"Length":28,"Height":43,"Demand":0,"DemandMax":4,"Value":2408},{"Length":34,"Height":90,"Demand":0,"DemandMax":4,"Value":3060},{"Length":83,"Height":51,"Demand":0,"DemandMax":4,"Value":4233},{"Length":33,"Height":87,"Demand":0,"DemandMax":4,"Value":2871},{"Length":93,"Height":9,"Demand":0,"DemandMax":4,"Value":837},{"Length":54,"Height":76,"Demand":0,"DemandMax":4,"Value":8208},{"Length":42,"Height":4,"Demand":0,"DemandMax":4,"Value":504},{"Length":5,"Height":7,"Demand":0,"DemandMax":4,"Value":35},{"Length":35,"Height":42,"Demand":0,"DemandMax":4,"Value":1470},{"Length":19,"Height":22,"Demand":0,"DemandMax":4,"Value":1254},{"Length":44,"Height":39,"Demand":0,"DemandMax":4,"Value":1716},{"Length":46,"Height":36,"Demand":0,"DemandMax":4,"Value":3312},{"Length":2,"Height":5,"Demand":0,"DemandMax":4,"Value":30},{"Length":28,"Height":43,"Demand":0,"DemandMax":4,"Value":1204},{"Length":39,"Height":11,"Demand":0,"DemandMax":4,"Value":858},{"Length":8,"Height":36,"Demand":0,"DemandMax":4,"Value":288},{"Length":55,"Height":73,"Demand":0,"DemandMax":4,"Value":4015},{"Length":42,"Height":95,"Demand":0,"DemandMax":4,"Value":7980},{"Length":19,"Height":2,"Demand":0,"DemandMax":4,"Value":114},{"Length":16,"Height":2,"Demand":0,"DemandMax":4,"Value":32},{"Length":13,"Height":43,"Demand":0,"DemandMax":4,"Value":559},{"Length":22,"Height":22,"Demand":0,"DemandMax":4,"Value":1452},{"Length":2,"Height":29,"Demand":0,"DemandMax":4,"Value":58},{"Length":87,"Height":10,"Demand":0,"DemandMax":4,"Value":870},{"Length":87,"Height":75,"Demand":0,"DemandMax":4,"Value":13050},{"Length":87,"Height":71,"Demand":0,"DemandMax":4,"Value":18531},{"Length":36,"Height":78,"Demand":0,"DemandMax":4,"Value":5616},{"Length":21,"Height":85,"Demand":0,"DemandMax":4,"Value":1785},{"Length":15,"Height":10,"Demand":0,"DemandMax":4,"Value":300},{"Length":32,"Height":98,"Demand":0,"DemandMax":4,"Value":3136},{"Length":9,"Height":44,"Demand":0,"DemandMax":4,"Value":792},{"Length":45,"Height":41,"Demand":0,"DemandMax":4,"Value":3690},{"Length":85,"Height":90,"Demand":0,"DemandMax":4,"Value":15300},{"Length":8,"Height":78,"Demand":0,"DemandMax":4,"Value":1872},{"Length":28,"Height":47,"Demand":0,"DemandMax":4,"Value":2632},{"Length":26,"Height":8,"Demand":0,"DemandMax":4,"Value":416},{"Length":24,"Height":3,"Demand":0,"DemandMax":4,"Value":216},{"Length":35,"Height":31,"Demand":0,"DemandMax":4,"Value":1085},{"Length":79,"Height":16,"Demand":0,"DemandMax":4,"Value":3792},{"Length":19,"Height":84,"Demand":0,"DemandMax":4,"Value":1596},{"Length":17,"Height":30,"Demand":0,"DemandMax":4,"Value":1530},{"Length":90,"Height":8,"Demand":0,"DemandMax":4,"Value":1440},{"Length":61,"Height":70,"Demand":0,"DemandMax":4,"Value":4270},{"Length":44,"Height":41,"Demand":0,"DemandMax":8,"Value":5412},{"Length":93,"Height":12,"Demand":0,"DemandMax":4,"Value":3348},{"Length":27,"Height":14,"Demand":0,"DemandMax":4,"Value":1134},{"Length":85,"Height":32,"Demand":0,"DemandMax":4,"Value":2720},{"Length":50,"Height":90,"Demand":0,"DemandMax":4,"Value":13500},{"Length":42,"Height":6,"Demand":0,"DemandMax":4,"Value":252},{"Length":53,"Height":75,"Demand":0,"DemandMax":4,"Value":7950},{"Length":25,"Height":11,"Demand":0,"DemandMax":4,"Value":275},{"Length":44,"Height":27,"Demand":0,"DemandMax":4,"Value":1188},{"Length":40,"Height":36,"Demand":0,"DemandMax":4,"Value":2880},{"Length":28,"Height":97,"Demand":0,"DemandMax":4,"Value":8148},{"Length":95,"Height":3,"Demand":0,"DemandMax":4,"Value":855},{"Length":6,"Height":41,"Demand":0,"DemandMax":8,"Value":246},{"Length":63,"Height":54,"Demand":0,"DemandMax":4,"Value":10206},{"Length":29,"Height":89,"Demand":0,"DemandMax":4,"Value":5162},{"Length":11,"Height":43,"Demand":0,"DemandMax":4,"Value":473},{"Length":82,"Height":45,"Demand":0,"DemandMax":4,"Value":11070},{"Length":89,"Height":76,"Demand":0,"DemandMax":4,"Value":13528},{"Length":34,"Height":14,"Demand":0,"DemandMax":4,"Value":1428},{"Length":20,"Height":44,"Demand":0,"DemandMax":4,"Value":1760},{"Length":15,"Height":50,"Demand":0,"DemandMax":8,"Value":2250},{"Length":68,"Height":70,"Demand":0,"DemandMax":4,"Value":14280},{"Length":48,"Height":6,"Demand":0,"DemandMax":4,"Value":288},{"Length":29,"Height":3,"Demand":0,"DemandMax":4,"Value":87},{"Length":30,"Height":91,"Demand":0,"DemandMax":4,"Value":5460},{"Length":96,"Height":46,"Demand":0,"DemandMax":4,"Value":13248},{"Length":3,"Height":39,"Demand":0,"DemandMax":4,"Value":117},{"Length":31,"Height":79,"Demand":0,"DemandMax":4,"Value":4898},{"Length":20,"Height":85,"Demand":0,"DemandMax":4,"Value":1700},{"Length":56,"Height":96,"Demand":0,"DemandMax":4,"Value":16128},{"Length":87,"Height":89,"Demand":0,"DemandMax":4,"Value":7743},{"Length":42,"Height":46,"Demand":0,"DemandMax":4,"Value":5796},{"Length":46,"Height":48,"Demand":0,"DemandMax":4,"Value":2208},{"Length":21,"Height":14,"Demand":0,"DemandMax":4,"Value":294},{"Length":6,"Height":4,"Demand":0,"DemandMax":4,"Value":72},{"Length":19,"Height":44,"Demand":0,"DemandMax":4,"Value":1672},{"Length":83,"Height":29,"Demand":0,"DemandMax":4,"Value":4814},{"Length":89,"Height":17,"Demand":0,"DemandMax":4,"Value":3026},{"Length":40,"Height":45,"Demand":0,"DemandMax":4,"Value":3600},{"Length":33,"Height":91,"Demand":0,"DemandMax":4,"Value":6006},{"Length":85,"Height":93,"Demand":0,"DemandMax":4,"Value":23715},{"Length":13,"Height":26,"Demand":0,"DemandMax":4,"Value":1014},{"Length":27,"Height":90,"Demand":0,"DemandMax":4,"Value":7290},{"Length":35,"Height":15,"Demand":0,"DemandMax":8,"Value":525},{"Length":71,"Height":64,"Demand":0,"DemandMax":4,"Value":4544},{"Length":4,"Height":17,"Demand":0,"DemandMax":4,"Value":204},{"Length":21,"Height":27,"Demand":0,"DemandMax":4,"Value":1134},{"Length":2,"Height":21,"Demand":0,"DemandMax":4,"Value":126},{"Length":74,"Height":56,"Demand":0,"DemandMax":4,"Value":8288},{"Length":87,"Height":46,"Demand":0,"DemandMax":4,"Value":8004},{"Length":32,"Height":6,"Demand":0,"DemandMax":4,"Value":192},{"Length":91,"Height":98,"Demand":0,"DemandMax":4,"Value":26754},{"Length":34,"Height":48,"Demand":0,"DemandMax":4,"Value":4896},{"Length":81,"Height":53,"Demand":0,"DemandMax":4,"Value":4293},{"Length":21,"Height":5,"Demand":0,"DemandMax":12,"Value":105},{"Length":82,"Height":32,"Demand":0,"DemandMax":4,"Value":5248},{"Length":5,"Height":15,"Demand":0,"DemandMax":4,"Value":75},{"Length":24,"Height":14,"Demand":0,"DemandMax":4,"Value":1008},{"Length":29,"Height":31,"Demand":0,"DemandMax":4,"Value":899},{"Length":21,"Height":10,"Demand":0,"DemandMax":4,"Value":630},{"Length":90,"Height":76,"Demand":0,"DemandMax":4,"Value":13680},{"Length":85,"Height":37,"Demand":0,"DemandMax":4,"Value":3145},{"Length":7,"Height":80,"Demand":0,"DemandMax":4,"Value":1680},{"Length":46,"Height":43,"Demand":0,"DemandMax":8,"Value":5934},{"Length":6,"Height":79,"Demand":0,"DemandMax":4,"Value":474},{"Length":10,"Height":85,"Demand":0,"DemandMax":4,"Value":2550},{"Length":14,"Height":40,"Demand":0,"DemandMax":4,"Value":1120},{"Length":22,"Height":88,"Demand":0,"DemandMax":4,"Value":3872},{"Length":16,"Height":31,"Demand":0,"DemandMax":4,"Value":992},{"Length":31,"Height":82,"Demand":0,"DemandMax":4,"Value":2542},{"Length":29,"Height":41,"Demand":0,"DemandMax":4,"Value":2378},{"Length":49,"Height":92,"Demand":0,"DemandMax":4,"Value":13524},{"Length":46,"Height":31,"Demand":0,"DemandMax":4,"Value":2852},{"Length":46,"Height":17,"Demand":0,"DemandMax":4,"Value":782},{"Length":65,"Height":51,"Demand":0,"DemandMax":4,"Value":6630},{"Length":83,"Height":41,"Demand":0,"DemandMax":4,"Value":6806},{"Length":41,"Height":31,"Demand":0,"DemandMax":4,"Value":2542},{"Length":93,"Height":24,"Demand":0,"DemandMax":4,"Value":6696},{"Length":19,"Height":12,"Demand":0,"DemandMax":4,"Value":228},{"Length":37,"Height":4,"Demand":0,"DemandMax":4,"Value":148},{"Length":45,"Height":28,"Demand":0,"DemandMax":8,"Value":2520},{"Length":25,"Height":21,"Demand":0,"DemandMax":4,"Value":525},{"Length":14,"Height":81,"Demand":0,"DemandMax":4,"Value":1134},{"Length":48,"Height":40,"Demand":0,"DemandMax":4,"Value":1920},{"Length":47,"Height":81,"Demand":0,"DemandMax":4,"Value":11421},{"Length":77,"Height":34,"Demand":0,"DemandMax":4,"Value":2618},{"Length":3,"Height":3,"Demand":0,"DemandMax":4,"Value":18},{"Length":15,"Height":32,"Demand":0,"DemandMax":4,"Value":960},{"Length":13,"Height":22,"Demand":0,"DemandMax":4,"Value":286},{"Length":78,"Height":13,"Demand":0,"DemandMax":4,"Value":3042},{"Length":41,"Height":18,"Demand":0,"DemandMax":12,"Value":2214},{"Length":45,"Height":46,"Demand":0,"DemandMax":4,"Value":4140},{"Length":57,"Height":93,"Demand":0,"DemandMax":4,"Value":10602},{"Length":22,"Height":85,"Demand":0,"DemandMax":4,"Value":3740},{"Length":37,"Height":49,"Demand":0,"DemandMax":4,"Value":5439},{"Length":11,"Height":25,"Demand":0,"DemandMax":4,"Value":275},{"Length":28,"Height":22,"Demand":0,"DemandMax":4,"Value":1848},{"Length":27,"Height":76,"Demand":0,"DemandMax":4,"Value":4104},{"Length":99,"Height":26,"Demand":0,"DemandMax":4,"Value":7722},{"Length":74,"Height":85,"Demand":0,"DemandMax":4,"Value":18870},{"Length":30,"Height":95,"Demand":0,"DemandMax":4,"Value":5700},{"Length":32,"Height":32,"Demand":0,"DemandMax":4,"Value":1024},{"Length":70,"Height":82,"Demand":0,"DemandMax":4,"Value":5740},{"Length":13,"Height":92,"Demand":0,"DemandMax":4,"Value":3588},{"Length":46,"Height":11,"Demand":0,"DemandMax":4,"Value":1518},{"Length":3,"Height":15,"Demand":0,"DemandMax":4,"Value":135},{"Length":19,"Height":10,"Demand":0,"DemandMax":4,"Value":380},{"Length":23,"Height":15,"Demand":0,"DemandMax":4,"Value":690},{"Length":87,"Height":32,"Demand":0,"DemandMax":4,"Value":5568},{"Length":81,"Height":91,"Demand":0,"DemandMax":4,"Value":7371},{"Length":94,"Height":64,"Demand":0,"DemandMax":4,"Value":18048},{"Length":7,"Height":36,"Demand":0,"DemandMax":4,"Value":252},{"Length":93,"Height":79,"Demand":0,"DemandMax":4,"Value":14694},{"Length":82,"Height":76,"Demand":0,"DemandMax":4,"Value":6232},{"Length":94,"Height":15,"Demand":0,"DemandMax":4,"Value":2820},{"Length":79,"Height":23,"Demand":0,"DemandMax":4,"Value":3634},{"Length":40,"Height":7,"Demand":0,"DemandMax":4,"Value":280},{"Length":11,"Height":6,"Demand":0,"DemandMax":4,"Value":198},{"Length":3,"Height":86,"Demand":0,"DemandMax":4,"Value":774},{"Length":92,"Height":21,"Demand":0,"DemandMax":4,"Value":3864},{"Length":22,"Height":42,"Demand":0,"DemandMax":4,"Value":2772},{"Length":92,"Height":88,"Demand":0,"DemandMax":4,"Value":8096},{"Length":20,"Height":19,"Demand":0,"DemandMax":4,"Value":760},{"Length":21,"Height":17,"Demand":0,"DemandMax":4,"Value":357},{"Length":23,"Height":45,"Demand":0,"DemandMax":4,"Value":1035},{"Length":18,"Height":44,"Demand":0,"DemandMax":4,"Value":2376},{"Length":12,"Height":96,"Demand":0,"DemandMax":4,"Value":2304},{"Length":30,"Height":34,"Demand":0,"DemandMax":4,"Value":3060},{"Length":3,"Height":8,"Demand":0,"DemandMax":4,"Value":48},{"Length":27,"Height":8,"Demand":0,"DemandMax":4,"Value":216},{"Length":5,"Height":2,"Demand":0,"DemandMax":4,"Value":30},{"Length":22,"Height":17,"Demand":0,"DemandMax":4,"Value":374},{"Length":80,"Height":94,"Demand":0,"DemandMax":4,"Value":15040},{"Length":6,"Height":16,"Demand":0,"DemandMax":4,"Value":192},{"Length":36,"Height":30,"Demand":0,"DemandMax":4,"Value":3240},{"Length":91,"Height":80,"Demand":0,"DemandMax":4,"Value":21840},{"Length":7,"Height":44,"Demand":0,"DemandMax":4,"Value":308},{"Length":26,"Height":4,"Demand":0,"DemandMax":4,"Value":312},{"Length":39,"Height":48,"Demand":0,"DemandMax":4,"Value":3744},{"Length":9,"Height":45,"Demand":0,"DemandMax":4,"Value":810},{"Length":76,"Height":77,"Demand":0,"DemandMax":4,"Value":11704},{"Length":89,"Height":42,"Demand":0,"DemandMax":4,"Value":7476},{"Length":23,"Height":44,"Demand":0,"DemandMax":4,"Value":2024},{"Length":87,"Height":14,"Demand":0,"DemandMax":4,"Value":1218},{"Length":24,"Height":33,"Demand":0,"DemandMax":4,"Value":2376},{"Length":22,"Height":36,"Demand":0,"DemandMax":4,"Value":1584},{"Length":93,"Height":45,"Demand":0,"DemandMax":4,"Value":8370},{"Length":87,"Height":61,"Demand":0,"DemandMax":4,"Value":10614},{"Length":26,"Height":48,"Demand":0,"DemandMax":4,"Value":2496},{"Length":20,"Height":22,"Demand":0,"DemandMax":4,"Value":1320},{"Length":64,"Height":55,"Demand":0,"DemandMax":4,"Value":7040},{"Length":24,"Height":80,"Demand":0,"DemandMax":4,"Value":1920},{"Length":20,"Height":46,"Demand":0,"DemandMax":4,"Value":2760},{"Length":26,"Height":78,"Demand":0,"DemandMax":4,"Value":2028},{"Length":41,"Height":35,"Demand":0,"DemandMax":4,"Value":4305},{"Length":15,"Height":45,"Demand":0,"DemandMax":4,"Value":2025},{"Length":37,"Height":41,"Demand":0,"DemandMax":4,"Value":3034},{"Length":99,"Height":41,"Demand":0,"DemandMax":4,"Value":4059},{"Length":49,"Height":31,"Demand":0,"DemandMax":4,"Value":4557},{"Length":34,"Height":35,"Demand":0,"DemandMax":4,"Value":1190},{"Length":61,"Height":56,"Demand":0,"DemandMax":4,"Value":6832},{"Length":90,"Height":66,"Demand":0,"DemandMax":4,"Value":5940},{"Length":77,"Height":6,"Demand":0,"DemandMax":4,"Value":1386},{"Length":26,"Height":91,"Demand":0,"DemandMax":4,"Value":4732},{"Length":64,"Height":64,"Demand":0,"DemandMax":4,"Value":4096},{"Length":32,"Height":100,"Demand":0,"DemandMax":4,"Value":9600},{"Length":4,"Height":37,"Demand":0,"DemandMax":4,"Value":148},{"Length":2,"Height":9,"Demand":0,"DemandMax":4,"Value":36},{"Length":8,"Height":23,"Demand":0,"DemandMax":8,"Value":552},{"Length":24,"Height":25,"Demand":0,"DemandMax":4,"Value":1800},{"Length":20,"Height":39,"Demand":0,"DemandMax":4,"Value":1560},{"Length":47,"Height":11,"Demand":0,"DemandMax":4,"Value":517},{"Length":45,"Height":43,"Demand":0,"DemandMax":4,"Value":1935},{"Length":18,"Height":47,"Demand":0,"DemandMax":4,"Value":1692},{"Length":10,"Height":99,"Demand":0,"DemandMax":4,"Value":1980},{"Length":30,"Height":13,"Demand":0,"DemandMax":4,"Value":1170},{"Length":27,"Height":22,"Demand":0,"DemandMax":4,"Value":594},{"Length":49,"Height":7,"Demand":0,"DemandMax":4,"Value":343},{"Length":58,"Height":98,"Demand":0,"DemandMax":4,"Value":17052},{"Length":25,"Height":43,"Demand":0,"DemandMax":4,"Value":1075},{"Length":86,"Height":62,"Demand":0,"DemandMax":4,"Value":5332},{"Length":9,"Height":21,"Demand":0,"DemandMax":4,"Value":189},{"Length":20,"Height":20,"Demand":0,"DemandMax":4,"Value":800},{"Length":8,"Height":78,"Demand":0,"DemandMax":8,"Value":624},{"Length":27,"Height":11,"Demand":0,"DemandMax":4,"Value":891},{"Length":47,"Height":42,"Demand":0,"DemandMax":4,"Value":5922},{"Length":85,"Height":16,"Demand":0,"DemandMax":4,"Value":4080},{"Length":98,"Height":2,"Demand":0,"DemandMax":4,"Value":588},{"Length":77,"Height":84,"Demand":0,"DemandMax":4,"Value":6468},{"Length":46,"Height":16,"Demand":0,"DemandMax":4,"Value":2208},{"Length":8,"Height":82,"Demand":0,"DemandMax":4,"Value":656},{"Length":4,"Height":100,"Demand":0,"DemandMax":4,"Value":1200},{"Length":18,"Height":43,"Demand":0,"DemandMax":4,"Value":1548},{"Length":5,"Height":42,"Demand":0,"DemandMax":4,"Value":630},{"Length":68,"Height":79,"Demand":0,"DemandMax":4,"Value":10744},{"Length":37,"Height":44,"Demand":0,"DemandMax":4,"Value":1628},{"Length":34,"Height":85,"Demand":0,"DemandMax":4,"Value":8670},{"Length":10,"Height":77,"Demand":0,"DemandMax":4,"Value":2310},{"Length":40,"Height":36,"Demand":0,"DemandMax":4,"Value":1440},{"Length":76,"Height":81,"Demand":0,"DemandMax":4,"Value":18468},{"Length":93,"Height":76,"Demand":0,"DemandMax":8,"Value":14136},{"Length":24,"Height":94,"Demand":0,"DemandMax":4,"Value":6768},{"Length":100,"Height":25,"Demand":0,"DemandMax":4,"Value":7500},{"Length":8,"Height":8,"Demand":0,"DemandMax":4,"Value":128},{"Length":35,"Height":16,"Demand":0,"DemandMax":4,"Value":560},{"Length":96,"Height":46,"Demand":0,"DemandMax":4,"Value":4416},{"Length":49,"Height":22,"Demand":0,"DemandMax":4,"Value":1078},{"Length":12,"Height":25,"Demand":0,"DemandMax":4,"Value":300},{"Length":21,"Height":18,"Demand":0,"DemandMax":4,"Value":1134},{"Length":23,"Height":9,"Demand":0,"DemandMax":4,"Value":621},{"Length":20,"Height":28,"Demand":0,"DemandMax":4,"Value":1120},{"Length":44,"Height":33,"Demand":0,"DemandMax":8,"Value":1452},{"Length":30,"Height":8,"Demand":0,"DemandMax":4,"Value":480},{"Length":11,"Height":20,"Demand":0,"DemandMax":4,"Value":660},{"Length":39,"Height":26,"Demand":0,"DemandMax":4,"Value":1014},{"Length":28,"Height":89,"Demand":0,"DemandMax":4,"Value":7476},{"Length":11,"Height":3,"Demand":0,"DemandMax":4,"Value":66},{"Length":48,"Height":12,"Demand":0,"DemandMax":4,"Value":1152},{"Length":47,"Height":49,"Demand":0,"DemandMax":4,"Value":2303},{"Length":5,"Height":17,"Demand":0,"DemandMax":4,"Value":255},{"Length":21,"Height":20,"Demand":0,"DemandMax":4,"Value":840},{"Length":2,"Height":88,"Demand":0,"DemandMax":4,"Value":352},{"Length":22,"Height":92,"Demand":0,"DemandMax":4,"Value":2024},{"Length":77,"Height":76,"Demand":0,"DemandMax":4,"Value":17556},{"Length":11,"Height":27,"Demand":0,"DemandMax":4,"Value":594},{"Length":20,"Height":13,"Demand":0,"DemandMax":4,"Value":520},{"Length":69,"Height":54,"Demand":0,"DemandMax":4,"Value":7452},{"Length":39,"Height":49,"Demand":0,"DemandMax":8,"Value":1911},{"Length":17,"Height":50,"Demand":0,"DemandMax":4,"Value":2550},{"Length":78,"Height":75,"Demand":0,"DemandMax":4,"Value":5850},{"Length":100,"Height":86,"Demand":0,"DemandMax":4,"Value":25800},{"Length":56,"Height":56,"Demand":0,"DemandMax":4,"Value":3136},{"Length":34,"Height":7,"Demand":0,"DemandMax":4,"Value":714},{"Length":78,"Height":56,"Demand":0,"DemandMax":4,"Value":13104},{"Length":33,"Height":50,"Demand":0,"DemandMax":4,"Value":3300},{"Length":9,"Height":26,"Demand":0,"DemandMax":4,"Value":468},{"Length":34,"Height":85,"Demand":0,"DemandMax":4,"Value":5780},{"Length":8,"Height":27,"Demand":0,"DemandMax":4,"Value":432},{"Length":98,"Height":39,"Demand":0,"DemandMax":4,"Value":7644},{"Length":22,"Height":9,"Demand":0,"DemandMax":4,"Value":396},{"Length":22,"Height":32,"Demand":0,"DemandMax":4,"Value":704},{"Length":16,"Height":23,"Demand":0,"DemandMax":4,"Value":736},{"Length":23,"Height":84,"Demand":0,"DemandMax":4,"Value":5796},{"Length":49,"Height":24,"Demand":0,"DemandMax":4,"Value":3528},{"Length":5,"Height":28,"Demand":0,"DemandMax":4,"Value":140},{"Length":29,"Height":6,"Demand":0,"DemandMax":4,"Value":348},{"Length":66,"Height":99,"Demand":0,"DemandMax":4,"Value":6534},{"Length":75,"Height":93,"Demand":0,"DemandMax":4,"Value":13950},{"Length":61,"Height":77,"Demand":0,"DemandMax":4,"Value":14091},{"Length":92,"Height":5,"Demand":0,"DemandMax":4,"Value":1380},{"Length":46,"Height":18,"Demand":0,"DemandMax":4,"Value":1656},{"Length":79,"Height":61,"Demand":0,"DemandMax":4,"Value":4819},{"Length":28,"Height":95,"Demand":0,"DemandMax":4,"Value":2660},{"Length":9,"Height":18,"Demand":0,"DemandMax":4,"Value":324},{"Length":82,"Height":100,"Demand":0,"DemandMax":4,"Value":24600},{"Length":48,"Height":87,"Demand":0,"DemandMax":8,"Value":4176},{"Length":14,"Height":97,"Demand":0,"DemandMax":4,"Value":2716},{"Length":48,"Height":18,"Demand":0,"DemandMax":4,"Value":864},{"Length":36,"Height":41,"Demand":0,"DemandMax":4,"Value":2952},{"Length":28,"Height":35,"Demand":0,"DemandMax":4,"Value":2940},{"Length":43,"Height":83,"Demand":0,"DemandMax":4,"Value":10707},{"Length":45,"Height":8,"Demand":0,"DemandMax":4,"Value":1080},{"Length":84,"Height":39,"Demand":0,"DemandMax":4,"Value":9828},{"Length":49,"Height":29,"Demand":0,"DemandMax":4,"Value":1421},{"Length":14,"Height":36,"Demand":0,"DemandMax":4,"Value":1008},{"Length":7,"Height":87,"Demand":0,"DemandMax":4,"Value":1218},{"Length":2,"Height":42,"Demand":0,"DemandMax":4,"Value":84},{"Length":60,"Height":55,"Demand":0,"DemandMax":4,"Value":9900},{"Length":20,"Height":38,"Demand":0,"DemandMax":4,"Value":760},{"Length":96,"Height":87,"Demand":0,"DemandMax":4,"Value":16704},{"Length":45,"Height":2,"Demand":0,"DemandMax":4,"Value":270},{"Length":69,"Height":99,"Demand":0,"DemandMax":4,"Value":6831},{"Length":79,"Height":100,"Demand":0,"DemandMax":4,"Value":7900},{"Length":84,"Height":41,"Demand":0,"DemandMax":4,"Value":3444},{"Length":88,"Height":34,"Demand":0,"DemandMax":4,"Value":5984},{"Length":20,"Height":41,"Demand":0,"DemandMax":4,"Value":1640},{"Length":92,"Height":15,"Demand":0,"DemandMax":4,"Value":4140},{"Length":86,"Height":35,"Demand":0,"DemandMax":4,"Value":3010},{"Length":52,"Height":95,"Demand":0,"DemandMax":4,"Value":14820},{"Length":30,"Height":18,"Demand":0,"DemandMax":4,"Value":540},{"Length":82,"Height":35,"Demand":0,"DemandMax":4,"Value":2870},{"Length":33,"Height":5,"Demand":0,"DemandMax":4,"Value":165},{"Length":8,"Height":41,"Demand":0,"DemandMax":4,"Value":328},{"Length":80,"Height":21,"Demand":0,"DemandMax":4,"Value":1680},{"Length":22,"Height":47,"Demand":0,"DemandMax":4,"Value":1034},{"Length":24,"Height":32,"Demand":0,"DemandMax":4,"Value":2304},{"Length":41,"Height":21,"Demand":0,"DemandMax":4,"Value":1722},{"Length":47,"Height":88,"Demand":0,"DemandMax":4,"Value":12408},{"Length":37,"Height":92,"Demand":0,"DemandMax":4,"Value":10212},{"Length":11,"Height":12,"Demand":0,"DemandMax":4,"Value":396},{"Length":48,"Height":40,"Demand":0,"DemandMax":4,"Value":5760},{"Length":89,"Height":33,"Demand":0,"DemandMax":4,"Value":2937},{"Length":63,"Height":52,"Demand":0,"DemandMax":4,"Value":9828},{"Length":99,"Height":30,"Demand":0,"DemandMax":4,"Value":2970},{"Length":15,"Height":92,"Demand":0,"DemandMax":4,"Value":1380},{"Length":12,"Height":84,"Demand":0,"DemandMax":4,"Value":1008},{"Length":6,"Height":23,"Demand":0,"DemandMax":4,"Value":138},{"Length":91,"Height":9,"Demand":0,"DemandMax":4,"Value":1638},{"Length":25,"Height":22,"Demand":0,"DemandMax":4,"Value":1100},{"Length":60,"Height":96,"Demand":0,"DemandMax":4,"Value":17280},{"Length":34,"Height":78,"Demand":0,"DemandMax":4,"Value":2652},{"Length":17,"Height":77,"Demand":0,"DemandMax":4,"Value":3927},{"Length":30,"Height":84,"Demand":0,"DemandMax":4,"Value":2520},{"Length":50,"Height":14,"Demand":0,"DemandMax":4,"Value":700},{"Length":96,"Height":61,"Demand":0,"DemandMax":4,"Value":11712},{"Length":43,"Height":9,"Demand":0,"DemandMax":4,"Value":774},{"Length":5,"Height":3,"Demand":0,"DemandMax":4,"Value":15},{"Length":81,"Height":46,"Demand":0,"DemandMax":4,"Value":3726},{"Length":16,"Height":42,"Demand":0,"DemandMax":4,"Value":672},{"Length":90,"Height":83,"Demand":0,"DemandMax":4,"Value":14940},{"Length":10,"Height":43,"Demand":0,"DemandMax":4,"Value":860},{"Length":34,"Height":5,"Demand":0,"DemandMax":4,"Value":510},{"Length":19,"Height":6,"Demand":0,"DemandMax":4,"Value":228},{"Length":31,"Height":46,"Demand":0,"DemandMax":4,"Value":1426},{"Length":38,"Height":10,"Demand":0,"DemandMax":4,"Value":380},{"Length":44,"Height":93,"Demand":0,"DemandMax":4,"Value":12276},{"Length":77,"Height":64,"Demand":0,"DemandMax":4,"Value":4928},{"Length":47,"Height":19,"Demand":0,"DemandMax":4,"Value":1786},{"Length":49,"Height":9,"Demand":0,"DemandMax":4,"Value":441},{"Length":47,"Height":6,"Demand":0,"DemandMax":4,"Value":564},{"Length":10,"Height":82,"Demand":0,"DemandMax":4,"Value":1640},{"Length":89,"Height":9,"Demand":0,"DemandMax":4,"Value":2403},{"Length":99,"Height":22,"Demand":0,"DemandMax":4,"Value":4356},{"Length":46,"Height":82,"Demand":0,"DemandMax":4,"Value":3772},{"Length":42,"Height":83,"Demand":0,"DemandMax":4,"Value":3486},{"Length":100,"Height":34,"Demand":0,"DemandMax":4,"Value":10200},{"Length":44,"Height":34,"Demand":0,"DemandMax":4,"Value":2992},{"Length":92,"Height":44,"Demand":0,"DemandMax":4,"Value":4048},{"Length":14,"Height":9,"Demand":0,"DemandMax":4,"Value":252},{"Length":35,"Height":14,"Demand":0,"DemandMax":4,"Value":980},{"Length":87,"Height":46,"Demand":0,"DemandMax":4,"Value":4002},{"Length":32,"Height":41,"Demand":0,"DemandMax":4,"Value":1312},{"Length":25,"Height":23,"Demand":0,"DemandMax":4,"Value":1150},{"Length":20,"Height":98,"Demand":0,"DemandMax":4,"Value":3920},{"Length":23,"Height":36,"Demand":0,"DemandMax":4,"Value":2484},{"Length":42,"Height":8,"Demand":0,"DemandMax":4,"Value":1008},{"Length":45,"Height":42,"Demand":0,"DemandMax":4,"Value":1890},{"Length":55,"Height":54,"Demand":0,"DemandMax":8,"Value":8910},{"Length":21,"Height":95,"Demand":0,"DemandMax":4,"Value":3990},{"Length":6,"Height":99,"Demand":0,"DemandMax":4,"Value":1188},{"Length":48,"Height":39,"Demand":0,"DemandMax":4,"Value":3744},{"Length":87,"Height":49,"Demand":0,"DemandMax":4,"Value":4263},{"Length":80,"Height":18,"Demand":0,"DemandMax":4,"Value":4320},{"Length":17,"Height":41,"Demand":0,"DemandMax":4,"Value":2091},{"Length":27,"Height":50,"Demand":0,"DemandMax":4,"Value":2700},{"Length":20,"Height":18,"Demand":0,"DemandMax":4,"Value":720},{"Length":92,"Height":40,"Demand":0,"DemandMax":4,"Value":3680},{"Length":44,"Height":29,"Demand":0,"DemandMax":4,"Value":3828},{"Length":6,"Height":77,"Demand":0,"DemandMax":4,"Value":924},{"Length":29,"Height":33,"Demand":0,"DemandMax":8,"Value":1914},{"Length":12,"Height":30,"Demand":0,"DemandMax":8,"Value":1080},{"Length":52,"Height":64,"Demand":0,"DemandMax":4,"Value":6656},{"Length":16,"Height":39,"Demand":0,"DemandMax":4,"Value":1872},{"Length":82,"Height":49,"Demand":0,"DemandMax":4,"Value":12054},{"Length":4,"Height":47,"Demand":0,"DemandMax":4,"Value":564},{"Length":10,"Height":33,"Demand":0,"DemandMax":4,"Value":660},{"Length":85,"Height":35,"Demand":0,"DemandMax":4,"Value":5950},{"Length":43,"Height":23,"Demand":0,"DemandMax":4,"Value":1978},{"Length":33,"Height":15,"Demand":0,"DemandMax":4,"Value":1485},{"Length":87,"Height":21,"Demand":0,"DemandMax":4,"Value":3654},{"Length":45,"Height":22,"Demand":0,"DemandMax":4,"Value":990},{"Length":15,"Height":26,"Demand":0,"DemandMax":4,"Value":1170},{"Length":92,"Height":36,"Demand":0,"DemandMax":4,"Value":6624},{"Length":4,"Height":44,"Demand":0,"DemandMax":4,"Value":528},{"Length":18,"Height":15,"Demand":0,"DemandMax":4,"Value":270},{"Length":91,"Height":38,"Demand":0,"DemandMax":4,"Value":3458},{"Length":91,"Height":24,"Demand":0,"DemandMax":4,"Value":2184},{"Length":22,"Height":17,"Demand":0,"DemandMax":4,"Value":748},{"Length":6,"Height":12,"Demand":0,"DemandMax":4,"Value":72},{"Length":98,"Height":54,"Demand":0,"DemandMax":4,"Value":5292},{"Length":77,"Height":49,"Demand":0,"DemandMax":4,"Value":11319},{"Length":93,"Height":56,"Demand":0,"DemandMax":4,"Value":5208},{"Length":3,"Height":8,"Demand":0,"DemandMax":4,"Value":72},{"Length":93,"Height":79,"Demand":0,"DemandMax":4,"Value":22041},{"Length":94,"Height":88,"Demand":0,"DemandMax":4,"Value":24816},{"Length":36,"Height":2,"Demand":0,"DemandMax":4,"Value":216},{"Length":81,"Height":4,"Demand":0,"DemandMax":4,"Value":972},{"Length":46,"Height":33,"Demand":0,"DemandMax":4,"Value":4554},{"Length":35,"Height":92,"Demand":0,"DemandMax":4,"Value":9660},{"Length":20,"Height":16,"Demand":0,"DemandMax":4,"Value":960},{"Length":20,"Height":37,"Demand":0,"DemandMax":4,"Value":740},{"Length":30,"Height":5,"Demand":0,"DemandMax":4,"Value":150},{"Length":13,"Height":87,"Demand":0,"DemandMax":4,"Value":3393},{"Length":28,"Height":41,"Demand":0,"DemandMax":4,"Value":2296},{"Length":37,"Height":8,"Demand":0,"DemandMax":4,"Value":592},{"Length":29,"Height":34,"Demand":0,"DemandMax":4,"Value":986},{"Length":10,"Height":23,"Demand":0,"DemandMax":4,"Value":690},{"Length":19,"Height":8,"Demand":0,"DemandMax":4,"Value":304},{"Length":68,"Height":60,"Demand":0,"DemandMax":4,"Value":4080},{"Length":65,"Height":64,"Demand":0,"DemandMax":4,"Value":4160},{"Length":98,"Height":35,"Demand":0,"DemandMax":4,"Value":10290},{"Length":52,"Height":86,"Demand":0,"DemandMax":4,"Value":4472},{"Length":78,"Height":79,"Demand":0,"DemandMax":4,"Value":18486},{"Length":77,"Height":23,"Demand":0,"DemandMax":4,"Value":1771},{"Length":32,"Height":50,"Demand":0,"DemandMax":4,"Value":4800},{"Length":63,"Height":93,"Demand":0,"DemandMax":4,"Value":17577},{"Length":50,"Height":15,"Demand":0,"DemandMax":8,"Value":2250},{"Length":23,"Height":19,"Demand":0,"DemandMax":4,"Value":437},{"Length":9,"Height":22,"Demand":0,"DemandMax":4,"Value":594},{"Length":44,"Height":78,"Demand":0,"DemandMax":4,"Value":3432},{"Length":7,"Height":19,"Demand":0,"DemandMax":4,"Value":399},{"Length":49,"Height":34,"Demand":0,"DemandMax":4,"Value":3332},{"Length":45,"Height":31,"Demand":0,"DemandMax":4,"Value":1395},{"Length":19,"Height":16,"Demand":0,"DemandMax":4,"Value":608},{"Length":25,"Height":76,"Demand":0,"DemandMax":4,"Value":3800},{"Length":79,"Height":54,"Demand":0,"DemandMax":4,"Value":4266},{"Length":90,"Height":65,"Demand":0,"DemandMax":4,"Value":11700},{"Length":91,"Height":22,"Demand":0,"DemandMax":4,"Value":2002},{"Length":88,"Height":21,"Demand":0,"DemandMax":4,"Value":3696},{"Length":86,"Height":14,"Demand":0,"DemandMax":4,"Value":1204},{"Length":99,"Height":6,"Demand":0,"DemandMax":4,"Value":594},{"Length":15,"Height":34,"Demand":0,"DemandMax":4,"Value":510},{"Length":16,"Height":40,"Demand":0,"DemandMax":4,"Value":640},{"Length":12,"Height":8,"Demand":0,"DemandMax":4,"Value":96},{"Length":48,"Height":4,"Demand":0,"DemandMax":4,"Value":384},{"Length":96,"Height":16,"Demand":0,"DemandMax":4,"Value":3072},{"Length":6,"Height":43,"Demand":0,"DemandMax":4,"Value":258},{"Length":26,"Height":45,"Demand":0,"DemandMax":4,"Value":2340},{"Length":38,"Height":46,"Demand":0,"DemandMax":4,"Value":1748},{"Length":48,"Height":78,"Demand":0,"DemandMax":4,"Value":7488},{"Length":29,"Height":35,"Demand":0,"DemandMax":4,"Value":3045},{"Length":11,"Height":5,"Demand":0,"DemandMax":4,"Value":110},{"Length":26,"Height":35,"Demand":0,"DemandMax":4,"Value":2730},{"Length":35,"Height":89,"Demand":0,"DemandMax":4,"Value":6230},{"Length":96,"Height":60,"Demand":0,"DemandMax":4,"Value":5760},{"Length":76,"Height":62,"Demand":0,"DemandMax":4,"Value":9424},{"Length":32,"Height":40,"Demand":0,"DemandMax":4,"Value":1280},{"Length":77,"Height":80,"Demand":0,"DemandMax":4,"Value":12320},{"Length":24,"Height":39,"Demand":0,"DemandMax":4,"Value":1872},{"Length":98,"Height":9,"Demand":0,"DemandMax":4,"Value":882},{"Length":9,"Height":82,"Demand":0,"DemandMax":4,"Value":738},{"Length":54,"Height":98,"Demand":0,"DemandMax":4,"Value":5292},{"Length":46,"Height":99,"Demand":0,"DemandMax":4,"Value":9108},{"Length":91,"Height":15,"Demand":0,"DemandMax":4,"Value":4095},{"Length":22,"Height":45,"Demand":0,"DemandMax":4,"Value":1980},{"Length":36,"Height":24,"Demand":0,"DemandMax":4,"Value":1728},{"Length":8,"Height":16,"Demand":0,"DemandMax":4,"Value":128},{"Length":46,"Height":34,"Demand":0,"DemandMax":4,"Value":1564},{"Length":38,"Height":9,"Demand":0,"DemandMax":4,"Value":342},{"Length":27,"Height":29,"Demand":0,"DemandMax":4,"Value":783},{"Length":12,"Height":13,"Demand":0,"DemandMax":4,"Value":468},{"Length":8,"Height":14,"Demand":0,"DemandMax":4,"Value":224},{"Length":90,"Height":54,"Demand":0,"DemandMax":4,"Value":14580},{"Length":14,"Height":12,"Demand":0,"DemandMax":4,"Value":168},{"Length":19,"Height":47,"Demand":0,"DemandMax":4,"Value":1786},{"Length":84,"Height":5,"Demand":0,"DemandMax":4,"Value":420},{"Length":13,"Height":15,"Demand":0,"DemandMax":4,"Value":195},{"Length":34,"Height":16,"Demand":0,"DemandMax":4,"Value":544},{"Length":91,"Height":4,"Demand":0,"DemandMax":4,"Value":1092},{"Length":40,"Height":35,"Demand":0,"DemandMax":4,"Value":1400},{"Length":50,"Height":82,"Demand":0,"DemandMax":4,"Value":12300},{"Length":79,"Height":49,"Demand":0,"DemandMax":4,"Value":7742},{"Length":99,"Height":47,"Demand":0,"DemandMax":4,"Value":9306},{"Length":87,"Height":33,"Demand":0,"DemandMax":4,"Value":8613},{"Length":38,"Height":44,"Demand":0,"DemandMax":4,"Value":3344},{"Length":100,"Height":24,"Demand":0,"DemandMax":4,"Value":4800},{"Length":5,"Height":43,"Demand":0,"DemandMax":4,"Value":645},{"Length":10,"Height":8,"Demand":0,"DemandMax":4,"Value":160},{"Length":19,"Height":22,"Demand":0,"DemandMax":4,"Value":836},{"Length":79,"Height":42,"Demand":0,"DemandMax":4,"Value":3318},{"Length":71,"Height":87,"Demand":0,"DemandMax":4,"Value":6177},{"Length":30,"Height":37,"Demand":0,"DemandMax":4,"Value":1110},{"Length":5,"Height":34,"Demand":0,"DemandMax":4,"Value":340},{"Length":78,"Height":25,"Demand":0,"DemandMax":4,"Value":5850},{"Length":50,"Height":91,"Demand":0,"DemandMax":4,"Value":4550},{"Length":23,"Height":6,"Demand":0,"DemandMax":4,"Value":276},{"Length":16,"Height":86,"Demand":0,"DemandMax":4,"Value":2752},{"Length":88,"Height":10,"Demand":0,"DemandMax":4,"Value":2640},{"Length":29,"Height":14,"Demand":0,"DemandMax":4,"Value":406},{"Length":38,"Height":35,"Demand":0,"DemandMax":4,"Value":2660},{"Length":89,"Height":65,"Demand":0,"DemandMax":4,"Value":11570},{"Length":90,"Height":51,"Demand":0,"DemandMax":4,"Value":4590},{"Length":82,"Height":26,"Demand":0,"DemandMax":4,"Value":2132},{"Length":31,"Height":31,"Demand":0,"DemandMax":4,"Value":2883},{"Length":41,"Height":43,"Demand":0,"DemandMax":4,"Value":5289},{"Length":18,"Height":36,"Demand":0,"DemandMax":4,"Value":1944},{"Length":98,"Height":20,"Demand":0,"DemandMax":4,"Value":1960},{"Length":43,"Height":31,"Demand":0,"DemandMax":4,"Value":3999},{"Length":44,"Height":34,"Demand":0,"DemandMax":4,"Value":4488},{"Length":41,"Height":26,"Demand":0,"DemandMax":4,"Value":2132},{"Length":21,"Height":48,"Demand":0,"DemandMax":4,"Value":3024},{"Length":28,"Height":41,"Demand":0,"DemandMax":4,"Value":3444},{"Length":36,"Height":35,"Demand":0,"DemandMax":4,"Value":2520},{"Length":20,"Height":39,"Demand":0,"DemandMax":4,"Value":2340},{"Length":95,"Height":15,"Demand":0,"DemandMax":4,"Value":2850},{"Length":21,"Height":39,"Demand":0,"DemandMax":4,"Value":2457},{"Length":64,"Height":87,"Demand":0,"DemandMax":4,"Value":5568},{"Length":83,"Height":23,"Demand":0,"DemandMax":4,"Value":5727},{"Length":33,"Height":3,"Demand":0,"DemandMax":4,"Value":198},{"Length":84,"Height":7,"Demand":0,"DemandMax":4,"Value":1764},{"Length":30,"Height":11,"Demand":0,"DemandMax":4,"Value":990},{"Length":86,"Height":32,"Demand":0,"DemandMax":4,"Value":8256},{"Length":76,"Height":86,"Demand":0,"DemandMax":4,"Value":13072},{"Length":87,"Height":94,"Demand":0,"DemandMax":4,"Value":8178},{"Length":25,"Height":31,"Demand":0,"DemandMax":4,"Value":1550},{"Length":90,"Height":64,"Demand":0,"DemandMax":4,"Value":5760},{"Length":83,"Height":94,"Demand":0,"DemandMax":4,"Value":15604},{"Length":21,"Height":30,"Demand":0,"DemandMax":4,"Value":630},{"Length":13,"Height":93,"Demand":0,"DemandMax":4,"Value":1209},{"Length":76,"Height":64,"Demand":0,"DemandMax":4,"Value":14592},{"Length":24,"Height":28,"Demand":0,"DemandMax":4,"Value":2016},{"Length":49,"Height":89,"Demand":0,"DemandMax":4,"Value":4361},{"Length":82,"Height":30,"Demand":0,"DemandMax":4,"Value":2460},{"Length":25,"Height":38,"Demand":0,"DemandMax":4,"Value":2850},{"Length":50,"Height":14,"Demand":0,"DemandMax":4,"Value":1400},{"Length":42,"Height":20,"Demand":0,"DemandMax":4,"Value":1680},{"Length":7,"Height":92,"Demand":0,"DemandMax":4,"Value":644},{"Length":34,"Height":23,"Demand":0,"DemandMax":4,"Value":782},{"Length":82,"Height":41,"Demand":0,"DemandMax":4,"Value":6724},{"Length":16,"Height":98,"Demand":0,"DemandMax":4,"Value":3136},{"Length":19,"Height":6,"Demand":0,"DemandMax":4,"Value":114},{"Length":19,"Height":32,"Demand":0,"DemandMax":4,"Value":1216},{"Length":33,"Height":16,"Demand":0,"DemandMax":4,"Value":528},{"Length":14,"Height":89,"Demand":0,"DemandMax":4,"Value":2492},{"Length":60,"Height":70,"Demand":0,"DemandMax":4,"Value":4200},{"Length":23,"Height":17,"Demand":0,"DemandMax":4,"Value":1173},{"Length":46,"Height":6,"Demand":0,"DemandMax":4,"Value":276},{"Length":18,"Height":7,"Demand":0,"DemandMax":4,"Value":378},{"Length":29,"Height":32,"Demand":0,"DemandMax":4,"Value":928},{"Length":31,"Height":90,"Demand":0,"DemandMax":4,"Value":8370},{"Length":13,"Height":38,"Demand":0,"DemandMax":4,"Value":494},{"Length":47,"Height":14,"Demand":0,"DemandMax":4,"Value":1316},{"Length":71,"Height":68,"Demand":0,"DemandMax":4,"Value":14484},{"Length":13,"Height":5,"Demand":0,"DemandMax":4,"Value":65},{"Length":15,"Height":12,"Demand":0,"DemandMax":4,"Value":360},{"Length":56,"Height":99,"Demand":0,"DemandMax":4,"Value":16632},{"Length":87,"Height":6,"Demand":0,"DemandMax":4,"Value":522},{"Length":43,"Height":37,"Demand":0,"DemandMax":4,"Value":3182},{"Length":77,"Height":13,"Demand":0,"DemandMax":4,"Value":2002},{"Length":16,"Height":80,"Demand":0,"DemandMax":4,"Value":2560},{"Length":67,"Height":71,"Demand":0,"DemandMax":4,"Value":4757},{"Length":6,"Height":42,"Demand":0,"DemandMax":4,"Value":504},{"Length":49,"Height":5,"Demand":0,"DemandMax":4,"Value":735},{"Length":98,"Height":21,"Demand":0,"DemandMax":4,"Value":6174},{"Length":7,"Height":14,"Demand":0,"DemandMax":4,"Value":294},{"Length":32,"Height":14,"Demand":0,"DemandMax":4,"Value":1344},{"Length":25,"Height":15,"Demand":0,"DemandMax":4,"Value":750},{"Length":36,"Height":14,"Demand":0,"DemandMax":4,"Value":1512},{"Length":5,"Height":42,"Demand":0,"DemandMax":4,"Value":210},{"Length":22,"Height":46,"Demand":0,"DemandMax":4,"Value":3036},{"Length":79,"Height":34,"Demand":0,"DemandMax":4,"Value":5372},{"Length":57,"Height":78,"Demand":0,"DemandMax":4,"Value":4446},{"Length":21,"Height":28,"Demand":0,"DemandMax":4,"Value":1764},{"Length":14,"Height":10,"Demand":0,"DemandMax":4,"Value":420},{"Length":17,"Height":10,"Demand":0,"DemandMax":4,"Value":510},{"Length":49,"Height":94,"Demand":0,"DemandMax":4,"Value":9212},{"Length":81,"Height":49,"Demand":0,"DemandMax":4,"Value":11907},{"Length":11,"Height":22,"Demand":0,"DemandMax":4,"Value":242},{"Length":27,"Height":26,"Demand":0,"DemandMax":4,"Value":702},{"Length":42,"Height":84,"Demand":0,"DemandMax":4,"Value":7056},{"Length":97,"Height":40,"Demand":0,"DemandMax":4,"Value":7760},{"Length":50,"Height":36,"Demand":0,"DemandMax":4,"Value":3600},{"Length":41,"Height":17,"Demand":0,"DemandMax":4,"Value":2091},{"Length":99,"Height":5,"Demand":0,"DemandMax":4,"Value":1485},{"Length":19,"Height":100,"Demand":0,"DemandMax":4,"Value":3800},{"Length":20,"Height":76,"Demand":0,"DemandMax":4,"Value":1520},{"Length":22,"Height":79,"Demand":0,"DemandMax":4,"Value":3476},{"Length":47,"Height":25,"Demand":0,"DemandMax":4,"Value":1175},{"Length":25,"Height":29,"Demand":0,"DemandMax":4,"Value":725},{"Length":14,"Height":39,"Demand":0,"DemandMax":4,"Value":1092},{"Length":43,"Height":41,"Demand":0,"DemandMax":4,"Value":5289},{"Length":11,"Height":80,"Demand":0,"DemandMax":4,"Value":880},{"Length":43,"Height":2,"Demand":0,"DemandMax":4,"Value":86},{"Length":91,"Height":22,"Demand":0,"DemandMax":4,"Value":4004},{"Length":88,"Height":81,"Demand":0,"DemandMax":4,"Value":7128},{"Length":98,"Height":83,"Demand":0,"DemandMax":4,"Value":8134},{"Length":32,"Height":15,"Demand":0,"DemandMax":4,"Value":960},{"Length":83,"Height":40,"Demand":0,"DemandMax":4,"Value":9960},{"Length":3,"Height":90,"Demand":0,"DemandMax":4,"Value":810},{"Length":7,"Height":8,"Demand":0,"DemandMax":4,"Value":112},{"Length":28,"Height":16,"Demand":0,"DemandMax":4,"Value":1344},{"Length":36,"Height":36,"Demand":0,"DemandMax":4,"Value":3888},{"Length":18,"Height":83,"Demand":0,"DemandMax":4,"Value":1494},{"Length":91,"Height":69,"Demand":0,"DemandMax":4,"Value":12558},{"Length":15,"Height":31,"Demand":0,"DemandMax":4,"Value":930},{"Length":25,"Height":47,"Demand":0,"DemandMax":4,"Value":1175},{"Length":47,"Height":12,"Demand":0,"DemandMax":4,"Value":564},{"Length":87,"Height":87,"Demand":0,"DemandMax":4,"Value":22707},{"Length":42,"Height":45,"Demand":0,"DemandMax":4,"Value":5670},{"Length":43,"Height":86,"Demand":0,"DemandMax":4,"Value":7396},{"Length":9,"Height":22,"Demand":0,"DemandMax":4,"Value":396},{"Length":33,"Height":7,"Demand":0,"DemandMax":4,"Value":231},{"Length":43,"Height":33,"Demand":0,"DemandMax":4,"Value":2838},{"Length":80,"Height":35,"Demand":0,"DemandMax":4,"Value":2800},{"Length":10,"Height":49,"Demand":0,"DemandMax":4,"Value":1470},{"Length":23,"Height":32,"Demand":0,"DemandMax":4,"Value":2208},{"Length":37,"Height":17,"Demand":0,"DemandMax":4,"Value":1887},{"Length":43,"Height":76,"Demand":0,"DemandMax":4,"Value":3268},{"Length":33,"Height":32,"Demand":0,"DemandMax":4,"Value":2112},{"Length":28,"Height":21,"Demand":0,"DemandMax":4,"Value":1764},{"Length":16,"Height":7,"Demand":0,"DemandMax":4,"Value":112},{"Length":16,"Height":15,"Demand":0,"DemandMax":4,"Value":240},{"Length":83,"Height":37,"Demand":0,"DemandMax":4,"Value":6142},{"Length":100,"Height":7,"Demand":0,"DemandMax":4,"Value":700},{"Length":45,"Height":45,"Demand":0,"DemandMax":4,"Value":2025},{"Length":31,"Height":78,"Demand":0,"DemandMax":4,"Value":2418},{"Length":88,"Height":26,"Demand":0,"DemandMax":4,"Value":4576},{"Length":84,"Height":67,"Demand":0,"DemandMax":4,"Value":16884},{"Length":18,"Height":50,"Demand":0,"DemandMax":4,"Value":2700},{"Length":46,"Height":3,"Demand":0,"DemandMax":4,"Value":414},{"Length":48,"Height":30,"Demand":0,"DemandMax":4,"Value":1440},{"Length":55,"Height":70,"Demand":0,"DemandMax":4,"Value":7700},{"Length":13,"Height":26,"Demand":0,"DemandMax":4,"Value":338},{"Length":54,"Height":82,"Demand":0,"DemandMax":4,"Value":8856},{"Length":29,"Height":23,"Demand":0,"DemandMax":4,"Value":667},{"Length":34,"Height":17,"Demand":0,"DemandMax":4,"Value":578},{"Length":88,"Height":41,"Demand":0,"DemandMax":4,"Value":3608},{"Length":89,"Height":8,"Demand":0,"DemandMax":4,"Value":2136},{"Length":36,"Height":44,"Demand":0,"DemandMax":4,"Value":1584},{"Length":4,"Height":90,"Demand":0,"DemandMax":4,"Value":720},{"Length":17,"Height":9,"Demand":0,"DemandMax":4,"Value":306},{"Length":35,"Height":6,"Demand":0,"DemandMax":4,"Value":420},{"Length":79,"Height":21,"Demand":0,"DemandMax":4,"Value":4977},{"Length":41,"Height":32,"Demand":0,"DemandMax":4,"Value":2624},{"Length":2,"Height":99,"Demand":0,"DemandMax":4,"Value":594},{"Length":81,"Height":35,"Demand":0,"DemandMax":4,"Value":2835},{"Length":15,"Height":9,"Demand":0,"DemandMax":4,"Value":270},{"Length":94,"Height":25,"Demand":0,"DemandMax":4,"Value":4700},{"Length":38,"Height":34,"Demand":0,"DemandMax":4,"Value":1292},{"Length":43,"Height":30,"Demand":0,"DemandMax":4,"Value":1290},{"Length":48,"Height":37,"Demand":0,"DemandMax":8,"Value":5328},{"Length":74,"Height":81,"Demand":0,"DemandMax":4,"Value":11988},{"Length":40,"Height":5,"Demand":0,"DemandMax":4,"Value":400},{"Length":27,"Height":46,"Demand":0,"DemandMax":4,"Value":1242},{"Length":12,"Height":10,"Demand":0,"DemandMax":4,"Value":120},{"Length":50,"Height":12,"Demand":0,"DemandMax":4,"Value":1800},{"Length":44,"Height":11,"Demand":0,"DemandMax":4,"Value":968},{"Length":93,"Height":74,"Demand":0,"DemandMax":4,"Value":20646},{"Length":46,"Height":94,"Demand":0,"DemandMax":4,"Value":12972},{"Length":16,"Height":43,"Demand":0,"DemandMax":4,"Value":1376},{"Length":93,"Height":14,"Demand":0,"DemandMax":4,"Value":1302},{"Length":34,"Height":31,"Demand":0,"DemandMax":4,"Value":1054},{"Length":20,"Height":27,"Demand":0,"DemandMax":4,"Value":1620},{"Length":47,"Height":92,"Demand":0,"DemandMax":4,"Value":12972},{"Length":21,"Height":11,"Demand":0,"DemandMax":4,"Value":462},{"Length":86,"Height":28,"Demand":0,"DemandMax":4,"Value":2408},{"Length":18,"Height":40,"Demand":0,"DemandMax":4,"Value":720},{"Length":49,"Height":18,"Demand":0,"DemandMax":4,"Value":882},{"Length":7,"Height":10,"Demand":0,"DemandMax":4,"Value":210},{"Length":26,"Height":88,"Demand":0,"DemandMax":4,"Value":2288},{"Length":21,"Height":25,"Demand":0,"DemandMax":4,"Value":525},{"Length":54,"Height":55,"Demand":0,"DemandMax":4,"Value":2970},{"Length":7,"Height":45,"Demand":0,"DemandMax":4,"Value":315},{"Length":35,"Height":23,"Demand":0,"DemandMax":4,"Value":1610},{"Length":36,"Height":5,"Demand":0,"DemandMax":4,"Value":360},{"Length":16,"Height":82,"Demand":0,"DemandMax":4,"Value":3936},{"Length":2,"Height":97,"Demand":0,"DemandMax":4,"Value":582},{"Length":2,"Height":44,"Demand":0,"DemandMax":4,"Value":176},{"Length":100,"Height":4,"Demand":0,"DemandMax":4,"Value":1200},{"Length":78,"Height":31,"Demand":0,"DemandMax":4,"Value":7254},{"Length":28,"Height":80,"Demand":0,"DemandMax":4,"Value":6720},{"Length":12,"Height":12,"Demand":0,"DemandMax":4,"Value":144},{"Length":75,"Height":51,"Demand":0,"DemandMax":4,"Value":11475},{"Length":38,"Height":40,"Demand":0,"DemandMax":4,"Value":1520},{"Length":42,"Height":32,"Demand":0,"DemandMax":4,"Value":1344},{"Length":98,"Height":6,"Demand":0,"DemandMax":4,"Value":1764},{"Length":58,"Height":81,"Demand":0,"DemandMax":4,"Value":4698},{"Length":85,"Height":43,"Demand":0,"DemandMax":4,"Value":7310},{"Length":49,"Height":87,"Demand":0,"DemandMax":4,"Value":4263},{"Length":51,"Height":100,"Demand":0,"DemandMax":4,"Value":15300},{"Length":95,"Height":11,"Demand":0,"DemandMax":4,"Value":1045},{"Length":89,"Height":14,"Demand":0,"DemandMax":4,"Value":2492},{"Length":39,"Height":28,"Demand":0,"DemandMax":4,"Value":3276},{"Length":24,"Height":13,"Demand":0,"DemandMax":4,"Value":936},{"Length":97,"Height":26,"Demand":0,"DemandMax":4,"Value":5044},{"Length":16,"Height":9,"Demand":0,"DemandMax":4,"Value":288},{"Length":14,"Height":20,"Demand":0,"DemandMax":4,"Value":840},{"Length":3,"Height":50,"Demand":0,"DemandMax":4,"Value":450},{"Length":50,"Height":26,"Demand":0,"DemandMax":4,"Value":1300},{"Length":45,"Height":37,"Demand":0,"DemandMax":4,"Value":4995},{"Length":73,"Height":66,"Demand":0,"DemandMax":4,"Value":14454},{"Length":30,"Height":3,"Demand":0,"DemandMax":4,"Value":180},{"Length":49,"Height":38,"Demand":0,"DemandMax":4,"Value":1862},{"Length":44,"Height":16,"Demand":0,"DemandMax":4,"Value":1408},{"Length":43,"Height":26,"Demand":0,"DemandMax":4,"Value":2236},{"Length":41,"Height":45,"Demand":0,"DemandMax":4,"Value":1845},{"Length":5,"Height":98,"Demand":0,"DemandMax":4,"Value":1470},{"Length":32,"Height":8,"Demand":0,"DemandMax":4,"Value":768},{"Length":11,"Height":43,"Demand":0,"DemandMax":4,"Value":1419},{"Length":50,"Height":4,"Demand":0,"DemandMax":4,"Value":400},{"Length":35,"Height":10,"Demand":0,"DemandMax":4,"Value":1050},{"Length":49,"Height":47,"Demand":0,"DemandMax":4,"Value":6909},{"Length":68,"Height":70,"Demand":0,"DemandMax":4,"Value":9520},{"Length":94,"Height":22,"Demand":0,"DemandMax":4,"Value":4136},{"Length":28,"Height":8,"Demand":0,"DemandMax":4,"Value":224},{"Length":14,"Height":83,"Demand":0,"DemandMax":4,"Value":2324},{"Length":34,"Height":13,"Demand":0,"DemandMax":4,"Value":884},{"Length":42,"Height":22,"Demand":0,"DemandMax":4,"Value":2772},{"Length":37,"Height":10,"Demand":0,"DemandMax":4,"Value":1110},{"Length":61,"Height":56,"Demand":0,"DemandMax":4,"Value":10248},{"Length":5,"Height":34,"Demand":0,"DemandMax":4,"Value":510},{"Length":23,"Height":44,"Demand":0,"DemandMax":4,"Value":1012},{"Length":98,"Height":47,"Demand":0,"DemandMax":4,"Value":13818},{"Length":25,"Height":29,"Demand":0,"DemandMax":4,"Value":2175},{"Length":89,"Height":23,"Demand":0,"DemandMax":4,"Value":2047},{"Length":99,"Height":71,"Demand":0,"DemandMax":4,"Value":7029},{"Length":53,"Height":87,"Demand":0,"DemandMax":4,"Value":4611},{"Length":41,"Height":96,"Demand":0,"DemandMax":4,"Value":3936},{"Length":10,"Height":24,"Demand":0,"DemandMax":4,"Value":480},{"Length":89,"Height":100,"Demand":0,"DemandMax":4,"Value":26700},{"Length":6,"Height":48,"Demand":0,"DemandMax":4,"Value":576},{"Length":40,"Height":17,"Demand":0,"DemandMax":4,"Value":1360},{"Length":6,"Height":92,"Demand":0,"DemandMax":4,"Value":1656},{"Length":8,"Height":29,"Demand":0,"DemandMax":4,"Value":464},{"Length":10,"Height":80,"Demand":0,"DemandMax":4,"Value":800},{"Length":44,"Height":76,"Demand":0,"DemandMax":4,"Value":6688},{"Length":97,"Height":12,"Demand":0,"DemandMax":4,"Value":2328},{"Length":40,"Height":76,"Demand":0,"DemandMax":4,"Value":3040},{"Length":40,"Height":24,"Demand":0,"DemandMax":4,"Value":960},{"Length":93,"Height":89,"Demand":0,"DemandMax":4,"Value":16554},{"Length":28,"Height":48,"Demand":0,"DemandMax":4,"Value":4032},{"Length":24,"Height":35,"Demand":0,"DemandMax":4,"Value":840},{"Length":15,"Height":79,"Demand":0,"DemandMax":4,"Value":1185},{"Length":35,"Height":40,"Demand":0,"DemandMax":4,"Value":4200},{"Length":28,"Height":10,"Demand":0,"DemandMax":4,"Value":840},{"Length":38,"Height":19,"Demand":0,"DemandMax":4,"Value":1444},{"Length":62,"Height":64,"Demand":0,"DemandMax":4,"Value":7936},{"Length":30,"Height":32,"Demand":0,"DemandMax":4,"Value":960},{"Length":40,"Height":48,"Demand":0,"DemandMax":4,"Value":1920},{"Length":93,"Height":97,"Demand":0,"DemandMax":4,"Value":18042},{"Length":2,"Height":46,"Demand":0,"DemandMax":4,"Value":92},{"Length":32,"Height":76,"Demand":0,"DemandMax":4,"Value":4864},{"Length":17,"Height":25,"Demand":0,"DemandMax":4,"Value":850},{"Length":90,"Height":94,"Demand":0,"DemandMax":4,"Value":16920},{"Length":96,"Height":92,"Demand":0,"DemandMax":4,"Value":8832},{"Length":96,"Height":93,"Demand":0,"DemandMax":4,"Value":8928},{"Length":80,"Height":26,"Demand":0,"DemandMax":4,"Value":4160},{"Length":36,"Height":95,"Demand":0,"DemandMax":4,"Value":3420},{"Length":84,"Height":32,"Demand":0,"DemandMax":4,"Value":5376},{"Length":21,"Height":15,"Demand":0,"DemandMax":4,"Value":315},{"Length":38,"Height":34,"Demand":0,"DemandMax":4,"Value":3876},{"Length":37,"Height":20,"Demand":0,"DemandMax":4,"Value":2220},{"Length":90,"Height":74,"Demand":0,"DemandMax":4,"Value":19980},{"Length":4,"Height":82,"Demand":0,"DemandMax":4,"Value":328},{"Length":9,"Height":83,"Demand":0,"DemandMax":4,"Value":1494},{"Length":30,"Height":82,"Demand":0,"DemandMax":4,"Value":2460},{"Length":7,"Height":85,"Demand":0,"DemandMax":4,"Value":595},{"Length":28,"Height":86,"Demand":0,"DemandMax":4,"Value":2408},{"Length":12,"Height":49,"Demand":0,"DemandMax":4,"Value":1176},{"Length":8,"Height":77,"Demand":0,"DemandMax":4,"Value":616},{"Length":41,"Height":30,"Demand":0,"DemandMax":4,"Value":2460},{"Length":67,"Height":51,"Demand":0,"DemandMax":4,"Value":6834},{"Length":84,"Height":39,"Demand":0,"DemandMax":4,"Value":3276},{"Length":48,"Height":19,"Demand":0,"DemandMax":4,"Value":2736},{"Length":86,"Height":33,"Demand":0,"DemandMax":4,"Value":2838},{"Length":3,"Height":20,"Demand":0,"DemandMax":4,"Value":120},{"Length":10,"Height":89,"Demand":0,"DemandMax":4,"Value":2670},{"Length":23,"Height":33,"Demand":0,"DemandMax":4,"Value":2277},{"Length":25,"Height":35,"Demand":0,"DemandMax":4,"Value":2625},{"Length":5,"Height":29,"Demand":0,"DemandMax":4,"Value":145},{"Length":18,"Height":94,"Demand":0,"DemandMax":4,"Value":5076},{"Length":29,"Height":95,"Demand":0,"DemandMax":4,"Value":2755},{"Length":45,"Height":13,"Demand":0,"DemandMax":4,"Value":1755},{"Length":46,"Height":30,"Demand":0,"DemandMax":4,"Value":4140},{"Length":36,"Height":34,"Demand":0,"DemandMax":4,"Value":3672},{"Length":29,"Height":39,"Demand":0,"DemandMax":4,"Value":2262},{"Length":31,"Height":10,"Demand":0,"DemandMax":4,"Value":620},{"Length":84,"Height":36,"Demand":0,"DemandMax":4,"Value":9072},{"Length":39,"Height":38,"Demand":0,"DemandMax":4,"Value":2964},{"Length":2,"Height":34,"Demand":0,"DemandMax":4,"Value":68},{"Length":77,"Height":71,"Demand":0,"DemandMax":4,"Value":5467},{"Length":23,"Height":97,"Demand":0,"DemandMax":4,"Value":4462},{"Length":83,"Height":91,"Demand":0,"DemandMax":4,"Value":22659},{"Length":82,"Height":15,"Demand":0,"DemandMax":4,"Value":1230},{"Length":4,"Height":23,"Demand":0,"DemandMax":4,"Value":184},{"Length":10,"Height":36,"Demand":0,"DemandMax":4,"Value":360},{"Length":92,"Height":86,"Demand":0,"DemandMax":4,"Value":15824},{"Length":39,"Height":2,"Demand":0,"DemandMax":4,"Value":234},{"Length":3,"Height":94,"Demand":0,"DemandMax":4,"Value":564},{"Length":43,"Height":50,"Demand":0,"DemandMax":4,"Value":6450},{"Length":23,"Height":16,"Demand":0,"DemandMax":4,"Value":368},{"Length":24,"Height":13,"Demand":0,"DemandMax":4,"Value":312},{"Length":87,"Height":66,"Demand":0,"DemandMax":4,"Value":17226},{"Length":13,"Height":33,"Demand":0,"DemandMax":4,"Value":1287},{"Length":13,"Height":82,"Demand":0,"DemandMax":4,"Value":3198},{"Length":24,"Height":27,"Demand":0,"DemandMax":4,"Value":1296},{"Length":30,"Height":19,"Demand":0,"DemandMax":4,"Value":570},{"Length":3,"Height":37,"Demand":0,"DemandMax":4,"Value":111},{"Length":62,"Height":70,"Demand":0,"DemandMax":4,"Value":8680},{"Length":34,"Height":18,"Demand":0,"DemandMax":4,"Value":1836},{"Length":4,"Height":24,"Demand":0,"DemandMax":4,"Value":96},{"Length":24,"Height":42,"Demand":0,"DemandMax":4,"Value":3024},{"Length":18,"Height":18,"Demand":0,"DemandMax":4,"Value":972},{"Length":81,"Height":58,"Demand":0,"DemandMax":4,"Value":4698},{"Length":45,"Height":90,"Demand":0,"DemandMax":4,"Value":8100},{"Length":84,"Height":53,"Demand":0,"DemandMax":4,"Value":4452},{"Length":30,"Height":24,"Demand":0,"DemandMax":4,"Value":720},{"Length":26,"Height":34,"Demand":0,"DemandMax":4,"Value":2652},{"Length":46,"Height":77,"Demand":0,"DemandMax":4,"Value":3542},{"Length":3,"Height":38,"Demand":0,"DemandMax":4,"Value":342},{"Length":84,"Height":41,"Demand":0,"DemandMax":4,"Value":6888},{"Length":33,"Height":38,"Demand":0,"DemandMax":4,"Value":2508},{"Length":51,"Height":71,"Demand":0,"DemandMax":4,"Value":3621},{"Length":42,"Height":39,"Demand":0,"DemandMax":4,"Value":4914},{"Length":89,"Height":34,"Demand":0,"DemandMax":4,"Value":3026},{"Length":84,"Height":10,"Demand":0,"DemandMax":4,"Value":1680},{"Length":85,"Height":43,"Demand":0,"DemandMax":4,"Value":3655},{"Length":36,"Height":12,"Demand":0,"DemandMax":4,"Value":1296},{"Length":38,"Height":20,"Demand":0,"DemandMax":4,"Value":2280},{"Length":58,"Height":85,"Demand":0,"DemandMax":4,"Value":14790},{"Length":49,"Height":81,"Demand":0,"DemandMax":4,"Value":3969},{"Length":12,"Height":44,"Demand":0,"DemandMax":4,"Value":1056},{"Length":77,"Height":7,"Demand":0,"DemandMax":4,"Value":1078},{"Length":12,"Height":14,"Demand":0,"DemandMax":4,"Value":168},{"Length":13,"Height":25,"Demand":0,"DemandMax":4,"Value":650},{"Length":37,"Height":79,"Demand":0,"DemandMax":4,"Value":5846},{"Length":96,"Height":24,"Demand":0,"DemandMax":4,"Value":4608},{"Length":94,"Height":62,"Demand":0,"DemandMax":4,"Value":5828},{"Length":46,"Height":41,"Demand":0,"DemandMax":4,"Value":5658},{"Length":15,"Height":27,"Demand":0,"DemandMax":4,"Value":1215},{"Length":81,"Height":47,"Demand":0,"DemandMax":4,"Value":3807},{"Length":9,"Height":100,"Demand":0,"DemandMax":4,"Value":1800},{"Length":95,"Height":91,"Demand":0,"DemandMax":4,"Value":17290},{"Length":15,"Height":20,"Demand":0,"DemandMax":4,"Value":900},{"Length":81,"Height":83,"Demand":0,"DemandMax":4,"Value":20169},{"Length":23,"Height":11,"Demand":0,"DemandMax":4,"Value":759},{"Length":21,"Height":89,"Demand":0,"DemandMax":4,"Value":1869},{"Length":95,"Height":49,"Demand":0,"DemandMax":4,"Value":13965},{"Length":91,"Height":26,"Demand":0,"DemandMax":4,"Value":2366},{"Length":22,"Height":41,"Demand":0,"DemandMax":4,"Value":2706},{"Length":12,"Height":33,"Demand":0,"DemandMax":4,"Value":396},{"Length":16,"Height":45,"Demand":0,"DemandMax":4,"Value":720},{"Length":84,"Height":30,"Demand":0,"DemandMax":4,"Value":5040},{"Length":27,"Height":12,"Demand":0,"DemandMax":4,"Value":324},{"Length":2,"Height":5,"Demand":0,"DemandMax":4,"Value":10},{"Length":44,"Height":5,"Demand":0,"DemandMax":4,"Value":220},{"Length":3,"Height":19,"Demand":0,"DemandMax":4,"Value":171},{"Length":4,"Height":46,"Demand":0,"DemandMax":4,"Value":184},{"Length":37,"Height":9,"Demand":0,"DemandMax":4,"Value":999},{"Length":2,"Height":39,"Demand":0,"DemandMax":4,"Value":234},{"Length":34,"Height":35,"Demand":0,"DemandMax":4,"Value":2380},{"Length":87,"Height":26,"Demand":0,"DemandMax":4,"Value":2262},{"Length":98,"Height":24,"Demand":0,"DemandMax":4,"Value":2352},{"Length":40,"Height":22,"Demand":0,"DemandMax":4,"Value":880},{"Length":31,"Height":37,"Demand":0,"DemandMax":4,"Value":3441},{"Length":76,"Height":22,"Demand":0,"DemandMax":4,"Value":5016},{"Length":25,"Height":40,"Demand":0,"DemandMax":4,"Value":3000},{"Length":88,"Height":30,"Demand":0,"DemandMax":4,"Value":7920},{"Length":46,"Height":95,"Demand":0,"DemandMax":4,"Value":8740},{"Length":9,"Height":39,"Demand":0,"DemandMax":4,"Value":702},{"Length":44,"Height":87,"Demand":0,"DemandMax":4,"Value":11484},{"Length":28,"Height":78,"Demand":0,"DemandMax":4,"Value":2184},{"Length":35,"Height":6,"Demand":0,"DemandMax":4,"Value":630}]}