{"Name":"ngcutfs3_79","Objects":[{"Length":100,"Height":100,"Stock":null,"Cost":10000}],"Items":[{"Length":11,"Height":80,"Demand":0,"DemandMax":3,"Value":1760},{"Length":82,"Height":88,"Demand":0,"DemandMax":3,"Value":7216},{"Length":83,"Height":89,"Demand":0,"DemandMax":3,"Value":22161},{"Length":32,"Height":19,"Demand":0,"DemandMax":3,"Value":1824},{"Length":92,"Height":18,"Demand":0,"DemandMax":3,"Value":4968},{"Length":11,"Height":25,"Demand":0,"DemandMax":3,"Value":275},{"Length":45,"Height":99,"Demand":0,"DemandMax":3,"Value":13365},{"Length":39,"Height":6,"Demand":0,"DemandMax":3,"Value":234},{"Length":80,"Height":4,"Demand":0,"DemandMax":3,"Value":320},{"Length":32,"Height":10,"Demand":0,"DemandMax":3,"Value":640},{"Length":45,"Height":43,"Demand":0,"DemandMax":3,"Value":1935},{"Length":38,"Height":30,"Demand":0,"DemandMax":3,"Value":2280},{"Length":10,"Height":18,"Demand":0,"DemandMax":3,"Value":360},{"Length":29,"Height":91,"Demand":0,"DemandMax":3,"Value":5278},{"Length":5,"Height":12,"Demand":0,"DemandMax":3,"Value":120},{"Length":55,"Height":83,"Demand":0,"DemandMax":3,"Value":9130},{"Length":6,"Height":88,"Demand":0,"DemandMax":3,"Value":1584},{"Length":10,"Height":98,"Demand":0,"DemandMax":3,"Value":980},{"Length":43,"Height":96,"Demand":0,"DemandMax":3,"Value":8256},{"Length":43,"Height":20,"Demand":0,"DemandMax":3,"Value":2580},{"Length":24,"Height":9,"Demand":0,"DemandMax":3,"Value":216},{"Length":24,"Height":11,"Demand":0,"DemandMax":3,"Value":528},{"Length":4,"Height":5,"Demand":0,"DemandMax":3,"Value":20},{"Length":15,"Height":43,"Demand":0,"DemandMax":3,"Value":1935},{"Length":11,"Height":14,"Demand":0,"DemandMax":3,"Value":462},{"Length":45,"Height":20,"Demand":0,"DemandMax":3,"Value":1800},{"Length":43,"Height":21,"Demand":0,"DemandMax":3,"Value":2709},{"Length":45,"Height":88,"Demand":0,"DemandMax":3,"Value":11880},{"Length":6,"Height":27,"Demand":0,"DemandMax":3,"Value":486},{"Length":78,"Height":14,"Demand":0,"DemandMax":3,"Value":1092},{"Length":99,"Height":36,"Demand":0,"DemandMax":3,"Value":3564},{"Length":83,"Height":55,"Demand":0,"DemandMax":3,"Value":4565},{"Length":14,"Height":19,"Demand":0,"DemandMax":3,"Value":532},{"Length":32,"Height":23,"Demand":0,"DemandMax":3,"Value":736},{"Length":18,"Height":11,"Demand":0,"DemandMax":3,"Value":198},{"Length":4,"Height":14,"Demand":0,"DemandMax":3,"Value":112},{"Length":3,"Height":43,"Demand":0,"DemandMax":3,"Value":129},{"Length":5,"Height":9,"Demand":0,"DemandMax":3,"Value":135},{"Length":84,"Height":99,"Demand":0,"DemandMax":3,"Value":24948},{"Length":16,"Height":2,"Demand":0,"DemandMax":3,"Value":64},{"Length":88,"Height":77,"Demand":0,"DemandMax":3,"Value":20328},{"Length":24,"Height":15,"Demand":0,"DemandMax":3,"Value":360},{"Length":6,"Height":14,"Demand":0,"DemandMax":3,"Value":84},{"Length":30,"Height":45,"Demand":0,"DemandMax":3,"Value":4050},{"Length":97,"Height":32,"Demand":0,"DemandMax":3,"Value":3104},{"Length":50,"Height":12,"Demand":0,"DemandMax":3,"Value":600},{"Length":35,"Height":18,"Demand":0,"DemandMax":3,"Value":1890},{"Length":19,"Height":10,"Demand":0,"DemandMax":3,"Value":380},{"Length":26,"Height":13,"Demand":0,"DemandMax":3,"Value":1014},{"Length":45,"Height":9,"Demand":0,"DemandMax":3,"Value":810},{"Length":18,"Height":2,"Demand":0,"DemandMax":3,"Value":36},{"Length":37,"Height":10,"Demand":0,"DemandMax":3,"Value":740},{"Length":2,"Height":44,"Demand":0,"DemandMax":3,"Value":88},{"Length":10,"Height":15,"Demand":0,"DemandMax":3,"Value":150},{"Length":15,"Height":42,"Demand":0,"DemandMax":3,"Value":1890},{"Length":50,"Height":9,"Demand":0,"DemandMax":3,"Value":450},{"Length":8,"Height":20,"Demand":0,"DemandMax":3,"Value":160},{"Length":23,"Height":42,"Demand":0,"DemandMax":3,"Value":966},{"Length":8,"Height":39,"Demand":0,"DemandMax":3,"Value":312},{"Length":41,"Height":45,"Demand":0,"DemandMax":3,"Value":1845},{"Length":18,"Height":3,"Demand":0,"DemandMax":3,"Value":54},{"Length":31,"Height":31,"Demand":0,"DemandMax":3,"Value":2883},{"Length":47,"Height":17,"Demand":0,"DemandMax":3,"Value":799},{"Length":35,"Height":24,"Demand":0,"DemandMax":3,"Value":1680},{"Length":34,"Height":41,"Demand":0,"DemandMax":3,"Value":2788},{"Length":5,"Height":17,"Demand":0,"DemandMax":3,"Value":255},{"Length":12,"Height":39,"Demand":0,"DemandMax":3,"Value":936},{"Length":57,"Height":90,"Demand":0,"DemandMax":3,"Value":15390},{"Length":37,"Height":30,"Demand":0,"DemandMax":3,"Value":1110},{"Length":30,"Height":98,"Demand":0,"DemandMax":3,"Value":8820},{"Length":24,"Height":6,"Demand":0,"DemandMax":3,"Value":288},{"Length":15,"Height":13,"Demand":0,"DemandMax":3,"Value":390},{"Length":48,"Height":42,"Demand":0,"DemandMax":3,"Value":4032},{"Length":45,"Height":46,"Demand":0,"DemandMax":3,"Value":4140},{"Length":36,"Height":17,"Demand":0,"DemandMax":3,"Value":1836},{"Length":28,"Height":43,"Demand":0,"DemandMax":3,"Value":1204},{"Length":18,"Height":30,"Demand":0,"DemandMax":3,"Value":1620},{"Length":27,"Height":36,"Demand":0,"DemandMax":3,"Value":1944},{"Length":39,"Height":18,"Demand":0,"DemandMax":3,"Value":1404},{"Length":2,"Height":49,"Demand":0,"DemandMax":3,"Value":196},{"Length":27,"Height":18,"Demand":0,"DemandMax":3,"Value":486},{"Length":28,"Height":32,"Demand":0,"DemandMax":3,"Value":2688},{"Length":79,"Height":85,"Demand":0,"DemandMax":3,"Value":13430},{"Length":10,"Height":36,"Demand":0,"DemandMax":3,"Value":1080},{"Length":23,"Height":22,"Demand":0,"DemandMax":3,"Value":506},{"Length":24,"Height":87,"Demand":0,"DemandMax":3,"Value":2088},{"Length":38,"Height":16,"Demand":0,"DemandMax":3,"Value":1824},{"Length":35,"Height":30,"Demand":0,"DemandMax":3,"Value":3150},{"Length":5,"Height":18,"Demand":0,"DemandMax":3,"Value":270},{"Length":34,"Height":49,"Demand":0,"DemandMax":3,"Value":3332},{"Length":15,"Height":37,"Demand":0,"DemandMax":3,"Value":555},{"Length":2,"Height":17,"Demand":0,"DemandMax":3,"Value":102},{"Length":12,"Height":15,"Demand":0,"DemandMax":3,"Value":540},{"Length":38,"Height":40,"Demand":0,"DemandMax":3,"Value":4560},{"Length":7,"Height":4,"Demand":0,"DemandMax":3,"Value":56},{"Length":42,"Height":35,"Demand":0,"DemandMax":3,"Value":1470},{"Length":26,"Height":24,"Demand":0,"DemandMax":3,"Value":1872},{"Length":23,"Height":19,"Demand":0,"DemandMax":3,"Value":874},{"Length":5,"Height":38,"Demand":0,"DemandMax":3,"Value":570},{"Length":49,"Height":2,"Demand":0,"DemandMax":3,"Value":294}]}