{"Name":"ngcutfs3_83","Objects":[{"Length":100,"Height":100,"Stock":null,"Cost":10000}],"Items":[{"Length":38,"Height":98,"Demand":0,"DemandMax":4,"Value":3724},{"Length":36,"Height":47,"Demand":0,"DemandMax":4,"Value":1692},{"Length":27,"Height":23,"Demand":0,"DemandMax":4,"Value":1242},{"Length":39,"Height":79,"Demand":0,"DemandMax":4,"Value":6162},{"Length":7,"Height":27,"Demand":0,"DemandMax":4,"Value":567},{"Length":83,"Height":88,"Demand":0,"DemandMax":4,"Value":7304},{"Length":42,"Height":4,"Demand":0,"DemandMax":4,"Value":504},{"Length":38,"Height":14,"Demand":0,"DemandMax":4,"Value":1064},{"Length":48,"Height":19,"Demand":0,"DemandMax":4,"Value":912},{"Length":99,"Height":36,"Demand":0,"DemandMax":4,"Value":3564},{"Length":47,"Height":40,"Demand":0,"DemandMax":4,"Value":3760},{"Length":82,"Height":79,"Demand":0,"DemandMax":4,"Value":12956},{"Length":55,"Height":53,"Demand":0,"DemandMax":4,"Value":2915},{"Length":2,"Height":2,"Demand":0,"DemandMax":4,"Value":8},{"Length":90,"Height":38,"Demand":0,"DemandMax":4,"Value":6840},{"Length":47,"Height":15,"Demand":0,"DemandMax":4,"Value":1410},{"Length":4,"Height":46,"Demand":0,"DemandMax":4,"Value":368},{"Length":34,"Height":37,"Demand":0,"DemandMax":4,"Value":3774},{"Length":40,"Height":37,"Demand":0,"DemandMax":4,"Value":4440},{"Length":44,"Height":18,"Demand":0,"DemandMax":4,"Value":792},{"Length":30,"Height":32,"Demand":0,"DemandMax":4,"Value":2880},{"Length":80,"Height":13,"Demand":0,"DemandMax":4,"Value":3120},{"Length":10,"Height":31,"Demand":0,"DemandMax":4,"Value":620},{"Length":39,"Height":46,"Demand":0,"DemandMax":4,"Value":1794},{"Length":38,"Height":28,"Demand":0,"DemandMax":4,"Value":2128},{"Length":100,"Height":34,"Demand":0,"DemandMax":4,"Value":3400},{"Length":25,"Height":25,"Demand":0,"DemandMax":4,"Value":625},{"Length":2,"Height":27,"Demand":0,"DemandMax":4,"Value":108},{"Length":50,"Height":35,"Demand":0,"DemandMax":4,"Value":1750},{"Length":18,"Height":30,"Demand":0,"DemandMax":4,"Value":1620},{"Length":37,"Height":8,"Demand":0,"DemandMax":4,"Value":592},{"Length":12,"Height":14,"Demand":0,"DemandMax":4,"Value":504},{"Length":35,"Height":22,"Demand":0,"DemandMax":4,"Value":2310},{"Length":3,"Height":16,"Demand":0,"DemandMax":4,"Value":144},{"Length":12,"Height":45,"Demand":0,"DemandMax":4,"Value":1080},{"Length":36,"Height":78,"Demand":0,"DemandMax":4,"Value":2808},{"Length":89,"Height":27,"Demand":0,"DemandMax":4,"Value":2403},{"Length":86,"Height":33,"Demand":0,"DemandMax":4,"Value":2838},{"Length":47,"Height":50,"Demand":0,"DemandMax":4,"Value":2350},{"Length":73,"Height":85,"Demand":0,"DemandMax":4,"Value":18615},{"Length":95,"Height":87,"Demand":0,"DemandMax":4,"Value":8265},{"Length":10,"Height":46,"Demand":0,"DemandMax":4,"Value":920},{"Length":10,"Height":22,"Demand":0,"DemandMax":4,"Value":440},{"Length":43,"Height":36,"Demand":0,"DemandMax":4,"Value":4644},{"Length":3,"Height":24,"Demand":0,"DemandMax":4,"Value":216},{"Length":57,"Height":98,"Demand":0,"DemandMax":4,"Value":5586},{"Length":21,"Height":19,"Demand":0,"DemandMax":4,"Value":798},{"Length":77,"Height":54,"Demand":0,"DemandMax":4,"Value":8316},{"Length":10,"Height":2,"Demand":0,"DemandMax":4,"Value":20},{"Length":69,"Height":52,"Demand":0,"DemandMax":4,"Value":10764},{"Length":27,"Height":31,"Demand":0,"DemandMax":4,"Value":1674},{"Length":5,"Height":11,"Demand":0,"DemandMax":4,"Value":165},{"Length":46,"Height":11,"Demand":0,"DemandMax":4,"Value":506},{"Length":4,"Height":10,"Demand":0,"DemandMax":4,"Value":40},{"Length":86,"Height":67,"Demand":0,"DemandMax":4,"Value":17286},{"Length":8,"Height":49,"Demand":0,"DemandMax":4,"Value":1176},{"Length":49,"Height":17,"Demand":0,"DemandMax":4,"Value":833},{"Length":16,"Height":38,"Demand":0,"DemandMax":4,"Value":608},{"Length":60,"Height":85,"Demand":0,"DemandMax":4,"Value":10200},{"Length":79,"Height":32,"Demand":0,"DemandMax":4,"Value":5056},{"Length":47,"Height":30,"Demand":0,"DemandMax":4,"Value":1410},{"Length":6,"Height":35,"Demand":0,"DemandMax":4,"Value":630},{"Length":17,"Height":39,"Demand":0,"DemandMax":4,"Value":1989},{"Length":30,"Height":41,"Demand":0,"DemandMax":4,"Value":3690},{"Length":24,"Height":25,"Demand":0,"DemandMax":4,"Value":600},{"Length":28,"Height":32,"Demand":0,"DemandMax":4,"Value":2688},{"Length":2,"Height":3,"Demand":0,"DemandMax":4,"Value":18},{"Length":37,"Height":47,"Demand":0,"DemandMax":4,"Value":1739},{"Length":29,"Height":95,"Demand":0,"DemandMax":4,"Value":8265},{"Length":6,"Height":38,"Demand":0,"DemandMax":4,"Value":684},{"Length":24,"Height":6,"Demand":0,"DemandMax":4,"Value":432},{"Length":3,"Height":12,"Demand":0,"DemandMax":4,"Value":108},{"Length":29,"Height":34,"Demand":0,"DemandMax":4,"Value":1972},{"Length":14,"Height":41,"Demand":0,"DemandMax":4,"Value":574},{"Length":32,"Height":39,"Demand":0,"DemandMax":4,"Value":2496},{"Length":11,"Height":31,"Demand":0,"DemandMax":4,"Value":341},{"Length":57,"Height":64,"Demand":0,"DemandMax":4,"Value":3648},{"Length":10,"Height":42,"Demand":0,"DemandMax":4,"Value":840},{"Length":81,"Height":36,"Demand":0,"DemandMax":4,"Value":5832},{"Length":4,"Height":24,"Demand":0,"DemandMax":4,"Value":288},{"Length":30,"Height":24,"Demand":0,"DemandMax":4,"Value":2160},{"Length":43,"Height":46,"Demand":0,"DemandMax":4,"Value":5934},{"Length":6,"Height":4,"Demand":0,"DemandMax":4,"Value":72},{"Length":95,"Height":30,"Demand":0,"DemandMax":4,"Value":8550},{"Length":79,"Height":60,"Demand":0,"DemandMax":4,"Value":14220},{"Length":10,"Height":47,"Demand":0,"DemandMax":4,"Value":940},{"Length":73,"Height":98,"Demand":0,"DemandMax":4,"Value":7154},{"Length":18,"Height":47,"Demand":0,"DemandMax":4,"Value":2538},{"Length":45,"Height":4,"Demand":0,"DemandMax":4,"Value":540},{"Length":25,"Height":100,"Demand":0,"DemandMax":4,"Value":7500},{"Length":9,"Height":24,"Demand":0,"DemandMax":4,"Value":216},{"Length":82,"Height":80,"Demand":0,"DemandMax":4,"Value":13120},{"Length":21,"Height":49,"Demand":0,"DemandMax":4,"Value":2058},{"Length":97,"Height":79,"Demand":0,"DemandMax":4,"Value":15326},{"Length":35,"Height":44,"Demand":0,"DemandMax":4,"Value":3080},{"Length":38,"Height":21,"Demand":0,"DemandMax":4,"Value":1596},{"Length":33,"Height":32,"Demand":0,"DemandMax":4,"Value":2112},{"Length":32,"Height":100,"Demand":0,"DemandMax":4,"Value":6400},{"Length":35,"Height":44,"Demand":0,"DemandMax":4,"Value":4620},{"Length":33,"Height":82,"Demand":0,"DemandMax":4,"Value":2706}]}