{"Name":"ngcutfs1_175","Objects":[{"Length":100,"Height":100,"Stock":null,"Cost":10000}],"Items":[{"Length":55,"Height":57,"Demand":0,"DemandMax":4,"Value":9405},{"Length":28,"Height":97,"Demand":0,"DemandMax":4,"Value":5432},{"Length":8,"Height":23,"Demand":0,"DemandMax":4,"Value":368},{"Length":43,"Height":8,"Demand":0,"DemandMax":4,"Value":688},{"Length":30,"Height":50,"Demand":0,"DemandMax":4,"Value":1500},{"Length":10,"Height":7,"Demand":0,"DemandMax":4,"Value":210},{"Length":5,"Height":99,"Demand":0,"DemandMax":4,"Value":1485},{"Length":90,"Height":35,"Demand":0,"DemandMax":4,"Value":6300},{"Length":37,"Height":32,"Demand":0,"DemandMax":4,"Value":1184},{"Length":91,"Height":24,"Demand":0,"DemandMax":4,"Value":6552},{"Length":81,"Height":27,"Demand":0,"DemandMax":4,"Value":6561},{"Length":2,"Height":3,"Demand":0,"DemandMax":4,"Value":6},{"Length":49,"Height":92,"Demand":0,"DemandMax":4,"Value":9016},{"Length":27,"Height":86,"Demand":0,"DemandMax":4,"Value":2322},{"Length":85,"Height":97,"Demand":0,"DemandMax":4,"Value":16490},{"Length":43,"Height":77,"Demand":0,"DemandMax":4,"Value":9933},{"Length":26,"Height":88,"Demand":0,"DemandMax":4,"Value":4576},{"Length":92,"Height":22,"Demand":0,"DemandMax":4,"Value":6072},{"Length":99,"Height":43,"Demand":0,"DemandMax":4,"Value":4257},{"Length":10,"Height":87,"Demand":0,"DemandMax":4,"Value":1740},{"Length":95,"Height":52,"Demand":0,"DemandMax":4,"Value":4940},{"Length":87,"Height":6,"Demand":0,"DemandMax":4,"Value":522},{"Length":92,"Height":17,"Demand":0,"DemandMax":4,"Value":1564},{"Length":91,"Height":28,"Demand":0,"DemandMax":4,"Value":2548},{"Length":25,"Height":34,"Demand":0,"DemandMax":4,"Value":2550},{"Length":93,"Height":67,"Demand":0,"DemandMax":4,"Value":6231},{"Length":78,"Height":100,"Demand":0,"DemandMax":4,"Value":23400},{"Length":96,"Height":86,"Demand":0,"DemandMax":4,"Value":24768},{"Length":18,"Height":25,"Demand":0,"DemandMax":4,"Value":450},{"Length":94,"Height":30,"Demand":0,"DemandMax":4,"Value":5640},{"Length":80,"Height":87,"Demand":0,"DemandMax":4,"Value":20880},{"Length":72,"Height":87,"Demand":0,"DemandMax":4,"Value":6264},{"Length":99,"Height":78,"Demand":0,"DemandMax":4,"Value":15444},{"Length":38,"Height":28,"Demand":0,"DemandMax":4,"Value":2128},{"Length":85,"Height":11,"Demand":0,"DemandMax":4,"Value":1870},{"Length":99,"Height":2,"Demand":0,"DemandMax":4,"Value":396},{"Length":13,"Height":95,"Demand":0,"DemandMax":4,"Value":2470},{"Length":51,"Height":77,"Demand":0,"DemandMax":4,"Value":3927},{"Length":84,"Height":7,"Demand":0,"DemandMax":4,"Value":1176},{"Length":84,"Height":65,"Demand":0,"DemandMax":4,"Value":10920},{"Length":88,"Height":6,"Demand":0,"DemandMax":4,"Value":528},{"Length":73,"Height":56,"Demand":0,"DemandMax":4,"Value":12264},{"Length":24,"Height":8,"Demand":0,"DemandMax":4,"Value":576},{"Length":11,"Height":5,"Demand":0,"DemandMax":8,"Value":110},{"Length":39,"Height":77,"Demand":0,"DemandMax":4,"Value":3003},{"Length":67,"Height":91,"Demand":0,"DemandMax":4,"Value":12194},{"Length":90,"Height":97,"Demand":0,"DemandMax":4,"Value":17460},{"Length":33,"Height":40,"Demand":0,"DemandMax":4,"Value":3960},{"Length":96,"Height":51,"Demand":0,"DemandMax":4,"Value":14688},{"Length":40,"Height":86,"Demand":0,"DemandMax":4,"Value":10320},{"Length":80,"Height":51,"Demand":0,"DemandMax":4,"Value":4080},{"Length":83,"Height":9,"Demand":0,"DemandMax":4,"Value":1494},{"Length":48,"Height":14,"Demand":0,"DemandMax":4,"Value":1344},{"Length":50,"Height":38,"Demand":0,"DemandMax":4,"Value":1900},{"Length":8,"Height":42,"Demand":0,"DemandMax":4,"Value":336},{"Length":3,"Height":84,"Demand":0,"DemandMax":4,"Value":252},{"Length":25,"Height":46,"Demand":0,"DemandMax":4,"Value":1150},{"Length":7,"Height":18,"Demand":0,"DemandMax":4,"Value":378},{"Length":80,"Height":96,"Demand":0,"DemandMax":4,"Value":23040},{"Length":62,"Height":66,"Demand":0,"DemandMax":4,"Value":4092},{"Length":85,"Height":30,"Demand":0,"DemandMax":4,"Value":2550},{"Length":80,"Height":31,"Demand":0,"DemandMax":4,"Value":7440},{"Length":17,"Height":91,"Demand":0,"DemandMax":4,"Value":3094},{"Length":80,"Height":14,"Demand":0,"DemandMax":4,"Value":1120},{"Length":20,"Height":90,"Demand":0,"DemandMax":4,"Value":5400},{"Length":50,"Height":39,"Demand":0,"DemandMax":8,"Value":1950},{"Length":9,"Height":25,"Demand":0,"DemandMax":4,"Value":225},{"Length":3,"Height":24,"Demand":0,"DemandMax":4,"Value":72},{"Length":78,"Height":96,"Demand":0,"DemandMax":4,"Value":7488},{"Length":36,"Height":92,"Demand":0,"DemandMax":4,"Value":3312},{"Length":47,"Height":100,"Demand":0,"DemandMax":4,"Value":4700},{"Length":7,"Height":17,"Demand":0,"DemandMax":4,"Value":238},{"Length":20,"Height":46,"Demand":0,"DemandMax":4,"Value":920},{"Length":32,"Height":97,"Demand":0,"DemandMax":4,"Value":9312},{"Length":17,"Height":10,"Demand":0,"DemandMax":4,"Value":170},{"Length":20,"Height":93,"Demand":0,"DemandMax":4,"Value":5580},{"Length":3,"Height":25,"Demand":0,"DemandMax":4,"Value":150},{"Length":23,"Height":45,"Demand":0,"DemandMax":4,"Value":2070},{"Length":42,"Height":86,"Demand":0,"DemandMax":4,"Value":7224},{"Length":92,"Height":50,"Demand":0,"DemandMax":4,"Value":13800},{"Length":85,"Height":80,"Demand":0,"DemandMax":4,"Value":13600},{"Length":23,"Height":34,"Demand":0,"DemandMax":4,"Value":2346},{"Length":24,"Height":14,"Demand":0,"DemandMax":4,"Value":336},{"Length":22,"Height":40,"Demand":0,"DemandMax":4,"Value":880},{"Length":33,"Height":45,"Demand":0,"DemandMax":4,"Value":2970},{"Length":36,"Height":37,"Demand":0,"DemandMax":4,"Value":3996},{"Length":11,"Height":2,"Demand":0,"DemandMax":4,"Value":66},{"Length":13,"Height":14,"Demand":0,"DemandMax":4,"Value":364},{"Length":53,"Height":76,"Demand":0,"DemandMax":4,"Value":8056},{"Length":89,"Height":50,"Demand":0,"DemandMax":4,"Value":4450},{"Length":72,"Height":93,"Demand":0,"DemandMax":4,"Value":6696},{"Length":41,"Height":10,"Demand":0,"DemandMax":4,"Value":410},{"Length":12,"Height":97,"Demand":0,"DemandMax":4,"Value":1164},{"Length":4,"Height":25,"Demand":0,"DemandMax":4,"Value":100},{"Length":31,"Height":11,"Demand":0,"DemandMax":4,"Value":682},{"Length":67,"Height":83,"Demand":0,"DemandMax":4,"Value":16683},{"Length":22,"Height":87,"Demand":0,"DemandMax":4,"Value":3828},{"Length":95,"Height":32,"Demand":0,"DemandMax":4,"Value":3040},{"Length":59,"Height":95,"Demand":0,"DemandMax":4,"Value":5605},{"Length":25,"Height":25,"Demand":0,"DemandMax":4,"Value":1875},{"Length":19,"Height":18,"Demand":0,"DemandMax":4,"Value":684},{"Length":7,"Height":20,"Demand":0,"DemandMax":4,"Value":420},{"Length":47,"Height":93,"Demand":0,"DemandMax":4,"Value":13113},{"Length":63,"Height":52,"Demand":0,"DemandMax":4,"Value":3276},{"Length":88,"Height":92,"Demand":0,"DemandMax":4,"Value":24288},{"Length":60,"Height":97,"Demand":0,"DemandMax":4,"Value":5820},{"Length":99,"Height":29,"Demand":0,"DemandMax":4,"Value":8613},{"Length":100,"Height":43,"Demand":0,"DemandMax":4,"Value":8600},{"Length":74,"Height":57,"Demand":0,"DemandMax":8,"Value":8436},{"Length":22,"Height":96,"Demand":0,"DemandMax":4,"Value":2112},{"Length":40,"Height":5,"Demand":0,"DemandMax":4,"Value":400},{"Length":97,"Height":37,"Demand":0,"DemandMax":4,"Value":7178},{"Length":38,"Height":19,"Demand":0,"DemandMax":4,"Value":1444},{"Length":45,"Height":91,"Demand":0,"DemandMax":4,"Value":12285},{"Length":21,"Height":23,"Demand":0,"DemandMax":4,"Value":966},{"Length":2,"Height":49,"Demand":0,"DemandMax":4,"Value":196},{"Length":27,"Height":37,"Demand":0,"DemandMax":4,"Value":2997},{"Length":76,"Height":60,"Demand":0,"DemandMax":4,"Value":9120},{"Length":2,"Height":94,"Demand":0,"DemandMax":8,"Value":564},{"Length":65,"Height":56,"Demand":0,"DemandMax":4,"Value":3640},{"Length":26,"Height":97,"Demand":0,"DemandMax":8,"Value":7566},{"Length":36,"Height":25,"Demand":0,"DemandMax":4,"Value":900},{"Length":90,"Height":69,"Demand":0,"DemandMax":4,"Value":12420},{"Length":21,"Height":42,"Demand":0,"DemandMax":4,"Value":1764},{"Length":90,"Height":69,"Demand":0,"DemandMax":4,"Value":6210},{"Length":66,"Height":70,"Demand":0,"DemandMax":4,"Value":9240},{"Length":70,"Height":63,"Demand":0,"DemandMax":4,"Value":4410},{"Length":79,"Height":3,"Demand":0,"DemandMax":4,"Value":711},{"Length":89,"Height":48,"Demand":0,"DemandMax":4,"Value":4272},{"Length":48,"Height":11,"Demand":0,"DemandMax":4,"Value":1584},{"Length":33,"Height":25,"Demand":0,"DemandMax":4,"Value":825},{"Length":17,"Height":30,"Demand":0,"DemandMax":4,"Value":1020},{"Length":2,"Height":20,"Demand":0,"DemandMax":8,"Value":80},{"Length":19,"Height":3,"Demand":0,"DemandMax":4,"Value":57},{"Length":4,"Height":99,"Demand":0,"DemandMax":4,"Value":792},{"Length":98,"Height":50,"Demand":0,"DemandMax":4,"Value":4900},{"Length":25,"Height":33,"Demand":0,"DemandMax":4,"Value":1650},{"Length":94,"Height":44,"Demand":0,"DemandMax":4,"Value":12408},{"Length":45,"Height":100,"Demand":0,"DemandMax":4,"Value":4500},{"Length":95,"Height":54,"Demand":0,"DemandMax":4,"Value":15390},{"Length":47,"Height":34,"Demand":0,"DemandMax":4,"Value":4794},{"Length":48,"Height":40,"Demand":0,"DemandMax":4,"Value":5760},{"Length":61,"Height":80,"Demand":0,"DemandMax":4,"Value":9760},{"Length":85,"Height":39,"Demand":0,"DemandMax":4,"Value":6630},{"Length":5,"Height":41,"Demand":0,"DemandMax":4,"Value":205},{"Length":42,"Height":36,"Demand":0,"DemandMax":4,"Value":1512},{"Length":98,"Height":26,"Demand":0,"DemandMax":4,"Value":5096},{"Length":37,"Height":28,"Demand":0,"DemandMax":4,"Value":1036},{"Length":83,"Height":78,"Demand":0,"DemandMax":4,"Value":19422},{"Length":21,"Height":99,"Demand":0,"DemandMax":4,"Value":6237},{"Length":97,"Height":58,"Demand":0,"DemandMax":4,"Value":11252},{"Length":17,"Height":28,"Demand":0,"DemandMax":4,"Value":952},{"Length":23,"Height":5,"Demand":0,"DemandMax":4,"Value":230},{"Length":17,"Height":84,"Demand":0,"DemandMax":4,"Value":4284},{"Length":13,"Height":24,"Demand":0,"DemandMax":4,"Value":936},{"Length":76,"Height":27,"Demand":0,"DemandMax":4,"Value":2052},{"Length":3,"Height":40,"Demand":0,"DemandMax":4,"Value":240},{"Length":89,"Height":47,"Demand":0,"DemandMax":4,"Value":4183},{"Length":13,"Height":23,"Demand":0,"DemandMax":4,"Value":897},{"Length":31,"Height":34,"Demand":0,"DemandMax":4,"Value":2108},{"Length":95,"Height":31,"Demand":0,"DemandMax":4,"Value":5890},{"Length":99,"Height":49,"Demand":0,"DemandMax":4,"Value":4851},{"Length":24,"Height":20,"Demand":0,"DemandMax":4,"Value":1440},{"Length":7,"Height":40,"Demand":0,"DemandMax":4,"Value":560},{"Length":16,"Height":98,"Demand":0,"DemandMax":4,"Value":1568},{"Length":14,"Height":11,"Demand":0,"DemandMax":4,"Value":308},{"Length":90,"Height":81,"Demand":0,"DemandMax":4,"Value":21870},{"Length":32,"Height":49,"Demand":0,"DemandMax":4,"Value":1568},{"Length":20,"Height":28,"Demand":0,"DemandMax":4,"Value":1680},{"Length":36,"Height":28,"Demand":0,"DemandMax":4,"Value":3024},{"Length":80,"Height":59,"Demand":0,"DemandMax":4,"Value":14160},{"Length":10,"Height":32,"Demand":0,"DemandMax":4,"Value":960},{"Length":85,"Height":71,"Demand":0,"DemandMax":4,"Value":18105},{"Length":64,"Height":68,"Demand":0,"DemandMax":4,"Value":13056},{"Length":36,"Height":100,"Demand":0,"DemandMax":4,"Value":7200},{"Length":14,"Height":44,"Demand":0,"DemandMax":4,"Value":1848},{"Length":75,"Height":76,"Demand":0,"DemandMax":4,"Value":11400},{"Length":20,"Height":30,"Demand":0,"DemandMax":4,"Value":1800},{"Length":78,"Height":87,"Demand":0,"DemandMax":4,"Value":6786},{"Length":18,"Height":45,"Demand":0,"DemandMax":4,"Value":2430},{"Length":36,"Height":3,"Demand":0,"DemandMax":4,"Value":324},{"Length":24,"Height":15,"Demand":0,"DemandMax":4,"Value":1080},{"Length":4,"Height":27,"Demand":0,"DemandMax":4,"Value":108},{"Length":46,"Height":32,"Demand":0,"DemandMax":4,"Value":2944},{"Length":45,"Height":34,"Demand":0,"DemandMax":4,"Value":4590},{"Length":14,"Height":91,"Demand":0,"DemandMax":4,"Value":1274},{"Length":90,"Height":98,"Demand":0,"DemandMax":4,"Value":17640},{"Length":19,"Height":12,"Demand":0,"DemandMax":4,"Value":228},{"Length":29,"Height":82,"Demand":0,"DemandMax":4,"Value":2378},{"Length":28,"Height":4,"Demand":0,"DemandMax":4,"Value":112},{"Length":44,"Height":37,"Demand":0,"DemandMax":4,"Value":4884},{"Length":74,"Height":96,"Demand":0,"DemandMax":4,"Value":21312},{"Length":26,"Height":81,"Demand":0,"DemandMax":4,"Value":4212},{"Length":9,"Height":88,"Demand":0,"DemandMax":4,"Value":792},{"Length":10,"Height":43,"Demand":0,"DemandMax":4,"Value":430},{"Length":92,"Height":21,"Demand":0,"DemandMax":4,"Value":1932},{"Length":2,"Height":92,"Demand":0,"DemandMax":4,"Value":368},{"Length":21,"Height":41,"Demand":0,"DemandMax":4,"Value":1722},{"Length":55,"Height":100,"Demand":0,"DemandMax":4,"Value":11000},{"Length":48,"Height":6,"Demand":0,"DemandMax":4,"Value":864},{"Length":24,"Height":99,"Demand":0,"DemandMax":4,"Value":4752},{"Length":98,"Height":11,"Demand":0,"DemandMax":4,"Value":1078},{"Length":25,"Height":7,"Demand":0,"DemandMax":4,"Value":175},{"Length":28,"Height":91,"Demand":0,"DemandMax":4,"Value":5096},{"Length":44,"Height":29,"Demand":0,"DemandMax":4,"Value":2552},{"Length":37,"Height":89,"Demand":0,"DemandMax":4,"Value":6586},{"Length":70,"Height":78,"Demand":0,"DemandMax":4,"Value":16380},{"Length":10,"Height":80,"Demand":0,"DemandMax":4,"Value":2400},{"Length":10,"Height":24,"Demand":0,"DemandMax":4,"Value":480},{"Length":24,"Height":43,"Demand":0,"DemandMax":4,"Value":3096},{"Length":47,"Height":38,"Demand":0,"DemandMax":4,"Value":1786},{"Length":15,"Height":6,"Demand":0,"DemandMax":4,"Value":270},{"Length":31,"Height":4,"Demand":0,"DemandMax":4,"Value":248},{"Length":76,"Height":7,"Demand":0,"DemandMax":4,"Value":1064},{"Length":49,"Height":100,"Demand":0,"DemandMax":4,"Value":4900},{"Length":15,"Height":87,"Demand":0,"DemandMax":4,"Value":2610},{"Length":12,"Height":77,"Demand":0,"DemandMax":4,"Value":2772},{"Length":20,"Height":81,"Demand":0,"DemandMax":4,"Value":1620},{"Length":63,"Height":91,"Demand":0,"DemandMax":4,"Value":17199},{"Length":2,"Height":36,"Demand":0,"DemandMax":4,"Value":72},{"Length":84,"Height":43,"Demand":0,"DemandMax":4,"Value":3612},{"Length":6,"Height":12,"Demand":0,"DemandMax":4,"Value":72},{"Length":37,"Height":89,"Demand":0,"DemandMax":4,"Value":3293},{"Length":78,"Height":18,"Demand":0,"DemandMax":4,"Value":1404},{"Length":32,"Height":31,"Demand":0,"DemandMax":4,"Value":992},{"Length":17,"Height":98,"Demand":0,"DemandMax":4,"Value":3332},{"Length":40,"Height":90,"Demand":0,"DemandMax":4,"Value":7200},{"Length":5,"Height":94,"Demand":0,"DemandMax":4,"Value":1410},{"Length":91,"Height":26,"Demand":0,"DemandMax":4,"Value":4732},{"Length":93,"Height":55,"Demand":0,"DemandMax":4,"Value":10230},{"Length":87,"Height":26,"Demand":0,"DemandMax":4,"Value":6786},{"Length":81,"Height":99,"Demand":0,"DemandMax":4,"Value":16038},{"Length":71,"Height":89,"Demand":0,"DemandMax":4,"Value":12638},{"Length":57,"Height":100,"Demand":0,"DemandMax":4,"Value":5700},{"Length":19,"Height":4,"Demand":0,"DemandMax":4,"Value":228},{"Length":9,"Height":19,"Demand":0,"DemandMax":4,"Value":342},{"Length":8,"Height":25,"Demand":0,"DemandMax":4,"Value":600},{"Length":41,"Height":92,"Demand":0,"DemandMax":4,"Value":3772},{"Length":37,"Height":35,"Demand":0,"DemandMax":4,"Value":3885},{"Length":94,"Height":35,"Demand":0,"DemandMax":4,"Value":9870},{"Length":90,"Height":56,"Demand":0,"DemandMax":4,"Value":10080},{"Length":48,"Height":3,"Demand":0,"DemandMax":4,"Value":432},{"Length":16,"Height":15,"Demand":0,"DemandMax":4,"Value":720},{"Length":94,"Height":41,"Demand":0,"DemandMax":4,"Value":3854},{"Length":97,"Height":45,"Demand":0,"DemandMax":4,"Value":13095},{"Length":33,"Height":49,"Demand":0,"DemandMax":4,"Value":4851},{"Length":74,"Height":73,"Demand":0,"DemandMax":4,"Value":16206},{"Length":10,"Height":14,"Demand":0,"DemandMax":4,"Value":140},{"Length":41,"Height":96,"Demand":0,"DemandMax":4,"Value":3936},{"Length":6,"Height":83,"Demand":0,"DemandMax":4,"Value":1494},{"Length":50,"Height":89,"Demand":0,"DemandMax":4,"Value":4450},{"Length":81,"Height":94,"Demand":0,"DemandMax":4,"Value":22842},{"Length":25,"Height":40,"Demand":0,"DemandMax":4,"Value":2000},{"Length":33,"Height":32,"Demand":0,"DemandMax":4,"Value":3168},{"Length":17,"Height":82,"Demand":0,"DemandMax":4,"Value":4182},{"Length":13,"Height":11,"Demand":0,"DemandMax":4,"Value":143},{"Length":50,"Height":76,"Demand":0,"DemandMax":4,"Value":11400},{"Length":8,"Height":36,"Demand":0,"DemandMax":4,"Value":288},{"Length":7,"Height":37,"Demand":0,"DemandMax":8,"Value":777},{"Length":33,"Height":20,"Demand":0,"DemandMax":4,"Value":1320},{"Length":27,"Height":8,"Demand":0,"DemandMax":4,"Value":648},{"Length":32,"Height":4,"Demand":0,"DemandMax":4,"Value":384},{"Length":47,"Height":32,"Demand":0,"DemandMax":4,"Value":1504},{"Length":87,"Height":17,"Demand":0,"DemandMax":4,"Value":2958},{"Length":77,"Height":8,"Demand":0,"DemandMax":4,"Value":616},{"Length":47,"Height":79,"Demand":0,"DemandMax":4,"Value":7426},{"Length":30,"Height":50,"Demand":0,"DemandMax":4,"Value":4500},{"Length":23,"Height":99,"Demand":0,"DemandMax":4,"Value":6831},{"Length":13,"Height":38,"Demand":0,"DemandMax":4,"Value":494},{"Length":18,"Height":6,"Demand":0,"DemandMax":4,"Value":324},{"Length":33,"Height":27,"Demand":0,"DemandMax":4,"Value":891},{"Length":44,"Height":43,"Demand":0,"DemandMax":4,"Value":3784},{"Length":51,"Height":67,"Demand":0,"DemandMax":4,"Value":10251},{"Length":92,"Height":2,"Demand":0,"DemandMax":4,"Value":368},{"Length":4,"Height":38,"Demand":0,"DemandMax":4,"Value":456},{"Length":34,"Height":8,"Demand":0,"DemandMax":4,"Value":272},{"Length":6,"Height":79,"Demand":0,"DemandMax":4,"Value":948},{"Length":18,"Height":24,"Demand":0,"DemandMax":4,"Value":1296},{"Length":46,"Height":47,"Demand":0,"DemandMax":4,"Value":6486},{"Length":20,"Height":40,"Demand":0,"DemandMax":4,"Value":1600},{"Length":82,"Height":50,"Demand":0,"DemandMax":4,"Value":12300},{"Length":39,"Height":80,"Demand":0,"DemandMax":4,"Value":3120},{"Length":85,"Height":54,"Demand":0,"DemandMax":4,"Value":9180},{"Length":35,"Height":81,"Demand":0,"DemandMax":4,"Value":5670},{"Length":91,"Height":8,"Demand":0,"DemandMax":4,"Value":728},{"Length":94,"Height":17,"Demand":0,"DemandMax":4,"Value":3196},{"Length":28,"Height":88,"Demand":0,"DemandMax":4,"Value":4928},{"Length":91,"Height":22,"Demand":0,"DemandMax":4,"Value":2002},{"Length":21,"Height":26,"Demand":0,"DemandMax":4,"Value":546},{"Length":62,"Height":73,"Demand":0,"DemandMax":4,"Value":13578},{"Length":83,"Height":31,"Demand":0,"DemandMax":4,"Value":7719},{"Length":46,"Height":42,"Demand":0,"DemandMax":4,"Value":1932},{"Length":4,"Height":29,"Demand":0,"DemandMax":4,"Value":348},{"Length":89,"Height":46,"Demand":0,"DemandMax":4,"Value":4094},{"Length":21,"Height":6,"Demand":0,"DemandMax":4,"Value":378},{"Length":80,"Height":16,"Demand":0,"DemandMax":4,"Value":1280},{"Length":34,"Height":96,"Demand":0,"DemandMax":4,"Value":3264},{"Length":25,"Height":2,"Demand":0,"DemandMax":4,"Value":50},{"Length":3,"Height":34,"Demand":0,"DemandMax":4,"Value":102},{"Length":49,"Height":27,"Demand":0,"DemandMax":4,"Value":2646},{"Length":4,"Height":35,"Demand":0,"DemandMax":4,"Value":280},{"Length":12,"Height":24,"Demand":0,"DemandMax":4,"Value":288},{"Length":45,"Height":34,"Demand":0,"DemandMax":4,"Value":1530},{"Length":49,"Height":24,"Demand":0,"DemandMax":4,"Value":3528},{"Length":35,"Height":26,"Demand":0,"DemandMax":4,"Value":2730},{"Length":100,"Height":70,"Demand":0,"DemandMax":4,"Value":7000},{"Length":32,"Height":19,"Demand":0,"DemandMax":4,"Value":608},{"Length":70,"Height":85,"Demand":0,"DemandMax":4,"Value":11900},{"Length":33,"Height":13,"Demand":0,"DemandMax":4,"Value":429},{"Length":73,"Height":96,"Demand":0,"DemandMax":4,"Value":7008},{"Length":81,"Height":7,"Demand":0,"DemandMax":4,"Value":1701},{"Length":87,"Height":97,"Demand":0,"DemandMax":4,"Value":16878},{"Length":40,"Height":12,"Demand":0,"DemandMax":4,"Value":1440},{"Length":5,"Height":2,"Demand":0,"DemandMax":4,"Value":10},{"Length":47,"Height":40,"Demand":0,"DemandMax":4,"Value":3760},{"Length":78,"Height":95,"Demand":0,"DemandMax":4,"Value":22230},{"Length":34,"Height":29,"Demand":0,"DemandMax":4,"Value":1972},{"Length":38,"Height":86,"Demand":0,"DemandMax":4,"Value":9804},{"Length":97,"Height":40,"Demand":0,"DemandMax":4,"Value":7760},{"Length":14,"Height":42,"Demand":0,"DemandMax":4,"Value":1176},{"Length":35,"Height":45,"Demand":0,"DemandMax":4,"Value":3150},{"Length":23,"Height":88,"Demand":0,"DemandMax":4,"Value":4048},{"Length":80,"Height":45,"Demand":0,"DemandMax":4,"Value":3600},{"Length":88,"Height":7,"Demand":0,"DemandMax":4,"Value":616},{"Length":73,"Height":80,"Demand":0,"DemandMax":8,"Value":5840},{"Length":35,"Height":45,"Demand":0,"DemandMax":4,"Value":1575},{"Length":41,"Height":80,"Demand":0,"DemandMax":4,"Value":9840},{"Length":11,"Height":4,"Demand":0,"DemandMax":4,"Value":44},{"Length":27,"Height":80,"Demand":0,"DemandMax":4,"Value":6480},{"Length":26,"Height":5,"Demand":0,"DemandMax":4,"Value":390},{"Length":42,"Height":99,"Demand":0,"DemandMax":4,"Value":8316},{"Length":54,"Height":75,"Demand":0,"DemandMax":4,"Value":4050},{"Length":79,"Height":3,"Demand":0,"DemandMax":4,"Value":474},{"Length":88,"Height":9,"Demand":0,"DemandMax":4,"Value":792},{"Length":88,"Height":98,"Demand":0,"DemandMax":4,"Value":25872},{"Length":91,"Height":42,"Demand":0,"DemandMax":4,"Value":7644},{"Length":2,"Height":77,"Demand":0,"DemandMax":4,"Value":462},{"Length":47,"Height":16,"Demand":0,"DemandMax":4,"Value":1504},{"Length":88,"Height":45,"Demand":0,"DemandMax":4,"Value":7920},{"Length":83,"Height":43,"Demand":0,"DemandMax":4,"Value":3569},{"Length":28,"Height":86,"Demand":0,"DemandMax":4,"Value":4816},{"Length":94,"Height":31,"Demand":0,"DemandMax":4,"Value":5828},{"Length":16,"Height":10,"Demand":0,"DemandMax":4,"Value":320},{"Length":13,"Height":83,"Demand":0,"DemandMax":4,"Value":1079},{"Length":55,"Height":99,"Demand":0,"DemandMax":4,"Value":16335},{"Length":28,"Height":37,"Demand":0,"DemandMax":4,"Value":1036},{"Length":29,"Height":10,"Demand":0,"DemandMax":4,"Value":580},{"Length":41,"Height":21,"Demand":0,"DemandMax":4,"Value":861},{"Length":48,"Height":19,"Demand":0,"DemandMax":4,"Value":2736},{"Length":95,"Height":85,"Demand":0,"DemandMax":4,"Value":16150},{"Length":71,"Height":78,"Demand":0,"DemandMax":4,"Value":5538},{"Length":27,"Height":33,"Demand":0,"DemandMax":4,"Value":1782},{"Length":59,"Height":82,"Demand":0,"DemandMax":4,"Value":14514},{"Length":6,"Height":5,"Demand":0,"DemandMax":4,"Value":90},{"Length":6,"Height":19,"Demand":0,"DemandMax":4,"Value":114},{"Length":53,"Height":84,"Demand":0,"DemandMax":4,"Value":8904},{"Length":2,"Height":88,"Demand":0,"DemandMax":4,"Value":176},{"Length":82,"Height":19,"Demand":0,"DemandMax":4,"Value":4674},{"Length":16,"Height":46,"Demand":0,"DemandMax":4,"Value":2208},{"Length":79,"Height":39,"Demand":0,"DemandMax":4,"Value":6162},{"Length":27,"Height":91,"Demand":0,"DemandMax":4,"Value":2457},{"Length":97,"Height":44,"Demand":0,"DemandMax":4,"Value":8536},{"Length":33,"Height":47,"Demand":0,"DemandMax":4,"Value":1551},{"Length":88,"Height":75,"Demand":0,"DemandMax":4,"Value":19800},{"Length":18,"Height":12,"Demand":0,"DemandMax":4,"Value":432},{"Length":97,"Height":7,"Demand":0,"DemandMax":4,"Value":679},{"Length":49,"Height":7,"Demand":0,"DemandMax":4,"Value":686},{"Length":54,"Height":67,"Demand":0,"DemandMax":4,"Value":7236},{"Length":38,"Height":85,"Demand":0,"DemandMax":4,"Value":3230},{"Length":46,"Height":90,"Demand":0,"DemandMax":4,"Value":4140},{"Length":80,"Height":33,"Demand":0,"DemandMax":4,"Value":2640},{"Length":49,"Height":47,"Demand":0,"DemandMax":4,"Value":4606},{"Length":45,"Height":25,"Demand":0,"DemandMax":4,"Value":2250},{"Length":79,"Height":91,"Demand":0,"DemandMax":4,"Value":21567},{"Length":30,"Height":89,"Demand":0,"DemandMax":4,"Value":2670},{"Length":76,"Height":63,"Demand":0,"DemandMax":4,"Value":4788},{"Length":80,"Height":43,"Demand":0,"DemandMax":4,"Value":6880},{"Length":83,"Height":6,"Demand":0,"DemandMax":4,"Value":498},{"Length":14,"Height":47,"Demand":0,"DemandMax":4,"Value":1316},{"Length":87,"Height":25,"Demand":0,"DemandMax":4,"Value":4350},{"Length":19,"Height":77,"Demand":0,"DemandMax":4,"Value":2926},{"Length":23,"Height":29,"Demand":0,"DemandMax":4,"Value":2001},{"Length":46,"Height":6,"Demand":0,"DemandMax":4,"Value":828},{"Length":2,"Height":48,"Demand":0,"DemandMax":4,"Value":96},{"Length":20,"Height":85,"Demand":0,"DemandMax":4,"Value":3400},{"Length":43,"Height":48,"Demand":0,"DemandMax":4,"Value":6192},{"Length":80,"Height":62,"Demand":0,"DemandMax":4,"Value":14880},{"Length":17,"Height":19,"Demand":0,"DemandMax":4,"Value":969},{"Length":43,"Height":48,"Demand":0,"DemandMax":4,"Value":4128},{"Length":8,"Height":30,"Demand":0,"DemandMax":4,"Value":480},{"Length":95,"Height":47,"Demand":0,"DemandMax":4,"Value":4465},{"Length":21,"Height":95,"Demand":0,"DemandMax":4,"Value":1995},{"Length":52,"Height":94,"Demand":0,"DemandMax":4,"Value":4888},{"Length":98,"Height":21,"Demand":0,"DemandMax":4,"Value":2058},{"Length":53,"Height":73,"Demand":0,"DemandMax":4,"Value":3869},{"Length":96,"Height":99,"Demand":0,"DemandMax":4,"Value":28512},{"Length":50,"Height":88,"Demand":0,"DemandMax":4,"Value":4400},{"Length":83,"Height":45,"Demand":0,"DemandMax":4,"Value":7470},{"Length":9,"Height":36,"Demand":0,"DemandMax":4,"Value":648},{"Length":4,"Height":92,"Demand":0,"DemandMax":4,"Value":1104},{"Length":36,"Height":4,"Demand":0,"DemandMax":4,"Value":288},{"Length":97,"Height":55,"Demand":0,"DemandMax":4,"Value":5335},{"Length":17,"Height":96,"Demand":0,"DemandMax":4,"Value":4896},{"Length":93,"Height":61,"Demand":0,"DemandMax":4,"Value":17019},{"Length":44,"Height":41,"Demand":0,"DemandMax":4,"Value":5412},{"Length":85,"Height":4,"Demand":0,"DemandMax":4,"Value":340},{"Length":12,"Height":10,"Demand":0,"DemandMax":4,"Value":120},{"Length":33,"Height":45,"Demand":0,"DemandMax":8,"Value":1485},{"Length":26,"Height":38,"Demand":0,"DemandMax":4,"Value":1976},{"Length":9,"Height":14,"Demand":0,"DemandMax":4,"Value":378},{"Length":80,"Height":67,"Demand":0,"DemandMax":4,"Value":10720},{"Length":38,"Height":24,"Demand":0,"DemandMax":4,"Value":2736},{"Length":65,"Height":81,"Demand":0,"DemandMax":4,"Value":5265},{"Length":3,"Height":44,"Demand":0,"DemandMax":4,"Value":264},{"Length":80,"Height":3,"Demand":0,"DemandMax":4,"Value":720},{"Length":95,"Height":19,"Demand":0,"DemandMax":4,"Value":5415},{"Length":84,"Height":18,"Demand":0,"DemandMax":4,"Value":3024},{"Length":7,"Height":14,"Demand":0,"DemandMax":4,"Value":98},{"Length":6,"Height":35,"Demand":0,"DemandMax":4,"Value":630},{"Length":28,"Height":82,"Demand":0,"DemandMax":4,"Value":4592},{"Length":67,"Height":60,"Demand":0,"DemandMax":4,"Value":12060},{"Length":37,"Height":35,"Demand":0,"DemandMax":4,"Value":1295},{"Length":70,"Height":58,"Demand":0,"DemandMax":4,"Value":8120},{"Length":97,"Height":12,"Demand":0,"DemandMax":4,"Value":3492},{"Length":96,"Height":77,"Demand":0,"DemandMax":4,"Value":7392},{"Length":59,"Height":90,"Demand":0,"DemandMax":4,"Value":5310},{"Length":14,"Height":14,"Demand":0,"DemandMax":4,"Value":588},{"Length":6,"Height":15,"Demand":0,"DemandMax":4,"Value":90},{"Length":89,"Height":35,"Demand":0,"DemandMax":4,"Value":6230},{"Length":81,"Height":78,"Demand":0,"DemandMax":4,"Value":12636},{"Length":31,"Height":88,"Demand":0,"DemandMax":4,"Value":5456},{"Length":45,"Height":18,"Demand":0,"DemandMax":4,"Value":2430},{"Length":86,"Height":93,"Demand":0,"DemandMax":4,"Value":23994},{"Length":22,"Height":32,"Demand":0,"DemandMax":4,"Value":704},{"Length":20,"Height":92,"Demand":0,"DemandMax":4,"Value":3680},{"Length":28,"Height":86,"Demand":0,"DemandMax":4,"Value":7224},{"Length":36,"Height":78,"Demand":0,"DemandMax":4,"Value":5616},{"Length":50,"Height":80,"Demand":0,"DemandMax":4,"Value":12000},{"Length":20,"Height":19,"Demand":0,"DemandMax":4,"Value":1140},{"Length":13,"Height":80,"Demand":0,"DemandMax":4,"Value":2080},{"Length":26,"Height":22,"Demand":0,"DemandMax":4,"Value":1144},{"Length":28,"Height":2,"Demand":0,"DemandMax":4,"Value":56},{"Length":99,"Height":35,"Demand":0,"DemandMax":4,"Value":10395},{"Length":10,"Height":23,"Demand":0,"DemandMax":4,"Value":230},{"Length":10,"Height":93,"Demand":0,"DemandMax":4,"Value":930},{"Length":35,"Height":50,"Demand":0,"DemandMax":4,"Value":1750},{"Length":44,"Height":18,"Demand":0,"DemandMax":4,"Value":2376},{"Length":88,"Height":28,"Demand":0,"DemandMax":4,"Value":7392},{"Length":9,"Height":13,"Demand":0,"DemandMax":4,"Value":234},{"Length":61,"Height":93,"Demand":0,"DemandMax":4,"Value":11346},{"Length":45,"Height":88,"Demand":0,"DemandMax":4,"Value":3960},{"Length":7,"Height":37,"Demand":0,"DemandMax":4,"Value":259},{"Length":44,"Height":16,"Demand":0,"DemandMax":4,"Value":704},{"Length":29,"Height":80,"Demand":0,"DemandMax":4,"Value":2320},{"Length":35,"Height":95,"Demand":0,"DemandMax":4,"Value":3325},{"Length":15,"Height":23,"Demand":0,"DemandMax":4,"Value":690},{"Length":13,"Height":89,"Demand":0,"DemandMax":4,"Value":2314},{"Length":19,"Height":41,"Demand":0,"DemandMax":4,"Value":1558},{"Length":12,"Height":9,"Demand":0,"DemandMax":4,"Value":324},{"Length":41,"Height":39,"Demand":0,"DemandMax":4,"Value":3198},{"Length":79,"Height":57,"Demand":0,"DemandMax":4,"Value":4503},{"Length":27,"Height":78,"Demand":0,"DemandMax":4,"Value":2106},{"Length":14,"Height":42,"Demand":0,"DemandMax":4,"Value":1764},{"Length":78,"Height":31,"Demand":0,"DemandMax":4,"Value":7254},{"Length":6,"Height":10,"Demand":0,"DemandMax":4,"Value":60},{"Length":33,"Height":6,"Demand":0,"DemandMax":4,"Value":594},{"Length":98,"Height":81,"Demand":0,"DemandMax":4,"Value":23814},{"Length":88,"Height":67,"Demand":0,"DemandMax":4,"Value":17688},{"Length":29,"Height":50,"Demand":0,"DemandMax":4,"Value":4350},{"Length":44,"Height":36,"Demand":0,"DemandMax":4,"Value":1584},{"Length":8,"Height":49,"Demand":0,"DemandMax":4,"Value":784},{"Length":69,"Height":58,"Demand":0,"DemandMax":4,"Value":4002},{"Length":34,"Height":49,"Demand":0,"DemandMax":4,"Value":3332},{"Length":2,"Height":15,"Demand":0,"DemandMax":4,"Value":90},{"Length":7,"Height":96,"Demand":0,"DemandMax":4,"Value":2016},{"Length":42,"Height":84,"Demand":0,"DemandMax":4,"Value":3528},{"Length":64,"Height":66,"Demand":0,"DemandMax":4,"Value":4224},{"Length":59,"Height":55,"Demand":0,"DemandMax":4,"Value":6490},{"Length":32,"Height":20,"Demand":0,"DemandMax":4,"Value":640},{"Length":90,"Height":25,"Demand":0,"DemandMax":4,"Value":2250},{"Length":11,"Height":33,"Demand":0,"DemandMax":4,"Value":1089},{"Length":81,"Height":90,"Demand":0,"DemandMax":4,"Value":14580},{"Length":99,"Height":79,"Demand":0,"DemandMax":4,"Value":15642},{"Length":99,"Height":21,"Demand":0,"DemandMax":4,"Value":2079},{"Length":54,"Height":85,"Demand":0,"DemandMax":4,"Value":4590},{"Length":80,"Height":80,"Demand":0,"DemandMax":4,"Value":19200},{"Length":27,"Height":3,"Demand":0,"DemandMax":4,"Value":243},{"Length":19,"Height":50,"Demand":0,"DemandMax":4,"Value":950},{"Length":2,"Height":50,"Demand":0,"DemandMax":4,"Value":100},{"Length":43,"Height":41,"Demand":0,"DemandMax":4,"Value":3526},{"Length":35,"Height":87,"Demand":0,"DemandMax":4,"Value":9135}]}