{"Name":"ngcutfs1_15","Objects":[{"Length":100,"Height":100,"Stock":null,"Cost":10000}],"Items":[{"Length":7,"Height":96,"Demand":0,"DemandMax":3,"Value":2016},{"Length":92,"Height":25,"Demand":0,"DemandMax":3,"Value":6900},{"Length":85,"Height":73,"Demand":0,"DemandMax":3,"Value":18615},{"Length":13,"Height":12,"Demand":0,"DemandMax":3,"Value":312},{"Length":36,"Height":33,"Demand":0,"DemandMax":3,"Value":3564},{"Length":34,"Height":96,"Demand":0,"DemandMax":3,"Value":3264},{"Length":98,"Height":22,"Demand":0,"DemandMax":3,"Value":2156},{"Length":87,"Height":10,"Demand":0,"DemandMax":3,"Value":1740},{"Length":83,"Height":68,"Demand":0,"DemandMax":3,"Value":16932},{"Length":14,"Height":37,"Demand":0,"DemandMax":3,"Value":518},{"Length":12,"Height":91,"Demand":0,"DemandMax":3,"Value":1092},{"Length":18,"Height":96,"Demand":0,"DemandMax":3,"Value":5184},{"Length":20,"Height":9,"Demand":0,"DemandMax":3,"Value":360},{"Length":68,"Height":77,"Demand":0,"DemandMax":3,"Value":5236},{"Length":99,"Height":83,"Demand":0,"DemandMax":3,"Value":24651},{"Length":30,"Height":84,"Demand":0,"DemandMax":3,"Value":2520},{"Length":12,"Height":3,"Demand":0,"DemandMax":3,"Value":72},{"Length":23,"Height":100,"Demand":0,"DemandMax":3,"Value":2300},{"Length":22,"Height":45,"Demand":0,"DemandMax":3,"Value":2970},{"Length":82,"Height":47,"Demand":0,"DemandMax":3,"Value":7708},{"Length":34,"Height":6,"Demand":0,"DemandMax":3,"Value":612},{"Length":58,"Height":96,"Demand":0,"DemandMax":3,"Value":16704},{"Length":99,"Height":14,"Demand":0,"DemandMax":3,"Value":4158},{"Length":3,"Height":31,"Demand":0,"DemandMax":3,"Value":93},{"Length":76,"Height":4,"Demand":0,"DemandMax":3,"Value":912},{"Length":31,"Height":34,"Demand":0,"DemandMax":3,"Value":2108},{"Length":84,"Height":36,"Demand":0,"DemandMax":3,"Value":9072},{"Length":47,"Height":76,"Demand":0,"DemandMax":3,"Value":3572},{"Length":82,"Height":28,"Demand":0,"DemandMax":3,"Value":2296},{"Length":62,"Height":73,"Demand":0,"DemandMax":3,"Value":13578},{"Length":12,"Height":42,"Demand":0,"DemandMax":3,"Value":1512},{"Length":81,"Height":5,"Demand":0,"DemandMax":3,"Value":405},{"Length":3,"Height":42,"Demand":0,"DemandMax":3,"Value":252},{"Length":34,"Height":79,"Demand":0,"DemandMax":3,"Value":8058},{"Length":97,"Height":42,"Demand":0,"DemandMax":3,"Value":12222},{"Length":14,"Height":4,"Demand":0,"DemandMax":3,"Value":112},{"Length":80,"Height":82,"Demand":0,"DemandMax":3,"Value":13120},{"Length":14,"Height":50,"Demand":0,"DemandMax":3,"Value":1400},{"Length":82,"Height":27,"Demand":0,"DemandMax":3,"Value":6642},{"Length":30,"Height":79,"Demand":0,"DemandMax":3,"Value":4740}]}