{"Name":"ngcutfs1_113","Objects":[{"Length":100,"Height":100,"Stock":null,"Cost":10000}],"Items":[{"Length":51,"Height":68,"Demand":0,"DemandMax":4,"Value":6936},{"Length":84,"Height":37,"Demand":0,"DemandMax":4,"Value":3108},{"Length":28,"Height":43,"Demand":0,"DemandMax":4,"Value":2408},{"Length":10,"Height":3,"Demand":0,"DemandMax":4,"Value":60},{"Length":70,"Height":65,"Demand":0,"DemandMax":4,"Value":4550},{"Length":93,"Height":14,"Demand":0,"DemandMax":4,"Value":3906},{"Length":78,"Height":9,"Demand":0,"DemandMax":4,"Value":702},{"Length":70,"Height":76,"Demand":0,"DemandMax":4,"Value":15960},{"Length":96,"Height":24,"Demand":0,"DemandMax":4,"Value":2304},{"Length":33,"Height":99,"Demand":0,"DemandMax":4,"Value":6534},{"Length":45,"Height":76,"Demand":0,"DemandMax":4,"Value":3420},{"Length":4,"Height":28,"Demand":0,"DemandMax":4,"Value":336},{"Length":52,"Height":86,"Demand":0,"DemandMax":4,"Value":4472},{"Length":66,"Height":100,"Demand":0,"DemandMax":4,"Value":6600},{"Length":34,"Height":48,"Demand":0,"DemandMax":4,"Value":3264},{"Length":98,"Height":10,"Demand":0,"DemandMax":4,"Value":980},{"Length":39,"Height":97,"Demand":0,"DemandMax":4,"Value":3783},{"Length":12,"Height":14,"Demand":0,"DemandMax":4,"Value":168},{"Length":37,"Height":3,"Demand":0,"DemandMax":4,"Value":111},{"Length":93,"Height":12,"Demand":0,"DemandMax":4,"Value":2232},{"Length":25,"Height":21,"Demand":0,"DemandMax":4,"Value":525},{"Length":48,"Height":38,"Demand":0,"DemandMax":4,"Value":1824},{"Length":81,"Height":58,"Demand":0,"DemandMax":4,"Value":9396},{"Length":47,"Height":85,"Demand":0,"DemandMax":4,"Value":7990},{"Length":75,"Height":66,"Demand":0,"DemandMax":4,"Value":4950},{"Length":23,"Height":46,"Demand":0,"DemandMax":4,"Value":1058},{"Length":34,"Height":6,"Demand":0,"DemandMax":4,"Value":204},{"Length":10,"Height":49,"Demand":0,"DemandMax":4,"Value":490},{"Length":89,"Height":41,"Demand":0,"DemandMax":4,"Value":3649},{"Length":20,"Height":37,"Demand":0,"DemandMax":4,"Value":2220},{"Length":96,"Height":34,"Demand":0,"DemandMax":4,"Value":9792},{"Length":27,"Height":2,"Demand":0,"DemandMax":4,"Value":108},{"Length":11,"Height":2,"Demand":0,"DemandMax":4,"Value":66},{"Length":26,"Height":10,"Demand":0,"DemandMax":4,"Value":260},{"Length":28,"Height":9,"Demand":0,"DemandMax":4,"Value":756},{"Length":78,"Height":62,"Demand":0,"DemandMax":4,"Value":9672},{"Length":31,"Height":96,"Demand":0,"DemandMax":4,"Value":2976},{"Length":79,"Height":40,"Demand":0,"DemandMax":4,"Value":9480},{"Length":44,"Height":39,"Demand":0,"DemandMax":4,"Value":3432},{"Length":37,"Height":45,"Demand":0,"DemandMax":4,"Value":4995},{"Length":62,"Height":65,"Demand":0,"DemandMax":4,"Value":4030},{"Length":88,"Height":17,"Demand":0,"DemandMax":4,"Value":4488},{"Length":8,"Height":27,"Demand":0,"DemandMax":4,"Value":432},{"Length":82,"Height":32,"Demand":0,"DemandMax":4,"Value":7872},{"Length":68,"Height":72,"Demand":0,"DemandMax":4,"Value":9792},{"Length":84,"Height":21,"Demand":0,"DemandMax":4,"Value":3528},{"Length":27,"Height":40,"Demand":0,"DemandMax":4,"Value":3240},{"Length":18,"Height":91,"Demand":0,"DemandMax":4,"Value":4914},{"Length":85,"Height":31,"Demand":0,"DemandMax":4,"Value":5270},{"Length":59,"Height":65,"Demand":0,"DemandMax":4,"Value":11505},{"Length":37,"Height":83,"Demand":0,"DemandMax":4,"Value":3071},{"Length":35,"Height":79,"Demand":0,"DemandMax":4,"Value":2765},{"Length":20,"Height":96,"Demand":0,"DemandMax":4,"Value":5760},{"Length":19,"Height":31,"Demand":0,"DemandMax":4,"Value":589},{"Length":26,"Height":48,"Demand":0,"DemandMax":4,"Value":2496},{"Length":34,"Height":20,"Demand":0,"DemandMax":4,"Value":680},{"Length":16,"Height":28,"Demand":0,"DemandMax":4,"Value":1344},{"Length":99,"Height":35,"Demand":0,"DemandMax":4,"Value":3465},{"Length":39,"Height":80,"Demand":0,"DemandMax":4,"Value":3120},{"Length":79,"Height":10,"Demand":0,"DemandMax":4,"Value":790},{"Length":25,"Height":83,"Demand":0,"DemandMax":4,"Value":4150},{"Length":91,"Height":20,"Demand":0,"DemandMax":4,"Value":1820},{"Length":81,"Height":62,"Demand":0,"DemandMax":4,"Value":15066},{"Length":88,"Height":22,"Demand":0,"DemandMax":4,"Value":5808},{"Length":79,"Height":99,"Demand":0,"DemandMax":4,"Value":7821},{"Length":37,"Height":83,"Demand":0,"DemandMax":4,"Value":9213},{"Length":44,"Height":24,"Demand":0,"DemandMax":4,"Value":3168},{"Length":77,"Height":37,"Demand":0,"DemandMax":4,"Value":8547},{"Length":41,"Height":34,"Demand":0,"DemandMax":4,"Value":2788},{"Length":92,"Height":30,"Demand":0,"DemandMax":4,"Value":8280},{"Length":96,"Height":64,"Demand":0,"DemandMax":4,"Value":12288},{"Length":58,"Height":55,"Demand":0,"DemandMax":4,"Value":3190},{"Length":93,"Height":26,"Demand":0,"DemandMax":4,"Value":4836},{"Length":11,"Height":25,"Demand":0,"DemandMax":4,"Value":275},{"Length":81,"Height":79,"Demand":0,"DemandMax":4,"Value":12798},{"Length":84,"Height":69,"Demand":0,"DemandMax":4,"Value":17388},{"Length":96,"Height":4,"Demand":0,"DemandMax":4,"Value":1152},{"Length":15,"Height":6,"Demand":0,"DemandMax":4,"Value":180},{"Length":42,"Height":43,"Demand":0,"DemandMax":4,"Value":1806},{"Length":29,"Height":95,"Demand":0,"DemandMax":4,"Value":8265},{"Length":6,"Height":2,"Demand":0,"DemandMax":4,"Value":24},{"Length":93,"Height":2,"Demand":0,"DemandMax":4,"Value":558},{"Length":86,"Height":26,"Demand":0,"DemandMax":4,"Value":2236},{"Length":67,"Height":86,"Demand":0,"DemandMax":4,"Value":11524},{"Length":95,"Height":26,"Demand":0,"DemandMax":4,"Value":7410},{"Length":99,"Height":39,"Demand":0,"DemandMax":4,"Value":7722},{"Length":5,"Height":77,"Demand":0,"DemandMax":4,"Value":1155},{"Length":22,"Height":47,"Demand":0,"DemandMax":4,"Value":3102},{"Length":5,"Height":95,"Demand":0,"DemandMax":4,"Value":475},{"Length":91,"Height":20,"Demand":0,"DemandMax":4,"Value":3640},{"Length":14,"Height":42,"Demand":0,"DemandMax":4,"Value":1176},{"Length":4,"Height":20,"Demand":0,"DemandMax":4,"Value":240},{"Length":86,"Height":45,"Demand":0,"DemandMax":4,"Value":7740},{"Length":3,"Height":44,"Demand":0,"DemandMax":4,"Value":132},{"Length":94,"Height":33,"Demand":0,"DemandMax":4,"Value":6204},{"Length":77,"Height":86,"Demand":0,"DemandMax":4,"Value":6622},{"Length":29,"Height":34,"Demand":0,"DemandMax":4,"Value":2958},{"Length":29,"Height":20,"Demand":0,"DemandMax":4,"Value":1160},{"Length":26,"Height":20,"Demand":0,"DemandMax":4,"Value":1560},{"Length":17,"Height":78,"Demand":0,"DemandMax":4,"Value":1326},{"Length":43,"Height":76,"Demand":0,"DemandMax":4,"Value":9804},{"Length":88,"Height":66,"Demand":0,"DemandMax":4,"Value":11616},{"Length":81,"Height":93,"Demand":0,"DemandMax":4,"Value":15066},{"Length":64,"Height":51,"Demand":0,"DemandMax":4,"Value":6528},{"Length":51,"Height":55,"Demand":0,"DemandMax":4,"Value":8415},{"Length":31,"Height":35,"Demand":0,"DemandMax":4,"Value":2170},{"Length":56,"Height":90,"Demand":0,"DemandMax":4,"Value":10080},{"Length":15,"Height":80,"Demand":0,"DemandMax":4,"Value":2400},{"Length":93,"Height":47,"Demand":0,"DemandMax":4,"Value":8742},{"Length":17,"Height":22,"Demand":0,"DemandMax":4,"Value":374},{"Length":99,"Height":47,"Demand":0,"DemandMax":4,"Value":13959},{"Length":17,"Height":15,"Demand":0,"DemandMax":4,"Value":255},{"Length":93,"Height":88,"Demand":0,"DemandMax":4,"Value":24552},{"Length":45,"Height":25,"Demand":0,"DemandMax":4,"Value":2250},{"Length":97,"Height":10,"Demand":0,"DemandMax":4,"Value":970},{"Length":45,"Height":37,"Demand":0,"DemandMax":4,"Value":1665},{"Length":20,"Height":11,"Demand":0,"DemandMax":4,"Value":440},{"Length":44,"Height":7,"Demand":0,"DemandMax":4,"Value":924},{"Length":34,"Height":8,"Demand":0,"DemandMax":4,"Value":272},{"Length":41,"Height":95,"Demand":0,"DemandMax":4,"Value":11685},{"Length":6,"Height":29,"Demand":0,"DemandMax":4,"Value":348},{"Length":46,"Height":23,"Demand":0,"DemandMax":4,"Value":2116},{"Length":58,"Height":86,"Demand":0,"DemandMax":4,"Value":14964},{"Length":44,"Height":16,"Demand":0,"DemandMax":4,"Value":704},{"Length":13,"Height":7,"Demand":0,"DemandMax":4,"Value":273},{"Length":5,"Height":10,"Demand":0,"DemandMax":4,"Value":100},{"Length":99,"Height":64,"Demand":0,"DemandMax":4,"Value":19008},{"Length":78,"Height":27,"Demand":0,"DemandMax":4,"Value":6318},{"Length":77,"Height":12,"Demand":0,"DemandMax":4,"Value":2772},{"Length":50,"Height":23,"Demand":0,"DemandMax":4,"Value":1150},{"Length":84,"Height":40,"Demand":0,"DemandMax":4,"Value":3360},{"Length":32,"Height":76,"Demand":0,"DemandMax":4,"Value":7296},{"Length":28,"Height":85,"Demand":0,"DemandMax":4,"Value":2380},{"Length":44,"Height":13,"Demand":0,"DemandMax":4,"Value":1144},{"Length":38,"Height":86,"Demand":0,"DemandMax":4,"Value":9804},{"Length":100,"Height":5,"Demand":0,"DemandMax":4,"Value":500},{"Length":33,"Height":14,"Demand":0,"DemandMax":4,"Value":924},{"Length":42,"Height":80,"Demand":0,"DemandMax":4,"Value":6720},{"Length":64,"Height":78,"Demand":0,"DemandMax":4,"Value":9984},{"Length":79,"Height":3,"Demand":0,"DemandMax":4,"Value":237},{"Length":53,"Height":70,"Demand":0,"DemandMax":4,"Value":3710},{"Length":13,"Height":14,"Demand":0,"DemandMax":4,"Value":364},{"Length":16,"Height":8,"Demand":0,"DemandMax":4,"Value":256},{"Length":89,"Height":63,"Demand":0,"DemandMax":4,"Value":16821},{"Length":47,"Height":18,"Demand":0,"DemandMax":4,"Value":2538},{"Length":5,"Height":8,"Demand":0,"DemandMax":4,"Value":40},{"Length":76,"Height":100,"Demand":0,"DemandMax":4,"Value":7600},{"Length":27,"Height":83,"Demand":0,"DemandMax":4,"Value":6723},{"Length":24,"Height":11,"Demand":0,"DemandMax":4,"Value":528},{"Length":42,"Height":86,"Demand":0,"DemandMax":4,"Value":7224}]}