{"Name":"ngcutfs2_34","Objects":[{"Length":100,"Height":100,"Stock":null,"Cost":10000}],"Items":[{"Length":33,"Height":79,"Demand":0,"DemandMax":1,"Value":2607},{"Length":59,"Height":84,"Demand":0,"DemandMax":1,"Value":4956},{"Length":86,"Height":19,"Demand":0,"DemandMax":1,"Value":4902},{"Length":48,"Height":34,"Demand":0,"DemandMax":1,"Value":1632},{"Length":78,"Height":44,"Demand":0,"DemandMax":1,"Value":3432},{"Length":5,"Height":97,"Demand":0,"DemandMax":1,"Value":1455},{"Length":21,"Height":28,"Demand":0,"DemandMax":1,"Value":588},{"Length":15,"Height":12,"Demand":0,"DemandMax":1,"Value":540},{"Length":28,"Height":92,"Demand":0,"DemandMax":1,"Value":7728},{"Length":87,"Height":15,"Demand":0,"DemandMax":1,"Value":3915},{"Length":27,"Height":98,"Demand":0,"DemandMax":1,"Value":7938},{"Length":68,"Height":53,"Demand":0,"DemandMax":1,"Value":10812},{"Length":26,"Height":30,"Demand":0,"DemandMax":1,"Value":780},{"Length":45,"Height":8,"Demand":0,"DemandMax":1,"Value":720},{"Length":6,"Height":32,"Demand":0,"DemandMax":1,"Value":576},{"Length":34,"Height":2,"Demand":0,"DemandMax":1,"Value":204},{"Length":66,"Height":98,"Demand":0,"DemandMax":1,"Value":6468},{"Length":46,"Height":100,"Demand":0,"DemandMax":1,"Value":13800},{"Length":89,"Height":24,"Demand":0,"DemandMax":1,"Value":6408},{"Length":10,"Height":100,"Demand":0,"DemandMax":1,"Value":3000},{"Length":31,"Height":48,"Demand":0,"DemandMax":1,"Value":2976},{"Length":91,"Height":72,"Demand":0,"DemandMax":1,"Value":19656},{"Length":28,"Height":48,"Demand":0,"DemandMax":1,"Value":2688},{"Length":75,"Height":71,"Demand":0,"DemandMax":1,"Value":10650},{"Length":35,"Height":99,"Demand":0,"DemandMax":1,"Value":3465},{"Length":10,"Height":38,"Demand":0,"DemandMax":1,"Value":1140},{"Length":16,"Height":99,"Demand":0,"DemandMax":1,"Value":4752},{"Length":30,"Height":46,"Demand":0,"DemandMax":1,"Value":4140},{"Length":87,"Height":78,"Demand":0,"DemandMax":1,"Value":13572},{"Length":13,"Height":30,"Demand":0,"DemandMax":1,"Value":780},{"Length":96,"Height":8,"Demand":0,"DemandMax":1,"Value":768},{"Length":100,"Height":66,"Demand":0,"DemandMax":1,"Value":13200},{"Length":13,"Height":27,"Demand":0,"DemandMax":1,"Value":1053},{"Length":83,"Height":38,"Demand":0,"DemandMax":1,"Value":9462},{"Length":20,"Height":47,"Demand":0,"DemandMax":1,"Value":940},{"Length":93,"Height":4,"Demand":0,"DemandMax":1,"Value":744},{"Length":34,"Height":6,"Demand":0,"DemandMax":1,"Value":612},{"Length":11,"Height":21,"Demand":0,"DemandMax":1,"Value":462},{"Length":22,"Height":41,"Demand":0,"DemandMax":1,"Value":902},{"Length":3,"Height":2,"Demand":0,"DemandMax":1,"Value":12},{"Length":10,"Height":14,"Demand":0,"DemandMax":1,"Value":420},{"Length":14,"Height":48,"Demand":0,"DemandMax":1,"Value":672},{"Length":8,"Height":32,"Demand":0,"DemandMax":1,"Value":256},{"Length":18,"Height":11,"Demand":0,"DemandMax":1,"Value":594},{"Length":78,"Height":33,"Demand":0,"DemandMax":1,"Value":7722},{"Length":9,"Height":49,"Demand":0,"DemandMax":1,"Value":1323},{"Length":61,"Height":96,"Demand":0,"DemandMax":1,"Value":5856},{"Length":39,"Height":15,"Demand":0,"DemandMax":1,"Value":1755},{"Length":12,"Height":84,"Demand":0,"DemandMax":1,"Value":1008},{"Length":37,"Height":43,"Demand":0,"DemandMax":1,"Value":1591}]}