{"Name":"ngcutfs3_122","Objects":[{"Length":100,"Height":100,"Stock":null,"Cost":10000}],"Items":[{"Length":92,"Height":35,"Demand":0,"DemandMax":1,"Value":6440},{"Length":3,"Height":41,"Demand":0,"DemandMax":1,"Value":246},{"Length":49,"Height":29,"Demand":0,"DemandMax":1,"Value":2842},{"Length":90,"Height":57,"Demand":0,"DemandMax":1,"Value":15390},{"Length":78,"Height":26,"Demand":0,"DemandMax":1,"Value":6084},{"Length":22,"Height":35,"Demand":0,"DemandMax":1,"Value":2310},{"Length":46,"Height":49,"Demand":0,"DemandMax":1,"Value":6762},{"Length":44,"Height":2,"Demand":0,"DemandMax":1,"Value":88},{"Length":9,"Height":80,"Demand":0,"DemandMax":1,"Value":720},{"Length":49,"Height":26,"Demand":0,"DemandMax":1,"Value":2548},{"Length":26,"Height":50,"Demand":0,"DemandMax":1,"Value":2600},{"Length":32,"Height":32,"Demand":0,"DemandMax":1,"Value":1024},{"Length":47,"Height":45,"Demand":0,"DemandMax":1,"Value":2115},{"Length":49,"Height":6,"Demand":0,"DemandMax":1,"Value":294},{"Length":11,"Height":34,"Demand":0,"DemandMax":1,"Value":1122},{"Length":27,"Height":11,"Demand":0,"DemandMax":1,"Value":594},{"Length":39,"Height":21,"Demand":0,"DemandMax":1,"Value":2457},{"Length":24,"Height":16,"Demand":0,"DemandMax":1,"Value":1152},{"Length":20,"Height":81,"Demand":0,"DemandMax":1,"Value":3240},{"Length":19,"Height":23,"Demand":0,"DemandMax":1,"Value":874},{"Length":27,"Height":39,"Demand":0,"DemandMax":1,"Value":2106},{"Length":21,"Height":87,"Demand":0,"DemandMax":1,"Value":5481},{"Length":28,"Height":96,"Demand":0,"DemandMax":1,"Value":5376},{"Length":82,"Height":28,"Demand":0,"DemandMax":1,"Value":2296},{"Length":83,"Height":21,"Demand":0,"DemandMax":1,"Value":3486},{"Length":4,"Height":30,"Demand":0,"DemandMax":1,"Value":240},{"Length":43,"Height":25,"Demand":0,"DemandMax":1,"Value":3225},{"Length":38,"Height":2,"Demand":0,"DemandMax":1,"Value":228},{"Length":61,"Height":53,"Demand":0,"DemandMax":1,"Value":9699},{"Length":19,"Height":11,"Demand":0,"DemandMax":1,"Value":418},{"Length":22,"Height":38,"Demand":0,"DemandMax":1,"Value":2508},{"Length":97,"Height":39,"Demand":0,"DemandMax":1,"Value":7566},{"Length":48,"Height":77,"Demand":0,"DemandMax":1,"Value":7392},{"Length":2,"Height":28,"Demand":0,"DemandMax":1,"Value":112},{"Length":4,"Height":13,"Demand":0,"DemandMax":1,"Value":156},{"Length":89,"Height":38,"Demand":0,"DemandMax":1,"Value":10146},{"Length":34,"Height":85,"Demand":0,"DemandMax":1,"Value":5780},{"Length":34,"Height":33,"Demand":0,"DemandMax":1,"Value":1122},{"Length":28,"Height":92,"Demand":0,"DemandMax":1,"Value":5152},{"Length":36,"Height":25,"Demand":0,"DemandMax":1,"Value":1800},{"Length":79,"Height":72,"Demand":0,"DemandMax":1,"Value":11376},{"Length":73,"Height":53,"Demand":0,"DemandMax":1,"Value":3869},{"Length":16,"Height":47,"Demand":0,"DemandMax":1,"Value":752},{"Length":41,"Height":32,"Demand":0,"DemandMax":1,"Value":2624},{"Length":18,"Height":23,"Demand":0,"DemandMax":1,"Value":828},{"Length":28,"Height":35,"Demand":0,"DemandMax":1,"Value":1960},{"Length":3,"Height":37,"Demand":0,"DemandMax":1,"Value":333},{"Length":26,"Height":31,"Demand":0,"DemandMax":1,"Value":2418},{"Length":47,"Height":80,"Demand":0,"DemandMax":1,"Value":3760},{"Length":10,"Height":26,"Demand":0,"DemandMax":1,"Value":780},{"Length":50,"Height":50,"Demand":0,"DemandMax":1,"Value":7500},{"Length":25,"Height":7,"Demand":0,"DemandMax":1,"Value":525},{"Length":9,"Height":20,"Demand":0,"DemandMax":1,"Value":180},{"Length":37,"Height":27,"Demand":0,"DemandMax":2,"Value":1998},{"Length":20,"Height":76,"Demand":0,"DemandMax":1,"Value":4560},{"Length":16,"Height":15,"Demand":0,"DemandMax":1,"Value":480},{"Length":79,"Height":93,"Demand":0,"DemandMax":1,"Value":14694},{"Length":93,"Height":94,"Demand":0,"DemandMax":1,"Value":17484},{"Length":27,"Height":94,"Demand":0,"DemandMax":1,"Value":7614},{"Length":25,"Height":14,"Demand":0,"DemandMax":1,"Value":700},{"Length":100,"Height":84,"Demand":0,"DemandMax":1,"Value":8400},{"Length":29,"Height":45,"Demand":0,"DemandMax":1,"Value":3915},{"Length":4,"Height":50,"Demand":0,"DemandMax":1,"Value":400},{"Length":100,"Height":15,"Demand":0,"DemandMax":1,"Value":3000},{"Length":31,"Height":14,"Demand":0,"DemandMax":1,"Value":1302},{"Length":18,"Height":40,"Demand":0,"DemandMax":1,"Value":1440},{"Length":44,"Height":40,"Demand":0,"DemandMax":1,"Value":5280},{"Length":35,"Height":21,"Demand":0,"DemandMax":1,"Value":1470},{"Length":22,"Height":5,"Demand":0,"DemandMax":1,"Value":110},{"Length":49,"Height":86,"Demand":0,"DemandMax":1,"Value":8428},{"Length":62,"Height":92,"Demand":0,"DemandMax":1,"Value":11408},{"Length":2,"Height":20,"Demand":0,"DemandMax":1,"Value":120},{"Length":8,"Height":38,"Demand":0,"DemandMax":1,"Value":304},{"Length":14,"Height":97,"Demand":0,"DemandMax":1,"Value":2716},{"Length":13,"Height":10,"Demand":0,"DemandMax":1,"Value":130},{"Length":33,"Height":6,"Demand":0,"DemandMax":1,"Value":198},{"Length":32,"Height":29,"Demand":0,"DemandMax":1,"Value":2784},{"Length":32,"Height":19,"Demand":0,"DemandMax":2,"Value":608},{"Length":78,"Height":17,"Demand":0,"DemandMax":1,"Value":2652},{"Length":91,"Height":60,"Demand":0,"DemandMax":1,"Value":5460},{"Length":94,"Height":24,"Demand":0,"DemandMax":1,"Value":2256},{"Length":74,"Height":82,"Demand":0,"DemandMax":1,"Value":6068},{"Length":5,"Height":5,"Demand":0,"DemandMax":1,"Value":50},{"Length":97,"Height":35,"Demand":0,"DemandMax":1,"Value":6790},{"Length":42,"Height":9,"Demand":0,"DemandMax":1,"Value":756},{"Length":79,"Height":49,"Demand":0,"DemandMax":1,"Value":7742},{"Length":20,"Height":32,"Demand":0,"DemandMax":1,"Value":1920},{"Length":23,"Height":39,"Demand":0,"DemandMax":1,"Value":2691},{"Length":69,"Height":60,"Demand":0,"DemandMax":1,"Value":8280},{"Length":20,"Height":29,"Demand":0,"DemandMax":1,"Value":1740},{"Length":38,"Height":76,"Demand":0,"DemandMax":1,"Value":8664},{"Length":45,"Height":3,"Demand":0,"DemandMax":1,"Value":405},{"Length":78,"Height":12,"Demand":0,"DemandMax":1,"Value":2808},{"Length":32,"Height":12,"Demand":0,"DemandMax":1,"Value":1152},{"Length":7,"Height":33,"Demand":0,"DemandMax":1,"Value":462},{"Length":50,"Height":17,"Demand":0,"DemandMax":1,"Value":2550},{"Length":12,"Height":48,"Demand":0,"DemandMax":1,"Value":1728},{"Length":92,"Height":46,"Demand":0,"DemandMax":1,"Value":4232},{"Length":34,"Height":3,"Demand":0,"DemandMax":1,"Value":102},{"Length":18,"Height":2,"Demand":0,"DemandMax":1,"Value":36},{"Length":5,"Height":25,"Demand":0,"DemandMax":1,"Value":250},{"Length":85,"Height":50,"Demand":0,"DemandMax":1,"Value":12750},{"Length":67,"Height":51,"Demand":0,"DemandMax":1,"Value":6834},{"Length":50,"Height":8,"Demand":0,"DemandMax":1,"Value":800},{"Length":17,"Height":17,"Demand":0,"DemandMax":1,"Value":289},{"Length":76,"Height":80,"Demand":0,"DemandMax":1,"Value":18240},{"Length":31,"Height":28,"Demand":0,"DemandMax":1,"Value":868},{"Length":36,"Height":26,"Demand":0,"DemandMax":1,"Value":936},{"Length":15,"Height":7,"Demand":0,"DemandMax":1,"Value":315},{"Length":33,"Height":88,"Demand":0,"DemandMax":1,"Value":5808},{"Length":27,"Height":25,"Demand":0,"DemandMax":1,"Value":1350},{"Length":41,"Height":13,"Demand":0,"DemandMax":1,"Value":533},{"Length":7,"Height":26,"Demand":0,"DemandMax":1,"Value":546},{"Length":5,"Height":41,"Demand":0,"DemandMax":1,"Value":205},{"Length":23,"Height":44,"Demand":0,"DemandMax":1,"Value":2024},{"Length":27,"Height":11,"Demand":0,"DemandMax":1,"Value":297},{"Length":10,"Height":36,"Demand":0,"DemandMax":1,"Value":720},{"Length":42,"Height":46,"Demand":0,"DemandMax":1,"Value":1932},{"Length":36,"Height":83,"Demand":0,"DemandMax":1,"Value":2988},{"Length":44,"Height":23,"Demand":0,"DemandMax":1,"Value":3036},{"Length":74,"Height":96,"Demand":0,"DemandMax":1,"Value":21312},{"Length":79,"Height":19,"Demand":0,"DemandMax":1,"Value":3002},{"Length":33,"Height":48,"Demand":0,"DemandMax":1,"Value":4752},{"Length":33,"Height":38,"Demand":0,"DemandMax":1,"Value":2508},{"Length":41,"Height":81,"Demand":0,"DemandMax":1,"Value":3321},{"Length":88,"Height":29,"Demand":0,"DemandMax":1,"Value":7656},{"Length":26,"Height":49,"Demand":0,"DemandMax":1,"Value":1274},{"Length":3,"Height":21,"Demand":0,"DemandMax":1,"Value":126},{"Length":11,"Height":38,"Demand":0,"DemandMax":1,"Value":418},{"Length":7,"Height":42,"Demand":0,"DemandMax":1,"Value":294},{"Length":16,"Height":46,"Demand":0,"DemandMax":1,"Value":736},{"Length":8,"Height":30,"Demand":0,"DemandMax":1,"Value":720},{"Length":27,"Height":29,"Demand":0,"DemandMax":1,"Value":2349},{"Length":11,"Height":24,"Demand":0,"DemandMax":1,"Value":792},{"Length":19,"Height":49,"Demand":0,"DemandMax":1,"Value":2793},{"Length":16,"Height":42,"Demand":0,"DemandMax":1,"Value":672},{"Length":13,"Height":21,"Demand":0,"DemandMax":1,"Value":546},{"Length":30,"Height":13,"Demand":0,"DemandMax":1,"Value":390},{"Length":7,"Height":98,"Demand":0,"DemandMax":1,"Value":2058},{"Length":10,"Height":24,"Demand":0,"DemandMax":1,"Value":480},{"Length":17,"Height":49,"Demand":0,"DemandMax":1,"Value":2499},{"Length":2,"Height":9,"Demand":0,"DemandMax":1,"Value":54},{"Length":38,"Height":13,"Demand":0,"DemandMax":1,"Value":494},{"Length":17,"Height":45,"Demand":0,"DemandMax":1,"Value":2295},{"Length":39,"Height":43,"Demand":0,"DemandMax":2,"Value":3354},{"Length":8,"Height":21,"Demand":0,"DemandMax":1,"Value":168},{"Length":50,"Height":46,"Demand":0,"DemandMax":1,"Value":2300},{"Length":50,"Height":25,"Demand":0,"DemandMax":1,"Value":2500},{"Length":90,"Height":22,"Demand":0,"DemandMax":1,"Value":3960},{"Length":47,"Height":92,"Demand":0,"DemandMax":1,"Value":8648},{"Length":36,"Height":45,"Demand":0,"DemandMax":1,"Value":1620},{"Length":82,"Height":5,"Demand":0,"DemandMax":1,"Value":1230},{"Length":42,"Height":43,"Demand":0,"DemandMax":1,"Value":3612},{"Length":14,"Height":49,"Demand":0,"DemandMax":1,"Value":1372},{"Length":44,"Height":23,"Demand":0,"DemandMax":1,"Value":2024},{"Length":23,"Height":5,"Demand":0,"DemandMax":1,"Value":115},{"Length":87,"Height":5,"Demand":0,"DemandMax":1,"Value":870},{"Length":7,"Height":87,"Demand":0,"DemandMax":1,"Value":1827},{"Length":6,"Height":11,"Demand":0,"DemandMax":1,"Value":66},{"Length":43,"Height":18,"Demand":0,"DemandMax":1,"Value":2322},{"Length":25,"Height":17,"Demand":0,"DemandMax":1,"Value":850},{"Length":35,"Height":39,"Demand":0,"DemandMax":1,"Value":1365},{"Length":12,"Height":17,"Demand":0,"DemandMax":1,"Value":204},{"Length":19,"Height":86,"Demand":0,"DemandMax":1,"Value":4902},{"Length":34,"Height":42,"Demand":0,"DemandMax":1,"Value":1428},{"Length":8,"Height":19,"Demand":0,"DemandMax":1,"Value":304},{"Length":55,"Height":67,"Demand":0,"DemandMax":1,"Value":7370},{"Length":16,"Height":90,"Demand":0,"DemandMax":1,"Value":4320},{"Length":6,"Height":35,"Demand":0,"DemandMax":1,"Value":420},{"Length":60,"Height":92,"Demand":0,"DemandMax":1,"Value":11040},{"Length":28,"Height":34,"Demand":0,"DemandMax":1,"Value":952},{"Length":45,"Height":40,"Demand":0,"DemandMax":1,"Value":1800},{"Length":50,"Height":50,"Demand":0,"DemandMax":1,"Value":5000},{"Length":17,"Height":6,"Demand":0,"DemandMax":1,"Value":102},{"Length":13,"Height":29,"Demand":0,"DemandMax":1,"Value":1131},{"Length":42,"Height":27,"Demand":0,"DemandMax":1,"Value":3402},{"Length":36,"Height":11,"Demand":0,"DemandMax":1,"Value":1188},{"Length":99,"Height":35,"Demand":0,"DemandMax":1,"Value":10395},{"Length":30,"Height":33,"Demand":0,"DemandMax":1,"Value":1980},{"Length":82,"Height":15,"Demand":0,"DemandMax":1,"Value":3690},{"Length":9,"Height":94,"Demand":0,"DemandMax":1,"Value":846},{"Length":94,"Height":33,"Demand":0,"DemandMax":1,"Value":3102},{"Length":33,"Height":48,"Demand":0,"DemandMax":1,"Value":3168},{"Length":95,"Height":68,"Demand":0,"DemandMax":1,"Value":19380},{"Length":45,"Height":32,"Demand":0,"DemandMax":1,"Value":4320},{"Length":83,"Height":15,"Demand":0,"DemandMax":1,"Value":2490},{"Length":78,"Height":3,"Demand":0,"DemandMax":1,"Value":234},{"Length":91,"Height":33,"Demand":0,"DemandMax":1,"Value":9009},{"Length":15,"Height":43,"Demand":0,"DemandMax":1,"Value":645},{"Length":46,"Height":50,"Demand":0,"DemandMax":1,"Value":6900},{"Length":4,"Height":47,"Demand":0,"DemandMax":1,"Value":564},{"Length":46,"Height":12,"Demand":0,"DemandMax":1,"Value":1656},{"Length":73,"Height":96,"Demand":0,"DemandMax":1,"Value":7008},{"Length":96,"Height":12,"Demand":0,"DemandMax":1,"Value":2304},{"Length":14,"Height":24,"Demand":0,"DemandMax":1,"Value":672},{"Length":87,"Height":20,"Demand":0,"DemandMax":1,"Value":1740},{"Length":3,"Height":32,"Demand":0,"DemandMax":1,"Value":96},{"Length":17,"Height":18,"Demand":0,"DemandMax":1,"Value":612},{"Length":48,"Height":9,"Demand":0,"DemandMax":1,"Value":864},{"Length":16,"Height":10,"Demand":0,"DemandMax":1,"Value":320},{"Length":34,"Height":13,"Demand":0,"DemandMax":1,"Value":1326},{"Length":5,"Height":32,"Demand":0,"DemandMax":1,"Value":320},{"Length":38,"Height":32,"Demand":0,"DemandMax":1,"Value":1216},{"Length":13,"Height":14,"Demand":0,"DemandMax":1,"Value":364},{"Length":100,"Height":16,"Demand":0,"DemandMax":1,"Value":4800},{"Length":40,"Height":79,"Demand":0,"DemandMax":1,"Value":3160},{"Length":15,"Height":46,"Demand":0,"DemandMax":1,"Value":690},{"Length":56,"Height":62,"Demand":0,"DemandMax":1,"Value":10416},{"Length":5,"Height":45,"Demand":0,"DemandMax":1,"Value":450},{"Length":47,"Height":5,"Demand":0,"DemandMax":1,"Value":705},{"Length":42,"Height":23,"Demand":0,"DemandMax":1,"Value":966},{"Length":27,"Height":21,"Demand":0,"DemandMax":1,"Value":1134},{"Length":29,"Height":11,"Demand":0,"DemandMax":1,"Value":957},{"Length":100,"Height":72,"Demand":0,"DemandMax":1,"Value":21600},{"Length":88,"Height":7,"Demand":0,"DemandMax":1,"Value":1848},{"Length":18,"Height":21,"Demand":0,"DemandMax":1,"Value":1134},{"Length":20,"Height":40,"Demand":0,"DemandMax":1,"Value":2400},{"Length":35,"Height":24,"Demand":0,"DemandMax":1,"Value":1680},{"Length":26,"Height":32,"Demand":0,"DemandMax":1,"Value":832},{"Length":10,"Height":32,"Demand":0,"DemandMax":1,"Value":960},{"Length":45,"Height":19,"Demand":0,"DemandMax":1,"Value":1710},{"Length":44,"Height":29,"Demand":0,"DemandMax":1,"Value":1276},{"Length":13,"Height":24,"Demand":0,"DemandMax":1,"Value":312},{"Length":24,"Height":38,"Demand":0,"DemandMax":1,"Value":912},{"Length":16,"Height":44,"Demand":0,"DemandMax":1,"Value":1408},{"Length":32,"Height":6,"Demand":0,"DemandMax":1,"Value":576},{"Length":52,"Height":92,"Demand":0,"DemandMax":1,"Value":4784},{"Length":6,"Height":37,"Demand":0,"DemandMax":1,"Value":222},{"Length":11,"Height":18,"Demand":0,"DemandMax":1,"Value":198},{"Length":49,"Height":36,"Demand":0,"DemandMax":1,"Value":1764},{"Length":34,"Height":80,"Demand":0,"DemandMax":1,"Value":5440},{"Length":15,"Height":36,"Demand":0,"DemandMax":1,"Value":540},{"Length":8,"Height":35,"Demand":0,"DemandMax":1,"Value":280},{"Length":14,"Height":21,"Demand":0,"DemandMax":1,"Value":294},{"Length":71,"Height":85,"Demand":0,"DemandMax":1,"Value":18105},{"Length":26,"Height":50,"Demand":0,"DemandMax":1,"Value":1300},{"Length":39,"Height":31,"Demand":0,"DemandMax":1,"Value":2418},{"Length":2,"Height":3,"Demand":0,"DemandMax":1,"Value":6},{"Length":13,"Height":15,"Demand":0,"DemandMax":1,"Value":390},{"Length":5,"Height":29,"Demand":0,"DemandMax":1,"Value":290},{"Length":17,"Height":27,"Demand":0,"DemandMax":1,"Value":1377},{"Length":38,"Height":6,"Demand":0,"DemandMax":1,"Value":456},{"Length":59,"Height":74,"Demand":0,"DemandMax":1,"Value":4366},{"Length":29,"Height":9,"Demand":0,"DemandMax":1,"Value":522},{"Length":17,"Height":14,"Demand":0,"DemandMax":1,"Value":476},{"Length":42,"Height":34,"Demand":0,"DemandMax":1,"Value":4284},{"Length":28,"Height":26,"Demand":0,"DemandMax":1,"Value":2184}]}