{"Name":"ngcutfs1_118","Objects":[{"Length":100,"Height":100,"Stock":null,"Cost":10000}],"Items":[{"Length":9,"Height":90,"Demand":0,"DemandMax":4,"Value":1620},{"Length":26,"Height":99,"Demand":0,"DemandMax":4,"Value":2574},{"Length":7,"Height":31,"Demand":0,"DemandMax":4,"Value":434},{"Length":76,"Height":72,"Demand":0,"DemandMax":4,"Value":5472},{"Length":42,"Height":94,"Demand":0,"DemandMax":4,"Value":11844},{"Length":2,"Height":3,"Demand":0,"DemandMax":4,"Value":6},{"Length":99,"Height":37,"Demand":0,"DemandMax":4,"Value":10989},{"Length":39,"Height":79,"Demand":0,"DemandMax":4,"Value":6162},{"Length":55,"Height":90,"Demand":0,"DemandMax":4,"Value":9900},{"Length":47,"Height":47,"Demand":0,"DemandMax":4,"Value":6627},{"Length":25,"Height":33,"Demand":0,"DemandMax":4,"Value":1650},{"Length":81,"Height":97,"Demand":0,"DemandMax":4,"Value":7857},{"Length":9,"Height":30,"Demand":0,"DemandMax":4,"Value":810},{"Length":97,"Height":17,"Demand":0,"DemandMax":4,"Value":4947},{"Length":9,"Height":22,"Demand":0,"DemandMax":4,"Value":594},{"Length":20,"Height":81,"Demand":0,"DemandMax":4,"Value":3240},{"Length":50,"Height":12,"Demand":0,"DemandMax":4,"Value":600},{"Length":82,"Height":22,"Demand":0,"DemandMax":4,"Value":1804},{"Length":23,"Height":77,"Demand":0,"DemandMax":4,"Value":1771},{"Length":25,"Height":40,"Demand":0,"DemandMax":4,"Value":3000},{"Length":73,"Height":55,"Demand":0,"DemandMax":4,"Value":8030},{"Length":94,"Height":62,"Demand":0,"DemandMax":4,"Value":11656},{"Length":41,"Height":13,"Demand":0,"DemandMax":4,"Value":533},{"Length":91,"Height":24,"Demand":0,"DemandMax":4,"Value":4368},{"Length":30,"Height":40,"Demand":0,"DemandMax":4,"Value":1200},{"Length":24,"Height":85,"Demand":0,"DemandMax":4,"Value":6120},{"Length":99,"Height":56,"Demand":0,"DemandMax":4,"Value":11088},{"Length":43,"Height":80,"Demand":0,"DemandMax":4,"Value":6880},{"Length":24,"Height":50,"Demand":0,"DemandMax":4,"Value":2400},{"Length":62,"Height":100,"Demand":0,"DemandMax":4,"Value":12400},{"Length":29,"Height":2,"Demand":0,"DemandMax":4,"Value":58},{"Length":86,"Height":87,"Demand":0,"DemandMax":4,"Value":14964},{"Length":29,"Height":26,"Demand":0,"DemandMax":4,"Value":2262},{"Length":10,"Height":88,"Demand":0,"DemandMax":4,"Value":2640},{"Length":31,"Height":22,"Demand":0,"DemandMax":4,"Value":1364},{"Length":34,"Height":96,"Demand":0,"DemandMax":4,"Value":3264},{"Length":18,"Height":87,"Demand":0,"DemandMax":4,"Value":1566},{"Length":40,"Height":78,"Demand":0,"DemandMax":4,"Value":6240},{"Length":10,"Height":85,"Demand":0,"DemandMax":4,"Value":2550},{"Length":14,"Height":42,"Demand":0,"DemandMax":4,"Value":1176},{"Length":29,"Height":93,"Demand":0,"DemandMax":4,"Value":2697},{"Length":14,"Height":78,"Demand":0,"DemandMax":4,"Value":3276},{"Length":88,"Height":86,"Demand":0,"DemandMax":4,"Value":22704},{"Length":65,"Height":91,"Demand":0,"DemandMax":4,"Value":17745},{"Length":14,"Height":45,"Demand":0,"DemandMax":4,"Value":1890},{"Length":72,"Height":88,"Demand":0,"DemandMax":4,"Value":12672},{"Length":96,"Height":72,"Demand":0,"DemandMax":4,"Value":6912},{"Length":39,"Height":23,"Demand":0,"DemandMax":4,"Value":2691},{"Length":11,"Height":28,"Demand":0,"DemandMax":4,"Value":308},{"Length":44,"Height":78,"Demand":0,"DemandMax":4,"Value":10296},{"Length":93,"Height":11,"Demand":0,"DemandMax":4,"Value":1023},{"Length":98,"Height":25,"Demand":0,"DemandMax":4,"Value":7350},{"Length":47,"Height":85,"Demand":0,"DemandMax":4,"Value":7990},{"Length":41,"Height":33,"Demand":0,"DemandMax":4,"Value":4059},{"Length":4,"Height":29,"Demand":0,"DemandMax":4,"Value":116},{"Length":50,"Height":80,"Demand":0,"DemandMax":4,"Value":12000},{"Length":31,"Height":28,"Demand":0,"DemandMax":4,"Value":868},{"Length":89,"Height":22,"Demand":0,"DemandMax":4,"Value":5874},{"Length":29,"Height":22,"Demand":0,"DemandMax":4,"Value":1914},{"Length":68,"Height":61,"Demand":0,"DemandMax":4,"Value":8296},{"Length":79,"Height":40,"Demand":0,"DemandMax":4,"Value":9480},{"Length":55,"Height":93,"Demand":0,"DemandMax":4,"Value":5115},{"Length":89,"Height":65,"Demand":0,"DemandMax":4,"Value":17355},{"Length":17,"Height":88,"Demand":0,"DemandMax":4,"Value":4488},{"Length":16,"Height":39,"Demand":0,"DemandMax":4,"Value":624},{"Length":96,"Height":39,"Demand":0,"DemandMax":4,"Value":3744},{"Length":45,"Height":40,"Demand":0,"DemandMax":4,"Value":1800},{"Length":5,"Height":24,"Demand":0,"DemandMax":4,"Value":120},{"Length":15,"Height":49,"Demand":0,"DemandMax":4,"Value":2205},{"Length":49,"Height":6,"Demand":0,"DemandMax":4,"Value":882},{"Length":48,"Height":31,"Demand":0,"DemandMax":4,"Value":2976},{"Length":9,"Height":15,"Demand":0,"DemandMax":4,"Value":405},{"Length":73,"Height":69,"Demand":0,"DemandMax":4,"Value":5037},{"Length":92,"Height":47,"Demand":0,"DemandMax":4,"Value":8648},{"Length":91,"Height":56,"Demand":0,"DemandMax":4,"Value":10192},{"Length":26,"Height":7,"Demand":0,"DemandMax":4,"Value":546},{"Length":47,"Height":92,"Demand":0,"DemandMax":4,"Value":8648},{"Length":64,"Height":70,"Demand":0,"DemandMax":4,"Value":13440},{"Length":5,"Height":86,"Demand":0,"DemandMax":4,"Value":430},{"Length":44,"Height":87,"Demand":0,"DemandMax":4,"Value":3828},{"Length":74,"Height":69,"Demand":0,"DemandMax":4,"Value":15318},{"Length":71,"Height":100,"Demand":0,"DemandMax":4,"Value":14200},{"Length":84,"Height":9,"Demand":0,"DemandMax":4,"Value":2268},{"Length":2,"Height":28,"Demand":0,"DemandMax":4,"Value":56},{"Length":40,"Height":20,"Demand":0,"DemandMax":4,"Value":2400},{"Length":27,"Height":25,"Demand":0,"DemandMax":4,"Value":1350},{"Length":5,"Height":49,"Demand":0,"DemandMax":4,"Value":735},{"Length":23,"Height":22,"Demand":0,"DemandMax":4,"Value":1518},{"Length":17,"Height":17,"Demand":0,"DemandMax":4,"Value":867},{"Length":23,"Height":24,"Demand":0,"DemandMax":4,"Value":1104},{"Length":33,"Height":90,"Demand":0,"DemandMax":4,"Value":2970},{"Length":3,"Height":4,"Demand":0,"DemandMax":4,"Value":24},{"Length":33,"Height":35,"Demand":0,"DemandMax":4,"Value":3465},{"Length":92,"Height":38,"Demand":0,"DemandMax":4,"Value":3496},{"Length":67,"Height":95,"Demand":0,"DemandMax":4,"Value":6365},{"Length":78,"Height":61,"Demand":0,"DemandMax":4,"Value":4758},{"Length":28,"Height":97,"Demand":0,"DemandMax":4,"Value":8148},{"Length":58,"Height":95,"Demand":0,"DemandMax":4,"Value":11020},{"Length":10,"Height":95,"Demand":0,"DemandMax":4,"Value":1900},{"Length":46,"Height":86,"Demand":0,"DemandMax":4,"Value":3956},{"Length":59,"Height":81,"Demand":0,"DemandMax":4,"Value":4779},{"Length":22,"Height":46,"Demand":0,"DemandMax":4,"Value":3036},{"Length":77,"Height":42,"Demand":0,"DemandMax":4,"Value":3234},{"Length":38,"Height":44,"Demand":0,"DemandMax":4,"Value":1672},{"Length":22,"Height":49,"Demand":0,"DemandMax":4,"Value":2156},{"Length":15,"Height":9,"Demand":0,"DemandMax":4,"Value":135},{"Length":6,"Height":84,"Demand":0,"DemandMax":4,"Value":504},{"Length":16,"Height":17,"Demand":0,"DemandMax":4,"Value":272},{"Length":29,"Height":9,"Demand":0,"DemandMax":4,"Value":783},{"Length":32,"Height":11,"Demand":0,"DemandMax":4,"Value":704},{"Length":26,"Height":9,"Demand":0,"DemandMax":4,"Value":468},{"Length":90,"Height":66,"Demand":0,"DemandMax":4,"Value":11880},{"Length":77,"Height":45,"Demand":0,"DemandMax":4,"Value":3465},{"Length":38,"Height":76,"Demand":0,"DemandMax":4,"Value":2888},{"Length":46,"Height":100,"Demand":0,"DemandMax":4,"Value":13800},{"Length":83,"Height":2,"Demand":0,"DemandMax":4,"Value":498},{"Length":65,"Height":82,"Demand":0,"DemandMax":4,"Value":10660},{"Length":13,"Height":99,"Demand":0,"DemandMax":4,"Value":3861},{"Length":80,"Height":9,"Demand":0,"DemandMax":4,"Value":720},{"Length":13,"Height":87,"Demand":0,"DemandMax":4,"Value":1131},{"Length":27,"Height":85,"Demand":0,"DemandMax":4,"Value":2295},{"Length":13,"Height":84,"Demand":0,"DemandMax":4,"Value":2184},{"Length":24,"Height":49,"Demand":0,"DemandMax":4,"Value":2352},{"Length":74,"Height":56,"Demand":0,"DemandMax":4,"Value":4144},{"Length":44,"Height":12,"Demand":0,"DemandMax":4,"Value":528},{"Length":27,"Height":100,"Demand":0,"DemandMax":4,"Value":8100},{"Length":43,"Height":97,"Demand":0,"DemandMax":4,"Value":4171},{"Length":7,"Height":90,"Demand":0,"DemandMax":4,"Value":1890},{"Length":18,"Height":84,"Demand":0,"DemandMax":4,"Value":4536},{"Length":13,"Height":19,"Demand":0,"DemandMax":4,"Value":247},{"Length":43,"Height":91,"Demand":0,"DemandMax":4,"Value":7826},{"Length":79,"Height":27,"Demand":0,"DemandMax":4,"Value":2133},{"Length":27,"Height":23,"Demand":0,"DemandMax":4,"Value":1242},{"Length":28,"Height":93,"Demand":0,"DemandMax":4,"Value":7812},{"Length":21,"Height":34,"Demand":0,"DemandMax":4,"Value":2142},{"Length":34,"Height":39,"Demand":0,"DemandMax":4,"Value":3978},{"Length":8,"Height":91,"Demand":0,"DemandMax":4,"Value":728},{"Length":78,"Height":24,"Demand":0,"DemandMax":4,"Value":5616},{"Length":22,"Height":13,"Demand":0,"DemandMax":4,"Value":858},{"Length":9,"Height":41,"Demand":0,"DemandMax":4,"Value":738},{"Length":81,"Height":79,"Demand":0,"DemandMax":4,"Value":6399},{"Length":4,"Height":19,"Demand":0,"DemandMax":4,"Value":152},{"Length":43,"Height":23,"Demand":0,"DemandMax":4,"Value":989},{"Length":50,"Height":20,"Demand":0,"DemandMax":4,"Value":1000},{"Length":9,"Height":10,"Demand":0,"DemandMax":4,"Value":180},{"Length":85,"Height":35,"Demand":0,"DemandMax":4,"Value":2975},{"Length":5,"Height":95,"Demand":0,"DemandMax":4,"Value":1425},{"Length":55,"Height":76,"Demand":0,"DemandMax":4,"Value":12540},{"Length":76,"Height":45,"Demand":0,"DemandMax":4,"Value":6840},{"Length":30,"Height":38,"Demand":0,"DemandMax":4,"Value":1140}]}