{"Name":"ngcutfs2_143","Objects":[{"Length":100,"Height":100,"Stock":null,"Cost":10000}],"Items":[{"Length":44,"Height":25,"Demand":0,"DemandMax":4,"Value":3300},{"Length":15,"Height":4,"Demand":0,"DemandMax":4,"Value":180},{"Length":25,"Height":7,"Demand":0,"DemandMax":4,"Value":350},{"Length":50,"Height":37,"Demand":0,"DemandMax":4,"Value":3700},{"Length":20,"Height":6,"Demand":0,"DemandMax":4,"Value":360},{"Length":90,"Height":70,"Demand":0,"DemandMax":4,"Value":6300},{"Length":2,"Height":49,"Demand":0,"DemandMax":4,"Value":294},{"Length":2,"Height":35,"Demand":0,"DemandMax":4,"Value":70},{"Length":62,"Height":62,"Demand":0,"DemandMax":4,"Value":3844},{"Length":4,"Height":30,"Demand":0,"DemandMax":4,"Value":240},{"Length":9,"Height":36,"Demand":0,"DemandMax":4,"Value":648},{"Length":22,"Height":18,"Demand":0,"DemandMax":4,"Value":1188},{"Length":96,"Height":55,"Demand":0,"DemandMax":4,"Value":15840},{"Length":76,"Height":46,"Demand":0,"DemandMax":4,"Value":6992},{"Length":96,"Height":29,"Demand":0,"DemandMax":4,"Value":2784},{"Length":77,"Height":31,"Demand":0,"DemandMax":4,"Value":2387},{"Length":27,"Height":19,"Demand":0,"DemandMax":4,"Value":513},{"Length":95,"Height":63,"Demand":0,"DemandMax":4,"Value":11970},{"Length":46,"Height":99,"Demand":0,"DemandMax":4,"Value":9108},{"Length":50,"Height":27,"Demand":0,"DemandMax":4,"Value":1350},{"Length":13,"Height":19,"Demand":0,"DemandMax":4,"Value":247},{"Length":86,"Height":32,"Demand":0,"DemandMax":4,"Value":2752},{"Length":25,"Height":6,"Demand":0,"DemandMax":4,"Value":450},{"Length":43,"Height":3,"Demand":0,"DemandMax":4,"Value":258},{"Length":59,"Height":67,"Demand":0,"DemandMax":4,"Value":3953},{"Length":31,"Height":4,"Demand":0,"DemandMax":4,"Value":124},{"Length":25,"Height":17,"Demand":0,"DemandMax":4,"Value":425},{"Length":45,"Height":19,"Demand":0,"DemandMax":4,"Value":1710},{"Length":74,"Height":79,"Demand":0,"DemandMax":4,"Value":5846},{"Length":24,"Height":45,"Demand":0,"DemandMax":4,"Value":3240},{"Length":11,"Height":25,"Demand":0,"DemandMax":4,"Value":550},{"Length":100,"Height":38,"Demand":0,"DemandMax":4,"Value":7600},{"Length":48,"Height":11,"Demand":0,"DemandMax":4,"Value":1056},{"Length":77,"Height":30,"Demand":0,"DemandMax":4,"Value":6930},{"Length":45,"Height":35,"Demand":0,"DemandMax":4,"Value":3150},{"Length":91,"Height":28,"Demand":0,"DemandMax":4,"Value":5096},{"Length":69,"Height":51,"Demand":0,"DemandMax":4,"Value":10557},{"Length":8,"Height":7,"Demand":0,"DemandMax":4,"Value":168},{"Length":11,"Height":14,"Demand":0,"DemandMax":4,"Value":308},{"Length":97,"Height":11,"Demand":0,"DemandMax":4,"Value":3201},{"Length":26,"Height":39,"Demand":0,"DemandMax":4,"Value":1014},{"Length":17,"Height":26,"Demand":0,"DemandMax":4,"Value":884},{"Length":84,"Height":24,"Demand":0,"DemandMax":4,"Value":6048},{"Length":21,"Height":48,"Demand":0,"DemandMax":4,"Value":1008},{"Length":27,"Height":34,"Demand":0,"DemandMax":4,"Value":1836},{"Length":33,"Height":28,"Demand":0,"DemandMax":4,"Value":1848},{"Length":79,"Height":72,"Demand":0,"DemandMax":4,"Value":5688},{"Length":35,"Height":78,"Demand":0,"DemandMax":4,"Value":5460},{"Length":34,"Height":46,"Demand":0,"DemandMax":4,"Value":3128},{"Length":31,"Height":35,"Demand":0,"DemandMax":4,"Value":3255},{"Length":15,"Height":32,"Demand":0,"DemandMax":4,"Value":960},{"Length":17,"Height":50,"Demand":0,"DemandMax":4,"Value":2550},{"Length":18,"Height":16,"Demand":0,"DemandMax":4,"Value":576},{"Length":80,"Height":46,"Demand":0,"DemandMax":4,"Value":7360},{"Length":85,"Height":55,"Demand":0,"DemandMax":4,"Value":9350},{"Length":27,"Height":17,"Demand":0,"DemandMax":4,"Value":1377},{"Length":91,"Height":10,"Demand":0,"DemandMax":4,"Value":1820},{"Length":24,"Height":34,"Demand":0,"DemandMax":4,"Value":816},{"Length":43,"Height":4,"Demand":0,"DemandMax":4,"Value":344},{"Length":2,"Height":97,"Demand":0,"DemandMax":4,"Value":582},{"Length":94,"Height":34,"Demand":0,"DemandMax":4,"Value":9588},{"Length":68,"Height":97,"Demand":0,"DemandMax":4,"Value":6596},{"Length":48,"Height":80,"Demand":0,"DemandMax":4,"Value":3840},{"Length":37,"Height":39,"Demand":0,"DemandMax":4,"Value":1443},{"Length":81,"Height":32,"Demand":0,"DemandMax":4,"Value":2592},{"Length":17,"Height":8,"Demand":0,"DemandMax":4,"Value":408},{"Length":38,"Height":6,"Demand":0,"DemandMax":4,"Value":228},{"Length":50,"Height":12,"Demand":0,"DemandMax":4,"Value":600},{"Length":92,"Height":42,"Demand":0,"DemandMax":4,"Value":7728},{"Length":46,"Height":44,"Demand":0,"DemandMax":4,"Value":6072},{"Length":12,"Height":24,"Demand":0,"DemandMax":4,"Value":864},{"Length":23,"Height":30,"Demand":0,"DemandMax":4,"Value":1380},{"Length":47,"Height":96,"Demand":0,"DemandMax":4,"Value":9024},{"Length":26,"Height":24,"Demand":0,"DemandMax":4,"Value":1248},{"Length":18,"Height":49,"Demand":0,"DemandMax":4,"Value":882},{"Length":96,"Height":29,"Demand":0,"DemandMax":4,"Value":8352},{"Length":82,"Height":33,"Demand":0,"DemandMax":4,"Value":8118},{"Length":22,"Height":92,"Demand":0,"DemandMax":4,"Value":2024},{"Length":19,"Height":45,"Demand":0,"DemandMax":4,"Value":855},{"Length":31,"Height":12,"Demand":0,"DemandMax":4,"Value":1116},{"Length":10,"Height":96,"Demand":0,"DemandMax":4,"Value":2880},{"Length":19,"Height":26,"Demand":0,"DemandMax":4,"Value":1482},{"Length":30,"Height":77,"Demand":0,"DemandMax":4,"Value":2310},{"Length":22,"Height":37,"Demand":0,"DemandMax":4,"Value":814},{"Length":25,"Height":43,"Demand":0,"DemandMax":4,"Value":1075},{"Length":100,"Height":71,"Demand":0,"DemandMax":4,"Value":14200},{"Length":87,"Height":25,"Demand":0,"DemandMax":4,"Value":4350},{"Length":98,"Height":44,"Demand":0,"DemandMax":4,"Value":4312},{"Length":11,"Height":20,"Demand":0,"DemandMax":4,"Value":440},{"Length":7,"Height":89,"Demand":0,"DemandMax":4,"Value":1869},{"Length":56,"Height":56,"Demand":0,"DemandMax":4,"Value":3136},{"Length":51,"Height":65,"Demand":0,"DemandMax":4,"Value":3315},{"Length":3,"Height":13,"Demand":0,"DemandMax":4,"Value":39},{"Length":25,"Height":15,"Demand":0,"DemandMax":4,"Value":1125},{"Length":80,"Height":22,"Demand":0,"DemandMax":4,"Value":5280},{"Length":81,"Height":46,"Demand":0,"DemandMax":4,"Value":3726},{"Length":19,"Height":99,"Demand":0,"DemandMax":4,"Value":3762},{"Length":22,"Height":46,"Demand":0,"DemandMax":4,"Value":2024},{"Length":46,"Height":3,"Demand":0,"DemandMax":4,"Value":138},{"Length":29,"Height":87,"Demand":0,"DemandMax":4,"Value":2523},{"Length":18,"Height":46,"Demand":0,"DemandMax":4,"Value":828},{"Length":15,"Height":18,"Demand":0,"DemandMax":4,"Value":540},{"Length":38,"Height":44,"Demand":0,"DemandMax":4,"Value":3344},{"Length":47,"Height":89,"Demand":0,"DemandMax":4,"Value":12549},{"Length":56,"Height":91,"Demand":0,"DemandMax":4,"Value":15288},{"Length":92,"Height":46,"Demand":0,"DemandMax":4,"Value":12696},{"Length":29,"Height":23,"Demand":0,"DemandMax":4,"Value":2001},{"Length":5,"Height":98,"Demand":0,"DemandMax":4,"Value":1470},{"Length":21,"Height":26,"Demand":0,"DemandMax":4,"Value":1638},{"Length":87,"Height":43,"Demand":0,"DemandMax":4,"Value":7482},{"Length":4,"Height":13,"Demand":0,"DemandMax":8,"Value":104},{"Length":29,"Height":41,"Demand":0,"DemandMax":4,"Value":3567},{"Length":99,"Height":9,"Demand":0,"DemandMax":4,"Value":2673},{"Length":25,"Height":48,"Demand":0,"DemandMax":4,"Value":1200},{"Length":4,"Height":10,"Demand":0,"DemandMax":4,"Value":80},{"Length":50,"Height":30,"Demand":0,"DemandMax":4,"Value":1500},{"Length":37,"Height":17,"Demand":0,"DemandMax":4,"Value":629},{"Length":26,"Height":48,"Demand":0,"DemandMax":4,"Value":2496},{"Length":40,"Height":49,"Demand":0,"DemandMax":4,"Value":3920},{"Length":80,"Height":5,"Demand":0,"DemandMax":4,"Value":1200},{"Length":70,"Height":100,"Demand":0,"DemandMax":4,"Value":21000},{"Length":99,"Height":37,"Demand":0,"DemandMax":4,"Value":3663},{"Length":33,"Height":14,"Demand":0,"DemandMax":4,"Value":924},{"Length":47,"Height":41,"Demand":0,"DemandMax":4,"Value":1927},{"Length":49,"Height":32,"Demand":0,"DemandMax":4,"Value":4704},{"Length":13,"Height":8,"Demand":0,"DemandMax":4,"Value":104},{"Length":41,"Height":76,"Demand":0,"DemandMax":4,"Value":9348},{"Length":46,"Height":82,"Demand":0,"DemandMax":4,"Value":3772},{"Length":43,"Height":99,"Demand":0,"DemandMax":4,"Value":8514},{"Length":28,"Height":19,"Demand":0,"DemandMax":4,"Value":1596},{"Length":87,"Height":59,"Demand":0,"DemandMax":4,"Value":10266},{"Length":95,"Height":56,"Demand":0,"DemandMax":4,"Value":15960},{"Length":29,"Height":83,"Demand":0,"DemandMax":4,"Value":2407},{"Length":79,"Height":78,"Demand":0,"DemandMax":4,"Value":18486},{"Length":45,"Height":49,"Demand":0,"DemandMax":4,"Value":4410},{"Length":26,"Height":12,"Demand":0,"DemandMax":4,"Value":624},{"Length":62,"Height":77,"Demand":0,"DemandMax":4,"Value":9548},{"Length":68,"Height":99,"Demand":0,"DemandMax":4,"Value":6732},{"Length":25,"Height":36,"Demand":0,"DemandMax":4,"Value":900},{"Length":18,"Height":89,"Demand":0,"DemandMax":4,"Value":1602},{"Length":67,"Height":94,"Demand":0,"DemandMax":4,"Value":18894},{"Length":14,"Height":46,"Demand":0,"DemandMax":4,"Value":644},{"Length":13,"Height":7,"Demand":0,"DemandMax":4,"Value":273},{"Length":96,"Height":36,"Demand":0,"DemandMax":4,"Value":10368},{"Length":39,"Height":35,"Demand":0,"DemandMax":4,"Value":1365},{"Length":19,"Height":6,"Demand":0,"DemandMax":4,"Value":114},{"Length":5,"Height":19,"Demand":0,"DemandMax":4,"Value":190},{"Length":46,"Height":6,"Demand":0,"DemandMax":4,"Value":828},{"Length":7,"Height":8,"Demand":0,"DemandMax":4,"Value":56},{"Length":23,"Height":22,"Demand":0,"DemandMax":4,"Value":506},{"Length":86,"Height":34,"Demand":0,"DemandMax":4,"Value":2924},{"Length":28,"Height":21,"Demand":0,"DemandMax":4,"Value":1176},{"Length":100,"Height":95,"Demand":0,"DemandMax":4,"Value":19000},{"Length":22,"Height":45,"Demand":0,"DemandMax":4,"Value":1980},{"Length":48,"Height":7,"Demand":0,"DemandMax":4,"Value":672},{"Length":30,"Height":99,"Demand":0,"DemandMax":4,"Value":8910},{"Length":88,"Height":63,"Demand":0,"DemandMax":4,"Value":16632},{"Length":33,"Height":20,"Demand":0,"DemandMax":4,"Value":1320},{"Length":61,"Height":58,"Demand":0,"DemandMax":4,"Value":10614},{"Length":72,"Height":70,"Demand":0,"DemandMax":4,"Value":5040},{"Length":85,"Height":61,"Demand":0,"DemandMax":4,"Value":15555},{"Length":35,"Height":47,"Demand":0,"DemandMax":4,"Value":3290},{"Length":46,"Height":95,"Demand":0,"DemandMax":4,"Value":13110},{"Length":8,"Height":33,"Demand":0,"DemandMax":4,"Value":264},{"Length":17,"Height":12,"Demand":0,"DemandMax":4,"Value":612},{"Length":38,"Height":17,"Demand":0,"DemandMax":4,"Value":646},{"Length":26,"Height":8,"Demand":0,"DemandMax":4,"Value":208},{"Length":40,"Height":2,"Demand":0,"DemandMax":4,"Value":80},{"Length":53,"Height":55,"Demand":0,"DemandMax":4,"Value":5830},{"Length":3,"Height":34,"Demand":0,"DemandMax":4,"Value":102},{"Length":15,"Height":6,"Demand":0,"DemandMax":4,"Value":90},{"Length":61,"Height":91,"Demand":0,"DemandMax":4,"Value":16653},{"Length":27,"Height":91,"Demand":0,"DemandMax":4,"Value":4914},{"Length":32,"Height":96,"Demand":0,"DemandMax":4,"Value":3072},{"Length":39,"Height":16,"Demand":0,"DemandMax":4,"Value":1872},{"Length":89,"Height":16,"Demand":0,"DemandMax":4,"Value":2848},{"Length":70,"Height":82,"Demand":0,"DemandMax":4,"Value":5740},{"Length":11,"Height":11,"Demand":0,"DemandMax":4,"Value":363},{"Length":86,"Height":49,"Demand":0,"DemandMax":4,"Value":4214},{"Length":30,"Height":17,"Demand":0,"DemandMax":4,"Value":1020},{"Length":36,"Height":32,"Demand":0,"DemandMax":4,"Value":2304},{"Length":36,"Height":24,"Demand":0,"DemandMax":4,"Value":2592},{"Length":27,"Height":41,"Demand":0,"DemandMax":4,"Value":1107},{"Length":4,"Height":100,"Demand":0,"DemandMax":4,"Value":1200},{"Length":26,"Height":85,"Demand":0,"DemandMax":4,"Value":2210},{"Length":82,"Height":14,"Demand":0,"DemandMax":4,"Value":2296},{"Length":26,"Height":93,"Demand":0,"DemandMax":4,"Value":7254},{"Length":28,"Height":11,"Demand":0,"DemandMax":4,"Value":616},{"Length":89,"Height":11,"Demand":0,"DemandMax":4,"Value":979},{"Length":91,"Height":33,"Demand":0,"DemandMax":4,"Value":6006},{"Length":13,"Height":19,"Demand":0,"DemandMax":4,"Value":741},{"Length":6,"Height":39,"Demand":0,"DemandMax":4,"Value":468},{"Length":87,"Height":70,"Demand":0,"DemandMax":4,"Value":12180},{"Length":14,"Height":17,"Demand":0,"DemandMax":4,"Value":238},{"Length":49,"Height":50,"Demand":0,"DemandMax":4,"Value":2450},{"Length":35,"Height":22,"Demand":0,"DemandMax":4,"Value":2310},{"Length":44,"Height":43,"Demand":0,"DemandMax":4,"Value":1892},{"Length":20,"Height":4,"Demand":0,"DemandMax":4,"Value":160},{"Length":44,"Height":34,"Demand":0,"DemandMax":4,"Value":4488},{"Length":57,"Height":57,"Demand":0,"DemandMax":4,"Value":3249},{"Length":76,"Height":65,"Demand":0,"DemandMax":4,"Value":4940},{"Length":62,"Height":64,"Demand":0,"DemandMax":4,"Value":7936},{"Length":6,"Height":80,"Demand":0,"DemandMax":4,"Value":960},{"Length":42,"Height":9,"Demand":0,"DemandMax":4,"Value":378},{"Length":90,"Height":19,"Demand":0,"DemandMax":4,"Value":5130},{"Length":23,"Height":12,"Demand":0,"DemandMax":4,"Value":552},{"Length":39,"Height":27,"Demand":0,"DemandMax":4,"Value":2106},{"Length":46,"Height":80,"Demand":0,"DemandMax":4,"Value":11040},{"Length":30,"Height":88,"Demand":0,"DemandMax":4,"Value":2640},{"Length":78,"Height":50,"Demand":0,"DemandMax":4,"Value":11700},{"Length":43,"Height":42,"Demand":0,"DemandMax":4,"Value":3612},{"Length":53,"Height":98,"Demand":0,"DemandMax":4,"Value":15582},{"Length":76,"Height":12,"Demand":0,"DemandMax":4,"Value":1824},{"Length":42,"Height":82,"Demand":0,"DemandMax":4,"Value":3444},{"Length":19,"Height":50,"Demand":0,"DemandMax":4,"Value":950},{"Length":50,"Height":43,"Demand":0,"DemandMax":4,"Value":6450},{"Length":5,"Height":13,"Demand":0,"DemandMax":4,"Value":130},{"Length":4,"Height":26,"Demand":0,"DemandMax":4,"Value":104},{"Length":56,"Height":66,"Demand":0,"DemandMax":4,"Value":11088},{"Length":41,"Height":44,"Demand":0,"DemandMax":4,"Value":3608},{"Length":49,"Height":31,"Demand":0,"DemandMax":4,"Value":4557},{"Length":43,"Height":78,"Demand":0,"DemandMax":4,"Value":3354},{"Length":53,"Height":71,"Demand":0,"DemandMax":4,"Value":11289},{"Length":34,"Height":34,"Demand":0,"DemandMax":4,"Value":1156},{"Length":14,"Height":23,"Demand":0,"DemandMax":4,"Value":322},{"Length":42,"Height":27,"Demand":0,"DemandMax":4,"Value":2268},{"Length":47,"Height":15,"Demand":0,"DemandMax":4,"Value":1410},{"Length":97,"Height":10,"Demand":0,"DemandMax":4,"Value":2910},{"Length":90,"Height":63,"Demand":0,"DemandMax":4,"Value":5670},{"Length":2,"Height":34,"Demand":0,"DemandMax":4,"Value":68},{"Length":27,"Height":30,"Demand":0,"DemandMax":4,"Value":2430},{"Length":2,"Height":32,"Demand":0,"DemandMax":4,"Value":64},{"Length":5,"Height":49,"Demand":0,"DemandMax":4,"Value":735},{"Length":4,"Height":30,"Demand":0,"DemandMax":4,"Value":360},{"Length":93,"Height":23,"Demand":0,"DemandMax":4,"Value":2139},{"Length":43,"Height":12,"Demand":0,"DemandMax":4,"Value":1548},{"Length":25,"Height":9,"Demand":0,"DemandMax":4,"Value":675},{"Length":42,"Height":85,"Demand":0,"DemandMax":4,"Value":3570},{"Length":38,"Height":4,"Demand":0,"DemandMax":4,"Value":152},{"Length":42,"Height":92,"Demand":0,"DemandMax":4,"Value":11592},{"Length":94,"Height":74,"Demand":0,"DemandMax":4,"Value":20868},{"Length":78,"Height":96,"Demand":0,"DemandMax":4,"Value":14976},{"Length":5,"Height":79,"Demand":0,"DemandMax":4,"Value":1185},{"Length":91,"Height":70,"Demand":0,"DemandMax":4,"Value":6370},{"Length":50,"Height":15,"Demand":0,"DemandMax":4,"Value":750},{"Length":33,"Height":89,"Demand":0,"DemandMax":4,"Value":5874},{"Length":81,"Height":56,"Demand":0,"DemandMax":4,"Value":13608},{"Length":20,"Height":40,"Demand":0,"DemandMax":4,"Value":800},{"Length":44,"Height":21,"Demand":0,"DemandMax":4,"Value":2772}]}