{"Name":"ngcutfs3_16","Objects":[{"Length":100,"Height":100,"Stock":null,"Cost":10000}],"Items":[{"Length":47,"Height":5,"Demand":0,"DemandMax":3,"Value":235},{"Length":50,"Height":23,"Demand":0,"DemandMax":3,"Value":3450},{"Length":31,"Height":46,"Demand":0,"DemandMax":3,"Value":2852},{"Length":33,"Height":28,"Demand":0,"DemandMax":3,"Value":2772},{"Length":27,"Height":27,"Demand":0,"DemandMax":3,"Value":2187},{"Length":37,"Height":45,"Demand":0,"DemandMax":3,"Value":1665},{"Length":32,"Height":46,"Demand":0,"DemandMax":3,"Value":1472},{"Length":66,"Height":73,"Demand":0,"DemandMax":3,"Value":4818},{"Length":48,"Height":22,"Demand":0,"DemandMax":3,"Value":1056},{"Length":28,"Height":13,"Demand":0,"DemandMax":3,"Value":1092},{"Length":48,"Height":44,"Demand":0,"DemandMax":3,"Value":4224},{"Length":16,"Height":27,"Demand":0,"DemandMax":3,"Value":864},{"Length":45,"Height":11,"Demand":0,"DemandMax":3,"Value":1485},{"Length":18,"Height":86,"Demand":0,"DemandMax":3,"Value":4644},{"Length":9,"Height":49,"Demand":0,"DemandMax":3,"Value":441},{"Length":11,"Height":20,"Demand":0,"DemandMax":3,"Value":660},{"Length":29,"Height":82,"Demand":0,"DemandMax":3,"Value":2378},{"Length":12,"Height":95,"Demand":0,"DemandMax":3,"Value":2280},{"Length":21,"Height":3,"Demand":0,"DemandMax":3,"Value":189},{"Length":27,"Height":21,"Demand":0,"DemandMax":3,"Value":567},{"Length":3,"Height":6,"Demand":0,"DemandMax":3,"Value":18},{"Length":26,"Height":44,"Demand":0,"DemandMax":3,"Value":2288},{"Length":26,"Height":11,"Demand":0,"DemandMax":3,"Value":286},{"Length":83,"Height":32,"Demand":0,"DemandMax":3,"Value":2656},{"Length":15,"Height":10,"Demand":0,"DemandMax":3,"Value":150},{"Length":41,"Height":15,"Demand":0,"DemandMax":3,"Value":1230},{"Length":38,"Height":10,"Demand":0,"DemandMax":3,"Value":380},{"Length":78,"Height":60,"Demand":0,"DemandMax":3,"Value":9360},{"Length":41,"Height":44,"Demand":0,"DemandMax":3,"Value":3608},{"Length":57,"Height":71,"Demand":0,"DemandMax":3,"Value":8094},{"Length":53,"Height":78,"Demand":0,"DemandMax":3,"Value":4134},{"Length":15,"Height":16,"Demand":0,"DemandMax":3,"Value":480},{"Length":48,"Height":20,"Demand":0,"DemandMax":3,"Value":960},{"Length":43,"Height":38,"Demand":0,"DemandMax":3,"Value":4902},{"Length":15,"Height":29,"Demand":0,"DemandMax":3,"Value":870},{"Length":19,"Height":20,"Demand":0,"DemandMax":3,"Value":760},{"Length":10,"Height":22,"Demand":0,"DemandMax":3,"Value":220},{"Length":45,"Height":5,"Demand":0,"DemandMax":3,"Value":675},{"Length":33,"Height":23,"Demand":0,"DemandMax":3,"Value":2277},{"Length":48,"Height":25,"Demand":0,"DemandMax":3,"Value":2400}]}