{"Name":"ngcutfs2_27","Objects":[{"Length":100,"Height":100,"Stock":null,"Cost":10000}],"Items":[{"Length":100,"Height":16,"Demand":0,"DemandMax":4,"Value":3200},{"Length":32,"Height":6,"Demand":0,"DemandMax":4,"Value":192},{"Length":17,"Height":4,"Demand":0,"DemandMax":4,"Value":68},{"Length":19,"Height":37,"Demand":0,"DemandMax":4,"Value":1406},{"Length":61,"Height":73,"Demand":0,"DemandMax":4,"Value":13359},{"Length":35,"Height":11,"Demand":0,"DemandMax":4,"Value":770},{"Length":97,"Height":35,"Demand":0,"DemandMax":4,"Value":3395},{"Length":95,"Height":15,"Demand":0,"DemandMax":4,"Value":4275},{"Length":47,"Height":36,"Demand":0,"DemandMax":4,"Value":1692},{"Length":89,"Height":25,"Demand":0,"DemandMax":4,"Value":2225},{"Length":3,"Height":89,"Demand":0,"DemandMax":4,"Value":801},{"Length":74,"Height":55,"Demand":0,"DemandMax":4,"Value":12210},{"Length":15,"Height":19,"Demand":0,"DemandMax":4,"Value":285},{"Length":30,"Height":28,"Demand":0,"DemandMax":8,"Value":840},{"Length":97,"Height":7,"Demand":0,"DemandMax":4,"Value":679},{"Length":94,"Height":57,"Demand":0,"DemandMax":4,"Value":16074},{"Length":76,"Height":2,"Demand":0,"DemandMax":4,"Value":304},{"Length":52,"Height":91,"Demand":0,"DemandMax":4,"Value":9464},{"Length":42,"Height":5,"Demand":0,"DemandMax":4,"Value":420},{"Length":18,"Height":35,"Demand":0,"DemandMax":4,"Value":630},{"Length":39,"Height":34,"Demand":0,"DemandMax":4,"Value":3978},{"Length":17,"Height":21,"Demand":0,"DemandMax":4,"Value":357},{"Length":94,"Height":93,"Demand":0,"DemandMax":4,"Value":17484},{"Length":20,"Height":77,"Demand":0,"DemandMax":4,"Value":4620},{"Length":42,"Height":49,"Demand":0,"DemandMax":4,"Value":4116},{"Length":17,"Height":15,"Demand":0,"DemandMax":4,"Value":510},{"Length":43,"Height":25,"Demand":0,"DemandMax":4,"Value":2150},{"Length":18,"Height":33,"Demand":0,"DemandMax":4,"Value":594},{"Length":9,"Height":12,"Demand":0,"DemandMax":4,"Value":108},{"Length":17,"Height":86,"Demand":0,"DemandMax":4,"Value":2924},{"Length":53,"Height":54,"Demand":0,"DemandMax":4,"Value":2862},{"Length":74,"Height":76,"Demand":0,"DemandMax":4,"Value":11248},{"Length":32,"Height":80,"Demand":0,"DemandMax":4,"Value":7680},{"Length":34,"Height":45,"Demand":0,"DemandMax":4,"Value":4590},{"Length":39,"Height":44,"Demand":0,"DemandMax":4,"Value":5148},{"Length":82,"Height":59,"Demand":0,"DemandMax":4,"Value":9676},{"Length":16,"Height":14,"Demand":0,"DemandMax":4,"Value":448},{"Length":14,"Height":20,"Demand":0,"DemandMax":4,"Value":840},{"Length":4,"Height":35,"Demand":0,"DemandMax":4,"Value":420}]}