{"Name":"ngcutfs1_26","Objects":[{"Length":100,"Height":100,"Stock":null,"Cost":10000}],"Items":[{"Length":75,"Height":82,"Demand":0,"DemandMax":4,"Value":12300},{"Length":34,"Height":89,"Demand":0,"DemandMax":4,"Value":9078},{"Length":50,"Height":82,"Demand":0,"DemandMax":4,"Value":4100},{"Length":35,"Height":92,"Demand":0,"DemandMax":4,"Value":9660},{"Length":37,"Height":15,"Demand":0,"DemandMax":4,"Value":1110},{"Length":25,"Height":2,"Demand":0,"DemandMax":4,"Value":50},{"Length":22,"Height":41,"Demand":0,"DemandMax":4,"Value":1804},{"Length":21,"Height":4,"Demand":0,"DemandMax":4,"Value":168},{"Length":40,"Height":43,"Demand":0,"DemandMax":4,"Value":3440},{"Length":95,"Height":32,"Demand":0,"DemandMax":4,"Value":3040},{"Length":46,"Height":78,"Demand":0,"DemandMax":4,"Value":10764},{"Length":80,"Height":38,"Demand":0,"DemandMax":4,"Value":9120},{"Length":46,"Height":46,"Demand":0,"DemandMax":4,"Value":4232},{"Length":20,"Height":33,"Demand":0,"DemandMax":4,"Value":1980},{"Length":35,"Height":2,"Demand":0,"DemandMax":4,"Value":210},{"Length":23,"Height":38,"Demand":0,"DemandMax":4,"Value":874},{"Length":80,"Height":16,"Demand":0,"DemandMax":8,"Value":2560},{"Length":27,"Height":81,"Demand":0,"DemandMax":4,"Value":2187},{"Length":79,"Height":37,"Demand":0,"DemandMax":4,"Value":8769},{"Length":93,"Height":94,"Demand":0,"DemandMax":4,"Value":26226},{"Length":36,"Height":48,"Demand":0,"DemandMax":4,"Value":3456},{"Length":81,"Height":19,"Demand":0,"DemandMax":4,"Value":4617},{"Length":2,"Height":85,"Demand":0,"DemandMax":4,"Value":170},{"Length":25,"Height":76,"Demand":0,"DemandMax":4,"Value":1900},{"Length":14,"Height":38,"Demand":0,"DemandMax":4,"Value":532},{"Length":82,"Height":29,"Demand":0,"DemandMax":4,"Value":4756},{"Length":89,"Height":73,"Demand":0,"DemandMax":4,"Value":19491},{"Length":86,"Height":52,"Demand":0,"DemandMax":4,"Value":8944},{"Length":82,"Height":41,"Demand":0,"DemandMax":4,"Value":3362},{"Length":51,"Height":62,"Demand":0,"DemandMax":4,"Value":9486},{"Length":91,"Height":45,"Demand":0,"DemandMax":4,"Value":12285},{"Length":12,"Height":48,"Demand":0,"DemandMax":4,"Value":576},{"Length":97,"Height":94,"Demand":0,"DemandMax":4,"Value":9118},{"Length":81,"Height":48,"Demand":0,"DemandMax":4,"Value":7776},{"Length":85,"Height":16,"Demand":0,"DemandMax":4,"Value":1360},{"Length":4,"Height":19,"Demand":0,"DemandMax":4,"Value":228},{"Length":17,"Height":41,"Demand":0,"DemandMax":4,"Value":697},{"Length":27,"Height":40,"Demand":0,"DemandMax":4,"Value":2160},{"Length":35,"Height":44,"Demand":0,"DemandMax":4,"Value":1540}]}