{"Name":"ngcutfs1_108","Objects":[{"Length":100,"Height":100,"Stock":null,"Cost":10000}],"Items":[{"Length":24,"Height":94,"Demand":0,"DemandMax":3,"Value":4512},{"Length":39,"Height":50,"Demand":0,"DemandMax":3,"Value":5850},{"Length":81,"Height":53,"Demand":0,"DemandMax":3,"Value":12879},{"Length":2,"Height":80,"Demand":0,"DemandMax":3,"Value":480},{"Length":75,"Height":66,"Demand":0,"DemandMax":3,"Value":4950},{"Length":83,"Height":19,"Demand":0,"DemandMax":3,"Value":3154},{"Length":76,"Height":48,"Demand":0,"DemandMax":3,"Value":7296},{"Length":17,"Height":42,"Demand":0,"DemandMax":3,"Value":2142},{"Length":5,"Height":85,"Demand":0,"DemandMax":3,"Value":1275},{"Length":4,"Height":98,"Demand":0,"DemandMax":3,"Value":392},{"Length":44,"Height":86,"Demand":0,"DemandMax":3,"Value":11352},{"Length":76,"Height":22,"Demand":0,"DemandMax":3,"Value":5016},{"Length":33,"Height":26,"Demand":0,"DemandMax":3,"Value":858},{"Length":25,"Height":89,"Demand":0,"DemandMax":3,"Value":6675},{"Length":3,"Height":36,"Demand":0,"DemandMax":3,"Value":108},{"Length":93,"Height":26,"Demand":0,"DemandMax":3,"Value":2418},{"Length":96,"Height":82,"Demand":0,"DemandMax":3,"Value":7872},{"Length":37,"Height":6,"Demand":0,"DemandMax":3,"Value":222},{"Length":16,"Height":81,"Demand":0,"DemandMax":3,"Value":1296},{"Length":85,"Height":7,"Demand":0,"DemandMax":3,"Value":1190},{"Length":17,"Height":10,"Demand":0,"DemandMax":3,"Value":340},{"Length":10,"Height":8,"Demand":0,"DemandMax":3,"Value":160},{"Length":90,"Height":5,"Demand":0,"DemandMax":3,"Value":450},{"Length":71,"Height":88,"Demand":0,"DemandMax":3,"Value":6248},{"Length":5,"Height":9,"Demand":0,"DemandMax":3,"Value":90},{"Length":10,"Height":79,"Demand":0,"DemandMax":3,"Value":2370},{"Length":25,"Height":7,"Demand":0,"DemandMax":3,"Value":350},{"Length":23,"Height":16,"Demand":0,"DemandMax":3,"Value":368},{"Length":20,"Height":20,"Demand":0,"DemandMax":3,"Value":800},{"Length":12,"Height":42,"Demand":0,"DemandMax":3,"Value":504},{"Length":70,"Height":89,"Demand":0,"DemandMax":3,"Value":18690},{"Length":32,"Height":83,"Demand":0,"DemandMax":3,"Value":5312},{"Length":92,"Height":40,"Demand":0,"DemandMax":6,"Value":11040},{"Length":83,"Height":53,"Demand":0,"DemandMax":3,"Value":13197},{"Length":17,"Height":5,"Demand":0,"DemandMax":3,"Value":255},{"Length":93,"Height":44,"Demand":0,"DemandMax":3,"Value":4092},{"Length":8,"Height":44,"Demand":0,"DemandMax":3,"Value":1056},{"Length":45,"Height":83,"Demand":0,"DemandMax":3,"Value":3735},{"Length":47,"Height":79,"Demand":0,"DemandMax":3,"Value":3713},{"Length":68,"Height":91,"Demand":0,"DemandMax":3,"Value":12376},{"Length":11,"Height":7,"Demand":0,"DemandMax":3,"Value":154},{"Length":100,"Height":16,"Demand":0,"DemandMax":3,"Value":1600},{"Length":20,"Height":11,"Demand":0,"DemandMax":3,"Value":660},{"Length":59,"Height":95,"Demand":0,"DemandMax":3,"Value":5605},{"Length":50,"Height":77,"Demand":0,"DemandMax":3,"Value":7700},{"Length":65,"Height":54,"Demand":0,"DemandMax":3,"Value":3510},{"Length":85,"Height":87,"Demand":0,"DemandMax":3,"Value":14790},{"Length":92,"Height":29,"Demand":0,"DemandMax":3,"Value":8004},{"Length":11,"Height":24,"Demand":0,"DemandMax":3,"Value":792},{"Length":40,"Height":46,"Demand":0,"DemandMax":3,"Value":5520},{"Length":9,"Height":7,"Demand":0,"DemandMax":3,"Value":189},{"Length":81,"Height":50,"Demand":0,"DemandMax":3,"Value":12150},{"Length":32,"Height":32,"Demand":0,"DemandMax":3,"Value":2048},{"Length":88,"Height":96,"Demand":0,"DemandMax":3,"Value":16896},{"Length":92,"Height":41,"Demand":0,"DemandMax":3,"Value":7544},{"Length":46,"Height":100,"Demand":0,"DemandMax":3,"Value":9200},{"Length":20,"Height":31,"Demand":0,"DemandMax":3,"Value":1860},{"Length":46,"Height":96,"Demand":0,"DemandMax":3,"Value":4416},{"Length":40,"Height":81,"Demand":0,"DemandMax":3,"Value":9720},{"Length":62,"Height":94,"Demand":0,"DemandMax":3,"Value":5828},{"Length":43,"Height":16,"Demand":0,"DemandMax":3,"Value":1376},{"Length":49,"Height":22,"Demand":0,"DemandMax":3,"Value":2156},{"Length":13,"Height":9,"Demand":0,"DemandMax":3,"Value":234},{"Length":74,"Height":97,"Demand":0,"DemandMax":3,"Value":21534},{"Length":79,"Height":19,"Demand":0,"DemandMax":3,"Value":1501},{"Length":76,"Height":17,"Demand":0,"DemandMax":3,"Value":2584},{"Length":40,"Height":14,"Demand":0,"DemandMax":3,"Value":560},{"Length":9,"Height":85,"Demand":0,"DemandMax":3,"Value":765},{"Length":50,"Height":99,"Demand":0,"DemandMax":3,"Value":9900},{"Length":34,"Height":16,"Demand":0,"DemandMax":3,"Value":544},{"Length":77,"Height":50,"Demand":0,"DemandMax":3,"Value":3850},{"Length":23,"Height":16,"Demand":0,"DemandMax":3,"Value":736},{"Length":31,"Height":98,"Demand":0,"DemandMax":3,"Value":9114},{"Length":82,"Height":100,"Demand":0,"DemandMax":3,"Value":24600},{"Length":99,"Height":10,"Demand":0,"DemandMax":3,"Value":990},{"Length":34,"Height":87,"Demand":0,"DemandMax":3,"Value":5916},{"Length":99,"Height":95,"Demand":0,"DemandMax":3,"Value":18810},{"Length":89,"Height":9,"Demand":0,"DemandMax":3,"Value":801},{"Length":19,"Height":11,"Demand":0,"DemandMax":3,"Value":627},{"Length":33,"Height":82,"Demand":0,"DemandMax":3,"Value":8118},{"Length":12,"Height":36,"Demand":0,"DemandMax":3,"Value":432},{"Length":38,"Height":96,"Demand":0,"DemandMax":3,"Value":7296},{"Length":69,"Height":89,"Demand":0,"DemandMax":3,"Value":6141},{"Length":32,"Height":23,"Demand":0,"DemandMax":3,"Value":736},{"Length":9,"Height":27,"Demand":0,"DemandMax":3,"Value":729},{"Length":15,"Height":33,"Demand":0,"DemandMax":3,"Value":990},{"Length":23,"Height":98,"Demand":0,"DemandMax":3,"Value":4508},{"Length":50,"Height":5,"Demand":0,"DemandMax":3,"Value":250},{"Length":13,"Height":16,"Demand":0,"DemandMax":3,"Value":208},{"Length":38,"Height":37,"Demand":0,"DemandMax":3,"Value":1406},{"Length":99,"Height":29,"Demand":0,"DemandMax":3,"Value":5742},{"Length":3,"Height":32,"Demand":0,"DemandMax":3,"Value":288},{"Length":76,"Height":25,"Demand":0,"DemandMax":3,"Value":1900},{"Length":95,"Height":87,"Demand":0,"DemandMax":3,"Value":24795},{"Length":46,"Height":80,"Demand":0,"DemandMax":3,"Value":7360},{"Length":96,"Height":52,"Demand":0,"DemandMax":3,"Value":4992},{"Length":14,"Height":98,"Demand":0,"DemandMax":3,"Value":2744},{"Length":22,"Height":27,"Demand":0,"DemandMax":3,"Value":1782},{"Length":55,"Height":83,"Demand":0,"DemandMax":3,"Value":9130},{"Length":39,"Height":34,"Demand":0,"DemandMax":3,"Value":1326},{"Length":55,"Height":64,"Demand":0,"DemandMax":3,"Value":3520},{"Length":5,"Height":94,"Demand":0,"DemandMax":3,"Value":940},{"Length":22,"Height":96,"Demand":0,"DemandMax":3,"Value":4224},{"Length":60,"Height":83,"Demand":0,"DemandMax":3,"Value":14940},{"Length":28,"Height":33,"Demand":0,"DemandMax":3,"Value":924},{"Length":72,"Height":96,"Demand":0,"DemandMax":3,"Value":20736},{"Length":88,"Height":2,"Demand":0,"DemandMax":3,"Value":352},{"Length":87,"Height":6,"Demand":0,"DemandMax":3,"Value":1566},{"Length":42,"Height":78,"Demand":0,"DemandMax":3,"Value":6552},{"Length":42,"Height":37,"Demand":0,"DemandMax":3,"Value":3108},{"Length":21,"Height":17,"Demand":0,"DemandMax":3,"Value":714},{"Length":45,"Height":20,"Demand":0,"DemandMax":3,"Value":900},{"Length":96,"Height":9,"Demand":0,"DemandMax":3,"Value":1728},{"Length":27,"Height":93,"Demand":0,"DemandMax":3,"Value":2511},{"Length":73,"Height":95,"Demand":0,"DemandMax":3,"Value":13870},{"Length":24,"Height":15,"Demand":0,"DemandMax":3,"Value":720},{"Length":97,"Height":49,"Demand":0,"DemandMax":3,"Value":4753},{"Length":81,"Height":39,"Demand":0,"DemandMax":3,"Value":9477},{"Length":14,"Height":37,"Demand":0,"DemandMax":3,"Value":1554},{"Length":43,"Height":17,"Demand":0,"DemandMax":3,"Value":731},{"Length":92,"Height":47,"Demand":0,"DemandMax":3,"Value":4324},{"Length":27,"Height":40,"Demand":0,"DemandMax":3,"Value":3240},{"Length":28,"Height":90,"Demand":0,"DemandMax":3,"Value":5040},{"Length":90,"Height":51,"Demand":0,"DemandMax":3,"Value":4590},{"Length":3,"Height":92,"Demand":0,"DemandMax":3,"Value":552},{"Length":12,"Height":43,"Demand":0,"DemandMax":3,"Value":1548},{"Length":5,"Height":78,"Demand":0,"DemandMax":3,"Value":780},{"Length":11,"Height":11,"Demand":0,"DemandMax":3,"Value":121},{"Length":39,"Height":35,"Demand":0,"DemandMax":3,"Value":1365},{"Length":8,"Height":17,"Demand":0,"DemandMax":3,"Value":408},{"Length":53,"Height":100,"Demand":0,"DemandMax":3,"Value":15900},{"Length":39,"Height":76,"Demand":0,"DemandMax":3,"Value":2964},{"Length":94,"Height":75,"Demand":0,"DemandMax":3,"Value":14100},{"Length":28,"Height":23,"Demand":0,"DemandMax":3,"Value":1288},{"Length":26,"Height":86,"Demand":0,"DemandMax":3,"Value":2236},{"Length":89,"Height":24,"Demand":0,"DemandMax":3,"Value":6408},{"Length":10,"Height":15,"Demand":0,"DemandMax":3,"Value":450},{"Length":12,"Height":43,"Demand":0,"DemandMax":3,"Value":1032},{"Length":99,"Height":91,"Demand":0,"DemandMax":3,"Value":9009},{"Length":2,"Height":30,"Demand":0,"DemandMax":3,"Value":180},{"Length":33,"Height":45,"Demand":0,"DemandMax":3,"Value":4455},{"Length":91,"Height":13,"Demand":0,"DemandMax":3,"Value":2366},{"Length":20,"Height":100,"Demand":0,"DemandMax":3,"Value":6000},{"Length":14,"Height":79,"Demand":0,"DemandMax":3,"Value":1106},{"Length":78,"Height":38,"Demand":0,"DemandMax":3,"Value":2964},{"Length":6,"Height":21,"Demand":0,"DemandMax":3,"Value":126},{"Length":18,"Height":3,"Demand":0,"DemandMax":3,"Value":54},{"Length":17,"Height":18,"Demand":0,"DemandMax":3,"Value":918},{"Length":41,"Height":16,"Demand":0,"DemandMax":3,"Value":1968}]}