{"Name":"ngcutfs2_102","Objects":[{"Length":100,"Height":100,"Stock":null,"Cost":10000}],"Items":[{"Length":6,"Height":5,"Demand":0,"DemandMax":3,"Value":90},{"Length":18,"Height":97,"Demand":0,"DemandMax":3,"Value":1746},{"Length":88,"Height":53,"Demand":0,"DemandMax":3,"Value":9328},{"Length":34,"Height":79,"Demand":0,"DemandMax":3,"Value":8058},{"Length":6,"Height":15,"Demand":0,"DemandMax":3,"Value":180},{"Length":24,"Height":30,"Demand":0,"DemandMax":3,"Value":720},{"Length":48,"Height":10,"Demand":0,"DemandMax":3,"Value":1440},{"Length":15,"Height":41,"Demand":0,"DemandMax":3,"Value":615},{"Length":97,"Height":32,"Demand":0,"DemandMax":3,"Value":6208},{"Length":18,"Height":99,"Demand":0,"DemandMax":3,"Value":5346},{"Length":3,"Height":19,"Demand":0,"DemandMax":3,"Value":57},{"Length":7,"Height":42,"Demand":0,"DemandMax":3,"Value":294},{"Length":37,"Height":3,"Demand":0,"DemandMax":3,"Value":333},{"Length":3,"Height":12,"Demand":0,"DemandMax":3,"Value":36},{"Length":98,"Height":73,"Demand":0,"DemandMax":3,"Value":21462},{"Length":15,"Height":80,"Demand":0,"DemandMax":3,"Value":2400},{"Length":9,"Height":11,"Demand":0,"DemandMax":3,"Value":198},{"Length":84,"Height":87,"Demand":0,"DemandMax":3,"Value":7308},{"Length":38,"Height":10,"Demand":0,"DemandMax":3,"Value":380},{"Length":65,"Height":94,"Demand":0,"DemandMax":3,"Value":12220},{"Length":18,"Height":97,"Demand":0,"DemandMax":3,"Value":3492},{"Length":66,"Height":88,"Demand":0,"DemandMax":3,"Value":11616},{"Length":93,"Height":38,"Demand":0,"DemandMax":3,"Value":3534},{"Length":93,"Height":9,"Demand":0,"DemandMax":3,"Value":1674},{"Length":53,"Height":78,"Demand":0,"DemandMax":3,"Value":4134},{"Length":50,"Height":82,"Demand":0,"DemandMax":3,"Value":12300},{"Length":34,"Height":10,"Demand":0,"DemandMax":3,"Value":1020},{"Length":100,"Height":46,"Demand":0,"DemandMax":3,"Value":9200},{"Length":28,"Height":83,"Demand":0,"DemandMax":3,"Value":2324},{"Length":24,"Height":14,"Demand":0,"DemandMax":3,"Value":672},{"Length":30,"Height":45,"Demand":0,"DemandMax":3,"Value":4050},{"Length":37,"Height":96,"Demand":0,"DemandMax":3,"Value":3552},{"Length":20,"Height":32,"Demand":0,"DemandMax":3,"Value":1280},{"Length":3,"Height":94,"Demand":0,"DemandMax":3,"Value":564},{"Length":5,"Height":39,"Demand":0,"DemandMax":3,"Value":390},{"Length":35,"Height":32,"Demand":0,"DemandMax":3,"Value":2240},{"Length":4,"Height":45,"Demand":0,"DemandMax":3,"Value":360},{"Length":25,"Height":14,"Demand":0,"DemandMax":3,"Value":350},{"Length":24,"Height":36,"Demand":0,"DemandMax":3,"Value":1728},{"Length":89,"Height":55,"Demand":0,"DemandMax":3,"Value":14685},{"Length":9,"Height":76,"Demand":0,"DemandMax":3,"Value":2052},{"Length":5,"Height":89,"Demand":0,"DemandMax":3,"Value":1335},{"Length":24,"Height":95,"Demand":0,"DemandMax":3,"Value":6840},{"Length":27,"Height":40,"Demand":0,"DemandMax":3,"Value":1080},{"Length":14,"Height":26,"Demand":0,"DemandMax":3,"Value":1092},{"Length":8,"Height":6,"Demand":0,"DemandMax":3,"Value":96},{"Length":21,"Height":42,"Demand":0,"DemandMax":3,"Value":1764},{"Length":46,"Height":43,"Demand":0,"DemandMax":3,"Value":1978},{"Length":81,"Height":89,"Demand":0,"DemandMax":3,"Value":7209},{"Length":50,"Height":45,"Demand":0,"DemandMax":3,"Value":6750},{"Length":56,"Height":57,"Demand":0,"DemandMax":3,"Value":9576},{"Length":44,"Height":79,"Demand":0,"DemandMax":3,"Value":3476},{"Length":26,"Height":13,"Demand":0,"DemandMax":3,"Value":338},{"Length":29,"Height":5,"Demand":0,"DemandMax":3,"Value":435},{"Length":43,"Height":36,"Demand":0,"DemandMax":3,"Value":4644},{"Length":41,"Height":41,"Demand":0,"DemandMax":3,"Value":1681},{"Length":50,"Height":47,"Demand":0,"DemandMax":3,"Value":7050},{"Length":37,"Height":8,"Demand":0,"DemandMax":3,"Value":592},{"Length":46,"Height":83,"Demand":0,"DemandMax":3,"Value":11454},{"Length":4,"Height":81,"Demand":0,"DemandMax":3,"Value":972},{"Length":94,"Height":48,"Demand":0,"DemandMax":3,"Value":9024},{"Length":92,"Height":14,"Demand":0,"DemandMax":3,"Value":2576},{"Length":33,"Height":48,"Demand":0,"DemandMax":3,"Value":3168},{"Length":22,"Height":2,"Demand":0,"DemandMax":3,"Value":88},{"Length":12,"Height":32,"Demand":0,"DemandMax":3,"Value":1152},{"Length":63,"Height":70,"Demand":0,"DemandMax":3,"Value":13230},{"Length":33,"Height":16,"Demand":0,"DemandMax":3,"Value":528},{"Length":100,"Height":92,"Demand":0,"DemandMax":3,"Value":9200},{"Length":23,"Height":27,"Demand":0,"DemandMax":3,"Value":1242},{"Length":20,"Height":7,"Demand":0,"DemandMax":3,"Value":140},{"Length":99,"Height":74,"Demand":0,"DemandMax":3,"Value":21978},{"Length":93,"Height":27,"Demand":0,"DemandMax":3,"Value":2511},{"Length":36,"Height":43,"Demand":0,"DemandMax":3,"Value":3096},{"Length":97,"Height":38,"Demand":0,"DemandMax":3,"Value":3686},{"Length":43,"Height":14,"Demand":0,"DemandMax":3,"Value":1204},{"Length":23,"Height":18,"Demand":0,"DemandMax":3,"Value":828},{"Length":44,"Height":97,"Demand":0,"DemandMax":3,"Value":8536},{"Length":10,"Height":29,"Demand":0,"DemandMax":3,"Value":580},{"Length":38,"Height":23,"Demand":0,"DemandMax":3,"Value":2622},{"Length":81,"Height":47,"Demand":0,"DemandMax":3,"Value":3807},{"Length":3,"Height":43,"Demand":0,"DemandMax":3,"Value":258},{"Length":48,"Height":36,"Demand":0,"DemandMax":3,"Value":1728},{"Length":49,"Height":30,"Demand":0,"DemandMax":3,"Value":2940},{"Length":57,"Height":80,"Demand":0,"DemandMax":3,"Value":4560},{"Length":5,"Height":78,"Demand":0,"DemandMax":3,"Value":1170},{"Length":92,"Height":27,"Demand":0,"DemandMax":3,"Value":4968},{"Length":47,"Height":43,"Demand":0,"DemandMax":3,"Value":6063},{"Length":78,"Height":44,"Demand":0,"DemandMax":3,"Value":6864},{"Length":87,"Height":47,"Demand":0,"DemandMax":3,"Value":8178},{"Length":8,"Height":21,"Demand":0,"DemandMax":3,"Value":504},{"Length":97,"Height":54,"Demand":0,"DemandMax":3,"Value":10476},{"Length":33,"Height":19,"Demand":0,"DemandMax":3,"Value":1254},{"Length":73,"Height":60,"Demand":0,"DemandMax":3,"Value":4380},{"Length":21,"Height":28,"Demand":0,"DemandMax":3,"Value":1764},{"Length":93,"Height":38,"Demand":0,"DemandMax":3,"Value":10602},{"Length":75,"Height":56,"Demand":0,"DemandMax":3,"Value":8400},{"Length":27,"Height":8,"Demand":0,"DemandMax":3,"Value":432},{"Length":88,"Height":14,"Demand":0,"DemandMax":3,"Value":1232},{"Length":95,"Height":28,"Demand":0,"DemandMax":3,"Value":5320},{"Length":77,"Height":36,"Demand":0,"DemandMax":3,"Value":5544},{"Length":44,"Height":91,"Demand":0,"DemandMax":3,"Value":4004},{"Length":48,"Height":38,"Demand":0,"DemandMax":3,"Value":5472},{"Length":54,"Height":59,"Demand":0,"DemandMax":3,"Value":6372},{"Length":5,"Height":31,"Demand":0,"DemandMax":3,"Value":465},{"Length":12,"Height":38,"Demand":0,"DemandMax":3,"Value":912},{"Length":27,"Height":29,"Demand":0,"DemandMax":3,"Value":2349},{"Length":82,"Height":25,"Demand":0,"DemandMax":3,"Value":2050},{"Length":33,"Height":6,"Demand":0,"DemandMax":3,"Value":594},{"Length":2,"Height":12,"Demand":0,"DemandMax":3,"Value":48},{"Length":12,"Height":25,"Demand":0,"DemandMax":3,"Value":900},{"Length":12,"Height":82,"Demand":0,"DemandMax":3,"Value":2952},{"Length":2,"Height":97,"Demand":0,"DemandMax":3,"Value":582},{"Length":31,"Height":44,"Demand":0,"DemandMax":3,"Value":4092},{"Length":16,"Height":27,"Demand":0,"DemandMax":3,"Value":1296},{"Length":7,"Height":89,"Demand":0,"DemandMax":3,"Value":1246},{"Length":47,"Height":30,"Demand":0,"DemandMax":3,"Value":2820},{"Length":39,"Height":5,"Demand":0,"DemandMax":3,"Value":585},{"Length":86,"Height":59,"Demand":0,"DemandMax":3,"Value":10148},{"Length":19,"Height":95,"Demand":0,"DemandMax":3,"Value":3610},{"Length":16,"Height":77,"Demand":0,"DemandMax":3,"Value":1232},{"Length":29,"Height":38,"Demand":0,"DemandMax":3,"Value":3306},{"Length":14,"Height":24,"Demand":0,"DemandMax":3,"Value":1008},{"Length":25,"Height":44,"Demand":0,"DemandMax":3,"Value":1100},{"Length":30,"Height":49,"Demand":0,"DemandMax":3,"Value":2940},{"Length":63,"Height":56,"Demand":0,"DemandMax":3,"Value":7056},{"Length":80,"Height":15,"Demand":0,"DemandMax":3,"Value":3600},{"Length":33,"Height":44,"Demand":0,"DemandMax":3,"Value":2904},{"Length":16,"Height":4,"Demand":0,"DemandMax":3,"Value":128},{"Length":38,"Height":9,"Demand":0,"DemandMax":3,"Value":342},{"Length":94,"Height":46,"Demand":0,"DemandMax":3,"Value":8648},{"Length":9,"Height":100,"Demand":0,"DemandMax":3,"Value":900},{"Length":32,"Height":99,"Demand":0,"DemandMax":3,"Value":9504},{"Length":85,"Height":52,"Demand":0,"DemandMax":3,"Value":8840},{"Length":44,"Height":96,"Demand":0,"DemandMax":3,"Value":12672},{"Length":16,"Height":100,"Demand":0,"DemandMax":3,"Value":4800},{"Length":46,"Height":98,"Demand":0,"DemandMax":3,"Value":13524},{"Length":62,"Height":61,"Demand":0,"DemandMax":3,"Value":7564},{"Length":49,"Height":50,"Demand":0,"DemandMax":3,"Value":2450},{"Length":91,"Height":15,"Demand":0,"DemandMax":3,"Value":2730},{"Length":31,"Height":32,"Demand":0,"DemandMax":3,"Value":1984},{"Length":30,"Height":8,"Demand":0,"DemandMax":3,"Value":480},{"Length":26,"Height":50,"Demand":0,"DemandMax":3,"Value":2600},{"Length":59,"Height":51,"Demand":0,"DemandMax":3,"Value":3009},{"Length":78,"Height":2,"Demand":0,"DemandMax":3,"Value":156},{"Length":31,"Height":48,"Demand":0,"DemandMax":3,"Value":4464},{"Length":10,"Height":15,"Demand":0,"DemandMax":3,"Value":450},{"Length":48,"Height":34,"Demand":0,"DemandMax":3,"Value":4896},{"Length":31,"Height":18,"Demand":0,"DemandMax":3,"Value":558},{"Length":50,"Height":49,"Demand":0,"DemandMax":3,"Value":4900},{"Length":53,"Height":52,"Demand":0,"DemandMax":3,"Value":5512}]}