{"Name":"ngcutfs1_166","Objects":[{"Length":100,"Height":100,"Stock":null,"Cost":10000}],"Items":[{"Length":12,"Height":32,"Demand":0,"DemandMax":3,"Value":384},{"Length":40,"Height":32,"Demand":0,"DemandMax":3,"Value":2560},{"Length":43,"Height":91,"Demand":0,"DemandMax":3,"Value":7826},{"Length":21,"Height":20,"Demand":0,"DemandMax":3,"Value":420},{"Length":76,"Height":71,"Demand":0,"DemandMax":3,"Value":16188},{"Length":40,"Height":13,"Demand":0,"DemandMax":3,"Value":520},{"Length":10,"Height":49,"Demand":0,"DemandMax":3,"Value":980},{"Length":6,"Height":88,"Demand":0,"DemandMax":6,"Value":528},{"Length":3,"Height":46,"Demand":0,"DemandMax":3,"Value":138},{"Length":11,"Height":84,"Demand":0,"DemandMax":3,"Value":1848},{"Length":87,"Height":42,"Demand":0,"DemandMax":3,"Value":3654},{"Length":96,"Height":30,"Demand":0,"DemandMax":3,"Value":5760},{"Length":92,"Height":93,"Demand":0,"DemandMax":3,"Value":8556},{"Length":10,"Height":23,"Demand":0,"DemandMax":3,"Value":460},{"Length":76,"Height":81,"Demand":0,"DemandMax":3,"Value":18468},{"Length":39,"Height":17,"Demand":0,"DemandMax":3,"Value":1326},{"Length":77,"Height":13,"Demand":0,"DemandMax":3,"Value":1001},{"Length":29,"Height":5,"Demand":0,"DemandMax":3,"Value":290},{"Length":44,"Height":41,"Demand":0,"DemandMax":3,"Value":5412},{"Length":100,"Height":75,"Demand":0,"DemandMax":3,"Value":15000},{"Length":31,"Height":10,"Demand":0,"DemandMax":3,"Value":310},{"Length":20,"Height":99,"Demand":0,"DemandMax":3,"Value":3960},{"Length":79,"Height":96,"Demand":0,"DemandMax":3,"Value":7584},{"Length":91,"Height":31,"Demand":0,"DemandMax":3,"Value":2821},{"Length":76,"Height":21,"Demand":0,"DemandMax":3,"Value":3192},{"Length":10,"Height":8,"Demand":0,"DemandMax":3,"Value":80},{"Length":27,"Height":17,"Demand":0,"DemandMax":3,"Value":459},{"Length":16,"Height":11,"Demand":0,"DemandMax":3,"Value":528},{"Length":43,"Height":6,"Demand":0,"DemandMax":3,"Value":516},{"Length":91,"Height":18,"Demand":0,"DemandMax":6,"Value":1638},{"Length":48,"Height":37,"Demand":0,"DemandMax":3,"Value":1776},{"Length":25,"Height":14,"Demand":0,"DemandMax":3,"Value":350},{"Length":51,"Height":51,"Demand":0,"DemandMax":3,"Value":5202},{"Length":39,"Height":81,"Demand":0,"DemandMax":6,"Value":3159},{"Length":46,"Height":84,"Demand":0,"DemandMax":3,"Value":3864},{"Length":100,"Height":35,"Demand":0,"DemandMax":3,"Value":3500},{"Length":89,"Height":100,"Demand":0,"DemandMax":3,"Value":26700},{"Length":37,"Height":4,"Demand":0,"DemandMax":3,"Value":296},{"Length":100,"Height":48,"Demand":0,"DemandMax":3,"Value":4800},{"Length":18,"Height":48,"Demand":0,"DemandMax":3,"Value":1728},{"Length":34,"Height":38,"Demand":0,"DemandMax":3,"Value":1292},{"Length":45,"Height":95,"Demand":0,"DemandMax":3,"Value":4275},{"Length":78,"Height":4,"Demand":0,"DemandMax":3,"Value":624},{"Length":8,"Height":11,"Demand":0,"DemandMax":3,"Value":88},{"Length":86,"Height":2,"Demand":0,"DemandMax":3,"Value":516},{"Length":64,"Height":66,"Demand":0,"DemandMax":3,"Value":4224},{"Length":76,"Height":64,"Demand":0,"DemandMax":3,"Value":4864},{"Length":23,"Height":38,"Demand":0,"DemandMax":3,"Value":2622},{"Length":24,"Height":80,"Demand":0,"DemandMax":3,"Value":3840},{"Length":88,"Height":42,"Demand":0,"DemandMax":3,"Value":11088},{"Length":51,"Height":57,"Demand":0,"DemandMax":3,"Value":2907},{"Length":41,"Height":33,"Demand":0,"DemandMax":3,"Value":2706},{"Length":30,"Height":83,"Demand":0,"DemandMax":3,"Value":2490},{"Length":36,"Height":50,"Demand":0,"DemandMax":3,"Value":1800},{"Length":63,"Height":96,"Demand":0,"DemandMax":3,"Value":6048},{"Length":38,"Height":5,"Demand":0,"DemandMax":3,"Value":190},{"Length":85,"Height":29,"Demand":0,"DemandMax":3,"Value":2465},{"Length":92,"Height":64,"Demand":0,"DemandMax":3,"Value":5888},{"Length":35,"Height":26,"Demand":0,"DemandMax":3,"Value":1820},{"Length":80,"Height":50,"Demand":0,"DemandMax":3,"Value":4000},{"Length":47,"Height":41,"Demand":0,"DemandMax":3,"Value":5781},{"Length":96,"Height":14,"Demand":0,"DemandMax":3,"Value":4032},{"Length":34,"Height":44,"Demand":0,"DemandMax":3,"Value":4488},{"Length":30,"Height":34,"Demand":0,"DemandMax":3,"Value":3060},{"Length":42,"Height":36,"Demand":0,"DemandMax":3,"Value":1512},{"Length":92,"Height":11,"Demand":0,"DemandMax":3,"Value":1012},{"Length":28,"Height":42,"Demand":0,"DemandMax":6,"Value":3528},{"Length":95,"Height":43,"Demand":0,"DemandMax":3,"Value":12255},{"Length":18,"Height":50,"Demand":0,"DemandMax":3,"Value":1800},{"Length":22,"Height":39,"Demand":0,"DemandMax":3,"Value":858},{"Length":8,"Height":77,"Demand":0,"DemandMax":3,"Value":1232},{"Length":16,"Height":18,"Demand":0,"DemandMax":3,"Value":576},{"Length":34,"Height":96,"Demand":0,"DemandMax":3,"Value":6528},{"Length":81,"Height":97,"Demand":0,"DemandMax":3,"Value":15714},{"Length":38,"Height":86,"Demand":0,"DemandMax":3,"Value":3268},{"Length":47,"Height":77,"Demand":0,"DemandMax":3,"Value":3619},{"Length":22,"Height":34,"Demand":0,"DemandMax":6,"Value":1496},{"Length":58,"Height":85,"Demand":0,"DemandMax":3,"Value":14790},{"Length":37,"Height":22,"Demand":0,"DemandMax":3,"Value":1628},{"Length":29,"Height":34,"Demand":0,"DemandMax":3,"Value":2958},{"Length":46,"Height":76,"Demand":0,"DemandMax":3,"Value":3496},{"Length":60,"Height":99,"Demand":0,"DemandMax":3,"Value":5940},{"Length":21,"Height":33,"Demand":0,"DemandMax":3,"Value":1386},{"Length":27,"Height":44,"Demand":0,"DemandMax":3,"Value":2376},{"Length":99,"Height":25,"Demand":0,"DemandMax":3,"Value":7425},{"Length":35,"Height":13,"Demand":0,"DemandMax":3,"Value":455},{"Length":7,"Height":50,"Demand":0,"DemandMax":3,"Value":1050},{"Length":92,"Height":19,"Demand":0,"DemandMax":3,"Value":1748},{"Length":97,"Height":49,"Demand":0,"DemandMax":3,"Value":4753},{"Length":83,"Height":24,"Demand":0,"DemandMax":3,"Value":1992},{"Length":29,"Height":39,"Demand":0,"DemandMax":3,"Value":1131},{"Length":32,"Height":97,"Demand":0,"DemandMax":3,"Value":6208},{"Length":7,"Height":32,"Demand":0,"DemandMax":3,"Value":224},{"Length":54,"Height":53,"Demand":0,"DemandMax":3,"Value":5724},{"Length":87,"Height":52,"Demand":0,"DemandMax":3,"Value":13572},{"Length":88,"Height":26,"Demand":0,"DemandMax":3,"Value":4576},{"Length":14,"Height":50,"Demand":0,"DemandMax":3,"Value":700},{"Length":29,"Height":7,"Demand":0,"DemandMax":3,"Value":406},{"Length":78,"Height":20,"Demand":0,"DemandMax":3,"Value":3120},{"Length":16,"Height":49,"Demand":0,"DemandMax":3,"Value":1568},{"Length":44,"Height":32,"Demand":0,"DemandMax":3,"Value":4224},{"Length":37,"Height":47,"Demand":0,"DemandMax":3,"Value":1739},{"Length":46,"Height":19,"Demand":0,"DemandMax":3,"Value":1748},{"Length":3,"Height":88,"Demand":0,"DemandMax":3,"Value":792},{"Length":44,"Height":10,"Demand":0,"DemandMax":3,"Value":1320},{"Length":87,"Height":97,"Demand":0,"DemandMax":3,"Value":16878},{"Length":93,"Height":86,"Demand":0,"DemandMax":3,"Value":15996},{"Length":2,"Height":18,"Demand":0,"DemandMax":3,"Value":36},{"Length":62,"Height":56,"Demand":0,"DemandMax":3,"Value":3472},{"Length":31,"Height":85,"Demand":0,"DemandMax":3,"Value":5270},{"Length":25,"Height":7,"Demand":0,"DemandMax":3,"Value":175},{"Length":93,"Height":20,"Demand":0,"DemandMax":3,"Value":5580},{"Length":41,"Height":4,"Demand":0,"DemandMax":3,"Value":492},{"Length":13,"Height":49,"Demand":0,"DemandMax":3,"Value":1274},{"Length":99,"Height":31,"Demand":0,"DemandMax":3,"Value":6138},{"Length":50,"Height":39,"Demand":0,"DemandMax":3,"Value":1950},{"Length":59,"Height":83,"Demand":0,"DemandMax":3,"Value":4897},{"Length":69,"Height":60,"Demand":0,"DemandMax":3,"Value":4140},{"Length":58,"Height":82,"Demand":0,"DemandMax":3,"Value":9512},{"Length":93,"Height":57,"Demand":0,"DemandMax":3,"Value":15903},{"Length":85,"Height":69,"Demand":0,"DemandMax":3,"Value":11730},{"Length":94,"Height":82,"Demand":0,"DemandMax":3,"Value":23124},{"Length":27,"Height":40,"Demand":0,"DemandMax":3,"Value":1080},{"Length":27,"Height":98,"Demand":0,"DemandMax":3,"Value":5292},{"Length":32,"Height":16,"Demand":0,"DemandMax":3,"Value":1536},{"Length":100,"Height":14,"Demand":0,"DemandMax":3,"Value":1400},{"Length":42,"Height":90,"Demand":0,"DemandMax":3,"Value":3780},{"Length":11,"Height":6,"Demand":0,"DemandMax":3,"Value":132},{"Length":28,"Height":39,"Demand":0,"DemandMax":3,"Value":3276},{"Length":67,"Height":84,"Demand":0,"DemandMax":3,"Value":16884},{"Length":16,"Height":32,"Demand":0,"DemandMax":3,"Value":512},{"Length":40,"Height":37,"Demand":0,"DemandMax":3,"Value":1480},{"Length":9,"Height":12,"Demand":0,"DemandMax":3,"Value":324},{"Length":48,"Height":93,"Demand":0,"DemandMax":3,"Value":8928},{"Length":18,"Height":29,"Demand":0,"DemandMax":3,"Value":522},{"Length":89,"Height":7,"Demand":0,"DemandMax":3,"Value":1246},{"Length":38,"Height":88,"Demand":0,"DemandMax":3,"Value":10032},{"Length":94,"Height":83,"Demand":0,"DemandMax":3,"Value":23406},{"Length":68,"Height":65,"Demand":0,"DemandMax":3,"Value":13260},{"Length":92,"Height":92,"Demand":0,"DemandMax":3,"Value":16928},{"Length":8,"Height":86,"Demand":0,"DemandMax":3,"Value":1376},{"Length":85,"Height":23,"Demand":0,"DemandMax":3,"Value":5865},{"Length":94,"Height":55,"Demand":0,"DemandMax":3,"Value":10340},{"Length":4,"Height":76,"Demand":0,"DemandMax":3,"Value":304},{"Length":32,"Height":14,"Demand":0,"DemandMax":3,"Value":1344},{"Length":100,"Height":22,"Demand":0,"DemandMax":3,"Value":2200},{"Length":76,"Height":32,"Demand":0,"DemandMax":3,"Value":4864},{"Length":9,"Height":33,"Demand":0,"DemandMax":3,"Value":297},{"Length":61,"Height":82,"Demand":0,"DemandMax":3,"Value":10004},{"Length":8,"Height":37,"Demand":0,"DemandMax":3,"Value":888},{"Length":34,"Height":46,"Demand":0,"DemandMax":3,"Value":4692},{"Length":32,"Height":45,"Demand":0,"DemandMax":3,"Value":4320},{"Length":4,"Height":86,"Demand":0,"DemandMax":3,"Value":688},{"Length":90,"Height":55,"Demand":0,"DemandMax":3,"Value":4950},{"Length":99,"Height":43,"Demand":0,"DemandMax":3,"Value":12771},{"Length":79,"Height":6,"Demand":0,"DemandMax":3,"Value":1422},{"Length":98,"Height":60,"Demand":0,"DemandMax":3,"Value":17640},{"Length":29,"Height":23,"Demand":0,"DemandMax":3,"Value":2001},{"Length":13,"Height":7,"Demand":0,"DemandMax":3,"Value":182},{"Length":12,"Height":9,"Demand":0,"DemandMax":3,"Value":108},{"Length":20,"Height":31,"Demand":0,"DemandMax":3,"Value":1860},{"Length":42,"Height":89,"Demand":0,"DemandMax":3,"Value":7476},{"Length":94,"Height":24,"Demand":0,"DemandMax":3,"Value":2256},{"Length":46,"Height":87,"Demand":0,"DemandMax":3,"Value":4002},{"Length":99,"Height":35,"Demand":0,"DemandMax":3,"Value":10395},{"Length":99,"Height":29,"Demand":0,"DemandMax":3,"Value":8613},{"Length":69,"Height":80,"Demand":0,"DemandMax":3,"Value":5520},{"Length":2,"Height":22,"Demand":0,"DemandMax":3,"Value":44},{"Length":50,"Height":13,"Demand":0,"DemandMax":3,"Value":1300},{"Length":22,"Height":11,"Demand":0,"DemandMax":3,"Value":726},{"Length":84,"Height":2,"Demand":0,"DemandMax":3,"Value":504},{"Length":24,"Height":42,"Demand":0,"DemandMax":6,"Value":3024},{"Length":62,"Height":80,"Demand":0,"DemandMax":3,"Value":14880},{"Length":54,"Height":66,"Demand":0,"DemandMax":3,"Value":10692},{"Length":19,"Height":15,"Demand":0,"DemandMax":3,"Value":855},{"Length":11,"Height":22,"Demand":0,"DemandMax":3,"Value":484},{"Length":28,"Height":41,"Demand":0,"DemandMax":3,"Value":3444},{"Length":94,"Height":94,"Demand":0,"DemandMax":3,"Value":8836},{"Length":9,"Height":88,"Demand":0,"DemandMax":3,"Value":792},{"Length":84,"Height":85,"Demand":0,"DemandMax":3,"Value":21420},{"Length":8,"Height":33,"Demand":0,"DemandMax":3,"Value":528},{"Length":62,"Height":54,"Demand":0,"DemandMax":3,"Value":3348},{"Length":10,"Height":95,"Demand":0,"DemandMax":6,"Value":950},{"Length":89,"Height":56,"Demand":0,"DemandMax":3,"Value":4984},{"Length":76,"Height":20,"Demand":0,"DemandMax":3,"Value":3040},{"Length":79,"Height":37,"Demand":0,"DemandMax":3,"Value":2923},{"Length":91,"Height":45,"Demand":0,"DemandMax":3,"Value":12285},{"Length":17,"Height":15,"Demand":0,"DemandMax":3,"Value":510},{"Length":38,"Height":81,"Demand":0,"DemandMax":3,"Value":6156},{"Length":99,"Height":12,"Demand":0,"DemandMax":3,"Value":2376},{"Length":4,"Height":7,"Demand":0,"DemandMax":3,"Value":56},{"Length":70,"Height":69,"Demand":0,"DemandMax":3,"Value":4830},{"Length":19,"Height":48,"Demand":0,"DemandMax":3,"Value":912},{"Length":7,"Height":93,"Demand":0,"DemandMax":3,"Value":651},{"Length":47,"Height":85,"Demand":0,"DemandMax":3,"Value":3995},{"Length":25,"Height":5,"Demand":0,"DemandMax":3,"Value":125},{"Length":33,"Height":15,"Demand":0,"DemandMax":3,"Value":990},{"Length":28,"Height":35,"Demand":0,"DemandMax":3,"Value":2940},{"Length":30,"Height":26,"Demand":0,"DemandMax":3,"Value":780},{"Length":13,"Height":97,"Demand":0,"DemandMax":3,"Value":3783},{"Length":78,"Height":88,"Demand":0,"DemandMax":3,"Value":6864},{"Length":83,"Height":37,"Demand":0,"DemandMax":6,"Value":9213},{"Length":32,"Height":10,"Demand":0,"DemandMax":3,"Value":960},{"Length":92,"Height":33,"Demand":0,"DemandMax":3,"Value":9108},{"Length":90,"Height":31,"Demand":0,"DemandMax":3,"Value":5580},{"Length":24,"Height":10,"Demand":0,"DemandMax":3,"Value":240},{"Length":100,"Height":100,"Demand":0,"DemandMax":3,"Value":10000},{"Length":5,"Height":18,"Demand":0,"DemandMax":3,"Value":180},{"Length":31,"Height":91,"Demand":0,"DemandMax":3,"Value":2821},{"Length":32,"Height":6,"Demand":0,"DemandMax":3,"Value":384},{"Length":85,"Height":71,"Demand":0,"DemandMax":3,"Value":12070},{"Length":7,"Height":29,"Demand":0,"DemandMax":3,"Value":203},{"Length":31,"Height":77,"Demand":0,"DemandMax":3,"Value":2387},{"Length":2,"Height":39,"Demand":0,"DemandMax":3,"Value":234},{"Length":10,"Height":95,"Demand":0,"DemandMax":3,"Value":2850},{"Length":37,"Height":21,"Demand":0,"DemandMax":3,"Value":2331},{"Length":15,"Height":14,"Demand":0,"DemandMax":3,"Value":210},{"Length":4,"Height":19,"Demand":0,"DemandMax":3,"Value":228},{"Length":83,"Height":50,"Demand":0,"DemandMax":3,"Value":12450},{"Length":38,"Height":18,"Demand":0,"DemandMax":3,"Value":2052},{"Length":78,"Height":43,"Demand":0,"DemandMax":3,"Value":3354},{"Length":47,"Height":8,"Demand":0,"DemandMax":3,"Value":752},{"Length":15,"Height":29,"Demand":0,"DemandMax":3,"Value":1305},{"Length":37,"Height":9,"Demand":0,"DemandMax":3,"Value":999},{"Length":9,"Height":38,"Demand":0,"DemandMax":3,"Value":684},{"Length":45,"Height":42,"Demand":0,"DemandMax":3,"Value":1890},{"Length":44,"Height":14,"Demand":0,"DemandMax":3,"Value":616},{"Length":4,"Height":50,"Demand":0,"DemandMax":3,"Value":600},{"Length":42,"Height":35,"Demand":0,"DemandMax":3,"Value":1470},{"Length":43,"Height":2,"Demand":0,"DemandMax":3,"Value":172},{"Length":32,"Height":93,"Demand":0,"DemandMax":3,"Value":8928},{"Length":40,"Height":87,"Demand":0,"DemandMax":3,"Value":3480},{"Length":94,"Height":8,"Demand":0,"DemandMax":3,"Value":2256},{"Length":81,"Height":44,"Demand":0,"DemandMax":3,"Value":10692},{"Length":18,"Height":50,"Demand":0,"DemandMax":3,"Value":2700},{"Length":92,"Height":55,"Demand":0,"DemandMax":3,"Value":5060},{"Length":31,"Height":94,"Demand":0,"DemandMax":3,"Value":8742},{"Length":45,"Height":21,"Demand":0,"DemandMax":3,"Value":945},{"Length":19,"Height":12,"Demand":0,"DemandMax":3,"Value":456},{"Length":31,"Height":24,"Demand":0,"DemandMax":3,"Value":1488},{"Length":12,"Height":99,"Demand":0,"DemandMax":3,"Value":2376},{"Length":47,"Height":38,"Demand":0,"DemandMax":3,"Value":5358},{"Length":21,"Height":91,"Demand":0,"DemandMax":3,"Value":1911},{"Length":33,"Height":97,"Demand":0,"DemandMax":3,"Value":6402},{"Length":51,"Height":74,"Demand":0,"DemandMax":3,"Value":7548},{"Length":29,"Height":8,"Demand":0,"DemandMax":3,"Value":232},{"Length":89,"Height":72,"Demand":0,"DemandMax":3,"Value":12816},{"Length":84,"Height":39,"Demand":0,"DemandMax":3,"Value":9828},{"Length":35,"Height":42,"Demand":0,"DemandMax":3,"Value":2940},{"Length":65,"Height":55,"Demand":0,"DemandMax":3,"Value":10725},{"Length":99,"Height":32,"Demand":0,"DemandMax":3,"Value":9504},{"Length":100,"Height":55,"Demand":0,"DemandMax":3,"Value":5500},{"Length":10,"Height":83,"Demand":0,"DemandMax":3,"Value":830},{"Length":80,"Height":28,"Demand":0,"DemandMax":3,"Value":4480},{"Length":24,"Height":96,"Demand":0,"DemandMax":3,"Value":4608},{"Length":91,"Height":25,"Demand":0,"DemandMax":3,"Value":2275},{"Length":32,"Height":76,"Demand":0,"DemandMax":3,"Value":7296},{"Length":12,"Height":34,"Demand":0,"DemandMax":3,"Value":816},{"Length":60,"Height":90,"Demand":0,"DemandMax":3,"Value":5400},{"Length":42,"Height":11,"Demand":0,"DemandMax":3,"Value":924},{"Length":100,"Height":20,"Demand":0,"DemandMax":3,"Value":2000},{"Length":84,"Height":63,"Demand":0,"DemandMax":3,"Value":15876},{"Length":28,"Height":87,"Demand":0,"DemandMax":3,"Value":4872},{"Length":13,"Height":27,"Demand":0,"DemandMax":3,"Value":1053},{"Length":30,"Height":82,"Demand":0,"DemandMax":3,"Value":2460},{"Length":19,"Height":86,"Demand":0,"DemandMax":3,"Value":3268},{"Length":45,"Height":88,"Demand":0,"DemandMax":3,"Value":3960},{"Length":82,"Height":44,"Demand":0,"DemandMax":3,"Value":10824},{"Length":83,"Height":100,"Demand":0,"DemandMax":3,"Value":24900},{"Length":36,"Height":88,"Demand":0,"DemandMax":3,"Value":3168},{"Length":97,"Height":7,"Demand":0,"DemandMax":3,"Value":2037},{"Length":99,"Height":91,"Demand":0,"DemandMax":3,"Value":27027},{"Length":30,"Height":22,"Demand":0,"DemandMax":3,"Value":660},{"Length":94,"Height":30,"Demand":0,"DemandMax":3,"Value":2820},{"Length":36,"Height":29,"Demand":0,"DemandMax":3,"Value":2088},{"Length":15,"Height":7,"Demand":0,"DemandMax":3,"Value":315},{"Length":17,"Height":12,"Demand":0,"DemandMax":3,"Value":408},{"Length":38,"Height":20,"Demand":0,"DemandMax":3,"Value":2280},{"Length":49,"Height":20,"Demand":0,"DemandMax":3,"Value":1960},{"Length":29,"Height":39,"Demand":0,"DemandMax":3,"Value":3393},{"Length":20,"Height":90,"Demand":0,"DemandMax":3,"Value":1800},{"Length":29,"Height":98,"Demand":0,"DemandMax":3,"Value":2842},{"Length":5,"Height":15,"Demand":0,"DemandMax":3,"Value":75},{"Length":9,"Height":95,"Demand":0,"DemandMax":3,"Value":855},{"Length":50,"Height":96,"Demand":0,"DemandMax":3,"Value":4800},{"Length":21,"Height":83,"Demand":0,"DemandMax":3,"Value":5229},{"Length":22,"Height":90,"Demand":0,"DemandMax":3,"Value":3960},{"Length":90,"Height":48,"Demand":0,"DemandMax":3,"Value":12960},{"Length":35,"Height":11,"Demand":0,"DemandMax":3,"Value":770},{"Length":91,"Height":27,"Demand":0,"DemandMax":6,"Value":4914},{"Length":94,"Height":45,"Demand":0,"DemandMax":6,"Value":12690},{"Length":94,"Height":38,"Demand":0,"DemandMax":3,"Value":10716},{"Length":42,"Height":50,"Demand":0,"DemandMax":3,"Value":2100},{"Length":44,"Height":3,"Demand":0,"DemandMax":3,"Value":264},{"Length":77,"Height":15,"Demand":0,"DemandMax":3,"Value":1155},{"Length":94,"Height":5,"Demand":0,"DemandMax":3,"Value":470},{"Length":46,"Height":43,"Demand":0,"DemandMax":3,"Value":5934},{"Length":56,"Height":82,"Demand":0,"DemandMax":3,"Value":13776},{"Length":89,"Height":85,"Demand":0,"DemandMax":3,"Value":15130},{"Length":35,"Height":15,"Demand":0,"DemandMax":3,"Value":1050},{"Length":14,"Height":96,"Demand":0,"DemandMax":3,"Value":1344},{"Length":41,"Height":81,"Demand":0,"DemandMax":3,"Value":3321},{"Length":77,"Height":86,"Demand":0,"DemandMax":3,"Value":6622},{"Length":89,"Height":25,"Demand":0,"DemandMax":3,"Value":6675},{"Length":13,"Height":90,"Demand":0,"DemandMax":3,"Value":3510},{"Length":96,"Height":26,"Demand":0,"DemandMax":3,"Value":4992},{"Length":9,"Height":43,"Demand":0,"DemandMax":3,"Value":387},{"Length":100,"Height":5,"Demand":0,"DemandMax":3,"Value":1500},{"Length":75,"Height":66,"Demand":0,"DemandMax":3,"Value":4950},{"Length":53,"Height":63,"Demand":0,"DemandMax":3,"Value":3339},{"Length":21,"Height":16,"Demand":0,"DemandMax":3,"Value":672},{"Length":15,"Height":7,"Demand":0,"DemandMax":3,"Value":105},{"Length":25,"Height":14,"Demand":0,"DemandMax":3,"Value":1050},{"Length":24,"Height":25,"Demand":0,"DemandMax":3,"Value":1800},{"Length":6,"Height":16,"Demand":0,"DemandMax":3,"Value":192},{"Length":39,"Height":38,"Demand":0,"DemandMax":3,"Value":2964},{"Length":18,"Height":45,"Demand":0,"DemandMax":3,"Value":2430},{"Length":34,"Height":36,"Demand":0,"DemandMax":3,"Value":3672},{"Length":91,"Height":33,"Demand":0,"DemandMax":3,"Value":6006},{"Length":78,"Height":12,"Demand":0,"DemandMax":3,"Value":936},{"Length":88,"Height":38,"Demand":0,"DemandMax":3,"Value":6688},{"Length":48,"Height":81,"Demand":0,"DemandMax":3,"Value":11664},{"Length":39,"Height":38,"Demand":0,"DemandMax":3,"Value":4446},{"Length":85,"Height":4,"Demand":0,"DemandMax":3,"Value":1020},{"Length":79,"Height":45,"Demand":0,"DemandMax":3,"Value":3555},{"Length":58,"Height":69,"Demand":0,"DemandMax":3,"Value":4002},{"Length":37,"Height":41,"Demand":0,"DemandMax":3,"Value":1517},{"Length":69,"Height":83,"Demand":0,"DemandMax":3,"Value":5727},{"Length":19,"Height":46,"Demand":0,"DemandMax":3,"Value":874},{"Length":100,"Height":34,"Demand":0,"DemandMax":3,"Value":6800},{"Length":79,"Height":90,"Demand":0,"DemandMax":3,"Value":14220},{"Length":55,"Height":95,"Demand":0,"DemandMax":3,"Value":5225},{"Length":12,"Height":98,"Demand":0,"DemandMax":3,"Value":2352},{"Length":96,"Height":42,"Demand":0,"DemandMax":3,"Value":4032},{"Length":16,"Height":33,"Demand":0,"DemandMax":3,"Value":528},{"Length":82,"Height":99,"Demand":0,"DemandMax":3,"Value":24354},{"Length":88,"Height":95,"Demand":0,"DemandMax":3,"Value":16720},{"Length":28,"Height":100,"Demand":0,"DemandMax":3,"Value":2800},{"Length":48,"Height":46,"Demand":0,"DemandMax":3,"Value":6624},{"Length":30,"Height":49,"Demand":0,"DemandMax":3,"Value":2940},{"Length":40,"Height":6,"Demand":0,"DemandMax":3,"Value":240},{"Length":58,"Height":68,"Demand":0,"DemandMax":3,"Value":3944},{"Length":100,"Height":42,"Demand":0,"DemandMax":3,"Value":12600},{"Length":27,"Height":7,"Demand":0,"DemandMax":3,"Value":567},{"Length":75,"Height":55,"Demand":0,"DemandMax":3,"Value":12375},{"Length":74,"Height":61,"Demand":0,"DemandMax":3,"Value":9028},{"Length":84,"Height":33,"Demand":0,"DemandMax":3,"Value":2772},{"Length":4,"Height":26,"Demand":0,"DemandMax":3,"Value":208},{"Length":46,"Height":98,"Demand":0,"DemandMax":3,"Value":13524},{"Length":85,"Height":79,"Demand":0,"DemandMax":3,"Value":6715},{"Length":37,"Height":2,"Demand":0,"DemandMax":3,"Value":222},{"Length":35,"Height":36,"Demand":0,"DemandMax":3,"Value":1260},{"Length":51,"Height":65,"Demand":0,"DemandMax":3,"Value":3315},{"Length":4,"Height":81,"Demand":0,"DemandMax":3,"Value":972},{"Length":84,"Height":54,"Demand":0,"DemandMax":3,"Value":13608},{"Length":20,"Height":16,"Demand":0,"DemandMax":3,"Value":320},{"Length":45,"Height":79,"Demand":0,"DemandMax":3,"Value":7110},{"Length":35,"Height":10,"Demand":0,"DemandMax":3,"Value":350},{"Length":82,"Height":77,"Demand":0,"DemandMax":3,"Value":12628},{"Length":12,"Height":90,"Demand":0,"DemandMax":3,"Value":2160},{"Length":74,"Height":100,"Demand":0,"DemandMax":3,"Value":7400},{"Length":87,"Height":54,"Demand":0,"DemandMax":3,"Value":14094},{"Length":100,"Height":48,"Demand":0,"DemandMax":3,"Value":9600},{"Length":98,"Height":57,"Demand":0,"DemandMax":3,"Value":5586},{"Length":22,"Height":85,"Demand":0,"DemandMax":3,"Value":3740},{"Length":47,"Height":28,"Demand":0,"DemandMax":3,"Value":3948},{"Length":33,"Height":96,"Demand":0,"DemandMax":3,"Value":9504},{"Length":30,"Height":41,"Demand":0,"DemandMax":3,"Value":2460},{"Length":95,"Height":20,"Demand":0,"DemandMax":3,"Value":5700},{"Length":14,"Height":30,"Demand":0,"DemandMax":3,"Value":420},{"Length":92,"Height":56,"Demand":0,"DemandMax":3,"Value":5152},{"Length":98,"Height":70,"Demand":0,"DemandMax":3,"Value":20580},{"Length":60,"Height":95,"Demand":0,"DemandMax":3,"Value":5700},{"Length":46,"Height":97,"Demand":0,"DemandMax":3,"Value":13386},{"Length":37,"Height":48,"Demand":0,"DemandMax":3,"Value":3552},{"Length":56,"Height":52,"Demand":0,"DemandMax":3,"Value":8736},{"Length":79,"Height":32,"Demand":0,"DemandMax":3,"Value":5056},{"Length":5,"Height":87,"Demand":0,"DemandMax":3,"Value":435},{"Length":92,"Height":49,"Demand":0,"DemandMax":3,"Value":9016},{"Length":13,"Height":79,"Demand":0,"DemandMax":3,"Value":1027},{"Length":31,"Height":19,"Demand":0,"DemandMax":3,"Value":1178},{"Length":26,"Height":20,"Demand":0,"DemandMax":3,"Value":520},{"Length":95,"Height":24,"Demand":0,"DemandMax":3,"Value":4560},{"Length":41,"Height":38,"Demand":0,"DemandMax":3,"Value":4674},{"Length":27,"Height":30,"Demand":0,"DemandMax":3,"Value":2430},{"Length":89,"Height":47,"Demand":0,"DemandMax":3,"Value":12549},{"Length":94,"Height":59,"Demand":0,"DemandMax":3,"Value":11092},{"Length":49,"Height":27,"Demand":0,"DemandMax":3,"Value":1323},{"Length":2,"Height":14,"Demand":0,"DemandMax":3,"Value":28},{"Length":8,"Height":89,"Demand":0,"DemandMax":3,"Value":1424},{"Length":45,"Height":8,"Demand":0,"DemandMax":3,"Value":1080},{"Length":92,"Height":35,"Demand":0,"DemandMax":3,"Value":3220},{"Length":33,"Height":76,"Demand":0,"DemandMax":3,"Value":5016},{"Length":12,"Height":17,"Demand":0,"DemandMax":3,"Value":204},{"Length":6,"Height":6,"Demand":0,"DemandMax":3,"Value":36},{"Length":78,"Height":22,"Demand":0,"DemandMax":3,"Value":1716},{"Length":17,"Height":43,"Demand":0,"DemandMax":3,"Value":731},{"Length":99,"Height":70,"Demand":0,"DemandMax":3,"Value":6930},{"Length":38,"Height":41,"Demand":0,"DemandMax":3,"Value":3116},{"Length":79,"Height":59,"Demand":0,"DemandMax":3,"Value":4661},{"Length":46,"Height":24,"Demand":0,"DemandMax":3,"Value":3312},{"Length":16,"Height":29,"Demand":0,"DemandMax":3,"Value":464},{"Length":100,"Height":17,"Demand":0,"DemandMax":3,"Value":3400},{"Length":47,"Height":49,"Demand":0,"DemandMax":3,"Value":2303},{"Length":90,"Height":31,"Demand":0,"DemandMax":3,"Value":2790},{"Length":27,"Height":37,"Demand":0,"DemandMax":3,"Value":2997},{"Length":37,"Height":85,"Demand":0,"DemandMax":3,"Value":9435},{"Length":17,"Height":48,"Demand":0,"DemandMax":3,"Value":2448},{"Length":23,"Height":100,"Demand":0,"DemandMax":3,"Value":4600},{"Length":81,"Height":5,"Demand":0,"DemandMax":3,"Value":810},{"Length":25,"Height":30,"Demand":0,"DemandMax":3,"Value":1500},{"Length":59,"Height":51,"Demand":0,"DemandMax":3,"Value":3009},{"Length":9,"Height":18,"Demand":0,"DemandMax":3,"Value":162},{"Length":90,"Height":15,"Demand":0,"DemandMax":3,"Value":4050},{"Length":33,"Height":96,"Demand":0,"DemandMax":3,"Value":6336},{"Length":19,"Height":8,"Demand":0,"DemandMax":3,"Value":152},{"Length":89,"Height":13,"Demand":0,"DemandMax":3,"Value":3471},{"Length":6,"Height":78,"Demand":0,"DemandMax":3,"Value":1404},{"Length":97,"Height":17,"Demand":0,"DemandMax":3,"Value":3298},{"Length":38,"Height":89,"Demand":0,"DemandMax":3,"Value":10146},{"Length":42,"Height":88,"Demand":0,"DemandMax":3,"Value":11088},{"Length":44,"Height":21,"Demand":0,"DemandMax":3,"Value":1848},{"Length":5,"Height":16,"Demand":0,"DemandMax":3,"Value":80},{"Length":28,"Height":32,"Demand":0,"DemandMax":3,"Value":2688},{"Length":81,"Height":2,"Demand":0,"DemandMax":3,"Value":324},{"Length":5,"Height":42,"Demand":0,"DemandMax":3,"Value":210},{"Length":16,"Height":44,"Demand":0,"DemandMax":3,"Value":2112},{"Length":58,"Height":87,"Demand":0,"DemandMax":3,"Value":5046},{"Length":8,"Height":79,"Demand":0,"DemandMax":3,"Value":632},{"Length":2,"Height":98,"Demand":0,"DemandMax":3,"Value":392},{"Length":23,"Height":5,"Demand":0,"DemandMax":3,"Value":115},{"Length":35,"Height":21,"Demand":0,"DemandMax":3,"Value":1470},{"Length":3,"Height":8,"Demand":0,"DemandMax":3,"Value":72},{"Length":96,"Height":93,"Demand":0,"DemandMax":3,"Value":8928},{"Length":77,"Height":95,"Demand":0,"DemandMax":3,"Value":14630},{"Length":36,"Height":33,"Demand":0,"DemandMax":3,"Value":1188},{"Length":6,"Height":21,"Demand":0,"DemandMax":3,"Value":252},{"Length":13,"Height":6,"Demand":0,"DemandMax":3,"Value":156},{"Length":90,"Height":22,"Demand":0,"DemandMax":3,"Value":5940},{"Length":14,"Height":44,"Demand":0,"DemandMax":3,"Value":1232},{"Length":94,"Height":51,"Demand":0,"DemandMax":3,"Value":4794},{"Length":37,"Height":35,"Demand":0,"DemandMax":3,"Value":1295},{"Length":47,"Height":22,"Demand":0,"DemandMax":3,"Value":3102},{"Length":41,"Height":35,"Demand":0,"DemandMax":3,"Value":4305},{"Length":99,"Height":75,"Demand":0,"DemandMax":3,"Value":14850},{"Length":86,"Height":95,"Demand":0,"DemandMax":3,"Value":24510},{"Length":41,"Height":10,"Demand":0,"DemandMax":3,"Value":820},{"Length":49,"Height":82,"Demand":0,"DemandMax":3,"Value":4018},{"Length":16,"Height":86,"Demand":0,"DemandMax":3,"Value":1376},{"Length":84,"Height":2,"Demand":0,"DemandMax":3,"Value":336},{"Length":89,"Height":19,"Demand":0,"DemandMax":3,"Value":5073},{"Length":91,"Height":6,"Demand":0,"DemandMax":3,"Value":546},{"Length":22,"Height":84,"Demand":0,"DemandMax":3,"Value":5544},{"Length":30,"Height":43,"Demand":0,"DemandMax":3,"Value":2580},{"Length":50,"Height":49,"Demand":0,"DemandMax":3,"Value":7350},{"Length":90,"Height":46,"Demand":0,"DemandMax":3,"Value":12420},{"Length":91,"Height":39,"Demand":0,"DemandMax":3,"Value":7098},{"Length":4,"Height":86,"Demand":0,"DemandMax":3,"Value":1032},{"Length":94,"Height":85,"Demand":0,"DemandMax":3,"Value":15980},{"Length":36,"Height":10,"Demand":0,"DemandMax":3,"Value":1080},{"Length":24,"Height":89,"Demand":0,"DemandMax":3,"Value":4272},{"Length":25,"Height":16,"Demand":0,"DemandMax":3,"Value":800},{"Length":7,"Height":43,"Demand":0,"DemandMax":3,"Value":903},{"Length":44,"Height":78,"Demand":0,"DemandMax":3,"Value":6864},{"Length":16,"Height":4,"Demand":0,"DemandMax":3,"Value":192},{"Length":50,"Height":38,"Demand":0,"DemandMax":3,"Value":1900},{"Length":20,"Height":4,"Demand":0,"DemandMax":3,"Value":160},{"Length":41,"Height":9,"Demand":0,"DemandMax":3,"Value":738},{"Length":26,"Height":45,"Demand":0,"DemandMax":3,"Value":1170},{"Length":11,"Height":83,"Demand":0,"DemandMax":3,"Value":2739},{"Length":6,"Height":17,"Demand":0,"DemandMax":3,"Value":306},{"Length":18,"Height":95,"Demand":0,"DemandMax":3,"Value":3420},{"Length":63,"Height":89,"Demand":0,"DemandMax":3,"Value":16821},{"Length":93,"Height":11,"Demand":0,"DemandMax":3,"Value":2046},{"Length":90,"Height":44,"Demand":0,"DemandMax":3,"Value":11880},{"Length":96,"Height":62,"Demand":0,"DemandMax":3,"Value":17856},{"Length":15,"Height":27,"Demand":0,"DemandMax":3,"Value":810},{"Length":40,"Height":79,"Demand":0,"DemandMax":3,"Value":6320},{"Length":82,"Height":22,"Demand":0,"DemandMax":3,"Value":5412},{"Length":25,"Height":40,"Demand":0,"DemandMax":3,"Value":3000},{"Length":32,"Height":80,"Demand":0,"DemandMax":3,"Value":5120},{"Length":73,"Height":63,"Demand":0,"DemandMax":3,"Value":13797},{"Length":6,"Height":30,"Demand":0,"DemandMax":3,"Value":180},{"Length":6,"Height":3,"Demand":0,"DemandMax":3,"Value":18},{"Length":33,"Height":91,"Demand":0,"DemandMax":3,"Value":6006},{"Length":41,"Height":86,"Demand":0,"DemandMax":3,"Value":10578},{"Length":87,"Height":73,"Demand":0,"DemandMax":3,"Value":19053},{"Length":2,"Height":48,"Demand":0,"DemandMax":3,"Value":288},{"Length":34,"Height":86,"Demand":0,"DemandMax":3,"Value":5848},{"Length":98,"Height":83,"Demand":0,"DemandMax":3,"Value":24402}]}