{"Name":"ngcutfs2_148","Objects":[{"Length":100,"Height":100,"Stock":null,"Cost":10000}],"Items":[{"Length":35,"Height":38,"Demand":0,"DemandMax":4,"Value":1330},{"Length":45,"Height":20,"Demand":0,"DemandMax":4,"Value":900},{"Length":61,"Height":59,"Demand":0,"DemandMax":4,"Value":3599},{"Length":93,"Height":13,"Demand":0,"DemandMax":4,"Value":3627},{"Length":95,"Height":13,"Demand":0,"DemandMax":4,"Value":2470},{"Length":91,"Height":17,"Demand":0,"DemandMax":4,"Value":1547},{"Length":43,"Height":80,"Demand":0,"DemandMax":4,"Value":3440},{"Length":80,"Height":40,"Demand":0,"DemandMax":4,"Value":3200},{"Length":35,"Height":43,"Demand":0,"DemandMax":4,"Value":1505},{"Length":42,"Height":5,"Demand":0,"DemandMax":4,"Value":420},{"Length":22,"Height":39,"Demand":0,"DemandMax":4,"Value":2574},{"Length":95,"Height":21,"Demand":0,"DemandMax":4,"Value":1995},{"Length":46,"Height":82,"Demand":0,"DemandMax":4,"Value":11316},{"Length":48,"Height":11,"Demand":0,"DemandMax":4,"Value":1584},{"Length":23,"Height":7,"Demand":0,"DemandMax":4,"Value":322},{"Length":4,"Height":9,"Demand":0,"DemandMax":4,"Value":108},{"Length":20,"Height":13,"Demand":0,"DemandMax":4,"Value":260},{"Length":80,"Height":9,"Demand":0,"DemandMax":4,"Value":2160},{"Length":96,"Height":38,"Demand":0,"DemandMax":4,"Value":3648},{"Length":27,"Height":17,"Demand":0,"DemandMax":4,"Value":918},{"Length":85,"Height":78,"Demand":0,"DemandMax":4,"Value":13260},{"Length":25,"Height":7,"Demand":0,"DemandMax":4,"Value":525},{"Length":14,"Height":3,"Demand":0,"DemandMax":4,"Value":84},{"Length":98,"Height":17,"Demand":0,"DemandMax":4,"Value":3332},{"Length":46,"Height":46,"Demand":0,"DemandMax":4,"Value":6348},{"Length":48,"Height":84,"Demand":0,"DemandMax":4,"Value":8064},{"Length":78,"Height":10,"Demand":0,"DemandMax":4,"Value":1560},{"Length":25,"Height":29,"Demand":0,"DemandMax":4,"Value":725},{"Length":24,"Height":93,"Demand":0,"DemandMax":4,"Value":4464},{"Length":32,"Height":12,"Demand":0,"DemandMax":4,"Value":768},{"Length":5,"Height":46,"Demand":0,"DemandMax":4,"Value":690},{"Length":29,"Height":91,"Demand":0,"DemandMax":4,"Value":5278},{"Length":16,"Height":27,"Demand":0,"DemandMax":4,"Value":864},{"Length":17,"Height":37,"Demand":0,"DemandMax":4,"Value":1887},{"Length":58,"Height":100,"Demand":0,"DemandMax":4,"Value":5800},{"Length":45,"Height":92,"Demand":0,"DemandMax":4,"Value":8280},{"Length":5,"Height":39,"Demand":0,"DemandMax":4,"Value":585},{"Length":4,"Height":29,"Demand":0,"DemandMax":4,"Value":348},{"Length":38,"Height":35,"Demand":0,"DemandMax":4,"Value":1330},{"Length":98,"Height":41,"Demand":0,"DemandMax":4,"Value":4018},{"Length":14,"Height":31,"Demand":0,"DemandMax":4,"Value":1302},{"Length":18,"Height":95,"Demand":0,"DemandMax":4,"Value":3420},{"Length":13,"Height":32,"Demand":0,"DemandMax":4,"Value":1248},{"Length":88,"Height":62,"Demand":0,"DemandMax":4,"Value":5456},{"Length":100,"Height":31,"Demand":0,"DemandMax":4,"Value":6200},{"Length":21,"Height":32,"Demand":0,"DemandMax":4,"Value":672},{"Length":30,"Height":29,"Demand":0,"DemandMax":4,"Value":870},{"Length":23,"Height":24,"Demand":0,"DemandMax":4,"Value":552},{"Length":44,"Height":2,"Demand":0,"DemandMax":4,"Value":176},{"Length":43,"Height":5,"Demand":0,"DemandMax":4,"Value":430},{"Length":95,"Height":40,"Demand":0,"DemandMax":4,"Value":7600},{"Length":6,"Height":46,"Demand":0,"DemandMax":4,"Value":828},{"Length":21,"Height":35,"Demand":0,"DemandMax":4,"Value":1470},{"Length":48,"Height":47,"Demand":0,"DemandMax":4,"Value":6768},{"Length":38,"Height":100,"Demand":0,"DemandMax":4,"Value":7600},{"Length":14,"Height":97,"Demand":0,"DemandMax":4,"Value":1358},{"Length":63,"Height":68,"Demand":0,"DemandMax":4,"Value":12852},{"Length":70,"Height":74,"Demand":0,"DemandMax":4,"Value":5180},{"Length":88,"Height":43,"Demand":0,"DemandMax":4,"Value":11352},{"Length":26,"Height":31,"Demand":0,"DemandMax":4,"Value":2418},{"Length":76,"Height":69,"Demand":0,"DemandMax":4,"Value":10488},{"Length":27,"Height":87,"Demand":0,"DemandMax":4,"Value":7047},{"Length":40,"Height":48,"Demand":0,"DemandMax":4,"Value":1920},{"Length":26,"Height":95,"Demand":0,"DemandMax":4,"Value":2470},{"Length":65,"Height":92,"Demand":0,"DemandMax":4,"Value":11960},{"Length":56,"Height":77,"Demand":0,"DemandMax":4,"Value":8624},{"Length":53,"Height":85,"Demand":0,"DemandMax":4,"Value":9010},{"Length":27,"Height":41,"Demand":0,"DemandMax":4,"Value":1107},{"Length":14,"Height":11,"Demand":0,"DemandMax":4,"Value":154},{"Length":89,"Height":27,"Demand":0,"DemandMax":4,"Value":7209},{"Length":36,"Height":87,"Demand":0,"DemandMax":4,"Value":9396},{"Length":48,"Height":7,"Demand":0,"DemandMax":4,"Value":1008},{"Length":4,"Height":17,"Demand":0,"DemandMax":4,"Value":68},{"Length":33,"Height":22,"Demand":0,"DemandMax":4,"Value":1452},{"Length":28,"Height":23,"Demand":0,"DemandMax":4,"Value":1288},{"Length":35,"Height":41,"Demand":0,"DemandMax":4,"Value":1435},{"Length":21,"Height":46,"Demand":0,"DemandMax":4,"Value":2898},{"Length":13,"Height":81,"Demand":0,"DemandMax":4,"Value":2106},{"Length":16,"Height":15,"Demand":0,"DemandMax":4,"Value":720},{"Length":63,"Height":52,"Demand":0,"DemandMax":4,"Value":9828},{"Length":8,"Height":32,"Demand":0,"DemandMax":4,"Value":768},{"Length":45,"Height":13,"Demand":0,"DemandMax":4,"Value":1170},{"Length":10,"Height":25,"Demand":0,"DemandMax":4,"Value":750},{"Length":93,"Height":56,"Demand":0,"DemandMax":4,"Value":15624},{"Length":34,"Height":45,"Demand":0,"DemandMax":4,"Value":1530},{"Length":21,"Height":10,"Demand":0,"DemandMax":4,"Value":210},{"Length":77,"Height":45,"Demand":0,"DemandMax":4,"Value":10395},{"Length":37,"Height":49,"Demand":0,"DemandMax":4,"Value":3626},{"Length":48,"Height":45,"Demand":0,"DemandMax":4,"Value":6480},{"Length":17,"Height":8,"Demand":0,"DemandMax":4,"Value":408},{"Length":41,"Height":15,"Demand":0,"DemandMax":4,"Value":1845},{"Length":84,"Height":6,"Demand":0,"DemandMax":4,"Value":504},{"Length":15,"Height":26,"Demand":0,"DemandMax":4,"Value":1170},{"Length":46,"Height":89,"Demand":0,"DemandMax":4,"Value":4094},{"Length":31,"Height":17,"Demand":0,"DemandMax":4,"Value":1581},{"Length":73,"Height":60,"Demand":0,"DemandMax":4,"Value":13140},{"Length":90,"Height":7,"Demand":0,"DemandMax":4,"Value":630},{"Length":47,"Height":22,"Demand":0,"DemandMax":4,"Value":3102},{"Length":16,"Height":11,"Demand":0,"DemandMax":4,"Value":176},{"Length":37,"Height":44,"Demand":0,"DemandMax":4,"Value":1628},{"Length":40,"Height":44,"Demand":0,"DemandMax":4,"Value":5280},{"Length":77,"Height":9,"Demand":0,"DemandMax":4,"Value":693},{"Length":7,"Height":15,"Demand":0,"DemandMax":4,"Value":105},{"Length":24,"Height":44,"Demand":0,"DemandMax":4,"Value":1056},{"Length":48,"Height":21,"Demand":0,"DemandMax":4,"Value":1008},{"Length":27,"Height":24,"Demand":0,"DemandMax":4,"Value":1944},{"Length":82,"Height":86,"Demand":0,"DemandMax":4,"Value":7052},{"Length":11,"Height":81,"Demand":0,"DemandMax":4,"Value":2673},{"Length":30,"Height":24,"Demand":0,"DemandMax":4,"Value":720},{"Length":67,"Height":76,"Demand":0,"DemandMax":4,"Value":10184},{"Length":77,"Height":100,"Demand":0,"DemandMax":4,"Value":7700},{"Length":39,"Height":20,"Demand":0,"DemandMax":4,"Value":1560},{"Length":37,"Height":88,"Demand":0,"DemandMax":4,"Value":6512},{"Length":39,"Height":17,"Demand":0,"DemandMax":4,"Value":1989},{"Length":79,"Height":3,"Demand":0,"DemandMax":4,"Value":474},{"Length":39,"Height":13,"Demand":0,"DemandMax":4,"Value":1014},{"Length":8,"Height":11,"Demand":0,"DemandMax":4,"Value":176},{"Length":22,"Height":28,"Demand":0,"DemandMax":4,"Value":1848},{"Length":46,"Height":20,"Demand":0,"DemandMax":4,"Value":2760},{"Length":17,"Height":3,"Demand":0,"DemandMax":4,"Value":51},{"Length":84,"Height":35,"Demand":0,"DemandMax":4,"Value":2940},{"Length":37,"Height":2,"Demand":0,"DemandMax":4,"Value":74},{"Length":50,"Height":27,"Demand":0,"DemandMax":4,"Value":2700},{"Length":32,"Height":82,"Demand":0,"DemandMax":4,"Value":2624},{"Length":18,"Height":28,"Demand":0,"DemandMax":4,"Value":504},{"Length":41,"Height":49,"Demand":0,"DemandMax":4,"Value":6027},{"Length":5,"Height":42,"Demand":0,"DemandMax":4,"Value":630},{"Length":25,"Height":85,"Demand":0,"DemandMax":4,"Value":6375},{"Length":86,"Height":38,"Demand":0,"DemandMax":4,"Value":9804},{"Length":46,"Height":33,"Demand":0,"DemandMax":4,"Value":3036},{"Length":7,"Height":17,"Demand":0,"DemandMax":4,"Value":357},{"Length":15,"Height":89,"Demand":0,"DemandMax":4,"Value":2670},{"Length":77,"Height":43,"Demand":0,"DemandMax":4,"Value":6622},{"Length":40,"Height":28,"Demand":0,"DemandMax":4,"Value":3360},{"Length":20,"Height":22,"Demand":0,"DemandMax":4,"Value":880},{"Length":43,"Height":93,"Demand":0,"DemandMax":4,"Value":11997},{"Length":34,"Height":24,"Demand":0,"DemandMax":4,"Value":2448},{"Length":82,"Height":75,"Demand":0,"DemandMax":4,"Value":6150},{"Length":7,"Height":25,"Demand":0,"DemandMax":4,"Value":175},{"Length":4,"Height":35,"Demand":0,"DemandMax":4,"Value":420},{"Length":87,"Height":42,"Demand":0,"DemandMax":4,"Value":10962},{"Length":27,"Height":7,"Demand":0,"DemandMax":4,"Value":378},{"Length":29,"Height":12,"Demand":0,"DemandMax":4,"Value":1044},{"Length":33,"Height":38,"Demand":0,"DemandMax":4,"Value":3762},{"Length":22,"Height":47,"Demand":0,"DemandMax":4,"Value":2068},{"Length":42,"Height":7,"Demand":0,"DemandMax":4,"Value":588},{"Length":47,"Height":96,"Demand":0,"DemandMax":4,"Value":4512},{"Length":21,"Height":43,"Demand":0,"DemandMax":4,"Value":1806},{"Length":90,"Height":74,"Demand":0,"DemandMax":4,"Value":19980},{"Length":38,"Height":22,"Demand":0,"DemandMax":4,"Value":836},{"Length":36,"Height":13,"Demand":0,"DemandMax":4,"Value":1404},{"Length":37,"Height":92,"Demand":0,"DemandMax":8,"Value":6808},{"Length":18,"Height":26,"Demand":0,"DemandMax":4,"Value":468},{"Length":22,"Height":88,"Demand":0,"DemandMax":4,"Value":3872},{"Length":68,"Height":67,"Demand":0,"DemandMax":4,"Value":13668},{"Length":26,"Height":37,"Demand":0,"DemandMax":4,"Value":2886},{"Length":26,"Height":47,"Demand":0,"DemandMax":4,"Value":2444},{"Length":2,"Height":2,"Demand":0,"DemandMax":4,"Value":8},{"Length":8,"Height":45,"Demand":0,"DemandMax":4,"Value":1080},{"Length":10,"Height":94,"Demand":0,"DemandMax":4,"Value":940},{"Length":6,"Height":7,"Demand":0,"DemandMax":4,"Value":42},{"Length":29,"Height":3,"Demand":0,"DemandMax":4,"Value":174},{"Length":16,"Height":93,"Demand":0,"DemandMax":4,"Value":2976},{"Length":17,"Height":8,"Demand":0,"DemandMax":4,"Value":272},{"Length":96,"Height":98,"Demand":0,"DemandMax":4,"Value":18816},{"Length":34,"Height":85,"Demand":0,"DemandMax":4,"Value":2890},{"Length":25,"Height":6,"Demand":0,"DemandMax":4,"Value":450},{"Length":47,"Height":7,"Demand":0,"DemandMax":4,"Value":987},{"Length":84,"Height":30,"Demand":0,"DemandMax":4,"Value":7560},{"Length":78,"Height":38,"Demand":0,"DemandMax":4,"Value":2964},{"Length":9,"Height":25,"Demand":0,"DemandMax":4,"Value":225},{"Length":11,"Height":47,"Demand":0,"DemandMax":4,"Value":1034},{"Length":32,"Height":97,"Demand":0,"DemandMax":4,"Value":6208},{"Length":48,"Height":92,"Demand":0,"DemandMax":4,"Value":4416},{"Length":16,"Height":37,"Demand":0,"DemandMax":4,"Value":592},{"Length":83,"Height":30,"Demand":0,"DemandMax":4,"Value":4980},{"Length":92,"Height":4,"Demand":0,"DemandMax":4,"Value":1104},{"Length":72,"Height":79,"Demand":0,"DemandMax":4,"Value":17064},{"Length":24,"Height":33,"Demand":0,"DemandMax":4,"Value":792},{"Length":15,"Height":12,"Demand":0,"DemandMax":4,"Value":180},{"Length":4,"Height":9,"Demand":0,"DemandMax":4,"Value":36},{"Length":40,"Height":23,"Demand":0,"DemandMax":4,"Value":1840},{"Length":77,"Height":19,"Demand":0,"DemandMax":4,"Value":4389},{"Length":65,"Height":73,"Demand":0,"DemandMax":4,"Value":4745},{"Length":60,"Height":74,"Demand":0,"DemandMax":4,"Value":8880},{"Length":90,"Height":5,"Demand":0,"DemandMax":4,"Value":450},{"Length":16,"Height":30,"Demand":0,"DemandMax":4,"Value":960},{"Length":17,"Height":48,"Demand":0,"DemandMax":4,"Value":2448},{"Length":50,"Height":26,"Demand":0,"DemandMax":4,"Value":2600},{"Length":20,"Height":77,"Demand":0,"DemandMax":4,"Value":4620},{"Length":2,"Height":11,"Demand":0,"DemandMax":4,"Value":66},{"Length":14,"Height":16,"Demand":0,"DemandMax":4,"Value":448},{"Length":96,"Height":11,"Demand":0,"DemandMax":4,"Value":2112},{"Length":27,"Height":45,"Demand":0,"DemandMax":4,"Value":2430},{"Length":6,"Height":22,"Demand":0,"DemandMax":4,"Value":132},{"Length":28,"Height":15,"Demand":0,"DemandMax":4,"Value":840},{"Length":92,"Height":5,"Demand":0,"DemandMax":4,"Value":920},{"Length":75,"Height":92,"Demand":0,"DemandMax":4,"Value":20700},{"Length":92,"Height":64,"Demand":0,"DemandMax":4,"Value":11776},{"Length":85,"Height":63,"Demand":0,"DemandMax":4,"Value":10710},{"Length":85,"Height":21,"Demand":0,"DemandMax":4,"Value":3570},{"Length":22,"Height":24,"Demand":0,"DemandMax":4,"Value":1056},{"Length":83,"Height":65,"Demand":0,"DemandMax":4,"Value":10790},{"Length":2,"Height":39,"Demand":0,"DemandMax":4,"Value":156},{"Length":79,"Height":40,"Demand":0,"DemandMax":4,"Value":3160},{"Length":34,"Height":34,"Demand":0,"DemandMax":4,"Value":1156},{"Length":44,"Height":17,"Demand":0,"DemandMax":4,"Value":1496},{"Length":99,"Height":3,"Demand":0,"DemandMax":4,"Value":891},{"Length":40,"Height":29,"Demand":0,"DemandMax":4,"Value":1160},{"Length":86,"Height":16,"Demand":0,"DemandMax":4,"Value":2752},{"Length":12,"Height":10,"Demand":0,"DemandMax":4,"Value":120},{"Length":66,"Height":95,"Demand":0,"DemandMax":4,"Value":18810},{"Length":19,"Height":15,"Demand":0,"DemandMax":4,"Value":285},{"Length":22,"Height":11,"Demand":0,"DemandMax":4,"Value":242},{"Length":68,"Height":80,"Demand":0,"DemandMax":4,"Value":5440},{"Length":100,"Height":73,"Demand":0,"DemandMax":4,"Value":7300},{"Length":36,"Height":36,"Demand":0,"DemandMax":4,"Value":1296},{"Length":16,"Height":38,"Demand":0,"DemandMax":4,"Value":1824},{"Length":30,"Height":5,"Demand":0,"DemandMax":4,"Value":150},{"Length":82,"Height":21,"Demand":0,"DemandMax":4,"Value":5166},{"Length":83,"Height":25,"Demand":0,"DemandMax":4,"Value":6225},{"Length":81,"Height":25,"Demand":0,"DemandMax":4,"Value":6075},{"Length":11,"Height":24,"Demand":0,"DemandMax":4,"Value":528},{"Length":47,"Height":2,"Demand":0,"DemandMax":4,"Value":188},{"Length":73,"Height":91,"Demand":0,"DemandMax":4,"Value":19929},{"Length":5,"Height":35,"Demand":0,"DemandMax":4,"Value":525},{"Length":39,"Height":47,"Demand":0,"DemandMax":4,"Value":3666},{"Length":10,"Height":40,"Demand":0,"DemandMax":4,"Value":1200},{"Length":97,"Height":32,"Demand":0,"DemandMax":4,"Value":9312},{"Length":88,"Height":64,"Demand":0,"DemandMax":4,"Value":16896},{"Length":97,"Height":16,"Demand":0,"DemandMax":4,"Value":4656},{"Length":69,"Height":61,"Demand":0,"DemandMax":4,"Value":4209},{"Length":3,"Height":3,"Demand":0,"DemandMax":4,"Value":9},{"Length":83,"Height":94,"Demand":0,"DemandMax":4,"Value":15604},{"Length":9,"Height":30,"Demand":0,"DemandMax":4,"Value":540},{"Length":21,"Height":31,"Demand":0,"DemandMax":4,"Value":651},{"Length":29,"Height":46,"Demand":0,"DemandMax":4,"Value":1334},{"Length":48,"Height":98,"Demand":0,"DemandMax":4,"Value":4704},{"Length":40,"Height":35,"Demand":0,"DemandMax":4,"Value":2800},{"Length":80,"Height":20,"Demand":0,"DemandMax":4,"Value":1600},{"Length":66,"Height":69,"Demand":0,"DemandMax":4,"Value":13662},{"Length":78,"Height":70,"Demand":0,"DemandMax":4,"Value":10920},{"Length":42,"Height":14,"Demand":0,"DemandMax":4,"Value":1764},{"Length":71,"Height":67,"Demand":0,"DemandMax":4,"Value":4757},{"Length":8,"Height":49,"Demand":0,"DemandMax":4,"Value":392},{"Length":57,"Height":60,"Demand":0,"DemandMax":4,"Value":6840},{"Length":21,"Height":86,"Demand":0,"DemandMax":4,"Value":1806},{"Length":8,"Height":31,"Demand":0,"DemandMax":4,"Value":744},{"Length":6,"Height":86,"Demand":0,"DemandMax":4,"Value":1032}]}