{"Name":"ngcutfs2_206","Objects":[{"Length":100,"Height":100,"Stock":null,"Cost":10000}],"Items":[{"Length":24,"Height":21,"Demand":0,"DemandMax":4,"Value":1512},{"Length":63,"Height":51,"Demand":0,"DemandMax":4,"Value":3213},{"Length":21,"Height":8,"Demand":0,"DemandMax":4,"Value":168},{"Length":34,"Height":16,"Demand":0,"DemandMax":4,"Value":1088},{"Length":5,"Height":11,"Demand":0,"DemandMax":4,"Value":110},{"Length":17,"Height":36,"Demand":0,"DemandMax":4,"Value":1224},{"Length":71,"Height":87,"Demand":0,"DemandMax":4,"Value":12354},{"Length":70,"Height":94,"Demand":0,"DemandMax":4,"Value":13160},{"Length":42,"Height":45,"Demand":0,"DemandMax":4,"Value":5670},{"Length":39,"Height":84,"Demand":0,"DemandMax":4,"Value":6552},{"Length":86,"Height":20,"Demand":0,"DemandMax":4,"Value":1720},{"Length":29,"Height":16,"Demand":0,"DemandMax":4,"Value":464},{"Length":30,"Height":34,"Demand":0,"DemandMax":4,"Value":3060},{"Length":55,"Height":99,"Demand":0,"DemandMax":4,"Value":5445},{"Length":13,"Height":84,"Demand":0,"DemandMax":4,"Value":1092},{"Length":43,"Height":82,"Demand":0,"DemandMax":4,"Value":3526},{"Length":7,"Height":21,"Demand":0,"DemandMax":4,"Value":441},{"Length":89,"Height":93,"Demand":0,"DemandMax":4,"Value":16554},{"Length":12,"Height":24,"Demand":0,"DemandMax":4,"Value":864},{"Length":28,"Height":25,"Demand":0,"DemandMax":4,"Value":1400},{"Length":45,"Height":84,"Demand":0,"DemandMax":4,"Value":7560},{"Length":18,"Height":21,"Demand":0,"DemandMax":4,"Value":756},{"Length":13,"Height":46,"Demand":0,"DemandMax":4,"Value":1794},{"Length":80,"Height":79,"Demand":0,"DemandMax":4,"Value":6320},{"Length":94,"Height":91,"Demand":0,"DemandMax":4,"Value":17108},{"Length":40,"Height":29,"Demand":0,"DemandMax":8,"Value":2320},{"Length":46,"Height":6,"Demand":0,"DemandMax":8,"Value":276},{"Length":95,"Height":50,"Demand":0,"DemandMax":4,"Value":14250},{"Length":29,"Height":14,"Demand":0,"DemandMax":4,"Value":406},{"Length":5,"Height":28,"Demand":0,"DemandMax":4,"Value":420},{"Length":81,"Height":17,"Demand":0,"DemandMax":4,"Value":4131},{"Length":32,"Height":23,"Demand":0,"DemandMax":4,"Value":736},{"Length":43,"Height":28,"Demand":0,"DemandMax":4,"Value":3612},{"Length":32,"Height":83,"Demand":0,"DemandMax":4,"Value":5312},{"Length":86,"Height":6,"Demand":0,"DemandMax":4,"Value":1548},{"Length":5,"Height":10,"Demand":0,"DemandMax":4,"Value":50},{"Length":40,"Height":45,"Demand":0,"DemandMax":4,"Value":5400},{"Length":41,"Height":7,"Demand":0,"DemandMax":4,"Value":861},{"Length":69,"Height":59,"Demand":0,"DemandMax":4,"Value":8142},{"Length":41,"Height":4,"Demand":0,"DemandMax":4,"Value":328},{"Length":60,"Height":92,"Demand":0,"DemandMax":4,"Value":11040},{"Length":32,"Height":96,"Demand":0,"DemandMax":4,"Value":3072},{"Length":100,"Height":35,"Demand":0,"DemandMax":4,"Value":10500},{"Length":47,"Height":6,"Demand":0,"DemandMax":4,"Value":846},{"Length":8,"Height":31,"Demand":0,"DemandMax":4,"Value":248},{"Length":35,"Height":3,"Demand":0,"DemandMax":8,"Value":210},{"Length":5,"Height":36,"Demand":0,"DemandMax":4,"Value":540},{"Length":36,"Height":39,"Demand":0,"DemandMax":4,"Value":4212},{"Length":39,"Height":46,"Demand":0,"DemandMax":4,"Value":1794},{"Length":13,"Height":28,"Demand":0,"DemandMax":8,"Value":364},{"Length":45,"Height":41,"Demand":0,"DemandMax":4,"Value":5535},{"Length":24,"Height":34,"Demand":0,"DemandMax":4,"Value":816},{"Length":17,"Height":49,"Demand":0,"DemandMax":4,"Value":833},{"Length":78,"Height":15,"Demand":0,"DemandMax":4,"Value":2340},{"Length":19,"Height":44,"Demand":0,"DemandMax":8,"Value":836},{"Length":2,"Height":96,"Demand":0,"DemandMax":4,"Value":384},{"Length":79,"Height":26,"Demand":0,"DemandMax":4,"Value":6162},{"Length":81,"Height":7,"Demand":0,"DemandMax":4,"Value":1134},{"Length":8,"Height":20,"Demand":0,"DemandMax":4,"Value":160},{"Length":43,"Height":20,"Demand":0,"DemandMax":4,"Value":860},{"Length":16,"Height":100,"Demand":0,"DemandMax":4,"Value":4800},{"Length":7,"Height":36,"Demand":0,"DemandMax":4,"Value":756},{"Length":63,"Height":53,"Demand":0,"DemandMax":4,"Value":10017},{"Length":48,"Height":4,"Demand":0,"DemandMax":4,"Value":192},{"Length":6,"Height":88,"Demand":0,"DemandMax":4,"Value":1056},{"Length":30,"Height":22,"Demand":0,"DemandMax":4,"Value":1320},{"Length":24,"Height":17,"Demand":0,"DemandMax":4,"Value":408},{"Length":19,"Height":19,"Demand":0,"DemandMax":4,"Value":1083},{"Length":22,"Height":15,"Demand":0,"DemandMax":4,"Value":990},{"Length":88,"Height":48,"Demand":0,"DemandMax":8,"Value":4224},{"Length":88,"Height":29,"Demand":0,"DemandMax":12,"Value":7656},{"Length":28,"Height":13,"Demand":0,"DemandMax":4,"Value":728},{"Length":83,"Height":26,"Demand":0,"DemandMax":4,"Value":6474},{"Length":83,"Height":68,"Demand":0,"DemandMax":4,"Value":16932},{"Length":47,"Height":2,"Demand":0,"DemandMax":4,"Value":282},{"Length":14,"Height":76,"Demand":0,"DemandMax":4,"Value":1064},{"Length":63,"Height":98,"Demand":0,"DemandMax":4,"Value":6174},{"Length":12,"Height":82,"Demand":0,"DemandMax":4,"Value":984},{"Length":28,"Height":39,"Demand":0,"DemandMax":4,"Value":1092},{"Length":84,"Height":13,"Demand":0,"DemandMax":4,"Value":3276},{"Length":80,"Height":20,"Demand":0,"DemandMax":4,"Value":4800},{"Length":78,"Height":12,"Demand":0,"DemandMax":4,"Value":1872},{"Length":68,"Height":62,"Demand":0,"DemandMax":4,"Value":12648},{"Length":15,"Height":4,"Demand":0,"DemandMax":4,"Value":180},{"Length":93,"Height":19,"Demand":0,"DemandMax":4,"Value":3534},{"Length":90,"Height":9,"Demand":0,"DemandMax":4,"Value":810},{"Length":95,"Height":51,"Demand":0,"DemandMax":4,"Value":14535},{"Length":2,"Height":38,"Demand":0,"DemandMax":4,"Value":152},{"Length":5,"Height":46,"Demand":0,"DemandMax":4,"Value":690},{"Length":85,"Height":25,"Demand":0,"DemandMax":4,"Value":2125},{"Length":4,"Height":99,"Demand":0,"DemandMax":4,"Value":396},{"Length":2,"Height":8,"Demand":0,"DemandMax":4,"Value":16},{"Length":27,"Height":35,"Demand":0,"DemandMax":4,"Value":1890},{"Length":99,"Height":19,"Demand":0,"DemandMax":4,"Value":3762},{"Length":19,"Height":99,"Demand":0,"DemandMax":4,"Value":3762},{"Length":9,"Height":91,"Demand":0,"DemandMax":4,"Value":1638},{"Length":81,"Height":22,"Demand":0,"DemandMax":4,"Value":1782},{"Length":48,"Height":98,"Demand":0,"DemandMax":4,"Value":9408},{"Length":26,"Height":46,"Demand":0,"DemandMax":4,"Value":3588},{"Length":38,"Height":20,"Demand":0,"DemandMax":8,"Value":2280},{"Length":38,"Height":98,"Demand":0,"DemandMax":4,"Value":3724},{"Length":25,"Height":46,"Demand":0,"DemandMax":4,"Value":3450},{"Length":50,"Height":13,"Demand":0,"DemandMax":4,"Value":1300},{"Length":100,"Height":86,"Demand":0,"DemandMax":4,"Value":25800},{"Length":3,"Height":84,"Demand":0,"DemandMax":4,"Value":252},{"Length":93,"Height":24,"Demand":0,"DemandMax":4,"Value":6696},{"Length":37,"Height":16,"Demand":0,"DemandMax":4,"Value":1776},{"Length":7,"Height":35,"Demand":0,"DemandMax":4,"Value":245},{"Length":17,"Height":16,"Demand":0,"DemandMax":4,"Value":544},{"Length":24,"Height":48,"Demand":0,"DemandMax":4,"Value":1152},{"Length":86,"Height":90,"Demand":0,"DemandMax":4,"Value":7740},{"Length":45,"Height":89,"Demand":0,"DemandMax":4,"Value":4005},{"Length":78,"Height":60,"Demand":0,"DemandMax":4,"Value":4680},{"Length":10,"Height":41,"Demand":0,"DemandMax":4,"Value":1230},{"Length":49,"Height":28,"Demand":0,"DemandMax":4,"Value":1372},{"Length":68,"Height":58,"Demand":0,"DemandMax":4,"Value":3944},{"Length":32,"Height":40,"Demand":0,"DemandMax":4,"Value":3840},{"Length":92,"Height":26,"Demand":0,"DemandMax":4,"Value":2392},{"Length":22,"Height":14,"Demand":0,"DemandMax":4,"Value":308},{"Length":15,"Height":26,"Demand":0,"DemandMax":4,"Value":1170},{"Length":99,"Height":66,"Demand":0,"DemandMax":8,"Value":13068},{"Length":11,"Height":80,"Demand":0,"DemandMax":4,"Value":880},{"Length":97,"Height":4,"Demand":0,"DemandMax":4,"Value":388},{"Length":41,"Height":25,"Demand":0,"DemandMax":4,"Value":1025},{"Length":34,"Height":27,"Demand":0,"DemandMax":4,"Value":1836},{"Length":86,"Height":13,"Demand":0,"DemandMax":4,"Value":1118},{"Length":27,"Height":42,"Demand":0,"DemandMax":4,"Value":3402},{"Length":47,"Height":27,"Demand":0,"DemandMax":4,"Value":3807},{"Length":10,"Height":31,"Demand":0,"DemandMax":4,"Value":310},{"Length":12,"Height":91,"Demand":0,"DemandMax":4,"Value":2184},{"Length":27,"Height":84,"Demand":0,"DemandMax":8,"Value":6804},{"Length":90,"Height":21,"Demand":0,"DemandMax":4,"Value":5670},{"Length":94,"Height":5,"Demand":0,"DemandMax":4,"Value":940},{"Length":70,"Height":97,"Demand":0,"DemandMax":4,"Value":13580},{"Length":31,"Height":2,"Demand":0,"DemandMax":4,"Value":186},{"Length":75,"Height":94,"Demand":0,"DemandMax":4,"Value":21150},{"Length":4,"Height":24,"Demand":0,"DemandMax":4,"Value":96},{"Length":86,"Height":42,"Demand":0,"DemandMax":4,"Value":3612},{"Length":13,"Height":31,"Demand":0,"DemandMax":8,"Value":403},{"Length":98,"Height":33,"Demand":0,"DemandMax":4,"Value":3234},{"Length":39,"Height":50,"Demand":0,"DemandMax":4,"Value":5850},{"Length":21,"Height":16,"Demand":0,"DemandMax":4,"Value":1008},{"Length":82,"Height":34,"Demand":0,"DemandMax":4,"Value":8364},{"Length":21,"Height":16,"Demand":0,"DemandMax":4,"Value":336},{"Length":84,"Height":32,"Demand":0,"DemandMax":4,"Value":5376},{"Length":63,"Height":72,"Demand":0,"DemandMax":4,"Value":4536},{"Length":37,"Height":37,"Demand":0,"DemandMax":4,"Value":4107},{"Length":41,"Height":94,"Demand":0,"DemandMax":4,"Value":3854},{"Length":7,"Height":8,"Demand":0,"DemandMax":4,"Value":168},{"Length":19,"Height":30,"Demand":0,"DemandMax":4,"Value":570},{"Length":15,"Height":24,"Demand":0,"DemandMax":4,"Value":360},{"Length":29,"Height":29,"Demand":0,"DemandMax":4,"Value":841},{"Length":17,"Height":46,"Demand":0,"DemandMax":4,"Value":2346},{"Length":22,"Height":45,"Demand":0,"DemandMax":4,"Value":2970},{"Length":23,"Height":13,"Demand":0,"DemandMax":4,"Value":598},{"Length":32,"Height":43,"Demand":0,"DemandMax":4,"Value":4128},{"Length":50,"Height":46,"Demand":0,"DemandMax":4,"Value":2300},{"Length":76,"Height":5,"Demand":0,"DemandMax":4,"Value":760},{"Length":6,"Height":3,"Demand":0,"DemandMax":4,"Value":54},{"Length":94,"Height":50,"Demand":0,"DemandMax":4,"Value":4700},{"Length":6,"Height":8,"Demand":0,"DemandMax":4,"Value":96},{"Length":39,"Height":80,"Demand":0,"DemandMax":4,"Value":6240},{"Length":28,"Height":5,"Demand":0,"DemandMax":4,"Value":280},{"Length":91,"Height":25,"Demand":0,"DemandMax":4,"Value":6825},{"Length":49,"Height":99,"Demand":0,"DemandMax":4,"Value":4851},{"Length":45,"Height":34,"Demand":0,"DemandMax":4,"Value":1530},{"Length":41,"Height":10,"Demand":0,"DemandMax":4,"Value":820},{"Length":28,"Height":8,"Demand":0,"DemandMax":4,"Value":672},{"Length":97,"Height":98,"Demand":0,"DemandMax":4,"Value":28518},{"Length":35,"Height":90,"Demand":0,"DemandMax":4,"Value":9450},{"Length":74,"Height":62,"Demand":0,"DemandMax":4,"Value":9176},{"Length":21,"Height":50,"Demand":0,"DemandMax":4,"Value":2100},{"Length":20,"Height":49,"Demand":0,"DemandMax":4,"Value":980},{"Length":33,"Height":16,"Demand":0,"DemandMax":4,"Value":528},{"Length":17,"Height":97,"Demand":0,"DemandMax":4,"Value":4947},{"Length":28,"Height":99,"Demand":0,"DemandMax":4,"Value":5544},{"Length":9,"Height":92,"Demand":0,"DemandMax":4,"Value":1656},{"Length":21,"Height":46,"Demand":0,"DemandMax":4,"Value":2898},{"Length":20,"Height":26,"Demand":0,"DemandMax":4,"Value":1560},{"Length":93,"Height":83,"Demand":0,"DemandMax":4,"Value":23157},{"Length":53,"Height":51,"Demand":0,"DemandMax":4,"Value":8109},{"Length":38,"Height":91,"Demand":0,"DemandMax":4,"Value":3458},{"Length":42,"Height":12,"Demand":0,"DemandMax":4,"Value":1008},{"Length":41,"Height":29,"Demand":0,"DemandMax":4,"Value":1189},{"Length":31,"Height":33,"Demand":0,"DemandMax":4,"Value":3069},{"Length":78,"Height":26,"Demand":0,"DemandMax":4,"Value":2028},{"Length":83,"Height":41,"Demand":0,"DemandMax":4,"Value":3403},{"Length":95,"Height":70,"Demand":0,"DemandMax":4,"Value":13300},{"Length":46,"Height":10,"Demand":0,"DemandMax":4,"Value":460},{"Length":24,"Height":76,"Demand":0,"DemandMax":4,"Value":5472},{"Length":96,"Height":64,"Demand":0,"DemandMax":4,"Value":12288},{"Length":18,"Height":31,"Demand":0,"DemandMax":4,"Value":1116},{"Length":27,"Height":95,"Demand":0,"DemandMax":8,"Value":5130},{"Length":44,"Height":44,"Demand":0,"DemandMax":4,"Value":1936},{"Length":34,"Height":19,"Demand":0,"DemandMax":4,"Value":646},{"Length":43,"Height":20,"Demand":0,"DemandMax":4,"Value":1720},{"Length":50,"Height":3,"Demand":0,"DemandMax":4,"Value":300},{"Length":30,"Height":10,"Demand":0,"DemandMax":4,"Value":600},{"Length":41,"Height":48,"Demand":0,"DemandMax":4,"Value":5904},{"Length":9,"Height":82,"Demand":0,"DemandMax":4,"Value":738},{"Length":11,"Height":37,"Demand":0,"DemandMax":4,"Value":814},{"Length":27,"Height":39,"Demand":0,"DemandMax":4,"Value":3159},{"Length":7,"Height":100,"Demand":0,"DemandMax":4,"Value":700},{"Length":35,"Height":2,"Demand":0,"DemandMax":4,"Value":210},{"Length":20,"Height":15,"Demand":0,"DemandMax":4,"Value":600},{"Length":94,"Height":79,"Demand":0,"DemandMax":4,"Value":7426},{"Length":36,"Height":17,"Demand":0,"DemandMax":4,"Value":1836},{"Length":15,"Height":32,"Demand":0,"DemandMax":4,"Value":1440},{"Length":77,"Height":21,"Demand":0,"DemandMax":4,"Value":1617},{"Length":24,"Height":20,"Demand":0,"DemandMax":4,"Value":1440},{"Length":5,"Height":19,"Demand":0,"DemandMax":4,"Value":285},{"Length":86,"Height":42,"Demand":0,"DemandMax":4,"Value":10836},{"Length":85,"Height":31,"Demand":0,"DemandMax":4,"Value":7905},{"Length":37,"Height":45,"Demand":0,"DemandMax":4,"Value":1665},{"Length":12,"Height":78,"Demand":0,"DemandMax":4,"Value":936},{"Length":31,"Height":92,"Demand":0,"DemandMax":8,"Value":2852},{"Length":94,"Height":4,"Demand":0,"DemandMax":4,"Value":1128},{"Length":55,"Height":90,"Demand":0,"DemandMax":4,"Value":4950},{"Length":35,"Height":82,"Demand":0,"DemandMax":4,"Value":8610},{"Length":81,"Height":59,"Demand":0,"DemandMax":4,"Value":9558},{"Length":29,"Height":37,"Demand":0,"DemandMax":4,"Value":3219},{"Length":82,"Height":10,"Demand":0,"DemandMax":4,"Value":2460},{"Length":83,"Height":48,"Demand":0,"DemandMax":4,"Value":7968},{"Length":48,"Height":10,"Demand":0,"DemandMax":4,"Value":960},{"Length":96,"Height":86,"Demand":0,"DemandMax":4,"Value":24768},{"Length":23,"Height":37,"Demand":0,"DemandMax":4,"Value":1702},{"Length":76,"Height":39,"Demand":0,"DemandMax":4,"Value":5928},{"Length":32,"Height":4,"Demand":0,"DemandMax":4,"Value":384},{"Length":8,"Height":83,"Demand":0,"DemandMax":4,"Value":664},{"Length":4,"Height":94,"Demand":0,"DemandMax":4,"Value":376},{"Length":25,"Height":20,"Demand":0,"DemandMax":4,"Value":500},{"Length":67,"Height":79,"Demand":0,"DemandMax":4,"Value":5293},{"Length":40,"Height":20,"Demand":0,"DemandMax":4,"Value":800},{"Length":41,"Height":43,"Demand":0,"DemandMax":4,"Value":3526},{"Length":49,"Height":9,"Demand":0,"DemandMax":4,"Value":882},{"Length":16,"Height":18,"Demand":0,"DemandMax":4,"Value":288},{"Length":19,"Height":22,"Demand":0,"DemandMax":4,"Value":418},{"Length":31,"Height":19,"Demand":0,"DemandMax":4,"Value":1178},{"Length":18,"Height":39,"Demand":0,"DemandMax":4,"Value":2106},{"Length":32,"Height":92,"Demand":0,"DemandMax":4,"Value":5888},{"Length":42,"Height":9,"Demand":0,"DemandMax":4,"Value":1134},{"Length":87,"Height":39,"Demand":0,"DemandMax":8,"Value":3393},{"Length":19,"Height":38,"Demand":0,"DemandMax":4,"Value":722},{"Length":100,"Height":13,"Demand":0,"DemandMax":4,"Value":2600},{"Length":3,"Height":21,"Demand":0,"DemandMax":4,"Value":126},{"Length":86,"Height":40,"Demand":0,"DemandMax":4,"Value":3440},{"Length":12,"Height":9,"Demand":0,"DemandMax":4,"Value":216},{"Length":71,"Height":87,"Demand":0,"DemandMax":4,"Value":18531},{"Length":41,"Height":91,"Demand":0,"DemandMax":4,"Value":11193},{"Length":20,"Height":86,"Demand":0,"DemandMax":4,"Value":1720},{"Length":38,"Height":41,"Demand":0,"DemandMax":4,"Value":3116},{"Length":82,"Height":70,"Demand":0,"DemandMax":4,"Value":11480},{"Length":12,"Height":30,"Demand":0,"DemandMax":4,"Value":720},{"Length":38,"Height":82,"Demand":0,"DemandMax":4,"Value":9348},{"Length":66,"Height":92,"Demand":0,"DemandMax":4,"Value":12144},{"Length":47,"Height":86,"Demand":0,"DemandMax":4,"Value":4042},{"Length":80,"Height":47,"Demand":0,"DemandMax":4,"Value":3760},{"Length":49,"Height":32,"Demand":0,"DemandMax":8,"Value":4704},{"Length":12,"Height":29,"Demand":0,"DemandMax":4,"Value":348},{"Length":14,"Height":4,"Demand":0,"DemandMax":8,"Value":56},{"Length":20,"Height":3,"Demand":0,"DemandMax":4,"Value":180},{"Length":9,"Height":25,"Demand":0,"DemandMax":4,"Value":225},{"Length":2,"Height":84,"Demand":0,"DemandMax":4,"Value":168},{"Length":87,"Height":33,"Demand":0,"DemandMax":4,"Value":2871},{"Length":30,"Height":87,"Demand":0,"DemandMax":4,"Value":7830},{"Length":6,"Height":24,"Demand":0,"DemandMax":4,"Value":144},{"Length":26,"Height":29,"Demand":0,"DemandMax":4,"Value":2262},{"Length":34,"Height":49,"Demand":0,"DemandMax":4,"Value":4998},{"Length":88,"Height":94,"Demand":0,"DemandMax":4,"Value":24816},{"Length":96,"Height":77,"Demand":0,"DemandMax":4,"Value":22176},{"Length":31,"Height":36,"Demand":0,"DemandMax":4,"Value":1116},{"Length":14,"Height":36,"Demand":0,"DemandMax":4,"Value":1512},{"Length":39,"Height":31,"Demand":0,"DemandMax":4,"Value":3627},{"Length":12,"Height":93,"Demand":0,"DemandMax":4,"Value":2232},{"Length":37,"Height":30,"Demand":0,"DemandMax":4,"Value":3330},{"Length":10,"Height":30,"Demand":0,"DemandMax":4,"Value":600},{"Length":99,"Height":25,"Demand":0,"DemandMax":4,"Value":7425},{"Length":48,"Height":5,"Demand":0,"DemandMax":4,"Value":720},{"Length":100,"Height":32,"Demand":0,"DemandMax":4,"Value":3200},{"Length":33,"Height":82,"Demand":0,"DemandMax":4,"Value":5412},{"Length":21,"Height":6,"Demand":0,"DemandMax":4,"Value":126},{"Length":28,"Height":9,"Demand":0,"DemandMax":8,"Value":504},{"Length":95,"Height":8,"Demand":0,"DemandMax":4,"Value":2280},{"Length":94,"Height":76,"Demand":0,"DemandMax":4,"Value":14288},{"Length":29,"Height":97,"Demand":0,"DemandMax":4,"Value":2813},{"Length":72,"Height":64,"Demand":0,"DemandMax":4,"Value":13824},{"Length":18,"Height":99,"Demand":0,"DemandMax":4,"Value":1782},{"Length":6,"Height":87,"Demand":0,"DemandMax":4,"Value":522},{"Length":78,"Height":74,"Demand":0,"DemandMax":4,"Value":5772},{"Length":49,"Height":41,"Demand":0,"DemandMax":4,"Value":6027},{"Length":48,"Height":79,"Demand":0,"DemandMax":4,"Value":11376},{"Length":17,"Height":3,"Demand":0,"DemandMax":4,"Value":153},{"Length":37,"Height":47,"Demand":0,"DemandMax":4,"Value":1739},{"Length":91,"Height":6,"Demand":0,"DemandMax":4,"Value":546},{"Length":9,"Height":3,"Demand":0,"DemandMax":4,"Value":54},{"Length":26,"Height":39,"Demand":0,"DemandMax":4,"Value":2028},{"Length":84,"Height":27,"Demand":0,"DemandMax":4,"Value":4536},{"Length":97,"Height":43,"Demand":0,"DemandMax":4,"Value":12513},{"Length":46,"Height":12,"Demand":0,"DemandMax":4,"Value":1656},{"Length":12,"Height":36,"Demand":0,"DemandMax":4,"Value":864},{"Length":25,"Height":30,"Demand":0,"DemandMax":4,"Value":750},{"Length":36,"Height":19,"Demand":0,"DemandMax":4,"Value":2052},{"Length":13,"Height":6,"Demand":0,"DemandMax":4,"Value":234},{"Length":3,"Height":27,"Demand":0,"DemandMax":4,"Value":81},{"Length":40,"Height":31,"Demand":0,"DemandMax":8,"Value":2480},{"Length":90,"Height":24,"Demand":0,"DemandMax":8,"Value":6480},{"Length":8,"Height":12,"Demand":0,"DemandMax":8,"Value":192},{"Length":36,"Height":15,"Demand":0,"DemandMax":4,"Value":1620},{"Length":41,"Height":29,"Demand":0,"DemandMax":4,"Value":2378},{"Length":77,"Height":39,"Demand":0,"DemandMax":4,"Value":3003},{"Length":37,"Height":6,"Demand":0,"DemandMax":4,"Value":666},{"Length":85,"Height":51,"Demand":0,"DemandMax":4,"Value":13005},{"Length":100,"Height":42,"Demand":0,"DemandMax":4,"Value":4200},{"Length":97,"Height":86,"Demand":0,"DemandMax":4,"Value":16684},{"Length":38,"Height":18,"Demand":0,"DemandMax":8,"Value":1368},{"Length":95,"Height":11,"Demand":0,"DemandMax":4,"Value":3135},{"Length":23,"Height":13,"Demand":0,"DemandMax":4,"Value":897},{"Length":52,"Height":63,"Demand":0,"DemandMax":4,"Value":6552},{"Length":10,"Height":48,"Demand":0,"DemandMax":4,"Value":960},{"Length":12,"Height":93,"Demand":0,"DemandMax":4,"Value":3348},{"Length":93,"Height":30,"Demand":0,"DemandMax":4,"Value":8370},{"Length":12,"Height":32,"Demand":0,"DemandMax":4,"Value":768},{"Length":11,"Height":43,"Demand":0,"DemandMax":4,"Value":946},{"Length":91,"Height":93,"Demand":0,"DemandMax":4,"Value":25389},{"Length":21,"Height":42,"Demand":0,"DemandMax":4,"Value":882},{"Length":27,"Height":26,"Demand":0,"DemandMax":4,"Value":2106},{"Length":96,"Height":63,"Demand":0,"DemandMax":4,"Value":18144},{"Length":41,"Height":49,"Demand":0,"DemandMax":4,"Value":6027},{"Length":5,"Height":34,"Demand":0,"DemandMax":4,"Value":340},{"Length":25,"Height":93,"Demand":0,"DemandMax":4,"Value":6975},{"Length":98,"Height":96,"Demand":0,"DemandMax":4,"Value":18816},{"Length":69,"Height":59,"Demand":0,"DemandMax":4,"Value":12213},{"Length":26,"Height":12,"Demand":0,"DemandMax":4,"Value":312},{"Length":74,"Height":59,"Demand":0,"DemandMax":4,"Value":13098},{"Length":83,"Height":28,"Demand":0,"DemandMax":4,"Value":4648},{"Length":100,"Height":40,"Demand":0,"DemandMax":4,"Value":8000},{"Length":11,"Height":28,"Demand":0,"DemandMax":4,"Value":308},{"Length":45,"Height":50,"Demand":0,"DemandMax":4,"Value":2250},{"Length":20,"Height":44,"Demand":0,"DemandMax":4,"Value":2640},{"Length":70,"Height":95,"Demand":0,"DemandMax":4,"Value":19950},{"Length":27,"Height":41,"Demand":0,"DemandMax":4,"Value":2214},{"Length":12,"Height":91,"Demand":0,"DemandMax":4,"Value":3276},{"Length":26,"Height":31,"Demand":0,"DemandMax":4,"Value":2418},{"Length":80,"Height":18,"Demand":0,"DemandMax":4,"Value":2880},{"Length":92,"Height":15,"Demand":0,"DemandMax":4,"Value":4140},{"Length":40,"Height":4,"Demand":0,"DemandMax":4,"Value":160},{"Length":43,"Height":41,"Demand":0,"DemandMax":4,"Value":3526},{"Length":36,"Height":77,"Demand":0,"DemandMax":4,"Value":8316},{"Length":45,"Height":15,"Demand":0,"DemandMax":4,"Value":2025},{"Length":18,"Height":39,"Demand":0,"DemandMax":4,"Value":1404},{"Length":13,"Height":31,"Demand":0,"DemandMax":4,"Value":1209},{"Length":34,"Height":3,"Demand":0,"DemandMax":4,"Value":102},{"Length":24,"Height":77,"Demand":0,"DemandMax":4,"Value":3696},{"Length":47,"Height":100,"Demand":0,"DemandMax":4,"Value":14100},{"Length":47,"Height":12,"Demand":0,"DemandMax":4,"Value":1128},{"Length":3,"Height":21,"Demand":0,"DemandMax":4,"Value":63},{"Length":16,"Height":100,"Demand":0,"DemandMax":4,"Value":3200},{"Length":37,"Height":35,"Demand":0,"DemandMax":4,"Value":1295},{"Length":45,"Height":46,"Demand":0,"DemandMax":4,"Value":2070},{"Length":44,"Height":43,"Demand":0,"DemandMax":4,"Value":3784},{"Length":19,"Height":38,"Demand":0,"DemandMax":4,"Value":1444},{"Length":21,"Height":85,"Demand":0,"DemandMax":4,"Value":3570},{"Length":57,"Height":78,"Demand":0,"DemandMax":4,"Value":8892},{"Length":43,"Height":2,"Demand":0,"DemandMax":4,"Value":86},{"Length":13,"Height":96,"Demand":0,"DemandMax":4,"Value":2496},{"Length":49,"Height":20,"Demand":0,"DemandMax":4,"Value":2940},{"Length":93,"Height":41,"Demand":0,"DemandMax":4,"Value":7626},{"Length":37,"Height":9,"Demand":0,"DemandMax":4,"Value":999},{"Length":77,"Height":17,"Demand":0,"DemandMax":4,"Value":1309},{"Length":8,"Height":95,"Demand":0,"DemandMax":4,"Value":2280},{"Length":37,"Height":10,"Demand":0,"DemandMax":4,"Value":740},{"Length":98,"Height":44,"Demand":0,"DemandMax":4,"Value":4312},{"Length":17,"Height":5,"Demand":0,"DemandMax":4,"Value":255},{"Length":38,"Height":43,"Demand":0,"DemandMax":4,"Value":4902},{"Length":39,"Height":16,"Demand":0,"DemandMax":4,"Value":1248},{"Length":37,"Height":12,"Demand":0,"DemandMax":4,"Value":888},{"Length":9,"Height":40,"Demand":0,"DemandMax":4,"Value":720},{"Length":51,"Height":77,"Demand":0,"DemandMax":4,"Value":3927},{"Length":39,"Height":38,"Demand":0,"DemandMax":4,"Value":1482},{"Length":42,"Height":44,"Demand":0,"DemandMax":4,"Value":5544},{"Length":10,"Height":36,"Demand":0,"DemandMax":4,"Value":360},{"Length":99,"Height":44,"Demand":0,"DemandMax":4,"Value":8712},{"Length":33,"Height":18,"Demand":0,"DemandMax":4,"Value":594},{"Length":78,"Height":13,"Demand":0,"DemandMax":4,"Value":2028},{"Length":47,"Height":42,"Demand":0,"DemandMax":4,"Value":1974},{"Length":20,"Height":12,"Demand":0,"DemandMax":4,"Value":480},{"Length":93,"Height":46,"Demand":0,"DemandMax":4,"Value":4278},{"Length":41,"Height":40,"Demand":0,"DemandMax":4,"Value":3280},{"Length":42,"Height":35,"Demand":0,"DemandMax":4,"Value":2940},{"Length":3,"Height":2,"Demand":0,"DemandMax":4,"Value":18},{"Length":17,"Height":13,"Demand":0,"DemandMax":4,"Value":442},{"Length":84,"Height":97,"Demand":0,"DemandMax":4,"Value":8148},{"Length":7,"Height":6,"Demand":0,"DemandMax":4,"Value":126},{"Length":65,"Height":74,"Demand":0,"DemandMax":4,"Value":9620},{"Length":3,"Height":92,"Demand":0,"DemandMax":4,"Value":276},{"Length":49,"Height":25,"Demand":0,"DemandMax":4,"Value":3675},{"Length":47,"Height":94,"Demand":0,"DemandMax":4,"Value":13254},{"Length":24,"Height":81,"Demand":0,"DemandMax":4,"Value":3888},{"Length":86,"Height":58,"Demand":0,"DemandMax":4,"Value":14964},{"Length":80,"Height":38,"Demand":0,"DemandMax":4,"Value":6080},{"Length":8,"Height":11,"Demand":0,"DemandMax":4,"Value":176},{"Length":93,"Height":43,"Demand":0,"DemandMax":4,"Value":7998},{"Length":30,"Height":11,"Demand":0,"DemandMax":4,"Value":990},{"Length":82,"Height":31,"Demand":0,"DemandMax":4,"Value":5084},{"Length":97,"Height":77,"Demand":0,"DemandMax":4,"Value":14938},{"Length":49,"Height":38,"Demand":0,"DemandMax":4,"Value":3724},{"Length":45,"Height":27,"Demand":0,"DemandMax":4,"Value":2430},{"Length":77,"Height":26,"Demand":0,"DemandMax":4,"Value":6006},{"Length":36,"Height":43,"Demand":0,"DemandMax":4,"Value":3096},{"Length":76,"Height":24,"Demand":0,"DemandMax":4,"Value":3648},{"Length":6,"Height":12,"Demand":0,"DemandMax":8,"Value":72},{"Length":33,"Height":44,"Demand":0,"DemandMax":4,"Value":2904},{"Length":11,"Height":12,"Demand":0,"DemandMax":4,"Value":132},{"Length":4,"Height":8,"Demand":0,"DemandMax":4,"Value":64},{"Length":4,"Height":40,"Demand":0,"DemandMax":4,"Value":160},{"Length":50,"Height":14,"Demand":0,"DemandMax":4,"Value":2100},{"Length":96,"Height":47,"Demand":0,"DemandMax":4,"Value":4512},{"Length":86,"Height":40,"Demand":0,"DemandMax":4,"Value":10320},{"Length":25,"Height":41,"Demand":0,"DemandMax":4,"Value":2050},{"Length":65,"Height":77,"Demand":0,"DemandMax":4,"Value":10010},{"Length":50,"Height":21,"Demand":0,"DemandMax":4,"Value":2100},{"Length":30,"Height":48,"Demand":0,"DemandMax":4,"Value":2880},{"Length":12,"Height":18,"Demand":0,"DemandMax":4,"Value":648},{"Length":83,"Height":27,"Demand":0,"DemandMax":4,"Value":4482},{"Length":23,"Height":46,"Demand":0,"DemandMax":4,"Value":3174},{"Length":21,"Height":9,"Demand":0,"DemandMax":4,"Value":378},{"Length":36,"Height":78,"Demand":0,"DemandMax":4,"Value":5616},{"Length":18,"Height":35,"Demand":0,"DemandMax":4,"Value":630},{"Length":3,"Height":88,"Demand":0,"DemandMax":4,"Value":792},{"Length":34,"Height":5,"Demand":0,"DemandMax":4,"Value":170},{"Length":73,"Height":89,"Demand":0,"DemandMax":4,"Value":6497},{"Length":45,"Height":4,"Demand":0,"DemandMax":4,"Value":360},{"Length":83,"Height":13,"Demand":0,"DemandMax":4,"Value":2158},{"Length":48,"Height":11,"Demand":0,"DemandMax":4,"Value":1056},{"Length":28,"Height":47,"Demand":0,"DemandMax":4,"Value":1316},{"Length":2,"Height":14,"Demand":0,"DemandMax":4,"Value":56},{"Length":99,"Height":46,"Demand":0,"DemandMax":4,"Value":9108},{"Length":40,"Height":14,"Demand":0,"DemandMax":4,"Value":1680},{"Length":3,"Height":42,"Demand":0,"DemandMax":4,"Value":252},{"Length":37,"Height":82,"Demand":0,"DemandMax":4,"Value":9102},{"Length":93,"Height":39,"Demand":0,"DemandMax":4,"Value":10881},{"Length":38,"Height":48,"Demand":0,"DemandMax":4,"Value":3648},{"Length":77,"Height":47,"Demand":0,"DemandMax":4,"Value":10857},{"Length":16,"Height":31,"Demand":0,"DemandMax":4,"Value":496},{"Length":17,"Height":43,"Demand":0,"DemandMax":4,"Value":731},{"Length":89,"Height":39,"Demand":0,"DemandMax":4,"Value":10413},{"Length":34,"Height":99,"Demand":0,"DemandMax":4,"Value":6732},{"Length":25,"Height":6,"Demand":0,"DemandMax":4,"Value":300},{"Length":27,"Height":2,"Demand":0,"DemandMax":4,"Value":54},{"Length":49,"Height":39,"Demand":0,"DemandMax":4,"Value":5733},{"Length":27,"Height":39,"Demand":0,"DemandMax":4,"Value":1053},{"Length":88,"Height":6,"Demand":0,"DemandMax":4,"Value":1584},{"Length":9,"Height":47,"Demand":0,"DemandMax":4,"Value":846},{"Length":16,"Height":46,"Demand":0,"DemandMax":4,"Value":2208},{"Length":12,"Height":38,"Demand":0,"DemandMax":4,"Value":456},{"Length":2,"Height":15,"Demand":0,"DemandMax":4,"Value":90},{"Length":17,"Height":83,"Demand":0,"DemandMax":4,"Value":4233},{"Length":12,"Height":25,"Demand":0,"DemandMax":4,"Value":900},{"Length":38,"Height":7,"Demand":0,"DemandMax":4,"Value":532},{"Length":74,"Height":76,"Demand":0,"DemandMax":4,"Value":16872},{"Length":33,"Height":34,"Demand":0,"DemandMax":4,"Value":2244},{"Length":63,"Height":75,"Demand":0,"DemandMax":4,"Value":9450},{"Length":43,"Height":24,"Demand":0,"DemandMax":4,"Value":3096},{"Length":82,"Height":36,"Demand":0,"DemandMax":4,"Value":8856},{"Length":52,"Height":72,"Demand":0,"DemandMax":4,"Value":3744},{"Length":97,"Height":29,"Demand":0,"DemandMax":4,"Value":2813},{"Length":3,"Height":100,"Demand":0,"DemandMax":4,"Value":600},{"Length":18,"Height":39,"Demand":0,"DemandMax":4,"Value":702},{"Length":86,"Height":45,"Demand":0,"DemandMax":4,"Value":3870},{"Length":81,"Height":74,"Demand":0,"DemandMax":4,"Value":11988},{"Length":11,"Height":88,"Demand":0,"DemandMax":4,"Value":1936},{"Length":61,"Height":77,"Demand":0,"DemandMax":4,"Value":9394},{"Length":10,"Height":3,"Demand":0,"DemandMax":4,"Value":30},{"Length":43,"Height":17,"Demand":0,"DemandMax":4,"Value":1462},{"Length":12,"Height":92,"Demand":0,"DemandMax":4,"Value":1104},{"Length":12,"Height":84,"Demand":0,"DemandMax":4,"Value":2016},{"Length":42,"Height":28,"Demand":0,"DemandMax":4,"Value":2352},{"Length":21,"Height":2,"Demand":0,"DemandMax":4,"Value":84},{"Length":58,"Height":62,"Demand":0,"DemandMax":4,"Value":7192},{"Length":40,"Height":14,"Demand":0,"DemandMax":4,"Value":560},{"Length":19,"Height":37,"Demand":0,"DemandMax":4,"Value":1406},{"Length":9,"Height":29,"Demand":0,"DemandMax":4,"Value":783},{"Length":60,"Height":70,"Demand":0,"DemandMax":4,"Value":8400},{"Length":88,"Height":100,"Demand":0,"DemandMax":4,"Value":8800},{"Length":41,"Height":21,"Demand":0,"DemandMax":4,"Value":861},{"Length":82,"Height":31,"Demand":0,"DemandMax":4,"Value":2542},{"Length":96,"Height":10,"Demand":0,"DemandMax":4,"Value":2880},{"Length":17,"Height":99,"Demand":0,"DemandMax":4,"Value":5049},{"Length":96,"Height":79,"Demand":0,"DemandMax":4,"Value":22752},{"Length":32,"Height":40,"Demand":0,"DemandMax":8,"Value":1280},{"Length":76,"Height":13,"Demand":0,"DemandMax":4,"Value":2964},{"Length":13,"Height":9,"Demand":0,"DemandMax":4,"Value":117},{"Length":54,"Height":80,"Demand":0,"DemandMax":4,"Value":12960},{"Length":63,"Height":85,"Demand":0,"DemandMax":4,"Value":5355},{"Length":6,"Height":28,"Demand":0,"DemandMax":4,"Value":168},{"Length":31,"Height":97,"Demand":0,"DemandMax":4,"Value":6014},{"Length":15,"Height":13,"Demand":0,"DemandMax":4,"Value":585},{"Length":100,"Height":38,"Demand":0,"DemandMax":4,"Value":11400},{"Length":12,"Height":14,"Demand":0,"DemandMax":4,"Value":336},{"Length":23,"Height":41,"Demand":0,"DemandMax":4,"Value":943},{"Length":6,"Height":39,"Demand":0,"DemandMax":4,"Value":702},{"Length":79,"Height":31,"Demand":0,"DemandMax":4,"Value":4898},{"Length":17,"Height":84,"Demand":0,"DemandMax":4,"Value":1428},{"Length":98,"Height":40,"Demand":0,"DemandMax":4,"Value":3920},{"Length":38,"Height":23,"Demand":0,"DemandMax":4,"Value":874},{"Length":35,"Height":16,"Demand":0,"DemandMax":4,"Value":1680},{"Length":43,"Height":49,"Demand":0,"DemandMax":4,"Value":4214},{"Length":79,"Height":12,"Demand":0,"DemandMax":4,"Value":948},{"Length":87,"Height":56,"Demand":0,"DemandMax":4,"Value":4872},{"Length":14,"Height":78,"Demand":0,"DemandMax":4,"Value":2184},{"Length":39,"Height":9,"Demand":0,"DemandMax":4,"Value":351},{"Length":56,"Height":74,"Demand":0,"DemandMax":4,"Value":8288},{"Length":44,"Height":44,"Demand":0,"DemandMax":4,"Value":5808},{"Length":42,"Height":88,"Demand":0,"DemandMax":4,"Value":7392},{"Length":38,"Height":39,"Demand":0,"DemandMax":4,"Value":1482},{"Length":28,"Height":87,"Demand":0,"DemandMax":4,"Value":2436},{"Length":9,"Height":27,"Demand":0,"DemandMax":4,"Value":243},{"Length":3,"Height":27,"Demand":0,"DemandMax":4,"Value":243},{"Length":2,"Height":31,"Demand":0,"DemandMax":4,"Value":124},{"Length":8,"Height":9,"Demand":0,"DemandMax":4,"Value":144},{"Length":26,"Height":100,"Demand":0,"DemandMax":4,"Value":7800},{"Length":89,"Height":50,"Demand":0,"DemandMax":4,"Value":8900},{"Length":48,"Height":37,"Demand":0,"DemandMax":4,"Value":1776},{"Length":80,"Height":96,"Demand":0,"DemandMax":4,"Value":7680},{"Length":95,"Height":25,"Demand":0,"DemandMax":4,"Value":2375},{"Length":36,"Height":31,"Demand":0,"DemandMax":4,"Value":3348},{"Length":13,"Height":42,"Demand":0,"DemandMax":4,"Value":1638},{"Length":38,"Height":3,"Demand":0,"DemandMax":4,"Value":114},{"Length":31,"Height":21,"Demand":0,"DemandMax":4,"Value":651},{"Length":97,"Height":7,"Demand":0,"DemandMax":4,"Value":1358},{"Length":5,"Height":79,"Demand":0,"DemandMax":4,"Value":1185},{"Length":28,"Height":16,"Demand":0,"DemandMax":4,"Value":1344},{"Length":97,"Height":49,"Demand":0,"DemandMax":4,"Value":14259},{"Length":14,"Height":76,"Demand":0,"DemandMax":4,"Value":2128},{"Length":42,"Height":43,"Demand":0,"DemandMax":4,"Value":5418},{"Length":96,"Height":92,"Demand":0,"DemandMax":4,"Value":26496},{"Length":38,"Height":45,"Demand":0,"DemandMax":4,"Value":1710},{"Length":20,"Height":37,"Demand":0,"DemandMax":4,"Value":1480},{"Length":48,"Height":36,"Demand":0,"DemandMax":4,"Value":1728},{"Length":44,"Height":19,"Demand":0,"DemandMax":4,"Value":1672},{"Length":47,"Height":86,"Demand":0,"DemandMax":4,"Value":12126},{"Length":42,"Height":25,"Demand":0,"DemandMax":4,"Value":2100},{"Length":14,"Height":2,"Demand":0,"DemandMax":4,"Value":56},{"Length":91,"Height":36,"Demand":0,"DemandMax":4,"Value":9828},{"Length":37,"Height":21,"Demand":0,"DemandMax":4,"Value":777},{"Length":34,"Height":23,"Demand":0,"DemandMax":4,"Value":782},{"Length":29,"Height":23,"Demand":0,"DemandMax":4,"Value":667},{"Length":40,"Height":4,"Demand":0,"DemandMax":4,"Value":480},{"Length":35,"Height":3,"Demand":0,"DemandMax":4,"Value":315},{"Length":33,"Height":14,"Demand":0,"DemandMax":4,"Value":462},{"Length":9,"Height":35,"Demand":0,"DemandMax":4,"Value":315},{"Length":45,"Height":23,"Demand":0,"DemandMax":4,"Value":1035},{"Length":65,"Height":89,"Demand":0,"DemandMax":4,"Value":17355},{"Length":20,"Height":41,"Demand":0,"DemandMax":4,"Value":820},{"Length":74,"Height":58,"Demand":0,"DemandMax":4,"Value":8584},{"Length":93,"Height":16,"Demand":0,"DemandMax":4,"Value":2976},{"Length":42,"Height":40,"Demand":0,"DemandMax":4,"Value":5040},{"Length":12,"Height":8,"Demand":0,"DemandMax":4,"Value":192},{"Length":14,"Height":42,"Demand":0,"DemandMax":4,"Value":1764},{"Length":14,"Height":41,"Demand":0,"DemandMax":4,"Value":1722},{"Length":89,"Height":84,"Demand":0,"DemandMax":4,"Value":22428},{"Length":43,"Height":22,"Demand":0,"DemandMax":4,"Value":946},{"Length":13,"Height":89,"Demand":0,"DemandMax":4,"Value":1157},{"Length":20,"Height":35,"Demand":0,"DemandMax":4,"Value":700},{"Length":14,"Height":15,"Demand":0,"DemandMax":4,"Value":630},{"Length":20,"Height":6,"Demand":0,"DemandMax":4,"Value":120},{"Length":16,"Height":8,"Demand":0,"DemandMax":4,"Value":128},{"Length":58,"Height":91,"Demand":0,"DemandMax":4,"Value":10556},{"Length":78,"Height":20,"Demand":0,"DemandMax":4,"Value":3120},{"Length":84,"Height":41,"Demand":0,"DemandMax":4,"Value":10332},{"Length":63,"Height":78,"Demand":0,"DemandMax":4,"Value":14742},{"Length":13,"Height":35,"Demand":0,"DemandMax":4,"Value":910},{"Length":33,"Height":3,"Demand":0,"DemandMax":4,"Value":99},{"Length":56,"Height":64,"Demand":0,"DemandMax":4,"Value":3584},{"Length":49,"Height":79,"Demand":0,"DemandMax":4,"Value":11613},{"Length":29,"Height":28,"Demand":0,"DemandMax":4,"Value":812},{"Length":84,"Height":56,"Demand":0,"DemandMax":4,"Value":14112},{"Length":15,"Height":76,"Demand":0,"DemandMax":4,"Value":1140},{"Length":13,"Height":25,"Demand":0,"DemandMax":8,"Value":325},{"Length":33,"Height":26,"Demand":0,"DemandMax":4,"Value":1716},{"Length":19,"Height":91,"Demand":0,"DemandMax":4,"Value":5187},{"Length":4,"Height":95,"Demand":0,"DemandMax":4,"Value":1140},{"Length":33,"Height":18,"Demand":0,"DemandMax":4,"Value":1188},{"Length":83,"Height":49,"Demand":0,"DemandMax":4,"Value":8134},{"Length":93,"Height":7,"Demand":0,"DemandMax":4,"Value":1953},{"Length":43,"Height":79,"Demand":0,"DemandMax":4,"Value":10191},{"Length":47,"Height":44,"Demand":0,"DemandMax":4,"Value":4136},{"Length":41,"Height":78,"Demand":0,"DemandMax":4,"Value":9594},{"Length":4,"Height":41,"Demand":0,"DemandMax":4,"Value":328},{"Length":85,"Height":27,"Demand":0,"DemandMax":4,"Value":6885},{"Length":15,"Height":23,"Demand":0,"DemandMax":4,"Value":345},{"Length":84,"Height":46,"Demand":0,"DemandMax":4,"Value":3864},{"Length":46,"Height":8,"Demand":0,"DemandMax":4,"Value":1104},{"Length":89,"Height":38,"Demand":0,"DemandMax":4,"Value":3382},{"Length":46,"Height":7,"Demand":0,"DemandMax":4,"Value":644},{"Length":12,"Height":17,"Demand":0,"DemandMax":4,"Value":204},{"Length":38,"Height":80,"Demand":0,"DemandMax":8,"Value":9120},{"Length":5,"Height":40,"Demand":0,"DemandMax":4,"Value":200},{"Length":34,"Height":15,"Demand":0,"DemandMax":4,"Value":510},{"Length":87,"Height":47,"Demand":0,"DemandMax":4,"Value":8178},{"Length":44,"Height":88,"Demand":0,"DemandMax":8,"Value":7744},{"Length":25,"Height":79,"Demand":0,"DemandMax":4,"Value":1975},{"Length":99,"Height":39,"Demand":0,"DemandMax":4,"Value":11583},{"Length":47,"Height":46,"Demand":0,"DemandMax":8,"Value":2162},{"Length":45,"Height":19,"Demand":0,"DemandMax":4,"Value":2565},{"Length":41,"Height":15,"Demand":0,"DemandMax":8,"Value":1230},{"Length":29,"Height":49,"Demand":0,"DemandMax":4,"Value":1421},{"Length":13,"Height":19,"Demand":0,"DemandMax":4,"Value":494},{"Length":33,"Height":94,"Demand":0,"DemandMax":4,"Value":3102},{"Length":95,"Height":74,"Demand":0,"DemandMax":4,"Value":7030},{"Length":68,"Height":68,"Demand":0,"DemandMax":4,"Value":9248},{"Length":20,"Height":94,"Demand":0,"DemandMax":4,"Value":3760},{"Length":5,"Height":77,"Demand":0,"DemandMax":4,"Value":1155},{"Length":56,"Height":82,"Demand":0,"DemandMax":4,"Value":4592},{"Length":87,"Height":97,"Demand":0,"DemandMax":4,"Value":8439},{"Length":54,"Height":88,"Demand":0,"DemandMax":4,"Value":14256},{"Length":8,"Height":99,"Demand":0,"DemandMax":4,"Value":1584},{"Length":17,"Height":85,"Demand":0,"DemandMax":4,"Value":2890},{"Length":18,"Height":90,"Demand":0,"DemandMax":4,"Value":4860},{"Length":92,"Height":18,"Demand":0,"DemandMax":4,"Value":1656},{"Length":79,"Height":74,"Demand":0,"DemandMax":4,"Value":5846},{"Length":37,"Height":88,"Demand":0,"DemandMax":4,"Value":6512},{"Length":21,"Height":23,"Demand":0,"DemandMax":4,"Value":966},{"Length":9,"Height":42,"Demand":0,"DemandMax":4,"Value":756},{"Length":26,"Height":38,"Demand":0,"DemandMax":4,"Value":1976},{"Length":88,"Height":57,"Demand":0,"DemandMax":4,"Value":15048},{"Length":99,"Height":81,"Demand":0,"DemandMax":4,"Value":24057},{"Length":74,"Height":91,"Demand":0,"DemandMax":4,"Value":6734},{"Length":46,"Height":38,"Demand":0,"DemandMax":4,"Value":5244},{"Length":4,"Height":20,"Demand":0,"DemandMax":4,"Value":240},{"Length":28,"Height":92,"Demand":0,"DemandMax":4,"Value":7728},{"Length":14,"Height":95,"Demand":0,"DemandMax":4,"Value":3990},{"Length":41,"Height":20,"Demand":0,"DemandMax":4,"Value":820},{"Length":4,"Height":26,"Demand":0,"DemandMax":4,"Value":104},{"Length":92,"Height":40,"Demand":0,"DemandMax":4,"Value":11040},{"Length":25,"Height":15,"Demand":0,"DemandMax":4,"Value":750},{"Length":14,"Height":2,"Demand":0,"DemandMax":4,"Value":84},{"Length":98,"Height":2,"Demand":0,"DemandMax":4,"Value":196},{"Length":41,"Height":14,"Demand":0,"DemandMax":4,"Value":1722},{"Length":2,"Height":23,"Demand":0,"DemandMax":4,"Value":138},{"Length":27,"Height":19,"Demand":0,"DemandMax":4,"Value":1539},{"Length":24,"Height":82,"Demand":0,"DemandMax":4,"Value":1968},{"Length":13,"Height":87,"Demand":0,"DemandMax":4,"Value":3393},{"Length":20,"Height":6,"Demand":0,"DemandMax":4,"Value":360},{"Length":15,"Height":9,"Demand":0,"DemandMax":4,"Value":270},{"Length":83,"Height":32,"Demand":0,"DemandMax":4,"Value":7968},{"Length":78,"Height":55,"Demand":0,"DemandMax":4,"Value":8580},{"Length":84,"Height":28,"Demand":0,"DemandMax":4,"Value":7056},{"Length":36,"Height":5,"Demand":0,"DemandMax":4,"Value":180},{"Length":61,"Height":93,"Demand":0,"DemandMax":4,"Value":5673},{"Length":43,"Height":17,"Demand":0,"DemandMax":4,"Value":2193},{"Length":94,"Height":7,"Demand":0,"DemandMax":4,"Value":658},{"Length":8,"Height":84,"Demand":0,"DemandMax":4,"Value":2016},{"Length":80,"Height":98,"Demand":0,"DemandMax":4,"Value":23520},{"Length":97,"Height":30,"Demand":0,"DemandMax":4,"Value":5820},{"Length":3,"Height":45,"Demand":0,"DemandMax":4,"Value":135},{"Length":80,"Height":100,"Demand":0,"DemandMax":4,"Value":24000},{"Length":89,"Height":91,"Demand":0,"DemandMax":4,"Value":24297},{"Length":17,"Height":30,"Demand":0,"DemandMax":4,"Value":1020},{"Length":56,"Height":97,"Demand":0,"DemandMax":4,"Value":16296},{"Length":3,"Height":49,"Demand":0,"DemandMax":4,"Value":441},{"Length":95,"Height":90,"Demand":0,"DemandMax":4,"Value":17100},{"Length":24,"Height":47,"Demand":0,"DemandMax":4,"Value":1128},{"Length":8,"Height":18,"Demand":0,"DemandMax":4,"Value":288},{"Length":40,"Height":21,"Demand":0,"DemandMax":4,"Value":2520},{"Length":85,"Height":94,"Demand":0,"DemandMax":4,"Value":23970},{"Length":45,"Height":48,"Demand":0,"DemandMax":4,"Value":6480},{"Length":75,"Height":93,"Demand":0,"DemandMax":4,"Value":13950},{"Length":32,"Height":4,"Demand":0,"DemandMax":4,"Value":128},{"Length":24,"Height":28,"Demand":0,"DemandMax":4,"Value":1344},{"Length":59,"Height":67,"Demand":0,"DemandMax":4,"Value":3953},{"Length":97,"Height":35,"Demand":0,"DemandMax":4,"Value":6790},{"Length":48,"Height":99,"Demand":0,"DemandMax":4,"Value":9504},{"Length":7,"Height":3,"Demand":0,"DemandMax":4,"Value":63},{"Length":40,"Height":17,"Demand":0,"DemandMax":4,"Value":1360},{"Length":68,"Height":96,"Demand":0,"DemandMax":4,"Value":13056},{"Length":58,"Height":71,"Demand":0,"DemandMax":4,"Value":12354},{"Length":98,"Height":56,"Demand":0,"DemandMax":4,"Value":16464},{"Length":48,"Height":87,"Demand":0,"DemandMax":4,"Value":12528},{"Length":40,"Height":98,"Demand":0,"DemandMax":4,"Value":11760},{"Length":46,"Height":85,"Demand":0,"DemandMax":4,"Value":7820},{"Length":21,"Height":98,"Demand":0,"DemandMax":4,"Value":2058},{"Length":24,"Height":16,"Demand":0,"DemandMax":4,"Value":384},{"Length":19,"Height":94,"Demand":0,"DemandMax":4,"Value":5358},{"Length":29,"Height":39,"Demand":0,"DemandMax":4,"Value":1131},{"Length":26,"Height":29,"Demand":0,"DemandMax":4,"Value":754},{"Length":70,"Height":58,"Demand":0,"DemandMax":4,"Value":12180},{"Length":9,"Height":49,"Demand":0,"DemandMax":4,"Value":882},{"Length":46,"Height":47,"Demand":0,"DemandMax":4,"Value":6486},{"Length":33,"Height":29,"Demand":0,"DemandMax":4,"Value":957},{"Length":6,"Height":32,"Demand":0,"DemandMax":4,"Value":576},{"Length":11,"Height":44,"Demand":0,"DemandMax":4,"Value":484},{"Length":9,"Height":6,"Demand":0,"DemandMax":4,"Value":108},{"Length":35,"Height":22,"Demand":0,"DemandMax":4,"Value":770},{"Length":88,"Height":22,"Demand":0,"DemandMax":4,"Value":3872},{"Length":87,"Height":33,"Demand":0,"DemandMax":4,"Value":8613},{"Length":50,"Height":87,"Demand":0,"DemandMax":4,"Value":8700},{"Length":18,"Height":2,"Demand":0,"DemandMax":4,"Value":36},{"Length":17,"Height":28,"Demand":0,"DemandMax":4,"Value":952},{"Length":79,"Height":67,"Demand":0,"DemandMax":4,"Value":15879},{"Length":12,"Height":20,"Demand":0,"DemandMax":4,"Value":240},{"Length":45,"Height":48,"Demand":0,"DemandMax":4,"Value":2160},{"Length":100,"Height":28,"Demand":0,"DemandMax":4,"Value":2800},{"Length":15,"Height":34,"Demand":0,"DemandMax":4,"Value":1530},{"Length":84,"Height":40,"Demand":0,"DemandMax":4,"Value":3360},{"Length":86,"Height":56,"Demand":0,"DemandMax":4,"Value":4816},{"Length":37,"Height":20,"Demand":0,"DemandMax":4,"Value":1480},{"Length":32,"Height":14,"Demand":0,"DemandMax":4,"Value":1344},{"Length":85,"Height":92,"Demand":0,"DemandMax":4,"Value":23460},{"Length":79,"Height":31,"Demand":0,"DemandMax":4,"Value":7347},{"Length":2,"Height":18,"Demand":0,"DemandMax":4,"Value":108},{"Length":29,"Height":48,"Demand":0,"DemandMax":4,"Value":4176},{"Length":48,"Height":47,"Demand":0,"DemandMax":4,"Value":4512},{"Length":73,"Height":68,"Demand":0,"DemandMax":4,"Value":9928},{"Length":13,"Height":100,"Demand":0,"DemandMax":4,"Value":3900},{"Length":30,"Height":46,"Demand":0,"DemandMax":4,"Value":2760},{"Length":79,"Height":25,"Demand":0,"DemandMax":4,"Value":3950},{"Length":17,"Height":37,"Demand":0,"DemandMax":4,"Value":1258},{"Length":57,"Height":95,"Demand":0,"DemandMax":4,"Value":16245},{"Length":32,"Height":11,"Demand":0,"DemandMax":4,"Value":352},{"Length":23,"Height":11,"Demand":0,"DemandMax":4,"Value":759},{"Length":47,"Height":33,"Demand":0,"DemandMax":4,"Value":3102},{"Length":35,"Height":76,"Demand":0,"DemandMax":4,"Value":7980},{"Length":15,"Height":77,"Demand":0,"DemandMax":4,"Value":3465},{"Length":100,"Height":52,"Demand":0,"DemandMax":4,"Value":15600},{"Length":89,"Height":7,"Demand":0,"DemandMax":4,"Value":623},{"Length":43,"Height":44,"Demand":0,"DemandMax":4,"Value":5676},{"Length":46,"Height":9,"Demand":0,"DemandMax":4,"Value":828},{"Length":28,"Height":45,"Demand":0,"DemandMax":4,"Value":2520},{"Length":93,"Height":69,"Demand":0,"DemandMax":4,"Value":6417},{"Length":82,"Height":10,"Demand":0,"DemandMax":4,"Value":820},{"Length":85,"Height":44,"Demand":0,"DemandMax":4,"Value":7480},{"Length":85,"Height":3,"Demand":0,"DemandMax":4,"Value":255},{"Length":21,"Height":45,"Demand":0,"DemandMax":4,"Value":2835},{"Length":31,"Height":41,"Demand":0,"DemandMax":4,"Value":1271},{"Length":6,"Height":4,"Demand":0,"DemandMax":4,"Value":24},{"Length":48,"Height":86,"Demand":0,"DemandMax":4,"Value":8256},{"Length":26,"Height":6,"Demand":0,"DemandMax":4,"Value":468},{"Length":47,"Height":21,"Demand":0,"DemandMax":4,"Value":2961},{"Length":43,"Height":85,"Demand":0,"DemandMax":4,"Value":3655},{"Length":76,"Height":15,"Demand":0,"DemandMax":4,"Value":1140},{"Length":4,"Height":28,"Demand":0,"DemandMax":4,"Value":112},{"Length":9,"Height":98,"Demand":0,"DemandMax":4,"Value":1764},{"Length":89,"Height":25,"Demand":0,"DemandMax":4,"Value":4450},{"Length":49,"Height":38,"Demand":0,"DemandMax":4,"Value":5586},{"Length":8,"Height":21,"Demand":0,"DemandMax":4,"Value":168},{"Length":9,"Height":7,"Demand":0,"DemandMax":4,"Value":189},{"Length":25,"Height":11,"Demand":0,"DemandMax":4,"Value":550},{"Length":52,"Height":82,"Demand":0,"DemandMax":4,"Value":12792},{"Length":93,"Height":82,"Demand":0,"DemandMax":4,"Value":22878},{"Length":13,"Height":94,"Demand":0,"DemandMax":4,"Value":2444},{"Length":83,"Height":90,"Demand":0,"DemandMax":4,"Value":14940},{"Length":47,"Height":17,"Demand":0,"DemandMax":4,"Value":1598},{"Length":45,"Height":10,"Demand":0,"DemandMax":4,"Value":1350},{"Length":4,"Height":86,"Demand":0,"DemandMax":4,"Value":344},{"Length":13,"Height":13,"Demand":0,"DemandMax":4,"Value":169},{"Length":98,"Height":22,"Demand":0,"DemandMax":4,"Value":2156},{"Length":18,"Height":38,"Demand":0,"DemandMax":4,"Value":2052},{"Length":39,"Height":40,"Demand":0,"DemandMax":8,"Value":1560},{"Length":42,"Height":12,"Demand":0,"DemandMax":4,"Value":504},{"Length":85,"Height":8,"Demand":0,"DemandMax":4,"Value":2040},{"Length":24,"Height":94,"Demand":0,"DemandMax":4,"Value":2256},{"Length":23,"Height":49,"Demand":0,"DemandMax":4,"Value":3381},{"Length":28,"Height":13,"Demand":0,"DemandMax":4,"Value":364},{"Length":27,"Height":50,"Demand":0,"DemandMax":4,"Value":1350},{"Length":20,"Height":86,"Demand":0,"DemandMax":4,"Value":3440},{"Length":27,"Height":9,"Demand":0,"DemandMax":4,"Value":486},{"Length":35,"Height":17,"Demand":0,"DemandMax":4,"Value":1190},{"Length":13,"Height":24,"Demand":0,"DemandMax":4,"Value":624},{"Length":13,"Height":81,"Demand":0,"DemandMax":4,"Value":3159},{"Length":4,"Height":5,"Demand":0,"DemandMax":4,"Value":20},{"Length":24,"Height":22,"Demand":0,"DemandMax":4,"Value":1584},{"Length":95,"Height":42,"Demand":0,"DemandMax":4,"Value":7980},{"Length":38,"Height":47,"Demand":0,"DemandMax":4,"Value":5358},{"Length":33,"Height":80,"Demand":0,"DemandMax":4,"Value":5280},{"Length":16,"Height":48,"Demand":0,"DemandMax":4,"Value":768},{"Length":19,"Height":9,"Demand":0,"DemandMax":4,"Value":342},{"Length":91,"Height":59,"Demand":0,"DemandMax":4,"Value":16107},{"Length":32,"Height":81,"Demand":0,"DemandMax":4,"Value":2592},{"Length":45,"Height":22,"Demand":0,"DemandMax":4,"Value":1980},{"Length":17,"Height":96,"Demand":0,"DemandMax":4,"Value":4896},{"Length":7,"Height":40,"Demand":0,"DemandMax":4,"Value":560},{"Length":12,"Height":4,"Demand":0,"DemandMax":4,"Value":48},{"Length":40,"Height":23,"Demand":0,"DemandMax":4,"Value":920},{"Length":28,"Height":16,"Demand":0,"DemandMax":4,"Value":448},{"Length":8,"Height":29,"Demand":0,"DemandMax":4,"Value":232},{"Length":31,"Height":8,"Demand":0,"DemandMax":4,"Value":496},{"Length":4,"Height":39,"Demand":0,"DemandMax":4,"Value":156},{"Length":19,"Height":5,"Demand":0,"DemandMax":4,"Value":95},{"Length":2,"Height":89,"Demand":0,"DemandMax":4,"Value":356},{"Length":15,"Height":23,"Demand":0,"DemandMax":4,"Value":1035},{"Length":20,"Height":80,"Demand":0,"DemandMax":4,"Value":3200},{"Length":26,"Height":22,"Demand":0,"DemandMax":4,"Value":1144},{"Length":83,"Height":37,"Demand":0,"DemandMax":4,"Value":9213},{"Length":41,"Height":36,"Demand":0,"DemandMax":4,"Value":4428},{"Length":25,"Height":8,"Demand":0,"DemandMax":4,"Value":600},{"Length":91,"Height":32,"Demand":0,"DemandMax":4,"Value":8736},{"Length":9,"Height":5,"Demand":0,"DemandMax":4,"Value":45},{"Length":24,"Height":20,"Demand":0,"DemandMax":4,"Value":480},{"Length":87,"Height":24,"Demand":0,"DemandMax":4,"Value":2088},{"Length":36,"Height":49,"Demand":0,"DemandMax":4,"Value":1764},{"Length":44,"Height":94,"Demand":0,"DemandMax":4,"Value":12408},{"Length":65,"Height":67,"Demand":0,"DemandMax":4,"Value":8710},{"Length":35,"Height":27,"Demand":0,"DemandMax":4,"Value":1890},{"Length":9,"Height":90,"Demand":0,"DemandMax":4,"Value":2430},{"Length":100,"Height":40,"Demand":0,"DemandMax":4,"Value":12000},{"Length":44,"Height":79,"Demand":0,"DemandMax":4,"Value":10428},{"Length":13,"Height":37,"Demand":0,"DemandMax":4,"Value":481},{"Length":77,"Height":43,"Demand":0,"DemandMax":4,"Value":9933},{"Length":47,"Height":43,"Demand":0,"DemandMax":4,"Value":2021},{"Length":38,"Height":9,"Demand":0,"DemandMax":4,"Value":342},{"Length":4,"Height":27,"Demand":0,"DemandMax":4,"Value":108},{"Length":45,"Height":79,"Demand":0,"DemandMax":4,"Value":7110},{"Length":72,"Height":63,"Demand":0,"DemandMax":4,"Value":9072},{"Length":77,"Height":12,"Demand":0,"DemandMax":4,"Value":2772},{"Length":49,"Height":33,"Demand":0,"DemandMax":4,"Value":4851},{"Length":78,"Height":89,"Demand":0,"DemandMax":4,"Value":13884},{"Length":99,"Height":32,"Demand":0,"DemandMax":4,"Value":3168},{"Length":84,"Height":68,"Demand":0,"DemandMax":4,"Value":5712},{"Length":14,"Height":43,"Demand":0,"DemandMax":4,"Value":1806},{"Length":49,"Height":96,"Demand":0,"DemandMax":4,"Value":9408},{"Length":49,"Height":32,"Demand":0,"DemandMax":4,"Value":1568},{"Length":45,"Height":41,"Demand":0,"DemandMax":4,"Value":1845},{"Length":24,"Height":46,"Demand":0,"DemandMax":4,"Value":1104},{"Length":28,"Height":47,"Demand":0,"DemandMax":4,"Value":3948},{"Length":95,"Height":47,"Demand":0,"DemandMax":4,"Value":8930},{"Length":30,"Height":18,"Demand":0,"DemandMax":4,"Value":540},{"Length":91,"Height":98,"Demand":0,"DemandMax":4,"Value":8918},{"Length":94,"Height":14,"Demand":0,"DemandMax":4,"Value":1316},{"Length":15,"Height":42,"Demand":0,"DemandMax":4,"Value":630},{"Length":30,"Height":25,"Demand":0,"DemandMax":4,"Value":750},{"Length":53,"Height":81,"Demand":0,"DemandMax":4,"Value":8586},{"Length":43,"Height":37,"Demand":0,"DemandMax":4,"Value":4773},{"Length":14,"Height":84,"Demand":0,"DemandMax":4,"Value":3528},{"Length":46,"Height":8,"Demand":0,"DemandMax":4,"Value":736},{"Length":35,"Height":12,"Demand":0,"DemandMax":4,"Value":1260},{"Length":25,"Height":38,"Demand":0,"DemandMax":4,"Value":1900},{"Length":91,"Height":44,"Demand":0,"DemandMax":4,"Value":4004},{"Length":77,"Height":21,"Demand":0,"DemandMax":4,"Value":3234},{"Length":88,"Height":47,"Demand":0,"DemandMax":4,"Value":8272},{"Length":33,"Height":88,"Demand":0,"DemandMax":4,"Value":2904},{"Length":23,"Height":28,"Demand":0,"DemandMax":4,"Value":1288},{"Length":21,"Height":4,"Demand":0,"DemandMax":4,"Value":168},{"Length":79,"Height":50,"Demand":0,"DemandMax":4,"Value":11850},{"Length":76,"Height":2,"Demand":0,"DemandMax":4,"Value":152},{"Length":20,"Height":81,"Demand":0,"DemandMax":4,"Value":1620},{"Length":15,"Height":100,"Demand":0,"DemandMax":4,"Value":1500},{"Length":27,"Height":76,"Demand":0,"DemandMax":4,"Value":2052},{"Length":76,"Height":94,"Demand":0,"DemandMax":4,"Value":21432},{"Length":78,"Height":39,"Demand":0,"DemandMax":4,"Value":9126},{"Length":18,"Height":4,"Demand":0,"DemandMax":4,"Value":72},{"Length":81,"Height":25,"Demand":0,"DemandMax":4,"Value":6075},{"Length":43,"Height":35,"Demand":0,"DemandMax":4,"Value":3010},{"Length":46,"Height":26,"Demand":0,"DemandMax":4,"Value":1196},{"Length":5,"Height":27,"Demand":0,"DemandMax":4,"Value":405},{"Length":17,"Height":11,"Demand":0,"DemandMax":4,"Value":374},{"Length":20,"Height":17,"Demand":0,"DemandMax":4,"Value":680},{"Length":63,"Height":93,"Demand":0,"DemandMax":4,"Value":11718},{"Length":44,"Height":12,"Demand":0,"DemandMax":4,"Value":528},{"Length":84,"Height":18,"Demand":0,"DemandMax":4,"Value":3024},{"Length":34,"Height":23,"Demand":0,"DemandMax":4,"Value":1564},{"Length":82,"Height":43,"Demand":0,"DemandMax":4,"Value":10578},{"Length":17,"Height":38,"Demand":0,"DemandMax":4,"Value":1292},{"Length":76,"Height":45,"Demand":0,"DemandMax":4,"Value":6840},{"Length":30,"Height":49,"Demand":0,"DemandMax":4,"Value":4410},{"Length":38,"Height":94,"Demand":0,"DemandMax":4,"Value":7144},{"Length":27,"Height":48,"Demand":0,"DemandMax":4,"Value":3888},{"Length":48,"Height":43,"Demand":0,"DemandMax":4,"Value":6192},{"Length":77,"Height":24,"Demand":0,"DemandMax":4,"Value":5544},{"Length":87,"Height":39,"Demand":0,"DemandMax":4,"Value":6786},{"Length":78,"Height":50,"Demand":0,"DemandMax":4,"Value":11700},{"Length":89,"Height":15,"Demand":0,"DemandMax":4,"Value":4005},{"Length":76,"Height":47,"Demand":0,"DemandMax":4,"Value":3572},{"Length":44,"Height":16,"Demand":0,"DemandMax":4,"Value":704},{"Length":15,"Height":49,"Demand":0,"DemandMax":4,"Value":1470},{"Length":35,"Height":40,"Demand":0,"DemandMax":4,"Value":1400},{"Length":89,"Height":49,"Demand":0,"DemandMax":4,"Value":8722},{"Length":8,"Height":36,"Demand":0,"DemandMax":4,"Value":288},{"Length":89,"Height":75,"Demand":0,"DemandMax":4,"Value":13350},{"Length":45,"Height":7,"Demand":0,"DemandMax":4,"Value":315},{"Length":2,"Height":21,"Demand":0,"DemandMax":4,"Value":84},{"Length":48,"Height":94,"Demand":0,"DemandMax":4,"Value":13536},{"Length":8,"Height":10,"Demand":0,"DemandMax":4,"Value":160},{"Length":23,"Height":96,"Demand":0,"DemandMax":4,"Value":2208},{"Length":48,"Height":22,"Demand":0,"DemandMax":4,"Value":2112},{"Length":48,"Height":25,"Demand":0,"DemandMax":4,"Value":2400},{"Length":4,"Height":33,"Demand":0,"DemandMax":4,"Value":132},{"Length":16,"Height":86,"Demand":0,"DemandMax":4,"Value":2752},{"Length":44,"Height":2,"Demand":0,"DemandMax":4,"Value":264},{"Length":82,"Height":90,"Demand":0,"DemandMax":4,"Value":14760},{"Length":32,"Height":98,"Demand":0,"DemandMax":4,"Value":6272},{"Length":26,"Height":83,"Demand":0,"DemandMax":4,"Value":2158},{"Length":82,"Height":59,"Demand":0,"DemandMax":4,"Value":4838},{"Length":9,"Height":38,"Demand":0,"DemandMax":4,"Value":1026},{"Length":45,"Height":36,"Demand":0,"DemandMax":4,"Value":3240},{"Length":55,"Height":59,"Demand":0,"DemandMax":4,"Value":3245},{"Length":46,"Height":83,"Demand":0,"DemandMax":4,"Value":11454},{"Length":42,"Height":27,"Demand":0,"DemandMax":4,"Value":3402},{"Length":86,"Height":86,"Demand":0,"DemandMax":4,"Value":14792},{"Length":9,"Height":30,"Demand":0,"DemandMax":4,"Value":540},{"Length":92,"Height":15,"Demand":0,"DemandMax":4,"Value":1380},{"Length":27,"Height":46,"Demand":0,"DemandMax":4,"Value":3726},{"Length":67,"Height":80,"Demand":0,"DemandMax":4,"Value":10720},{"Length":13,"Height":41,"Demand":0,"DemandMax":4,"Value":1599},{"Length":20,"Height":17,"Demand":0,"DemandMax":4,"Value":340},{"Length":15,"Height":21,"Demand":0,"DemandMax":4,"Value":945},{"Length":42,"Height":21,"Demand":0,"DemandMax":4,"Value":2646},{"Length":3,"Height":49,"Demand":0,"DemandMax":4,"Value":147},{"Length":100,"Height":43,"Demand":0,"DemandMax":4,"Value":8600},{"Length":3,"Height":16,"Demand":0,"DemandMax":4,"Value":48},{"Length":11,"Height":39,"Demand":0,"DemandMax":4,"Value":858},{"Length":37,"Height":48,"Demand":0,"DemandMax":4,"Value":3552},{"Length":32,"Height":84,"Demand":0,"DemandMax":4,"Value":8064},{"Length":85,"Height":17,"Demand":0,"DemandMax":4,"Value":2890},{"Length":33,"Height":50,"Demand":0,"DemandMax":4,"Value":3300},{"Length":8,"Height":31,"Demand":0,"DemandMax":4,"Value":744},{"Length":99,"Height":73,"Demand":0,"DemandMax":4,"Value":7227},{"Length":99,"Height":43,"Demand":0,"DemandMax":4,"Value":12771},{"Length":50,"Height":96,"Demand":0,"DemandMax":4,"Value":9600},{"Length":64,"Height":74,"Demand":0,"DemandMax":4,"Value":14208},{"Length":5,"Height":92,"Demand":0,"DemandMax":4,"Value":1380},{"Length":69,"Height":68,"Demand":0,"DemandMax":4,"Value":9384},{"Length":95,"Height":9,"Demand":0,"DemandMax":4,"Value":1710},{"Length":44,"Height":48,"Demand":0,"DemandMax":4,"Value":4224},{"Length":40,"Height":11,"Demand":0,"DemandMax":4,"Value":1320},{"Length":8,"Height":12,"Demand":0,"DemandMax":4,"Value":96},{"Length":8,"Height":94,"Demand":0,"DemandMax":4,"Value":2256},{"Length":48,"Height":31,"Demand":0,"DemandMax":4,"Value":4464},{"Length":39,"Height":87,"Demand":0,"DemandMax":4,"Value":10179},{"Length":39,"Height":28,"Demand":0,"DemandMax":4,"Value":2184},{"Length":29,"Height":31,"Demand":0,"DemandMax":4,"Value":2697},{"Length":34,"Height":18,"Demand":0,"DemandMax":4,"Value":1224},{"Length":35,"Height":7,"Demand":0,"DemandMax":4,"Value":490},{"Length":11,"Height":10,"Demand":0,"DemandMax":4,"Value":110},{"Length":10,"Height":91,"Demand":0,"DemandMax":4,"Value":910},{"Length":23,"Height":14,"Demand":0,"DemandMax":4,"Value":966},{"Length":5,"Height":30,"Demand":0,"DemandMax":4,"Value":450},{"Length":45,"Height":18,"Demand":0,"DemandMax":4,"Value":2430},{"Length":48,"Height":16,"Demand":0,"DemandMax":4,"Value":768},{"Length":48,"Height":28,"Demand":0,"DemandMax":4,"Value":2688},{"Length":86,"Height":79,"Demand":0,"DemandMax":4,"Value":20382},{"Length":25,"Height":49,"Demand":0,"DemandMax":4,"Value":1225},{"Length":100,"Height":63,"Demand":0,"DemandMax":4,"Value":12600},{"Length":81,"Height":37,"Demand":0,"DemandMax":4,"Value":2997},{"Length":17,"Height":47,"Demand":0,"DemandMax":4,"Value":799},{"Length":33,"Height":13,"Demand":0,"DemandMax":4,"Value":858},{"Length":6,"Height":31,"Demand":0,"DemandMax":4,"Value":372},{"Length":40,"Height":34,"Demand":0,"DemandMax":4,"Value":4080},{"Length":18,"Height":16,"Demand":0,"DemandMax":4,"Value":288},{"Length":95,"Height":17,"Demand":0,"DemandMax":4,"Value":1615},{"Length":13,"Height":20,"Demand":0,"DemandMax":4,"Value":780},{"Length":43,"Height":100,"Demand":0,"DemandMax":4,"Value":4300},{"Length":2,"Height":88,"Demand":0,"DemandMax":4,"Value":176},{"Length":42,"Height":18,"Demand":0,"DemandMax":4,"Value":2268},{"Length":19,"Height":10,"Demand":0,"DemandMax":4,"Value":380},{"Length":89,"Height":34,"Demand":0,"DemandMax":4,"Value":6052},{"Length":8,"Height":22,"Demand":0,"DemandMax":4,"Value":528},{"Length":32,"Height":21,"Demand":0,"DemandMax":4,"Value":2016},{"Length":8,"Height":14,"Demand":0,"DemandMax":4,"Value":112},{"Length":21,"Height":46,"Demand":0,"DemandMax":4,"Value":1932},{"Length":100,"Height":17,"Demand":0,"DemandMax":4,"Value":1700},{"Length":83,"Height":56,"Demand":0,"DemandMax":4,"Value":9296},{"Length":99,"Height":98,"Demand":0,"DemandMax":4,"Value":19404},{"Length":18,"Height":100,"Demand":0,"DemandMax":4,"Value":5400},{"Length":98,"Height":31,"Demand":0,"DemandMax":4,"Value":6076},{"Length":18,"Height":33,"Demand":0,"DemandMax":4,"Value":1782},{"Length":81,"Height":17,"Demand":0,"DemandMax":4,"Value":2754},{"Length":70,"Height":75,"Demand":0,"DemandMax":4,"Value":15750},{"Length":96,"Height":43,"Demand":0,"DemandMax":4,"Value":8256},{"Length":18,"Height":40,"Demand":0,"DemandMax":4,"Value":2160}]}