{"Name":"ngcutfs1_40","Objects":[{"Length":100,"Height":100,"Stock":null,"Cost":10000}],"Items":[{"Length":96,"Height":12,"Demand":0,"DemandMax":1,"Value":3456},{"Length":5,"Height":11,"Demand":0,"DemandMax":1,"Value":165},{"Length":78,"Height":63,"Demand":0,"DemandMax":1,"Value":9828},{"Length":97,"Height":71,"Demand":0,"DemandMax":1,"Value":20661},{"Length":43,"Height":92,"Demand":0,"DemandMax":1,"Value":7912},{"Length":25,"Height":32,"Demand":0,"DemandMax":1,"Value":800},{"Length":76,"Height":21,"Demand":0,"DemandMax":1,"Value":1596},{"Length":55,"Height":82,"Demand":0,"DemandMax":1,"Value":9020},{"Length":6,"Height":77,"Demand":0,"DemandMax":1,"Value":924},{"Length":97,"Height":31,"Demand":0,"DemandMax":1,"Value":6014},{"Length":89,"Height":58,"Demand":0,"DemandMax":1,"Value":15486},{"Length":71,"Height":60,"Demand":0,"DemandMax":1,"Value":8520},{"Length":89,"Height":49,"Demand":0,"DemandMax":1,"Value":4361},{"Length":44,"Height":23,"Demand":0,"DemandMax":1,"Value":2024},{"Length":29,"Height":48,"Demand":0,"DemandMax":1,"Value":1392},{"Length":29,"Height":45,"Demand":0,"DemandMax":1,"Value":1305},{"Length":90,"Height":43,"Demand":0,"DemandMax":1,"Value":7740},{"Length":87,"Height":68,"Demand":0,"DemandMax":1,"Value":5916},{"Length":30,"Height":88,"Demand":0,"DemandMax":1,"Value":2640},{"Length":92,"Height":2,"Demand":0,"DemandMax":1,"Value":368},{"Length":6,"Height":33,"Demand":0,"DemandMax":1,"Value":198},{"Length":33,"Height":2,"Demand":0,"DemandMax":1,"Value":198},{"Length":48,"Height":7,"Demand":0,"DemandMax":1,"Value":336},{"Length":48,"Height":93,"Demand":0,"DemandMax":1,"Value":13392},{"Length":69,"Height":53,"Demand":0,"DemandMax":1,"Value":3657},{"Length":36,"Height":21,"Demand":0,"DemandMax":1,"Value":1512},{"Length":19,"Height":95,"Demand":0,"DemandMax":1,"Value":5415},{"Length":58,"Height":93,"Demand":0,"DemandMax":1,"Value":10788},{"Length":99,"Height":8,"Demand":0,"DemandMax":1,"Value":792},{"Length":17,"Height":48,"Demand":0,"DemandMax":1,"Value":816},{"Length":16,"Height":46,"Demand":0,"DemandMax":1,"Value":2208},{"Length":71,"Height":53,"Demand":0,"DemandMax":1,"Value":7526},{"Length":98,"Height":5,"Demand":0,"DemandMax":1,"Value":1470},{"Length":7,"Height":6,"Demand":0,"DemandMax":1,"Value":84},{"Length":100,"Height":18,"Demand":0,"DemandMax":1,"Value":1800},{"Length":64,"Height":55,"Demand":0,"DemandMax":1,"Value":3520},{"Length":84,"Height":35,"Demand":0,"DemandMax":1,"Value":8820},{"Length":12,"Height":21,"Demand":0,"DemandMax":1,"Value":756},{"Length":25,"Height":16,"Demand":0,"DemandMax":1,"Value":800},{"Length":11,"Height":96,"Demand":0,"DemandMax":1,"Value":3168},{"Length":64,"Height":88,"Demand":0,"DemandMax":1,"Value":16896},{"Length":24,"Height":21,"Demand":0,"DemandMax":1,"Value":1512},{"Length":48,"Height":100,"Demand":0,"DemandMax":1,"Value":14400},{"Length":28,"Height":33,"Demand":0,"DemandMax":1,"Value":924},{"Length":100,"Height":29,"Demand":0,"DemandMax":1,"Value":2900},{"Length":75,"Height":93,"Demand":0,"DemandMax":1,"Value":6975},{"Length":24,"Height":92,"Demand":0,"DemandMax":1,"Value":6624},{"Length":50,"Height":96,"Demand":0,"DemandMax":1,"Value":9600},{"Length":46,"Height":17,"Demand":0,"DemandMax":1,"Value":782},{"Length":95,"Height":11,"Demand":0,"DemandMax":1,"Value":1045}]}