{"Name":"ngcutfs2_123","Objects":[{"Length":100,"Height":100,"Stock":null,"Cost":10000}],"Items":[{"Length":23,"Height":47,"Demand":0,"DemandMax":1,"Value":2162},{"Length":7,"Height":21,"Demand":0,"DemandMax":1,"Value":294},{"Length":29,"Height":42,"Demand":0,"DemandMax":1,"Value":3654},{"Length":5,"Height":27,"Demand":0,"DemandMax":1,"Value":135},{"Length":57,"Height":67,"Demand":0,"DemandMax":1,"Value":11457},{"Length":98,"Height":38,"Demand":0,"DemandMax":1,"Value":3724},{"Length":29,"Height":41,"Demand":0,"DemandMax":1,"Value":1189},{"Length":94,"Height":70,"Demand":0,"DemandMax":1,"Value":19740},{"Length":11,"Height":15,"Demand":0,"DemandMax":1,"Value":165},{"Length":71,"Height":94,"Demand":0,"DemandMax":1,"Value":6674},{"Length":49,"Height":13,"Demand":0,"DemandMax":1,"Value":1274},{"Length":33,"Height":9,"Demand":0,"DemandMax":1,"Value":891},{"Length":31,"Height":77,"Demand":0,"DemandMax":1,"Value":4774},{"Length":82,"Height":58,"Demand":0,"DemandMax":1,"Value":4756},{"Length":21,"Height":36,"Demand":0,"DemandMax":1,"Value":1512},{"Length":25,"Height":93,"Demand":0,"DemandMax":1,"Value":2325},{"Length":28,"Height":82,"Demand":0,"DemandMax":1,"Value":4592},{"Length":47,"Height":13,"Demand":0,"DemandMax":1,"Value":1222},{"Length":2,"Height":6,"Demand":0,"DemandMax":1,"Value":36},{"Length":7,"Height":39,"Demand":0,"DemandMax":1,"Value":819},{"Length":2,"Height":33,"Demand":0,"DemandMax":1,"Value":132},{"Length":41,"Height":19,"Demand":0,"DemandMax":1,"Value":779},{"Length":88,"Height":10,"Demand":0,"DemandMax":1,"Value":2640},{"Length":12,"Height":2,"Demand":0,"DemandMax":1,"Value":24},{"Length":91,"Height":81,"Demand":0,"DemandMax":1,"Value":22113},{"Length":22,"Height":2,"Demand":0,"DemandMax":1,"Value":88},{"Length":98,"Height":24,"Demand":0,"DemandMax":1,"Value":7056},{"Length":50,"Height":50,"Demand":0,"DemandMax":1,"Value":7500},{"Length":27,"Height":97,"Demand":0,"DemandMax":1,"Value":5238},{"Length":26,"Height":17,"Demand":0,"DemandMax":1,"Value":884},{"Length":51,"Height":52,"Demand":0,"DemandMax":1,"Value":2652},{"Length":99,"Height":4,"Demand":0,"DemandMax":1,"Value":792},{"Length":84,"Height":82,"Demand":0,"DemandMax":1,"Value":13776},{"Length":25,"Height":16,"Demand":0,"DemandMax":1,"Value":1200},{"Length":5,"Height":37,"Demand":0,"DemandMax":1,"Value":555},{"Length":66,"Height":89,"Demand":0,"DemandMax":1,"Value":11748},{"Length":5,"Height":50,"Demand":0,"DemandMax":1,"Value":500},{"Length":6,"Height":35,"Demand":0,"DemandMax":1,"Value":210},{"Length":3,"Height":90,"Demand":0,"DemandMax":1,"Value":540},{"Length":49,"Height":31,"Demand":0,"DemandMax":1,"Value":3038},{"Length":38,"Height":44,"Demand":0,"DemandMax":1,"Value":3344},{"Length":83,"Height":12,"Demand":0,"DemandMax":1,"Value":2988},{"Length":17,"Height":20,"Demand":0,"DemandMax":1,"Value":340},{"Length":37,"Height":26,"Demand":0,"DemandMax":1,"Value":962},{"Length":49,"Height":40,"Demand":0,"DemandMax":1,"Value":3920},{"Length":42,"Height":40,"Demand":0,"DemandMax":1,"Value":1680},{"Length":14,"Height":6,"Demand":0,"DemandMax":1,"Value":168},{"Length":81,"Height":25,"Demand":0,"DemandMax":1,"Value":6075},{"Length":43,"Height":41,"Demand":0,"DemandMax":1,"Value":3526},{"Length":27,"Height":83,"Demand":0,"DemandMax":1,"Value":6723},{"Length":13,"Height":27,"Demand":0,"DemandMax":1,"Value":702},{"Length":43,"Height":11,"Demand":0,"DemandMax":1,"Value":1419},{"Length":74,"Height":99,"Demand":0,"DemandMax":1,"Value":21978},{"Length":49,"Height":26,"Demand":0,"DemandMax":1,"Value":3822},{"Length":22,"Height":94,"Demand":0,"DemandMax":1,"Value":4136},{"Length":99,"Height":16,"Demand":0,"DemandMax":1,"Value":3168},{"Length":87,"Height":5,"Demand":0,"DemandMax":1,"Value":435},{"Length":75,"Height":79,"Demand":0,"DemandMax":2,"Value":5925},{"Length":8,"Height":90,"Demand":0,"DemandMax":1,"Value":2160},{"Length":34,"Height":5,"Demand":0,"DemandMax":2,"Value":340},{"Length":20,"Height":15,"Demand":0,"DemandMax":1,"Value":900},{"Length":63,"Height":88,"Demand":0,"DemandMax":1,"Value":11088},{"Length":93,"Height":20,"Demand":0,"DemandMax":1,"Value":5580},{"Length":76,"Height":78,"Demand":0,"DemandMax":1,"Value":11856},{"Length":23,"Height":77,"Demand":0,"DemandMax":1,"Value":1771},{"Length":36,"Height":3,"Demand":0,"DemandMax":1,"Value":108},{"Length":19,"Height":92,"Demand":0,"DemandMax":2,"Value":1748},{"Length":93,"Height":9,"Demand":0,"DemandMax":1,"Value":2511},{"Length":18,"Height":13,"Demand":0,"DemandMax":1,"Value":468},{"Length":47,"Height":96,"Demand":0,"DemandMax":1,"Value":13536},{"Length":21,"Height":76,"Demand":0,"DemandMax":1,"Value":1596},{"Length":6,"Height":90,"Demand":0,"DemandMax":1,"Value":1080},{"Length":2,"Height":83,"Demand":0,"DemandMax":1,"Value":332},{"Length":16,"Height":36,"Demand":0,"DemandMax":1,"Value":1152},{"Length":95,"Height":32,"Demand":0,"DemandMax":1,"Value":9120},{"Length":80,"Height":57,"Demand":0,"DemandMax":1,"Value":13680},{"Length":59,"Height":93,"Demand":0,"DemandMax":1,"Value":10974},{"Length":69,"Height":97,"Demand":0,"DemandMax":1,"Value":13386},{"Length":37,"Height":29,"Demand":0,"DemandMax":1,"Value":1073},{"Length":12,"Height":16,"Demand":0,"DemandMax":1,"Value":192},{"Length":37,"Height":85,"Demand":0,"DemandMax":1,"Value":6290},{"Length":7,"Height":27,"Demand":0,"DemandMax":1,"Value":567},{"Length":12,"Height":83,"Demand":0,"DemandMax":1,"Value":2988},{"Length":97,"Height":21,"Demand":0,"DemandMax":1,"Value":4074},{"Length":17,"Height":32,"Demand":0,"DemandMax":1,"Value":1632},{"Length":24,"Height":28,"Demand":0,"DemandMax":1,"Value":1344},{"Length":95,"Height":33,"Demand":0,"DemandMax":1,"Value":3135},{"Length":25,"Height":30,"Demand":0,"DemandMax":1,"Value":2250},{"Length":20,"Height":38,"Demand":0,"DemandMax":1,"Value":760},{"Length":69,"Height":98,"Demand":0,"DemandMax":1,"Value":6762},{"Length":23,"Height":45,"Demand":0,"DemandMax":1,"Value":1035},{"Length":8,"Height":31,"Demand":0,"DemandMax":1,"Value":496},{"Length":92,"Height":61,"Demand":0,"DemandMax":1,"Value":11224},{"Length":45,"Height":87,"Demand":0,"DemandMax":1,"Value":7830},{"Length":72,"Height":86,"Demand":0,"DemandMax":1,"Value":6192},{"Length":41,"Height":43,"Demand":0,"DemandMax":1,"Value":5289},{"Length":21,"Height":46,"Demand":0,"DemandMax":1,"Value":1932},{"Length":46,"Height":2,"Demand":0,"DemandMax":1,"Value":92},{"Length":67,"Height":99,"Demand":0,"DemandMax":1,"Value":13266},{"Length":40,"Height":37,"Demand":0,"DemandMax":1,"Value":2960},{"Length":24,"Height":3,"Demand":0,"DemandMax":1,"Value":216},{"Length":46,"Height":18,"Demand":0,"DemandMax":1,"Value":828},{"Length":89,"Height":20,"Demand":0,"DemandMax":1,"Value":3560},{"Length":2,"Height":29,"Demand":0,"DemandMax":1,"Value":58},{"Length":34,"Height":4,"Demand":0,"DemandMax":1,"Value":272},{"Length":90,"Height":7,"Demand":0,"DemandMax":1,"Value":1260},{"Length":35,"Height":46,"Demand":0,"DemandMax":1,"Value":3220},{"Length":77,"Height":17,"Demand":0,"DemandMax":1,"Value":2618},{"Length":66,"Height":75,"Demand":0,"DemandMax":1,"Value":4950},{"Length":44,"Height":49,"Demand":0,"DemandMax":1,"Value":4312},{"Length":80,"Height":40,"Demand":0,"DemandMax":1,"Value":9600},{"Length":26,"Height":10,"Demand":0,"DemandMax":1,"Value":520},{"Length":39,"Height":20,"Demand":0,"DemandMax":1,"Value":1560},{"Length":95,"Height":28,"Demand":0,"DemandMax":1,"Value":5320},{"Length":42,"Height":77,"Demand":0,"DemandMax":1,"Value":3234},{"Length":91,"Height":7,"Demand":0,"DemandMax":1,"Value":637},{"Length":34,"Height":4,"Demand":0,"DemandMax":1,"Value":408},{"Length":33,"Height":97,"Demand":0,"DemandMax":2,"Value":9603},{"Length":92,"Height":87,"Demand":0,"DemandMax":1,"Value":8004},{"Length":13,"Height":11,"Demand":0,"DemandMax":1,"Value":286},{"Length":44,"Height":36,"Demand":0,"DemandMax":1,"Value":3168},{"Length":50,"Height":28,"Demand":0,"DemandMax":1,"Value":4200},{"Length":39,"Height":40,"Demand":0,"DemandMax":1,"Value":4680},{"Length":83,"Height":6,"Demand":0,"DemandMax":1,"Value":498},{"Length":51,"Height":65,"Demand":0,"DemandMax":1,"Value":9945},{"Length":82,"Height":2,"Demand":0,"DemandMax":1,"Value":492},{"Length":90,"Height":16,"Demand":0,"DemandMax":1,"Value":1440},{"Length":44,"Height":19,"Demand":0,"DemandMax":1,"Value":836},{"Length":89,"Height":53,"Demand":0,"DemandMax":1,"Value":9434},{"Length":100,"Height":27,"Demand":0,"DemandMax":1,"Value":5400},{"Length":50,"Height":29,"Demand":0,"DemandMax":1,"Value":2900},{"Length":7,"Height":24,"Demand":0,"DemandMax":1,"Value":504},{"Length":54,"Height":82,"Demand":0,"DemandMax":1,"Value":13284},{"Length":30,"Height":5,"Demand":0,"DemandMax":1,"Value":150},{"Length":86,"Height":11,"Demand":0,"DemandMax":1,"Value":2838},{"Length":45,"Height":100,"Demand":0,"DemandMax":1,"Value":4500},{"Length":41,"Height":35,"Demand":0,"DemandMax":1,"Value":2870},{"Length":18,"Height":48,"Demand":0,"DemandMax":1,"Value":2592},{"Length":86,"Height":35,"Demand":0,"DemandMax":1,"Value":9030},{"Length":94,"Height":23,"Demand":0,"DemandMax":1,"Value":6486},{"Length":34,"Height":98,"Demand":0,"DemandMax":1,"Value":3332},{"Length":11,"Height":11,"Demand":0,"DemandMax":1,"Value":121},{"Length":74,"Height":68,"Demand":0,"DemandMax":1,"Value":15096},{"Length":38,"Height":29,"Demand":0,"DemandMax":1,"Value":3306},{"Length":14,"Height":7,"Demand":0,"DemandMax":1,"Value":98},{"Length":48,"Height":26,"Demand":0,"DemandMax":1,"Value":3744},{"Length":42,"Height":92,"Demand":0,"DemandMax":1,"Value":3864},{"Length":84,"Height":5,"Demand":0,"DemandMax":1,"Value":420},{"Length":90,"Height":15,"Demand":0,"DemandMax":1,"Value":2700},{"Length":29,"Height":91,"Demand":0,"DemandMax":1,"Value":5278},{"Length":6,"Height":20,"Demand":0,"DemandMax":1,"Value":240},{"Length":94,"Height":44,"Demand":0,"DemandMax":1,"Value":4136},{"Length":14,"Height":38,"Demand":0,"DemandMax":1,"Value":532},{"Length":8,"Height":7,"Demand":0,"DemandMax":1,"Value":168},{"Length":37,"Height":48,"Demand":0,"DemandMax":1,"Value":1776},{"Length":33,"Height":15,"Demand":0,"DemandMax":1,"Value":990},{"Length":81,"Height":32,"Demand":0,"DemandMax":1,"Value":2592},{"Length":70,"Height":66,"Demand":0,"DemandMax":1,"Value":4620},{"Length":47,"Height":12,"Demand":0,"DemandMax":1,"Value":1128},{"Length":95,"Height":42,"Demand":0,"DemandMax":1,"Value":11970},{"Length":31,"Height":34,"Demand":0,"DemandMax":1,"Value":2108},{"Length":93,"Height":43,"Demand":0,"DemandMax":1,"Value":3999},{"Length":43,"Height":22,"Demand":0,"DemandMax":1,"Value":2838},{"Length":33,"Height":25,"Demand":0,"DemandMax":1,"Value":825},{"Length":21,"Height":99,"Demand":0,"DemandMax":1,"Value":6237},{"Length":5,"Height":37,"Demand":0,"DemandMax":1,"Value":370},{"Length":2,"Height":45,"Demand":0,"DemandMax":1,"Value":90},{"Length":35,"Height":94,"Demand":0,"DemandMax":1,"Value":9870},{"Length":55,"Height":63,"Demand":0,"DemandMax":1,"Value":3465},{"Length":44,"Height":45,"Demand":0,"DemandMax":1,"Value":1980},{"Length":82,"Height":97,"Demand":0,"DemandMax":1,"Value":7954},{"Length":45,"Height":45,"Demand":0,"DemandMax":1,"Value":6075},{"Length":35,"Height":83,"Demand":0,"DemandMax":1,"Value":2905},{"Length":27,"Height":28,"Demand":0,"DemandMax":1,"Value":2268},{"Length":15,"Height":36,"Demand":0,"DemandMax":1,"Value":1620},{"Length":100,"Height":25,"Demand":0,"DemandMax":1,"Value":2500},{"Length":11,"Height":45,"Demand":0,"DemandMax":1,"Value":990},{"Length":32,"Height":29,"Demand":0,"DemandMax":1,"Value":928},{"Length":12,"Height":76,"Demand":0,"DemandMax":1,"Value":1824},{"Length":97,"Height":49,"Demand":0,"DemandMax":1,"Value":9506},{"Length":46,"Height":93,"Demand":0,"DemandMax":1,"Value":12834},{"Length":45,"Height":38,"Demand":0,"DemandMax":1,"Value":1710},{"Length":40,"Height":90,"Demand":0,"DemandMax":1,"Value":10800},{"Length":13,"Height":17,"Demand":0,"DemandMax":1,"Value":221},{"Length":46,"Height":26,"Demand":0,"DemandMax":1,"Value":2392},{"Length":25,"Height":2,"Demand":0,"DemandMax":1,"Value":150},{"Length":14,"Height":79,"Demand":0,"DemandMax":1,"Value":2212},{"Length":83,"Height":18,"Demand":0,"DemandMax":1,"Value":4482},{"Length":18,"Height":41,"Demand":0,"DemandMax":1,"Value":738},{"Length":12,"Height":39,"Demand":0,"DemandMax":1,"Value":936},{"Length":99,"Height":14,"Demand":0,"DemandMax":1,"Value":1386},{"Length":14,"Height":34,"Demand":0,"DemandMax":1,"Value":1428},{"Length":10,"Height":34,"Demand":0,"DemandMax":1,"Value":1020},{"Length":74,"Height":98,"Demand":0,"DemandMax":1,"Value":14504},{"Length":40,"Height":21,"Demand":0,"DemandMax":1,"Value":840},{"Length":91,"Height":39,"Demand":0,"DemandMax":1,"Value":3549},{"Length":69,"Height":99,"Demand":0,"DemandMax":1,"Value":6831},{"Length":13,"Height":25,"Demand":0,"DemandMax":1,"Value":650},{"Length":38,"Height":90,"Demand":0,"DemandMax":1,"Value":10260},{"Length":79,"Height":62,"Demand":0,"DemandMax":1,"Value":14694},{"Length":49,"Height":46,"Demand":0,"DemandMax":1,"Value":6762},{"Length":22,"Height":46,"Demand":0,"DemandMax":1,"Value":1012},{"Length":31,"Height":27,"Demand":0,"DemandMax":1,"Value":1674},{"Length":86,"Height":43,"Demand":0,"DemandMax":1,"Value":7396},{"Length":11,"Height":3,"Demand":0,"DemandMax":1,"Value":33},{"Length":17,"Height":20,"Demand":0,"DemandMax":1,"Value":1020},{"Length":48,"Height":4,"Demand":0,"DemandMax":1,"Value":384},{"Length":33,"Height":44,"Demand":0,"DemandMax":1,"Value":2904},{"Length":19,"Height":23,"Demand":0,"DemandMax":1,"Value":437},{"Length":43,"Height":32,"Demand":0,"DemandMax":1,"Value":2752},{"Length":80,"Height":22,"Demand":0,"DemandMax":1,"Value":3520},{"Length":50,"Height":20,"Demand":0,"DemandMax":1,"Value":2000},{"Length":31,"Height":25,"Demand":0,"DemandMax":1,"Value":775},{"Length":32,"Height":11,"Demand":0,"DemandMax":1,"Value":1056},{"Length":36,"Height":13,"Demand":0,"DemandMax":1,"Value":468},{"Length":38,"Height":22,"Demand":0,"DemandMax":1,"Value":1672},{"Length":51,"Height":76,"Demand":0,"DemandMax":1,"Value":3876},{"Length":15,"Height":25,"Demand":0,"DemandMax":1,"Value":1125},{"Length":31,"Height":13,"Demand":0,"DemandMax":1,"Value":1209},{"Length":33,"Height":78,"Demand":0,"DemandMax":1,"Value":7722},{"Length":100,"Height":20,"Demand":0,"DemandMax":1,"Value":4000},{"Length":38,"Height":8,"Demand":0,"DemandMax":1,"Value":912},{"Length":19,"Height":37,"Demand":0,"DemandMax":1,"Value":2109},{"Length":19,"Height":36,"Demand":0,"DemandMax":1,"Value":2052},{"Length":44,"Height":45,"Demand":0,"DemandMax":1,"Value":3960},{"Length":13,"Height":23,"Demand":0,"DemandMax":1,"Value":299},{"Length":48,"Height":37,"Demand":0,"DemandMax":1,"Value":3552},{"Length":37,"Height":4,"Demand":0,"DemandMax":1,"Value":444},{"Length":87,"Height":6,"Demand":0,"DemandMax":1,"Value":1566},{"Length":26,"Height":27,"Demand":0,"DemandMax":1,"Value":1404},{"Length":38,"Height":85,"Demand":0,"DemandMax":1,"Value":3230},{"Length":30,"Height":99,"Demand":0,"DemandMax":1,"Value":8910},{"Length":33,"Height":81,"Demand":0,"DemandMax":1,"Value":8019},{"Length":7,"Height":32,"Demand":0,"DemandMax":1,"Value":224},{"Length":85,"Height":10,"Demand":0,"DemandMax":1,"Value":2550},{"Length":76,"Height":3,"Demand":0,"DemandMax":1,"Value":228},{"Length":89,"Height":100,"Demand":0,"DemandMax":1,"Value":26700},{"Length":30,"Height":24,"Demand":0,"DemandMax":1,"Value":1440},{"Length":38,"Height":28,"Demand":0,"DemandMax":1,"Value":2128},{"Length":36,"Height":22,"Demand":0,"DemandMax":1,"Value":1584},{"Length":83,"Height":41,"Demand":0,"DemandMax":1,"Value":3403},{"Length":26,"Height":93,"Demand":0,"DemandMax":1,"Value":2418},{"Length":36,"Height":5,"Demand":0,"DemandMax":1,"Value":180},{"Length":59,"Height":93,"Demand":0,"DemandMax":1,"Value":5487},{"Length":93,"Height":23,"Demand":0,"DemandMax":1,"Value":4278},{"Length":87,"Height":15,"Demand":0,"DemandMax":1,"Value":3915}]}