{"Name":"ngcutfs2_164","Objects":[{"Length":100,"Height":100,"Stock":null,"Cost":10000}],"Items":[{"Length":37,"Height":86,"Demand":0,"DemandMax":3,"Value":9546},{"Length":28,"Height":6,"Demand":0,"DemandMax":3,"Value":336},{"Length":30,"Height":10,"Demand":0,"DemandMax":3,"Value":600},{"Length":94,"Height":7,"Demand":0,"DemandMax":3,"Value":1316},{"Length":2,"Height":85,"Demand":0,"DemandMax":3,"Value":340},{"Length":50,"Height":96,"Demand":0,"DemandMax":3,"Value":4800},{"Length":99,"Height":44,"Demand":0,"DemandMax":3,"Value":13068},{"Length":31,"Height":21,"Demand":0,"DemandMax":3,"Value":1953},{"Length":32,"Height":39,"Demand":0,"DemandMax":3,"Value":3744},{"Length":79,"Height":39,"Demand":0,"DemandMax":3,"Value":9243},{"Length":87,"Height":68,"Demand":0,"DemandMax":3,"Value":17748},{"Length":42,"Height":92,"Demand":0,"DemandMax":3,"Value":7728},{"Length":66,"Height":56,"Demand":0,"DemandMax":3,"Value":3696},{"Length":91,"Height":8,"Demand":0,"DemandMax":3,"Value":728},{"Length":33,"Height":94,"Demand":0,"DemandMax":3,"Value":9306},{"Length":33,"Height":50,"Demand":0,"DemandMax":3,"Value":1650},{"Length":17,"Height":95,"Demand":0,"DemandMax":3,"Value":1615},{"Length":21,"Height":35,"Demand":0,"DemandMax":3,"Value":735},{"Length":8,"Height":36,"Demand":0,"DemandMax":3,"Value":576},{"Length":83,"Height":62,"Demand":0,"DemandMax":3,"Value":10292},{"Length":59,"Height":72,"Demand":0,"DemandMax":3,"Value":12744},{"Length":48,"Height":50,"Demand":0,"DemandMax":3,"Value":7200},{"Length":36,"Height":22,"Demand":0,"DemandMax":3,"Value":1584},{"Length":83,"Height":89,"Demand":0,"DemandMax":3,"Value":7387},{"Length":84,"Height":16,"Demand":0,"DemandMax":3,"Value":1344},{"Length":26,"Height":93,"Demand":0,"DemandMax":3,"Value":2418},{"Length":90,"Height":30,"Demand":0,"DemandMax":3,"Value":5400},{"Length":39,"Height":42,"Demand":0,"DemandMax":3,"Value":3276},{"Length":32,"Height":13,"Demand":0,"DemandMax":3,"Value":832},{"Length":100,"Height":49,"Demand":0,"DemandMax":3,"Value":9800},{"Length":28,"Height":19,"Demand":0,"DemandMax":3,"Value":1064},{"Length":39,"Height":7,"Demand":0,"DemandMax":3,"Value":819},{"Length":94,"Height":2,"Demand":0,"DemandMax":3,"Value":188},{"Length":18,"Height":96,"Demand":0,"DemandMax":3,"Value":5184},{"Length":17,"Height":94,"Demand":0,"DemandMax":3,"Value":3196},{"Length":40,"Height":15,"Demand":0,"DemandMax":3,"Value":1200},{"Length":11,"Height":15,"Demand":0,"DemandMax":3,"Value":330},{"Length":10,"Height":27,"Demand":0,"DemandMax":3,"Value":810},{"Length":84,"Height":2,"Demand":0,"DemandMax":3,"Value":504},{"Length":6,"Height":41,"Demand":0,"DemandMax":3,"Value":738},{"Length":56,"Height":57,"Demand":0,"DemandMax":3,"Value":9576},{"Length":11,"Height":34,"Demand":0,"DemandMax":3,"Value":748},{"Length":39,"Height":79,"Demand":0,"DemandMax":3,"Value":9243},{"Length":16,"Height":18,"Demand":0,"DemandMax":3,"Value":288},{"Length":10,"Height":2,"Demand":0,"DemandMax":3,"Value":20},{"Length":96,"Height":11,"Demand":0,"DemandMax":3,"Value":2112},{"Length":28,"Height":27,"Demand":0,"DemandMax":6,"Value":756},{"Length":68,"Height":100,"Demand":0,"DemandMax":3,"Value":6800},{"Length":24,"Height":3,"Demand":0,"DemandMax":3,"Value":216},{"Length":7,"Height":16,"Demand":0,"DemandMax":3,"Value":112},{"Length":81,"Height":74,"Demand":0,"DemandMax":3,"Value":17982},{"Length":15,"Height":2,"Demand":0,"DemandMax":3,"Value":90},{"Length":6,"Height":8,"Demand":0,"DemandMax":3,"Value":96},{"Length":29,"Height":97,"Demand":0,"DemandMax":3,"Value":5626},{"Length":69,"Height":81,"Demand":0,"DemandMax":3,"Value":16767},{"Length":16,"Height":22,"Demand":0,"DemandMax":3,"Value":704},{"Length":22,"Height":21,"Demand":0,"DemandMax":3,"Value":1386},{"Length":25,"Height":26,"Demand":0,"DemandMax":3,"Value":1950},{"Length":19,"Height":20,"Demand":0,"DemandMax":3,"Value":380},{"Length":27,"Height":91,"Demand":0,"DemandMax":3,"Value":2457},{"Length":35,"Height":13,"Demand":0,"DemandMax":3,"Value":910},{"Length":96,"Height":64,"Demand":0,"DemandMax":3,"Value":18432},{"Length":71,"Height":63,"Demand":0,"DemandMax":3,"Value":8946},{"Length":50,"Height":35,"Demand":0,"DemandMax":6,"Value":1750},{"Length":83,"Height":34,"Demand":0,"DemandMax":3,"Value":8466},{"Length":17,"Height":5,"Demand":0,"DemandMax":3,"Value":85},{"Length":94,"Height":25,"Demand":0,"DemandMax":3,"Value":4700},{"Length":25,"Height":94,"Demand":0,"DemandMax":3,"Value":4700},{"Length":77,"Height":96,"Demand":0,"DemandMax":3,"Value":22176},{"Length":3,"Height":25,"Demand":0,"DemandMax":3,"Value":75},{"Length":41,"Height":18,"Demand":0,"DemandMax":3,"Value":1476},{"Length":26,"Height":86,"Demand":0,"DemandMax":3,"Value":2236},{"Length":39,"Height":34,"Demand":0,"DemandMax":3,"Value":1326},{"Length":68,"Height":51,"Demand":0,"DemandMax":3,"Value":3468},{"Length":22,"Height":39,"Demand":0,"DemandMax":3,"Value":1716},{"Length":84,"Height":20,"Demand":0,"DemandMax":3,"Value":5040},{"Length":50,"Height":47,"Demand":0,"DemandMax":3,"Value":7050},{"Length":88,"Height":26,"Demand":0,"DemandMax":3,"Value":4576},{"Length":46,"Height":20,"Demand":0,"DemandMax":3,"Value":2760},{"Length":19,"Height":11,"Demand":0,"DemandMax":3,"Value":418},{"Length":50,"Height":90,"Demand":0,"DemandMax":3,"Value":13500},{"Length":15,"Height":83,"Demand":0,"DemandMax":3,"Value":3735},{"Length":54,"Height":93,"Demand":0,"DemandMax":3,"Value":10044},{"Length":9,"Height":42,"Demand":0,"DemandMax":3,"Value":756},{"Length":27,"Height":17,"Demand":0,"DemandMax":3,"Value":459},{"Length":29,"Height":22,"Demand":0,"DemandMax":3,"Value":638},{"Length":97,"Height":92,"Demand":0,"DemandMax":3,"Value":17848},{"Length":30,"Height":47,"Demand":0,"DemandMax":3,"Value":2820},{"Length":37,"Height":93,"Demand":0,"DemandMax":3,"Value":10323},{"Length":26,"Height":27,"Demand":0,"DemandMax":6,"Value":2106},{"Length":34,"Height":15,"Demand":0,"DemandMax":3,"Value":1020},{"Length":9,"Height":43,"Demand":0,"DemandMax":3,"Value":774},{"Length":22,"Height":44,"Demand":0,"DemandMax":3,"Value":968},{"Length":36,"Height":76,"Demand":0,"DemandMax":3,"Value":2736},{"Length":8,"Height":7,"Demand":0,"DemandMax":3,"Value":56},{"Length":78,"Height":67,"Demand":0,"DemandMax":3,"Value":10452},{"Length":26,"Height":27,"Demand":0,"DemandMax":3,"Value":1404},{"Length":15,"Height":35,"Demand":0,"DemandMax":3,"Value":1575},{"Length":19,"Height":13,"Demand":0,"DemandMax":3,"Value":494},{"Length":51,"Height":62,"Demand":0,"DemandMax":3,"Value":3162},{"Length":28,"Height":15,"Demand":0,"DemandMax":3,"Value":840},{"Length":43,"Height":36,"Demand":0,"DemandMax":3,"Value":4644},{"Length":44,"Height":14,"Demand":0,"DemandMax":3,"Value":616},{"Length":36,"Height":27,"Demand":0,"DemandMax":3,"Value":2916},{"Length":7,"Height":17,"Demand":0,"DemandMax":3,"Value":238},{"Length":51,"Height":82,"Demand":0,"DemandMax":3,"Value":4182},{"Length":9,"Height":10,"Demand":0,"DemandMax":3,"Value":180},{"Length":50,"Height":97,"Demand":0,"DemandMax":3,"Value":9700},{"Length":91,"Height":76,"Demand":0,"DemandMax":3,"Value":20748},{"Length":84,"Height":54,"Demand":0,"DemandMax":3,"Value":4536},{"Length":14,"Height":3,"Demand":0,"DemandMax":6,"Value":126},{"Length":17,"Height":12,"Demand":0,"DemandMax":3,"Value":612},{"Length":24,"Height":43,"Demand":0,"DemandMax":3,"Value":2064},{"Length":85,"Height":83,"Demand":0,"DemandMax":3,"Value":7055},{"Length":7,"Height":86,"Demand":0,"DemandMax":3,"Value":602},{"Length":45,"Height":21,"Demand":0,"DemandMax":3,"Value":1890},{"Length":32,"Height":5,"Demand":0,"DemandMax":3,"Value":480},{"Length":93,"Height":60,"Demand":0,"DemandMax":3,"Value":11160},{"Length":38,"Height":79,"Demand":0,"DemandMax":3,"Value":3002},{"Length":30,"Height":26,"Demand":0,"DemandMax":3,"Value":2340},{"Length":9,"Height":90,"Demand":0,"DemandMax":3,"Value":2430},{"Length":61,"Height":89,"Demand":0,"DemandMax":3,"Value":10858},{"Length":20,"Height":15,"Demand":0,"DemandMax":3,"Value":300},{"Length":48,"Height":48,"Demand":0,"DemandMax":3,"Value":2304},{"Length":44,"Height":86,"Demand":0,"DemandMax":3,"Value":7568},{"Length":99,"Height":61,"Demand":0,"DemandMax":3,"Value":12078},{"Length":3,"Height":78,"Demand":0,"DemandMax":3,"Value":468},{"Length":2,"Height":26,"Demand":0,"DemandMax":3,"Value":52},{"Length":90,"Height":29,"Demand":0,"DemandMax":3,"Value":7830},{"Length":31,"Height":26,"Demand":0,"DemandMax":3,"Value":806},{"Length":29,"Height":17,"Demand":0,"DemandMax":3,"Value":493},{"Length":63,"Height":51,"Demand":0,"DemandMax":3,"Value":3213},{"Length":9,"Height":33,"Demand":0,"DemandMax":3,"Value":594},{"Length":90,"Height":22,"Demand":0,"DemandMax":3,"Value":5940},{"Length":45,"Height":13,"Demand":0,"DemandMax":3,"Value":1170},{"Length":6,"Height":39,"Demand":0,"DemandMax":3,"Value":468},{"Length":22,"Height":97,"Demand":0,"DemandMax":3,"Value":4268},{"Length":8,"Height":95,"Demand":0,"DemandMax":3,"Value":2280},{"Length":42,"Height":50,"Demand":0,"DemandMax":3,"Value":2100},{"Length":11,"Height":2,"Demand":0,"DemandMax":3,"Value":66},{"Length":48,"Height":31,"Demand":0,"DemandMax":3,"Value":1488},{"Length":35,"Height":39,"Demand":0,"DemandMax":3,"Value":4095},{"Length":91,"Height":28,"Demand":0,"DemandMax":3,"Value":7644},{"Length":19,"Height":90,"Demand":0,"DemandMax":3,"Value":1710},{"Length":10,"Height":7,"Demand":0,"DemandMax":3,"Value":140},{"Length":23,"Height":23,"Demand":0,"DemandMax":3,"Value":1058},{"Length":58,"Height":76,"Demand":0,"DemandMax":3,"Value":4408},{"Length":14,"Height":45,"Demand":0,"DemandMax":3,"Value":1260},{"Length":95,"Height":36,"Demand":0,"DemandMax":3,"Value":10260},{"Length":6,"Height":16,"Demand":0,"DemandMax":3,"Value":288},{"Length":49,"Height":10,"Demand":0,"DemandMax":3,"Value":490},{"Length":87,"Height":13,"Demand":0,"DemandMax":3,"Value":3393},{"Length":100,"Height":46,"Demand":0,"DemandMax":3,"Value":13800},{"Length":11,"Height":99,"Demand":0,"DemandMax":3,"Value":1089},{"Length":78,"Height":10,"Demand":0,"DemandMax":3,"Value":780},{"Length":51,"Height":100,"Demand":0,"DemandMax":3,"Value":5100},{"Length":22,"Height":28,"Demand":0,"DemandMax":6,"Value":616},{"Length":7,"Height":88,"Demand":0,"DemandMax":3,"Value":616},{"Length":38,"Height":43,"Demand":0,"DemandMax":3,"Value":3268},{"Length":29,"Height":24,"Demand":0,"DemandMax":3,"Value":2088},{"Length":12,"Height":21,"Demand":0,"DemandMax":3,"Value":756},{"Length":82,"Height":94,"Demand":0,"DemandMax":3,"Value":15416},{"Length":39,"Height":33,"Demand":0,"DemandMax":3,"Value":3861},{"Length":99,"Height":39,"Demand":0,"DemandMax":3,"Value":11583},{"Length":7,"Height":7,"Demand":0,"DemandMax":9,"Value":49},{"Length":29,"Height":48,"Demand":0,"DemandMax":3,"Value":2784},{"Length":65,"Height":76,"Demand":0,"DemandMax":3,"Value":9880},{"Length":36,"Height":26,"Demand":0,"DemandMax":3,"Value":1872},{"Length":25,"Height":76,"Demand":0,"DemandMax":3,"Value":1900},{"Length":21,"Height":7,"Demand":0,"DemandMax":3,"Value":294},{"Length":41,"Height":8,"Demand":0,"DemandMax":3,"Value":984},{"Length":6,"Height":4,"Demand":0,"DemandMax":3,"Value":24},{"Length":23,"Height":98,"Demand":0,"DemandMax":3,"Value":2254},{"Length":47,"Height":13,"Demand":0,"DemandMax":3,"Value":1222},{"Length":95,"Height":43,"Demand":0,"DemandMax":3,"Value":12255},{"Length":27,"Height":79,"Demand":0,"DemandMax":3,"Value":2133},{"Length":65,"Height":98,"Demand":0,"DemandMax":3,"Value":6370},{"Length":84,"Height":31,"Demand":0,"DemandMax":3,"Value":2604},{"Length":9,"Height":16,"Demand":0,"DemandMax":3,"Value":288},{"Length":80,"Height":75,"Demand":0,"DemandMax":3,"Value":18000},{"Length":63,"Height":68,"Demand":0,"DemandMax":3,"Value":8568},{"Length":45,"Height":47,"Demand":0,"DemandMax":3,"Value":2115},{"Length":42,"Height":23,"Demand":0,"DemandMax":3,"Value":1932},{"Length":38,"Height":29,"Demand":0,"DemandMax":3,"Value":3306},{"Length":45,"Height":14,"Demand":0,"DemandMax":3,"Value":1890},{"Length":34,"Height":25,"Demand":0,"DemandMax":3,"Value":1700},{"Length":56,"Height":66,"Demand":0,"DemandMax":3,"Value":7392},{"Length":55,"Height":54,"Demand":0,"DemandMax":3,"Value":8910},{"Length":60,"Height":88,"Demand":0,"DemandMax":3,"Value":10560},{"Length":34,"Height":5,"Demand":0,"DemandMax":3,"Value":170},{"Length":45,"Height":32,"Demand":0,"DemandMax":3,"Value":2880},{"Length":96,"Height":32,"Demand":0,"DemandMax":3,"Value":9216},{"Length":34,"Height":13,"Demand":0,"DemandMax":3,"Value":1326},{"Length":21,"Height":82,"Demand":0,"DemandMax":3,"Value":1722},{"Length":44,"Height":100,"Demand":0,"DemandMax":3,"Value":8800},{"Length":47,"Height":36,"Demand":0,"DemandMax":3,"Value":1692},{"Length":19,"Height":39,"Demand":0,"DemandMax":3,"Value":2223},{"Length":13,"Height":89,"Demand":0,"DemandMax":3,"Value":2314},{"Length":5,"Height":50,"Demand":0,"DemandMax":3,"Value":500},{"Length":58,"Height":85,"Demand":0,"DemandMax":3,"Value":4930},{"Length":29,"Height":34,"Demand":0,"DemandMax":3,"Value":1972},{"Length":28,"Height":40,"Demand":0,"DemandMax":3,"Value":3360},{"Length":89,"Height":95,"Demand":0,"DemandMax":3,"Value":16910},{"Length":16,"Height":15,"Demand":0,"DemandMax":3,"Value":240},{"Length":41,"Height":41,"Demand":0,"DemandMax":3,"Value":3362},{"Length":83,"Height":89,"Demand":0,"DemandMax":3,"Value":22161},{"Length":50,"Height":91,"Demand":0,"DemandMax":3,"Value":13650},{"Length":72,"Height":90,"Demand":0,"DemandMax":3,"Value":19440},{"Length":14,"Height":10,"Demand":0,"DemandMax":6,"Value":280},{"Length":99,"Height":72,"Demand":0,"DemandMax":3,"Value":7128},{"Length":6,"Height":42,"Demand":0,"DemandMax":3,"Value":504},{"Length":59,"Height":77,"Demand":0,"DemandMax":3,"Value":4543},{"Length":4,"Height":82,"Demand":0,"DemandMax":3,"Value":328},{"Length":61,"Height":97,"Demand":0,"DemandMax":3,"Value":5917},{"Length":69,"Height":81,"Demand":0,"DemandMax":3,"Value":5589},{"Length":8,"Height":3,"Demand":0,"DemandMax":3,"Value":24},{"Length":14,"Height":90,"Demand":0,"DemandMax":3,"Value":2520},{"Length":25,"Height":95,"Demand":0,"DemandMax":3,"Value":2375},{"Length":45,"Height":14,"Demand":0,"DemandMax":3,"Value":630},{"Length":4,"Height":49,"Demand":0,"DemandMax":3,"Value":588},{"Length":45,"Height":19,"Demand":0,"DemandMax":3,"Value":2565},{"Length":86,"Height":5,"Demand":0,"DemandMax":6,"Value":860},{"Length":26,"Height":9,"Demand":0,"DemandMax":3,"Value":702},{"Length":20,"Height":48,"Demand":0,"DemandMax":3,"Value":960},{"Length":23,"Height":12,"Demand":0,"DemandMax":3,"Value":276},{"Length":95,"Height":35,"Demand":0,"DemandMax":3,"Value":6650},{"Length":93,"Height":5,"Demand":0,"DemandMax":3,"Value":1395},{"Length":11,"Height":37,"Demand":0,"DemandMax":3,"Value":407},{"Length":100,"Height":53,"Demand":0,"DemandMax":3,"Value":5300},{"Length":11,"Height":26,"Demand":0,"DemandMax":3,"Value":286},{"Length":90,"Height":6,"Demand":0,"DemandMax":3,"Value":1620},{"Length":38,"Height":89,"Demand":0,"DemandMax":3,"Value":10146},{"Length":82,"Height":50,"Demand":0,"DemandMax":3,"Value":8200},{"Length":27,"Height":31,"Demand":0,"DemandMax":3,"Value":837},{"Length":20,"Height":96,"Demand":0,"DemandMax":3,"Value":3840},{"Length":41,"Height":7,"Demand":0,"DemandMax":3,"Value":287},{"Length":12,"Height":47,"Demand":0,"DemandMax":3,"Value":1128},{"Length":98,"Height":30,"Demand":0,"DemandMax":3,"Value":5880},{"Length":78,"Height":87,"Demand":0,"DemandMax":3,"Value":13572},{"Length":4,"Height":6,"Demand":0,"DemandMax":3,"Value":72},{"Length":32,"Height":9,"Demand":0,"DemandMax":3,"Value":864},{"Length":45,"Height":89,"Demand":0,"DemandMax":3,"Value":12015},{"Length":82,"Height":45,"Demand":0,"DemandMax":3,"Value":7380},{"Length":14,"Height":12,"Demand":0,"DemandMax":3,"Value":168},{"Length":29,"Height":89,"Demand":0,"DemandMax":3,"Value":5162},{"Length":18,"Height":100,"Demand":0,"DemandMax":3,"Value":3600},{"Length":38,"Height":32,"Demand":0,"DemandMax":3,"Value":3648},{"Length":6,"Height":35,"Demand":0,"DemandMax":3,"Value":630},{"Length":39,"Height":12,"Demand":0,"DemandMax":3,"Value":1404},{"Length":50,"Height":3,"Demand":0,"DemandMax":3,"Value":300},{"Length":13,"Height":8,"Demand":0,"DemandMax":3,"Value":208},{"Length":2,"Height":24,"Demand":0,"DemandMax":3,"Value":144},{"Length":2,"Height":32,"Demand":0,"DemandMax":3,"Value":64},{"Length":4,"Height":19,"Demand":0,"DemandMax":3,"Value":76},{"Length":41,"Height":23,"Demand":0,"DemandMax":3,"Value":943},{"Length":95,"Height":65,"Demand":0,"DemandMax":3,"Value":12350},{"Length":39,"Height":16,"Demand":0,"DemandMax":3,"Value":1872},{"Length":26,"Height":86,"Demand":0,"DemandMax":3,"Value":4472},{"Length":73,"Height":84,"Demand":0,"DemandMax":3,"Value":12264},{"Length":7,"Height":49,"Demand":0,"DemandMax":3,"Value":686},{"Length":30,"Height":2,"Demand":0,"DemandMax":3,"Value":180},{"Length":4,"Height":9,"Demand":0,"DemandMax":3,"Value":36},{"Length":5,"Height":79,"Demand":0,"DemandMax":3,"Value":790},{"Length":42,"Height":38,"Demand":0,"DemandMax":3,"Value":4788},{"Length":46,"Height":31,"Demand":0,"DemandMax":3,"Value":2852},{"Length":74,"Height":52,"Demand":0,"DemandMax":3,"Value":11544},{"Length":27,"Height":3,"Demand":0,"DemandMax":3,"Value":81},{"Length":96,"Height":18,"Demand":0,"DemandMax":3,"Value":3456},{"Length":92,"Height":73,"Demand":0,"DemandMax":3,"Value":20148},{"Length":43,"Height":21,"Demand":0,"DemandMax":3,"Value":2709},{"Length":38,"Height":27,"Demand":0,"DemandMax":3,"Value":1026},{"Length":37,"Height":6,"Demand":0,"DemandMax":3,"Value":222},{"Length":85,"Height":45,"Demand":0,"DemandMax":3,"Value":11475},{"Length":39,"Height":43,"Demand":0,"DemandMax":3,"Value":5031},{"Length":35,"Height":40,"Demand":0,"DemandMax":3,"Value":4200},{"Length":20,"Height":42,"Demand":0,"DemandMax":3,"Value":2520},{"Length":79,"Height":47,"Demand":0,"DemandMax":3,"Value":7426},{"Length":36,"Height":41,"Demand":0,"DemandMax":3,"Value":1476},{"Length":62,"Height":77,"Demand":0,"DemandMax":3,"Value":14322},{"Length":7,"Height":7,"Demand":0,"DemandMax":3,"Value":98},{"Length":80,"Height":15,"Demand":0,"DemandMax":3,"Value":2400},{"Length":44,"Height":78,"Demand":0,"DemandMax":6,"Value":3432},{"Length":5,"Height":11,"Demand":0,"DemandMax":3,"Value":55},{"Length":15,"Height":46,"Demand":0,"DemandMax":3,"Value":1380},{"Length":38,"Height":87,"Demand":0,"DemandMax":3,"Value":6612},{"Length":69,"Height":65,"Demand":0,"DemandMax":3,"Value":8970},{"Length":13,"Height":45,"Demand":0,"DemandMax":3,"Value":1755},{"Length":14,"Height":76,"Demand":0,"DemandMax":3,"Value":1064},{"Length":21,"Height":24,"Demand":0,"DemandMax":3,"Value":1008},{"Length":38,"Height":43,"Demand":0,"DemandMax":3,"Value":4902},{"Length":18,"Height":22,"Demand":0,"DemandMax":3,"Value":1188},{"Length":4,"Height":7,"Demand":0,"DemandMax":3,"Value":56},{"Length":93,"Height":69,"Demand":0,"DemandMax":3,"Value":19251},{"Length":16,"Height":11,"Demand":0,"DemandMax":3,"Value":176},{"Length":41,"Height":9,"Demand":0,"DemandMax":3,"Value":369},{"Length":90,"Height":33,"Demand":0,"DemandMax":3,"Value":5940},{"Length":21,"Height":9,"Demand":0,"DemandMax":3,"Value":378},{"Length":10,"Height":44,"Demand":0,"DemandMax":3,"Value":1320},{"Length":25,"Height":14,"Demand":0,"DemandMax":3,"Value":1050},{"Length":5,"Height":14,"Demand":0,"DemandMax":3,"Value":70},{"Length":44,"Height":22,"Demand":0,"DemandMax":3,"Value":968},{"Length":36,"Height":23,"Demand":0,"DemandMax":6,"Value":828},{"Length":21,"Height":48,"Demand":0,"DemandMax":3,"Value":2016},{"Length":92,"Height":4,"Demand":0,"DemandMax":3,"Value":736},{"Length":42,"Height":96,"Demand":0,"DemandMax":3,"Value":8064},{"Length":14,"Height":11,"Demand":0,"DemandMax":3,"Value":308},{"Length":2,"Height":42,"Demand":0,"DemandMax":3,"Value":84},{"Length":24,"Height":45,"Demand":0,"DemandMax":3,"Value":3240},{"Length":65,"Height":61,"Demand":0,"DemandMax":3,"Value":7930},{"Length":16,"Height":95,"Demand":0,"DemandMax":3,"Value":4560},{"Length":18,"Height":87,"Demand":0,"DemandMax":3,"Value":4698},{"Length":40,"Height":43,"Demand":0,"DemandMax":3,"Value":3440},{"Length":39,"Height":33,"Demand":0,"DemandMax":3,"Value":1287},{"Length":38,"Height":31,"Demand":0,"DemandMax":3,"Value":3534},{"Length":23,"Height":7,"Demand":0,"DemandMax":3,"Value":322},{"Length":39,"Height":4,"Demand":0,"DemandMax":3,"Value":312},{"Length":66,"Height":61,"Demand":0,"DemandMax":3,"Value":4026},{"Length":12,"Height":44,"Demand":0,"DemandMax":3,"Value":1056},{"Length":34,"Height":83,"Demand":0,"DemandMax":3,"Value":2822},{"Length":31,"Height":98,"Demand":0,"DemandMax":3,"Value":6076},{"Length":74,"Height":93,"Demand":0,"DemandMax":3,"Value":13764},{"Length":46,"Height":81,"Demand":0,"DemandMax":3,"Value":3726},{"Length":78,"Height":61,"Demand":0,"DemandMax":3,"Value":9516},{"Length":76,"Height":86,"Demand":0,"DemandMax":3,"Value":13072},{"Length":88,"Height":52,"Demand":0,"DemandMax":3,"Value":4576},{"Length":65,"Height":99,"Demand":0,"DemandMax":3,"Value":12870},{"Length":28,"Height":95,"Demand":0,"DemandMax":3,"Value":7980},{"Length":98,"Height":98,"Demand":0,"DemandMax":3,"Value":28812},{"Length":32,"Height":20,"Demand":0,"DemandMax":3,"Value":1920},{"Length":75,"Height":81,"Demand":0,"DemandMax":3,"Value":12150},{"Length":11,"Height":43,"Demand":0,"DemandMax":3,"Value":1419},{"Length":12,"Height":28,"Demand":0,"DemandMax":3,"Value":1008},{"Length":79,"Height":74,"Demand":0,"DemandMax":3,"Value":5846},{"Length":40,"Height":100,"Demand":0,"DemandMax":3,"Value":4000},{"Length":77,"Height":25,"Demand":0,"DemandMax":3,"Value":5775},{"Length":48,"Height":14,"Demand":0,"DemandMax":3,"Value":2016},{"Length":82,"Height":81,"Demand":0,"DemandMax":3,"Value":19926},{"Length":87,"Height":33,"Demand":0,"DemandMax":3,"Value":8613},{"Length":82,"Height":16,"Demand":0,"DemandMax":3,"Value":3936},{"Length":99,"Height":44,"Demand":0,"DemandMax":3,"Value":4356},{"Length":11,"Height":16,"Demand":0,"DemandMax":3,"Value":528},{"Length":12,"Height":41,"Demand":0,"DemandMax":3,"Value":492},{"Length":9,"Height":5,"Demand":0,"DemandMax":3,"Value":135},{"Length":47,"Height":11,"Demand":0,"DemandMax":3,"Value":1551},{"Length":70,"Height":59,"Demand":0,"DemandMax":3,"Value":4130},{"Length":92,"Height":19,"Demand":0,"DemandMax":3,"Value":3496},{"Length":14,"Height":89,"Demand":0,"DemandMax":3,"Value":2492},{"Length":79,"Height":9,"Demand":0,"DemandMax":6,"Value":1422},{"Length":40,"Height":37,"Demand":0,"DemandMax":3,"Value":1480},{"Length":29,"Height":29,"Demand":0,"DemandMax":3,"Value":1682},{"Length":47,"Height":46,"Demand":0,"DemandMax":3,"Value":6486},{"Length":18,"Height":31,"Demand":0,"DemandMax":3,"Value":1674},{"Length":2,"Height":15,"Demand":0,"DemandMax":3,"Value":60},{"Length":11,"Height":26,"Demand":0,"DemandMax":3,"Value":858},{"Length":96,"Height":26,"Demand":0,"DemandMax":3,"Value":7488},{"Length":41,"Height":29,"Demand":0,"DemandMax":3,"Value":3567},{"Length":50,"Height":22,"Demand":0,"DemandMax":3,"Value":3300},{"Length":81,"Height":21,"Demand":0,"DemandMax":3,"Value":3402},{"Length":4,"Height":27,"Demand":0,"DemandMax":3,"Value":108},{"Length":27,"Height":30,"Demand":0,"DemandMax":3,"Value":2430},{"Length":18,"Height":83,"Demand":0,"DemandMax":3,"Value":4482},{"Length":82,"Height":13,"Demand":0,"DemandMax":3,"Value":3198},{"Length":24,"Height":35,"Demand":0,"DemandMax":3,"Value":2520},{"Length":16,"Height":25,"Demand":0,"DemandMax":3,"Value":1200},{"Length":27,"Height":95,"Demand":0,"DemandMax":3,"Value":7695},{"Length":88,"Height":50,"Demand":0,"DemandMax":3,"Value":4400},{"Length":31,"Height":18,"Demand":0,"DemandMax":3,"Value":1674},{"Length":34,"Height":47,"Demand":0,"DemandMax":3,"Value":1598},{"Length":96,"Height":23,"Demand":0,"DemandMax":3,"Value":6624},{"Length":11,"Height":97,"Demand":0,"DemandMax":3,"Value":1067},{"Length":21,"Height":7,"Demand":0,"DemandMax":3,"Value":147},{"Length":41,"Height":50,"Demand":0,"DemandMax":3,"Value":6150},{"Length":44,"Height":83,"Demand":0,"DemandMax":3,"Value":3652},{"Length":30,"Height":24,"Demand":0,"DemandMax":3,"Value":720},{"Length":19,"Height":47,"Demand":0,"DemandMax":3,"Value":2679},{"Length":29,"Height":77,"Demand":0,"DemandMax":3,"Value":2233},{"Length":49,"Height":4,"Demand":0,"DemandMax":3,"Value":392},{"Length":21,"Height":39,"Demand":0,"DemandMax":3,"Value":1638},{"Length":100,"Height":98,"Demand":0,"DemandMax":3,"Value":29400},{"Length":90,"Height":28,"Demand":0,"DemandMax":3,"Value":2520},{"Length":35,"Height":92,"Demand":0,"DemandMax":3,"Value":6440},{"Length":41,"Height":11,"Demand":0,"DemandMax":3,"Value":1353},{"Length":6,"Height":12,"Demand":0,"DemandMax":3,"Value":144},{"Length":17,"Height":81,"Demand":0,"DemandMax":3,"Value":2754},{"Length":47,"Height":38,"Demand":0,"DemandMax":3,"Value":5358},{"Length":18,"Height":77,"Demand":0,"DemandMax":3,"Value":2772},{"Length":12,"Height":19,"Demand":0,"DemandMax":3,"Value":228},{"Length":14,"Height":11,"Demand":0,"DemandMax":3,"Value":154},{"Length":38,"Height":47,"Demand":0,"DemandMax":3,"Value":5358},{"Length":75,"Height":59,"Demand":0,"DemandMax":3,"Value":8850},{"Length":37,"Height":34,"Demand":0,"DemandMax":3,"Value":1258},{"Length":99,"Height":49,"Demand":0,"DemandMax":3,"Value":9702},{"Length":9,"Height":10,"Demand":0,"DemandMax":3,"Value":90},{"Length":28,"Height":87,"Demand":0,"DemandMax":3,"Value":2436},{"Length":16,"Height":40,"Demand":0,"DemandMax":3,"Value":1920},{"Length":44,"Height":3,"Demand":0,"DemandMax":3,"Value":264},{"Length":88,"Height":88,"Demand":0,"DemandMax":3,"Value":7744},{"Length":4,"Height":21,"Demand":0,"DemandMax":3,"Value":168},{"Length":93,"Height":16,"Demand":0,"DemandMax":3,"Value":1488},{"Length":2,"Height":14,"Demand":0,"DemandMax":3,"Value":28},{"Length":23,"Height":16,"Demand":0,"DemandMax":3,"Value":1104},{"Length":92,"Height":30,"Demand":0,"DemandMax":3,"Value":2760},{"Length":35,"Height":44,"Demand":0,"DemandMax":3,"Value":3080},{"Length":49,"Height":78,"Demand":0,"DemandMax":3,"Value":11466},{"Length":50,"Height":42,"Demand":0,"DemandMax":3,"Value":2100},{"Length":7,"Height":48,"Demand":0,"DemandMax":3,"Value":1008},{"Length":25,"Height":38,"Demand":0,"DemandMax":3,"Value":950},{"Length":7,"Height":50,"Demand":0,"DemandMax":3,"Value":1050},{"Length":18,"Height":24,"Demand":0,"DemandMax":3,"Value":432},{"Length":79,"Height":26,"Demand":0,"DemandMax":3,"Value":2054},{"Length":8,"Height":11,"Demand":0,"DemandMax":3,"Value":176},{"Length":94,"Height":79,"Demand":0,"DemandMax":3,"Value":14852},{"Length":9,"Height":41,"Demand":0,"DemandMax":3,"Value":369},{"Length":7,"Height":81,"Demand":0,"DemandMax":3,"Value":1134},{"Length":18,"Height":40,"Demand":0,"DemandMax":3,"Value":2160},{"Length":29,"Height":19,"Demand":0,"DemandMax":3,"Value":551},{"Length":40,"Height":39,"Demand":0,"DemandMax":3,"Value":1560},{"Length":48,"Height":87,"Demand":0,"DemandMax":3,"Value":4176},{"Length":3,"Height":17,"Demand":0,"DemandMax":3,"Value":51},{"Length":2,"Height":9,"Demand":0,"DemandMax":3,"Value":54},{"Length":4,"Height":29,"Demand":0,"DemandMax":3,"Value":232},{"Length":11,"Height":4,"Demand":0,"DemandMax":3,"Value":132},{"Length":93,"Height":34,"Demand":0,"DemandMax":3,"Value":3162},{"Length":49,"Height":43,"Demand":0,"DemandMax":3,"Value":2107},{"Length":5,"Height":16,"Demand":0,"DemandMax":3,"Value":80},{"Length":7,"Height":47,"Demand":0,"DemandMax":3,"Value":987},{"Length":16,"Height":76,"Demand":0,"DemandMax":3,"Value":1216},{"Length":30,"Height":76,"Demand":0,"DemandMax":3,"Value":2280},{"Length":18,"Height":45,"Demand":0,"DemandMax":3,"Value":2430},{"Length":17,"Height":19,"Demand":0,"DemandMax":3,"Value":646},{"Length":17,"Height":12,"Demand":0,"DemandMax":3,"Value":204},{"Length":2,"Height":38,"Demand":0,"DemandMax":3,"Value":76},{"Length":90,"Height":28,"Demand":0,"DemandMax":3,"Value":5040},{"Length":2,"Height":2,"Demand":0,"DemandMax":3,"Value":4},{"Length":7,"Height":95,"Demand":0,"DemandMax":3,"Value":1330},{"Length":45,"Height":48,"Demand":0,"DemandMax":3,"Value":4320},{"Length":30,"Height":12,"Demand":0,"DemandMax":3,"Value":1080},{"Length":35,"Height":24,"Demand":0,"DemandMax":3,"Value":1680},{"Length":75,"Height":66,"Demand":0,"DemandMax":3,"Value":14850},{"Length":67,"Height":67,"Demand":0,"DemandMax":3,"Value":8978},{"Length":20,"Height":85,"Demand":0,"DemandMax":3,"Value":3400},{"Length":84,"Height":37,"Demand":0,"DemandMax":3,"Value":3108},{"Length":39,"Height":14,"Demand":0,"DemandMax":3,"Value":1092},{"Length":38,"Height":12,"Demand":0,"DemandMax":3,"Value":456},{"Length":96,"Height":79,"Demand":0,"DemandMax":3,"Value":7584},{"Length":40,"Height":18,"Demand":0,"DemandMax":3,"Value":720},{"Length":39,"Height":77,"Demand":0,"DemandMax":3,"Value":3003},{"Length":42,"Height":17,"Demand":0,"DemandMax":3,"Value":1428},{"Length":21,"Height":85,"Demand":0,"DemandMax":3,"Value":1785},{"Length":8,"Height":14,"Demand":0,"DemandMax":3,"Value":336},{"Length":32,"Height":4,"Demand":0,"DemandMax":3,"Value":384},{"Length":78,"Height":65,"Demand":0,"DemandMax":3,"Value":15210},{"Length":32,"Height":97,"Demand":0,"DemandMax":3,"Value":3104},{"Length":31,"Height":36,"Demand":0,"DemandMax":3,"Value":3348},{"Length":66,"Height":94,"Demand":0,"DemandMax":3,"Value":18612},{"Length":76,"Height":49,"Demand":0,"DemandMax":3,"Value":3724},{"Length":44,"Height":37,"Demand":0,"DemandMax":3,"Value":1628},{"Length":85,"Height":5,"Demand":0,"DemandMax":3,"Value":425},{"Length":24,"Height":11,"Demand":0,"DemandMax":3,"Value":792},{"Length":23,"Height":23,"Demand":0,"DemandMax":3,"Value":529},{"Length":10,"Height":8,"Demand":0,"DemandMax":3,"Value":160},{"Length":52,"Height":82,"Demand":0,"DemandMax":3,"Value":8528},{"Length":33,"Height":49,"Demand":0,"DemandMax":3,"Value":1617},{"Length":80,"Height":42,"Demand":0,"DemandMax":3,"Value":6720},{"Length":83,"Height":25,"Demand":0,"DemandMax":3,"Value":4150},{"Length":95,"Height":33,"Demand":0,"DemandMax":3,"Value":3135},{"Length":36,"Height":42,"Demand":0,"DemandMax":3,"Value":3024},{"Length":10,"Height":87,"Demand":0,"DemandMax":3,"Value":1740},{"Length":77,"Height":50,"Demand":0,"DemandMax":3,"Value":11550},{"Length":45,"Height":9,"Demand":0,"DemandMax":3,"Value":405},{"Length":3,"Height":97,"Demand":0,"DemandMax":3,"Value":873},{"Length":42,"Height":41,"Demand":0,"DemandMax":3,"Value":3444},{"Length":21,"Height":42,"Demand":0,"DemandMax":3,"Value":2646},{"Length":27,"Height":17,"Demand":0,"DemandMax":3,"Value":1377},{"Length":18,"Height":7,"Demand":0,"DemandMax":3,"Value":252},{"Length":8,"Height":43,"Demand":0,"DemandMax":3,"Value":688},{"Length":4,"Height":25,"Demand":0,"DemandMax":3,"Value":300},{"Length":60,"Height":56,"Demand":0,"DemandMax":3,"Value":3360},{"Length":20,"Height":27,"Demand":0,"DemandMax":3,"Value":1620},{"Length":100,"Height":25,"Demand":0,"DemandMax":3,"Value":7500},{"Length":40,"Height":40,"Demand":0,"DemandMax":3,"Value":1600},{"Length":7,"Height":91,"Demand":0,"DemandMax":3,"Value":1911},{"Length":43,"Height":10,"Demand":0,"DemandMax":3,"Value":1290},{"Length":89,"Height":49,"Demand":0,"DemandMax":3,"Value":8722},{"Length":46,"Height":11,"Demand":0,"DemandMax":3,"Value":1518},{"Length":30,"Height":37,"Demand":0,"DemandMax":3,"Value":3330},{"Length":8,"Height":86,"Demand":0,"DemandMax":3,"Value":688},{"Length":72,"Height":62,"Demand":0,"DemandMax":3,"Value":13392}]}