{"Name":"ngcutfs1_147","Objects":[{"Length":100,"Height":100,"Stock":null,"Cost":10000}],"Items":[{"Length":16,"Height":24,"Demand":0,"DemandMax":4,"Value":384},{"Length":55,"Height":52,"Demand":0,"DemandMax":4,"Value":5720},{"Length":85,"Height":50,"Demand":0,"DemandMax":4,"Value":4250},{"Length":73,"Height":98,"Demand":0,"DemandMax":4,"Value":7154},{"Length":27,"Height":16,"Demand":0,"DemandMax":4,"Value":432},{"Length":76,"Height":69,"Demand":0,"DemandMax":4,"Value":10488},{"Length":81,"Height":9,"Demand":0,"DemandMax":4,"Value":1458},{"Length":80,"Height":89,"Demand":0,"DemandMax":4,"Value":21360},{"Length":88,"Height":38,"Demand":0,"DemandMax":4,"Value":3344},{"Length":29,"Height":33,"Demand":0,"DemandMax":4,"Value":957},{"Length":82,"Height":46,"Demand":0,"DemandMax":4,"Value":7544},{"Length":91,"Height":42,"Demand":0,"DemandMax":4,"Value":7644},{"Length":53,"Height":67,"Demand":0,"DemandMax":4,"Value":3551},{"Length":8,"Height":92,"Demand":0,"DemandMax":4,"Value":1472},{"Length":95,"Height":71,"Demand":0,"DemandMax":4,"Value":20235},{"Length":94,"Height":30,"Demand":0,"DemandMax":4,"Value":5640},{"Length":2,"Height":12,"Demand":0,"DemandMax":4,"Value":48},{"Length":88,"Height":12,"Demand":0,"DemandMax":4,"Value":1056},{"Length":80,"Height":54,"Demand":0,"DemandMax":4,"Value":8640},{"Length":23,"Height":77,"Demand":0,"DemandMax":4,"Value":5313},{"Length":15,"Height":76,"Demand":0,"DemandMax":4,"Value":3420},{"Length":26,"Height":88,"Demand":0,"DemandMax":4,"Value":6864},{"Length":26,"Height":39,"Demand":0,"DemandMax":4,"Value":3042},{"Length":27,"Height":27,"Demand":0,"DemandMax":4,"Value":729},{"Length":16,"Height":88,"Demand":0,"DemandMax":4,"Value":4224},{"Length":100,"Height":30,"Demand":0,"DemandMax":4,"Value":6000},{"Length":95,"Height":57,"Demand":0,"DemandMax":4,"Value":10830},{"Length":13,"Height":82,"Demand":0,"DemandMax":4,"Value":2132},{"Length":7,"Height":97,"Demand":0,"DemandMax":4,"Value":1358},{"Length":76,"Height":48,"Demand":0,"DemandMax":4,"Value":3648},{"Length":77,"Height":67,"Demand":0,"DemandMax":4,"Value":15477},{"Length":81,"Height":32,"Demand":0,"DemandMax":4,"Value":5184},{"Length":3,"Height":47,"Demand":0,"DemandMax":4,"Value":141},{"Length":39,"Height":13,"Demand":0,"DemandMax":4,"Value":507},{"Length":97,"Height":31,"Demand":0,"DemandMax":4,"Value":6014},{"Length":50,"Height":35,"Demand":0,"DemandMax":4,"Value":5250},{"Length":39,"Height":30,"Demand":0,"DemandMax":4,"Value":3510},{"Length":22,"Height":47,"Demand":0,"DemandMax":4,"Value":1034},{"Length":38,"Height":80,"Demand":0,"DemandMax":4,"Value":9120},{"Length":65,"Height":64,"Demand":0,"DemandMax":4,"Value":12480},{"Length":80,"Height":4,"Demand":0,"DemandMax":4,"Value":960},{"Length":34,"Height":23,"Demand":0,"DemandMax":4,"Value":2346},{"Length":29,"Height":23,"Demand":0,"DemandMax":4,"Value":2001},{"Length":49,"Height":81,"Demand":0,"DemandMax":4,"Value":7938},{"Length":100,"Height":21,"Demand":0,"DemandMax":4,"Value":2100},{"Length":30,"Height":32,"Demand":0,"DemandMax":4,"Value":1920},{"Length":85,"Height":22,"Demand":0,"DemandMax":4,"Value":1870},{"Length":93,"Height":19,"Demand":0,"DemandMax":4,"Value":1767},{"Length":5,"Height":92,"Demand":0,"DemandMax":4,"Value":1380},{"Length":31,"Height":99,"Demand":0,"DemandMax":4,"Value":9207},{"Length":19,"Height":88,"Demand":0,"DemandMax":4,"Value":5016},{"Length":35,"Height":26,"Demand":0,"DemandMax":4,"Value":910},{"Length":91,"Height":48,"Demand":0,"DemandMax":4,"Value":4368},{"Length":36,"Height":41,"Demand":0,"DemandMax":4,"Value":1476},{"Length":6,"Height":76,"Demand":0,"DemandMax":4,"Value":1368},{"Length":67,"Height":67,"Demand":0,"DemandMax":4,"Value":13467},{"Length":19,"Height":47,"Demand":0,"DemandMax":4,"Value":2679},{"Length":48,"Height":3,"Demand":0,"DemandMax":4,"Value":144},{"Length":12,"Height":11,"Demand":0,"DemandMax":4,"Value":132},{"Length":52,"Height":58,"Demand":0,"DemandMax":4,"Value":6032},{"Length":11,"Height":79,"Demand":0,"DemandMax":4,"Value":2607},{"Length":87,"Height":29,"Demand":0,"DemandMax":4,"Value":7569},{"Length":91,"Height":10,"Demand":0,"DemandMax":4,"Value":1820},{"Length":29,"Height":17,"Demand":0,"DemandMax":4,"Value":1479},{"Length":20,"Height":45,"Demand":0,"DemandMax":4,"Value":900},{"Length":20,"Height":18,"Demand":0,"DemandMax":4,"Value":360},{"Length":98,"Height":22,"Demand":0,"DemandMax":4,"Value":2156},{"Length":35,"Height":100,"Demand":0,"DemandMax":4,"Value":7000},{"Length":86,"Height":6,"Demand":0,"DemandMax":4,"Value":1032},{"Length":9,"Height":5,"Demand":0,"DemandMax":4,"Value":45},{"Length":23,"Height":19,"Demand":0,"DemandMax":4,"Value":874},{"Length":5,"Height":96,"Demand":0,"DemandMax":4,"Value":1440},{"Length":32,"Height":81,"Demand":0,"DemandMax":4,"Value":7776},{"Length":12,"Height":29,"Demand":0,"DemandMax":4,"Value":696},{"Length":33,"Height":36,"Demand":0,"DemandMax":4,"Value":3564},{"Length":38,"Height":20,"Demand":0,"DemandMax":4,"Value":2280},{"Length":47,"Height":2,"Demand":0,"DemandMax":4,"Value":94},{"Length":100,"Height":95,"Demand":0,"DemandMax":4,"Value":28500},{"Length":95,"Height":25,"Demand":0,"DemandMax":4,"Value":2375},{"Length":30,"Height":4,"Demand":0,"DemandMax":4,"Value":360},{"Length":28,"Height":9,"Demand":0,"DemandMax":4,"Value":252},{"Length":31,"Height":3,"Demand":0,"DemandMax":4,"Value":186},{"Length":100,"Height":42,"Demand":0,"DemandMax":4,"Value":4200},{"Length":25,"Height":36,"Demand":0,"DemandMax":4,"Value":900},{"Length":14,"Height":14,"Demand":0,"DemandMax":4,"Value":196},{"Length":88,"Height":4,"Demand":0,"DemandMax":4,"Value":704},{"Length":33,"Height":30,"Demand":0,"DemandMax":4,"Value":2970},{"Length":86,"Height":13,"Demand":0,"DemandMax":4,"Value":1118},{"Length":34,"Height":45,"Demand":0,"DemandMax":4,"Value":1530},{"Length":77,"Height":12,"Demand":0,"DemandMax":4,"Value":2772},{"Length":85,"Height":42,"Demand":0,"DemandMax":4,"Value":7140},{"Length":6,"Height":95,"Demand":0,"DemandMax":4,"Value":570},{"Length":13,"Height":94,"Demand":0,"DemandMax":4,"Value":2444},{"Length":29,"Height":17,"Demand":0,"DemandMax":4,"Value":493},{"Length":84,"Height":75,"Demand":0,"DemandMax":4,"Value":18900},{"Length":34,"Height":82,"Demand":0,"DemandMax":4,"Value":8364},{"Length":12,"Height":10,"Demand":0,"DemandMax":4,"Value":360},{"Length":100,"Height":43,"Demand":0,"DemandMax":4,"Value":12900},{"Length":6,"Height":14,"Demand":0,"DemandMax":4,"Value":168},{"Length":63,"Height":56,"Demand":0,"DemandMax":4,"Value":3528},{"Length":90,"Height":71,"Demand":0,"DemandMax":4,"Value":12780},{"Length":49,"Height":97,"Demand":0,"DemandMax":4,"Value":4753},{"Length":77,"Height":29,"Demand":0,"DemandMax":4,"Value":4466},{"Length":66,"Height":61,"Demand":0,"DemandMax":4,"Value":12078},{"Length":7,"Height":85,"Demand":0,"DemandMax":4,"Value":1785},{"Length":35,"Height":81,"Demand":0,"DemandMax":4,"Value":2835},{"Length":21,"Height":85,"Demand":0,"DemandMax":4,"Value":1785},{"Length":20,"Height":38,"Demand":0,"DemandMax":4,"Value":2280},{"Length":32,"Height":87,"Demand":0,"DemandMax":4,"Value":2784},{"Length":17,"Height":48,"Demand":0,"DemandMax":4,"Value":2448},{"Length":43,"Height":40,"Demand":0,"DemandMax":4,"Value":1720},{"Length":76,"Height":21,"Demand":0,"DemandMax":4,"Value":4788},{"Length":21,"Height":4,"Demand":0,"DemandMax":4,"Value":168},{"Length":44,"Height":98,"Demand":0,"DemandMax":4,"Value":12936},{"Length":24,"Height":43,"Demand":0,"DemandMax":4,"Value":1032},{"Length":88,"Height":47,"Demand":0,"DemandMax":4,"Value":12408},{"Length":84,"Height":86,"Demand":0,"DemandMax":4,"Value":14448},{"Length":10,"Height":32,"Demand":0,"DemandMax":4,"Value":320},{"Length":78,"Height":3,"Demand":0,"DemandMax":4,"Value":234},{"Length":74,"Height":72,"Demand":0,"DemandMax":4,"Value":5328},{"Length":10,"Height":86,"Demand":0,"DemandMax":4,"Value":1720},{"Length":81,"Height":51,"Demand":0,"DemandMax":4,"Value":8262},{"Length":42,"Height":90,"Demand":0,"DemandMax":4,"Value":7560},{"Length":39,"Height":41,"Demand":0,"DemandMax":4,"Value":4797},{"Length":47,"Height":22,"Demand":0,"DemandMax":4,"Value":2068},{"Length":25,"Height":99,"Demand":0,"DemandMax":4,"Value":2475},{"Length":91,"Height":33,"Demand":0,"DemandMax":4,"Value":6006},{"Length":51,"Height":93,"Demand":0,"DemandMax":4,"Value":4743},{"Length":100,"Height":50,"Demand":0,"DemandMax":4,"Value":5000},{"Length":36,"Height":14,"Demand":0,"DemandMax":4,"Value":504},{"Length":50,"Height":86,"Demand":0,"DemandMax":4,"Value":12900},{"Length":95,"Height":50,"Demand":0,"DemandMax":4,"Value":14250},{"Length":84,"Height":25,"Demand":0,"DemandMax":4,"Value":6300},{"Length":10,"Height":83,"Demand":0,"DemandMax":4,"Value":830},{"Length":7,"Height":46,"Demand":0,"DemandMax":4,"Value":322},{"Length":42,"Height":38,"Demand":0,"DemandMax":4,"Value":4788},{"Length":62,"Height":62,"Demand":0,"DemandMax":4,"Value":7688},{"Length":99,"Height":50,"Demand":0,"DemandMax":4,"Value":14850},{"Length":83,"Height":17,"Demand":0,"DemandMax":4,"Value":4233},{"Length":50,"Height":85,"Demand":0,"DemandMax":4,"Value":4250},{"Length":72,"Height":78,"Demand":0,"DemandMax":4,"Value":5616},{"Length":9,"Height":6,"Demand":0,"DemandMax":4,"Value":54},{"Length":83,"Height":99,"Demand":0,"DemandMax":4,"Value":8217},{"Length":27,"Height":81,"Demand":0,"DemandMax":4,"Value":2187},{"Length":17,"Height":23,"Demand":0,"DemandMax":4,"Value":391},{"Length":72,"Height":65,"Demand":0,"DemandMax":4,"Value":4680},{"Length":13,"Height":9,"Demand":0,"DemandMax":4,"Value":351},{"Length":22,"Height":30,"Demand":0,"DemandMax":4,"Value":1980},{"Length":82,"Height":90,"Demand":0,"DemandMax":4,"Value":14760},{"Length":50,"Height":7,"Demand":0,"DemandMax":4,"Value":700},{"Length":82,"Height":17,"Demand":0,"DemandMax":4,"Value":1394},{"Length":19,"Height":93,"Demand":0,"DemandMax":4,"Value":5301},{"Length":33,"Height":93,"Demand":0,"DemandMax":4,"Value":3069},{"Length":38,"Height":23,"Demand":0,"DemandMax":4,"Value":1748},{"Length":82,"Height":97,"Demand":0,"DemandMax":4,"Value":7954},{"Length":61,"Height":57,"Demand":0,"DemandMax":4,"Value":3477},{"Length":76,"Height":3,"Demand":0,"DemandMax":4,"Value":684},{"Length":39,"Height":99,"Demand":0,"DemandMax":4,"Value":7722},{"Length":6,"Height":34,"Demand":0,"DemandMax":4,"Value":612},{"Length":19,"Height":28,"Demand":0,"DemandMax":4,"Value":532},{"Length":96,"Height":40,"Demand":0,"DemandMax":4,"Value":3840},{"Length":40,"Height":88,"Demand":0,"DemandMax":4,"Value":7040},{"Length":43,"Height":29,"Demand":0,"DemandMax":4,"Value":1247},{"Length":28,"Height":30,"Demand":0,"DemandMax":4,"Value":2520},{"Length":60,"Height":78,"Demand":0,"DemandMax":4,"Value":4680},{"Length":39,"Height":45,"Demand":0,"DemandMax":4,"Value":3510},{"Length":79,"Height":20,"Demand":0,"DemandMax":4,"Value":3160},{"Length":41,"Height":38,"Demand":0,"DemandMax":4,"Value":4674},{"Length":92,"Height":31,"Demand":0,"DemandMax":4,"Value":5704},{"Length":96,"Height":22,"Demand":0,"DemandMax":4,"Value":6336},{"Length":8,"Height":81,"Demand":0,"DemandMax":4,"Value":648},{"Length":92,"Height":46,"Demand":0,"DemandMax":4,"Value":12696},{"Length":58,"Height":94,"Demand":0,"DemandMax":4,"Value":10904},{"Length":84,"Height":71,"Demand":0,"DemandMax":4,"Value":17892},{"Length":45,"Height":18,"Demand":0,"DemandMax":4,"Value":1620},{"Length":62,"Height":85,"Demand":0,"DemandMax":4,"Value":10540},{"Length":46,"Height":46,"Demand":0,"DemandMax":4,"Value":4232},{"Length":6,"Height":26,"Demand":0,"DemandMax":4,"Value":312},{"Length":43,"Height":18,"Demand":0,"DemandMax":4,"Value":2322},{"Length":6,"Height":40,"Demand":0,"DemandMax":4,"Value":720},{"Length":9,"Height":50,"Demand":0,"DemandMax":4,"Value":1350},{"Length":59,"Height":86,"Demand":0,"DemandMax":4,"Value":10148},{"Length":74,"Height":85,"Demand":0,"DemandMax":4,"Value":18870},{"Length":91,"Height":90,"Demand":0,"DemandMax":4,"Value":8190},{"Length":88,"Height":45,"Demand":0,"DemandMax":4,"Value":11880},{"Length":12,"Height":88,"Demand":0,"DemandMax":4,"Value":1056},{"Length":85,"Height":14,"Demand":0,"DemandMax":4,"Value":3570},{"Length":23,"Height":99,"Demand":0,"DemandMax":4,"Value":4554},{"Length":45,"Height":2,"Demand":0,"DemandMax":4,"Value":180},{"Length":77,"Height":18,"Demand":0,"DemandMax":4,"Value":2772},{"Length":11,"Height":34,"Demand":0,"DemandMax":4,"Value":374},{"Length":100,"Height":57,"Demand":0,"DemandMax":4,"Value":17100},{"Length":16,"Height":26,"Demand":0,"DemandMax":4,"Value":1248},{"Length":84,"Height":36,"Demand":0,"DemandMax":4,"Value":6048},{"Length":7,"Height":88,"Demand":0,"DemandMax":4,"Value":616},{"Length":95,"Height":33,"Demand":0,"DemandMax":4,"Value":3135},{"Length":47,"Height":94,"Demand":0,"DemandMax":4,"Value":4418},{"Length":42,"Height":19,"Demand":0,"DemandMax":4,"Value":798},{"Length":70,"Height":52,"Demand":0,"DemandMax":4,"Value":3640},{"Length":29,"Height":48,"Demand":0,"DemandMax":4,"Value":4176},{"Length":100,"Height":83,"Demand":0,"DemandMax":4,"Value":8300},{"Length":17,"Height":46,"Demand":0,"DemandMax":4,"Value":782},{"Length":12,"Height":23,"Demand":0,"DemandMax":4,"Value":276},{"Length":56,"Height":62,"Demand":0,"DemandMax":4,"Value":6944},{"Length":46,"Height":96,"Demand":0,"DemandMax":4,"Value":4416},{"Length":90,"Height":47,"Demand":0,"DemandMax":4,"Value":4230},{"Length":22,"Height":24,"Demand":0,"DemandMax":4,"Value":1584},{"Length":47,"Height":81,"Demand":0,"DemandMax":4,"Value":3807},{"Length":42,"Height":35,"Demand":0,"DemandMax":4,"Value":1470},{"Length":49,"Height":99,"Demand":0,"DemandMax":4,"Value":4851},{"Length":64,"Height":67,"Demand":0,"DemandMax":4,"Value":8576},{"Length":24,"Height":27,"Demand":0,"DemandMax":4,"Value":1296},{"Length":26,"Height":41,"Demand":0,"DemandMax":4,"Value":2132},{"Length":12,"Height":22,"Demand":0,"DemandMax":4,"Value":264},{"Length":74,"Height":64,"Demand":0,"DemandMax":4,"Value":14208},{"Length":3,"Height":34,"Demand":0,"DemandMax":4,"Value":204},{"Length":17,"Height":84,"Demand":0,"DemandMax":4,"Value":2856},{"Length":55,"Height":61,"Demand":0,"DemandMax":4,"Value":10065},{"Length":31,"Height":37,"Demand":0,"DemandMax":4,"Value":2294},{"Length":28,"Height":34,"Demand":0,"DemandMax":4,"Value":2856},{"Length":53,"Height":66,"Demand":0,"DemandMax":4,"Value":10494},{"Length":24,"Height":6,"Demand":0,"DemandMax":4,"Value":432},{"Length":20,"Height":7,"Demand":0,"DemandMax":4,"Value":280},{"Length":26,"Height":83,"Demand":0,"DemandMax":4,"Value":2158},{"Length":88,"Height":34,"Demand":0,"DemandMax":4,"Value":2992},{"Length":56,"Height":100,"Demand":0,"DemandMax":4,"Value":5600},{"Length":14,"Height":3,"Demand":0,"DemandMax":4,"Value":42},{"Length":85,"Height":33,"Demand":0,"DemandMax":4,"Value":8415},{"Length":24,"Height":49,"Demand":0,"DemandMax":4,"Value":1176},{"Length":35,"Height":42,"Demand":0,"DemandMax":4,"Value":4410},{"Length":48,"Height":78,"Demand":0,"DemandMax":4,"Value":7488},{"Length":29,"Height":96,"Demand":0,"DemandMax":4,"Value":2784},{"Length":67,"Height":90,"Demand":0,"DemandMax":4,"Value":18090},{"Length":85,"Height":17,"Demand":0,"DemandMax":4,"Value":4335},{"Length":37,"Height":31,"Demand":0,"DemandMax":4,"Value":3441},{"Length":85,"Height":27,"Demand":0,"DemandMax":4,"Value":2295},{"Length":34,"Height":13,"Demand":0,"DemandMax":4,"Value":884},{"Length":44,"Height":42,"Demand":0,"DemandMax":4,"Value":1848},{"Length":19,"Height":38,"Demand":0,"DemandMax":4,"Value":2166},{"Length":41,"Height":39,"Demand":0,"DemandMax":4,"Value":4797},{"Length":77,"Height":36,"Demand":0,"DemandMax":4,"Value":8316},{"Length":2,"Height":12,"Demand":0,"DemandMax":4,"Value":24},{"Length":5,"Height":86,"Demand":0,"DemandMax":4,"Value":1290},{"Length":94,"Height":35,"Demand":0,"DemandMax":4,"Value":9870},{"Length":50,"Height":94,"Demand":0,"DemandMax":4,"Value":14100},{"Length":13,"Height":22,"Demand":0,"DemandMax":4,"Value":286},{"Length":76,"Height":81,"Demand":0,"DemandMax":4,"Value":6156},{"Length":21,"Height":49,"Demand":0,"DemandMax":4,"Value":1029},{"Length":56,"Height":80,"Demand":0,"DemandMax":4,"Value":8960},{"Length":6,"Height":80,"Demand":0,"DemandMax":4,"Value":1440}]}