{"Name":"ngcutfs2_141","Objects":[{"Length":100,"Height":100,"Stock":null,"Cost":10000}],"Items":[{"Length":92,"Height":54,"Demand":0,"DemandMax":4,"Value":14904},{"Length":83,"Height":27,"Demand":0,"DemandMax":4,"Value":6723},{"Length":27,"Height":43,"Demand":0,"DemandMax":4,"Value":3483},{"Length":10,"Height":28,"Demand":0,"DemandMax":4,"Value":560},{"Length":9,"Height":90,"Demand":0,"DemandMax":4,"Value":2430},{"Length":15,"Height":48,"Demand":0,"DemandMax":4,"Value":1440},{"Length":4,"Height":18,"Demand":0,"DemandMax":4,"Value":216},{"Length":42,"Height":91,"Demand":0,"DemandMax":4,"Value":11466},{"Length":78,"Height":37,"Demand":0,"DemandMax":4,"Value":8658},{"Length":36,"Height":50,"Demand":0,"DemandMax":4,"Value":1800},{"Length":39,"Height":9,"Demand":0,"DemandMax":4,"Value":351},{"Length":38,"Height":45,"Demand":0,"DemandMax":4,"Value":1710},{"Length":29,"Height":14,"Demand":0,"DemandMax":4,"Value":1218},{"Length":84,"Height":40,"Demand":0,"DemandMax":4,"Value":10080},{"Length":95,"Height":12,"Demand":0,"DemandMax":4,"Value":2280},{"Length":17,"Height":34,"Demand":0,"DemandMax":4,"Value":1734},{"Length":37,"Height":6,"Demand":0,"DemandMax":4,"Value":666},{"Length":54,"Height":74,"Demand":0,"DemandMax":4,"Value":11988},{"Length":76,"Height":15,"Demand":0,"DemandMax":4,"Value":3420},{"Length":81,"Height":30,"Demand":0,"DemandMax":4,"Value":2430},{"Length":52,"Height":95,"Demand":0,"DemandMax":4,"Value":14820},{"Length":9,"Height":96,"Demand":0,"DemandMax":4,"Value":2592},{"Length":19,"Height":4,"Demand":0,"DemandMax":4,"Value":76},{"Length":54,"Height":69,"Demand":0,"DemandMax":4,"Value":7452},{"Length":15,"Height":28,"Demand":0,"DemandMax":4,"Value":840},{"Length":93,"Height":40,"Demand":0,"DemandMax":4,"Value":11160},{"Length":23,"Height":20,"Demand":0,"DemandMax":4,"Value":1380},{"Length":15,"Height":22,"Demand":0,"DemandMax":4,"Value":330},{"Length":31,"Height":6,"Demand":0,"DemandMax":4,"Value":186},{"Length":34,"Height":41,"Demand":0,"DemandMax":4,"Value":2788},{"Length":90,"Height":77,"Demand":0,"DemandMax":4,"Value":13860},{"Length":26,"Height":32,"Demand":0,"DemandMax":4,"Value":832},{"Length":83,"Height":37,"Demand":0,"DemandMax":4,"Value":9213},{"Length":10,"Height":13,"Demand":0,"DemandMax":4,"Value":390},{"Length":27,"Height":13,"Demand":0,"DemandMax":4,"Value":702},{"Length":32,"Height":33,"Demand":0,"DemandMax":4,"Value":2112},{"Length":93,"Height":29,"Demand":0,"DemandMax":4,"Value":2697},{"Length":36,"Height":76,"Demand":0,"DemandMax":4,"Value":5472},{"Length":31,"Height":50,"Demand":0,"DemandMax":4,"Value":1550},{"Length":50,"Height":39,"Demand":0,"DemandMax":4,"Value":3900},{"Length":33,"Height":43,"Demand":0,"DemandMax":4,"Value":1419},{"Length":86,"Height":50,"Demand":0,"DemandMax":4,"Value":4300},{"Length":29,"Height":93,"Demand":0,"DemandMax":4,"Value":5394},{"Length":13,"Height":39,"Demand":0,"DemandMax":4,"Value":1521},{"Length":42,"Height":83,"Demand":0,"DemandMax":4,"Value":10458},{"Length":15,"Height":3,"Demand":0,"DemandMax":4,"Value":135},{"Length":9,"Height":25,"Demand":0,"DemandMax":4,"Value":675},{"Length":83,"Height":34,"Demand":0,"DemandMax":4,"Value":8466},{"Length":26,"Height":45,"Demand":0,"DemandMax":4,"Value":3510},{"Length":13,"Height":23,"Demand":0,"DemandMax":4,"Value":897},{"Length":36,"Height":23,"Demand":0,"DemandMax":4,"Value":828},{"Length":28,"Height":3,"Demand":0,"DemandMax":4,"Value":84},{"Length":3,"Height":9,"Demand":0,"DemandMax":4,"Value":27},{"Length":93,"Height":44,"Demand":0,"DemandMax":4,"Value":8184},{"Length":47,"Height":11,"Demand":0,"DemandMax":4,"Value":517},{"Length":32,"Height":34,"Demand":0,"DemandMax":4,"Value":2176},{"Length":91,"Height":43,"Demand":0,"DemandMax":4,"Value":7826},{"Length":83,"Height":39,"Demand":0,"DemandMax":4,"Value":6474},{"Length":4,"Height":47,"Demand":0,"DemandMax":4,"Value":376},{"Length":27,"Height":4,"Demand":0,"DemandMax":4,"Value":324},{"Length":6,"Height":37,"Demand":0,"DemandMax":4,"Value":666},{"Length":88,"Height":98,"Demand":0,"DemandMax":4,"Value":25872},{"Length":47,"Height":13,"Demand":0,"DemandMax":4,"Value":1833},{"Length":77,"Height":11,"Demand":0,"DemandMax":4,"Value":847},{"Length":22,"Height":25,"Demand":0,"DemandMax":4,"Value":1100},{"Length":39,"Height":34,"Demand":0,"DemandMax":4,"Value":1326},{"Length":12,"Height":31,"Demand":0,"DemandMax":4,"Value":1116},{"Length":2,"Height":6,"Demand":0,"DemandMax":4,"Value":36},{"Length":51,"Height":52,"Demand":0,"DemandMax":4,"Value":5304},{"Length":19,"Height":80,"Demand":0,"DemandMax":4,"Value":3040},{"Length":20,"Height":87,"Demand":0,"DemandMax":4,"Value":5220},{"Length":49,"Height":96,"Demand":0,"DemandMax":4,"Value":4704},{"Length":31,"Height":100,"Demand":0,"DemandMax":4,"Value":9300},{"Length":41,"Height":6,"Demand":0,"DemandMax":4,"Value":738},{"Length":76,"Height":81,"Demand":0,"DemandMax":4,"Value":12312},{"Length":53,"Height":85,"Demand":0,"DemandMax":4,"Value":9010},{"Length":26,"Height":86,"Demand":0,"DemandMax":4,"Value":4472},{"Length":10,"Height":25,"Demand":0,"DemandMax":4,"Value":500},{"Length":71,"Height":58,"Demand":0,"DemandMax":4,"Value":12354},{"Length":86,"Height":3,"Demand":0,"DemandMax":4,"Value":516},{"Length":87,"Height":94,"Demand":0,"DemandMax":4,"Value":8178},{"Length":77,"Height":87,"Demand":0,"DemandMax":4,"Value":20097},{"Length":36,"Height":99,"Demand":0,"DemandMax":4,"Value":10692},{"Length":34,"Height":97,"Demand":0,"DemandMax":4,"Value":9894},{"Length":12,"Height":36,"Demand":0,"DemandMax":4,"Value":864},{"Length":94,"Height":69,"Demand":0,"DemandMax":4,"Value":12972},{"Length":43,"Height":46,"Demand":0,"DemandMax":4,"Value":1978},{"Length":31,"Height":29,"Demand":0,"DemandMax":4,"Value":2697},{"Length":32,"Height":97,"Demand":0,"DemandMax":4,"Value":3104},{"Length":5,"Height":83,"Demand":0,"DemandMax":4,"Value":415},{"Length":22,"Height":22,"Demand":0,"DemandMax":4,"Value":1452},{"Length":10,"Height":21,"Demand":0,"DemandMax":4,"Value":210},{"Length":28,"Height":23,"Demand":0,"DemandMax":4,"Value":1288},{"Length":8,"Height":23,"Demand":0,"DemandMax":4,"Value":368},{"Length":23,"Height":12,"Demand":0,"DemandMax":4,"Value":828},{"Length":9,"Height":39,"Demand":0,"DemandMax":4,"Value":1053},{"Length":33,"Height":77,"Demand":0,"DemandMax":4,"Value":7623},{"Length":46,"Height":48,"Demand":0,"DemandMax":4,"Value":6624},{"Length":45,"Height":15,"Demand":0,"DemandMax":4,"Value":2025},{"Length":10,"Height":50,"Demand":0,"DemandMax":4,"Value":1000},{"Length":21,"Height":98,"Demand":0,"DemandMax":4,"Value":4116},{"Length":97,"Height":80,"Demand":0,"DemandMax":4,"Value":7760},{"Length":89,"Height":27,"Demand":0,"DemandMax":4,"Value":2403},{"Length":5,"Height":48,"Demand":0,"DemandMax":4,"Value":240},{"Length":100,"Height":58,"Demand":0,"DemandMax":4,"Value":5800},{"Length":5,"Height":27,"Demand":0,"DemandMax":4,"Value":135},{"Length":6,"Height":11,"Demand":0,"DemandMax":4,"Value":198},{"Length":92,"Height":7,"Demand":0,"DemandMax":4,"Value":1288},{"Length":89,"Height":15,"Demand":0,"DemandMax":4,"Value":4005},{"Length":29,"Height":24,"Demand":0,"DemandMax":4,"Value":1392},{"Length":37,"Height":12,"Demand":0,"DemandMax":4,"Value":444},{"Length":33,"Height":33,"Demand":0,"DemandMax":4,"Value":2178},{"Length":49,"Height":16,"Demand":0,"DemandMax":4,"Value":2352},{"Length":86,"Height":8,"Demand":0,"DemandMax":4,"Value":2064},{"Length":6,"Height":45,"Demand":0,"DemandMax":4,"Value":810},{"Length":50,"Height":24,"Demand":0,"DemandMax":4,"Value":1200},{"Length":36,"Height":17,"Demand":0,"DemandMax":4,"Value":1224},{"Length":55,"Height":64,"Demand":0,"DemandMax":4,"Value":7040},{"Length":26,"Height":34,"Demand":0,"DemandMax":4,"Value":2652},{"Length":47,"Height":83,"Demand":0,"DemandMax":4,"Value":3901},{"Length":21,"Height":25,"Demand":0,"DemandMax":4,"Value":1575},{"Length":27,"Height":21,"Demand":0,"DemandMax":4,"Value":1701},{"Length":10,"Height":98,"Demand":0,"DemandMax":4,"Value":2940},{"Length":46,"Height":49,"Demand":0,"DemandMax":4,"Value":6762},{"Length":41,"Height":96,"Demand":0,"DemandMax":4,"Value":11808},{"Length":23,"Height":4,"Demand":0,"DemandMax":4,"Value":276},{"Length":46,"Height":31,"Demand":0,"DemandMax":4,"Value":2852},{"Length":6,"Height":2,"Demand":0,"DemandMax":4,"Value":36},{"Length":34,"Height":80,"Demand":0,"DemandMax":4,"Value":2720},{"Length":4,"Height":99,"Demand":0,"DemandMax":4,"Value":792},{"Length":99,"Height":74,"Demand":0,"DemandMax":4,"Value":7326},{"Length":100,"Height":49,"Demand":0,"DemandMax":4,"Value":14700},{"Length":22,"Height":14,"Demand":0,"DemandMax":4,"Value":616},{"Length":14,"Height":18,"Demand":0,"DemandMax":4,"Value":504},{"Length":41,"Height":29,"Demand":0,"DemandMax":4,"Value":1189},{"Length":92,"Height":78,"Demand":0,"DemandMax":4,"Value":7176},{"Length":20,"Height":17,"Demand":0,"DemandMax":4,"Value":1020},{"Length":96,"Height":49,"Demand":0,"DemandMax":4,"Value":4704},{"Length":38,"Height":50,"Demand":0,"DemandMax":4,"Value":5700},{"Length":31,"Height":31,"Demand":0,"DemandMax":4,"Value":2883},{"Length":30,"Height":42,"Demand":0,"DemandMax":4,"Value":1260},{"Length":2,"Height":39,"Demand":0,"DemandMax":4,"Value":234},{"Length":50,"Height":47,"Demand":0,"DemandMax":4,"Value":4700},{"Length":87,"Height":34,"Demand":0,"DemandMax":4,"Value":8874},{"Length":88,"Height":77,"Demand":0,"DemandMax":4,"Value":20328},{"Length":10,"Height":20,"Demand":0,"DemandMax":4,"Value":600},{"Length":40,"Height":18,"Demand":0,"DemandMax":8,"Value":1440},{"Length":27,"Height":30,"Demand":0,"DemandMax":4,"Value":810},{"Length":35,"Height":26,"Demand":0,"DemandMax":4,"Value":1820},{"Length":45,"Height":25,"Demand":0,"DemandMax":4,"Value":2250},{"Length":44,"Height":16,"Demand":0,"DemandMax":4,"Value":2112},{"Length":15,"Height":5,"Demand":0,"DemandMax":4,"Value":225},{"Length":49,"Height":20,"Demand":0,"DemandMax":4,"Value":980},{"Length":2,"Height":23,"Demand":0,"DemandMax":4,"Value":92},{"Length":28,"Height":50,"Demand":0,"DemandMax":4,"Value":4200},{"Length":90,"Height":43,"Demand":0,"DemandMax":4,"Value":3870},{"Length":83,"Height":37,"Demand":0,"DemandMax":4,"Value":6142},{"Length":60,"Height":60,"Demand":0,"DemandMax":4,"Value":10800},{"Length":98,"Height":4,"Demand":0,"DemandMax":4,"Value":1176},{"Length":31,"Height":87,"Demand":0,"DemandMax":4,"Value":5394},{"Length":89,"Height":2,"Demand":0,"DemandMax":4,"Value":178},{"Length":9,"Height":47,"Demand":0,"DemandMax":4,"Value":423},{"Length":45,"Height":2,"Demand":0,"DemandMax":4,"Value":180},{"Length":45,"Height":33,"Demand":0,"DemandMax":4,"Value":1485},{"Length":10,"Height":45,"Demand":0,"DemandMax":4,"Value":1350},{"Length":15,"Height":32,"Demand":0,"DemandMax":4,"Value":960},{"Length":48,"Height":37,"Demand":0,"DemandMax":4,"Value":5328},{"Length":41,"Height":82,"Demand":0,"DemandMax":4,"Value":6724},{"Length":48,"Height":98,"Demand":0,"DemandMax":4,"Value":9408},{"Length":6,"Height":91,"Demand":0,"DemandMax":4,"Value":1638},{"Length":12,"Height":28,"Demand":0,"DemandMax":4,"Value":672},{"Length":92,"Height":91,"Demand":0,"DemandMax":4,"Value":25116},{"Length":82,"Height":32,"Demand":0,"DemandMax":4,"Value":7872},{"Length":82,"Height":68,"Demand":0,"DemandMax":4,"Value":5576},{"Length":87,"Height":25,"Demand":0,"DemandMax":4,"Value":4350},{"Length":43,"Height":39,"Demand":0,"DemandMax":4,"Value":5031},{"Length":64,"Height":65,"Demand":0,"DemandMax":4,"Value":8320},{"Length":7,"Height":98,"Demand":0,"DemandMax":4,"Value":1372},{"Length":35,"Height":4,"Demand":0,"DemandMax":4,"Value":140},{"Length":8,"Height":99,"Demand":0,"DemandMax":4,"Value":792},{"Length":78,"Height":4,"Demand":0,"DemandMax":4,"Value":936},{"Length":50,"Height":35,"Demand":0,"DemandMax":4,"Value":3500},{"Length":81,"Height":47,"Demand":0,"DemandMax":4,"Value":11421},{"Length":45,"Height":93,"Demand":0,"DemandMax":4,"Value":12555},{"Length":42,"Height":38,"Demand":0,"DemandMax":4,"Value":3192},{"Length":89,"Height":90,"Demand":0,"DemandMax":4,"Value":16020},{"Length":16,"Height":16,"Demand":0,"DemandMax":4,"Value":256},{"Length":40,"Height":4,"Demand":0,"DemandMax":4,"Value":160},{"Length":3,"Height":78,"Demand":0,"DemandMax":4,"Value":702},{"Length":23,"Height":11,"Demand":0,"DemandMax":4,"Value":759},{"Length":50,"Height":43,"Demand":0,"DemandMax":4,"Value":2150},{"Length":46,"Height":96,"Demand":0,"DemandMax":4,"Value":4416},{"Length":12,"Height":93,"Demand":0,"DemandMax":4,"Value":2232},{"Length":37,"Height":25,"Demand":0,"DemandMax":4,"Value":1850},{"Length":88,"Height":3,"Demand":0,"DemandMax":4,"Value":528},{"Length":6,"Height":3,"Demand":0,"DemandMax":4,"Value":54},{"Length":13,"Height":33,"Demand":0,"DemandMax":4,"Value":858},{"Length":17,"Height":10,"Demand":0,"DemandMax":4,"Value":340},{"Length":41,"Height":50,"Demand":0,"DemandMax":4,"Value":4100},{"Length":59,"Height":60,"Demand":0,"DemandMax":4,"Value":7080},{"Length":33,"Height":41,"Demand":0,"DemandMax":4,"Value":1353},{"Length":76,"Height":21,"Demand":0,"DemandMax":4,"Value":4788},{"Length":30,"Height":2,"Demand":0,"DemandMax":4,"Value":60},{"Length":3,"Height":91,"Demand":0,"DemandMax":4,"Value":819},{"Length":36,"Height":6,"Demand":0,"DemandMax":4,"Value":216},{"Length":14,"Height":32,"Demand":0,"DemandMax":4,"Value":896},{"Length":33,"Height":17,"Demand":0,"DemandMax":4,"Value":561},{"Length":12,"Height":44,"Demand":0,"DemandMax":4,"Value":1056},{"Length":60,"Height":94,"Demand":0,"DemandMax":4,"Value":5640},{"Length":49,"Height":81,"Demand":0,"DemandMax":4,"Value":11907},{"Length":44,"Height":32,"Demand":0,"DemandMax":4,"Value":1408},{"Length":89,"Height":39,"Demand":0,"DemandMax":4,"Value":6942},{"Length":44,"Height":12,"Demand":0,"DemandMax":4,"Value":1584},{"Length":7,"Height":3,"Demand":0,"DemandMax":4,"Value":63},{"Length":82,"Height":9,"Demand":0,"DemandMax":4,"Value":738},{"Length":43,"Height":42,"Demand":0,"DemandMax":4,"Value":3612},{"Length":22,"Height":35,"Demand":0,"DemandMax":4,"Value":770},{"Length":35,"Height":20,"Demand":0,"DemandMax":4,"Value":1400},{"Length":3,"Height":35,"Demand":0,"DemandMax":4,"Value":315},{"Length":28,"Height":40,"Demand":0,"DemandMax":4,"Value":2240},{"Length":50,"Height":84,"Demand":0,"DemandMax":4,"Value":12600},{"Length":65,"Height":81,"Demand":0,"DemandMax":4,"Value":10530},{"Length":98,"Height":79,"Demand":0,"DemandMax":4,"Value":23226},{"Length":23,"Height":31,"Demand":0,"DemandMax":4,"Value":2139},{"Length":42,"Height":83,"Demand":0,"DemandMax":4,"Value":6972},{"Length":23,"Height":34,"Demand":0,"DemandMax":4,"Value":1564},{"Length":22,"Height":12,"Demand":0,"DemandMax":4,"Value":792},{"Length":80,"Height":34,"Demand":0,"DemandMax":4,"Value":5440},{"Length":11,"Height":8,"Demand":0,"DemandMax":4,"Value":88},{"Length":97,"Height":21,"Demand":0,"DemandMax":4,"Value":6111},{"Length":32,"Height":5,"Demand":0,"DemandMax":4,"Value":480},{"Length":24,"Height":85,"Demand":0,"DemandMax":4,"Value":6120},{"Length":26,"Height":88,"Demand":0,"DemandMax":4,"Value":2288},{"Length":4,"Height":34,"Demand":0,"DemandMax":4,"Value":136},{"Length":15,"Height":21,"Demand":0,"DemandMax":4,"Value":315},{"Length":94,"Height":97,"Demand":0,"DemandMax":4,"Value":27354},{"Length":7,"Height":82,"Demand":0,"DemandMax":4,"Value":1148},{"Length":15,"Height":31,"Demand":0,"DemandMax":4,"Value":930},{"Length":89,"Height":23,"Demand":0,"DemandMax":4,"Value":6141},{"Length":26,"Height":21,"Demand":0,"DemandMax":4,"Value":546},{"Length":39,"Height":45,"Demand":0,"DemandMax":4,"Value":1755},{"Length":95,"Height":80,"Demand":0,"DemandMax":4,"Value":7600},{"Length":22,"Height":47,"Demand":0,"DemandMax":4,"Value":1034},{"Length":17,"Height":18,"Demand":0,"DemandMax":4,"Value":612},{"Length":99,"Height":32,"Demand":0,"DemandMax":4,"Value":9504},{"Length":43,"Height":36,"Demand":0,"DemandMax":4,"Value":1548},{"Length":36,"Height":49,"Demand":0,"DemandMax":4,"Value":3528},{"Length":35,"Height":99,"Demand":0,"DemandMax":4,"Value":6930},{"Length":32,"Height":96,"Demand":0,"DemandMax":4,"Value":9216}]}