{"Name":"ngcutfs3_17","Objects":[{"Length":100,"Height":100,"Stock":null,"Cost":10000}],"Items":[{"Length":55,"Height":100,"Demand":0,"DemandMax":3,"Value":11000},{"Length":15,"Height":44,"Demand":0,"DemandMax":3,"Value":1980},{"Length":37,"Height":42,"Demand":0,"DemandMax":3,"Value":1554},{"Length":14,"Height":37,"Demand":0,"DemandMax":3,"Value":1554},{"Length":34,"Height":36,"Demand":0,"DemandMax":3,"Value":1224},{"Length":38,"Height":15,"Demand":0,"DemandMax":3,"Value":570},{"Length":59,"Height":51,"Demand":0,"DemandMax":3,"Value":6018},{"Length":39,"Height":30,"Demand":0,"DemandMax":3,"Value":3510},{"Length":40,"Height":41,"Demand":0,"DemandMax":3,"Value":4920},{"Length":47,"Height":28,"Demand":0,"DemandMax":3,"Value":1316},{"Length":98,"Height":12,"Demand":0,"DemandMax":3,"Value":1176},{"Length":50,"Height":9,"Demand":0,"DemandMax":3,"Value":900},{"Length":95,"Height":57,"Demand":0,"DemandMax":3,"Value":10830},{"Length":5,"Height":43,"Demand":0,"DemandMax":3,"Value":430},{"Length":38,"Height":50,"Demand":0,"DemandMax":3,"Value":5700},{"Length":19,"Height":18,"Demand":0,"DemandMax":3,"Value":1026},{"Length":43,"Height":95,"Demand":0,"DemandMax":3,"Value":4085},{"Length":38,"Height":98,"Demand":0,"DemandMax":3,"Value":11172},{"Length":42,"Height":12,"Demand":0,"DemandMax":3,"Value":504},{"Length":72,"Height":52,"Demand":0,"DemandMax":3,"Value":7488},{"Length":84,"Height":5,"Demand":0,"DemandMax":3,"Value":1260},{"Length":15,"Height":17,"Demand":0,"DemandMax":3,"Value":255},{"Length":9,"Height":45,"Demand":0,"DemandMax":3,"Value":1215},{"Length":38,"Height":90,"Demand":0,"DemandMax":3,"Value":6840},{"Length":91,"Height":16,"Demand":0,"DemandMax":3,"Value":1456},{"Length":8,"Height":22,"Demand":0,"DemandMax":3,"Value":352},{"Length":76,"Height":36,"Demand":0,"DemandMax":3,"Value":5472},{"Length":13,"Height":20,"Demand":0,"DemandMax":3,"Value":520},{"Length":49,"Height":3,"Demand":0,"DemandMax":3,"Value":441},{"Length":48,"Height":32,"Demand":0,"DemandMax":3,"Value":3072},{"Length":35,"Height":29,"Demand":0,"DemandMax":3,"Value":2030},{"Length":42,"Height":10,"Demand":0,"DemandMax":3,"Value":420},{"Length":80,"Height":88,"Demand":0,"DemandMax":3,"Value":14080},{"Length":4,"Height":81,"Demand":0,"DemandMax":3,"Value":324},{"Length":13,"Height":31,"Demand":0,"DemandMax":3,"Value":403},{"Length":35,"Height":92,"Demand":0,"DemandMax":3,"Value":9660},{"Length":21,"Height":24,"Demand":0,"DemandMax":3,"Value":1512},{"Length":49,"Height":10,"Demand":0,"DemandMax":3,"Value":980},{"Length":43,"Height":94,"Demand":0,"DemandMax":3,"Value":12126},{"Length":5,"Height":24,"Demand":0,"DemandMax":3,"Value":360}]}