{"Name":"ngcutfs3_42","Objects":[{"Length":100,"Height":100,"Stock":null,"Cost":10000}],"Items":[{"Length":31,"Height":6,"Demand":0,"DemandMax":3,"Value":186},{"Length":41,"Height":29,"Demand":0,"DemandMax":3,"Value":2378},{"Length":29,"Height":24,"Demand":0,"DemandMax":3,"Value":696},{"Length":88,"Height":99,"Demand":0,"DemandMax":3,"Value":17424},{"Length":39,"Height":16,"Demand":0,"DemandMax":3,"Value":1872},{"Length":37,"Height":22,"Demand":0,"DemandMax":3,"Value":2442},{"Length":29,"Height":23,"Demand":0,"DemandMax":3,"Value":1334},{"Length":18,"Height":43,"Demand":0,"DemandMax":3,"Value":774},{"Length":39,"Height":7,"Demand":0,"DemandMax":3,"Value":819},{"Length":26,"Height":5,"Demand":0,"DemandMax":3,"Value":390},{"Length":10,"Height":43,"Demand":0,"DemandMax":3,"Value":1290},{"Length":100,"Height":30,"Demand":0,"DemandMax":3,"Value":3000},{"Length":37,"Height":10,"Demand":0,"DemandMax":3,"Value":370},{"Length":31,"Height":93,"Demand":0,"DemandMax":3,"Value":8649},{"Length":38,"Height":15,"Demand":0,"DemandMax":3,"Value":1710},{"Length":83,"Height":77,"Demand":0,"DemandMax":3,"Value":12782},{"Length":46,"Height":14,"Demand":0,"DemandMax":3,"Value":644},{"Length":27,"Height":13,"Demand":0,"DemandMax":3,"Value":1053},{"Length":45,"Height":16,"Demand":0,"DemandMax":3,"Value":720},{"Length":28,"Height":44,"Demand":0,"DemandMax":3,"Value":1232},{"Length":80,"Height":18,"Demand":0,"DemandMax":3,"Value":1440},{"Length":3,"Height":11,"Demand":0,"DemandMax":3,"Value":33},{"Length":15,"Height":19,"Demand":0,"DemandMax":3,"Value":570},{"Length":11,"Height":34,"Demand":0,"DemandMax":3,"Value":748},{"Length":12,"Height":7,"Demand":0,"DemandMax":3,"Value":252},{"Length":11,"Height":14,"Demand":0,"DemandMax":3,"Value":462},{"Length":24,"Height":50,"Demand":0,"DemandMax":3,"Value":2400},{"Length":74,"Height":65,"Demand":0,"DemandMax":3,"Value":9620},{"Length":30,"Height":22,"Demand":0,"DemandMax":3,"Value":1320},{"Length":10,"Height":5,"Demand":0,"DemandMax":3,"Value":50},{"Length":28,"Height":22,"Demand":0,"DemandMax":3,"Value":616},{"Length":48,"Height":7,"Demand":0,"DemandMax":3,"Value":1008},{"Length":31,"Height":48,"Demand":0,"DemandMax":3,"Value":2976},{"Length":82,"Height":57,"Demand":0,"DemandMax":3,"Value":4674},{"Length":47,"Height":9,"Demand":0,"DemandMax":3,"Value":846},{"Length":21,"Height":41,"Demand":0,"DemandMax":3,"Value":2583},{"Length":76,"Height":24,"Demand":0,"DemandMax":3,"Value":5472},{"Length":4,"Height":29,"Demand":0,"DemandMax":3,"Value":116},{"Length":88,"Height":84,"Demand":0,"DemandMax":3,"Value":22176},{"Length":13,"Height":34,"Demand":0,"DemandMax":3,"Value":1326},{"Length":49,"Height":45,"Demand":0,"DemandMax":3,"Value":6615},{"Length":23,"Height":9,"Demand":0,"DemandMax":3,"Value":414},{"Length":20,"Height":16,"Demand":0,"DemandMax":3,"Value":960},{"Length":30,"Height":4,"Demand":0,"DemandMax":3,"Value":360},{"Length":50,"Height":81,"Demand":0,"DemandMax":3,"Value":8100},{"Length":47,"Height":34,"Demand":0,"DemandMax":3,"Value":4794},{"Length":7,"Height":28,"Demand":0,"DemandMax":3,"Value":196},{"Length":30,"Height":23,"Demand":0,"DemandMax":3,"Value":2070},{"Length":48,"Height":34,"Demand":0,"DemandMax":3,"Value":4896},{"Length":22,"Height":79,"Demand":0,"DemandMax":3,"Value":3476}]}