{"Name":"ngcutfs3_124","Objects":[{"Length":100,"Height":100,"Stock":null,"Cost":10000}],"Items":[{"Length":10,"Height":45,"Demand":0,"DemandMax":1,"Value":900},{"Length":11,"Height":32,"Demand":0,"DemandMax":1,"Value":704},{"Length":37,"Height":18,"Demand":0,"DemandMax":1,"Value":1998},{"Length":25,"Height":10,"Demand":0,"DemandMax":1,"Value":750},{"Length":3,"Height":23,"Demand":0,"DemandMax":1,"Value":207},{"Length":13,"Height":43,"Demand":0,"DemandMax":1,"Value":1677},{"Length":50,"Height":41,"Demand":0,"DemandMax":1,"Value":4100},{"Length":5,"Height":32,"Demand":0,"DemandMax":1,"Value":320},{"Length":26,"Height":46,"Demand":0,"DemandMax":1,"Value":2392},{"Length":8,"Height":39,"Demand":0,"DemandMax":1,"Value":936},{"Length":17,"Height":36,"Demand":0,"DemandMax":1,"Value":1224},{"Length":5,"Height":28,"Demand":0,"DemandMax":1,"Value":280},{"Length":8,"Height":30,"Demand":0,"DemandMax":1,"Value":720},{"Length":13,"Height":9,"Demand":0,"DemandMax":1,"Value":117},{"Length":46,"Height":4,"Demand":0,"DemandMax":1,"Value":368},{"Length":24,"Height":35,"Demand":0,"DemandMax":1,"Value":1680},{"Length":32,"Height":32,"Demand":0,"DemandMax":1,"Value":3072},{"Length":45,"Height":92,"Demand":0,"DemandMax":1,"Value":4140},{"Length":97,"Height":57,"Demand":0,"DemandMax":1,"Value":16587},{"Length":95,"Height":60,"Demand":0,"DemandMax":1,"Value":11400},{"Length":22,"Height":30,"Demand":0,"DemandMax":1,"Value":1320},{"Length":17,"Height":79,"Demand":0,"DemandMax":1,"Value":1343},{"Length":3,"Height":37,"Demand":0,"DemandMax":1,"Value":222},{"Length":20,"Height":9,"Demand":0,"DemandMax":1,"Value":540},{"Length":4,"Height":12,"Demand":0,"DemandMax":1,"Value":144},{"Length":37,"Height":2,"Demand":0,"DemandMax":1,"Value":222},{"Length":12,"Height":77,"Demand":0,"DemandMax":1,"Value":2772},{"Length":22,"Height":48,"Demand":0,"DemandMax":1,"Value":3168},{"Length":5,"Height":49,"Demand":0,"DemandMax":1,"Value":735},{"Length":5,"Height":20,"Demand":0,"DemandMax":1,"Value":100},{"Length":46,"Height":3,"Demand":0,"DemandMax":1,"Value":138},{"Length":83,"Height":8,"Demand":0,"DemandMax":1,"Value":664},{"Length":100,"Height":9,"Demand":0,"DemandMax":1,"Value":900},{"Length":44,"Height":14,"Demand":0,"DemandMax":1,"Value":616},{"Length":3,"Height":20,"Demand":0,"DemandMax":1,"Value":180},{"Length":32,"Height":25,"Demand":0,"DemandMax":1,"Value":800},{"Length":8,"Height":9,"Demand":0,"DemandMax":1,"Value":144},{"Length":49,"Height":21,"Demand":0,"DemandMax":1,"Value":1029},{"Length":61,"Height":95,"Demand":0,"DemandMax":1,"Value":5795},{"Length":33,"Height":12,"Demand":0,"DemandMax":1,"Value":1188},{"Length":18,"Height":36,"Demand":0,"DemandMax":1,"Value":1944},{"Length":33,"Height":36,"Demand":0,"DemandMax":1,"Value":1188},{"Length":5,"Height":5,"Demand":0,"DemandMax":1,"Value":25},{"Length":46,"Height":46,"Demand":0,"DemandMax":1,"Value":4232},{"Length":45,"Height":26,"Demand":0,"DemandMax":1,"Value":2340},{"Length":89,"Height":33,"Demand":0,"DemandMax":1,"Value":8811},{"Length":82,"Height":43,"Demand":0,"DemandMax":1,"Value":10578},{"Length":34,"Height":11,"Demand":0,"DemandMax":1,"Value":374},{"Length":16,"Height":99,"Demand":0,"DemandMax":1,"Value":1584},{"Length":41,"Height":50,"Demand":0,"DemandMax":1,"Value":4100},{"Length":4,"Height":48,"Demand":0,"DemandMax":1,"Value":576},{"Length":15,"Height":81,"Demand":0,"DemandMax":1,"Value":3645},{"Length":30,"Height":7,"Demand":0,"DemandMax":1,"Value":210},{"Length":49,"Height":41,"Demand":0,"DemandMax":1,"Value":6027},{"Length":39,"Height":93,"Demand":0,"DemandMax":1,"Value":7254},{"Length":87,"Height":51,"Demand":0,"DemandMax":1,"Value":4437},{"Length":47,"Height":47,"Demand":0,"DemandMax":1,"Value":6627},{"Length":32,"Height":34,"Demand":0,"DemandMax":1,"Value":3264},{"Length":16,"Height":84,"Demand":0,"DemandMax":1,"Value":4032},{"Length":28,"Height":45,"Demand":0,"DemandMax":1,"Value":1260},{"Length":18,"Height":47,"Demand":0,"DemandMax":1,"Value":1692},{"Length":88,"Height":20,"Demand":0,"DemandMax":1,"Value":5280},{"Length":82,"Height":56,"Demand":0,"DemandMax":1,"Value":13776},{"Length":45,"Height":38,"Demand":0,"DemandMax":1,"Value":3420},{"Length":42,"Height":26,"Demand":0,"DemandMax":1,"Value":3276},{"Length":34,"Height":13,"Demand":0,"DemandMax":1,"Value":1326},{"Length":11,"Height":93,"Demand":0,"DemandMax":1,"Value":1023},{"Length":42,"Height":32,"Demand":0,"DemandMax":1,"Value":4032},{"Length":91,"Height":61,"Demand":0,"DemandMax":1,"Value":11102},{"Length":2,"Height":37,"Demand":0,"DemandMax":1,"Value":74},{"Length":63,"Height":70,"Demand":0,"DemandMax":1,"Value":8820},{"Length":23,"Height":79,"Demand":0,"DemandMax":1,"Value":1817},{"Length":9,"Height":31,"Demand":0,"DemandMax":1,"Value":279},{"Length":42,"Height":4,"Demand":0,"DemandMax":1,"Value":504},{"Length":24,"Height":16,"Demand":0,"DemandMax":1,"Value":768},{"Length":94,"Height":2,"Demand":0,"DemandMax":1,"Value":188},{"Length":36,"Height":41,"Demand":0,"DemandMax":1,"Value":1476},{"Length":24,"Height":37,"Demand":0,"DemandMax":1,"Value":1776},{"Length":17,"Height":38,"Demand":0,"DemandMax":1,"Value":646},{"Length":7,"Height":45,"Demand":0,"DemandMax":1,"Value":630},{"Length":37,"Height":38,"Demand":0,"DemandMax":1,"Value":4218},{"Length":54,"Height":53,"Demand":0,"DemandMax":1,"Value":5724},{"Length":22,"Height":23,"Demand":0,"DemandMax":1,"Value":1012},{"Length":31,"Height":33,"Demand":0,"DemandMax":1,"Value":3069},{"Length":40,"Height":43,"Demand":0,"DemandMax":1,"Value":5160},{"Length":38,"Height":47,"Demand":0,"DemandMax":1,"Value":1786},{"Length":12,"Height":47,"Demand":0,"DemandMax":1,"Value":1692},{"Length":4,"Height":9,"Demand":0,"DemandMax":1,"Value":72},{"Length":2,"Height":46,"Demand":0,"DemandMax":1,"Value":92},{"Length":43,"Height":35,"Demand":0,"DemandMax":1,"Value":1505},{"Length":8,"Height":24,"Demand":0,"DemandMax":1,"Value":384},{"Length":91,"Height":61,"Demand":0,"DemandMax":1,"Value":5551},{"Length":20,"Height":16,"Demand":0,"DemandMax":1,"Value":960},{"Length":23,"Height":90,"Demand":0,"DemandMax":1,"Value":2070},{"Length":33,"Height":8,"Demand":0,"DemandMax":1,"Value":264},{"Length":41,"Height":10,"Demand":0,"DemandMax":1,"Value":410},{"Length":37,"Height":23,"Demand":0,"DemandMax":1,"Value":1702},{"Length":19,"Height":49,"Demand":0,"DemandMax":1,"Value":931},{"Length":47,"Height":87,"Demand":0,"DemandMax":1,"Value":4089},{"Length":27,"Height":41,"Demand":0,"DemandMax":1,"Value":3321},{"Length":9,"Height":26,"Demand":0,"DemandMax":1,"Value":702},{"Length":13,"Height":29,"Demand":0,"DemandMax":1,"Value":754},{"Length":34,"Height":9,"Demand":0,"DemandMax":1,"Value":306},{"Length":21,"Height":44,"Demand":0,"DemandMax":1,"Value":1848},{"Length":15,"Height":47,"Demand":0,"DemandMax":1,"Value":2115},{"Length":18,"Height":4,"Demand":0,"DemandMax":1,"Value":72},{"Length":92,"Height":63,"Demand":0,"DemandMax":1,"Value":11592},{"Length":35,"Height":32,"Demand":0,"DemandMax":1,"Value":1120},{"Length":40,"Height":28,"Demand":0,"DemandMax":1,"Value":2240},{"Length":12,"Height":25,"Demand":0,"DemandMax":1,"Value":900},{"Length":3,"Height":49,"Demand":0,"DemandMax":1,"Value":441},{"Length":23,"Height":21,"Demand":0,"DemandMax":1,"Value":483},{"Length":35,"Height":12,"Demand":0,"DemandMax":1,"Value":1260},{"Length":77,"Height":73,"Demand":0,"DemandMax":1,"Value":11242},{"Length":96,"Height":11,"Demand":0,"DemandMax":1,"Value":1056},{"Length":42,"Height":23,"Demand":0,"DemandMax":1,"Value":966},{"Length":28,"Height":13,"Demand":0,"DemandMax":1,"Value":1092},{"Length":47,"Height":36,"Demand":0,"DemandMax":1,"Value":5076},{"Length":96,"Height":20,"Demand":0,"DemandMax":1,"Value":3840},{"Length":73,"Height":59,"Demand":0,"DemandMax":1,"Value":12921},{"Length":26,"Height":86,"Demand":0,"DemandMax":1,"Value":6708},{"Length":2,"Height":40,"Demand":0,"DemandMax":1,"Value":80},{"Length":18,"Height":23,"Demand":0,"DemandMax":1,"Value":828},{"Length":81,"Height":22,"Demand":0,"DemandMax":1,"Value":1782},{"Length":70,"Height":89,"Demand":0,"DemandMax":1,"Value":18690},{"Length":19,"Height":49,"Demand":0,"DemandMax":1,"Value":2793},{"Length":36,"Height":25,"Demand":0,"DemandMax":1,"Value":2700},{"Length":37,"Height":9,"Demand":0,"DemandMax":1,"Value":666},{"Length":17,"Height":39,"Demand":0,"DemandMax":1,"Value":1326},{"Length":6,"Height":13,"Demand":0,"DemandMax":1,"Value":78},{"Length":32,"Height":12,"Demand":0,"DemandMax":1,"Value":384},{"Length":19,"Height":34,"Demand":0,"DemandMax":1,"Value":1938},{"Length":45,"Height":84,"Demand":0,"DemandMax":1,"Value":7560},{"Length":41,"Height":2,"Demand":0,"DemandMax":1,"Value":82},{"Length":100,"Height":48,"Demand":0,"DemandMax":1,"Value":9600},{"Length":8,"Height":35,"Demand":0,"DemandMax":1,"Value":280},{"Length":22,"Height":18,"Demand":0,"DemandMax":1,"Value":792},{"Length":8,"Height":13,"Demand":0,"DemandMax":1,"Value":312},{"Length":3,"Height":38,"Demand":0,"DemandMax":1,"Value":114},{"Length":3,"Height":28,"Demand":0,"DemandMax":1,"Value":168},{"Length":85,"Height":33,"Demand":0,"DemandMax":1,"Value":2805},{"Length":29,"Height":49,"Demand":0,"DemandMax":1,"Value":1421},{"Length":8,"Height":49,"Demand":0,"DemandMax":1,"Value":392},{"Length":41,"Height":36,"Demand":0,"DemandMax":1,"Value":1476},{"Length":14,"Height":30,"Demand":0,"DemandMax":1,"Value":840},{"Length":6,"Height":36,"Demand":0,"DemandMax":1,"Value":432},{"Length":33,"Height":97,"Demand":0,"DemandMax":1,"Value":3201},{"Length":17,"Height":18,"Demand":0,"DemandMax":1,"Value":612},{"Length":12,"Height":35,"Demand":0,"DemandMax":1,"Value":840},{"Length":13,"Height":2,"Demand":0,"DemandMax":1,"Value":52},{"Length":42,"Height":21,"Demand":0,"DemandMax":1,"Value":2646},{"Length":12,"Height":25,"Demand":0,"DemandMax":1,"Value":300},{"Length":4,"Height":47,"Demand":0,"DemandMax":1,"Value":376},{"Length":76,"Height":38,"Demand":0,"DemandMax":1,"Value":8664},{"Length":40,"Height":15,"Demand":0,"DemandMax":1,"Value":1800},{"Length":2,"Height":36,"Demand":0,"DemandMax":1,"Value":72},{"Length":32,"Height":14,"Demand":0,"DemandMax":1,"Value":448},{"Length":46,"Height":93,"Demand":0,"DemandMax":1,"Value":4278},{"Length":95,"Height":21,"Demand":0,"DemandMax":1,"Value":1995},{"Length":100,"Height":24,"Demand":0,"DemandMax":1,"Value":4800},{"Length":36,"Height":27,"Demand":0,"DemandMax":2,"Value":1944},{"Length":30,"Height":17,"Demand":0,"DemandMax":1,"Value":1020},{"Length":99,"Height":97,"Demand":0,"DemandMax":1,"Value":9603},{"Length":15,"Height":86,"Demand":0,"DemandMax":1,"Value":3870},{"Length":12,"Height":96,"Demand":0,"DemandMax":1,"Value":3456},{"Length":48,"Height":94,"Demand":0,"DemandMax":1,"Value":13536},{"Length":88,"Height":88,"Demand":0,"DemandMax":1,"Value":15488},{"Length":2,"Height":43,"Demand":0,"DemandMax":1,"Value":172},{"Length":21,"Height":11,"Demand":0,"DemandMax":1,"Value":462},{"Length":35,"Height":77,"Demand":0,"DemandMax":1,"Value":5390},{"Length":100,"Height":44,"Demand":0,"DemandMax":1,"Value":4400},{"Length":93,"Height":85,"Demand":0,"DemandMax":1,"Value":15810},{"Length":15,"Height":86,"Demand":0,"DemandMax":1,"Value":1290},{"Length":34,"Height":78,"Demand":0,"DemandMax":1,"Value":2652},{"Length":14,"Height":12,"Demand":0,"DemandMax":1,"Value":336},{"Length":14,"Height":12,"Demand":0,"DemandMax":1,"Value":168},{"Length":10,"Height":31,"Demand":0,"DemandMax":1,"Value":310},{"Length":47,"Height":27,"Demand":0,"DemandMax":1,"Value":2538},{"Length":38,"Height":49,"Demand":0,"DemandMax":1,"Value":5586},{"Length":17,"Height":40,"Demand":0,"DemandMax":1,"Value":680},{"Length":37,"Height":30,"Demand":0,"DemandMax":1,"Value":1110},{"Length":22,"Height":40,"Demand":0,"DemandMax":1,"Value":2640},{"Length":9,"Height":10,"Demand":0,"DemandMax":1,"Value":180},{"Length":33,"Height":18,"Demand":0,"DemandMax":1,"Value":1188},{"Length":6,"Height":43,"Demand":0,"DemandMax":1,"Value":516},{"Length":4,"Height":36,"Demand":0,"DemandMax":1,"Value":432},{"Length":19,"Height":8,"Demand":0,"DemandMax":1,"Value":152},{"Length":81,"Height":44,"Demand":0,"DemandMax":1,"Value":3564},{"Length":6,"Height":41,"Demand":0,"DemandMax":1,"Value":246},{"Length":35,"Height":15,"Demand":0,"DemandMax":1,"Value":1575},{"Length":12,"Height":13,"Demand":0,"DemandMax":1,"Value":156},{"Length":4,"Height":20,"Demand":0,"DemandMax":1,"Value":240},{"Length":77,"Height":23,"Demand":0,"DemandMax":1,"Value":5313},{"Length":46,"Height":10,"Demand":0,"DemandMax":1,"Value":460},{"Length":27,"Height":20,"Demand":0,"DemandMax":1,"Value":1620},{"Length":32,"Height":49,"Demand":0,"DemandMax":1,"Value":1568},{"Length":50,"Height":10,"Demand":0,"DemandMax":1,"Value":1000},{"Length":45,"Height":44,"Demand":0,"DemandMax":1,"Value":1980},{"Length":77,"Height":40,"Demand":0,"DemandMax":1,"Value":9240},{"Length":10,"Height":34,"Demand":0,"DemandMax":1,"Value":340},{"Length":57,"Height":85,"Demand":0,"DemandMax":1,"Value":14535},{"Length":90,"Height":76,"Demand":0,"DemandMax":1,"Value":13680},{"Length":22,"Height":50,"Demand":0,"DemandMax":1,"Value":1100},{"Length":46,"Height":18,"Demand":0,"DemandMax":1,"Value":2484},{"Length":7,"Height":47,"Demand":0,"DemandMax":1,"Value":987},{"Length":45,"Height":46,"Demand":0,"DemandMax":1,"Value":6210},{"Length":20,"Height":35,"Demand":0,"DemandMax":1,"Value":2100},{"Length":22,"Height":46,"Demand":0,"DemandMax":1,"Value":2024},{"Length":18,"Height":48,"Demand":0,"DemandMax":1,"Value":1728},{"Length":98,"Height":42,"Demand":0,"DemandMax":1,"Value":12348},{"Length":81,"Height":35,"Demand":0,"DemandMax":1,"Value":5670},{"Length":35,"Height":43,"Demand":0,"DemandMax":1,"Value":4515},{"Length":37,"Height":46,"Demand":0,"DemandMax":1,"Value":1702},{"Length":17,"Height":82,"Demand":0,"DemandMax":1,"Value":1394},{"Length":20,"Height":26,"Demand":0,"DemandMax":1,"Value":520},{"Length":4,"Height":15,"Demand":0,"DemandMax":1,"Value":120},{"Length":39,"Height":2,"Demand":0,"DemandMax":1,"Value":234},{"Length":27,"Height":32,"Demand":0,"DemandMax":1,"Value":1728},{"Length":34,"Height":47,"Demand":0,"DemandMax":1,"Value":3196},{"Length":40,"Height":84,"Demand":0,"DemandMax":1,"Value":10080},{"Length":4,"Height":50,"Demand":0,"DemandMax":1,"Value":200},{"Length":71,"Height":68,"Demand":0,"DemandMax":1,"Value":9656},{"Length":47,"Height":48,"Demand":0,"DemandMax":1,"Value":6768},{"Length":29,"Height":7,"Demand":0,"DemandMax":1,"Value":203},{"Length":19,"Height":23,"Demand":0,"DemandMax":1,"Value":874},{"Length":18,"Height":33,"Demand":0,"DemandMax":1,"Value":594},{"Length":15,"Height":49,"Demand":0,"DemandMax":1,"Value":735},{"Length":80,"Height":14,"Demand":0,"DemandMax":1,"Value":3360},{"Length":57,"Height":82,"Demand":0,"DemandMax":1,"Value":4674},{"Length":35,"Height":28,"Demand":0,"DemandMax":1,"Value":980},{"Length":17,"Height":8,"Demand":0,"DemandMax":1,"Value":136},{"Length":30,"Height":16,"Demand":0,"DemandMax":1,"Value":480},{"Length":85,"Height":23,"Demand":0,"DemandMax":1,"Value":5865},{"Length":79,"Height":9,"Demand":0,"DemandMax":1,"Value":1422},{"Length":36,"Height":14,"Demand":0,"DemandMax":1,"Value":1008},{"Length":20,"Height":21,"Demand":0,"DemandMax":1,"Value":1260},{"Length":42,"Height":12,"Demand":0,"DemandMax":1,"Value":1512},{"Length":36,"Height":31,"Demand":0,"DemandMax":1,"Value":2232},{"Length":42,"Height":24,"Demand":0,"DemandMax":1,"Value":2016},{"Length":19,"Height":3,"Demand":0,"DemandMax":1,"Value":57},{"Length":10,"Height":13,"Demand":0,"DemandMax":1,"Value":390},{"Length":2,"Height":97,"Demand":0,"DemandMax":1,"Value":194},{"Length":12,"Height":47,"Demand":0,"DemandMax":1,"Value":564},{"Length":22,"Height":49,"Demand":0,"DemandMax":1,"Value":1078},{"Length":21,"Height":14,"Demand":0,"DemandMax":1,"Value":588},{"Length":18,"Height":29,"Demand":0,"DemandMax":1,"Value":522},{"Length":29,"Height":48,"Demand":0,"DemandMax":1,"Value":1392},{"Length":42,"Height":12,"Demand":0,"DemandMax":1,"Value":1008},{"Length":12,"Height":29,"Demand":0,"DemandMax":1,"Value":1044}]}