{"Name":"ngcutfs1_136","Objects":[{"Length":100,"Height":100,"Stock":null,"Cost":10000}],"Items":[{"Length":32,"Height":37,"Demand":0,"DemandMax":3,"Value":1184},{"Length":64,"Height":58,"Demand":0,"DemandMax":3,"Value":7424},{"Length":93,"Height":34,"Demand":0,"DemandMax":3,"Value":3162},{"Length":89,"Height":11,"Demand":0,"DemandMax":3,"Value":979},{"Length":81,"Height":57,"Demand":0,"DemandMax":3,"Value":9234},{"Length":43,"Height":33,"Demand":0,"DemandMax":3,"Value":4257},{"Length":83,"Height":22,"Demand":0,"DemandMax":3,"Value":3652},{"Length":10,"Height":89,"Demand":0,"DemandMax":3,"Value":1780},{"Length":8,"Height":22,"Demand":0,"DemandMax":3,"Value":352},{"Length":94,"Height":49,"Demand":0,"DemandMax":3,"Value":9212},{"Length":21,"Height":10,"Demand":0,"DemandMax":3,"Value":210},{"Length":78,"Height":17,"Demand":0,"DemandMax":3,"Value":3978},{"Length":49,"Height":100,"Demand":0,"DemandMax":3,"Value":14700},{"Length":38,"Height":82,"Demand":0,"DemandMax":3,"Value":9348},{"Length":60,"Height":51,"Demand":0,"DemandMax":3,"Value":3060},{"Length":29,"Height":26,"Demand":0,"DemandMax":3,"Value":754},{"Length":49,"Height":98,"Demand":0,"DemandMax":3,"Value":9604},{"Length":7,"Height":83,"Demand":0,"DemandMax":3,"Value":1162},{"Length":11,"Height":22,"Demand":0,"DemandMax":3,"Value":484},{"Length":57,"Height":72,"Demand":0,"DemandMax":3,"Value":8208},{"Length":93,"Height":68,"Demand":0,"DemandMax":3,"Value":18972},{"Length":53,"Height":60,"Demand":0,"DemandMax":3,"Value":9540},{"Length":97,"Height":26,"Demand":0,"DemandMax":3,"Value":2522},{"Length":7,"Height":85,"Demand":0,"DemandMax":3,"Value":1785},{"Length":94,"Height":60,"Demand":0,"DemandMax":3,"Value":5640},{"Length":7,"Height":36,"Demand":0,"DemandMax":3,"Value":252},{"Length":4,"Height":42,"Demand":0,"DemandMax":3,"Value":168},{"Length":8,"Height":79,"Demand":0,"DemandMax":3,"Value":1264},{"Length":81,"Height":51,"Demand":0,"DemandMax":3,"Value":8262},{"Length":47,"Height":76,"Demand":0,"DemandMax":3,"Value":10716},{"Length":87,"Height":29,"Demand":0,"DemandMax":3,"Value":5046},{"Length":51,"Height":74,"Demand":0,"DemandMax":3,"Value":3774},{"Length":43,"Height":79,"Demand":0,"DemandMax":3,"Value":6794},{"Length":89,"Height":3,"Demand":0,"DemandMax":3,"Value":801},{"Length":80,"Height":59,"Demand":0,"DemandMax":3,"Value":4720},{"Length":42,"Height":4,"Demand":0,"DemandMax":3,"Value":336},{"Length":12,"Height":16,"Demand":0,"DemandMax":3,"Value":384},{"Length":95,"Height":71,"Demand":0,"DemandMax":3,"Value":6745},{"Length":12,"Height":84,"Demand":0,"DemandMax":3,"Value":2016},{"Length":76,"Height":51,"Demand":0,"DemandMax":3,"Value":7752},{"Length":50,"Height":3,"Demand":0,"DemandMax":3,"Value":450},{"Length":6,"Height":29,"Demand":0,"DemandMax":3,"Value":522},{"Length":86,"Height":39,"Demand":0,"DemandMax":3,"Value":10062},{"Length":18,"Height":9,"Demand":0,"DemandMax":3,"Value":486},{"Length":44,"Height":38,"Demand":0,"DemandMax":3,"Value":1672},{"Length":68,"Height":76,"Demand":0,"DemandMax":3,"Value":10336},{"Length":36,"Height":24,"Demand":0,"DemandMax":3,"Value":864},{"Length":89,"Height":24,"Demand":0,"DemandMax":3,"Value":6408},{"Length":10,"Height":13,"Demand":0,"DemandMax":3,"Value":260},{"Length":77,"Height":44,"Demand":0,"DemandMax":3,"Value":6776},{"Length":8,"Height":94,"Demand":0,"DemandMax":3,"Value":1504},{"Length":72,"Height":86,"Demand":0,"DemandMax":3,"Value":18576},{"Length":66,"Height":78,"Demand":0,"DemandMax":3,"Value":5148},{"Length":97,"Height":18,"Demand":0,"DemandMax":3,"Value":5238},{"Length":25,"Height":100,"Demand":0,"DemandMax":3,"Value":2500},{"Length":18,"Height":76,"Demand":0,"DemandMax":3,"Value":2736},{"Length":38,"Height":33,"Demand":0,"DemandMax":3,"Value":2508},{"Length":90,"Height":87,"Demand":0,"DemandMax":3,"Value":15660},{"Length":61,"Height":60,"Demand":0,"DemandMax":3,"Value":3660},{"Length":94,"Height":6,"Demand":0,"DemandMax":3,"Value":1692},{"Length":47,"Height":79,"Demand":0,"DemandMax":3,"Value":3713},{"Length":96,"Height":78,"Demand":0,"DemandMax":3,"Value":22464},{"Length":75,"Height":76,"Demand":0,"DemandMax":3,"Value":11400},{"Length":80,"Height":28,"Demand":0,"DemandMax":3,"Value":4480},{"Length":9,"Height":43,"Demand":0,"DemandMax":3,"Value":387},{"Length":94,"Height":37,"Demand":0,"DemandMax":3,"Value":3478},{"Length":27,"Height":93,"Demand":0,"DemandMax":3,"Value":2511},{"Length":4,"Height":19,"Demand":0,"DemandMax":3,"Value":152},{"Length":86,"Height":15,"Demand":0,"DemandMax":3,"Value":1290},{"Length":86,"Height":31,"Demand":0,"DemandMax":3,"Value":7998},{"Length":12,"Height":2,"Demand":0,"DemandMax":3,"Value":48},{"Length":58,"Height":55,"Demand":0,"DemandMax":3,"Value":3190},{"Length":54,"Height":57,"Demand":0,"DemandMax":3,"Value":6156},{"Length":9,"Height":95,"Demand":0,"DemandMax":3,"Value":855},{"Length":8,"Height":83,"Demand":0,"DemandMax":3,"Value":1328},{"Length":61,"Height":71,"Demand":0,"DemandMax":3,"Value":8662},{"Length":84,"Height":82,"Demand":0,"DemandMax":3,"Value":13776},{"Length":58,"Height":55,"Demand":0,"DemandMax":3,"Value":6380},{"Length":15,"Height":79,"Demand":0,"DemandMax":3,"Value":1185},{"Length":6,"Height":78,"Demand":0,"DemandMax":3,"Value":468},{"Length":100,"Height":49,"Demand":0,"DemandMax":3,"Value":14700},{"Length":99,"Height":79,"Demand":0,"DemandMax":3,"Value":7821},{"Length":16,"Height":25,"Demand":0,"DemandMax":3,"Value":800},{"Length":67,"Height":55,"Demand":0,"DemandMax":3,"Value":11055},{"Length":97,"Height":43,"Demand":0,"DemandMax":3,"Value":4171},{"Length":6,"Height":32,"Demand":0,"DemandMax":3,"Value":384},{"Length":32,"Height":4,"Demand":0,"DemandMax":3,"Value":128},{"Length":96,"Height":92,"Demand":0,"DemandMax":3,"Value":26496},{"Length":77,"Height":13,"Demand":0,"DemandMax":3,"Value":3003},{"Length":59,"Height":89,"Demand":0,"DemandMax":3,"Value":15753},{"Length":29,"Height":3,"Demand":0,"DemandMax":3,"Value":87},{"Length":32,"Height":97,"Demand":0,"DemandMax":3,"Value":6208},{"Length":89,"Height":39,"Demand":0,"DemandMax":3,"Value":6942},{"Length":44,"Height":7,"Demand":0,"DemandMax":3,"Value":308},{"Length":16,"Height":41,"Demand":0,"DemandMax":3,"Value":1312},{"Length":88,"Height":100,"Demand":0,"DemandMax":3,"Value":8800},{"Length":82,"Height":29,"Demand":0,"DemandMax":3,"Value":4756},{"Length":63,"Height":92,"Demand":0,"DemandMax":3,"Value":17388},{"Length":36,"Height":99,"Demand":0,"DemandMax":3,"Value":3564},{"Length":45,"Height":9,"Demand":0,"DemandMax":3,"Value":1215},{"Length":31,"Height":100,"Demand":0,"DemandMax":3,"Value":9300},{"Length":15,"Height":20,"Demand":0,"DemandMax":3,"Value":900},{"Length":39,"Height":49,"Demand":0,"DemandMax":3,"Value":3822},{"Length":99,"Height":5,"Demand":0,"DemandMax":3,"Value":1485},{"Length":10,"Height":80,"Demand":0,"DemandMax":3,"Value":800},{"Length":82,"Height":14,"Demand":0,"DemandMax":3,"Value":2296},{"Length":48,"Height":4,"Demand":0,"DemandMax":3,"Value":192},{"Length":43,"Height":32,"Demand":0,"DemandMax":3,"Value":2752},{"Length":34,"Height":18,"Demand":0,"DemandMax":3,"Value":1836},{"Length":11,"Height":31,"Demand":0,"DemandMax":3,"Value":341},{"Length":36,"Height":46,"Demand":0,"DemandMax":3,"Value":4968},{"Length":63,"Height":69,"Demand":0,"DemandMax":3,"Value":8694},{"Length":14,"Height":39,"Demand":0,"DemandMax":3,"Value":546},{"Length":80,"Height":79,"Demand":0,"DemandMax":3,"Value":12640},{"Length":48,"Height":7,"Demand":0,"DemandMax":3,"Value":336},{"Length":2,"Height":20,"Demand":0,"DemandMax":3,"Value":120},{"Length":66,"Height":92,"Demand":0,"DemandMax":3,"Value":6072},{"Length":32,"Height":47,"Demand":0,"DemandMax":3,"Value":3008},{"Length":92,"Height":75,"Demand":0,"DemandMax":3,"Value":13800},{"Length":46,"Height":21,"Demand":0,"DemandMax":3,"Value":966},{"Length":93,"Height":9,"Demand":0,"DemandMax":3,"Value":1674},{"Length":58,"Height":68,"Demand":0,"DemandMax":3,"Value":3944},{"Length":56,"Height":55,"Demand":0,"DemandMax":3,"Value":9240},{"Length":93,"Height":67,"Demand":0,"DemandMax":3,"Value":6231},{"Length":48,"Height":14,"Demand":0,"DemandMax":3,"Value":1344},{"Length":76,"Height":28,"Demand":0,"DemandMax":3,"Value":2128},{"Length":76,"Height":49,"Demand":0,"DemandMax":3,"Value":3724},{"Length":4,"Height":87,"Demand":0,"DemandMax":3,"Value":348},{"Length":22,"Height":20,"Demand":0,"DemandMax":3,"Value":880},{"Length":38,"Height":30,"Demand":0,"DemandMax":3,"Value":1140},{"Length":39,"Height":9,"Demand":0,"DemandMax":3,"Value":1053},{"Length":92,"Height":5,"Demand":0,"DemandMax":3,"Value":920},{"Length":91,"Height":27,"Demand":0,"DemandMax":3,"Value":7371},{"Length":28,"Height":5,"Demand":0,"DemandMax":3,"Value":420},{"Length":40,"Height":28,"Demand":0,"DemandMax":3,"Value":2240},{"Length":31,"Height":30,"Demand":0,"DemandMax":3,"Value":930},{"Length":31,"Height":2,"Demand":0,"DemandMax":3,"Value":124},{"Length":17,"Height":42,"Demand":0,"DemandMax":3,"Value":2142},{"Length":5,"Height":49,"Demand":0,"DemandMax":3,"Value":245},{"Length":80,"Height":73,"Demand":0,"DemandMax":3,"Value":11680},{"Length":46,"Height":81,"Demand":0,"DemandMax":3,"Value":11178},{"Length":15,"Height":13,"Demand":0,"DemandMax":3,"Value":390},{"Length":36,"Height":43,"Demand":0,"DemandMax":3,"Value":1548},{"Length":47,"Height":30,"Demand":0,"DemandMax":3,"Value":2820},{"Length":90,"Height":77,"Demand":0,"DemandMax":3,"Value":20790},{"Length":26,"Height":89,"Demand":0,"DemandMax":3,"Value":6942},{"Length":11,"Height":44,"Demand":0,"DemandMax":3,"Value":968},{"Length":99,"Height":70,"Demand":0,"DemandMax":3,"Value":6930},{"Length":36,"Height":89,"Demand":0,"DemandMax":3,"Value":6408},{"Length":82,"Height":39,"Demand":0,"DemandMax":3,"Value":9594},{"Length":40,"Height":49,"Demand":0,"DemandMax":3,"Value":1960},{"Length":13,"Height":23,"Demand":0,"DemandMax":3,"Value":299},{"Length":20,"Height":49,"Demand":0,"DemandMax":3,"Value":2940},{"Length":11,"Height":24,"Demand":0,"DemandMax":3,"Value":264},{"Length":62,"Height":58,"Demand":0,"DemandMax":3,"Value":7192},{"Length":26,"Height":36,"Demand":0,"DemandMax":3,"Value":936},{"Length":49,"Height":29,"Demand":0,"DemandMax":3,"Value":1421},{"Length":76,"Height":29,"Demand":0,"DemandMax":3,"Value":6612},{"Length":39,"Height":89,"Demand":0,"DemandMax":3,"Value":10413},{"Length":38,"Height":99,"Demand":0,"DemandMax":3,"Value":7524},{"Length":92,"Height":13,"Demand":0,"DemandMax":3,"Value":2392},{"Length":46,"Height":88,"Demand":0,"DemandMax":3,"Value":12144},{"Length":49,"Height":88,"Demand":0,"DemandMax":3,"Value":12936},{"Length":19,"Height":86,"Demand":0,"DemandMax":3,"Value":1634},{"Length":8,"Height":82,"Demand":0,"DemandMax":3,"Value":1312},{"Length":59,"Height":78,"Demand":0,"DemandMax":3,"Value":9204},{"Length":39,"Height":4,"Demand":0,"DemandMax":3,"Value":312},{"Length":100,"Height":34,"Demand":0,"DemandMax":3,"Value":6800},{"Length":21,"Height":83,"Demand":0,"DemandMax":3,"Value":5229},{"Length":6,"Height":19,"Demand":0,"DemandMax":3,"Value":342},{"Length":70,"Height":55,"Demand":0,"DemandMax":3,"Value":11550},{"Length":31,"Height":25,"Demand":0,"DemandMax":3,"Value":2325},{"Length":28,"Height":26,"Demand":0,"DemandMax":3,"Value":728},{"Length":43,"Height":3,"Demand":0,"DemandMax":3,"Value":387},{"Length":30,"Height":12,"Demand":0,"DemandMax":3,"Value":1080},{"Length":67,"Height":69,"Demand":0,"DemandMax":3,"Value":9246},{"Length":28,"Height":44,"Demand":0,"DemandMax":3,"Value":3696},{"Length":48,"Height":35,"Demand":0,"DemandMax":3,"Value":5040},{"Length":6,"Height":33,"Demand":0,"DemandMax":3,"Value":396},{"Length":46,"Height":44,"Demand":0,"DemandMax":3,"Value":4048},{"Length":9,"Height":38,"Demand":0,"DemandMax":3,"Value":684},{"Length":16,"Height":23,"Demand":0,"DemandMax":3,"Value":1104},{"Length":81,"Height":28,"Demand":0,"DemandMax":3,"Value":2268},{"Length":48,"Height":98,"Demand":0,"DemandMax":3,"Value":9408},{"Length":40,"Height":17,"Demand":0,"DemandMax":3,"Value":680},{"Length":76,"Height":15,"Demand":0,"DemandMax":3,"Value":1140},{"Length":31,"Height":24,"Demand":0,"DemandMax":3,"Value":744},{"Length":92,"Height":66,"Demand":0,"DemandMax":3,"Value":6072},{"Length":78,"Height":41,"Demand":0,"DemandMax":3,"Value":6396},{"Length":59,"Height":67,"Demand":0,"DemandMax":3,"Value":7906},{"Length":63,"Height":92,"Demand":0,"DemandMax":3,"Value":11592},{"Length":12,"Height":46,"Demand":0,"DemandMax":3,"Value":1656},{"Length":29,"Height":8,"Demand":0,"DemandMax":3,"Value":464},{"Length":14,"Height":2,"Demand":0,"DemandMax":3,"Value":56},{"Length":6,"Height":98,"Demand":0,"DemandMax":3,"Value":1764},{"Length":23,"Height":93,"Demand":0,"DemandMax":3,"Value":2139},{"Length":49,"Height":85,"Demand":0,"DemandMax":3,"Value":8330},{"Length":14,"Height":21,"Demand":0,"DemandMax":3,"Value":882},{"Length":37,"Height":12,"Demand":0,"DemandMax":3,"Value":444},{"Length":7,"Height":3,"Demand":0,"DemandMax":3,"Value":21},{"Length":83,"Height":61,"Demand":0,"DemandMax":3,"Value":5063},{"Length":24,"Height":14,"Demand":0,"DemandMax":3,"Value":1008},{"Length":77,"Height":38,"Demand":0,"DemandMax":3,"Value":2926},{"Length":83,"Height":23,"Demand":0,"DemandMax":3,"Value":1909},{"Length":7,"Height":77,"Demand":0,"DemandMax":3,"Value":539},{"Length":44,"Height":8,"Demand":0,"DemandMax":3,"Value":352},{"Length":42,"Height":76,"Demand":0,"DemandMax":3,"Value":6384},{"Length":36,"Height":83,"Demand":0,"DemandMax":3,"Value":2988},{"Length":29,"Height":33,"Demand":0,"DemandMax":3,"Value":2871},{"Length":81,"Height":10,"Demand":0,"DemandMax":3,"Value":1620},{"Length":9,"Height":34,"Demand":0,"DemandMax":3,"Value":918},{"Length":55,"Height":63,"Demand":0,"DemandMax":3,"Value":3465},{"Length":44,"Height":18,"Demand":0,"DemandMax":3,"Value":1584},{"Length":47,"Height":78,"Demand":0,"DemandMax":3,"Value":3666},{"Length":24,"Height":33,"Demand":0,"DemandMax":3,"Value":1584},{"Length":100,"Height":24,"Demand":0,"DemandMax":3,"Value":4800},{"Length":21,"Height":28,"Demand":0,"DemandMax":3,"Value":1764},{"Length":86,"Height":5,"Demand":0,"DemandMax":3,"Value":430},{"Length":88,"Height":34,"Demand":0,"DemandMax":3,"Value":8976},{"Length":77,"Height":82,"Demand":0,"DemandMax":3,"Value":18942},{"Length":92,"Height":35,"Demand":0,"DemandMax":3,"Value":9660},{"Length":97,"Height":15,"Demand":0,"DemandMax":3,"Value":1455},{"Length":39,"Height":82,"Demand":0,"DemandMax":3,"Value":3198},{"Length":81,"Height":67,"Demand":0,"DemandMax":3,"Value":5427},{"Length":91,"Height":90,"Demand":0,"DemandMax":3,"Value":24570},{"Length":32,"Height":9,"Demand":0,"DemandMax":3,"Value":864},{"Length":39,"Height":77,"Demand":0,"DemandMax":3,"Value":6006},{"Length":15,"Height":12,"Demand":0,"DemandMax":3,"Value":180},{"Length":47,"Height":7,"Demand":0,"DemandMax":3,"Value":658},{"Length":14,"Height":46,"Demand":0,"DemandMax":3,"Value":1288},{"Length":15,"Height":45,"Demand":0,"DemandMax":3,"Value":1350},{"Length":60,"Height":53,"Demand":0,"DemandMax":3,"Value":9540},{"Length":10,"Height":29,"Demand":0,"DemandMax":3,"Value":290},{"Length":31,"Height":96,"Demand":0,"DemandMax":3,"Value":2976},{"Length":18,"Height":96,"Demand":0,"DemandMax":3,"Value":5184},{"Length":44,"Height":77,"Demand":0,"DemandMax":3,"Value":10164},{"Length":94,"Height":83,"Demand":0,"DemandMax":3,"Value":15604},{"Length":30,"Height":40,"Demand":0,"DemandMax":3,"Value":2400},{"Length":48,"Height":11,"Demand":0,"DemandMax":3,"Value":1056},{"Length":14,"Height":20,"Demand":0,"DemandMax":3,"Value":840},{"Length":81,"Height":98,"Demand":0,"DemandMax":3,"Value":7938},{"Length":69,"Height":100,"Demand":0,"DemandMax":3,"Value":13800},{"Length":93,"Height":56,"Demand":0,"DemandMax":3,"Value":10416},{"Length":20,"Height":96,"Demand":0,"DemandMax":3,"Value":5760},{"Length":37,"Height":42,"Demand":0,"DemandMax":3,"Value":4662},{"Length":7,"Height":86,"Demand":0,"DemandMax":3,"Value":1204},{"Length":34,"Height":35,"Demand":0,"DemandMax":3,"Value":3570},{"Length":29,"Height":85,"Demand":0,"DemandMax":3,"Value":4930},{"Length":60,"Height":90,"Demand":0,"DemandMax":3,"Value":10800},{"Length":46,"Height":96,"Demand":0,"DemandMax":3,"Value":4416}]}