{"Name":"ngcutfs1_188","Objects":[{"Length":100,"Height":100,"Stock":null,"Cost":10000}],"Items":[{"Length":76,"Height":53,"Demand":0,"DemandMax":1,"Value":12084},{"Length":37,"Height":40,"Demand":0,"DemandMax":1,"Value":1480},{"Length":6,"Height":79,"Demand":0,"DemandMax":1,"Value":1422},{"Length":2,"Height":44,"Demand":0,"DemandMax":1,"Value":88},{"Length":10,"Height":48,"Demand":0,"DemandMax":1,"Value":1440},{"Length":32,"Height":81,"Demand":0,"DemandMax":1,"Value":7776},{"Length":37,"Height":13,"Demand":0,"DemandMax":1,"Value":481},{"Length":34,"Height":37,"Demand":0,"DemandMax":1,"Value":2516},{"Length":79,"Height":14,"Demand":0,"DemandMax":1,"Value":3318},{"Length":38,"Height":44,"Demand":0,"DemandMax":1,"Value":5016},{"Length":36,"Height":42,"Demand":0,"DemandMax":1,"Value":4536},{"Length":84,"Height":78,"Demand":0,"DemandMax":1,"Value":19656},{"Length":59,"Height":58,"Demand":0,"DemandMax":1,"Value":6844},{"Length":17,"Height":95,"Demand":0,"DemandMax":1,"Value":1615},{"Length":60,"Height":75,"Demand":0,"DemandMax":1,"Value":13500},{"Length":42,"Height":90,"Demand":0,"DemandMax":1,"Value":3780},{"Length":40,"Height":76,"Demand":0,"DemandMax":1,"Value":3040},{"Length":13,"Height":95,"Demand":0,"DemandMax":1,"Value":1235},{"Length":66,"Height":51,"Demand":0,"DemandMax":1,"Value":3366},{"Length":79,"Height":91,"Demand":0,"DemandMax":1,"Value":21567},{"Length":37,"Height":44,"Demand":0,"DemandMax":1,"Value":1628},{"Length":88,"Height":49,"Demand":0,"DemandMax":1,"Value":4312},{"Length":24,"Height":81,"Demand":0,"DemandMax":1,"Value":5832},{"Length":82,"Height":68,"Demand":0,"DemandMax":1,"Value":5576},{"Length":25,"Height":98,"Demand":0,"DemandMax":1,"Value":2450},{"Length":57,"Height":82,"Demand":0,"DemandMax":1,"Value":4674},{"Length":86,"Height":70,"Demand":0,"DemandMax":1,"Value":12040},{"Length":99,"Height":48,"Demand":0,"DemandMax":1,"Value":14256},{"Length":5,"Height":31,"Demand":0,"DemandMax":1,"Value":310},{"Length":26,"Height":30,"Demand":0,"DemandMax":1,"Value":1560},{"Length":67,"Height":93,"Demand":0,"DemandMax":1,"Value":12462},{"Length":48,"Height":27,"Demand":0,"DemandMax":1,"Value":3888},{"Length":90,"Height":67,"Demand":0,"DemandMax":1,"Value":6030},{"Length":84,"Height":66,"Demand":0,"DemandMax":1,"Value":11088},{"Length":17,"Height":97,"Demand":0,"DemandMax":1,"Value":4947},{"Length":97,"Height":90,"Demand":0,"DemandMax":1,"Value":26190},{"Length":7,"Height":46,"Demand":0,"DemandMax":1,"Value":966},{"Length":65,"Height":91,"Demand":0,"DemandMax":1,"Value":5915},{"Length":95,"Height":49,"Demand":0,"DemandMax":1,"Value":9310},{"Length":4,"Height":87,"Demand":0,"DemandMax":1,"Value":348},{"Length":41,"Height":93,"Demand":0,"DemandMax":1,"Value":7626},{"Length":38,"Height":89,"Demand":0,"DemandMax":2,"Value":3382},{"Length":21,"Height":2,"Demand":0,"DemandMax":1,"Value":42},{"Length":22,"Height":21,"Demand":0,"DemandMax":1,"Value":924},{"Length":77,"Height":38,"Demand":0,"DemandMax":1,"Value":2926},{"Length":23,"Height":22,"Demand":0,"DemandMax":1,"Value":506},{"Length":10,"Height":85,"Demand":0,"DemandMax":1,"Value":1700},{"Length":3,"Height":2,"Demand":0,"DemandMax":2,"Value":12},{"Length":13,"Height":100,"Demand":0,"DemandMax":1,"Value":2600},{"Length":3,"Height":94,"Demand":0,"DemandMax":1,"Value":846},{"Length":92,"Height":9,"Demand":0,"DemandMax":2,"Value":1656},{"Length":16,"Height":88,"Demand":0,"DemandMax":1,"Value":2816},{"Length":93,"Height":60,"Demand":0,"DemandMax":1,"Value":16740},{"Length":37,"Height":39,"Demand":0,"DemandMax":1,"Value":2886},{"Length":18,"Height":34,"Demand":0,"DemandMax":1,"Value":612},{"Length":22,"Height":99,"Demand":0,"DemandMax":1,"Value":4356},{"Length":32,"Height":88,"Demand":0,"DemandMax":1,"Value":5632},{"Length":41,"Height":19,"Demand":0,"DemandMax":1,"Value":1558},{"Length":49,"Height":83,"Demand":0,"DemandMax":1,"Value":12201},{"Length":50,"Height":43,"Demand":0,"DemandMax":1,"Value":6450},{"Length":65,"Height":88,"Demand":0,"DemandMax":1,"Value":5720},{"Length":93,"Height":61,"Demand":0,"DemandMax":1,"Value":5673},{"Length":74,"Height":80,"Demand":0,"DemandMax":1,"Value":11840},{"Length":3,"Height":47,"Demand":0,"DemandMax":1,"Value":282},{"Length":42,"Height":14,"Demand":0,"DemandMax":1,"Value":1764},{"Length":79,"Height":48,"Demand":0,"DemandMax":1,"Value":3792},{"Length":30,"Height":35,"Demand":0,"DemandMax":2,"Value":3150},{"Length":70,"Height":72,"Demand":0,"DemandMax":1,"Value":10080},{"Length":92,"Height":88,"Demand":0,"DemandMax":1,"Value":8096},{"Length":87,"Height":67,"Demand":0,"DemandMax":1,"Value":17487},{"Length":38,"Height":14,"Demand":0,"DemandMax":1,"Value":532},{"Length":27,"Height":19,"Demand":0,"DemandMax":1,"Value":513},{"Length":12,"Height":10,"Demand":0,"DemandMax":1,"Value":240},{"Length":98,"Height":60,"Demand":0,"DemandMax":1,"Value":5880},{"Length":27,"Height":93,"Demand":0,"DemandMax":1,"Value":7533},{"Length":84,"Height":2,"Demand":0,"DemandMax":1,"Value":336},{"Length":14,"Height":40,"Demand":0,"DemandMax":1,"Value":560},{"Length":92,"Height":76,"Demand":0,"DemandMax":1,"Value":13984},{"Length":36,"Height":9,"Demand":0,"DemandMax":1,"Value":972},{"Length":47,"Height":6,"Demand":0,"DemandMax":1,"Value":846},{"Length":49,"Height":28,"Demand":0,"DemandMax":1,"Value":1372},{"Length":37,"Height":81,"Demand":0,"DemandMax":1,"Value":8991},{"Length":82,"Height":12,"Demand":0,"DemandMax":1,"Value":2952},{"Length":23,"Height":9,"Demand":0,"DemandMax":1,"Value":621},{"Length":96,"Height":20,"Demand":0,"DemandMax":1,"Value":5760},{"Length":2,"Height":84,"Demand":0,"DemandMax":1,"Value":504},{"Length":23,"Height":46,"Demand":0,"DemandMax":1,"Value":1058},{"Length":35,"Height":89,"Demand":0,"DemandMax":1,"Value":6230},{"Length":17,"Height":98,"Demand":0,"DemandMax":1,"Value":3332},{"Length":17,"Height":19,"Demand":0,"DemandMax":1,"Value":646},{"Length":52,"Height":100,"Demand":0,"DemandMax":1,"Value":15600},{"Length":58,"Height":75,"Demand":0,"DemandMax":1,"Value":13050},{"Length":4,"Height":16,"Demand":0,"DemandMax":1,"Value":128},{"Length":32,"Height":48,"Demand":0,"DemandMax":1,"Value":3072},{"Length":100,"Height":8,"Demand":0,"DemandMax":2,"Value":2400},{"Length":4,"Height":16,"Demand":0,"DemandMax":1,"Value":64},{"Length":10,"Height":30,"Demand":0,"DemandMax":2,"Value":900},{"Length":97,"Height":67,"Demand":0,"DemandMax":1,"Value":6499},{"Length":80,"Height":93,"Demand":0,"DemandMax":1,"Value":22320},{"Length":96,"Height":3,"Demand":0,"DemandMax":1,"Value":288},{"Length":35,"Height":42,"Demand":0,"DemandMax":1,"Value":2940},{"Length":68,"Height":71,"Demand":0,"DemandMax":1,"Value":4828},{"Length":33,"Height":93,"Demand":0,"DemandMax":1,"Value":6138},{"Length":80,"Height":89,"Demand":0,"DemandMax":1,"Value":14240},{"Length":87,"Height":33,"Demand":0,"DemandMax":2,"Value":5742},{"Length":12,"Height":39,"Demand":0,"DemandMax":1,"Value":468},{"Length":77,"Height":30,"Demand":0,"DemandMax":1,"Value":6930},{"Length":29,"Height":24,"Demand":0,"DemandMax":1,"Value":1392},{"Length":46,"Height":6,"Demand":0,"DemandMax":1,"Value":552},{"Length":43,"Height":24,"Demand":0,"DemandMax":1,"Value":3096},{"Length":67,"Height":56,"Demand":0,"DemandMax":1,"Value":3752},{"Length":99,"Height":47,"Demand":0,"DemandMax":1,"Value":9306},{"Length":13,"Height":80,"Demand":0,"DemandMax":1,"Value":2080},{"Length":35,"Height":42,"Demand":0,"DemandMax":1,"Value":1470},{"Length":7,"Height":85,"Demand":0,"DemandMax":1,"Value":595},{"Length":52,"Height":73,"Demand":0,"DemandMax":1,"Value":3796},{"Length":45,"Height":48,"Demand":0,"DemandMax":1,"Value":6480},{"Length":8,"Height":91,"Demand":0,"DemandMax":1,"Value":2184},{"Length":32,"Height":94,"Demand":0,"DemandMax":1,"Value":6016},{"Length":13,"Height":79,"Demand":0,"DemandMax":1,"Value":1027},{"Length":13,"Height":81,"Demand":0,"DemandMax":1,"Value":1053},{"Length":91,"Height":64,"Demand":0,"DemandMax":1,"Value":11648},{"Length":33,"Height":77,"Demand":0,"DemandMax":1,"Value":2541},{"Length":81,"Height":31,"Demand":0,"DemandMax":1,"Value":2511},{"Length":24,"Height":11,"Demand":0,"DemandMax":1,"Value":264},{"Length":89,"Height":66,"Demand":0,"DemandMax":1,"Value":5874},{"Length":28,"Height":96,"Demand":0,"DemandMax":1,"Value":8064},{"Length":12,"Height":79,"Demand":0,"DemandMax":1,"Value":2844},{"Length":50,"Height":4,"Demand":0,"DemandMax":1,"Value":400},{"Length":65,"Height":67,"Demand":0,"DemandMax":1,"Value":13065},{"Length":25,"Height":42,"Demand":0,"DemandMax":1,"Value":1050},{"Length":20,"Height":13,"Demand":0,"DemandMax":1,"Value":260},{"Length":25,"Height":17,"Demand":0,"DemandMax":1,"Value":1275},{"Length":66,"Height":83,"Demand":0,"DemandMax":1,"Value":16434},{"Length":10,"Height":36,"Demand":0,"DemandMax":1,"Value":360},{"Length":2,"Height":98,"Demand":0,"DemandMax":1,"Value":588},{"Length":87,"Height":53,"Demand":0,"DemandMax":1,"Value":9222},{"Length":85,"Height":26,"Demand":0,"DemandMax":1,"Value":2210},{"Length":6,"Height":77,"Demand":0,"DemandMax":2,"Value":924},{"Length":41,"Height":76,"Demand":0,"DemandMax":1,"Value":6232},{"Length":89,"Height":99,"Demand":0,"DemandMax":1,"Value":8811},{"Length":40,"Height":29,"Demand":0,"DemandMax":1,"Value":2320},{"Length":17,"Height":44,"Demand":0,"DemandMax":1,"Value":2244},{"Length":87,"Height":31,"Demand":0,"DemandMax":1,"Value":2697},{"Length":82,"Height":55,"Demand":0,"DemandMax":1,"Value":13530},{"Length":8,"Height":81,"Demand":0,"DemandMax":1,"Value":1296},{"Length":13,"Height":8,"Demand":0,"DemandMax":1,"Value":312},{"Length":100,"Height":31,"Demand":0,"DemandMax":1,"Value":3100},{"Length":49,"Height":41,"Demand":0,"DemandMax":1,"Value":6027},{"Length":12,"Height":85,"Demand":0,"DemandMax":1,"Value":1020},{"Length":12,"Height":15,"Demand":0,"DemandMax":1,"Value":540},{"Length":15,"Height":30,"Demand":0,"DemandMax":1,"Value":900},{"Length":42,"Height":99,"Demand":0,"DemandMax":1,"Value":4158},{"Length":83,"Height":24,"Demand":0,"DemandMax":1,"Value":5976},{"Length":20,"Height":4,"Demand":0,"DemandMax":1,"Value":80},{"Length":4,"Height":91,"Demand":0,"DemandMax":1,"Value":1092},{"Length":25,"Height":76,"Demand":0,"DemandMax":1,"Value":3800},{"Length":50,"Height":11,"Demand":0,"DemandMax":1,"Value":550},{"Length":6,"Height":40,"Demand":0,"DemandMax":1,"Value":720},{"Length":100,"Height":36,"Demand":0,"DemandMax":1,"Value":10800},{"Length":44,"Height":35,"Demand":0,"DemandMax":1,"Value":4620},{"Length":76,"Height":78,"Demand":0,"DemandMax":1,"Value":17784},{"Length":95,"Height":34,"Demand":0,"DemandMax":1,"Value":3230},{"Length":75,"Height":68,"Demand":0,"DemandMax":1,"Value":15300},{"Length":22,"Height":38,"Demand":0,"DemandMax":1,"Value":836},{"Length":69,"Height":63,"Demand":0,"DemandMax":1,"Value":4347},{"Length":6,"Height":42,"Demand":0,"DemandMax":1,"Value":504},{"Length":90,"Height":19,"Demand":0,"DemandMax":1,"Value":3420},{"Length":80,"Height":31,"Demand":0,"DemandMax":1,"Value":7440},{"Length":87,"Height":8,"Demand":0,"DemandMax":1,"Value":1392},{"Length":55,"Height":98,"Demand":0,"DemandMax":1,"Value":5390},{"Length":14,"Height":6,"Demand":0,"DemandMax":1,"Value":84},{"Length":39,"Height":50,"Demand":0,"DemandMax":1,"Value":1950},{"Length":49,"Height":84,"Demand":0,"DemandMax":1,"Value":12348},{"Length":41,"Height":92,"Demand":0,"DemandMax":1,"Value":11316},{"Length":3,"Height":48,"Demand":0,"DemandMax":1,"Value":288},{"Length":87,"Height":45,"Demand":0,"DemandMax":1,"Value":11745},{"Length":78,"Height":50,"Demand":0,"DemandMax":1,"Value":7800},{"Length":71,"Height":97,"Demand":0,"DemandMax":1,"Value":20661},{"Length":57,"Height":96,"Demand":0,"DemandMax":1,"Value":5472},{"Length":100,"Height":31,"Demand":0,"DemandMax":1,"Value":6200},{"Length":88,"Height":45,"Demand":0,"DemandMax":1,"Value":3960},{"Length":76,"Height":12,"Demand":0,"DemandMax":1,"Value":1824},{"Length":18,"Height":35,"Demand":0,"DemandMax":1,"Value":630},{"Length":53,"Height":80,"Demand":0,"DemandMax":1,"Value":4240},{"Length":46,"Height":98,"Demand":0,"DemandMax":1,"Value":9016},{"Length":25,"Height":38,"Demand":0,"DemandMax":1,"Value":1900},{"Length":85,"Height":81,"Demand":0,"DemandMax":1,"Value":6885},{"Length":68,"Height":67,"Demand":0,"DemandMax":1,"Value":9112},{"Length":41,"Height":20,"Demand":0,"DemandMax":1,"Value":1640},{"Length":24,"Height":77,"Demand":0,"DemandMax":1,"Value":5544},{"Length":38,"Height":82,"Demand":0,"DemandMax":1,"Value":9348},{"Length":34,"Height":15,"Demand":0,"DemandMax":1,"Value":1020},{"Length":48,"Height":6,"Demand":0,"DemandMax":1,"Value":576},{"Length":24,"Height":32,"Demand":0,"DemandMax":1,"Value":768},{"Length":95,"Height":62,"Demand":0,"DemandMax":1,"Value":11780},{"Length":2,"Height":33,"Demand":0,"DemandMax":1,"Value":132},{"Length":71,"Height":83,"Demand":0,"DemandMax":1,"Value":11786},{"Length":95,"Height":48,"Demand":0,"DemandMax":1,"Value":4560},{"Length":95,"Height":46,"Demand":0,"DemandMax":1,"Value":4370},{"Length":83,"Height":53,"Demand":0,"DemandMax":1,"Value":13197},{"Length":29,"Height":100,"Demand":0,"DemandMax":1,"Value":5800},{"Length":66,"Height":93,"Demand":0,"DemandMax":1,"Value":12276},{"Length":31,"Height":43,"Demand":0,"DemandMax":1,"Value":3999},{"Length":96,"Height":88,"Demand":0,"DemandMax":1,"Value":25344},{"Length":14,"Height":96,"Demand":0,"DemandMax":1,"Value":1344},{"Length":25,"Height":15,"Demand":0,"DemandMax":1,"Value":1125},{"Length":99,"Height":21,"Demand":0,"DemandMax":1,"Value":6237},{"Length":2,"Height":100,"Demand":0,"DemandMax":1,"Value":600},{"Length":39,"Height":20,"Demand":0,"DemandMax":1,"Value":780},{"Length":15,"Height":97,"Demand":0,"DemandMax":1,"Value":1455},{"Length":36,"Height":76,"Demand":0,"DemandMax":1,"Value":2736},{"Length":61,"Height":75,"Demand":0,"DemandMax":1,"Value":13725},{"Length":85,"Height":23,"Demand":0,"DemandMax":1,"Value":3910},{"Length":26,"Height":82,"Demand":0,"DemandMax":1,"Value":4264},{"Length":85,"Height":95,"Demand":0,"DemandMax":1,"Value":24225},{"Length":32,"Height":32,"Demand":0,"DemandMax":1,"Value":3072},{"Length":6,"Height":30,"Demand":0,"DemandMax":1,"Value":360},{"Length":13,"Height":81,"Demand":0,"DemandMax":1,"Value":3159},{"Length":43,"Height":21,"Demand":0,"DemandMax":1,"Value":1806},{"Length":17,"Height":37,"Demand":0,"DemandMax":1,"Value":1258},{"Length":35,"Height":50,"Demand":0,"DemandMax":1,"Value":1750},{"Length":50,"Height":50,"Demand":0,"DemandMax":1,"Value":5000},{"Length":34,"Height":92,"Demand":0,"DemandMax":1,"Value":9384},{"Length":37,"Height":96,"Demand":0,"DemandMax":1,"Value":3552},{"Length":39,"Height":19,"Demand":0,"DemandMax":1,"Value":2223},{"Length":12,"Height":20,"Demand":0,"DemandMax":1,"Value":240},{"Length":23,"Height":99,"Demand":0,"DemandMax":1,"Value":2277},{"Length":70,"Height":61,"Demand":0,"DemandMax":1,"Value":8540},{"Length":46,"Height":89,"Demand":0,"DemandMax":1,"Value":8188},{"Length":57,"Height":96,"Demand":0,"DemandMax":1,"Value":10944},{"Length":14,"Height":95,"Demand":0,"DemandMax":1,"Value":1330},{"Length":66,"Height":69,"Demand":0,"DemandMax":1,"Value":4554},{"Length":23,"Height":90,"Demand":0,"DemandMax":1,"Value":6210},{"Length":16,"Height":77,"Demand":0,"DemandMax":1,"Value":1232},{"Length":46,"Height":36,"Demand":0,"DemandMax":1,"Value":1656},{"Length":13,"Height":18,"Demand":0,"DemandMax":1,"Value":234},{"Length":39,"Height":25,"Demand":0,"DemandMax":1,"Value":975},{"Length":85,"Height":16,"Demand":0,"DemandMax":1,"Value":1360},{"Length":66,"Height":81,"Demand":0,"DemandMax":1,"Value":5346},{"Length":10,"Height":94,"Demand":0,"DemandMax":2,"Value":940},{"Length":25,"Height":92,"Demand":0,"DemandMax":1,"Value":6900},{"Length":10,"Height":78,"Demand":0,"DemandMax":1,"Value":780},{"Length":26,"Height":49,"Demand":0,"DemandMax":1,"Value":1274},{"Length":9,"Height":16,"Demand":0,"DemandMax":2,"Value":144},{"Length":14,"Height":91,"Demand":0,"DemandMax":1,"Value":2548},{"Length":26,"Height":99,"Demand":0,"DemandMax":1,"Value":7722},{"Length":88,"Height":24,"Demand":0,"DemandMax":1,"Value":4224},{"Length":74,"Height":80,"Demand":0,"DemandMax":1,"Value":17760},{"Length":24,"Height":24,"Demand":0,"DemandMax":1,"Value":576},{"Length":43,"Height":22,"Demand":0,"DemandMax":1,"Value":946},{"Length":38,"Height":7,"Demand":0,"DemandMax":1,"Value":798},{"Length":98,"Height":67,"Demand":0,"DemandMax":1,"Value":6566},{"Length":53,"Height":89,"Demand":0,"DemandMax":1,"Value":14151},{"Length":76,"Height":49,"Demand":0,"DemandMax":1,"Value":3724},{"Length":30,"Height":36,"Demand":0,"DemandMax":1,"Value":3240},{"Length":14,"Height":83,"Demand":0,"DemandMax":1,"Value":1162},{"Length":90,"Height":24,"Demand":0,"DemandMax":2,"Value":4320},{"Length":37,"Height":31,"Demand":0,"DemandMax":1,"Value":3441},{"Length":46,"Height":34,"Demand":0,"DemandMax":1,"Value":1564},{"Length":82,"Height":51,"Demand":0,"DemandMax":1,"Value":8364},{"Length":33,"Height":23,"Demand":0,"DemandMax":1,"Value":2277},{"Length":12,"Height":48,"Demand":0,"DemandMax":1,"Value":576},{"Length":16,"Height":40,"Demand":0,"DemandMax":1,"Value":640},{"Length":97,"Height":8,"Demand":0,"DemandMax":1,"Value":776},{"Length":19,"Height":99,"Demand":0,"DemandMax":1,"Value":3762},{"Length":36,"Height":33,"Demand":0,"DemandMax":1,"Value":2376},{"Length":67,"Height":66,"Demand":0,"DemandMax":1,"Value":13266},{"Length":83,"Height":99,"Demand":0,"DemandMax":1,"Value":16434},{"Length":31,"Height":49,"Demand":0,"DemandMax":1,"Value":1519},{"Length":73,"Height":57,"Demand":0,"DemandMax":1,"Value":12483},{"Length":5,"Height":9,"Demand":0,"DemandMax":1,"Value":135},{"Length":18,"Height":20,"Demand":0,"DemandMax":2,"Value":1080},{"Length":7,"Height":18,"Demand":0,"DemandMax":1,"Value":126},{"Length":78,"Height":77,"Demand":0,"DemandMax":1,"Value":18018},{"Length":100,"Height":18,"Demand":0,"DemandMax":1,"Value":3600},{"Length":20,"Height":15,"Demand":0,"DemandMax":1,"Value":300},{"Length":65,"Height":71,"Demand":0,"DemandMax":1,"Value":13845},{"Length":78,"Height":100,"Demand":0,"DemandMax":1,"Value":15600},{"Length":84,"Height":19,"Demand":0,"DemandMax":1,"Value":3192},{"Length":2,"Height":96,"Demand":0,"DemandMax":1,"Value":576},{"Length":4,"Height":20,"Demand":0,"DemandMax":1,"Value":240},{"Length":65,"Height":86,"Demand":0,"DemandMax":1,"Value":11180},{"Length":22,"Height":43,"Demand":0,"DemandMax":1,"Value":946},{"Length":81,"Height":38,"Demand":0,"DemandMax":1,"Value":3078},{"Length":54,"Height":65,"Demand":0,"DemandMax":1,"Value":3510},{"Length":32,"Height":28,"Demand":0,"DemandMax":1,"Value":896},{"Length":26,"Height":3,"Demand":0,"DemandMax":1,"Value":156},{"Length":30,"Height":44,"Demand":0,"DemandMax":1,"Value":2640},{"Length":17,"Height":76,"Demand":0,"DemandMax":1,"Value":2584},{"Length":35,"Height":29,"Demand":0,"DemandMax":1,"Value":2030},{"Length":90,"Height":19,"Demand":0,"DemandMax":1,"Value":1710},{"Length":14,"Height":33,"Demand":0,"DemandMax":1,"Value":1386},{"Length":71,"Height":94,"Demand":0,"DemandMax":1,"Value":20022},{"Length":87,"Height":97,"Demand":0,"DemandMax":1,"Value":8439},{"Length":95,"Height":96,"Demand":0,"DemandMax":1,"Value":27360},{"Length":82,"Height":18,"Demand":0,"DemandMax":1,"Value":2952},{"Length":46,"Height":98,"Demand":0,"DemandMax":1,"Value":4508},{"Length":37,"Height":43,"Demand":0,"DemandMax":1,"Value":3182},{"Length":6,"Height":25,"Demand":0,"DemandMax":1,"Value":150},{"Length":72,"Height":100,"Demand":0,"DemandMax":1,"Value":14400},{"Length":33,"Height":6,"Demand":0,"DemandMax":1,"Value":594},{"Length":16,"Height":8,"Demand":0,"DemandMax":1,"Value":256},{"Length":35,"Height":48,"Demand":0,"DemandMax":1,"Value":5040},{"Length":11,"Height":3,"Demand":0,"DemandMax":1,"Value":66},{"Length":54,"Height":71,"Demand":0,"DemandMax":1,"Value":3834},{"Length":28,"Height":16,"Demand":0,"DemandMax":1,"Value":448},{"Length":52,"Height":66,"Demand":0,"DemandMax":1,"Value":10296},{"Length":14,"Height":2,"Demand":0,"DemandMax":1,"Value":84},{"Length":20,"Height":45,"Demand":0,"DemandMax":1,"Value":900},{"Length":48,"Height":85,"Demand":0,"DemandMax":1,"Value":8160},{"Length":31,"Height":12,"Demand":0,"DemandMax":1,"Value":744},{"Length":35,"Height":79,"Demand":0,"DemandMax":1,"Value":8295},{"Length":12,"Height":24,"Demand":0,"DemandMax":1,"Value":576},{"Length":84,"Height":87,"Demand":0,"DemandMax":1,"Value":21924},{"Length":29,"Height":46,"Demand":0,"DemandMax":1,"Value":2668},{"Length":11,"Height":17,"Demand":0,"DemandMax":1,"Value":187},{"Length":34,"Height":100,"Demand":0,"DemandMax":1,"Value":6800},{"Length":90,"Height":28,"Demand":0,"DemandMax":1,"Value":2520},{"Length":43,"Height":47,"Demand":0,"DemandMax":1,"Value":2021},{"Length":37,"Height":46,"Demand":0,"DemandMax":1,"Value":5106},{"Length":27,"Height":26,"Demand":0,"DemandMax":1,"Value":2106},{"Length":76,"Height":58,"Demand":0,"DemandMax":1,"Value":4408},{"Length":22,"Height":97,"Demand":0,"DemandMax":2,"Value":2134},{"Length":19,"Height":91,"Demand":0,"DemandMax":1,"Value":5187},{"Length":48,"Height":78,"Demand":0,"DemandMax":1,"Value":3744},{"Length":47,"Height":5,"Demand":0,"DemandMax":1,"Value":235},{"Length":80,"Height":62,"Demand":0,"DemandMax":1,"Value":9920},{"Length":88,"Height":30,"Demand":0,"DemandMax":1,"Value":2640},{"Length":99,"Height":44,"Demand":0,"DemandMax":1,"Value":13068},{"Length":93,"Height":6,"Demand":0,"DemandMax":1,"Value":1116},{"Length":81,"Height":46,"Demand":0,"DemandMax":1,"Value":11178},{"Length":19,"Height":82,"Demand":0,"DemandMax":1,"Value":1558},{"Length":21,"Height":76,"Demand":0,"DemandMax":1,"Value":1596},{"Length":43,"Height":25,"Demand":0,"DemandMax":1,"Value":2150},{"Length":92,"Height":46,"Demand":0,"DemandMax":2,"Value":12696},{"Length":10,"Height":24,"Demand":0,"DemandMax":1,"Value":240},{"Length":15,"Height":45,"Demand":0,"DemandMax":1,"Value":675},{"Length":18,"Height":41,"Demand":0,"DemandMax":1,"Value":2214},{"Length":86,"Height":29,"Demand":0,"DemandMax":1,"Value":2494},{"Length":28,"Height":19,"Demand":0,"DemandMax":2,"Value":1064},{"Length":43,"Height":77,"Demand":0,"DemandMax":1,"Value":9933},{"Length":15,"Height":93,"Demand":0,"DemandMax":1,"Value":1395},{"Length":54,"Height":78,"Demand":0,"DemandMax":1,"Value":8424},{"Length":7,"Height":82,"Demand":0,"DemandMax":1,"Value":574},{"Length":22,"Height":48,"Demand":0,"DemandMax":1,"Value":3168},{"Length":13,"Height":19,"Demand":0,"DemandMax":1,"Value":494},{"Length":80,"Height":67,"Demand":0,"DemandMax":1,"Value":5360},{"Length":69,"Height":76,"Demand":0,"DemandMax":1,"Value":15732},{"Length":33,"Height":83,"Demand":0,"DemandMax":1,"Value":2739},{"Length":22,"Height":85,"Demand":0,"DemandMax":1,"Value":5610},{"Length":5,"Height":77,"Demand":0,"DemandMax":1,"Value":1155},{"Length":17,"Height":42,"Demand":0,"DemandMax":1,"Value":2142},{"Length":33,"Height":32,"Demand":0,"DemandMax":1,"Value":3168},{"Length":6,"Height":80,"Demand":0,"DemandMax":1,"Value":1440},{"Length":9,"Height":84,"Demand":0,"DemandMax":1,"Value":2268},{"Length":90,"Height":60,"Demand":0,"DemandMax":1,"Value":16200},{"Length":49,"Height":47,"Demand":0,"DemandMax":1,"Value":4606},{"Length":16,"Height":29,"Demand":0,"DemandMax":1,"Value":1392},{"Length":47,"Height":11,"Demand":0,"DemandMax":1,"Value":1034},{"Length":53,"Height":66,"Demand":0,"DemandMax":1,"Value":10494},{"Length":39,"Height":32,"Demand":0,"DemandMax":1,"Value":2496},{"Length":68,"Height":75,"Demand":0,"DemandMax":1,"Value":10200},{"Length":94,"Height":49,"Demand":0,"DemandMax":1,"Value":13818},{"Length":8,"Height":80,"Demand":0,"DemandMax":1,"Value":1280},{"Length":12,"Height":79,"Demand":0,"DemandMax":1,"Value":948},{"Length":25,"Height":45,"Demand":0,"DemandMax":1,"Value":1125},{"Length":39,"Height":80,"Demand":0,"DemandMax":1,"Value":3120},{"Length":10,"Height":3,"Demand":0,"DemandMax":1,"Value":90},{"Length":60,"Height":83,"Demand":0,"DemandMax":1,"Value":9960},{"Length":46,"Height":8,"Demand":0,"DemandMax":2,"Value":1104},{"Length":3,"Height":12,"Demand":0,"DemandMax":1,"Value":72},{"Length":14,"Height":10,"Demand":0,"DemandMax":1,"Value":280},{"Length":74,"Height":64,"Demand":0,"DemandMax":1,"Value":9472},{"Length":78,"Height":91,"Demand":0,"DemandMax":1,"Value":7098},{"Length":22,"Height":87,"Demand":0,"DemandMax":1,"Value":3828},{"Length":39,"Height":6,"Demand":0,"DemandMax":1,"Value":702},{"Length":79,"Height":83,"Demand":0,"DemandMax":1,"Value":6557},{"Length":7,"Height":8,"Demand":0,"DemandMax":1,"Value":168},{"Length":80,"Height":41,"Demand":0,"DemandMax":1,"Value":9840},{"Length":37,"Height":28,"Demand":0,"DemandMax":1,"Value":3108},{"Length":7,"Height":47,"Demand":0,"DemandMax":1,"Value":329},{"Length":70,"Height":99,"Demand":0,"DemandMax":1,"Value":13860},{"Length":93,"Height":31,"Demand":0,"DemandMax":1,"Value":5766},{"Length":87,"Height":48,"Demand":0,"DemandMax":1,"Value":12528},{"Length":21,"Height":19,"Demand":0,"DemandMax":1,"Value":798},{"Length":32,"Height":18,"Demand":0,"DemandMax":1,"Value":1152},{"Length":24,"Height":16,"Demand":0,"DemandMax":1,"Value":384},{"Length":90,"Height":13,"Demand":0,"DemandMax":1,"Value":1170},{"Length":24,"Height":90,"Demand":0,"DemandMax":1,"Value":4320},{"Length":47,"Height":2,"Demand":0,"DemandMax":2,"Value":188},{"Length":43,"Height":11,"Demand":0,"DemandMax":1,"Value":946},{"Length":13,"Height":46,"Demand":0,"DemandMax":1,"Value":1196},{"Length":86,"Height":84,"Demand":0,"DemandMax":1,"Value":21672},{"Length":32,"Height":37,"Demand":0,"DemandMax":1,"Value":2368},{"Length":31,"Height":95,"Demand":0,"DemandMax":1,"Value":5890},{"Length":20,"Height":43,"Demand":0,"DemandMax":1,"Value":1720},{"Length":6,"Height":27,"Demand":0,"DemandMax":1,"Value":486},{"Length":17,"Height":24,"Demand":0,"DemandMax":1,"Value":408},{"Length":94,"Height":26,"Demand":0,"DemandMax":1,"Value":4888},{"Length":77,"Height":6,"Demand":0,"DemandMax":1,"Value":1386},{"Length":85,"Height":10,"Demand":0,"DemandMax":1,"Value":1700},{"Length":29,"Height":20,"Demand":0,"DemandMax":1,"Value":1160},{"Length":76,"Height":77,"Demand":0,"DemandMax":1,"Value":5852},{"Length":19,"Height":36,"Demand":0,"DemandMax":1,"Value":1368},{"Length":93,"Height":19,"Demand":0,"DemandMax":1,"Value":5301},{"Length":87,"Height":3,"Demand":0,"DemandMax":1,"Value":522},{"Length":12,"Height":95,"Demand":0,"DemandMax":1,"Value":1140},{"Length":40,"Height":50,"Demand":0,"DemandMax":1,"Value":4000},{"Length":23,"Height":21,"Demand":0,"DemandMax":1,"Value":1449},{"Length":88,"Height":5,"Demand":0,"DemandMax":1,"Value":880},{"Length":12,"Height":24,"Demand":0,"DemandMax":1,"Value":288},{"Length":40,"Height":14,"Demand":0,"DemandMax":1,"Value":1120},{"Length":47,"Height":48,"Demand":0,"DemandMax":1,"Value":2256},{"Length":94,"Height":75,"Demand":0,"DemandMax":1,"Value":21150},{"Length":77,"Height":23,"Demand":0,"DemandMax":1,"Value":1771},{"Length":33,"Height":90,"Demand":0,"DemandMax":1,"Value":2970},{"Length":14,"Height":80,"Demand":0,"DemandMax":1,"Value":1120},{"Length":33,"Height":21,"Demand":0,"DemandMax":1,"Value":1386},{"Length":88,"Height":96,"Demand":0,"DemandMax":1,"Value":8448},{"Length":49,"Height":86,"Demand":0,"DemandMax":2,"Value":8428},{"Length":94,"Height":5,"Demand":0,"DemandMax":1,"Value":940},{"Length":4,"Height":100,"Demand":0,"DemandMax":1,"Value":1200},{"Length":25,"Height":9,"Demand":0,"DemandMax":1,"Value":450},{"Length":91,"Height":37,"Demand":0,"DemandMax":1,"Value":6734},{"Length":95,"Height":3,"Demand":0,"DemandMax":1,"Value":855},{"Length":77,"Height":18,"Demand":0,"DemandMax":1,"Value":4158},{"Length":87,"Height":81,"Demand":0,"DemandMax":1,"Value":14094},{"Length":46,"Height":33,"Demand":0,"DemandMax":1,"Value":4554},{"Length":32,"Height":29,"Demand":0,"DemandMax":1,"Value":1856},{"Length":92,"Height":23,"Demand":0,"DemandMax":1,"Value":4232},{"Length":41,"Height":11,"Demand":0,"DemandMax":1,"Value":902},{"Length":7,"Height":78,"Demand":0,"DemandMax":1,"Value":1638},{"Length":78,"Height":35,"Demand":0,"DemandMax":1,"Value":5460},{"Length":43,"Height":88,"Demand":0,"DemandMax":1,"Value":7568},{"Length":84,"Height":48,"Demand":0,"DemandMax":1,"Value":4032},{"Length":9,"Height":9,"Demand":0,"DemandMax":1,"Value":81},{"Length":37,"Height":79,"Demand":0,"DemandMax":1,"Value":2923},{"Length":38,"Height":39,"Demand":0,"DemandMax":1,"Value":2964},{"Length":84,"Height":29,"Demand":0,"DemandMax":1,"Value":7308},{"Length":50,"Height":89,"Demand":0,"DemandMax":1,"Value":8900},{"Length":31,"Height":99,"Demand":0,"DemandMax":1,"Value":9207},{"Length":98,"Height":47,"Demand":0,"DemandMax":1,"Value":4606},{"Length":97,"Height":21,"Demand":0,"DemandMax":1,"Value":2037},{"Length":100,"Height":33,"Demand":0,"DemandMax":1,"Value":3300},{"Length":84,"Height":98,"Demand":0,"DemandMax":1,"Value":16464},{"Length":34,"Height":24,"Demand":0,"DemandMax":1,"Value":2448},{"Length":97,"Height":41,"Demand":0,"DemandMax":1,"Value":7954},{"Length":98,"Height":19,"Demand":0,"DemandMax":1,"Value":3724},{"Length":2,"Height":87,"Demand":0,"DemandMax":1,"Value":348},{"Length":24,"Height":35,"Demand":0,"DemandMax":1,"Value":2520},{"Length":26,"Height":78,"Demand":0,"DemandMax":1,"Value":6084},{"Length":97,"Height":48,"Demand":0,"DemandMax":1,"Value":9312},{"Length":2,"Height":32,"Demand":0,"DemandMax":1,"Value":64},{"Length":11,"Height":95,"Demand":0,"DemandMax":1,"Value":1045},{"Length":24,"Height":43,"Demand":0,"DemandMax":1,"Value":2064},{"Length":77,"Height":14,"Demand":0,"DemandMax":1,"Value":1078},{"Length":28,"Height":12,"Demand":0,"DemandMax":1,"Value":336},{"Length":94,"Height":15,"Demand":0,"DemandMax":1,"Value":4230},{"Length":35,"Height":39,"Demand":0,"DemandMax":1,"Value":1365},{"Length":22,"Height":45,"Demand":0,"DemandMax":1,"Value":990},{"Length":50,"Height":15,"Demand":0,"DemandMax":1,"Value":1500},{"Length":9,"Height":38,"Demand":0,"DemandMax":1,"Value":342},{"Length":15,"Height":38,"Demand":0,"DemandMax":1,"Value":1140},{"Length":64,"Height":99,"Demand":0,"DemandMax":1,"Value":6336},{"Length":17,"Height":4,"Demand":0,"DemandMax":1,"Value":204},{"Length":18,"Height":21,"Demand":0,"DemandMax":1,"Value":1134},{"Length":72,"Height":60,"Demand":0,"DemandMax":1,"Value":4320},{"Length":28,"Height":24,"Demand":0,"DemandMax":1,"Value":672},{"Length":93,"Height":76,"Demand":0,"DemandMax":1,"Value":7068},{"Length":67,"Height":100,"Demand":0,"DemandMax":1,"Value":20100},{"Length":13,"Height":4,"Demand":0,"DemandMax":1,"Value":52},{"Length":47,"Height":26,"Demand":0,"DemandMax":1,"Value":3666},{"Length":89,"Height":27,"Demand":0,"DemandMax":1,"Value":7209},{"Length":74,"Height":95,"Demand":0,"DemandMax":1,"Value":14060},{"Length":21,"Height":93,"Demand":0,"DemandMax":1,"Value":1953},{"Length":75,"Height":73,"Demand":0,"DemandMax":1,"Value":10950},{"Length":79,"Height":62,"Demand":0,"DemandMax":1,"Value":14694},{"Length":42,"Height":78,"Demand":0,"DemandMax":1,"Value":6552},{"Length":33,"Height":40,"Demand":0,"DemandMax":1,"Value":1320},{"Length":24,"Height":17,"Demand":0,"DemandMax":1,"Value":408},{"Length":90,"Height":86,"Demand":0,"DemandMax":1,"Value":15480},{"Length":40,"Height":45,"Demand":0,"DemandMax":1,"Value":5400},{"Length":9,"Height":86,"Demand":0,"DemandMax":1,"Value":2322},{"Length":28,"Height":35,"Demand":0,"DemandMax":1,"Value":1960},{"Length":5,"Height":18,"Demand":0,"DemandMax":1,"Value":90},{"Length":28,"Height":85,"Demand":0,"DemandMax":1,"Value":2380},{"Length":6,"Height":93,"Demand":0,"DemandMax":1,"Value":1116},{"Length":42,"Height":46,"Demand":0,"DemandMax":1,"Value":1932},{"Length":85,"Height":45,"Demand":0,"DemandMax":1,"Value":7650},{"Length":75,"Height":76,"Demand":0,"DemandMax":1,"Value":17100},{"Length":24,"Height":37,"Demand":0,"DemandMax":1,"Value":888},{"Length":14,"Height":9,"Demand":0,"DemandMax":1,"Value":252},{"Length":41,"Height":84,"Demand":0,"DemandMax":1,"Value":6888},{"Length":84,"Height":98,"Demand":0,"DemandMax":1,"Value":8232},{"Length":66,"Height":58,"Demand":0,"DemandMax":1,"Value":11484},{"Length":98,"Height":10,"Demand":0,"DemandMax":1,"Value":1960},{"Length":81,"Height":4,"Demand":0,"DemandMax":1,"Value":972},{"Length":79,"Height":19,"Demand":0,"DemandMax":1,"Value":1501},{"Length":12,"Height":91,"Demand":0,"DemandMax":1,"Value":1092},{"Length":38,"Height":43,"Demand":0,"DemandMax":1,"Value":4902},{"Length":31,"Height":26,"Demand":0,"DemandMax":1,"Value":2418},{"Length":62,"Height":71,"Demand":0,"DemandMax":1,"Value":13206},{"Length":78,"Height":72,"Demand":0,"DemandMax":1,"Value":16848},{"Length":38,"Height":5,"Demand":0,"DemandMax":1,"Value":570},{"Length":65,"Height":79,"Demand":0,"DemandMax":1,"Value":5135},{"Length":20,"Height":21,"Demand":0,"DemandMax":1,"Value":1260},{"Length":11,"Height":41,"Demand":0,"DemandMax":1,"Value":1353},{"Length":30,"Height":82,"Demand":0,"DemandMax":1,"Value":7380},{"Length":47,"Height":15,"Demand":0,"DemandMax":1,"Value":1410},{"Length":47,"Height":14,"Demand":0,"DemandMax":1,"Value":1974},{"Length":79,"Height":50,"Demand":0,"DemandMax":1,"Value":11850},{"Length":100,"Height":97,"Demand":0,"DemandMax":1,"Value":29100},{"Length":14,"Height":83,"Demand":0,"DemandMax":1,"Value":2324},{"Length":22,"Height":31,"Demand":0,"DemandMax":1,"Value":2046},{"Length":4,"Height":19,"Demand":0,"DemandMax":1,"Value":152},{"Length":88,"Height":75,"Demand":0,"DemandMax":1,"Value":13200},{"Length":78,"Height":29,"Demand":0,"DemandMax":1,"Value":4524},{"Length":12,"Height":46,"Demand":0,"DemandMax":1,"Value":1656},{"Length":29,"Height":82,"Demand":0,"DemandMax":1,"Value":4756},{"Length":17,"Height":50,"Demand":0,"DemandMax":1,"Value":850},{"Length":12,"Height":35,"Demand":0,"DemandMax":1,"Value":1260},{"Length":66,"Height":80,"Demand":0,"DemandMax":1,"Value":15840},{"Length":78,"Height":75,"Demand":0,"DemandMax":1,"Value":11700},{"Length":91,"Height":61,"Demand":0,"DemandMax":1,"Value":5551},{"Length":90,"Height":97,"Demand":0,"DemandMax":1,"Value":17460},{"Length":5,"Height":27,"Demand":0,"DemandMax":1,"Value":270},{"Length":92,"Height":28,"Demand":0,"DemandMax":1,"Value":2576},{"Length":24,"Height":23,"Demand":0,"DemandMax":1,"Value":1656},{"Length":53,"Height":58,"Demand":0,"DemandMax":1,"Value":6148},{"Length":35,"Height":92,"Demand":0,"DemandMax":1,"Value":9660},{"Length":62,"Height":74,"Demand":0,"DemandMax":1,"Value":13764},{"Length":13,"Height":5,"Demand":0,"DemandMax":1,"Value":65},{"Length":44,"Height":38,"Demand":0,"DemandMax":1,"Value":1672},{"Length":95,"Height":9,"Demand":0,"DemandMax":1,"Value":2565},{"Length":7,"Height":22,"Demand":0,"DemandMax":1,"Value":462},{"Length":68,"Height":81,"Demand":0,"DemandMax":1,"Value":11016},{"Length":4,"Height":33,"Demand":0,"DemandMax":1,"Value":396},{"Length":40,"Height":11,"Demand":0,"DemandMax":1,"Value":440},{"Length":17,"Height":89,"Demand":0,"DemandMax":1,"Value":1513},{"Length":51,"Height":78,"Demand":0,"DemandMax":1,"Value":7956},{"Length":13,"Height":10,"Demand":0,"DemandMax":1,"Value":390},{"Length":76,"Height":60,"Demand":0,"DemandMax":1,"Value":4560},{"Length":61,"Height":65,"Demand":0,"DemandMax":1,"Value":3965},{"Length":63,"Height":64,"Demand":0,"DemandMax":1,"Value":4032},{"Length":25,"Height":91,"Demand":0,"DemandMax":1,"Value":2275},{"Length":85,"Height":98,"Demand":0,"DemandMax":1,"Value":16660},{"Length":42,"Height":47,"Demand":0,"DemandMax":2,"Value":1974},{"Length":44,"Height":18,"Demand":0,"DemandMax":1,"Value":2376},{"Length":19,"Height":31,"Demand":0,"DemandMax":1,"Value":1767},{"Length":9,"Height":13,"Demand":0,"DemandMax":1,"Value":351},{"Length":5,"Height":43,"Demand":0,"DemandMax":1,"Value":215},{"Length":85,"Height":7,"Demand":0,"DemandMax":1,"Value":1785},{"Length":27,"Height":27,"Demand":0,"DemandMax":1,"Value":2187},{"Length":30,"Height":85,"Demand":0,"DemandMax":1,"Value":5100},{"Length":44,"Height":48,"Demand":0,"DemandMax":1,"Value":4224},{"Length":49,"Height":84,"Demand":0,"DemandMax":1,"Value":4116},{"Length":29,"Height":9,"Demand":0,"DemandMax":1,"Value":783},{"Length":87,"Height":50,"Demand":0,"DemandMax":1,"Value":13050},{"Length":48,"Height":90,"Demand":0,"DemandMax":1,"Value":12960},{"Length":74,"Height":81,"Demand":0,"DemandMax":1,"Value":5994},{"Length":6,"Height":26,"Demand":0,"DemandMax":1,"Value":468},{"Length":86,"Height":26,"Demand":0,"DemandMax":1,"Value":6708},{"Length":65,"Height":94,"Demand":0,"DemandMax":1,"Value":12220},{"Length":93,"Height":39,"Demand":0,"DemandMax":1,"Value":7254},{"Length":58,"Height":84,"Demand":0,"DemandMax":1,"Value":14616},{"Length":3,"Height":30,"Demand":0,"DemandMax":1,"Value":180},{"Length":77,"Height":37,"Demand":0,"DemandMax":1,"Value":5698},{"Length":100,"Height":13,"Demand":0,"DemandMax":1,"Value":3900},{"Length":76,"Height":37,"Demand":0,"DemandMax":1,"Value":2812},{"Length":41,"Height":48,"Demand":0,"DemandMax":1,"Value":1968},{"Length":33,"Height":3,"Demand":0,"DemandMax":1,"Value":297},{"Length":94,"Height":5,"Demand":0,"DemandMax":1,"Value":1410},{"Length":82,"Height":36,"Demand":0,"DemandMax":1,"Value":2952},{"Length":85,"Height":45,"Demand":0,"DemandMax":1,"Value":11475},{"Length":81,"Height":73,"Demand":0,"DemandMax":1,"Value":5913},{"Length":69,"Height":70,"Demand":0,"DemandMax":1,"Value":14490},{"Length":38,"Height":82,"Demand":0,"DemandMax":1,"Value":3116},{"Length":54,"Height":89,"Demand":0,"DemandMax":1,"Value":9612},{"Length":91,"Height":46,"Demand":0,"DemandMax":1,"Value":12558},{"Length":50,"Height":99,"Demand":0,"DemandMax":1,"Value":14850},{"Length":46,"Height":35,"Demand":0,"DemandMax":1,"Value":4830},{"Length":14,"Height":95,"Demand":0,"DemandMax":1,"Value":2660},{"Length":8,"Height":3,"Demand":0,"DemandMax":1,"Value":72},{"Length":28,"Height":5,"Demand":0,"DemandMax":1,"Value":420},{"Length":91,"Height":61,"Demand":0,"DemandMax":1,"Value":11102},{"Length":89,"Height":62,"Demand":0,"DemandMax":1,"Value":16554},{"Length":34,"Height":31,"Demand":0,"DemandMax":1,"Value":1054},{"Length":31,"Height":86,"Demand":0,"DemandMax":1,"Value":7998},{"Length":43,"Height":100,"Demand":0,"DemandMax":1,"Value":4300},{"Length":100,"Height":8,"Demand":0,"DemandMax":1,"Value":800},{"Length":51,"Height":74,"Demand":0,"DemandMax":1,"Value":3774},{"Length":84,"Height":53,"Demand":0,"DemandMax":1,"Value":8904},{"Length":40,"Height":81,"Demand":0,"DemandMax":1,"Value":6480},{"Length":34,"Height":90,"Demand":0,"DemandMax":2,"Value":9180},{"Length":77,"Height":20,"Demand":0,"DemandMax":1,"Value":4620},{"Length":39,"Height":17,"Demand":0,"DemandMax":1,"Value":663},{"Length":93,"Height":86,"Demand":0,"DemandMax":1,"Value":15996},{"Length":74,"Height":95,"Demand":0,"DemandMax":1,"Value":7030},{"Length":49,"Height":3,"Demand":0,"DemandMax":1,"Value":294},{"Length":48,"Height":92,"Demand":0,"DemandMax":1,"Value":8832},{"Length":92,"Height":39,"Demand":0,"DemandMax":1,"Value":3588},{"Length":76,"Height":28,"Demand":0,"DemandMax":1,"Value":6384},{"Length":23,"Height":4,"Demand":0,"DemandMax":1,"Value":92},{"Length":96,"Height":39,"Demand":0,"DemandMax":1,"Value":3744},{"Length":93,"Height":54,"Demand":0,"DemandMax":1,"Value":15066},{"Length":22,"Height":46,"Demand":0,"DemandMax":1,"Value":1012},{"Length":79,"Height":89,"Demand":0,"DemandMax":1,"Value":7031},{"Length":79,"Height":26,"Demand":0,"DemandMax":1,"Value":6162},{"Length":30,"Height":26,"Demand":0,"DemandMax":1,"Value":2340},{"Length":13,"Height":11,"Demand":0,"DemandMax":1,"Value":429},{"Length":28,"Height":87,"Demand":0,"DemandMax":1,"Value":7308},{"Length":24,"Height":49,"Demand":0,"DemandMax":1,"Value":3528},{"Length":24,"Height":31,"Demand":0,"DemandMax":1,"Value":1488},{"Length":38,"Height":21,"Demand":0,"DemandMax":1,"Value":798},{"Length":26,"Height":95,"Demand":0,"DemandMax":1,"Value":7410},{"Length":32,"Height":50,"Demand":0,"DemandMax":1,"Value":1600},{"Length":9,"Height":77,"Demand":0,"DemandMax":1,"Value":1386},{"Length":29,"Height":45,"Demand":0,"DemandMax":1,"Value":1305},{"Length":40,"Height":92,"Demand":0,"DemandMax":1,"Value":7360},{"Length":65,"Height":57,"Demand":0,"DemandMax":1,"Value":11115},{"Length":98,"Height":57,"Demand":0,"DemandMax":1,"Value":16758},{"Length":6,"Height":15,"Demand":0,"DemandMax":1,"Value":90},{"Length":50,"Height":93,"Demand":0,"DemandMax":1,"Value":13950},{"Length":48,"Height":10,"Demand":0,"DemandMax":1,"Value":480},{"Length":81,"Height":75,"Demand":0,"DemandMax":1,"Value":18225},{"Length":10,"Height":27,"Demand":0,"DemandMax":1,"Value":270},{"Length":12,"Height":40,"Demand":0,"DemandMax":1,"Value":1440},{"Length":94,"Height":21,"Demand":0,"DemandMax":1,"Value":5922},{"Length":75,"Height":98,"Demand":0,"DemandMax":1,"Value":7350},{"Length":19,"Height":91,"Demand":0,"DemandMax":1,"Value":3458},{"Length":42,"Height":17,"Demand":0,"DemandMax":1,"Value":1428},{"Length":4,"Height":10,"Demand":0,"DemandMax":1,"Value":80},{"Length":6,"Height":32,"Demand":0,"DemandMax":1,"Value":192},{"Length":13,"Height":3,"Demand":0,"DemandMax":1,"Value":78},{"Length":21,"Height":20,"Demand":0,"DemandMax":1,"Value":420},{"Length":16,"Height":30,"Demand":0,"DemandMax":1,"Value":960},{"Length":94,"Height":25,"Demand":0,"DemandMax":1,"Value":7050},{"Length":97,"Height":53,"Demand":0,"DemandMax":1,"Value":15423},{"Length":68,"Height":93,"Demand":0,"DemandMax":1,"Value":12648},{"Length":84,"Height":83,"Demand":0,"DemandMax":1,"Value":20916},{"Length":88,"Height":6,"Demand":0,"DemandMax":1,"Value":1584},{"Length":97,"Height":13,"Demand":0,"DemandMax":1,"Value":2522},{"Length":98,"Height":84,"Demand":0,"DemandMax":1,"Value":24696},{"Length":33,"Height":34,"Demand":0,"DemandMax":1,"Value":3366},{"Length":3,"Height":35,"Demand":0,"DemandMax":1,"Value":210},{"Length":34,"Height":88,"Demand":0,"DemandMax":1,"Value":5984},{"Length":35,"Height":85,"Demand":0,"DemandMax":1,"Value":2975},{"Length":82,"Height":19,"Demand":0,"DemandMax":1,"Value":4674},{"Length":76,"Height":66,"Demand":0,"DemandMax":1,"Value":10032},{"Length":12,"Height":26,"Demand":0,"DemandMax":1,"Value":312},{"Length":64,"Height":83,"Demand":0,"DemandMax":1,"Value":5312},{"Length":17,"Height":9,"Demand":0,"DemandMax":1,"Value":306},{"Length":84,"Height":74,"Demand":0,"DemandMax":1,"Value":6216},{"Length":34,"Height":12,"Demand":0,"DemandMax":1,"Value":816},{"Length":94,"Height":10,"Demand":0,"DemandMax":1,"Value":940},{"Length":67,"Height":92,"Demand":0,"DemandMax":1,"Value":18492},{"Length":19,"Height":16,"Demand":0,"DemandMax":1,"Value":608},{"Length":38,"Height":15,"Demand":0,"DemandMax":1,"Value":1710},{"Length":8,"Height":47,"Demand":0,"DemandMax":1,"Value":752},{"Length":81,"Height":5,"Demand":0,"DemandMax":1,"Value":810},{"Length":83,"Height":27,"Demand":0,"DemandMax":1,"Value":2241},{"Length":39,"Height":88,"Demand":0,"DemandMax":1,"Value":6864},{"Length":90,"Height":89,"Demand":0,"DemandMax":1,"Value":16020},{"Length":82,"Height":2,"Demand":0,"DemandMax":1,"Value":328},{"Length":75,"Height":77,"Demand":0,"DemandMax":1,"Value":5775},{"Length":10,"Height":95,"Demand":0,"DemandMax":1,"Value":2850},{"Length":87,"Height":46,"Demand":0,"DemandMax":1,"Value":8004},{"Length":45,"Height":11,"Demand":0,"DemandMax":1,"Value":1485},{"Length":23,"Height":81,"Demand":0,"DemandMax":1,"Value":5589},{"Length":95,"Height":8,"Demand":0,"DemandMax":1,"Value":760},{"Length":95,"Height":69,"Demand":0,"DemandMax":1,"Value":13110},{"Length":14,"Height":36,"Demand":0,"DemandMax":1,"Value":504},{"Length":42,"Height":26,"Demand":0,"DemandMax":1,"Value":1092},{"Length":25,"Height":25,"Demand":0,"DemandMax":1,"Value":1250},{"Length":60,"Height":61,"Demand":0,"DemandMax":1,"Value":3660},{"Length":92,"Height":95,"Demand":0,"DemandMax":1,"Value":26220},{"Length":39,"Height":76,"Demand":0,"DemandMax":1,"Value":5928},{"Length":48,"Height":86,"Demand":0,"DemandMax":1,"Value":8256},{"Length":74,"Height":65,"Demand":0,"DemandMax":1,"Value":9620},{"Length":26,"Height":10,"Demand":0,"DemandMax":1,"Value":520},{"Length":42,"Height":94,"Demand":0,"DemandMax":1,"Value":7896},{"Length":79,"Height":66,"Demand":0,"DemandMax":1,"Value":5214},{"Length":41,"Height":26,"Demand":0,"DemandMax":1,"Value":1066},{"Length":78,"Height":24,"Demand":0,"DemandMax":1,"Value":1872},{"Length":52,"Height":92,"Demand":0,"DemandMax":1,"Value":14352},{"Length":28,"Height":33,"Demand":0,"DemandMax":1,"Value":924},{"Length":83,"Height":83,"Demand":0,"DemandMax":1,"Value":20667},{"Length":96,"Height":41,"Demand":0,"DemandMax":1,"Value":3936},{"Length":3,"Height":43,"Demand":0,"DemandMax":1,"Value":387},{"Length":81,"Height":81,"Demand":0,"DemandMax":1,"Value":6561},{"Length":31,"Height":31,"Demand":0,"DemandMax":1,"Value":961},{"Length":83,"Height":44,"Demand":0,"DemandMax":1,"Value":10956},{"Length":74,"Height":58,"Demand":0,"DemandMax":1,"Value":4292},{"Length":18,"Height":46,"Demand":0,"DemandMax":1,"Value":828},{"Length":8,"Height":91,"Demand":0,"DemandMax":1,"Value":1456},{"Length":20,"Height":14,"Demand":0,"DemandMax":1,"Value":560},{"Length":44,"Height":22,"Demand":0,"DemandMax":1,"Value":2904},{"Length":82,"Height":20,"Demand":0,"DemandMax":1,"Value":3280},{"Length":11,"Height":21,"Demand":0,"DemandMax":1,"Value":231},{"Length":14,"Height":79,"Demand":0,"DemandMax":1,"Value":3318},{"Length":75,"Height":59,"Demand":0,"DemandMax":1,"Value":8850},{"Length":41,"Height":17,"Demand":0,"DemandMax":1,"Value":697},{"Length":29,"Height":16,"Demand":0,"DemandMax":1,"Value":928},{"Length":77,"Height":55,"Demand":0,"DemandMax":1,"Value":4235},{"Length":36,"Height":46,"Demand":0,"DemandMax":1,"Value":1656},{"Length":31,"Height":5,"Demand":0,"DemandMax":1,"Value":155},{"Length":90,"Height":74,"Demand":0,"DemandMax":1,"Value":19980},{"Length":72,"Height":74,"Demand":0,"DemandMax":1,"Value":10656},{"Length":22,"Height":89,"Demand":0,"DemandMax":1,"Value":3916},{"Length":9,"Height":42,"Demand":0,"DemandMax":1,"Value":1134},{"Length":39,"Height":43,"Demand":0,"DemandMax":1,"Value":1677},{"Length":79,"Height":49,"Demand":0,"DemandMax":1,"Value":3871},{"Length":7,"Height":88,"Demand":0,"DemandMax":1,"Value":616},{"Length":87,"Height":2,"Demand":0,"DemandMax":1,"Value":522},{"Length":6,"Height":48,"Demand":0,"DemandMax":1,"Value":288},{"Length":14,"Height":98,"Demand":0,"DemandMax":1,"Value":2744},{"Length":77,"Height":7,"Demand":0,"DemandMax":1,"Value":539},{"Length":96,"Height":70,"Demand":0,"DemandMax":1,"Value":20160},{"Length":13,"Height":31,"Demand":0,"DemandMax":1,"Value":403},{"Length":83,"Height":61,"Demand":0,"DemandMax":1,"Value":15189},{"Length":13,"Height":97,"Demand":0,"DemandMax":1,"Value":1261},{"Length":36,"Height":43,"Demand":0,"DemandMax":1,"Value":3096},{"Length":95,"Height":8,"Demand":0,"DemandMax":1,"Value":1520},{"Length":20,"Height":6,"Demand":0,"DemandMax":1,"Value":120},{"Length":34,"Height":91,"Demand":0,"DemandMax":1,"Value":9282},{"Length":34,"Height":30,"Demand":0,"DemandMax":1,"Value":2040},{"Length":17,"Height":12,"Demand":0,"DemandMax":2,"Value":612},{"Length":28,"Height":100,"Demand":0,"DemandMax":1,"Value":8400},{"Length":94,"Height":20,"Demand":0,"DemandMax":1,"Value":3760},{"Length":29,"Height":21,"Demand":0,"DemandMax":1,"Value":1827},{"Length":7,"Height":6,"Demand":0,"DemandMax":1,"Value":84},{"Length":22,"Height":76,"Demand":0,"DemandMax":1,"Value":5016},{"Length":94,"Height":47,"Demand":0,"DemandMax":1,"Value":4418},{"Length":23,"Height":35,"Demand":0,"DemandMax":1,"Value":2415},{"Length":38,"Height":35,"Demand":0,"DemandMax":1,"Value":2660},{"Length":48,"Height":45,"Demand":0,"DemandMax":1,"Value":2160},{"Length":3,"Height":6,"Demand":0,"DemandMax":1,"Value":54},{"Length":99,"Height":98,"Demand":0,"DemandMax":1,"Value":19404},{"Length":55,"Height":56,"Demand":0,"DemandMax":1,"Value":9240},{"Length":56,"Height":54,"Demand":0,"DemandMax":1,"Value":3024},{"Length":47,"Height":8,"Demand":0,"DemandMax":1,"Value":752},{"Length":2,"Height":95,"Demand":0,"DemandMax":1,"Value":190},{"Length":49,"Height":96,"Demand":0,"DemandMax":1,"Value":14112},{"Length":85,"Height":88,"Demand":0,"DemandMax":1,"Value":7480},{"Length":50,"Height":81,"Demand":0,"DemandMax":1,"Value":8100},{"Length":16,"Height":88,"Demand":0,"DemandMax":1,"Value":1408},{"Length":68,"Height":51,"Demand":0,"DemandMax":1,"Value":3468},{"Length":18,"Height":98,"Demand":0,"DemandMax":1,"Value":1764},{"Length":80,"Height":44,"Demand":0,"DemandMax":1,"Value":10560},{"Length":18,"Height":44,"Demand":0,"DemandMax":1,"Value":2376},{"Length":50,"Height":99,"Demand":0,"DemandMax":1,"Value":4950},{"Length":49,"Height":11,"Demand":0,"DemandMax":1,"Value":1078},{"Length":64,"Height":85,"Demand":0,"DemandMax":1,"Value":5440},{"Length":33,"Height":35,"Demand":0,"DemandMax":1,"Value":3465},{"Length":69,"Height":66,"Demand":0,"DemandMax":1,"Value":13662},{"Length":16,"Height":89,"Demand":0,"DemandMax":1,"Value":2848},{"Length":93,"Height":4,"Demand":0,"DemandMax":1,"Value":1116},{"Length":81,"Height":87,"Demand":0,"DemandMax":1,"Value":7047},{"Length":42,"Height":8,"Demand":0,"DemandMax":1,"Value":672},{"Length":99,"Height":72,"Demand":0,"DemandMax":1,"Value":14256},{"Length":65,"Height":53,"Demand":0,"DemandMax":1,"Value":6890},{"Length":20,"Height":97,"Demand":0,"DemandMax":1,"Value":3880},{"Length":40,"Height":18,"Demand":0,"DemandMax":1,"Value":720},{"Length":18,"Height":83,"Demand":0,"DemandMax":1,"Value":1494},{"Length":40,"Height":93,"Demand":0,"DemandMax":1,"Value":3720},{"Length":78,"Height":63,"Demand":0,"DemandMax":1,"Value":4914},{"Length":31,"Height":10,"Demand":0,"DemandMax":1,"Value":930},{"Length":29,"Height":37,"Demand":0,"DemandMax":1,"Value":3219},{"Length":14,"Height":29,"Demand":0,"DemandMax":1,"Value":406},{"Length":35,"Height":28,"Demand":0,"DemandMax":1,"Value":1960},{"Length":6,"Height":91,"Demand":0,"DemandMax":1,"Value":1092},{"Length":77,"Height":77,"Demand":0,"DemandMax":1,"Value":17787},{"Length":36,"Height":41,"Demand":0,"DemandMax":1,"Value":4428},{"Length":22,"Height":20,"Demand":0,"DemandMax":1,"Value":1320},{"Length":14,"Height":48,"Demand":0,"DemandMax":1,"Value":672},{"Length":81,"Height":2,"Demand":0,"DemandMax":1,"Value":324},{"Length":41,"Height":89,"Demand":0,"DemandMax":1,"Value":10947},{"Length":21,"Height":22,"Demand":0,"DemandMax":1,"Value":462},{"Length":2,"Height":21,"Demand":0,"DemandMax":2,"Value":126},{"Length":70,"Height":96,"Demand":0,"DemandMax":1,"Value":20160},{"Length":15,"Height":23,"Demand":0,"DemandMax":1,"Value":1035},{"Length":28,"Height":28,"Demand":0,"DemandMax":1,"Value":784},{"Length":50,"Height":14,"Demand":0,"DemandMax":1,"Value":1400},{"Length":31,"Height":89,"Demand":0,"DemandMax":1,"Value":2759},{"Length":32,"Height":29,"Demand":0,"DemandMax":1,"Value":928},{"Length":9,"Height":35,"Demand":0,"DemandMax":1,"Value":630},{"Length":76,"Height":51,"Demand":0,"DemandMax":1,"Value":7752},{"Length":45,"Height":30,"Demand":0,"DemandMax":1,"Value":4050},{"Length":14,"Height":49,"Demand":0,"DemandMax":1,"Value":1372},{"Length":77,"Height":61,"Demand":0,"DemandMax":1,"Value":14091},{"Length":33,"Height":15,"Demand":0,"DemandMax":1,"Value":1485},{"Length":82,"Height":32,"Demand":0,"DemandMax":1,"Value":7872},{"Length":4,"Height":89,"Demand":0,"DemandMax":1,"Value":1068},{"Length":12,"Height":33,"Demand":0,"DemandMax":1,"Value":1188},{"Length":30,"Height":11,"Demand":0,"DemandMax":1,"Value":330},{"Length":100,"Height":33,"Demand":0,"DemandMax":1,"Value":6600},{"Length":35,"Height":99,"Demand":0,"DemandMax":1,"Value":10395},{"Length":18,"Height":24,"Demand":0,"DemandMax":1,"Value":864},{"Length":79,"Height":36,"Demand":0,"DemandMax":1,"Value":8532},{"Length":48,"Height":44,"Demand":0,"DemandMax":1,"Value":6336},{"Length":8,"Height":97,"Demand":0,"DemandMax":1,"Value":2328},{"Length":94,"Height":92,"Demand":0,"DemandMax":1,"Value":25944},{"Length":27,"Height":82,"Demand":0,"DemandMax":1,"Value":2214},{"Length":96,"Height":4,"Demand":0,"DemandMax":1,"Value":1152},{"Length":46,"Height":95,"Demand":0,"DemandMax":1,"Value":8740},{"Length":82,"Height":16,"Demand":0,"DemandMax":1,"Value":3936},{"Length":9,"Height":14,"Demand":0,"DemandMax":1,"Value":126},{"Length":8,"Height":3,"Demand":0,"DemandMax":1,"Value":48},{"Length":20,"Height":84,"Demand":0,"DemandMax":1,"Value":5040},{"Length":31,"Height":99,"Demand":0,"DemandMax":1,"Value":6138},{"Length":26,"Height":11,"Demand":0,"DemandMax":1,"Value":286},{"Length":99,"Height":31,"Demand":0,"DemandMax":1,"Value":9207},{"Length":79,"Height":84,"Demand":0,"DemandMax":1,"Value":19908},{"Length":88,"Height":59,"Demand":0,"DemandMax":1,"Value":10384},{"Length":100,"Height":97,"Demand":0,"DemandMax":1,"Value":19400},{"Length":67,"Height":91,"Demand":0,"DemandMax":1,"Value":12194},{"Length":79,"Height":19,"Demand":0,"DemandMax":1,"Value":4503},{"Length":32,"Height":44,"Demand":0,"DemandMax":1,"Value":2816},{"Length":3,"Height":100,"Demand":0,"DemandMax":1,"Value":600},{"Length":83,"Height":5,"Demand":0,"DemandMax":1,"Value":415},{"Length":21,"Height":29,"Demand":0,"DemandMax":1,"Value":1218},{"Length":87,"Height":34,"Demand":0,"DemandMax":1,"Value":5916},{"Length":32,"Height":8,"Demand":0,"DemandMax":1,"Value":768},{"Length":86,"Height":38,"Demand":0,"DemandMax":1,"Value":9804},{"Length":96,"Height":42,"Demand":0,"DemandMax":1,"Value":4032},{"Length":56,"Height":98,"Demand":0,"DemandMax":1,"Value":5488},{"Length":50,"Height":87,"Demand":0,"DemandMax":1,"Value":4350},{"Length":5,"Height":95,"Demand":0,"DemandMax":1,"Value":475},{"Length":88,"Height":24,"Demand":0,"DemandMax":1,"Value":6336},{"Length":64,"Height":65,"Demand":0,"DemandMax":1,"Value":8320},{"Length":3,"Height":76,"Demand":0,"DemandMax":1,"Value":228},{"Length":82,"Height":42,"Demand":0,"DemandMax":1,"Value":6888},{"Length":30,"Height":30,"Demand":0,"DemandMax":1,"Value":2700},{"Length":88,"Height":38,"Demand":0,"DemandMax":1,"Value":6688},{"Length":80,"Height":63,"Demand":0,"DemandMax":1,"Value":10080},{"Length":95,"Height":6,"Demand":0,"DemandMax":1,"Value":1140},{"Length":100,"Height":46,"Demand":0,"DemandMax":1,"Value":13800},{"Length":97,"Height":11,"Demand":0,"DemandMax":1,"Value":1067},{"Length":4,"Height":9,"Demand":0,"DemandMax":1,"Value":108},{"Length":27,"Height":20,"Demand":0,"DemandMax":1,"Value":540},{"Length":81,"Height":27,"Demand":0,"DemandMax":1,"Value":2187},{"Length":2,"Height":76,"Demand":0,"DemandMax":1,"Value":304},{"Length":100,"Height":11,"Demand":0,"DemandMax":1,"Value":3300},{"Length":91,"Height":36,"Demand":0,"DemandMax":1,"Value":6552},{"Length":24,"Height":95,"Demand":0,"DemandMax":1,"Value":6840},{"Length":46,"Height":3,"Demand":0,"DemandMax":1,"Value":276},{"Length":93,"Height":17,"Demand":0,"DemandMax":1,"Value":1581},{"Length":82,"Height":33,"Demand":0,"DemandMax":1,"Value":5412},{"Length":88,"Height":42,"Demand":0,"DemandMax":1,"Value":7392},{"Length":39,"Height":78,"Demand":0,"DemandMax":1,"Value":3042},{"Length":78,"Height":32,"Demand":0,"DemandMax":1,"Value":2496},{"Length":83,"Height":16,"Demand":0,"DemandMax":1,"Value":1328},{"Length":100,"Height":25,"Demand":0,"DemandMax":1,"Value":7500},{"Length":32,"Height":2,"Demand":0,"DemandMax":1,"Value":192},{"Length":17,"Height":84,"Demand":0,"DemandMax":1,"Value":1428},{"Length":83,"Height":38,"Demand":0,"DemandMax":1,"Value":9462},{"Length":18,"Height":10,"Demand":0,"DemandMax":1,"Value":180},{"Length":9,"Height":15,"Demand":0,"DemandMax":1,"Value":135},{"Length":55,"Height":55,"Demand":0,"DemandMax":1,"Value":3025},{"Length":79,"Height":63,"Demand":0,"DemandMax":1,"Value":9954},{"Length":38,"Height":86,"Demand":0,"DemandMax":1,"Value":6536},{"Length":50,"Height":8,"Demand":0,"DemandMax":1,"Value":1200},{"Length":88,"Height":96,"Demand":0,"DemandMax":1,"Value":25344},{"Length":95,"Height":5,"Demand":0,"DemandMax":1,"Value":1425},{"Length":15,"Height":2,"Demand":0,"DemandMax":1,"Value":30},{"Length":77,"Height":71,"Demand":0,"DemandMax":1,"Value":10934},{"Length":91,"Height":28,"Demand":0,"DemandMax":1,"Value":2548},{"Length":64,"Height":60,"Demand":0,"DemandMax":1,"Value":7680},{"Length":39,"Height":7,"Demand":0,"DemandMax":1,"Value":819},{"Length":60,"Height":99,"Demand":0,"DemandMax":1,"Value":5940},{"Length":63,"Height":97,"Demand":0,"DemandMax":1,"Value":18333},{"Length":49,"Height":27,"Demand":0,"DemandMax":1,"Value":1323},{"Length":23,"Height":8,"Demand":0,"DemandMax":1,"Value":184},{"Length":22,"Height":79,"Demand":0,"DemandMax":1,"Value":3476},{"Length":90,"Height":28,"Demand":0,"DemandMax":1,"Value":5040},{"Length":34,"Height":41,"Demand":0,"DemandMax":1,"Value":2788},{"Length":48,"Height":19,"Demand":0,"DemandMax":1,"Value":2736},{"Length":97,"Height":93,"Demand":0,"DemandMax":1,"Value":9021},{"Length":94,"Height":76,"Demand":0,"DemandMax":1,"Value":14288},{"Length":46,"Height":27,"Demand":0,"DemandMax":1,"Value":2484},{"Length":70,"Height":91,"Demand":0,"DemandMax":1,"Value":12740},{"Length":31,"Height":88,"Demand":0,"DemandMax":1,"Value":2728},{"Length":49,"Height":4,"Demand":0,"DemandMax":1,"Value":588},{"Length":19,"Height":49,"Demand":0,"DemandMax":1,"Value":1862},{"Length":14,"Height":80,"Demand":0,"DemandMax":1,"Value":3360},{"Length":96,"Height":75,"Demand":0,"DemandMax":1,"Value":21600},{"Length":85,"Height":31,"Demand":0,"DemandMax":1,"Value":7905},{"Length":25,"Height":29,"Demand":0,"DemandMax":1,"Value":725},{"Length":96,"Height":7,"Demand":0,"DemandMax":1,"Value":672},{"Length":18,"Height":49,"Demand":0,"DemandMax":1,"Value":2646},{"Length":85,"Height":40,"Demand":0,"DemandMax":1,"Value":10200},{"Length":99,"Height":98,"Demand":0,"DemandMax":1,"Value":29106},{"Length":32,"Height":23,"Demand":0,"DemandMax":1,"Value":736},{"Length":44,"Height":5,"Demand":0,"DemandMax":1,"Value":440},{"Length":42,"Height":86,"Demand":0,"DemandMax":1,"Value":10836},{"Length":19,"Height":9,"Demand":0,"DemandMax":1,"Value":513},{"Length":3,"Height":38,"Demand":0,"DemandMax":2,"Value":342},{"Length":78,"Height":64,"Demand":0,"DemandMax":1,"Value":4992},{"Length":70,"Height":83,"Demand":0,"DemandMax":1,"Value":5810},{"Length":13,"Height":80,"Demand":0,"DemandMax":1,"Value":1040},{"Length":85,"Height":97,"Demand":0,"DemandMax":1,"Value":24735},{"Length":34,"Height":84,"Demand":0,"DemandMax":1,"Value":5712},{"Length":3,"Height":89,"Demand":0,"DemandMax":2,"Value":801},{"Length":79,"Height":39,"Demand":0,"DemandMax":1,"Value":9243},{"Length":11,"Height":38,"Demand":0,"DemandMax":1,"Value":836},{"Length":78,"Height":39,"Demand":0,"DemandMax":1,"Value":9126},{"Length":8,"Height":42,"Demand":0,"DemandMax":1,"Value":672},{"Length":26,"Height":15,"Demand":0,"DemandMax":1,"Value":390},{"Length":85,"Height":2,"Demand":0,"DemandMax":1,"Value":170},{"Length":92,"Height":67,"Demand":0,"DemandMax":1,"Value":18492},{"Length":2,"Height":12,"Demand":0,"DemandMax":1,"Value":48},{"Length":80,"Height":58,"Demand":0,"DemandMax":1,"Value":13920},{"Length":28,"Height":8,"Demand":0,"DemandMax":1,"Value":448},{"Length":24,"Height":15,"Demand":0,"DemandMax":1,"Value":1080},{"Length":8,"Height":84,"Demand":0,"DemandMax":1,"Value":1344},{"Length":47,"Height":97,"Demand":0,"DemandMax":1,"Value":13677},{"Length":43,"Height":18,"Demand":0,"DemandMax":1,"Value":2322},{"Length":80,"Height":12,"Demand":0,"DemandMax":1,"Value":1920},{"Length":56,"Height":67,"Demand":0,"DemandMax":1,"Value":7504},{"Length":97,"Height":39,"Demand":0,"DemandMax":1,"Value":11349},{"Length":28,"Height":46,"Demand":0,"DemandMax":1,"Value":2576},{"Length":34,"Height":32,"Demand":0,"DemandMax":1,"Value":2176},{"Length":48,"Height":13,"Demand":0,"DemandMax":1,"Value":1872},{"Length":98,"Height":50,"Demand":0,"DemandMax":1,"Value":9800},{"Length":37,"Height":100,"Demand":0,"DemandMax":1,"Value":3700},{"Length":2,"Height":39,"Demand":0,"DemandMax":1,"Value":234},{"Length":65,"Height":59,"Demand":0,"DemandMax":1,"Value":11505},{"Length":39,"Height":32,"Demand":0,"DemandMax":1,"Value":3744},{"Length":85,"Height":50,"Demand":0,"DemandMax":1,"Value":4250},{"Length":19,"Height":8,"Demand":0,"DemandMax":1,"Value":456},{"Length":12,"Height":98,"Demand":0,"DemandMax":1,"Value":3528},{"Length":94,"Height":23,"Demand":0,"DemandMax":1,"Value":6486},{"Length":44,"Height":78,"Demand":0,"DemandMax":1,"Value":10296},{"Length":32,"Height":31,"Demand":0,"DemandMax":1,"Value":1984},{"Length":26,"Height":20,"Demand":0,"DemandMax":1,"Value":1040},{"Length":89,"Height":42,"Demand":0,"DemandMax":1,"Value":3738},{"Length":64,"Height":52,"Demand":0,"DemandMax":1,"Value":9984},{"Length":81,"Height":33,"Demand":0,"DemandMax":1,"Value":8019},{"Length":20,"Height":10,"Demand":0,"DemandMax":1,"Value":600},{"Length":57,"Height":69,"Demand":0,"DemandMax":1,"Value":11799},{"Length":2,"Height":96,"Demand":0,"DemandMax":1,"Value":192},{"Length":95,"Height":87,"Demand":0,"DemandMax":1,"Value":24795},{"Length":78,"Height":96,"Demand":0,"DemandMax":1,"Value":7488},{"Length":16,"Height":87,"Demand":0,"DemandMax":1,"Value":4176},{"Length":97,"Height":50,"Demand":0,"DemandMax":1,"Value":4850},{"Length":56,"Height":64,"Demand":0,"DemandMax":1,"Value":3584},{"Length":16,"Height":11,"Demand":0,"DemandMax":1,"Value":352},{"Length":68,"Height":86,"Demand":0,"DemandMax":1,"Value":17544},{"Length":27,"Height":29,"Demand":0,"DemandMax":1,"Value":2349},{"Length":15,"Height":10,"Demand":0,"DemandMax":1,"Value":450},{"Length":20,"Height":11,"Demand":0,"DemandMax":1,"Value":440},{"Length":7,"Height":26,"Demand":0,"DemandMax":1,"Value":546},{"Length":59,"Height":85,"Demand":0,"DemandMax":1,"Value":5015},{"Length":100,"Height":17,"Demand":0,"DemandMax":1,"Value":5100},{"Length":2,"Height":17,"Demand":0,"DemandMax":1,"Value":102},{"Length":34,"Height":96,"Demand":0,"DemandMax":1,"Value":3264},{"Length":81,"Height":93,"Demand":0,"DemandMax":1,"Value":15066},{"Length":73,"Height":90,"Demand":0,"DemandMax":1,"Value":19710},{"Length":29,"Height":18,"Demand":0,"DemandMax":1,"Value":1044},{"Length":42,"Height":14,"Demand":0,"DemandMax":1,"Value":1176},{"Length":8,"Height":41,"Demand":0,"DemandMax":1,"Value":656},{"Length":24,"Height":45,"Demand":0,"DemandMax":1,"Value":1080},{"Length":79,"Height":44,"Demand":0,"DemandMax":1,"Value":3476},{"Length":64,"Height":75,"Demand":0,"DemandMax":1,"Value":14400},{"Length":47,"Height":31,"Demand":0,"DemandMax":1,"Value":2914},{"Length":32,"Height":93,"Demand":0,"DemandMax":1,"Value":8928},{"Length":27,"Height":79,"Demand":0,"DemandMax":1,"Value":6399},{"Length":21,"Height":76,"Demand":0,"DemandMax":1,"Value":4788},{"Length":96,"Height":38,"Demand":0,"DemandMax":1,"Value":3648},{"Length":66,"Height":55,"Demand":0,"DemandMax":1,"Value":7260},{"Length":99,"Height":53,"Demand":0,"DemandMax":1,"Value":5247},{"Length":65,"Height":60,"Demand":0,"DemandMax":1,"Value":7800},{"Length":90,"Height":73,"Demand":0,"DemandMax":1,"Value":13140},{"Length":85,"Height":24,"Demand":0,"DemandMax":1,"Value":2040},{"Length":40,"Height":92,"Demand":0,"DemandMax":1,"Value":3680}]}