{"Name":"ngcutfs3_93","Objects":[{"Length":100,"Height":100,"Stock":null,"Cost":10000}],"Items":[{"Length":22,"Height":87,"Demand":0,"DemandMax":1,"Value":5742},{"Length":14,"Height":4,"Demand":0,"DemandMax":1,"Value":168},{"Length":86,"Height":71,"Demand":0,"DemandMax":1,"Value":12212},{"Length":20,"Height":4,"Demand":0,"DemandMax":1,"Value":160},{"Length":31,"Height":26,"Demand":0,"DemandMax":1,"Value":806},{"Length":20,"Height":94,"Demand":0,"DemandMax":1,"Value":3760},{"Length":37,"Height":91,"Demand":0,"DemandMax":1,"Value":10101},{"Length":3,"Height":49,"Demand":0,"DemandMax":1,"Value":147},{"Length":24,"Height":4,"Demand":0,"DemandMax":1,"Value":96},{"Length":97,"Height":24,"Demand":0,"DemandMax":1,"Value":4656},{"Length":16,"Height":6,"Demand":0,"DemandMax":1,"Value":288},{"Length":2,"Height":19,"Demand":0,"DemandMax":1,"Value":76},{"Length":81,"Height":33,"Demand":0,"DemandMax":1,"Value":5346},{"Length":10,"Height":84,"Demand":0,"DemandMax":1,"Value":840},{"Length":46,"Height":20,"Demand":0,"DemandMax":1,"Value":920},{"Length":78,"Height":9,"Demand":0,"DemandMax":1,"Value":2106},{"Length":97,"Height":61,"Demand":0,"DemandMax":1,"Value":5917},{"Length":22,"Height":20,"Demand":0,"DemandMax":1,"Value":880},{"Length":7,"Height":10,"Demand":0,"DemandMax":1,"Value":140},{"Length":43,"Height":2,"Demand":0,"DemandMax":1,"Value":258},{"Length":87,"Height":69,"Demand":0,"DemandMax":1,"Value":18009},{"Length":49,"Height":40,"Demand":0,"DemandMax":1,"Value":1960},{"Length":30,"Height":34,"Demand":0,"DemandMax":1,"Value":1020},{"Length":6,"Height":14,"Demand":0,"DemandMax":1,"Value":252},{"Length":82,"Height":7,"Demand":0,"DemandMax":1,"Value":1722},{"Length":24,"Height":14,"Demand":0,"DemandMax":1,"Value":336},{"Length":45,"Height":36,"Demand":0,"DemandMax":1,"Value":3240},{"Length":66,"Height":82,"Demand":0,"DemandMax":1,"Value":5412},{"Length":45,"Height":28,"Demand":0,"DemandMax":1,"Value":2520},{"Length":28,"Height":36,"Demand":0,"DemandMax":1,"Value":3024},{"Length":24,"Height":48,"Demand":0,"DemandMax":1,"Value":3456},{"Length":71,"Height":63,"Demand":0,"DemandMax":1,"Value":13419},{"Length":84,"Height":76,"Demand":0,"DemandMax":1,"Value":19152},{"Length":21,"Height":10,"Demand":0,"DemandMax":1,"Value":630},{"Length":9,"Height":16,"Demand":0,"DemandMax":1,"Value":288},{"Length":59,"Height":57,"Demand":0,"DemandMax":1,"Value":10089},{"Length":31,"Height":8,"Demand":0,"DemandMax":2,"Value":248},{"Length":92,"Height":32,"Demand":0,"DemandMax":1,"Value":8832},{"Length":49,"Height":14,"Demand":0,"DemandMax":1,"Value":686},{"Length":77,"Height":52,"Demand":0,"DemandMax":1,"Value":4004},{"Length":47,"Height":41,"Demand":0,"DemandMax":1,"Value":1927},{"Length":25,"Height":27,"Demand":0,"DemandMax":1,"Value":2025},{"Length":41,"Height":9,"Demand":0,"DemandMax":1,"Value":1107},{"Length":7,"Height":96,"Demand":0,"DemandMax":1,"Value":2016},{"Length":9,"Height":26,"Demand":0,"DemandMax":1,"Value":234},{"Length":5,"Height":12,"Demand":0,"DemandMax":1,"Value":180},{"Length":46,"Height":78,"Demand":0,"DemandMax":1,"Value":10764},{"Length":84,"Height":41,"Demand":0,"DemandMax":1,"Value":10332},{"Length":31,"Height":24,"Demand":0,"DemandMax":1,"Value":744},{"Length":41,"Height":32,"Demand":0,"DemandMax":1,"Value":2624},{"Length":8,"Height":76,"Demand":0,"DemandMax":1,"Value":1824},{"Length":24,"Height":45,"Demand":0,"DemandMax":1,"Value":1080},{"Length":89,"Height":40,"Demand":0,"DemandMax":1,"Value":7120},{"Length":2,"Height":28,"Demand":0,"DemandMax":1,"Value":56},{"Length":18,"Height":2,"Demand":0,"DemandMax":1,"Value":72},{"Length":45,"Height":44,"Demand":0,"DemandMax":1,"Value":1980},{"Length":46,"Height":34,"Demand":0,"DemandMax":1,"Value":4692},{"Length":26,"Height":34,"Demand":0,"DemandMax":1,"Value":1768},{"Length":7,"Height":38,"Demand":0,"DemandMax":1,"Value":798},{"Length":48,"Height":30,"Demand":0,"DemandMax":1,"Value":4320},{"Length":91,"Height":35,"Demand":0,"DemandMax":1,"Value":3185},{"Length":43,"Height":15,"Demand":0,"DemandMax":1,"Value":1290},{"Length":77,"Height":74,"Demand":0,"DemandMax":1,"Value":17094},{"Length":21,"Height":41,"Demand":0,"DemandMax":1,"Value":861},{"Length":11,"Height":42,"Demand":0,"DemandMax":1,"Value":924},{"Length":71,"Height":79,"Demand":0,"DemandMax":1,"Value":11218},{"Length":4,"Height":35,"Demand":0,"DemandMax":1,"Value":140},{"Length":19,"Height":2,"Demand":0,"DemandMax":1,"Value":76},{"Length":33,"Height":6,"Demand":0,"DemandMax":1,"Value":198},{"Length":35,"Height":49,"Demand":0,"DemandMax":1,"Value":1715},{"Length":81,"Height":23,"Demand":0,"DemandMax":1,"Value":1863},{"Length":27,"Height":36,"Demand":0,"DemandMax":1,"Value":1944},{"Length":97,"Height":77,"Demand":0,"DemandMax":1,"Value":22407},{"Length":99,"Height":16,"Demand":0,"DemandMax":1,"Value":1584},{"Length":29,"Height":50,"Demand":0,"DemandMax":1,"Value":1450},{"Length":5,"Height":39,"Demand":0,"DemandMax":1,"Value":585},{"Length":49,"Height":31,"Demand":0,"DemandMax":1,"Value":3038},{"Length":19,"Height":50,"Demand":0,"DemandMax":1,"Value":2850},{"Length":12,"Height":87,"Demand":0,"DemandMax":1,"Value":2088},{"Length":39,"Height":21,"Demand":0,"DemandMax":1,"Value":1638},{"Length":16,"Height":85,"Demand":0,"DemandMax":1,"Value":2720},{"Length":20,"Height":27,"Demand":0,"DemandMax":1,"Value":1080},{"Length":46,"Height":15,"Demand":0,"DemandMax":1,"Value":1380},{"Length":47,"Height":39,"Demand":0,"DemandMax":1,"Value":5499},{"Length":4,"Height":28,"Demand":0,"DemandMax":1,"Value":112},{"Length":25,"Height":29,"Demand":0,"DemandMax":1,"Value":725},{"Length":17,"Height":47,"Demand":0,"DemandMax":1,"Value":1598},{"Length":19,"Height":25,"Demand":0,"DemandMax":1,"Value":950},{"Length":4,"Height":37,"Demand":0,"DemandMax":1,"Value":148},{"Length":30,"Height":12,"Demand":0,"DemandMax":1,"Value":360},{"Length":37,"Height":7,"Demand":0,"DemandMax":1,"Value":259},{"Length":46,"Height":50,"Demand":0,"DemandMax":1,"Value":6900},{"Length":9,"Height":43,"Demand":0,"DemandMax":1,"Value":774},{"Length":92,"Height":21,"Demand":0,"DemandMax":1,"Value":5796},{"Length":77,"Height":51,"Demand":0,"DemandMax":1,"Value":7854},{"Length":10,"Height":43,"Demand":0,"DemandMax":1,"Value":860},{"Length":29,"Height":37,"Demand":0,"DemandMax":1,"Value":2146},{"Length":35,"Height":14,"Demand":0,"DemandMax":1,"Value":980},{"Length":21,"Height":25,"Demand":0,"DemandMax":1,"Value":1575},{"Length":50,"Height":27,"Demand":0,"DemandMax":1,"Value":2700},{"Length":36,"Height":14,"Demand":0,"DemandMax":1,"Value":504},{"Length":81,"Height":40,"Demand":0,"DemandMax":1,"Value":3240},{"Length":5,"Height":46,"Demand":0,"DemandMax":1,"Value":230},{"Length":8,"Height":44,"Demand":0,"DemandMax":1,"Value":352},{"Length":91,"Height":37,"Demand":0,"DemandMax":1,"Value":6734},{"Length":98,"Height":72,"Demand":0,"DemandMax":1,"Value":14112},{"Length":96,"Height":45,"Demand":0,"DemandMax":1,"Value":12960},{"Length":20,"Height":46,"Demand":0,"DemandMax":1,"Value":920},{"Length":2,"Height":50,"Demand":0,"DemandMax":1,"Value":100},{"Length":18,"Height":35,"Demand":0,"DemandMax":1,"Value":1890},{"Length":25,"Height":47,"Demand":0,"DemandMax":1,"Value":3525},{"Length":70,"Height":100,"Demand":0,"DemandMax":1,"Value":21000},{"Length":24,"Height":31,"Demand":0,"DemandMax":1,"Value":744},{"Length":47,"Height":40,"Demand":0,"DemandMax":1,"Value":3760},{"Length":63,"Height":66,"Demand":0,"DemandMax":1,"Value":4158},{"Length":82,"Height":4,"Demand":0,"DemandMax":1,"Value":656},{"Length":80,"Height":39,"Demand":0,"DemandMax":1,"Value":3120},{"Length":37,"Height":81,"Demand":0,"DemandMax":1,"Value":5994},{"Length":50,"Height":96,"Demand":0,"DemandMax":1,"Value":14400},{"Length":32,"Height":9,"Demand":0,"DemandMax":1,"Value":576},{"Length":14,"Height":12,"Demand":0,"DemandMax":1,"Value":504},{"Length":38,"Height":26,"Demand":0,"DemandMax":1,"Value":1976},{"Length":25,"Height":4,"Demand":0,"DemandMax":1,"Value":300},{"Length":17,"Height":31,"Demand":0,"DemandMax":1,"Value":1054},{"Length":50,"Height":33,"Demand":0,"DemandMax":1,"Value":1650},{"Length":26,"Height":35,"Demand":0,"DemandMax":1,"Value":2730},{"Length":41,"Height":36,"Demand":0,"DemandMax":1,"Value":4428},{"Length":12,"Height":42,"Demand":0,"DemandMax":1,"Value":504},{"Length":24,"Height":20,"Demand":0,"DemandMax":1,"Value":960},{"Length":37,"Height":19,"Demand":0,"DemandMax":1,"Value":2109},{"Length":85,"Height":91,"Demand":0,"DemandMax":1,"Value":23205},{"Length":45,"Height":8,"Demand":0,"DemandMax":1,"Value":720},{"Length":49,"Height":6,"Demand":0,"DemandMax":1,"Value":294},{"Length":43,"Height":86,"Demand":0,"DemandMax":1,"Value":7396},{"Length":6,"Height":5,"Demand":0,"DemandMax":1,"Value":60},{"Length":90,"Height":70,"Demand":0,"DemandMax":1,"Value":18900},{"Length":32,"Height":43,"Demand":0,"DemandMax":1,"Value":4128},{"Length":32,"Height":12,"Demand":0,"DemandMax":1,"Value":384},{"Length":27,"Height":35,"Demand":0,"DemandMax":1,"Value":945},{"Length":41,"Height":76,"Demand":0,"DemandMax":1,"Value":9348},{"Length":36,"Height":24,"Demand":0,"DemandMax":1,"Value":864},{"Length":10,"Height":35,"Demand":0,"DemandMax":1,"Value":1050},{"Length":84,"Height":13,"Demand":0,"DemandMax":1,"Value":1092},{"Length":41,"Height":27,"Demand":0,"DemandMax":1,"Value":2214},{"Length":13,"Height":94,"Demand":0,"DemandMax":1,"Value":2444},{"Length":38,"Height":39,"Demand":0,"DemandMax":1,"Value":4446},{"Length":10,"Height":25,"Demand":0,"DemandMax":1,"Value":250},{"Length":46,"Height":15,"Demand":0,"DemandMax":1,"Value":2070},{"Length":12,"Height":4,"Demand":0,"DemandMax":1,"Value":144}]}