{"Name":"ngcutfs1_4","Objects":[{"Length":100,"Height":100,"Stock":null,"Cost":10000}],"Items":[{"Length":9,"Height":83,"Demand":0,"DemandMax":1,"Value":747},{"Length":26,"Height":17,"Demand":0,"DemandMax":1,"Value":1326},{"Length":11,"Height":33,"Demand":0,"DemandMax":1,"Value":363},{"Length":47,"Height":80,"Demand":0,"DemandMax":1,"Value":3760},{"Length":92,"Height":45,"Demand":0,"DemandMax":1,"Value":4140},{"Length":77,"Height":42,"Demand":0,"DemandMax":1,"Value":3234},{"Length":11,"Height":2,"Demand":0,"DemandMax":1,"Value":66},{"Length":94,"Height":20,"Demand":0,"DemandMax":1,"Value":3760},{"Length":10,"Height":7,"Demand":0,"DemandMax":1,"Value":210},{"Length":50,"Height":84,"Demand":0,"DemandMax":1,"Value":8400},{"Length":36,"Height":39,"Demand":0,"DemandMax":1,"Value":1404},{"Length":28,"Height":50,"Demand":0,"DemandMax":1,"Value":4200},{"Length":44,"Height":23,"Demand":0,"DemandMax":1,"Value":2024},{"Length":5,"Height":90,"Demand":0,"DemandMax":1,"Value":1350},{"Length":3,"Height":100,"Demand":0,"DemandMax":1,"Value":900},{"Length":51,"Height":71,"Demand":0,"DemandMax":1,"Value":3621},{"Length":17,"Height":91,"Demand":0,"DemandMax":1,"Value":4641},{"Length":53,"Height":76,"Demand":0,"DemandMax":1,"Value":8056},{"Length":11,"Height":87,"Demand":0,"DemandMax":1,"Value":2871},{"Length":88,"Height":7,"Demand":0,"DemandMax":1,"Value":1848},{"Length":4,"Height":24,"Demand":0,"DemandMax":1,"Value":96},{"Length":16,"Height":6,"Demand":0,"DemandMax":1,"Value":288},{"Length":84,"Height":35,"Demand":0,"DemandMax":1,"Value":5880},{"Length":42,"Height":22,"Demand":0,"DemandMax":1,"Value":2772},{"Length":81,"Height":77,"Demand":0,"DemandMax":1,"Value":18711},{"Length":91,"Height":90,"Demand":0,"DemandMax":1,"Value":8190},{"Length":32,"Height":76,"Demand":0,"DemandMax":1,"Value":7296},{"Length":97,"Height":47,"Demand":0,"DemandMax":1,"Value":9118},{"Length":90,"Height":70,"Demand":0,"DemandMax":1,"Value":6300},{"Length":97,"Height":88,"Demand":0,"DemandMax":1,"Value":8536},{"Length":27,"Height":49,"Demand":0,"DemandMax":1,"Value":2646},{"Length":76,"Height":64,"Demand":0,"DemandMax":1,"Value":4864},{"Length":58,"Height":89,"Demand":0,"DemandMax":1,"Value":15486},{"Length":82,"Height":24,"Demand":0,"DemandMax":1,"Value":3936},{"Length":98,"Height":99,"Demand":0,"DemandMax":1,"Value":9702},{"Length":46,"Height":76,"Demand":0,"DemandMax":1,"Value":6992},{"Length":8,"Height":90,"Demand":0,"DemandMax":1,"Value":720},{"Length":24,"Height":41,"Demand":0,"DemandMax":1,"Value":2952},{"Length":48,"Height":35,"Demand":0,"DemandMax":1,"Value":3360},{"Length":98,"Height":78,"Demand":0,"DemandMax":1,"Value":22932}]}