{"Name":"ngcutfs2_121","Objects":[{"Length":100,"Height":100,"Stock":null,"Cost":10000}],"Items":[{"Length":76,"Height":86,"Demand":0,"DemandMax":1,"Value":19608},{"Length":58,"Height":83,"Demand":0,"DemandMax":1,"Value":9628},{"Length":65,"Height":89,"Demand":0,"DemandMax":1,"Value":17355},{"Length":86,"Height":49,"Demand":0,"DemandMax":1,"Value":8428},{"Length":7,"Height":2,"Demand":0,"DemandMax":1,"Value":42},{"Length":49,"Height":19,"Demand":0,"DemandMax":1,"Value":1862},{"Length":9,"Height":25,"Demand":0,"DemandMax":1,"Value":225},{"Length":8,"Height":76,"Demand":0,"DemandMax":1,"Value":1824},{"Length":51,"Height":89,"Demand":0,"DemandMax":1,"Value":13617},{"Length":7,"Height":10,"Demand":0,"DemandMax":1,"Value":140},{"Length":3,"Height":86,"Demand":0,"DemandMax":1,"Value":516},{"Length":55,"Height":75,"Demand":0,"DemandMax":1,"Value":4125},{"Length":38,"Height":4,"Demand":0,"DemandMax":1,"Value":456},{"Length":16,"Height":32,"Demand":0,"DemandMax":1,"Value":512},{"Length":29,"Height":2,"Demand":0,"DemandMax":1,"Value":174},{"Length":46,"Height":12,"Demand":0,"DemandMax":1,"Value":1104},{"Length":39,"Height":36,"Demand":0,"DemandMax":1,"Value":4212},{"Length":40,"Height":4,"Demand":0,"DemandMax":1,"Value":160},{"Length":22,"Height":92,"Demand":0,"DemandMax":1,"Value":6072},{"Length":25,"Height":94,"Demand":0,"DemandMax":1,"Value":2350},{"Length":26,"Height":83,"Demand":0,"DemandMax":1,"Value":4316},{"Length":46,"Height":34,"Demand":0,"DemandMax":1,"Value":1564},{"Length":17,"Height":4,"Demand":0,"DemandMax":1,"Value":68},{"Length":8,"Height":24,"Demand":0,"DemandMax":1,"Value":192},{"Length":100,"Height":39,"Demand":0,"DemandMax":1,"Value":7800},{"Length":30,"Height":77,"Demand":0,"DemandMax":1,"Value":4620},{"Length":29,"Height":48,"Demand":0,"DemandMax":2,"Value":4176},{"Length":88,"Height":42,"Demand":0,"DemandMax":1,"Value":11088},{"Length":42,"Height":31,"Demand":0,"DemandMax":1,"Value":3906},{"Length":32,"Height":11,"Demand":0,"DemandMax":1,"Value":352},{"Length":10,"Height":94,"Demand":0,"DemandMax":1,"Value":940},{"Length":34,"Height":81,"Demand":0,"DemandMax":1,"Value":2754},{"Length":12,"Height":2,"Demand":0,"DemandMax":1,"Value":24},{"Length":99,"Height":34,"Demand":0,"DemandMax":1,"Value":10098},{"Length":37,"Height":38,"Demand":0,"DemandMax":1,"Value":1406},{"Length":84,"Height":3,"Demand":0,"DemandMax":1,"Value":252},{"Length":34,"Height":42,"Demand":0,"DemandMax":1,"Value":2856},{"Length":14,"Height":26,"Demand":0,"DemandMax":1,"Value":364},{"Length":47,"Height":95,"Demand":0,"DemandMax":1,"Value":13395},{"Length":79,"Height":21,"Demand":0,"DemandMax":1,"Value":1659},{"Length":4,"Height":15,"Demand":0,"DemandMax":1,"Value":180},{"Length":62,"Height":57,"Demand":0,"DemandMax":1,"Value":7068},{"Length":49,"Height":32,"Demand":0,"DemandMax":1,"Value":1568},{"Length":41,"Height":42,"Demand":0,"DemandMax":1,"Value":5166},{"Length":65,"Height":74,"Demand":0,"DemandMax":1,"Value":14430},{"Length":81,"Height":37,"Demand":0,"DemandMax":1,"Value":5994},{"Length":41,"Height":33,"Demand":0,"DemandMax":1,"Value":4059},{"Length":15,"Height":33,"Demand":0,"DemandMax":1,"Value":990},{"Length":14,"Height":91,"Demand":0,"DemandMax":1,"Value":1274},{"Length":25,"Height":15,"Demand":0,"DemandMax":1,"Value":1125},{"Length":24,"Height":44,"Demand":0,"DemandMax":1,"Value":2112},{"Length":10,"Height":48,"Demand":0,"DemandMax":1,"Value":1440},{"Length":36,"Height":40,"Demand":0,"DemandMax":1,"Value":2880},{"Length":46,"Height":10,"Demand":0,"DemandMax":1,"Value":460},{"Length":81,"Height":2,"Demand":0,"DemandMax":1,"Value":162},{"Length":83,"Height":48,"Demand":0,"DemandMax":1,"Value":7968},{"Length":98,"Height":13,"Demand":0,"DemandMax":1,"Value":3822},{"Length":23,"Height":25,"Demand":0,"DemandMax":1,"Value":575},{"Length":27,"Height":35,"Demand":0,"DemandMax":1,"Value":1890},{"Length":92,"Height":57,"Demand":0,"DemandMax":1,"Value":5244},{"Length":82,"Height":62,"Demand":0,"DemandMax":1,"Value":5084},{"Length":86,"Height":69,"Demand":0,"DemandMax":1,"Value":11868},{"Length":41,"Height":29,"Demand":0,"DemandMax":1,"Value":3567},{"Length":46,"Height":50,"Demand":0,"DemandMax":1,"Value":4600},{"Length":5,"Height":38,"Demand":0,"DemandMax":1,"Value":380},{"Length":27,"Height":33,"Demand":0,"DemandMax":1,"Value":2673},{"Length":46,"Height":81,"Demand":0,"DemandMax":1,"Value":3726},{"Length":50,"Height":48,"Demand":0,"DemandMax":1,"Value":4800},{"Length":82,"Height":5,"Demand":0,"DemandMax":1,"Value":410},{"Length":89,"Height":22,"Demand":0,"DemandMax":1,"Value":3916},{"Length":30,"Height":35,"Demand":0,"DemandMax":1,"Value":2100},{"Length":8,"Height":7,"Demand":0,"DemandMax":1,"Value":56},{"Length":38,"Height":14,"Demand":0,"DemandMax":1,"Value":1596},{"Length":26,"Height":93,"Demand":0,"DemandMax":1,"Value":7254},{"Length":80,"Height":9,"Demand":0,"DemandMax":1,"Value":1440},{"Length":94,"Height":63,"Demand":0,"DemandMax":1,"Value":5922},{"Length":35,"Height":34,"Demand":0,"DemandMax":1,"Value":2380},{"Length":84,"Height":36,"Demand":0,"DemandMax":1,"Value":9072},{"Length":33,"Height":4,"Demand":0,"DemandMax":1,"Value":264},{"Length":86,"Height":5,"Demand":0,"DemandMax":1,"Value":1290},{"Length":13,"Height":82,"Demand":0,"DemandMax":1,"Value":2132},{"Length":17,"Height":86,"Demand":0,"DemandMax":1,"Value":4386},{"Length":11,"Height":17,"Demand":0,"DemandMax":1,"Value":187},{"Length":94,"Height":8,"Demand":0,"DemandMax":1,"Value":1504},{"Length":8,"Height":33,"Demand":0,"DemandMax":1,"Value":792},{"Length":6,"Height":37,"Demand":0,"DemandMax":1,"Value":444},{"Length":48,"Height":80,"Demand":0,"DemandMax":1,"Value":7680},{"Length":42,"Height":12,"Demand":0,"DemandMax":1,"Value":1512},{"Length":42,"Height":33,"Demand":0,"DemandMax":1,"Value":1386},{"Length":15,"Height":82,"Demand":0,"DemandMax":1,"Value":3690},{"Length":41,"Height":41,"Demand":0,"DemandMax":1,"Value":3362},{"Length":63,"Height":55,"Demand":0,"DemandMax":1,"Value":3465},{"Length":24,"Height":39,"Demand":0,"DemandMax":2,"Value":2808},{"Length":29,"Height":35,"Demand":0,"DemandMax":1,"Value":1015},{"Length":64,"Height":97,"Demand":0,"DemandMax":1,"Value":6208},{"Length":47,"Height":38,"Demand":0,"DemandMax":1,"Value":5358},{"Length":69,"Height":100,"Demand":0,"DemandMax":1,"Value":20700},{"Length":48,"Height":48,"Demand":0,"DemandMax":1,"Value":2304},{"Length":36,"Height":43,"Demand":0,"DemandMax":1,"Value":1548},{"Length":95,"Height":10,"Demand":0,"DemandMax":1,"Value":2850},{"Length":11,"Height":34,"Demand":0,"DemandMax":1,"Value":1122},{"Length":17,"Height":87,"Demand":0,"DemandMax":1,"Value":2958},{"Length":2,"Height":42,"Demand":0,"DemandMax":2,"Value":168},{"Length":83,"Height":32,"Demand":0,"DemandMax":1,"Value":5312},{"Length":46,"Height":78,"Demand":0,"DemandMax":1,"Value":7176},{"Length":84,"Height":17,"Demand":0,"DemandMax":1,"Value":4284},{"Length":45,"Height":27,"Demand":0,"DemandMax":1,"Value":3645},{"Length":31,"Height":11,"Demand":0,"DemandMax":1,"Value":1023},{"Length":11,"Height":89,"Demand":0,"DemandMax":1,"Value":2937},{"Length":17,"Height":10,"Demand":0,"DemandMax":1,"Value":170},{"Length":33,"Height":13,"Demand":0,"DemandMax":1,"Value":1287},{"Length":8,"Height":10,"Demand":0,"DemandMax":1,"Value":80},{"Length":7,"Height":20,"Demand":0,"DemandMax":1,"Value":420},{"Length":47,"Height":82,"Demand":0,"DemandMax":1,"Value":11562},{"Length":44,"Height":14,"Demand":0,"DemandMax":1,"Value":1232},{"Length":2,"Height":93,"Demand":0,"DemandMax":1,"Value":558},{"Length":4,"Height":36,"Demand":0,"DemandMax":1,"Value":432},{"Length":11,"Height":6,"Demand":0,"DemandMax":1,"Value":132},{"Length":59,"Height":96,"Demand":0,"DemandMax":1,"Value":5664},{"Length":41,"Height":11,"Demand":0,"DemandMax":1,"Value":451},{"Length":21,"Height":9,"Demand":0,"DemandMax":1,"Value":567},{"Length":44,"Height":23,"Demand":0,"DemandMax":1,"Value":3036},{"Length":25,"Height":95,"Demand":0,"DemandMax":1,"Value":7125},{"Length":34,"Height":20,"Demand":0,"DemandMax":1,"Value":1360},{"Length":4,"Height":45,"Demand":0,"DemandMax":1,"Value":180},{"Length":10,"Height":32,"Demand":0,"DemandMax":1,"Value":640},{"Length":4,"Height":20,"Demand":0,"DemandMax":1,"Value":160},{"Length":52,"Height":76,"Demand":0,"DemandMax":1,"Value":3952},{"Length":42,"Height":14,"Demand":0,"DemandMax":1,"Value":1176},{"Length":42,"Height":29,"Demand":0,"DemandMax":1,"Value":1218},{"Length":89,"Height":5,"Demand":0,"DemandMax":1,"Value":890},{"Length":82,"Height":77,"Demand":0,"DemandMax":1,"Value":18942},{"Length":50,"Height":34,"Demand":0,"DemandMax":1,"Value":1700},{"Length":7,"Height":46,"Demand":0,"DemandMax":1,"Value":322},{"Length":5,"Height":23,"Demand":0,"DemandMax":1,"Value":230},{"Length":20,"Height":84,"Demand":0,"DemandMax":1,"Value":1680},{"Length":83,"Height":3,"Demand":0,"DemandMax":1,"Value":498},{"Length":40,"Height":48,"Demand":0,"DemandMax":1,"Value":5760},{"Length":14,"Height":44,"Demand":0,"DemandMax":1,"Value":616},{"Length":43,"Height":90,"Demand":0,"DemandMax":1,"Value":11610},{"Length":43,"Height":12,"Demand":0,"DemandMax":1,"Value":1548},{"Length":11,"Height":33,"Demand":0,"DemandMax":1,"Value":363},{"Length":91,"Height":6,"Demand":0,"DemandMax":1,"Value":1092},{"Length":32,"Height":40,"Demand":0,"DemandMax":1,"Value":2560},{"Length":62,"Height":92,"Demand":0,"DemandMax":1,"Value":11408},{"Length":17,"Height":4,"Demand":0,"DemandMax":1,"Value":136},{"Length":72,"Height":59,"Demand":0,"DemandMax":1,"Value":12744},{"Length":96,"Height":2,"Demand":0,"DemandMax":1,"Value":576},{"Length":12,"Height":14,"Demand":0,"DemandMax":1,"Value":168},{"Length":36,"Height":76,"Demand":0,"DemandMax":1,"Value":2736},{"Length":45,"Height":46,"Demand":0,"DemandMax":1,"Value":4140},{"Length":37,"Height":49,"Demand":0,"DemandMax":1,"Value":1813},{"Length":15,"Height":8,"Demand":0,"DemandMax":1,"Value":360},{"Length":78,"Height":76,"Demand":0,"DemandMax":1,"Value":17784},{"Length":47,"Height":97,"Demand":0,"DemandMax":1,"Value":9118},{"Length":42,"Height":77,"Demand":0,"DemandMax":1,"Value":6468},{"Length":14,"Height":76,"Demand":0,"DemandMax":1,"Value":1064},{"Length":92,"Height":84,"Demand":0,"DemandMax":1,"Value":15456},{"Length":25,"Height":4,"Demand":0,"DemandMax":1,"Value":100},{"Length":97,"Height":21,"Demand":0,"DemandMax":1,"Value":6111},{"Length":89,"Height":36,"Demand":0,"DemandMax":1,"Value":3204},{"Length":40,"Height":18,"Demand":0,"DemandMax":1,"Value":2160},{"Length":19,"Height":25,"Demand":0,"DemandMax":1,"Value":1425},{"Length":12,"Height":5,"Demand":0,"DemandMax":1,"Value":60},{"Length":32,"Height":89,"Demand":0,"DemandMax":1,"Value":2848},{"Length":13,"Height":43,"Demand":0,"DemandMax":1,"Value":1118},{"Length":25,"Height":88,"Demand":0,"DemandMax":1,"Value":6600},{"Length":47,"Height":48,"Demand":0,"DemandMax":1,"Value":2256},{"Length":13,"Height":29,"Demand":0,"DemandMax":1,"Value":377},{"Length":38,"Height":96,"Demand":0,"DemandMax":1,"Value":7296},{"Length":25,"Height":39,"Demand":0,"DemandMax":1,"Value":1950},{"Length":58,"Height":95,"Demand":0,"DemandMax":1,"Value":11020},{"Length":10,"Height":47,"Demand":0,"DemandMax":1,"Value":940},{"Length":47,"Height":2,"Demand":0,"DemandMax":1,"Value":188},{"Length":24,"Height":32,"Demand":0,"DemandMax":1,"Value":2304},{"Length":90,"Height":11,"Demand":0,"DemandMax":1,"Value":2970},{"Length":77,"Height":22,"Demand":0,"DemandMax":1,"Value":3388},{"Length":28,"Height":40,"Demand":0,"DemandMax":1,"Value":3360},{"Length":50,"Height":8,"Demand":0,"DemandMax":1,"Value":400},{"Length":100,"Height":66,"Demand":0,"DemandMax":1,"Value":6600},{"Length":14,"Height":16,"Demand":0,"DemandMax":1,"Value":448},{"Length":41,"Height":18,"Demand":0,"DemandMax":1,"Value":1476},{"Length":19,"Height":8,"Demand":0,"DemandMax":1,"Value":456},{"Length":3,"Height":99,"Demand":0,"DemandMax":1,"Value":891},{"Length":33,"Height":2,"Demand":0,"DemandMax":1,"Value":198},{"Length":45,"Height":34,"Demand":0,"DemandMax":1,"Value":4590},{"Length":85,"Height":67,"Demand":0,"DemandMax":1,"Value":5695},{"Length":49,"Height":91,"Demand":0,"DemandMax":1,"Value":8918},{"Length":96,"Height":25,"Demand":0,"DemandMax":1,"Value":4800},{"Length":23,"Height":27,"Demand":0,"DemandMax":1,"Value":621},{"Length":31,"Height":41,"Demand":0,"DemandMax":1,"Value":2542},{"Length":38,"Height":19,"Demand":0,"DemandMax":1,"Value":2166},{"Length":8,"Height":19,"Demand":0,"DemandMax":1,"Value":304},{"Length":66,"Height":60,"Demand":0,"DemandMax":1,"Value":3960},{"Length":87,"Height":25,"Demand":0,"DemandMax":1,"Value":2175},{"Length":7,"Height":32,"Demand":0,"DemandMax":1,"Value":448},{"Length":32,"Height":6,"Demand":0,"DemandMax":1,"Value":192},{"Length":87,"Height":16,"Demand":0,"DemandMax":1,"Value":2784},{"Length":90,"Height":17,"Demand":0,"DemandMax":1,"Value":1530},{"Length":100,"Height":26,"Demand":0,"DemandMax":1,"Value":5200},{"Length":27,"Height":4,"Demand":0,"DemandMax":1,"Value":324},{"Length":52,"Height":76,"Demand":0,"DemandMax":1,"Value":7904},{"Length":24,"Height":26,"Demand":0,"DemandMax":1,"Value":624},{"Length":35,"Height":31,"Demand":0,"DemandMax":1,"Value":1085},{"Length":34,"Height":90,"Demand":0,"DemandMax":1,"Value":6120},{"Length":48,"Height":32,"Demand":0,"DemandMax":1,"Value":1536},{"Length":37,"Height":36,"Demand":0,"DemandMax":1,"Value":2664},{"Length":7,"Height":35,"Demand":0,"DemandMax":1,"Value":490},{"Length":27,"Height":38,"Demand":0,"DemandMax":1,"Value":1026},{"Length":16,"Height":6,"Demand":0,"DemandMax":1,"Value":192},{"Length":80,"Height":30,"Demand":0,"DemandMax":1,"Value":2400},{"Length":15,"Height":25,"Demand":0,"DemandMax":1,"Value":1125},{"Length":80,"Height":46,"Demand":0,"DemandMax":1,"Value":3680},{"Length":17,"Height":21,"Demand":0,"DemandMax":1,"Value":714},{"Length":20,"Height":40,"Demand":0,"DemandMax":1,"Value":800},{"Length":5,"Height":19,"Demand":0,"DemandMax":1,"Value":285},{"Length":77,"Height":20,"Demand":0,"DemandMax":1,"Value":1540},{"Length":2,"Height":33,"Demand":0,"DemandMax":1,"Value":66},{"Length":34,"Height":27,"Demand":0,"DemandMax":1,"Value":2754},{"Length":22,"Height":46,"Demand":0,"DemandMax":1,"Value":1012},{"Length":75,"Height":51,"Demand":0,"DemandMax":1,"Value":11475},{"Length":30,"Height":95,"Demand":0,"DemandMax":1,"Value":2850},{"Length":27,"Height":46,"Demand":0,"DemandMax":1,"Value":3726},{"Length":33,"Height":22,"Demand":0,"DemandMax":1,"Value":1452},{"Length":25,"Height":39,"Demand":0,"DemandMax":1,"Value":975},{"Length":20,"Height":31,"Demand":0,"DemandMax":1,"Value":620},{"Length":37,"Height":27,"Demand":0,"DemandMax":1,"Value":2997},{"Length":21,"Height":84,"Demand":0,"DemandMax":1,"Value":5292},{"Length":94,"Height":45,"Demand":0,"DemandMax":1,"Value":8460},{"Length":2,"Height":40,"Demand":0,"DemandMax":1,"Value":80},{"Length":91,"Height":49,"Demand":0,"DemandMax":1,"Value":4459},{"Length":12,"Height":15,"Demand":0,"DemandMax":1,"Value":360},{"Length":6,"Height":47,"Demand":0,"DemandMax":1,"Value":846},{"Length":26,"Height":84,"Demand":0,"DemandMax":1,"Value":4368},{"Length":75,"Height":54,"Demand":0,"DemandMax":1,"Value":4050},{"Length":18,"Height":35,"Demand":0,"DemandMax":1,"Value":1260},{"Length":14,"Height":8,"Demand":0,"DemandMax":1,"Value":336},{"Length":11,"Height":46,"Demand":0,"DemandMax":1,"Value":506},{"Length":24,"Height":2,"Demand":0,"DemandMax":1,"Value":144},{"Length":77,"Height":54,"Demand":0,"DemandMax":1,"Value":12474},{"Length":8,"Height":15,"Demand":0,"DemandMax":1,"Value":120},{"Length":77,"Height":77,"Demand":0,"DemandMax":1,"Value":17787},{"Length":47,"Height":50,"Demand":0,"DemandMax":1,"Value":4700},{"Length":36,"Height":22,"Demand":0,"DemandMax":1,"Value":2376},{"Length":36,"Height":19,"Demand":0,"DemandMax":1,"Value":2052},{"Length":7,"Height":31,"Demand":0,"DemandMax":1,"Value":651},{"Length":80,"Height":39,"Demand":0,"DemandMax":1,"Value":6240}]}