{"Name":"ngcutfs3_57","Objects":[{"Length":100,"Height":100,"Stock":null,"Cost":10000}],"Items":[{"Length":41,"Height":20,"Demand":0,"DemandMax":4,"Value":1640},{"Length":47,"Height":4,"Demand":0,"DemandMax":4,"Value":376},{"Length":85,"Height":35,"Demand":0,"DemandMax":4,"Value":5950},{"Length":37,"Height":25,"Demand":0,"DemandMax":4,"Value":1850},{"Length":22,"Height":26,"Demand":0,"DemandMax":4,"Value":1716},{"Length":99,"Height":2,"Demand":0,"DemandMax":4,"Value":396},{"Length":16,"Height":21,"Demand":0,"DemandMax":4,"Value":336},{"Length":24,"Height":25,"Demand":0,"DemandMax":4,"Value":1800},{"Length":34,"Height":42,"Demand":0,"DemandMax":4,"Value":2856},{"Length":85,"Height":27,"Demand":0,"DemandMax":4,"Value":2295},{"Length":79,"Height":22,"Demand":0,"DemandMax":4,"Value":3476},{"Length":10,"Height":40,"Demand":0,"DemandMax":4,"Value":800},{"Length":29,"Height":23,"Demand":0,"DemandMax":4,"Value":667},{"Length":17,"Height":37,"Demand":0,"DemandMax":4,"Value":1887},{"Length":31,"Height":43,"Demand":0,"DemandMax":4,"Value":1333},{"Length":35,"Height":23,"Demand":0,"DemandMax":4,"Value":1610},{"Length":33,"Height":43,"Demand":0,"DemandMax":4,"Value":4257},{"Length":5,"Height":30,"Demand":0,"DemandMax":4,"Value":150},{"Length":64,"Height":89,"Demand":0,"DemandMax":4,"Value":11392},{"Length":7,"Height":26,"Demand":0,"DemandMax":4,"Value":182},{"Length":49,"Height":24,"Demand":0,"DemandMax":4,"Value":2352},{"Length":18,"Height":25,"Demand":0,"DemandMax":4,"Value":900},{"Length":81,"Height":44,"Demand":0,"DemandMax":4,"Value":10692},{"Length":82,"Height":32,"Demand":0,"DemandMax":4,"Value":2624},{"Length":52,"Height":51,"Demand":0,"DemandMax":4,"Value":2652},{"Length":97,"Height":19,"Demand":0,"DemandMax":4,"Value":3686},{"Length":17,"Height":49,"Demand":0,"DemandMax":4,"Value":833},{"Length":27,"Height":2,"Demand":0,"DemandMax":4,"Value":54},{"Length":13,"Height":4,"Demand":0,"DemandMax":4,"Value":52},{"Length":39,"Height":100,"Demand":0,"DemandMax":4,"Value":7800},{"Length":19,"Height":48,"Demand":0,"DemandMax":4,"Value":2736},{"Length":26,"Height":34,"Demand":0,"DemandMax":4,"Value":884},{"Length":41,"Height":12,"Demand":0,"DemandMax":4,"Value":984},{"Length":16,"Height":28,"Demand":0,"DemandMax":4,"Value":1344},{"Length":21,"Height":39,"Demand":0,"DemandMax":4,"Value":819},{"Length":79,"Height":7,"Demand":0,"DemandMax":4,"Value":1659},{"Length":32,"Height":10,"Demand":0,"DemandMax":4,"Value":960},{"Length":62,"Height":78,"Demand":0,"DemandMax":4,"Value":14508},{"Length":21,"Height":29,"Demand":0,"DemandMax":4,"Value":1218},{"Length":37,"Height":2,"Demand":0,"DemandMax":4,"Value":222},{"Length":16,"Height":26,"Demand":0,"DemandMax":4,"Value":832},{"Length":39,"Height":34,"Demand":0,"DemandMax":4,"Value":2652},{"Length":95,"Height":19,"Demand":0,"DemandMax":4,"Value":5415},{"Length":3,"Height":45,"Demand":0,"DemandMax":4,"Value":135},{"Length":40,"Height":2,"Demand":0,"DemandMax":4,"Value":80},{"Length":8,"Height":44,"Demand":0,"DemandMax":4,"Value":352},{"Length":47,"Height":18,"Demand":0,"DemandMax":4,"Value":846},{"Length":48,"Height":9,"Demand":0,"DemandMax":4,"Value":432},{"Length":14,"Height":20,"Demand":0,"DemandMax":4,"Value":280},{"Length":80,"Height":28,"Demand":0,"DemandMax":4,"Value":4480}]}