{"Name":"ngcutfs1_186","Objects":[{"Length":100,"Height":100,"Stock":null,"Cost":10000}],"Items":[{"Length":24,"Height":44,"Demand":0,"DemandMax":1,"Value":1056},{"Length":80,"Height":16,"Demand":0,"DemandMax":1,"Value":3840},{"Length":85,"Height":75,"Demand":0,"DemandMax":1,"Value":12750},{"Length":16,"Height":76,"Demand":0,"DemandMax":1,"Value":2432},{"Length":15,"Height":34,"Demand":0,"DemandMax":1,"Value":510},{"Length":36,"Height":41,"Demand":0,"DemandMax":1,"Value":2952},{"Length":81,"Height":6,"Demand":0,"DemandMax":1,"Value":1458},{"Length":98,"Height":7,"Demand":0,"DemandMax":1,"Value":1372},{"Length":67,"Height":72,"Demand":0,"DemandMax":1,"Value":9648},{"Length":19,"Height":96,"Demand":0,"DemandMax":1,"Value":3648},{"Length":46,"Height":91,"Demand":0,"DemandMax":1,"Value":12558},{"Length":37,"Height":42,"Demand":0,"DemandMax":1,"Value":4662},{"Length":9,"Height":19,"Demand":0,"DemandMax":1,"Value":513},{"Length":16,"Height":48,"Demand":0,"DemandMax":1,"Value":768},{"Length":43,"Height":19,"Demand":0,"DemandMax":1,"Value":1634},{"Length":2,"Height":12,"Demand":0,"DemandMax":1,"Value":48},{"Length":76,"Height":15,"Demand":0,"DemandMax":1,"Value":3420},{"Length":92,"Height":50,"Demand":0,"DemandMax":1,"Value":13800},{"Length":47,"Height":22,"Demand":0,"DemandMax":1,"Value":2068},{"Length":75,"Height":99,"Demand":0,"DemandMax":1,"Value":22275},{"Length":32,"Height":28,"Demand":0,"DemandMax":1,"Value":1792},{"Length":55,"Height":53,"Demand":0,"DemandMax":1,"Value":5830},{"Length":46,"Height":82,"Demand":0,"DemandMax":1,"Value":7544},{"Length":77,"Height":4,"Demand":0,"DemandMax":1,"Value":616},{"Length":40,"Height":14,"Demand":0,"DemandMax":1,"Value":1120},{"Length":95,"Height":38,"Demand":0,"DemandMax":1,"Value":3610},{"Length":37,"Height":50,"Demand":0,"DemandMax":1,"Value":3700},{"Length":16,"Height":39,"Demand":0,"DemandMax":1,"Value":1248},{"Length":43,"Height":17,"Demand":0,"DemandMax":1,"Value":1462},{"Length":76,"Height":32,"Demand":0,"DemandMax":1,"Value":4864},{"Length":29,"Height":35,"Demand":0,"DemandMax":1,"Value":2030},{"Length":3,"Height":9,"Demand":0,"DemandMax":1,"Value":54},{"Length":100,"Height":43,"Demand":0,"DemandMax":1,"Value":4300},{"Length":97,"Height":21,"Demand":0,"DemandMax":2,"Value":4074},{"Length":22,"Height":18,"Demand":0,"DemandMax":1,"Value":396},{"Length":32,"Height":80,"Demand":0,"DemandMax":2,"Value":5120},{"Length":5,"Height":78,"Demand":0,"DemandMax":1,"Value":780},{"Length":20,"Height":89,"Demand":0,"DemandMax":1,"Value":3560},{"Length":96,"Height":28,"Demand":0,"DemandMax":1,"Value":5376},{"Length":8,"Height":2,"Demand":0,"DemandMax":1,"Value":48},{"Length":78,"Height":63,"Demand":0,"DemandMax":1,"Value":4914},{"Length":59,"Height":92,"Demand":0,"DemandMax":1,"Value":16284},{"Length":97,"Height":11,"Demand":0,"DemandMax":1,"Value":1067},{"Length":40,"Height":10,"Demand":0,"DemandMax":1,"Value":1200},{"Length":79,"Height":8,"Demand":0,"DemandMax":1,"Value":632},{"Length":87,"Height":3,"Demand":0,"DemandMax":1,"Value":783},{"Length":28,"Height":2,"Demand":0,"DemandMax":1,"Value":168},{"Length":19,"Height":98,"Demand":0,"DemandMax":1,"Value":3724},{"Length":6,"Height":98,"Demand":0,"DemandMax":1,"Value":588},{"Length":15,"Height":87,"Demand":0,"DemandMax":1,"Value":2610},{"Length":31,"Height":45,"Demand":0,"DemandMax":1,"Value":1395},{"Length":28,"Height":79,"Demand":0,"DemandMax":1,"Value":2212},{"Length":100,"Height":50,"Demand":0,"DemandMax":2,"Value":10000},{"Length":52,"Height":61,"Demand":0,"DemandMax":1,"Value":3172},{"Length":13,"Height":21,"Demand":0,"DemandMax":1,"Value":273},{"Length":23,"Height":84,"Demand":0,"DemandMax":1,"Value":3864},{"Length":16,"Height":95,"Demand":0,"DemandMax":2,"Value":3040},{"Length":33,"Height":50,"Demand":0,"DemandMax":1,"Value":4950},{"Length":8,"Height":12,"Demand":0,"DemandMax":1,"Value":96},{"Length":78,"Height":17,"Demand":0,"DemandMax":1,"Value":3978},{"Length":27,"Height":39,"Demand":0,"DemandMax":1,"Value":3159},{"Length":40,"Height":35,"Demand":0,"DemandMax":1,"Value":2800},{"Length":2,"Height":12,"Demand":0,"DemandMax":1,"Value":72},{"Length":38,"Height":86,"Demand":0,"DemandMax":1,"Value":9804},{"Length":8,"Height":6,"Demand":0,"DemandMax":1,"Value":48},{"Length":26,"Height":13,"Demand":0,"DemandMax":1,"Value":676},{"Length":85,"Height":47,"Demand":0,"DemandMax":1,"Value":3995},{"Length":99,"Height":5,"Demand":0,"DemandMax":1,"Value":495},{"Length":40,"Height":10,"Demand":0,"DemandMax":1,"Value":400},{"Length":48,"Height":37,"Demand":0,"DemandMax":1,"Value":1776},{"Length":5,"Height":28,"Demand":0,"DemandMax":1,"Value":420},{"Length":21,"Height":85,"Demand":0,"DemandMax":1,"Value":1785},{"Length":58,"Height":53,"Demand":0,"DemandMax":1,"Value":3074},{"Length":82,"Height":7,"Demand":0,"DemandMax":1,"Value":1148},{"Length":23,"Height":21,"Demand":0,"DemandMax":1,"Value":483},{"Length":27,"Height":99,"Demand":0,"DemandMax":1,"Value":2673},{"Length":50,"Height":6,"Demand":0,"DemandMax":1,"Value":300},{"Length":24,"Height":3,"Demand":0,"DemandMax":1,"Value":144},{"Length":16,"Height":11,"Demand":0,"DemandMax":1,"Value":528},{"Length":99,"Height":2,"Demand":0,"DemandMax":2,"Value":594},{"Length":43,"Height":3,"Demand":0,"DemandMax":1,"Value":129},{"Length":20,"Height":36,"Demand":0,"DemandMax":1,"Value":2160},{"Length":8,"Height":42,"Demand":0,"DemandMax":1,"Value":1008},{"Length":28,"Height":85,"Demand":0,"DemandMax":1,"Value":2380},{"Length":6,"Height":12,"Demand":0,"DemandMax":1,"Value":72},{"Length":13,"Height":96,"Demand":0,"DemandMax":1,"Value":2496},{"Length":19,"Height":82,"Demand":0,"DemandMax":1,"Value":3116},{"Length":97,"Height":20,"Demand":0,"DemandMax":1,"Value":5820},{"Length":61,"Height":75,"Demand":0,"DemandMax":1,"Value":9150},{"Length":79,"Height":68,"Demand":0,"DemandMax":3,"Value":5372},{"Length":72,"Height":75,"Demand":0,"DemandMax":1,"Value":5400},{"Length":88,"Height":30,"Demand":0,"DemandMax":1,"Value":5280},{"Length":25,"Height":29,"Demand":0,"DemandMax":2,"Value":2175},{"Length":7,"Height":17,"Demand":0,"DemandMax":2,"Value":357},{"Length":32,"Height":80,"Demand":0,"DemandMax":1,"Value":7680},{"Length":98,"Height":98,"Demand":0,"DemandMax":1,"Value":19208},{"Length":69,"Height":82,"Demand":0,"DemandMax":1,"Value":5658},{"Length":52,"Height":66,"Demand":0,"DemandMax":1,"Value":6864},{"Length":97,"Height":26,"Demand":0,"DemandMax":1,"Value":7566},{"Length":22,"Height":33,"Demand":0,"DemandMax":1,"Value":726},{"Length":52,"Height":96,"Demand":0,"DemandMax":2,"Value":14976},{"Length":29,"Height":31,"Demand":0,"DemandMax":1,"Value":2697},{"Length":17,"Height":48,"Demand":0,"DemandMax":1,"Value":816},{"Length":20,"Height":7,"Demand":0,"DemandMax":1,"Value":280},{"Length":4,"Height":80,"Demand":0,"DemandMax":1,"Value":640},{"Length":47,"Height":85,"Demand":0,"DemandMax":1,"Value":3995},{"Length":23,"Height":33,"Demand":0,"DemandMax":1,"Value":2277},{"Length":41,"Height":93,"Demand":0,"DemandMax":1,"Value":7626},{"Length":35,"Height":49,"Demand":0,"DemandMax":1,"Value":1715},{"Length":4,"Height":12,"Demand":0,"DemandMax":1,"Value":96},{"Length":11,"Height":86,"Demand":0,"DemandMax":1,"Value":2838},{"Length":33,"Height":41,"Demand":0,"DemandMax":2,"Value":1353},{"Length":67,"Height":52,"Demand":0,"DemandMax":1,"Value":3484},{"Length":37,"Height":45,"Demand":0,"DemandMax":1,"Value":3330},{"Length":78,"Height":10,"Demand":0,"DemandMax":1,"Value":780},{"Length":18,"Height":24,"Demand":0,"DemandMax":1,"Value":1296},{"Length":36,"Height":3,"Demand":0,"DemandMax":1,"Value":108},{"Length":29,"Height":100,"Demand":0,"DemandMax":1,"Value":5800},{"Length":17,"Height":85,"Demand":0,"DemandMax":1,"Value":4335},{"Length":6,"Height":32,"Demand":0,"DemandMax":1,"Value":192},{"Length":19,"Height":45,"Demand":0,"DemandMax":1,"Value":855},{"Length":72,"Height":98,"Demand":0,"DemandMax":1,"Value":21168},{"Length":7,"Height":42,"Demand":0,"DemandMax":1,"Value":294},{"Length":91,"Height":30,"Demand":0,"DemandMax":1,"Value":2730},{"Length":18,"Height":41,"Demand":0,"DemandMax":1,"Value":1476},{"Length":50,"Height":90,"Demand":0,"DemandMax":1,"Value":13500},{"Length":42,"Height":50,"Demand":0,"DemandMax":1,"Value":6300},{"Length":35,"Height":89,"Demand":0,"DemandMax":1,"Value":6230},{"Length":46,"Height":76,"Demand":0,"DemandMax":1,"Value":3496},{"Length":33,"Height":91,"Demand":0,"DemandMax":1,"Value":3003},{"Length":6,"Height":47,"Demand":0,"DemandMax":2,"Value":282},{"Length":47,"Height":2,"Demand":0,"DemandMax":1,"Value":282},{"Length":23,"Height":37,"Demand":0,"DemandMax":1,"Value":2553},{"Length":96,"Height":20,"Demand":0,"DemandMax":1,"Value":1920},{"Length":83,"Height":46,"Demand":0,"DemandMax":1,"Value":11454},{"Length":86,"Height":59,"Demand":0,"DemandMax":1,"Value":5074},{"Length":7,"Height":45,"Demand":0,"DemandMax":1,"Value":315},{"Length":27,"Height":5,"Demand":0,"DemandMax":2,"Value":405},{"Length":35,"Height":42,"Demand":0,"DemandMax":1,"Value":2940},{"Length":56,"Height":81,"Demand":0,"DemandMax":1,"Value":9072},{"Length":80,"Height":11,"Demand":0,"DemandMax":1,"Value":880},{"Length":34,"Height":24,"Demand":0,"DemandMax":1,"Value":816},{"Length":41,"Height":97,"Demand":0,"DemandMax":1,"Value":3977},{"Length":33,"Height":89,"Demand":0,"DemandMax":1,"Value":2937},{"Length":89,"Height":45,"Demand":0,"DemandMax":1,"Value":8010},{"Length":10,"Height":20,"Demand":0,"DemandMax":1,"Value":600},{"Length":3,"Height":22,"Demand":0,"DemandMax":1,"Value":198},{"Length":77,"Height":15,"Demand":0,"DemandMax":1,"Value":1155},{"Length":4,"Height":27,"Demand":0,"DemandMax":1,"Value":216},{"Length":84,"Height":59,"Demand":0,"DemandMax":1,"Value":4956},{"Length":10,"Height":46,"Demand":0,"DemandMax":1,"Value":920},{"Length":53,"Height":53,"Demand":0,"DemandMax":1,"Value":5618},{"Length":18,"Height":34,"Demand":0,"DemandMax":1,"Value":612},{"Length":56,"Height":58,"Demand":0,"DemandMax":1,"Value":9744},{"Length":34,"Height":24,"Demand":0,"DemandMax":1,"Value":1632},{"Length":17,"Height":37,"Demand":0,"DemandMax":1,"Value":1258},{"Length":80,"Height":42,"Demand":0,"DemandMax":1,"Value":6720},{"Length":26,"Height":43,"Demand":0,"DemandMax":1,"Value":1118},{"Length":34,"Height":87,"Demand":0,"DemandMax":1,"Value":8874},{"Length":79,"Height":77,"Demand":0,"DemandMax":1,"Value":18249},{"Length":49,"Height":27,"Demand":0,"DemandMax":1,"Value":2646},{"Length":46,"Height":36,"Demand":0,"DemandMax":1,"Value":1656},{"Length":40,"Height":6,"Demand":0,"DemandMax":1,"Value":720},{"Length":91,"Height":90,"Demand":0,"DemandMax":1,"Value":8190},{"Length":91,"Height":19,"Demand":0,"DemandMax":1,"Value":1729},{"Length":38,"Height":18,"Demand":0,"DemandMax":1,"Value":2052},{"Length":22,"Height":13,"Demand":0,"DemandMax":1,"Value":858},{"Length":96,"Height":49,"Demand":0,"DemandMax":1,"Value":9408},{"Length":5,"Height":41,"Demand":0,"DemandMax":2,"Value":410},{"Length":71,"Height":100,"Demand":0,"DemandMax":1,"Value":7100},{"Length":6,"Height":82,"Demand":0,"DemandMax":1,"Value":1476},{"Length":17,"Height":33,"Demand":0,"DemandMax":2,"Value":1122},{"Length":47,"Height":39,"Demand":0,"DemandMax":1,"Value":3666},{"Length":91,"Height":73,"Demand":0,"DemandMax":1,"Value":13286},{"Length":47,"Height":23,"Demand":0,"DemandMax":1,"Value":1081},{"Length":16,"Height":81,"Demand":0,"DemandMax":1,"Value":3888},{"Length":16,"Height":25,"Demand":0,"DemandMax":1,"Value":800},{"Length":84,"Height":25,"Demand":0,"DemandMax":1,"Value":4200},{"Length":43,"Height":42,"Demand":0,"DemandMax":1,"Value":3612},{"Length":61,"Height":74,"Demand":0,"DemandMax":1,"Value":9028},{"Length":26,"Height":5,"Demand":0,"DemandMax":1,"Value":390},{"Length":44,"Height":2,"Demand":0,"DemandMax":1,"Value":264},{"Length":40,"Height":81,"Demand":0,"DemandMax":1,"Value":6480},{"Length":87,"Height":44,"Demand":0,"DemandMax":1,"Value":11484},{"Length":30,"Height":37,"Demand":0,"DemandMax":1,"Value":2220},{"Length":37,"Height":23,"Demand":0,"DemandMax":1,"Value":1702},{"Length":76,"Height":12,"Demand":0,"DemandMax":1,"Value":912},{"Length":6,"Height":6,"Demand":0,"DemandMax":1,"Value":36},{"Length":87,"Height":67,"Demand":0,"DemandMax":1,"Value":11658},{"Length":34,"Height":91,"Demand":0,"DemandMax":1,"Value":3094},{"Length":5,"Height":81,"Demand":0,"DemandMax":1,"Value":810},{"Length":44,"Height":16,"Demand":0,"DemandMax":1,"Value":2112},{"Length":41,"Height":32,"Demand":0,"DemandMax":1,"Value":2624},{"Length":63,"Height":95,"Demand":0,"DemandMax":1,"Value":17955},{"Length":87,"Height":43,"Demand":0,"DemandMax":1,"Value":3741},{"Length":5,"Height":32,"Demand":0,"DemandMax":1,"Value":160},{"Length":60,"Height":72,"Demand":0,"DemandMax":1,"Value":4320},{"Length":77,"Height":8,"Demand":0,"DemandMax":1,"Value":1232},{"Length":72,"Height":97,"Demand":0,"DemandMax":1,"Value":6984},{"Length":26,"Height":80,"Demand":0,"DemandMax":1,"Value":4160},{"Length":82,"Height":95,"Demand":0,"DemandMax":1,"Value":7790},{"Length":11,"Height":89,"Demand":0,"DemandMax":1,"Value":979},{"Length":88,"Height":41,"Demand":0,"DemandMax":1,"Value":7216},{"Length":78,"Height":55,"Demand":0,"DemandMax":1,"Value":8580},{"Length":22,"Height":31,"Demand":0,"DemandMax":1,"Value":1364},{"Length":16,"Height":50,"Demand":0,"DemandMax":1,"Value":1600},{"Length":11,"Height":39,"Demand":0,"DemandMax":1,"Value":858},{"Length":49,"Height":44,"Demand":0,"DemandMax":1,"Value":6468},{"Length":4,"Height":41,"Demand":0,"DemandMax":1,"Value":164},{"Length":78,"Height":13,"Demand":0,"DemandMax":1,"Value":3042},{"Length":55,"Height":99,"Demand":0,"DemandMax":1,"Value":16335},{"Length":21,"Height":89,"Demand":0,"DemandMax":1,"Value":5607},{"Length":92,"Height":8,"Demand":0,"DemandMax":1,"Value":2208},{"Length":44,"Height":44,"Demand":0,"DemandMax":1,"Value":5808},{"Length":35,"Height":5,"Demand":0,"DemandMax":1,"Value":350},{"Length":62,"Height":76,"Demand":0,"DemandMax":1,"Value":4712},{"Length":85,"Height":10,"Demand":0,"DemandMax":1,"Value":1700},{"Length":100,"Height":25,"Demand":0,"DemandMax":1,"Value":7500},{"Length":31,"Height":38,"Demand":0,"DemandMax":1,"Value":2356},{"Length":37,"Height":25,"Demand":0,"DemandMax":1,"Value":1850},{"Length":37,"Height":39,"Demand":0,"DemandMax":1,"Value":2886},{"Length":13,"Height":18,"Demand":0,"DemandMax":1,"Value":702},{"Length":97,"Height":23,"Demand":0,"DemandMax":1,"Value":2231},{"Length":95,"Height":54,"Demand":0,"DemandMax":1,"Value":10260},{"Length":27,"Height":24,"Demand":0,"DemandMax":1,"Value":1296},{"Length":24,"Height":94,"Demand":0,"DemandMax":1,"Value":2256},{"Length":6,"Height":21,"Demand":0,"DemandMax":1,"Value":378},{"Length":66,"Height":66,"Demand":0,"DemandMax":1,"Value":13068},{"Length":3,"Height":9,"Demand":0,"DemandMax":1,"Value":81},{"Length":17,"Height":44,"Demand":0,"DemandMax":1,"Value":2244},{"Length":16,"Height":42,"Demand":0,"DemandMax":1,"Value":2016},{"Length":4,"Height":84,"Demand":0,"DemandMax":1,"Value":336},{"Length":71,"Height":59,"Demand":0,"DemandMax":1,"Value":12567},{"Length":36,"Height":14,"Demand":0,"DemandMax":1,"Value":1008},{"Length":56,"Height":73,"Demand":0,"DemandMax":1,"Value":8176},{"Length":9,"Height":12,"Demand":0,"DemandMax":1,"Value":108},{"Length":37,"Height":26,"Demand":0,"DemandMax":1,"Value":1924},{"Length":96,"Height":50,"Demand":0,"DemandMax":1,"Value":14400},{"Length":34,"Height":80,"Demand":0,"DemandMax":1,"Value":5440},{"Length":100,"Height":8,"Demand":0,"DemandMax":1,"Value":2400},{"Length":3,"Height":22,"Demand":0,"DemandMax":1,"Value":132},{"Length":84,"Height":68,"Demand":0,"DemandMax":1,"Value":11424},{"Length":39,"Height":81,"Demand":0,"DemandMax":1,"Value":6318},{"Length":79,"Height":33,"Demand":0,"DemandMax":2,"Value":2607},{"Length":83,"Height":4,"Demand":0,"DemandMax":1,"Value":332},{"Length":6,"Height":48,"Demand":0,"DemandMax":1,"Value":864},{"Length":49,"Height":42,"Demand":0,"DemandMax":1,"Value":4116},{"Length":32,"Height":40,"Demand":0,"DemandMax":1,"Value":1280},{"Length":91,"Height":42,"Demand":0,"DemandMax":1,"Value":3822},{"Length":21,"Height":94,"Demand":0,"DemandMax":1,"Value":5922},{"Length":14,"Height":38,"Demand":0,"DemandMax":1,"Value":532},{"Length":26,"Height":19,"Demand":0,"DemandMax":1,"Value":494},{"Length":32,"Height":86,"Demand":0,"DemandMax":1,"Value":2752},{"Length":45,"Height":80,"Demand":0,"DemandMax":1,"Value":3600},{"Length":44,"Height":76,"Demand":0,"DemandMax":1,"Value":3344},{"Length":20,"Height":92,"Demand":0,"DemandMax":1,"Value":1840},{"Length":14,"Height":17,"Demand":0,"DemandMax":1,"Value":476},{"Length":26,"Height":79,"Demand":0,"DemandMax":1,"Value":4108},{"Length":29,"Height":97,"Demand":0,"DemandMax":1,"Value":8439},{"Length":92,"Height":30,"Demand":0,"DemandMax":1,"Value":8280},{"Length":43,"Height":49,"Demand":0,"DemandMax":1,"Value":4214},{"Length":76,"Height":45,"Demand":0,"DemandMax":1,"Value":3420},{"Length":99,"Height":48,"Demand":0,"DemandMax":1,"Value":4752},{"Length":15,"Height":48,"Demand":0,"DemandMax":1,"Value":1440},{"Length":73,"Height":68,"Demand":0,"DemandMax":1,"Value":14892},{"Length":23,"Height":47,"Demand":0,"DemandMax":1,"Value":1081},{"Length":17,"Height":11,"Demand":0,"DemandMax":1,"Value":561},{"Length":94,"Height":7,"Demand":0,"DemandMax":1,"Value":1974},{"Length":96,"Height":8,"Demand":0,"DemandMax":1,"Value":2304},{"Length":19,"Height":94,"Demand":0,"DemandMax":1,"Value":5358},{"Length":10,"Height":78,"Demand":0,"DemandMax":1,"Value":2340},{"Length":63,"Height":62,"Demand":0,"DemandMax":1,"Value":11718},{"Length":28,"Height":76,"Demand":0,"DemandMax":1,"Value":4256},{"Length":89,"Height":37,"Demand":0,"DemandMax":1,"Value":9879},{"Length":13,"Height":46,"Demand":0,"DemandMax":1,"Value":1794},{"Length":7,"Height":17,"Demand":0,"DemandMax":1,"Value":119},{"Length":22,"Height":50,"Demand":0,"DemandMax":1,"Value":3300},{"Length":26,"Height":81,"Demand":0,"DemandMax":1,"Value":4212},{"Length":29,"Height":37,"Demand":0,"DemandMax":1,"Value":2146},{"Length":27,"Height":33,"Demand":0,"DemandMax":1,"Value":1782},{"Length":8,"Height":3,"Demand":0,"DemandMax":1,"Value":48},{"Length":19,"Height":39,"Demand":0,"DemandMax":1,"Value":2223},{"Length":43,"Height":88,"Demand":0,"DemandMax":1,"Value":7568},{"Length":63,"Height":68,"Demand":0,"DemandMax":1,"Value":8568},{"Length":94,"Height":45,"Demand":0,"DemandMax":1,"Value":12690},{"Length":42,"Height":24,"Demand":0,"DemandMax":1,"Value":2016},{"Length":90,"Height":17,"Demand":0,"DemandMax":1,"Value":4590},{"Length":97,"Height":6,"Demand":0,"DemandMax":1,"Value":582},{"Length":2,"Height":6,"Demand":0,"DemandMax":1,"Value":12},{"Length":91,"Height":88,"Demand":0,"DemandMax":1,"Value":16016},{"Length":37,"Height":14,"Demand":0,"DemandMax":1,"Value":1554},{"Length":68,"Height":56,"Demand":0,"DemandMax":1,"Value":11424},{"Length":18,"Height":78,"Demand":0,"DemandMax":1,"Value":1404},{"Length":58,"Height":70,"Demand":0,"DemandMax":1,"Value":12180},{"Length":10,"Height":49,"Demand":0,"DemandMax":1,"Value":490},{"Length":94,"Height":41,"Demand":0,"DemandMax":1,"Value":11562},{"Length":81,"Height":28,"Demand":0,"DemandMax":1,"Value":6804},{"Length":44,"Height":85,"Demand":0,"DemandMax":1,"Value":3740},{"Length":78,"Height":36,"Demand":0,"DemandMax":1,"Value":2808},{"Length":7,"Height":100,"Demand":0,"DemandMax":1,"Value":1400},{"Length":100,"Height":34,"Demand":0,"DemandMax":1,"Value":3400},{"Length":16,"Height":88,"Demand":0,"DemandMax":2,"Value":4224},{"Length":92,"Height":8,"Demand":0,"DemandMax":1,"Value":1472},{"Length":91,"Height":10,"Demand":0,"DemandMax":1,"Value":910},{"Length":16,"Height":14,"Demand":0,"DemandMax":1,"Value":448},{"Length":16,"Height":84,"Demand":0,"DemandMax":1,"Value":4032},{"Length":34,"Height":18,"Demand":0,"DemandMax":1,"Value":1224},{"Length":16,"Height":77,"Demand":0,"DemandMax":2,"Value":3696},{"Length":18,"Height":42,"Demand":0,"DemandMax":1,"Value":1512},{"Length":4,"Height":30,"Demand":0,"DemandMax":1,"Value":120},{"Length":48,"Height":40,"Demand":0,"DemandMax":1,"Value":3840},{"Length":10,"Height":36,"Demand":0,"DemandMax":1,"Value":1080},{"Length":17,"Height":10,"Demand":0,"DemandMax":1,"Value":170},{"Length":60,"Height":83,"Demand":0,"DemandMax":1,"Value":4980},{"Length":49,"Height":5,"Demand":0,"DemandMax":1,"Value":245},{"Length":3,"Height":2,"Demand":0,"DemandMax":1,"Value":18},{"Length":8,"Height":82,"Demand":0,"DemandMax":1,"Value":1312},{"Length":24,"Height":5,"Demand":0,"DemandMax":1,"Value":120},{"Length":85,"Height":11,"Demand":0,"DemandMax":1,"Value":935},{"Length":5,"Height":18,"Demand":0,"DemandMax":1,"Value":270},{"Length":14,"Height":36,"Demand":0,"DemandMax":1,"Value":1512},{"Length":47,"Height":44,"Demand":0,"DemandMax":1,"Value":4136},{"Length":4,"Height":6,"Demand":0,"DemandMax":1,"Value":48},{"Length":46,"Height":5,"Demand":0,"DemandMax":1,"Value":230},{"Length":78,"Height":55,"Demand":0,"DemandMax":1,"Value":12870},{"Length":50,"Height":95,"Demand":0,"DemandMax":1,"Value":9500},{"Length":6,"Height":16,"Demand":0,"DemandMax":1,"Value":96},{"Length":24,"Height":3,"Demand":0,"DemandMax":1,"Value":216},{"Length":84,"Height":42,"Demand":0,"DemandMax":1,"Value":10584},{"Length":17,"Height":30,"Demand":0,"DemandMax":1,"Value":1530},{"Length":10,"Height":98,"Demand":0,"DemandMax":1,"Value":1960},{"Length":61,"Height":66,"Demand":0,"DemandMax":1,"Value":8052},{"Length":78,"Height":87,"Demand":0,"DemandMax":1,"Value":13572},{"Length":9,"Height":48,"Demand":0,"DemandMax":1,"Value":1296},{"Length":11,"Height":40,"Demand":0,"DemandMax":1,"Value":880},{"Length":32,"Height":79,"Demand":0,"DemandMax":1,"Value":5056},{"Length":79,"Height":26,"Demand":0,"DemandMax":1,"Value":4108},{"Length":44,"Height":30,"Demand":0,"DemandMax":1,"Value":3960},{"Length":43,"Height":86,"Demand":0,"DemandMax":1,"Value":7396},{"Length":5,"Height":82,"Demand":0,"DemandMax":1,"Value":410},{"Length":19,"Height":27,"Demand":0,"DemandMax":1,"Value":1539},{"Length":23,"Height":31,"Demand":0,"DemandMax":1,"Value":1426},{"Length":90,"Height":48,"Demand":0,"DemandMax":2,"Value":12960},{"Length":39,"Height":26,"Demand":0,"DemandMax":1,"Value":1014},{"Length":34,"Height":49,"Demand":0,"DemandMax":1,"Value":3332},{"Length":18,"Height":28,"Demand":0,"DemandMax":1,"Value":1008},{"Length":73,"Height":63,"Demand":0,"DemandMax":1,"Value":13797},{"Length":92,"Height":24,"Demand":0,"DemandMax":1,"Value":4416},{"Length":87,"Height":22,"Demand":0,"DemandMax":1,"Value":1914},{"Length":100,"Height":31,"Demand":0,"DemandMax":1,"Value":3100},{"Length":85,"Height":24,"Demand":0,"DemandMax":1,"Value":2040},{"Length":80,"Height":81,"Demand":0,"DemandMax":1,"Value":19440},{"Length":100,"Height":5,"Demand":0,"DemandMax":1,"Value":1000},{"Length":45,"Height":38,"Demand":0,"DemandMax":1,"Value":1710},{"Length":7,"Height":93,"Demand":0,"DemandMax":1,"Value":1302},{"Length":50,"Height":95,"Demand":0,"DemandMax":1,"Value":4750},{"Length":36,"Height":22,"Demand":0,"DemandMax":1,"Value":1584},{"Length":46,"Height":100,"Demand":0,"DemandMax":1,"Value":9200},{"Length":25,"Height":21,"Demand":0,"DemandMax":1,"Value":1575},{"Length":76,"Height":41,"Demand":0,"DemandMax":1,"Value":6232},{"Length":18,"Height":89,"Demand":0,"DemandMax":1,"Value":4806},{"Length":39,"Height":98,"Demand":0,"DemandMax":1,"Value":7644},{"Length":32,"Height":90,"Demand":0,"DemandMax":1,"Value":8640},{"Length":3,"Height":77,"Demand":0,"DemandMax":1,"Value":231},{"Length":93,"Height":47,"Demand":0,"DemandMax":2,"Value":8742},{"Length":26,"Height":84,"Demand":0,"DemandMax":1,"Value":6552},{"Length":41,"Height":44,"Demand":0,"DemandMax":1,"Value":1804},{"Length":35,"Height":30,"Demand":0,"DemandMax":1,"Value":2100},{"Length":79,"Height":78,"Demand":0,"DemandMax":1,"Value":12324},{"Length":17,"Height":21,"Demand":0,"DemandMax":1,"Value":357},{"Length":65,"Height":95,"Demand":0,"DemandMax":1,"Value":6175},{"Length":86,"Height":5,"Demand":0,"DemandMax":1,"Value":1290},{"Length":11,"Height":4,"Demand":0,"DemandMax":1,"Value":88},{"Length":44,"Height":98,"Demand":0,"DemandMax":1,"Value":8624},{"Length":48,"Height":50,"Demand":0,"DemandMax":1,"Value":4800},{"Length":63,"Height":73,"Demand":0,"DemandMax":1,"Value":4599},{"Length":100,"Height":100,"Demand":0,"DemandMax":1,"Value":30000},{"Length":23,"Height":45,"Demand":0,"DemandMax":1,"Value":2070},{"Length":41,"Height":48,"Demand":0,"DemandMax":1,"Value":3936},{"Length":42,"Height":90,"Demand":0,"DemandMax":1,"Value":3780},{"Length":89,"Height":9,"Demand":0,"DemandMax":1,"Value":1602},{"Length":3,"Height":77,"Demand":0,"DemandMax":1,"Value":462},{"Length":12,"Height":3,"Demand":0,"DemandMax":1,"Value":108},{"Length":44,"Height":97,"Demand":0,"DemandMax":1,"Value":4268},{"Length":93,"Height":25,"Demand":0,"DemandMax":1,"Value":6975},{"Length":10,"Height":20,"Demand":0,"DemandMax":1,"Value":200},{"Length":90,"Height":27,"Demand":0,"DemandMax":1,"Value":7290},{"Length":94,"Height":44,"Demand":0,"DemandMax":1,"Value":12408},{"Length":62,"Height":82,"Demand":0,"DemandMax":1,"Value":5084},{"Length":16,"Height":10,"Demand":0,"DemandMax":1,"Value":480},{"Length":7,"Height":33,"Demand":0,"DemandMax":1,"Value":462},{"Length":15,"Height":97,"Demand":0,"DemandMax":1,"Value":1455},{"Length":42,"Height":30,"Demand":0,"DemandMax":1,"Value":3780},{"Length":70,"Height":61,"Demand":0,"DemandMax":1,"Value":8540},{"Length":22,"Height":37,"Demand":0,"DemandMax":1,"Value":1628},{"Length":60,"Height":63,"Demand":0,"DemandMax":1,"Value":3780},{"Length":26,"Height":81,"Demand":0,"DemandMax":1,"Value":2106},{"Length":15,"Height":20,"Demand":0,"DemandMax":1,"Value":900},{"Length":4,"Height":99,"Demand":0,"DemandMax":1,"Value":396},{"Length":37,"Height":83,"Demand":0,"DemandMax":1,"Value":9213},{"Length":88,"Height":12,"Demand":0,"DemandMax":1,"Value":1056},{"Length":86,"Height":32,"Demand":0,"DemandMax":1,"Value":8256},{"Length":92,"Height":21,"Demand":0,"DemandMax":1,"Value":3864},{"Length":48,"Height":39,"Demand":0,"DemandMax":1,"Value":3744},{"Length":64,"Height":56,"Demand":0,"DemandMax":1,"Value":7168},{"Length":4,"Height":79,"Demand":0,"DemandMax":1,"Value":948},{"Length":35,"Height":98,"Demand":0,"DemandMax":1,"Value":3430},{"Length":11,"Height":43,"Demand":0,"DemandMax":1,"Value":946},{"Length":7,"Height":10,"Demand":0,"DemandMax":1,"Value":140},{"Length":18,"Height":79,"Demand":0,"DemandMax":1,"Value":2844},{"Length":45,"Height":3,"Demand":0,"DemandMax":1,"Value":405},{"Length":90,"Height":99,"Demand":0,"DemandMax":1,"Value":8910},{"Length":2,"Height":78,"Demand":0,"DemandMax":1,"Value":156},{"Length":70,"Height":80,"Demand":0,"DemandMax":1,"Value":16800},{"Length":13,"Height":18,"Demand":0,"DemandMax":1,"Value":468},{"Length":82,"Height":19,"Demand":0,"DemandMax":1,"Value":4674},{"Length":90,"Height":64,"Demand":0,"DemandMax":1,"Value":11520},{"Length":80,"Height":28,"Demand":0,"DemandMax":1,"Value":6720},{"Length":92,"Height":86,"Demand":0,"DemandMax":1,"Value":7912},{"Length":22,"Height":96,"Demand":0,"DemandMax":1,"Value":4224},{"Length":96,"Height":38,"Demand":0,"DemandMax":1,"Value":3648},{"Length":9,"Height":88,"Demand":0,"DemandMax":1,"Value":1584},{"Length":90,"Height":20,"Demand":0,"DemandMax":1,"Value":5400},{"Length":98,"Height":26,"Demand":0,"DemandMax":1,"Value":7644},{"Length":44,"Height":23,"Demand":0,"DemandMax":1,"Value":3036},{"Length":13,"Height":39,"Demand":0,"DemandMax":1,"Value":507},{"Length":32,"Height":4,"Demand":0,"DemandMax":1,"Value":128},{"Length":3,"Height":29,"Demand":0,"DemandMax":1,"Value":174},{"Length":5,"Height":84,"Demand":0,"DemandMax":1,"Value":1260},{"Length":89,"Height":48,"Demand":0,"DemandMax":1,"Value":12816},{"Length":99,"Height":45,"Demand":0,"DemandMax":1,"Value":13365},{"Length":28,"Height":30,"Demand":0,"DemandMax":1,"Value":2520},{"Length":81,"Height":39,"Demand":0,"DemandMax":1,"Value":9477},{"Length":34,"Height":26,"Demand":0,"DemandMax":1,"Value":2652},{"Length":11,"Height":20,"Demand":0,"DemandMax":1,"Value":660},{"Length":34,"Height":96,"Demand":0,"DemandMax":1,"Value":3264},{"Length":89,"Height":54,"Demand":0,"DemandMax":1,"Value":9612},{"Length":82,"Height":34,"Demand":0,"DemandMax":1,"Value":8364},{"Length":32,"Height":94,"Demand":0,"DemandMax":1,"Value":6016},{"Length":79,"Height":33,"Demand":0,"DemandMax":1,"Value":7821},{"Length":63,"Height":96,"Demand":0,"DemandMax":1,"Value":12096},{"Length":62,"Height":67,"Demand":0,"DemandMax":1,"Value":12462},{"Length":99,"Height":16,"Demand":0,"DemandMax":1,"Value":4752},{"Length":81,"Height":16,"Demand":0,"DemandMax":1,"Value":2592},{"Length":16,"Height":16,"Demand":0,"DemandMax":1,"Value":256},{"Length":42,"Height":15,"Demand":0,"DemandMax":1,"Value":630},{"Length":34,"Height":86,"Demand":0,"DemandMax":2,"Value":2924},{"Length":30,"Height":23,"Demand":0,"DemandMax":1,"Value":2070},{"Length":23,"Height":6,"Demand":0,"DemandMax":1,"Value":414},{"Length":80,"Height":29,"Demand":0,"DemandMax":1,"Value":4640},{"Length":6,"Height":77,"Demand":0,"DemandMax":1,"Value":462},{"Length":79,"Height":56,"Demand":0,"DemandMax":1,"Value":4424},{"Length":82,"Height":93,"Demand":0,"DemandMax":1,"Value":22878},{"Length":19,"Height":24,"Demand":0,"DemandMax":1,"Value":1368},{"Length":17,"Height":14,"Demand":0,"DemandMax":1,"Value":476},{"Length":43,"Height":99,"Demand":0,"DemandMax":1,"Value":4257},{"Length":51,"Height":70,"Demand":0,"DemandMax":1,"Value":7140},{"Length":42,"Height":50,"Demand":0,"DemandMax":1,"Value":4200},{"Length":45,"Height":95,"Demand":0,"DemandMax":1,"Value":12825},{"Length":97,"Height":20,"Demand":0,"DemandMax":1,"Value":1940},{"Length":78,"Height":94,"Demand":0,"DemandMax":1,"Value":14664},{"Length":80,"Height":18,"Demand":0,"DemandMax":1,"Value":2880},{"Length":49,"Height":5,"Demand":0,"DemandMax":1,"Value":735},{"Length":15,"Height":25,"Demand":0,"DemandMax":1,"Value":750},{"Length":36,"Height":78,"Demand":0,"DemandMax":1,"Value":8424},{"Length":18,"Height":27,"Demand":0,"DemandMax":1,"Value":1458},{"Length":30,"Height":44,"Demand":0,"DemandMax":1,"Value":1320},{"Length":48,"Height":38,"Demand":0,"DemandMax":1,"Value":3648},{"Length":86,"Height":29,"Demand":0,"DemandMax":1,"Value":4988},{"Length":27,"Height":31,"Demand":0,"DemandMax":1,"Value":2511},{"Length":36,"Height":5,"Demand":0,"DemandMax":1,"Value":180},{"Length":36,"Height":93,"Demand":0,"DemandMax":1,"Value":10044},{"Length":53,"Height":80,"Demand":0,"DemandMax":1,"Value":4240},{"Length":9,"Height":34,"Demand":0,"DemandMax":1,"Value":612},{"Length":39,"Height":43,"Demand":0,"DemandMax":1,"Value":5031},{"Length":82,"Height":64,"Demand":0,"DemandMax":1,"Value":15744},{"Length":59,"Height":54,"Demand":0,"DemandMax":1,"Value":6372},{"Length":91,"Height":7,"Demand":0,"DemandMax":1,"Value":1274},{"Length":94,"Height":20,"Demand":0,"DemandMax":1,"Value":5640},{"Length":77,"Height":92,"Demand":0,"DemandMax":1,"Value":21252},{"Length":17,"Height":30,"Demand":0,"DemandMax":1,"Value":510},{"Length":87,"Height":19,"Demand":0,"DemandMax":1,"Value":1653},{"Length":83,"Height":9,"Demand":0,"DemandMax":1,"Value":747},{"Length":9,"Height":27,"Demand":0,"DemandMax":1,"Value":243},{"Length":8,"Height":89,"Demand":0,"DemandMax":1,"Value":712},{"Length":48,"Height":35,"Demand":0,"DemandMax":1,"Value":1680},{"Length":87,"Height":97,"Demand":0,"DemandMax":1,"Value":16878},{"Length":87,"Height":77,"Demand":0,"DemandMax":1,"Value":13398},{"Length":21,"Height":2,"Demand":0,"DemandMax":1,"Value":84},{"Length":26,"Height":35,"Demand":0,"DemandMax":1,"Value":2730},{"Length":22,"Height":40,"Demand":0,"DemandMax":1,"Value":880},{"Length":7,"Height":96,"Demand":0,"DemandMax":1,"Value":1344},{"Length":47,"Height":7,"Demand":0,"DemandMax":1,"Value":329},{"Length":30,"Height":84,"Demand":0,"DemandMax":1,"Value":7560},{"Length":12,"Height":9,"Demand":0,"DemandMax":1,"Value":324},{"Length":79,"Height":34,"Demand":0,"DemandMax":1,"Value":5372},{"Length":10,"Height":21,"Demand":0,"DemandMax":1,"Value":630},{"Length":5,"Height":12,"Demand":0,"DemandMax":1,"Value":60},{"Length":54,"Height":76,"Demand":0,"DemandMax":1,"Value":12312},{"Length":50,"Height":88,"Demand":0,"DemandMax":1,"Value":8800},{"Length":39,"Height":37,"Demand":0,"DemandMax":1,"Value":2886},{"Length":43,"Height":100,"Demand":0,"DemandMax":1,"Value":12900},{"Length":20,"Height":48,"Demand":0,"DemandMax":1,"Value":960},{"Length":88,"Height":100,"Demand":0,"DemandMax":1,"Value":8800},{"Length":37,"Height":88,"Demand":0,"DemandMax":2,"Value":6512},{"Length":60,"Height":80,"Demand":0,"DemandMax":1,"Value":4800},{"Length":37,"Height":96,"Demand":0,"DemandMax":1,"Value":3552},{"Length":39,"Height":31,"Demand":0,"DemandMax":1,"Value":3627},{"Length":95,"Height":6,"Demand":0,"DemandMax":1,"Value":1140},{"Length":11,"Height":90,"Demand":0,"DemandMax":1,"Value":990},{"Length":37,"Height":22,"Demand":0,"DemandMax":1,"Value":1628},{"Length":82,"Height":27,"Demand":0,"DemandMax":1,"Value":2214},{"Length":16,"Height":81,"Demand":0,"DemandMax":1,"Value":1296},{"Length":21,"Height":37,"Demand":0,"DemandMax":1,"Value":1554},{"Length":11,"Height":6,"Demand":0,"DemandMax":1,"Value":66},{"Length":54,"Height":54,"Demand":0,"DemandMax":1,"Value":8748},{"Length":96,"Height":35,"Demand":0,"DemandMax":1,"Value":6720},{"Length":86,"Height":86,"Demand":0,"DemandMax":1,"Value":14792},{"Length":16,"Height":81,"Demand":0,"DemandMax":1,"Value":2592},{"Length":16,"Height":44,"Demand":0,"DemandMax":1,"Value":2112},{"Length":28,"Height":26,"Demand":0,"DemandMax":1,"Value":728},{"Length":95,"Height":42,"Demand":0,"DemandMax":1,"Value":3990},{"Length":98,"Height":91,"Demand":0,"DemandMax":1,"Value":17836},{"Length":11,"Height":85,"Demand":0,"DemandMax":1,"Value":2805},{"Length":32,"Height":38,"Demand":0,"DemandMax":1,"Value":3648},{"Length":83,"Height":7,"Demand":0,"DemandMax":1,"Value":1162},{"Length":94,"Height":35,"Demand":0,"DemandMax":2,"Value":3290},{"Length":83,"Height":14,"Demand":0,"DemandMax":1,"Value":3486},{"Length":63,"Height":91,"Demand":0,"DemandMax":1,"Value":11466},{"Length":30,"Height":17,"Demand":0,"DemandMax":1,"Value":510},{"Length":28,"Height":3,"Demand":0,"DemandMax":1,"Value":252},{"Length":79,"Height":24,"Demand":0,"DemandMax":1,"Value":1896},{"Length":8,"Height":24,"Demand":0,"DemandMax":1,"Value":384},{"Length":84,"Height":90,"Demand":0,"DemandMax":1,"Value":7560},{"Length":17,"Height":2,"Demand":0,"DemandMax":1,"Value":68},{"Length":18,"Height":10,"Demand":0,"DemandMax":1,"Value":360},{"Length":79,"Height":38,"Demand":0,"DemandMax":1,"Value":3002},{"Length":25,"Height":16,"Demand":0,"DemandMax":2,"Value":400},{"Length":94,"Height":78,"Demand":0,"DemandMax":1,"Value":14664},{"Length":36,"Height":8,"Demand":0,"DemandMax":1,"Value":864},{"Length":88,"Height":62,"Demand":0,"DemandMax":1,"Value":16368},{"Length":84,"Height":26,"Demand":0,"DemandMax":1,"Value":6552},{"Length":77,"Height":52,"Demand":0,"DemandMax":1,"Value":4004},{"Length":32,"Height":25,"Demand":0,"DemandMax":1,"Value":1600},{"Length":88,"Height":44,"Demand":0,"DemandMax":1,"Value":3872},{"Length":28,"Height":46,"Demand":0,"DemandMax":1,"Value":2576},{"Length":6,"Height":84,"Demand":0,"DemandMax":1,"Value":504},{"Length":9,"Height":44,"Demand":0,"DemandMax":1,"Value":1188},{"Length":42,"Height":13,"Demand":0,"DemandMax":1,"Value":1092},{"Length":77,"Height":15,"Demand":0,"DemandMax":1,"Value":2310},{"Length":80,"Height":36,"Demand":0,"DemandMax":1,"Value":8640},{"Length":88,"Height":10,"Demand":0,"DemandMax":1,"Value":880},{"Length":89,"Height":55,"Demand":0,"DemandMax":1,"Value":9790},{"Length":14,"Height":20,"Demand":0,"DemandMax":1,"Value":840},{"Length":39,"Height":24,"Demand":0,"DemandMax":1,"Value":936},{"Length":79,"Height":74,"Demand":0,"DemandMax":1,"Value":5846},{"Length":19,"Height":6,"Demand":0,"DemandMax":1,"Value":228},{"Length":19,"Height":93,"Demand":0,"DemandMax":1,"Value":5301},{"Length":8,"Height":10,"Demand":0,"DemandMax":1,"Value":160},{"Length":95,"Height":81,"Demand":0,"DemandMax":1,"Value":15390},{"Length":45,"Height":84,"Demand":0,"DemandMax":1,"Value":3780},{"Length":33,"Height":83,"Demand":0,"DemandMax":1,"Value":8217},{"Length":63,"Height":90,"Demand":0,"DemandMax":1,"Value":11340},{"Length":37,"Height":23,"Demand":0,"DemandMax":1,"Value":2553},{"Length":30,"Height":77,"Demand":0,"DemandMax":1,"Value":4620},{"Length":79,"Height":74,"Demand":0,"DemandMax":1,"Value":17538},{"Length":12,"Height":97,"Demand":0,"DemandMax":1,"Value":2328},{"Length":10,"Height":16,"Demand":0,"DemandMax":1,"Value":320},{"Length":7,"Height":2,"Demand":0,"DemandMax":1,"Value":14},{"Length":48,"Height":3,"Demand":0,"DemandMax":1,"Value":432},{"Length":89,"Height":35,"Demand":0,"DemandMax":1,"Value":9345},{"Length":8,"Height":50,"Demand":0,"DemandMax":1,"Value":800},{"Length":42,"Height":7,"Demand":0,"DemandMax":1,"Value":294},{"Length":35,"Height":47,"Demand":0,"DemandMax":1,"Value":4935},{"Length":65,"Height":98,"Demand":0,"DemandMax":1,"Value":12740},{"Length":79,"Height":56,"Demand":0,"DemandMax":1,"Value":13272},{"Length":6,"Height":16,"Demand":0,"DemandMax":1,"Value":288},{"Length":19,"Height":100,"Demand":0,"DemandMax":1,"Value":3800},{"Length":24,"Height":17,"Demand":0,"DemandMax":1,"Value":816},{"Length":81,"Height":92,"Demand":0,"DemandMax":1,"Value":7452},{"Length":3,"Height":7,"Demand":0,"DemandMax":1,"Value":42},{"Length":6,"Height":17,"Demand":0,"DemandMax":1,"Value":306},{"Length":4,"Height":94,"Demand":0,"DemandMax":1,"Value":1128},{"Length":33,"Height":23,"Demand":0,"DemandMax":1,"Value":759},{"Length":16,"Height":92,"Demand":0,"DemandMax":1,"Value":2944},{"Length":37,"Height":47,"Demand":0,"DemandMax":1,"Value":5217},{"Length":49,"Height":34,"Demand":0,"DemandMax":1,"Value":3332},{"Length":45,"Height":27,"Demand":0,"DemandMax":1,"Value":1215},{"Length":50,"Height":89,"Demand":0,"DemandMax":1,"Value":8900},{"Length":54,"Height":51,"Demand":0,"DemandMax":1,"Value":8262},{"Length":92,"Height":18,"Demand":0,"DemandMax":1,"Value":3312},{"Length":98,"Height":3,"Demand":0,"DemandMax":1,"Value":588},{"Length":37,"Height":43,"Demand":0,"DemandMax":1,"Value":4773},{"Length":83,"Height":44,"Demand":0,"DemandMax":1,"Value":10956},{"Length":43,"Height":99,"Demand":0,"DemandMax":1,"Value":8514},{"Length":18,"Height":96,"Demand":0,"DemandMax":1,"Value":1728},{"Length":25,"Height":93,"Demand":0,"DemandMax":1,"Value":6975},{"Length":81,"Height":51,"Demand":0,"DemandMax":1,"Value":4131},{"Length":18,"Height":47,"Demand":0,"DemandMax":1,"Value":846},{"Length":91,"Height":20,"Demand":0,"DemandMax":1,"Value":1820},{"Length":77,"Height":50,"Demand":0,"DemandMax":1,"Value":3850},{"Length":36,"Height":44,"Demand":0,"DemandMax":1,"Value":1584},{"Length":25,"Height":96,"Demand":0,"DemandMax":1,"Value":7200},{"Length":80,"Height":98,"Demand":0,"DemandMax":1,"Value":23520},{"Length":22,"Height":85,"Demand":0,"DemandMax":1,"Value":5610},{"Length":58,"Height":87,"Demand":0,"DemandMax":1,"Value":15138},{"Length":93,"Height":48,"Demand":0,"DemandMax":1,"Value":13392},{"Length":79,"Height":3,"Demand":0,"DemandMax":1,"Value":237},{"Length":89,"Height":24,"Demand":0,"DemandMax":1,"Value":4272},{"Length":3,"Height":15,"Demand":0,"DemandMax":1,"Value":135},{"Length":2,"Height":31,"Demand":0,"DemandMax":1,"Value":186},{"Length":96,"Height":46,"Demand":0,"DemandMax":1,"Value":13248},{"Length":89,"Height":10,"Demand":0,"DemandMax":1,"Value":2670},{"Length":77,"Height":44,"Demand":0,"DemandMax":1,"Value":3388},{"Length":38,"Height":92,"Demand":0,"DemandMax":1,"Value":10488},{"Length":37,"Height":92,"Demand":0,"DemandMax":1,"Value":6808},{"Length":88,"Height":8,"Demand":0,"DemandMax":1,"Value":1408},{"Length":27,"Height":35,"Demand":0,"DemandMax":1,"Value":945},{"Length":41,"Height":99,"Demand":0,"DemandMax":1,"Value":4059},{"Length":88,"Height":22,"Demand":0,"DemandMax":1,"Value":1936},{"Length":20,"Height":46,"Demand":0,"DemandMax":1,"Value":2760},{"Length":12,"Height":7,"Demand":0,"DemandMax":1,"Value":168},{"Length":95,"Height":26,"Demand":0,"DemandMax":1,"Value":7410},{"Length":45,"Height":87,"Demand":0,"DemandMax":1,"Value":3915},{"Length":18,"Height":82,"Demand":0,"DemandMax":1,"Value":1476},{"Length":29,"Height":84,"Demand":0,"DemandMax":1,"Value":2436},{"Length":97,"Height":17,"Demand":0,"DemandMax":1,"Value":4947},{"Length":12,"Height":30,"Demand":0,"DemandMax":1,"Value":360},{"Length":7,"Height":29,"Demand":0,"DemandMax":1,"Value":406},{"Length":94,"Height":88,"Demand":0,"DemandMax":1,"Value":8272},{"Length":22,"Height":92,"Demand":0,"DemandMax":1,"Value":6072},{"Length":25,"Height":76,"Demand":0,"DemandMax":1,"Value":5700},{"Length":30,"Height":13,"Demand":0,"DemandMax":1,"Value":1170},{"Length":7,"Height":49,"Demand":0,"DemandMax":1,"Value":1029},{"Length":49,"Height":35,"Demand":0,"DemandMax":1,"Value":5145},{"Length":22,"Height":22,"Demand":0,"DemandMax":1,"Value":968},{"Length":100,"Height":28,"Demand":0,"DemandMax":1,"Value":8400},{"Length":13,"Height":49,"Demand":0,"DemandMax":1,"Value":1274},{"Length":43,"Height":42,"Demand":0,"DemandMax":1,"Value":1806},{"Length":15,"Height":30,"Demand":0,"DemandMax":1,"Value":900},{"Length":87,"Height":7,"Demand":0,"DemandMax":1,"Value":1218},{"Length":93,"Height":41,"Demand":0,"DemandMax":1,"Value":7626},{"Length":93,"Height":32,"Demand":0,"DemandMax":1,"Value":2976},{"Length":23,"Height":99,"Demand":0,"DemandMax":1,"Value":6831},{"Length":19,"Height":9,"Demand":0,"DemandMax":1,"Value":342},{"Length":20,"Height":10,"Demand":0,"DemandMax":1,"Value":400},{"Length":20,"Height":6,"Demand":0,"DemandMax":1,"Value":240},{"Length":18,"Height":25,"Demand":0,"DemandMax":1,"Value":1350},{"Length":9,"Height":81,"Demand":0,"DemandMax":1,"Value":2187},{"Length":46,"Height":49,"Demand":0,"DemandMax":1,"Value":6762},{"Length":70,"Height":82,"Demand":0,"DemandMax":1,"Value":17220},{"Length":18,"Height":18,"Demand":0,"DemandMax":1,"Value":648},{"Length":31,"Height":87,"Demand":0,"DemandMax":1,"Value":2697},{"Length":80,"Height":71,"Demand":0,"DemandMax":1,"Value":11360},{"Length":87,"Height":82,"Demand":0,"DemandMax":1,"Value":14268},{"Length":37,"Height":5,"Demand":0,"DemandMax":1,"Value":370},{"Length":88,"Height":9,"Demand":0,"DemandMax":1,"Value":1584},{"Length":90,"Height":16,"Demand":0,"DemandMax":1,"Value":4320},{"Length":27,"Height":93,"Demand":0,"DemandMax":1,"Value":7533},{"Length":12,"Height":21,"Demand":0,"DemandMax":1,"Value":756},{"Length":37,"Height":32,"Demand":0,"DemandMax":1,"Value":2368},{"Length":48,"Height":32,"Demand":0,"DemandMax":1,"Value":4608},{"Length":30,"Height":5,"Demand":0,"DemandMax":1,"Value":150},{"Length":10,"Height":49,"Demand":0,"DemandMax":1,"Value":1470},{"Length":16,"Height":18,"Demand":0,"DemandMax":1,"Value":288},{"Length":86,"Height":34,"Demand":0,"DemandMax":2,"Value":8772},{"Length":36,"Height":4,"Demand":0,"DemandMax":1,"Value":288},{"Length":17,"Height":35,"Demand":0,"DemandMax":1,"Value":1190},{"Length":48,"Height":84,"Demand":0,"DemandMax":1,"Value":12096},{"Length":92,"Height":59,"Demand":0,"DemandMax":1,"Value":5428},{"Length":27,"Height":38,"Demand":0,"DemandMax":1,"Value":3078},{"Length":100,"Height":14,"Demand":0,"DemandMax":1,"Value":1400},{"Length":30,"Height":23,"Demand":0,"DemandMax":1,"Value":1380},{"Length":7,"Height":25,"Demand":0,"DemandMax":1,"Value":175},{"Length":97,"Height":21,"Demand":0,"DemandMax":1,"Value":2037},{"Length":34,"Height":44,"Demand":0,"DemandMax":1,"Value":1496},{"Length":50,"Height":98,"Demand":0,"DemandMax":1,"Value":9800},{"Length":26,"Height":23,"Demand":0,"DemandMax":1,"Value":598},{"Length":7,"Height":8,"Demand":0,"DemandMax":1,"Value":112},{"Length":36,"Height":9,"Demand":0,"DemandMax":1,"Value":972},{"Length":90,"Height":57,"Demand":0,"DemandMax":1,"Value":15390},{"Length":98,"Height":22,"Demand":0,"DemandMax":2,"Value":4312},{"Length":41,"Height":18,"Demand":0,"DemandMax":1,"Value":2214},{"Length":78,"Height":90,"Demand":0,"DemandMax":1,"Value":7020},{"Length":87,"Height":45,"Demand":0,"DemandMax":1,"Value":11745},{"Length":35,"Height":38,"Demand":0,"DemandMax":1,"Value":3990},{"Length":34,"Height":82,"Demand":0,"DemandMax":1,"Value":8364},{"Length":38,"Height":26,"Demand":0,"DemandMax":1,"Value":2964},{"Length":41,"Height":27,"Demand":0,"DemandMax":1,"Value":3321},{"Length":94,"Height":74,"Demand":0,"DemandMax":1,"Value":6956},{"Length":47,"Height":40,"Demand":0,"DemandMax":1,"Value":3760},{"Length":3,"Height":82,"Demand":0,"DemandMax":1,"Value":246},{"Length":79,"Height":54,"Demand":0,"DemandMax":1,"Value":12798},{"Length":31,"Height":4,"Demand":0,"DemandMax":1,"Value":372},{"Length":47,"Height":82,"Demand":0,"DemandMax":1,"Value":3854},{"Length":17,"Height":92,"Demand":0,"DemandMax":1,"Value":3128},{"Length":20,"Height":81,"Demand":0,"DemandMax":1,"Value":1620},{"Length":93,"Height":7,"Demand":0,"DemandMax":1,"Value":651},{"Length":23,"Height":43,"Demand":0,"DemandMax":1,"Value":2967},{"Length":46,"Height":27,"Demand":0,"DemandMax":1,"Value":2484},{"Length":7,"Height":86,"Demand":0,"DemandMax":1,"Value":1806},{"Length":98,"Height":36,"Demand":0,"DemandMax":1,"Value":3528},{"Length":8,"Height":22,"Demand":0,"DemandMax":1,"Value":528},{"Length":12,"Height":91,"Demand":0,"DemandMax":1,"Value":3276},{"Length":30,"Height":48,"Demand":0,"DemandMax":1,"Value":1440},{"Length":8,"Height":25,"Demand":0,"DemandMax":1,"Value":200},{"Length":32,"Height":50,"Demand":0,"DemandMax":1,"Value":1600},{"Length":9,"Height":79,"Demand":0,"DemandMax":1,"Value":2133},{"Length":38,"Height":14,"Demand":0,"DemandMax":2,"Value":532},{"Length":89,"Height":2,"Demand":0,"DemandMax":1,"Value":534},{"Length":77,"Height":59,"Demand":0,"DemandMax":1,"Value":9086},{"Length":88,"Height":73,"Demand":0,"DemandMax":1,"Value":12848},{"Length":27,"Height":2,"Demand":0,"DemandMax":1,"Value":108},{"Length":97,"Height":16,"Demand":0,"DemandMax":1,"Value":4656},{"Length":12,"Height":40,"Demand":0,"DemandMax":1,"Value":960},{"Length":58,"Height":72,"Demand":0,"DemandMax":1,"Value":12528},{"Length":21,"Height":38,"Demand":0,"DemandMax":1,"Value":2394},{"Length":33,"Height":18,"Demand":0,"DemandMax":1,"Value":1188},{"Length":29,"Height":31,"Demand":0,"DemandMax":1,"Value":1798},{"Length":42,"Height":99,"Demand":0,"DemandMax":1,"Value":4158},{"Length":23,"Height":13,"Demand":0,"DemandMax":1,"Value":598},{"Length":53,"Height":66,"Demand":0,"DemandMax":1,"Value":10494},{"Length":30,"Height":46,"Demand":0,"DemandMax":1,"Value":2760},{"Length":97,"Height":48,"Demand":0,"DemandMax":1,"Value":4656},{"Length":42,"Height":76,"Demand":0,"DemandMax":1,"Value":9576},{"Length":83,"Height":69,"Demand":0,"DemandMax":1,"Value":11454},{"Length":77,"Height":54,"Demand":0,"DemandMax":1,"Value":8316},{"Length":35,"Height":6,"Demand":0,"DemandMax":1,"Value":420},{"Length":97,"Height":86,"Demand":0,"DemandMax":1,"Value":25026},{"Length":49,"Height":33,"Demand":0,"DemandMax":1,"Value":3234},{"Length":6,"Height":88,"Demand":0,"DemandMax":1,"Value":1584},{"Length":22,"Height":78,"Demand":0,"DemandMax":1,"Value":5148},{"Length":20,"Height":9,"Demand":0,"DemandMax":1,"Value":360},{"Length":30,"Height":40,"Demand":0,"DemandMax":1,"Value":3600},{"Length":59,"Height":80,"Demand":0,"DemandMax":1,"Value":14160},{"Length":21,"Height":31,"Demand":0,"DemandMax":1,"Value":1953},{"Length":37,"Height":7,"Demand":0,"DemandMax":1,"Value":259},{"Length":32,"Height":91,"Demand":0,"DemandMax":1,"Value":8736},{"Length":79,"Height":41,"Demand":0,"DemandMax":1,"Value":6478},{"Length":30,"Height":14,"Demand":0,"DemandMax":1,"Value":1260},{"Length":18,"Height":94,"Demand":0,"DemandMax":1,"Value":3384},{"Length":56,"Height":82,"Demand":0,"DemandMax":1,"Value":4592},{"Length":32,"Height":79,"Demand":0,"DemandMax":1,"Value":2528},{"Length":16,"Height":35,"Demand":0,"DemandMax":1,"Value":1120},{"Length":15,"Height":93,"Demand":0,"DemandMax":1,"Value":4185},{"Length":44,"Height":99,"Demand":0,"DemandMax":1,"Value":13068},{"Length":27,"Height":11,"Demand":0,"DemandMax":1,"Value":297},{"Length":30,"Height":99,"Demand":0,"DemandMax":1,"Value":2970},{"Length":93,"Height":71,"Demand":0,"DemandMax":1,"Value":6603},{"Length":8,"Height":76,"Demand":0,"DemandMax":1,"Value":608},{"Length":20,"Height":45,"Demand":0,"DemandMax":1,"Value":1800},{"Length":97,"Height":37,"Demand":0,"DemandMax":1,"Value":10767},{"Length":29,"Height":43,"Demand":0,"DemandMax":1,"Value":2494},{"Length":9,"Height":12,"Demand":0,"DemandMax":1,"Value":324},{"Length":46,"Height":89,"Demand":0,"DemandMax":1,"Value":4094},{"Length":43,"Height":2,"Demand":0,"DemandMax":1,"Value":258},{"Length":5,"Height":11,"Demand":0,"DemandMax":1,"Value":55},{"Length":49,"Height":18,"Demand":0,"DemandMax":1,"Value":2646},{"Length":86,"Height":66,"Demand":0,"DemandMax":1,"Value":11352},{"Length":32,"Height":88,"Demand":0,"DemandMax":1,"Value":2816},{"Length":82,"Height":44,"Demand":0,"DemandMax":1,"Value":10824},{"Length":57,"Height":89,"Demand":0,"DemandMax":1,"Value":10146},{"Length":71,"Height":53,"Demand":0,"DemandMax":1,"Value":3763},{"Length":37,"Height":18,"Demand":0,"DemandMax":1,"Value":1998},{"Length":5,"Height":30,"Demand":0,"DemandMax":1,"Value":300},{"Length":95,"Height":19,"Demand":0,"DemandMax":1,"Value":1805},{"Length":98,"Height":22,"Demand":0,"DemandMax":1,"Value":2156},{"Length":70,"Height":67,"Demand":0,"DemandMax":1,"Value":4690},{"Length":63,"Height":97,"Demand":0,"DemandMax":1,"Value":6111},{"Length":42,"Height":97,"Demand":0,"DemandMax":1,"Value":8148},{"Length":6,"Height":36,"Demand":0,"DemandMax":1,"Value":432},{"Length":50,"Height":78,"Demand":0,"DemandMax":1,"Value":7800},{"Length":78,"Height":16,"Demand":0,"DemandMax":1,"Value":3744},{"Length":39,"Height":7,"Demand":0,"DemandMax":1,"Value":819},{"Length":74,"Height":99,"Demand":0,"DemandMax":1,"Value":14652},{"Length":78,"Height":20,"Demand":0,"DemandMax":1,"Value":1560},{"Length":80,"Height":55,"Demand":0,"DemandMax":1,"Value":13200},{"Length":62,"Height":99,"Demand":0,"DemandMax":1,"Value":12276},{"Length":16,"Height":47,"Demand":0,"DemandMax":1,"Value":752},{"Length":98,"Height":65,"Demand":0,"DemandMax":1,"Value":6370},{"Length":35,"Height":12,"Demand":0,"DemandMax":1,"Value":840},{"Length":5,"Height":91,"Demand":0,"DemandMax":1,"Value":455},{"Length":25,"Height":97,"Demand":0,"DemandMax":1,"Value":2425},{"Length":88,"Height":8,"Demand":0,"DemandMax":1,"Value":2112},{"Length":8,"Height":83,"Demand":0,"DemandMax":1,"Value":1992},{"Length":32,"Height":87,"Demand":0,"DemandMax":1,"Value":5568},{"Length":50,"Height":79,"Demand":0,"DemandMax":1,"Value":7900},{"Length":46,"Height":36,"Demand":0,"DemandMax":1,"Value":3312},{"Length":24,"Height":19,"Demand":0,"DemandMax":1,"Value":1368},{"Length":10,"Height":87,"Demand":0,"DemandMax":1,"Value":2610},{"Length":57,"Height":92,"Demand":0,"DemandMax":1,"Value":15732},{"Length":90,"Height":96,"Demand":0,"DemandMax":1,"Value":17280},{"Length":29,"Height":99,"Demand":0,"DemandMax":1,"Value":8613},{"Length":36,"Height":37,"Demand":0,"DemandMax":1,"Value":1332},{"Length":4,"Height":95,"Demand":0,"DemandMax":1,"Value":380},{"Length":89,"Height":17,"Demand":0,"DemandMax":1,"Value":4539},{"Length":12,"Height":20,"Demand":0,"DemandMax":1,"Value":720},{"Length":30,"Height":46,"Demand":0,"DemandMax":1,"Value":4140},{"Length":89,"Height":84,"Demand":0,"DemandMax":1,"Value":22428},{"Length":5,"Height":36,"Demand":0,"DemandMax":1,"Value":180},{"Length":44,"Height":25,"Demand":0,"DemandMax":1,"Value":1100},{"Length":74,"Height":62,"Demand":0,"DemandMax":1,"Value":13764},{"Length":95,"Height":49,"Demand":0,"DemandMax":1,"Value":13965},{"Length":8,"Height":37,"Demand":0,"DemandMax":1,"Value":296},{"Length":7,"Height":37,"Demand":0,"DemandMax":1,"Value":518},{"Length":50,"Height":23,"Demand":0,"DemandMax":1,"Value":3450},{"Length":20,"Height":49,"Demand":0,"DemandMax":1,"Value":980},{"Length":95,"Height":18,"Demand":0,"DemandMax":1,"Value":3420},{"Length":49,"Height":79,"Demand":0,"DemandMax":1,"Value":3871},{"Length":18,"Height":4,"Demand":0,"DemandMax":1,"Value":144},{"Length":39,"Height":91,"Demand":0,"DemandMax":1,"Value":7098},{"Length":89,"Height":21,"Demand":0,"DemandMax":1,"Value":5607},{"Length":87,"Height":25,"Demand":0,"DemandMax":1,"Value":4350},{"Length":43,"Height":36,"Demand":0,"DemandMax":1,"Value":1548},{"Length":11,"Height":23,"Demand":0,"DemandMax":1,"Value":506},{"Length":20,"Height":100,"Demand":0,"DemandMax":1,"Value":4000},{"Length":48,"Height":20,"Demand":0,"DemandMax":1,"Value":960},{"Length":27,"Height":85,"Demand":0,"DemandMax":1,"Value":4590},{"Length":8,"Height":29,"Demand":0,"DemandMax":1,"Value":696},{"Length":82,"Height":78,"Demand":0,"DemandMax":1,"Value":19188},{"Length":5,"Height":96,"Demand":0,"DemandMax":1,"Value":480},{"Length":86,"Height":8,"Demand":0,"DemandMax":1,"Value":2064},{"Length":44,"Height":37,"Demand":0,"DemandMax":1,"Value":4884},{"Length":94,"Height":81,"Demand":0,"DemandMax":1,"Value":7614},{"Length":84,"Height":72,"Demand":0,"DemandMax":1,"Value":12096},{"Length":90,"Height":58,"Demand":0,"DemandMax":1,"Value":5220},{"Length":98,"Height":82,"Demand":0,"DemandMax":2,"Value":24108},{"Length":30,"Height":29,"Demand":0,"DemandMax":1,"Value":870},{"Length":67,"Height":54,"Demand":0,"DemandMax":1,"Value":10854},{"Length":43,"Height":24,"Demand":0,"DemandMax":1,"Value":3096},{"Length":82,"Height":29,"Demand":0,"DemandMax":1,"Value":4756},{"Length":36,"Height":21,"Demand":0,"DemandMax":1,"Value":2268},{"Length":84,"Height":67,"Demand":0,"DemandMax":1,"Value":16884},{"Length":2,"Height":48,"Demand":0,"DemandMax":1,"Value":288},{"Length":18,"Height":21,"Demand":0,"DemandMax":1,"Value":1134},{"Length":38,"Height":25,"Demand":0,"DemandMax":1,"Value":950},{"Length":44,"Height":96,"Demand":0,"DemandMax":1,"Value":12672},{"Length":79,"Height":35,"Demand":0,"DemandMax":1,"Value":2765},{"Length":31,"Height":98,"Demand":0,"DemandMax":1,"Value":6076},{"Length":47,"Height":98,"Demand":0,"DemandMax":1,"Value":13818},{"Length":41,"Height":77,"Demand":0,"DemandMax":1,"Value":9471},{"Length":18,"Height":22,"Demand":0,"DemandMax":1,"Value":396},{"Length":8,"Height":91,"Demand":0,"DemandMax":1,"Value":2184},{"Length":100,"Height":15,"Demand":0,"DemandMax":1,"Value":1500},{"Length":22,"Height":50,"Demand":0,"DemandMax":1,"Value":1100},{"Length":72,"Height":87,"Demand":0,"DemandMax":1,"Value":18792},{"Length":57,"Height":76,"Demand":0,"DemandMax":1,"Value":4332},{"Length":38,"Height":99,"Demand":0,"DemandMax":1,"Value":7524},{"Length":15,"Height":99,"Demand":0,"DemandMax":1,"Value":2970},{"Length":33,"Height":10,"Demand":0,"DemandMax":1,"Value":660},{"Length":22,"Height":20,"Demand":0,"DemandMax":1,"Value":440},{"Length":2,"Height":42,"Demand":0,"DemandMax":1,"Value":84},{"Length":76,"Height":9,"Demand":0,"DemandMax":1,"Value":2052},{"Length":41,"Height":40,"Demand":0,"DemandMax":1,"Value":3280},{"Length":80,"Height":6,"Demand":0,"DemandMax":1,"Value":480},{"Length":20,"Height":3,"Demand":0,"DemandMax":1,"Value":180},{"Length":23,"Height":20,"Demand":0,"DemandMax":1,"Value":460},{"Length":3,"Height":17,"Demand":0,"DemandMax":1,"Value":51},{"Length":99,"Height":12,"Demand":0,"DemandMax":1,"Value":1188},{"Length":42,"Height":25,"Demand":0,"DemandMax":1,"Value":1050},{"Length":91,"Height":49,"Demand":0,"DemandMax":1,"Value":8918},{"Length":25,"Height":78,"Demand":0,"DemandMax":1,"Value":3900},{"Length":19,"Height":32,"Demand":0,"DemandMax":1,"Value":1824},{"Length":57,"Height":70,"Demand":0,"DemandMax":1,"Value":11970},{"Length":79,"Height":77,"Demand":0,"DemandMax":1,"Value":6083},{"Length":12,"Height":13,"Demand":0,"DemandMax":1,"Value":312},{"Length":31,"Height":22,"Demand":0,"DemandMax":1,"Value":2046},{"Length":38,"Height":30,"Demand":0,"DemandMax":1,"Value":3420},{"Length":92,"Height":74,"Demand":0,"DemandMax":1,"Value":20424},{"Length":92,"Height":89,"Demand":0,"DemandMax":1,"Value":16376},{"Length":89,"Height":57,"Demand":0,"DemandMax":1,"Value":10146},{"Length":77,"Height":19,"Demand":0,"DemandMax":1,"Value":4389},{"Length":15,"Height":39,"Demand":0,"DemandMax":1,"Value":1755},{"Length":14,"Height":98,"Demand":0,"DemandMax":1,"Value":1372},{"Length":7,"Height":42,"Demand":0,"DemandMax":1,"Value":882},{"Length":34,"Height":38,"Demand":0,"DemandMax":1,"Value":1292},{"Length":19,"Height":18,"Demand":0,"DemandMax":1,"Value":342},{"Length":54,"Height":88,"Demand":0,"DemandMax":1,"Value":4752},{"Length":3,"Height":99,"Demand":0,"DemandMax":1,"Value":297},{"Length":82,"Height":26,"Demand":0,"DemandMax":1,"Value":6396},{"Length":11,"Height":96,"Demand":0,"DemandMax":1,"Value":3168},{"Length":53,"Height":89,"Demand":0,"DemandMax":1,"Value":9434},{"Length":14,"Height":21,"Demand":0,"DemandMax":1,"Value":588},{"Length":45,"Height":5,"Demand":0,"DemandMax":1,"Value":225},{"Length":48,"Height":16,"Demand":0,"DemandMax":1,"Value":2304},{"Length":78,"Height":36,"Demand":0,"DemandMax":1,"Value":5616},{"Length":11,"Height":28,"Demand":0,"DemandMax":1,"Value":616},{"Length":12,"Height":79,"Demand":0,"DemandMax":1,"Value":1896},{"Length":34,"Height":6,"Demand":0,"DemandMax":1,"Value":408},{"Length":76,"Height":29,"Demand":0,"DemandMax":1,"Value":2204},{"Length":88,"Height":6,"Demand":0,"DemandMax":1,"Value":1584},{"Length":85,"Height":42,"Demand":0,"DemandMax":1,"Value":3570},{"Length":59,"Height":58,"Demand":0,"DemandMax":1,"Value":6844},{"Length":81,"Height":32,"Demand":0,"DemandMax":1,"Value":5184},{"Length":2,"Height":28,"Demand":0,"DemandMax":1,"Value":168},{"Length":59,"Height":98,"Demand":0,"DemandMax":1,"Value":5782},{"Length":14,"Height":85,"Demand":0,"DemandMax":1,"Value":3570},{"Length":100,"Height":16,"Demand":0,"DemandMax":1,"Value":4800},{"Length":62,"Height":94,"Demand":0,"DemandMax":1,"Value":11656},{"Length":22,"Height":43,"Demand":0,"DemandMax":1,"Value":2838},{"Length":25,"Height":86,"Demand":0,"DemandMax":1,"Value":6450},{"Length":27,"Height":36,"Demand":0,"DemandMax":1,"Value":2916},{"Length":27,"Height":89,"Demand":0,"DemandMax":1,"Value":7209},{"Length":18,"Height":84,"Demand":0,"DemandMax":1,"Value":3024},{"Length":96,"Height":3,"Demand":0,"DemandMax":1,"Value":288},{"Length":81,"Height":30,"Demand":0,"DemandMax":1,"Value":7290},{"Length":74,"Height":60,"Demand":0,"DemandMax":1,"Value":8880},{"Length":27,"Height":8,"Demand":0,"DemandMax":1,"Value":216},{"Length":69,"Height":94,"Demand":0,"DemandMax":1,"Value":6486},{"Length":88,"Height":78,"Demand":0,"DemandMax":1,"Value":6864},{"Length":7,"Height":19,"Demand":0,"DemandMax":2,"Value":399},{"Length":9,"Height":49,"Demand":0,"DemandMax":1,"Value":1323},{"Length":66,"Height":99,"Demand":0,"DemandMax":1,"Value":6534},{"Length":86,"Height":63,"Demand":0,"DemandMax":1,"Value":5418},{"Length":14,"Height":82,"Demand":0,"DemandMax":1,"Value":2296},{"Length":8,"Height":8,"Demand":0,"DemandMax":1,"Value":128},{"Length":59,"Height":61,"Demand":0,"DemandMax":1,"Value":7198},{"Length":19,"Height":94,"Demand":0,"DemandMax":1,"Value":1786},{"Length":32,"Height":16,"Demand":0,"DemandMax":1,"Value":1536},{"Length":76,"Height":35,"Demand":0,"DemandMax":1,"Value":5320},{"Length":93,"Height":27,"Demand":0,"DemandMax":1,"Value":5022},{"Length":47,"Height":78,"Demand":0,"DemandMax":1,"Value":3666},{"Length":41,"Height":37,"Demand":0,"DemandMax":1,"Value":1517},{"Length":8,"Height":44,"Demand":0,"DemandMax":1,"Value":1056},{"Length":28,"Height":32,"Demand":0,"DemandMax":1,"Value":896},{"Length":76,"Height":22,"Demand":0,"DemandMax":1,"Value":1672},{"Length":30,"Height":88,"Demand":0,"DemandMax":1,"Value":7920},{"Length":96,"Height":15,"Demand":0,"DemandMax":1,"Value":2880},{"Length":47,"Height":28,"Demand":0,"DemandMax":1,"Value":2632},{"Length":15,"Height":29,"Demand":0,"DemandMax":1,"Value":1305},{"Length":50,"Height":34,"Demand":0,"DemandMax":1,"Value":3400},{"Length":35,"Height":92,"Demand":0,"DemandMax":1,"Value":6440},{"Length":93,"Height":66,"Demand":0,"DemandMax":1,"Value":6138},{"Length":71,"Height":57,"Demand":0,"DemandMax":1,"Value":12141},{"Length":23,"Height":34,"Demand":0,"DemandMax":1,"Value":1564},{"Length":28,"Height":28,"Demand":0,"DemandMax":1,"Value":1568},{"Length":46,"Height":76,"Demand":0,"DemandMax":1,"Value":10488},{"Length":54,"Height":94,"Demand":0,"DemandMax":1,"Value":5076},{"Length":43,"Height":79,"Demand":0,"DemandMax":1,"Value":10191},{"Length":16,"Height":18,"Demand":0,"DemandMax":1,"Value":864},{"Length":89,"Height":51,"Demand":0,"DemandMax":1,"Value":13617},{"Length":76,"Height":14,"Demand":0,"DemandMax":1,"Value":3192},{"Length":98,"Height":93,"Demand":0,"DemandMax":1,"Value":18228},{"Length":27,"Height":40,"Demand":0,"DemandMax":1,"Value":2160},{"Length":45,"Height":100,"Demand":0,"DemandMax":1,"Value":9000},{"Length":100,"Height":54,"Demand":0,"DemandMax":1,"Value":10800},{"Length":39,"Height":39,"Demand":0,"DemandMax":1,"Value":1521},{"Length":23,"Height":3,"Demand":0,"DemandMax":1,"Value":207},{"Length":5,"Height":4,"Demand":0,"DemandMax":1,"Value":40},{"Length":94,"Height":43,"Demand":0,"DemandMax":1,"Value":8084},{"Length":77,"Height":30,"Demand":0,"DemandMax":1,"Value":4620},{"Length":91,"Height":81,"Demand":0,"DemandMax":1,"Value":14742},{"Length":36,"Height":28,"Demand":0,"DemandMax":1,"Value":3024},{"Length":9,"Height":31,"Demand":0,"DemandMax":1,"Value":837},{"Length":88,"Height":2,"Demand":0,"DemandMax":1,"Value":352},{"Length":41,"Height":3,"Demand":0,"DemandMax":1,"Value":369},{"Length":35,"Height":94,"Demand":0,"DemandMax":1,"Value":6580},{"Length":20,"Height":41,"Demand":0,"DemandMax":1,"Value":2460},{"Length":54,"Height":58,"Demand":0,"DemandMax":1,"Value":9396},{"Length":33,"Height":82,"Demand":0,"DemandMax":1,"Value":2706},{"Length":81,"Height":34,"Demand":0,"DemandMax":1,"Value":8262},{"Length":90,"Height":92,"Demand":0,"DemandMax":1,"Value":16560},{"Length":44,"Height":92,"Demand":0,"DemandMax":1,"Value":12144},{"Length":6,"Height":92,"Demand":0,"DemandMax":1,"Value":1104},{"Length":56,"Height":84,"Demand":0,"DemandMax":1,"Value":4704},{"Length":90,"Height":7,"Demand":0,"DemandMax":1,"Value":1260},{"Length":24,"Height":91,"Demand":0,"DemandMax":1,"Value":6552},{"Length":46,"Height":48,"Demand":0,"DemandMax":1,"Value":2208},{"Length":24,"Height":98,"Demand":0,"DemandMax":1,"Value":7056},{"Length":26,"Height":89,"Demand":0,"DemandMax":1,"Value":6942},{"Length":31,"Height":19,"Demand":0,"DemandMax":1,"Value":1178}]}