{"Name":"ngcutfs1_201","Objects":[{"Length":100,"Height":100,"Stock":null,"Cost":10000}],"Items":[{"Length":85,"Height":72,"Demand":0,"DemandMax":4,"Value":12240},{"Length":81,"Height":24,"Demand":0,"DemandMax":4,"Value":5832},{"Length":36,"Height":22,"Demand":0,"DemandMax":4,"Value":1584},{"Length":21,"Height":82,"Demand":0,"DemandMax":4,"Value":5166},{"Length":31,"Height":42,"Demand":0,"DemandMax":4,"Value":1302},{"Length":68,"Height":70,"Demand":0,"DemandMax":4,"Value":14280},{"Length":83,"Height":12,"Demand":0,"DemandMax":4,"Value":2988},{"Length":96,"Height":40,"Demand":0,"DemandMax":4,"Value":3840},{"Length":21,"Height":47,"Demand":0,"DemandMax":4,"Value":2961},{"Length":25,"Height":76,"Demand":0,"DemandMax":4,"Value":1900},{"Length":93,"Height":44,"Demand":0,"DemandMax":4,"Value":8184},{"Length":37,"Height":42,"Demand":0,"DemandMax":4,"Value":4662},{"Length":25,"Height":96,"Demand":0,"DemandMax":4,"Value":7200},{"Length":12,"Height":24,"Demand":0,"DemandMax":4,"Value":576},{"Length":18,"Height":21,"Demand":0,"DemandMax":4,"Value":1134},{"Length":33,"Height":21,"Demand":0,"DemandMax":4,"Value":2079},{"Length":10,"Height":19,"Demand":0,"DemandMax":4,"Value":190},{"Length":78,"Height":15,"Demand":0,"DemandMax":4,"Value":1170},{"Length":37,"Height":95,"Demand":0,"DemandMax":4,"Value":7030},{"Length":49,"Height":84,"Demand":0,"DemandMax":4,"Value":12348},{"Length":7,"Height":98,"Demand":0,"DemandMax":4,"Value":2058},{"Length":40,"Height":94,"Demand":0,"DemandMax":4,"Value":7520},{"Length":18,"Height":37,"Demand":0,"DemandMax":4,"Value":1998},{"Length":3,"Height":11,"Demand":0,"DemandMax":4,"Value":66},{"Length":12,"Height":21,"Demand":0,"DemandMax":4,"Value":756},{"Length":64,"Height":99,"Demand":0,"DemandMax":4,"Value":12672},{"Length":29,"Height":98,"Demand":0,"DemandMax":4,"Value":8526},{"Length":44,"Height":27,"Demand":0,"DemandMax":4,"Value":3564},{"Length":78,"Height":43,"Demand":0,"DemandMax":4,"Value":6708},{"Length":49,"Height":87,"Demand":0,"DemandMax":8,"Value":12789},{"Length":94,"Height":83,"Demand":0,"DemandMax":4,"Value":23406},{"Length":23,"Height":21,"Demand":0,"DemandMax":4,"Value":483},{"Length":18,"Height":91,"Demand":0,"DemandMax":4,"Value":3276},{"Length":23,"Height":11,"Demand":0,"DemandMax":4,"Value":506},{"Length":60,"Height":98,"Demand":0,"DemandMax":4,"Value":17640},{"Length":83,"Height":49,"Demand":0,"DemandMax":4,"Value":8134},{"Length":99,"Height":43,"Demand":0,"DemandMax":4,"Value":4257},{"Length":83,"Height":35,"Demand":0,"DemandMax":4,"Value":2905},{"Length":41,"Height":87,"Demand":0,"DemandMax":4,"Value":3567},{"Length":37,"Height":83,"Demand":0,"DemandMax":4,"Value":3071},{"Length":81,"Height":11,"Demand":0,"DemandMax":4,"Value":2673},{"Length":35,"Height":83,"Demand":0,"DemandMax":4,"Value":5810},{"Length":9,"Height":98,"Demand":0,"DemandMax":4,"Value":2646},{"Length":82,"Height":73,"Demand":0,"DemandMax":4,"Value":11972},{"Length":84,"Height":11,"Demand":0,"DemandMax":4,"Value":2772},{"Length":3,"Height":21,"Demand":0,"DemandMax":4,"Value":63},{"Length":94,"Height":12,"Demand":0,"DemandMax":4,"Value":3384},{"Length":98,"Height":7,"Demand":0,"DemandMax":4,"Value":686},{"Length":77,"Height":55,"Demand":0,"DemandMax":4,"Value":8470},{"Length":30,"Height":28,"Demand":0,"DemandMax":4,"Value":1680},{"Length":49,"Height":13,"Demand":0,"DemandMax":4,"Value":1274},{"Length":3,"Height":50,"Demand":0,"DemandMax":4,"Value":150},{"Length":44,"Height":83,"Demand":0,"DemandMax":8,"Value":10956},{"Length":82,"Height":9,"Demand":0,"DemandMax":4,"Value":2214},{"Length":6,"Height":83,"Demand":0,"DemandMax":4,"Value":498},{"Length":8,"Height":27,"Demand":0,"DemandMax":4,"Value":432},{"Length":23,"Height":17,"Demand":0,"DemandMax":4,"Value":1173},{"Length":94,"Height":74,"Demand":0,"DemandMax":4,"Value":13912},{"Length":46,"Height":47,"Demand":0,"DemandMax":4,"Value":6486},{"Length":83,"Height":6,"Demand":0,"DemandMax":4,"Value":1494},{"Length":15,"Height":16,"Demand":0,"DemandMax":4,"Value":240},{"Length":8,"Height":49,"Demand":0,"DemandMax":4,"Value":784},{"Length":50,"Height":41,"Demand":0,"DemandMax":4,"Value":4100},{"Length":48,"Height":14,"Demand":0,"DemandMax":4,"Value":1344},{"Length":31,"Height":29,"Demand":0,"DemandMax":4,"Value":899},{"Length":64,"Height":90,"Demand":0,"DemandMax":4,"Value":5760},{"Length":20,"Height":41,"Demand":0,"DemandMax":4,"Value":1640},{"Length":97,"Height":80,"Demand":0,"DemandMax":4,"Value":7760},{"Length":67,"Height":90,"Demand":0,"DemandMax":4,"Value":6030},{"Length":9,"Height":82,"Demand":0,"DemandMax":4,"Value":2214},{"Length":69,"Height":93,"Demand":0,"DemandMax":4,"Value":12834},{"Length":11,"Height":77,"Demand":0,"DemandMax":4,"Value":1694},{"Length":33,"Height":92,"Demand":0,"DemandMax":4,"Value":6072},{"Length":44,"Height":21,"Demand":0,"DemandMax":4,"Value":924},{"Length":4,"Height":16,"Demand":0,"DemandMax":4,"Value":192},{"Length":99,"Height":73,"Demand":0,"DemandMax":4,"Value":14454},{"Length":3,"Height":38,"Demand":0,"DemandMax":4,"Value":342},{"Length":79,"Height":32,"Demand":0,"DemandMax":4,"Value":7584},{"Length":80,"Height":31,"Demand":0,"DemandMax":4,"Value":7440},{"Length":46,"Height":97,"Demand":0,"DemandMax":4,"Value":4462},{"Length":30,"Height":40,"Demand":0,"DemandMax":4,"Value":2400},{"Length":95,"Height":51,"Demand":0,"DemandMax":4,"Value":14535},{"Length":91,"Height":73,"Demand":0,"DemandMax":8,"Value":13286},{"Length":94,"Height":94,"Demand":0,"DemandMax":4,"Value":26508},{"Length":2,"Height":76,"Demand":0,"DemandMax":4,"Value":456},{"Length":54,"Height":69,"Demand":0,"DemandMax":4,"Value":11178},{"Length":42,"Height":44,"Demand":0,"DemandMax":4,"Value":3696},{"Length":41,"Height":36,"Demand":0,"DemandMax":4,"Value":2952},{"Length":8,"Height":42,"Demand":0,"DemandMax":4,"Value":1008},{"Length":91,"Height":45,"Demand":0,"DemandMax":4,"Value":4095},{"Length":20,"Height":46,"Demand":0,"DemandMax":4,"Value":920},{"Length":36,"Height":25,"Demand":0,"DemandMax":4,"Value":900},{"Length":90,"Height":12,"Demand":0,"DemandMax":4,"Value":2160},{"Length":17,"Height":9,"Demand":0,"DemandMax":4,"Value":153},{"Length":18,"Height":43,"Demand":0,"DemandMax":4,"Value":774},{"Length":82,"Height":16,"Demand":0,"DemandMax":4,"Value":3936},{"Length":69,"Height":65,"Demand":0,"DemandMax":4,"Value":13455},{"Length":95,"Height":46,"Demand":0,"DemandMax":4,"Value":13110},{"Length":78,"Height":22,"Demand":0,"DemandMax":4,"Value":3432},{"Length":24,"Height":37,"Demand":0,"DemandMax":4,"Value":888},{"Length":2,"Height":17,"Demand":0,"DemandMax":4,"Value":68},{"Length":16,"Height":2,"Demand":0,"DemandMax":4,"Value":64},{"Length":77,"Height":36,"Demand":0,"DemandMax":4,"Value":2772},{"Length":41,"Height":12,"Demand":0,"DemandMax":4,"Value":984},{"Length":85,"Height":30,"Demand":0,"DemandMax":4,"Value":5100},{"Length":39,"Height":4,"Demand":0,"DemandMax":4,"Value":312},{"Length":64,"Height":70,"Demand":0,"DemandMax":4,"Value":13440},{"Length":8,"Height":17,"Demand":0,"DemandMax":4,"Value":408},{"Length":29,"Height":36,"Demand":0,"DemandMax":4,"Value":1044},{"Length":86,"Height":2,"Demand":0,"DemandMax":8,"Value":172},{"Length":88,"Height":27,"Demand":0,"DemandMax":4,"Value":2376},{"Length":82,"Height":50,"Demand":0,"DemandMax":8,"Value":12300},{"Length":48,"Height":87,"Demand":0,"DemandMax":4,"Value":8352},{"Length":98,"Height":59,"Demand":0,"DemandMax":4,"Value":11564},{"Length":94,"Height":44,"Demand":0,"DemandMax":4,"Value":8272},{"Length":51,"Height":60,"Demand":0,"DemandMax":4,"Value":9180},{"Length":30,"Height":48,"Demand":0,"DemandMax":4,"Value":4320},{"Length":78,"Height":75,"Demand":0,"DemandMax":4,"Value":11700},{"Length":80,"Height":37,"Demand":0,"DemandMax":4,"Value":2960},{"Length":61,"Height":93,"Demand":0,"DemandMax":8,"Value":5673},{"Length":64,"Height":98,"Demand":0,"DemandMax":4,"Value":12544},{"Length":16,"Height":37,"Demand":0,"DemandMax":4,"Value":592},{"Length":74,"Height":55,"Demand":0,"DemandMax":4,"Value":12210},{"Length":93,"Height":55,"Demand":0,"DemandMax":4,"Value":10230},{"Length":25,"Height":16,"Demand":0,"DemandMax":4,"Value":1200},{"Length":44,"Height":8,"Demand":0,"DemandMax":4,"Value":352},{"Length":6,"Height":98,"Demand":0,"DemandMax":8,"Value":588},{"Length":87,"Height":55,"Demand":0,"DemandMax":4,"Value":14355},{"Length":57,"Height":77,"Demand":0,"DemandMax":4,"Value":8778},{"Length":76,"Height":30,"Demand":0,"DemandMax":4,"Value":4560},{"Length":72,"Height":94,"Demand":0,"DemandMax":4,"Value":20304},{"Length":55,"Height":64,"Demand":0,"DemandMax":4,"Value":10560},{"Length":45,"Height":41,"Demand":0,"DemandMax":4,"Value":3690},{"Length":28,"Height":6,"Demand":0,"DemandMax":4,"Value":504},{"Length":95,"Height":20,"Demand":0,"DemandMax":4,"Value":1900},{"Length":99,"Height":3,"Demand":0,"DemandMax":4,"Value":297},{"Length":32,"Height":42,"Demand":0,"DemandMax":4,"Value":4032},{"Length":40,"Height":97,"Demand":0,"DemandMax":4,"Value":7760},{"Length":12,"Height":76,"Demand":0,"DemandMax":4,"Value":2736},{"Length":49,"Height":90,"Demand":0,"DemandMax":4,"Value":4410},{"Length":12,"Height":29,"Demand":0,"DemandMax":4,"Value":1044},{"Length":17,"Height":97,"Demand":0,"DemandMax":4,"Value":1649},{"Length":49,"Height":96,"Demand":0,"DemandMax":4,"Value":4704},{"Length":16,"Height":44,"Demand":0,"DemandMax":4,"Value":704},{"Length":84,"Height":8,"Demand":0,"DemandMax":4,"Value":2016},{"Length":66,"Height":84,"Demand":0,"DemandMax":4,"Value":11088},{"Length":34,"Height":48,"Demand":0,"DemandMax":4,"Value":1632},{"Length":8,"Height":91,"Demand":0,"DemandMax":4,"Value":1456},{"Length":60,"Height":56,"Demand":0,"DemandMax":4,"Value":3360},{"Length":15,"Height":91,"Demand":0,"DemandMax":4,"Value":4095},{"Length":64,"Height":62,"Demand":0,"DemandMax":4,"Value":7936},{"Length":22,"Height":85,"Demand":0,"DemandMax":4,"Value":3740},{"Length":100,"Height":79,"Demand":0,"DemandMax":4,"Value":15800},{"Length":26,"Height":18,"Demand":0,"DemandMax":4,"Value":936},{"Length":27,"Height":33,"Demand":0,"DemandMax":4,"Value":2673},{"Length":58,"Height":74,"Demand":0,"DemandMax":4,"Value":12876},{"Length":64,"Height":53,"Demand":0,"DemandMax":4,"Value":6784},{"Length":32,"Height":97,"Demand":0,"DemandMax":4,"Value":9312},{"Length":26,"Height":8,"Demand":0,"DemandMax":4,"Value":416},{"Length":23,"Height":35,"Demand":0,"DemandMax":4,"Value":1610},{"Length":82,"Height":5,"Demand":0,"DemandMax":4,"Value":1230},{"Length":35,"Height":3,"Demand":0,"DemandMax":4,"Value":210},{"Length":93,"Height":23,"Demand":0,"DemandMax":4,"Value":4278},{"Length":11,"Height":2,"Demand":0,"DemandMax":4,"Value":44},{"Length":39,"Height":79,"Demand":0,"DemandMax":4,"Value":3081},{"Length":25,"Height":90,"Demand":0,"DemandMax":4,"Value":6750},{"Length":12,"Height":89,"Demand":0,"DemandMax":4,"Value":2136},{"Length":14,"Height":46,"Demand":0,"DemandMax":4,"Value":644},{"Length":93,"Height":44,"Demand":0,"DemandMax":4,"Value":12276},{"Length":16,"Height":27,"Demand":0,"DemandMax":4,"Value":432},{"Length":53,"Height":97,"Demand":0,"DemandMax":4,"Value":10282},{"Length":32,"Height":18,"Demand":0,"DemandMax":4,"Value":1152},{"Length":37,"Height":50,"Demand":0,"DemandMax":4,"Value":5550},{"Length":30,"Height":89,"Demand":0,"DemandMax":4,"Value":2670},{"Length":7,"Height":47,"Demand":0,"DemandMax":4,"Value":329},{"Length":56,"Height":72,"Demand":0,"DemandMax":4,"Value":12096},{"Length":59,"Height":84,"Demand":0,"DemandMax":4,"Value":9912},{"Length":46,"Height":78,"Demand":0,"DemandMax":4,"Value":3588},{"Length":17,"Height":78,"Demand":0,"DemandMax":8,"Value":3978},{"Length":98,"Height":43,"Demand":0,"DemandMax":4,"Value":12642},{"Length":85,"Height":70,"Demand":0,"DemandMax":4,"Value":17850},{"Length":98,"Height":45,"Demand":0,"DemandMax":4,"Value":13230},{"Length":95,"Height":38,"Demand":0,"DemandMax":4,"Value":10830},{"Length":63,"Height":60,"Demand":0,"DemandMax":4,"Value":7560},{"Length":28,"Height":13,"Demand":0,"DemandMax":4,"Value":728},{"Length":92,"Height":31,"Demand":0,"DemandMax":4,"Value":2852},{"Length":82,"Height":14,"Demand":0,"DemandMax":4,"Value":1148},{"Length":20,"Height":83,"Demand":0,"DemandMax":4,"Value":3320},{"Length":28,"Height":86,"Demand":0,"DemandMax":4,"Value":2408},{"Length":76,"Height":27,"Demand":0,"DemandMax":4,"Value":4104},{"Length":86,"Height":30,"Demand":0,"DemandMax":4,"Value":7740},{"Length":81,"Height":97,"Demand":0,"DemandMax":4,"Value":7857},{"Length":27,"Height":21,"Demand":0,"DemandMax":8,"Value":1701},{"Length":14,"Height":34,"Demand":0,"DemandMax":4,"Value":952},{"Length":79,"Height":27,"Demand":0,"DemandMax":4,"Value":4266},{"Length":96,"Height":43,"Demand":0,"DemandMax":8,"Value":4128},{"Length":5,"Height":86,"Demand":0,"DemandMax":4,"Value":1290},{"Length":63,"Height":59,"Demand":0,"DemandMax":8,"Value":7434},{"Length":83,"Height":22,"Demand":0,"DemandMax":4,"Value":3652},{"Length":96,"Height":44,"Demand":0,"DemandMax":4,"Value":12672},{"Length":23,"Height":86,"Demand":0,"DemandMax":4,"Value":1978},{"Length":90,"Height":41,"Demand":0,"DemandMax":4,"Value":3690},{"Length":63,"Height":76,"Demand":0,"DemandMax":4,"Value":4788},{"Length":76,"Height":75,"Demand":0,"DemandMax":4,"Value":11400},{"Length":36,"Height":14,"Demand":0,"DemandMax":4,"Value":1512},{"Length":77,"Height":90,"Demand":0,"DemandMax":4,"Value":6930},{"Length":6,"Height":98,"Demand":0,"DemandMax":4,"Value":1764},{"Length":55,"Height":75,"Demand":0,"DemandMax":4,"Value":4125},{"Length":48,"Height":12,"Demand":0,"DemandMax":4,"Value":1728},{"Length":39,"Height":82,"Demand":0,"DemandMax":4,"Value":9594},{"Length":20,"Height":6,"Demand":0,"DemandMax":4,"Value":360},{"Length":17,"Height":11,"Demand":0,"DemandMax":4,"Value":561},{"Length":20,"Height":80,"Demand":0,"DemandMax":4,"Value":1600},{"Length":29,"Height":10,"Demand":0,"DemandMax":4,"Value":870},{"Length":63,"Height":66,"Demand":0,"DemandMax":4,"Value":12474},{"Length":19,"Height":8,"Demand":0,"DemandMax":4,"Value":152},{"Length":46,"Height":25,"Demand":0,"DemandMax":4,"Value":1150},{"Length":29,"Height":88,"Demand":0,"DemandMax":4,"Value":2552},{"Length":7,"Height":100,"Demand":0,"DemandMax":4,"Value":2100},{"Length":15,"Height":33,"Demand":0,"DemandMax":4,"Value":495},{"Length":79,"Height":45,"Demand":0,"DemandMax":4,"Value":10665},{"Length":15,"Height":26,"Demand":0,"DemandMax":4,"Value":1170},{"Length":25,"Height":89,"Demand":0,"DemandMax":8,"Value":2225},{"Length":4,"Height":14,"Demand":0,"DemandMax":4,"Value":112},{"Length":20,"Height":94,"Demand":0,"DemandMax":4,"Value":5640},{"Length":3,"Height":88,"Demand":0,"DemandMax":4,"Value":792},{"Length":78,"Height":21,"Demand":0,"DemandMax":4,"Value":3276},{"Length":26,"Height":23,"Demand":0,"DemandMax":4,"Value":1794},{"Length":22,"Height":31,"Demand":0,"DemandMax":8,"Value":1364},{"Length":93,"Height":5,"Demand":0,"DemandMax":4,"Value":930},{"Length":16,"Height":13,"Demand":0,"DemandMax":4,"Value":416},{"Length":13,"Height":25,"Demand":0,"DemandMax":4,"Value":650},{"Length":11,"Height":7,"Demand":0,"DemandMax":4,"Value":77},{"Length":40,"Height":26,"Demand":0,"DemandMax":4,"Value":2080},{"Length":89,"Height":45,"Demand":0,"DemandMax":4,"Value":4005},{"Length":28,"Height":44,"Demand":0,"DemandMax":4,"Value":2464},{"Length":77,"Height":26,"Demand":0,"DemandMax":4,"Value":6006},{"Length":15,"Height":18,"Demand":0,"DemandMax":4,"Value":810},{"Length":100,"Height":100,"Demand":0,"DemandMax":4,"Value":10000},{"Length":37,"Height":78,"Demand":0,"DemandMax":4,"Value":5772},{"Length":60,"Height":58,"Demand":0,"DemandMax":4,"Value":3480},{"Length":5,"Height":87,"Demand":0,"DemandMax":4,"Value":870},{"Length":86,"Height":15,"Demand":0,"DemandMax":4,"Value":1290},{"Length":90,"Height":19,"Demand":0,"DemandMax":4,"Value":1710},{"Length":75,"Height":52,"Demand":0,"DemandMax":4,"Value":3900},{"Length":49,"Height":76,"Demand":0,"DemandMax":4,"Value":3724},{"Length":34,"Height":41,"Demand":0,"DemandMax":4,"Value":2788},{"Length":32,"Height":12,"Demand":0,"DemandMax":4,"Value":384},{"Length":76,"Height":32,"Demand":0,"DemandMax":4,"Value":4864},{"Length":26,"Height":27,"Demand":0,"DemandMax":4,"Value":2106},{"Length":30,"Height":81,"Demand":0,"DemandMax":4,"Value":7290},{"Length":10,"Height":20,"Demand":0,"DemandMax":4,"Value":200},{"Length":77,"Height":50,"Demand":0,"DemandMax":4,"Value":11550},{"Length":41,"Height":28,"Demand":0,"DemandMax":4,"Value":3444},{"Length":73,"Height":90,"Demand":0,"DemandMax":4,"Value":19710},{"Length":46,"Height":14,"Demand":0,"DemandMax":4,"Value":644},{"Length":41,"Height":84,"Demand":0,"DemandMax":4,"Value":3444},{"Length":41,"Height":88,"Demand":0,"DemandMax":4,"Value":10824},{"Length":48,"Height":29,"Demand":0,"DemandMax":4,"Value":2784},{"Length":83,"Height":57,"Demand":0,"DemandMax":4,"Value":14193},{"Length":97,"Height":19,"Demand":0,"DemandMax":4,"Value":1843},{"Length":81,"Height":47,"Demand":0,"DemandMax":4,"Value":11421},{"Length":53,"Height":98,"Demand":0,"DemandMax":4,"Value":5194},{"Length":18,"Height":14,"Demand":0,"DemandMax":4,"Value":252},{"Length":34,"Height":30,"Demand":0,"DemandMax":4,"Value":3060},{"Length":12,"Height":33,"Demand":0,"DemandMax":4,"Value":792},{"Length":41,"Height":3,"Demand":0,"DemandMax":8,"Value":369},{"Length":30,"Height":11,"Demand":0,"DemandMax":4,"Value":990},{"Length":38,"Height":26,"Demand":0,"DemandMax":4,"Value":2964},{"Length":19,"Height":89,"Demand":0,"DemandMax":4,"Value":1691},{"Length":22,"Height":77,"Demand":0,"DemandMax":4,"Value":1694},{"Length":47,"Height":16,"Demand":0,"DemandMax":4,"Value":752},{"Length":6,"Height":42,"Demand":0,"DemandMax":4,"Value":252},{"Length":60,"Height":91,"Demand":0,"DemandMax":4,"Value":16380},{"Length":96,"Height":92,"Demand":0,"DemandMax":4,"Value":17664},{"Length":24,"Height":100,"Demand":0,"DemandMax":4,"Value":2400},{"Length":61,"Height":57,"Demand":0,"DemandMax":4,"Value":6954},{"Length":12,"Height":14,"Demand":0,"DemandMax":4,"Value":168},{"Length":86,"Height":11,"Demand":0,"DemandMax":4,"Value":2838},{"Length":3,"Height":26,"Demand":0,"DemandMax":4,"Value":234},{"Length":91,"Height":12,"Demand":0,"DemandMax":8,"Value":3276},{"Length":48,"Height":9,"Demand":0,"DemandMax":4,"Value":864},{"Length":75,"Height":96,"Demand":0,"DemandMax":4,"Value":14400},{"Length":26,"Height":33,"Demand":0,"DemandMax":4,"Value":2574},{"Length":24,"Height":43,"Demand":0,"DemandMax":4,"Value":3096},{"Length":97,"Height":93,"Demand":0,"DemandMax":4,"Value":18042},{"Length":15,"Height":37,"Demand":0,"DemandMax":4,"Value":1665},{"Length":94,"Height":48,"Demand":0,"DemandMax":4,"Value":13536},{"Length":7,"Height":80,"Demand":0,"DemandMax":4,"Value":560},{"Length":97,"Height":31,"Demand":0,"DemandMax":4,"Value":9021},{"Length":41,"Height":23,"Demand":0,"DemandMax":4,"Value":943},{"Length":88,"Height":21,"Demand":0,"DemandMax":4,"Value":1848},{"Length":100,"Height":97,"Demand":0,"DemandMax":4,"Value":19400},{"Length":38,"Height":35,"Demand":0,"DemandMax":4,"Value":3990},{"Length":99,"Height":93,"Demand":0,"DemandMax":4,"Value":9207},{"Length":42,"Height":29,"Demand":0,"DemandMax":4,"Value":2436},{"Length":42,"Height":76,"Demand":0,"DemandMax":4,"Value":9576},{"Length":18,"Height":7,"Demand":0,"DemandMax":4,"Value":126},{"Length":87,"Height":59,"Demand":0,"DemandMax":4,"Value":5133},{"Length":15,"Height":30,"Demand":0,"DemandMax":4,"Value":900},{"Length":29,"Height":6,"Demand":0,"DemandMax":4,"Value":174},{"Length":85,"Height":42,"Demand":0,"DemandMax":4,"Value":10710},{"Length":27,"Height":27,"Demand":0,"DemandMax":4,"Value":1458},{"Length":53,"Height":52,"Demand":0,"DemandMax":4,"Value":2756},{"Length":9,"Height":95,"Demand":0,"DemandMax":4,"Value":2565},{"Length":7,"Height":45,"Demand":0,"DemandMax":4,"Value":630},{"Length":80,"Height":73,"Demand":0,"DemandMax":4,"Value":11680},{"Length":61,"Height":90,"Demand":0,"DemandMax":4,"Value":16470},{"Length":4,"Height":80,"Demand":0,"DemandMax":4,"Value":960},{"Length":37,"Height":49,"Demand":0,"DemandMax":4,"Value":5439},{"Length":13,"Height":22,"Demand":0,"DemandMax":4,"Value":572},{"Length":80,"Height":11,"Demand":0,"DemandMax":4,"Value":1760},{"Length":3,"Height":23,"Demand":0,"DemandMax":4,"Value":69},{"Length":43,"Height":37,"Demand":0,"DemandMax":4,"Value":3182},{"Length":79,"Height":49,"Demand":0,"DemandMax":4,"Value":7742},{"Length":44,"Height":79,"Demand":0,"DemandMax":4,"Value":3476},{"Length":30,"Height":23,"Demand":0,"DemandMax":4,"Value":1380},{"Length":50,"Height":2,"Demand":0,"DemandMax":4,"Value":100},{"Length":22,"Height":38,"Demand":0,"DemandMax":4,"Value":2508},{"Length":22,"Height":87,"Demand":0,"DemandMax":4,"Value":1914},{"Length":41,"Height":34,"Demand":0,"DemandMax":4,"Value":1394},{"Length":49,"Height":46,"Demand":0,"DemandMax":4,"Value":2254},{"Length":15,"Height":30,"Demand":0,"DemandMax":4,"Value":1350},{"Length":31,"Height":31,"Demand":0,"DemandMax":4,"Value":961},{"Length":33,"Height":28,"Demand":0,"DemandMax":4,"Value":2772},{"Length":14,"Height":20,"Demand":0,"DemandMax":4,"Value":840},{"Length":76,"Height":32,"Demand":0,"DemandMax":4,"Value":2432},{"Length":61,"Height":63,"Demand":0,"DemandMax":8,"Value":7686},{"Length":83,"Height":53,"Demand":0,"DemandMax":4,"Value":4399},{"Length":80,"Height":24,"Demand":0,"DemandMax":4,"Value":3840},{"Length":87,"Height":94,"Demand":0,"DemandMax":4,"Value":16356},{"Length":10,"Height":50,"Demand":0,"DemandMax":4,"Value":1500},{"Length":8,"Height":14,"Demand":0,"DemandMax":4,"Value":336},{"Length":94,"Height":45,"Demand":0,"DemandMax":4,"Value":4230},{"Length":18,"Height":86,"Demand":0,"DemandMax":4,"Value":4644},{"Length":77,"Height":77,"Demand":0,"DemandMax":4,"Value":5929},{"Length":100,"Height":82,"Demand":0,"DemandMax":4,"Value":16400},{"Length":81,"Height":77,"Demand":0,"DemandMax":8,"Value":12474},{"Length":98,"Height":34,"Demand":0,"DemandMax":4,"Value":9996},{"Length":84,"Height":21,"Demand":0,"DemandMax":4,"Value":5292},{"Length":3,"Height":27,"Demand":0,"DemandMax":4,"Value":243},{"Length":4,"Height":32,"Demand":0,"DemandMax":8,"Value":384},{"Length":50,"Height":89,"Demand":0,"DemandMax":4,"Value":8900},{"Length":87,"Height":44,"Demand":0,"DemandMax":4,"Value":11484},{"Length":52,"Height":94,"Demand":0,"DemandMax":4,"Value":4888},{"Length":75,"Height":91,"Demand":0,"DemandMax":4,"Value":6825},{"Length":36,"Height":44,"Demand":0,"DemandMax":4,"Value":3168},{"Length":99,"Height":7,"Demand":0,"DemandMax":12,"Value":2079},{"Length":34,"Height":100,"Demand":0,"DemandMax":8,"Value":3400},{"Length":83,"Height":96,"Demand":0,"DemandMax":4,"Value":7968},{"Length":13,"Height":88,"Demand":0,"DemandMax":4,"Value":1144},{"Length":43,"Height":94,"Demand":0,"DemandMax":4,"Value":12126},{"Length":5,"Height":39,"Demand":0,"DemandMax":4,"Value":585},{"Length":83,"Height":81,"Demand":0,"DemandMax":4,"Value":20169},{"Length":37,"Height":22,"Demand":0,"DemandMax":4,"Value":814},{"Length":14,"Height":49,"Demand":0,"DemandMax":4,"Value":2058},{"Length":23,"Height":45,"Demand":0,"DemandMax":4,"Value":3105},{"Length":31,"Height":34,"Demand":0,"DemandMax":4,"Value":3162},{"Length":73,"Height":71,"Demand":0,"DemandMax":4,"Value":5183},{"Length":31,"Height":86,"Demand":0,"DemandMax":4,"Value":7998},{"Length":37,"Height":91,"Demand":0,"DemandMax":4,"Value":6734},{"Length":92,"Height":6,"Demand":0,"DemandMax":4,"Value":1656},{"Length":86,"Height":93,"Demand":0,"DemandMax":4,"Value":7998},{"Length":48,"Height":42,"Demand":0,"DemandMax":4,"Value":6048},{"Length":30,"Height":23,"Demand":0,"DemandMax":4,"Value":2070},{"Length":5,"Height":3,"Demand":0,"DemandMax":8,"Value":45},{"Length":60,"Height":78,"Demand":0,"DemandMax":4,"Value":14040},{"Length":85,"Height":81,"Demand":0,"DemandMax":4,"Value":20655},{"Length":100,"Height":94,"Demand":0,"DemandMax":4,"Value":9400},{"Length":46,"Height":45,"Demand":0,"DemandMax":4,"Value":2070},{"Length":81,"Height":15,"Demand":0,"DemandMax":8,"Value":2430},{"Length":22,"Height":89,"Demand":0,"DemandMax":4,"Value":3916},{"Length":22,"Height":14,"Demand":0,"DemandMax":4,"Value":924},{"Length":93,"Height":10,"Demand":0,"DemandMax":4,"Value":1860},{"Length":41,"Height":29,"Demand":0,"DemandMax":4,"Value":3567},{"Length":94,"Height":76,"Demand":0,"DemandMax":4,"Value":7144},{"Length":92,"Height":81,"Demand":0,"DemandMax":4,"Value":7452},{"Length":9,"Height":77,"Demand":0,"DemandMax":4,"Value":693},{"Length":29,"Height":43,"Demand":0,"DemandMax":4,"Value":3741},{"Length":64,"Height":56,"Demand":0,"DemandMax":4,"Value":10752},{"Length":34,"Height":11,"Demand":0,"DemandMax":4,"Value":374},{"Length":80,"Height":20,"Demand":0,"DemandMax":4,"Value":3200},{"Length":61,"Height":70,"Demand":0,"DemandMax":4,"Value":12810},{"Length":41,"Height":3,"Demand":0,"DemandMax":4,"Value":246},{"Length":29,"Height":77,"Demand":0,"DemandMax":4,"Value":2233},{"Length":46,"Height":2,"Demand":0,"DemandMax":4,"Value":184},{"Length":66,"Height":98,"Demand":0,"DemandMax":4,"Value":6468},{"Length":95,"Height":91,"Demand":0,"DemandMax":4,"Value":25935},{"Length":13,"Height":13,"Demand":0,"DemandMax":4,"Value":338},{"Length":29,"Height":9,"Demand":0,"DemandMax":4,"Value":522},{"Length":2,"Height":99,"Demand":0,"DemandMax":4,"Value":594},{"Length":71,"Height":74,"Demand":0,"DemandMax":4,"Value":10508},{"Length":34,"Height":90,"Demand":0,"DemandMax":4,"Value":9180},{"Length":83,"Height":17,"Demand":0,"DemandMax":4,"Value":2822},{"Length":20,"Height":100,"Demand":0,"DemandMax":4,"Value":4000},{"Length":95,"Height":26,"Demand":0,"DemandMax":4,"Value":4940},{"Length":27,"Height":26,"Demand":0,"DemandMax":4,"Value":702},{"Length":38,"Height":83,"Demand":0,"DemandMax":4,"Value":6308},{"Length":50,"Height":10,"Demand":0,"DemandMax":4,"Value":500},{"Length":38,"Height":80,"Demand":0,"DemandMax":4,"Value":9120},{"Length":82,"Height":84,"Demand":0,"DemandMax":4,"Value":20664},{"Length":31,"Height":86,"Demand":0,"DemandMax":4,"Value":2666},{"Length":37,"Height":93,"Demand":0,"DemandMax":4,"Value":10323},{"Length":45,"Height":85,"Demand":0,"DemandMax":4,"Value":3825},{"Length":3,"Height":82,"Demand":0,"DemandMax":4,"Value":492},{"Length":30,"Height":19,"Demand":0,"DemandMax":4,"Value":1140},{"Length":93,"Height":36,"Demand":0,"DemandMax":4,"Value":10044},{"Length":9,"Height":50,"Demand":0,"DemandMax":4,"Value":1350},{"Length":37,"Height":17,"Demand":0,"DemandMax":4,"Value":1887},{"Length":96,"Height":55,"Demand":0,"DemandMax":4,"Value":5280},{"Length":99,"Height":96,"Demand":0,"DemandMax":4,"Value":19008},{"Length":67,"Height":71,"Demand":0,"DemandMax":4,"Value":14271},{"Length":59,"Height":56,"Demand":0,"DemandMax":4,"Value":3304},{"Length":66,"Height":87,"Demand":0,"DemandMax":4,"Value":11484},{"Length":60,"Height":99,"Demand":0,"DemandMax":4,"Value":11880},{"Length":49,"Height":33,"Demand":0,"DemandMax":4,"Value":1617},{"Length":22,"Height":22,"Demand":0,"DemandMax":4,"Value":484},{"Length":27,"Height":2,"Demand":0,"DemandMax":4,"Value":162},{"Length":10,"Height":80,"Demand":0,"DemandMax":8,"Value":1600},{"Length":41,"Height":14,"Demand":0,"DemandMax":4,"Value":574},{"Length":3,"Height":28,"Demand":0,"DemandMax":4,"Value":168},{"Length":76,"Height":14,"Demand":0,"DemandMax":8,"Value":2128},{"Length":81,"Height":50,"Demand":0,"DemandMax":4,"Value":8100},{"Length":8,"Height":10,"Demand":0,"DemandMax":4,"Value":240},{"Length":2,"Height":23,"Demand":0,"DemandMax":4,"Value":138},{"Length":86,"Height":3,"Demand":0,"DemandMax":4,"Value":516},{"Length":66,"Height":90,"Demand":0,"DemandMax":4,"Value":11880},{"Length":5,"Height":44,"Demand":0,"DemandMax":4,"Value":440},{"Length":40,"Height":28,"Demand":0,"DemandMax":4,"Value":3360},{"Length":3,"Height":89,"Demand":0,"DemandMax":4,"Value":267},{"Length":57,"Height":54,"Demand":0,"DemandMax":4,"Value":6156},{"Length":69,"Height":53,"Demand":0,"DemandMax":4,"Value":3657},{"Length":32,"Height":94,"Demand":0,"DemandMax":4,"Value":9024},{"Length":31,"Height":7,"Demand":0,"DemandMax":4,"Value":217},{"Length":7,"Height":77,"Demand":0,"DemandMax":4,"Value":539},{"Length":10,"Height":48,"Demand":0,"DemandMax":4,"Value":960},{"Length":49,"Height":9,"Demand":0,"DemandMax":8,"Value":1323},{"Length":32,"Height":96,"Demand":0,"DemandMax":4,"Value":6144},{"Length":37,"Height":46,"Demand":0,"DemandMax":4,"Value":5106},{"Length":96,"Height":21,"Demand":0,"DemandMax":4,"Value":4032},{"Length":58,"Height":54,"Demand":0,"DemandMax":4,"Value":6264},{"Length":49,"Height":12,"Demand":0,"DemandMax":4,"Value":1176},{"Length":11,"Height":85,"Demand":0,"DemandMax":4,"Value":2805},{"Length":39,"Height":92,"Demand":0,"DemandMax":4,"Value":10764},{"Length":39,"Height":39,"Demand":0,"DemandMax":4,"Value":1521},{"Length":30,"Height":24,"Demand":0,"DemandMax":4,"Value":2160},{"Length":88,"Height":13,"Demand":0,"DemandMax":4,"Value":1144},{"Length":6,"Height":89,"Demand":0,"DemandMax":4,"Value":1602},{"Length":32,"Height":100,"Demand":0,"DemandMax":4,"Value":3200},{"Length":27,"Height":17,"Demand":0,"DemandMax":4,"Value":459},{"Length":32,"Height":8,"Demand":0,"DemandMax":4,"Value":512},{"Length":46,"Height":32,"Demand":0,"DemandMax":4,"Value":4416},{"Length":57,"Height":100,"Demand":0,"DemandMax":4,"Value":5700},{"Length":55,"Height":76,"Demand":0,"DemandMax":4,"Value":8360},{"Length":83,"Height":91,"Demand":0,"DemandMax":4,"Value":15106},{"Length":35,"Height":10,"Demand":0,"DemandMax":4,"Value":700},{"Length":63,"Height":69,"Demand":0,"DemandMax":4,"Value":8694},{"Length":45,"Height":42,"Demand":0,"DemandMax":4,"Value":1890},{"Length":3,"Height":29,"Demand":0,"DemandMax":4,"Value":261},{"Length":40,"Height":15,"Demand":0,"DemandMax":4,"Value":1200},{"Length":96,"Height":44,"Demand":0,"DemandMax":4,"Value":4224},{"Length":31,"Height":25,"Demand":0,"DemandMax":4,"Value":2325},{"Length":20,"Height":100,"Demand":0,"DemandMax":4,"Value":2000},{"Length":17,"Height":96,"Demand":0,"DemandMax":4,"Value":4896},{"Length":10,"Height":78,"Demand":0,"DemandMax":4,"Value":780},{"Length":71,"Height":65,"Demand":0,"DemandMax":4,"Value":4615},{"Length":37,"Height":96,"Demand":0,"DemandMax":4,"Value":3552},{"Length":15,"Height":14,"Demand":0,"DemandMax":4,"Value":210},{"Length":18,"Height":82,"Demand":0,"DemandMax":4,"Value":2952},{"Length":25,"Height":91,"Demand":0,"DemandMax":4,"Value":2275},{"Length":21,"Height":45,"Demand":0,"DemandMax":4,"Value":1890},{"Length":77,"Height":12,"Demand":0,"DemandMax":4,"Value":924},{"Length":40,"Height":27,"Demand":0,"DemandMax":4,"Value":1080},{"Length":29,"Height":23,"Demand":0,"DemandMax":4,"Value":667},{"Length":23,"Height":98,"Demand":0,"DemandMax":4,"Value":2254},{"Length":59,"Height":93,"Demand":0,"DemandMax":4,"Value":16461},{"Length":85,"Height":71,"Demand":0,"DemandMax":4,"Value":18105},{"Length":14,"Height":86,"Demand":0,"DemandMax":4,"Value":1204},{"Length":12,"Height":26,"Demand":0,"DemandMax":4,"Value":936},{"Length":22,"Height":29,"Demand":0,"DemandMax":4,"Value":1276},{"Length":18,"Height":99,"Demand":0,"DemandMax":4,"Value":5346},{"Length":26,"Height":25,"Demand":0,"DemandMax":4,"Value":1300},{"Length":70,"Height":88,"Demand":0,"DemandMax":4,"Value":6160},{"Length":32,"Height":31,"Demand":0,"DemandMax":4,"Value":992},{"Length":94,"Height":36,"Demand":0,"DemandMax":4,"Value":10152},{"Length":77,"Height":47,"Demand":0,"DemandMax":4,"Value":10857},{"Length":11,"Height":49,"Demand":0,"DemandMax":4,"Value":1617},{"Length":83,"Height":47,"Demand":0,"DemandMax":4,"Value":3901},{"Length":27,"Height":84,"Demand":0,"DemandMax":4,"Value":4536},{"Length":46,"Height":34,"Demand":0,"DemandMax":4,"Value":1564},{"Length":86,"Height":39,"Demand":0,"DemandMax":4,"Value":3354},{"Length":29,"Height":27,"Demand":0,"DemandMax":4,"Value":1566},{"Length":37,"Height":97,"Demand":0,"DemandMax":4,"Value":7178},{"Length":98,"Height":20,"Demand":0,"DemandMax":4,"Value":3920},{"Length":29,"Height":97,"Demand":0,"DemandMax":4,"Value":8439},{"Length":6,"Height":43,"Demand":0,"DemandMax":4,"Value":258},{"Length":96,"Height":27,"Demand":0,"DemandMax":4,"Value":7776},{"Length":27,"Height":36,"Demand":0,"DemandMax":4,"Value":1944},{"Length":44,"Height":19,"Demand":0,"DemandMax":8,"Value":2508},{"Length":44,"Height":6,"Demand":0,"DemandMax":4,"Value":528},{"Length":24,"Height":21,"Demand":0,"DemandMax":8,"Value":1008},{"Length":48,"Height":39,"Demand":0,"DemandMax":4,"Value":5616},{"Length":80,"Height":47,"Demand":0,"DemandMax":8,"Value":3760},{"Length":37,"Height":28,"Demand":0,"DemandMax":8,"Value":1036},{"Length":95,"Height":95,"Demand":0,"DemandMax":4,"Value":18050},{"Length":98,"Height":34,"Demand":0,"DemandMax":4,"Value":6664},{"Length":97,"Height":20,"Demand":0,"DemandMax":4,"Value":5820},{"Length":28,"Height":13,"Demand":0,"DemandMax":4,"Value":1092},{"Length":28,"Height":36,"Demand":0,"DemandMax":4,"Value":3024},{"Length":48,"Height":26,"Demand":0,"DemandMax":4,"Value":2496},{"Length":80,"Height":96,"Demand":0,"DemandMax":4,"Value":15360},{"Length":81,"Height":5,"Demand":0,"DemandMax":4,"Value":810},{"Length":81,"Height":87,"Demand":0,"DemandMax":4,"Value":21141},{"Length":40,"Height":90,"Demand":0,"DemandMax":4,"Value":10800},{"Length":57,"Height":61,"Demand":0,"DemandMax":4,"Value":10431},{"Length":11,"Height":92,"Demand":0,"DemandMax":4,"Value":2024},{"Length":96,"Height":3,"Demand":0,"DemandMax":4,"Value":864},{"Length":26,"Height":34,"Demand":0,"DemandMax":4,"Value":884},{"Length":18,"Height":10,"Demand":0,"DemandMax":4,"Value":180},{"Length":40,"Height":99,"Demand":0,"DemandMax":4,"Value":11880},{"Length":37,"Height":13,"Demand":0,"DemandMax":4,"Value":962},{"Length":17,"Height":92,"Demand":0,"DemandMax":8,"Value":3128},{"Length":29,"Height":24,"Demand":0,"DemandMax":4,"Value":2088},{"Length":98,"Height":23,"Demand":0,"DemandMax":4,"Value":2254},{"Length":43,"Height":6,"Demand":0,"DemandMax":4,"Value":516},{"Length":18,"Height":76,"Demand":0,"DemandMax":4,"Value":4104},{"Length":26,"Height":20,"Demand":0,"DemandMax":4,"Value":1040},{"Length":18,"Height":32,"Demand":0,"DemandMax":4,"Value":1152},{"Length":51,"Height":59,"Demand":0,"DemandMax":4,"Value":3009},{"Length":44,"Height":11,"Demand":0,"DemandMax":4,"Value":1452},{"Length":33,"Height":80,"Demand":0,"DemandMax":4,"Value":7920},{"Length":85,"Height":47,"Demand":0,"DemandMax":4,"Value":7990},{"Length":9,"Height":10,"Demand":0,"DemandMax":4,"Value":90},{"Length":80,"Height":91,"Demand":0,"DemandMax":4,"Value":14560},{"Length":71,"Height":96,"Demand":0,"DemandMax":4,"Value":6816},{"Length":33,"Height":91,"Demand":0,"DemandMax":4,"Value":9009},{"Length":41,"Height":94,"Demand":0,"DemandMax":4,"Value":11562},{"Length":100,"Height":59,"Demand":0,"DemandMax":4,"Value":17700},{"Length":57,"Height":83,"Demand":0,"DemandMax":4,"Value":4731},{"Length":24,"Height":17,"Demand":0,"DemandMax":4,"Value":1224},{"Length":54,"Height":76,"Demand":0,"DemandMax":4,"Value":12312},{"Length":58,"Height":87,"Demand":0,"DemandMax":4,"Value":10092},{"Length":80,"Height":33,"Demand":0,"DemandMax":4,"Value":7920},{"Length":61,"Height":79,"Demand":0,"DemandMax":4,"Value":4819},{"Length":51,"Height":51,"Demand":0,"DemandMax":4,"Value":7803},{"Length":38,"Height":29,"Demand":0,"DemandMax":4,"Value":3306},{"Length":85,"Height":73,"Demand":0,"DemandMax":4,"Value":6205},{"Length":98,"Height":82,"Demand":0,"DemandMax":4,"Value":8036},{"Length":22,"Height":15,"Demand":0,"DemandMax":4,"Value":990},{"Length":82,"Height":82,"Demand":0,"DemandMax":4,"Value":6724},{"Length":82,"Height":27,"Demand":0,"DemandMax":4,"Value":4428},{"Length":32,"Height":35,"Demand":0,"DemandMax":4,"Value":1120},{"Length":3,"Height":12,"Demand":0,"DemandMax":4,"Value":72},{"Length":79,"Height":2,"Demand":0,"DemandMax":4,"Value":158},{"Length":32,"Height":92,"Demand":0,"DemandMax":4,"Value":2944},{"Length":78,"Height":20,"Demand":0,"DemandMax":4,"Value":1560},{"Length":78,"Height":64,"Demand":0,"DemandMax":4,"Value":4992},{"Length":48,"Height":47,"Demand":0,"DemandMax":4,"Value":6768},{"Length":58,"Height":80,"Demand":0,"DemandMax":4,"Value":9280},{"Length":84,"Height":5,"Demand":0,"DemandMax":4,"Value":1260},{"Length":58,"Height":70,"Demand":0,"DemandMax":4,"Value":12180},{"Length":67,"Height":84,"Demand":0,"DemandMax":4,"Value":5628},{"Length":41,"Height":87,"Demand":0,"DemandMax":4,"Value":10701},{"Length":40,"Height":79,"Demand":0,"DemandMax":4,"Value":9480},{"Length":94,"Height":73,"Demand":0,"DemandMax":4,"Value":20586},{"Length":98,"Height":71,"Demand":0,"DemandMax":4,"Value":20874},{"Length":43,"Height":34,"Demand":0,"DemandMax":4,"Value":1462},{"Length":10,"Height":79,"Demand":0,"DemandMax":4,"Value":1580},{"Length":32,"Height":25,"Demand":0,"DemandMax":4,"Value":2400},{"Length":80,"Height":81,"Demand":0,"DemandMax":4,"Value":12960},{"Length":32,"Height":11,"Demand":0,"DemandMax":4,"Value":704},{"Length":84,"Height":3,"Demand":0,"DemandMax":4,"Value":504},{"Length":9,"Height":35,"Demand":0,"DemandMax":4,"Value":315},{"Length":5,"Height":44,"Demand":0,"DemandMax":4,"Value":660},{"Length":74,"Height":91,"Demand":0,"DemandMax":4,"Value":13468},{"Length":77,"Height":95,"Demand":0,"DemandMax":4,"Value":14630},{"Length":86,"Height":64,"Demand":0,"DemandMax":4,"Value":16512},{"Length":30,"Height":45,"Demand":0,"DemandMax":4,"Value":4050},{"Length":65,"Height":99,"Demand":0,"DemandMax":4,"Value":12870},{"Length":11,"Height":10,"Demand":0,"DemandMax":4,"Value":330},{"Length":9,"Height":44,"Demand":0,"DemandMax":4,"Value":1188},{"Length":30,"Height":83,"Demand":0,"DemandMax":4,"Value":4980},{"Length":68,"Height":79,"Demand":0,"DemandMax":4,"Value":5372},{"Length":10,"Height":37,"Demand":0,"DemandMax":4,"Value":1110},{"Length":49,"Height":81,"Demand":0,"DemandMax":4,"Value":11907},{"Length":82,"Height":26,"Demand":0,"DemandMax":4,"Value":6396},{"Length":20,"Height":36,"Demand":0,"DemandMax":4,"Value":1440},{"Length":49,"Height":99,"Demand":0,"DemandMax":4,"Value":14553},{"Length":76,"Height":9,"Demand":0,"DemandMax":4,"Value":1368},{"Length":57,"Height":51,"Demand":0,"DemandMax":4,"Value":2907},{"Length":42,"Height":39,"Demand":0,"DemandMax":4,"Value":3276},{"Length":59,"Height":74,"Demand":0,"DemandMax":4,"Value":4366},{"Length":88,"Height":46,"Demand":0,"DemandMax":4,"Value":8096},{"Length":24,"Height":14,"Demand":0,"DemandMax":4,"Value":672},{"Length":46,"Height":35,"Demand":0,"DemandMax":4,"Value":3220},{"Length":88,"Height":19,"Demand":0,"DemandMax":4,"Value":3344},{"Length":56,"Height":80,"Demand":0,"DemandMax":4,"Value":4480},{"Length":6,"Height":12,"Demand":0,"DemandMax":8,"Value":144},{"Length":35,"Height":11,"Demand":0,"DemandMax":4,"Value":770},{"Length":20,"Height":78,"Demand":0,"DemandMax":4,"Value":3120},{"Length":32,"Height":15,"Demand":0,"DemandMax":4,"Value":480},{"Length":44,"Height":41,"Demand":0,"DemandMax":4,"Value":1804},{"Length":69,"Height":80,"Demand":0,"DemandMax":4,"Value":11040},{"Length":100,"Height":48,"Demand":0,"DemandMax":4,"Value":14400},{"Length":9,"Height":24,"Demand":0,"DemandMax":4,"Value":432},{"Length":10,"Height":85,"Demand":0,"DemandMax":4,"Value":2550},{"Length":75,"Height":79,"Demand":0,"DemandMax":4,"Value":11850},{"Length":11,"Height":24,"Demand":0,"DemandMax":4,"Value":528},{"Length":96,"Height":52,"Demand":0,"DemandMax":4,"Value":14976},{"Length":3,"Height":84,"Demand":0,"DemandMax":4,"Value":504},{"Length":12,"Height":2,"Demand":0,"DemandMax":4,"Value":24},{"Length":92,"Height":75,"Demand":0,"DemandMax":4,"Value":20700},{"Length":58,"Height":82,"Demand":0,"DemandMax":4,"Value":4756},{"Length":21,"Height":12,"Demand":0,"DemandMax":4,"Value":252},{"Length":31,"Height":45,"Demand":0,"DemandMax":4,"Value":1395},{"Length":33,"Height":84,"Demand":0,"DemandMax":4,"Value":5544},{"Length":49,"Height":94,"Demand":0,"DemandMax":4,"Value":13818},{"Length":11,"Height":18,"Demand":0,"DemandMax":4,"Value":396},{"Length":85,"Height":27,"Demand":0,"DemandMax":4,"Value":2295},{"Length":23,"Height":22,"Demand":0,"DemandMax":4,"Value":1518},{"Length":62,"Height":64,"Demand":0,"DemandMax":4,"Value":11904},{"Length":12,"Height":88,"Demand":0,"DemandMax":4,"Value":1056},{"Length":22,"Height":90,"Demand":0,"DemandMax":4,"Value":3960},{"Length":91,"Height":32,"Demand":0,"DemandMax":4,"Value":8736},{"Length":20,"Height":49,"Demand":0,"DemandMax":4,"Value":2940},{"Length":50,"Height":19,"Demand":0,"DemandMax":4,"Value":950},{"Length":24,"Height":7,"Demand":0,"DemandMax":4,"Value":336},{"Length":35,"Height":17,"Demand":0,"DemandMax":4,"Value":595},{"Length":83,"Height":57,"Demand":0,"DemandMax":4,"Value":4731},{"Length":26,"Height":40,"Demand":0,"DemandMax":4,"Value":3120},{"Length":23,"Height":13,"Demand":0,"DemandMax":4,"Value":897},{"Length":98,"Height":4,"Demand":0,"DemandMax":4,"Value":784},{"Length":16,"Height":4,"Demand":0,"DemandMax":4,"Value":64},{"Length":30,"Height":16,"Demand":0,"DemandMax":4,"Value":1440},{"Length":34,"Height":26,"Demand":0,"DemandMax":4,"Value":884},{"Length":52,"Height":86,"Demand":0,"DemandMax":4,"Value":4472},{"Length":60,"Height":84,"Demand":0,"DemandMax":4,"Value":15120},{"Length":35,"Height":50,"Demand":0,"DemandMax":4,"Value":3500},{"Length":87,"Height":47,"Demand":0,"DemandMax":4,"Value":4089},{"Length":4,"Height":11,"Demand":0,"DemandMax":4,"Value":132},{"Length":91,"Height":40,"Demand":0,"DemandMax":4,"Value":3640},{"Length":27,"Height":46,"Demand":0,"DemandMax":4,"Value":3726},{"Length":22,"Height":14,"Demand":0,"DemandMax":4,"Value":308},{"Length":3,"Height":50,"Demand":0,"DemandMax":4,"Value":450},{"Length":26,"Height":20,"Demand":0,"DemandMax":4,"Value":1560},{"Length":57,"Height":84,"Demand":0,"DemandMax":4,"Value":14364},{"Length":14,"Height":47,"Demand":0,"DemandMax":4,"Value":1316},{"Length":18,"Height":35,"Demand":0,"DemandMax":4,"Value":1890},{"Length":35,"Height":89,"Demand":0,"DemandMax":4,"Value":6230},{"Length":29,"Height":34,"Demand":0,"DemandMax":4,"Value":986},{"Length":23,"Height":36,"Demand":0,"DemandMax":4,"Value":2484},{"Length":44,"Height":10,"Demand":0,"DemandMax":4,"Value":880},{"Length":4,"Height":17,"Demand":0,"DemandMax":4,"Value":136},{"Length":30,"Height":99,"Demand":0,"DemandMax":4,"Value":8910},{"Length":8,"Height":99,"Demand":0,"DemandMax":4,"Value":792},{"Length":48,"Height":43,"Demand":0,"DemandMax":4,"Value":4128},{"Length":14,"Height":28,"Demand":0,"DemandMax":4,"Value":784},{"Length":49,"Height":31,"Demand":0,"DemandMax":4,"Value":1519},{"Length":36,"Height":99,"Demand":0,"DemandMax":4,"Value":10692},{"Length":81,"Height":33,"Demand":0,"DemandMax":4,"Value":5346},{"Length":98,"Height":17,"Demand":0,"DemandMax":4,"Value":3332},{"Length":20,"Height":93,"Demand":0,"DemandMax":4,"Value":5580},{"Length":34,"Height":19,"Demand":0,"DemandMax":4,"Value":1292},{"Length":45,"Height":23,"Demand":0,"DemandMax":4,"Value":3105},{"Length":36,"Height":86,"Demand":0,"DemandMax":4,"Value":3096},{"Length":73,"Height":73,"Demand":0,"DemandMax":4,"Value":10658},{"Length":8,"Height":3,"Demand":0,"DemandMax":4,"Value":48},{"Length":15,"Height":27,"Demand":0,"DemandMax":4,"Value":405},{"Length":76,"Height":54,"Demand":0,"DemandMax":4,"Value":4104},{"Length":95,"Height":36,"Demand":0,"DemandMax":4,"Value":6840},{"Length":16,"Height":84,"Demand":0,"DemandMax":4,"Value":1344},{"Length":46,"Height":44,"Demand":0,"DemandMax":4,"Value":4048},{"Length":7,"Height":92,"Demand":0,"DemandMax":8,"Value":644},{"Length":92,"Height":68,"Demand":0,"DemandMax":8,"Value":6256},{"Length":7,"Height":86,"Demand":0,"DemandMax":4,"Value":1806},{"Length":95,"Height":62,"Demand":0,"DemandMax":4,"Value":17670},{"Length":100,"Height":41,"Demand":0,"DemandMax":4,"Value":12300},{"Length":32,"Height":85,"Demand":0,"DemandMax":4,"Value":5440},{"Length":10,"Height":43,"Demand":0,"DemandMax":4,"Value":1290},{"Length":2,"Height":5,"Demand":0,"DemandMax":4,"Value":30},{"Length":85,"Height":65,"Demand":0,"DemandMax":4,"Value":16575},{"Length":98,"Height":69,"Demand":0,"DemandMax":4,"Value":13524},{"Length":95,"Height":84,"Demand":0,"DemandMax":4,"Value":15960},{"Length":18,"Height":23,"Demand":0,"DemandMax":4,"Value":828},{"Length":49,"Height":29,"Demand":0,"DemandMax":4,"Value":2842},{"Length":43,"Height":21,"Demand":0,"DemandMax":4,"Value":903},{"Length":17,"Height":46,"Demand":0,"DemandMax":4,"Value":1564},{"Length":91,"Height":42,"Demand":0,"DemandMax":4,"Value":7644},{"Length":50,"Height":22,"Demand":0,"DemandMax":4,"Value":3300},{"Length":16,"Height":93,"Demand":0,"DemandMax":4,"Value":1488},{"Length":85,"Height":79,"Demand":0,"DemandMax":4,"Value":6715},{"Length":49,"Height":39,"Demand":0,"DemandMax":4,"Value":1911},{"Length":100,"Height":23,"Demand":0,"DemandMax":4,"Value":6900},{"Length":61,"Height":60,"Demand":0,"DemandMax":4,"Value":10980},{"Length":92,"Height":12,"Demand":0,"DemandMax":4,"Value":2208},{"Length":98,"Height":22,"Demand":0,"DemandMax":4,"Value":2156},{"Length":97,"Height":61,"Demand":0,"DemandMax":4,"Value":17751},{"Length":85,"Height":95,"Demand":0,"DemandMax":4,"Value":16150},{"Length":37,"Height":9,"Demand":0,"DemandMax":4,"Value":666},{"Length":77,"Height":17,"Demand":0,"DemandMax":4,"Value":3927},{"Length":56,"Height":97,"Demand":0,"DemandMax":4,"Value":16296},{"Length":16,"Height":98,"Demand":0,"DemandMax":4,"Value":4704},{"Length":40,"Height":14,"Demand":0,"DemandMax":4,"Value":1120},{"Length":13,"Height":49,"Demand":0,"DemandMax":4,"Value":1911},{"Length":39,"Height":96,"Demand":0,"DemandMax":4,"Value":11232},{"Length":88,"Height":81,"Demand":0,"DemandMax":4,"Value":21384},{"Length":38,"Height":96,"Demand":0,"DemandMax":4,"Value":3648},{"Length":88,"Height":15,"Demand":0,"DemandMax":4,"Value":2640},{"Length":87,"Height":69,"Demand":0,"DemandMax":4,"Value":12006},{"Length":68,"Height":57,"Demand":0,"DemandMax":4,"Value":3876},{"Length":26,"Height":50,"Demand":0,"DemandMax":4,"Value":3900},{"Length":97,"Height":34,"Demand":0,"DemandMax":4,"Value":9894},{"Length":57,"Height":52,"Demand":0,"DemandMax":4,"Value":8892},{"Length":77,"Height":14,"Demand":0,"DemandMax":4,"Value":2156},{"Length":13,"Height":50,"Demand":0,"DemandMax":4,"Value":1300},{"Length":68,"Height":76,"Demand":0,"DemandMax":4,"Value":10336},{"Length":60,"Height":66,"Demand":0,"DemandMax":4,"Value":7920},{"Length":29,"Height":27,"Demand":0,"DemandMax":4,"Value":2349},{"Length":80,"Height":75,"Demand":0,"DemandMax":4,"Value":12000},{"Length":67,"Height":51,"Demand":0,"DemandMax":4,"Value":10251},{"Length":50,"Height":97,"Demand":0,"DemandMax":4,"Value":14550},{"Length":39,"Height":5,"Demand":0,"DemandMax":4,"Value":195},{"Length":56,"Height":92,"Demand":0,"DemandMax":4,"Value":15456},{"Length":81,"Height":32,"Demand":0,"DemandMax":4,"Value":2592},{"Length":74,"Height":81,"Demand":0,"DemandMax":4,"Value":17982},{"Length":86,"Height":29,"Demand":0,"DemandMax":4,"Value":2494},{"Length":19,"Height":89,"Demand":0,"DemandMax":4,"Value":3382},{"Length":6,"Height":7,"Demand":0,"DemandMax":4,"Value":126},{"Length":6,"Height":100,"Demand":0,"DemandMax":4,"Value":600},{"Length":3,"Height":12,"Demand":0,"DemandMax":4,"Value":108},{"Length":78,"Height":46,"Demand":0,"DemandMax":4,"Value":10764},{"Length":42,"Height":18,"Demand":0,"DemandMax":4,"Value":756},{"Length":100,"Height":26,"Demand":0,"DemandMax":4,"Value":7800},{"Length":89,"Height":48,"Demand":0,"DemandMax":4,"Value":4272},{"Length":45,"Height":39,"Demand":0,"DemandMax":4,"Value":5265},{"Length":40,"Height":86,"Demand":0,"DemandMax":4,"Value":6880},{"Length":44,"Height":40,"Demand":0,"DemandMax":4,"Value":1760},{"Length":27,"Height":20,"Demand":0,"DemandMax":4,"Value":540},{"Length":11,"Height":83,"Demand":0,"DemandMax":4,"Value":1826},{"Length":97,"Height":7,"Demand":0,"DemandMax":4,"Value":2037},{"Length":24,"Height":15,"Demand":0,"DemandMax":4,"Value":360},{"Length":31,"Height":35,"Demand":0,"DemandMax":4,"Value":1085},{"Length":100,"Height":40,"Demand":0,"DemandMax":4,"Value":4000},{"Length":9,"Height":77,"Demand":0,"DemandMax":4,"Value":1386},{"Length":81,"Height":14,"Demand":0,"DemandMax":4,"Value":3402},{"Length":30,"Height":48,"Demand":0,"DemandMax":4,"Value":1440},{"Length":79,"Height":69,"Demand":0,"DemandMax":4,"Value":10902},{"Length":31,"Height":96,"Demand":0,"DemandMax":4,"Value":8928},{"Length":39,"Height":82,"Demand":0,"DemandMax":4,"Value":3198},{"Length":51,"Height":52,"Demand":0,"DemandMax":4,"Value":5304},{"Length":4,"Height":36,"Demand":0,"DemandMax":4,"Value":432},{"Length":85,"Height":82,"Demand":0,"DemandMax":4,"Value":13940},{"Length":82,"Height":24,"Demand":0,"DemandMax":4,"Value":1968},{"Length":98,"Height":47,"Demand":0,"DemandMax":4,"Value":4606},{"Length":97,"Height":84,"Demand":0,"DemandMax":4,"Value":8148},{"Length":31,"Height":5,"Demand":0,"DemandMax":4,"Value":310},{"Length":31,"Height":26,"Demand":0,"DemandMax":4,"Value":1612},{"Length":14,"Height":84,"Demand":0,"DemandMax":4,"Value":3528},{"Length":86,"Height":28,"Demand":0,"DemandMax":4,"Value":7224},{"Length":11,"Height":19,"Demand":0,"DemandMax":4,"Value":627},{"Length":11,"Height":97,"Demand":0,"DemandMax":4,"Value":1067},{"Length":41,"Height":43,"Demand":0,"DemandMax":4,"Value":3526},{"Length":3,"Height":43,"Demand":0,"DemandMax":4,"Value":258},{"Length":83,"Height":28,"Demand":0,"DemandMax":4,"Value":6972},{"Length":68,"Height":73,"Demand":0,"DemandMax":4,"Value":4964},{"Length":95,"Height":97,"Demand":0,"DemandMax":4,"Value":18430},{"Length":41,"Height":99,"Demand":0,"DemandMax":4,"Value":8118},{"Length":87,"Height":65,"Demand":0,"DemandMax":4,"Value":11310},{"Length":30,"Height":8,"Demand":0,"DemandMax":4,"Value":720},{"Length":75,"Height":97,"Demand":0,"DemandMax":4,"Value":14550},{"Length":71,"Height":93,"Demand":0,"DemandMax":4,"Value":6603},{"Length":3,"Height":40,"Demand":0,"DemandMax":4,"Value":120},{"Length":30,"Height":3,"Demand":0,"DemandMax":4,"Value":90},{"Length":40,"Height":17,"Demand":0,"DemandMax":4,"Value":680},{"Length":36,"Height":7,"Demand":0,"DemandMax":4,"Value":504},{"Length":38,"Height":42,"Demand":0,"DemandMax":4,"Value":3192},{"Length":50,"Height":80,"Demand":0,"DemandMax":4,"Value":8000},{"Length":93,"Height":25,"Demand":0,"DemandMax":4,"Value":4650},{"Length":23,"Height":31,"Demand":0,"DemandMax":4,"Value":713},{"Length":6,"Height":76,"Demand":0,"DemandMax":4,"Value":912},{"Length":97,"Height":51,"Demand":0,"DemandMax":4,"Value":4947},{"Length":36,"Height":78,"Demand":0,"DemandMax":4,"Value":8424},{"Length":98,"Height":17,"Demand":0,"DemandMax":4,"Value":1666},{"Length":56,"Height":75,"Demand":0,"DemandMax":4,"Value":8400},{"Length":83,"Height":59,"Demand":0,"DemandMax":4,"Value":14691},{"Length":28,"Height":8,"Demand":0,"DemandMax":4,"Value":448},{"Length":38,"Height":9,"Demand":0,"DemandMax":4,"Value":342},{"Length":19,"Height":25,"Demand":0,"DemandMax":4,"Value":950},{"Length":64,"Height":54,"Demand":0,"DemandMax":4,"Value":6912},{"Length":88,"Height":31,"Demand":0,"DemandMax":4,"Value":2728},{"Length":15,"Height":43,"Demand":0,"DemandMax":4,"Value":1290},{"Length":42,"Height":42,"Demand":0,"DemandMax":4,"Value":3528},{"Length":70,"Height":64,"Demand":0,"DemandMax":4,"Value":8960},{"Length":43,"Height":24,"Demand":0,"DemandMax":4,"Value":2064},{"Length":30,"Height":42,"Demand":0,"DemandMax":4,"Value":1260},{"Length":46,"Height":100,"Demand":0,"DemandMax":4,"Value":9200},{"Length":24,"Height":5,"Demand":0,"DemandMax":4,"Value":240},{"Length":67,"Height":55,"Demand":0,"DemandMax":4,"Value":3685},{"Length":50,"Height":14,"Demand":0,"DemandMax":4,"Value":700},{"Length":5,"Height":30,"Demand":0,"DemandMax":4,"Value":450},{"Length":37,"Height":18,"Demand":0,"DemandMax":4,"Value":1332},{"Length":50,"Height":25,"Demand":0,"DemandMax":4,"Value":1250},{"Length":87,"Height":27,"Demand":0,"DemandMax":4,"Value":7047},{"Length":37,"Height":14,"Demand":0,"DemandMax":4,"Value":1036},{"Length":46,"Height":39,"Demand":0,"DemandMax":4,"Value":3588},{"Length":74,"Height":79,"Demand":0,"DemandMax":4,"Value":11692},{"Length":10,"Height":8,"Demand":0,"DemandMax":4,"Value":240},{"Length":61,"Height":75,"Demand":0,"DemandMax":4,"Value":13725},{"Length":77,"Height":11,"Demand":0,"DemandMax":8,"Value":2541},{"Length":6,"Height":19,"Demand":0,"DemandMax":4,"Value":342},{"Length":31,"Height":50,"Demand":0,"DemandMax":4,"Value":3100},{"Length":60,"Height":51,"Demand":0,"DemandMax":4,"Value":6120},{"Length":9,"Height":92,"Demand":0,"DemandMax":4,"Value":1656},{"Length":3,"Height":39,"Demand":0,"DemandMax":4,"Value":117},{"Length":35,"Height":31,"Demand":0,"DemandMax":4,"Value":3255},{"Length":52,"Height":96,"Demand":0,"DemandMax":4,"Value":4992},{"Length":49,"Height":17,"Demand":0,"DemandMax":4,"Value":2499},{"Length":43,"Height":4,"Demand":0,"DemandMax":4,"Value":172},{"Length":3,"Height":20,"Demand":0,"DemandMax":4,"Value":120},{"Length":34,"Height":32,"Demand":0,"DemandMax":4,"Value":1088},{"Length":6,"Height":92,"Demand":0,"DemandMax":4,"Value":552},{"Length":80,"Height":27,"Demand":0,"DemandMax":4,"Value":6480},{"Length":46,"Height":83,"Demand":0,"DemandMax":4,"Value":3818},{"Length":15,"Height":24,"Demand":0,"DemandMax":4,"Value":360},{"Length":40,"Height":8,"Demand":0,"DemandMax":4,"Value":640},{"Length":3,"Height":76,"Demand":0,"DemandMax":4,"Value":228},{"Length":6,"Height":41,"Demand":0,"DemandMax":4,"Value":492},{"Length":15,"Height":47,"Demand":0,"DemandMax":4,"Value":2115},{"Length":13,"Height":94,"Demand":0,"DemandMax":4,"Value":3666},{"Length":3,"Height":91,"Demand":0,"DemandMax":4,"Value":273},{"Length":50,"Height":76,"Demand":0,"DemandMax":4,"Value":7600},{"Length":9,"Height":38,"Demand":0,"DemandMax":4,"Value":1026},{"Length":85,"Height":31,"Demand":0,"DemandMax":4,"Value":2635},{"Length":48,"Height":12,"Demand":0,"DemandMax":4,"Value":576},{"Length":31,"Height":85,"Demand":0,"DemandMax":4,"Value":7905},{"Length":28,"Height":33,"Demand":0,"DemandMax":4,"Value":924},{"Length":57,"Height":77,"Demand":0,"DemandMax":4,"Value":13167},{"Length":7,"Height":12,"Demand":0,"DemandMax":4,"Value":168},{"Length":61,"Height":72,"Demand":0,"DemandMax":4,"Value":13176},{"Length":89,"Height":18,"Demand":0,"DemandMax":4,"Value":4806},{"Length":43,"Height":26,"Demand":0,"DemandMax":4,"Value":3354},{"Length":39,"Height":12,"Demand":0,"DemandMax":4,"Value":936},{"Length":6,"Height":9,"Demand":0,"DemandMax":4,"Value":54},{"Length":94,"Height":47,"Demand":0,"DemandMax":4,"Value":4418},{"Length":39,"Height":21,"Demand":0,"DemandMax":4,"Value":1638},{"Length":14,"Height":11,"Demand":0,"DemandMax":4,"Value":154},{"Length":29,"Height":90,"Demand":0,"DemandMax":4,"Value":5220},{"Length":17,"Height":96,"Demand":0,"DemandMax":4,"Value":3264},{"Length":79,"Height":95,"Demand":0,"DemandMax":4,"Value":15010},{"Length":78,"Height":24,"Demand":0,"DemandMax":4,"Value":5616},{"Length":100,"Height":70,"Demand":0,"DemandMax":4,"Value":21000},{"Length":13,"Height":28,"Demand":0,"DemandMax":4,"Value":728},{"Length":32,"Height":47,"Demand":0,"DemandMax":4,"Value":3008},{"Length":31,"Height":40,"Demand":0,"DemandMax":4,"Value":2480},{"Length":43,"Height":96,"Demand":0,"DemandMax":4,"Value":8256},{"Length":32,"Height":32,"Demand":0,"DemandMax":4,"Value":1024},{"Length":43,"Height":81,"Demand":0,"DemandMax":4,"Value":3483},{"Length":15,"Height":94,"Demand":0,"DemandMax":4,"Value":2820},{"Length":4,"Height":29,"Demand":0,"DemandMax":4,"Value":232},{"Length":39,"Height":45,"Demand":0,"DemandMax":4,"Value":5265},{"Length":93,"Height":77,"Demand":0,"DemandMax":4,"Value":21483},{"Length":59,"Height":95,"Demand":0,"DemandMax":4,"Value":5605},{"Length":30,"Height":11,"Demand":0,"DemandMax":4,"Value":330},{"Length":82,"Height":81,"Demand":0,"DemandMax":4,"Value":19926},{"Length":84,"Height":34,"Demand":0,"DemandMax":4,"Value":5712},{"Length":95,"Height":97,"Demand":0,"DemandMax":4,"Value":27645},{"Length":93,"Height":81,"Demand":0,"DemandMax":4,"Value":22599},{"Length":37,"Height":8,"Demand":0,"DemandMax":4,"Value":888},{"Length":18,"Height":23,"Demand":0,"DemandMax":4,"Value":414},{"Length":11,"Height":11,"Demand":0,"DemandMax":4,"Value":121},{"Length":87,"Height":12,"Demand":0,"DemandMax":4,"Value":3132},{"Length":13,"Height":77,"Demand":0,"DemandMax":4,"Value":2002},{"Length":41,"Height":45,"Demand":0,"DemandMax":4,"Value":1845},{"Length":85,"Height":97,"Demand":0,"DemandMax":4,"Value":24735},{"Length":17,"Height":50,"Demand":0,"DemandMax":4,"Value":2550},{"Length":43,"Height":78,"Demand":0,"DemandMax":4,"Value":6708},{"Length":25,"Height":78,"Demand":0,"DemandMax":4,"Value":1950},{"Length":15,"Height":95,"Demand":0,"DemandMax":4,"Value":2850},{"Length":2,"Height":9,"Demand":0,"DemandMax":4,"Value":18},{"Length":11,"Height":15,"Demand":0,"DemandMax":4,"Value":330},{"Length":69,"Height":54,"Demand":0,"DemandMax":4,"Value":3726},{"Length":85,"Height":63,"Demand":0,"DemandMax":4,"Value":10710},{"Length":95,"Height":33,"Demand":0,"DemandMax":4,"Value":6270},{"Length":99,"Height":2,"Demand":0,"DemandMax":4,"Value":198},{"Length":30,"Height":44,"Demand":0,"DemandMax":4,"Value":1320},{"Length":44,"Height":93,"Demand":0,"DemandMax":4,"Value":8184},{"Length":37,"Height":10,"Demand":0,"DemandMax":4,"Value":740},{"Length":20,"Height":30,"Demand":0,"DemandMax":4,"Value":600},{"Length":77,"Height":21,"Demand":0,"DemandMax":4,"Value":1617},{"Length":11,"Height":16,"Demand":0,"DemandMax":4,"Value":528},{"Length":36,"Height":79,"Demand":0,"DemandMax":4,"Value":2844},{"Length":92,"Height":49,"Demand":0,"DemandMax":4,"Value":13524},{"Length":45,"Height":22,"Demand":0,"DemandMax":4,"Value":2970},{"Length":39,"Height":37,"Demand":0,"DemandMax":4,"Value":2886},{"Length":12,"Height":85,"Demand":0,"DemandMax":4,"Value":3060},{"Length":17,"Height":25,"Demand":0,"DemandMax":4,"Value":1275},{"Length":3,"Height":16,"Demand":0,"DemandMax":4,"Value":48},{"Length":26,"Height":31,"Demand":0,"DemandMax":4,"Value":1612},{"Length":48,"Height":78,"Demand":0,"DemandMax":4,"Value":7488},{"Length":12,"Height":3,"Demand":0,"DemandMax":4,"Value":108},{"Length":86,"Height":22,"Demand":0,"DemandMax":4,"Value":1892},{"Length":75,"Height":67,"Demand":0,"DemandMax":4,"Value":15075},{"Length":44,"Height":33,"Demand":0,"DemandMax":4,"Value":2904},{"Length":93,"Height":12,"Demand":0,"DemandMax":4,"Value":2232},{"Length":16,"Height":10,"Demand":0,"DemandMax":4,"Value":160},{"Length":45,"Height":86,"Demand":0,"DemandMax":4,"Value":3870},{"Length":75,"Height":72,"Demand":0,"DemandMax":4,"Value":10800},{"Length":88,"Height":44,"Demand":0,"DemandMax":4,"Value":7744},{"Length":64,"Height":79,"Demand":0,"DemandMax":4,"Value":15168},{"Length":38,"Height":3,"Demand":0,"DemandMax":4,"Value":228},{"Length":66,"Height":59,"Demand":0,"DemandMax":4,"Value":3894},{"Length":89,"Height":79,"Demand":0,"DemandMax":4,"Value":14062},{"Length":42,"Height":12,"Demand":0,"DemandMax":4,"Value":1008},{"Length":91,"Height":62,"Demand":0,"DemandMax":4,"Value":16926},{"Length":20,"Height":33,"Demand":0,"DemandMax":4,"Value":1320},{"Length":85,"Height":84,"Demand":0,"DemandMax":4,"Value":14280},{"Length":36,"Height":47,"Demand":0,"DemandMax":4,"Value":1692},{"Length":4,"Height":86,"Demand":0,"DemandMax":4,"Value":1032},{"Length":75,"Height":76,"Demand":0,"DemandMax":4,"Value":11400},{"Length":32,"Height":84,"Demand":0,"DemandMax":4,"Value":5376},{"Length":87,"Height":6,"Demand":0,"DemandMax":4,"Value":1566},{"Length":5,"Height":4,"Demand":0,"DemandMax":4,"Value":20},{"Length":45,"Height":31,"Demand":0,"DemandMax":4,"Value":1395},{"Length":30,"Height":80,"Demand":0,"DemandMax":4,"Value":2400},{"Length":87,"Height":29,"Demand":0,"DemandMax":4,"Value":7569},{"Length":16,"Height":94,"Demand":0,"DemandMax":4,"Value":1504},{"Length":5,"Height":50,"Demand":0,"DemandMax":4,"Value":250},{"Length":3,"Height":4,"Demand":0,"DemandMax":4,"Value":36},{"Length":40,"Height":100,"Demand":0,"DemandMax":4,"Value":4000},{"Length":4,"Height":95,"Demand":0,"DemandMax":4,"Value":380},{"Length":99,"Height":50,"Demand":0,"DemandMax":4,"Value":14850},{"Length":86,"Height":36,"Demand":0,"DemandMax":4,"Value":9288},{"Length":13,"Height":94,"Demand":0,"DemandMax":4,"Value":1222},{"Length":85,"Height":25,"Demand":0,"DemandMax":4,"Value":6375},{"Length":18,"Height":78,"Demand":0,"DemandMax":4,"Value":1404},{"Length":16,"Height":18,"Demand":0,"DemandMax":4,"Value":576},{"Length":82,"Height":96,"Demand":0,"DemandMax":4,"Value":7872},{"Length":98,"Height":4,"Demand":0,"DemandMax":4,"Value":392},{"Length":94,"Height":60,"Demand":0,"DemandMax":4,"Value":16920},{"Length":17,"Height":44,"Demand":0,"DemandMax":4,"Value":2244},{"Length":41,"Height":37,"Demand":0,"DemandMax":4,"Value":4551},{"Length":7,"Height":36,"Demand":0,"DemandMax":4,"Value":504},{"Length":15,"Height":98,"Demand":0,"DemandMax":4,"Value":4410},{"Length":26,"Height":81,"Demand":0,"DemandMax":4,"Value":6318},{"Length":41,"Height":8,"Demand":0,"DemandMax":4,"Value":984},{"Length":30,"Height":97,"Demand":0,"DemandMax":4,"Value":2910},{"Length":87,"Height":71,"Demand":0,"DemandMax":4,"Value":12354},{"Length":27,"Height":97,"Demand":0,"DemandMax":4,"Value":7857},{"Length":47,"Height":98,"Demand":0,"DemandMax":4,"Value":9212},{"Length":41,"Height":81,"Demand":0,"DemandMax":4,"Value":6642},{"Length":15,"Height":14,"Demand":0,"DemandMax":4,"Value":630},{"Length":20,"Height":3,"Demand":0,"DemandMax":4,"Value":60},{"Length":46,"Height":41,"Demand":0,"DemandMax":4,"Value":3772},{"Length":94,"Height":63,"Demand":0,"DemandMax":4,"Value":5922},{"Length":22,"Height":41,"Demand":0,"DemandMax":4,"Value":1804},{"Length":95,"Height":49,"Demand":0,"DemandMax":4,"Value":13965},{"Length":8,"Height":45,"Demand":0,"DemandMax":4,"Value":360},{"Length":21,"Height":3,"Demand":0,"DemandMax":4,"Value":63},{"Length":3,"Height":85,"Demand":0,"DemandMax":4,"Value":255},{"Length":18,"Height":36,"Demand":0,"DemandMax":4,"Value":1296},{"Length":30,"Height":17,"Demand":0,"DemandMax":4,"Value":1530},{"Length":44,"Height":38,"Demand":0,"DemandMax":4,"Value":3344},{"Length":15,"Height":30,"Demand":0,"DemandMax":4,"Value":450},{"Length":38,"Height":94,"Demand":0,"DemandMax":4,"Value":3572},{"Length":93,"Height":30,"Demand":0,"DemandMax":4,"Value":8370}]}