{"Name":"ngcutfs1_146","Objects":[{"Length":100,"Height":100,"Stock":null,"Cost":10000}],"Items":[{"Length":69,"Height":98,"Demand":0,"DemandMax":4,"Value":20286},{"Length":25,"Height":90,"Demand":0,"DemandMax":4,"Value":6750},{"Length":85,"Height":74,"Demand":0,"DemandMax":4,"Value":18870},{"Length":21,"Height":49,"Demand":0,"DemandMax":4,"Value":1029},{"Length":100,"Height":76,"Demand":0,"DemandMax":4,"Value":22800},{"Length":23,"Height":99,"Demand":0,"DemandMax":4,"Value":6831},{"Length":83,"Height":17,"Demand":0,"DemandMax":4,"Value":2822},{"Length":30,"Height":14,"Demand":0,"DemandMax":4,"Value":420},{"Length":13,"Height":9,"Demand":0,"DemandMax":4,"Value":234},{"Length":56,"Height":60,"Demand":0,"DemandMax":4,"Value":6720},{"Length":23,"Height":42,"Demand":0,"DemandMax":4,"Value":2898},{"Length":16,"Height":48,"Demand":0,"DemandMax":4,"Value":768},{"Length":16,"Height":89,"Demand":0,"DemandMax":4,"Value":4272},{"Length":84,"Height":92,"Demand":0,"DemandMax":4,"Value":7728},{"Length":32,"Height":95,"Demand":0,"DemandMax":4,"Value":9120},{"Length":93,"Height":36,"Demand":0,"DemandMax":4,"Value":10044},{"Length":82,"Height":59,"Demand":0,"DemandMax":4,"Value":4838},{"Length":89,"Height":92,"Demand":0,"DemandMax":4,"Value":24564},{"Length":14,"Height":88,"Demand":0,"DemandMax":4,"Value":2464},{"Length":83,"Height":7,"Demand":0,"DemandMax":8,"Value":1743},{"Length":25,"Height":82,"Demand":0,"DemandMax":4,"Value":4100},{"Length":57,"Height":57,"Demand":0,"DemandMax":4,"Value":9747},{"Length":100,"Height":11,"Demand":0,"DemandMax":4,"Value":1100},{"Length":31,"Height":99,"Demand":0,"DemandMax":4,"Value":9207},{"Length":46,"Height":27,"Demand":0,"DemandMax":4,"Value":1242},{"Length":64,"Height":66,"Demand":0,"DemandMax":4,"Value":8448},{"Length":100,"Height":3,"Demand":0,"DemandMax":4,"Value":600},{"Length":28,"Height":79,"Demand":0,"DemandMax":4,"Value":6636},{"Length":98,"Height":32,"Demand":0,"DemandMax":4,"Value":6272},{"Length":97,"Height":43,"Demand":0,"DemandMax":4,"Value":12513},{"Length":76,"Height":80,"Demand":0,"DemandMax":4,"Value":18240},{"Length":100,"Height":92,"Demand":0,"DemandMax":4,"Value":27600},{"Length":16,"Height":85,"Demand":0,"DemandMax":4,"Value":2720},{"Length":98,"Height":20,"Demand":0,"DemandMax":4,"Value":1960},{"Length":15,"Height":82,"Demand":0,"DemandMax":4,"Value":2460},{"Length":77,"Height":86,"Demand":0,"DemandMax":4,"Value":19866},{"Length":34,"Height":25,"Demand":0,"DemandMax":4,"Value":2550},{"Length":5,"Height":42,"Demand":0,"DemandMax":4,"Value":420},{"Length":28,"Height":15,"Demand":0,"DemandMax":4,"Value":840},{"Length":18,"Height":77,"Demand":0,"DemandMax":4,"Value":1386},{"Length":22,"Height":2,"Demand":0,"DemandMax":4,"Value":132},{"Length":29,"Height":91,"Demand":0,"DemandMax":4,"Value":2639},{"Length":42,"Height":30,"Demand":0,"DemandMax":4,"Value":2520},{"Length":49,"Height":82,"Demand":0,"DemandMax":4,"Value":4018},{"Length":87,"Height":26,"Demand":0,"DemandMax":4,"Value":2262},{"Length":48,"Height":85,"Demand":0,"DemandMax":4,"Value":4080},{"Length":18,"Height":84,"Demand":0,"DemandMax":4,"Value":3024},{"Length":81,"Height":97,"Demand":0,"DemandMax":4,"Value":15714},{"Length":8,"Height":98,"Demand":0,"DemandMax":4,"Value":2352},{"Length":87,"Height":10,"Demand":0,"DemandMax":4,"Value":2610},{"Length":36,"Height":82,"Demand":0,"DemandMax":4,"Value":2952},{"Length":6,"Height":86,"Demand":0,"DemandMax":4,"Value":516},{"Length":74,"Height":72,"Demand":0,"DemandMax":4,"Value":15984},{"Length":50,"Height":40,"Demand":0,"DemandMax":4,"Value":4000},{"Length":70,"Height":55,"Demand":0,"DemandMax":4,"Value":3850},{"Length":25,"Height":39,"Demand":0,"DemandMax":4,"Value":1950},{"Length":80,"Height":34,"Demand":0,"DemandMax":4,"Value":2720},{"Length":83,"Height":17,"Demand":0,"DemandMax":4,"Value":1411},{"Length":79,"Height":44,"Demand":0,"DemandMax":4,"Value":6952},{"Length":26,"Height":91,"Demand":0,"DemandMax":4,"Value":7098},{"Length":80,"Height":17,"Demand":0,"DemandMax":4,"Value":4080},{"Length":95,"Height":34,"Demand":0,"DemandMax":4,"Value":9690},{"Length":61,"Height":81,"Demand":0,"DemandMax":4,"Value":9882},{"Length":19,"Height":17,"Demand":0,"DemandMax":4,"Value":646},{"Length":32,"Height":91,"Demand":0,"DemandMax":4,"Value":2912},{"Length":77,"Height":38,"Demand":0,"DemandMax":4,"Value":8778},{"Length":50,"Height":8,"Demand":0,"DemandMax":4,"Value":400},{"Length":76,"Height":21,"Demand":0,"DemandMax":4,"Value":1596},{"Length":63,"Height":99,"Demand":0,"DemandMax":4,"Value":18711},{"Length":17,"Height":78,"Demand":0,"DemandMax":4,"Value":2652},{"Length":82,"Height":40,"Demand":0,"DemandMax":8,"Value":3280},{"Length":97,"Height":46,"Demand":0,"DemandMax":4,"Value":4462},{"Length":83,"Height":61,"Demand":0,"DemandMax":4,"Value":15189},{"Length":6,"Height":13,"Demand":0,"DemandMax":4,"Value":156},{"Length":40,"Height":18,"Demand":0,"DemandMax":4,"Value":720},{"Length":72,"Height":66,"Demand":0,"DemandMax":4,"Value":14256},{"Length":25,"Height":16,"Demand":0,"DemandMax":4,"Value":400},{"Length":16,"Height":44,"Demand":0,"DemandMax":4,"Value":1408},{"Length":18,"Height":39,"Demand":0,"DemandMax":4,"Value":2106},{"Length":97,"Height":19,"Demand":0,"DemandMax":4,"Value":1843},{"Length":39,"Height":80,"Demand":0,"DemandMax":4,"Value":3120},{"Length":94,"Height":52,"Demand":0,"DemandMax":4,"Value":14664},{"Length":67,"Height":64,"Demand":0,"DemandMax":4,"Value":8576},{"Length":96,"Height":61,"Demand":0,"DemandMax":4,"Value":5856},{"Length":65,"Height":88,"Demand":0,"DemandMax":4,"Value":17160},{"Length":28,"Height":41,"Demand":0,"DemandMax":4,"Value":2296},{"Length":42,"Height":18,"Demand":0,"DemandMax":4,"Value":2268},{"Length":98,"Height":2,"Demand":0,"DemandMax":4,"Value":196},{"Length":27,"Height":12,"Demand":0,"DemandMax":4,"Value":648},{"Length":5,"Height":80,"Demand":0,"DemandMax":4,"Value":800},{"Length":85,"Height":35,"Demand":0,"DemandMax":4,"Value":5950},{"Length":17,"Height":47,"Demand":0,"DemandMax":4,"Value":799},{"Length":19,"Height":31,"Demand":0,"DemandMax":4,"Value":1178},{"Length":13,"Height":40,"Demand":0,"DemandMax":4,"Value":1560},{"Length":91,"Height":40,"Demand":0,"DemandMax":4,"Value":3640},{"Length":92,"Height":30,"Demand":0,"DemandMax":4,"Value":2760},{"Length":13,"Height":79,"Demand":0,"DemandMax":4,"Value":1027},{"Length":38,"Height":76,"Demand":0,"DemandMax":4,"Value":2888},{"Length":4,"Height":42,"Demand":0,"DemandMax":4,"Value":504},{"Length":19,"Height":85,"Demand":0,"DemandMax":4,"Value":3230},{"Length":40,"Height":45,"Demand":0,"DemandMax":4,"Value":1800},{"Length":18,"Height":12,"Demand":0,"DemandMax":4,"Value":216},{"Length":98,"Height":8,"Demand":0,"DemandMax":4,"Value":2352},{"Length":85,"Height":30,"Demand":0,"DemandMax":4,"Value":2550},{"Length":3,"Height":47,"Demand":0,"DemandMax":4,"Value":141},{"Length":100,"Height":76,"Demand":0,"DemandMax":4,"Value":7600},{"Length":17,"Height":31,"Demand":0,"DemandMax":4,"Value":1581},{"Length":95,"Height":10,"Demand":0,"DemandMax":4,"Value":2850},{"Length":13,"Height":21,"Demand":0,"DemandMax":4,"Value":273},{"Length":87,"Height":53,"Demand":0,"DemandMax":4,"Value":4611},{"Length":24,"Height":29,"Demand":0,"DemandMax":4,"Value":696},{"Length":5,"Height":47,"Demand":0,"DemandMax":4,"Value":235},{"Length":18,"Height":2,"Demand":0,"DemandMax":4,"Value":108},{"Length":12,"Height":87,"Demand":0,"DemandMax":4,"Value":1044},{"Length":27,"Height":39,"Demand":0,"DemandMax":4,"Value":3159},{"Length":79,"Height":94,"Demand":0,"DemandMax":4,"Value":7426},{"Length":69,"Height":87,"Demand":0,"DemandMax":4,"Value":6003},{"Length":91,"Height":76,"Demand":0,"DemandMax":4,"Value":6916},{"Length":87,"Height":3,"Demand":0,"DemandMax":4,"Value":783},{"Length":86,"Height":55,"Demand":0,"DemandMax":4,"Value":4730},{"Length":29,"Height":100,"Demand":0,"DemandMax":4,"Value":2900},{"Length":99,"Height":74,"Demand":0,"DemandMax":4,"Value":14652},{"Length":23,"Height":25,"Demand":0,"DemandMax":4,"Value":1725},{"Length":27,"Height":48,"Demand":0,"DemandMax":4,"Value":2592},{"Length":48,"Height":22,"Demand":0,"DemandMax":4,"Value":1056},{"Length":76,"Height":85,"Demand":0,"DemandMax":4,"Value":12920},{"Length":64,"Height":78,"Demand":0,"DemandMax":4,"Value":14976},{"Length":2,"Height":29,"Demand":0,"DemandMax":4,"Value":116},{"Length":89,"Height":22,"Demand":0,"DemandMax":4,"Value":3916},{"Length":91,"Height":28,"Demand":0,"DemandMax":4,"Value":7644},{"Length":51,"Height":86,"Demand":0,"DemandMax":4,"Value":4386},{"Length":83,"Height":79,"Demand":0,"DemandMax":4,"Value":19671},{"Length":89,"Height":37,"Demand":0,"DemandMax":4,"Value":3293},{"Length":10,"Height":13,"Demand":0,"DemandMax":4,"Value":390},{"Length":10,"Height":45,"Demand":0,"DemandMax":4,"Value":1350},{"Length":54,"Height":84,"Demand":0,"DemandMax":4,"Value":13608},{"Length":27,"Height":37,"Demand":0,"DemandMax":4,"Value":999},{"Length":53,"Height":94,"Demand":0,"DemandMax":4,"Value":14946},{"Length":74,"Height":55,"Demand":0,"DemandMax":4,"Value":4070},{"Length":14,"Height":23,"Demand":0,"DemandMax":4,"Value":322},{"Length":24,"Height":88,"Demand":0,"DemandMax":4,"Value":4224},{"Length":27,"Height":50,"Demand":0,"DemandMax":4,"Value":1350},{"Length":21,"Height":82,"Demand":0,"DemandMax":4,"Value":5166},{"Length":46,"Height":94,"Demand":0,"DemandMax":4,"Value":8648},{"Length":22,"Height":79,"Demand":0,"DemandMax":4,"Value":5214},{"Length":44,"Height":4,"Demand":0,"DemandMax":4,"Value":176},{"Length":43,"Height":30,"Demand":0,"DemandMax":4,"Value":3870},{"Length":93,"Height":20,"Demand":0,"DemandMax":4,"Value":3720},{"Length":33,"Height":76,"Demand":0,"DemandMax":4,"Value":2508},{"Length":90,"Height":3,"Demand":0,"DemandMax":4,"Value":270},{"Length":22,"Height":49,"Demand":0,"DemandMax":4,"Value":2156},{"Length":83,"Height":22,"Demand":0,"DemandMax":4,"Value":3652},{"Length":20,"Height":99,"Demand":0,"DemandMax":4,"Value":5940},{"Length":16,"Height":50,"Demand":0,"DemandMax":4,"Value":1600},{"Length":42,"Height":22,"Demand":0,"DemandMax":4,"Value":1848},{"Length":36,"Height":9,"Demand":0,"DemandMax":4,"Value":324},{"Length":29,"Height":32,"Demand":0,"DemandMax":4,"Value":1856},{"Length":32,"Height":31,"Demand":0,"DemandMax":4,"Value":992},{"Length":36,"Height":14,"Demand":0,"DemandMax":4,"Value":1008},{"Length":83,"Height":42,"Demand":0,"DemandMax":4,"Value":6972},{"Length":17,"Height":17,"Demand":0,"DemandMax":4,"Value":867},{"Length":93,"Height":38,"Demand":0,"DemandMax":4,"Value":3534},{"Length":87,"Height":97,"Demand":0,"DemandMax":4,"Value":16878},{"Length":14,"Height":7,"Demand":0,"DemandMax":4,"Value":98},{"Length":38,"Height":35,"Demand":0,"DemandMax":4,"Value":3990},{"Length":9,"Height":40,"Demand":0,"DemandMax":4,"Value":720},{"Length":64,"Height":69,"Demand":0,"DemandMax":4,"Value":13248},{"Length":83,"Height":81,"Demand":0,"DemandMax":4,"Value":6723},{"Length":94,"Height":28,"Demand":0,"DemandMax":4,"Value":5264},{"Length":26,"Height":80,"Demand":0,"DemandMax":4,"Value":4160},{"Length":20,"Height":81,"Demand":0,"DemandMax":4,"Value":3240},{"Length":86,"Height":5,"Demand":0,"DemandMax":4,"Value":1290},{"Length":39,"Height":85,"Demand":0,"DemandMax":4,"Value":3315},{"Length":84,"Height":13,"Demand":0,"DemandMax":4,"Value":1092},{"Length":14,"Height":81,"Demand":0,"DemandMax":4,"Value":1134},{"Length":43,"Height":16,"Demand":0,"DemandMax":4,"Value":2064},{"Length":64,"Height":86,"Demand":0,"DemandMax":4,"Value":5504},{"Length":41,"Height":47,"Demand":0,"DemandMax":4,"Value":1927},{"Length":98,"Height":58,"Demand":0,"DemandMax":4,"Value":17052},{"Length":81,"Height":29,"Demand":0,"DemandMax":4,"Value":4698},{"Length":81,"Height":30,"Demand":0,"DemandMax":4,"Value":2430},{"Length":39,"Height":23,"Demand":0,"DemandMax":4,"Value":2691},{"Length":46,"Height":45,"Demand":0,"DemandMax":4,"Value":6210},{"Length":60,"Height":81,"Demand":0,"DemandMax":4,"Value":9720},{"Length":80,"Height":81,"Demand":0,"DemandMax":4,"Value":12960},{"Length":80,"Height":59,"Demand":0,"DemandMax":4,"Value":4720},{"Length":94,"Height":64,"Demand":0,"DemandMax":4,"Value":12032},{"Length":32,"Height":11,"Demand":0,"DemandMax":4,"Value":704},{"Length":21,"Height":96,"Demand":0,"DemandMax":4,"Value":4032},{"Length":44,"Height":95,"Demand":0,"DemandMax":4,"Value":4180},{"Length":45,"Height":16,"Demand":0,"DemandMax":4,"Value":2160},{"Length":85,"Height":67,"Demand":0,"DemandMax":4,"Value":5695},{"Length":44,"Height":4,"Demand":0,"DemandMax":4,"Value":528},{"Length":6,"Height":39,"Demand":0,"DemandMax":4,"Value":702},{"Length":3,"Height":9,"Demand":0,"DemandMax":4,"Value":54},{"Length":8,"Height":87,"Demand":0,"DemandMax":4,"Value":1392},{"Length":99,"Height":39,"Demand":0,"DemandMax":4,"Value":7722},{"Length":31,"Height":27,"Demand":0,"DemandMax":4,"Value":2511},{"Length":2,"Height":47,"Demand":0,"DemandMax":4,"Value":94},{"Length":40,"Height":12,"Demand":0,"DemandMax":4,"Value":1440},{"Length":38,"Height":19,"Demand":0,"DemandMax":4,"Value":2166},{"Length":84,"Height":16,"Demand":0,"DemandMax":4,"Value":1344},{"Length":23,"Height":98,"Demand":0,"DemandMax":4,"Value":2254},{"Length":86,"Height":79,"Demand":0,"DemandMax":4,"Value":6794},{"Length":38,"Height":10,"Demand":0,"DemandMax":4,"Value":380},{"Length":39,"Height":11,"Demand":0,"DemandMax":4,"Value":1287},{"Length":89,"Height":95,"Demand":0,"DemandMax":4,"Value":25365},{"Length":83,"Height":13,"Demand":0,"DemandMax":4,"Value":2158},{"Length":97,"Height":16,"Demand":0,"DemandMax":4,"Value":1552},{"Length":82,"Height":93,"Demand":0,"DemandMax":4,"Value":15252},{"Length":46,"Height":94,"Demand":0,"DemandMax":4,"Value":4324},{"Length":35,"Height":42,"Demand":0,"DemandMax":4,"Value":4410},{"Length":26,"Height":30,"Demand":0,"DemandMax":4,"Value":1560},{"Length":63,"Height":52,"Demand":0,"DemandMax":4,"Value":9828},{"Length":31,"Height":20,"Demand":0,"DemandMax":4,"Value":620},{"Length":15,"Height":26,"Demand":0,"DemandMax":4,"Value":780},{"Length":53,"Height":81,"Demand":0,"DemandMax":4,"Value":4293},{"Length":9,"Height":38,"Demand":0,"DemandMax":4,"Value":684},{"Length":13,"Height":99,"Demand":0,"DemandMax":4,"Value":1287},{"Length":98,"Height":14,"Demand":0,"DemandMax":4,"Value":2744},{"Length":48,"Height":11,"Demand":0,"DemandMax":4,"Value":1584},{"Length":28,"Height":16,"Demand":0,"DemandMax":4,"Value":448},{"Length":2,"Height":92,"Demand":0,"DemandMax":4,"Value":184},{"Length":95,"Height":13,"Demand":0,"DemandMax":4,"Value":1235},{"Length":50,"Height":82,"Demand":0,"DemandMax":4,"Value":12300},{"Length":9,"Height":84,"Demand":0,"DemandMax":4,"Value":2268},{"Length":48,"Height":18,"Demand":0,"DemandMax":4,"Value":2592},{"Length":95,"Height":27,"Demand":0,"DemandMax":4,"Value":7695},{"Length":73,"Height":81,"Demand":0,"DemandMax":4,"Value":11826},{"Length":98,"Height":81,"Demand":0,"DemandMax":4,"Value":23814},{"Length":24,"Height":16,"Demand":0,"DemandMax":4,"Value":1152},{"Length":25,"Height":38,"Demand":0,"DemandMax":4,"Value":2850},{"Length":94,"Height":78,"Demand":0,"DemandMax":4,"Value":7332},{"Length":18,"Height":88,"Demand":0,"DemandMax":4,"Value":1584},{"Length":51,"Height":78,"Demand":0,"DemandMax":4,"Value":11934},{"Length":20,"Height":39,"Demand":0,"DemandMax":4,"Value":780},{"Length":48,"Height":48,"Demand":0,"DemandMax":4,"Value":4608},{"Length":6,"Height":92,"Demand":0,"DemandMax":4,"Value":1104},{"Length":38,"Height":81,"Demand":0,"DemandMax":4,"Value":9234},{"Length":86,"Height":73,"Demand":0,"DemandMax":4,"Value":18834},{"Length":71,"Height":89,"Demand":0,"DemandMax":4,"Value":6319},{"Length":99,"Height":85,"Demand":0,"DemandMax":4,"Value":16830},{"Length":32,"Height":37,"Demand":0,"DemandMax":4,"Value":2368},{"Length":68,"Height":88,"Demand":0,"DemandMax":4,"Value":11968},{"Length":38,"Height":93,"Demand":0,"DemandMax":4,"Value":10602},{"Length":35,"Height":82,"Demand":0,"DemandMax":4,"Value":5740},{"Length":93,"Height":18,"Demand":0,"DemandMax":4,"Value":5022},{"Length":17,"Height":96,"Demand":0,"DemandMax":4,"Value":4896}]}