{"Name":"ngcutfs3_108","Objects":[{"Length":100,"Height":100,"Stock":null,"Cost":10000}],"Items":[{"Length":82,"Height":39,"Demand":0,"DemandMax":3,"Value":6396},{"Length":21,"Height":48,"Demand":0,"DemandMax":3,"Value":3024},{"Length":37,"Height":50,"Demand":0,"DemandMax":3,"Value":3700},{"Length":18,"Height":19,"Demand":0,"DemandMax":3,"Value":342},{"Length":29,"Height":10,"Demand":0,"DemandMax":3,"Value":580},{"Length":85,"Height":22,"Demand":0,"DemandMax":3,"Value":1870},{"Length":13,"Height":99,"Demand":0,"DemandMax":3,"Value":1287},{"Length":26,"Height":47,"Demand":0,"DemandMax":3,"Value":1222},{"Length":37,"Height":21,"Demand":0,"DemandMax":3,"Value":2331},{"Length":11,"Height":33,"Demand":0,"DemandMax":3,"Value":363},{"Length":48,"Height":46,"Demand":0,"DemandMax":3,"Value":2208},{"Length":23,"Height":42,"Demand":0,"DemandMax":3,"Value":966},{"Length":43,"Height":5,"Demand":0,"DemandMax":3,"Value":645},{"Length":100,"Height":70,"Demand":0,"DemandMax":3,"Value":21000},{"Length":24,"Height":40,"Demand":0,"DemandMax":3,"Value":1920},{"Length":6,"Height":44,"Demand":0,"DemandMax":3,"Value":792},{"Length":27,"Height":5,"Demand":0,"DemandMax":3,"Value":270},{"Length":8,"Height":25,"Demand":0,"DemandMax":3,"Value":600},{"Length":39,"Height":50,"Demand":0,"DemandMax":3,"Value":3900},{"Length":29,"Height":22,"Demand":0,"DemandMax":3,"Value":638},{"Length":48,"Height":50,"Demand":0,"DemandMax":3,"Value":2400},{"Length":68,"Height":89,"Demand":0,"DemandMax":3,"Value":18156},{"Length":6,"Height":37,"Demand":0,"DemandMax":3,"Value":666},{"Length":9,"Height":31,"Demand":0,"DemandMax":3,"Value":279},{"Length":21,"Height":34,"Demand":0,"DemandMax":3,"Value":714},{"Length":33,"Height":47,"Demand":0,"DemandMax":3,"Value":3102},{"Length":91,"Height":28,"Demand":0,"DemandMax":3,"Value":2548},{"Length":11,"Height":5,"Demand":0,"DemandMax":3,"Value":165},{"Length":77,"Height":15,"Demand":0,"DemandMax":3,"Value":3465},{"Length":7,"Height":41,"Demand":0,"DemandMax":3,"Value":574},{"Length":46,"Height":12,"Demand":0,"DemandMax":3,"Value":552},{"Length":23,"Height":14,"Demand":0,"DemandMax":3,"Value":644},{"Length":28,"Height":39,"Demand":0,"DemandMax":3,"Value":2184},{"Length":70,"Height":85,"Demand":0,"DemandMax":3,"Value":11900},{"Length":4,"Height":9,"Demand":0,"DemandMax":3,"Value":72},{"Length":12,"Height":43,"Demand":0,"DemandMax":3,"Value":1032},{"Length":12,"Height":20,"Demand":0,"DemandMax":3,"Value":720},{"Length":46,"Height":38,"Demand":0,"DemandMax":3,"Value":3496},{"Length":46,"Height":15,"Demand":0,"DemandMax":3,"Value":690},{"Length":16,"Height":46,"Demand":0,"DemandMax":3,"Value":1472},{"Length":45,"Height":10,"Demand":0,"DemandMax":3,"Value":1350},{"Length":84,"Height":70,"Demand":0,"DemandMax":3,"Value":17640},{"Length":83,"Height":48,"Demand":0,"DemandMax":3,"Value":11952},{"Length":16,"Height":42,"Demand":0,"DemandMax":3,"Value":2016},{"Length":46,"Height":35,"Demand":0,"DemandMax":3,"Value":3220},{"Length":49,"Height":4,"Demand":0,"DemandMax":3,"Value":588},{"Length":82,"Height":12,"Demand":0,"DemandMax":3,"Value":1968},{"Length":83,"Height":87,"Demand":0,"DemandMax":3,"Value":14442},{"Length":98,"Height":38,"Demand":0,"DemandMax":3,"Value":11172},{"Length":23,"Height":22,"Demand":0,"DemandMax":3,"Value":1012},{"Length":42,"Height":13,"Demand":0,"DemandMax":3,"Value":546},{"Length":86,"Height":3,"Demand":0,"DemandMax":3,"Value":774},{"Length":47,"Height":26,"Demand":0,"DemandMax":3,"Value":1222},{"Length":29,"Height":79,"Demand":0,"DemandMax":3,"Value":2291},{"Length":37,"Height":42,"Demand":0,"DemandMax":3,"Value":4662},{"Length":6,"Height":3,"Demand":0,"DemandMax":3,"Value":18},{"Length":34,"Height":33,"Demand":0,"DemandMax":3,"Value":3366},{"Length":35,"Height":44,"Demand":0,"DemandMax":3,"Value":3080},{"Length":3,"Height":11,"Demand":0,"DemandMax":3,"Value":33},{"Length":34,"Height":85,"Demand":0,"DemandMax":3,"Value":2890},{"Length":38,"Height":76,"Demand":0,"DemandMax":3,"Value":8664},{"Length":22,"Height":13,"Demand":0,"DemandMax":3,"Value":572},{"Length":12,"Height":48,"Demand":0,"DemandMax":3,"Value":576},{"Length":40,"Height":24,"Demand":0,"DemandMax":3,"Value":960},{"Length":4,"Height":40,"Demand":0,"DemandMax":3,"Value":320},{"Length":79,"Height":5,"Demand":0,"DemandMax":3,"Value":1185},{"Length":34,"Height":39,"Demand":0,"DemandMax":3,"Value":1326},{"Length":40,"Height":5,"Demand":0,"DemandMax":3,"Value":200},{"Length":36,"Height":29,"Demand":0,"DemandMax":3,"Value":2088},{"Length":83,"Height":42,"Demand":0,"DemandMax":3,"Value":6972},{"Length":18,"Height":33,"Demand":0,"DemandMax":3,"Value":1188},{"Length":3,"Height":79,"Demand":0,"DemandMax":3,"Value":237},{"Length":92,"Height":75,"Demand":0,"DemandMax":3,"Value":13800},{"Length":99,"Height":4,"Demand":0,"DemandMax":3,"Value":792},{"Length":7,"Height":9,"Demand":0,"DemandMax":3,"Value":63},{"Length":94,"Height":23,"Demand":0,"DemandMax":3,"Value":2162},{"Length":12,"Height":29,"Demand":0,"DemandMax":3,"Value":348},{"Length":18,"Height":85,"Demand":0,"DemandMax":3,"Value":3060},{"Length":14,"Height":28,"Demand":0,"DemandMax":3,"Value":392},{"Length":6,"Height":24,"Demand":0,"DemandMax":3,"Value":288},{"Length":24,"Height":46,"Demand":0,"DemandMax":3,"Value":3312},{"Length":85,"Height":44,"Demand":0,"DemandMax":3,"Value":11220},{"Length":5,"Height":21,"Demand":0,"DemandMax":3,"Value":105},{"Length":42,"Height":50,"Demand":0,"DemandMax":3,"Value":2100},{"Length":41,"Height":24,"Demand":0,"DemandMax":3,"Value":1968},{"Length":28,"Height":9,"Demand":0,"DemandMax":3,"Value":252},{"Length":45,"Height":31,"Demand":0,"DemandMax":3,"Value":4185},{"Length":80,"Height":29,"Demand":0,"DemandMax":3,"Value":6960},{"Length":12,"Height":47,"Demand":0,"DemandMax":3,"Value":1128},{"Length":81,"Height":50,"Demand":0,"DemandMax":3,"Value":4050},{"Length":40,"Height":32,"Demand":0,"DemandMax":3,"Value":3840},{"Length":24,"Height":46,"Demand":0,"DemandMax":3,"Value":2208},{"Length":40,"Height":27,"Demand":0,"DemandMax":3,"Value":3240},{"Length":28,"Height":42,"Demand":0,"DemandMax":3,"Value":3528},{"Length":27,"Height":19,"Demand":0,"DemandMax":3,"Value":1539},{"Length":99,"Height":6,"Demand":0,"DemandMax":3,"Value":594},{"Length":47,"Height":41,"Demand":0,"DemandMax":3,"Value":3854},{"Length":3,"Height":43,"Demand":0,"DemandMax":3,"Value":129},{"Length":27,"Height":34,"Demand":0,"DemandMax":3,"Value":1836},{"Length":35,"Height":15,"Demand":0,"DemandMax":3,"Value":1575},{"Length":63,"Height":88,"Demand":0,"DemandMax":3,"Value":11088},{"Length":80,"Height":24,"Demand":0,"DemandMax":3,"Value":3840},{"Length":59,"Height":91,"Demand":0,"DemandMax":3,"Value":10738},{"Length":29,"Height":76,"Demand":0,"DemandMax":3,"Value":4408},{"Length":4,"Height":24,"Demand":0,"DemandMax":6,"Value":192},{"Length":27,"Height":11,"Demand":0,"DemandMax":3,"Value":594},{"Length":62,"Height":95,"Demand":0,"DemandMax":3,"Value":11780},{"Length":8,"Height":27,"Demand":0,"DemandMax":3,"Value":216},{"Length":37,"Height":47,"Demand":0,"DemandMax":3,"Value":1739},{"Length":76,"Height":95,"Demand":0,"DemandMax":3,"Value":21660},{"Length":40,"Height":36,"Demand":0,"DemandMax":3,"Value":1440},{"Length":21,"Height":34,"Demand":0,"DemandMax":3,"Value":2142},{"Length":44,"Height":26,"Demand":0,"DemandMax":3,"Value":3432},{"Length":31,"Height":18,"Demand":0,"DemandMax":3,"Value":1116},{"Length":32,"Height":43,"Demand":0,"DemandMax":3,"Value":2752},{"Length":90,"Height":2,"Demand":0,"DemandMax":3,"Value":540},{"Length":26,"Height":25,"Demand":0,"DemandMax":3,"Value":650},{"Length":49,"Height":4,"Demand":0,"DemandMax":3,"Value":196},{"Length":38,"Height":12,"Demand":0,"DemandMax":3,"Value":456},{"Length":22,"Height":7,"Demand":0,"DemandMax":3,"Value":308},{"Length":42,"Height":44,"Demand":0,"DemandMax":3,"Value":1848},{"Length":21,"Height":29,"Demand":0,"DemandMax":3,"Value":1827},{"Length":42,"Height":24,"Demand":0,"DemandMax":3,"Value":3024},{"Length":17,"Height":100,"Demand":0,"DemandMax":3,"Value":5100},{"Length":46,"Height":22,"Demand":0,"DemandMax":3,"Value":1012},{"Length":46,"Height":97,"Demand":0,"DemandMax":3,"Value":8924},{"Length":2,"Height":24,"Demand":0,"DemandMax":3,"Value":144},{"Length":22,"Height":43,"Demand":0,"DemandMax":3,"Value":1892},{"Length":43,"Height":85,"Demand":0,"DemandMax":3,"Value":10965},{"Length":49,"Height":10,"Demand":0,"DemandMax":3,"Value":490},{"Length":18,"Height":5,"Demand":0,"DemandMax":3,"Value":90},{"Length":18,"Height":30,"Demand":0,"DemandMax":3,"Value":1620},{"Length":16,"Height":89,"Demand":0,"DemandMax":3,"Value":1424},{"Length":14,"Height":30,"Demand":0,"DemandMax":3,"Value":1260},{"Length":43,"Height":41,"Demand":0,"DemandMax":3,"Value":1763},{"Length":24,"Height":50,"Demand":0,"DemandMax":3,"Value":3600},{"Length":40,"Height":13,"Demand":0,"DemandMax":3,"Value":520},{"Length":88,"Height":46,"Demand":0,"DemandMax":3,"Value":8096},{"Length":12,"Height":48,"Demand":0,"DemandMax":3,"Value":1152},{"Length":39,"Height":23,"Demand":0,"DemandMax":3,"Value":2691},{"Length":31,"Height":41,"Demand":0,"DemandMax":3,"Value":2542},{"Length":85,"Height":51,"Demand":0,"DemandMax":3,"Value":4335},{"Length":47,"Height":40,"Demand":0,"DemandMax":3,"Value":3760},{"Length":36,"Height":31,"Demand":0,"DemandMax":3,"Value":1116},{"Length":37,"Height":21,"Demand":0,"DemandMax":3,"Value":1554},{"Length":26,"Height":29,"Demand":0,"DemandMax":3,"Value":2262},{"Length":7,"Height":24,"Demand":0,"DemandMax":3,"Value":336},{"Length":92,"Height":72,"Demand":0,"DemandMax":3,"Value":19872},{"Length":8,"Height":36,"Demand":0,"DemandMax":3,"Value":864}]}