{"Name":"ngcutfs3_102","Objects":[{"Length":100,"Height":100,"Stock":null,"Cost":10000}],"Items":[{"Length":43,"Height":8,"Demand":0,"DemandMax":3,"Value":344},{"Length":46,"Height":82,"Demand":0,"DemandMax":3,"Value":11316},{"Length":35,"Height":8,"Demand":0,"DemandMax":3,"Value":280},{"Length":31,"Height":99,"Demand":0,"DemandMax":3,"Value":9207},{"Length":86,"Height":49,"Demand":0,"DemandMax":3,"Value":8428},{"Length":76,"Height":37,"Demand":0,"DemandMax":3,"Value":8436},{"Length":44,"Height":31,"Demand":0,"DemandMax":3,"Value":2728},{"Length":48,"Height":29,"Demand":0,"DemandMax":3,"Value":4176},{"Length":27,"Height":10,"Demand":0,"DemandMax":3,"Value":270},{"Length":7,"Height":82,"Demand":0,"DemandMax":3,"Value":1148},{"Length":44,"Height":16,"Demand":0,"DemandMax":3,"Value":1408},{"Length":55,"Height":96,"Demand":0,"DemandMax":3,"Value":15840},{"Length":2,"Height":14,"Demand":0,"DemandMax":3,"Value":28},{"Length":40,"Height":29,"Demand":0,"DemandMax":3,"Value":2320},{"Length":38,"Height":29,"Demand":0,"DemandMax":3,"Value":3306},{"Length":41,"Height":26,"Demand":0,"DemandMax":3,"Value":2132},{"Length":43,"Height":50,"Demand":0,"DemandMax":3,"Value":2150},{"Length":32,"Height":17,"Demand":0,"DemandMax":3,"Value":1632},{"Length":83,"Height":94,"Demand":0,"DemandMax":3,"Value":15604},{"Length":46,"Height":8,"Demand":0,"DemandMax":3,"Value":1104},{"Length":50,"Height":4,"Demand":0,"DemandMax":3,"Value":600},{"Length":32,"Height":23,"Demand":0,"DemandMax":3,"Value":1472},{"Length":90,"Height":27,"Demand":0,"DemandMax":3,"Value":4860},{"Length":21,"Height":90,"Demand":0,"DemandMax":3,"Value":1890},{"Length":31,"Height":27,"Demand":0,"DemandMax":3,"Value":2511},{"Length":10,"Height":49,"Demand":0,"DemandMax":3,"Value":490},{"Length":86,"Height":42,"Demand":0,"DemandMax":3,"Value":10836},{"Length":92,"Height":25,"Demand":0,"DemandMax":3,"Value":2300},{"Length":29,"Height":18,"Demand":0,"DemandMax":3,"Value":1566},{"Length":75,"Height":62,"Demand":0,"DemandMax":3,"Value":13950},{"Length":82,"Height":29,"Demand":0,"DemandMax":3,"Value":2378},{"Length":14,"Height":38,"Demand":0,"DemandMax":3,"Value":532},{"Length":80,"Height":23,"Demand":0,"DemandMax":3,"Value":3680},{"Length":95,"Height":35,"Demand":0,"DemandMax":3,"Value":3325},{"Length":27,"Height":48,"Demand":0,"DemandMax":3,"Value":2592},{"Length":38,"Height":25,"Demand":0,"DemandMax":3,"Value":950},{"Length":40,"Height":17,"Demand":0,"DemandMax":3,"Value":2040},{"Length":28,"Height":28,"Demand":0,"DemandMax":3,"Value":1568},{"Length":13,"Height":10,"Demand":0,"DemandMax":3,"Value":130},{"Length":18,"Height":14,"Demand":0,"DemandMax":3,"Value":504},{"Length":25,"Height":41,"Demand":0,"DemandMax":3,"Value":1025},{"Length":42,"Height":49,"Demand":0,"DemandMax":3,"Value":2058},{"Length":62,"Height":97,"Demand":0,"DemandMax":3,"Value":18042},{"Length":20,"Height":29,"Demand":0,"DemandMax":3,"Value":580},{"Length":5,"Height":30,"Demand":0,"DemandMax":3,"Value":300},{"Length":21,"Height":4,"Demand":0,"DemandMax":3,"Value":252},{"Length":44,"Height":24,"Demand":0,"DemandMax":3,"Value":2112},{"Length":40,"Height":16,"Demand":0,"DemandMax":3,"Value":1280},{"Length":14,"Height":49,"Demand":0,"DemandMax":3,"Value":686},{"Length":63,"Height":70,"Demand":0,"DemandMax":3,"Value":13230},{"Length":40,"Height":46,"Demand":0,"DemandMax":3,"Value":3680},{"Length":31,"Height":34,"Demand":0,"DemandMax":3,"Value":2108},{"Length":16,"Height":14,"Demand":0,"DemandMax":3,"Value":672},{"Length":20,"Height":12,"Demand":0,"DemandMax":3,"Value":720},{"Length":94,"Height":4,"Demand":0,"DemandMax":3,"Value":752},{"Length":8,"Height":11,"Demand":0,"DemandMax":3,"Value":88},{"Length":79,"Height":9,"Demand":0,"DemandMax":3,"Value":2133},{"Length":94,"Height":65,"Demand":0,"DemandMax":3,"Value":12220},{"Length":47,"Height":93,"Demand":0,"DemandMax":3,"Value":4371},{"Length":25,"Height":15,"Demand":0,"DemandMax":3,"Value":375},{"Length":20,"Height":44,"Demand":0,"DemandMax":3,"Value":880},{"Length":39,"Height":24,"Demand":0,"DemandMax":3,"Value":936},{"Length":48,"Height":15,"Demand":0,"DemandMax":3,"Value":2160},{"Length":9,"Height":26,"Demand":0,"DemandMax":3,"Value":234},{"Length":46,"Height":41,"Demand":0,"DemandMax":3,"Value":5658},{"Length":39,"Height":47,"Demand":0,"DemandMax":3,"Value":5499},{"Length":4,"Height":39,"Demand":0,"DemandMax":3,"Value":312},{"Length":23,"Height":26,"Demand":0,"DemandMax":3,"Value":598},{"Length":21,"Height":9,"Demand":0,"DemandMax":3,"Value":378},{"Length":38,"Height":15,"Demand":0,"DemandMax":6,"Value":1140},{"Length":5,"Height":24,"Demand":0,"DemandMax":3,"Value":240},{"Length":38,"Height":23,"Demand":0,"DemandMax":3,"Value":874},{"Length":22,"Height":50,"Demand":0,"DemandMax":3,"Value":2200},{"Length":4,"Height":48,"Demand":0,"DemandMax":3,"Value":576},{"Length":81,"Height":85,"Demand":0,"DemandMax":3,"Value":6885},{"Length":42,"Height":43,"Demand":0,"DemandMax":3,"Value":5418},{"Length":19,"Height":12,"Demand":0,"DemandMax":3,"Value":684},{"Length":23,"Height":24,"Demand":0,"DemandMax":3,"Value":1656},{"Length":77,"Height":23,"Demand":0,"DemandMax":3,"Value":3542},{"Length":85,"Height":19,"Demand":0,"DemandMax":3,"Value":1615},{"Length":9,"Height":30,"Demand":0,"DemandMax":3,"Value":810},{"Length":2,"Height":89,"Demand":0,"DemandMax":3,"Value":178},{"Length":31,"Height":42,"Demand":0,"DemandMax":3,"Value":1302},{"Length":85,"Height":28,"Demand":0,"DemandMax":3,"Value":7140},{"Length":84,"Height":7,"Demand":0,"DemandMax":3,"Value":588},{"Length":95,"Height":15,"Demand":0,"DemandMax":3,"Value":4275},{"Length":19,"Height":89,"Demand":0,"DemandMax":3,"Value":5073},{"Length":43,"Height":36,"Demand":0,"DemandMax":3,"Value":3096},{"Length":18,"Height":39,"Demand":0,"DemandMax":3,"Value":2106},{"Length":21,"Height":50,"Demand":0,"DemandMax":3,"Value":2100},{"Length":9,"Height":82,"Demand":0,"DemandMax":3,"Value":1476},{"Length":26,"Height":31,"Demand":0,"DemandMax":3,"Value":1612},{"Length":10,"Height":42,"Demand":0,"DemandMax":3,"Value":1260},{"Length":95,"Height":51,"Demand":0,"DemandMax":3,"Value":9690},{"Length":45,"Height":9,"Demand":0,"DemandMax":3,"Value":1215},{"Length":33,"Height":17,"Demand":0,"DemandMax":3,"Value":561},{"Length":36,"Height":44,"Demand":0,"DemandMax":3,"Value":3168},{"Length":41,"Height":21,"Demand":0,"DemandMax":3,"Value":1722},{"Length":4,"Height":13,"Demand":0,"DemandMax":3,"Value":52},{"Length":5,"Height":30,"Demand":0,"DemandMax":3,"Value":150},{"Length":27,"Height":9,"Demand":0,"DemandMax":3,"Value":729},{"Length":10,"Height":7,"Demand":0,"DemandMax":3,"Value":140},{"Length":44,"Height":26,"Demand":0,"DemandMax":3,"Value":2288},{"Length":19,"Height":18,"Demand":0,"DemandMax":3,"Value":684},{"Length":27,"Height":13,"Demand":0,"DemandMax":3,"Value":351},{"Length":45,"Height":96,"Demand":0,"DemandMax":3,"Value":12960},{"Length":23,"Height":47,"Demand":0,"DemandMax":3,"Value":2162},{"Length":2,"Height":26,"Demand":0,"DemandMax":3,"Value":156},{"Length":39,"Height":9,"Demand":0,"DemandMax":3,"Value":702},{"Length":28,"Height":35,"Demand":0,"DemandMax":3,"Value":1960},{"Length":86,"Height":4,"Demand":0,"DemandMax":3,"Value":688},{"Length":47,"Height":40,"Demand":0,"DemandMax":3,"Value":3760},{"Length":40,"Height":30,"Demand":0,"DemandMax":3,"Value":2400},{"Length":5,"Height":6,"Demand":0,"DemandMax":3,"Value":90},{"Length":12,"Height":40,"Demand":0,"DemandMax":3,"Value":960},{"Length":25,"Height":27,"Demand":0,"DemandMax":3,"Value":2025},{"Length":4,"Height":18,"Demand":0,"DemandMax":3,"Value":72},{"Length":37,"Height":36,"Demand":0,"DemandMax":3,"Value":3996},{"Length":42,"Height":41,"Demand":0,"DemandMax":3,"Value":1722},{"Length":28,"Height":33,"Demand":0,"DemandMax":3,"Value":1848},{"Length":15,"Height":39,"Demand":0,"DemandMax":3,"Value":1170},{"Length":47,"Height":35,"Demand":0,"DemandMax":3,"Value":4935},{"Length":41,"Height":40,"Demand":0,"DemandMax":3,"Value":1640},{"Length":10,"Height":35,"Demand":0,"DemandMax":3,"Value":1050},{"Length":41,"Height":49,"Demand":0,"DemandMax":3,"Value":6027},{"Length":9,"Height":12,"Demand":0,"DemandMax":3,"Value":216},{"Length":31,"Height":49,"Demand":0,"DemandMax":3,"Value":4557},{"Length":87,"Height":32,"Demand":0,"DemandMax":3,"Value":8352},{"Length":26,"Height":35,"Demand":0,"DemandMax":3,"Value":2730},{"Length":81,"Height":68,"Demand":0,"DemandMax":3,"Value":5508},{"Length":29,"Height":5,"Demand":0,"DemandMax":3,"Value":435},{"Length":45,"Height":29,"Demand":0,"DemandMax":3,"Value":1305},{"Length":6,"Height":6,"Demand":0,"DemandMax":3,"Value":36},{"Length":21,"Height":15,"Demand":0,"DemandMax":3,"Value":630},{"Length":3,"Height":46,"Demand":0,"DemandMax":3,"Value":138},{"Length":95,"Height":14,"Demand":0,"DemandMax":3,"Value":3990},{"Length":38,"Height":76,"Demand":0,"DemandMax":3,"Value":5776},{"Length":57,"Height":80,"Demand":0,"DemandMax":3,"Value":4560},{"Length":48,"Height":18,"Demand":0,"DemandMax":3,"Value":864},{"Length":91,"Height":15,"Demand":0,"DemandMax":3,"Value":1365},{"Length":3,"Height":76,"Demand":0,"DemandMax":3,"Value":456},{"Length":21,"Height":5,"Demand":0,"DemandMax":3,"Value":315},{"Length":4,"Height":31,"Demand":0,"DemandMax":3,"Value":248},{"Length":10,"Height":42,"Demand":0,"DemandMax":3,"Value":840},{"Length":50,"Height":30,"Demand":0,"DemandMax":3,"Value":3000},{"Length":23,"Height":4,"Demand":0,"DemandMax":3,"Value":92},{"Length":13,"Height":49,"Demand":0,"DemandMax":3,"Value":1274},{"Length":29,"Height":83,"Demand":0,"DemandMax":3,"Value":7221},{"Length":14,"Height":19,"Demand":0,"DemandMax":3,"Value":532}]}