{"Name":"ngcutfs1_47","Objects":[{"Length":100,"Height":100,"Stock":null,"Cost":10000}],"Items":[{"Length":82,"Height":65,"Demand":0,"DemandMax":3,"Value":10660},{"Length":23,"Height":28,"Demand":0,"DemandMax":3,"Value":644},{"Length":41,"Height":10,"Demand":0,"DemandMax":3,"Value":1230},{"Length":87,"Height":4,"Demand":0,"DemandMax":3,"Value":1044},{"Length":31,"Height":3,"Demand":0,"DemandMax":3,"Value":279},{"Length":92,"Height":8,"Demand":0,"DemandMax":3,"Value":2208},{"Length":18,"Height":80,"Demand":0,"DemandMax":3,"Value":1440},{"Length":20,"Height":89,"Demand":0,"DemandMax":3,"Value":5340},{"Length":65,"Height":55,"Demand":0,"DemandMax":3,"Value":10725},{"Length":97,"Height":27,"Demand":0,"DemandMax":3,"Value":7857},{"Length":19,"Height":84,"Demand":0,"DemandMax":3,"Value":1596},{"Length":20,"Height":100,"Demand":0,"DemandMax":3,"Value":4000},{"Length":98,"Height":5,"Demand":0,"DemandMax":3,"Value":980},{"Length":6,"Height":24,"Demand":0,"DemandMax":3,"Value":144},{"Length":7,"Height":31,"Demand":0,"DemandMax":3,"Value":217},{"Length":7,"Height":10,"Demand":0,"DemandMax":3,"Value":70},{"Length":24,"Height":22,"Demand":0,"DemandMax":3,"Value":1056},{"Length":3,"Height":79,"Demand":0,"DemandMax":3,"Value":474},{"Length":30,"Height":46,"Demand":0,"DemandMax":3,"Value":1380},{"Length":42,"Height":85,"Demand":0,"DemandMax":3,"Value":3570},{"Length":2,"Height":91,"Demand":0,"DemandMax":3,"Value":182},{"Length":77,"Height":91,"Demand":0,"DemandMax":3,"Value":14014},{"Length":8,"Height":100,"Demand":0,"DemandMax":3,"Value":1600},{"Length":45,"Height":96,"Demand":0,"DemandMax":3,"Value":12960},{"Length":98,"Height":38,"Demand":0,"DemandMax":3,"Value":7448},{"Length":87,"Height":18,"Demand":0,"DemandMax":3,"Value":4698},{"Length":21,"Height":10,"Demand":0,"DemandMax":3,"Value":420},{"Length":74,"Height":57,"Demand":0,"DemandMax":3,"Value":12654},{"Length":29,"Height":43,"Demand":0,"DemandMax":3,"Value":1247},{"Length":87,"Height":45,"Demand":0,"DemandMax":3,"Value":11745},{"Length":90,"Height":60,"Demand":0,"DemandMax":3,"Value":16200},{"Length":78,"Height":2,"Demand":0,"DemandMax":3,"Value":312},{"Length":11,"Height":77,"Demand":0,"DemandMax":3,"Value":1694},{"Length":43,"Height":93,"Demand":0,"DemandMax":3,"Value":3999},{"Length":46,"Height":9,"Demand":0,"DemandMax":3,"Value":1242},{"Length":41,"Height":6,"Demand":0,"DemandMax":3,"Value":492},{"Length":10,"Height":11,"Demand":0,"DemandMax":3,"Value":220},{"Length":17,"Height":8,"Demand":0,"DemandMax":3,"Value":136},{"Length":25,"Height":77,"Demand":0,"DemandMax":3,"Value":1925},{"Length":86,"Height":15,"Demand":0,"DemandMax":3,"Value":2580},{"Length":19,"Height":77,"Demand":0,"DemandMax":3,"Value":4389},{"Length":11,"Height":12,"Demand":0,"DemandMax":3,"Value":132},{"Length":31,"Height":80,"Demand":0,"DemandMax":3,"Value":2480},{"Length":60,"Height":57,"Demand":0,"DemandMax":3,"Value":10260},{"Length":3,"Height":45,"Demand":0,"DemandMax":3,"Value":270},{"Length":15,"Height":16,"Demand":0,"DemandMax":3,"Value":480},{"Length":35,"Height":43,"Demand":0,"DemandMax":3,"Value":1505},{"Length":27,"Height":85,"Demand":0,"DemandMax":3,"Value":2295},{"Length":43,"Height":17,"Demand":0,"DemandMax":3,"Value":731},{"Length":30,"Height":10,"Demand":0,"DemandMax":3,"Value":600}]}