{"Name":"ngcutfs3_40","Objects":[{"Length":100,"Height":100,"Stock":null,"Cost":10000}],"Items":[{"Length":18,"Height":27,"Demand":0,"DemandMax":1,"Value":1458},{"Length":47,"Height":17,"Demand":0,"DemandMax":1,"Value":799},{"Length":81,"Height":6,"Demand":0,"DemandMax":1,"Value":1458},{"Length":83,"Height":51,"Demand":0,"DemandMax":1,"Value":8466},{"Length":39,"Height":24,"Demand":0,"DemandMax":1,"Value":936},{"Length":35,"Height":83,"Demand":0,"DemandMax":1,"Value":2905},{"Length":27,"Height":38,"Demand":0,"DemandMax":1,"Value":1026},{"Length":91,"Height":21,"Demand":0,"DemandMax":1,"Value":3822},{"Length":3,"Height":14,"Demand":0,"DemandMax":1,"Value":84},{"Length":22,"Height":80,"Demand":0,"DemandMax":1,"Value":5280},{"Length":15,"Height":15,"Demand":0,"DemandMax":1,"Value":450},{"Length":55,"Height":91,"Demand":0,"DemandMax":1,"Value":15015},{"Length":38,"Height":31,"Demand":0,"DemandMax":1,"Value":1178},{"Length":85,"Height":52,"Demand":0,"DemandMax":1,"Value":8840},{"Length":25,"Height":25,"Demand":0,"DemandMax":1,"Value":625},{"Length":9,"Height":90,"Demand":0,"DemandMax":1,"Value":1620},{"Length":43,"Height":28,"Demand":0,"DemandMax":1,"Value":3612},{"Length":18,"Height":20,"Demand":0,"DemandMax":1,"Value":720},{"Length":100,"Height":8,"Demand":0,"DemandMax":1,"Value":2400},{"Length":88,"Height":57,"Demand":0,"DemandMax":1,"Value":15048},{"Length":78,"Height":50,"Demand":0,"DemandMax":1,"Value":7800},{"Length":99,"Height":90,"Demand":0,"DemandMax":1,"Value":17820},{"Length":44,"Height":4,"Demand":0,"DemandMax":1,"Value":176},{"Length":76,"Height":28,"Demand":0,"DemandMax":1,"Value":4256},{"Length":31,"Height":36,"Demand":0,"DemandMax":1,"Value":3348},{"Length":100,"Height":40,"Demand":0,"DemandMax":1,"Value":8000},{"Length":43,"Height":50,"Demand":0,"DemandMax":1,"Value":4300},{"Length":23,"Height":36,"Demand":0,"DemandMax":1,"Value":828},{"Length":14,"Height":46,"Demand":0,"DemandMax":1,"Value":1932},{"Length":28,"Height":46,"Demand":0,"DemandMax":1,"Value":3864},{"Length":32,"Height":13,"Demand":0,"DemandMax":1,"Value":416},{"Length":20,"Height":24,"Demand":0,"DemandMax":1,"Value":960},{"Length":24,"Height":15,"Demand":0,"DemandMax":1,"Value":1080},{"Length":52,"Height":56,"Demand":0,"DemandMax":1,"Value":5824},{"Length":25,"Height":48,"Demand":0,"DemandMax":1,"Value":1200},{"Length":19,"Height":16,"Demand":0,"DemandMax":1,"Value":608},{"Length":34,"Height":45,"Demand":0,"DemandMax":1,"Value":4590},{"Length":92,"Height":14,"Demand":0,"DemandMax":1,"Value":3864},{"Length":29,"Height":9,"Demand":0,"DemandMax":1,"Value":261},{"Length":23,"Height":3,"Demand":0,"DemandMax":1,"Value":207},{"Length":42,"Height":43,"Demand":0,"DemandMax":1,"Value":5418},{"Length":46,"Height":25,"Demand":0,"DemandMax":1,"Value":2300},{"Length":42,"Height":80,"Demand":0,"DemandMax":1,"Value":10080},{"Length":55,"Height":72,"Demand":0,"DemandMax":1,"Value":7920},{"Length":64,"Height":58,"Demand":0,"DemandMax":1,"Value":11136},{"Length":49,"Height":23,"Demand":0,"DemandMax":1,"Value":2254},{"Length":11,"Height":38,"Demand":0,"DemandMax":1,"Value":418},{"Length":89,"Height":51,"Demand":0,"DemandMax":1,"Value":9078},{"Length":65,"Height":78,"Demand":0,"DemandMax":1,"Value":10140},{"Length":27,"Height":35,"Demand":0,"DemandMax":1,"Value":2835}]}