{"Name":"ngcutfs1_209","Objects":[{"Length":100,"Height":100,"Stock":null,"Cost":10000}],"Items":[{"Length":13,"Height":29,"Demand":0,"DemandMax":4,"Value":754},{"Length":33,"Height":31,"Demand":0,"DemandMax":4,"Value":1023},{"Length":93,"Height":28,"Demand":0,"DemandMax":4,"Value":2604},{"Length":48,"Height":29,"Demand":0,"DemandMax":4,"Value":2784},{"Length":8,"Height":87,"Demand":0,"DemandMax":4,"Value":696},{"Length":7,"Height":29,"Demand":0,"DemandMax":4,"Value":406},{"Length":28,"Height":37,"Demand":0,"DemandMax":4,"Value":3108},{"Length":47,"Height":82,"Demand":0,"DemandMax":4,"Value":3854},{"Length":68,"Height":96,"Demand":0,"DemandMax":4,"Value":19584},{"Length":40,"Height":98,"Demand":0,"DemandMax":4,"Value":11760},{"Length":93,"Height":75,"Demand":0,"DemandMax":4,"Value":6975},{"Length":86,"Height":46,"Demand":0,"DemandMax":8,"Value":11868},{"Length":43,"Height":77,"Demand":0,"DemandMax":4,"Value":6622},{"Length":12,"Height":83,"Demand":0,"DemandMax":4,"Value":996},{"Length":10,"Height":33,"Demand":0,"DemandMax":4,"Value":990},{"Length":13,"Height":12,"Demand":0,"DemandMax":4,"Value":156},{"Length":96,"Height":18,"Demand":0,"DemandMax":4,"Value":3456},{"Length":2,"Height":89,"Demand":0,"DemandMax":4,"Value":178},{"Length":21,"Height":87,"Demand":0,"DemandMax":4,"Value":3654},{"Length":98,"Height":7,"Demand":0,"DemandMax":4,"Value":686},{"Length":95,"Height":46,"Demand":0,"DemandMax":4,"Value":8740},{"Length":26,"Height":35,"Demand":0,"DemandMax":4,"Value":1820},{"Length":41,"Height":45,"Demand":0,"DemandMax":4,"Value":1845},{"Length":91,"Height":32,"Demand":0,"DemandMax":4,"Value":8736},{"Length":57,"Height":95,"Demand":0,"DemandMax":4,"Value":10830},{"Length":70,"Height":94,"Demand":0,"DemandMax":4,"Value":13160},{"Length":62,"Height":76,"Demand":0,"DemandMax":4,"Value":14136},{"Length":43,"Height":20,"Demand":0,"DemandMax":4,"Value":860},{"Length":21,"Height":96,"Demand":0,"DemandMax":4,"Value":4032},{"Length":73,"Height":79,"Demand":0,"DemandMax":4,"Value":17301},{"Length":86,"Height":44,"Demand":0,"DemandMax":4,"Value":3784},{"Length":52,"Height":97,"Demand":0,"DemandMax":4,"Value":5044},{"Length":92,"Height":55,"Demand":0,"DemandMax":4,"Value":15180},{"Length":89,"Height":91,"Demand":0,"DemandMax":4,"Value":16198},{"Length":80,"Height":31,"Demand":0,"DemandMax":4,"Value":2480},{"Length":46,"Height":24,"Demand":0,"DemandMax":4,"Value":1104},{"Length":50,"Height":15,"Demand":0,"DemandMax":4,"Value":750},{"Length":97,"Height":20,"Demand":0,"DemandMax":4,"Value":3880},{"Length":5,"Height":7,"Demand":0,"DemandMax":4,"Value":105},{"Length":82,"Height":48,"Demand":0,"DemandMax":4,"Value":3936},{"Length":9,"Height":78,"Demand":0,"DemandMax":8,"Value":702},{"Length":16,"Height":78,"Demand":0,"DemandMax":4,"Value":2496},{"Length":12,"Height":45,"Demand":0,"DemandMax":4,"Value":1620},{"Length":29,"Height":29,"Demand":0,"DemandMax":4,"Value":2523},{"Length":20,"Height":83,"Demand":0,"DemandMax":4,"Value":1660},{"Length":26,"Height":94,"Demand":0,"DemandMax":4,"Value":4888},{"Length":66,"Height":68,"Demand":0,"DemandMax":4,"Value":8976},{"Length":8,"Height":21,"Demand":0,"DemandMax":4,"Value":504},{"Length":96,"Height":93,"Demand":0,"DemandMax":4,"Value":17856},{"Length":19,"Height":49,"Demand":0,"DemandMax":4,"Value":2793},{"Length":29,"Height":44,"Demand":0,"DemandMax":4,"Value":1276},{"Length":95,"Height":64,"Demand":0,"DemandMax":4,"Value":12160},{"Length":51,"Height":85,"Demand":0,"DemandMax":4,"Value":4335},{"Length":6,"Height":48,"Demand":0,"DemandMax":4,"Value":288},{"Length":80,"Height":36,"Demand":0,"DemandMax":4,"Value":2880},{"Length":44,"Height":97,"Demand":0,"DemandMax":4,"Value":12804},{"Length":99,"Height":25,"Demand":0,"DemandMax":4,"Value":7425},{"Length":70,"Height":90,"Demand":0,"DemandMax":4,"Value":12600},{"Length":81,"Height":41,"Demand":0,"DemandMax":4,"Value":9963},{"Length":11,"Height":38,"Demand":0,"DemandMax":4,"Value":836},{"Length":33,"Height":41,"Demand":0,"DemandMax":4,"Value":2706},{"Length":56,"Height":82,"Demand":0,"DemandMax":4,"Value":13776},{"Length":4,"Height":16,"Demand":0,"DemandMax":4,"Value":192},{"Length":65,"Height":69,"Demand":0,"DemandMax":4,"Value":4485},{"Length":4,"Height":28,"Demand":0,"DemandMax":4,"Value":224},{"Length":28,"Height":12,"Demand":0,"DemandMax":4,"Value":1008},{"Length":76,"Height":22,"Demand":0,"DemandMax":4,"Value":3344},{"Length":98,"Height":44,"Demand":0,"DemandMax":4,"Value":4312},{"Length":51,"Height":75,"Demand":0,"DemandMax":4,"Value":3825},{"Length":31,"Height":76,"Demand":0,"DemandMax":4,"Value":7068},{"Length":10,"Height":85,"Demand":0,"DemandMax":8,"Value":850},{"Length":10,"Height":22,"Demand":0,"DemandMax":4,"Value":440},{"Length":87,"Height":59,"Demand":0,"DemandMax":8,"Value":10266},{"Length":80,"Height":8,"Demand":0,"DemandMax":4,"Value":1920},{"Length":42,"Height":50,"Demand":0,"DemandMax":8,"Value":2100},{"Length":94,"Height":66,"Demand":0,"DemandMax":4,"Value":18612},{"Length":9,"Height":8,"Demand":0,"DemandMax":4,"Value":72},{"Length":82,"Height":25,"Demand":0,"DemandMax":4,"Value":6150},{"Length":45,"Height":48,"Demand":0,"DemandMax":4,"Value":2160},{"Length":70,"Height":82,"Demand":0,"DemandMax":8,"Value":17220},{"Length":23,"Height":88,"Demand":0,"DemandMax":4,"Value":6072},{"Length":35,"Height":37,"Demand":0,"DemandMax":8,"Value":2590},{"Length":96,"Height":15,"Demand":0,"DemandMax":4,"Value":1440},{"Length":65,"Height":63,"Demand":0,"DemandMax":4,"Value":12285},{"Length":13,"Height":95,"Demand":0,"DemandMax":4,"Value":1235},{"Length":93,"Height":11,"Demand":0,"DemandMax":4,"Value":1023},{"Length":49,"Height":4,"Demand":0,"DemandMax":4,"Value":588},{"Length":36,"Height":79,"Demand":0,"DemandMax":4,"Value":8532},{"Length":13,"Height":82,"Demand":0,"DemandMax":4,"Value":2132},{"Length":25,"Height":85,"Demand":0,"DemandMax":4,"Value":6375},{"Length":47,"Height":90,"Demand":0,"DemandMax":4,"Value":12690},{"Length":23,"Height":94,"Demand":0,"DemandMax":4,"Value":6486},{"Length":25,"Height":46,"Demand":0,"DemandMax":8,"Value":1150},{"Length":77,"Height":81,"Demand":0,"DemandMax":4,"Value":12474},{"Length":6,"Height":44,"Demand":0,"DemandMax":4,"Value":792},{"Length":93,"Height":10,"Demand":0,"DemandMax":4,"Value":2790},{"Length":80,"Height":87,"Demand":0,"DemandMax":4,"Value":6960},{"Length":39,"Height":9,"Demand":0,"DemandMax":4,"Value":702},{"Length":50,"Height":8,"Demand":0,"DemandMax":4,"Value":400},{"Length":100,"Height":42,"Demand":0,"DemandMax":4,"Value":12600},{"Length":84,"Height":19,"Demand":0,"DemandMax":4,"Value":4788},{"Length":25,"Height":23,"Demand":0,"DemandMax":4,"Value":1150},{"Length":35,"Height":25,"Demand":0,"DemandMax":4,"Value":875},{"Length":5,"Height":30,"Demand":0,"DemandMax":4,"Value":450},{"Length":10,"Height":13,"Demand":0,"DemandMax":4,"Value":390},{"Length":47,"Height":23,"Demand":0,"DemandMax":4,"Value":1081},{"Length":77,"Height":41,"Demand":0,"DemandMax":4,"Value":6314},{"Length":32,"Height":83,"Demand":0,"DemandMax":4,"Value":5312},{"Length":79,"Height":86,"Demand":0,"DemandMax":4,"Value":20382},{"Length":80,"Height":23,"Demand":0,"DemandMax":4,"Value":5520},{"Length":46,"Height":95,"Demand":0,"DemandMax":4,"Value":8740},{"Length":41,"Height":23,"Demand":0,"DemandMax":4,"Value":1886},{"Length":42,"Height":50,"Demand":0,"DemandMax":8,"Value":6300},{"Length":65,"Height":72,"Demand":0,"DemandMax":4,"Value":9360},{"Length":96,"Height":43,"Demand":0,"DemandMax":4,"Value":12384},{"Length":87,"Height":48,"Demand":0,"DemandMax":4,"Value":8352},{"Length":16,"Height":27,"Demand":0,"DemandMax":4,"Value":432},{"Length":36,"Height":24,"Demand":0,"DemandMax":4,"Value":1728},{"Length":48,"Height":81,"Demand":0,"DemandMax":4,"Value":7776},{"Length":97,"Height":6,"Demand":0,"DemandMax":4,"Value":1746},{"Length":80,"Height":9,"Demand":0,"DemandMax":4,"Value":2160},{"Length":83,"Height":86,"Demand":0,"DemandMax":4,"Value":7138},{"Length":25,"Height":29,"Demand":0,"DemandMax":4,"Value":2175},{"Length":81,"Height":45,"Demand":0,"DemandMax":4,"Value":10935},{"Length":18,"Height":19,"Demand":0,"DemandMax":4,"Value":1026},{"Length":23,"Height":21,"Demand":0,"DemandMax":4,"Value":1449},{"Length":20,"Height":37,"Demand":0,"DemandMax":4,"Value":2220},{"Length":3,"Height":95,"Demand":0,"DemandMax":4,"Value":570},{"Length":4,"Height":16,"Demand":0,"DemandMax":4,"Value":128},{"Length":6,"Height":85,"Demand":0,"DemandMax":4,"Value":510},{"Length":18,"Height":21,"Demand":0,"DemandMax":4,"Value":756},{"Length":40,"Height":93,"Demand":0,"DemandMax":4,"Value":7440},{"Length":30,"Height":35,"Demand":0,"DemandMax":4,"Value":3150},{"Length":55,"Height":62,"Demand":0,"DemandMax":4,"Value":3410},{"Length":63,"Height":93,"Demand":0,"DemandMax":4,"Value":17577},{"Length":48,"Height":11,"Demand":0,"DemandMax":4,"Value":1056},{"Length":77,"Height":18,"Demand":0,"DemandMax":4,"Value":1386},{"Length":60,"Height":85,"Demand":0,"DemandMax":4,"Value":15300},{"Length":10,"Height":37,"Demand":0,"DemandMax":4,"Value":740},{"Length":92,"Height":39,"Demand":0,"DemandMax":4,"Value":7176},{"Length":41,"Height":97,"Demand":0,"DemandMax":4,"Value":3977},{"Length":11,"Height":84,"Demand":0,"DemandMax":4,"Value":1848},{"Length":14,"Height":87,"Demand":0,"DemandMax":4,"Value":1218},{"Length":26,"Height":97,"Demand":0,"DemandMax":4,"Value":5044},{"Length":19,"Height":81,"Demand":0,"DemandMax":4,"Value":4617},{"Length":23,"Height":46,"Demand":0,"DemandMax":4,"Value":3174},{"Length":100,"Height":16,"Demand":0,"DemandMax":4,"Value":3200},{"Length":12,"Height":26,"Demand":0,"DemandMax":4,"Value":312},{"Length":32,"Height":15,"Demand":0,"DemandMax":4,"Value":960},{"Length":97,"Height":93,"Demand":0,"DemandMax":4,"Value":18042},{"Length":49,"Height":86,"Demand":0,"DemandMax":8,"Value":4214},{"Length":6,"Height":2,"Demand":0,"DemandMax":4,"Value":24},{"Length":3,"Height":9,"Demand":0,"DemandMax":4,"Value":54},{"Length":30,"Height":7,"Demand":0,"DemandMax":4,"Value":210},{"Length":41,"Height":27,"Demand":0,"DemandMax":4,"Value":1107},{"Length":60,"Height":91,"Demand":0,"DemandMax":4,"Value":5460},{"Length":7,"Height":47,"Demand":0,"DemandMax":4,"Value":329},{"Length":42,"Height":30,"Demand":0,"DemandMax":4,"Value":1260},{"Length":34,"Height":16,"Demand":0,"DemandMax":4,"Value":1088},{"Length":79,"Height":10,"Demand":0,"DemandMax":4,"Value":2370},{"Length":91,"Height":21,"Demand":0,"DemandMax":4,"Value":3822},{"Length":51,"Height":96,"Demand":0,"DemandMax":4,"Value":14688},{"Length":87,"Height":14,"Demand":0,"DemandMax":4,"Value":3654},{"Length":32,"Height":10,"Demand":0,"DemandMax":4,"Value":320},{"Length":21,"Height":26,"Demand":0,"DemandMax":4,"Value":1638},{"Length":34,"Height":36,"Demand":0,"DemandMax":4,"Value":2448},{"Length":19,"Height":22,"Demand":0,"DemandMax":4,"Value":1254},{"Length":10,"Height":30,"Demand":0,"DemandMax":4,"Value":900},{"Length":46,"Height":16,"Demand":0,"DemandMax":4,"Value":2208},{"Length":95,"Height":40,"Demand":0,"DemandMax":4,"Value":11400},{"Length":71,"Height":65,"Demand":0,"DemandMax":4,"Value":9230},{"Length":22,"Height":9,"Demand":0,"DemandMax":4,"Value":594},{"Length":30,"Height":19,"Demand":0,"DemandMax":4,"Value":1140},{"Length":15,"Height":22,"Demand":0,"DemandMax":4,"Value":660},{"Length":19,"Height":82,"Demand":0,"DemandMax":4,"Value":3116},{"Length":80,"Height":27,"Demand":0,"DemandMax":4,"Value":6480},{"Length":85,"Height":28,"Demand":0,"DemandMax":4,"Value":4760},{"Length":18,"Height":79,"Demand":0,"DemandMax":4,"Value":4266},{"Length":93,"Height":12,"Demand":0,"DemandMax":4,"Value":3348},{"Length":47,"Height":32,"Demand":0,"DemandMax":4,"Value":4512},{"Length":40,"Height":34,"Demand":0,"DemandMax":4,"Value":2720},{"Length":4,"Height":13,"Demand":0,"DemandMax":4,"Value":104},{"Length":18,"Height":100,"Demand":0,"DemandMax":4,"Value":1800},{"Length":43,"Height":17,"Demand":0,"DemandMax":4,"Value":1462},{"Length":93,"Height":19,"Demand":0,"DemandMax":4,"Value":5301},{"Length":25,"Height":93,"Demand":0,"DemandMax":4,"Value":2325},{"Length":26,"Height":80,"Demand":0,"DemandMax":4,"Value":4160},{"Length":39,"Height":94,"Demand":0,"DemandMax":4,"Value":3666},{"Length":39,"Height":86,"Demand":0,"DemandMax":4,"Value":10062},{"Length":50,"Height":45,"Demand":0,"DemandMax":4,"Value":4500},{"Length":99,"Height":32,"Demand":0,"DemandMax":4,"Value":3168},{"Length":96,"Height":93,"Demand":0,"DemandMax":4,"Value":26784},{"Length":8,"Height":5,"Demand":0,"DemandMax":4,"Value":40},{"Length":22,"Height":2,"Demand":0,"DemandMax":8,"Value":88},{"Length":27,"Height":10,"Demand":0,"DemandMax":4,"Value":540},{"Length":27,"Height":78,"Demand":0,"DemandMax":4,"Value":2106},{"Length":12,"Height":38,"Demand":0,"DemandMax":4,"Value":912},{"Length":49,"Height":13,"Demand":0,"DemandMax":8,"Value":1274},{"Length":95,"Height":60,"Demand":0,"DemandMax":4,"Value":11400},{"Length":89,"Height":33,"Demand":0,"DemandMax":4,"Value":2937},{"Length":14,"Height":5,"Demand":0,"DemandMax":4,"Value":210},{"Length":9,"Height":36,"Demand":0,"DemandMax":4,"Value":324},{"Length":2,"Height":50,"Demand":0,"DemandMax":4,"Value":200},{"Length":69,"Height":62,"Demand":0,"DemandMax":4,"Value":4278},{"Length":68,"Height":56,"Demand":0,"DemandMax":4,"Value":11424},{"Length":37,"Height":98,"Demand":0,"DemandMax":4,"Value":7252},{"Length":83,"Height":65,"Demand":0,"DemandMax":4,"Value":10790},{"Length":80,"Height":81,"Demand":0,"DemandMax":4,"Value":19440},{"Length":78,"Height":17,"Demand":0,"DemandMax":4,"Value":1326},{"Length":84,"Height":95,"Demand":0,"DemandMax":4,"Value":7980},{"Length":90,"Height":79,"Demand":0,"DemandMax":4,"Value":7110},{"Length":53,"Height":82,"Demand":0,"DemandMax":4,"Value":4346},{"Length":16,"Height":45,"Demand":0,"DemandMax":4,"Value":720},{"Length":84,"Height":50,"Demand":0,"DemandMax":4,"Value":4200},{"Length":36,"Height":32,"Demand":0,"DemandMax":4,"Value":2304},{"Length":61,"Height":71,"Demand":0,"DemandMax":4,"Value":4331},{"Length":2,"Height":88,"Demand":0,"DemandMax":4,"Value":528},{"Length":16,"Height":32,"Demand":0,"DemandMax":4,"Value":512},{"Length":13,"Height":97,"Demand":0,"DemandMax":4,"Value":1261},{"Length":12,"Height":81,"Demand":0,"DemandMax":4,"Value":2916},{"Length":17,"Height":4,"Demand":0,"DemandMax":4,"Value":136},{"Length":71,"Height":100,"Demand":0,"DemandMax":4,"Value":21300},{"Length":86,"Height":91,"Demand":0,"DemandMax":4,"Value":15652},{"Length":34,"Height":99,"Demand":0,"DemandMax":4,"Value":3366},{"Length":21,"Height":49,"Demand":0,"DemandMax":4,"Value":3087},{"Length":31,"Height":100,"Demand":0,"DemandMax":4,"Value":3100},{"Length":10,"Height":19,"Demand":0,"DemandMax":4,"Value":190},{"Length":23,"Height":79,"Demand":0,"DemandMax":4,"Value":1817},{"Length":27,"Height":96,"Demand":0,"DemandMax":4,"Value":7776},{"Length":21,"Height":8,"Demand":0,"DemandMax":4,"Value":504},{"Length":48,"Height":91,"Demand":0,"DemandMax":4,"Value":13104},{"Length":93,"Height":47,"Demand":0,"DemandMax":8,"Value":13113},{"Length":98,"Height":70,"Demand":0,"DemandMax":4,"Value":6860},{"Length":82,"Height":11,"Demand":0,"DemandMax":4,"Value":1804},{"Length":90,"Height":86,"Demand":0,"DemandMax":4,"Value":15480},{"Length":91,"Height":37,"Demand":0,"DemandMax":4,"Value":3367},{"Length":9,"Height":19,"Demand":0,"DemandMax":4,"Value":342},{"Length":87,"Height":27,"Demand":0,"DemandMax":4,"Value":7047},{"Length":9,"Height":40,"Demand":0,"DemandMax":4,"Value":720},{"Length":97,"Height":21,"Demand":0,"DemandMax":4,"Value":4074},{"Length":79,"Height":41,"Demand":0,"DemandMax":4,"Value":9717},{"Length":22,"Height":26,"Demand":0,"DemandMax":4,"Value":572},{"Length":11,"Height":4,"Demand":0,"DemandMax":4,"Value":132},{"Length":30,"Height":47,"Demand":0,"DemandMax":4,"Value":2820},{"Length":36,"Height":36,"Demand":0,"DemandMax":4,"Value":2592},{"Length":15,"Height":97,"Demand":0,"DemandMax":4,"Value":4365},{"Length":17,"Height":19,"Demand":0,"DemandMax":4,"Value":323},{"Length":9,"Height":33,"Demand":0,"DemandMax":4,"Value":891},{"Length":31,"Height":12,"Demand":0,"DemandMax":4,"Value":1116},{"Length":46,"Height":10,"Demand":0,"DemandMax":4,"Value":460},{"Length":36,"Height":49,"Demand":0,"DemandMax":4,"Value":5292},{"Length":82,"Height":34,"Demand":0,"DemandMax":4,"Value":2788},{"Length":38,"Height":13,"Demand":0,"DemandMax":4,"Value":1482},{"Length":42,"Height":14,"Demand":0,"DemandMax":4,"Value":1764},{"Length":90,"Height":77,"Demand":0,"DemandMax":4,"Value":6930},{"Length":79,"Height":80,"Demand":0,"DemandMax":4,"Value":12640},{"Length":94,"Height":42,"Demand":0,"DemandMax":4,"Value":11844},{"Length":73,"Height":61,"Demand":0,"DemandMax":4,"Value":8906},{"Length":42,"Height":95,"Demand":0,"DemandMax":4,"Value":11970},{"Length":97,"Height":58,"Demand":0,"DemandMax":4,"Value":5626},{"Length":47,"Height":50,"Demand":0,"DemandMax":4,"Value":4700},{"Length":25,"Height":39,"Demand":0,"DemandMax":4,"Value":1950},{"Length":95,"Height":10,"Demand":0,"DemandMax":4,"Value":950},{"Length":76,"Height":7,"Demand":0,"DemandMax":4,"Value":1064},{"Length":20,"Height":39,"Demand":0,"DemandMax":4,"Value":2340},{"Length":6,"Height":34,"Demand":0,"DemandMax":4,"Value":408},{"Length":85,"Height":58,"Demand":0,"DemandMax":4,"Value":4930},{"Length":88,"Height":33,"Demand":0,"DemandMax":4,"Value":2904},{"Length":11,"Height":36,"Demand":0,"DemandMax":4,"Value":396},{"Length":22,"Height":26,"Demand":0,"DemandMax":4,"Value":1144},{"Length":76,"Height":25,"Demand":0,"DemandMax":4,"Value":5700},{"Length":47,"Height":92,"Demand":0,"DemandMax":4,"Value":4324},{"Length":68,"Height":68,"Demand":0,"DemandMax":4,"Value":9248},{"Length":84,"Height":16,"Demand":0,"DemandMax":4,"Value":4032},{"Length":25,"Height":37,"Demand":0,"DemandMax":4,"Value":2775},{"Length":48,"Height":23,"Demand":0,"DemandMax":8,"Value":1104},{"Length":15,"Height":3,"Demand":0,"DemandMax":4,"Value":135},{"Length":48,"Height":100,"Demand":0,"DemandMax":4,"Value":14400},{"Length":30,"Height":88,"Demand":0,"DemandMax":4,"Value":7920},{"Length":96,"Height":16,"Demand":0,"DemandMax":4,"Value":3072},{"Length":83,"Height":27,"Demand":0,"DemandMax":4,"Value":2241},{"Length":32,"Height":8,"Demand":0,"DemandMax":4,"Value":512},{"Length":18,"Height":89,"Demand":0,"DemandMax":4,"Value":3204},{"Length":63,"Height":59,"Demand":0,"DemandMax":4,"Value":3717},{"Length":15,"Height":16,"Demand":0,"DemandMax":4,"Value":240},{"Length":41,"Height":82,"Demand":0,"DemandMax":4,"Value":6724},{"Length":42,"Height":29,"Demand":0,"DemandMax":4,"Value":2436},{"Length":94,"Height":34,"Demand":0,"DemandMax":4,"Value":6392},{"Length":12,"Height":40,"Demand":0,"DemandMax":4,"Value":960},{"Length":94,"Height":16,"Demand":0,"DemandMax":4,"Value":1504},{"Length":34,"Height":82,"Demand":0,"DemandMax":4,"Value":5576},{"Length":83,"Height":47,"Demand":0,"DemandMax":4,"Value":11703},{"Length":42,"Height":97,"Demand":0,"DemandMax":4,"Value":4074},{"Length":24,"Height":31,"Demand":0,"DemandMax":4,"Value":744},{"Length":35,"Height":45,"Demand":0,"DemandMax":4,"Value":1575},{"Length":62,"Height":56,"Demand":0,"DemandMax":4,"Value":6944},{"Length":95,"Height":57,"Demand":0,"DemandMax":4,"Value":10830},{"Length":77,"Height":17,"Demand":0,"DemandMax":4,"Value":1309},{"Length":5,"Height":23,"Demand":0,"DemandMax":4,"Value":115},{"Length":47,"Height":89,"Demand":0,"DemandMax":4,"Value":12549},{"Length":78,"Height":30,"Demand":0,"DemandMax":4,"Value":7020},{"Length":34,"Height":90,"Demand":0,"DemandMax":4,"Value":3060},{"Length":80,"Height":49,"Demand":0,"DemandMax":4,"Value":7840},{"Length":48,"Height":29,"Demand":0,"DemandMax":4,"Value":4176},{"Length":20,"Height":89,"Demand":0,"DemandMax":4,"Value":3560},{"Length":97,"Height":96,"Demand":0,"DemandMax":4,"Value":27936},{"Length":47,"Height":46,"Demand":0,"DemandMax":4,"Value":4324},{"Length":27,"Height":91,"Demand":0,"DemandMax":4,"Value":7371},{"Length":88,"Height":21,"Demand":0,"DemandMax":4,"Value":3696},{"Length":97,"Height":23,"Demand":0,"DemandMax":4,"Value":6693},{"Length":99,"Height":14,"Demand":0,"DemandMax":4,"Value":2772},{"Length":73,"Height":73,"Demand":0,"DemandMax":4,"Value":5329},{"Length":29,"Height":30,"Demand":0,"DemandMax":4,"Value":2610},{"Length":18,"Height":14,"Demand":0,"DemandMax":4,"Value":504},{"Length":82,"Height":35,"Demand":0,"DemandMax":4,"Value":5740},{"Length":91,"Height":43,"Demand":0,"DemandMax":4,"Value":7826},{"Length":9,"Height":27,"Demand":0,"DemandMax":4,"Value":243},{"Length":57,"Height":90,"Demand":0,"DemandMax":4,"Value":5130},{"Length":73,"Height":58,"Demand":0,"DemandMax":4,"Value":4234},{"Length":76,"Height":9,"Demand":0,"DemandMax":4,"Value":2052},{"Length":33,"Height":6,"Demand":0,"DemandMax":4,"Value":198},{"Length":90,"Height":10,"Demand":0,"DemandMax":4,"Value":1800},{"Length":10,"Height":14,"Demand":0,"DemandMax":4,"Value":140},{"Length":47,"Height":90,"Demand":0,"DemandMax":4,"Value":8460},{"Length":85,"Height":16,"Demand":0,"DemandMax":4,"Value":2720},{"Length":52,"Height":98,"Demand":0,"DemandMax":4,"Value":10192},{"Length":53,"Height":56,"Demand":0,"DemandMax":4,"Value":5936},{"Length":88,"Height":23,"Demand":0,"DemandMax":4,"Value":4048},{"Length":16,"Height":94,"Demand":0,"DemandMax":4,"Value":3008},{"Length":50,"Height":93,"Demand":0,"DemandMax":4,"Value":13950},{"Length":43,"Height":18,"Demand":0,"DemandMax":4,"Value":1548},{"Length":44,"Height":48,"Demand":0,"DemandMax":4,"Value":6336},{"Length":95,"Height":37,"Demand":0,"DemandMax":4,"Value":3515},{"Length":39,"Height":44,"Demand":0,"DemandMax":4,"Value":3432},{"Length":9,"Height":77,"Demand":0,"DemandMax":4,"Value":693},{"Length":7,"Height":19,"Demand":0,"DemandMax":4,"Value":399},{"Length":11,"Height":17,"Demand":0,"DemandMax":4,"Value":561},{"Length":26,"Height":36,"Demand":0,"DemandMax":4,"Value":936},{"Length":92,"Height":16,"Demand":0,"DemandMax":4,"Value":1472},{"Length":18,"Height":92,"Demand":0,"DemandMax":8,"Value":4968},{"Length":29,"Height":90,"Demand":0,"DemandMax":4,"Value":7830},{"Length":77,"Height":72,"Demand":0,"DemandMax":4,"Value":11088},{"Length":100,"Height":29,"Demand":0,"DemandMax":4,"Value":8700},{"Length":24,"Height":40,"Demand":0,"DemandMax":4,"Value":960},{"Length":46,"Height":42,"Demand":0,"DemandMax":4,"Value":5796},{"Length":88,"Height":90,"Demand":0,"DemandMax":4,"Value":15840},{"Length":28,"Height":79,"Demand":0,"DemandMax":4,"Value":4424},{"Length":18,"Height":9,"Demand":0,"DemandMax":4,"Value":324},{"Length":49,"Height":81,"Demand":0,"DemandMax":4,"Value":7938},{"Length":91,"Height":16,"Demand":0,"DemandMax":4,"Value":1456},{"Length":65,"Height":73,"Demand":0,"DemandMax":4,"Value":14235},{"Length":31,"Height":93,"Demand":0,"DemandMax":4,"Value":2883},{"Length":6,"Height":98,"Demand":0,"DemandMax":4,"Value":1176},{"Length":22,"Height":93,"Demand":0,"DemandMax":4,"Value":6138},{"Length":46,"Height":81,"Demand":0,"DemandMax":4,"Value":3726},{"Length":79,"Height":34,"Demand":0,"DemandMax":4,"Value":8058},{"Length":91,"Height":65,"Demand":0,"DemandMax":4,"Value":17745},{"Length":85,"Height":92,"Demand":0,"DemandMax":4,"Value":7820},{"Length":96,"Height":12,"Demand":0,"DemandMax":4,"Value":1152},{"Length":84,"Height":29,"Demand":0,"DemandMax":4,"Value":2436},{"Length":57,"Height":53,"Demand":0,"DemandMax":4,"Value":9063},{"Length":50,"Height":31,"Demand":0,"DemandMax":4,"Value":4650},{"Length":82,"Height":21,"Demand":0,"DemandMax":4,"Value":5166},{"Length":20,"Height":78,"Demand":0,"DemandMax":4,"Value":4680},{"Length":18,"Height":47,"Demand":0,"DemandMax":4,"Value":2538},{"Length":69,"Height":94,"Demand":0,"DemandMax":4,"Value":12972},{"Length":35,"Height":81,"Demand":0,"DemandMax":4,"Value":8505},{"Length":99,"Height":32,"Demand":0,"DemandMax":4,"Value":6336},{"Length":26,"Height":47,"Demand":0,"DemandMax":4,"Value":2444},{"Length":27,"Height":2,"Demand":0,"DemandMax":4,"Value":162},{"Length":58,"Height":53,"Demand":0,"DemandMax":4,"Value":9222},{"Length":87,"Height":95,"Demand":0,"DemandMax":4,"Value":8265},{"Length":15,"Height":91,"Demand":0,"DemandMax":4,"Value":1365},{"Length":43,"Height":9,"Demand":0,"DemandMax":4,"Value":387},{"Length":76,"Height":37,"Demand":0,"DemandMax":4,"Value":5624},{"Length":7,"Height":89,"Demand":0,"DemandMax":4,"Value":1246},{"Length":60,"Height":65,"Demand":0,"DemandMax":4,"Value":3900},{"Length":90,"Height":32,"Demand":0,"DemandMax":4,"Value":8640},{"Length":83,"Height":24,"Demand":0,"DemandMax":4,"Value":1992},{"Length":80,"Height":43,"Demand":0,"DemandMax":4,"Value":6880},{"Length":27,"Height":80,"Demand":0,"DemandMax":4,"Value":4320},{"Length":78,"Height":31,"Demand":0,"DemandMax":4,"Value":4836},{"Length":29,"Height":78,"Demand":0,"DemandMax":4,"Value":6786},{"Length":12,"Height":22,"Demand":0,"DemandMax":4,"Value":528},{"Length":23,"Height":89,"Demand":0,"DemandMax":4,"Value":6141},{"Length":10,"Height":46,"Demand":0,"DemandMax":4,"Value":460},{"Length":28,"Height":98,"Demand":0,"DemandMax":4,"Value":5488},{"Length":22,"Height":27,"Demand":0,"DemandMax":4,"Value":1188},{"Length":17,"Height":80,"Demand":0,"DemandMax":4,"Value":4080},{"Length":11,"Height":23,"Demand":0,"DemandMax":4,"Value":759},{"Length":62,"Height":90,"Demand":0,"DemandMax":4,"Value":16740},{"Length":81,"Height":43,"Demand":0,"DemandMax":4,"Value":6966},{"Length":99,"Height":41,"Demand":0,"DemandMax":8,"Value":8118},{"Length":10,"Height":40,"Demand":0,"DemandMax":4,"Value":1200},{"Length":34,"Height":90,"Demand":0,"DemandMax":4,"Value":6120},{"Length":7,"Height":36,"Demand":0,"DemandMax":4,"Value":252},{"Length":25,"Height":86,"Demand":0,"DemandMax":4,"Value":6450},{"Length":31,"Height":100,"Demand":0,"DemandMax":4,"Value":6200},{"Length":30,"Height":16,"Demand":0,"DemandMax":4,"Value":1440},{"Length":83,"Height":87,"Demand":0,"DemandMax":4,"Value":14442},{"Length":36,"Height":33,"Demand":0,"DemandMax":4,"Value":3564},{"Length":13,"Height":23,"Demand":0,"DemandMax":4,"Value":598},{"Length":18,"Height":38,"Demand":0,"DemandMax":4,"Value":2052},{"Length":49,"Height":34,"Demand":0,"DemandMax":4,"Value":4998},{"Length":27,"Height":50,"Demand":0,"DemandMax":4,"Value":4050},{"Length":19,"Height":35,"Demand":0,"DemandMax":4,"Value":1330},{"Length":79,"Height":81,"Demand":0,"DemandMax":8,"Value":6399},{"Length":84,"Height":47,"Demand":0,"DemandMax":4,"Value":11844},{"Length":12,"Height":94,"Demand":0,"DemandMax":4,"Value":2256},{"Length":25,"Height":31,"Demand":0,"DemandMax":4,"Value":1550},{"Length":22,"Height":85,"Demand":0,"DemandMax":4,"Value":3740},{"Length":30,"Height":96,"Demand":0,"DemandMax":4,"Value":5760},{"Length":79,"Height":39,"Demand":0,"DemandMax":4,"Value":9243},{"Length":93,"Height":59,"Demand":0,"DemandMax":4,"Value":10974},{"Length":32,"Height":35,"Demand":0,"DemandMax":4,"Value":1120},{"Length":17,"Height":85,"Demand":0,"DemandMax":4,"Value":1445},{"Length":98,"Height":30,"Demand":0,"DemandMax":4,"Value":2940},{"Length":19,"Height":8,"Demand":0,"DemandMax":4,"Value":304},{"Length":20,"Height":5,"Demand":0,"DemandMax":4,"Value":100},{"Length":63,"Height":80,"Demand":0,"DemandMax":4,"Value":5040},{"Length":29,"Height":2,"Demand":0,"DemandMax":4,"Value":116},{"Length":98,"Height":35,"Demand":0,"DemandMax":4,"Value":3430},{"Length":63,"Height":89,"Demand":0,"DemandMax":4,"Value":11214},{"Length":31,"Height":8,"Demand":0,"DemandMax":4,"Value":496},{"Length":45,"Height":33,"Demand":0,"DemandMax":4,"Value":4455},{"Length":89,"Height":90,"Demand":0,"DemandMax":4,"Value":8010},{"Length":77,"Height":42,"Demand":0,"DemandMax":4,"Value":6468},{"Length":99,"Height":55,"Demand":0,"DemandMax":4,"Value":16335},{"Length":45,"Height":35,"Demand":0,"DemandMax":4,"Value":4725},{"Length":7,"Height":14,"Demand":0,"DemandMax":4,"Value":294},{"Length":26,"Height":2,"Demand":0,"DemandMax":4,"Value":52},{"Length":16,"Height":40,"Demand":0,"DemandMax":4,"Value":1280},{"Length":40,"Height":26,"Demand":0,"DemandMax":4,"Value":2080},{"Length":98,"Height":23,"Demand":0,"DemandMax":4,"Value":6762},{"Length":64,"Height":94,"Demand":0,"DemandMax":8,"Value":12032},{"Length":12,"Height":42,"Demand":0,"DemandMax":4,"Value":1008},{"Length":15,"Height":83,"Demand":0,"DemandMax":4,"Value":3735},{"Length":52,"Height":53,"Demand":0,"DemandMax":4,"Value":8268},{"Length":33,"Height":88,"Demand":0,"DemandMax":4,"Value":5808},{"Length":94,"Height":18,"Demand":0,"DemandMax":4,"Value":1692},{"Length":99,"Height":17,"Demand":0,"DemandMax":4,"Value":5049},{"Length":85,"Height":6,"Demand":0,"DemandMax":4,"Value":1530},{"Length":5,"Height":2,"Demand":0,"DemandMax":4,"Value":10},{"Length":16,"Height":18,"Demand":0,"DemandMax":4,"Value":576},{"Length":29,"Height":92,"Demand":0,"DemandMax":4,"Value":5336},{"Length":96,"Height":45,"Demand":0,"DemandMax":4,"Value":12960},{"Length":30,"Height":19,"Demand":0,"DemandMax":4,"Value":570},{"Length":40,"Height":90,"Demand":0,"DemandMax":4,"Value":7200},{"Length":16,"Height":6,"Demand":0,"DemandMax":4,"Value":288},{"Length":89,"Height":41,"Demand":0,"DemandMax":4,"Value":3649},{"Length":16,"Height":7,"Demand":0,"DemandMax":4,"Value":112},{"Length":99,"Height":80,"Demand":0,"DemandMax":4,"Value":23760},{"Length":81,"Height":24,"Demand":0,"DemandMax":4,"Value":5832},{"Length":32,"Height":99,"Demand":0,"DemandMax":4,"Value":3168},{"Length":92,"Height":45,"Demand":0,"DemandMax":4,"Value":4140},{"Length":26,"Height":49,"Demand":0,"DemandMax":4,"Value":2548},{"Length":24,"Height":97,"Demand":0,"DemandMax":4,"Value":4656},{"Length":92,"Height":23,"Demand":0,"DemandMax":4,"Value":2116},{"Length":77,"Height":17,"Demand":0,"DemandMax":4,"Value":3927},{"Length":53,"Height":88,"Demand":0,"DemandMax":4,"Value":9328},{"Length":10,"Height":23,"Demand":0,"DemandMax":4,"Value":690},{"Length":9,"Height":45,"Demand":0,"DemandMax":4,"Value":1215},{"Length":89,"Height":22,"Demand":0,"DemandMax":4,"Value":1958},{"Length":2,"Height":21,"Demand":0,"DemandMax":4,"Value":84},{"Length":6,"Height":19,"Demand":0,"DemandMax":4,"Value":114},{"Length":99,"Height":65,"Demand":0,"DemandMax":4,"Value":6435},{"Length":84,"Height":86,"Demand":0,"DemandMax":4,"Value":14448},{"Length":74,"Height":73,"Demand":0,"DemandMax":4,"Value":10804},{"Length":73,"Height":90,"Demand":0,"DemandMax":4,"Value":19710},{"Length":42,"Height":6,"Demand":0,"DemandMax":4,"Value":504},{"Length":56,"Height":73,"Demand":0,"DemandMax":4,"Value":8176},{"Length":34,"Height":39,"Demand":0,"DemandMax":4,"Value":3978},{"Length":80,"Height":17,"Demand":0,"DemandMax":4,"Value":4080},{"Length":35,"Height":15,"Demand":0,"DemandMax":4,"Value":525},{"Length":90,"Height":38,"Demand":0,"DemandMax":4,"Value":3420},{"Length":22,"Height":28,"Demand":0,"DemandMax":4,"Value":1848},{"Length":6,"Height":80,"Demand":0,"DemandMax":4,"Value":960},{"Length":14,"Height":9,"Demand":0,"DemandMax":4,"Value":126},{"Length":99,"Height":4,"Demand":0,"DemandMax":8,"Value":396},{"Length":33,"Height":3,"Demand":0,"DemandMax":8,"Value":198},{"Length":22,"Height":98,"Demand":0,"DemandMax":4,"Value":2156},{"Length":3,"Height":30,"Demand":0,"DemandMax":4,"Value":270},{"Length":97,"Height":86,"Demand":0,"DemandMax":4,"Value":16684},{"Length":23,"Height":23,"Demand":0,"DemandMax":4,"Value":1058},{"Length":36,"Height":31,"Demand":0,"DemandMax":4,"Value":3348},{"Length":61,"Height":56,"Demand":0,"DemandMax":4,"Value":3416},{"Length":27,"Height":97,"Demand":0,"DemandMax":4,"Value":5238},{"Length":2,"Height":8,"Demand":0,"DemandMax":8,"Value":16},{"Length":10,"Height":93,"Demand":0,"DemandMax":4,"Value":2790},{"Length":67,"Height":83,"Demand":0,"DemandMax":4,"Value":16683},{"Length":90,"Height":26,"Demand":0,"DemandMax":4,"Value":4680},{"Length":80,"Height":5,"Demand":0,"DemandMax":4,"Value":1200},{"Length":30,"Height":76,"Demand":0,"DemandMax":4,"Value":2280},{"Length":84,"Height":33,"Demand":0,"DemandMax":8,"Value":2772},{"Length":96,"Height":69,"Demand":0,"DemandMax":4,"Value":19872},{"Length":93,"Height":30,"Demand":0,"DemandMax":4,"Value":8370},{"Length":87,"Height":3,"Demand":0,"DemandMax":4,"Value":261},{"Length":50,"Height":30,"Demand":0,"DemandMax":4,"Value":3000},{"Length":11,"Height":88,"Demand":0,"DemandMax":4,"Value":968},{"Length":77,"Height":18,"Demand":0,"DemandMax":4,"Value":4158},{"Length":88,"Height":71,"Demand":0,"DemandMax":4,"Value":12496},{"Length":37,"Height":47,"Demand":0,"DemandMax":4,"Value":1739},{"Length":64,"Height":73,"Demand":0,"DemandMax":4,"Value":4672},{"Length":80,"Height":82,"Demand":0,"DemandMax":4,"Value":13120},{"Length":87,"Height":99,"Demand":0,"DemandMax":4,"Value":25839},{"Length":12,"Height":87,"Demand":0,"DemandMax":4,"Value":3132},{"Length":88,"Height":58,"Demand":0,"DemandMax":4,"Value":10208},{"Length":97,"Height":35,"Demand":0,"DemandMax":4,"Value":3395},{"Length":22,"Height":90,"Demand":0,"DemandMax":4,"Value":1980},{"Length":82,"Height":59,"Demand":0,"DemandMax":4,"Value":14514},{"Length":42,"Height":11,"Demand":0,"DemandMax":4,"Value":462},{"Length":96,"Height":40,"Demand":0,"DemandMax":4,"Value":11520},{"Length":73,"Height":70,"Demand":0,"DemandMax":4,"Value":10220},{"Length":22,"Height":33,"Demand":0,"DemandMax":4,"Value":726},{"Length":99,"Height":28,"Demand":0,"DemandMax":4,"Value":5544},{"Length":43,"Height":92,"Demand":0,"DemandMax":4,"Value":11868},{"Length":13,"Height":15,"Demand":0,"DemandMax":4,"Value":195},{"Length":4,"Height":87,"Demand":0,"DemandMax":4,"Value":1044},{"Length":47,"Height":85,"Demand":0,"DemandMax":4,"Value":11985},{"Length":17,"Height":5,"Demand":0,"DemandMax":4,"Value":255},{"Length":17,"Height":17,"Demand":0,"DemandMax":4,"Value":867},{"Length":26,"Height":96,"Demand":0,"DemandMax":4,"Value":2496},{"Length":83,"Height":25,"Demand":0,"DemandMax":4,"Value":6225},{"Length":38,"Height":82,"Demand":0,"DemandMax":4,"Value":3116},{"Length":48,"Height":44,"Demand":0,"DemandMax":4,"Value":4224},{"Length":79,"Height":13,"Demand":0,"DemandMax":8,"Value":1027},{"Length":2,"Height":15,"Demand":0,"DemandMax":4,"Value":60},{"Length":90,"Height":8,"Demand":0,"DemandMax":4,"Value":1440},{"Length":10,"Height":80,"Demand":0,"DemandMax":4,"Value":1600},{"Length":100,"Height":25,"Demand":0,"DemandMax":4,"Value":7500},{"Length":32,"Height":91,"Demand":0,"DemandMax":4,"Value":8736},{"Length":26,"Height":22,"Demand":0,"DemandMax":4,"Value":1716},{"Length":24,"Height":86,"Demand":0,"DemandMax":4,"Value":4128},{"Length":9,"Height":41,"Demand":0,"DemandMax":4,"Value":1107},{"Length":76,"Height":70,"Demand":0,"DemandMax":4,"Value":5320},{"Length":4,"Height":78,"Demand":0,"DemandMax":4,"Value":936},{"Length":78,"Height":97,"Demand":0,"DemandMax":4,"Value":22698},{"Length":76,"Height":4,"Demand":0,"DemandMax":4,"Value":304},{"Length":34,"Height":84,"Demand":0,"DemandMax":4,"Value":5712},{"Length":49,"Height":29,"Demand":0,"DemandMax":4,"Value":2842},{"Length":9,"Height":11,"Demand":0,"DemandMax":4,"Value":99},{"Length":50,"Height":14,"Demand":0,"DemandMax":4,"Value":1400},{"Length":80,"Height":49,"Demand":0,"DemandMax":4,"Value":3920},{"Length":94,"Height":19,"Demand":0,"DemandMax":8,"Value":3572},{"Length":87,"Height":32,"Demand":0,"DemandMax":4,"Value":2784},{"Length":36,"Height":37,"Demand":0,"DemandMax":4,"Value":1332},{"Length":35,"Height":5,"Demand":0,"DemandMax":4,"Value":525},{"Length":40,"Height":97,"Demand":0,"DemandMax":4,"Value":11640},{"Length":30,"Height":17,"Demand":0,"DemandMax":4,"Value":1020},{"Length":26,"Height":33,"Demand":0,"DemandMax":4,"Value":858},{"Length":76,"Height":2,"Demand":0,"DemandMax":4,"Value":304},{"Length":22,"Height":30,"Demand":0,"DemandMax":4,"Value":660},{"Length":24,"Height":50,"Demand":0,"DemandMax":4,"Value":2400},{"Length":47,"Height":97,"Demand":0,"DemandMax":4,"Value":13677},{"Length":17,"Height":83,"Demand":0,"DemandMax":4,"Value":1411},{"Length":37,"Height":46,"Demand":0,"DemandMax":4,"Value":1702},{"Length":47,"Height":17,"Demand":0,"DemandMax":4,"Value":1598},{"Length":91,"Height":20,"Demand":0,"DemandMax":4,"Value":3640},{"Length":32,"Height":32,"Demand":0,"DemandMax":4,"Value":1024},{"Length":79,"Height":70,"Demand":0,"DemandMax":4,"Value":16590},{"Length":76,"Height":19,"Demand":0,"DemandMax":4,"Value":2888},{"Length":15,"Height":46,"Demand":0,"DemandMax":4,"Value":690},{"Length":92,"Height":55,"Demand":0,"DemandMax":4,"Value":10120},{"Length":7,"Height":30,"Demand":0,"DemandMax":4,"Value":210},{"Length":20,"Height":84,"Demand":0,"DemandMax":4,"Value":5040},{"Length":7,"Height":14,"Demand":0,"DemandMax":4,"Value":98},{"Length":17,"Height":91,"Demand":0,"DemandMax":4,"Value":3094},{"Length":61,"Height":99,"Demand":0,"DemandMax":4,"Value":12078},{"Length":88,"Height":9,"Demand":0,"DemandMax":4,"Value":792},{"Length":38,"Height":6,"Demand":0,"DemandMax":4,"Value":228},{"Length":17,"Height":29,"Demand":0,"DemandMax":4,"Value":1479},{"Length":73,"Height":60,"Demand":0,"DemandMax":4,"Value":8760},{"Length":59,"Height":57,"Demand":0,"DemandMax":4,"Value":6726},{"Length":7,"Height":93,"Demand":0,"DemandMax":4,"Value":651},{"Length":25,"Height":82,"Demand":0,"DemandMax":4,"Value":2050},{"Length":46,"Height":31,"Demand":0,"DemandMax":4,"Value":2852},{"Length":53,"Height":68,"Demand":0,"DemandMax":4,"Value":7208},{"Length":4,"Height":22,"Demand":0,"DemandMax":4,"Value":88},{"Length":22,"Height":86,"Demand":0,"DemandMax":4,"Value":1892},{"Length":25,"Height":28,"Demand":0,"DemandMax":4,"Value":2100},{"Length":16,"Height":76,"Demand":0,"DemandMax":4,"Value":2432},{"Length":88,"Height":3,"Demand":0,"DemandMax":4,"Value":792},{"Length":28,"Height":2,"Demand":0,"DemandMax":4,"Value":168},{"Length":37,"Height":91,"Demand":0,"DemandMax":4,"Value":10101},{"Length":97,"Height":93,"Demand":0,"DemandMax":4,"Value":9021},{"Length":5,"Height":21,"Demand":0,"DemandMax":4,"Value":210},{"Length":89,"Height":35,"Demand":0,"DemandMax":4,"Value":3115},{"Length":88,"Height":99,"Demand":0,"DemandMax":4,"Value":26136},{"Length":13,"Height":44,"Demand":0,"DemandMax":4,"Value":1716},{"Length":2,"Height":86,"Demand":0,"DemandMax":4,"Value":172},{"Length":47,"Height":26,"Demand":0,"DemandMax":4,"Value":2444},{"Length":31,"Height":23,"Demand":0,"DemandMax":4,"Value":2139},{"Length":36,"Height":78,"Demand":0,"DemandMax":4,"Value":2808},{"Length":82,"Height":28,"Demand":0,"DemandMax":4,"Value":4592},{"Length":42,"Height":32,"Demand":0,"DemandMax":4,"Value":1344},{"Length":62,"Height":72,"Demand":0,"DemandMax":4,"Value":13392},{"Length":60,"Height":66,"Demand":0,"DemandMax":8,"Value":7920},{"Length":76,"Height":55,"Demand":0,"DemandMax":4,"Value":8360},{"Length":21,"Height":50,"Demand":0,"DemandMax":4,"Value":2100},{"Length":7,"Height":81,"Demand":0,"DemandMax":4,"Value":567},{"Length":96,"Height":27,"Demand":0,"DemandMax":4,"Value":7776},{"Length":47,"Height":20,"Demand":0,"DemandMax":4,"Value":1880},{"Length":7,"Height":34,"Demand":0,"DemandMax":4,"Value":238},{"Length":40,"Height":2,"Demand":0,"DemandMax":4,"Value":160},{"Length":43,"Height":2,"Demand":0,"DemandMax":4,"Value":258},{"Length":13,"Height":42,"Demand":0,"DemandMax":4,"Value":546},{"Length":44,"Height":3,"Demand":0,"DemandMax":4,"Value":132},{"Length":45,"Height":83,"Demand":0,"DemandMax":4,"Value":7470},{"Length":92,"Height":8,"Demand":0,"DemandMax":4,"Value":1472},{"Length":38,"Height":90,"Demand":0,"DemandMax":4,"Value":3420},{"Length":19,"Height":22,"Demand":0,"DemandMax":8,"Value":418},{"Length":23,"Height":94,"Demand":0,"DemandMax":4,"Value":2162},{"Length":11,"Height":3,"Demand":0,"DemandMax":4,"Value":99},{"Length":84,"Height":86,"Demand":0,"DemandMax":4,"Value":7224},{"Length":40,"Height":6,"Demand":0,"DemandMax":4,"Value":720},{"Length":29,"Height":39,"Demand":0,"DemandMax":4,"Value":3393},{"Length":79,"Height":10,"Demand":0,"DemandMax":4,"Value":790},{"Length":62,"Height":65,"Demand":0,"DemandMax":4,"Value":12090},{"Length":11,"Height":41,"Demand":0,"DemandMax":4,"Value":451},{"Length":15,"Height":45,"Demand":0,"DemandMax":4,"Value":675},{"Length":35,"Height":49,"Demand":0,"DemandMax":4,"Value":5145},{"Length":3,"Height":21,"Demand":0,"DemandMax":4,"Value":63},{"Length":98,"Height":5,"Demand":0,"DemandMax":4,"Value":980},{"Length":19,"Height":85,"Demand":0,"DemandMax":4,"Value":4845},{"Length":43,"Height":31,"Demand":0,"DemandMax":4,"Value":3999},{"Length":60,"Height":61,"Demand":0,"DemandMax":4,"Value":10980},{"Length":45,"Height":81,"Demand":0,"DemandMax":4,"Value":7290},{"Length":85,"Height":19,"Demand":0,"DemandMax":4,"Value":1615},{"Length":36,"Height":48,"Demand":0,"DemandMax":4,"Value":3456},{"Length":18,"Height":77,"Demand":0,"DemandMax":4,"Value":1386},{"Length":42,"Height":18,"Demand":0,"DemandMax":4,"Value":2268},{"Length":7,"Height":25,"Demand":0,"DemandMax":4,"Value":350},{"Length":36,"Height":13,"Demand":0,"DemandMax":4,"Value":468},{"Length":80,"Height":83,"Demand":0,"DemandMax":4,"Value":13280},{"Length":36,"Height":30,"Demand":0,"DemandMax":4,"Value":1080},{"Length":95,"Height":44,"Demand":0,"DemandMax":4,"Value":12540},{"Length":35,"Height":88,"Demand":0,"DemandMax":4,"Value":3080},{"Length":47,"Height":26,"Demand":0,"DemandMax":4,"Value":1222},{"Length":93,"Height":9,"Demand":0,"DemandMax":4,"Value":1674},{"Length":81,"Height":11,"Demand":0,"DemandMax":4,"Value":2673},{"Length":3,"Height":50,"Demand":0,"DemandMax":4,"Value":300},{"Length":23,"Height":45,"Demand":0,"DemandMax":4,"Value":3105},{"Length":25,"Height":4,"Demand":0,"DemandMax":4,"Value":100},{"Length":9,"Height":16,"Demand":0,"DemandMax":4,"Value":288},{"Length":50,"Height":23,"Demand":0,"DemandMax":4,"Value":3450},{"Length":44,"Height":95,"Demand":0,"DemandMax":4,"Value":12540},{"Length":38,"Height":48,"Demand":0,"DemandMax":4,"Value":5472},{"Length":11,"Height":92,"Demand":0,"DemandMax":4,"Value":2024},{"Length":43,"Height":4,"Demand":0,"DemandMax":4,"Value":172},{"Length":15,"Height":23,"Demand":0,"DemandMax":4,"Value":690},{"Length":21,"Height":88,"Demand":0,"DemandMax":4,"Value":1848},{"Length":2,"Height":100,"Demand":0,"DemandMax":4,"Value":200},{"Length":44,"Height":47,"Demand":0,"DemandMax":4,"Value":6204},{"Length":45,"Height":48,"Demand":0,"DemandMax":4,"Value":6480},{"Length":65,"Height":53,"Demand":0,"DemandMax":4,"Value":6890},{"Length":20,"Height":39,"Demand":0,"DemandMax":4,"Value":1560},{"Length":41,"Height":50,"Demand":0,"DemandMax":4,"Value":2050},{"Length":70,"Height":95,"Demand":0,"DemandMax":4,"Value":19950},{"Length":38,"Height":97,"Demand":0,"DemandMax":4,"Value":3686},{"Length":97,"Height":31,"Demand":0,"DemandMax":4,"Value":6014},{"Length":35,"Height":47,"Demand":0,"DemandMax":4,"Value":1645},{"Length":32,"Height":37,"Demand":0,"DemandMax":4,"Value":2368},{"Length":48,"Height":50,"Demand":0,"DemandMax":4,"Value":2400},{"Length":77,"Height":87,"Demand":0,"DemandMax":4,"Value":20097},{"Length":95,"Height":8,"Demand":0,"DemandMax":4,"Value":1520},{"Length":93,"Height":42,"Demand":0,"DemandMax":4,"Value":11718},{"Length":24,"Height":92,"Demand":0,"DemandMax":4,"Value":2208},{"Length":84,"Height":30,"Demand":0,"DemandMax":4,"Value":2520},{"Length":44,"Height":95,"Demand":0,"DemandMax":4,"Value":4180},{"Length":79,"Height":44,"Demand":0,"DemandMax":4,"Value":10428},{"Length":44,"Height":34,"Demand":0,"DemandMax":4,"Value":4488},{"Length":30,"Height":4,"Demand":0,"DemandMax":4,"Value":240},{"Length":84,"Height":40,"Demand":0,"DemandMax":4,"Value":10080},{"Length":25,"Height":8,"Demand":0,"DemandMax":4,"Value":200},{"Length":41,"Height":80,"Demand":0,"DemandMax":4,"Value":3280},{"Length":55,"Height":73,"Demand":0,"DemandMax":4,"Value":4015},{"Length":95,"Height":76,"Demand":0,"DemandMax":4,"Value":7220},{"Length":83,"Height":21,"Demand":0,"DemandMax":4,"Value":5229},{"Length":25,"Height":17,"Demand":0,"DemandMax":4,"Value":850},{"Length":18,"Height":77,"Demand":0,"DemandMax":4,"Value":2772},{"Length":8,"Height":20,"Demand":0,"DemandMax":4,"Value":320},{"Length":29,"Height":45,"Demand":0,"DemandMax":4,"Value":1305},{"Length":10,"Height":9,"Demand":0,"DemandMax":4,"Value":270},{"Length":9,"Height":33,"Demand":0,"DemandMax":4,"Value":594},{"Length":88,"Height":51,"Demand":0,"DemandMax":4,"Value":8976},{"Length":44,"Height":86,"Demand":0,"DemandMax":4,"Value":7568},{"Length":29,"Height":35,"Demand":0,"DemandMax":4,"Value":1015},{"Length":78,"Height":35,"Demand":0,"DemandMax":4,"Value":5460},{"Length":25,"Height":99,"Demand":0,"DemandMax":4,"Value":4950},{"Length":87,"Height":34,"Demand":0,"DemandMax":4,"Value":5916},{"Length":88,"Height":26,"Demand":0,"DemandMax":4,"Value":2288},{"Length":81,"Height":47,"Demand":0,"DemandMax":4,"Value":11421},{"Length":84,"Height":16,"Demand":0,"DemandMax":4,"Value":1344},{"Length":51,"Height":90,"Demand":0,"DemandMax":4,"Value":13770},{"Length":28,"Height":10,"Demand":0,"DemandMax":8,"Value":560},{"Length":19,"Height":78,"Demand":0,"DemandMax":4,"Value":4446},{"Length":16,"Height":15,"Demand":0,"DemandMax":4,"Value":480},{"Length":21,"Height":23,"Demand":0,"DemandMax":4,"Value":1449},{"Length":86,"Height":3,"Demand":0,"DemandMax":4,"Value":258},{"Length":98,"Height":12,"Demand":0,"DemandMax":4,"Value":1176},{"Length":13,"Height":92,"Demand":0,"DemandMax":4,"Value":1196},{"Length":82,"Height":75,"Demand":0,"DemandMax":4,"Value":6150},{"Length":97,"Height":61,"Demand":0,"DemandMax":4,"Value":5917},{"Length":47,"Height":17,"Demand":0,"DemandMax":4,"Value":2397},{"Length":34,"Height":91,"Demand":0,"DemandMax":4,"Value":3094},{"Length":17,"Height":50,"Demand":0,"DemandMax":4,"Value":850},{"Length":62,"Height":74,"Demand":0,"DemandMax":4,"Value":4588},{"Length":41,"Height":83,"Demand":0,"DemandMax":4,"Value":3403},{"Length":82,"Height":3,"Demand":0,"DemandMax":4,"Value":738},{"Length":44,"Height":29,"Demand":0,"DemandMax":4,"Value":1276},{"Length":84,"Height":12,"Demand":0,"DemandMax":4,"Value":1008},{"Length":97,"Height":100,"Demand":0,"DemandMax":4,"Value":29100},{"Length":79,"Height":55,"Demand":0,"DemandMax":4,"Value":13035},{"Length":73,"Height":89,"Demand":0,"DemandMax":4,"Value":19491},{"Length":22,"Height":28,"Demand":0,"DemandMax":4,"Value":616},{"Length":46,"Height":44,"Demand":0,"DemandMax":4,"Value":4048},{"Length":3,"Height":9,"Demand":0,"DemandMax":8,"Value":81},{"Length":84,"Height":6,"Demand":0,"DemandMax":4,"Value":1008},{"Length":91,"Height":94,"Demand":0,"DemandMax":4,"Value":25662},{"Length":34,"Height":86,"Demand":0,"DemandMax":4,"Value":5848},{"Length":30,"Height":42,"Demand":0,"DemandMax":4,"Value":1260},{"Length":87,"Height":93,"Demand":0,"DemandMax":4,"Value":8091},{"Length":99,"Height":93,"Demand":0,"DemandMax":4,"Value":27621},{"Length":77,"Height":14,"Demand":0,"DemandMax":4,"Value":1078},{"Length":42,"Height":100,"Demand":0,"DemandMax":4,"Value":12600},{"Length":12,"Height":27,"Demand":0,"DemandMax":4,"Value":972},{"Length":40,"Height":26,"Demand":0,"DemandMax":4,"Value":3120},{"Length":57,"Height":82,"Demand":0,"DemandMax":4,"Value":4674},{"Length":40,"Height":92,"Demand":0,"DemandMax":4,"Value":3680},{"Length":19,"Height":81,"Demand":0,"DemandMax":4,"Value":3078},{"Length":42,"Height":24,"Demand":0,"DemandMax":4,"Value":1008},{"Length":20,"Height":41,"Demand":0,"DemandMax":4,"Value":2460},{"Length":33,"Height":16,"Demand":0,"DemandMax":4,"Value":1056},{"Length":3,"Height":9,"Demand":0,"DemandMax":4,"Value":27},{"Length":98,"Height":9,"Demand":0,"DemandMax":4,"Value":2646},{"Length":77,"Height":53,"Demand":0,"DemandMax":4,"Value":4081},{"Length":25,"Height":38,"Demand":0,"DemandMax":4,"Value":950},{"Length":86,"Height":38,"Demand":0,"DemandMax":4,"Value":6536},{"Length":42,"Height":37,"Demand":0,"DemandMax":4,"Value":4662},{"Length":93,"Height":72,"Demand":0,"DemandMax":4,"Value":13392},{"Length":25,"Height":76,"Demand":0,"DemandMax":4,"Value":3800},{"Length":9,"Height":43,"Demand":0,"DemandMax":4,"Value":774},{"Length":93,"Height":36,"Demand":0,"DemandMax":4,"Value":10044},{"Length":25,"Height":45,"Demand":0,"DemandMax":4,"Value":1125},{"Length":89,"Height":39,"Demand":0,"DemandMax":4,"Value":10413},{"Length":82,"Height":94,"Demand":0,"DemandMax":4,"Value":7708},{"Length":88,"Height":13,"Demand":0,"DemandMax":4,"Value":1144},{"Length":23,"Height":30,"Demand":0,"DemandMax":4,"Value":1380},{"Length":3,"Height":2,"Demand":0,"DemandMax":4,"Value":12},{"Length":31,"Height":10,"Demand":0,"DemandMax":4,"Value":930},{"Length":21,"Height":23,"Demand":0,"DemandMax":4,"Value":483},{"Length":75,"Height":84,"Demand":0,"DemandMax":4,"Value":12600},{"Length":47,"Height":48,"Demand":0,"DemandMax":4,"Value":2256},{"Length":80,"Height":47,"Demand":0,"DemandMax":4,"Value":11280},{"Length":49,"Height":23,"Demand":0,"DemandMax":4,"Value":2254},{"Length":85,"Height":5,"Demand":0,"DemandMax":4,"Value":850},{"Length":88,"Height":67,"Demand":0,"DemandMax":4,"Value":5896},{"Length":92,"Height":82,"Demand":0,"DemandMax":4,"Value":22632},{"Length":71,"Height":99,"Demand":0,"DemandMax":4,"Value":14058},{"Length":69,"Height":71,"Demand":0,"DemandMax":4,"Value":14697},{"Length":93,"Height":45,"Demand":0,"DemandMax":4,"Value":4185},{"Length":40,"Height":50,"Demand":0,"DemandMax":4,"Value":4000},{"Length":23,"Height":89,"Demand":0,"DemandMax":4,"Value":2047},{"Length":30,"Height":81,"Demand":0,"DemandMax":4,"Value":4860},{"Length":74,"Height":70,"Demand":0,"DemandMax":4,"Value":5180},{"Length":99,"Height":67,"Demand":0,"DemandMax":4,"Value":19899},{"Length":83,"Height":30,"Demand":0,"DemandMax":4,"Value":4980},{"Length":10,"Height":90,"Demand":0,"DemandMax":4,"Value":900},{"Length":64,"Height":97,"Demand":0,"DemandMax":4,"Value":18624},{"Length":83,"Height":10,"Demand":0,"DemandMax":4,"Value":2490},{"Length":87,"Height":99,"Demand":0,"DemandMax":4,"Value":8613},{"Length":76,"Height":29,"Demand":0,"DemandMax":4,"Value":4408},{"Length":58,"Height":82,"Demand":0,"DemandMax":4,"Value":4756},{"Length":59,"Height":81,"Demand":0,"DemandMax":4,"Value":14337},{"Length":7,"Height":26,"Demand":0,"DemandMax":4,"Value":546},{"Length":31,"Height":8,"Demand":0,"DemandMax":4,"Value":744},{"Length":83,"Height":53,"Demand":0,"DemandMax":4,"Value":4399},{"Length":50,"Height":86,"Demand":0,"DemandMax":4,"Value":8600},{"Length":11,"Height":40,"Demand":0,"DemandMax":4,"Value":880},{"Length":43,"Height":85,"Demand":0,"DemandMax":4,"Value":3655},{"Length":60,"Height":55,"Demand":0,"DemandMax":4,"Value":9900},{"Length":92,"Height":62,"Demand":0,"DemandMax":4,"Value":17112},{"Length":39,"Height":10,"Demand":0,"DemandMax":4,"Value":780},{"Length":73,"Height":53,"Demand":0,"DemandMax":4,"Value":7738},{"Length":94,"Height":25,"Demand":0,"DemandMax":4,"Value":2350},{"Length":18,"Height":41,"Demand":0,"DemandMax":4,"Value":1476},{"Length":30,"Height":28,"Demand":0,"DemandMax":4,"Value":1680},{"Length":43,"Height":36,"Demand":0,"DemandMax":4,"Value":3096},{"Length":38,"Height":20,"Demand":0,"DemandMax":4,"Value":760},{"Length":87,"Height":35,"Demand":0,"DemandMax":4,"Value":3045},{"Length":54,"Height":77,"Demand":0,"DemandMax":8,"Value":12474},{"Length":98,"Height":96,"Demand":0,"DemandMax":4,"Value":28224},{"Length":99,"Height":26,"Demand":0,"DemandMax":4,"Value":5148},{"Length":49,"Height":95,"Demand":0,"DemandMax":4,"Value":9310},{"Length":100,"Height":23,"Demand":0,"DemandMax":4,"Value":6900},{"Length":9,"Height":39,"Demand":0,"DemandMax":4,"Value":702},{"Length":47,"Height":2,"Demand":0,"DemandMax":4,"Value":282},{"Length":14,"Height":76,"Demand":0,"DemandMax":4,"Value":1064},{"Length":3,"Height":34,"Demand":0,"DemandMax":4,"Value":102},{"Length":59,"Height":83,"Demand":0,"DemandMax":4,"Value":14691},{"Length":45,"Height":96,"Demand":0,"DemandMax":4,"Value":4320},{"Length":27,"Height":44,"Demand":0,"DemandMax":4,"Value":1188},{"Length":7,"Height":78,"Demand":0,"DemandMax":4,"Value":1638},{"Length":97,"Height":13,"Demand":0,"DemandMax":4,"Value":1261},{"Length":94,"Height":9,"Demand":0,"DemandMax":4,"Value":1692},{"Length":3,"Height":48,"Demand":0,"DemandMax":4,"Value":432},{"Length":27,"Height":34,"Demand":0,"DemandMax":4,"Value":918},{"Length":71,"Height":98,"Demand":0,"DemandMax":4,"Value":20874},{"Length":5,"Height":34,"Demand":0,"DemandMax":4,"Value":340},{"Length":6,"Height":46,"Demand":0,"DemandMax":4,"Value":276},{"Length":5,"Height":86,"Demand":0,"DemandMax":4,"Value":430},{"Length":30,"Height":11,"Demand":0,"DemandMax":4,"Value":990},{"Length":11,"Height":20,"Demand":0,"DemandMax":4,"Value":660},{"Length":41,"Height":39,"Demand":0,"DemandMax":4,"Value":4797},{"Length":30,"Height":19,"Demand":0,"DemandMax":4,"Value":1710},{"Length":23,"Height":5,"Demand":0,"DemandMax":4,"Value":345},{"Length":40,"Height":95,"Demand":0,"DemandMax":4,"Value":11400},{"Length":57,"Height":92,"Demand":0,"DemandMax":4,"Value":5244},{"Length":79,"Height":4,"Demand":0,"DemandMax":4,"Value":632},{"Length":20,"Height":11,"Demand":0,"DemandMax":4,"Value":440},{"Length":61,"Height":89,"Demand":0,"DemandMax":4,"Value":5429},{"Length":82,"Height":12,"Demand":0,"DemandMax":4,"Value":984},{"Length":90,"Height":46,"Demand":0,"DemandMax":4,"Value":12420},{"Length":90,"Height":20,"Demand":0,"DemandMax":4,"Value":3600},{"Length":87,"Height":87,"Demand":0,"DemandMax":4,"Value":22707},{"Length":2,"Height":83,"Demand":0,"DemandMax":4,"Value":498},{"Length":22,"Height":46,"Demand":0,"DemandMax":4,"Value":2024},{"Length":42,"Height":84,"Demand":0,"DemandMax":4,"Value":7056},{"Length":8,"Height":41,"Demand":0,"DemandMax":4,"Value":984},{"Length":88,"Height":71,"Demand":0,"DemandMax":4,"Value":6248},{"Length":42,"Height":99,"Demand":0,"DemandMax":4,"Value":12474},{"Length":97,"Height":14,"Demand":0,"DemandMax":4,"Value":2716},{"Length":90,"Height":65,"Demand":0,"DemandMax":4,"Value":5850},{"Length":6,"Height":28,"Demand":0,"DemandMax":4,"Value":168},{"Length":3,"Height":4,"Demand":0,"DemandMax":4,"Value":36},{"Length":100,"Height":17,"Demand":0,"DemandMax":4,"Value":3400},{"Length":100,"Height":5,"Demand":0,"DemandMax":4,"Value":500},{"Length":14,"Height":86,"Demand":0,"DemandMax":4,"Value":1204},{"Length":30,"Height":21,"Demand":0,"DemandMax":4,"Value":1260},{"Length":94,"Height":9,"Demand":0,"DemandMax":4,"Value":846},{"Length":40,"Height":39,"Demand":0,"DemandMax":4,"Value":1560},{"Length":77,"Height":75,"Demand":0,"DemandMax":4,"Value":17325},{"Length":20,"Height":13,"Demand":0,"DemandMax":4,"Value":780},{"Length":57,"Height":85,"Demand":0,"DemandMax":4,"Value":14535},{"Length":95,"Height":14,"Demand":0,"DemandMax":4,"Value":2660},{"Length":44,"Height":42,"Demand":0,"DemandMax":4,"Value":5544},{"Length":49,"Height":43,"Demand":0,"DemandMax":4,"Value":4214},{"Length":19,"Height":91,"Demand":0,"DemandMax":4,"Value":5187},{"Length":87,"Height":31,"Demand":0,"DemandMax":4,"Value":2697},{"Length":96,"Height":71,"Demand":0,"DemandMax":4,"Value":20448},{"Length":90,"Height":14,"Demand":0,"DemandMax":4,"Value":3780},{"Length":97,"Height":15,"Demand":0,"DemandMax":4,"Value":4365},{"Length":20,"Height":84,"Demand":0,"DemandMax":4,"Value":1680},{"Length":86,"Height":98,"Demand":0,"DemandMax":4,"Value":16856},{"Length":82,"Height":6,"Demand":0,"DemandMax":4,"Value":492},{"Length":5,"Height":39,"Demand":0,"DemandMax":4,"Value":195},{"Length":84,"Height":72,"Demand":0,"DemandMax":4,"Value":6048},{"Length":22,"Height":39,"Demand":0,"DemandMax":4,"Value":2574},{"Length":98,"Height":52,"Demand":0,"DemandMax":4,"Value":15288},{"Length":32,"Height":42,"Demand":0,"DemandMax":4,"Value":1344},{"Length":12,"Height":31,"Demand":0,"DemandMax":4,"Value":1116},{"Length":44,"Height":47,"Demand":0,"DemandMax":4,"Value":2068},{"Length":77,"Height":20,"Demand":0,"DemandMax":4,"Value":3080},{"Length":10,"Height":86,"Demand":0,"DemandMax":4,"Value":2580},{"Length":16,"Height":49,"Demand":0,"DemandMax":4,"Value":784},{"Length":46,"Height":4,"Demand":0,"DemandMax":4,"Value":184},{"Length":15,"Height":50,"Demand":0,"DemandMax":4,"Value":1500},{"Length":13,"Height":93,"Demand":0,"DemandMax":4,"Value":3627},{"Length":19,"Height":95,"Demand":0,"DemandMax":4,"Value":1805},{"Length":91,"Height":40,"Demand":0,"DemandMax":4,"Value":10920},{"Length":14,"Height":81,"Demand":0,"DemandMax":4,"Value":1134},{"Length":47,"Height":9,"Demand":0,"DemandMax":4,"Value":846},{"Length":85,"Height":40,"Demand":0,"DemandMax":4,"Value":10200},{"Length":27,"Height":33,"Demand":0,"DemandMax":4,"Value":1782},{"Length":65,"Height":73,"Demand":0,"DemandMax":4,"Value":4745},{"Length":87,"Height":27,"Demand":0,"DemandMax":4,"Value":4698},{"Length":28,"Height":47,"Demand":0,"DemandMax":4,"Value":1316},{"Length":91,"Height":50,"Demand":0,"DemandMax":4,"Value":9100},{"Length":44,"Height":15,"Demand":0,"DemandMax":4,"Value":1320},{"Length":43,"Height":45,"Demand":0,"DemandMax":4,"Value":5805},{"Length":4,"Height":99,"Demand":0,"DemandMax":4,"Value":396},{"Length":77,"Height":55,"Demand":0,"DemandMax":4,"Value":4235},{"Length":45,"Height":85,"Demand":0,"DemandMax":4,"Value":7650},{"Length":86,"Height":15,"Demand":0,"DemandMax":4,"Value":2580},{"Length":2,"Height":3,"Demand":0,"DemandMax":4,"Value":18},{"Length":82,"Height":92,"Demand":0,"DemandMax":4,"Value":15088},{"Length":91,"Height":30,"Demand":0,"DemandMax":4,"Value":8190},{"Length":47,"Height":95,"Demand":0,"DemandMax":4,"Value":4465},{"Length":44,"Height":28,"Demand":0,"DemandMax":4,"Value":1232},{"Length":73,"Height":68,"Demand":0,"DemandMax":4,"Value":9928},{"Length":79,"Height":49,"Demand":0,"DemandMax":4,"Value":3871},{"Length":50,"Height":11,"Demand":0,"DemandMax":4,"Value":1650},{"Length":71,"Height":53,"Demand":0,"DemandMax":4,"Value":7526},{"Length":79,"Height":89,"Demand":0,"DemandMax":4,"Value":7031},{"Length":6,"Height":45,"Demand":0,"DemandMax":4,"Value":810},{"Length":40,"Height":17,"Demand":0,"DemandMax":4,"Value":2040},{"Length":39,"Height":78,"Demand":0,"DemandMax":4,"Value":6084},{"Length":53,"Height":76,"Demand":0,"DemandMax":4,"Value":8056},{"Length":98,"Height":28,"Demand":0,"DemandMax":4,"Value":5488},{"Length":47,"Height":34,"Demand":0,"DemandMax":4,"Value":1598},{"Length":88,"Height":12,"Demand":0,"DemandMax":4,"Value":3168},{"Length":20,"Height":22,"Demand":0,"DemandMax":4,"Value":880},{"Length":39,"Height":9,"Demand":0,"DemandMax":4,"Value":1053},{"Length":63,"Height":56,"Demand":0,"DemandMax":4,"Value":3528},{"Length":96,"Height":95,"Demand":0,"DemandMax":4,"Value":9120},{"Length":66,"Height":85,"Demand":0,"DemandMax":4,"Value":11220},{"Length":23,"Height":91,"Demand":0,"DemandMax":4,"Value":2093},{"Length":25,"Height":41,"Demand":0,"DemandMax":4,"Value":2050},{"Length":16,"Height":9,"Demand":0,"DemandMax":4,"Value":144},{"Length":82,"Height":51,"Demand":0,"DemandMax":4,"Value":4182},{"Length":25,"Height":47,"Demand":0,"DemandMax":4,"Value":2350},{"Length":5,"Height":41,"Demand":0,"DemandMax":4,"Value":615},{"Length":76,"Height":24,"Demand":0,"DemandMax":4,"Value":1824},{"Length":28,"Height":38,"Demand":0,"DemandMax":4,"Value":3192},{"Length":87,"Height":26,"Demand":0,"DemandMax":4,"Value":4524},{"Length":45,"Height":49,"Demand":0,"DemandMax":4,"Value":2205},{"Length":95,"Height":28,"Demand":0,"DemandMax":4,"Value":5320},{"Length":18,"Height":90,"Demand":0,"DemandMax":4,"Value":3240},{"Length":95,"Height":16,"Demand":0,"DemandMax":4,"Value":3040},{"Length":99,"Height":29,"Demand":0,"DemandMax":4,"Value":8613},{"Length":88,"Height":88,"Demand":0,"DemandMax":4,"Value":15488},{"Length":77,"Height":19,"Demand":0,"DemandMax":4,"Value":2926},{"Length":39,"Height":23,"Demand":0,"DemandMax":4,"Value":1794},{"Length":84,"Height":73,"Demand":0,"DemandMax":4,"Value":12264},{"Length":6,"Height":50,"Demand":0,"DemandMax":4,"Value":900},{"Length":18,"Height":14,"Demand":0,"DemandMax":4,"Value":756},{"Length":22,"Height":43,"Demand":0,"DemandMax":4,"Value":946},{"Length":39,"Height":42,"Demand":0,"DemandMax":4,"Value":4914},{"Length":10,"Height":47,"Demand":0,"DemandMax":4,"Value":940},{"Length":32,"Height":96,"Demand":0,"DemandMax":4,"Value":9216},{"Length":93,"Height":8,"Demand":0,"DemandMax":4,"Value":744},{"Length":22,"Height":19,"Demand":0,"DemandMax":4,"Value":836},{"Length":97,"Height":7,"Demand":0,"DemandMax":4,"Value":1358},{"Length":49,"Height":45,"Demand":0,"DemandMax":4,"Value":4410},{"Length":78,"Height":44,"Demand":0,"DemandMax":4,"Value":3432},{"Length":31,"Height":42,"Demand":0,"DemandMax":4,"Value":2604},{"Length":28,"Height":31,"Demand":0,"DemandMax":4,"Value":2604},{"Length":80,"Height":36,"Demand":0,"DemandMax":4,"Value":5760},{"Length":13,"Height":41,"Demand":0,"DemandMax":4,"Value":1599},{"Length":26,"Height":12,"Demand":0,"DemandMax":4,"Value":312},{"Length":95,"Height":38,"Demand":0,"DemandMax":4,"Value":7220},{"Length":35,"Height":46,"Demand":0,"DemandMax":4,"Value":3220},{"Length":81,"Height":28,"Demand":0,"DemandMax":4,"Value":2268},{"Length":6,"Height":76,"Demand":0,"DemandMax":4,"Value":1368},{"Length":100,"Height":22,"Demand":0,"DemandMax":4,"Value":4400},{"Length":15,"Height":31,"Demand":0,"DemandMax":4,"Value":930},{"Length":22,"Height":36,"Demand":0,"DemandMax":4,"Value":1584},{"Length":14,"Height":28,"Demand":0,"DemandMax":4,"Value":1176},{"Length":20,"Height":94,"Demand":0,"DemandMax":4,"Value":3760},{"Length":37,"Height":43,"Demand":0,"DemandMax":4,"Value":3182},{"Length":97,"Height":7,"Demand":0,"DemandMax":4,"Value":679},{"Length":62,"Height":69,"Demand":0,"DemandMax":4,"Value":12834},{"Length":34,"Height":93,"Demand":0,"DemandMax":4,"Value":6324},{"Length":6,"Height":22,"Demand":0,"DemandMax":4,"Value":132},{"Length":5,"Height":6,"Demand":0,"DemandMax":4,"Value":90},{"Length":89,"Height":10,"Demand":0,"DemandMax":4,"Value":1780},{"Length":93,"Height":16,"Demand":0,"DemandMax":4,"Value":1488},{"Length":48,"Height":26,"Demand":0,"DemandMax":4,"Value":1248},{"Length":22,"Height":33,"Demand":0,"DemandMax":4,"Value":2178},{"Length":19,"Height":11,"Demand":0,"DemandMax":4,"Value":418},{"Length":11,"Height":97,"Demand":0,"DemandMax":4,"Value":2134},{"Length":24,"Height":81,"Demand":0,"DemandMax":4,"Value":3888},{"Length":9,"Height":20,"Demand":0,"DemandMax":4,"Value":180},{"Length":2,"Height":19,"Demand":0,"DemandMax":4,"Value":38},{"Length":5,"Height":41,"Demand":0,"DemandMax":4,"Value":205},{"Length":88,"Height":17,"Demand":0,"DemandMax":4,"Value":2992},{"Length":36,"Height":100,"Demand":0,"DemandMax":4,"Value":3600},{"Length":88,"Height":32,"Demand":0,"DemandMax":4,"Value":8448},{"Length":64,"Height":57,"Demand":0,"DemandMax":4,"Value":10944},{"Length":15,"Height":38,"Demand":0,"DemandMax":4,"Value":1140},{"Length":50,"Height":88,"Demand":0,"DemandMax":4,"Value":4400}]}