{"Name":"ngcutfs2_168","Objects":[{"Length":100,"Height":100,"Stock":null,"Cost":10000}],"Items":[{"Length":46,"Height":35,"Demand":0,"DemandMax":3,"Value":4830},{"Length":90,"Height":70,"Demand":0,"DemandMax":3,"Value":6300},{"Length":17,"Height":35,"Demand":0,"DemandMax":3,"Value":1785},{"Length":20,"Height":19,"Demand":0,"DemandMax":3,"Value":760},{"Length":3,"Height":27,"Demand":0,"DemandMax":3,"Value":243},{"Length":38,"Height":97,"Demand":0,"DemandMax":3,"Value":11058},{"Length":5,"Height":26,"Demand":0,"DemandMax":3,"Value":130},{"Length":90,"Height":68,"Demand":0,"DemandMax":3,"Value":6120},{"Length":26,"Height":80,"Demand":0,"DemandMax":3,"Value":2080},{"Length":3,"Height":22,"Demand":0,"DemandMax":3,"Value":198},{"Length":43,"Height":24,"Demand":0,"DemandMax":3,"Value":2064},{"Length":98,"Height":36,"Demand":0,"DemandMax":3,"Value":7056},{"Length":26,"Height":22,"Demand":0,"DemandMax":6,"Value":1716},{"Length":96,"Height":90,"Demand":0,"DemandMax":3,"Value":25920},{"Length":17,"Height":11,"Demand":0,"DemandMax":3,"Value":374},{"Length":91,"Height":17,"Demand":0,"DemandMax":3,"Value":1547},{"Length":62,"Height":52,"Demand":0,"DemandMax":3,"Value":6448},{"Length":17,"Height":12,"Demand":0,"DemandMax":3,"Value":408},{"Length":38,"Height":47,"Demand":0,"DemandMax":3,"Value":5358},{"Length":63,"Height":57,"Demand":0,"DemandMax":3,"Value":3591},{"Length":46,"Height":16,"Demand":0,"DemandMax":3,"Value":1472},{"Length":27,"Height":16,"Demand":0,"DemandMax":3,"Value":432},{"Length":21,"Height":7,"Demand":0,"DemandMax":3,"Value":294},{"Length":49,"Height":81,"Demand":0,"DemandMax":3,"Value":3969},{"Length":13,"Height":44,"Demand":0,"DemandMax":3,"Value":1716},{"Length":16,"Height":86,"Demand":0,"DemandMax":3,"Value":4128},{"Length":87,"Height":29,"Demand":0,"DemandMax":3,"Value":2523},{"Length":92,"Height":49,"Demand":0,"DemandMax":3,"Value":13524},{"Length":36,"Height":8,"Demand":0,"DemandMax":3,"Value":576},{"Length":30,"Height":50,"Demand":0,"DemandMax":3,"Value":3000},{"Length":99,"Height":51,"Demand":0,"DemandMax":3,"Value":5049},{"Length":31,"Height":40,"Demand":0,"DemandMax":3,"Value":2480},{"Length":80,"Height":89,"Demand":0,"DemandMax":3,"Value":7120},{"Length":46,"Height":28,"Demand":0,"DemandMax":3,"Value":1288},{"Length":69,"Height":72,"Demand":0,"DemandMax":3,"Value":9936},{"Length":80,"Height":3,"Demand":0,"DemandMax":3,"Value":720},{"Length":40,"Height":80,"Demand":0,"DemandMax":3,"Value":3200},{"Length":66,"Height":87,"Demand":0,"DemandMax":3,"Value":17226},{"Length":27,"Height":29,"Demand":0,"DemandMax":3,"Value":1566},{"Length":33,"Height":11,"Demand":0,"DemandMax":3,"Value":1089},{"Length":65,"Height":60,"Demand":0,"DemandMax":3,"Value":7800},{"Length":4,"Height":32,"Demand":0,"DemandMax":3,"Value":384},{"Length":90,"Height":73,"Demand":0,"DemandMax":3,"Value":19710},{"Length":87,"Height":50,"Demand":0,"DemandMax":3,"Value":4350},{"Length":39,"Height":20,"Demand":0,"DemandMax":3,"Value":1560},{"Length":15,"Height":80,"Demand":0,"DemandMax":3,"Value":1200},{"Length":62,"Height":79,"Demand":0,"DemandMax":3,"Value":14694},{"Length":18,"Height":79,"Demand":0,"DemandMax":3,"Value":2844},{"Length":49,"Height":47,"Demand":0,"DemandMax":3,"Value":4606},{"Length":87,"Height":30,"Demand":0,"DemandMax":3,"Value":2610},{"Length":16,"Height":35,"Demand":0,"DemandMax":3,"Value":1120},{"Length":3,"Height":35,"Demand":0,"DemandMax":3,"Value":315},{"Length":13,"Height":33,"Demand":0,"DemandMax":3,"Value":429},{"Length":61,"Height":66,"Demand":0,"DemandMax":3,"Value":8052},{"Length":41,"Height":22,"Demand":0,"DemandMax":3,"Value":2706},{"Length":32,"Height":29,"Demand":0,"DemandMax":3,"Value":2784},{"Length":45,"Height":87,"Demand":0,"DemandMax":3,"Value":11745},{"Length":93,"Height":38,"Demand":0,"DemandMax":3,"Value":3534},{"Length":34,"Height":48,"Demand":0,"DemandMax":3,"Value":4896},{"Length":86,"Height":44,"Demand":0,"DemandMax":3,"Value":3784},{"Length":9,"Height":22,"Demand":0,"DemandMax":3,"Value":594},{"Length":40,"Height":33,"Demand":0,"DemandMax":3,"Value":3960},{"Length":6,"Height":3,"Demand":0,"DemandMax":3,"Value":36},{"Length":50,"Height":36,"Demand":0,"DemandMax":3,"Value":3600},{"Length":78,"Height":50,"Demand":0,"DemandMax":3,"Value":7800},{"Length":47,"Height":23,"Demand":0,"DemandMax":3,"Value":2162},{"Length":82,"Height":15,"Demand":0,"DemandMax":3,"Value":2460},{"Length":60,"Height":90,"Demand":0,"DemandMax":3,"Value":5400},{"Length":94,"Height":100,"Demand":0,"DemandMax":3,"Value":9400},{"Length":100,"Height":22,"Demand":0,"DemandMax":3,"Value":4400},{"Length":92,"Height":62,"Demand":0,"DemandMax":3,"Value":5704},{"Length":20,"Height":79,"Demand":0,"DemandMax":3,"Value":4740},{"Length":5,"Height":32,"Demand":0,"DemandMax":3,"Value":480},{"Length":36,"Height":41,"Demand":0,"DemandMax":3,"Value":1476},{"Length":78,"Height":97,"Demand":0,"DemandMax":3,"Value":15132},{"Length":77,"Height":7,"Demand":0,"DemandMax":3,"Value":539},{"Length":11,"Height":11,"Demand":0,"DemandMax":3,"Value":363},{"Length":30,"Height":2,"Demand":0,"DemandMax":3,"Value":120},{"Length":53,"Height":76,"Demand":0,"DemandMax":3,"Value":8056},{"Length":97,"Height":30,"Demand":0,"DemandMax":3,"Value":8730},{"Length":49,"Height":3,"Demand":0,"DemandMax":6,"Value":441},{"Length":20,"Height":45,"Demand":0,"DemandMax":3,"Value":2700},{"Length":5,"Height":20,"Demand":0,"DemandMax":3,"Value":300},{"Length":40,"Height":36,"Demand":0,"DemandMax":3,"Value":4320},{"Length":46,"Height":86,"Demand":0,"DemandMax":3,"Value":3956},{"Length":48,"Height":23,"Demand":0,"DemandMax":3,"Value":3312},{"Length":70,"Height":63,"Demand":0,"DemandMax":3,"Value":13230},{"Length":24,"Height":13,"Demand":0,"DemandMax":3,"Value":624},{"Length":43,"Height":91,"Demand":0,"DemandMax":3,"Value":3913},{"Length":79,"Height":93,"Demand":0,"DemandMax":3,"Value":7347},{"Length":5,"Height":27,"Demand":0,"DemandMax":3,"Value":135},{"Length":35,"Height":26,"Demand":0,"DemandMax":3,"Value":910},{"Length":24,"Height":20,"Demand":0,"DemandMax":3,"Value":960},{"Length":47,"Height":37,"Demand":0,"DemandMax":3,"Value":1739},{"Length":39,"Height":45,"Demand":0,"DemandMax":3,"Value":5265},{"Length":24,"Height":2,"Demand":0,"DemandMax":3,"Value":48},{"Length":96,"Height":5,"Demand":0,"DemandMax":3,"Value":1440},{"Length":45,"Height":16,"Demand":0,"DemandMax":3,"Value":1440},{"Length":16,"Height":9,"Demand":0,"DemandMax":3,"Value":432},{"Length":76,"Height":38,"Demand":0,"DemandMax":3,"Value":8664},{"Length":45,"Height":46,"Demand":0,"DemandMax":3,"Value":2070},{"Length":2,"Height":43,"Demand":0,"DemandMax":3,"Value":86},{"Length":49,"Height":11,"Demand":0,"DemandMax":3,"Value":1078},{"Length":95,"Height":40,"Demand":0,"DemandMax":3,"Value":7600},{"Length":33,"Height":49,"Demand":0,"DemandMax":3,"Value":1617},{"Length":32,"Height":43,"Demand":0,"DemandMax":3,"Value":4128},{"Length":92,"Height":67,"Demand":0,"DemandMax":3,"Value":6164},{"Length":19,"Height":35,"Demand":0,"DemandMax":3,"Value":1995},{"Length":16,"Height":78,"Demand":0,"DemandMax":3,"Value":2496},{"Length":43,"Height":15,"Demand":0,"DemandMax":3,"Value":1290},{"Length":99,"Height":63,"Demand":0,"DemandMax":3,"Value":12474},{"Length":34,"Height":92,"Demand":0,"DemandMax":3,"Value":6256},{"Length":29,"Height":40,"Demand":0,"DemandMax":3,"Value":3480},{"Length":40,"Height":40,"Demand":0,"DemandMax":3,"Value":1600},{"Length":88,"Height":69,"Demand":0,"DemandMax":3,"Value":6072},{"Length":10,"Height":33,"Demand":0,"DemandMax":3,"Value":660},{"Length":47,"Height":79,"Demand":0,"DemandMax":3,"Value":11139},{"Length":14,"Height":45,"Demand":0,"DemandMax":3,"Value":1890},{"Length":96,"Height":64,"Demand":0,"DemandMax":3,"Value":12288},{"Length":7,"Height":32,"Demand":0,"DemandMax":3,"Value":448},{"Length":34,"Height":85,"Demand":0,"DemandMax":3,"Value":5780},{"Length":76,"Height":91,"Demand":0,"DemandMax":3,"Value":6916},{"Length":25,"Height":32,"Demand":0,"DemandMax":3,"Value":2400},{"Length":47,"Height":29,"Demand":0,"DemandMax":3,"Value":2726},{"Length":32,"Height":3,"Demand":0,"DemandMax":3,"Value":192},{"Length":39,"Height":77,"Demand":0,"DemandMax":3,"Value":3003},{"Length":77,"Height":50,"Demand":0,"DemandMax":3,"Value":3850},{"Length":17,"Height":84,"Demand":0,"DemandMax":3,"Value":2856},{"Length":35,"Height":3,"Demand":0,"DemandMax":3,"Value":210},{"Length":12,"Height":16,"Demand":0,"DemandMax":3,"Value":384},{"Length":82,"Height":90,"Demand":0,"DemandMax":3,"Value":14760},{"Length":81,"Height":6,"Demand":0,"DemandMax":3,"Value":486},{"Length":49,"Height":28,"Demand":0,"DemandMax":3,"Value":1372},{"Length":38,"Height":16,"Demand":0,"DemandMax":3,"Value":1216},{"Length":90,"Height":56,"Demand":0,"DemandMax":3,"Value":10080},{"Length":33,"Height":76,"Demand":0,"DemandMax":3,"Value":5016},{"Length":16,"Height":13,"Demand":0,"DemandMax":3,"Value":208},{"Length":30,"Height":19,"Demand":0,"DemandMax":3,"Value":1140},{"Length":60,"Height":61,"Demand":0,"DemandMax":3,"Value":10980},{"Length":12,"Height":33,"Demand":0,"DemandMax":3,"Value":792},{"Length":45,"Height":41,"Demand":0,"DemandMax":3,"Value":1845},{"Length":51,"Height":91,"Demand":0,"DemandMax":3,"Value":9282},{"Length":20,"Height":3,"Demand":0,"DemandMax":3,"Value":180},{"Length":42,"Height":45,"Demand":0,"DemandMax":3,"Value":5670},{"Length":95,"Height":25,"Demand":0,"DemandMax":3,"Value":7125},{"Length":9,"Height":79,"Demand":0,"DemandMax":3,"Value":2133},{"Length":12,"Height":5,"Demand":0,"DemandMax":3,"Value":180},{"Length":28,"Height":5,"Demand":0,"DemandMax":3,"Value":420},{"Length":36,"Height":45,"Demand":0,"DemandMax":3,"Value":4860},{"Length":98,"Height":42,"Demand":0,"DemandMax":3,"Value":8232},{"Length":47,"Height":93,"Demand":0,"DemandMax":6,"Value":13113},{"Length":90,"Height":50,"Demand":0,"DemandMax":3,"Value":13500},{"Length":46,"Height":41,"Demand":0,"DemandMax":3,"Value":3772},{"Length":99,"Height":18,"Demand":0,"DemandMax":3,"Value":5346},{"Length":39,"Height":50,"Demand":0,"DemandMax":3,"Value":5850},{"Length":14,"Height":35,"Demand":0,"DemandMax":3,"Value":1470},{"Length":83,"Height":48,"Demand":0,"DemandMax":3,"Value":7968},{"Length":84,"Height":84,"Demand":0,"DemandMax":3,"Value":7056},{"Length":71,"Height":54,"Demand":0,"DemandMax":3,"Value":11502},{"Length":35,"Height":35,"Demand":0,"DemandMax":3,"Value":1225},{"Length":83,"Height":49,"Demand":0,"DemandMax":3,"Value":4067},{"Length":36,"Height":6,"Demand":0,"DemandMax":3,"Value":648},{"Length":28,"Height":22,"Demand":0,"DemandMax":3,"Value":1232},{"Length":93,"Height":69,"Demand":0,"DemandMax":3,"Value":6417},{"Length":77,"Height":82,"Demand":0,"DemandMax":3,"Value":6314},{"Length":30,"Height":2,"Demand":0,"DemandMax":3,"Value":180},{"Length":15,"Height":77,"Demand":0,"DemandMax":3,"Value":1155},{"Length":95,"Height":4,"Demand":0,"DemandMax":3,"Value":760},{"Length":57,"Height":97,"Demand":0,"DemandMax":3,"Value":16587},{"Length":36,"Height":27,"Demand":0,"DemandMax":3,"Value":2916},{"Length":13,"Height":18,"Demand":0,"DemandMax":3,"Value":234},{"Length":83,"Height":14,"Demand":0,"DemandMax":3,"Value":1162},{"Length":50,"Height":45,"Demand":0,"DemandMax":3,"Value":6750},{"Length":13,"Height":100,"Demand":0,"DemandMax":3,"Value":3900},{"Length":56,"Height":57,"Demand":0,"DemandMax":3,"Value":9576},{"Length":29,"Height":50,"Demand":0,"DemandMax":3,"Value":4350},{"Length":90,"Height":46,"Demand":0,"DemandMax":3,"Value":8280},{"Length":70,"Height":72,"Demand":0,"DemandMax":3,"Value":10080},{"Length":41,"Height":80,"Demand":0,"DemandMax":3,"Value":3280},{"Length":42,"Height":36,"Demand":0,"DemandMax":3,"Value":4536},{"Length":27,"Height":94,"Demand":0,"DemandMax":3,"Value":2538},{"Length":14,"Height":97,"Demand":0,"DemandMax":3,"Value":1358},{"Length":95,"Height":98,"Demand":0,"DemandMax":3,"Value":9310},{"Length":39,"Height":42,"Demand":0,"DemandMax":3,"Value":4914},{"Length":13,"Height":24,"Demand":0,"DemandMax":3,"Value":312},{"Length":22,"Height":5,"Demand":0,"DemandMax":3,"Value":220},{"Length":92,"Height":32,"Demand":0,"DemandMax":3,"Value":2944},{"Length":47,"Height":47,"Demand":0,"DemandMax":3,"Value":6627},{"Length":32,"Height":38,"Demand":0,"DemandMax":3,"Value":2432},{"Length":47,"Height":26,"Demand":0,"DemandMax":3,"Value":1222},{"Length":24,"Height":28,"Demand":0,"DemandMax":9,"Value":1344},{"Length":6,"Height":13,"Demand":0,"DemandMax":3,"Value":156},{"Length":33,"Height":21,"Demand":0,"DemandMax":3,"Value":2079},{"Length":31,"Height":5,"Demand":0,"DemandMax":3,"Value":465},{"Length":42,"Height":10,"Demand":0,"DemandMax":3,"Value":420},{"Length":86,"Height":77,"Demand":0,"DemandMax":3,"Value":13244},{"Length":5,"Height":6,"Demand":0,"DemandMax":3,"Value":60},{"Length":82,"Height":43,"Demand":0,"DemandMax":3,"Value":10578},{"Length":46,"Height":25,"Demand":0,"DemandMax":3,"Value":2300},{"Length":20,"Height":90,"Demand":0,"DemandMax":3,"Value":5400},{"Length":90,"Height":16,"Demand":0,"DemandMax":3,"Value":4320},{"Length":14,"Height":14,"Demand":0,"DemandMax":3,"Value":392},{"Length":20,"Height":6,"Demand":0,"DemandMax":3,"Value":240},{"Length":31,"Height":76,"Demand":0,"DemandMax":3,"Value":4712},{"Length":59,"Height":58,"Demand":0,"DemandMax":3,"Value":10266},{"Length":36,"Height":39,"Demand":0,"DemandMax":3,"Value":2808},{"Length":97,"Height":96,"Demand":0,"DemandMax":3,"Value":18624},{"Length":6,"Height":95,"Demand":0,"DemandMax":3,"Value":570},{"Length":7,"Height":40,"Demand":0,"DemandMax":3,"Value":840},{"Length":22,"Height":93,"Demand":0,"DemandMax":3,"Value":6138},{"Length":94,"Height":42,"Demand":0,"DemandMax":3,"Value":7896},{"Length":98,"Height":27,"Demand":0,"DemandMax":3,"Value":7938},{"Length":48,"Height":7,"Demand":0,"DemandMax":3,"Value":336},{"Length":38,"Height":27,"Demand":0,"DemandMax":3,"Value":2052},{"Length":84,"Height":11,"Demand":0,"DemandMax":3,"Value":1848},{"Length":27,"Height":43,"Demand":0,"DemandMax":3,"Value":2322},{"Length":30,"Height":92,"Demand":0,"DemandMax":3,"Value":2760},{"Length":14,"Height":77,"Demand":0,"DemandMax":6,"Value":2156},{"Length":87,"Height":9,"Demand":0,"DemandMax":3,"Value":783},{"Length":15,"Height":29,"Demand":0,"DemandMax":3,"Value":870},{"Length":8,"Height":87,"Demand":0,"DemandMax":3,"Value":2088},{"Length":90,"Height":45,"Demand":0,"DemandMax":3,"Value":12150},{"Length":16,"Height":23,"Demand":0,"DemandMax":3,"Value":368},{"Length":31,"Height":97,"Demand":0,"DemandMax":3,"Value":6014},{"Length":5,"Height":2,"Demand":0,"DemandMax":3,"Value":30},{"Length":15,"Height":35,"Demand":0,"DemandMax":3,"Value":525},{"Length":21,"Height":28,"Demand":0,"DemandMax":3,"Value":588},{"Length":58,"Height":55,"Demand":0,"DemandMax":3,"Value":3190},{"Length":8,"Height":15,"Demand":0,"DemandMax":3,"Value":240},{"Length":29,"Height":30,"Demand":0,"DemandMax":3,"Value":2610},{"Length":23,"Height":6,"Demand":0,"DemandMax":3,"Value":414},{"Length":31,"Height":85,"Demand":0,"DemandMax":3,"Value":7905},{"Length":88,"Height":4,"Demand":0,"DemandMax":3,"Value":352},{"Length":45,"Height":30,"Demand":0,"DemandMax":3,"Value":4050},{"Length":34,"Height":11,"Demand":0,"DemandMax":3,"Value":1122},{"Length":43,"Height":27,"Demand":0,"DemandMax":3,"Value":2322},{"Length":33,"Height":38,"Demand":0,"DemandMax":3,"Value":3762},{"Length":11,"Height":33,"Demand":0,"DemandMax":3,"Value":363},{"Length":43,"Height":43,"Demand":0,"DemandMax":3,"Value":1849},{"Length":76,"Height":58,"Demand":0,"DemandMax":3,"Value":4408},{"Length":71,"Height":68,"Demand":0,"DemandMax":3,"Value":9656},{"Length":35,"Height":4,"Demand":0,"DemandMax":3,"Value":140},{"Length":44,"Height":25,"Demand":0,"DemandMax":3,"Value":3300},{"Length":68,"Height":84,"Demand":0,"DemandMax":3,"Value":17136},{"Length":89,"Height":61,"Demand":0,"DemandMax":3,"Value":5429},{"Length":27,"Height":31,"Demand":0,"DemandMax":3,"Value":2511},{"Length":5,"Height":13,"Demand":0,"DemandMax":3,"Value":130},{"Length":64,"Height":58,"Demand":0,"DemandMax":3,"Value":3712},{"Length":13,"Height":4,"Demand":0,"DemandMax":3,"Value":52},{"Length":83,"Height":30,"Demand":0,"DemandMax":3,"Value":2490},{"Length":36,"Height":37,"Demand":0,"DemandMax":3,"Value":2664},{"Length":91,"Height":3,"Demand":0,"DemandMax":3,"Value":546},{"Length":87,"Height":62,"Demand":0,"DemandMax":3,"Value":10788},{"Length":17,"Height":99,"Demand":0,"DemandMax":3,"Value":5049},{"Length":50,"Height":13,"Demand":0,"DemandMax":3,"Value":650},{"Length":50,"Height":40,"Demand":0,"DemandMax":3,"Value":6000},{"Length":2,"Height":49,"Demand":0,"DemandMax":3,"Value":98},{"Length":13,"Height":76,"Demand":0,"DemandMax":3,"Value":988},{"Length":9,"Height":8,"Demand":0,"DemandMax":3,"Value":144},{"Length":68,"Height":63,"Demand":0,"DemandMax":3,"Value":8568},{"Length":20,"Height":87,"Demand":0,"DemandMax":3,"Value":1740},{"Length":17,"Height":87,"Demand":0,"DemandMax":3,"Value":1479},{"Length":27,"Height":49,"Demand":0,"DemandMax":3,"Value":3969},{"Length":4,"Height":99,"Demand":0,"DemandMax":3,"Value":1188},{"Length":43,"Height":29,"Demand":0,"DemandMax":3,"Value":2494},{"Length":92,"Height":28,"Demand":0,"DemandMax":3,"Value":7728},{"Length":41,"Height":10,"Demand":0,"DemandMax":3,"Value":820},{"Length":20,"Height":16,"Demand":0,"DemandMax":3,"Value":640},{"Length":84,"Height":34,"Demand":0,"DemandMax":3,"Value":2856},{"Length":78,"Height":86,"Demand":0,"DemandMax":3,"Value":20124},{"Length":94,"Height":39,"Demand":0,"DemandMax":3,"Value":10998},{"Length":27,"Height":20,"Demand":0,"DemandMax":3,"Value":540},{"Length":72,"Height":64,"Demand":0,"DemandMax":3,"Value":9216},{"Length":24,"Height":10,"Demand":0,"DemandMax":3,"Value":480},{"Length":25,"Height":11,"Demand":0,"DemandMax":3,"Value":550},{"Length":95,"Height":8,"Demand":0,"DemandMax":3,"Value":760},{"Length":9,"Height":14,"Demand":0,"DemandMax":3,"Value":378},{"Length":90,"Height":6,"Demand":0,"DemandMax":3,"Value":1620},{"Length":41,"Height":43,"Demand":0,"DemandMax":3,"Value":5289},{"Length":39,"Height":92,"Demand":0,"DemandMax":3,"Value":10764},{"Length":6,"Height":39,"Demand":0,"DemandMax":3,"Value":702},{"Length":16,"Height":15,"Demand":0,"DemandMax":3,"Value":720},{"Length":13,"Height":88,"Demand":0,"DemandMax":3,"Value":1144},{"Length":13,"Height":85,"Demand":0,"DemandMax":3,"Value":2210},{"Length":52,"Height":95,"Demand":0,"DemandMax":3,"Value":14820},{"Length":2,"Height":80,"Demand":0,"DemandMax":3,"Value":320},{"Length":99,"Height":65,"Demand":0,"DemandMax":3,"Value":12870},{"Length":16,"Height":2,"Demand":0,"DemandMax":3,"Value":32},{"Length":30,"Height":91,"Demand":0,"DemandMax":3,"Value":2730},{"Length":46,"Height":10,"Demand":0,"DemandMax":3,"Value":460},{"Length":16,"Height":91,"Demand":0,"DemandMax":3,"Value":1456},{"Length":3,"Height":46,"Demand":0,"DemandMax":3,"Value":138},{"Length":31,"Height":10,"Demand":0,"DemandMax":3,"Value":930},{"Length":7,"Height":94,"Demand":0,"DemandMax":3,"Value":1316},{"Length":46,"Height":14,"Demand":0,"DemandMax":3,"Value":1932},{"Length":26,"Height":13,"Demand":0,"DemandMax":3,"Value":338},{"Length":53,"Height":86,"Demand":0,"DemandMax":3,"Value":13674},{"Length":28,"Height":39,"Demand":0,"DemandMax":3,"Value":1092},{"Length":36,"Height":48,"Demand":0,"DemandMax":3,"Value":3456},{"Length":4,"Height":24,"Demand":0,"DemandMax":3,"Value":96},{"Length":89,"Height":13,"Demand":0,"DemandMax":3,"Value":2314},{"Length":2,"Height":17,"Demand":0,"DemandMax":3,"Value":68},{"Length":60,"Height":61,"Demand":0,"DemandMax":3,"Value":3660},{"Length":41,"Height":49,"Demand":0,"DemandMax":3,"Value":6027},{"Length":13,"Height":13,"Demand":0,"DemandMax":3,"Value":169},{"Length":68,"Height":51,"Demand":0,"DemandMax":3,"Value":6936},{"Length":45,"Height":12,"Demand":0,"DemandMax":3,"Value":540},{"Length":7,"Height":2,"Demand":0,"DemandMax":3,"Value":28},{"Length":32,"Height":13,"Demand":0,"DemandMax":3,"Value":416},{"Length":43,"Height":40,"Demand":0,"DemandMax":3,"Value":3440},{"Length":36,"Height":50,"Demand":0,"DemandMax":3,"Value":1800},{"Length":23,"Height":40,"Demand":0,"DemandMax":3,"Value":920},{"Length":43,"Height":27,"Demand":0,"DemandMax":3,"Value":1161},{"Length":40,"Height":82,"Demand":0,"DemandMax":3,"Value":9840},{"Length":25,"Height":100,"Demand":0,"DemandMax":3,"Value":2500},{"Length":98,"Height":31,"Demand":0,"DemandMax":3,"Value":6076},{"Length":98,"Height":86,"Demand":0,"DemandMax":3,"Value":16856},{"Length":21,"Height":37,"Demand":0,"DemandMax":3,"Value":2331},{"Length":2,"Height":87,"Demand":0,"DemandMax":3,"Value":174},{"Length":27,"Height":50,"Demand":0,"DemandMax":3,"Value":4050},{"Length":82,"Height":16,"Demand":0,"DemandMax":3,"Value":3936},{"Length":98,"Height":50,"Demand":0,"DemandMax":3,"Value":4900},{"Length":22,"Height":18,"Demand":0,"DemandMax":3,"Value":1188},{"Length":42,"Height":17,"Demand":0,"DemandMax":3,"Value":2142},{"Length":8,"Height":10,"Demand":0,"DemandMax":3,"Value":80},{"Length":42,"Height":48,"Demand":0,"DemandMax":3,"Value":6048},{"Length":16,"Height":38,"Demand":0,"DemandMax":3,"Value":1216},{"Length":42,"Height":98,"Demand":0,"DemandMax":3,"Value":8232},{"Length":89,"Height":3,"Demand":0,"DemandMax":3,"Value":534},{"Length":85,"Height":29,"Demand":0,"DemandMax":3,"Value":4930},{"Length":21,"Height":94,"Demand":0,"DemandMax":3,"Value":1974},{"Length":49,"Height":18,"Demand":0,"DemandMax":3,"Value":882},{"Length":70,"Height":90,"Demand":0,"DemandMax":3,"Value":12600},{"Length":37,"Height":13,"Demand":0,"DemandMax":3,"Value":962},{"Length":18,"Height":22,"Demand":0,"DemandMax":3,"Value":792},{"Length":20,"Height":12,"Demand":0,"DemandMax":3,"Value":720},{"Length":79,"Height":54,"Demand":0,"DemandMax":3,"Value":8532},{"Length":11,"Height":29,"Demand":0,"DemandMax":3,"Value":957},{"Length":40,"Height":37,"Demand":0,"DemandMax":3,"Value":2960},{"Length":11,"Height":28,"Demand":0,"DemandMax":3,"Value":616},{"Length":81,"Height":99,"Demand":0,"DemandMax":3,"Value":16038},{"Length":40,"Height":40,"Demand":0,"DemandMax":3,"Value":4800},{"Length":7,"Height":20,"Demand":0,"DemandMax":3,"Value":140},{"Length":93,"Height":96,"Demand":0,"DemandMax":3,"Value":8928},{"Length":63,"Height":96,"Demand":0,"DemandMax":3,"Value":18144},{"Length":10,"Height":84,"Demand":0,"DemandMax":3,"Value":1680},{"Length":44,"Height":42,"Demand":0,"DemandMax":3,"Value":3696},{"Length":18,"Height":32,"Demand":0,"DemandMax":3,"Value":1152},{"Length":17,"Height":83,"Demand":0,"DemandMax":3,"Value":4233},{"Length":21,"Height":96,"Demand":0,"DemandMax":3,"Value":4032},{"Length":43,"Height":36,"Demand":0,"DemandMax":3,"Value":4644},{"Length":77,"Height":61,"Demand":0,"DemandMax":3,"Value":14091},{"Length":8,"Height":47,"Demand":0,"DemandMax":3,"Value":752},{"Length":2,"Height":43,"Demand":0,"DemandMax":3,"Value":258},{"Length":11,"Height":50,"Demand":0,"DemandMax":3,"Value":1100},{"Length":2,"Height":10,"Demand":0,"DemandMax":3,"Value":40},{"Length":73,"Height":97,"Demand":0,"DemandMax":3,"Value":21243},{"Length":5,"Height":98,"Demand":0,"DemandMax":3,"Value":1470},{"Length":86,"Height":67,"Demand":0,"DemandMax":3,"Value":5762},{"Length":36,"Height":40,"Demand":0,"DemandMax":3,"Value":1440},{"Length":6,"Height":5,"Demand":0,"DemandMax":3,"Value":90},{"Length":15,"Height":18,"Demand":0,"DemandMax":3,"Value":270},{"Length":15,"Height":48,"Demand":0,"DemandMax":3,"Value":720},{"Length":22,"Height":11,"Demand":0,"DemandMax":3,"Value":242},{"Length":14,"Height":5,"Demand":0,"DemandMax":3,"Value":210},{"Length":49,"Height":33,"Demand":0,"DemandMax":3,"Value":1617},{"Length":83,"Height":68,"Demand":0,"DemandMax":3,"Value":16932},{"Length":91,"Height":16,"Demand":0,"DemandMax":3,"Value":2912},{"Length":86,"Height":75,"Demand":0,"DemandMax":3,"Value":6450},{"Length":60,"Height":77,"Demand":0,"DemandMax":3,"Value":13860},{"Length":38,"Height":25,"Demand":0,"DemandMax":3,"Value":2850},{"Length":88,"Height":29,"Demand":0,"DemandMax":3,"Value":2552},{"Length":21,"Height":37,"Demand":0,"DemandMax":3,"Value":777},{"Length":94,"Height":23,"Demand":0,"DemandMax":3,"Value":2162},{"Length":32,"Height":91,"Demand":0,"DemandMax":3,"Value":2912},{"Length":90,"Height":4,"Demand":0,"DemandMax":3,"Value":720},{"Length":16,"Height":39,"Demand":0,"DemandMax":3,"Value":624},{"Length":20,"Height":82,"Demand":0,"DemandMax":3,"Value":3280},{"Length":14,"Height":87,"Demand":0,"DemandMax":3,"Value":3654},{"Length":45,"Height":100,"Demand":0,"DemandMax":3,"Value":13500},{"Length":27,"Height":7,"Demand":0,"DemandMax":3,"Value":189},{"Length":45,"Height":13,"Demand":0,"DemandMax":3,"Value":1170},{"Length":2,"Height":13,"Demand":0,"DemandMax":3,"Value":26},{"Length":29,"Height":42,"Demand":0,"DemandMax":3,"Value":1218},{"Length":33,"Height":40,"Demand":0,"DemandMax":3,"Value":2640},{"Length":97,"Height":84,"Demand":0,"DemandMax":3,"Value":16296},{"Length":15,"Height":98,"Demand":0,"DemandMax":3,"Value":4410},{"Length":44,"Height":24,"Demand":0,"DemandMax":3,"Value":2112},{"Length":10,"Height":9,"Demand":0,"DemandMax":3,"Value":270},{"Length":59,"Height":69,"Demand":0,"DemandMax":3,"Value":8142},{"Length":6,"Height":37,"Demand":0,"DemandMax":3,"Value":222},{"Length":57,"Height":59,"Demand":0,"DemandMax":3,"Value":6726},{"Length":23,"Height":20,"Demand":0,"DemandMax":3,"Value":460},{"Length":6,"Height":21,"Demand":0,"DemandMax":3,"Value":252},{"Length":65,"Height":80,"Demand":0,"DemandMax":3,"Value":15600},{"Length":6,"Height":10,"Demand":0,"DemandMax":3,"Value":120},{"Length":4,"Height":44,"Demand":0,"DemandMax":3,"Value":352},{"Length":30,"Height":35,"Demand":0,"DemandMax":3,"Value":3150},{"Length":40,"Height":6,"Demand":0,"DemandMax":3,"Value":240},{"Length":46,"Height":18,"Demand":0,"DemandMax":3,"Value":2484},{"Length":50,"Height":3,"Demand":0,"DemandMax":3,"Value":150},{"Length":24,"Height":37,"Demand":0,"DemandMax":3,"Value":1776},{"Length":12,"Height":48,"Demand":0,"DemandMax":3,"Value":1728},{"Length":26,"Height":18,"Demand":0,"DemandMax":3,"Value":468},{"Length":45,"Height":33,"Demand":0,"DemandMax":3,"Value":1485},{"Length":92,"Height":80,"Demand":0,"DemandMax":3,"Value":7360},{"Length":38,"Height":97,"Demand":0,"DemandMax":3,"Value":3686},{"Length":46,"Height":14,"Demand":0,"DemandMax":3,"Value":644},{"Length":46,"Height":6,"Demand":0,"DemandMax":3,"Value":276},{"Length":81,"Height":46,"Demand":0,"DemandMax":3,"Value":7452},{"Length":3,"Height":31,"Demand":0,"DemandMax":3,"Value":186},{"Length":26,"Height":77,"Demand":0,"DemandMax":3,"Value":4004},{"Length":48,"Height":39,"Demand":0,"DemandMax":3,"Value":1872},{"Length":96,"Height":49,"Demand":0,"DemandMax":3,"Value":4704},{"Length":3,"Height":40,"Demand":0,"DemandMax":3,"Value":360},{"Length":41,"Height":13,"Demand":0,"DemandMax":3,"Value":1599},{"Length":9,"Height":5,"Demand":0,"DemandMax":3,"Value":135},{"Length":29,"Height":10,"Demand":0,"DemandMax":3,"Value":870},{"Length":5,"Height":9,"Demand":0,"DemandMax":3,"Value":135},{"Length":31,"Height":77,"Demand":0,"DemandMax":3,"Value":2387},{"Length":2,"Height":18,"Demand":0,"DemandMax":3,"Value":36},{"Length":42,"Height":93,"Demand":0,"DemandMax":3,"Value":7812},{"Length":5,"Height":84,"Demand":0,"DemandMax":3,"Value":420},{"Length":89,"Height":25,"Demand":0,"DemandMax":3,"Value":4450},{"Length":40,"Height":10,"Demand":0,"DemandMax":3,"Value":1200},{"Length":94,"Height":93,"Demand":0,"DemandMax":3,"Value":8742},{"Length":25,"Height":12,"Demand":0,"DemandMax":3,"Value":600},{"Length":11,"Height":39,"Demand":0,"DemandMax":3,"Value":429},{"Length":42,"Height":36,"Demand":0,"DemandMax":3,"Value":1512},{"Length":42,"Height":20,"Demand":0,"DemandMax":3,"Value":840},{"Length":97,"Height":66,"Demand":0,"DemandMax":3,"Value":19206},{"Length":4,"Height":5,"Demand":0,"DemandMax":3,"Value":20},{"Length":73,"Height":74,"Demand":0,"DemandMax":3,"Value":10804},{"Length":10,"Height":28,"Demand":0,"DemandMax":3,"Value":280},{"Length":37,"Height":30,"Demand":0,"DemandMax":3,"Value":2220},{"Length":48,"Height":88,"Demand":0,"DemandMax":3,"Value":8448},{"Length":13,"Height":31,"Demand":0,"DemandMax":3,"Value":403},{"Length":43,"Height":90,"Demand":0,"DemandMax":3,"Value":7740},{"Length":23,"Height":6,"Demand":0,"DemandMax":3,"Value":138},{"Length":48,"Height":11,"Demand":0,"DemandMax":3,"Value":1584},{"Length":47,"Height":13,"Demand":0,"DemandMax":3,"Value":611},{"Length":23,"Height":83,"Demand":0,"DemandMax":3,"Value":3818},{"Length":24,"Height":20,"Demand":0,"DemandMax":3,"Value":1440},{"Length":35,"Height":15,"Demand":0,"DemandMax":3,"Value":1575},{"Length":46,"Height":32,"Demand":0,"DemandMax":3,"Value":2944},{"Length":78,"Height":46,"Demand":0,"DemandMax":3,"Value":10764},{"Length":81,"Height":2,"Demand":0,"DemandMax":3,"Value":486},{"Length":23,"Height":39,"Demand":0,"DemandMax":3,"Value":897},{"Length":67,"Height":65,"Demand":0,"DemandMax":3,"Value":4355},{"Length":24,"Height":97,"Demand":0,"DemandMax":3,"Value":2328},{"Length":46,"Height":26,"Demand":0,"DemandMax":3,"Value":2392},{"Length":44,"Height":43,"Demand":0,"DemandMax":3,"Value":1892},{"Length":26,"Height":79,"Demand":0,"DemandMax":3,"Value":4108},{"Length":38,"Height":17,"Demand":0,"DemandMax":3,"Value":1938},{"Length":37,"Height":2,"Demand":0,"DemandMax":3,"Value":148},{"Length":12,"Height":6,"Demand":0,"DemandMax":3,"Value":144},{"Length":9,"Height":44,"Demand":0,"DemandMax":3,"Value":396},{"Length":12,"Height":22,"Demand":0,"DemandMax":3,"Value":792},{"Length":34,"Height":2,"Demand":0,"DemandMax":3,"Value":136},{"Length":26,"Height":48,"Demand":0,"DemandMax":3,"Value":2496},{"Length":85,"Height":22,"Demand":0,"DemandMax":3,"Value":3740},{"Length":18,"Height":49,"Demand":0,"DemandMax":3,"Value":882},{"Length":31,"Height":44,"Demand":0,"DemandMax":3,"Value":4092},{"Length":59,"Height":99,"Demand":0,"DemandMax":3,"Value":17523},{"Length":94,"Height":73,"Demand":0,"DemandMax":3,"Value":6862},{"Length":24,"Height":44,"Demand":0,"DemandMax":3,"Value":1056},{"Length":35,"Height":37,"Demand":0,"DemandMax":3,"Value":3885},{"Length":42,"Height":42,"Demand":0,"DemandMax":3,"Value":5292},{"Length":41,"Height":34,"Demand":0,"DemandMax":3,"Value":2788},{"Length":5,"Height":16,"Demand":0,"DemandMax":3,"Value":160},{"Length":8,"Height":26,"Demand":0,"DemandMax":3,"Value":208},{"Length":93,"Height":37,"Demand":0,"DemandMax":3,"Value":3441},{"Length":45,"Height":17,"Demand":0,"DemandMax":3,"Value":1530},{"Length":88,"Height":80,"Demand":0,"DemandMax":3,"Value":21120},{"Length":32,"Height":77,"Demand":0,"DemandMax":3,"Value":7392},{"Length":27,"Height":11,"Demand":0,"DemandMax":3,"Value":594},{"Length":32,"Height":18,"Demand":0,"DemandMax":3,"Value":1728},{"Length":28,"Height":27,"Demand":0,"DemandMax":3,"Value":1512},{"Length":28,"Height":49,"Demand":0,"DemandMax":3,"Value":1372},{"Length":29,"Height":33,"Demand":0,"DemandMax":3,"Value":1914},{"Length":10,"Height":32,"Demand":0,"DemandMax":3,"Value":640},{"Length":7,"Height":82,"Demand":0,"DemandMax":3,"Value":574},{"Length":72,"Height":51,"Demand":0,"DemandMax":3,"Value":7344},{"Length":40,"Height":14,"Demand":0,"DemandMax":3,"Value":1120},{"Length":31,"Height":91,"Demand":0,"DemandMax":3,"Value":5642},{"Length":31,"Height":7,"Demand":0,"DemandMax":3,"Value":217},{"Length":45,"Height":11,"Demand":0,"DemandMax":3,"Value":495},{"Length":40,"Height":2,"Demand":0,"DemandMax":3,"Value":80},{"Length":13,"Height":93,"Demand":0,"DemandMax":3,"Value":3627},{"Length":35,"Height":76,"Demand":0,"DemandMax":3,"Value":5320},{"Length":46,"Height":7,"Demand":0,"DemandMax":3,"Value":644},{"Length":30,"Height":48,"Demand":0,"DemandMax":3,"Value":1440},{"Length":50,"Height":17,"Demand":0,"DemandMax":3,"Value":2550},{"Length":44,"Height":30,"Demand":0,"DemandMax":3,"Value":1320}]}