{"Name":"ngcutfs3_2","Objects":[{"Length":100,"Height":100,"Stock":null,"Cost":10000}],"Items":[{"Length":24,"Height":34,"Demand":0,"DemandMax":1,"Value":1632},{"Length":35,"Height":30,"Demand":0,"DemandMax":1,"Value":1050},{"Length":3,"Height":46,"Demand":0,"DemandMax":1,"Value":138},{"Length":78,"Height":21,"Demand":0,"DemandMax":1,"Value":4914},{"Length":21,"Height":23,"Demand":0,"DemandMax":1,"Value":966},{"Length":19,"Height":77,"Demand":0,"DemandMax":1,"Value":2926},{"Length":10,"Height":17,"Demand":0,"DemandMax":1,"Value":170},{"Length":80,"Height":78,"Demand":0,"DemandMax":1,"Value":12480},{"Length":14,"Height":47,"Demand":0,"DemandMax":1,"Value":658},{"Length":50,"Height":41,"Demand":0,"DemandMax":1,"Value":4100},{"Length":18,"Height":20,"Demand":0,"DemandMax":1,"Value":1080},{"Length":30,"Height":44,"Demand":0,"DemandMax":1,"Value":1320},{"Length":2,"Height":14,"Demand":0,"DemandMax":1,"Value":84},{"Length":37,"Height":29,"Demand":0,"DemandMax":1,"Value":3219},{"Length":40,"Height":84,"Demand":0,"DemandMax":1,"Value":3360},{"Length":42,"Height":13,"Demand":0,"DemandMax":1,"Value":546},{"Length":24,"Height":9,"Demand":0,"DemandMax":1,"Value":432},{"Length":47,"Height":30,"Demand":0,"DemandMax":1,"Value":1410},{"Length":6,"Height":46,"Demand":0,"DemandMax":1,"Value":276},{"Length":30,"Height":98,"Demand":0,"DemandMax":1,"Value":8820},{"Length":7,"Height":5,"Demand":0,"DemandMax":1,"Value":35},{"Length":40,"Height":4,"Demand":0,"DemandMax":1,"Value":480},{"Length":38,"Height":16,"Demand":0,"DemandMax":1,"Value":608},{"Length":10,"Height":27,"Demand":0,"DemandMax":1,"Value":810},{"Length":47,"Height":14,"Demand":0,"DemandMax":1,"Value":1316},{"Length":17,"Height":33,"Demand":0,"DemandMax":1,"Value":1122},{"Length":26,"Height":28,"Demand":0,"DemandMax":1,"Value":2184},{"Length":14,"Height":42,"Demand":0,"DemandMax":1,"Value":1176},{"Length":36,"Height":27,"Demand":0,"DemandMax":1,"Value":2916},{"Length":46,"Height":7,"Demand":0,"DemandMax":1,"Value":322},{"Length":32,"Height":47,"Demand":0,"DemandMax":1,"Value":4512},{"Length":13,"Height":81,"Demand":0,"DemandMax":1,"Value":2106},{"Length":32,"Height":3,"Demand":0,"DemandMax":1,"Value":96},{"Length":63,"Height":95,"Demand":0,"DemandMax":1,"Value":11970},{"Length":40,"Height":36,"Demand":0,"DemandMax":1,"Value":4320},{"Length":21,"Height":42,"Demand":0,"DemandMax":1,"Value":1764},{"Length":81,"Height":65,"Demand":0,"DemandMax":1,"Value":10530},{"Length":37,"Height":46,"Demand":0,"DemandMax":1,"Value":5106},{"Length":4,"Height":25,"Demand":0,"DemandMax":1,"Value":100},{"Length":9,"Height":18,"Demand":0,"DemandMax":1,"Value":162}]}