{"Name":"ngcutfs1_193","Objects":[{"Length":100,"Height":100,"Stock":null,"Cost":10000}],"Items":[{"Length":64,"Height":62,"Demand":0,"DemandMax":3,"Value":3968},{"Length":24,"Height":40,"Demand":0,"DemandMax":3,"Value":1920},{"Length":44,"Height":34,"Demand":0,"DemandMax":3,"Value":1496},{"Length":88,"Height":78,"Demand":0,"DemandMax":3,"Value":20592},{"Length":35,"Height":99,"Demand":0,"DemandMax":3,"Value":6930},{"Length":93,"Height":17,"Demand":0,"DemandMax":3,"Value":3162},{"Length":99,"Height":94,"Demand":0,"DemandMax":3,"Value":9306},{"Length":6,"Height":22,"Demand":0,"DemandMax":3,"Value":396},{"Length":92,"Height":18,"Demand":0,"DemandMax":3,"Value":4968},{"Length":34,"Height":47,"Demand":0,"DemandMax":3,"Value":3196},{"Length":87,"Height":6,"Demand":0,"DemandMax":3,"Value":522},{"Length":81,"Height":62,"Demand":0,"DemandMax":3,"Value":15066},{"Length":47,"Height":45,"Demand":0,"DemandMax":3,"Value":6345},{"Length":28,"Height":33,"Demand":0,"DemandMax":3,"Value":924},{"Length":41,"Height":41,"Demand":0,"DemandMax":3,"Value":1681},{"Length":42,"Height":15,"Demand":0,"DemandMax":3,"Value":1260},{"Length":38,"Height":91,"Demand":0,"DemandMax":6,"Value":10374},{"Length":86,"Height":40,"Demand":0,"DemandMax":3,"Value":6880},{"Length":45,"Height":84,"Demand":0,"DemandMax":3,"Value":3780},{"Length":90,"Height":13,"Demand":0,"DemandMax":6,"Value":2340},{"Length":77,"Height":39,"Demand":0,"DemandMax":3,"Value":3003},{"Length":68,"Height":88,"Demand":0,"DemandMax":3,"Value":11968},{"Length":90,"Height":15,"Demand":0,"DemandMax":3,"Value":4050},{"Length":15,"Height":88,"Demand":0,"DemandMax":3,"Value":3960},{"Length":79,"Height":49,"Demand":0,"DemandMax":3,"Value":3871},{"Length":21,"Height":99,"Demand":0,"DemandMax":3,"Value":6237},{"Length":16,"Height":46,"Demand":0,"DemandMax":6,"Value":1472},{"Length":47,"Height":30,"Demand":0,"DemandMax":3,"Value":1410},{"Length":67,"Height":91,"Demand":0,"DemandMax":3,"Value":12194},{"Length":39,"Height":22,"Demand":0,"DemandMax":3,"Value":2574},{"Length":95,"Height":61,"Demand":0,"DemandMax":3,"Value":5795},{"Length":20,"Height":38,"Demand":0,"DemandMax":3,"Value":760},{"Length":65,"Height":98,"Demand":0,"DemandMax":3,"Value":19110},{"Length":39,"Height":44,"Demand":0,"DemandMax":3,"Value":1716},{"Length":46,"Height":45,"Demand":0,"DemandMax":3,"Value":2070},{"Length":34,"Height":85,"Demand":0,"DemandMax":3,"Value":2890},{"Length":43,"Height":35,"Demand":0,"DemandMax":3,"Value":3010},{"Length":78,"Height":47,"Demand":0,"DemandMax":3,"Value":7332},{"Length":6,"Height":94,"Demand":0,"DemandMax":3,"Value":564},{"Length":95,"Height":60,"Demand":0,"DemandMax":3,"Value":5700},{"Length":15,"Height":39,"Demand":0,"DemandMax":3,"Value":585},{"Length":9,"Height":91,"Demand":0,"DemandMax":3,"Value":819},{"Length":45,"Height":8,"Demand":0,"DemandMax":3,"Value":1080},{"Length":88,"Height":4,"Demand":0,"DemandMax":3,"Value":704},{"Length":97,"Height":4,"Demand":0,"DemandMax":3,"Value":388},{"Length":89,"Height":39,"Demand":0,"DemandMax":3,"Value":3471},{"Length":89,"Height":45,"Demand":0,"DemandMax":3,"Value":12015},{"Length":92,"Height":5,"Demand":0,"DemandMax":3,"Value":920},{"Length":2,"Height":23,"Demand":0,"DemandMax":3,"Value":138},{"Length":61,"Height":77,"Demand":0,"DemandMax":3,"Value":9394},{"Length":94,"Height":33,"Demand":0,"DemandMax":3,"Value":3102},{"Length":17,"Height":2,"Demand":0,"DemandMax":3,"Value":68},{"Length":48,"Height":45,"Demand":0,"DemandMax":6,"Value":4320},{"Length":95,"Height":39,"Demand":0,"DemandMax":3,"Value":7410},{"Length":82,"Height":55,"Demand":0,"DemandMax":3,"Value":13530},{"Length":89,"Height":85,"Demand":0,"DemandMax":3,"Value":15130},{"Length":16,"Height":8,"Demand":0,"DemandMax":3,"Value":256},{"Length":14,"Height":22,"Demand":0,"DemandMax":3,"Value":924},{"Length":50,"Height":98,"Demand":0,"DemandMax":3,"Value":9800},{"Length":10,"Height":11,"Demand":0,"DemandMax":3,"Value":110},{"Length":57,"Height":88,"Demand":0,"DemandMax":3,"Value":5016},{"Length":99,"Height":23,"Demand":0,"DemandMax":6,"Value":4554},{"Length":50,"Height":90,"Demand":0,"DemandMax":3,"Value":9000},{"Length":74,"Height":76,"Demand":0,"DemandMax":3,"Value":11248},{"Length":17,"Height":35,"Demand":0,"DemandMax":3,"Value":1190},{"Length":31,"Height":30,"Demand":0,"DemandMax":3,"Value":2790},{"Length":72,"Height":74,"Demand":0,"DemandMax":3,"Value":10656},{"Length":37,"Height":81,"Demand":0,"DemandMax":3,"Value":2997},{"Length":41,"Height":79,"Demand":0,"DemandMax":3,"Value":9717},{"Length":4,"Height":14,"Demand":0,"DemandMax":3,"Value":56},{"Length":41,"Height":23,"Demand":0,"DemandMax":3,"Value":2829},{"Length":47,"Height":81,"Demand":0,"DemandMax":3,"Value":7614},{"Length":19,"Height":89,"Demand":0,"DemandMax":3,"Value":1691},{"Length":34,"Height":34,"Demand":0,"DemandMax":3,"Value":2312},{"Length":67,"Height":94,"Demand":0,"DemandMax":3,"Value":12596},{"Length":89,"Height":73,"Demand":0,"DemandMax":3,"Value":19491},{"Length":39,"Height":16,"Demand":0,"DemandMax":3,"Value":1248},{"Length":83,"Height":2,"Demand":0,"DemandMax":3,"Value":332},{"Length":19,"Height":34,"Demand":0,"DemandMax":3,"Value":1292},{"Length":9,"Height":76,"Demand":0,"DemandMax":3,"Value":1368},{"Length":78,"Height":46,"Demand":0,"DemandMax":3,"Value":3588},{"Length":32,"Height":19,"Demand":0,"DemandMax":3,"Value":608},{"Length":5,"Height":49,"Demand":0,"DemandMax":3,"Value":490},{"Length":79,"Height":40,"Demand":0,"DemandMax":3,"Value":9480},{"Length":94,"Height":18,"Demand":0,"DemandMax":3,"Value":3384},{"Length":98,"Height":43,"Demand":0,"DemandMax":3,"Value":8428},{"Length":81,"Height":13,"Demand":0,"DemandMax":3,"Value":3159},{"Length":80,"Height":18,"Demand":0,"DemandMax":3,"Value":2880},{"Length":86,"Height":5,"Demand":0,"DemandMax":3,"Value":1290},{"Length":48,"Height":100,"Demand":0,"DemandMax":3,"Value":9600},{"Length":23,"Height":19,"Demand":0,"DemandMax":3,"Value":874},{"Length":90,"Height":32,"Demand":0,"DemandMax":3,"Value":5760},{"Length":47,"Height":93,"Demand":0,"DemandMax":3,"Value":13113},{"Length":100,"Height":3,"Demand":0,"DemandMax":3,"Value":600},{"Length":96,"Height":92,"Demand":0,"DemandMax":3,"Value":26496},{"Length":84,"Height":41,"Demand":0,"DemandMax":3,"Value":3444},{"Length":87,"Height":36,"Demand":0,"DemandMax":3,"Value":9396},{"Length":14,"Height":21,"Demand":0,"DemandMax":3,"Value":588},{"Length":91,"Height":24,"Demand":0,"DemandMax":3,"Value":2184},{"Length":80,"Height":4,"Demand":0,"DemandMax":3,"Value":320},{"Length":20,"Height":39,"Demand":0,"DemandMax":3,"Value":1560},{"Length":78,"Height":41,"Demand":0,"DemandMax":3,"Value":6396},{"Length":43,"Height":100,"Demand":0,"DemandMax":3,"Value":4300},{"Length":30,"Height":94,"Demand":0,"DemandMax":3,"Value":8460},{"Length":53,"Height":53,"Demand":0,"DemandMax":3,"Value":2809},{"Length":86,"Height":14,"Demand":0,"DemandMax":3,"Value":2408},{"Length":15,"Height":44,"Demand":0,"DemandMax":3,"Value":1320},{"Length":34,"Height":78,"Demand":0,"DemandMax":6,"Value":2652},{"Length":48,"Height":100,"Demand":0,"DemandMax":3,"Value":4800},{"Length":14,"Height":48,"Demand":0,"DemandMax":3,"Value":2016},{"Length":74,"Height":91,"Demand":0,"DemandMax":3,"Value":13468},{"Length":21,"Height":19,"Demand":0,"DemandMax":3,"Value":399},{"Length":91,"Height":10,"Demand":0,"DemandMax":3,"Value":910},{"Length":84,"Height":44,"Demand":0,"DemandMax":3,"Value":11088},{"Length":2,"Height":89,"Demand":0,"DemandMax":3,"Value":178},{"Length":5,"Height":46,"Demand":0,"DemandMax":3,"Value":230},{"Length":71,"Height":96,"Demand":0,"DemandMax":3,"Value":6816},{"Length":20,"Height":16,"Demand":0,"DemandMax":3,"Value":960},{"Length":76,"Height":17,"Demand":0,"DemandMax":3,"Value":2584},{"Length":89,"Height":92,"Demand":0,"DemandMax":3,"Value":24564},{"Length":23,"Height":40,"Demand":0,"DemandMax":3,"Value":1840},{"Length":34,"Height":35,"Demand":0,"DemandMax":3,"Value":1190},{"Length":89,"Height":2,"Demand":0,"DemandMax":3,"Value":356},{"Length":24,"Height":15,"Demand":0,"DemandMax":3,"Value":1080},{"Length":77,"Height":44,"Demand":0,"DemandMax":3,"Value":6776},{"Length":92,"Height":67,"Demand":0,"DemandMax":6,"Value":6164},{"Length":39,"Height":86,"Demand":0,"DemandMax":6,"Value":10062},{"Length":79,"Height":61,"Demand":0,"DemandMax":3,"Value":4819},{"Length":58,"Height":76,"Demand":0,"DemandMax":3,"Value":8816},{"Length":27,"Height":91,"Demand":0,"DemandMax":3,"Value":4914},{"Length":86,"Height":36,"Demand":0,"DemandMax":3,"Value":3096},{"Length":27,"Height":36,"Demand":0,"DemandMax":3,"Value":972},{"Length":83,"Height":53,"Demand":0,"DemandMax":3,"Value":4399},{"Length":6,"Height":29,"Demand":0,"DemandMax":3,"Value":522},{"Length":93,"Height":20,"Demand":0,"DemandMax":3,"Value":1860},{"Length":91,"Height":35,"Demand":0,"DemandMax":3,"Value":9555},{"Length":46,"Height":26,"Demand":0,"DemandMax":3,"Value":1196},{"Length":23,"Height":26,"Demand":0,"DemandMax":3,"Value":1196},{"Length":36,"Height":76,"Demand":0,"DemandMax":3,"Value":2736},{"Length":40,"Height":3,"Demand":0,"DemandMax":3,"Value":360},{"Length":17,"Height":42,"Demand":0,"DemandMax":3,"Value":1428},{"Length":96,"Height":93,"Demand":0,"DemandMax":3,"Value":17856},{"Length":5,"Height":35,"Demand":0,"DemandMax":3,"Value":350},{"Length":94,"Height":30,"Demand":0,"DemandMax":3,"Value":8460},{"Length":31,"Height":25,"Demand":0,"DemandMax":3,"Value":775},{"Length":49,"Height":46,"Demand":0,"DemandMax":3,"Value":4508},{"Length":52,"Height":57,"Demand":0,"DemandMax":3,"Value":5928},{"Length":20,"Height":100,"Demand":0,"DemandMax":3,"Value":6000},{"Length":44,"Height":24,"Demand":0,"DemandMax":3,"Value":3168},{"Length":95,"Height":9,"Demand":0,"DemandMax":3,"Value":2565},{"Length":34,"Height":35,"Demand":0,"DemandMax":3,"Value":2380},{"Length":47,"Height":24,"Demand":0,"DemandMax":3,"Value":2256},{"Length":98,"Height":91,"Demand":0,"DemandMax":3,"Value":8918},{"Length":33,"Height":11,"Demand":0,"DemandMax":3,"Value":363},{"Length":76,"Height":26,"Demand":0,"DemandMax":3,"Value":1976},{"Length":88,"Height":15,"Demand":0,"DemandMax":3,"Value":2640},{"Length":37,"Height":30,"Demand":0,"DemandMax":3,"Value":1110},{"Length":74,"Height":65,"Demand":0,"DemandMax":3,"Value":9620},{"Length":97,"Height":12,"Demand":0,"DemandMax":3,"Value":2328},{"Length":96,"Height":85,"Demand":0,"DemandMax":3,"Value":16320},{"Length":17,"Height":37,"Demand":0,"DemandMax":3,"Value":629},{"Length":88,"Height":27,"Demand":0,"DemandMax":3,"Value":4752},{"Length":17,"Height":20,"Demand":0,"DemandMax":3,"Value":1020},{"Length":50,"Height":50,"Demand":0,"DemandMax":3,"Value":5000},{"Length":92,"Height":58,"Demand":0,"DemandMax":3,"Value":5336},{"Length":43,"Height":93,"Demand":0,"DemandMax":3,"Value":3999},{"Length":37,"Height":3,"Demand":0,"DemandMax":3,"Value":111},{"Length":89,"Height":84,"Demand":0,"DemandMax":3,"Value":22428},{"Length":31,"Height":32,"Demand":0,"DemandMax":3,"Value":1984},{"Length":97,"Height":96,"Demand":0,"DemandMax":3,"Value":27936},{"Length":84,"Height":21,"Demand":0,"DemandMax":3,"Value":5292},{"Length":31,"Height":44,"Demand":0,"DemandMax":3,"Value":1364},{"Length":21,"Height":42,"Demand":0,"DemandMax":3,"Value":2646},{"Length":84,"Height":29,"Demand":0,"DemandMax":3,"Value":2436},{"Length":21,"Height":79,"Demand":0,"DemandMax":3,"Value":4977},{"Length":24,"Height":89,"Demand":0,"DemandMax":3,"Value":6408},{"Length":4,"Height":22,"Demand":0,"DemandMax":3,"Value":264},{"Length":77,"Height":13,"Demand":0,"DemandMax":3,"Value":1001},{"Length":66,"Height":80,"Demand":0,"DemandMax":3,"Value":5280},{"Length":99,"Height":19,"Demand":0,"DemandMax":3,"Value":3762},{"Length":40,"Height":33,"Demand":0,"DemandMax":3,"Value":2640},{"Length":20,"Height":35,"Demand":0,"DemandMax":3,"Value":700},{"Length":2,"Height":94,"Demand":0,"DemandMax":3,"Value":564},{"Length":76,"Height":87,"Demand":0,"DemandMax":3,"Value":19836},{"Length":40,"Height":22,"Demand":0,"DemandMax":3,"Value":2640},{"Length":37,"Height":50,"Demand":0,"DemandMax":3,"Value":3700},{"Length":31,"Height":85,"Demand":0,"DemandMax":3,"Value":5270},{"Length":88,"Height":75,"Demand":0,"DemandMax":3,"Value":6600},{"Length":31,"Height":85,"Demand":0,"DemandMax":3,"Value":2635},{"Length":17,"Height":41,"Demand":0,"DemandMax":3,"Value":697},{"Length":91,"Height":46,"Demand":0,"DemandMax":3,"Value":12558},{"Length":27,"Height":37,"Demand":0,"DemandMax":3,"Value":1998},{"Length":5,"Height":34,"Demand":0,"DemandMax":3,"Value":170},{"Length":8,"Height":20,"Demand":0,"DemandMax":3,"Value":480},{"Length":86,"Height":92,"Demand":0,"DemandMax":3,"Value":7912},{"Length":15,"Height":26,"Demand":0,"DemandMax":3,"Value":390},{"Length":76,"Height":13,"Demand":0,"DemandMax":3,"Value":2964},{"Length":81,"Height":49,"Demand":0,"DemandMax":3,"Value":7938},{"Length":16,"Height":95,"Demand":0,"DemandMax":3,"Value":3040},{"Length":92,"Height":11,"Demand":0,"DemandMax":3,"Value":1012},{"Length":79,"Height":95,"Demand":0,"DemandMax":3,"Value":15010},{"Length":83,"Height":13,"Demand":0,"DemandMax":3,"Value":2158},{"Length":5,"Height":20,"Demand":0,"DemandMax":3,"Value":200},{"Length":21,"Height":95,"Demand":0,"DemandMax":3,"Value":1995},{"Length":2,"Height":33,"Demand":0,"DemandMax":3,"Value":198},{"Length":33,"Height":100,"Demand":0,"DemandMax":3,"Value":3300},{"Length":83,"Height":55,"Demand":0,"DemandMax":3,"Value":13695},{"Length":39,"Height":81,"Demand":0,"DemandMax":3,"Value":9477},{"Length":7,"Height":45,"Demand":0,"DemandMax":3,"Value":315},{"Length":78,"Height":36,"Demand":0,"DemandMax":3,"Value":8424},{"Length":68,"Height":79,"Demand":0,"DemandMax":3,"Value":5372},{"Length":6,"Height":37,"Demand":0,"DemandMax":3,"Value":444},{"Length":69,"Height":78,"Demand":0,"DemandMax":3,"Value":10764},{"Length":5,"Height":5,"Demand":0,"DemandMax":3,"Value":50},{"Length":9,"Height":38,"Demand":0,"DemandMax":3,"Value":1026},{"Length":96,"Height":39,"Demand":0,"DemandMax":3,"Value":7488},{"Length":45,"Height":48,"Demand":0,"DemandMax":3,"Value":6480},{"Length":37,"Height":79,"Demand":0,"DemandMax":3,"Value":5846},{"Length":92,"Height":79,"Demand":0,"DemandMax":3,"Value":7268},{"Length":36,"Height":49,"Demand":0,"DemandMax":3,"Value":3528},{"Length":31,"Height":28,"Demand":0,"DemandMax":3,"Value":2604},{"Length":31,"Height":100,"Demand":0,"DemandMax":3,"Value":9300},{"Length":57,"Height":78,"Demand":0,"DemandMax":3,"Value":4446},{"Length":41,"Height":25,"Demand":0,"DemandMax":3,"Value":2050},{"Length":82,"Height":99,"Demand":0,"DemandMax":3,"Value":8118},{"Length":18,"Height":30,"Demand":0,"DemandMax":3,"Value":1080},{"Length":37,"Height":90,"Demand":0,"DemandMax":3,"Value":6660},{"Length":18,"Height":98,"Demand":0,"DemandMax":6,"Value":3528},{"Length":32,"Height":9,"Demand":0,"DemandMax":3,"Value":288},{"Length":28,"Height":50,"Demand":0,"DemandMax":3,"Value":1400},{"Length":79,"Height":27,"Demand":0,"DemandMax":3,"Value":2133},{"Length":60,"Height":61,"Demand":0,"DemandMax":3,"Value":3660},{"Length":30,"Height":42,"Demand":0,"DemandMax":3,"Value":3780},{"Length":62,"Height":51,"Demand":0,"DemandMax":3,"Value":9486},{"Length":37,"Height":24,"Demand":0,"DemandMax":3,"Value":2664},{"Length":76,"Height":60,"Demand":0,"DemandMax":3,"Value":13680},{"Length":95,"Height":18,"Demand":0,"DemandMax":3,"Value":3420},{"Length":18,"Height":20,"Demand":0,"DemandMax":3,"Value":720},{"Length":30,"Height":77,"Demand":0,"DemandMax":3,"Value":6930},{"Length":39,"Height":95,"Demand":0,"DemandMax":3,"Value":3705},{"Length":3,"Height":85,"Demand":0,"DemandMax":3,"Value":765},{"Length":30,"Height":35,"Demand":0,"DemandMax":3,"Value":3150},{"Length":27,"Height":27,"Demand":0,"DemandMax":3,"Value":2187},{"Length":77,"Height":39,"Demand":0,"DemandMax":3,"Value":6006},{"Length":91,"Height":9,"Demand":0,"DemandMax":3,"Value":1638},{"Length":76,"Height":28,"Demand":0,"DemandMax":3,"Value":2128},{"Length":46,"Height":94,"Demand":0,"DemandMax":3,"Value":12972},{"Length":34,"Height":89,"Demand":0,"DemandMax":3,"Value":9078},{"Length":33,"Height":36,"Demand":0,"DemandMax":3,"Value":1188},{"Length":28,"Height":77,"Demand":0,"DemandMax":3,"Value":6468},{"Length":42,"Height":23,"Demand":0,"DemandMax":3,"Value":2898},{"Length":19,"Height":36,"Demand":0,"DemandMax":3,"Value":1368},{"Length":47,"Height":34,"Demand":0,"DemandMax":3,"Value":4794},{"Length":84,"Height":36,"Demand":0,"DemandMax":3,"Value":9072},{"Length":42,"Height":94,"Demand":0,"DemandMax":3,"Value":11844},{"Length":56,"Height":58,"Demand":0,"DemandMax":3,"Value":9744},{"Length":88,"Height":7,"Demand":0,"DemandMax":3,"Value":1848},{"Length":13,"Height":46,"Demand":0,"DemandMax":3,"Value":598},{"Length":49,"Height":33,"Demand":0,"DemandMax":3,"Value":1617},{"Length":8,"Height":50,"Demand":0,"DemandMax":3,"Value":1200},{"Length":35,"Height":22,"Demand":0,"DemandMax":3,"Value":2310},{"Length":93,"Height":53,"Demand":0,"DemandMax":3,"Value":4929},{"Length":67,"Height":74,"Demand":0,"DemandMax":3,"Value":9916},{"Length":29,"Height":87,"Demand":0,"DemandMax":3,"Value":7569},{"Length":52,"Height":94,"Demand":0,"DemandMax":3,"Value":9776},{"Length":29,"Height":43,"Demand":0,"DemandMax":3,"Value":1247},{"Length":76,"Height":83,"Demand":0,"DemandMax":3,"Value":12616},{"Length":90,"Height":19,"Demand":0,"DemandMax":3,"Value":1710},{"Length":27,"Height":43,"Demand":0,"DemandMax":3,"Value":2322},{"Length":96,"Height":30,"Demand":0,"DemandMax":3,"Value":8640},{"Length":4,"Height":12,"Demand":0,"DemandMax":3,"Value":96},{"Length":36,"Height":36,"Demand":0,"DemandMax":3,"Value":1296},{"Length":30,"Height":10,"Demand":0,"DemandMax":3,"Value":900},{"Length":96,"Height":43,"Demand":0,"DemandMax":3,"Value":4128},{"Length":49,"Height":24,"Demand":0,"DemandMax":3,"Value":2352},{"Length":14,"Height":40,"Demand":0,"DemandMax":3,"Value":560},{"Length":89,"Height":13,"Demand":0,"DemandMax":6,"Value":2314},{"Length":75,"Height":56,"Demand":0,"DemandMax":3,"Value":4200},{"Length":20,"Height":98,"Demand":0,"DemandMax":6,"Value":5880},{"Length":19,"Height":85,"Demand":0,"DemandMax":3,"Value":1615},{"Length":46,"Height":76,"Demand":0,"DemandMax":3,"Value":10488},{"Length":86,"Height":4,"Demand":0,"DemandMax":3,"Value":1032},{"Length":42,"Height":2,"Demand":0,"DemandMax":3,"Value":168},{"Length":14,"Height":32,"Demand":0,"DemandMax":3,"Value":1344},{"Length":84,"Height":32,"Demand":0,"DemandMax":3,"Value":2688},{"Length":99,"Height":17,"Demand":0,"DemandMax":3,"Value":3366},{"Length":34,"Height":47,"Demand":0,"DemandMax":3,"Value":1598},{"Length":16,"Height":25,"Demand":0,"DemandMax":3,"Value":400},{"Length":75,"Height":96,"Demand":0,"DemandMax":3,"Value":7200},{"Length":56,"Height":100,"Demand":0,"DemandMax":3,"Value":16800},{"Length":63,"Height":100,"Demand":0,"DemandMax":3,"Value":6300},{"Length":76,"Height":57,"Demand":0,"DemandMax":3,"Value":4332},{"Length":18,"Height":2,"Demand":0,"DemandMax":6,"Value":72},{"Length":38,"Height":95,"Demand":0,"DemandMax":3,"Value":10830},{"Length":20,"Height":100,"Demand":0,"DemandMax":3,"Value":4000},{"Length":100,"Height":36,"Demand":0,"DemandMax":3,"Value":3600},{"Length":28,"Height":85,"Demand":0,"DemandMax":3,"Value":4760},{"Length":28,"Height":9,"Demand":0,"DemandMax":3,"Value":756},{"Length":27,"Height":30,"Demand":0,"DemandMax":6,"Value":2430},{"Length":82,"Height":37,"Demand":0,"DemandMax":3,"Value":6068},{"Length":3,"Height":29,"Demand":0,"DemandMax":3,"Value":174},{"Length":10,"Height":88,"Demand":0,"DemandMax":3,"Value":1760},{"Length":98,"Height":8,"Demand":0,"DemandMax":3,"Value":784},{"Length":46,"Height":36,"Demand":0,"DemandMax":3,"Value":4968},{"Length":55,"Height":82,"Demand":0,"DemandMax":3,"Value":13530},{"Length":43,"Height":43,"Demand":0,"DemandMax":3,"Value":3698},{"Length":89,"Height":35,"Demand":0,"DemandMax":3,"Value":3115},{"Length":48,"Height":47,"Demand":0,"DemandMax":3,"Value":2256},{"Length":24,"Height":29,"Demand":0,"DemandMax":3,"Value":1392},{"Length":38,"Height":97,"Demand":0,"DemandMax":3,"Value":7372},{"Length":76,"Height":11,"Demand":0,"DemandMax":3,"Value":1672},{"Length":49,"Height":81,"Demand":0,"DemandMax":3,"Value":11907},{"Length":91,"Height":81,"Demand":0,"DemandMax":3,"Value":14742},{"Length":30,"Height":81,"Demand":0,"DemandMax":3,"Value":7290},{"Length":11,"Height":2,"Demand":0,"DemandMax":3,"Value":22},{"Length":22,"Height":79,"Demand":0,"DemandMax":3,"Value":3476},{"Length":22,"Height":18,"Demand":0,"DemandMax":3,"Value":1188},{"Length":18,"Height":33,"Demand":0,"DemandMax":3,"Value":594},{"Length":30,"Height":92,"Demand":0,"DemandMax":3,"Value":2760},{"Length":44,"Height":29,"Demand":0,"DemandMax":3,"Value":1276},{"Length":10,"Height":12,"Demand":0,"DemandMax":3,"Value":360},{"Length":74,"Height":59,"Demand":0,"DemandMax":3,"Value":8732},{"Length":28,"Height":49,"Demand":0,"DemandMax":6,"Value":4116},{"Length":5,"Height":91,"Demand":0,"DemandMax":3,"Value":1365},{"Length":69,"Height":78,"Demand":0,"DemandMax":3,"Value":16146},{"Length":88,"Height":46,"Demand":0,"DemandMax":3,"Value":8096},{"Length":94,"Height":31,"Demand":0,"DemandMax":6,"Value":5828},{"Length":42,"Height":92,"Demand":0,"DemandMax":3,"Value":3864},{"Length":53,"Height":65,"Demand":0,"DemandMax":3,"Value":3445},{"Length":69,"Height":92,"Demand":0,"DemandMax":3,"Value":12696},{"Length":29,"Height":19,"Demand":0,"DemandMax":3,"Value":551},{"Length":26,"Height":18,"Demand":0,"DemandMax":3,"Value":468},{"Length":50,"Height":5,"Demand":0,"DemandMax":3,"Value":750},{"Length":78,"Height":52,"Demand":0,"DemandMax":3,"Value":12168},{"Length":8,"Height":89,"Demand":0,"DemandMax":6,"Value":1424},{"Length":46,"Height":9,"Demand":0,"DemandMax":6,"Value":1242},{"Length":82,"Height":95,"Demand":0,"DemandMax":3,"Value":23370},{"Length":90,"Height":36,"Demand":0,"DemandMax":3,"Value":3240},{"Length":92,"Height":47,"Demand":0,"DemandMax":3,"Value":4324},{"Length":67,"Height":71,"Demand":0,"DemandMax":3,"Value":4757},{"Length":7,"Height":46,"Demand":0,"DemandMax":3,"Value":322},{"Length":4,"Height":18,"Demand":0,"DemandMax":3,"Value":72},{"Length":99,"Height":49,"Demand":0,"DemandMax":3,"Value":14553},{"Length":84,"Height":31,"Demand":0,"DemandMax":3,"Value":2604},{"Length":6,"Height":49,"Demand":0,"DemandMax":3,"Value":294},{"Length":84,"Height":6,"Demand":0,"DemandMax":3,"Value":1512},{"Length":5,"Height":92,"Demand":0,"DemandMax":3,"Value":920},{"Length":94,"Height":86,"Demand":0,"DemandMax":3,"Value":16168},{"Length":29,"Height":9,"Demand":0,"DemandMax":3,"Value":783},{"Length":30,"Height":79,"Demand":0,"DemandMax":3,"Value":7110},{"Length":20,"Height":48,"Demand":0,"DemandMax":3,"Value":2880},{"Length":33,"Height":50,"Demand":0,"DemandMax":3,"Value":1650},{"Length":48,"Height":43,"Demand":0,"DemandMax":3,"Value":2064},{"Length":3,"Height":21,"Demand":0,"DemandMax":3,"Value":189},{"Length":13,"Height":92,"Demand":0,"DemandMax":3,"Value":3588},{"Length":79,"Height":24,"Demand":0,"DemandMax":3,"Value":1896},{"Length":37,"Height":5,"Demand":0,"DemandMax":3,"Value":370},{"Length":89,"Height":11,"Demand":0,"DemandMax":3,"Value":979},{"Length":64,"Height":95,"Demand":0,"DemandMax":3,"Value":6080},{"Length":25,"Height":22,"Demand":0,"DemandMax":3,"Value":1100},{"Length":71,"Height":73,"Demand":0,"DemandMax":3,"Value":10366},{"Length":6,"Height":6,"Demand":0,"DemandMax":3,"Value":72},{"Length":27,"Height":95,"Demand":0,"DemandMax":3,"Value":7695},{"Length":59,"Height":77,"Demand":0,"DemandMax":3,"Value":9086},{"Length":13,"Height":81,"Demand":0,"DemandMax":3,"Value":2106},{"Length":23,"Height":12,"Demand":0,"DemandMax":3,"Value":552},{"Length":86,"Height":9,"Demand":0,"DemandMax":3,"Value":774},{"Length":5,"Height":87,"Demand":0,"DemandMax":3,"Value":1305},{"Length":48,"Height":38,"Demand":0,"DemandMax":3,"Value":5472},{"Length":87,"Height":23,"Demand":0,"DemandMax":3,"Value":2001},{"Length":100,"Height":39,"Demand":0,"DemandMax":3,"Value":11700},{"Length":84,"Height":86,"Demand":0,"DemandMax":3,"Value":14448},{"Length":78,"Height":12,"Demand":0,"DemandMax":3,"Value":1872},{"Length":100,"Height":47,"Demand":0,"DemandMax":3,"Value":9400},{"Length":22,"Height":9,"Demand":0,"DemandMax":3,"Value":594},{"Length":20,"Height":45,"Demand":0,"DemandMax":3,"Value":1800},{"Length":96,"Height":50,"Demand":0,"DemandMax":3,"Value":9600},{"Length":25,"Height":49,"Demand":0,"DemandMax":3,"Value":2450},{"Length":43,"Height":31,"Demand":0,"DemandMax":3,"Value":3999},{"Length":95,"Height":55,"Demand":0,"DemandMax":3,"Value":5225},{"Length":86,"Height":44,"Demand":0,"DemandMax":3,"Value":3784},{"Length":32,"Height":41,"Demand":0,"DemandMax":3,"Value":2624},{"Length":27,"Height":6,"Demand":0,"DemandMax":6,"Value":162},{"Length":7,"Height":77,"Demand":0,"DemandMax":3,"Value":1617},{"Length":99,"Height":67,"Demand":0,"DemandMax":3,"Value":6633},{"Length":95,"Height":50,"Demand":0,"DemandMax":3,"Value":9500},{"Length":43,"Height":18,"Demand":0,"DemandMax":3,"Value":2322},{"Length":36,"Height":25,"Demand":0,"DemandMax":3,"Value":900},{"Length":87,"Height":29,"Demand":0,"DemandMax":3,"Value":7569},{"Length":47,"Height":43,"Demand":0,"DemandMax":3,"Value":6063},{"Length":3,"Height":37,"Demand":0,"DemandMax":3,"Value":111},{"Length":8,"Height":38,"Demand":0,"DemandMax":3,"Value":608},{"Length":9,"Height":18,"Demand":0,"DemandMax":3,"Value":486},{"Length":93,"Height":22,"Demand":0,"DemandMax":3,"Value":4092},{"Length":38,"Height":25,"Demand":0,"DemandMax":3,"Value":950},{"Length":29,"Height":26,"Demand":0,"DemandMax":3,"Value":1508},{"Length":22,"Height":44,"Demand":0,"DemandMax":3,"Value":1936},{"Length":18,"Height":27,"Demand":0,"DemandMax":3,"Value":972},{"Length":16,"Height":17,"Demand":0,"DemandMax":3,"Value":544},{"Length":12,"Height":12,"Demand":0,"DemandMax":3,"Value":432},{"Length":9,"Height":97,"Demand":0,"DemandMax":3,"Value":2619},{"Length":39,"Height":79,"Demand":0,"DemandMax":3,"Value":9243},{"Length":92,"Height":17,"Demand":0,"DemandMax":3,"Value":4692},{"Length":71,"Height":55,"Demand":0,"DemandMax":3,"Value":3905},{"Length":27,"Height":25,"Demand":0,"DemandMax":3,"Value":1350},{"Length":39,"Height":11,"Demand":0,"DemandMax":3,"Value":429},{"Length":57,"Height":89,"Demand":0,"DemandMax":3,"Value":10146},{"Length":100,"Height":6,"Demand":0,"DemandMax":3,"Value":1200},{"Length":91,"Height":3,"Demand":0,"DemandMax":3,"Value":546},{"Length":30,"Height":90,"Demand":0,"DemandMax":3,"Value":8100},{"Length":17,"Height":49,"Demand":0,"DemandMax":3,"Value":2499},{"Length":85,"Height":6,"Demand":0,"DemandMax":3,"Value":1020},{"Length":25,"Height":30,"Demand":0,"DemandMax":3,"Value":2250},{"Length":93,"Height":18,"Demand":0,"DemandMax":6,"Value":1674},{"Length":80,"Height":76,"Demand":0,"DemandMax":3,"Value":18240},{"Length":55,"Height":57,"Demand":0,"DemandMax":6,"Value":3135},{"Length":81,"Height":84,"Demand":0,"DemandMax":3,"Value":20412},{"Length":17,"Height":27,"Demand":0,"DemandMax":3,"Value":918},{"Length":3,"Height":34,"Demand":0,"DemandMax":3,"Value":102},{"Length":56,"Height":68,"Demand":0,"DemandMax":3,"Value":7616},{"Length":46,"Height":78,"Demand":0,"DemandMax":6,"Value":7176},{"Length":10,"Height":80,"Demand":0,"DemandMax":3,"Value":800},{"Length":77,"Height":24,"Demand":0,"DemandMax":3,"Value":5544},{"Length":34,"Height":36,"Demand":0,"DemandMax":3,"Value":2448},{"Length":50,"Height":32,"Demand":0,"DemandMax":3,"Value":1600},{"Length":4,"Height":32,"Demand":0,"DemandMax":3,"Value":256},{"Length":28,"Height":84,"Demand":0,"DemandMax":3,"Value":4704},{"Length":74,"Height":58,"Demand":0,"DemandMax":3,"Value":8584},{"Length":17,"Height":45,"Demand":0,"DemandMax":3,"Value":2295},{"Length":18,"Height":36,"Demand":0,"DemandMax":3,"Value":1944},{"Length":82,"Height":51,"Demand":0,"DemandMax":3,"Value":12546},{"Length":88,"Height":44,"Demand":0,"DemandMax":3,"Value":3872},{"Length":16,"Height":23,"Demand":0,"DemandMax":3,"Value":368},{"Length":36,"Height":28,"Demand":0,"DemandMax":3,"Value":1008},{"Length":38,"Height":30,"Demand":0,"DemandMax":3,"Value":3420},{"Length":12,"Height":6,"Demand":0,"DemandMax":3,"Value":144},{"Length":48,"Height":11,"Demand":0,"DemandMax":3,"Value":1584},{"Length":86,"Height":76,"Demand":0,"DemandMax":3,"Value":13072},{"Length":55,"Height":60,"Demand":0,"DemandMax":3,"Value":3300},{"Length":43,"Height":28,"Demand":0,"DemandMax":3,"Value":3612},{"Length":87,"Height":37,"Demand":0,"DemandMax":3,"Value":3219},{"Length":43,"Height":88,"Demand":0,"DemandMax":3,"Value":11352},{"Length":50,"Height":41,"Demand":0,"DemandMax":3,"Value":2050},{"Length":6,"Height":15,"Demand":0,"DemandMax":3,"Value":270},{"Length":41,"Height":39,"Demand":0,"DemandMax":3,"Value":4797},{"Length":27,"Height":28,"Demand":0,"DemandMax":3,"Value":1512},{"Length":41,"Height":77,"Demand":0,"DemandMax":3,"Value":6314},{"Length":94,"Height":26,"Demand":0,"DemandMax":3,"Value":2444},{"Length":30,"Height":85,"Demand":0,"DemandMax":3,"Value":2550},{"Length":61,"Height":78,"Demand":0,"DemandMax":3,"Value":9516},{"Length":31,"Height":6,"Demand":0,"DemandMax":6,"Value":186},{"Length":77,"Height":19,"Demand":0,"DemandMax":3,"Value":4389},{"Length":81,"Height":13,"Demand":0,"DemandMax":3,"Value":2106},{"Length":9,"Height":32,"Demand":0,"DemandMax":3,"Value":288},{"Length":98,"Height":16,"Demand":0,"DemandMax":3,"Value":1568},{"Length":36,"Height":3,"Demand":0,"DemandMax":3,"Value":216},{"Length":77,"Height":77,"Demand":0,"DemandMax":3,"Value":17787},{"Length":33,"Height":78,"Demand":0,"DemandMax":3,"Value":7722},{"Length":76,"Height":38,"Demand":0,"DemandMax":3,"Value":8664},{"Length":21,"Height":94,"Demand":0,"DemandMax":3,"Value":1974},{"Length":2,"Height":91,"Demand":0,"DemandMax":3,"Value":182},{"Length":100,"Height":26,"Demand":0,"DemandMax":3,"Value":2600},{"Length":29,"Height":91,"Demand":0,"DemandMax":3,"Value":5278},{"Length":76,"Height":12,"Demand":0,"DemandMax":3,"Value":1824},{"Length":47,"Height":43,"Demand":0,"DemandMax":3,"Value":4042},{"Length":21,"Height":84,"Demand":0,"DemandMax":3,"Value":5292},{"Length":7,"Height":45,"Demand":0,"DemandMax":3,"Value":630},{"Length":34,"Height":88,"Demand":0,"DemandMax":3,"Value":2992},{"Length":40,"Height":85,"Demand":0,"DemandMax":3,"Value":10200},{"Length":22,"Height":50,"Demand":0,"DemandMax":3,"Value":3300},{"Length":93,"Height":75,"Demand":0,"DemandMax":3,"Value":13950},{"Length":85,"Height":5,"Demand":0,"DemandMax":3,"Value":850},{"Length":62,"Height":93,"Demand":0,"DemandMax":3,"Value":11532},{"Length":82,"Height":81,"Demand":0,"DemandMax":3,"Value":13284},{"Length":92,"Height":34,"Demand":0,"DemandMax":3,"Value":9384},{"Length":51,"Height":70,"Demand":0,"DemandMax":3,"Value":3570},{"Length":43,"Height":23,"Demand":0,"DemandMax":3,"Value":989},{"Length":25,"Height":77,"Demand":0,"DemandMax":3,"Value":5775},{"Length":47,"Height":24,"Demand":0,"DemandMax":3,"Value":3384},{"Length":28,"Height":20,"Demand":0,"DemandMax":3,"Value":560},{"Length":41,"Height":40,"Demand":0,"DemandMax":3,"Value":1640},{"Length":5,"Height":77,"Demand":0,"DemandMax":3,"Value":385},{"Length":85,"Height":27,"Demand":0,"DemandMax":3,"Value":6885},{"Length":57,"Height":70,"Demand":0,"DemandMax":3,"Value":11970},{"Length":9,"Height":19,"Demand":0,"DemandMax":3,"Value":342},{"Length":80,"Height":33,"Demand":0,"DemandMax":3,"Value":2640},{"Length":89,"Height":98,"Demand":0,"DemandMax":3,"Value":17444},{"Length":35,"Height":85,"Demand":0,"DemandMax":3,"Value":5950},{"Length":35,"Height":83,"Demand":0,"DemandMax":3,"Value":8715},{"Length":96,"Height":91,"Demand":0,"DemandMax":3,"Value":26208},{"Length":5,"Height":90,"Demand":0,"DemandMax":3,"Value":450},{"Length":24,"Height":22,"Demand":0,"DemandMax":3,"Value":1584},{"Length":38,"Height":87,"Demand":0,"DemandMax":3,"Value":6612},{"Length":80,"Height":17,"Demand":0,"DemandMax":3,"Value":4080},{"Length":84,"Height":31,"Demand":0,"DemandMax":3,"Value":7812},{"Length":98,"Height":14,"Demand":0,"DemandMax":3,"Value":1372},{"Length":32,"Height":43,"Demand":0,"DemandMax":3,"Value":1376},{"Length":80,"Height":78,"Demand":0,"DemandMax":3,"Value":12480},{"Length":57,"Height":87,"Demand":0,"DemandMax":3,"Value":9918},{"Length":87,"Height":10,"Demand":0,"DemandMax":3,"Value":2610},{"Length":97,"Height":73,"Demand":0,"DemandMax":3,"Value":21243},{"Length":30,"Height":93,"Demand":0,"DemandMax":3,"Value":8370},{"Length":81,"Height":17,"Demand":0,"DemandMax":3,"Value":1377},{"Length":45,"Height":47,"Demand":0,"DemandMax":3,"Value":6345},{"Length":82,"Height":24,"Demand":0,"DemandMax":3,"Value":1968},{"Length":35,"Height":93,"Demand":0,"DemandMax":3,"Value":9765},{"Length":2,"Height":29,"Demand":0,"DemandMax":3,"Value":58},{"Length":3,"Height":13,"Demand":0,"DemandMax":3,"Value":78},{"Length":31,"Height":5,"Demand":0,"DemandMax":3,"Value":465},{"Length":79,"Height":34,"Demand":0,"DemandMax":3,"Value":5372},{"Length":14,"Height":15,"Demand":0,"DemandMax":3,"Value":630},{"Length":32,"Height":19,"Demand":0,"DemandMax":3,"Value":1216},{"Length":77,"Height":46,"Demand":0,"DemandMax":3,"Value":10626},{"Length":78,"Height":8,"Demand":0,"DemandMax":3,"Value":624},{"Length":34,"Height":48,"Demand":0,"DemandMax":3,"Value":3264},{"Length":30,"Height":91,"Demand":0,"DemandMax":3,"Value":5460},{"Length":31,"Height":14,"Demand":0,"DemandMax":3,"Value":434},{"Length":42,"Height":78,"Demand":0,"DemandMax":3,"Value":9828},{"Length":78,"Height":17,"Demand":0,"DemandMax":3,"Value":3978},{"Length":87,"Height":28,"Demand":0,"DemandMax":3,"Value":4872},{"Length":15,"Height":37,"Demand":0,"DemandMax":3,"Value":1665},{"Length":20,"Height":21,"Demand":0,"DemandMax":3,"Value":420},{"Length":37,"Height":36,"Demand":0,"DemandMax":3,"Value":3996},{"Length":70,"Height":95,"Demand":0,"DemandMax":3,"Value":19950},{"Length":63,"Height":79,"Demand":0,"DemandMax":3,"Value":9954},{"Length":17,"Height":90,"Demand":0,"DemandMax":3,"Value":1530},{"Length":93,"Height":24,"Demand":0,"DemandMax":3,"Value":4464},{"Length":100,"Height":33,"Demand":0,"DemandMax":3,"Value":9900},{"Length":71,"Height":92,"Demand":0,"DemandMax":3,"Value":19596},{"Length":28,"Height":12,"Demand":0,"DemandMax":3,"Value":336},{"Length":91,"Height":60,"Demand":0,"DemandMax":3,"Value":16380},{"Length":95,"Height":40,"Demand":0,"DemandMax":3,"Value":3800},{"Length":9,"Height":34,"Demand":0,"DemandMax":3,"Value":612},{"Length":73,"Height":52,"Demand":0,"DemandMax":3,"Value":11388},{"Length":9,"Height":14,"Demand":0,"DemandMax":3,"Value":378},{"Length":41,"Height":76,"Demand":0,"DemandMax":3,"Value":9348},{"Length":4,"Height":35,"Demand":0,"DemandMax":3,"Value":140},{"Length":32,"Height":43,"Demand":0,"DemandMax":3,"Value":2752},{"Length":80,"Height":20,"Demand":0,"DemandMax":3,"Value":4800},{"Length":13,"Height":19,"Demand":0,"DemandMax":3,"Value":741},{"Length":91,"Height":33,"Demand":0,"DemandMax":3,"Value":9009},{"Length":71,"Height":93,"Demand":0,"DemandMax":3,"Value":6603},{"Length":100,"Height":89,"Demand":0,"DemandMax":3,"Value":26700},{"Length":100,"Height":37,"Demand":0,"DemandMax":3,"Value":7400},{"Length":80,"Height":39,"Demand":0,"DemandMax":3,"Value":9360},{"Length":90,"Height":24,"Demand":0,"DemandMax":3,"Value":6480},{"Length":76,"Height":82,"Demand":0,"DemandMax":3,"Value":6232},{"Length":80,"Height":73,"Demand":0,"DemandMax":6,"Value":11680},{"Length":86,"Height":30,"Demand":0,"DemandMax":3,"Value":7740},{"Length":27,"Height":32,"Demand":0,"DemandMax":3,"Value":864},{"Length":43,"Height":41,"Demand":0,"DemandMax":3,"Value":1763},{"Length":43,"Height":82,"Demand":0,"DemandMax":3,"Value":10578},{"Length":91,"Height":21,"Demand":0,"DemandMax":3,"Value":5733},{"Length":95,"Height":68,"Demand":0,"DemandMax":3,"Value":12920},{"Length":86,"Height":26,"Demand":0,"DemandMax":3,"Value":4472},{"Length":100,"Height":48,"Demand":0,"DemandMax":3,"Value":14400},{"Length":42,"Height":36,"Demand":0,"DemandMax":3,"Value":1512},{"Length":34,"Height":89,"Demand":0,"DemandMax":3,"Value":3026},{"Length":37,"Height":3,"Demand":0,"DemandMax":3,"Value":333},{"Length":27,"Height":32,"Demand":0,"DemandMax":6,"Value":1728},{"Length":28,"Height":32,"Demand":0,"DemandMax":3,"Value":1792},{"Length":2,"Height":40,"Demand":0,"DemandMax":3,"Value":160},{"Length":50,"Height":24,"Demand":0,"DemandMax":3,"Value":1200},{"Length":93,"Height":37,"Demand":0,"DemandMax":3,"Value":3441},{"Length":13,"Height":82,"Demand":0,"DemandMax":3,"Value":2132},{"Length":62,"Height":91,"Demand":0,"DemandMax":3,"Value":16926},{"Length":10,"Height":26,"Demand":0,"DemandMax":3,"Value":260},{"Length":40,"Height":7,"Demand":0,"DemandMax":3,"Value":560},{"Length":17,"Height":96,"Demand":0,"DemandMax":3,"Value":1632},{"Length":16,"Height":3,"Demand":0,"DemandMax":3,"Value":96},{"Length":35,"Height":90,"Demand":0,"DemandMax":3,"Value":6300},{"Length":47,"Height":11,"Demand":0,"DemandMax":3,"Value":517},{"Length":50,"Height":29,"Demand":0,"DemandMax":3,"Value":4350},{"Length":35,"Height":91,"Demand":0,"DemandMax":3,"Value":6370},{"Length":83,"Height":17,"Demand":0,"DemandMax":3,"Value":1411},{"Length":73,"Height":73,"Demand":0,"DemandMax":3,"Value":15987},{"Length":25,"Height":19,"Demand":0,"DemandMax":3,"Value":950},{"Length":27,"Height":99,"Demand":0,"DemandMax":3,"Value":2673},{"Length":33,"Height":15,"Demand":0,"DemandMax":3,"Value":1485},{"Length":94,"Height":87,"Demand":0,"DemandMax":3,"Value":8178},{"Length":97,"Height":27,"Demand":0,"DemandMax":3,"Value":5238},{"Length":100,"Height":6,"Demand":0,"DemandMax":3,"Value":1800},{"Length":23,"Height":94,"Demand":0,"DemandMax":3,"Value":6486},{"Length":95,"Height":21,"Demand":0,"DemandMax":6,"Value":1995},{"Length":29,"Height":47,"Demand":0,"DemandMax":3,"Value":1363},{"Length":77,"Height":87,"Demand":0,"DemandMax":3,"Value":6699},{"Length":45,"Height":44,"Demand":0,"DemandMax":3,"Value":1980},{"Length":12,"Height":10,"Demand":0,"DemandMax":3,"Value":120},{"Length":96,"Height":58,"Demand":0,"DemandMax":3,"Value":11136},{"Length":49,"Height":6,"Demand":0,"DemandMax":3,"Value":588},{"Length":10,"Height":9,"Demand":0,"DemandMax":3,"Value":270},{"Length":39,"Height":32,"Demand":0,"DemandMax":3,"Value":3744},{"Length":27,"Height":84,"Demand":0,"DemandMax":3,"Value":2268},{"Length":86,"Height":73,"Demand":0,"DemandMax":3,"Value":18834},{"Length":9,"Height":40,"Demand":0,"DemandMax":3,"Value":360},{"Length":20,"Height":100,"Demand":0,"DemandMax":3,"Value":2000},{"Length":78,"Height":49,"Demand":0,"DemandMax":3,"Value":7644},{"Length":97,"Height":33,"Demand":0,"DemandMax":3,"Value":9603},{"Length":20,"Height":86,"Demand":0,"DemandMax":3,"Value":1720},{"Length":55,"Height":69,"Demand":0,"DemandMax":3,"Value":7590},{"Length":21,"Height":32,"Demand":0,"DemandMax":3,"Value":1344},{"Length":72,"Height":63,"Demand":0,"DemandMax":3,"Value":9072},{"Length":39,"Height":85,"Demand":0,"DemandMax":3,"Value":6630},{"Length":16,"Height":15,"Demand":0,"DemandMax":3,"Value":240},{"Length":83,"Height":87,"Demand":0,"DemandMax":3,"Value":21663},{"Length":24,"Height":77,"Demand":0,"DemandMax":3,"Value":1848},{"Length":60,"Height":80,"Demand":0,"DemandMax":3,"Value":9600},{"Length":40,"Height":37,"Demand":0,"DemandMax":3,"Value":2960},{"Length":60,"Height":88,"Demand":0,"DemandMax":3,"Value":10560},{"Length":31,"Height":47,"Demand":0,"DemandMax":3,"Value":1457},{"Length":4,"Height":32,"Demand":0,"DemandMax":3,"Value":128},{"Length":19,"Height":93,"Demand":0,"DemandMax":3,"Value":3534},{"Length":37,"Height":30,"Demand":0,"DemandMax":3,"Value":3330},{"Length":84,"Height":4,"Demand":0,"DemandMax":3,"Value":1008},{"Length":11,"Height":86,"Demand":0,"DemandMax":3,"Value":946},{"Length":66,"Height":77,"Demand":0,"DemandMax":3,"Value":15246},{"Length":4,"Height":88,"Demand":0,"DemandMax":3,"Value":704},{"Length":91,"Height":73,"Demand":0,"DemandMax":3,"Value":13286},{"Length":64,"Height":83,"Demand":0,"DemandMax":3,"Value":15936},{"Length":5,"Height":88,"Demand":0,"DemandMax":3,"Value":1320},{"Length":92,"Height":5,"Demand":0,"DemandMax":3,"Value":460},{"Length":4,"Height":10,"Demand":0,"DemandMax":3,"Value":120},{"Length":50,"Height":10,"Demand":0,"DemandMax":3,"Value":1500},{"Length":22,"Height":41,"Demand":0,"DemandMax":3,"Value":902},{"Length":13,"Height":10,"Demand":0,"DemandMax":3,"Value":260},{"Length":93,"Height":22,"Demand":0,"DemandMax":3,"Value":6138},{"Length":13,"Height":27,"Demand":0,"DemandMax":3,"Value":1053},{"Length":46,"Height":7,"Demand":0,"DemandMax":3,"Value":966},{"Length":47,"Height":29,"Demand":0,"DemandMax":3,"Value":1363},{"Length":47,"Height":99,"Demand":0,"DemandMax":3,"Value":13959},{"Length":91,"Height":7,"Demand":0,"DemandMax":3,"Value":637},{"Length":37,"Height":88,"Demand":0,"DemandMax":3,"Value":9768},{"Length":49,"Height":9,"Demand":0,"DemandMax":3,"Value":441},{"Length":16,"Height":12,"Demand":0,"DemandMax":3,"Value":384},{"Length":44,"Height":79,"Demand":0,"DemandMax":3,"Value":6952},{"Length":97,"Height":68,"Demand":0,"DemandMax":3,"Value":19788},{"Length":96,"Height":45,"Demand":0,"DemandMax":3,"Value":4320},{"Length":77,"Height":67,"Demand":0,"DemandMax":3,"Value":15477},{"Length":87,"Height":29,"Demand":0,"DemandMax":3,"Value":5046},{"Length":92,"Height":64,"Demand":0,"DemandMax":3,"Value":17664},{"Length":97,"Height":49,"Demand":0,"DemandMax":3,"Value":4753},{"Length":65,"Height":53,"Demand":0,"DemandMax":3,"Value":10335},{"Length":40,"Height":5,"Demand":0,"DemandMax":3,"Value":600},{"Length":31,"Height":94,"Demand":0,"DemandMax":3,"Value":8742},{"Length":90,"Height":15,"Demand":0,"DemandMax":3,"Value":1350},{"Length":33,"Height":89,"Demand":0,"DemandMax":3,"Value":8811},{"Length":60,"Height":77,"Demand":0,"DemandMax":3,"Value":13860},{"Length":38,"Height":83,"Demand":0,"DemandMax":3,"Value":9462},{"Length":50,"Height":22,"Demand":0,"DemandMax":3,"Value":2200},{"Length":66,"Height":67,"Demand":0,"DemandMax":3,"Value":8844},{"Length":57,"Height":75,"Demand":0,"DemandMax":3,"Value":12825},{"Length":95,"Height":19,"Demand":0,"DemandMax":3,"Value":5415},{"Length":5,"Height":93,"Demand":0,"DemandMax":3,"Value":930},{"Length":37,"Height":6,"Demand":0,"DemandMax":3,"Value":444},{"Length":13,"Height":14,"Demand":0,"DemandMax":3,"Value":182},{"Length":11,"Height":48,"Demand":0,"DemandMax":3,"Value":1584},{"Length":35,"Height":40,"Demand":0,"DemandMax":3,"Value":1400},{"Length":29,"Height":6,"Demand":0,"DemandMax":3,"Value":174},{"Length":37,"Height":89,"Demand":0,"DemandMax":3,"Value":6586},{"Length":80,"Height":70,"Demand":0,"DemandMax":3,"Value":11200},{"Length":33,"Height":49,"Demand":0,"DemandMax":3,"Value":1617},{"Length":31,"Height":31,"Demand":0,"DemandMax":3,"Value":961},{"Length":33,"Height":3,"Demand":0,"DemandMax":3,"Value":99},{"Length":53,"Height":51,"Demand":0,"DemandMax":3,"Value":2703},{"Length":90,"Height":56,"Demand":0,"DemandMax":3,"Value":5040},{"Length":97,"Height":87,"Demand":0,"DemandMax":3,"Value":16878},{"Length":6,"Height":25,"Demand":0,"DemandMax":3,"Value":150},{"Length":32,"Height":95,"Demand":0,"DemandMax":3,"Value":3040},{"Length":29,"Height":85,"Demand":0,"DemandMax":3,"Value":2465},{"Length":12,"Height":93,"Demand":0,"DemandMax":3,"Value":1116},{"Length":20,"Height":91,"Demand":0,"DemandMax":3,"Value":5460},{"Length":76,"Height":99,"Demand":0,"DemandMax":3,"Value":22572},{"Length":12,"Height":18,"Demand":0,"DemandMax":3,"Value":432},{"Length":69,"Height":100,"Demand":0,"DemandMax":3,"Value":20700},{"Length":76,"Height":33,"Demand":0,"DemandMax":3,"Value":5016},{"Length":17,"Height":7,"Demand":0,"DemandMax":3,"Value":357},{"Length":68,"Height":89,"Demand":0,"DemandMax":3,"Value":12104},{"Length":4,"Height":43,"Demand":0,"DemandMax":3,"Value":344},{"Length":16,"Height":19,"Demand":0,"DemandMax":3,"Value":608},{"Length":78,"Height":48,"Demand":0,"DemandMax":3,"Value":7488},{"Length":98,"Height":44,"Demand":0,"DemandMax":3,"Value":12936},{"Length":97,"Height":48,"Demand":0,"DemandMax":3,"Value":13968},{"Length":33,"Height":28,"Demand":0,"DemandMax":3,"Value":924},{"Length":49,"Height":27,"Demand":0,"DemandMax":3,"Value":1323},{"Length":38,"Height":39,"Demand":0,"DemandMax":3,"Value":4446},{"Length":96,"Height":36,"Demand":0,"DemandMax":3,"Value":6912},{"Length":48,"Height":8,"Demand":0,"DemandMax":3,"Value":1152},{"Length":22,"Height":26,"Demand":0,"DemandMax":3,"Value":572},{"Length":5,"Height":45,"Demand":0,"DemandMax":3,"Value":225},{"Length":47,"Height":88,"Demand":0,"DemandMax":3,"Value":12408},{"Length":81,"Height":32,"Demand":0,"DemandMax":6,"Value":2592},{"Length":46,"Height":89,"Demand":0,"DemandMax":3,"Value":12282},{"Length":100,"Height":10,"Demand":0,"DemandMax":3,"Value":2000},{"Length":43,"Height":4,"Demand":0,"DemandMax":3,"Value":344},{"Length":14,"Height":95,"Demand":0,"DemandMax":3,"Value":1330},{"Length":9,"Height":97,"Demand":0,"DemandMax":3,"Value":1746},{"Length":7,"Height":20,"Demand":0,"DemandMax":3,"Value":140},{"Length":83,"Height":66,"Demand":0,"DemandMax":3,"Value":10956},{"Length":30,"Height":29,"Demand":0,"DemandMax":3,"Value":2610},{"Length":32,"Height":8,"Demand":0,"DemandMax":3,"Value":256},{"Length":81,"Height":33,"Demand":0,"DemandMax":3,"Value":8019},{"Length":64,"Height":95,"Demand":0,"DemandMax":3,"Value":18240},{"Length":61,"Height":97,"Demand":0,"DemandMax":3,"Value":5917},{"Length":39,"Height":3,"Demand":0,"DemandMax":3,"Value":117},{"Length":86,"Height":7,"Demand":0,"DemandMax":3,"Value":1806},{"Length":33,"Height":90,"Demand":0,"DemandMax":3,"Value":8910},{"Length":100,"Height":11,"Demand":0,"DemandMax":3,"Value":2200},{"Length":95,"Height":20,"Demand":0,"DemandMax":3,"Value":1900},{"Length":88,"Height":38,"Demand":0,"DemandMax":3,"Value":10032},{"Length":71,"Height":86,"Demand":0,"DemandMax":3,"Value":6106},{"Length":8,"Height":22,"Demand":0,"DemandMax":3,"Value":352},{"Length":95,"Height":9,"Demand":0,"DemandMax":3,"Value":855},{"Length":52,"Height":92,"Demand":0,"DemandMax":3,"Value":4784},{"Length":51,"Height":87,"Demand":0,"DemandMax":3,"Value":13311},{"Length":26,"Height":23,"Demand":0,"DemandMax":3,"Value":1196},{"Length":79,"Height":8,"Demand":0,"DemandMax":3,"Value":1896},{"Length":30,"Height":93,"Demand":0,"DemandMax":3,"Value":5580},{"Length":28,"Height":18,"Demand":0,"DemandMax":3,"Value":1512},{"Length":34,"Height":31,"Demand":0,"DemandMax":3,"Value":2108},{"Length":96,"Height":95,"Demand":0,"DemandMax":3,"Value":27360},{"Length":45,"Height":87,"Demand":0,"DemandMax":3,"Value":11745},{"Length":40,"Height":17,"Demand":0,"DemandMax":3,"Value":680},{"Length":26,"Height":7,"Demand":0,"DemandMax":3,"Value":364},{"Length":36,"Height":10,"Demand":0,"DemandMax":3,"Value":720},{"Length":61,"Height":70,"Demand":0,"DemandMax":3,"Value":12810},{"Length":50,"Height":95,"Demand":0,"DemandMax":3,"Value":9500},{"Length":30,"Height":41,"Demand":0,"DemandMax":3,"Value":2460},{"Length":43,"Height":5,"Demand":0,"DemandMax":3,"Value":215},{"Length":40,"Height":26,"Demand":0,"DemandMax":3,"Value":2080},{"Length":87,"Height":31,"Demand":0,"DemandMax":3,"Value":8091},{"Length":34,"Height":11,"Demand":0,"DemandMax":3,"Value":374},{"Length":50,"Height":47,"Demand":0,"DemandMax":3,"Value":7050},{"Length":20,"Height":43,"Demand":0,"DemandMax":3,"Value":860},{"Length":39,"Height":5,"Demand":0,"DemandMax":3,"Value":585},{"Length":2,"Height":31,"Demand":0,"DemandMax":3,"Value":62},{"Length":11,"Height":11,"Demand":0,"DemandMax":3,"Value":121},{"Length":7,"Height":87,"Demand":0,"DemandMax":3,"Value":1827},{"Length":78,"Height":66,"Demand":0,"DemandMax":3,"Value":5148},{"Length":26,"Height":16,"Demand":0,"DemandMax":3,"Value":832},{"Length":35,"Height":94,"Demand":0,"DemandMax":3,"Value":9870},{"Length":2,"Height":29,"Demand":0,"DemandMax":3,"Value":116},{"Length":2,"Height":34,"Demand":0,"DemandMax":3,"Value":204},{"Length":66,"Height":57,"Demand":0,"DemandMax":3,"Value":11286},{"Length":21,"Height":33,"Demand":0,"DemandMax":3,"Value":693},{"Length":17,"Height":12,"Demand":0,"DemandMax":3,"Value":408},{"Length":38,"Height":38,"Demand":0,"DemandMax":3,"Value":2888},{"Length":5,"Height":89,"Demand":0,"DemandMax":3,"Value":445},{"Length":45,"Height":43,"Demand":0,"DemandMax":3,"Value":5805},{"Length":36,"Height":36,"Demand":0,"DemandMax":6,"Value":3888},{"Length":50,"Height":21,"Demand":0,"DemandMax":3,"Value":1050},{"Length":35,"Height":100,"Demand":0,"DemandMax":3,"Value":3500},{"Length":3,"Height":78,"Demand":0,"DemandMax":3,"Value":468},{"Length":81,"Height":15,"Demand":0,"DemandMax":3,"Value":3645},{"Length":46,"Height":12,"Demand":0,"DemandMax":3,"Value":552},{"Length":6,"Height":40,"Demand":0,"DemandMax":3,"Value":720},{"Length":5,"Height":19,"Demand":0,"DemandMax":3,"Value":190},{"Length":99,"Height":18,"Demand":0,"DemandMax":3,"Value":1782},{"Length":4,"Height":97,"Demand":0,"DemandMax":3,"Value":388},{"Length":28,"Height":6,"Demand":0,"DemandMax":3,"Value":504},{"Length":64,"Height":59,"Demand":0,"DemandMax":3,"Value":11328},{"Length":67,"Height":54,"Demand":0,"DemandMax":3,"Value":7236},{"Length":27,"Height":37,"Demand":0,"DemandMax":3,"Value":999},{"Length":26,"Height":80,"Demand":0,"DemandMax":3,"Value":2080},{"Length":77,"Height":5,"Demand":0,"DemandMax":3,"Value":385},{"Length":75,"Height":90,"Demand":0,"DemandMax":3,"Value":13500},{"Length":40,"Height":49,"Demand":0,"DemandMax":3,"Value":5880},{"Length":33,"Height":10,"Demand":0,"DemandMax":3,"Value":660},{"Length":9,"Height":10,"Demand":0,"DemandMax":3,"Value":180},{"Length":29,"Height":25,"Demand":0,"DemandMax":3,"Value":2175},{"Length":99,"Height":38,"Demand":0,"DemandMax":3,"Value":7524},{"Length":13,"Height":12,"Demand":0,"DemandMax":3,"Value":156},{"Length":100,"Height":7,"Demand":0,"DemandMax":3,"Value":2100},{"Length":81,"Height":10,"Demand":0,"DemandMax":3,"Value":2430},{"Length":10,"Height":39,"Demand":0,"DemandMax":3,"Value":1170},{"Length":81,"Height":23,"Demand":0,"DemandMax":3,"Value":1863},{"Length":44,"Height":6,"Demand":0,"DemandMax":3,"Value":528},{"Length":38,"Height":20,"Demand":0,"DemandMax":3,"Value":1520},{"Length":2,"Height":10,"Demand":0,"DemandMax":3,"Value":40},{"Length":11,"Height":85,"Demand":0,"DemandMax":3,"Value":2805},{"Length":45,"Height":25,"Demand":0,"DemandMax":3,"Value":1125},{"Length":6,"Height":81,"Demand":0,"DemandMax":3,"Value":1458},{"Length":50,"Height":99,"Demand":0,"DemandMax":3,"Value":4950},{"Length":28,"Height":82,"Demand":0,"DemandMax":3,"Value":2296},{"Length":79,"Height":96,"Demand":0,"DemandMax":3,"Value":7584},{"Length":80,"Height":28,"Demand":0,"DemandMax":3,"Value":2240},{"Length":15,"Height":17,"Demand":0,"DemandMax":3,"Value":510},{"Length":48,"Height":22,"Demand":0,"DemandMax":3,"Value":1056},{"Length":38,"Height":93,"Demand":0,"DemandMax":3,"Value":7068},{"Length":97,"Height":46,"Demand":0,"DemandMax":3,"Value":13386},{"Length":49,"Height":47,"Demand":0,"DemandMax":3,"Value":4606},{"Length":58,"Height":85,"Demand":0,"DemandMax":3,"Value":9860},{"Length":93,"Height":78,"Demand":0,"DemandMax":3,"Value":14508},{"Length":29,"Height":33,"Demand":0,"DemandMax":3,"Value":2871},{"Length":32,"Height":45,"Demand":0,"DemandMax":3,"Value":4320},{"Length":71,"Height":72,"Demand":0,"DemandMax":3,"Value":15336},{"Length":31,"Height":17,"Demand":0,"DemandMax":3,"Value":1054},{"Length":89,"Height":64,"Demand":0,"DemandMax":3,"Value":5696},{"Length":51,"Height":90,"Demand":0,"DemandMax":3,"Value":9180},{"Length":19,"Height":19,"Demand":0,"DemandMax":3,"Value":722},{"Length":48,"Height":5,"Demand":0,"DemandMax":3,"Value":720},{"Length":96,"Height":7,"Demand":0,"DemandMax":3,"Value":1344},{"Length":26,"Height":87,"Demand":0,"DemandMax":3,"Value":2262},{"Length":99,"Height":96,"Demand":0,"DemandMax":3,"Value":9504},{"Length":90,"Height":9,"Demand":0,"DemandMax":3,"Value":810},{"Length":14,"Height":19,"Demand":0,"DemandMax":3,"Value":266},{"Length":99,"Height":7,"Demand":0,"DemandMax":3,"Value":1386},{"Length":22,"Height":37,"Demand":0,"DemandMax":3,"Value":1628},{"Length":56,"Height":84,"Demand":0,"DemandMax":3,"Value":14112},{"Length":81,"Height":67,"Demand":0,"DemandMax":3,"Value":16281},{"Length":46,"Height":49,"Demand":0,"DemandMax":3,"Value":2254},{"Length":30,"Height":89,"Demand":0,"DemandMax":3,"Value":5340},{"Length":4,"Height":97,"Demand":0,"DemandMax":3,"Value":776},{"Length":34,"Height":92,"Demand":0,"DemandMax":3,"Value":6256},{"Length":58,"Height":72,"Demand":0,"DemandMax":3,"Value":8352},{"Length":42,"Height":18,"Demand":0,"DemandMax":3,"Value":756},{"Length":91,"Height":22,"Demand":0,"DemandMax":3,"Value":4004},{"Length":48,"Height":22,"Demand":0,"DemandMax":3,"Value":3168},{"Length":84,"Height":40,"Demand":0,"DemandMax":3,"Value":10080},{"Length":8,"Height":10,"Demand":0,"DemandMax":3,"Value":160},{"Length":30,"Height":11,"Demand":0,"DemandMax":3,"Value":330},{"Length":27,"Height":41,"Demand":0,"DemandMax":3,"Value":2214},{"Length":38,"Height":25,"Demand":0,"DemandMax":3,"Value":2850},{"Length":34,"Height":47,"Demand":0,"DemandMax":3,"Value":4794},{"Length":32,"Height":80,"Demand":0,"DemandMax":3,"Value":2560},{"Length":12,"Height":31,"Demand":0,"DemandMax":3,"Value":1116},{"Length":30,"Height":16,"Demand":0,"DemandMax":3,"Value":480},{"Length":36,"Height":20,"Demand":0,"DemandMax":3,"Value":1440},{"Length":44,"Height":47,"Demand":0,"DemandMax":3,"Value":4136},{"Length":28,"Height":18,"Demand":0,"DemandMax":3,"Value":504},{"Length":91,"Height":61,"Demand":0,"DemandMax":3,"Value":5551},{"Length":46,"Height":80,"Demand":0,"DemandMax":3,"Value":11040},{"Length":97,"Height":10,"Demand":0,"DemandMax":3,"Value":970},{"Length":73,"Height":65,"Demand":0,"DemandMax":3,"Value":14235},{"Length":3,"Height":90,"Demand":0,"DemandMax":3,"Value":540},{"Length":5,"Height":46,"Demand":0,"DemandMax":3,"Value":460},{"Length":41,"Height":23,"Demand":0,"DemandMax":3,"Value":1886},{"Length":5,"Height":11,"Demand":0,"DemandMax":3,"Value":165},{"Length":12,"Height":20,"Demand":0,"DemandMax":3,"Value":720},{"Length":14,"Height":26,"Demand":0,"DemandMax":3,"Value":1092},{"Length":3,"Height":36,"Demand":0,"DemandMax":3,"Value":216},{"Length":77,"Height":57,"Demand":0,"DemandMax":3,"Value":4389},{"Length":8,"Height":37,"Demand":0,"DemandMax":3,"Value":888},{"Length":79,"Height":42,"Demand":0,"DemandMax":3,"Value":3318},{"Length":81,"Height":23,"Demand":0,"DemandMax":3,"Value":3726},{"Length":70,"Height":86,"Demand":0,"DemandMax":3,"Value":18060},{"Length":89,"Height":41,"Demand":0,"DemandMax":3,"Value":7298},{"Length":41,"Height":34,"Demand":0,"DemandMax":3,"Value":1394},{"Length":38,"Height":16,"Demand":0,"DemandMax":3,"Value":1216},{"Length":89,"Height":46,"Demand":0,"DemandMax":3,"Value":12282},{"Length":11,"Height":82,"Demand":0,"DemandMax":3,"Value":902},{"Length":52,"Height":92,"Demand":0,"DemandMax":3,"Value":14352},{"Length":10,"Height":77,"Demand":0,"DemandMax":3,"Value":2310},{"Length":51,"Height":64,"Demand":0,"DemandMax":3,"Value":3264},{"Length":85,"Height":18,"Demand":0,"DemandMax":3,"Value":1530},{"Length":81,"Height":86,"Demand":0,"DemandMax":3,"Value":20898},{"Length":35,"Height":26,"Demand":0,"DemandMax":3,"Value":2730},{"Length":13,"Height":40,"Demand":0,"DemandMax":3,"Value":1560},{"Length":80,"Height":81,"Demand":0,"DemandMax":3,"Value":12960},{"Length":23,"Height":34,"Demand":0,"DemandMax":3,"Value":782},{"Length":84,"Height":70,"Demand":0,"DemandMax":3,"Value":17640},{"Length":30,"Height":76,"Demand":0,"DemandMax":3,"Value":2280},{"Length":87,"Height":22,"Demand":0,"DemandMax":3,"Value":1914},{"Length":11,"Height":8,"Demand":0,"DemandMax":3,"Value":264},{"Length":43,"Height":84,"Demand":0,"DemandMax":3,"Value":7224},{"Length":89,"Height":42,"Demand":0,"DemandMax":3,"Value":3738},{"Length":27,"Height":76,"Demand":0,"DemandMax":3,"Value":4104},{"Length":98,"Height":72,"Demand":0,"DemandMax":3,"Value":21168},{"Length":43,"Height":10,"Demand":0,"DemandMax":3,"Value":430},{"Length":81,"Height":68,"Demand":0,"DemandMax":3,"Value":11016},{"Length":21,"Height":94,"Demand":0,"DemandMax":3,"Value":3948},{"Length":84,"Height":96,"Demand":0,"DemandMax":3,"Value":16128},{"Length":54,"Height":75,"Demand":0,"DemandMax":3,"Value":8100},{"Length":72,"Height":99,"Demand":0,"DemandMax":3,"Value":14256},{"Length":22,"Height":37,"Demand":0,"DemandMax":3,"Value":2442},{"Length":72,"Height":73,"Demand":0,"DemandMax":3,"Value":10512},{"Length":41,"Height":94,"Demand":0,"DemandMax":3,"Value":3854},{"Length":26,"Height":86,"Demand":0,"DemandMax":3,"Value":2236},{"Length":91,"Height":44,"Demand":0,"DemandMax":6,"Value":12012},{"Length":79,"Height":75,"Demand":0,"DemandMax":3,"Value":11850},{"Length":89,"Height":66,"Demand":0,"DemandMax":3,"Value":17622},{"Length":92,"Height":13,"Demand":0,"DemandMax":3,"Value":2392},{"Length":2,"Height":38,"Demand":0,"DemandMax":3,"Value":228},{"Length":45,"Height":88,"Demand":0,"DemandMax":3,"Value":3960},{"Length":14,"Height":2,"Demand":0,"DemandMax":3,"Value":56},{"Length":3,"Height":18,"Demand":0,"DemandMax":3,"Value":162},{"Length":82,"Height":80,"Demand":0,"DemandMax":3,"Value":13120},{"Length":8,"Height":30,"Demand":0,"DemandMax":3,"Value":480},{"Length":33,"Height":99,"Demand":0,"DemandMax":3,"Value":6534},{"Length":12,"Height":8,"Demand":0,"DemandMax":3,"Value":288},{"Length":53,"Height":79,"Demand":0,"DemandMax":3,"Value":12561},{"Length":41,"Height":4,"Demand":0,"DemandMax":3,"Value":492},{"Length":80,"Height":12,"Demand":0,"DemandMax":3,"Value":960},{"Length":35,"Height":50,"Demand":0,"DemandMax":3,"Value":1750},{"Length":31,"Height":46,"Demand":0,"DemandMax":3,"Value":2852},{"Length":20,"Height":94,"Demand":0,"DemandMax":3,"Value":3760},{"Length":25,"Height":7,"Demand":0,"DemandMax":3,"Value":350},{"Length":32,"Height":31,"Demand":0,"DemandMax":3,"Value":1984},{"Length":46,"Height":24,"Demand":0,"DemandMax":3,"Value":3312},{"Length":42,"Height":6,"Demand":0,"DemandMax":3,"Value":756},{"Length":62,"Height":62,"Demand":0,"DemandMax":3,"Value":7688},{"Length":92,"Height":71,"Demand":0,"DemandMax":3,"Value":6532},{"Length":42,"Height":79,"Demand":0,"DemandMax":6,"Value":9954},{"Length":90,"Height":23,"Demand":0,"DemandMax":3,"Value":4140},{"Length":85,"Height":25,"Demand":0,"DemandMax":3,"Value":4250},{"Length":58,"Height":65,"Demand":0,"DemandMax":3,"Value":3770},{"Length":6,"Height":21,"Demand":0,"DemandMax":3,"Value":378},{"Length":19,"Height":45,"Demand":0,"DemandMax":3,"Value":1710},{"Length":16,"Height":82,"Demand":0,"DemandMax":3,"Value":2624},{"Length":85,"Height":10,"Demand":0,"DemandMax":3,"Value":1700},{"Length":44,"Height":5,"Demand":0,"DemandMax":3,"Value":220},{"Length":20,"Height":21,"Demand":0,"DemandMax":3,"Value":840},{"Length":84,"Height":34,"Demand":0,"DemandMax":3,"Value":5712},{"Length":61,"Height":68,"Demand":0,"DemandMax":3,"Value":12444},{"Length":89,"Height":5,"Demand":0,"DemandMax":3,"Value":1335},{"Length":7,"Height":13,"Demand":0,"DemandMax":3,"Value":91},{"Length":38,"Height":92,"Demand":0,"DemandMax":3,"Value":3496},{"Length":77,"Height":85,"Demand":0,"DemandMax":3,"Value":6545},{"Length":49,"Height":29,"Demand":0,"DemandMax":3,"Value":4263},{"Length":68,"Height":80,"Demand":0,"DemandMax":3,"Value":16320},{"Length":53,"Height":52,"Demand":0,"DemandMax":3,"Value":8268},{"Length":78,"Height":84,"Demand":0,"DemandMax":3,"Value":6552},{"Length":38,"Height":10,"Demand":0,"DemandMax":3,"Value":760},{"Length":68,"Height":64,"Demand":0,"DemandMax":3,"Value":4352},{"Length":57,"Height":87,"Demand":0,"DemandMax":3,"Value":14877},{"Length":77,"Height":21,"Demand":0,"DemandMax":3,"Value":3234},{"Length":99,"Height":5,"Demand":0,"DemandMax":3,"Value":1485},{"Length":28,"Height":4,"Demand":0,"DemandMax":3,"Value":112},{"Length":86,"Height":54,"Demand":0,"DemandMax":3,"Value":4644},{"Length":10,"Height":96,"Demand":0,"DemandMax":3,"Value":1920},{"Length":48,"Height":98,"Demand":0,"DemandMax":3,"Value":14112},{"Length":41,"Height":5,"Demand":0,"DemandMax":3,"Value":410},{"Length":27,"Height":16,"Demand":0,"DemandMax":3,"Value":864},{"Length":12,"Height":19,"Demand":0,"DemandMax":3,"Value":684},{"Length":86,"Height":26,"Demand":0,"DemandMax":3,"Value":6708},{"Length":88,"Height":18,"Demand":0,"DemandMax":3,"Value":3168},{"Length":41,"Height":50,"Demand":0,"DemandMax":3,"Value":6150},{"Length":92,"Height":37,"Demand":0,"DemandMax":3,"Value":3404},{"Length":74,"Height":87,"Demand":0,"DemandMax":3,"Value":19314},{"Length":20,"Height":37,"Demand":0,"DemandMax":3,"Value":1480},{"Length":80,"Height":95,"Demand":0,"DemandMax":3,"Value":22800},{"Length":37,"Height":9,"Demand":0,"DemandMax":3,"Value":999},{"Length":56,"Height":67,"Demand":0,"DemandMax":3,"Value":7504},{"Length":78,"Height":49,"Demand":0,"DemandMax":3,"Value":3822},{"Length":7,"Height":31,"Demand":0,"DemandMax":3,"Value":217},{"Length":42,"Height":34,"Demand":0,"DemandMax":3,"Value":4284},{"Length":49,"Height":95,"Demand":0,"DemandMax":3,"Value":13965},{"Length":11,"Height":25,"Demand":0,"DemandMax":3,"Value":550},{"Length":23,"Height":79,"Demand":0,"DemandMax":3,"Value":1817},{"Length":26,"Height":37,"Demand":0,"DemandMax":3,"Value":962},{"Length":48,"Height":49,"Demand":0,"DemandMax":3,"Value":2352},{"Length":14,"Height":44,"Demand":0,"DemandMax":3,"Value":1232},{"Length":91,"Height":45,"Demand":0,"DemandMax":3,"Value":8190},{"Length":100,"Height":74,"Demand":0,"DemandMax":3,"Value":7400},{"Length":43,"Height":12,"Demand":0,"DemandMax":3,"Value":516},{"Length":24,"Height":2,"Demand":0,"DemandMax":3,"Value":144},{"Length":37,"Height":14,"Demand":0,"DemandMax":3,"Value":1554},{"Length":81,"Height":26,"Demand":0,"DemandMax":3,"Value":2106},{"Length":27,"Height":42,"Demand":0,"DemandMax":3,"Value":2268},{"Length":71,"Height":87,"Demand":0,"DemandMax":3,"Value":18531},{"Length":9,"Height":37,"Demand":0,"DemandMax":3,"Value":999},{"Length":100,"Height":12,"Demand":0,"DemandMax":3,"Value":2400},{"Length":84,"Height":79,"Demand":0,"DemandMax":3,"Value":6636},{"Length":90,"Height":28,"Demand":0,"DemandMax":3,"Value":5040},{"Length":2,"Height":16,"Demand":0,"DemandMax":3,"Value":64},{"Length":92,"Height":89,"Demand":0,"DemandMax":3,"Value":24564},{"Length":50,"Height":8,"Demand":0,"DemandMax":3,"Value":1200},{"Length":78,"Height":23,"Demand":0,"DemandMax":3,"Value":3588},{"Length":30,"Height":100,"Demand":0,"DemandMax":3,"Value":9000},{"Length":73,"Height":99,"Demand":0,"DemandMax":3,"Value":14454},{"Length":42,"Height":83,"Demand":0,"DemandMax":3,"Value":3486},{"Length":80,"Height":22,"Demand":0,"DemandMax":3,"Value":1760}]}