{"Name":"ngcutfs2_82","Objects":[{"Length":100,"Height":100,"Stock":null,"Cost":10000}],"Items":[{"Length":31,"Height":2,"Demand":0,"DemandMax":4,"Value":186},{"Length":15,"Height":47,"Demand":0,"DemandMax":4,"Value":2115},{"Length":79,"Height":78,"Demand":0,"DemandMax":4,"Value":18486},{"Length":37,"Height":38,"Demand":0,"DemandMax":4,"Value":1406},{"Length":9,"Height":13,"Demand":0,"DemandMax":4,"Value":234},{"Length":83,"Height":38,"Demand":0,"DemandMax":4,"Value":3154},{"Length":45,"Height":22,"Demand":0,"DemandMax":4,"Value":1980},{"Length":49,"Height":13,"Demand":0,"DemandMax":4,"Value":1274},{"Length":45,"Height":4,"Demand":0,"DemandMax":4,"Value":540},{"Length":26,"Height":11,"Demand":0,"DemandMax":4,"Value":286},{"Length":6,"Height":13,"Demand":0,"DemandMax":4,"Value":156},{"Length":85,"Height":6,"Demand":0,"DemandMax":4,"Value":1020},{"Length":78,"Height":35,"Demand":0,"DemandMax":4,"Value":5460},{"Length":23,"Height":45,"Demand":0,"DemandMax":4,"Value":1035},{"Length":89,"Height":22,"Demand":0,"DemandMax":4,"Value":3916},{"Length":12,"Height":43,"Demand":0,"DemandMax":4,"Value":1032},{"Length":2,"Height":93,"Demand":0,"DemandMax":4,"Value":558},{"Length":79,"Height":11,"Demand":0,"DemandMax":4,"Value":2607},{"Length":32,"Height":41,"Demand":0,"DemandMax":4,"Value":3936},{"Length":27,"Height":90,"Demand":0,"DemandMax":4,"Value":4860},{"Length":2,"Height":12,"Demand":0,"DemandMax":4,"Value":24},{"Length":71,"Height":56,"Demand":0,"DemandMax":4,"Value":7952},{"Length":98,"Height":77,"Demand":0,"DemandMax":4,"Value":7546},{"Length":25,"Height":47,"Demand":0,"DemandMax":4,"Value":2350},{"Length":42,"Height":28,"Demand":0,"DemandMax":4,"Value":2352},{"Length":47,"Height":7,"Demand":0,"DemandMax":4,"Value":329},{"Length":5,"Height":21,"Demand":0,"DemandMax":4,"Value":105},{"Length":88,"Height":89,"Demand":0,"DemandMax":4,"Value":15664},{"Length":3,"Height":50,"Demand":0,"DemandMax":4,"Value":450},{"Length":78,"Height":41,"Demand":0,"DemandMax":4,"Value":6396},{"Length":87,"Height":24,"Demand":0,"DemandMax":4,"Value":6264},{"Length":18,"Height":49,"Demand":0,"DemandMax":4,"Value":2646},{"Length":33,"Height":23,"Demand":0,"DemandMax":4,"Value":759},{"Length":18,"Height":80,"Demand":0,"DemandMax":4,"Value":4320},{"Length":99,"Height":50,"Demand":0,"DemandMax":4,"Value":9900},{"Length":93,"Height":45,"Demand":0,"DemandMax":4,"Value":8370},{"Length":24,"Height":46,"Demand":0,"DemandMax":4,"Value":1104},{"Length":91,"Height":45,"Demand":0,"DemandMax":4,"Value":4095},{"Length":95,"Height":37,"Demand":0,"DemandMax":4,"Value":3515},{"Length":73,"Height":83,"Demand":0,"DemandMax":4,"Value":18177},{"Length":16,"Height":29,"Demand":0,"DemandMax":4,"Value":1392},{"Length":10,"Height":2,"Demand":0,"DemandMax":4,"Value":20},{"Length":44,"Height":94,"Demand":0,"DemandMax":4,"Value":8272},{"Length":86,"Height":10,"Demand":0,"DemandMax":4,"Value":1720},{"Length":37,"Height":33,"Demand":0,"DemandMax":4,"Value":1221},{"Length":5,"Height":2,"Demand":0,"DemandMax":4,"Value":30},{"Length":16,"Height":4,"Demand":0,"DemandMax":4,"Value":192},{"Length":5,"Height":15,"Demand":0,"DemandMax":4,"Value":225},{"Length":16,"Height":37,"Demand":0,"DemandMax":4,"Value":592},{"Length":25,"Height":20,"Demand":0,"DemandMax":4,"Value":1000},{"Length":8,"Height":79,"Demand":0,"DemandMax":4,"Value":1896},{"Length":80,"Height":21,"Demand":0,"DemandMax":4,"Value":1680},{"Length":28,"Height":45,"Demand":0,"DemandMax":4,"Value":1260},{"Length":32,"Height":11,"Demand":0,"DemandMax":4,"Value":704},{"Length":80,"Height":62,"Demand":0,"DemandMax":4,"Value":14880},{"Length":12,"Height":28,"Demand":0,"DemandMax":4,"Value":672},{"Length":6,"Height":23,"Demand":0,"DemandMax":4,"Value":276},{"Length":83,"Height":40,"Demand":0,"DemandMax":4,"Value":9960},{"Length":43,"Height":2,"Demand":0,"DemandMax":4,"Value":172},{"Length":35,"Height":16,"Demand":0,"DemandMax":4,"Value":560},{"Length":18,"Height":49,"Demand":0,"DemandMax":4,"Value":1764},{"Length":30,"Height":5,"Demand":0,"DemandMax":4,"Value":300},{"Length":26,"Height":17,"Demand":0,"DemandMax":4,"Value":1326},{"Length":50,"Height":35,"Demand":0,"DemandMax":4,"Value":5250},{"Length":39,"Height":50,"Demand":0,"DemandMax":4,"Value":5850},{"Length":81,"Height":28,"Demand":0,"DemandMax":4,"Value":4536},{"Length":7,"Height":37,"Demand":0,"DemandMax":4,"Value":518},{"Length":87,"Height":29,"Demand":0,"DemandMax":4,"Value":7569},{"Length":42,"Height":83,"Demand":0,"DemandMax":4,"Value":3486},{"Length":6,"Height":31,"Demand":0,"DemandMax":4,"Value":558},{"Length":16,"Height":82,"Demand":0,"DemandMax":4,"Value":2624},{"Length":12,"Height":89,"Demand":0,"DemandMax":4,"Value":1068},{"Length":9,"Height":50,"Demand":0,"DemandMax":4,"Value":1350},{"Length":85,"Height":72,"Demand":0,"DemandMax":4,"Value":12240},{"Length":47,"Height":26,"Demand":0,"DemandMax":4,"Value":3666},{"Length":15,"Height":9,"Demand":0,"DemandMax":4,"Value":270},{"Length":27,"Height":40,"Demand":0,"DemandMax":4,"Value":2160},{"Length":22,"Height":15,"Demand":0,"DemandMax":4,"Value":330},{"Length":90,"Height":31,"Demand":0,"DemandMax":4,"Value":5580},{"Length":96,"Height":99,"Demand":0,"DemandMax":4,"Value":19008},{"Length":60,"Height":98,"Demand":0,"DemandMax":4,"Value":11760},{"Length":65,"Height":80,"Demand":0,"DemandMax":4,"Value":5200},{"Length":39,"Height":46,"Demand":0,"DemandMax":4,"Value":5382},{"Length":47,"Height":49,"Demand":0,"DemandMax":4,"Value":4606},{"Length":39,"Height":28,"Demand":0,"DemandMax":4,"Value":1092},{"Length":31,"Height":33,"Demand":0,"DemandMax":4,"Value":1023},{"Length":80,"Height":73,"Demand":0,"DemandMax":4,"Value":11680},{"Length":22,"Height":2,"Demand":0,"DemandMax":4,"Value":44},{"Length":25,"Height":2,"Demand":0,"DemandMax":4,"Value":50},{"Length":86,"Height":41,"Demand":0,"DemandMax":4,"Value":7052},{"Length":95,"Height":16,"Demand":0,"DemandMax":4,"Value":1520},{"Length":7,"Height":44,"Demand":0,"DemandMax":4,"Value":616},{"Length":12,"Height":33,"Demand":0,"DemandMax":4,"Value":396},{"Length":91,"Height":51,"Demand":0,"DemandMax":4,"Value":9282},{"Length":47,"Height":25,"Demand":0,"DemandMax":4,"Value":3525},{"Length":47,"Height":3,"Demand":0,"DemandMax":4,"Value":423},{"Length":50,"Height":16,"Demand":0,"DemandMax":4,"Value":800},{"Length":79,"Height":22,"Demand":0,"DemandMax":4,"Value":3476},{"Length":44,"Height":21,"Demand":0,"DemandMax":4,"Value":2772},{"Length":94,"Height":27,"Demand":0,"DemandMax":4,"Value":2538}]}