{"Name":"ngcutfs3_109","Objects":[{"Length":100,"Height":100,"Stock":null,"Cost":10000}],"Items":[{"Length":19,"Height":40,"Demand":0,"DemandMax":3,"Value":1520},{"Length":83,"Height":22,"Demand":0,"DemandMax":3,"Value":5478},{"Length":32,"Height":36,"Demand":0,"DemandMax":3,"Value":1152},{"Length":10,"Height":78,"Demand":0,"DemandMax":3,"Value":1560},{"Length":80,"Height":6,"Demand":0,"DemandMax":3,"Value":1440},{"Length":47,"Height":30,"Demand":0,"DemandMax":3,"Value":2820},{"Length":31,"Height":40,"Demand":0,"DemandMax":3,"Value":2480},{"Length":7,"Height":6,"Demand":0,"DemandMax":3,"Value":84},{"Length":44,"Height":28,"Demand":0,"DemandMax":3,"Value":3696},{"Length":24,"Height":43,"Demand":0,"DemandMax":3,"Value":1032},{"Length":40,"Height":49,"Demand":0,"DemandMax":3,"Value":3920},{"Length":47,"Height":84,"Demand":0,"DemandMax":3,"Value":7896},{"Length":15,"Height":4,"Demand":0,"DemandMax":3,"Value":60},{"Length":34,"Height":5,"Demand":0,"DemandMax":3,"Value":510},{"Length":29,"Height":39,"Demand":0,"DemandMax":3,"Value":1131},{"Length":50,"Height":30,"Demand":0,"DemandMax":3,"Value":1500},{"Length":77,"Height":62,"Demand":0,"DemandMax":3,"Value":4774},{"Length":93,"Height":76,"Demand":0,"DemandMax":3,"Value":21204},{"Length":81,"Height":18,"Demand":0,"DemandMax":3,"Value":1458},{"Length":48,"Height":35,"Demand":0,"DemandMax":3,"Value":5040},{"Length":22,"Height":7,"Demand":0,"DemandMax":3,"Value":154},{"Length":78,"Height":53,"Demand":0,"DemandMax":3,"Value":4134},{"Length":49,"Height":19,"Demand":0,"DemandMax":3,"Value":2793},{"Length":16,"Height":11,"Demand":0,"DemandMax":3,"Value":352},{"Length":15,"Height":31,"Demand":0,"DemandMax":3,"Value":465},{"Length":17,"Height":49,"Demand":0,"DemandMax":3,"Value":1666},{"Length":49,"Height":80,"Demand":0,"DemandMax":3,"Value":3920},{"Length":4,"Height":34,"Demand":0,"DemandMax":3,"Value":136},{"Length":22,"Height":43,"Demand":0,"DemandMax":3,"Value":946},{"Length":90,"Height":26,"Demand":0,"DemandMax":3,"Value":2340},{"Length":26,"Height":46,"Demand":0,"DemandMax":3,"Value":2392},{"Length":8,"Height":37,"Demand":0,"DemandMax":3,"Value":296},{"Length":95,"Height":85,"Demand":0,"DemandMax":3,"Value":16150},{"Length":6,"Height":24,"Demand":0,"DemandMax":3,"Value":288},{"Length":44,"Height":32,"Demand":0,"DemandMax":3,"Value":2816},{"Length":14,"Height":44,"Demand":0,"DemandMax":3,"Value":1848},{"Length":13,"Height":11,"Demand":0,"DemandMax":3,"Value":429},{"Length":42,"Height":23,"Demand":0,"DemandMax":3,"Value":966},{"Length":30,"Height":48,"Demand":0,"DemandMax":3,"Value":4320},{"Length":13,"Height":20,"Demand":0,"DemandMax":3,"Value":520},{"Length":36,"Height":46,"Demand":0,"DemandMax":3,"Value":1656},{"Length":36,"Height":42,"Demand":0,"DemandMax":3,"Value":4536},{"Length":40,"Height":44,"Demand":0,"DemandMax":3,"Value":1760},{"Length":27,"Height":25,"Demand":0,"DemandMax":3,"Value":1350},{"Length":81,"Height":66,"Demand":0,"DemandMax":3,"Value":5346},{"Length":3,"Height":6,"Demand":0,"DemandMax":3,"Value":18},{"Length":27,"Height":10,"Demand":0,"DemandMax":3,"Value":540},{"Length":5,"Height":16,"Demand":0,"DemandMax":3,"Value":80},{"Length":13,"Height":30,"Demand":0,"DemandMax":3,"Value":1170},{"Length":77,"Height":21,"Demand":0,"DemandMax":3,"Value":1617},{"Length":26,"Height":9,"Demand":0,"DemandMax":3,"Value":702},{"Length":37,"Height":45,"Demand":0,"DemandMax":3,"Value":3330},{"Length":49,"Height":46,"Demand":0,"DemandMax":3,"Value":6762},{"Length":42,"Height":13,"Demand":0,"DemandMax":3,"Value":1638},{"Length":27,"Height":89,"Demand":0,"DemandMax":3,"Value":4806},{"Length":18,"Height":41,"Demand":0,"DemandMax":3,"Value":2214},{"Length":41,"Height":49,"Demand":0,"DemandMax":3,"Value":6027},{"Length":5,"Height":85,"Demand":0,"DemandMax":3,"Value":1275},{"Length":39,"Height":35,"Demand":0,"DemandMax":3,"Value":2730},{"Length":10,"Height":46,"Demand":0,"DemandMax":3,"Value":920},{"Length":2,"Height":39,"Demand":0,"DemandMax":3,"Value":156},{"Length":44,"Height":2,"Demand":0,"DemandMax":3,"Value":176},{"Length":10,"Height":40,"Demand":0,"DemandMax":3,"Value":400},{"Length":70,"Height":71,"Demand":0,"DemandMax":3,"Value":9940},{"Length":47,"Height":31,"Demand":0,"DemandMax":3,"Value":1457},{"Length":24,"Height":33,"Demand":0,"DemandMax":3,"Value":2376},{"Length":97,"Height":32,"Demand":0,"DemandMax":3,"Value":3104},{"Length":12,"Height":87,"Demand":0,"DemandMax":3,"Value":3132},{"Length":17,"Height":49,"Demand":0,"DemandMax":3,"Value":2499},{"Length":2,"Height":46,"Demand":0,"DemandMax":3,"Value":184},{"Length":23,"Height":96,"Demand":0,"DemandMax":3,"Value":6624},{"Length":83,"Height":79,"Demand":0,"DemandMax":3,"Value":19671},{"Length":89,"Height":4,"Demand":0,"DemandMax":3,"Value":712},{"Length":48,"Height":44,"Demand":0,"DemandMax":3,"Value":4224},{"Length":19,"Height":21,"Demand":0,"DemandMax":3,"Value":399},{"Length":27,"Height":23,"Demand":0,"DemandMax":3,"Value":1242},{"Length":28,"Height":37,"Demand":0,"DemandMax":3,"Value":1036},{"Length":48,"Height":36,"Demand":0,"DemandMax":3,"Value":1728},{"Length":80,"Height":93,"Demand":0,"DemandMax":3,"Value":22320},{"Length":24,"Height":48,"Demand":0,"DemandMax":3,"Value":3456},{"Length":99,"Height":79,"Demand":0,"DemandMax":3,"Value":7821},{"Length":49,"Height":50,"Demand":0,"DemandMax":3,"Value":2450},{"Length":19,"Height":35,"Demand":0,"DemandMax":3,"Value":1330},{"Length":80,"Height":63,"Demand":0,"DemandMax":3,"Value":10080},{"Length":11,"Height":20,"Demand":0,"DemandMax":3,"Value":220},{"Length":30,"Height":41,"Demand":0,"DemandMax":3,"Value":2460},{"Length":82,"Height":73,"Demand":0,"DemandMax":3,"Value":17958},{"Length":45,"Height":7,"Demand":0,"DemandMax":3,"Value":945},{"Length":34,"Height":25,"Demand":0,"DemandMax":3,"Value":1700},{"Length":44,"Height":15,"Demand":0,"DemandMax":3,"Value":660},{"Length":81,"Height":68,"Demand":0,"DemandMax":3,"Value":11016},{"Length":20,"Height":38,"Demand":0,"DemandMax":3,"Value":2280},{"Length":45,"Height":43,"Demand":0,"DemandMax":3,"Value":1935},{"Length":28,"Height":5,"Demand":0,"DemandMax":3,"Value":140},{"Length":99,"Height":15,"Demand":0,"DemandMax":3,"Value":1485},{"Length":38,"Height":42,"Demand":0,"DemandMax":3,"Value":4788},{"Length":2,"Height":2,"Demand":0,"DemandMax":3,"Value":12},{"Length":27,"Height":83,"Demand":0,"DemandMax":3,"Value":6723},{"Length":10,"Height":50,"Demand":0,"DemandMax":3,"Value":500},{"Length":43,"Height":44,"Demand":0,"DemandMax":3,"Value":3784},{"Length":98,"Height":29,"Demand":0,"DemandMax":3,"Value":8526},{"Length":90,"Height":58,"Demand":0,"DemandMax":3,"Value":15660},{"Length":33,"Height":26,"Demand":0,"DemandMax":3,"Value":1716},{"Length":47,"Height":31,"Demand":0,"DemandMax":3,"Value":2914},{"Length":32,"Height":42,"Demand":0,"DemandMax":3,"Value":2688},{"Length":5,"Height":20,"Demand":0,"DemandMax":3,"Value":100},{"Length":29,"Height":80,"Demand":0,"DemandMax":3,"Value":6960},{"Length":23,"Height":22,"Demand":0,"DemandMax":3,"Value":506},{"Length":18,"Height":25,"Demand":0,"DemandMax":3,"Value":1350},{"Length":16,"Height":43,"Demand":0,"DemandMax":3,"Value":688},{"Length":41,"Height":4,"Demand":0,"DemandMax":3,"Value":164},{"Length":50,"Height":50,"Demand":0,"DemandMax":3,"Value":2500},{"Length":48,"Height":8,"Demand":0,"DemandMax":3,"Value":384},{"Length":96,"Height":44,"Demand":0,"DemandMax":3,"Value":12672},{"Length":46,"Height":9,"Demand":0,"DemandMax":3,"Value":1242},{"Length":39,"Height":12,"Demand":0,"DemandMax":3,"Value":1404},{"Length":29,"Height":7,"Demand":0,"DemandMax":3,"Value":406},{"Length":69,"Height":52,"Demand":0,"DemandMax":3,"Value":7176},{"Length":83,"Height":10,"Demand":0,"DemandMax":3,"Value":1660},{"Length":63,"Height":98,"Demand":0,"DemandMax":3,"Value":18522},{"Length":9,"Height":26,"Demand":0,"DemandMax":3,"Value":702},{"Length":42,"Height":46,"Demand":0,"DemandMax":3,"Value":3864},{"Length":58,"Height":72,"Demand":0,"DemandMax":3,"Value":8352},{"Length":44,"Height":23,"Demand":0,"DemandMax":3,"Value":3036},{"Length":28,"Height":46,"Demand":0,"DemandMax":3,"Value":2576},{"Length":99,"Height":93,"Demand":0,"DemandMax":3,"Value":18414},{"Length":93,"Height":40,"Demand":0,"DemandMax":3,"Value":7440},{"Length":91,"Height":41,"Demand":0,"DemandMax":3,"Value":11193},{"Length":68,"Height":90,"Demand":0,"DemandMax":3,"Value":18360},{"Length":59,"Height":87,"Demand":0,"DemandMax":3,"Value":10266},{"Length":39,"Height":42,"Demand":0,"DemandMax":3,"Value":4914},{"Length":46,"Height":100,"Demand":0,"DemandMax":3,"Value":4600},{"Length":88,"Height":90,"Demand":0,"DemandMax":3,"Value":7920},{"Length":20,"Height":17,"Demand":0,"DemandMax":3,"Value":340},{"Length":19,"Height":15,"Demand":0,"DemandMax":3,"Value":285},{"Length":24,"Height":29,"Demand":0,"DemandMax":3,"Value":2088},{"Length":2,"Height":12,"Demand":0,"DemandMax":3,"Value":72},{"Length":46,"Height":13,"Demand":0,"DemandMax":3,"Value":1794},{"Length":36,"Height":6,"Demand":0,"DemandMax":3,"Value":216},{"Length":20,"Height":44,"Demand":0,"DemandMax":3,"Value":2640},{"Length":13,"Height":46,"Demand":0,"DemandMax":3,"Value":1196},{"Length":10,"Height":9,"Demand":0,"DemandMax":3,"Value":180},{"Length":10,"Height":14,"Demand":0,"DemandMax":3,"Value":280},{"Length":28,"Height":98,"Demand":0,"DemandMax":3,"Value":5488},{"Length":25,"Height":14,"Demand":0,"DemandMax":3,"Value":1050},{"Length":45,"Height":36,"Demand":0,"DemandMax":3,"Value":1620},{"Length":32,"Height":4,"Demand":0,"DemandMax":3,"Value":384},{"Length":86,"Height":41,"Demand":0,"DemandMax":3,"Value":10578},{"Length":41,"Height":18,"Demand":0,"DemandMax":3,"Value":1476},{"Length":31,"Height":34,"Demand":0,"DemandMax":3,"Value":1054}]}