{"Name":"ngcutfs2_45","Objects":[{"Length":100,"Height":100,"Stock":null,"Cost":10000}],"Items":[{"Length":100,"Height":79,"Demand":0,"DemandMax":3,"Value":23700},{"Length":33,"Height":21,"Demand":0,"DemandMax":3,"Value":1386},{"Length":2,"Height":45,"Demand":0,"DemandMax":3,"Value":180},{"Length":28,"Height":34,"Demand":0,"DemandMax":3,"Value":1904},{"Length":38,"Height":32,"Demand":0,"DemandMax":3,"Value":2432},{"Length":6,"Height":11,"Demand":0,"DemandMax":3,"Value":66},{"Length":29,"Height":30,"Demand":0,"DemandMax":3,"Value":1740},{"Length":14,"Height":34,"Demand":0,"DemandMax":3,"Value":1428},{"Length":43,"Height":43,"Demand":0,"DemandMax":3,"Value":5547},{"Length":20,"Height":13,"Demand":0,"DemandMax":3,"Value":780},{"Length":20,"Height":49,"Demand":0,"DemandMax":3,"Value":1960},{"Length":86,"Height":13,"Demand":0,"DemandMax":3,"Value":2236},{"Length":2,"Height":100,"Demand":0,"DemandMax":3,"Value":600},{"Length":72,"Height":89,"Demand":0,"DemandMax":3,"Value":19224},{"Length":29,"Height":36,"Demand":0,"DemandMax":3,"Value":1044},{"Length":90,"Height":82,"Demand":0,"DemandMax":3,"Value":22140},{"Length":67,"Height":93,"Demand":0,"DemandMax":3,"Value":12462},{"Length":94,"Height":15,"Demand":0,"DemandMax":3,"Value":2820},{"Length":29,"Height":21,"Demand":0,"DemandMax":3,"Value":609},{"Length":22,"Height":17,"Demand":0,"DemandMax":3,"Value":748},{"Length":91,"Height":38,"Demand":0,"DemandMax":3,"Value":10374},{"Length":82,"Height":44,"Demand":0,"DemandMax":3,"Value":7216},{"Length":25,"Height":43,"Demand":0,"DemandMax":3,"Value":3225},{"Length":23,"Height":97,"Demand":0,"DemandMax":3,"Value":4462},{"Length":49,"Height":7,"Demand":0,"DemandMax":3,"Value":686},{"Length":47,"Height":36,"Demand":0,"DemandMax":3,"Value":5076},{"Length":38,"Height":88,"Demand":0,"DemandMax":3,"Value":3344},{"Length":17,"Height":23,"Demand":0,"DemandMax":3,"Value":1173},{"Length":34,"Height":79,"Demand":0,"DemandMax":3,"Value":5372},{"Length":54,"Height":66,"Demand":0,"DemandMax":3,"Value":7128},{"Length":36,"Height":12,"Demand":0,"DemandMax":3,"Value":432},{"Length":47,"Height":21,"Demand":0,"DemandMax":3,"Value":1974},{"Length":36,"Height":15,"Demand":0,"DemandMax":3,"Value":1080},{"Length":25,"Height":91,"Demand":0,"DemandMax":3,"Value":4550},{"Length":73,"Height":83,"Demand":0,"DemandMax":3,"Value":12118},{"Length":85,"Height":29,"Demand":0,"DemandMax":3,"Value":7395},{"Length":94,"Height":22,"Demand":0,"DemandMax":3,"Value":6204},{"Length":4,"Height":14,"Demand":0,"DemandMax":3,"Value":168},{"Length":37,"Height":11,"Demand":0,"DemandMax":3,"Value":814},{"Length":27,"Height":33,"Demand":0,"DemandMax":3,"Value":1782},{"Length":44,"Height":42,"Demand":0,"DemandMax":3,"Value":3696},{"Length":11,"Height":34,"Demand":0,"DemandMax":3,"Value":748},{"Length":4,"Height":10,"Demand":0,"DemandMax":3,"Value":80},{"Length":38,"Height":94,"Demand":0,"DemandMax":3,"Value":7144},{"Length":9,"Height":8,"Demand":0,"DemandMax":3,"Value":144},{"Length":21,"Height":84,"Demand":0,"DemandMax":3,"Value":1764},{"Length":84,"Height":57,"Demand":0,"DemandMax":3,"Value":9576},{"Length":6,"Height":14,"Demand":0,"DemandMax":3,"Value":252},{"Length":23,"Height":21,"Demand":0,"DemandMax":3,"Value":966},{"Length":99,"Height":74,"Demand":0,"DemandMax":3,"Value":7326}]}