{"Name":"ngcutfs3_73","Objects":[{"Length":100,"Height":100,"Stock":null,"Cost":10000}],"Items":[{"Length":45,"Height":15,"Demand":0,"DemandMax":3,"Value":675},{"Length":13,"Height":45,"Demand":0,"DemandMax":3,"Value":585},{"Length":42,"Height":10,"Demand":0,"DemandMax":3,"Value":840},{"Length":5,"Height":20,"Demand":0,"DemandMax":3,"Value":200},{"Length":88,"Height":31,"Demand":0,"DemandMax":3,"Value":8184},{"Length":19,"Height":2,"Demand":0,"DemandMax":3,"Value":38},{"Length":11,"Height":17,"Demand":0,"DemandMax":3,"Value":187},{"Length":8,"Height":39,"Demand":0,"DemandMax":3,"Value":312},{"Length":94,"Height":15,"Demand":0,"DemandMax":3,"Value":1410},{"Length":3,"Height":43,"Demand":0,"DemandMax":3,"Value":387},{"Length":81,"Height":23,"Demand":0,"DemandMax":3,"Value":3726},{"Length":80,"Height":85,"Demand":0,"DemandMax":3,"Value":20400},{"Length":38,"Height":17,"Demand":0,"DemandMax":3,"Value":1938},{"Length":47,"Height":24,"Demand":0,"DemandMax":3,"Value":2256},{"Length":48,"Height":21,"Demand":0,"DemandMax":3,"Value":2016},{"Length":8,"Height":42,"Demand":0,"DemandMax":3,"Value":1008},{"Length":66,"Height":82,"Demand":0,"DemandMax":3,"Value":16236},{"Length":27,"Height":26,"Demand":0,"DemandMax":3,"Value":1404},{"Length":42,"Height":27,"Demand":0,"DemandMax":3,"Value":2268},{"Length":36,"Height":38,"Demand":0,"DemandMax":3,"Value":1368},{"Length":51,"Height":95,"Demand":0,"DemandMax":3,"Value":9690},{"Length":19,"Height":13,"Demand":0,"DemandMax":3,"Value":494},{"Length":19,"Height":22,"Demand":0,"DemandMax":3,"Value":418},{"Length":39,"Height":16,"Demand":0,"DemandMax":3,"Value":1872},{"Length":100,"Height":3,"Demand":0,"DemandMax":3,"Value":600},{"Length":17,"Height":98,"Demand":0,"DemandMax":3,"Value":4998},{"Length":27,"Height":22,"Demand":0,"DemandMax":3,"Value":1188},{"Length":30,"Height":14,"Demand":0,"DemandMax":3,"Value":840},{"Length":76,"Height":65,"Demand":0,"DemandMax":3,"Value":9880},{"Length":21,"Height":95,"Demand":0,"DemandMax":3,"Value":3990},{"Length":10,"Height":6,"Demand":0,"DemandMax":3,"Value":180},{"Length":34,"Height":44,"Demand":0,"DemandMax":3,"Value":2992},{"Length":12,"Height":34,"Demand":0,"DemandMax":3,"Value":408},{"Length":48,"Height":9,"Demand":0,"DemandMax":6,"Value":864},{"Length":100,"Height":65,"Demand":0,"DemandMax":3,"Value":19500},{"Length":5,"Height":24,"Demand":0,"DemandMax":3,"Value":240},{"Length":7,"Height":29,"Demand":0,"DemandMax":3,"Value":203},{"Length":40,"Height":12,"Demand":0,"DemandMax":3,"Value":480},{"Length":11,"Height":45,"Demand":0,"DemandMax":3,"Value":1485},{"Length":25,"Height":83,"Demand":0,"DemandMax":3,"Value":4150},{"Length":23,"Height":32,"Demand":0,"DemandMax":3,"Value":736},{"Length":50,"Height":26,"Demand":0,"DemandMax":3,"Value":1300},{"Length":76,"Height":88,"Demand":0,"DemandMax":3,"Value":6688},{"Length":46,"Height":19,"Demand":0,"DemandMax":3,"Value":1748},{"Length":40,"Height":77,"Demand":0,"DemandMax":3,"Value":6160},{"Length":47,"Height":40,"Demand":0,"DemandMax":3,"Value":3760},{"Length":36,"Height":25,"Demand":0,"DemandMax":3,"Value":1800},{"Length":6,"Height":12,"Demand":0,"DemandMax":3,"Value":144},{"Length":42,"Height":21,"Demand":0,"DemandMax":3,"Value":2646},{"Length":76,"Height":71,"Demand":0,"DemandMax":3,"Value":16188},{"Length":90,"Height":67,"Demand":0,"DemandMax":3,"Value":6030},{"Length":39,"Height":23,"Demand":0,"DemandMax":3,"Value":897},{"Length":42,"Height":14,"Demand":0,"DemandMax":3,"Value":1764},{"Length":54,"Height":77,"Demand":0,"DemandMax":3,"Value":8316},{"Length":76,"Height":11,"Demand":0,"DemandMax":3,"Value":2508},{"Length":86,"Height":50,"Demand":0,"DemandMax":3,"Value":12900},{"Length":44,"Height":2,"Demand":0,"DemandMax":3,"Value":88},{"Length":56,"Height":85,"Demand":0,"DemandMax":3,"Value":4760},{"Length":32,"Height":17,"Demand":0,"DemandMax":3,"Value":1632},{"Length":16,"Height":13,"Demand":0,"DemandMax":3,"Value":208},{"Length":34,"Height":30,"Demand":0,"DemandMax":3,"Value":3060},{"Length":21,"Height":42,"Demand":0,"DemandMax":3,"Value":2646},{"Length":13,"Height":35,"Demand":0,"DemandMax":3,"Value":910},{"Length":24,"Height":43,"Demand":0,"DemandMax":3,"Value":2064},{"Length":11,"Height":28,"Demand":0,"DemandMax":3,"Value":308},{"Length":10,"Height":82,"Demand":0,"DemandMax":3,"Value":820},{"Length":39,"Height":19,"Demand":0,"DemandMax":3,"Value":2223},{"Length":27,"Height":21,"Demand":0,"DemandMax":3,"Value":1701},{"Length":3,"Height":19,"Demand":0,"DemandMax":3,"Value":171},{"Length":48,"Height":36,"Demand":0,"DemandMax":3,"Value":3456},{"Length":18,"Height":50,"Demand":0,"DemandMax":3,"Value":2700},{"Length":94,"Height":32,"Demand":0,"DemandMax":3,"Value":6016},{"Length":43,"Height":35,"Demand":0,"DemandMax":3,"Value":1505},{"Length":36,"Height":30,"Demand":0,"DemandMax":3,"Value":1080},{"Length":4,"Height":46,"Demand":0,"DemandMax":3,"Value":552},{"Length":4,"Height":7,"Demand":0,"DemandMax":3,"Value":56},{"Length":13,"Height":25,"Demand":0,"DemandMax":3,"Value":650},{"Length":48,"Height":50,"Demand":0,"DemandMax":3,"Value":2400},{"Length":14,"Height":6,"Demand":0,"DemandMax":3,"Value":252},{"Length":95,"Height":90,"Demand":0,"DemandMax":3,"Value":25650},{"Length":80,"Height":53,"Demand":0,"DemandMax":3,"Value":12720},{"Length":38,"Height":10,"Demand":0,"DemandMax":3,"Value":1140},{"Length":22,"Height":21,"Demand":0,"DemandMax":3,"Value":462},{"Length":45,"Height":14,"Demand":0,"DemandMax":3,"Value":1890},{"Length":34,"Height":85,"Demand":0,"DemandMax":3,"Value":8670},{"Length":16,"Height":6,"Demand":0,"DemandMax":3,"Value":96},{"Length":13,"Height":37,"Demand":0,"DemandMax":3,"Value":1443},{"Length":23,"Height":34,"Demand":0,"DemandMax":3,"Value":1564},{"Length":13,"Height":45,"Demand":0,"DemandMax":3,"Value":1755},{"Length":14,"Height":47,"Demand":0,"DemandMax":3,"Value":1316},{"Length":5,"Height":15,"Demand":0,"DemandMax":3,"Value":150},{"Length":100,"Height":28,"Demand":0,"DemandMax":3,"Value":8400},{"Length":15,"Height":34,"Demand":0,"DemandMax":3,"Value":510},{"Length":14,"Height":89,"Demand":0,"DemandMax":3,"Value":2492},{"Length":41,"Height":36,"Demand":0,"DemandMax":3,"Value":2952},{"Length":7,"Height":81,"Demand":0,"DemandMax":3,"Value":1701},{"Length":23,"Height":21,"Demand":0,"DemandMax":3,"Value":1449},{"Length":98,"Height":58,"Demand":0,"DemandMax":3,"Value":17052},{"Length":37,"Height":8,"Demand":0,"DemandMax":3,"Value":888}]}