{"Name":"ngcutfs2_94","Objects":[{"Length":100,"Height":100,"Stock":null,"Cost":10000}],"Items":[{"Length":89,"Height":4,"Demand":0,"DemandMax":1,"Value":356},{"Length":41,"Height":44,"Demand":0,"DemandMax":1,"Value":1804},{"Length":63,"Height":81,"Demand":0,"DemandMax":1,"Value":15309},{"Length":9,"Height":22,"Demand":0,"DemandMax":1,"Value":396},{"Length":17,"Height":18,"Demand":0,"DemandMax":1,"Value":306},{"Length":6,"Height":30,"Demand":0,"DemandMax":1,"Value":180},{"Length":92,"Height":7,"Demand":0,"DemandMax":1,"Value":1932},{"Length":82,"Height":94,"Demand":0,"DemandMax":1,"Value":7708},{"Length":25,"Height":2,"Demand":0,"DemandMax":1,"Value":50},{"Length":32,"Height":14,"Demand":0,"DemandMax":1,"Value":1344},{"Length":52,"Height":63,"Demand":0,"DemandMax":1,"Value":9828},{"Length":48,"Height":33,"Demand":0,"DemandMax":1,"Value":1584},{"Length":40,"Height":41,"Demand":0,"DemandMax":1,"Value":1640},{"Length":100,"Height":39,"Demand":0,"DemandMax":1,"Value":7800},{"Length":94,"Height":28,"Demand":0,"DemandMax":1,"Value":2632},{"Length":10,"Height":46,"Demand":0,"DemandMax":1,"Value":920},{"Length":95,"Height":43,"Demand":0,"DemandMax":1,"Value":4085},{"Length":95,"Height":19,"Demand":0,"DemandMax":1,"Value":5415},{"Length":6,"Height":86,"Demand":0,"DemandMax":1,"Value":1032},{"Length":9,"Height":94,"Demand":0,"DemandMax":1,"Value":1692},{"Length":40,"Height":97,"Demand":0,"DemandMax":1,"Value":11640},{"Length":48,"Height":39,"Demand":0,"DemandMax":1,"Value":5616},{"Length":24,"Height":24,"Demand":0,"DemandMax":1,"Value":1728},{"Length":10,"Height":88,"Demand":0,"DemandMax":1,"Value":2640},{"Length":44,"Height":5,"Demand":0,"DemandMax":1,"Value":220},{"Length":98,"Height":58,"Demand":0,"DemandMax":1,"Value":5684},{"Length":12,"Height":7,"Demand":0,"DemandMax":1,"Value":252},{"Length":81,"Height":36,"Demand":0,"DemandMax":1,"Value":2916},{"Length":58,"Height":79,"Demand":0,"DemandMax":1,"Value":4582},{"Length":28,"Height":45,"Demand":0,"DemandMax":1,"Value":2520},{"Length":33,"Height":25,"Demand":0,"DemandMax":1,"Value":1650},{"Length":75,"Height":86,"Demand":0,"DemandMax":1,"Value":19350},{"Length":42,"Height":28,"Demand":0,"DemandMax":1,"Value":1176},{"Length":42,"Height":92,"Demand":0,"DemandMax":1,"Value":7728},{"Length":34,"Height":44,"Demand":0,"DemandMax":1,"Value":1496},{"Length":45,"Height":90,"Demand":0,"DemandMax":1,"Value":8100},{"Length":20,"Height":6,"Demand":0,"DemandMax":1,"Value":240},{"Length":50,"Height":11,"Demand":0,"DemandMax":1,"Value":1100},{"Length":6,"Height":3,"Demand":0,"DemandMax":1,"Value":18},{"Length":24,"Height":18,"Demand":0,"DemandMax":1,"Value":1296},{"Length":38,"Height":46,"Demand":0,"DemandMax":1,"Value":5244},{"Length":100,"Height":55,"Demand":0,"DemandMax":1,"Value":16500},{"Length":11,"Height":27,"Demand":0,"DemandMax":1,"Value":594},{"Length":10,"Height":21,"Demand":0,"DemandMax":1,"Value":420},{"Length":29,"Height":96,"Demand":0,"DemandMax":1,"Value":8352},{"Length":98,"Height":41,"Demand":0,"DemandMax":1,"Value":8036},{"Length":80,"Height":91,"Demand":0,"DemandMax":1,"Value":14560},{"Length":27,"Height":42,"Demand":0,"DemandMax":1,"Value":2268},{"Length":93,"Height":25,"Demand":0,"DemandMax":1,"Value":6975},{"Length":20,"Height":98,"Demand":0,"DemandMax":1,"Value":5880},{"Length":12,"Height":25,"Demand":0,"DemandMax":1,"Value":300},{"Length":3,"Height":5,"Demand":0,"DemandMax":1,"Value":45},{"Length":6,"Height":85,"Demand":0,"DemandMax":1,"Value":1530},{"Length":4,"Height":23,"Demand":0,"DemandMax":1,"Value":92},{"Length":82,"Height":8,"Demand":0,"DemandMax":1,"Value":656},{"Length":74,"Height":69,"Demand":0,"DemandMax":1,"Value":10212},{"Length":100,"Height":89,"Demand":0,"DemandMax":1,"Value":8900},{"Length":87,"Height":75,"Demand":0,"DemandMax":1,"Value":6525},{"Length":27,"Height":14,"Demand":0,"DemandMax":1,"Value":1134},{"Length":29,"Height":25,"Demand":0,"DemandMax":1,"Value":725},{"Length":23,"Height":94,"Demand":0,"DemandMax":1,"Value":6486},{"Length":13,"Height":38,"Demand":0,"DemandMax":1,"Value":988},{"Length":49,"Height":32,"Demand":0,"DemandMax":1,"Value":1568},{"Length":48,"Height":43,"Demand":0,"DemandMax":1,"Value":4128},{"Length":10,"Height":30,"Demand":0,"DemandMax":1,"Value":600},{"Length":76,"Height":29,"Demand":0,"DemandMax":1,"Value":4408},{"Length":36,"Height":19,"Demand":0,"DemandMax":1,"Value":684},{"Length":71,"Height":54,"Demand":0,"DemandMax":1,"Value":3834},{"Length":81,"Height":9,"Demand":0,"DemandMax":1,"Value":2187},{"Length":37,"Height":45,"Demand":0,"DemandMax":1,"Value":3330},{"Length":12,"Height":78,"Demand":0,"DemandMax":1,"Value":1872},{"Length":25,"Height":4,"Demand":0,"DemandMax":1,"Value":200},{"Length":7,"Height":93,"Demand":0,"DemandMax":1,"Value":651},{"Length":40,"Height":37,"Demand":0,"DemandMax":1,"Value":4440},{"Length":36,"Height":91,"Demand":0,"DemandMax":1,"Value":9828},{"Length":83,"Height":64,"Demand":0,"DemandMax":1,"Value":5312},{"Length":14,"Height":49,"Demand":0,"DemandMax":1,"Value":1372},{"Length":19,"Height":38,"Demand":0,"DemandMax":1,"Value":1444},{"Length":44,"Height":2,"Demand":0,"DemandMax":1,"Value":264},{"Length":90,"Height":97,"Demand":0,"DemandMax":1,"Value":8730},{"Length":18,"Height":78,"Demand":0,"DemandMax":1,"Value":1404},{"Length":11,"Height":13,"Demand":0,"DemandMax":1,"Value":286},{"Length":7,"Height":2,"Demand":0,"DemandMax":1,"Value":14},{"Length":72,"Height":98,"Demand":0,"DemandMax":1,"Value":21168},{"Length":43,"Height":11,"Demand":0,"DemandMax":1,"Value":1419},{"Length":12,"Height":86,"Demand":0,"DemandMax":1,"Value":2064},{"Length":25,"Height":85,"Demand":0,"DemandMax":1,"Value":4250},{"Length":33,"Height":14,"Demand":0,"DemandMax":1,"Value":462},{"Length":59,"Height":80,"Demand":0,"DemandMax":1,"Value":4720},{"Length":88,"Height":48,"Demand":0,"DemandMax":1,"Value":12672},{"Length":14,"Height":21,"Demand":0,"DemandMax":1,"Value":882},{"Length":85,"Height":40,"Demand":0,"DemandMax":1,"Value":6800},{"Length":42,"Height":85,"Demand":0,"DemandMax":1,"Value":7140},{"Length":68,"Height":91,"Demand":0,"DemandMax":1,"Value":18564},{"Length":43,"Height":26,"Demand":0,"DemandMax":1,"Value":2236},{"Length":95,"Height":8,"Demand":0,"DemandMax":1,"Value":2280},{"Length":77,"Height":66,"Demand":0,"DemandMax":1,"Value":5082},{"Length":4,"Height":18,"Demand":0,"DemandMax":1,"Value":144},{"Length":30,"Height":44,"Demand":0,"DemandMax":1,"Value":3960},{"Length":82,"Height":26,"Demand":0,"DemandMax":1,"Value":4264},{"Length":77,"Height":67,"Demand":0,"DemandMax":1,"Value":15477},{"Length":46,"Height":35,"Demand":0,"DemandMax":1,"Value":3220},{"Length":80,"Height":9,"Demand":0,"DemandMax":1,"Value":2160},{"Length":83,"Height":100,"Demand":0,"DemandMax":1,"Value":16600},{"Length":17,"Height":7,"Demand":0,"DemandMax":1,"Value":238},{"Length":51,"Height":68,"Demand":0,"DemandMax":1,"Value":3468},{"Length":11,"Height":79,"Demand":0,"DemandMax":1,"Value":869},{"Length":13,"Height":17,"Demand":0,"DemandMax":1,"Value":663},{"Length":45,"Height":40,"Demand":0,"DemandMax":1,"Value":5400},{"Length":79,"Height":56,"Demand":0,"DemandMax":1,"Value":8848},{"Length":86,"Height":11,"Demand":0,"DemandMax":1,"Value":946},{"Length":32,"Height":93,"Demand":0,"DemandMax":1,"Value":5952},{"Length":46,"Height":6,"Demand":0,"DemandMax":1,"Value":552},{"Length":13,"Height":2,"Demand":0,"DemandMax":1,"Value":26},{"Length":7,"Height":44,"Demand":0,"DemandMax":1,"Value":308},{"Length":29,"Height":9,"Demand":0,"DemandMax":1,"Value":261},{"Length":14,"Height":50,"Demand":0,"DemandMax":1,"Value":2100},{"Length":47,"Height":29,"Demand":0,"DemandMax":1,"Value":2726},{"Length":14,"Height":87,"Demand":0,"DemandMax":1,"Value":1218},{"Length":41,"Height":32,"Demand":0,"DemandMax":1,"Value":1312},{"Length":97,"Height":4,"Demand":0,"DemandMax":1,"Value":1164},{"Length":48,"Height":41,"Demand":0,"DemandMax":1,"Value":3936},{"Length":27,"Height":85,"Demand":0,"DemandMax":1,"Value":2295},{"Length":27,"Height":96,"Demand":0,"DemandMax":1,"Value":7776},{"Length":27,"Height":93,"Demand":0,"DemandMax":1,"Value":2511},{"Length":82,"Height":2,"Demand":0,"DemandMax":1,"Value":164},{"Length":33,"Height":50,"Demand":0,"DemandMax":1,"Value":3300},{"Length":77,"Height":22,"Demand":0,"DemandMax":1,"Value":3388},{"Length":49,"Height":87,"Demand":0,"DemandMax":1,"Value":12789},{"Length":33,"Height":45,"Demand":0,"DemandMax":1,"Value":4455},{"Length":87,"Height":15,"Demand":0,"DemandMax":1,"Value":1305},{"Length":98,"Height":48,"Demand":0,"DemandMax":1,"Value":4704},{"Length":32,"Height":80,"Demand":0,"DemandMax":1,"Value":7680},{"Length":44,"Height":80,"Demand":0,"DemandMax":1,"Value":7040},{"Length":28,"Height":39,"Demand":0,"DemandMax":1,"Value":3276},{"Length":5,"Height":40,"Demand":0,"DemandMax":1,"Value":600},{"Length":99,"Height":8,"Demand":0,"DemandMax":1,"Value":1584},{"Length":8,"Height":18,"Demand":0,"DemandMax":1,"Value":432},{"Length":6,"Height":84,"Demand":0,"DemandMax":1,"Value":504},{"Length":11,"Height":36,"Demand":0,"DemandMax":1,"Value":792},{"Length":13,"Height":4,"Demand":0,"DemandMax":1,"Value":156},{"Length":3,"Height":82,"Demand":0,"DemandMax":1,"Value":738},{"Length":46,"Height":26,"Demand":0,"DemandMax":1,"Value":3588},{"Length":68,"Height":65,"Demand":0,"DemandMax":1,"Value":4420},{"Length":6,"Height":16,"Demand":0,"DemandMax":1,"Value":288},{"Length":50,"Height":93,"Demand":0,"DemandMax":1,"Value":13950},{"Length":89,"Height":10,"Demand":0,"DemandMax":1,"Value":1780},{"Length":9,"Height":45,"Demand":0,"DemandMax":1,"Value":810},{"Length":23,"Height":25,"Demand":0,"DemandMax":1,"Value":1725},{"Length":21,"Height":44,"Demand":0,"DemandMax":1,"Value":2772}]}