{"Name":"ngcutfs2_8","Objects":[{"Length":100,"Height":100,"Stock":null,"Cost":10000}],"Items":[{"Length":65,"Height":95,"Demand":0,"DemandMax":1,"Value":12350},{"Length":43,"Height":50,"Demand":0,"DemandMax":1,"Value":2150},{"Length":92,"Height":23,"Demand":0,"DemandMax":1,"Value":6348},{"Length":62,"Height":74,"Demand":0,"DemandMax":1,"Value":4588},{"Length":14,"Height":14,"Demand":0,"DemandMax":1,"Value":588},{"Length":89,"Height":68,"Demand":0,"DemandMax":1,"Value":18156},{"Length":48,"Height":40,"Demand":0,"DemandMax":1,"Value":3840},{"Length":45,"Height":4,"Demand":0,"DemandMax":1,"Value":180},{"Length":21,"Height":17,"Demand":0,"DemandMax":1,"Value":357},{"Length":38,"Height":23,"Demand":0,"DemandMax":1,"Value":2622},{"Length":27,"Height":78,"Demand":0,"DemandMax":1,"Value":6318},{"Length":19,"Height":85,"Demand":0,"DemandMax":1,"Value":4845},{"Length":5,"Height":82,"Demand":0,"DemandMax":1,"Value":820},{"Length":100,"Height":81,"Demand":0,"DemandMax":1,"Value":24300},{"Length":42,"Height":11,"Demand":0,"DemandMax":1,"Value":462},{"Length":28,"Height":14,"Demand":0,"DemandMax":1,"Value":784},{"Length":94,"Height":28,"Demand":0,"DemandMax":1,"Value":2632},{"Length":52,"Height":88,"Demand":0,"DemandMax":1,"Value":4576},{"Length":14,"Height":5,"Demand":0,"DemandMax":1,"Value":70},{"Length":12,"Height":42,"Demand":0,"DemandMax":1,"Value":1512},{"Length":8,"Height":93,"Demand":0,"DemandMax":1,"Value":1488},{"Length":7,"Height":94,"Demand":0,"DemandMax":1,"Value":1316},{"Length":18,"Height":45,"Demand":0,"DemandMax":1,"Value":2430},{"Length":91,"Height":52,"Demand":0,"DemandMax":1,"Value":9464},{"Length":99,"Height":61,"Demand":0,"DemandMax":1,"Value":18117},{"Length":10,"Height":22,"Demand":0,"DemandMax":1,"Value":440},{"Length":15,"Height":88,"Demand":0,"DemandMax":1,"Value":1320},{"Length":42,"Height":43,"Demand":0,"DemandMax":1,"Value":1806},{"Length":44,"Height":98,"Demand":0,"DemandMax":1,"Value":4312},{"Length":8,"Height":10,"Demand":0,"DemandMax":1,"Value":240},{"Length":100,"Height":31,"Demand":0,"DemandMax":1,"Value":6200},{"Length":63,"Height":78,"Demand":0,"DemandMax":1,"Value":4914},{"Length":20,"Height":99,"Demand":0,"DemandMax":1,"Value":5940},{"Length":7,"Height":89,"Demand":0,"DemandMax":1,"Value":1246},{"Length":86,"Height":72,"Demand":0,"DemandMax":1,"Value":12384},{"Length":38,"Height":37,"Demand":0,"DemandMax":1,"Value":1406},{"Length":27,"Height":86,"Demand":0,"DemandMax":1,"Value":2322},{"Length":8,"Height":6,"Demand":0,"DemandMax":1,"Value":48},{"Length":87,"Height":98,"Demand":0,"DemandMax":1,"Value":17052},{"Length":56,"Height":99,"Demand":0,"DemandMax":1,"Value":5544}]}