{"Name":"ngcutfs1_16","Objects":[{"Length":100,"Height":100,"Stock":null,"Cost":10000}],"Items":[{"Length":35,"Height":4,"Demand":0,"DemandMax":3,"Value":420},{"Length":23,"Height":100,"Demand":0,"DemandMax":3,"Value":2300},{"Length":51,"Height":84,"Demand":0,"DemandMax":3,"Value":8568},{"Length":94,"Height":49,"Demand":0,"DemandMax":3,"Value":13818},{"Length":42,"Height":81,"Demand":0,"DemandMax":3,"Value":10206},{"Length":44,"Height":45,"Demand":0,"DemandMax":3,"Value":3960},{"Length":46,"Height":10,"Demand":0,"DemandMax":3,"Value":1380},{"Length":16,"Height":81,"Demand":0,"DemandMax":3,"Value":3888},{"Length":41,"Height":81,"Demand":0,"DemandMax":3,"Value":6642},{"Length":79,"Height":100,"Demand":0,"DemandMax":3,"Value":23700},{"Length":93,"Height":88,"Demand":0,"DemandMax":3,"Value":24552},{"Length":13,"Height":42,"Demand":0,"DemandMax":3,"Value":1092},{"Length":82,"Height":6,"Demand":0,"DemandMax":3,"Value":984},{"Length":10,"Height":50,"Demand":0,"DemandMax":3,"Value":500},{"Length":79,"Height":95,"Demand":0,"DemandMax":3,"Value":22515},{"Length":81,"Height":50,"Demand":0,"DemandMax":3,"Value":4050},{"Length":63,"Height":67,"Demand":0,"DemandMax":3,"Value":8442},{"Length":16,"Height":44,"Demand":0,"DemandMax":3,"Value":2112},{"Length":79,"Height":9,"Demand":0,"DemandMax":3,"Value":1422},{"Length":32,"Height":17,"Demand":0,"DemandMax":3,"Value":544},{"Length":31,"Height":11,"Demand":0,"DemandMax":3,"Value":341},{"Length":9,"Height":93,"Demand":0,"DemandMax":3,"Value":2511},{"Length":50,"Height":11,"Demand":0,"DemandMax":3,"Value":1100},{"Length":33,"Height":30,"Demand":0,"DemandMax":3,"Value":1980},{"Length":20,"Height":96,"Demand":0,"DemandMax":3,"Value":1920},{"Length":34,"Height":46,"Demand":0,"DemandMax":3,"Value":1564},{"Length":35,"Height":80,"Demand":0,"DemandMax":3,"Value":8400},{"Length":17,"Height":17,"Demand":0,"DemandMax":3,"Value":289},{"Length":85,"Height":5,"Demand":0,"DemandMax":3,"Value":850},{"Length":30,"Height":32,"Demand":0,"DemandMax":3,"Value":1920},{"Length":66,"Height":100,"Demand":0,"DemandMax":3,"Value":13200},{"Length":31,"Height":33,"Demand":0,"DemandMax":3,"Value":3069},{"Length":97,"Height":8,"Demand":0,"DemandMax":3,"Value":2328},{"Length":28,"Height":4,"Demand":0,"DemandMax":3,"Value":224},{"Length":58,"Height":51,"Demand":0,"DemandMax":3,"Value":5916},{"Length":7,"Height":95,"Demand":0,"DemandMax":3,"Value":1330},{"Length":12,"Height":17,"Demand":0,"DemandMax":3,"Value":612},{"Length":95,"Height":90,"Demand":0,"DemandMax":3,"Value":25650},{"Length":97,"Height":19,"Demand":0,"DemandMax":3,"Value":3686},{"Length":41,"Height":33,"Demand":0,"DemandMax":3,"Value":2706}]}