{"Name":"ngcutfs2_197","Objects":[{"Length":100,"Height":100,"Stock":null,"Cost":10000}],"Items":[{"Length":85,"Height":22,"Demand":0,"DemandMax":3,"Value":3740},{"Length":13,"Height":42,"Demand":0,"DemandMax":3,"Value":546},{"Length":10,"Height":41,"Demand":0,"DemandMax":3,"Value":1230},{"Length":34,"Height":91,"Demand":0,"DemandMax":3,"Value":9282},{"Length":44,"Height":9,"Demand":0,"DemandMax":3,"Value":396},{"Length":97,"Height":76,"Demand":0,"DemandMax":3,"Value":22116},{"Length":86,"Height":48,"Demand":0,"DemandMax":3,"Value":8256},{"Length":28,"Height":2,"Demand":0,"DemandMax":3,"Value":168},{"Length":39,"Height":88,"Demand":0,"DemandMax":6,"Value":6864},{"Length":22,"Height":25,"Demand":0,"DemandMax":3,"Value":1650},{"Length":63,"Height":66,"Demand":0,"DemandMax":3,"Value":4158},{"Length":47,"Height":22,"Demand":0,"DemandMax":3,"Value":1034},{"Length":10,"Height":8,"Demand":0,"DemandMax":3,"Value":240},{"Length":44,"Height":11,"Demand":0,"DemandMax":3,"Value":1452},{"Length":13,"Height":6,"Demand":0,"DemandMax":3,"Value":78},{"Length":45,"Height":35,"Demand":0,"DemandMax":3,"Value":4725},{"Length":37,"Height":96,"Demand":0,"DemandMax":3,"Value":7104},{"Length":45,"Height":10,"Demand":0,"DemandMax":6,"Value":450},{"Length":13,"Height":13,"Demand":0,"DemandMax":3,"Value":507},{"Length":29,"Height":8,"Demand":0,"DemandMax":3,"Value":696},{"Length":46,"Height":36,"Demand":0,"DemandMax":3,"Value":3312},{"Length":15,"Height":27,"Demand":0,"DemandMax":3,"Value":810},{"Length":42,"Height":10,"Demand":0,"DemandMax":3,"Value":420},{"Length":90,"Height":68,"Demand":0,"DemandMax":3,"Value":18360},{"Length":14,"Height":30,"Demand":0,"DemandMax":3,"Value":1260},{"Length":3,"Height":29,"Demand":0,"DemandMax":3,"Value":174},{"Length":16,"Height":44,"Demand":0,"DemandMax":3,"Value":1408},{"Length":5,"Height":5,"Demand":0,"DemandMax":3,"Value":50},{"Length":94,"Height":96,"Demand":0,"DemandMax":3,"Value":27072},{"Length":39,"Height":35,"Demand":0,"DemandMax":3,"Value":1365},{"Length":3,"Height":24,"Demand":0,"DemandMax":6,"Value":72},{"Length":22,"Height":2,"Demand":0,"DemandMax":3,"Value":88},{"Length":81,"Height":88,"Demand":0,"DemandMax":3,"Value":21384},{"Length":4,"Height":24,"Demand":0,"DemandMax":3,"Value":192},{"Length":85,"Height":42,"Demand":0,"DemandMax":3,"Value":7140},{"Length":84,"Height":17,"Demand":0,"DemandMax":3,"Value":1428},{"Length":29,"Height":24,"Demand":0,"DemandMax":3,"Value":2088},{"Length":90,"Height":35,"Demand":0,"DemandMax":3,"Value":3150},{"Length":24,"Height":38,"Demand":0,"DemandMax":3,"Value":912},{"Length":20,"Height":7,"Demand":0,"DemandMax":3,"Value":420},{"Length":48,"Height":38,"Demand":0,"DemandMax":3,"Value":5472},{"Length":28,"Height":24,"Demand":0,"DemandMax":3,"Value":672},{"Length":11,"Height":44,"Demand":0,"DemandMax":3,"Value":484},{"Length":52,"Height":67,"Demand":0,"DemandMax":3,"Value":10452},{"Length":99,"Height":78,"Demand":0,"DemandMax":3,"Value":7722},{"Length":26,"Height":18,"Demand":0,"DemandMax":3,"Value":1404},{"Length":17,"Height":79,"Demand":0,"DemandMax":3,"Value":4029},{"Length":27,"Height":5,"Demand":0,"DemandMax":3,"Value":135},{"Length":69,"Height":100,"Demand":0,"DemandMax":3,"Value":13800},{"Length":15,"Height":80,"Demand":0,"DemandMax":3,"Value":3600},{"Length":12,"Height":50,"Demand":0,"DemandMax":3,"Value":600},{"Length":46,"Height":19,"Demand":0,"DemandMax":3,"Value":874},{"Length":46,"Height":32,"Demand":0,"DemandMax":9,"Value":4416},{"Length":97,"Height":2,"Demand":0,"DemandMax":3,"Value":582},{"Length":24,"Height":45,"Demand":0,"DemandMax":3,"Value":2160},{"Length":97,"Height":58,"Demand":0,"DemandMax":3,"Value":11252},{"Length":97,"Height":45,"Demand":0,"DemandMax":3,"Value":8730},{"Length":28,"Height":34,"Demand":0,"DemandMax":3,"Value":952},{"Length":38,"Height":29,"Demand":0,"DemandMax":3,"Value":2204},{"Length":36,"Height":27,"Demand":0,"DemandMax":3,"Value":1944},{"Length":40,"Height":80,"Demand":0,"DemandMax":3,"Value":9600},{"Length":15,"Height":41,"Demand":0,"DemandMax":3,"Value":1230},{"Length":41,"Height":14,"Demand":0,"DemandMax":3,"Value":1722},{"Length":5,"Height":80,"Demand":0,"DemandMax":3,"Value":800},{"Length":46,"Height":85,"Demand":0,"DemandMax":3,"Value":7820},{"Length":28,"Height":46,"Demand":0,"DemandMax":3,"Value":3864},{"Length":15,"Height":27,"Demand":0,"DemandMax":3,"Value":1215},{"Length":40,"Height":21,"Demand":0,"DemandMax":3,"Value":2520},{"Length":22,"Height":87,"Demand":0,"DemandMax":3,"Value":5742},{"Length":40,"Height":94,"Demand":0,"DemandMax":3,"Value":3760},{"Length":41,"Height":22,"Demand":0,"DemandMax":3,"Value":2706},{"Length":29,"Height":24,"Demand":0,"DemandMax":3,"Value":696},{"Length":33,"Height":8,"Demand":0,"DemandMax":3,"Value":528},{"Length":46,"Height":77,"Demand":0,"DemandMax":3,"Value":3542},{"Length":41,"Height":21,"Demand":0,"DemandMax":3,"Value":2583},{"Length":7,"Height":46,"Demand":0,"DemandMax":3,"Value":644},{"Length":17,"Height":28,"Demand":0,"DemandMax":3,"Value":1428},{"Length":71,"Height":67,"Demand":0,"DemandMax":3,"Value":4757},{"Length":22,"Height":76,"Demand":0,"DemandMax":3,"Value":5016},{"Length":34,"Height":89,"Demand":0,"DemandMax":3,"Value":6052},{"Length":89,"Height":5,"Demand":0,"DemandMax":3,"Value":445},{"Length":13,"Height":26,"Demand":0,"DemandMax":3,"Value":676},{"Length":57,"Height":66,"Demand":0,"DemandMax":3,"Value":7524},{"Length":85,"Height":2,"Demand":0,"DemandMax":6,"Value":510},{"Length":33,"Height":15,"Demand":0,"DemandMax":3,"Value":495},{"Length":24,"Height":4,"Demand":0,"DemandMax":3,"Value":192},{"Length":63,"Height":90,"Demand":0,"DemandMax":3,"Value":11340},{"Length":13,"Height":29,"Demand":0,"DemandMax":3,"Value":1131},{"Length":26,"Height":28,"Demand":0,"DemandMax":3,"Value":1456},{"Length":14,"Height":40,"Demand":0,"DemandMax":3,"Value":1680},{"Length":37,"Height":4,"Demand":0,"DemandMax":3,"Value":148},{"Length":21,"Height":5,"Demand":0,"DemandMax":3,"Value":315},{"Length":79,"Height":86,"Demand":0,"DemandMax":3,"Value":20382},{"Length":43,"Height":99,"Demand":0,"DemandMax":3,"Value":8514},{"Length":52,"Height":79,"Demand":0,"DemandMax":3,"Value":12324},{"Length":65,"Height":91,"Demand":0,"DemandMax":3,"Value":17745},{"Length":7,"Height":26,"Demand":0,"DemandMax":3,"Value":364},{"Length":36,"Height":81,"Demand":0,"DemandMax":3,"Value":8748},{"Length":25,"Height":20,"Demand":0,"DemandMax":3,"Value":1000},{"Length":18,"Height":22,"Demand":0,"DemandMax":3,"Value":1188},{"Length":35,"Height":25,"Demand":0,"DemandMax":3,"Value":2625},{"Length":89,"Height":14,"Demand":0,"DemandMax":6,"Value":3738},{"Length":38,"Height":77,"Demand":0,"DemandMax":3,"Value":2926},{"Length":21,"Height":31,"Demand":0,"DemandMax":6,"Value":651},{"Length":6,"Height":48,"Demand":0,"DemandMax":3,"Value":576},{"Length":34,"Height":48,"Demand":0,"DemandMax":3,"Value":1632},{"Length":6,"Height":82,"Demand":0,"DemandMax":3,"Value":492},{"Length":9,"Height":80,"Demand":0,"DemandMax":3,"Value":1440},{"Length":93,"Height":99,"Demand":0,"DemandMax":3,"Value":18414},{"Length":19,"Height":9,"Demand":0,"DemandMax":3,"Value":171},{"Length":76,"Height":54,"Demand":0,"DemandMax":3,"Value":12312},{"Length":23,"Height":14,"Demand":0,"DemandMax":3,"Value":644},{"Length":85,"Height":81,"Demand":0,"DemandMax":3,"Value":20655},{"Length":25,"Height":32,"Demand":0,"DemandMax":3,"Value":800},{"Length":65,"Height":91,"Demand":0,"DemandMax":3,"Value":11830},{"Length":74,"Height":66,"Demand":0,"DemandMax":3,"Value":9768},{"Length":36,"Height":9,"Demand":0,"DemandMax":3,"Value":648},{"Length":41,"Height":14,"Demand":0,"DemandMax":3,"Value":1148},{"Length":34,"Height":97,"Demand":0,"DemandMax":3,"Value":6596},{"Length":82,"Height":49,"Demand":0,"DemandMax":3,"Value":4018},{"Length":80,"Height":2,"Demand":0,"DemandMax":3,"Value":480},{"Length":99,"Height":72,"Demand":0,"DemandMax":3,"Value":14256},{"Length":16,"Height":11,"Demand":0,"DemandMax":3,"Value":352},{"Length":14,"Height":23,"Demand":0,"DemandMax":6,"Value":322},{"Length":18,"Height":20,"Demand":0,"DemandMax":3,"Value":360},{"Length":43,"Height":10,"Demand":0,"DemandMax":3,"Value":860},{"Length":34,"Height":94,"Demand":0,"DemandMax":3,"Value":6392},{"Length":67,"Height":64,"Demand":0,"DemandMax":6,"Value":12864},{"Length":7,"Height":39,"Demand":0,"DemandMax":3,"Value":819},{"Length":88,"Height":31,"Demand":0,"DemandMax":3,"Value":5456},{"Length":43,"Height":37,"Demand":0,"DemandMax":3,"Value":4773},{"Length":94,"Height":99,"Demand":0,"DemandMax":3,"Value":18612},{"Length":59,"Height":89,"Demand":0,"DemandMax":3,"Value":5251},{"Length":60,"Height":64,"Demand":0,"DemandMax":3,"Value":3840},{"Length":19,"Height":25,"Demand":0,"DemandMax":3,"Value":475},{"Length":18,"Height":7,"Demand":0,"DemandMax":6,"Value":378},{"Length":10,"Height":78,"Demand":0,"DemandMax":3,"Value":780},{"Length":99,"Height":19,"Demand":0,"DemandMax":6,"Value":5643},{"Length":11,"Height":94,"Demand":0,"DemandMax":3,"Value":1034},{"Length":15,"Height":12,"Demand":0,"DemandMax":3,"Value":180},{"Length":49,"Height":20,"Demand":0,"DemandMax":3,"Value":980},{"Length":50,"Height":43,"Demand":0,"DemandMax":3,"Value":2150},{"Length":40,"Height":5,"Demand":0,"DemandMax":3,"Value":200},{"Length":36,"Height":91,"Demand":0,"DemandMax":3,"Value":6552},{"Length":34,"Height":44,"Demand":0,"DemandMax":3,"Value":4488},{"Length":27,"Height":22,"Demand":0,"DemandMax":3,"Value":1188},{"Length":34,"Height":33,"Demand":0,"DemandMax":3,"Value":3366},{"Length":45,"Height":27,"Demand":0,"DemandMax":3,"Value":3645},{"Length":24,"Height":28,"Demand":0,"DemandMax":3,"Value":2016},{"Length":13,"Height":17,"Demand":0,"DemandMax":3,"Value":663},{"Length":26,"Height":78,"Demand":0,"DemandMax":3,"Value":2028},{"Length":16,"Height":34,"Demand":0,"DemandMax":3,"Value":1632},{"Length":66,"Height":78,"Demand":0,"DemandMax":3,"Value":5148},{"Length":68,"Height":93,"Demand":0,"DemandMax":6,"Value":6324},{"Length":37,"Height":77,"Demand":0,"DemandMax":3,"Value":8547},{"Length":49,"Height":41,"Demand":0,"DemandMax":3,"Value":6027},{"Length":11,"Height":40,"Demand":0,"DemandMax":3,"Value":880},{"Length":63,"Height":85,"Demand":0,"DemandMax":3,"Value":16065},{"Length":70,"Height":69,"Demand":0,"DemandMax":3,"Value":14490},{"Length":39,"Height":3,"Demand":0,"DemandMax":3,"Value":351},{"Length":36,"Height":24,"Demand":0,"DemandMax":3,"Value":864},{"Length":62,"Height":79,"Demand":0,"DemandMax":3,"Value":14694},{"Length":44,"Height":2,"Demand":0,"DemandMax":3,"Value":176},{"Length":19,"Height":12,"Demand":0,"DemandMax":3,"Value":228},{"Length":35,"Height":32,"Demand":0,"DemandMax":3,"Value":3360},{"Length":75,"Height":52,"Demand":0,"DemandMax":3,"Value":7800},{"Length":11,"Height":7,"Demand":0,"DemandMax":3,"Value":154},{"Length":39,"Height":44,"Demand":0,"DemandMax":3,"Value":1716},{"Length":49,"Height":6,"Demand":0,"DemandMax":3,"Value":588},{"Length":31,"Height":82,"Demand":0,"DemandMax":3,"Value":5084},{"Length":15,"Height":48,"Demand":0,"DemandMax":3,"Value":2160},{"Length":8,"Height":80,"Demand":0,"DemandMax":3,"Value":1280},{"Length":14,"Height":19,"Demand":0,"DemandMax":3,"Value":266},{"Length":43,"Height":98,"Demand":0,"DemandMax":3,"Value":12642},{"Length":30,"Height":46,"Demand":0,"DemandMax":3,"Value":2760},{"Length":75,"Height":70,"Demand":0,"DemandMax":3,"Value":5250},{"Length":66,"Height":89,"Demand":0,"DemandMax":3,"Value":5874},{"Length":14,"Height":29,"Demand":0,"DemandMax":6,"Value":1218},{"Length":29,"Height":45,"Demand":0,"DemandMax":3,"Value":3915},{"Length":4,"Height":33,"Demand":0,"DemandMax":3,"Value":264},{"Length":96,"Height":43,"Demand":0,"DemandMax":3,"Value":8256},{"Length":9,"Height":20,"Demand":0,"DemandMax":3,"Value":360},{"Length":47,"Height":95,"Demand":0,"DemandMax":3,"Value":4465},{"Length":19,"Height":28,"Demand":0,"DemandMax":3,"Value":1064},{"Length":13,"Height":81,"Demand":0,"DemandMax":3,"Value":2106},{"Length":33,"Height":34,"Demand":0,"DemandMax":3,"Value":3366},{"Length":30,"Height":8,"Demand":0,"DemandMax":3,"Value":720},{"Length":25,"Height":6,"Demand":0,"DemandMax":3,"Value":300},{"Length":48,"Height":38,"Demand":0,"DemandMax":3,"Value":3648},{"Length":34,"Height":27,"Demand":0,"DemandMax":3,"Value":1836},{"Length":62,"Height":71,"Demand":0,"DemandMax":3,"Value":8804},{"Length":85,"Height":33,"Demand":0,"DemandMax":3,"Value":8415},{"Length":97,"Height":32,"Demand":0,"DemandMax":3,"Value":9312},{"Length":20,"Height":23,"Demand":0,"DemandMax":3,"Value":1380},{"Length":93,"Height":64,"Demand":0,"DemandMax":3,"Value":5952},{"Length":46,"Height":85,"Demand":0,"DemandMax":3,"Value":11730},{"Length":24,"Height":44,"Demand":0,"DemandMax":3,"Value":2112},{"Length":13,"Height":25,"Demand":0,"DemandMax":3,"Value":975},{"Length":15,"Height":49,"Demand":0,"DemandMax":3,"Value":1470},{"Length":17,"Height":88,"Demand":0,"DemandMax":3,"Value":2992},{"Length":17,"Height":3,"Demand":0,"DemandMax":3,"Value":102},{"Length":43,"Height":3,"Demand":0,"DemandMax":3,"Value":258},{"Length":32,"Height":5,"Demand":0,"DemandMax":3,"Value":160},{"Length":38,"Height":9,"Demand":0,"DemandMax":3,"Value":1026},{"Length":93,"Height":23,"Demand":0,"DemandMax":3,"Value":2139},{"Length":2,"Height":81,"Demand":0,"DemandMax":6,"Value":162},{"Length":29,"Height":32,"Demand":0,"DemandMax":3,"Value":1856},{"Length":85,"Height":28,"Demand":0,"DemandMax":3,"Value":2380},{"Length":19,"Height":88,"Demand":0,"DemandMax":3,"Value":1672},{"Length":15,"Height":50,"Demand":0,"DemandMax":3,"Value":750},{"Length":56,"Height":91,"Demand":0,"DemandMax":3,"Value":5096},{"Length":18,"Height":95,"Demand":0,"DemandMax":3,"Value":5130},{"Length":29,"Height":93,"Demand":0,"DemandMax":3,"Value":5394},{"Length":4,"Height":26,"Demand":0,"DemandMax":3,"Value":104},{"Length":94,"Height":42,"Demand":0,"DemandMax":3,"Value":3948},{"Length":80,"Height":50,"Demand":0,"DemandMax":3,"Value":8000},{"Length":98,"Height":74,"Demand":0,"DemandMax":3,"Value":14504},{"Length":11,"Height":33,"Demand":0,"DemandMax":3,"Value":363},{"Length":81,"Height":25,"Demand":0,"DemandMax":3,"Value":2025},{"Length":22,"Height":5,"Demand":0,"DemandMax":6,"Value":110},{"Length":38,"Height":9,"Demand":0,"DemandMax":3,"Value":684},{"Length":73,"Height":59,"Demand":0,"DemandMax":3,"Value":12921},{"Length":60,"Height":99,"Demand":0,"DemandMax":3,"Value":11880},{"Length":46,"Height":44,"Demand":0,"DemandMax":3,"Value":4048},{"Length":93,"Height":39,"Demand":0,"DemandMax":3,"Value":3627},{"Length":31,"Height":94,"Demand":0,"DemandMax":3,"Value":5828},{"Length":88,"Height":53,"Demand":0,"DemandMax":3,"Value":9328},{"Length":43,"Height":34,"Demand":0,"DemandMax":3,"Value":1462},{"Length":37,"Height":20,"Demand":0,"DemandMax":3,"Value":2220},{"Length":37,"Height":16,"Demand":0,"DemandMax":3,"Value":1776},{"Length":2,"Height":96,"Demand":0,"DemandMax":3,"Value":576},{"Length":37,"Height":2,"Demand":0,"DemandMax":3,"Value":222},{"Length":5,"Height":90,"Demand":0,"DemandMax":3,"Value":1350},{"Length":35,"Height":5,"Demand":0,"DemandMax":3,"Value":525},{"Length":46,"Height":18,"Demand":0,"DemandMax":3,"Value":1656},{"Length":75,"Height":69,"Demand":0,"DemandMax":3,"Value":15525},{"Length":16,"Height":12,"Demand":0,"DemandMax":3,"Value":384},{"Length":23,"Height":14,"Demand":0,"DemandMax":3,"Value":322},{"Length":91,"Height":33,"Demand":0,"DemandMax":3,"Value":3003},{"Length":42,"Height":77,"Demand":0,"DemandMax":3,"Value":3234},{"Length":86,"Height":56,"Demand":0,"DemandMax":3,"Value":4816},{"Length":90,"Height":47,"Demand":0,"DemandMax":3,"Value":8460},{"Length":80,"Height":26,"Demand":0,"DemandMax":3,"Value":4160},{"Length":98,"Height":24,"Demand":0,"DemandMax":3,"Value":4704},{"Length":29,"Height":43,"Demand":0,"DemandMax":3,"Value":3741},{"Length":84,"Height":28,"Demand":0,"DemandMax":3,"Value":2352},{"Length":12,"Height":32,"Demand":0,"DemandMax":3,"Value":384},{"Length":48,"Height":29,"Demand":0,"DemandMax":3,"Value":2784},{"Length":44,"Height":92,"Demand":0,"DemandMax":3,"Value":12144},{"Length":27,"Height":31,"Demand":0,"DemandMax":3,"Value":837},{"Length":26,"Height":31,"Demand":0,"DemandMax":3,"Value":806},{"Length":100,"Height":91,"Demand":0,"DemandMax":3,"Value":9100},{"Length":71,"Height":96,"Demand":0,"DemandMax":3,"Value":20448},{"Length":8,"Height":42,"Demand":0,"DemandMax":3,"Value":672},{"Length":4,"Height":9,"Demand":0,"DemandMax":3,"Value":36},{"Length":12,"Height":48,"Demand":0,"DemandMax":3,"Value":1728},{"Length":81,"Height":92,"Demand":0,"DemandMax":3,"Value":7452},{"Length":32,"Height":22,"Demand":0,"DemandMax":3,"Value":1408},{"Length":25,"Height":37,"Demand":0,"DemandMax":3,"Value":1850},{"Length":100,"Height":79,"Demand":0,"DemandMax":3,"Value":15800},{"Length":78,"Height":60,"Demand":0,"DemandMax":6,"Value":4680},{"Length":33,"Height":11,"Demand":0,"DemandMax":3,"Value":363},{"Length":10,"Height":30,"Demand":0,"DemandMax":3,"Value":300},{"Length":5,"Height":35,"Demand":0,"DemandMax":6,"Value":350},{"Length":9,"Height":6,"Demand":0,"DemandMax":3,"Value":54},{"Length":20,"Height":19,"Demand":0,"DemandMax":3,"Value":760},{"Length":46,"Height":93,"Demand":0,"DemandMax":3,"Value":4278},{"Length":12,"Height":36,"Demand":0,"DemandMax":3,"Value":1296},{"Length":100,"Height":35,"Demand":0,"DemandMax":3,"Value":7000},{"Length":23,"Height":86,"Demand":0,"DemandMax":3,"Value":1978},{"Length":40,"Height":11,"Demand":0,"DemandMax":3,"Value":440},{"Length":44,"Height":31,"Demand":0,"DemandMax":3,"Value":2728},{"Length":65,"Height":72,"Demand":0,"DemandMax":3,"Value":4680},{"Length":29,"Height":13,"Demand":0,"DemandMax":3,"Value":377},{"Length":92,"Height":47,"Demand":0,"DemandMax":3,"Value":4324},{"Length":97,"Height":42,"Demand":0,"DemandMax":3,"Value":8148},{"Length":57,"Height":95,"Demand":0,"DemandMax":3,"Value":10830},{"Length":49,"Height":83,"Demand":0,"DemandMax":3,"Value":12201},{"Length":35,"Height":9,"Demand":0,"DemandMax":3,"Value":630},{"Length":24,"Height":11,"Demand":0,"DemandMax":3,"Value":792},{"Length":11,"Height":16,"Demand":0,"DemandMax":3,"Value":176},{"Length":36,"Height":15,"Demand":0,"DemandMax":3,"Value":1620},{"Length":85,"Height":22,"Demand":0,"DemandMax":3,"Value":5610},{"Length":37,"Height":48,"Demand":0,"DemandMax":3,"Value":3552},{"Length":14,"Height":27,"Demand":0,"DemandMax":3,"Value":1134},{"Length":100,"Height":36,"Demand":0,"DemandMax":3,"Value":7200},{"Length":16,"Height":15,"Demand":0,"DemandMax":3,"Value":720},{"Length":30,"Height":27,"Demand":0,"DemandMax":3,"Value":810},{"Length":30,"Height":16,"Demand":0,"DemandMax":3,"Value":480},{"Length":6,"Height":22,"Demand":0,"DemandMax":3,"Value":132},{"Length":26,"Height":16,"Demand":0,"DemandMax":3,"Value":416},{"Length":25,"Height":41,"Demand":0,"DemandMax":9,"Value":2050},{"Length":77,"Height":12,"Demand":0,"DemandMax":3,"Value":924},{"Length":74,"Height":63,"Demand":0,"DemandMax":3,"Value":9324},{"Length":67,"Height":80,"Demand":0,"DemandMax":3,"Value":10720},{"Length":42,"Height":15,"Demand":0,"DemandMax":3,"Value":1890},{"Length":81,"Height":83,"Demand":0,"DemandMax":3,"Value":6723},{"Length":68,"Height":81,"Demand":0,"DemandMax":3,"Value":11016},{"Length":26,"Height":34,"Demand":0,"DemandMax":3,"Value":2652},{"Length":21,"Height":30,"Demand":0,"DemandMax":3,"Value":1890},{"Length":9,"Height":78,"Demand":0,"DemandMax":3,"Value":1404},{"Length":39,"Height":20,"Demand":0,"DemandMax":3,"Value":2340},{"Length":19,"Height":6,"Demand":0,"DemandMax":3,"Value":342},{"Length":4,"Height":36,"Demand":0,"DemandMax":3,"Value":432},{"Length":27,"Height":27,"Demand":0,"DemandMax":6,"Value":2187},{"Length":80,"Height":43,"Demand":0,"DemandMax":3,"Value":6880},{"Length":36,"Height":21,"Demand":0,"DemandMax":3,"Value":1512},{"Length":9,"Height":37,"Demand":0,"DemandMax":3,"Value":999},{"Length":73,"Height":82,"Demand":0,"DemandMax":3,"Value":5986},{"Length":23,"Height":14,"Demand":0,"DemandMax":3,"Value":966},{"Length":7,"Height":40,"Demand":0,"DemandMax":3,"Value":840},{"Length":23,"Height":7,"Demand":0,"DemandMax":6,"Value":161},{"Length":23,"Height":91,"Demand":0,"DemandMax":3,"Value":4186},{"Length":16,"Height":37,"Demand":0,"DemandMax":3,"Value":1184},{"Length":8,"Height":48,"Demand":0,"DemandMax":3,"Value":1152},{"Length":100,"Height":7,"Demand":0,"DemandMax":3,"Value":1400},{"Length":5,"Height":40,"Demand":0,"DemandMax":3,"Value":400},{"Length":31,"Height":50,"Demand":0,"DemandMax":3,"Value":3100},{"Length":62,"Height":93,"Demand":0,"DemandMax":3,"Value":11532},{"Length":27,"Height":17,"Demand":0,"DemandMax":3,"Value":918},{"Length":30,"Height":4,"Demand":0,"DemandMax":3,"Value":240},{"Length":85,"Height":8,"Demand":0,"DemandMax":3,"Value":680},{"Length":39,"Height":17,"Demand":0,"DemandMax":3,"Value":663},{"Length":38,"Height":89,"Demand":0,"DemandMax":3,"Value":10146},{"Length":53,"Height":82,"Demand":0,"DemandMax":3,"Value":4346},{"Length":81,"Height":53,"Demand":0,"DemandMax":3,"Value":8586},{"Length":63,"Height":97,"Demand":0,"DemandMax":3,"Value":12222},{"Length":18,"Height":33,"Demand":0,"DemandMax":3,"Value":594},{"Length":67,"Height":58,"Demand":0,"DemandMax":3,"Value":3886},{"Length":24,"Height":38,"Demand":0,"DemandMax":3,"Value":2736},{"Length":15,"Height":10,"Demand":0,"DemandMax":3,"Value":300},{"Length":80,"Height":34,"Demand":0,"DemandMax":3,"Value":8160},{"Length":30,"Height":12,"Demand":0,"DemandMax":3,"Value":1080},{"Length":43,"Height":15,"Demand":0,"DemandMax":3,"Value":1290},{"Length":33,"Height":47,"Demand":0,"DemandMax":3,"Value":4653},{"Length":76,"Height":83,"Demand":0,"DemandMax":3,"Value":6308},{"Length":32,"Height":44,"Demand":0,"DemandMax":6,"Value":2816},{"Length":79,"Height":98,"Demand":0,"DemandMax":3,"Value":15484},{"Length":14,"Height":38,"Demand":0,"DemandMax":3,"Value":1596},{"Length":90,"Height":37,"Demand":0,"DemandMax":3,"Value":3330},{"Length":45,"Height":29,"Demand":0,"DemandMax":3,"Value":1305},{"Length":11,"Height":35,"Demand":0,"DemandMax":6,"Value":770},{"Length":78,"Height":59,"Demand":0,"DemandMax":3,"Value":9204},{"Length":12,"Height":19,"Demand":0,"DemandMax":3,"Value":228},{"Length":40,"Height":22,"Demand":0,"DemandMax":3,"Value":880},{"Length":28,"Height":91,"Demand":0,"DemandMax":3,"Value":2548},{"Length":39,"Height":24,"Demand":0,"DemandMax":3,"Value":1872},{"Length":9,"Height":83,"Demand":0,"DemandMax":3,"Value":747},{"Length":44,"Height":48,"Demand":0,"DemandMax":3,"Value":2112},{"Length":22,"Height":17,"Demand":0,"DemandMax":3,"Value":1122},{"Length":47,"Height":29,"Demand":0,"DemandMax":3,"Value":2726},{"Length":7,"Height":100,"Demand":0,"DemandMax":3,"Value":700},{"Length":73,"Height":97,"Demand":0,"DemandMax":3,"Value":21243},{"Length":15,"Height":39,"Demand":0,"DemandMax":3,"Value":1170},{"Length":77,"Height":63,"Demand":0,"DemandMax":3,"Value":9702},{"Length":89,"Height":11,"Demand":0,"DemandMax":3,"Value":979},{"Length":42,"Height":18,"Demand":0,"DemandMax":3,"Value":756},{"Length":63,"Height":86,"Demand":0,"DemandMax":3,"Value":16254},{"Length":94,"Height":19,"Demand":0,"DemandMax":3,"Value":5358},{"Length":48,"Height":95,"Demand":0,"DemandMax":3,"Value":4560},{"Length":100,"Height":66,"Demand":0,"DemandMax":3,"Value":19800},{"Length":77,"Height":45,"Demand":0,"DemandMax":3,"Value":10395},{"Length":29,"Height":38,"Demand":0,"DemandMax":3,"Value":1102},{"Length":100,"Height":96,"Demand":0,"DemandMax":3,"Value":9600},{"Length":96,"Height":97,"Demand":0,"DemandMax":3,"Value":18624},{"Length":88,"Height":48,"Demand":0,"DemandMax":3,"Value":8448},{"Length":19,"Height":10,"Demand":0,"DemandMax":3,"Value":570},{"Length":28,"Height":80,"Demand":0,"DemandMax":3,"Value":4480},{"Length":3,"Height":43,"Demand":0,"DemandMax":3,"Value":258},{"Length":15,"Height":37,"Demand":0,"DemandMax":3,"Value":1665},{"Length":28,"Height":21,"Demand":0,"DemandMax":3,"Value":1176},{"Length":7,"Height":34,"Demand":0,"DemandMax":3,"Value":714},{"Length":28,"Height":27,"Demand":0,"DemandMax":3,"Value":2268},{"Length":30,"Height":16,"Demand":0,"DemandMax":3,"Value":960},{"Length":30,"Height":98,"Demand":0,"DemandMax":3,"Value":5880},{"Length":44,"Height":4,"Demand":0,"DemandMax":6,"Value":528},{"Length":39,"Height":23,"Demand":0,"DemandMax":3,"Value":2691},{"Length":22,"Height":26,"Demand":0,"DemandMax":3,"Value":1716},{"Length":16,"Height":23,"Demand":0,"DemandMax":3,"Value":736},{"Length":95,"Height":28,"Demand":0,"DemandMax":3,"Value":5320},{"Length":2,"Height":19,"Demand":0,"DemandMax":3,"Value":76},{"Length":79,"Height":41,"Demand":0,"DemandMax":3,"Value":3239},{"Length":85,"Height":100,"Demand":0,"DemandMax":3,"Value":8500},{"Length":92,"Height":70,"Demand":0,"DemandMax":3,"Value":19320},{"Length":92,"Height":13,"Demand":0,"DemandMax":3,"Value":1196},{"Length":77,"Height":77,"Demand":0,"DemandMax":3,"Value":5929},{"Length":18,"Height":40,"Demand":0,"DemandMax":3,"Value":2160},{"Length":3,"Height":19,"Demand":0,"DemandMax":3,"Value":57},{"Length":87,"Height":75,"Demand":0,"DemandMax":3,"Value":19575},{"Length":21,"Height":33,"Demand":0,"DemandMax":3,"Value":2079},{"Length":29,"Height":21,"Demand":0,"DemandMax":3,"Value":609},{"Length":5,"Height":32,"Demand":0,"DemandMax":3,"Value":160},{"Length":25,"Height":20,"Demand":0,"DemandMax":6,"Value":1500},{"Length":13,"Height":76,"Demand":0,"DemandMax":3,"Value":988},{"Length":29,"Height":81,"Demand":0,"DemandMax":3,"Value":7047},{"Length":22,"Height":27,"Demand":0,"DemandMax":3,"Value":594},{"Length":92,"Height":5,"Demand":0,"DemandMax":3,"Value":1380},{"Length":78,"Height":52,"Demand":0,"DemandMax":3,"Value":4056},{"Length":87,"Height":51,"Demand":0,"DemandMax":3,"Value":8874},{"Length":7,"Height":33,"Demand":0,"DemandMax":3,"Value":462},{"Length":99,"Height":6,"Demand":0,"DemandMax":3,"Value":1188},{"Length":36,"Height":26,"Demand":0,"DemandMax":3,"Value":2808},{"Length":51,"Height":80,"Demand":0,"DemandMax":3,"Value":8160},{"Length":41,"Height":33,"Demand":0,"DemandMax":3,"Value":1353},{"Length":24,"Height":42,"Demand":0,"DemandMax":3,"Value":3024},{"Length":3,"Height":25,"Demand":0,"DemandMax":3,"Value":75},{"Length":67,"Height":58,"Demand":0,"DemandMax":3,"Value":7772},{"Length":42,"Height":27,"Demand":0,"DemandMax":3,"Value":1134},{"Length":3,"Height":4,"Demand":0,"DemandMax":3,"Value":24},{"Length":9,"Height":98,"Demand":0,"DemandMax":3,"Value":2646},{"Length":82,"Height":3,"Demand":0,"DemandMax":3,"Value":246},{"Length":5,"Height":48,"Demand":0,"DemandMax":3,"Value":480},{"Length":37,"Height":40,"Demand":0,"DemandMax":3,"Value":1480},{"Length":77,"Height":21,"Demand":0,"DemandMax":3,"Value":1617},{"Length":63,"Height":91,"Demand":0,"DemandMax":3,"Value":11466},{"Length":31,"Height":21,"Demand":0,"DemandMax":3,"Value":651},{"Length":35,"Height":10,"Demand":0,"DemandMax":3,"Value":350},{"Length":38,"Height":42,"Demand":0,"DemandMax":3,"Value":1596},{"Length":18,"Height":83,"Demand":0,"DemandMax":3,"Value":1494},{"Length":64,"Height":87,"Demand":0,"DemandMax":3,"Value":5568},{"Length":57,"Height":91,"Demand":0,"DemandMax":3,"Value":15561},{"Length":13,"Height":88,"Demand":0,"DemandMax":3,"Value":2288},{"Length":31,"Height":30,"Demand":0,"DemandMax":3,"Value":1860},{"Length":25,"Height":34,"Demand":0,"DemandMax":3,"Value":850},{"Length":17,"Height":97,"Demand":0,"DemandMax":3,"Value":4947},{"Length":26,"Height":39,"Demand":0,"DemandMax":6,"Value":1014},{"Length":84,"Height":63,"Demand":0,"DemandMax":3,"Value":10584},{"Length":7,"Height":49,"Demand":0,"DemandMax":3,"Value":1029},{"Length":4,"Height":81,"Demand":0,"DemandMax":3,"Value":972},{"Length":78,"Height":71,"Demand":0,"DemandMax":3,"Value":11076},{"Length":26,"Height":100,"Demand":0,"DemandMax":3,"Value":7800},{"Length":77,"Height":98,"Demand":0,"DemandMax":3,"Value":7546},{"Length":39,"Height":96,"Demand":0,"DemandMax":3,"Value":7488},{"Length":25,"Height":80,"Demand":0,"DemandMax":3,"Value":6000},{"Length":23,"Height":37,"Demand":0,"DemandMax":3,"Value":851},{"Length":47,"Height":3,"Demand":0,"DemandMax":3,"Value":282},{"Length":50,"Height":45,"Demand":0,"DemandMax":3,"Value":2250},{"Length":42,"Height":88,"Demand":0,"DemandMax":3,"Value":7392},{"Length":43,"Height":13,"Demand":0,"DemandMax":3,"Value":559},{"Length":40,"Height":4,"Demand":0,"DemandMax":6,"Value":480},{"Length":57,"Height":86,"Demand":0,"DemandMax":3,"Value":9804},{"Length":13,"Height":47,"Demand":0,"DemandMax":3,"Value":611},{"Length":3,"Height":38,"Demand":0,"DemandMax":3,"Value":114},{"Length":65,"Height":64,"Demand":0,"DemandMax":3,"Value":8320},{"Length":27,"Height":11,"Demand":0,"DemandMax":3,"Value":891},{"Length":3,"Height":23,"Demand":0,"DemandMax":3,"Value":69},{"Length":21,"Height":4,"Demand":0,"DemandMax":3,"Value":84},{"Length":25,"Height":10,"Demand":0,"DemandMax":3,"Value":250},{"Length":11,"Height":48,"Demand":0,"DemandMax":3,"Value":528},{"Length":59,"Height":74,"Demand":0,"DemandMax":3,"Value":8732},{"Length":77,"Height":14,"Demand":0,"DemandMax":3,"Value":3234},{"Length":11,"Height":2,"Demand":0,"DemandMax":3,"Value":66},{"Length":35,"Height":79,"Demand":0,"DemandMax":6,"Value":8295},{"Length":74,"Height":67,"Demand":0,"DemandMax":3,"Value":14874},{"Length":47,"Height":82,"Demand":0,"DemandMax":3,"Value":3854},{"Length":83,"Height":30,"Demand":0,"DemandMax":3,"Value":2490},{"Length":88,"Height":13,"Demand":0,"DemandMax":3,"Value":1144},{"Length":61,"Height":80,"Demand":0,"DemandMax":3,"Value":9760},{"Length":82,"Height":50,"Demand":0,"DemandMax":3,"Value":12300},{"Length":77,"Height":43,"Demand":0,"DemandMax":3,"Value":3311},{"Length":47,"Height":83,"Demand":0,"DemandMax":3,"Value":3901},{"Length":8,"Height":19,"Demand":0,"DemandMax":3,"Value":152},{"Length":19,"Height":42,"Demand":0,"DemandMax":3,"Value":798},{"Length":98,"Height":21,"Demand":0,"DemandMax":3,"Value":2058},{"Length":86,"Height":28,"Demand":0,"DemandMax":3,"Value":4816},{"Length":94,"Height":41,"Demand":0,"DemandMax":3,"Value":11562},{"Length":37,"Height":30,"Demand":0,"DemandMax":3,"Value":1110},{"Length":96,"Height":63,"Demand":0,"DemandMax":3,"Value":6048},{"Length":45,"Height":6,"Demand":0,"DemandMax":6,"Value":270},{"Length":30,"Height":94,"Demand":0,"DemandMax":3,"Value":8460},{"Length":6,"Height":2,"Demand":0,"DemandMax":3,"Value":12},{"Length":19,"Height":90,"Demand":0,"DemandMax":3,"Value":5130},{"Length":90,"Height":45,"Demand":0,"DemandMax":3,"Value":8100},{"Length":35,"Height":9,"Demand":0,"DemandMax":3,"Value":945},{"Length":84,"Height":56,"Demand":0,"DemandMax":3,"Value":9408},{"Length":91,"Height":49,"Demand":0,"DemandMax":3,"Value":13377},{"Length":75,"Height":71,"Demand":0,"DemandMax":3,"Value":5325},{"Length":40,"Height":98,"Demand":0,"DemandMax":3,"Value":7840},{"Length":71,"Height":77,"Demand":0,"DemandMax":3,"Value":10934},{"Length":28,"Height":19,"Demand":0,"DemandMax":3,"Value":1596},{"Length":46,"Height":22,"Demand":0,"DemandMax":3,"Value":3036},{"Length":77,"Height":5,"Demand":0,"DemandMax":3,"Value":385},{"Length":81,"Height":54,"Demand":0,"DemandMax":3,"Value":4374},{"Length":78,"Height":73,"Demand":0,"DemandMax":3,"Value":5694},{"Length":96,"Height":22,"Demand":0,"DemandMax":3,"Value":6336},{"Length":40,"Height":46,"Demand":0,"DemandMax":3,"Value":1840},{"Length":93,"Height":41,"Demand":0,"DemandMax":3,"Value":7626},{"Length":16,"Height":93,"Demand":0,"DemandMax":3,"Value":2976},{"Length":40,"Height":84,"Demand":0,"DemandMax":3,"Value":10080},{"Length":10,"Height":16,"Demand":0,"DemandMax":3,"Value":320},{"Length":98,"Height":36,"Demand":0,"DemandMax":3,"Value":3528},{"Length":41,"Height":97,"Demand":0,"DemandMax":3,"Value":7954},{"Length":81,"Height":4,"Demand":0,"DemandMax":3,"Value":972},{"Length":77,"Height":56,"Demand":0,"DemandMax":3,"Value":8624},{"Length":74,"Height":80,"Demand":0,"DemandMax":3,"Value":11840},{"Length":36,"Height":32,"Demand":0,"DemandMax":3,"Value":1152},{"Length":34,"Height":40,"Demand":0,"DemandMax":3,"Value":4080},{"Length":38,"Height":99,"Demand":0,"DemandMax":3,"Value":7524},{"Length":23,"Height":15,"Demand":0,"DemandMax":3,"Value":345},{"Length":58,"Height":53,"Demand":0,"DemandMax":3,"Value":9222},{"Length":91,"Height":73,"Demand":0,"DemandMax":3,"Value":13286},{"Length":6,"Height":30,"Demand":0,"DemandMax":3,"Value":540},{"Length":77,"Height":86,"Demand":0,"DemandMax":3,"Value":6622},{"Length":36,"Height":25,"Demand":0,"DemandMax":3,"Value":900},{"Length":33,"Height":96,"Demand":0,"DemandMax":3,"Value":6336},{"Length":11,"Height":28,"Demand":0,"DemandMax":3,"Value":924},{"Length":16,"Height":46,"Demand":0,"DemandMax":3,"Value":2208},{"Length":80,"Height":42,"Demand":0,"DemandMax":3,"Value":6720},{"Length":20,"Height":42,"Demand":0,"DemandMax":3,"Value":840},{"Length":8,"Height":37,"Demand":0,"DemandMax":3,"Value":296},{"Length":61,"Height":82,"Demand":0,"DemandMax":3,"Value":10004},{"Length":43,"Height":26,"Demand":0,"DemandMax":3,"Value":1118},{"Length":20,"Height":48,"Demand":0,"DemandMax":3,"Value":2880},{"Length":51,"Height":60,"Demand":0,"DemandMax":3,"Value":3060},{"Length":5,"Height":43,"Demand":0,"DemandMax":3,"Value":430},{"Length":94,"Height":98,"Demand":0,"DemandMax":3,"Value":18424},{"Length":99,"Height":86,"Demand":0,"DemandMax":3,"Value":25542},{"Length":89,"Height":19,"Demand":0,"DemandMax":3,"Value":1691},{"Length":72,"Height":74,"Demand":0,"DemandMax":3,"Value":5328},{"Length":13,"Height":90,"Demand":0,"DemandMax":3,"Value":2340},{"Length":46,"Height":91,"Demand":0,"DemandMax":3,"Value":4186},{"Length":94,"Height":10,"Demand":0,"DemandMax":3,"Value":940},{"Length":34,"Height":17,"Demand":0,"DemandMax":3,"Value":1734},{"Length":62,"Height":87,"Demand":0,"DemandMax":3,"Value":10788},{"Length":96,"Height":28,"Demand":0,"DemandMax":3,"Value":5376},{"Length":19,"Height":43,"Demand":0,"DemandMax":3,"Value":2451},{"Length":45,"Height":28,"Demand":0,"DemandMax":3,"Value":3780},{"Length":84,"Height":34,"Demand":0,"DemandMax":3,"Value":2856},{"Length":50,"Height":82,"Demand":0,"DemandMax":3,"Value":4100},{"Length":44,"Height":48,"Demand":0,"DemandMax":3,"Value":4224},{"Length":46,"Height":4,"Demand":0,"DemandMax":3,"Value":552},{"Length":45,"Height":12,"Demand":0,"DemandMax":3,"Value":1080},{"Length":33,"Height":10,"Demand":0,"DemandMax":3,"Value":330},{"Length":38,"Height":42,"Demand":0,"DemandMax":3,"Value":4788},{"Length":88,"Height":35,"Demand":0,"DemandMax":3,"Value":3080},{"Length":12,"Height":79,"Demand":0,"DemandMax":3,"Value":1896},{"Length":26,"Height":36,"Demand":0,"DemandMax":3,"Value":1872},{"Length":46,"Height":41,"Demand":0,"DemandMax":3,"Value":5658},{"Length":80,"Height":42,"Demand":0,"DemandMax":3,"Value":10080},{"Length":6,"Height":27,"Demand":0,"DemandMax":3,"Value":324},{"Length":2,"Height":18,"Demand":0,"DemandMax":3,"Value":36},{"Length":37,"Height":79,"Demand":0,"DemandMax":3,"Value":5846},{"Length":27,"Height":4,"Demand":0,"DemandMax":3,"Value":108},{"Length":36,"Height":42,"Demand":0,"DemandMax":3,"Value":3024},{"Length":93,"Height":43,"Demand":0,"DemandMax":3,"Value":3999},{"Length":38,"Height":16,"Demand":0,"DemandMax":3,"Value":1216},{"Length":94,"Height":10,"Demand":0,"DemandMax":3,"Value":1880},{"Length":25,"Height":33,"Demand":0,"DemandMax":3,"Value":1650},{"Length":61,"Height":53,"Demand":0,"DemandMax":3,"Value":6466},{"Length":45,"Height":14,"Demand":0,"DemandMax":3,"Value":1890},{"Length":39,"Height":77,"Demand":0,"DemandMax":3,"Value":6006},{"Length":97,"Height":11,"Demand":0,"DemandMax":3,"Value":3201},{"Length":47,"Height":42,"Demand":0,"DemandMax":3,"Value":3948},{"Length":35,"Height":45,"Demand":0,"DemandMax":3,"Value":1575},{"Length":97,"Height":45,"Demand":0,"DemandMax":3,"Value":13095},{"Length":30,"Height":28,"Demand":0,"DemandMax":3,"Value":840},{"Length":58,"Height":87,"Demand":0,"DemandMax":3,"Value":10092},{"Length":81,"Height":94,"Demand":0,"DemandMax":3,"Value":22842},{"Length":77,"Height":25,"Demand":0,"DemandMax":3,"Value":3850},{"Length":68,"Height":60,"Demand":0,"DemandMax":3,"Value":4080},{"Length":2,"Height":18,"Demand":0,"DemandMax":3,"Value":108},{"Length":63,"Height":86,"Demand":0,"DemandMax":3,"Value":10836},{"Length":17,"Height":100,"Demand":0,"DemandMax":3,"Value":5100},{"Length":21,"Height":97,"Demand":0,"DemandMax":3,"Value":2037},{"Length":90,"Height":89,"Demand":0,"DemandMax":6,"Value":16020},{"Length":8,"Height":42,"Demand":0,"DemandMax":3,"Value":336},{"Length":27,"Height":21,"Demand":0,"DemandMax":3,"Value":1701},{"Length":21,"Height":50,"Demand":0,"DemandMax":3,"Value":2100},{"Length":27,"Height":9,"Demand":0,"DemandMax":3,"Value":486},{"Length":2,"Height":98,"Demand":0,"DemandMax":3,"Value":392},{"Length":47,"Height":34,"Demand":0,"DemandMax":3,"Value":3196},{"Length":19,"Height":21,"Demand":0,"DemandMax":3,"Value":1197},{"Length":16,"Height":46,"Demand":0,"DemandMax":3,"Value":736},{"Length":36,"Height":78,"Demand":0,"DemandMax":3,"Value":8424},{"Length":38,"Height":8,"Demand":0,"DemandMax":3,"Value":608},{"Length":13,"Height":34,"Demand":0,"DemandMax":3,"Value":442},{"Length":93,"Height":33,"Demand":0,"DemandMax":3,"Value":9207},{"Length":10,"Height":31,"Demand":0,"DemandMax":3,"Value":310},{"Length":29,"Height":12,"Demand":0,"DemandMax":3,"Value":348},{"Length":35,"Height":83,"Demand":0,"DemandMax":3,"Value":8715},{"Length":41,"Height":35,"Demand":0,"DemandMax":3,"Value":1435},{"Length":54,"Height":77,"Demand":0,"DemandMax":3,"Value":4158},{"Length":83,"Height":3,"Demand":0,"DemandMax":3,"Value":249},{"Length":40,"Height":95,"Demand":0,"DemandMax":3,"Value":7600},{"Length":86,"Height":47,"Demand":0,"DemandMax":3,"Value":8084},{"Length":90,"Height":21,"Demand":0,"DemandMax":3,"Value":3780},{"Length":2,"Height":41,"Demand":0,"DemandMax":3,"Value":164},{"Length":16,"Height":95,"Demand":0,"DemandMax":3,"Value":4560},{"Length":24,"Height":6,"Demand":0,"DemandMax":3,"Value":432},{"Length":79,"Height":20,"Demand":0,"DemandMax":3,"Value":3160},{"Length":37,"Height":20,"Demand":0,"DemandMax":3,"Value":740},{"Length":41,"Height":30,"Demand":0,"DemandMax":3,"Value":2460},{"Length":87,"Height":90,"Demand":0,"DemandMax":3,"Value":15660},{"Length":39,"Height":28,"Demand":0,"DemandMax":3,"Value":2184},{"Length":30,"Height":35,"Demand":0,"DemandMax":3,"Value":3150},{"Length":82,"Height":92,"Demand":0,"DemandMax":3,"Value":7544},{"Length":96,"Height":6,"Demand":0,"DemandMax":3,"Value":1152},{"Length":78,"Height":5,"Demand":0,"DemandMax":3,"Value":390},{"Length":42,"Height":30,"Demand":0,"DemandMax":3,"Value":3780},{"Length":42,"Height":28,"Demand":0,"DemandMax":3,"Value":1176},{"Length":100,"Height":38,"Demand":0,"DemandMax":3,"Value":3800},{"Length":99,"Height":82,"Demand":0,"DemandMax":3,"Value":8118},{"Length":19,"Height":33,"Demand":0,"DemandMax":3,"Value":627},{"Length":83,"Height":20,"Demand":0,"DemandMax":3,"Value":3320},{"Length":26,"Height":89,"Demand":0,"DemandMax":3,"Value":2314},{"Length":12,"Height":50,"Demand":0,"DemandMax":3,"Value":1800},{"Length":42,"Height":17,"Demand":0,"DemandMax":3,"Value":1428},{"Length":11,"Height":20,"Demand":0,"DemandMax":3,"Value":220},{"Length":18,"Height":21,"Demand":0,"DemandMax":3,"Value":378},{"Length":19,"Height":24,"Demand":0,"DemandMax":3,"Value":912},{"Length":35,"Height":50,"Demand":0,"DemandMax":3,"Value":5250},{"Length":76,"Height":50,"Demand":0,"DemandMax":3,"Value":7600},{"Length":17,"Height":90,"Demand":0,"DemandMax":3,"Value":4590},{"Length":78,"Height":11,"Demand":0,"DemandMax":6,"Value":858},{"Length":98,"Height":3,"Demand":0,"DemandMax":3,"Value":882},{"Length":13,"Height":10,"Demand":0,"DemandMax":3,"Value":260},{"Length":33,"Height":34,"Demand":0,"DemandMax":3,"Value":2244},{"Length":82,"Height":32,"Demand":0,"DemandMax":6,"Value":7872},{"Length":47,"Height":23,"Demand":0,"DemandMax":3,"Value":3243},{"Length":2,"Height":43,"Demand":0,"DemandMax":3,"Value":172},{"Length":36,"Height":15,"Demand":0,"DemandMax":3,"Value":1080},{"Length":45,"Height":93,"Demand":0,"DemandMax":3,"Value":12555},{"Length":70,"Height":57,"Demand":0,"DemandMax":3,"Value":3990},{"Length":99,"Height":97,"Demand":0,"DemandMax":3,"Value":19206},{"Length":56,"Height":70,"Demand":0,"DemandMax":3,"Value":7840},{"Length":82,"Height":73,"Demand":0,"DemandMax":3,"Value":11972},{"Length":42,"Height":82,"Demand":0,"DemandMax":3,"Value":3444},{"Length":6,"Height":10,"Demand":0,"DemandMax":3,"Value":120},{"Length":20,"Height":92,"Demand":0,"DemandMax":3,"Value":3680},{"Length":3,"Height":11,"Demand":0,"DemandMax":3,"Value":33},{"Length":48,"Height":36,"Demand":0,"DemandMax":3,"Value":1728},{"Length":81,"Height":37,"Demand":0,"DemandMax":3,"Value":5994},{"Length":86,"Height":23,"Demand":0,"DemandMax":3,"Value":5934},{"Length":36,"Height":40,"Demand":0,"DemandMax":3,"Value":4320},{"Length":80,"Height":5,"Demand":0,"DemandMax":3,"Value":1200},{"Length":23,"Height":20,"Demand":0,"DemandMax":3,"Value":1380},{"Length":2,"Height":28,"Demand":0,"DemandMax":3,"Value":112},{"Length":48,"Height":88,"Demand":0,"DemandMax":3,"Value":12672},{"Length":24,"Height":22,"Demand":0,"DemandMax":3,"Value":1584},{"Length":90,"Height":43,"Demand":0,"DemandMax":3,"Value":11610},{"Length":4,"Height":15,"Demand":0,"DemandMax":3,"Value":60},{"Length":32,"Height":18,"Demand":0,"DemandMax":3,"Value":1152},{"Length":92,"Height":2,"Demand":0,"DemandMax":3,"Value":368},{"Length":17,"Height":13,"Demand":0,"DemandMax":3,"Value":663},{"Length":28,"Height":33,"Demand":0,"DemandMax":3,"Value":924},{"Length":6,"Height":8,"Demand":0,"DemandMax":3,"Value":96},{"Length":40,"Height":11,"Demand":0,"DemandMax":3,"Value":1320},{"Length":86,"Height":26,"Demand":0,"DemandMax":3,"Value":6708},{"Length":32,"Height":3,"Demand":0,"DemandMax":3,"Value":288},{"Length":100,"Height":12,"Demand":0,"DemandMax":3,"Value":2400},{"Length":35,"Height":18,"Demand":0,"DemandMax":3,"Value":630},{"Length":98,"Height":64,"Demand":0,"DemandMax":3,"Value":6272},{"Length":13,"Height":20,"Demand":0,"DemandMax":3,"Value":780},{"Length":83,"Height":44,"Demand":0,"DemandMax":3,"Value":3652},{"Length":26,"Height":81,"Demand":0,"DemandMax":3,"Value":2106},{"Length":44,"Height":45,"Demand":0,"DemandMax":3,"Value":3960},{"Length":75,"Height":92,"Demand":0,"DemandMax":3,"Value":13800},{"Length":79,"Height":6,"Demand":0,"DemandMax":3,"Value":948},{"Length":72,"Height":87,"Demand":0,"DemandMax":3,"Value":18792},{"Length":30,"Height":27,"Demand":0,"DemandMax":3,"Value":2430},{"Length":56,"Height":60,"Demand":0,"DemandMax":3,"Value":3360},{"Length":30,"Height":17,"Demand":0,"DemandMax":3,"Value":1530},{"Length":27,"Height":6,"Demand":0,"DemandMax":3,"Value":486},{"Length":17,"Height":10,"Demand":0,"DemandMax":3,"Value":340},{"Length":34,"Height":19,"Demand":0,"DemandMax":3,"Value":1292},{"Length":32,"Height":96,"Demand":0,"DemandMax":3,"Value":6144},{"Length":7,"Height":84,"Demand":0,"DemandMax":3,"Value":588},{"Length":7,"Height":11,"Demand":0,"DemandMax":3,"Value":231},{"Length":84,"Height":40,"Demand":0,"DemandMax":3,"Value":10080},{"Length":76,"Height":82,"Demand":0,"DemandMax":3,"Value":12464},{"Length":58,"Height":62,"Demand":0,"DemandMax":3,"Value":10788},{"Length":26,"Height":88,"Demand":0,"DemandMax":3,"Value":2288},{"Length":5,"Height":26,"Demand":0,"DemandMax":3,"Value":130},{"Length":42,"Height":27,"Demand":0,"DemandMax":3,"Value":3402},{"Length":90,"Height":59,"Demand":0,"DemandMax":3,"Value":15930},{"Length":24,"Height":23,"Demand":0,"DemandMax":3,"Value":552},{"Length":10,"Height":29,"Demand":0,"DemandMax":3,"Value":870},{"Length":12,"Height":99,"Demand":0,"DemandMax":3,"Value":1188},{"Length":50,"Height":10,"Demand":0,"DemandMax":6,"Value":1500},{"Length":90,"Height":96,"Demand":0,"DemandMax":3,"Value":17280},{"Length":11,"Height":8,"Demand":0,"DemandMax":3,"Value":264},{"Length":40,"Height":30,"Demand":0,"DemandMax":3,"Value":2400},{"Length":35,"Height":15,"Demand":0,"DemandMax":3,"Value":1575},{"Length":15,"Height":40,"Demand":0,"DemandMax":3,"Value":1200},{"Length":18,"Height":16,"Demand":0,"DemandMax":3,"Value":288},{"Length":40,"Height":5,"Demand":0,"DemandMax":3,"Value":600},{"Length":42,"Height":35,"Demand":0,"DemandMax":3,"Value":2940},{"Length":35,"Height":80,"Demand":0,"DemandMax":3,"Value":8400},{"Length":22,"Height":18,"Demand":0,"DemandMax":3,"Value":792},{"Length":20,"Height":94,"Demand":0,"DemandMax":3,"Value":3760},{"Length":2,"Height":90,"Demand":0,"DemandMax":3,"Value":180},{"Length":88,"Height":74,"Demand":0,"DemandMax":3,"Value":19536},{"Length":4,"Height":11,"Demand":0,"DemandMax":3,"Value":44},{"Length":38,"Height":10,"Demand":0,"DemandMax":3,"Value":760},{"Length":41,"Height":24,"Demand":0,"DemandMax":3,"Value":984},{"Length":85,"Height":50,"Demand":0,"DemandMax":3,"Value":12750},{"Length":4,"Height":86,"Demand":0,"DemandMax":3,"Value":344},{"Length":33,"Height":11,"Demand":0,"DemandMax":3,"Value":1089},{"Length":81,"Height":33,"Demand":0,"DemandMax":3,"Value":2673},{"Length":3,"Height":45,"Demand":0,"DemandMax":3,"Value":270},{"Length":6,"Height":11,"Demand":0,"DemandMax":3,"Value":66},{"Length":25,"Height":80,"Demand":0,"DemandMax":3,"Value":4000},{"Length":42,"Height":43,"Demand":0,"DemandMax":3,"Value":3612},{"Length":76,"Height":51,"Demand":0,"DemandMax":3,"Value":11628},{"Length":33,"Height":5,"Demand":0,"DemandMax":3,"Value":330},{"Length":94,"Height":90,"Demand":0,"DemandMax":3,"Value":25380},{"Length":28,"Height":29,"Demand":0,"DemandMax":3,"Value":1624},{"Length":87,"Height":94,"Demand":0,"DemandMax":3,"Value":16356},{"Length":5,"Height":27,"Demand":0,"DemandMax":3,"Value":405},{"Length":42,"Height":34,"Demand":0,"DemandMax":3,"Value":1428},{"Length":47,"Height":87,"Demand":0,"DemandMax":3,"Value":12267},{"Length":28,"Height":40,"Demand":0,"DemandMax":3,"Value":1120},{"Length":57,"Height":63,"Demand":0,"DemandMax":3,"Value":7182},{"Length":34,"Height":11,"Demand":0,"DemandMax":3,"Value":374},{"Length":3,"Height":89,"Demand":0,"DemandMax":3,"Value":267},{"Length":14,"Height":45,"Demand":0,"DemandMax":3,"Value":1890},{"Length":35,"Height":48,"Demand":0,"DemandMax":3,"Value":5040},{"Length":7,"Height":22,"Demand":0,"DemandMax":3,"Value":154},{"Length":8,"Height":91,"Demand":0,"DemandMax":3,"Value":2184},{"Length":91,"Height":41,"Demand":0,"DemandMax":3,"Value":3731},{"Length":59,"Height":71,"Demand":0,"DemandMax":3,"Value":8378},{"Length":23,"Height":3,"Demand":0,"DemandMax":3,"Value":138},{"Length":86,"Height":87,"Demand":0,"DemandMax":3,"Value":22446},{"Length":24,"Height":40,"Demand":0,"DemandMax":3,"Value":1920},{"Length":50,"Height":2,"Demand":0,"DemandMax":3,"Value":100},{"Length":23,"Height":9,"Demand":0,"DemandMax":3,"Value":207},{"Length":80,"Height":27,"Demand":0,"DemandMax":3,"Value":6480},{"Length":2,"Height":48,"Demand":0,"DemandMax":3,"Value":96},{"Length":41,"Height":88,"Demand":0,"DemandMax":3,"Value":7216},{"Length":22,"Height":37,"Demand":0,"DemandMax":3,"Value":814},{"Length":4,"Height":5,"Demand":0,"DemandMax":3,"Value":40},{"Length":84,"Height":39,"Demand":0,"DemandMax":3,"Value":9828},{"Length":25,"Height":16,"Demand":0,"DemandMax":3,"Value":1200},{"Length":72,"Height":86,"Demand":0,"DemandMax":3,"Value":18576},{"Length":22,"Height":30,"Demand":0,"DemandMax":3,"Value":1320},{"Length":32,"Height":14,"Demand":0,"DemandMax":3,"Value":896},{"Length":6,"Height":6,"Demand":0,"DemandMax":3,"Value":72},{"Length":27,"Height":40,"Demand":0,"DemandMax":3,"Value":1080},{"Length":3,"Height":33,"Demand":0,"DemandMax":3,"Value":198},{"Length":18,"Height":10,"Demand":0,"DemandMax":3,"Value":180},{"Length":72,"Height":93,"Demand":0,"DemandMax":3,"Value":20088},{"Length":42,"Height":11,"Demand":0,"DemandMax":3,"Value":924},{"Length":27,"Height":18,"Demand":0,"DemandMax":3,"Value":1458},{"Length":39,"Height":90,"Demand":0,"DemandMax":3,"Value":3510},{"Length":64,"Height":52,"Demand":0,"DemandMax":3,"Value":6656},{"Length":6,"Height":44,"Demand":0,"DemandMax":3,"Value":528},{"Length":81,"Height":64,"Demand":0,"DemandMax":3,"Value":15552},{"Length":2,"Height":46,"Demand":0,"DemandMax":3,"Value":184},{"Length":62,"Height":56,"Demand":0,"DemandMax":3,"Value":6944},{"Length":48,"Height":16,"Demand":0,"DemandMax":3,"Value":2304},{"Length":40,"Height":34,"Demand":0,"DemandMax":3,"Value":4080},{"Length":6,"Height":90,"Demand":0,"DemandMax":3,"Value":1620},{"Length":45,"Height":96,"Demand":0,"DemandMax":3,"Value":12960},{"Length":40,"Height":76,"Demand":0,"DemandMax":3,"Value":9120},{"Length":46,"Height":14,"Demand":0,"DemandMax":3,"Value":1932},{"Length":73,"Height":78,"Demand":0,"DemandMax":3,"Value":17082},{"Length":55,"Height":58,"Demand":0,"DemandMax":3,"Value":9570},{"Length":46,"Height":88,"Demand":0,"DemandMax":3,"Value":8096},{"Length":44,"Height":98,"Demand":0,"DemandMax":3,"Value":12936},{"Length":49,"Height":49,"Demand":0,"DemandMax":3,"Value":4802},{"Length":40,"Height":48,"Demand":0,"DemandMax":3,"Value":5760},{"Length":53,"Height":60,"Demand":0,"DemandMax":3,"Value":6360},{"Length":28,"Height":87,"Demand":0,"DemandMax":3,"Value":2436},{"Length":39,"Height":14,"Demand":0,"DemandMax":3,"Value":1092},{"Length":24,"Height":15,"Demand":0,"DemandMax":3,"Value":1080},{"Length":50,"Height":48,"Demand":0,"DemandMax":6,"Value":2400},{"Length":93,"Height":88,"Demand":0,"DemandMax":3,"Value":8184},{"Length":24,"Height":16,"Demand":0,"DemandMax":3,"Value":384},{"Length":73,"Height":66,"Demand":0,"DemandMax":3,"Value":4818},{"Length":68,"Height":91,"Demand":0,"DemandMax":3,"Value":6188},{"Length":10,"Height":6,"Demand":0,"DemandMax":3,"Value":180},{"Length":29,"Height":91,"Demand":0,"DemandMax":3,"Value":2639},{"Length":25,"Height":2,"Demand":0,"DemandMax":3,"Value":50},{"Length":44,"Height":43,"Demand":0,"DemandMax":3,"Value":5676},{"Length":7,"Height":91,"Demand":0,"DemandMax":3,"Value":1274},{"Length":84,"Height":48,"Demand":0,"DemandMax":3,"Value":12096},{"Length":84,"Height":98,"Demand":0,"DemandMax":3,"Value":24696},{"Length":17,"Height":32,"Demand":0,"DemandMax":6,"Value":1088},{"Length":66,"Height":60,"Demand":0,"DemandMax":3,"Value":11880},{"Length":89,"Height":89,"Demand":0,"DemandMax":3,"Value":23763},{"Length":52,"Height":62,"Demand":0,"DemandMax":3,"Value":3224},{"Length":90,"Height":15,"Demand":0,"DemandMax":3,"Value":1350},{"Length":39,"Height":14,"Demand":0,"DemandMax":3,"Value":546},{"Length":34,"Height":35,"Demand":0,"DemandMax":3,"Value":1190},{"Length":47,"Height":43,"Demand":0,"DemandMax":3,"Value":6063},{"Length":17,"Height":4,"Demand":0,"DemandMax":3,"Value":68},{"Length":52,"Height":73,"Demand":0,"DemandMax":3,"Value":7592},{"Length":25,"Height":82,"Demand":0,"DemandMax":3,"Value":4100},{"Length":42,"Height":45,"Demand":0,"DemandMax":3,"Value":3780},{"Length":40,"Height":28,"Demand":0,"DemandMax":3,"Value":1120},{"Length":34,"Height":77,"Demand":0,"DemandMax":3,"Value":7854},{"Length":20,"Height":41,"Demand":0,"DemandMax":3,"Value":2460},{"Length":75,"Height":82,"Demand":0,"DemandMax":3,"Value":6150},{"Length":39,"Height":39,"Demand":0,"DemandMax":3,"Value":1521},{"Length":7,"Height":29,"Demand":0,"DemandMax":3,"Value":406},{"Length":19,"Height":78,"Demand":0,"DemandMax":3,"Value":4446},{"Length":33,"Height":33,"Demand":0,"DemandMax":3,"Value":1089},{"Length":27,"Height":2,"Demand":0,"DemandMax":3,"Value":54},{"Length":47,"Height":28,"Demand":0,"DemandMax":3,"Value":1316},{"Length":19,"Height":5,"Demand":0,"DemandMax":3,"Value":285},{"Length":3,"Height":85,"Demand":0,"DemandMax":3,"Value":510},{"Length":37,"Height":36,"Demand":0,"DemandMax":3,"Value":3996},{"Length":78,"Height":32,"Demand":0,"DemandMax":3,"Value":4992},{"Length":28,"Height":12,"Demand":0,"DemandMax":3,"Value":1008},{"Length":84,"Height":11,"Demand":0,"DemandMax":3,"Value":1848},{"Length":65,"Height":73,"Demand":0,"DemandMax":3,"Value":4745},{"Length":25,"Height":21,"Demand":0,"DemandMax":3,"Value":1575},{"Length":30,"Height":20,"Demand":0,"DemandMax":3,"Value":600},{"Length":18,"Height":90,"Demand":0,"DemandMax":3,"Value":1620},{"Length":4,"Height":31,"Demand":0,"DemandMax":3,"Value":372},{"Length":86,"Height":25,"Demand":0,"DemandMax":3,"Value":6450},{"Length":14,"Height":34,"Demand":0,"DemandMax":3,"Value":952},{"Length":91,"Height":24,"Demand":0,"DemandMax":3,"Value":4368},{"Length":18,"Height":78,"Demand":0,"DemandMax":3,"Value":1404},{"Length":40,"Height":40,"Demand":0,"DemandMax":3,"Value":3200},{"Length":33,"Height":25,"Demand":0,"DemandMax":3,"Value":1650},{"Length":62,"Height":61,"Demand":0,"DemandMax":3,"Value":3782},{"Length":85,"Height":81,"Demand":0,"DemandMax":3,"Value":13770},{"Length":38,"Height":37,"Demand":0,"DemandMax":3,"Value":2812},{"Length":3,"Height":98,"Demand":0,"DemandMax":3,"Value":588},{"Length":13,"Height":40,"Demand":0,"DemandMax":3,"Value":1560},{"Length":86,"Height":47,"Demand":0,"DemandMax":3,"Value":12126},{"Length":81,"Height":57,"Demand":0,"DemandMax":3,"Value":4617},{"Length":47,"Height":99,"Demand":0,"DemandMax":3,"Value":9306},{"Length":24,"Height":21,"Demand":0,"DemandMax":3,"Value":1512},{"Length":18,"Height":34,"Demand":0,"DemandMax":6,"Value":1836},{"Length":9,"Height":41,"Demand":0,"DemandMax":3,"Value":369},{"Length":36,"Height":78,"Demand":0,"DemandMax":3,"Value":2808},{"Length":100,"Height":15,"Demand":0,"DemandMax":3,"Value":1500},{"Length":25,"Height":36,"Demand":0,"DemandMax":3,"Value":1800},{"Length":87,"Height":74,"Demand":0,"DemandMax":3,"Value":12876},{"Length":10,"Height":6,"Demand":0,"DemandMax":3,"Value":120},{"Length":99,"Height":54,"Demand":0,"DemandMax":3,"Value":16038},{"Length":4,"Height":4,"Demand":0,"DemandMax":3,"Value":32},{"Length":14,"Height":92,"Demand":0,"DemandMax":3,"Value":3864},{"Length":45,"Height":10,"Demand":0,"DemandMax":3,"Value":1350},{"Length":37,"Height":49,"Demand":0,"DemandMax":3,"Value":5439},{"Length":28,"Height":36,"Demand":0,"DemandMax":6,"Value":1008},{"Length":99,"Height":44,"Demand":0,"DemandMax":3,"Value":13068},{"Length":73,"Height":80,"Demand":0,"DemandMax":3,"Value":11680},{"Length":44,"Height":46,"Demand":0,"DemandMax":3,"Value":4048},{"Length":2,"Height":50,"Demand":0,"DemandMax":3,"Value":300},{"Length":5,"Height":44,"Demand":0,"DemandMax":3,"Value":660},{"Length":23,"Height":10,"Demand":0,"DemandMax":3,"Value":690},{"Length":19,"Height":29,"Demand":0,"DemandMax":3,"Value":1653},{"Length":12,"Height":7,"Demand":0,"DemandMax":3,"Value":84},{"Length":40,"Height":99,"Demand":0,"DemandMax":3,"Value":11880},{"Length":24,"Height":22,"Demand":0,"DemandMax":3,"Value":1056},{"Length":35,"Height":32,"Demand":0,"DemandMax":3,"Value":1120},{"Length":46,"Height":48,"Demand":0,"DemandMax":3,"Value":2208},{"Length":35,"Height":93,"Demand":0,"DemandMax":3,"Value":6510},{"Length":18,"Height":81,"Demand":0,"DemandMax":3,"Value":2916},{"Length":6,"Height":47,"Demand":0,"DemandMax":3,"Value":282},{"Length":80,"Height":14,"Demand":0,"DemandMax":3,"Value":2240},{"Length":13,"Height":38,"Demand":0,"DemandMax":3,"Value":988},{"Length":91,"Height":38,"Demand":0,"DemandMax":3,"Value":3458},{"Length":43,"Height":76,"Demand":0,"DemandMax":3,"Value":9804},{"Length":5,"Height":27,"Demand":0,"DemandMax":3,"Value":135},{"Length":29,"Height":23,"Demand":0,"DemandMax":3,"Value":2001},{"Length":74,"Height":87,"Demand":0,"DemandMax":3,"Value":12876},{"Length":86,"Height":52,"Demand":0,"DemandMax":3,"Value":4472},{"Length":61,"Height":56,"Demand":0,"DemandMax":3,"Value":6832},{"Length":23,"Height":12,"Demand":0,"DemandMax":3,"Value":552},{"Length":18,"Height":18,"Demand":0,"DemandMax":3,"Value":648},{"Length":23,"Height":80,"Demand":0,"DemandMax":3,"Value":5520},{"Length":4,"Height":36,"Demand":0,"DemandMax":3,"Value":144},{"Length":22,"Height":17,"Demand":0,"DemandMax":3,"Value":374},{"Length":34,"Height":40,"Demand":0,"DemandMax":3,"Value":2720},{"Length":29,"Height":2,"Demand":0,"DemandMax":3,"Value":174},{"Length":91,"Height":81,"Demand":0,"DemandMax":3,"Value":22113},{"Length":88,"Height":85,"Demand":0,"DemandMax":3,"Value":22440},{"Length":12,"Height":86,"Demand":0,"DemandMax":3,"Value":2064},{"Length":93,"Height":13,"Demand":0,"DemandMax":3,"Value":3627},{"Length":79,"Height":32,"Demand":0,"DemandMax":3,"Value":5056},{"Length":88,"Height":51,"Demand":0,"DemandMax":3,"Value":8976},{"Length":77,"Height":30,"Demand":0,"DemandMax":3,"Value":4620},{"Length":39,"Height":45,"Demand":0,"DemandMax":3,"Value":3510},{"Length":32,"Height":93,"Demand":0,"DemandMax":3,"Value":2976},{"Length":15,"Height":41,"Demand":0,"DemandMax":3,"Value":615},{"Length":88,"Height":8,"Demand":0,"DemandMax":3,"Value":704},{"Length":27,"Height":26,"Demand":0,"DemandMax":3,"Value":702},{"Length":3,"Height":32,"Demand":0,"DemandMax":3,"Value":96},{"Length":68,"Height":75,"Demand":0,"DemandMax":3,"Value":10200},{"Length":43,"Height":14,"Demand":0,"DemandMax":3,"Value":602},{"Length":34,"Height":30,"Demand":0,"DemandMax":3,"Value":2040},{"Length":37,"Height":26,"Demand":0,"DemandMax":3,"Value":962},{"Length":28,"Height":25,"Demand":0,"DemandMax":3,"Value":700},{"Length":38,"Height":35,"Demand":0,"DemandMax":3,"Value":1330},{"Length":82,"Height":36,"Demand":0,"DemandMax":3,"Value":8856},{"Length":20,"Height":34,"Demand":0,"DemandMax":3,"Value":680},{"Length":40,"Height":31,"Demand":0,"DemandMax":3,"Value":3720},{"Length":15,"Height":50,"Demand":0,"DemandMax":3,"Value":1500},{"Length":63,"Height":54,"Demand":0,"DemandMax":3,"Value":3402},{"Length":71,"Height":88,"Demand":0,"DemandMax":3,"Value":18744},{"Length":21,"Height":80,"Demand":0,"DemandMax":3,"Value":3360},{"Length":82,"Height":73,"Demand":0,"DemandMax":3,"Value":5986},{"Length":89,"Height":20,"Demand":0,"DemandMax":3,"Value":5340},{"Length":17,"Height":46,"Demand":0,"DemandMax":3,"Value":782},{"Length":5,"Height":34,"Demand":0,"DemandMax":3,"Value":340},{"Length":47,"Height":40,"Demand":0,"DemandMax":3,"Value":5640},{"Length":37,"Height":8,"Demand":0,"DemandMax":3,"Value":296},{"Length":11,"Height":11,"Demand":0,"DemandMax":3,"Value":242},{"Length":78,"Height":9,"Demand":0,"DemandMax":3,"Value":2106},{"Length":34,"Height":34,"Demand":0,"DemandMax":3,"Value":2312},{"Length":25,"Height":86,"Demand":0,"DemandMax":3,"Value":2150},{"Length":8,"Height":9,"Demand":0,"DemandMax":3,"Value":144},{"Length":88,"Height":27,"Demand":0,"DemandMax":3,"Value":7128},{"Length":45,"Height":7,"Demand":0,"DemandMax":3,"Value":945},{"Length":41,"Height":15,"Demand":0,"DemandMax":3,"Value":1845},{"Length":15,"Height":8,"Demand":0,"DemandMax":3,"Value":120},{"Length":100,"Height":9,"Demand":0,"DemandMax":3,"Value":1800},{"Length":49,"Height":23,"Demand":0,"DemandMax":3,"Value":2254},{"Length":23,"Height":25,"Demand":0,"DemandMax":3,"Value":575},{"Length":94,"Height":45,"Demand":0,"DemandMax":3,"Value":4230},{"Length":24,"Height":19,"Demand":0,"DemandMax":3,"Value":912},{"Length":45,"Height":95,"Demand":0,"DemandMax":3,"Value":12825},{"Length":27,"Height":34,"Demand":0,"DemandMax":3,"Value":918},{"Length":31,"Height":13,"Demand":0,"DemandMax":3,"Value":403},{"Length":89,"Height":71,"Demand":0,"DemandMax":3,"Value":12638},{"Length":16,"Height":11,"Demand":0,"DemandMax":3,"Value":176},{"Length":2,"Height":15,"Demand":0,"DemandMax":3,"Value":60},{"Length":6,"Height":17,"Demand":0,"DemandMax":3,"Value":102},{"Length":52,"Height":55,"Demand":0,"DemandMax":3,"Value":5720},{"Length":80,"Height":22,"Demand":0,"DemandMax":3,"Value":3520},{"Length":94,"Height":22,"Demand":0,"DemandMax":3,"Value":6204},{"Length":26,"Height":17,"Demand":0,"DemandMax":3,"Value":1326},{"Length":33,"Height":6,"Demand":0,"DemandMax":3,"Value":198},{"Length":15,"Height":7,"Demand":0,"DemandMax":3,"Value":105},{"Length":42,"Height":24,"Demand":0,"DemandMax":3,"Value":2016},{"Length":32,"Height":98,"Demand":0,"DemandMax":3,"Value":3136},{"Length":9,"Height":31,"Demand":0,"DemandMax":3,"Value":558},{"Length":99,"Height":57,"Demand":0,"DemandMax":3,"Value":5643},{"Length":19,"Height":35,"Demand":0,"DemandMax":3,"Value":1995},{"Length":99,"Height":14,"Demand":0,"DemandMax":3,"Value":1386},{"Length":12,"Height":43,"Demand":0,"DemandMax":3,"Value":1548},{"Length":36,"Height":37,"Demand":0,"DemandMax":3,"Value":1332},{"Length":32,"Height":9,"Demand":0,"DemandMax":3,"Value":288},{"Length":5,"Height":10,"Demand":0,"DemandMax":3,"Value":50},{"Length":25,"Height":5,"Demand":0,"DemandMax":3,"Value":250},{"Length":8,"Height":17,"Demand":0,"DemandMax":3,"Value":136},{"Length":14,"Height":2,"Demand":0,"DemandMax":3,"Value":84},{"Length":30,"Height":99,"Demand":0,"DemandMax":3,"Value":2970},{"Length":9,"Height":77,"Demand":0,"DemandMax":3,"Value":2079},{"Length":17,"Height":8,"Demand":0,"DemandMax":3,"Value":136},{"Length":5,"Height":33,"Demand":0,"DemandMax":3,"Value":165},{"Length":87,"Height":5,"Demand":0,"DemandMax":3,"Value":1305},{"Length":44,"Height":34,"Demand":0,"DemandMax":3,"Value":4488},{"Length":94,"Height":24,"Demand":0,"DemandMax":3,"Value":4512},{"Length":28,"Height":48,"Demand":0,"DemandMax":3,"Value":1344},{"Length":30,"Height":37,"Demand":0,"DemandMax":3,"Value":1110},{"Length":14,"Height":13,"Demand":0,"DemandMax":3,"Value":546},{"Length":94,"Height":38,"Demand":0,"DemandMax":3,"Value":7144},{"Length":91,"Height":5,"Demand":0,"DemandMax":3,"Value":455},{"Length":2,"Height":80,"Demand":0,"DemandMax":3,"Value":480},{"Length":45,"Height":13,"Demand":0,"DemandMax":3,"Value":585},{"Length":44,"Height":78,"Demand":0,"DemandMax":3,"Value":6864},{"Length":21,"Height":31,"Demand":0,"DemandMax":3,"Value":1953},{"Length":25,"Height":27,"Demand":0,"DemandMax":3,"Value":675},{"Length":3,"Height":13,"Demand":0,"DemandMax":3,"Value":78},{"Length":33,"Height":23,"Demand":0,"DemandMax":3,"Value":1518},{"Length":46,"Height":17,"Demand":0,"DemandMax":3,"Value":2346},{"Length":3,"Height":25,"Demand":0,"DemandMax":3,"Value":225}]}