{"Name":"ngcutfs2_21","Objects":[{"Length":100,"Height":100,"Stock":null,"Cost":10000}],"Items":[{"Length":70,"Height":94,"Demand":0,"DemandMax":4,"Value":19740},{"Length":3,"Height":47,"Demand":0,"DemandMax":4,"Value":141},{"Length":82,"Height":19,"Demand":0,"DemandMax":4,"Value":4674},{"Length":46,"Height":81,"Demand":0,"DemandMax":4,"Value":7452},{"Length":14,"Height":45,"Demand":0,"DemandMax":4,"Value":630},{"Length":11,"Height":26,"Demand":0,"DemandMax":4,"Value":858},{"Length":12,"Height":50,"Demand":0,"DemandMax":4,"Value":600},{"Length":46,"Height":20,"Demand":0,"DemandMax":4,"Value":2760},{"Length":100,"Height":50,"Demand":0,"DemandMax":4,"Value":5000},{"Length":60,"Height":76,"Demand":0,"DemandMax":4,"Value":13680},{"Length":4,"Height":98,"Demand":0,"DemandMax":4,"Value":784},{"Length":7,"Height":35,"Demand":0,"DemandMax":4,"Value":245},{"Length":17,"Height":48,"Demand":0,"DemandMax":4,"Value":1632},{"Length":35,"Height":78,"Demand":0,"DemandMax":4,"Value":2730},{"Length":62,"Height":95,"Demand":0,"DemandMax":4,"Value":11780},{"Length":40,"Height":24,"Demand":0,"DemandMax":4,"Value":1920},{"Length":16,"Height":22,"Demand":0,"DemandMax":4,"Value":704},{"Length":6,"Height":23,"Demand":0,"DemandMax":4,"Value":414},{"Length":12,"Height":15,"Demand":0,"DemandMax":4,"Value":360},{"Length":35,"Height":90,"Demand":0,"DemandMax":4,"Value":9450},{"Length":6,"Height":77,"Demand":0,"DemandMax":4,"Value":924},{"Length":12,"Height":27,"Demand":0,"DemandMax":4,"Value":972},{"Length":18,"Height":40,"Demand":0,"DemandMax":4,"Value":1440},{"Length":39,"Height":45,"Demand":0,"DemandMax":4,"Value":3510},{"Length":18,"Height":40,"Demand":0,"DemandMax":4,"Value":2160},{"Length":61,"Height":73,"Demand":0,"DemandMax":4,"Value":8906},{"Length":28,"Height":23,"Demand":0,"DemandMax":4,"Value":644},{"Length":39,"Height":47,"Demand":0,"DemandMax":4,"Value":1833},{"Length":20,"Height":18,"Demand":0,"DemandMax":4,"Value":720},{"Length":82,"Height":67,"Demand":0,"DemandMax":4,"Value":10988},{"Length":36,"Height":27,"Demand":0,"DemandMax":4,"Value":972},{"Length":2,"Height":27,"Demand":0,"DemandMax":4,"Value":108},{"Length":40,"Height":18,"Demand":0,"DemandMax":4,"Value":1440},{"Length":14,"Height":50,"Demand":0,"DemandMax":4,"Value":700},{"Length":94,"Height":45,"Demand":0,"DemandMax":4,"Value":4230},{"Length":43,"Height":22,"Demand":0,"DemandMax":4,"Value":946},{"Length":50,"Height":33,"Demand":0,"DemandMax":4,"Value":3300},{"Length":16,"Height":26,"Demand":0,"DemandMax":4,"Value":416},{"Length":42,"Height":29,"Demand":0,"DemandMax":4,"Value":2436},{"Length":2,"Height":94,"Demand":0,"DemandMax":4,"Value":188}]}