{"Name":"ngcutfs2_171","Objects":[{"Length":100,"Height":100,"Stock":null,"Cost":10000}],"Items":[{"Length":78,"Height":23,"Demand":0,"DemandMax":4,"Value":3588},{"Length":6,"Height":33,"Demand":0,"DemandMax":4,"Value":396},{"Length":34,"Height":50,"Demand":0,"DemandMax":8,"Value":3400},{"Length":16,"Height":33,"Demand":0,"DemandMax":4,"Value":1056},{"Length":17,"Height":15,"Demand":0,"DemandMax":4,"Value":510},{"Length":66,"Height":59,"Demand":0,"DemandMax":4,"Value":7788},{"Length":54,"Height":62,"Demand":0,"DemandMax":4,"Value":3348},{"Length":100,"Height":67,"Demand":0,"DemandMax":4,"Value":6700},{"Length":3,"Height":89,"Demand":0,"DemandMax":4,"Value":267},{"Length":100,"Height":67,"Demand":0,"DemandMax":4,"Value":20100},{"Length":46,"Height":43,"Demand":0,"DemandMax":4,"Value":3956},{"Length":50,"Height":17,"Demand":0,"DemandMax":4,"Value":850},{"Length":84,"Height":7,"Demand":0,"DemandMax":4,"Value":1176},{"Length":21,"Height":45,"Demand":0,"DemandMax":4,"Value":945},{"Length":88,"Height":15,"Demand":0,"DemandMax":4,"Value":2640},{"Length":40,"Height":86,"Demand":0,"DemandMax":4,"Value":6880},{"Length":40,"Height":2,"Demand":0,"DemandMax":4,"Value":160},{"Length":30,"Height":86,"Demand":0,"DemandMax":4,"Value":5160},{"Length":23,"Height":29,"Demand":0,"DemandMax":4,"Value":667},{"Length":37,"Height":14,"Demand":0,"DemandMax":4,"Value":1554},{"Length":78,"Height":20,"Demand":0,"DemandMax":4,"Value":3120},{"Length":39,"Height":76,"Demand":0,"DemandMax":4,"Value":5928},{"Length":99,"Height":94,"Demand":0,"DemandMax":4,"Value":9306},{"Length":15,"Height":23,"Demand":0,"DemandMax":8,"Value":1035},{"Length":79,"Height":26,"Demand":0,"DemandMax":4,"Value":6162},{"Length":15,"Height":98,"Demand":0,"DemandMax":4,"Value":2940},{"Length":10,"Height":35,"Demand":0,"DemandMax":4,"Value":1050},{"Length":90,"Height":25,"Demand":0,"DemandMax":8,"Value":6750},{"Length":14,"Height":31,"Demand":0,"DemandMax":4,"Value":434},{"Length":50,"Height":50,"Demand":0,"DemandMax":4,"Value":2500},{"Length":92,"Height":25,"Demand":0,"DemandMax":4,"Value":6900},{"Length":42,"Height":23,"Demand":0,"DemandMax":8,"Value":2898},{"Length":5,"Height":13,"Demand":0,"DemandMax":4,"Value":195},{"Length":38,"Height":37,"Demand":0,"DemandMax":4,"Value":1406},{"Length":65,"Height":67,"Demand":0,"DemandMax":4,"Value":13065},{"Length":12,"Height":41,"Demand":0,"DemandMax":4,"Value":492},{"Length":35,"Height":30,"Demand":0,"DemandMax":4,"Value":3150},{"Length":8,"Height":7,"Demand":0,"DemandMax":4,"Value":56},{"Length":80,"Height":64,"Demand":0,"DemandMax":4,"Value":10240},{"Length":5,"Height":13,"Demand":0,"DemandMax":4,"Value":130},{"Length":80,"Height":89,"Demand":0,"DemandMax":4,"Value":14240},{"Length":9,"Height":44,"Demand":0,"DemandMax":4,"Value":396},{"Length":95,"Height":33,"Demand":0,"DemandMax":4,"Value":9405},{"Length":34,"Height":38,"Demand":0,"DemandMax":4,"Value":3876},{"Length":73,"Height":92,"Demand":0,"DemandMax":4,"Value":6716},{"Length":6,"Height":5,"Demand":0,"DemandMax":4,"Value":30},{"Length":66,"Height":90,"Demand":0,"DemandMax":4,"Value":17820},{"Length":19,"Height":39,"Demand":0,"DemandMax":4,"Value":741},{"Length":23,"Height":48,"Demand":0,"DemandMax":4,"Value":3312},{"Length":5,"Height":49,"Demand":0,"DemandMax":4,"Value":735},{"Length":85,"Height":64,"Demand":0,"DemandMax":4,"Value":5440},{"Length":49,"Height":41,"Demand":0,"DemandMax":4,"Value":2009},{"Length":22,"Height":28,"Demand":0,"DemandMax":4,"Value":1848},{"Length":13,"Height":32,"Demand":0,"DemandMax":4,"Value":1248},{"Length":55,"Height":62,"Demand":0,"DemandMax":4,"Value":10230},{"Length":32,"Height":7,"Demand":0,"DemandMax":4,"Value":448},{"Length":85,"Height":59,"Demand":0,"DemandMax":4,"Value":10030},{"Length":8,"Height":77,"Demand":0,"DemandMax":4,"Value":1232},{"Length":42,"Height":23,"Demand":0,"DemandMax":4,"Value":966},{"Length":17,"Height":40,"Demand":0,"DemandMax":8,"Value":2040},{"Length":44,"Height":40,"Demand":0,"DemandMax":4,"Value":5280},{"Length":87,"Height":76,"Demand":0,"DemandMax":4,"Value":19836},{"Length":9,"Height":94,"Demand":0,"DemandMax":4,"Value":2538},{"Length":93,"Height":18,"Demand":0,"DemandMax":4,"Value":1674},{"Length":27,"Height":36,"Demand":0,"DemandMax":4,"Value":972},{"Length":11,"Height":49,"Demand":0,"DemandMax":4,"Value":1078},{"Length":39,"Height":47,"Demand":0,"DemandMax":4,"Value":3666},{"Length":36,"Height":16,"Demand":0,"DemandMax":4,"Value":1152},{"Length":24,"Height":88,"Demand":0,"DemandMax":4,"Value":2112},{"Length":9,"Height":17,"Demand":0,"DemandMax":4,"Value":153},{"Length":40,"Height":49,"Demand":0,"DemandMax":4,"Value":5880},{"Length":92,"Height":26,"Demand":0,"DemandMax":4,"Value":4784},{"Length":17,"Height":25,"Demand":0,"DemandMax":4,"Value":1275},{"Length":21,"Height":12,"Demand":0,"DemandMax":4,"Value":252},{"Length":31,"Height":28,"Demand":0,"DemandMax":4,"Value":1736},{"Length":41,"Height":39,"Demand":0,"DemandMax":4,"Value":4797},{"Length":20,"Height":38,"Demand":0,"DemandMax":4,"Value":1520},{"Length":93,"Height":40,"Demand":0,"DemandMax":4,"Value":3720},{"Length":34,"Height":86,"Demand":0,"DemandMax":4,"Value":2924},{"Length":49,"Height":16,"Demand":0,"DemandMax":4,"Value":1568},{"Length":6,"Height":11,"Demand":0,"DemandMax":4,"Value":198},{"Length":22,"Height":21,"Demand":0,"DemandMax":4,"Value":462},{"Length":4,"Height":32,"Demand":0,"DemandMax":4,"Value":384},{"Length":14,"Height":45,"Demand":0,"DemandMax":4,"Value":1890},{"Length":85,"Height":15,"Demand":0,"DemandMax":4,"Value":3825},{"Length":23,"Height":44,"Demand":0,"DemandMax":4,"Value":1012},{"Length":50,"Height":31,"Demand":0,"DemandMax":4,"Value":4650},{"Length":64,"Height":80,"Demand":0,"DemandMax":4,"Value":10240},{"Length":29,"Height":98,"Demand":0,"DemandMax":4,"Value":8526},{"Length":83,"Height":49,"Demand":0,"DemandMax":4,"Value":8134},{"Length":93,"Height":89,"Demand":0,"DemandMax":4,"Value":8277},{"Length":14,"Height":50,"Demand":0,"DemandMax":4,"Value":1400},{"Length":17,"Height":78,"Demand":0,"DemandMax":4,"Value":1326},{"Length":47,"Height":36,"Demand":0,"DemandMax":4,"Value":3384},{"Length":16,"Height":87,"Demand":0,"DemandMax":4,"Value":2784},{"Length":5,"Height":40,"Demand":0,"DemandMax":4,"Value":200},{"Length":32,"Height":99,"Demand":0,"DemandMax":4,"Value":6336},{"Length":18,"Height":34,"Demand":0,"DemandMax":8,"Value":1836},{"Length":27,"Height":94,"Demand":0,"DemandMax":4,"Value":7614},{"Length":91,"Height":78,"Demand":0,"DemandMax":4,"Value":14196},{"Length":17,"Height":32,"Demand":0,"DemandMax":4,"Value":1088},{"Length":27,"Height":42,"Demand":0,"DemandMax":4,"Value":1134},{"Length":88,"Height":15,"Demand":0,"DemandMax":4,"Value":3960},{"Length":6,"Height":14,"Demand":0,"DemandMax":4,"Value":84},{"Length":14,"Height":17,"Demand":0,"DemandMax":4,"Value":714},{"Length":62,"Height":75,"Demand":0,"DemandMax":4,"Value":9300},{"Length":82,"Height":11,"Demand":0,"DemandMax":4,"Value":902},{"Length":30,"Height":9,"Demand":0,"DemandMax":4,"Value":810},{"Length":88,"Height":79,"Demand":0,"DemandMax":4,"Value":13904},{"Length":68,"Height":57,"Demand":0,"DemandMax":4,"Value":11628},{"Length":32,"Height":11,"Demand":0,"DemandMax":4,"Value":352},{"Length":77,"Height":21,"Demand":0,"DemandMax":4,"Value":1617},{"Length":29,"Height":9,"Demand":0,"DemandMax":4,"Value":783},{"Length":43,"Height":50,"Demand":0,"DemandMax":4,"Value":2150},{"Length":10,"Height":22,"Demand":0,"DemandMax":4,"Value":220},{"Length":20,"Height":13,"Demand":0,"DemandMax":4,"Value":260},{"Length":55,"Height":80,"Demand":0,"DemandMax":4,"Value":13200},{"Length":78,"Height":8,"Demand":0,"DemandMax":4,"Value":624},{"Length":48,"Height":12,"Demand":0,"DemandMax":4,"Value":576},{"Length":45,"Height":35,"Demand":0,"DemandMax":4,"Value":4725},{"Length":95,"Height":82,"Demand":0,"DemandMax":4,"Value":23370},{"Length":10,"Height":18,"Demand":0,"DemandMax":4,"Value":360},{"Length":25,"Height":32,"Demand":0,"DemandMax":4,"Value":800},{"Length":14,"Height":81,"Demand":0,"DemandMax":4,"Value":1134},{"Length":39,"Height":6,"Demand":0,"DemandMax":4,"Value":234},{"Length":28,"Height":79,"Demand":0,"DemandMax":4,"Value":4424},{"Length":46,"Height":92,"Demand":0,"DemandMax":4,"Value":4232},{"Length":48,"Height":25,"Demand":0,"DemandMax":4,"Value":3600},{"Length":36,"Height":99,"Demand":0,"DemandMax":4,"Value":7128},{"Length":37,"Height":22,"Demand":0,"DemandMax":4,"Value":2442},{"Length":44,"Height":6,"Demand":0,"DemandMax":4,"Value":792},{"Length":85,"Height":32,"Demand":0,"DemandMax":4,"Value":8160},{"Length":41,"Height":18,"Demand":0,"DemandMax":4,"Value":1476},{"Length":85,"Height":82,"Demand":0,"DemandMax":4,"Value":13940},{"Length":74,"Height":56,"Demand":0,"DemandMax":4,"Value":4144},{"Length":8,"Height":46,"Demand":0,"DemandMax":4,"Value":368},{"Length":96,"Height":41,"Demand":0,"DemandMax":4,"Value":7872},{"Length":3,"Height":35,"Demand":0,"DemandMax":4,"Value":315},{"Length":30,"Height":6,"Demand":0,"DemandMax":4,"Value":360},{"Length":40,"Height":8,"Demand":0,"DemandMax":4,"Value":640},{"Length":31,"Height":19,"Demand":0,"DemandMax":4,"Value":1178},{"Length":37,"Height":10,"Demand":0,"DemandMax":4,"Value":370},{"Length":96,"Height":6,"Demand":0,"DemandMax":4,"Value":1152},{"Length":29,"Height":2,"Demand":0,"DemandMax":4,"Value":116},{"Length":59,"Height":62,"Demand":0,"DemandMax":4,"Value":3658},{"Length":87,"Height":31,"Demand":0,"DemandMax":4,"Value":2697},{"Length":50,"Height":48,"Demand":0,"DemandMax":4,"Value":7200},{"Length":10,"Height":25,"Demand":0,"DemandMax":4,"Value":250},{"Length":79,"Height":44,"Demand":0,"DemandMax":4,"Value":10428},{"Length":34,"Height":25,"Demand":0,"DemandMax":4,"Value":850},{"Length":25,"Height":29,"Demand":0,"DemandMax":4,"Value":725},{"Length":90,"Height":93,"Demand":0,"DemandMax":4,"Value":8370},{"Length":31,"Height":23,"Demand":0,"DemandMax":4,"Value":2139},{"Length":78,"Height":72,"Demand":0,"DemandMax":4,"Value":5616},{"Length":14,"Height":2,"Demand":0,"DemandMax":4,"Value":84},{"Length":52,"Height":96,"Demand":0,"DemandMax":4,"Value":9984},{"Length":86,"Height":22,"Demand":0,"DemandMax":4,"Value":1892},{"Length":38,"Height":34,"Demand":0,"DemandMax":4,"Value":2584},{"Length":32,"Height":7,"Demand":0,"DemandMax":4,"Value":224},{"Length":43,"Height":21,"Demand":0,"DemandMax":4,"Value":2709},{"Length":11,"Height":13,"Demand":0,"DemandMax":4,"Value":286},{"Length":55,"Height":91,"Demand":0,"DemandMax":4,"Value":15015},{"Length":35,"Height":9,"Demand":0,"DemandMax":4,"Value":315},{"Length":6,"Height":89,"Demand":0,"DemandMax":4,"Value":1068},{"Length":17,"Height":18,"Demand":0,"DemandMax":4,"Value":306},{"Length":92,"Height":73,"Demand":0,"DemandMax":4,"Value":13432},{"Length":5,"Height":17,"Demand":0,"DemandMax":4,"Value":170},{"Length":27,"Height":32,"Demand":0,"DemandMax":4,"Value":1728},{"Length":76,"Height":33,"Demand":0,"DemandMax":4,"Value":5016},{"Length":11,"Height":9,"Demand":0,"DemandMax":4,"Value":297},{"Length":22,"Height":92,"Demand":0,"DemandMax":4,"Value":2024},{"Length":23,"Height":8,"Demand":0,"DemandMax":4,"Value":552},{"Length":35,"Height":31,"Demand":0,"DemandMax":4,"Value":3255},{"Length":3,"Height":6,"Demand":0,"DemandMax":4,"Value":54},{"Length":11,"Height":5,"Demand":0,"DemandMax":4,"Value":55},{"Length":5,"Height":32,"Demand":0,"DemandMax":4,"Value":480},{"Length":93,"Height":99,"Demand":0,"DemandMax":4,"Value":27621},{"Length":80,"Height":35,"Demand":0,"DemandMax":4,"Value":5600},{"Length":77,"Height":43,"Demand":0,"DemandMax":4,"Value":3311},{"Length":75,"Height":92,"Demand":0,"DemandMax":4,"Value":20700},{"Length":11,"Height":48,"Demand":0,"DemandMax":4,"Value":1056},{"Length":8,"Height":6,"Demand":0,"DemandMax":4,"Value":144},{"Length":36,"Height":26,"Demand":0,"DemandMax":4,"Value":1872},{"Length":22,"Height":11,"Demand":0,"DemandMax":4,"Value":484},{"Length":11,"Height":36,"Demand":0,"DemandMax":4,"Value":1188},{"Length":46,"Height":29,"Demand":0,"DemandMax":4,"Value":2668},{"Length":14,"Height":100,"Demand":0,"DemandMax":4,"Value":1400},{"Length":79,"Height":49,"Demand":0,"DemandMax":4,"Value":11613},{"Length":41,"Height":91,"Demand":0,"DemandMax":4,"Value":3731},{"Length":39,"Height":4,"Demand":0,"DemandMax":4,"Value":312},{"Length":5,"Height":38,"Demand":0,"DemandMax":4,"Value":190},{"Length":48,"Height":47,"Demand":0,"DemandMax":4,"Value":4512},{"Length":16,"Height":20,"Demand":0,"DemandMax":4,"Value":320},{"Length":40,"Height":12,"Demand":0,"DemandMax":4,"Value":1440},{"Length":12,"Height":34,"Demand":0,"DemandMax":4,"Value":816},{"Length":86,"Height":84,"Demand":0,"DemandMax":4,"Value":21672},{"Length":36,"Height":10,"Demand":0,"DemandMax":4,"Value":1080},{"Length":32,"Height":12,"Demand":0,"DemandMax":8,"Value":768},{"Length":40,"Height":6,"Demand":0,"DemandMax":4,"Value":240},{"Length":30,"Height":13,"Demand":0,"DemandMax":4,"Value":780},{"Length":43,"Height":33,"Demand":0,"DemandMax":4,"Value":1419},{"Length":26,"Height":45,"Demand":0,"DemandMax":4,"Value":2340},{"Length":26,"Height":19,"Demand":0,"DemandMax":4,"Value":494},{"Length":41,"Height":80,"Demand":0,"DemandMax":4,"Value":9840},{"Length":86,"Height":2,"Demand":0,"DemandMax":4,"Value":172},{"Length":22,"Height":46,"Demand":0,"DemandMax":4,"Value":3036},{"Length":41,"Height":79,"Demand":0,"DemandMax":4,"Value":6478},{"Length":45,"Height":6,"Demand":0,"DemandMax":4,"Value":540},{"Length":71,"Height":88,"Demand":0,"DemandMax":4,"Value":18744},{"Length":14,"Height":44,"Demand":0,"DemandMax":4,"Value":1848},{"Length":87,"Height":8,"Demand":0,"DemandMax":4,"Value":2088},{"Length":99,"Height":14,"Demand":0,"DemandMax":4,"Value":2772},{"Length":20,"Height":39,"Demand":0,"DemandMax":4,"Value":780},{"Length":14,"Height":26,"Demand":0,"DemandMax":4,"Value":364},{"Length":34,"Height":4,"Demand":0,"DemandMax":4,"Value":136},{"Length":11,"Height":49,"Demand":0,"DemandMax":4,"Value":1617},{"Length":86,"Height":39,"Demand":0,"DemandMax":4,"Value":6708},{"Length":23,"Height":21,"Demand":0,"DemandMax":4,"Value":483},{"Length":25,"Height":46,"Demand":0,"DemandMax":4,"Value":1150},{"Length":79,"Height":62,"Demand":0,"DemandMax":4,"Value":9796},{"Length":74,"Height":72,"Demand":0,"DemandMax":4,"Value":5328},{"Length":8,"Height":92,"Demand":0,"DemandMax":4,"Value":736},{"Length":19,"Height":45,"Demand":0,"DemandMax":4,"Value":2565},{"Length":7,"Height":16,"Demand":0,"DemandMax":4,"Value":336},{"Length":14,"Height":21,"Demand":0,"DemandMax":4,"Value":882},{"Length":15,"Height":99,"Demand":0,"DemandMax":4,"Value":1485},{"Length":44,"Height":24,"Demand":0,"DemandMax":4,"Value":3168},{"Length":36,"Height":2,"Demand":0,"DemandMax":4,"Value":216},{"Length":10,"Height":8,"Demand":0,"DemandMax":4,"Value":240},{"Length":2,"Height":37,"Demand":0,"DemandMax":4,"Value":222},{"Length":41,"Height":33,"Demand":0,"DemandMax":4,"Value":4059},{"Length":34,"Height":77,"Demand":0,"DemandMax":4,"Value":5236},{"Length":38,"Height":78,"Demand":0,"DemandMax":4,"Value":2964},{"Length":83,"Height":20,"Demand":0,"DemandMax":4,"Value":3320},{"Length":72,"Height":86,"Demand":0,"DemandMax":4,"Value":12384},{"Length":41,"Height":46,"Demand":0,"DemandMax":4,"Value":5658},{"Length":92,"Height":41,"Demand":0,"DemandMax":4,"Value":11316},{"Length":39,"Height":15,"Demand":0,"DemandMax":4,"Value":1170},{"Length":45,"Height":88,"Demand":0,"DemandMax":4,"Value":7920},{"Length":20,"Height":35,"Demand":0,"DemandMax":4,"Value":1400},{"Length":96,"Height":85,"Demand":0,"DemandMax":4,"Value":8160},{"Length":95,"Height":2,"Demand":0,"DemandMax":4,"Value":380},{"Length":80,"Height":49,"Demand":0,"DemandMax":4,"Value":11760},{"Length":26,"Height":34,"Demand":0,"DemandMax":4,"Value":884},{"Length":78,"Height":90,"Demand":0,"DemandMax":4,"Value":7020},{"Length":82,"Height":2,"Demand":0,"DemandMax":4,"Value":328},{"Length":34,"Height":50,"Demand":0,"DemandMax":4,"Value":1700},{"Length":4,"Height":29,"Demand":0,"DemandMax":4,"Value":348},{"Length":27,"Height":12,"Demand":0,"DemandMax":4,"Value":324},{"Length":28,"Height":82,"Demand":0,"DemandMax":4,"Value":2296},{"Length":70,"Height":60,"Demand":0,"DemandMax":4,"Value":8400},{"Length":45,"Height":46,"Demand":0,"DemandMax":4,"Value":6210},{"Length":31,"Height":27,"Demand":0,"DemandMax":4,"Value":1674},{"Length":45,"Height":39,"Demand":0,"DemandMax":4,"Value":1755},{"Length":68,"Height":58,"Demand":0,"DemandMax":4,"Value":3944},{"Length":78,"Height":76,"Demand":0,"DemandMax":4,"Value":5928},{"Length":46,"Height":39,"Demand":0,"DemandMax":4,"Value":3588},{"Length":99,"Height":16,"Demand":0,"DemandMax":4,"Value":3168},{"Length":88,"Height":73,"Demand":0,"DemandMax":4,"Value":12848},{"Length":45,"Height":34,"Demand":0,"DemandMax":4,"Value":4590},{"Length":46,"Height":37,"Demand":0,"DemandMax":4,"Value":3404},{"Length":28,"Height":48,"Demand":0,"DemandMax":8,"Value":2688},{"Length":44,"Height":27,"Demand":0,"DemandMax":4,"Value":1188},{"Length":3,"Height":42,"Demand":0,"DemandMax":4,"Value":378},{"Length":27,"Height":49,"Demand":0,"DemandMax":4,"Value":2646},{"Length":41,"Height":96,"Demand":0,"DemandMax":4,"Value":11808},{"Length":21,"Height":39,"Demand":0,"DemandMax":4,"Value":819},{"Length":99,"Height":30,"Demand":0,"DemandMax":4,"Value":2970},{"Length":48,"Height":95,"Demand":0,"DemandMax":4,"Value":13680},{"Length":19,"Height":37,"Demand":0,"DemandMax":4,"Value":2109},{"Length":93,"Height":25,"Demand":0,"DemandMax":4,"Value":4650},{"Length":36,"Height":33,"Demand":0,"DemandMax":4,"Value":1188},{"Length":40,"Height":92,"Demand":0,"DemandMax":4,"Value":7360},{"Length":33,"Height":85,"Demand":0,"DemandMax":4,"Value":5610},{"Length":75,"Height":91,"Demand":0,"DemandMax":4,"Value":13650},{"Length":50,"Height":19,"Demand":0,"DemandMax":4,"Value":1900},{"Length":4,"Height":29,"Demand":0,"DemandMax":4,"Value":116},{"Length":12,"Height":88,"Demand":0,"DemandMax":4,"Value":2112},{"Length":20,"Height":43,"Demand":0,"DemandMax":4,"Value":860},{"Length":27,"Height":13,"Demand":0,"DemandMax":4,"Value":702},{"Length":10,"Height":42,"Demand":0,"DemandMax":4,"Value":1260},{"Length":59,"Height":65,"Demand":0,"DemandMax":4,"Value":3835},{"Length":43,"Height":13,"Demand":0,"DemandMax":4,"Value":1118},{"Length":79,"Height":26,"Demand":0,"DemandMax":4,"Value":4108},{"Length":77,"Height":6,"Demand":0,"DemandMax":4,"Value":1386},{"Length":28,"Height":3,"Demand":0,"DemandMax":4,"Value":252},{"Length":45,"Height":29,"Demand":0,"DemandMax":4,"Value":1305},{"Length":81,"Height":11,"Demand":0,"DemandMax":4,"Value":1782},{"Length":5,"Height":79,"Demand":0,"DemandMax":4,"Value":1185},{"Length":28,"Height":43,"Demand":0,"DemandMax":4,"Value":1204},{"Length":8,"Height":27,"Demand":0,"DemandMax":4,"Value":216},{"Length":36,"Height":14,"Demand":0,"DemandMax":4,"Value":1512},{"Length":57,"Height":67,"Demand":0,"DemandMax":4,"Value":11457},{"Length":30,"Height":37,"Demand":0,"DemandMax":4,"Value":3330},{"Length":13,"Height":48,"Demand":0,"DemandMax":4,"Value":624},{"Length":5,"Height":83,"Demand":0,"DemandMax":4,"Value":415},{"Length":47,"Height":31,"Demand":0,"DemandMax":4,"Value":2914},{"Length":6,"Height":24,"Demand":0,"DemandMax":4,"Value":144},{"Length":30,"Height":45,"Demand":0,"DemandMax":4,"Value":2700},{"Length":50,"Height":34,"Demand":0,"DemandMax":4,"Value":3400},{"Length":5,"Height":95,"Demand":0,"DemandMax":4,"Value":1425},{"Length":13,"Height":16,"Demand":0,"DemandMax":4,"Value":624},{"Length":48,"Height":43,"Demand":0,"DemandMax":4,"Value":4128},{"Length":39,"Height":95,"Demand":0,"DemandMax":4,"Value":3705},{"Length":15,"Height":47,"Demand":0,"DemandMax":4,"Value":2115},{"Length":44,"Height":100,"Demand":0,"DemandMax":4,"Value":13200},{"Length":8,"Height":91,"Demand":0,"DemandMax":4,"Value":728},{"Length":19,"Height":48,"Demand":0,"DemandMax":4,"Value":912},{"Length":9,"Height":2,"Demand":0,"DemandMax":4,"Value":18},{"Length":80,"Height":51,"Demand":0,"DemandMax":4,"Value":4080},{"Length":42,"Height":8,"Demand":0,"DemandMax":4,"Value":1008},{"Length":20,"Height":78,"Demand":0,"DemandMax":4,"Value":4680},{"Length":67,"Height":58,"Demand":0,"DemandMax":4,"Value":7772},{"Length":17,"Height":36,"Demand":0,"DemandMax":4,"Value":1224},{"Length":41,"Height":76,"Demand":0,"DemandMax":4,"Value":3116},{"Length":2,"Height":46,"Demand":0,"DemandMax":4,"Value":92},{"Length":30,"Height":30,"Demand":0,"DemandMax":4,"Value":2700},{"Length":29,"Height":29,"Demand":0,"DemandMax":4,"Value":841},{"Length":29,"Height":85,"Demand":0,"DemandMax":4,"Value":7395},{"Length":14,"Height":89,"Demand":0,"DemandMax":4,"Value":2492},{"Length":20,"Height":27,"Demand":0,"DemandMax":4,"Value":540},{"Length":87,"Height":58,"Demand":0,"DemandMax":4,"Value":10092},{"Length":76,"Height":16,"Demand":0,"DemandMax":4,"Value":1216},{"Length":89,"Height":45,"Demand":0,"DemandMax":4,"Value":8010},{"Length":98,"Height":53,"Demand":0,"DemandMax":4,"Value":10388},{"Length":25,"Height":85,"Demand":0,"DemandMax":4,"Value":6375},{"Length":99,"Height":44,"Demand":0,"DemandMax":4,"Value":4356},{"Length":7,"Height":33,"Demand":0,"DemandMax":4,"Value":462},{"Length":49,"Height":96,"Demand":0,"DemandMax":4,"Value":9408},{"Length":83,"Height":92,"Demand":0,"DemandMax":4,"Value":15272},{"Length":14,"Height":40,"Demand":0,"DemandMax":8,"Value":1680},{"Length":48,"Height":84,"Demand":0,"DemandMax":4,"Value":12096},{"Length":5,"Height":28,"Demand":0,"DemandMax":4,"Value":420},{"Length":59,"Height":67,"Demand":0,"DemandMax":4,"Value":11859},{"Length":91,"Height":86,"Demand":0,"DemandMax":4,"Value":15652},{"Length":47,"Height":5,"Demand":0,"DemandMax":4,"Value":235},{"Length":3,"Height":88,"Demand":0,"DemandMax":4,"Value":792},{"Length":5,"Height":37,"Demand":0,"DemandMax":4,"Value":185},{"Length":16,"Height":97,"Demand":0,"DemandMax":4,"Value":4656},{"Length":26,"Height":24,"Demand":0,"DemandMax":4,"Value":624},{"Length":30,"Height":40,"Demand":0,"DemandMax":4,"Value":3600},{"Length":68,"Height":89,"Demand":0,"DemandMax":4,"Value":12104},{"Length":18,"Height":9,"Demand":0,"DemandMax":4,"Value":324},{"Length":76,"Height":11,"Demand":0,"DemandMax":4,"Value":836},{"Length":47,"Height":29,"Demand":0,"DemandMax":4,"Value":4089},{"Length":3,"Height":14,"Demand":0,"DemandMax":4,"Value":84},{"Length":5,"Height":21,"Demand":0,"DemandMax":4,"Value":315},{"Length":18,"Height":99,"Demand":0,"DemandMax":4,"Value":5346},{"Length":71,"Height":82,"Demand":0,"DemandMax":4,"Value":11644},{"Length":15,"Height":41,"Demand":0,"DemandMax":4,"Value":1230},{"Length":8,"Height":44,"Demand":0,"DemandMax":4,"Value":1056},{"Length":86,"Height":17,"Demand":0,"DemandMax":4,"Value":2924},{"Length":2,"Height":96,"Demand":0,"DemandMax":4,"Value":576},{"Length":6,"Height":22,"Demand":0,"DemandMax":4,"Value":132},{"Length":32,"Height":34,"Demand":0,"DemandMax":4,"Value":3264},{"Length":99,"Height":29,"Demand":0,"DemandMax":4,"Value":8613},{"Length":50,"Height":77,"Demand":0,"DemandMax":4,"Value":11550},{"Length":49,"Height":6,"Demand":0,"DemandMax":4,"Value":294},{"Length":85,"Height":31,"Demand":0,"DemandMax":4,"Value":7905},{"Length":49,"Height":7,"Demand":0,"DemandMax":4,"Value":343},{"Length":16,"Height":88,"Demand":0,"DemandMax":4,"Value":1408},{"Length":84,"Height":25,"Demand":0,"DemandMax":4,"Value":4200},{"Length":43,"Height":14,"Demand":0,"DemandMax":4,"Value":1204},{"Length":21,"Height":26,"Demand":0,"DemandMax":4,"Value":1092},{"Length":44,"Height":49,"Demand":0,"DemandMax":4,"Value":2156},{"Length":73,"Height":84,"Demand":0,"DemandMax":4,"Value":18396},{"Length":25,"Height":20,"Demand":0,"DemandMax":4,"Value":1500},{"Length":6,"Height":9,"Demand":0,"DemandMax":4,"Value":54},{"Length":42,"Height":89,"Demand":0,"DemandMax":4,"Value":3738},{"Length":58,"Height":79,"Demand":0,"DemandMax":4,"Value":4582},{"Length":35,"Height":79,"Demand":0,"DemandMax":4,"Value":2765},{"Length":9,"Height":6,"Demand":0,"DemandMax":4,"Value":108},{"Length":87,"Height":59,"Demand":0,"DemandMax":4,"Value":10266},{"Length":100,"Height":57,"Demand":0,"DemandMax":4,"Value":5700},{"Length":89,"Height":10,"Demand":0,"DemandMax":4,"Value":2670},{"Length":42,"Height":17,"Demand":0,"DemandMax":4,"Value":2142},{"Length":18,"Height":92,"Demand":0,"DemandMax":4,"Value":3312},{"Length":34,"Height":24,"Demand":0,"DemandMax":4,"Value":2448},{"Length":45,"Height":24,"Demand":0,"DemandMax":4,"Value":1080},{"Length":38,"Height":21,"Demand":0,"DemandMax":4,"Value":2394},{"Length":43,"Height":83,"Demand":0,"DemandMax":4,"Value":10707},{"Length":91,"Height":2,"Demand":0,"DemandMax":4,"Value":546},{"Length":36,"Height":28,"Demand":0,"DemandMax":4,"Value":3024},{"Length":33,"Height":46,"Demand":0,"DemandMax":4,"Value":3036},{"Length":8,"Height":96,"Demand":0,"DemandMax":4,"Value":768},{"Length":93,"Height":32,"Demand":0,"DemandMax":4,"Value":2976},{"Length":37,"Height":80,"Demand":0,"DemandMax":4,"Value":8880},{"Length":20,"Height":31,"Demand":0,"DemandMax":4,"Value":620},{"Length":46,"Height":77,"Demand":0,"DemandMax":4,"Value":7084},{"Length":35,"Height":23,"Demand":0,"DemandMax":4,"Value":1610},{"Length":90,"Height":70,"Demand":0,"DemandMax":4,"Value":12600},{"Length":94,"Height":53,"Demand":0,"DemandMax":4,"Value":9964},{"Length":44,"Height":84,"Demand":0,"DemandMax":4,"Value":7392},{"Length":10,"Height":100,"Demand":0,"DemandMax":4,"Value":3000},{"Length":24,"Height":25,"Demand":0,"DemandMax":4,"Value":1200},{"Length":25,"Height":5,"Demand":0,"DemandMax":4,"Value":250},{"Length":40,"Height":18,"Demand":0,"DemandMax":4,"Value":720},{"Length":16,"Height":7,"Demand":0,"DemandMax":4,"Value":112},{"Length":13,"Height":45,"Demand":0,"DemandMax":4,"Value":585},{"Length":95,"Height":10,"Demand":0,"DemandMax":4,"Value":950},{"Length":38,"Height":19,"Demand":0,"DemandMax":4,"Value":2166},{"Length":79,"Height":37,"Demand":0,"DemandMax":4,"Value":2923},{"Length":48,"Height":97,"Demand":0,"DemandMax":4,"Value":4656},{"Length":30,"Height":7,"Demand":0,"DemandMax":4,"Value":630},{"Length":54,"Height":69,"Demand":0,"DemandMax":4,"Value":3726},{"Length":79,"Height":44,"Demand":0,"DemandMax":4,"Value":3476},{"Length":32,"Height":81,"Demand":0,"DemandMax":4,"Value":7776},{"Length":92,"Height":5,"Demand":0,"DemandMax":4,"Value":920},{"Length":21,"Height":49,"Demand":0,"DemandMax":4,"Value":3087},{"Length":3,"Height":20,"Demand":0,"DemandMax":4,"Value":120},{"Length":17,"Height":39,"Demand":0,"DemandMax":4,"Value":1326},{"Length":47,"Height":43,"Demand":0,"DemandMax":4,"Value":4042},{"Length":19,"Height":48,"Demand":0,"DemandMax":4,"Value":2736},{"Length":83,"Height":80,"Demand":0,"DemandMax":4,"Value":13280},{"Length":28,"Height":11,"Demand":0,"DemandMax":4,"Value":616},{"Length":16,"Height":27,"Demand":0,"DemandMax":4,"Value":1296},{"Length":13,"Height":77,"Demand":0,"DemandMax":4,"Value":2002},{"Length":6,"Height":20,"Demand":0,"DemandMax":4,"Value":120},{"Length":2,"Height":8,"Demand":0,"DemandMax":4,"Value":32},{"Length":10,"Height":28,"Demand":0,"DemandMax":4,"Value":840},{"Length":50,"Height":22,"Demand":0,"DemandMax":4,"Value":2200},{"Length":10,"Height":7,"Demand":0,"DemandMax":4,"Value":70},{"Length":9,"Height":88,"Demand":0,"DemandMax":4,"Value":1584},{"Length":7,"Height":85,"Demand":0,"DemandMax":4,"Value":1190},{"Length":23,"Height":23,"Demand":0,"DemandMax":4,"Value":1587},{"Length":42,"Height":34,"Demand":0,"DemandMax":4,"Value":1428},{"Length":16,"Height":45,"Demand":0,"DemandMax":4,"Value":720},{"Length":73,"Height":63,"Demand":0,"DemandMax":4,"Value":13797},{"Length":13,"Height":23,"Demand":0,"DemandMax":4,"Value":598},{"Length":9,"Height":42,"Demand":0,"DemandMax":4,"Value":756},{"Length":91,"Height":6,"Demand":0,"DemandMax":4,"Value":546},{"Length":20,"Height":29,"Demand":0,"DemandMax":4,"Value":1740},{"Length":36,"Height":17,"Demand":0,"DemandMax":4,"Value":612},{"Length":6,"Height":2,"Demand":0,"DemandMax":4,"Value":12},{"Length":86,"Height":43,"Demand":0,"DemandMax":4,"Value":11094},{"Length":15,"Height":88,"Demand":0,"DemandMax":4,"Value":3960},{"Length":50,"Height":33,"Demand":0,"DemandMax":4,"Value":1650},{"Length":46,"Height":28,"Demand":0,"DemandMax":4,"Value":1288},{"Length":59,"Height":79,"Demand":0,"DemandMax":4,"Value":4661},{"Length":3,"Height":12,"Demand":0,"DemandMax":4,"Value":36},{"Length":49,"Height":4,"Demand":0,"DemandMax":4,"Value":196},{"Length":64,"Height":83,"Demand":0,"DemandMax":4,"Value":15936},{"Length":13,"Height":86,"Demand":0,"DemandMax":4,"Value":1118},{"Length":49,"Height":7,"Demand":0,"DemandMax":4,"Value":686},{"Length":78,"Height":93,"Demand":0,"DemandMax":4,"Value":14508},{"Length":45,"Height":13,"Demand":0,"DemandMax":4,"Value":1170},{"Length":3,"Height":22,"Demand":0,"DemandMax":4,"Value":198},{"Length":16,"Height":35,"Demand":0,"DemandMax":4,"Value":560},{"Length":15,"Height":90,"Demand":0,"DemandMax":4,"Value":4050},{"Length":20,"Height":6,"Demand":0,"DemandMax":4,"Value":120},{"Length":17,"Height":22,"Demand":0,"DemandMax":4,"Value":374},{"Length":31,"Height":22,"Demand":0,"DemandMax":4,"Value":2046},{"Length":18,"Height":39,"Demand":0,"DemandMax":4,"Value":702},{"Length":93,"Height":84,"Demand":0,"DemandMax":4,"Value":23436},{"Length":82,"Height":99,"Demand":0,"DemandMax":4,"Value":24354},{"Length":24,"Height":92,"Demand":0,"DemandMax":4,"Value":4416},{"Length":41,"Height":14,"Demand":0,"DemandMax":4,"Value":574},{"Length":43,"Height":36,"Demand":0,"DemandMax":4,"Value":4644},{"Length":91,"Height":93,"Demand":0,"DemandMax":4,"Value":16926},{"Length":99,"Height":8,"Demand":0,"DemandMax":4,"Value":792},{"Length":22,"Height":16,"Demand":0,"DemandMax":4,"Value":352},{"Length":37,"Height":87,"Demand":0,"DemandMax":4,"Value":9657},{"Length":38,"Height":89,"Demand":0,"DemandMax":4,"Value":10146},{"Length":9,"Height":47,"Demand":0,"DemandMax":4,"Value":1269},{"Length":33,"Height":2,"Demand":0,"DemandMax":4,"Value":132},{"Length":79,"Height":29,"Demand":0,"DemandMax":4,"Value":6873},{"Length":17,"Height":77,"Demand":0,"DemandMax":4,"Value":1309},{"Length":79,"Height":5,"Demand":0,"DemandMax":4,"Value":790},{"Length":15,"Height":95,"Demand":0,"DemandMax":4,"Value":1425},{"Length":15,"Height":13,"Demand":0,"DemandMax":4,"Value":390},{"Length":11,"Height":35,"Demand":0,"DemandMax":4,"Value":1155},{"Length":88,"Height":4,"Demand":0,"DemandMax":4,"Value":704},{"Length":33,"Height":6,"Demand":0,"DemandMax":4,"Value":198},{"Length":80,"Height":3,"Demand":0,"DemandMax":4,"Value":720},{"Length":26,"Height":9,"Demand":0,"DemandMax":4,"Value":702},{"Length":18,"Height":28,"Demand":0,"DemandMax":4,"Value":1512},{"Length":46,"Height":94,"Demand":0,"DemandMax":4,"Value":4324},{"Length":21,"Height":4,"Demand":0,"DemandMax":4,"Value":168},{"Length":88,"Height":13,"Demand":0,"DemandMax":4,"Value":1144},{"Length":48,"Height":7,"Demand":0,"DemandMax":4,"Value":336},{"Length":14,"Height":35,"Demand":0,"DemandMax":4,"Value":490},{"Length":78,"Height":10,"Demand":0,"DemandMax":4,"Value":1560},{"Length":30,"Height":48,"Demand":0,"DemandMax":4,"Value":2880},{"Length":47,"Height":37,"Demand":0,"DemandMax":4,"Value":1739},{"Length":84,"Height":43,"Demand":0,"DemandMax":4,"Value":7224},{"Length":41,"Height":43,"Demand":0,"DemandMax":4,"Value":3526},{"Length":95,"Height":8,"Demand":0,"DemandMax":4,"Value":760},{"Length":97,"Height":14,"Demand":0,"DemandMax":4,"Value":4074},{"Length":24,"Height":99,"Demand":0,"DemandMax":4,"Value":2376},{"Length":14,"Height":93,"Demand":0,"DemandMax":4,"Value":1302},{"Length":9,"Height":100,"Demand":0,"DemandMax":4,"Value":2700}]}