{"Name":"ngcutfs1_123","Objects":[{"Length":100,"Height":100,"Stock":null,"Cost":10000}],"Items":[{"Length":3,"Height":95,"Demand":0,"DemandMax":1,"Value":570},{"Length":40,"Height":39,"Demand":0,"DemandMax":1,"Value":3120},{"Length":21,"Height":84,"Demand":0,"DemandMax":1,"Value":5292},{"Length":35,"Height":94,"Demand":0,"DemandMax":1,"Value":9870},{"Length":95,"Height":76,"Demand":0,"DemandMax":1,"Value":14440},{"Length":80,"Height":6,"Demand":0,"DemandMax":1,"Value":1440},{"Length":100,"Height":41,"Demand":0,"DemandMax":1,"Value":8200},{"Length":47,"Height":49,"Demand":0,"DemandMax":1,"Value":6909},{"Length":78,"Height":23,"Demand":0,"DemandMax":1,"Value":3588},{"Length":59,"Height":58,"Demand":0,"DemandMax":1,"Value":6844},{"Length":13,"Height":5,"Demand":0,"DemandMax":2,"Value":195},{"Length":9,"Height":100,"Demand":0,"DemandMax":1,"Value":2700},{"Length":26,"Height":87,"Demand":0,"DemandMax":1,"Value":2262},{"Length":14,"Height":91,"Demand":0,"DemandMax":1,"Value":1274},{"Length":80,"Height":74,"Demand":0,"DemandMax":1,"Value":5920},{"Length":21,"Height":8,"Demand":0,"DemandMax":1,"Value":336},{"Length":82,"Height":74,"Demand":0,"DemandMax":1,"Value":12136},{"Length":22,"Height":95,"Demand":0,"DemandMax":1,"Value":2090},{"Length":47,"Height":21,"Demand":0,"DemandMax":1,"Value":987},{"Length":18,"Height":16,"Demand":0,"DemandMax":1,"Value":864},{"Length":38,"Height":46,"Demand":0,"DemandMax":1,"Value":5244},{"Length":84,"Height":51,"Demand":0,"DemandMax":1,"Value":12852},{"Length":24,"Height":35,"Demand":0,"DemandMax":1,"Value":1680},{"Length":66,"Height":64,"Demand":0,"DemandMax":1,"Value":12672},{"Length":32,"Height":2,"Demand":0,"DemandMax":1,"Value":192},{"Length":46,"Height":24,"Demand":0,"DemandMax":1,"Value":3312},{"Length":65,"Height":59,"Demand":0,"DemandMax":1,"Value":7670},{"Length":74,"Height":67,"Demand":0,"DemandMax":1,"Value":14874},{"Length":50,"Height":44,"Demand":0,"DemandMax":1,"Value":6600},{"Length":40,"Height":32,"Demand":0,"DemandMax":1,"Value":2560},{"Length":81,"Height":4,"Demand":0,"DemandMax":1,"Value":972},{"Length":34,"Height":13,"Demand":0,"DemandMax":1,"Value":1326},{"Length":22,"Height":22,"Demand":0,"DemandMax":1,"Value":968},{"Length":66,"Height":80,"Demand":0,"DemandMax":1,"Value":10560},{"Length":13,"Height":24,"Demand":0,"DemandMax":1,"Value":936},{"Length":43,"Height":94,"Demand":0,"DemandMax":1,"Value":8084},{"Length":49,"Height":32,"Demand":0,"DemandMax":1,"Value":3136},{"Length":12,"Height":29,"Demand":0,"DemandMax":1,"Value":696},{"Length":29,"Height":29,"Demand":0,"DemandMax":1,"Value":2523},{"Length":38,"Height":48,"Demand":0,"DemandMax":1,"Value":3648},{"Length":33,"Height":26,"Demand":0,"DemandMax":1,"Value":858},{"Length":88,"Height":12,"Demand":0,"DemandMax":1,"Value":2112},{"Length":49,"Height":81,"Demand":0,"DemandMax":1,"Value":3969},{"Length":12,"Height":47,"Demand":0,"DemandMax":1,"Value":1128},{"Length":23,"Height":40,"Demand":0,"DemandMax":1,"Value":2760},{"Length":90,"Height":38,"Demand":0,"DemandMax":1,"Value":10260},{"Length":99,"Height":12,"Demand":0,"DemandMax":1,"Value":1188},{"Length":85,"Height":25,"Demand":0,"DemandMax":1,"Value":6375},{"Length":32,"Height":100,"Demand":0,"DemandMax":1,"Value":3200},{"Length":3,"Height":94,"Demand":0,"DemandMax":1,"Value":846},{"Length":87,"Height":36,"Demand":0,"DemandMax":1,"Value":3132},{"Length":2,"Height":84,"Demand":0,"DemandMax":1,"Value":336},{"Length":18,"Height":22,"Demand":0,"DemandMax":1,"Value":1188},{"Length":26,"Height":35,"Demand":0,"DemandMax":1,"Value":2730},{"Length":86,"Height":100,"Demand":0,"DemandMax":1,"Value":17200},{"Length":36,"Height":24,"Demand":0,"DemandMax":1,"Value":864},{"Length":43,"Height":41,"Demand":0,"DemandMax":1,"Value":3526},{"Length":48,"Height":42,"Demand":0,"DemandMax":1,"Value":2016},{"Length":35,"Height":88,"Demand":0,"DemandMax":1,"Value":6160},{"Length":16,"Height":15,"Demand":0,"DemandMax":1,"Value":480},{"Length":41,"Height":21,"Demand":0,"DemandMax":1,"Value":2583},{"Length":40,"Height":32,"Demand":0,"DemandMax":1,"Value":1280},{"Length":28,"Height":90,"Demand":0,"DemandMax":1,"Value":5040},{"Length":17,"Height":9,"Demand":0,"DemandMax":1,"Value":306},{"Length":83,"Height":34,"Demand":0,"DemandMax":1,"Value":5644},{"Length":89,"Height":76,"Demand":0,"DemandMax":1,"Value":6764},{"Length":25,"Height":82,"Demand":0,"DemandMax":1,"Value":4100},{"Length":22,"Height":31,"Demand":0,"DemandMax":1,"Value":682},{"Length":91,"Height":8,"Demand":0,"DemandMax":1,"Value":1456},{"Length":100,"Height":73,"Demand":0,"DemandMax":1,"Value":14600},{"Length":98,"Height":88,"Demand":0,"DemandMax":1,"Value":8624},{"Length":71,"Height":74,"Demand":0,"DemandMax":1,"Value":10508},{"Length":45,"Height":49,"Demand":0,"DemandMax":1,"Value":2205},{"Length":72,"Height":81,"Demand":0,"DemandMax":1,"Value":17496},{"Length":56,"Height":77,"Demand":0,"DemandMax":1,"Value":4312},{"Length":55,"Height":61,"Demand":0,"DemandMax":1,"Value":6710},{"Length":6,"Height":78,"Demand":0,"DemandMax":1,"Value":1404},{"Length":87,"Height":22,"Demand":0,"DemandMax":1,"Value":1914},{"Length":77,"Height":21,"Demand":0,"DemandMax":1,"Value":3234},{"Length":16,"Height":76,"Demand":0,"DemandMax":1,"Value":2432},{"Length":30,"Height":80,"Demand":0,"DemandMax":1,"Value":7200},{"Length":93,"Height":96,"Demand":0,"DemandMax":1,"Value":17856},{"Length":26,"Height":96,"Demand":0,"DemandMax":1,"Value":2496},{"Length":97,"Height":49,"Demand":0,"DemandMax":1,"Value":14259},{"Length":27,"Height":48,"Demand":0,"DemandMax":1,"Value":3888},{"Length":37,"Height":3,"Demand":0,"DemandMax":1,"Value":333},{"Length":32,"Height":47,"Demand":0,"DemandMax":1,"Value":4512},{"Length":2,"Height":24,"Demand":0,"DemandMax":1,"Value":96},{"Length":95,"Height":62,"Demand":0,"DemandMax":1,"Value":17670},{"Length":77,"Height":12,"Demand":0,"DemandMax":1,"Value":1848},{"Length":40,"Height":89,"Demand":0,"DemandMax":1,"Value":7120},{"Length":33,"Height":81,"Demand":0,"DemandMax":1,"Value":8019},{"Length":80,"Height":91,"Demand":0,"DemandMax":1,"Value":7280},{"Length":88,"Height":3,"Demand":0,"DemandMax":1,"Value":264},{"Length":87,"Height":97,"Demand":0,"DemandMax":1,"Value":8439},{"Length":13,"Height":43,"Demand":0,"DemandMax":1,"Value":1118},{"Length":95,"Height":62,"Demand":0,"DemandMax":1,"Value":5890},{"Length":89,"Height":21,"Demand":0,"DemandMax":1,"Value":5607},{"Length":93,"Height":88,"Demand":0,"DemandMax":1,"Value":8184},{"Length":44,"Height":93,"Demand":0,"DemandMax":1,"Value":4092},{"Length":36,"Height":91,"Demand":0,"DemandMax":1,"Value":6552},{"Length":24,"Height":47,"Demand":0,"DemandMax":1,"Value":3384},{"Length":46,"Height":43,"Demand":0,"DemandMax":1,"Value":1978},{"Length":19,"Height":49,"Demand":0,"DemandMax":1,"Value":2793},{"Length":89,"Height":31,"Demand":0,"DemandMax":1,"Value":5518},{"Length":40,"Height":81,"Demand":0,"DemandMax":1,"Value":6480},{"Length":7,"Height":25,"Demand":0,"DemandMax":1,"Value":525},{"Length":8,"Height":78,"Demand":0,"DemandMax":1,"Value":624},{"Length":36,"Height":36,"Demand":0,"DemandMax":1,"Value":1296},{"Length":81,"Height":57,"Demand":0,"DemandMax":1,"Value":13851},{"Length":36,"Height":33,"Demand":0,"DemandMax":1,"Value":3564},{"Length":41,"Height":32,"Demand":0,"DemandMax":1,"Value":2624},{"Length":45,"Height":27,"Demand":0,"DemandMax":1,"Value":1215},{"Length":77,"Height":46,"Demand":0,"DemandMax":1,"Value":7084},{"Length":57,"Height":99,"Demand":0,"DemandMax":1,"Value":11286},{"Length":12,"Height":40,"Demand":0,"DemandMax":1,"Value":480},{"Length":8,"Height":100,"Demand":0,"DemandMax":1,"Value":2400},{"Length":45,"Height":50,"Demand":0,"DemandMax":1,"Value":4500},{"Length":47,"Height":25,"Demand":0,"DemandMax":1,"Value":2350},{"Length":33,"Height":86,"Demand":0,"DemandMax":1,"Value":8514},{"Length":37,"Height":95,"Demand":0,"DemandMax":1,"Value":3515},{"Length":27,"Height":25,"Demand":0,"DemandMax":1,"Value":2025},{"Length":67,"Height":56,"Demand":0,"DemandMax":1,"Value":11256},{"Length":2,"Height":7,"Demand":0,"DemandMax":1,"Value":28},{"Length":6,"Height":24,"Demand":0,"DemandMax":1,"Value":144},{"Length":59,"Height":100,"Demand":0,"DemandMax":1,"Value":11800},{"Length":91,"Height":2,"Demand":0,"DemandMax":1,"Value":182},{"Length":12,"Height":92,"Demand":0,"DemandMax":1,"Value":2208},{"Length":21,"Height":23,"Demand":0,"DemandMax":1,"Value":483},{"Length":23,"Height":17,"Demand":0,"DemandMax":1,"Value":782},{"Length":37,"Height":12,"Demand":0,"DemandMax":1,"Value":1332},{"Length":78,"Height":30,"Demand":0,"DemandMax":1,"Value":2340},{"Length":38,"Height":8,"Demand":0,"DemandMax":1,"Value":608},{"Length":28,"Height":38,"Demand":0,"DemandMax":1,"Value":3192},{"Length":24,"Height":80,"Demand":0,"DemandMax":1,"Value":3840},{"Length":48,"Height":12,"Demand":0,"DemandMax":1,"Value":1728},{"Length":7,"Height":85,"Demand":0,"DemandMax":1,"Value":1785},{"Length":88,"Height":25,"Demand":0,"DemandMax":1,"Value":2200},{"Length":18,"Height":97,"Demand":0,"DemandMax":1,"Value":5238},{"Length":97,"Height":8,"Demand":0,"DemandMax":1,"Value":776},{"Length":57,"Height":54,"Demand":0,"DemandMax":1,"Value":3078},{"Length":83,"Height":26,"Demand":0,"DemandMax":1,"Value":4316},{"Length":95,"Height":12,"Demand":0,"DemandMax":1,"Value":1140},{"Length":26,"Height":90,"Demand":0,"DemandMax":1,"Value":2340},{"Length":42,"Height":38,"Demand":0,"DemandMax":1,"Value":3192},{"Length":32,"Height":17,"Demand":0,"DemandMax":1,"Value":1632},{"Length":94,"Height":84,"Demand":0,"DemandMax":1,"Value":15792},{"Length":49,"Height":87,"Demand":0,"DemandMax":1,"Value":8526},{"Length":22,"Height":30,"Demand":0,"DemandMax":1,"Value":1980},{"Length":57,"Height":92,"Demand":0,"DemandMax":1,"Value":10488},{"Length":38,"Height":19,"Demand":0,"DemandMax":1,"Value":1444},{"Length":17,"Height":77,"Demand":0,"DemandMax":1,"Value":1309},{"Length":93,"Height":27,"Demand":0,"DemandMax":1,"Value":2511},{"Length":42,"Height":94,"Demand":0,"DemandMax":1,"Value":11844},{"Length":3,"Height":34,"Demand":0,"DemandMax":1,"Value":306},{"Length":96,"Height":17,"Demand":0,"DemandMax":1,"Value":1632},{"Length":78,"Height":96,"Demand":0,"DemandMax":1,"Value":14976},{"Length":21,"Height":21,"Demand":0,"DemandMax":1,"Value":441},{"Length":90,"Height":58,"Demand":0,"DemandMax":1,"Value":15660},{"Length":95,"Height":55,"Demand":0,"DemandMax":1,"Value":10450},{"Length":50,"Height":9,"Demand":0,"DemandMax":1,"Value":1350},{"Length":78,"Height":45,"Demand":0,"DemandMax":1,"Value":10530},{"Length":26,"Height":20,"Demand":0,"DemandMax":1,"Value":1560},{"Length":3,"Height":28,"Demand":0,"DemandMax":1,"Value":168},{"Length":92,"Height":53,"Demand":0,"DemandMax":1,"Value":9752},{"Length":20,"Height":18,"Demand":0,"DemandMax":1,"Value":360},{"Length":33,"Height":30,"Demand":0,"DemandMax":1,"Value":990},{"Length":68,"Height":88,"Demand":0,"DemandMax":1,"Value":17952},{"Length":32,"Height":91,"Demand":0,"DemandMax":1,"Value":5824},{"Length":42,"Height":90,"Demand":0,"DemandMax":1,"Value":11340},{"Length":43,"Height":92,"Demand":0,"DemandMax":1,"Value":11868},{"Length":42,"Height":35,"Demand":0,"DemandMax":1,"Value":1470},{"Length":55,"Height":87,"Demand":0,"DemandMax":1,"Value":4785},{"Length":36,"Height":98,"Demand":0,"DemandMax":1,"Value":10584},{"Length":80,"Height":61,"Demand":0,"DemandMax":1,"Value":14640},{"Length":18,"Height":9,"Demand":0,"DemandMax":1,"Value":324},{"Length":100,"Height":2,"Demand":0,"DemandMax":1,"Value":200},{"Length":11,"Height":98,"Demand":0,"DemandMax":1,"Value":3234},{"Length":31,"Height":15,"Demand":0,"DemandMax":1,"Value":930},{"Length":86,"Height":28,"Demand":0,"DemandMax":1,"Value":2408},{"Length":69,"Height":78,"Demand":0,"DemandMax":1,"Value":5382},{"Length":86,"Height":6,"Demand":0,"DemandMax":1,"Value":1032},{"Length":38,"Height":91,"Demand":0,"DemandMax":1,"Value":10374},{"Length":76,"Height":29,"Demand":0,"DemandMax":1,"Value":6612},{"Length":24,"Height":91,"Demand":0,"DemandMax":1,"Value":6552},{"Length":20,"Height":2,"Demand":0,"DemandMax":1,"Value":120},{"Length":45,"Height":38,"Demand":0,"DemandMax":1,"Value":5130},{"Length":36,"Height":27,"Demand":0,"DemandMax":1,"Value":2916},{"Length":42,"Height":15,"Demand":0,"DemandMax":1,"Value":1890},{"Length":44,"Height":37,"Demand":0,"DemandMax":1,"Value":4884},{"Length":45,"Height":9,"Demand":0,"DemandMax":1,"Value":405},{"Length":5,"Height":29,"Demand":0,"DemandMax":1,"Value":145},{"Length":22,"Height":7,"Demand":0,"DemandMax":1,"Value":462},{"Length":79,"Height":32,"Demand":0,"DemandMax":1,"Value":7584},{"Length":96,"Height":24,"Demand":0,"DemandMax":1,"Value":4608},{"Length":25,"Height":77,"Demand":0,"DemandMax":1,"Value":5775},{"Length":93,"Height":48,"Demand":0,"DemandMax":1,"Value":4464},{"Length":16,"Height":7,"Demand":0,"DemandMax":1,"Value":336},{"Length":16,"Height":9,"Demand":0,"DemandMax":1,"Value":432},{"Length":25,"Height":78,"Demand":0,"DemandMax":1,"Value":3900},{"Length":59,"Height":88,"Demand":0,"DemandMax":1,"Value":10384},{"Length":32,"Height":90,"Demand":0,"DemandMax":1,"Value":8640},{"Length":92,"Height":24,"Demand":0,"DemandMax":1,"Value":2208},{"Length":47,"Height":3,"Demand":0,"DemandMax":1,"Value":423},{"Length":90,"Height":94,"Demand":0,"DemandMax":1,"Value":8460},{"Length":39,"Height":90,"Demand":0,"DemandMax":1,"Value":3510},{"Length":29,"Height":22,"Demand":0,"DemandMax":1,"Value":1276},{"Length":38,"Height":35,"Demand":0,"DemandMax":1,"Value":3990},{"Length":11,"Height":76,"Demand":0,"DemandMax":1,"Value":1672},{"Length":73,"Height":95,"Demand":0,"DemandMax":1,"Value":6935},{"Length":18,"Height":17,"Demand":0,"DemandMax":1,"Value":306},{"Length":99,"Height":46,"Demand":0,"DemandMax":1,"Value":9108},{"Length":94,"Height":75,"Demand":0,"DemandMax":1,"Value":21150},{"Length":94,"Height":72,"Demand":0,"DemandMax":1,"Value":6768},{"Length":48,"Height":27,"Demand":0,"DemandMax":1,"Value":1296},{"Length":17,"Height":100,"Demand":0,"DemandMax":1,"Value":3400},{"Length":99,"Height":81,"Demand":0,"DemandMax":1,"Value":8019},{"Length":24,"Height":8,"Demand":0,"DemandMax":1,"Value":384},{"Length":91,"Height":63,"Demand":0,"DemandMax":1,"Value":11466},{"Length":90,"Height":25,"Demand":0,"DemandMax":1,"Value":6750},{"Length":26,"Height":89,"Demand":0,"DemandMax":1,"Value":6942},{"Length":87,"Height":68,"Demand":0,"DemandMax":1,"Value":5916},{"Length":22,"Height":35,"Demand":0,"DemandMax":1,"Value":1540},{"Length":32,"Height":83,"Demand":0,"DemandMax":1,"Value":7968},{"Length":43,"Height":80,"Demand":0,"DemandMax":1,"Value":10320},{"Length":11,"Height":82,"Demand":0,"DemandMax":1,"Value":1804},{"Length":60,"Height":79,"Demand":0,"DemandMax":1,"Value":9480},{"Length":91,"Height":45,"Demand":0,"DemandMax":1,"Value":4095},{"Length":94,"Height":7,"Demand":0,"DemandMax":1,"Value":1974},{"Length":29,"Height":80,"Demand":0,"DemandMax":1,"Value":4640},{"Length":5,"Height":24,"Demand":0,"DemandMax":1,"Value":120},{"Length":71,"Height":58,"Demand":0,"DemandMax":1,"Value":12354},{"Length":9,"Height":27,"Demand":0,"DemandMax":1,"Value":243},{"Length":68,"Height":89,"Demand":0,"DemandMax":1,"Value":18156},{"Length":19,"Height":30,"Demand":0,"DemandMax":1,"Value":1140},{"Length":84,"Height":54,"Demand":0,"DemandMax":1,"Value":9072},{"Length":46,"Height":5,"Demand":0,"DemandMax":1,"Value":230},{"Length":35,"Height":44,"Demand":0,"DemandMax":1,"Value":1540},{"Length":47,"Height":37,"Demand":0,"DemandMax":1,"Value":3478},{"Length":82,"Height":17,"Demand":0,"DemandMax":1,"Value":4182},{"Length":98,"Height":20,"Demand":0,"DemandMax":1,"Value":5880},{"Length":11,"Height":10,"Demand":0,"DemandMax":1,"Value":220},{"Length":53,"Height":75,"Demand":0,"DemandMax":1,"Value":7950},{"Length":35,"Height":3,"Demand":0,"DemandMax":1,"Value":315},{"Length":6,"Height":88,"Demand":0,"DemandMax":1,"Value":1584},{"Length":3,"Height":27,"Demand":0,"DemandMax":1,"Value":162},{"Length":33,"Height":10,"Demand":0,"DemandMax":1,"Value":660},{"Length":12,"Height":98,"Demand":0,"DemandMax":1,"Value":3528},{"Length":47,"Height":84,"Demand":0,"DemandMax":1,"Value":7896}]}