{"Name":"ngcutfs2_124","Objects":[{"Length":100,"Height":100,"Stock":null,"Cost":10000}],"Items":[{"Length":52,"Height":97,"Demand":0,"DemandMax":1,"Value":15132},{"Length":14,"Height":81,"Demand":0,"DemandMax":1,"Value":3402},{"Length":4,"Height":38,"Demand":0,"DemandMax":1,"Value":152},{"Length":32,"Height":7,"Demand":0,"DemandMax":1,"Value":672},{"Length":40,"Height":15,"Demand":0,"DemandMax":2,"Value":1200},{"Length":13,"Height":93,"Demand":0,"DemandMax":1,"Value":1209},{"Length":42,"Height":48,"Demand":0,"DemandMax":1,"Value":4032},{"Length":6,"Height":93,"Demand":0,"DemandMax":1,"Value":1116},{"Length":86,"Height":42,"Demand":0,"DemandMax":1,"Value":3612},{"Length":59,"Height":95,"Demand":0,"DemandMax":1,"Value":11210},{"Length":99,"Height":20,"Demand":0,"DemandMax":1,"Value":3960},{"Length":9,"Height":44,"Demand":0,"DemandMax":1,"Value":1188},{"Length":79,"Height":39,"Demand":0,"DemandMax":1,"Value":9243},{"Length":95,"Height":9,"Demand":0,"DemandMax":1,"Value":2565},{"Length":2,"Height":98,"Demand":0,"DemandMax":1,"Value":196},{"Length":26,"Height":8,"Demand":0,"DemandMax":1,"Value":416},{"Length":13,"Height":46,"Demand":0,"DemandMax":1,"Value":598},{"Length":89,"Height":96,"Demand":0,"DemandMax":1,"Value":17088},{"Length":35,"Height":18,"Demand":0,"DemandMax":1,"Value":1890},{"Length":67,"Height":75,"Demand":0,"DemandMax":1,"Value":15075},{"Length":88,"Height":28,"Demand":0,"DemandMax":1,"Value":7392},{"Length":25,"Height":13,"Demand":0,"DemandMax":1,"Value":650},{"Length":17,"Height":85,"Demand":0,"DemandMax":1,"Value":2890},{"Length":43,"Height":21,"Demand":0,"DemandMax":1,"Value":2709},{"Length":94,"Height":33,"Demand":0,"DemandMax":1,"Value":3102},{"Length":82,"Height":41,"Demand":0,"DemandMax":1,"Value":3362},{"Length":10,"Height":88,"Demand":0,"DemandMax":1,"Value":2640},{"Length":33,"Height":77,"Demand":0,"DemandMax":1,"Value":2541},{"Length":96,"Height":51,"Demand":0,"DemandMax":1,"Value":9792},{"Length":40,"Height":23,"Demand":0,"DemandMax":1,"Value":2760},{"Length":96,"Height":19,"Demand":0,"DemandMax":1,"Value":5472},{"Length":30,"Height":89,"Demand":0,"DemandMax":1,"Value":8010},{"Length":28,"Height":42,"Demand":0,"DemandMax":1,"Value":2352},{"Length":33,"Height":12,"Demand":0,"DemandMax":1,"Value":792},{"Length":9,"Height":11,"Demand":0,"DemandMax":1,"Value":297},{"Length":13,"Height":31,"Demand":0,"DemandMax":1,"Value":1209},{"Length":44,"Height":50,"Demand":0,"DemandMax":1,"Value":4400},{"Length":39,"Height":4,"Demand":0,"DemandMax":1,"Value":312},{"Length":20,"Height":12,"Demand":0,"DemandMax":1,"Value":240},{"Length":67,"Height":68,"Demand":0,"DemandMax":1,"Value":4556},{"Length":49,"Height":80,"Demand":0,"DemandMax":1,"Value":7840},{"Length":79,"Height":87,"Demand":0,"DemandMax":1,"Value":6873},{"Length":5,"Height":2,"Demand":0,"DemandMax":1,"Value":10},{"Length":23,"Height":10,"Demand":0,"DemandMax":1,"Value":230},{"Length":41,"Height":2,"Demand":0,"DemandMax":1,"Value":164},{"Length":47,"Height":47,"Demand":0,"DemandMax":1,"Value":2209},{"Length":33,"Height":22,"Demand":0,"DemandMax":1,"Value":1452},{"Length":80,"Height":10,"Demand":0,"DemandMax":1,"Value":1600},{"Length":34,"Height":21,"Demand":0,"DemandMax":1,"Value":1428},{"Length":92,"Height":49,"Demand":0,"DemandMax":1,"Value":13524},{"Length":47,"Height":42,"Demand":0,"DemandMax":1,"Value":3948},{"Length":63,"Height":99,"Demand":0,"DemandMax":1,"Value":6237},{"Length":42,"Height":18,"Demand":0,"DemandMax":1,"Value":1512},{"Length":43,"Height":19,"Demand":0,"DemandMax":1,"Value":2451},{"Length":29,"Height":100,"Demand":0,"DemandMax":1,"Value":8700},{"Length":47,"Height":33,"Demand":0,"DemandMax":1,"Value":3102},{"Length":33,"Height":30,"Demand":0,"DemandMax":1,"Value":1980},{"Length":4,"Height":77,"Demand":0,"DemandMax":1,"Value":308},{"Length":90,"Height":40,"Demand":0,"DemandMax":1,"Value":7200},{"Length":6,"Height":38,"Demand":0,"DemandMax":1,"Value":228},{"Length":16,"Height":5,"Demand":0,"DemandMax":1,"Value":160},{"Length":2,"Height":79,"Demand":0,"DemandMax":1,"Value":474},{"Length":78,"Height":24,"Demand":0,"DemandMax":1,"Value":5616},{"Length":8,"Height":31,"Demand":0,"DemandMax":1,"Value":744},{"Length":18,"Height":32,"Demand":0,"DemandMax":1,"Value":576},{"Length":9,"Height":49,"Demand":0,"DemandMax":1,"Value":1323},{"Length":37,"Height":77,"Demand":0,"DemandMax":1,"Value":8547},{"Length":27,"Height":41,"Demand":0,"DemandMax":1,"Value":1107},{"Length":36,"Height":25,"Demand":0,"DemandMax":1,"Value":2700},{"Length":29,"Height":88,"Demand":0,"DemandMax":1,"Value":2552},{"Length":46,"Height":19,"Demand":0,"DemandMax":1,"Value":874},{"Length":36,"Height":14,"Demand":0,"DemandMax":1,"Value":1512},{"Length":80,"Height":98,"Demand":0,"DemandMax":1,"Value":23520},{"Length":90,"Height":26,"Demand":0,"DemandMax":1,"Value":7020},{"Length":49,"Height":3,"Demand":0,"DemandMax":1,"Value":441},{"Length":11,"Height":77,"Demand":0,"DemandMax":1,"Value":2541},{"Length":44,"Height":85,"Demand":0,"DemandMax":1,"Value":7480},{"Length":99,"Height":14,"Demand":0,"DemandMax":1,"Value":1386},{"Length":44,"Height":43,"Demand":0,"DemandMax":1,"Value":1892},{"Length":6,"Height":47,"Demand":0,"DemandMax":1,"Value":564},{"Length":21,"Height":22,"Demand":0,"DemandMax":1,"Value":1386},{"Length":19,"Height":27,"Demand":0,"DemandMax":1,"Value":513},{"Length":10,"Height":23,"Demand":0,"DemandMax":1,"Value":460},{"Length":14,"Height":96,"Demand":0,"DemandMax":1,"Value":2688},{"Length":2,"Height":39,"Demand":0,"DemandMax":1,"Value":234},{"Length":82,"Height":12,"Demand":0,"DemandMax":1,"Value":984},{"Length":97,"Height":8,"Demand":0,"DemandMax":1,"Value":1552},{"Length":6,"Height":30,"Demand":0,"DemandMax":1,"Value":180},{"Length":46,"Height":10,"Demand":0,"DemandMax":1,"Value":920},{"Length":97,"Height":28,"Demand":0,"DemandMax":1,"Value":2716},{"Length":37,"Height":33,"Demand":0,"DemandMax":1,"Value":3663},{"Length":82,"Height":63,"Demand":0,"DemandMax":1,"Value":10332},{"Length":15,"Height":32,"Demand":0,"DemandMax":1,"Value":1440},{"Length":13,"Height":39,"Demand":0,"DemandMax":1,"Value":507},{"Length":19,"Height":21,"Demand":0,"DemandMax":1,"Value":798},{"Length":9,"Height":43,"Demand":0,"DemandMax":1,"Value":1161},{"Length":51,"Height":72,"Demand":0,"DemandMax":1,"Value":3672},{"Length":16,"Height":22,"Demand":0,"DemandMax":1,"Value":1056},{"Length":21,"Height":12,"Demand":0,"DemandMax":1,"Value":504},{"Length":91,"Height":22,"Demand":0,"DemandMax":1,"Value":2002},{"Length":25,"Height":43,"Demand":0,"DemandMax":1,"Value":3225},{"Length":99,"Height":30,"Demand":0,"DemandMax":1,"Value":2970},{"Length":15,"Height":46,"Demand":0,"DemandMax":1,"Value":690},{"Length":21,"Height":45,"Demand":0,"DemandMax":1,"Value":2835},{"Length":99,"Height":28,"Demand":0,"DemandMax":1,"Value":2772},{"Length":32,"Height":8,"Demand":0,"DemandMax":1,"Value":256},{"Length":47,"Height":23,"Demand":0,"DemandMax":1,"Value":1081},{"Length":27,"Height":89,"Demand":0,"DemandMax":1,"Value":4806},{"Length":57,"Height":86,"Demand":0,"DemandMax":1,"Value":14706},{"Length":47,"Height":18,"Demand":0,"DemandMax":1,"Value":1692},{"Length":94,"Height":14,"Demand":0,"DemandMax":1,"Value":2632},{"Length":53,"Height":87,"Demand":0,"DemandMax":1,"Value":4611},{"Length":31,"Height":93,"Demand":0,"DemandMax":1,"Value":5766},{"Length":2,"Height":9,"Demand":0,"DemandMax":1,"Value":18},{"Length":48,"Height":39,"Demand":0,"DemandMax":1,"Value":3744},{"Length":26,"Height":17,"Demand":0,"DemandMax":1,"Value":442},{"Length":31,"Height":49,"Demand":0,"DemandMax":1,"Value":4557},{"Length":36,"Height":46,"Demand":0,"DemandMax":1,"Value":4968},{"Length":97,"Height":21,"Demand":0,"DemandMax":1,"Value":6111},{"Length":97,"Height":63,"Demand":0,"DemandMax":1,"Value":18333},{"Length":26,"Height":5,"Demand":0,"DemandMax":1,"Value":260},{"Length":62,"Height":69,"Demand":0,"DemandMax":1,"Value":4278},{"Length":3,"Height":31,"Demand":0,"DemandMax":1,"Value":93},{"Length":32,"Height":34,"Demand":0,"DemandMax":1,"Value":3264},{"Length":25,"Height":2,"Demand":0,"DemandMax":1,"Value":50},{"Length":25,"Height":19,"Demand":0,"DemandMax":1,"Value":475},{"Length":40,"Height":33,"Demand":0,"DemandMax":1,"Value":2640},{"Length":76,"Height":37,"Demand":0,"DemandMax":1,"Value":5624},{"Length":36,"Height":94,"Demand":0,"DemandMax":1,"Value":6768},{"Length":79,"Height":50,"Demand":0,"DemandMax":1,"Value":3950},{"Length":13,"Height":80,"Demand":0,"DemandMax":1,"Value":3120},{"Length":14,"Height":42,"Demand":0,"DemandMax":1,"Value":1764},{"Length":3,"Height":13,"Demand":0,"DemandMax":1,"Value":78},{"Length":93,"Height":23,"Demand":0,"DemandMax":1,"Value":4278},{"Length":94,"Height":14,"Demand":0,"DemandMax":1,"Value":1316},{"Length":94,"Height":88,"Demand":0,"DemandMax":1,"Value":8272},{"Length":100,"Height":11,"Demand":0,"DemandMax":1,"Value":2200},{"Length":82,"Height":22,"Demand":0,"DemandMax":1,"Value":3608},{"Length":77,"Height":52,"Demand":0,"DemandMax":1,"Value":12012},{"Length":46,"Height":92,"Demand":0,"DemandMax":1,"Value":4232},{"Length":19,"Height":34,"Demand":0,"DemandMax":1,"Value":1938},{"Length":29,"Height":8,"Demand":0,"DemandMax":1,"Value":232},{"Length":70,"Height":58,"Demand":0,"DemandMax":1,"Value":8120},{"Length":47,"Height":13,"Demand":0,"DemandMax":1,"Value":1833},{"Length":54,"Height":72,"Demand":0,"DemandMax":1,"Value":11664},{"Length":26,"Height":41,"Demand":0,"DemandMax":1,"Value":3198},{"Length":14,"Height":33,"Demand":0,"DemandMax":1,"Value":1386},{"Length":86,"Height":52,"Demand":0,"DemandMax":1,"Value":8944},{"Length":27,"Height":2,"Demand":0,"DemandMax":1,"Value":54},{"Length":5,"Height":9,"Demand":0,"DemandMax":1,"Value":90},{"Length":97,"Height":35,"Demand":0,"DemandMax":1,"Value":6790},{"Length":15,"Height":47,"Demand":0,"DemandMax":1,"Value":2115},{"Length":43,"Height":15,"Demand":0,"DemandMax":1,"Value":1935},{"Length":14,"Height":3,"Demand":0,"DemandMax":1,"Value":42},{"Length":34,"Height":2,"Demand":0,"DemandMax":1,"Value":204},{"Length":14,"Height":7,"Demand":0,"DemandMax":1,"Value":196},{"Length":43,"Height":85,"Demand":0,"DemandMax":1,"Value":7310},{"Length":10,"Height":77,"Demand":0,"DemandMax":2,"Value":770},{"Length":80,"Height":38,"Demand":0,"DemandMax":1,"Value":3040},{"Length":19,"Height":25,"Demand":0,"DemandMax":1,"Value":950},{"Length":46,"Height":18,"Demand":0,"DemandMax":1,"Value":828},{"Length":49,"Height":17,"Demand":0,"DemandMax":1,"Value":1666},{"Length":94,"Height":33,"Demand":0,"DemandMax":1,"Value":9306},{"Length":4,"Height":34,"Demand":0,"DemandMax":1,"Value":408},{"Length":79,"Height":48,"Demand":0,"DemandMax":1,"Value":11376},{"Length":22,"Height":48,"Demand":0,"DemandMax":1,"Value":3168},{"Length":30,"Height":35,"Demand":0,"DemandMax":1,"Value":3150},{"Length":49,"Height":9,"Demand":0,"DemandMax":1,"Value":1323},{"Length":87,"Height":16,"Demand":0,"DemandMax":1,"Value":1392},{"Length":2,"Height":36,"Demand":0,"DemandMax":1,"Value":72},{"Length":15,"Height":42,"Demand":0,"DemandMax":1,"Value":1890},{"Length":27,"Height":42,"Demand":0,"DemandMax":1,"Value":2268},{"Length":17,"Height":27,"Demand":0,"DemandMax":1,"Value":1377},{"Length":48,"Height":94,"Demand":0,"DemandMax":1,"Value":13536},{"Length":13,"Height":20,"Demand":0,"DemandMax":1,"Value":780},{"Length":26,"Height":33,"Demand":0,"DemandMax":1,"Value":858},{"Length":20,"Height":18,"Demand":0,"DemandMax":1,"Value":720},{"Length":16,"Height":42,"Demand":0,"DemandMax":1,"Value":672},{"Length":66,"Height":58,"Demand":0,"DemandMax":1,"Value":7656},{"Length":12,"Height":33,"Demand":0,"DemandMax":1,"Value":792},{"Length":77,"Height":18,"Demand":0,"DemandMax":1,"Value":1386},{"Length":11,"Height":97,"Demand":0,"DemandMax":1,"Value":3201},{"Length":14,"Height":20,"Demand":0,"DemandMax":1,"Value":280},{"Length":46,"Height":8,"Demand":0,"DemandMax":1,"Value":736},{"Length":29,"Height":5,"Demand":0,"DemandMax":1,"Value":435},{"Length":32,"Height":97,"Demand":0,"DemandMax":1,"Value":6208},{"Length":82,"Height":28,"Demand":0,"DemandMax":1,"Value":2296},{"Length":40,"Height":50,"Demand":0,"DemandMax":1,"Value":6000},{"Length":12,"Height":42,"Demand":0,"DemandMax":1,"Value":1512},{"Length":90,"Height":10,"Demand":0,"DemandMax":1,"Value":1800},{"Length":60,"Height":59,"Demand":0,"DemandMax":1,"Value":10620},{"Length":43,"Height":47,"Demand":0,"DemandMax":1,"Value":2021},{"Length":12,"Height":39,"Demand":0,"DemandMax":1,"Value":1404},{"Length":38,"Height":37,"Demand":0,"DemandMax":1,"Value":1406},{"Length":7,"Height":12,"Demand":0,"DemandMax":1,"Value":252},{"Length":3,"Height":24,"Demand":0,"DemandMax":1,"Value":72},{"Length":64,"Height":97,"Demand":0,"DemandMax":1,"Value":18624},{"Length":9,"Height":36,"Demand":0,"DemandMax":1,"Value":648},{"Length":28,"Height":16,"Demand":0,"DemandMax":1,"Value":1344},{"Length":48,"Height":80,"Demand":0,"DemandMax":1,"Value":11520},{"Length":10,"Height":79,"Demand":0,"DemandMax":1,"Value":2370},{"Length":14,"Height":22,"Demand":0,"DemandMax":1,"Value":924},{"Length":40,"Height":30,"Demand":0,"DemandMax":1,"Value":1200},{"Length":7,"Height":33,"Demand":0,"DemandMax":1,"Value":693},{"Length":13,"Height":37,"Demand":0,"DemandMax":1,"Value":1443},{"Length":98,"Height":15,"Demand":0,"DemandMax":1,"Value":1470},{"Length":6,"Height":81,"Demand":0,"DemandMax":1,"Value":972},{"Length":65,"Height":77,"Demand":0,"DemandMax":1,"Value":15015},{"Length":18,"Height":18,"Demand":0,"DemandMax":1,"Value":324},{"Length":68,"Height":89,"Demand":0,"DemandMax":1,"Value":18156},{"Length":3,"Height":33,"Demand":0,"DemandMax":1,"Value":99},{"Length":82,"Height":9,"Demand":0,"DemandMax":1,"Value":1476},{"Length":7,"Height":14,"Demand":0,"DemandMax":1,"Value":294},{"Length":26,"Height":39,"Demand":0,"DemandMax":1,"Value":1014},{"Length":34,"Height":2,"Demand":0,"DemandMax":1,"Value":136},{"Length":16,"Height":76,"Demand":0,"DemandMax":1,"Value":3648},{"Length":11,"Height":26,"Demand":0,"DemandMax":1,"Value":286},{"Length":41,"Height":7,"Demand":0,"DemandMax":1,"Value":861},{"Length":11,"Height":77,"Demand":0,"DemandMax":1,"Value":847},{"Length":41,"Height":41,"Demand":0,"DemandMax":1,"Value":1681},{"Length":12,"Height":32,"Demand":0,"DemandMax":1,"Value":768},{"Length":25,"Height":31,"Demand":0,"DemandMax":1,"Value":1550},{"Length":20,"Height":7,"Demand":0,"DemandMax":1,"Value":140},{"Length":7,"Height":16,"Demand":0,"DemandMax":1,"Value":336},{"Length":96,"Height":13,"Demand":0,"DemandMax":1,"Value":2496},{"Length":76,"Height":43,"Demand":0,"DemandMax":1,"Value":9804},{"Length":36,"Height":91,"Demand":0,"DemandMax":1,"Value":3276},{"Length":78,"Height":37,"Demand":0,"DemandMax":1,"Value":2886},{"Length":84,"Height":19,"Demand":0,"DemandMax":1,"Value":1596},{"Length":95,"Height":99,"Demand":0,"DemandMax":1,"Value":28215},{"Length":23,"Height":24,"Demand":0,"DemandMax":1,"Value":552},{"Length":2,"Height":9,"Demand":0,"DemandMax":1,"Value":54},{"Length":31,"Height":23,"Demand":0,"DemandMax":1,"Value":1426},{"Length":8,"Height":13,"Demand":0,"DemandMax":1,"Value":208},{"Length":27,"Height":43,"Demand":0,"DemandMax":1,"Value":2322},{"Length":20,"Height":26,"Demand":0,"DemandMax":1,"Value":520},{"Length":88,"Height":5,"Demand":0,"DemandMax":1,"Value":880},{"Length":24,"Height":43,"Demand":0,"DemandMax":1,"Value":2064},{"Length":62,"Height":65,"Demand":0,"DemandMax":1,"Value":8060},{"Length":27,"Height":79,"Demand":0,"DemandMax":1,"Value":2133},{"Length":45,"Height":3,"Demand":0,"DemandMax":1,"Value":405},{"Length":90,"Height":38,"Demand":0,"DemandMax":1,"Value":3420},{"Length":25,"Height":24,"Demand":0,"DemandMax":1,"Value":1200},{"Length":36,"Height":86,"Demand":0,"DemandMax":1,"Value":3096},{"Length":36,"Height":2,"Demand":0,"DemandMax":1,"Value":216},{"Length":48,"Height":2,"Demand":0,"DemandMax":1,"Value":192},{"Length":19,"Height":90,"Demand":0,"DemandMax":1,"Value":3420},{"Length":36,"Height":83,"Demand":0,"DemandMax":1,"Value":5976}]}