{"Name":"ngcutfs1_133","Objects":[{"Length":100,"Height":100,"Stock":null,"Cost":10000}],"Items":[{"Length":8,"Height":92,"Demand":0,"DemandMax":3,"Value":2208},{"Length":9,"Height":4,"Demand":0,"DemandMax":3,"Value":72},{"Length":18,"Height":15,"Demand":0,"DemandMax":3,"Value":810},{"Length":22,"Height":92,"Demand":0,"DemandMax":3,"Value":2024},{"Length":3,"Height":77,"Demand":0,"DemandMax":3,"Value":462},{"Length":43,"Height":41,"Demand":0,"DemandMax":3,"Value":5289},{"Length":100,"Height":48,"Demand":0,"DemandMax":3,"Value":4800},{"Length":96,"Height":36,"Demand":0,"DemandMax":3,"Value":6912},{"Length":47,"Height":23,"Demand":0,"DemandMax":3,"Value":1081},{"Length":77,"Height":57,"Demand":0,"DemandMax":3,"Value":8778},{"Length":60,"Height":59,"Demand":0,"DemandMax":3,"Value":7080},{"Length":93,"Height":78,"Demand":0,"DemandMax":3,"Value":21762},{"Length":65,"Height":100,"Demand":0,"DemandMax":3,"Value":6500},{"Length":17,"Height":2,"Demand":0,"DemandMax":3,"Value":68},{"Length":88,"Height":46,"Demand":0,"DemandMax":3,"Value":12144},{"Length":19,"Height":6,"Demand":0,"DemandMax":3,"Value":228},{"Length":78,"Height":14,"Demand":0,"DemandMax":3,"Value":2184},{"Length":79,"Height":39,"Demand":0,"DemandMax":3,"Value":9243},{"Length":7,"Height":42,"Demand":0,"DemandMax":3,"Value":294},{"Length":39,"Height":26,"Demand":0,"DemandMax":3,"Value":2028},{"Length":25,"Height":30,"Demand":0,"DemandMax":3,"Value":2250},{"Length":49,"Height":9,"Demand":0,"DemandMax":3,"Value":882},{"Length":96,"Height":8,"Demand":0,"DemandMax":3,"Value":768},{"Length":41,"Height":46,"Demand":0,"DemandMax":3,"Value":1886},{"Length":31,"Height":88,"Demand":0,"DemandMax":3,"Value":2728},{"Length":15,"Height":17,"Demand":0,"DemandMax":3,"Value":765},{"Length":34,"Height":20,"Demand":0,"DemandMax":3,"Value":2040},{"Length":52,"Height":85,"Demand":0,"DemandMax":3,"Value":8840},{"Length":58,"Height":68,"Demand":0,"DemandMax":3,"Value":7888},{"Length":94,"Height":35,"Demand":0,"DemandMax":3,"Value":3290},{"Length":35,"Height":11,"Demand":0,"DemandMax":3,"Value":770},{"Length":15,"Height":25,"Demand":0,"DemandMax":3,"Value":750},{"Length":12,"Height":100,"Demand":0,"DemandMax":3,"Value":2400},{"Length":22,"Height":80,"Demand":0,"DemandMax":3,"Value":1760},{"Length":40,"Height":33,"Demand":0,"DemandMax":3,"Value":3960},{"Length":95,"Height":71,"Demand":0,"DemandMax":3,"Value":20235},{"Length":90,"Height":33,"Demand":0,"DemandMax":3,"Value":8910},{"Length":9,"Height":45,"Demand":0,"DemandMax":3,"Value":1215},{"Length":3,"Height":22,"Demand":0,"DemandMax":3,"Value":132},{"Length":16,"Height":88,"Demand":0,"DemandMax":3,"Value":1408},{"Length":21,"Height":35,"Demand":0,"DemandMax":3,"Value":1470},{"Length":40,"Height":42,"Demand":0,"DemandMax":3,"Value":1680},{"Length":19,"Height":2,"Demand":0,"DemandMax":3,"Value":38},{"Length":44,"Height":7,"Demand":0,"DemandMax":3,"Value":616},{"Length":93,"Height":56,"Demand":0,"DemandMax":3,"Value":15624},{"Length":82,"Height":12,"Demand":0,"DemandMax":3,"Value":1968},{"Length":22,"Height":44,"Demand":0,"DemandMax":3,"Value":968},{"Length":88,"Height":50,"Demand":0,"DemandMax":3,"Value":4400},{"Length":15,"Height":48,"Demand":0,"DemandMax":3,"Value":2160},{"Length":91,"Height":66,"Demand":0,"DemandMax":3,"Value":6006},{"Length":82,"Height":33,"Demand":0,"DemandMax":3,"Value":5412},{"Length":65,"Height":58,"Demand":0,"DemandMax":3,"Value":3770},{"Length":19,"Height":17,"Demand":0,"DemandMax":3,"Value":969},{"Length":79,"Height":54,"Demand":0,"DemandMax":3,"Value":12798},{"Length":100,"Height":13,"Demand":0,"DemandMax":3,"Value":3900},{"Length":46,"Height":9,"Demand":0,"DemandMax":3,"Value":1242},{"Length":40,"Height":90,"Demand":0,"DemandMax":3,"Value":10800},{"Length":27,"Height":2,"Demand":0,"DemandMax":3,"Value":108},{"Length":8,"Height":96,"Demand":0,"DemandMax":3,"Value":1536},{"Length":28,"Height":42,"Demand":0,"DemandMax":3,"Value":2352},{"Length":4,"Height":12,"Demand":0,"DemandMax":3,"Value":96},{"Length":30,"Height":42,"Demand":0,"DemandMax":3,"Value":1260},{"Length":50,"Height":47,"Demand":0,"DemandMax":3,"Value":2350},{"Length":20,"Height":26,"Demand":0,"DemandMax":3,"Value":1560},{"Length":76,"Height":79,"Demand":0,"DemandMax":3,"Value":18012},{"Length":81,"Height":96,"Demand":0,"DemandMax":3,"Value":15552},{"Length":81,"Height":49,"Demand":0,"DemandMax":3,"Value":11907},{"Length":45,"Height":40,"Demand":0,"DemandMax":3,"Value":5400},{"Length":36,"Height":50,"Demand":0,"DemandMax":3,"Value":1800},{"Length":77,"Height":38,"Demand":0,"DemandMax":3,"Value":5852},{"Length":95,"Height":47,"Demand":0,"DemandMax":3,"Value":8930},{"Length":51,"Height":55,"Demand":0,"DemandMax":3,"Value":5610},{"Length":81,"Height":39,"Demand":0,"DemandMax":3,"Value":9477},{"Length":15,"Height":36,"Demand":0,"DemandMax":3,"Value":540},{"Length":79,"Height":99,"Demand":0,"DemandMax":3,"Value":23463},{"Length":38,"Height":12,"Demand":0,"DemandMax":3,"Value":912},{"Length":88,"Height":47,"Demand":0,"DemandMax":3,"Value":4136},{"Length":55,"Height":87,"Demand":0,"DemandMax":3,"Value":9570},{"Length":24,"Height":41,"Demand":0,"DemandMax":3,"Value":2952},{"Length":47,"Height":18,"Demand":0,"DemandMax":3,"Value":1692},{"Length":88,"Height":41,"Demand":0,"DemandMax":3,"Value":3608},{"Length":41,"Height":87,"Demand":0,"DemandMax":3,"Value":7134},{"Length":59,"Height":69,"Demand":0,"DemandMax":3,"Value":8142},{"Length":34,"Height":10,"Demand":0,"DemandMax":3,"Value":680},{"Length":85,"Height":35,"Demand":0,"DemandMax":3,"Value":2975},{"Length":22,"Height":96,"Demand":0,"DemandMax":3,"Value":4224},{"Length":76,"Height":35,"Demand":0,"DemandMax":3,"Value":5320},{"Length":83,"Height":75,"Demand":0,"DemandMax":3,"Value":12450},{"Length":4,"Height":78,"Demand":0,"DemandMax":3,"Value":624},{"Length":36,"Height":7,"Demand":0,"DemandMax":3,"Value":756},{"Length":13,"Height":2,"Demand":0,"DemandMax":3,"Value":78},{"Length":76,"Height":3,"Demand":0,"DemandMax":3,"Value":228},{"Length":18,"Height":44,"Demand":0,"DemandMax":3,"Value":1584},{"Length":28,"Height":19,"Demand":0,"DemandMax":3,"Value":532},{"Length":45,"Height":44,"Demand":0,"DemandMax":3,"Value":1980},{"Length":10,"Height":35,"Demand":0,"DemandMax":3,"Value":700},{"Length":24,"Height":15,"Demand":0,"DemandMax":3,"Value":720},{"Length":33,"Height":48,"Demand":0,"DemandMax":3,"Value":3168},{"Length":94,"Height":86,"Demand":0,"DemandMax":3,"Value":8084},{"Length":19,"Height":26,"Demand":0,"DemandMax":3,"Value":494},{"Length":26,"Height":8,"Demand":0,"DemandMax":3,"Value":416},{"Length":11,"Height":18,"Demand":0,"DemandMax":3,"Value":594},{"Length":91,"Height":92,"Demand":0,"DemandMax":3,"Value":16744},{"Length":27,"Height":85,"Demand":0,"DemandMax":3,"Value":4590},{"Length":84,"Height":65,"Demand":0,"DemandMax":3,"Value":5460},{"Length":59,"Height":93,"Demand":0,"DemandMax":3,"Value":5487},{"Length":7,"Height":31,"Demand":0,"DemandMax":3,"Value":651},{"Length":14,"Height":79,"Demand":0,"DemandMax":3,"Value":1106},{"Length":43,"Height":22,"Demand":0,"DemandMax":3,"Value":1892},{"Length":86,"Height":3,"Demand":0,"DemandMax":3,"Value":258},{"Length":14,"Height":6,"Demand":0,"DemandMax":3,"Value":84},{"Length":50,"Height":95,"Demand":0,"DemandMax":3,"Value":4750},{"Length":20,"Height":30,"Demand":0,"DemandMax":3,"Value":600},{"Length":24,"Height":98,"Demand":0,"DemandMax":3,"Value":7056},{"Length":80,"Height":66,"Demand":0,"DemandMax":3,"Value":10560},{"Length":47,"Height":85,"Demand":0,"DemandMax":3,"Value":11985},{"Length":84,"Height":11,"Demand":0,"DemandMax":3,"Value":1848},{"Length":96,"Height":64,"Demand":0,"DemandMax":3,"Value":18432},{"Length":42,"Height":33,"Demand":0,"DemandMax":3,"Value":1386},{"Length":10,"Height":19,"Demand":0,"DemandMax":3,"Value":190},{"Length":70,"Height":83,"Demand":0,"DemandMax":3,"Value":17430},{"Length":54,"Height":78,"Demand":0,"DemandMax":3,"Value":4212},{"Length":3,"Height":2,"Demand":0,"DemandMax":3,"Value":6},{"Length":87,"Height":89,"Demand":0,"DemandMax":3,"Value":15486},{"Length":57,"Height":86,"Demand":0,"DemandMax":3,"Value":9804},{"Length":41,"Height":100,"Demand":0,"DemandMax":3,"Value":8200},{"Length":95,"Height":62,"Demand":0,"DemandMax":3,"Value":11780},{"Length":86,"Height":24,"Demand":0,"DemandMax":3,"Value":6192},{"Length":98,"Height":97,"Demand":0,"DemandMax":3,"Value":19012},{"Length":41,"Height":98,"Demand":0,"DemandMax":3,"Value":4018},{"Length":77,"Height":89,"Demand":0,"DemandMax":3,"Value":6853},{"Length":30,"Height":5,"Demand":0,"DemandMax":3,"Value":150},{"Length":13,"Height":7,"Demand":0,"DemandMax":3,"Value":91},{"Length":18,"Height":8,"Demand":0,"DemandMax":3,"Value":432},{"Length":87,"Height":16,"Demand":0,"DemandMax":3,"Value":2784},{"Length":100,"Height":7,"Demand":0,"DemandMax":3,"Value":2100},{"Length":13,"Height":3,"Demand":0,"DemandMax":3,"Value":39},{"Length":29,"Height":98,"Demand":0,"DemandMax":3,"Value":5684},{"Length":97,"Height":19,"Demand":0,"DemandMax":3,"Value":5529},{"Length":46,"Height":47,"Demand":0,"DemandMax":3,"Value":4324},{"Length":32,"Height":35,"Demand":0,"DemandMax":3,"Value":1120},{"Length":43,"Height":21,"Demand":0,"DemandMax":3,"Value":1806},{"Length":9,"Height":39,"Demand":0,"DemandMax":3,"Value":1053},{"Length":21,"Height":100,"Demand":0,"DemandMax":3,"Value":2100},{"Length":41,"Height":85,"Demand":0,"DemandMax":3,"Value":10455},{"Length":21,"Height":16,"Demand":0,"DemandMax":3,"Value":336},{"Length":43,"Height":79,"Demand":0,"DemandMax":3,"Value":6794},{"Length":28,"Height":15,"Demand":0,"DemandMax":3,"Value":840},{"Length":17,"Height":37,"Demand":0,"DemandMax":3,"Value":629},{"Length":12,"Height":33,"Demand":0,"DemandMax":3,"Value":396},{"Length":86,"Height":3,"Demand":0,"DemandMax":3,"Value":774},{"Length":6,"Height":89,"Demand":0,"DemandMax":6,"Value":1602},{"Length":60,"Height":93,"Demand":0,"DemandMax":3,"Value":5580},{"Length":34,"Height":22,"Demand":0,"DemandMax":3,"Value":748},{"Length":97,"Height":57,"Demand":0,"DemandMax":3,"Value":11058},{"Length":89,"Height":38,"Demand":0,"DemandMax":3,"Value":10146},{"Length":22,"Height":8,"Demand":0,"DemandMax":3,"Value":528},{"Length":46,"Height":76,"Demand":0,"DemandMax":3,"Value":10488},{"Length":19,"Height":81,"Demand":0,"DemandMax":3,"Value":1539},{"Length":23,"Height":99,"Demand":0,"DemandMax":3,"Value":4554},{"Length":90,"Height":27,"Demand":0,"DemandMax":3,"Value":7290},{"Length":72,"Height":74,"Demand":0,"DemandMax":3,"Value":5328},{"Length":9,"Height":76,"Demand":0,"DemandMax":3,"Value":2052},{"Length":6,"Height":87,"Demand":0,"DemandMax":3,"Value":1566},{"Length":36,"Height":43,"Demand":0,"DemandMax":3,"Value":3096},{"Length":22,"Height":16,"Demand":0,"DemandMax":3,"Value":1056},{"Length":29,"Height":36,"Demand":0,"DemandMax":3,"Value":2088},{"Length":38,"Height":22,"Demand":0,"DemandMax":3,"Value":2508},{"Length":44,"Height":80,"Demand":0,"DemandMax":3,"Value":3520},{"Length":16,"Height":38,"Demand":0,"DemandMax":3,"Value":608},{"Length":97,"Height":3,"Demand":0,"DemandMax":3,"Value":582},{"Length":38,"Height":79,"Demand":0,"DemandMax":3,"Value":6004},{"Length":27,"Height":13,"Demand":0,"DemandMax":3,"Value":351},{"Length":75,"Height":96,"Demand":0,"DemandMax":3,"Value":14400},{"Length":75,"Height":81,"Demand":0,"DemandMax":3,"Value":6075},{"Length":12,"Height":47,"Demand":0,"DemandMax":3,"Value":1128},{"Length":49,"Height":78,"Demand":0,"DemandMax":3,"Value":7644},{"Length":22,"Height":24,"Demand":0,"DemandMax":3,"Value":1584},{"Length":2,"Height":34,"Demand":0,"DemandMax":3,"Value":136},{"Length":52,"Height":92,"Demand":0,"DemandMax":3,"Value":14352},{"Length":46,"Height":12,"Demand":0,"DemandMax":3,"Value":1104},{"Length":25,"Height":46,"Demand":0,"DemandMax":3,"Value":1150},{"Length":98,"Height":25,"Demand":0,"DemandMax":3,"Value":4900},{"Length":89,"Height":27,"Demand":0,"DemandMax":3,"Value":7209},{"Length":77,"Height":89,"Demand":0,"DemandMax":3,"Value":13706},{"Length":57,"Height":68,"Demand":0,"DemandMax":3,"Value":3876},{"Length":32,"Height":44,"Demand":0,"DemandMax":3,"Value":2816},{"Length":42,"Height":97,"Demand":0,"DemandMax":3,"Value":4074},{"Length":25,"Height":6,"Demand":0,"DemandMax":3,"Value":450},{"Length":81,"Height":34,"Demand":0,"DemandMax":3,"Value":8262},{"Length":22,"Height":24,"Demand":0,"DemandMax":3,"Value":1056},{"Length":99,"Height":3,"Demand":0,"DemandMax":3,"Value":891},{"Length":31,"Height":11,"Demand":0,"DemandMax":3,"Value":682},{"Length":99,"Height":45,"Demand":0,"DemandMax":3,"Value":13365},{"Length":19,"Height":3,"Demand":0,"DemandMax":3,"Value":57},{"Length":45,"Height":99,"Demand":0,"DemandMax":3,"Value":13365},{"Length":79,"Height":6,"Demand":0,"DemandMax":3,"Value":474},{"Length":42,"Height":33,"Demand":0,"DemandMax":3,"Value":2772},{"Length":12,"Height":21,"Demand":0,"DemandMax":3,"Value":756},{"Length":13,"Height":45,"Demand":0,"DemandMax":3,"Value":1170},{"Length":83,"Height":35,"Demand":0,"DemandMax":3,"Value":8715},{"Length":44,"Height":9,"Demand":0,"DemandMax":3,"Value":792},{"Length":71,"Height":97,"Demand":0,"DemandMax":3,"Value":6887},{"Length":47,"Height":26,"Demand":0,"DemandMax":3,"Value":1222},{"Length":72,"Height":72,"Demand":0,"DemandMax":3,"Value":5184},{"Length":21,"Height":43,"Demand":0,"DemandMax":3,"Value":903},{"Length":94,"Height":98,"Demand":0,"DemandMax":3,"Value":9212},{"Length":69,"Height":67,"Demand":0,"DemandMax":3,"Value":4623},{"Length":50,"Height":100,"Demand":0,"DemandMax":3,"Value":5000},{"Length":70,"Height":56,"Demand":0,"DemandMax":3,"Value":3920},{"Length":14,"Height":92,"Demand":0,"DemandMax":3,"Value":2576},{"Length":16,"Height":14,"Demand":0,"DemandMax":3,"Value":448},{"Length":78,"Height":32,"Demand":0,"DemandMax":3,"Value":2496},{"Length":49,"Height":89,"Demand":0,"DemandMax":3,"Value":13083},{"Length":17,"Height":78,"Demand":0,"DemandMax":3,"Value":2652},{"Length":84,"Height":53,"Demand":0,"DemandMax":3,"Value":4452},{"Length":87,"Height":30,"Demand":0,"DemandMax":3,"Value":2610},{"Length":91,"Height":8,"Demand":0,"DemandMax":3,"Value":2184},{"Length":92,"Height":12,"Demand":0,"DemandMax":3,"Value":2208},{"Length":100,"Height":99,"Demand":0,"DemandMax":3,"Value":19800},{"Length":22,"Height":9,"Demand":0,"DemandMax":3,"Value":396},{"Length":25,"Height":14,"Demand":0,"DemandMax":3,"Value":700},{"Length":48,"Height":78,"Demand":0,"DemandMax":3,"Value":11232},{"Length":30,"Height":76,"Demand":0,"DemandMax":3,"Value":6840},{"Length":96,"Height":36,"Demand":0,"DemandMax":3,"Value":10368},{"Length":39,"Height":35,"Demand":0,"DemandMax":3,"Value":1365},{"Length":27,"Height":97,"Demand":0,"DemandMax":3,"Value":2619},{"Length":99,"Height":33,"Demand":0,"DemandMax":3,"Value":9801},{"Length":28,"Height":4,"Demand":0,"DemandMax":3,"Value":224},{"Length":85,"Height":51,"Demand":0,"DemandMax":3,"Value":4335},{"Length":35,"Height":15,"Demand":0,"DemandMax":3,"Value":1575},{"Length":25,"Height":88,"Demand":0,"DemandMax":3,"Value":6600},{"Length":26,"Height":37,"Demand":0,"DemandMax":3,"Value":1924},{"Length":76,"Height":100,"Demand":0,"DemandMax":3,"Value":7600},{"Length":27,"Height":4,"Demand":0,"DemandMax":3,"Value":324},{"Length":35,"Height":98,"Demand":0,"DemandMax":3,"Value":6860},{"Length":18,"Height":39,"Demand":0,"DemandMax":3,"Value":2106},{"Length":64,"Height":97,"Demand":0,"DemandMax":3,"Value":6208},{"Length":46,"Height":31,"Demand":0,"DemandMax":3,"Value":2852},{"Length":73,"Height":83,"Demand":0,"DemandMax":3,"Value":18177},{"Length":93,"Height":46,"Demand":0,"DemandMax":3,"Value":12834},{"Length":49,"Height":96,"Demand":0,"DemandMax":3,"Value":9408},{"Length":81,"Height":96,"Demand":0,"DemandMax":3,"Value":23328},{"Length":15,"Height":34,"Demand":0,"DemandMax":3,"Value":510},{"Length":40,"Height":25,"Demand":0,"DemandMax":3,"Value":3000},{"Length":68,"Height":83,"Demand":0,"DemandMax":3,"Value":16932},{"Length":15,"Height":94,"Demand":0,"DemandMax":3,"Value":2820},{"Length":61,"Height":100,"Demand":0,"DemandMax":3,"Value":6100},{"Length":53,"Height":64,"Demand":0,"DemandMax":3,"Value":10176}]}