{"Name":"ngcutfs2_95","Objects":[{"Length":100,"Height":100,"Stock":null,"Cost":10000}],"Items":[{"Length":14,"Height":92,"Demand":0,"DemandMax":1,"Value":3864},{"Length":15,"Height":38,"Demand":0,"DemandMax":1,"Value":570},{"Length":84,"Height":58,"Demand":0,"DemandMax":1,"Value":4872},{"Length":24,"Height":12,"Demand":0,"DemandMax":1,"Value":288},{"Length":7,"Height":98,"Demand":0,"DemandMax":1,"Value":1372},{"Length":31,"Height":16,"Demand":0,"DemandMax":1,"Value":1488},{"Length":95,"Height":59,"Demand":0,"DemandMax":1,"Value":5605},{"Length":30,"Height":94,"Demand":0,"DemandMax":1,"Value":8460},{"Length":53,"Height":91,"Demand":0,"DemandMax":1,"Value":14469},{"Length":30,"Height":4,"Demand":0,"DemandMax":1,"Value":240},{"Length":24,"Height":35,"Demand":0,"DemandMax":1,"Value":1680},{"Length":97,"Height":33,"Demand":0,"DemandMax":1,"Value":9603},{"Length":83,"Height":35,"Demand":0,"DemandMax":1,"Value":8715},{"Length":12,"Height":4,"Demand":0,"DemandMax":1,"Value":144},{"Length":16,"Height":30,"Demand":0,"DemandMax":1,"Value":960},{"Length":80,"Height":4,"Demand":0,"DemandMax":1,"Value":320},{"Length":46,"Height":11,"Demand":0,"DemandMax":1,"Value":1012},{"Length":38,"Height":38,"Demand":0,"DemandMax":1,"Value":2888},{"Length":5,"Height":47,"Demand":0,"DemandMax":1,"Value":235},{"Length":33,"Height":17,"Demand":0,"DemandMax":1,"Value":561},{"Length":77,"Height":20,"Demand":0,"DemandMax":1,"Value":1540},{"Length":95,"Height":31,"Demand":0,"DemandMax":1,"Value":5890},{"Length":38,"Height":22,"Demand":0,"DemandMax":1,"Value":2508},{"Length":49,"Height":12,"Demand":0,"DemandMax":1,"Value":1176},{"Length":4,"Height":29,"Demand":0,"DemandMax":1,"Value":116},{"Length":33,"Height":43,"Demand":0,"DemandMax":1,"Value":4257},{"Length":82,"Height":23,"Demand":0,"DemandMax":1,"Value":3772},{"Length":29,"Height":7,"Demand":0,"DemandMax":1,"Value":203},{"Length":29,"Height":13,"Demand":0,"DemandMax":1,"Value":754},{"Length":43,"Height":37,"Demand":0,"DemandMax":1,"Value":1591},{"Length":15,"Height":86,"Demand":0,"DemandMax":1,"Value":2580},{"Length":20,"Height":14,"Demand":0,"DemandMax":1,"Value":280},{"Length":78,"Height":86,"Demand":0,"DemandMax":1,"Value":13416},{"Length":18,"Height":36,"Demand":0,"DemandMax":1,"Value":1944},{"Length":31,"Height":32,"Demand":0,"DemandMax":1,"Value":1984},{"Length":5,"Height":31,"Demand":0,"DemandMax":1,"Value":465},{"Length":17,"Height":37,"Demand":0,"DemandMax":1,"Value":629},{"Length":3,"Height":40,"Demand":0,"DemandMax":1,"Value":240},{"Length":11,"Height":78,"Demand":0,"DemandMax":1,"Value":858},{"Length":81,"Height":62,"Demand":0,"DemandMax":1,"Value":10044},{"Length":13,"Height":48,"Demand":0,"DemandMax":1,"Value":1872},{"Length":35,"Height":18,"Demand":0,"DemandMax":1,"Value":630},{"Length":19,"Height":96,"Demand":0,"DemandMax":1,"Value":5472},{"Length":46,"Height":44,"Demand":0,"DemandMax":1,"Value":6072},{"Length":99,"Height":86,"Demand":0,"DemandMax":1,"Value":8514},{"Length":2,"Height":18,"Demand":0,"DemandMax":1,"Value":108},{"Length":12,"Height":27,"Demand":0,"DemandMax":1,"Value":324},{"Length":3,"Height":30,"Demand":0,"DemandMax":1,"Value":180},{"Length":8,"Height":24,"Demand":0,"DemandMax":1,"Value":384},{"Length":44,"Height":49,"Demand":0,"DemandMax":1,"Value":6468},{"Length":63,"Height":69,"Demand":0,"DemandMax":1,"Value":8694},{"Length":23,"Height":24,"Demand":0,"DemandMax":1,"Value":1656},{"Length":33,"Height":8,"Demand":0,"DemandMax":1,"Value":792},{"Length":84,"Height":32,"Demand":0,"DemandMax":1,"Value":5376},{"Length":30,"Height":16,"Demand":0,"DemandMax":1,"Value":1440},{"Length":56,"Height":75,"Demand":0,"DemandMax":1,"Value":12600},{"Length":46,"Height":26,"Demand":0,"DemandMax":1,"Value":1196},{"Length":89,"Height":44,"Demand":0,"DemandMax":1,"Value":11748},{"Length":19,"Height":43,"Demand":0,"DemandMax":1,"Value":2451},{"Length":9,"Height":85,"Demand":0,"DemandMax":1,"Value":765},{"Length":40,"Height":24,"Demand":0,"DemandMax":1,"Value":2880},{"Length":82,"Height":31,"Demand":0,"DemandMax":1,"Value":7626},{"Length":16,"Height":82,"Demand":0,"DemandMax":1,"Value":1312},{"Length":81,"Height":54,"Demand":0,"DemandMax":1,"Value":8748},{"Length":88,"Height":59,"Demand":0,"DemandMax":1,"Value":10384},{"Length":86,"Height":24,"Demand":0,"DemandMax":1,"Value":4128},{"Length":39,"Height":28,"Demand":0,"DemandMax":1,"Value":3276},{"Length":43,"Height":26,"Demand":0,"DemandMax":1,"Value":2236},{"Length":88,"Height":31,"Demand":0,"DemandMax":1,"Value":5456},{"Length":4,"Height":33,"Demand":0,"DemandMax":1,"Value":264},{"Length":34,"Height":92,"Demand":0,"DemandMax":1,"Value":3128},{"Length":96,"Height":56,"Demand":0,"DemandMax":1,"Value":5376},{"Length":3,"Height":50,"Demand":0,"DemandMax":1,"Value":150},{"Length":39,"Height":2,"Demand":0,"DemandMax":1,"Value":78},{"Length":95,"Height":39,"Demand":0,"DemandMax":1,"Value":11115},{"Length":44,"Height":89,"Demand":0,"DemandMax":1,"Value":3916},{"Length":83,"Height":4,"Demand":0,"DemandMax":1,"Value":664},{"Length":87,"Height":57,"Demand":0,"DemandMax":1,"Value":9918},{"Length":21,"Height":46,"Demand":0,"DemandMax":1,"Value":2898},{"Length":35,"Height":14,"Demand":0,"DemandMax":1,"Value":490},{"Length":16,"Height":95,"Demand":0,"DemandMax":1,"Value":3040},{"Length":25,"Height":43,"Demand":0,"DemandMax":1,"Value":3225},{"Length":19,"Height":12,"Demand":0,"DemandMax":1,"Value":456},{"Length":29,"Height":33,"Demand":0,"DemandMax":1,"Value":1914},{"Length":84,"Height":45,"Demand":0,"DemandMax":1,"Value":7560},{"Length":39,"Height":45,"Demand":0,"DemandMax":1,"Value":1755},{"Length":8,"Height":32,"Demand":0,"DemandMax":1,"Value":768},{"Length":14,"Height":37,"Demand":0,"DemandMax":1,"Value":1554},{"Length":66,"Height":69,"Demand":0,"DemandMax":1,"Value":4554},{"Length":3,"Height":47,"Demand":0,"DemandMax":1,"Value":282},{"Length":27,"Height":5,"Demand":0,"DemandMax":1,"Value":270},{"Length":57,"Height":67,"Demand":0,"DemandMax":1,"Value":11457},{"Length":99,"Height":34,"Demand":0,"DemandMax":1,"Value":6732},{"Length":67,"Height":61,"Demand":0,"DemandMax":1,"Value":8174},{"Length":4,"Height":36,"Demand":0,"DemandMax":1,"Value":144},{"Length":49,"Height":5,"Demand":0,"DemandMax":1,"Value":735},{"Length":33,"Height":10,"Demand":0,"DemandMax":1,"Value":660},{"Length":60,"Height":83,"Demand":0,"DemandMax":1,"Value":14940},{"Length":18,"Height":97,"Demand":0,"DemandMax":1,"Value":5238},{"Length":18,"Height":43,"Demand":0,"DemandMax":1,"Value":2322},{"Length":23,"Height":27,"Demand":0,"DemandMax":1,"Value":1863},{"Length":50,"Height":38,"Demand":0,"DemandMax":1,"Value":3800},{"Length":94,"Height":58,"Demand":0,"DemandMax":1,"Value":10904},{"Length":17,"Height":44,"Demand":0,"DemandMax":1,"Value":2244},{"Length":33,"Height":21,"Demand":0,"DemandMax":1,"Value":1386},{"Length":24,"Height":27,"Demand":0,"DemandMax":1,"Value":1296},{"Length":83,"Height":2,"Demand":0,"DemandMax":1,"Value":332},{"Length":60,"Height":79,"Demand":0,"DemandMax":1,"Value":14220},{"Length":62,"Height":100,"Demand":0,"DemandMax":1,"Value":18600},{"Length":91,"Height":92,"Demand":0,"DemandMax":1,"Value":25116},{"Length":39,"Height":42,"Demand":0,"DemandMax":1,"Value":3276},{"Length":89,"Height":61,"Demand":0,"DemandMax":1,"Value":5429},{"Length":44,"Height":16,"Demand":0,"DemandMax":1,"Value":1408},{"Length":35,"Height":9,"Demand":0,"DemandMax":1,"Value":315},{"Length":41,"Height":45,"Demand":0,"DemandMax":1,"Value":5535},{"Length":40,"Height":77,"Demand":0,"DemandMax":1,"Value":3080},{"Length":18,"Height":12,"Demand":0,"DemandMax":1,"Value":432},{"Length":47,"Height":12,"Demand":0,"DemandMax":1,"Value":1128},{"Length":7,"Height":25,"Demand":0,"DemandMax":1,"Value":175},{"Length":17,"Height":26,"Demand":0,"DemandMax":1,"Value":1326},{"Length":39,"Height":42,"Demand":0,"DemandMax":1,"Value":4914},{"Length":90,"Height":21,"Demand":0,"DemandMax":1,"Value":3780},{"Length":9,"Height":3,"Demand":0,"DemandMax":1,"Value":27},{"Length":40,"Height":6,"Demand":0,"DemandMax":1,"Value":480},{"Length":27,"Height":36,"Demand":0,"DemandMax":1,"Value":2916},{"Length":45,"Height":97,"Demand":0,"DemandMax":1,"Value":13095},{"Length":92,"Height":20,"Demand":0,"DemandMax":1,"Value":1840},{"Length":4,"Height":17,"Demand":0,"DemandMax":1,"Value":136},{"Length":46,"Height":23,"Demand":0,"DemandMax":1,"Value":1058},{"Length":10,"Height":41,"Demand":0,"DemandMax":1,"Value":410},{"Length":19,"Height":31,"Demand":0,"DemandMax":1,"Value":1178},{"Length":93,"Height":33,"Demand":0,"DemandMax":1,"Value":3069},{"Length":39,"Height":25,"Demand":0,"DemandMax":1,"Value":2925},{"Length":26,"Height":84,"Demand":0,"DemandMax":1,"Value":2184},{"Length":36,"Height":18,"Demand":0,"DemandMax":1,"Value":1296},{"Length":16,"Height":21,"Demand":0,"DemandMax":1,"Value":672},{"Length":41,"Height":34,"Demand":0,"DemandMax":1,"Value":2788},{"Length":11,"Height":17,"Demand":0,"DemandMax":1,"Value":561},{"Length":49,"Height":9,"Demand":0,"DemandMax":1,"Value":441},{"Length":24,"Height":28,"Demand":0,"DemandMax":1,"Value":2016},{"Length":73,"Height":89,"Demand":0,"DemandMax":1,"Value":12994},{"Length":48,"Height":18,"Demand":0,"DemandMax":1,"Value":1728},{"Length":5,"Height":38,"Demand":0,"DemandMax":1,"Value":570},{"Length":94,"Height":24,"Demand":0,"DemandMax":1,"Value":6768},{"Length":93,"Height":22,"Demand":0,"DemandMax":1,"Value":2046},{"Length":10,"Height":88,"Demand":0,"DemandMax":1,"Value":880},{"Length":34,"Height":10,"Demand":0,"DemandMax":1,"Value":1020},{"Length":4,"Height":96,"Demand":0,"DemandMax":1,"Value":384},{"Length":4,"Height":50,"Demand":0,"DemandMax":1,"Value":200},{"Length":85,"Height":32,"Demand":0,"DemandMax":1,"Value":2720}]}