{"Name":"ngcutfs3_127","Objects":[{"Length":100,"Height":100,"Stock":null,"Cost":10000}],"Items":[{"Length":27,"Height":25,"Demand":0,"DemandMax":1,"Value":2025},{"Length":94,"Height":22,"Demand":0,"DemandMax":2,"Value":6204},{"Length":36,"Height":20,"Demand":0,"DemandMax":1,"Value":720},{"Length":67,"Height":93,"Demand":0,"DemandMax":1,"Value":18693},{"Length":88,"Height":27,"Demand":0,"DemandMax":1,"Value":4752},{"Length":46,"Height":45,"Demand":0,"DemandMax":1,"Value":4140},{"Length":32,"Height":5,"Demand":0,"DemandMax":1,"Value":480},{"Length":69,"Height":79,"Demand":0,"DemandMax":1,"Value":10902},{"Length":46,"Height":18,"Demand":0,"DemandMax":1,"Value":2484},{"Length":33,"Height":16,"Demand":0,"DemandMax":1,"Value":1056},{"Length":37,"Height":36,"Demand":0,"DemandMax":1,"Value":1332},{"Length":84,"Height":16,"Demand":0,"DemandMax":1,"Value":4032},{"Length":8,"Height":46,"Demand":0,"DemandMax":1,"Value":736},{"Length":88,"Height":10,"Demand":0,"DemandMax":1,"Value":880},{"Length":12,"Height":44,"Demand":0,"DemandMax":1,"Value":528},{"Length":10,"Height":10,"Demand":0,"DemandMax":1,"Value":300},{"Length":28,"Height":38,"Demand":0,"DemandMax":1,"Value":3192},{"Length":6,"Height":29,"Demand":0,"DemandMax":1,"Value":522},{"Length":49,"Height":29,"Demand":0,"DemandMax":1,"Value":2842},{"Length":39,"Height":5,"Demand":0,"DemandMax":1,"Value":195},{"Length":18,"Height":49,"Demand":0,"DemandMax":1,"Value":2646},{"Length":38,"Height":83,"Demand":0,"DemandMax":1,"Value":9462},{"Length":26,"Height":19,"Demand":0,"DemandMax":1,"Value":1482},{"Length":89,"Height":8,"Demand":0,"DemandMax":1,"Value":1424},{"Length":84,"Height":25,"Demand":0,"DemandMax":1,"Value":4200},{"Length":94,"Height":45,"Demand":0,"DemandMax":1,"Value":8460},{"Length":6,"Height":15,"Demand":0,"DemandMax":1,"Value":90},{"Length":13,"Height":11,"Demand":0,"DemandMax":1,"Value":286},{"Length":46,"Height":45,"Demand":0,"DemandMax":1,"Value":2070},{"Length":23,"Height":47,"Demand":0,"DemandMax":1,"Value":1081},{"Length":35,"Height":25,"Demand":0,"DemandMax":1,"Value":1750},{"Length":6,"Height":35,"Demand":0,"DemandMax":1,"Value":210},{"Length":16,"Height":31,"Demand":0,"DemandMax":1,"Value":992},{"Length":11,"Height":2,"Demand":0,"DemandMax":1,"Value":44},{"Length":10,"Height":84,"Demand":0,"DemandMax":1,"Value":840},{"Length":61,"Height":69,"Demand":0,"DemandMax":1,"Value":8418},{"Length":99,"Height":40,"Demand":0,"DemandMax":1,"Value":7920},{"Length":34,"Height":81,"Demand":0,"DemandMax":1,"Value":2754},{"Length":68,"Height":61,"Demand":0,"DemandMax":1,"Value":8296},{"Length":39,"Height":37,"Demand":0,"DemandMax":1,"Value":4329},{"Length":6,"Height":39,"Demand":0,"DemandMax":1,"Value":234},{"Length":39,"Height":11,"Demand":0,"DemandMax":1,"Value":429},{"Length":35,"Height":45,"Demand":0,"DemandMax":1,"Value":1575},{"Length":23,"Height":21,"Demand":0,"DemandMax":1,"Value":1449},{"Length":46,"Height":39,"Demand":0,"DemandMax":1,"Value":5382},{"Length":33,"Height":26,"Demand":0,"DemandMax":1,"Value":1716},{"Length":23,"Height":39,"Demand":0,"DemandMax":1,"Value":2691},{"Length":6,"Height":33,"Demand":0,"DemandMax":1,"Value":198},{"Length":32,"Height":5,"Demand":0,"DemandMax":1,"Value":320},{"Length":89,"Height":27,"Demand":0,"DemandMax":1,"Value":4806},{"Length":93,"Height":36,"Demand":0,"DemandMax":1,"Value":3348},{"Length":44,"Height":9,"Demand":0,"DemandMax":1,"Value":1188},{"Length":81,"Height":23,"Demand":0,"DemandMax":1,"Value":5589},{"Length":27,"Height":44,"Demand":0,"DemandMax":1,"Value":1188},{"Length":37,"Height":20,"Demand":0,"DemandMax":1,"Value":2220},{"Length":18,"Height":11,"Demand":0,"DemandMax":1,"Value":198},{"Length":38,"Height":46,"Demand":0,"DemandMax":1,"Value":5244},{"Length":38,"Height":88,"Demand":0,"DemandMax":1,"Value":3344},{"Length":35,"Height":87,"Demand":0,"DemandMax":1,"Value":6090},{"Length":48,"Height":43,"Demand":0,"DemandMax":1,"Value":2064},{"Length":36,"Height":17,"Demand":0,"DemandMax":1,"Value":612},{"Length":4,"Height":20,"Demand":0,"DemandMax":1,"Value":80},{"Length":61,"Height":59,"Demand":0,"DemandMax":1,"Value":10797},{"Length":50,"Height":14,"Demand":0,"DemandMax":1,"Value":1400},{"Length":50,"Height":25,"Demand":0,"DemandMax":1,"Value":1250},{"Length":39,"Height":4,"Demand":0,"DemandMax":1,"Value":312},{"Length":96,"Height":63,"Demand":0,"DemandMax":1,"Value":12096},{"Length":90,"Height":67,"Demand":0,"DemandMax":1,"Value":6030},{"Length":14,"Height":33,"Demand":0,"DemandMax":1,"Value":1386},{"Length":41,"Height":24,"Demand":0,"DemandMax":1,"Value":2952},{"Length":30,"Height":92,"Demand":0,"DemandMax":1,"Value":5520},{"Length":41,"Height":11,"Demand":0,"DemandMax":1,"Value":1353},{"Length":44,"Height":88,"Demand":0,"DemandMax":1,"Value":3872},{"Length":50,"Height":35,"Demand":0,"DemandMax":1,"Value":1750},{"Length":42,"Height":41,"Demand":0,"DemandMax":1,"Value":1722},{"Length":33,"Height":14,"Demand":0,"DemandMax":1,"Value":924},{"Length":22,"Height":7,"Demand":0,"DemandMax":1,"Value":154},{"Length":18,"Height":47,"Demand":0,"DemandMax":1,"Value":1692},{"Length":79,"Height":28,"Demand":0,"DemandMax":1,"Value":4424},{"Length":30,"Height":78,"Demand":0,"DemandMax":1,"Value":2340},{"Length":20,"Height":33,"Demand":0,"DemandMax":1,"Value":1980},{"Length":18,"Height":19,"Demand":0,"DemandMax":1,"Value":1026},{"Length":42,"Height":5,"Demand":0,"DemandMax":1,"Value":420},{"Length":23,"Height":3,"Demand":0,"DemandMax":1,"Value":207},{"Length":18,"Height":3,"Demand":0,"DemandMax":1,"Value":108},{"Length":36,"Height":32,"Demand":0,"DemandMax":1,"Value":1152},{"Length":24,"Height":30,"Demand":0,"DemandMax":1,"Value":720},{"Length":15,"Height":42,"Demand":0,"DemandMax":1,"Value":630},{"Length":7,"Height":9,"Demand":0,"DemandMax":1,"Value":189},{"Length":34,"Height":43,"Demand":0,"DemandMax":1,"Value":2924},{"Length":42,"Height":35,"Demand":0,"DemandMax":1,"Value":1470},{"Length":8,"Height":47,"Demand":0,"DemandMax":1,"Value":1128},{"Length":15,"Height":42,"Demand":0,"DemandMax":1,"Value":1890},{"Length":49,"Height":8,"Demand":0,"DemandMax":1,"Value":1176},{"Length":32,"Height":35,"Demand":0,"DemandMax":1,"Value":3360},{"Length":93,"Height":53,"Demand":0,"DemandMax":1,"Value":9858},{"Length":3,"Height":7,"Demand":0,"DemandMax":1,"Value":42},{"Length":40,"Height":36,"Demand":0,"DemandMax":1,"Value":2880},{"Length":23,"Height":32,"Demand":0,"DemandMax":1,"Value":736},{"Length":91,"Height":88,"Demand":0,"DemandMax":1,"Value":24024},{"Length":34,"Height":8,"Demand":0,"DemandMax":1,"Value":544},{"Length":22,"Height":47,"Demand":0,"DemandMax":1,"Value":1034},{"Length":36,"Height":42,"Demand":0,"DemandMax":1,"Value":3024},{"Length":40,"Height":22,"Demand":0,"DemandMax":1,"Value":880},{"Length":24,"Height":50,"Demand":0,"DemandMax":1,"Value":2400},{"Length":12,"Height":79,"Demand":0,"DemandMax":1,"Value":2844},{"Length":100,"Height":3,"Demand":0,"DemandMax":1,"Value":600},{"Length":81,"Height":45,"Demand":0,"DemandMax":1,"Value":3645},{"Length":50,"Height":82,"Demand":0,"DemandMax":1,"Value":12300},{"Length":41,"Height":38,"Demand":0,"DemandMax":1,"Value":1558},{"Length":40,"Height":8,"Demand":0,"DemandMax":1,"Value":640},{"Length":38,"Height":40,"Demand":0,"DemandMax":1,"Value":4560},{"Length":43,"Height":20,"Demand":0,"DemandMax":1,"Value":860},{"Length":32,"Height":8,"Demand":0,"DemandMax":1,"Value":768},{"Length":82,"Height":49,"Demand":0,"DemandMax":1,"Value":4018},{"Length":24,"Height":27,"Demand":0,"DemandMax":1,"Value":1944},{"Length":89,"Height":4,"Demand":0,"DemandMax":1,"Value":356},{"Length":12,"Height":20,"Demand":0,"DemandMax":1,"Value":240},{"Length":39,"Height":17,"Demand":0,"DemandMax":1,"Value":663},{"Length":10,"Height":100,"Demand":0,"DemandMax":1,"Value":1000},{"Length":25,"Height":2,"Demand":0,"DemandMax":1,"Value":150},{"Length":19,"Height":96,"Demand":0,"DemandMax":1,"Value":5472},{"Length":36,"Height":34,"Demand":0,"DemandMax":1,"Value":3672},{"Length":23,"Height":41,"Demand":0,"DemandMax":1,"Value":943},{"Length":90,"Height":34,"Demand":0,"DemandMax":1,"Value":3060},{"Length":32,"Height":4,"Demand":0,"DemandMax":1,"Value":256},{"Length":40,"Height":81,"Demand":0,"DemandMax":1,"Value":3240},{"Length":5,"Height":19,"Demand":0,"DemandMax":1,"Value":190},{"Length":38,"Height":13,"Demand":0,"DemandMax":1,"Value":1482},{"Length":44,"Height":31,"Demand":0,"DemandMax":1,"Value":4092},{"Length":20,"Height":35,"Demand":0,"DemandMax":1,"Value":700},{"Length":27,"Height":37,"Demand":0,"DemandMax":1,"Value":999},{"Length":45,"Height":20,"Demand":0,"DemandMax":1,"Value":2700},{"Length":24,"Height":35,"Demand":0,"DemandMax":1,"Value":1680},{"Length":91,"Height":10,"Demand":0,"DemandMax":1,"Value":2730},{"Length":5,"Height":14,"Demand":0,"DemandMax":1,"Value":70},{"Length":37,"Height":11,"Demand":0,"DemandMax":1,"Value":407},{"Length":5,"Height":18,"Demand":0,"DemandMax":1,"Value":180},{"Length":94,"Height":14,"Demand":0,"DemandMax":1,"Value":3948},{"Length":100,"Height":62,"Demand":0,"DemandMax":1,"Value":12400},{"Length":48,"Height":32,"Demand":0,"DemandMax":1,"Value":4608},{"Length":14,"Height":46,"Demand":0,"DemandMax":1,"Value":644},{"Length":94,"Height":12,"Demand":0,"DemandMax":1,"Value":2256},{"Length":34,"Height":42,"Demand":0,"DemandMax":1,"Value":1428},{"Length":4,"Height":28,"Demand":0,"DemandMax":1,"Value":224},{"Length":97,"Height":6,"Demand":0,"DemandMax":1,"Value":1746},{"Length":79,"Height":49,"Demand":0,"DemandMax":1,"Value":7742},{"Length":30,"Height":49,"Demand":0,"DemandMax":1,"Value":2940},{"Length":50,"Height":97,"Demand":0,"DemandMax":1,"Value":9700},{"Length":44,"Height":2,"Demand":0,"DemandMax":1,"Value":264},{"Length":27,"Height":36,"Demand":0,"DemandMax":1,"Value":1944},{"Length":36,"Height":19,"Demand":0,"DemandMax":1,"Value":684},{"Length":30,"Height":40,"Demand":0,"DemandMax":1,"Value":2400},{"Length":39,"Height":18,"Demand":0,"DemandMax":1,"Value":2106},{"Length":6,"Height":14,"Demand":0,"DemandMax":1,"Value":252},{"Length":5,"Height":50,"Demand":0,"DemandMax":1,"Value":750},{"Length":26,"Height":2,"Demand":0,"DemandMax":1,"Value":104},{"Length":29,"Height":23,"Demand":0,"DemandMax":1,"Value":667},{"Length":33,"Height":21,"Demand":0,"DemandMax":1,"Value":693},{"Length":42,"Height":28,"Demand":0,"DemandMax":1,"Value":3528},{"Length":37,"Height":28,"Demand":0,"DemandMax":1,"Value":2072},{"Length":14,"Height":7,"Demand":0,"DemandMax":1,"Value":196},{"Length":26,"Height":22,"Demand":0,"DemandMax":1,"Value":1144},{"Length":12,"Height":42,"Demand":0,"DemandMax":1,"Value":1512},{"Length":2,"Height":38,"Demand":0,"DemandMax":1,"Value":228},{"Length":23,"Height":96,"Demand":0,"DemandMax":1,"Value":4416},{"Length":17,"Height":12,"Demand":0,"DemandMax":1,"Value":408},{"Length":99,"Height":96,"Demand":0,"DemandMax":1,"Value":28512},{"Length":84,"Height":85,"Demand":0,"DemandMax":1,"Value":21420},{"Length":11,"Height":23,"Demand":0,"DemandMax":1,"Value":506},{"Length":24,"Height":38,"Demand":0,"DemandMax":1,"Value":912},{"Length":92,"Height":33,"Demand":0,"DemandMax":1,"Value":9108},{"Length":82,"Height":100,"Demand":0,"DemandMax":1,"Value":24600},{"Length":34,"Height":7,"Demand":0,"DemandMax":1,"Value":714},{"Length":77,"Height":7,"Demand":0,"DemandMax":1,"Value":539},{"Length":14,"Height":29,"Demand":0,"DemandMax":1,"Value":812},{"Length":40,"Height":88,"Demand":0,"DemandMax":1,"Value":3520},{"Length":22,"Height":43,"Demand":0,"DemandMax":1,"Value":946},{"Length":18,"Height":35,"Demand":0,"DemandMax":1,"Value":1260},{"Length":100,"Height":41,"Demand":0,"DemandMax":1,"Value":12300},{"Length":92,"Height":74,"Demand":0,"DemandMax":1,"Value":20424},{"Length":10,"Height":31,"Demand":0,"DemandMax":1,"Value":310},{"Length":16,"Height":34,"Demand":0,"DemandMax":2,"Value":1632},{"Length":19,"Height":91,"Demand":0,"DemandMax":1,"Value":1729},{"Length":26,"Height":97,"Demand":0,"DemandMax":1,"Value":5044},{"Length":94,"Height":40,"Demand":0,"DemandMax":1,"Value":3760},{"Length":48,"Height":24,"Demand":0,"DemandMax":1,"Value":1152},{"Length":92,"Height":88,"Demand":0,"DemandMax":1,"Value":24288},{"Length":45,"Height":11,"Demand":0,"DemandMax":1,"Value":495},{"Length":11,"Height":88,"Demand":0,"DemandMax":1,"Value":2904},{"Length":78,"Height":82,"Demand":0,"DemandMax":1,"Value":12792},{"Length":77,"Height":12,"Demand":0,"DemandMax":1,"Value":1848},{"Length":15,"Height":26,"Demand":0,"DemandMax":1,"Value":1170},{"Length":87,"Height":13,"Demand":0,"DemandMax":1,"Value":3393},{"Length":17,"Height":40,"Demand":0,"DemandMax":1,"Value":1360},{"Length":7,"Height":16,"Demand":0,"DemandMax":1,"Value":224},{"Length":12,"Height":39,"Demand":0,"DemandMax":1,"Value":468},{"Length":81,"Height":77,"Demand":0,"DemandMax":1,"Value":6237},{"Length":47,"Height":17,"Demand":0,"DemandMax":1,"Value":799},{"Length":29,"Height":5,"Demand":0,"DemandMax":1,"Value":290},{"Length":54,"Height":89,"Demand":0,"DemandMax":1,"Value":4806},{"Length":40,"Height":15,"Demand":0,"DemandMax":1,"Value":600},{"Length":33,"Height":89,"Demand":0,"DemandMax":1,"Value":8811},{"Length":48,"Height":27,"Demand":0,"DemandMax":1,"Value":1296},{"Length":20,"Height":18,"Demand":0,"DemandMax":1,"Value":360},{"Length":31,"Height":26,"Demand":0,"DemandMax":1,"Value":806},{"Length":66,"Height":99,"Demand":0,"DemandMax":1,"Value":6534},{"Length":3,"Height":100,"Demand":0,"DemandMax":1,"Value":900},{"Length":2,"Height":11,"Demand":0,"DemandMax":1,"Value":44},{"Length":23,"Height":26,"Demand":0,"DemandMax":1,"Value":1196},{"Length":100,"Height":83,"Demand":0,"DemandMax":1,"Value":24900},{"Length":33,"Height":9,"Demand":0,"DemandMax":1,"Value":891},{"Length":22,"Height":29,"Demand":0,"DemandMax":1,"Value":1276},{"Length":28,"Height":29,"Demand":0,"DemandMax":1,"Value":812},{"Length":5,"Height":17,"Demand":0,"DemandMax":1,"Value":170},{"Length":42,"Height":37,"Demand":0,"DemandMax":1,"Value":1554},{"Length":72,"Height":83,"Demand":0,"DemandMax":1,"Value":11952},{"Length":4,"Height":2,"Demand":0,"DemandMax":1,"Value":8},{"Length":30,"Height":23,"Demand":0,"DemandMax":1,"Value":1380},{"Length":7,"Height":92,"Demand":0,"DemandMax":1,"Value":644},{"Length":9,"Height":16,"Demand":0,"DemandMax":1,"Value":144},{"Length":87,"Height":40,"Demand":0,"DemandMax":1,"Value":10440},{"Length":80,"Height":66,"Demand":0,"DemandMax":1,"Value":5280},{"Length":38,"Height":38,"Demand":0,"DemandMax":1,"Value":1444},{"Length":34,"Height":81,"Demand":0,"DemandMax":1,"Value":8262},{"Length":43,"Height":45,"Demand":0,"DemandMax":1,"Value":5805},{"Length":32,"Height":47,"Demand":0,"DemandMax":1,"Value":4512},{"Length":80,"Height":86,"Demand":0,"DemandMax":1,"Value":13760},{"Length":2,"Height":97,"Demand":0,"DemandMax":1,"Value":582},{"Length":85,"Height":25,"Demand":0,"DemandMax":1,"Value":2125},{"Length":26,"Height":9,"Demand":0,"DemandMax":1,"Value":234},{"Length":44,"Height":14,"Demand":0,"DemandMax":1,"Value":1232},{"Length":30,"Height":21,"Demand":0,"DemandMax":1,"Value":1260},{"Length":14,"Height":28,"Demand":0,"DemandMax":1,"Value":392},{"Length":26,"Height":42,"Demand":0,"DemandMax":1,"Value":3276},{"Length":21,"Height":11,"Demand":0,"DemandMax":1,"Value":693},{"Length":44,"Height":3,"Demand":0,"DemandMax":1,"Value":264},{"Length":51,"Height":53,"Demand":0,"DemandMax":1,"Value":2703},{"Length":13,"Height":77,"Demand":0,"DemandMax":1,"Value":1001},{"Length":44,"Height":25,"Demand":0,"DemandMax":1,"Value":1100},{"Length":6,"Height":96,"Demand":0,"DemandMax":1,"Value":1728},{"Length":10,"Height":15,"Demand":0,"DemandMax":1,"Value":450},{"Length":34,"Height":2,"Demand":0,"DemandMax":1,"Value":136},{"Length":17,"Height":5,"Demand":0,"DemandMax":1,"Value":170},{"Length":23,"Height":38,"Demand":0,"DemandMax":1,"Value":2622},{"Length":48,"Height":9,"Demand":0,"DemandMax":1,"Value":1296},{"Length":26,"Height":34,"Demand":0,"DemandMax":1,"Value":1768},{"Length":87,"Height":50,"Demand":0,"DemandMax":1,"Value":4350}]}