{"Name":"ngcutfs1_3","Objects":[{"Length":100,"Height":100,"Stock":null,"Cost":10000}],"Items":[{"Length":29,"Height":90,"Demand":0,"DemandMax":1,"Value":5220},{"Length":78,"Height":84,"Demand":0,"DemandMax":1,"Value":19656},{"Length":90,"Height":68,"Demand":0,"DemandMax":1,"Value":6120},{"Length":29,"Height":40,"Demand":0,"DemandMax":1,"Value":3480},{"Length":77,"Height":44,"Demand":0,"DemandMax":1,"Value":3388},{"Length":26,"Height":28,"Demand":0,"DemandMax":1,"Value":2184},{"Length":5,"Height":25,"Demand":0,"DemandMax":1,"Value":375},{"Length":48,"Height":45,"Demand":0,"DemandMax":1,"Value":4320},{"Length":53,"Height":53,"Demand":0,"DemandMax":1,"Value":8427},{"Length":39,"Height":80,"Demand":0,"DemandMax":1,"Value":3120},{"Length":35,"Height":38,"Demand":0,"DemandMax":1,"Value":1330},{"Length":31,"Height":15,"Demand":0,"DemandMax":1,"Value":1395},{"Length":3,"Height":35,"Demand":0,"DemandMax":1,"Value":315},{"Length":4,"Height":85,"Demand":0,"DemandMax":1,"Value":680},{"Length":15,"Height":100,"Demand":0,"DemandMax":1,"Value":3000},{"Length":54,"Height":85,"Demand":0,"DemandMax":1,"Value":9180},{"Length":94,"Height":22,"Demand":0,"DemandMax":1,"Value":6204},{"Length":36,"Height":93,"Demand":0,"DemandMax":1,"Value":3348},{"Length":11,"Height":78,"Demand":0,"DemandMax":1,"Value":1716},{"Length":42,"Height":10,"Demand":0,"DemandMax":1,"Value":1260},{"Length":37,"Height":90,"Demand":0,"DemandMax":1,"Value":9990},{"Length":23,"Height":19,"Demand":0,"DemandMax":1,"Value":437},{"Length":13,"Height":42,"Demand":0,"DemandMax":1,"Value":546},{"Length":59,"Height":59,"Demand":0,"DemandMax":1,"Value":3481},{"Length":29,"Height":80,"Demand":0,"DemandMax":1,"Value":2320},{"Length":7,"Height":97,"Demand":0,"DemandMax":1,"Value":679},{"Length":82,"Height":23,"Demand":0,"DemandMax":1,"Value":3772},{"Length":22,"Height":41,"Demand":0,"DemandMax":1,"Value":902},{"Length":50,"Height":82,"Demand":0,"DemandMax":1,"Value":8200},{"Length":41,"Height":99,"Demand":0,"DemandMax":1,"Value":12177},{"Length":23,"Height":88,"Demand":0,"DemandMax":1,"Value":2024},{"Length":83,"Height":34,"Demand":0,"DemandMax":1,"Value":5644},{"Length":49,"Height":18,"Demand":0,"DemandMax":1,"Value":2646},{"Length":97,"Height":2,"Demand":0,"DemandMax":1,"Value":582},{"Length":89,"Height":46,"Demand":0,"DemandMax":1,"Value":4094},{"Length":94,"Height":5,"Demand":0,"DemandMax":1,"Value":940},{"Length":44,"Height":96,"Demand":0,"DemandMax":1,"Value":12672},{"Length":21,"Height":32,"Demand":0,"DemandMax":1,"Value":2016},{"Length":77,"Height":74,"Demand":0,"DemandMax":1,"Value":5698},{"Length":98,"Height":70,"Demand":0,"DemandMax":1,"Value":13720}]}