{"Name":"ngcutfs3_77","Objects":[{"Length":100,"Height":100,"Stock":null,"Cost":10000}],"Items":[{"Length":28,"Height":22,"Demand":0,"DemandMax":3,"Value":1848},{"Length":32,"Height":6,"Demand":0,"DemandMax":3,"Value":192},{"Length":27,"Height":16,"Demand":0,"DemandMax":3,"Value":1296},{"Length":50,"Height":44,"Demand":0,"DemandMax":3,"Value":6600},{"Length":25,"Height":15,"Demand":0,"DemandMax":3,"Value":750},{"Length":9,"Height":11,"Demand":0,"DemandMax":3,"Value":99},{"Length":8,"Height":90,"Demand":0,"DemandMax":3,"Value":720},{"Length":43,"Height":30,"Demand":0,"DemandMax":3,"Value":3870},{"Length":28,"Height":20,"Demand":0,"DemandMax":3,"Value":1680},{"Length":46,"Height":36,"Demand":0,"DemandMax":3,"Value":1656},{"Length":41,"Height":5,"Demand":0,"DemandMax":6,"Value":615},{"Length":96,"Height":7,"Demand":0,"DemandMax":3,"Value":1344},{"Length":26,"Height":99,"Demand":0,"DemandMax":3,"Value":5148},{"Length":39,"Height":50,"Demand":0,"DemandMax":3,"Value":3900},{"Length":42,"Height":44,"Demand":0,"DemandMax":3,"Value":5544},{"Length":28,"Height":11,"Demand":0,"DemandMax":3,"Value":616},{"Length":48,"Height":12,"Demand":0,"DemandMax":3,"Value":1728},{"Length":99,"Height":66,"Demand":0,"DemandMax":3,"Value":13068},{"Length":41,"Height":39,"Demand":0,"DemandMax":3,"Value":4797},{"Length":39,"Height":94,"Demand":0,"DemandMax":3,"Value":3666},{"Length":7,"Height":47,"Demand":0,"DemandMax":3,"Value":658},{"Length":16,"Height":21,"Demand":0,"DemandMax":3,"Value":672},{"Length":12,"Height":38,"Demand":0,"DemandMax":3,"Value":1368},{"Length":9,"Height":79,"Demand":0,"DemandMax":3,"Value":2133},{"Length":32,"Height":10,"Demand":0,"DemandMax":3,"Value":960},{"Length":84,"Height":15,"Demand":0,"DemandMax":3,"Value":1260},{"Length":76,"Height":32,"Demand":0,"DemandMax":3,"Value":4864},{"Length":79,"Height":50,"Demand":0,"DemandMax":3,"Value":7900},{"Length":82,"Height":6,"Demand":0,"DemandMax":3,"Value":1476},{"Length":49,"Height":24,"Demand":0,"DemandMax":3,"Value":1176},{"Length":16,"Height":29,"Demand":0,"DemandMax":3,"Value":928},{"Length":5,"Height":29,"Demand":0,"DemandMax":3,"Value":290},{"Length":77,"Height":35,"Demand":0,"DemandMax":3,"Value":5390},{"Length":22,"Height":89,"Demand":0,"DemandMax":3,"Value":3916},{"Length":19,"Height":48,"Demand":0,"DemandMax":3,"Value":1824},{"Length":92,"Height":8,"Demand":0,"DemandMax":3,"Value":736},{"Length":10,"Height":84,"Demand":0,"DemandMax":3,"Value":2520},{"Length":5,"Height":19,"Demand":0,"DemandMax":3,"Value":285},{"Length":49,"Height":50,"Demand":0,"DemandMax":3,"Value":7350},{"Length":9,"Height":36,"Demand":0,"DemandMax":3,"Value":648},{"Length":39,"Height":48,"Demand":0,"DemandMax":3,"Value":1872},{"Length":21,"Height":20,"Demand":0,"DemandMax":3,"Value":840},{"Length":17,"Height":46,"Demand":0,"DemandMax":3,"Value":1564},{"Length":19,"Height":4,"Demand":0,"DemandMax":3,"Value":228},{"Length":29,"Height":22,"Demand":0,"DemandMax":3,"Value":1914},{"Length":44,"Height":97,"Demand":0,"DemandMax":3,"Value":8536},{"Length":28,"Height":92,"Demand":0,"DemandMax":3,"Value":5152},{"Length":6,"Height":49,"Demand":0,"DemandMax":3,"Value":294},{"Length":92,"Height":70,"Demand":0,"DemandMax":3,"Value":19320},{"Length":19,"Height":47,"Demand":0,"DemandMax":3,"Value":2679},{"Length":11,"Height":10,"Demand":0,"DemandMax":3,"Value":110},{"Length":23,"Height":81,"Demand":0,"DemandMax":3,"Value":5589},{"Length":44,"Height":2,"Demand":0,"DemandMax":3,"Value":264},{"Length":10,"Height":33,"Demand":0,"DemandMax":3,"Value":990},{"Length":23,"Height":76,"Demand":0,"DemandMax":3,"Value":5244},{"Length":65,"Height":81,"Demand":0,"DemandMax":3,"Value":10530},{"Length":4,"Height":39,"Demand":0,"DemandMax":3,"Value":156},{"Length":33,"Height":35,"Demand":0,"DemandMax":3,"Value":2310},{"Length":23,"Height":15,"Demand":0,"DemandMax":3,"Value":1035},{"Length":45,"Height":16,"Demand":0,"DemandMax":3,"Value":2160},{"Length":45,"Height":94,"Demand":0,"DemandMax":3,"Value":4230},{"Length":49,"Height":33,"Demand":0,"DemandMax":3,"Value":4851},{"Length":14,"Height":36,"Demand":0,"DemandMax":3,"Value":1008},{"Length":37,"Height":19,"Demand":0,"DemandMax":3,"Value":1406},{"Length":50,"Height":44,"Demand":0,"DemandMax":3,"Value":4400},{"Length":18,"Height":20,"Demand":0,"DemandMax":3,"Value":360},{"Length":36,"Height":13,"Demand":0,"DemandMax":3,"Value":1404},{"Length":86,"Height":83,"Demand":0,"DemandMax":3,"Value":7138},{"Length":64,"Height":78,"Demand":0,"DemandMax":3,"Value":9984},{"Length":3,"Height":76,"Demand":0,"DemandMax":3,"Value":684},{"Length":16,"Height":29,"Demand":0,"DemandMax":3,"Value":464},{"Length":41,"Height":32,"Demand":0,"DemandMax":3,"Value":3936},{"Length":47,"Height":33,"Demand":0,"DemandMax":3,"Value":3102},{"Length":50,"Height":36,"Demand":0,"DemandMax":3,"Value":1800},{"Length":27,"Height":15,"Demand":0,"DemandMax":3,"Value":810},{"Length":18,"Height":43,"Demand":0,"DemandMax":3,"Value":1548},{"Length":11,"Height":20,"Demand":0,"DemandMax":3,"Value":660},{"Length":27,"Height":95,"Demand":0,"DemandMax":3,"Value":7695},{"Length":22,"Height":37,"Demand":0,"DemandMax":3,"Value":2442},{"Length":32,"Height":44,"Demand":0,"DemandMax":3,"Value":4224},{"Length":12,"Height":49,"Demand":0,"DemandMax":3,"Value":588},{"Length":85,"Height":2,"Demand":0,"DemandMax":3,"Value":510},{"Length":24,"Height":2,"Demand":0,"DemandMax":3,"Value":48},{"Length":19,"Height":8,"Demand":0,"DemandMax":3,"Value":456},{"Length":49,"Height":39,"Demand":0,"DemandMax":3,"Value":5733},{"Length":75,"Height":66,"Demand":0,"DemandMax":3,"Value":9900},{"Length":24,"Height":34,"Demand":0,"DemandMax":3,"Value":816},{"Length":21,"Height":17,"Demand":0,"DemandMax":3,"Value":714},{"Length":2,"Height":12,"Demand":0,"DemandMax":3,"Value":72},{"Length":44,"Height":41,"Demand":0,"DemandMax":3,"Value":3608},{"Length":34,"Height":14,"Demand":0,"DemandMax":3,"Value":952},{"Length":9,"Height":76,"Demand":0,"DemandMax":3,"Value":2052},{"Length":11,"Height":36,"Demand":0,"DemandMax":3,"Value":792},{"Length":21,"Height":49,"Demand":0,"DemandMax":3,"Value":1029},{"Length":48,"Height":27,"Demand":0,"DemandMax":3,"Value":3888},{"Length":50,"Height":15,"Demand":0,"DemandMax":3,"Value":2250},{"Length":18,"Height":5,"Demand":0,"DemandMax":3,"Value":90},{"Length":20,"Height":35,"Demand":0,"DemandMax":3,"Value":2100},{"Length":82,"Height":87,"Demand":0,"DemandMax":3,"Value":14268}]}