{"Name":"ngcutfs3_87","Objects":[{"Length":100,"Height":100,"Stock":null,"Cost":10000}],"Items":[{"Length":2,"Height":38,"Demand":0,"DemandMax":4,"Value":228},{"Length":42,"Height":46,"Demand":0,"DemandMax":4,"Value":3864},{"Length":80,"Height":95,"Demand":0,"DemandMax":4,"Value":15200},{"Length":17,"Height":96,"Demand":0,"DemandMax":4,"Value":3264},{"Length":15,"Height":36,"Demand":0,"DemandMax":4,"Value":1620},{"Length":86,"Height":29,"Demand":0,"DemandMax":4,"Value":7482},{"Length":41,"Height":49,"Demand":0,"DemandMax":4,"Value":4018},{"Length":44,"Height":17,"Demand":0,"DemandMax":4,"Value":748},{"Length":88,"Height":6,"Demand":0,"DemandMax":4,"Value":1056},{"Length":35,"Height":40,"Demand":0,"DemandMax":4,"Value":4200},{"Length":92,"Height":28,"Demand":0,"DemandMax":4,"Value":5152},{"Length":54,"Height":51,"Demand":0,"DemandMax":4,"Value":2754},{"Length":95,"Height":7,"Demand":0,"DemandMax":4,"Value":1330},{"Length":7,"Height":5,"Demand":0,"DemandMax":4,"Value":35},{"Length":20,"Height":84,"Demand":0,"DemandMax":4,"Value":1680},{"Length":94,"Height":5,"Demand":0,"DemandMax":4,"Value":470},{"Length":45,"Height":48,"Demand":0,"DemandMax":4,"Value":6480},{"Length":15,"Height":34,"Demand":0,"DemandMax":4,"Value":510},{"Length":12,"Height":33,"Demand":0,"DemandMax":4,"Value":792},{"Length":12,"Height":26,"Demand":0,"DemandMax":4,"Value":936},{"Length":7,"Height":90,"Demand":0,"DemandMax":4,"Value":1260},{"Length":19,"Height":14,"Demand":0,"DemandMax":4,"Value":798},{"Length":48,"Height":8,"Demand":0,"DemandMax":4,"Value":384},{"Length":93,"Height":6,"Demand":0,"DemandMax":4,"Value":558},{"Length":19,"Height":16,"Demand":0,"DemandMax":4,"Value":912},{"Length":5,"Height":17,"Demand":0,"DemandMax":4,"Value":170},{"Length":15,"Height":22,"Demand":0,"DemandMax":4,"Value":990},{"Length":35,"Height":45,"Demand":0,"DemandMax":4,"Value":4725},{"Length":26,"Height":7,"Demand":0,"DemandMax":4,"Value":182},{"Length":94,"Height":85,"Demand":0,"DemandMax":4,"Value":15980},{"Length":39,"Height":16,"Demand":0,"DemandMax":4,"Value":624},{"Length":37,"Height":48,"Demand":0,"DemandMax":4,"Value":5328},{"Length":10,"Height":42,"Demand":0,"DemandMax":4,"Value":420},{"Length":33,"Height":47,"Demand":0,"DemandMax":4,"Value":1551},{"Length":31,"Height":20,"Demand":0,"DemandMax":4,"Value":1860},{"Length":10,"Height":14,"Demand":0,"DemandMax":4,"Value":280},{"Length":50,"Height":5,"Demand":0,"DemandMax":4,"Value":750},{"Length":18,"Height":84,"Demand":0,"DemandMax":4,"Value":1512},{"Length":95,"Height":3,"Demand":0,"DemandMax":4,"Value":285},{"Length":33,"Height":16,"Demand":0,"DemandMax":4,"Value":1056},{"Length":6,"Height":31,"Demand":0,"DemandMax":4,"Value":372},{"Length":21,"Height":24,"Demand":0,"DemandMax":4,"Value":1512},{"Length":89,"Height":5,"Demand":0,"DemandMax":4,"Value":445},{"Length":4,"Height":9,"Demand":0,"DemandMax":4,"Value":108},{"Length":39,"Height":100,"Demand":0,"DemandMax":4,"Value":3900},{"Length":95,"Height":43,"Demand":0,"DemandMax":4,"Value":12255},{"Length":21,"Height":38,"Demand":0,"DemandMax":4,"Value":2394},{"Length":63,"Height":62,"Demand":0,"DemandMax":4,"Value":11718},{"Length":19,"Height":96,"Demand":0,"DemandMax":4,"Value":3648},{"Length":100,"Height":96,"Demand":0,"DemandMax":4,"Value":28800},{"Length":18,"Height":38,"Demand":0,"DemandMax":4,"Value":684},{"Length":43,"Height":78,"Demand":0,"DemandMax":4,"Value":10062},{"Length":8,"Height":27,"Demand":0,"DemandMax":4,"Value":648},{"Length":79,"Height":96,"Demand":0,"DemandMax":4,"Value":15168},{"Length":42,"Height":42,"Demand":0,"DemandMax":4,"Value":5292},{"Length":9,"Height":50,"Demand":0,"DemandMax":4,"Value":1350},{"Length":94,"Height":26,"Demand":0,"DemandMax":4,"Value":7332},{"Length":42,"Height":17,"Demand":0,"DemandMax":4,"Value":2142},{"Length":14,"Height":8,"Demand":0,"DemandMax":4,"Value":336},{"Length":50,"Height":94,"Demand":0,"DemandMax":4,"Value":9400},{"Length":35,"Height":11,"Demand":0,"DemandMax":4,"Value":1155},{"Length":2,"Height":30,"Demand":0,"DemandMax":4,"Value":60},{"Length":35,"Height":36,"Demand":0,"DemandMax":4,"Value":1260},{"Length":24,"Height":15,"Demand":0,"DemandMax":4,"Value":360},{"Length":8,"Height":50,"Demand":0,"DemandMax":4,"Value":400},{"Length":93,"Height":98,"Demand":0,"DemandMax":4,"Value":27342},{"Length":50,"Height":48,"Demand":0,"DemandMax":4,"Value":4800},{"Length":6,"Height":7,"Demand":0,"DemandMax":4,"Value":42},{"Length":37,"Height":39,"Demand":0,"DemandMax":4,"Value":4329},{"Length":21,"Height":16,"Demand":0,"DemandMax":4,"Value":1008},{"Length":12,"Height":29,"Demand":0,"DemandMax":4,"Value":1044},{"Length":24,"Height":21,"Demand":0,"DemandMax":4,"Value":504},{"Length":97,"Height":80,"Demand":0,"DemandMax":4,"Value":15520},{"Length":38,"Height":48,"Demand":0,"DemandMax":4,"Value":1824},{"Length":32,"Height":15,"Demand":0,"DemandMax":4,"Value":480},{"Length":43,"Height":34,"Demand":0,"DemandMax":4,"Value":2924},{"Length":24,"Height":90,"Demand":0,"DemandMax":4,"Value":6480},{"Length":8,"Height":4,"Demand":0,"DemandMax":4,"Value":64},{"Length":22,"Height":25,"Demand":0,"DemandMax":4,"Value":1100},{"Length":39,"Height":38,"Demand":0,"DemandMax":4,"Value":4446},{"Length":42,"Height":26,"Demand":0,"DemandMax":4,"Value":2184},{"Length":55,"Height":95,"Demand":0,"DemandMax":4,"Value":5225},{"Length":32,"Height":38,"Demand":0,"DemandMax":4,"Value":2432},{"Length":6,"Height":4,"Demand":0,"DemandMax":4,"Value":24},{"Length":83,"Height":15,"Demand":0,"DemandMax":4,"Value":1245},{"Length":89,"Height":32,"Demand":0,"DemandMax":4,"Value":2848},{"Length":42,"Height":24,"Demand":0,"DemandMax":4,"Value":2016},{"Length":25,"Height":15,"Demand":0,"DemandMax":4,"Value":375},{"Length":2,"Height":47,"Demand":0,"DemandMax":4,"Value":282},{"Length":83,"Height":83,"Demand":0,"DemandMax":4,"Value":13778},{"Length":95,"Height":10,"Demand":0,"DemandMax":4,"Value":1900},{"Length":11,"Height":22,"Demand":0,"DemandMax":4,"Value":242},{"Length":20,"Height":9,"Demand":0,"DemandMax":4,"Value":360},{"Length":14,"Height":42,"Demand":0,"DemandMax":4,"Value":588},{"Length":25,"Height":31,"Demand":0,"DemandMax":4,"Value":2325},{"Length":77,"Height":87,"Demand":0,"DemandMax":4,"Value":6699},{"Length":14,"Height":6,"Demand":0,"DemandMax":4,"Value":84},{"Length":22,"Height":30,"Demand":0,"DemandMax":4,"Value":660},{"Length":27,"Height":2,"Demand":0,"DemandMax":4,"Value":54},{"Length":94,"Height":94,"Demand":0,"DemandMax":4,"Value":17672}]}