{"Name":"ngcutfs1_43","Objects":[{"Length":100,"Height":100,"Stock":null,"Cost":10000}],"Items":[{"Length":38,"Height":15,"Demand":0,"DemandMax":3,"Value":1140},{"Length":80,"Height":56,"Demand":0,"DemandMax":3,"Value":8960},{"Length":87,"Height":88,"Demand":0,"DemandMax":3,"Value":22968},{"Length":3,"Height":50,"Demand":0,"DemandMax":3,"Value":450},{"Length":81,"Height":50,"Demand":0,"DemandMax":3,"Value":12150},{"Length":23,"Height":50,"Demand":0,"DemandMax":3,"Value":1150},{"Length":94,"Height":48,"Demand":0,"DemandMax":3,"Value":13536},{"Length":23,"Height":29,"Demand":0,"DemandMax":3,"Value":2001},{"Length":35,"Height":41,"Demand":0,"DemandMax":3,"Value":1435},{"Length":20,"Height":76,"Demand":0,"DemandMax":3,"Value":1520},{"Length":95,"Height":44,"Demand":0,"DemandMax":3,"Value":4180},{"Length":23,"Height":86,"Demand":0,"DemandMax":3,"Value":5934},{"Length":17,"Height":25,"Demand":0,"DemandMax":3,"Value":850},{"Length":19,"Height":36,"Demand":0,"DemandMax":3,"Value":1368},{"Length":51,"Height":75,"Demand":0,"DemandMax":3,"Value":3825},{"Length":11,"Height":94,"Demand":0,"DemandMax":3,"Value":1034},{"Length":86,"Height":19,"Demand":0,"DemandMax":3,"Value":4902},{"Length":21,"Height":36,"Demand":0,"DemandMax":3,"Value":756},{"Length":18,"Height":13,"Demand":0,"DemandMax":3,"Value":234},{"Length":3,"Height":21,"Demand":0,"DemandMax":3,"Value":63},{"Length":6,"Height":95,"Demand":0,"DemandMax":3,"Value":1140},{"Length":25,"Height":33,"Demand":0,"DemandMax":3,"Value":2475},{"Length":25,"Height":11,"Demand":0,"DemandMax":3,"Value":275},{"Length":70,"Height":89,"Demand":0,"DemandMax":3,"Value":18690},{"Length":16,"Height":6,"Demand":0,"DemandMax":3,"Value":288},{"Length":94,"Height":61,"Demand":0,"DemandMax":3,"Value":17202},{"Length":87,"Height":20,"Demand":0,"DemandMax":3,"Value":5220},{"Length":81,"Height":4,"Demand":0,"DemandMax":3,"Value":324},{"Length":29,"Height":94,"Demand":0,"DemandMax":3,"Value":2726},{"Length":71,"Height":89,"Demand":0,"DemandMax":3,"Value":18957},{"Length":14,"Height":40,"Demand":0,"DemandMax":3,"Value":1120},{"Length":76,"Height":7,"Demand":0,"DemandMax":3,"Value":1596},{"Length":8,"Height":11,"Demand":0,"DemandMax":3,"Value":88},{"Length":26,"Height":40,"Demand":0,"DemandMax":3,"Value":2080},{"Length":9,"Height":92,"Demand":0,"DemandMax":3,"Value":2484},{"Length":24,"Height":91,"Demand":0,"DemandMax":3,"Value":2184},{"Length":88,"Height":45,"Demand":0,"DemandMax":3,"Value":11880},{"Length":83,"Height":2,"Demand":0,"DemandMax":3,"Value":166},{"Length":86,"Height":72,"Demand":0,"DemandMax":3,"Value":18576},{"Length":21,"Height":34,"Demand":0,"DemandMax":3,"Value":1428},{"Length":2,"Height":21,"Demand":0,"DemandMax":3,"Value":42},{"Length":64,"Height":87,"Demand":0,"DemandMax":3,"Value":16704},{"Length":84,"Height":86,"Demand":0,"DemandMax":3,"Value":7224},{"Length":46,"Height":36,"Demand":0,"DemandMax":3,"Value":1656},{"Length":25,"Height":17,"Demand":0,"DemandMax":3,"Value":1275},{"Length":47,"Height":41,"Demand":0,"DemandMax":3,"Value":1927},{"Length":36,"Height":95,"Demand":0,"DemandMax":3,"Value":10260},{"Length":40,"Height":94,"Demand":0,"DemandMax":3,"Value":3760},{"Length":93,"Height":40,"Demand":0,"DemandMax":3,"Value":3720},{"Length":51,"Height":99,"Demand":0,"DemandMax":3,"Value":10098}]}