{"Name":"ngcutfs1_132","Objects":[{"Length":100,"Height":100,"Stock":null,"Cost":10000}],"Items":[{"Length":29,"Height":49,"Demand":0,"DemandMax":3,"Value":4263},{"Length":85,"Height":52,"Demand":0,"DemandMax":3,"Value":13260},{"Length":67,"Height":98,"Demand":0,"DemandMax":3,"Value":6566},{"Length":57,"Height":63,"Demand":0,"DemandMax":3,"Value":10773},{"Length":29,"Height":33,"Demand":0,"DemandMax":3,"Value":2871},{"Length":78,"Height":79,"Demand":0,"DemandMax":3,"Value":18486},{"Length":34,"Height":8,"Demand":0,"DemandMax":3,"Value":816},{"Length":39,"Height":37,"Demand":0,"DemandMax":3,"Value":1443},{"Length":12,"Height":90,"Demand":0,"DemandMax":3,"Value":3240},{"Length":48,"Height":44,"Demand":0,"DemandMax":3,"Value":4224},{"Length":56,"Height":59,"Demand":0,"DemandMax":3,"Value":6608},{"Length":58,"Height":79,"Demand":0,"DemandMax":3,"Value":13746},{"Length":6,"Height":41,"Demand":0,"DemandMax":3,"Value":738},{"Length":10,"Height":92,"Demand":0,"DemandMax":3,"Value":1840},{"Length":27,"Height":48,"Demand":0,"DemandMax":3,"Value":3888},{"Length":32,"Height":30,"Demand":0,"DemandMax":3,"Value":1920},{"Length":88,"Height":24,"Demand":0,"DemandMax":3,"Value":4224},{"Length":2,"Height":97,"Demand":0,"DemandMax":3,"Value":582},{"Length":92,"Height":35,"Demand":0,"DemandMax":3,"Value":3220},{"Length":20,"Height":36,"Demand":0,"DemandMax":3,"Value":2160},{"Length":17,"Height":42,"Demand":0,"DemandMax":3,"Value":714},{"Length":69,"Height":90,"Demand":0,"DemandMax":3,"Value":6210},{"Length":98,"Height":84,"Demand":0,"DemandMax":3,"Value":8232},{"Length":2,"Height":18,"Demand":0,"DemandMax":3,"Value":36},{"Length":37,"Height":25,"Demand":0,"DemandMax":6,"Value":2775},{"Length":19,"Height":33,"Demand":0,"DemandMax":3,"Value":1254},{"Length":82,"Height":42,"Demand":0,"DemandMax":3,"Value":10332},{"Length":12,"Height":20,"Demand":0,"DemandMax":3,"Value":480},{"Length":25,"Height":21,"Demand":0,"DemandMax":3,"Value":1050},{"Length":11,"Height":83,"Demand":0,"DemandMax":3,"Value":913},{"Length":81,"Height":87,"Demand":0,"DemandMax":3,"Value":14094},{"Length":52,"Height":59,"Demand":0,"DemandMax":3,"Value":6136},{"Length":63,"Height":61,"Demand":0,"DemandMax":3,"Value":7686},{"Length":78,"Height":40,"Demand":0,"DemandMax":3,"Value":6240},{"Length":43,"Height":45,"Demand":0,"DemandMax":3,"Value":5805},{"Length":26,"Height":16,"Demand":0,"DemandMax":3,"Value":416},{"Length":9,"Height":22,"Demand":0,"DemandMax":3,"Value":594},{"Length":15,"Height":31,"Demand":0,"DemandMax":3,"Value":930},{"Length":35,"Height":95,"Demand":0,"DemandMax":3,"Value":6650},{"Length":19,"Height":89,"Demand":0,"DemandMax":3,"Value":3382},{"Length":12,"Height":18,"Demand":0,"DemandMax":3,"Value":216},{"Length":35,"Height":28,"Demand":0,"DemandMax":3,"Value":1960},{"Length":84,"Height":10,"Demand":0,"DemandMax":3,"Value":840},{"Length":34,"Height":46,"Demand":0,"DemandMax":3,"Value":1564},{"Length":33,"Height":39,"Demand":0,"DemandMax":3,"Value":1287},{"Length":15,"Height":98,"Demand":0,"DemandMax":3,"Value":4410},{"Length":100,"Height":31,"Demand":0,"DemandMax":3,"Value":3100},{"Length":79,"Height":6,"Demand":0,"DemandMax":3,"Value":474},{"Length":6,"Height":76,"Demand":0,"DemandMax":3,"Value":912},{"Length":2,"Height":7,"Demand":0,"DemandMax":3,"Value":42},{"Length":11,"Height":13,"Demand":0,"DemandMax":3,"Value":429},{"Length":36,"Height":23,"Demand":0,"DemandMax":3,"Value":2484},{"Length":98,"Height":18,"Demand":0,"DemandMax":3,"Value":1764},{"Length":74,"Height":70,"Demand":0,"DemandMax":3,"Value":15540},{"Length":39,"Height":27,"Demand":0,"DemandMax":3,"Value":3159},{"Length":10,"Height":14,"Demand":0,"DemandMax":3,"Value":140},{"Length":38,"Height":26,"Demand":0,"DemandMax":3,"Value":988},{"Length":41,"Height":91,"Demand":0,"DemandMax":3,"Value":3731},{"Length":17,"Height":76,"Demand":0,"DemandMax":3,"Value":1292},{"Length":26,"Height":38,"Demand":0,"DemandMax":3,"Value":1976},{"Length":14,"Height":80,"Demand":0,"DemandMax":3,"Value":1120},{"Length":91,"Height":60,"Demand":0,"DemandMax":3,"Value":10920},{"Length":84,"Height":62,"Demand":0,"DemandMax":3,"Value":15624},{"Length":24,"Height":85,"Demand":0,"DemandMax":3,"Value":6120},{"Length":91,"Height":75,"Demand":0,"DemandMax":3,"Value":20475},{"Length":64,"Height":78,"Demand":0,"DemandMax":3,"Value":9984},{"Length":19,"Height":85,"Demand":0,"DemandMax":3,"Value":3230},{"Length":30,"Height":45,"Demand":0,"DemandMax":3,"Value":1350},{"Length":24,"Height":97,"Demand":0,"DemandMax":3,"Value":4656},{"Length":94,"Height":27,"Demand":0,"DemandMax":3,"Value":2538},{"Length":32,"Height":38,"Demand":0,"DemandMax":3,"Value":2432},{"Length":24,"Height":41,"Demand":0,"DemandMax":3,"Value":1968},{"Length":67,"Height":86,"Demand":0,"DemandMax":3,"Value":17286},{"Length":47,"Height":78,"Demand":0,"DemandMax":3,"Value":7332},{"Length":88,"Height":14,"Demand":0,"DemandMax":3,"Value":1232},{"Length":87,"Height":95,"Demand":0,"DemandMax":3,"Value":24795},{"Length":34,"Height":7,"Demand":0,"DemandMax":3,"Value":476},{"Length":17,"Height":16,"Demand":0,"DemandMax":3,"Value":544},{"Length":39,"Height":13,"Demand":0,"DemandMax":3,"Value":1014},{"Length":11,"Height":22,"Demand":0,"DemandMax":3,"Value":726},{"Length":91,"Height":38,"Demand":0,"DemandMax":3,"Value":10374},{"Length":16,"Height":80,"Demand":0,"DemandMax":3,"Value":2560},{"Length":58,"Height":76,"Demand":0,"DemandMax":3,"Value":4408},{"Length":96,"Height":46,"Demand":0,"DemandMax":3,"Value":4416},{"Length":30,"Height":24,"Demand":0,"DemandMax":3,"Value":720},{"Length":22,"Height":21,"Demand":0,"DemandMax":3,"Value":924},{"Length":18,"Height":21,"Demand":0,"DemandMax":3,"Value":378},{"Length":64,"Height":97,"Demand":0,"DemandMax":3,"Value":6208},{"Length":80,"Height":64,"Demand":0,"DemandMax":3,"Value":5120},{"Length":89,"Height":9,"Demand":0,"DemandMax":3,"Value":2403},{"Length":76,"Height":50,"Demand":0,"DemandMax":3,"Value":11400},{"Length":99,"Height":8,"Demand":0,"DemandMax":3,"Value":1584},{"Length":62,"Height":80,"Demand":0,"DemandMax":3,"Value":4960},{"Length":86,"Height":23,"Demand":0,"DemandMax":3,"Value":3956},{"Length":5,"Height":47,"Demand":0,"DemandMax":3,"Value":235},{"Length":44,"Height":27,"Demand":0,"DemandMax":3,"Value":1188},{"Length":80,"Height":46,"Demand":0,"DemandMax":3,"Value":7360},{"Length":30,"Height":36,"Demand":0,"DemandMax":3,"Value":2160},{"Length":11,"Height":99,"Demand":0,"DemandMax":3,"Value":3267},{"Length":58,"Height":64,"Demand":0,"DemandMax":3,"Value":3712},{"Length":66,"Height":57,"Demand":0,"DemandMax":3,"Value":3762},{"Length":93,"Height":20,"Demand":0,"DemandMax":3,"Value":1860},{"Length":55,"Height":58,"Demand":0,"DemandMax":3,"Value":9570},{"Length":3,"Height":33,"Demand":0,"DemandMax":3,"Value":198},{"Length":2,"Height":46,"Demand":0,"DemandMax":3,"Value":184},{"Length":20,"Height":76,"Demand":0,"DemandMax":3,"Value":1520},{"Length":48,"Height":93,"Demand":0,"DemandMax":3,"Value":13392},{"Length":13,"Height":17,"Demand":0,"DemandMax":3,"Value":221},{"Length":19,"Height":14,"Demand":0,"DemandMax":3,"Value":266},{"Length":86,"Height":13,"Demand":0,"DemandMax":3,"Value":1118},{"Length":3,"Height":48,"Demand":0,"DemandMax":3,"Value":432},{"Length":43,"Height":85,"Demand":0,"DemandMax":3,"Value":10965},{"Length":62,"Height":77,"Demand":0,"DemandMax":3,"Value":4774},{"Length":97,"Height":13,"Demand":0,"DemandMax":3,"Value":1261},{"Length":4,"Height":48,"Demand":0,"DemandMax":3,"Value":576},{"Length":59,"Height":64,"Demand":0,"DemandMax":3,"Value":3776},{"Length":75,"Height":83,"Demand":0,"DemandMax":3,"Value":12450},{"Length":85,"Height":83,"Demand":0,"DemandMax":3,"Value":7055},{"Length":48,"Height":78,"Demand":0,"DemandMax":3,"Value":11232},{"Length":9,"Height":90,"Demand":0,"DemandMax":3,"Value":810},{"Length":14,"Height":14,"Demand":0,"DemandMax":3,"Value":588},{"Length":88,"Height":12,"Demand":0,"DemandMax":3,"Value":2112},{"Length":49,"Height":22,"Demand":0,"DemandMax":3,"Value":3234},{"Length":40,"Height":81,"Demand":0,"DemandMax":3,"Value":3240},{"Length":34,"Height":41,"Demand":0,"DemandMax":3,"Value":2788},{"Length":31,"Height":87,"Demand":0,"DemandMax":3,"Value":8091},{"Length":2,"Height":11,"Demand":0,"DemandMax":3,"Value":66},{"Length":14,"Height":99,"Demand":0,"DemandMax":3,"Value":2772},{"Length":20,"Height":46,"Demand":0,"DemandMax":3,"Value":2760},{"Length":80,"Height":69,"Demand":0,"DemandMax":3,"Value":16560},{"Length":17,"Height":32,"Demand":0,"DemandMax":3,"Value":1088},{"Length":83,"Height":42,"Demand":0,"DemandMax":3,"Value":6972},{"Length":62,"Height":84,"Demand":0,"DemandMax":3,"Value":10416},{"Length":43,"Height":22,"Demand":0,"DemandMax":3,"Value":1892},{"Length":14,"Height":27,"Demand":0,"DemandMax":3,"Value":378},{"Length":40,"Height":84,"Demand":0,"DemandMax":3,"Value":10080},{"Length":7,"Height":26,"Demand":0,"DemandMax":3,"Value":364},{"Length":39,"Height":91,"Demand":0,"DemandMax":3,"Value":7098},{"Length":25,"Height":84,"Demand":0,"DemandMax":3,"Value":4200},{"Length":12,"Height":81,"Demand":0,"DemandMax":3,"Value":972},{"Length":87,"Height":93,"Demand":0,"DemandMax":3,"Value":16182},{"Length":11,"Height":39,"Demand":0,"DemandMax":3,"Value":858},{"Length":81,"Height":36,"Demand":0,"DemandMax":3,"Value":5832},{"Length":95,"Height":73,"Demand":0,"DemandMax":3,"Value":13870},{"Length":48,"Height":96,"Demand":0,"DemandMax":3,"Value":4608},{"Length":38,"Height":26,"Demand":0,"DemandMax":3,"Value":2964},{"Length":22,"Height":77,"Demand":0,"DemandMax":3,"Value":3388},{"Length":76,"Height":72,"Demand":0,"DemandMax":3,"Value":5472},{"Length":95,"Height":69,"Demand":0,"DemandMax":3,"Value":19665},{"Length":54,"Height":53,"Demand":0,"DemandMax":3,"Value":5724},{"Length":49,"Height":46,"Demand":0,"DemandMax":3,"Value":6762},{"Length":78,"Height":81,"Demand":0,"DemandMax":3,"Value":18954},{"Length":88,"Height":14,"Demand":0,"DemandMax":3,"Value":3696},{"Length":7,"Height":11,"Demand":0,"DemandMax":3,"Value":154},{"Length":93,"Height":47,"Demand":0,"DemandMax":3,"Value":8742},{"Length":97,"Height":87,"Demand":0,"DemandMax":3,"Value":8439},{"Length":60,"Height":80,"Demand":0,"DemandMax":3,"Value":4800},{"Length":16,"Height":5,"Demand":0,"DemandMax":3,"Value":240},{"Length":11,"Height":11,"Demand":0,"DemandMax":3,"Value":242},{"Length":90,"Height":44,"Demand":0,"DemandMax":3,"Value":7920},{"Length":38,"Height":89,"Demand":0,"DemandMax":3,"Value":10146},{"Length":90,"Height":14,"Demand":0,"DemandMax":3,"Value":1260},{"Length":42,"Height":92,"Demand":0,"DemandMax":3,"Value":11592},{"Length":87,"Height":50,"Demand":0,"DemandMax":3,"Value":4350},{"Length":71,"Height":90,"Demand":0,"DemandMax":3,"Value":6390},{"Length":28,"Height":86,"Demand":0,"DemandMax":3,"Value":2408},{"Length":90,"Height":40,"Demand":0,"DemandMax":3,"Value":7200},{"Length":83,"Height":15,"Demand":0,"DemandMax":3,"Value":1245},{"Length":27,"Height":49,"Demand":0,"DemandMax":3,"Value":2646},{"Length":39,"Height":83,"Demand":0,"DemandMax":3,"Value":3237},{"Length":89,"Height":53,"Demand":0,"DemandMax":3,"Value":14151},{"Length":96,"Height":46,"Demand":0,"DemandMax":3,"Value":13248},{"Length":48,"Height":37,"Demand":0,"DemandMax":3,"Value":5328},{"Length":73,"Height":99,"Demand":0,"DemandMax":3,"Value":14454},{"Length":39,"Height":42,"Demand":0,"DemandMax":3,"Value":4914},{"Length":27,"Height":85,"Demand":0,"DemandMax":3,"Value":4590},{"Length":17,"Height":11,"Demand":0,"DemandMax":3,"Value":374},{"Length":28,"Height":25,"Demand":0,"DemandMax":3,"Value":1400},{"Length":98,"Height":44,"Demand":0,"DemandMax":3,"Value":8624},{"Length":92,"Height":37,"Demand":0,"DemandMax":3,"Value":3404},{"Length":47,"Height":26,"Demand":0,"DemandMax":3,"Value":3666},{"Length":92,"Height":33,"Demand":0,"DemandMax":3,"Value":9108},{"Length":71,"Height":64,"Demand":0,"DemandMax":3,"Value":9088},{"Length":56,"Height":83,"Demand":0,"DemandMax":3,"Value":4648},{"Length":26,"Height":12,"Demand":0,"DemandMax":3,"Value":624},{"Length":34,"Height":85,"Demand":0,"DemandMax":3,"Value":8670},{"Length":80,"Height":40,"Demand":0,"DemandMax":3,"Value":9600},{"Length":82,"Height":39,"Demand":0,"DemandMax":3,"Value":9594},{"Length":76,"Height":23,"Demand":0,"DemandMax":3,"Value":3496},{"Length":76,"Height":61,"Demand":0,"DemandMax":3,"Value":4636},{"Length":33,"Height":25,"Demand":0,"DemandMax":3,"Value":1650},{"Length":97,"Height":9,"Demand":0,"DemandMax":3,"Value":873},{"Length":36,"Height":29,"Demand":0,"DemandMax":3,"Value":1044},{"Length":92,"Height":63,"Demand":0,"DemandMax":3,"Value":17388},{"Length":41,"Height":10,"Demand":0,"DemandMax":3,"Value":410},{"Length":67,"Height":62,"Demand":0,"DemandMax":3,"Value":12462},{"Length":24,"Height":37,"Demand":0,"DemandMax":3,"Value":2664},{"Length":14,"Height":39,"Demand":0,"DemandMax":3,"Value":1092},{"Length":60,"Height":89,"Demand":0,"DemandMax":3,"Value":5340},{"Length":81,"Height":86,"Demand":0,"DemandMax":3,"Value":20898},{"Length":82,"Height":12,"Demand":0,"DemandMax":3,"Value":1968},{"Length":34,"Height":4,"Demand":0,"DemandMax":3,"Value":272},{"Length":70,"Height":76,"Demand":0,"DemandMax":3,"Value":15960},{"Length":37,"Height":25,"Demand":0,"DemandMax":3,"Value":925},{"Length":68,"Height":76,"Demand":0,"DemandMax":3,"Value":15504},{"Length":25,"Height":34,"Demand":0,"DemandMax":3,"Value":2550},{"Length":15,"Height":5,"Demand":0,"DemandMax":3,"Value":225},{"Length":17,"Height":9,"Demand":0,"DemandMax":3,"Value":306},{"Length":78,"Height":25,"Demand":0,"DemandMax":3,"Value":1950},{"Length":87,"Height":80,"Demand":0,"DemandMax":3,"Value":20880},{"Length":28,"Height":4,"Demand":0,"DemandMax":3,"Value":336},{"Length":21,"Height":46,"Demand":0,"DemandMax":3,"Value":2898},{"Length":24,"Height":77,"Demand":0,"DemandMax":3,"Value":3696},{"Length":47,"Height":8,"Demand":0,"DemandMax":3,"Value":376},{"Length":46,"Height":37,"Demand":0,"DemandMax":3,"Value":1702},{"Length":79,"Height":47,"Demand":0,"DemandMax":3,"Value":11139},{"Length":30,"Height":28,"Demand":0,"DemandMax":3,"Value":1680},{"Length":96,"Height":8,"Demand":0,"DemandMax":3,"Value":1536},{"Length":21,"Height":80,"Demand":0,"DemandMax":3,"Value":3360},{"Length":49,"Height":34,"Demand":0,"DemandMax":3,"Value":4998},{"Length":43,"Height":89,"Demand":0,"DemandMax":3,"Value":3827},{"Length":48,"Height":76,"Demand":0,"DemandMax":3,"Value":7296},{"Length":78,"Height":44,"Demand":0,"DemandMax":3,"Value":10296},{"Length":84,"Height":29,"Demand":0,"DemandMax":3,"Value":2436},{"Length":45,"Height":78,"Demand":0,"DemandMax":3,"Value":3510},{"Length":42,"Height":28,"Demand":0,"DemandMax":3,"Value":1176},{"Length":3,"Height":8,"Demand":0,"DemandMax":3,"Value":48},{"Length":44,"Height":10,"Demand":0,"DemandMax":3,"Value":1320},{"Length":91,"Height":27,"Demand":0,"DemandMax":3,"Value":2457},{"Length":26,"Height":83,"Demand":0,"DemandMax":3,"Value":2158},{"Length":40,"Height":23,"Demand":0,"DemandMax":3,"Value":1840},{"Length":44,"Height":36,"Demand":0,"DemandMax":3,"Value":4752},{"Length":48,"Height":91,"Demand":0,"DemandMax":3,"Value":13104},{"Length":84,"Height":91,"Demand":0,"DemandMax":3,"Value":15288},{"Length":12,"Height":81,"Demand":0,"DemandMax":3,"Value":1944},{"Length":89,"Height":70,"Demand":0,"DemandMax":3,"Value":6230},{"Length":8,"Height":46,"Demand":0,"DemandMax":3,"Value":736},{"Length":36,"Height":85,"Demand":0,"DemandMax":3,"Value":9180},{"Length":59,"Height":95,"Demand":0,"DemandMax":3,"Value":5605},{"Length":65,"Height":94,"Demand":0,"DemandMax":3,"Value":6110},{"Length":47,"Height":80,"Demand":0,"DemandMax":3,"Value":3760},{"Length":58,"Height":81,"Demand":0,"DemandMax":3,"Value":4698},{"Length":52,"Height":97,"Demand":0,"DemandMax":3,"Value":15132},{"Length":76,"Height":5,"Demand":0,"DemandMax":3,"Value":1140},{"Length":15,"Height":20,"Demand":0,"DemandMax":3,"Value":600},{"Length":48,"Height":31,"Demand":0,"DemandMax":3,"Value":4464},{"Length":29,"Height":15,"Demand":0,"DemandMax":3,"Value":1305},{"Length":13,"Height":13,"Demand":0,"DemandMax":3,"Value":507},{"Length":100,"Height":94,"Demand":0,"DemandMax":3,"Value":18800}]}