{"Name":"ngcutfs1_49","Objects":[{"Length":100,"Height":100,"Stock":null,"Cost":10000}],"Items":[{"Length":79,"Height":37,"Demand":0,"DemandMax":3,"Value":5846},{"Length":39,"Height":90,"Demand":0,"DemandMax":3,"Value":7020},{"Length":99,"Height":13,"Demand":0,"DemandMax":3,"Value":3861},{"Length":97,"Height":10,"Demand":0,"DemandMax":3,"Value":1940},{"Length":60,"Height":99,"Demand":0,"DemandMax":3,"Value":17820},{"Length":43,"Height":50,"Demand":0,"DemandMax":3,"Value":6450},{"Length":18,"Height":83,"Demand":0,"DemandMax":3,"Value":2988},{"Length":95,"Height":25,"Demand":0,"DemandMax":3,"Value":7125},{"Length":98,"Height":12,"Demand":0,"DemandMax":3,"Value":1176},{"Length":14,"Height":30,"Demand":0,"DemandMax":3,"Value":420},{"Length":98,"Height":5,"Demand":0,"DemandMax":3,"Value":980},{"Length":99,"Height":30,"Demand":0,"DemandMax":3,"Value":8910},{"Length":38,"Height":40,"Demand":0,"DemandMax":3,"Value":1520},{"Length":35,"Height":82,"Demand":0,"DemandMax":3,"Value":8610},{"Length":25,"Height":6,"Demand":0,"DemandMax":3,"Value":450},{"Length":14,"Height":97,"Demand":0,"DemandMax":3,"Value":1358},{"Length":44,"Height":82,"Demand":0,"DemandMax":3,"Value":3608},{"Length":37,"Height":8,"Demand":0,"DemandMax":3,"Value":888},{"Length":2,"Height":88,"Demand":0,"DemandMax":3,"Value":528},{"Length":89,"Height":71,"Demand":0,"DemandMax":3,"Value":12638},{"Length":27,"Height":19,"Demand":0,"DemandMax":3,"Value":1539},{"Length":35,"Height":50,"Demand":0,"DemandMax":3,"Value":5250},{"Length":5,"Height":38,"Demand":0,"DemandMax":3,"Value":380},{"Length":10,"Height":23,"Demand":0,"DemandMax":3,"Value":690},{"Length":74,"Height":76,"Demand":0,"DemandMax":3,"Value":5624},{"Length":55,"Height":96,"Demand":0,"DemandMax":3,"Value":10560},{"Length":82,"Height":27,"Demand":0,"DemandMax":3,"Value":4428},{"Length":34,"Height":94,"Demand":0,"DemandMax":3,"Value":6392},{"Length":39,"Height":42,"Demand":0,"DemandMax":3,"Value":1638},{"Length":35,"Height":28,"Demand":0,"DemandMax":3,"Value":2940},{"Length":90,"Height":30,"Demand":0,"DemandMax":3,"Value":8100},{"Length":43,"Height":44,"Demand":0,"DemandMax":3,"Value":5676},{"Length":28,"Height":2,"Demand":0,"DemandMax":3,"Value":168},{"Length":93,"Height":10,"Demand":0,"DemandMax":3,"Value":930},{"Length":94,"Height":15,"Demand":0,"DemandMax":3,"Value":2820},{"Length":61,"Height":75,"Demand":0,"DemandMax":3,"Value":13725},{"Length":28,"Height":39,"Demand":0,"DemandMax":3,"Value":2184},{"Length":43,"Height":25,"Demand":0,"DemandMax":3,"Value":2150},{"Length":21,"Height":94,"Demand":0,"DemandMax":3,"Value":3948},{"Length":99,"Height":26,"Demand":0,"DemandMax":3,"Value":7722},{"Length":32,"Height":9,"Demand":0,"DemandMax":3,"Value":576},{"Length":79,"Height":23,"Demand":0,"DemandMax":3,"Value":3634},{"Length":96,"Height":2,"Demand":0,"DemandMax":3,"Value":384},{"Length":27,"Height":94,"Demand":0,"DemandMax":3,"Value":2538},{"Length":85,"Height":14,"Demand":0,"DemandMax":3,"Value":3570},{"Length":26,"Height":84,"Demand":0,"DemandMax":3,"Value":6552},{"Length":4,"Height":39,"Demand":0,"DemandMax":3,"Value":156},{"Length":47,"Height":95,"Demand":0,"DemandMax":3,"Value":13395},{"Length":88,"Height":9,"Demand":0,"DemandMax":3,"Value":792},{"Length":56,"Height":92,"Demand":0,"DemandMax":3,"Value":5152}]}