{"Name":"ngcutfs1_196","Objects":[{"Length":100,"Height":100,"Stock":null,"Cost":10000}],"Items":[{"Length":14,"Height":27,"Demand":0,"DemandMax":3,"Value":378},{"Length":6,"Height":48,"Demand":0,"DemandMax":3,"Value":864},{"Length":45,"Height":99,"Demand":0,"DemandMax":3,"Value":4455},{"Length":24,"Height":85,"Demand":0,"DemandMax":3,"Value":6120},{"Length":83,"Height":75,"Demand":0,"DemandMax":3,"Value":12450},{"Length":32,"Height":33,"Demand":0,"DemandMax":3,"Value":3168},{"Length":87,"Height":29,"Demand":0,"DemandMax":3,"Value":2523},{"Length":81,"Height":57,"Demand":0,"DemandMax":3,"Value":4617},{"Length":91,"Height":69,"Demand":0,"DemandMax":3,"Value":18837},{"Length":46,"Height":15,"Demand":0,"DemandMax":3,"Value":690},{"Length":15,"Height":76,"Demand":0,"DemandMax":3,"Value":1140},{"Length":66,"Height":68,"Demand":0,"DemandMax":3,"Value":13464},{"Length":86,"Height":27,"Demand":0,"DemandMax":3,"Value":4644},{"Length":22,"Height":30,"Demand":0,"DemandMax":3,"Value":1320},{"Length":94,"Height":61,"Demand":0,"DemandMax":3,"Value":11468},{"Length":30,"Height":77,"Demand":0,"DemandMax":3,"Value":2310},{"Length":18,"Height":93,"Demand":0,"DemandMax":3,"Value":3348},{"Length":72,"Height":95,"Demand":0,"DemandMax":3,"Value":20520},{"Length":10,"Height":99,"Demand":0,"DemandMax":3,"Value":2970},{"Length":70,"Height":86,"Demand":0,"DemandMax":3,"Value":12040},{"Length":13,"Height":50,"Demand":0,"DemandMax":3,"Value":1300},{"Length":13,"Height":98,"Demand":0,"DemandMax":3,"Value":3822},{"Length":96,"Height":40,"Demand":0,"DemandMax":3,"Value":7680},{"Length":22,"Height":38,"Demand":0,"DemandMax":3,"Value":1672},{"Length":36,"Height":35,"Demand":0,"DemandMax":3,"Value":3780},{"Length":76,"Height":26,"Demand":0,"DemandMax":3,"Value":1976},{"Length":86,"Height":96,"Demand":0,"DemandMax":3,"Value":8256},{"Length":94,"Height":45,"Demand":0,"DemandMax":3,"Value":8460},{"Length":83,"Height":43,"Demand":0,"DemandMax":3,"Value":10707},{"Length":78,"Height":46,"Demand":0,"DemandMax":3,"Value":10764},{"Length":34,"Height":6,"Demand":0,"DemandMax":3,"Value":612},{"Length":34,"Height":36,"Demand":0,"DemandMax":3,"Value":3672},{"Length":99,"Height":40,"Demand":0,"DemandMax":3,"Value":3960},{"Length":89,"Height":2,"Demand":0,"DemandMax":6,"Value":534},{"Length":60,"Height":96,"Demand":0,"DemandMax":3,"Value":17280},{"Length":42,"Height":94,"Demand":0,"DemandMax":3,"Value":11844},{"Length":45,"Height":15,"Demand":0,"DemandMax":6,"Value":2025},{"Length":30,"Height":46,"Demand":0,"DemandMax":3,"Value":2760},{"Length":2,"Height":44,"Demand":0,"DemandMax":3,"Value":264},{"Length":71,"Height":61,"Demand":0,"DemandMax":3,"Value":4331},{"Length":39,"Height":5,"Demand":0,"DemandMax":3,"Value":195},{"Length":37,"Height":21,"Demand":0,"DemandMax":3,"Value":777},{"Length":77,"Height":23,"Demand":0,"DemandMax":3,"Value":5313},{"Length":6,"Height":96,"Demand":0,"DemandMax":3,"Value":1728},{"Length":94,"Height":91,"Demand":0,"DemandMax":3,"Value":17108},{"Length":94,"Height":4,"Demand":0,"DemandMax":3,"Value":376},{"Length":17,"Height":5,"Demand":0,"DemandMax":3,"Value":255},{"Length":78,"Height":2,"Demand":0,"DemandMax":6,"Value":312},{"Length":80,"Height":35,"Demand":0,"DemandMax":3,"Value":5600},{"Length":55,"Height":92,"Demand":0,"DemandMax":3,"Value":15180},{"Length":92,"Height":35,"Demand":0,"DemandMax":3,"Value":3220},{"Length":48,"Height":39,"Demand":0,"DemandMax":3,"Value":1872},{"Length":86,"Height":75,"Demand":0,"DemandMax":3,"Value":12900},{"Length":79,"Height":21,"Demand":0,"DemandMax":3,"Value":3318},{"Length":76,"Height":67,"Demand":0,"DemandMax":3,"Value":10184},{"Length":39,"Height":88,"Demand":0,"DemandMax":3,"Value":6864},{"Length":47,"Height":95,"Demand":0,"DemandMax":3,"Value":13395},{"Length":19,"Height":28,"Demand":0,"DemandMax":3,"Value":532},{"Length":77,"Height":9,"Demand":0,"DemandMax":3,"Value":693},{"Length":61,"Height":88,"Demand":0,"DemandMax":3,"Value":10736},{"Length":29,"Height":12,"Demand":0,"DemandMax":3,"Value":1044},{"Length":6,"Height":94,"Demand":0,"DemandMax":3,"Value":1128},{"Length":5,"Height":28,"Demand":0,"DemandMax":3,"Value":140},{"Length":78,"Height":7,"Demand":0,"DemandMax":3,"Value":1092},{"Length":11,"Height":95,"Demand":0,"DemandMax":3,"Value":3135},{"Length":49,"Height":18,"Demand":0,"DemandMax":3,"Value":1764},{"Length":99,"Height":53,"Demand":0,"DemandMax":3,"Value":5247},{"Length":93,"Height":84,"Demand":0,"DemandMax":3,"Value":7812},{"Length":53,"Height":53,"Demand":0,"DemandMax":3,"Value":5618},{"Length":10,"Height":14,"Demand":0,"DemandMax":3,"Value":420},{"Length":2,"Height":12,"Demand":0,"DemandMax":3,"Value":72},{"Length":11,"Height":3,"Demand":0,"DemandMax":3,"Value":66},{"Length":37,"Height":12,"Demand":0,"DemandMax":3,"Value":444},{"Length":12,"Height":26,"Demand":0,"DemandMax":3,"Value":312},{"Length":15,"Height":5,"Demand":0,"DemandMax":3,"Value":150},{"Length":77,"Height":11,"Demand":0,"DemandMax":3,"Value":1694},{"Length":71,"Height":65,"Demand":0,"DemandMax":3,"Value":9230},{"Length":99,"Height":76,"Demand":0,"DemandMax":3,"Value":22572},{"Length":65,"Height":87,"Demand":0,"DemandMax":3,"Value":16965},{"Length":45,"Height":6,"Demand":0,"DemandMax":3,"Value":270},{"Length":4,"Height":31,"Demand":0,"DemandMax":3,"Value":124},{"Length":42,"Height":4,"Demand":0,"DemandMax":3,"Value":504},{"Length":22,"Height":16,"Demand":0,"DemandMax":3,"Value":1056},{"Length":29,"Height":88,"Demand":0,"DemandMax":3,"Value":7656},{"Length":19,"Height":85,"Demand":0,"DemandMax":3,"Value":4845},{"Length":89,"Height":49,"Demand":0,"DemandMax":3,"Value":4361},{"Length":82,"Height":10,"Demand":0,"DemandMax":3,"Value":2460},{"Length":91,"Height":77,"Demand":0,"DemandMax":3,"Value":14014},{"Length":98,"Height":59,"Demand":0,"DemandMax":3,"Value":5782},{"Length":92,"Height":26,"Demand":0,"DemandMax":3,"Value":4784},{"Length":50,"Height":81,"Demand":0,"DemandMax":3,"Value":12150},{"Length":68,"Height":91,"Demand":0,"DemandMax":3,"Value":18564},{"Length":90,"Height":24,"Demand":0,"DemandMax":3,"Value":4320},{"Length":9,"Height":22,"Demand":0,"DemandMax":3,"Value":594},{"Length":28,"Height":91,"Demand":0,"DemandMax":3,"Value":5096},{"Length":74,"Height":60,"Demand":0,"DemandMax":3,"Value":8880},{"Length":24,"Height":82,"Demand":0,"DemandMax":3,"Value":3936},{"Length":89,"Height":50,"Demand":0,"DemandMax":3,"Value":8900},{"Length":30,"Height":10,"Demand":0,"DemandMax":3,"Value":900},{"Length":22,"Height":25,"Demand":0,"DemandMax":6,"Value":1100},{"Length":34,"Height":91,"Demand":0,"DemandMax":3,"Value":6188},{"Length":42,"Height":9,"Demand":0,"DemandMax":3,"Value":756},{"Length":30,"Height":32,"Demand":0,"DemandMax":3,"Value":960},{"Length":45,"Height":3,"Demand":0,"DemandMax":3,"Value":405},{"Length":40,"Height":45,"Demand":0,"DemandMax":3,"Value":1800},{"Length":84,"Height":95,"Demand":0,"DemandMax":3,"Value":15960},{"Length":95,"Height":44,"Demand":0,"DemandMax":3,"Value":12540},{"Length":27,"Height":83,"Demand":0,"DemandMax":3,"Value":2241},{"Length":8,"Height":35,"Demand":0,"DemandMax":3,"Value":560},{"Length":82,"Height":33,"Demand":0,"DemandMax":3,"Value":8118},{"Length":98,"Height":84,"Demand":0,"DemandMax":3,"Value":16464},{"Length":10,"Height":36,"Demand":0,"DemandMax":3,"Value":360},{"Length":83,"Height":10,"Demand":0,"DemandMax":3,"Value":2490},{"Length":36,"Height":90,"Demand":0,"DemandMax":3,"Value":9720},{"Length":36,"Height":93,"Demand":0,"DemandMax":3,"Value":6696},{"Length":89,"Height":5,"Demand":0,"DemandMax":3,"Value":1335},{"Length":89,"Height":47,"Demand":0,"DemandMax":3,"Value":4183},{"Length":95,"Height":72,"Demand":0,"DemandMax":3,"Value":6840},{"Length":54,"Height":85,"Demand":0,"DemandMax":3,"Value":13770},{"Length":16,"Height":89,"Demand":0,"DemandMax":3,"Value":1424},{"Length":42,"Height":77,"Demand":0,"DemandMax":3,"Value":9702},{"Length":44,"Height":35,"Demand":0,"DemandMax":3,"Value":4620},{"Length":79,"Height":11,"Demand":0,"DemandMax":3,"Value":2607},{"Length":15,"Height":19,"Demand":0,"DemandMax":3,"Value":285},{"Length":16,"Height":38,"Demand":0,"DemandMax":3,"Value":1216},{"Length":88,"Height":84,"Demand":0,"DemandMax":3,"Value":14784},{"Length":80,"Height":3,"Demand":0,"DemandMax":3,"Value":240},{"Length":27,"Height":34,"Demand":0,"DemandMax":3,"Value":1836},{"Length":10,"Height":22,"Demand":0,"DemandMax":3,"Value":220},{"Length":78,"Height":61,"Demand":0,"DemandMax":3,"Value":9516},{"Length":44,"Height":45,"Demand":0,"DemandMax":3,"Value":5940},{"Length":7,"Height":94,"Demand":0,"DemandMax":3,"Value":1316},{"Length":56,"Height":75,"Demand":0,"DemandMax":3,"Value":8400},{"Length":10,"Height":11,"Demand":0,"DemandMax":3,"Value":220},{"Length":83,"Height":36,"Demand":0,"DemandMax":3,"Value":8964},{"Length":44,"Height":77,"Demand":0,"DemandMax":3,"Value":10164},{"Length":29,"Height":3,"Demand":0,"DemandMax":3,"Value":261},{"Length":89,"Height":13,"Demand":0,"DemandMax":6,"Value":3471},{"Length":22,"Height":93,"Demand":0,"DemandMax":3,"Value":2046},{"Length":11,"Height":77,"Demand":0,"DemandMax":3,"Value":847},{"Length":60,"Height":54,"Demand":0,"DemandMax":3,"Value":3240},{"Length":40,"Height":27,"Demand":0,"DemandMax":3,"Value":1080},{"Length":23,"Height":25,"Demand":0,"DemandMax":3,"Value":575},{"Length":12,"Height":99,"Demand":0,"DemandMax":3,"Value":3564},{"Length":29,"Height":15,"Demand":0,"DemandMax":3,"Value":1305},{"Length":36,"Height":38,"Demand":0,"DemandMax":3,"Value":2736},{"Length":6,"Height":99,"Demand":0,"DemandMax":3,"Value":594},{"Length":69,"Height":97,"Demand":0,"DemandMax":3,"Value":6693},{"Length":41,"Height":93,"Demand":0,"DemandMax":3,"Value":7626},{"Length":3,"Height":30,"Demand":0,"DemandMax":3,"Value":90},{"Length":21,"Height":32,"Demand":0,"DemandMax":3,"Value":1344},{"Length":85,"Height":42,"Demand":0,"DemandMax":3,"Value":7140},{"Length":48,"Height":35,"Demand":0,"DemandMax":3,"Value":5040},{"Length":45,"Height":40,"Demand":0,"DemandMax":3,"Value":3600},{"Length":6,"Height":30,"Demand":0,"DemandMax":3,"Value":180},{"Length":11,"Height":49,"Demand":0,"DemandMax":3,"Value":539},{"Length":79,"Height":19,"Demand":0,"DemandMax":3,"Value":1501},{"Length":61,"Height":52,"Demand":0,"DemandMax":3,"Value":3172},{"Length":94,"Height":43,"Demand":0,"DemandMax":3,"Value":4042},{"Length":79,"Height":10,"Demand":0,"DemandMax":3,"Value":1580},{"Length":35,"Height":79,"Demand":0,"DemandMax":3,"Value":5530},{"Length":38,"Height":39,"Demand":0,"DemandMax":3,"Value":2964},{"Length":52,"Height":57,"Demand":0,"DemandMax":3,"Value":5928},{"Length":78,"Height":23,"Demand":0,"DemandMax":3,"Value":1794},{"Length":84,"Height":55,"Demand":0,"DemandMax":3,"Value":4620},{"Length":13,"Height":83,"Demand":0,"DemandMax":3,"Value":1079},{"Length":50,"Height":32,"Demand":0,"DemandMax":3,"Value":3200},{"Length":43,"Height":4,"Demand":0,"DemandMax":3,"Value":344},{"Length":88,"Height":47,"Demand":0,"DemandMax":3,"Value":4136},{"Length":22,"Height":21,"Demand":0,"DemandMax":3,"Value":1386},{"Length":94,"Height":60,"Demand":0,"DemandMax":3,"Value":11280},{"Length":23,"Height":95,"Demand":0,"DemandMax":6,"Value":4370},{"Length":16,"Height":29,"Demand":0,"DemandMax":3,"Value":1392},{"Length":46,"Height":87,"Demand":0,"DemandMax":3,"Value":8004},{"Length":20,"Height":31,"Demand":0,"DemandMax":3,"Value":1240},{"Length":46,"Height":45,"Demand":0,"DemandMax":3,"Value":2070},{"Length":85,"Height":79,"Demand":0,"DemandMax":3,"Value":20145},{"Length":37,"Height":30,"Demand":0,"DemandMax":3,"Value":3330},{"Length":75,"Height":85,"Demand":0,"DemandMax":3,"Value":12750},{"Length":80,"Height":28,"Demand":0,"DemandMax":3,"Value":6720},{"Length":4,"Height":82,"Demand":0,"DemandMax":3,"Value":656},{"Length":76,"Height":32,"Demand":0,"DemandMax":6,"Value":7296},{"Length":20,"Height":40,"Demand":0,"DemandMax":3,"Value":800},{"Length":20,"Height":36,"Demand":0,"DemandMax":3,"Value":2160},{"Length":31,"Height":5,"Demand":0,"DemandMax":3,"Value":310},{"Length":88,"Height":10,"Demand":0,"DemandMax":6,"Value":1760},{"Length":32,"Height":26,"Demand":0,"DemandMax":3,"Value":1664},{"Length":77,"Height":12,"Demand":0,"DemandMax":3,"Value":924},{"Length":92,"Height":27,"Demand":0,"DemandMax":3,"Value":4968},{"Length":4,"Height":76,"Demand":0,"DemandMax":3,"Value":608},{"Length":15,"Height":82,"Demand":0,"DemandMax":3,"Value":1230},{"Length":70,"Height":85,"Demand":0,"DemandMax":3,"Value":5950},{"Length":96,"Height":39,"Demand":0,"DemandMax":3,"Value":11232},{"Length":73,"Height":60,"Demand":0,"DemandMax":3,"Value":4380},{"Length":39,"Height":100,"Demand":0,"DemandMax":3,"Value":7800},{"Length":13,"Height":85,"Demand":0,"DemandMax":3,"Value":3315},{"Length":65,"Height":68,"Demand":0,"DemandMax":3,"Value":13260},{"Length":76,"Height":27,"Demand":0,"DemandMax":3,"Value":4104},{"Length":23,"Height":18,"Demand":0,"DemandMax":3,"Value":414},{"Length":40,"Height":33,"Demand":0,"DemandMax":3,"Value":3960},{"Length":36,"Height":100,"Demand":0,"DemandMax":3,"Value":3600},{"Length":21,"Height":39,"Demand":0,"DemandMax":3,"Value":2457},{"Length":27,"Height":90,"Demand":0,"DemandMax":3,"Value":7290},{"Length":15,"Height":89,"Demand":0,"DemandMax":3,"Value":1335},{"Length":33,"Height":10,"Demand":0,"DemandMax":3,"Value":990},{"Length":85,"Height":52,"Demand":0,"DemandMax":3,"Value":8840},{"Length":4,"Height":18,"Demand":0,"DemandMax":3,"Value":144},{"Length":18,"Height":48,"Demand":0,"DemandMax":3,"Value":1728},{"Length":40,"Height":42,"Demand":0,"DemandMax":3,"Value":1680},{"Length":22,"Height":32,"Demand":0,"DemandMax":3,"Value":704},{"Length":23,"Height":48,"Demand":0,"DemandMax":3,"Value":2208},{"Length":94,"Height":13,"Demand":0,"DemandMax":3,"Value":1222},{"Length":69,"Height":70,"Demand":0,"DemandMax":3,"Value":4830},{"Length":57,"Height":84,"Demand":0,"DemandMax":3,"Value":4788},{"Length":84,"Height":19,"Demand":0,"DemandMax":3,"Value":4788},{"Length":21,"Height":97,"Demand":0,"DemandMax":3,"Value":2037},{"Length":32,"Height":77,"Demand":0,"DemandMax":3,"Value":7392},{"Length":49,"Height":83,"Demand":0,"DemandMax":3,"Value":8134},{"Length":77,"Height":51,"Demand":0,"DemandMax":3,"Value":3927},{"Length":40,"Height":76,"Demand":0,"DemandMax":3,"Value":9120},{"Length":83,"Height":23,"Demand":0,"DemandMax":3,"Value":3818},{"Length":83,"Height":40,"Demand":0,"DemandMax":3,"Value":9960},{"Length":19,"Height":16,"Demand":0,"DemandMax":3,"Value":608},{"Length":18,"Height":22,"Demand":0,"DemandMax":3,"Value":396},{"Length":22,"Height":84,"Demand":0,"DemandMax":3,"Value":5544},{"Length":85,"Height":39,"Demand":0,"DemandMax":3,"Value":9945},{"Length":26,"Height":23,"Demand":0,"DemandMax":3,"Value":598},{"Length":100,"Height":33,"Demand":0,"DemandMax":3,"Value":6600},{"Length":29,"Height":33,"Demand":0,"DemandMax":3,"Value":957},{"Length":48,"Height":43,"Demand":0,"DemandMax":6,"Value":4128},{"Length":38,"Height":48,"Demand":0,"DemandMax":3,"Value":5472},{"Length":35,"Height":95,"Demand":0,"DemandMax":3,"Value":6650},{"Length":39,"Height":37,"Demand":0,"DemandMax":3,"Value":2886},{"Length":8,"Height":91,"Demand":0,"DemandMax":3,"Value":2184},{"Length":41,"Height":93,"Demand":0,"DemandMax":3,"Value":11439},{"Length":83,"Height":32,"Demand":0,"DemandMax":3,"Value":2656},{"Length":10,"Height":77,"Demand":0,"DemandMax":3,"Value":2310},{"Length":45,"Height":48,"Demand":0,"DemandMax":3,"Value":2160},{"Length":50,"Height":13,"Demand":0,"DemandMax":3,"Value":1300},{"Length":3,"Height":40,"Demand":0,"DemandMax":3,"Value":240},{"Length":37,"Height":17,"Demand":0,"DemandMax":3,"Value":629},{"Length":22,"Height":49,"Demand":0,"DemandMax":3,"Value":2156},{"Length":7,"Height":7,"Demand":0,"DemandMax":3,"Value":147},{"Length":5,"Height":28,"Demand":0,"DemandMax":3,"Value":280},{"Length":32,"Height":43,"Demand":0,"DemandMax":3,"Value":4128},{"Length":76,"Height":12,"Demand":0,"DemandMax":3,"Value":1824},{"Length":11,"Height":5,"Demand":0,"DemandMax":3,"Value":165},{"Length":99,"Height":57,"Demand":0,"DemandMax":3,"Value":5643},{"Length":35,"Height":3,"Demand":0,"DemandMax":3,"Value":105},{"Length":78,"Height":13,"Demand":0,"DemandMax":3,"Value":3042},{"Length":85,"Height":65,"Demand":0,"DemandMax":3,"Value":16575},{"Length":17,"Height":9,"Demand":0,"DemandMax":3,"Value":306},{"Length":58,"Height":72,"Demand":0,"DemandMax":3,"Value":12528},{"Length":21,"Height":14,"Demand":0,"DemandMax":3,"Value":882},{"Length":96,"Height":23,"Demand":0,"DemandMax":3,"Value":6624},{"Length":79,"Height":36,"Demand":0,"DemandMax":3,"Value":8532},{"Length":29,"Height":18,"Demand":0,"DemandMax":3,"Value":522},{"Length":8,"Height":42,"Demand":0,"DemandMax":3,"Value":336},{"Length":15,"Height":91,"Demand":0,"DemandMax":3,"Value":4095},{"Length":3,"Height":97,"Demand":0,"DemandMax":3,"Value":582},{"Length":42,"Height":9,"Demand":0,"DemandMax":3,"Value":1134},{"Length":100,"Height":44,"Demand":0,"DemandMax":3,"Value":13200},{"Length":45,"Height":83,"Demand":0,"DemandMax":3,"Value":3735},{"Length":10,"Height":79,"Demand":0,"DemandMax":3,"Value":790},{"Length":93,"Height":3,"Demand":0,"DemandMax":3,"Value":837},{"Length":58,"Height":83,"Demand":0,"DemandMax":3,"Value":4814},{"Length":19,"Height":31,"Demand":0,"DemandMax":3,"Value":1178},{"Length":15,"Height":10,"Demand":0,"DemandMax":3,"Value":450},{"Length":34,"Height":12,"Demand":0,"DemandMax":3,"Value":408},{"Length":91,"Height":75,"Demand":0,"DemandMax":3,"Value":6825},{"Length":73,"Height":72,"Demand":0,"DemandMax":3,"Value":5256},{"Length":33,"Height":44,"Demand":0,"DemandMax":3,"Value":1452},{"Length":82,"Height":34,"Demand":0,"DemandMax":3,"Value":5576},{"Length":34,"Height":42,"Demand":0,"DemandMax":3,"Value":1428},{"Length":72,"Height":88,"Demand":0,"DemandMax":3,"Value":19008},{"Length":56,"Height":97,"Demand":0,"DemandMax":3,"Value":5432},{"Length":33,"Height":82,"Demand":0,"DemandMax":3,"Value":2706},{"Length":50,"Height":47,"Demand":0,"DemandMax":3,"Value":2350},{"Length":55,"Height":85,"Demand":0,"DemandMax":3,"Value":4675},{"Length":48,"Height":8,"Demand":0,"DemandMax":3,"Value":384},{"Length":76,"Height":86,"Demand":0,"DemandMax":3,"Value":6536},{"Length":71,"Height":91,"Demand":0,"DemandMax":3,"Value":12922},{"Length":82,"Height":79,"Demand":0,"DemandMax":3,"Value":6478},{"Length":36,"Height":21,"Demand":0,"DemandMax":3,"Value":2268},{"Length":29,"Height":23,"Demand":0,"DemandMax":3,"Value":1334},{"Length":4,"Height":86,"Demand":0,"DemandMax":3,"Value":1032},{"Length":10,"Height":91,"Demand":0,"DemandMax":3,"Value":1820},{"Length":79,"Height":35,"Demand":0,"DemandMax":3,"Value":2765},{"Length":77,"Height":35,"Demand":0,"DemandMax":6,"Value":5390},{"Length":89,"Height":58,"Demand":0,"DemandMax":3,"Value":5162},{"Length":45,"Height":50,"Demand":0,"DemandMax":3,"Value":4500},{"Length":89,"Height":12,"Demand":0,"DemandMax":3,"Value":2136},{"Length":42,"Height":9,"Demand":0,"DemandMax":3,"Value":378},{"Length":48,"Height":11,"Demand":0,"DemandMax":3,"Value":528},{"Length":12,"Height":31,"Demand":0,"DemandMax":3,"Value":1116},{"Length":93,"Height":59,"Demand":0,"DemandMax":3,"Value":5487},{"Length":47,"Height":27,"Demand":0,"DemandMax":3,"Value":3807},{"Length":90,"Height":66,"Demand":0,"DemandMax":3,"Value":5940},{"Length":70,"Height":65,"Demand":0,"DemandMax":3,"Value":13650},{"Length":45,"Height":22,"Demand":0,"DemandMax":3,"Value":990},{"Length":26,"Height":31,"Demand":0,"DemandMax":3,"Value":806},{"Length":65,"Height":74,"Demand":0,"DemandMax":3,"Value":14430},{"Length":92,"Height":13,"Demand":0,"DemandMax":3,"Value":1196},{"Length":87,"Height":7,"Demand":0,"DemandMax":3,"Value":1827},{"Length":19,"Height":10,"Demand":0,"DemandMax":3,"Value":380},{"Length":39,"Height":33,"Demand":0,"DemandMax":3,"Value":2574},{"Length":36,"Height":9,"Demand":0,"DemandMax":3,"Value":972},{"Length":47,"Height":80,"Demand":0,"DemandMax":3,"Value":7520},{"Length":76,"Height":2,"Demand":0,"DemandMax":3,"Value":304},{"Length":49,"Height":36,"Demand":0,"DemandMax":3,"Value":3528},{"Length":27,"Height":13,"Demand":0,"DemandMax":3,"Value":351},{"Length":31,"Height":5,"Demand":0,"DemandMax":3,"Value":155},{"Length":40,"Height":43,"Demand":0,"DemandMax":3,"Value":1720},{"Length":18,"Height":34,"Demand":0,"DemandMax":3,"Value":612},{"Length":69,"Height":74,"Demand":0,"DemandMax":3,"Value":15318},{"Length":37,"Height":35,"Demand":0,"DemandMax":3,"Value":1295},{"Length":36,"Height":26,"Demand":0,"DemandMax":3,"Value":2808},{"Length":32,"Height":19,"Demand":0,"DemandMax":3,"Value":608},{"Length":88,"Height":89,"Demand":0,"DemandMax":3,"Value":15664},{"Length":8,"Height":41,"Demand":0,"DemandMax":3,"Value":984},{"Length":95,"Height":20,"Demand":0,"DemandMax":3,"Value":1900},{"Length":80,"Height":30,"Demand":0,"DemandMax":3,"Value":2400},{"Length":6,"Height":49,"Demand":0,"DemandMax":6,"Value":294},{"Length":15,"Height":38,"Demand":0,"DemandMax":3,"Value":570},{"Length":93,"Height":100,"Demand":0,"DemandMax":3,"Value":9300},{"Length":43,"Height":31,"Demand":0,"DemandMax":3,"Value":3999},{"Length":69,"Height":82,"Demand":0,"DemandMax":3,"Value":11316},{"Length":81,"Height":15,"Demand":0,"DemandMax":3,"Value":3645},{"Length":84,"Height":17,"Demand":0,"DemandMax":3,"Value":4284},{"Length":34,"Height":11,"Demand":0,"DemandMax":3,"Value":374},{"Length":92,"Height":42,"Demand":0,"DemandMax":3,"Value":3864},{"Length":21,"Height":34,"Demand":0,"DemandMax":3,"Value":2142},{"Length":33,"Height":28,"Demand":0,"DemandMax":3,"Value":2772},{"Length":24,"Height":12,"Demand":0,"DemandMax":3,"Value":864},{"Length":79,"Height":69,"Demand":0,"DemandMax":3,"Value":5451},{"Length":41,"Height":24,"Demand":0,"DemandMax":3,"Value":984},{"Length":17,"Height":28,"Demand":0,"DemandMax":6,"Value":1428},{"Length":70,"Height":80,"Demand":0,"DemandMax":3,"Value":5600},{"Length":23,"Height":37,"Demand":0,"DemandMax":3,"Value":851},{"Length":11,"Height":42,"Demand":0,"DemandMax":3,"Value":1386},{"Length":28,"Height":96,"Demand":0,"DemandMax":3,"Value":2688},{"Length":53,"Height":78,"Demand":0,"DemandMax":3,"Value":4134},{"Length":63,"Height":85,"Demand":0,"DemandMax":3,"Value":5355},{"Length":26,"Height":8,"Demand":0,"DemandMax":3,"Value":416},{"Length":43,"Height":80,"Demand":0,"DemandMax":3,"Value":3440},{"Length":32,"Height":99,"Demand":0,"DemandMax":3,"Value":3168},{"Length":72,"Height":88,"Demand":0,"DemandMax":3,"Value":6336},{"Length":81,"Height":5,"Demand":0,"DemandMax":3,"Value":405},{"Length":3,"Height":8,"Demand":0,"DemandMax":3,"Value":24},{"Length":39,"Height":14,"Demand":0,"DemandMax":3,"Value":546},{"Length":19,"Height":15,"Demand":0,"DemandMax":3,"Value":285},{"Length":81,"Height":3,"Demand":0,"DemandMax":3,"Value":486},{"Length":45,"Height":28,"Demand":0,"DemandMax":3,"Value":3780},{"Length":85,"Height":3,"Demand":0,"DemandMax":3,"Value":255},{"Length":47,"Height":19,"Demand":0,"DemandMax":3,"Value":1786},{"Length":24,"Height":18,"Demand":0,"DemandMax":3,"Value":432},{"Length":68,"Height":91,"Demand":0,"DemandMax":3,"Value":12376},{"Length":100,"Height":93,"Demand":0,"DemandMax":3,"Value":18600},{"Length":91,"Height":65,"Demand":0,"DemandMax":3,"Value":11830},{"Length":91,"Height":14,"Demand":0,"DemandMax":3,"Value":1274},{"Length":6,"Height":22,"Demand":0,"DemandMax":3,"Value":132},{"Length":60,"Height":79,"Demand":0,"DemandMax":3,"Value":4740},{"Length":93,"Height":99,"Demand":0,"DemandMax":3,"Value":27621},{"Length":8,"Height":84,"Demand":0,"DemandMax":3,"Value":1344},{"Length":28,"Height":15,"Demand":0,"DemandMax":3,"Value":840},{"Length":16,"Height":76,"Demand":0,"DemandMax":3,"Value":2432},{"Length":43,"Height":48,"Demand":0,"DemandMax":3,"Value":2064},{"Length":80,"Height":27,"Demand":0,"DemandMax":3,"Value":6480},{"Length":53,"Height":79,"Demand":0,"DemandMax":3,"Value":8374},{"Length":29,"Height":49,"Demand":0,"DemandMax":3,"Value":1421},{"Length":9,"Height":12,"Demand":0,"DemandMax":3,"Value":216},{"Length":10,"Height":45,"Demand":0,"DemandMax":3,"Value":450},{"Length":15,"Height":42,"Demand":0,"DemandMax":3,"Value":1890},{"Length":95,"Height":57,"Demand":0,"DemandMax":3,"Value":10830},{"Length":19,"Height":22,"Demand":0,"DemandMax":3,"Value":418},{"Length":97,"Height":56,"Demand":0,"DemandMax":3,"Value":16296},{"Length":11,"Height":99,"Demand":0,"DemandMax":3,"Value":1089},{"Length":81,"Height":18,"Demand":0,"DemandMax":3,"Value":1458},{"Length":55,"Height":82,"Demand":0,"DemandMax":3,"Value":4510},{"Length":86,"Height":10,"Demand":0,"DemandMax":3,"Value":1720},{"Length":45,"Height":44,"Demand":0,"DemandMax":3,"Value":1980},{"Length":43,"Height":47,"Demand":0,"DemandMax":3,"Value":6063},{"Length":26,"Height":46,"Demand":0,"DemandMax":3,"Value":1196},{"Length":80,"Height":98,"Demand":0,"DemandMax":3,"Value":15680},{"Length":62,"Height":69,"Demand":0,"DemandMax":3,"Value":8556},{"Length":37,"Height":10,"Demand":0,"DemandMax":3,"Value":1110},{"Length":42,"Height":98,"Demand":0,"DemandMax":3,"Value":12348},{"Length":83,"Height":55,"Demand":0,"DemandMax":3,"Value":4565},{"Length":26,"Height":18,"Demand":0,"DemandMax":3,"Value":936},{"Length":5,"Height":16,"Demand":0,"DemandMax":3,"Value":240},{"Length":16,"Height":96,"Demand":0,"DemandMax":3,"Value":1536},{"Length":40,"Height":3,"Demand":0,"DemandMax":3,"Value":240},{"Length":33,"Height":87,"Demand":0,"DemandMax":3,"Value":2871},{"Length":90,"Height":44,"Demand":0,"DemandMax":3,"Value":7920},{"Length":11,"Height":13,"Demand":0,"DemandMax":3,"Value":143},{"Length":2,"Height":50,"Demand":0,"DemandMax":3,"Value":300},{"Length":33,"Height":94,"Demand":0,"DemandMax":3,"Value":3102},{"Length":45,"Height":81,"Demand":0,"DemandMax":3,"Value":3645},{"Length":62,"Height":81,"Demand":0,"DemandMax":3,"Value":5022},{"Length":91,"Height":32,"Demand":0,"DemandMax":3,"Value":2912},{"Length":63,"Height":80,"Demand":0,"DemandMax":3,"Value":15120},{"Length":6,"Height":91,"Demand":0,"DemandMax":3,"Value":546},{"Length":87,"Height":40,"Demand":0,"DemandMax":3,"Value":3480},{"Length":23,"Height":5,"Demand":0,"DemandMax":3,"Value":230},{"Length":40,"Height":41,"Demand":0,"DemandMax":3,"Value":4920},{"Length":5,"Height":92,"Demand":0,"DemandMax":3,"Value":920},{"Length":94,"Height":73,"Demand":0,"DemandMax":3,"Value":13724},{"Length":15,"Height":47,"Demand":0,"DemandMax":3,"Value":1410},{"Length":68,"Height":95,"Demand":0,"DemandMax":3,"Value":19380},{"Length":19,"Height":10,"Demand":0,"DemandMax":3,"Value":570},{"Length":95,"Height":82,"Demand":0,"DemandMax":3,"Value":15580},{"Length":83,"Height":28,"Demand":0,"DemandMax":3,"Value":2324},{"Length":21,"Height":19,"Demand":0,"DemandMax":3,"Value":399},{"Length":96,"Height":41,"Demand":0,"DemandMax":3,"Value":7872},{"Length":22,"Height":79,"Demand":0,"DemandMax":3,"Value":1738},{"Length":20,"Height":77,"Demand":0,"DemandMax":3,"Value":3080},{"Length":63,"Height":98,"Demand":0,"DemandMax":3,"Value":18522},{"Length":38,"Height":32,"Demand":0,"DemandMax":3,"Value":1216},{"Length":64,"Height":66,"Demand":0,"DemandMax":3,"Value":8448},{"Length":69,"Height":75,"Demand":0,"DemandMax":3,"Value":15525},{"Length":21,"Height":35,"Demand":0,"DemandMax":3,"Value":735},{"Length":18,"Height":18,"Demand":0,"DemandMax":3,"Value":648},{"Length":3,"Height":98,"Demand":0,"DemandMax":3,"Value":294},{"Length":23,"Height":38,"Demand":0,"DemandMax":6,"Value":874},{"Length":53,"Height":71,"Demand":0,"DemandMax":3,"Value":7526},{"Length":40,"Height":86,"Demand":0,"DemandMax":3,"Value":10320},{"Length":49,"Height":98,"Demand":0,"DemandMax":3,"Value":4802},{"Length":59,"Height":71,"Demand":0,"DemandMax":3,"Value":12567},{"Length":44,"Height":34,"Demand":0,"DemandMax":3,"Value":1496},{"Length":8,"Height":79,"Demand":0,"DemandMax":3,"Value":1896},{"Length":26,"Height":42,"Demand":0,"DemandMax":3,"Value":2184},{"Length":84,"Height":12,"Demand":0,"DemandMax":3,"Value":2016},{"Length":100,"Height":6,"Demand":0,"DemandMax":3,"Value":600},{"Length":2,"Height":18,"Demand":0,"DemandMax":3,"Value":36},{"Length":47,"Height":3,"Demand":0,"DemandMax":3,"Value":282},{"Length":77,"Height":44,"Demand":0,"DemandMax":3,"Value":6776},{"Length":52,"Height":72,"Demand":0,"DemandMax":3,"Value":3744},{"Length":62,"Height":64,"Demand":0,"DemandMax":3,"Value":7936},{"Length":66,"Height":68,"Demand":0,"DemandMax":3,"Value":8976},{"Length":95,"Height":10,"Demand":0,"DemandMax":3,"Value":1900},{"Length":3,"Height":37,"Demand":0,"DemandMax":3,"Value":222},{"Length":14,"Height":17,"Demand":0,"DemandMax":3,"Value":238},{"Length":50,"Height":95,"Demand":0,"DemandMax":3,"Value":4750},{"Length":49,"Height":15,"Demand":0,"DemandMax":3,"Value":2205},{"Length":12,"Height":81,"Demand":0,"DemandMax":3,"Value":972},{"Length":43,"Height":98,"Demand":0,"DemandMax":3,"Value":8428},{"Length":94,"Height":65,"Demand":0,"DemandMax":3,"Value":6110},{"Length":41,"Height":4,"Demand":0,"DemandMax":3,"Value":492},{"Length":35,"Height":38,"Demand":0,"DemandMax":3,"Value":3990},{"Length":2,"Height":3,"Demand":0,"DemandMax":3,"Value":6},{"Length":84,"Height":12,"Demand":0,"DemandMax":3,"Value":3024},{"Length":80,"Height":50,"Demand":0,"DemandMax":3,"Value":4000},{"Length":23,"Height":3,"Demand":0,"DemandMax":3,"Value":207},{"Length":69,"Height":99,"Demand":0,"DemandMax":3,"Value":6831},{"Length":86,"Height":35,"Demand":0,"DemandMax":3,"Value":9030},{"Length":97,"Height":43,"Demand":0,"DemandMax":3,"Value":12513},{"Length":33,"Height":82,"Demand":0,"DemandMax":3,"Value":5412},{"Length":95,"Height":5,"Demand":0,"DemandMax":3,"Value":950},{"Length":30,"Height":16,"Demand":0,"DemandMax":3,"Value":480},{"Length":49,"Height":37,"Demand":0,"DemandMax":3,"Value":3626},{"Length":30,"Height":43,"Demand":0,"DemandMax":3,"Value":2580},{"Length":17,"Height":39,"Demand":0,"DemandMax":3,"Value":663},{"Length":52,"Height":65,"Demand":0,"DemandMax":3,"Value":3380},{"Length":13,"Height":31,"Demand":0,"DemandMax":3,"Value":403},{"Length":96,"Height":19,"Demand":0,"DemandMax":3,"Value":1824},{"Length":82,"Height":9,"Demand":0,"DemandMax":3,"Value":1476},{"Length":49,"Height":88,"Demand":0,"DemandMax":3,"Value":8624},{"Length":4,"Height":83,"Demand":0,"DemandMax":3,"Value":332},{"Length":94,"Height":99,"Demand":0,"DemandMax":3,"Value":18612},{"Length":37,"Height":47,"Demand":0,"DemandMax":3,"Value":3478},{"Length":78,"Height":22,"Demand":0,"DemandMax":3,"Value":3432},{"Length":93,"Height":44,"Demand":0,"DemandMax":3,"Value":12276},{"Length":94,"Height":12,"Demand":0,"DemandMax":3,"Value":1128},{"Length":32,"Height":82,"Demand":0,"DemandMax":3,"Value":7872},{"Length":83,"Height":16,"Demand":0,"DemandMax":3,"Value":1328},{"Length":30,"Height":77,"Demand":0,"DemandMax":3,"Value":6930},{"Length":23,"Height":17,"Demand":0,"DemandMax":3,"Value":391},{"Length":22,"Height":85,"Demand":0,"DemandMax":3,"Value":1870},{"Length":92,"Height":88,"Demand":0,"DemandMax":3,"Value":24288},{"Length":92,"Height":46,"Demand":0,"DemandMax":3,"Value":8464},{"Length":69,"Height":85,"Demand":0,"DemandMax":3,"Value":11730},{"Length":76,"Height":79,"Demand":0,"DemandMax":3,"Value":18012},{"Length":33,"Height":50,"Demand":0,"DemandMax":3,"Value":4950},{"Length":20,"Height":18,"Demand":0,"DemandMax":3,"Value":360},{"Length":6,"Height":95,"Demand":0,"DemandMax":3,"Value":1140},{"Length":92,"Height":73,"Demand":0,"DemandMax":3,"Value":20148},{"Length":25,"Height":89,"Demand":0,"DemandMax":3,"Value":6675},{"Length":30,"Height":43,"Demand":0,"DemandMax":3,"Value":1290},{"Length":39,"Height":86,"Demand":0,"DemandMax":3,"Value":3354},{"Length":71,"Height":78,"Demand":0,"DemandMax":3,"Value":11076},{"Length":39,"Height":16,"Demand":0,"DemandMax":3,"Value":1872},{"Length":49,"Height":77,"Demand":0,"DemandMax":3,"Value":11319},{"Length":24,"Height":6,"Demand":0,"DemandMax":3,"Value":144},{"Length":79,"Height":65,"Demand":0,"DemandMax":3,"Value":15405},{"Length":49,"Height":36,"Demand":0,"DemandMax":3,"Value":1764},{"Length":46,"Height":37,"Demand":0,"DemandMax":9,"Value":3404},{"Length":48,"Height":6,"Demand":0,"DemandMax":3,"Value":576},{"Length":93,"Height":26,"Demand":0,"DemandMax":3,"Value":2418},{"Length":35,"Height":33,"Demand":0,"DemandMax":3,"Value":3465},{"Length":89,"Height":3,"Demand":0,"DemandMax":3,"Value":267},{"Length":19,"Height":46,"Demand":0,"DemandMax":3,"Value":1748},{"Length":52,"Height":57,"Demand":0,"DemandMax":3,"Value":2964},{"Length":36,"Height":32,"Demand":0,"DemandMax":3,"Value":2304},{"Length":19,"Height":2,"Demand":0,"DemandMax":3,"Value":76},{"Length":96,"Height":80,"Demand":0,"DemandMax":3,"Value":15360},{"Length":99,"Height":83,"Demand":0,"DemandMax":3,"Value":8217},{"Length":18,"Height":4,"Demand":0,"DemandMax":3,"Value":216},{"Length":84,"Height":61,"Demand":0,"DemandMax":3,"Value":15372},{"Length":85,"Height":97,"Demand":0,"DemandMax":3,"Value":16490},{"Length":50,"Height":10,"Demand":0,"DemandMax":3,"Value":1000},{"Length":49,"Height":19,"Demand":0,"DemandMax":3,"Value":2793},{"Length":99,"Height":19,"Demand":0,"DemandMax":3,"Value":3762},{"Length":76,"Height":4,"Demand":0,"DemandMax":3,"Value":912},{"Length":58,"Height":86,"Demand":0,"DemandMax":3,"Value":9976},{"Length":35,"Height":46,"Demand":0,"DemandMax":3,"Value":4830},{"Length":88,"Height":71,"Demand":0,"DemandMax":3,"Value":18744},{"Length":91,"Height":58,"Demand":0,"DemandMax":3,"Value":5278},{"Length":94,"Height":89,"Demand":0,"DemandMax":3,"Value":8366},{"Length":30,"Height":18,"Demand":0,"DemandMax":3,"Value":540},{"Length":87,"Height":91,"Demand":0,"DemandMax":3,"Value":7917},{"Length":91,"Height":31,"Demand":0,"DemandMax":3,"Value":5642},{"Length":8,"Height":79,"Demand":0,"DemandMax":3,"Value":632},{"Length":76,"Height":38,"Demand":0,"DemandMax":3,"Value":5776},{"Length":76,"Height":25,"Demand":0,"DemandMax":3,"Value":1900},{"Length":31,"Height":78,"Demand":0,"DemandMax":3,"Value":2418},{"Length":84,"Height":48,"Demand":0,"DemandMax":3,"Value":8064},{"Length":43,"Height":87,"Demand":0,"DemandMax":3,"Value":7482},{"Length":21,"Height":96,"Demand":0,"DemandMax":3,"Value":4032},{"Length":81,"Height":38,"Demand":0,"DemandMax":3,"Value":9234},{"Length":91,"Height":57,"Demand":0,"DemandMax":3,"Value":5187},{"Length":9,"Height":7,"Demand":0,"DemandMax":3,"Value":126},{"Length":3,"Height":42,"Demand":0,"DemandMax":3,"Value":378},{"Length":25,"Height":30,"Demand":0,"DemandMax":3,"Value":1500},{"Length":20,"Height":34,"Demand":0,"DemandMax":3,"Value":2040},{"Length":2,"Height":13,"Demand":0,"DemandMax":3,"Value":78},{"Length":7,"Height":88,"Demand":0,"DemandMax":3,"Value":1848},{"Length":91,"Height":39,"Demand":0,"DemandMax":3,"Value":10647},{"Length":98,"Height":40,"Demand":0,"DemandMax":3,"Value":3920},{"Length":98,"Height":37,"Demand":0,"DemandMax":3,"Value":7252},{"Length":7,"Height":7,"Demand":0,"DemandMax":3,"Value":98},{"Length":79,"Height":4,"Demand":0,"DemandMax":3,"Value":316},{"Length":12,"Height":97,"Demand":0,"DemandMax":3,"Value":1164},{"Length":37,"Height":80,"Demand":0,"DemandMax":3,"Value":8880},{"Length":30,"Height":33,"Demand":0,"DemandMax":3,"Value":2970},{"Length":13,"Height":35,"Demand":0,"DemandMax":3,"Value":910},{"Length":40,"Height":98,"Demand":0,"DemandMax":3,"Value":3920},{"Length":42,"Height":18,"Demand":0,"DemandMax":3,"Value":756},{"Length":40,"Height":4,"Demand":0,"DemandMax":3,"Value":320},{"Length":76,"Height":10,"Demand":0,"DemandMax":3,"Value":760},{"Length":87,"Height":98,"Demand":0,"DemandMax":3,"Value":17052},{"Length":34,"Height":28,"Demand":0,"DemandMax":3,"Value":2856},{"Length":81,"Height":64,"Demand":0,"DemandMax":3,"Value":5184},{"Length":43,"Height":19,"Demand":0,"DemandMax":3,"Value":2451},{"Length":37,"Height":7,"Demand":0,"DemandMax":3,"Value":259},{"Length":46,"Height":13,"Demand":0,"DemandMax":3,"Value":1196},{"Length":29,"Height":99,"Demand":0,"DemandMax":3,"Value":2871},{"Length":37,"Height":83,"Demand":0,"DemandMax":6,"Value":6142},{"Length":41,"Height":42,"Demand":0,"DemandMax":3,"Value":1722},{"Length":96,"Height":8,"Demand":0,"DemandMax":3,"Value":1536},{"Length":45,"Height":97,"Demand":0,"DemandMax":3,"Value":8730},{"Length":42,"Height":35,"Demand":0,"DemandMax":3,"Value":2940},{"Length":52,"Height":88,"Demand":0,"DemandMax":3,"Value":13728},{"Length":5,"Height":23,"Demand":0,"DemandMax":3,"Value":115},{"Length":18,"Height":87,"Demand":0,"DemandMax":3,"Value":1566},{"Length":29,"Height":41,"Demand":0,"DemandMax":3,"Value":1189},{"Length":55,"Height":57,"Demand":0,"DemandMax":3,"Value":3135},{"Length":3,"Height":80,"Demand":0,"DemandMax":3,"Value":240},{"Length":88,"Height":33,"Demand":0,"DemandMax":3,"Value":5808},{"Length":84,"Height":24,"Demand":0,"DemandMax":3,"Value":6048},{"Length":32,"Height":23,"Demand":0,"DemandMax":3,"Value":736},{"Length":9,"Height":99,"Demand":0,"DemandMax":3,"Value":1782},{"Length":84,"Height":27,"Demand":0,"DemandMax":3,"Value":6804},{"Length":26,"Height":47,"Demand":0,"DemandMax":3,"Value":2444},{"Length":97,"Height":62,"Demand":0,"DemandMax":3,"Value":6014},{"Length":37,"Height":78,"Demand":0,"DemandMax":3,"Value":8658},{"Length":86,"Height":4,"Demand":0,"DemandMax":3,"Value":688},{"Length":62,"Height":56,"Demand":0,"DemandMax":3,"Value":10416},{"Length":6,"Height":19,"Demand":0,"DemandMax":3,"Value":228},{"Length":12,"Height":82,"Demand":0,"DemandMax":3,"Value":1968},{"Length":62,"Height":96,"Demand":0,"DemandMax":3,"Value":5952},{"Length":13,"Height":29,"Demand":0,"DemandMax":3,"Value":1131},{"Length":82,"Height":30,"Demand":0,"DemandMax":3,"Value":2460},{"Length":87,"Height":72,"Demand":0,"DemandMax":3,"Value":18792},{"Length":81,"Height":89,"Demand":0,"DemandMax":3,"Value":21627},{"Length":99,"Height":8,"Demand":0,"DemandMax":3,"Value":792},{"Length":54,"Height":79,"Demand":0,"DemandMax":3,"Value":4266},{"Length":48,"Height":30,"Demand":0,"DemandMax":3,"Value":1440},{"Length":30,"Height":3,"Demand":0,"DemandMax":3,"Value":270},{"Length":4,"Height":9,"Demand":0,"DemandMax":3,"Value":108},{"Length":81,"Height":27,"Demand":0,"DemandMax":3,"Value":4374},{"Length":87,"Height":51,"Demand":0,"DemandMax":3,"Value":4437},{"Length":2,"Height":17,"Demand":0,"DemandMax":3,"Value":102},{"Length":89,"Height":24,"Demand":0,"DemandMax":3,"Value":4272},{"Length":97,"Height":7,"Demand":0,"DemandMax":6,"Value":2037},{"Length":37,"Height":5,"Demand":0,"DemandMax":3,"Value":185},{"Length":46,"Height":4,"Demand":0,"DemandMax":3,"Value":552},{"Length":8,"Height":25,"Demand":0,"DemandMax":3,"Value":200},{"Length":82,"Height":11,"Demand":0,"DemandMax":3,"Value":2706},{"Length":85,"Height":75,"Demand":0,"DemandMax":3,"Value":19125},{"Length":79,"Height":86,"Demand":0,"DemandMax":3,"Value":13588},{"Length":19,"Height":85,"Demand":0,"DemandMax":3,"Value":3230},{"Length":24,"Height":17,"Demand":0,"DemandMax":3,"Value":816},{"Length":63,"Height":54,"Demand":0,"DemandMax":3,"Value":10206},{"Length":34,"Height":21,"Demand":0,"DemandMax":3,"Value":2142},{"Length":3,"Height":3,"Demand":0,"DemandMax":3,"Value":27},{"Length":6,"Height":15,"Demand":0,"DemandMax":3,"Value":90},{"Length":41,"Height":8,"Demand":0,"DemandMax":3,"Value":984},{"Length":37,"Height":38,"Demand":0,"DemandMax":3,"Value":4218},{"Length":42,"Height":43,"Demand":0,"DemandMax":3,"Value":5418},{"Length":24,"Height":7,"Demand":0,"DemandMax":3,"Value":504},{"Length":99,"Height":61,"Demand":0,"DemandMax":3,"Value":6039},{"Length":77,"Height":49,"Demand":0,"DemandMax":3,"Value":7546},{"Length":90,"Height":58,"Demand":0,"DemandMax":3,"Value":10440},{"Length":79,"Height":37,"Demand":0,"DemandMax":3,"Value":5846},{"Length":77,"Height":10,"Demand":0,"DemandMax":3,"Value":2310},{"Length":85,"Height":80,"Demand":0,"DemandMax":3,"Value":20400},{"Length":38,"Height":3,"Demand":0,"DemandMax":3,"Value":342},{"Length":83,"Height":71,"Demand":0,"DemandMax":3,"Value":5893},{"Length":45,"Height":47,"Demand":0,"DemandMax":3,"Value":6345},{"Length":42,"Height":89,"Demand":0,"DemandMax":3,"Value":3738},{"Length":61,"Height":78,"Demand":0,"DemandMax":3,"Value":9516},{"Length":21,"Height":13,"Demand":0,"DemandMax":3,"Value":819},{"Length":86,"Height":32,"Demand":0,"DemandMax":3,"Value":2752},{"Length":77,"Height":77,"Demand":0,"DemandMax":3,"Value":17787},{"Length":10,"Height":12,"Demand":0,"DemandMax":3,"Value":240},{"Length":23,"Height":50,"Demand":0,"DemandMax":3,"Value":3450},{"Length":6,"Height":89,"Demand":0,"DemandMax":3,"Value":1602},{"Length":21,"Height":15,"Demand":0,"DemandMax":3,"Value":945},{"Length":17,"Height":85,"Demand":0,"DemandMax":3,"Value":2890},{"Length":48,"Height":17,"Demand":0,"DemandMax":3,"Value":816},{"Length":92,"Height":8,"Demand":0,"DemandMax":3,"Value":736},{"Length":16,"Height":78,"Demand":0,"DemandMax":6,"Value":3744},{"Length":87,"Height":3,"Demand":0,"DemandMax":3,"Value":783},{"Length":61,"Height":99,"Demand":0,"DemandMax":3,"Value":12078},{"Length":91,"Height":26,"Demand":0,"DemandMax":3,"Value":7098},{"Length":49,"Height":20,"Demand":0,"DemandMax":3,"Value":980},{"Length":32,"Height":6,"Demand":0,"DemandMax":3,"Value":384},{"Length":84,"Height":47,"Demand":0,"DemandMax":3,"Value":3948},{"Length":13,"Height":33,"Demand":0,"DemandMax":6,"Value":1287},{"Length":15,"Height":4,"Demand":0,"DemandMax":3,"Value":180},{"Length":60,"Height":77,"Demand":0,"DemandMax":3,"Value":9240},{"Length":40,"Height":92,"Demand":0,"DemandMax":3,"Value":3680},{"Length":23,"Height":6,"Demand":0,"DemandMax":3,"Value":276},{"Length":10,"Height":97,"Demand":0,"DemandMax":3,"Value":1940},{"Length":50,"Height":42,"Demand":0,"DemandMax":3,"Value":4200},{"Length":9,"Height":92,"Demand":0,"DemandMax":3,"Value":2484},{"Length":37,"Height":10,"Demand":0,"DemandMax":3,"Value":740},{"Length":28,"Height":77,"Demand":0,"DemandMax":3,"Value":6468},{"Length":10,"Height":24,"Demand":0,"DemandMax":3,"Value":480},{"Length":65,"Height":57,"Demand":0,"DemandMax":3,"Value":3705},{"Length":58,"Height":58,"Demand":0,"DemandMax":3,"Value":6728},{"Length":49,"Height":6,"Demand":0,"DemandMax":3,"Value":294},{"Length":77,"Height":15,"Demand":0,"DemandMax":3,"Value":2310},{"Length":5,"Height":37,"Demand":0,"DemandMax":3,"Value":555},{"Length":25,"Height":41,"Demand":0,"DemandMax":3,"Value":3075},{"Length":44,"Height":40,"Demand":0,"DemandMax":3,"Value":1760},{"Length":21,"Height":83,"Demand":0,"DemandMax":3,"Value":1743},{"Length":44,"Height":78,"Demand":0,"DemandMax":3,"Value":6864},{"Length":44,"Height":7,"Demand":0,"DemandMax":3,"Value":924},{"Length":44,"Height":22,"Demand":0,"DemandMax":3,"Value":2904},{"Length":87,"Height":48,"Demand":0,"DemandMax":3,"Value":4176},{"Length":97,"Height":63,"Demand":0,"DemandMax":3,"Value":6111},{"Length":39,"Height":79,"Demand":0,"DemandMax":3,"Value":6162},{"Length":90,"Height":41,"Demand":0,"DemandMax":3,"Value":11070},{"Length":9,"Height":18,"Demand":0,"DemandMax":3,"Value":162},{"Length":90,"Height":17,"Demand":0,"DemandMax":3,"Value":4590},{"Length":34,"Height":91,"Demand":0,"DemandMax":3,"Value":9282},{"Length":13,"Height":27,"Demand":0,"DemandMax":3,"Value":351},{"Length":6,"Height":17,"Demand":0,"DemandMax":3,"Value":306},{"Length":42,"Height":21,"Demand":0,"DemandMax":3,"Value":882},{"Length":33,"Height":38,"Demand":0,"DemandMax":3,"Value":2508},{"Length":87,"Height":25,"Demand":0,"DemandMax":3,"Value":6525},{"Length":6,"Height":23,"Demand":0,"DemandMax":3,"Value":414},{"Length":95,"Height":53,"Demand":0,"DemandMax":3,"Value":5035},{"Length":9,"Height":8,"Demand":0,"DemandMax":3,"Value":216},{"Length":41,"Height":30,"Demand":0,"DemandMax":3,"Value":1230},{"Length":53,"Height":63,"Demand":0,"DemandMax":3,"Value":10017},{"Length":44,"Height":84,"Demand":0,"DemandMax":3,"Value":3696},{"Length":100,"Height":34,"Demand":0,"DemandMax":3,"Value":10200},{"Length":50,"Height":84,"Demand":0,"DemandMax":3,"Value":12600},{"Length":31,"Height":95,"Demand":0,"DemandMax":3,"Value":2945},{"Length":93,"Height":42,"Demand":0,"DemandMax":3,"Value":11718},{"Length":53,"Height":73,"Demand":0,"DemandMax":3,"Value":11607},{"Length":80,"Height":95,"Demand":0,"DemandMax":3,"Value":22800},{"Length":92,"Height":27,"Demand":0,"DemandMax":3,"Value":7452},{"Length":62,"Height":80,"Demand":0,"DemandMax":3,"Value":4960},{"Length":34,"Height":85,"Demand":0,"DemandMax":3,"Value":2890},{"Length":37,"Height":47,"Demand":0,"DemandMax":3,"Value":1739},{"Length":42,"Height":23,"Demand":0,"DemandMax":3,"Value":1932},{"Length":66,"Height":70,"Demand":0,"DemandMax":3,"Value":4620},{"Length":49,"Height":29,"Demand":0,"DemandMax":3,"Value":2842},{"Length":12,"Height":30,"Demand":0,"DemandMax":3,"Value":360},{"Length":52,"Height":95,"Demand":0,"DemandMax":3,"Value":4940},{"Length":45,"Height":43,"Demand":0,"DemandMax":3,"Value":1935},{"Length":84,"Height":32,"Demand":0,"DemandMax":3,"Value":5376},{"Length":86,"Height":85,"Demand":0,"DemandMax":3,"Value":21930},{"Length":16,"Height":34,"Demand":0,"DemandMax":3,"Value":1632},{"Length":30,"Height":17,"Demand":0,"DemandMax":3,"Value":1530},{"Length":50,"Height":85,"Demand":0,"DemandMax":3,"Value":4250},{"Length":89,"Height":20,"Demand":0,"DemandMax":3,"Value":5340},{"Length":31,"Height":33,"Demand":0,"DemandMax":3,"Value":1023},{"Length":17,"Height":80,"Demand":0,"DemandMax":3,"Value":4080},{"Length":38,"Height":9,"Demand":0,"DemandMax":3,"Value":1026},{"Length":78,"Height":35,"Demand":0,"DemandMax":3,"Value":5460},{"Length":45,"Height":5,"Demand":0,"DemandMax":3,"Value":450},{"Length":6,"Height":28,"Demand":0,"DemandMax":3,"Value":336},{"Length":25,"Height":48,"Demand":0,"DemandMax":3,"Value":1200},{"Length":44,"Height":19,"Demand":0,"DemandMax":3,"Value":836},{"Length":25,"Height":5,"Demand":0,"DemandMax":3,"Value":375},{"Length":36,"Height":97,"Demand":0,"DemandMax":3,"Value":10476},{"Length":44,"Height":80,"Demand":0,"DemandMax":3,"Value":7040},{"Length":10,"Height":12,"Demand":0,"DemandMax":3,"Value":120},{"Length":39,"Height":24,"Demand":0,"DemandMax":3,"Value":936},{"Length":30,"Height":5,"Demand":0,"DemandMax":3,"Value":150},{"Length":7,"Height":37,"Demand":0,"DemandMax":3,"Value":777},{"Length":77,"Height":92,"Demand":0,"DemandMax":3,"Value":14168},{"Length":6,"Height":18,"Demand":0,"DemandMax":3,"Value":108},{"Length":32,"Height":90,"Demand":0,"DemandMax":3,"Value":8640},{"Length":18,"Height":35,"Demand":0,"DemandMax":3,"Value":630},{"Length":11,"Height":77,"Demand":0,"DemandMax":3,"Value":1694},{"Length":7,"Height":81,"Demand":0,"DemandMax":3,"Value":567},{"Length":16,"Height":20,"Demand":0,"DemandMax":3,"Value":640},{"Length":47,"Height":2,"Demand":0,"DemandMax":3,"Value":282},{"Length":60,"Height":66,"Demand":0,"DemandMax":3,"Value":7920},{"Length":86,"Height":19,"Demand":0,"DemandMax":3,"Value":3268},{"Length":5,"Height":93,"Demand":0,"DemandMax":3,"Value":930},{"Length":39,"Height":25,"Demand":0,"DemandMax":3,"Value":1950},{"Length":3,"Height":79,"Demand":0,"DemandMax":3,"Value":474},{"Length":37,"Height":4,"Demand":0,"DemandMax":3,"Value":296},{"Length":92,"Height":43,"Demand":0,"DemandMax":3,"Value":11868},{"Length":7,"Height":45,"Demand":0,"DemandMax":3,"Value":945},{"Length":50,"Height":19,"Demand":0,"DemandMax":3,"Value":2850},{"Length":22,"Height":25,"Demand":0,"DemandMax":3,"Value":1650},{"Length":95,"Height":49,"Demand":0,"DemandMax":3,"Value":9310},{"Length":49,"Height":41,"Demand":0,"DemandMax":3,"Value":6027},{"Length":87,"Height":90,"Demand":0,"DemandMax":3,"Value":15660},{"Length":48,"Height":93,"Demand":0,"DemandMax":3,"Value":8928},{"Length":100,"Height":48,"Demand":0,"DemandMax":3,"Value":4800},{"Length":28,"Height":2,"Demand":0,"DemandMax":3,"Value":168},{"Length":37,"Height":49,"Demand":0,"DemandMax":3,"Value":1813},{"Length":9,"Height":40,"Demand":0,"DemandMax":3,"Value":1080},{"Length":89,"Height":84,"Demand":0,"DemandMax":3,"Value":14952},{"Length":36,"Height":24,"Demand":0,"DemandMax":3,"Value":864},{"Length":93,"Height":19,"Demand":0,"DemandMax":3,"Value":1767},{"Length":39,"Height":43,"Demand":0,"DemandMax":6,"Value":3354},{"Length":28,"Height":10,"Demand":0,"DemandMax":3,"Value":560},{"Length":48,"Height":45,"Demand":0,"DemandMax":3,"Value":2160},{"Length":23,"Height":88,"Demand":0,"DemandMax":3,"Value":2024},{"Length":15,"Height":18,"Demand":0,"DemandMax":3,"Value":540},{"Length":20,"Height":93,"Demand":0,"DemandMax":3,"Value":3720},{"Length":83,"Height":56,"Demand":0,"DemandMax":3,"Value":9296},{"Length":13,"Height":98,"Demand":0,"DemandMax":3,"Value":2548},{"Length":11,"Height":39,"Demand":0,"DemandMax":3,"Value":429},{"Length":20,"Height":90,"Demand":0,"DemandMax":3,"Value":3600},{"Length":23,"Height":5,"Demand":0,"DemandMax":6,"Value":345},{"Length":18,"Height":3,"Demand":0,"DemandMax":3,"Value":108},{"Length":9,"Height":96,"Demand":0,"DemandMax":3,"Value":1728},{"Length":61,"Height":75,"Demand":0,"DemandMax":3,"Value":9150},{"Length":5,"Height":50,"Demand":0,"DemandMax":3,"Value":750},{"Length":91,"Height":15,"Demand":0,"DemandMax":3,"Value":2730},{"Length":96,"Height":33,"Demand":0,"DemandMax":3,"Value":9504},{"Length":71,"Height":96,"Demand":0,"DemandMax":3,"Value":20448},{"Length":6,"Height":13,"Demand":0,"DemandMax":3,"Value":156},{"Length":8,"Height":16,"Demand":0,"DemandMax":3,"Value":256},{"Length":54,"Height":82,"Demand":0,"DemandMax":3,"Value":4428},{"Length":42,"Height":90,"Demand":0,"DemandMax":3,"Value":11340},{"Length":81,"Height":20,"Demand":0,"DemandMax":3,"Value":4860},{"Length":2,"Height":94,"Demand":0,"DemandMax":3,"Value":564},{"Length":30,"Height":47,"Demand":0,"DemandMax":3,"Value":4230},{"Length":96,"Height":4,"Demand":0,"DemandMax":3,"Value":1152},{"Length":38,"Height":80,"Demand":0,"DemandMax":3,"Value":9120},{"Length":21,"Height":96,"Demand":0,"DemandMax":3,"Value":2016},{"Length":4,"Height":96,"Demand":0,"DemandMax":3,"Value":384},{"Length":6,"Height":2,"Demand":0,"DemandMax":3,"Value":24},{"Length":72,"Height":90,"Demand":0,"DemandMax":3,"Value":12960},{"Length":88,"Height":5,"Demand":0,"DemandMax":3,"Value":1320},{"Length":98,"Height":98,"Demand":0,"DemandMax":3,"Value":9604},{"Length":96,"Height":25,"Demand":0,"DemandMax":3,"Value":4800},{"Length":23,"Height":13,"Demand":0,"DemandMax":3,"Value":897},{"Length":24,"Height":46,"Demand":0,"DemandMax":3,"Value":3312},{"Length":87,"Height":27,"Demand":0,"DemandMax":3,"Value":4698},{"Length":2,"Height":79,"Demand":0,"DemandMax":3,"Value":158},{"Length":61,"Height":76,"Demand":0,"DemandMax":3,"Value":13908},{"Length":38,"Height":80,"Demand":0,"DemandMax":3,"Value":6080},{"Length":72,"Height":94,"Demand":0,"DemandMax":3,"Value":6768},{"Length":48,"Height":47,"Demand":0,"DemandMax":3,"Value":4512},{"Length":10,"Height":99,"Demand":0,"DemandMax":3,"Value":990},{"Length":61,"Height":86,"Demand":0,"DemandMax":3,"Value":5246},{"Length":83,"Height":19,"Demand":0,"DemandMax":3,"Value":4731},{"Length":38,"Height":82,"Demand":0,"DemandMax":3,"Value":6232},{"Length":2,"Height":79,"Demand":0,"DemandMax":3,"Value":316},{"Length":32,"Height":16,"Demand":0,"DemandMax":3,"Value":1536},{"Length":13,"Height":7,"Demand":0,"DemandMax":3,"Value":182},{"Length":83,"Height":28,"Demand":0,"DemandMax":3,"Value":4648},{"Length":50,"Height":30,"Demand":0,"DemandMax":3,"Value":4500},{"Length":83,"Height":6,"Demand":0,"DemandMax":3,"Value":996},{"Length":14,"Height":94,"Demand":0,"DemandMax":3,"Value":3948},{"Length":48,"Height":93,"Demand":0,"DemandMax":3,"Value":4464},{"Length":9,"Height":4,"Demand":0,"DemandMax":3,"Value":108},{"Length":99,"Height":48,"Demand":0,"DemandMax":3,"Value":4752},{"Length":94,"Height":14,"Demand":0,"DemandMax":3,"Value":2632},{"Length":60,"Height":61,"Demand":0,"DemandMax":3,"Value":10980},{"Length":24,"Height":36,"Demand":0,"DemandMax":3,"Value":1728},{"Length":37,"Height":23,"Demand":0,"DemandMax":3,"Value":2553},{"Length":27,"Height":3,"Demand":0,"DemandMax":3,"Value":81},{"Length":93,"Height":81,"Demand":0,"DemandMax":3,"Value":15066},{"Length":49,"Height":82,"Demand":0,"DemandMax":3,"Value":8036},{"Length":17,"Height":100,"Demand":0,"DemandMax":3,"Value":3400},{"Length":89,"Height":32,"Demand":0,"DemandMax":3,"Value":2848},{"Length":27,"Height":87,"Demand":0,"DemandMax":3,"Value":2349},{"Length":43,"Height":95,"Demand":0,"DemandMax":3,"Value":12255},{"Length":9,"Height":79,"Demand":0,"DemandMax":3,"Value":2133},{"Length":7,"Height":36,"Demand":0,"DemandMax":3,"Value":756},{"Length":42,"Height":10,"Demand":0,"DemandMax":3,"Value":1260},{"Length":96,"Height":3,"Demand":0,"DemandMax":3,"Value":864},{"Length":98,"Height":69,"Demand":0,"DemandMax":3,"Value":13524},{"Length":86,"Height":21,"Demand":0,"DemandMax":3,"Value":1806},{"Length":50,"Height":78,"Demand":0,"DemandMax":3,"Value":3900},{"Length":51,"Height":83,"Demand":0,"DemandMax":3,"Value":8466},{"Length":36,"Height":77,"Demand":0,"DemandMax":3,"Value":8316},{"Length":71,"Height":72,"Demand":0,"DemandMax":3,"Value":10224},{"Length":85,"Height":22,"Demand":0,"DemandMax":3,"Value":5610},{"Length":28,"Height":50,"Demand":0,"DemandMax":3,"Value":4200},{"Length":100,"Height":98,"Demand":0,"DemandMax":3,"Value":9800},{"Length":89,"Height":8,"Demand":0,"DemandMax":3,"Value":1424},{"Length":83,"Height":33,"Demand":0,"DemandMax":3,"Value":2739},{"Length":36,"Height":39,"Demand":0,"DemandMax":3,"Value":4212},{"Length":26,"Height":83,"Demand":0,"DemandMax":3,"Value":2158},{"Length":23,"Height":24,"Demand":0,"DemandMax":3,"Value":1104},{"Length":46,"Height":31,"Demand":0,"DemandMax":3,"Value":2852},{"Length":14,"Height":41,"Demand":0,"DemandMax":3,"Value":574},{"Length":88,"Height":45,"Demand":0,"DemandMax":3,"Value":11880},{"Length":21,"Height":28,"Demand":0,"DemandMax":3,"Value":1176},{"Length":12,"Height":42,"Demand":0,"DemandMax":3,"Value":1008},{"Length":67,"Height":54,"Demand":0,"DemandMax":3,"Value":10854},{"Length":33,"Height":47,"Demand":0,"DemandMax":3,"Value":4653},{"Length":55,"Height":88,"Demand":0,"DemandMax":3,"Value":4840},{"Length":41,"Height":26,"Demand":0,"DemandMax":3,"Value":3198},{"Length":34,"Height":12,"Demand":0,"DemandMax":3,"Value":816},{"Length":29,"Height":38,"Demand":0,"DemandMax":3,"Value":3306},{"Length":10,"Height":23,"Demand":0,"DemandMax":3,"Value":230},{"Length":17,"Height":3,"Demand":0,"DemandMax":3,"Value":153},{"Length":93,"Height":82,"Demand":0,"DemandMax":3,"Value":15252},{"Length":36,"Height":48,"Demand":0,"DemandMax":3,"Value":3456},{"Length":22,"Height":20,"Demand":0,"DemandMax":3,"Value":1320},{"Length":10,"Height":5,"Demand":0,"DemandMax":3,"Value":100},{"Length":93,"Height":50,"Demand":0,"DemandMax":3,"Value":4650},{"Length":61,"Height":72,"Demand":0,"DemandMax":3,"Value":4392},{"Length":24,"Height":81,"Demand":0,"DemandMax":3,"Value":3888},{"Length":62,"Height":56,"Demand":0,"DemandMax":3,"Value":6944},{"Length":41,"Height":6,"Demand":0,"DemandMax":3,"Value":246},{"Length":77,"Height":4,"Demand":0,"DemandMax":3,"Value":616},{"Length":81,"Height":58,"Demand":0,"DemandMax":3,"Value":14094},{"Length":5,"Height":76,"Demand":0,"DemandMax":3,"Value":380},{"Length":95,"Height":84,"Demand":0,"DemandMax":3,"Value":23940},{"Length":19,"Height":5,"Demand":0,"DemandMax":3,"Value":95},{"Length":82,"Height":8,"Demand":0,"DemandMax":3,"Value":1968},{"Length":100,"Height":37,"Demand":0,"DemandMax":3,"Value":7400},{"Length":100,"Height":20,"Demand":0,"DemandMax":3,"Value":2000},{"Length":78,"Height":30,"Demand":0,"DemandMax":3,"Value":4680},{"Length":91,"Height":93,"Demand":0,"DemandMax":3,"Value":25389},{"Length":5,"Height":3,"Demand":0,"DemandMax":3,"Value":15},{"Length":3,"Height":40,"Demand":0,"DemandMax":3,"Value":120},{"Length":85,"Height":43,"Demand":0,"DemandMax":3,"Value":10965},{"Length":25,"Height":41,"Demand":0,"DemandMax":3,"Value":2050},{"Length":24,"Height":83,"Demand":0,"DemandMax":3,"Value":1992},{"Length":33,"Height":36,"Demand":0,"DemandMax":3,"Value":3564},{"Length":37,"Height":85,"Demand":0,"DemandMax":3,"Value":6290},{"Length":21,"Height":86,"Demand":0,"DemandMax":3,"Value":5418},{"Length":89,"Height":4,"Demand":0,"DemandMax":3,"Value":356},{"Length":52,"Height":76,"Demand":0,"DemandMax":3,"Value":11856},{"Length":14,"Height":90,"Demand":0,"DemandMax":3,"Value":1260},{"Length":77,"Height":34,"Demand":0,"DemandMax":3,"Value":2618},{"Length":16,"Height":93,"Demand":0,"DemandMax":3,"Value":1488},{"Length":55,"Height":93,"Demand":0,"DemandMax":3,"Value":10230},{"Length":65,"Height":64,"Demand":0,"DemandMax":3,"Value":4160},{"Length":23,"Height":35,"Demand":0,"DemandMax":3,"Value":1610},{"Length":78,"Height":83,"Demand":0,"DemandMax":3,"Value":6474},{"Length":29,"Height":10,"Demand":0,"DemandMax":3,"Value":290},{"Length":84,"Height":87,"Demand":0,"DemandMax":3,"Value":14616},{"Length":89,"Height":25,"Demand":0,"DemandMax":3,"Value":4450},{"Length":24,"Height":5,"Demand":0,"DemandMax":3,"Value":240},{"Length":87,"Height":9,"Demand":0,"DemandMax":3,"Value":1566},{"Length":16,"Height":11,"Demand":0,"DemandMax":3,"Value":528},{"Length":24,"Height":94,"Demand":0,"DemandMax":3,"Value":6768},{"Length":87,"Height":6,"Demand":0,"DemandMax":3,"Value":522},{"Length":12,"Height":29,"Demand":0,"DemandMax":3,"Value":696},{"Length":14,"Height":29,"Demand":0,"DemandMax":3,"Value":812},{"Length":91,"Height":48,"Demand":0,"DemandMax":3,"Value":8736},{"Length":27,"Height":84,"Demand":0,"DemandMax":3,"Value":4536},{"Length":52,"Height":80,"Demand":0,"DemandMax":3,"Value":8320},{"Length":60,"Height":60,"Demand":0,"DemandMax":3,"Value":10800},{"Length":26,"Height":87,"Demand":0,"DemandMax":3,"Value":4524},{"Length":11,"Height":5,"Demand":0,"DemandMax":3,"Value":110},{"Length":31,"Height":41,"Demand":0,"DemandMax":3,"Value":2542},{"Length":93,"Height":98,"Demand":0,"DemandMax":3,"Value":27342},{"Length":43,"Height":85,"Demand":0,"DemandMax":3,"Value":7310},{"Length":64,"Height":93,"Demand":0,"DemandMax":3,"Value":17856},{"Length":17,"Height":83,"Demand":0,"DemandMax":3,"Value":1411},{"Length":2,"Height":80,"Demand":0,"DemandMax":3,"Value":480},{"Length":38,"Height":98,"Demand":0,"DemandMax":3,"Value":11172},{"Length":13,"Height":48,"Demand":0,"DemandMax":3,"Value":624},{"Length":98,"Height":9,"Demand":0,"DemandMax":3,"Value":882},{"Length":86,"Height":91,"Demand":0,"DemandMax":3,"Value":7826},{"Length":8,"Height":35,"Demand":0,"DemandMax":3,"Value":280},{"Length":76,"Height":48,"Demand":0,"DemandMax":3,"Value":7296},{"Length":52,"Height":64,"Demand":0,"DemandMax":3,"Value":9984},{"Length":41,"Height":34,"Demand":0,"DemandMax":3,"Value":4182},{"Length":38,"Height":45,"Demand":0,"DemandMax":3,"Value":3420},{"Length":21,"Height":49,"Demand":0,"DemandMax":3,"Value":2058},{"Length":43,"Height":99,"Demand":0,"DemandMax":3,"Value":8514},{"Length":47,"Height":10,"Demand":0,"DemandMax":3,"Value":1410},{"Length":19,"Height":100,"Demand":0,"DemandMax":3,"Value":3800},{"Length":29,"Height":26,"Demand":0,"DemandMax":3,"Value":1508},{"Length":3,"Height":12,"Demand":0,"DemandMax":3,"Value":108},{"Length":17,"Height":44,"Demand":0,"DemandMax":3,"Value":1496},{"Length":94,"Height":15,"Demand":0,"DemandMax":3,"Value":4230},{"Length":37,"Height":17,"Demand":0,"DemandMax":3,"Value":1258},{"Length":22,"Height":35,"Demand":0,"DemandMax":3,"Value":2310},{"Length":36,"Height":28,"Demand":0,"DemandMax":3,"Value":3024},{"Length":19,"Height":50,"Demand":0,"DemandMax":3,"Value":950},{"Length":24,"Height":36,"Demand":0,"DemandMax":3,"Value":2592},{"Length":18,"Height":10,"Demand":0,"DemandMax":3,"Value":180},{"Length":8,"Height":82,"Demand":0,"DemandMax":3,"Value":1968},{"Length":81,"Height":47,"Demand":0,"DemandMax":3,"Value":3807},{"Length":18,"Height":24,"Demand":0,"DemandMax":3,"Value":432},{"Length":73,"Height":95,"Demand":0,"DemandMax":3,"Value":20805},{"Length":19,"Height":14,"Demand":0,"DemandMax":3,"Value":266},{"Length":81,"Height":39,"Demand":0,"DemandMax":3,"Value":3159},{"Length":98,"Height":16,"Demand":0,"DemandMax":3,"Value":3136},{"Length":91,"Height":28,"Demand":0,"DemandMax":3,"Value":5096},{"Length":2,"Height":40,"Demand":0,"DemandMax":3,"Value":160},{"Length":34,"Height":26,"Demand":0,"DemandMax":3,"Value":2652},{"Length":100,"Height":68,"Demand":0,"DemandMax":3,"Value":6800},{"Length":12,"Height":41,"Demand":0,"DemandMax":3,"Value":1476},{"Length":98,"Height":41,"Demand":0,"DemandMax":3,"Value":8036},{"Length":96,"Height":9,"Demand":0,"DemandMax":3,"Value":864},{"Length":88,"Height":77,"Demand":0,"DemandMax":3,"Value":13552},{"Length":75,"Height":60,"Demand":0,"DemandMax":3,"Value":4500},{"Length":19,"Height":90,"Demand":0,"DemandMax":3,"Value":3420},{"Length":18,"Height":12,"Demand":0,"DemandMax":3,"Value":432},{"Length":16,"Height":21,"Demand":0,"DemandMax":3,"Value":1008},{"Length":99,"Height":86,"Demand":0,"DemandMax":3,"Value":17028},{"Length":59,"Height":93,"Demand":0,"DemandMax":3,"Value":5487},{"Length":7,"Height":93,"Demand":0,"DemandMax":3,"Value":651},{"Length":22,"Height":5,"Demand":0,"DemandMax":3,"Value":330},{"Length":68,"Height":56,"Demand":0,"DemandMax":3,"Value":7616},{"Length":16,"Height":100,"Demand":0,"DemandMax":3,"Value":4800},{"Length":41,"Height":43,"Demand":0,"DemandMax":3,"Value":3526},{"Length":15,"Height":43,"Demand":0,"DemandMax":3,"Value":1290},{"Length":20,"Height":40,"Demand":0,"DemandMax":3,"Value":1600},{"Length":36,"Height":49,"Demand":0,"DemandMax":3,"Value":5292},{"Length":43,"Height":94,"Demand":0,"DemandMax":3,"Value":8084},{"Length":56,"Height":80,"Demand":0,"DemandMax":3,"Value":8960},{"Length":91,"Height":100,"Demand":0,"DemandMax":3,"Value":27300},{"Length":91,"Height":40,"Demand":0,"DemandMax":3,"Value":10920},{"Length":32,"Height":12,"Demand":0,"DemandMax":3,"Value":384},{"Length":79,"Height":22,"Demand":0,"DemandMax":3,"Value":3476},{"Length":41,"Height":13,"Demand":0,"DemandMax":3,"Value":533},{"Length":78,"Height":8,"Demand":0,"DemandMax":3,"Value":1872},{"Length":38,"Height":50,"Demand":0,"DemandMax":3,"Value":3800},{"Length":40,"Height":17,"Demand":0,"DemandMax":3,"Value":1360},{"Length":85,"Height":44,"Demand":0,"DemandMax":3,"Value":11220},{"Length":86,"Height":17,"Demand":0,"DemandMax":3,"Value":2924},{"Length":53,"Height":64,"Demand":0,"DemandMax":3,"Value":6784},{"Length":19,"Height":42,"Demand":0,"DemandMax":3,"Value":2394},{"Length":38,"Height":8,"Demand":0,"DemandMax":3,"Value":608},{"Length":8,"Height":96,"Demand":0,"DemandMax":3,"Value":2304},{"Length":37,"Height":80,"Demand":0,"DemandMax":3,"Value":2960},{"Length":27,"Height":76,"Demand":0,"DemandMax":3,"Value":2052},{"Length":50,"Height":80,"Demand":0,"DemandMax":3,"Value":8000},{"Length":20,"Height":20,"Demand":0,"DemandMax":3,"Value":800},{"Length":44,"Height":100,"Demand":0,"DemandMax":3,"Value":8800},{"Length":23,"Height":96,"Demand":0,"DemandMax":3,"Value":4416},{"Length":19,"Height":23,"Demand":0,"DemandMax":3,"Value":437},{"Length":62,"Height":93,"Demand":0,"DemandMax":3,"Value":5766},{"Length":91,"Height":78,"Demand":0,"DemandMax":3,"Value":14196},{"Length":70,"Height":87,"Demand":0,"DemandMax":3,"Value":18270},{"Length":49,"Height":23,"Demand":0,"DemandMax":3,"Value":2254}]}