{"Name":"ngcutfs3_41","Objects":[{"Length":100,"Height":100,"Stock":null,"Cost":10000}],"Items":[{"Length":94,"Height":24,"Demand":0,"DemandMax":3,"Value":4512},{"Length":41,"Height":84,"Demand":0,"DemandMax":3,"Value":3444},{"Length":100,"Height":68,"Demand":0,"DemandMax":3,"Value":20400},{"Length":83,"Height":19,"Demand":0,"DemandMax":3,"Value":1577},{"Length":82,"Height":45,"Demand":0,"DemandMax":3,"Value":11070},{"Length":99,"Height":38,"Demand":0,"DemandMax":3,"Value":3762},{"Length":17,"Height":90,"Demand":0,"DemandMax":3,"Value":1530},{"Length":16,"Height":49,"Demand":0,"DemandMax":3,"Value":1568},{"Length":35,"Height":31,"Demand":0,"DemandMax":3,"Value":3255},{"Length":38,"Height":9,"Demand":0,"DemandMax":3,"Value":684},{"Length":15,"Height":14,"Demand":0,"DemandMax":3,"Value":630},{"Length":6,"Height":42,"Demand":0,"DemandMax":3,"Value":756},{"Length":70,"Height":88,"Demand":0,"DemandMax":3,"Value":6160},{"Length":10,"Height":10,"Demand":0,"DemandMax":3,"Value":300},{"Length":7,"Height":3,"Demand":0,"DemandMax":3,"Value":42},{"Length":92,"Height":93,"Demand":0,"DemandMax":3,"Value":8556},{"Length":43,"Height":42,"Demand":0,"DemandMax":3,"Value":5418},{"Length":31,"Height":26,"Demand":0,"DemandMax":3,"Value":806},{"Length":34,"Height":90,"Demand":0,"DemandMax":3,"Value":3060},{"Length":86,"Height":47,"Demand":0,"DemandMax":3,"Value":12126},{"Length":10,"Height":26,"Demand":0,"DemandMax":3,"Value":520},{"Length":40,"Height":10,"Demand":0,"DemandMax":3,"Value":800},{"Length":46,"Height":23,"Demand":0,"DemandMax":3,"Value":1058},{"Length":28,"Height":2,"Demand":0,"DemandMax":3,"Value":56},{"Length":9,"Height":37,"Demand":0,"DemandMax":3,"Value":333},{"Length":15,"Height":44,"Demand":0,"DemandMax":3,"Value":660},{"Length":44,"Height":10,"Demand":0,"DemandMax":3,"Value":880},{"Length":45,"Height":39,"Demand":0,"DemandMax":3,"Value":5265},{"Length":44,"Height":11,"Demand":0,"DemandMax":3,"Value":1452},{"Length":71,"Height":98,"Demand":0,"DemandMax":3,"Value":13916},{"Length":23,"Height":41,"Demand":0,"DemandMax":3,"Value":2829},{"Length":34,"Height":50,"Demand":0,"DemandMax":3,"Value":1700},{"Length":91,"Height":23,"Demand":0,"DemandMax":3,"Value":6279},{"Length":18,"Height":2,"Demand":0,"DemandMax":3,"Value":72},{"Length":95,"Height":34,"Demand":0,"DemandMax":3,"Value":9690},{"Length":37,"Height":37,"Demand":0,"DemandMax":3,"Value":1369},{"Length":75,"Height":92,"Demand":0,"DemandMax":3,"Value":6900},{"Length":86,"Height":17,"Demand":0,"DemandMax":3,"Value":2924},{"Length":21,"Height":39,"Demand":0,"DemandMax":3,"Value":1638},{"Length":44,"Height":16,"Demand":0,"DemandMax":3,"Value":2112},{"Length":77,"Height":26,"Demand":0,"DemandMax":3,"Value":6006},{"Length":28,"Height":8,"Demand":0,"DemandMax":3,"Value":672},{"Length":4,"Height":46,"Demand":0,"DemandMax":3,"Value":184},{"Length":9,"Height":84,"Demand":0,"DemandMax":3,"Value":1512},{"Length":50,"Height":4,"Demand":0,"DemandMax":3,"Value":600},{"Length":70,"Height":84,"Demand":0,"DemandMax":3,"Value":11760},{"Length":10,"Height":43,"Demand":0,"DemandMax":3,"Value":1290},{"Length":39,"Height":33,"Demand":0,"DemandMax":3,"Value":3861},{"Length":23,"Height":11,"Demand":0,"DemandMax":3,"Value":253},{"Length":24,"Height":96,"Demand":0,"DemandMax":3,"Value":4608}]}