{"Name":"ngcutfs1_178","Objects":[{"Length":100,"Height":100,"Stock":null,"Cost":10000}],"Items":[{"Length":63,"Height":90,"Demand":0,"DemandMax":4,"Value":5670},{"Length":85,"Height":72,"Demand":0,"DemandMax":4,"Value":6120},{"Length":2,"Height":45,"Demand":0,"DemandMax":4,"Value":180},{"Length":20,"Height":12,"Demand":0,"DemandMax":4,"Value":240},{"Length":16,"Height":35,"Demand":0,"DemandMax":4,"Value":560},{"Length":69,"Height":52,"Demand":0,"DemandMax":4,"Value":3588},{"Length":47,"Height":22,"Demand":0,"DemandMax":4,"Value":3102},{"Length":28,"Height":33,"Demand":0,"DemandMax":4,"Value":1848},{"Length":43,"Height":79,"Demand":0,"DemandMax":4,"Value":3397},{"Length":46,"Height":4,"Demand":0,"DemandMax":4,"Value":184},{"Length":83,"Height":24,"Demand":0,"DemandMax":4,"Value":5976},{"Length":41,"Height":100,"Demand":0,"DemandMax":4,"Value":4100},{"Length":78,"Height":27,"Demand":0,"DemandMax":4,"Value":4212},{"Length":100,"Height":46,"Demand":0,"DemandMax":4,"Value":13800},{"Length":70,"Height":52,"Demand":0,"DemandMax":4,"Value":10920},{"Length":91,"Height":27,"Demand":0,"DemandMax":4,"Value":2457},{"Length":25,"Height":78,"Demand":0,"DemandMax":4,"Value":3900},{"Length":10,"Height":25,"Demand":0,"DemandMax":4,"Value":750},{"Length":45,"Height":99,"Demand":0,"DemandMax":4,"Value":4455},{"Length":67,"Height":52,"Demand":0,"DemandMax":4,"Value":6968},{"Length":32,"Height":31,"Demand":0,"DemandMax":4,"Value":1984},{"Length":25,"Height":38,"Demand":0,"DemandMax":4,"Value":950},{"Length":27,"Height":18,"Demand":0,"DemandMax":4,"Value":486},{"Length":4,"Height":13,"Demand":0,"DemandMax":4,"Value":104},{"Length":19,"Height":35,"Demand":0,"DemandMax":4,"Value":1995},{"Length":76,"Height":9,"Demand":0,"DemandMax":4,"Value":2052},{"Length":73,"Height":56,"Demand":0,"DemandMax":4,"Value":4088},{"Length":81,"Height":72,"Demand":0,"DemandMax":4,"Value":5832},{"Length":98,"Height":77,"Demand":0,"DemandMax":4,"Value":15092},{"Length":30,"Height":20,"Demand":0,"DemandMax":4,"Value":600},{"Length":42,"Height":24,"Demand":0,"DemandMax":4,"Value":3024},{"Length":98,"Height":16,"Demand":0,"DemandMax":4,"Value":1568},{"Length":46,"Height":4,"Demand":0,"DemandMax":4,"Value":552},{"Length":29,"Height":83,"Demand":0,"DemandMax":4,"Value":7221},{"Length":22,"Height":18,"Demand":0,"DemandMax":4,"Value":396},{"Length":66,"Height":87,"Demand":0,"DemandMax":4,"Value":5742},{"Length":68,"Height":95,"Demand":0,"DemandMax":4,"Value":6460},{"Length":5,"Height":8,"Demand":0,"DemandMax":4,"Value":80},{"Length":88,"Height":62,"Demand":0,"DemandMax":4,"Value":10912},{"Length":97,"Height":35,"Demand":0,"DemandMax":4,"Value":3395},{"Length":29,"Height":32,"Demand":0,"DemandMax":4,"Value":2784},{"Length":98,"Height":72,"Demand":0,"DemandMax":4,"Value":7056},{"Length":20,"Height":9,"Demand":0,"DemandMax":4,"Value":360},{"Length":84,"Height":41,"Demand":0,"DemandMax":4,"Value":6888},{"Length":34,"Height":96,"Demand":0,"DemandMax":4,"Value":6528},{"Length":19,"Height":93,"Demand":0,"DemandMax":4,"Value":5301},{"Length":29,"Height":94,"Demand":0,"DemandMax":4,"Value":8178},{"Length":32,"Height":96,"Demand":0,"DemandMax":4,"Value":3072},{"Length":19,"Height":83,"Demand":0,"DemandMax":4,"Value":4731},{"Length":83,"Height":5,"Demand":0,"DemandMax":4,"Value":1245},{"Length":5,"Height":22,"Demand":0,"DemandMax":4,"Value":330},{"Length":9,"Height":79,"Demand":0,"DemandMax":4,"Value":711},{"Length":22,"Height":15,"Demand":0,"DemandMax":4,"Value":330},{"Length":97,"Height":42,"Demand":0,"DemandMax":4,"Value":4074},{"Length":57,"Height":88,"Demand":0,"DemandMax":4,"Value":15048},{"Length":64,"Height":67,"Demand":0,"DemandMax":4,"Value":8576},{"Length":42,"Height":2,"Demand":0,"DemandMax":4,"Value":84},{"Length":32,"Height":26,"Demand":0,"DemandMax":4,"Value":2496},{"Length":95,"Height":42,"Demand":0,"DemandMax":4,"Value":7980},{"Length":72,"Height":67,"Demand":0,"DemandMax":4,"Value":14472},{"Length":78,"Height":87,"Demand":0,"DemandMax":4,"Value":6786},{"Length":27,"Height":39,"Demand":0,"DemandMax":4,"Value":1053},{"Length":27,"Height":49,"Demand":0,"DemandMax":4,"Value":2646},{"Length":98,"Height":53,"Demand":0,"DemandMax":4,"Value":15582},{"Length":90,"Height":37,"Demand":0,"DemandMax":4,"Value":6660},{"Length":24,"Height":82,"Demand":0,"DemandMax":4,"Value":5904},{"Length":45,"Height":16,"Demand":0,"DemandMax":4,"Value":1440},{"Length":16,"Height":87,"Demand":0,"DemandMax":4,"Value":4176},{"Length":41,"Height":100,"Demand":0,"DemandMax":4,"Value":12300},{"Length":77,"Height":23,"Demand":0,"DemandMax":4,"Value":5313},{"Length":26,"Height":81,"Demand":0,"DemandMax":4,"Value":2106},{"Length":42,"Height":7,"Demand":0,"DemandMax":4,"Value":882},{"Length":27,"Height":21,"Demand":0,"DemandMax":4,"Value":1134},{"Length":96,"Height":94,"Demand":0,"DemandMax":4,"Value":9024},{"Length":41,"Height":3,"Demand":0,"DemandMax":4,"Value":123},{"Length":28,"Height":11,"Demand":0,"DemandMax":8,"Value":924},{"Length":45,"Height":98,"Demand":0,"DemandMax":4,"Value":8820},{"Length":2,"Height":31,"Demand":0,"DemandMax":8,"Value":62},{"Length":81,"Height":43,"Demand":0,"DemandMax":4,"Value":10449},{"Length":47,"Height":87,"Demand":0,"DemandMax":4,"Value":12267},{"Length":9,"Height":46,"Demand":0,"DemandMax":4,"Value":828},{"Length":23,"Height":33,"Demand":0,"DemandMax":4,"Value":759},{"Length":16,"Height":44,"Demand":0,"DemandMax":4,"Value":2112},{"Length":37,"Height":24,"Demand":0,"DemandMax":4,"Value":1776},{"Length":30,"Height":12,"Demand":0,"DemandMax":8,"Value":360},{"Length":98,"Height":18,"Demand":0,"DemandMax":4,"Value":3528},{"Length":71,"Height":76,"Demand":0,"DemandMax":4,"Value":10792},{"Length":42,"Height":77,"Demand":0,"DemandMax":4,"Value":6468},{"Length":84,"Height":25,"Demand":0,"DemandMax":4,"Value":2100},{"Length":62,"Height":95,"Demand":0,"DemandMax":4,"Value":11780},{"Length":18,"Height":81,"Demand":0,"DemandMax":4,"Value":4374},{"Length":77,"Height":79,"Demand":0,"DemandMax":4,"Value":6083},{"Length":44,"Height":81,"Demand":0,"DemandMax":4,"Value":7128},{"Length":24,"Height":39,"Demand":0,"DemandMax":4,"Value":936},{"Length":42,"Height":43,"Demand":0,"DemandMax":4,"Value":3612},{"Length":50,"Height":91,"Demand":0,"DemandMax":4,"Value":13650},{"Length":60,"Height":90,"Demand":0,"DemandMax":4,"Value":5400},{"Length":91,"Height":6,"Demand":0,"DemandMax":4,"Value":1092},{"Length":65,"Height":57,"Demand":0,"DemandMax":4,"Value":3705},{"Length":79,"Height":22,"Demand":0,"DemandMax":4,"Value":1738},{"Length":86,"Height":39,"Demand":0,"DemandMax":4,"Value":3354},{"Length":34,"Height":26,"Demand":0,"DemandMax":4,"Value":1768},{"Length":38,"Height":79,"Demand":0,"DemandMax":4,"Value":3002},{"Length":21,"Height":38,"Demand":0,"DemandMax":4,"Value":798},{"Length":22,"Height":21,"Demand":0,"DemandMax":4,"Value":924},{"Length":67,"Height":77,"Demand":0,"DemandMax":4,"Value":15477},{"Length":6,"Height":17,"Demand":0,"DemandMax":4,"Value":102},{"Length":98,"Height":50,"Demand":0,"DemandMax":4,"Value":14700},{"Length":66,"Height":52,"Demand":0,"DemandMax":4,"Value":6864},{"Length":43,"Height":85,"Demand":0,"DemandMax":4,"Value":10965},{"Length":94,"Height":46,"Demand":0,"DemandMax":4,"Value":8648},{"Length":50,"Height":41,"Demand":0,"DemandMax":4,"Value":4100},{"Length":21,"Height":88,"Demand":0,"DemandMax":4,"Value":3696},{"Length":25,"Height":25,"Demand":0,"DemandMax":4,"Value":625},{"Length":34,"Height":20,"Demand":0,"DemandMax":4,"Value":2040},{"Length":85,"Height":8,"Demand":0,"DemandMax":4,"Value":680},{"Length":97,"Height":25,"Demand":0,"DemandMax":4,"Value":2425},{"Length":93,"Height":62,"Demand":0,"DemandMax":4,"Value":11532},{"Length":92,"Height":58,"Demand":0,"DemandMax":4,"Value":16008},{"Length":78,"Height":8,"Demand":0,"DemandMax":4,"Value":624},{"Length":37,"Height":88,"Demand":0,"DemandMax":4,"Value":9768},{"Length":88,"Height":29,"Demand":0,"DemandMax":4,"Value":5104},{"Length":85,"Height":99,"Demand":0,"DemandMax":4,"Value":8415},{"Length":9,"Height":45,"Demand":0,"DemandMax":4,"Value":810},{"Length":4,"Height":26,"Demand":0,"DemandMax":4,"Value":104},{"Length":38,"Height":28,"Demand":0,"DemandMax":4,"Value":1064},{"Length":76,"Height":80,"Demand":0,"DemandMax":4,"Value":18240},{"Length":84,"Height":35,"Demand":0,"DemandMax":4,"Value":2940},{"Length":29,"Height":9,"Demand":0,"DemandMax":4,"Value":522},{"Length":91,"Height":14,"Demand":0,"DemandMax":4,"Value":3822},{"Length":74,"Height":57,"Demand":0,"DemandMax":4,"Value":4218},{"Length":91,"Height":43,"Demand":0,"DemandMax":4,"Value":3913},{"Length":13,"Height":16,"Demand":0,"DemandMax":4,"Value":208},{"Length":33,"Height":30,"Demand":0,"DemandMax":4,"Value":1980},{"Length":62,"Height":90,"Demand":0,"DemandMax":4,"Value":5580},{"Length":13,"Height":12,"Demand":0,"DemandMax":4,"Value":312},{"Length":21,"Height":25,"Demand":0,"DemandMax":4,"Value":1050},{"Length":34,"Height":32,"Demand":0,"DemandMax":4,"Value":2176},{"Length":47,"Height":80,"Demand":0,"DemandMax":4,"Value":11280},{"Length":9,"Height":30,"Demand":0,"DemandMax":4,"Value":810},{"Length":39,"Height":5,"Demand":0,"DemandMax":4,"Value":195},{"Length":49,"Height":22,"Demand":0,"DemandMax":4,"Value":1078},{"Length":85,"Height":30,"Demand":0,"DemandMax":4,"Value":2550},{"Length":16,"Height":90,"Demand":0,"DemandMax":4,"Value":1440},{"Length":95,"Height":70,"Demand":0,"DemandMax":4,"Value":13300},{"Length":28,"Height":81,"Demand":0,"DemandMax":4,"Value":6804},{"Length":50,"Height":99,"Demand":0,"DemandMax":4,"Value":4950},{"Length":29,"Height":45,"Demand":0,"DemandMax":4,"Value":2610},{"Length":21,"Height":84,"Demand":0,"DemandMax":4,"Value":3528},{"Length":77,"Height":79,"Demand":0,"DemandMax":4,"Value":12166},{"Length":23,"Height":80,"Demand":0,"DemandMax":4,"Value":5520},{"Length":86,"Height":8,"Demand":0,"DemandMax":4,"Value":1376},{"Length":43,"Height":20,"Demand":0,"DemandMax":4,"Value":1720},{"Length":79,"Height":72,"Demand":0,"DemandMax":4,"Value":5688},{"Length":86,"Height":56,"Demand":0,"DemandMax":4,"Value":9632},{"Length":98,"Height":38,"Demand":0,"DemandMax":4,"Value":3724},{"Length":23,"Height":2,"Demand":0,"DemandMax":8,"Value":92},{"Length":12,"Height":79,"Demand":0,"DemandMax":4,"Value":2844},{"Length":82,"Height":43,"Demand":0,"DemandMax":4,"Value":7052},{"Length":50,"Height":33,"Demand":0,"DemandMax":4,"Value":3300},{"Length":58,"Height":93,"Demand":0,"DemandMax":4,"Value":10788},{"Length":29,"Height":31,"Demand":0,"DemandMax":4,"Value":2697},{"Length":4,"Height":89,"Demand":0,"DemandMax":4,"Value":356},{"Length":31,"Height":45,"Demand":0,"DemandMax":4,"Value":2790},{"Length":33,"Height":40,"Demand":0,"DemandMax":4,"Value":3960},{"Length":44,"Height":90,"Demand":0,"DemandMax":4,"Value":7920},{"Length":35,"Height":96,"Demand":0,"DemandMax":4,"Value":10080},{"Length":85,"Height":12,"Demand":0,"DemandMax":4,"Value":1020},{"Length":81,"Height":82,"Demand":0,"DemandMax":4,"Value":19926},{"Length":39,"Height":96,"Demand":0,"DemandMax":4,"Value":7488},{"Length":37,"Height":15,"Demand":0,"DemandMax":4,"Value":555},{"Length":45,"Height":89,"Demand":0,"DemandMax":4,"Value":12015},{"Length":24,"Height":22,"Demand":0,"DemandMax":4,"Value":1584},{"Length":91,"Height":3,"Demand":0,"DemandMax":4,"Value":546},{"Length":27,"Height":48,"Demand":0,"DemandMax":4,"Value":1296},{"Length":34,"Height":78,"Demand":0,"DemandMax":4,"Value":5304},{"Length":17,"Height":42,"Demand":0,"DemandMax":4,"Value":1428},{"Length":29,"Height":86,"Demand":0,"DemandMax":4,"Value":4988},{"Length":28,"Height":95,"Demand":0,"DemandMax":4,"Value":7980},{"Length":15,"Height":79,"Demand":0,"DemandMax":4,"Value":3555},{"Length":35,"Height":7,"Demand":0,"DemandMax":4,"Value":490},{"Length":77,"Height":7,"Demand":0,"DemandMax":4,"Value":539},{"Length":43,"Height":26,"Demand":0,"DemandMax":4,"Value":2236},{"Length":26,"Height":37,"Demand":0,"DemandMax":4,"Value":1924},{"Length":50,"Height":18,"Demand":0,"DemandMax":4,"Value":1800},{"Length":97,"Height":22,"Demand":0,"DemandMax":4,"Value":2134},{"Length":43,"Height":13,"Demand":0,"DemandMax":4,"Value":1677},{"Length":42,"Height":4,"Demand":0,"DemandMax":8,"Value":504},{"Length":81,"Height":75,"Demand":0,"DemandMax":4,"Value":18225},{"Length":96,"Height":24,"Demand":0,"DemandMax":4,"Value":2304},{"Length":32,"Height":83,"Demand":0,"DemandMax":4,"Value":5312},{"Length":32,"Height":16,"Demand":0,"DemandMax":4,"Value":1536},{"Length":39,"Height":77,"Demand":0,"DemandMax":8,"Value":3003},{"Length":5,"Height":5,"Demand":0,"DemandMax":4,"Value":75},{"Length":4,"Height":37,"Demand":0,"DemandMax":4,"Value":444},{"Length":55,"Height":63,"Demand":0,"DemandMax":4,"Value":3465},{"Length":2,"Height":77,"Demand":0,"DemandMax":4,"Value":462},{"Length":87,"Height":77,"Demand":0,"DemandMax":4,"Value":20097},{"Length":19,"Height":35,"Demand":0,"DemandMax":4,"Value":1330},{"Length":41,"Height":92,"Demand":0,"DemandMax":4,"Value":7544},{"Length":3,"Height":42,"Demand":0,"DemandMax":4,"Value":252},{"Length":35,"Height":47,"Demand":0,"DemandMax":4,"Value":4935},{"Length":31,"Height":97,"Demand":0,"DemandMax":4,"Value":3007},{"Length":24,"Height":84,"Demand":0,"DemandMax":4,"Value":4032},{"Length":100,"Height":50,"Demand":0,"DemandMax":4,"Value":5000},{"Length":61,"Height":74,"Demand":0,"DemandMax":4,"Value":13542},{"Length":90,"Height":3,"Demand":0,"DemandMax":4,"Value":540},{"Length":93,"Height":18,"Demand":0,"DemandMax":4,"Value":3348},{"Length":99,"Height":20,"Demand":0,"DemandMax":4,"Value":3960},{"Length":91,"Height":36,"Demand":0,"DemandMax":4,"Value":3276},{"Length":29,"Height":50,"Demand":0,"DemandMax":4,"Value":4350},{"Length":8,"Height":28,"Demand":0,"DemandMax":4,"Value":672},{"Length":15,"Height":84,"Demand":0,"DemandMax":4,"Value":1260},{"Length":14,"Height":88,"Demand":0,"DemandMax":4,"Value":2464},{"Length":24,"Height":40,"Demand":0,"DemandMax":4,"Value":960},{"Length":24,"Height":43,"Demand":0,"DemandMax":4,"Value":2064},{"Length":14,"Height":16,"Demand":0,"DemandMax":4,"Value":448},{"Length":77,"Height":49,"Demand":0,"DemandMax":4,"Value":7546},{"Length":31,"Height":83,"Demand":0,"DemandMax":4,"Value":5146},{"Length":6,"Height":26,"Demand":0,"DemandMax":4,"Value":312},{"Length":17,"Height":23,"Demand":0,"DemandMax":4,"Value":782},{"Length":76,"Height":89,"Demand":0,"DemandMax":4,"Value":20292},{"Length":14,"Height":88,"Demand":0,"DemandMax":4,"Value":3696},{"Length":92,"Height":32,"Demand":0,"DemandMax":4,"Value":5888},{"Length":59,"Height":74,"Demand":0,"DemandMax":4,"Value":13098},{"Length":89,"Height":7,"Demand":0,"DemandMax":4,"Value":1246},{"Length":3,"Height":48,"Demand":0,"DemandMax":4,"Value":144},{"Length":16,"Height":30,"Demand":0,"DemandMax":4,"Value":1440},{"Length":80,"Height":20,"Demand":0,"DemandMax":4,"Value":3200},{"Length":99,"Height":70,"Demand":0,"DemandMax":4,"Value":6930},{"Length":86,"Height":44,"Demand":0,"DemandMax":4,"Value":3784},{"Length":96,"Height":17,"Demand":0,"DemandMax":4,"Value":3264},{"Length":95,"Height":96,"Demand":0,"DemandMax":4,"Value":18240},{"Length":52,"Height":74,"Demand":0,"DemandMax":4,"Value":7696},{"Length":21,"Height":98,"Demand":0,"DemandMax":4,"Value":6174},{"Length":83,"Height":99,"Demand":0,"DemandMax":4,"Value":8217},{"Length":74,"Height":70,"Demand":0,"DemandMax":4,"Value":15540},{"Length":78,"Height":37,"Demand":0,"DemandMax":4,"Value":2886},{"Length":64,"Height":53,"Demand":0,"DemandMax":4,"Value":10176},{"Length":35,"Height":42,"Demand":0,"DemandMax":4,"Value":1470},{"Length":75,"Height":67,"Demand":0,"DemandMax":4,"Value":5025},{"Length":44,"Height":49,"Demand":0,"DemandMax":4,"Value":2156},{"Length":6,"Height":46,"Demand":0,"DemandMax":4,"Value":828},{"Length":75,"Height":98,"Demand":0,"DemandMax":4,"Value":14700},{"Length":28,"Height":36,"Demand":0,"DemandMax":4,"Value":2016},{"Length":84,"Height":64,"Demand":0,"DemandMax":4,"Value":16128},{"Length":43,"Height":34,"Demand":0,"DemandMax":4,"Value":1462},{"Length":97,"Height":21,"Demand":0,"DemandMax":4,"Value":6111},{"Length":27,"Height":16,"Demand":0,"DemandMax":4,"Value":1296},{"Length":45,"Height":97,"Demand":0,"DemandMax":4,"Value":13095},{"Length":30,"Height":9,"Demand":0,"DemandMax":4,"Value":810},{"Length":74,"Height":97,"Demand":0,"DemandMax":4,"Value":7178},{"Length":90,"Height":15,"Demand":0,"DemandMax":4,"Value":1350},{"Length":44,"Height":13,"Demand":0,"DemandMax":4,"Value":1144},{"Length":69,"Height":87,"Demand":0,"DemandMax":4,"Value":6003},{"Length":2,"Height":32,"Demand":0,"DemandMax":8,"Value":128},{"Length":55,"Height":94,"Demand":0,"DemandMax":4,"Value":5170},{"Length":16,"Height":94,"Demand":0,"DemandMax":4,"Value":1504},{"Length":38,"Height":40,"Demand":0,"DemandMax":4,"Value":4560},{"Length":8,"Height":86,"Demand":0,"DemandMax":4,"Value":2064},{"Length":2,"Height":18,"Demand":0,"DemandMax":4,"Value":36},{"Length":5,"Height":36,"Demand":0,"DemandMax":4,"Value":180},{"Length":32,"Height":84,"Demand":0,"DemandMax":4,"Value":2688},{"Length":100,"Height":95,"Demand":0,"DemandMax":4,"Value":9500},{"Length":6,"Height":27,"Demand":0,"DemandMax":4,"Value":324},{"Length":6,"Height":84,"Demand":0,"DemandMax":4,"Value":1512},{"Length":93,"Height":48,"Demand":0,"DemandMax":4,"Value":8928},{"Length":44,"Height":37,"Demand":0,"DemandMax":4,"Value":1628},{"Length":11,"Height":76,"Demand":0,"DemandMax":4,"Value":2508},{"Length":95,"Height":43,"Demand":0,"DemandMax":4,"Value":8170},{"Length":50,"Height":95,"Demand":0,"DemandMax":4,"Value":14250},{"Length":46,"Height":81,"Demand":0,"DemandMax":4,"Value":7452},{"Length":27,"Height":33,"Demand":0,"DemandMax":4,"Value":2673},{"Length":25,"Height":19,"Demand":0,"DemandMax":4,"Value":1425},{"Length":37,"Height":42,"Demand":0,"DemandMax":4,"Value":1554},{"Length":45,"Height":45,"Demand":0,"DemandMax":4,"Value":6075},{"Length":61,"Height":98,"Demand":0,"DemandMax":4,"Value":5978},{"Length":32,"Height":92,"Demand":0,"DemandMax":4,"Value":5888},{"Length":71,"Height":95,"Demand":0,"DemandMax":4,"Value":13490},{"Length":50,"Height":84,"Demand":0,"DemandMax":4,"Value":4200},{"Length":5,"Height":33,"Demand":0,"DemandMax":4,"Value":495},{"Length":95,"Height":11,"Demand":0,"DemandMax":4,"Value":3135},{"Length":36,"Height":89,"Demand":0,"DemandMax":4,"Value":3204},{"Length":39,"Height":48,"Demand":0,"DemandMax":4,"Value":1872},{"Length":14,"Height":81,"Demand":0,"DemandMax":4,"Value":3402},{"Length":32,"Height":91,"Demand":0,"DemandMax":4,"Value":8736},{"Length":18,"Height":34,"Demand":0,"DemandMax":4,"Value":612},{"Length":39,"Height":96,"Demand":0,"DemandMax":4,"Value":3744},{"Length":3,"Height":47,"Demand":0,"DemandMax":4,"Value":423},{"Length":15,"Height":10,"Demand":0,"DemandMax":4,"Value":150},{"Length":25,"Height":80,"Demand":0,"DemandMax":4,"Value":4000},{"Length":92,"Height":30,"Demand":0,"DemandMax":4,"Value":2760},{"Length":28,"Height":30,"Demand":0,"DemandMax":4,"Value":1680},{"Length":54,"Height":54,"Demand":0,"DemandMax":4,"Value":2916},{"Length":17,"Height":80,"Demand":0,"DemandMax":4,"Value":4080},{"Length":8,"Height":36,"Demand":0,"DemandMax":4,"Value":576},{"Length":18,"Height":11,"Demand":0,"DemandMax":8,"Value":198},{"Length":7,"Height":41,"Demand":0,"DemandMax":4,"Value":287},{"Length":4,"Height":19,"Demand":0,"DemandMax":4,"Value":76},{"Length":15,"Height":10,"Demand":0,"DemandMax":4,"Value":300},{"Length":39,"Height":99,"Demand":0,"DemandMax":4,"Value":11583},{"Length":44,"Height":9,"Demand":0,"DemandMax":4,"Value":792},{"Length":38,"Height":18,"Demand":0,"DemandMax":4,"Value":1368},{"Length":9,"Height":27,"Demand":0,"DemandMax":4,"Value":729},{"Length":82,"Height":21,"Demand":0,"DemandMax":4,"Value":5166},{"Length":33,"Height":89,"Demand":0,"DemandMax":4,"Value":5874},{"Length":95,"Height":34,"Demand":0,"DemandMax":4,"Value":9690},{"Length":25,"Height":26,"Demand":0,"DemandMax":4,"Value":1950},{"Length":3,"Height":88,"Demand":0,"DemandMax":4,"Value":528},{"Length":87,"Height":92,"Demand":0,"DemandMax":4,"Value":24012},{"Length":44,"Height":5,"Demand":0,"DemandMax":4,"Value":220},{"Length":50,"Height":8,"Demand":0,"DemandMax":4,"Value":1200},{"Length":15,"Height":99,"Demand":0,"DemandMax":4,"Value":2970},{"Length":20,"Height":79,"Demand":0,"DemandMax":4,"Value":1580},{"Length":45,"Height":92,"Demand":0,"DemandMax":4,"Value":12420},{"Length":26,"Height":35,"Demand":0,"DemandMax":4,"Value":2730},{"Length":45,"Height":49,"Demand":0,"DemandMax":4,"Value":2205},{"Length":82,"Height":82,"Demand":0,"DemandMax":4,"Value":6724},{"Length":6,"Height":33,"Demand":0,"DemandMax":4,"Value":396},{"Length":14,"Height":14,"Demand":0,"DemandMax":4,"Value":392},{"Length":44,"Height":18,"Demand":0,"DemandMax":4,"Value":792},{"Length":99,"Height":38,"Demand":0,"DemandMax":4,"Value":3762},{"Length":66,"Height":56,"Demand":0,"DemandMax":4,"Value":7392},{"Length":95,"Height":17,"Demand":0,"DemandMax":4,"Value":4845},{"Length":7,"Height":7,"Demand":0,"DemandMax":4,"Value":49},{"Length":8,"Height":48,"Demand":0,"DemandMax":4,"Value":768},{"Length":11,"Height":21,"Demand":0,"DemandMax":4,"Value":693},{"Length":39,"Height":46,"Demand":0,"DemandMax":4,"Value":5382},{"Length":4,"Height":82,"Demand":0,"DemandMax":4,"Value":328},{"Length":20,"Height":32,"Demand":0,"DemandMax":4,"Value":640},{"Length":85,"Height":53,"Demand":0,"DemandMax":4,"Value":9010},{"Length":84,"Height":33,"Demand":0,"DemandMax":4,"Value":8316},{"Length":26,"Height":3,"Demand":0,"DemandMax":4,"Value":234},{"Length":31,"Height":22,"Demand":0,"DemandMax":4,"Value":682},{"Length":6,"Height":45,"Demand":0,"DemandMax":4,"Value":270},{"Length":59,"Height":51,"Demand":0,"DemandMax":4,"Value":9027},{"Length":49,"Height":9,"Demand":0,"DemandMax":4,"Value":882},{"Length":2,"Height":37,"Demand":0,"DemandMax":4,"Value":222},{"Length":25,"Height":36,"Demand":0,"DemandMax":4,"Value":2700},{"Length":81,"Height":42,"Demand":0,"DemandMax":4,"Value":10206},{"Length":95,"Height":60,"Demand":0,"DemandMax":4,"Value":5700},{"Length":32,"Height":81,"Demand":0,"DemandMax":4,"Value":5184},{"Length":98,"Height":39,"Demand":0,"DemandMax":4,"Value":7644},{"Length":82,"Height":54,"Demand":0,"DemandMax":4,"Value":13284},{"Length":23,"Height":49,"Demand":0,"DemandMax":4,"Value":1127},{"Length":15,"Height":50,"Demand":0,"DemandMax":4,"Value":750},{"Length":2,"Height":4,"Demand":0,"DemandMax":4,"Value":24},{"Length":87,"Height":26,"Demand":0,"DemandMax":4,"Value":6786},{"Length":69,"Height":78,"Demand":0,"DemandMax":4,"Value":5382},{"Length":25,"Height":9,"Demand":0,"DemandMax":4,"Value":675},{"Length":46,"Height":49,"Demand":0,"DemandMax":4,"Value":2254},{"Length":62,"Height":78,"Demand":0,"DemandMax":4,"Value":9672},{"Length":29,"Height":5,"Demand":0,"DemandMax":4,"Value":290},{"Length":89,"Height":91,"Demand":0,"DemandMax":4,"Value":8099},{"Length":93,"Height":34,"Demand":0,"DemandMax":4,"Value":6324},{"Length":73,"Height":93,"Demand":0,"DemandMax":4,"Value":6789},{"Length":76,"Height":4,"Demand":0,"DemandMax":4,"Value":608},{"Length":85,"Height":18,"Demand":0,"DemandMax":4,"Value":1530},{"Length":65,"Height":62,"Demand":0,"DemandMax":4,"Value":4030},{"Length":40,"Height":23,"Demand":0,"DemandMax":4,"Value":2760},{"Length":26,"Height":87,"Demand":0,"DemandMax":4,"Value":4524},{"Length":2,"Height":30,"Demand":0,"DemandMax":4,"Value":120},{"Length":15,"Height":21,"Demand":0,"DemandMax":4,"Value":315},{"Length":27,"Height":42,"Demand":0,"DemandMax":4,"Value":2268},{"Length":98,"Height":32,"Demand":0,"DemandMax":4,"Value":3136},{"Length":10,"Height":17,"Demand":0,"DemandMax":4,"Value":170},{"Length":89,"Height":28,"Demand":0,"DemandMax":4,"Value":7476},{"Length":18,"Height":49,"Demand":0,"DemandMax":4,"Value":882},{"Length":9,"Height":50,"Demand":0,"DemandMax":4,"Value":1350},{"Length":61,"Height":94,"Demand":0,"DemandMax":4,"Value":5734},{"Length":18,"Height":21,"Demand":0,"DemandMax":4,"Value":378},{"Length":91,"Height":29,"Demand":0,"DemandMax":4,"Value":5278},{"Length":33,"Height":18,"Demand":0,"DemandMax":4,"Value":594},{"Length":3,"Height":8,"Demand":0,"DemandMax":4,"Value":48},{"Length":34,"Height":24,"Demand":0,"DemandMax":4,"Value":816},{"Length":21,"Height":44,"Demand":0,"DemandMax":4,"Value":924},{"Length":28,"Height":4,"Demand":0,"DemandMax":4,"Value":112},{"Length":45,"Height":37,"Demand":0,"DemandMax":4,"Value":4995},{"Length":22,"Height":96,"Demand":0,"DemandMax":4,"Value":2112},{"Length":36,"Height":29,"Demand":0,"DemandMax":4,"Value":3132},{"Length":23,"Height":82,"Demand":0,"DemandMax":4,"Value":1886},{"Length":21,"Height":10,"Demand":0,"DemandMax":4,"Value":210},{"Length":88,"Height":86,"Demand":0,"DemandMax":4,"Value":22704},{"Length":37,"Height":44,"Demand":0,"DemandMax":4,"Value":1628},{"Length":82,"Height":32,"Demand":0,"DemandMax":4,"Value":7872},{"Length":9,"Height":29,"Demand":0,"DemandMax":4,"Value":261},{"Length":30,"Height":38,"Demand":0,"DemandMax":4,"Value":1140},{"Length":41,"Height":45,"Demand":0,"DemandMax":4,"Value":1845},{"Length":23,"Height":44,"Demand":0,"DemandMax":4,"Value":1012},{"Length":35,"Height":92,"Demand":0,"DemandMax":4,"Value":3220},{"Length":84,"Height":42,"Demand":0,"DemandMax":4,"Value":7056},{"Length":69,"Height":81,"Demand":0,"DemandMax":4,"Value":16767},{"Length":81,"Height":92,"Demand":0,"DemandMax":4,"Value":14904},{"Length":78,"Height":9,"Demand":0,"DemandMax":4,"Value":2106},{"Length":40,"Height":46,"Demand":0,"DemandMax":4,"Value":5520},{"Length":2,"Height":99,"Demand":0,"DemandMax":4,"Value":396},{"Length":31,"Height":15,"Demand":0,"DemandMax":4,"Value":1395},{"Length":96,"Height":71,"Demand":0,"DemandMax":4,"Value":20448},{"Length":91,"Height":14,"Demand":0,"DemandMax":4,"Value":1274},{"Length":89,"Height":30,"Demand":0,"DemandMax":4,"Value":8010},{"Length":16,"Height":46,"Demand":0,"DemandMax":4,"Value":2208},{"Length":41,"Height":9,"Demand":0,"DemandMax":4,"Value":1107},{"Length":31,"Height":12,"Demand":0,"DemandMax":4,"Value":744},{"Length":79,"Height":11,"Demand":0,"DemandMax":4,"Value":869},{"Length":28,"Height":6,"Demand":0,"DemandMax":4,"Value":168},{"Length":95,"Height":23,"Demand":0,"DemandMax":4,"Value":6555},{"Length":83,"Height":83,"Demand":0,"DemandMax":4,"Value":6889},{"Length":46,"Height":38,"Demand":0,"DemandMax":4,"Value":5244},{"Length":31,"Height":4,"Demand":0,"DemandMax":4,"Value":124},{"Length":45,"Height":86,"Demand":0,"DemandMax":4,"Value":3870},{"Length":93,"Height":62,"Demand":0,"DemandMax":4,"Value":17298},{"Length":5,"Height":22,"Demand":0,"DemandMax":4,"Value":220},{"Length":73,"Height":67,"Demand":0,"DemandMax":4,"Value":14673},{"Length":95,"Height":66,"Demand":0,"DemandMax":4,"Value":12540},{"Length":23,"Height":9,"Demand":0,"DemandMax":4,"Value":207},{"Length":26,"Height":16,"Demand":0,"DemandMax":4,"Value":832},{"Length":37,"Height":25,"Demand":0,"DemandMax":4,"Value":1850},{"Length":34,"Height":36,"Demand":0,"DemandMax":4,"Value":2448},{"Length":22,"Height":86,"Demand":0,"DemandMax":4,"Value":3784},{"Length":74,"Height":72,"Demand":0,"DemandMax":4,"Value":10656},{"Length":24,"Height":99,"Demand":0,"DemandMax":4,"Value":2376},{"Length":95,"Height":32,"Demand":0,"DemandMax":4,"Value":6080},{"Length":87,"Height":11,"Demand":0,"DemandMax":4,"Value":1914},{"Length":84,"Height":49,"Demand":0,"DemandMax":4,"Value":12348},{"Length":44,"Height":10,"Demand":0,"DemandMax":4,"Value":1320},{"Length":48,"Height":12,"Demand":0,"DemandMax":4,"Value":1152},{"Length":83,"Height":71,"Demand":0,"DemandMax":4,"Value":5893},{"Length":79,"Height":48,"Demand":0,"DemandMax":4,"Value":7584},{"Length":6,"Height":8,"Demand":0,"DemandMax":4,"Value":48},{"Length":24,"Height":20,"Demand":0,"DemandMax":4,"Value":480},{"Length":86,"Height":3,"Demand":0,"DemandMax":4,"Value":516},{"Length":94,"Height":90,"Demand":0,"DemandMax":4,"Value":25380},{"Length":34,"Height":12,"Demand":0,"DemandMax":4,"Value":816},{"Length":47,"Height":28,"Demand":0,"DemandMax":4,"Value":3948},{"Length":24,"Height":23,"Demand":0,"DemandMax":4,"Value":1656},{"Length":90,"Height":45,"Demand":0,"DemandMax":4,"Value":8100},{"Length":99,"Height":94,"Demand":0,"DemandMax":4,"Value":18612},{"Length":63,"Height":96,"Demand":0,"DemandMax":4,"Value":18144},{"Length":92,"Height":42,"Demand":0,"DemandMax":4,"Value":7728},{"Length":96,"Height":93,"Demand":0,"DemandMax":4,"Value":17856},{"Length":45,"Height":38,"Demand":0,"DemandMax":4,"Value":5130},{"Length":28,"Height":24,"Demand":0,"DemandMax":4,"Value":2016},{"Length":100,"Height":32,"Demand":0,"DemandMax":4,"Value":6400},{"Length":5,"Height":38,"Demand":0,"DemandMax":4,"Value":380},{"Length":86,"Height":36,"Demand":0,"DemandMax":4,"Value":6192},{"Length":90,"Height":41,"Demand":0,"DemandMax":4,"Value":11070},{"Length":89,"Height":98,"Demand":0,"DemandMax":4,"Value":17444},{"Length":42,"Height":28,"Demand":0,"DemandMax":4,"Value":1176},{"Length":82,"Height":47,"Demand":0,"DemandMax":4,"Value":7708},{"Length":47,"Height":48,"Demand":0,"DemandMax":4,"Value":2256},{"Length":2,"Height":95,"Demand":0,"DemandMax":4,"Value":380},{"Length":88,"Height":79,"Demand":0,"DemandMax":4,"Value":13904},{"Length":11,"Height":100,"Demand":0,"DemandMax":4,"Value":1100},{"Length":79,"Height":87,"Demand":0,"DemandMax":4,"Value":13746},{"Length":76,"Height":54,"Demand":0,"DemandMax":4,"Value":12312},{"Length":24,"Height":46,"Demand":0,"DemandMax":4,"Value":2208},{"Length":20,"Height":13,"Demand":0,"DemandMax":4,"Value":520},{"Length":39,"Height":9,"Demand":0,"DemandMax":4,"Value":1053},{"Length":3,"Height":21,"Demand":0,"DemandMax":4,"Value":126},{"Length":65,"Height":63,"Demand":0,"DemandMax":4,"Value":8190},{"Length":44,"Height":15,"Demand":0,"DemandMax":4,"Value":1320},{"Length":14,"Height":87,"Demand":0,"DemandMax":4,"Value":2436},{"Length":28,"Height":10,"Demand":0,"DemandMax":4,"Value":280},{"Length":85,"Height":28,"Demand":0,"DemandMax":4,"Value":2380},{"Length":88,"Height":100,"Demand":0,"DemandMax":4,"Value":26400},{"Length":93,"Height":42,"Demand":0,"DemandMax":4,"Value":7812},{"Length":84,"Height":22,"Demand":0,"DemandMax":4,"Value":3696},{"Length":44,"Height":82,"Demand":0,"DemandMax":4,"Value":7216},{"Length":25,"Height":21,"Demand":0,"DemandMax":4,"Value":1050},{"Length":30,"Height":35,"Demand":0,"DemandMax":4,"Value":2100},{"Length":10,"Height":37,"Demand":0,"DemandMax":4,"Value":370},{"Length":85,"Height":40,"Demand":0,"DemandMax":4,"Value":6800},{"Length":91,"Height":22,"Demand":0,"DemandMax":4,"Value":2002},{"Length":10,"Height":10,"Demand":0,"DemandMax":4,"Value":100},{"Length":46,"Height":99,"Demand":0,"DemandMax":4,"Value":9108},{"Length":21,"Height":9,"Demand":0,"DemandMax":4,"Value":567},{"Length":27,"Height":50,"Demand":0,"DemandMax":4,"Value":1350},{"Length":10,"Height":83,"Demand":0,"DemandMax":4,"Value":830},{"Length":62,"Height":73,"Demand":0,"DemandMax":4,"Value":13578},{"Length":49,"Height":94,"Demand":0,"DemandMax":4,"Value":13818},{"Length":59,"Height":72,"Demand":0,"DemandMax":4,"Value":12744},{"Length":62,"Height":77,"Demand":0,"DemandMax":4,"Value":4774},{"Length":92,"Height":17,"Demand":0,"DemandMax":4,"Value":3128},{"Length":15,"Height":20,"Demand":0,"DemandMax":4,"Value":600},{"Length":50,"Height":78,"Demand":0,"DemandMax":4,"Value":7800},{"Length":26,"Height":90,"Demand":0,"DemandMax":4,"Value":4680},{"Length":26,"Height":90,"Demand":0,"DemandMax":4,"Value":2340},{"Length":85,"Height":68,"Demand":0,"DemandMax":4,"Value":11560},{"Length":19,"Height":32,"Demand":0,"DemandMax":4,"Value":608},{"Length":84,"Height":44,"Demand":0,"DemandMax":4,"Value":11088},{"Length":40,"Height":93,"Demand":0,"DemandMax":4,"Value":7440},{"Length":41,"Height":84,"Demand":0,"DemandMax":4,"Value":10332}]}