{"Name":"ngcutfs2_75","Objects":[{"Length":100,"Height":100,"Stock":null,"Cost":10000}],"Items":[{"Length":32,"Height":38,"Demand":0,"DemandMax":3,"Value":1216},{"Length":47,"Height":31,"Demand":0,"DemandMax":3,"Value":4371},{"Length":77,"Height":69,"Demand":0,"DemandMax":3,"Value":10626},{"Length":91,"Height":86,"Demand":0,"DemandMax":3,"Value":15652},{"Length":17,"Height":96,"Demand":0,"DemandMax":3,"Value":1632},{"Length":77,"Height":14,"Demand":0,"DemandMax":3,"Value":2156},{"Length":14,"Height":79,"Demand":0,"DemandMax":3,"Value":2212},{"Length":5,"Height":94,"Demand":0,"DemandMax":3,"Value":940},{"Length":81,"Height":26,"Demand":0,"DemandMax":3,"Value":2106},{"Length":34,"Height":31,"Demand":0,"DemandMax":3,"Value":1054},{"Length":33,"Height":23,"Demand":0,"DemandMax":3,"Value":759},{"Length":83,"Height":21,"Demand":0,"DemandMax":3,"Value":5229},{"Length":40,"Height":76,"Demand":0,"DemandMax":3,"Value":9120},{"Length":20,"Height":36,"Demand":0,"DemandMax":3,"Value":2160},{"Length":49,"Height":36,"Demand":0,"DemandMax":3,"Value":3528},{"Length":45,"Height":45,"Demand":0,"DemandMax":3,"Value":4050},{"Length":90,"Height":78,"Demand":0,"DemandMax":3,"Value":14040},{"Length":41,"Height":30,"Demand":0,"DemandMax":3,"Value":3690},{"Length":43,"Height":16,"Demand":0,"DemandMax":3,"Value":2064},{"Length":29,"Height":10,"Demand":0,"DemandMax":3,"Value":870},{"Length":88,"Height":73,"Demand":0,"DemandMax":3,"Value":19272},{"Length":81,"Height":7,"Demand":0,"DemandMax":3,"Value":567},{"Length":12,"Height":30,"Demand":0,"DemandMax":3,"Value":720},{"Length":6,"Height":15,"Demand":0,"DemandMax":3,"Value":90},{"Length":41,"Height":9,"Demand":0,"DemandMax":3,"Value":369},{"Length":44,"Height":36,"Demand":0,"DemandMax":3,"Value":1584},{"Length":30,"Height":4,"Demand":0,"DemandMax":3,"Value":240},{"Length":32,"Height":31,"Demand":0,"DemandMax":3,"Value":992},{"Length":94,"Height":47,"Demand":0,"DemandMax":3,"Value":8836},{"Length":31,"Height":15,"Demand":0,"DemandMax":3,"Value":465},{"Length":6,"Height":35,"Demand":0,"DemandMax":3,"Value":210},{"Length":59,"Height":94,"Demand":0,"DemandMax":3,"Value":16638},{"Length":11,"Height":14,"Demand":0,"DemandMax":3,"Value":462},{"Length":22,"Height":16,"Demand":0,"DemandMax":3,"Value":704},{"Length":61,"Height":61,"Demand":0,"DemandMax":3,"Value":7442},{"Length":100,"Height":50,"Demand":0,"DemandMax":3,"Value":5000},{"Length":90,"Height":19,"Demand":0,"DemandMax":3,"Value":1710},{"Length":46,"Height":98,"Demand":0,"DemandMax":3,"Value":4508},{"Length":82,"Height":5,"Demand":0,"DemandMax":3,"Value":1230},{"Length":63,"Height":91,"Demand":0,"DemandMax":3,"Value":5733},{"Length":90,"Height":57,"Demand":0,"DemandMax":3,"Value":5130},{"Length":97,"Height":11,"Demand":0,"DemandMax":3,"Value":2134},{"Length":93,"Height":23,"Demand":0,"DemandMax":3,"Value":6417},{"Length":97,"Height":43,"Demand":0,"DemandMax":3,"Value":4171},{"Length":16,"Height":27,"Demand":0,"DemandMax":3,"Value":432},{"Length":28,"Height":22,"Demand":0,"DemandMax":3,"Value":1848},{"Length":35,"Height":19,"Demand":0,"DemandMax":3,"Value":1330},{"Length":64,"Height":55,"Demand":0,"DemandMax":3,"Value":3520},{"Length":42,"Height":35,"Demand":0,"DemandMax":3,"Value":4410},{"Length":9,"Height":44,"Demand":0,"DemandMax":3,"Value":1188},{"Length":40,"Height":19,"Demand":0,"DemandMax":3,"Value":760},{"Length":88,"Height":84,"Demand":0,"DemandMax":3,"Value":7392},{"Length":100,"Height":36,"Demand":0,"DemandMax":3,"Value":3600},{"Length":49,"Height":7,"Demand":0,"DemandMax":3,"Value":1029},{"Length":87,"Height":77,"Demand":0,"DemandMax":3,"Value":20097},{"Length":89,"Height":68,"Demand":0,"DemandMax":3,"Value":18156},{"Length":78,"Height":19,"Demand":0,"DemandMax":3,"Value":1482},{"Length":21,"Height":45,"Demand":0,"DemandMax":3,"Value":1890},{"Length":36,"Height":30,"Demand":0,"DemandMax":3,"Value":2160},{"Length":16,"Height":22,"Demand":0,"DemandMax":3,"Value":704},{"Length":3,"Height":86,"Demand":0,"DemandMax":3,"Value":774},{"Length":8,"Height":14,"Demand":0,"DemandMax":3,"Value":336},{"Length":26,"Height":100,"Demand":0,"DemandMax":3,"Value":7800},{"Length":28,"Height":13,"Demand":0,"DemandMax":3,"Value":1092},{"Length":75,"Height":74,"Demand":0,"DemandMax":3,"Value":11100},{"Length":28,"Height":91,"Demand":0,"DemandMax":3,"Value":5096},{"Length":88,"Height":18,"Demand":0,"DemandMax":3,"Value":1584},{"Length":14,"Height":43,"Demand":0,"DemandMax":3,"Value":1806},{"Length":88,"Height":69,"Demand":0,"DemandMax":3,"Value":6072},{"Length":91,"Height":83,"Demand":0,"DemandMax":3,"Value":15106},{"Length":25,"Height":10,"Demand":0,"DemandMax":3,"Value":750},{"Length":24,"Height":45,"Demand":0,"DemandMax":3,"Value":2160},{"Length":67,"Height":93,"Demand":0,"DemandMax":3,"Value":12462},{"Length":89,"Height":15,"Demand":0,"DemandMax":3,"Value":4005},{"Length":98,"Height":20,"Demand":0,"DemandMax":3,"Value":5880},{"Length":54,"Height":77,"Demand":0,"DemandMax":3,"Value":12474},{"Length":18,"Height":38,"Demand":0,"DemandMax":3,"Value":2052},{"Length":97,"Height":37,"Demand":0,"DemandMax":3,"Value":10767},{"Length":53,"Height":100,"Demand":0,"DemandMax":3,"Value":15900},{"Length":23,"Height":38,"Demand":0,"DemandMax":3,"Value":1748},{"Length":5,"Height":12,"Demand":0,"DemandMax":3,"Value":120},{"Length":96,"Height":50,"Demand":0,"DemandMax":3,"Value":4800},{"Length":74,"Height":87,"Demand":0,"DemandMax":3,"Value":6438},{"Length":31,"Height":21,"Demand":0,"DemandMax":3,"Value":1302},{"Length":24,"Height":49,"Demand":0,"DemandMax":3,"Value":3528},{"Length":20,"Height":39,"Demand":0,"DemandMax":3,"Value":2340},{"Length":49,"Height":40,"Demand":0,"DemandMax":3,"Value":1960},{"Length":19,"Height":15,"Demand":0,"DemandMax":3,"Value":285},{"Length":64,"Height":87,"Demand":0,"DemandMax":3,"Value":5568},{"Length":97,"Height":62,"Demand":0,"DemandMax":3,"Value":12028},{"Length":38,"Height":87,"Demand":0,"DemandMax":3,"Value":9918},{"Length":88,"Height":8,"Demand":0,"DemandMax":3,"Value":704},{"Length":96,"Height":43,"Demand":0,"DemandMax":3,"Value":8256},{"Length":47,"Height":47,"Demand":0,"DemandMax":3,"Value":2209},{"Length":10,"Height":11,"Demand":0,"DemandMax":3,"Value":330},{"Length":43,"Height":31,"Demand":0,"DemandMax":3,"Value":1333},{"Length":11,"Height":47,"Demand":0,"DemandMax":3,"Value":517},{"Length":26,"Height":26,"Demand":0,"DemandMax":3,"Value":1352},{"Length":23,"Height":15,"Demand":0,"DemandMax":3,"Value":1035},{"Length":91,"Height":73,"Demand":0,"DemandMax":3,"Value":6643}]}