{"Name":"ngcutfs1_140","Objects":[{"Length":100,"Height":100,"Stock":null,"Cost":10000}],"Items":[{"Length":81,"Height":46,"Demand":0,"DemandMax":3,"Value":7452},{"Length":31,"Height":3,"Demand":0,"DemandMax":3,"Value":93},{"Length":5,"Height":20,"Demand":0,"DemandMax":3,"Value":300},{"Length":23,"Height":9,"Demand":0,"DemandMax":3,"Value":207},{"Length":4,"Height":76,"Demand":0,"DemandMax":3,"Value":304},{"Length":30,"Height":34,"Demand":0,"DemandMax":3,"Value":3060},{"Length":92,"Height":21,"Demand":0,"DemandMax":3,"Value":5796},{"Length":5,"Height":40,"Demand":0,"DemandMax":3,"Value":600},{"Length":82,"Height":34,"Demand":0,"DemandMax":3,"Value":2788},{"Length":44,"Height":28,"Demand":0,"DemandMax":3,"Value":1232},{"Length":54,"Height":90,"Demand":0,"DemandMax":3,"Value":14580},{"Length":33,"Height":2,"Demand":0,"DemandMax":3,"Value":66},{"Length":16,"Height":81,"Demand":0,"DemandMax":3,"Value":2592},{"Length":20,"Height":14,"Demand":0,"DemandMax":3,"Value":560},{"Length":12,"Height":33,"Demand":0,"DemandMax":3,"Value":396},{"Length":81,"Height":34,"Demand":0,"DemandMax":3,"Value":8262},{"Length":38,"Height":34,"Demand":0,"DemandMax":3,"Value":1292},{"Length":18,"Height":47,"Demand":0,"DemandMax":3,"Value":846},{"Length":37,"Height":21,"Demand":0,"DemandMax":3,"Value":777},{"Length":66,"Height":95,"Demand":0,"DemandMax":3,"Value":12540},{"Length":21,"Height":45,"Demand":0,"DemandMax":3,"Value":945},{"Length":19,"Height":82,"Demand":0,"DemandMax":3,"Value":4674},{"Length":100,"Height":42,"Demand":0,"DemandMax":3,"Value":4200},{"Length":70,"Height":54,"Demand":0,"DemandMax":3,"Value":7560},{"Length":60,"Height":76,"Demand":0,"DemandMax":3,"Value":9120},{"Length":41,"Height":19,"Demand":0,"DemandMax":3,"Value":779},{"Length":31,"Height":80,"Demand":0,"DemandMax":3,"Value":2480},{"Length":34,"Height":79,"Demand":0,"DemandMax":3,"Value":8058},{"Length":9,"Height":94,"Demand":0,"DemandMax":3,"Value":846},{"Length":88,"Height":3,"Demand":0,"DemandMax":3,"Value":792},{"Length":11,"Height":13,"Demand":0,"DemandMax":3,"Value":286},{"Length":65,"Height":80,"Demand":0,"DemandMax":3,"Value":15600},{"Length":38,"Height":38,"Demand":0,"DemandMax":3,"Value":1444},{"Length":30,"Height":47,"Demand":0,"DemandMax":3,"Value":2820},{"Length":41,"Height":48,"Demand":0,"DemandMax":3,"Value":3936},{"Length":84,"Height":57,"Demand":0,"DemandMax":3,"Value":14364},{"Length":14,"Height":17,"Demand":0,"DemandMax":3,"Value":476},{"Length":41,"Height":27,"Demand":0,"DemandMax":3,"Value":2214},{"Length":74,"Height":92,"Demand":0,"DemandMax":3,"Value":13616},{"Length":28,"Height":36,"Demand":0,"DemandMax":3,"Value":3024},{"Length":14,"Height":76,"Demand":0,"DemandMax":3,"Value":3192},{"Length":38,"Height":19,"Demand":0,"DemandMax":3,"Value":722},{"Length":72,"Height":68,"Demand":0,"DemandMax":3,"Value":9792},{"Length":26,"Height":94,"Demand":0,"DemandMax":3,"Value":2444},{"Length":7,"Height":50,"Demand":0,"DemandMax":3,"Value":350},{"Length":55,"Height":66,"Demand":0,"DemandMax":3,"Value":10890},{"Length":48,"Height":27,"Demand":0,"DemandMax":3,"Value":2592},{"Length":76,"Height":79,"Demand":0,"DemandMax":3,"Value":6004},{"Length":12,"Height":27,"Demand":0,"DemandMax":3,"Value":324},{"Length":77,"Height":21,"Demand":0,"DemandMax":3,"Value":4851},{"Length":32,"Height":10,"Demand":0,"DemandMax":3,"Value":320},{"Length":50,"Height":34,"Demand":0,"DemandMax":3,"Value":5100},{"Length":88,"Height":61,"Demand":0,"DemandMax":3,"Value":10736},{"Length":92,"Height":48,"Demand":0,"DemandMax":3,"Value":4416},{"Length":82,"Height":50,"Demand":0,"DemandMax":3,"Value":4100},{"Length":48,"Height":5,"Demand":0,"DemandMax":3,"Value":480},{"Length":48,"Height":7,"Demand":0,"DemandMax":6,"Value":672},{"Length":20,"Height":95,"Demand":0,"DemandMax":3,"Value":1900},{"Length":98,"Height":11,"Demand":0,"DemandMax":3,"Value":3234},{"Length":2,"Height":25,"Demand":0,"DemandMax":3,"Value":50},{"Length":39,"Height":23,"Demand":0,"DemandMax":3,"Value":1794},{"Length":85,"Height":50,"Demand":0,"DemandMax":3,"Value":8500},{"Length":15,"Height":88,"Demand":0,"DemandMax":3,"Value":3960},{"Length":99,"Height":46,"Demand":0,"DemandMax":3,"Value":9108},{"Length":2,"Height":40,"Demand":0,"DemandMax":3,"Value":80},{"Length":99,"Height":47,"Demand":0,"DemandMax":3,"Value":13959},{"Length":71,"Height":85,"Demand":0,"DemandMax":3,"Value":12070},{"Length":99,"Height":97,"Demand":0,"DemandMax":3,"Value":9603},{"Length":84,"Height":55,"Demand":0,"DemandMax":3,"Value":4620},{"Length":96,"Height":92,"Demand":0,"DemandMax":3,"Value":17664},{"Length":13,"Height":26,"Demand":0,"DemandMax":3,"Value":676},{"Length":14,"Height":40,"Demand":0,"DemandMax":3,"Value":560},{"Length":94,"Height":39,"Demand":0,"DemandMax":3,"Value":7332},{"Length":23,"Height":96,"Demand":0,"DemandMax":3,"Value":2208},{"Length":12,"Height":5,"Demand":0,"DemandMax":3,"Value":120},{"Length":56,"Height":52,"Demand":0,"DemandMax":3,"Value":2912},{"Length":7,"Height":22,"Demand":0,"DemandMax":3,"Value":462},{"Length":47,"Height":44,"Demand":0,"DemandMax":3,"Value":2068},{"Length":14,"Height":78,"Demand":0,"DemandMax":3,"Value":3276},{"Length":93,"Height":32,"Demand":0,"DemandMax":3,"Value":2976},{"Length":48,"Height":16,"Demand":0,"DemandMax":3,"Value":768},{"Length":92,"Height":34,"Demand":0,"DemandMax":3,"Value":6256},{"Length":20,"Height":21,"Demand":0,"DemandMax":3,"Value":1260},{"Length":48,"Height":13,"Demand":0,"DemandMax":3,"Value":1872},{"Length":21,"Height":24,"Demand":0,"DemandMax":3,"Value":1512},{"Length":100,"Height":60,"Demand":0,"DemandMax":3,"Value":12000},{"Length":2,"Height":80,"Demand":0,"DemandMax":3,"Value":160},{"Length":21,"Height":95,"Demand":0,"DemandMax":3,"Value":3990},{"Length":33,"Height":27,"Demand":0,"DemandMax":3,"Value":1782},{"Length":38,"Height":3,"Demand":0,"DemandMax":3,"Value":228},{"Length":48,"Height":48,"Demand":0,"DemandMax":6,"Value":6912},{"Length":20,"Height":18,"Demand":0,"DemandMax":3,"Value":1080},{"Length":10,"Height":38,"Demand":0,"DemandMax":3,"Value":760},{"Length":88,"Height":93,"Demand":0,"DemandMax":3,"Value":24552},{"Length":47,"Height":93,"Demand":0,"DemandMax":3,"Value":8742},{"Length":48,"Height":77,"Demand":0,"DemandMax":3,"Value":11088},{"Length":39,"Height":4,"Demand":0,"DemandMax":3,"Value":156},{"Length":88,"Height":13,"Demand":0,"DemandMax":3,"Value":2288},{"Length":37,"Height":82,"Demand":0,"DemandMax":3,"Value":3034},{"Length":12,"Height":45,"Demand":0,"DemandMax":3,"Value":1620},{"Length":13,"Height":30,"Demand":0,"DemandMax":3,"Value":390},{"Length":26,"Height":38,"Demand":0,"DemandMax":3,"Value":988},{"Length":36,"Height":22,"Demand":0,"DemandMax":3,"Value":1584},{"Length":99,"Height":45,"Demand":0,"DemandMax":3,"Value":4455},{"Length":6,"Height":34,"Demand":0,"DemandMax":3,"Value":408},{"Length":20,"Height":16,"Demand":0,"DemandMax":3,"Value":320},{"Length":29,"Height":81,"Demand":0,"DemandMax":3,"Value":7047},{"Length":17,"Height":23,"Demand":0,"DemandMax":3,"Value":1173},{"Length":100,"Height":62,"Demand":0,"DemandMax":3,"Value":18600},{"Length":22,"Height":14,"Demand":0,"DemandMax":3,"Value":924},{"Length":72,"Height":54,"Demand":0,"DemandMax":3,"Value":3888},{"Length":78,"Height":49,"Demand":0,"DemandMax":3,"Value":7644},{"Length":25,"Height":15,"Demand":0,"DemandMax":3,"Value":750},{"Length":5,"Height":82,"Demand":0,"DemandMax":3,"Value":820},{"Length":80,"Height":91,"Demand":0,"DemandMax":3,"Value":21840},{"Length":55,"Height":56,"Demand":0,"DemandMax":3,"Value":3080},{"Length":19,"Height":23,"Demand":0,"DemandMax":3,"Value":874},{"Length":12,"Height":48,"Demand":0,"DemandMax":3,"Value":576},{"Length":24,"Height":37,"Demand":0,"DemandMax":3,"Value":888},{"Length":13,"Height":49,"Demand":0,"DemandMax":3,"Value":1274},{"Length":14,"Height":17,"Demand":0,"DemandMax":3,"Value":714},{"Length":42,"Height":93,"Demand":0,"DemandMax":3,"Value":11718},{"Length":30,"Height":84,"Demand":0,"DemandMax":3,"Value":2520},{"Length":17,"Height":15,"Demand":0,"DemandMax":3,"Value":510},{"Length":22,"Height":28,"Demand":0,"DemandMax":3,"Value":1848},{"Length":34,"Height":96,"Demand":0,"DemandMax":3,"Value":6528},{"Length":29,"Height":31,"Demand":0,"DemandMax":3,"Value":2697},{"Length":47,"Height":34,"Demand":0,"DemandMax":3,"Value":1598},{"Length":29,"Height":32,"Demand":0,"DemandMax":3,"Value":1856},{"Length":46,"Height":87,"Demand":0,"DemandMax":3,"Value":4002},{"Length":18,"Height":19,"Demand":0,"DemandMax":3,"Value":684},{"Length":38,"Height":40,"Demand":0,"DemandMax":3,"Value":1520},{"Length":66,"Height":75,"Demand":0,"DemandMax":3,"Value":4950},{"Length":15,"Height":27,"Demand":0,"DemandMax":3,"Value":810},{"Length":77,"Height":28,"Demand":0,"DemandMax":3,"Value":2156},{"Length":33,"Height":85,"Demand":0,"DemandMax":3,"Value":8415},{"Length":39,"Height":37,"Demand":0,"DemandMax":3,"Value":1443},{"Length":76,"Height":79,"Demand":0,"DemandMax":3,"Value":12008},{"Length":96,"Height":12,"Demand":0,"DemandMax":3,"Value":3456},{"Length":89,"Height":35,"Demand":0,"DemandMax":3,"Value":3115},{"Length":26,"Height":14,"Demand":0,"DemandMax":3,"Value":728},{"Length":99,"Height":28,"Demand":0,"DemandMax":3,"Value":5544},{"Length":56,"Height":65,"Demand":0,"DemandMax":3,"Value":3640},{"Length":3,"Height":15,"Demand":0,"DemandMax":3,"Value":135},{"Length":44,"Height":83,"Demand":0,"DemandMax":3,"Value":7304},{"Length":78,"Height":64,"Demand":0,"DemandMax":3,"Value":4992},{"Length":14,"Height":29,"Demand":0,"DemandMax":3,"Value":1218},{"Length":3,"Height":80,"Demand":0,"DemandMax":3,"Value":480},{"Length":61,"Height":96,"Demand":0,"DemandMax":3,"Value":11712},{"Length":100,"Height":39,"Demand":0,"DemandMax":3,"Value":3900},{"Length":44,"Height":16,"Demand":0,"DemandMax":3,"Value":2112},{"Length":14,"Height":87,"Demand":0,"DemandMax":3,"Value":2436},{"Length":100,"Height":100,"Demand":0,"DemandMax":3,"Value":10000},{"Length":37,"Height":96,"Demand":0,"DemandMax":3,"Value":7104},{"Length":20,"Height":35,"Demand":0,"DemandMax":3,"Value":700},{"Length":38,"Height":93,"Demand":0,"DemandMax":3,"Value":10602},{"Length":8,"Height":20,"Demand":0,"DemandMax":3,"Value":480},{"Length":97,"Height":30,"Demand":0,"DemandMax":3,"Value":8730},{"Length":77,"Height":60,"Demand":0,"DemandMax":3,"Value":13860},{"Length":90,"Height":58,"Demand":0,"DemandMax":3,"Value":10440},{"Length":34,"Height":33,"Demand":0,"DemandMax":3,"Value":2244},{"Length":88,"Height":4,"Demand":0,"DemandMax":3,"Value":1056},{"Length":77,"Height":47,"Demand":0,"DemandMax":3,"Value":10857},{"Length":83,"Height":7,"Demand":0,"DemandMax":3,"Value":1743},{"Length":33,"Height":48,"Demand":0,"DemandMax":3,"Value":3168},{"Length":80,"Height":89,"Demand":0,"DemandMax":3,"Value":21360},{"Length":48,"Height":45,"Demand":0,"DemandMax":3,"Value":4320},{"Length":89,"Height":24,"Demand":0,"DemandMax":3,"Value":2136},{"Length":100,"Height":66,"Demand":0,"DemandMax":3,"Value":13200},{"Length":66,"Height":78,"Demand":0,"DemandMax":3,"Value":15444},{"Length":11,"Height":81,"Demand":0,"DemandMax":3,"Value":2673},{"Length":35,"Height":82,"Demand":0,"DemandMax":3,"Value":5740},{"Length":62,"Height":71,"Demand":0,"DemandMax":3,"Value":13206},{"Length":92,"Height":75,"Demand":0,"DemandMax":3,"Value":13800},{"Length":15,"Height":15,"Demand":0,"DemandMax":3,"Value":450},{"Length":93,"Height":42,"Demand":0,"DemandMax":3,"Value":7812},{"Length":34,"Height":47,"Demand":0,"DemandMax":3,"Value":4794},{"Length":9,"Height":13,"Demand":0,"DemandMax":3,"Value":351},{"Length":30,"Height":26,"Demand":0,"DemandMax":3,"Value":1560},{"Length":4,"Height":27,"Demand":0,"DemandMax":3,"Value":324},{"Length":37,"Height":32,"Demand":0,"DemandMax":3,"Value":3552},{"Length":16,"Height":100,"Demand":0,"DemandMax":3,"Value":1600},{"Length":76,"Height":15,"Demand":0,"DemandMax":3,"Value":2280},{"Length":13,"Height":35,"Demand":0,"DemandMax":3,"Value":455},{"Length":9,"Height":10,"Demand":0,"DemandMax":3,"Value":90},{"Length":17,"Height":92,"Demand":0,"DemandMax":3,"Value":3128},{"Length":37,"Height":100,"Demand":0,"DemandMax":3,"Value":11100},{"Length":48,"Height":36,"Demand":0,"DemandMax":3,"Value":5184},{"Length":77,"Height":46,"Demand":0,"DemandMax":3,"Value":3542},{"Length":66,"Height":74,"Demand":0,"DemandMax":3,"Value":4884},{"Length":89,"Height":6,"Demand":0,"DemandMax":3,"Value":1068},{"Length":66,"Height":89,"Demand":0,"DemandMax":3,"Value":11748},{"Length":32,"Height":14,"Demand":0,"DemandMax":3,"Value":448},{"Length":68,"Height":74,"Demand":0,"DemandMax":3,"Value":5032},{"Length":97,"Height":85,"Demand":0,"DemandMax":3,"Value":24735},{"Length":32,"Height":49,"Demand":0,"DemandMax":3,"Value":4704},{"Length":97,"Height":10,"Demand":0,"DemandMax":3,"Value":1940},{"Length":54,"Height":80,"Demand":0,"DemandMax":3,"Value":4320},{"Length":53,"Height":84,"Demand":0,"DemandMax":3,"Value":4452},{"Length":23,"Height":17,"Demand":0,"DemandMax":3,"Value":391},{"Length":39,"Height":87,"Demand":0,"DemandMax":3,"Value":3393},{"Length":21,"Height":84,"Demand":0,"DemandMax":3,"Value":1764},{"Length":12,"Height":85,"Demand":0,"DemandMax":3,"Value":1020},{"Length":39,"Height":79,"Demand":0,"DemandMax":3,"Value":6162},{"Length":42,"Height":84,"Demand":0,"DemandMax":3,"Value":7056},{"Length":96,"Height":51,"Demand":0,"DemandMax":3,"Value":4896},{"Length":90,"Height":40,"Demand":0,"DemandMax":3,"Value":10800},{"Length":50,"Height":19,"Demand":0,"DemandMax":3,"Value":2850},{"Length":76,"Height":39,"Demand":0,"DemandMax":3,"Value":5928},{"Length":30,"Height":7,"Demand":0,"DemandMax":3,"Value":630},{"Length":47,"Height":8,"Demand":0,"DemandMax":3,"Value":752},{"Length":97,"Height":46,"Demand":0,"DemandMax":3,"Value":8924},{"Length":20,"Height":5,"Demand":0,"DemandMax":3,"Value":300},{"Length":16,"Height":92,"Demand":0,"DemandMax":3,"Value":1472},{"Length":6,"Height":85,"Demand":0,"DemandMax":3,"Value":510},{"Length":32,"Height":88,"Demand":0,"DemandMax":3,"Value":2816},{"Length":60,"Height":53,"Demand":0,"DemandMax":3,"Value":9540},{"Length":95,"Height":15,"Demand":0,"DemandMax":3,"Value":4275},{"Length":71,"Height":63,"Demand":0,"DemandMax":3,"Value":4473},{"Length":35,"Height":81,"Demand":0,"DemandMax":3,"Value":5670},{"Length":31,"Height":10,"Demand":0,"DemandMax":3,"Value":310},{"Length":31,"Height":100,"Demand":0,"DemandMax":3,"Value":6200},{"Length":5,"Height":39,"Demand":0,"DemandMax":3,"Value":390},{"Length":89,"Height":97,"Demand":0,"DemandMax":3,"Value":17266},{"Length":5,"Height":28,"Demand":0,"DemandMax":3,"Value":420},{"Length":48,"Height":20,"Demand":0,"DemandMax":3,"Value":960},{"Length":85,"Height":93,"Demand":0,"DemandMax":3,"Value":15810},{"Length":89,"Height":42,"Demand":0,"DemandMax":3,"Value":3738},{"Length":89,"Height":22,"Demand":0,"DemandMax":3,"Value":1958},{"Length":33,"Height":26,"Demand":0,"DemandMax":3,"Value":858},{"Length":81,"Height":66,"Demand":0,"DemandMax":3,"Value":16038},{"Length":48,"Height":46,"Demand":0,"DemandMax":3,"Value":4416},{"Length":50,"Height":49,"Demand":0,"DemandMax":3,"Value":4900},{"Length":46,"Height":30,"Demand":0,"DemandMax":3,"Value":4140},{"Length":89,"Height":24,"Demand":0,"DemandMax":3,"Value":6408},{"Length":26,"Height":22,"Demand":0,"DemandMax":3,"Value":1144},{"Length":16,"Height":84,"Demand":0,"DemandMax":3,"Value":1344},{"Length":39,"Height":82,"Demand":0,"DemandMax":3,"Value":3198},{"Length":83,"Height":13,"Demand":0,"DemandMax":3,"Value":3237},{"Length":21,"Height":18,"Demand":0,"DemandMax":3,"Value":756},{"Length":14,"Height":81,"Demand":0,"DemandMax":3,"Value":1134},{"Length":82,"Height":28,"Demand":0,"DemandMax":3,"Value":6888},{"Length":58,"Height":66,"Demand":0,"DemandMax":3,"Value":3828},{"Length":40,"Height":31,"Demand":0,"DemandMax":3,"Value":2480},{"Length":97,"Height":62,"Demand":0,"DemandMax":3,"Value":6014},{"Length":56,"Height":80,"Demand":0,"DemandMax":3,"Value":8960},{"Length":68,"Height":64,"Demand":0,"DemandMax":3,"Value":13056},{"Length":13,"Height":30,"Demand":0,"DemandMax":3,"Value":780}]}