{"Name":"ngcutfs1_200","Objects":[{"Length":100,"Height":100,"Stock":null,"Cost":10000}],"Items":[{"Length":35,"Height":83,"Demand":0,"DemandMax":6,"Value":5810},{"Length":45,"Height":79,"Demand":0,"DemandMax":3,"Value":10665},{"Length":27,"Height":85,"Demand":0,"DemandMax":3,"Value":4590},{"Length":70,"Height":94,"Demand":0,"DemandMax":3,"Value":6580},{"Length":37,"Height":96,"Demand":0,"DemandMax":3,"Value":10656},{"Length":74,"Height":61,"Demand":0,"DemandMax":3,"Value":13542},{"Length":19,"Height":33,"Demand":0,"DemandMax":3,"Value":1254},{"Length":4,"Height":6,"Demand":0,"DemandMax":3,"Value":48},{"Length":19,"Height":35,"Demand":0,"DemandMax":3,"Value":665},{"Length":37,"Height":3,"Demand":0,"DemandMax":3,"Value":333},{"Length":24,"Height":37,"Demand":0,"DemandMax":3,"Value":888},{"Length":84,"Height":2,"Demand":0,"DemandMax":3,"Value":336},{"Length":70,"Height":98,"Demand":0,"DemandMax":3,"Value":20580},{"Length":90,"Height":97,"Demand":0,"DemandMax":3,"Value":17460},{"Length":10,"Height":84,"Demand":0,"DemandMax":3,"Value":2520},{"Length":79,"Height":9,"Demand":0,"DemandMax":3,"Value":2133},{"Length":10,"Height":29,"Demand":0,"DemandMax":3,"Value":870},{"Length":15,"Height":82,"Demand":0,"DemandMax":3,"Value":2460},{"Length":83,"Height":45,"Demand":0,"DemandMax":3,"Value":11205},{"Length":83,"Height":71,"Demand":0,"DemandMax":3,"Value":11786},{"Length":49,"Height":8,"Demand":0,"DemandMax":3,"Value":1176},{"Length":33,"Height":25,"Demand":0,"DemandMax":3,"Value":2475},{"Length":35,"Height":90,"Demand":0,"DemandMax":3,"Value":6300},{"Length":44,"Height":2,"Demand":0,"DemandMax":3,"Value":264},{"Length":2,"Height":14,"Demand":0,"DemandMax":3,"Value":84},{"Length":52,"Height":96,"Demand":0,"DemandMax":3,"Value":9984},{"Length":33,"Height":28,"Demand":0,"DemandMax":3,"Value":924},{"Length":83,"Height":5,"Demand":0,"DemandMax":3,"Value":1245},{"Length":42,"Height":30,"Demand":0,"DemandMax":3,"Value":1260},{"Length":96,"Height":91,"Demand":0,"DemandMax":3,"Value":26208},{"Length":46,"Height":5,"Demand":0,"DemandMax":3,"Value":230},{"Length":9,"Height":25,"Demand":0,"DemandMax":3,"Value":675},{"Length":29,"Height":98,"Demand":0,"DemandMax":3,"Value":8526},{"Length":97,"Height":32,"Demand":0,"DemandMax":3,"Value":3104},{"Length":17,"Height":77,"Demand":0,"DemandMax":3,"Value":2618},{"Length":82,"Height":2,"Demand":0,"DemandMax":3,"Value":492},{"Length":76,"Height":51,"Demand":0,"DemandMax":3,"Value":7752},{"Length":93,"Height":35,"Demand":0,"DemandMax":3,"Value":3255},{"Length":87,"Height":22,"Demand":0,"DemandMax":3,"Value":5742},{"Length":78,"Height":15,"Demand":0,"DemandMax":3,"Value":3510},{"Length":36,"Height":5,"Demand":0,"DemandMax":3,"Value":180},{"Length":29,"Height":9,"Demand":0,"DemandMax":3,"Value":783},{"Length":6,"Height":94,"Demand":0,"DemandMax":3,"Value":564},{"Length":5,"Height":23,"Demand":0,"DemandMax":3,"Value":230},{"Length":13,"Height":45,"Demand":0,"DemandMax":3,"Value":1170},{"Length":60,"Height":60,"Demand":0,"DemandMax":3,"Value":10800},{"Length":98,"Height":56,"Demand":0,"DemandMax":3,"Value":16464},{"Length":50,"Height":87,"Demand":0,"DemandMax":3,"Value":8700},{"Length":47,"Height":39,"Demand":0,"DemandMax":3,"Value":3666},{"Length":21,"Height":40,"Demand":0,"DemandMax":3,"Value":840},{"Length":38,"Height":29,"Demand":0,"DemandMax":3,"Value":2204},{"Length":25,"Height":6,"Demand":0,"DemandMax":3,"Value":450},{"Length":83,"Height":92,"Demand":0,"DemandMax":3,"Value":22908},{"Length":7,"Height":49,"Demand":0,"DemandMax":3,"Value":686},{"Length":29,"Height":12,"Demand":0,"DemandMax":3,"Value":348},{"Length":7,"Height":16,"Demand":0,"DemandMax":3,"Value":112},{"Length":80,"Height":68,"Demand":0,"DemandMax":3,"Value":10880},{"Length":19,"Height":13,"Demand":0,"DemandMax":3,"Value":247},{"Length":34,"Height":5,"Demand":0,"DemandMax":3,"Value":170},{"Length":2,"Height":6,"Demand":0,"DemandMax":3,"Value":36},{"Length":12,"Height":20,"Demand":0,"DemandMax":3,"Value":480},{"Length":38,"Height":50,"Demand":0,"DemandMax":3,"Value":5700},{"Length":45,"Height":98,"Demand":0,"DemandMax":3,"Value":8820},{"Length":84,"Height":46,"Demand":0,"DemandMax":3,"Value":7728},{"Length":12,"Height":85,"Demand":0,"DemandMax":3,"Value":2040},{"Length":84,"Height":59,"Demand":0,"DemandMax":3,"Value":14868},{"Length":92,"Height":57,"Demand":0,"DemandMax":3,"Value":10488},{"Length":46,"Height":4,"Demand":0,"DemandMax":3,"Value":184},{"Length":25,"Height":19,"Demand":0,"DemandMax":6,"Value":475},{"Length":68,"Height":78,"Demand":0,"DemandMax":3,"Value":10608},{"Length":16,"Height":26,"Demand":0,"DemandMax":3,"Value":1248},{"Length":53,"Height":88,"Demand":0,"DemandMax":3,"Value":9328},{"Length":15,"Height":20,"Demand":0,"DemandMax":3,"Value":300},{"Length":49,"Height":36,"Demand":0,"DemandMax":3,"Value":1764},{"Length":20,"Height":8,"Demand":0,"DemandMax":3,"Value":480},{"Length":24,"Height":37,"Demand":0,"DemandMax":3,"Value":2664},{"Length":17,"Height":11,"Demand":0,"DemandMax":3,"Value":374},{"Length":15,"Height":47,"Demand":0,"DemandMax":3,"Value":2115},{"Length":48,"Height":97,"Demand":0,"DemandMax":3,"Value":4656},{"Length":84,"Height":73,"Demand":0,"DemandMax":3,"Value":12264},{"Length":3,"Height":87,"Demand":0,"DemandMax":3,"Value":783},{"Length":2,"Height":82,"Demand":0,"DemandMax":3,"Value":164},{"Length":95,"Height":95,"Demand":0,"DemandMax":3,"Value":27075},{"Length":77,"Height":20,"Demand":0,"DemandMax":3,"Value":1540},{"Length":42,"Height":9,"Demand":0,"DemandMax":3,"Value":378},{"Length":49,"Height":79,"Demand":0,"DemandMax":3,"Value":3871},{"Length":95,"Height":37,"Demand":0,"DemandMax":3,"Value":10545},{"Length":21,"Height":44,"Demand":0,"DemandMax":3,"Value":924},{"Length":84,"Height":72,"Demand":0,"DemandMax":3,"Value":18144},{"Length":3,"Height":93,"Demand":0,"DemandMax":3,"Value":837},{"Length":43,"Height":93,"Demand":0,"DemandMax":3,"Value":7998},{"Length":92,"Height":59,"Demand":0,"DemandMax":3,"Value":10856},{"Length":2,"Height":28,"Demand":0,"DemandMax":3,"Value":56},{"Length":77,"Height":72,"Demand":0,"DemandMax":3,"Value":5544},{"Length":28,"Height":20,"Demand":0,"DemandMax":3,"Value":560},{"Length":8,"Height":28,"Demand":0,"DemandMax":3,"Value":448},{"Length":49,"Height":45,"Demand":0,"DemandMax":3,"Value":4410},{"Length":25,"Height":33,"Demand":0,"DemandMax":3,"Value":825},{"Length":38,"Height":47,"Demand":0,"DemandMax":3,"Value":3572},{"Length":22,"Height":92,"Demand":0,"DemandMax":3,"Value":4048},{"Length":18,"Height":93,"Demand":0,"DemandMax":3,"Value":3348},{"Length":34,"Height":43,"Demand":0,"DemandMax":3,"Value":1462},{"Length":77,"Height":24,"Demand":0,"DemandMax":3,"Value":3696},{"Length":42,"Height":27,"Demand":0,"DemandMax":3,"Value":3402},{"Length":22,"Height":8,"Demand":0,"DemandMax":3,"Value":176},{"Length":44,"Height":34,"Demand":0,"DemandMax":3,"Value":1496},{"Length":8,"Height":7,"Demand":0,"DemandMax":3,"Value":112},{"Length":48,"Height":82,"Demand":0,"DemandMax":3,"Value":3936},{"Length":44,"Height":19,"Demand":0,"DemandMax":3,"Value":2508},{"Length":62,"Height":57,"Demand":0,"DemandMax":3,"Value":10602},{"Length":36,"Height":45,"Demand":0,"DemandMax":3,"Value":1620},{"Length":87,"Height":28,"Demand":0,"DemandMax":3,"Value":4872},{"Length":37,"Height":29,"Demand":0,"DemandMax":3,"Value":1073},{"Length":9,"Height":23,"Demand":0,"DemandMax":3,"Value":414},{"Length":52,"Height":93,"Demand":0,"DemandMax":3,"Value":9672},{"Length":88,"Height":40,"Demand":0,"DemandMax":3,"Value":7040},{"Length":21,"Height":6,"Demand":0,"DemandMax":3,"Value":126},{"Length":50,"Height":94,"Demand":0,"DemandMax":3,"Value":9400},{"Length":79,"Height":33,"Demand":0,"DemandMax":3,"Value":5214},{"Length":82,"Height":10,"Demand":0,"DemandMax":3,"Value":1640},{"Length":24,"Height":4,"Demand":0,"DemandMax":3,"Value":192},{"Length":3,"Height":89,"Demand":0,"DemandMax":3,"Value":801},{"Length":79,"Height":81,"Demand":0,"DemandMax":3,"Value":6399},{"Length":46,"Height":18,"Demand":0,"DemandMax":3,"Value":2484},{"Length":39,"Height":36,"Demand":0,"DemandMax":3,"Value":4212},{"Length":80,"Height":83,"Demand":0,"DemandMax":3,"Value":13280},{"Length":14,"Height":77,"Demand":0,"DemandMax":3,"Value":2156},{"Length":4,"Height":23,"Demand":0,"DemandMax":3,"Value":276},{"Length":97,"Height":65,"Demand":0,"DemandMax":3,"Value":12610},{"Length":32,"Height":6,"Demand":0,"DemandMax":3,"Value":192},{"Length":11,"Height":26,"Demand":0,"DemandMax":3,"Value":286},{"Length":89,"Height":88,"Demand":0,"DemandMax":3,"Value":15664},{"Length":43,"Height":9,"Demand":0,"DemandMax":9,"Value":387},{"Length":78,"Height":60,"Demand":0,"DemandMax":3,"Value":14040},{"Length":57,"Height":73,"Demand":0,"DemandMax":3,"Value":8322},{"Length":70,"Height":90,"Demand":0,"DemandMax":3,"Value":6300},{"Length":99,"Height":12,"Demand":0,"DemandMax":3,"Value":3564},{"Length":87,"Height":40,"Demand":0,"DemandMax":3,"Value":10440},{"Length":98,"Height":16,"Demand":0,"DemandMax":3,"Value":3136},{"Length":49,"Height":28,"Demand":0,"DemandMax":3,"Value":4116},{"Length":87,"Height":87,"Demand":0,"DemandMax":3,"Value":7569},{"Length":22,"Height":23,"Demand":0,"DemandMax":3,"Value":506},{"Length":7,"Height":19,"Demand":0,"DemandMax":3,"Value":266},{"Length":8,"Height":78,"Demand":0,"DemandMax":3,"Value":1872},{"Length":27,"Height":48,"Demand":0,"DemandMax":3,"Value":3888},{"Length":76,"Height":79,"Demand":0,"DemandMax":3,"Value":18012},{"Length":80,"Height":83,"Demand":0,"DemandMax":3,"Value":6640},{"Length":3,"Height":46,"Demand":0,"DemandMax":3,"Value":414},{"Length":16,"Height":81,"Demand":0,"DemandMax":3,"Value":3888},{"Length":21,"Height":19,"Demand":0,"DemandMax":3,"Value":1197},{"Length":5,"Height":85,"Demand":0,"DemandMax":3,"Value":425},{"Length":26,"Height":49,"Demand":0,"DemandMax":3,"Value":2548},{"Length":18,"Height":12,"Demand":0,"DemandMax":3,"Value":648},{"Length":2,"Height":11,"Demand":0,"DemandMax":3,"Value":66},{"Length":43,"Height":25,"Demand":0,"DemandMax":3,"Value":3225},{"Length":42,"Height":39,"Demand":0,"DemandMax":3,"Value":4914},{"Length":93,"Height":37,"Demand":0,"DemandMax":3,"Value":6882},{"Length":46,"Height":86,"Demand":0,"DemandMax":3,"Value":7912},{"Length":96,"Height":51,"Demand":0,"DemandMax":3,"Value":14688},{"Length":21,"Height":24,"Demand":0,"DemandMax":3,"Value":1008},{"Length":3,"Height":23,"Demand":0,"DemandMax":3,"Value":138},{"Length":98,"Height":39,"Demand":0,"DemandMax":3,"Value":7644},{"Length":4,"Height":38,"Demand":0,"DemandMax":3,"Value":152},{"Length":86,"Height":38,"Demand":0,"DemandMax":3,"Value":6536},{"Length":22,"Height":48,"Demand":0,"DemandMax":3,"Value":1056},{"Length":16,"Height":17,"Demand":0,"DemandMax":3,"Value":544},{"Length":86,"Height":31,"Demand":0,"DemandMax":3,"Value":2666},{"Length":31,"Height":29,"Demand":0,"DemandMax":3,"Value":1798},{"Length":44,"Height":32,"Demand":0,"DemandMax":3,"Value":4224},{"Length":18,"Height":86,"Demand":0,"DemandMax":3,"Value":1548},{"Length":4,"Height":35,"Demand":0,"DemandMax":3,"Value":420},{"Length":18,"Height":89,"Demand":0,"DemandMax":3,"Value":1602},{"Length":25,"Height":24,"Demand":0,"DemandMax":3,"Value":1200},{"Length":41,"Height":25,"Demand":0,"DemandMax":3,"Value":1025},{"Length":64,"Height":94,"Demand":0,"DemandMax":3,"Value":12032},{"Length":89,"Height":5,"Demand":0,"DemandMax":3,"Value":445},{"Length":84,"Height":31,"Demand":0,"DemandMax":3,"Value":5208},{"Length":74,"Height":73,"Demand":0,"DemandMax":3,"Value":5402},{"Length":39,"Height":6,"Demand":0,"DemandMax":3,"Value":234},{"Length":22,"Height":23,"Demand":0,"DemandMax":3,"Value":1518},{"Length":40,"Height":97,"Demand":0,"DemandMax":3,"Value":7760},{"Length":30,"Height":7,"Demand":0,"DemandMax":3,"Value":630},{"Length":50,"Height":99,"Demand":0,"DemandMax":3,"Value":9900},{"Length":29,"Height":16,"Demand":0,"DemandMax":3,"Value":464},{"Length":5,"Height":98,"Demand":0,"DemandMax":3,"Value":490},{"Length":8,"Height":9,"Demand":0,"DemandMax":3,"Value":72},{"Length":53,"Height":78,"Demand":0,"DemandMax":3,"Value":12402},{"Length":62,"Height":80,"Demand":0,"DemandMax":3,"Value":4960},{"Length":70,"Height":99,"Demand":0,"DemandMax":3,"Value":20790},{"Length":44,"Height":21,"Demand":0,"DemandMax":3,"Value":1848},{"Length":93,"Height":10,"Demand":0,"DemandMax":3,"Value":2790},{"Length":90,"Height":24,"Demand":0,"DemandMax":3,"Value":2160},{"Length":45,"Height":96,"Demand":0,"DemandMax":3,"Value":8640},{"Length":97,"Height":77,"Demand":0,"DemandMax":3,"Value":14938},{"Length":29,"Height":77,"Demand":0,"DemandMax":3,"Value":4466},{"Length":95,"Height":8,"Demand":0,"DemandMax":3,"Value":760},{"Length":90,"Height":40,"Demand":0,"DemandMax":3,"Value":3600},{"Length":13,"Height":82,"Demand":0,"DemandMax":3,"Value":2132},{"Length":9,"Height":42,"Demand":0,"DemandMax":3,"Value":378},{"Length":2,"Height":21,"Demand":0,"DemandMax":3,"Value":126},{"Length":43,"Height":4,"Demand":0,"DemandMax":3,"Value":172},{"Length":84,"Height":30,"Demand":0,"DemandMax":3,"Value":5040},{"Length":38,"Height":2,"Demand":0,"DemandMax":3,"Value":228},{"Length":19,"Height":80,"Demand":0,"DemandMax":3,"Value":1520},{"Length":5,"Height":32,"Demand":0,"DemandMax":3,"Value":160},{"Length":28,"Height":25,"Demand":0,"DemandMax":3,"Value":700},{"Length":22,"Height":34,"Demand":0,"DemandMax":3,"Value":2244},{"Length":95,"Height":44,"Demand":0,"DemandMax":3,"Value":4180},{"Length":26,"Height":6,"Demand":0,"DemandMax":3,"Value":312},{"Length":43,"Height":10,"Demand":0,"DemandMax":3,"Value":430},{"Length":10,"Height":11,"Demand":0,"DemandMax":3,"Value":220},{"Length":99,"Height":81,"Demand":0,"DemandMax":3,"Value":16038},{"Length":99,"Height":27,"Demand":0,"DemandMax":3,"Value":2673},{"Length":77,"Height":88,"Demand":0,"DemandMax":3,"Value":20328},{"Length":16,"Height":31,"Demand":0,"DemandMax":3,"Value":992},{"Length":58,"Height":60,"Demand":0,"DemandMax":3,"Value":6960},{"Length":100,"Height":54,"Demand":0,"DemandMax":3,"Value":10800},{"Length":50,"Height":20,"Demand":0,"DemandMax":3,"Value":3000},{"Length":22,"Height":26,"Demand":0,"DemandMax":3,"Value":572},{"Length":42,"Height":42,"Demand":0,"DemandMax":3,"Value":1764},{"Length":73,"Height":60,"Demand":0,"DemandMax":3,"Value":4380},{"Length":19,"Height":93,"Demand":0,"DemandMax":3,"Value":1767},{"Length":77,"Height":97,"Demand":0,"DemandMax":3,"Value":14938},{"Length":75,"Height":78,"Demand":0,"DemandMax":3,"Value":17550},{"Length":34,"Height":85,"Demand":0,"DemandMax":3,"Value":5780},{"Length":34,"Height":32,"Demand":0,"DemandMax":3,"Value":2176},{"Length":30,"Height":30,"Demand":0,"DemandMax":6,"Value":2700},{"Length":98,"Height":84,"Demand":0,"DemandMax":3,"Value":24696},{"Length":84,"Height":63,"Demand":0,"DemandMax":3,"Value":10584},{"Length":48,"Height":37,"Demand":0,"DemandMax":3,"Value":3552},{"Length":30,"Height":41,"Demand":0,"DemandMax":3,"Value":3690},{"Length":37,"Height":25,"Demand":0,"DemandMax":3,"Value":1850},{"Length":5,"Height":10,"Demand":0,"DemandMax":3,"Value":50},{"Length":4,"Height":30,"Demand":0,"DemandMax":3,"Value":360},{"Length":22,"Height":45,"Demand":0,"DemandMax":3,"Value":2970},{"Length":15,"Height":19,"Demand":0,"DemandMax":3,"Value":855},{"Length":3,"Height":39,"Demand":0,"DemandMax":3,"Value":351},{"Length":94,"Height":67,"Demand":0,"DemandMax":3,"Value":18894},{"Length":49,"Height":31,"Demand":0,"DemandMax":3,"Value":3038},{"Length":91,"Height":57,"Demand":0,"DemandMax":3,"Value":10374},{"Length":90,"Height":5,"Demand":0,"DemandMax":3,"Value":450},{"Length":76,"Height":9,"Demand":0,"DemandMax":3,"Value":2052},{"Length":12,"Height":78,"Demand":0,"DemandMax":3,"Value":936},{"Length":100,"Height":48,"Demand":0,"DemandMax":3,"Value":9600},{"Length":25,"Height":4,"Demand":0,"DemandMax":3,"Value":200},{"Length":74,"Height":71,"Demand":0,"DemandMax":3,"Value":15762},{"Length":33,"Height":34,"Demand":0,"DemandMax":3,"Value":1122},{"Length":28,"Height":25,"Demand":0,"DemandMax":3,"Value":1400},{"Length":90,"Height":11,"Demand":0,"DemandMax":3,"Value":2970},{"Length":81,"Height":23,"Demand":0,"DemandMax":3,"Value":5589},{"Length":22,"Height":95,"Demand":0,"DemandMax":3,"Value":4180},{"Length":81,"Height":16,"Demand":0,"DemandMax":3,"Value":3888},{"Length":84,"Height":17,"Demand":0,"DemandMax":3,"Value":1428},{"Length":12,"Height":93,"Demand":0,"DemandMax":3,"Value":2232},{"Length":20,"Height":96,"Demand":0,"DemandMax":3,"Value":5760},{"Length":13,"Height":41,"Demand":0,"DemandMax":3,"Value":1066},{"Length":37,"Height":77,"Demand":0,"DemandMax":3,"Value":5698},{"Length":42,"Height":98,"Demand":0,"DemandMax":3,"Value":8232},{"Length":25,"Height":3,"Demand":0,"DemandMax":3,"Value":150},{"Length":83,"Height":9,"Demand":0,"DemandMax":3,"Value":2241},{"Length":53,"Height":69,"Demand":0,"DemandMax":3,"Value":7314},{"Length":42,"Height":96,"Demand":0,"DemandMax":3,"Value":4032},{"Length":44,"Height":35,"Demand":0,"DemandMax":3,"Value":1540},{"Length":91,"Height":19,"Demand":0,"DemandMax":3,"Value":5187},{"Length":92,"Height":25,"Demand":0,"DemandMax":6,"Value":4600},{"Length":9,"Height":33,"Demand":0,"DemandMax":3,"Value":297},{"Length":46,"Height":18,"Demand":0,"DemandMax":3,"Value":1656},{"Length":19,"Height":43,"Demand":0,"DemandMax":3,"Value":1634},{"Length":47,"Height":45,"Demand":0,"DemandMax":6,"Value":4230},{"Length":89,"Height":29,"Demand":0,"DemandMax":3,"Value":2581},{"Length":5,"Height":11,"Demand":0,"DemandMax":3,"Value":55},{"Length":92,"Height":42,"Demand":0,"DemandMax":3,"Value":7728},{"Length":61,"Height":60,"Demand":0,"DemandMax":3,"Value":7320},{"Length":45,"Height":37,"Demand":0,"DemandMax":3,"Value":3330},{"Length":32,"Height":19,"Demand":0,"DemandMax":3,"Value":1216},{"Length":62,"Height":70,"Demand":0,"DemandMax":3,"Value":13020},{"Length":51,"Height":59,"Demand":0,"DemandMax":3,"Value":3009},{"Length":54,"Height":95,"Demand":0,"DemandMax":3,"Value":5130},{"Length":18,"Height":9,"Demand":0,"DemandMax":3,"Value":162},{"Length":31,"Height":42,"Demand":0,"DemandMax":6,"Value":3906},{"Length":30,"Height":37,"Demand":0,"DemandMax":3,"Value":1110},{"Length":10,"Height":22,"Demand":0,"DemandMax":3,"Value":220},{"Length":10,"Height":49,"Demand":0,"DemandMax":3,"Value":490},{"Length":3,"Height":83,"Demand":0,"DemandMax":3,"Value":249},{"Length":78,"Height":65,"Demand":0,"DemandMax":3,"Value":10140},{"Length":78,"Height":12,"Demand":0,"DemandMax":3,"Value":1872},{"Length":50,"Height":94,"Demand":0,"DemandMax":3,"Value":14100},{"Length":22,"Height":20,"Demand":0,"DemandMax":3,"Value":1320},{"Length":46,"Height":2,"Demand":0,"DemandMax":6,"Value":92},{"Length":82,"Height":19,"Demand":0,"DemandMax":3,"Value":4674},{"Length":31,"Height":78,"Demand":0,"DemandMax":3,"Value":7254},{"Length":25,"Height":7,"Demand":0,"DemandMax":3,"Value":175},{"Length":55,"Height":90,"Demand":0,"DemandMax":3,"Value":9900},{"Length":95,"Height":65,"Demand":0,"DemandMax":3,"Value":18525},{"Length":93,"Height":84,"Demand":0,"DemandMax":3,"Value":23436},{"Length":22,"Height":50,"Demand":0,"DemandMax":3,"Value":3300},{"Length":34,"Height":4,"Demand":0,"DemandMax":3,"Value":272},{"Length":84,"Height":76,"Demand":0,"DemandMax":3,"Value":6384},{"Length":23,"Height":89,"Demand":0,"DemandMax":3,"Value":2047},{"Length":89,"Height":81,"Demand":0,"DemandMax":3,"Value":7209},{"Length":86,"Height":9,"Demand":0,"DemandMax":3,"Value":1548},{"Length":26,"Height":37,"Demand":0,"DemandMax":3,"Value":2886},{"Length":16,"Height":6,"Demand":0,"DemandMax":3,"Value":288},{"Length":59,"Height":100,"Demand":0,"DemandMax":3,"Value":17700},{"Length":48,"Height":25,"Demand":0,"DemandMax":3,"Value":3600},{"Length":86,"Height":70,"Demand":0,"DemandMax":3,"Value":6020},{"Length":4,"Height":25,"Demand":0,"DemandMax":3,"Value":300},{"Length":87,"Height":86,"Demand":0,"DemandMax":3,"Value":22446},{"Length":19,"Height":33,"Demand":0,"DemandMax":3,"Value":1881},{"Length":71,"Height":81,"Demand":0,"DemandMax":3,"Value":5751},{"Length":26,"Height":24,"Demand":0,"DemandMax":3,"Value":1872},{"Length":55,"Height":84,"Demand":0,"DemandMax":3,"Value":13860},{"Length":11,"Height":37,"Demand":0,"DemandMax":3,"Value":1221},{"Length":20,"Height":80,"Demand":0,"DemandMax":3,"Value":1600},{"Length":19,"Height":8,"Demand":0,"DemandMax":6,"Value":152},{"Length":32,"Height":83,"Demand":0,"DemandMax":6,"Value":2656},{"Length":63,"Height":89,"Demand":0,"DemandMax":3,"Value":11214},{"Length":43,"Height":14,"Demand":0,"DemandMax":3,"Value":602},{"Length":48,"Height":86,"Demand":0,"DemandMax":3,"Value":4128},{"Length":81,"Height":88,"Demand":0,"DemandMax":3,"Value":14256},{"Length":77,"Height":5,"Demand":0,"DemandMax":3,"Value":770},{"Length":63,"Height":88,"Demand":0,"DemandMax":3,"Value":5544},{"Length":14,"Height":14,"Demand":0,"DemandMax":3,"Value":392},{"Length":40,"Height":4,"Demand":0,"DemandMax":3,"Value":480},{"Length":97,"Height":33,"Demand":0,"DemandMax":3,"Value":6402},{"Length":35,"Height":95,"Demand":0,"DemandMax":3,"Value":3325},{"Length":26,"Height":42,"Demand":0,"DemandMax":3,"Value":3276},{"Length":11,"Height":79,"Demand":0,"DemandMax":6,"Value":869},{"Length":82,"Height":83,"Demand":0,"DemandMax":3,"Value":13612},{"Length":91,"Height":17,"Demand":0,"DemandMax":3,"Value":3094},{"Length":39,"Height":83,"Demand":0,"DemandMax":3,"Value":6474},{"Length":39,"Height":79,"Demand":0,"DemandMax":3,"Value":3081},{"Length":88,"Height":40,"Demand":0,"DemandMax":3,"Value":3520},{"Length":49,"Height":24,"Demand":0,"DemandMax":3,"Value":2352},{"Length":91,"Height":36,"Demand":0,"DemandMax":3,"Value":3276},{"Length":20,"Height":10,"Demand":0,"DemandMax":3,"Value":200},{"Length":43,"Height":79,"Demand":0,"DemandMax":3,"Value":3397},{"Length":34,"Height":87,"Demand":0,"DemandMax":3,"Value":5916},{"Length":90,"Height":6,"Demand":0,"DemandMax":3,"Value":1620},{"Length":8,"Height":47,"Demand":0,"DemandMax":6,"Value":1128},{"Length":82,"Height":84,"Demand":0,"DemandMax":3,"Value":20664},{"Length":96,"Height":79,"Demand":0,"DemandMax":6,"Value":22752},{"Length":16,"Height":44,"Demand":0,"DemandMax":3,"Value":704},{"Length":96,"Height":44,"Demand":0,"DemandMax":3,"Value":12672},{"Length":77,"Height":76,"Demand":0,"DemandMax":3,"Value":5852},{"Length":62,"Height":90,"Demand":0,"DemandMax":3,"Value":5580},{"Length":15,"Height":76,"Demand":0,"DemandMax":3,"Value":3420},{"Length":83,"Height":20,"Demand":0,"DemandMax":3,"Value":3320},{"Length":84,"Height":3,"Demand":0,"DemandMax":3,"Value":756},{"Length":32,"Height":39,"Demand":0,"DemandMax":3,"Value":2496},{"Length":16,"Height":16,"Demand":0,"DemandMax":3,"Value":768},{"Length":99,"Height":71,"Demand":0,"DemandMax":3,"Value":14058},{"Length":57,"Height":89,"Demand":0,"DemandMax":3,"Value":10146},{"Length":30,"Height":85,"Demand":0,"DemandMax":3,"Value":7650},{"Length":44,"Height":2,"Demand":0,"DemandMax":3,"Value":176},{"Length":4,"Height":32,"Demand":0,"DemandMax":3,"Value":256},{"Length":14,"Height":5,"Demand":0,"DemandMax":3,"Value":140},{"Length":36,"Height":46,"Demand":0,"DemandMax":3,"Value":3312},{"Length":5,"Height":91,"Demand":0,"DemandMax":3,"Value":455},{"Length":10,"Height":19,"Demand":0,"DemandMax":3,"Value":190},{"Length":6,"Height":94,"Demand":0,"DemandMax":3,"Value":1128},{"Length":96,"Height":80,"Demand":0,"DemandMax":3,"Value":15360},{"Length":18,"Height":39,"Demand":0,"DemandMax":6,"Value":702},{"Length":85,"Height":93,"Demand":0,"DemandMax":3,"Value":15810},{"Length":96,"Height":8,"Demand":0,"DemandMax":3,"Value":2304},{"Length":2,"Height":16,"Demand":0,"DemandMax":3,"Value":64},{"Length":78,"Height":26,"Demand":0,"DemandMax":3,"Value":6084},{"Length":36,"Height":97,"Demand":0,"DemandMax":3,"Value":3492},{"Length":44,"Height":28,"Demand":0,"DemandMax":3,"Value":3696},{"Length":15,"Height":86,"Demand":0,"DemandMax":3,"Value":2580},{"Length":34,"Height":97,"Demand":0,"DemandMax":3,"Value":9894},{"Length":27,"Height":99,"Demand":0,"DemandMax":3,"Value":8019},{"Length":12,"Height":38,"Demand":0,"DemandMax":6,"Value":912},{"Length":23,"Height":2,"Demand":0,"DemandMax":3,"Value":138},{"Length":77,"Height":75,"Demand":0,"DemandMax":3,"Value":11550},{"Length":77,"Height":94,"Demand":0,"DemandMax":3,"Value":21714},{"Length":31,"Height":25,"Demand":0,"DemandMax":3,"Value":1550},{"Length":8,"Height":30,"Demand":0,"DemandMax":3,"Value":720},{"Length":24,"Height":40,"Demand":0,"DemandMax":3,"Value":1920},{"Length":48,"Height":50,"Demand":0,"DemandMax":3,"Value":7200},{"Length":80,"Height":6,"Demand":0,"DemandMax":3,"Value":480},{"Length":12,"Height":96,"Demand":0,"DemandMax":3,"Value":1152},{"Length":15,"Height":23,"Demand":0,"DemandMax":3,"Value":690},{"Length":77,"Height":94,"Demand":0,"DemandMax":3,"Value":7238},{"Length":74,"Height":93,"Demand":0,"DemandMax":3,"Value":13764},{"Length":100,"Height":48,"Demand":0,"DemandMax":3,"Value":4800},{"Length":11,"Height":32,"Demand":0,"DemandMax":3,"Value":1056},{"Length":79,"Height":49,"Demand":0,"DemandMax":3,"Value":7742},{"Length":82,"Height":82,"Demand":0,"DemandMax":3,"Value":6724},{"Length":48,"Height":4,"Demand":0,"DemandMax":3,"Value":576},{"Length":94,"Height":26,"Demand":0,"DemandMax":3,"Value":7332},{"Length":9,"Height":49,"Demand":0,"DemandMax":3,"Value":882},{"Length":11,"Height":24,"Demand":0,"DemandMax":3,"Value":264},{"Length":81,"Height":84,"Demand":0,"DemandMax":3,"Value":20412},{"Length":39,"Height":34,"Demand":0,"DemandMax":3,"Value":2652},{"Length":17,"Height":49,"Demand":0,"DemandMax":3,"Value":2499},{"Length":80,"Height":2,"Demand":0,"DemandMax":3,"Value":320},{"Length":79,"Height":32,"Demand":0,"DemandMax":3,"Value":2528},{"Length":85,"Height":26,"Demand":0,"DemandMax":3,"Value":2210},{"Length":31,"Height":79,"Demand":0,"DemandMax":3,"Value":2449},{"Length":3,"Height":20,"Demand":0,"DemandMax":3,"Value":60},{"Length":29,"Height":86,"Demand":0,"DemandMax":3,"Value":7482},{"Length":8,"Height":83,"Demand":0,"DemandMax":3,"Value":1992},{"Length":39,"Height":78,"Demand":0,"DemandMax":3,"Value":6084},{"Length":90,"Height":15,"Demand":0,"DemandMax":3,"Value":4050},{"Length":7,"Height":46,"Demand":0,"DemandMax":6,"Value":644},{"Length":47,"Height":78,"Demand":0,"DemandMax":3,"Value":10998},{"Length":24,"Height":7,"Demand":0,"DemandMax":3,"Value":504},{"Length":95,"Height":15,"Demand":0,"DemandMax":3,"Value":4275},{"Length":8,"Height":2,"Demand":0,"DemandMax":3,"Value":16},{"Length":75,"Height":93,"Demand":0,"DemandMax":3,"Value":20925},{"Length":25,"Height":81,"Demand":0,"DemandMax":3,"Value":2025},{"Length":50,"Height":98,"Demand":0,"DemandMax":6,"Value":4900},{"Length":11,"Height":3,"Demand":0,"DemandMax":3,"Value":66},{"Length":25,"Height":6,"Demand":0,"DemandMax":3,"Value":300},{"Length":78,"Height":60,"Demand":0,"DemandMax":3,"Value":4680},{"Length":94,"Height":48,"Demand":0,"DemandMax":3,"Value":4512},{"Length":78,"Height":2,"Demand":0,"DemandMax":3,"Value":156},{"Length":26,"Height":76,"Demand":0,"DemandMax":3,"Value":5928},{"Length":89,"Height":24,"Demand":0,"DemandMax":3,"Value":2136},{"Length":100,"Height":92,"Demand":0,"DemandMax":3,"Value":9200},{"Length":34,"Height":47,"Demand":0,"DemandMax":3,"Value":1598},{"Length":82,"Height":34,"Demand":0,"DemandMax":3,"Value":5576},{"Length":18,"Height":21,"Demand":0,"DemandMax":3,"Value":378},{"Length":26,"Height":11,"Demand":0,"DemandMax":3,"Value":572},{"Length":32,"Height":21,"Demand":0,"DemandMax":3,"Value":1344},{"Length":54,"Height":51,"Demand":0,"DemandMax":3,"Value":5508},{"Length":24,"Height":31,"Demand":0,"DemandMax":3,"Value":1488},{"Length":19,"Height":25,"Demand":0,"DemandMax":3,"Value":475},{"Length":99,"Height":94,"Demand":0,"DemandMax":3,"Value":18612},{"Length":64,"Height":77,"Demand":0,"DemandMax":3,"Value":9856},{"Length":13,"Height":79,"Demand":0,"DemandMax":3,"Value":1027},{"Length":93,"Height":30,"Demand":0,"DemandMax":3,"Value":2790},{"Length":33,"Height":85,"Demand":0,"DemandMax":3,"Value":8415},{"Length":15,"Height":46,"Demand":0,"DemandMax":3,"Value":1380},{"Length":34,"Height":37,"Demand":0,"DemandMax":6,"Value":1258},{"Length":49,"Height":2,"Demand":0,"DemandMax":3,"Value":294},{"Length":80,"Height":82,"Demand":0,"DemandMax":3,"Value":6560},{"Length":42,"Height":76,"Demand":0,"DemandMax":3,"Value":3192},{"Length":80,"Height":34,"Demand":0,"DemandMax":3,"Value":5440},{"Length":100,"Height":60,"Demand":0,"DemandMax":3,"Value":18000},{"Length":84,"Height":38,"Demand":0,"DemandMax":3,"Value":3192},{"Length":37,"Height":23,"Demand":0,"DemandMax":3,"Value":851},{"Length":94,"Height":15,"Demand":0,"DemandMax":3,"Value":2820},{"Length":80,"Height":87,"Demand":0,"DemandMax":3,"Value":6960},{"Length":67,"Height":99,"Demand":0,"DemandMax":3,"Value":6633},{"Length":29,"Height":81,"Demand":0,"DemandMax":3,"Value":7047},{"Length":41,"Height":44,"Demand":0,"DemandMax":3,"Value":5412},{"Length":42,"Height":13,"Demand":0,"DemandMax":3,"Value":1092},{"Length":93,"Height":96,"Demand":0,"DemandMax":3,"Value":26784},{"Length":13,"Height":90,"Demand":0,"DemandMax":3,"Value":3510},{"Length":22,"Height":20,"Demand":0,"DemandMax":3,"Value":880},{"Length":34,"Height":19,"Demand":0,"DemandMax":3,"Value":1938},{"Length":27,"Height":15,"Demand":0,"DemandMax":3,"Value":405},{"Length":66,"Height":69,"Demand":0,"DemandMax":3,"Value":9108},{"Length":42,"Height":28,"Demand":0,"DemandMax":3,"Value":1176},{"Length":94,"Height":31,"Demand":0,"DemandMax":3,"Value":5828},{"Length":76,"Height":16,"Demand":0,"DemandMax":3,"Value":2432},{"Length":71,"Height":64,"Demand":0,"DemandMax":3,"Value":13632},{"Length":46,"Height":25,"Demand":0,"DemandMax":3,"Value":1150},{"Length":19,"Height":91,"Demand":0,"DemandMax":3,"Value":3458},{"Length":25,"Height":80,"Demand":0,"DemandMax":3,"Value":2000},{"Length":46,"Height":78,"Demand":0,"DemandMax":3,"Value":7176},{"Length":14,"Height":21,"Demand":0,"DemandMax":3,"Value":882},{"Length":21,"Height":38,"Demand":0,"DemandMax":3,"Value":2394},{"Length":23,"Height":27,"Demand":0,"DemandMax":3,"Value":621},{"Length":40,"Height":88,"Demand":0,"DemandMax":3,"Value":10560},{"Length":100,"Height":73,"Demand":0,"DemandMax":3,"Value":21900},{"Length":35,"Height":24,"Demand":0,"DemandMax":3,"Value":1680},{"Length":93,"Height":42,"Demand":0,"DemandMax":3,"Value":3906},{"Length":21,"Height":82,"Demand":0,"DemandMax":3,"Value":1722},{"Length":86,"Height":76,"Demand":0,"DemandMax":3,"Value":19608},{"Length":100,"Height":31,"Demand":0,"DemandMax":3,"Value":3100},{"Length":99,"Height":10,"Demand":0,"DemandMax":3,"Value":1980},{"Length":25,"Height":15,"Demand":0,"DemandMax":3,"Value":375},{"Length":28,"Height":44,"Demand":0,"DemandMax":3,"Value":3696},{"Length":88,"Height":44,"Demand":0,"DemandMax":3,"Value":7744},{"Length":4,"Height":11,"Demand":0,"DemandMax":3,"Value":44},{"Length":36,"Height":81,"Demand":0,"DemandMax":3,"Value":5832},{"Length":23,"Height":32,"Demand":0,"DemandMax":3,"Value":2208},{"Length":53,"Height":74,"Demand":0,"DemandMax":3,"Value":3922},{"Length":32,"Height":14,"Demand":0,"DemandMax":3,"Value":896},{"Length":2,"Height":92,"Demand":0,"DemandMax":3,"Value":368},{"Length":88,"Height":33,"Demand":0,"DemandMax":3,"Value":8712},{"Length":61,"Height":92,"Demand":0,"DemandMax":3,"Value":5612},{"Length":43,"Height":39,"Demand":0,"DemandMax":3,"Value":1677},{"Length":96,"Height":27,"Demand":0,"DemandMax":3,"Value":2592},{"Length":84,"Height":35,"Demand":0,"DemandMax":3,"Value":2940},{"Length":64,"Height":92,"Demand":0,"DemandMax":3,"Value":17664},{"Length":76,"Height":70,"Demand":0,"DemandMax":3,"Value":10640},{"Length":5,"Height":88,"Demand":0,"DemandMax":3,"Value":1320},{"Length":96,"Height":34,"Demand":0,"DemandMax":3,"Value":3264},{"Length":50,"Height":25,"Demand":0,"DemandMax":3,"Value":1250},{"Length":3,"Height":50,"Demand":0,"DemandMax":3,"Value":450},{"Length":77,"Height":88,"Demand":0,"DemandMax":3,"Value":13552},{"Length":95,"Height":58,"Demand":0,"DemandMax":3,"Value":5510},{"Length":33,"Height":81,"Demand":0,"DemandMax":3,"Value":5346},{"Length":5,"Height":8,"Demand":0,"DemandMax":3,"Value":80},{"Length":80,"Height":21,"Demand":0,"DemandMax":3,"Value":3360},{"Length":3,"Height":13,"Demand":0,"DemandMax":3,"Value":78},{"Length":44,"Height":39,"Demand":0,"DemandMax":3,"Value":1716},{"Length":88,"Height":12,"Demand":0,"DemandMax":3,"Value":1056},{"Length":24,"Height":29,"Demand":0,"DemandMax":3,"Value":2088},{"Length":3,"Height":76,"Demand":0,"DemandMax":3,"Value":228},{"Length":50,"Height":15,"Demand":0,"DemandMax":3,"Value":1500},{"Length":96,"Height":48,"Demand":0,"DemandMax":3,"Value":9216},{"Length":93,"Height":6,"Demand":0,"DemandMax":3,"Value":1116},{"Length":33,"Height":93,"Demand":0,"DemandMax":3,"Value":9207},{"Length":31,"Height":18,"Demand":0,"DemandMax":3,"Value":1116},{"Length":27,"Height":89,"Demand":0,"DemandMax":3,"Value":4806},{"Length":100,"Height":33,"Demand":0,"DemandMax":3,"Value":3300},{"Length":45,"Height":90,"Demand":0,"DemandMax":3,"Value":4050},{"Length":83,"Height":87,"Demand":0,"DemandMax":3,"Value":7221},{"Length":23,"Height":100,"Demand":0,"DemandMax":3,"Value":4600},{"Length":83,"Height":15,"Demand":0,"DemandMax":3,"Value":1245},{"Length":18,"Height":34,"Demand":0,"DemandMax":3,"Value":1224},{"Length":6,"Height":38,"Demand":0,"DemandMax":3,"Value":456},{"Length":83,"Height":69,"Demand":0,"DemandMax":3,"Value":5727},{"Length":63,"Height":82,"Demand":0,"DemandMax":3,"Value":15498},{"Length":68,"Height":83,"Demand":0,"DemandMax":3,"Value":5644},{"Length":46,"Height":92,"Demand":0,"DemandMax":3,"Value":4232},{"Length":20,"Height":12,"Demand":0,"DemandMax":3,"Value":720},{"Length":15,"Height":95,"Demand":0,"DemandMax":3,"Value":1425},{"Length":17,"Height":32,"Demand":0,"DemandMax":3,"Value":1088},{"Length":8,"Height":43,"Demand":0,"DemandMax":3,"Value":344},{"Length":48,"Height":9,"Demand":0,"DemandMax":6,"Value":1296},{"Length":30,"Height":48,"Demand":0,"DemandMax":3,"Value":1440},{"Length":26,"Height":45,"Demand":0,"DemandMax":3,"Value":3510},{"Length":26,"Height":17,"Demand":0,"DemandMax":3,"Value":1326},{"Length":12,"Height":34,"Demand":0,"DemandMax":3,"Value":408},{"Length":14,"Height":25,"Demand":0,"DemandMax":3,"Value":350},{"Length":24,"Height":19,"Demand":0,"DemandMax":3,"Value":1368},{"Length":27,"Height":13,"Demand":0,"DemandMax":3,"Value":1053},{"Length":10,"Height":3,"Demand":0,"DemandMax":3,"Value":90},{"Length":25,"Height":16,"Demand":0,"DemandMax":3,"Value":400},{"Length":76,"Height":21,"Demand":0,"DemandMax":3,"Value":3192},{"Length":77,"Height":9,"Demand":0,"DemandMax":3,"Value":1386},{"Length":78,"Height":10,"Demand":0,"DemandMax":3,"Value":780},{"Length":92,"Height":98,"Demand":0,"DemandMax":3,"Value":18032},{"Length":85,"Height":30,"Demand":0,"DemandMax":3,"Value":7650},{"Length":23,"Height":77,"Demand":0,"DemandMax":3,"Value":5313},{"Length":19,"Height":93,"Demand":0,"DemandMax":6,"Value":5301},{"Length":76,"Height":95,"Demand":0,"DemandMax":3,"Value":21660},{"Length":72,"Height":54,"Demand":0,"DemandMax":3,"Value":11664},{"Length":51,"Height":61,"Demand":0,"DemandMax":3,"Value":6222},{"Length":15,"Height":4,"Demand":0,"DemandMax":3,"Value":60},{"Length":13,"Height":47,"Demand":0,"DemandMax":3,"Value":1833},{"Length":13,"Height":89,"Demand":0,"DemandMax":3,"Value":1157},{"Length":85,"Height":62,"Demand":0,"DemandMax":3,"Value":5270},{"Length":77,"Height":92,"Demand":0,"DemandMax":3,"Value":21252},{"Length":81,"Height":47,"Demand":0,"DemandMax":6,"Value":11421},{"Length":62,"Height":80,"Demand":0,"DemandMax":3,"Value":9920},{"Length":28,"Height":87,"Demand":0,"DemandMax":3,"Value":2436},{"Length":90,"Height":33,"Demand":0,"DemandMax":3,"Value":8910},{"Length":41,"Height":91,"Demand":0,"DemandMax":3,"Value":3731},{"Length":38,"Height":12,"Demand":0,"DemandMax":3,"Value":912},{"Length":44,"Height":17,"Demand":0,"DemandMax":3,"Value":1496},{"Length":21,"Height":41,"Demand":0,"DemandMax":3,"Value":1722},{"Length":20,"Height":87,"Demand":0,"DemandMax":3,"Value":1740},{"Length":86,"Height":8,"Demand":0,"DemandMax":3,"Value":688},{"Length":38,"Height":93,"Demand":0,"DemandMax":3,"Value":3534},{"Length":91,"Height":34,"Demand":0,"DemandMax":3,"Value":6188},{"Length":19,"Height":84,"Demand":0,"DemandMax":3,"Value":1596},{"Length":87,"Height":13,"Demand":0,"DemandMax":3,"Value":2262},{"Length":48,"Height":99,"Demand":0,"DemandMax":3,"Value":14256},{"Length":60,"Height":89,"Demand":0,"DemandMax":3,"Value":16020},{"Length":47,"Height":20,"Demand":0,"DemandMax":3,"Value":2820},{"Length":34,"Height":6,"Demand":0,"DemandMax":3,"Value":408},{"Length":45,"Height":42,"Demand":0,"DemandMax":3,"Value":3780},{"Length":36,"Height":23,"Demand":0,"DemandMax":3,"Value":2484},{"Length":86,"Height":31,"Demand":0,"DemandMax":3,"Value":7998},{"Length":24,"Height":98,"Demand":0,"DemandMax":3,"Value":2352},{"Length":87,"Height":24,"Demand":0,"DemandMax":3,"Value":4176},{"Length":63,"Height":92,"Demand":0,"DemandMax":3,"Value":5796},{"Length":34,"Height":38,"Demand":0,"DemandMax":3,"Value":3876},{"Length":90,"Height":58,"Demand":0,"DemandMax":3,"Value":15660},{"Length":39,"Height":93,"Demand":0,"DemandMax":3,"Value":3627},{"Length":42,"Height":3,"Demand":0,"DemandMax":3,"Value":378},{"Length":33,"Height":18,"Demand":0,"DemandMax":3,"Value":594},{"Length":20,"Height":19,"Demand":0,"DemandMax":3,"Value":760},{"Length":39,"Height":5,"Demand":0,"DemandMax":3,"Value":390},{"Length":90,"Height":11,"Demand":0,"DemandMax":3,"Value":990},{"Length":50,"Height":46,"Demand":0,"DemandMax":3,"Value":6900},{"Length":31,"Height":93,"Demand":0,"DemandMax":3,"Value":8649},{"Length":93,"Height":83,"Demand":0,"DemandMax":3,"Value":7719},{"Length":96,"Height":37,"Demand":0,"DemandMax":3,"Value":7104},{"Length":36,"Height":28,"Demand":0,"DemandMax":3,"Value":2016},{"Length":15,"Height":88,"Demand":0,"DemandMax":3,"Value":3960},{"Length":31,"Height":95,"Demand":0,"DemandMax":3,"Value":2945},{"Length":82,"Height":6,"Demand":0,"DemandMax":3,"Value":492},{"Length":29,"Height":33,"Demand":0,"DemandMax":3,"Value":1914},{"Length":37,"Height":86,"Demand":0,"DemandMax":3,"Value":9546},{"Length":20,"Height":42,"Demand":0,"DemandMax":3,"Value":1680},{"Length":51,"Height":98,"Demand":0,"DemandMax":3,"Value":9996},{"Length":5,"Height":17,"Demand":0,"DemandMax":3,"Value":170},{"Length":66,"Height":53,"Demand":0,"DemandMax":3,"Value":6996},{"Length":14,"Height":37,"Demand":0,"DemandMax":3,"Value":1554},{"Length":79,"Height":37,"Demand":0,"DemandMax":3,"Value":2923},{"Length":20,"Height":86,"Demand":0,"DemandMax":3,"Value":1720},{"Length":96,"Height":57,"Demand":0,"DemandMax":3,"Value":5472},{"Length":49,"Height":40,"Demand":0,"DemandMax":3,"Value":3920},{"Length":27,"Height":77,"Demand":0,"DemandMax":3,"Value":6237},{"Length":49,"Height":94,"Demand":0,"DemandMax":6,"Value":9212},{"Length":91,"Height":15,"Demand":0,"DemandMax":3,"Value":2730},{"Length":92,"Height":88,"Demand":0,"DemandMax":3,"Value":8096},{"Length":2,"Height":29,"Demand":0,"DemandMax":3,"Value":58},{"Length":86,"Height":4,"Demand":0,"DemandMax":3,"Value":344},{"Length":26,"Height":95,"Demand":0,"DemandMax":3,"Value":7410},{"Length":97,"Height":93,"Demand":0,"DemandMax":3,"Value":18042},{"Length":91,"Height":9,"Demand":0,"DemandMax":3,"Value":819},{"Length":36,"Height":77,"Demand":0,"DemandMax":3,"Value":5544},{"Length":2,"Height":29,"Demand":0,"DemandMax":3,"Value":116},{"Length":8,"Height":50,"Demand":0,"DemandMax":3,"Value":1200},{"Length":65,"Height":94,"Demand":0,"DemandMax":3,"Value":12220},{"Length":37,"Height":36,"Demand":0,"DemandMax":3,"Value":3996},{"Length":58,"Height":94,"Demand":0,"DemandMax":3,"Value":10904},{"Length":81,"Height":17,"Demand":0,"DemandMax":3,"Value":2754},{"Length":96,"Height":42,"Demand":0,"DemandMax":3,"Value":8064},{"Length":94,"Height":40,"Demand":0,"DemandMax":3,"Value":3760},{"Length":32,"Height":32,"Demand":0,"DemandMax":3,"Value":3072},{"Length":29,"Height":23,"Demand":0,"DemandMax":3,"Value":1334},{"Length":5,"Height":41,"Demand":0,"DemandMax":3,"Value":410},{"Length":88,"Height":92,"Demand":0,"DemandMax":3,"Value":8096},{"Length":68,"Height":93,"Demand":0,"DemandMax":3,"Value":12648},{"Length":4,"Height":29,"Demand":0,"DemandMax":3,"Value":232},{"Length":82,"Height":21,"Demand":0,"DemandMax":3,"Value":1722},{"Length":14,"Height":8,"Demand":0,"DemandMax":3,"Value":336},{"Length":15,"Height":99,"Demand":0,"DemandMax":3,"Value":1485},{"Length":19,"Height":29,"Demand":0,"DemandMax":3,"Value":1102},{"Length":73,"Height":54,"Demand":0,"DemandMax":3,"Value":3942},{"Length":31,"Height":88,"Demand":0,"DemandMax":3,"Value":2728},{"Length":89,"Height":30,"Demand":0,"DemandMax":3,"Value":2670},{"Length":90,"Height":20,"Demand":0,"DemandMax":3,"Value":3600},{"Length":94,"Height":19,"Demand":0,"DemandMax":3,"Value":1786},{"Length":2,"Height":83,"Demand":0,"DemandMax":3,"Value":498},{"Length":44,"Height":41,"Demand":0,"DemandMax":3,"Value":1804},{"Length":17,"Height":19,"Demand":0,"DemandMax":3,"Value":323},{"Length":40,"Height":77,"Demand":0,"DemandMax":3,"Value":3080},{"Length":78,"Height":20,"Demand":0,"DemandMax":3,"Value":3120},{"Length":27,"Height":8,"Demand":0,"DemandMax":3,"Value":432},{"Length":89,"Height":61,"Demand":0,"DemandMax":3,"Value":10858},{"Length":27,"Height":16,"Demand":0,"DemandMax":3,"Value":432},{"Length":31,"Height":6,"Demand":0,"DemandMax":3,"Value":372},{"Length":90,"Height":51,"Demand":0,"DemandMax":3,"Value":9180},{"Length":11,"Height":94,"Demand":0,"DemandMax":3,"Value":3102},{"Length":25,"Height":39,"Demand":0,"DemandMax":3,"Value":1950},{"Length":43,"Height":46,"Demand":0,"DemandMax":3,"Value":5934},{"Length":99,"Height":43,"Demand":0,"DemandMax":3,"Value":8514},{"Length":95,"Height":51,"Demand":0,"DemandMax":3,"Value":14535},{"Length":96,"Height":47,"Demand":0,"DemandMax":3,"Value":9024},{"Length":94,"Height":19,"Demand":0,"DemandMax":3,"Value":5358},{"Length":81,"Height":16,"Demand":0,"DemandMax":3,"Value":1296},{"Length":20,"Height":35,"Demand":0,"DemandMax":3,"Value":2100},{"Length":91,"Height":17,"Demand":0,"DemandMax":3,"Value":4641},{"Length":13,"Height":24,"Demand":0,"DemandMax":3,"Value":936},{"Length":17,"Height":13,"Demand":0,"DemandMax":3,"Value":221},{"Length":18,"Height":30,"Demand":0,"DemandMax":3,"Value":1620},{"Length":80,"Height":69,"Demand":0,"DemandMax":3,"Value":5520},{"Length":91,"Height":94,"Demand":0,"DemandMax":3,"Value":8554},{"Length":93,"Height":3,"Demand":0,"DemandMax":3,"Value":558},{"Length":30,"Height":16,"Demand":0,"DemandMax":3,"Value":960},{"Length":6,"Height":17,"Demand":0,"DemandMax":3,"Value":204},{"Length":3,"Height":44,"Demand":0,"DemandMax":3,"Value":132},{"Length":23,"Height":32,"Demand":0,"DemandMax":3,"Value":1472},{"Length":43,"Height":80,"Demand":0,"DemandMax":3,"Value":3440},{"Length":89,"Height":57,"Demand":0,"DemandMax":3,"Value":10146},{"Length":29,"Height":99,"Demand":0,"DemandMax":3,"Value":5742},{"Length":82,"Height":3,"Demand":0,"DemandMax":3,"Value":246},{"Length":65,"Height":51,"Demand":0,"DemandMax":3,"Value":6630},{"Length":34,"Height":43,"Demand":0,"DemandMax":3,"Value":2924},{"Length":21,"Height":31,"Demand":0,"DemandMax":3,"Value":651},{"Length":21,"Height":26,"Demand":0,"DemandMax":3,"Value":546},{"Length":71,"Height":52,"Demand":0,"DemandMax":3,"Value":3692},{"Length":17,"Height":100,"Demand":0,"DemandMax":3,"Value":1700},{"Length":83,"Height":7,"Demand":0,"DemandMax":3,"Value":1162},{"Length":11,"Height":49,"Demand":0,"DemandMax":3,"Value":539},{"Length":96,"Height":11,"Demand":0,"DemandMax":3,"Value":2112},{"Length":17,"Height":42,"Demand":0,"DemandMax":3,"Value":2142},{"Length":8,"Height":16,"Demand":0,"DemandMax":3,"Value":256},{"Length":31,"Height":33,"Demand":0,"DemandMax":3,"Value":3069},{"Length":8,"Height":31,"Demand":0,"DemandMax":3,"Value":496},{"Length":91,"Height":79,"Demand":0,"DemandMax":3,"Value":14378},{"Length":25,"Height":10,"Demand":0,"DemandMax":3,"Value":500},{"Length":100,"Height":76,"Demand":0,"DemandMax":3,"Value":15200},{"Length":94,"Height":61,"Demand":0,"DemandMax":3,"Value":11468},{"Length":14,"Height":98,"Demand":0,"DemandMax":3,"Value":4116},{"Length":28,"Height":76,"Demand":0,"DemandMax":3,"Value":4256},{"Length":34,"Height":15,"Demand":0,"DemandMax":3,"Value":1020},{"Length":58,"Height":86,"Demand":0,"DemandMax":3,"Value":9976},{"Length":10,"Height":46,"Demand":0,"DemandMax":3,"Value":460},{"Length":32,"Height":85,"Demand":0,"DemandMax":3,"Value":5440},{"Length":41,"Height":3,"Demand":0,"DemandMax":3,"Value":369},{"Length":88,"Height":38,"Demand":0,"DemandMax":3,"Value":6688},{"Length":38,"Height":40,"Demand":0,"DemandMax":3,"Value":1520},{"Length":76,"Height":49,"Demand":0,"DemandMax":3,"Value":11172},{"Length":25,"Height":76,"Demand":0,"DemandMax":3,"Value":1900},{"Length":45,"Height":32,"Demand":0,"DemandMax":3,"Value":4320},{"Length":74,"Height":54,"Demand":0,"DemandMax":3,"Value":3996},{"Length":38,"Height":46,"Demand":0,"DemandMax":3,"Value":5244},{"Length":34,"Height":49,"Demand":0,"DemandMax":3,"Value":3332},{"Length":48,"Height":97,"Demand":0,"DemandMax":3,"Value":9312},{"Length":78,"Height":72,"Demand":0,"DemandMax":3,"Value":11232},{"Length":6,"Height":80,"Demand":0,"DemandMax":3,"Value":960},{"Length":98,"Height":13,"Demand":0,"DemandMax":3,"Value":2548},{"Length":47,"Height":92,"Demand":0,"DemandMax":3,"Value":8648},{"Length":11,"Height":86,"Demand":0,"DemandMax":3,"Value":2838},{"Length":4,"Height":45,"Demand":0,"DemandMax":3,"Value":360},{"Length":98,"Height":11,"Demand":0,"DemandMax":3,"Value":1078},{"Length":26,"Height":77,"Demand":0,"DemandMax":3,"Value":6006},{"Length":14,"Height":12,"Demand":0,"DemandMax":3,"Value":168},{"Length":33,"Height":11,"Demand":0,"DemandMax":3,"Value":363},{"Length":3,"Height":39,"Demand":0,"DemandMax":3,"Value":117},{"Length":36,"Height":8,"Demand":0,"DemandMax":3,"Value":288},{"Length":28,"Height":79,"Demand":0,"DemandMax":3,"Value":2212},{"Length":28,"Height":77,"Demand":0,"DemandMax":3,"Value":4312},{"Length":77,"Height":32,"Demand":0,"DemandMax":3,"Value":7392},{"Length":2,"Height":83,"Demand":0,"DemandMax":3,"Value":166},{"Length":43,"Height":48,"Demand":0,"DemandMax":3,"Value":6192},{"Length":14,"Height":43,"Demand":0,"DemandMax":3,"Value":1806},{"Length":5,"Height":48,"Demand":0,"DemandMax":3,"Value":720},{"Length":56,"Height":88,"Demand":0,"DemandMax":3,"Value":9856},{"Length":43,"Height":27,"Demand":0,"DemandMax":3,"Value":2322},{"Length":58,"Height":70,"Demand":0,"DemandMax":3,"Value":8120},{"Length":98,"Height":4,"Demand":0,"DemandMax":3,"Value":392},{"Length":48,"Height":39,"Demand":0,"DemandMax":3,"Value":5616},{"Length":14,"Height":24,"Demand":0,"DemandMax":3,"Value":672},{"Length":47,"Height":2,"Demand":0,"DemandMax":3,"Value":282},{"Length":42,"Height":39,"Demand":0,"DemandMax":3,"Value":3276},{"Length":9,"Height":16,"Demand":0,"DemandMax":3,"Value":144},{"Length":4,"Height":15,"Demand":0,"DemandMax":3,"Value":60},{"Length":93,"Height":66,"Demand":0,"DemandMax":3,"Value":12276},{"Length":41,"Height":90,"Demand":0,"DemandMax":3,"Value":7380},{"Length":25,"Height":18,"Demand":0,"DemandMax":3,"Value":900},{"Length":92,"Height":27,"Demand":0,"DemandMax":3,"Value":2484},{"Length":86,"Height":49,"Demand":0,"DemandMax":3,"Value":8428},{"Length":23,"Height":34,"Demand":0,"DemandMax":3,"Value":1564},{"Length":24,"Height":41,"Demand":0,"DemandMax":3,"Value":984},{"Length":39,"Height":9,"Demand":0,"DemandMax":6,"Value":1053},{"Length":22,"Height":7,"Demand":0,"DemandMax":3,"Value":154},{"Length":11,"Height":93,"Demand":0,"DemandMax":3,"Value":3069},{"Length":35,"Height":16,"Demand":0,"DemandMax":3,"Value":1680},{"Length":24,"Height":79,"Demand":0,"DemandMax":3,"Value":1896},{"Length":27,"Height":29,"Demand":0,"DemandMax":3,"Value":2349},{"Length":18,"Height":45,"Demand":0,"DemandMax":3,"Value":810},{"Length":20,"Height":3,"Demand":0,"DemandMax":3,"Value":60},{"Length":62,"Height":99,"Demand":0,"DemandMax":3,"Value":6138},{"Length":47,"Height":15,"Demand":0,"DemandMax":3,"Value":705},{"Length":3,"Height":13,"Demand":0,"DemandMax":3,"Value":117},{"Length":39,"Height":28,"Demand":0,"DemandMax":3,"Value":2184},{"Length":45,"Height":40,"Demand":0,"DemandMax":3,"Value":5400},{"Length":37,"Height":18,"Demand":0,"DemandMax":3,"Value":1332},{"Length":21,"Height":86,"Demand":0,"DemandMax":3,"Value":1806},{"Length":7,"Height":38,"Demand":0,"DemandMax":3,"Value":266},{"Length":28,"Height":26,"Demand":0,"DemandMax":3,"Value":1456},{"Length":13,"Height":39,"Demand":0,"DemandMax":3,"Value":1521},{"Length":23,"Height":50,"Demand":0,"DemandMax":3,"Value":2300},{"Length":7,"Height":7,"Demand":0,"DemandMax":3,"Value":147},{"Length":43,"Height":99,"Demand":0,"DemandMax":3,"Value":12771},{"Length":15,"Height":21,"Demand":0,"DemandMax":3,"Value":630},{"Length":10,"Height":86,"Demand":0,"DemandMax":3,"Value":1720},{"Length":13,"Height":32,"Demand":0,"DemandMax":3,"Value":1248},{"Length":8,"Height":42,"Demand":0,"DemandMax":3,"Value":336},{"Length":91,"Height":56,"Demand":0,"DemandMax":3,"Value":5096},{"Length":34,"Height":45,"Demand":0,"DemandMax":3,"Value":1530},{"Length":23,"Height":84,"Demand":0,"DemandMax":3,"Value":5796},{"Length":88,"Height":78,"Demand":0,"DemandMax":3,"Value":6864},{"Length":48,"Height":13,"Demand":0,"DemandMax":3,"Value":624},{"Length":63,"Height":69,"Demand":0,"DemandMax":3,"Value":4347},{"Length":7,"Height":2,"Demand":0,"DemandMax":3,"Value":42},{"Length":44,"Height":40,"Demand":0,"DemandMax":3,"Value":1760},{"Length":24,"Height":42,"Demand":0,"DemandMax":3,"Value":1008},{"Length":21,"Height":50,"Demand":0,"DemandMax":3,"Value":2100},{"Length":14,"Height":50,"Demand":0,"DemandMax":3,"Value":1400},{"Length":51,"Height":91,"Demand":0,"DemandMax":3,"Value":4641},{"Length":50,"Height":86,"Demand":0,"DemandMax":3,"Value":8600},{"Length":72,"Height":84,"Demand":0,"DemandMax":3,"Value":18144},{"Length":4,"Height":25,"Demand":0,"DemandMax":3,"Value":200},{"Length":53,"Height":93,"Demand":0,"DemandMax":3,"Value":14787},{"Length":87,"Height":97,"Demand":0,"DemandMax":3,"Value":25317},{"Length":20,"Height":99,"Demand":0,"DemandMax":3,"Value":3960},{"Length":25,"Height":3,"Demand":0,"DemandMax":3,"Value":225},{"Length":31,"Height":50,"Demand":0,"DemandMax":3,"Value":3100},{"Length":34,"Height":84,"Demand":0,"DemandMax":3,"Value":8568},{"Length":89,"Height":76,"Demand":0,"DemandMax":3,"Value":6764},{"Length":40,"Height":28,"Demand":0,"DemandMax":3,"Value":1120},{"Length":46,"Height":9,"Demand":0,"DemandMax":3,"Value":1242},{"Length":61,"Height":74,"Demand":0,"DemandMax":3,"Value":4514},{"Length":40,"Height":22,"Demand":0,"DemandMax":3,"Value":1760},{"Length":50,"Height":30,"Demand":0,"DemandMax":3,"Value":4500},{"Length":24,"Height":97,"Demand":0,"DemandMax":3,"Value":2328},{"Length":100,"Height":50,"Demand":0,"DemandMax":3,"Value":10000},{"Length":95,"Height":31,"Demand":0,"DemandMax":3,"Value":8835},{"Length":92,"Height":37,"Demand":0,"DemandMax":3,"Value":10212},{"Length":43,"Height":97,"Demand":0,"DemandMax":3,"Value":8342},{"Length":85,"Height":48,"Demand":0,"DemandMax":3,"Value":8160},{"Length":90,"Height":49,"Demand":0,"DemandMax":3,"Value":4410},{"Length":94,"Height":16,"Demand":0,"DemandMax":3,"Value":1504},{"Length":6,"Height":29,"Demand":0,"DemandMax":3,"Value":348},{"Length":97,"Height":56,"Demand":0,"DemandMax":3,"Value":10864},{"Length":43,"Height":20,"Demand":0,"DemandMax":3,"Value":2580},{"Length":8,"Height":77,"Demand":0,"DemandMax":3,"Value":1848},{"Length":24,"Height":27,"Demand":0,"DemandMax":3,"Value":1296},{"Length":25,"Height":26,"Demand":0,"DemandMax":3,"Value":1950},{"Length":5,"Height":85,"Demand":0,"DemandMax":3,"Value":850},{"Length":97,"Height":40,"Demand":0,"DemandMax":3,"Value":3880},{"Length":12,"Height":19,"Demand":0,"DemandMax":3,"Value":228},{"Length":19,"Height":17,"Demand":0,"DemandMax":3,"Value":969},{"Length":14,"Height":81,"Demand":0,"DemandMax":3,"Value":2268},{"Length":93,"Height":4,"Demand":0,"DemandMax":3,"Value":372},{"Length":25,"Height":99,"Demand":0,"DemandMax":3,"Value":2475},{"Length":79,"Height":96,"Demand":0,"DemandMax":3,"Value":22752},{"Length":40,"Height":85,"Demand":0,"DemandMax":3,"Value":10200},{"Length":85,"Height":13,"Demand":0,"DemandMax":3,"Value":2210},{"Length":85,"Height":77,"Demand":0,"DemandMax":3,"Value":13090},{"Length":24,"Height":86,"Demand":0,"DemandMax":3,"Value":4128},{"Length":33,"Height":7,"Demand":0,"DemandMax":3,"Value":462},{"Length":38,"Height":26,"Demand":0,"DemandMax":3,"Value":1976},{"Length":85,"Height":65,"Demand":0,"DemandMax":3,"Value":11050},{"Length":79,"Height":39,"Demand":0,"DemandMax":3,"Value":9243},{"Length":33,"Height":8,"Demand":0,"DemandMax":3,"Value":792},{"Length":23,"Height":87,"Demand":0,"DemandMax":3,"Value":6003},{"Length":75,"Height":99,"Demand":0,"DemandMax":3,"Value":7425},{"Length":82,"Height":9,"Demand":0,"DemandMax":3,"Value":1476},{"Length":2,"Height":2,"Demand":0,"DemandMax":3,"Value":4},{"Length":7,"Height":94,"Demand":0,"DemandMax":3,"Value":1316},{"Length":37,"Height":88,"Demand":0,"DemandMax":3,"Value":9768},{"Length":63,"Height":98,"Demand":0,"DemandMax":3,"Value":6174},{"Length":33,"Height":36,"Demand":0,"DemandMax":3,"Value":1188},{"Length":97,"Height":6,"Demand":0,"DemandMax":3,"Value":1746},{"Length":31,"Height":87,"Demand":0,"DemandMax":3,"Value":8091},{"Length":12,"Height":25,"Demand":0,"DemandMax":3,"Value":600},{"Length":43,"Height":46,"Demand":0,"DemandMax":3,"Value":1978},{"Length":27,"Height":24,"Demand":0,"DemandMax":3,"Value":1944},{"Length":10,"Height":85,"Demand":0,"DemandMax":3,"Value":850},{"Length":72,"Height":96,"Demand":0,"DemandMax":3,"Value":6912},{"Length":2,"Height":29,"Demand":0,"DemandMax":3,"Value":174},{"Length":67,"Height":86,"Demand":0,"DemandMax":3,"Value":11524},{"Length":43,"Height":92,"Demand":0,"DemandMax":3,"Value":11868},{"Length":30,"Height":44,"Demand":0,"DemandMax":3,"Value":3960},{"Length":4,"Height":81,"Demand":0,"DemandMax":3,"Value":324},{"Length":100,"Height":50,"Demand":0,"DemandMax":3,"Value":5000},{"Length":47,"Height":44,"Demand":0,"DemandMax":3,"Value":6204},{"Length":100,"Height":8,"Demand":0,"DemandMax":3,"Value":800},{"Length":88,"Height":13,"Demand":0,"DemandMax":3,"Value":3432},{"Length":7,"Height":100,"Demand":0,"DemandMax":3,"Value":1400},{"Length":41,"Height":42,"Demand":0,"DemandMax":3,"Value":3444},{"Length":10,"Height":99,"Demand":0,"DemandMax":3,"Value":1980},{"Length":14,"Height":39,"Demand":0,"DemandMax":3,"Value":546},{"Length":91,"Height":99,"Demand":0,"DemandMax":3,"Value":18018},{"Length":97,"Height":13,"Demand":0,"DemandMax":3,"Value":2522},{"Length":76,"Height":13,"Demand":0,"DemandMax":3,"Value":988},{"Length":84,"Height":48,"Demand":0,"DemandMax":3,"Value":12096},{"Length":35,"Height":81,"Demand":0,"DemandMax":3,"Value":5670},{"Length":23,"Height":93,"Demand":0,"DemandMax":3,"Value":2139},{"Length":43,"Height":12,"Demand":0,"DemandMax":3,"Value":516},{"Length":81,"Height":84,"Demand":0,"DemandMax":3,"Value":13608},{"Length":35,"Height":14,"Demand":0,"DemandMax":3,"Value":980},{"Length":85,"Height":29,"Demand":0,"DemandMax":3,"Value":7395},{"Length":35,"Height":46,"Demand":0,"DemandMax":3,"Value":1610},{"Length":36,"Height":38,"Demand":0,"DemandMax":3,"Value":4104},{"Length":17,"Height":80,"Demand":0,"DemandMax":3,"Value":1360},{"Length":36,"Height":92,"Demand":0,"DemandMax":3,"Value":3312},{"Length":82,"Height":21,"Demand":0,"DemandMax":3,"Value":3444},{"Length":77,"Height":44,"Demand":0,"DemandMax":3,"Value":3388},{"Length":92,"Height":40,"Demand":0,"DemandMax":3,"Value":3680},{"Length":95,"Height":80,"Demand":0,"DemandMax":3,"Value":15200},{"Length":8,"Height":99,"Demand":0,"DemandMax":3,"Value":1584},{"Length":25,"Height":98,"Demand":0,"DemandMax":3,"Value":2450},{"Length":89,"Height":94,"Demand":0,"DemandMax":3,"Value":16732},{"Length":32,"Height":29,"Demand":0,"DemandMax":3,"Value":2784},{"Length":4,"Height":84,"Demand":0,"DemandMax":3,"Value":672},{"Length":45,"Height":13,"Demand":0,"DemandMax":3,"Value":1755},{"Length":7,"Height":11,"Demand":0,"DemandMax":3,"Value":154},{"Length":48,"Height":3,"Demand":0,"DemandMax":3,"Value":432},{"Length":46,"Height":5,"Demand":0,"DemandMax":3,"Value":460},{"Length":39,"Height":41,"Demand":0,"DemandMax":3,"Value":4797},{"Length":32,"Height":34,"Demand":0,"DemandMax":3,"Value":3264},{"Length":20,"Height":89,"Demand":0,"DemandMax":3,"Value":5340},{"Length":40,"Height":39,"Demand":0,"DemandMax":3,"Value":3120},{"Length":93,"Height":32,"Demand":0,"DemandMax":3,"Value":2976},{"Length":16,"Height":19,"Demand":0,"DemandMax":3,"Value":608},{"Length":22,"Height":30,"Demand":0,"DemandMax":3,"Value":660},{"Length":92,"Height":50,"Demand":0,"DemandMax":3,"Value":4600},{"Length":2,"Height":41,"Demand":0,"DemandMax":3,"Value":82},{"Length":19,"Height":39,"Demand":0,"DemandMax":3,"Value":741},{"Length":10,"Height":46,"Demand":0,"DemandMax":3,"Value":920},{"Length":86,"Height":23,"Demand":0,"DemandMax":3,"Value":5934},{"Length":74,"Height":79,"Demand":0,"DemandMax":3,"Value":11692},{"Length":34,"Height":28,"Demand":0,"DemandMax":3,"Value":1904},{"Length":56,"Height":94,"Demand":0,"DemandMax":3,"Value":10528},{"Length":93,"Height":24,"Demand":0,"DemandMax":3,"Value":2232},{"Length":65,"Height":85,"Demand":0,"DemandMax":3,"Value":16575},{"Length":91,"Height":7,"Demand":0,"DemandMax":3,"Value":1911},{"Length":15,"Height":85,"Demand":0,"DemandMax":3,"Value":2550},{"Length":15,"Height":4,"Demand":0,"DemandMax":3,"Value":120},{"Length":82,"Height":48,"Demand":0,"DemandMax":3,"Value":3936},{"Length":73,"Height":89,"Demand":0,"DemandMax":3,"Value":19491},{"Length":90,"Height":46,"Demand":0,"DemandMax":3,"Value":12420},{"Length":100,"Height":34,"Demand":0,"DemandMax":3,"Value":6800},{"Length":25,"Height":98,"Demand":0,"DemandMax":3,"Value":7350},{"Length":47,"Height":80,"Demand":0,"DemandMax":3,"Value":3760},{"Length":56,"Height":51,"Demand":0,"DemandMax":3,"Value":5712},{"Length":89,"Height":80,"Demand":0,"DemandMax":3,"Value":14240},{"Length":90,"Height":17,"Demand":0,"DemandMax":3,"Value":1530},{"Length":14,"Height":44,"Demand":0,"DemandMax":3,"Value":1232},{"Length":59,"Height":51,"Demand":0,"DemandMax":3,"Value":6018},{"Length":11,"Height":22,"Demand":0,"DemandMax":3,"Value":484},{"Length":51,"Height":65,"Demand":0,"DemandMax":3,"Value":9945},{"Length":42,"Height":78,"Demand":0,"DemandMax":3,"Value":9828},{"Length":97,"Height":97,"Demand":0,"DemandMax":3,"Value":28227},{"Length":98,"Height":11,"Demand":0,"DemandMax":3,"Value":3234},{"Length":13,"Height":9,"Demand":0,"DemandMax":3,"Value":117},{"Length":78,"Height":94,"Demand":0,"DemandMax":3,"Value":14664},{"Length":4,"Height":96,"Demand":0,"DemandMax":3,"Value":384},{"Length":33,"Height":91,"Demand":0,"DemandMax":3,"Value":6006},{"Length":99,"Height":32,"Demand":0,"DemandMax":3,"Value":9504},{"Length":4,"Height":18,"Demand":0,"DemandMax":3,"Value":144},{"Length":45,"Height":45,"Demand":0,"DemandMax":3,"Value":6075},{"Length":12,"Height":81,"Demand":0,"DemandMax":3,"Value":972},{"Length":45,"Height":46,"Demand":0,"DemandMax":3,"Value":4140},{"Length":94,"Height":99,"Demand":0,"DemandMax":3,"Value":9306},{"Length":96,"Height":98,"Demand":0,"DemandMax":3,"Value":18816},{"Length":22,"Height":45,"Demand":0,"DemandMax":3,"Value":990},{"Length":43,"Height":92,"Demand":0,"DemandMax":3,"Value":7912},{"Length":46,"Height":10,"Demand":0,"DemandMax":3,"Value":460},{"Length":16,"Height":77,"Demand":0,"DemandMax":3,"Value":2464},{"Length":13,"Height":44,"Demand":0,"DemandMax":3,"Value":1716},{"Length":67,"Height":60,"Demand":0,"DemandMax":3,"Value":8040},{"Length":67,"Height":57,"Demand":0,"DemandMax":3,"Value":3819},{"Length":96,"Height":50,"Demand":0,"DemandMax":3,"Value":4800},{"Length":48,"Height":76,"Demand":0,"DemandMax":3,"Value":10944},{"Length":35,"Height":77,"Demand":0,"DemandMax":3,"Value":8085},{"Length":82,"Height":8,"Demand":0,"DemandMax":3,"Value":1968},{"Length":47,"Height":85,"Demand":0,"DemandMax":3,"Value":11985},{"Length":21,"Height":98,"Demand":0,"DemandMax":6,"Value":6174},{"Length":9,"Height":47,"Demand":0,"DemandMax":3,"Value":423},{"Length":18,"Height":100,"Demand":0,"DemandMax":3,"Value":3600},{"Length":63,"Height":52,"Demand":0,"DemandMax":3,"Value":9828},{"Length":22,"Height":4,"Demand":0,"DemandMax":3,"Value":264},{"Length":12,"Height":82,"Demand":0,"DemandMax":3,"Value":984},{"Length":88,"Height":36,"Demand":0,"DemandMax":3,"Value":6336},{"Length":34,"Height":48,"Demand":0,"DemandMax":3,"Value":1632},{"Length":29,"Height":42,"Demand":0,"DemandMax":3,"Value":3654},{"Length":50,"Height":93,"Demand":0,"DemandMax":3,"Value":4650},{"Length":76,"Height":10,"Demand":0,"DemandMax":3,"Value":2280},{"Length":5,"Height":9,"Demand":0,"DemandMax":3,"Value":135},{"Length":9,"Height":100,"Demand":0,"DemandMax":3,"Value":2700},{"Length":22,"Height":41,"Demand":0,"DemandMax":3,"Value":2706},{"Length":47,"Height":32,"Demand":0,"DemandMax":3,"Value":4512},{"Length":23,"Height":14,"Demand":0,"DemandMax":3,"Value":644},{"Length":80,"Height":93,"Demand":0,"DemandMax":3,"Value":22320},{"Length":23,"Height":11,"Demand":0,"DemandMax":3,"Value":506},{"Length":39,"Height":3,"Demand":0,"DemandMax":3,"Value":351},{"Length":44,"Height":10,"Demand":0,"DemandMax":3,"Value":1320},{"Length":81,"Height":27,"Demand":0,"DemandMax":3,"Value":6561},{"Length":87,"Height":84,"Demand":0,"DemandMax":3,"Value":21924},{"Length":2,"Height":9,"Demand":0,"DemandMax":3,"Value":36},{"Length":3,"Height":31,"Demand":0,"DemandMax":3,"Value":93},{"Length":76,"Height":45,"Demand":0,"DemandMax":3,"Value":10260},{"Length":10,"Height":80,"Demand":0,"DemandMax":3,"Value":1600},{"Length":21,"Height":6,"Demand":0,"DemandMax":3,"Value":378},{"Length":6,"Height":34,"Demand":0,"DemandMax":3,"Value":408},{"Length":32,"Height":97,"Demand":0,"DemandMax":3,"Value":6208},{"Length":25,"Height":17,"Demand":0,"DemandMax":3,"Value":1275},{"Length":81,"Height":22,"Demand":0,"DemandMax":3,"Value":3564},{"Length":74,"Height":82,"Demand":0,"DemandMax":3,"Value":12136},{"Length":35,"Height":92,"Demand":0,"DemandMax":3,"Value":6440},{"Length":86,"Height":18,"Demand":0,"DemandMax":3,"Value":4644},{"Length":31,"Height":49,"Demand":0,"DemandMax":3,"Value":3038},{"Length":36,"Height":11,"Demand":0,"DemandMax":3,"Value":792},{"Length":84,"Height":77,"Demand":0,"DemandMax":3,"Value":12936},{"Length":81,"Height":62,"Demand":0,"DemandMax":3,"Value":5022},{"Length":26,"Height":43,"Demand":0,"DemandMax":3,"Value":3354},{"Length":6,"Height":99,"Demand":0,"DemandMax":3,"Value":594},{"Length":100,"Height":83,"Demand":0,"DemandMax":3,"Value":8300}]}