{"Name":"ngcutfs2_65","Objects":[{"Length":100,"Height":100,"Stock":null,"Cost":10000}],"Items":[{"Length":9,"Height":11,"Demand":0,"DemandMax":1,"Value":198},{"Length":47,"Height":17,"Demand":0,"DemandMax":1,"Value":1598},{"Length":8,"Height":11,"Demand":0,"DemandMax":1,"Value":264},{"Length":56,"Height":82,"Demand":0,"DemandMax":1,"Value":13776},{"Length":36,"Height":40,"Demand":0,"DemandMax":1,"Value":4320},{"Length":83,"Height":48,"Demand":0,"DemandMax":1,"Value":3984},{"Length":38,"Height":39,"Demand":0,"DemandMax":1,"Value":1482},{"Length":38,"Height":2,"Demand":0,"DemandMax":1,"Value":228},{"Length":36,"Height":9,"Demand":0,"DemandMax":1,"Value":972},{"Length":23,"Height":2,"Demand":0,"DemandMax":1,"Value":92},{"Length":37,"Height":28,"Demand":0,"DemandMax":1,"Value":2072},{"Length":33,"Height":16,"Demand":0,"DemandMax":1,"Value":1584},{"Length":33,"Height":9,"Demand":0,"DemandMax":1,"Value":594},{"Length":88,"Height":9,"Demand":0,"DemandMax":1,"Value":1584},{"Length":38,"Height":49,"Demand":0,"DemandMax":1,"Value":5586},{"Length":27,"Height":34,"Demand":0,"DemandMax":1,"Value":918},{"Length":5,"Height":88,"Demand":0,"DemandMax":1,"Value":440},{"Length":22,"Height":42,"Demand":0,"DemandMax":1,"Value":1848},{"Length":87,"Height":2,"Demand":0,"DemandMax":1,"Value":348},{"Length":43,"Height":99,"Demand":0,"DemandMax":1,"Value":8514},{"Length":26,"Height":93,"Demand":0,"DemandMax":1,"Value":7254},{"Length":79,"Height":31,"Demand":0,"DemandMax":1,"Value":4898},{"Length":14,"Height":40,"Demand":0,"DemandMax":1,"Value":560},{"Length":45,"Height":78,"Demand":0,"DemandMax":1,"Value":10530},{"Length":82,"Height":92,"Demand":0,"DemandMax":1,"Value":15088},{"Length":77,"Height":71,"Demand":0,"DemandMax":1,"Value":5467},{"Length":41,"Height":22,"Demand":0,"DemandMax":1,"Value":2706},{"Length":90,"Height":91,"Demand":0,"DemandMax":1,"Value":8190},{"Length":14,"Height":27,"Demand":0,"DemandMax":1,"Value":378},{"Length":30,"Height":29,"Demand":0,"DemandMax":1,"Value":870},{"Length":36,"Height":100,"Demand":0,"DemandMax":1,"Value":10800},{"Length":83,"Height":85,"Demand":0,"DemandMax":1,"Value":7055},{"Length":42,"Height":36,"Demand":0,"DemandMax":1,"Value":3024},{"Length":84,"Height":8,"Demand":0,"DemandMax":1,"Value":1344},{"Length":50,"Height":86,"Demand":0,"DemandMax":1,"Value":4300},{"Length":16,"Height":47,"Demand":0,"DemandMax":1,"Value":752},{"Length":53,"Height":64,"Demand":0,"DemandMax":1,"Value":10176},{"Length":16,"Height":39,"Demand":0,"DemandMax":1,"Value":1872},{"Length":97,"Height":68,"Demand":0,"DemandMax":1,"Value":13192},{"Length":23,"Height":30,"Demand":0,"DemandMax":1,"Value":690},{"Length":49,"Height":41,"Demand":0,"DemandMax":1,"Value":6027},{"Length":35,"Height":7,"Demand":0,"DemandMax":1,"Value":490},{"Length":17,"Height":40,"Demand":0,"DemandMax":1,"Value":1360},{"Length":9,"Height":78,"Demand":0,"DemandMax":1,"Value":702},{"Length":97,"Height":31,"Demand":0,"DemandMax":1,"Value":9021},{"Length":18,"Height":25,"Demand":0,"DemandMax":1,"Value":900},{"Length":39,"Height":76,"Demand":0,"DemandMax":1,"Value":8892},{"Length":79,"Height":12,"Demand":0,"DemandMax":1,"Value":2844},{"Length":10,"Height":34,"Demand":0,"DemandMax":1,"Value":1020},{"Length":18,"Height":42,"Demand":0,"DemandMax":1,"Value":756},{"Length":41,"Height":12,"Demand":0,"DemandMax":1,"Value":984},{"Length":48,"Height":31,"Demand":0,"DemandMax":1,"Value":1488},{"Length":21,"Height":22,"Demand":0,"DemandMax":1,"Value":1386},{"Length":64,"Height":71,"Demand":0,"DemandMax":1,"Value":13632},{"Length":43,"Height":7,"Demand":0,"DemandMax":1,"Value":301},{"Length":53,"Height":90,"Demand":0,"DemandMax":1,"Value":9540},{"Length":6,"Height":13,"Demand":0,"DemandMax":1,"Value":234},{"Length":22,"Height":12,"Demand":0,"DemandMax":1,"Value":264},{"Length":87,"Height":41,"Demand":0,"DemandMax":1,"Value":10701},{"Length":92,"Height":63,"Demand":0,"DemandMax":1,"Value":11592},{"Length":45,"Height":11,"Demand":0,"DemandMax":1,"Value":1485},{"Length":76,"Height":31,"Demand":0,"DemandMax":1,"Value":4712},{"Length":2,"Height":18,"Demand":0,"DemandMax":1,"Value":108},{"Length":36,"Height":49,"Demand":0,"DemandMax":1,"Value":3528},{"Length":41,"Height":46,"Demand":0,"DemandMax":1,"Value":1886},{"Length":86,"Height":46,"Demand":0,"DemandMax":1,"Value":3956},{"Length":24,"Height":12,"Demand":0,"DemandMax":1,"Value":576},{"Length":75,"Height":61,"Demand":0,"DemandMax":1,"Value":4575},{"Length":82,"Height":94,"Demand":0,"DemandMax":1,"Value":7708},{"Length":34,"Height":40,"Demand":0,"DemandMax":1,"Value":4080},{"Length":44,"Height":28,"Demand":0,"DemandMax":1,"Value":1232},{"Length":95,"Height":16,"Demand":0,"DemandMax":1,"Value":4560},{"Length":8,"Height":18,"Demand":0,"DemandMax":1,"Value":288},{"Length":84,"Height":37,"Demand":0,"DemandMax":1,"Value":6216},{"Length":42,"Height":7,"Demand":0,"DemandMax":1,"Value":588},{"Length":84,"Height":19,"Demand":0,"DemandMax":1,"Value":1596},{"Length":98,"Height":22,"Demand":0,"DemandMax":1,"Value":4312},{"Length":44,"Height":15,"Demand":0,"DemandMax":1,"Value":1320},{"Length":99,"Height":43,"Demand":0,"DemandMax":1,"Value":12771},{"Length":90,"Height":4,"Demand":0,"DemandMax":1,"Value":1080},{"Length":35,"Height":21,"Demand":0,"DemandMax":1,"Value":1470},{"Length":87,"Height":95,"Demand":0,"DemandMax":1,"Value":16530},{"Length":87,"Height":33,"Demand":0,"DemandMax":1,"Value":5742},{"Length":27,"Height":25,"Demand":0,"DemandMax":1,"Value":675},{"Length":32,"Height":39,"Demand":0,"DemandMax":1,"Value":1248},{"Length":37,"Height":36,"Demand":0,"DemandMax":1,"Value":2664},{"Length":38,"Height":19,"Demand":0,"DemandMax":1,"Value":2166},{"Length":49,"Height":23,"Demand":0,"DemandMax":1,"Value":1127},{"Length":81,"Height":35,"Demand":0,"DemandMax":1,"Value":2835},{"Length":26,"Height":40,"Demand":0,"DemandMax":1,"Value":3120},{"Length":2,"Height":22,"Demand":0,"DemandMax":1,"Value":132},{"Length":42,"Height":47,"Demand":0,"DemandMax":1,"Value":3948},{"Length":56,"Height":60,"Demand":0,"DemandMax":1,"Value":10080},{"Length":94,"Height":55,"Demand":0,"DemandMax":1,"Value":10340},{"Length":88,"Height":42,"Demand":0,"DemandMax":1,"Value":7392},{"Length":16,"Height":14,"Demand":0,"DemandMax":1,"Value":672},{"Length":74,"Height":53,"Demand":0,"DemandMax":1,"Value":7844},{"Length":7,"Height":94,"Demand":0,"DemandMax":1,"Value":1316},{"Length":5,"Height":16,"Demand":0,"DemandMax":1,"Value":160},{"Length":47,"Height":36,"Demand":0,"DemandMax":1,"Value":5076}]}