{"Name":"ngcutfs1_142","Objects":[{"Length":100,"Height":100,"Stock":null,"Cost":10000}],"Items":[{"Length":27,"Height":12,"Demand":0,"DemandMax":4,"Value":972},{"Length":10,"Height":85,"Demand":0,"DemandMax":4,"Value":850},{"Length":36,"Height":24,"Demand":0,"DemandMax":4,"Value":864},{"Length":100,"Height":19,"Demand":0,"DemandMax":4,"Value":1900},{"Length":42,"Height":49,"Demand":0,"DemandMax":4,"Value":6174},{"Length":12,"Height":25,"Demand":0,"DemandMax":4,"Value":300},{"Length":30,"Height":24,"Demand":0,"DemandMax":4,"Value":2160},{"Length":19,"Height":85,"Demand":0,"DemandMax":4,"Value":1615},{"Length":75,"Height":91,"Demand":0,"DemandMax":4,"Value":6825},{"Length":45,"Height":2,"Demand":0,"DemandMax":4,"Value":90},{"Length":50,"Height":44,"Demand":0,"DemandMax":4,"Value":6600},{"Length":92,"Height":83,"Demand":0,"DemandMax":4,"Value":7636},{"Length":77,"Height":9,"Demand":0,"DemandMax":4,"Value":693},{"Length":28,"Height":11,"Demand":0,"DemandMax":4,"Value":924},{"Length":90,"Height":21,"Demand":0,"DemandMax":4,"Value":5670},{"Length":21,"Height":99,"Demand":0,"DemandMax":4,"Value":4158},{"Length":22,"Height":50,"Demand":0,"DemandMax":4,"Value":1100},{"Length":43,"Height":18,"Demand":0,"DemandMax":4,"Value":774},{"Length":91,"Height":20,"Demand":0,"DemandMax":4,"Value":5460},{"Length":16,"Height":32,"Demand":0,"DemandMax":4,"Value":1536},{"Length":70,"Height":74,"Demand":0,"DemandMax":4,"Value":15540},{"Length":41,"Height":45,"Demand":0,"DemandMax":4,"Value":1845},{"Length":69,"Height":84,"Demand":0,"DemandMax":4,"Value":11592},{"Length":92,"Height":46,"Demand":0,"DemandMax":4,"Value":4232},{"Length":57,"Height":65,"Demand":0,"DemandMax":4,"Value":11115},{"Length":20,"Height":36,"Demand":0,"DemandMax":4,"Value":720},{"Length":31,"Height":100,"Demand":0,"DemandMax":4,"Value":3100},{"Length":9,"Height":3,"Demand":0,"DemandMax":4,"Value":54},{"Length":98,"Height":46,"Demand":0,"DemandMax":4,"Value":4508},{"Length":44,"Height":89,"Demand":0,"DemandMax":4,"Value":3916},{"Length":46,"Height":23,"Demand":0,"DemandMax":4,"Value":2116},{"Length":85,"Height":71,"Demand":0,"DemandMax":4,"Value":12070},{"Length":30,"Height":76,"Demand":0,"DemandMax":4,"Value":4560},{"Length":46,"Height":34,"Demand":0,"DemandMax":4,"Value":1564},{"Length":11,"Height":7,"Demand":0,"DemandMax":4,"Value":154},{"Length":35,"Height":22,"Demand":0,"DemandMax":4,"Value":2310},{"Length":83,"Height":41,"Demand":0,"DemandMax":4,"Value":10209},{"Length":14,"Height":80,"Demand":0,"DemandMax":4,"Value":1120},{"Length":83,"Height":84,"Demand":0,"DemandMax":4,"Value":13944},{"Length":84,"Height":22,"Demand":0,"DemandMax":4,"Value":5544},{"Length":61,"Height":51,"Demand":0,"DemandMax":4,"Value":3111},{"Length":13,"Height":30,"Demand":0,"DemandMax":8,"Value":1170},{"Length":35,"Height":3,"Demand":0,"DemandMax":4,"Value":105},{"Length":85,"Height":45,"Demand":0,"DemandMax":4,"Value":11475},{"Length":15,"Height":18,"Demand":0,"DemandMax":4,"Value":540},{"Length":94,"Height":99,"Demand":0,"DemandMax":4,"Value":18612},{"Length":26,"Height":82,"Demand":0,"DemandMax":4,"Value":4264},{"Length":19,"Height":95,"Demand":0,"DemandMax":4,"Value":3610},{"Length":17,"Height":23,"Demand":0,"DemandMax":4,"Value":1173},{"Length":76,"Height":86,"Demand":0,"DemandMax":4,"Value":19608},{"Length":88,"Height":90,"Demand":0,"DemandMax":4,"Value":15840},{"Length":25,"Height":40,"Demand":0,"DemandMax":4,"Value":2000},{"Length":9,"Height":21,"Demand":0,"DemandMax":4,"Value":189},{"Length":93,"Height":12,"Demand":0,"DemandMax":4,"Value":2232},{"Length":12,"Height":81,"Demand":0,"DemandMax":4,"Value":972},{"Length":76,"Height":40,"Demand":0,"DemandMax":4,"Value":9120},{"Length":27,"Height":20,"Demand":0,"DemandMax":4,"Value":1080},{"Length":91,"Height":32,"Demand":0,"DemandMax":4,"Value":5824},{"Length":30,"Height":40,"Demand":0,"DemandMax":4,"Value":2400},{"Length":29,"Height":11,"Demand":0,"DemandMax":4,"Value":957},{"Length":11,"Height":35,"Demand":0,"DemandMax":4,"Value":770},{"Length":91,"Height":40,"Demand":0,"DemandMax":4,"Value":7280},{"Length":43,"Height":30,"Demand":0,"DemandMax":4,"Value":1290},{"Length":40,"Height":87,"Demand":0,"DemandMax":4,"Value":10440},{"Length":43,"Height":40,"Demand":0,"DemandMax":4,"Value":3440},{"Length":55,"Height":93,"Demand":0,"DemandMax":4,"Value":5115},{"Length":47,"Height":12,"Demand":0,"DemandMax":4,"Value":564},{"Length":92,"Height":19,"Demand":0,"DemandMax":4,"Value":5244},{"Length":16,"Height":34,"Demand":0,"DemandMax":4,"Value":544},{"Length":12,"Height":31,"Demand":0,"DemandMax":4,"Value":1116},{"Length":15,"Height":9,"Demand":0,"DemandMax":4,"Value":405},{"Length":18,"Height":87,"Demand":0,"DemandMax":4,"Value":3132},{"Length":31,"Height":29,"Demand":0,"DemandMax":4,"Value":1798},{"Length":14,"Height":93,"Demand":0,"DemandMax":4,"Value":3906},{"Length":6,"Height":35,"Demand":0,"DemandMax":4,"Value":420},{"Length":33,"Height":38,"Demand":0,"DemandMax":4,"Value":1254},{"Length":19,"Height":8,"Demand":0,"DemandMax":4,"Value":304},{"Length":44,"Height":23,"Demand":0,"DemandMax":4,"Value":3036},{"Length":97,"Height":70,"Demand":0,"DemandMax":4,"Value":20370},{"Length":3,"Height":24,"Demand":0,"DemandMax":4,"Value":216},{"Length":66,"Height":91,"Demand":0,"DemandMax":4,"Value":6006},{"Length":21,"Height":37,"Demand":0,"DemandMax":4,"Value":2331},{"Length":33,"Height":96,"Demand":0,"DemandMax":4,"Value":6336},{"Length":34,"Height":84,"Demand":0,"DemandMax":4,"Value":8568},{"Length":78,"Height":88,"Demand":0,"DemandMax":4,"Value":13728},{"Length":31,"Height":38,"Demand":0,"DemandMax":4,"Value":2356},{"Length":92,"Height":29,"Demand":0,"DemandMax":4,"Value":8004},{"Length":27,"Height":33,"Demand":0,"DemandMax":4,"Value":891},{"Length":46,"Height":48,"Demand":0,"DemandMax":4,"Value":2208},{"Length":89,"Height":44,"Demand":0,"DemandMax":4,"Value":7832},{"Length":71,"Height":93,"Demand":0,"DemandMax":4,"Value":6603},{"Length":32,"Height":78,"Demand":0,"DemandMax":4,"Value":7488},{"Length":100,"Height":58,"Demand":0,"DemandMax":4,"Value":11600},{"Length":84,"Height":81,"Demand":0,"DemandMax":4,"Value":6804},{"Length":78,"Height":38,"Demand":0,"DemandMax":4,"Value":8892},{"Length":32,"Height":23,"Demand":0,"DemandMax":4,"Value":2208},{"Length":27,"Height":76,"Demand":0,"DemandMax":4,"Value":6156},{"Length":49,"Height":49,"Demand":0,"DemandMax":4,"Value":7203},{"Length":65,"Height":80,"Demand":0,"DemandMax":4,"Value":10400},{"Length":84,"Height":19,"Demand":0,"DemandMax":4,"Value":4788},{"Length":87,"Height":48,"Demand":0,"DemandMax":4,"Value":12528},{"Length":46,"Height":33,"Demand":0,"DemandMax":4,"Value":1518},{"Length":36,"Height":25,"Demand":0,"DemandMax":4,"Value":900},{"Length":78,"Height":59,"Demand":0,"DemandMax":4,"Value":13806},{"Length":87,"Height":57,"Demand":0,"DemandMax":4,"Value":4959},{"Length":90,"Height":20,"Demand":0,"DemandMax":4,"Value":3600},{"Length":48,"Height":96,"Demand":0,"DemandMax":4,"Value":9216},{"Length":90,"Height":53,"Demand":0,"DemandMax":4,"Value":14310},{"Length":22,"Height":44,"Demand":0,"DemandMax":4,"Value":1936},{"Length":21,"Height":83,"Demand":0,"DemandMax":4,"Value":3486},{"Length":38,"Height":42,"Demand":0,"DemandMax":4,"Value":4788},{"Length":36,"Height":96,"Demand":0,"DemandMax":4,"Value":10368},{"Length":16,"Height":88,"Demand":0,"DemandMax":4,"Value":2816},{"Length":22,"Height":95,"Demand":0,"DemandMax":4,"Value":2090},{"Length":24,"Height":15,"Demand":0,"DemandMax":4,"Value":720},{"Length":16,"Height":17,"Demand":0,"DemandMax":4,"Value":272},{"Length":30,"Height":28,"Demand":0,"DemandMax":4,"Value":840},{"Length":90,"Height":29,"Demand":0,"DemandMax":4,"Value":2610},{"Length":87,"Height":70,"Demand":0,"DemandMax":4,"Value":6090},{"Length":6,"Height":79,"Demand":0,"DemandMax":4,"Value":948},{"Length":4,"Height":11,"Demand":0,"DemandMax":4,"Value":44},{"Length":81,"Height":33,"Demand":0,"DemandMax":4,"Value":8019},{"Length":16,"Height":92,"Demand":0,"DemandMax":4,"Value":4416},{"Length":46,"Height":32,"Demand":0,"DemandMax":4,"Value":2944},{"Length":9,"Height":34,"Demand":0,"DemandMax":4,"Value":612},{"Length":29,"Height":11,"Demand":0,"DemandMax":4,"Value":638},{"Length":5,"Height":98,"Demand":0,"DemandMax":4,"Value":1470},{"Length":50,"Height":39,"Demand":0,"DemandMax":4,"Value":1950},{"Length":8,"Height":80,"Demand":0,"DemandMax":4,"Value":640},{"Length":35,"Height":91,"Demand":0,"DemandMax":4,"Value":3185},{"Length":86,"Height":95,"Demand":0,"DemandMax":4,"Value":24510},{"Length":37,"Height":94,"Demand":0,"DemandMax":4,"Value":6956},{"Length":85,"Height":10,"Demand":0,"DemandMax":4,"Value":1700},{"Length":52,"Height":78,"Demand":0,"DemandMax":4,"Value":8112},{"Length":83,"Height":54,"Demand":0,"DemandMax":4,"Value":4482},{"Length":81,"Height":6,"Demand":0,"DemandMax":4,"Value":972},{"Length":76,"Height":6,"Demand":0,"DemandMax":4,"Value":912},{"Length":6,"Height":10,"Demand":0,"DemandMax":4,"Value":180},{"Length":2,"Height":97,"Demand":0,"DemandMax":4,"Value":582},{"Length":79,"Height":93,"Demand":0,"DemandMax":4,"Value":14694},{"Length":38,"Height":24,"Demand":0,"DemandMax":4,"Value":912},{"Length":88,"Height":24,"Demand":0,"DemandMax":4,"Value":2112},{"Length":94,"Height":53,"Demand":0,"DemandMax":4,"Value":4982},{"Length":44,"Height":82,"Demand":0,"DemandMax":4,"Value":10824},{"Length":33,"Height":11,"Demand":0,"DemandMax":4,"Value":363},{"Length":36,"Height":45,"Demand":0,"DemandMax":4,"Value":3240},{"Length":91,"Height":43,"Demand":0,"DemandMax":4,"Value":7826},{"Length":2,"Height":45,"Demand":0,"DemandMax":4,"Value":180},{"Length":48,"Height":6,"Demand":0,"DemandMax":4,"Value":576},{"Length":9,"Height":7,"Demand":0,"DemandMax":4,"Value":63},{"Length":11,"Height":99,"Demand":0,"DemandMax":4,"Value":3267},{"Length":12,"Height":92,"Demand":0,"DemandMax":4,"Value":1104},{"Length":19,"Height":82,"Demand":0,"DemandMax":4,"Value":3116},{"Length":95,"Height":32,"Demand":0,"DemandMax":4,"Value":6080},{"Length":41,"Height":84,"Demand":0,"DemandMax":4,"Value":3444},{"Length":23,"Height":77,"Demand":0,"DemandMax":4,"Value":1771},{"Length":71,"Height":52,"Demand":0,"DemandMax":4,"Value":11076},{"Length":22,"Height":77,"Demand":0,"DemandMax":4,"Value":1694},{"Length":12,"Height":34,"Demand":0,"DemandMax":4,"Value":1224},{"Length":28,"Height":16,"Demand":0,"DemandMax":4,"Value":448},{"Length":62,"Height":88,"Demand":0,"DemandMax":4,"Value":10912},{"Length":31,"Height":24,"Demand":0,"DemandMax":4,"Value":744},{"Length":28,"Height":78,"Demand":0,"DemandMax":4,"Value":2184},{"Length":93,"Height":30,"Demand":0,"DemandMax":4,"Value":8370},{"Length":7,"Height":43,"Demand":0,"DemandMax":4,"Value":602},{"Length":94,"Height":50,"Demand":0,"DemandMax":4,"Value":4700},{"Length":36,"Height":92,"Demand":0,"DemandMax":4,"Value":6624},{"Length":26,"Height":19,"Demand":0,"DemandMax":4,"Value":494},{"Length":72,"Height":76,"Demand":0,"DemandMax":4,"Value":5472},{"Length":44,"Height":45,"Demand":0,"DemandMax":4,"Value":1980},{"Length":90,"Height":18,"Demand":0,"DemandMax":4,"Value":1620},{"Length":94,"Height":37,"Demand":0,"DemandMax":4,"Value":3478},{"Length":88,"Height":2,"Demand":0,"DemandMax":4,"Value":528},{"Length":84,"Height":10,"Demand":0,"DemandMax":4,"Value":840},{"Length":85,"Height":15,"Demand":0,"DemandMax":4,"Value":3825},{"Length":45,"Height":50,"Demand":0,"DemandMax":4,"Value":2250},{"Length":96,"Height":8,"Demand":0,"DemandMax":4,"Value":1536},{"Length":86,"Height":23,"Demand":0,"DemandMax":4,"Value":5934},{"Length":40,"Height":79,"Demand":0,"DemandMax":4,"Value":9480},{"Length":85,"Height":41,"Demand":0,"DemandMax":4,"Value":10455},{"Length":43,"Height":84,"Demand":0,"DemandMax":4,"Value":3612},{"Length":19,"Height":91,"Demand":0,"DemandMax":4,"Value":3458},{"Length":44,"Height":47,"Demand":0,"DemandMax":4,"Value":2068},{"Length":42,"Height":92,"Demand":0,"DemandMax":4,"Value":7728},{"Length":68,"Height":84,"Demand":0,"DemandMax":4,"Value":17136},{"Length":42,"Height":5,"Demand":0,"DemandMax":4,"Value":210},{"Length":23,"Height":12,"Demand":0,"DemandMax":4,"Value":828},{"Length":82,"Height":8,"Demand":0,"DemandMax":4,"Value":1968},{"Length":30,"Height":37,"Demand":0,"DemandMax":4,"Value":2220},{"Length":76,"Height":30,"Demand":0,"DemandMax":4,"Value":6840},{"Length":27,"Height":24,"Demand":0,"DemandMax":4,"Value":648},{"Length":99,"Height":15,"Demand":0,"DemandMax":4,"Value":1485},{"Length":91,"Height":98,"Demand":0,"DemandMax":4,"Value":26754},{"Length":96,"Height":95,"Demand":0,"DemandMax":4,"Value":27360},{"Length":69,"Height":86,"Demand":0,"DemandMax":4,"Value":5934},{"Length":41,"Height":28,"Demand":0,"DemandMax":4,"Value":3444},{"Length":97,"Height":18,"Demand":0,"DemandMax":4,"Value":3492},{"Length":32,"Height":27,"Demand":0,"DemandMax":4,"Value":2592},{"Length":69,"Height":89,"Demand":0,"DemandMax":4,"Value":12282},{"Length":39,"Height":2,"Demand":0,"DemandMax":4,"Value":234},{"Length":95,"Height":76,"Demand":0,"DemandMax":4,"Value":7220},{"Length":35,"Height":89,"Demand":0,"DemandMax":4,"Value":6230},{"Length":31,"Height":10,"Demand":0,"DemandMax":4,"Value":930},{"Length":31,"Height":23,"Demand":0,"DemandMax":4,"Value":1426},{"Length":3,"Height":87,"Demand":0,"DemandMax":4,"Value":522},{"Length":39,"Height":94,"Demand":0,"DemandMax":4,"Value":3666},{"Length":31,"Height":35,"Demand":0,"DemandMax":4,"Value":2170},{"Length":22,"Height":5,"Demand":0,"DemandMax":4,"Value":220},{"Length":32,"Height":34,"Demand":0,"DemandMax":4,"Value":3264},{"Length":79,"Height":64,"Demand":0,"DemandMax":4,"Value":15168},{"Length":87,"Height":2,"Demand":0,"DemandMax":4,"Value":174},{"Length":43,"Height":12,"Demand":0,"DemandMax":4,"Value":516},{"Length":20,"Height":38,"Demand":0,"DemandMax":4,"Value":2280},{"Length":28,"Height":7,"Demand":0,"DemandMax":4,"Value":196},{"Length":99,"Height":92,"Demand":0,"DemandMax":4,"Value":27324},{"Length":27,"Height":88,"Demand":0,"DemandMax":4,"Value":4752},{"Length":17,"Height":23,"Demand":0,"DemandMax":4,"Value":782},{"Length":97,"Height":55,"Demand":0,"DemandMax":4,"Value":16005},{"Length":31,"Height":49,"Demand":0,"DemandMax":4,"Value":1519},{"Length":23,"Height":43,"Demand":0,"DemandMax":4,"Value":989},{"Length":35,"Height":18,"Demand":0,"DemandMax":4,"Value":1890},{"Length":3,"Height":19,"Demand":0,"DemandMax":4,"Value":57},{"Length":84,"Height":70,"Demand":0,"DemandMax":4,"Value":17640},{"Length":45,"Height":27,"Demand":0,"DemandMax":4,"Value":3645},{"Length":90,"Height":14,"Demand":0,"DemandMax":4,"Value":1260},{"Length":26,"Height":86,"Demand":0,"DemandMax":4,"Value":6708},{"Length":36,"Height":79,"Demand":0,"DemandMax":4,"Value":5688},{"Length":86,"Height":74,"Demand":0,"DemandMax":4,"Value":12728},{"Length":30,"Height":16,"Demand":0,"DemandMax":4,"Value":960},{"Length":91,"Height":17,"Demand":0,"DemandMax":4,"Value":3094},{"Length":2,"Height":17,"Demand":0,"DemandMax":4,"Value":102},{"Length":46,"Height":34,"Demand":0,"DemandMax":4,"Value":4692},{"Length":91,"Height":13,"Demand":0,"DemandMax":4,"Value":2366},{"Length":80,"Height":98,"Demand":0,"DemandMax":4,"Value":7840},{"Length":85,"Height":99,"Demand":0,"DemandMax":4,"Value":8415},{"Length":49,"Height":26,"Demand":0,"DemandMax":4,"Value":1274},{"Length":71,"Height":91,"Demand":0,"DemandMax":4,"Value":6461},{"Length":21,"Height":4,"Demand":0,"DemandMax":4,"Value":84},{"Length":30,"Height":87,"Demand":0,"DemandMax":4,"Value":2610},{"Length":38,"Height":7,"Demand":0,"DemandMax":4,"Value":532},{"Length":28,"Height":12,"Demand":0,"DemandMax":4,"Value":336},{"Length":30,"Height":98,"Demand":0,"DemandMax":4,"Value":5880},{"Length":16,"Height":31,"Demand":0,"DemandMax":4,"Value":1488},{"Length":90,"Height":50,"Demand":0,"DemandMax":4,"Value":13500},{"Length":43,"Height":85,"Demand":0,"DemandMax":4,"Value":3655},{"Length":87,"Height":58,"Demand":0,"DemandMax":4,"Value":15138},{"Length":37,"Height":43,"Demand":0,"DemandMax":4,"Value":3182},{"Length":54,"Height":79,"Demand":0,"DemandMax":4,"Value":4266},{"Length":27,"Height":11,"Demand":0,"DemandMax":4,"Value":297}]}