{"Name":"ngcutfs2_120","Objects":[{"Length":100,"Height":100,"Stock":null,"Cost":10000}],"Items":[{"Length":36,"Height":12,"Demand":0,"DemandMax":4,"Value":1296},{"Length":57,"Height":89,"Demand":0,"DemandMax":4,"Value":5073},{"Length":50,"Height":48,"Demand":0,"DemandMax":4,"Value":2400},{"Length":65,"Height":88,"Demand":0,"DemandMax":4,"Value":11440},{"Length":88,"Height":13,"Demand":0,"DemandMax":4,"Value":1144},{"Length":27,"Height":20,"Demand":0,"DemandMax":4,"Value":1080},{"Length":11,"Height":32,"Demand":0,"DemandMax":4,"Value":352},{"Length":44,"Height":93,"Demand":0,"DemandMax":4,"Value":4092},{"Length":46,"Height":11,"Demand":0,"DemandMax":4,"Value":506},{"Length":36,"Height":32,"Demand":0,"DemandMax":4,"Value":2304},{"Length":26,"Height":80,"Demand":0,"DemandMax":4,"Value":6240},{"Length":47,"Height":77,"Demand":0,"DemandMax":4,"Value":10857},{"Length":35,"Height":22,"Demand":0,"DemandMax":4,"Value":770},{"Length":9,"Height":13,"Demand":0,"DemandMax":4,"Value":117},{"Length":48,"Height":47,"Demand":0,"DemandMax":4,"Value":6768},{"Length":48,"Height":16,"Demand":0,"DemandMax":4,"Value":768},{"Length":30,"Height":40,"Demand":0,"DemandMax":4,"Value":2400},{"Length":50,"Height":11,"Demand":0,"DemandMax":4,"Value":550},{"Length":70,"Height":51,"Demand":0,"DemandMax":4,"Value":10710},{"Length":47,"Height":17,"Demand":0,"DemandMax":4,"Value":799},{"Length":22,"Height":14,"Demand":0,"DemandMax":4,"Value":924},{"Length":42,"Height":23,"Demand":0,"DemandMax":4,"Value":966},{"Length":43,"Height":46,"Demand":0,"DemandMax":4,"Value":1978},{"Length":88,"Height":30,"Demand":0,"DemandMax":4,"Value":5280},{"Length":36,"Height":21,"Demand":0,"DemandMax":4,"Value":756},{"Length":89,"Height":23,"Demand":0,"DemandMax":4,"Value":6141},{"Length":82,"Height":33,"Demand":0,"DemandMax":4,"Value":5412},{"Length":23,"Height":77,"Demand":0,"DemandMax":4,"Value":1771},{"Length":98,"Height":3,"Demand":0,"DemandMax":4,"Value":882},{"Length":6,"Height":36,"Demand":0,"DemandMax":4,"Value":432},{"Length":17,"Height":83,"Demand":0,"DemandMax":4,"Value":1411},{"Length":25,"Height":2,"Demand":0,"DemandMax":4,"Value":100},{"Length":38,"Height":9,"Demand":0,"DemandMax":4,"Value":684},{"Length":78,"Height":91,"Demand":0,"DemandMax":4,"Value":14196},{"Length":67,"Height":86,"Demand":0,"DemandMax":4,"Value":17286},{"Length":18,"Height":7,"Demand":0,"DemandMax":4,"Value":378},{"Length":48,"Height":47,"Demand":0,"DemandMax":4,"Value":2256},{"Length":11,"Height":82,"Demand":0,"DemandMax":4,"Value":1804},{"Length":74,"Height":98,"Demand":0,"DemandMax":4,"Value":21756},{"Length":44,"Height":35,"Demand":0,"DemandMax":4,"Value":4620},{"Length":50,"Height":96,"Demand":0,"DemandMax":4,"Value":9600},{"Length":25,"Height":45,"Demand":0,"DemandMax":4,"Value":2250},{"Length":38,"Height":100,"Demand":0,"DemandMax":4,"Value":11400},{"Length":4,"Height":13,"Demand":0,"DemandMax":4,"Value":104},{"Length":16,"Height":2,"Demand":0,"DemandMax":4,"Value":32},{"Length":45,"Height":21,"Demand":0,"DemandMax":4,"Value":2835},{"Length":79,"Height":45,"Demand":0,"DemandMax":4,"Value":3555},{"Length":34,"Height":48,"Demand":0,"DemandMax":4,"Value":1632},{"Length":40,"Height":92,"Demand":0,"DemandMax":4,"Value":7360},{"Length":92,"Height":67,"Demand":0,"DemandMax":4,"Value":12328},{"Length":4,"Height":8,"Demand":0,"DemandMax":4,"Value":96},{"Length":53,"Height":98,"Demand":0,"DemandMax":4,"Value":5194},{"Length":12,"Height":31,"Demand":0,"DemandMax":4,"Value":372},{"Length":26,"Height":17,"Demand":0,"DemandMax":4,"Value":884},{"Length":54,"Height":93,"Demand":0,"DemandMax":4,"Value":10044},{"Length":21,"Height":43,"Demand":0,"DemandMax":4,"Value":2709},{"Length":4,"Height":97,"Demand":0,"DemandMax":4,"Value":1164},{"Length":14,"Height":20,"Demand":0,"DemandMax":4,"Value":280},{"Length":47,"Height":10,"Demand":0,"DemandMax":4,"Value":470},{"Length":92,"Height":6,"Demand":0,"DemandMax":4,"Value":1656},{"Length":22,"Height":85,"Demand":0,"DemandMax":4,"Value":3740},{"Length":21,"Height":42,"Demand":0,"DemandMax":4,"Value":1764},{"Length":17,"Height":32,"Demand":0,"DemandMax":4,"Value":544},{"Length":16,"Height":13,"Demand":0,"DemandMax":4,"Value":624},{"Length":23,"Height":18,"Demand":0,"DemandMax":4,"Value":1242},{"Length":88,"Height":51,"Demand":0,"DemandMax":4,"Value":4488},{"Length":86,"Height":73,"Demand":0,"DemandMax":4,"Value":12556},{"Length":96,"Height":16,"Demand":0,"DemandMax":4,"Value":3072},{"Length":11,"Height":21,"Demand":0,"DemandMax":4,"Value":231},{"Length":2,"Height":34,"Demand":0,"DemandMax":4,"Value":204},{"Length":86,"Height":6,"Demand":0,"DemandMax":4,"Value":516},{"Length":41,"Height":22,"Demand":0,"DemandMax":4,"Value":2706},{"Length":100,"Height":6,"Demand":0,"DemandMax":4,"Value":1200},{"Length":3,"Height":13,"Demand":0,"DemandMax":4,"Value":78},{"Length":12,"Height":50,"Demand":0,"DemandMax":4,"Value":1200},{"Length":11,"Height":76,"Demand":0,"DemandMax":4,"Value":1672},{"Length":6,"Height":26,"Demand":0,"DemandMax":4,"Value":156},{"Length":64,"Height":93,"Demand":0,"DemandMax":4,"Value":5952},{"Length":82,"Height":37,"Demand":0,"DemandMax":4,"Value":6068},{"Length":11,"Height":91,"Demand":0,"DemandMax":4,"Value":2002},{"Length":31,"Height":31,"Demand":0,"DemandMax":4,"Value":961},{"Length":73,"Height":89,"Demand":0,"DemandMax":4,"Value":12994},{"Length":83,"Height":91,"Demand":0,"DemandMax":4,"Value":7553},{"Length":95,"Height":67,"Demand":0,"DemandMax":4,"Value":6365},{"Length":53,"Height":73,"Demand":0,"DemandMax":4,"Value":11607},{"Length":81,"Height":11,"Demand":0,"DemandMax":4,"Value":1782},{"Length":93,"Height":10,"Demand":0,"DemandMax":4,"Value":2790},{"Length":89,"Height":25,"Demand":0,"DemandMax":4,"Value":2225},{"Length":40,"Height":20,"Demand":0,"DemandMax":4,"Value":1600},{"Length":23,"Height":82,"Demand":0,"DemandMax":4,"Value":5658},{"Length":16,"Height":49,"Demand":0,"DemandMax":4,"Value":1568},{"Length":9,"Height":45,"Demand":0,"DemandMax":4,"Value":1215},{"Length":42,"Height":31,"Demand":0,"DemandMax":4,"Value":3906},{"Length":36,"Height":41,"Demand":0,"DemandMax":4,"Value":4428},{"Length":50,"Height":17,"Demand":0,"DemandMax":4,"Value":1700},{"Length":26,"Height":88,"Demand":0,"DemandMax":4,"Value":6864},{"Length":37,"Height":20,"Demand":0,"DemandMax":4,"Value":1480},{"Length":11,"Height":35,"Demand":0,"DemandMax":4,"Value":770},{"Length":77,"Height":23,"Demand":0,"DemandMax":4,"Value":1771},{"Length":45,"Height":14,"Demand":0,"DemandMax":4,"Value":1890},{"Length":10,"Height":8,"Demand":0,"DemandMax":4,"Value":80},{"Length":3,"Height":86,"Demand":0,"DemandMax":4,"Value":258},{"Length":40,"Height":48,"Demand":0,"DemandMax":4,"Value":1920},{"Length":39,"Height":31,"Demand":0,"DemandMax":4,"Value":1209},{"Length":35,"Height":77,"Demand":0,"DemandMax":4,"Value":2695},{"Length":27,"Height":39,"Demand":0,"DemandMax":4,"Value":2106},{"Length":89,"Height":71,"Demand":0,"DemandMax":4,"Value":12638},{"Length":35,"Height":32,"Demand":0,"DemandMax":4,"Value":1120},{"Length":81,"Height":3,"Demand":0,"DemandMax":4,"Value":486},{"Length":64,"Height":82,"Demand":0,"DemandMax":4,"Value":15744},{"Length":14,"Height":19,"Demand":0,"DemandMax":4,"Value":532},{"Length":9,"Height":43,"Demand":0,"DemandMax":4,"Value":774},{"Length":96,"Height":21,"Demand":0,"DemandMax":4,"Value":4032},{"Length":43,"Height":2,"Demand":0,"DemandMax":4,"Value":258},{"Length":85,"Height":88,"Demand":0,"DemandMax":4,"Value":22440},{"Length":50,"Height":29,"Demand":0,"DemandMax":4,"Value":1450},{"Length":20,"Height":4,"Demand":0,"DemandMax":4,"Value":160},{"Length":23,"Height":32,"Demand":0,"DemandMax":4,"Value":1472},{"Length":13,"Height":13,"Demand":0,"DemandMax":4,"Value":507},{"Length":49,"Height":3,"Demand":0,"DemandMax":4,"Value":441},{"Length":81,"Height":37,"Demand":0,"DemandMax":4,"Value":2997},{"Length":85,"Height":72,"Demand":0,"DemandMax":4,"Value":18360},{"Length":95,"Height":6,"Demand":0,"DemandMax":4,"Value":1710},{"Length":77,"Height":10,"Demand":0,"DemandMax":4,"Value":770},{"Length":17,"Height":20,"Demand":0,"DemandMax":4,"Value":340},{"Length":80,"Height":20,"Demand":0,"DemandMax":4,"Value":1600},{"Length":24,"Height":36,"Demand":0,"DemandMax":4,"Value":2592},{"Length":35,"Height":16,"Demand":0,"DemandMax":4,"Value":1120},{"Length":27,"Height":8,"Demand":0,"DemandMax":4,"Value":648},{"Length":84,"Height":6,"Demand":0,"DemandMax":4,"Value":1008},{"Length":11,"Height":9,"Demand":0,"DemandMax":4,"Value":198},{"Length":2,"Height":19,"Demand":0,"DemandMax":4,"Value":114},{"Length":9,"Height":35,"Demand":0,"DemandMax":4,"Value":945},{"Length":78,"Height":23,"Demand":0,"DemandMax":4,"Value":5382},{"Length":17,"Height":49,"Demand":0,"DemandMax":4,"Value":1666},{"Length":47,"Height":19,"Demand":0,"DemandMax":4,"Value":893},{"Length":99,"Height":50,"Demand":0,"DemandMax":4,"Value":14850},{"Length":25,"Height":99,"Demand":0,"DemandMax":4,"Value":7425},{"Length":37,"Height":9,"Demand":0,"DemandMax":4,"Value":666},{"Length":18,"Height":87,"Demand":0,"DemandMax":4,"Value":4698},{"Length":3,"Height":19,"Demand":0,"DemandMax":4,"Value":57},{"Length":21,"Height":22,"Demand":0,"DemandMax":4,"Value":462},{"Length":27,"Height":17,"Demand":0,"DemandMax":4,"Value":918},{"Length":84,"Height":72,"Demand":0,"DemandMax":4,"Value":6048},{"Length":13,"Height":17,"Demand":0,"DemandMax":4,"Value":221},{"Length":43,"Height":98,"Demand":0,"DemandMax":4,"Value":8428},{"Length":4,"Height":23,"Demand":0,"DemandMax":4,"Value":276},{"Length":44,"Height":13,"Demand":0,"DemandMax":4,"Value":1144},{"Length":89,"Height":13,"Demand":0,"DemandMax":4,"Value":1157},{"Length":60,"Height":95,"Demand":0,"DemandMax":4,"Value":11400}]}