{"Name":"ngcutfs2_79","Objects":[{"Length":100,"Height":100,"Stock":null,"Cost":10000}],"Items":[{"Length":8,"Height":14,"Demand":0,"DemandMax":3,"Value":112},{"Length":42,"Height":31,"Demand":0,"DemandMax":3,"Value":1302},{"Length":47,"Height":38,"Demand":0,"DemandMax":3,"Value":1786},{"Length":33,"Height":8,"Demand":0,"DemandMax":3,"Value":264},{"Length":85,"Height":41,"Demand":0,"DemandMax":3,"Value":10455},{"Length":74,"Height":63,"Demand":0,"DemandMax":3,"Value":4662},{"Length":35,"Height":25,"Demand":0,"DemandMax":3,"Value":1750},{"Length":40,"Height":91,"Demand":0,"DemandMax":3,"Value":10920},{"Length":89,"Height":93,"Demand":0,"DemandMax":3,"Value":24831},{"Length":41,"Height":86,"Demand":0,"DemandMax":3,"Value":7052},{"Length":90,"Height":3,"Demand":0,"DemandMax":3,"Value":540},{"Length":61,"Height":79,"Demand":0,"DemandMax":3,"Value":4819},{"Length":88,"Height":50,"Demand":0,"DemandMax":3,"Value":4400},{"Length":42,"Height":35,"Demand":0,"DemandMax":3,"Value":2940},{"Length":44,"Height":6,"Demand":0,"DemandMax":3,"Value":264},{"Length":77,"Height":29,"Demand":0,"DemandMax":3,"Value":6699},{"Length":93,"Height":9,"Demand":0,"DemandMax":3,"Value":837},{"Length":8,"Height":16,"Demand":0,"DemandMax":3,"Value":256},{"Length":45,"Height":25,"Demand":0,"DemandMax":3,"Value":1125},{"Length":34,"Height":24,"Demand":0,"DemandMax":3,"Value":1632},{"Length":41,"Height":85,"Demand":0,"DemandMax":3,"Value":6970},{"Length":50,"Height":40,"Demand":0,"DemandMax":3,"Value":4000},{"Length":38,"Height":85,"Demand":0,"DemandMax":3,"Value":9690},{"Length":39,"Height":49,"Demand":0,"DemandMax":3,"Value":1911},{"Length":31,"Height":42,"Demand":0,"DemandMax":3,"Value":3906},{"Length":83,"Height":12,"Demand":0,"DemandMax":3,"Value":996},{"Length":89,"Height":14,"Demand":0,"DemandMax":3,"Value":2492},{"Length":72,"Height":75,"Demand":0,"DemandMax":3,"Value":10800},{"Length":17,"Height":94,"Demand":0,"DemandMax":3,"Value":1598},{"Length":50,"Height":7,"Demand":0,"DemandMax":3,"Value":350},{"Length":6,"Height":24,"Demand":0,"DemandMax":3,"Value":288},{"Length":16,"Height":100,"Demand":0,"DemandMax":3,"Value":1600},{"Length":80,"Height":35,"Demand":0,"DemandMax":3,"Value":5600},{"Length":10,"Height":46,"Demand":0,"DemandMax":3,"Value":1380},{"Length":43,"Height":4,"Demand":0,"DemandMax":3,"Value":344},{"Length":32,"Height":48,"Demand":0,"DemandMax":3,"Value":1536},{"Length":84,"Height":65,"Demand":0,"DemandMax":3,"Value":10920},{"Length":49,"Height":76,"Demand":0,"DemandMax":3,"Value":11172},{"Length":72,"Height":64,"Demand":0,"DemandMax":3,"Value":4608},{"Length":85,"Height":12,"Demand":0,"DemandMax":3,"Value":3060},{"Length":6,"Height":45,"Demand":0,"DemandMax":3,"Value":270},{"Length":81,"Height":100,"Demand":0,"DemandMax":3,"Value":8100},{"Length":91,"Height":31,"Demand":0,"DemandMax":3,"Value":8463},{"Length":40,"Height":100,"Demand":0,"DemandMax":3,"Value":4000},{"Length":63,"Height":73,"Demand":0,"DemandMax":3,"Value":9198},{"Length":28,"Height":5,"Demand":0,"DemandMax":3,"Value":280},{"Length":15,"Height":82,"Demand":0,"DemandMax":3,"Value":3690},{"Length":87,"Height":47,"Demand":0,"DemandMax":3,"Value":4089},{"Length":20,"Height":91,"Demand":0,"DemandMax":3,"Value":1820},{"Length":42,"Height":22,"Demand":0,"DemandMax":3,"Value":1848},{"Length":48,"Height":82,"Demand":0,"DemandMax":3,"Value":3936},{"Length":27,"Height":25,"Demand":0,"DemandMax":3,"Value":2025},{"Length":18,"Height":44,"Demand":0,"DemandMax":3,"Value":1584},{"Length":23,"Height":77,"Demand":0,"DemandMax":3,"Value":3542},{"Length":60,"Height":77,"Demand":0,"DemandMax":3,"Value":13860},{"Length":70,"Height":73,"Demand":0,"DemandMax":3,"Value":15330},{"Length":18,"Height":79,"Demand":0,"DemandMax":3,"Value":4266},{"Length":93,"Height":10,"Demand":0,"DemandMax":3,"Value":1860},{"Length":21,"Height":16,"Demand":0,"DemandMax":3,"Value":672},{"Length":83,"Height":15,"Demand":0,"DemandMax":3,"Value":1245},{"Length":69,"Height":71,"Demand":0,"DemandMax":3,"Value":4899},{"Length":19,"Height":98,"Demand":0,"DemandMax":3,"Value":5586},{"Length":36,"Height":29,"Demand":0,"DemandMax":3,"Value":1044},{"Length":76,"Height":5,"Demand":0,"DemandMax":3,"Value":760},{"Length":42,"Height":23,"Demand":0,"DemandMax":3,"Value":966},{"Length":50,"Height":6,"Demand":0,"DemandMax":3,"Value":300},{"Length":36,"Height":28,"Demand":0,"DemandMax":3,"Value":1008},{"Length":8,"Height":17,"Demand":0,"DemandMax":3,"Value":408},{"Length":28,"Height":98,"Demand":0,"DemandMax":3,"Value":5488},{"Length":37,"Height":6,"Demand":0,"DemandMax":3,"Value":666},{"Length":95,"Height":46,"Demand":0,"DemandMax":3,"Value":8740},{"Length":72,"Height":77,"Demand":0,"DemandMax":3,"Value":5544},{"Length":6,"Height":79,"Demand":0,"DemandMax":3,"Value":474},{"Length":80,"Height":45,"Demand":0,"DemandMax":3,"Value":3600},{"Length":50,"Height":79,"Demand":0,"DemandMax":3,"Value":3950},{"Length":6,"Height":32,"Demand":0,"DemandMax":3,"Value":192},{"Length":41,"Height":19,"Demand":0,"DemandMax":3,"Value":779},{"Length":30,"Height":9,"Demand":0,"DemandMax":3,"Value":810},{"Length":4,"Height":77,"Demand":0,"DemandMax":3,"Value":924},{"Length":18,"Height":91,"Demand":0,"DemandMax":3,"Value":1638},{"Length":41,"Height":33,"Demand":0,"DemandMax":3,"Value":2706},{"Length":33,"Height":9,"Demand":0,"DemandMax":3,"Value":297},{"Length":76,"Height":38,"Demand":0,"DemandMax":3,"Value":2888},{"Length":58,"Height":85,"Demand":0,"DemandMax":3,"Value":4930},{"Length":50,"Height":27,"Demand":0,"DemandMax":3,"Value":1350},{"Length":10,"Height":40,"Demand":0,"DemandMax":3,"Value":400},{"Length":22,"Height":4,"Demand":0,"DemandMax":3,"Value":264},{"Length":36,"Height":6,"Demand":0,"DemandMax":3,"Value":216},{"Length":18,"Height":30,"Demand":0,"DemandMax":3,"Value":1620},{"Length":76,"Height":9,"Demand":0,"DemandMax":3,"Value":2052},{"Length":77,"Height":44,"Demand":0,"DemandMax":3,"Value":6776},{"Length":29,"Height":38,"Demand":0,"DemandMax":3,"Value":2204},{"Length":74,"Height":87,"Demand":0,"DemandMax":3,"Value":12876},{"Length":2,"Height":14,"Demand":0,"DemandMax":3,"Value":84},{"Length":31,"Height":3,"Demand":0,"DemandMax":3,"Value":186},{"Length":2,"Height":13,"Demand":0,"DemandMax":3,"Value":52},{"Length":15,"Height":5,"Demand":0,"DemandMax":3,"Value":75},{"Length":37,"Height":11,"Demand":0,"DemandMax":3,"Value":814},{"Length":7,"Height":4,"Demand":0,"DemandMax":3,"Value":28},{"Length":40,"Height":42,"Demand":0,"DemandMax":3,"Value":1680}]}