{"Name":"ngcutfs2_159","Objects":[{"Length":100,"Height":100,"Stock":null,"Cost":10000}],"Items":[{"Length":12,"Height":24,"Demand":0,"DemandMax":1,"Value":576},{"Length":6,"Height":19,"Demand":0,"DemandMax":1,"Value":342},{"Length":7,"Height":13,"Demand":0,"DemandMax":1,"Value":182},{"Length":80,"Height":89,"Demand":0,"DemandMax":1,"Value":7120},{"Length":26,"Height":94,"Demand":0,"DemandMax":1,"Value":7332},{"Length":35,"Height":39,"Demand":0,"DemandMax":1,"Value":1365},{"Length":3,"Height":18,"Demand":0,"DemandMax":1,"Value":54},{"Length":84,"Height":9,"Demand":0,"DemandMax":1,"Value":1512},{"Length":94,"Height":16,"Demand":0,"DemandMax":1,"Value":3008},{"Length":48,"Height":95,"Demand":0,"DemandMax":1,"Value":9120},{"Length":98,"Height":26,"Demand":0,"DemandMax":1,"Value":7644},{"Length":93,"Height":58,"Demand":0,"DemandMax":1,"Value":5394},{"Length":2,"Height":22,"Demand":0,"DemandMax":1,"Value":44},{"Length":3,"Height":4,"Demand":0,"DemandMax":1,"Value":24},{"Length":40,"Height":82,"Demand":0,"DemandMax":1,"Value":6560},{"Length":52,"Height":68,"Demand":0,"DemandMax":1,"Value":10608},{"Length":77,"Height":29,"Demand":0,"DemandMax":1,"Value":4466},{"Length":14,"Height":93,"Demand":0,"DemandMax":1,"Value":1302},{"Length":92,"Height":16,"Demand":0,"DemandMax":1,"Value":2944},{"Length":10,"Height":4,"Demand":0,"DemandMax":1,"Value":80},{"Length":42,"Height":27,"Demand":0,"DemandMax":1,"Value":1134},{"Length":16,"Height":78,"Demand":0,"DemandMax":1,"Value":3744},{"Length":46,"Height":96,"Demand":0,"DemandMax":1,"Value":8832},{"Length":91,"Height":69,"Demand":0,"DemandMax":1,"Value":12558},{"Length":6,"Height":20,"Demand":0,"DemandMax":1,"Value":120},{"Length":4,"Height":87,"Demand":0,"DemandMax":1,"Value":348},{"Length":17,"Height":39,"Demand":0,"DemandMax":1,"Value":1989},{"Length":29,"Height":35,"Demand":0,"DemandMax":1,"Value":2030},{"Length":97,"Height":67,"Demand":0,"DemandMax":1,"Value":6499},{"Length":44,"Height":48,"Demand":0,"DemandMax":1,"Value":6336},{"Length":73,"Height":72,"Demand":0,"DemandMax":1,"Value":15768},{"Length":11,"Height":15,"Demand":0,"DemandMax":1,"Value":330},{"Length":42,"Height":11,"Demand":0,"DemandMax":1,"Value":924},{"Length":32,"Height":14,"Demand":0,"DemandMax":1,"Value":896},{"Length":66,"Height":74,"Demand":0,"DemandMax":1,"Value":9768},{"Length":31,"Height":20,"Demand":0,"DemandMax":1,"Value":1860},{"Length":41,"Height":100,"Demand":0,"DemandMax":1,"Value":4100},{"Length":4,"Height":41,"Demand":0,"DemandMax":1,"Value":164},{"Length":3,"Height":7,"Demand":0,"DemandMax":1,"Value":63},{"Length":88,"Height":46,"Demand":0,"DemandMax":1,"Value":4048},{"Length":36,"Height":37,"Demand":0,"DemandMax":1,"Value":1332},{"Length":93,"Height":69,"Demand":0,"DemandMax":1,"Value":19251},{"Length":9,"Height":12,"Demand":0,"DemandMax":1,"Value":216},{"Length":46,"Height":48,"Demand":0,"DemandMax":2,"Value":6624},{"Length":81,"Height":72,"Demand":0,"DemandMax":1,"Value":5832},{"Length":81,"Height":24,"Demand":0,"DemandMax":1,"Value":3888},{"Length":4,"Height":80,"Demand":0,"DemandMax":1,"Value":960},{"Length":48,"Height":44,"Demand":0,"DemandMax":1,"Value":4224},{"Length":23,"Height":48,"Demand":0,"DemandMax":1,"Value":2208},{"Length":18,"Height":47,"Demand":0,"DemandMax":1,"Value":2538},{"Length":5,"Height":42,"Demand":0,"DemandMax":1,"Value":210},{"Length":96,"Height":12,"Demand":0,"DemandMax":1,"Value":2304},{"Length":58,"Height":98,"Demand":0,"DemandMax":1,"Value":17052},{"Length":3,"Height":46,"Demand":0,"DemandMax":1,"Value":414},{"Length":42,"Height":96,"Demand":0,"DemandMax":1,"Value":8064},{"Length":89,"Height":37,"Demand":0,"DemandMax":1,"Value":9879},{"Length":66,"Height":84,"Demand":0,"DemandMax":1,"Value":5544},{"Length":39,"Height":4,"Demand":0,"DemandMax":1,"Value":468},{"Length":30,"Height":36,"Demand":0,"DemandMax":1,"Value":3240},{"Length":43,"Height":25,"Demand":0,"DemandMax":1,"Value":2150},{"Length":9,"Height":14,"Demand":0,"DemandMax":1,"Value":252},{"Length":32,"Height":25,"Demand":0,"DemandMax":2,"Value":2400},{"Length":11,"Height":20,"Demand":0,"DemandMax":1,"Value":440},{"Length":86,"Height":4,"Demand":0,"DemandMax":1,"Value":344},{"Length":2,"Height":32,"Demand":0,"DemandMax":1,"Value":64},{"Length":25,"Height":20,"Demand":0,"DemandMax":1,"Value":1000},{"Length":16,"Height":81,"Demand":0,"DemandMax":1,"Value":2592},{"Length":22,"Height":25,"Demand":0,"DemandMax":1,"Value":1100},{"Length":24,"Height":44,"Demand":0,"DemandMax":1,"Value":3168},{"Length":32,"Height":2,"Demand":0,"DemandMax":1,"Value":192},{"Length":27,"Height":6,"Demand":0,"DemandMax":1,"Value":486},{"Length":83,"Height":73,"Demand":0,"DemandMax":1,"Value":18177},{"Length":47,"Height":91,"Demand":0,"DemandMax":1,"Value":8554},{"Length":21,"Height":10,"Demand":0,"DemandMax":1,"Value":420},{"Length":41,"Height":93,"Demand":0,"DemandMax":1,"Value":11439},{"Length":10,"Height":79,"Demand":0,"DemandMax":1,"Value":2370},{"Length":75,"Height":67,"Demand":0,"DemandMax":1,"Value":10050},{"Length":9,"Height":42,"Demand":0,"DemandMax":1,"Value":756},{"Length":10,"Height":29,"Demand":0,"DemandMax":1,"Value":870},{"Length":76,"Height":40,"Demand":0,"DemandMax":1,"Value":3040},{"Length":93,"Height":16,"Demand":0,"DemandMax":1,"Value":2976},{"Length":44,"Height":87,"Demand":0,"DemandMax":1,"Value":3828},{"Length":85,"Height":88,"Demand":0,"DemandMax":1,"Value":14960},{"Length":99,"Height":33,"Demand":0,"DemandMax":1,"Value":9801},{"Length":85,"Height":98,"Demand":0,"DemandMax":1,"Value":8330},{"Length":44,"Height":31,"Demand":0,"DemandMax":1,"Value":2728},{"Length":89,"Height":58,"Demand":0,"DemandMax":1,"Value":5162},{"Length":47,"Height":29,"Demand":0,"DemandMax":1,"Value":1363},{"Length":77,"Height":2,"Demand":0,"DemandMax":1,"Value":462},{"Length":5,"Height":34,"Demand":0,"DemandMax":1,"Value":510},{"Length":96,"Height":31,"Demand":0,"DemandMax":1,"Value":8928},{"Length":88,"Height":89,"Demand":0,"DemandMax":1,"Value":7832},{"Length":40,"Height":39,"Demand":0,"DemandMax":1,"Value":1560},{"Length":41,"Height":8,"Demand":0,"DemandMax":1,"Value":656},{"Length":25,"Height":7,"Demand":0,"DemandMax":1,"Value":525},{"Length":82,"Height":70,"Demand":0,"DemandMax":1,"Value":11480},{"Length":28,"Height":14,"Demand":0,"DemandMax":1,"Value":392},{"Length":84,"Height":73,"Demand":0,"DemandMax":1,"Value":18396},{"Length":19,"Height":91,"Demand":0,"DemandMax":1,"Value":1729},{"Length":9,"Height":12,"Demand":0,"DemandMax":1,"Value":324},{"Length":14,"Height":44,"Demand":0,"DemandMax":2,"Value":1848},{"Length":16,"Height":3,"Demand":0,"DemandMax":1,"Value":96},{"Length":51,"Height":73,"Demand":0,"DemandMax":1,"Value":3723},{"Length":54,"Height":97,"Demand":0,"DemandMax":1,"Value":15714},{"Length":4,"Height":24,"Demand":0,"DemandMax":1,"Value":96},{"Length":35,"Height":38,"Demand":0,"DemandMax":1,"Value":2660},{"Length":40,"Height":16,"Demand":0,"DemandMax":1,"Value":1920},{"Length":85,"Height":36,"Demand":0,"DemandMax":1,"Value":9180},{"Length":16,"Height":93,"Demand":0,"DemandMax":1,"Value":1488},{"Length":21,"Height":15,"Demand":0,"DemandMax":1,"Value":630},{"Length":77,"Height":37,"Demand":0,"DemandMax":1,"Value":8547},{"Length":74,"Height":87,"Demand":0,"DemandMax":1,"Value":6438},{"Length":19,"Height":29,"Demand":0,"DemandMax":1,"Value":1653},{"Length":29,"Height":25,"Demand":0,"DemandMax":1,"Value":2175},{"Length":26,"Height":19,"Demand":0,"DemandMax":1,"Value":988},{"Length":48,"Height":89,"Demand":0,"DemandMax":1,"Value":12816},{"Length":26,"Height":2,"Demand":0,"DemandMax":1,"Value":156},{"Length":99,"Height":43,"Demand":0,"DemandMax":1,"Value":4257},{"Length":15,"Height":12,"Demand":0,"DemandMax":1,"Value":360},{"Length":16,"Height":79,"Demand":0,"DemandMax":1,"Value":1264},{"Length":50,"Height":38,"Demand":0,"DemandMax":1,"Value":1900},{"Length":34,"Height":21,"Demand":0,"DemandMax":1,"Value":714},{"Length":89,"Height":33,"Demand":0,"DemandMax":1,"Value":5874},{"Length":51,"Height":87,"Demand":0,"DemandMax":1,"Value":8874},{"Length":29,"Height":31,"Demand":0,"DemandMax":1,"Value":2697},{"Length":12,"Height":29,"Demand":0,"DemandMax":1,"Value":348},{"Length":6,"Height":84,"Demand":0,"DemandMax":1,"Value":1008},{"Length":17,"Height":35,"Demand":0,"DemandMax":1,"Value":1785},{"Length":47,"Height":77,"Demand":0,"DemandMax":1,"Value":3619},{"Length":7,"Height":95,"Demand":0,"DemandMax":1,"Value":1330},{"Length":83,"Height":68,"Demand":0,"DemandMax":1,"Value":11288},{"Length":12,"Height":76,"Demand":0,"DemandMax":1,"Value":912},{"Length":97,"Height":56,"Demand":0,"DemandMax":1,"Value":10864},{"Length":5,"Height":24,"Demand":0,"DemandMax":1,"Value":240},{"Length":97,"Height":36,"Demand":0,"DemandMax":1,"Value":6984},{"Length":100,"Height":89,"Demand":0,"DemandMax":1,"Value":26700},{"Length":26,"Height":28,"Demand":0,"DemandMax":1,"Value":2184},{"Length":31,"Height":15,"Demand":0,"DemandMax":1,"Value":1395},{"Length":65,"Height":99,"Demand":0,"DemandMax":1,"Value":12870},{"Length":17,"Height":23,"Demand":0,"DemandMax":1,"Value":1173},{"Length":29,"Height":6,"Demand":0,"DemandMax":1,"Value":174},{"Length":89,"Height":3,"Demand":0,"DemandMax":1,"Value":801},{"Length":84,"Height":43,"Demand":0,"DemandMax":1,"Value":7224},{"Length":40,"Height":27,"Demand":0,"DemandMax":1,"Value":1080},{"Length":31,"Height":14,"Demand":0,"DemandMax":1,"Value":434},{"Length":32,"Height":21,"Demand":0,"DemandMax":1,"Value":672},{"Length":17,"Height":46,"Demand":0,"DemandMax":1,"Value":782},{"Length":23,"Height":4,"Demand":0,"DemandMax":1,"Value":92},{"Length":11,"Height":13,"Demand":0,"DemandMax":1,"Value":143},{"Length":24,"Height":29,"Demand":0,"DemandMax":1,"Value":2088},{"Length":48,"Height":5,"Demand":0,"DemandMax":2,"Value":240},{"Length":18,"Height":6,"Demand":0,"DemandMax":1,"Value":216},{"Length":7,"Height":23,"Demand":0,"DemandMax":1,"Value":483},{"Length":46,"Height":90,"Demand":0,"DemandMax":1,"Value":4140},{"Length":5,"Height":46,"Demand":0,"DemandMax":1,"Value":690},{"Length":85,"Height":36,"Demand":0,"DemandMax":1,"Value":3060},{"Length":97,"Height":59,"Demand":0,"DemandMax":2,"Value":5723},{"Length":6,"Height":99,"Demand":0,"DemandMax":1,"Value":1188},{"Length":47,"Height":13,"Demand":0,"DemandMax":1,"Value":1833},{"Length":84,"Height":69,"Demand":0,"DemandMax":1,"Value":5796},{"Length":8,"Height":10,"Demand":0,"DemandMax":1,"Value":240},{"Length":43,"Height":40,"Demand":0,"DemandMax":1,"Value":1720},{"Length":13,"Height":17,"Demand":0,"DemandMax":1,"Value":442},{"Length":100,"Height":89,"Demand":0,"DemandMax":1,"Value":17800},{"Length":19,"Height":8,"Demand":0,"DemandMax":1,"Value":152},{"Length":34,"Height":44,"Demand":0,"DemandMax":1,"Value":4488},{"Length":58,"Height":79,"Demand":0,"DemandMax":1,"Value":13746},{"Length":14,"Height":30,"Demand":0,"DemandMax":1,"Value":1260},{"Length":78,"Height":91,"Demand":0,"DemandMax":1,"Value":7098},{"Length":25,"Height":36,"Demand":0,"DemandMax":1,"Value":1800},{"Length":82,"Height":74,"Demand":0,"DemandMax":1,"Value":6068},{"Length":44,"Height":13,"Demand":0,"DemandMax":1,"Value":1716},{"Length":15,"Height":94,"Demand":0,"DemandMax":1,"Value":2820},{"Length":80,"Height":10,"Demand":0,"DemandMax":1,"Value":800},{"Length":10,"Height":14,"Demand":0,"DemandMax":1,"Value":280},{"Length":45,"Height":7,"Demand":0,"DemandMax":1,"Value":630},{"Length":84,"Height":52,"Demand":0,"DemandMax":1,"Value":8736},{"Length":4,"Height":29,"Demand":0,"DemandMax":1,"Value":348},{"Length":2,"Height":28,"Demand":0,"DemandMax":1,"Value":112},{"Length":45,"Height":17,"Demand":0,"DemandMax":1,"Value":765},{"Length":47,"Height":28,"Demand":0,"DemandMax":1,"Value":3948},{"Length":88,"Height":16,"Demand":0,"DemandMax":1,"Value":2816},{"Length":81,"Height":77,"Demand":0,"DemandMax":1,"Value":18711},{"Length":9,"Height":26,"Demand":0,"DemandMax":1,"Value":234},{"Length":27,"Height":39,"Demand":0,"DemandMax":1,"Value":1053},{"Length":20,"Height":41,"Demand":0,"DemandMax":1,"Value":820},{"Length":97,"Height":73,"Demand":0,"DemandMax":1,"Value":21243},{"Length":11,"Height":23,"Demand":0,"DemandMax":1,"Value":759},{"Length":93,"Height":49,"Demand":0,"DemandMax":1,"Value":9114},{"Length":45,"Height":48,"Demand":0,"DemandMax":1,"Value":6480},{"Length":23,"Height":22,"Demand":0,"DemandMax":1,"Value":1518},{"Length":31,"Height":38,"Demand":0,"DemandMax":1,"Value":1178},{"Length":33,"Height":82,"Demand":0,"DemandMax":1,"Value":8118},{"Length":30,"Height":87,"Demand":0,"DemandMax":1,"Value":5220},{"Length":44,"Height":11,"Demand":0,"DemandMax":1,"Value":968},{"Length":28,"Height":84,"Demand":0,"DemandMax":1,"Value":2352},{"Length":84,"Height":30,"Demand":0,"DemandMax":1,"Value":5040},{"Length":19,"Height":19,"Demand":0,"DemandMax":1,"Value":1083},{"Length":11,"Height":2,"Demand":0,"DemandMax":1,"Value":44},{"Length":2,"Height":11,"Demand":0,"DemandMax":1,"Value":44},{"Length":11,"Height":34,"Demand":0,"DemandMax":1,"Value":374},{"Length":35,"Height":19,"Demand":0,"DemandMax":1,"Value":1330},{"Length":18,"Height":32,"Demand":0,"DemandMax":1,"Value":576},{"Length":49,"Height":82,"Demand":0,"DemandMax":1,"Value":8036},{"Length":38,"Height":92,"Demand":0,"DemandMax":1,"Value":3496},{"Length":20,"Height":46,"Demand":0,"DemandMax":1,"Value":2760},{"Length":10,"Height":3,"Demand":0,"DemandMax":1,"Value":90},{"Length":16,"Height":9,"Demand":0,"DemandMax":1,"Value":144},{"Length":78,"Height":6,"Demand":0,"DemandMax":1,"Value":936},{"Length":50,"Height":7,"Demand":0,"DemandMax":1,"Value":700},{"Length":65,"Height":62,"Demand":0,"DemandMax":1,"Value":12090},{"Length":25,"Height":28,"Demand":0,"DemandMax":1,"Value":700},{"Length":41,"Height":33,"Demand":0,"DemandMax":1,"Value":4059},{"Length":47,"Height":8,"Demand":0,"DemandMax":1,"Value":752},{"Length":48,"Height":34,"Demand":0,"DemandMax":1,"Value":4896},{"Length":78,"Height":28,"Demand":0,"DemandMax":1,"Value":6552},{"Length":44,"Height":15,"Demand":0,"DemandMax":1,"Value":660},{"Length":29,"Height":47,"Demand":0,"DemandMax":1,"Value":1363},{"Length":36,"Height":26,"Demand":0,"DemandMax":1,"Value":936},{"Length":33,"Height":99,"Demand":0,"DemandMax":1,"Value":3267},{"Length":36,"Height":16,"Demand":0,"DemandMax":1,"Value":1728},{"Length":56,"Height":89,"Demand":0,"DemandMax":1,"Value":4984},{"Length":39,"Height":91,"Demand":0,"DemandMax":1,"Value":3549},{"Length":44,"Height":43,"Demand":0,"DemandMax":1,"Value":1892},{"Length":78,"Height":93,"Demand":0,"DemandMax":1,"Value":7254},{"Length":42,"Height":5,"Demand":0,"DemandMax":1,"Value":210},{"Length":42,"Height":30,"Demand":0,"DemandMax":2,"Value":2520},{"Length":22,"Height":50,"Demand":0,"DemandMax":1,"Value":2200},{"Length":97,"Height":64,"Demand":0,"DemandMax":1,"Value":12416},{"Length":7,"Height":41,"Demand":0,"DemandMax":1,"Value":287},{"Length":16,"Height":36,"Demand":0,"DemandMax":1,"Value":1728},{"Length":2,"Height":36,"Demand":0,"DemandMax":1,"Value":216},{"Length":93,"Height":5,"Demand":0,"DemandMax":1,"Value":465},{"Length":25,"Height":11,"Demand":0,"DemandMax":1,"Value":550},{"Length":76,"Height":16,"Demand":0,"DemandMax":1,"Value":3648},{"Length":34,"Height":16,"Demand":0,"DemandMax":1,"Value":544},{"Length":47,"Height":40,"Demand":0,"DemandMax":1,"Value":3760},{"Length":30,"Height":25,"Demand":0,"DemandMax":1,"Value":1500},{"Length":7,"Height":42,"Demand":0,"DemandMax":1,"Value":588},{"Length":97,"Height":44,"Demand":0,"DemandMax":1,"Value":12804},{"Length":38,"Height":30,"Demand":0,"DemandMax":1,"Value":3420},{"Length":13,"Height":8,"Demand":0,"DemandMax":1,"Value":208},{"Length":12,"Height":39,"Demand":0,"DemandMax":1,"Value":936},{"Length":21,"Height":26,"Demand":0,"DemandMax":1,"Value":1092},{"Length":12,"Height":20,"Demand":0,"DemandMax":1,"Value":720},{"Length":26,"Height":31,"Demand":0,"DemandMax":1,"Value":806},{"Length":29,"Height":11,"Demand":0,"DemandMax":1,"Value":638},{"Length":22,"Height":36,"Demand":0,"DemandMax":1,"Value":2376},{"Length":100,"Height":7,"Demand":0,"DemandMax":1,"Value":2100},{"Length":17,"Height":14,"Demand":0,"DemandMax":1,"Value":476},{"Length":79,"Height":48,"Demand":0,"DemandMax":1,"Value":7584},{"Length":63,"Height":62,"Demand":0,"DemandMax":1,"Value":7812},{"Length":4,"Height":35,"Demand":0,"DemandMax":1,"Value":280},{"Length":79,"Height":10,"Demand":0,"DemandMax":1,"Value":2370},{"Length":99,"Height":45,"Demand":0,"DemandMax":1,"Value":8910},{"Length":48,"Height":2,"Demand":0,"DemandMax":1,"Value":96},{"Length":46,"Height":36,"Demand":0,"DemandMax":1,"Value":1656},{"Length":46,"Height":4,"Demand":0,"DemandMax":1,"Value":184},{"Length":13,"Height":29,"Demand":0,"DemandMax":1,"Value":754},{"Length":56,"Height":93,"Demand":0,"DemandMax":1,"Value":10416},{"Length":36,"Height":30,"Demand":0,"DemandMax":1,"Value":1080},{"Length":88,"Height":31,"Demand":0,"DemandMax":1,"Value":5456},{"Length":47,"Height":99,"Demand":0,"DemandMax":1,"Value":9306},{"Length":80,"Height":49,"Demand":0,"DemandMax":1,"Value":3920},{"Length":47,"Height":9,"Demand":0,"DemandMax":1,"Value":423},{"Length":3,"Height":26,"Demand":0,"DemandMax":1,"Value":156},{"Length":63,"Height":85,"Demand":0,"DemandMax":1,"Value":5355},{"Length":16,"Height":42,"Demand":0,"DemandMax":1,"Value":1344},{"Length":85,"Height":23,"Demand":0,"DemandMax":1,"Value":5865},{"Length":68,"Height":100,"Demand":0,"DemandMax":1,"Value":20400},{"Length":48,"Height":5,"Demand":0,"DemandMax":1,"Value":720},{"Length":26,"Height":4,"Demand":0,"DemandMax":1,"Value":312},{"Length":28,"Height":45,"Demand":0,"DemandMax":1,"Value":1260},{"Length":76,"Height":10,"Demand":0,"DemandMax":1,"Value":760},{"Length":41,"Height":22,"Demand":0,"DemandMax":1,"Value":1804},{"Length":20,"Height":99,"Demand":0,"DemandMax":1,"Value":1980},{"Length":41,"Height":91,"Demand":0,"DemandMax":1,"Value":11193},{"Length":4,"Height":33,"Demand":0,"DemandMax":1,"Value":396},{"Length":87,"Height":12,"Demand":0,"DemandMax":1,"Value":3132},{"Length":15,"Height":22,"Demand":0,"DemandMax":1,"Value":330},{"Length":72,"Height":57,"Demand":0,"DemandMax":1,"Value":12312},{"Length":6,"Height":95,"Demand":0,"DemandMax":1,"Value":570},{"Length":3,"Height":24,"Demand":0,"DemandMax":1,"Value":216},{"Length":48,"Height":37,"Demand":0,"DemandMax":1,"Value":1776},{"Length":41,"Height":37,"Demand":0,"DemandMax":1,"Value":3034},{"Length":91,"Height":68,"Demand":0,"DemandMax":1,"Value":6188},{"Length":58,"Height":56,"Demand":0,"DemandMax":1,"Value":9744},{"Length":12,"Height":100,"Demand":0,"DemandMax":1,"Value":2400},{"Length":70,"Height":71,"Demand":0,"DemandMax":1,"Value":4970},{"Length":31,"Height":6,"Demand":0,"DemandMax":1,"Value":372},{"Length":43,"Height":2,"Demand":0,"DemandMax":1,"Value":258},{"Length":43,"Height":11,"Demand":0,"DemandMax":1,"Value":473},{"Length":46,"Height":7,"Demand":0,"DemandMax":1,"Value":966},{"Length":24,"Height":18,"Demand":0,"DemandMax":1,"Value":864},{"Length":24,"Height":11,"Demand":0,"DemandMax":1,"Value":528},{"Length":10,"Height":100,"Demand":0,"DemandMax":1,"Value":2000},{"Length":29,"Height":14,"Demand":0,"DemandMax":1,"Value":812},{"Length":95,"Height":79,"Demand":0,"DemandMax":1,"Value":15010},{"Length":43,"Height":80,"Demand":0,"DemandMax":1,"Value":10320},{"Length":14,"Height":37,"Demand":0,"DemandMax":1,"Value":1036},{"Length":22,"Height":15,"Demand":0,"DemandMax":1,"Value":330},{"Length":92,"Height":49,"Demand":0,"DemandMax":1,"Value":13524},{"Length":78,"Height":48,"Demand":0,"DemandMax":1,"Value":11232},{"Length":77,"Height":30,"Demand":0,"DemandMax":1,"Value":2310},{"Length":32,"Height":82,"Demand":0,"DemandMax":1,"Value":2624},{"Length":91,"Height":73,"Demand":0,"DemandMax":1,"Value":19929},{"Length":50,"Height":21,"Demand":0,"DemandMax":1,"Value":2100},{"Length":6,"Height":42,"Demand":0,"DemandMax":1,"Value":504},{"Length":79,"Height":26,"Demand":0,"DemandMax":1,"Value":6162},{"Length":73,"Height":86,"Demand":0,"DemandMax":1,"Value":6278},{"Length":6,"Height":85,"Demand":0,"DemandMax":1,"Value":1530},{"Length":91,"Height":62,"Demand":0,"DemandMax":1,"Value":5642},{"Length":77,"Height":90,"Demand":0,"DemandMax":1,"Value":6930},{"Length":40,"Height":48,"Demand":0,"DemandMax":1,"Value":1920},{"Length":82,"Height":7,"Demand":0,"DemandMax":1,"Value":574},{"Length":40,"Height":85,"Demand":0,"DemandMax":1,"Value":3400},{"Length":9,"Height":8,"Demand":0,"DemandMax":1,"Value":144},{"Length":20,"Height":31,"Demand":0,"DemandMax":1,"Value":620},{"Length":17,"Height":96,"Demand":0,"DemandMax":1,"Value":1632},{"Length":18,"Height":50,"Demand":0,"DemandMax":1,"Value":1800},{"Length":74,"Height":72,"Demand":0,"DemandMax":1,"Value":10656},{"Length":45,"Height":33,"Demand":0,"DemandMax":1,"Value":1485},{"Length":33,"Height":20,"Demand":0,"DemandMax":1,"Value":660},{"Length":17,"Height":96,"Demand":0,"DemandMax":1,"Value":3264},{"Length":22,"Height":22,"Demand":0,"DemandMax":1,"Value":484},{"Length":7,"Height":84,"Demand":0,"DemandMax":1,"Value":1176},{"Length":25,"Height":15,"Demand":0,"DemandMax":1,"Value":750},{"Length":78,"Height":9,"Demand":0,"DemandMax":1,"Value":702},{"Length":29,"Height":44,"Demand":0,"DemandMax":1,"Value":1276},{"Length":85,"Height":40,"Demand":0,"DemandMax":1,"Value":6800},{"Length":47,"Height":10,"Demand":0,"DemandMax":1,"Value":1410},{"Length":99,"Height":40,"Demand":0,"DemandMax":1,"Value":11880},{"Length":54,"Height":65,"Demand":0,"DemandMax":1,"Value":3510},{"Length":51,"Height":70,"Demand":0,"DemandMax":1,"Value":10710},{"Length":55,"Height":51,"Demand":0,"DemandMax":1,"Value":5610},{"Length":47,"Height":23,"Demand":0,"DemandMax":1,"Value":3243},{"Length":94,"Height":29,"Demand":0,"DemandMax":1,"Value":2726},{"Length":73,"Height":100,"Demand":0,"DemandMax":1,"Value":21900},{"Length":100,"Height":49,"Demand":0,"DemandMax":1,"Value":14700},{"Length":53,"Height":60,"Demand":0,"DemandMax":1,"Value":9540},{"Length":31,"Height":33,"Demand":0,"DemandMax":1,"Value":3069},{"Length":4,"Height":23,"Demand":0,"DemandMax":1,"Value":92},{"Length":69,"Height":64,"Demand":0,"DemandMax":1,"Value":8832},{"Length":16,"Height":6,"Demand":0,"DemandMax":1,"Value":96},{"Length":2,"Height":33,"Demand":0,"DemandMax":1,"Value":198},{"Length":92,"Height":30,"Demand":0,"DemandMax":1,"Value":8280},{"Length":46,"Height":4,"Demand":0,"DemandMax":1,"Value":552},{"Length":21,"Height":29,"Demand":0,"DemandMax":1,"Value":609},{"Length":97,"Height":46,"Demand":0,"DemandMax":1,"Value":4462},{"Length":27,"Height":37,"Demand":0,"DemandMax":1,"Value":1998},{"Length":17,"Height":13,"Demand":0,"DemandMax":1,"Value":442},{"Length":70,"Height":79,"Demand":0,"DemandMax":1,"Value":11060},{"Length":26,"Height":91,"Demand":0,"DemandMax":1,"Value":7098},{"Length":57,"Height":73,"Demand":0,"DemandMax":1,"Value":12483},{"Length":15,"Height":87,"Demand":0,"DemandMax":1,"Value":2610},{"Length":50,"Height":13,"Demand":0,"DemandMax":1,"Value":1300},{"Length":33,"Height":79,"Demand":0,"DemandMax":1,"Value":7821},{"Length":87,"Height":37,"Demand":0,"DemandMax":1,"Value":9657},{"Length":7,"Height":94,"Demand":0,"DemandMax":1,"Value":1974},{"Length":49,"Height":10,"Demand":0,"DemandMax":1,"Value":490},{"Length":95,"Height":80,"Demand":0,"DemandMax":1,"Value":22800},{"Length":57,"Height":99,"Demand":0,"DemandMax":1,"Value":11286},{"Length":6,"Height":46,"Demand":0,"DemandMax":1,"Value":276},{"Length":32,"Height":97,"Demand":0,"DemandMax":1,"Value":3104},{"Length":75,"Height":97,"Demand":0,"DemandMax":1,"Value":7275},{"Length":91,"Height":97,"Demand":0,"DemandMax":1,"Value":17654},{"Length":44,"Height":99,"Demand":0,"DemandMax":1,"Value":8712},{"Length":5,"Height":28,"Demand":0,"DemandMax":1,"Value":280},{"Length":37,"Height":44,"Demand":0,"DemandMax":1,"Value":3256},{"Length":30,"Height":50,"Demand":0,"DemandMax":1,"Value":4500},{"Length":50,"Height":40,"Demand":0,"DemandMax":1,"Value":4000},{"Length":33,"Height":43,"Demand":0,"DemandMax":1,"Value":2838},{"Length":23,"Height":49,"Demand":0,"DemandMax":1,"Value":2254},{"Length":24,"Height":12,"Demand":0,"DemandMax":1,"Value":864},{"Length":99,"Height":50,"Demand":0,"DemandMax":1,"Value":14850},{"Length":35,"Height":48,"Demand":0,"DemandMax":1,"Value":3360},{"Length":34,"Height":18,"Demand":0,"DemandMax":1,"Value":1836},{"Length":14,"Height":39,"Demand":0,"DemandMax":1,"Value":546},{"Length":93,"Height":63,"Demand":0,"DemandMax":1,"Value":11718},{"Length":18,"Height":14,"Demand":0,"DemandMax":1,"Value":756},{"Length":82,"Height":49,"Demand":0,"DemandMax":1,"Value":8036},{"Length":36,"Height":25,"Demand":0,"DemandMax":1,"Value":2700},{"Length":14,"Height":98,"Demand":0,"DemandMax":1,"Value":2744},{"Length":76,"Height":52,"Demand":0,"DemandMax":1,"Value":7904},{"Length":29,"Height":9,"Demand":0,"DemandMax":1,"Value":783},{"Length":12,"Height":43,"Demand":0,"DemandMax":1,"Value":1032},{"Length":39,"Height":92,"Demand":0,"DemandMax":1,"Value":10764},{"Length":56,"Height":72,"Demand":0,"DemandMax":1,"Value":12096},{"Length":35,"Height":46,"Demand":0,"DemandMax":1,"Value":3220},{"Length":77,"Height":59,"Demand":0,"DemandMax":1,"Value":4543},{"Length":59,"Height":84,"Demand":0,"DemandMax":1,"Value":14868},{"Length":29,"Height":95,"Demand":0,"DemandMax":1,"Value":5510},{"Length":14,"Height":32,"Demand":0,"DemandMax":1,"Value":1344},{"Length":21,"Height":95,"Demand":0,"DemandMax":1,"Value":5985},{"Length":35,"Height":43,"Demand":0,"DemandMax":1,"Value":3010},{"Length":3,"Height":20,"Demand":0,"DemandMax":1,"Value":120},{"Length":77,"Height":5,"Demand":0,"DemandMax":1,"Value":385},{"Length":91,"Height":32,"Demand":0,"DemandMax":1,"Value":8736},{"Length":14,"Height":5,"Demand":0,"DemandMax":1,"Value":140},{"Length":28,"Height":18,"Demand":0,"DemandMax":1,"Value":1008},{"Length":16,"Height":10,"Demand":0,"DemandMax":1,"Value":320},{"Length":45,"Height":23,"Demand":0,"DemandMax":1,"Value":2070},{"Length":82,"Height":85,"Demand":0,"DemandMax":1,"Value":13940},{"Length":2,"Height":77,"Demand":0,"DemandMax":1,"Value":462},{"Length":34,"Height":32,"Demand":0,"DemandMax":1,"Value":3264},{"Length":16,"Height":47,"Demand":0,"DemandMax":1,"Value":752},{"Length":14,"Height":47,"Demand":0,"DemandMax":1,"Value":1974},{"Length":43,"Height":23,"Demand":0,"DemandMax":1,"Value":1978},{"Length":18,"Height":46,"Demand":0,"DemandMax":1,"Value":2484},{"Length":95,"Height":2,"Demand":0,"DemandMax":1,"Value":190},{"Length":92,"Height":6,"Demand":0,"DemandMax":1,"Value":1104},{"Length":55,"Height":84,"Demand":0,"DemandMax":1,"Value":13860},{"Length":16,"Height":16,"Demand":0,"DemandMax":1,"Value":768},{"Length":26,"Height":87,"Demand":0,"DemandMax":1,"Value":4524},{"Length":30,"Height":43,"Demand":0,"DemandMax":1,"Value":3870},{"Length":25,"Height":49,"Demand":0,"DemandMax":1,"Value":2450},{"Length":85,"Height":31,"Demand":0,"DemandMax":1,"Value":7905},{"Length":24,"Height":19,"Demand":0,"DemandMax":1,"Value":456},{"Length":76,"Height":24,"Demand":0,"DemandMax":1,"Value":1824},{"Length":22,"Height":32,"Demand":0,"DemandMax":1,"Value":2112},{"Length":85,"Height":82,"Demand":0,"DemandMax":1,"Value":20910},{"Length":99,"Height":84,"Demand":0,"DemandMax":1,"Value":24948},{"Length":20,"Height":17,"Demand":0,"DemandMax":1,"Value":1020},{"Length":42,"Height":82,"Demand":0,"DemandMax":1,"Value":10332},{"Length":13,"Height":6,"Demand":0,"DemandMax":1,"Value":156},{"Length":23,"Height":3,"Demand":0,"DemandMax":1,"Value":138},{"Length":100,"Height":47,"Demand":0,"DemandMax":2,"Value":9400},{"Length":60,"Height":85,"Demand":0,"DemandMax":1,"Value":5100},{"Length":20,"Height":23,"Demand":0,"DemandMax":1,"Value":920},{"Length":25,"Height":81,"Demand":0,"DemandMax":1,"Value":2025},{"Length":47,"Height":32,"Demand":0,"DemandMax":1,"Value":1504},{"Length":7,"Height":42,"Demand":0,"DemandMax":1,"Value":294},{"Length":3,"Height":5,"Demand":0,"DemandMax":1,"Value":15},{"Length":65,"Height":64,"Demand":0,"DemandMax":1,"Value":12480},{"Length":30,"Height":10,"Demand":0,"DemandMax":1,"Value":600},{"Length":80,"Height":23,"Demand":0,"DemandMax":1,"Value":3680},{"Length":15,"Height":93,"Demand":0,"DemandMax":1,"Value":4185},{"Length":74,"Height":75,"Demand":0,"DemandMax":1,"Value":5550},{"Length":4,"Height":17,"Demand":0,"DemandMax":1,"Value":204},{"Length":98,"Height":23,"Demand":0,"DemandMax":1,"Value":2254},{"Length":30,"Height":10,"Demand":0,"DemandMax":1,"Value":300},{"Length":82,"Height":16,"Demand":0,"DemandMax":1,"Value":2624},{"Length":33,"Height":85,"Demand":0,"DemandMax":1,"Value":5610},{"Length":96,"Height":21,"Demand":0,"DemandMax":1,"Value":6048},{"Length":80,"Height":58,"Demand":0,"DemandMax":1,"Value":4640},{"Length":38,"Height":32,"Demand":0,"DemandMax":1,"Value":3648},{"Length":24,"Height":22,"Demand":0,"DemandMax":1,"Value":1056},{"Length":25,"Height":9,"Demand":0,"DemandMax":1,"Value":450},{"Length":6,"Height":34,"Demand":0,"DemandMax":1,"Value":408},{"Length":91,"Height":12,"Demand":0,"DemandMax":1,"Value":1092},{"Length":93,"Height":97,"Demand":0,"DemandMax":1,"Value":18042},{"Length":87,"Height":75,"Demand":0,"DemandMax":1,"Value":6525},{"Length":16,"Height":27,"Demand":0,"DemandMax":1,"Value":864},{"Length":65,"Height":85,"Demand":0,"DemandMax":1,"Value":5525},{"Length":36,"Height":89,"Demand":0,"DemandMax":1,"Value":3204},{"Length":39,"Height":83,"Demand":0,"DemandMax":1,"Value":9711},{"Length":20,"Height":40,"Demand":0,"DemandMax":1,"Value":2400},{"Length":60,"Height":59,"Demand":0,"DemandMax":1,"Value":7080},{"Length":67,"Height":52,"Demand":0,"DemandMax":1,"Value":3484},{"Length":16,"Height":16,"Demand":0,"DemandMax":1,"Value":256},{"Length":46,"Height":33,"Demand":0,"DemandMax":1,"Value":3036},{"Length":82,"Height":10,"Demand":0,"DemandMax":1,"Value":2460},{"Length":44,"Height":48,"Demand":0,"DemandMax":1,"Value":2112},{"Length":93,"Height":2,"Demand":0,"DemandMax":1,"Value":186},{"Length":30,"Height":17,"Demand":0,"DemandMax":1,"Value":1020},{"Length":30,"Height":50,"Demand":0,"DemandMax":1,"Value":1500},{"Length":89,"Height":2,"Demand":0,"DemandMax":1,"Value":178},{"Length":31,"Height":4,"Demand":0,"DemandMax":1,"Value":248},{"Length":71,"Height":97,"Demand":0,"DemandMax":1,"Value":13774},{"Length":8,"Height":77,"Demand":0,"DemandMax":1,"Value":616},{"Length":29,"Height":41,"Demand":0,"DemandMax":1,"Value":2378},{"Length":47,"Height":35,"Demand":0,"DemandMax":1,"Value":1645},{"Length":16,"Height":49,"Demand":0,"DemandMax":1,"Value":2352},{"Length":95,"Height":78,"Demand":0,"DemandMax":1,"Value":14820},{"Length":10,"Height":17,"Demand":0,"DemandMax":1,"Value":170},{"Length":15,"Height":11,"Demand":0,"DemandMax":1,"Value":495},{"Length":17,"Height":13,"Demand":0,"DemandMax":1,"Value":221},{"Length":44,"Height":27,"Demand":0,"DemandMax":1,"Value":2376},{"Length":14,"Height":45,"Demand":0,"DemandMax":1,"Value":630},{"Length":90,"Height":68,"Demand":0,"DemandMax":1,"Value":6120},{"Length":50,"Height":9,"Demand":0,"DemandMax":1,"Value":900},{"Length":2,"Height":96,"Demand":0,"DemandMax":1,"Value":576},{"Length":24,"Height":23,"Demand":0,"DemandMax":1,"Value":1104},{"Length":34,"Height":24,"Demand":0,"DemandMax":1,"Value":1632},{"Length":2,"Height":3,"Demand":0,"DemandMax":1,"Value":6},{"Length":45,"Height":47,"Demand":0,"DemandMax":1,"Value":6345},{"Length":15,"Height":4,"Demand":0,"DemandMax":1,"Value":60},{"Length":90,"Height":54,"Demand":0,"DemandMax":1,"Value":9720},{"Length":88,"Height":44,"Demand":0,"DemandMax":1,"Value":7744},{"Length":100,"Height":23,"Demand":0,"DemandMax":1,"Value":6900},{"Length":60,"Height":65,"Demand":0,"DemandMax":1,"Value":3900},{"Length":75,"Height":53,"Demand":0,"DemandMax":1,"Value":3975},{"Length":87,"Height":58,"Demand":0,"DemandMax":1,"Value":5046}]}