{"Name":"ngcutfs3_32","Objects":[{"Length":100,"Height":100,"Stock":null,"Cost":10000}],"Items":[{"Length":23,"Height":31,"Demand":0,"DemandMax":1,"Value":1426},{"Length":43,"Height":4,"Demand":0,"DemandMax":1,"Value":344},{"Length":37,"Height":43,"Demand":0,"DemandMax":1,"Value":3182},{"Length":91,"Height":50,"Demand":0,"DemandMax":1,"Value":9100},{"Length":90,"Height":58,"Demand":0,"DemandMax":1,"Value":5220},{"Length":18,"Height":20,"Demand":0,"DemandMax":1,"Value":1080},{"Length":55,"Height":54,"Demand":0,"DemandMax":1,"Value":8910},{"Length":30,"Height":6,"Demand":0,"DemandMax":1,"Value":360},{"Length":18,"Height":2,"Demand":0,"DemandMax":1,"Value":108},{"Length":31,"Height":30,"Demand":0,"DemandMax":1,"Value":2790},{"Length":61,"Height":92,"Demand":0,"DemandMax":1,"Value":11224},{"Length":26,"Height":3,"Demand":0,"DemandMax":1,"Value":156},{"Length":31,"Height":85,"Demand":0,"DemandMax":1,"Value":7905},{"Length":49,"Height":43,"Demand":0,"DemandMax":1,"Value":6321},{"Length":3,"Height":15,"Demand":0,"DemandMax":1,"Value":135},{"Length":45,"Height":6,"Demand":0,"DemandMax":1,"Value":270},{"Length":44,"Height":93,"Demand":0,"DemandMax":1,"Value":4092},{"Length":35,"Height":18,"Demand":0,"DemandMax":1,"Value":630},{"Length":41,"Height":90,"Demand":0,"DemandMax":1,"Value":7380},{"Length":36,"Height":45,"Demand":0,"DemandMax":1,"Value":3240},{"Length":39,"Height":28,"Demand":0,"DemandMax":1,"Value":2184},{"Length":81,"Height":7,"Demand":0,"DemandMax":1,"Value":1134},{"Length":3,"Height":30,"Demand":0,"DemandMax":1,"Value":180},{"Length":10,"Height":26,"Demand":0,"DemandMax":1,"Value":520},{"Length":45,"Height":100,"Demand":0,"DemandMax":1,"Value":4500},{"Length":16,"Height":29,"Demand":0,"DemandMax":1,"Value":464},{"Length":17,"Height":23,"Demand":0,"DemandMax":1,"Value":1173},{"Length":97,"Height":58,"Demand":0,"DemandMax":1,"Value":16878},{"Length":26,"Height":6,"Demand":0,"DemandMax":1,"Value":468},{"Length":34,"Height":79,"Demand":0,"DemandMax":1,"Value":5372},{"Length":29,"Height":48,"Demand":0,"DemandMax":1,"Value":2784},{"Length":94,"Height":49,"Demand":0,"DemandMax":1,"Value":13818},{"Length":10,"Height":34,"Demand":0,"DemandMax":1,"Value":340},{"Length":60,"Height":52,"Demand":0,"DemandMax":1,"Value":6240},{"Length":42,"Height":32,"Demand":0,"DemandMax":1,"Value":1344},{"Length":39,"Height":12,"Demand":0,"DemandMax":1,"Value":936},{"Length":45,"Height":19,"Demand":0,"DemandMax":1,"Value":1710},{"Length":26,"Height":33,"Demand":0,"DemandMax":1,"Value":2574},{"Length":40,"Height":42,"Demand":0,"DemandMax":1,"Value":5040},{"Length":48,"Height":94,"Demand":0,"DemandMax":1,"Value":9024},{"Length":49,"Height":17,"Demand":0,"DemandMax":1,"Value":833},{"Length":11,"Height":7,"Demand":0,"DemandMax":1,"Value":77},{"Length":13,"Height":17,"Demand":0,"DemandMax":1,"Value":442},{"Length":36,"Height":13,"Demand":0,"DemandMax":1,"Value":936},{"Length":76,"Height":96,"Demand":0,"DemandMax":1,"Value":7296},{"Length":93,"Height":72,"Demand":0,"DemandMax":1,"Value":6696},{"Length":10,"Height":4,"Demand":0,"DemandMax":1,"Value":80},{"Length":97,"Height":42,"Demand":0,"DemandMax":1,"Value":12222},{"Length":31,"Height":8,"Demand":0,"DemandMax":1,"Value":744},{"Length":6,"Height":6,"Demand":0,"DemandMax":1,"Value":108}]}