{"Name":"ngcutfs3_71","Objects":[{"Length":100,"Height":100,"Stock":null,"Cost":10000}],"Items":[{"Length":47,"Height":48,"Demand":0,"DemandMax":3,"Value":4512},{"Length":97,"Height":55,"Demand":0,"DemandMax":3,"Value":16005},{"Length":43,"Height":3,"Demand":0,"DemandMax":3,"Value":258},{"Length":42,"Height":6,"Demand":0,"DemandMax":3,"Value":252},{"Length":31,"Height":24,"Demand":0,"DemandMax":3,"Value":2232},{"Length":97,"Height":39,"Demand":0,"DemandMax":3,"Value":3783},{"Length":23,"Height":90,"Demand":0,"DemandMax":3,"Value":2070},{"Length":33,"Height":6,"Demand":0,"DemandMax":3,"Value":594},{"Length":28,"Height":16,"Demand":0,"DemandMax":3,"Value":1344},{"Length":28,"Height":11,"Demand":0,"DemandMax":3,"Value":616},{"Length":33,"Height":7,"Demand":0,"DemandMax":3,"Value":462},{"Length":33,"Height":48,"Demand":0,"DemandMax":3,"Value":4752},{"Length":36,"Height":35,"Demand":0,"DemandMax":3,"Value":3780},{"Length":91,"Height":91,"Demand":0,"DemandMax":3,"Value":24843},{"Length":61,"Height":76,"Demand":0,"DemandMax":3,"Value":9272},{"Length":11,"Height":31,"Demand":0,"DemandMax":3,"Value":341},{"Length":5,"Height":14,"Demand":0,"DemandMax":3,"Value":140},{"Length":7,"Height":18,"Demand":0,"DemandMax":3,"Value":378},{"Length":24,"Height":34,"Demand":0,"DemandMax":3,"Value":2448},{"Length":49,"Height":2,"Demand":0,"DemandMax":3,"Value":196},{"Length":92,"Height":5,"Demand":0,"DemandMax":3,"Value":460},{"Length":43,"Height":43,"Demand":0,"DemandMax":3,"Value":1849},{"Length":31,"Height":36,"Demand":0,"DemandMax":3,"Value":1116},{"Length":22,"Height":43,"Demand":0,"DemandMax":3,"Value":1892},{"Length":25,"Height":12,"Demand":0,"DemandMax":3,"Value":900},{"Length":65,"Height":63,"Demand":0,"DemandMax":3,"Value":12285},{"Length":20,"Height":45,"Demand":0,"DemandMax":3,"Value":900},{"Length":4,"Height":32,"Demand":0,"DemandMax":3,"Value":256},{"Length":6,"Height":22,"Demand":0,"DemandMax":3,"Value":396},{"Length":5,"Height":49,"Demand":0,"DemandMax":3,"Value":245},{"Length":39,"Height":45,"Demand":0,"DemandMax":3,"Value":3510},{"Length":62,"Height":61,"Demand":0,"DemandMax":3,"Value":7564},{"Length":95,"Height":20,"Demand":0,"DemandMax":3,"Value":5700},{"Length":6,"Height":9,"Demand":0,"DemandMax":3,"Value":162},{"Length":83,"Height":66,"Demand":0,"DemandMax":3,"Value":16434},{"Length":15,"Height":6,"Demand":0,"DemandMax":3,"Value":180},{"Length":41,"Height":49,"Demand":0,"DemandMax":3,"Value":2009},{"Length":47,"Height":11,"Demand":0,"DemandMax":3,"Value":1034},{"Length":6,"Height":13,"Demand":0,"DemandMax":3,"Value":78},{"Length":78,"Height":51,"Demand":0,"DemandMax":3,"Value":11934},{"Length":41,"Height":46,"Demand":0,"DemandMax":3,"Value":5658},{"Length":83,"Height":29,"Demand":0,"DemandMax":3,"Value":2407},{"Length":21,"Height":9,"Demand":0,"DemandMax":3,"Value":567},{"Length":87,"Height":89,"Demand":0,"DemandMax":3,"Value":23229},{"Length":9,"Height":36,"Demand":0,"DemandMax":3,"Value":972},{"Length":6,"Height":46,"Demand":0,"DemandMax":3,"Value":552},{"Length":77,"Height":33,"Demand":0,"DemandMax":3,"Value":2541},{"Length":50,"Height":17,"Demand":0,"DemandMax":3,"Value":2550},{"Length":4,"Height":35,"Demand":0,"DemandMax":3,"Value":140},{"Length":94,"Height":44,"Demand":0,"DemandMax":3,"Value":8272},{"Length":32,"Height":40,"Demand":0,"DemandMax":3,"Value":1280},{"Length":13,"Height":11,"Demand":0,"DemandMax":3,"Value":143},{"Length":81,"Height":41,"Demand":0,"DemandMax":3,"Value":9963},{"Length":36,"Height":16,"Demand":0,"DemandMax":3,"Value":1728},{"Length":31,"Height":14,"Demand":0,"DemandMax":3,"Value":868},{"Length":13,"Height":9,"Demand":0,"DemandMax":3,"Value":234},{"Length":36,"Height":23,"Demand":0,"DemandMax":3,"Value":828},{"Length":15,"Height":79,"Demand":0,"DemandMax":3,"Value":3555},{"Length":7,"Height":17,"Demand":0,"DemandMax":3,"Value":238},{"Length":29,"Height":2,"Demand":0,"DemandMax":3,"Value":58},{"Length":84,"Height":58,"Demand":0,"DemandMax":3,"Value":9744},{"Length":43,"Height":13,"Demand":0,"DemandMax":3,"Value":1118},{"Length":45,"Height":33,"Demand":0,"DemandMax":3,"Value":2970},{"Length":16,"Height":23,"Demand":0,"DemandMax":3,"Value":1104},{"Length":71,"Height":91,"Demand":0,"DemandMax":3,"Value":12922},{"Length":29,"Height":41,"Demand":0,"DemandMax":3,"Value":2378},{"Length":37,"Height":4,"Demand":0,"DemandMax":3,"Value":296},{"Length":13,"Height":6,"Demand":0,"DemandMax":3,"Value":78},{"Length":56,"Height":63,"Demand":0,"DemandMax":3,"Value":10584},{"Length":28,"Height":32,"Demand":0,"DemandMax":3,"Value":1792},{"Length":48,"Height":92,"Demand":0,"DemandMax":3,"Value":4416},{"Length":8,"Height":100,"Demand":0,"DemandMax":3,"Value":800},{"Length":28,"Height":14,"Demand":0,"DemandMax":3,"Value":392},{"Length":2,"Height":8,"Demand":0,"DemandMax":3,"Value":16},{"Length":47,"Height":2,"Demand":0,"DemandMax":3,"Value":188},{"Length":30,"Height":21,"Demand":0,"DemandMax":3,"Value":630},{"Length":10,"Height":45,"Demand":0,"DemandMax":3,"Value":900},{"Length":49,"Height":100,"Demand":0,"DemandMax":3,"Value":4900},{"Length":3,"Height":37,"Demand":0,"DemandMax":3,"Value":222},{"Length":37,"Height":14,"Demand":0,"DemandMax":3,"Value":518},{"Length":35,"Height":2,"Demand":0,"DemandMax":3,"Value":210},{"Length":39,"Height":8,"Demand":0,"DemandMax":6,"Value":624},{"Length":22,"Height":10,"Demand":0,"DemandMax":3,"Value":440},{"Length":45,"Height":6,"Demand":0,"DemandMax":3,"Value":540},{"Length":22,"Height":29,"Demand":0,"DemandMax":3,"Value":1914},{"Length":40,"Height":46,"Demand":0,"DemandMax":3,"Value":1840},{"Length":6,"Height":37,"Demand":0,"DemandMax":3,"Value":222},{"Length":24,"Height":43,"Demand":0,"DemandMax":3,"Value":3096},{"Length":7,"Height":33,"Demand":0,"DemandMax":3,"Value":693},{"Length":96,"Height":84,"Demand":0,"DemandMax":3,"Value":24192},{"Length":89,"Height":75,"Demand":0,"DemandMax":3,"Value":20025},{"Length":12,"Height":29,"Demand":0,"DemandMax":3,"Value":1044},{"Length":40,"Height":39,"Demand":0,"DemandMax":3,"Value":1560},{"Length":34,"Height":5,"Demand":0,"DemandMax":3,"Value":510},{"Length":38,"Height":28,"Demand":0,"DemandMax":3,"Value":2128},{"Length":22,"Height":15,"Demand":0,"DemandMax":3,"Value":330},{"Length":5,"Height":89,"Demand":0,"DemandMax":3,"Value":445},{"Length":28,"Height":48,"Demand":0,"DemandMax":3,"Value":1344},{"Length":27,"Height":33,"Demand":0,"DemandMax":3,"Value":891}]}