{"Name":"ngcutfs3_67","Objects":[{"Length":100,"Height":100,"Stock":null,"Cost":10000}],"Items":[{"Length":98,"Height":72,"Demand":0,"DemandMax":1,"Value":21168},{"Length":49,"Height":17,"Demand":0,"DemandMax":1,"Value":2499},{"Length":83,"Height":39,"Demand":0,"DemandMax":1,"Value":9711},{"Length":15,"Height":50,"Demand":0,"DemandMax":1,"Value":750},{"Length":88,"Height":93,"Demand":0,"DemandMax":1,"Value":16368},{"Length":33,"Height":79,"Demand":0,"DemandMax":1,"Value":5214},{"Length":75,"Height":67,"Demand":0,"DemandMax":1,"Value":15075},{"Length":46,"Height":39,"Demand":0,"DemandMax":1,"Value":5382},{"Length":38,"Height":47,"Demand":0,"DemandMax":1,"Value":5358},{"Length":36,"Height":34,"Demand":0,"DemandMax":1,"Value":3672},{"Length":45,"Height":33,"Demand":0,"DemandMax":1,"Value":2970},{"Length":26,"Height":35,"Demand":0,"DemandMax":1,"Value":910},{"Length":36,"Height":6,"Demand":0,"DemandMax":1,"Value":648},{"Length":35,"Height":26,"Demand":0,"DemandMax":1,"Value":1820},{"Length":29,"Height":48,"Demand":0,"DemandMax":1,"Value":4176},{"Length":8,"Height":9,"Demand":0,"DemandMax":1,"Value":144},{"Length":39,"Height":33,"Demand":0,"DemandMax":1,"Value":1287},{"Length":33,"Height":46,"Demand":0,"DemandMax":1,"Value":3036},{"Length":79,"Height":24,"Demand":0,"DemandMax":1,"Value":1896},{"Length":33,"Height":82,"Demand":0,"DemandMax":1,"Value":2706},{"Length":21,"Height":47,"Demand":0,"DemandMax":1,"Value":2961},{"Length":55,"Height":62,"Demand":0,"DemandMax":1,"Value":6820},{"Length":22,"Height":14,"Demand":0,"DemandMax":1,"Value":308},{"Length":90,"Height":99,"Demand":0,"DemandMax":1,"Value":17820},{"Length":79,"Height":89,"Demand":0,"DemandMax":1,"Value":21093},{"Length":23,"Height":5,"Demand":0,"DemandMax":2,"Value":230},{"Length":50,"Height":27,"Demand":0,"DemandMax":1,"Value":1350},{"Length":28,"Height":40,"Demand":0,"DemandMax":1,"Value":1120},{"Length":41,"Height":24,"Demand":0,"DemandMax":1,"Value":1968},{"Length":31,"Height":10,"Demand":0,"DemandMax":1,"Value":930},{"Length":83,"Height":20,"Demand":0,"DemandMax":1,"Value":3320},{"Length":46,"Height":7,"Demand":0,"DemandMax":1,"Value":644},{"Length":28,"Height":79,"Demand":0,"DemandMax":1,"Value":2212},{"Length":6,"Height":22,"Demand":0,"DemandMax":1,"Value":132},{"Length":42,"Height":40,"Demand":0,"DemandMax":1,"Value":5040},{"Length":19,"Height":85,"Demand":0,"DemandMax":1,"Value":3230},{"Length":91,"Height":14,"Demand":0,"DemandMax":1,"Value":1274},{"Length":11,"Height":21,"Demand":0,"DemandMax":1,"Value":231},{"Length":14,"Height":17,"Demand":0,"DemandMax":1,"Value":714},{"Length":92,"Height":48,"Demand":0,"DemandMax":1,"Value":4416},{"Length":56,"Height":100,"Demand":0,"DemandMax":1,"Value":11200},{"Length":22,"Height":49,"Demand":0,"DemandMax":1,"Value":1078},{"Length":98,"Height":10,"Demand":0,"DemandMax":1,"Value":980},{"Length":11,"Height":10,"Demand":0,"DemandMax":1,"Value":110},{"Length":41,"Height":39,"Demand":0,"DemandMax":1,"Value":3198},{"Length":85,"Height":24,"Demand":0,"DemandMax":1,"Value":4080},{"Length":10,"Height":6,"Demand":0,"DemandMax":1,"Value":60},{"Length":16,"Height":96,"Demand":0,"DemandMax":1,"Value":4608},{"Length":36,"Height":46,"Demand":0,"DemandMax":1,"Value":4968},{"Length":9,"Height":39,"Demand":0,"DemandMax":1,"Value":351},{"Length":66,"Height":99,"Demand":0,"DemandMax":1,"Value":13068},{"Length":19,"Height":46,"Demand":0,"DemandMax":1,"Value":2622},{"Length":38,"Height":5,"Demand":0,"DemandMax":1,"Value":380},{"Length":54,"Height":74,"Demand":0,"DemandMax":1,"Value":11988},{"Length":78,"Height":46,"Demand":0,"DemandMax":1,"Value":10764},{"Length":31,"Height":41,"Demand":0,"DemandMax":1,"Value":3813},{"Length":72,"Height":85,"Demand":0,"DemandMax":1,"Value":12240},{"Length":96,"Height":3,"Demand":0,"DemandMax":1,"Value":864},{"Length":45,"Height":85,"Demand":0,"DemandMax":1,"Value":3825},{"Length":40,"Height":84,"Demand":0,"DemandMax":1,"Value":10080},{"Length":4,"Height":2,"Demand":0,"DemandMax":1,"Value":24},{"Length":49,"Height":30,"Demand":0,"DemandMax":1,"Value":1470},{"Length":37,"Height":20,"Demand":0,"DemandMax":1,"Value":1480},{"Length":11,"Height":38,"Demand":0,"DemandMax":1,"Value":836},{"Length":29,"Height":92,"Demand":0,"DemandMax":1,"Value":8004},{"Length":26,"Height":26,"Demand":0,"DemandMax":1,"Value":2028},{"Length":16,"Height":33,"Demand":0,"DemandMax":1,"Value":1584},{"Length":31,"Height":45,"Demand":0,"DemandMax":1,"Value":1395},{"Length":39,"Height":35,"Demand":0,"DemandMax":1,"Value":4095},{"Length":47,"Height":14,"Demand":0,"DemandMax":1,"Value":658},{"Length":9,"Height":18,"Demand":0,"DemandMax":1,"Value":486},{"Length":28,"Height":42,"Demand":0,"DemandMax":1,"Value":2352},{"Length":24,"Height":12,"Demand":0,"DemandMax":1,"Value":576},{"Length":19,"Height":8,"Demand":0,"DemandMax":1,"Value":456},{"Length":91,"Height":46,"Demand":0,"DemandMax":1,"Value":4186},{"Length":95,"Height":16,"Demand":0,"DemandMax":1,"Value":4560},{"Length":7,"Height":21,"Demand":0,"DemandMax":1,"Value":147},{"Length":46,"Height":34,"Demand":0,"DemandMax":1,"Value":1564},{"Length":21,"Height":42,"Demand":0,"DemandMax":1,"Value":2646},{"Length":49,"Height":38,"Demand":0,"DemandMax":1,"Value":3724},{"Length":3,"Height":48,"Demand":0,"DemandMax":1,"Value":288},{"Length":48,"Height":11,"Demand":0,"DemandMax":1,"Value":1056},{"Length":82,"Height":47,"Demand":0,"DemandMax":1,"Value":11562},{"Length":33,"Height":38,"Demand":0,"DemandMax":1,"Value":2508},{"Length":29,"Height":49,"Demand":0,"DemandMax":1,"Value":2842},{"Length":8,"Height":47,"Demand":0,"DemandMax":1,"Value":1128},{"Length":37,"Height":16,"Demand":0,"DemandMax":1,"Value":592},{"Length":80,"Height":95,"Demand":0,"DemandMax":1,"Value":22800},{"Length":44,"Height":28,"Demand":0,"DemandMax":1,"Value":2464},{"Length":80,"Height":21,"Demand":0,"DemandMax":1,"Value":3360},{"Length":90,"Height":39,"Demand":0,"DemandMax":1,"Value":10530},{"Length":41,"Height":98,"Demand":0,"DemandMax":1,"Value":4018},{"Length":92,"Height":23,"Demand":0,"DemandMax":1,"Value":6348},{"Length":48,"Height":44,"Demand":0,"DemandMax":1,"Value":6336},{"Length":30,"Height":23,"Demand":0,"DemandMax":1,"Value":1380},{"Length":24,"Height":28,"Demand":0,"DemandMax":1,"Value":672},{"Length":43,"Height":99,"Demand":0,"DemandMax":1,"Value":8514},{"Length":35,"Height":12,"Demand":0,"DemandMax":1,"Value":1260},{"Length":36,"Height":43,"Demand":0,"DemandMax":1,"Value":4644}]}