{"Name":"ngcutfs2_74","Objects":[{"Length":100,"Height":100,"Stock":null,"Cost":10000}],"Items":[{"Length":73,"Height":52,"Demand":0,"DemandMax":3,"Value":3796},{"Length":38,"Height":47,"Demand":0,"DemandMax":3,"Value":1786},{"Length":15,"Height":29,"Demand":0,"DemandMax":3,"Value":435},{"Length":13,"Height":16,"Demand":0,"DemandMax":3,"Value":624},{"Length":8,"Height":44,"Demand":0,"DemandMax":3,"Value":704},{"Length":27,"Height":95,"Demand":0,"DemandMax":3,"Value":7695},{"Length":44,"Height":42,"Demand":0,"DemandMax":3,"Value":5544},{"Length":19,"Height":8,"Demand":0,"DemandMax":3,"Value":304},{"Length":93,"Height":11,"Demand":0,"DemandMax":3,"Value":2046},{"Length":26,"Height":81,"Demand":0,"DemandMax":3,"Value":4212},{"Length":11,"Height":100,"Demand":0,"DemandMax":3,"Value":2200},{"Length":68,"Height":67,"Demand":0,"DemandMax":3,"Value":9112},{"Length":82,"Height":19,"Demand":0,"DemandMax":3,"Value":3116},{"Length":14,"Height":83,"Demand":0,"DemandMax":3,"Value":2324},{"Length":12,"Height":5,"Demand":0,"DemandMax":3,"Value":120},{"Length":32,"Height":7,"Demand":0,"DemandMax":3,"Value":448},{"Length":70,"Height":93,"Demand":0,"DemandMax":3,"Value":19530},{"Length":16,"Height":85,"Demand":0,"DemandMax":3,"Value":4080},{"Length":72,"Height":85,"Demand":0,"DemandMax":3,"Value":18360},{"Length":47,"Height":22,"Demand":0,"DemandMax":3,"Value":2068},{"Length":47,"Height":13,"Demand":0,"DemandMax":3,"Value":611},{"Length":89,"Height":9,"Demand":0,"DemandMax":3,"Value":2403},{"Length":78,"Height":87,"Demand":0,"DemandMax":3,"Value":20358},{"Length":18,"Height":4,"Demand":0,"DemandMax":3,"Value":216},{"Length":24,"Height":15,"Demand":0,"DemandMax":3,"Value":1080},{"Length":85,"Height":74,"Demand":0,"DemandMax":3,"Value":12580},{"Length":42,"Height":24,"Demand":0,"DemandMax":3,"Value":1008},{"Length":32,"Height":43,"Demand":0,"DemandMax":3,"Value":2752},{"Length":32,"Height":20,"Demand":0,"DemandMax":3,"Value":640},{"Length":32,"Height":2,"Demand":0,"DemandMax":3,"Value":64},{"Length":89,"Height":71,"Demand":0,"DemandMax":3,"Value":12638},{"Length":37,"Height":79,"Demand":0,"DemandMax":3,"Value":8769},{"Length":48,"Height":11,"Demand":0,"DemandMax":3,"Value":528},{"Length":6,"Height":92,"Demand":0,"DemandMax":3,"Value":1104},{"Length":2,"Height":49,"Demand":0,"DemandMax":3,"Value":294},{"Length":39,"Height":35,"Demand":0,"DemandMax":3,"Value":2730},{"Length":31,"Height":39,"Demand":0,"DemandMax":3,"Value":2418},{"Length":49,"Height":93,"Demand":0,"DemandMax":3,"Value":4557},{"Length":8,"Height":17,"Demand":0,"DemandMax":3,"Value":408},{"Length":20,"Height":88,"Demand":0,"DemandMax":3,"Value":3520},{"Length":26,"Height":11,"Demand":0,"DemandMax":3,"Value":286},{"Length":11,"Height":8,"Demand":0,"DemandMax":3,"Value":176},{"Length":8,"Height":27,"Demand":0,"DemandMax":3,"Value":432},{"Length":42,"Height":46,"Demand":0,"DemandMax":3,"Value":1932},{"Length":79,"Height":86,"Demand":0,"DemandMax":3,"Value":6794},{"Length":5,"Height":81,"Demand":0,"DemandMax":3,"Value":810},{"Length":96,"Height":7,"Demand":0,"DemandMax":3,"Value":1344},{"Length":3,"Height":42,"Demand":0,"DemandMax":3,"Value":126},{"Length":24,"Height":90,"Demand":0,"DemandMax":3,"Value":4320},{"Length":49,"Height":32,"Demand":0,"DemandMax":3,"Value":1568},{"Length":39,"Height":21,"Demand":0,"DemandMax":3,"Value":819},{"Length":90,"Height":26,"Demand":0,"DemandMax":3,"Value":4680},{"Length":43,"Height":94,"Demand":0,"DemandMax":3,"Value":8084},{"Length":34,"Height":45,"Demand":0,"DemandMax":3,"Value":3060},{"Length":15,"Height":32,"Demand":0,"DemandMax":3,"Value":960},{"Length":3,"Height":49,"Demand":0,"DemandMax":3,"Value":147},{"Length":29,"Height":49,"Demand":0,"DemandMax":3,"Value":4263},{"Length":44,"Height":44,"Demand":0,"DemandMax":3,"Value":3872},{"Length":6,"Height":36,"Demand":0,"DemandMax":3,"Value":432},{"Length":21,"Height":19,"Demand":0,"DemandMax":3,"Value":798},{"Length":23,"Height":30,"Demand":0,"DemandMax":3,"Value":690},{"Length":39,"Height":38,"Demand":0,"DemandMax":3,"Value":4446},{"Length":39,"Height":42,"Demand":0,"DemandMax":3,"Value":1638},{"Length":82,"Height":80,"Demand":0,"DemandMax":3,"Value":19680},{"Length":13,"Height":30,"Demand":0,"DemandMax":3,"Value":1170},{"Length":19,"Height":11,"Demand":0,"DemandMax":3,"Value":209},{"Length":92,"Height":83,"Demand":0,"DemandMax":3,"Value":15272},{"Length":13,"Height":8,"Demand":0,"DemandMax":3,"Value":312},{"Length":3,"Height":42,"Demand":0,"DemandMax":3,"Value":378},{"Length":78,"Height":46,"Demand":0,"DemandMax":3,"Value":10764},{"Length":34,"Height":89,"Demand":0,"DemandMax":3,"Value":9078},{"Length":7,"Height":18,"Demand":0,"DemandMax":3,"Value":126},{"Length":44,"Height":14,"Demand":0,"DemandMax":3,"Value":616},{"Length":48,"Height":80,"Demand":0,"DemandMax":3,"Value":3840},{"Length":92,"Height":79,"Demand":0,"DemandMax":3,"Value":21804},{"Length":5,"Height":47,"Demand":0,"DemandMax":3,"Value":705},{"Length":5,"Height":17,"Demand":0,"DemandMax":3,"Value":85},{"Length":44,"Height":22,"Demand":0,"DemandMax":3,"Value":968},{"Length":36,"Height":45,"Demand":0,"DemandMax":3,"Value":4860},{"Length":17,"Height":99,"Demand":0,"DemandMax":3,"Value":1683},{"Length":8,"Height":82,"Demand":0,"DemandMax":3,"Value":1312},{"Length":22,"Height":39,"Demand":0,"DemandMax":3,"Value":2574},{"Length":72,"Height":100,"Demand":0,"DemandMax":3,"Value":14400},{"Length":86,"Height":27,"Demand":0,"DemandMax":3,"Value":2322},{"Length":96,"Height":34,"Demand":0,"DemandMax":3,"Value":9792},{"Length":14,"Height":40,"Demand":0,"DemandMax":3,"Value":560},{"Length":21,"Height":13,"Demand":0,"DemandMax":3,"Value":819},{"Length":38,"Height":76,"Demand":0,"DemandMax":3,"Value":8664},{"Length":90,"Height":86,"Demand":0,"DemandMax":3,"Value":23220},{"Length":9,"Height":7,"Demand":0,"DemandMax":3,"Value":189},{"Length":13,"Height":46,"Demand":0,"DemandMax":3,"Value":598},{"Length":8,"Height":18,"Demand":0,"DemandMax":3,"Value":144},{"Length":50,"Height":25,"Demand":0,"DemandMax":3,"Value":1250},{"Length":6,"Height":84,"Demand":0,"DemandMax":3,"Value":1008},{"Length":9,"Height":25,"Demand":0,"DemandMax":3,"Value":225},{"Length":99,"Height":45,"Demand":0,"DemandMax":3,"Value":13365},{"Length":56,"Height":90,"Demand":0,"DemandMax":3,"Value":10080},{"Length":79,"Height":39,"Demand":0,"DemandMax":3,"Value":9243},{"Length":71,"Height":73,"Demand":0,"DemandMax":3,"Value":15549},{"Length":4,"Height":13,"Demand":0,"DemandMax":3,"Value":52}]}