{"Name":"ngcutfs2_76","Objects":[{"Length":100,"Height":100,"Stock":null,"Cost":10000}],"Items":[{"Length":85,"Height":19,"Demand":0,"DemandMax":3,"Value":1615},{"Length":99,"Height":26,"Demand":0,"DemandMax":3,"Value":7722},{"Length":36,"Height":33,"Demand":0,"DemandMax":3,"Value":1188},{"Length":26,"Height":81,"Demand":0,"DemandMax":3,"Value":4212},{"Length":91,"Height":9,"Demand":0,"DemandMax":3,"Value":1638},{"Length":44,"Height":33,"Demand":0,"DemandMax":3,"Value":1452},{"Length":40,"Height":6,"Demand":0,"DemandMax":3,"Value":240},{"Length":85,"Height":97,"Demand":0,"DemandMax":3,"Value":16490},{"Length":26,"Height":95,"Demand":0,"DemandMax":3,"Value":4940},{"Length":4,"Height":8,"Demand":0,"DemandMax":3,"Value":64},{"Length":21,"Height":14,"Demand":0,"DemandMax":3,"Value":294},{"Length":81,"Height":21,"Demand":0,"DemandMax":3,"Value":1701},{"Length":45,"Height":9,"Demand":0,"DemandMax":3,"Value":810},{"Length":45,"Height":8,"Demand":0,"DemandMax":3,"Value":1080},{"Length":22,"Height":41,"Demand":0,"DemandMax":3,"Value":902},{"Length":46,"Height":49,"Demand":0,"DemandMax":3,"Value":2254},{"Length":50,"Height":78,"Demand":0,"DemandMax":3,"Value":7800},{"Length":38,"Height":92,"Demand":0,"DemandMax":3,"Value":3496},{"Length":55,"Height":77,"Demand":0,"DemandMax":3,"Value":8470},{"Length":20,"Height":23,"Demand":0,"DemandMax":3,"Value":460},{"Length":71,"Height":77,"Demand":0,"DemandMax":3,"Value":5467},{"Length":22,"Height":48,"Demand":0,"DemandMax":3,"Value":1056},{"Length":80,"Height":30,"Demand":0,"DemandMax":3,"Value":4800},{"Length":24,"Height":49,"Demand":0,"DemandMax":3,"Value":3528},{"Length":16,"Height":3,"Demand":0,"DemandMax":3,"Value":144},{"Length":72,"Height":96,"Demand":0,"DemandMax":3,"Value":13824},{"Length":97,"Height":48,"Demand":0,"DemandMax":3,"Value":9312},{"Length":12,"Height":14,"Demand":0,"DemandMax":3,"Value":504},{"Length":80,"Height":60,"Demand":0,"DemandMax":3,"Value":14400},{"Length":18,"Height":7,"Demand":0,"DemandMax":3,"Value":378},{"Length":25,"Height":17,"Demand":0,"DemandMax":3,"Value":425},{"Length":30,"Height":20,"Demand":0,"DemandMax":3,"Value":1800},{"Length":15,"Height":47,"Demand":0,"DemandMax":3,"Value":705},{"Length":5,"Height":43,"Demand":0,"DemandMax":3,"Value":215},{"Length":25,"Height":28,"Demand":0,"DemandMax":3,"Value":1400},{"Length":47,"Height":10,"Demand":0,"DemandMax":3,"Value":940},{"Length":97,"Height":8,"Demand":0,"DemandMax":3,"Value":776},{"Length":28,"Height":87,"Demand":0,"DemandMax":3,"Value":4872},{"Length":33,"Height":47,"Demand":0,"DemandMax":3,"Value":3102},{"Length":98,"Height":63,"Demand":0,"DemandMax":3,"Value":6174},{"Length":31,"Height":86,"Demand":0,"DemandMax":3,"Value":2666},{"Length":13,"Height":91,"Demand":0,"DemandMax":3,"Value":3549},{"Length":2,"Height":36,"Demand":0,"DemandMax":3,"Value":72},{"Length":40,"Height":13,"Demand":0,"DemandMax":3,"Value":1040},{"Length":16,"Height":26,"Demand":0,"DemandMax":3,"Value":1248},{"Length":94,"Height":27,"Demand":0,"DemandMax":3,"Value":2538},{"Length":42,"Height":7,"Demand":0,"DemandMax":3,"Value":882},{"Length":20,"Height":20,"Demand":0,"DemandMax":3,"Value":800},{"Length":25,"Height":29,"Demand":0,"DemandMax":3,"Value":725},{"Length":15,"Height":6,"Demand":0,"DemandMax":3,"Value":180},{"Length":55,"Height":64,"Demand":0,"DemandMax":3,"Value":7040},{"Length":4,"Height":21,"Demand":0,"DemandMax":3,"Value":168},{"Length":17,"Height":49,"Demand":0,"DemandMax":3,"Value":2499},{"Length":84,"Height":86,"Demand":0,"DemandMax":3,"Value":14448},{"Length":87,"Height":64,"Demand":0,"DemandMax":3,"Value":16704},{"Length":31,"Height":4,"Demand":0,"DemandMax":3,"Value":124},{"Length":18,"Height":27,"Demand":0,"DemandMax":3,"Value":972},{"Length":31,"Height":82,"Demand":0,"DemandMax":3,"Value":5084},{"Length":13,"Height":32,"Demand":0,"DemandMax":3,"Value":416},{"Length":91,"Height":86,"Demand":0,"DemandMax":3,"Value":15652},{"Length":46,"Height":26,"Demand":0,"DemandMax":3,"Value":1196},{"Length":79,"Height":66,"Demand":0,"DemandMax":3,"Value":15642},{"Length":42,"Height":14,"Demand":0,"DemandMax":3,"Value":1764},{"Length":12,"Height":38,"Demand":0,"DemandMax":3,"Value":912},{"Length":44,"Height":41,"Demand":0,"DemandMax":3,"Value":1804},{"Length":10,"Height":46,"Demand":0,"DemandMax":3,"Value":460},{"Length":14,"Height":8,"Demand":0,"DemandMax":3,"Value":336},{"Length":33,"Height":43,"Demand":0,"DemandMax":3,"Value":2838},{"Length":28,"Height":11,"Demand":0,"DemandMax":3,"Value":308},{"Length":27,"Height":42,"Demand":0,"DemandMax":3,"Value":2268},{"Length":26,"Height":19,"Demand":0,"DemandMax":3,"Value":988},{"Length":38,"Height":46,"Demand":0,"DemandMax":3,"Value":5244},{"Length":5,"Height":6,"Demand":0,"DemandMax":3,"Value":30},{"Length":25,"Height":28,"Demand":0,"DemandMax":3,"Value":2100},{"Length":50,"Height":46,"Demand":0,"DemandMax":3,"Value":4600},{"Length":44,"Height":20,"Demand":0,"DemandMax":3,"Value":2640},{"Length":6,"Height":26,"Demand":0,"DemandMax":3,"Value":156},{"Length":87,"Height":25,"Demand":0,"DemandMax":3,"Value":6525},{"Length":17,"Height":13,"Demand":0,"DemandMax":3,"Value":442},{"Length":21,"Height":38,"Demand":0,"DemandMax":3,"Value":2394},{"Length":43,"Height":30,"Demand":0,"DemandMax":3,"Value":2580},{"Length":91,"Height":68,"Demand":0,"DemandMax":3,"Value":12376},{"Length":83,"Height":47,"Demand":0,"DemandMax":3,"Value":11703},{"Length":94,"Height":76,"Demand":0,"DemandMax":3,"Value":7144},{"Length":45,"Height":15,"Demand":0,"DemandMax":3,"Value":675},{"Length":2,"Height":32,"Demand":0,"DemandMax":3,"Value":64},{"Length":29,"Height":14,"Demand":0,"DemandMax":3,"Value":406},{"Length":10,"Height":31,"Demand":0,"DemandMax":3,"Value":930},{"Length":33,"Height":21,"Demand":0,"DemandMax":3,"Value":1386},{"Length":83,"Height":72,"Demand":0,"DemandMax":3,"Value":17928},{"Length":47,"Height":12,"Demand":0,"DemandMax":3,"Value":564},{"Length":22,"Height":16,"Demand":0,"DemandMax":3,"Value":352},{"Length":12,"Height":18,"Demand":0,"DemandMax":3,"Value":432},{"Length":33,"Height":22,"Demand":0,"DemandMax":3,"Value":726},{"Length":25,"Height":2,"Demand":0,"DemandMax":3,"Value":50},{"Length":29,"Height":32,"Demand":0,"DemandMax":3,"Value":2784},{"Length":82,"Height":17,"Demand":0,"DemandMax":3,"Value":4182},{"Length":3,"Height":12,"Demand":0,"DemandMax":3,"Value":108},{"Length":82,"Height":48,"Demand":0,"DemandMax":3,"Value":3936},{"Length":2,"Height":100,"Demand":0,"DemandMax":3,"Value":200}]}