{"Name":"ngcutfs3_48","Objects":[{"Length":100,"Height":100,"Stock":null,"Cost":10000}],"Items":[{"Length":49,"Height":36,"Demand":0,"DemandMax":3,"Value":3528},{"Length":45,"Height":18,"Demand":0,"DemandMax":3,"Value":810},{"Length":36,"Height":31,"Demand":0,"DemandMax":3,"Value":3348},{"Length":4,"Height":15,"Demand":0,"DemandMax":3,"Value":120},{"Length":90,"Height":34,"Demand":0,"DemandMax":3,"Value":9180},{"Length":80,"Height":37,"Demand":0,"DemandMax":3,"Value":8880},{"Length":22,"Height":19,"Demand":0,"DemandMax":3,"Value":418},{"Length":11,"Height":30,"Demand":0,"DemandMax":3,"Value":660},{"Length":24,"Height":91,"Demand":0,"DemandMax":3,"Value":4368},{"Length":18,"Height":6,"Demand":0,"DemandMax":3,"Value":324},{"Length":18,"Height":26,"Demand":0,"DemandMax":3,"Value":1404},{"Length":47,"Height":45,"Demand":0,"DemandMax":3,"Value":6345},{"Length":47,"Height":34,"Demand":0,"DemandMax":3,"Value":3196},{"Length":25,"Height":20,"Demand":0,"DemandMax":3,"Value":1000},{"Length":21,"Height":38,"Demand":0,"DemandMax":3,"Value":2394},{"Length":38,"Height":2,"Demand":0,"DemandMax":3,"Value":152},{"Length":94,"Height":28,"Demand":0,"DemandMax":3,"Value":5264},{"Length":20,"Height":25,"Demand":0,"DemandMax":3,"Value":1000},{"Length":6,"Height":93,"Demand":0,"DemandMax":3,"Value":558},{"Length":15,"Height":96,"Demand":0,"DemandMax":3,"Value":1440},{"Length":17,"Height":11,"Demand":0,"DemandMax":3,"Value":187},{"Length":20,"Height":34,"Demand":0,"DemandMax":3,"Value":680},{"Length":31,"Height":11,"Demand":0,"DemandMax":3,"Value":1023},{"Length":27,"Height":24,"Demand":0,"DemandMax":3,"Value":1944},{"Length":2,"Height":32,"Demand":0,"DemandMax":3,"Value":128},{"Length":98,"Height":24,"Demand":0,"DemandMax":3,"Value":2352},{"Length":13,"Height":29,"Demand":0,"DemandMax":3,"Value":1131},{"Length":15,"Height":5,"Demand":0,"DemandMax":3,"Value":150},{"Length":10,"Height":6,"Demand":0,"DemandMax":3,"Value":180},{"Length":18,"Height":15,"Demand":0,"DemandMax":3,"Value":270},{"Length":83,"Height":50,"Demand":0,"DemandMax":3,"Value":12450},{"Length":35,"Height":42,"Demand":0,"DemandMax":3,"Value":4410},{"Length":99,"Height":84,"Demand":0,"DemandMax":3,"Value":8316},{"Length":14,"Height":8,"Demand":0,"DemandMax":3,"Value":224},{"Length":83,"Height":58,"Demand":0,"DemandMax":3,"Value":4814},{"Length":30,"Height":45,"Demand":0,"DemandMax":3,"Value":4050},{"Length":72,"Height":65,"Demand":0,"DemandMax":3,"Value":14040},{"Length":28,"Height":21,"Demand":0,"DemandMax":3,"Value":1764},{"Length":89,"Height":27,"Demand":0,"DemandMax":3,"Value":7209},{"Length":38,"Height":21,"Demand":0,"DemandMax":3,"Value":798},{"Length":31,"Height":41,"Demand":0,"DemandMax":3,"Value":2542},{"Length":22,"Height":35,"Demand":0,"DemandMax":3,"Value":2310},{"Length":19,"Height":3,"Demand":0,"DemandMax":3,"Value":57},{"Length":37,"Height":91,"Demand":0,"DemandMax":3,"Value":3367},{"Length":35,"Height":84,"Demand":0,"DemandMax":3,"Value":8820},{"Length":21,"Height":26,"Demand":0,"DemandMax":3,"Value":1638},{"Length":17,"Height":38,"Demand":0,"DemandMax":3,"Value":1292},{"Length":18,"Height":41,"Demand":0,"DemandMax":3,"Value":1476},{"Length":17,"Height":24,"Demand":0,"DemandMax":3,"Value":816},{"Length":24,"Height":35,"Demand":0,"DemandMax":3,"Value":1680}]}