{"Name":"ngcutfs1_187","Objects":[{"Length":100,"Height":100,"Stock":null,"Cost":10000}],"Items":[{"Length":88,"Height":17,"Demand":0,"DemandMax":1,"Value":4488},{"Length":30,"Height":83,"Demand":0,"DemandMax":1,"Value":7470},{"Length":75,"Height":51,"Demand":0,"DemandMax":1,"Value":11475},{"Length":100,"Height":47,"Demand":0,"DemandMax":1,"Value":9400},{"Length":21,"Height":32,"Demand":0,"DemandMax":1,"Value":2016},{"Length":77,"Height":7,"Demand":0,"DemandMax":1,"Value":1078},{"Length":33,"Height":11,"Demand":0,"DemandMax":1,"Value":726},{"Length":97,"Height":52,"Demand":0,"DemandMax":1,"Value":5044},{"Length":3,"Height":82,"Demand":0,"DemandMax":1,"Value":492},{"Length":31,"Height":4,"Demand":0,"DemandMax":1,"Value":372},{"Length":89,"Height":43,"Demand":0,"DemandMax":1,"Value":7654},{"Length":9,"Height":37,"Demand":0,"DemandMax":2,"Value":999},{"Length":53,"Height":94,"Demand":0,"DemandMax":1,"Value":4982},{"Length":83,"Height":84,"Demand":0,"DemandMax":1,"Value":20916},{"Length":42,"Height":21,"Demand":0,"DemandMax":1,"Value":882},{"Length":36,"Height":34,"Demand":0,"DemandMax":1,"Value":3672},{"Length":25,"Height":13,"Demand":0,"DemandMax":1,"Value":325},{"Length":22,"Height":27,"Demand":0,"DemandMax":1,"Value":1188},{"Length":19,"Height":97,"Demand":0,"DemandMax":1,"Value":1843},{"Length":56,"Height":85,"Demand":0,"DemandMax":1,"Value":14280},{"Length":95,"Height":39,"Demand":0,"DemandMax":1,"Value":3705},{"Length":93,"Height":44,"Demand":0,"DemandMax":1,"Value":4092},{"Length":23,"Height":77,"Demand":0,"DemandMax":1,"Value":3542},{"Length":26,"Height":4,"Demand":0,"DemandMax":1,"Value":312},{"Length":2,"Height":46,"Demand":0,"DemandMax":1,"Value":276},{"Length":11,"Height":40,"Demand":0,"DemandMax":1,"Value":440},{"Length":34,"Height":33,"Demand":0,"DemandMax":2,"Value":1122},{"Length":93,"Height":12,"Demand":0,"DemandMax":1,"Value":3348},{"Length":86,"Height":47,"Demand":0,"DemandMax":1,"Value":12126},{"Length":83,"Height":3,"Demand":0,"DemandMax":1,"Value":747},{"Length":19,"Height":34,"Demand":0,"DemandMax":1,"Value":646},{"Length":31,"Height":7,"Demand":0,"DemandMax":1,"Value":217},{"Length":39,"Height":93,"Demand":0,"DemandMax":1,"Value":10881},{"Length":43,"Height":11,"Demand":0,"DemandMax":1,"Value":1419},{"Length":47,"Height":33,"Demand":0,"DemandMax":1,"Value":4653},{"Length":82,"Height":44,"Demand":0,"DemandMax":1,"Value":7216},{"Length":15,"Height":8,"Demand":0,"DemandMax":1,"Value":120},{"Length":86,"Height":2,"Demand":0,"DemandMax":1,"Value":516},{"Length":12,"Height":33,"Demand":0,"DemandMax":1,"Value":1188},{"Length":12,"Height":5,"Demand":0,"DemandMax":1,"Value":60},{"Length":90,"Height":11,"Demand":0,"DemandMax":1,"Value":1980},{"Length":77,"Height":90,"Demand":0,"DemandMax":1,"Value":6930},{"Length":8,"Height":16,"Demand":0,"DemandMax":1,"Value":384},{"Length":9,"Height":29,"Demand":0,"DemandMax":1,"Value":261},{"Length":73,"Height":76,"Demand":0,"DemandMax":1,"Value":16644},{"Length":79,"Height":65,"Demand":0,"DemandMax":1,"Value":10270},{"Length":35,"Height":42,"Demand":0,"DemandMax":1,"Value":1470},{"Length":43,"Height":40,"Demand":0,"DemandMax":2,"Value":1720},{"Length":10,"Height":100,"Demand":0,"DemandMax":1,"Value":3000},{"Length":86,"Height":71,"Demand":0,"DemandMax":1,"Value":12212},{"Length":93,"Height":97,"Demand":0,"DemandMax":1,"Value":9021},{"Length":51,"Height":53,"Demand":0,"DemandMax":1,"Value":8109},{"Length":44,"Height":42,"Demand":0,"DemandMax":1,"Value":1848},{"Length":88,"Height":66,"Demand":0,"DemandMax":1,"Value":5808},{"Length":95,"Height":48,"Demand":0,"DemandMax":1,"Value":4560},{"Length":100,"Height":13,"Demand":0,"DemandMax":1,"Value":1300},{"Length":11,"Height":14,"Demand":0,"DemandMax":1,"Value":462},{"Length":61,"Height":58,"Demand":0,"DemandMax":1,"Value":3538},{"Length":38,"Height":49,"Demand":0,"DemandMax":1,"Value":3724},{"Length":89,"Height":25,"Demand":0,"DemandMax":1,"Value":4450},{"Length":81,"Height":19,"Demand":0,"DemandMax":1,"Value":1539},{"Length":91,"Height":26,"Demand":0,"DemandMax":1,"Value":2366},{"Length":27,"Height":6,"Demand":0,"DemandMax":1,"Value":486},{"Length":39,"Height":7,"Demand":0,"DemandMax":1,"Value":273},{"Length":91,"Height":47,"Demand":0,"DemandMax":1,"Value":12831},{"Length":2,"Height":77,"Demand":0,"DemandMax":1,"Value":462},{"Length":5,"Height":11,"Demand":0,"DemandMax":1,"Value":55},{"Length":26,"Height":22,"Demand":0,"DemandMax":1,"Value":1144},{"Length":63,"Height":95,"Demand":0,"DemandMax":1,"Value":17955},{"Length":31,"Height":77,"Demand":0,"DemandMax":1,"Value":2387},{"Length":37,"Height":37,"Demand":0,"DemandMax":1,"Value":4107},{"Length":8,"Height":18,"Demand":0,"DemandMax":1,"Value":288},{"Length":25,"Height":31,"Demand":0,"DemandMax":1,"Value":2325},{"Length":46,"Height":43,"Demand":0,"DemandMax":1,"Value":1978},{"Length":88,"Height":95,"Demand":0,"DemandMax":1,"Value":8360},{"Length":34,"Height":43,"Demand":0,"DemandMax":1,"Value":2924},{"Length":52,"Height":62,"Demand":0,"DemandMax":1,"Value":9672},{"Length":83,"Height":36,"Demand":0,"DemandMax":1,"Value":5976},{"Length":38,"Height":46,"Demand":0,"DemandMax":1,"Value":5244},{"Length":71,"Height":77,"Demand":0,"DemandMax":1,"Value":5467},{"Length":92,"Height":87,"Demand":0,"DemandMax":1,"Value":24012},{"Length":86,"Height":48,"Demand":0,"DemandMax":1,"Value":8256},{"Length":98,"Height":90,"Demand":0,"DemandMax":1,"Value":8820},{"Length":10,"Height":26,"Demand":0,"DemandMax":1,"Value":520},{"Length":89,"Height":46,"Demand":0,"DemandMax":1,"Value":4094},{"Length":85,"Height":19,"Demand":0,"DemandMax":1,"Value":3230},{"Length":8,"Height":42,"Demand":0,"DemandMax":1,"Value":672},{"Length":47,"Height":96,"Demand":0,"DemandMax":1,"Value":4512},{"Length":38,"Height":94,"Demand":0,"DemandMax":1,"Value":7144},{"Length":39,"Height":5,"Demand":0,"DemandMax":1,"Value":195},{"Length":78,"Height":33,"Demand":0,"DemandMax":1,"Value":2574},{"Length":23,"Height":21,"Demand":0,"DemandMax":1,"Value":483},{"Length":87,"Height":28,"Demand":0,"DemandMax":1,"Value":4872},{"Length":43,"Height":47,"Demand":0,"DemandMax":1,"Value":6063},{"Length":87,"Height":94,"Demand":0,"DemandMax":1,"Value":16356},{"Length":42,"Height":78,"Demand":0,"DemandMax":1,"Value":6552},{"Length":9,"Height":3,"Demand":0,"DemandMax":1,"Value":27},{"Length":9,"Height":22,"Demand":0,"DemandMax":1,"Value":594},{"Length":40,"Height":3,"Demand":0,"DemandMax":1,"Value":360},{"Length":19,"Height":5,"Demand":0,"DemandMax":2,"Value":285},{"Length":80,"Height":31,"Demand":0,"DemandMax":1,"Value":2480},{"Length":15,"Height":48,"Demand":0,"DemandMax":1,"Value":720},{"Length":93,"Height":97,"Demand":0,"DemandMax":1,"Value":27063},{"Length":33,"Height":95,"Demand":0,"DemandMax":1,"Value":9405},{"Length":26,"Height":85,"Demand":0,"DemandMax":1,"Value":2210},{"Length":43,"Height":31,"Demand":0,"DemandMax":1,"Value":1333},{"Length":96,"Height":5,"Demand":0,"DemandMax":1,"Value":1440},{"Length":98,"Height":46,"Demand":0,"DemandMax":1,"Value":13524},{"Length":81,"Height":6,"Demand":0,"DemandMax":1,"Value":486},{"Length":41,"Height":93,"Demand":0,"DemandMax":1,"Value":11439},{"Length":92,"Height":4,"Demand":0,"DemandMax":1,"Value":1104},{"Length":14,"Height":28,"Demand":0,"DemandMax":1,"Value":392},{"Length":51,"Height":84,"Demand":0,"DemandMax":1,"Value":12852},{"Length":46,"Height":19,"Demand":0,"DemandMax":1,"Value":874},{"Length":4,"Height":7,"Demand":0,"DemandMax":1,"Value":56},{"Length":83,"Height":5,"Demand":0,"DemandMax":1,"Value":415},{"Length":85,"Height":7,"Demand":0,"DemandMax":1,"Value":595},{"Length":46,"Height":50,"Demand":0,"DemandMax":1,"Value":2300},{"Length":83,"Height":10,"Demand":0,"DemandMax":1,"Value":1660},{"Length":93,"Height":59,"Demand":0,"DemandMax":1,"Value":10974},{"Length":5,"Height":8,"Demand":0,"DemandMax":1,"Value":40},{"Length":79,"Height":29,"Demand":0,"DemandMax":1,"Value":6873},{"Length":42,"Height":95,"Demand":0,"DemandMax":1,"Value":11970},{"Length":95,"Height":78,"Demand":0,"DemandMax":1,"Value":7410},{"Length":62,"Height":63,"Demand":0,"DemandMax":1,"Value":11718},{"Length":11,"Height":42,"Demand":0,"DemandMax":1,"Value":924},{"Length":50,"Height":33,"Demand":0,"DemandMax":1,"Value":3300},{"Length":6,"Height":28,"Demand":0,"DemandMax":1,"Value":168},{"Length":87,"Height":4,"Demand":0,"DemandMax":1,"Value":348},{"Length":51,"Height":72,"Demand":0,"DemandMax":1,"Value":7344},{"Length":18,"Height":99,"Demand":0,"DemandMax":1,"Value":5346},{"Length":65,"Height":98,"Demand":0,"DemandMax":1,"Value":19110},{"Length":2,"Height":94,"Demand":0,"DemandMax":1,"Value":188},{"Length":55,"Height":78,"Demand":0,"DemandMax":1,"Value":12870},{"Length":85,"Height":27,"Demand":0,"DemandMax":1,"Value":6885},{"Length":86,"Height":5,"Demand":0,"DemandMax":1,"Value":1290},{"Length":31,"Height":40,"Demand":0,"DemandMax":1,"Value":2480},{"Length":54,"Height":85,"Demand":0,"DemandMax":2,"Value":4590},{"Length":49,"Height":46,"Demand":0,"DemandMax":1,"Value":2254},{"Length":84,"Height":73,"Demand":0,"DemandMax":1,"Value":12264},{"Length":12,"Height":39,"Demand":0,"DemandMax":1,"Value":1404},{"Length":84,"Height":80,"Demand":0,"DemandMax":1,"Value":20160},{"Length":26,"Height":29,"Demand":0,"DemandMax":1,"Value":754},{"Length":10,"Height":47,"Demand":0,"DemandMax":1,"Value":470},{"Length":6,"Height":11,"Demand":0,"DemandMax":2,"Value":66},{"Length":23,"Height":27,"Demand":0,"DemandMax":1,"Value":1242},{"Length":62,"Height":78,"Demand":0,"DemandMax":2,"Value":14508},{"Length":24,"Height":29,"Demand":0,"DemandMax":1,"Value":2088},{"Length":3,"Height":21,"Demand":0,"DemandMax":1,"Value":126},{"Length":50,"Height":17,"Demand":0,"DemandMax":1,"Value":2550},{"Length":41,"Height":97,"Demand":0,"DemandMax":1,"Value":11931},{"Length":38,"Height":40,"Demand":0,"DemandMax":1,"Value":1520},{"Length":13,"Height":32,"Demand":0,"DemandMax":1,"Value":416},{"Length":42,"Height":86,"Demand":0,"DemandMax":1,"Value":3612},{"Length":84,"Height":8,"Demand":0,"DemandMax":1,"Value":1344},{"Length":93,"Height":6,"Demand":0,"DemandMax":1,"Value":1116},{"Length":45,"Height":44,"Demand":0,"DemandMax":1,"Value":3960},{"Length":87,"Height":27,"Demand":0,"DemandMax":1,"Value":4698},{"Length":38,"Height":42,"Demand":0,"DemandMax":1,"Value":3192},{"Length":11,"Height":100,"Demand":0,"DemandMax":1,"Value":1100},{"Length":24,"Height":25,"Demand":0,"DemandMax":1,"Value":1800},{"Length":86,"Height":41,"Demand":0,"DemandMax":1,"Value":7052},{"Length":59,"Height":66,"Demand":0,"DemandMax":1,"Value":11682},{"Length":5,"Height":85,"Demand":0,"DemandMax":1,"Value":850},{"Length":72,"Height":81,"Demand":0,"DemandMax":1,"Value":11664},{"Length":9,"Height":81,"Demand":0,"DemandMax":1,"Value":729},{"Length":99,"Height":16,"Demand":0,"DemandMax":1,"Value":3168},{"Length":80,"Height":19,"Demand":0,"DemandMax":1,"Value":1520},{"Length":45,"Height":10,"Demand":0,"DemandMax":1,"Value":450},{"Length":73,"Height":96,"Demand":0,"DemandMax":1,"Value":7008},{"Length":23,"Height":41,"Demand":0,"DemandMax":1,"Value":2829},{"Length":46,"Height":25,"Demand":0,"DemandMax":1,"Value":2300},{"Length":14,"Height":44,"Demand":0,"DemandMax":1,"Value":1848},{"Length":45,"Height":49,"Demand":0,"DemandMax":1,"Value":6615},{"Length":18,"Height":11,"Demand":0,"DemandMax":1,"Value":396},{"Length":25,"Height":23,"Demand":0,"DemandMax":1,"Value":1725},{"Length":100,"Height":41,"Demand":0,"DemandMax":2,"Value":8200},{"Length":79,"Height":5,"Demand":0,"DemandMax":1,"Value":1185},{"Length":49,"Height":7,"Demand":0,"DemandMax":1,"Value":1029},{"Length":83,"Height":26,"Demand":0,"DemandMax":1,"Value":4316},{"Length":62,"Height":82,"Demand":0,"DemandMax":1,"Value":15252},{"Length":12,"Height":35,"Demand":0,"DemandMax":1,"Value":420},{"Length":32,"Height":90,"Demand":0,"DemandMax":1,"Value":8640},{"Length":45,"Height":46,"Demand":0,"DemandMax":1,"Value":2070},{"Length":34,"Height":36,"Demand":0,"DemandMax":1,"Value":1224},{"Length":88,"Height":33,"Demand":0,"DemandMax":1,"Value":2904},{"Length":11,"Height":4,"Demand":0,"DemandMax":1,"Value":132},{"Length":17,"Height":4,"Demand":0,"DemandMax":1,"Value":204},{"Length":46,"Height":49,"Demand":0,"DemandMax":1,"Value":4508},{"Length":55,"Height":91,"Demand":0,"DemandMax":1,"Value":15015},{"Length":6,"Height":98,"Demand":0,"DemandMax":1,"Value":1764},{"Length":7,"Height":15,"Demand":0,"DemandMax":1,"Value":315},{"Length":46,"Height":19,"Demand":0,"DemandMax":2,"Value":2622},{"Length":98,"Height":37,"Demand":0,"DemandMax":1,"Value":7252},{"Length":95,"Height":56,"Demand":0,"DemandMax":1,"Value":5320},{"Length":9,"Height":43,"Demand":0,"DemandMax":1,"Value":387},{"Length":26,"Height":97,"Demand":0,"DemandMax":1,"Value":5044},{"Length":29,"Height":86,"Demand":0,"DemandMax":1,"Value":2494},{"Length":50,"Height":3,"Demand":0,"DemandMax":1,"Value":450},{"Length":80,"Height":20,"Demand":0,"DemandMax":1,"Value":3200},{"Length":92,"Height":79,"Demand":0,"DemandMax":1,"Value":7268},{"Length":40,"Height":43,"Demand":0,"DemandMax":1,"Value":5160},{"Length":74,"Height":97,"Demand":0,"DemandMax":1,"Value":7178},{"Length":42,"Height":98,"Demand":0,"DemandMax":1,"Value":12348},{"Length":17,"Height":79,"Demand":0,"DemandMax":1,"Value":4029},{"Length":7,"Height":35,"Demand":0,"DemandMax":1,"Value":245},{"Length":89,"Height":10,"Demand":0,"DemandMax":1,"Value":1780},{"Length":46,"Height":25,"Demand":0,"DemandMax":1,"Value":1150},{"Length":73,"Height":70,"Demand":0,"DemandMax":1,"Value":5110},{"Length":23,"Height":94,"Demand":0,"DemandMax":1,"Value":2162},{"Length":20,"Height":78,"Demand":0,"DemandMax":1,"Value":1560},{"Length":33,"Height":10,"Demand":0,"DemandMax":1,"Value":330},{"Length":35,"Height":22,"Demand":0,"DemandMax":2,"Value":1540},{"Length":16,"Height":84,"Demand":0,"DemandMax":1,"Value":4032},{"Length":86,"Height":12,"Demand":0,"DemandMax":1,"Value":2064},{"Length":28,"Height":44,"Demand":0,"DemandMax":1,"Value":3696},{"Length":20,"Height":15,"Demand":0,"DemandMax":1,"Value":600},{"Length":45,"Height":92,"Demand":0,"DemandMax":1,"Value":8280},{"Length":8,"Height":45,"Demand":0,"DemandMax":1,"Value":1080},{"Length":87,"Height":26,"Demand":0,"DemandMax":1,"Value":2262},{"Length":32,"Height":92,"Demand":0,"DemandMax":1,"Value":8832},{"Length":9,"Height":24,"Demand":0,"DemandMax":1,"Value":432},{"Length":16,"Height":25,"Demand":0,"DemandMax":1,"Value":800},{"Length":14,"Height":80,"Demand":0,"DemandMax":1,"Value":3360},{"Length":28,"Height":79,"Demand":0,"DemandMax":1,"Value":4424},{"Length":47,"Height":16,"Demand":0,"DemandMax":1,"Value":1504},{"Length":94,"Height":10,"Demand":0,"DemandMax":1,"Value":2820},{"Length":57,"Height":94,"Demand":0,"DemandMax":1,"Value":16074},{"Length":43,"Height":83,"Demand":0,"DemandMax":1,"Value":3569},{"Length":77,"Height":48,"Demand":0,"DemandMax":1,"Value":11088},{"Length":55,"Height":54,"Demand":0,"DemandMax":1,"Value":5940},{"Length":76,"Height":70,"Demand":0,"DemandMax":1,"Value":10640},{"Length":56,"Height":79,"Demand":0,"DemandMax":1,"Value":13272},{"Length":34,"Height":81,"Demand":0,"DemandMax":1,"Value":8262},{"Length":49,"Height":4,"Demand":0,"DemandMax":1,"Value":392},{"Length":77,"Height":65,"Demand":0,"DemandMax":1,"Value":15015},{"Length":39,"Height":3,"Demand":0,"DemandMax":1,"Value":234},{"Length":57,"Height":86,"Demand":0,"DemandMax":1,"Value":4902},{"Length":22,"Height":32,"Demand":0,"DemandMax":1,"Value":1408},{"Length":33,"Height":37,"Demand":0,"DemandMax":1,"Value":3663},{"Length":21,"Height":16,"Demand":0,"DemandMax":1,"Value":672},{"Length":2,"Height":26,"Demand":0,"DemandMax":1,"Value":104},{"Length":5,"Height":49,"Demand":0,"DemandMax":1,"Value":735},{"Length":33,"Height":15,"Demand":0,"DemandMax":1,"Value":495},{"Length":95,"Height":37,"Demand":0,"DemandMax":1,"Value":3515},{"Length":38,"Height":98,"Demand":0,"DemandMax":1,"Value":7448},{"Length":7,"Height":25,"Demand":0,"DemandMax":1,"Value":525},{"Length":79,"Height":76,"Demand":0,"DemandMax":1,"Value":18012},{"Length":14,"Height":84,"Demand":0,"DemandMax":1,"Value":2352},{"Length":3,"Height":50,"Demand":0,"DemandMax":1,"Value":150},{"Length":16,"Height":31,"Demand":0,"DemandMax":1,"Value":1488},{"Length":87,"Height":4,"Demand":0,"DemandMax":1,"Value":1044},{"Length":76,"Height":71,"Demand":0,"DemandMax":1,"Value":10792},{"Length":28,"Height":11,"Demand":0,"DemandMax":1,"Value":308},{"Length":45,"Height":43,"Demand":0,"DemandMax":2,"Value":3870},{"Length":92,"Height":11,"Demand":0,"DemandMax":1,"Value":2024},{"Length":40,"Height":5,"Demand":0,"DemandMax":1,"Value":200},{"Length":54,"Height":53,"Demand":0,"DemandMax":1,"Value":8586},{"Length":72,"Height":65,"Demand":0,"DemandMax":1,"Value":9360},{"Length":2,"Height":82,"Demand":0,"DemandMax":1,"Value":164},{"Length":86,"Height":23,"Demand":0,"DemandMax":1,"Value":1978},{"Length":83,"Height":38,"Demand":0,"DemandMax":1,"Value":6308},{"Length":44,"Height":44,"Demand":0,"DemandMax":1,"Value":5808},{"Length":24,"Height":26,"Demand":0,"DemandMax":1,"Value":1872},{"Length":14,"Height":30,"Demand":0,"DemandMax":1,"Value":420},{"Length":95,"Height":58,"Demand":0,"DemandMax":1,"Value":11020},{"Length":38,"Height":15,"Demand":0,"DemandMax":1,"Value":1710},{"Length":48,"Height":83,"Demand":0,"DemandMax":1,"Value":7968},{"Length":16,"Height":76,"Demand":0,"DemandMax":1,"Value":2432},{"Length":10,"Height":50,"Demand":0,"DemandMax":2,"Value":1500},{"Length":41,"Height":36,"Demand":0,"DemandMax":1,"Value":2952},{"Length":4,"Height":49,"Demand":0,"DemandMax":2,"Value":588},{"Length":100,"Height":14,"Demand":0,"DemandMax":1,"Value":4200},{"Length":50,"Height":30,"Demand":0,"DemandMax":1,"Value":1500},{"Length":50,"Height":28,"Demand":0,"DemandMax":1,"Value":1400},{"Length":96,"Height":52,"Demand":0,"DemandMax":1,"Value":14976},{"Length":82,"Height":85,"Demand":0,"DemandMax":1,"Value":6970},{"Length":48,"Height":97,"Demand":0,"DemandMax":1,"Value":4656},{"Length":84,"Height":94,"Demand":0,"DemandMax":1,"Value":23688},{"Length":20,"Height":76,"Demand":0,"DemandMax":1,"Value":1520},{"Length":86,"Height":39,"Demand":0,"DemandMax":1,"Value":6708},{"Length":47,"Height":34,"Demand":0,"DemandMax":1,"Value":4794},{"Length":88,"Height":45,"Demand":0,"DemandMax":1,"Value":11880},{"Length":39,"Height":21,"Demand":0,"DemandMax":1,"Value":819},{"Length":50,"Height":46,"Demand":0,"DemandMax":1,"Value":2300},{"Length":18,"Height":95,"Demand":0,"DemandMax":1,"Value":3420},{"Length":66,"Height":69,"Demand":0,"DemandMax":1,"Value":9108},{"Length":42,"Height":43,"Demand":0,"DemandMax":1,"Value":1806},{"Length":9,"Height":20,"Demand":0,"DemandMax":1,"Value":540},{"Length":28,"Height":96,"Demand":0,"DemandMax":1,"Value":8064},{"Length":86,"Height":89,"Demand":0,"DemandMax":1,"Value":7654},{"Length":79,"Height":36,"Demand":0,"DemandMax":1,"Value":5688},{"Length":88,"Height":24,"Demand":0,"DemandMax":1,"Value":6336},{"Length":94,"Height":17,"Demand":0,"DemandMax":1,"Value":4794},{"Length":11,"Height":46,"Demand":0,"DemandMax":1,"Value":1012},{"Length":99,"Height":29,"Demand":0,"DemandMax":1,"Value":5742},{"Length":3,"Height":100,"Demand":0,"DemandMax":1,"Value":900},{"Length":40,"Height":36,"Demand":0,"DemandMax":1,"Value":2880},{"Length":44,"Height":87,"Demand":0,"DemandMax":1,"Value":7656},{"Length":2,"Height":2,"Demand":0,"DemandMax":1,"Value":12},{"Length":29,"Height":24,"Demand":0,"DemandMax":1,"Value":1392},{"Length":86,"Height":16,"Demand":0,"DemandMax":1,"Value":2752},{"Length":78,"Height":29,"Demand":0,"DemandMax":1,"Value":6786},{"Length":73,"Height":97,"Demand":0,"DemandMax":1,"Value":21243},{"Length":38,"Height":84,"Demand":0,"DemandMax":1,"Value":3192},{"Length":41,"Height":38,"Demand":0,"DemandMax":1,"Value":1558},{"Length":90,"Height":44,"Demand":0,"DemandMax":1,"Value":11880},{"Length":100,"Height":61,"Demand":0,"DemandMax":1,"Value":18300},{"Length":12,"Height":86,"Demand":0,"DemandMax":1,"Value":2064},{"Length":12,"Height":28,"Demand":0,"DemandMax":1,"Value":1008},{"Length":11,"Height":84,"Demand":0,"DemandMax":1,"Value":924},{"Length":48,"Height":26,"Demand":0,"DemandMax":1,"Value":2496},{"Length":8,"Height":22,"Demand":0,"DemandMax":1,"Value":352},{"Length":11,"Height":99,"Demand":0,"DemandMax":1,"Value":3267},{"Length":72,"Height":100,"Demand":0,"DemandMax":1,"Value":14400},{"Length":91,"Height":27,"Demand":0,"DemandMax":1,"Value":4914},{"Length":14,"Height":91,"Demand":0,"DemandMax":1,"Value":2548},{"Length":92,"Height":3,"Demand":0,"DemandMax":1,"Value":828},{"Length":44,"Height":93,"Demand":0,"DemandMax":1,"Value":4092},{"Length":54,"Height":72,"Demand":0,"DemandMax":1,"Value":11664},{"Length":5,"Height":21,"Demand":0,"DemandMax":1,"Value":315},{"Length":40,"Height":16,"Demand":0,"DemandMax":1,"Value":1280},{"Length":87,"Height":91,"Demand":0,"DemandMax":1,"Value":23751},{"Length":96,"Height":26,"Demand":0,"DemandMax":1,"Value":7488},{"Length":80,"Height":46,"Demand":0,"DemandMax":1,"Value":11040},{"Length":36,"Height":89,"Demand":0,"DemandMax":1,"Value":6408},{"Length":17,"Height":5,"Demand":0,"DemandMax":2,"Value":255},{"Length":84,"Height":24,"Demand":0,"DemandMax":1,"Value":2016},{"Length":82,"Height":43,"Demand":0,"DemandMax":1,"Value":3526},{"Length":47,"Height":93,"Demand":0,"DemandMax":1,"Value":13113},{"Length":85,"Height":67,"Demand":0,"DemandMax":1,"Value":11390},{"Length":31,"Height":22,"Demand":0,"DemandMax":1,"Value":1364},{"Length":2,"Height":79,"Demand":0,"DemandMax":1,"Value":158},{"Length":55,"Height":54,"Demand":0,"DemandMax":1,"Value":8910},{"Length":39,"Height":86,"Demand":0,"DemandMax":1,"Value":10062},{"Length":47,"Height":91,"Demand":0,"DemandMax":1,"Value":8554},{"Length":96,"Height":8,"Demand":0,"DemandMax":1,"Value":2304},{"Length":93,"Height":47,"Demand":0,"DemandMax":1,"Value":8742},{"Length":77,"Height":14,"Demand":0,"DemandMax":1,"Value":1078},{"Length":82,"Height":47,"Demand":0,"DemandMax":1,"Value":3854},{"Length":34,"Height":27,"Demand":0,"DemandMax":1,"Value":918},{"Length":76,"Height":13,"Demand":0,"DemandMax":1,"Value":1976},{"Length":6,"Height":41,"Demand":0,"DemandMax":1,"Value":738},{"Length":50,"Height":97,"Demand":0,"DemandMax":1,"Value":14550},{"Length":70,"Height":72,"Demand":0,"DemandMax":1,"Value":10080},{"Length":14,"Height":98,"Demand":0,"DemandMax":1,"Value":2744},{"Length":98,"Height":61,"Demand":0,"DemandMax":2,"Value":11956},{"Length":29,"Height":16,"Demand":0,"DemandMax":1,"Value":928},{"Length":78,"Height":44,"Demand":0,"DemandMax":1,"Value":3432},{"Length":43,"Height":50,"Demand":0,"DemandMax":1,"Value":2150},{"Length":24,"Height":3,"Demand":0,"DemandMax":1,"Value":72},{"Length":95,"Height":95,"Demand":0,"DemandMax":1,"Value":18050},{"Length":28,"Height":98,"Demand":0,"DemandMax":1,"Value":2744},{"Length":9,"Height":87,"Demand":0,"DemandMax":1,"Value":1566},{"Length":12,"Height":36,"Demand":0,"DemandMax":1,"Value":864},{"Length":85,"Height":64,"Demand":0,"DemandMax":1,"Value":5440},{"Length":100,"Height":81,"Demand":0,"DemandMax":1,"Value":24300},{"Length":88,"Height":11,"Demand":0,"DemandMax":1,"Value":2904},{"Length":30,"Height":37,"Demand":0,"DemandMax":1,"Value":1110},{"Length":80,"Height":35,"Demand":0,"DemandMax":1,"Value":5600},{"Length":23,"Height":89,"Demand":0,"DemandMax":1,"Value":4094},{"Length":21,"Height":48,"Demand":0,"DemandMax":1,"Value":1008},{"Length":26,"Height":28,"Demand":0,"DemandMax":1,"Value":2184},{"Length":43,"Height":7,"Demand":0,"DemandMax":1,"Value":903},{"Length":95,"Height":23,"Demand":0,"DemandMax":1,"Value":4370},{"Length":76,"Height":72,"Demand":0,"DemandMax":1,"Value":5472},{"Length":49,"Height":22,"Demand":0,"DemandMax":1,"Value":2156},{"Length":99,"Height":26,"Demand":0,"DemandMax":1,"Value":7722},{"Length":39,"Height":40,"Demand":0,"DemandMax":1,"Value":1560},{"Length":33,"Height":38,"Demand":0,"DemandMax":1,"Value":3762},{"Length":32,"Height":45,"Demand":0,"DemandMax":1,"Value":1440},{"Length":5,"Height":36,"Demand":0,"DemandMax":1,"Value":180},{"Length":8,"Height":24,"Demand":0,"DemandMax":1,"Value":192},{"Length":26,"Height":34,"Demand":0,"DemandMax":1,"Value":884},{"Length":99,"Height":32,"Demand":0,"DemandMax":1,"Value":9504},{"Length":86,"Height":82,"Demand":0,"DemandMax":1,"Value":7052},{"Length":23,"Height":47,"Demand":0,"DemandMax":1,"Value":1081},{"Length":29,"Height":24,"Demand":0,"DemandMax":1,"Value":2088},{"Length":33,"Height":48,"Demand":0,"DemandMax":1,"Value":3168},{"Length":33,"Height":4,"Demand":0,"DemandMax":1,"Value":132},{"Length":70,"Height":89,"Demand":0,"DemandMax":1,"Value":18690},{"Length":11,"Height":47,"Demand":0,"DemandMax":1,"Value":517},{"Length":74,"Height":86,"Demand":0,"DemandMax":1,"Value":12728},{"Length":31,"Height":43,"Demand":0,"DemandMax":1,"Value":2666},{"Length":28,"Height":12,"Demand":0,"DemandMax":1,"Value":672},{"Length":35,"Height":27,"Demand":0,"DemandMax":1,"Value":1890},{"Length":26,"Height":13,"Demand":0,"DemandMax":1,"Value":1014},{"Length":82,"Height":46,"Demand":0,"DemandMax":1,"Value":11316},{"Length":44,"Height":86,"Demand":0,"DemandMax":1,"Value":11352},{"Length":88,"Height":95,"Demand":0,"DemandMax":1,"Value":25080},{"Length":46,"Height":39,"Demand":0,"DemandMax":1,"Value":1794},{"Length":8,"Height":8,"Demand":0,"DemandMax":1,"Value":64},{"Length":54,"Height":65,"Demand":0,"DemandMax":1,"Value":7020},{"Length":17,"Height":49,"Demand":0,"DemandMax":1,"Value":2499},{"Length":14,"Height":89,"Demand":0,"DemandMax":1,"Value":3738},{"Length":31,"Height":76,"Demand":0,"DemandMax":1,"Value":7068},{"Length":32,"Height":12,"Demand":0,"DemandMax":1,"Value":768},{"Length":73,"Height":64,"Demand":0,"DemandMax":1,"Value":4672},{"Length":79,"Height":81,"Demand":0,"DemandMax":1,"Value":19197},{"Length":85,"Height":55,"Demand":0,"DemandMax":1,"Value":9350},{"Length":49,"Height":86,"Demand":0,"DemandMax":1,"Value":8428},{"Length":33,"Height":33,"Demand":0,"DemandMax":1,"Value":1089},{"Length":79,"Height":26,"Demand":0,"DemandMax":1,"Value":2054},{"Length":3,"Height":49,"Demand":0,"DemandMax":1,"Value":441},{"Length":16,"Height":42,"Demand":0,"DemandMax":1,"Value":1344},{"Length":98,"Height":62,"Demand":0,"DemandMax":1,"Value":12152},{"Length":21,"Height":40,"Demand":0,"DemandMax":1,"Value":840},{"Length":95,"Height":10,"Demand":0,"DemandMax":1,"Value":2850},{"Length":41,"Height":3,"Demand":0,"DemandMax":1,"Value":369},{"Length":31,"Height":45,"Demand":0,"DemandMax":1,"Value":4185},{"Length":89,"Height":4,"Demand":0,"DemandMax":1,"Value":1068},{"Length":79,"Height":74,"Demand":0,"DemandMax":1,"Value":17538},{"Length":37,"Height":32,"Demand":0,"DemandMax":1,"Value":3552},{"Length":44,"Height":14,"Demand":0,"DemandMax":1,"Value":616},{"Length":97,"Height":90,"Demand":0,"DemandMax":1,"Value":17460},{"Length":98,"Height":29,"Demand":0,"DemandMax":1,"Value":8526},{"Length":3,"Height":91,"Demand":0,"DemandMax":1,"Value":273},{"Length":92,"Height":45,"Demand":0,"DemandMax":1,"Value":12420},{"Length":36,"Height":48,"Demand":0,"DemandMax":1,"Value":1728},{"Length":88,"Height":43,"Demand":0,"DemandMax":1,"Value":7568},{"Length":96,"Height":39,"Demand":0,"DemandMax":1,"Value":3744},{"Length":34,"Height":92,"Demand":0,"DemandMax":2,"Value":9384},{"Length":94,"Height":86,"Demand":0,"DemandMax":1,"Value":24252},{"Length":5,"Height":48,"Demand":0,"DemandMax":1,"Value":480},{"Length":96,"Height":34,"Demand":0,"DemandMax":1,"Value":9792},{"Length":39,"Height":84,"Demand":0,"DemandMax":1,"Value":3276},{"Length":24,"Height":10,"Demand":0,"DemandMax":1,"Value":480},{"Length":23,"Height":76,"Demand":0,"DemandMax":1,"Value":1748},{"Length":82,"Height":89,"Demand":0,"DemandMax":1,"Value":21894},{"Length":26,"Height":12,"Demand":0,"DemandMax":1,"Value":312},{"Length":85,"Height":8,"Demand":0,"DemandMax":1,"Value":680},{"Length":7,"Height":93,"Demand":0,"DemandMax":1,"Value":1302},{"Length":85,"Height":4,"Demand":0,"DemandMax":1,"Value":1020},{"Length":9,"Height":6,"Demand":0,"DemandMax":1,"Value":108},{"Length":19,"Height":45,"Demand":0,"DemandMax":1,"Value":1710},{"Length":86,"Height":48,"Demand":0,"DemandMax":1,"Value":4128},{"Length":88,"Height":15,"Demand":0,"DemandMax":1,"Value":1320},{"Length":3,"Height":95,"Demand":0,"DemandMax":1,"Value":285},{"Length":33,"Height":42,"Demand":0,"DemandMax":1,"Value":4158},{"Length":76,"Height":20,"Demand":0,"DemandMax":1,"Value":1520},{"Length":4,"Height":29,"Demand":0,"DemandMax":1,"Value":348},{"Length":7,"Height":93,"Demand":0,"DemandMax":1,"Value":651},{"Length":5,"Height":9,"Demand":0,"DemandMax":1,"Value":135},{"Length":100,"Height":67,"Demand":0,"DemandMax":1,"Value":20100},{"Length":31,"Height":81,"Demand":0,"DemandMax":1,"Value":5022},{"Length":23,"Height":49,"Demand":0,"DemandMax":1,"Value":2254},{"Length":36,"Height":78,"Demand":0,"DemandMax":1,"Value":2808},{"Length":30,"Height":93,"Demand":0,"DemandMax":1,"Value":5580},{"Length":32,"Height":22,"Demand":0,"DemandMax":1,"Value":704},{"Length":42,"Height":80,"Demand":0,"DemandMax":1,"Value":6720},{"Length":100,"Height":35,"Demand":0,"DemandMax":1,"Value":10500},{"Length":6,"Height":49,"Demand":0,"DemandMax":1,"Value":294},{"Length":37,"Height":27,"Demand":0,"DemandMax":1,"Value":1998},{"Length":12,"Height":83,"Demand":0,"DemandMax":1,"Value":2988},{"Length":14,"Height":94,"Demand":0,"DemandMax":1,"Value":3948},{"Length":60,"Height":64,"Demand":0,"DemandMax":1,"Value":11520},{"Length":34,"Height":8,"Demand":0,"DemandMax":1,"Value":544},{"Length":99,"Height":47,"Demand":0,"DemandMax":1,"Value":13959},{"Length":19,"Height":27,"Demand":0,"DemandMax":1,"Value":513},{"Length":85,"Height":78,"Demand":0,"DemandMax":1,"Value":6630},{"Length":86,"Height":33,"Demand":0,"DemandMax":1,"Value":5676},{"Length":44,"Height":89,"Demand":0,"DemandMax":1,"Value":11748},{"Length":4,"Height":83,"Demand":0,"DemandMax":1,"Value":996},{"Length":3,"Height":27,"Demand":0,"DemandMax":1,"Value":81},{"Length":20,"Height":81,"Demand":0,"DemandMax":2,"Value":4860},{"Length":37,"Height":15,"Demand":0,"DemandMax":1,"Value":1665},{"Length":94,"Height":29,"Demand":0,"DemandMax":1,"Value":5452},{"Length":33,"Height":12,"Demand":0,"DemandMax":1,"Value":396},{"Length":94,"Height":19,"Demand":0,"DemandMax":1,"Value":1786},{"Length":86,"Height":69,"Demand":0,"DemandMax":1,"Value":17802},{"Length":4,"Height":17,"Demand":0,"DemandMax":1,"Value":136},{"Length":84,"Height":33,"Demand":0,"DemandMax":1,"Value":5544},{"Length":84,"Height":13,"Demand":0,"DemandMax":1,"Value":3276},{"Length":43,"Height":90,"Demand":0,"DemandMax":1,"Value":3870},{"Length":6,"Height":81,"Demand":0,"DemandMax":1,"Value":972},{"Length":79,"Height":47,"Demand":0,"DemandMax":1,"Value":3713},{"Length":16,"Height":100,"Demand":0,"DemandMax":1,"Value":4800},{"Length":14,"Height":99,"Demand":0,"DemandMax":1,"Value":2772},{"Length":94,"Height":16,"Demand":0,"DemandMax":1,"Value":1504},{"Length":51,"Height":60,"Demand":0,"DemandMax":1,"Value":9180},{"Length":9,"Height":10,"Demand":0,"DemandMax":1,"Value":90},{"Length":36,"Height":8,"Demand":0,"DemandMax":1,"Value":576},{"Length":18,"Height":41,"Demand":0,"DemandMax":1,"Value":2214},{"Length":28,"Height":76,"Demand":0,"DemandMax":1,"Value":6384},{"Length":10,"Height":34,"Demand":0,"DemandMax":2,"Value":340},{"Length":46,"Height":13,"Demand":0,"DemandMax":1,"Value":1196},{"Length":80,"Height":32,"Demand":0,"DemandMax":1,"Value":7680},{"Length":66,"Height":64,"Demand":0,"DemandMax":1,"Value":8448},{"Length":20,"Height":81,"Demand":0,"DemandMax":1,"Value":1620},{"Length":84,"Height":25,"Demand":0,"DemandMax":1,"Value":2100},{"Length":29,"Height":34,"Demand":0,"DemandMax":1,"Value":1972},{"Length":8,"Height":100,"Demand":0,"DemandMax":1,"Value":1600},{"Length":63,"Height":81,"Demand":0,"DemandMax":1,"Value":15309},{"Length":83,"Height":7,"Demand":0,"DemandMax":1,"Value":1162},{"Length":48,"Height":26,"Demand":0,"DemandMax":1,"Value":1248},{"Length":9,"Height":8,"Demand":0,"DemandMax":1,"Value":216},{"Length":48,"Height":40,"Demand":0,"DemandMax":1,"Value":3840},{"Length":95,"Height":59,"Demand":0,"DemandMax":1,"Value":16815},{"Length":95,"Height":28,"Demand":0,"DemandMax":1,"Value":5320},{"Length":42,"Height":6,"Demand":0,"DemandMax":1,"Value":756},{"Length":18,"Height":8,"Demand":0,"DemandMax":1,"Value":432},{"Length":15,"Height":85,"Demand":0,"DemandMax":1,"Value":3825},{"Length":86,"Height":78,"Demand":0,"DemandMax":1,"Value":20124},{"Length":42,"Height":99,"Demand":0,"DemandMax":1,"Value":8316},{"Length":56,"Height":92,"Demand":0,"DemandMax":1,"Value":10304},{"Length":33,"Height":85,"Demand":0,"DemandMax":1,"Value":8415},{"Length":98,"Height":39,"Demand":0,"DemandMax":1,"Value":3822},{"Length":87,"Height":38,"Demand":0,"DemandMax":1,"Value":6612},{"Length":24,"Height":42,"Demand":0,"DemandMax":1,"Value":2016},{"Length":92,"Height":49,"Demand":0,"DemandMax":1,"Value":13524},{"Length":47,"Height":25,"Demand":0,"DemandMax":1,"Value":2350},{"Length":17,"Height":18,"Demand":0,"DemandMax":2,"Value":306},{"Length":38,"Height":85,"Demand":0,"DemandMax":1,"Value":3230},{"Length":44,"Height":48,"Demand":0,"DemandMax":2,"Value":4224},{"Length":18,"Height":2,"Demand":0,"DemandMax":1,"Value":36},{"Length":2,"Height":14,"Demand":0,"DemandMax":1,"Value":84},{"Length":37,"Height":29,"Demand":0,"DemandMax":1,"Value":1073},{"Length":2,"Height":23,"Demand":0,"DemandMax":1,"Value":46},{"Length":19,"Height":22,"Demand":0,"DemandMax":1,"Value":418},{"Length":18,"Height":4,"Demand":0,"DemandMax":1,"Value":144},{"Length":100,"Height":96,"Demand":0,"DemandMax":1,"Value":19200},{"Length":83,"Height":24,"Demand":0,"DemandMax":1,"Value":5976},{"Length":38,"Height":6,"Demand":0,"DemandMax":1,"Value":684},{"Length":5,"Height":93,"Demand":0,"DemandMax":1,"Value":930},{"Length":14,"Height":83,"Demand":0,"DemandMax":1,"Value":2324},{"Length":37,"Height":49,"Demand":0,"DemandMax":1,"Value":1813},{"Length":69,"Height":64,"Demand":0,"DemandMax":1,"Value":13248},{"Length":26,"Height":88,"Demand":0,"DemandMax":1,"Value":4576},{"Length":28,"Height":21,"Demand":0,"DemandMax":1,"Value":1176},{"Length":86,"Height":2,"Demand":0,"DemandMax":1,"Value":344},{"Length":66,"Height":52,"Demand":0,"DemandMax":1,"Value":3432},{"Length":22,"Height":94,"Demand":0,"DemandMax":2,"Value":6204},{"Length":50,"Height":24,"Demand":0,"DemandMax":1,"Value":3600},{"Length":39,"Height":91,"Demand":0,"DemandMax":1,"Value":7098},{"Length":88,"Height":39,"Demand":0,"DemandMax":1,"Value":3432},{"Length":94,"Height":7,"Demand":0,"DemandMax":1,"Value":1316},{"Length":86,"Height":24,"Demand":0,"DemandMax":1,"Value":4128},{"Length":55,"Height":59,"Demand":0,"DemandMax":1,"Value":9735},{"Length":83,"Height":66,"Demand":0,"DemandMax":1,"Value":5478},{"Length":45,"Height":4,"Demand":0,"DemandMax":1,"Value":180},{"Length":5,"Height":90,"Demand":0,"DemandMax":1,"Value":1350},{"Length":86,"Height":40,"Demand":0,"DemandMax":1,"Value":6880},{"Length":49,"Height":81,"Demand":0,"DemandMax":1,"Value":11907},{"Length":41,"Height":85,"Demand":0,"DemandMax":1,"Value":10455},{"Length":32,"Height":40,"Demand":0,"DemandMax":1,"Value":2560},{"Length":22,"Height":97,"Demand":0,"DemandMax":1,"Value":2134},{"Length":23,"Height":100,"Demand":0,"DemandMax":1,"Value":6900},{"Length":76,"Height":27,"Demand":0,"DemandMax":1,"Value":4104},{"Length":38,"Height":11,"Demand":0,"DemandMax":1,"Value":418},{"Length":58,"Height":66,"Demand":0,"DemandMax":1,"Value":7656},{"Length":96,"Height":64,"Demand":0,"DemandMax":1,"Value":12288},{"Length":14,"Height":3,"Demand":0,"DemandMax":1,"Value":42},{"Length":3,"Height":37,"Demand":0,"DemandMax":1,"Value":111},{"Length":27,"Height":43,"Demand":0,"DemandMax":1,"Value":3483},{"Length":46,"Height":93,"Demand":0,"DemandMax":2,"Value":8556},{"Length":96,"Height":61,"Demand":0,"DemandMax":1,"Value":5856},{"Length":7,"Height":12,"Demand":0,"DemandMax":1,"Value":168},{"Length":28,"Height":48,"Demand":0,"DemandMax":1,"Value":2688},{"Length":12,"Height":26,"Demand":0,"DemandMax":1,"Value":936},{"Length":47,"Height":95,"Demand":0,"DemandMax":1,"Value":4465},{"Length":26,"Height":88,"Demand":0,"DemandMax":1,"Value":6864},{"Length":2,"Height":24,"Demand":0,"DemandMax":1,"Value":144},{"Length":76,"Height":13,"Demand":0,"DemandMax":1,"Value":988},{"Length":22,"Height":20,"Demand":0,"DemandMax":1,"Value":880},{"Length":86,"Height":28,"Demand":0,"DemandMax":1,"Value":7224},{"Length":5,"Height":77,"Demand":0,"DemandMax":1,"Value":385},{"Length":91,"Height":50,"Demand":0,"DemandMax":1,"Value":13650},{"Length":94,"Height":44,"Demand":0,"DemandMax":1,"Value":4136},{"Length":39,"Height":49,"Demand":0,"DemandMax":1,"Value":1911},{"Length":14,"Height":28,"Demand":0,"DemandMax":1,"Value":1176},{"Length":91,"Height":63,"Demand":0,"DemandMax":1,"Value":17199},{"Length":81,"Height":26,"Demand":0,"DemandMax":1,"Value":4212},{"Length":96,"Height":84,"Demand":0,"DemandMax":1,"Value":16128},{"Length":46,"Height":18,"Demand":0,"DemandMax":1,"Value":828},{"Length":26,"Height":38,"Demand":0,"DemandMax":1,"Value":2964},{"Length":81,"Height":25,"Demand":0,"DemandMax":1,"Value":6075},{"Length":66,"Height":73,"Demand":0,"DemandMax":1,"Value":4818},{"Length":65,"Height":57,"Demand":0,"DemandMax":1,"Value":3705},{"Length":34,"Height":23,"Demand":0,"DemandMax":1,"Value":782},{"Length":46,"Height":6,"Demand":0,"DemandMax":1,"Value":552},{"Length":97,"Height":27,"Demand":0,"DemandMax":1,"Value":2619},{"Length":2,"Height":88,"Demand":0,"DemandMax":1,"Value":352},{"Length":17,"Height":4,"Demand":0,"DemandMax":1,"Value":136},{"Length":89,"Height":32,"Demand":0,"DemandMax":1,"Value":8544},{"Length":15,"Height":86,"Demand":0,"DemandMax":1,"Value":1290},{"Length":93,"Height":21,"Demand":0,"DemandMax":1,"Value":5859},{"Length":39,"Height":46,"Demand":0,"DemandMax":1,"Value":3588},{"Length":61,"Height":62,"Demand":0,"DemandMax":1,"Value":3782},{"Length":40,"Height":14,"Demand":0,"DemandMax":1,"Value":1680},{"Length":46,"Height":96,"Demand":0,"DemandMax":1,"Value":8832},{"Length":87,"Height":42,"Demand":0,"DemandMax":1,"Value":10962},{"Length":30,"Height":28,"Demand":0,"DemandMax":1,"Value":840},{"Length":84,"Height":24,"Demand":0,"DemandMax":2,"Value":6048},{"Length":9,"Height":10,"Demand":0,"DemandMax":1,"Value":180},{"Length":43,"Height":2,"Demand":0,"DemandMax":1,"Value":258},{"Length":16,"Height":21,"Demand":0,"DemandMax":1,"Value":672},{"Length":16,"Height":37,"Demand":0,"DemandMax":1,"Value":1184},{"Length":29,"Height":10,"Demand":0,"DemandMax":1,"Value":870},{"Length":27,"Height":15,"Demand":0,"DemandMax":1,"Value":1215},{"Length":76,"Height":64,"Demand":0,"DemandMax":1,"Value":9728},{"Length":40,"Height":31,"Demand":0,"DemandMax":1,"Value":3720},{"Length":52,"Height":91,"Demand":0,"DemandMax":1,"Value":9464},{"Length":63,"Height":92,"Demand":0,"DemandMax":1,"Value":5796},{"Length":83,"Height":94,"Demand":0,"DemandMax":1,"Value":7802},{"Length":79,"Height":38,"Demand":0,"DemandMax":1,"Value":6004},{"Length":39,"Height":88,"Demand":0,"DemandMax":1,"Value":6864},{"Length":9,"Height":78,"Demand":0,"DemandMax":1,"Value":702},{"Length":11,"Height":41,"Demand":0,"DemandMax":1,"Value":902},{"Length":47,"Height":13,"Demand":0,"DemandMax":1,"Value":611},{"Length":43,"Height":41,"Demand":0,"DemandMax":2,"Value":3526},{"Length":50,"Height":10,"Demand":0,"DemandMax":1,"Value":1000},{"Length":32,"Height":11,"Demand":0,"DemandMax":1,"Value":704},{"Length":6,"Height":38,"Demand":0,"DemandMax":1,"Value":684},{"Length":5,"Height":94,"Demand":0,"DemandMax":1,"Value":1410},{"Length":39,"Height":76,"Demand":0,"DemandMax":1,"Value":5928},{"Length":80,"Height":74,"Demand":0,"DemandMax":1,"Value":17760},{"Length":47,"Height":78,"Demand":0,"DemandMax":1,"Value":7332},{"Length":14,"Height":22,"Demand":0,"DemandMax":1,"Value":308},{"Length":42,"Height":23,"Demand":0,"DemandMax":1,"Value":1932},{"Length":97,"Height":9,"Demand":0,"DemandMax":1,"Value":873},{"Length":90,"Height":42,"Demand":0,"DemandMax":1,"Value":3780},{"Length":53,"Height":64,"Demand":0,"DemandMax":1,"Value":3392},{"Length":25,"Height":12,"Demand":0,"DemandMax":1,"Value":300},{"Length":74,"Height":88,"Demand":0,"DemandMax":1,"Value":19536},{"Length":47,"Height":37,"Demand":0,"DemandMax":1,"Value":5217},{"Length":17,"Height":94,"Demand":0,"DemandMax":1,"Value":1598},{"Length":79,"Height":81,"Demand":0,"DemandMax":1,"Value":6399},{"Length":79,"Height":27,"Demand":0,"DemandMax":1,"Value":2133},{"Length":96,"Height":33,"Demand":0,"DemandMax":1,"Value":6336},{"Length":87,"Height":21,"Demand":0,"DemandMax":1,"Value":5481},{"Length":28,"Height":9,"Demand":0,"DemandMax":1,"Value":252},{"Length":41,"Height":20,"Demand":0,"DemandMax":2,"Value":2460},{"Length":100,"Height":39,"Demand":0,"DemandMax":1,"Value":7800},{"Length":43,"Height":98,"Demand":0,"DemandMax":1,"Value":12642},{"Length":96,"Height":86,"Demand":0,"DemandMax":1,"Value":16512},{"Length":72,"Height":94,"Demand":0,"DemandMax":1,"Value":6768},{"Length":77,"Height":100,"Demand":0,"DemandMax":1,"Value":15400},{"Length":44,"Height":29,"Demand":0,"DemandMax":1,"Value":3828},{"Length":87,"Height":41,"Demand":0,"DemandMax":1,"Value":10701},{"Length":88,"Height":60,"Demand":0,"DemandMax":1,"Value":5280},{"Length":50,"Height":77,"Demand":0,"DemandMax":1,"Value":7700},{"Length":85,"Height":74,"Demand":0,"DemandMax":1,"Value":18870},{"Length":2,"Height":2,"Demand":0,"DemandMax":1,"Value":4},{"Length":11,"Height":41,"Demand":0,"DemandMax":1,"Value":451},{"Length":26,"Height":85,"Demand":0,"DemandMax":1,"Value":6630},{"Length":27,"Height":98,"Demand":0,"DemandMax":1,"Value":7938},{"Length":41,"Height":8,"Demand":0,"DemandMax":1,"Value":984},{"Length":32,"Height":83,"Demand":0,"DemandMax":1,"Value":2656},{"Length":34,"Height":91,"Demand":0,"DemandMax":1,"Value":9282},{"Length":39,"Height":88,"Demand":0,"DemandMax":1,"Value":3432},{"Length":76,"Height":76,"Demand":0,"DemandMax":1,"Value":5776},{"Length":5,"Height":81,"Demand":0,"DemandMax":1,"Value":810},{"Length":12,"Height":87,"Demand":0,"DemandMax":1,"Value":2088},{"Length":97,"Height":46,"Demand":0,"DemandMax":1,"Value":4462},{"Length":84,"Height":89,"Demand":0,"DemandMax":1,"Value":22428},{"Length":89,"Height":60,"Demand":0,"DemandMax":1,"Value":10680},{"Length":12,"Height":44,"Demand":0,"DemandMax":1,"Value":528},{"Length":89,"Height":15,"Demand":0,"DemandMax":1,"Value":4005},{"Length":69,"Height":90,"Demand":0,"DemandMax":1,"Value":6210},{"Length":16,"Height":43,"Demand":0,"DemandMax":1,"Value":2064},{"Length":77,"Height":37,"Demand":0,"DemandMax":1,"Value":8547},{"Length":18,"Height":92,"Demand":0,"DemandMax":1,"Value":3312},{"Length":42,"Height":24,"Demand":0,"DemandMax":1,"Value":2016},{"Length":7,"Height":91,"Demand":0,"DemandMax":1,"Value":637},{"Length":3,"Height":94,"Demand":0,"DemandMax":1,"Value":564},{"Length":78,"Height":54,"Demand":0,"DemandMax":1,"Value":4212},{"Length":84,"Height":23,"Demand":0,"DemandMax":1,"Value":1932},{"Length":32,"Height":15,"Demand":0,"DemandMax":1,"Value":960},{"Length":19,"Height":97,"Demand":0,"DemandMax":1,"Value":5529},{"Length":10,"Height":80,"Demand":0,"DemandMax":1,"Value":1600},{"Length":46,"Height":38,"Demand":0,"DemandMax":1,"Value":5244},{"Length":29,"Height":19,"Demand":0,"DemandMax":1,"Value":1102},{"Length":95,"Height":69,"Demand":0,"DemandMax":1,"Value":6555},{"Length":8,"Height":19,"Demand":0,"DemandMax":1,"Value":304},{"Length":86,"Height":36,"Demand":0,"DemandMax":1,"Value":6192},{"Length":12,"Height":17,"Demand":0,"DemandMax":1,"Value":408},{"Length":87,"Height":39,"Demand":0,"DemandMax":1,"Value":3393},{"Length":4,"Height":34,"Demand":0,"DemandMax":1,"Value":408},{"Length":81,"Height":67,"Demand":0,"DemandMax":1,"Value":10854},{"Length":10,"Height":49,"Demand":0,"DemandMax":1,"Value":1470},{"Length":35,"Height":17,"Demand":0,"DemandMax":1,"Value":595},{"Length":15,"Height":41,"Demand":0,"DemandMax":1,"Value":1230},{"Length":11,"Height":23,"Demand":0,"DemandMax":1,"Value":506},{"Length":30,"Height":47,"Demand":0,"DemandMax":1,"Value":1410},{"Length":38,"Height":21,"Demand":0,"DemandMax":1,"Value":2394},{"Length":13,"Height":81,"Demand":0,"DemandMax":1,"Value":2106},{"Length":77,"Height":39,"Demand":0,"DemandMax":1,"Value":6006},{"Length":67,"Height":73,"Demand":0,"DemandMax":1,"Value":9782},{"Length":17,"Height":9,"Demand":0,"DemandMax":1,"Value":153},{"Length":13,"Height":26,"Demand":0,"DemandMax":1,"Value":338},{"Length":47,"Height":76,"Demand":0,"DemandMax":1,"Value":10716},{"Length":29,"Height":12,"Demand":0,"DemandMax":1,"Value":696},{"Length":23,"Height":13,"Demand":0,"DemandMax":1,"Value":299},{"Length":55,"Height":71,"Demand":0,"DemandMax":1,"Value":11715},{"Length":17,"Height":49,"Demand":0,"DemandMax":1,"Value":1666},{"Length":7,"Height":5,"Demand":0,"DemandMax":1,"Value":70},{"Length":55,"Height":72,"Demand":0,"DemandMax":1,"Value":11880},{"Length":6,"Height":13,"Demand":0,"DemandMax":1,"Value":234},{"Length":26,"Height":49,"Demand":0,"DemandMax":1,"Value":3822},{"Length":38,"Height":44,"Demand":0,"DemandMax":1,"Value":5016},{"Length":21,"Height":19,"Demand":0,"DemandMax":1,"Value":1197},{"Length":49,"Height":32,"Demand":0,"DemandMax":1,"Value":3136},{"Length":75,"Height":52,"Demand":0,"DemandMax":1,"Value":3900},{"Length":79,"Height":42,"Demand":0,"DemandMax":1,"Value":9954},{"Length":50,"Height":81,"Demand":0,"DemandMax":1,"Value":4050},{"Length":25,"Height":87,"Demand":0,"DemandMax":1,"Value":2175},{"Length":30,"Height":96,"Demand":0,"DemandMax":1,"Value":2880},{"Length":63,"Height":79,"Demand":0,"DemandMax":1,"Value":9954},{"Length":7,"Height":20,"Demand":0,"DemandMax":1,"Value":420},{"Length":39,"Height":6,"Demand":0,"DemandMax":1,"Value":234},{"Length":63,"Height":100,"Demand":0,"DemandMax":1,"Value":18900},{"Length":79,"Height":26,"Demand":0,"DemandMax":1,"Value":6162},{"Length":8,"Height":31,"Demand":0,"DemandMax":1,"Value":744},{"Length":8,"Height":93,"Demand":0,"DemandMax":1,"Value":744},{"Length":76,"Height":88,"Demand":0,"DemandMax":1,"Value":13376},{"Length":8,"Height":80,"Demand":0,"DemandMax":1,"Value":1280},{"Length":87,"Height":9,"Demand":0,"DemandMax":1,"Value":783},{"Length":45,"Height":17,"Demand":0,"DemandMax":1,"Value":765},{"Length":83,"Height":20,"Demand":0,"DemandMax":1,"Value":4980},{"Length":8,"Height":41,"Demand":0,"DemandMax":1,"Value":984},{"Length":6,"Height":85,"Demand":0,"DemandMax":1,"Value":510},{"Length":98,"Height":7,"Demand":0,"DemandMax":1,"Value":1372},{"Length":93,"Height":16,"Demand":0,"DemandMax":1,"Value":2976},{"Length":27,"Height":95,"Demand":0,"DemandMax":1,"Value":2565},{"Length":34,"Height":49,"Demand":0,"DemandMax":1,"Value":1666},{"Length":53,"Height":98,"Demand":0,"DemandMax":1,"Value":10388},{"Length":47,"Height":42,"Demand":0,"DemandMax":1,"Value":5922},{"Length":24,"Height":99,"Demand":0,"DemandMax":1,"Value":7128},{"Length":7,"Height":10,"Demand":0,"DemandMax":1,"Value":70},{"Length":25,"Height":87,"Demand":0,"DemandMax":1,"Value":4350},{"Length":61,"Height":98,"Demand":0,"DemandMax":1,"Value":17934},{"Length":27,"Height":84,"Demand":0,"DemandMax":1,"Value":4536},{"Length":63,"Height":93,"Demand":0,"DemandMax":1,"Value":17577},{"Length":29,"Height":39,"Demand":0,"DemandMax":2,"Value":1131},{"Length":33,"Height":100,"Demand":0,"DemandMax":1,"Value":9900},{"Length":89,"Height":79,"Demand":0,"DemandMax":1,"Value":14062},{"Length":11,"Height":86,"Demand":0,"DemandMax":1,"Value":2838},{"Length":30,"Height":33,"Demand":0,"DemandMax":2,"Value":1980},{"Length":13,"Height":37,"Demand":0,"DemandMax":1,"Value":481},{"Length":32,"Height":32,"Demand":0,"DemandMax":1,"Value":3072},{"Length":5,"Height":14,"Demand":0,"DemandMax":1,"Value":140},{"Length":59,"Height":62,"Demand":0,"DemandMax":1,"Value":3658},{"Length":64,"Height":73,"Demand":0,"DemandMax":1,"Value":4672},{"Length":25,"Height":85,"Demand":0,"DemandMax":1,"Value":4250},{"Length":28,"Height":15,"Demand":0,"DemandMax":1,"Value":420},{"Length":88,"Height":38,"Demand":0,"DemandMax":1,"Value":10032},{"Length":23,"Height":20,"Demand":0,"DemandMax":1,"Value":920},{"Length":19,"Height":39,"Demand":0,"DemandMax":1,"Value":2223},{"Length":9,"Height":88,"Demand":0,"DemandMax":1,"Value":2376},{"Length":14,"Height":44,"Demand":0,"DemandMax":1,"Value":1232},{"Length":39,"Height":87,"Demand":0,"DemandMax":1,"Value":6786},{"Length":52,"Height":95,"Demand":0,"DemandMax":1,"Value":9880},{"Length":31,"Height":84,"Demand":0,"DemandMax":1,"Value":7812},{"Length":38,"Height":49,"Demand":0,"DemandMax":1,"Value":1862},{"Length":78,"Height":53,"Demand":0,"DemandMax":1,"Value":8268},{"Length":23,"Height":44,"Demand":0,"DemandMax":1,"Value":1012},{"Length":82,"Height":43,"Demand":0,"DemandMax":1,"Value":7052},{"Length":43,"Height":19,"Demand":0,"DemandMax":1,"Value":1634},{"Length":50,"Height":23,"Demand":0,"DemandMax":1,"Value":2300},{"Length":41,"Height":8,"Demand":0,"DemandMax":1,"Value":656},{"Length":41,"Height":24,"Demand":0,"DemandMax":1,"Value":1968},{"Length":44,"Height":30,"Demand":0,"DemandMax":1,"Value":3960},{"Length":20,"Height":33,"Demand":0,"DemandMax":1,"Value":660},{"Length":71,"Height":89,"Demand":0,"DemandMax":1,"Value":12638},{"Length":98,"Height":18,"Demand":0,"DemandMax":2,"Value":5292},{"Length":69,"Height":68,"Demand":0,"DemandMax":1,"Value":14076},{"Length":81,"Height":29,"Demand":0,"DemandMax":1,"Value":2349},{"Length":57,"Height":88,"Demand":0,"DemandMax":1,"Value":5016},{"Length":43,"Height":4,"Demand":0,"DemandMax":1,"Value":172},{"Length":16,"Height":99,"Demand":0,"DemandMax":1,"Value":1584},{"Length":97,"Height":44,"Demand":0,"DemandMax":1,"Value":12804},{"Length":32,"Height":6,"Demand":0,"DemandMax":1,"Value":576},{"Length":44,"Height":7,"Demand":0,"DemandMax":1,"Value":616},{"Length":97,"Height":26,"Demand":0,"DemandMax":1,"Value":2522},{"Length":83,"Height":36,"Demand":0,"DemandMax":1,"Value":2988},{"Length":99,"Height":82,"Demand":0,"DemandMax":1,"Value":16236},{"Length":44,"Height":41,"Demand":0,"DemandMax":1,"Value":3608},{"Length":87,"Height":67,"Demand":0,"DemandMax":1,"Value":5829},{"Length":18,"Height":39,"Demand":0,"DemandMax":1,"Value":702},{"Length":84,"Height":7,"Demand":0,"DemandMax":1,"Value":1764},{"Length":72,"Height":90,"Demand":0,"DemandMax":1,"Value":6480},{"Length":66,"Height":60,"Demand":0,"DemandMax":1,"Value":3960},{"Length":19,"Height":81,"Demand":0,"DemandMax":1,"Value":4617},{"Length":80,"Height":42,"Demand":0,"DemandMax":1,"Value":3360},{"Length":17,"Height":79,"Demand":0,"DemandMax":1,"Value":2686},{"Length":24,"Height":41,"Demand":0,"DemandMax":1,"Value":984},{"Length":47,"Height":97,"Demand":0,"DemandMax":1,"Value":13677},{"Length":6,"Height":5,"Demand":0,"DemandMax":1,"Value":90},{"Length":82,"Height":9,"Demand":0,"DemandMax":1,"Value":738},{"Length":88,"Height":41,"Demand":0,"DemandMax":1,"Value":7216},{"Length":92,"Height":98,"Demand":0,"DemandMax":1,"Value":9016},{"Length":37,"Height":27,"Demand":0,"DemandMax":1,"Value":2997},{"Length":31,"Height":94,"Demand":0,"DemandMax":1,"Value":5828},{"Length":97,"Height":35,"Demand":0,"DemandMax":1,"Value":3395},{"Length":95,"Height":24,"Demand":0,"DemandMax":1,"Value":2280},{"Length":100,"Height":46,"Demand":0,"DemandMax":1,"Value":9200},{"Length":83,"Height":80,"Demand":0,"DemandMax":1,"Value":19920},{"Length":20,"Height":38,"Demand":0,"DemandMax":1,"Value":2280},{"Length":3,"Height":24,"Demand":0,"DemandMax":1,"Value":72},{"Length":79,"Height":82,"Demand":0,"DemandMax":1,"Value":12956},{"Length":96,"Height":73,"Demand":0,"DemandMax":1,"Value":21024},{"Length":20,"Height":24,"Demand":0,"DemandMax":1,"Value":960},{"Length":79,"Height":56,"Demand":0,"DemandMax":1,"Value":4424},{"Length":6,"Height":24,"Demand":0,"DemandMax":1,"Value":288},{"Length":32,"Height":2,"Demand":0,"DemandMax":1,"Value":64},{"Length":9,"Height":91,"Demand":0,"DemandMax":1,"Value":1638},{"Length":88,"Height":75,"Demand":0,"DemandMax":1,"Value":6600},{"Length":59,"Height":81,"Demand":0,"DemandMax":1,"Value":14337},{"Length":66,"Height":63,"Demand":0,"DemandMax":1,"Value":8316},{"Length":78,"Height":8,"Demand":0,"DemandMax":1,"Value":624},{"Length":15,"Height":46,"Demand":0,"DemandMax":1,"Value":2070},{"Length":89,"Height":62,"Demand":0,"DemandMax":1,"Value":5518},{"Length":74,"Height":86,"Demand":0,"DemandMax":1,"Value":6364},{"Length":14,"Height":2,"Demand":0,"DemandMax":1,"Value":28},{"Length":92,"Height":7,"Demand":0,"DemandMax":1,"Value":1288},{"Length":95,"Height":44,"Demand":0,"DemandMax":1,"Value":4180},{"Length":36,"Height":47,"Demand":0,"DemandMax":1,"Value":5076},{"Length":18,"Height":49,"Demand":0,"DemandMax":1,"Value":1764},{"Length":18,"Height":5,"Demand":0,"DemandMax":1,"Value":90},{"Length":42,"Height":31,"Demand":0,"DemandMax":1,"Value":2604},{"Length":11,"Height":79,"Demand":0,"DemandMax":1,"Value":869},{"Length":38,"Height":31,"Demand":0,"DemandMax":1,"Value":3534},{"Length":26,"Height":97,"Demand":0,"DemandMax":1,"Value":2522},{"Length":97,"Height":31,"Demand":0,"DemandMax":1,"Value":3007},{"Length":88,"Height":10,"Demand":0,"DemandMax":1,"Value":1760},{"Length":14,"Height":19,"Demand":0,"DemandMax":1,"Value":266},{"Length":84,"Height":78,"Demand":0,"DemandMax":1,"Value":19656},{"Length":3,"Height":20,"Demand":0,"DemandMax":1,"Value":120},{"Length":37,"Height":28,"Demand":0,"DemandMax":1,"Value":3108},{"Length":20,"Height":30,"Demand":0,"DemandMax":1,"Value":600},{"Length":40,"Height":24,"Demand":0,"DemandMax":1,"Value":2880},{"Length":88,"Height":30,"Demand":0,"DemandMax":1,"Value":2640},{"Length":37,"Height":86,"Demand":0,"DemandMax":1,"Value":6364},{"Length":10,"Height":33,"Demand":0,"DemandMax":1,"Value":330},{"Length":20,"Height":96,"Demand":0,"DemandMax":1,"Value":1920},{"Length":85,"Height":32,"Demand":0,"DemandMax":1,"Value":2720},{"Length":20,"Height":39,"Demand":0,"DemandMax":1,"Value":2340},{"Length":16,"Height":35,"Demand":0,"DemandMax":1,"Value":1680},{"Length":94,"Height":22,"Demand":0,"DemandMax":1,"Value":2068},{"Length":16,"Height":33,"Demand":0,"DemandMax":1,"Value":1584},{"Length":95,"Height":100,"Demand":0,"DemandMax":1,"Value":19000},{"Length":20,"Height":81,"Demand":0,"DemandMax":1,"Value":3240},{"Length":15,"Height":92,"Demand":0,"DemandMax":1,"Value":1380},{"Length":16,"Height":9,"Demand":0,"DemandMax":1,"Value":288},{"Length":52,"Height":99,"Demand":0,"DemandMax":1,"Value":10296},{"Length":31,"Height":36,"Demand":0,"DemandMax":1,"Value":1116},{"Length":19,"Height":82,"Demand":0,"DemandMax":1,"Value":1558},{"Length":41,"Height":50,"Demand":0,"DemandMax":1,"Value":6150},{"Length":86,"Height":20,"Demand":0,"DemandMax":1,"Value":3440},{"Length":43,"Height":13,"Demand":0,"DemandMax":1,"Value":559},{"Length":9,"Height":4,"Demand":0,"DemandMax":1,"Value":72},{"Length":16,"Height":15,"Demand":0,"DemandMax":1,"Value":480},{"Length":76,"Height":66,"Demand":0,"DemandMax":1,"Value":5016},{"Length":90,"Height":81,"Demand":0,"DemandMax":1,"Value":21870},{"Length":90,"Height":43,"Demand":0,"DemandMax":1,"Value":3870},{"Length":7,"Height":34,"Demand":0,"DemandMax":1,"Value":238},{"Length":13,"Height":90,"Demand":0,"DemandMax":1,"Value":1170},{"Length":97,"Height":29,"Demand":0,"DemandMax":1,"Value":2813},{"Length":79,"Height":88,"Demand":0,"DemandMax":1,"Value":20856},{"Length":22,"Height":87,"Demand":0,"DemandMax":1,"Value":5742},{"Length":7,"Height":4,"Demand":0,"DemandMax":1,"Value":28},{"Length":90,"Height":40,"Demand":0,"DemandMax":1,"Value":7200},{"Length":15,"Height":88,"Demand":0,"DemandMax":1,"Value":2640},{"Length":23,"Height":28,"Demand":0,"DemandMax":1,"Value":1932},{"Length":96,"Height":41,"Demand":0,"DemandMax":1,"Value":11808},{"Length":11,"Height":12,"Demand":0,"DemandMax":1,"Value":396},{"Length":100,"Height":6,"Demand":0,"DemandMax":1,"Value":1800},{"Length":24,"Height":20,"Demand":0,"DemandMax":1,"Value":1440},{"Length":17,"Height":20,"Demand":0,"DemandMax":1,"Value":680},{"Length":82,"Height":52,"Demand":0,"DemandMax":1,"Value":12792},{"Length":81,"Height":22,"Demand":0,"DemandMax":1,"Value":1782},{"Length":86,"Height":72,"Demand":0,"DemandMax":1,"Value":6192},{"Length":53,"Height":82,"Demand":0,"DemandMax":1,"Value":4346},{"Length":77,"Height":63,"Demand":0,"DemandMax":1,"Value":14553},{"Length":82,"Height":24,"Demand":0,"DemandMax":1,"Value":5904},{"Length":83,"Height":41,"Demand":0,"DemandMax":1,"Value":6806},{"Length":3,"Height":35,"Demand":0,"DemandMax":1,"Value":105},{"Length":23,"Height":26,"Demand":0,"DemandMax":1,"Value":1196},{"Length":14,"Height":78,"Demand":0,"DemandMax":1,"Value":2184},{"Length":98,"Height":29,"Demand":0,"DemandMax":1,"Value":5684},{"Length":76,"Height":14,"Demand":0,"DemandMax":1,"Value":1064},{"Length":5,"Height":3,"Demand":0,"DemandMax":1,"Value":30},{"Length":84,"Height":47,"Demand":0,"DemandMax":1,"Value":3948},{"Length":69,"Height":88,"Demand":0,"DemandMax":1,"Value":6072},{"Length":90,"Height":99,"Demand":0,"DemandMax":1,"Value":26730},{"Length":18,"Height":92,"Demand":0,"DemandMax":1,"Value":1656},{"Length":34,"Height":17,"Demand":0,"DemandMax":1,"Value":1156},{"Length":43,"Height":100,"Demand":0,"DemandMax":1,"Value":8600},{"Length":9,"Height":38,"Demand":0,"DemandMax":1,"Value":342},{"Length":77,"Height":99,"Demand":0,"DemandMax":1,"Value":7623},{"Length":75,"Height":77,"Demand":0,"DemandMax":1,"Value":5775},{"Length":80,"Height":9,"Demand":0,"DemandMax":1,"Value":720},{"Length":83,"Height":23,"Demand":0,"DemandMax":1,"Value":3818},{"Length":99,"Height":69,"Demand":0,"DemandMax":1,"Value":13662},{"Length":17,"Height":38,"Demand":0,"DemandMax":1,"Value":1292},{"Length":46,"Height":22,"Demand":0,"DemandMax":1,"Value":3036},{"Length":42,"Height":15,"Demand":0,"DemandMax":1,"Value":1890},{"Length":32,"Height":32,"Demand":0,"DemandMax":1,"Value":1024},{"Length":16,"Height":90,"Demand":0,"DemandMax":1,"Value":1440},{"Length":12,"Height":17,"Demand":0,"DemandMax":1,"Value":204},{"Length":83,"Height":65,"Demand":0,"DemandMax":1,"Value":10790},{"Length":3,"Height":34,"Demand":0,"DemandMax":1,"Value":204},{"Length":10,"Height":94,"Demand":0,"DemandMax":1,"Value":2820},{"Length":93,"Height":40,"Demand":0,"DemandMax":1,"Value":7440},{"Length":9,"Height":42,"Demand":0,"DemandMax":1,"Value":756},{"Length":77,"Height":46,"Demand":0,"DemandMax":1,"Value":3542},{"Length":93,"Height":33,"Demand":0,"DemandMax":1,"Value":3069},{"Length":87,"Height":40,"Demand":0,"DemandMax":1,"Value":10440},{"Length":7,"Height":89,"Demand":0,"DemandMax":1,"Value":1246},{"Length":69,"Height":92,"Demand":0,"DemandMax":1,"Value":6348},{"Length":10,"Height":90,"Demand":0,"DemandMax":1,"Value":900},{"Length":84,"Height":4,"Demand":0,"DemandMax":1,"Value":672},{"Length":98,"Height":42,"Demand":0,"DemandMax":1,"Value":8232},{"Length":12,"Height":84,"Demand":0,"DemandMax":1,"Value":1008},{"Length":45,"Height":13,"Demand":0,"DemandMax":1,"Value":1170},{"Length":47,"Height":21,"Demand":0,"DemandMax":1,"Value":1974},{"Length":43,"Height":97,"Demand":0,"DemandMax":1,"Value":8342},{"Length":4,"Height":19,"Demand":0,"DemandMax":1,"Value":228},{"Length":89,"Height":25,"Demand":0,"DemandMax":1,"Value":2225},{"Length":10,"Height":91,"Demand":0,"DemandMax":1,"Value":1820},{"Length":57,"Height":98,"Demand":0,"DemandMax":1,"Value":11172},{"Length":33,"Height":12,"Demand":0,"DemandMax":1,"Value":792},{"Length":27,"Height":92,"Demand":0,"DemandMax":1,"Value":2484},{"Length":78,"Height":10,"Demand":0,"DemandMax":1,"Value":2340},{"Length":37,"Height":88,"Demand":0,"DemandMax":1,"Value":9768},{"Length":26,"Height":96,"Demand":0,"DemandMax":1,"Value":2496},{"Length":28,"Height":27,"Demand":0,"DemandMax":1,"Value":756},{"Length":100,"Height":50,"Demand":0,"DemandMax":1,"Value":15000},{"Length":100,"Height":2,"Demand":0,"DemandMax":1,"Value":400},{"Length":83,"Height":34,"Demand":0,"DemandMax":1,"Value":5644},{"Length":36,"Height":23,"Demand":0,"DemandMax":1,"Value":1656},{"Length":78,"Height":25,"Demand":0,"DemandMax":1,"Value":5850},{"Length":18,"Height":25,"Demand":0,"DemandMax":1,"Value":900},{"Length":87,"Height":4,"Demand":0,"DemandMax":1,"Value":696},{"Length":3,"Height":44,"Demand":0,"DemandMax":1,"Value":264},{"Length":38,"Height":38,"Demand":0,"DemandMax":1,"Value":1444},{"Length":8,"Height":7,"Demand":0,"DemandMax":1,"Value":112},{"Length":48,"Height":50,"Demand":0,"DemandMax":1,"Value":4800},{"Length":64,"Height":64,"Demand":0,"DemandMax":1,"Value":4096},{"Length":39,"Height":27,"Demand":0,"DemandMax":1,"Value":1053},{"Length":49,"Height":82,"Demand":0,"DemandMax":1,"Value":12054},{"Length":70,"Height":96,"Demand":0,"DemandMax":1,"Value":6720},{"Length":86,"Height":22,"Demand":0,"DemandMax":1,"Value":3784},{"Length":77,"Height":6,"Demand":0,"DemandMax":1,"Value":924},{"Length":21,"Height":23,"Demand":0,"DemandMax":1,"Value":1449},{"Length":9,"Height":93,"Demand":0,"DemandMax":1,"Value":2511},{"Length":89,"Height":55,"Demand":0,"DemandMax":1,"Value":9790},{"Length":62,"Height":86,"Demand":0,"DemandMax":1,"Value":10664},{"Length":16,"Height":80,"Demand":0,"DemandMax":1,"Value":1280},{"Length":42,"Height":80,"Demand":0,"DemandMax":1,"Value":10080},{"Length":92,"Height":56,"Demand":0,"DemandMax":1,"Value":5152},{"Length":20,"Height":91,"Demand":0,"DemandMax":1,"Value":3640},{"Length":92,"Height":67,"Demand":0,"DemandMax":1,"Value":6164},{"Length":24,"Height":16,"Demand":0,"DemandMax":1,"Value":1152},{"Length":81,"Height":17,"Demand":0,"DemandMax":1,"Value":2754},{"Length":25,"Height":29,"Demand":0,"DemandMax":1,"Value":1450},{"Length":91,"Height":38,"Demand":0,"DemandMax":1,"Value":6916},{"Length":89,"Height":40,"Demand":0,"DemandMax":1,"Value":10680},{"Length":50,"Height":31,"Demand":0,"DemandMax":1,"Value":1550},{"Length":83,"Height":24,"Demand":0,"DemandMax":1,"Value":1992},{"Length":10,"Height":81,"Demand":0,"DemandMax":1,"Value":1620},{"Length":14,"Height":16,"Demand":0,"DemandMax":1,"Value":672},{"Length":88,"Height":25,"Demand":0,"DemandMax":1,"Value":2200},{"Length":43,"Height":29,"Demand":0,"DemandMax":1,"Value":1247},{"Length":89,"Height":52,"Demand":0,"DemandMax":1,"Value":4628},{"Length":49,"Height":16,"Demand":0,"DemandMax":1,"Value":2352},{"Length":57,"Height":56,"Demand":0,"DemandMax":1,"Value":3192},{"Length":37,"Height":33,"Demand":0,"DemandMax":1,"Value":2442},{"Length":98,"Height":14,"Demand":0,"DemandMax":1,"Value":1372},{"Length":8,"Height":15,"Demand":0,"DemandMax":1,"Value":360},{"Length":89,"Height":98,"Demand":0,"DemandMax":1,"Value":17444},{"Length":11,"Height":11,"Demand":0,"DemandMax":1,"Value":121}]}