{"Name":"ngcutfs2_41","Objects":[{"Length":100,"Height":100,"Stock":null,"Cost":10000}],"Items":[{"Length":48,"Height":8,"Demand":0,"DemandMax":3,"Value":768},{"Length":26,"Height":94,"Demand":0,"DemandMax":3,"Value":7332},{"Length":20,"Height":99,"Demand":0,"DemandMax":3,"Value":3960},{"Length":89,"Height":15,"Demand":0,"DemandMax":3,"Value":4005},{"Length":39,"Height":79,"Demand":0,"DemandMax":3,"Value":6162},{"Length":10,"Height":98,"Demand":0,"DemandMax":3,"Value":2940},{"Length":21,"Height":44,"Demand":0,"DemandMax":3,"Value":1848},{"Length":5,"Height":82,"Demand":0,"DemandMax":3,"Value":1230},{"Length":48,"Height":35,"Demand":0,"DemandMax":3,"Value":1680},{"Length":21,"Height":19,"Demand":0,"DemandMax":3,"Value":798},{"Length":42,"Height":84,"Demand":0,"DemandMax":3,"Value":3528},{"Length":9,"Height":46,"Demand":0,"DemandMax":3,"Value":828},{"Length":90,"Height":21,"Demand":0,"DemandMax":3,"Value":5670},{"Length":31,"Height":7,"Demand":0,"DemandMax":3,"Value":434},{"Length":37,"Height":18,"Demand":0,"DemandMax":3,"Value":1998},{"Length":55,"Height":80,"Demand":0,"DemandMax":3,"Value":13200},{"Length":13,"Height":21,"Demand":0,"DemandMax":3,"Value":273},{"Length":20,"Height":20,"Demand":0,"DemandMax":3,"Value":400},{"Length":7,"Height":26,"Demand":0,"DemandMax":3,"Value":364},{"Length":11,"Height":19,"Demand":0,"DemandMax":3,"Value":209},{"Length":40,"Height":11,"Demand":0,"DemandMax":3,"Value":440},{"Length":95,"Height":34,"Demand":0,"DemandMax":3,"Value":9690},{"Length":98,"Height":84,"Demand":0,"DemandMax":3,"Value":8232},{"Length":50,"Height":45,"Demand":0,"DemandMax":3,"Value":2250},{"Length":36,"Height":28,"Demand":0,"DemandMax":3,"Value":1008},{"Length":14,"Height":17,"Demand":0,"DemandMax":3,"Value":238},{"Length":20,"Height":45,"Demand":0,"DemandMax":3,"Value":900},{"Length":100,"Height":34,"Demand":0,"DemandMax":3,"Value":6800},{"Length":64,"Height":99,"Demand":0,"DemandMax":3,"Value":12672},{"Length":17,"Height":8,"Demand":0,"DemandMax":3,"Value":136},{"Length":4,"Height":17,"Demand":0,"DemandMax":3,"Value":204},{"Length":5,"Height":99,"Demand":0,"DemandMax":3,"Value":990},{"Length":76,"Height":12,"Demand":0,"DemandMax":3,"Value":912},{"Length":90,"Height":95,"Demand":0,"DemandMax":3,"Value":25650},{"Length":98,"Height":75,"Demand":0,"DemandMax":3,"Value":22050},{"Length":17,"Height":28,"Demand":0,"DemandMax":3,"Value":952},{"Length":27,"Height":4,"Demand":0,"DemandMax":3,"Value":108},{"Length":92,"Height":15,"Demand":0,"DemandMax":3,"Value":1380},{"Length":36,"Height":26,"Demand":0,"DemandMax":3,"Value":936},{"Length":91,"Height":45,"Demand":0,"DemandMax":3,"Value":12285},{"Length":2,"Height":97,"Demand":0,"DemandMax":3,"Value":582},{"Length":42,"Height":29,"Demand":0,"DemandMax":3,"Value":1218},{"Length":27,"Height":34,"Demand":0,"DemandMax":3,"Value":2754},{"Length":80,"Height":2,"Demand":0,"DemandMax":3,"Value":480},{"Length":28,"Height":19,"Demand":0,"DemandMax":3,"Value":1064},{"Length":43,"Height":12,"Demand":0,"DemandMax":3,"Value":516},{"Length":59,"Height":86,"Demand":0,"DemandMax":3,"Value":10148},{"Length":94,"Height":11,"Demand":0,"DemandMax":3,"Value":1034},{"Length":49,"Height":24,"Demand":0,"DemandMax":3,"Value":1176},{"Length":24,"Height":46,"Demand":0,"DemandMax":3,"Value":1104}]}