{"Name":"ngcutfs1_145","Objects":[{"Length":100,"Height":100,"Stock":null,"Cost":10000}],"Items":[{"Length":13,"Height":85,"Demand":0,"DemandMax":4,"Value":1105},{"Length":47,"Height":77,"Demand":0,"DemandMax":4,"Value":10857},{"Length":79,"Height":2,"Demand":0,"DemandMax":4,"Value":158},{"Length":28,"Height":83,"Demand":0,"DemandMax":4,"Value":4648},{"Length":50,"Height":83,"Demand":0,"DemandMax":4,"Value":4150},{"Length":39,"Height":26,"Demand":0,"DemandMax":4,"Value":3042},{"Length":2,"Height":33,"Demand":0,"DemandMax":4,"Value":132},{"Length":18,"Height":40,"Demand":0,"DemandMax":4,"Value":1440},{"Length":10,"Height":24,"Demand":0,"DemandMax":4,"Value":240},{"Length":4,"Height":77,"Demand":0,"DemandMax":4,"Value":616},{"Length":97,"Height":11,"Demand":0,"DemandMax":4,"Value":3201},{"Length":31,"Height":85,"Demand":0,"DemandMax":4,"Value":7905},{"Length":11,"Height":4,"Demand":0,"DemandMax":4,"Value":88},{"Length":42,"Height":87,"Demand":0,"DemandMax":4,"Value":10962},{"Length":37,"Height":35,"Demand":0,"DemandMax":4,"Value":1295},{"Length":4,"Height":87,"Demand":0,"DemandMax":4,"Value":696},{"Length":99,"Height":18,"Demand":0,"DemandMax":4,"Value":5346},{"Length":76,"Height":4,"Demand":0,"DemandMax":4,"Value":608},{"Length":85,"Height":16,"Demand":0,"DemandMax":4,"Value":2720},{"Length":7,"Height":81,"Demand":0,"DemandMax":4,"Value":1701},{"Length":8,"Height":3,"Demand":0,"DemandMax":4,"Value":24},{"Length":32,"Height":100,"Demand":0,"DemandMax":4,"Value":6400},{"Length":5,"Height":100,"Demand":0,"DemandMax":4,"Value":1000},{"Length":34,"Height":21,"Demand":0,"DemandMax":4,"Value":2142},{"Length":29,"Height":8,"Demand":0,"DemandMax":4,"Value":232},{"Length":60,"Height":74,"Demand":0,"DemandMax":4,"Value":8880},{"Length":46,"Height":19,"Demand":0,"DemandMax":4,"Value":1748},{"Length":90,"Height":89,"Demand":0,"DemandMax":4,"Value":8010},{"Length":43,"Height":89,"Demand":0,"DemandMax":8,"Value":7654},{"Length":17,"Height":45,"Demand":0,"DemandMax":4,"Value":2295},{"Length":97,"Height":11,"Demand":0,"DemandMax":4,"Value":1067},{"Length":97,"Height":20,"Demand":0,"DemandMax":4,"Value":3880},{"Length":24,"Height":22,"Demand":0,"DemandMax":4,"Value":1584},{"Length":50,"Height":17,"Demand":0,"DemandMax":4,"Value":2550},{"Length":81,"Height":8,"Demand":0,"DemandMax":4,"Value":1944},{"Length":82,"Height":20,"Demand":0,"DemandMax":4,"Value":4920},{"Length":49,"Height":34,"Demand":0,"DemandMax":4,"Value":1666},{"Length":38,"Height":84,"Demand":0,"DemandMax":4,"Value":9576},{"Length":3,"Height":27,"Demand":0,"DemandMax":4,"Value":243},{"Length":28,"Height":45,"Demand":0,"DemandMax":4,"Value":2520},{"Length":6,"Height":49,"Demand":0,"DemandMax":4,"Value":882},{"Length":75,"Height":62,"Demand":0,"DemandMax":4,"Value":9300},{"Length":81,"Height":46,"Demand":0,"DemandMax":4,"Value":3726},{"Length":99,"Height":51,"Demand":0,"DemandMax":4,"Value":15147},{"Length":4,"Height":22,"Demand":0,"DemandMax":4,"Value":176},{"Length":88,"Height":49,"Demand":0,"DemandMax":4,"Value":4312},{"Length":6,"Height":92,"Demand":0,"DemandMax":4,"Value":1656},{"Length":4,"Height":46,"Demand":0,"DemandMax":4,"Value":368},{"Length":9,"Height":49,"Demand":0,"DemandMax":4,"Value":882},{"Length":36,"Height":37,"Demand":0,"DemandMax":4,"Value":3996},{"Length":80,"Height":70,"Demand":0,"DemandMax":4,"Value":11200},{"Length":33,"Height":22,"Demand":0,"DemandMax":4,"Value":1452},{"Length":37,"Height":24,"Demand":0,"DemandMax":4,"Value":1776},{"Length":83,"Height":99,"Demand":0,"DemandMax":4,"Value":24651},{"Length":89,"Height":12,"Demand":0,"DemandMax":4,"Value":2136},{"Length":79,"Height":21,"Demand":0,"DemandMax":4,"Value":4977},{"Length":3,"Height":100,"Demand":0,"DemandMax":4,"Value":300},{"Length":79,"Height":26,"Demand":0,"DemandMax":8,"Value":2054},{"Length":88,"Height":33,"Demand":0,"DemandMax":4,"Value":2904},{"Length":16,"Height":3,"Demand":0,"DemandMax":4,"Value":96},{"Length":3,"Height":88,"Demand":0,"DemandMax":4,"Value":528},{"Length":56,"Height":56,"Demand":0,"DemandMax":4,"Value":6272},{"Length":11,"Height":49,"Demand":0,"DemandMax":4,"Value":1617},{"Length":55,"Height":77,"Demand":0,"DemandMax":4,"Value":12705},{"Length":2,"Height":6,"Demand":0,"DemandMax":4,"Value":12},{"Length":87,"Height":96,"Demand":0,"DemandMax":4,"Value":25056},{"Length":25,"Height":98,"Demand":0,"DemandMax":4,"Value":2450},{"Length":95,"Height":74,"Demand":0,"DemandMax":4,"Value":21090},{"Length":7,"Height":29,"Demand":0,"DemandMax":4,"Value":406},{"Length":88,"Height":27,"Demand":0,"DemandMax":4,"Value":4752},{"Length":48,"Height":77,"Demand":0,"DemandMax":4,"Value":11088},{"Length":39,"Height":90,"Demand":0,"DemandMax":4,"Value":7020},{"Length":23,"Height":95,"Demand":0,"DemandMax":4,"Value":2185},{"Length":11,"Height":31,"Demand":0,"DemandMax":4,"Value":1023},{"Length":32,"Height":44,"Demand":0,"DemandMax":4,"Value":1408},{"Length":48,"Height":3,"Demand":0,"DemandMax":4,"Value":144},{"Length":32,"Height":31,"Demand":0,"DemandMax":4,"Value":1984},{"Length":5,"Height":39,"Demand":0,"DemandMax":4,"Value":195},{"Length":13,"Height":15,"Demand":0,"DemandMax":4,"Value":195},{"Length":43,"Height":40,"Demand":0,"DemandMax":4,"Value":1720},{"Length":39,"Height":76,"Demand":0,"DemandMax":4,"Value":2964},{"Length":42,"Height":11,"Demand":0,"DemandMax":4,"Value":462},{"Length":87,"Height":15,"Demand":0,"DemandMax":4,"Value":1305},{"Length":94,"Height":94,"Demand":0,"DemandMax":4,"Value":26508},{"Length":18,"Height":25,"Demand":0,"DemandMax":4,"Value":900},{"Length":86,"Height":9,"Demand":0,"DemandMax":8,"Value":2322},{"Length":38,"Height":26,"Demand":0,"DemandMax":4,"Value":1976},{"Length":93,"Height":5,"Demand":0,"DemandMax":4,"Value":465},{"Length":100,"Height":20,"Demand":0,"DemandMax":4,"Value":6000},{"Length":25,"Height":96,"Demand":0,"DemandMax":4,"Value":7200},{"Length":9,"Height":46,"Demand":0,"DemandMax":4,"Value":828},{"Length":86,"Height":5,"Demand":0,"DemandMax":4,"Value":430},{"Length":89,"Height":28,"Demand":0,"DemandMax":4,"Value":4984},{"Length":22,"Height":48,"Demand":0,"DemandMax":4,"Value":1056},{"Length":15,"Height":26,"Demand":0,"DemandMax":4,"Value":780},{"Length":19,"Height":80,"Demand":0,"DemandMax":4,"Value":3040},{"Length":48,"Height":26,"Demand":0,"DemandMax":4,"Value":3744},{"Length":80,"Height":94,"Demand":0,"DemandMax":4,"Value":15040},{"Length":34,"Height":16,"Demand":0,"DemandMax":4,"Value":1632},{"Length":16,"Height":41,"Demand":0,"DemandMax":4,"Value":656},{"Length":70,"Height":96,"Demand":0,"DemandMax":4,"Value":20160},{"Length":39,"Height":86,"Demand":0,"DemandMax":4,"Value":10062},{"Length":45,"Height":21,"Demand":0,"DemandMax":4,"Value":2835},{"Length":15,"Height":37,"Demand":0,"DemandMax":4,"Value":1110},{"Length":76,"Height":30,"Demand":0,"DemandMax":4,"Value":2280},{"Length":76,"Height":13,"Demand":0,"DemandMax":4,"Value":2964},{"Length":91,"Height":26,"Demand":0,"DemandMax":4,"Value":7098},{"Length":88,"Height":94,"Demand":0,"DemandMax":4,"Value":24816},{"Length":43,"Height":43,"Demand":0,"DemandMax":4,"Value":5547},{"Length":7,"Height":15,"Demand":0,"DemandMax":4,"Value":210},{"Length":20,"Height":45,"Demand":0,"DemandMax":4,"Value":1800},{"Length":89,"Height":17,"Demand":0,"DemandMax":4,"Value":4539},{"Length":48,"Height":37,"Demand":0,"DemandMax":4,"Value":1776},{"Length":2,"Height":11,"Demand":0,"DemandMax":4,"Value":22},{"Length":91,"Height":11,"Demand":0,"DemandMax":4,"Value":1001},{"Length":86,"Height":70,"Demand":0,"DemandMax":4,"Value":12040},{"Length":14,"Height":86,"Demand":0,"DemandMax":4,"Value":1204},{"Length":26,"Height":48,"Demand":0,"DemandMax":4,"Value":2496},{"Length":27,"Height":46,"Demand":0,"DemandMax":4,"Value":3726},{"Length":82,"Height":31,"Demand":0,"DemandMax":4,"Value":2542},{"Length":90,"Height":86,"Demand":0,"DemandMax":4,"Value":23220},{"Length":61,"Height":73,"Demand":0,"DemandMax":4,"Value":4453},{"Length":21,"Height":79,"Demand":0,"DemandMax":4,"Value":1659},{"Length":39,"Height":81,"Demand":0,"DemandMax":4,"Value":6318},{"Length":36,"Height":47,"Demand":0,"DemandMax":4,"Value":3384},{"Length":14,"Height":12,"Demand":0,"DemandMax":4,"Value":168},{"Length":4,"Height":100,"Demand":0,"DemandMax":4,"Value":400},{"Length":63,"Height":76,"Demand":0,"DemandMax":4,"Value":4788},{"Length":2,"Height":38,"Demand":0,"DemandMax":4,"Value":76},{"Length":36,"Height":36,"Demand":0,"DemandMax":4,"Value":2592},{"Length":81,"Height":56,"Demand":0,"DemandMax":4,"Value":9072},{"Length":12,"Height":30,"Demand":0,"DemandMax":4,"Value":360},{"Length":10,"Height":5,"Demand":0,"DemandMax":4,"Value":50},{"Length":67,"Height":64,"Demand":0,"DemandMax":4,"Value":12864},{"Length":25,"Height":2,"Demand":0,"DemandMax":4,"Value":50},{"Length":76,"Height":21,"Demand":0,"DemandMax":4,"Value":1596},{"Length":98,"Height":9,"Demand":0,"DemandMax":4,"Value":1764},{"Length":9,"Height":84,"Demand":0,"DemandMax":4,"Value":1512},{"Length":78,"Height":31,"Demand":0,"DemandMax":4,"Value":7254},{"Length":25,"Height":81,"Demand":0,"DemandMax":4,"Value":4050},{"Length":29,"Height":21,"Demand":0,"DemandMax":4,"Value":609},{"Length":97,"Height":31,"Demand":0,"DemandMax":4,"Value":3007},{"Length":13,"Height":76,"Demand":0,"DemandMax":4,"Value":988},{"Length":22,"Height":37,"Demand":0,"DemandMax":4,"Value":814},{"Length":24,"Height":82,"Demand":0,"DemandMax":4,"Value":1968},{"Length":11,"Height":96,"Demand":0,"DemandMax":4,"Value":3168},{"Length":41,"Height":18,"Demand":0,"DemandMax":4,"Value":738},{"Length":26,"Height":35,"Demand":0,"DemandMax":4,"Value":2730},{"Length":19,"Height":81,"Demand":0,"DemandMax":4,"Value":4617},{"Length":91,"Height":93,"Demand":0,"DemandMax":4,"Value":25389},{"Length":82,"Height":37,"Demand":0,"DemandMax":4,"Value":6068},{"Length":44,"Height":88,"Demand":0,"DemandMax":4,"Value":11616},{"Length":5,"Height":3,"Demand":0,"DemandMax":4,"Value":15},{"Length":17,"Height":86,"Demand":0,"DemandMax":4,"Value":2924},{"Length":24,"Height":49,"Demand":0,"DemandMax":4,"Value":1176},{"Length":78,"Height":24,"Demand":0,"DemandMax":4,"Value":5616},{"Length":6,"Height":96,"Demand":0,"DemandMax":4,"Value":1152},{"Length":45,"Height":87,"Demand":0,"DemandMax":4,"Value":11745},{"Length":22,"Height":17,"Demand":0,"DemandMax":4,"Value":1122},{"Length":93,"Height":24,"Demand":0,"DemandMax":4,"Value":2232},{"Length":84,"Height":29,"Demand":0,"DemandMax":4,"Value":4872},{"Length":68,"Height":58,"Demand":0,"DemandMax":4,"Value":11832},{"Length":17,"Height":17,"Demand":0,"DemandMax":4,"Value":578},{"Length":93,"Height":74,"Demand":0,"DemandMax":4,"Value":20646},{"Length":33,"Height":94,"Demand":0,"DemandMax":4,"Value":9306},{"Length":13,"Height":98,"Demand":0,"DemandMax":4,"Value":1274},{"Length":20,"Height":28,"Demand":0,"DemandMax":4,"Value":1120},{"Length":34,"Height":24,"Demand":0,"DemandMax":4,"Value":1632},{"Length":38,"Height":23,"Demand":0,"DemandMax":4,"Value":874},{"Length":47,"Height":15,"Demand":0,"DemandMax":4,"Value":705},{"Length":100,"Height":20,"Demand":0,"DemandMax":4,"Value":2000},{"Length":16,"Height":84,"Demand":0,"DemandMax":4,"Value":1344},{"Length":23,"Height":31,"Demand":0,"DemandMax":4,"Value":1426},{"Length":56,"Height":66,"Demand":0,"DemandMax":4,"Value":3696},{"Length":34,"Height":33,"Demand":0,"DemandMax":4,"Value":1122},{"Length":95,"Height":27,"Demand":0,"DemandMax":4,"Value":5130},{"Length":49,"Height":48,"Demand":0,"DemandMax":4,"Value":2352},{"Length":72,"Height":66,"Demand":0,"DemandMax":4,"Value":14256},{"Length":86,"Height":33,"Demand":0,"DemandMax":4,"Value":2838},{"Length":89,"Height":16,"Demand":0,"DemandMax":4,"Value":2848},{"Length":42,"Height":37,"Demand":0,"DemandMax":4,"Value":4662},{"Length":100,"Height":58,"Demand":0,"DemandMax":4,"Value":5800},{"Length":92,"Height":93,"Demand":0,"DemandMax":4,"Value":8556},{"Length":36,"Height":90,"Demand":0,"DemandMax":4,"Value":9720},{"Length":9,"Height":4,"Demand":0,"DemandMax":4,"Value":108},{"Length":83,"Height":33,"Demand":0,"DemandMax":4,"Value":8217},{"Length":45,"Height":83,"Demand":0,"DemandMax":4,"Value":11205},{"Length":42,"Height":46,"Demand":0,"DemandMax":4,"Value":1932},{"Length":85,"Height":14,"Demand":0,"DemandMax":4,"Value":2380},{"Length":50,"Height":9,"Demand":0,"DemandMax":4,"Value":900},{"Length":79,"Height":58,"Demand":0,"DemandMax":4,"Value":13746},{"Length":42,"Height":97,"Demand":0,"DemandMax":4,"Value":8148},{"Length":32,"Height":97,"Demand":0,"DemandMax":4,"Value":3104},{"Length":86,"Height":10,"Demand":0,"DemandMax":4,"Value":860},{"Length":87,"Height":16,"Demand":0,"DemandMax":4,"Value":4176},{"Length":96,"Height":55,"Demand":0,"DemandMax":4,"Value":10560},{"Length":65,"Height":56,"Demand":0,"DemandMax":4,"Value":7280},{"Length":68,"Height":74,"Demand":0,"DemandMax":4,"Value":5032},{"Length":81,"Height":47,"Demand":0,"DemandMax":4,"Value":11421},{"Length":46,"Height":94,"Demand":0,"DemandMax":4,"Value":12972},{"Length":98,"Height":24,"Demand":0,"DemandMax":4,"Value":7056},{"Length":9,"Height":3,"Demand":0,"DemandMax":4,"Value":27},{"Length":95,"Height":37,"Demand":0,"DemandMax":4,"Value":7030},{"Length":38,"Height":8,"Demand":0,"DemandMax":4,"Value":608},{"Length":81,"Height":36,"Demand":0,"DemandMax":4,"Value":2916},{"Length":9,"Height":29,"Demand":0,"DemandMax":4,"Value":522},{"Length":85,"Height":78,"Demand":0,"DemandMax":4,"Value":13260},{"Length":18,"Height":35,"Demand":0,"DemandMax":4,"Value":630},{"Length":36,"Height":27,"Demand":0,"DemandMax":4,"Value":972},{"Length":85,"Height":21,"Demand":0,"DemandMax":4,"Value":1785},{"Length":33,"Height":21,"Demand":0,"DemandMax":4,"Value":693},{"Length":61,"Height":82,"Demand":0,"DemandMax":4,"Value":5002},{"Length":49,"Height":85,"Demand":0,"DemandMax":4,"Value":8330},{"Length":72,"Height":100,"Demand":0,"DemandMax":4,"Value":21600},{"Length":38,"Height":24,"Demand":0,"DemandMax":4,"Value":2736},{"Length":49,"Height":89,"Demand":0,"DemandMax":4,"Value":8722},{"Length":90,"Height":87,"Demand":0,"DemandMax":4,"Value":7830},{"Length":88,"Height":45,"Demand":0,"DemandMax":4,"Value":11880},{"Length":42,"Height":80,"Demand":0,"DemandMax":4,"Value":10080},{"Length":33,"Height":86,"Demand":0,"DemandMax":4,"Value":8514},{"Length":76,"Height":65,"Demand":0,"DemandMax":4,"Value":14820},{"Length":33,"Height":87,"Demand":0,"DemandMax":4,"Value":5742},{"Length":25,"Height":28,"Demand":0,"DemandMax":4,"Value":2100},{"Length":69,"Height":59,"Demand":0,"DemandMax":4,"Value":4071},{"Length":63,"Height":52,"Demand":0,"DemandMax":4,"Value":3276},{"Length":21,"Height":14,"Demand":0,"DemandMax":4,"Value":588},{"Length":5,"Height":36,"Demand":0,"DemandMax":4,"Value":180},{"Length":43,"Height":17,"Demand":0,"DemandMax":4,"Value":731},{"Length":49,"Height":19,"Demand":0,"DemandMax":4,"Value":1862},{"Length":37,"Height":90,"Demand":0,"DemandMax":4,"Value":3330},{"Length":25,"Height":87,"Demand":0,"DemandMax":4,"Value":6525},{"Length":82,"Height":58,"Demand":0,"DemandMax":4,"Value":4756},{"Length":96,"Height":67,"Demand":0,"DemandMax":4,"Value":12864},{"Length":46,"Height":35,"Demand":0,"DemandMax":4,"Value":1610},{"Length":78,"Height":29,"Demand":0,"DemandMax":4,"Value":6786},{"Length":42,"Height":2,"Demand":0,"DemandMax":4,"Value":168},{"Length":63,"Height":100,"Demand":0,"DemandMax":4,"Value":18900},{"Length":80,"Height":5,"Demand":0,"DemandMax":4,"Value":800},{"Length":28,"Height":89,"Demand":0,"DemandMax":4,"Value":7476},{"Length":12,"Height":12,"Demand":0,"DemandMax":4,"Value":432},{"Length":34,"Height":8,"Demand":0,"DemandMax":4,"Value":816},{"Length":45,"Height":81,"Demand":0,"DemandMax":4,"Value":10935},{"Length":96,"Height":26,"Demand":0,"DemandMax":4,"Value":2496},{"Length":49,"Height":91,"Demand":0,"DemandMax":4,"Value":8918},{"Length":53,"Height":72,"Demand":0,"DemandMax":4,"Value":11448},{"Length":53,"Height":90,"Demand":0,"DemandMax":4,"Value":14310},{"Length":94,"Height":21,"Demand":0,"DemandMax":4,"Value":1974}]}