{"Name":"ngcutfs3_72","Objects":[{"Length":100,"Height":100,"Stock":null,"Cost":10000}],"Items":[{"Length":97,"Height":11,"Demand":0,"DemandMax":3,"Value":1067},{"Length":17,"Height":96,"Demand":0,"DemandMax":3,"Value":1632},{"Length":50,"Height":45,"Demand":0,"DemandMax":3,"Value":2250},{"Length":97,"Height":2,"Demand":0,"DemandMax":3,"Value":194},{"Length":25,"Height":5,"Demand":0,"DemandMax":3,"Value":125},{"Length":34,"Height":39,"Demand":0,"DemandMax":3,"Value":3978},{"Length":40,"Height":22,"Demand":0,"DemandMax":3,"Value":1760},{"Length":34,"Height":31,"Demand":0,"DemandMax":3,"Value":3162},{"Length":3,"Height":20,"Demand":0,"DemandMax":3,"Value":60},{"Length":28,"Height":29,"Demand":0,"DemandMax":3,"Value":812},{"Length":11,"Height":43,"Demand":0,"DemandMax":3,"Value":946},{"Length":18,"Height":33,"Demand":0,"DemandMax":3,"Value":1782},{"Length":88,"Height":32,"Demand":0,"DemandMax":3,"Value":2816},{"Length":22,"Height":37,"Demand":0,"DemandMax":3,"Value":2442},{"Length":10,"Height":13,"Demand":0,"DemandMax":3,"Value":130},{"Length":46,"Height":88,"Demand":0,"DemandMax":3,"Value":12144},{"Length":25,"Height":24,"Demand":0,"DemandMax":3,"Value":600},{"Length":92,"Height":31,"Demand":0,"DemandMax":3,"Value":8556},{"Length":14,"Height":47,"Demand":0,"DemandMax":3,"Value":1974},{"Length":39,"Height":5,"Demand":0,"DemandMax":3,"Value":585},{"Length":49,"Height":81,"Demand":0,"DemandMax":3,"Value":3969},{"Length":99,"Height":91,"Demand":0,"DemandMax":3,"Value":9009},{"Length":65,"Height":94,"Demand":0,"DemandMax":3,"Value":12220},{"Length":77,"Height":6,"Demand":0,"DemandMax":3,"Value":1386},{"Length":36,"Height":11,"Demand":0,"DemandMax":3,"Value":1188},{"Length":19,"Height":22,"Demand":0,"DemandMax":3,"Value":1254},{"Length":27,"Height":17,"Demand":0,"DemandMax":3,"Value":1377},{"Length":3,"Height":83,"Demand":0,"DemandMax":3,"Value":498},{"Length":41,"Height":8,"Demand":0,"DemandMax":3,"Value":328},{"Length":78,"Height":44,"Demand":0,"DemandMax":3,"Value":6864},{"Length":54,"Height":70,"Demand":0,"DemandMax":3,"Value":11340},{"Length":37,"Height":32,"Demand":0,"DemandMax":3,"Value":2368},{"Length":84,"Height":71,"Demand":0,"DemandMax":3,"Value":11928},{"Length":50,"Height":22,"Demand":0,"DemandMax":3,"Value":3300},{"Length":40,"Height":49,"Demand":0,"DemandMax":3,"Value":5880},{"Length":34,"Height":23,"Demand":0,"DemandMax":3,"Value":2346},{"Length":16,"Height":34,"Demand":0,"DemandMax":3,"Value":544},{"Length":47,"Height":47,"Demand":0,"DemandMax":3,"Value":4418},{"Length":88,"Height":49,"Demand":0,"DemandMax":3,"Value":8624},{"Length":64,"Height":94,"Demand":0,"DemandMax":3,"Value":12032},{"Length":18,"Height":6,"Demand":0,"DemandMax":3,"Value":108},{"Length":19,"Height":31,"Demand":0,"DemandMax":3,"Value":589},{"Length":43,"Height":33,"Demand":0,"DemandMax":3,"Value":4257},{"Length":25,"Height":18,"Demand":0,"DemandMax":3,"Value":450},{"Length":48,"Height":36,"Demand":0,"DemandMax":3,"Value":1728},{"Length":76,"Height":61,"Demand":0,"DemandMax":3,"Value":9272},{"Length":30,"Height":3,"Demand":0,"DemandMax":3,"Value":180},{"Length":28,"Height":21,"Demand":0,"DemandMax":3,"Value":1176},{"Length":7,"Height":12,"Demand":0,"DemandMax":3,"Value":168},{"Length":10,"Height":21,"Demand":0,"DemandMax":3,"Value":630},{"Length":19,"Height":42,"Demand":0,"DemandMax":3,"Value":798},{"Length":25,"Height":19,"Demand":0,"DemandMax":3,"Value":950},{"Length":37,"Height":14,"Demand":0,"DemandMax":3,"Value":1036},{"Length":91,"Height":49,"Demand":0,"DemandMax":3,"Value":4459},{"Length":76,"Height":46,"Demand":0,"DemandMax":3,"Value":10488},{"Length":38,"Height":96,"Demand":0,"DemandMax":3,"Value":7296},{"Length":53,"Height":51,"Demand":0,"DemandMax":3,"Value":5406},{"Length":33,"Height":46,"Demand":0,"DemandMax":3,"Value":1518},{"Length":26,"Height":19,"Demand":0,"DemandMax":3,"Value":494},{"Length":45,"Height":79,"Demand":0,"DemandMax":3,"Value":10665},{"Length":45,"Height":46,"Demand":0,"DemandMax":3,"Value":4140},{"Length":14,"Height":13,"Demand":0,"DemandMax":3,"Value":182},{"Length":22,"Height":13,"Demand":0,"DemandMax":3,"Value":286},{"Length":27,"Height":90,"Demand":0,"DemandMax":3,"Value":2430},{"Length":25,"Height":90,"Demand":0,"DemandMax":3,"Value":4500},{"Length":40,"Height":32,"Demand":0,"DemandMax":3,"Value":1280},{"Length":42,"Height":24,"Demand":0,"DemandMax":3,"Value":2016},{"Length":23,"Height":32,"Demand":0,"DemandMax":3,"Value":736},{"Length":21,"Height":44,"Demand":0,"DemandMax":3,"Value":924},{"Length":99,"Height":11,"Demand":0,"DemandMax":3,"Value":1089},{"Length":48,"Height":18,"Demand":0,"DemandMax":3,"Value":1728},{"Length":3,"Height":38,"Demand":0,"DemandMax":3,"Value":342},{"Length":27,"Height":26,"Demand":0,"DemandMax":3,"Value":2106},{"Length":14,"Height":19,"Demand":0,"DemandMax":3,"Value":266},{"Length":46,"Height":22,"Demand":0,"DemandMax":3,"Value":2024},{"Length":6,"Height":96,"Demand":0,"DemandMax":3,"Value":1728},{"Length":8,"Height":5,"Demand":0,"DemandMax":3,"Value":80},{"Length":69,"Height":100,"Demand":0,"DemandMax":3,"Value":20700},{"Length":19,"Height":46,"Demand":0,"DemandMax":3,"Value":2622},{"Length":25,"Height":27,"Demand":0,"DemandMax":3,"Value":675},{"Length":96,"Height":80,"Demand":0,"DemandMax":3,"Value":15360},{"Length":3,"Height":7,"Demand":0,"DemandMax":3,"Value":63},{"Length":20,"Height":99,"Demand":0,"DemandMax":3,"Value":5940},{"Length":9,"Height":5,"Demand":0,"DemandMax":3,"Value":45},{"Length":2,"Height":83,"Demand":0,"DemandMax":3,"Value":498},{"Length":34,"Height":45,"Demand":0,"DemandMax":3,"Value":1530},{"Length":21,"Height":50,"Demand":0,"DemandMax":3,"Value":3150},{"Length":40,"Height":100,"Demand":0,"DemandMax":3,"Value":4000},{"Length":84,"Height":64,"Demand":0,"DemandMax":3,"Value":16128},{"Length":28,"Height":7,"Demand":0,"DemandMax":3,"Value":392},{"Length":41,"Height":93,"Demand":0,"DemandMax":3,"Value":7626},{"Length":2,"Height":18,"Demand":0,"DemandMax":3,"Value":36},{"Length":62,"Height":73,"Demand":0,"DemandMax":3,"Value":13578},{"Length":14,"Height":25,"Demand":0,"DemandMax":3,"Value":1050},{"Length":83,"Height":59,"Demand":0,"DemandMax":3,"Value":4897},{"Length":83,"Height":89,"Demand":0,"DemandMax":3,"Value":22161},{"Length":34,"Height":17,"Demand":0,"DemandMax":3,"Value":1734},{"Length":47,"Height":7,"Demand":0,"DemandMax":3,"Value":987},{"Length":21,"Height":10,"Demand":0,"DemandMax":3,"Value":420},{"Length":46,"Height":28,"Demand":0,"DemandMax":3,"Value":3864}]}