{"Name":"ngcutfs3_59","Objects":[{"Length":100,"Height":100,"Stock":null,"Cost":10000}],"Items":[{"Length":16,"Height":2,"Demand":0,"DemandMax":4,"Value":96},{"Length":76,"Height":99,"Demand":0,"DemandMax":4,"Value":7524},{"Length":43,"Height":39,"Demand":0,"DemandMax":4,"Value":5031},{"Length":11,"Height":17,"Demand":0,"DemandMax":4,"Value":187},{"Length":44,"Height":19,"Demand":0,"DemandMax":4,"Value":836},{"Length":49,"Height":19,"Demand":0,"DemandMax":4,"Value":931},{"Length":35,"Height":28,"Demand":0,"DemandMax":4,"Value":2940},{"Length":32,"Height":92,"Demand":0,"DemandMax":4,"Value":8832},{"Length":8,"Height":5,"Demand":0,"DemandMax":4,"Value":80},{"Length":28,"Height":21,"Demand":0,"DemandMax":4,"Value":1764},{"Length":70,"Height":55,"Demand":0,"DemandMax":4,"Value":7700},{"Length":40,"Height":13,"Demand":0,"DemandMax":4,"Value":520},{"Length":34,"Height":37,"Demand":0,"DemandMax":4,"Value":2516},{"Length":30,"Height":17,"Demand":0,"DemandMax":4,"Value":1020},{"Length":17,"Height":9,"Demand":0,"DemandMax":4,"Value":459},{"Length":24,"Height":30,"Demand":0,"DemandMax":4,"Value":2160},{"Length":8,"Height":24,"Demand":0,"DemandMax":4,"Value":384},{"Length":27,"Height":3,"Demand":0,"DemandMax":4,"Value":243},{"Length":42,"Height":33,"Demand":0,"DemandMax":4,"Value":2772},{"Length":43,"Height":24,"Demand":0,"DemandMax":4,"Value":1032},{"Length":14,"Height":31,"Demand":0,"DemandMax":4,"Value":434},{"Length":79,"Height":2,"Demand":0,"DemandMax":4,"Value":158},{"Length":85,"Height":22,"Demand":0,"DemandMax":4,"Value":1870},{"Length":4,"Height":2,"Demand":0,"DemandMax":4,"Value":16},{"Length":32,"Height":5,"Demand":0,"DemandMax":4,"Value":320},{"Length":27,"Height":24,"Demand":0,"DemandMax":4,"Value":1944},{"Length":40,"Height":41,"Demand":0,"DemandMax":4,"Value":1640},{"Length":27,"Height":17,"Demand":0,"DemandMax":4,"Value":1377},{"Length":31,"Height":48,"Demand":0,"DemandMax":4,"Value":4464},{"Length":36,"Height":23,"Demand":0,"DemandMax":4,"Value":1656},{"Length":99,"Height":90,"Demand":0,"DemandMax":4,"Value":26730},{"Length":89,"Height":73,"Demand":0,"DemandMax":4,"Value":19491},{"Length":49,"Height":42,"Demand":0,"DemandMax":4,"Value":6174},{"Length":37,"Height":50,"Demand":0,"DemandMax":4,"Value":3700},{"Length":28,"Height":21,"Demand":0,"DemandMax":4,"Value":588},{"Length":16,"Height":32,"Demand":0,"DemandMax":4,"Value":1536},{"Length":4,"Height":28,"Demand":0,"DemandMax":4,"Value":224},{"Length":61,"Height":82,"Demand":0,"DemandMax":4,"Value":15006},{"Length":12,"Height":31,"Demand":0,"DemandMax":4,"Value":744},{"Length":45,"Height":6,"Demand":0,"DemandMax":4,"Value":540},{"Length":36,"Height":48,"Demand":0,"DemandMax":4,"Value":3456},{"Length":39,"Height":3,"Demand":0,"DemandMax":4,"Value":234},{"Length":42,"Height":19,"Demand":0,"DemandMax":4,"Value":1596},{"Length":26,"Height":44,"Demand":0,"DemandMax":4,"Value":2288},{"Length":11,"Height":50,"Demand":0,"DemandMax":4,"Value":1650},{"Length":76,"Height":5,"Demand":0,"DemandMax":4,"Value":760},{"Length":35,"Height":14,"Demand":0,"DemandMax":4,"Value":1470},{"Length":38,"Height":33,"Demand":0,"DemandMax":4,"Value":1254},{"Length":22,"Height":18,"Demand":0,"DemandMax":4,"Value":396},{"Length":22,"Height":25,"Demand":0,"DemandMax":4,"Value":1650}]}