{"Name":"ngcutfs3_123","Objects":[{"Length":100,"Height":100,"Stock":null,"Cost":10000}],"Items":[{"Length":24,"Height":7,"Demand":0,"DemandMax":1,"Value":336},{"Length":19,"Height":25,"Demand":0,"DemandMax":1,"Value":475},{"Length":25,"Height":37,"Demand":0,"DemandMax":1,"Value":1850},{"Length":23,"Height":50,"Demand":0,"DemandMax":1,"Value":2300},{"Length":20,"Height":16,"Demand":0,"DemandMax":1,"Value":640},{"Length":38,"Height":11,"Demand":0,"DemandMax":1,"Value":836},{"Length":27,"Height":44,"Demand":0,"DemandMax":1,"Value":3564},{"Length":39,"Height":7,"Demand":0,"DemandMax":1,"Value":819},{"Length":6,"Height":8,"Demand":0,"DemandMax":1,"Value":48},{"Length":36,"Height":91,"Demand":0,"DemandMax":1,"Value":3276},{"Length":14,"Height":42,"Demand":0,"DemandMax":1,"Value":588},{"Length":12,"Height":41,"Demand":0,"DemandMax":1,"Value":492},{"Length":38,"Height":36,"Demand":0,"DemandMax":1,"Value":1368},{"Length":26,"Height":96,"Demand":0,"DemandMax":1,"Value":4992},{"Length":36,"Height":31,"Demand":0,"DemandMax":1,"Value":3348},{"Length":82,"Height":98,"Demand":0,"DemandMax":1,"Value":8036},{"Length":46,"Height":38,"Demand":0,"DemandMax":1,"Value":5244},{"Length":39,"Height":48,"Demand":0,"DemandMax":1,"Value":3744},{"Length":35,"Height":17,"Demand":0,"DemandMax":1,"Value":1190},{"Length":33,"Height":36,"Demand":0,"DemandMax":1,"Value":3564},{"Length":89,"Height":49,"Demand":0,"DemandMax":1,"Value":13083},{"Length":26,"Height":31,"Demand":0,"DemandMax":1,"Value":2418},{"Length":16,"Height":11,"Demand":0,"DemandMax":1,"Value":176},{"Length":10,"Height":9,"Demand":0,"DemandMax":1,"Value":180},{"Length":23,"Height":17,"Demand":0,"DemandMax":1,"Value":782},{"Length":33,"Height":40,"Demand":0,"DemandMax":1,"Value":1320},{"Length":27,"Height":32,"Demand":0,"DemandMax":1,"Value":864},{"Length":55,"Height":72,"Demand":0,"DemandMax":1,"Value":11880},{"Length":32,"Height":50,"Demand":0,"DemandMax":1,"Value":3200},{"Length":6,"Height":91,"Demand":0,"DemandMax":1,"Value":546},{"Length":70,"Height":89,"Demand":0,"DemandMax":1,"Value":12460},{"Length":5,"Height":3,"Demand":0,"DemandMax":1,"Value":30},{"Length":41,"Height":8,"Demand":0,"DemandMax":1,"Value":328},{"Length":46,"Height":32,"Demand":0,"DemandMax":1,"Value":1472},{"Length":46,"Height":13,"Demand":0,"DemandMax":1,"Value":1196},{"Length":41,"Height":48,"Demand":0,"DemandMax":1,"Value":1968},{"Length":32,"Height":93,"Demand":0,"DemandMax":1,"Value":5952},{"Length":21,"Height":6,"Demand":0,"DemandMax":1,"Value":252},{"Length":30,"Height":37,"Demand":0,"DemandMax":1,"Value":2220},{"Length":38,"Height":48,"Demand":0,"DemandMax":1,"Value":5472},{"Length":28,"Height":3,"Demand":0,"DemandMax":1,"Value":84},{"Length":44,"Height":43,"Demand":0,"DemandMax":1,"Value":5676},{"Length":59,"Height":52,"Demand":0,"DemandMax":1,"Value":3068},{"Length":5,"Height":9,"Demand":0,"DemandMax":1,"Value":135},{"Length":33,"Height":100,"Demand":0,"DemandMax":1,"Value":3300},{"Length":23,"Height":13,"Demand":0,"DemandMax":1,"Value":299},{"Length":14,"Height":27,"Demand":0,"DemandMax":1,"Value":756},{"Length":19,"Height":27,"Demand":0,"DemandMax":1,"Value":513},{"Length":4,"Height":39,"Demand":0,"DemandMax":1,"Value":156},{"Length":89,"Height":57,"Demand":0,"DemandMax":1,"Value":10146},{"Length":3,"Height":96,"Demand":0,"DemandMax":1,"Value":864},{"Length":15,"Height":37,"Demand":0,"DemandMax":1,"Value":1665},{"Length":19,"Height":42,"Demand":0,"DemandMax":1,"Value":1596},{"Length":31,"Height":92,"Demand":0,"DemandMax":1,"Value":8556},{"Length":22,"Height":5,"Demand":0,"DemandMax":1,"Value":220},{"Length":46,"Height":25,"Demand":0,"DemandMax":1,"Value":3450},{"Length":48,"Height":30,"Demand":0,"DemandMax":1,"Value":4320},{"Length":37,"Height":20,"Demand":0,"DemandMax":1,"Value":2220},{"Length":8,"Height":15,"Demand":0,"DemandMax":1,"Value":360},{"Length":48,"Height":10,"Demand":0,"DemandMax":1,"Value":1440},{"Length":35,"Height":49,"Demand":0,"DemandMax":1,"Value":1715},{"Length":60,"Height":79,"Demand":0,"DemandMax":1,"Value":9480},{"Length":14,"Height":21,"Demand":0,"DemandMax":1,"Value":588},{"Length":100,"Height":59,"Demand":0,"DemandMax":1,"Value":11800},{"Length":55,"Height":78,"Demand":0,"DemandMax":1,"Value":4290},{"Length":40,"Height":12,"Demand":0,"DemandMax":1,"Value":960},{"Length":84,"Height":63,"Demand":0,"DemandMax":1,"Value":15876},{"Length":37,"Height":49,"Demand":0,"DemandMax":1,"Value":1813},{"Length":15,"Height":22,"Demand":0,"DemandMax":1,"Value":660},{"Length":42,"Height":28,"Demand":0,"DemandMax":1,"Value":2352},{"Length":31,"Height":47,"Demand":0,"DemandMax":1,"Value":4371},{"Length":88,"Height":42,"Demand":0,"DemandMax":1,"Value":11088},{"Length":39,"Height":17,"Demand":0,"DemandMax":1,"Value":1326},{"Length":35,"Height":42,"Demand":0,"DemandMax":1,"Value":2940},{"Length":29,"Height":4,"Demand":0,"DemandMax":1,"Value":116},{"Length":45,"Height":14,"Demand":0,"DemandMax":1,"Value":1260},{"Length":21,"Height":32,"Demand":0,"DemandMax":1,"Value":672},{"Length":78,"Height":54,"Demand":0,"DemandMax":1,"Value":8424},{"Length":10,"Height":49,"Demand":0,"DemandMax":1,"Value":980},{"Length":3,"Height":48,"Demand":0,"DemandMax":1,"Value":432},{"Length":22,"Height":13,"Demand":0,"DemandMax":1,"Value":572},{"Length":90,"Height":57,"Demand":0,"DemandMax":1,"Value":5130},{"Length":43,"Height":84,"Demand":0,"DemandMax":1,"Value":7224},{"Length":97,"Height":54,"Demand":0,"DemandMax":1,"Value":5238},{"Length":13,"Height":5,"Demand":0,"DemandMax":1,"Value":130},{"Length":45,"Height":50,"Demand":0,"DemandMax":1,"Value":6750},{"Length":37,"Height":95,"Demand":0,"DemandMax":1,"Value":10545},{"Length":83,"Height":68,"Demand":0,"DemandMax":1,"Value":5644},{"Length":16,"Height":37,"Demand":0,"DemandMax":1,"Value":592},{"Length":96,"Height":71,"Demand":0,"DemandMax":1,"Value":20448},{"Length":17,"Height":4,"Demand":0,"DemandMax":1,"Value":204},{"Length":71,"Height":76,"Demand":0,"DemandMax":1,"Value":5396},{"Length":6,"Height":46,"Demand":0,"DemandMax":1,"Value":828},{"Length":66,"Height":84,"Demand":0,"DemandMax":1,"Value":5544},{"Length":54,"Height":59,"Demand":0,"DemandMax":1,"Value":3186},{"Length":14,"Height":24,"Demand":0,"DemandMax":1,"Value":1008},{"Length":70,"Height":67,"Demand":0,"DemandMax":1,"Value":4690},{"Length":99,"Height":30,"Demand":0,"DemandMax":1,"Value":5940},{"Length":14,"Height":28,"Demand":0,"DemandMax":1,"Value":784},{"Length":37,"Height":29,"Demand":0,"DemandMax":1,"Value":1073},{"Length":72,"Height":99,"Demand":0,"DemandMax":1,"Value":7128},{"Length":26,"Height":7,"Demand":0,"DemandMax":1,"Value":182},{"Length":18,"Height":13,"Demand":0,"DemandMax":1,"Value":234},{"Length":7,"Height":17,"Demand":0,"DemandMax":1,"Value":238},{"Length":48,"Height":49,"Demand":0,"DemandMax":1,"Value":2352},{"Length":31,"Height":15,"Demand":0,"DemandMax":1,"Value":930},{"Length":39,"Height":39,"Demand":0,"DemandMax":1,"Value":4563},{"Length":27,"Height":18,"Demand":0,"DemandMax":1,"Value":486},{"Length":44,"Height":37,"Demand":0,"DemandMax":1,"Value":4884},{"Length":46,"Height":24,"Demand":0,"DemandMax":1,"Value":3312},{"Length":41,"Height":11,"Demand":0,"DemandMax":1,"Value":902},{"Length":43,"Height":35,"Demand":0,"DemandMax":1,"Value":3010},{"Length":13,"Height":29,"Demand":0,"DemandMax":1,"Value":377},{"Length":7,"Height":97,"Demand":0,"DemandMax":1,"Value":679},{"Length":40,"Height":25,"Demand":0,"DemandMax":1,"Value":1000},{"Length":84,"Height":64,"Demand":0,"DemandMax":1,"Value":10752},{"Length":31,"Height":28,"Demand":0,"DemandMax":1,"Value":1736},{"Length":14,"Height":29,"Demand":0,"DemandMax":1,"Value":406},{"Length":74,"Height":52,"Demand":0,"DemandMax":1,"Value":7696},{"Length":42,"Height":34,"Demand":0,"DemandMax":1,"Value":2856},{"Length":42,"Height":35,"Demand":0,"DemandMax":1,"Value":1470},{"Length":7,"Height":40,"Demand":0,"DemandMax":1,"Value":280},{"Length":96,"Height":26,"Demand":0,"DemandMax":1,"Value":7488},{"Length":46,"Height":33,"Demand":0,"DemandMax":1,"Value":4554},{"Length":50,"Height":12,"Demand":0,"DemandMax":1,"Value":1800},{"Length":38,"Height":26,"Demand":0,"DemandMax":1,"Value":1976},{"Length":74,"Height":59,"Demand":0,"DemandMax":1,"Value":13098},{"Length":49,"Height":39,"Demand":0,"DemandMax":1,"Value":3822},{"Length":85,"Height":65,"Demand":0,"DemandMax":1,"Value":11050},{"Length":49,"Height":25,"Demand":0,"DemandMax":1,"Value":3675},{"Length":87,"Height":12,"Demand":0,"DemandMax":1,"Value":3132},{"Length":22,"Height":8,"Demand":0,"DemandMax":1,"Value":528},{"Length":77,"Height":71,"Demand":0,"DemandMax":1,"Value":10934},{"Length":50,"Height":35,"Demand":0,"DemandMax":1,"Value":3500},{"Length":13,"Height":30,"Demand":0,"DemandMax":1,"Value":390},{"Length":21,"Height":22,"Demand":0,"DemandMax":1,"Value":924},{"Length":13,"Height":14,"Demand":0,"DemandMax":1,"Value":364},{"Length":27,"Height":2,"Demand":0,"DemandMax":1,"Value":162},{"Length":26,"Height":14,"Demand":0,"DemandMax":1,"Value":364},{"Length":19,"Height":3,"Demand":0,"DemandMax":1,"Value":171},{"Length":64,"Height":59,"Demand":0,"DemandMax":1,"Value":3776},{"Length":6,"Height":6,"Demand":0,"DemandMax":1,"Value":108},{"Length":11,"Height":26,"Demand":0,"DemandMax":1,"Value":858},{"Length":71,"Height":69,"Demand":0,"DemandMax":1,"Value":14697},{"Length":43,"Height":42,"Demand":0,"DemandMax":1,"Value":3612},{"Length":4,"Height":45,"Demand":0,"DemandMax":1,"Value":180},{"Length":31,"Height":50,"Demand":0,"DemandMax":1,"Value":4650},{"Length":33,"Height":41,"Demand":0,"DemandMax":1,"Value":2706},{"Length":13,"Height":94,"Demand":0,"DemandMax":1,"Value":1222},{"Length":13,"Height":3,"Demand":0,"DemandMax":1,"Value":78},{"Length":40,"Height":47,"Demand":0,"DemandMax":1,"Value":1880},{"Length":35,"Height":2,"Demand":0,"DemandMax":1,"Value":140},{"Length":85,"Height":4,"Demand":0,"DemandMax":1,"Value":680},{"Length":30,"Height":49,"Demand":0,"DemandMax":1,"Value":4410},{"Length":24,"Height":31,"Demand":0,"DemandMax":1,"Value":2232},{"Length":9,"Height":36,"Demand":0,"DemandMax":1,"Value":972},{"Length":34,"Height":40,"Demand":0,"DemandMax":1,"Value":2720},{"Length":9,"Height":29,"Demand":0,"DemandMax":1,"Value":522},{"Length":73,"Height":91,"Demand":0,"DemandMax":1,"Value":13286},{"Length":82,"Height":83,"Demand":0,"DemandMax":1,"Value":6806},{"Length":41,"Height":38,"Demand":0,"DemandMax":1,"Value":1558},{"Length":10,"Height":44,"Demand":0,"DemandMax":1,"Value":880},{"Length":49,"Height":31,"Demand":0,"DemandMax":1,"Value":1519},{"Length":30,"Height":18,"Demand":0,"DemandMax":1,"Value":540},{"Length":68,"Height":74,"Demand":0,"DemandMax":1,"Value":5032},{"Length":66,"Height":80,"Demand":0,"DemandMax":1,"Value":10560},{"Length":36,"Height":7,"Demand":0,"DemandMax":1,"Value":756},{"Length":31,"Height":88,"Demand":0,"DemandMax":1,"Value":8184},{"Length":40,"Height":20,"Demand":0,"DemandMax":2,"Value":800},{"Length":45,"Height":8,"Demand":0,"DemandMax":1,"Value":360},{"Length":37,"Height":14,"Demand":0,"DemandMax":1,"Value":1554},{"Length":13,"Height":15,"Demand":0,"DemandMax":1,"Value":585},{"Length":83,"Height":45,"Demand":0,"DemandMax":1,"Value":7470},{"Length":50,"Height":15,"Demand":0,"DemandMax":1,"Value":1500},{"Length":55,"Height":88,"Demand":0,"DemandMax":1,"Value":9680},{"Length":49,"Height":32,"Demand":0,"DemandMax":1,"Value":3136},{"Length":51,"Height":99,"Demand":0,"DemandMax":1,"Value":15147},{"Length":87,"Height":4,"Demand":0,"DemandMax":1,"Value":348},{"Length":33,"Height":19,"Demand":0,"DemandMax":1,"Value":1254},{"Length":17,"Height":78,"Demand":0,"DemandMax":1,"Value":1326},{"Length":4,"Height":6,"Demand":0,"DemandMax":1,"Value":24},{"Length":95,"Height":47,"Demand":0,"DemandMax":1,"Value":13395},{"Length":18,"Height":27,"Demand":0,"DemandMax":1,"Value":486},{"Length":18,"Height":31,"Demand":0,"DemandMax":1,"Value":1116},{"Length":10,"Height":7,"Demand":0,"DemandMax":1,"Value":70},{"Length":16,"Height":11,"Demand":0,"DemandMax":1,"Value":528},{"Length":31,"Height":4,"Demand":0,"DemandMax":1,"Value":248},{"Length":9,"Height":10,"Demand":0,"DemandMax":1,"Value":270},{"Length":5,"Height":27,"Demand":0,"DemandMax":1,"Value":270},{"Length":12,"Height":27,"Demand":0,"DemandMax":1,"Value":324},{"Length":26,"Height":19,"Demand":0,"DemandMax":1,"Value":1482},{"Length":43,"Height":25,"Demand":0,"DemandMax":1,"Value":3225},{"Length":27,"Height":32,"Demand":0,"DemandMax":1,"Value":2592},{"Length":29,"Height":33,"Demand":0,"DemandMax":1,"Value":1914},{"Length":88,"Height":50,"Demand":0,"DemandMax":1,"Value":4400},{"Length":11,"Height":38,"Demand":0,"DemandMax":1,"Value":1254},{"Length":79,"Height":20,"Demand":0,"DemandMax":1,"Value":4740},{"Length":38,"Height":5,"Demand":0,"DemandMax":1,"Value":570},{"Length":19,"Height":18,"Demand":0,"DemandMax":1,"Value":342},{"Length":24,"Height":24,"Demand":0,"DemandMax":1,"Value":576},{"Length":46,"Height":29,"Demand":0,"DemandMax":1,"Value":1334},{"Length":15,"Height":6,"Demand":0,"DemandMax":1,"Value":180},{"Length":41,"Height":22,"Demand":0,"DemandMax":1,"Value":902},{"Length":45,"Height":28,"Demand":0,"DemandMax":1,"Value":3780},{"Length":16,"Height":28,"Demand":0,"DemandMax":1,"Value":896},{"Length":25,"Height":33,"Demand":0,"DemandMax":1,"Value":2475},{"Length":30,"Height":19,"Demand":0,"DemandMax":1,"Value":570},{"Length":31,"Height":84,"Demand":0,"DemandMax":1,"Value":5208},{"Length":20,"Height":29,"Demand":0,"DemandMax":1,"Value":1160},{"Length":3,"Height":79,"Demand":0,"DemandMax":1,"Value":711},{"Length":39,"Height":47,"Demand":0,"DemandMax":1,"Value":5499},{"Length":94,"Height":3,"Demand":0,"DemandMax":1,"Value":564},{"Length":85,"Height":32,"Demand":0,"DemandMax":1,"Value":5440},{"Length":14,"Height":15,"Demand":0,"DemandMax":1,"Value":630},{"Length":9,"Height":9,"Demand":0,"DemandMax":1,"Value":81},{"Length":22,"Height":19,"Demand":0,"DemandMax":1,"Value":1254},{"Length":13,"Height":6,"Demand":0,"DemandMax":1,"Value":78},{"Length":49,"Height":42,"Demand":0,"DemandMax":1,"Value":2058},{"Length":43,"Height":79,"Demand":0,"DemandMax":1,"Value":3397},{"Length":21,"Height":45,"Demand":0,"DemandMax":1,"Value":1890},{"Length":44,"Height":5,"Demand":0,"DemandMax":1,"Value":660},{"Length":64,"Height":85,"Demand":0,"DemandMax":1,"Value":5440},{"Length":88,"Height":12,"Demand":0,"DemandMax":1,"Value":3168},{"Length":81,"Height":45,"Demand":0,"DemandMax":1,"Value":3645},{"Length":90,"Height":88,"Demand":0,"DemandMax":1,"Value":23760},{"Length":7,"Height":88,"Demand":0,"DemandMax":1,"Value":1848},{"Length":26,"Height":3,"Demand":0,"DemandMax":1,"Value":78},{"Length":44,"Height":92,"Demand":0,"DemandMax":1,"Value":4048},{"Length":24,"Height":9,"Demand":0,"DemandMax":1,"Value":432},{"Length":50,"Height":48,"Demand":0,"DemandMax":1,"Value":4800},{"Length":26,"Height":83,"Demand":0,"DemandMax":1,"Value":4316},{"Length":92,"Height":29,"Demand":0,"DemandMax":1,"Value":5336},{"Length":13,"Height":50,"Demand":0,"DemandMax":1,"Value":1950},{"Length":18,"Height":3,"Demand":0,"DemandMax":1,"Value":108},{"Length":46,"Height":20,"Demand":0,"DemandMax":1,"Value":2760},{"Length":49,"Height":76,"Demand":0,"DemandMax":1,"Value":7448},{"Length":44,"Height":33,"Demand":0,"DemandMax":1,"Value":1452},{"Length":11,"Height":2,"Demand":0,"DemandMax":1,"Value":66},{"Length":12,"Height":13,"Demand":0,"DemandMax":1,"Value":156},{"Length":28,"Height":41,"Demand":0,"DemandMax":1,"Value":3444},{"Length":93,"Height":2,"Demand":0,"DemandMax":1,"Value":372},{"Length":31,"Height":29,"Demand":0,"DemandMax":1,"Value":1798},{"Length":12,"Height":16,"Demand":0,"DemandMax":1,"Value":576},{"Length":45,"Height":32,"Demand":0,"DemandMax":1,"Value":1440},{"Length":20,"Height":28,"Demand":0,"DemandMax":1,"Value":1120},{"Length":38,"Height":38,"Demand":0,"DemandMax":1,"Value":2888},{"Length":13,"Height":33,"Demand":0,"DemandMax":1,"Value":1287},{"Length":35,"Height":3,"Demand":0,"DemandMax":1,"Value":105},{"Length":41,"Height":96,"Demand":0,"DemandMax":1,"Value":3936}]}