{"Name":"ngcutfs2_51","Objects":[{"Length":100,"Height":100,"Stock":null,"Cost":10000}],"Items":[{"Length":36,"Height":41,"Demand":0,"DemandMax":4,"Value":4428},{"Length":14,"Height":28,"Demand":0,"DemandMax":4,"Value":392},{"Length":19,"Height":3,"Demand":0,"DemandMax":4,"Value":171},{"Length":34,"Height":14,"Demand":0,"DemandMax":4,"Value":476},{"Length":88,"Height":75,"Demand":0,"DemandMax":4,"Value":19800},{"Length":45,"Height":35,"Demand":0,"DemandMax":4,"Value":3150},{"Length":27,"Height":38,"Demand":0,"DemandMax":4,"Value":2052},{"Length":24,"Height":18,"Demand":0,"DemandMax":4,"Value":432},{"Length":47,"Height":40,"Demand":0,"DemandMax":4,"Value":5640},{"Length":78,"Height":68,"Demand":0,"DemandMax":4,"Value":15912},{"Length":3,"Height":94,"Demand":0,"DemandMax":4,"Value":282},{"Length":55,"Height":100,"Demand":0,"DemandMax":4,"Value":11000},{"Length":36,"Height":84,"Demand":0,"DemandMax":4,"Value":3024},{"Length":4,"Height":35,"Demand":0,"DemandMax":4,"Value":140},{"Length":19,"Height":46,"Demand":0,"DemandMax":4,"Value":874},{"Length":16,"Height":13,"Demand":0,"DemandMax":4,"Value":416},{"Length":81,"Height":33,"Demand":0,"DemandMax":4,"Value":5346},{"Length":96,"Height":63,"Demand":0,"DemandMax":4,"Value":18144},{"Length":21,"Height":79,"Demand":0,"DemandMax":4,"Value":3318},{"Length":9,"Height":28,"Demand":0,"DemandMax":4,"Value":252},{"Length":92,"Height":51,"Demand":0,"DemandMax":4,"Value":14076},{"Length":76,"Height":96,"Demand":0,"DemandMax":4,"Value":14592},{"Length":86,"Height":79,"Demand":0,"DemandMax":4,"Value":6794},{"Length":38,"Height":81,"Demand":0,"DemandMax":4,"Value":6156},{"Length":29,"Height":49,"Demand":0,"DemandMax":4,"Value":4263},{"Length":25,"Height":99,"Demand":0,"DemandMax":4,"Value":4950},{"Length":57,"Height":99,"Demand":0,"DemandMax":4,"Value":11286},{"Length":47,"Height":50,"Demand":0,"DemandMax":4,"Value":2350},{"Length":44,"Height":45,"Demand":0,"DemandMax":4,"Value":5940},{"Length":37,"Height":38,"Demand":0,"DemandMax":4,"Value":4218},{"Length":45,"Height":25,"Demand":0,"DemandMax":4,"Value":1125},{"Length":26,"Height":30,"Demand":0,"DemandMax":4,"Value":1560},{"Length":5,"Height":39,"Demand":0,"DemandMax":4,"Value":390},{"Length":19,"Height":24,"Demand":0,"DemandMax":4,"Value":1368},{"Length":36,"Height":84,"Demand":0,"DemandMax":4,"Value":9072},{"Length":11,"Height":92,"Demand":0,"DemandMax":4,"Value":2024},{"Length":12,"Height":25,"Demand":0,"DemandMax":4,"Value":900},{"Length":47,"Height":31,"Demand":0,"DemandMax":4,"Value":4371},{"Length":43,"Height":84,"Demand":0,"DemandMax":4,"Value":7224},{"Length":68,"Height":77,"Demand":0,"DemandMax":4,"Value":15708},{"Length":23,"Height":96,"Demand":0,"DemandMax":4,"Value":6624},{"Length":21,"Height":84,"Demand":0,"DemandMax":4,"Value":5292},{"Length":24,"Height":5,"Demand":0,"DemandMax":4,"Value":120},{"Length":4,"Height":81,"Demand":0,"DemandMax":4,"Value":324},{"Length":20,"Height":5,"Demand":0,"DemandMax":4,"Value":200},{"Length":80,"Height":30,"Demand":0,"DemandMax":4,"Value":2400},{"Length":31,"Height":84,"Demand":0,"DemandMax":4,"Value":7812},{"Length":81,"Height":28,"Demand":0,"DemandMax":4,"Value":6804},{"Length":93,"Height":34,"Demand":0,"DemandMax":4,"Value":6324},{"Length":13,"Height":39,"Demand":0,"DemandMax":4,"Value":507}]}