{"Name":"ngcutfs3_62","Objects":[{"Length":100,"Height":100,"Stock":null,"Cost":10000}],"Items":[{"Length":16,"Height":49,"Demand":0,"DemandMax":1,"Value":784},{"Length":44,"Height":18,"Demand":0,"DemandMax":1,"Value":1584},{"Length":12,"Height":38,"Demand":0,"DemandMax":1,"Value":456},{"Length":42,"Height":36,"Demand":0,"DemandMax":1,"Value":4536},{"Length":86,"Height":20,"Demand":0,"DemandMax":1,"Value":1720},{"Length":5,"Height":48,"Demand":0,"DemandMax":1,"Value":480},{"Length":15,"Height":19,"Demand":0,"DemandMax":1,"Value":285},{"Length":65,"Height":76,"Demand":0,"DemandMax":1,"Value":14820},{"Length":98,"Height":31,"Demand":0,"DemandMax":1,"Value":3038},{"Length":4,"Height":81,"Demand":0,"DemandMax":1,"Value":972},{"Length":28,"Height":80,"Demand":0,"DemandMax":1,"Value":4480},{"Length":21,"Height":81,"Demand":0,"DemandMax":1,"Value":3402},{"Length":40,"Height":43,"Demand":0,"DemandMax":1,"Value":5160},{"Length":47,"Height":19,"Demand":0,"DemandMax":1,"Value":1786},{"Length":24,"Height":10,"Demand":0,"DemandMax":1,"Value":720},{"Length":9,"Height":30,"Demand":0,"DemandMax":1,"Value":540},{"Length":16,"Height":84,"Demand":0,"DemandMax":1,"Value":1344},{"Length":91,"Height":39,"Demand":0,"DemandMax":1,"Value":10647},{"Length":90,"Height":39,"Demand":0,"DemandMax":1,"Value":7020},{"Length":48,"Height":25,"Demand":0,"DemandMax":1,"Value":1200},{"Length":24,"Height":42,"Demand":0,"DemandMax":1,"Value":1008},{"Length":29,"Height":25,"Demand":0,"DemandMax":1,"Value":1450},{"Length":39,"Height":20,"Demand":0,"DemandMax":1,"Value":2340},{"Length":37,"Height":7,"Demand":0,"DemandMax":1,"Value":777},{"Length":10,"Height":24,"Demand":0,"DemandMax":1,"Value":720},{"Length":10,"Height":44,"Demand":0,"DemandMax":1,"Value":880},{"Length":7,"Height":38,"Demand":0,"DemandMax":1,"Value":798},{"Length":21,"Height":20,"Demand":0,"DemandMax":1,"Value":1260},{"Length":50,"Height":39,"Demand":0,"DemandMax":1,"Value":1950},{"Length":97,"Height":20,"Demand":0,"DemandMax":1,"Value":5820},{"Length":35,"Height":38,"Demand":0,"DemandMax":1,"Value":1330},{"Length":22,"Height":46,"Demand":0,"DemandMax":1,"Value":2024},{"Length":11,"Height":2,"Demand":0,"DemandMax":1,"Value":22},{"Length":32,"Height":19,"Demand":0,"DemandMax":1,"Value":1216},{"Length":28,"Height":11,"Demand":0,"DemandMax":1,"Value":616},{"Length":18,"Height":36,"Demand":0,"DemandMax":1,"Value":1296},{"Length":2,"Height":48,"Demand":0,"DemandMax":1,"Value":288},{"Length":49,"Height":40,"Demand":0,"DemandMax":1,"Value":1960},{"Length":5,"Height":34,"Demand":0,"DemandMax":1,"Value":340},{"Length":16,"Height":39,"Demand":0,"DemandMax":1,"Value":1248},{"Length":25,"Height":36,"Demand":0,"DemandMax":1,"Value":1800},{"Length":43,"Height":33,"Demand":0,"DemandMax":1,"Value":1419},{"Length":33,"Height":85,"Demand":0,"DemandMax":1,"Value":8415},{"Length":100,"Height":27,"Demand":0,"DemandMax":1,"Value":2700},{"Length":4,"Height":77,"Demand":0,"DemandMax":1,"Value":924},{"Length":10,"Height":21,"Demand":0,"DemandMax":1,"Value":630},{"Length":2,"Height":16,"Demand":0,"DemandMax":1,"Value":64},{"Length":19,"Height":34,"Demand":0,"DemandMax":1,"Value":1938},{"Length":4,"Height":16,"Demand":0,"DemandMax":1,"Value":64},{"Length":39,"Height":19,"Demand":0,"DemandMax":1,"Value":2223},{"Length":29,"Height":20,"Demand":0,"DemandMax":1,"Value":1740},{"Length":6,"Height":28,"Demand":0,"DemandMax":1,"Value":168},{"Length":25,"Height":26,"Demand":0,"DemandMax":1,"Value":1300},{"Length":89,"Height":47,"Demand":0,"DemandMax":1,"Value":8366},{"Length":4,"Height":24,"Demand":0,"DemandMax":1,"Value":192},{"Length":15,"Height":8,"Demand":0,"DemandMax":1,"Value":240},{"Length":31,"Height":2,"Demand":0,"DemandMax":1,"Value":124},{"Length":50,"Height":35,"Demand":0,"DemandMax":1,"Value":5250},{"Length":44,"Height":32,"Demand":0,"DemandMax":1,"Value":4224},{"Length":30,"Height":39,"Demand":0,"DemandMax":1,"Value":1170},{"Length":18,"Height":47,"Demand":0,"DemandMax":1,"Value":1692},{"Length":84,"Height":37,"Demand":0,"DemandMax":1,"Value":6216},{"Length":36,"Height":9,"Demand":0,"DemandMax":1,"Value":648},{"Length":91,"Height":19,"Demand":0,"DemandMax":1,"Value":3458},{"Length":22,"Height":3,"Demand":0,"DemandMax":1,"Value":132},{"Length":24,"Height":13,"Demand":0,"DemandMax":1,"Value":936},{"Length":29,"Height":11,"Demand":0,"DemandMax":1,"Value":319},{"Length":4,"Height":43,"Demand":0,"DemandMax":1,"Value":172},{"Length":25,"Height":11,"Demand":0,"DemandMax":1,"Value":825},{"Length":13,"Height":48,"Demand":0,"DemandMax":1,"Value":1872},{"Length":40,"Height":90,"Demand":0,"DemandMax":1,"Value":3600},{"Length":24,"Height":23,"Demand":0,"DemandMax":1,"Value":1656},{"Length":87,"Height":20,"Demand":0,"DemandMax":1,"Value":1740},{"Length":79,"Height":41,"Demand":0,"DemandMax":1,"Value":6478},{"Length":14,"Height":31,"Demand":0,"DemandMax":1,"Value":434},{"Length":84,"Height":36,"Demand":0,"DemandMax":1,"Value":3024},{"Length":8,"Height":33,"Demand":0,"DemandMax":1,"Value":264},{"Length":49,"Height":12,"Demand":0,"DemandMax":1,"Value":1764},{"Length":17,"Height":13,"Demand":0,"DemandMax":1,"Value":442},{"Length":41,"Height":15,"Demand":0,"DemandMax":1,"Value":1845},{"Length":27,"Height":4,"Demand":0,"DemandMax":1,"Value":324},{"Length":4,"Height":21,"Demand":0,"DemandMax":1,"Value":84},{"Length":13,"Height":19,"Demand":0,"DemandMax":1,"Value":494},{"Length":50,"Height":49,"Demand":0,"DemandMax":1,"Value":7350},{"Length":43,"Height":48,"Demand":0,"DemandMax":1,"Value":4128},{"Length":75,"Height":63,"Demand":0,"DemandMax":1,"Value":9450},{"Length":20,"Height":6,"Demand":0,"DemandMax":1,"Value":240},{"Length":6,"Height":9,"Demand":0,"DemandMax":1,"Value":108},{"Length":31,"Height":17,"Demand":0,"DemandMax":1,"Value":527},{"Length":33,"Height":22,"Demand":0,"DemandMax":1,"Value":2178},{"Length":31,"Height":32,"Demand":0,"DemandMax":1,"Value":1984},{"Length":6,"Height":46,"Demand":0,"DemandMax":1,"Value":552},{"Length":37,"Height":47,"Demand":0,"DemandMax":1,"Value":1739},{"Length":5,"Height":93,"Demand":0,"DemandMax":1,"Value":465},{"Length":48,"Height":99,"Demand":0,"DemandMax":1,"Value":9504},{"Length":36,"Height":8,"Demand":0,"DemandMax":1,"Value":288},{"Length":82,"Height":77,"Demand":0,"DemandMax":1,"Value":18942},{"Length":47,"Height":45,"Demand":0,"DemandMax":1,"Value":2115},{"Length":11,"Height":39,"Demand":0,"DemandMax":1,"Value":858},{"Length":21,"Height":78,"Demand":0,"DemandMax":1,"Value":1638}]}