{"Name":"ngcutfs3_49","Objects":[{"Length":100,"Height":100,"Stock":null,"Cost":10000}],"Items":[{"Length":36,"Height":98,"Demand":0,"DemandMax":3,"Value":3528},{"Length":16,"Height":4,"Demand":0,"DemandMax":3,"Value":128},{"Length":78,"Height":9,"Demand":0,"DemandMax":3,"Value":702},{"Length":44,"Height":38,"Demand":0,"DemandMax":3,"Value":5016},{"Length":2,"Height":24,"Demand":0,"DemandMax":3,"Value":48},{"Length":15,"Height":88,"Demand":0,"DemandMax":3,"Value":2640},{"Length":25,"Height":10,"Demand":0,"DemandMax":3,"Value":500},{"Length":12,"Height":19,"Demand":0,"DemandMax":3,"Value":456},{"Length":8,"Height":92,"Demand":0,"DemandMax":3,"Value":736},{"Length":7,"Height":40,"Demand":0,"DemandMax":3,"Value":840},{"Length":88,"Height":32,"Demand":0,"DemandMax":3,"Value":5632},{"Length":98,"Height":33,"Demand":0,"DemandMax":3,"Value":9702},{"Length":10,"Height":41,"Demand":0,"DemandMax":3,"Value":1230},{"Length":42,"Height":32,"Demand":0,"DemandMax":3,"Value":4032},{"Length":46,"Height":27,"Demand":0,"DemandMax":3,"Value":1242},{"Length":51,"Height":100,"Demand":0,"DemandMax":3,"Value":5100},{"Length":24,"Height":25,"Demand":0,"DemandMax":3,"Value":1800},{"Length":45,"Height":12,"Demand":0,"DemandMax":3,"Value":1080},{"Length":24,"Height":31,"Demand":0,"DemandMax":3,"Value":744},{"Length":42,"Height":46,"Demand":0,"DemandMax":3,"Value":3864},{"Length":20,"Height":9,"Demand":0,"DemandMax":3,"Value":540},{"Length":37,"Height":20,"Demand":0,"DemandMax":3,"Value":740},{"Length":17,"Height":36,"Demand":0,"DemandMax":3,"Value":1224},{"Length":10,"Height":38,"Demand":0,"DemandMax":3,"Value":760},{"Length":50,"Height":28,"Demand":0,"DemandMax":3,"Value":2800},{"Length":95,"Height":12,"Demand":0,"DemandMax":3,"Value":1140},{"Length":9,"Height":43,"Demand":0,"DemandMax":3,"Value":774},{"Length":25,"Height":28,"Demand":0,"DemandMax":3,"Value":700},{"Length":86,"Height":55,"Demand":0,"DemandMax":3,"Value":4730},{"Length":17,"Height":24,"Demand":0,"DemandMax":3,"Value":408},{"Length":42,"Height":24,"Demand":0,"DemandMax":3,"Value":1008},{"Length":36,"Height":45,"Demand":0,"DemandMax":3,"Value":3240},{"Length":99,"Height":5,"Demand":0,"DemandMax":3,"Value":495},{"Length":73,"Height":98,"Demand":0,"DemandMax":3,"Value":14308},{"Length":99,"Height":3,"Demand":0,"DemandMax":3,"Value":297},{"Length":8,"Height":28,"Demand":0,"DemandMax":3,"Value":448},{"Length":79,"Height":25,"Demand":0,"DemandMax":3,"Value":3950},{"Length":39,"Height":14,"Demand":0,"DemandMax":3,"Value":1092},{"Length":72,"Height":65,"Demand":0,"DemandMax":3,"Value":4680},{"Length":33,"Height":2,"Demand":0,"DemandMax":3,"Value":132},{"Length":12,"Height":12,"Demand":0,"DemandMax":3,"Value":432},{"Length":16,"Height":15,"Demand":0,"DemandMax":3,"Value":480},{"Length":21,"Height":44,"Demand":0,"DemandMax":3,"Value":2772},{"Length":42,"Height":85,"Demand":0,"DemandMax":3,"Value":3570},{"Length":29,"Height":8,"Demand":0,"DemandMax":3,"Value":232},{"Length":44,"Height":20,"Demand":0,"DemandMax":3,"Value":2640},{"Length":13,"Height":97,"Demand":0,"DemandMax":3,"Value":2522},{"Length":36,"Height":38,"Demand":0,"DemandMax":3,"Value":2736},{"Length":8,"Height":47,"Demand":0,"DemandMax":3,"Value":376},{"Length":34,"Height":24,"Demand":0,"DemandMax":3,"Value":1632}]}