{"Name":"ngcutfs1_206","Objects":[{"Length":100,"Height":100,"Stock":null,"Cost":10000}],"Items":[{"Length":97,"Height":20,"Demand":0,"DemandMax":4,"Value":5820},{"Length":37,"Height":82,"Demand":0,"DemandMax":4,"Value":6068},{"Length":24,"Height":94,"Demand":0,"DemandMax":4,"Value":2256},{"Length":92,"Height":86,"Demand":0,"DemandMax":4,"Value":15824},{"Length":83,"Height":47,"Demand":0,"DemandMax":4,"Value":3901},{"Length":27,"Height":88,"Demand":0,"DemandMax":4,"Value":2376},{"Length":74,"Height":100,"Demand":0,"DemandMax":4,"Value":14800},{"Length":38,"Height":14,"Demand":0,"DemandMax":4,"Value":1596},{"Length":46,"Height":2,"Demand":0,"DemandMax":4,"Value":184},{"Length":46,"Height":11,"Demand":0,"DemandMax":4,"Value":1012},{"Length":21,"Height":89,"Demand":0,"DemandMax":4,"Value":1869},{"Length":43,"Height":42,"Demand":0,"DemandMax":4,"Value":5418},{"Length":86,"Height":69,"Demand":0,"DemandMax":4,"Value":17802},{"Length":24,"Height":92,"Demand":0,"DemandMax":4,"Value":6624},{"Length":51,"Height":60,"Demand":0,"DemandMax":4,"Value":9180},{"Length":44,"Height":23,"Demand":0,"DemandMax":4,"Value":1012},{"Length":78,"Height":32,"Demand":0,"DemandMax":4,"Value":7488},{"Length":11,"Height":44,"Demand":0,"DemandMax":4,"Value":968},{"Length":36,"Height":7,"Demand":0,"DemandMax":8,"Value":756},{"Length":31,"Height":88,"Demand":0,"DemandMax":4,"Value":2728},{"Length":21,"Height":28,"Demand":0,"DemandMax":8,"Value":1764},{"Length":20,"Height":89,"Demand":0,"DemandMax":4,"Value":5340},{"Length":76,"Height":21,"Demand":0,"DemandMax":4,"Value":1596},{"Length":10,"Height":84,"Demand":0,"DemandMax":4,"Value":840},{"Length":67,"Height":85,"Demand":0,"DemandMax":4,"Value":11390},{"Length":24,"Height":29,"Demand":0,"DemandMax":4,"Value":2088},{"Length":17,"Height":35,"Demand":0,"DemandMax":4,"Value":595},{"Length":97,"Height":23,"Demand":0,"DemandMax":4,"Value":6693},{"Length":81,"Height":95,"Demand":0,"DemandMax":4,"Value":15390},{"Length":15,"Height":19,"Demand":0,"DemandMax":4,"Value":570},{"Length":5,"Height":10,"Demand":0,"DemandMax":4,"Value":50},{"Length":44,"Height":32,"Demand":0,"DemandMax":4,"Value":4224},{"Length":6,"Height":49,"Demand":0,"DemandMax":4,"Value":294},{"Length":76,"Height":24,"Demand":0,"DemandMax":4,"Value":3648},{"Length":18,"Height":38,"Demand":0,"DemandMax":4,"Value":684},{"Length":31,"Height":87,"Demand":0,"DemandMax":4,"Value":2697},{"Length":75,"Height":86,"Demand":0,"DemandMax":4,"Value":6450},{"Length":80,"Height":29,"Demand":0,"DemandMax":4,"Value":6960},{"Length":41,"Height":22,"Demand":0,"DemandMax":4,"Value":2706},{"Length":3,"Height":35,"Demand":0,"DemandMax":4,"Value":210},{"Length":91,"Height":11,"Demand":0,"DemandMax":4,"Value":3003},{"Length":90,"Height":70,"Demand":0,"DemandMax":4,"Value":12600},{"Length":95,"Height":26,"Demand":0,"DemandMax":4,"Value":4940},{"Length":45,"Height":89,"Demand":0,"DemandMax":4,"Value":8010},{"Length":94,"Height":43,"Demand":0,"DemandMax":4,"Value":12126},{"Length":32,"Height":10,"Demand":0,"DemandMax":4,"Value":960},{"Length":7,"Height":46,"Demand":0,"DemandMax":4,"Value":644},{"Length":75,"Height":52,"Demand":0,"DemandMax":4,"Value":7800},{"Length":85,"Height":43,"Demand":0,"DemandMax":4,"Value":3655},{"Length":24,"Height":22,"Demand":0,"DemandMax":4,"Value":1584},{"Length":79,"Height":7,"Demand":0,"DemandMax":4,"Value":1659},{"Length":32,"Height":83,"Demand":0,"DemandMax":4,"Value":7968},{"Length":22,"Height":8,"Demand":0,"DemandMax":4,"Value":176},{"Length":33,"Height":23,"Demand":0,"DemandMax":4,"Value":1518},{"Length":95,"Height":20,"Demand":0,"DemandMax":8,"Value":1900},{"Length":88,"Height":15,"Demand":0,"DemandMax":4,"Value":2640},{"Length":49,"Height":29,"Demand":0,"DemandMax":4,"Value":4263},{"Length":95,"Height":35,"Demand":0,"DemandMax":4,"Value":3325},{"Length":57,"Height":92,"Demand":0,"DemandMax":4,"Value":5244},{"Length":24,"Height":42,"Demand":0,"DemandMax":4,"Value":1008},{"Length":16,"Height":19,"Demand":0,"DemandMax":4,"Value":304},{"Length":78,"Height":28,"Demand":0,"DemandMax":4,"Value":6552},{"Length":78,"Height":3,"Demand":0,"DemandMax":4,"Value":468},{"Length":68,"Height":68,"Demand":0,"DemandMax":4,"Value":4624},{"Length":54,"Height":70,"Demand":0,"DemandMax":4,"Value":11340},{"Length":19,"Height":2,"Demand":0,"DemandMax":4,"Value":76},{"Length":26,"Height":96,"Demand":0,"DemandMax":4,"Value":2496},{"Length":25,"Height":36,"Demand":0,"DemandMax":4,"Value":1800},{"Length":39,"Height":83,"Demand":0,"DemandMax":4,"Value":9711},{"Length":53,"Height":86,"Demand":0,"DemandMax":4,"Value":13674},{"Length":92,"Height":41,"Demand":0,"DemandMax":4,"Value":7544},{"Length":98,"Height":42,"Demand":0,"DemandMax":4,"Value":12348},{"Length":46,"Height":91,"Demand":0,"DemandMax":4,"Value":4186},{"Length":40,"Height":8,"Demand":0,"DemandMax":4,"Value":320},{"Length":38,"Height":26,"Demand":0,"DemandMax":4,"Value":988},{"Length":27,"Height":49,"Demand":0,"DemandMax":4,"Value":2646},{"Length":96,"Height":87,"Demand":0,"DemandMax":4,"Value":25056},{"Length":32,"Height":84,"Demand":0,"DemandMax":4,"Value":8064},{"Length":4,"Height":32,"Demand":0,"DemandMax":4,"Value":384},{"Length":26,"Height":17,"Demand":0,"DemandMax":4,"Value":884},{"Length":64,"Height":67,"Demand":0,"DemandMax":4,"Value":12864},{"Length":66,"Height":70,"Demand":0,"DemandMax":4,"Value":4620},{"Length":2,"Height":37,"Demand":0,"DemandMax":4,"Value":74},{"Length":19,"Height":44,"Demand":0,"DemandMax":8,"Value":2508},{"Length":26,"Height":87,"Demand":0,"DemandMax":4,"Value":2262},{"Length":14,"Height":27,"Demand":0,"DemandMax":4,"Value":756},{"Length":77,"Height":67,"Demand":0,"DemandMax":4,"Value":10318},{"Length":48,"Height":46,"Demand":0,"DemandMax":4,"Value":2208},{"Length":37,"Height":99,"Demand":0,"DemandMax":8,"Value":3663},{"Length":95,"Height":12,"Demand":0,"DemandMax":4,"Value":1140},{"Length":81,"Height":13,"Demand":0,"DemandMax":4,"Value":2106},{"Length":72,"Height":96,"Demand":0,"DemandMax":4,"Value":6912},{"Length":3,"Height":39,"Demand":0,"DemandMax":4,"Value":234},{"Length":84,"Height":46,"Demand":0,"DemandMax":4,"Value":11592},{"Length":8,"Height":47,"Demand":0,"DemandMax":4,"Value":376},{"Length":83,"Height":27,"Demand":0,"DemandMax":4,"Value":2241},{"Length":99,"Height":46,"Demand":0,"DemandMax":4,"Value":9108},{"Length":91,"Height":18,"Demand":0,"DemandMax":4,"Value":4914},{"Length":83,"Height":38,"Demand":0,"DemandMax":8,"Value":6308},{"Length":42,"Height":11,"Demand":0,"DemandMax":4,"Value":924},{"Length":23,"Height":91,"Demand":0,"DemandMax":4,"Value":4186},{"Length":93,"Height":43,"Demand":0,"DemandMax":4,"Value":11997},{"Length":91,"Height":15,"Demand":0,"DemandMax":4,"Value":4095},{"Length":23,"Height":34,"Demand":0,"DemandMax":4,"Value":2346},{"Length":77,"Height":2,"Demand":0,"DemandMax":4,"Value":154},{"Length":35,"Height":30,"Demand":0,"DemandMax":4,"Value":3150},{"Length":6,"Height":80,"Demand":0,"DemandMax":4,"Value":1440},{"Length":5,"Height":99,"Demand":0,"DemandMax":4,"Value":495},{"Length":81,"Height":16,"Demand":0,"DemandMax":4,"Value":1296},{"Length":83,"Height":35,"Demand":0,"DemandMax":4,"Value":5810},{"Length":27,"Height":81,"Demand":0,"DemandMax":4,"Value":6561},{"Length":71,"Height":91,"Demand":0,"DemandMax":4,"Value":19383},{"Length":23,"Height":23,"Demand":0,"DemandMax":4,"Value":1587},{"Length":15,"Height":25,"Demand":0,"DemandMax":4,"Value":1125},{"Length":76,"Height":72,"Demand":0,"DemandMax":4,"Value":5472},{"Length":90,"Height":54,"Demand":0,"DemandMax":4,"Value":9720},{"Length":4,"Height":8,"Demand":0,"DemandMax":4,"Value":32},{"Length":82,"Height":28,"Demand":0,"DemandMax":4,"Value":6888},{"Length":6,"Height":43,"Demand":0,"DemandMax":4,"Value":774},{"Length":77,"Height":100,"Demand":0,"DemandMax":4,"Value":7700},{"Length":82,"Height":100,"Demand":0,"DemandMax":4,"Value":8200},{"Length":85,"Height":97,"Demand":0,"DemandMax":4,"Value":8245},{"Length":19,"Height":10,"Demand":0,"DemandMax":4,"Value":570},{"Length":21,"Height":46,"Demand":0,"DemandMax":4,"Value":966},{"Length":20,"Height":94,"Demand":0,"DemandMax":4,"Value":3760},{"Length":48,"Height":34,"Demand":0,"DemandMax":4,"Value":3264},{"Length":6,"Height":32,"Demand":0,"DemandMax":4,"Value":192},{"Length":33,"Height":80,"Demand":0,"DemandMax":4,"Value":5280},{"Length":89,"Height":24,"Demand":0,"DemandMax":4,"Value":6408},{"Length":86,"Height":25,"Demand":0,"DemandMax":4,"Value":6450},{"Length":49,"Height":36,"Demand":0,"DemandMax":4,"Value":3528},{"Length":23,"Height":8,"Demand":0,"DemandMax":8,"Value":184},{"Length":6,"Height":10,"Demand":0,"DemandMax":4,"Value":60},{"Length":17,"Height":94,"Demand":0,"DemandMax":4,"Value":3196},{"Length":17,"Height":34,"Demand":0,"DemandMax":4,"Value":1156},{"Length":14,"Height":4,"Demand":0,"DemandMax":4,"Value":112},{"Length":21,"Height":18,"Demand":0,"DemandMax":4,"Value":1134},{"Length":13,"Height":3,"Demand":0,"DemandMax":4,"Value":78},{"Length":27,"Height":77,"Demand":0,"DemandMax":4,"Value":4158},{"Length":90,"Height":76,"Demand":0,"DemandMax":4,"Value":13680},{"Length":29,"Height":77,"Demand":0,"DemandMax":4,"Value":6699},{"Length":79,"Height":66,"Demand":0,"DemandMax":4,"Value":10428},{"Length":15,"Height":28,"Demand":0,"DemandMax":4,"Value":1260},{"Length":99,"Height":47,"Demand":0,"DemandMax":4,"Value":9306},{"Length":60,"Height":67,"Demand":0,"DemandMax":4,"Value":4020},{"Length":92,"Height":96,"Demand":0,"DemandMax":4,"Value":26496},{"Length":6,"Height":92,"Demand":0,"DemandMax":4,"Value":552},{"Length":3,"Height":99,"Demand":0,"DemandMax":4,"Value":594},{"Length":45,"Height":17,"Demand":0,"DemandMax":4,"Value":765},{"Length":36,"Height":89,"Demand":0,"DemandMax":4,"Value":3204},{"Length":90,"Height":86,"Demand":0,"DemandMax":4,"Value":7740},{"Length":40,"Height":29,"Demand":0,"DemandMax":4,"Value":3480},{"Length":87,"Height":47,"Demand":0,"DemandMax":4,"Value":8178},{"Length":45,"Height":88,"Demand":0,"DemandMax":4,"Value":7920},{"Length":31,"Height":20,"Demand":0,"DemandMax":4,"Value":620},{"Length":29,"Height":18,"Demand":0,"DemandMax":4,"Value":522},{"Length":34,"Height":98,"Demand":0,"DemandMax":4,"Value":9996},{"Length":100,"Height":28,"Demand":0,"DemandMax":4,"Value":8400},{"Length":22,"Height":92,"Demand":0,"DemandMax":4,"Value":4048},{"Length":94,"Height":14,"Demand":0,"DemandMax":4,"Value":3948},{"Length":44,"Height":82,"Demand":0,"DemandMax":4,"Value":10824},{"Length":25,"Height":47,"Demand":0,"DemandMax":4,"Value":3525},{"Length":42,"Height":37,"Demand":0,"DemandMax":4,"Value":3108},{"Length":9,"Height":86,"Demand":0,"DemandMax":4,"Value":1548},{"Length":42,"Height":38,"Demand":0,"DemandMax":4,"Value":4788},{"Length":96,"Height":2,"Demand":0,"DemandMax":4,"Value":192},{"Length":82,"Height":85,"Demand":0,"DemandMax":4,"Value":13940},{"Length":6,"Height":29,"Demand":0,"DemandMax":4,"Value":348},{"Length":25,"Height":12,"Demand":0,"DemandMax":4,"Value":900},{"Length":42,"Height":41,"Demand":0,"DemandMax":8,"Value":3444},{"Length":32,"Height":19,"Demand":0,"DemandMax":4,"Value":1824},{"Length":38,"Height":85,"Demand":0,"DemandMax":4,"Value":9690},{"Length":19,"Height":25,"Demand":0,"DemandMax":4,"Value":950},{"Length":21,"Height":15,"Demand":0,"DemandMax":4,"Value":315},{"Length":99,"Height":98,"Demand":0,"DemandMax":4,"Value":9702},{"Length":25,"Height":18,"Demand":0,"DemandMax":4,"Value":900},{"Length":53,"Height":100,"Demand":0,"DemandMax":4,"Value":10600},{"Length":8,"Height":25,"Demand":0,"DemandMax":4,"Value":200},{"Length":15,"Height":49,"Demand":0,"DemandMax":4,"Value":1470},{"Length":41,"Height":89,"Demand":0,"DemandMax":4,"Value":10947},{"Length":11,"Height":81,"Demand":0,"DemandMax":4,"Value":2673},{"Length":33,"Height":2,"Demand":0,"DemandMax":4,"Value":198},{"Length":14,"Height":98,"Demand":0,"DemandMax":4,"Value":4116},{"Length":51,"Height":85,"Demand":0,"DemandMax":4,"Value":13005},{"Length":35,"Height":17,"Demand":0,"DemandMax":4,"Value":1190},{"Length":78,"Height":41,"Demand":0,"DemandMax":8,"Value":9594},{"Length":25,"Height":30,"Demand":0,"DemandMax":4,"Value":750},{"Length":47,"Height":45,"Demand":0,"DemandMax":4,"Value":6345},{"Length":39,"Height":4,"Demand":0,"DemandMax":4,"Value":156},{"Length":24,"Height":39,"Demand":0,"DemandMax":4,"Value":1872},{"Length":26,"Height":87,"Demand":0,"DemandMax":4,"Value":6786},{"Length":79,"Height":45,"Demand":0,"DemandMax":4,"Value":10665},{"Length":79,"Height":12,"Demand":0,"DemandMax":4,"Value":2844},{"Length":71,"Height":93,"Demand":0,"DemandMax":4,"Value":19809},{"Length":12,"Height":47,"Demand":0,"DemandMax":4,"Value":1692},{"Length":59,"Height":55,"Demand":0,"DemandMax":4,"Value":9735},{"Length":76,"Height":2,"Demand":0,"DemandMax":4,"Value":304},{"Length":10,"Height":39,"Demand":0,"DemandMax":4,"Value":390},{"Length":5,"Height":50,"Demand":0,"DemandMax":4,"Value":500},{"Length":72,"Height":73,"Demand":0,"DemandMax":4,"Value":10512},{"Length":8,"Height":18,"Demand":0,"DemandMax":4,"Value":288},{"Length":91,"Height":45,"Demand":0,"DemandMax":4,"Value":12285},{"Length":13,"Height":6,"Demand":0,"DemandMax":4,"Value":156},{"Length":76,"Height":35,"Demand":0,"DemandMax":4,"Value":2660},{"Length":44,"Height":46,"Demand":0,"DemandMax":4,"Value":6072},{"Length":34,"Height":25,"Demand":0,"DemandMax":4,"Value":2550},{"Length":5,"Height":24,"Demand":0,"DemandMax":4,"Value":120},{"Length":50,"Height":40,"Demand":0,"DemandMax":4,"Value":2000},{"Length":37,"Height":15,"Demand":0,"DemandMax":4,"Value":555},{"Length":14,"Height":20,"Demand":0,"DemandMax":4,"Value":280},{"Length":10,"Height":43,"Demand":0,"DemandMax":4,"Value":430},{"Length":28,"Height":39,"Demand":0,"DemandMax":4,"Value":3276},{"Length":35,"Height":39,"Demand":0,"DemandMax":4,"Value":2730},{"Length":25,"Height":99,"Demand":0,"DemandMax":4,"Value":7425},{"Length":23,"Height":88,"Demand":0,"DemandMax":4,"Value":6072},{"Length":98,"Height":58,"Demand":0,"DemandMax":4,"Value":5684},{"Length":29,"Height":29,"Demand":0,"DemandMax":4,"Value":1682},{"Length":60,"Height":73,"Demand":0,"DemandMax":4,"Value":13140},{"Length":25,"Height":30,"Demand":0,"DemandMax":4,"Value":2250},{"Length":48,"Height":22,"Demand":0,"DemandMax":4,"Value":3168},{"Length":100,"Height":81,"Demand":0,"DemandMax":4,"Value":8100},{"Length":83,"Height":54,"Demand":0,"DemandMax":4,"Value":4482},{"Length":87,"Height":96,"Demand":0,"DemandMax":4,"Value":25056},{"Length":88,"Height":45,"Demand":0,"DemandMax":4,"Value":7920},{"Length":60,"Height":98,"Demand":0,"DemandMax":4,"Value":17640},{"Length":23,"Height":26,"Demand":0,"DemandMax":4,"Value":1794},{"Length":7,"Height":3,"Demand":0,"DemandMax":4,"Value":21},{"Length":38,"Height":37,"Demand":0,"DemandMax":4,"Value":1406},{"Length":86,"Height":23,"Demand":0,"DemandMax":4,"Value":3956},{"Length":34,"Height":46,"Demand":0,"DemandMax":4,"Value":4692},{"Length":77,"Height":48,"Demand":0,"DemandMax":4,"Value":11088},{"Length":38,"Height":99,"Demand":0,"DemandMax":4,"Value":11286},{"Length":99,"Height":11,"Demand":0,"DemandMax":4,"Value":2178},{"Length":19,"Height":24,"Demand":0,"DemandMax":4,"Value":912},{"Length":75,"Height":62,"Demand":0,"DemandMax":4,"Value":9300},{"Length":85,"Height":36,"Demand":0,"DemandMax":4,"Value":6120},{"Length":79,"Height":12,"Demand":0,"DemandMax":4,"Value":1896},{"Length":68,"Height":75,"Demand":0,"DemandMax":4,"Value":10200},{"Length":82,"Height":47,"Demand":0,"DemandMax":4,"Value":7708},{"Length":90,"Height":10,"Demand":0,"DemandMax":4,"Value":1800},{"Length":11,"Height":84,"Demand":0,"DemandMax":4,"Value":924},{"Length":74,"Height":85,"Demand":0,"DemandMax":4,"Value":12580},{"Length":11,"Height":39,"Demand":0,"DemandMax":4,"Value":429},{"Length":22,"Height":85,"Demand":0,"DemandMax":4,"Value":5610},{"Length":21,"Height":2,"Demand":0,"DemandMax":4,"Value":42},{"Length":81,"Height":44,"Demand":0,"DemandMax":4,"Value":10692},{"Length":35,"Height":96,"Demand":0,"DemandMax":4,"Value":3360},{"Length":16,"Height":29,"Demand":0,"DemandMax":4,"Value":1392},{"Length":3,"Height":2,"Demand":0,"DemandMax":4,"Value":18},{"Length":48,"Height":19,"Demand":0,"DemandMax":4,"Value":912},{"Length":82,"Height":93,"Demand":0,"DemandMax":4,"Value":15252},{"Length":39,"Height":40,"Demand":0,"DemandMax":4,"Value":4680},{"Length":81,"Height":60,"Demand":0,"DemandMax":4,"Value":14580},{"Length":52,"Height":89,"Demand":0,"DemandMax":4,"Value":4628},{"Length":12,"Height":92,"Demand":0,"DemandMax":4,"Value":1104},{"Length":26,"Height":98,"Demand":0,"DemandMax":4,"Value":2548},{"Length":48,"Height":43,"Demand":0,"DemandMax":4,"Value":4128},{"Length":28,"Height":46,"Demand":0,"DemandMax":4,"Value":1288},{"Length":22,"Height":18,"Demand":0,"DemandMax":4,"Value":792},{"Length":80,"Height":67,"Demand":0,"DemandMax":4,"Value":10720},{"Length":21,"Height":15,"Demand":0,"DemandMax":4,"Value":630},{"Length":23,"Height":6,"Demand":0,"DemandMax":4,"Value":276},{"Length":8,"Height":81,"Demand":0,"DemandMax":4,"Value":1296},{"Length":50,"Height":33,"Demand":0,"DemandMax":4,"Value":1650},{"Length":37,"Height":90,"Demand":0,"DemandMax":4,"Value":9990},{"Length":13,"Height":100,"Demand":0,"DemandMax":4,"Value":3900},{"Length":49,"Height":49,"Demand":0,"DemandMax":4,"Value":7203},{"Length":99,"Height":24,"Demand":0,"DemandMax":8,"Value":4752},{"Length":81,"Height":43,"Demand":0,"DemandMax":4,"Value":3483},{"Length":42,"Height":86,"Demand":0,"DemandMax":4,"Value":7224},{"Length":49,"Height":100,"Demand":0,"DemandMax":4,"Value":14700},{"Length":35,"Height":89,"Demand":0,"DemandMax":4,"Value":6230},{"Length":49,"Height":24,"Demand":0,"DemandMax":4,"Value":1176},{"Length":61,"Height":53,"Demand":0,"DemandMax":4,"Value":6466},{"Length":51,"Height":74,"Demand":0,"DemandMax":4,"Value":3774},{"Length":82,"Height":52,"Demand":0,"DemandMax":4,"Value":8528},{"Length":8,"Height":82,"Demand":0,"DemandMax":4,"Value":1968},{"Length":99,"Height":41,"Demand":0,"DemandMax":4,"Value":8118},{"Length":94,"Height":23,"Demand":0,"DemandMax":4,"Value":2162},{"Length":25,"Height":89,"Demand":0,"DemandMax":4,"Value":4450},{"Length":87,"Height":17,"Demand":0,"DemandMax":8,"Value":2958},{"Length":38,"Height":31,"Demand":0,"DemandMax":4,"Value":2356},{"Length":93,"Height":70,"Demand":0,"DemandMax":4,"Value":6510},{"Length":8,"Height":50,"Demand":0,"DemandMax":4,"Value":400},{"Length":10,"Height":35,"Demand":0,"DemandMax":4,"Value":1050},{"Length":90,"Height":37,"Demand":0,"DemandMax":4,"Value":6660},{"Length":89,"Height":89,"Demand":0,"DemandMax":4,"Value":15842},{"Length":72,"Height":89,"Demand":0,"DemandMax":8,"Value":12816},{"Length":42,"Height":89,"Demand":0,"DemandMax":4,"Value":3738},{"Length":7,"Height":97,"Demand":0,"DemandMax":4,"Value":679},{"Length":69,"Height":96,"Demand":0,"DemandMax":4,"Value":19872},{"Length":17,"Height":2,"Demand":0,"DemandMax":4,"Value":102},{"Length":24,"Height":80,"Demand":0,"DemandMax":8,"Value":3840},{"Length":4,"Height":9,"Demand":0,"DemandMax":4,"Value":108},{"Length":27,"Height":35,"Demand":0,"DemandMax":4,"Value":2835},{"Length":47,"Height":14,"Demand":0,"DemandMax":4,"Value":1974},{"Length":50,"Height":15,"Demand":0,"DemandMax":4,"Value":750},{"Length":37,"Height":19,"Demand":0,"DemandMax":4,"Value":703},{"Length":95,"Height":29,"Demand":0,"DemandMax":4,"Value":2755},{"Length":86,"Height":25,"Demand":0,"DemandMax":4,"Value":4300},{"Length":5,"Height":48,"Demand":0,"DemandMax":4,"Value":240},{"Length":64,"Height":93,"Demand":0,"DemandMax":4,"Value":17856},{"Length":48,"Height":36,"Demand":0,"DemandMax":4,"Value":3456},{"Length":21,"Height":45,"Demand":0,"DemandMax":4,"Value":945},{"Length":8,"Height":38,"Demand":0,"DemandMax":4,"Value":912},{"Length":30,"Height":39,"Demand":0,"DemandMax":4,"Value":3510},{"Length":27,"Height":47,"Demand":0,"DemandMax":4,"Value":1269},{"Length":47,"Height":88,"Demand":0,"DemandMax":4,"Value":8272},{"Length":92,"Height":2,"Demand":0,"DemandMax":4,"Value":184},{"Length":69,"Height":97,"Demand":0,"DemandMax":4,"Value":13386},{"Length":94,"Height":42,"Demand":0,"DemandMax":4,"Value":11844},{"Length":83,"Height":16,"Demand":0,"DemandMax":4,"Value":3984},{"Length":41,"Height":48,"Demand":0,"DemandMax":4,"Value":5904},{"Length":47,"Height":16,"Demand":0,"DemandMax":4,"Value":752},{"Length":93,"Height":40,"Demand":0,"DemandMax":4,"Value":11160},{"Length":35,"Height":6,"Demand":0,"DemandMax":4,"Value":420},{"Length":81,"Height":28,"Demand":0,"DemandMax":4,"Value":4536},{"Length":23,"Height":33,"Demand":0,"DemandMax":4,"Value":759},{"Length":84,"Height":24,"Demand":0,"DemandMax":4,"Value":2016},{"Length":91,"Height":92,"Demand":0,"DemandMax":4,"Value":25116},{"Length":83,"Height":30,"Demand":0,"DemandMax":4,"Value":4980},{"Length":88,"Height":37,"Demand":0,"DemandMax":4,"Value":6512},{"Length":14,"Height":79,"Demand":0,"DemandMax":4,"Value":3318},{"Length":12,"Height":9,"Demand":0,"DemandMax":4,"Value":324},{"Length":29,"Height":22,"Demand":0,"DemandMax":4,"Value":1276},{"Length":96,"Height":35,"Demand":0,"DemandMax":4,"Value":3360},{"Length":39,"Height":95,"Demand":0,"DemandMax":4,"Value":11115},{"Length":51,"Height":99,"Demand":0,"DemandMax":4,"Value":5049},{"Length":22,"Height":79,"Demand":0,"DemandMax":4,"Value":3476},{"Length":80,"Height":92,"Demand":0,"DemandMax":4,"Value":14720},{"Length":80,"Height":45,"Demand":0,"DemandMax":4,"Value":3600},{"Length":40,"Height":89,"Demand":0,"DemandMax":4,"Value":7120},{"Length":92,"Height":20,"Demand":0,"DemandMax":4,"Value":3680},{"Length":91,"Height":83,"Demand":0,"DemandMax":4,"Value":7553},{"Length":16,"Height":28,"Demand":0,"DemandMax":4,"Value":448},{"Length":80,"Height":13,"Demand":0,"DemandMax":4,"Value":2080},{"Length":81,"Height":7,"Demand":0,"DemandMax":4,"Value":1134},{"Length":37,"Height":25,"Demand":0,"DemandMax":4,"Value":2775},{"Length":5,"Height":16,"Demand":0,"DemandMax":4,"Value":80},{"Length":3,"Height":50,"Demand":0,"DemandMax":4,"Value":150},{"Length":22,"Height":37,"Demand":0,"DemandMax":4,"Value":814},{"Length":32,"Height":26,"Demand":0,"DemandMax":4,"Value":832},{"Length":22,"Height":6,"Demand":0,"DemandMax":4,"Value":132},{"Length":56,"Height":56,"Demand":0,"DemandMax":4,"Value":9408},{"Length":33,"Height":86,"Demand":0,"DemandMax":4,"Value":5676},{"Length":80,"Height":94,"Demand":0,"DemandMax":4,"Value":7520},{"Length":33,"Height":6,"Demand":0,"DemandMax":4,"Value":198},{"Length":91,"Height":24,"Demand":0,"DemandMax":4,"Value":6552},{"Length":22,"Height":42,"Demand":0,"DemandMax":4,"Value":2772},{"Length":86,"Height":82,"Demand":0,"DemandMax":4,"Value":21156},{"Length":97,"Height":99,"Demand":0,"DemandMax":4,"Value":19206},{"Length":38,"Height":23,"Demand":0,"DemandMax":4,"Value":2622},{"Length":13,"Height":99,"Demand":0,"DemandMax":4,"Value":2574},{"Length":10,"Height":7,"Demand":0,"DemandMax":4,"Value":140},{"Length":81,"Height":75,"Demand":0,"DemandMax":4,"Value":6075},{"Length":10,"Height":93,"Demand":0,"DemandMax":4,"Value":1860},{"Length":18,"Height":48,"Demand":0,"DemandMax":4,"Value":1728},{"Length":19,"Height":32,"Demand":0,"DemandMax":4,"Value":1216},{"Length":42,"Height":25,"Demand":0,"DemandMax":4,"Value":3150},{"Length":28,"Height":17,"Demand":0,"DemandMax":4,"Value":952},{"Length":49,"Height":24,"Demand":0,"DemandMax":4,"Value":2352},{"Length":32,"Height":38,"Demand":0,"DemandMax":4,"Value":2432},{"Length":95,"Height":37,"Demand":0,"DemandMax":4,"Value":7030},{"Length":94,"Height":31,"Demand":0,"DemandMax":4,"Value":8742},{"Length":90,"Height":7,"Demand":0,"DemandMax":4,"Value":630},{"Length":85,"Height":24,"Demand":0,"DemandMax":4,"Value":2040},{"Length":38,"Height":95,"Demand":0,"DemandMax":4,"Value":10830},{"Length":27,"Height":7,"Demand":0,"DemandMax":4,"Value":567},{"Length":3,"Height":21,"Demand":0,"DemandMax":4,"Value":126},{"Length":41,"Height":84,"Demand":0,"DemandMax":4,"Value":3444},{"Length":45,"Height":37,"Demand":0,"DemandMax":4,"Value":1665},{"Length":79,"Height":81,"Demand":0,"DemandMax":4,"Value":12798},{"Length":72,"Height":79,"Demand":0,"DemandMax":4,"Value":17064},{"Length":96,"Height":62,"Demand":0,"DemandMax":4,"Value":17856},{"Length":37,"Height":95,"Demand":0,"DemandMax":4,"Value":7030},{"Length":37,"Height":2,"Demand":0,"DemandMax":4,"Value":74},{"Length":66,"Height":85,"Demand":0,"DemandMax":4,"Value":5610},{"Length":66,"Height":76,"Demand":0,"DemandMax":4,"Value":5016},{"Length":93,"Height":61,"Demand":0,"DemandMax":4,"Value":17019},{"Length":8,"Height":38,"Demand":0,"DemandMax":4,"Value":304},{"Length":3,"Height":89,"Demand":0,"DemandMax":4,"Value":267},{"Length":4,"Height":39,"Demand":0,"DemandMax":4,"Value":312},{"Length":16,"Height":97,"Demand":0,"DemandMax":4,"Value":4656},{"Length":10,"Height":37,"Demand":0,"DemandMax":4,"Value":370},{"Length":18,"Height":10,"Demand":0,"DemandMax":4,"Value":540},{"Length":47,"Height":15,"Demand":0,"DemandMax":4,"Value":1410},{"Length":9,"Height":24,"Demand":0,"DemandMax":4,"Value":648},{"Length":48,"Height":32,"Demand":0,"DemandMax":4,"Value":1536},{"Length":45,"Height":10,"Demand":0,"DemandMax":4,"Value":1350},{"Length":95,"Height":94,"Demand":0,"DemandMax":4,"Value":8930},{"Length":7,"Height":15,"Demand":0,"DemandMax":4,"Value":210},{"Length":94,"Height":55,"Demand":0,"DemandMax":4,"Value":5170},{"Length":18,"Height":90,"Demand":0,"DemandMax":4,"Value":4860},{"Length":100,"Height":34,"Demand":0,"DemandMax":4,"Value":3400},{"Length":16,"Height":46,"Demand":0,"DemandMax":4,"Value":1472},{"Length":44,"Height":25,"Demand":0,"DemandMax":4,"Value":1100},{"Length":91,"Height":11,"Demand":0,"DemandMax":4,"Value":2002},{"Length":37,"Height":28,"Demand":0,"DemandMax":4,"Value":1036},{"Length":96,"Height":84,"Demand":0,"DemandMax":4,"Value":24192},{"Length":76,"Height":3,"Demand":0,"DemandMax":4,"Value":228},{"Length":33,"Height":34,"Demand":0,"DemandMax":4,"Value":2244},{"Length":36,"Height":82,"Demand":0,"DemandMax":4,"Value":2952},{"Length":47,"Height":13,"Demand":0,"DemandMax":4,"Value":1833},{"Length":94,"Height":47,"Demand":0,"DemandMax":4,"Value":13254},{"Length":42,"Height":3,"Demand":0,"DemandMax":4,"Value":126},{"Length":42,"Height":88,"Demand":0,"DemandMax":4,"Value":3696},{"Length":13,"Height":99,"Demand":0,"DemandMax":4,"Value":3861},{"Length":82,"Height":44,"Demand":0,"DemandMax":4,"Value":7216},{"Length":62,"Height":84,"Demand":0,"DemandMax":4,"Value":10416},{"Length":49,"Height":78,"Demand":0,"DemandMax":4,"Value":11466},{"Length":48,"Height":25,"Demand":0,"DemandMax":4,"Value":2400},{"Length":84,"Height":40,"Demand":0,"DemandMax":4,"Value":10080},{"Length":44,"Height":93,"Demand":0,"DemandMax":4,"Value":12276},{"Length":39,"Height":2,"Demand":0,"DemandMax":4,"Value":78},{"Length":68,"Height":98,"Demand":0,"DemandMax":4,"Value":13328},{"Length":99,"Height":13,"Demand":0,"DemandMax":4,"Value":2574},{"Length":9,"Height":77,"Demand":0,"DemandMax":4,"Value":2079},{"Length":24,"Height":48,"Demand":0,"DemandMax":4,"Value":1152},{"Length":23,"Height":90,"Demand":0,"DemandMax":4,"Value":6210},{"Length":19,"Height":45,"Demand":0,"DemandMax":4,"Value":1710},{"Length":13,"Height":36,"Demand":0,"DemandMax":4,"Value":468},{"Length":46,"Height":76,"Demand":0,"DemandMax":4,"Value":3496},{"Length":69,"Height":75,"Demand":0,"DemandMax":4,"Value":15525},{"Length":8,"Height":12,"Demand":0,"DemandMax":4,"Value":96},{"Length":61,"Height":62,"Demand":0,"DemandMax":4,"Value":11346},{"Length":91,"Height":67,"Demand":0,"DemandMax":4,"Value":18291},{"Length":58,"Height":95,"Demand":0,"DemandMax":4,"Value":5510},{"Length":31,"Height":93,"Demand":0,"DemandMax":4,"Value":2883},{"Length":67,"Height":72,"Demand":0,"DemandMax":8,"Value":14472},{"Length":84,"Height":14,"Demand":0,"DemandMax":4,"Value":3528},{"Length":48,"Height":14,"Demand":0,"DemandMax":4,"Value":672},{"Length":3,"Height":33,"Demand":0,"DemandMax":4,"Value":198},{"Length":20,"Height":97,"Demand":0,"DemandMax":4,"Value":3880},{"Length":69,"Height":72,"Demand":0,"DemandMax":4,"Value":14904},{"Length":21,"Height":17,"Demand":0,"DemandMax":4,"Value":714},{"Length":42,"Height":5,"Demand":0,"DemandMax":4,"Value":210},{"Length":17,"Height":47,"Demand":0,"DemandMax":4,"Value":1598},{"Length":74,"Height":88,"Demand":0,"DemandMax":4,"Value":6512},{"Length":100,"Height":17,"Demand":0,"DemandMax":4,"Value":3400},{"Length":16,"Height":95,"Demand":0,"DemandMax":4,"Value":4560},{"Length":41,"Height":87,"Demand":0,"DemandMax":4,"Value":3567},{"Length":68,"Height":68,"Demand":0,"DemandMax":4,"Value":13872},{"Length":19,"Height":99,"Demand":0,"DemandMax":4,"Value":3762},{"Length":41,"Height":41,"Demand":0,"DemandMax":4,"Value":1681},{"Length":15,"Height":81,"Demand":0,"DemandMax":4,"Value":2430},{"Length":80,"Height":27,"Demand":0,"DemandMax":4,"Value":6480},{"Length":78,"Height":43,"Demand":0,"DemandMax":4,"Value":6708},{"Length":17,"Height":95,"Demand":0,"DemandMax":4,"Value":3230},{"Length":31,"Height":22,"Demand":0,"DemandMax":4,"Value":2046},{"Length":38,"Height":47,"Demand":0,"DemandMax":4,"Value":5358},{"Length":39,"Height":3,"Demand":0,"DemandMax":4,"Value":117},{"Length":82,"Height":65,"Demand":0,"DemandMax":4,"Value":5330},{"Length":99,"Height":73,"Demand":0,"DemandMax":4,"Value":14454},{"Length":93,"Height":2,"Demand":0,"DemandMax":4,"Value":186},{"Length":14,"Height":47,"Demand":0,"DemandMax":4,"Value":658},{"Length":4,"Height":42,"Demand":0,"DemandMax":4,"Value":504},{"Length":11,"Height":16,"Demand":0,"DemandMax":4,"Value":528},{"Length":88,"Height":27,"Demand":0,"DemandMax":4,"Value":4752},{"Length":86,"Height":40,"Demand":0,"DemandMax":8,"Value":6880},{"Length":41,"Height":10,"Demand":0,"DemandMax":4,"Value":1230},{"Length":7,"Height":18,"Demand":0,"DemandMax":4,"Value":378},{"Length":15,"Height":16,"Demand":0,"DemandMax":4,"Value":720},{"Length":76,"Height":67,"Demand":0,"DemandMax":4,"Value":5092},{"Length":49,"Height":88,"Demand":0,"DemandMax":4,"Value":8624},{"Length":57,"Height":57,"Demand":0,"DemandMax":4,"Value":9747},{"Length":49,"Height":79,"Demand":0,"DemandMax":4,"Value":11613},{"Length":96,"Height":38,"Demand":0,"DemandMax":4,"Value":7296},{"Length":14,"Height":44,"Demand":0,"DemandMax":4,"Value":1848},{"Length":38,"Height":79,"Demand":0,"DemandMax":4,"Value":9006},{"Length":71,"Height":85,"Demand":0,"DemandMax":4,"Value":12070},{"Length":23,"Height":48,"Demand":0,"DemandMax":4,"Value":1104},{"Length":64,"Height":99,"Demand":0,"DemandMax":4,"Value":6336},{"Length":83,"Height":76,"Demand":0,"DemandMax":4,"Value":12616},{"Length":87,"Height":5,"Demand":0,"DemandMax":4,"Value":1305},{"Length":99,"Height":71,"Demand":0,"DemandMax":4,"Value":21087},{"Length":30,"Height":27,"Demand":0,"DemandMax":4,"Value":810},{"Length":7,"Height":28,"Demand":0,"DemandMax":4,"Value":588},{"Length":19,"Height":48,"Demand":0,"DemandMax":4,"Value":912},{"Length":31,"Height":50,"Demand":0,"DemandMax":4,"Value":4650},{"Length":43,"Height":85,"Demand":0,"DemandMax":4,"Value":3655},{"Length":89,"Height":57,"Demand":0,"DemandMax":4,"Value":15219},{"Length":13,"Height":4,"Demand":0,"DemandMax":4,"Value":156},{"Length":50,"Height":37,"Demand":0,"DemandMax":4,"Value":5550},{"Length":88,"Height":79,"Demand":0,"DemandMax":4,"Value":20856},{"Length":45,"Height":9,"Demand":0,"DemandMax":4,"Value":1215},{"Length":38,"Height":6,"Demand":0,"DemandMax":4,"Value":456},{"Length":42,"Height":31,"Demand":0,"DemandMax":4,"Value":2604},{"Length":43,"Height":33,"Demand":0,"DemandMax":4,"Value":2838},{"Length":88,"Height":95,"Demand":0,"DemandMax":4,"Value":8360},{"Length":43,"Height":2,"Demand":0,"DemandMax":4,"Value":258},{"Length":94,"Height":47,"Demand":0,"DemandMax":4,"Value":4418},{"Length":81,"Height":41,"Demand":0,"DemandMax":4,"Value":6642},{"Length":39,"Height":48,"Demand":0,"DemandMax":4,"Value":5616},{"Length":39,"Height":87,"Demand":0,"DemandMax":8,"Value":6786},{"Length":40,"Height":41,"Demand":0,"DemandMax":4,"Value":3280},{"Length":17,"Height":24,"Demand":0,"DemandMax":4,"Value":408},{"Length":86,"Height":40,"Demand":0,"DemandMax":4,"Value":10320},{"Length":29,"Height":23,"Demand":0,"DemandMax":4,"Value":2001},{"Length":83,"Height":66,"Demand":0,"DemandMax":4,"Value":10956},{"Length":45,"Height":49,"Demand":0,"DemandMax":4,"Value":2205},{"Length":96,"Height":16,"Demand":0,"DemandMax":4,"Value":4608},{"Length":25,"Height":95,"Demand":0,"DemandMax":4,"Value":2375},{"Length":4,"Height":29,"Demand":0,"DemandMax":4,"Value":348},{"Length":47,"Height":25,"Demand":0,"DemandMax":4,"Value":3525},{"Length":6,"Height":82,"Demand":0,"DemandMax":4,"Value":492},{"Length":56,"Height":70,"Demand":0,"DemandMax":4,"Value":7840},{"Length":99,"Height":93,"Demand":0,"DemandMax":4,"Value":27621},{"Length":32,"Height":14,"Demand":0,"DemandMax":4,"Value":448},{"Length":16,"Height":81,"Demand":0,"DemandMax":4,"Value":3888},{"Length":71,"Height":86,"Demand":0,"DemandMax":4,"Value":18318},{"Length":98,"Height":60,"Demand":0,"DemandMax":4,"Value":17640},{"Length":47,"Height":48,"Demand":0,"DemandMax":4,"Value":4512},{"Length":81,"Height":57,"Demand":0,"DemandMax":4,"Value":4617},{"Length":48,"Height":18,"Demand":0,"DemandMax":4,"Value":1728},{"Length":2,"Height":34,"Demand":0,"DemandMax":4,"Value":68},{"Length":5,"Height":97,"Demand":0,"DemandMax":4,"Value":1455},{"Length":34,"Height":92,"Demand":0,"DemandMax":4,"Value":6256},{"Length":17,"Height":78,"Demand":0,"DemandMax":4,"Value":3978},{"Length":8,"Height":49,"Demand":0,"DemandMax":4,"Value":1176},{"Length":36,"Height":33,"Demand":0,"DemandMax":4,"Value":3564},{"Length":84,"Height":16,"Demand":0,"DemandMax":4,"Value":1344},{"Length":82,"Height":30,"Demand":0,"DemandMax":4,"Value":2460},{"Length":79,"Height":43,"Demand":0,"DemandMax":4,"Value":6794},{"Length":76,"Height":8,"Demand":0,"DemandMax":4,"Value":1216},{"Length":96,"Height":42,"Demand":0,"DemandMax":4,"Value":12096},{"Length":20,"Height":48,"Demand":0,"DemandMax":4,"Value":2880},{"Length":17,"Height":98,"Demand":0,"DemandMax":4,"Value":4998},{"Length":80,"Height":49,"Demand":0,"DemandMax":4,"Value":11760},{"Length":31,"Height":97,"Demand":0,"DemandMax":4,"Value":6014},{"Length":46,"Height":5,"Demand":0,"DemandMax":4,"Value":460},{"Length":16,"Height":88,"Demand":0,"DemandMax":4,"Value":2816},{"Length":19,"Height":13,"Demand":0,"DemandMax":4,"Value":741},{"Length":46,"Height":39,"Demand":0,"DemandMax":4,"Value":1794},{"Length":63,"Height":52,"Demand":0,"DemandMax":4,"Value":6552},{"Length":88,"Height":39,"Demand":0,"DemandMax":4,"Value":3432},{"Length":15,"Height":29,"Demand":0,"DemandMax":4,"Value":435},{"Length":43,"Height":41,"Demand":0,"DemandMax":4,"Value":1763},{"Length":30,"Height":44,"Demand":0,"DemandMax":4,"Value":2640},{"Length":60,"Height":95,"Demand":0,"DemandMax":4,"Value":17100},{"Length":85,"Height":2,"Demand":0,"DemandMax":4,"Value":340},{"Length":46,"Height":81,"Demand":0,"DemandMax":4,"Value":3726},{"Length":44,"Height":47,"Demand":0,"DemandMax":4,"Value":2068},{"Length":83,"Height":79,"Demand":0,"DemandMax":4,"Value":13114},{"Length":43,"Height":42,"Demand":0,"DemandMax":4,"Value":1806},{"Length":23,"Height":7,"Demand":0,"DemandMax":4,"Value":161},{"Length":4,"Height":18,"Demand":0,"DemandMax":4,"Value":216},{"Length":94,"Height":63,"Demand":0,"DemandMax":4,"Value":11844},{"Length":43,"Height":50,"Demand":0,"DemandMax":4,"Value":2150},{"Length":76,"Height":80,"Demand":0,"DemandMax":4,"Value":18240},{"Length":48,"Height":89,"Demand":0,"DemandMax":4,"Value":8544},{"Length":82,"Height":96,"Demand":0,"DemandMax":4,"Value":23616},{"Length":4,"Height":6,"Demand":0,"DemandMax":4,"Value":24},{"Length":3,"Height":92,"Demand":0,"DemandMax":4,"Value":276},{"Length":50,"Height":89,"Demand":0,"DemandMax":4,"Value":13350},{"Length":35,"Height":40,"Demand":0,"DemandMax":4,"Value":4200},{"Length":39,"Height":13,"Demand":0,"DemandMax":4,"Value":1014},{"Length":100,"Height":6,"Demand":0,"DemandMax":4,"Value":1800},{"Length":5,"Height":29,"Demand":0,"DemandMax":4,"Value":145},{"Length":32,"Height":2,"Demand":0,"DemandMax":4,"Value":64},{"Length":10,"Height":38,"Demand":0,"DemandMax":4,"Value":1140},{"Length":44,"Height":44,"Demand":0,"DemandMax":4,"Value":3872},{"Length":47,"Height":78,"Demand":0,"DemandMax":4,"Value":7332},{"Length":52,"Height":57,"Demand":0,"DemandMax":4,"Value":2964},{"Length":22,"Height":25,"Demand":0,"DemandMax":4,"Value":550},{"Length":19,"Height":77,"Demand":0,"DemandMax":4,"Value":2926},{"Length":49,"Height":95,"Demand":0,"DemandMax":4,"Value":4655},{"Length":79,"Height":19,"Demand":0,"DemandMax":4,"Value":3002},{"Length":25,"Height":40,"Demand":0,"DemandMax":4,"Value":1000},{"Length":98,"Height":55,"Demand":0,"DemandMax":4,"Value":16170},{"Length":11,"Height":34,"Demand":0,"DemandMax":4,"Value":374},{"Length":17,"Height":14,"Demand":0,"DemandMax":4,"Value":714},{"Length":37,"Height":7,"Demand":0,"DemandMax":4,"Value":518},{"Length":11,"Height":39,"Demand":0,"DemandMax":4,"Value":1287},{"Length":13,"Height":43,"Demand":0,"DemandMax":4,"Value":1677},{"Length":89,"Height":6,"Demand":0,"DemandMax":4,"Value":1602},{"Length":86,"Height":35,"Demand":0,"DemandMax":4,"Value":9030},{"Length":24,"Height":2,"Demand":0,"DemandMax":4,"Value":144},{"Length":12,"Height":85,"Demand":0,"DemandMax":4,"Value":3060},{"Length":14,"Height":18,"Demand":0,"DemandMax":4,"Value":252},{"Length":37,"Height":43,"Demand":0,"DemandMax":4,"Value":1591},{"Length":96,"Height":54,"Demand":0,"DemandMax":4,"Value":15552},{"Length":76,"Height":49,"Demand":0,"DemandMax":4,"Value":7448},{"Length":96,"Height":40,"Demand":0,"DemandMax":4,"Value":7680},{"Length":96,"Height":8,"Demand":0,"DemandMax":4,"Value":1536},{"Length":55,"Height":92,"Demand":0,"DemandMax":4,"Value":5060},{"Length":15,"Height":32,"Demand":0,"DemandMax":4,"Value":1440},{"Length":13,"Height":11,"Demand":0,"DemandMax":4,"Value":429},{"Length":33,"Height":78,"Demand":0,"DemandMax":4,"Value":2574},{"Length":5,"Height":100,"Demand":0,"DemandMax":4,"Value":1000},{"Length":23,"Height":83,"Demand":0,"DemandMax":4,"Value":1909},{"Length":58,"Height":86,"Demand":0,"DemandMax":4,"Value":9976},{"Length":95,"Height":44,"Demand":0,"DemandMax":4,"Value":12540},{"Length":78,"Height":92,"Demand":0,"DemandMax":4,"Value":14352},{"Length":56,"Height":63,"Demand":0,"DemandMax":4,"Value":3528},{"Length":21,"Height":83,"Demand":0,"DemandMax":4,"Value":3486},{"Length":14,"Height":84,"Demand":0,"DemandMax":4,"Value":2352},{"Length":29,"Height":41,"Demand":0,"DemandMax":4,"Value":2378},{"Length":70,"Height":64,"Demand":0,"DemandMax":4,"Value":4480},{"Length":35,"Height":40,"Demand":0,"DemandMax":4,"Value":2800},{"Length":43,"Height":15,"Demand":0,"DemandMax":4,"Value":1290},{"Length":48,"Height":7,"Demand":0,"DemandMax":4,"Value":672},{"Length":36,"Height":50,"Demand":0,"DemandMax":4,"Value":5400},{"Length":62,"Height":74,"Demand":0,"DemandMax":4,"Value":4588},{"Length":36,"Height":37,"Demand":0,"DemandMax":4,"Value":3996},{"Length":100,"Height":93,"Demand":0,"DemandMax":4,"Value":18600},{"Length":97,"Height":33,"Demand":0,"DemandMax":4,"Value":3201},{"Length":40,"Height":20,"Demand":0,"DemandMax":4,"Value":1600},{"Length":3,"Height":4,"Demand":0,"DemandMax":4,"Value":36},{"Length":2,"Height":98,"Demand":0,"DemandMax":8,"Value":392},{"Length":94,"Height":39,"Demand":0,"DemandMax":4,"Value":3666},{"Length":94,"Height":95,"Demand":0,"DemandMax":4,"Value":8930},{"Length":77,"Height":60,"Demand":0,"DemandMax":4,"Value":13860},{"Length":91,"Height":29,"Demand":0,"DemandMax":4,"Value":7917},{"Length":21,"Height":78,"Demand":0,"DemandMax":4,"Value":1638},{"Length":13,"Height":94,"Demand":0,"DemandMax":4,"Value":3666},{"Length":44,"Height":78,"Demand":0,"DemandMax":4,"Value":6864},{"Length":63,"Height":59,"Demand":0,"DemandMax":4,"Value":7434},{"Length":88,"Height":31,"Demand":0,"DemandMax":4,"Value":2728},{"Length":58,"Height":60,"Demand":0,"DemandMax":4,"Value":3480},{"Length":96,"Height":63,"Demand":0,"DemandMax":4,"Value":6048},{"Length":22,"Height":5,"Demand":0,"DemandMax":4,"Value":330},{"Length":92,"Height":20,"Demand":0,"DemandMax":4,"Value":1840},{"Length":33,"Height":81,"Demand":0,"DemandMax":4,"Value":8019},{"Length":87,"Height":10,"Demand":0,"DemandMax":4,"Value":870},{"Length":79,"Height":4,"Demand":0,"DemandMax":4,"Value":632},{"Length":33,"Height":30,"Demand":0,"DemandMax":4,"Value":2970},{"Length":39,"Height":78,"Demand":0,"DemandMax":4,"Value":3042},{"Length":70,"Height":93,"Demand":0,"DemandMax":4,"Value":6510},{"Length":27,"Height":32,"Demand":0,"DemandMax":4,"Value":864},{"Length":32,"Height":31,"Demand":0,"DemandMax":4,"Value":2976},{"Length":30,"Height":77,"Demand":0,"DemandMax":4,"Value":6930},{"Length":81,"Height":64,"Demand":0,"DemandMax":4,"Value":15552},{"Length":55,"Height":68,"Demand":0,"DemandMax":4,"Value":11220},{"Length":78,"Height":20,"Demand":0,"DemandMax":4,"Value":3120},{"Length":76,"Height":34,"Demand":0,"DemandMax":4,"Value":2584},{"Length":78,"Height":41,"Demand":0,"DemandMax":4,"Value":6396},{"Length":94,"Height":21,"Demand":0,"DemandMax":4,"Value":3948},{"Length":99,"Height":73,"Demand":0,"DemandMax":4,"Value":21681},{"Length":25,"Height":4,"Demand":0,"DemandMax":4,"Value":100},{"Length":100,"Height":58,"Demand":0,"DemandMax":4,"Value":11600},{"Length":91,"Height":49,"Demand":0,"DemandMax":4,"Value":8918},{"Length":98,"Height":41,"Demand":0,"DemandMax":4,"Value":4018},{"Length":41,"Height":44,"Demand":0,"DemandMax":4,"Value":3608},{"Length":66,"Height":98,"Demand":0,"DemandMax":4,"Value":12936},{"Length":2,"Height":21,"Demand":0,"DemandMax":4,"Value":42},{"Length":27,"Height":48,"Demand":0,"DemandMax":4,"Value":3888},{"Length":50,"Height":89,"Demand":0,"DemandMax":4,"Value":8900},{"Length":55,"Height":65,"Demand":0,"DemandMax":4,"Value":10725},{"Length":75,"Height":53,"Demand":0,"DemandMax":4,"Value":7950},{"Length":44,"Height":15,"Demand":0,"DemandMax":4,"Value":660},{"Length":47,"Height":28,"Demand":0,"DemandMax":4,"Value":1316},{"Length":33,"Height":27,"Demand":0,"DemandMax":4,"Value":891},{"Length":39,"Height":77,"Demand":0,"DemandMax":4,"Value":9009},{"Length":13,"Height":19,"Demand":0,"DemandMax":4,"Value":247},{"Length":99,"Height":9,"Demand":0,"DemandMax":4,"Value":891},{"Length":46,"Height":82,"Demand":0,"DemandMax":4,"Value":11316},{"Length":65,"Height":83,"Demand":0,"DemandMax":4,"Value":16185},{"Length":10,"Height":30,"Demand":0,"DemandMax":4,"Value":300},{"Length":38,"Height":95,"Demand":0,"DemandMax":4,"Value":7220},{"Length":28,"Height":13,"Demand":0,"DemandMax":4,"Value":1092},{"Length":12,"Height":44,"Demand":0,"DemandMax":4,"Value":1056},{"Length":81,"Height":26,"Demand":0,"DemandMax":4,"Value":2106},{"Length":48,"Height":33,"Demand":0,"DemandMax":4,"Value":3168},{"Length":26,"Height":91,"Demand":0,"DemandMax":4,"Value":7098},{"Length":12,"Height":80,"Demand":0,"DemandMax":4,"Value":960},{"Length":82,"Height":16,"Demand":0,"DemandMax":4,"Value":1312},{"Length":39,"Height":18,"Demand":0,"DemandMax":4,"Value":702},{"Length":98,"Height":100,"Demand":0,"DemandMax":4,"Value":19600},{"Length":38,"Height":86,"Demand":0,"DemandMax":4,"Value":6536},{"Length":96,"Height":5,"Demand":0,"DemandMax":4,"Value":960},{"Length":19,"Height":18,"Demand":0,"DemandMax":4,"Value":1026},{"Length":14,"Height":88,"Demand":0,"DemandMax":8,"Value":2464},{"Length":41,"Height":97,"Demand":0,"DemandMax":4,"Value":11931},{"Length":77,"Height":13,"Demand":0,"DemandMax":4,"Value":3003},{"Length":29,"Height":27,"Demand":0,"DemandMax":4,"Value":1566},{"Length":100,"Height":10,"Demand":0,"DemandMax":4,"Value":2000},{"Length":83,"Height":78,"Demand":0,"DemandMax":4,"Value":19422},{"Length":23,"Height":30,"Demand":0,"DemandMax":4,"Value":2070},{"Length":35,"Height":15,"Demand":0,"DemandMax":4,"Value":1050},{"Length":23,"Height":40,"Demand":0,"DemandMax":4,"Value":1840},{"Length":95,"Height":26,"Demand":0,"DemandMax":4,"Value":7410},{"Length":88,"Height":39,"Demand":0,"DemandMax":4,"Value":10296},{"Length":26,"Height":91,"Demand":0,"DemandMax":4,"Value":2366},{"Length":35,"Height":91,"Demand":0,"DemandMax":4,"Value":9555},{"Length":33,"Height":6,"Demand":0,"DemandMax":4,"Value":396},{"Length":32,"Height":43,"Demand":0,"DemandMax":4,"Value":4128},{"Length":43,"Height":40,"Demand":0,"DemandMax":4,"Value":5160},{"Length":45,"Height":21,"Demand":0,"DemandMax":4,"Value":2835},{"Length":26,"Height":33,"Demand":0,"DemandMax":4,"Value":1716},{"Length":96,"Height":26,"Demand":0,"DemandMax":4,"Value":2496},{"Length":21,"Height":9,"Demand":0,"DemandMax":4,"Value":567},{"Length":15,"Height":18,"Demand":0,"DemandMax":4,"Value":810},{"Length":82,"Height":76,"Demand":0,"DemandMax":4,"Value":18696},{"Length":9,"Height":15,"Demand":0,"DemandMax":4,"Value":405},{"Length":76,"Height":3,"Demand":0,"DemandMax":4,"Value":456},{"Length":99,"Height":27,"Demand":0,"DemandMax":4,"Value":8019},{"Length":77,"Height":53,"Demand":0,"DemandMax":4,"Value":4081},{"Length":9,"Height":10,"Demand":0,"DemandMax":4,"Value":90},{"Length":100,"Height":31,"Demand":0,"DemandMax":4,"Value":3100},{"Length":87,"Height":70,"Demand":0,"DemandMax":4,"Value":18270},{"Length":26,"Height":28,"Demand":0,"DemandMax":4,"Value":2184},{"Length":95,"Height":13,"Demand":0,"DemandMax":4,"Value":3705},{"Length":94,"Height":24,"Demand":0,"DemandMax":4,"Value":4512},{"Length":15,"Height":5,"Demand":0,"DemandMax":4,"Value":150},{"Length":91,"Height":57,"Demand":0,"DemandMax":4,"Value":15561},{"Length":87,"Height":49,"Demand":0,"DemandMax":4,"Value":8526},{"Length":52,"Height":85,"Demand":0,"DemandMax":4,"Value":8840},{"Length":38,"Height":6,"Demand":0,"DemandMax":4,"Value":228},{"Length":83,"Height":50,"Demand":0,"DemandMax":4,"Value":4150},{"Length":91,"Height":74,"Demand":0,"DemandMax":4,"Value":6734},{"Length":89,"Height":60,"Demand":0,"DemandMax":4,"Value":5340},{"Length":26,"Height":84,"Demand":0,"DemandMax":4,"Value":2184},{"Length":9,"Height":97,"Demand":0,"DemandMax":4,"Value":1746},{"Length":21,"Height":48,"Demand":0,"DemandMax":4,"Value":1008},{"Length":44,"Height":81,"Demand":0,"DemandMax":4,"Value":10692},{"Length":42,"Height":44,"Demand":0,"DemandMax":4,"Value":1848},{"Length":21,"Height":39,"Demand":0,"DemandMax":4,"Value":2457},{"Length":85,"Height":40,"Demand":0,"DemandMax":4,"Value":6800},{"Length":49,"Height":46,"Demand":0,"DemandMax":4,"Value":6762},{"Length":45,"Height":28,"Demand":0,"DemandMax":4,"Value":2520},{"Length":100,"Height":44,"Demand":0,"DemandMax":4,"Value":4400},{"Length":78,"Height":46,"Demand":0,"DemandMax":4,"Value":3588},{"Length":83,"Height":85,"Demand":0,"DemandMax":4,"Value":14110},{"Length":88,"Height":32,"Demand":0,"DemandMax":4,"Value":8448},{"Length":79,"Height":36,"Demand":0,"DemandMax":4,"Value":5688},{"Length":99,"Height":48,"Demand":0,"DemandMax":4,"Value":9504},{"Length":10,"Height":23,"Demand":0,"DemandMax":4,"Value":460},{"Length":71,"Height":64,"Demand":0,"DemandMax":4,"Value":9088},{"Length":47,"Height":83,"Demand":0,"DemandMax":4,"Value":7802},{"Length":91,"Height":37,"Demand":0,"DemandMax":4,"Value":10101},{"Length":91,"Height":18,"Demand":0,"DemandMax":4,"Value":3276},{"Length":31,"Height":2,"Demand":0,"DemandMax":4,"Value":124},{"Length":96,"Height":60,"Demand":0,"DemandMax":4,"Value":11520},{"Length":86,"Height":23,"Demand":0,"DemandMax":4,"Value":5934},{"Length":74,"Height":85,"Demand":0,"DemandMax":4,"Value":18870},{"Length":98,"Height":70,"Demand":0,"DemandMax":4,"Value":6860},{"Length":73,"Height":59,"Demand":0,"DemandMax":4,"Value":8614},{"Length":82,"Height":17,"Demand":0,"DemandMax":4,"Value":1394},{"Length":25,"Height":81,"Demand":0,"DemandMax":4,"Value":6075},{"Length":6,"Height":99,"Demand":0,"DemandMax":4,"Value":594},{"Length":45,"Height":99,"Demand":0,"DemandMax":4,"Value":4455},{"Length":74,"Height":98,"Demand":0,"DemandMax":4,"Value":21756},{"Length":55,"Height":91,"Demand":0,"DemandMax":4,"Value":5005},{"Length":13,"Height":16,"Demand":0,"DemandMax":4,"Value":208},{"Length":81,"Height":41,"Demand":0,"DemandMax":4,"Value":9963},{"Length":43,"Height":29,"Demand":0,"DemandMax":4,"Value":1247},{"Length":43,"Height":27,"Demand":0,"DemandMax":4,"Value":3483},{"Length":32,"Height":95,"Demand":0,"DemandMax":4,"Value":3040},{"Length":40,"Height":80,"Demand":0,"DemandMax":4,"Value":3200},{"Length":79,"Height":40,"Demand":0,"DemandMax":4,"Value":9480},{"Length":71,"Height":89,"Demand":0,"DemandMax":4,"Value":12638},{"Length":4,"Height":92,"Demand":0,"DemandMax":4,"Value":1104},{"Length":68,"Height":95,"Demand":0,"DemandMax":4,"Value":6460},{"Length":19,"Height":41,"Demand":0,"DemandMax":4,"Value":1558},{"Length":80,"Height":43,"Demand":0,"DemandMax":4,"Value":10320},{"Length":14,"Height":42,"Demand":0,"DemandMax":4,"Value":1764},{"Length":10,"Height":94,"Demand":0,"DemandMax":4,"Value":940},{"Length":34,"Height":9,"Demand":0,"DemandMax":4,"Value":918},{"Length":18,"Height":79,"Demand":0,"DemandMax":4,"Value":2844},{"Length":99,"Height":89,"Demand":0,"DemandMax":4,"Value":26433},{"Length":54,"Height":94,"Demand":0,"DemandMax":4,"Value":15228},{"Length":22,"Height":77,"Demand":0,"DemandMax":4,"Value":5082},{"Length":15,"Height":16,"Demand":0,"DemandMax":4,"Value":480},{"Length":32,"Height":90,"Demand":0,"DemandMax":4,"Value":2880},{"Length":85,"Height":91,"Demand":0,"DemandMax":4,"Value":23205},{"Length":99,"Height":34,"Demand":0,"DemandMax":4,"Value":6732},{"Length":25,"Height":90,"Demand":0,"DemandMax":4,"Value":6750},{"Length":90,"Height":65,"Demand":0,"DemandMax":4,"Value":17550},{"Length":18,"Height":35,"Demand":0,"DemandMax":4,"Value":1260},{"Length":51,"Height":99,"Demand":0,"DemandMax":4,"Value":10098},{"Length":4,"Height":27,"Demand":0,"DemandMax":4,"Value":216},{"Length":13,"Height":7,"Demand":0,"DemandMax":4,"Value":182},{"Length":24,"Height":27,"Demand":0,"DemandMax":4,"Value":1944},{"Length":33,"Height":4,"Demand":0,"DemandMax":4,"Value":264},{"Length":57,"Height":86,"Demand":0,"DemandMax":4,"Value":14706},{"Length":37,"Height":50,"Demand":0,"DemandMax":4,"Value":1850},{"Length":24,"Height":7,"Demand":0,"DemandMax":4,"Value":504},{"Length":100,"Height":95,"Demand":0,"DemandMax":4,"Value":28500},{"Length":42,"Height":84,"Demand":0,"DemandMax":4,"Value":3528},{"Length":43,"Height":46,"Demand":0,"DemandMax":4,"Value":1978},{"Length":58,"Height":55,"Demand":0,"DemandMax":4,"Value":6380},{"Length":80,"Height":32,"Demand":0,"DemandMax":4,"Value":5120},{"Length":76,"Height":41,"Demand":0,"DemandMax":4,"Value":6232},{"Length":22,"Height":50,"Demand":0,"DemandMax":4,"Value":1100},{"Length":10,"Height":24,"Demand":0,"DemandMax":4,"Value":240},{"Length":46,"Height":89,"Demand":0,"DemandMax":4,"Value":12282},{"Length":13,"Height":93,"Demand":0,"DemandMax":4,"Value":3627},{"Length":52,"Height":85,"Demand":0,"DemandMax":4,"Value":4420},{"Length":23,"Height":96,"Demand":0,"DemandMax":4,"Value":4416},{"Length":11,"Height":15,"Demand":0,"DemandMax":4,"Value":495},{"Length":13,"Height":27,"Demand":0,"DemandMax":4,"Value":351},{"Length":34,"Height":48,"Demand":0,"DemandMax":4,"Value":4896},{"Length":22,"Height":12,"Demand":0,"DemandMax":4,"Value":264},{"Length":46,"Height":11,"Demand":0,"DemandMax":4,"Value":506},{"Length":72,"Height":64,"Demand":0,"DemandMax":4,"Value":9216},{"Length":89,"Height":33,"Demand":0,"DemandMax":4,"Value":5874},{"Length":51,"Height":69,"Demand":0,"DemandMax":4,"Value":10557},{"Length":37,"Height":81,"Demand":0,"DemandMax":4,"Value":5994},{"Length":41,"Height":9,"Demand":0,"DemandMax":4,"Value":738},{"Length":47,"Height":12,"Demand":0,"DemandMax":4,"Value":564},{"Length":29,"Height":27,"Demand":0,"DemandMax":4,"Value":783},{"Length":79,"Height":60,"Demand":0,"DemandMax":4,"Value":4740},{"Length":91,"Height":23,"Demand":0,"DemandMax":4,"Value":4186},{"Length":99,"Height":66,"Demand":0,"DemandMax":4,"Value":6534},{"Length":93,"Height":33,"Demand":0,"DemandMax":4,"Value":9207},{"Length":33,"Height":100,"Demand":0,"DemandMax":4,"Value":6600},{"Length":19,"Height":8,"Demand":0,"DemandMax":4,"Value":304},{"Length":4,"Height":19,"Demand":0,"DemandMax":4,"Value":152},{"Length":22,"Height":38,"Demand":0,"DemandMax":4,"Value":836},{"Length":40,"Height":49,"Demand":0,"DemandMax":4,"Value":3920},{"Length":44,"Height":26,"Demand":0,"DemandMax":4,"Value":2288},{"Length":43,"Height":88,"Demand":0,"DemandMax":4,"Value":3784},{"Length":20,"Height":47,"Demand":0,"DemandMax":4,"Value":940},{"Length":39,"Height":19,"Demand":0,"DemandMax":4,"Value":1482},{"Length":21,"Height":38,"Demand":0,"DemandMax":4,"Value":2394},{"Length":90,"Height":61,"Demand":0,"DemandMax":4,"Value":10980},{"Length":93,"Height":4,"Demand":0,"DemandMax":4,"Value":1116},{"Length":16,"Height":35,"Demand":0,"DemandMax":4,"Value":1680},{"Length":54,"Height":71,"Demand":0,"DemandMax":4,"Value":7668},{"Length":45,"Height":31,"Demand":0,"DemandMax":4,"Value":2790},{"Length":88,"Height":45,"Demand":0,"DemandMax":4,"Value":3960},{"Length":84,"Height":77,"Demand":0,"DemandMax":4,"Value":19404},{"Length":95,"Height":67,"Demand":0,"DemandMax":4,"Value":12730},{"Length":92,"Height":30,"Demand":0,"DemandMax":4,"Value":2760},{"Length":83,"Height":21,"Demand":0,"DemandMax":4,"Value":5229},{"Length":13,"Height":14,"Demand":0,"DemandMax":4,"Value":546},{"Length":49,"Height":37,"Demand":0,"DemandMax":4,"Value":1813},{"Length":2,"Height":99,"Demand":0,"DemandMax":4,"Value":198},{"Length":76,"Height":19,"Demand":0,"DemandMax":4,"Value":1444},{"Length":38,"Height":76,"Demand":0,"DemandMax":4,"Value":2888},{"Length":78,"Height":90,"Demand":0,"DemandMax":4,"Value":21060},{"Length":34,"Height":26,"Demand":0,"DemandMax":4,"Value":1768},{"Length":84,"Height":2,"Demand":0,"DemandMax":4,"Value":504},{"Length":4,"Height":40,"Demand":0,"DemandMax":4,"Value":480},{"Length":9,"Height":4,"Demand":0,"DemandMax":4,"Value":108},{"Length":97,"Height":10,"Demand":0,"DemandMax":4,"Value":970},{"Length":11,"Height":11,"Demand":0,"DemandMax":4,"Value":242},{"Length":15,"Height":26,"Demand":0,"DemandMax":4,"Value":1170},{"Length":18,"Height":22,"Demand":0,"DemandMax":4,"Value":792},{"Length":49,"Height":11,"Demand":0,"DemandMax":4,"Value":1078},{"Length":49,"Height":30,"Demand":0,"DemandMax":4,"Value":1470},{"Length":92,"Height":98,"Demand":0,"DemandMax":4,"Value":18032},{"Length":24,"Height":85,"Demand":0,"DemandMax":4,"Value":2040},{"Length":19,"Height":76,"Demand":0,"DemandMax":4,"Value":2888},{"Length":64,"Height":93,"Demand":0,"DemandMax":4,"Value":5952},{"Length":5,"Height":80,"Demand":0,"DemandMax":4,"Value":800},{"Length":28,"Height":96,"Demand":0,"DemandMax":4,"Value":5376},{"Length":33,"Height":33,"Demand":0,"DemandMax":4,"Value":2178},{"Length":91,"Height":44,"Demand":0,"DemandMax":4,"Value":12012},{"Length":15,"Height":12,"Demand":0,"DemandMax":4,"Value":540},{"Length":2,"Height":2,"Demand":0,"DemandMax":4,"Value":8},{"Length":23,"Height":100,"Demand":0,"DemandMax":4,"Value":2300},{"Length":85,"Height":4,"Demand":0,"DemandMax":4,"Value":1020},{"Length":17,"Height":32,"Demand":0,"DemandMax":4,"Value":1088},{"Length":3,"Height":88,"Demand":0,"DemandMax":4,"Value":528},{"Length":23,"Height":7,"Demand":0,"DemandMax":4,"Value":483},{"Length":63,"Height":90,"Demand":0,"DemandMax":4,"Value":17010},{"Length":19,"Height":11,"Demand":0,"DemandMax":4,"Value":209},{"Length":97,"Height":39,"Demand":0,"DemandMax":4,"Value":3783},{"Length":59,"Height":51,"Demand":0,"DemandMax":4,"Value":9027},{"Length":72,"Height":94,"Demand":0,"DemandMax":4,"Value":13536},{"Length":30,"Height":20,"Demand":0,"DemandMax":4,"Value":1800},{"Length":89,"Height":100,"Demand":0,"DemandMax":4,"Value":17800},{"Length":77,"Height":21,"Demand":0,"DemandMax":8,"Value":4851},{"Length":75,"Height":92,"Demand":0,"DemandMax":4,"Value":13800},{"Length":59,"Height":86,"Demand":0,"DemandMax":4,"Value":15222},{"Length":35,"Height":89,"Demand":0,"DemandMax":4,"Value":9345},{"Length":44,"Height":39,"Demand":0,"DemandMax":4,"Value":1716},{"Length":89,"Height":37,"Demand":0,"DemandMax":4,"Value":3293},{"Length":11,"Height":22,"Demand":0,"DemandMax":4,"Value":726},{"Length":77,"Height":70,"Demand":0,"DemandMax":4,"Value":5390},{"Length":49,"Height":16,"Demand":0,"DemandMax":4,"Value":2352},{"Length":73,"Height":91,"Demand":0,"DemandMax":4,"Value":6643},{"Length":45,"Height":4,"Demand":0,"DemandMax":4,"Value":540},{"Length":32,"Height":91,"Demand":0,"DemandMax":4,"Value":5824},{"Length":76,"Height":15,"Demand":0,"DemandMax":4,"Value":3420},{"Length":29,"Height":36,"Demand":0,"DemandMax":4,"Value":1044},{"Length":35,"Height":14,"Demand":0,"DemandMax":4,"Value":490},{"Length":70,"Height":64,"Demand":0,"DemandMax":4,"Value":13440},{"Length":7,"Height":35,"Demand":0,"DemandMax":4,"Value":245},{"Length":53,"Height":52,"Demand":0,"DemandMax":4,"Value":2756},{"Length":97,"Height":12,"Demand":0,"DemandMax":4,"Value":1164},{"Length":34,"Height":100,"Demand":0,"DemandMax":4,"Value":6800},{"Length":65,"Height":76,"Demand":0,"DemandMax":4,"Value":4940},{"Length":31,"Height":93,"Demand":0,"DemandMax":4,"Value":5766},{"Length":17,"Height":5,"Demand":0,"DemandMax":4,"Value":255},{"Length":89,"Height":14,"Demand":0,"DemandMax":4,"Value":3738},{"Length":76,"Height":51,"Demand":0,"DemandMax":4,"Value":3876},{"Length":52,"Height":79,"Demand":0,"DemandMax":4,"Value":12324},{"Length":47,"Height":3,"Demand":0,"DemandMax":4,"Value":282},{"Length":29,"Height":12,"Demand":0,"DemandMax":4,"Value":348},{"Length":27,"Height":100,"Demand":0,"DemandMax":4,"Value":8100},{"Length":69,"Height":83,"Demand":0,"DemandMax":4,"Value":11454},{"Length":6,"Height":87,"Demand":0,"DemandMax":4,"Value":1044},{"Length":48,"Height":79,"Demand":0,"DemandMax":4,"Value":11376},{"Length":40,"Height":77,"Demand":0,"DemandMax":4,"Value":6160},{"Length":56,"Height":91,"Demand":0,"DemandMax":4,"Value":15288},{"Length":86,"Height":37,"Demand":0,"DemandMax":4,"Value":9546},{"Length":83,"Height":44,"Demand":0,"DemandMax":4,"Value":10956},{"Length":98,"Height":48,"Demand":0,"DemandMax":4,"Value":4704},{"Length":84,"Height":44,"Demand":0,"DemandMax":4,"Value":3696},{"Length":17,"Height":93,"Demand":0,"DemandMax":4,"Value":4743},{"Length":23,"Height":44,"Demand":0,"DemandMax":4,"Value":1012},{"Length":29,"Height":77,"Demand":0,"DemandMax":4,"Value":4466},{"Length":95,"Height":21,"Demand":0,"DemandMax":4,"Value":5985},{"Length":94,"Height":3,"Demand":0,"DemandMax":4,"Value":282},{"Length":48,"Height":39,"Demand":0,"DemandMax":4,"Value":1872},{"Length":43,"Height":92,"Demand":0,"DemandMax":4,"Value":3956},{"Length":28,"Height":14,"Demand":0,"DemandMax":4,"Value":1176},{"Length":92,"Height":41,"Demand":0,"DemandMax":4,"Value":3772},{"Length":10,"Height":82,"Demand":0,"DemandMax":4,"Value":1640},{"Length":86,"Height":21,"Demand":0,"DemandMax":4,"Value":1806},{"Length":78,"Height":53,"Demand":0,"DemandMax":4,"Value":4134},{"Length":10,"Height":6,"Demand":0,"DemandMax":4,"Value":180},{"Length":58,"Height":97,"Demand":0,"DemandMax":4,"Value":11252},{"Length":73,"Height":89,"Demand":0,"DemandMax":4,"Value":6497},{"Length":81,"Height":63,"Demand":0,"DemandMax":4,"Value":10206},{"Length":24,"Height":77,"Demand":0,"DemandMax":4,"Value":5544},{"Length":63,"Height":98,"Demand":0,"DemandMax":4,"Value":18522},{"Length":69,"Height":95,"Demand":0,"DemandMax":4,"Value":13110},{"Length":59,"Height":69,"Demand":0,"DemandMax":4,"Value":8142},{"Length":100,"Height":47,"Demand":0,"DemandMax":4,"Value":14100},{"Length":41,"Height":96,"Demand":0,"DemandMax":4,"Value":11808},{"Length":92,"Height":83,"Demand":0,"DemandMax":4,"Value":15272},{"Length":9,"Height":17,"Demand":0,"DemandMax":4,"Value":306},{"Length":25,"Height":88,"Demand":0,"DemandMax":4,"Value":4400},{"Length":79,"Height":90,"Demand":0,"DemandMax":4,"Value":7110},{"Length":34,"Height":23,"Demand":0,"DemandMax":4,"Value":2346},{"Length":89,"Height":100,"Demand":0,"DemandMax":4,"Value":26700},{"Length":10,"Height":13,"Demand":0,"DemandMax":4,"Value":390},{"Length":84,"Height":23,"Demand":0,"DemandMax":4,"Value":5796},{"Length":35,"Height":98,"Demand":0,"DemandMax":4,"Value":3430},{"Length":88,"Height":39,"Demand":0,"DemandMax":4,"Value":6864},{"Length":43,"Height":100,"Demand":0,"DemandMax":4,"Value":8600},{"Length":75,"Height":84,"Demand":0,"DemandMax":4,"Value":6300},{"Length":91,"Height":30,"Demand":0,"DemandMax":4,"Value":5460},{"Length":86,"Height":33,"Demand":0,"DemandMax":4,"Value":2838},{"Length":24,"Height":36,"Demand":0,"DemandMax":4,"Value":2592},{"Length":25,"Height":48,"Demand":0,"DemandMax":4,"Value":2400},{"Length":28,"Height":90,"Demand":0,"DemandMax":4,"Value":2520},{"Length":10,"Height":92,"Demand":0,"DemandMax":4,"Value":2760},{"Length":82,"Height":5,"Demand":0,"DemandMax":4,"Value":410},{"Length":16,"Height":44,"Demand":0,"DemandMax":4,"Value":1408},{"Length":76,"Height":18,"Demand":0,"DemandMax":4,"Value":2736},{"Length":95,"Height":4,"Demand":0,"DemandMax":4,"Value":760},{"Length":4,"Height":14,"Demand":0,"DemandMax":4,"Value":56},{"Length":70,"Height":93,"Demand":0,"DemandMax":4,"Value":19530},{"Length":10,"Height":90,"Demand":0,"DemandMax":4,"Value":1800},{"Length":59,"Height":92,"Demand":0,"DemandMax":4,"Value":10856},{"Length":17,"Height":95,"Demand":0,"DemandMax":4,"Value":4845},{"Length":46,"Height":14,"Demand":0,"DemandMax":4,"Value":1932},{"Length":100,"Height":56,"Demand":0,"DemandMax":4,"Value":16800},{"Length":15,"Height":94,"Demand":0,"DemandMax":4,"Value":2820},{"Length":13,"Height":12,"Demand":0,"DemandMax":4,"Value":468},{"Length":8,"Height":8,"Demand":0,"DemandMax":4,"Value":64},{"Length":11,"Height":31,"Demand":0,"DemandMax":4,"Value":682},{"Length":14,"Height":99,"Demand":0,"DemandMax":4,"Value":1386},{"Length":13,"Height":89,"Demand":0,"DemandMax":4,"Value":3471},{"Length":27,"Height":95,"Demand":0,"DemandMax":4,"Value":2565},{"Length":86,"Height":8,"Demand":0,"DemandMax":4,"Value":1376},{"Length":86,"Height":22,"Demand":0,"DemandMax":4,"Value":3784},{"Length":48,"Height":87,"Demand":0,"DemandMax":4,"Value":8352},{"Length":11,"Height":83,"Demand":0,"DemandMax":4,"Value":913},{"Length":40,"Height":12,"Demand":0,"DemandMax":4,"Value":480},{"Length":88,"Height":28,"Demand":0,"DemandMax":4,"Value":7392},{"Length":98,"Height":69,"Demand":0,"DemandMax":4,"Value":13524},{"Length":10,"Height":36,"Demand":0,"DemandMax":4,"Value":360},{"Length":39,"Height":30,"Demand":0,"DemandMax":4,"Value":2340},{"Length":82,"Height":23,"Demand":0,"DemandMax":4,"Value":3772},{"Length":7,"Height":3,"Demand":0,"DemandMax":4,"Value":63},{"Length":36,"Height":42,"Demand":0,"DemandMax":4,"Value":3024},{"Length":25,"Height":10,"Demand":0,"DemandMax":4,"Value":500},{"Length":80,"Height":43,"Demand":0,"DemandMax":4,"Value":3440},{"Length":89,"Height":22,"Demand":0,"DemandMax":4,"Value":5874},{"Length":48,"Height":95,"Demand":0,"DemandMax":4,"Value":4560},{"Length":90,"Height":44,"Demand":0,"DemandMax":4,"Value":3960},{"Length":63,"Height":56,"Demand":0,"DemandMax":4,"Value":10584},{"Length":22,"Height":48,"Demand":0,"DemandMax":4,"Value":3168},{"Length":32,"Height":88,"Demand":0,"DemandMax":4,"Value":5632},{"Length":5,"Height":30,"Demand":0,"DemandMax":4,"Value":300},{"Length":42,"Height":90,"Demand":0,"DemandMax":4,"Value":3780}]}