{"Name":"ngcutfs1_202","Objects":[{"Length":100,"Height":100,"Stock":null,"Cost":10000}],"Items":[{"Length":57,"Height":96,"Demand":0,"DemandMax":4,"Value":5472},{"Length":84,"Height":14,"Demand":0,"DemandMax":4,"Value":3528},{"Length":40,"Height":14,"Demand":0,"DemandMax":4,"Value":1680},{"Length":30,"Height":18,"Demand":0,"DemandMax":4,"Value":1080},{"Length":82,"Height":14,"Demand":0,"DemandMax":4,"Value":2296},{"Length":64,"Height":88,"Demand":0,"DemandMax":4,"Value":5632},{"Length":52,"Height":67,"Demand":0,"DemandMax":4,"Value":6968},{"Length":76,"Height":49,"Demand":0,"DemandMax":4,"Value":11172},{"Length":100,"Height":48,"Demand":0,"DemandMax":4,"Value":14400},{"Length":28,"Height":94,"Demand":0,"DemandMax":4,"Value":7896},{"Length":69,"Height":97,"Demand":0,"DemandMax":4,"Value":20079},{"Length":58,"Height":59,"Demand":0,"DemandMax":4,"Value":6844},{"Length":73,"Height":66,"Demand":0,"DemandMax":4,"Value":14454},{"Length":10,"Height":36,"Demand":0,"DemandMax":4,"Value":1080},{"Length":28,"Height":19,"Demand":0,"DemandMax":4,"Value":1064},{"Length":85,"Height":16,"Demand":0,"DemandMax":4,"Value":2720},{"Length":52,"Height":66,"Demand":0,"DemandMax":4,"Value":6864},{"Length":41,"Height":81,"Demand":0,"DemandMax":4,"Value":6642},{"Length":5,"Height":19,"Demand":0,"DemandMax":4,"Value":95},{"Length":45,"Height":10,"Demand":0,"DemandMax":4,"Value":450},{"Length":24,"Height":37,"Demand":0,"DemandMax":4,"Value":888},{"Length":4,"Height":77,"Demand":0,"DemandMax":4,"Value":924},{"Length":93,"Height":22,"Demand":0,"DemandMax":4,"Value":2046},{"Length":78,"Height":16,"Demand":0,"DemandMax":4,"Value":3744},{"Length":76,"Height":43,"Demand":0,"DemandMax":4,"Value":9804},{"Length":26,"Height":25,"Demand":0,"DemandMax":4,"Value":650},{"Length":80,"Height":13,"Demand":0,"DemandMax":4,"Value":2080},{"Length":98,"Height":24,"Demand":0,"DemandMax":4,"Value":7056},{"Length":40,"Height":9,"Demand":0,"DemandMax":4,"Value":1080},{"Length":72,"Height":68,"Demand":0,"DemandMax":4,"Value":4896},{"Length":48,"Height":26,"Demand":0,"DemandMax":4,"Value":3744},{"Length":7,"Height":18,"Demand":0,"DemandMax":4,"Value":378},{"Length":9,"Height":11,"Demand":0,"DemandMax":4,"Value":297},{"Length":37,"Height":94,"Demand":0,"DemandMax":4,"Value":6956},{"Length":44,"Height":30,"Demand":0,"DemandMax":4,"Value":1320},{"Length":46,"Height":81,"Demand":0,"DemandMax":4,"Value":11178},{"Length":29,"Height":23,"Demand":0,"DemandMax":4,"Value":1334},{"Length":59,"Height":89,"Demand":0,"DemandMax":4,"Value":10502},{"Length":12,"Height":48,"Demand":0,"DemandMax":4,"Value":1728},{"Length":4,"Height":3,"Demand":0,"DemandMax":4,"Value":12},{"Length":17,"Height":46,"Demand":0,"DemandMax":4,"Value":782},{"Length":83,"Height":25,"Demand":0,"DemandMax":4,"Value":2075},{"Length":38,"Height":46,"Demand":0,"DemandMax":4,"Value":5244},{"Length":77,"Height":89,"Demand":0,"DemandMax":4,"Value":13706},{"Length":4,"Height":6,"Demand":0,"DemandMax":4,"Value":48},{"Length":83,"Height":9,"Demand":0,"DemandMax":4,"Value":1494},{"Length":8,"Height":23,"Demand":0,"DemandMax":4,"Value":368},{"Length":100,"Height":39,"Demand":0,"DemandMax":4,"Value":7800},{"Length":40,"Height":10,"Demand":0,"DemandMax":4,"Value":1200},{"Length":21,"Height":80,"Demand":0,"DemandMax":4,"Value":5040},{"Length":46,"Height":37,"Demand":0,"DemandMax":4,"Value":1702},{"Length":26,"Height":10,"Demand":0,"DemandMax":4,"Value":520},{"Length":88,"Height":28,"Demand":0,"DemandMax":4,"Value":7392},{"Length":40,"Height":94,"Demand":0,"DemandMax":4,"Value":7520},{"Length":77,"Height":94,"Demand":0,"DemandMax":4,"Value":7238},{"Length":30,"Height":82,"Demand":0,"DemandMax":4,"Value":4920},{"Length":81,"Height":5,"Demand":0,"DemandMax":4,"Value":810},{"Length":30,"Height":7,"Demand":0,"DemandMax":4,"Value":420},{"Length":83,"Height":20,"Demand":0,"DemandMax":4,"Value":1660},{"Length":39,"Height":80,"Demand":0,"DemandMax":4,"Value":6240},{"Length":14,"Height":6,"Demand":0,"DemandMax":8,"Value":252},{"Length":80,"Height":98,"Demand":0,"DemandMax":4,"Value":7840},{"Length":66,"Height":69,"Demand":0,"DemandMax":4,"Value":9108},{"Length":32,"Height":21,"Demand":0,"DemandMax":4,"Value":1344},{"Length":47,"Height":81,"Demand":0,"DemandMax":4,"Value":7614},{"Length":98,"Height":4,"Demand":0,"DemandMax":4,"Value":392},{"Length":2,"Height":13,"Demand":0,"DemandMax":4,"Value":78},{"Length":87,"Height":38,"Demand":0,"DemandMax":4,"Value":9918},{"Length":90,"Height":19,"Demand":0,"DemandMax":4,"Value":1710},{"Length":100,"Height":26,"Demand":0,"DemandMax":4,"Value":2600},{"Length":75,"Height":57,"Demand":0,"DemandMax":4,"Value":8550},{"Length":14,"Height":41,"Demand":0,"DemandMax":8,"Value":574},{"Length":26,"Height":94,"Demand":0,"DemandMax":4,"Value":4888},{"Length":79,"Height":35,"Demand":0,"DemandMax":4,"Value":8295},{"Length":2,"Height":17,"Demand":0,"DemandMax":4,"Value":68},{"Length":78,"Height":23,"Demand":0,"DemandMax":4,"Value":1794},{"Length":16,"Height":81,"Demand":0,"DemandMax":8,"Value":1296},{"Length":64,"Height":51,"Demand":0,"DemandMax":4,"Value":9792},{"Length":40,"Height":13,"Demand":0,"DemandMax":4,"Value":1040},{"Length":26,"Height":48,"Demand":0,"DemandMax":4,"Value":1248},{"Length":27,"Height":28,"Demand":0,"DemandMax":4,"Value":1512},{"Length":95,"Height":59,"Demand":0,"DemandMax":4,"Value":5605},{"Length":98,"Height":3,"Demand":0,"DemandMax":4,"Value":294},{"Length":91,"Height":69,"Demand":0,"DemandMax":4,"Value":12558},{"Length":100,"Height":23,"Demand":0,"DemandMax":4,"Value":2300},{"Length":90,"Height":72,"Demand":0,"DemandMax":4,"Value":12960},{"Length":44,"Height":46,"Demand":0,"DemandMax":4,"Value":4048},{"Length":45,"Height":28,"Demand":0,"DemandMax":4,"Value":2520},{"Length":90,"Height":96,"Demand":0,"DemandMax":4,"Value":25920},{"Length":28,"Height":18,"Demand":0,"DemandMax":4,"Value":504},{"Length":59,"Height":54,"Demand":0,"DemandMax":4,"Value":9558},{"Length":40,"Height":36,"Demand":0,"DemandMax":4,"Value":2880},{"Length":36,"Height":97,"Demand":0,"DemandMax":4,"Value":3492},{"Length":95,"Height":43,"Demand":0,"DemandMax":4,"Value":8170},{"Length":22,"Height":48,"Demand":0,"DemandMax":4,"Value":1056},{"Length":88,"Height":5,"Demand":0,"DemandMax":4,"Value":440},{"Length":94,"Height":92,"Demand":0,"DemandMax":4,"Value":25944},{"Length":39,"Height":25,"Demand":0,"DemandMax":4,"Value":1950},{"Length":21,"Height":21,"Demand":0,"DemandMax":4,"Value":1323},{"Length":10,"Height":34,"Demand":0,"DemandMax":4,"Value":1020},{"Length":82,"Height":66,"Demand":0,"DemandMax":4,"Value":5412},{"Length":77,"Height":76,"Demand":0,"DemandMax":4,"Value":17556},{"Length":96,"Height":13,"Demand":0,"DemandMax":4,"Value":3744},{"Length":49,"Height":12,"Demand":0,"DemandMax":4,"Value":1764},{"Length":28,"Height":19,"Demand":0,"DemandMax":4,"Value":1596},{"Length":43,"Height":41,"Demand":0,"DemandMax":4,"Value":5289},{"Length":40,"Height":85,"Demand":0,"DemandMax":4,"Value":3400},{"Length":34,"Height":35,"Demand":0,"DemandMax":4,"Value":3570},{"Length":93,"Height":28,"Demand":0,"DemandMax":4,"Value":7812},{"Length":38,"Height":10,"Demand":0,"DemandMax":4,"Value":1140},{"Length":52,"Height":60,"Demand":0,"DemandMax":4,"Value":6240},{"Length":91,"Height":79,"Demand":0,"DemandMax":4,"Value":21567},{"Length":45,"Height":46,"Demand":0,"DemandMax":4,"Value":2070},{"Length":3,"Height":5,"Demand":0,"DemandMax":4,"Value":15},{"Length":57,"Height":53,"Demand":0,"DemandMax":4,"Value":9063},{"Length":49,"Height":43,"Demand":0,"DemandMax":4,"Value":2107},{"Length":91,"Height":84,"Demand":0,"DemandMax":4,"Value":7644},{"Length":71,"Height":75,"Demand":0,"DemandMax":8,"Value":15975},{"Length":34,"Height":77,"Demand":0,"DemandMax":4,"Value":7854},{"Length":33,"Height":39,"Demand":0,"DemandMax":4,"Value":3861},{"Length":21,"Height":93,"Demand":0,"DemandMax":4,"Value":3906},{"Length":16,"Height":89,"Demand":0,"DemandMax":4,"Value":2848},{"Length":60,"Height":83,"Demand":0,"DemandMax":4,"Value":14940},{"Length":10,"Height":5,"Demand":0,"DemandMax":8,"Value":50},{"Length":92,"Height":84,"Demand":0,"DemandMax":4,"Value":7728},{"Length":26,"Height":13,"Demand":0,"DemandMax":4,"Value":1014},{"Length":6,"Height":12,"Demand":0,"DemandMax":4,"Value":216},{"Length":3,"Height":94,"Demand":0,"DemandMax":4,"Value":564},{"Length":34,"Height":20,"Demand":0,"DemandMax":8,"Value":2040},{"Length":37,"Height":98,"Demand":0,"DemandMax":4,"Value":7252},{"Length":35,"Height":49,"Demand":0,"DemandMax":4,"Value":3430},{"Length":37,"Height":2,"Demand":0,"DemandMax":4,"Value":148},{"Length":37,"Height":87,"Demand":0,"DemandMax":4,"Value":9657},{"Length":78,"Height":91,"Demand":0,"DemandMax":4,"Value":14196},{"Length":86,"Height":40,"Demand":0,"DemandMax":4,"Value":3440},{"Length":48,"Height":30,"Demand":0,"DemandMax":4,"Value":4320},{"Length":62,"Height":90,"Demand":0,"DemandMax":4,"Value":5580},{"Length":43,"Height":30,"Demand":0,"DemandMax":4,"Value":1290},{"Length":81,"Height":55,"Demand":0,"DemandMax":4,"Value":4455},{"Length":19,"Height":79,"Demand":0,"DemandMax":4,"Value":3002},{"Length":3,"Height":34,"Demand":0,"DemandMax":4,"Value":306},{"Length":81,"Height":46,"Demand":0,"DemandMax":4,"Value":3726},{"Length":39,"Height":92,"Demand":0,"DemandMax":4,"Value":7176},{"Length":100,"Height":35,"Demand":0,"DemandMax":4,"Value":3500},{"Length":6,"Height":99,"Demand":0,"DemandMax":4,"Value":594},{"Length":78,"Height":7,"Demand":0,"DemandMax":4,"Value":546},{"Length":41,"Height":6,"Demand":0,"DemandMax":4,"Value":246},{"Length":27,"Height":84,"Demand":0,"DemandMax":4,"Value":6804},{"Length":87,"Height":9,"Demand":0,"DemandMax":8,"Value":1566},{"Length":25,"Height":4,"Demand":0,"DemandMax":4,"Value":100},{"Length":48,"Height":99,"Demand":0,"DemandMax":4,"Value":14256},{"Length":97,"Height":21,"Demand":0,"DemandMax":4,"Value":4074},{"Length":30,"Height":40,"Demand":0,"DemandMax":4,"Value":1200},{"Length":91,"Height":10,"Demand":0,"DemandMax":4,"Value":2730},{"Length":3,"Height":49,"Demand":0,"DemandMax":4,"Value":294},{"Length":3,"Height":86,"Demand":0,"DemandMax":4,"Value":774},{"Length":45,"Height":50,"Demand":0,"DemandMax":4,"Value":4500},{"Length":18,"Height":99,"Demand":0,"DemandMax":4,"Value":3564},{"Length":50,"Height":34,"Demand":0,"DemandMax":4,"Value":3400},{"Length":38,"Height":14,"Demand":0,"DemandMax":4,"Value":1596},{"Length":40,"Height":11,"Demand":0,"DemandMax":4,"Value":440},{"Length":14,"Height":24,"Demand":0,"DemandMax":4,"Value":1008},{"Length":49,"Height":5,"Demand":0,"DemandMax":4,"Value":245},{"Length":85,"Height":19,"Demand":0,"DemandMax":4,"Value":4845},{"Length":88,"Height":36,"Demand":0,"DemandMax":4,"Value":9504},{"Length":40,"Height":34,"Demand":0,"DemandMax":8,"Value":4080},{"Length":75,"Height":79,"Demand":0,"DemandMax":4,"Value":17775},{"Length":59,"Height":100,"Demand":0,"DemandMax":4,"Value":5900},{"Length":32,"Height":6,"Demand":0,"DemandMax":4,"Value":192},{"Length":87,"Height":41,"Demand":0,"DemandMax":4,"Value":3567},{"Length":25,"Height":10,"Demand":0,"DemandMax":4,"Value":250},{"Length":85,"Height":74,"Demand":0,"DemandMax":4,"Value":18870},{"Length":20,"Height":76,"Demand":0,"DemandMax":4,"Value":4560},{"Length":10,"Height":49,"Demand":0,"DemandMax":4,"Value":1470},{"Length":60,"Height":53,"Demand":0,"DemandMax":4,"Value":9540},{"Length":100,"Height":15,"Demand":0,"DemandMax":4,"Value":4500},{"Length":93,"Height":22,"Demand":0,"DemandMax":4,"Value":6138},{"Length":92,"Height":21,"Demand":0,"DemandMax":4,"Value":3864},{"Length":21,"Height":27,"Demand":0,"DemandMax":4,"Value":567},{"Length":6,"Height":77,"Demand":0,"DemandMax":8,"Value":1386},{"Length":19,"Height":47,"Demand":0,"DemandMax":4,"Value":1786},{"Length":44,"Height":84,"Demand":0,"DemandMax":4,"Value":3696},{"Length":7,"Height":25,"Demand":0,"DemandMax":4,"Value":175},{"Length":48,"Height":80,"Demand":0,"DemandMax":4,"Value":7680},{"Length":80,"Height":55,"Demand":0,"DemandMax":4,"Value":13200},{"Length":10,"Height":94,"Demand":0,"DemandMax":4,"Value":2820},{"Length":76,"Height":27,"Demand":0,"DemandMax":4,"Value":4104},{"Length":47,"Height":83,"Demand":0,"DemandMax":4,"Value":7802},{"Length":51,"Height":60,"Demand":0,"DemandMax":4,"Value":9180},{"Length":50,"Height":12,"Demand":0,"DemandMax":4,"Value":600},{"Length":17,"Height":28,"Demand":0,"DemandMax":4,"Value":952},{"Length":28,"Height":43,"Demand":0,"DemandMax":4,"Value":1204},{"Length":49,"Height":89,"Demand":0,"DemandMax":4,"Value":13083},{"Length":16,"Height":17,"Demand":0,"DemandMax":4,"Value":544},{"Length":38,"Height":82,"Demand":0,"DemandMax":4,"Value":9348},{"Length":76,"Height":13,"Demand":0,"DemandMax":4,"Value":1976},{"Length":60,"Height":78,"Demand":0,"DemandMax":4,"Value":4680},{"Length":100,"Height":6,"Demand":0,"DemandMax":4,"Value":1800},{"Length":84,"Height":14,"Demand":0,"DemandMax":8,"Value":1176},{"Length":77,"Height":2,"Demand":0,"DemandMax":4,"Value":462},{"Length":37,"Height":80,"Demand":0,"DemandMax":4,"Value":2960},{"Length":23,"Height":3,"Demand":0,"DemandMax":4,"Value":207},{"Length":64,"Height":88,"Demand":0,"DemandMax":4,"Value":16896},{"Length":38,"Height":99,"Demand":0,"DemandMax":4,"Value":3762},{"Length":77,"Height":53,"Demand":0,"DemandMax":4,"Value":12243},{"Length":63,"Height":74,"Demand":0,"DemandMax":4,"Value":4662},{"Length":36,"Height":21,"Demand":0,"DemandMax":4,"Value":756},{"Length":95,"Height":42,"Demand":0,"DemandMax":4,"Value":7980},{"Length":90,"Height":53,"Demand":0,"DemandMax":4,"Value":4770},{"Length":76,"Height":71,"Demand":0,"DemandMax":8,"Value":5396},{"Length":86,"Height":8,"Demand":0,"DemandMax":4,"Value":2064},{"Length":87,"Height":90,"Demand":0,"DemandMax":4,"Value":23490},{"Length":98,"Height":42,"Demand":0,"DemandMax":4,"Value":12348},{"Length":17,"Height":77,"Demand":0,"DemandMax":4,"Value":3927},{"Length":94,"Height":63,"Demand":0,"DemandMax":4,"Value":11844},{"Length":40,"Height":29,"Demand":0,"DemandMax":4,"Value":3480},{"Length":24,"Height":92,"Demand":0,"DemandMax":4,"Value":2208},{"Length":22,"Height":50,"Demand":0,"DemandMax":4,"Value":2200},{"Length":40,"Height":79,"Demand":0,"DemandMax":4,"Value":6320},{"Length":7,"Height":95,"Demand":0,"DemandMax":4,"Value":665},{"Length":90,"Height":46,"Demand":0,"DemandMax":4,"Value":12420},{"Length":32,"Height":15,"Demand":0,"DemandMax":4,"Value":1440},{"Length":81,"Height":53,"Demand":0,"DemandMax":4,"Value":8586},{"Length":99,"Height":64,"Demand":0,"DemandMax":4,"Value":6336},{"Length":98,"Height":56,"Demand":0,"DemandMax":4,"Value":5488},{"Length":100,"Height":59,"Demand":0,"DemandMax":4,"Value":5900},{"Length":83,"Height":64,"Demand":0,"DemandMax":4,"Value":10624},{"Length":81,"Height":54,"Demand":0,"DemandMax":4,"Value":8748},{"Length":37,"Height":25,"Demand":0,"DemandMax":4,"Value":1850},{"Length":91,"Height":95,"Demand":0,"DemandMax":4,"Value":17290},{"Length":37,"Height":34,"Demand":0,"DemandMax":4,"Value":1258},{"Length":15,"Height":9,"Demand":0,"DemandMax":4,"Value":135},{"Length":31,"Height":27,"Demand":0,"DemandMax":4,"Value":837},{"Length":8,"Height":28,"Demand":0,"DemandMax":4,"Value":448},{"Length":34,"Height":13,"Demand":0,"DemandMax":4,"Value":1326},{"Length":20,"Height":88,"Demand":0,"DemandMax":4,"Value":1760},{"Length":23,"Height":83,"Demand":0,"DemandMax":4,"Value":5727},{"Length":4,"Height":47,"Demand":0,"DemandMax":4,"Value":564},{"Length":55,"Height":65,"Demand":0,"DemandMax":4,"Value":10725},{"Length":73,"Height":85,"Demand":0,"DemandMax":4,"Value":18615},{"Length":17,"Height":21,"Demand":0,"DemandMax":4,"Value":357},{"Length":18,"Height":24,"Demand":0,"DemandMax":4,"Value":432},{"Length":34,"Height":34,"Demand":0,"DemandMax":4,"Value":1156},{"Length":13,"Height":99,"Demand":0,"DemandMax":4,"Value":3861},{"Length":35,"Height":91,"Demand":0,"DemandMax":4,"Value":6370},{"Length":99,"Height":9,"Demand":0,"DemandMax":8,"Value":891},{"Length":50,"Height":34,"Demand":0,"DemandMax":4,"Value":1700},{"Length":79,"Height":18,"Demand":0,"DemandMax":4,"Value":2844},{"Length":55,"Height":84,"Demand":0,"DemandMax":4,"Value":13860},{"Length":36,"Height":11,"Demand":0,"DemandMax":4,"Value":396},{"Length":19,"Height":48,"Demand":0,"DemandMax":4,"Value":2736},{"Length":7,"Height":97,"Demand":0,"DemandMax":4,"Value":679},{"Length":78,"Height":99,"Demand":0,"DemandMax":8,"Value":7722},{"Length":27,"Height":87,"Demand":0,"DemandMax":4,"Value":2349},{"Length":94,"Height":19,"Demand":0,"DemandMax":4,"Value":5358},{"Length":20,"Height":34,"Demand":0,"DemandMax":4,"Value":1360},{"Length":5,"Height":29,"Demand":0,"DemandMax":4,"Value":290},{"Length":89,"Height":50,"Demand":0,"DemandMax":4,"Value":13350},{"Length":26,"Height":91,"Demand":0,"DemandMax":4,"Value":4732},{"Length":80,"Height":45,"Demand":0,"DemandMax":4,"Value":7200},{"Length":9,"Height":34,"Demand":0,"DemandMax":4,"Value":918},{"Length":11,"Height":39,"Demand":0,"DemandMax":4,"Value":429},{"Length":86,"Height":71,"Demand":0,"DemandMax":4,"Value":12212},{"Length":11,"Height":31,"Demand":0,"DemandMax":4,"Value":682},{"Length":27,"Height":20,"Demand":0,"DemandMax":4,"Value":1620},{"Length":18,"Height":85,"Demand":0,"DemandMax":4,"Value":1530},{"Length":88,"Height":95,"Demand":0,"DemandMax":4,"Value":16720},{"Length":77,"Height":68,"Demand":0,"DemandMax":4,"Value":15708},{"Length":15,"Height":16,"Demand":0,"DemandMax":4,"Value":480},{"Length":99,"Height":41,"Demand":0,"DemandMax":4,"Value":8118},{"Length":96,"Height":23,"Demand":0,"DemandMax":4,"Value":4416},{"Length":46,"Height":34,"Demand":0,"DemandMax":4,"Value":4692},{"Length":40,"Height":24,"Demand":0,"DemandMax":4,"Value":1920},{"Length":48,"Height":78,"Demand":0,"DemandMax":4,"Value":11232},{"Length":73,"Height":97,"Demand":0,"DemandMax":4,"Value":14162},{"Length":29,"Height":45,"Demand":0,"DemandMax":4,"Value":1305},{"Length":3,"Height":14,"Demand":0,"DemandMax":4,"Value":126},{"Length":81,"Height":19,"Demand":0,"DemandMax":4,"Value":3078},{"Length":82,"Height":79,"Demand":0,"DemandMax":4,"Value":6478},{"Length":42,"Height":87,"Demand":0,"DemandMax":4,"Value":3654},{"Length":18,"Height":86,"Demand":0,"DemandMax":4,"Value":3096},{"Length":46,"Height":28,"Demand":0,"DemandMax":4,"Value":3864},{"Length":33,"Height":29,"Demand":0,"DemandMax":4,"Value":2871},{"Length":66,"Height":60,"Demand":0,"DemandMax":4,"Value":11880},{"Length":96,"Height":4,"Demand":0,"DemandMax":4,"Value":1152},{"Length":55,"Height":95,"Demand":0,"DemandMax":4,"Value":10450},{"Length":18,"Height":15,"Demand":0,"DemandMax":4,"Value":270},{"Length":17,"Height":90,"Demand":0,"DemandMax":4,"Value":3060},{"Length":26,"Height":37,"Demand":0,"DemandMax":4,"Value":1924},{"Length":45,"Height":24,"Demand":0,"DemandMax":4,"Value":2160},{"Length":85,"Height":30,"Demand":0,"DemandMax":4,"Value":7650},{"Length":56,"Height":81,"Demand":0,"DemandMax":4,"Value":9072},{"Length":26,"Height":42,"Demand":0,"DemandMax":4,"Value":2184},{"Length":10,"Height":6,"Demand":0,"DemandMax":4,"Value":120},{"Length":50,"Height":10,"Demand":0,"DemandMax":4,"Value":1000},{"Length":47,"Height":36,"Demand":0,"DemandMax":4,"Value":3384},{"Length":41,"Height":87,"Demand":0,"DemandMax":4,"Value":10701},{"Length":93,"Height":98,"Demand":0,"DemandMax":4,"Value":27342},{"Length":48,"Height":97,"Demand":0,"DemandMax":4,"Value":4656},{"Length":95,"Height":17,"Demand":0,"DemandMax":4,"Value":3230},{"Length":12,"Height":25,"Demand":0,"DemandMax":4,"Value":900},{"Length":8,"Height":30,"Demand":0,"DemandMax":4,"Value":720},{"Length":98,"Height":39,"Demand":0,"DemandMax":4,"Value":11466},{"Length":91,"Height":66,"Demand":0,"DemandMax":4,"Value":12012},{"Length":86,"Height":35,"Demand":0,"DemandMax":4,"Value":3010},{"Length":77,"Height":68,"Demand":0,"DemandMax":4,"Value":5236},{"Length":42,"Height":50,"Demand":0,"DemandMax":4,"Value":4200},{"Length":12,"Height":78,"Demand":0,"DemandMax":4,"Value":936},{"Length":84,"Height":44,"Demand":0,"DemandMax":4,"Value":3696},{"Length":43,"Height":23,"Demand":0,"DemandMax":4,"Value":1978},{"Length":13,"Height":31,"Demand":0,"DemandMax":8,"Value":1209},{"Length":85,"Height":90,"Demand":0,"DemandMax":4,"Value":22950},{"Length":70,"Height":73,"Demand":0,"DemandMax":4,"Value":10220},{"Length":9,"Height":76,"Demand":0,"DemandMax":4,"Value":2052},{"Length":60,"Height":80,"Demand":0,"DemandMax":4,"Value":4800},{"Length":40,"Height":7,"Demand":0,"DemandMax":4,"Value":560},{"Length":92,"Height":9,"Demand":0,"DemandMax":4,"Value":828},{"Length":8,"Height":16,"Demand":0,"DemandMax":4,"Value":384},{"Length":14,"Height":79,"Demand":0,"DemandMax":4,"Value":2212},{"Length":77,"Height":12,"Demand":0,"DemandMax":8,"Value":2772},{"Length":93,"Height":25,"Demand":0,"DemandMax":4,"Value":2325},{"Length":54,"Height":74,"Demand":0,"DemandMax":4,"Value":7992},{"Length":95,"Height":50,"Demand":0,"DemandMax":4,"Value":4750},{"Length":64,"Height":100,"Demand":0,"DemandMax":4,"Value":12800},{"Length":24,"Height":97,"Demand":0,"DemandMax":4,"Value":4656},{"Length":19,"Height":17,"Demand":0,"DemandMax":4,"Value":969},{"Length":28,"Height":43,"Demand":0,"DemandMax":4,"Value":3612},{"Length":12,"Height":19,"Demand":0,"DemandMax":4,"Value":228},{"Length":78,"Height":34,"Demand":0,"DemandMax":4,"Value":7956},{"Length":100,"Height":89,"Demand":0,"DemandMax":4,"Value":17800},{"Length":83,"Height":44,"Demand":0,"DemandMax":4,"Value":7304},{"Length":36,"Height":4,"Demand":0,"DemandMax":4,"Value":144},{"Length":91,"Height":44,"Demand":0,"DemandMax":4,"Value":12012},{"Length":68,"Height":79,"Demand":0,"DemandMax":4,"Value":16116},{"Length":99,"Height":31,"Demand":0,"DemandMax":4,"Value":9207},{"Length":23,"Height":40,"Demand":0,"DemandMax":4,"Value":2760},{"Length":93,"Height":18,"Demand":0,"DemandMax":4,"Value":3348},{"Length":96,"Height":4,"Demand":0,"DemandMax":4,"Value":384},{"Length":86,"Height":34,"Demand":0,"DemandMax":4,"Value":8772},{"Length":38,"Height":3,"Demand":0,"DemandMax":4,"Value":114},{"Length":98,"Height":33,"Demand":0,"DemandMax":4,"Value":6468},{"Length":42,"Height":30,"Demand":0,"DemandMax":4,"Value":3780},{"Length":49,"Height":27,"Demand":0,"DemandMax":4,"Value":2646},{"Length":47,"Height":81,"Demand":0,"DemandMax":4,"Value":3807},{"Length":18,"Height":7,"Demand":0,"DemandMax":4,"Value":126},{"Length":80,"Height":10,"Demand":0,"DemandMax":4,"Value":1600},{"Length":98,"Height":83,"Demand":0,"DemandMax":4,"Value":24402},{"Length":48,"Height":94,"Demand":0,"DemandMax":4,"Value":4512},{"Length":50,"Height":78,"Demand":0,"DemandMax":4,"Value":3900},{"Length":81,"Height":47,"Demand":0,"DemandMax":4,"Value":3807},{"Length":82,"Height":33,"Demand":0,"DemandMax":4,"Value":8118},{"Length":2,"Height":97,"Demand":0,"DemandMax":4,"Value":194},{"Length":21,"Height":89,"Demand":0,"DemandMax":8,"Value":3738},{"Length":80,"Height":44,"Demand":0,"DemandMax":4,"Value":10560},{"Length":4,"Height":45,"Demand":0,"DemandMax":4,"Value":360},{"Length":100,"Height":49,"Demand":0,"DemandMax":4,"Value":9800},{"Length":27,"Height":95,"Demand":0,"DemandMax":4,"Value":2565},{"Length":78,"Height":34,"Demand":0,"DemandMax":4,"Value":2652},{"Length":26,"Height":78,"Demand":0,"DemandMax":4,"Value":6084},{"Length":45,"Height":81,"Demand":0,"DemandMax":4,"Value":10935},{"Length":91,"Height":23,"Demand":0,"DemandMax":4,"Value":6279},{"Length":38,"Height":9,"Demand":0,"DemandMax":4,"Value":684},{"Length":86,"Height":22,"Demand":0,"DemandMax":4,"Value":5676},{"Length":49,"Height":85,"Demand":0,"DemandMax":4,"Value":4165},{"Length":19,"Height":3,"Demand":0,"DemandMax":4,"Value":114},{"Length":86,"Height":21,"Demand":0,"DemandMax":4,"Value":5418},{"Length":76,"Height":23,"Demand":0,"DemandMax":4,"Value":5244},{"Length":47,"Height":42,"Demand":0,"DemandMax":8,"Value":3948},{"Length":100,"Height":93,"Demand":0,"DemandMax":4,"Value":9300},{"Length":76,"Height":93,"Demand":0,"DemandMax":4,"Value":14136},{"Length":97,"Height":31,"Demand":0,"DemandMax":4,"Value":3007},{"Length":43,"Height":43,"Demand":0,"DemandMax":4,"Value":1849},{"Length":24,"Height":45,"Demand":0,"DemandMax":4,"Value":3240},{"Length":63,"Height":85,"Demand":0,"DemandMax":4,"Value":10710},{"Length":97,"Height":91,"Demand":0,"DemandMax":4,"Value":17654},{"Length":41,"Height":43,"Demand":0,"DemandMax":4,"Value":1763},{"Length":8,"Height":92,"Demand":0,"DemandMax":4,"Value":1472},{"Length":24,"Height":89,"Demand":0,"DemandMax":8,"Value":2136},{"Length":38,"Height":18,"Demand":0,"DemandMax":4,"Value":684},{"Length":36,"Height":76,"Demand":0,"DemandMax":4,"Value":5472},{"Length":95,"Height":13,"Demand":0,"DemandMax":4,"Value":2470},{"Length":90,"Height":56,"Demand":0,"DemandMax":4,"Value":15120},{"Length":16,"Height":96,"Demand":0,"DemandMax":4,"Value":3072},{"Length":43,"Height":90,"Demand":0,"DemandMax":4,"Value":3870},{"Length":75,"Height":78,"Demand":0,"DemandMax":4,"Value":11700},{"Length":24,"Height":16,"Demand":0,"DemandMax":4,"Value":384},{"Length":41,"Height":24,"Demand":0,"DemandMax":4,"Value":984},{"Length":10,"Height":24,"Demand":0,"DemandMax":4,"Value":480},{"Length":64,"Height":66,"Demand":0,"DemandMax":4,"Value":4224},{"Length":31,"Height":7,"Demand":0,"DemandMax":4,"Value":651},{"Length":25,"Height":8,"Demand":0,"DemandMax":4,"Value":200},{"Length":23,"Height":81,"Demand":0,"DemandMax":4,"Value":5589},{"Length":83,"Height":46,"Demand":0,"DemandMax":8,"Value":7636},{"Length":87,"Height":50,"Demand":0,"DemandMax":4,"Value":8700},{"Length":93,"Height":100,"Demand":0,"DemandMax":4,"Value":9300},{"Length":95,"Height":10,"Demand":0,"DemandMax":4,"Value":1900},{"Length":37,"Height":92,"Demand":0,"DemandMax":4,"Value":10212},{"Length":47,"Height":41,"Demand":0,"DemandMax":4,"Value":5781},{"Length":28,"Height":34,"Demand":0,"DemandMax":4,"Value":1904},{"Length":10,"Height":78,"Demand":0,"DemandMax":4,"Value":2340},{"Length":100,"Height":69,"Demand":0,"DemandMax":4,"Value":13800},{"Length":95,"Height":76,"Demand":0,"DemandMax":4,"Value":7220},{"Length":95,"Height":91,"Demand":0,"DemandMax":4,"Value":8645},{"Length":41,"Height":34,"Demand":0,"DemandMax":4,"Value":2788},{"Length":16,"Height":87,"Demand":0,"DemandMax":4,"Value":1392},{"Length":6,"Height":42,"Demand":0,"DemandMax":4,"Value":756},{"Length":6,"Height":32,"Demand":0,"DemandMax":4,"Value":384},{"Length":26,"Height":23,"Demand":0,"DemandMax":4,"Value":1196},{"Length":92,"Height":3,"Demand":0,"DemandMax":4,"Value":828},{"Length":72,"Height":96,"Demand":0,"DemandMax":4,"Value":20736},{"Length":39,"Height":21,"Demand":0,"DemandMax":4,"Value":819},{"Length":64,"Height":56,"Demand":0,"DemandMax":4,"Value":3584},{"Length":41,"Height":85,"Demand":0,"DemandMax":4,"Value":3485},{"Length":28,"Height":92,"Demand":0,"DemandMax":4,"Value":7728},{"Length":27,"Height":4,"Demand":0,"DemandMax":4,"Value":216},{"Length":3,"Height":91,"Demand":0,"DemandMax":4,"Value":546},{"Length":33,"Height":14,"Demand":0,"DemandMax":4,"Value":462},{"Length":12,"Height":36,"Demand":0,"DemandMax":4,"Value":864},{"Length":100,"Height":47,"Demand":0,"DemandMax":4,"Value":4700},{"Length":77,"Height":29,"Demand":0,"DemandMax":4,"Value":4466},{"Length":83,"Height":22,"Demand":0,"DemandMax":4,"Value":3652},{"Length":2,"Height":7,"Demand":0,"DemandMax":4,"Value":42},{"Length":17,"Height":98,"Demand":0,"DemandMax":4,"Value":4998},{"Length":90,"Height":60,"Demand":0,"DemandMax":4,"Value":16200},{"Length":33,"Height":81,"Demand":0,"DemandMax":4,"Value":5346},{"Length":21,"Height":95,"Demand":0,"DemandMax":4,"Value":3990},{"Length":41,"Height":92,"Demand":0,"DemandMax":4,"Value":11316},{"Length":44,"Height":98,"Demand":0,"DemandMax":4,"Value":8624},{"Length":19,"Height":27,"Demand":0,"DemandMax":4,"Value":1539},{"Length":23,"Height":34,"Demand":0,"DemandMax":4,"Value":782},{"Length":49,"Height":93,"Demand":0,"DemandMax":4,"Value":4557},{"Length":91,"Height":27,"Demand":0,"DemandMax":4,"Value":4914},{"Length":77,"Height":38,"Demand":0,"DemandMax":4,"Value":5852},{"Length":18,"Height":48,"Demand":0,"DemandMax":4,"Value":2592},{"Length":33,"Height":7,"Demand":0,"DemandMax":4,"Value":462},{"Length":77,"Height":50,"Demand":0,"DemandMax":4,"Value":7700},{"Length":12,"Height":81,"Demand":0,"DemandMax":4,"Value":972},{"Length":4,"Height":94,"Demand":0,"DemandMax":4,"Value":1128},{"Length":64,"Height":71,"Demand":0,"DemandMax":4,"Value":13632},{"Length":33,"Height":9,"Demand":0,"DemandMax":4,"Value":594},{"Length":7,"Height":48,"Demand":0,"DemandMax":4,"Value":336},{"Length":40,"Height":90,"Demand":0,"DemandMax":4,"Value":3600},{"Length":82,"Height":91,"Demand":0,"DemandMax":4,"Value":22386},{"Length":99,"Height":24,"Demand":0,"DemandMax":4,"Value":4752},{"Length":56,"Height":70,"Demand":0,"DemandMax":4,"Value":11760},{"Length":83,"Height":95,"Demand":0,"DemandMax":4,"Value":15770},{"Length":10,"Height":14,"Demand":0,"DemandMax":4,"Value":280},{"Length":100,"Height":99,"Demand":0,"DemandMax":4,"Value":19800},{"Length":13,"Height":100,"Demand":0,"DemandMax":4,"Value":2600},{"Length":88,"Height":25,"Demand":0,"DemandMax":4,"Value":6600},{"Length":26,"Height":40,"Demand":0,"DemandMax":4,"Value":1040},{"Length":76,"Height":78,"Demand":0,"DemandMax":4,"Value":11856},{"Length":4,"Height":85,"Demand":0,"DemandMax":4,"Value":340},{"Length":77,"Height":16,"Demand":0,"DemandMax":4,"Value":3696},{"Length":80,"Height":86,"Demand":0,"DemandMax":4,"Value":6880},{"Length":96,"Height":35,"Demand":0,"DemandMax":4,"Value":10080},{"Length":27,"Height":5,"Demand":0,"DemandMax":4,"Value":270},{"Length":96,"Height":100,"Demand":0,"DemandMax":4,"Value":9600},{"Length":19,"Height":80,"Demand":0,"DemandMax":4,"Value":1520},{"Length":19,"Height":20,"Demand":0,"DemandMax":4,"Value":1140},{"Length":70,"Height":84,"Demand":0,"DemandMax":4,"Value":5880},{"Length":70,"Height":86,"Demand":0,"DemandMax":4,"Value":12040},{"Length":69,"Height":79,"Demand":0,"DemandMax":4,"Value":5451},{"Length":98,"Height":49,"Demand":0,"DemandMax":4,"Value":9604},{"Length":7,"Height":49,"Demand":0,"DemandMax":4,"Value":343},{"Length":48,"Height":2,"Demand":0,"DemandMax":4,"Value":192},{"Length":96,"Height":93,"Demand":0,"DemandMax":4,"Value":17856},{"Length":6,"Height":13,"Demand":0,"DemandMax":4,"Value":234},{"Length":99,"Height":14,"Demand":0,"DemandMax":4,"Value":4158},{"Length":80,"Height":34,"Demand":0,"DemandMax":4,"Value":5440},{"Length":32,"Height":5,"Demand":0,"DemandMax":4,"Value":320},{"Length":20,"Height":95,"Demand":0,"DemandMax":4,"Value":5700},{"Length":17,"Height":99,"Demand":0,"DemandMax":4,"Value":1683},{"Length":3,"Height":30,"Demand":0,"DemandMax":4,"Value":90},{"Length":7,"Height":13,"Demand":0,"DemandMax":4,"Value":91},{"Length":49,"Height":44,"Demand":0,"DemandMax":4,"Value":4312},{"Length":86,"Height":67,"Demand":0,"DemandMax":4,"Value":5762},{"Length":52,"Height":90,"Demand":0,"DemandMax":4,"Value":9360},{"Length":8,"Height":40,"Demand":0,"DemandMax":4,"Value":640},{"Length":35,"Height":36,"Demand":0,"DemandMax":4,"Value":1260},{"Length":25,"Height":8,"Demand":0,"DemandMax":4,"Value":600},{"Length":32,"Height":12,"Demand":0,"DemandMax":4,"Value":384},{"Length":37,"Height":98,"Demand":0,"DemandMax":4,"Value":3626},{"Length":40,"Height":76,"Demand":0,"DemandMax":4,"Value":9120},{"Length":16,"Height":79,"Demand":0,"DemandMax":4,"Value":1264},{"Length":2,"Height":9,"Demand":0,"DemandMax":4,"Value":54},{"Length":27,"Height":24,"Demand":0,"DemandMax":4,"Value":648},{"Length":10,"Height":12,"Demand":0,"DemandMax":8,"Value":240},{"Length":32,"Height":39,"Demand":0,"DemandMax":4,"Value":2496},{"Length":44,"Height":93,"Demand":0,"DemandMax":8,"Value":12276},{"Length":47,"Height":13,"Demand":0,"DemandMax":4,"Value":611},{"Length":71,"Height":87,"Demand":0,"DemandMax":4,"Value":6177},{"Length":65,"Height":53,"Demand":0,"DemandMax":4,"Value":6890},{"Length":11,"Height":34,"Demand":0,"DemandMax":4,"Value":748},{"Length":48,"Height":48,"Demand":0,"DemandMax":4,"Value":6912},{"Length":41,"Height":10,"Demand":0,"DemandMax":4,"Value":820},{"Length":80,"Height":8,"Demand":0,"DemandMax":4,"Value":1920},{"Length":87,"Height":36,"Demand":0,"DemandMax":4,"Value":9396},{"Length":49,"Height":28,"Demand":0,"DemandMax":4,"Value":4116},{"Length":26,"Height":22,"Demand":0,"DemandMax":4,"Value":572},{"Length":60,"Height":75,"Demand":0,"DemandMax":4,"Value":13500},{"Length":28,"Height":21,"Demand":0,"DemandMax":4,"Value":588},{"Length":94,"Height":33,"Demand":0,"DemandMax":4,"Value":6204},{"Length":83,"Height":43,"Demand":0,"DemandMax":4,"Value":3569},{"Length":23,"Height":10,"Demand":0,"DemandMax":4,"Value":690},{"Length":36,"Height":49,"Demand":0,"DemandMax":4,"Value":3528},{"Length":79,"Height":71,"Demand":0,"DemandMax":4,"Value":16827},{"Length":88,"Height":97,"Demand":0,"DemandMax":4,"Value":8536},{"Length":47,"Height":19,"Demand":0,"DemandMax":4,"Value":1786},{"Length":98,"Height":46,"Demand":0,"DemandMax":4,"Value":4508},{"Length":26,"Height":79,"Demand":0,"DemandMax":4,"Value":4108},{"Length":33,"Height":33,"Demand":0,"DemandMax":4,"Value":3267},{"Length":14,"Height":26,"Demand":0,"DemandMax":4,"Value":728},{"Length":21,"Height":14,"Demand":0,"DemandMax":4,"Value":294},{"Length":67,"Height":72,"Demand":0,"DemandMax":4,"Value":14472},{"Length":28,"Height":43,"Demand":0,"DemandMax":4,"Value":2408},{"Length":99,"Height":63,"Demand":0,"DemandMax":4,"Value":12474},{"Length":36,"Height":18,"Demand":0,"DemandMax":4,"Value":1944},{"Length":81,"Height":24,"Demand":0,"DemandMax":8,"Value":5832},{"Length":18,"Height":18,"Demand":0,"DemandMax":4,"Value":648},{"Length":39,"Height":79,"Demand":0,"DemandMax":4,"Value":6162},{"Length":94,"Height":56,"Demand":0,"DemandMax":4,"Value":10528},{"Length":16,"Height":9,"Demand":0,"DemandMax":4,"Value":144},{"Length":51,"Height":55,"Demand":0,"DemandMax":4,"Value":5610},{"Length":15,"Height":91,"Demand":0,"DemandMax":4,"Value":2730},{"Length":5,"Height":90,"Demand":0,"DemandMax":4,"Value":450},{"Length":84,"Height":41,"Demand":0,"DemandMax":4,"Value":10332},{"Length":28,"Height":50,"Demand":0,"DemandMax":4,"Value":4200},{"Length":3,"Height":46,"Demand":0,"DemandMax":4,"Value":138},{"Length":49,"Height":100,"Demand":0,"DemandMax":4,"Value":4900},{"Length":9,"Height":26,"Demand":0,"DemandMax":4,"Value":702},{"Length":5,"Height":38,"Demand":0,"DemandMax":4,"Value":190},{"Length":45,"Height":98,"Demand":0,"DemandMax":4,"Value":13230},{"Length":29,"Height":45,"Demand":0,"DemandMax":4,"Value":2610},{"Length":87,"Height":37,"Demand":0,"DemandMax":4,"Value":6438},{"Length":90,"Height":20,"Demand":0,"DemandMax":4,"Value":3600},{"Length":36,"Height":24,"Demand":0,"DemandMax":4,"Value":2592},{"Length":4,"Height":14,"Demand":0,"DemandMax":4,"Value":56},{"Length":89,"Height":68,"Demand":0,"DemandMax":4,"Value":18156},{"Length":77,"Height":96,"Demand":0,"DemandMax":4,"Value":7392},{"Length":79,"Height":8,"Demand":0,"DemandMax":4,"Value":632},{"Length":59,"Height":77,"Demand":0,"DemandMax":4,"Value":13629},{"Length":49,"Height":11,"Demand":0,"DemandMax":4,"Value":1078},{"Length":97,"Height":5,"Demand":0,"DemandMax":4,"Value":485},{"Length":68,"Height":60,"Demand":0,"DemandMax":4,"Value":8160},{"Length":93,"Height":81,"Demand":0,"DemandMax":4,"Value":22599},{"Length":21,"Height":19,"Demand":0,"DemandMax":4,"Value":798},{"Length":18,"Height":33,"Demand":0,"DemandMax":4,"Value":594},{"Length":9,"Height":4,"Demand":0,"DemandMax":4,"Value":108},{"Length":39,"Height":18,"Demand":0,"DemandMax":4,"Value":1404},{"Length":31,"Height":9,"Demand":0,"DemandMax":4,"Value":837},{"Length":35,"Height":16,"Demand":0,"DemandMax":4,"Value":1680},{"Length":99,"Height":45,"Demand":0,"DemandMax":4,"Value":4455},{"Length":9,"Height":28,"Demand":0,"DemandMax":4,"Value":504},{"Length":47,"Height":41,"Demand":0,"DemandMax":4,"Value":1927},{"Length":42,"Height":21,"Demand":0,"DemandMax":4,"Value":2646},{"Length":10,"Height":80,"Demand":0,"DemandMax":4,"Value":2400},{"Length":49,"Height":34,"Demand":0,"DemandMax":4,"Value":4998},{"Length":7,"Height":94,"Demand":0,"DemandMax":4,"Value":1316},{"Length":95,"Height":11,"Demand":0,"DemandMax":4,"Value":1045},{"Length":22,"Height":33,"Demand":0,"DemandMax":4,"Value":726},{"Length":46,"Height":18,"Demand":0,"DemandMax":4,"Value":828},{"Length":89,"Height":17,"Demand":0,"DemandMax":4,"Value":1513},{"Length":89,"Height":40,"Demand":0,"DemandMax":4,"Value":3560},{"Length":48,"Height":20,"Demand":0,"DemandMax":4,"Value":2880},{"Length":44,"Height":42,"Demand":0,"DemandMax":4,"Value":1848},{"Length":98,"Height":67,"Demand":0,"DemandMax":4,"Value":13132},{"Length":80,"Height":3,"Demand":0,"DemandMax":4,"Value":480},{"Length":46,"Height":2,"Demand":0,"DemandMax":4,"Value":92},{"Length":75,"Height":69,"Demand":0,"DemandMax":4,"Value":5175},{"Length":77,"Height":52,"Demand":0,"DemandMax":4,"Value":8008},{"Length":13,"Height":4,"Demand":0,"DemandMax":4,"Value":104},{"Length":2,"Height":37,"Demand":0,"DemandMax":4,"Value":222},{"Length":69,"Height":94,"Demand":0,"DemandMax":4,"Value":6486},{"Length":19,"Height":88,"Demand":0,"DemandMax":4,"Value":5016},{"Length":95,"Height":74,"Demand":0,"DemandMax":4,"Value":14060},{"Length":21,"Height":8,"Demand":0,"DemandMax":4,"Value":168},{"Length":8,"Height":38,"Demand":0,"DemandMax":4,"Value":304},{"Length":86,"Height":79,"Demand":0,"DemandMax":4,"Value":6794},{"Length":24,"Height":42,"Demand":0,"DemandMax":4,"Value":1008},{"Length":70,"Height":98,"Demand":0,"DemandMax":4,"Value":13720},{"Length":33,"Height":30,"Demand":0,"DemandMax":4,"Value":2970},{"Length":38,"Height":12,"Demand":0,"DemandMax":4,"Value":456},{"Length":85,"Height":3,"Demand":0,"DemandMax":4,"Value":765},{"Length":3,"Height":33,"Demand":0,"DemandMax":4,"Value":99},{"Length":37,"Height":89,"Demand":0,"DemandMax":4,"Value":3293},{"Length":14,"Height":99,"Demand":0,"DemandMax":4,"Value":2772},{"Length":80,"Height":50,"Demand":0,"DemandMax":4,"Value":12000},{"Length":79,"Height":15,"Demand":0,"DemandMax":4,"Value":3555},{"Length":88,"Height":20,"Demand":0,"DemandMax":4,"Value":5280},{"Length":97,"Height":15,"Demand":0,"DemandMax":4,"Value":2910},{"Length":96,"Height":19,"Demand":0,"DemandMax":4,"Value":5472},{"Length":38,"Height":37,"Demand":0,"DemandMax":4,"Value":1406},{"Length":88,"Height":68,"Demand":0,"DemandMax":4,"Value":5984},{"Length":26,"Height":96,"Demand":0,"DemandMax":4,"Value":2496},{"Length":20,"Height":40,"Demand":0,"DemandMax":4,"Value":800},{"Length":8,"Height":88,"Demand":0,"DemandMax":4,"Value":2112},{"Length":44,"Height":98,"Demand":0,"DemandMax":4,"Value":12936},{"Length":22,"Height":46,"Demand":0,"DemandMax":4,"Value":3036},{"Length":83,"Height":51,"Demand":0,"DemandMax":4,"Value":12699},{"Length":3,"Height":42,"Demand":0,"DemandMax":4,"Value":126},{"Length":68,"Height":100,"Demand":0,"DemandMax":4,"Value":6800},{"Length":9,"Height":48,"Demand":0,"DemandMax":4,"Value":432},{"Length":4,"Height":99,"Demand":0,"DemandMax":4,"Value":792},{"Length":26,"Height":41,"Demand":0,"DemandMax":4,"Value":2132},{"Length":11,"Height":7,"Demand":0,"DemandMax":4,"Value":154},{"Length":10,"Height":10,"Demand":0,"DemandMax":4,"Value":100},{"Length":81,"Height":39,"Demand":0,"DemandMax":4,"Value":3159},{"Length":68,"Height":85,"Demand":0,"DemandMax":4,"Value":5780},{"Length":67,"Height":53,"Demand":0,"DemandMax":4,"Value":7102},{"Length":34,"Height":16,"Demand":0,"DemandMax":4,"Value":544},{"Length":74,"Height":95,"Demand":0,"DemandMax":4,"Value":7030},{"Length":34,"Height":88,"Demand":0,"DemandMax":4,"Value":8976},{"Length":72,"Height":54,"Demand":0,"DemandMax":4,"Value":11664},{"Length":85,"Height":52,"Demand":0,"DemandMax":4,"Value":13260},{"Length":48,"Height":16,"Demand":0,"DemandMax":4,"Value":1536},{"Length":47,"Height":90,"Demand":0,"DemandMax":4,"Value":12690},{"Length":99,"Height":56,"Demand":0,"DemandMax":4,"Value":11088},{"Length":37,"Height":35,"Demand":0,"DemandMax":8,"Value":3885},{"Length":40,"Height":48,"Demand":0,"DemandMax":4,"Value":5760},{"Length":21,"Height":85,"Demand":0,"DemandMax":4,"Value":3570},{"Length":28,"Height":80,"Demand":0,"DemandMax":4,"Value":4480},{"Length":94,"Height":11,"Demand":0,"DemandMax":4,"Value":3102},{"Length":78,"Height":19,"Demand":0,"DemandMax":8,"Value":2964},{"Length":31,"Height":90,"Demand":0,"DemandMax":4,"Value":5580},{"Length":44,"Height":22,"Demand":0,"DemandMax":4,"Value":2904},{"Length":34,"Height":47,"Demand":0,"DemandMax":8,"Value":1598},{"Length":5,"Height":15,"Demand":0,"DemandMax":4,"Value":75},{"Length":16,"Height":24,"Demand":0,"DemandMax":4,"Value":768},{"Length":99,"Height":19,"Demand":0,"DemandMax":4,"Value":1881},{"Length":33,"Height":11,"Demand":0,"DemandMax":4,"Value":726},{"Length":84,"Height":12,"Demand":0,"DemandMax":4,"Value":1008},{"Length":69,"Height":91,"Demand":0,"DemandMax":4,"Value":6279},{"Length":76,"Height":14,"Demand":0,"DemandMax":4,"Value":1064},{"Length":22,"Height":34,"Demand":0,"DemandMax":4,"Value":1496},{"Length":31,"Height":85,"Demand":0,"DemandMax":4,"Value":2635},{"Length":83,"Height":52,"Demand":0,"DemandMax":4,"Value":12948},{"Length":4,"Height":35,"Demand":0,"DemandMax":4,"Value":420},{"Length":42,"Height":30,"Demand":0,"DemandMax":4,"Value":1260},{"Length":57,"Height":64,"Demand":0,"DemandMax":4,"Value":10944},{"Length":14,"Height":42,"Demand":0,"DemandMax":4,"Value":1764},{"Length":37,"Height":50,"Demand":0,"DemandMax":4,"Value":3700},{"Length":81,"Height":7,"Demand":0,"DemandMax":4,"Value":1134},{"Length":21,"Height":47,"Demand":0,"DemandMax":4,"Value":987},{"Length":39,"Height":84,"Demand":0,"DemandMax":4,"Value":3276},{"Length":82,"Height":25,"Demand":0,"DemandMax":4,"Value":4100},{"Length":9,"Height":47,"Demand":0,"DemandMax":4,"Value":1269},{"Length":88,"Height":18,"Demand":0,"DemandMax":4,"Value":1584},{"Length":29,"Height":8,"Demand":0,"DemandMax":4,"Value":232},{"Length":92,"Height":51,"Demand":0,"DemandMax":4,"Value":14076},{"Length":90,"Height":89,"Demand":0,"DemandMax":4,"Value":24030},{"Length":80,"Height":21,"Demand":0,"DemandMax":4,"Value":3360},{"Length":25,"Height":50,"Demand":0,"DemandMax":4,"Value":3750},{"Length":26,"Height":11,"Demand":0,"DemandMax":4,"Value":286},{"Length":97,"Height":28,"Demand":0,"DemandMax":4,"Value":8148},{"Length":7,"Height":87,"Demand":0,"DemandMax":4,"Value":1827},{"Length":93,"Height":91,"Demand":0,"DemandMax":4,"Value":16926},{"Length":86,"Height":22,"Demand":0,"DemandMax":4,"Value":1892},{"Length":4,"Height":23,"Demand":0,"DemandMax":4,"Value":276},{"Length":46,"Height":94,"Demand":0,"DemandMax":4,"Value":8648},{"Length":42,"Height":47,"Demand":0,"DemandMax":4,"Value":1974},{"Length":35,"Height":11,"Demand":0,"DemandMax":4,"Value":1155},{"Length":44,"Height":87,"Demand":0,"DemandMax":4,"Value":3828},{"Length":12,"Height":42,"Demand":0,"DemandMax":4,"Value":1512},{"Length":11,"Height":18,"Demand":0,"DemandMax":4,"Value":396},{"Length":5,"Height":40,"Demand":0,"DemandMax":4,"Value":400},{"Length":45,"Height":36,"Demand":0,"DemandMax":4,"Value":3240},{"Length":11,"Height":5,"Demand":0,"DemandMax":4,"Value":165},{"Length":41,"Height":41,"Demand":0,"DemandMax":4,"Value":3362},{"Length":80,"Height":97,"Demand":0,"DemandMax":4,"Value":7760},{"Length":8,"Height":5,"Demand":0,"DemandMax":4,"Value":80},{"Length":7,"Height":97,"Demand":0,"DemandMax":4,"Value":1358},{"Length":79,"Height":97,"Demand":0,"DemandMax":4,"Value":7663},{"Length":93,"Height":99,"Demand":0,"DemandMax":4,"Value":9207},{"Length":77,"Height":76,"Demand":0,"DemandMax":4,"Value":11704},{"Length":47,"Height":50,"Demand":0,"DemandMax":4,"Value":4700},{"Length":29,"Height":39,"Demand":0,"DemandMax":4,"Value":3393},{"Length":86,"Height":12,"Demand":0,"DemandMax":4,"Value":2064},{"Length":13,"Height":42,"Demand":0,"DemandMax":4,"Value":1638},{"Length":89,"Height":29,"Demand":0,"DemandMax":4,"Value":2581},{"Length":7,"Height":24,"Demand":0,"DemandMax":4,"Value":336},{"Length":50,"Height":47,"Demand":0,"DemandMax":4,"Value":7050},{"Length":12,"Height":95,"Demand":0,"DemandMax":4,"Value":3420},{"Length":36,"Height":86,"Demand":0,"DemandMax":4,"Value":6192},{"Length":53,"Height":88,"Demand":0,"DemandMax":4,"Value":9328},{"Length":59,"Height":91,"Demand":0,"DemandMax":4,"Value":5369},{"Length":42,"Height":14,"Demand":0,"DemandMax":4,"Value":1176},{"Length":17,"Height":17,"Demand":0,"DemandMax":4,"Value":289},{"Length":42,"Height":97,"Demand":0,"DemandMax":4,"Value":12222},{"Length":43,"Height":83,"Demand":0,"DemandMax":4,"Value":10707},{"Length":98,"Height":97,"Demand":0,"DemandMax":4,"Value":28518},{"Length":33,"Height":88,"Demand":0,"DemandMax":4,"Value":5808},{"Length":72,"Height":56,"Demand":0,"DemandMax":4,"Value":4032},{"Length":76,"Height":3,"Demand":0,"DemandMax":4,"Value":684},{"Length":93,"Height":39,"Demand":0,"DemandMax":4,"Value":3627},{"Length":34,"Height":23,"Demand":0,"DemandMax":4,"Value":2346},{"Length":87,"Height":78,"Demand":0,"DemandMax":4,"Value":6786},{"Length":44,"Height":82,"Demand":0,"DemandMax":4,"Value":10824},{"Length":26,"Height":4,"Demand":0,"DemandMax":4,"Value":312},{"Length":84,"Height":69,"Demand":0,"DemandMax":4,"Value":11592},{"Length":51,"Height":65,"Demand":0,"DemandMax":4,"Value":6630},{"Length":18,"Height":28,"Demand":0,"DemandMax":4,"Value":1512},{"Length":76,"Height":66,"Demand":0,"DemandMax":4,"Value":5016},{"Length":44,"Height":92,"Demand":0,"DemandMax":4,"Value":4048},{"Length":14,"Height":92,"Demand":0,"DemandMax":4,"Value":1288},{"Length":70,"Height":93,"Demand":0,"DemandMax":4,"Value":19530},{"Length":99,"Height":13,"Demand":0,"DemandMax":4,"Value":2574},{"Length":11,"Height":78,"Demand":0,"DemandMax":4,"Value":858},{"Length":20,"Height":6,"Demand":0,"DemandMax":4,"Value":120},{"Length":100,"Height":2,"Demand":0,"DemandMax":4,"Value":600},{"Length":40,"Height":10,"Demand":0,"DemandMax":4,"Value":400},{"Length":48,"Height":92,"Demand":0,"DemandMax":4,"Value":4416},{"Length":77,"Height":63,"Demand":0,"DemandMax":4,"Value":9702},{"Length":3,"Height":25,"Demand":0,"DemandMax":4,"Value":225},{"Length":88,"Height":99,"Demand":0,"DemandMax":4,"Value":26136},{"Length":71,"Height":69,"Demand":0,"DemandMax":4,"Value":4899},{"Length":98,"Height":17,"Demand":0,"DemandMax":4,"Value":1666},{"Length":20,"Height":92,"Demand":0,"DemandMax":4,"Value":1840},{"Length":21,"Height":37,"Demand":0,"DemandMax":4,"Value":2331},{"Length":31,"Height":31,"Demand":0,"DemandMax":4,"Value":961},{"Length":79,"Height":10,"Demand":0,"DemandMax":4,"Value":2370},{"Length":95,"Height":19,"Demand":0,"DemandMax":4,"Value":5415},{"Length":63,"Height":81,"Demand":0,"DemandMax":4,"Value":5103},{"Length":47,"Height":22,"Demand":0,"DemandMax":4,"Value":3102},{"Length":60,"Height":86,"Demand":0,"DemandMax":4,"Value":10320},{"Length":12,"Height":45,"Demand":0,"DemandMax":4,"Value":1080},{"Length":10,"Height":80,"Demand":0,"DemandMax":4,"Value":800},{"Length":39,"Height":37,"Demand":0,"DemandMax":4,"Value":4329},{"Length":2,"Height":31,"Demand":0,"DemandMax":4,"Value":62},{"Length":6,"Height":82,"Demand":0,"DemandMax":4,"Value":1476},{"Length":4,"Height":26,"Demand":0,"DemandMax":4,"Value":312},{"Length":10,"Height":20,"Demand":0,"DemandMax":4,"Value":400},{"Length":13,"Height":94,"Demand":0,"DemandMax":4,"Value":2444},{"Length":91,"Height":96,"Demand":0,"DemandMax":4,"Value":17472},{"Length":50,"Height":99,"Demand":0,"DemandMax":4,"Value":4950},{"Length":88,"Height":7,"Demand":0,"DemandMax":4,"Value":1232},{"Length":78,"Height":65,"Demand":0,"DemandMax":4,"Value":15210},{"Length":31,"Height":4,"Demand":0,"DemandMax":4,"Value":248},{"Length":91,"Height":6,"Demand":0,"DemandMax":4,"Value":546},{"Length":35,"Height":91,"Demand":0,"DemandMax":4,"Value":3185},{"Length":27,"Height":90,"Demand":0,"DemandMax":4,"Value":2430},{"Length":8,"Height":38,"Demand":0,"DemandMax":4,"Value":608},{"Length":15,"Height":41,"Demand":0,"DemandMax":4,"Value":1230},{"Length":84,"Height":44,"Demand":0,"DemandMax":4,"Value":11088},{"Length":22,"Height":41,"Demand":0,"DemandMax":4,"Value":902},{"Length":31,"Height":16,"Demand":0,"DemandMax":4,"Value":992},{"Length":34,"Height":77,"Demand":0,"DemandMax":4,"Value":5236},{"Length":26,"Height":33,"Demand":0,"DemandMax":4,"Value":1716},{"Length":22,"Height":9,"Demand":0,"DemandMax":4,"Value":594},{"Length":13,"Height":4,"Demand":0,"DemandMax":4,"Value":52},{"Length":85,"Height":7,"Demand":0,"DemandMax":4,"Value":595},{"Length":54,"Height":92,"Demand":0,"DemandMax":4,"Value":9936},{"Length":12,"Height":47,"Demand":0,"DemandMax":4,"Value":564},{"Length":19,"Height":86,"Demand":0,"DemandMax":4,"Value":4902},{"Length":89,"Height":26,"Demand":0,"DemandMax":4,"Value":2314},{"Length":86,"Height":91,"Demand":0,"DemandMax":4,"Value":23478},{"Length":99,"Height":90,"Demand":0,"DemandMax":4,"Value":26730},{"Length":4,"Height":37,"Demand":0,"DemandMax":4,"Value":148},{"Length":50,"Height":9,"Demand":0,"DemandMax":4,"Value":450},{"Length":37,"Height":99,"Demand":0,"DemandMax":4,"Value":7326},{"Length":87,"Height":12,"Demand":0,"DemandMax":4,"Value":2088},{"Length":32,"Height":14,"Demand":0,"DemandMax":4,"Value":1344},{"Length":64,"Height":80,"Demand":0,"DemandMax":4,"Value":5120},{"Length":15,"Height":11,"Demand":0,"DemandMax":4,"Value":330},{"Length":29,"Height":43,"Demand":0,"DemandMax":4,"Value":2494},{"Length":47,"Height":44,"Demand":0,"DemandMax":4,"Value":4136},{"Length":83,"Height":48,"Demand":0,"DemandMax":4,"Value":3984},{"Length":7,"Height":42,"Demand":0,"DemandMax":4,"Value":882},{"Length":83,"Height":45,"Demand":0,"DemandMax":4,"Value":7470},{"Length":28,"Height":98,"Demand":0,"DemandMax":4,"Value":2744},{"Length":43,"Height":19,"Demand":0,"DemandMax":4,"Value":817},{"Length":91,"Height":37,"Demand":0,"DemandMax":4,"Value":3367},{"Length":74,"Height":59,"Demand":0,"DemandMax":4,"Value":13098},{"Length":51,"Height":77,"Demand":0,"DemandMax":4,"Value":11781},{"Length":99,"Height":50,"Demand":0,"DemandMax":4,"Value":9900},{"Length":76,"Height":50,"Demand":0,"DemandMax":4,"Value":11400},{"Length":60,"Height":51,"Demand":0,"DemandMax":4,"Value":3060},{"Length":9,"Height":44,"Demand":0,"DemandMax":4,"Value":396},{"Length":93,"Height":16,"Demand":0,"DemandMax":4,"Value":2976},{"Length":91,"Height":94,"Demand":0,"DemandMax":4,"Value":8554},{"Length":49,"Height":8,"Demand":0,"DemandMax":4,"Value":392},{"Length":84,"Height":43,"Demand":0,"DemandMax":4,"Value":10836},{"Length":94,"Height":46,"Demand":0,"DemandMax":4,"Value":12972},{"Length":14,"Height":20,"Demand":0,"DemandMax":4,"Value":560},{"Length":42,"Height":10,"Demand":0,"DemandMax":4,"Value":1260},{"Length":21,"Height":26,"Demand":0,"DemandMax":4,"Value":546},{"Length":18,"Height":4,"Demand":0,"DemandMax":4,"Value":216},{"Length":52,"Height":76,"Demand":0,"DemandMax":4,"Value":7904},{"Length":48,"Height":8,"Demand":0,"DemandMax":4,"Value":768},{"Length":11,"Height":86,"Demand":0,"DemandMax":4,"Value":1892},{"Length":81,"Height":12,"Demand":0,"DemandMax":4,"Value":2916},{"Length":42,"Height":96,"Demand":0,"DemandMax":4,"Value":8064},{"Length":20,"Height":14,"Demand":0,"DemandMax":8,"Value":280},{"Length":45,"Height":30,"Demand":0,"DemandMax":4,"Value":1350},{"Length":36,"Height":18,"Demand":0,"DemandMax":4,"Value":648},{"Length":66,"Height":56,"Demand":0,"DemandMax":4,"Value":3696},{"Length":15,"Height":44,"Demand":0,"DemandMax":4,"Value":1980},{"Length":12,"Height":77,"Demand":0,"DemandMax":4,"Value":924},{"Length":39,"Height":45,"Demand":0,"DemandMax":4,"Value":1755},{"Length":35,"Height":23,"Demand":0,"DemandMax":4,"Value":1610},{"Length":38,"Height":43,"Demand":0,"DemandMax":4,"Value":1634},{"Length":88,"Height":36,"Demand":0,"DemandMax":4,"Value":6336},{"Length":80,"Height":97,"Demand":0,"DemandMax":4,"Value":15520},{"Length":17,"Height":2,"Demand":0,"DemandMax":4,"Value":68},{"Length":29,"Height":50,"Demand":0,"DemandMax":4,"Value":1450},{"Length":38,"Height":21,"Demand":0,"DemandMax":4,"Value":1596},{"Length":4,"Height":87,"Demand":0,"DemandMax":4,"Value":1044},{"Length":44,"Height":82,"Demand":0,"DemandMax":4,"Value":3608},{"Length":45,"Height":96,"Demand":0,"DemandMax":4,"Value":4320},{"Length":14,"Height":4,"Demand":0,"DemandMax":4,"Value":56},{"Length":42,"Height":43,"Demand":0,"DemandMax":4,"Value":3612},{"Length":83,"Height":36,"Demand":0,"DemandMax":4,"Value":5976},{"Length":26,"Height":36,"Demand":0,"DemandMax":4,"Value":936},{"Length":40,"Height":9,"Demand":0,"DemandMax":4,"Value":720},{"Length":36,"Height":42,"Demand":0,"DemandMax":4,"Value":1512},{"Length":28,"Height":21,"Demand":0,"DemandMax":4,"Value":1176},{"Length":91,"Height":41,"Demand":0,"DemandMax":4,"Value":11193},{"Length":35,"Height":97,"Demand":0,"DemandMax":4,"Value":6790},{"Length":47,"Height":11,"Demand":0,"DemandMax":4,"Value":1034},{"Length":12,"Height":80,"Demand":0,"DemandMax":4,"Value":1920},{"Length":97,"Height":85,"Demand":0,"DemandMax":4,"Value":24735},{"Length":43,"Height":22,"Demand":0,"DemandMax":4,"Value":1892},{"Length":32,"Height":82,"Demand":0,"DemandMax":4,"Value":5248},{"Length":84,"Height":49,"Demand":0,"DemandMax":4,"Value":8232},{"Length":83,"Height":24,"Demand":0,"DemandMax":4,"Value":5976},{"Length":24,"Height":4,"Demand":0,"DemandMax":4,"Value":288},{"Length":65,"Height":55,"Demand":0,"DemandMax":4,"Value":3575},{"Length":12,"Height":47,"Demand":0,"DemandMax":4,"Value":1692},{"Length":49,"Height":37,"Demand":0,"DemandMax":4,"Value":5439},{"Length":12,"Height":18,"Demand":0,"DemandMax":4,"Value":432},{"Length":86,"Height":37,"Demand":0,"DemandMax":4,"Value":9546},{"Length":96,"Height":12,"Demand":0,"DemandMax":4,"Value":1152},{"Length":81,"Height":3,"Demand":0,"DemandMax":4,"Value":486},{"Length":2,"Height":88,"Demand":0,"DemandMax":4,"Value":176},{"Length":45,"Height":3,"Demand":0,"DemandMax":4,"Value":135},{"Length":85,"Height":35,"Demand":0,"DemandMax":4,"Value":5950},{"Length":42,"Height":31,"Demand":0,"DemandMax":4,"Value":1302},{"Length":39,"Height":43,"Demand":0,"DemandMax":4,"Value":5031},{"Length":100,"Height":34,"Demand":0,"DemandMax":4,"Value":10200},{"Length":44,"Height":34,"Demand":0,"DemandMax":4,"Value":1496},{"Length":14,"Height":22,"Demand":0,"DemandMax":4,"Value":924},{"Length":43,"Height":48,"Demand":0,"DemandMax":4,"Value":4128},{"Length":20,"Height":13,"Demand":0,"DemandMax":4,"Value":260},{"Length":23,"Height":7,"Demand":0,"DemandMax":4,"Value":322},{"Length":86,"Height":13,"Demand":0,"DemandMax":4,"Value":2236},{"Length":53,"Height":65,"Demand":0,"DemandMax":4,"Value":10335},{"Length":81,"Height":38,"Demand":0,"DemandMax":4,"Value":9234},{"Length":55,"Height":100,"Demand":0,"DemandMax":4,"Value":16500},{"Length":67,"Height":93,"Demand":0,"DemandMax":4,"Value":12462},{"Length":20,"Height":45,"Demand":0,"DemandMax":4,"Value":900},{"Length":42,"Height":92,"Demand":0,"DemandMax":4,"Value":7728},{"Length":84,"Height":73,"Demand":0,"DemandMax":4,"Value":6132},{"Length":87,"Height":71,"Demand":0,"DemandMax":4,"Value":6177},{"Length":96,"Height":39,"Demand":0,"DemandMax":4,"Value":3744},{"Length":32,"Height":10,"Demand":0,"DemandMax":4,"Value":640},{"Length":91,"Height":22,"Demand":0,"DemandMax":4,"Value":4004},{"Length":15,"Height":7,"Demand":0,"DemandMax":4,"Value":315},{"Length":21,"Height":83,"Demand":0,"DemandMax":4,"Value":1743},{"Length":16,"Height":95,"Demand":0,"DemandMax":4,"Value":4560},{"Length":7,"Height":49,"Demand":0,"DemandMax":4,"Value":686},{"Length":2,"Height":83,"Demand":0,"DemandMax":4,"Value":332},{"Length":41,"Height":34,"Demand":0,"DemandMax":4,"Value":4182},{"Length":38,"Height":100,"Demand":0,"DemandMax":4,"Value":11400},{"Length":93,"Height":21,"Demand":0,"DemandMax":4,"Value":1953},{"Length":32,"Height":4,"Demand":0,"DemandMax":4,"Value":384},{"Length":26,"Height":26,"Demand":0,"DemandMax":4,"Value":1352},{"Length":15,"Height":11,"Demand":0,"DemandMax":4,"Value":495},{"Length":93,"Height":30,"Demand":0,"DemandMax":4,"Value":8370},{"Length":49,"Height":84,"Demand":0,"DemandMax":4,"Value":8232},{"Length":36,"Height":24,"Demand":0,"DemandMax":4,"Value":864},{"Length":79,"Height":12,"Demand":0,"DemandMax":4,"Value":948},{"Length":19,"Height":26,"Demand":0,"DemandMax":4,"Value":988},{"Length":26,"Height":95,"Demand":0,"DemandMax":4,"Value":7410},{"Length":22,"Height":76,"Demand":0,"DemandMax":4,"Value":1672},{"Length":91,"Height":95,"Demand":0,"DemandMax":4,"Value":8645},{"Length":84,"Height":5,"Demand":0,"DemandMax":4,"Value":1260},{"Length":4,"Height":82,"Demand":0,"DemandMax":4,"Value":984},{"Length":25,"Height":76,"Demand":0,"DemandMax":4,"Value":5700},{"Length":46,"Height":21,"Demand":0,"DemandMax":4,"Value":1932},{"Length":33,"Height":77,"Demand":0,"DemandMax":4,"Value":7623},{"Length":92,"Height":57,"Demand":0,"DemandMax":4,"Value":5244},{"Length":40,"Height":8,"Demand":0,"DemandMax":4,"Value":960},{"Length":7,"Height":9,"Demand":0,"DemandMax":4,"Value":189},{"Length":8,"Height":100,"Demand":0,"DemandMax":4,"Value":800},{"Length":80,"Height":78,"Demand":0,"DemandMax":4,"Value":6240},{"Length":37,"Height":36,"Demand":0,"DemandMax":4,"Value":2664},{"Length":32,"Height":90,"Demand":0,"DemandMax":4,"Value":8640},{"Length":88,"Height":25,"Demand":0,"DemandMax":4,"Value":2200},{"Length":48,"Height":10,"Demand":0,"DemandMax":4,"Value":960},{"Length":21,"Height":42,"Demand":0,"DemandMax":4,"Value":2646},{"Length":13,"Height":45,"Demand":0,"DemandMax":4,"Value":1755},{"Length":84,"Height":3,"Demand":0,"DemandMax":4,"Value":504},{"Length":7,"Height":89,"Demand":0,"DemandMax":4,"Value":623},{"Length":15,"Height":46,"Demand":0,"DemandMax":4,"Value":2070},{"Length":82,"Height":27,"Demand":0,"DemandMax":4,"Value":2214},{"Length":11,"Height":84,"Demand":0,"DemandMax":4,"Value":1848},{"Length":38,"Height":95,"Demand":0,"DemandMax":4,"Value":10830},{"Length":33,"Height":33,"Demand":0,"DemandMax":4,"Value":1089},{"Length":12,"Height":38,"Demand":0,"DemandMax":4,"Value":1368},{"Length":93,"Height":26,"Demand":0,"DemandMax":4,"Value":2418},{"Length":4,"Height":35,"Demand":0,"DemandMax":4,"Value":140},{"Length":17,"Height":4,"Demand":0,"DemandMax":4,"Value":204},{"Length":25,"Height":21,"Demand":0,"DemandMax":4,"Value":1575},{"Length":92,"Height":33,"Demand":0,"DemandMax":4,"Value":3036},{"Length":26,"Height":33,"Demand":0,"DemandMax":4,"Value":2574},{"Length":25,"Height":34,"Demand":0,"DemandMax":4,"Value":1700},{"Length":16,"Height":93,"Demand":0,"DemandMax":4,"Value":1488},{"Length":20,"Height":24,"Demand":0,"DemandMax":8,"Value":480},{"Length":86,"Height":6,"Demand":0,"DemandMax":4,"Value":516},{"Length":19,"Height":21,"Demand":0,"DemandMax":4,"Value":798},{"Length":23,"Height":24,"Demand":0,"DemandMax":4,"Value":552},{"Length":89,"Height":61,"Demand":0,"DemandMax":4,"Value":10858},{"Length":62,"Height":51,"Demand":0,"DemandMax":4,"Value":9486},{"Length":54,"Height":64,"Demand":0,"DemandMax":4,"Value":6912},{"Length":24,"Height":50,"Demand":0,"DemandMax":4,"Value":2400},{"Length":50,"Height":27,"Demand":0,"DemandMax":4,"Value":2700},{"Length":40,"Height":46,"Demand":0,"DemandMax":4,"Value":3680},{"Length":38,"Height":19,"Demand":0,"DemandMax":4,"Value":1444},{"Length":30,"Height":27,"Demand":0,"DemandMax":4,"Value":1620},{"Length":9,"Height":4,"Demand":0,"DemandMax":4,"Value":72},{"Length":29,"Height":90,"Demand":0,"DemandMax":4,"Value":7830},{"Length":85,"Height":11,"Demand":0,"DemandMax":4,"Value":935},{"Length":98,"Height":28,"Demand":0,"DemandMax":4,"Value":8232},{"Length":46,"Height":4,"Demand":0,"DemandMax":4,"Value":368},{"Length":3,"Height":76,"Demand":0,"DemandMax":4,"Value":456},{"Length":34,"Height":48,"Demand":0,"DemandMax":4,"Value":1632},{"Length":62,"Height":69,"Demand":0,"DemandMax":4,"Value":4278},{"Length":78,"Height":15,"Demand":0,"DemandMax":4,"Value":3510},{"Length":37,"Height":25,"Demand":0,"DemandMax":4,"Value":2775},{"Length":31,"Height":24,"Demand":0,"DemandMax":4,"Value":744},{"Length":35,"Height":24,"Demand":0,"DemandMax":4,"Value":1680},{"Length":86,"Height":4,"Demand":0,"DemandMax":4,"Value":1032},{"Length":46,"Height":82,"Demand":0,"DemandMax":4,"Value":11316},{"Length":12,"Height":78,"Demand":0,"DemandMax":4,"Value":1872},{"Length":69,"Height":55,"Demand":0,"DemandMax":4,"Value":11385},{"Length":13,"Height":35,"Demand":0,"DemandMax":4,"Value":910},{"Length":33,"Height":36,"Demand":0,"DemandMax":4,"Value":2376},{"Length":34,"Height":39,"Demand":0,"DemandMax":4,"Value":3978},{"Length":83,"Height":77,"Demand":0,"DemandMax":4,"Value":6391},{"Length":6,"Height":21,"Demand":0,"DemandMax":4,"Value":252},{"Length":48,"Height":45,"Demand":0,"DemandMax":4,"Value":4320},{"Length":63,"Height":61,"Demand":0,"DemandMax":4,"Value":7686},{"Length":56,"Height":76,"Demand":0,"DemandMax":4,"Value":4256},{"Length":69,"Height":51,"Demand":0,"DemandMax":4,"Value":3519},{"Length":35,"Height":16,"Demand":0,"DemandMax":4,"Value":1120},{"Length":62,"Height":81,"Demand":0,"DemandMax":4,"Value":15066},{"Length":6,"Height":93,"Demand":0,"DemandMax":4,"Value":1674},{"Length":43,"Height":87,"Demand":0,"DemandMax":4,"Value":11223},{"Length":85,"Height":87,"Demand":0,"DemandMax":4,"Value":7395},{"Length":71,"Height":80,"Demand":0,"DemandMax":4,"Value":17040},{"Length":49,"Height":91,"Demand":0,"DemandMax":4,"Value":13377},{"Length":10,"Height":79,"Demand":0,"DemandMax":4,"Value":790},{"Length":7,"Height":38,"Demand":0,"DemandMax":4,"Value":266},{"Length":8,"Height":48,"Demand":0,"DemandMax":4,"Value":384},{"Length":89,"Height":20,"Demand":0,"DemandMax":4,"Value":5340},{"Length":83,"Height":32,"Demand":0,"DemandMax":4,"Value":5312},{"Length":76,"Height":44,"Demand":0,"DemandMax":4,"Value":6688},{"Length":99,"Height":24,"Demand":0,"DemandMax":4,"Value":7128},{"Length":30,"Height":88,"Demand":0,"DemandMax":4,"Value":2640},{"Length":83,"Height":32,"Demand":0,"DemandMax":4,"Value":7968},{"Length":41,"Height":14,"Demand":0,"DemandMax":4,"Value":1148},{"Length":71,"Height":82,"Demand":0,"DemandMax":4,"Value":17466},{"Length":16,"Height":4,"Demand":0,"DemandMax":4,"Value":192},{"Length":47,"Height":100,"Demand":0,"DemandMax":4,"Value":14100},{"Length":85,"Height":27,"Demand":0,"DemandMax":4,"Value":6885},{"Length":77,"Height":46,"Demand":0,"DemandMax":4,"Value":3542},{"Length":33,"Height":89,"Demand":0,"DemandMax":4,"Value":2937},{"Length":38,"Height":31,"Demand":0,"DemandMax":4,"Value":3534},{"Length":15,"Height":92,"Demand":0,"DemandMax":4,"Value":4140},{"Length":12,"Height":3,"Demand":0,"DemandMax":4,"Value":108},{"Length":41,"Height":42,"Demand":0,"DemandMax":4,"Value":5166},{"Length":19,"Height":11,"Demand":0,"DemandMax":4,"Value":209},{"Length":43,"Height":37,"Demand":0,"DemandMax":4,"Value":1591}]}