{"Name":"ngcutfs2_119","Objects":[{"Length":100,"Height":100,"Stock":null,"Cost":10000}],"Items":[{"Length":86,"Height":89,"Demand":0,"DemandMax":4,"Value":22962},{"Length":36,"Height":21,"Demand":0,"DemandMax":4,"Value":2268},{"Length":32,"Height":29,"Demand":0,"DemandMax":4,"Value":2784},{"Length":39,"Height":42,"Demand":0,"DemandMax":4,"Value":4914},{"Length":91,"Height":6,"Demand":0,"DemandMax":4,"Value":1638},{"Length":81,"Height":5,"Demand":0,"DemandMax":4,"Value":405},{"Length":62,"Height":67,"Demand":0,"DemandMax":4,"Value":4154},{"Length":27,"Height":81,"Demand":0,"DemandMax":4,"Value":4374},{"Length":84,"Height":63,"Demand":0,"DemandMax":4,"Value":10584},{"Length":6,"Height":80,"Demand":0,"DemandMax":4,"Value":960},{"Length":93,"Height":91,"Demand":0,"DemandMax":4,"Value":16926},{"Length":22,"Height":41,"Demand":0,"DemandMax":4,"Value":2706},{"Length":41,"Height":14,"Demand":0,"DemandMax":4,"Value":1148},{"Length":46,"Height":20,"Demand":0,"DemandMax":4,"Value":1840},{"Length":20,"Height":45,"Demand":0,"DemandMax":4,"Value":1800},{"Length":35,"Height":9,"Demand":0,"DemandMax":4,"Value":315},{"Length":92,"Height":76,"Demand":0,"DemandMax":4,"Value":20976},{"Length":30,"Height":50,"Demand":0,"DemandMax":4,"Value":4500},{"Length":96,"Height":2,"Demand":0,"DemandMax":4,"Value":384},{"Length":30,"Height":34,"Demand":0,"DemandMax":4,"Value":2040},{"Length":87,"Height":39,"Demand":0,"DemandMax":4,"Value":3393},{"Length":47,"Height":8,"Demand":0,"DemandMax":4,"Value":1128},{"Length":19,"Height":91,"Demand":0,"DemandMax":4,"Value":1729},{"Length":42,"Height":92,"Demand":0,"DemandMax":4,"Value":11592},{"Length":2,"Height":40,"Demand":0,"DemandMax":4,"Value":160},{"Length":21,"Height":91,"Demand":0,"DemandMax":4,"Value":5733},{"Length":21,"Height":100,"Demand":0,"DemandMax":4,"Value":4200},{"Length":14,"Height":3,"Demand":0,"DemandMax":4,"Value":42},{"Length":88,"Height":81,"Demand":0,"DemandMax":4,"Value":7128},{"Length":97,"Height":56,"Demand":0,"DemandMax":4,"Value":10864},{"Length":28,"Height":23,"Demand":0,"DemandMax":4,"Value":644},{"Length":45,"Height":9,"Demand":0,"DemandMax":4,"Value":1215},{"Length":76,"Height":11,"Demand":0,"DemandMax":4,"Value":2508},{"Length":85,"Height":11,"Demand":0,"DemandMax":4,"Value":1870},{"Length":42,"Height":31,"Demand":0,"DemandMax":4,"Value":3906},{"Length":96,"Height":48,"Demand":0,"DemandMax":4,"Value":4608},{"Length":27,"Height":2,"Demand":0,"DemandMax":4,"Value":162},{"Length":22,"Height":81,"Demand":0,"DemandMax":4,"Value":1782},{"Length":88,"Height":88,"Demand":0,"DemandMax":4,"Value":15488},{"Length":41,"Height":15,"Demand":0,"DemandMax":4,"Value":1230},{"Length":30,"Height":8,"Demand":0,"DemandMax":4,"Value":480},{"Length":90,"Height":28,"Demand":0,"DemandMax":4,"Value":5040},{"Length":100,"Height":47,"Demand":0,"DemandMax":4,"Value":4700},{"Length":18,"Height":47,"Demand":0,"DemandMax":4,"Value":846},{"Length":15,"Height":78,"Demand":0,"DemandMax":4,"Value":2340},{"Length":33,"Height":8,"Demand":0,"DemandMax":4,"Value":792},{"Length":100,"Height":80,"Demand":0,"DemandMax":4,"Value":24000},{"Length":37,"Height":32,"Demand":0,"DemandMax":4,"Value":1184},{"Length":42,"Height":8,"Demand":0,"DemandMax":4,"Value":672},{"Length":71,"Height":78,"Demand":0,"DemandMax":4,"Value":16614},{"Length":44,"Height":49,"Demand":0,"DemandMax":4,"Value":2156},{"Length":98,"Height":92,"Demand":0,"DemandMax":4,"Value":9016},{"Length":91,"Height":92,"Demand":0,"DemandMax":4,"Value":16744},{"Length":2,"Height":41,"Demand":0,"DemandMax":4,"Value":164},{"Length":23,"Height":40,"Demand":0,"DemandMax":4,"Value":2760},{"Length":99,"Height":6,"Demand":0,"DemandMax":4,"Value":594},{"Length":83,"Height":29,"Demand":0,"DemandMax":4,"Value":4814},{"Length":3,"Height":3,"Demand":0,"DemandMax":4,"Value":27},{"Length":48,"Height":34,"Demand":0,"DemandMax":4,"Value":3264},{"Length":16,"Height":99,"Demand":0,"DemandMax":4,"Value":3168},{"Length":10,"Height":100,"Demand":0,"DemandMax":8,"Value":2000},{"Length":75,"Height":95,"Demand":0,"DemandMax":4,"Value":7125},{"Length":80,"Height":24,"Demand":0,"DemandMax":4,"Value":3840},{"Length":17,"Height":19,"Demand":0,"DemandMax":4,"Value":969},{"Length":20,"Height":6,"Demand":0,"DemandMax":4,"Value":240},{"Length":76,"Height":83,"Demand":0,"DemandMax":4,"Value":18924},{"Length":41,"Height":90,"Demand":0,"DemandMax":4,"Value":11070},{"Length":16,"Height":97,"Demand":0,"DemandMax":4,"Value":3104},{"Length":38,"Height":9,"Demand":0,"DemandMax":4,"Value":1026},{"Length":11,"Height":7,"Demand":0,"DemandMax":4,"Value":154},{"Length":93,"Height":27,"Demand":0,"DemandMax":4,"Value":7533},{"Length":3,"Height":12,"Demand":0,"DemandMax":4,"Value":72},{"Length":87,"Height":20,"Demand":0,"DemandMax":4,"Value":1740},{"Length":4,"Height":24,"Demand":0,"DemandMax":4,"Value":192},{"Length":33,"Height":45,"Demand":0,"DemandMax":4,"Value":4455},{"Length":24,"Height":31,"Demand":0,"DemandMax":4,"Value":2232},{"Length":31,"Height":32,"Demand":0,"DemandMax":4,"Value":2976},{"Length":42,"Height":41,"Demand":0,"DemandMax":4,"Value":1722},{"Length":85,"Height":38,"Demand":0,"DemandMax":4,"Value":6460},{"Length":3,"Height":92,"Demand":0,"DemandMax":4,"Value":276},{"Length":17,"Height":81,"Demand":0,"DemandMax":4,"Value":1377},{"Length":29,"Height":35,"Demand":0,"DemandMax":4,"Value":2030},{"Length":20,"Height":5,"Demand":0,"DemandMax":4,"Value":200},{"Length":26,"Height":19,"Demand":0,"DemandMax":4,"Value":494},{"Length":43,"Height":39,"Demand":0,"DemandMax":4,"Value":1677},{"Length":84,"Height":42,"Demand":0,"DemandMax":4,"Value":7056},{"Length":82,"Height":69,"Demand":0,"DemandMax":4,"Value":5658},{"Length":21,"Height":11,"Demand":0,"DemandMax":4,"Value":231},{"Length":44,"Height":21,"Demand":0,"DemandMax":4,"Value":2772},{"Length":24,"Height":91,"Demand":0,"DemandMax":4,"Value":6552},{"Length":35,"Height":77,"Demand":0,"DemandMax":4,"Value":2695},{"Length":13,"Height":20,"Demand":0,"DemandMax":4,"Value":780},{"Length":29,"Height":26,"Demand":0,"DemandMax":4,"Value":2262},{"Length":81,"Height":55,"Demand":0,"DemandMax":4,"Value":13365},{"Length":39,"Height":23,"Demand":0,"DemandMax":4,"Value":1794},{"Length":46,"Height":2,"Demand":0,"DemandMax":4,"Value":92},{"Length":87,"Height":32,"Demand":0,"DemandMax":4,"Value":2784},{"Length":27,"Height":45,"Demand":0,"DemandMax":4,"Value":2430},{"Length":27,"Height":28,"Demand":0,"DemandMax":4,"Value":1512},{"Length":6,"Height":97,"Demand":0,"DemandMax":4,"Value":1164},{"Length":95,"Height":7,"Demand":0,"DemandMax":4,"Value":1330},{"Length":48,"Height":14,"Demand":0,"DemandMax":4,"Value":1344},{"Length":87,"Height":41,"Demand":0,"DemandMax":4,"Value":7134},{"Length":46,"Height":6,"Demand":0,"DemandMax":4,"Value":828},{"Length":3,"Height":34,"Demand":0,"DemandMax":4,"Value":204},{"Length":19,"Height":17,"Demand":0,"DemandMax":4,"Value":323},{"Length":73,"Height":69,"Demand":0,"DemandMax":4,"Value":5037},{"Length":14,"Height":36,"Demand":0,"DemandMax":4,"Value":1512},{"Length":7,"Height":39,"Demand":0,"DemandMax":4,"Value":819},{"Length":29,"Height":93,"Demand":0,"DemandMax":4,"Value":5394},{"Length":19,"Height":43,"Demand":0,"DemandMax":4,"Value":2451},{"Length":29,"Height":45,"Demand":0,"DemandMax":4,"Value":3915},{"Length":50,"Height":18,"Demand":0,"DemandMax":4,"Value":1800},{"Length":69,"Height":91,"Demand":0,"DemandMax":4,"Value":6279},{"Length":24,"Height":13,"Demand":0,"DemandMax":4,"Value":312},{"Length":24,"Height":49,"Demand":0,"DemandMax":4,"Value":3528},{"Length":20,"Height":4,"Demand":0,"DemandMax":4,"Value":160},{"Length":40,"Height":32,"Demand":0,"DemandMax":4,"Value":1280},{"Length":77,"Height":33,"Demand":0,"DemandMax":4,"Value":2541},{"Length":37,"Height":5,"Demand":0,"DemandMax":4,"Value":555},{"Length":82,"Height":43,"Demand":0,"DemandMax":4,"Value":3526},{"Length":44,"Height":40,"Demand":0,"DemandMax":4,"Value":5280},{"Length":33,"Height":32,"Demand":0,"DemandMax":4,"Value":1056},{"Length":2,"Height":10,"Demand":0,"DemandMax":4,"Value":40},{"Length":33,"Height":4,"Demand":0,"DemandMax":4,"Value":132},{"Length":42,"Height":6,"Demand":0,"DemandMax":4,"Value":756},{"Length":20,"Height":35,"Demand":0,"DemandMax":4,"Value":1400},{"Length":35,"Height":13,"Demand":0,"DemandMax":4,"Value":455},{"Length":9,"Height":23,"Demand":0,"DemandMax":4,"Value":414},{"Length":52,"Height":71,"Demand":0,"DemandMax":4,"Value":3692},{"Length":51,"Height":61,"Demand":0,"DemandMax":4,"Value":9333},{"Length":85,"Height":13,"Demand":0,"DemandMax":4,"Value":1105},{"Length":13,"Height":9,"Demand":0,"DemandMax":4,"Value":351},{"Length":28,"Height":41,"Demand":0,"DemandMax":4,"Value":2296},{"Length":31,"Height":30,"Demand":0,"DemandMax":4,"Value":930},{"Length":91,"Height":6,"Demand":0,"DemandMax":4,"Value":546},{"Length":81,"Height":18,"Demand":0,"DemandMax":4,"Value":2916},{"Length":77,"Height":3,"Demand":0,"DemandMax":4,"Value":462},{"Length":33,"Height":96,"Demand":0,"DemandMax":4,"Value":9504},{"Length":81,"Height":12,"Demand":0,"DemandMax":4,"Value":972},{"Length":26,"Height":45,"Demand":0,"DemandMax":4,"Value":3510},{"Length":50,"Height":9,"Demand":0,"DemandMax":4,"Value":1350},{"Length":31,"Height":50,"Demand":0,"DemandMax":4,"Value":3100},{"Length":2,"Height":76,"Demand":0,"DemandMax":4,"Value":456},{"Length":41,"Height":78,"Demand":0,"DemandMax":4,"Value":3198},{"Length":29,"Height":5,"Demand":0,"DemandMax":4,"Value":290},{"Length":14,"Height":32,"Demand":0,"DemandMax":4,"Value":1344},{"Length":26,"Height":97,"Demand":0,"DemandMax":4,"Value":2522},{"Length":29,"Height":96,"Demand":0,"DemandMax":4,"Value":5568}]}