{"Name":"ngcutfs3_22","Objects":[{"Length":100,"Height":100,"Stock":null,"Cost":10000}],"Items":[{"Length":11,"Height":90,"Demand":0,"DemandMax":4,"Value":2970},{"Length":13,"Height":8,"Demand":0,"DemandMax":4,"Value":104},{"Length":6,"Height":35,"Demand":0,"DemandMax":4,"Value":210},{"Length":49,"Height":18,"Demand":0,"DemandMax":4,"Value":1764},{"Length":2,"Height":43,"Demand":0,"DemandMax":4,"Value":172},{"Length":12,"Height":50,"Demand":0,"DemandMax":4,"Value":600},{"Length":26,"Height":45,"Demand":0,"DemandMax":4,"Value":2340},{"Length":42,"Height":9,"Demand":0,"DemandMax":4,"Value":1134},{"Length":48,"Height":18,"Demand":0,"DemandMax":4,"Value":864},{"Length":21,"Height":22,"Demand":0,"DemandMax":4,"Value":1386},{"Length":12,"Height":26,"Demand":0,"DemandMax":4,"Value":624},{"Length":77,"Height":74,"Demand":0,"DemandMax":4,"Value":17094},{"Length":84,"Height":39,"Demand":0,"DemandMax":4,"Value":9828},{"Length":6,"Height":26,"Demand":0,"DemandMax":4,"Value":312},{"Length":26,"Height":47,"Demand":0,"DemandMax":4,"Value":2444},{"Length":35,"Height":27,"Demand":0,"DemandMax":4,"Value":1890},{"Length":5,"Height":32,"Demand":0,"DemandMax":4,"Value":320},{"Length":23,"Height":40,"Demand":0,"DemandMax":4,"Value":1840},{"Length":30,"Height":49,"Demand":0,"DemandMax":4,"Value":4410},{"Length":48,"Height":28,"Demand":0,"DemandMax":4,"Value":4032},{"Length":26,"Height":37,"Demand":0,"DemandMax":4,"Value":1924},{"Length":2,"Height":34,"Demand":0,"DemandMax":4,"Value":68},{"Length":24,"Height":3,"Demand":0,"DemandMax":4,"Value":72},{"Length":28,"Height":42,"Demand":0,"DemandMax":4,"Value":3528},{"Length":15,"Height":90,"Demand":0,"DemandMax":4,"Value":1350},{"Length":40,"Height":17,"Demand":0,"DemandMax":4,"Value":1360},{"Length":78,"Height":49,"Demand":0,"DemandMax":4,"Value":7644},{"Length":28,"Height":77,"Demand":0,"DemandMax":4,"Value":4312},{"Length":8,"Height":24,"Demand":0,"DemandMax":4,"Value":192},{"Length":9,"Height":37,"Demand":0,"DemandMax":4,"Value":999},{"Length":38,"Height":20,"Demand":0,"DemandMax":4,"Value":1520},{"Length":49,"Height":95,"Demand":0,"DemandMax":4,"Value":4655},{"Length":28,"Height":19,"Demand":0,"DemandMax":4,"Value":532},{"Length":48,"Height":12,"Demand":0,"DemandMax":4,"Value":1728},{"Length":25,"Height":85,"Demand":0,"DemandMax":4,"Value":4250},{"Length":95,"Height":10,"Demand":0,"DemandMax":4,"Value":950},{"Length":28,"Height":4,"Demand":0,"DemandMax":4,"Value":112},{"Length":34,"Height":30,"Demand":0,"DemandMax":4,"Value":1020},{"Length":9,"Height":36,"Demand":0,"DemandMax":4,"Value":972},{"Length":76,"Height":22,"Demand":0,"DemandMax":4,"Value":3344}]}