{"Name":"ngcutfs3_37","Objects":[{"Length":100,"Height":100,"Stock":null,"Cost":10000}],"Items":[{"Length":19,"Height":34,"Demand":0,"DemandMax":1,"Value":1938},{"Length":48,"Height":83,"Demand":0,"DemandMax":1,"Value":11952},{"Length":8,"Height":13,"Demand":0,"DemandMax":1,"Value":312},{"Length":12,"Height":36,"Demand":0,"DemandMax":1,"Value":1296},{"Length":74,"Height":79,"Demand":0,"DemandMax":1,"Value":11692},{"Length":74,"Height":61,"Demand":0,"DemandMax":1,"Value":13542},{"Length":35,"Height":47,"Demand":0,"DemandMax":1,"Value":3290},{"Length":14,"Height":7,"Demand":0,"DemandMax":1,"Value":294},{"Length":93,"Height":61,"Demand":0,"DemandMax":1,"Value":17019},{"Length":42,"Height":40,"Demand":0,"DemandMax":1,"Value":5040},{"Length":3,"Height":18,"Demand":0,"DemandMax":1,"Value":108},{"Length":9,"Height":4,"Demand":0,"DemandMax":1,"Value":108},{"Length":75,"Height":75,"Demand":0,"DemandMax":1,"Value":16875},{"Length":48,"Height":10,"Demand":0,"DemandMax":1,"Value":960},{"Length":22,"Height":26,"Demand":0,"DemandMax":1,"Value":1716},{"Length":38,"Height":89,"Demand":0,"DemandMax":1,"Value":6764},{"Length":19,"Height":36,"Demand":0,"DemandMax":1,"Value":2052},{"Length":37,"Height":12,"Demand":0,"DemandMax":1,"Value":888},{"Length":97,"Height":69,"Demand":0,"DemandMax":1,"Value":13386},{"Length":26,"Height":44,"Demand":0,"DemandMax":1,"Value":3432},{"Length":34,"Height":20,"Demand":0,"DemandMax":1,"Value":680},{"Length":99,"Height":44,"Demand":0,"DemandMax":1,"Value":8712},{"Length":83,"Height":59,"Demand":0,"DemandMax":1,"Value":9794},{"Length":85,"Height":63,"Demand":0,"DemandMax":1,"Value":16065},{"Length":87,"Height":69,"Demand":0,"DemandMax":1,"Value":12006},{"Length":2,"Height":44,"Demand":0,"DemandMax":1,"Value":176},{"Length":37,"Height":22,"Demand":0,"DemandMax":1,"Value":1628},{"Length":42,"Height":87,"Demand":0,"DemandMax":1,"Value":10962},{"Length":18,"Height":7,"Demand":0,"DemandMax":1,"Value":378},{"Length":7,"Height":19,"Demand":0,"DemandMax":1,"Value":133},{"Length":2,"Height":18,"Demand":0,"DemandMax":1,"Value":36},{"Length":34,"Height":16,"Demand":0,"DemandMax":1,"Value":544},{"Length":18,"Height":32,"Demand":0,"DemandMax":1,"Value":1152},{"Length":28,"Height":76,"Demand":0,"DemandMax":1,"Value":4256},{"Length":78,"Height":9,"Demand":0,"DemandMax":1,"Value":702},{"Length":43,"Height":36,"Demand":0,"DemandMax":1,"Value":1548},{"Length":10,"Height":39,"Demand":0,"DemandMax":1,"Value":390},{"Length":91,"Height":40,"Demand":0,"DemandMax":1,"Value":3640},{"Length":9,"Height":20,"Demand":0,"DemandMax":1,"Value":180},{"Length":36,"Height":38,"Demand":0,"DemandMax":1,"Value":4104},{"Length":47,"Height":85,"Demand":0,"DemandMax":1,"Value":11985},{"Length":41,"Height":11,"Demand":0,"DemandMax":1,"Value":451},{"Length":84,"Height":39,"Demand":0,"DemandMax":1,"Value":3276},{"Length":95,"Height":3,"Demand":0,"DemandMax":1,"Value":570},{"Length":41,"Height":35,"Demand":0,"DemandMax":1,"Value":4305},{"Length":5,"Height":78,"Demand":0,"DemandMax":1,"Value":1170},{"Length":38,"Height":42,"Demand":0,"DemandMax":1,"Value":3192},{"Length":39,"Height":79,"Demand":0,"DemandMax":1,"Value":6162},{"Length":33,"Height":17,"Demand":0,"DemandMax":1,"Value":1683},{"Length":38,"Height":29,"Demand":0,"DemandMax":1,"Value":2204}]}