{"Name":"ngcutfs2_138","Objects":[{"Length":100,"Height":100,"Stock":null,"Cost":10000}],"Items":[{"Length":39,"Height":4,"Demand":0,"DemandMax":3,"Value":156},{"Length":90,"Height":74,"Demand":0,"DemandMax":3,"Value":6660},{"Length":5,"Height":29,"Demand":0,"DemandMax":3,"Value":290},{"Length":92,"Height":26,"Demand":0,"DemandMax":3,"Value":7176},{"Length":76,"Height":30,"Demand":0,"DemandMax":3,"Value":6840},{"Length":93,"Height":10,"Demand":0,"DemandMax":3,"Value":1860},{"Length":27,"Height":50,"Demand":0,"DemandMax":3,"Value":1350},{"Length":48,"Height":2,"Demand":0,"DemandMax":3,"Value":192},{"Length":56,"Height":62,"Demand":0,"DemandMax":3,"Value":10416},{"Length":28,"Height":33,"Demand":0,"DemandMax":3,"Value":1848},{"Length":15,"Height":40,"Demand":0,"DemandMax":3,"Value":1200},{"Length":38,"Height":35,"Demand":0,"DemandMax":3,"Value":1330},{"Length":90,"Height":63,"Demand":0,"DemandMax":3,"Value":17010},{"Length":38,"Height":12,"Demand":0,"DemandMax":3,"Value":912},{"Length":85,"Height":11,"Demand":0,"DemandMax":3,"Value":2805},{"Length":93,"Height":7,"Demand":0,"DemandMax":6,"Value":1302},{"Length":33,"Height":80,"Demand":0,"DemandMax":3,"Value":2640},{"Length":85,"Height":68,"Demand":0,"DemandMax":3,"Value":11560},{"Length":30,"Height":82,"Demand":0,"DemandMax":3,"Value":4920},{"Length":4,"Height":35,"Demand":0,"DemandMax":3,"Value":140},{"Length":68,"Height":69,"Demand":0,"DemandMax":3,"Value":14076},{"Length":30,"Height":49,"Demand":0,"DemandMax":3,"Value":2940},{"Length":49,"Height":100,"Demand":0,"DemandMax":3,"Value":14700},{"Length":26,"Height":81,"Demand":0,"DemandMax":3,"Value":6318},{"Length":72,"Height":59,"Demand":0,"DemandMax":3,"Value":8496},{"Length":29,"Height":19,"Demand":0,"DemandMax":3,"Value":1653},{"Length":93,"Height":90,"Demand":0,"DemandMax":3,"Value":16740},{"Length":100,"Height":53,"Demand":0,"DemandMax":3,"Value":10600},{"Length":22,"Height":87,"Demand":0,"DemandMax":3,"Value":1914},{"Length":70,"Height":97,"Demand":0,"DemandMax":3,"Value":13580},{"Length":6,"Height":37,"Demand":0,"DemandMax":3,"Value":666},{"Length":27,"Height":22,"Demand":0,"DemandMax":3,"Value":1188},{"Length":20,"Height":10,"Demand":0,"DemandMax":3,"Value":200},{"Length":18,"Height":100,"Demand":0,"DemandMax":3,"Value":1800},{"Length":90,"Height":29,"Demand":0,"DemandMax":3,"Value":5220},{"Length":29,"Height":24,"Demand":0,"DemandMax":3,"Value":696},{"Length":88,"Height":27,"Demand":0,"DemandMax":3,"Value":7128},{"Length":41,"Height":45,"Demand":0,"DemandMax":3,"Value":1845},{"Length":84,"Height":100,"Demand":0,"DemandMax":3,"Value":16800},{"Length":39,"Height":19,"Demand":0,"DemandMax":3,"Value":1482},{"Length":37,"Height":26,"Demand":0,"DemandMax":3,"Value":2886},{"Length":88,"Height":36,"Demand":0,"DemandMax":3,"Value":9504},{"Length":2,"Height":41,"Demand":0,"DemandMax":3,"Value":82},{"Length":3,"Height":6,"Demand":0,"DemandMax":3,"Value":18},{"Length":78,"Height":28,"Demand":0,"DemandMax":3,"Value":2184},{"Length":20,"Height":2,"Demand":0,"DemandMax":3,"Value":40},{"Length":67,"Height":74,"Demand":0,"DemandMax":3,"Value":9916},{"Length":14,"Height":18,"Demand":0,"DemandMax":3,"Value":756},{"Length":97,"Height":66,"Demand":0,"DemandMax":3,"Value":6402},{"Length":20,"Height":44,"Demand":0,"DemandMax":3,"Value":1760},{"Length":23,"Height":30,"Demand":0,"DemandMax":3,"Value":2070},{"Length":37,"Height":3,"Demand":0,"DemandMax":3,"Value":333},{"Length":20,"Height":40,"Demand":0,"DemandMax":3,"Value":1600},{"Length":2,"Height":37,"Demand":0,"DemandMax":3,"Value":222},{"Length":36,"Height":37,"Demand":0,"DemandMax":3,"Value":3996},{"Length":19,"Height":15,"Demand":0,"DemandMax":3,"Value":855},{"Length":8,"Height":26,"Demand":0,"DemandMax":3,"Value":208},{"Length":36,"Height":85,"Demand":0,"DemandMax":3,"Value":3060},{"Length":78,"Height":71,"Demand":0,"DemandMax":3,"Value":5538},{"Length":5,"Height":20,"Demand":0,"DemandMax":3,"Value":100},{"Length":87,"Height":2,"Demand":0,"DemandMax":3,"Value":348},{"Length":90,"Height":81,"Demand":0,"DemandMax":3,"Value":14580},{"Length":89,"Height":21,"Demand":0,"DemandMax":3,"Value":3738},{"Length":36,"Height":16,"Demand":0,"DemandMax":3,"Value":1152},{"Length":16,"Height":24,"Demand":0,"DemandMax":3,"Value":768},{"Length":53,"Height":70,"Demand":0,"DemandMax":3,"Value":3710},{"Length":11,"Height":43,"Demand":0,"DemandMax":6,"Value":946},{"Length":93,"Height":40,"Demand":0,"DemandMax":3,"Value":11160},{"Length":99,"Height":61,"Demand":0,"DemandMax":3,"Value":6039},{"Length":26,"Height":94,"Demand":0,"DemandMax":3,"Value":7332},{"Length":98,"Height":47,"Demand":0,"DemandMax":3,"Value":9212},{"Length":75,"Height":74,"Demand":0,"DemandMax":3,"Value":16650},{"Length":77,"Height":20,"Demand":0,"DemandMax":3,"Value":3080},{"Length":92,"Height":3,"Demand":0,"DemandMax":3,"Value":828},{"Length":57,"Height":99,"Demand":0,"DemandMax":3,"Value":11286},{"Length":2,"Height":97,"Demand":0,"DemandMax":3,"Value":388},{"Length":53,"Height":66,"Demand":0,"DemandMax":3,"Value":3498},{"Length":7,"Height":7,"Demand":0,"DemandMax":3,"Value":49},{"Length":36,"Height":22,"Demand":0,"DemandMax":3,"Value":2376},{"Length":37,"Height":16,"Demand":0,"DemandMax":3,"Value":1184},{"Length":3,"Height":44,"Demand":0,"DemandMax":3,"Value":264},{"Length":90,"Height":40,"Demand":0,"DemandMax":3,"Value":7200},{"Length":47,"Height":94,"Demand":0,"DemandMax":3,"Value":13254},{"Length":42,"Height":8,"Demand":0,"DemandMax":6,"Value":1008},{"Length":99,"Height":21,"Demand":0,"DemandMax":3,"Value":6237},{"Length":42,"Height":4,"Demand":0,"DemandMax":3,"Value":336},{"Length":7,"Height":11,"Demand":0,"DemandMax":3,"Value":154},{"Length":70,"Height":81,"Demand":0,"DemandMax":3,"Value":17010},{"Length":16,"Height":46,"Demand":0,"DemandMax":3,"Value":736},{"Length":2,"Height":37,"Demand":0,"DemandMax":3,"Value":74},{"Length":52,"Height":81,"Demand":0,"DemandMax":3,"Value":4212},{"Length":7,"Height":15,"Demand":0,"DemandMax":3,"Value":315},{"Length":99,"Height":74,"Demand":0,"DemandMax":3,"Value":7326},{"Length":89,"Height":62,"Demand":0,"DemandMax":3,"Value":16554},{"Length":56,"Height":79,"Demand":0,"DemandMax":3,"Value":13272},{"Length":15,"Height":24,"Demand":0,"DemandMax":3,"Value":720},{"Length":90,"Height":14,"Demand":0,"DemandMax":3,"Value":2520},{"Length":91,"Height":74,"Demand":0,"DemandMax":3,"Value":6734},{"Length":79,"Height":32,"Demand":0,"DemandMax":3,"Value":5056},{"Length":47,"Height":98,"Demand":0,"DemandMax":3,"Value":4606},{"Length":94,"Height":5,"Demand":0,"DemandMax":3,"Value":1410},{"Length":7,"Height":7,"Demand":0,"DemandMax":3,"Value":98},{"Length":24,"Height":28,"Demand":0,"DemandMax":3,"Value":1344},{"Length":69,"Height":91,"Demand":0,"DemandMax":3,"Value":12558},{"Length":94,"Height":63,"Demand":0,"DemandMax":3,"Value":5922},{"Length":26,"Height":95,"Demand":0,"DemandMax":3,"Value":2470},{"Length":6,"Height":28,"Demand":0,"DemandMax":3,"Value":504},{"Length":89,"Height":9,"Demand":0,"DemandMax":3,"Value":801},{"Length":33,"Height":4,"Demand":0,"DemandMax":3,"Value":264},{"Length":39,"Height":5,"Demand":0,"DemandMax":3,"Value":390},{"Length":44,"Height":15,"Demand":0,"DemandMax":3,"Value":1980},{"Length":40,"Height":17,"Demand":0,"DemandMax":3,"Value":2040},{"Length":100,"Height":59,"Demand":0,"DemandMax":3,"Value":11800},{"Length":16,"Height":27,"Demand":0,"DemandMax":3,"Value":864},{"Length":67,"Height":74,"Demand":0,"DemandMax":3,"Value":4958},{"Length":20,"Height":76,"Demand":0,"DemandMax":3,"Value":1520},{"Length":86,"Height":74,"Demand":0,"DemandMax":3,"Value":12728},{"Length":76,"Height":37,"Demand":0,"DemandMax":3,"Value":2812},{"Length":11,"Height":47,"Demand":0,"DemandMax":3,"Value":1034},{"Length":36,"Height":89,"Demand":0,"DemandMax":3,"Value":6408},{"Length":45,"Height":5,"Demand":0,"DemandMax":3,"Value":450},{"Length":33,"Height":15,"Demand":0,"DemandMax":3,"Value":990},{"Length":83,"Height":29,"Demand":0,"DemandMax":3,"Value":4814},{"Length":39,"Height":92,"Demand":0,"DemandMax":3,"Value":3588},{"Length":41,"Height":46,"Demand":0,"DemandMax":3,"Value":1886},{"Length":2,"Height":94,"Demand":0,"DemandMax":3,"Value":188},{"Length":9,"Height":47,"Demand":0,"DemandMax":3,"Value":1269},{"Length":15,"Height":2,"Demand":0,"DemandMax":3,"Value":60},{"Length":48,"Height":48,"Demand":0,"DemandMax":3,"Value":4608},{"Length":31,"Height":43,"Demand":0,"DemandMax":3,"Value":3999},{"Length":42,"Height":26,"Demand":0,"DemandMax":3,"Value":3276},{"Length":87,"Height":54,"Demand":0,"DemandMax":3,"Value":14094},{"Length":2,"Height":30,"Demand":0,"DemandMax":3,"Value":120},{"Length":100,"Height":29,"Demand":0,"DemandMax":3,"Value":8700},{"Length":3,"Height":27,"Demand":0,"DemandMax":3,"Value":81},{"Length":37,"Height":7,"Demand":0,"DemandMax":3,"Value":259},{"Length":44,"Height":22,"Demand":0,"DemandMax":3,"Value":968},{"Length":77,"Height":62,"Demand":0,"DemandMax":3,"Value":14322},{"Length":91,"Height":86,"Demand":0,"DemandMax":3,"Value":15652},{"Length":19,"Height":2,"Demand":0,"DemandMax":3,"Value":38},{"Length":43,"Height":87,"Demand":0,"DemandMax":3,"Value":7482},{"Length":33,"Height":76,"Demand":0,"DemandMax":3,"Value":7524},{"Length":37,"Height":85,"Demand":0,"DemandMax":3,"Value":3145},{"Length":79,"Height":97,"Demand":0,"DemandMax":3,"Value":22989},{"Length":9,"Height":17,"Demand":0,"DemandMax":3,"Value":459},{"Length":90,"Height":51,"Demand":0,"DemandMax":3,"Value":13770},{"Length":42,"Height":25,"Demand":0,"DemandMax":3,"Value":2100},{"Length":39,"Height":8,"Demand":0,"DemandMax":3,"Value":624},{"Length":64,"Height":59,"Demand":0,"DemandMax":3,"Value":11328},{"Length":36,"Height":27,"Demand":0,"DemandMax":3,"Value":972},{"Length":77,"Height":12,"Demand":0,"DemandMax":3,"Value":2772},{"Length":5,"Height":23,"Demand":0,"DemandMax":3,"Value":230},{"Length":43,"Height":90,"Demand":0,"DemandMax":3,"Value":7740},{"Length":24,"Height":38,"Demand":0,"DemandMax":3,"Value":2736},{"Length":16,"Height":86,"Demand":0,"DemandMax":3,"Value":1376},{"Length":50,"Height":41,"Demand":0,"DemandMax":3,"Value":6150},{"Length":3,"Height":89,"Demand":0,"DemandMax":3,"Value":534},{"Length":25,"Height":10,"Demand":0,"DemandMax":3,"Value":750},{"Length":38,"Height":37,"Demand":0,"DemandMax":3,"Value":4218},{"Length":81,"Height":46,"Demand":0,"DemandMax":3,"Value":7452},{"Length":2,"Height":6,"Demand":0,"DemandMax":3,"Value":36},{"Length":17,"Height":25,"Demand":0,"DemandMax":3,"Value":425},{"Length":40,"Height":30,"Demand":0,"DemandMax":3,"Value":1200},{"Length":7,"Height":42,"Demand":0,"DemandMax":3,"Value":294},{"Length":61,"Height":97,"Demand":0,"DemandMax":3,"Value":17751},{"Length":15,"Height":4,"Demand":0,"DemandMax":3,"Value":120},{"Length":81,"Height":7,"Demand":0,"DemandMax":3,"Value":1701},{"Length":91,"Height":16,"Demand":0,"DemandMax":3,"Value":1456},{"Length":94,"Height":36,"Demand":0,"DemandMax":3,"Value":3384},{"Length":44,"Height":18,"Demand":0,"DemandMax":3,"Value":2376},{"Length":23,"Height":30,"Demand":0,"DemandMax":3,"Value":690},{"Length":46,"Height":5,"Demand":0,"DemandMax":3,"Value":690},{"Length":13,"Height":48,"Demand":0,"DemandMax":3,"Value":1248},{"Length":82,"Height":93,"Demand":0,"DemandMax":3,"Value":15252},{"Length":14,"Height":38,"Demand":0,"DemandMax":3,"Value":1064},{"Length":37,"Height":78,"Demand":0,"DemandMax":3,"Value":8658},{"Length":93,"Height":73,"Demand":0,"DemandMax":3,"Value":20367},{"Length":82,"Height":61,"Demand":0,"DemandMax":3,"Value":15006},{"Length":10,"Height":32,"Demand":0,"DemandMax":3,"Value":640},{"Length":14,"Height":44,"Demand":0,"DemandMax":3,"Value":616},{"Length":97,"Height":49,"Demand":0,"DemandMax":3,"Value":9506},{"Length":82,"Height":73,"Demand":0,"DemandMax":3,"Value":5986},{"Length":33,"Height":78,"Demand":0,"DemandMax":3,"Value":7722},{"Length":24,"Height":97,"Demand":0,"DemandMax":3,"Value":2328},{"Length":13,"Height":76,"Demand":0,"DemandMax":3,"Value":1976},{"Length":45,"Height":91,"Demand":0,"DemandMax":3,"Value":4095},{"Length":93,"Height":12,"Demand":0,"DemandMax":3,"Value":3348},{"Length":80,"Height":37,"Demand":0,"DemandMax":3,"Value":8880},{"Length":76,"Height":64,"Demand":0,"DemandMax":3,"Value":9728},{"Length":45,"Height":35,"Demand":0,"DemandMax":3,"Value":3150},{"Length":4,"Height":79,"Demand":0,"DemandMax":3,"Value":948},{"Length":9,"Height":79,"Demand":0,"DemandMax":3,"Value":711},{"Length":86,"Height":23,"Demand":0,"DemandMax":3,"Value":1978},{"Length":95,"Height":73,"Demand":0,"DemandMax":3,"Value":13870},{"Length":23,"Height":37,"Demand":0,"DemandMax":3,"Value":1702},{"Length":17,"Height":8,"Demand":0,"DemandMax":3,"Value":408},{"Length":89,"Height":43,"Demand":0,"DemandMax":3,"Value":7654},{"Length":83,"Height":6,"Demand":0,"DemandMax":3,"Value":498},{"Length":38,"Height":83,"Demand":0,"DemandMax":3,"Value":3154},{"Length":91,"Height":25,"Demand":0,"DemandMax":3,"Value":4550},{"Length":34,"Height":39,"Demand":0,"DemandMax":3,"Value":3978},{"Length":21,"Height":9,"Demand":0,"DemandMax":3,"Value":189},{"Length":71,"Height":89,"Demand":0,"DemandMax":3,"Value":12638},{"Length":97,"Height":68,"Demand":0,"DemandMax":3,"Value":6596},{"Length":44,"Height":76,"Demand":0,"DemandMax":3,"Value":10032},{"Length":40,"Height":19,"Demand":0,"DemandMax":3,"Value":1520},{"Length":18,"Height":98,"Demand":0,"DemandMax":3,"Value":3528},{"Length":9,"Height":2,"Demand":0,"DemandMax":3,"Value":54},{"Length":67,"Height":84,"Demand":0,"DemandMax":3,"Value":11256},{"Length":19,"Height":38,"Demand":0,"DemandMax":3,"Value":1444},{"Length":83,"Height":54,"Demand":0,"DemandMax":3,"Value":8964},{"Length":49,"Height":26,"Demand":0,"DemandMax":3,"Value":3822},{"Length":25,"Height":93,"Demand":0,"DemandMax":3,"Value":4650},{"Length":77,"Height":28,"Demand":0,"DemandMax":3,"Value":2156},{"Length":28,"Height":48,"Demand":0,"DemandMax":3,"Value":1344},{"Length":38,"Height":43,"Demand":0,"DemandMax":3,"Value":3268},{"Length":20,"Height":32,"Demand":0,"DemandMax":3,"Value":1920},{"Length":82,"Height":10,"Demand":0,"DemandMax":3,"Value":2460},{"Length":11,"Height":34,"Demand":0,"DemandMax":3,"Value":374},{"Length":13,"Height":22,"Demand":0,"DemandMax":3,"Value":572},{"Length":23,"Height":34,"Demand":0,"DemandMax":3,"Value":782},{"Length":32,"Height":32,"Demand":0,"DemandMax":3,"Value":3072},{"Length":80,"Height":60,"Demand":0,"DemandMax":3,"Value":4800},{"Length":6,"Height":22,"Demand":0,"DemandMax":3,"Value":132},{"Length":83,"Height":41,"Demand":0,"DemandMax":3,"Value":6806},{"Length":93,"Height":9,"Demand":0,"DemandMax":3,"Value":1674},{"Length":42,"Height":94,"Demand":0,"DemandMax":3,"Value":7896},{"Length":29,"Height":5,"Demand":0,"DemandMax":3,"Value":145},{"Length":37,"Height":40,"Demand":0,"DemandMax":3,"Value":4440},{"Length":32,"Height":37,"Demand":0,"DemandMax":3,"Value":3552},{"Length":5,"Height":9,"Demand":0,"DemandMax":3,"Value":135},{"Length":99,"Height":42,"Demand":0,"DemandMax":3,"Value":4158},{"Length":55,"Height":73,"Demand":0,"DemandMax":3,"Value":4015},{"Length":22,"Height":79,"Demand":0,"DemandMax":3,"Value":1738},{"Length":55,"Height":81,"Demand":0,"DemandMax":3,"Value":13365},{"Length":46,"Height":21,"Demand":0,"DemandMax":3,"Value":966},{"Length":64,"Height":67,"Demand":0,"DemandMax":3,"Value":8576},{"Length":4,"Height":81,"Demand":0,"DemandMax":3,"Value":972},{"Length":38,"Height":13,"Demand":0,"DemandMax":3,"Value":494},{"Length":98,"Height":48,"Demand":0,"DemandMax":3,"Value":9408},{"Length":33,"Height":93,"Demand":0,"DemandMax":3,"Value":9207},{"Length":24,"Height":29,"Demand":0,"DemandMax":3,"Value":1392},{"Length":35,"Height":19,"Demand":0,"DemandMax":3,"Value":665},{"Length":30,"Height":78,"Demand":0,"DemandMax":3,"Value":4680},{"Length":3,"Height":88,"Demand":0,"DemandMax":3,"Value":264},{"Length":31,"Height":29,"Demand":0,"DemandMax":3,"Value":899},{"Length":85,"Height":13,"Demand":0,"DemandMax":3,"Value":3315}]}