{"Name":"ngcutfs3_69","Objects":[{"Length":100,"Height":100,"Stock":null,"Cost":10000}],"Items":[{"Length":63,"Height":89,"Demand":0,"DemandMax":1,"Value":5607},{"Length":12,"Height":28,"Demand":0,"DemandMax":1,"Value":1008},{"Length":22,"Height":46,"Demand":0,"DemandMax":1,"Value":1012},{"Length":12,"Height":4,"Demand":0,"DemandMax":1,"Value":144},{"Length":41,"Height":28,"Demand":0,"DemandMax":1,"Value":1148},{"Length":25,"Height":43,"Demand":0,"DemandMax":1,"Value":3225},{"Length":11,"Height":93,"Demand":0,"DemandMax":1,"Value":1023},{"Length":98,"Height":79,"Demand":0,"DemandMax":1,"Value":23226},{"Length":46,"Height":41,"Demand":0,"DemandMax":1,"Value":3772},{"Length":20,"Height":50,"Demand":0,"DemandMax":1,"Value":3000},{"Length":32,"Height":18,"Demand":0,"DemandMax":1,"Value":576},{"Length":92,"Height":78,"Demand":0,"DemandMax":1,"Value":14352},{"Length":84,"Height":82,"Demand":0,"DemandMax":1,"Value":20664},{"Length":22,"Height":33,"Demand":0,"DemandMax":1,"Value":2178},{"Length":77,"Height":53,"Demand":0,"DemandMax":1,"Value":4081},{"Length":18,"Height":34,"Demand":0,"DemandMax":1,"Value":1836},{"Length":88,"Height":19,"Demand":0,"DemandMax":1,"Value":1672},{"Length":33,"Height":24,"Demand":0,"DemandMax":1,"Value":792},{"Length":18,"Height":20,"Demand":0,"DemandMax":1,"Value":360},{"Length":62,"Height":51,"Demand":0,"DemandMax":1,"Value":6324},{"Length":43,"Height":23,"Demand":0,"DemandMax":1,"Value":2967},{"Length":95,"Height":21,"Demand":0,"DemandMax":1,"Value":1995},{"Length":86,"Height":78,"Demand":0,"DemandMax":1,"Value":13416},{"Length":24,"Height":26,"Demand":0,"DemandMax":1,"Value":624},{"Length":41,"Height":16,"Demand":0,"DemandMax":1,"Value":1968},{"Length":26,"Height":46,"Demand":0,"DemandMax":1,"Value":1196},{"Length":5,"Height":19,"Demand":0,"DemandMax":1,"Value":190},{"Length":22,"Height":15,"Demand":0,"DemandMax":1,"Value":990},{"Length":25,"Height":48,"Demand":0,"DemandMax":1,"Value":2400},{"Length":20,"Height":48,"Demand":0,"DemandMax":1,"Value":1920},{"Length":4,"Height":88,"Demand":0,"DemandMax":1,"Value":1056},{"Length":46,"Height":49,"Demand":0,"DemandMax":1,"Value":4508},{"Length":31,"Height":47,"Demand":0,"DemandMax":1,"Value":2914},{"Length":14,"Height":36,"Demand":0,"DemandMax":1,"Value":1008},{"Length":80,"Height":32,"Demand":0,"DemandMax":2,"Value":2560},{"Length":47,"Height":34,"Demand":0,"DemandMax":1,"Value":3196},{"Length":38,"Height":3,"Demand":0,"DemandMax":1,"Value":228},{"Length":90,"Height":5,"Demand":0,"DemandMax":1,"Value":900},{"Length":54,"Height":85,"Demand":0,"DemandMax":1,"Value":13770},{"Length":44,"Height":20,"Demand":0,"DemandMax":1,"Value":880},{"Length":29,"Height":38,"Demand":0,"DemandMax":1,"Value":1102},{"Length":14,"Height":12,"Demand":0,"DemandMax":1,"Value":168},{"Length":34,"Height":36,"Demand":0,"DemandMax":1,"Value":2448},{"Length":50,"Height":3,"Demand":0,"DemandMax":1,"Value":300},{"Length":40,"Height":8,"Demand":0,"DemandMax":1,"Value":320},{"Length":22,"Height":3,"Demand":0,"DemandMax":1,"Value":132},{"Length":40,"Height":19,"Demand":0,"DemandMax":1,"Value":1520},{"Length":64,"Height":58,"Demand":0,"DemandMax":1,"Value":11136},{"Length":49,"Height":26,"Demand":0,"DemandMax":1,"Value":1274},{"Length":17,"Height":15,"Demand":0,"DemandMax":1,"Value":510},{"Length":4,"Height":50,"Demand":0,"DemandMax":1,"Value":400},{"Length":46,"Height":35,"Demand":0,"DemandMax":1,"Value":3220},{"Length":37,"Height":39,"Demand":0,"DemandMax":1,"Value":2886},{"Length":49,"Height":30,"Demand":0,"DemandMax":1,"Value":2940},{"Length":42,"Height":47,"Demand":0,"DemandMax":1,"Value":1974},{"Length":21,"Height":23,"Demand":0,"DemandMax":1,"Value":1449},{"Length":11,"Height":28,"Demand":0,"DemandMax":1,"Value":924},{"Length":25,"Height":30,"Demand":0,"DemandMax":1,"Value":750},{"Length":44,"Height":31,"Demand":0,"DemandMax":1,"Value":1364},{"Length":37,"Height":11,"Demand":0,"DemandMax":1,"Value":814},{"Length":26,"Height":37,"Demand":0,"DemandMax":1,"Value":962},{"Length":33,"Height":49,"Demand":0,"DemandMax":1,"Value":3234},{"Length":15,"Height":20,"Demand":0,"DemandMax":1,"Value":600},{"Length":92,"Height":9,"Demand":0,"DemandMax":1,"Value":2484},{"Length":12,"Height":21,"Demand":0,"DemandMax":1,"Value":252},{"Length":20,"Height":41,"Demand":0,"DemandMax":1,"Value":820},{"Length":95,"Height":38,"Demand":0,"DemandMax":1,"Value":3610},{"Length":89,"Height":88,"Demand":0,"DemandMax":1,"Value":7832},{"Length":23,"Height":85,"Demand":0,"DemandMax":1,"Value":3910},{"Length":12,"Height":13,"Demand":0,"DemandMax":1,"Value":468},{"Length":25,"Height":25,"Demand":0,"DemandMax":1,"Value":1250},{"Length":9,"Height":5,"Demand":0,"DemandMax":1,"Value":135},{"Length":29,"Height":9,"Demand":0,"DemandMax":1,"Value":522},{"Length":14,"Height":42,"Demand":0,"DemandMax":1,"Value":1764},{"Length":10,"Height":5,"Demand":0,"DemandMax":1,"Value":100},{"Length":13,"Height":43,"Demand":0,"DemandMax":1,"Value":1677},{"Length":37,"Height":45,"Demand":0,"DemandMax":1,"Value":3330},{"Length":88,"Height":73,"Demand":0,"DemandMax":1,"Value":12848},{"Length":95,"Height":2,"Demand":0,"DemandMax":1,"Value":380},{"Length":36,"Height":44,"Demand":0,"DemandMax":1,"Value":1584},{"Length":61,"Height":73,"Demand":0,"DemandMax":1,"Value":13359},{"Length":4,"Height":19,"Demand":0,"DemandMax":1,"Value":152},{"Length":26,"Height":50,"Demand":0,"DemandMax":1,"Value":3900},{"Length":25,"Height":14,"Demand":0,"DemandMax":1,"Value":700},{"Length":26,"Height":47,"Demand":0,"DemandMax":1,"Value":3666},{"Length":34,"Height":38,"Demand":0,"DemandMax":1,"Value":3876},{"Length":54,"Height":94,"Demand":0,"DemandMax":1,"Value":15228},{"Length":9,"Height":25,"Demand":0,"DemandMax":1,"Value":450},{"Length":25,"Height":81,"Demand":0,"DemandMax":1,"Value":4050},{"Length":31,"Height":50,"Demand":0,"DemandMax":1,"Value":4650},{"Length":4,"Height":43,"Demand":0,"DemandMax":1,"Value":516},{"Length":46,"Height":50,"Demand":0,"DemandMax":1,"Value":2300},{"Length":4,"Height":27,"Demand":0,"DemandMax":1,"Value":324},{"Length":8,"Height":5,"Demand":0,"DemandMax":1,"Value":120},{"Length":37,"Height":10,"Demand":0,"DemandMax":1,"Value":370},{"Length":99,"Height":45,"Demand":0,"DemandMax":1,"Value":13365},{"Length":28,"Height":29,"Demand":0,"DemandMax":1,"Value":812},{"Length":8,"Height":20,"Demand":0,"DemandMax":1,"Value":160},{"Length":11,"Height":20,"Demand":0,"DemandMax":1,"Value":660}]}