{"Name":"ngcutfs3_98","Objects":[{"Length":100,"Height":100,"Stock":null,"Cost":10000}],"Items":[{"Length":19,"Height":33,"Demand":0,"DemandMax":1,"Value":1254},{"Length":31,"Height":34,"Demand":0,"DemandMax":1,"Value":1054},{"Length":75,"Height":94,"Demand":0,"DemandMax":1,"Value":14100},{"Length":41,"Height":10,"Demand":0,"DemandMax":1,"Value":820},{"Length":23,"Height":32,"Demand":0,"DemandMax":1,"Value":1472},{"Length":39,"Height":49,"Demand":0,"DemandMax":1,"Value":1911},{"Length":26,"Height":49,"Demand":0,"DemandMax":1,"Value":1274},{"Length":49,"Height":47,"Demand":0,"DemandMax":1,"Value":6909},{"Length":15,"Height":46,"Demand":0,"DemandMax":1,"Value":2070},{"Length":10,"Height":19,"Demand":0,"DemandMax":1,"Value":570},{"Length":65,"Height":61,"Demand":0,"DemandMax":1,"Value":7930},{"Length":49,"Height":29,"Demand":0,"DemandMax":1,"Value":1421},{"Length":30,"Height":42,"Demand":0,"DemandMax":1,"Value":1260},{"Length":86,"Height":14,"Demand":0,"DemandMax":1,"Value":2408},{"Length":41,"Height":15,"Demand":0,"DemandMax":1,"Value":615},{"Length":48,"Height":19,"Demand":0,"DemandMax":1,"Value":2736},{"Length":46,"Height":19,"Demand":0,"DemandMax":1,"Value":1748},{"Length":17,"Height":28,"Demand":0,"DemandMax":1,"Value":476},{"Length":19,"Height":19,"Demand":0,"DemandMax":1,"Value":722},{"Length":17,"Height":9,"Demand":0,"DemandMax":1,"Value":306},{"Length":44,"Height":32,"Demand":0,"DemandMax":1,"Value":1408},{"Length":76,"Height":85,"Demand":0,"DemandMax":1,"Value":6460},{"Length":34,"Height":5,"Demand":0,"DemandMax":1,"Value":170},{"Length":24,"Height":78,"Demand":0,"DemandMax":1,"Value":1872},{"Length":80,"Height":85,"Demand":0,"DemandMax":1,"Value":6800},{"Length":22,"Height":11,"Demand":0,"DemandMax":1,"Value":484},{"Length":98,"Height":20,"Demand":0,"DemandMax":1,"Value":3920},{"Length":89,"Height":61,"Demand":0,"DemandMax":1,"Value":5429},{"Length":61,"Height":78,"Demand":0,"DemandMax":1,"Value":4758},{"Length":3,"Height":43,"Demand":0,"DemandMax":1,"Value":129},{"Length":32,"Height":24,"Demand":0,"DemandMax":1,"Value":768},{"Length":53,"Height":65,"Demand":0,"DemandMax":1,"Value":10335},{"Length":25,"Height":7,"Demand":0,"DemandMax":1,"Value":525},{"Length":2,"Height":4,"Demand":0,"DemandMax":1,"Value":8},{"Length":39,"Height":32,"Demand":0,"DemandMax":1,"Value":1248},{"Length":17,"Height":34,"Demand":0,"DemandMax":1,"Value":578},{"Length":37,"Height":9,"Demand":0,"DemandMax":1,"Value":333},{"Length":26,"Height":46,"Demand":0,"DemandMax":1,"Value":2392},{"Length":99,"Height":69,"Demand":0,"DemandMax":1,"Value":13662},{"Length":3,"Height":40,"Demand":0,"DemandMax":1,"Value":360},{"Length":26,"Height":91,"Demand":0,"DemandMax":1,"Value":4732},{"Length":86,"Height":73,"Demand":0,"DemandMax":1,"Value":6278},{"Length":8,"Height":21,"Demand":0,"DemandMax":1,"Value":336},{"Length":50,"Height":39,"Demand":0,"DemandMax":1,"Value":1950},{"Length":59,"Height":94,"Demand":0,"DemandMax":1,"Value":11092},{"Length":27,"Height":25,"Demand":0,"DemandMax":1,"Value":1350},{"Length":22,"Height":7,"Demand":0,"DemandMax":1,"Value":462},{"Length":24,"Height":80,"Demand":0,"DemandMax":1,"Value":3840},{"Length":18,"Height":46,"Demand":0,"DemandMax":2,"Value":1656},{"Length":80,"Height":97,"Demand":0,"DemandMax":1,"Value":23280},{"Length":26,"Height":42,"Demand":0,"DemandMax":1,"Value":3276},{"Length":54,"Height":93,"Demand":0,"DemandMax":1,"Value":10044},{"Length":85,"Height":47,"Demand":0,"DemandMax":1,"Value":3995},{"Length":86,"Height":63,"Demand":0,"DemandMax":1,"Value":5418},{"Length":34,"Height":5,"Demand":0,"DemandMax":1,"Value":510},{"Length":13,"Height":34,"Demand":0,"DemandMax":1,"Value":884},{"Length":23,"Height":98,"Demand":0,"DemandMax":1,"Value":4508},{"Length":30,"Height":29,"Demand":0,"DemandMax":1,"Value":870},{"Length":44,"Height":37,"Demand":0,"DemandMax":1,"Value":3256},{"Length":46,"Height":90,"Demand":0,"DemandMax":1,"Value":12420},{"Length":22,"Height":30,"Demand":0,"DemandMax":1,"Value":1320},{"Length":30,"Height":8,"Demand":0,"DemandMax":1,"Value":720},{"Length":37,"Height":30,"Demand":0,"DemandMax":1,"Value":1110},{"Length":45,"Height":23,"Demand":0,"DemandMax":1,"Value":2070},{"Length":23,"Height":50,"Demand":0,"DemandMax":1,"Value":3450},{"Length":43,"Height":43,"Demand":0,"DemandMax":1,"Value":3698},{"Length":28,"Height":17,"Demand":0,"DemandMax":1,"Value":476},{"Length":27,"Height":79,"Demand":0,"DemandMax":1,"Value":6399},{"Length":35,"Height":10,"Demand":0,"DemandMax":1,"Value":700},{"Length":81,"Height":49,"Demand":0,"DemandMax":1,"Value":11907},{"Length":19,"Height":84,"Demand":0,"DemandMax":1,"Value":3192},{"Length":50,"Height":7,"Demand":0,"DemandMax":1,"Value":700},{"Length":94,"Height":14,"Demand":0,"DemandMax":1,"Value":3948},{"Length":43,"Height":31,"Demand":0,"DemandMax":1,"Value":2666},{"Length":27,"Height":21,"Demand":0,"DemandMax":1,"Value":1134},{"Length":46,"Height":24,"Demand":0,"DemandMax":1,"Value":3312},{"Length":4,"Height":30,"Demand":0,"DemandMax":1,"Value":360},{"Length":88,"Height":98,"Demand":0,"DemandMax":1,"Value":25872},{"Length":90,"Height":47,"Demand":0,"DemandMax":1,"Value":8460},{"Length":8,"Height":29,"Demand":0,"DemandMax":1,"Value":464},{"Length":9,"Height":20,"Demand":0,"DemandMax":1,"Value":180},{"Length":44,"Height":17,"Demand":0,"DemandMax":1,"Value":1496},{"Length":31,"Height":42,"Demand":0,"DemandMax":1,"Value":1302},{"Length":49,"Height":48,"Demand":0,"DemandMax":1,"Value":4704},{"Length":20,"Height":50,"Demand":0,"DemandMax":1,"Value":1000},{"Length":24,"Height":22,"Demand":0,"DemandMax":1,"Value":1056},{"Length":13,"Height":43,"Demand":0,"DemandMax":1,"Value":1118},{"Length":93,"Height":71,"Demand":0,"DemandMax":1,"Value":6603},{"Length":4,"Height":83,"Demand":0,"DemandMax":1,"Value":332},{"Length":11,"Height":43,"Demand":0,"DemandMax":1,"Value":1419},{"Length":70,"Height":67,"Demand":0,"DemandMax":1,"Value":9380},{"Length":12,"Height":42,"Demand":0,"DemandMax":1,"Value":1008},{"Length":26,"Height":19,"Demand":0,"DemandMax":1,"Value":1482},{"Length":34,"Height":5,"Demand":0,"DemandMax":1,"Value":340},{"Length":39,"Height":43,"Demand":0,"DemandMax":1,"Value":1677},{"Length":89,"Height":79,"Demand":0,"DemandMax":1,"Value":21093},{"Length":89,"Height":21,"Demand":0,"DemandMax":1,"Value":5607},{"Length":46,"Height":17,"Demand":0,"DemandMax":1,"Value":2346},{"Length":16,"Height":30,"Demand":0,"DemandMax":1,"Value":1440},{"Length":10,"Height":24,"Demand":0,"DemandMax":1,"Value":240},{"Length":29,"Height":47,"Demand":0,"DemandMax":1,"Value":4089},{"Length":76,"Height":74,"Demand":0,"DemandMax":1,"Value":11248},{"Length":50,"Height":26,"Demand":0,"DemandMax":1,"Value":3900},{"Length":14,"Height":16,"Demand":0,"DemandMax":1,"Value":224},{"Length":17,"Height":14,"Demand":0,"DemandMax":1,"Value":476},{"Length":12,"Height":84,"Demand":0,"DemandMax":1,"Value":1008},{"Length":22,"Height":31,"Demand":0,"DemandMax":1,"Value":1364},{"Length":6,"Height":21,"Demand":0,"DemandMax":1,"Value":126},{"Length":45,"Height":19,"Demand":0,"DemandMax":1,"Value":855},{"Length":39,"Height":89,"Demand":0,"DemandMax":1,"Value":6942},{"Length":20,"Height":32,"Demand":0,"DemandMax":1,"Value":1280},{"Length":97,"Height":28,"Demand":0,"DemandMax":1,"Value":8148},{"Length":33,"Height":39,"Demand":0,"DemandMax":1,"Value":3861},{"Length":31,"Height":31,"Demand":0,"DemandMax":1,"Value":1922},{"Length":19,"Height":10,"Demand":0,"DemandMax":1,"Value":380},{"Length":23,"Height":19,"Demand":0,"DemandMax":1,"Value":1311},{"Length":38,"Height":50,"Demand":0,"DemandMax":1,"Value":3800},{"Length":52,"Height":75,"Demand":0,"DemandMax":1,"Value":3900},{"Length":62,"Height":67,"Demand":0,"DemandMax":1,"Value":12462},{"Length":40,"Height":50,"Demand":0,"DemandMax":1,"Value":4000},{"Length":96,"Height":50,"Demand":0,"DemandMax":1,"Value":4800},{"Length":36,"Height":39,"Demand":0,"DemandMax":1,"Value":1404},{"Length":51,"Height":57,"Demand":0,"DemandMax":1,"Value":2907},{"Length":47,"Height":48,"Demand":0,"DemandMax":1,"Value":4512},{"Length":10,"Height":23,"Demand":0,"DemandMax":1,"Value":690},{"Length":15,"Height":22,"Demand":0,"DemandMax":1,"Value":330},{"Length":7,"Height":47,"Demand":0,"DemandMax":1,"Value":329},{"Length":3,"Height":82,"Demand":0,"DemandMax":1,"Value":492},{"Length":49,"Height":12,"Demand":0,"DemandMax":1,"Value":1764},{"Length":99,"Height":36,"Demand":0,"DemandMax":1,"Value":10692},{"Length":91,"Height":49,"Demand":0,"DemandMax":1,"Value":13377},{"Length":7,"Height":89,"Demand":0,"DemandMax":1,"Value":623},{"Length":46,"Height":22,"Demand":0,"DemandMax":1,"Value":1012},{"Length":9,"Height":27,"Demand":0,"DemandMax":1,"Value":486},{"Length":15,"Height":10,"Demand":0,"DemandMax":1,"Value":300},{"Length":33,"Height":24,"Demand":0,"DemandMax":1,"Value":792},{"Length":19,"Height":38,"Demand":0,"DemandMax":1,"Value":1444},{"Length":41,"Height":100,"Demand":0,"DemandMax":1,"Value":8200},{"Length":7,"Height":41,"Demand":0,"DemandMax":1,"Value":574},{"Length":80,"Height":28,"Demand":0,"DemandMax":1,"Value":6720},{"Length":92,"Height":45,"Demand":0,"DemandMax":1,"Value":8280},{"Length":78,"Height":43,"Demand":0,"DemandMax":1,"Value":3354},{"Length":27,"Height":4,"Demand":0,"DemandMax":1,"Value":324},{"Length":22,"Height":24,"Demand":0,"DemandMax":1,"Value":528},{"Length":12,"Height":21,"Demand":0,"DemandMax":1,"Value":756},{"Length":45,"Height":24,"Demand":0,"DemandMax":1,"Value":3240},{"Length":5,"Height":92,"Demand":0,"DemandMax":1,"Value":1380},{"Length":21,"Height":40,"Demand":0,"DemandMax":1,"Value":1680},{"Length":68,"Height":65,"Demand":0,"DemandMax":1,"Value":8840}]}