{"Name":"ngcutfs1_104","Objects":[{"Length":100,"Height":100,"Stock":null,"Cost":10000}],"Items":[{"Length":31,"Height":39,"Demand":0,"DemandMax":3,"Value":3627},{"Length":50,"Height":15,"Demand":0,"DemandMax":3,"Value":750},{"Length":38,"Height":31,"Demand":0,"DemandMax":3,"Value":3534},{"Length":82,"Height":13,"Demand":0,"DemandMax":3,"Value":1066},{"Length":16,"Height":84,"Demand":0,"DemandMax":3,"Value":1344},{"Length":44,"Height":78,"Demand":0,"DemandMax":3,"Value":10296},{"Length":14,"Height":45,"Demand":0,"DemandMax":3,"Value":1890},{"Length":31,"Height":85,"Demand":0,"DemandMax":3,"Value":5270},{"Length":12,"Height":88,"Demand":0,"DemandMax":3,"Value":3168},{"Length":43,"Height":11,"Demand":0,"DemandMax":3,"Value":1419},{"Length":29,"Height":30,"Demand":0,"DemandMax":3,"Value":1740},{"Length":11,"Height":91,"Demand":0,"DemandMax":3,"Value":2002},{"Length":34,"Height":27,"Demand":0,"DemandMax":6,"Value":2754},{"Length":97,"Height":81,"Demand":0,"DemandMax":3,"Value":15714},{"Length":76,"Height":16,"Demand":0,"DemandMax":3,"Value":3648},{"Length":34,"Height":29,"Demand":0,"DemandMax":3,"Value":1972},{"Length":50,"Height":92,"Demand":0,"DemandMax":3,"Value":4600},{"Length":11,"Height":85,"Demand":0,"DemandMax":3,"Value":1870},{"Length":20,"Height":36,"Demand":0,"DemandMax":3,"Value":2160},{"Length":16,"Height":11,"Demand":0,"DemandMax":3,"Value":176},{"Length":3,"Height":4,"Demand":0,"DemandMax":3,"Value":12},{"Length":39,"Height":31,"Demand":0,"DemandMax":3,"Value":2418},{"Length":93,"Height":56,"Demand":0,"DemandMax":3,"Value":15624},{"Length":78,"Height":59,"Demand":0,"DemandMax":3,"Value":9204},{"Length":97,"Height":83,"Demand":0,"DemandMax":3,"Value":16102},{"Length":8,"Height":29,"Demand":0,"DemandMax":3,"Value":232},{"Length":6,"Height":78,"Demand":0,"DemandMax":3,"Value":936},{"Length":18,"Height":91,"Demand":0,"DemandMax":3,"Value":3276},{"Length":8,"Height":91,"Demand":0,"DemandMax":3,"Value":1456},{"Length":84,"Height":11,"Demand":0,"DemandMax":3,"Value":1848},{"Length":17,"Height":26,"Demand":0,"DemandMax":3,"Value":442},{"Length":78,"Height":55,"Demand":0,"DemandMax":3,"Value":12870},{"Length":12,"Height":91,"Demand":0,"DemandMax":3,"Value":1092},{"Length":50,"Height":89,"Demand":0,"DemandMax":3,"Value":8900},{"Length":82,"Height":68,"Demand":0,"DemandMax":3,"Value":11152},{"Length":80,"Height":35,"Demand":0,"DemandMax":3,"Value":2800},{"Length":63,"Height":83,"Demand":0,"DemandMax":3,"Value":15687},{"Length":45,"Height":100,"Demand":0,"DemandMax":3,"Value":13500},{"Length":25,"Height":16,"Demand":0,"DemandMax":3,"Value":400},{"Length":10,"Height":82,"Demand":0,"DemandMax":3,"Value":2460},{"Length":44,"Height":31,"Demand":0,"DemandMax":3,"Value":2728},{"Length":34,"Height":43,"Demand":0,"DemandMax":3,"Value":2924},{"Length":99,"Height":45,"Demand":0,"DemandMax":3,"Value":8910},{"Length":92,"Height":16,"Demand":0,"DemandMax":3,"Value":1472},{"Length":93,"Height":17,"Demand":0,"DemandMax":3,"Value":3162},{"Length":2,"Height":34,"Demand":0,"DemandMax":3,"Value":204},{"Length":85,"Height":49,"Demand":0,"DemandMax":3,"Value":4165},{"Length":26,"Height":15,"Demand":0,"DemandMax":3,"Value":390},{"Length":28,"Height":33,"Demand":0,"DemandMax":6,"Value":2772},{"Length":13,"Height":27,"Demand":0,"DemandMax":3,"Value":1053},{"Length":64,"Height":87,"Demand":0,"DemandMax":3,"Value":5568},{"Length":81,"Height":67,"Demand":0,"DemandMax":3,"Value":16281},{"Length":66,"Height":60,"Demand":0,"DemandMax":3,"Value":7920},{"Length":46,"Height":45,"Demand":0,"DemandMax":3,"Value":2070},{"Length":45,"Height":14,"Demand":0,"DemandMax":3,"Value":1890},{"Length":13,"Height":13,"Demand":0,"DemandMax":3,"Value":338},{"Length":96,"Height":81,"Demand":0,"DemandMax":3,"Value":23328},{"Length":6,"Height":45,"Demand":0,"DemandMax":3,"Value":540},{"Length":43,"Height":32,"Demand":0,"DemandMax":3,"Value":4128},{"Length":17,"Height":11,"Demand":0,"DemandMax":3,"Value":374},{"Length":6,"Height":77,"Demand":0,"DemandMax":3,"Value":924},{"Length":52,"Height":59,"Demand":0,"DemandMax":3,"Value":3068},{"Length":39,"Height":31,"Demand":0,"DemandMax":3,"Value":1209},{"Length":15,"Height":96,"Demand":0,"DemandMax":3,"Value":1440},{"Length":57,"Height":85,"Demand":0,"DemandMax":3,"Value":4845},{"Length":42,"Height":29,"Demand":0,"DemandMax":3,"Value":2436},{"Length":86,"Height":50,"Demand":0,"DemandMax":3,"Value":4300},{"Length":92,"Height":96,"Demand":0,"DemandMax":3,"Value":17664},{"Length":6,"Height":19,"Demand":0,"DemandMax":3,"Value":342},{"Length":13,"Height":36,"Demand":0,"DemandMax":3,"Value":468},{"Length":65,"Height":80,"Demand":0,"DemandMax":3,"Value":5200},{"Length":13,"Height":20,"Demand":0,"DemandMax":3,"Value":780},{"Length":12,"Height":82,"Demand":0,"DemandMax":3,"Value":2952},{"Length":40,"Height":31,"Demand":0,"DemandMax":3,"Value":1240},{"Length":34,"Height":47,"Demand":0,"DemandMax":3,"Value":3196},{"Length":12,"Height":49,"Demand":0,"DemandMax":3,"Value":588},{"Length":4,"Height":40,"Demand":0,"DemandMax":3,"Value":320},{"Length":11,"Height":9,"Demand":0,"DemandMax":3,"Value":297},{"Length":11,"Height":98,"Demand":0,"DemandMax":3,"Value":2156},{"Length":77,"Height":27,"Demand":0,"DemandMax":3,"Value":4158},{"Length":94,"Height":49,"Demand":0,"DemandMax":3,"Value":9212},{"Length":25,"Height":27,"Demand":0,"DemandMax":3,"Value":2025},{"Length":83,"Height":82,"Demand":0,"DemandMax":3,"Value":13612},{"Length":87,"Height":48,"Demand":0,"DemandMax":3,"Value":4176},{"Length":10,"Height":43,"Demand":0,"DemandMax":3,"Value":430},{"Length":98,"Height":15,"Demand":0,"DemandMax":3,"Value":1470},{"Length":100,"Height":89,"Demand":0,"DemandMax":3,"Value":26700},{"Length":54,"Height":74,"Demand":0,"DemandMax":3,"Value":11988},{"Length":22,"Height":16,"Demand":0,"DemandMax":3,"Value":704},{"Length":11,"Height":34,"Demand":0,"DemandMax":3,"Value":1122},{"Length":30,"Height":16,"Demand":0,"DemandMax":3,"Value":960},{"Length":93,"Height":44,"Demand":0,"DemandMax":3,"Value":4092},{"Length":4,"Height":98,"Demand":0,"DemandMax":3,"Value":784},{"Length":10,"Height":28,"Demand":0,"DemandMax":3,"Value":280},{"Length":31,"Height":46,"Demand":0,"DemandMax":3,"Value":2852},{"Length":93,"Height":16,"Demand":0,"DemandMax":3,"Value":1488},{"Length":28,"Height":31,"Demand":0,"DemandMax":3,"Value":2604},{"Length":46,"Height":39,"Demand":0,"DemandMax":3,"Value":5382},{"Length":39,"Height":16,"Demand":0,"DemandMax":3,"Value":624},{"Length":77,"Height":33,"Demand":0,"DemandMax":3,"Value":2541},{"Length":8,"Height":88,"Demand":0,"DemandMax":3,"Value":2112},{"Length":77,"Height":67,"Demand":0,"DemandMax":3,"Value":10318},{"Length":46,"Height":35,"Demand":0,"DemandMax":3,"Value":1610},{"Length":72,"Height":90,"Demand":0,"DemandMax":3,"Value":19440},{"Length":44,"Height":93,"Demand":0,"DemandMax":3,"Value":8184},{"Length":68,"Height":51,"Demand":0,"DemandMax":3,"Value":10404},{"Length":11,"Height":83,"Demand":0,"DemandMax":3,"Value":1826},{"Length":44,"Height":85,"Demand":0,"DemandMax":3,"Value":11220},{"Length":19,"Height":14,"Demand":0,"DemandMax":3,"Value":532},{"Length":76,"Height":19,"Demand":0,"DemandMax":3,"Value":2888},{"Length":81,"Height":57,"Demand":0,"DemandMax":3,"Value":13851},{"Length":33,"Height":7,"Demand":0,"DemandMax":3,"Value":231},{"Length":33,"Height":97,"Demand":0,"DemandMax":3,"Value":3201},{"Length":98,"Height":52,"Demand":0,"DemandMax":3,"Value":5096},{"Length":5,"Height":100,"Demand":0,"DemandMax":3,"Value":500},{"Length":16,"Height":16,"Demand":0,"DemandMax":3,"Value":768},{"Length":40,"Height":46,"Demand":0,"DemandMax":3,"Value":1840},{"Length":5,"Height":50,"Demand":0,"DemandMax":3,"Value":750},{"Length":32,"Height":3,"Demand":0,"DemandMax":3,"Value":96},{"Length":38,"Height":28,"Demand":0,"DemandMax":3,"Value":3192},{"Length":53,"Height":54,"Demand":0,"DemandMax":3,"Value":5724},{"Length":25,"Height":93,"Demand":0,"DemandMax":3,"Value":4650},{"Length":36,"Height":24,"Demand":0,"DemandMax":3,"Value":2592},{"Length":3,"Height":86,"Demand":0,"DemandMax":3,"Value":774},{"Length":68,"Height":76,"Demand":0,"DemandMax":3,"Value":15504},{"Length":85,"Height":33,"Demand":0,"DemandMax":3,"Value":2805},{"Length":49,"Height":21,"Demand":0,"DemandMax":3,"Value":1029},{"Length":7,"Height":90,"Demand":0,"DemandMax":3,"Value":1890},{"Length":93,"Height":42,"Demand":0,"DemandMax":3,"Value":3906},{"Length":94,"Height":73,"Demand":0,"DemandMax":3,"Value":13724},{"Length":66,"Height":76,"Demand":0,"DemandMax":3,"Value":15048},{"Length":31,"Height":89,"Demand":0,"DemandMax":3,"Value":8277},{"Length":43,"Height":44,"Demand":0,"DemandMax":3,"Value":3784},{"Length":82,"Height":3,"Demand":0,"DemandMax":3,"Value":492},{"Length":27,"Height":44,"Demand":0,"DemandMax":3,"Value":2376},{"Length":36,"Height":91,"Demand":0,"DemandMax":3,"Value":6552},{"Length":5,"Height":46,"Demand":0,"DemandMax":3,"Value":690},{"Length":7,"Height":100,"Demand":0,"DemandMax":3,"Value":700},{"Length":4,"Height":35,"Demand":0,"DemandMax":3,"Value":140},{"Length":14,"Height":39,"Demand":0,"DemandMax":3,"Value":546},{"Length":44,"Height":87,"Demand":0,"DemandMax":3,"Value":3828},{"Length":21,"Height":92,"Demand":0,"DemandMax":3,"Value":1932},{"Length":59,"Height":64,"Demand":0,"DemandMax":3,"Value":11328},{"Length":10,"Height":88,"Demand":0,"DemandMax":3,"Value":880},{"Length":47,"Height":15,"Demand":0,"DemandMax":3,"Value":1410},{"Length":60,"Height":56,"Demand":0,"DemandMax":3,"Value":3360},{"Length":6,"Height":26,"Demand":0,"DemandMax":3,"Value":468},{"Length":83,"Height":94,"Demand":0,"DemandMax":3,"Value":7802}]}