{"Name":"ngcutfs2_199","Objects":[{"Length":100,"Height":100,"Stock":null,"Cost":10000}],"Items":[{"Length":15,"Height":15,"Demand":0,"DemandMax":3,"Value":225},{"Length":30,"Height":48,"Demand":0,"DemandMax":3,"Value":2880},{"Length":39,"Height":41,"Demand":0,"DemandMax":3,"Value":3198},{"Length":87,"Height":30,"Demand":0,"DemandMax":6,"Value":7830},{"Length":88,"Height":14,"Demand":0,"DemandMax":3,"Value":2464},{"Length":20,"Height":80,"Demand":0,"DemandMax":3,"Value":3200},{"Length":98,"Height":43,"Demand":0,"DemandMax":3,"Value":12642},{"Length":43,"Height":3,"Demand":0,"DemandMax":3,"Value":258},{"Length":3,"Height":43,"Demand":0,"DemandMax":3,"Value":387},{"Length":50,"Height":25,"Demand":0,"DemandMax":3,"Value":1250},{"Length":19,"Height":33,"Demand":0,"DemandMax":3,"Value":627},{"Length":62,"Height":98,"Demand":0,"DemandMax":3,"Value":18228},{"Length":37,"Height":36,"Demand":0,"DemandMax":3,"Value":3996},{"Length":7,"Height":10,"Demand":0,"DemandMax":3,"Value":70},{"Length":29,"Height":35,"Demand":0,"DemandMax":3,"Value":2030},{"Length":19,"Height":46,"Demand":0,"DemandMax":3,"Value":1748},{"Length":8,"Height":99,"Demand":0,"DemandMax":3,"Value":2376},{"Length":44,"Height":100,"Demand":0,"DemandMax":3,"Value":4400},{"Length":7,"Height":82,"Demand":0,"DemandMax":3,"Value":574},{"Length":81,"Height":28,"Demand":0,"DemandMax":3,"Value":6804},{"Length":82,"Height":50,"Demand":0,"DemandMax":3,"Value":8200},{"Length":93,"Height":28,"Demand":0,"DemandMax":3,"Value":5208},{"Length":33,"Height":93,"Demand":0,"DemandMax":3,"Value":9207},{"Length":9,"Height":27,"Demand":0,"DemandMax":3,"Value":729},{"Length":96,"Height":42,"Demand":0,"DemandMax":3,"Value":4032},{"Length":30,"Height":47,"Demand":0,"DemandMax":3,"Value":4230},{"Length":9,"Height":85,"Demand":0,"DemandMax":3,"Value":1530},{"Length":11,"Height":40,"Demand":0,"DemandMax":3,"Value":1320},{"Length":34,"Height":84,"Demand":0,"DemandMax":3,"Value":8568},{"Length":14,"Height":30,"Demand":0,"DemandMax":3,"Value":420},{"Length":70,"Height":79,"Demand":0,"DemandMax":6,"Value":5530},{"Length":59,"Height":58,"Demand":0,"DemandMax":3,"Value":3422},{"Length":95,"Height":27,"Demand":0,"DemandMax":3,"Value":5130},{"Length":15,"Height":8,"Demand":0,"DemandMax":3,"Value":360},{"Length":78,"Height":29,"Demand":0,"DemandMax":3,"Value":4524},{"Length":14,"Height":88,"Demand":0,"DemandMax":3,"Value":2464},{"Length":2,"Height":44,"Demand":0,"DemandMax":3,"Value":264},{"Length":77,"Height":40,"Demand":0,"DemandMax":3,"Value":3080},{"Length":12,"Height":41,"Demand":0,"DemandMax":3,"Value":492},{"Length":83,"Height":39,"Demand":0,"DemandMax":3,"Value":9711},{"Length":36,"Height":28,"Demand":0,"DemandMax":3,"Value":1008},{"Length":40,"Height":29,"Demand":0,"DemandMax":3,"Value":1160},{"Length":4,"Height":9,"Demand":0,"DemandMax":3,"Value":72},{"Length":5,"Height":22,"Demand":0,"DemandMax":3,"Value":330},{"Length":50,"Height":8,"Demand":0,"DemandMax":3,"Value":400},{"Length":8,"Height":8,"Demand":0,"DemandMax":3,"Value":64},{"Length":34,"Height":29,"Demand":0,"DemandMax":3,"Value":986},{"Length":44,"Height":99,"Demand":0,"DemandMax":3,"Value":13068},{"Length":37,"Height":22,"Demand":0,"DemandMax":6,"Value":2442},{"Length":75,"Height":67,"Demand":0,"DemandMax":3,"Value":5025},{"Length":79,"Height":6,"Demand":0,"DemandMax":3,"Value":1422},{"Length":48,"Height":84,"Demand":0,"DemandMax":3,"Value":12096},{"Length":34,"Height":83,"Demand":0,"DemandMax":3,"Value":5644},{"Length":13,"Height":47,"Demand":0,"DemandMax":6,"Value":611},{"Length":83,"Height":94,"Demand":0,"DemandMax":3,"Value":23406},{"Length":49,"Height":12,"Demand":0,"DemandMax":3,"Value":1176},{"Length":96,"Height":8,"Demand":0,"DemandMax":3,"Value":2304},{"Length":86,"Height":98,"Demand":0,"DemandMax":3,"Value":16856},{"Length":49,"Height":38,"Demand":0,"DemandMax":3,"Value":5586},{"Length":92,"Height":53,"Demand":0,"DemandMax":3,"Value":14628},{"Length":10,"Height":94,"Demand":0,"DemandMax":3,"Value":2820},{"Length":28,"Height":3,"Demand":0,"DemandMax":6,"Value":252},{"Length":82,"Height":18,"Demand":0,"DemandMax":3,"Value":4428},{"Length":11,"Height":25,"Demand":0,"DemandMax":6,"Value":550},{"Length":82,"Height":25,"Demand":0,"DemandMax":3,"Value":4100},{"Length":21,"Height":91,"Demand":0,"DemandMax":3,"Value":1911},{"Length":32,"Height":27,"Demand":0,"DemandMax":3,"Value":1728},{"Length":29,"Height":34,"Demand":0,"DemandMax":3,"Value":986},{"Length":8,"Height":22,"Demand":0,"DemandMax":3,"Value":352},{"Length":77,"Height":21,"Demand":0,"DemandMax":3,"Value":4851},{"Length":98,"Height":41,"Demand":0,"DemandMax":3,"Value":12054},{"Length":78,"Height":56,"Demand":0,"DemandMax":3,"Value":4368},{"Length":47,"Height":14,"Demand":0,"DemandMax":3,"Value":1974},{"Length":53,"Height":81,"Demand":0,"DemandMax":3,"Value":12879},{"Length":94,"Height":72,"Demand":0,"DemandMax":3,"Value":20304},{"Length":37,"Height":47,"Demand":0,"DemandMax":3,"Value":1739},{"Length":10,"Height":43,"Demand":0,"DemandMax":3,"Value":860},{"Length":77,"Height":60,"Demand":0,"DemandMax":3,"Value":13860},{"Length":80,"Height":86,"Demand":0,"DemandMax":3,"Value":6880},{"Length":92,"Height":36,"Demand":0,"DemandMax":3,"Value":3312},{"Length":46,"Height":88,"Demand":0,"DemandMax":3,"Value":4048},{"Length":13,"Height":32,"Demand":0,"DemandMax":3,"Value":416},{"Length":87,"Height":87,"Demand":0,"DemandMax":3,"Value":15138},{"Length":48,"Height":39,"Demand":0,"DemandMax":6,"Value":5616},{"Length":4,"Height":5,"Demand":0,"DemandMax":3,"Value":20},{"Length":50,"Height":50,"Demand":0,"DemandMax":3,"Value":2500},{"Length":47,"Height":45,"Demand":0,"DemandMax":3,"Value":4230},{"Length":78,"Height":78,"Demand":0,"DemandMax":3,"Value":6084},{"Length":24,"Height":83,"Demand":0,"DemandMax":3,"Value":5976},{"Length":20,"Height":93,"Demand":0,"DemandMax":3,"Value":5580},{"Length":45,"Height":2,"Demand":0,"DemandMax":3,"Value":90},{"Length":44,"Height":99,"Demand":0,"DemandMax":3,"Value":4356},{"Length":17,"Height":27,"Demand":0,"DemandMax":6,"Value":1377},{"Length":49,"Height":94,"Demand":0,"DemandMax":3,"Value":13818},{"Length":88,"Height":59,"Demand":0,"DemandMax":3,"Value":15576},{"Length":27,"Height":22,"Demand":0,"DemandMax":3,"Value":594},{"Length":46,"Height":82,"Demand":0,"DemandMax":3,"Value":7544},{"Length":20,"Height":42,"Demand":0,"DemandMax":3,"Value":840},{"Length":41,"Height":5,"Demand":0,"DemandMax":3,"Value":615},{"Length":88,"Height":36,"Demand":0,"DemandMax":3,"Value":9504},{"Length":15,"Height":4,"Demand":0,"DemandMax":3,"Value":120},{"Length":92,"Height":18,"Demand":0,"DemandMax":3,"Value":4968},{"Length":16,"Height":33,"Demand":0,"DemandMax":3,"Value":528},{"Length":11,"Height":42,"Demand":0,"DemandMax":3,"Value":924},{"Length":100,"Height":13,"Demand":0,"DemandMax":3,"Value":2600},{"Length":29,"Height":41,"Demand":0,"DemandMax":6,"Value":2378},{"Length":27,"Height":39,"Demand":0,"DemandMax":3,"Value":1053},{"Length":97,"Height":26,"Demand":0,"DemandMax":3,"Value":5044},{"Length":24,"Height":93,"Demand":0,"DemandMax":3,"Value":6696},{"Length":24,"Height":90,"Demand":0,"DemandMax":3,"Value":2160},{"Length":26,"Height":50,"Demand":0,"DemandMax":6,"Value":1300},{"Length":26,"Height":50,"Demand":0,"DemandMax":3,"Value":2600},{"Length":89,"Height":29,"Demand":0,"DemandMax":3,"Value":5162},{"Length":80,"Height":38,"Demand":0,"DemandMax":3,"Value":6080},{"Length":52,"Height":100,"Demand":0,"DemandMax":3,"Value":15600},{"Length":13,"Height":3,"Demand":0,"DemandMax":3,"Value":39},{"Length":28,"Height":22,"Demand":0,"DemandMax":3,"Value":616},{"Length":19,"Height":46,"Demand":0,"DemandMax":3,"Value":874},{"Length":14,"Height":2,"Demand":0,"DemandMax":3,"Value":84},{"Length":4,"Height":22,"Demand":0,"DemandMax":3,"Value":176},{"Length":12,"Height":48,"Demand":0,"DemandMax":3,"Value":576},{"Length":10,"Height":86,"Demand":0,"DemandMax":3,"Value":860},{"Length":42,"Height":42,"Demand":0,"DemandMax":3,"Value":3528},{"Length":27,"Height":12,"Demand":0,"DemandMax":3,"Value":972},{"Length":100,"Height":41,"Demand":0,"DemandMax":3,"Value":12300},{"Length":43,"Height":34,"Demand":0,"DemandMax":3,"Value":4386},{"Length":37,"Height":84,"Demand":0,"DemandMax":3,"Value":6216},{"Length":24,"Height":41,"Demand":0,"DemandMax":3,"Value":984},{"Length":68,"Height":89,"Demand":0,"DemandMax":3,"Value":6052},{"Length":49,"Height":35,"Demand":0,"DemandMax":3,"Value":5145},{"Length":4,"Height":18,"Demand":0,"DemandMax":3,"Value":216},{"Length":60,"Height":83,"Demand":0,"DemandMax":3,"Value":9960},{"Length":11,"Height":49,"Demand":0,"DemandMax":3,"Value":539},{"Length":85,"Height":82,"Demand":0,"DemandMax":3,"Value":6970},{"Length":18,"Height":85,"Demand":0,"DemandMax":3,"Value":4590},{"Length":85,"Height":40,"Demand":0,"DemandMax":3,"Value":6800},{"Length":10,"Height":32,"Demand":0,"DemandMax":3,"Value":640},{"Length":20,"Height":30,"Demand":0,"DemandMax":3,"Value":600},{"Length":10,"Height":27,"Demand":0,"DemandMax":3,"Value":810},{"Length":78,"Height":28,"Demand":0,"DemandMax":3,"Value":4368},{"Length":38,"Height":34,"Demand":0,"DemandMax":3,"Value":2584},{"Length":85,"Height":14,"Demand":0,"DemandMax":3,"Value":2380},{"Length":63,"Height":54,"Demand":0,"DemandMax":3,"Value":6804},{"Length":25,"Height":24,"Demand":0,"DemandMax":6,"Value":1800},{"Length":13,"Height":39,"Demand":0,"DemandMax":3,"Value":1521},{"Length":84,"Height":83,"Demand":0,"DemandMax":3,"Value":13944},{"Length":6,"Height":85,"Demand":0,"DemandMax":3,"Value":1530},{"Length":3,"Height":16,"Demand":0,"DemandMax":3,"Value":96},{"Length":50,"Height":7,"Demand":0,"DemandMax":3,"Value":350},{"Length":100,"Height":85,"Demand":0,"DemandMax":3,"Value":25500},{"Length":9,"Height":15,"Demand":0,"DemandMax":3,"Value":135},{"Length":58,"Height":83,"Demand":0,"DemandMax":3,"Value":14442},{"Length":3,"Height":20,"Demand":0,"DemandMax":3,"Value":60},{"Length":80,"Height":38,"Demand":0,"DemandMax":3,"Value":3040},{"Length":9,"Height":15,"Demand":0,"DemandMax":3,"Value":270},{"Length":35,"Height":47,"Demand":0,"DemandMax":3,"Value":4935},{"Length":91,"Height":10,"Demand":0,"DemandMax":3,"Value":1820},{"Length":79,"Height":40,"Demand":0,"DemandMax":3,"Value":6320},{"Length":3,"Height":39,"Demand":0,"DemandMax":3,"Value":234},{"Length":83,"Height":33,"Demand":0,"DemandMax":3,"Value":2739},{"Length":36,"Height":23,"Demand":0,"DemandMax":6,"Value":1656},{"Length":21,"Height":42,"Demand":0,"DemandMax":6,"Value":2646},{"Length":34,"Height":16,"Demand":0,"DemandMax":3,"Value":1632},{"Length":96,"Height":71,"Demand":0,"DemandMax":3,"Value":6816},{"Length":93,"Height":8,"Demand":0,"DemandMax":3,"Value":1488},{"Length":41,"Height":37,"Demand":0,"DemandMax":3,"Value":1517},{"Length":32,"Height":44,"Demand":0,"DemandMax":3,"Value":2816},{"Length":13,"Height":8,"Demand":0,"DemandMax":3,"Value":312},{"Length":8,"Height":25,"Demand":0,"DemandMax":3,"Value":600},{"Length":48,"Height":32,"Demand":0,"DemandMax":3,"Value":4608},{"Length":95,"Height":95,"Demand":0,"DemandMax":3,"Value":27075},{"Length":10,"Height":28,"Demand":0,"DemandMax":3,"Value":560},{"Length":49,"Height":23,"Demand":0,"DemandMax":3,"Value":1127},{"Length":86,"Height":11,"Demand":0,"DemandMax":3,"Value":946},{"Length":45,"Height":11,"Demand":0,"DemandMax":3,"Value":1485},{"Length":97,"Height":43,"Demand":0,"DemandMax":3,"Value":12513},{"Length":13,"Height":41,"Demand":0,"DemandMax":3,"Value":1066},{"Length":23,"Height":86,"Demand":0,"DemandMax":3,"Value":1978},{"Length":70,"Height":89,"Demand":0,"DemandMax":3,"Value":18690},{"Length":95,"Height":41,"Demand":0,"DemandMax":3,"Value":3895},{"Length":85,"Height":39,"Demand":0,"DemandMax":3,"Value":3315},{"Length":9,"Height":11,"Demand":0,"DemandMax":3,"Value":198},{"Length":43,"Height":23,"Demand":0,"DemandMax":3,"Value":2967},{"Length":27,"Height":36,"Demand":0,"DemandMax":3,"Value":1944},{"Length":60,"Height":63,"Demand":0,"DemandMax":3,"Value":11340},{"Length":93,"Height":36,"Demand":0,"DemandMax":3,"Value":6696},{"Length":50,"Height":16,"Demand":0,"DemandMax":3,"Value":1600},{"Length":14,"Height":15,"Demand":0,"DemandMax":3,"Value":210},{"Length":32,"Height":11,"Demand":0,"DemandMax":3,"Value":704},{"Length":67,"Height":68,"Demand":0,"DemandMax":3,"Value":9112},{"Length":74,"Height":93,"Demand":0,"DemandMax":3,"Value":20646},{"Length":89,"Height":43,"Demand":0,"DemandMax":3,"Value":7654},{"Length":19,"Height":31,"Demand":0,"DemandMax":3,"Value":1178},{"Length":22,"Height":14,"Demand":0,"DemandMax":3,"Value":616},{"Length":22,"Height":79,"Demand":0,"DemandMax":3,"Value":1738},{"Length":16,"Height":38,"Demand":0,"DemandMax":3,"Value":1824},{"Length":89,"Height":93,"Demand":0,"DemandMax":3,"Value":16554},{"Length":15,"Height":43,"Demand":0,"DemandMax":3,"Value":1935},{"Length":83,"Height":71,"Demand":0,"DemandMax":3,"Value":5893},{"Length":22,"Height":24,"Demand":0,"DemandMax":6,"Value":528},{"Length":76,"Height":55,"Demand":0,"DemandMax":3,"Value":8360},{"Length":20,"Height":20,"Demand":0,"DemandMax":3,"Value":400},{"Length":29,"Height":39,"Demand":0,"DemandMax":3,"Value":3393},{"Length":87,"Height":2,"Demand":0,"DemandMax":3,"Value":174},{"Length":79,"Height":44,"Demand":0,"DemandMax":3,"Value":3476},{"Length":58,"Height":78,"Demand":0,"DemandMax":3,"Value":4524},{"Length":49,"Height":32,"Demand":0,"DemandMax":3,"Value":3136},{"Length":18,"Height":38,"Demand":0,"DemandMax":3,"Value":1368},{"Length":27,"Height":16,"Demand":0,"DemandMax":3,"Value":1296},{"Length":39,"Height":29,"Demand":0,"DemandMax":3,"Value":2262},{"Length":84,"Height":13,"Demand":0,"DemandMax":3,"Value":1092},{"Length":32,"Height":93,"Demand":0,"DemandMax":3,"Value":2976},{"Length":21,"Height":85,"Demand":0,"DemandMax":3,"Value":1785},{"Length":79,"Height":46,"Demand":0,"DemandMax":3,"Value":3634},{"Length":79,"Height":13,"Demand":0,"DemandMax":3,"Value":3081},{"Length":39,"Height":28,"Demand":0,"DemandMax":3,"Value":2184},{"Length":13,"Height":29,"Demand":0,"DemandMax":3,"Value":1131},{"Length":6,"Height":3,"Demand":0,"DemandMax":3,"Value":54},{"Length":41,"Height":46,"Demand":0,"DemandMax":3,"Value":1886},{"Length":62,"Height":51,"Demand":0,"DemandMax":3,"Value":3162},{"Length":33,"Height":9,"Demand":0,"DemandMax":3,"Value":594},{"Length":25,"Height":100,"Demand":0,"DemandMax":3,"Value":5000},{"Length":47,"Height":46,"Demand":0,"DemandMax":3,"Value":6486},{"Length":85,"Height":28,"Demand":0,"DemandMax":3,"Value":7140},{"Length":10,"Height":46,"Demand":0,"DemandMax":3,"Value":460},{"Length":66,"Height":87,"Demand":0,"DemandMax":3,"Value":11484},{"Length":81,"Height":90,"Demand":0,"DemandMax":3,"Value":7290},{"Length":39,"Height":19,"Demand":0,"DemandMax":6,"Value":1482},{"Length":13,"Height":40,"Demand":0,"DemandMax":3,"Value":1040},{"Length":87,"Height":31,"Demand":0,"DemandMax":6,"Value":8091},{"Length":4,"Height":36,"Demand":0,"DemandMax":3,"Value":288},{"Length":37,"Height":38,"Demand":0,"DemandMax":3,"Value":2812},{"Length":85,"Height":2,"Demand":0,"DemandMax":3,"Value":340},{"Length":26,"Height":97,"Demand":0,"DemandMax":3,"Value":5044},{"Length":13,"Height":79,"Demand":0,"DemandMax":3,"Value":2054},{"Length":20,"Height":16,"Demand":0,"DemandMax":3,"Value":640},{"Length":76,"Height":94,"Demand":0,"DemandMax":3,"Value":14288},{"Length":93,"Height":4,"Demand":0,"DemandMax":3,"Value":1116},{"Length":76,"Height":34,"Demand":0,"DemandMax":3,"Value":2584},{"Length":96,"Height":21,"Demand":0,"DemandMax":3,"Value":6048},{"Length":22,"Height":29,"Demand":0,"DemandMax":3,"Value":1276},{"Length":89,"Height":69,"Demand":0,"DemandMax":3,"Value":6141},{"Length":48,"Height":21,"Demand":0,"DemandMax":3,"Value":2016},{"Length":45,"Height":94,"Demand":0,"DemandMax":3,"Value":4230},{"Length":88,"Height":87,"Demand":0,"DemandMax":3,"Value":15312},{"Length":4,"Height":16,"Demand":0,"DemandMax":3,"Value":192},{"Length":9,"Height":40,"Demand":0,"DemandMax":3,"Value":1080},{"Length":14,"Height":13,"Demand":0,"DemandMax":3,"Value":182},{"Length":38,"Height":4,"Demand":0,"DemandMax":3,"Value":304},{"Length":30,"Height":46,"Demand":0,"DemandMax":3,"Value":1380},{"Length":37,"Height":11,"Demand":0,"DemandMax":9,"Value":1221},{"Length":87,"Height":77,"Demand":0,"DemandMax":3,"Value":6699},{"Length":10,"Height":88,"Demand":0,"DemandMax":3,"Value":2640},{"Length":87,"Height":4,"Demand":0,"DemandMax":3,"Value":696},{"Length":10,"Height":93,"Demand":0,"DemandMax":3,"Value":930},{"Length":12,"Height":96,"Demand":0,"DemandMax":3,"Value":1152},{"Length":32,"Height":23,"Demand":0,"DemandMax":3,"Value":2208},{"Length":22,"Height":41,"Demand":0,"DemandMax":3,"Value":1804},{"Length":77,"Height":16,"Demand":0,"DemandMax":6,"Value":1232},{"Length":38,"Height":5,"Demand":0,"DemandMax":3,"Value":190},{"Length":81,"Height":84,"Demand":0,"DemandMax":3,"Value":20412},{"Length":46,"Height":2,"Demand":0,"DemandMax":3,"Value":92},{"Length":93,"Height":50,"Demand":0,"DemandMax":3,"Value":4650},{"Length":8,"Height":15,"Demand":0,"DemandMax":3,"Value":120},{"Length":5,"Height":86,"Demand":0,"DemandMax":3,"Value":430},{"Length":4,"Height":47,"Demand":0,"DemandMax":3,"Value":376},{"Length":19,"Height":34,"Demand":0,"DemandMax":3,"Value":1938},{"Length":10,"Height":43,"Demand":0,"DemandMax":3,"Value":430},{"Length":9,"Height":82,"Demand":0,"DemandMax":3,"Value":1476},{"Length":47,"Height":18,"Demand":0,"DemandMax":6,"Value":1692},{"Length":36,"Height":20,"Demand":0,"DemandMax":3,"Value":720},{"Length":33,"Height":49,"Demand":0,"DemandMax":3,"Value":1617},{"Length":13,"Height":90,"Demand":0,"DemandMax":3,"Value":3510},{"Length":37,"Height":85,"Demand":0,"DemandMax":3,"Value":6290},{"Length":8,"Height":35,"Demand":0,"DemandMax":3,"Value":840},{"Length":32,"Height":48,"Demand":0,"DemandMax":3,"Value":1536},{"Length":4,"Height":39,"Demand":0,"DemandMax":3,"Value":156},{"Length":89,"Height":32,"Demand":0,"DemandMax":3,"Value":5696},{"Length":26,"Height":11,"Demand":0,"DemandMax":3,"Value":572},{"Length":34,"Height":8,"Demand":0,"DemandMax":3,"Value":272},{"Length":44,"Height":12,"Demand":0,"DemandMax":3,"Value":1584},{"Length":28,"Height":19,"Demand":0,"DemandMax":3,"Value":1064},{"Length":38,"Height":50,"Demand":0,"DemandMax":3,"Value":3800},{"Length":25,"Height":5,"Demand":0,"DemandMax":3,"Value":125},{"Length":28,"Height":86,"Demand":0,"DemandMax":3,"Value":2408},{"Length":15,"Height":85,"Demand":0,"DemandMax":6,"Value":2550},{"Length":91,"Height":34,"Demand":0,"DemandMax":3,"Value":6188},{"Length":33,"Height":17,"Demand":0,"DemandMax":3,"Value":1122},{"Length":89,"Height":35,"Demand":0,"DemandMax":3,"Value":6230},{"Length":30,"Height":76,"Demand":0,"DemandMax":3,"Value":4560},{"Length":86,"Height":7,"Demand":0,"DemandMax":3,"Value":1204},{"Length":26,"Height":48,"Demand":0,"DemandMax":3,"Value":1248},{"Length":43,"Height":2,"Demand":0,"DemandMax":3,"Value":258},{"Length":32,"Height":50,"Demand":0,"DemandMax":3,"Value":1600},{"Length":44,"Height":2,"Demand":0,"DemandMax":3,"Value":264},{"Length":33,"Height":11,"Demand":0,"DemandMax":3,"Value":363},{"Length":46,"Height":99,"Demand":0,"DemandMax":3,"Value":13662},{"Length":41,"Height":77,"Demand":0,"DemandMax":3,"Value":3157},{"Length":31,"Height":96,"Demand":0,"DemandMax":3,"Value":5952},{"Length":25,"Height":41,"Demand":0,"DemandMax":3,"Value":3075},{"Length":50,"Height":12,"Demand":0,"DemandMax":3,"Value":1800},{"Length":94,"Height":45,"Demand":0,"DemandMax":3,"Value":12690},{"Length":45,"Height":10,"Demand":0,"DemandMax":3,"Value":1350},{"Length":19,"Height":19,"Demand":0,"DemandMax":3,"Value":361},{"Length":33,"Height":10,"Demand":0,"DemandMax":3,"Value":990},{"Length":34,"Height":77,"Demand":0,"DemandMax":3,"Value":5236},{"Length":33,"Height":44,"Demand":0,"DemandMax":3,"Value":4356},{"Length":38,"Height":26,"Demand":0,"DemandMax":3,"Value":1976},{"Length":91,"Height":3,"Demand":0,"DemandMax":3,"Value":546},{"Length":2,"Height":10,"Demand":0,"DemandMax":3,"Value":60},{"Length":20,"Height":19,"Demand":0,"DemandMax":3,"Value":1140},{"Length":24,"Height":47,"Demand":0,"DemandMax":3,"Value":3384},{"Length":39,"Height":35,"Demand":0,"DemandMax":3,"Value":4095},{"Length":30,"Height":35,"Demand":0,"DemandMax":3,"Value":3150},{"Length":15,"Height":78,"Demand":0,"DemandMax":3,"Value":2340},{"Length":40,"Height":23,"Demand":0,"DemandMax":3,"Value":920},{"Length":8,"Height":9,"Demand":0,"DemandMax":3,"Value":216},{"Length":8,"Height":10,"Demand":0,"DemandMax":3,"Value":240},{"Length":5,"Height":4,"Demand":0,"DemandMax":6,"Value":20},{"Length":28,"Height":46,"Demand":0,"DemandMax":3,"Value":3864},{"Length":55,"Height":55,"Demand":0,"DemandMax":3,"Value":9075},{"Length":32,"Height":31,"Demand":0,"DemandMax":3,"Value":2976},{"Length":61,"Height":69,"Demand":0,"DemandMax":3,"Value":8418},{"Length":93,"Height":56,"Demand":0,"DemandMax":3,"Value":5208},{"Length":29,"Height":46,"Demand":0,"DemandMax":3,"Value":4002},{"Length":48,"Height":77,"Demand":0,"DemandMax":3,"Value":7392},{"Length":48,"Height":17,"Demand":0,"DemandMax":6,"Value":816},{"Length":38,"Height":36,"Demand":0,"DemandMax":3,"Value":2736},{"Length":35,"Height":25,"Demand":0,"DemandMax":3,"Value":2625},{"Length":16,"Height":46,"Demand":0,"DemandMax":3,"Value":736},{"Length":18,"Height":9,"Demand":0,"DemandMax":3,"Value":162},{"Length":46,"Height":11,"Demand":0,"DemandMax":6,"Value":1518},{"Length":44,"Height":33,"Demand":0,"DemandMax":3,"Value":2904},{"Length":86,"Height":6,"Demand":0,"DemandMax":3,"Value":1548},{"Length":98,"Height":95,"Demand":0,"DemandMax":3,"Value":27930},{"Length":18,"Height":16,"Demand":0,"DemandMax":3,"Value":288},{"Length":24,"Height":35,"Demand":0,"DemandMax":3,"Value":2520},{"Length":93,"Height":8,"Demand":0,"DemandMax":3,"Value":2232},{"Length":4,"Height":15,"Demand":0,"DemandMax":3,"Value":60},{"Length":43,"Height":95,"Demand":0,"DemandMax":3,"Value":8170},{"Length":11,"Height":31,"Demand":0,"DemandMax":3,"Value":1023},{"Length":43,"Height":5,"Demand":0,"DemandMax":3,"Value":430},{"Length":32,"Height":97,"Demand":0,"DemandMax":3,"Value":6208},{"Length":83,"Height":78,"Demand":0,"DemandMax":3,"Value":6474},{"Length":78,"Height":20,"Demand":0,"DemandMax":3,"Value":1560},{"Length":19,"Height":77,"Demand":0,"DemandMax":3,"Value":4389},{"Length":2,"Height":94,"Demand":0,"DemandMax":3,"Value":188},{"Length":39,"Height":5,"Demand":0,"DemandMax":3,"Value":585},{"Length":33,"Height":86,"Demand":0,"DemandMax":3,"Value":8514},{"Length":4,"Height":41,"Demand":0,"DemandMax":3,"Value":492},{"Length":8,"Height":7,"Demand":0,"DemandMax":3,"Value":112},{"Length":29,"Height":32,"Demand":0,"DemandMax":3,"Value":1856},{"Length":54,"Height":74,"Demand":0,"DemandMax":3,"Value":11988},{"Length":12,"Height":6,"Demand":0,"DemandMax":3,"Value":216},{"Length":33,"Height":18,"Demand":0,"DemandMax":3,"Value":1782},{"Length":29,"Height":76,"Demand":0,"DemandMax":3,"Value":6612},{"Length":99,"Height":48,"Demand":0,"DemandMax":3,"Value":14256},{"Length":39,"Height":18,"Demand":0,"DemandMax":3,"Value":702},{"Length":13,"Height":33,"Demand":0,"DemandMax":3,"Value":429},{"Length":28,"Height":50,"Demand":0,"DemandMax":3,"Value":4200},{"Length":29,"Height":26,"Demand":0,"DemandMax":3,"Value":1508},{"Length":77,"Height":95,"Demand":0,"DemandMax":3,"Value":14630},{"Length":68,"Height":55,"Demand":0,"DemandMax":3,"Value":7480},{"Length":34,"Height":10,"Demand":0,"DemandMax":3,"Value":340},{"Length":6,"Height":20,"Demand":0,"DemandMax":3,"Value":240},{"Length":40,"Height":21,"Demand":0,"DemandMax":3,"Value":2520},{"Length":40,"Height":42,"Demand":0,"DemandMax":3,"Value":5040},{"Length":48,"Height":14,"Demand":0,"DemandMax":3,"Value":2016},{"Length":33,"Height":8,"Demand":0,"DemandMax":3,"Value":528},{"Length":5,"Height":33,"Demand":0,"DemandMax":3,"Value":165},{"Length":23,"Height":49,"Demand":0,"DemandMax":3,"Value":1127},{"Length":47,"Height":33,"Demand":0,"DemandMax":3,"Value":3102},{"Length":18,"Height":48,"Demand":0,"DemandMax":3,"Value":864},{"Length":47,"Height":77,"Demand":0,"DemandMax":3,"Value":7238},{"Length":6,"Height":78,"Demand":0,"DemandMax":3,"Value":468},{"Length":20,"Height":4,"Demand":0,"DemandMax":3,"Value":80},{"Length":29,"Height":81,"Demand":0,"DemandMax":3,"Value":2349},{"Length":13,"Height":39,"Demand":0,"DemandMax":3,"Value":1014},{"Length":11,"Height":96,"Demand":0,"DemandMax":3,"Value":1056},{"Length":63,"Height":70,"Demand":0,"DemandMax":3,"Value":13230},{"Length":82,"Height":3,"Demand":0,"DemandMax":3,"Value":246},{"Length":40,"Height":86,"Demand":0,"DemandMax":3,"Value":3440},{"Length":98,"Height":6,"Demand":0,"DemandMax":3,"Value":1176},{"Length":27,"Height":46,"Demand":0,"DemandMax":3,"Value":1242},{"Length":96,"Height":5,"Demand":0,"DemandMax":3,"Value":480},{"Length":53,"Height":55,"Demand":0,"DemandMax":3,"Value":2915},{"Length":14,"Height":76,"Demand":0,"DemandMax":3,"Value":3192},{"Length":95,"Height":53,"Demand":0,"DemandMax":3,"Value":15105},{"Length":37,"Height":76,"Demand":0,"DemandMax":3,"Value":2812},{"Length":41,"Height":41,"Demand":0,"DemandMax":3,"Value":3362},{"Length":46,"Height":4,"Demand":0,"DemandMax":3,"Value":552},{"Length":31,"Height":31,"Demand":0,"DemandMax":3,"Value":1922},{"Length":51,"Height":81,"Demand":0,"DemandMax":3,"Value":4131},{"Length":10,"Height":92,"Demand":0,"DemandMax":3,"Value":2760},{"Length":90,"Height":9,"Demand":0,"DemandMax":3,"Value":2430},{"Length":37,"Height":41,"Demand":0,"DemandMax":6,"Value":4551},{"Length":37,"Height":95,"Demand":0,"DemandMax":3,"Value":7030},{"Length":3,"Height":4,"Demand":0,"DemandMax":3,"Value":12},{"Length":23,"Height":28,"Demand":0,"DemandMax":3,"Value":1932},{"Length":32,"Height":41,"Demand":0,"DemandMax":3,"Value":1312},{"Length":7,"Height":4,"Demand":0,"DemandMax":3,"Value":84},{"Length":45,"Height":12,"Demand":0,"DemandMax":3,"Value":1620},{"Length":23,"Height":39,"Demand":0,"DemandMax":3,"Value":1794},{"Length":48,"Height":13,"Demand":0,"DemandMax":3,"Value":1248},{"Length":95,"Height":100,"Demand":0,"DemandMax":3,"Value":9500},{"Length":13,"Height":18,"Demand":0,"DemandMax":3,"Value":702},{"Length":16,"Height":30,"Demand":0,"DemandMax":3,"Value":1440},{"Length":89,"Height":90,"Demand":0,"DemandMax":3,"Value":24030},{"Length":48,"Height":8,"Demand":0,"DemandMax":3,"Value":768},{"Length":27,"Height":35,"Demand":0,"DemandMax":3,"Value":1890},{"Length":36,"Height":42,"Demand":0,"DemandMax":3,"Value":3024},{"Length":43,"Height":33,"Demand":0,"DemandMax":3,"Value":4257},{"Length":15,"Height":50,"Demand":0,"DemandMax":3,"Value":2250},{"Length":47,"Height":20,"Demand":0,"DemandMax":3,"Value":940},{"Length":33,"Height":40,"Demand":0,"DemandMax":3,"Value":3960},{"Length":22,"Height":41,"Demand":0,"DemandMax":3,"Value":2706},{"Length":89,"Height":35,"Demand":0,"DemandMax":3,"Value":9345},{"Length":44,"Height":45,"Demand":0,"DemandMax":3,"Value":1980},{"Length":44,"Height":33,"Demand":0,"DemandMax":3,"Value":1452},{"Length":20,"Height":43,"Demand":0,"DemandMax":3,"Value":860},{"Length":25,"Height":8,"Demand":0,"DemandMax":3,"Value":200},{"Length":24,"Height":7,"Demand":0,"DemandMax":3,"Value":504},{"Length":7,"Height":99,"Demand":0,"DemandMax":3,"Value":693},{"Length":84,"Height":91,"Demand":0,"DemandMax":3,"Value":22932},{"Length":7,"Height":47,"Demand":0,"DemandMax":3,"Value":329},{"Length":12,"Height":17,"Demand":0,"DemandMax":3,"Value":204},{"Length":79,"Height":6,"Demand":0,"DemandMax":6,"Value":474},{"Length":86,"Height":99,"Demand":0,"DemandMax":3,"Value":25542},{"Length":70,"Height":85,"Demand":0,"DemandMax":3,"Value":17850},{"Length":16,"Height":83,"Demand":0,"DemandMax":6,"Value":1328},{"Length":80,"Height":26,"Demand":0,"DemandMax":3,"Value":2080},{"Length":51,"Height":90,"Demand":0,"DemandMax":3,"Value":4590},{"Length":15,"Height":8,"Demand":0,"DemandMax":3,"Value":240},{"Length":13,"Height":91,"Demand":0,"DemandMax":3,"Value":2366},{"Length":23,"Height":79,"Demand":0,"DemandMax":3,"Value":5451},{"Length":31,"Height":40,"Demand":0,"DemandMax":3,"Value":2480},{"Length":48,"Height":15,"Demand":0,"DemandMax":3,"Value":2160},{"Length":29,"Height":38,"Demand":0,"DemandMax":3,"Value":2204},{"Length":2,"Height":34,"Demand":0,"DemandMax":3,"Value":68},{"Length":43,"Height":28,"Demand":0,"DemandMax":3,"Value":1204},{"Length":96,"Height":9,"Demand":0,"DemandMax":3,"Value":864},{"Length":25,"Height":90,"Demand":0,"DemandMax":3,"Value":4500},{"Length":86,"Height":39,"Demand":0,"DemandMax":3,"Value":3354},{"Length":47,"Height":83,"Demand":0,"DemandMax":6,"Value":11703},{"Length":26,"Height":6,"Demand":0,"DemandMax":3,"Value":312},{"Length":31,"Height":18,"Demand":0,"DemandMax":3,"Value":1116},{"Length":10,"Height":16,"Demand":0,"DemandMax":3,"Value":480},{"Length":23,"Height":41,"Demand":0,"DemandMax":3,"Value":2829},{"Length":13,"Height":95,"Demand":0,"DemandMax":3,"Value":3705},{"Length":50,"Height":30,"Demand":0,"DemandMax":3,"Value":4500},{"Length":82,"Height":76,"Demand":0,"DemandMax":3,"Value":12464},{"Length":18,"Height":78,"Demand":0,"DemandMax":3,"Value":2808},{"Length":6,"Height":25,"Demand":0,"DemandMax":3,"Value":150},{"Length":11,"Height":47,"Demand":0,"DemandMax":3,"Value":1551},{"Length":17,"Height":41,"Demand":0,"DemandMax":3,"Value":2091},{"Length":4,"Height":36,"Demand":0,"DemandMax":3,"Value":144},{"Length":34,"Height":48,"Demand":0,"DemandMax":3,"Value":3264},{"Length":37,"Height":33,"Demand":0,"DemandMax":3,"Value":2442},{"Length":16,"Height":49,"Demand":0,"DemandMax":3,"Value":784},{"Length":24,"Height":33,"Demand":0,"DemandMax":3,"Value":2376},{"Length":11,"Height":86,"Demand":0,"DemandMax":3,"Value":2838},{"Length":76,"Height":22,"Demand":0,"DemandMax":3,"Value":3344},{"Length":56,"Height":80,"Demand":0,"DemandMax":3,"Value":8960},{"Length":89,"Height":10,"Demand":0,"DemandMax":3,"Value":2670},{"Length":26,"Height":99,"Demand":0,"DemandMax":3,"Value":5148},{"Length":27,"Height":21,"Demand":0,"DemandMax":3,"Value":1701},{"Length":25,"Height":48,"Demand":0,"DemandMax":3,"Value":2400},{"Length":40,"Height":15,"Demand":0,"DemandMax":3,"Value":1800},{"Length":25,"Height":76,"Demand":0,"DemandMax":3,"Value":5700},{"Length":28,"Height":17,"Demand":0,"DemandMax":3,"Value":1428},{"Length":32,"Height":30,"Demand":0,"DemandMax":3,"Value":960},{"Length":48,"Height":98,"Demand":0,"DemandMax":3,"Value":14112},{"Length":34,"Height":92,"Demand":0,"DemandMax":3,"Value":3128},{"Length":73,"Height":82,"Demand":0,"DemandMax":3,"Value":5986},{"Length":37,"Height":20,"Demand":0,"DemandMax":3,"Value":740},{"Length":90,"Height":83,"Demand":0,"DemandMax":3,"Value":22410},{"Length":78,"Height":82,"Demand":0,"DemandMax":3,"Value":12792},{"Length":40,"Height":33,"Demand":0,"DemandMax":3,"Value":3960},{"Length":6,"Height":40,"Demand":0,"DemandMax":3,"Value":720},{"Length":2,"Height":11,"Demand":0,"DemandMax":3,"Value":66},{"Length":50,"Height":11,"Demand":0,"DemandMax":3,"Value":550},{"Length":6,"Height":34,"Demand":0,"DemandMax":3,"Value":204},{"Length":35,"Height":47,"Demand":0,"DemandMax":3,"Value":3290},{"Length":27,"Height":33,"Demand":0,"DemandMax":3,"Value":1782},{"Length":7,"Height":33,"Demand":0,"DemandMax":3,"Value":231},{"Length":45,"Height":89,"Demand":0,"DemandMax":3,"Value":8010},{"Length":34,"Height":16,"Demand":0,"DemandMax":3,"Value":544},{"Length":37,"Height":2,"Demand":0,"DemandMax":3,"Value":148},{"Length":32,"Height":11,"Demand":0,"DemandMax":3,"Value":1056},{"Length":88,"Height":42,"Demand":0,"DemandMax":3,"Value":7392},{"Length":25,"Height":39,"Demand":0,"DemandMax":3,"Value":1950},{"Length":8,"Height":20,"Demand":0,"DemandMax":3,"Value":160},{"Length":22,"Height":4,"Demand":0,"DemandMax":3,"Value":176},{"Length":2,"Height":46,"Demand":0,"DemandMax":3,"Value":184},{"Length":65,"Height":79,"Demand":0,"DemandMax":3,"Value":15405},{"Length":24,"Height":4,"Demand":0,"DemandMax":3,"Value":192},{"Length":3,"Height":16,"Demand":0,"DemandMax":3,"Value":48},{"Length":21,"Height":50,"Demand":0,"DemandMax":3,"Value":2100},{"Length":96,"Height":9,"Demand":0,"DemandMax":3,"Value":1728},{"Length":12,"Height":85,"Demand":0,"DemandMax":3,"Value":2040},{"Length":79,"Height":32,"Demand":0,"DemandMax":3,"Value":2528},{"Length":22,"Height":49,"Demand":0,"DemandMax":3,"Value":2156},{"Length":68,"Height":55,"Demand":0,"DemandMax":3,"Value":3740},{"Length":45,"Height":3,"Demand":0,"DemandMax":3,"Value":135},{"Length":94,"Height":13,"Demand":0,"DemandMax":3,"Value":1222},{"Length":24,"Height":5,"Demand":0,"DemandMax":3,"Value":120},{"Length":92,"Height":34,"Demand":0,"DemandMax":3,"Value":3128},{"Length":43,"Height":78,"Demand":0,"DemandMax":3,"Value":10062},{"Length":24,"Height":31,"Demand":0,"DemandMax":3,"Value":2232},{"Length":30,"Height":28,"Demand":0,"DemandMax":3,"Value":2520},{"Length":43,"Height":21,"Demand":0,"DemandMax":3,"Value":1806},{"Length":42,"Height":23,"Demand":0,"DemandMax":3,"Value":1932},{"Length":59,"Height":57,"Demand":0,"DemandMax":3,"Value":10089},{"Length":41,"Height":34,"Demand":0,"DemandMax":3,"Value":2788},{"Length":45,"Height":82,"Demand":0,"DemandMax":3,"Value":7380},{"Length":41,"Height":27,"Demand":0,"DemandMax":3,"Value":1107},{"Length":32,"Height":5,"Demand":0,"DemandMax":3,"Value":480},{"Length":6,"Height":86,"Demand":0,"DemandMax":3,"Value":1032},{"Length":74,"Height":70,"Demand":0,"DemandMax":3,"Value":15540},{"Length":76,"Height":99,"Demand":0,"DemandMax":3,"Value":22572},{"Length":65,"Height":60,"Demand":0,"DemandMax":3,"Value":7800},{"Length":22,"Height":47,"Demand":0,"DemandMax":3,"Value":3102},{"Length":36,"Height":50,"Demand":0,"DemandMax":3,"Value":5400},{"Length":48,"Height":22,"Demand":0,"DemandMax":3,"Value":3168},{"Length":99,"Height":74,"Demand":0,"DemandMax":3,"Value":7326},{"Length":6,"Height":82,"Demand":0,"DemandMax":3,"Value":984},{"Length":19,"Height":2,"Demand":0,"DemandMax":3,"Value":114},{"Length":34,"Height":20,"Demand":0,"DemandMax":3,"Value":2040},{"Length":38,"Height":27,"Demand":0,"DemandMax":3,"Value":2052},{"Length":35,"Height":39,"Demand":0,"DemandMax":3,"Value":1365},{"Length":3,"Height":38,"Demand":0,"DemandMax":3,"Value":342},{"Length":97,"Height":67,"Demand":0,"DemandMax":3,"Value":6499},{"Length":20,"Height":28,"Demand":0,"DemandMax":3,"Value":1120},{"Length":52,"Height":74,"Demand":0,"DemandMax":3,"Value":11544},{"Length":9,"Height":8,"Demand":0,"DemandMax":3,"Value":216},{"Length":87,"Height":84,"Demand":0,"DemandMax":3,"Value":7308},{"Length":37,"Height":40,"Demand":0,"DemandMax":3,"Value":1480},{"Length":72,"Height":55,"Demand":0,"DemandMax":3,"Value":3960},{"Length":11,"Height":34,"Demand":0,"DemandMax":3,"Value":1122},{"Length":92,"Height":29,"Demand":0,"DemandMax":3,"Value":2668},{"Length":13,"Height":46,"Demand":0,"DemandMax":3,"Value":598},{"Length":14,"Height":84,"Demand":0,"DemandMax":3,"Value":3528},{"Length":88,"Height":35,"Demand":0,"DemandMax":3,"Value":9240},{"Length":3,"Height":49,"Demand":0,"DemandMax":3,"Value":294},{"Length":8,"Height":91,"Demand":0,"DemandMax":6,"Value":2184},{"Length":9,"Height":32,"Demand":0,"DemandMax":3,"Value":288},{"Length":30,"Height":33,"Demand":0,"DemandMax":3,"Value":2970},{"Length":17,"Height":24,"Demand":0,"DemandMax":3,"Value":1224},{"Length":72,"Height":54,"Demand":0,"DemandMax":3,"Value":7776},{"Length":18,"Height":29,"Demand":0,"DemandMax":3,"Value":1044},{"Length":76,"Height":31,"Demand":0,"DemandMax":3,"Value":4712},{"Length":91,"Height":20,"Demand":0,"DemandMax":3,"Value":3640},{"Length":60,"Height":55,"Demand":0,"DemandMax":3,"Value":3300},{"Length":25,"Height":91,"Demand":0,"DemandMax":3,"Value":4550},{"Length":48,"Height":43,"Demand":0,"DemandMax":3,"Value":4128},{"Length":20,"Height":28,"Demand":0,"DemandMax":3,"Value":560},{"Length":57,"Height":56,"Demand":0,"DemandMax":3,"Value":6384},{"Length":16,"Height":34,"Demand":0,"DemandMax":3,"Value":1632},{"Length":39,"Height":76,"Demand":0,"DemandMax":3,"Value":2964},{"Length":10,"Height":49,"Demand":0,"DemandMax":3,"Value":980},{"Length":55,"Height":86,"Demand":0,"DemandMax":3,"Value":4730},{"Length":42,"Height":4,"Demand":0,"DemandMax":3,"Value":504},{"Length":16,"Height":14,"Demand":0,"DemandMax":3,"Value":672},{"Length":47,"Height":42,"Demand":0,"DemandMax":3,"Value":1974},{"Length":42,"Height":86,"Demand":0,"DemandMax":3,"Value":7224},{"Length":32,"Height":16,"Demand":0,"DemandMax":3,"Value":1536},{"Length":17,"Height":5,"Demand":0,"DemandMax":3,"Value":170},{"Length":35,"Height":34,"Demand":0,"DemandMax":3,"Value":3570},{"Length":79,"Height":10,"Demand":0,"DemandMax":3,"Value":790},{"Length":19,"Height":34,"Demand":0,"DemandMax":3,"Value":646},{"Length":45,"Height":96,"Demand":0,"DemandMax":3,"Value":12960},{"Length":46,"Height":6,"Demand":0,"DemandMax":3,"Value":828},{"Length":94,"Height":78,"Demand":0,"DemandMax":3,"Value":7332},{"Length":6,"Height":25,"Demand":0,"DemandMax":3,"Value":450},{"Length":76,"Height":47,"Demand":0,"DemandMax":3,"Value":10716},{"Length":13,"Height":2,"Demand":0,"DemandMax":3,"Value":52},{"Length":42,"Height":12,"Demand":0,"DemandMax":3,"Value":1008},{"Length":45,"Height":50,"Demand":0,"DemandMax":3,"Value":4500},{"Length":94,"Height":7,"Demand":0,"DemandMax":3,"Value":1316},{"Length":44,"Height":28,"Demand":0,"DemandMax":3,"Value":2464},{"Length":66,"Height":56,"Demand":0,"DemandMax":3,"Value":7392},{"Length":82,"Height":40,"Demand":0,"DemandMax":3,"Value":3280},{"Length":50,"Height":10,"Demand":0,"DemandMax":3,"Value":1500},{"Length":19,"Height":50,"Demand":0,"DemandMax":3,"Value":1900},{"Length":20,"Height":35,"Demand":0,"DemandMax":3,"Value":700},{"Length":19,"Height":18,"Demand":0,"DemandMax":3,"Value":342},{"Length":33,"Height":100,"Demand":0,"DemandMax":3,"Value":3300},{"Length":46,"Height":33,"Demand":0,"DemandMax":3,"Value":4554},{"Length":32,"Height":50,"Demand":0,"DemandMax":3,"Value":4800},{"Length":53,"Height":59,"Demand":0,"DemandMax":3,"Value":9381},{"Length":89,"Height":26,"Demand":0,"DemandMax":3,"Value":6942},{"Length":58,"Height":82,"Demand":0,"DemandMax":3,"Value":9512},{"Length":20,"Height":34,"Demand":0,"DemandMax":3,"Value":1360},{"Length":83,"Height":57,"Demand":0,"DemandMax":3,"Value":4731},{"Length":38,"Height":99,"Demand":0,"DemandMax":3,"Value":3762},{"Length":24,"Height":45,"Demand":0,"DemandMax":3,"Value":2160},{"Length":12,"Height":98,"Demand":0,"DemandMax":3,"Value":2352},{"Length":40,"Height":32,"Demand":0,"DemandMax":3,"Value":2560},{"Length":98,"Height":10,"Demand":0,"DemandMax":3,"Value":1960},{"Length":14,"Height":10,"Demand":0,"DemandMax":3,"Value":420},{"Length":73,"Height":90,"Demand":0,"DemandMax":3,"Value":6570},{"Length":16,"Height":31,"Demand":0,"DemandMax":3,"Value":1488},{"Length":17,"Height":32,"Demand":0,"DemandMax":3,"Value":544},{"Length":29,"Height":15,"Demand":0,"DemandMax":3,"Value":435},{"Length":77,"Height":47,"Demand":0,"DemandMax":3,"Value":3619},{"Length":31,"Height":11,"Demand":0,"DemandMax":3,"Value":341},{"Length":44,"Height":87,"Demand":0,"DemandMax":3,"Value":11484},{"Length":7,"Height":7,"Demand":0,"DemandMax":3,"Value":147},{"Length":76,"Height":48,"Demand":0,"DemandMax":3,"Value":3648},{"Length":10,"Height":11,"Demand":0,"DemandMax":3,"Value":330},{"Length":65,"Height":73,"Demand":0,"DemandMax":3,"Value":4745},{"Length":16,"Height":23,"Demand":0,"DemandMax":3,"Value":368},{"Length":15,"Height":93,"Demand":0,"DemandMax":3,"Value":1395},{"Length":34,"Height":83,"Demand":0,"DemandMax":3,"Value":8466},{"Length":88,"Height":78,"Demand":0,"DemandMax":3,"Value":20592},{"Length":49,"Height":5,"Demand":0,"DemandMax":3,"Value":735},{"Length":69,"Height":57,"Demand":0,"DemandMax":3,"Value":7866},{"Length":33,"Height":39,"Demand":0,"DemandMax":3,"Value":2574},{"Length":83,"Height":76,"Demand":0,"DemandMax":3,"Value":6308},{"Length":96,"Height":49,"Demand":0,"DemandMax":3,"Value":14112},{"Length":42,"Height":91,"Demand":0,"DemandMax":3,"Value":11466},{"Length":3,"Height":21,"Demand":0,"DemandMax":3,"Value":63},{"Length":20,"Height":18,"Demand":0,"DemandMax":3,"Value":1080},{"Length":64,"Height":75,"Demand":0,"DemandMax":3,"Value":14400},{"Length":7,"Height":22,"Demand":0,"DemandMax":3,"Value":154},{"Length":14,"Height":45,"Demand":0,"DemandMax":3,"Value":1890},{"Length":92,"Height":7,"Demand":0,"DemandMax":3,"Value":1288},{"Length":50,"Height":2,"Demand":0,"DemandMax":3,"Value":300},{"Length":8,"Height":25,"Demand":0,"DemandMax":3,"Value":200},{"Length":34,"Height":21,"Demand":0,"DemandMax":3,"Value":1428},{"Length":65,"Height":82,"Demand":0,"DemandMax":3,"Value":10660},{"Length":33,"Height":37,"Demand":0,"DemandMax":3,"Value":2442},{"Length":24,"Height":21,"Demand":0,"DemandMax":3,"Value":1008},{"Length":14,"Height":3,"Demand":0,"DemandMax":3,"Value":126},{"Length":95,"Height":13,"Demand":0,"DemandMax":3,"Value":2470},{"Length":89,"Height":39,"Demand":0,"DemandMax":3,"Value":3471},{"Length":29,"Height":6,"Demand":0,"DemandMax":3,"Value":348},{"Length":48,"Height":85,"Demand":0,"DemandMax":3,"Value":8160},{"Length":14,"Height":7,"Demand":0,"DemandMax":3,"Value":294},{"Length":39,"Height":46,"Demand":0,"DemandMax":3,"Value":3588},{"Length":30,"Height":3,"Demand":0,"DemandMax":3,"Value":90},{"Length":7,"Height":35,"Demand":0,"DemandMax":3,"Value":245},{"Length":29,"Height":86,"Demand":0,"DemandMax":3,"Value":4988},{"Length":85,"Height":95,"Demand":0,"DemandMax":3,"Value":16150},{"Length":33,"Height":30,"Demand":0,"DemandMax":3,"Value":2970},{"Length":20,"Height":27,"Demand":0,"DemandMax":3,"Value":540},{"Length":53,"Height":74,"Demand":0,"DemandMax":3,"Value":3922},{"Length":69,"Height":97,"Demand":0,"DemandMax":3,"Value":13386},{"Length":87,"Height":46,"Demand":0,"DemandMax":3,"Value":12006},{"Length":77,"Height":44,"Demand":0,"DemandMax":3,"Value":6776},{"Length":6,"Height":47,"Demand":0,"DemandMax":3,"Value":564},{"Length":20,"Height":40,"Demand":0,"DemandMax":3,"Value":2400},{"Length":84,"Height":69,"Demand":0,"DemandMax":3,"Value":17388},{"Length":7,"Height":2,"Demand":0,"DemandMax":3,"Value":42},{"Length":9,"Height":17,"Demand":0,"DemandMax":3,"Value":153},{"Length":74,"Height":54,"Demand":0,"DemandMax":3,"Value":3996},{"Length":40,"Height":96,"Demand":0,"DemandMax":3,"Value":3840},{"Length":35,"Height":38,"Demand":0,"DemandMax":6,"Value":1330},{"Length":81,"Height":2,"Demand":0,"DemandMax":3,"Value":162},{"Length":90,"Height":5,"Demand":0,"DemandMax":3,"Value":900},{"Length":19,"Height":7,"Demand":0,"DemandMax":3,"Value":133},{"Length":31,"Height":49,"Demand":0,"DemandMax":3,"Value":4557},{"Length":97,"Height":26,"Demand":0,"DemandMax":3,"Value":7566},{"Length":31,"Height":27,"Demand":0,"DemandMax":3,"Value":2511},{"Length":41,"Height":21,"Demand":0,"DemandMax":3,"Value":861},{"Length":98,"Height":19,"Demand":0,"DemandMax":3,"Value":5586},{"Length":33,"Height":4,"Demand":0,"DemandMax":3,"Value":264},{"Length":40,"Height":3,"Demand":0,"DemandMax":3,"Value":120},{"Length":20,"Height":35,"Demand":0,"DemandMax":3,"Value":1400},{"Length":15,"Height":98,"Demand":0,"DemandMax":3,"Value":2940},{"Length":12,"Height":9,"Demand":0,"DemandMax":3,"Value":108},{"Length":89,"Height":91,"Demand":0,"DemandMax":3,"Value":24297},{"Length":15,"Height":41,"Demand":0,"DemandMax":3,"Value":615},{"Length":67,"Height":63,"Demand":0,"DemandMax":3,"Value":4221},{"Length":29,"Height":42,"Demand":0,"DemandMax":3,"Value":2436},{"Length":19,"Height":30,"Demand":0,"DemandMax":3,"Value":570},{"Length":26,"Height":34,"Demand":0,"DemandMax":3,"Value":884},{"Length":29,"Height":30,"Demand":0,"DemandMax":3,"Value":2610},{"Length":2,"Height":24,"Demand":0,"DemandMax":3,"Value":144},{"Length":35,"Height":37,"Demand":0,"DemandMax":3,"Value":2590},{"Length":9,"Height":6,"Demand":0,"DemandMax":3,"Value":108},{"Length":66,"Height":84,"Demand":0,"DemandMax":3,"Value":5544},{"Length":32,"Height":16,"Demand":0,"DemandMax":3,"Value":1024},{"Length":50,"Height":40,"Demand":0,"DemandMax":3,"Value":2000},{"Length":2,"Height":42,"Demand":0,"DemandMax":3,"Value":252},{"Length":9,"Height":87,"Demand":0,"DemandMax":3,"Value":783},{"Length":25,"Height":33,"Demand":0,"DemandMax":3,"Value":825},{"Length":79,"Height":12,"Demand":0,"DemandMax":3,"Value":2844},{"Length":34,"Height":39,"Demand":0,"DemandMax":3,"Value":2652},{"Length":49,"Height":81,"Demand":0,"DemandMax":3,"Value":3969},{"Length":47,"Height":26,"Demand":0,"DemandMax":3,"Value":3666},{"Length":93,"Height":9,"Demand":0,"DemandMax":3,"Value":1674},{"Length":97,"Height":37,"Demand":0,"DemandMax":3,"Value":3589},{"Length":14,"Height":95,"Demand":0,"DemandMax":3,"Value":1330},{"Length":49,"Height":47,"Demand":0,"DemandMax":3,"Value":6909},{"Length":6,"Height":89,"Demand":0,"DemandMax":3,"Value":534},{"Length":27,"Height":28,"Demand":0,"DemandMax":3,"Value":756},{"Length":39,"Height":85,"Demand":0,"DemandMax":3,"Value":9945},{"Length":97,"Height":48,"Demand":0,"DemandMax":3,"Value":9312},{"Length":64,"Height":86,"Demand":0,"DemandMax":3,"Value":5504},{"Length":97,"Height":90,"Demand":0,"DemandMax":3,"Value":26190},{"Length":49,"Height":45,"Demand":0,"DemandMax":3,"Value":2205},{"Length":28,"Height":30,"Demand":0,"DemandMax":3,"Value":2520},{"Length":30,"Height":46,"Demand":0,"DemandMax":3,"Value":4140},{"Length":85,"Height":78,"Demand":0,"DemandMax":3,"Value":6630},{"Length":25,"Height":25,"Demand":0,"DemandMax":3,"Value":1250},{"Length":15,"Height":16,"Demand":0,"DemandMax":3,"Value":720},{"Length":42,"Height":3,"Demand":0,"DemandMax":3,"Value":252},{"Length":16,"Height":27,"Demand":0,"DemandMax":3,"Value":1296},{"Length":37,"Height":12,"Demand":0,"DemandMax":3,"Value":1332},{"Length":76,"Height":2,"Demand":0,"DemandMax":3,"Value":152},{"Length":51,"Height":68,"Demand":0,"DemandMax":3,"Value":6936},{"Length":21,"Height":39,"Demand":0,"DemandMax":3,"Value":2457},{"Length":80,"Height":6,"Demand":0,"DemandMax":3,"Value":480},{"Length":6,"Height":98,"Demand":0,"DemandMax":3,"Value":1176},{"Length":20,"Height":15,"Demand":0,"DemandMax":3,"Value":600},{"Length":71,"Height":70,"Demand":0,"DemandMax":3,"Value":9940},{"Length":42,"Height":98,"Demand":0,"DemandMax":3,"Value":8232},{"Length":5,"Height":22,"Demand":0,"DemandMax":3,"Value":220},{"Length":90,"Height":89,"Demand":0,"DemandMax":3,"Value":8010},{"Length":10,"Height":82,"Demand":0,"DemandMax":3,"Value":820},{"Length":50,"Height":41,"Demand":0,"DemandMax":3,"Value":2050},{"Length":49,"Height":28,"Demand":0,"DemandMax":3,"Value":2744},{"Length":32,"Height":32,"Demand":0,"DemandMax":3,"Value":3072},{"Length":2,"Height":23,"Demand":0,"DemandMax":3,"Value":138},{"Length":6,"Height":4,"Demand":0,"DemandMax":6,"Value":72},{"Length":9,"Height":92,"Demand":0,"DemandMax":3,"Value":828},{"Length":17,"Height":46,"Demand":0,"DemandMax":3,"Value":2346},{"Length":88,"Height":2,"Demand":0,"DemandMax":3,"Value":176},{"Length":41,"Height":82,"Demand":0,"DemandMax":3,"Value":6724},{"Length":80,"Height":85,"Demand":0,"DemandMax":3,"Value":6800},{"Length":20,"Height":7,"Demand":0,"DemandMax":3,"Value":140},{"Length":81,"Height":7,"Demand":0,"DemandMax":3,"Value":1134},{"Length":13,"Height":21,"Demand":0,"DemandMax":3,"Value":819},{"Length":14,"Height":79,"Demand":0,"DemandMax":3,"Value":1106},{"Length":2,"Height":49,"Demand":0,"DemandMax":3,"Value":196},{"Length":77,"Height":47,"Demand":0,"DemandMax":3,"Value":7238},{"Length":18,"Height":94,"Demand":0,"DemandMax":3,"Value":1692},{"Length":76,"Height":48,"Demand":0,"DemandMax":3,"Value":7296},{"Length":76,"Height":16,"Demand":0,"DemandMax":3,"Value":2432},{"Length":14,"Height":16,"Demand":0,"DemandMax":3,"Value":448},{"Length":20,"Height":4,"Demand":0,"DemandMax":3,"Value":160},{"Length":58,"Height":68,"Demand":0,"DemandMax":3,"Value":3944},{"Length":88,"Height":88,"Demand":0,"DemandMax":3,"Value":23232},{"Length":90,"Height":3,"Demand":0,"DemandMax":3,"Value":540},{"Length":8,"Height":45,"Demand":0,"DemandMax":3,"Value":1080},{"Length":78,"Height":51,"Demand":0,"DemandMax":3,"Value":3978},{"Length":72,"Height":86,"Demand":0,"DemandMax":3,"Value":12384},{"Length":68,"Height":81,"Demand":0,"DemandMax":3,"Value":5508},{"Length":43,"Height":46,"Demand":0,"DemandMax":3,"Value":5934},{"Length":11,"Height":28,"Demand":0,"DemandMax":3,"Value":616},{"Length":25,"Height":93,"Demand":0,"DemandMax":3,"Value":4650},{"Length":7,"Height":25,"Demand":0,"DemandMax":3,"Value":350},{"Length":3,"Height":80,"Demand":0,"DemandMax":3,"Value":480},{"Length":52,"Height":57,"Demand":0,"DemandMax":3,"Value":8892},{"Length":8,"Height":49,"Demand":0,"DemandMax":3,"Value":784},{"Length":80,"Height":23,"Demand":0,"DemandMax":3,"Value":5520},{"Length":72,"Height":79,"Demand":0,"DemandMax":3,"Value":17064},{"Length":5,"Height":91,"Demand":0,"DemandMax":3,"Value":1365},{"Length":99,"Height":60,"Demand":0,"DemandMax":3,"Value":11880},{"Length":32,"Height":81,"Demand":0,"DemandMax":3,"Value":5184},{"Length":18,"Height":11,"Demand":0,"DemandMax":3,"Value":594},{"Length":17,"Height":10,"Demand":0,"DemandMax":3,"Value":510},{"Length":28,"Height":96,"Demand":0,"DemandMax":3,"Value":5376},{"Length":4,"Height":31,"Demand":0,"DemandMax":3,"Value":248},{"Length":14,"Height":26,"Demand":0,"DemandMax":3,"Value":728},{"Length":2,"Height":5,"Demand":0,"DemandMax":3,"Value":10},{"Length":76,"Height":25,"Demand":0,"DemandMax":3,"Value":3800},{"Length":46,"Height":3,"Demand":0,"DemandMax":3,"Value":414},{"Length":59,"Height":59,"Demand":0,"DemandMax":3,"Value":3481},{"Length":90,"Height":87,"Demand":0,"DemandMax":3,"Value":15660},{"Length":14,"Height":19,"Demand":0,"DemandMax":3,"Value":798},{"Length":90,"Height":35,"Demand":0,"DemandMax":3,"Value":9450},{"Length":25,"Height":96,"Demand":0,"DemandMax":3,"Value":2400},{"Length":42,"Height":42,"Demand":0,"DemandMax":3,"Value":1764},{"Length":93,"Height":94,"Demand":0,"DemandMax":3,"Value":8742},{"Length":23,"Height":88,"Demand":0,"DemandMax":3,"Value":2024},{"Length":39,"Height":95,"Demand":0,"DemandMax":3,"Value":7410},{"Length":73,"Height":89,"Demand":0,"DemandMax":3,"Value":6497},{"Length":13,"Height":21,"Demand":0,"DemandMax":3,"Value":546},{"Length":33,"Height":23,"Demand":0,"DemandMax":3,"Value":2277},{"Length":6,"Height":38,"Demand":0,"DemandMax":3,"Value":456},{"Length":20,"Height":47,"Demand":0,"DemandMax":6,"Value":2820},{"Length":23,"Height":20,"Demand":0,"DemandMax":3,"Value":920},{"Length":30,"Height":45,"Demand":0,"DemandMax":3,"Value":2700},{"Length":16,"Height":37,"Demand":0,"DemandMax":3,"Value":592},{"Length":4,"Height":22,"Demand":0,"DemandMax":3,"Value":264},{"Length":20,"Height":19,"Demand":0,"DemandMax":3,"Value":380},{"Length":98,"Height":5,"Demand":0,"DemandMax":3,"Value":490},{"Length":18,"Height":38,"Demand":0,"DemandMax":3,"Value":684},{"Length":94,"Height":98,"Demand":0,"DemandMax":3,"Value":18424},{"Length":76,"Height":5,"Demand":0,"DemandMax":3,"Value":380},{"Length":76,"Height":17,"Demand":0,"DemandMax":3,"Value":2584},{"Length":48,"Height":24,"Demand":0,"DemandMax":3,"Value":2304},{"Length":8,"Height":3,"Demand":0,"DemandMax":3,"Value":48},{"Length":41,"Height":10,"Demand":0,"DemandMax":3,"Value":1230},{"Length":93,"Height":21,"Demand":0,"DemandMax":3,"Value":5859},{"Length":66,"Height":78,"Demand":0,"DemandMax":3,"Value":15444},{"Length":4,"Height":49,"Demand":0,"DemandMax":3,"Value":588},{"Length":21,"Height":41,"Demand":0,"DemandMax":3,"Value":861},{"Length":5,"Height":9,"Demand":0,"DemandMax":3,"Value":135},{"Length":6,"Height":40,"Demand":0,"DemandMax":3,"Value":240},{"Length":6,"Height":4,"Demand":0,"DemandMax":3,"Value":48},{"Length":39,"Height":86,"Demand":0,"DemandMax":3,"Value":6708},{"Length":16,"Height":85,"Demand":0,"DemandMax":6,"Value":4080},{"Length":86,"Height":26,"Demand":0,"DemandMax":3,"Value":6708},{"Length":24,"Height":32,"Demand":0,"DemandMax":3,"Value":768},{"Length":88,"Height":11,"Demand":0,"DemandMax":3,"Value":1936},{"Length":92,"Height":45,"Demand":0,"DemandMax":3,"Value":12420},{"Length":11,"Height":91,"Demand":0,"DemandMax":3,"Value":1001},{"Length":80,"Height":5,"Demand":0,"DemandMax":3,"Value":1200},{"Length":28,"Height":36,"Demand":0,"DemandMax":3,"Value":1008},{"Length":50,"Height":24,"Demand":0,"DemandMax":3,"Value":2400},{"Length":79,"Height":64,"Demand":0,"DemandMax":3,"Value":5056},{"Length":8,"Height":9,"Demand":0,"DemandMax":3,"Value":144},{"Length":8,"Height":88,"Demand":0,"DemandMax":3,"Value":1408},{"Length":45,"Height":17,"Demand":0,"DemandMax":3,"Value":1530},{"Length":17,"Height":49,"Demand":0,"DemandMax":3,"Value":2499},{"Length":35,"Height":9,"Demand":0,"DemandMax":3,"Value":315},{"Length":77,"Height":98,"Demand":0,"DemandMax":3,"Value":22638},{"Length":91,"Height":23,"Demand":0,"DemandMax":3,"Value":2093},{"Length":23,"Height":10,"Demand":0,"DemandMax":3,"Value":690},{"Length":34,"Height":49,"Demand":0,"DemandMax":3,"Value":4998},{"Length":29,"Height":6,"Demand":0,"DemandMax":3,"Value":522},{"Length":49,"Height":100,"Demand":0,"DemandMax":3,"Value":4900},{"Length":42,"Height":15,"Demand":0,"DemandMax":3,"Value":1260},{"Length":22,"Height":25,"Demand":0,"DemandMax":3,"Value":1650},{"Length":4,"Height":26,"Demand":0,"DemandMax":3,"Value":208},{"Length":3,"Height":31,"Demand":0,"DemandMax":3,"Value":186},{"Length":27,"Height":13,"Demand":0,"DemandMax":3,"Value":702},{"Length":26,"Height":35,"Demand":0,"DemandMax":3,"Value":2730},{"Length":79,"Height":36,"Demand":0,"DemandMax":3,"Value":5688},{"Length":23,"Height":18,"Demand":0,"DemandMax":3,"Value":414},{"Length":86,"Height":14,"Demand":0,"DemandMax":3,"Value":1204},{"Length":96,"Height":41,"Demand":0,"DemandMax":3,"Value":3936},{"Length":34,"Height":39,"Demand":0,"DemandMax":3,"Value":1326},{"Length":33,"Height":41,"Demand":0,"DemandMax":3,"Value":4059},{"Length":12,"Height":40,"Demand":0,"DemandMax":3,"Value":960},{"Length":30,"Height":31,"Demand":0,"DemandMax":3,"Value":930},{"Length":92,"Height":43,"Demand":0,"DemandMax":3,"Value":3956},{"Length":6,"Height":21,"Demand":0,"DemandMax":3,"Value":126},{"Length":45,"Height":88,"Demand":0,"DemandMax":3,"Value":3960},{"Length":62,"Height":71,"Demand":0,"DemandMax":3,"Value":13206},{"Length":49,"Height":41,"Demand":0,"DemandMax":3,"Value":4018},{"Length":90,"Height":49,"Demand":0,"DemandMax":3,"Value":13230},{"Length":21,"Height":95,"Demand":0,"DemandMax":3,"Value":5985},{"Length":22,"Height":85,"Demand":0,"DemandMax":3,"Value":1870},{"Length":83,"Height":20,"Demand":0,"DemandMax":3,"Value":3320},{"Length":31,"Height":95,"Demand":0,"DemandMax":3,"Value":8835},{"Length":77,"Height":19,"Demand":0,"DemandMax":3,"Value":4389},{"Length":17,"Height":29,"Demand":0,"DemandMax":3,"Value":493},{"Length":5,"Height":20,"Demand":0,"DemandMax":3,"Value":300},{"Length":35,"Height":26,"Demand":0,"DemandMax":3,"Value":910},{"Length":34,"Height":17,"Demand":0,"DemandMax":3,"Value":1156},{"Length":19,"Height":17,"Demand":0,"DemandMax":3,"Value":969},{"Length":42,"Height":25,"Demand":0,"DemandMax":3,"Value":2100},{"Length":79,"Height":13,"Demand":0,"DemandMax":3,"Value":1027},{"Length":38,"Height":27,"Demand":0,"DemandMax":3,"Value":1026},{"Length":9,"Height":19,"Demand":0,"DemandMax":3,"Value":513},{"Length":33,"Height":35,"Demand":0,"DemandMax":3,"Value":1155},{"Length":13,"Height":48,"Demand":0,"DemandMax":3,"Value":624},{"Length":62,"Height":59,"Demand":0,"DemandMax":3,"Value":10974},{"Length":42,"Height":25,"Demand":0,"DemandMax":3,"Value":3150},{"Length":45,"Height":36,"Demand":0,"DemandMax":3,"Value":4860},{"Length":75,"Height":76,"Demand":0,"DemandMax":3,"Value":11400},{"Length":77,"Height":33,"Demand":0,"DemandMax":3,"Value":7623},{"Length":83,"Height":12,"Demand":0,"DemandMax":3,"Value":2988},{"Length":29,"Height":10,"Demand":0,"DemandMax":3,"Value":290},{"Length":2,"Height":3,"Demand":0,"DemandMax":3,"Value":18},{"Length":41,"Height":32,"Demand":0,"DemandMax":3,"Value":3936},{"Length":92,"Height":47,"Demand":0,"DemandMax":3,"Value":4324},{"Length":37,"Height":98,"Demand":0,"DemandMax":3,"Value":7252},{"Length":3,"Height":33,"Demand":0,"DemandMax":3,"Value":99},{"Length":28,"Height":18,"Demand":0,"DemandMax":3,"Value":1008},{"Length":24,"Height":3,"Demand":0,"DemandMax":3,"Value":144},{"Length":77,"Height":58,"Demand":0,"DemandMax":3,"Value":4466},{"Length":14,"Height":40,"Demand":0,"DemandMax":3,"Value":1680},{"Length":6,"Height":23,"Demand":0,"DemandMax":3,"Value":138},{"Length":99,"Height":15,"Demand":0,"DemandMax":3,"Value":1485},{"Length":3,"Height":88,"Demand":0,"DemandMax":3,"Value":528},{"Length":56,"Height":58,"Demand":0,"DemandMax":3,"Value":6496},{"Length":12,"Height":43,"Demand":0,"DemandMax":3,"Value":1032},{"Length":96,"Height":35,"Demand":0,"DemandMax":3,"Value":10080},{"Length":71,"Height":69,"Demand":0,"DemandMax":3,"Value":4899},{"Length":32,"Height":82,"Demand":0,"DemandMax":3,"Value":2624},{"Length":49,"Height":38,"Demand":0,"DemandMax":3,"Value":3724},{"Length":63,"Height":72,"Demand":0,"DemandMax":3,"Value":9072},{"Length":89,"Height":21,"Demand":0,"DemandMax":3,"Value":1869},{"Length":46,"Height":6,"Demand":0,"DemandMax":3,"Value":552},{"Length":34,"Height":27,"Demand":0,"DemandMax":3,"Value":918},{"Length":14,"Height":45,"Demand":0,"DemandMax":3,"Value":630},{"Length":19,"Height":16,"Demand":0,"DemandMax":3,"Value":912},{"Length":17,"Height":34,"Demand":0,"DemandMax":3,"Value":1156},{"Length":19,"Height":3,"Demand":0,"DemandMax":3,"Value":171},{"Length":2,"Height":47,"Demand":0,"DemandMax":3,"Value":188},{"Length":74,"Height":67,"Demand":0,"DemandMax":3,"Value":9916},{"Length":16,"Height":42,"Demand":0,"DemandMax":3,"Value":2016},{"Length":17,"Height":77,"Demand":0,"DemandMax":3,"Value":2618},{"Length":48,"Height":23,"Demand":0,"DemandMax":3,"Value":2208},{"Length":43,"Height":97,"Demand":0,"DemandMax":3,"Value":4171},{"Length":2,"Height":88,"Demand":0,"DemandMax":3,"Value":352},{"Length":8,"Height":32,"Demand":0,"DemandMax":3,"Value":768},{"Length":85,"Height":21,"Demand":0,"DemandMax":3,"Value":5355},{"Length":7,"Height":28,"Demand":0,"DemandMax":3,"Value":588},{"Length":17,"Height":30,"Demand":0,"DemandMax":3,"Value":1020},{"Length":24,"Height":25,"Demand":0,"DemandMax":3,"Value":1200},{"Length":9,"Height":26,"Demand":0,"DemandMax":3,"Value":468},{"Length":5,"Height":100,"Demand":0,"DemandMax":3,"Value":1000},{"Length":42,"Height":17,"Demand":0,"DemandMax":3,"Value":714},{"Length":67,"Height":82,"Demand":0,"DemandMax":3,"Value":10988},{"Length":34,"Height":10,"Demand":0,"DemandMax":3,"Value":1020},{"Length":76,"Height":42,"Demand":0,"DemandMax":3,"Value":6384},{"Length":7,"Height":49,"Demand":0,"DemandMax":3,"Value":343},{"Length":83,"Height":76,"Demand":0,"DemandMax":3,"Value":12616},{"Length":6,"Height":92,"Demand":0,"DemandMax":3,"Value":552},{"Length":13,"Height":20,"Demand":0,"DemandMax":3,"Value":520},{"Length":34,"Height":78,"Demand":0,"DemandMax":3,"Value":2652},{"Length":99,"Height":32,"Demand":0,"DemandMax":3,"Value":6336},{"Length":8,"Height":40,"Demand":0,"DemandMax":3,"Value":640},{"Length":21,"Height":100,"Demand":0,"DemandMax":3,"Value":2100},{"Length":9,"Height":5,"Demand":0,"DemandMax":3,"Value":135},{"Length":30,"Height":83,"Demand":0,"DemandMax":3,"Value":7470},{"Length":78,"Height":17,"Demand":0,"DemandMax":3,"Value":3978},{"Length":20,"Height":82,"Demand":0,"DemandMax":3,"Value":1640},{"Length":30,"Height":80,"Demand":0,"DemandMax":3,"Value":2400},{"Length":54,"Height":71,"Demand":0,"DemandMax":3,"Value":11502},{"Length":12,"Height":97,"Demand":0,"DemandMax":3,"Value":2328},{"Length":26,"Height":31,"Demand":0,"DemandMax":3,"Value":806},{"Length":9,"Height":49,"Demand":0,"DemandMax":3,"Value":1323},{"Length":32,"Height":26,"Demand":0,"DemandMax":3,"Value":832},{"Length":81,"Height":39,"Demand":0,"DemandMax":3,"Value":3159},{"Length":49,"Height":97,"Demand":0,"DemandMax":3,"Value":14259},{"Length":40,"Height":40,"Demand":0,"DemandMax":3,"Value":1600},{"Length":73,"Height":51,"Demand":0,"DemandMax":3,"Value":7446},{"Length":70,"Height":88,"Demand":0,"DemandMax":3,"Value":18480},{"Length":84,"Height":70,"Demand":0,"DemandMax":3,"Value":17640},{"Length":29,"Height":93,"Demand":0,"DemandMax":3,"Value":2697},{"Length":20,"Height":8,"Demand":0,"DemandMax":3,"Value":480},{"Length":84,"Height":28,"Demand":0,"DemandMax":3,"Value":2352},{"Length":13,"Height":38,"Demand":0,"DemandMax":3,"Value":1482},{"Length":55,"Height":65,"Demand":0,"DemandMax":3,"Value":10725},{"Length":22,"Height":17,"Demand":0,"DemandMax":3,"Value":748},{"Length":70,"Height":66,"Demand":0,"DemandMax":3,"Value":4620},{"Length":94,"Height":32,"Demand":0,"DemandMax":3,"Value":3008},{"Length":12,"Height":28,"Demand":0,"DemandMax":3,"Value":672},{"Length":46,"Height":97,"Demand":0,"DemandMax":3,"Value":4462},{"Length":31,"Height":8,"Demand":0,"DemandMax":3,"Value":496},{"Length":55,"Height":82,"Demand":0,"DemandMax":3,"Value":4510},{"Length":94,"Height":24,"Demand":0,"DemandMax":3,"Value":4512},{"Length":46,"Height":36,"Demand":0,"DemandMax":3,"Value":4968},{"Length":9,"Height":40,"Demand":0,"DemandMax":3,"Value":360},{"Length":98,"Height":2,"Demand":0,"DemandMax":3,"Value":196},{"Length":47,"Height":14,"Demand":0,"DemandMax":3,"Value":1316},{"Length":97,"Height":4,"Demand":0,"DemandMax":3,"Value":1164},{"Length":38,"Height":9,"Demand":0,"DemandMax":3,"Value":1026},{"Length":25,"Height":94,"Demand":0,"DemandMax":3,"Value":4700},{"Length":28,"Height":85,"Demand":0,"DemandMax":3,"Value":7140},{"Length":92,"Height":23,"Demand":0,"DemandMax":3,"Value":2116},{"Length":82,"Height":61,"Demand":0,"DemandMax":3,"Value":5002},{"Length":38,"Height":88,"Demand":0,"DemandMax":3,"Value":10032},{"Length":46,"Height":83,"Demand":0,"DemandMax":3,"Value":11454},{"Length":79,"Height":57,"Demand":0,"DemandMax":3,"Value":4503},{"Length":14,"Height":13,"Demand":0,"DemandMax":3,"Value":364},{"Length":23,"Height":38,"Demand":0,"DemandMax":3,"Value":2622},{"Length":83,"Height":23,"Demand":0,"DemandMax":3,"Value":3818},{"Length":97,"Height":35,"Demand":0,"DemandMax":3,"Value":3395},{"Length":22,"Height":35,"Demand":0,"DemandMax":3,"Value":1540}]}