{"Name":"ngcutfs2_198","Objects":[{"Length":100,"Height":100,"Stock":null,"Cost":10000}],"Items":[{"Length":41,"Height":32,"Demand":0,"DemandMax":3,"Value":2624},{"Length":97,"Height":14,"Demand":0,"DemandMax":3,"Value":2716},{"Length":24,"Height":6,"Demand":0,"DemandMax":3,"Value":144},{"Length":26,"Height":97,"Demand":0,"DemandMax":3,"Value":5044},{"Length":17,"Height":7,"Demand":0,"DemandMax":3,"Value":357},{"Length":15,"Height":45,"Demand":0,"DemandMax":3,"Value":2025},{"Length":77,"Height":5,"Demand":0,"DemandMax":3,"Value":1155},{"Length":43,"Height":8,"Demand":0,"DemandMax":3,"Value":344},{"Length":66,"Height":84,"Demand":0,"DemandMax":3,"Value":5544},{"Length":78,"Height":41,"Demand":0,"DemandMax":3,"Value":6396},{"Length":32,"Height":83,"Demand":0,"DemandMax":3,"Value":7968},{"Length":82,"Height":23,"Demand":0,"DemandMax":3,"Value":1886},{"Length":46,"Height":25,"Demand":0,"DemandMax":3,"Value":3450},{"Length":15,"Height":15,"Demand":0,"DemandMax":3,"Value":450},{"Length":39,"Height":34,"Demand":0,"DemandMax":3,"Value":2652},{"Length":31,"Height":91,"Demand":0,"DemandMax":3,"Value":8463},{"Length":10,"Height":87,"Demand":0,"DemandMax":6,"Value":870},{"Length":87,"Height":38,"Demand":0,"DemandMax":3,"Value":9918},{"Length":18,"Height":42,"Demand":0,"DemandMax":6,"Value":2268},{"Length":80,"Height":76,"Demand":0,"DemandMax":3,"Value":6080},{"Length":86,"Height":47,"Demand":0,"DemandMax":3,"Value":12126},{"Length":92,"Height":7,"Demand":0,"DemandMax":3,"Value":1932},{"Length":38,"Height":87,"Demand":0,"DemandMax":3,"Value":3306},{"Length":59,"Height":53,"Demand":0,"DemandMax":3,"Value":9381},{"Length":9,"Height":47,"Demand":0,"DemandMax":3,"Value":423},{"Length":22,"Height":77,"Demand":0,"DemandMax":3,"Value":1694},{"Length":37,"Height":3,"Demand":0,"DemandMax":3,"Value":333},{"Length":91,"Height":17,"Demand":0,"DemandMax":3,"Value":1547},{"Length":31,"Height":21,"Demand":0,"DemandMax":3,"Value":1302},{"Length":45,"Height":44,"Demand":0,"DemandMax":3,"Value":1980},{"Length":18,"Height":41,"Demand":0,"DemandMax":3,"Value":1476},{"Length":98,"Height":46,"Demand":0,"DemandMax":3,"Value":9016},{"Length":20,"Height":98,"Demand":0,"DemandMax":3,"Value":1960},{"Length":26,"Height":80,"Demand":0,"DemandMax":3,"Value":4160},{"Length":100,"Height":37,"Demand":0,"DemandMax":3,"Value":7400},{"Length":13,"Height":7,"Demand":0,"DemandMax":6,"Value":273},{"Length":29,"Height":43,"Demand":0,"DemandMax":6,"Value":1247},{"Length":39,"Height":40,"Demand":0,"DemandMax":3,"Value":3120},{"Length":58,"Height":51,"Demand":0,"DemandMax":3,"Value":5916},{"Length":18,"Height":50,"Demand":0,"DemandMax":3,"Value":900},{"Length":4,"Height":95,"Demand":0,"DemandMax":3,"Value":1140},{"Length":52,"Height":53,"Demand":0,"DemandMax":6,"Value":8268},{"Length":82,"Height":5,"Demand":0,"DemandMax":3,"Value":410},{"Length":35,"Height":19,"Demand":0,"DemandMax":3,"Value":665},{"Length":82,"Height":5,"Demand":0,"DemandMax":3,"Value":1230},{"Length":100,"Height":42,"Demand":0,"DemandMax":3,"Value":12600},{"Length":38,"Height":79,"Demand":0,"DemandMax":3,"Value":3002},{"Length":7,"Height":13,"Demand":0,"DemandMax":3,"Value":182},{"Length":7,"Height":18,"Demand":0,"DemandMax":3,"Value":126},{"Length":86,"Height":38,"Demand":0,"DemandMax":3,"Value":3268},{"Length":46,"Height":13,"Demand":0,"DemandMax":3,"Value":1794},{"Length":28,"Height":21,"Demand":0,"DemandMax":3,"Value":588},{"Length":26,"Height":8,"Demand":0,"DemandMax":3,"Value":416},{"Length":9,"Height":38,"Demand":0,"DemandMax":6,"Value":342},{"Length":29,"Height":12,"Demand":0,"DemandMax":3,"Value":1044},{"Length":42,"Height":79,"Demand":0,"DemandMax":3,"Value":6636},{"Length":6,"Height":33,"Demand":0,"DemandMax":3,"Value":198},{"Length":81,"Height":72,"Demand":0,"DemandMax":3,"Value":5832},{"Length":22,"Height":34,"Demand":0,"DemandMax":3,"Value":748},{"Length":14,"Height":30,"Demand":0,"DemandMax":3,"Value":1260},{"Length":70,"Height":75,"Demand":0,"DemandMax":3,"Value":5250},{"Length":17,"Height":28,"Demand":0,"DemandMax":3,"Value":476},{"Length":75,"Height":58,"Demand":0,"DemandMax":3,"Value":4350},{"Length":27,"Height":41,"Demand":0,"DemandMax":3,"Value":3321},{"Length":5,"Height":38,"Demand":0,"DemandMax":3,"Value":190},{"Length":21,"Height":37,"Demand":0,"DemandMax":3,"Value":777},{"Length":49,"Height":21,"Demand":0,"DemandMax":3,"Value":3087},{"Length":15,"Height":44,"Demand":0,"DemandMax":3,"Value":660},{"Length":83,"Height":38,"Demand":0,"DemandMax":3,"Value":3154},{"Length":83,"Height":67,"Demand":0,"DemandMax":3,"Value":5561},{"Length":86,"Height":14,"Demand":0,"DemandMax":3,"Value":2408},{"Length":42,"Height":48,"Demand":0,"DemandMax":3,"Value":4032},{"Length":3,"Height":40,"Demand":0,"DemandMax":3,"Value":240},{"Length":43,"Height":42,"Demand":0,"DemandMax":3,"Value":3612},{"Length":20,"Height":4,"Demand":0,"DemandMax":3,"Value":240},{"Length":85,"Height":91,"Demand":0,"DemandMax":3,"Value":7735},{"Length":81,"Height":49,"Demand":0,"DemandMax":3,"Value":11907},{"Length":45,"Height":8,"Demand":0,"DemandMax":3,"Value":1080},{"Length":41,"Height":21,"Demand":0,"DemandMax":6,"Value":1722},{"Length":97,"Height":9,"Demand":0,"DemandMax":3,"Value":1746},{"Length":46,"Height":91,"Demand":0,"DemandMax":3,"Value":8372},{"Length":46,"Height":36,"Demand":0,"DemandMax":3,"Value":1656},{"Length":13,"Height":14,"Demand":0,"DemandMax":3,"Value":546},{"Length":70,"Height":86,"Demand":0,"DemandMax":3,"Value":18060},{"Length":49,"Height":15,"Demand":0,"DemandMax":3,"Value":735},{"Length":70,"Height":94,"Demand":0,"DemandMax":3,"Value":13160},{"Length":16,"Height":87,"Demand":0,"DemandMax":3,"Value":2784},{"Length":30,"Height":6,"Demand":0,"DemandMax":3,"Value":360},{"Length":99,"Height":29,"Demand":0,"DemandMax":3,"Value":5742},{"Length":48,"Height":34,"Demand":0,"DemandMax":3,"Value":4896},{"Length":82,"Height":80,"Demand":0,"DemandMax":3,"Value":6560},{"Length":96,"Height":13,"Demand":0,"DemandMax":3,"Value":1248},{"Length":43,"Height":16,"Demand":0,"DemandMax":3,"Value":2064},{"Length":29,"Height":31,"Demand":0,"DemandMax":3,"Value":1798},{"Length":45,"Height":42,"Demand":0,"DemandMax":3,"Value":1890},{"Length":29,"Height":21,"Demand":0,"DemandMax":3,"Value":1827},{"Length":87,"Height":100,"Demand":0,"DemandMax":3,"Value":26100},{"Length":79,"Height":4,"Demand":0,"DemandMax":3,"Value":632},{"Length":3,"Height":85,"Demand":0,"DemandMax":3,"Value":255},{"Length":94,"Height":13,"Demand":0,"DemandMax":3,"Value":2444},{"Length":12,"Height":31,"Demand":0,"DemandMax":3,"Value":744},{"Length":38,"Height":50,"Demand":0,"DemandMax":3,"Value":5700},{"Length":12,"Height":14,"Demand":0,"DemandMax":3,"Value":504},{"Length":34,"Height":13,"Demand":0,"DemandMax":3,"Value":442},{"Length":4,"Height":17,"Demand":0,"DemandMax":3,"Value":68},{"Length":67,"Height":57,"Demand":0,"DemandMax":3,"Value":7638},{"Length":8,"Height":21,"Demand":0,"DemandMax":3,"Value":504},{"Length":44,"Height":28,"Demand":0,"DemandMax":3,"Value":1232},{"Length":13,"Height":27,"Demand":0,"DemandMax":3,"Value":702},{"Length":47,"Height":45,"Demand":0,"DemandMax":3,"Value":2115},{"Length":37,"Height":92,"Demand":0,"DemandMax":3,"Value":10212},{"Length":99,"Height":17,"Demand":0,"DemandMax":3,"Value":5049},{"Length":7,"Height":43,"Demand":0,"DemandMax":3,"Value":903},{"Length":99,"Height":4,"Demand":0,"DemandMax":3,"Value":792},{"Length":94,"Height":81,"Demand":0,"DemandMax":3,"Value":22842},{"Length":35,"Height":26,"Demand":0,"DemandMax":3,"Value":2730},{"Length":8,"Height":30,"Demand":0,"DemandMax":3,"Value":240},{"Length":9,"Height":48,"Demand":0,"DemandMax":3,"Value":432},{"Length":12,"Height":80,"Demand":0,"DemandMax":3,"Value":1920},{"Length":14,"Height":33,"Demand":0,"DemandMax":3,"Value":462},{"Length":19,"Height":12,"Demand":0,"DemandMax":3,"Value":228},{"Length":67,"Height":72,"Demand":0,"DemandMax":3,"Value":4824},{"Length":78,"Height":18,"Demand":0,"DemandMax":3,"Value":2808},{"Length":15,"Height":12,"Demand":0,"DemandMax":3,"Value":180},{"Length":44,"Height":25,"Demand":0,"DemandMax":3,"Value":2200},{"Length":47,"Height":98,"Demand":0,"DemandMax":3,"Value":9212},{"Length":5,"Height":89,"Demand":0,"DemandMax":3,"Value":890},{"Length":60,"Height":66,"Demand":0,"DemandMax":3,"Value":7920},{"Length":40,"Height":8,"Demand":0,"DemandMax":3,"Value":320},{"Length":16,"Height":28,"Demand":0,"DemandMax":3,"Value":1344},{"Length":78,"Height":58,"Demand":0,"DemandMax":3,"Value":4524},{"Length":45,"Height":92,"Demand":0,"DemandMax":3,"Value":12420},{"Length":96,"Height":22,"Demand":0,"DemandMax":3,"Value":6336},{"Length":39,"Height":37,"Demand":0,"DemandMax":3,"Value":1443},{"Length":16,"Height":94,"Demand":0,"DemandMax":3,"Value":3008},{"Length":34,"Height":33,"Demand":0,"DemandMax":3,"Value":1122},{"Length":35,"Height":2,"Demand":0,"DemandMax":3,"Value":70},{"Length":27,"Height":83,"Demand":0,"DemandMax":3,"Value":4482},{"Length":49,"Height":41,"Demand":0,"DemandMax":3,"Value":6027},{"Length":39,"Height":48,"Demand":0,"DemandMax":3,"Value":5616},{"Length":46,"Height":48,"Demand":0,"DemandMax":3,"Value":6624},{"Length":47,"Height":33,"Demand":0,"DemandMax":3,"Value":4653},{"Length":25,"Height":31,"Demand":0,"DemandMax":3,"Value":2325},{"Length":43,"Height":34,"Demand":0,"DemandMax":3,"Value":4386},{"Length":15,"Height":18,"Demand":0,"DemandMax":3,"Value":270},{"Length":47,"Height":40,"Demand":0,"DemandMax":3,"Value":3760},{"Length":36,"Height":8,"Demand":0,"DemandMax":3,"Value":576},{"Length":76,"Height":41,"Demand":0,"DemandMax":3,"Value":6232},{"Length":24,"Height":25,"Demand":0,"DemandMax":3,"Value":600},{"Length":99,"Height":99,"Demand":0,"DemandMax":3,"Value":29403},{"Length":21,"Height":87,"Demand":0,"DemandMax":6,"Value":1827},{"Length":62,"Height":62,"Demand":0,"DemandMax":3,"Value":7688},{"Length":66,"Height":88,"Demand":0,"DemandMax":3,"Value":5808},{"Length":92,"Height":67,"Demand":0,"DemandMax":3,"Value":6164},{"Length":50,"Height":35,"Demand":0,"DemandMax":3,"Value":1750},{"Length":18,"Height":40,"Demand":0,"DemandMax":3,"Value":2160},{"Length":95,"Height":24,"Demand":0,"DemandMax":3,"Value":2280},{"Length":47,"Height":13,"Demand":0,"DemandMax":3,"Value":1222},{"Length":74,"Height":67,"Demand":0,"DemandMax":3,"Value":4958},{"Length":3,"Height":37,"Demand":0,"DemandMax":3,"Value":222},{"Length":3,"Height":93,"Demand":0,"DemandMax":3,"Value":837},{"Length":7,"Height":50,"Demand":0,"DemandMax":3,"Value":350},{"Length":3,"Height":35,"Demand":0,"DemandMax":3,"Value":315},{"Length":10,"Height":80,"Demand":0,"DemandMax":3,"Value":1600},{"Length":8,"Height":46,"Demand":0,"DemandMax":3,"Value":368},{"Length":57,"Height":65,"Demand":0,"DemandMax":3,"Value":7410},{"Length":89,"Height":49,"Demand":0,"DemandMax":3,"Value":4361},{"Length":7,"Height":2,"Demand":0,"DemandMax":3,"Value":14},{"Length":16,"Height":83,"Demand":0,"DemandMax":3,"Value":1328},{"Length":8,"Height":30,"Demand":0,"DemandMax":6,"Value":480},{"Length":49,"Height":83,"Demand":0,"DemandMax":3,"Value":12201},{"Length":17,"Height":27,"Demand":0,"DemandMax":6,"Value":459},{"Length":15,"Height":46,"Demand":0,"DemandMax":3,"Value":690},{"Length":95,"Height":28,"Demand":0,"DemandMax":3,"Value":7980},{"Length":3,"Height":88,"Demand":0,"DemandMax":3,"Value":792},{"Length":12,"Height":22,"Demand":0,"DemandMax":3,"Value":528},{"Length":51,"Height":76,"Demand":0,"DemandMax":3,"Value":11628},{"Length":85,"Height":24,"Demand":0,"DemandMax":3,"Value":4080},{"Length":36,"Height":50,"Demand":0,"DemandMax":3,"Value":3600},{"Length":9,"Height":89,"Demand":0,"DemandMax":3,"Value":1602},{"Length":33,"Height":26,"Demand":0,"DemandMax":3,"Value":2574},{"Length":48,"Height":5,"Demand":0,"DemandMax":3,"Value":480},{"Length":32,"Height":2,"Demand":0,"DemandMax":3,"Value":64},{"Length":5,"Height":6,"Demand":0,"DemandMax":3,"Value":30},{"Length":32,"Height":38,"Demand":0,"DemandMax":3,"Value":2432},{"Length":82,"Height":29,"Demand":0,"DemandMax":3,"Value":7134},{"Length":58,"Height":63,"Demand":0,"DemandMax":3,"Value":7308},{"Length":16,"Height":6,"Demand":0,"DemandMax":3,"Value":192},{"Length":16,"Height":36,"Demand":0,"DemandMax":3,"Value":1728},{"Length":29,"Height":35,"Demand":0,"DemandMax":3,"Value":1015},{"Length":19,"Height":28,"Demand":0,"DemandMax":3,"Value":1064},{"Length":46,"Height":42,"Demand":0,"DemandMax":3,"Value":5796},{"Length":31,"Height":6,"Demand":0,"DemandMax":3,"Value":558},{"Length":21,"Height":92,"Demand":0,"DemandMax":3,"Value":5796},{"Length":2,"Height":40,"Demand":0,"DemandMax":3,"Value":240},{"Length":81,"Height":48,"Demand":0,"DemandMax":3,"Value":11664},{"Length":36,"Height":3,"Demand":0,"DemandMax":3,"Value":216},{"Length":13,"Height":44,"Demand":0,"DemandMax":3,"Value":1144},{"Length":56,"Height":51,"Demand":0,"DemandMax":3,"Value":2856},{"Length":17,"Height":26,"Demand":0,"DemandMax":3,"Value":442},{"Length":3,"Height":43,"Demand":0,"DemandMax":3,"Value":129},{"Length":41,"Height":28,"Demand":0,"DemandMax":3,"Value":3444},{"Length":26,"Height":42,"Demand":0,"DemandMax":3,"Value":3276},{"Length":92,"Height":42,"Demand":0,"DemandMax":3,"Value":3864},{"Length":9,"Height":5,"Demand":0,"DemandMax":3,"Value":135},{"Length":20,"Height":81,"Demand":0,"DemandMax":3,"Value":1620},{"Length":77,"Height":29,"Demand":0,"DemandMax":3,"Value":2233},{"Length":31,"Height":87,"Demand":0,"DemandMax":3,"Value":5394},{"Length":19,"Height":23,"Demand":0,"DemandMax":3,"Value":874},{"Length":90,"Height":52,"Demand":0,"DemandMax":3,"Value":4680},{"Length":95,"Height":72,"Demand":0,"DemandMax":3,"Value":6840},{"Length":15,"Height":48,"Demand":0,"DemandMax":3,"Value":1440},{"Length":35,"Height":39,"Demand":0,"DemandMax":3,"Value":1365},{"Length":50,"Height":77,"Demand":0,"DemandMax":3,"Value":7700},{"Length":26,"Height":30,"Demand":0,"DemandMax":3,"Value":1560},{"Length":30,"Height":80,"Demand":0,"DemandMax":3,"Value":4800},{"Length":32,"Height":39,"Demand":0,"DemandMax":3,"Value":2496},{"Length":11,"Height":37,"Demand":0,"DemandMax":3,"Value":1221},{"Length":40,"Height":14,"Demand":0,"DemandMax":3,"Value":1120},{"Length":49,"Height":97,"Demand":0,"DemandMax":6,"Value":4753},{"Length":27,"Height":78,"Demand":0,"DemandMax":3,"Value":4212},{"Length":46,"Height":40,"Demand":0,"DemandMax":3,"Value":1840},{"Length":77,"Height":97,"Demand":0,"DemandMax":3,"Value":14938},{"Length":83,"Height":50,"Demand":0,"DemandMax":3,"Value":8300},{"Length":82,"Height":48,"Demand":0,"DemandMax":3,"Value":11808},{"Length":47,"Height":78,"Demand":0,"DemandMax":3,"Value":10998},{"Length":49,"Height":5,"Demand":0,"DemandMax":3,"Value":245},{"Length":28,"Height":46,"Demand":0,"DemandMax":3,"Value":3864},{"Length":28,"Height":44,"Demand":0,"DemandMax":3,"Value":3696},{"Length":41,"Height":39,"Demand":0,"DemandMax":3,"Value":3198},{"Length":99,"Height":58,"Demand":0,"DemandMax":3,"Value":5742},{"Length":24,"Height":24,"Demand":0,"DemandMax":3,"Value":1728},{"Length":74,"Height":67,"Demand":0,"DemandMax":3,"Value":9916},{"Length":18,"Height":19,"Demand":0,"DemandMax":3,"Value":342},{"Length":36,"Height":43,"Demand":0,"DemandMax":3,"Value":3096},{"Length":49,"Height":16,"Demand":0,"DemandMax":3,"Value":2352},{"Length":76,"Height":42,"Demand":0,"DemandMax":3,"Value":6384},{"Length":55,"Height":67,"Demand":0,"DemandMax":3,"Value":7370},{"Length":19,"Height":85,"Demand":0,"DemandMax":3,"Value":1615},{"Length":44,"Height":99,"Demand":0,"DemandMax":3,"Value":4356},{"Length":14,"Height":19,"Demand":0,"DemandMax":3,"Value":532},{"Length":24,"Height":37,"Demand":0,"DemandMax":3,"Value":2664},{"Length":93,"Height":42,"Demand":0,"DemandMax":3,"Value":11718},{"Length":51,"Height":97,"Demand":0,"DemandMax":3,"Value":4947},{"Length":40,"Height":13,"Demand":0,"DemandMax":3,"Value":520},{"Length":4,"Height":22,"Demand":0,"DemandMax":3,"Value":176},{"Length":93,"Height":70,"Demand":0,"DemandMax":3,"Value":13020},{"Length":82,"Height":2,"Demand":0,"DemandMax":3,"Value":164},{"Length":25,"Height":42,"Demand":0,"DemandMax":6,"Value":2100},{"Length":16,"Height":29,"Demand":0,"DemandMax":3,"Value":464},{"Length":50,"Height":100,"Demand":0,"DemandMax":6,"Value":15000},{"Length":84,"Height":35,"Demand":0,"DemandMax":3,"Value":2940},{"Length":34,"Height":99,"Demand":0,"DemandMax":3,"Value":10098},{"Length":10,"Height":82,"Demand":0,"DemandMax":3,"Value":1640},{"Length":3,"Height":49,"Demand":0,"DemandMax":3,"Value":294},{"Length":24,"Height":6,"Demand":0,"DemandMax":3,"Value":288},{"Length":79,"Height":14,"Demand":0,"DemandMax":3,"Value":1106},{"Length":37,"Height":6,"Demand":0,"DemandMax":3,"Value":666},{"Length":43,"Height":39,"Demand":0,"DemandMax":3,"Value":3354},{"Length":86,"Height":64,"Demand":0,"DemandMax":3,"Value":11008},{"Length":7,"Height":85,"Demand":0,"DemandMax":3,"Value":595},{"Length":14,"Height":39,"Demand":0,"DemandMax":3,"Value":546},{"Length":45,"Height":6,"Demand":0,"DemandMax":3,"Value":270},{"Length":34,"Height":43,"Demand":0,"DemandMax":3,"Value":4386},{"Length":37,"Height":22,"Demand":0,"DemandMax":3,"Value":814},{"Length":25,"Height":15,"Demand":0,"DemandMax":3,"Value":750},{"Length":23,"Height":6,"Demand":0,"DemandMax":3,"Value":138},{"Length":23,"Height":85,"Demand":0,"DemandMax":3,"Value":3910},{"Length":27,"Height":38,"Demand":0,"DemandMax":3,"Value":3078},{"Length":31,"Height":10,"Demand":0,"DemandMax":3,"Value":620},{"Length":37,"Height":2,"Demand":0,"DemandMax":3,"Value":222},{"Length":39,"Height":21,"Demand":0,"DemandMax":6,"Value":1638},{"Length":89,"Height":31,"Demand":0,"DemandMax":3,"Value":2759},{"Length":5,"Height":17,"Demand":0,"DemandMax":3,"Value":255},{"Length":36,"Height":79,"Demand":0,"DemandMax":3,"Value":5688},{"Length":37,"Height":5,"Demand":0,"DemandMax":3,"Value":555},{"Length":78,"Height":39,"Demand":0,"DemandMax":3,"Value":3042},{"Length":37,"Height":14,"Demand":0,"DemandMax":3,"Value":1554},{"Length":28,"Height":30,"Demand":0,"DemandMax":3,"Value":2520},{"Length":28,"Height":35,"Demand":0,"DemandMax":3,"Value":2940},{"Length":4,"Height":47,"Demand":0,"DemandMax":3,"Value":188},{"Length":94,"Height":39,"Demand":0,"DemandMax":3,"Value":7332},{"Length":61,"Height":87,"Demand":0,"DemandMax":3,"Value":10614},{"Length":83,"Height":52,"Demand":0,"DemandMax":3,"Value":8632},{"Length":5,"Height":33,"Demand":0,"DemandMax":3,"Value":165},{"Length":90,"Height":3,"Demand":0,"DemandMax":3,"Value":270},{"Length":15,"Height":45,"Demand":0,"DemandMax":3,"Value":675},{"Length":41,"Height":20,"Demand":0,"DemandMax":3,"Value":2460},{"Length":52,"Height":92,"Demand":0,"DemandMax":3,"Value":9568},{"Length":45,"Height":86,"Demand":0,"DemandMax":3,"Value":11610},{"Length":29,"Height":7,"Demand":0,"DemandMax":3,"Value":406},{"Length":4,"Height":37,"Demand":0,"DemandMax":3,"Value":444},{"Length":22,"Height":76,"Demand":0,"DemandMax":3,"Value":5016},{"Length":81,"Height":66,"Demand":0,"DemandMax":3,"Value":16038},{"Length":48,"Height":11,"Demand":0,"DemandMax":3,"Value":1056},{"Length":3,"Height":23,"Demand":0,"DemandMax":3,"Value":69},{"Length":17,"Height":87,"Demand":0,"DemandMax":3,"Value":2958},{"Length":21,"Height":13,"Demand":0,"DemandMax":3,"Value":819},{"Length":48,"Height":42,"Demand":0,"DemandMax":3,"Value":4032},{"Length":57,"Height":73,"Demand":0,"DemandMax":3,"Value":12483},{"Length":41,"Height":16,"Demand":0,"DemandMax":3,"Value":656},{"Length":45,"Height":11,"Demand":0,"DemandMax":3,"Value":1485},{"Length":19,"Height":41,"Demand":0,"DemandMax":6,"Value":779},{"Length":50,"Height":14,"Demand":0,"DemandMax":3,"Value":700},{"Length":17,"Height":6,"Demand":0,"DemandMax":3,"Value":102},{"Length":19,"Height":33,"Demand":0,"DemandMax":3,"Value":1881},{"Length":2,"Height":34,"Demand":0,"DemandMax":3,"Value":136},{"Length":76,"Height":10,"Demand":0,"DemandMax":3,"Value":1520},{"Length":15,"Height":16,"Demand":0,"DemandMax":3,"Value":240},{"Length":64,"Height":73,"Demand":0,"DemandMax":3,"Value":14016},{"Length":29,"Height":19,"Demand":0,"DemandMax":3,"Value":551},{"Length":12,"Height":45,"Demand":0,"DemandMax":3,"Value":1080},{"Length":39,"Height":23,"Demand":0,"DemandMax":3,"Value":897},{"Length":5,"Height":48,"Demand":0,"DemandMax":3,"Value":480},{"Length":46,"Height":78,"Demand":0,"DemandMax":3,"Value":7176},{"Length":29,"Height":27,"Demand":0,"DemandMax":3,"Value":2349},{"Length":92,"Height":95,"Demand":0,"DemandMax":3,"Value":26220},{"Length":22,"Height":78,"Demand":0,"DemandMax":3,"Value":3432},{"Length":10,"Height":12,"Demand":0,"DemandMax":3,"Value":360},{"Length":44,"Height":10,"Demand":0,"DemandMax":3,"Value":440},{"Length":99,"Height":100,"Demand":0,"DemandMax":3,"Value":29700},{"Length":2,"Height":16,"Demand":0,"DemandMax":3,"Value":64},{"Length":8,"Height":37,"Demand":0,"DemandMax":3,"Value":888},{"Length":74,"Height":81,"Demand":0,"DemandMax":3,"Value":11988},{"Length":17,"Height":38,"Demand":0,"DemandMax":3,"Value":1938},{"Length":94,"Height":89,"Demand":0,"DemandMax":3,"Value":8366},{"Length":36,"Height":25,"Demand":0,"DemandMax":3,"Value":1800},{"Length":97,"Height":89,"Demand":0,"DemandMax":3,"Value":17266},{"Length":35,"Height":19,"Demand":0,"DemandMax":3,"Value":1995},{"Length":6,"Height":17,"Demand":0,"DemandMax":3,"Value":204},{"Length":26,"Height":92,"Demand":0,"DemandMax":3,"Value":4784},{"Length":9,"Height":23,"Demand":0,"DemandMax":3,"Value":207},{"Length":56,"Height":76,"Demand":0,"DemandMax":3,"Value":4256},{"Length":21,"Height":15,"Demand":0,"DemandMax":3,"Value":945},{"Length":25,"Height":40,"Demand":0,"DemandMax":6,"Value":2000},{"Length":18,"Height":44,"Demand":0,"DemandMax":3,"Value":792},{"Length":27,"Height":3,"Demand":0,"DemandMax":3,"Value":81},{"Length":50,"Height":2,"Demand":0,"DemandMax":3,"Value":100},{"Length":98,"Height":40,"Demand":0,"DemandMax":3,"Value":11760},{"Length":11,"Height":9,"Demand":0,"DemandMax":3,"Value":99},{"Length":15,"Height":12,"Demand":0,"DemandMax":3,"Value":360},{"Length":22,"Height":35,"Demand":0,"DemandMax":3,"Value":1540},{"Length":11,"Height":14,"Demand":0,"DemandMax":3,"Value":308},{"Length":19,"Height":35,"Demand":0,"DemandMax":3,"Value":665},{"Length":24,"Height":40,"Demand":0,"DemandMax":3,"Value":1920},{"Length":56,"Height":64,"Demand":0,"DemandMax":3,"Value":3584},{"Length":19,"Height":84,"Demand":0,"DemandMax":3,"Value":4788},{"Length":11,"Height":15,"Demand":0,"DemandMax":3,"Value":165},{"Length":16,"Height":34,"Demand":0,"DemandMax":3,"Value":1632},{"Length":23,"Height":12,"Demand":0,"DemandMax":3,"Value":828},{"Length":28,"Height":33,"Demand":0,"DemandMax":3,"Value":1848},{"Length":16,"Height":78,"Demand":0,"DemandMax":3,"Value":2496},{"Length":27,"Height":43,"Demand":0,"DemandMax":3,"Value":3483},{"Length":76,"Height":8,"Demand":0,"DemandMax":3,"Value":1216},{"Length":4,"Height":44,"Demand":0,"DemandMax":3,"Value":528},{"Length":21,"Height":8,"Demand":0,"DemandMax":3,"Value":168},{"Length":85,"Height":23,"Demand":0,"DemandMax":3,"Value":3910},{"Length":91,"Height":9,"Demand":0,"DemandMax":3,"Value":819},{"Length":94,"Height":55,"Demand":0,"DemandMax":3,"Value":10340},{"Length":48,"Height":94,"Demand":0,"DemandMax":3,"Value":4512},{"Length":19,"Height":44,"Demand":0,"DemandMax":3,"Value":836},{"Length":85,"Height":83,"Demand":0,"DemandMax":3,"Value":21165},{"Length":32,"Height":26,"Demand":0,"DemandMax":3,"Value":2496},{"Length":17,"Height":95,"Demand":0,"DemandMax":3,"Value":4845},{"Length":75,"Height":65,"Demand":0,"DemandMax":3,"Value":9750},{"Length":5,"Height":27,"Demand":0,"DemandMax":3,"Value":270},{"Length":37,"Height":17,"Demand":0,"DemandMax":3,"Value":1887},{"Length":43,"Height":21,"Demand":0,"DemandMax":3,"Value":903},{"Length":30,"Height":43,"Demand":0,"DemandMax":3,"Value":2580},{"Length":41,"Height":27,"Demand":0,"DemandMax":3,"Value":1107},{"Length":27,"Height":78,"Demand":0,"DemandMax":3,"Value":6318},{"Length":27,"Height":43,"Demand":0,"DemandMax":3,"Value":2322},{"Length":6,"Height":31,"Demand":0,"DemandMax":3,"Value":372},{"Length":46,"Height":40,"Demand":0,"DemandMax":3,"Value":3680},{"Length":83,"Height":97,"Demand":0,"DemandMax":3,"Value":24153},{"Length":4,"Height":6,"Demand":0,"DemandMax":3,"Value":48},{"Length":28,"Height":50,"Demand":0,"DemandMax":3,"Value":1400},{"Length":87,"Height":47,"Demand":0,"DemandMax":3,"Value":4089},{"Length":25,"Height":7,"Demand":0,"DemandMax":3,"Value":175},{"Length":76,"Height":4,"Demand":0,"DemandMax":3,"Value":912},{"Length":14,"Height":80,"Demand":0,"DemandMax":3,"Value":2240},{"Length":19,"Height":89,"Demand":0,"DemandMax":3,"Value":3382},{"Length":96,"Height":15,"Demand":0,"DemandMax":3,"Value":2880},{"Length":38,"Height":36,"Demand":0,"DemandMax":3,"Value":4104},{"Length":79,"Height":84,"Demand":0,"DemandMax":3,"Value":13272},{"Length":87,"Height":21,"Demand":0,"DemandMax":3,"Value":3654},{"Length":47,"Height":30,"Demand":0,"DemandMax":3,"Value":1410},{"Length":87,"Height":29,"Demand":0,"DemandMax":3,"Value":7569},{"Length":14,"Height":13,"Demand":0,"DemandMax":3,"Value":182},{"Length":92,"Height":60,"Demand":0,"DemandMax":3,"Value":5520},{"Length":93,"Height":64,"Demand":0,"DemandMax":3,"Value":5952},{"Length":81,"Height":45,"Demand":0,"DemandMax":3,"Value":7290},{"Length":17,"Height":14,"Demand":0,"DemandMax":3,"Value":476},{"Length":25,"Height":8,"Demand":0,"DemandMax":3,"Value":200},{"Length":92,"Height":58,"Demand":0,"DemandMax":3,"Value":5336},{"Length":3,"Height":3,"Demand":0,"DemandMax":6,"Value":27},{"Length":80,"Height":71,"Demand":0,"DemandMax":3,"Value":11360},{"Length":85,"Height":23,"Demand":0,"DemandMax":3,"Value":5865},{"Length":78,"Height":88,"Demand":0,"DemandMax":3,"Value":13728},{"Length":24,"Height":46,"Demand":0,"DemandMax":3,"Value":1104},{"Length":29,"Height":78,"Demand":0,"DemandMax":3,"Value":4524},{"Length":59,"Height":56,"Demand":0,"DemandMax":3,"Value":6608},{"Length":79,"Height":12,"Demand":0,"DemandMax":3,"Value":948},{"Length":31,"Height":40,"Demand":0,"DemandMax":3,"Value":2480},{"Length":96,"Height":30,"Demand":0,"DemandMax":3,"Value":2880},{"Length":81,"Height":3,"Demand":0,"DemandMax":3,"Value":243},{"Length":81,"Height":20,"Demand":0,"DemandMax":3,"Value":1620},{"Length":34,"Height":49,"Demand":0,"DemandMax":3,"Value":3332},{"Length":54,"Height":96,"Demand":0,"DemandMax":3,"Value":5184},{"Length":41,"Height":40,"Demand":0,"DemandMax":3,"Value":3280},{"Length":98,"Height":73,"Demand":0,"DemandMax":3,"Value":21462},{"Length":5,"Height":12,"Demand":0,"DemandMax":3,"Value":120},{"Length":98,"Height":44,"Demand":0,"DemandMax":3,"Value":12936},{"Length":39,"Height":30,"Demand":0,"DemandMax":3,"Value":2340},{"Length":13,"Height":26,"Demand":0,"DemandMax":3,"Value":676},{"Length":98,"Height":78,"Demand":0,"DemandMax":3,"Value":7644},{"Length":36,"Height":39,"Demand":0,"DemandMax":3,"Value":4212},{"Length":6,"Height":28,"Demand":0,"DemandMax":3,"Value":336},{"Length":18,"Height":18,"Demand":0,"DemandMax":3,"Value":972},{"Length":9,"Height":34,"Demand":0,"DemandMax":3,"Value":306},{"Length":20,"Height":40,"Demand":0,"DemandMax":3,"Value":800},{"Length":50,"Height":36,"Demand":0,"DemandMax":3,"Value":5400},{"Length":6,"Height":82,"Demand":0,"DemandMax":3,"Value":492},{"Length":31,"Height":79,"Demand":0,"DemandMax":3,"Value":7347},{"Length":20,"Height":7,"Demand":0,"DemandMax":3,"Value":280},{"Length":14,"Height":24,"Demand":0,"DemandMax":6,"Value":1008},{"Length":37,"Height":89,"Demand":0,"DemandMax":3,"Value":6586},{"Length":74,"Height":94,"Demand":0,"DemandMax":3,"Value":13912},{"Length":43,"Height":27,"Demand":0,"DemandMax":3,"Value":2322},{"Length":53,"Height":62,"Demand":0,"DemandMax":3,"Value":3286},{"Length":25,"Height":28,"Demand":0,"DemandMax":3,"Value":1400},{"Length":42,"Height":3,"Demand":0,"DemandMax":6,"Value":378},{"Length":92,"Height":100,"Demand":0,"DemandMax":3,"Value":18400},{"Length":73,"Height":55,"Demand":0,"DemandMax":3,"Value":4015},{"Length":25,"Height":23,"Demand":0,"DemandMax":3,"Value":1725},{"Length":14,"Height":19,"Demand":0,"DemandMax":3,"Value":798},{"Length":15,"Height":17,"Demand":0,"DemandMax":6,"Value":510},{"Length":81,"Height":76,"Demand":0,"DemandMax":3,"Value":12312},{"Length":23,"Height":7,"Demand":0,"DemandMax":3,"Value":483},{"Length":41,"Height":46,"Demand":0,"DemandMax":3,"Value":3772},{"Length":4,"Height":99,"Demand":0,"DemandMax":3,"Value":1188},{"Length":44,"Height":49,"Demand":0,"DemandMax":6,"Value":6468},{"Length":79,"Height":59,"Demand":0,"DemandMax":3,"Value":4661},{"Length":93,"Height":35,"Demand":0,"DemandMax":3,"Value":6510},{"Length":28,"Height":7,"Demand":0,"DemandMax":3,"Value":392},{"Length":88,"Height":12,"Demand":0,"DemandMax":3,"Value":1056},{"Length":40,"Height":47,"Demand":0,"DemandMax":3,"Value":5640},{"Length":31,"Height":50,"Demand":0,"DemandMax":3,"Value":4650},{"Length":34,"Height":96,"Demand":0,"DemandMax":3,"Value":6528},{"Length":6,"Height":17,"Demand":0,"DemandMax":3,"Value":102},{"Length":49,"Height":46,"Demand":0,"DemandMax":3,"Value":6762},{"Length":28,"Height":34,"Demand":0,"DemandMax":3,"Value":2856},{"Length":53,"Height":52,"Demand":0,"DemandMax":3,"Value":5512},{"Length":93,"Height":18,"Demand":0,"DemandMax":3,"Value":1674},{"Length":94,"Height":62,"Demand":0,"DemandMax":3,"Value":11656},{"Length":45,"Height":81,"Demand":0,"DemandMax":3,"Value":3645},{"Length":35,"Height":88,"Demand":0,"DemandMax":3,"Value":3080},{"Length":7,"Height":78,"Demand":0,"DemandMax":3,"Value":1092},{"Length":30,"Height":46,"Demand":0,"DemandMax":3,"Value":1380},{"Length":98,"Height":40,"Demand":0,"DemandMax":3,"Value":3920},{"Length":17,"Height":27,"Demand":0,"DemandMax":3,"Value":1377},{"Length":42,"Height":24,"Demand":0,"DemandMax":3,"Value":3024},{"Length":50,"Height":100,"Demand":0,"DemandMax":3,"Value":10000},{"Length":22,"Height":9,"Demand":0,"DemandMax":3,"Value":198},{"Length":13,"Height":50,"Demand":0,"DemandMax":3,"Value":1950},{"Length":42,"Height":39,"Demand":0,"DemandMax":3,"Value":1638},{"Length":48,"Height":99,"Demand":0,"DemandMax":3,"Value":14256},{"Length":34,"Height":44,"Demand":0,"DemandMax":3,"Value":2992},{"Length":92,"Height":56,"Demand":0,"DemandMax":3,"Value":10304},{"Length":27,"Height":89,"Demand":0,"DemandMax":3,"Value":4806},{"Length":23,"Height":50,"Demand":0,"DemandMax":3,"Value":2300},{"Length":63,"Height":75,"Demand":0,"DemandMax":3,"Value":9450},{"Length":67,"Height":74,"Demand":0,"DemandMax":3,"Value":4958},{"Length":18,"Height":32,"Demand":0,"DemandMax":3,"Value":576},{"Length":4,"Height":26,"Demand":0,"DemandMax":3,"Value":104},{"Length":26,"Height":43,"Demand":0,"DemandMax":3,"Value":3354},{"Length":10,"Height":26,"Demand":0,"DemandMax":3,"Value":780},{"Length":23,"Height":85,"Demand":0,"DemandMax":3,"Value":1955},{"Length":16,"Height":50,"Demand":0,"DemandMax":3,"Value":2400},{"Length":18,"Height":29,"Demand":0,"DemandMax":3,"Value":1044},{"Length":28,"Height":5,"Demand":0,"DemandMax":6,"Value":140},{"Length":50,"Height":34,"Demand":0,"DemandMax":3,"Value":3400},{"Length":49,"Height":36,"Demand":0,"DemandMax":3,"Value":1764},{"Length":39,"Height":93,"Demand":0,"DemandMax":3,"Value":7254},{"Length":21,"Height":39,"Demand":0,"DemandMax":3,"Value":1638},{"Length":13,"Height":3,"Demand":0,"DemandMax":3,"Value":117},{"Length":19,"Height":78,"Demand":0,"DemandMax":3,"Value":2964},{"Length":8,"Height":32,"Demand":0,"DemandMax":3,"Value":512},{"Length":86,"Height":41,"Demand":0,"DemandMax":3,"Value":3526},{"Length":19,"Height":40,"Demand":0,"DemandMax":3,"Value":1520},{"Length":42,"Height":99,"Demand":0,"DemandMax":3,"Value":4158},{"Length":79,"Height":4,"Demand":0,"DemandMax":3,"Value":316},{"Length":33,"Height":93,"Demand":0,"DemandMax":3,"Value":9207},{"Length":77,"Height":2,"Demand":0,"DemandMax":3,"Value":308},{"Length":97,"Height":57,"Demand":0,"DemandMax":3,"Value":16587},{"Length":37,"Height":43,"Demand":0,"DemandMax":3,"Value":1591},{"Length":52,"Height":75,"Demand":0,"DemandMax":3,"Value":7800},{"Length":83,"Height":23,"Demand":0,"DemandMax":3,"Value":1909},{"Length":77,"Height":50,"Demand":0,"DemandMax":3,"Value":7700},{"Length":8,"Height":17,"Demand":0,"DemandMax":3,"Value":408},{"Length":25,"Height":26,"Demand":0,"DemandMax":3,"Value":1300},{"Length":31,"Height":100,"Demand":0,"DemandMax":3,"Value":3100},{"Length":83,"Height":49,"Demand":0,"DemandMax":3,"Value":12201},{"Length":80,"Height":23,"Demand":0,"DemandMax":3,"Value":5520},{"Length":46,"Height":25,"Demand":0,"DemandMax":3,"Value":1150},{"Length":29,"Height":17,"Demand":0,"DemandMax":3,"Value":493},{"Length":99,"Height":6,"Demand":0,"DemandMax":3,"Value":1782},{"Length":13,"Height":88,"Demand":0,"DemandMax":3,"Value":3432},{"Length":35,"Height":3,"Demand":0,"DemandMax":3,"Value":105},{"Length":29,"Height":19,"Demand":0,"DemandMax":3,"Value":1102},{"Length":50,"Height":18,"Demand":0,"DemandMax":3,"Value":900},{"Length":81,"Height":51,"Demand":0,"DemandMax":3,"Value":8262},{"Length":4,"Height":85,"Demand":0,"DemandMax":3,"Value":680},{"Length":33,"Height":34,"Demand":0,"DemandMax":3,"Value":2244},{"Length":97,"Height":4,"Demand":0,"DemandMax":3,"Value":776},{"Length":3,"Height":50,"Demand":0,"DemandMax":3,"Value":450},{"Length":12,"Height":3,"Demand":0,"DemandMax":3,"Value":36},{"Length":46,"Height":46,"Demand":0,"DemandMax":3,"Value":4232},{"Length":34,"Height":37,"Demand":0,"DemandMax":3,"Value":1258},{"Length":17,"Height":5,"Demand":0,"DemandMax":3,"Value":85},{"Length":71,"Height":89,"Demand":0,"DemandMax":3,"Value":12638},{"Length":29,"Height":84,"Demand":0,"DemandMax":3,"Value":7308},{"Length":99,"Height":66,"Demand":0,"DemandMax":3,"Value":13068},{"Length":8,"Height":15,"Demand":0,"DemandMax":3,"Value":360},{"Length":40,"Height":49,"Demand":0,"DemandMax":3,"Value":1960},{"Length":78,"Height":24,"Demand":0,"DemandMax":3,"Value":3744},{"Length":3,"Height":41,"Demand":0,"DemandMax":3,"Value":369},{"Length":9,"Height":18,"Demand":0,"DemandMax":3,"Value":162},{"Length":83,"Height":6,"Demand":0,"DemandMax":3,"Value":996},{"Length":50,"Height":48,"Demand":0,"DemandMax":3,"Value":2400},{"Length":91,"Height":7,"Demand":0,"DemandMax":3,"Value":1911},{"Length":12,"Height":37,"Demand":0,"DemandMax":3,"Value":888},{"Length":14,"Height":84,"Demand":0,"DemandMax":3,"Value":1176},{"Length":43,"Height":44,"Demand":0,"DemandMax":3,"Value":5676},{"Length":3,"Height":87,"Demand":0,"DemandMax":3,"Value":522},{"Length":45,"Height":26,"Demand":0,"DemandMax":3,"Value":3510},{"Length":12,"Height":42,"Demand":0,"DemandMax":3,"Value":504},{"Length":24,"Height":35,"Demand":0,"DemandMax":3,"Value":840},{"Length":28,"Height":10,"Demand":0,"DemandMax":3,"Value":840},{"Length":31,"Height":37,"Demand":0,"DemandMax":3,"Value":3441},{"Length":29,"Height":36,"Demand":0,"DemandMax":3,"Value":2088},{"Length":82,"Height":91,"Demand":0,"DemandMax":3,"Value":14924},{"Length":85,"Height":21,"Demand":0,"DemandMax":3,"Value":1785},{"Length":31,"Height":3,"Demand":0,"DemandMax":3,"Value":186},{"Length":80,"Height":24,"Demand":0,"DemandMax":3,"Value":5760},{"Length":95,"Height":46,"Demand":0,"DemandMax":6,"Value":4370},{"Length":10,"Height":85,"Demand":0,"DemandMax":3,"Value":1700},{"Length":45,"Height":13,"Demand":0,"DemandMax":3,"Value":1170},{"Length":98,"Height":56,"Demand":0,"DemandMax":3,"Value":10976},{"Length":76,"Height":81,"Demand":0,"DemandMax":3,"Value":6156},{"Length":29,"Height":94,"Demand":0,"DemandMax":3,"Value":2726},{"Length":34,"Height":48,"Demand":0,"DemandMax":3,"Value":4896},{"Length":2,"Height":4,"Demand":0,"DemandMax":3,"Value":16},{"Length":38,"Height":93,"Demand":0,"DemandMax":3,"Value":7068},{"Length":88,"Height":59,"Demand":0,"DemandMax":3,"Value":10384},{"Length":83,"Height":45,"Demand":0,"DemandMax":3,"Value":3735},{"Length":82,"Height":2,"Demand":0,"DemandMax":3,"Value":492},{"Length":16,"Height":94,"Demand":0,"DemandMax":3,"Value":1504},{"Length":12,"Height":47,"Demand":0,"DemandMax":3,"Value":564},{"Length":3,"Height":46,"Demand":0,"DemandMax":6,"Value":414},{"Length":17,"Height":42,"Demand":0,"DemandMax":3,"Value":1428},{"Length":96,"Height":49,"Demand":0,"DemandMax":3,"Value":14112},{"Length":31,"Height":25,"Demand":0,"DemandMax":3,"Value":1550},{"Length":34,"Height":3,"Demand":0,"DemandMax":3,"Value":102},{"Length":33,"Height":11,"Demand":0,"DemandMax":3,"Value":726},{"Length":60,"Height":64,"Demand":0,"DemandMax":3,"Value":3840},{"Length":4,"Height":88,"Demand":0,"DemandMax":3,"Value":352},{"Length":13,"Height":20,"Demand":0,"DemandMax":3,"Value":780},{"Length":63,"Height":98,"Demand":0,"DemandMax":3,"Value":12348},{"Length":92,"Height":32,"Demand":0,"DemandMax":3,"Value":2944},{"Length":40,"Height":24,"Demand":0,"DemandMax":3,"Value":960},{"Length":9,"Height":43,"Demand":0,"DemandMax":3,"Value":774},{"Length":7,"Height":24,"Demand":0,"DemandMax":3,"Value":168},{"Length":45,"Height":85,"Demand":0,"DemandMax":3,"Value":3825},{"Length":39,"Height":13,"Demand":0,"DemandMax":3,"Value":1014},{"Length":10,"Height":88,"Demand":0,"DemandMax":3,"Value":1760},{"Length":32,"Height":15,"Demand":0,"DemandMax":3,"Value":960},{"Length":11,"Height":17,"Demand":0,"DemandMax":3,"Value":561},{"Length":26,"Height":49,"Demand":0,"DemandMax":3,"Value":1274},{"Length":9,"Height":19,"Demand":0,"DemandMax":3,"Value":342},{"Length":4,"Height":82,"Demand":0,"DemandMax":3,"Value":328},{"Length":33,"Height":95,"Demand":0,"DemandMax":3,"Value":3135},{"Length":25,"Height":26,"Demand":0,"DemandMax":3,"Value":1950},{"Length":17,"Height":41,"Demand":0,"DemandMax":3,"Value":697},{"Length":76,"Height":80,"Demand":0,"DemandMax":3,"Value":18240},{"Length":38,"Height":49,"Demand":0,"DemandMax":3,"Value":1862},{"Length":27,"Height":7,"Demand":0,"DemandMax":3,"Value":378},{"Length":97,"Height":28,"Demand":0,"DemandMax":3,"Value":8148},{"Length":19,"Height":19,"Demand":0,"DemandMax":3,"Value":361},{"Length":6,"Height":35,"Demand":0,"DemandMax":3,"Value":630},{"Length":29,"Height":6,"Demand":0,"DemandMax":3,"Value":522},{"Length":88,"Height":90,"Demand":0,"DemandMax":3,"Value":23760},{"Length":79,"Height":66,"Demand":0,"DemandMax":3,"Value":5214},{"Length":18,"Height":99,"Demand":0,"DemandMax":3,"Value":3564},{"Length":17,"Height":86,"Demand":0,"DemandMax":3,"Value":1462},{"Length":11,"Height":45,"Demand":0,"DemandMax":3,"Value":495},{"Length":46,"Height":89,"Demand":0,"DemandMax":3,"Value":4094},{"Length":28,"Height":78,"Demand":0,"DemandMax":3,"Value":2184},{"Length":94,"Height":46,"Demand":0,"DemandMax":3,"Value":8648},{"Length":35,"Height":15,"Demand":0,"DemandMax":3,"Value":1575},{"Length":44,"Height":86,"Demand":0,"DemandMax":3,"Value":7568},{"Length":96,"Height":11,"Demand":0,"DemandMax":3,"Value":3168},{"Length":22,"Height":7,"Demand":0,"DemandMax":3,"Value":154},{"Length":47,"Height":43,"Demand":0,"DemandMax":3,"Value":6063},{"Length":13,"Height":32,"Demand":0,"DemandMax":3,"Value":832},{"Length":19,"Height":88,"Demand":0,"DemandMax":3,"Value":1672},{"Length":93,"Height":33,"Demand":0,"DemandMax":3,"Value":3069},{"Length":34,"Height":7,"Demand":0,"DemandMax":3,"Value":714},{"Length":48,"Height":30,"Demand":0,"DemandMax":3,"Value":4320},{"Length":32,"Height":16,"Demand":0,"DemandMax":3,"Value":1024},{"Length":46,"Height":77,"Demand":0,"DemandMax":3,"Value":3542},{"Length":100,"Height":57,"Demand":0,"DemandMax":3,"Value":17100},{"Length":23,"Height":10,"Demand":0,"DemandMax":3,"Value":690},{"Length":20,"Height":28,"Demand":0,"DemandMax":3,"Value":1680},{"Length":11,"Height":44,"Demand":0,"DemandMax":3,"Value":968},{"Length":64,"Height":98,"Demand":0,"DemandMax":3,"Value":6272},{"Length":51,"Height":85,"Demand":0,"DemandMax":3,"Value":13005},{"Length":17,"Height":30,"Demand":0,"DemandMax":3,"Value":510},{"Length":43,"Height":77,"Demand":0,"DemandMax":3,"Value":9933},{"Length":89,"Height":96,"Demand":0,"DemandMax":3,"Value":17088},{"Length":79,"Height":18,"Demand":0,"DemandMax":3,"Value":4266},{"Length":24,"Height":17,"Demand":0,"DemandMax":3,"Value":1224},{"Length":38,"Height":15,"Demand":0,"DemandMax":3,"Value":570},{"Length":50,"Height":32,"Demand":0,"DemandMax":3,"Value":3200},{"Length":54,"Height":79,"Demand":0,"DemandMax":3,"Value":4266},{"Length":37,"Height":42,"Demand":0,"DemandMax":3,"Value":1554},{"Length":87,"Height":72,"Demand":0,"DemandMax":3,"Value":6264},{"Length":23,"Height":9,"Demand":0,"DemandMax":3,"Value":621},{"Length":23,"Height":30,"Demand":0,"DemandMax":3,"Value":690},{"Length":49,"Height":48,"Demand":0,"DemandMax":3,"Value":4704},{"Length":25,"Height":45,"Demand":0,"DemandMax":3,"Value":3375},{"Length":36,"Height":45,"Demand":0,"DemandMax":3,"Value":3240},{"Length":18,"Height":96,"Demand":0,"DemandMax":3,"Value":1728},{"Length":37,"Height":79,"Demand":0,"DemandMax":3,"Value":8769},{"Length":98,"Height":45,"Demand":0,"DemandMax":3,"Value":4410},{"Length":33,"Height":41,"Demand":0,"DemandMax":3,"Value":4059},{"Length":38,"Height":11,"Demand":0,"DemandMax":3,"Value":418},{"Length":67,"Height":84,"Demand":0,"DemandMax":3,"Value":11256},{"Length":52,"Height":74,"Demand":0,"DemandMax":3,"Value":3848},{"Length":34,"Height":12,"Demand":0,"DemandMax":3,"Value":1224},{"Length":89,"Height":9,"Demand":0,"DemandMax":3,"Value":1602},{"Length":95,"Height":43,"Demand":0,"DemandMax":3,"Value":4085},{"Length":30,"Height":46,"Demand":0,"DemandMax":3,"Value":4140},{"Length":16,"Height":30,"Demand":0,"DemandMax":3,"Value":960},{"Length":11,"Height":44,"Demand":0,"DemandMax":3,"Value":484},{"Length":92,"Height":44,"Demand":0,"DemandMax":3,"Value":8096},{"Length":86,"Height":63,"Demand":0,"DemandMax":3,"Value":16254},{"Length":82,"Height":87,"Demand":0,"DemandMax":3,"Value":7134},{"Length":12,"Height":41,"Demand":0,"DemandMax":6,"Value":984},{"Length":15,"Height":36,"Demand":0,"DemandMax":3,"Value":1620},{"Length":45,"Height":47,"Demand":0,"DemandMax":3,"Value":6345},{"Length":58,"Height":76,"Demand":0,"DemandMax":3,"Value":13224},{"Length":94,"Height":7,"Demand":0,"DemandMax":3,"Value":1974},{"Length":43,"Height":50,"Demand":0,"DemandMax":3,"Value":2150},{"Length":72,"Height":61,"Demand":0,"DemandMax":3,"Value":8784},{"Length":50,"Height":94,"Demand":0,"DemandMax":3,"Value":9400},{"Length":12,"Height":30,"Demand":0,"DemandMax":3,"Value":720},{"Length":16,"Height":89,"Demand":0,"DemandMax":3,"Value":1424},{"Length":62,"Height":78,"Demand":0,"DemandMax":3,"Value":4836},{"Length":17,"Height":24,"Demand":0,"DemandMax":3,"Value":408},{"Length":58,"Height":100,"Demand":0,"DemandMax":3,"Value":5800},{"Length":71,"Height":83,"Demand":0,"DemandMax":3,"Value":5893},{"Length":30,"Height":47,"Demand":0,"DemandMax":3,"Value":1410},{"Length":15,"Height":22,"Demand":0,"DemandMax":3,"Value":330},{"Length":20,"Height":39,"Demand":0,"DemandMax":3,"Value":2340},{"Length":35,"Height":97,"Demand":0,"DemandMax":3,"Value":3395},{"Length":96,"Height":23,"Demand":0,"DemandMax":3,"Value":4416},{"Length":78,"Height":5,"Demand":0,"DemandMax":3,"Value":1170},{"Length":6,"Height":38,"Demand":0,"DemandMax":3,"Value":456},{"Length":15,"Height":49,"Demand":0,"DemandMax":6,"Value":1470},{"Length":23,"Height":88,"Demand":0,"DemandMax":3,"Value":2024},{"Length":58,"Height":83,"Demand":0,"DemandMax":3,"Value":4814},{"Length":2,"Height":22,"Demand":0,"DemandMax":3,"Value":44},{"Length":41,"Height":38,"Demand":0,"DemandMax":3,"Value":4674},{"Length":4,"Height":14,"Demand":0,"DemandMax":3,"Value":112},{"Length":73,"Height":91,"Demand":0,"DemandMax":3,"Value":6643},{"Length":54,"Height":51,"Demand":0,"DemandMax":3,"Value":5508},{"Length":50,"Height":80,"Demand":0,"DemandMax":3,"Value":12000},{"Length":20,"Height":23,"Demand":0,"DemandMax":3,"Value":460},{"Length":89,"Height":24,"Demand":0,"DemandMax":3,"Value":6408},{"Length":17,"Height":24,"Demand":0,"DemandMax":3,"Value":816},{"Length":100,"Height":59,"Demand":0,"DemandMax":3,"Value":11800},{"Length":40,"Height":16,"Demand":0,"DemandMax":3,"Value":1920},{"Length":27,"Height":19,"Demand":0,"DemandMax":3,"Value":1539},{"Length":76,"Height":52,"Demand":0,"DemandMax":3,"Value":3952},{"Length":16,"Height":97,"Demand":0,"DemandMax":3,"Value":1552},{"Length":43,"Height":32,"Demand":0,"DemandMax":3,"Value":2752},{"Length":7,"Height":43,"Demand":0,"DemandMax":3,"Value":301},{"Length":36,"Height":9,"Demand":0,"DemandMax":3,"Value":324},{"Length":84,"Height":21,"Demand":0,"DemandMax":3,"Value":1764},{"Length":12,"Height":4,"Demand":0,"DemandMax":3,"Value":144},{"Length":95,"Height":6,"Demand":0,"DemandMax":3,"Value":1710},{"Length":37,"Height":76,"Demand":0,"DemandMax":3,"Value":5624},{"Length":16,"Height":21,"Demand":0,"DemandMax":3,"Value":672},{"Length":79,"Height":70,"Demand":0,"DemandMax":3,"Value":5530},{"Length":71,"Height":55,"Demand":0,"DemandMax":3,"Value":7810},{"Length":32,"Height":100,"Demand":0,"DemandMax":3,"Value":6400},{"Length":40,"Height":2,"Demand":0,"DemandMax":3,"Value":80},{"Length":24,"Height":19,"Demand":0,"DemandMax":3,"Value":912},{"Length":21,"Height":10,"Demand":0,"DemandMax":3,"Value":210},{"Length":5,"Height":16,"Demand":0,"DemandMax":3,"Value":160},{"Length":53,"Height":63,"Demand":0,"DemandMax":3,"Value":10017},{"Length":94,"Height":3,"Demand":0,"DemandMax":3,"Value":282},{"Length":37,"Height":82,"Demand":0,"DemandMax":3,"Value":3034},{"Length":7,"Height":41,"Demand":0,"DemandMax":3,"Value":861},{"Length":92,"Height":19,"Demand":0,"DemandMax":3,"Value":1748},{"Length":5,"Height":34,"Demand":0,"DemandMax":3,"Value":510},{"Length":41,"Height":50,"Demand":0,"DemandMax":3,"Value":2050},{"Length":22,"Height":2,"Demand":0,"DemandMax":3,"Value":44},{"Length":50,"Height":25,"Demand":0,"DemandMax":3,"Value":2500},{"Length":38,"Height":48,"Demand":0,"DemandMax":3,"Value":1824},{"Length":3,"Height":90,"Demand":0,"DemandMax":3,"Value":810},{"Length":23,"Height":8,"Demand":0,"DemandMax":3,"Value":368},{"Length":81,"Height":80,"Demand":0,"DemandMax":3,"Value":6480},{"Length":11,"Height":24,"Demand":0,"DemandMax":3,"Value":264},{"Length":44,"Height":4,"Demand":0,"DemandMax":3,"Value":528},{"Length":27,"Height":37,"Demand":0,"DemandMax":3,"Value":2997},{"Length":46,"Height":14,"Demand":0,"DemandMax":3,"Value":1288},{"Length":25,"Height":92,"Demand":0,"DemandMax":3,"Value":6900},{"Length":90,"Height":19,"Demand":0,"DemandMax":3,"Value":5130},{"Length":4,"Height":5,"Demand":0,"DemandMax":3,"Value":20},{"Length":72,"Height":60,"Demand":0,"DemandMax":3,"Value":8640},{"Length":44,"Height":16,"Demand":0,"DemandMax":3,"Value":2112},{"Length":34,"Height":35,"Demand":0,"DemandMax":3,"Value":1190},{"Length":27,"Height":17,"Demand":0,"DemandMax":3,"Value":1377},{"Length":70,"Height":76,"Demand":0,"DemandMax":3,"Value":10640},{"Length":6,"Height":92,"Demand":0,"DemandMax":3,"Value":552},{"Length":45,"Height":91,"Demand":0,"DemandMax":3,"Value":8190},{"Length":81,"Height":5,"Demand":0,"DemandMax":3,"Value":810},{"Length":19,"Height":42,"Demand":0,"DemandMax":3,"Value":1596},{"Length":18,"Height":27,"Demand":0,"DemandMax":3,"Value":486},{"Length":83,"Height":95,"Demand":0,"DemandMax":3,"Value":15770},{"Length":19,"Height":15,"Demand":0,"DemandMax":3,"Value":855},{"Length":79,"Height":46,"Demand":0,"DemandMax":3,"Value":7268},{"Length":20,"Height":48,"Demand":0,"DemandMax":3,"Value":1920},{"Length":17,"Height":30,"Demand":0,"DemandMax":3,"Value":1530},{"Length":26,"Height":42,"Demand":0,"DemandMax":3,"Value":1092},{"Length":97,"Height":97,"Demand":0,"DemandMax":3,"Value":18818},{"Length":25,"Height":24,"Demand":0,"DemandMax":3,"Value":1200},{"Length":24,"Height":5,"Demand":0,"DemandMax":3,"Value":120},{"Length":37,"Height":26,"Demand":0,"DemandMax":3,"Value":962},{"Length":54,"Height":56,"Demand":0,"DemandMax":3,"Value":6048},{"Length":16,"Height":7,"Demand":0,"DemandMax":3,"Value":112},{"Length":45,"Height":98,"Demand":0,"DemandMax":3,"Value":8820},{"Length":2,"Height":3,"Demand":0,"DemandMax":3,"Value":6},{"Length":49,"Height":40,"Demand":0,"DemandMax":3,"Value":1960},{"Length":7,"Height":47,"Demand":0,"DemandMax":3,"Value":658},{"Length":52,"Height":67,"Demand":0,"DemandMax":3,"Value":6968},{"Length":37,"Height":19,"Demand":0,"DemandMax":3,"Value":703},{"Length":52,"Height":96,"Demand":0,"DemandMax":3,"Value":9984},{"Length":92,"Height":45,"Demand":0,"DemandMax":3,"Value":8280},{"Length":26,"Height":25,"Demand":0,"DemandMax":3,"Value":1950},{"Length":79,"Height":50,"Demand":0,"DemandMax":3,"Value":7900},{"Length":16,"Height":49,"Demand":0,"DemandMax":3,"Value":1568},{"Length":100,"Height":100,"Demand":0,"DemandMax":3,"Value":30000},{"Length":41,"Height":15,"Demand":0,"DemandMax":3,"Value":1230},{"Length":10,"Height":76,"Demand":0,"DemandMax":3,"Value":1520},{"Length":23,"Height":10,"Demand":0,"DemandMax":3,"Value":460},{"Length":22,"Height":87,"Demand":0,"DemandMax":3,"Value":1914},{"Length":77,"Height":88,"Demand":0,"DemandMax":3,"Value":13552},{"Length":97,"Height":29,"Demand":0,"DemandMax":3,"Value":8439},{"Length":28,"Height":36,"Demand":0,"DemandMax":3,"Value":2016},{"Length":38,"Height":45,"Demand":0,"DemandMax":3,"Value":1710},{"Length":30,"Height":9,"Demand":0,"DemandMax":3,"Value":810},{"Length":47,"Height":22,"Demand":0,"DemandMax":3,"Value":3102},{"Length":23,"Height":25,"Demand":0,"DemandMax":3,"Value":575},{"Length":15,"Height":23,"Demand":0,"DemandMax":3,"Value":690},{"Length":19,"Height":43,"Demand":0,"DemandMax":3,"Value":2451},{"Length":21,"Height":50,"Demand":0,"DemandMax":3,"Value":3150},{"Length":90,"Height":82,"Demand":0,"DemandMax":3,"Value":22140},{"Length":83,"Height":48,"Demand":0,"DemandMax":3,"Value":7968},{"Length":3,"Height":25,"Demand":0,"DemandMax":3,"Value":75},{"Length":47,"Height":24,"Demand":0,"DemandMax":3,"Value":3384},{"Length":22,"Height":95,"Demand":0,"DemandMax":3,"Value":2090},{"Length":21,"Height":100,"Demand":0,"DemandMax":3,"Value":6300},{"Length":47,"Height":97,"Demand":0,"DemandMax":3,"Value":4559},{"Length":40,"Height":15,"Demand":0,"DemandMax":3,"Value":1800},{"Length":85,"Height":99,"Demand":0,"DemandMax":3,"Value":8415},{"Length":8,"Height":78,"Demand":0,"DemandMax":3,"Value":1248},{"Length":82,"Height":13,"Demand":0,"DemandMax":3,"Value":1066},{"Length":48,"Height":11,"Demand":0,"DemandMax":3,"Value":528},{"Length":39,"Height":50,"Demand":0,"DemandMax":3,"Value":5850},{"Length":17,"Height":10,"Demand":0,"DemandMax":3,"Value":340},{"Length":25,"Height":18,"Demand":0,"DemandMax":3,"Value":1350},{"Length":56,"Height":67,"Demand":0,"DemandMax":3,"Value":7504},{"Length":94,"Height":23,"Demand":0,"DemandMax":3,"Value":2162},{"Length":16,"Height":89,"Demand":0,"DemandMax":3,"Value":2848},{"Length":45,"Height":8,"Demand":0,"DemandMax":3,"Value":720},{"Length":37,"Height":16,"Demand":0,"DemandMax":3,"Value":592},{"Length":5,"Height":43,"Demand":0,"DemandMax":6,"Value":430},{"Length":33,"Height":35,"Demand":0,"DemandMax":3,"Value":3465},{"Length":16,"Height":27,"Demand":0,"DemandMax":3,"Value":1296},{"Length":15,"Height":19,"Demand":0,"DemandMax":3,"Value":570},{"Length":29,"Height":8,"Demand":0,"DemandMax":3,"Value":696},{"Length":46,"Height":42,"Demand":0,"DemandMax":3,"Value":3864},{"Length":84,"Height":29,"Demand":0,"DemandMax":3,"Value":7308},{"Length":30,"Height":90,"Demand":0,"DemandMax":3,"Value":2700},{"Length":32,"Height":8,"Demand":0,"DemandMax":3,"Value":256},{"Length":34,"Height":84,"Demand":0,"DemandMax":3,"Value":8568},{"Length":11,"Height":45,"Demand":0,"DemandMax":3,"Value":1485},{"Length":57,"Height":77,"Demand":0,"DemandMax":3,"Value":8778},{"Length":37,"Height":29,"Demand":0,"DemandMax":3,"Value":2146},{"Length":92,"Height":25,"Demand":0,"DemandMax":3,"Value":6900},{"Length":29,"Height":45,"Demand":0,"DemandMax":3,"Value":3915},{"Length":90,"Height":15,"Demand":0,"DemandMax":3,"Value":4050},{"Length":38,"Height":12,"Demand":0,"DemandMax":3,"Value":456},{"Length":39,"Height":26,"Demand":0,"DemandMax":3,"Value":2028},{"Length":7,"Height":33,"Demand":0,"DemandMax":3,"Value":693},{"Length":32,"Height":38,"Demand":0,"DemandMax":3,"Value":3648},{"Length":27,"Height":47,"Demand":0,"DemandMax":3,"Value":3807},{"Length":12,"Height":41,"Demand":0,"DemandMax":3,"Value":1476},{"Length":44,"Height":36,"Demand":0,"DemandMax":3,"Value":3168},{"Length":2,"Height":41,"Demand":0,"DemandMax":3,"Value":82},{"Length":45,"Height":13,"Demand":0,"DemandMax":3,"Value":1755},{"Length":45,"Height":45,"Demand":0,"DemandMax":3,"Value":4050},{"Length":16,"Height":47,"Demand":0,"DemandMax":3,"Value":1504},{"Length":22,"Height":13,"Demand":0,"DemandMax":3,"Value":286},{"Length":4,"Height":33,"Demand":0,"DemandMax":3,"Value":396},{"Length":95,"Height":6,"Demand":0,"DemandMax":3,"Value":570},{"Length":22,"Height":79,"Demand":0,"DemandMax":3,"Value":3476},{"Length":12,"Height":29,"Demand":0,"DemandMax":3,"Value":348},{"Length":30,"Height":48,"Demand":0,"DemandMax":3,"Value":1440},{"Length":13,"Height":13,"Demand":0,"DemandMax":3,"Value":169},{"Length":23,"Height":95,"Demand":0,"DemandMax":3,"Value":6555},{"Length":25,"Height":4,"Demand":0,"DemandMax":3,"Value":100},{"Length":36,"Height":37,"Demand":0,"DemandMax":3,"Value":2664},{"Length":98,"Height":84,"Demand":0,"DemandMax":3,"Value":8232},{"Length":45,"Height":82,"Demand":0,"DemandMax":3,"Value":7380},{"Length":85,"Height":22,"Demand":0,"DemandMax":3,"Value":1870},{"Length":55,"Height":82,"Demand":0,"DemandMax":3,"Value":4510},{"Length":11,"Height":47,"Demand":0,"DemandMax":3,"Value":1551},{"Length":29,"Height":42,"Demand":0,"DemandMax":3,"Value":2436},{"Length":10,"Height":21,"Demand":0,"DemandMax":3,"Value":420},{"Length":7,"Height":46,"Demand":0,"DemandMax":3,"Value":322},{"Length":15,"Height":95,"Demand":0,"DemandMax":3,"Value":1425},{"Length":25,"Height":78,"Demand":0,"DemandMax":3,"Value":1950},{"Length":79,"Height":79,"Demand":0,"DemandMax":3,"Value":18723},{"Length":48,"Height":6,"Demand":0,"DemandMax":3,"Value":864},{"Length":85,"Height":48,"Demand":0,"DemandMax":3,"Value":12240},{"Length":12,"Height":17,"Demand":0,"DemandMax":3,"Value":612},{"Length":79,"Height":74,"Demand":0,"DemandMax":3,"Value":5846},{"Length":32,"Height":36,"Demand":0,"DemandMax":3,"Value":2304},{"Length":25,"Height":95,"Demand":0,"DemandMax":3,"Value":7125},{"Length":60,"Height":58,"Demand":0,"DemandMax":3,"Value":3480},{"Length":76,"Height":45,"Demand":0,"DemandMax":3,"Value":6840},{"Length":79,"Height":35,"Demand":0,"DemandMax":3,"Value":2765},{"Length":86,"Height":7,"Demand":0,"DemandMax":3,"Value":1806},{"Length":22,"Height":19,"Demand":0,"DemandMax":3,"Value":418},{"Length":16,"Height":86,"Demand":0,"DemandMax":3,"Value":4128},{"Length":34,"Height":28,"Demand":0,"DemandMax":3,"Value":1904},{"Length":87,"Height":33,"Demand":0,"DemandMax":3,"Value":5742},{"Length":85,"Height":10,"Demand":0,"DemandMax":3,"Value":2550},{"Length":43,"Height":91,"Demand":0,"DemandMax":3,"Value":3913},{"Length":19,"Height":39,"Demand":0,"DemandMax":3,"Value":1482},{"Length":29,"Height":8,"Demand":0,"DemandMax":3,"Value":464},{"Length":23,"Height":83,"Demand":0,"DemandMax":3,"Value":5727},{"Length":23,"Height":25,"Demand":0,"DemandMax":3,"Value":1725},{"Length":50,"Height":50,"Demand":0,"DemandMax":3,"Value":5000},{"Length":36,"Height":29,"Demand":0,"DemandMax":3,"Value":1044},{"Length":9,"Height":44,"Demand":0,"DemandMax":3,"Value":792},{"Length":8,"Height":48,"Demand":0,"DemandMax":3,"Value":1152},{"Length":73,"Height":90,"Demand":0,"DemandMax":3,"Value":19710},{"Length":16,"Height":34,"Demand":0,"DemandMax":3,"Value":1088},{"Length":24,"Height":100,"Demand":0,"DemandMax":3,"Value":2400},{"Length":26,"Height":5,"Demand":0,"DemandMax":3,"Value":390},{"Length":100,"Height":46,"Demand":0,"DemandMax":3,"Value":4600},{"Length":13,"Height":24,"Demand":0,"DemandMax":3,"Value":624},{"Length":37,"Height":82,"Demand":0,"DemandMax":3,"Value":6068},{"Length":46,"Height":81,"Demand":0,"DemandMax":3,"Value":11178},{"Length":8,"Height":29,"Demand":0,"DemandMax":3,"Value":696},{"Length":50,"Height":15,"Demand":0,"DemandMax":3,"Value":750},{"Length":25,"Height":97,"Demand":0,"DemandMax":3,"Value":4850},{"Length":21,"Height":23,"Demand":0,"DemandMax":3,"Value":966},{"Length":41,"Height":6,"Demand":0,"DemandMax":3,"Value":738},{"Length":86,"Height":8,"Demand":0,"DemandMax":3,"Value":688},{"Length":8,"Height":26,"Demand":0,"DemandMax":3,"Value":208},{"Length":25,"Height":41,"Demand":0,"DemandMax":3,"Value":1025},{"Length":23,"Height":28,"Demand":0,"DemandMax":3,"Value":1932},{"Length":87,"Height":41,"Demand":0,"DemandMax":3,"Value":10701},{"Length":37,"Height":10,"Demand":0,"DemandMax":3,"Value":740},{"Length":4,"Height":13,"Demand":0,"DemandMax":3,"Value":156},{"Length":95,"Height":81,"Demand":0,"DemandMax":3,"Value":23085},{"Length":49,"Height":23,"Demand":0,"DemandMax":3,"Value":3381},{"Length":83,"Height":9,"Demand":0,"DemandMax":3,"Value":2241},{"Length":80,"Height":25,"Demand":0,"DemandMax":3,"Value":2000},{"Length":17,"Height":88,"Demand":0,"DemandMax":3,"Value":4488},{"Length":50,"Height":24,"Demand":0,"DemandMax":3,"Value":2400},{"Length":22,"Height":85,"Demand":0,"DemandMax":3,"Value":5610},{"Length":41,"Height":12,"Demand":0,"DemandMax":3,"Value":492},{"Length":13,"Height":13,"Demand":0,"DemandMax":3,"Value":507},{"Length":41,"Height":30,"Demand":0,"DemandMax":3,"Value":3690},{"Length":88,"Height":82,"Demand":0,"DemandMax":3,"Value":21648},{"Length":13,"Height":82,"Demand":0,"DemandMax":3,"Value":2132},{"Length":89,"Height":20,"Demand":0,"DemandMax":3,"Value":1780},{"Length":47,"Height":25,"Demand":0,"DemandMax":3,"Value":1175},{"Length":99,"Height":36,"Demand":0,"DemandMax":3,"Value":10692},{"Length":96,"Height":71,"Demand":0,"DemandMax":3,"Value":6816},{"Length":41,"Height":3,"Demand":0,"DemandMax":3,"Value":123},{"Length":15,"Height":82,"Demand":0,"DemandMax":3,"Value":1230},{"Length":15,"Height":39,"Demand":0,"DemandMax":3,"Value":585},{"Length":48,"Height":40,"Demand":0,"DemandMax":3,"Value":5760},{"Length":40,"Height":34,"Demand":0,"DemandMax":3,"Value":4080},{"Length":43,"Height":44,"Demand":0,"DemandMax":3,"Value":3784},{"Length":35,"Height":21,"Demand":0,"DemandMax":3,"Value":735},{"Length":5,"Height":25,"Demand":0,"DemandMax":3,"Value":250},{"Length":17,"Height":99,"Demand":0,"DemandMax":3,"Value":3366},{"Length":3,"Height":8,"Demand":0,"DemandMax":3,"Value":72},{"Length":42,"Height":15,"Demand":0,"DemandMax":3,"Value":1260},{"Length":94,"Height":27,"Demand":0,"DemandMax":3,"Value":7614},{"Length":9,"Height":16,"Demand":0,"DemandMax":3,"Value":144},{"Length":9,"Height":8,"Demand":0,"DemandMax":3,"Value":216},{"Length":3,"Height":22,"Demand":0,"DemandMax":3,"Value":132},{"Length":5,"Height":15,"Demand":0,"DemandMax":3,"Value":150},{"Length":41,"Height":10,"Demand":0,"DemandMax":3,"Value":1230},{"Length":21,"Height":40,"Demand":0,"DemandMax":3,"Value":2520},{"Length":30,"Height":18,"Demand":0,"DemandMax":3,"Value":1080},{"Length":21,"Height":30,"Demand":0,"DemandMax":3,"Value":1260},{"Length":83,"Height":16,"Demand":0,"DemandMax":3,"Value":2656},{"Length":46,"Height":45,"Demand":0,"DemandMax":3,"Value":2070},{"Length":15,"Height":19,"Demand":0,"DemandMax":3,"Value":285},{"Length":33,"Height":76,"Demand":0,"DemandMax":3,"Value":7524},{"Length":85,"Height":28,"Demand":0,"DemandMax":3,"Value":2380},{"Length":21,"Height":41,"Demand":0,"DemandMax":3,"Value":1722},{"Length":53,"Height":92,"Demand":0,"DemandMax":3,"Value":4876},{"Length":10,"Height":22,"Demand":0,"DemandMax":3,"Value":660},{"Length":61,"Height":56,"Demand":0,"DemandMax":3,"Value":10248},{"Length":83,"Height":90,"Demand":0,"DemandMax":3,"Value":7470},{"Length":19,"Height":33,"Demand":0,"DemandMax":3,"Value":1254},{"Length":44,"Height":32,"Demand":0,"DemandMax":3,"Value":1408},{"Length":78,"Height":22,"Demand":0,"DemandMax":3,"Value":5148},{"Length":80,"Height":82,"Demand":0,"DemandMax":3,"Value":13120},{"Length":16,"Height":38,"Demand":0,"DemandMax":3,"Value":1824},{"Length":44,"Height":93,"Demand":0,"DemandMax":3,"Value":4092},{"Length":77,"Height":48,"Demand":0,"DemandMax":3,"Value":11088},{"Length":33,"Height":95,"Demand":0,"DemandMax":3,"Value":6270},{"Length":77,"Height":8,"Demand":0,"DemandMax":3,"Value":616},{"Length":35,"Height":48,"Demand":0,"DemandMax":3,"Value":5040},{"Length":14,"Height":88,"Demand":0,"DemandMax":3,"Value":3696},{"Length":17,"Height":18,"Demand":0,"DemandMax":3,"Value":612},{"Length":35,"Height":5,"Demand":0,"DemandMax":3,"Value":175},{"Length":29,"Height":7,"Demand":0,"DemandMax":3,"Value":609},{"Length":47,"Height":38,"Demand":0,"DemandMax":3,"Value":1786},{"Length":13,"Height":19,"Demand":0,"DemandMax":3,"Value":494},{"Length":83,"Height":51,"Demand":0,"DemandMax":3,"Value":8466},{"Length":97,"Height":43,"Demand":0,"DemandMax":3,"Value":4171},{"Length":59,"Height":60,"Demand":0,"DemandMax":3,"Value":3540},{"Length":56,"Height":74,"Demand":0,"DemandMax":3,"Value":12432},{"Length":2,"Height":32,"Demand":0,"DemandMax":3,"Value":64},{"Length":4,"Height":35,"Demand":0,"DemandMax":3,"Value":140},{"Length":87,"Height":44,"Demand":0,"DemandMax":3,"Value":11484},{"Length":19,"Height":14,"Demand":0,"DemandMax":3,"Value":798},{"Length":6,"Height":90,"Demand":0,"DemandMax":3,"Value":540},{"Length":82,"Height":41,"Demand":0,"DemandMax":3,"Value":10086},{"Length":38,"Height":28,"Demand":0,"DemandMax":3,"Value":3192},{"Length":35,"Height":6,"Demand":0,"DemandMax":3,"Value":630},{"Length":67,"Height":64,"Demand":0,"DemandMax":3,"Value":4288},{"Length":72,"Height":89,"Demand":0,"DemandMax":3,"Value":6408},{"Length":20,"Height":24,"Demand":0,"DemandMax":3,"Value":1440},{"Length":3,"Height":45,"Demand":0,"DemandMax":3,"Value":135},{"Length":47,"Height":100,"Demand":0,"DemandMax":3,"Value":9400},{"Length":25,"Height":87,"Demand":0,"DemandMax":3,"Value":2175},{"Length":72,"Height":85,"Demand":0,"DemandMax":3,"Value":18360},{"Length":69,"Height":93,"Demand":0,"DemandMax":3,"Value":19251},{"Length":4,"Height":91,"Demand":0,"DemandMax":3,"Value":364},{"Length":13,"Height":22,"Demand":0,"DemandMax":3,"Value":858},{"Length":32,"Height":7,"Demand":0,"DemandMax":3,"Value":672},{"Length":47,"Height":31,"Demand":0,"DemandMax":3,"Value":1457},{"Length":23,"Height":27,"Demand":0,"DemandMax":3,"Value":621},{"Length":32,"Height":27,"Demand":0,"DemandMax":3,"Value":2592},{"Length":16,"Height":44,"Demand":0,"DemandMax":3,"Value":704},{"Length":44,"Height":49,"Demand":0,"DemandMax":3,"Value":4312},{"Length":38,"Height":3,"Demand":0,"DemandMax":3,"Value":228},{"Length":3,"Height":15,"Demand":0,"DemandMax":3,"Value":135}]}