{"Name":"ngcutfs1_160","Objects":[{"Length":100,"Height":100,"Stock":null,"Cost":10000}],"Items":[{"Length":77,"Height":46,"Demand":0,"DemandMax":1,"Value":10626},{"Length":97,"Height":18,"Demand":0,"DemandMax":1,"Value":3492},{"Length":90,"Height":66,"Demand":0,"DemandMax":1,"Value":17820},{"Length":84,"Height":3,"Demand":0,"DemandMax":1,"Value":504},{"Length":32,"Height":88,"Demand":0,"DemandMax":2,"Value":2816},{"Length":9,"Height":11,"Demand":0,"DemandMax":1,"Value":99},{"Length":45,"Height":99,"Demand":0,"DemandMax":1,"Value":8910},{"Length":41,"Height":23,"Demand":0,"DemandMax":1,"Value":1886},{"Length":81,"Height":18,"Demand":0,"DemandMax":1,"Value":1458},{"Length":22,"Height":47,"Demand":0,"DemandMax":1,"Value":3102},{"Length":33,"Height":87,"Demand":0,"DemandMax":1,"Value":2871},{"Length":12,"Height":14,"Demand":0,"DemandMax":1,"Value":504},{"Length":55,"Height":64,"Demand":0,"DemandMax":1,"Value":10560},{"Length":87,"Height":35,"Demand":0,"DemandMax":1,"Value":6090},{"Length":23,"Height":9,"Demand":0,"DemandMax":1,"Value":414},{"Length":37,"Height":29,"Demand":0,"DemandMax":1,"Value":1073},{"Length":78,"Height":51,"Demand":0,"DemandMax":1,"Value":7956},{"Length":41,"Height":38,"Demand":0,"DemandMax":1,"Value":1558},{"Length":41,"Height":84,"Demand":0,"DemandMax":1,"Value":3444},{"Length":9,"Height":85,"Demand":0,"DemandMax":1,"Value":765},{"Length":96,"Height":43,"Demand":0,"DemandMax":1,"Value":12384},{"Length":24,"Height":99,"Demand":0,"DemandMax":1,"Value":4752},{"Length":34,"Height":19,"Demand":0,"DemandMax":1,"Value":646},{"Length":24,"Height":44,"Demand":0,"DemandMax":1,"Value":2112},{"Length":78,"Height":96,"Demand":0,"DemandMax":1,"Value":14976},{"Length":26,"Height":46,"Demand":0,"DemandMax":2,"Value":3588},{"Length":28,"Height":28,"Demand":0,"DemandMax":1,"Value":1568},{"Length":95,"Height":3,"Demand":0,"DemandMax":1,"Value":285},{"Length":100,"Height":43,"Demand":0,"DemandMax":1,"Value":4300},{"Length":50,"Height":4,"Demand":0,"DemandMax":1,"Value":200},{"Length":8,"Height":78,"Demand":0,"DemandMax":1,"Value":1248},{"Length":24,"Height":87,"Demand":0,"DemandMax":1,"Value":6264},{"Length":100,"Height":7,"Demand":0,"DemandMax":3,"Value":2100},{"Length":35,"Height":29,"Demand":0,"DemandMax":1,"Value":2030},{"Length":15,"Height":10,"Demand":0,"DemandMax":1,"Value":300},{"Length":45,"Height":13,"Demand":0,"DemandMax":1,"Value":1170},{"Length":75,"Height":94,"Demand":0,"DemandMax":1,"Value":7050},{"Length":89,"Height":50,"Demand":0,"DemandMax":1,"Value":13350},{"Length":8,"Height":32,"Demand":0,"DemandMax":1,"Value":768},{"Length":13,"Height":81,"Demand":0,"DemandMax":1,"Value":2106},{"Length":41,"Height":5,"Demand":0,"DemandMax":1,"Value":410},{"Length":86,"Height":34,"Demand":0,"DemandMax":1,"Value":5848},{"Length":72,"Height":95,"Demand":0,"DemandMax":1,"Value":6840},{"Length":86,"Height":85,"Demand":0,"DemandMax":1,"Value":7310},{"Length":20,"Height":6,"Demand":0,"DemandMax":1,"Value":360},{"Length":69,"Height":89,"Demand":0,"DemandMax":1,"Value":12282},{"Length":13,"Height":76,"Demand":0,"DemandMax":1,"Value":988},{"Length":34,"Height":8,"Demand":0,"DemandMax":1,"Value":272},{"Length":25,"Height":15,"Demand":0,"DemandMax":1,"Value":1125},{"Length":92,"Height":74,"Demand":0,"DemandMax":1,"Value":13616},{"Length":21,"Height":10,"Demand":0,"DemandMax":1,"Value":630},{"Length":90,"Height":28,"Demand":0,"DemandMax":1,"Value":2520},{"Length":3,"Height":48,"Demand":0,"DemandMax":1,"Value":288},{"Length":87,"Height":11,"Demand":0,"DemandMax":1,"Value":2871},{"Length":83,"Height":35,"Demand":0,"DemandMax":1,"Value":8715},{"Length":48,"Height":83,"Demand":0,"DemandMax":1,"Value":7968},{"Length":96,"Height":86,"Demand":0,"DemandMax":1,"Value":16512},{"Length":13,"Height":44,"Demand":0,"DemandMax":1,"Value":1144},{"Length":12,"Height":35,"Demand":0,"DemandMax":1,"Value":1260},{"Length":92,"Height":17,"Demand":0,"DemandMax":1,"Value":1564},{"Length":19,"Height":95,"Demand":0,"DemandMax":1,"Value":1805},{"Length":28,"Height":42,"Demand":0,"DemandMax":1,"Value":3528},{"Length":21,"Height":6,"Demand":0,"DemandMax":1,"Value":126},{"Length":36,"Height":34,"Demand":0,"DemandMax":1,"Value":2448},{"Length":32,"Height":29,"Demand":0,"DemandMax":1,"Value":2784},{"Length":40,"Height":35,"Demand":0,"DemandMax":1,"Value":1400},{"Length":45,"Height":97,"Demand":0,"DemandMax":1,"Value":4365},{"Length":97,"Height":95,"Demand":0,"DemandMax":1,"Value":9215},{"Length":20,"Height":5,"Demand":0,"DemandMax":1,"Value":300},{"Length":87,"Height":18,"Demand":0,"DemandMax":1,"Value":3132},{"Length":90,"Height":43,"Demand":0,"DemandMax":1,"Value":3870},{"Length":78,"Height":23,"Demand":0,"DemandMax":1,"Value":5382},{"Length":32,"Height":84,"Demand":0,"DemandMax":1,"Value":8064},{"Length":32,"Height":41,"Demand":0,"DemandMax":1,"Value":1312},{"Length":35,"Height":100,"Demand":0,"DemandMax":1,"Value":10500},{"Length":33,"Height":97,"Demand":0,"DemandMax":1,"Value":6402},{"Length":44,"Height":18,"Demand":0,"DemandMax":1,"Value":2376},{"Length":35,"Height":89,"Demand":0,"DemandMax":1,"Value":6230},{"Length":95,"Height":51,"Demand":0,"DemandMax":1,"Value":14535},{"Length":76,"Height":29,"Demand":0,"DemandMax":1,"Value":2204},{"Length":38,"Height":25,"Demand":0,"DemandMax":1,"Value":2850},{"Length":28,"Height":36,"Demand":0,"DemandMax":1,"Value":3024},{"Length":2,"Height":28,"Demand":0,"DemandMax":1,"Value":56},{"Length":37,"Height":79,"Demand":0,"DemandMax":1,"Value":2923},{"Length":61,"Height":51,"Demand":0,"DemandMax":1,"Value":3111},{"Length":86,"Height":27,"Demand":0,"DemandMax":1,"Value":6966},{"Length":24,"Height":7,"Demand":0,"DemandMax":1,"Value":168},{"Length":31,"Height":17,"Demand":0,"DemandMax":1,"Value":1581},{"Length":92,"Height":71,"Demand":0,"DemandMax":1,"Value":13064},{"Length":52,"Height":96,"Demand":0,"DemandMax":1,"Value":9984},{"Length":46,"Height":16,"Demand":0,"DemandMax":1,"Value":1472},{"Length":80,"Height":24,"Demand":0,"DemandMax":2,"Value":5760},{"Length":58,"Height":89,"Demand":0,"DemandMax":1,"Value":15486},{"Length":24,"Height":29,"Demand":0,"DemandMax":1,"Value":696},{"Length":39,"Height":37,"Demand":0,"DemandMax":1,"Value":2886},{"Length":25,"Height":16,"Demand":0,"DemandMax":1,"Value":800},{"Length":37,"Height":34,"Demand":0,"DemandMax":1,"Value":2516},{"Length":11,"Height":29,"Demand":0,"DemandMax":1,"Value":319},{"Length":100,"Height":74,"Demand":0,"DemandMax":1,"Value":14800},{"Length":90,"Height":22,"Demand":0,"DemandMax":1,"Value":1980},{"Length":40,"Height":93,"Demand":0,"DemandMax":1,"Value":7440},{"Length":46,"Height":2,"Demand":0,"DemandMax":1,"Value":92},{"Length":30,"Height":10,"Demand":0,"DemandMax":1,"Value":600},{"Length":40,"Height":89,"Demand":0,"DemandMax":1,"Value":3560},{"Length":83,"Height":77,"Demand":0,"DemandMax":1,"Value":12782},{"Length":4,"Height":82,"Demand":0,"DemandMax":1,"Value":656},{"Length":49,"Height":20,"Demand":0,"DemandMax":1,"Value":1960},{"Length":46,"Height":23,"Demand":0,"DemandMax":1,"Value":1058},{"Length":25,"Height":89,"Demand":0,"DemandMax":1,"Value":2225},{"Length":90,"Height":78,"Demand":0,"DemandMax":1,"Value":14040},{"Length":98,"Height":66,"Demand":0,"DemandMax":1,"Value":6468},{"Length":30,"Height":47,"Demand":0,"DemandMax":1,"Value":2820},{"Length":27,"Height":43,"Demand":0,"DemandMax":1,"Value":1161},{"Length":88,"Height":37,"Demand":0,"DemandMax":1,"Value":6512},{"Length":8,"Height":49,"Demand":0,"DemandMax":1,"Value":392},{"Length":33,"Height":89,"Demand":0,"DemandMax":1,"Value":8811},{"Length":46,"Height":5,"Demand":0,"DemandMax":1,"Value":460},{"Length":79,"Height":87,"Demand":0,"DemandMax":1,"Value":13746},{"Length":60,"Height":89,"Demand":0,"DemandMax":1,"Value":5340},{"Length":63,"Height":86,"Demand":0,"DemandMax":1,"Value":5418},{"Length":7,"Height":36,"Demand":0,"DemandMax":1,"Value":504},{"Length":22,"Height":28,"Demand":0,"DemandMax":1,"Value":1848},{"Length":33,"Height":42,"Demand":0,"DemandMax":1,"Value":1386},{"Length":15,"Height":44,"Demand":0,"DemandMax":1,"Value":1320},{"Length":91,"Height":6,"Demand":0,"DemandMax":1,"Value":1092},{"Length":33,"Height":100,"Demand":0,"DemandMax":1,"Value":3300},{"Length":10,"Height":16,"Demand":0,"DemandMax":1,"Value":480},{"Length":91,"Height":66,"Demand":0,"DemandMax":1,"Value":12012},{"Length":20,"Height":97,"Demand":0,"DemandMax":1,"Value":5820},{"Length":100,"Height":30,"Demand":0,"DemandMax":1,"Value":6000},{"Length":82,"Height":77,"Demand":0,"DemandMax":1,"Value":6314},{"Length":60,"Height":61,"Demand":0,"DemandMax":1,"Value":3660},{"Length":84,"Height":4,"Demand":0,"DemandMax":1,"Value":672},{"Length":2,"Height":92,"Demand":0,"DemandMax":1,"Value":368},{"Length":19,"Height":16,"Demand":0,"DemandMax":1,"Value":608},{"Length":91,"Height":42,"Demand":0,"DemandMax":1,"Value":11466},{"Length":7,"Height":88,"Demand":0,"DemandMax":1,"Value":1848},{"Length":29,"Height":19,"Demand":0,"DemandMax":1,"Value":1102},{"Length":83,"Height":43,"Demand":0,"DemandMax":1,"Value":3569},{"Length":87,"Height":50,"Demand":0,"DemandMax":2,"Value":4350},{"Length":60,"Height":75,"Demand":0,"DemandMax":1,"Value":4500},{"Length":98,"Height":3,"Demand":0,"DemandMax":1,"Value":882},{"Length":50,"Height":3,"Demand":0,"DemandMax":2,"Value":450},{"Length":17,"Height":93,"Demand":0,"DemandMax":1,"Value":1581},{"Length":87,"Height":23,"Demand":0,"DemandMax":1,"Value":2001},{"Length":76,"Height":40,"Demand":0,"DemandMax":1,"Value":9120},{"Length":35,"Height":27,"Demand":0,"DemandMax":1,"Value":945},{"Length":48,"Height":32,"Demand":0,"DemandMax":1,"Value":3072},{"Length":24,"Height":13,"Demand":0,"DemandMax":1,"Value":312},{"Length":83,"Height":33,"Demand":0,"DemandMax":1,"Value":8217},{"Length":80,"Height":15,"Demand":0,"DemandMax":1,"Value":2400},{"Length":18,"Height":45,"Demand":0,"DemandMax":1,"Value":1620},{"Length":96,"Height":24,"Demand":0,"DemandMax":1,"Value":6912},{"Length":3,"Height":17,"Demand":0,"DemandMax":1,"Value":153},{"Length":30,"Height":45,"Demand":0,"DemandMax":1,"Value":2700},{"Length":76,"Height":50,"Demand":0,"DemandMax":1,"Value":11400},{"Length":89,"Height":57,"Demand":0,"DemandMax":1,"Value":5073},{"Length":35,"Height":22,"Demand":0,"DemandMax":1,"Value":770},{"Length":50,"Height":92,"Demand":0,"DemandMax":1,"Value":9200},{"Length":37,"Height":40,"Demand":0,"DemandMax":1,"Value":1480},{"Length":14,"Height":90,"Demand":0,"DemandMax":1,"Value":1260},{"Length":12,"Height":14,"Demand":0,"DemandMax":1,"Value":168},{"Length":81,"Height":18,"Demand":0,"DemandMax":1,"Value":2916},{"Length":82,"Height":100,"Demand":0,"DemandMax":1,"Value":24600},{"Length":85,"Height":28,"Demand":0,"DemandMax":1,"Value":7140},{"Length":25,"Height":49,"Demand":0,"DemandMax":1,"Value":3675},{"Length":21,"Height":83,"Demand":0,"DemandMax":1,"Value":1743},{"Length":9,"Height":46,"Demand":0,"DemandMax":1,"Value":414},{"Length":69,"Height":71,"Demand":0,"DemandMax":1,"Value":4899},{"Length":90,"Height":16,"Demand":0,"DemandMax":1,"Value":4320},{"Length":23,"Height":39,"Demand":0,"DemandMax":1,"Value":2691},{"Length":93,"Height":83,"Demand":0,"DemandMax":1,"Value":15438},{"Length":8,"Height":19,"Demand":0,"DemandMax":1,"Value":304},{"Length":20,"Height":98,"Demand":0,"DemandMax":1,"Value":3920},{"Length":94,"Height":23,"Demand":0,"DemandMax":1,"Value":2162},{"Length":77,"Height":44,"Demand":0,"DemandMax":1,"Value":10164},{"Length":83,"Height":43,"Demand":0,"DemandMax":1,"Value":7138},{"Length":25,"Height":35,"Demand":0,"DemandMax":1,"Value":2625},{"Length":10,"Height":83,"Demand":0,"DemandMax":1,"Value":1660},{"Length":10,"Height":94,"Demand":0,"DemandMax":1,"Value":2820},{"Length":12,"Height":39,"Demand":0,"DemandMax":2,"Value":936},{"Length":57,"Height":94,"Demand":0,"DemandMax":1,"Value":16074},{"Length":7,"Height":20,"Demand":0,"DemandMax":1,"Value":140},{"Length":86,"Height":37,"Demand":0,"DemandMax":1,"Value":3182},{"Length":98,"Height":78,"Demand":0,"DemandMax":1,"Value":7644},{"Length":21,"Height":33,"Demand":0,"DemandMax":1,"Value":2079},{"Length":22,"Height":87,"Demand":0,"DemandMax":1,"Value":3828},{"Length":32,"Height":11,"Demand":0,"DemandMax":1,"Value":1056},{"Length":96,"Height":52,"Demand":0,"DemandMax":1,"Value":14976},{"Length":40,"Height":43,"Demand":0,"DemandMax":1,"Value":3440},{"Length":7,"Height":18,"Demand":0,"DemandMax":1,"Value":252},{"Length":62,"Height":58,"Demand":0,"DemandMax":1,"Value":7192},{"Length":43,"Height":83,"Demand":0,"DemandMax":1,"Value":3569},{"Length":11,"Height":81,"Demand":0,"DemandMax":1,"Value":891},{"Length":67,"Height":97,"Demand":0,"DemandMax":1,"Value":6499},{"Length":76,"Height":72,"Demand":0,"DemandMax":1,"Value":16416},{"Length":58,"Height":67,"Demand":0,"DemandMax":1,"Value":7772},{"Length":12,"Height":19,"Demand":0,"DemandMax":1,"Value":684},{"Length":33,"Height":50,"Demand":0,"DemandMax":1,"Value":4950},{"Length":88,"Height":80,"Demand":0,"DemandMax":1,"Value":21120},{"Length":7,"Height":12,"Demand":0,"DemandMax":1,"Value":84},{"Length":34,"Height":13,"Demand":0,"DemandMax":1,"Value":442},{"Length":80,"Height":16,"Demand":0,"DemandMax":1,"Value":2560},{"Length":9,"Height":38,"Demand":0,"DemandMax":2,"Value":342},{"Length":72,"Height":85,"Demand":0,"DemandMax":1,"Value":12240},{"Length":15,"Height":82,"Demand":0,"DemandMax":1,"Value":2460},{"Length":100,"Height":27,"Demand":0,"DemandMax":1,"Value":8100},{"Length":23,"Height":45,"Demand":0,"DemandMax":1,"Value":3105},{"Length":62,"Height":81,"Demand":0,"DemandMax":1,"Value":10044},{"Length":43,"Height":41,"Demand":0,"DemandMax":1,"Value":1763},{"Length":3,"Height":95,"Demand":0,"DemandMax":1,"Value":855},{"Length":5,"Height":91,"Demand":0,"DemandMax":1,"Value":910},{"Length":6,"Height":16,"Demand":0,"DemandMax":1,"Value":288},{"Length":52,"Height":96,"Demand":0,"DemandMax":1,"Value":4992},{"Length":18,"Height":41,"Demand":0,"DemandMax":1,"Value":2214},{"Length":92,"Height":20,"Demand":0,"DemandMax":1,"Value":1840},{"Length":24,"Height":87,"Demand":0,"DemandMax":1,"Value":2088},{"Length":94,"Height":62,"Demand":0,"DemandMax":1,"Value":11656},{"Length":41,"Height":21,"Demand":0,"DemandMax":1,"Value":861},{"Length":80,"Height":7,"Demand":0,"DemandMax":1,"Value":560},{"Length":56,"Height":54,"Demand":0,"DemandMax":1,"Value":9072},{"Length":30,"Height":9,"Demand":0,"DemandMax":1,"Value":810},{"Length":80,"Height":39,"Demand":0,"DemandMax":1,"Value":3120},{"Length":25,"Height":20,"Demand":0,"DemandMax":1,"Value":1000},{"Length":25,"Height":22,"Demand":0,"DemandMax":1,"Value":1100},{"Length":2,"Height":78,"Demand":0,"DemandMax":1,"Value":312},{"Length":33,"Height":30,"Demand":0,"DemandMax":1,"Value":2970},{"Length":78,"Height":48,"Demand":0,"DemandMax":1,"Value":7488},{"Length":39,"Height":83,"Demand":0,"DemandMax":1,"Value":9711},{"Length":55,"Height":98,"Demand":0,"DemandMax":1,"Value":10780},{"Length":28,"Height":36,"Demand":0,"DemandMax":1,"Value":1008},{"Length":92,"Height":44,"Demand":0,"DemandMax":1,"Value":8096},{"Length":31,"Height":78,"Demand":0,"DemandMax":1,"Value":4836},{"Length":73,"Height":96,"Demand":0,"DemandMax":1,"Value":21024},{"Length":89,"Height":44,"Demand":0,"DemandMax":1,"Value":11748},{"Length":42,"Height":99,"Demand":0,"DemandMax":1,"Value":12474},{"Length":80,"Height":71,"Demand":0,"DemandMax":1,"Value":17040},{"Length":17,"Height":83,"Demand":0,"DemandMax":1,"Value":1411},{"Length":40,"Height":31,"Demand":0,"DemandMax":1,"Value":1240},{"Length":38,"Height":40,"Demand":0,"DemandMax":1,"Value":3040},{"Length":19,"Height":92,"Demand":0,"DemandMax":1,"Value":3496},{"Length":11,"Height":24,"Demand":0,"DemandMax":1,"Value":792},{"Length":90,"Height":79,"Demand":0,"DemandMax":1,"Value":14220},{"Length":16,"Height":97,"Demand":0,"DemandMax":1,"Value":4656},{"Length":49,"Height":37,"Demand":0,"DemandMax":1,"Value":3626},{"Length":15,"Height":18,"Demand":0,"DemandMax":1,"Value":810},{"Length":90,"Height":85,"Demand":0,"DemandMax":1,"Value":22950},{"Length":71,"Height":99,"Demand":0,"DemandMax":1,"Value":7029},{"Length":95,"Height":94,"Demand":0,"DemandMax":1,"Value":26790},{"Length":4,"Height":17,"Demand":0,"DemandMax":1,"Value":204},{"Length":88,"Height":48,"Demand":0,"DemandMax":1,"Value":8448},{"Length":43,"Height":4,"Demand":0,"DemandMax":1,"Value":172},{"Length":20,"Height":40,"Demand":0,"DemandMax":1,"Value":1600},{"Length":84,"Height":5,"Demand":0,"DemandMax":1,"Value":840},{"Length":16,"Height":86,"Demand":0,"DemandMax":1,"Value":2752},{"Length":18,"Height":49,"Demand":0,"DemandMax":1,"Value":1764},{"Length":74,"Height":74,"Demand":0,"DemandMax":1,"Value":5476},{"Length":37,"Height":46,"Demand":0,"DemandMax":1,"Value":3404},{"Length":13,"Height":36,"Demand":0,"DemandMax":1,"Value":1404},{"Length":95,"Height":24,"Demand":0,"DemandMax":1,"Value":6840},{"Length":45,"Height":16,"Demand":0,"DemandMax":1,"Value":2160},{"Length":47,"Height":39,"Demand":0,"DemandMax":1,"Value":5499},{"Length":76,"Height":37,"Demand":0,"DemandMax":1,"Value":5624},{"Length":19,"Height":94,"Demand":0,"DemandMax":1,"Value":3572},{"Length":27,"Height":77,"Demand":0,"DemandMax":1,"Value":2079},{"Length":42,"Height":78,"Demand":0,"DemandMax":1,"Value":3276},{"Length":69,"Height":85,"Demand":0,"DemandMax":1,"Value":5865},{"Length":77,"Height":5,"Demand":0,"DemandMax":1,"Value":385},{"Length":19,"Height":87,"Demand":0,"DemandMax":1,"Value":4959},{"Length":87,"Height":100,"Demand":0,"DemandMax":1,"Value":8700},{"Length":65,"Height":91,"Demand":0,"DemandMax":1,"Value":5915},{"Length":21,"Height":92,"Demand":0,"DemandMax":1,"Value":3864},{"Length":26,"Height":79,"Demand":0,"DemandMax":1,"Value":4108},{"Length":85,"Height":34,"Demand":0,"DemandMax":1,"Value":8670},{"Length":93,"Height":86,"Demand":0,"DemandMax":1,"Value":7998},{"Length":86,"Height":37,"Demand":0,"DemandMax":1,"Value":6364},{"Length":47,"Height":31,"Demand":0,"DemandMax":1,"Value":4371},{"Length":98,"Height":13,"Demand":0,"DemandMax":1,"Value":3822},{"Length":41,"Height":14,"Demand":0,"DemandMax":1,"Value":1148},{"Length":25,"Height":92,"Demand":0,"DemandMax":1,"Value":4600},{"Length":25,"Height":26,"Demand":0,"DemandMax":1,"Value":1950},{"Length":29,"Height":47,"Demand":0,"DemandMax":1,"Value":2726},{"Length":47,"Height":36,"Demand":0,"DemandMax":1,"Value":1692},{"Length":42,"Height":92,"Demand":0,"DemandMax":1,"Value":7728},{"Length":28,"Height":38,"Demand":0,"DemandMax":1,"Value":3192},{"Length":33,"Height":99,"Demand":0,"DemandMax":1,"Value":6534},{"Length":11,"Height":42,"Demand":0,"DemandMax":1,"Value":462},{"Length":4,"Height":93,"Demand":0,"DemandMax":1,"Value":1116},{"Length":2,"Height":76,"Demand":0,"DemandMax":1,"Value":152},{"Length":28,"Height":46,"Demand":0,"DemandMax":1,"Value":1288},{"Length":99,"Height":18,"Demand":0,"DemandMax":1,"Value":3564},{"Length":48,"Height":85,"Demand":0,"DemandMax":1,"Value":12240},{"Length":41,"Height":17,"Demand":0,"DemandMax":1,"Value":697},{"Length":28,"Height":4,"Demand":0,"DemandMax":1,"Value":224},{"Length":12,"Height":26,"Demand":0,"DemandMax":1,"Value":624},{"Length":35,"Height":94,"Demand":0,"DemandMax":1,"Value":9870},{"Length":80,"Height":15,"Demand":0,"DemandMax":1,"Value":3600},{"Length":77,"Height":26,"Demand":0,"DemandMax":1,"Value":4004},{"Length":17,"Height":100,"Demand":0,"DemandMax":1,"Value":1700},{"Length":25,"Height":37,"Demand":0,"DemandMax":1,"Value":1850},{"Length":88,"Height":49,"Demand":0,"DemandMax":2,"Value":4312},{"Length":21,"Height":43,"Demand":0,"DemandMax":1,"Value":2709},{"Length":59,"Height":94,"Demand":0,"DemandMax":1,"Value":16638},{"Length":31,"Height":76,"Demand":0,"DemandMax":1,"Value":4712},{"Length":44,"Height":9,"Demand":0,"DemandMax":1,"Value":396},{"Length":31,"Height":25,"Demand":0,"DemandMax":1,"Value":2325},{"Length":39,"Height":81,"Demand":0,"DemandMax":1,"Value":3159},{"Length":7,"Height":3,"Demand":0,"DemandMax":1,"Value":42},{"Length":94,"Height":93,"Demand":0,"DemandMax":1,"Value":17484},{"Length":96,"Height":22,"Demand":0,"DemandMax":1,"Value":4224},{"Length":82,"Height":78,"Demand":0,"DemandMax":1,"Value":6396},{"Length":76,"Height":51,"Demand":0,"DemandMax":1,"Value":7752},{"Length":36,"Height":84,"Demand":0,"DemandMax":1,"Value":3024},{"Length":97,"Height":82,"Demand":0,"DemandMax":1,"Value":15908},{"Length":32,"Height":13,"Demand":0,"DemandMax":1,"Value":416},{"Length":88,"Height":47,"Demand":0,"DemandMax":1,"Value":12408},{"Length":45,"Height":15,"Demand":0,"DemandMax":1,"Value":2025},{"Length":29,"Height":16,"Demand":0,"DemandMax":1,"Value":464},{"Length":21,"Height":82,"Demand":0,"DemandMax":1,"Value":5166},{"Length":48,"Height":77,"Demand":0,"DemandMax":1,"Value":7392},{"Length":74,"Height":66,"Demand":0,"DemandMax":1,"Value":9768},{"Length":8,"Height":50,"Demand":0,"DemandMax":1,"Value":1200},{"Length":77,"Height":49,"Demand":0,"DemandMax":1,"Value":7546},{"Length":38,"Height":96,"Demand":0,"DemandMax":1,"Value":10944},{"Length":46,"Height":3,"Demand":0,"DemandMax":1,"Value":138},{"Length":47,"Height":20,"Demand":0,"DemandMax":1,"Value":940},{"Length":25,"Height":18,"Demand":0,"DemandMax":1,"Value":450},{"Length":50,"Height":83,"Demand":0,"DemandMax":1,"Value":12450},{"Length":33,"Height":99,"Demand":0,"DemandMax":1,"Value":3267},{"Length":47,"Height":45,"Demand":0,"DemandMax":1,"Value":4230},{"Length":100,"Height":81,"Demand":0,"DemandMax":1,"Value":16200},{"Length":8,"Height":92,"Demand":0,"DemandMax":1,"Value":1472},{"Length":27,"Height":18,"Demand":0,"DemandMax":1,"Value":486},{"Length":13,"Height":11,"Demand":0,"DemandMax":1,"Value":286},{"Length":43,"Height":98,"Demand":0,"DemandMax":1,"Value":8428},{"Length":41,"Height":46,"Demand":0,"DemandMax":1,"Value":3772},{"Length":4,"Height":90,"Demand":0,"DemandMax":1,"Value":1080},{"Length":35,"Height":40,"Demand":0,"DemandMax":1,"Value":4200},{"Length":32,"Height":96,"Demand":0,"DemandMax":1,"Value":3072},{"Length":15,"Height":41,"Demand":0,"DemandMax":1,"Value":615},{"Length":31,"Height":49,"Demand":0,"DemandMax":1,"Value":4557},{"Length":82,"Height":7,"Demand":0,"DemandMax":1,"Value":1148},{"Length":76,"Height":5,"Demand":0,"DemandMax":1,"Value":380},{"Length":44,"Height":40,"Demand":0,"DemandMax":1,"Value":1760},{"Length":80,"Height":51,"Demand":0,"DemandMax":1,"Value":8160},{"Length":40,"Height":50,"Demand":0,"DemandMax":1,"Value":6000},{"Length":82,"Height":22,"Demand":0,"DemandMax":1,"Value":3608},{"Length":50,"Height":37,"Demand":0,"DemandMax":1,"Value":5550},{"Length":39,"Height":87,"Demand":0,"DemandMax":1,"Value":3393},{"Length":97,"Height":66,"Demand":0,"DemandMax":1,"Value":19206},{"Length":85,"Height":39,"Demand":0,"DemandMax":1,"Value":3315},{"Length":33,"Height":77,"Demand":0,"DemandMax":1,"Value":7623},{"Length":49,"Height":27,"Demand":0,"DemandMax":1,"Value":2646},{"Length":2,"Height":10,"Demand":0,"DemandMax":1,"Value":60},{"Length":33,"Height":83,"Demand":0,"DemandMax":1,"Value":8217},{"Length":2,"Height":7,"Demand":0,"DemandMax":1,"Value":14},{"Length":87,"Height":91,"Demand":0,"DemandMax":1,"Value":23751},{"Length":39,"Height":23,"Demand":0,"DemandMax":1,"Value":2691},{"Length":100,"Height":37,"Demand":0,"DemandMax":1,"Value":3700},{"Length":98,"Height":77,"Demand":0,"DemandMax":1,"Value":7546},{"Length":73,"Height":97,"Demand":0,"DemandMax":1,"Value":14162},{"Length":36,"Height":36,"Demand":0,"DemandMax":1,"Value":2592},{"Length":27,"Height":90,"Demand":0,"DemandMax":1,"Value":7290},{"Length":58,"Height":57,"Demand":0,"DemandMax":1,"Value":6612},{"Length":32,"Height":28,"Demand":0,"DemandMax":2,"Value":1792},{"Length":54,"Height":54,"Demand":0,"DemandMax":1,"Value":2916},{"Length":47,"Height":76,"Demand":0,"DemandMax":1,"Value":10716},{"Length":18,"Height":49,"Demand":0,"DemandMax":1,"Value":882},{"Length":30,"Height":98,"Demand":0,"DemandMax":1,"Value":5880},{"Length":97,"Height":28,"Demand":0,"DemandMax":1,"Value":5432},{"Length":8,"Height":10,"Demand":0,"DemandMax":1,"Value":240},{"Length":46,"Height":38,"Demand":0,"DemandMax":1,"Value":5244},{"Length":52,"Height":75,"Demand":0,"DemandMax":1,"Value":7800},{"Length":45,"Height":39,"Demand":0,"DemandMax":1,"Value":5265},{"Length":99,"Height":8,"Demand":0,"DemandMax":1,"Value":2376},{"Length":22,"Height":100,"Demand":0,"DemandMax":1,"Value":6600},{"Length":43,"Height":89,"Demand":0,"DemandMax":1,"Value":7654},{"Length":79,"Height":12,"Demand":0,"DemandMax":1,"Value":2844},{"Length":30,"Height":4,"Demand":0,"DemandMax":1,"Value":360},{"Length":37,"Height":29,"Demand":0,"DemandMax":1,"Value":3219},{"Length":69,"Height":77,"Demand":0,"DemandMax":1,"Value":5313},{"Length":35,"Height":14,"Demand":0,"DemandMax":1,"Value":490},{"Length":70,"Height":94,"Demand":0,"DemandMax":1,"Value":6580},{"Length":89,"Height":32,"Demand":0,"DemandMax":1,"Value":8544},{"Length":96,"Height":73,"Demand":0,"DemandMax":1,"Value":7008},{"Length":63,"Height":98,"Demand":0,"DemandMax":1,"Value":18522},{"Length":43,"Height":43,"Demand":0,"DemandMax":1,"Value":5547},{"Length":13,"Height":13,"Demand":0,"DemandMax":1,"Value":507},{"Length":98,"Height":30,"Demand":0,"DemandMax":1,"Value":8820},{"Length":37,"Height":42,"Demand":0,"DemandMax":1,"Value":4662},{"Length":38,"Height":41,"Demand":0,"DemandMax":1,"Value":3116},{"Length":6,"Height":97,"Demand":0,"DemandMax":1,"Value":582},{"Length":94,"Height":34,"Demand":0,"DemandMax":1,"Value":3196},{"Length":87,"Height":56,"Demand":0,"DemandMax":1,"Value":9744},{"Length":85,"Height":11,"Demand":0,"DemandMax":1,"Value":1870},{"Length":82,"Height":88,"Demand":0,"DemandMax":1,"Value":14432},{"Length":32,"Height":94,"Demand":0,"DemandMax":1,"Value":3008},{"Length":95,"Height":14,"Demand":0,"DemandMax":1,"Value":3990},{"Length":48,"Height":12,"Demand":0,"DemandMax":1,"Value":1728},{"Length":25,"Height":20,"Demand":0,"DemandMax":1,"Value":500},{"Length":10,"Height":31,"Demand":0,"DemandMax":1,"Value":930},{"Length":33,"Height":77,"Demand":0,"DemandMax":1,"Value":2541},{"Length":67,"Height":74,"Demand":0,"DemandMax":1,"Value":4958},{"Length":46,"Height":29,"Demand":0,"DemandMax":1,"Value":1334},{"Length":99,"Height":25,"Demand":0,"DemandMax":1,"Value":4950},{"Length":47,"Height":4,"Demand":0,"DemandMax":1,"Value":376},{"Length":82,"Height":25,"Demand":0,"DemandMax":1,"Value":6150},{"Length":11,"Height":14,"Demand":0,"DemandMax":1,"Value":462},{"Length":36,"Height":20,"Demand":0,"DemandMax":1,"Value":720},{"Length":39,"Height":23,"Demand":0,"DemandMax":1,"Value":1794},{"Length":71,"Height":62,"Demand":0,"DemandMax":1,"Value":13206},{"Length":6,"Height":96,"Demand":0,"DemandMax":1,"Value":1152},{"Length":20,"Height":50,"Demand":0,"DemandMax":1,"Value":1000},{"Length":27,"Height":23,"Demand":0,"DemandMax":1,"Value":621},{"Length":7,"Height":21,"Demand":0,"DemandMax":1,"Value":147},{"Length":77,"Height":25,"Demand":0,"DemandMax":1,"Value":3850},{"Length":10,"Height":4,"Demand":0,"DemandMax":1,"Value":40},{"Length":49,"Height":78,"Demand":0,"DemandMax":1,"Value":3822},{"Length":11,"Height":22,"Demand":0,"DemandMax":1,"Value":484},{"Length":38,"Height":99,"Demand":0,"DemandMax":1,"Value":3762},{"Length":90,"Height":47,"Demand":0,"DemandMax":1,"Value":8460},{"Length":90,"Height":38,"Demand":0,"DemandMax":1,"Value":10260},{"Length":17,"Height":24,"Demand":0,"DemandMax":1,"Value":816},{"Length":72,"Height":100,"Demand":0,"DemandMax":1,"Value":7200},{"Length":43,"Height":31,"Demand":0,"DemandMax":1,"Value":3999},{"Length":95,"Height":52,"Demand":0,"DemandMax":1,"Value":9880},{"Length":90,"Height":8,"Demand":0,"DemandMax":1,"Value":1440},{"Length":51,"Height":62,"Demand":0,"DemandMax":1,"Value":6324},{"Length":50,"Height":8,"Demand":0,"DemandMax":1,"Value":400},{"Length":10,"Height":35,"Demand":0,"DemandMax":1,"Value":350},{"Length":85,"Height":49,"Demand":0,"DemandMax":1,"Value":12495},{"Length":86,"Height":79,"Demand":0,"DemandMax":1,"Value":20382},{"Length":19,"Height":7,"Demand":0,"DemandMax":1,"Value":266},{"Length":28,"Height":2,"Demand":0,"DemandMax":2,"Value":56},{"Length":32,"Height":81,"Demand":0,"DemandMax":1,"Value":7776},{"Length":87,"Height":24,"Demand":0,"DemandMax":1,"Value":6264},{"Length":38,"Height":47,"Demand":0,"DemandMax":1,"Value":1786},{"Length":14,"Height":23,"Demand":0,"DemandMax":1,"Value":644},{"Length":70,"Height":90,"Demand":0,"DemandMax":1,"Value":12600},{"Length":31,"Height":77,"Demand":0,"DemandMax":1,"Value":4774},{"Length":49,"Height":86,"Demand":0,"DemandMax":1,"Value":12642},{"Length":78,"Height":29,"Demand":0,"DemandMax":1,"Value":2262},{"Length":97,"Height":26,"Demand":0,"DemandMax":1,"Value":7566},{"Length":93,"Height":91,"Demand":0,"DemandMax":1,"Value":25389},{"Length":94,"Height":64,"Demand":0,"DemandMax":1,"Value":6016},{"Length":49,"Height":11,"Demand":0,"DemandMax":1,"Value":1078},{"Length":72,"Height":76,"Demand":0,"DemandMax":1,"Value":10944},{"Length":36,"Height":37,"Demand":0,"DemandMax":1,"Value":1332},{"Length":36,"Height":36,"Demand":0,"DemandMax":1,"Value":1296},{"Length":2,"Height":93,"Demand":0,"DemandMax":1,"Value":186},{"Length":39,"Height":92,"Demand":0,"DemandMax":1,"Value":7176},{"Length":100,"Height":72,"Demand":0,"DemandMax":1,"Value":21600},{"Length":44,"Height":13,"Demand":0,"DemandMax":1,"Value":572},{"Length":42,"Height":26,"Demand":0,"DemandMax":1,"Value":2184},{"Length":57,"Height":77,"Demand":0,"DemandMax":1,"Value":4389},{"Length":95,"Height":60,"Demand":0,"DemandMax":1,"Value":11400},{"Length":17,"Height":27,"Demand":0,"DemandMax":1,"Value":1377},{"Length":15,"Height":12,"Demand":0,"DemandMax":1,"Value":360},{"Length":32,"Height":90,"Demand":0,"DemandMax":1,"Value":2880},{"Length":91,"Height":31,"Demand":0,"DemandMax":1,"Value":8463},{"Length":5,"Height":98,"Demand":0,"DemandMax":1,"Value":1470},{"Length":22,"Height":2,"Demand":0,"DemandMax":1,"Value":88},{"Length":37,"Height":5,"Demand":0,"DemandMax":1,"Value":185},{"Length":13,"Height":9,"Demand":0,"DemandMax":1,"Value":351},{"Length":36,"Height":14,"Demand":0,"DemandMax":1,"Value":504},{"Length":69,"Height":57,"Demand":0,"DemandMax":1,"Value":7866},{"Length":45,"Height":27,"Demand":0,"DemandMax":1,"Value":2430},{"Length":77,"Height":13,"Demand":0,"DemandMax":1,"Value":3003},{"Length":49,"Height":30,"Demand":0,"DemandMax":1,"Value":1470},{"Length":94,"Height":41,"Demand":0,"DemandMax":1,"Value":11562},{"Length":13,"Height":20,"Demand":0,"DemandMax":1,"Value":780},{"Length":47,"Height":86,"Demand":0,"DemandMax":1,"Value":8084},{"Length":9,"Height":9,"Demand":0,"DemandMax":1,"Value":162},{"Length":77,"Height":39,"Demand":0,"DemandMax":1,"Value":9009},{"Length":21,"Height":15,"Demand":0,"DemandMax":1,"Value":945},{"Length":17,"Height":82,"Demand":0,"DemandMax":1,"Value":4182},{"Length":20,"Height":27,"Demand":0,"DemandMax":1,"Value":540},{"Length":77,"Height":62,"Demand":0,"DemandMax":1,"Value":4774},{"Length":98,"Height":3,"Demand":0,"DemandMax":1,"Value":294},{"Length":37,"Height":91,"Demand":0,"DemandMax":1,"Value":10101},{"Length":83,"Height":48,"Demand":0,"DemandMax":1,"Value":7968},{"Length":95,"Height":7,"Demand":0,"DemandMax":1,"Value":665},{"Length":49,"Height":40,"Demand":0,"DemandMax":1,"Value":3920},{"Length":21,"Height":46,"Demand":0,"DemandMax":1,"Value":966},{"Length":4,"Height":6,"Demand":0,"DemandMax":1,"Value":72},{"Length":24,"Height":25,"Demand":0,"DemandMax":1,"Value":600},{"Length":83,"Height":89,"Demand":0,"DemandMax":1,"Value":22161},{"Length":92,"Height":3,"Demand":0,"DemandMax":1,"Value":552}]}