{"Name":"ngcutfs1_143","Objects":[{"Length":100,"Height":100,"Stock":null,"Cost":10000}],"Items":[{"Length":46,"Height":36,"Demand":0,"DemandMax":4,"Value":3312},{"Length":30,"Height":22,"Demand":0,"DemandMax":4,"Value":1320},{"Length":33,"Height":28,"Demand":0,"DemandMax":4,"Value":1848},{"Length":65,"Height":91,"Demand":0,"DemandMax":4,"Value":17745},{"Length":77,"Height":40,"Demand":0,"DemandMax":4,"Value":9240},{"Length":87,"Height":41,"Demand":0,"DemandMax":4,"Value":10701},{"Length":84,"Height":26,"Demand":0,"DemandMax":4,"Value":4368},{"Length":63,"Height":53,"Demand":0,"DemandMax":4,"Value":6678},{"Length":79,"Height":27,"Demand":0,"DemandMax":4,"Value":6399},{"Length":48,"Height":7,"Demand":0,"DemandMax":4,"Value":672},{"Length":27,"Height":32,"Demand":0,"DemandMax":4,"Value":864},{"Length":6,"Height":86,"Demand":0,"DemandMax":4,"Value":1548},{"Length":49,"Height":47,"Demand":0,"DemandMax":4,"Value":6909},{"Length":83,"Height":19,"Demand":0,"DemandMax":4,"Value":3154},{"Length":24,"Height":95,"Demand":0,"DemandMax":4,"Value":4560},{"Length":70,"Height":85,"Demand":0,"DemandMax":4,"Value":5950},{"Length":57,"Height":92,"Demand":0,"DemandMax":4,"Value":5244},{"Length":17,"Height":49,"Demand":0,"DemandMax":4,"Value":2499},{"Length":99,"Height":10,"Demand":0,"DemandMax":8,"Value":2970},{"Length":71,"Height":94,"Demand":0,"DemandMax":4,"Value":20022},{"Length":20,"Height":91,"Demand":0,"DemandMax":4,"Value":1820},{"Length":25,"Height":44,"Demand":0,"DemandMax":4,"Value":3300},{"Length":21,"Height":46,"Demand":0,"DemandMax":4,"Value":966},{"Length":44,"Height":89,"Demand":0,"DemandMax":4,"Value":11748},{"Length":58,"Height":75,"Demand":0,"DemandMax":4,"Value":4350},{"Length":68,"Height":69,"Demand":0,"DemandMax":4,"Value":9384},{"Length":3,"Height":23,"Demand":0,"DemandMax":4,"Value":207},{"Length":80,"Height":44,"Demand":0,"DemandMax":4,"Value":10560},{"Length":27,"Height":87,"Demand":0,"DemandMax":4,"Value":7047},{"Length":37,"Height":17,"Demand":0,"DemandMax":4,"Value":1887},{"Length":12,"Height":13,"Demand":0,"DemandMax":4,"Value":312},{"Length":97,"Height":45,"Demand":0,"DemandMax":4,"Value":4365},{"Length":66,"Height":66,"Demand":0,"DemandMax":4,"Value":8712},{"Length":28,"Height":43,"Demand":0,"DemandMax":4,"Value":1204},{"Length":80,"Height":64,"Demand":0,"DemandMax":4,"Value":15360},{"Length":81,"Height":74,"Demand":0,"DemandMax":4,"Value":5994},{"Length":94,"Height":6,"Demand":0,"DemandMax":4,"Value":1128},{"Length":19,"Height":22,"Demand":0,"DemandMax":4,"Value":836},{"Length":60,"Height":84,"Demand":0,"DemandMax":4,"Value":5040},{"Length":72,"Height":80,"Demand":0,"DemandMax":4,"Value":11520},{"Length":87,"Height":24,"Demand":0,"DemandMax":4,"Value":4176},{"Length":29,"Height":44,"Demand":0,"DemandMax":4,"Value":2552},{"Length":38,"Height":34,"Demand":0,"DemandMax":4,"Value":3876},{"Length":91,"Height":4,"Demand":0,"DemandMax":4,"Value":1092},{"Length":7,"Height":42,"Demand":0,"DemandMax":4,"Value":588},{"Length":14,"Height":39,"Demand":0,"DemandMax":4,"Value":546},{"Length":90,"Height":19,"Demand":0,"DemandMax":4,"Value":5130},{"Length":29,"Height":88,"Demand":0,"DemandMax":4,"Value":7656},{"Length":27,"Height":46,"Demand":0,"DemandMax":4,"Value":3726},{"Length":99,"Height":2,"Demand":0,"DemandMax":4,"Value":594},{"Length":17,"Height":36,"Demand":0,"DemandMax":4,"Value":612},{"Length":79,"Height":24,"Demand":0,"DemandMax":4,"Value":1896},{"Length":3,"Height":28,"Demand":0,"DemandMax":4,"Value":84},{"Length":33,"Height":8,"Demand":0,"DemandMax":4,"Value":264},{"Length":98,"Height":77,"Demand":0,"DemandMax":4,"Value":15092},{"Length":100,"Height":31,"Demand":0,"DemandMax":4,"Value":3100},{"Length":38,"Height":85,"Demand":0,"DemandMax":4,"Value":6460},{"Length":74,"Height":54,"Demand":0,"DemandMax":4,"Value":11988},{"Length":45,"Height":80,"Demand":0,"DemandMax":4,"Value":10800},{"Length":91,"Height":20,"Demand":0,"DemandMax":4,"Value":1820},{"Length":25,"Height":14,"Demand":0,"DemandMax":4,"Value":700},{"Length":9,"Height":96,"Demand":0,"DemandMax":4,"Value":2592},{"Length":5,"Height":32,"Demand":0,"DemandMax":4,"Value":320},{"Length":83,"Height":30,"Demand":0,"DemandMax":4,"Value":2490},{"Length":77,"Height":11,"Demand":0,"DemandMax":4,"Value":2541},{"Length":2,"Height":43,"Demand":0,"DemandMax":4,"Value":258},{"Length":26,"Height":34,"Demand":0,"DemandMax":4,"Value":884},{"Length":50,"Height":5,"Demand":0,"DemandMax":4,"Value":250},{"Length":74,"Height":55,"Demand":0,"DemandMax":4,"Value":12210},{"Length":71,"Height":98,"Demand":0,"DemandMax":4,"Value":13916},{"Length":29,"Height":24,"Demand":0,"DemandMax":4,"Value":696},{"Length":73,"Height":75,"Demand":0,"DemandMax":4,"Value":10950},{"Length":5,"Height":82,"Demand":0,"DemandMax":4,"Value":820},{"Length":10,"Height":86,"Demand":0,"DemandMax":4,"Value":2580},{"Length":12,"Height":90,"Demand":0,"DemandMax":4,"Value":3240},{"Length":34,"Height":33,"Demand":0,"DemandMax":8,"Value":1122},{"Length":88,"Height":72,"Demand":0,"DemandMax":4,"Value":19008},{"Length":76,"Height":17,"Demand":0,"DemandMax":4,"Value":3876},{"Length":79,"Height":51,"Demand":0,"DemandMax":4,"Value":12087},{"Length":89,"Height":64,"Demand":0,"DemandMax":4,"Value":17088},{"Length":16,"Height":49,"Demand":0,"DemandMax":4,"Value":784},{"Length":15,"Height":13,"Demand":0,"DemandMax":4,"Value":585},{"Length":72,"Height":99,"Demand":0,"DemandMax":4,"Value":21384},{"Length":93,"Height":43,"Demand":0,"DemandMax":4,"Value":11997},{"Length":20,"Height":48,"Demand":0,"DemandMax":4,"Value":2880},{"Length":39,"Height":17,"Demand":0,"DemandMax":4,"Value":1989},{"Length":21,"Height":9,"Demand":0,"DemandMax":4,"Value":189},{"Length":93,"Height":4,"Demand":0,"DemandMax":4,"Value":744},{"Length":29,"Height":7,"Demand":0,"DemandMax":4,"Value":609},{"Length":71,"Height":55,"Demand":0,"DemandMax":4,"Value":3905},{"Length":41,"Height":27,"Demand":0,"DemandMax":4,"Value":3321},{"Length":17,"Height":40,"Demand":0,"DemandMax":4,"Value":1360},{"Length":90,"Height":70,"Demand":0,"DemandMax":4,"Value":18900},{"Length":92,"Height":5,"Demand":0,"DemandMax":4,"Value":920},{"Length":86,"Height":83,"Demand":0,"DemandMax":4,"Value":14276},{"Length":16,"Height":90,"Demand":0,"DemandMax":4,"Value":2880},{"Length":43,"Height":17,"Demand":0,"DemandMax":4,"Value":2193},{"Length":4,"Height":50,"Demand":0,"DemandMax":4,"Value":200},{"Length":26,"Height":13,"Demand":0,"DemandMax":4,"Value":338},{"Length":99,"Height":64,"Demand":0,"DemandMax":4,"Value":19008},{"Length":100,"Height":63,"Demand":0,"DemandMax":4,"Value":6300},{"Length":80,"Height":27,"Demand":0,"DemandMax":4,"Value":2160},{"Length":78,"Height":88,"Demand":0,"DemandMax":4,"Value":13728},{"Length":3,"Height":40,"Demand":0,"DemandMax":4,"Value":240},{"Length":11,"Height":36,"Demand":0,"DemandMax":4,"Value":792},{"Length":7,"Height":7,"Demand":0,"DemandMax":4,"Value":98},{"Length":87,"Height":45,"Demand":0,"DemandMax":4,"Value":7830},{"Length":14,"Height":17,"Demand":0,"DemandMax":4,"Value":238},{"Length":89,"Height":28,"Demand":0,"DemandMax":4,"Value":4984},{"Length":22,"Height":48,"Demand":0,"DemandMax":4,"Value":3168},{"Length":62,"Height":90,"Demand":0,"DemandMax":4,"Value":5580},{"Length":64,"Height":55,"Demand":0,"DemandMax":4,"Value":10560},{"Length":28,"Height":4,"Demand":0,"DemandMax":4,"Value":112},{"Length":7,"Height":28,"Demand":0,"DemandMax":4,"Value":196},{"Length":15,"Height":89,"Demand":0,"DemandMax":4,"Value":1335},{"Length":98,"Height":50,"Demand":0,"DemandMax":4,"Value":14700},{"Length":13,"Height":18,"Demand":0,"DemandMax":4,"Value":234},{"Length":48,"Height":81,"Demand":0,"DemandMax":4,"Value":3888},{"Length":99,"Height":82,"Demand":0,"DemandMax":4,"Value":24354},{"Length":84,"Height":26,"Demand":0,"DemandMax":4,"Value":6552},{"Length":99,"Height":86,"Demand":0,"DemandMax":4,"Value":17028},{"Length":11,"Height":13,"Demand":0,"DemandMax":4,"Value":429},{"Length":61,"Height":75,"Demand":0,"DemandMax":4,"Value":13725},{"Length":49,"Height":14,"Demand":0,"DemandMax":4,"Value":2058},{"Length":35,"Height":30,"Demand":0,"DemandMax":4,"Value":3150},{"Length":90,"Height":99,"Demand":0,"DemandMax":4,"Value":26730},{"Length":28,"Height":38,"Demand":0,"DemandMax":4,"Value":3192},{"Length":70,"Height":83,"Demand":0,"DemandMax":4,"Value":17430},{"Length":13,"Height":8,"Demand":0,"DemandMax":8,"Value":104},{"Length":51,"Height":71,"Demand":0,"DemandMax":4,"Value":3621},{"Length":31,"Height":44,"Demand":0,"DemandMax":4,"Value":4092},{"Length":46,"Height":79,"Demand":0,"DemandMax":4,"Value":3634},{"Length":35,"Height":4,"Demand":0,"DemandMax":4,"Value":140},{"Length":83,"Height":10,"Demand":0,"DemandMax":4,"Value":830},{"Length":79,"Height":31,"Demand":0,"DemandMax":4,"Value":2449},{"Length":13,"Height":96,"Demand":0,"DemandMax":4,"Value":1248},{"Length":55,"Height":79,"Demand":0,"DemandMax":4,"Value":8690},{"Length":80,"Height":19,"Demand":0,"DemandMax":4,"Value":1520},{"Length":46,"Height":91,"Demand":0,"DemandMax":4,"Value":12558},{"Length":17,"Height":36,"Demand":0,"DemandMax":4,"Value":1224},{"Length":37,"Height":77,"Demand":0,"DemandMax":4,"Value":2849},{"Length":30,"Height":37,"Demand":0,"DemandMax":4,"Value":2220},{"Length":89,"Height":3,"Demand":0,"DemandMax":4,"Value":267},{"Length":85,"Height":83,"Demand":0,"DemandMax":4,"Value":7055},{"Length":88,"Height":37,"Demand":0,"DemandMax":4,"Value":6512},{"Length":28,"Height":14,"Demand":0,"DemandMax":4,"Value":784},{"Length":98,"Height":3,"Demand":0,"DemandMax":4,"Value":588},{"Length":15,"Height":19,"Demand":0,"DemandMax":4,"Value":285},{"Length":4,"Height":79,"Demand":0,"DemandMax":4,"Value":632},{"Length":22,"Height":97,"Demand":0,"DemandMax":4,"Value":4268},{"Length":50,"Height":16,"Demand":0,"DemandMax":4,"Value":2400},{"Length":98,"Height":8,"Demand":0,"DemandMax":4,"Value":784},{"Length":100,"Height":44,"Demand":0,"DemandMax":4,"Value":8800},{"Length":89,"Height":48,"Demand":0,"DemandMax":4,"Value":4272},{"Length":49,"Height":28,"Demand":0,"DemandMax":4,"Value":1372},{"Length":54,"Height":57,"Demand":0,"DemandMax":4,"Value":3078},{"Length":18,"Height":26,"Demand":0,"DemandMax":4,"Value":468},{"Length":11,"Height":50,"Demand":0,"DemandMax":4,"Value":1100},{"Length":92,"Height":31,"Demand":0,"DemandMax":4,"Value":2852},{"Length":81,"Height":49,"Demand":0,"DemandMax":4,"Value":11907},{"Length":33,"Height":49,"Demand":0,"DemandMax":4,"Value":1617},{"Length":34,"Height":16,"Demand":0,"DemandMax":4,"Value":1088},{"Length":86,"Height":13,"Demand":0,"DemandMax":4,"Value":3354},{"Length":4,"Height":92,"Demand":0,"DemandMax":4,"Value":736},{"Length":11,"Height":33,"Demand":0,"DemandMax":4,"Value":1089},{"Length":21,"Height":86,"Demand":0,"DemandMax":4,"Value":5418},{"Length":23,"Height":23,"Demand":0,"DemandMax":4,"Value":1587},{"Length":64,"Height":58,"Demand":0,"DemandMax":4,"Value":11136},{"Length":75,"Height":57,"Demand":0,"DemandMax":4,"Value":12825},{"Length":44,"Height":21,"Demand":0,"DemandMax":4,"Value":1848},{"Length":4,"Height":88,"Demand":0,"DemandMax":4,"Value":1056},{"Length":20,"Height":100,"Demand":0,"DemandMax":4,"Value":4000},{"Length":85,"Height":16,"Demand":0,"DemandMax":4,"Value":2720},{"Length":10,"Height":38,"Demand":0,"DemandMax":4,"Value":1140},{"Length":39,"Height":78,"Demand":0,"DemandMax":4,"Value":9126},{"Length":10,"Height":50,"Demand":0,"DemandMax":4,"Value":1000},{"Length":99,"Height":55,"Demand":0,"DemandMax":4,"Value":16335},{"Length":30,"Height":43,"Demand":0,"DemandMax":4,"Value":1290},{"Length":44,"Height":49,"Demand":0,"DemandMax":4,"Value":4312},{"Length":60,"Height":57,"Demand":0,"DemandMax":4,"Value":3420},{"Length":43,"Height":93,"Demand":0,"DemandMax":4,"Value":7998},{"Length":95,"Height":81,"Demand":0,"DemandMax":4,"Value":23085},{"Length":87,"Height":45,"Demand":0,"DemandMax":4,"Value":3915},{"Length":98,"Height":38,"Demand":0,"DemandMax":4,"Value":3724},{"Length":17,"Height":85,"Demand":0,"DemandMax":4,"Value":2890},{"Length":81,"Height":2,"Demand":0,"DemandMax":4,"Value":486},{"Length":97,"Height":95,"Demand":0,"DemandMax":4,"Value":9215},{"Length":8,"Height":29,"Demand":0,"DemandMax":4,"Value":696},{"Length":16,"Height":83,"Demand":0,"DemandMax":4,"Value":2656},{"Length":98,"Height":13,"Demand":0,"DemandMax":4,"Value":3822},{"Length":98,"Height":88,"Demand":0,"DemandMax":4,"Value":17248},{"Length":91,"Height":76,"Demand":0,"DemandMax":4,"Value":13832},{"Length":16,"Height":90,"Demand":0,"DemandMax":4,"Value":1440},{"Length":16,"Height":93,"Demand":0,"DemandMax":4,"Value":4464},{"Length":47,"Height":21,"Demand":0,"DemandMax":4,"Value":987},{"Length":92,"Height":17,"Demand":0,"DemandMax":4,"Value":3128},{"Length":41,"Height":91,"Demand":0,"DemandMax":4,"Value":11193},{"Length":100,"Height":45,"Demand":0,"DemandMax":4,"Value":4500},{"Length":19,"Height":78,"Demand":0,"DemandMax":4,"Value":1482},{"Length":70,"Height":98,"Demand":0,"DemandMax":4,"Value":13720},{"Length":26,"Height":8,"Demand":0,"DemandMax":4,"Value":416},{"Length":12,"Height":96,"Demand":0,"DemandMax":4,"Value":1152},{"Length":44,"Height":6,"Demand":0,"DemandMax":4,"Value":264},{"Length":12,"Height":29,"Demand":0,"DemandMax":4,"Value":348},{"Length":96,"Height":84,"Demand":0,"DemandMax":4,"Value":16128},{"Length":66,"Height":92,"Demand":0,"DemandMax":4,"Value":12144},{"Length":81,"Height":39,"Demand":0,"DemandMax":4,"Value":3159},{"Length":16,"Height":78,"Demand":0,"DemandMax":4,"Value":1248},{"Length":40,"Height":5,"Demand":0,"DemandMax":4,"Value":400},{"Length":80,"Height":92,"Demand":0,"DemandMax":4,"Value":22080},{"Length":88,"Height":6,"Demand":0,"DemandMax":4,"Value":528},{"Length":80,"Height":58,"Demand":0,"DemandMax":4,"Value":13920},{"Length":24,"Height":87,"Demand":0,"DemandMax":4,"Value":4176},{"Length":16,"Height":24,"Demand":0,"DemandMax":4,"Value":384},{"Length":16,"Height":15,"Demand":0,"DemandMax":4,"Value":480},{"Length":33,"Height":33,"Demand":0,"DemandMax":4,"Value":2178},{"Length":2,"Height":5,"Demand":0,"DemandMax":4,"Value":30},{"Length":65,"Height":52,"Demand":0,"DemandMax":4,"Value":3380},{"Length":96,"Height":100,"Demand":0,"DemandMax":4,"Value":9600},{"Length":83,"Height":79,"Demand":0,"DemandMax":4,"Value":6557},{"Length":35,"Height":77,"Demand":0,"DemandMax":4,"Value":2695},{"Length":28,"Height":77,"Demand":0,"DemandMax":4,"Value":2156},{"Length":97,"Height":98,"Demand":0,"DemandMax":4,"Value":19012},{"Length":95,"Height":40,"Demand":0,"DemandMax":4,"Value":7600},{"Length":34,"Height":32,"Demand":0,"DemandMax":4,"Value":2176},{"Length":19,"Height":36,"Demand":0,"DemandMax":4,"Value":1368},{"Length":50,"Height":43,"Demand":0,"DemandMax":4,"Value":2150},{"Length":97,"Height":33,"Demand":0,"DemandMax":4,"Value":6402},{"Length":17,"Height":8,"Demand":0,"DemandMax":4,"Value":272},{"Length":36,"Height":24,"Demand":0,"DemandMax":4,"Value":864},{"Length":27,"Height":24,"Demand":0,"DemandMax":4,"Value":648},{"Length":93,"Height":40,"Demand":0,"DemandMax":4,"Value":11160},{"Length":35,"Height":78,"Demand":0,"DemandMax":4,"Value":5460},{"Length":12,"Height":50,"Demand":0,"DemandMax":4,"Value":600},{"Length":40,"Height":14,"Demand":0,"DemandMax":4,"Value":1120},{"Length":50,"Height":14,"Demand":0,"DemandMax":4,"Value":700},{"Length":72,"Height":64,"Demand":0,"DemandMax":4,"Value":13824},{"Length":6,"Height":15,"Demand":0,"DemandMax":4,"Value":180},{"Length":57,"Height":97,"Demand":0,"DemandMax":4,"Value":11058},{"Length":40,"Height":93,"Demand":0,"DemandMax":4,"Value":11160},{"Length":11,"Height":77,"Demand":0,"DemandMax":4,"Value":2541},{"Length":64,"Height":85,"Demand":0,"DemandMax":4,"Value":5440},{"Length":95,"Height":32,"Demand":0,"DemandMax":4,"Value":6080},{"Length":78,"Height":23,"Demand":0,"DemandMax":4,"Value":3588},{"Length":18,"Height":42,"Demand":0,"DemandMax":4,"Value":1512},{"Length":22,"Height":9,"Demand":0,"DemandMax":4,"Value":198},{"Length":42,"Height":98,"Demand":0,"DemandMax":4,"Value":8232}]}