{"Name":"ngcutfs2_170","Objects":[{"Length":100,"Height":100,"Stock":null,"Cost":10000}],"Items":[{"Length":37,"Height":31,"Demand":0,"DemandMax":3,"Value":3441},{"Length":85,"Height":30,"Demand":0,"DemandMax":3,"Value":2550},{"Length":32,"Height":2,"Demand":0,"DemandMax":3,"Value":192},{"Length":6,"Height":38,"Demand":0,"DemandMax":3,"Value":228},{"Length":32,"Height":28,"Demand":0,"DemandMax":6,"Value":1792},{"Length":47,"Height":24,"Demand":0,"DemandMax":3,"Value":1128},{"Length":21,"Height":22,"Demand":0,"DemandMax":6,"Value":1386},{"Length":7,"Height":21,"Demand":0,"DemandMax":3,"Value":441},{"Length":24,"Height":17,"Demand":0,"DemandMax":3,"Value":816},{"Length":35,"Height":8,"Demand":0,"DemandMax":3,"Value":840},{"Length":50,"Height":20,"Demand":0,"DemandMax":3,"Value":3000},{"Length":50,"Height":96,"Demand":0,"DemandMax":6,"Value":4800},{"Length":25,"Height":28,"Demand":0,"DemandMax":3,"Value":2100},{"Length":11,"Height":6,"Demand":0,"DemandMax":3,"Value":132},{"Length":19,"Height":38,"Demand":0,"DemandMax":3,"Value":2166},{"Length":70,"Height":55,"Demand":0,"DemandMax":3,"Value":7700},{"Length":32,"Height":20,"Demand":0,"DemandMax":3,"Value":640},{"Length":55,"Height":54,"Demand":0,"DemandMax":3,"Value":5940},{"Length":15,"Height":84,"Demand":0,"DemandMax":3,"Value":2520},{"Length":90,"Height":34,"Demand":0,"DemandMax":3,"Value":6120},{"Length":4,"Height":6,"Demand":0,"DemandMax":3,"Value":24},{"Length":23,"Height":92,"Demand":0,"DemandMax":3,"Value":2116},{"Length":41,"Height":34,"Demand":0,"DemandMax":3,"Value":1394},{"Length":8,"Height":39,"Demand":0,"DemandMax":3,"Value":624},{"Length":49,"Height":100,"Demand":0,"DemandMax":3,"Value":4900},{"Length":31,"Height":98,"Demand":0,"DemandMax":3,"Value":9114},{"Length":48,"Height":80,"Demand":0,"DemandMax":3,"Value":3840},{"Length":4,"Height":50,"Demand":0,"DemandMax":3,"Value":600},{"Length":85,"Height":12,"Demand":0,"DemandMax":3,"Value":1020},{"Length":86,"Height":20,"Demand":0,"DemandMax":3,"Value":1720},{"Length":94,"Height":49,"Demand":0,"DemandMax":3,"Value":9212},{"Length":29,"Height":35,"Demand":0,"DemandMax":3,"Value":3045},{"Length":26,"Height":31,"Demand":0,"DemandMax":3,"Value":806},{"Length":40,"Height":25,"Demand":0,"DemandMax":3,"Value":1000},{"Length":16,"Height":45,"Demand":0,"DemandMax":3,"Value":2160},{"Length":44,"Height":41,"Demand":0,"DemandMax":3,"Value":1804},{"Length":42,"Height":45,"Demand":0,"DemandMax":3,"Value":1890},{"Length":38,"Height":88,"Demand":0,"DemandMax":3,"Value":6688},{"Length":34,"Height":45,"Demand":0,"DemandMax":3,"Value":3060},{"Length":32,"Height":83,"Demand":0,"DemandMax":3,"Value":2656},{"Length":44,"Height":10,"Demand":0,"DemandMax":3,"Value":1320},{"Length":45,"Height":20,"Demand":0,"DemandMax":3,"Value":1800},{"Length":95,"Height":45,"Demand":0,"DemandMax":3,"Value":12825},{"Length":33,"Height":82,"Demand":0,"DemandMax":3,"Value":5412},{"Length":35,"Height":27,"Demand":0,"DemandMax":3,"Value":1890},{"Length":42,"Height":23,"Demand":0,"DemandMax":3,"Value":1932},{"Length":48,"Height":12,"Demand":0,"DemandMax":3,"Value":576},{"Length":19,"Height":17,"Demand":0,"DemandMax":3,"Value":646},{"Length":30,"Height":25,"Demand":0,"DemandMax":3,"Value":750},{"Length":24,"Height":44,"Demand":0,"DemandMax":3,"Value":1056},{"Length":33,"Height":29,"Demand":0,"DemandMax":3,"Value":1914},{"Length":15,"Height":24,"Demand":0,"DemandMax":3,"Value":360},{"Length":95,"Height":100,"Demand":0,"DemandMax":3,"Value":9500},{"Length":41,"Height":80,"Demand":0,"DemandMax":3,"Value":3280},{"Length":14,"Height":94,"Demand":0,"DemandMax":3,"Value":1316},{"Length":3,"Height":14,"Demand":0,"DemandMax":3,"Value":126},{"Length":35,"Height":31,"Demand":0,"DemandMax":3,"Value":3255},{"Length":76,"Height":46,"Demand":0,"DemandMax":3,"Value":6992},{"Length":27,"Height":38,"Demand":0,"DemandMax":3,"Value":1026},{"Length":41,"Height":29,"Demand":0,"DemandMax":3,"Value":1189},{"Length":18,"Height":20,"Demand":0,"DemandMax":3,"Value":720},{"Length":45,"Height":12,"Demand":0,"DemandMax":3,"Value":1080},{"Length":10,"Height":32,"Demand":0,"DemandMax":3,"Value":960},{"Length":38,"Height":12,"Demand":0,"DemandMax":3,"Value":912},{"Length":19,"Height":15,"Demand":0,"DemandMax":3,"Value":855},{"Length":32,"Height":40,"Demand":0,"DemandMax":3,"Value":3840},{"Length":8,"Height":99,"Demand":0,"DemandMax":3,"Value":792},{"Length":94,"Height":65,"Demand":0,"DemandMax":3,"Value":6110},{"Length":19,"Height":32,"Demand":0,"DemandMax":3,"Value":1824},{"Length":21,"Height":48,"Demand":0,"DemandMax":3,"Value":1008},{"Length":46,"Height":77,"Demand":0,"DemandMax":3,"Value":3542},{"Length":33,"Height":9,"Demand":0,"DemandMax":3,"Value":594},{"Length":43,"Height":21,"Demand":0,"DemandMax":3,"Value":903},{"Length":50,"Height":10,"Demand":0,"DemandMax":3,"Value":1000},{"Length":21,"Height":33,"Demand":0,"DemandMax":3,"Value":693},{"Length":14,"Height":94,"Demand":0,"DemandMax":3,"Value":3948},{"Length":46,"Height":91,"Demand":0,"DemandMax":3,"Value":12558},{"Length":27,"Height":39,"Demand":0,"DemandMax":3,"Value":2106},{"Length":22,"Height":18,"Demand":0,"DemandMax":3,"Value":1188},{"Length":5,"Height":78,"Demand":0,"DemandMax":3,"Value":780},{"Length":28,"Height":88,"Demand":0,"DemandMax":3,"Value":7392},{"Length":9,"Height":100,"Demand":0,"DemandMax":3,"Value":1800},{"Length":55,"Height":60,"Demand":0,"DemandMax":3,"Value":9900},{"Length":33,"Height":48,"Demand":0,"DemandMax":3,"Value":4752},{"Length":38,"Height":76,"Demand":0,"DemandMax":3,"Value":2888},{"Length":56,"Height":97,"Demand":0,"DemandMax":3,"Value":10864},{"Length":29,"Height":79,"Demand":0,"DemandMax":6,"Value":4582},{"Length":4,"Height":91,"Demand":0,"DemandMax":3,"Value":728},{"Length":24,"Height":24,"Demand":0,"DemandMax":3,"Value":1728},{"Length":94,"Height":48,"Demand":0,"DemandMax":3,"Value":4512},{"Length":9,"Height":15,"Demand":0,"DemandMax":3,"Value":135},{"Length":81,"Height":92,"Demand":0,"DemandMax":3,"Value":7452},{"Length":98,"Height":34,"Demand":0,"DemandMax":3,"Value":6664},{"Length":28,"Height":50,"Demand":0,"DemandMax":3,"Value":2800},{"Length":39,"Height":45,"Demand":0,"DemandMax":3,"Value":1755},{"Length":87,"Height":25,"Demand":0,"DemandMax":3,"Value":4350},{"Length":64,"Height":98,"Demand":0,"DemandMax":3,"Value":12544},{"Length":87,"Height":84,"Demand":0,"DemandMax":3,"Value":14616},{"Length":11,"Height":45,"Demand":0,"DemandMax":3,"Value":1485},{"Length":18,"Height":81,"Demand":0,"DemandMax":3,"Value":4374},{"Length":79,"Height":65,"Demand":0,"DemandMax":3,"Value":5135},{"Length":61,"Height":64,"Demand":0,"DemandMax":3,"Value":7808},{"Length":77,"Height":13,"Demand":0,"DemandMax":3,"Value":3003},{"Length":26,"Height":46,"Demand":0,"DemandMax":3,"Value":1196},{"Length":50,"Height":38,"Demand":0,"DemandMax":3,"Value":3800},{"Length":97,"Height":17,"Demand":0,"DemandMax":3,"Value":1649},{"Length":44,"Height":19,"Demand":0,"DemandMax":3,"Value":2508},{"Length":45,"Height":27,"Demand":0,"DemandMax":3,"Value":2430},{"Length":48,"Height":23,"Demand":0,"DemandMax":3,"Value":3312},{"Length":64,"Height":76,"Demand":0,"DemandMax":3,"Value":4864},{"Length":9,"Height":33,"Demand":0,"DemandMax":3,"Value":297},{"Length":45,"Height":99,"Demand":0,"DemandMax":3,"Value":13365},{"Length":25,"Height":94,"Demand":0,"DemandMax":3,"Value":4700},{"Length":84,"Height":41,"Demand":0,"DemandMax":3,"Value":10332},{"Length":56,"Height":63,"Demand":0,"DemandMax":3,"Value":10584},{"Length":35,"Height":5,"Demand":0,"DemandMax":3,"Value":525},{"Length":26,"Height":5,"Demand":0,"DemandMax":3,"Value":130},{"Length":68,"Height":97,"Demand":0,"DemandMax":3,"Value":19788},{"Length":36,"Height":37,"Demand":0,"DemandMax":3,"Value":3996},{"Length":79,"Height":6,"Demand":0,"DemandMax":3,"Value":1422},{"Length":68,"Height":87,"Demand":0,"DemandMax":3,"Value":17748},{"Length":31,"Height":29,"Demand":0,"DemandMax":3,"Value":1798},{"Length":4,"Height":39,"Demand":0,"DemandMax":3,"Value":312},{"Length":22,"Height":20,"Demand":0,"DemandMax":3,"Value":1320},{"Length":30,"Height":10,"Demand":0,"DemandMax":3,"Value":300},{"Length":38,"Height":29,"Demand":0,"DemandMax":3,"Value":3306},{"Length":100,"Height":9,"Demand":0,"DemandMax":3,"Value":1800},{"Length":7,"Height":3,"Demand":0,"DemandMax":3,"Value":21},{"Length":44,"Height":87,"Demand":0,"DemandMax":3,"Value":3828},{"Length":84,"Height":10,"Demand":0,"DemandMax":3,"Value":840},{"Length":83,"Height":39,"Demand":0,"DemandMax":3,"Value":3237},{"Length":79,"Height":31,"Demand":0,"DemandMax":3,"Value":4898},{"Length":98,"Height":60,"Demand":0,"DemandMax":3,"Value":17640},{"Length":22,"Height":38,"Demand":0,"DemandMax":3,"Value":1672},{"Length":45,"Height":50,"Demand":0,"DemandMax":3,"Value":4500},{"Length":38,"Height":5,"Demand":0,"DemandMax":3,"Value":190},{"Length":80,"Height":28,"Demand":0,"DemandMax":3,"Value":4480},{"Length":30,"Height":36,"Demand":0,"DemandMax":3,"Value":1080},{"Length":80,"Height":6,"Demand":0,"DemandMax":3,"Value":480},{"Length":41,"Height":10,"Demand":0,"DemandMax":3,"Value":410},{"Length":99,"Height":90,"Demand":0,"DemandMax":3,"Value":26730},{"Length":37,"Height":41,"Demand":0,"DemandMax":3,"Value":3034},{"Length":49,"Height":10,"Demand":0,"DemandMax":3,"Value":1470},{"Length":10,"Height":11,"Demand":0,"DemandMax":3,"Value":110},{"Length":17,"Height":13,"Demand":0,"DemandMax":3,"Value":442},{"Length":42,"Height":36,"Demand":0,"DemandMax":3,"Value":3024},{"Length":56,"Height":81,"Demand":0,"DemandMax":3,"Value":13608},{"Length":23,"Height":21,"Demand":0,"DemandMax":3,"Value":1449},{"Length":26,"Height":42,"Demand":0,"DemandMax":3,"Value":1092},{"Length":10,"Height":97,"Demand":0,"DemandMax":3,"Value":1940},{"Length":59,"Height":91,"Demand":0,"DemandMax":3,"Value":10738},{"Length":32,"Height":37,"Demand":0,"DemandMax":3,"Value":3552},{"Length":26,"Height":40,"Demand":0,"DemandMax":6,"Value":1040},{"Length":49,"Height":20,"Demand":0,"DemandMax":3,"Value":1960},{"Length":8,"Height":23,"Demand":0,"DemandMax":3,"Value":552},{"Length":18,"Height":28,"Demand":0,"DemandMax":3,"Value":1512},{"Length":56,"Height":61,"Demand":0,"DemandMax":3,"Value":10248},{"Length":9,"Height":85,"Demand":0,"DemandMax":3,"Value":1530},{"Length":10,"Height":82,"Demand":0,"DemandMax":3,"Value":2460},{"Length":20,"Height":34,"Demand":0,"DemandMax":3,"Value":2040},{"Length":48,"Height":3,"Demand":0,"DemandMax":3,"Value":432},{"Length":86,"Height":32,"Demand":0,"DemandMax":3,"Value":5504},{"Length":15,"Height":79,"Demand":0,"DemandMax":3,"Value":1185},{"Length":92,"Height":66,"Demand":0,"DemandMax":3,"Value":12144},{"Length":35,"Height":2,"Demand":0,"DemandMax":3,"Value":210},{"Length":79,"Height":5,"Demand":0,"DemandMax":3,"Value":790},{"Length":44,"Height":20,"Demand":0,"DemandMax":3,"Value":2640},{"Length":33,"Height":91,"Demand":0,"DemandMax":3,"Value":6006},{"Length":23,"Height":8,"Demand":0,"DemandMax":3,"Value":552},{"Length":4,"Height":27,"Demand":0,"DemandMax":3,"Value":324},{"Length":85,"Height":8,"Demand":0,"DemandMax":3,"Value":1360},{"Length":5,"Height":36,"Demand":0,"DemandMax":3,"Value":540},{"Length":56,"Height":56,"Demand":0,"DemandMax":3,"Value":3136},{"Length":55,"Height":66,"Demand":0,"DemandMax":3,"Value":10890},{"Length":36,"Height":30,"Demand":0,"DemandMax":3,"Value":1080},{"Length":63,"Height":72,"Demand":0,"DemandMax":3,"Value":4536},{"Length":97,"Height":44,"Demand":0,"DemandMax":3,"Value":12804},{"Length":10,"Height":79,"Demand":0,"DemandMax":3,"Value":790},{"Length":28,"Height":43,"Demand":0,"DemandMax":3,"Value":2408},{"Length":50,"Height":19,"Demand":0,"DemandMax":3,"Value":2850},{"Length":46,"Height":47,"Demand":0,"DemandMax":3,"Value":4324},{"Length":14,"Height":40,"Demand":0,"DemandMax":3,"Value":1120},{"Length":9,"Height":24,"Demand":0,"DemandMax":3,"Value":648},{"Length":82,"Height":91,"Demand":0,"DemandMax":3,"Value":22386},{"Length":36,"Height":16,"Demand":0,"DemandMax":3,"Value":576},{"Length":47,"Height":76,"Demand":0,"DemandMax":3,"Value":10716},{"Length":48,"Height":15,"Demand":0,"DemandMax":3,"Value":2160},{"Length":26,"Height":26,"Demand":0,"DemandMax":3,"Value":676},{"Length":68,"Height":92,"Demand":0,"DemandMax":3,"Value":18768},{"Length":34,"Height":29,"Demand":0,"DemandMax":3,"Value":2958},{"Length":4,"Height":78,"Demand":0,"DemandMax":3,"Value":312},{"Length":98,"Height":84,"Demand":0,"DemandMax":3,"Value":8232},{"Length":5,"Height":99,"Demand":0,"DemandMax":3,"Value":990},{"Length":6,"Height":25,"Demand":0,"DemandMax":3,"Value":450},{"Length":78,"Height":43,"Demand":0,"DemandMax":3,"Value":6708},{"Length":9,"Height":47,"Demand":0,"DemandMax":3,"Value":846},{"Length":14,"Height":31,"Demand":0,"DemandMax":3,"Value":434},{"Length":17,"Height":30,"Demand":0,"DemandMax":3,"Value":1530},{"Length":37,"Height":23,"Demand":0,"DemandMax":3,"Value":2553},{"Length":34,"Height":90,"Demand":0,"DemandMax":3,"Value":9180},{"Length":95,"Height":92,"Demand":0,"DemandMax":3,"Value":17480},{"Length":6,"Height":40,"Demand":0,"DemandMax":3,"Value":240},{"Length":41,"Height":96,"Demand":0,"DemandMax":3,"Value":7872},{"Length":44,"Height":17,"Demand":0,"DemandMax":3,"Value":2244},{"Length":46,"Height":3,"Demand":0,"DemandMax":3,"Value":414},{"Length":19,"Height":24,"Demand":0,"DemandMax":3,"Value":456},{"Length":19,"Height":42,"Demand":0,"DemandMax":3,"Value":1596},{"Length":27,"Height":78,"Demand":0,"DemandMax":3,"Value":6318},{"Length":28,"Height":18,"Demand":0,"DemandMax":3,"Value":1008},{"Length":36,"Height":85,"Demand":0,"DemandMax":3,"Value":6120},{"Length":22,"Height":9,"Demand":0,"DemandMax":3,"Value":396},{"Length":35,"Height":20,"Demand":0,"DemandMax":3,"Value":700},{"Length":34,"Height":45,"Demand":0,"DemandMax":3,"Value":1530},{"Length":28,"Height":8,"Demand":0,"DemandMax":3,"Value":672},{"Length":4,"Height":15,"Demand":0,"DemandMax":3,"Value":60},{"Length":31,"Height":37,"Demand":0,"DemandMax":3,"Value":2294},{"Length":83,"Height":53,"Demand":0,"DemandMax":3,"Value":13197},{"Length":76,"Height":87,"Demand":0,"DemandMax":3,"Value":19836},{"Length":42,"Height":90,"Demand":0,"DemandMax":3,"Value":11340},{"Length":2,"Height":79,"Demand":0,"DemandMax":3,"Value":316},{"Length":22,"Height":100,"Demand":0,"DemandMax":3,"Value":2200},{"Length":90,"Height":28,"Demand":0,"DemandMax":3,"Value":2520},{"Length":27,"Height":13,"Demand":0,"DemandMax":3,"Value":351},{"Length":73,"Height":73,"Demand":0,"DemandMax":3,"Value":5329},{"Length":85,"Height":19,"Demand":0,"DemandMax":3,"Value":4845},{"Length":7,"Height":29,"Demand":0,"DemandMax":3,"Value":406},{"Length":40,"Height":45,"Demand":0,"DemandMax":3,"Value":5400},{"Length":78,"Height":96,"Demand":0,"DemandMax":3,"Value":7488},{"Length":32,"Height":9,"Demand":0,"DemandMax":3,"Value":576},{"Length":87,"Height":13,"Demand":0,"DemandMax":3,"Value":3393},{"Length":23,"Height":20,"Demand":0,"DemandMax":3,"Value":460},{"Length":97,"Height":26,"Demand":0,"DemandMax":3,"Value":7566},{"Length":10,"Height":33,"Demand":0,"DemandMax":3,"Value":660},{"Length":70,"Height":78,"Demand":0,"DemandMax":3,"Value":10920},{"Length":45,"Height":44,"Demand":0,"DemandMax":3,"Value":3960},{"Length":69,"Height":95,"Demand":0,"DemandMax":3,"Value":13110},{"Length":91,"Height":37,"Demand":0,"DemandMax":3,"Value":10101},{"Length":25,"Height":100,"Demand":0,"DemandMax":3,"Value":2500},{"Length":87,"Height":13,"Demand":0,"DemandMax":3,"Value":2262},{"Length":38,"Height":6,"Demand":0,"DemandMax":3,"Value":456},{"Length":75,"Height":79,"Demand":0,"DemandMax":3,"Value":17775},{"Length":33,"Height":10,"Demand":0,"DemandMax":3,"Value":990},{"Length":91,"Height":98,"Demand":0,"DemandMax":3,"Value":8918},{"Length":3,"Height":35,"Demand":0,"DemandMax":3,"Value":210},{"Length":55,"Height":95,"Demand":0,"DemandMax":3,"Value":5225},{"Length":11,"Height":7,"Demand":0,"DemandMax":3,"Value":154},{"Length":85,"Height":20,"Demand":0,"DemandMax":3,"Value":5100},{"Length":19,"Height":50,"Demand":0,"DemandMax":3,"Value":1900},{"Length":22,"Height":26,"Demand":0,"DemandMax":3,"Value":1716},{"Length":10,"Height":46,"Demand":0,"DemandMax":3,"Value":920},{"Length":32,"Height":89,"Demand":0,"DemandMax":3,"Value":2848},{"Length":18,"Height":47,"Demand":0,"DemandMax":3,"Value":846},{"Length":32,"Height":32,"Demand":0,"DemandMax":3,"Value":1024},{"Length":34,"Height":7,"Demand":0,"DemandMax":3,"Value":714},{"Length":41,"Height":15,"Demand":0,"DemandMax":3,"Value":615},{"Length":77,"Height":32,"Demand":0,"DemandMax":3,"Value":2464},{"Length":21,"Height":14,"Demand":0,"DemandMax":3,"Value":882},{"Length":54,"Height":63,"Demand":0,"DemandMax":3,"Value":6804},{"Length":82,"Height":63,"Demand":0,"DemandMax":3,"Value":5166},{"Length":81,"Height":74,"Demand":0,"DemandMax":3,"Value":5994},{"Length":78,"Height":25,"Demand":0,"DemandMax":3,"Value":1950},{"Length":78,"Height":36,"Demand":0,"DemandMax":3,"Value":2808},{"Length":83,"Height":92,"Demand":0,"DemandMax":3,"Value":15272},{"Length":60,"Height":100,"Demand":0,"DemandMax":3,"Value":6000},{"Length":81,"Height":25,"Demand":0,"DemandMax":3,"Value":2025},{"Length":96,"Height":32,"Demand":0,"DemandMax":3,"Value":9216},{"Length":19,"Height":6,"Demand":0,"DemandMax":3,"Value":342},{"Length":94,"Height":15,"Demand":0,"DemandMax":3,"Value":1410},{"Length":51,"Height":57,"Demand":0,"DemandMax":3,"Value":8721},{"Length":67,"Height":78,"Demand":0,"DemandMax":3,"Value":10452},{"Length":51,"Height":98,"Demand":0,"DemandMax":3,"Value":9996},{"Length":96,"Height":17,"Demand":0,"DemandMax":3,"Value":4896},{"Length":7,"Height":23,"Demand":0,"DemandMax":3,"Value":483},{"Length":85,"Height":24,"Demand":0,"DemandMax":3,"Value":2040},{"Length":58,"Height":77,"Demand":0,"DemandMax":3,"Value":4466},{"Length":61,"Height":70,"Demand":0,"DemandMax":3,"Value":4270},{"Length":73,"Height":67,"Demand":0,"DemandMax":3,"Value":9782},{"Length":54,"Height":79,"Demand":0,"DemandMax":3,"Value":4266},{"Length":44,"Height":94,"Demand":0,"DemandMax":3,"Value":4136},{"Length":86,"Height":50,"Demand":0,"DemandMax":3,"Value":4300},{"Length":80,"Height":26,"Demand":0,"DemandMax":3,"Value":2080},{"Length":97,"Height":60,"Demand":0,"DemandMax":3,"Value":5820},{"Length":42,"Height":16,"Demand":0,"DemandMax":3,"Value":1344},{"Length":19,"Height":76,"Demand":0,"DemandMax":3,"Value":4332},{"Length":23,"Height":21,"Demand":0,"DemandMax":3,"Value":483},{"Length":48,"Height":43,"Demand":0,"DemandMax":3,"Value":6192},{"Length":31,"Height":99,"Demand":0,"DemandMax":3,"Value":6138},{"Length":94,"Height":30,"Demand":0,"DemandMax":3,"Value":5640},{"Length":6,"Height":30,"Demand":0,"DemandMax":3,"Value":180},{"Length":29,"Height":86,"Demand":0,"DemandMax":3,"Value":7482},{"Length":24,"Height":11,"Demand":0,"DemandMax":3,"Value":792},{"Length":45,"Height":48,"Demand":0,"DemandMax":3,"Value":6480},{"Length":4,"Height":45,"Demand":0,"DemandMax":6,"Value":360},{"Length":8,"Height":7,"Demand":0,"DemandMax":3,"Value":56},{"Length":77,"Height":56,"Demand":0,"DemandMax":3,"Value":12936},{"Length":95,"Height":56,"Demand":0,"DemandMax":3,"Value":5320},{"Length":22,"Height":17,"Demand":0,"DemandMax":3,"Value":374},{"Length":29,"Height":43,"Demand":0,"DemandMax":3,"Value":2494},{"Length":24,"Height":38,"Demand":0,"DemandMax":3,"Value":1824},{"Length":17,"Height":22,"Demand":0,"DemandMax":3,"Value":1122},{"Length":7,"Height":87,"Demand":0,"DemandMax":3,"Value":1827},{"Length":23,"Height":89,"Demand":0,"DemandMax":3,"Value":2047},{"Length":98,"Height":68,"Demand":0,"DemandMax":3,"Value":6664},{"Length":93,"Height":44,"Demand":0,"DemandMax":3,"Value":12276},{"Length":30,"Height":41,"Demand":0,"DemandMax":3,"Value":1230},{"Length":93,"Height":39,"Demand":0,"DemandMax":3,"Value":7254},{"Length":40,"Height":50,"Demand":0,"DemandMax":3,"Value":2000},{"Length":50,"Height":50,"Demand":0,"DemandMax":3,"Value":5000},{"Length":55,"Height":83,"Demand":0,"DemandMax":3,"Value":4565},{"Length":21,"Height":26,"Demand":0,"DemandMax":3,"Value":1092},{"Length":21,"Height":81,"Demand":0,"DemandMax":3,"Value":1701},{"Length":33,"Height":98,"Demand":0,"DemandMax":3,"Value":9702},{"Length":29,"Height":48,"Demand":0,"DemandMax":3,"Value":2784},{"Length":45,"Height":21,"Demand":0,"DemandMax":3,"Value":2835},{"Length":95,"Height":41,"Demand":0,"DemandMax":3,"Value":3895},{"Length":49,"Height":27,"Demand":0,"DemandMax":3,"Value":3969},{"Length":46,"Height":25,"Demand":0,"DemandMax":3,"Value":3450},{"Length":3,"Height":6,"Demand":0,"DemandMax":3,"Value":18},{"Length":90,"Height":68,"Demand":0,"DemandMax":3,"Value":6120},{"Length":2,"Height":10,"Demand":0,"DemandMax":3,"Value":20},{"Length":84,"Height":5,"Demand":0,"DemandMax":3,"Value":420},{"Length":11,"Height":12,"Demand":0,"DemandMax":3,"Value":132},{"Length":8,"Height":16,"Demand":0,"DemandMax":3,"Value":256},{"Length":50,"Height":43,"Demand":0,"DemandMax":3,"Value":4300},{"Length":29,"Height":91,"Demand":0,"DemandMax":3,"Value":5278},{"Length":26,"Height":29,"Demand":0,"DemandMax":3,"Value":2262},{"Length":31,"Height":40,"Demand":0,"DemandMax":3,"Value":3720},{"Length":68,"Height":81,"Demand":0,"DemandMax":3,"Value":11016},{"Length":8,"Height":36,"Demand":0,"DemandMax":3,"Value":576},{"Length":18,"Height":26,"Demand":0,"DemandMax":3,"Value":936},{"Length":94,"Height":45,"Demand":0,"DemandMax":3,"Value":4230},{"Length":5,"Height":47,"Demand":0,"DemandMax":3,"Value":235},{"Length":52,"Height":72,"Demand":0,"DemandMax":3,"Value":3744},{"Length":13,"Height":7,"Demand":0,"DemandMax":3,"Value":182},{"Length":87,"Height":68,"Demand":0,"DemandMax":3,"Value":5916},{"Length":34,"Height":40,"Demand":0,"DemandMax":3,"Value":2720},{"Length":98,"Height":95,"Demand":0,"DemandMax":3,"Value":9310},{"Length":34,"Height":76,"Demand":0,"DemandMax":3,"Value":2584},{"Length":35,"Height":98,"Demand":0,"DemandMax":3,"Value":10290},{"Length":31,"Height":22,"Demand":0,"DemandMax":3,"Value":682},{"Length":14,"Height":87,"Demand":0,"DemandMax":3,"Value":1218},{"Length":35,"Height":5,"Demand":0,"DemandMax":3,"Value":350},{"Length":98,"Height":15,"Demand":0,"DemandMax":3,"Value":4410},{"Length":20,"Height":78,"Demand":0,"DemandMax":3,"Value":3120},{"Length":67,"Height":84,"Demand":0,"DemandMax":3,"Value":16884},{"Length":3,"Height":31,"Demand":0,"DemandMax":3,"Value":186},{"Length":24,"Height":27,"Demand":0,"DemandMax":3,"Value":648},{"Length":3,"Height":12,"Demand":0,"DemandMax":3,"Value":72},{"Length":43,"Height":25,"Demand":0,"DemandMax":3,"Value":3225},{"Length":82,"Height":81,"Demand":0,"DemandMax":3,"Value":19926},{"Length":11,"Height":92,"Demand":0,"DemandMax":3,"Value":3036},{"Length":34,"Height":83,"Demand":0,"DemandMax":3,"Value":2822},{"Length":76,"Height":89,"Demand":0,"DemandMax":3,"Value":13528},{"Length":11,"Height":19,"Demand":0,"DemandMax":3,"Value":209},{"Length":52,"Height":62,"Demand":0,"DemandMax":3,"Value":6448},{"Length":39,"Height":2,"Demand":0,"DemandMax":3,"Value":234},{"Length":6,"Height":8,"Demand":0,"DemandMax":3,"Value":96},{"Length":13,"Height":7,"Demand":0,"DemandMax":3,"Value":273},{"Length":36,"Height":6,"Demand":0,"DemandMax":3,"Value":432},{"Length":18,"Height":7,"Demand":0,"DemandMax":3,"Value":126},{"Length":30,"Height":19,"Demand":0,"DemandMax":3,"Value":1140},{"Length":81,"Height":12,"Demand":0,"DemandMax":3,"Value":1944},{"Length":4,"Height":22,"Demand":0,"DemandMax":3,"Value":176},{"Length":12,"Height":17,"Demand":0,"DemandMax":3,"Value":612},{"Length":83,"Height":58,"Demand":0,"DemandMax":3,"Value":4814},{"Length":28,"Height":47,"Demand":0,"DemandMax":3,"Value":3948},{"Length":8,"Height":17,"Demand":0,"DemandMax":3,"Value":136},{"Length":47,"Height":38,"Demand":0,"DemandMax":3,"Value":5358},{"Length":17,"Height":36,"Demand":0,"DemandMax":3,"Value":1836},{"Length":13,"Height":78,"Demand":0,"DemandMax":3,"Value":2028},{"Length":86,"Height":89,"Demand":0,"DemandMax":3,"Value":15308},{"Length":16,"Height":99,"Demand":0,"DemandMax":3,"Value":3168},{"Length":29,"Height":26,"Demand":0,"DemandMax":3,"Value":754},{"Length":65,"Height":59,"Demand":0,"DemandMax":3,"Value":7670},{"Length":13,"Height":26,"Demand":0,"DemandMax":3,"Value":676},{"Length":36,"Height":91,"Demand":0,"DemandMax":3,"Value":3276},{"Length":14,"Height":37,"Demand":0,"DemandMax":3,"Value":518},{"Length":76,"Height":17,"Demand":0,"DemandMax":3,"Value":2584},{"Length":9,"Height":33,"Demand":0,"DemandMax":3,"Value":891},{"Length":16,"Height":19,"Demand":0,"DemandMax":3,"Value":608},{"Length":83,"Height":75,"Demand":0,"DemandMax":3,"Value":12450},{"Length":12,"Height":3,"Demand":0,"DemandMax":3,"Value":72},{"Length":37,"Height":10,"Demand":0,"DemandMax":3,"Value":370},{"Length":40,"Height":24,"Demand":0,"DemandMax":3,"Value":960},{"Length":32,"Height":11,"Demand":0,"DemandMax":3,"Value":352},{"Length":47,"Height":3,"Demand":0,"DemandMax":3,"Value":282},{"Length":37,"Height":19,"Demand":0,"DemandMax":3,"Value":1406},{"Length":49,"Height":46,"Demand":0,"DemandMax":3,"Value":6762},{"Length":14,"Height":16,"Demand":0,"DemandMax":3,"Value":224},{"Length":81,"Height":66,"Demand":0,"DemandMax":3,"Value":16038},{"Length":41,"Height":48,"Demand":0,"DemandMax":3,"Value":3936},{"Length":35,"Height":30,"Demand":0,"DemandMax":3,"Value":2100},{"Length":68,"Height":73,"Demand":0,"DemandMax":3,"Value":4964},{"Length":47,"Height":99,"Demand":0,"DemandMax":3,"Value":13959},{"Length":41,"Height":41,"Demand":0,"DemandMax":3,"Value":3362},{"Length":38,"Height":40,"Demand":0,"DemandMax":3,"Value":1520},{"Length":85,"Height":12,"Demand":0,"DemandMax":3,"Value":2040},{"Length":41,"Height":76,"Demand":0,"DemandMax":3,"Value":6232},{"Length":84,"Height":22,"Demand":0,"DemandMax":3,"Value":5544},{"Length":45,"Height":10,"Demand":0,"DemandMax":3,"Value":1350},{"Length":94,"Height":63,"Demand":0,"DemandMax":3,"Value":17766},{"Length":38,"Height":77,"Demand":0,"DemandMax":3,"Value":2926},{"Length":12,"Height":23,"Demand":0,"DemandMax":3,"Value":276},{"Length":36,"Height":2,"Demand":0,"DemandMax":3,"Value":144},{"Length":62,"Height":77,"Demand":0,"DemandMax":3,"Value":14322},{"Length":7,"Height":50,"Demand":0,"DemandMax":3,"Value":1050},{"Length":90,"Height":69,"Demand":0,"DemandMax":3,"Value":6210},{"Length":22,"Height":21,"Demand":0,"DemandMax":3,"Value":1386},{"Length":9,"Height":3,"Demand":0,"DemandMax":3,"Value":27},{"Length":36,"Height":87,"Demand":0,"DemandMax":3,"Value":9396},{"Length":38,"Height":17,"Demand":0,"DemandMax":3,"Value":1292},{"Length":28,"Height":50,"Demand":0,"DemandMax":3,"Value":4200},{"Length":5,"Height":19,"Demand":0,"DemandMax":3,"Value":190},{"Length":99,"Height":25,"Demand":0,"DemandMax":3,"Value":2475},{"Length":24,"Height":82,"Demand":0,"DemandMax":3,"Value":1968},{"Length":8,"Height":85,"Demand":0,"DemandMax":3,"Value":2040},{"Length":22,"Height":79,"Demand":0,"DemandMax":3,"Value":5214},{"Length":37,"Height":34,"Demand":0,"DemandMax":3,"Value":1258},{"Length":73,"Height":79,"Demand":0,"DemandMax":3,"Value":11534},{"Length":24,"Height":30,"Demand":0,"DemandMax":3,"Value":1440},{"Length":32,"Height":22,"Demand":0,"DemandMax":3,"Value":1408},{"Length":44,"Height":82,"Demand":0,"DemandMax":3,"Value":10824},{"Length":13,"Height":47,"Demand":0,"DemandMax":3,"Value":611},{"Length":76,"Height":87,"Demand":0,"DemandMax":3,"Value":13224},{"Length":12,"Height":42,"Demand":0,"DemandMax":3,"Value":1008},{"Length":7,"Height":6,"Demand":0,"DemandMax":3,"Value":84},{"Length":42,"Height":86,"Demand":0,"DemandMax":3,"Value":3612},{"Length":20,"Height":9,"Demand":0,"DemandMax":3,"Value":540},{"Length":25,"Height":34,"Demand":0,"DemandMax":3,"Value":1700},{"Length":98,"Height":21,"Demand":0,"DemandMax":3,"Value":4116},{"Length":46,"Height":25,"Demand":0,"DemandMax":3,"Value":2300},{"Length":80,"Height":75,"Demand":0,"DemandMax":3,"Value":18000},{"Length":25,"Height":3,"Demand":0,"DemandMax":3,"Value":75},{"Length":84,"Height":38,"Demand":0,"DemandMax":3,"Value":9576},{"Length":12,"Height":2,"Demand":0,"DemandMax":3,"Value":24},{"Length":31,"Height":79,"Demand":0,"DemandMax":3,"Value":4898},{"Length":96,"Height":65,"Demand":0,"DemandMax":3,"Value":18720},{"Length":18,"Height":83,"Demand":0,"DemandMax":3,"Value":1494},{"Length":47,"Height":25,"Demand":0,"DemandMax":3,"Value":2350},{"Length":21,"Height":94,"Demand":0,"DemandMax":3,"Value":3948},{"Length":96,"Height":73,"Demand":0,"DemandMax":3,"Value":14016},{"Length":61,"Height":60,"Demand":0,"DemandMax":3,"Value":7320},{"Length":32,"Height":22,"Demand":0,"DemandMax":3,"Value":704},{"Length":3,"Height":29,"Demand":0,"DemandMax":3,"Value":87},{"Length":17,"Height":20,"Demand":0,"DemandMax":3,"Value":680},{"Length":20,"Height":14,"Demand":0,"DemandMax":3,"Value":560},{"Length":33,"Height":24,"Demand":0,"DemandMax":3,"Value":1584},{"Length":40,"Height":98,"Demand":0,"DemandMax":3,"Value":7840},{"Length":42,"Height":100,"Demand":0,"DemandMax":3,"Value":8400},{"Length":95,"Height":55,"Demand":0,"DemandMax":3,"Value":5225},{"Length":42,"Height":24,"Demand":0,"DemandMax":3,"Value":1008},{"Length":45,"Height":39,"Demand":0,"DemandMax":3,"Value":1755},{"Length":80,"Height":12,"Demand":0,"DemandMax":3,"Value":960},{"Length":14,"Height":14,"Demand":0,"DemandMax":3,"Value":588},{"Length":35,"Height":40,"Demand":0,"DemandMax":3,"Value":1400},{"Length":42,"Height":86,"Demand":0,"DemandMax":3,"Value":10836},{"Length":32,"Height":43,"Demand":0,"DemandMax":3,"Value":2752},{"Length":47,"Height":28,"Demand":0,"DemandMax":3,"Value":3948},{"Length":63,"Height":53,"Demand":0,"DemandMax":3,"Value":3339},{"Length":31,"Height":78,"Demand":0,"DemandMax":3,"Value":2418},{"Length":22,"Height":2,"Demand":0,"DemandMax":3,"Value":44},{"Length":22,"Height":2,"Demand":0,"DemandMax":3,"Value":132},{"Length":40,"Height":32,"Demand":0,"DemandMax":3,"Value":2560},{"Length":18,"Height":82,"Demand":0,"DemandMax":3,"Value":2952},{"Length":48,"Height":95,"Demand":0,"DemandMax":3,"Value":4560},{"Length":11,"Height":95,"Demand":0,"DemandMax":3,"Value":2090},{"Length":80,"Height":46,"Demand":0,"DemandMax":3,"Value":11040},{"Length":7,"Height":41,"Demand":0,"DemandMax":3,"Value":287},{"Length":27,"Height":17,"Demand":0,"DemandMax":3,"Value":918},{"Length":37,"Height":93,"Demand":0,"DemandMax":3,"Value":3441},{"Length":94,"Height":21,"Demand":0,"DemandMax":3,"Value":5922},{"Length":100,"Height":41,"Demand":0,"DemandMax":3,"Value":4100},{"Length":87,"Height":9,"Demand":0,"DemandMax":3,"Value":783},{"Length":16,"Height":95,"Demand":0,"DemandMax":3,"Value":4560},{"Length":39,"Height":37,"Demand":0,"DemandMax":3,"Value":2886},{"Length":36,"Height":47,"Demand":0,"DemandMax":3,"Value":5076},{"Length":19,"Height":19,"Demand":0,"DemandMax":3,"Value":722},{"Length":31,"Height":99,"Demand":0,"DemandMax":3,"Value":3069},{"Length":58,"Height":83,"Demand":0,"DemandMax":3,"Value":14442},{"Length":6,"Height":14,"Demand":0,"DemandMax":3,"Value":84},{"Length":33,"Height":93,"Demand":0,"DemandMax":3,"Value":3069},{"Length":24,"Height":28,"Demand":0,"DemandMax":3,"Value":2016},{"Length":28,"Height":45,"Demand":0,"DemandMax":3,"Value":3780},{"Length":81,"Height":31,"Demand":0,"DemandMax":3,"Value":5022},{"Length":18,"Height":8,"Demand":0,"DemandMax":3,"Value":288},{"Length":94,"Height":28,"Demand":0,"DemandMax":3,"Value":5264},{"Length":92,"Height":44,"Demand":0,"DemandMax":3,"Value":12144},{"Length":42,"Height":33,"Demand":0,"DemandMax":3,"Value":1386},{"Length":2,"Height":37,"Demand":0,"DemandMax":3,"Value":222},{"Length":3,"Height":28,"Demand":0,"DemandMax":3,"Value":168},{"Length":49,"Height":14,"Demand":0,"DemandMax":3,"Value":2058},{"Length":86,"Height":52,"Demand":0,"DemandMax":3,"Value":4472},{"Length":30,"Height":99,"Demand":0,"DemandMax":3,"Value":2970},{"Length":43,"Height":91,"Demand":0,"DemandMax":3,"Value":3913}]}