{"Name":"ngcutfs3_61","Objects":[{"Length":100,"Height":100,"Stock":null,"Cost":10000}],"Items":[{"Length":22,"Height":39,"Demand":0,"DemandMax":1,"Value":2574},{"Length":39,"Height":13,"Demand":0,"DemandMax":1,"Value":507},{"Length":13,"Height":18,"Demand":0,"DemandMax":1,"Value":702},{"Length":17,"Height":16,"Demand":0,"DemandMax":1,"Value":544},{"Length":48,"Height":44,"Demand":0,"DemandMax":1,"Value":4224},{"Length":29,"Height":94,"Demand":0,"DemandMax":1,"Value":2726},{"Length":83,"Height":34,"Demand":0,"DemandMax":1,"Value":5644},{"Length":28,"Height":39,"Demand":0,"DemandMax":1,"Value":2184},{"Length":5,"Height":12,"Demand":0,"DemandMax":1,"Value":120},{"Length":5,"Height":6,"Demand":0,"DemandMax":1,"Value":90},{"Length":9,"Height":2,"Demand":0,"DemandMax":1,"Value":18},{"Length":49,"Height":47,"Demand":0,"DemandMax":1,"Value":4606},{"Length":30,"Height":5,"Demand":0,"DemandMax":1,"Value":450},{"Length":92,"Height":31,"Demand":0,"DemandMax":1,"Value":8556},{"Length":82,"Height":31,"Demand":0,"DemandMax":1,"Value":7626},{"Length":2,"Height":25,"Demand":0,"DemandMax":1,"Value":150},{"Length":25,"Height":39,"Demand":0,"DemandMax":1,"Value":2925},{"Length":42,"Height":20,"Demand":0,"DemandMax":1,"Value":2520},{"Length":5,"Height":37,"Demand":0,"DemandMax":1,"Value":185},{"Length":10,"Height":9,"Demand":0,"DemandMax":1,"Value":180},{"Length":49,"Height":15,"Demand":0,"DemandMax":1,"Value":2205},{"Length":21,"Height":30,"Demand":0,"DemandMax":1,"Value":1890},{"Length":31,"Height":4,"Demand":0,"DemandMax":1,"Value":248},{"Length":37,"Height":6,"Demand":0,"DemandMax":1,"Value":444},{"Length":30,"Height":23,"Demand":0,"DemandMax":1,"Value":2070},{"Length":39,"Height":37,"Demand":0,"DemandMax":1,"Value":1443},{"Length":14,"Height":43,"Demand":0,"DemandMax":1,"Value":1806},{"Length":42,"Height":43,"Demand":0,"DemandMax":1,"Value":3612},{"Length":52,"Height":58,"Demand":0,"DemandMax":1,"Value":9048},{"Length":80,"Height":36,"Demand":0,"DemandMax":1,"Value":2880},{"Length":23,"Height":17,"Demand":0,"DemandMax":1,"Value":391},{"Length":86,"Height":47,"Demand":0,"DemandMax":1,"Value":4042},{"Length":17,"Height":25,"Demand":0,"DemandMax":1,"Value":1275},{"Length":36,"Height":87,"Demand":0,"DemandMax":1,"Value":6264},{"Length":13,"Height":25,"Demand":0,"DemandMax":1,"Value":325},{"Length":94,"Height":62,"Demand":0,"DemandMax":1,"Value":5828},{"Length":42,"Height":48,"Demand":0,"DemandMax":1,"Value":4032},{"Length":9,"Height":98,"Demand":0,"DemandMax":1,"Value":2646},{"Length":15,"Height":26,"Demand":0,"DemandMax":1,"Value":1170},{"Length":46,"Height":3,"Demand":0,"DemandMax":1,"Value":276},{"Length":36,"Height":47,"Demand":0,"DemandMax":1,"Value":5076},{"Length":3,"Height":35,"Demand":0,"DemandMax":1,"Value":315},{"Length":78,"Height":58,"Demand":0,"DemandMax":1,"Value":4524},{"Length":42,"Height":8,"Demand":0,"DemandMax":1,"Value":672},{"Length":39,"Height":22,"Demand":0,"DemandMax":1,"Value":1716},{"Length":2,"Height":43,"Demand":0,"DemandMax":1,"Value":86},{"Length":13,"Height":26,"Demand":0,"DemandMax":1,"Value":338},{"Length":29,"Height":76,"Demand":0,"DemandMax":1,"Value":4408},{"Length":36,"Height":8,"Demand":0,"DemandMax":1,"Value":288},{"Length":3,"Height":28,"Demand":0,"DemandMax":1,"Value":252},{"Length":41,"Height":23,"Demand":0,"DemandMax":1,"Value":1886},{"Length":22,"Height":5,"Demand":0,"DemandMax":1,"Value":110},{"Length":39,"Height":29,"Demand":0,"DemandMax":1,"Value":3393},{"Length":13,"Height":4,"Demand":0,"DemandMax":1,"Value":156},{"Length":69,"Height":73,"Demand":0,"DemandMax":1,"Value":10074},{"Length":35,"Height":45,"Demand":0,"DemandMax":1,"Value":3150},{"Length":40,"Height":42,"Demand":0,"DemandMax":1,"Value":1680},{"Length":42,"Height":84,"Demand":0,"DemandMax":1,"Value":7056},{"Length":24,"Height":20,"Demand":0,"DemandMax":1,"Value":1440},{"Length":39,"Height":96,"Demand":0,"DemandMax":1,"Value":11232},{"Length":15,"Height":42,"Demand":0,"DemandMax":1,"Value":1890},{"Length":4,"Height":33,"Demand":0,"DemandMax":1,"Value":132},{"Length":41,"Height":94,"Demand":0,"DemandMax":1,"Value":3854},{"Length":35,"Height":94,"Demand":0,"DemandMax":1,"Value":3290},{"Length":23,"Height":30,"Demand":0,"DemandMax":1,"Value":690},{"Length":4,"Height":50,"Demand":0,"DemandMax":1,"Value":600},{"Length":71,"Height":85,"Demand":0,"DemandMax":1,"Value":18105},{"Length":42,"Height":46,"Demand":0,"DemandMax":1,"Value":3864},{"Length":7,"Height":24,"Demand":0,"DemandMax":1,"Value":168},{"Length":22,"Height":34,"Demand":0,"DemandMax":1,"Value":1496},{"Length":15,"Height":36,"Demand":0,"DemandMax":1,"Value":1080},{"Length":34,"Height":13,"Demand":0,"DemandMax":1,"Value":442},{"Length":24,"Height":31,"Demand":0,"DemandMax":1,"Value":1488},{"Length":12,"Height":11,"Demand":0,"DemandMax":1,"Value":132},{"Length":40,"Height":35,"Demand":0,"DemandMax":1,"Value":1400},{"Length":37,"Height":48,"Demand":0,"DemandMax":1,"Value":5328},{"Length":9,"Height":16,"Demand":0,"DemandMax":1,"Value":432},{"Length":96,"Height":15,"Demand":0,"DemandMax":1,"Value":4320},{"Length":41,"Height":29,"Demand":0,"DemandMax":1,"Value":2378},{"Length":23,"Height":34,"Demand":0,"DemandMax":1,"Value":1564},{"Length":24,"Height":7,"Demand":0,"DemandMax":1,"Value":168},{"Length":21,"Height":87,"Demand":0,"DemandMax":1,"Value":5481},{"Length":26,"Height":95,"Demand":0,"DemandMax":1,"Value":7410},{"Length":17,"Height":27,"Demand":0,"DemandMax":1,"Value":1377},{"Length":84,"Height":38,"Demand":0,"DemandMax":1,"Value":6384},{"Length":32,"Height":11,"Demand":0,"DemandMax":1,"Value":352},{"Length":20,"Height":9,"Demand":0,"DemandMax":1,"Value":540},{"Length":15,"Height":4,"Demand":0,"DemandMax":1,"Value":120},{"Length":59,"Height":53,"Demand":0,"DemandMax":1,"Value":6254},{"Length":15,"Height":4,"Demand":0,"DemandMax":1,"Value":180},{"Length":54,"Height":93,"Demand":0,"DemandMax":1,"Value":15066},{"Length":44,"Height":8,"Demand":0,"DemandMax":1,"Value":704},{"Length":40,"Height":3,"Demand":0,"DemandMax":1,"Value":240},{"Length":2,"Height":8,"Demand":0,"DemandMax":1,"Value":32},{"Length":28,"Height":50,"Demand":0,"DemandMax":1,"Value":1400},{"Length":11,"Height":10,"Demand":0,"DemandMax":1,"Value":220},{"Length":77,"Height":41,"Demand":0,"DemandMax":1,"Value":3157},{"Length":13,"Height":3,"Demand":0,"DemandMax":1,"Value":78},{"Length":50,"Height":36,"Demand":0,"DemandMax":1,"Value":3600},{"Length":22,"Height":18,"Demand":0,"DemandMax":1,"Value":1188}]}