{"Name":"ngcutfs1_10","Objects":[{"Length":100,"Height":100,"Stock":null,"Cost":10000}],"Items":[{"Length":94,"Height":23,"Demand":0,"DemandMax":1,"Value":6486},{"Length":50,"Height":84,"Demand":0,"DemandMax":1,"Value":4200},{"Length":29,"Height":50,"Demand":0,"DemandMax":1,"Value":4350},{"Length":89,"Height":39,"Demand":0,"DemandMax":1,"Value":6942},{"Length":35,"Height":89,"Demand":0,"DemandMax":1,"Value":3115},{"Length":37,"Height":83,"Demand":0,"DemandMax":1,"Value":6142},{"Length":44,"Height":24,"Demand":0,"DemandMax":1,"Value":1056},{"Length":47,"Height":8,"Demand":0,"DemandMax":1,"Value":1128},{"Length":94,"Height":99,"Demand":0,"DemandMax":1,"Value":9306},{"Length":5,"Height":29,"Demand":0,"DemandMax":1,"Value":290},{"Length":42,"Height":40,"Demand":0,"DemandMax":1,"Value":1680},{"Length":14,"Height":42,"Demand":0,"DemandMax":1,"Value":1764},{"Length":86,"Height":50,"Demand":0,"DemandMax":1,"Value":12900},{"Length":38,"Height":28,"Demand":0,"DemandMax":1,"Value":1064},{"Length":78,"Height":49,"Demand":0,"DemandMax":1,"Value":11466},{"Length":5,"Height":48,"Demand":0,"DemandMax":1,"Value":240},{"Length":33,"Height":8,"Demand":0,"DemandMax":1,"Value":264},{"Length":93,"Height":22,"Demand":0,"DemandMax":1,"Value":6138},{"Length":84,"Height":95,"Demand":0,"DemandMax":1,"Value":15960},{"Length":10,"Height":13,"Demand":0,"DemandMax":1,"Value":260},{"Length":97,"Height":40,"Demand":0,"DemandMax":1,"Value":3880},{"Length":81,"Height":18,"Demand":0,"DemandMax":1,"Value":4374},{"Length":30,"Height":10,"Demand":0,"DemandMax":1,"Value":600},{"Length":80,"Height":27,"Demand":0,"DemandMax":1,"Value":6480},{"Length":32,"Height":85,"Demand":0,"DemandMax":1,"Value":2720},{"Length":88,"Height":34,"Demand":0,"DemandMax":1,"Value":5984},{"Length":3,"Height":6,"Demand":0,"DemandMax":1,"Value":36},{"Length":20,"Height":77,"Demand":0,"DemandMax":1,"Value":1540},{"Length":24,"Height":19,"Demand":0,"DemandMax":1,"Value":456},{"Length":76,"Height":36,"Demand":0,"DemandMax":1,"Value":5472},{"Length":17,"Height":42,"Demand":0,"DemandMax":1,"Value":714},{"Length":100,"Height":47,"Demand":0,"DemandMax":1,"Value":9400},{"Length":81,"Height":40,"Demand":0,"DemandMax":1,"Value":9720},{"Length":34,"Height":28,"Demand":0,"DemandMax":1,"Value":1904},{"Length":18,"Height":82,"Demand":0,"DemandMax":1,"Value":1476},{"Length":18,"Height":90,"Demand":0,"DemandMax":1,"Value":3240},{"Length":10,"Height":24,"Demand":0,"DemandMax":1,"Value":720},{"Length":45,"Height":24,"Demand":0,"DemandMax":1,"Value":3240},{"Length":97,"Height":56,"Demand":0,"DemandMax":1,"Value":16296},{"Length":64,"Height":81,"Demand":0,"DemandMax":1,"Value":10368}]}