{"Name":"ngcutfs3_56","Objects":[{"Length":100,"Height":100,"Stock":null,"Cost":10000}],"Items":[{"Length":25,"Height":24,"Demand":0,"DemandMax":4,"Value":1200},{"Length":17,"Height":40,"Demand":0,"DemandMax":4,"Value":680},{"Length":27,"Height":28,"Demand":0,"DemandMax":4,"Value":756},{"Length":8,"Height":31,"Demand":0,"DemandMax":4,"Value":744},{"Length":41,"Height":12,"Demand":0,"DemandMax":4,"Value":1476},{"Length":11,"Height":40,"Demand":0,"DemandMax":4,"Value":880},{"Length":57,"Height":80,"Demand":0,"DemandMax":4,"Value":9120},{"Length":47,"Height":44,"Demand":0,"DemandMax":4,"Value":2068},{"Length":82,"Height":44,"Demand":0,"DemandMax":4,"Value":3608},{"Length":43,"Height":76,"Demand":0,"DemandMax":4,"Value":9804},{"Length":43,"Height":36,"Demand":0,"DemandMax":4,"Value":1548},{"Length":40,"Height":27,"Demand":0,"DemandMax":4,"Value":1080},{"Length":77,"Height":36,"Demand":0,"DemandMax":4,"Value":2772},{"Length":49,"Height":42,"Demand":0,"DemandMax":4,"Value":6174},{"Length":10,"Height":26,"Demand":0,"DemandMax":4,"Value":780},{"Length":13,"Height":40,"Demand":0,"DemandMax":4,"Value":1040},{"Length":24,"Height":22,"Demand":0,"DemandMax":4,"Value":1584},{"Length":49,"Height":10,"Demand":0,"DemandMax":4,"Value":490},{"Length":43,"Height":35,"Demand":0,"DemandMax":4,"Value":4515},{"Length":97,"Height":87,"Demand":0,"DemandMax":4,"Value":25317},{"Length":87,"Height":5,"Demand":0,"DemandMax":4,"Value":1305},{"Length":26,"Height":12,"Demand":0,"DemandMax":4,"Value":312},{"Length":23,"Height":85,"Demand":0,"DemandMax":4,"Value":3910},{"Length":50,"Height":19,"Demand":0,"DemandMax":4,"Value":1900},{"Length":64,"Height":63,"Demand":0,"DemandMax":4,"Value":8064},{"Length":37,"Height":33,"Demand":0,"DemandMax":4,"Value":1221},{"Length":8,"Height":36,"Demand":0,"DemandMax":4,"Value":864},{"Length":87,"Height":3,"Demand":0,"DemandMax":4,"Value":522},{"Length":40,"Height":3,"Demand":0,"DemandMax":4,"Value":360},{"Length":20,"Height":10,"Demand":0,"DemandMax":4,"Value":600},{"Length":44,"Height":49,"Demand":0,"DemandMax":4,"Value":6468},{"Length":18,"Height":85,"Demand":0,"DemandMax":4,"Value":3060},{"Length":84,"Height":26,"Demand":0,"DemandMax":4,"Value":6552},{"Length":87,"Height":14,"Demand":0,"DemandMax":4,"Value":1218},{"Length":16,"Height":32,"Demand":0,"DemandMax":4,"Value":1024},{"Length":11,"Height":4,"Demand":0,"DemandMax":4,"Value":44},{"Length":7,"Height":7,"Demand":0,"DemandMax":4,"Value":147},{"Length":83,"Height":48,"Demand":0,"DemandMax":4,"Value":3984},{"Length":4,"Height":7,"Demand":0,"DemandMax":4,"Value":56},{"Length":21,"Height":13,"Demand":0,"DemandMax":4,"Value":546},{"Length":28,"Height":10,"Demand":0,"DemandMax":4,"Value":840},{"Length":23,"Height":20,"Demand":0,"DemandMax":4,"Value":460},{"Length":50,"Height":3,"Demand":0,"DemandMax":4,"Value":300},{"Length":4,"Height":43,"Demand":0,"DemandMax":4,"Value":172},{"Length":34,"Height":3,"Demand":0,"DemandMax":4,"Value":204},{"Length":41,"Height":43,"Demand":0,"DemandMax":4,"Value":1763},{"Length":20,"Height":14,"Demand":0,"DemandMax":4,"Value":560},{"Length":12,"Height":20,"Demand":0,"DemandMax":4,"Value":240},{"Length":6,"Height":35,"Demand":0,"DemandMax":4,"Value":210},{"Length":39,"Height":40,"Demand":0,"DemandMax":4,"Value":1560}]}