{"Name":"ngcutfs1_162","Objects":[{"Length":100,"Height":100,"Stock":null,"Cost":10000}],"Items":[{"Length":14,"Height":48,"Demand":0,"DemandMax":3,"Value":2016},{"Length":44,"Height":17,"Demand":0,"DemandMax":3,"Value":748},{"Length":21,"Height":92,"Demand":0,"DemandMax":3,"Value":1932},{"Length":46,"Height":25,"Demand":0,"DemandMax":3,"Value":1150},{"Length":27,"Height":50,"Demand":0,"DemandMax":3,"Value":2700},{"Length":97,"Height":62,"Demand":0,"DemandMax":3,"Value":6014},{"Length":62,"Height":95,"Demand":0,"DemandMax":3,"Value":11780},{"Length":41,"Height":88,"Demand":0,"DemandMax":3,"Value":3608},{"Length":88,"Height":32,"Demand":0,"DemandMax":3,"Value":2816},{"Length":98,"Height":57,"Demand":0,"DemandMax":3,"Value":5586},{"Length":92,"Height":7,"Demand":0,"DemandMax":3,"Value":644},{"Length":47,"Height":30,"Demand":0,"DemandMax":3,"Value":2820},{"Length":40,"Height":32,"Demand":0,"DemandMax":3,"Value":1280},{"Length":89,"Height":55,"Demand":0,"DemandMax":3,"Value":4895},{"Length":77,"Height":87,"Demand":0,"DemandMax":3,"Value":20097},{"Length":78,"Height":80,"Demand":0,"DemandMax":3,"Value":18720},{"Length":43,"Height":87,"Demand":0,"DemandMax":3,"Value":11223},{"Length":27,"Height":79,"Demand":0,"DemandMax":3,"Value":4266},{"Length":18,"Height":5,"Demand":0,"DemandMax":3,"Value":90},{"Length":9,"Height":91,"Demand":0,"DemandMax":3,"Value":1638},{"Length":49,"Height":25,"Demand":0,"DemandMax":3,"Value":1225},{"Length":86,"Height":87,"Demand":0,"DemandMax":3,"Value":14964},{"Length":3,"Height":39,"Demand":0,"DemandMax":3,"Value":234},{"Length":29,"Height":19,"Demand":0,"DemandMax":3,"Value":551},{"Length":28,"Height":82,"Demand":0,"DemandMax":3,"Value":2296},{"Length":97,"Height":47,"Demand":0,"DemandMax":3,"Value":9118},{"Length":32,"Height":48,"Demand":0,"DemandMax":3,"Value":1536},{"Length":28,"Height":92,"Demand":0,"DemandMax":3,"Value":7728},{"Length":15,"Height":80,"Demand":0,"DemandMax":3,"Value":3600},{"Length":25,"Height":2,"Demand":0,"DemandMax":3,"Value":50},{"Length":3,"Height":2,"Demand":0,"DemandMax":3,"Value":12},{"Length":41,"Height":19,"Demand":0,"DemandMax":3,"Value":2337},{"Length":31,"Height":79,"Demand":0,"DemandMax":3,"Value":7347},{"Length":40,"Height":8,"Demand":0,"DemandMax":3,"Value":320},{"Length":47,"Height":8,"Demand":0,"DemandMax":3,"Value":1128},{"Length":38,"Height":17,"Demand":0,"DemandMax":3,"Value":646},{"Length":87,"Height":31,"Demand":0,"DemandMax":3,"Value":8091},{"Length":3,"Height":13,"Demand":0,"DemandMax":3,"Value":78},{"Length":92,"Height":35,"Demand":0,"DemandMax":3,"Value":6440},{"Length":26,"Height":41,"Demand":0,"DemandMax":3,"Value":2132},{"Length":21,"Height":97,"Demand":0,"DemandMax":3,"Value":4074},{"Length":32,"Height":19,"Demand":0,"DemandMax":3,"Value":608},{"Length":17,"Height":79,"Demand":0,"DemandMax":3,"Value":1343},{"Length":2,"Height":97,"Demand":0,"DemandMax":3,"Value":388},{"Length":37,"Height":33,"Demand":0,"DemandMax":3,"Value":1221},{"Length":97,"Height":35,"Demand":0,"DemandMax":3,"Value":10185},{"Length":44,"Height":31,"Demand":0,"DemandMax":3,"Value":2728},{"Length":77,"Height":50,"Demand":0,"DemandMax":3,"Value":11550},{"Length":26,"Height":17,"Demand":0,"DemandMax":3,"Value":442},{"Length":20,"Height":93,"Demand":0,"DemandMax":3,"Value":5580},{"Length":13,"Height":79,"Demand":0,"DemandMax":3,"Value":2054},{"Length":16,"Height":94,"Demand":0,"DemandMax":3,"Value":1504},{"Length":83,"Height":2,"Demand":0,"DemandMax":3,"Value":498},{"Length":14,"Height":77,"Demand":0,"DemandMax":3,"Value":1078},{"Length":15,"Height":86,"Demand":0,"DemandMax":3,"Value":2580},{"Length":45,"Height":84,"Demand":0,"DemandMax":3,"Value":3780},{"Length":29,"Height":84,"Demand":0,"DemandMax":3,"Value":7308},{"Length":40,"Height":2,"Demand":0,"DemandMax":3,"Value":240},{"Length":41,"Height":11,"Demand":0,"DemandMax":3,"Value":451},{"Length":72,"Height":90,"Demand":0,"DemandMax":3,"Value":19440},{"Length":3,"Height":96,"Demand":0,"DemandMax":3,"Value":576},{"Length":11,"Height":37,"Demand":0,"DemandMax":3,"Value":814},{"Length":43,"Height":26,"Demand":0,"DemandMax":3,"Value":1118},{"Length":75,"Height":98,"Demand":0,"DemandMax":3,"Value":7350},{"Length":2,"Height":39,"Demand":0,"DemandMax":3,"Value":156},{"Length":33,"Height":36,"Demand":0,"DemandMax":3,"Value":2376},{"Length":2,"Height":31,"Demand":0,"DemandMax":3,"Value":186},{"Length":77,"Height":40,"Demand":0,"DemandMax":3,"Value":9240},{"Length":18,"Height":94,"Demand":0,"DemandMax":3,"Value":5076},{"Length":55,"Height":57,"Demand":0,"DemandMax":3,"Value":9405},{"Length":82,"Height":63,"Demand":0,"DemandMax":3,"Value":10332},{"Length":12,"Height":83,"Demand":0,"DemandMax":3,"Value":2988},{"Length":39,"Height":48,"Demand":0,"DemandMax":3,"Value":5616},{"Length":44,"Height":5,"Demand":0,"DemandMax":3,"Value":440},{"Length":25,"Height":31,"Demand":0,"DemandMax":3,"Value":1550},{"Length":56,"Height":52,"Demand":0,"DemandMax":3,"Value":8736},{"Length":91,"Height":14,"Demand":0,"DemandMax":3,"Value":1274},{"Length":23,"Height":91,"Demand":0,"DemandMax":3,"Value":2093},{"Length":44,"Height":2,"Demand":0,"DemandMax":3,"Value":264},{"Length":8,"Height":90,"Demand":0,"DemandMax":3,"Value":2160},{"Length":58,"Height":90,"Demand":0,"DemandMax":3,"Value":15660},{"Length":26,"Height":95,"Demand":0,"DemandMax":6,"Value":7410},{"Length":30,"Height":6,"Demand":0,"DemandMax":3,"Value":180},{"Length":47,"Height":97,"Demand":0,"DemandMax":3,"Value":9118},{"Length":20,"Height":38,"Demand":0,"DemandMax":3,"Value":2280},{"Length":61,"Height":60,"Demand":0,"DemandMax":3,"Value":3660},{"Length":30,"Height":40,"Demand":0,"DemandMax":3,"Value":2400},{"Length":84,"Height":37,"Demand":0,"DemandMax":3,"Value":3108},{"Length":98,"Height":50,"Demand":0,"DemandMax":3,"Value":4900},{"Length":85,"Height":98,"Demand":0,"DemandMax":3,"Value":24990},{"Length":100,"Height":23,"Demand":0,"DemandMax":3,"Value":4600},{"Length":24,"Height":10,"Demand":0,"DemandMax":3,"Value":720},{"Length":40,"Height":15,"Demand":0,"DemandMax":3,"Value":1800},{"Length":5,"Height":43,"Demand":0,"DemandMax":3,"Value":215},{"Length":78,"Height":56,"Demand":0,"DemandMax":3,"Value":13104},{"Length":14,"Height":6,"Demand":0,"DemandMax":3,"Value":168},{"Length":40,"Height":25,"Demand":0,"DemandMax":3,"Value":2000},{"Length":96,"Height":18,"Demand":0,"DemandMax":3,"Value":1728},{"Length":32,"Height":23,"Demand":0,"DemandMax":3,"Value":1472},{"Length":36,"Height":15,"Demand":0,"DemandMax":3,"Value":1080},{"Length":39,"Height":99,"Demand":0,"DemandMax":3,"Value":3861},{"Length":37,"Height":45,"Demand":0,"DemandMax":3,"Value":3330},{"Length":55,"Height":74,"Demand":0,"DemandMax":3,"Value":4070},{"Length":31,"Height":35,"Demand":0,"DemandMax":3,"Value":3255},{"Length":27,"Height":83,"Demand":0,"DemandMax":3,"Value":4482},{"Length":32,"Height":85,"Demand":0,"DemandMax":3,"Value":8160},{"Length":48,"Height":49,"Demand":0,"DemandMax":3,"Value":4704},{"Length":91,"Height":70,"Demand":0,"DemandMax":3,"Value":12740},{"Length":60,"Height":69,"Demand":0,"DemandMax":3,"Value":8280},{"Length":93,"Height":47,"Demand":0,"DemandMax":3,"Value":8742},{"Length":75,"Height":55,"Demand":0,"DemandMax":3,"Value":8250},{"Length":86,"Height":48,"Demand":0,"DemandMax":3,"Value":12384},{"Length":24,"Height":39,"Demand":0,"DemandMax":3,"Value":2808},{"Length":4,"Height":45,"Demand":0,"DemandMax":3,"Value":540},{"Length":50,"Height":80,"Demand":0,"DemandMax":3,"Value":8000},{"Length":36,"Height":34,"Demand":0,"DemandMax":3,"Value":2448},{"Length":27,"Height":49,"Demand":0,"DemandMax":3,"Value":2646},{"Length":50,"Height":15,"Demand":0,"DemandMax":3,"Value":2250},{"Length":9,"Height":97,"Demand":0,"DemandMax":3,"Value":1746},{"Length":96,"Height":68,"Demand":0,"DemandMax":3,"Value":6528},{"Length":53,"Height":92,"Demand":0,"DemandMax":3,"Value":9752},{"Length":16,"Height":85,"Demand":0,"DemandMax":3,"Value":1360},{"Length":57,"Height":51,"Demand":0,"DemandMax":3,"Value":8721},{"Length":83,"Height":95,"Demand":0,"DemandMax":3,"Value":7885},{"Length":77,"Height":41,"Demand":0,"DemandMax":3,"Value":3157},{"Length":9,"Height":32,"Demand":0,"DemandMax":3,"Value":864},{"Length":92,"Height":55,"Demand":0,"DemandMax":3,"Value":15180},{"Length":27,"Height":47,"Demand":0,"DemandMax":3,"Value":3807},{"Length":89,"Height":19,"Demand":0,"DemandMax":3,"Value":1691},{"Length":25,"Height":3,"Demand":0,"DemandMax":3,"Value":225},{"Length":46,"Height":92,"Demand":0,"DemandMax":3,"Value":12696},{"Length":45,"Height":24,"Demand":0,"DemandMax":6,"Value":1080},{"Length":42,"Height":85,"Demand":0,"DemandMax":3,"Value":3570},{"Length":18,"Height":39,"Demand":0,"DemandMax":3,"Value":702},{"Length":48,"Height":16,"Demand":0,"DemandMax":3,"Value":2304},{"Length":49,"Height":99,"Demand":0,"DemandMax":3,"Value":14553},{"Length":43,"Height":2,"Demand":0,"DemandMax":3,"Value":258},{"Length":27,"Height":96,"Demand":0,"DemandMax":3,"Value":7776},{"Length":18,"Height":85,"Demand":0,"DemandMax":3,"Value":1530},{"Length":83,"Height":22,"Demand":0,"DemandMax":3,"Value":1826},{"Length":93,"Height":15,"Demand":0,"DemandMax":3,"Value":2790},{"Length":50,"Height":21,"Demand":0,"DemandMax":3,"Value":1050},{"Length":21,"Height":50,"Demand":0,"DemandMax":3,"Value":2100},{"Length":78,"Height":56,"Demand":0,"DemandMax":3,"Value":4368},{"Length":14,"Height":93,"Demand":0,"DemandMax":3,"Value":1302},{"Length":66,"Height":62,"Demand":0,"DemandMax":3,"Value":12276},{"Length":43,"Height":35,"Demand":0,"DemandMax":3,"Value":1505},{"Length":17,"Height":19,"Demand":0,"DemandMax":3,"Value":646},{"Length":47,"Height":35,"Demand":0,"DemandMax":3,"Value":1645},{"Length":41,"Height":50,"Demand":0,"DemandMax":3,"Value":6150},{"Length":50,"Height":95,"Demand":0,"DemandMax":3,"Value":4750},{"Length":29,"Height":25,"Demand":0,"DemandMax":3,"Value":2175},{"Length":73,"Height":80,"Demand":0,"DemandMax":3,"Value":11680},{"Length":30,"Height":35,"Demand":0,"DemandMax":3,"Value":3150},{"Length":76,"Height":9,"Demand":0,"DemandMax":3,"Value":684},{"Length":37,"Height":93,"Demand":0,"DemandMax":3,"Value":6882},{"Length":28,"Height":40,"Demand":0,"DemandMax":3,"Value":2240},{"Length":44,"Height":10,"Demand":0,"DemandMax":3,"Value":440},{"Length":76,"Height":45,"Demand":0,"DemandMax":3,"Value":10260},{"Length":36,"Height":7,"Demand":0,"DemandMax":3,"Value":756},{"Length":33,"Height":6,"Demand":0,"DemandMax":3,"Value":594},{"Length":46,"Height":15,"Demand":0,"DemandMax":3,"Value":2070},{"Length":19,"Height":10,"Demand":0,"DemandMax":3,"Value":190},{"Length":30,"Height":7,"Demand":0,"DemandMax":3,"Value":210},{"Length":20,"Height":3,"Demand":0,"DemandMax":3,"Value":120},{"Length":26,"Height":23,"Demand":0,"DemandMax":3,"Value":1794},{"Length":31,"Height":6,"Demand":0,"DemandMax":3,"Value":558},{"Length":35,"Height":86,"Demand":0,"DemandMax":3,"Value":3010},{"Length":29,"Height":33,"Demand":0,"DemandMax":3,"Value":957},{"Length":24,"Height":11,"Demand":0,"DemandMax":3,"Value":528},{"Length":73,"Height":71,"Demand":0,"DemandMax":3,"Value":15549},{"Length":95,"Height":40,"Demand":0,"DemandMax":3,"Value":11400},{"Length":46,"Height":85,"Demand":0,"DemandMax":3,"Value":3910},{"Length":24,"Height":50,"Demand":0,"DemandMax":3,"Value":2400},{"Length":41,"Height":40,"Demand":0,"DemandMax":3,"Value":4920},{"Length":42,"Height":50,"Demand":0,"DemandMax":3,"Value":2100},{"Length":19,"Height":46,"Demand":0,"DemandMax":3,"Value":1748},{"Length":19,"Height":5,"Demand":0,"DemandMax":3,"Value":285},{"Length":52,"Height":53,"Demand":0,"DemandMax":3,"Value":2756},{"Length":64,"Height":71,"Demand":0,"DemandMax":3,"Value":13632},{"Length":21,"Height":34,"Demand":0,"DemandMax":3,"Value":1428},{"Length":100,"Height":84,"Demand":0,"DemandMax":3,"Value":8400},{"Length":71,"Height":93,"Demand":0,"DemandMax":3,"Value":13206},{"Length":14,"Height":94,"Demand":0,"DemandMax":3,"Value":3948},{"Length":61,"Height":72,"Demand":0,"DemandMax":3,"Value":13176},{"Length":11,"Height":20,"Demand":0,"DemandMax":3,"Value":440},{"Length":94,"Height":81,"Demand":0,"DemandMax":3,"Value":15228},{"Length":92,"Height":49,"Demand":0,"DemandMax":3,"Value":4508},{"Length":82,"Height":56,"Demand":0,"DemandMax":3,"Value":13776},{"Length":87,"Height":76,"Demand":0,"DemandMax":3,"Value":13224},{"Length":49,"Height":10,"Demand":0,"DemandMax":3,"Value":490},{"Length":87,"Height":52,"Demand":0,"DemandMax":3,"Value":9048},{"Length":22,"Height":96,"Demand":0,"DemandMax":3,"Value":4224},{"Length":59,"Height":76,"Demand":0,"DemandMax":3,"Value":8968},{"Length":85,"Height":48,"Demand":0,"DemandMax":3,"Value":4080},{"Length":52,"Height":55,"Demand":0,"DemandMax":3,"Value":5720},{"Length":78,"Height":48,"Demand":0,"DemandMax":3,"Value":11232},{"Length":30,"Height":90,"Demand":0,"DemandMax":3,"Value":2700},{"Length":60,"Height":66,"Demand":0,"DemandMax":3,"Value":3960},{"Length":84,"Height":44,"Demand":0,"DemandMax":3,"Value":7392},{"Length":96,"Height":61,"Demand":0,"DemandMax":3,"Value":11712},{"Length":58,"Height":75,"Demand":0,"DemandMax":3,"Value":13050},{"Length":77,"Height":64,"Demand":0,"DemandMax":3,"Value":9856},{"Length":23,"Height":34,"Demand":0,"DemandMax":3,"Value":2346},{"Length":31,"Height":9,"Demand":0,"DemandMax":3,"Value":279},{"Length":17,"Height":92,"Demand":0,"DemandMax":3,"Value":3128},{"Length":11,"Height":36,"Demand":0,"DemandMax":3,"Value":1188},{"Length":20,"Height":90,"Demand":0,"DemandMax":3,"Value":5400},{"Length":25,"Height":98,"Demand":0,"DemandMax":3,"Value":4900},{"Length":77,"Height":54,"Demand":0,"DemandMax":3,"Value":8316},{"Length":30,"Height":43,"Demand":0,"DemandMax":3,"Value":3870},{"Length":31,"Height":21,"Demand":0,"DemandMax":3,"Value":651},{"Length":20,"Height":11,"Demand":0,"DemandMax":3,"Value":660},{"Length":32,"Height":44,"Demand":0,"DemandMax":3,"Value":2816},{"Length":27,"Height":19,"Demand":0,"DemandMax":3,"Value":1026},{"Length":23,"Height":14,"Demand":0,"DemandMax":3,"Value":322},{"Length":82,"Height":87,"Demand":0,"DemandMax":3,"Value":21402},{"Length":96,"Height":27,"Demand":0,"DemandMax":3,"Value":5184},{"Length":82,"Height":64,"Demand":0,"DemandMax":3,"Value":15744},{"Length":30,"Height":100,"Demand":0,"DemandMax":3,"Value":9000},{"Length":63,"Height":80,"Demand":0,"DemandMax":3,"Value":10080},{"Length":47,"Height":89,"Demand":0,"DemandMax":3,"Value":12549},{"Length":96,"Height":70,"Demand":0,"DemandMax":3,"Value":6720},{"Length":37,"Height":30,"Demand":0,"DemandMax":3,"Value":2220},{"Length":10,"Height":6,"Demand":0,"DemandMax":3,"Value":60},{"Length":94,"Height":51,"Demand":0,"DemandMax":3,"Value":9588},{"Length":29,"Height":17,"Demand":0,"DemandMax":3,"Value":493},{"Length":49,"Height":41,"Demand":0,"DemandMax":3,"Value":2009},{"Length":34,"Height":34,"Demand":0,"DemandMax":3,"Value":2312},{"Length":97,"Height":60,"Demand":0,"DemandMax":3,"Value":5820},{"Length":87,"Height":11,"Demand":0,"DemandMax":3,"Value":1914},{"Length":87,"Height":94,"Demand":0,"DemandMax":3,"Value":24534},{"Length":51,"Height":82,"Demand":0,"DemandMax":3,"Value":4182},{"Length":90,"Height":15,"Demand":0,"DemandMax":3,"Value":4050},{"Length":26,"Height":100,"Demand":0,"DemandMax":3,"Value":7800},{"Length":12,"Height":28,"Demand":0,"DemandMax":3,"Value":1008},{"Length":85,"Height":21,"Demand":0,"DemandMax":3,"Value":1785},{"Length":10,"Height":89,"Demand":0,"DemandMax":3,"Value":890},{"Length":36,"Height":28,"Demand":0,"DemandMax":3,"Value":2016},{"Length":4,"Height":82,"Demand":0,"DemandMax":3,"Value":984},{"Length":41,"Height":84,"Demand":0,"DemandMax":3,"Value":10332},{"Length":93,"Height":40,"Demand":0,"DemandMax":3,"Value":7440},{"Length":17,"Height":95,"Demand":0,"DemandMax":3,"Value":1615},{"Length":83,"Height":33,"Demand":0,"DemandMax":3,"Value":5478},{"Length":33,"Height":82,"Demand":0,"DemandMax":3,"Value":2706},{"Length":27,"Height":15,"Demand":0,"DemandMax":3,"Value":1215},{"Length":32,"Height":26,"Demand":0,"DemandMax":3,"Value":1664},{"Length":2,"Height":96,"Demand":0,"DemandMax":3,"Value":192},{"Length":35,"Height":24,"Demand":0,"DemandMax":3,"Value":840},{"Length":35,"Height":44,"Demand":0,"DemandMax":3,"Value":1540},{"Length":41,"Height":30,"Demand":0,"DemandMax":3,"Value":2460},{"Length":4,"Height":18,"Demand":0,"DemandMax":3,"Value":216},{"Length":21,"Height":96,"Demand":0,"DemandMax":3,"Value":2016},{"Length":92,"Height":16,"Demand":0,"DemandMax":3,"Value":4416},{"Length":19,"Height":22,"Demand":0,"DemandMax":3,"Value":1254},{"Length":16,"Height":5,"Demand":0,"DemandMax":3,"Value":160},{"Length":3,"Height":20,"Demand":0,"DemandMax":3,"Value":60},{"Length":32,"Height":30,"Demand":0,"DemandMax":3,"Value":1920},{"Length":19,"Height":4,"Demand":0,"DemandMax":3,"Value":76},{"Length":90,"Height":80,"Demand":0,"DemandMax":3,"Value":21600},{"Length":39,"Height":86,"Demand":0,"DemandMax":3,"Value":6708},{"Length":11,"Height":86,"Demand":0,"DemandMax":3,"Value":2838},{"Length":48,"Height":33,"Demand":0,"DemandMax":3,"Value":4752},{"Length":47,"Height":24,"Demand":0,"DemandMax":3,"Value":3384},{"Length":27,"Height":13,"Demand":0,"DemandMax":3,"Value":351},{"Length":16,"Height":17,"Demand":0,"DemandMax":3,"Value":272},{"Length":71,"Height":64,"Demand":0,"DemandMax":3,"Value":13632},{"Length":98,"Height":37,"Demand":0,"DemandMax":3,"Value":10878},{"Length":82,"Height":33,"Demand":0,"DemandMax":3,"Value":8118},{"Length":64,"Height":85,"Demand":0,"DemandMax":3,"Value":5440},{"Length":85,"Height":100,"Demand":0,"DemandMax":3,"Value":8500},{"Length":17,"Height":84,"Demand":0,"DemandMax":3,"Value":4284},{"Length":79,"Height":12,"Demand":0,"DemandMax":3,"Value":1896},{"Length":15,"Height":87,"Demand":0,"DemandMax":3,"Value":3915},{"Length":83,"Height":98,"Demand":0,"DemandMax":3,"Value":24402},{"Length":33,"Height":39,"Demand":0,"DemandMax":3,"Value":2574},{"Length":82,"Height":26,"Demand":0,"DemandMax":3,"Value":6396},{"Length":77,"Height":48,"Demand":0,"DemandMax":3,"Value":3696},{"Length":40,"Height":95,"Demand":0,"DemandMax":3,"Value":11400},{"Length":69,"Height":76,"Demand":0,"DemandMax":3,"Value":5244},{"Length":33,"Height":22,"Demand":0,"DemandMax":3,"Value":726},{"Length":20,"Height":48,"Demand":0,"DemandMax":3,"Value":2880},{"Length":84,"Height":23,"Demand":0,"DemandMax":3,"Value":1932},{"Length":8,"Height":26,"Demand":0,"DemandMax":3,"Value":416},{"Length":5,"Height":4,"Demand":0,"DemandMax":3,"Value":20},{"Length":46,"Height":23,"Demand":0,"DemandMax":3,"Value":1058},{"Length":54,"Height":99,"Demand":0,"DemandMax":3,"Value":16038},{"Length":18,"Height":26,"Demand":0,"DemandMax":3,"Value":468},{"Length":34,"Height":3,"Demand":0,"DemandMax":3,"Value":306},{"Length":55,"Height":68,"Demand":0,"DemandMax":3,"Value":11220},{"Length":28,"Height":100,"Demand":0,"DemandMax":3,"Value":2800},{"Length":21,"Height":94,"Demand":0,"DemandMax":3,"Value":1974},{"Length":34,"Height":37,"Demand":0,"DemandMax":3,"Value":2516},{"Length":47,"Height":11,"Demand":0,"DemandMax":3,"Value":1034},{"Length":22,"Height":48,"Demand":0,"DemandMax":3,"Value":3168},{"Length":78,"Height":90,"Demand":0,"DemandMax":3,"Value":21060},{"Length":77,"Height":20,"Demand":0,"DemandMax":3,"Value":3080},{"Length":36,"Height":98,"Demand":0,"DemandMax":3,"Value":10584},{"Length":16,"Height":50,"Demand":0,"DemandMax":3,"Value":800},{"Length":62,"Height":71,"Demand":0,"DemandMax":3,"Value":8804},{"Length":32,"Height":91,"Demand":0,"DemandMax":3,"Value":8736},{"Length":66,"Height":95,"Demand":0,"DemandMax":3,"Value":12540},{"Length":97,"Height":14,"Demand":0,"DemandMax":3,"Value":2716},{"Length":78,"Height":79,"Demand":0,"DemandMax":3,"Value":6162},{"Length":39,"Height":17,"Demand":0,"DemandMax":3,"Value":1989},{"Length":15,"Height":15,"Demand":0,"DemandMax":3,"Value":675},{"Length":70,"Height":54,"Demand":0,"DemandMax":3,"Value":11340},{"Length":62,"Height":63,"Demand":0,"DemandMax":3,"Value":11718},{"Length":93,"Height":22,"Demand":0,"DemandMax":3,"Value":6138},{"Length":50,"Height":7,"Demand":0,"DemandMax":3,"Value":1050},{"Length":37,"Height":49,"Demand":0,"DemandMax":3,"Value":5439},{"Length":78,"Height":37,"Demand":0,"DemandMax":3,"Value":8658},{"Length":87,"Height":39,"Demand":0,"DemandMax":3,"Value":3393},{"Length":20,"Height":76,"Demand":0,"DemandMax":3,"Value":3040},{"Length":66,"Height":76,"Demand":0,"DemandMax":3,"Value":10032},{"Length":88,"Height":55,"Demand":0,"DemandMax":3,"Value":4840},{"Length":48,"Height":26,"Demand":0,"DemandMax":3,"Value":1248},{"Length":33,"Height":7,"Demand":0,"DemandMax":3,"Value":231},{"Length":11,"Height":89,"Demand":0,"DemandMax":3,"Value":979},{"Length":28,"Height":12,"Demand":0,"DemandMax":3,"Value":336},{"Length":93,"Height":6,"Demand":0,"DemandMax":3,"Value":558},{"Length":3,"Height":18,"Demand":0,"DemandMax":3,"Value":162},{"Length":82,"Height":55,"Demand":0,"DemandMax":3,"Value":4510},{"Length":81,"Height":47,"Demand":0,"DemandMax":3,"Value":7614},{"Length":90,"Height":76,"Demand":0,"DemandMax":3,"Value":13680},{"Length":32,"Height":5,"Demand":0,"DemandMax":3,"Value":320},{"Length":16,"Height":10,"Demand":0,"DemandMax":3,"Value":480},{"Length":79,"Height":2,"Demand":0,"DemandMax":3,"Value":158},{"Length":3,"Height":46,"Demand":0,"DemandMax":3,"Value":414},{"Length":93,"Height":73,"Demand":0,"DemandMax":3,"Value":20367},{"Length":94,"Height":76,"Demand":0,"DemandMax":3,"Value":7144},{"Length":11,"Height":40,"Demand":0,"DemandMax":3,"Value":1320},{"Length":13,"Height":31,"Demand":0,"DemandMax":3,"Value":403},{"Length":30,"Height":97,"Demand":0,"DemandMax":3,"Value":2910},{"Length":64,"Height":68,"Demand":0,"DemandMax":3,"Value":8704},{"Length":92,"Height":19,"Demand":0,"DemandMax":3,"Value":3496},{"Length":49,"Height":23,"Demand":0,"DemandMax":3,"Value":1127},{"Length":96,"Height":97,"Demand":0,"DemandMax":3,"Value":18624},{"Length":32,"Height":27,"Demand":0,"DemandMax":3,"Value":1728},{"Length":52,"Height":95,"Demand":0,"DemandMax":3,"Value":9880},{"Length":27,"Height":86,"Demand":0,"DemandMax":3,"Value":6966},{"Length":97,"Height":52,"Demand":0,"DemandMax":3,"Value":5044},{"Length":57,"Height":83,"Demand":0,"DemandMax":3,"Value":9462},{"Length":74,"Height":91,"Demand":0,"DemandMax":3,"Value":20202},{"Length":44,"Height":100,"Demand":0,"DemandMax":3,"Value":4400},{"Length":59,"Height":83,"Demand":0,"DemandMax":3,"Value":9794},{"Length":36,"Height":8,"Demand":0,"DemandMax":3,"Value":288},{"Length":54,"Height":89,"Demand":0,"DemandMax":3,"Value":4806},{"Length":51,"Height":85,"Demand":0,"DemandMax":3,"Value":8670},{"Length":80,"Height":37,"Demand":0,"DemandMax":3,"Value":5920},{"Length":94,"Height":30,"Demand":0,"DemandMax":3,"Value":8460},{"Length":15,"Height":95,"Demand":0,"DemandMax":3,"Value":1425},{"Length":79,"Height":77,"Demand":0,"DemandMax":3,"Value":12166},{"Length":45,"Height":95,"Demand":0,"DemandMax":3,"Value":4275},{"Length":2,"Height":94,"Demand":0,"DemandMax":3,"Value":188},{"Length":49,"Height":42,"Demand":0,"DemandMax":3,"Value":6174},{"Length":15,"Height":92,"Demand":0,"DemandMax":3,"Value":2760},{"Length":96,"Height":20,"Demand":0,"DemandMax":3,"Value":1920},{"Length":9,"Height":34,"Demand":0,"DemandMax":3,"Value":918},{"Length":13,"Height":91,"Demand":0,"DemandMax":3,"Value":3549},{"Length":67,"Height":72,"Demand":0,"DemandMax":3,"Value":4824},{"Length":16,"Height":27,"Demand":0,"DemandMax":3,"Value":1296},{"Length":28,"Height":7,"Demand":0,"DemandMax":3,"Value":392},{"Length":18,"Height":99,"Demand":0,"DemandMax":3,"Value":3564},{"Length":49,"Height":15,"Demand":0,"DemandMax":3,"Value":1470},{"Length":41,"Height":16,"Demand":0,"DemandMax":3,"Value":1312},{"Length":97,"Height":18,"Demand":0,"DemandMax":3,"Value":5238},{"Length":52,"Height":66,"Demand":0,"DemandMax":3,"Value":10296},{"Length":34,"Height":80,"Demand":0,"DemandMax":3,"Value":5440},{"Length":42,"Height":82,"Demand":0,"DemandMax":3,"Value":3444},{"Length":10,"Height":39,"Demand":0,"DemandMax":3,"Value":390},{"Length":35,"Height":9,"Demand":0,"DemandMax":3,"Value":315},{"Length":25,"Height":83,"Demand":0,"DemandMax":3,"Value":4150},{"Length":34,"Height":12,"Demand":0,"DemandMax":3,"Value":816},{"Length":82,"Height":80,"Demand":0,"DemandMax":3,"Value":19680},{"Length":5,"Height":80,"Demand":0,"DemandMax":3,"Value":1200},{"Length":100,"Height":88,"Demand":0,"DemandMax":3,"Value":8800},{"Length":28,"Height":32,"Demand":0,"DemandMax":3,"Value":1792},{"Length":80,"Height":78,"Demand":0,"DemandMax":3,"Value":12480},{"Length":44,"Height":11,"Demand":0,"DemandMax":3,"Value":484},{"Length":47,"Height":17,"Demand":0,"DemandMax":3,"Value":1598},{"Length":35,"Height":15,"Demand":0,"DemandMax":3,"Value":525},{"Length":83,"Height":49,"Demand":0,"DemandMax":3,"Value":4067},{"Length":84,"Height":97,"Demand":0,"DemandMax":3,"Value":24444},{"Length":19,"Height":77,"Demand":0,"DemandMax":3,"Value":2926},{"Length":31,"Height":37,"Demand":0,"DemandMax":3,"Value":2294},{"Length":4,"Height":30,"Demand":0,"DemandMax":3,"Value":360},{"Length":8,"Height":13,"Demand":0,"DemandMax":3,"Value":208},{"Length":23,"Height":45,"Demand":0,"DemandMax":3,"Value":3105},{"Length":4,"Height":92,"Demand":0,"DemandMax":3,"Value":736},{"Length":48,"Height":46,"Demand":0,"DemandMax":3,"Value":4416},{"Length":72,"Height":88,"Demand":0,"DemandMax":3,"Value":19008},{"Length":88,"Height":21,"Demand":0,"DemandMax":3,"Value":1848},{"Length":28,"Height":91,"Demand":0,"DemandMax":3,"Value":5096},{"Length":87,"Height":84,"Demand":0,"DemandMax":3,"Value":7308},{"Length":80,"Height":27,"Demand":0,"DemandMax":3,"Value":2160},{"Length":35,"Height":32,"Demand":0,"DemandMax":3,"Value":1120},{"Length":22,"Height":39,"Demand":0,"DemandMax":3,"Value":2574},{"Length":84,"Height":86,"Demand":0,"DemandMax":3,"Value":21672},{"Length":8,"Height":7,"Demand":0,"DemandMax":3,"Value":56},{"Length":78,"Height":39,"Demand":0,"DemandMax":3,"Value":3042},{"Length":24,"Height":27,"Demand":0,"DemandMax":3,"Value":1944},{"Length":88,"Height":77,"Demand":0,"DemandMax":3,"Value":13552},{"Length":75,"Height":63,"Demand":0,"DemandMax":3,"Value":9450},{"Length":11,"Height":79,"Demand":0,"DemandMax":3,"Value":869},{"Length":77,"Height":10,"Demand":0,"DemandMax":3,"Value":2310},{"Length":34,"Height":48,"Demand":0,"DemandMax":3,"Value":3264},{"Length":79,"Height":46,"Demand":0,"DemandMax":6,"Value":10902},{"Length":83,"Height":16,"Demand":0,"DemandMax":3,"Value":3984},{"Length":76,"Height":37,"Demand":0,"DemandMax":3,"Value":2812},{"Length":89,"Height":24,"Demand":0,"DemandMax":3,"Value":6408},{"Length":32,"Height":5,"Demand":0,"DemandMax":3,"Value":480},{"Length":53,"Height":59,"Demand":0,"DemandMax":3,"Value":3127},{"Length":34,"Height":23,"Demand":0,"DemandMax":3,"Value":2346},{"Length":13,"Height":24,"Demand":0,"DemandMax":3,"Value":936},{"Length":29,"Height":84,"Demand":0,"DemandMax":3,"Value":2436},{"Length":84,"Height":51,"Demand":0,"DemandMax":3,"Value":12852},{"Length":41,"Height":15,"Demand":0,"DemandMax":3,"Value":615},{"Length":43,"Height":91,"Demand":0,"DemandMax":3,"Value":7826},{"Length":25,"Height":84,"Demand":0,"DemandMax":3,"Value":2100},{"Length":88,"Height":86,"Demand":0,"DemandMax":3,"Value":22704},{"Length":25,"Height":100,"Demand":0,"DemandMax":3,"Value":2500},{"Length":26,"Height":3,"Demand":0,"DemandMax":3,"Value":78},{"Length":90,"Height":16,"Demand":0,"DemandMax":3,"Value":4320},{"Length":9,"Height":10,"Demand":0,"DemandMax":3,"Value":270},{"Length":22,"Height":21,"Demand":0,"DemandMax":3,"Value":924},{"Length":24,"Height":19,"Demand":0,"DemandMax":3,"Value":456},{"Length":88,"Height":16,"Demand":0,"DemandMax":3,"Value":1408},{"Length":44,"Height":92,"Demand":0,"DemandMax":3,"Value":4048},{"Length":17,"Height":22,"Demand":0,"DemandMax":3,"Value":748},{"Length":97,"Height":3,"Demand":0,"DemandMax":3,"Value":582},{"Length":15,"Height":29,"Demand":0,"DemandMax":3,"Value":435},{"Length":95,"Height":71,"Demand":0,"DemandMax":3,"Value":6745},{"Length":6,"Height":44,"Demand":0,"DemandMax":3,"Value":528},{"Length":22,"Height":40,"Demand":0,"DemandMax":3,"Value":2640},{"Length":96,"Height":12,"Demand":0,"DemandMax":3,"Value":1152},{"Length":37,"Height":22,"Demand":0,"DemandMax":3,"Value":814},{"Length":33,"Height":17,"Demand":0,"DemandMax":3,"Value":1122},{"Length":21,"Height":4,"Demand":0,"DemandMax":3,"Value":84},{"Length":82,"Height":75,"Demand":0,"DemandMax":3,"Value":12300},{"Length":22,"Height":39,"Demand":0,"DemandMax":3,"Value":858},{"Length":86,"Height":3,"Demand":0,"DemandMax":3,"Value":258},{"Length":38,"Height":23,"Demand":0,"DemandMax":3,"Value":1748},{"Length":39,"Height":83,"Demand":0,"DemandMax":3,"Value":6474},{"Length":29,"Height":91,"Demand":0,"DemandMax":3,"Value":2639},{"Length":35,"Height":82,"Demand":0,"DemandMax":3,"Value":5740},{"Length":78,"Height":49,"Demand":0,"DemandMax":3,"Value":3822},{"Length":46,"Height":44,"Demand":0,"DemandMax":3,"Value":2024},{"Length":39,"Height":95,"Demand":0,"DemandMax":3,"Value":3705},{"Length":84,"Height":41,"Demand":0,"DemandMax":3,"Value":6888},{"Length":21,"Height":38,"Demand":0,"DemandMax":3,"Value":2394},{"Length":35,"Height":84,"Demand":0,"DemandMax":3,"Value":8820},{"Length":96,"Height":42,"Demand":0,"DemandMax":3,"Value":8064},{"Length":98,"Height":14,"Demand":0,"DemandMax":3,"Value":4116},{"Length":91,"Height":33,"Demand":0,"DemandMax":3,"Value":3003},{"Length":35,"Height":38,"Demand":0,"DemandMax":3,"Value":1330},{"Length":9,"Height":8,"Demand":0,"DemandMax":3,"Value":144},{"Length":28,"Height":9,"Demand":0,"DemandMax":3,"Value":252},{"Length":84,"Height":29,"Demand":0,"DemandMax":3,"Value":2436},{"Length":42,"Height":44,"Demand":0,"DemandMax":3,"Value":3696},{"Length":99,"Height":74,"Demand":0,"DemandMax":3,"Value":14652},{"Length":45,"Height":96,"Demand":0,"DemandMax":3,"Value":4320},{"Length":81,"Height":53,"Demand":0,"DemandMax":3,"Value":4293},{"Length":21,"Height":95,"Demand":0,"DemandMax":3,"Value":3990},{"Length":45,"Height":23,"Demand":0,"DemandMax":3,"Value":2070},{"Length":43,"Height":49,"Demand":0,"DemandMax":3,"Value":2107},{"Length":66,"Height":99,"Demand":0,"DemandMax":3,"Value":6534},{"Length":67,"Height":64,"Demand":0,"DemandMax":3,"Value":4288},{"Length":48,"Height":41,"Demand":0,"DemandMax":3,"Value":1968},{"Length":95,"Height":99,"Demand":0,"DemandMax":3,"Value":18810},{"Length":13,"Height":14,"Demand":0,"DemandMax":3,"Value":182},{"Length":83,"Height":2,"Demand":0,"DemandMax":3,"Value":166},{"Length":92,"Height":46,"Demand":0,"DemandMax":3,"Value":8464},{"Length":87,"Height":11,"Demand":0,"DemandMax":3,"Value":957},{"Length":36,"Height":85,"Demand":0,"DemandMax":3,"Value":3060},{"Length":79,"Height":92,"Demand":0,"DemandMax":3,"Value":14536},{"Length":95,"Height":28,"Demand":0,"DemandMax":3,"Value":7980},{"Length":32,"Height":100,"Demand":0,"DemandMax":3,"Value":9600},{"Length":80,"Height":13,"Demand":0,"DemandMax":3,"Value":3120},{"Length":20,"Height":21,"Demand":0,"DemandMax":3,"Value":1260},{"Length":8,"Height":16,"Demand":0,"DemandMax":3,"Value":384},{"Length":84,"Height":21,"Demand":0,"DemandMax":3,"Value":1764},{"Length":7,"Height":32,"Demand":0,"DemandMax":3,"Value":224},{"Length":86,"Height":41,"Demand":0,"DemandMax":3,"Value":10578},{"Length":99,"Height":53,"Demand":0,"DemandMax":3,"Value":10494},{"Length":31,"Height":95,"Demand":0,"DemandMax":3,"Value":5890},{"Length":12,"Height":17,"Demand":0,"DemandMax":3,"Value":204},{"Length":89,"Height":23,"Demand":0,"DemandMax":3,"Value":4094},{"Length":31,"Height":93,"Demand":0,"DemandMax":3,"Value":2883},{"Length":84,"Height":69,"Demand":0,"DemandMax":3,"Value":11592},{"Length":56,"Height":60,"Demand":0,"DemandMax":3,"Value":10080},{"Length":100,"Height":63,"Demand":0,"DemandMax":3,"Value":6300},{"Length":84,"Height":34,"Demand":0,"DemandMax":3,"Value":8568},{"Length":27,"Height":92,"Demand":0,"DemandMax":3,"Value":4968},{"Length":24,"Height":32,"Demand":0,"DemandMax":3,"Value":2304},{"Length":25,"Height":77,"Demand":0,"DemandMax":3,"Value":3850},{"Length":90,"Height":20,"Demand":0,"DemandMax":3,"Value":3600}]}