{"Name":"ngcutfs3_116","Objects":[{"Length":100,"Height":100,"Stock":null,"Cost":10000}],"Items":[{"Length":10,"Height":49,"Demand":0,"DemandMax":4,"Value":1470},{"Length":35,"Height":14,"Demand":0,"DemandMax":4,"Value":1470},{"Length":42,"Height":2,"Demand":0,"DemandMax":4,"Value":168},{"Length":79,"Height":48,"Demand":0,"DemandMax":4,"Value":3792},{"Length":10,"Height":11,"Demand":0,"DemandMax":4,"Value":110},{"Length":5,"Height":5,"Demand":0,"DemandMax":4,"Value":50},{"Length":21,"Height":79,"Demand":0,"DemandMax":4,"Value":3318},{"Length":69,"Height":65,"Demand":0,"DemandMax":4,"Value":8970},{"Length":28,"Height":87,"Demand":0,"DemandMax":4,"Value":4872},{"Length":35,"Height":92,"Demand":0,"DemandMax":4,"Value":3220},{"Length":90,"Height":34,"Demand":0,"DemandMax":4,"Value":6120},{"Length":31,"Height":2,"Demand":0,"DemandMax":4,"Value":62},{"Length":24,"Height":25,"Demand":0,"DemandMax":4,"Value":1200},{"Length":8,"Height":14,"Demand":0,"DemandMax":4,"Value":224},{"Length":46,"Height":26,"Demand":0,"DemandMax":4,"Value":2392},{"Length":94,"Height":33,"Demand":0,"DemandMax":4,"Value":3102},{"Length":30,"Height":38,"Demand":0,"DemandMax":4,"Value":3420},{"Length":46,"Height":92,"Demand":0,"DemandMax":4,"Value":4232},{"Length":47,"Height":36,"Demand":0,"DemandMax":4,"Value":3384},{"Length":47,"Height":23,"Demand":0,"DemandMax":4,"Value":3243},{"Length":10,"Height":97,"Demand":0,"DemandMax":4,"Value":1940},{"Length":21,"Height":43,"Demand":0,"DemandMax":4,"Value":2709},{"Length":47,"Height":95,"Demand":0,"DemandMax":4,"Value":8930},{"Length":30,"Height":10,"Demand":0,"DemandMax":4,"Value":300},{"Length":35,"Height":50,"Demand":0,"DemandMax":4,"Value":5250},{"Length":48,"Height":18,"Demand":0,"DemandMax":4,"Value":1728},{"Length":21,"Height":28,"Demand":0,"DemandMax":4,"Value":1176},{"Length":10,"Height":20,"Demand":0,"DemandMax":4,"Value":600},{"Length":29,"Height":41,"Demand":0,"DemandMax":4,"Value":1189},{"Length":64,"Height":76,"Demand":0,"DemandMax":4,"Value":9728},{"Length":50,"Height":18,"Demand":0,"DemandMax":4,"Value":2700},{"Length":39,"Height":96,"Demand":0,"DemandMax":4,"Value":11232},{"Length":13,"Height":9,"Demand":0,"DemandMax":4,"Value":351},{"Length":33,"Height":7,"Demand":0,"DemandMax":4,"Value":231},{"Length":98,"Height":37,"Demand":0,"DemandMax":4,"Value":10878},{"Length":31,"Height":17,"Demand":0,"DemandMax":4,"Value":1054},{"Length":23,"Height":23,"Demand":0,"DemandMax":4,"Value":1587},{"Length":49,"Height":37,"Demand":0,"DemandMax":4,"Value":3626},{"Length":5,"Height":11,"Demand":0,"DemandMax":4,"Value":55},{"Length":5,"Height":16,"Demand":0,"DemandMax":4,"Value":240},{"Length":41,"Height":24,"Demand":0,"DemandMax":4,"Value":1968},{"Length":41,"Height":38,"Demand":0,"DemandMax":4,"Value":4674},{"Length":42,"Height":78,"Demand":0,"DemandMax":4,"Value":6552},{"Length":28,"Height":13,"Demand":0,"DemandMax":4,"Value":728},{"Length":15,"Height":32,"Demand":0,"DemandMax":4,"Value":960},{"Length":17,"Height":86,"Demand":0,"DemandMax":4,"Value":1462},{"Length":91,"Height":46,"Demand":0,"DemandMax":4,"Value":8372},{"Length":13,"Height":46,"Demand":0,"DemandMax":4,"Value":1794},{"Length":29,"Height":32,"Demand":0,"DemandMax":4,"Value":928},{"Length":49,"Height":50,"Demand":0,"DemandMax":4,"Value":2450},{"Length":93,"Height":90,"Demand":0,"DemandMax":4,"Value":8370},{"Length":44,"Height":23,"Demand":0,"DemandMax":4,"Value":1012},{"Length":83,"Height":25,"Demand":0,"DemandMax":4,"Value":4150},{"Length":2,"Height":30,"Demand":0,"DemandMax":4,"Value":120},{"Length":19,"Height":36,"Demand":0,"DemandMax":4,"Value":684},{"Length":28,"Height":12,"Demand":0,"DemandMax":4,"Value":336},{"Length":17,"Height":41,"Demand":0,"DemandMax":4,"Value":2091},{"Length":4,"Height":28,"Demand":0,"DemandMax":4,"Value":112},{"Length":45,"Height":90,"Demand":0,"DemandMax":4,"Value":8100},{"Length":41,"Height":48,"Demand":0,"DemandMax":4,"Value":3936},{"Length":90,"Height":46,"Demand":0,"DemandMax":4,"Value":12420},{"Length":77,"Height":40,"Demand":0,"DemandMax":4,"Value":3080},{"Length":23,"Height":88,"Demand":0,"DemandMax":4,"Value":6072},{"Length":85,"Height":74,"Demand":0,"DemandMax":4,"Value":12580},{"Length":11,"Height":22,"Demand":0,"DemandMax":4,"Value":484},{"Length":7,"Height":45,"Demand":0,"DemandMax":4,"Value":630},{"Length":44,"Height":83,"Demand":0,"DemandMax":4,"Value":7304},{"Length":14,"Height":25,"Demand":0,"DemandMax":4,"Value":350},{"Length":31,"Height":15,"Demand":0,"DemandMax":4,"Value":930},{"Length":28,"Height":9,"Demand":0,"DemandMax":4,"Value":756},{"Length":35,"Height":21,"Demand":0,"DemandMax":4,"Value":2205},{"Length":3,"Height":40,"Demand":0,"DemandMax":4,"Value":120},{"Length":89,"Height":98,"Demand":0,"DemandMax":4,"Value":8722},{"Length":38,"Height":90,"Demand":0,"DemandMax":4,"Value":6840},{"Length":53,"Height":75,"Demand":0,"DemandMax":4,"Value":3975},{"Length":43,"Height":19,"Demand":0,"DemandMax":4,"Value":2451},{"Length":67,"Height":84,"Demand":0,"DemandMax":4,"Value":5628},{"Length":23,"Height":31,"Demand":0,"DemandMax":4,"Value":713},{"Length":14,"Height":26,"Demand":0,"DemandMax":4,"Value":728},{"Length":17,"Height":25,"Demand":0,"DemandMax":4,"Value":1275},{"Length":55,"Height":51,"Demand":0,"DemandMax":4,"Value":5610},{"Length":24,"Height":90,"Demand":0,"DemandMax":4,"Value":4320},{"Length":83,"Height":8,"Demand":0,"DemandMax":4,"Value":1328},{"Length":37,"Height":12,"Demand":0,"DemandMax":4,"Value":1332},{"Length":6,"Height":45,"Demand":0,"DemandMax":4,"Value":270},{"Length":30,"Height":13,"Demand":0,"DemandMax":4,"Value":1170},{"Length":24,"Height":7,"Demand":0,"DemandMax":4,"Value":168},{"Length":55,"Height":71,"Demand":0,"DemandMax":4,"Value":7810},{"Length":33,"Height":89,"Demand":0,"DemandMax":4,"Value":5874},{"Length":42,"Height":96,"Demand":0,"DemandMax":4,"Value":4032},{"Length":52,"Height":89,"Demand":0,"DemandMax":4,"Value":4628},{"Length":72,"Height":83,"Demand":0,"DemandMax":4,"Value":17928},{"Length":33,"Height":35,"Demand":0,"DemandMax":4,"Value":2310},{"Length":40,"Height":50,"Demand":0,"DemandMax":4,"Value":4000},{"Length":27,"Height":42,"Demand":0,"DemandMax":4,"Value":1134},{"Length":6,"Height":40,"Demand":0,"DemandMax":4,"Value":720},{"Length":6,"Height":36,"Demand":0,"DemandMax":4,"Value":648},{"Length":17,"Height":38,"Demand":0,"DemandMax":4,"Value":1938},{"Length":32,"Height":20,"Demand":0,"DemandMax":4,"Value":1920},{"Length":16,"Height":3,"Demand":0,"DemandMax":4,"Value":96},{"Length":21,"Height":48,"Demand":0,"DemandMax":4,"Value":3024},{"Length":50,"Height":85,"Demand":0,"DemandMax":4,"Value":4250},{"Length":6,"Height":19,"Demand":0,"DemandMax":4,"Value":342},{"Length":90,"Height":81,"Demand":0,"DemandMax":4,"Value":21870},{"Length":28,"Height":28,"Demand":0,"DemandMax":4,"Value":1568},{"Length":6,"Height":9,"Demand":0,"DemandMax":4,"Value":108},{"Length":97,"Height":44,"Demand":0,"DemandMax":4,"Value":12804},{"Length":40,"Height":22,"Demand":0,"DemandMax":4,"Value":2640},{"Length":29,"Height":40,"Demand":0,"DemandMax":4,"Value":3480},{"Length":45,"Height":3,"Demand":0,"DemandMax":4,"Value":135},{"Length":29,"Height":26,"Demand":0,"DemandMax":4,"Value":1508},{"Length":2,"Height":4,"Demand":0,"DemandMax":4,"Value":24},{"Length":23,"Height":22,"Demand":0,"DemandMax":4,"Value":1518},{"Length":38,"Height":48,"Demand":0,"DemandMax":4,"Value":3648},{"Length":44,"Height":33,"Demand":0,"DemandMax":4,"Value":2904},{"Length":100,"Height":21,"Demand":0,"DemandMax":4,"Value":6300},{"Length":71,"Height":95,"Demand":0,"DemandMax":4,"Value":20235},{"Length":25,"Height":14,"Demand":0,"DemandMax":4,"Value":1050},{"Length":31,"Height":12,"Demand":0,"DemandMax":4,"Value":1116},{"Length":3,"Height":100,"Demand":0,"DemandMax":4,"Value":300},{"Length":5,"Height":9,"Demand":0,"DemandMax":4,"Value":135},{"Length":79,"Height":41,"Demand":0,"DemandMax":4,"Value":9717},{"Length":16,"Height":14,"Demand":0,"DemandMax":4,"Value":224},{"Length":40,"Height":11,"Demand":0,"DemandMax":4,"Value":880},{"Length":8,"Height":11,"Demand":0,"DemandMax":4,"Value":176},{"Length":8,"Height":43,"Demand":0,"DemandMax":4,"Value":344},{"Length":49,"Height":18,"Demand":0,"DemandMax":4,"Value":2646},{"Length":8,"Height":43,"Demand":0,"DemandMax":4,"Value":688},{"Length":42,"Height":31,"Demand":0,"DemandMax":4,"Value":1302},{"Length":45,"Height":44,"Demand":0,"DemandMax":4,"Value":1980},{"Length":41,"Height":34,"Demand":0,"DemandMax":4,"Value":1394},{"Length":46,"Height":12,"Demand":0,"DemandMax":4,"Value":1104},{"Length":90,"Height":49,"Demand":0,"DemandMax":4,"Value":4410},{"Length":78,"Height":45,"Demand":0,"DemandMax":4,"Value":10530},{"Length":40,"Height":39,"Demand":0,"DemandMax":4,"Value":4680},{"Length":4,"Height":29,"Demand":0,"DemandMax":4,"Value":116},{"Length":43,"Height":28,"Demand":0,"DemandMax":4,"Value":1204},{"Length":4,"Height":81,"Demand":0,"DemandMax":4,"Value":648},{"Length":23,"Height":81,"Demand":0,"DemandMax":4,"Value":5589},{"Length":14,"Height":10,"Demand":0,"DemandMax":4,"Value":280},{"Length":26,"Height":29,"Demand":0,"DemandMax":4,"Value":754},{"Length":28,"Height":42,"Demand":0,"DemandMax":4,"Value":2352},{"Length":29,"Height":36,"Demand":0,"DemandMax":4,"Value":1044},{"Length":6,"Height":89,"Demand":0,"DemandMax":4,"Value":1602},{"Length":96,"Height":55,"Demand":0,"DemandMax":4,"Value":5280},{"Length":19,"Height":48,"Demand":0,"DemandMax":4,"Value":2736},{"Length":21,"Height":7,"Demand":0,"DemandMax":4,"Value":147},{"Length":76,"Height":72,"Demand":0,"DemandMax":4,"Value":16416},{"Length":44,"Height":24,"Demand":0,"DemandMax":4,"Value":2112},{"Length":12,"Height":10,"Demand":0,"DemandMax":4,"Value":120}]}