{"Name":"ngcutfs1_137","Objects":[{"Length":100,"Height":100,"Stock":null,"Cost":10000}],"Items":[{"Length":76,"Height":18,"Demand":0,"DemandMax":3,"Value":4104},{"Length":84,"Height":98,"Demand":0,"DemandMax":3,"Value":8232},{"Length":18,"Height":37,"Demand":0,"DemandMax":3,"Value":666},{"Length":93,"Height":22,"Demand":0,"DemandMax":3,"Value":4092},{"Length":99,"Height":73,"Demand":0,"DemandMax":3,"Value":21681},{"Length":45,"Height":12,"Demand":0,"DemandMax":3,"Value":540},{"Length":67,"Height":92,"Demand":0,"DemandMax":3,"Value":12328},{"Length":82,"Height":67,"Demand":0,"DemandMax":3,"Value":5494},{"Length":32,"Height":16,"Demand":0,"DemandMax":3,"Value":1024},{"Length":87,"Height":50,"Demand":0,"DemandMax":3,"Value":8700},{"Length":41,"Height":48,"Demand":0,"DemandMax":6,"Value":3936},{"Length":94,"Height":14,"Demand":0,"DemandMax":3,"Value":1316},{"Length":87,"Height":90,"Demand":0,"DemandMax":3,"Value":15660},{"Length":27,"Height":95,"Demand":0,"DemandMax":3,"Value":5130},{"Length":41,"Height":93,"Demand":0,"DemandMax":3,"Value":3813},{"Length":2,"Height":20,"Demand":0,"DemandMax":3,"Value":120},{"Length":21,"Height":76,"Demand":0,"DemandMax":3,"Value":3192},{"Length":24,"Height":44,"Demand":0,"DemandMax":3,"Value":2112},{"Length":99,"Height":88,"Demand":0,"DemandMax":3,"Value":26136},{"Length":31,"Height":88,"Demand":0,"DemandMax":3,"Value":2728},{"Length":88,"Height":43,"Demand":0,"DemandMax":3,"Value":7568},{"Length":35,"Height":94,"Demand":0,"DemandMax":3,"Value":9870},{"Length":2,"Height":6,"Demand":0,"DemandMax":3,"Value":12},{"Length":7,"Height":82,"Demand":0,"DemandMax":3,"Value":574},{"Length":52,"Height":84,"Demand":0,"DemandMax":3,"Value":8736},{"Length":11,"Height":35,"Demand":0,"DemandMax":3,"Value":770},{"Length":7,"Height":48,"Demand":0,"DemandMax":3,"Value":1008},{"Length":97,"Height":33,"Demand":0,"DemandMax":3,"Value":3201},{"Length":80,"Height":64,"Demand":0,"DemandMax":3,"Value":5120},{"Length":46,"Height":17,"Demand":0,"DemandMax":3,"Value":782},{"Length":99,"Height":2,"Demand":0,"DemandMax":3,"Value":594},{"Length":46,"Height":35,"Demand":0,"DemandMax":3,"Value":3220},{"Length":88,"Height":73,"Demand":0,"DemandMax":3,"Value":19272},{"Length":14,"Height":45,"Demand":0,"DemandMax":3,"Value":1890},{"Length":91,"Height":16,"Demand":0,"DemandMax":3,"Value":4368},{"Length":98,"Height":44,"Demand":0,"DemandMax":3,"Value":12936},{"Length":37,"Height":34,"Demand":0,"DemandMax":3,"Value":2516},{"Length":14,"Height":79,"Demand":0,"DemandMax":3,"Value":3318},{"Length":14,"Height":77,"Demand":0,"DemandMax":3,"Value":1078},{"Length":87,"Height":24,"Demand":0,"DemandMax":3,"Value":6264},{"Length":78,"Height":37,"Demand":0,"DemandMax":3,"Value":2886},{"Length":50,"Height":47,"Demand":0,"DemandMax":3,"Value":4700},{"Length":9,"Height":32,"Demand":0,"DemandMax":3,"Value":576},{"Length":5,"Height":3,"Demand":0,"DemandMax":3,"Value":15},{"Length":87,"Height":86,"Demand":0,"DemandMax":3,"Value":7482},{"Length":97,"Height":36,"Demand":0,"DemandMax":3,"Value":6984},{"Length":21,"Height":86,"Demand":0,"DemandMax":3,"Value":3612},{"Length":78,"Height":20,"Demand":0,"DemandMax":3,"Value":4680},{"Length":94,"Height":10,"Demand":0,"DemandMax":3,"Value":940},{"Length":91,"Height":82,"Demand":0,"DemandMax":3,"Value":14924},{"Length":17,"Height":43,"Demand":0,"DemandMax":3,"Value":1462},{"Length":39,"Height":26,"Demand":0,"DemandMax":3,"Value":1014},{"Length":47,"Height":40,"Demand":0,"DemandMax":3,"Value":1880},{"Length":4,"Height":99,"Demand":0,"DemandMax":3,"Value":396},{"Length":84,"Height":17,"Demand":0,"DemandMax":3,"Value":1428},{"Length":80,"Height":27,"Demand":0,"DemandMax":3,"Value":6480},{"Length":88,"Height":97,"Demand":0,"DemandMax":3,"Value":17072},{"Length":30,"Height":33,"Demand":0,"DemandMax":3,"Value":2970},{"Length":36,"Height":47,"Demand":0,"DemandMax":6,"Value":1692},{"Length":96,"Height":41,"Demand":0,"DemandMax":3,"Value":7872},{"Length":19,"Height":10,"Demand":0,"DemandMax":3,"Value":570},{"Length":30,"Height":38,"Demand":0,"DemandMax":3,"Value":2280},{"Length":91,"Height":19,"Demand":0,"DemandMax":3,"Value":1729},{"Length":95,"Height":78,"Demand":0,"DemandMax":3,"Value":22230},{"Length":28,"Height":45,"Demand":0,"DemandMax":3,"Value":3780},{"Length":93,"Height":42,"Demand":0,"DemandMax":3,"Value":7812},{"Length":14,"Height":35,"Demand":0,"DemandMax":3,"Value":980},{"Length":94,"Height":41,"Demand":0,"DemandMax":3,"Value":3854},{"Length":3,"Height":89,"Demand":0,"DemandMax":6,"Value":267},{"Length":40,"Height":97,"Demand":0,"DemandMax":3,"Value":7760},{"Length":8,"Height":24,"Demand":0,"DemandMax":3,"Value":384},{"Length":11,"Height":25,"Demand":0,"DemandMax":3,"Value":275},{"Length":32,"Height":35,"Demand":0,"DemandMax":3,"Value":1120},{"Length":87,"Height":36,"Demand":0,"DemandMax":3,"Value":6264},{"Length":6,"Height":28,"Demand":0,"DemandMax":3,"Value":336},{"Length":7,"Height":88,"Demand":0,"DemandMax":3,"Value":1848},{"Length":28,"Height":87,"Demand":0,"DemandMax":3,"Value":2436},{"Length":5,"Height":9,"Demand":0,"DemandMax":3,"Value":135},{"Length":81,"Height":50,"Demand":0,"DemandMax":3,"Value":4050},{"Length":19,"Height":9,"Demand":0,"DemandMax":3,"Value":171},{"Length":24,"Height":34,"Demand":0,"DemandMax":3,"Value":816},{"Length":43,"Height":49,"Demand":0,"DemandMax":3,"Value":2107},{"Length":75,"Height":62,"Demand":0,"DemandMax":3,"Value":4650},{"Length":78,"Height":22,"Demand":0,"DemandMax":3,"Value":1716},{"Length":82,"Height":3,"Demand":0,"DemandMax":3,"Value":738},{"Length":80,"Height":32,"Demand":0,"DemandMax":3,"Value":5120},{"Length":30,"Height":96,"Demand":0,"DemandMax":3,"Value":2880},{"Length":12,"Height":7,"Demand":0,"DemandMax":3,"Value":84},{"Length":96,"Height":27,"Demand":0,"DemandMax":3,"Value":2592},{"Length":47,"Height":43,"Demand":0,"DemandMax":3,"Value":2021},{"Length":21,"Height":91,"Demand":0,"DemandMax":3,"Value":1911},{"Length":40,"Height":20,"Demand":0,"DemandMax":3,"Value":2400},{"Length":82,"Height":4,"Demand":0,"DemandMax":3,"Value":328},{"Length":45,"Height":94,"Demand":0,"DemandMax":3,"Value":12690},{"Length":19,"Height":77,"Demand":0,"DemandMax":3,"Value":4389},{"Length":13,"Height":76,"Demand":0,"DemandMax":3,"Value":988},{"Length":62,"Height":70,"Demand":0,"DemandMax":3,"Value":8680},{"Length":11,"Height":97,"Demand":0,"DemandMax":3,"Value":2134},{"Length":31,"Height":36,"Demand":0,"DemandMax":3,"Value":3348},{"Length":47,"Height":34,"Demand":0,"DemandMax":3,"Value":4794},{"Length":87,"Height":81,"Demand":0,"DemandMax":3,"Value":14094},{"Length":74,"Height":58,"Demand":0,"DemandMax":3,"Value":8584},{"Length":85,"Height":12,"Demand":0,"DemandMax":3,"Value":2040},{"Length":48,"Height":80,"Demand":0,"DemandMax":3,"Value":3840},{"Length":39,"Height":48,"Demand":0,"DemandMax":3,"Value":3744},{"Length":23,"Height":93,"Demand":0,"DemandMax":3,"Value":6417},{"Length":83,"Height":14,"Demand":0,"DemandMax":3,"Value":2324},{"Length":33,"Height":50,"Demand":0,"DemandMax":3,"Value":3300},{"Length":33,"Height":10,"Demand":0,"DemandMax":3,"Value":330},{"Length":10,"Height":44,"Demand":0,"DemandMax":3,"Value":880},{"Length":7,"Height":39,"Demand":0,"DemandMax":3,"Value":273},{"Length":98,"Height":8,"Demand":0,"DemandMax":3,"Value":784},{"Length":99,"Height":21,"Demand":0,"DemandMax":3,"Value":4158},{"Length":57,"Height":79,"Demand":0,"DemandMax":3,"Value":13509},{"Length":13,"Height":24,"Demand":0,"DemandMax":3,"Value":312},{"Length":83,"Height":97,"Demand":0,"DemandMax":3,"Value":24153},{"Length":94,"Height":45,"Demand":0,"DemandMax":3,"Value":4230},{"Length":20,"Height":83,"Demand":0,"DemandMax":3,"Value":1660},{"Length":50,"Height":97,"Demand":0,"DemandMax":3,"Value":4850},{"Length":84,"Height":35,"Demand":0,"DemandMax":3,"Value":8820},{"Length":98,"Height":5,"Demand":0,"DemandMax":3,"Value":490},{"Length":54,"Height":89,"Demand":0,"DemandMax":3,"Value":9612},{"Length":13,"Height":77,"Demand":0,"DemandMax":3,"Value":1001},{"Length":8,"Height":18,"Demand":0,"DemandMax":3,"Value":144},{"Length":33,"Height":32,"Demand":0,"DemandMax":3,"Value":2112},{"Length":81,"Height":57,"Demand":0,"DemandMax":3,"Value":4617},{"Length":82,"Height":23,"Demand":0,"DemandMax":3,"Value":1886},{"Length":49,"Height":82,"Demand":0,"DemandMax":3,"Value":12054},{"Length":87,"Height":49,"Demand":0,"DemandMax":3,"Value":4263},{"Length":4,"Height":43,"Demand":0,"DemandMax":3,"Value":516},{"Length":8,"Height":7,"Demand":0,"DemandMax":3,"Value":168},{"Length":84,"Height":80,"Demand":0,"DemandMax":3,"Value":20160},{"Length":35,"Height":84,"Demand":0,"DemandMax":3,"Value":8820},{"Length":13,"Height":7,"Demand":0,"DemandMax":3,"Value":182},{"Length":77,"Height":20,"Demand":0,"DemandMax":3,"Value":3080},{"Length":49,"Height":31,"Demand":0,"DemandMax":3,"Value":3038},{"Length":67,"Height":94,"Demand":0,"DemandMax":3,"Value":6298},{"Length":35,"Height":48,"Demand":0,"DemandMax":3,"Value":5040},{"Length":81,"Height":11,"Demand":0,"DemandMax":3,"Value":2673},{"Length":34,"Height":35,"Demand":0,"DemandMax":3,"Value":3570},{"Length":18,"Height":76,"Demand":0,"DemandMax":3,"Value":2736},{"Length":96,"Height":15,"Demand":0,"DemandMax":3,"Value":1440},{"Length":9,"Height":83,"Demand":0,"DemandMax":3,"Value":747},{"Length":75,"Height":58,"Demand":0,"DemandMax":3,"Value":4350},{"Length":54,"Height":93,"Demand":0,"DemandMax":3,"Value":5022},{"Length":21,"Height":36,"Demand":0,"DemandMax":3,"Value":1512},{"Length":34,"Height":24,"Demand":0,"DemandMax":3,"Value":1632},{"Length":8,"Height":5,"Demand":0,"DemandMax":3,"Value":40},{"Length":8,"Height":37,"Demand":0,"DemandMax":3,"Value":888},{"Length":4,"Height":46,"Demand":0,"DemandMax":3,"Value":552},{"Length":34,"Height":88,"Demand":0,"DemandMax":3,"Value":5984},{"Length":98,"Height":88,"Demand":0,"DemandMax":3,"Value":25872},{"Length":72,"Height":89,"Demand":0,"DemandMax":3,"Value":19224},{"Length":22,"Height":82,"Demand":0,"DemandMax":3,"Value":3608},{"Length":41,"Height":16,"Demand":0,"DemandMax":3,"Value":1312},{"Length":19,"Height":79,"Demand":0,"DemandMax":3,"Value":4503},{"Length":28,"Height":16,"Demand":0,"DemandMax":3,"Value":896},{"Length":32,"Height":87,"Demand":0,"DemandMax":3,"Value":2784},{"Length":45,"Height":97,"Demand":0,"DemandMax":3,"Value":4365},{"Length":54,"Height":94,"Demand":0,"DemandMax":3,"Value":15228},{"Length":23,"Height":47,"Demand":0,"DemandMax":3,"Value":3243},{"Length":99,"Height":5,"Demand":0,"DemandMax":3,"Value":1485},{"Length":39,"Height":90,"Demand":0,"DemandMax":3,"Value":7020},{"Length":19,"Height":34,"Demand":0,"DemandMax":3,"Value":1292},{"Length":10,"Height":83,"Demand":0,"DemandMax":3,"Value":830},{"Length":10,"Height":76,"Demand":0,"DemandMax":3,"Value":760},{"Length":95,"Height":45,"Demand":0,"DemandMax":3,"Value":12825},{"Length":93,"Height":63,"Demand":0,"DemandMax":3,"Value":17577},{"Length":33,"Height":19,"Demand":0,"DemandMax":3,"Value":627},{"Length":40,"Height":88,"Demand":0,"DemandMax":3,"Value":10560},{"Length":27,"Height":29,"Demand":0,"DemandMax":3,"Value":2349},{"Length":73,"Height":96,"Demand":0,"DemandMax":3,"Value":7008},{"Length":14,"Height":6,"Demand":0,"DemandMax":3,"Value":84},{"Length":29,"Height":20,"Demand":0,"DemandMax":3,"Value":1160},{"Length":66,"Height":53,"Demand":0,"DemandMax":3,"Value":10494},{"Length":75,"Height":54,"Demand":0,"DemandMax":3,"Value":12150},{"Length":30,"Height":28,"Demand":0,"DemandMax":3,"Value":1680},{"Length":51,"Height":94,"Demand":0,"DemandMax":3,"Value":9588},{"Length":99,"Height":39,"Demand":0,"DemandMax":3,"Value":11583},{"Length":37,"Height":34,"Demand":0,"DemandMax":3,"Value":1258},{"Length":43,"Height":45,"Demand":0,"DemandMax":3,"Value":3870},{"Length":29,"Height":96,"Demand":0,"DemandMax":3,"Value":8352},{"Length":37,"Height":77,"Demand":0,"DemandMax":3,"Value":2849},{"Length":60,"Height":94,"Demand":0,"DemandMax":3,"Value":5640},{"Length":62,"Height":62,"Demand":0,"DemandMax":3,"Value":11532},{"Length":76,"Height":87,"Demand":0,"DemandMax":3,"Value":6612},{"Length":93,"Height":26,"Demand":0,"DemandMax":3,"Value":2418},{"Length":19,"Height":29,"Demand":0,"DemandMax":3,"Value":1653},{"Length":88,"Height":19,"Demand":0,"DemandMax":3,"Value":5016},{"Length":40,"Height":22,"Demand":0,"DemandMax":3,"Value":1760},{"Length":21,"Height":11,"Demand":0,"DemandMax":3,"Value":462},{"Length":47,"Height":18,"Demand":0,"DemandMax":3,"Value":2538},{"Length":20,"Height":46,"Demand":0,"DemandMax":3,"Value":920},{"Length":82,"Height":75,"Demand":0,"DemandMax":3,"Value":18450},{"Length":39,"Height":26,"Demand":0,"DemandMax":3,"Value":2028},{"Length":100,"Height":45,"Demand":0,"DemandMax":3,"Value":9000},{"Length":81,"Height":100,"Demand":0,"DemandMax":3,"Value":24300},{"Length":81,"Height":9,"Demand":0,"DemandMax":3,"Value":1458},{"Length":85,"Height":14,"Demand":0,"DemandMax":3,"Value":2380},{"Length":15,"Height":97,"Demand":0,"DemandMax":3,"Value":1455},{"Length":62,"Height":89,"Demand":0,"DemandMax":3,"Value":5518},{"Length":41,"Height":6,"Demand":0,"DemandMax":3,"Value":246},{"Length":7,"Height":13,"Demand":0,"DemandMax":3,"Value":273},{"Length":61,"Height":73,"Demand":0,"DemandMax":3,"Value":4453},{"Length":23,"Height":8,"Demand":0,"DemandMax":3,"Value":184},{"Length":81,"Height":88,"Demand":0,"DemandMax":3,"Value":21384},{"Length":81,"Height":80,"Demand":0,"DemandMax":3,"Value":12960},{"Length":37,"Height":18,"Demand":0,"DemandMax":3,"Value":666},{"Length":48,"Height":88,"Demand":0,"DemandMax":3,"Value":8448},{"Length":24,"Height":83,"Demand":0,"DemandMax":3,"Value":3984},{"Length":30,"Height":48,"Demand":0,"DemandMax":3,"Value":4320},{"Length":38,"Height":30,"Demand":0,"DemandMax":3,"Value":1140},{"Length":42,"Height":42,"Demand":0,"DemandMax":3,"Value":5292},{"Length":18,"Height":100,"Demand":0,"DemandMax":3,"Value":5400},{"Length":67,"Height":70,"Demand":0,"DemandMax":3,"Value":4690},{"Length":94,"Height":2,"Demand":0,"DemandMax":3,"Value":188},{"Length":7,"Height":95,"Demand":0,"DemandMax":3,"Value":665},{"Length":41,"Height":38,"Demand":0,"DemandMax":3,"Value":3116},{"Length":14,"Height":16,"Demand":0,"DemandMax":3,"Value":672},{"Length":100,"Height":20,"Demand":0,"DemandMax":3,"Value":4000},{"Length":35,"Height":23,"Demand":0,"DemandMax":3,"Value":805},{"Length":83,"Height":6,"Demand":0,"DemandMax":3,"Value":498},{"Length":2,"Height":9,"Demand":0,"DemandMax":3,"Value":54},{"Length":97,"Height":20,"Demand":0,"DemandMax":3,"Value":3880},{"Length":92,"Height":69,"Demand":0,"DemandMax":3,"Value":6348},{"Length":25,"Height":36,"Demand":0,"DemandMax":3,"Value":900},{"Length":18,"Height":12,"Demand":0,"DemandMax":3,"Value":432},{"Length":28,"Height":20,"Demand":0,"DemandMax":3,"Value":1120},{"Length":94,"Height":39,"Demand":0,"DemandMax":3,"Value":7332},{"Length":81,"Height":66,"Demand":0,"DemandMax":3,"Value":10692},{"Length":82,"Height":92,"Demand":0,"DemandMax":3,"Value":15088},{"Length":59,"Height":70,"Demand":0,"DemandMax":3,"Value":12390},{"Length":74,"Height":51,"Demand":0,"DemandMax":3,"Value":3774},{"Length":24,"Height":30,"Demand":0,"DemandMax":3,"Value":720},{"Length":10,"Height":78,"Demand":0,"DemandMax":3,"Value":1560},{"Length":85,"Height":21,"Demand":0,"DemandMax":3,"Value":1785},{"Length":37,"Height":33,"Demand":0,"DemandMax":3,"Value":3663},{"Length":97,"Height":25,"Demand":0,"DemandMax":3,"Value":2425},{"Length":27,"Height":79,"Demand":0,"DemandMax":3,"Value":4266},{"Length":40,"Height":22,"Demand":0,"DemandMax":3,"Value":880},{"Length":76,"Height":36,"Demand":0,"DemandMax":3,"Value":8208},{"Length":58,"Height":66,"Demand":0,"DemandMax":3,"Value":3828},{"Length":75,"Height":86,"Demand":0,"DemandMax":3,"Value":12900},{"Length":44,"Height":95,"Demand":0,"DemandMax":3,"Value":12540},{"Length":15,"Height":95,"Demand":0,"DemandMax":3,"Value":1425},{"Length":3,"Height":19,"Demand":0,"DemandMax":3,"Value":171},{"Length":11,"Height":35,"Demand":0,"DemandMax":3,"Value":1155}]}