{"Name":"ngcutfs2_43","Objects":[{"Length":100,"Height":100,"Stock":null,"Cost":10000}],"Items":[{"Length":84,"Height":93,"Demand":0,"DemandMax":3,"Value":23436},{"Length":89,"Height":13,"Demand":0,"DemandMax":3,"Value":2314},{"Length":48,"Height":7,"Demand":0,"DemandMax":3,"Value":672},{"Length":93,"Height":66,"Demand":0,"DemandMax":3,"Value":18414},{"Length":90,"Height":97,"Demand":0,"DemandMax":3,"Value":17460},{"Length":82,"Height":57,"Demand":0,"DemandMax":3,"Value":4674},{"Length":2,"Height":30,"Demand":0,"DemandMax":3,"Value":180},{"Length":24,"Height":25,"Demand":0,"DemandMax":3,"Value":1200},{"Length":44,"Height":79,"Demand":0,"DemandMax":3,"Value":6952},{"Length":100,"Height":48,"Demand":0,"DemandMax":3,"Value":9600},{"Length":22,"Height":34,"Demand":0,"DemandMax":3,"Value":748},{"Length":75,"Height":89,"Demand":0,"DemandMax":3,"Value":6675},{"Length":30,"Height":26,"Demand":0,"DemandMax":3,"Value":2340},{"Length":88,"Height":70,"Demand":0,"DemandMax":3,"Value":12320},{"Length":22,"Height":42,"Demand":0,"DemandMax":3,"Value":924},{"Length":5,"Height":37,"Demand":0,"DemandMax":3,"Value":555},{"Length":85,"Height":66,"Demand":0,"DemandMax":3,"Value":5610},{"Length":24,"Height":46,"Demand":0,"DemandMax":3,"Value":1104},{"Length":10,"Height":16,"Demand":0,"DemandMax":3,"Value":320},{"Length":18,"Height":28,"Demand":0,"DemandMax":3,"Value":1008},{"Length":9,"Height":22,"Demand":0,"DemandMax":3,"Value":198},{"Length":97,"Height":89,"Demand":0,"DemandMax":3,"Value":17266},{"Length":78,"Height":85,"Demand":0,"DemandMax":3,"Value":6630},{"Length":26,"Height":22,"Demand":0,"DemandMax":3,"Value":1716},{"Length":23,"Height":27,"Demand":0,"DemandMax":3,"Value":621},{"Length":88,"Height":19,"Demand":0,"DemandMax":3,"Value":5016},{"Length":47,"Height":95,"Demand":0,"DemandMax":3,"Value":13395},{"Length":76,"Height":21,"Demand":0,"DemandMax":3,"Value":1596},{"Length":12,"Height":39,"Demand":0,"DemandMax":3,"Value":468},{"Length":44,"Height":32,"Demand":0,"DemandMax":3,"Value":4224},{"Length":91,"Height":32,"Demand":0,"DemandMax":3,"Value":5824},{"Length":94,"Height":3,"Demand":0,"DemandMax":3,"Value":282},{"Length":100,"Height":32,"Demand":0,"DemandMax":3,"Value":3200},{"Length":37,"Height":2,"Demand":0,"DemandMax":3,"Value":148},{"Length":88,"Height":33,"Demand":0,"DemandMax":3,"Value":2904},{"Length":14,"Height":14,"Demand":0,"DemandMax":3,"Value":392},{"Length":86,"Height":32,"Demand":0,"DemandMax":3,"Value":8256},{"Length":4,"Height":35,"Demand":0,"DemandMax":3,"Value":140},{"Length":39,"Height":50,"Demand":0,"DemandMax":3,"Value":1950},{"Length":45,"Height":89,"Demand":0,"DemandMax":3,"Value":12015},{"Length":78,"Height":92,"Demand":0,"DemandMax":3,"Value":7176},{"Length":39,"Height":47,"Demand":0,"DemandMax":3,"Value":3666},{"Length":32,"Height":91,"Demand":0,"DemandMax":3,"Value":8736},{"Length":85,"Height":36,"Demand":0,"DemandMax":3,"Value":3060},{"Length":32,"Height":22,"Demand":0,"DemandMax":3,"Value":704},{"Length":30,"Height":87,"Demand":0,"DemandMax":3,"Value":5220},{"Length":85,"Height":83,"Demand":0,"DemandMax":3,"Value":14110},{"Length":42,"Height":8,"Demand":0,"DemandMax":3,"Value":672},{"Length":38,"Height":34,"Demand":0,"DemandMax":3,"Value":3876},{"Length":28,"Height":81,"Demand":0,"DemandMax":3,"Value":4536}]}