{"Name":"ngcutfs3_55","Objects":[{"Length":100,"Height":100,"Stock":null,"Cost":10000}],"Items":[{"Length":38,"Height":50,"Demand":0,"DemandMax":4,"Value":3800},{"Length":62,"Height":72,"Demand":0,"DemandMax":4,"Value":4464},{"Length":49,"Height":3,"Demand":0,"DemandMax":4,"Value":147},{"Length":50,"Height":26,"Demand":0,"DemandMax":4,"Value":3900},{"Length":40,"Height":18,"Demand":0,"DemandMax":4,"Value":2160},{"Length":23,"Height":26,"Demand":0,"DemandMax":4,"Value":598},{"Length":46,"Height":97,"Demand":0,"DemandMax":4,"Value":8924},{"Length":44,"Height":47,"Demand":0,"DemandMax":4,"Value":2068},{"Length":23,"Height":34,"Demand":0,"DemandMax":4,"Value":782},{"Length":2,"Height":21,"Demand":0,"DemandMax":4,"Value":84},{"Length":12,"Height":6,"Demand":0,"DemandMax":4,"Value":72},{"Length":36,"Height":90,"Demand":0,"DemandMax":4,"Value":6480},{"Length":43,"Height":23,"Demand":0,"DemandMax":4,"Value":2967},{"Length":79,"Height":34,"Demand":0,"DemandMax":4,"Value":5372},{"Length":46,"Height":13,"Demand":0,"DemandMax":4,"Value":1196},{"Length":40,"Height":21,"Demand":0,"DemandMax":4,"Value":2520},{"Length":77,"Height":73,"Demand":0,"DemandMax":4,"Value":16863},{"Length":44,"Height":43,"Demand":0,"DemandMax":4,"Value":1892},{"Length":12,"Height":2,"Demand":0,"DemandMax":4,"Value":72},{"Length":44,"Height":6,"Demand":0,"DemandMax":4,"Value":264},{"Length":95,"Height":17,"Demand":0,"DemandMax":4,"Value":3230},{"Length":12,"Height":16,"Demand":0,"DemandMax":4,"Value":192},{"Length":86,"Height":44,"Demand":0,"DemandMax":4,"Value":11352},{"Length":29,"Height":9,"Demand":0,"DemandMax":4,"Value":522},{"Length":48,"Height":38,"Demand":0,"DemandMax":4,"Value":1824},{"Length":31,"Height":83,"Demand":0,"DemandMax":4,"Value":5146},{"Length":25,"Height":88,"Demand":0,"DemandMax":4,"Value":2200},{"Length":3,"Height":43,"Demand":0,"DemandMax":4,"Value":129},{"Length":92,"Height":2,"Demand":0,"DemandMax":4,"Value":184},{"Length":18,"Height":12,"Demand":0,"DemandMax":4,"Value":648},{"Length":90,"Height":6,"Demand":0,"DemandMax":4,"Value":1620},{"Length":15,"Height":41,"Demand":0,"DemandMax":4,"Value":615},{"Length":4,"Height":2,"Demand":0,"DemandMax":4,"Value":16},{"Length":15,"Height":22,"Demand":0,"DemandMax":4,"Value":660},{"Length":21,"Height":87,"Demand":0,"DemandMax":4,"Value":5481},{"Length":82,"Height":47,"Demand":0,"DemandMax":4,"Value":7708},{"Length":45,"Height":33,"Demand":0,"DemandMax":4,"Value":4455},{"Length":30,"Height":6,"Demand":0,"DemandMax":4,"Value":360},{"Length":38,"Height":31,"Demand":0,"DemandMax":4,"Value":2356},{"Length":50,"Height":16,"Demand":0,"DemandMax":4,"Value":2400},{"Length":24,"Height":40,"Demand":0,"DemandMax":4,"Value":960},{"Length":77,"Height":38,"Demand":0,"DemandMax":4,"Value":5852},{"Length":36,"Height":34,"Demand":0,"DemandMax":4,"Value":1224},{"Length":46,"Height":82,"Demand":0,"DemandMax":4,"Value":11316},{"Length":32,"Height":25,"Demand":0,"DemandMax":4,"Value":2400},{"Length":10,"Height":20,"Demand":0,"DemandMax":4,"Value":200},{"Length":4,"Height":25,"Demand":0,"DemandMax":4,"Value":200},{"Length":18,"Height":44,"Demand":0,"DemandMax":4,"Value":1584},{"Length":45,"Height":7,"Demand":0,"DemandMax":4,"Value":315},{"Length":32,"Height":23,"Demand":0,"DemandMax":4,"Value":2208}]}