{"Name":"ngcutfs1_184","Objects":[{"Length":100,"Height":100,"Stock":null,"Cost":10000}],"Items":[{"Length":36,"Height":38,"Demand":0,"DemandMax":1,"Value":4104},{"Length":32,"Height":33,"Demand":0,"DemandMax":2,"Value":3168},{"Length":28,"Height":26,"Demand":0,"DemandMax":1,"Value":1456},{"Length":7,"Height":91,"Demand":0,"DemandMax":1,"Value":1274},{"Length":98,"Height":5,"Demand":0,"DemandMax":1,"Value":980},{"Length":47,"Height":86,"Demand":0,"DemandMax":1,"Value":4042},{"Length":79,"Height":3,"Demand":0,"DemandMax":1,"Value":711},{"Length":17,"Height":92,"Demand":0,"DemandMax":1,"Value":4692},{"Length":85,"Height":93,"Demand":0,"DemandMax":1,"Value":7905},{"Length":42,"Height":6,"Demand":0,"DemandMax":1,"Value":756},{"Length":94,"Height":48,"Demand":0,"DemandMax":1,"Value":9024},{"Length":41,"Height":79,"Demand":0,"DemandMax":1,"Value":6478},{"Length":12,"Height":40,"Demand":0,"DemandMax":1,"Value":1440},{"Length":88,"Height":42,"Demand":0,"DemandMax":1,"Value":7392},{"Length":21,"Height":20,"Demand":0,"DemandMax":1,"Value":420},{"Length":3,"Height":36,"Demand":0,"DemandMax":1,"Value":216},{"Length":40,"Height":95,"Demand":0,"DemandMax":1,"Value":7600},{"Length":47,"Height":7,"Demand":0,"DemandMax":1,"Value":987},{"Length":4,"Height":5,"Demand":0,"DemandMax":1,"Value":60},{"Length":63,"Height":58,"Demand":0,"DemandMax":1,"Value":10962},{"Length":85,"Height":18,"Demand":0,"DemandMax":1,"Value":4590},{"Length":100,"Height":17,"Demand":0,"DemandMax":1,"Value":5100},{"Length":32,"Height":84,"Demand":0,"DemandMax":1,"Value":5376},{"Length":77,"Height":25,"Demand":0,"DemandMax":1,"Value":3850},{"Length":21,"Height":21,"Demand":0,"DemandMax":1,"Value":882},{"Length":22,"Height":92,"Demand":0,"DemandMax":1,"Value":2024},{"Length":77,"Height":67,"Demand":0,"DemandMax":1,"Value":10318},{"Length":61,"Height":71,"Demand":0,"DemandMax":1,"Value":8662},{"Length":77,"Height":99,"Demand":0,"DemandMax":1,"Value":15246},{"Length":79,"Height":73,"Demand":0,"DemandMax":1,"Value":5767},{"Length":85,"Height":4,"Demand":0,"DemandMax":1,"Value":340},{"Length":4,"Height":22,"Demand":0,"DemandMax":1,"Value":264},{"Length":71,"Height":90,"Demand":0,"DemandMax":1,"Value":19170},{"Length":30,"Height":45,"Demand":0,"DemandMax":1,"Value":2700},{"Length":56,"Height":72,"Demand":0,"DemandMax":1,"Value":12096},{"Length":79,"Height":20,"Demand":0,"DemandMax":1,"Value":4740},{"Length":15,"Height":46,"Demand":0,"DemandMax":1,"Value":2070},{"Length":97,"Height":64,"Demand":0,"DemandMax":1,"Value":18624},{"Length":11,"Height":4,"Demand":0,"DemandMax":1,"Value":88},{"Length":76,"Height":40,"Demand":0,"DemandMax":1,"Value":3040},{"Length":12,"Height":88,"Demand":0,"DemandMax":1,"Value":3168},{"Length":42,"Height":46,"Demand":0,"DemandMax":1,"Value":3864},{"Length":76,"Height":57,"Demand":0,"DemandMax":1,"Value":4332},{"Length":14,"Height":42,"Demand":0,"DemandMax":1,"Value":1176},{"Length":88,"Height":38,"Demand":0,"DemandMax":1,"Value":3344},{"Length":46,"Height":93,"Demand":0,"DemandMax":2,"Value":12834},{"Length":94,"Height":42,"Demand":0,"DemandMax":1,"Value":7896},{"Length":31,"Height":99,"Demand":0,"DemandMax":1,"Value":3069},{"Length":28,"Height":90,"Demand":0,"DemandMax":1,"Value":7560},{"Length":85,"Height":31,"Demand":0,"DemandMax":1,"Value":7905},{"Length":80,"Height":27,"Demand":0,"DemandMax":1,"Value":4320},{"Length":33,"Height":45,"Demand":0,"DemandMax":1,"Value":4455},{"Length":99,"Height":83,"Demand":0,"DemandMax":1,"Value":24651},{"Length":5,"Height":87,"Demand":0,"DemandMax":1,"Value":870},{"Length":3,"Height":16,"Demand":0,"DemandMax":1,"Value":48},{"Length":34,"Height":49,"Demand":0,"DemandMax":1,"Value":4998},{"Length":89,"Height":12,"Demand":0,"DemandMax":1,"Value":1068},{"Length":88,"Height":40,"Demand":0,"DemandMax":1,"Value":3520},{"Length":45,"Height":20,"Demand":0,"DemandMax":1,"Value":900},{"Length":12,"Height":14,"Demand":0,"DemandMax":1,"Value":168},{"Length":79,"Height":41,"Demand":0,"DemandMax":1,"Value":6478},{"Length":26,"Height":40,"Demand":0,"DemandMax":1,"Value":3120},{"Length":34,"Height":83,"Demand":0,"DemandMax":2,"Value":2822},{"Length":21,"Height":86,"Demand":0,"DemandMax":1,"Value":5418},{"Length":23,"Height":11,"Demand":0,"DemandMax":1,"Value":253},{"Length":10,"Height":46,"Demand":0,"DemandMax":1,"Value":920},{"Length":94,"Height":21,"Demand":0,"DemandMax":1,"Value":5922},{"Length":14,"Height":87,"Demand":0,"DemandMax":2,"Value":1218},{"Length":17,"Height":25,"Demand":0,"DemandMax":1,"Value":850},{"Length":80,"Height":46,"Demand":0,"DemandMax":1,"Value":7360},{"Length":44,"Height":78,"Demand":0,"DemandMax":1,"Value":6864},{"Length":28,"Height":22,"Demand":0,"DemandMax":1,"Value":1232},{"Length":32,"Height":29,"Demand":0,"DemandMax":1,"Value":928},{"Length":77,"Height":76,"Demand":0,"DemandMax":1,"Value":11704},{"Length":47,"Height":32,"Demand":0,"DemandMax":1,"Value":1504},{"Length":56,"Height":84,"Demand":0,"DemandMax":1,"Value":4704},{"Length":65,"Height":84,"Demand":0,"DemandMax":1,"Value":10920},{"Length":36,"Height":46,"Demand":0,"DemandMax":1,"Value":1656},{"Length":7,"Height":5,"Demand":0,"DemandMax":1,"Value":35},{"Length":45,"Height":22,"Demand":0,"DemandMax":1,"Value":990},{"Length":26,"Height":9,"Demand":0,"DemandMax":1,"Value":702},{"Length":56,"Height":65,"Demand":0,"DemandMax":1,"Value":7280},{"Length":46,"Height":12,"Demand":0,"DemandMax":1,"Value":1656},{"Length":94,"Height":36,"Demand":0,"DemandMax":1,"Value":6768},{"Length":86,"Height":99,"Demand":0,"DemandMax":1,"Value":8514},{"Length":46,"Height":31,"Demand":0,"DemandMax":1,"Value":4278},{"Length":32,"Height":80,"Demand":0,"DemandMax":1,"Value":2560},{"Length":13,"Height":89,"Demand":0,"DemandMax":1,"Value":1157},{"Length":90,"Height":75,"Demand":0,"DemandMax":1,"Value":13500},{"Length":79,"Height":98,"Demand":0,"DemandMax":1,"Value":15484},{"Length":72,"Height":89,"Demand":0,"DemandMax":1,"Value":19224},{"Length":89,"Height":4,"Demand":0,"DemandMax":1,"Value":356},{"Length":10,"Height":4,"Demand":0,"DemandMax":1,"Value":80},{"Length":76,"Height":77,"Demand":0,"DemandMax":1,"Value":5852},{"Length":22,"Height":10,"Demand":0,"DemandMax":1,"Value":440},{"Length":100,"Height":22,"Demand":0,"DemandMax":1,"Value":4400},{"Length":45,"Height":98,"Demand":0,"DemandMax":1,"Value":4410},{"Length":50,"Height":40,"Demand":0,"DemandMax":1,"Value":6000},{"Length":96,"Height":100,"Demand":0,"DemandMax":1,"Value":19200},{"Length":67,"Height":55,"Demand":0,"DemandMax":1,"Value":3685},{"Length":81,"Height":52,"Demand":0,"DemandMax":1,"Value":12636},{"Length":7,"Height":7,"Demand":0,"DemandMax":1,"Value":98},{"Length":11,"Height":91,"Demand":0,"DemandMax":1,"Value":2002},{"Length":45,"Height":6,"Demand":0,"DemandMax":1,"Value":540},{"Length":94,"Height":34,"Demand":0,"DemandMax":1,"Value":6392},{"Length":3,"Height":97,"Demand":0,"DemandMax":1,"Value":873},{"Length":40,"Height":92,"Demand":0,"DemandMax":1,"Value":3680},{"Length":16,"Height":20,"Demand":0,"DemandMax":1,"Value":320},{"Length":30,"Height":47,"Demand":0,"DemandMax":2,"Value":2820},{"Length":19,"Height":94,"Demand":0,"DemandMax":1,"Value":3572},{"Length":85,"Height":7,"Demand":0,"DemandMax":1,"Value":1785},{"Length":96,"Height":72,"Demand":0,"DemandMax":1,"Value":13824},{"Length":97,"Height":30,"Demand":0,"DemandMax":1,"Value":5820},{"Length":40,"Height":91,"Demand":0,"DemandMax":1,"Value":3640},{"Length":86,"Height":25,"Demand":0,"DemandMax":1,"Value":6450},{"Length":4,"Height":12,"Demand":0,"DemandMax":1,"Value":48},{"Length":15,"Height":15,"Demand":0,"DemandMax":1,"Value":450},{"Length":84,"Height":48,"Demand":0,"DemandMax":1,"Value":4032},{"Length":88,"Height":22,"Demand":0,"DemandMax":1,"Value":1936},{"Length":49,"Height":48,"Demand":0,"DemandMax":1,"Value":4704},{"Length":13,"Height":79,"Demand":0,"DemandMax":1,"Value":2054},{"Length":69,"Height":67,"Demand":0,"DemandMax":1,"Value":9246},{"Length":98,"Height":27,"Demand":0,"DemandMax":1,"Value":5292},{"Length":26,"Height":12,"Demand":0,"DemandMax":1,"Value":936},{"Length":27,"Height":93,"Demand":0,"DemandMax":1,"Value":5022},{"Length":13,"Height":31,"Demand":0,"DemandMax":1,"Value":403},{"Length":39,"Height":31,"Demand":0,"DemandMax":1,"Value":3627},{"Length":46,"Height":46,"Demand":0,"DemandMax":1,"Value":4232},{"Length":89,"Height":44,"Demand":0,"DemandMax":1,"Value":11748},{"Length":19,"Height":45,"Demand":0,"DemandMax":1,"Value":1710},{"Length":4,"Height":33,"Demand":0,"DemandMax":1,"Value":396},{"Length":41,"Height":98,"Demand":0,"DemandMax":1,"Value":12054},{"Length":15,"Height":19,"Demand":0,"DemandMax":1,"Value":570},{"Length":36,"Height":41,"Demand":0,"DemandMax":1,"Value":2952},{"Length":52,"Height":96,"Demand":0,"DemandMax":1,"Value":9984},{"Length":42,"Height":28,"Demand":0,"DemandMax":1,"Value":1176},{"Length":36,"Height":10,"Demand":0,"DemandMax":1,"Value":720},{"Length":49,"Height":10,"Demand":0,"DemandMax":1,"Value":1470},{"Length":6,"Height":38,"Demand":0,"DemandMax":1,"Value":456},{"Length":41,"Height":97,"Demand":0,"DemandMax":1,"Value":11931},{"Length":30,"Height":19,"Demand":0,"DemandMax":1,"Value":1140},{"Length":92,"Height":54,"Demand":0,"DemandMax":1,"Value":4968},{"Length":21,"Height":81,"Demand":0,"DemandMax":2,"Value":5103},{"Length":36,"Height":21,"Demand":0,"DemandMax":1,"Value":756},{"Length":88,"Height":5,"Demand":0,"DemandMax":1,"Value":440},{"Length":24,"Height":36,"Demand":0,"DemandMax":1,"Value":864},{"Length":28,"Height":78,"Demand":0,"DemandMax":1,"Value":2184},{"Length":38,"Height":22,"Demand":0,"DemandMax":1,"Value":836},{"Length":51,"Height":70,"Demand":0,"DemandMax":1,"Value":7140},{"Length":93,"Height":43,"Demand":0,"DemandMax":1,"Value":3999},{"Length":97,"Height":46,"Demand":0,"DemandMax":1,"Value":8924},{"Length":58,"Height":69,"Demand":0,"DemandMax":1,"Value":4002},{"Length":100,"Height":24,"Demand":0,"DemandMax":1,"Value":4800},{"Length":12,"Height":48,"Demand":0,"DemandMax":1,"Value":576},{"Length":43,"Height":11,"Demand":0,"DemandMax":1,"Value":473},{"Length":71,"Height":94,"Demand":0,"DemandMax":1,"Value":13348},{"Length":44,"Height":19,"Demand":0,"DemandMax":1,"Value":1672},{"Length":82,"Height":86,"Demand":0,"DemandMax":1,"Value":14104},{"Length":52,"Height":52,"Demand":0,"DemandMax":1,"Value":2704},{"Length":73,"Height":70,"Demand":0,"DemandMax":1,"Value":10220},{"Length":27,"Height":97,"Demand":0,"DemandMax":1,"Value":5238},{"Length":15,"Height":50,"Demand":0,"DemandMax":1,"Value":2250},{"Length":3,"Height":15,"Demand":0,"DemandMax":1,"Value":135},{"Length":90,"Height":29,"Demand":0,"DemandMax":1,"Value":5220},{"Length":80,"Height":34,"Demand":0,"DemandMax":1,"Value":2720},{"Length":3,"Height":11,"Demand":0,"DemandMax":1,"Value":99},{"Length":9,"Height":31,"Demand":0,"DemandMax":1,"Value":837},{"Length":6,"Height":76,"Demand":0,"DemandMax":1,"Value":456},{"Length":18,"Height":99,"Demand":0,"DemandMax":1,"Value":3564},{"Length":46,"Height":39,"Demand":0,"DemandMax":1,"Value":3588},{"Length":92,"Height":84,"Demand":0,"DemandMax":1,"Value":15456},{"Length":90,"Height":30,"Demand":0,"DemandMax":1,"Value":5400},{"Length":25,"Height":92,"Demand":0,"DemandMax":1,"Value":4600},{"Length":35,"Height":83,"Demand":0,"DemandMax":1,"Value":8715},{"Length":30,"Height":2,"Demand":0,"DemandMax":1,"Value":60},{"Length":77,"Height":41,"Demand":0,"DemandMax":1,"Value":3157},{"Length":30,"Height":82,"Demand":0,"DemandMax":1,"Value":4920},{"Length":10,"Height":4,"Demand":0,"DemandMax":1,"Value":40},{"Length":82,"Height":30,"Demand":0,"DemandMax":1,"Value":7380},{"Length":4,"Height":92,"Demand":0,"DemandMax":1,"Value":736},{"Length":36,"Height":86,"Demand":0,"DemandMax":1,"Value":9288},{"Length":89,"Height":14,"Demand":0,"DemandMax":1,"Value":2492},{"Length":54,"Height":57,"Demand":0,"DemandMax":1,"Value":9234},{"Length":30,"Height":47,"Demand":0,"DemandMax":1,"Value":4230},{"Length":83,"Height":54,"Demand":0,"DemandMax":1,"Value":4482},{"Length":7,"Height":11,"Demand":0,"DemandMax":1,"Value":154},{"Length":84,"Height":32,"Demand":0,"DemandMax":1,"Value":8064},{"Length":40,"Height":6,"Demand":0,"DemandMax":1,"Value":240},{"Length":24,"Height":80,"Demand":0,"DemandMax":1,"Value":3840},{"Length":49,"Height":93,"Demand":0,"DemandMax":1,"Value":13671},{"Length":38,"Height":33,"Demand":0,"DemandMax":1,"Value":3762},{"Length":50,"Height":82,"Demand":0,"DemandMax":1,"Value":4100},{"Length":90,"Height":41,"Demand":0,"DemandMax":1,"Value":11070},{"Length":39,"Height":46,"Demand":0,"DemandMax":1,"Value":3588},{"Length":11,"Height":16,"Demand":0,"DemandMax":1,"Value":528},{"Length":76,"Height":18,"Demand":0,"DemandMax":1,"Value":4104},{"Length":10,"Height":95,"Demand":0,"DemandMax":1,"Value":1900},{"Length":99,"Height":47,"Demand":0,"DemandMax":1,"Value":13959},{"Length":86,"Height":16,"Demand":0,"DemandMax":1,"Value":1376},{"Length":42,"Height":48,"Demand":0,"DemandMax":1,"Value":2016},{"Length":17,"Height":28,"Demand":0,"DemandMax":1,"Value":952},{"Length":89,"Height":61,"Demand":0,"DemandMax":1,"Value":10858},{"Length":50,"Height":44,"Demand":0,"DemandMax":1,"Value":4400},{"Length":20,"Height":16,"Demand":0,"DemandMax":1,"Value":640},{"Length":8,"Height":37,"Demand":0,"DemandMax":1,"Value":592},{"Length":67,"Height":53,"Demand":0,"DemandMax":1,"Value":3551},{"Length":96,"Height":29,"Demand":0,"DemandMax":1,"Value":2784},{"Length":92,"Height":17,"Demand":0,"DemandMax":1,"Value":4692},{"Length":89,"Height":50,"Demand":0,"DemandMax":1,"Value":4450},{"Length":25,"Height":11,"Demand":0,"DemandMax":1,"Value":550},{"Length":44,"Height":90,"Demand":0,"DemandMax":1,"Value":7920},{"Length":90,"Height":76,"Demand":0,"DemandMax":1,"Value":20520},{"Length":64,"Height":82,"Demand":0,"DemandMax":1,"Value":10496},{"Length":77,"Height":53,"Demand":0,"DemandMax":1,"Value":12243},{"Length":59,"Height":83,"Demand":0,"DemandMax":1,"Value":4897},{"Length":97,"Height":13,"Demand":0,"DemandMax":1,"Value":1261},{"Length":34,"Height":87,"Demand":0,"DemandMax":1,"Value":5916},{"Length":26,"Height":31,"Demand":0,"DemandMax":1,"Value":1612},{"Length":74,"Height":81,"Demand":0,"DemandMax":1,"Value":11988},{"Length":75,"Height":68,"Demand":0,"DemandMax":1,"Value":5100},{"Length":2,"Height":34,"Demand":0,"DemandMax":1,"Value":204},{"Length":2,"Height":90,"Demand":0,"DemandMax":1,"Value":540},{"Length":33,"Height":2,"Demand":0,"DemandMax":1,"Value":132},{"Length":61,"Height":57,"Demand":0,"DemandMax":1,"Value":10431},{"Length":47,"Height":79,"Demand":0,"DemandMax":1,"Value":3713},{"Length":45,"Height":24,"Demand":0,"DemandMax":1,"Value":3240},{"Length":26,"Height":42,"Demand":0,"DemandMax":1,"Value":1092},{"Length":92,"Height":39,"Demand":0,"DemandMax":1,"Value":7176},{"Length":62,"Height":60,"Demand":0,"DemandMax":1,"Value":7440},{"Length":46,"Height":95,"Demand":0,"DemandMax":1,"Value":13110},{"Length":27,"Height":88,"Demand":0,"DemandMax":1,"Value":2376},{"Length":43,"Height":40,"Demand":0,"DemandMax":1,"Value":1720},{"Length":17,"Height":83,"Demand":0,"DemandMax":1,"Value":1411},{"Length":49,"Height":46,"Demand":0,"DemandMax":1,"Value":4508},{"Length":79,"Height":60,"Demand":0,"DemandMax":1,"Value":14220},{"Length":16,"Height":37,"Demand":0,"DemandMax":1,"Value":1776},{"Length":18,"Height":80,"Demand":0,"DemandMax":1,"Value":1440},{"Length":77,"Height":40,"Demand":0,"DemandMax":1,"Value":6160},{"Length":26,"Height":87,"Demand":0,"DemandMax":1,"Value":2262},{"Length":92,"Height":30,"Demand":0,"DemandMax":1,"Value":8280},{"Length":41,"Height":96,"Demand":0,"DemandMax":1,"Value":11808},{"Length":19,"Height":27,"Demand":0,"DemandMax":1,"Value":1539},{"Length":90,"Height":26,"Demand":0,"DemandMax":1,"Value":4680},{"Length":2,"Height":30,"Demand":0,"DemandMax":1,"Value":120},{"Length":37,"Height":47,"Demand":0,"DemandMax":1,"Value":1739},{"Length":4,"Height":4,"Demand":0,"DemandMax":1,"Value":32},{"Length":17,"Height":17,"Demand":0,"DemandMax":1,"Value":867},{"Length":16,"Height":21,"Demand":0,"DemandMax":1,"Value":1008},{"Length":46,"Height":34,"Demand":0,"DemandMax":1,"Value":4692},{"Length":24,"Height":16,"Demand":0,"DemandMax":1,"Value":768},{"Length":99,"Height":3,"Demand":0,"DemandMax":1,"Value":891},{"Length":82,"Height":84,"Demand":0,"DemandMax":1,"Value":6888},{"Length":10,"Height":79,"Demand":0,"DemandMax":1,"Value":2370},{"Length":34,"Height":44,"Demand":0,"DemandMax":1,"Value":4488},{"Length":93,"Height":81,"Demand":0,"DemandMax":1,"Value":15066},{"Length":59,"Height":97,"Demand":0,"DemandMax":1,"Value":17169},{"Length":36,"Height":26,"Demand":0,"DemandMax":1,"Value":2808},{"Length":55,"Height":85,"Demand":0,"DemandMax":1,"Value":9350},{"Length":40,"Height":21,"Demand":0,"DemandMax":1,"Value":840},{"Length":31,"Height":36,"Demand":0,"DemandMax":1,"Value":1116},{"Length":34,"Height":42,"Demand":0,"DemandMax":1,"Value":1428},{"Length":15,"Height":3,"Demand":0,"DemandMax":1,"Value":135},{"Length":38,"Height":20,"Demand":0,"DemandMax":2,"Value":760},{"Length":48,"Height":2,"Demand":0,"DemandMax":1,"Value":288},{"Length":65,"Height":53,"Demand":0,"DemandMax":1,"Value":10335},{"Length":80,"Height":36,"Demand":0,"DemandMax":1,"Value":8640},{"Length":49,"Height":25,"Demand":0,"DemandMax":1,"Value":2450},{"Length":37,"Height":76,"Demand":0,"DemandMax":1,"Value":5624},{"Length":83,"Height":22,"Demand":0,"DemandMax":1,"Value":1826},{"Length":36,"Height":82,"Demand":0,"DemandMax":1,"Value":8856},{"Length":63,"Height":74,"Demand":0,"DemandMax":1,"Value":4662},{"Length":7,"Height":48,"Demand":0,"DemandMax":1,"Value":336},{"Length":58,"Height":70,"Demand":0,"DemandMax":1,"Value":8120},{"Length":50,"Height":18,"Demand":0,"DemandMax":1,"Value":900},{"Length":5,"Height":36,"Demand":0,"DemandMax":1,"Value":360},{"Length":43,"Height":80,"Demand":0,"DemandMax":1,"Value":10320},{"Length":28,"Height":32,"Demand":0,"DemandMax":1,"Value":896},{"Length":46,"Height":15,"Demand":0,"DemandMax":1,"Value":2070},{"Length":50,"Height":78,"Demand":0,"DemandMax":1,"Value":11700},{"Length":82,"Height":11,"Demand":0,"DemandMax":1,"Value":2706},{"Length":48,"Height":15,"Demand":0,"DemandMax":1,"Value":720},{"Length":30,"Height":84,"Demand":0,"DemandMax":1,"Value":7560},{"Length":19,"Height":79,"Demand":0,"DemandMax":1,"Value":1501},{"Length":93,"Height":37,"Demand":0,"DemandMax":1,"Value":6882},{"Length":68,"Height":85,"Demand":0,"DemandMax":1,"Value":5780},{"Length":2,"Height":36,"Demand":0,"DemandMax":1,"Value":72},{"Length":88,"Height":93,"Demand":0,"DemandMax":1,"Value":8184},{"Length":4,"Height":96,"Demand":0,"DemandMax":1,"Value":1152},{"Length":46,"Height":88,"Demand":0,"DemandMax":1,"Value":4048},{"Length":70,"Height":62,"Demand":0,"DemandMax":1,"Value":4340},{"Length":29,"Height":33,"Demand":0,"DemandMax":1,"Value":957},{"Length":49,"Height":43,"Demand":0,"DemandMax":1,"Value":4214},{"Length":95,"Height":27,"Demand":0,"DemandMax":1,"Value":7695},{"Length":86,"Height":11,"Demand":0,"DemandMax":1,"Value":2838},{"Length":97,"Height":97,"Demand":0,"DemandMax":1,"Value":18818},{"Length":97,"Height":71,"Demand":0,"DemandMax":1,"Value":20661},{"Length":30,"Height":6,"Demand":0,"DemandMax":1,"Value":360},{"Length":28,"Height":34,"Demand":0,"DemandMax":1,"Value":1904},{"Length":21,"Height":100,"Demand":0,"DemandMax":1,"Value":6300},{"Length":18,"Height":79,"Demand":0,"DemandMax":1,"Value":2844},{"Length":50,"Height":80,"Demand":0,"DemandMax":1,"Value":4000},{"Length":92,"Height":43,"Demand":0,"DemandMax":1,"Value":3956},{"Length":26,"Height":44,"Demand":0,"DemandMax":1,"Value":2288},{"Length":13,"Height":47,"Demand":0,"DemandMax":1,"Value":611},{"Length":51,"Height":94,"Demand":0,"DemandMax":1,"Value":14382},{"Length":26,"Height":20,"Demand":0,"DemandMax":1,"Value":1560},{"Length":18,"Height":15,"Demand":0,"DemandMax":1,"Value":810},{"Length":30,"Height":5,"Demand":0,"DemandMax":1,"Value":150},{"Length":42,"Height":98,"Demand":0,"DemandMax":1,"Value":12348},{"Length":9,"Height":18,"Demand":0,"DemandMax":1,"Value":324},{"Length":44,"Height":9,"Demand":0,"DemandMax":1,"Value":792},{"Length":15,"Height":7,"Demand":0,"DemandMax":1,"Value":105},{"Length":15,"Height":78,"Demand":0,"DemandMax":1,"Value":1170},{"Length":27,"Height":23,"Demand":0,"DemandMax":1,"Value":1863},{"Length":88,"Height":26,"Demand":0,"DemandMax":1,"Value":6864},{"Length":98,"Height":26,"Demand":0,"DemandMax":1,"Value":2548},{"Length":36,"Height":39,"Demand":0,"DemandMax":1,"Value":2808},{"Length":48,"Height":20,"Demand":0,"DemandMax":1,"Value":2880},{"Length":36,"Height":43,"Demand":0,"DemandMax":1,"Value":1548},{"Length":47,"Height":5,"Demand":0,"DemandMax":1,"Value":235},{"Length":43,"Height":4,"Demand":0,"DemandMax":1,"Value":344},{"Length":12,"Height":94,"Demand":0,"DemandMax":1,"Value":2256},{"Length":27,"Height":86,"Demand":0,"DemandMax":1,"Value":4644},{"Length":33,"Height":2,"Demand":0,"DemandMax":1,"Value":198},{"Length":86,"Height":81,"Demand":0,"DemandMax":1,"Value":20898},{"Length":33,"Height":80,"Demand":0,"DemandMax":1,"Value":2640},{"Length":12,"Height":100,"Demand":0,"DemandMax":1,"Value":3600},{"Length":90,"Height":16,"Demand":0,"DemandMax":1,"Value":1440},{"Length":63,"Height":53,"Demand":0,"DemandMax":1,"Value":3339},{"Length":67,"Height":83,"Demand":0,"DemandMax":1,"Value":5561},{"Length":37,"Height":35,"Demand":0,"DemandMax":1,"Value":2590},{"Length":7,"Height":82,"Demand":0,"DemandMax":1,"Value":1722},{"Length":36,"Height":76,"Demand":0,"DemandMax":1,"Value":8208},{"Length":26,"Height":82,"Demand":0,"DemandMax":1,"Value":6396},{"Length":16,"Height":10,"Demand":0,"DemandMax":1,"Value":480},{"Length":42,"Height":85,"Demand":0,"DemandMax":1,"Value":7140},{"Length":84,"Height":36,"Demand":0,"DemandMax":1,"Value":6048},{"Length":85,"Height":6,"Demand":0,"DemandMax":1,"Value":510},{"Length":30,"Height":19,"Demand":0,"DemandMax":1,"Value":1710},{"Length":49,"Height":89,"Demand":0,"DemandMax":1,"Value":8722},{"Length":87,"Height":68,"Demand":0,"DemandMax":1,"Value":11832},{"Length":6,"Height":49,"Demand":0,"DemandMax":1,"Value":294},{"Length":2,"Height":2,"Demand":0,"DemandMax":1,"Value":12},{"Length":24,"Height":49,"Demand":0,"DemandMax":1,"Value":2352},{"Length":17,"Height":13,"Demand":0,"DemandMax":1,"Value":442},{"Length":91,"Height":74,"Demand":0,"DemandMax":1,"Value":20202},{"Length":45,"Height":20,"Demand":0,"DemandMax":1,"Value":2700},{"Length":23,"Height":14,"Demand":0,"DemandMax":1,"Value":644},{"Length":34,"Height":81,"Demand":0,"DemandMax":2,"Value":8262},{"Length":30,"Height":45,"Demand":0,"DemandMax":1,"Value":1350},{"Length":13,"Height":99,"Demand":0,"DemandMax":1,"Value":2574},{"Length":2,"Height":89,"Demand":0,"DemandMax":1,"Value":356},{"Length":30,"Height":17,"Demand":0,"DemandMax":1,"Value":510},{"Length":100,"Height":61,"Demand":0,"DemandMax":1,"Value":18300},{"Length":22,"Height":99,"Demand":0,"DemandMax":1,"Value":2178},{"Length":18,"Height":16,"Demand":0,"DemandMax":1,"Value":864},{"Length":11,"Height":87,"Demand":0,"DemandMax":1,"Value":957},{"Length":17,"Height":45,"Demand":0,"DemandMax":1,"Value":2295},{"Length":31,"Height":9,"Demand":0,"DemandMax":1,"Value":558},{"Length":94,"Height":13,"Demand":0,"DemandMax":1,"Value":2444},{"Length":70,"Height":85,"Demand":0,"DemandMax":1,"Value":17850},{"Length":19,"Height":22,"Demand":0,"DemandMax":1,"Value":418},{"Length":62,"Height":79,"Demand":0,"DemandMax":1,"Value":14694},{"Length":18,"Height":81,"Demand":0,"DemandMax":1,"Value":2916},{"Length":23,"Height":43,"Demand":0,"DemandMax":1,"Value":1978},{"Length":52,"Height":87,"Demand":0,"DemandMax":1,"Value":9048},{"Length":48,"Height":8,"Demand":0,"DemandMax":1,"Value":768},{"Length":17,"Height":47,"Demand":0,"DemandMax":1,"Value":799},{"Length":100,"Height":91,"Demand":0,"DemandMax":1,"Value":27300},{"Length":43,"Height":2,"Demand":0,"DemandMax":1,"Value":86},{"Length":58,"Height":73,"Demand":0,"DemandMax":1,"Value":12702},{"Length":33,"Height":91,"Demand":0,"DemandMax":1,"Value":6006},{"Length":29,"Height":16,"Demand":0,"DemandMax":1,"Value":464},{"Length":92,"Height":50,"Demand":0,"DemandMax":1,"Value":4600},{"Length":83,"Height":46,"Demand":0,"DemandMax":1,"Value":7636},{"Length":98,"Height":30,"Demand":0,"DemandMax":1,"Value":8820},{"Length":97,"Height":48,"Demand":0,"DemandMax":1,"Value":4656},{"Length":36,"Height":43,"Demand":0,"DemandMax":1,"Value":4644},{"Length":80,"Height":43,"Demand":0,"DemandMax":2,"Value":6880},{"Length":42,"Height":89,"Demand":0,"DemandMax":1,"Value":7476},{"Length":25,"Height":37,"Demand":0,"DemandMax":1,"Value":925},{"Length":7,"Height":95,"Demand":0,"DemandMax":1,"Value":1330},{"Length":13,"Height":37,"Demand":0,"DemandMax":1,"Value":481},{"Length":5,"Height":95,"Demand":0,"DemandMax":1,"Value":950},{"Length":6,"Height":92,"Demand":0,"DemandMax":1,"Value":1656},{"Length":22,"Height":41,"Demand":0,"DemandMax":1,"Value":2706},{"Length":43,"Height":86,"Demand":0,"DemandMax":1,"Value":7396},{"Length":84,"Height":39,"Demand":0,"DemandMax":1,"Value":3276},{"Length":41,"Height":41,"Demand":0,"DemandMax":1,"Value":5043},{"Length":88,"Height":45,"Demand":0,"DemandMax":1,"Value":7920},{"Length":10,"Height":76,"Demand":0,"DemandMax":1,"Value":1520},{"Length":66,"Height":81,"Demand":0,"DemandMax":1,"Value":5346},{"Length":26,"Height":96,"Demand":0,"DemandMax":1,"Value":2496},{"Length":22,"Height":94,"Demand":0,"DemandMax":1,"Value":2068},{"Length":81,"Height":39,"Demand":0,"DemandMax":1,"Value":6318},{"Length":58,"Height":82,"Demand":0,"DemandMax":1,"Value":14268},{"Length":81,"Height":46,"Demand":0,"DemandMax":1,"Value":3726},{"Length":37,"Height":96,"Demand":0,"DemandMax":1,"Value":10656},{"Length":26,"Height":92,"Demand":0,"DemandMax":1,"Value":4784},{"Length":71,"Height":91,"Demand":0,"DemandMax":1,"Value":6461},{"Length":7,"Height":32,"Demand":0,"DemandMax":1,"Value":224},{"Length":83,"Height":59,"Demand":0,"DemandMax":1,"Value":14691},{"Length":51,"Height":68,"Demand":0,"DemandMax":1,"Value":6936},{"Length":100,"Height":20,"Demand":0,"DemandMax":1,"Value":6000},{"Length":91,"Height":3,"Demand":0,"DemandMax":1,"Value":546},{"Length":33,"Height":30,"Demand":0,"DemandMax":1,"Value":2970},{"Length":12,"Height":25,"Demand":0,"DemandMax":1,"Value":300},{"Length":32,"Height":83,"Demand":0,"DemandMax":1,"Value":2656},{"Length":12,"Height":78,"Demand":0,"DemandMax":1,"Value":2808},{"Length":83,"Height":25,"Demand":0,"DemandMax":1,"Value":6225},{"Length":4,"Height":25,"Demand":0,"DemandMax":1,"Value":300},{"Length":18,"Height":31,"Demand":0,"DemandMax":1,"Value":1674},{"Length":10,"Height":88,"Demand":0,"DemandMax":1,"Value":1760},{"Length":28,"Height":14,"Demand":0,"DemandMax":1,"Value":1176},{"Length":46,"Height":92,"Demand":0,"DemandMax":1,"Value":8464},{"Length":31,"Height":19,"Demand":0,"DemandMax":1,"Value":1178},{"Length":86,"Height":56,"Demand":0,"DemandMax":1,"Value":4816},{"Length":26,"Height":26,"Demand":0,"DemandMax":1,"Value":676},{"Length":52,"Height":75,"Demand":0,"DemandMax":1,"Value":11700},{"Length":44,"Height":23,"Demand":0,"DemandMax":1,"Value":2024},{"Length":46,"Height":14,"Demand":0,"DemandMax":1,"Value":644},{"Length":93,"Height":96,"Demand":0,"DemandMax":1,"Value":8928},{"Length":26,"Height":94,"Demand":0,"DemandMax":1,"Value":4888},{"Length":46,"Height":77,"Demand":0,"DemandMax":1,"Value":7084},{"Length":35,"Height":80,"Demand":0,"DemandMax":1,"Value":8400},{"Length":3,"Height":27,"Demand":0,"DemandMax":1,"Value":162},{"Length":77,"Height":11,"Demand":0,"DemandMax":1,"Value":847},{"Length":8,"Height":13,"Demand":0,"DemandMax":1,"Value":312},{"Length":37,"Height":3,"Demand":0,"DemandMax":1,"Value":333},{"Length":36,"Height":26,"Demand":0,"DemandMax":1,"Value":936},{"Length":40,"Height":28,"Demand":0,"DemandMax":1,"Value":2240},{"Length":75,"Height":56,"Demand":0,"DemandMax":1,"Value":12600},{"Length":99,"Height":20,"Demand":0,"DemandMax":1,"Value":1980},{"Length":92,"Height":41,"Demand":0,"DemandMax":1,"Value":3772},{"Length":91,"Height":81,"Demand":0,"DemandMax":1,"Value":7371},{"Length":22,"Height":25,"Demand":0,"DemandMax":1,"Value":1650},{"Length":37,"Height":28,"Demand":0,"DemandMax":1,"Value":3108},{"Length":11,"Height":45,"Demand":0,"DemandMax":1,"Value":495},{"Length":2,"Height":17,"Demand":0,"DemandMax":1,"Value":102},{"Length":91,"Height":35,"Demand":0,"DemandMax":1,"Value":3185},{"Length":100,"Height":53,"Demand":0,"DemandMax":1,"Value":10600},{"Length":82,"Height":87,"Demand":0,"DemandMax":1,"Value":14268},{"Length":10,"Height":34,"Demand":0,"DemandMax":1,"Value":340},{"Length":72,"Height":58,"Demand":0,"DemandMax":1,"Value":8352},{"Length":89,"Height":82,"Demand":0,"DemandMax":1,"Value":21894},{"Length":96,"Height":34,"Demand":0,"DemandMax":1,"Value":9792},{"Length":83,"Height":18,"Demand":0,"DemandMax":1,"Value":2988},{"Length":99,"Height":57,"Demand":0,"DemandMax":1,"Value":16929},{"Length":87,"Height":12,"Demand":0,"DemandMax":1,"Value":1044},{"Length":61,"Height":52,"Demand":0,"DemandMax":1,"Value":3172},{"Length":95,"Height":21,"Demand":0,"DemandMax":1,"Value":3990},{"Length":37,"Height":37,"Demand":0,"DemandMax":1,"Value":4107},{"Length":86,"Height":22,"Demand":0,"DemandMax":1,"Value":3784},{"Length":4,"Height":76,"Demand":0,"DemandMax":1,"Value":608},{"Length":94,"Height":31,"Demand":0,"DemandMax":1,"Value":5828},{"Length":71,"Height":65,"Demand":0,"DemandMax":1,"Value":13845},{"Length":19,"Height":91,"Demand":0,"DemandMax":1,"Value":1729},{"Length":38,"Height":41,"Demand":0,"DemandMax":1,"Value":1558},{"Length":28,"Height":4,"Demand":0,"DemandMax":1,"Value":224},{"Length":8,"Height":14,"Demand":0,"DemandMax":1,"Value":112},{"Length":36,"Height":20,"Demand":0,"DemandMax":1,"Value":720},{"Length":32,"Height":11,"Demand":0,"DemandMax":1,"Value":1056},{"Length":17,"Height":90,"Demand":0,"DemandMax":1,"Value":1530},{"Length":86,"Height":92,"Demand":0,"DemandMax":1,"Value":15824},{"Length":9,"Height":39,"Demand":0,"DemandMax":1,"Value":1053},{"Length":24,"Height":29,"Demand":0,"DemandMax":1,"Value":696},{"Length":32,"Height":48,"Demand":0,"DemandMax":1,"Value":3072},{"Length":45,"Height":12,"Demand":0,"DemandMax":1,"Value":540},{"Length":42,"Height":18,"Demand":0,"DemandMax":2,"Value":2268},{"Length":12,"Height":84,"Demand":0,"DemandMax":1,"Value":2016},{"Length":9,"Height":23,"Demand":0,"DemandMax":1,"Value":621},{"Length":72,"Height":83,"Demand":0,"DemandMax":1,"Value":17928},{"Length":22,"Height":91,"Demand":0,"DemandMax":1,"Value":6006},{"Length":13,"Height":85,"Demand":0,"DemandMax":1,"Value":1105},{"Length":93,"Height":34,"Demand":0,"DemandMax":1,"Value":3162},{"Length":79,"Height":47,"Demand":0,"DemandMax":1,"Value":3713},{"Length":45,"Height":40,"Demand":0,"DemandMax":1,"Value":1800},{"Length":30,"Height":31,"Demand":0,"DemandMax":1,"Value":930},{"Length":49,"Height":9,"Demand":0,"DemandMax":1,"Value":882},{"Length":82,"Height":74,"Demand":0,"DemandMax":1,"Value":6068},{"Length":77,"Height":33,"Demand":0,"DemandMax":1,"Value":7623},{"Length":91,"Height":34,"Demand":0,"DemandMax":1,"Value":3094},{"Length":60,"Height":64,"Demand":0,"DemandMax":1,"Value":11520},{"Length":72,"Height":87,"Demand":0,"DemandMax":1,"Value":12528},{"Length":20,"Height":33,"Demand":0,"DemandMax":1,"Value":1320},{"Length":36,"Height":84,"Demand":0,"DemandMax":1,"Value":9072},{"Length":13,"Height":39,"Demand":0,"DemandMax":1,"Value":1014},{"Length":77,"Height":2,"Demand":0,"DemandMax":1,"Value":154},{"Length":8,"Height":37,"Demand":0,"DemandMax":1,"Value":296},{"Length":79,"Height":94,"Demand":0,"DemandMax":1,"Value":14852},{"Length":95,"Height":96,"Demand":0,"DemandMax":1,"Value":18240},{"Length":77,"Height":4,"Demand":0,"DemandMax":1,"Value":616},{"Length":77,"Height":60,"Demand":0,"DemandMax":1,"Value":13860},{"Length":13,"Height":86,"Demand":0,"DemandMax":1,"Value":2236},{"Length":37,"Height":77,"Demand":0,"DemandMax":1,"Value":5698},{"Length":13,"Height":31,"Demand":0,"DemandMax":1,"Value":1209},{"Length":12,"Height":13,"Demand":0,"DemandMax":1,"Value":468},{"Length":22,"Height":12,"Demand":0,"DemandMax":1,"Value":792},{"Length":35,"Height":99,"Demand":0,"DemandMax":1,"Value":6930},{"Length":62,"Height":72,"Demand":0,"DemandMax":1,"Value":13392},{"Length":24,"Height":46,"Demand":0,"DemandMax":1,"Value":3312},{"Length":58,"Height":53,"Demand":0,"DemandMax":1,"Value":3074},{"Length":50,"Height":47,"Demand":0,"DemandMax":1,"Value":7050},{"Length":50,"Height":93,"Demand":0,"DemandMax":1,"Value":9300},{"Length":45,"Height":9,"Demand":0,"DemandMax":1,"Value":1215},{"Length":89,"Height":36,"Demand":0,"DemandMax":1,"Value":3204},{"Length":8,"Height":94,"Demand":0,"DemandMax":1,"Value":752},{"Length":5,"Height":85,"Demand":0,"DemandMax":1,"Value":425},{"Length":21,"Height":96,"Demand":0,"DemandMax":1,"Value":6048},{"Length":12,"Height":94,"Demand":0,"DemandMax":1,"Value":1128},{"Length":50,"Height":93,"Demand":0,"DemandMax":1,"Value":13950},{"Length":36,"Height":85,"Demand":0,"DemandMax":1,"Value":9180},{"Length":45,"Height":47,"Demand":0,"DemandMax":1,"Value":6345},{"Length":84,"Height":35,"Demand":0,"DemandMax":2,"Value":8820},{"Length":38,"Height":25,"Demand":0,"DemandMax":1,"Value":2850},{"Length":6,"Height":87,"Demand":0,"DemandMax":1,"Value":1566},{"Length":41,"Height":5,"Demand":0,"DemandMax":1,"Value":615},{"Length":31,"Height":31,"Demand":0,"DemandMax":1,"Value":2883},{"Length":77,"Height":83,"Demand":0,"DemandMax":1,"Value":12782},{"Length":93,"Height":72,"Demand":0,"DemandMax":1,"Value":6696},{"Length":39,"Height":35,"Demand":0,"DemandMax":1,"Value":4095},{"Length":43,"Height":86,"Demand":0,"DemandMax":1,"Value":3698},{"Length":65,"Height":78,"Demand":0,"DemandMax":1,"Value":5070},{"Length":19,"Height":42,"Demand":0,"DemandMax":1,"Value":798},{"Length":20,"Height":22,"Demand":0,"DemandMax":1,"Value":1320},{"Length":61,"Height":80,"Demand":0,"DemandMax":1,"Value":4880},{"Length":80,"Height":64,"Demand":0,"DemandMax":1,"Value":10240},{"Length":27,"Height":37,"Demand":0,"DemandMax":1,"Value":1998},{"Length":46,"Height":76,"Demand":0,"DemandMax":1,"Value":3496},{"Length":51,"Height":92,"Demand":0,"DemandMax":1,"Value":9384},{"Length":31,"Height":99,"Demand":0,"DemandMax":1,"Value":9207},{"Length":36,"Height":88,"Demand":0,"DemandMax":1,"Value":9504},{"Length":47,"Height":87,"Demand":0,"DemandMax":1,"Value":12267},{"Length":85,"Height":72,"Demand":0,"DemandMax":1,"Value":6120},{"Length":78,"Height":30,"Demand":0,"DemandMax":1,"Value":2340},{"Length":61,"Height":96,"Demand":0,"DemandMax":1,"Value":5856},{"Length":79,"Height":2,"Demand":0,"DemandMax":1,"Value":474},{"Length":19,"Height":21,"Demand":0,"DemandMax":1,"Value":399},{"Length":91,"Height":5,"Demand":0,"DemandMax":1,"Value":455},{"Length":48,"Height":40,"Demand":0,"DemandMax":1,"Value":3840},{"Length":88,"Height":27,"Demand":0,"DemandMax":1,"Value":7128},{"Length":91,"Height":4,"Demand":0,"DemandMax":1,"Value":728},{"Length":24,"Height":34,"Demand":0,"DemandMax":1,"Value":1632},{"Length":62,"Height":89,"Demand":0,"DemandMax":1,"Value":11036},{"Length":44,"Height":5,"Demand":0,"DemandMax":1,"Value":440},{"Length":2,"Height":33,"Demand":0,"DemandMax":1,"Value":66},{"Length":81,"Height":20,"Demand":0,"DemandMax":1,"Value":3240},{"Length":93,"Height":77,"Demand":0,"DemandMax":1,"Value":14322},{"Length":46,"Height":42,"Demand":0,"DemandMax":1,"Value":5796},{"Length":23,"Height":48,"Demand":0,"DemandMax":1,"Value":3312},{"Length":21,"Height":98,"Demand":0,"DemandMax":1,"Value":4116},{"Length":61,"Height":68,"Demand":0,"DemandMax":1,"Value":4148},{"Length":19,"Height":84,"Demand":0,"DemandMax":1,"Value":4788},{"Length":72,"Height":63,"Demand":0,"DemandMax":1,"Value":4536},{"Length":27,"Height":78,"Demand":0,"DemandMax":1,"Value":4212},{"Length":89,"Height":9,"Demand":0,"DemandMax":1,"Value":801},{"Length":96,"Height":93,"Demand":0,"DemandMax":1,"Value":8928},{"Length":11,"Height":28,"Demand":0,"DemandMax":1,"Value":616},{"Length":99,"Height":39,"Demand":0,"DemandMax":1,"Value":11583},{"Length":47,"Height":76,"Demand":0,"DemandMax":1,"Value":7144},{"Length":60,"Height":74,"Demand":0,"DemandMax":1,"Value":13320},{"Length":17,"Height":91,"Demand":0,"DemandMax":1,"Value":1547},{"Length":6,"Height":20,"Demand":0,"DemandMax":1,"Value":240},{"Length":41,"Height":100,"Demand":0,"DemandMax":1,"Value":12300},{"Length":23,"Height":85,"Demand":0,"DemandMax":1,"Value":1955},{"Length":70,"Height":87,"Demand":0,"DemandMax":1,"Value":18270},{"Length":85,"Height":53,"Demand":0,"DemandMax":1,"Value":13515},{"Length":19,"Height":37,"Demand":0,"DemandMax":1,"Value":703},{"Length":85,"Height":22,"Demand":0,"DemandMax":1,"Value":1870},{"Length":13,"Height":41,"Demand":0,"DemandMax":1,"Value":533},{"Length":15,"Height":9,"Demand":0,"DemandMax":1,"Value":135},{"Length":36,"Height":20,"Demand":0,"DemandMax":1,"Value":2160},{"Length":95,"Height":15,"Demand":0,"DemandMax":1,"Value":2850},{"Length":7,"Height":35,"Demand":0,"DemandMax":1,"Value":245},{"Length":94,"Height":25,"Demand":0,"DemandMax":1,"Value":4700},{"Length":18,"Height":80,"Demand":0,"DemandMax":1,"Value":4320},{"Length":80,"Height":81,"Demand":0,"DemandMax":1,"Value":19440},{"Length":100,"Height":13,"Demand":0,"DemandMax":1,"Value":2600},{"Length":32,"Height":79,"Demand":0,"DemandMax":1,"Value":7584},{"Length":36,"Height":4,"Demand":0,"DemandMax":1,"Value":144},{"Length":23,"Height":98,"Demand":0,"DemandMax":1,"Value":4508},{"Length":50,"Height":23,"Demand":0,"DemandMax":1,"Value":3450},{"Length":93,"Height":26,"Demand":0,"DemandMax":1,"Value":4836},{"Length":42,"Height":31,"Demand":0,"DemandMax":1,"Value":1302},{"Length":85,"Height":25,"Demand":0,"DemandMax":1,"Value":4250},{"Length":34,"Height":9,"Demand":0,"DemandMax":1,"Value":918},{"Length":48,"Height":20,"Demand":0,"DemandMax":1,"Value":1920},{"Length":16,"Height":9,"Demand":0,"DemandMax":1,"Value":288},{"Length":92,"Height":10,"Demand":0,"DemandMax":1,"Value":2760},{"Length":7,"Height":95,"Demand":0,"DemandMax":1,"Value":665},{"Length":27,"Height":13,"Demand":0,"DemandMax":1,"Value":351},{"Length":42,"Height":4,"Demand":0,"DemandMax":1,"Value":504},{"Length":50,"Height":86,"Demand":0,"DemandMax":1,"Value":4300},{"Length":26,"Height":98,"Demand":0,"DemandMax":1,"Value":7644},{"Length":32,"Height":26,"Demand":0,"DemandMax":1,"Value":2496},{"Length":45,"Height":3,"Demand":0,"DemandMax":1,"Value":270},{"Length":82,"Height":55,"Demand":0,"DemandMax":1,"Value":9020},{"Length":4,"Height":29,"Demand":0,"DemandMax":1,"Value":232},{"Length":86,"Height":76,"Demand":0,"DemandMax":1,"Value":13072},{"Length":14,"Height":37,"Demand":0,"DemandMax":1,"Value":1554},{"Length":82,"Height":58,"Demand":0,"DemandMax":1,"Value":14268},{"Length":20,"Height":87,"Demand":0,"DemandMax":1,"Value":1740},{"Length":90,"Height":9,"Demand":0,"DemandMax":1,"Value":1620},{"Length":54,"Height":82,"Demand":0,"DemandMax":1,"Value":13284},{"Length":96,"Height":8,"Demand":0,"DemandMax":1,"Value":768},{"Length":50,"Height":7,"Demand":0,"DemandMax":1,"Value":700},{"Length":80,"Height":85,"Demand":0,"DemandMax":1,"Value":6800},{"Length":54,"Height":92,"Demand":0,"DemandMax":1,"Value":9936},{"Length":84,"Height":21,"Demand":0,"DemandMax":1,"Value":5292},{"Length":82,"Height":4,"Demand":0,"DemandMax":1,"Value":984},{"Length":15,"Height":87,"Demand":0,"DemandMax":1,"Value":3915},{"Length":41,"Height":7,"Demand":0,"DemandMax":1,"Value":861},{"Length":47,"Height":38,"Demand":0,"DemandMax":1,"Value":1786},{"Length":97,"Height":12,"Demand":0,"DemandMax":1,"Value":3492},{"Length":76,"Height":32,"Demand":0,"DemandMax":1,"Value":7296},{"Length":38,"Height":48,"Demand":0,"DemandMax":1,"Value":5472},{"Length":50,"Height":24,"Demand":0,"DemandMax":1,"Value":2400},{"Length":66,"Height":58,"Demand":0,"DemandMax":1,"Value":3828},{"Length":53,"Height":81,"Demand":0,"DemandMax":1,"Value":4293},{"Length":69,"Height":87,"Demand":0,"DemandMax":1,"Value":6003},{"Length":30,"Height":20,"Demand":0,"DemandMax":1,"Value":1200},{"Length":36,"Height":90,"Demand":0,"DemandMax":1,"Value":9720},{"Length":17,"Height":23,"Demand":0,"DemandMax":1,"Value":391},{"Length":100,"Height":92,"Demand":0,"DemandMax":1,"Value":9200},{"Length":86,"Height":65,"Demand":0,"DemandMax":1,"Value":16770},{"Length":82,"Height":45,"Demand":0,"DemandMax":1,"Value":7380},{"Length":35,"Height":15,"Demand":0,"DemandMax":1,"Value":1050},{"Length":21,"Height":37,"Demand":0,"DemandMax":1,"Value":2331},{"Length":10,"Height":18,"Demand":0,"DemandMax":1,"Value":180},{"Length":20,"Height":3,"Demand":0,"DemandMax":1,"Value":180},{"Length":100,"Height":85,"Demand":0,"DemandMax":1,"Value":17000},{"Length":50,"Height":87,"Demand":0,"DemandMax":1,"Value":4350},{"Length":9,"Height":12,"Demand":0,"DemandMax":1,"Value":324},{"Length":11,"Height":11,"Demand":0,"DemandMax":1,"Value":242},{"Length":18,"Height":41,"Demand":0,"DemandMax":1,"Value":738},{"Length":100,"Height":16,"Demand":0,"DemandMax":1,"Value":4800},{"Length":13,"Height":98,"Demand":0,"DemandMax":1,"Value":3822},{"Length":8,"Height":2,"Demand":0,"DemandMax":1,"Value":48},{"Length":44,"Height":93,"Demand":0,"DemandMax":1,"Value":8184},{"Length":11,"Height":6,"Demand":0,"DemandMax":1,"Value":132},{"Length":34,"Height":92,"Demand":0,"DemandMax":1,"Value":6256},{"Length":36,"Height":30,"Demand":0,"DemandMax":1,"Value":2160},{"Length":10,"Height":36,"Demand":0,"DemandMax":1,"Value":1080},{"Length":2,"Height":76,"Demand":0,"DemandMax":1,"Value":152},{"Length":50,"Height":11,"Demand":0,"DemandMax":1,"Value":1100},{"Length":71,"Height":86,"Demand":0,"DemandMax":1,"Value":12212},{"Length":99,"Height":50,"Demand":0,"DemandMax":1,"Value":14850},{"Length":3,"Height":37,"Demand":0,"DemandMax":1,"Value":111},{"Length":78,"Height":18,"Demand":0,"DemandMax":1,"Value":1404},{"Length":77,"Height":40,"Demand":0,"DemandMax":1,"Value":3080},{"Length":10,"Height":25,"Demand":0,"DemandMax":1,"Value":750},{"Length":100,"Height":67,"Demand":0,"DemandMax":1,"Value":20100},{"Length":41,"Height":88,"Demand":0,"DemandMax":1,"Value":7216},{"Length":5,"Height":36,"Demand":0,"DemandMax":1,"Value":180},{"Length":89,"Height":34,"Demand":0,"DemandMax":1,"Value":6052},{"Length":20,"Height":44,"Demand":0,"DemandMax":1,"Value":880},{"Length":3,"Height":99,"Demand":0,"DemandMax":1,"Value":594},{"Length":84,"Height":94,"Demand":0,"DemandMax":1,"Value":23688},{"Length":55,"Height":55,"Demand":0,"DemandMax":1,"Value":3025},{"Length":42,"Height":25,"Demand":0,"DemandMax":1,"Value":1050},{"Length":26,"Height":30,"Demand":0,"DemandMax":1,"Value":1560},{"Length":50,"Height":98,"Demand":0,"DemandMax":1,"Value":14700},{"Length":83,"Height":9,"Demand":0,"DemandMax":1,"Value":2241},{"Length":82,"Height":12,"Demand":0,"DemandMax":1,"Value":1968},{"Length":20,"Height":31,"Demand":0,"DemandMax":1,"Value":1860},{"Length":2,"Height":21,"Demand":0,"DemandMax":1,"Value":84},{"Length":9,"Height":40,"Demand":0,"DemandMax":1,"Value":720},{"Length":96,"Height":45,"Demand":0,"DemandMax":1,"Value":12960},{"Length":19,"Height":77,"Demand":0,"DemandMax":1,"Value":2926},{"Length":84,"Height":74,"Demand":0,"DemandMax":1,"Value":18648},{"Length":24,"Height":79,"Demand":0,"DemandMax":1,"Value":5688},{"Length":27,"Height":42,"Demand":0,"DemandMax":1,"Value":3402},{"Length":76,"Height":37,"Demand":0,"DemandMax":1,"Value":2812},{"Length":65,"Height":73,"Demand":0,"DemandMax":1,"Value":14235},{"Length":91,"Height":39,"Demand":0,"DemandMax":1,"Value":10647},{"Length":23,"Height":93,"Demand":0,"DemandMax":1,"Value":4278},{"Length":47,"Height":81,"Demand":0,"DemandMax":1,"Value":7614},{"Length":57,"Height":87,"Demand":0,"DemandMax":1,"Value":14877},{"Length":9,"Height":13,"Demand":0,"DemandMax":1,"Value":351},{"Length":17,"Height":89,"Demand":0,"DemandMax":1,"Value":4539},{"Length":87,"Height":20,"Demand":0,"DemandMax":1,"Value":1740},{"Length":24,"Height":22,"Demand":0,"DemandMax":1,"Value":1056},{"Length":26,"Height":45,"Demand":0,"DemandMax":1,"Value":1170},{"Length":25,"Height":91,"Demand":0,"DemandMax":1,"Value":2275},{"Length":78,"Height":37,"Demand":0,"DemandMax":1,"Value":8658},{"Length":5,"Height":41,"Demand":0,"DemandMax":1,"Value":615},{"Length":87,"Height":56,"Demand":0,"DemandMax":1,"Value":4872},{"Length":21,"Height":42,"Demand":0,"DemandMax":1,"Value":882},{"Length":86,"Height":37,"Demand":0,"DemandMax":1,"Value":6364},{"Length":21,"Height":94,"Demand":0,"DemandMax":1,"Value":1974},{"Length":23,"Height":19,"Demand":0,"DemandMax":1,"Value":437},{"Length":72,"Height":75,"Demand":0,"DemandMax":1,"Value":10800},{"Length":44,"Height":18,"Demand":0,"DemandMax":1,"Value":2376},{"Length":84,"Height":28,"Demand":0,"DemandMax":1,"Value":2352},{"Length":75,"Height":56,"Demand":0,"DemandMax":1,"Value":4200},{"Length":83,"Height":21,"Demand":0,"DemandMax":1,"Value":3486},{"Length":77,"Height":40,"Demand":0,"DemandMax":1,"Value":9240},{"Length":28,"Height":29,"Demand":0,"DemandMax":1,"Value":812},{"Length":55,"Height":70,"Demand":0,"DemandMax":1,"Value":11550},{"Length":28,"Height":45,"Demand":0,"DemandMax":1,"Value":2520},{"Length":14,"Height":25,"Demand":0,"DemandMax":1,"Value":1050},{"Length":48,"Height":33,"Demand":0,"DemandMax":1,"Value":3168},{"Length":88,"Height":5,"Demand":0,"DemandMax":1,"Value":880},{"Length":29,"Height":46,"Demand":0,"DemandMax":1,"Value":4002},{"Length":43,"Height":47,"Demand":0,"DemandMax":1,"Value":6063},{"Length":49,"Height":41,"Demand":0,"DemandMax":1,"Value":6027},{"Length":45,"Height":82,"Demand":0,"DemandMax":1,"Value":3690},{"Length":82,"Height":31,"Demand":0,"DemandMax":1,"Value":2542},{"Length":70,"Height":98,"Demand":0,"DemandMax":1,"Value":20580},{"Length":6,"Height":88,"Demand":0,"DemandMax":1,"Value":1584},{"Length":28,"Height":90,"Demand":0,"DemandMax":1,"Value":2520},{"Length":86,"Height":83,"Demand":0,"DemandMax":1,"Value":7138},{"Length":93,"Height":5,"Demand":0,"DemandMax":1,"Value":930},{"Length":31,"Height":78,"Demand":0,"DemandMax":1,"Value":7254},{"Length":88,"Height":9,"Demand":0,"DemandMax":1,"Value":792},{"Length":35,"Height":77,"Demand":0,"DemandMax":1,"Value":5390},{"Length":66,"Height":100,"Demand":0,"DemandMax":1,"Value":19800},{"Length":75,"Height":83,"Demand":0,"DemandMax":1,"Value":18675},{"Length":38,"Height":47,"Demand":0,"DemandMax":1,"Value":1786},{"Length":46,"Height":2,"Demand":0,"DemandMax":1,"Value":184},{"Length":57,"Height":79,"Demand":0,"DemandMax":1,"Value":13509},{"Length":39,"Height":98,"Demand":0,"DemandMax":1,"Value":11466},{"Length":46,"Height":76,"Demand":0,"DemandMax":1,"Value":10488},{"Length":86,"Height":31,"Demand":0,"DemandMax":1,"Value":2666},{"Length":11,"Height":33,"Demand":0,"DemandMax":1,"Value":363},{"Length":92,"Height":35,"Demand":0,"DemandMax":1,"Value":3220},{"Length":36,"Height":35,"Demand":0,"DemandMax":1,"Value":2520},{"Length":18,"Height":15,"Demand":0,"DemandMax":1,"Value":540},{"Length":59,"Height":66,"Demand":0,"DemandMax":1,"Value":7788},{"Length":16,"Height":95,"Demand":0,"DemandMax":1,"Value":1520},{"Length":66,"Height":84,"Demand":0,"DemandMax":1,"Value":5544},{"Length":47,"Height":39,"Demand":0,"DemandMax":1,"Value":1833},{"Length":34,"Height":39,"Demand":0,"DemandMax":1,"Value":2652},{"Length":98,"Height":39,"Demand":0,"DemandMax":1,"Value":7644},{"Length":93,"Height":32,"Demand":0,"DemandMax":1,"Value":8928},{"Length":65,"Height":70,"Demand":0,"DemandMax":1,"Value":13650},{"Length":27,"Height":95,"Demand":0,"DemandMax":1,"Value":7695},{"Length":7,"Height":79,"Demand":0,"DemandMax":1,"Value":1659},{"Length":2,"Height":3,"Demand":0,"DemandMax":1,"Value":6},{"Length":10,"Height":5,"Demand":0,"DemandMax":1,"Value":50},{"Length":100,"Height":29,"Demand":0,"DemandMax":1,"Value":8700},{"Length":91,"Height":60,"Demand":0,"DemandMax":1,"Value":10920},{"Length":23,"Height":6,"Demand":0,"DemandMax":1,"Value":414},{"Length":94,"Height":20,"Demand":0,"DemandMax":1,"Value":5640},{"Length":18,"Height":46,"Demand":0,"DemandMax":1,"Value":828},{"Length":42,"Height":25,"Demand":0,"DemandMax":1,"Value":2100},{"Length":45,"Height":76,"Demand":0,"DemandMax":1,"Value":3420},{"Length":5,"Height":33,"Demand":0,"DemandMax":1,"Value":165},{"Length":76,"Height":29,"Demand":0,"DemandMax":1,"Value":6612},{"Length":99,"Height":48,"Demand":0,"DemandMax":1,"Value":4752},{"Length":49,"Height":15,"Demand":0,"DemandMax":1,"Value":1470},{"Length":43,"Height":21,"Demand":0,"DemandMax":1,"Value":2709},{"Length":32,"Height":92,"Demand":0,"DemandMax":1,"Value":2944},{"Length":58,"Height":64,"Demand":0,"DemandMax":1,"Value":3712},{"Length":53,"Height":58,"Demand":0,"DemandMax":1,"Value":9222},{"Length":34,"Height":82,"Demand":0,"DemandMax":1,"Value":5576},{"Length":80,"Height":42,"Demand":0,"DemandMax":1,"Value":10080},{"Length":79,"Height":30,"Demand":0,"DemandMax":1,"Value":4740},{"Length":30,"Height":27,"Demand":0,"DemandMax":1,"Value":1620},{"Length":70,"Height":95,"Demand":0,"DemandMax":1,"Value":6650},{"Length":30,"Height":50,"Demand":0,"DemandMax":1,"Value":1500},{"Length":15,"Height":42,"Demand":0,"DemandMax":1,"Value":1890},{"Length":98,"Height":22,"Demand":0,"DemandMax":1,"Value":2156},{"Length":51,"Height":98,"Demand":0,"DemandMax":1,"Value":9996},{"Length":4,"Height":33,"Demand":0,"DemandMax":1,"Value":132},{"Length":2,"Height":13,"Demand":0,"DemandMax":1,"Value":78},{"Length":79,"Height":25,"Demand":0,"DemandMax":1,"Value":1975},{"Length":32,"Height":19,"Demand":0,"DemandMax":1,"Value":1824},{"Length":15,"Height":31,"Demand":0,"DemandMax":1,"Value":1395},{"Length":16,"Height":84,"Demand":0,"DemandMax":1,"Value":2688},{"Length":99,"Height":15,"Demand":0,"DemandMax":1,"Value":2970},{"Length":35,"Height":5,"Demand":0,"DemandMax":1,"Value":175},{"Length":66,"Height":64,"Demand":0,"DemandMax":1,"Value":4224},{"Length":11,"Height":89,"Demand":0,"DemandMax":1,"Value":979},{"Length":77,"Height":21,"Demand":0,"DemandMax":1,"Value":4851},{"Length":18,"Height":17,"Demand":0,"DemandMax":1,"Value":306},{"Length":25,"Height":89,"Demand":0,"DemandMax":1,"Value":2225},{"Length":10,"Height":99,"Demand":0,"DemandMax":1,"Value":1980},{"Length":79,"Height":3,"Demand":0,"DemandMax":1,"Value":474},{"Length":32,"Height":15,"Demand":0,"DemandMax":1,"Value":960},{"Length":91,"Height":73,"Demand":0,"DemandMax":1,"Value":13286},{"Length":21,"Height":22,"Demand":0,"DemandMax":1,"Value":1386},{"Length":24,"Height":40,"Demand":0,"DemandMax":1,"Value":960},{"Length":16,"Height":7,"Demand":0,"DemandMax":1,"Value":336},{"Length":7,"Height":27,"Demand":0,"DemandMax":1,"Value":567},{"Length":41,"Height":2,"Demand":0,"DemandMax":1,"Value":82},{"Length":96,"Height":22,"Demand":0,"DemandMax":1,"Value":4224},{"Length":16,"Height":42,"Demand":0,"DemandMax":1,"Value":1344},{"Length":24,"Height":3,"Demand":0,"DemandMax":1,"Value":216},{"Length":41,"Height":9,"Demand":0,"DemandMax":1,"Value":1107},{"Length":78,"Height":21,"Demand":0,"DemandMax":1,"Value":4914},{"Length":22,"Height":20,"Demand":0,"DemandMax":1,"Value":880},{"Length":74,"Height":81,"Demand":0,"DemandMax":1,"Value":17982},{"Length":25,"Height":34,"Demand":0,"DemandMax":1,"Value":2550},{"Length":33,"Height":79,"Demand":0,"DemandMax":1,"Value":2607},{"Length":43,"Height":14,"Demand":0,"DemandMax":1,"Value":1806},{"Length":2,"Height":35,"Demand":0,"DemandMax":1,"Value":210},{"Length":34,"Height":28,"Demand":0,"DemandMax":1,"Value":952},{"Length":16,"Height":89,"Demand":0,"DemandMax":1,"Value":2848},{"Length":43,"Height":35,"Demand":0,"DemandMax":1,"Value":3010},{"Length":46,"Height":81,"Demand":0,"DemandMax":1,"Value":3726},{"Length":28,"Height":26,"Demand":0,"DemandMax":1,"Value":2184},{"Length":62,"Height":55,"Demand":0,"DemandMax":1,"Value":3410},{"Length":13,"Height":84,"Demand":0,"DemandMax":1,"Value":2184},{"Length":32,"Height":93,"Demand":0,"DemandMax":1,"Value":2976},{"Length":50,"Height":34,"Demand":0,"DemandMax":1,"Value":5100},{"Length":64,"Height":61,"Demand":0,"DemandMax":1,"Value":11712},{"Length":81,"Height":35,"Demand":0,"DemandMax":1,"Value":8505},{"Length":82,"Height":81,"Demand":0,"DemandMax":1,"Value":19926},{"Length":78,"Height":32,"Demand":0,"DemandMax":1,"Value":4992},{"Length":100,"Height":72,"Demand":0,"DemandMax":1,"Value":21600},{"Length":80,"Height":77,"Demand":0,"DemandMax":1,"Value":18480},{"Length":57,"Height":84,"Demand":0,"DemandMax":1,"Value":4788},{"Length":20,"Height":34,"Demand":0,"DemandMax":1,"Value":680},{"Length":85,"Height":94,"Demand":0,"DemandMax":1,"Value":7990},{"Length":41,"Height":19,"Demand":0,"DemandMax":1,"Value":779},{"Length":51,"Height":53,"Demand":0,"DemandMax":1,"Value":8109},{"Length":87,"Height":26,"Demand":0,"DemandMax":1,"Value":6786},{"Length":58,"Height":99,"Demand":0,"DemandMax":1,"Value":5742},{"Length":81,"Height":65,"Demand":0,"DemandMax":1,"Value":10530},{"Length":2,"Height":31,"Demand":0,"DemandMax":1,"Value":186},{"Length":31,"Height":7,"Demand":0,"DemandMax":1,"Value":434},{"Length":13,"Height":25,"Demand":0,"DemandMax":1,"Value":325},{"Length":23,"Height":46,"Demand":0,"DemandMax":1,"Value":1058},{"Length":4,"Height":44,"Demand":0,"DemandMax":1,"Value":528},{"Length":81,"Height":99,"Demand":0,"DemandMax":1,"Value":16038},{"Length":95,"Height":38,"Demand":0,"DemandMax":1,"Value":3610},{"Length":48,"Height":80,"Demand":0,"DemandMax":1,"Value":3840},{"Length":46,"Height":92,"Demand":0,"DemandMax":1,"Value":4232},{"Length":89,"Height":51,"Demand":0,"DemandMax":1,"Value":4539},{"Length":37,"Height":7,"Demand":0,"DemandMax":1,"Value":777},{"Length":30,"Height":5,"Demand":0,"DemandMax":1,"Value":450},{"Length":4,"Height":32,"Demand":0,"DemandMax":1,"Value":256},{"Length":43,"Height":92,"Demand":0,"DemandMax":1,"Value":3956},{"Length":85,"Height":65,"Demand":0,"DemandMax":1,"Value":16575},{"Length":76,"Height":24,"Demand":0,"DemandMax":1,"Value":3648},{"Length":89,"Height":57,"Demand":0,"DemandMax":1,"Value":15219},{"Length":99,"Height":46,"Demand":0,"DemandMax":2,"Value":13662},{"Length":83,"Height":87,"Demand":0,"DemandMax":1,"Value":7221},{"Length":64,"Height":69,"Demand":0,"DemandMax":1,"Value":4416},{"Length":12,"Height":17,"Demand":0,"DemandMax":1,"Value":612},{"Length":21,"Height":5,"Demand":0,"DemandMax":1,"Value":315},{"Length":77,"Height":88,"Demand":0,"DemandMax":1,"Value":20328},{"Length":78,"Height":23,"Demand":0,"DemandMax":1,"Value":5382},{"Length":7,"Height":23,"Demand":0,"DemandMax":1,"Value":483},{"Length":31,"Height":96,"Demand":0,"DemandMax":1,"Value":2976},{"Length":20,"Height":45,"Demand":0,"DemandMax":1,"Value":2700},{"Length":95,"Height":35,"Demand":0,"DemandMax":1,"Value":3325},{"Length":93,"Height":26,"Demand":0,"DemandMax":1,"Value":7254},{"Length":38,"Height":29,"Demand":0,"DemandMax":1,"Value":1102},{"Length":21,"Height":90,"Demand":0,"DemandMax":1,"Value":5670},{"Length":49,"Height":5,"Demand":0,"DemandMax":1,"Value":490},{"Length":14,"Height":98,"Demand":0,"DemandMax":1,"Value":4116},{"Length":49,"Height":11,"Demand":0,"DemandMax":1,"Value":1078},{"Length":12,"Height":76,"Demand":0,"DemandMax":1,"Value":2736},{"Length":78,"Height":44,"Demand":0,"DemandMax":1,"Value":6864},{"Length":21,"Height":27,"Demand":0,"DemandMax":1,"Value":567},{"Length":32,"Height":2,"Demand":0,"DemandMax":1,"Value":192},{"Length":65,"Height":95,"Demand":0,"DemandMax":1,"Value":18525},{"Length":35,"Height":33,"Demand":0,"DemandMax":1,"Value":3465},{"Length":94,"Height":55,"Demand":0,"DemandMax":1,"Value":10340},{"Length":96,"Height":88,"Demand":0,"DemandMax":1,"Value":16896},{"Length":94,"Height":76,"Demand":0,"DemandMax":1,"Value":14288},{"Length":32,"Height":31,"Demand":0,"DemandMax":1,"Value":1984},{"Length":33,"Height":18,"Demand":0,"DemandMax":1,"Value":594},{"Length":39,"Height":99,"Demand":0,"DemandMax":1,"Value":3861},{"Length":44,"Height":29,"Demand":0,"DemandMax":1,"Value":3828},{"Length":5,"Height":27,"Demand":0,"DemandMax":1,"Value":270},{"Length":99,"Height":47,"Demand":0,"DemandMax":1,"Value":9306},{"Length":15,"Height":79,"Demand":0,"DemandMax":1,"Value":1185},{"Length":46,"Height":100,"Demand":0,"DemandMax":1,"Value":13800},{"Length":96,"Height":34,"Demand":0,"DemandMax":1,"Value":6528},{"Length":9,"Height":18,"Demand":0,"DemandMax":1,"Value":486},{"Length":35,"Height":42,"Demand":0,"DemandMax":1,"Value":4410},{"Length":10,"Height":37,"Demand":0,"DemandMax":1,"Value":740},{"Length":24,"Height":6,"Demand":0,"DemandMax":1,"Value":144},{"Length":96,"Height":24,"Demand":0,"DemandMax":1,"Value":4608},{"Length":21,"Height":78,"Demand":0,"DemandMax":1,"Value":3276},{"Length":28,"Height":97,"Demand":0,"DemandMax":1,"Value":8148},{"Length":23,"Height":20,"Demand":0,"DemandMax":1,"Value":920},{"Length":22,"Height":84,"Demand":0,"DemandMax":1,"Value":5544},{"Length":21,"Height":13,"Demand":0,"DemandMax":1,"Value":819},{"Length":82,"Height":6,"Demand":0,"DemandMax":1,"Value":1476},{"Length":25,"Height":79,"Demand":0,"DemandMax":1,"Value":5925},{"Length":12,"Height":5,"Demand":0,"DemandMax":1,"Value":120},{"Length":3,"Height":21,"Demand":0,"DemandMax":1,"Value":63},{"Length":40,"Height":48,"Demand":0,"DemandMax":1,"Value":5760},{"Length":42,"Height":19,"Demand":0,"DemandMax":1,"Value":2394},{"Length":39,"Height":91,"Demand":0,"DemandMax":1,"Value":3549},{"Length":94,"Height":26,"Demand":0,"DemandMax":1,"Value":4888},{"Length":18,"Height":39,"Demand":0,"DemandMax":1,"Value":2106},{"Length":26,"Height":25,"Demand":0,"DemandMax":1,"Value":650},{"Length":59,"Height":86,"Demand":0,"DemandMax":1,"Value":10148},{"Length":81,"Height":92,"Demand":0,"DemandMax":1,"Value":14904},{"Length":65,"Height":62,"Demand":0,"DemandMax":1,"Value":8060},{"Length":79,"Height":8,"Demand":0,"DemandMax":1,"Value":632},{"Length":76,"Height":21,"Demand":0,"DemandMax":1,"Value":4788},{"Length":16,"Height":86,"Demand":0,"DemandMax":1,"Value":1376},{"Length":3,"Height":100,"Demand":0,"DemandMax":1,"Value":600},{"Length":44,"Height":100,"Demand":0,"DemandMax":1,"Value":8800},{"Length":83,"Height":27,"Demand":0,"DemandMax":1,"Value":2241},{"Length":97,"Height":76,"Demand":0,"DemandMax":1,"Value":7372},{"Length":2,"Height":99,"Demand":0,"DemandMax":1,"Value":198},{"Length":57,"Height":93,"Demand":0,"DemandMax":1,"Value":10602},{"Length":14,"Height":5,"Demand":0,"DemandMax":1,"Value":70},{"Length":94,"Height":46,"Demand":0,"DemandMax":1,"Value":8648},{"Length":84,"Height":37,"Demand":0,"DemandMax":1,"Value":3108},{"Length":18,"Height":84,"Demand":0,"DemandMax":1,"Value":4536},{"Length":9,"Height":36,"Demand":0,"DemandMax":1,"Value":324},{"Length":10,"Height":21,"Demand":0,"DemandMax":1,"Value":630},{"Length":44,"Height":40,"Demand":0,"DemandMax":1,"Value":3520},{"Length":82,"Height":48,"Demand":0,"DemandMax":1,"Value":11808},{"Length":58,"Height":62,"Demand":0,"DemandMax":1,"Value":10788},{"Length":79,"Height":84,"Demand":0,"DemandMax":1,"Value":13272},{"Length":83,"Height":38,"Demand":0,"DemandMax":1,"Value":3154},{"Length":97,"Height":15,"Demand":0,"DemandMax":1,"Value":2910},{"Length":4,"Height":35,"Demand":0,"DemandMax":1,"Value":280},{"Length":2,"Height":86,"Demand":0,"DemandMax":1,"Value":344},{"Length":100,"Height":4,"Demand":0,"DemandMax":1,"Value":800},{"Length":72,"Height":94,"Demand":0,"DemandMax":1,"Value":6768},{"Length":82,"Height":65,"Demand":0,"DemandMax":1,"Value":10660},{"Length":18,"Height":19,"Demand":0,"DemandMax":1,"Value":684},{"Length":30,"Height":41,"Demand":0,"DemandMax":1,"Value":3690},{"Length":5,"Height":80,"Demand":0,"DemandMax":1,"Value":800},{"Length":72,"Height":100,"Demand":0,"DemandMax":1,"Value":14400},{"Length":25,"Height":7,"Demand":0,"DemandMax":1,"Value":525},{"Length":37,"Height":25,"Demand":0,"DemandMax":1,"Value":1850},{"Length":35,"Height":5,"Demand":0,"DemandMax":1,"Value":525},{"Length":98,"Height":9,"Demand":0,"DemandMax":1,"Value":2646},{"Length":84,"Height":11,"Demand":0,"DemandMax":1,"Value":1848},{"Length":14,"Height":95,"Demand":0,"DemandMax":1,"Value":2660},{"Length":79,"Height":46,"Demand":0,"DemandMax":1,"Value":7268},{"Length":37,"Height":85,"Demand":0,"DemandMax":1,"Value":3145},{"Length":73,"Height":78,"Demand":0,"DemandMax":1,"Value":17082},{"Length":33,"Height":23,"Demand":0,"DemandMax":1,"Value":759},{"Length":20,"Height":25,"Demand":0,"DemandMax":1,"Value":500},{"Length":44,"Height":11,"Demand":0,"DemandMax":1,"Value":1452},{"Length":99,"Height":38,"Demand":0,"DemandMax":1,"Value":7524},{"Length":36,"Height":23,"Demand":0,"DemandMax":1,"Value":828},{"Length":64,"Height":96,"Demand":0,"DemandMax":2,"Value":12288},{"Length":12,"Height":32,"Demand":0,"DemandMax":1,"Value":1152},{"Length":20,"Height":30,"Demand":0,"DemandMax":1,"Value":1200},{"Length":96,"Height":65,"Demand":0,"DemandMax":1,"Value":6240},{"Length":99,"Height":66,"Demand":0,"DemandMax":1,"Value":19602},{"Length":4,"Height":21,"Demand":0,"DemandMax":1,"Value":168},{"Length":42,"Height":24,"Demand":0,"DemandMax":1,"Value":3024},{"Length":24,"Height":5,"Demand":0,"DemandMax":1,"Value":360},{"Length":20,"Height":6,"Demand":0,"DemandMax":1,"Value":240},{"Length":86,"Height":72,"Demand":0,"DemandMax":1,"Value":18576},{"Length":8,"Height":18,"Demand":0,"DemandMax":1,"Value":144},{"Length":15,"Height":92,"Demand":0,"DemandMax":1,"Value":1380},{"Length":31,"Height":25,"Demand":0,"DemandMax":1,"Value":2325},{"Length":97,"Height":17,"Demand":0,"DemandMax":1,"Value":1649},{"Length":36,"Height":89,"Demand":0,"DemandMax":1,"Value":6408},{"Length":19,"Height":38,"Demand":0,"DemandMax":1,"Value":2166},{"Length":44,"Height":22,"Demand":0,"DemandMax":1,"Value":968},{"Length":99,"Height":100,"Demand":0,"DemandMax":1,"Value":19800},{"Length":18,"Height":35,"Demand":0,"DemandMax":1,"Value":630},{"Length":92,"Height":44,"Demand":0,"DemandMax":1,"Value":4048},{"Length":35,"Height":94,"Demand":0,"DemandMax":1,"Value":6580},{"Length":30,"Height":81,"Demand":0,"DemandMax":1,"Value":7290},{"Length":11,"Height":24,"Demand":0,"DemandMax":1,"Value":792},{"Length":45,"Height":79,"Demand":0,"DemandMax":1,"Value":10665},{"Length":37,"Height":89,"Demand":0,"DemandMax":1,"Value":3293},{"Length":67,"Height":82,"Demand":0,"DemandMax":1,"Value":10988},{"Length":50,"Height":79,"Demand":0,"DemandMax":1,"Value":3950},{"Length":44,"Height":41,"Demand":0,"DemandMax":1,"Value":5412},{"Length":74,"Height":86,"Demand":0,"DemandMax":1,"Value":19092},{"Length":79,"Height":81,"Demand":0,"DemandMax":1,"Value":12798},{"Length":48,"Height":42,"Demand":0,"DemandMax":1,"Value":6048},{"Length":86,"Height":19,"Demand":0,"DemandMax":1,"Value":3268},{"Length":10,"Height":84,"Demand":0,"DemandMax":1,"Value":1680},{"Length":26,"Height":89,"Demand":0,"DemandMax":1,"Value":4628},{"Length":42,"Height":79,"Demand":0,"DemandMax":1,"Value":6636},{"Length":44,"Height":79,"Demand":0,"DemandMax":1,"Value":10428},{"Length":90,"Height":34,"Demand":0,"DemandMax":1,"Value":9180},{"Length":26,"Height":76,"Demand":0,"DemandMax":1,"Value":1976},{"Length":14,"Height":17,"Demand":0,"DemandMax":1,"Value":476},{"Length":87,"Height":35,"Demand":0,"DemandMax":1,"Value":9135},{"Length":71,"Height":74,"Demand":0,"DemandMax":1,"Value":5254},{"Length":31,"Height":6,"Demand":0,"DemandMax":1,"Value":372},{"Length":21,"Height":32,"Demand":0,"DemandMax":1,"Value":672},{"Length":98,"Height":36,"Demand":0,"DemandMax":1,"Value":3528},{"Length":8,"Height":95,"Demand":0,"DemandMax":1,"Value":1520},{"Length":50,"Height":20,"Demand":0,"DemandMax":1,"Value":2000},{"Length":50,"Height":23,"Demand":0,"DemandMax":1,"Value":1150},{"Length":64,"Height":56,"Demand":0,"DemandMax":1,"Value":7168}]}