{"Name":"ngcutfs1_126","Objects":[{"Length":100,"Height":100,"Stock":null,"Cost":10000}],"Items":[{"Length":24,"Height":6,"Demand":0,"DemandMax":1,"Value":432},{"Length":89,"Height":39,"Demand":0,"DemandMax":1,"Value":3471},{"Length":4,"Height":17,"Demand":0,"DemandMax":1,"Value":68},{"Length":41,"Height":11,"Demand":0,"DemandMax":1,"Value":902},{"Length":6,"Height":25,"Demand":0,"DemandMax":1,"Value":450},{"Length":16,"Height":39,"Demand":0,"DemandMax":1,"Value":624},{"Length":27,"Height":17,"Demand":0,"DemandMax":1,"Value":1377},{"Length":32,"Height":77,"Demand":0,"DemandMax":1,"Value":2464},{"Length":38,"Height":6,"Demand":0,"DemandMax":1,"Value":684},{"Length":20,"Height":77,"Demand":0,"DemandMax":1,"Value":1540},{"Length":85,"Height":19,"Demand":0,"DemandMax":1,"Value":1615},{"Length":85,"Height":73,"Demand":0,"DemandMax":1,"Value":18615},{"Length":55,"Height":75,"Demand":0,"DemandMax":1,"Value":8250},{"Length":81,"Height":48,"Demand":0,"DemandMax":1,"Value":7776},{"Length":18,"Height":94,"Demand":0,"DemandMax":1,"Value":1692},{"Length":43,"Height":31,"Demand":0,"DemandMax":1,"Value":2666},{"Length":49,"Height":83,"Demand":0,"DemandMax":1,"Value":8134},{"Length":91,"Height":25,"Demand":0,"DemandMax":1,"Value":2275},{"Length":39,"Height":25,"Demand":0,"DemandMax":1,"Value":2925},{"Length":3,"Height":36,"Demand":0,"DemandMax":1,"Value":216},{"Length":13,"Height":2,"Demand":0,"DemandMax":1,"Value":26},{"Length":52,"Height":58,"Demand":0,"DemandMax":1,"Value":6032},{"Length":49,"Height":97,"Demand":0,"DemandMax":1,"Value":9506},{"Length":79,"Height":21,"Demand":0,"DemandMax":1,"Value":4977},{"Length":27,"Height":85,"Demand":0,"DemandMax":1,"Value":4590},{"Length":86,"Height":38,"Demand":0,"DemandMax":1,"Value":6536},{"Length":2,"Height":40,"Demand":0,"DemandMax":1,"Value":160},{"Length":71,"Height":91,"Demand":0,"DemandMax":1,"Value":19383},{"Length":11,"Height":87,"Demand":0,"DemandMax":1,"Value":957},{"Length":39,"Height":29,"Demand":0,"DemandMax":1,"Value":2262},{"Length":46,"Height":84,"Demand":0,"DemandMax":1,"Value":11592},{"Length":39,"Height":2,"Demand":0,"DemandMax":1,"Value":156},{"Length":91,"Height":95,"Demand":0,"DemandMax":1,"Value":25935},{"Length":84,"Height":7,"Demand":0,"DemandMax":1,"Value":588},{"Length":96,"Height":60,"Demand":0,"DemandMax":1,"Value":5760},{"Length":43,"Height":76,"Demand":0,"DemandMax":1,"Value":6536},{"Length":80,"Height":86,"Demand":0,"DemandMax":1,"Value":20640},{"Length":50,"Height":98,"Demand":0,"DemandMax":1,"Value":14700},{"Length":62,"Height":98,"Demand":0,"DemandMax":1,"Value":6076},{"Length":42,"Height":26,"Demand":0,"DemandMax":1,"Value":2184},{"Length":8,"Height":90,"Demand":0,"DemandMax":1,"Value":2160},{"Length":80,"Height":31,"Demand":0,"DemandMax":1,"Value":2480},{"Length":4,"Height":97,"Demand":0,"DemandMax":1,"Value":388},{"Length":87,"Height":9,"Demand":0,"DemandMax":1,"Value":2349},{"Length":49,"Height":21,"Demand":0,"DemandMax":1,"Value":1029},{"Length":20,"Height":40,"Demand":0,"DemandMax":1,"Value":2400},{"Length":6,"Height":97,"Demand":0,"DemandMax":1,"Value":582},{"Length":21,"Height":100,"Demand":0,"DemandMax":1,"Value":2100},{"Length":23,"Height":79,"Demand":0,"DemandMax":1,"Value":1817},{"Length":90,"Height":25,"Demand":0,"DemandMax":1,"Value":6750},{"Length":49,"Height":34,"Demand":0,"DemandMax":1,"Value":4998},{"Length":38,"Height":9,"Demand":0,"DemandMax":1,"Value":1026},{"Length":22,"Height":25,"Demand":0,"DemandMax":1,"Value":550},{"Length":87,"Height":15,"Demand":0,"DemandMax":1,"Value":2610},{"Length":75,"Height":69,"Demand":0,"DemandMax":1,"Value":10350},{"Length":89,"Height":9,"Demand":0,"DemandMax":1,"Value":1602},{"Length":37,"Height":23,"Demand":0,"DemandMax":1,"Value":1702},{"Length":61,"Height":78,"Demand":0,"DemandMax":1,"Value":9516},{"Length":53,"Height":88,"Demand":0,"DemandMax":1,"Value":9328},{"Length":93,"Height":25,"Demand":0,"DemandMax":1,"Value":6975},{"Length":40,"Height":31,"Demand":0,"DemandMax":1,"Value":3720},{"Length":10,"Height":78,"Demand":0,"DemandMax":1,"Value":780},{"Length":95,"Height":15,"Demand":0,"DemandMax":1,"Value":2850},{"Length":49,"Height":37,"Demand":0,"DemandMax":1,"Value":1813},{"Length":8,"Height":98,"Demand":0,"DemandMax":1,"Value":1568},{"Length":35,"Height":40,"Demand":0,"DemandMax":1,"Value":2800},{"Length":97,"Height":34,"Demand":0,"DemandMax":1,"Value":6596},{"Length":14,"Height":44,"Demand":0,"DemandMax":1,"Value":616},{"Length":10,"Height":12,"Demand":0,"DemandMax":1,"Value":240},{"Length":34,"Height":33,"Demand":0,"DemandMax":1,"Value":3366},{"Length":88,"Height":11,"Demand":0,"DemandMax":1,"Value":1936},{"Length":90,"Height":8,"Demand":0,"DemandMax":1,"Value":2160},{"Length":70,"Height":61,"Demand":0,"DemandMax":1,"Value":12810},{"Length":69,"Height":57,"Demand":0,"DemandMax":1,"Value":7866},{"Length":45,"Height":80,"Demand":0,"DemandMax":1,"Value":7200},{"Length":30,"Height":83,"Demand":0,"DemandMax":1,"Value":2490},{"Length":78,"Height":70,"Demand":0,"DemandMax":1,"Value":16380},{"Length":46,"Height":19,"Demand":0,"DemandMax":1,"Value":1748},{"Length":20,"Height":13,"Demand":0,"DemandMax":2,"Value":520},{"Length":43,"Height":31,"Demand":0,"DemandMax":1,"Value":1333},{"Length":64,"Height":70,"Demand":0,"DemandMax":1,"Value":13440},{"Length":50,"Height":49,"Demand":0,"DemandMax":1,"Value":7350},{"Length":83,"Height":14,"Demand":0,"DemandMax":1,"Value":3486},{"Length":76,"Height":45,"Demand":0,"DemandMax":1,"Value":6840},{"Length":14,"Height":10,"Demand":0,"DemandMax":1,"Value":140},{"Length":17,"Height":86,"Demand":0,"DemandMax":1,"Value":4386},{"Length":8,"Height":18,"Demand":0,"DemandMax":1,"Value":144},{"Length":45,"Height":16,"Demand":0,"DemandMax":1,"Value":1440},{"Length":25,"Height":76,"Demand":0,"DemandMax":1,"Value":1900},{"Length":22,"Height":3,"Demand":0,"DemandMax":1,"Value":132},{"Length":82,"Height":26,"Demand":0,"DemandMax":1,"Value":6396},{"Length":77,"Height":25,"Demand":0,"DemandMax":1,"Value":3850},{"Length":51,"Height":87,"Demand":0,"DemandMax":1,"Value":4437},{"Length":86,"Height":61,"Demand":0,"DemandMax":1,"Value":10492},{"Length":38,"Height":19,"Demand":0,"DemandMax":1,"Value":2166},{"Length":82,"Height":25,"Demand":0,"DemandMax":1,"Value":4100},{"Length":88,"Height":11,"Demand":0,"DemandMax":1,"Value":968},{"Length":30,"Height":45,"Demand":0,"DemandMax":1,"Value":1350},{"Length":30,"Height":80,"Demand":0,"DemandMax":1,"Value":7200},{"Length":19,"Height":30,"Demand":0,"DemandMax":1,"Value":1140},{"Length":65,"Height":67,"Demand":0,"DemandMax":1,"Value":8710},{"Length":32,"Height":83,"Demand":0,"DemandMax":1,"Value":5312},{"Length":10,"Height":30,"Demand":0,"DemandMax":1,"Value":300},{"Length":25,"Height":86,"Demand":0,"DemandMax":1,"Value":4300},{"Length":2,"Height":35,"Demand":0,"DemandMax":1,"Value":140},{"Length":21,"Height":6,"Demand":0,"DemandMax":1,"Value":252},{"Length":49,"Height":48,"Demand":0,"DemandMax":1,"Value":7056},{"Length":36,"Height":24,"Demand":0,"DemandMax":1,"Value":2592},{"Length":46,"Height":8,"Demand":0,"DemandMax":1,"Value":368},{"Length":82,"Height":77,"Demand":0,"DemandMax":1,"Value":12628},{"Length":15,"Height":76,"Demand":0,"DemandMax":1,"Value":2280},{"Length":82,"Height":28,"Demand":0,"DemandMax":1,"Value":6888},{"Length":40,"Height":47,"Demand":0,"DemandMax":1,"Value":3760},{"Length":45,"Height":34,"Demand":0,"DemandMax":1,"Value":3060},{"Length":67,"Height":94,"Demand":0,"DemandMax":1,"Value":18894},{"Length":35,"Height":21,"Demand":0,"DemandMax":1,"Value":2205},{"Length":48,"Height":81,"Demand":0,"DemandMax":1,"Value":7776},{"Length":43,"Height":41,"Demand":0,"DemandMax":1,"Value":5289},{"Length":21,"Height":93,"Demand":0,"DemandMax":1,"Value":3906},{"Length":28,"Height":48,"Demand":0,"DemandMax":1,"Value":2688},{"Length":43,"Height":28,"Demand":0,"DemandMax":1,"Value":1204},{"Length":9,"Height":20,"Demand":0,"DemandMax":1,"Value":360},{"Length":90,"Height":21,"Demand":0,"DemandMax":1,"Value":5670},{"Length":11,"Height":36,"Demand":0,"DemandMax":1,"Value":792},{"Length":16,"Height":38,"Demand":0,"DemandMax":1,"Value":608},{"Length":2,"Height":48,"Demand":0,"DemandMax":1,"Value":288},{"Length":51,"Height":66,"Demand":0,"DemandMax":1,"Value":10098},{"Length":7,"Height":23,"Demand":0,"DemandMax":1,"Value":483},{"Length":24,"Height":3,"Demand":0,"DemandMax":1,"Value":216},{"Length":82,"Height":67,"Demand":0,"DemandMax":1,"Value":16482},{"Length":58,"Height":70,"Demand":0,"DemandMax":1,"Value":12180},{"Length":33,"Height":8,"Demand":0,"DemandMax":1,"Value":528},{"Length":80,"Height":64,"Demand":0,"DemandMax":1,"Value":5120},{"Length":24,"Height":25,"Demand":0,"DemandMax":1,"Value":1800},{"Length":3,"Height":4,"Demand":0,"DemandMax":1,"Value":12},{"Length":22,"Height":16,"Demand":0,"DemandMax":1,"Value":352},{"Length":45,"Height":89,"Demand":0,"DemandMax":1,"Value":12015},{"Length":96,"Height":86,"Demand":0,"DemandMax":1,"Value":8256},{"Length":49,"Height":11,"Demand":0,"DemandMax":1,"Value":539},{"Length":20,"Height":23,"Demand":0,"DemandMax":1,"Value":920},{"Length":34,"Height":24,"Demand":0,"DemandMax":1,"Value":816},{"Length":87,"Height":27,"Demand":0,"DemandMax":1,"Value":7047},{"Length":99,"Height":43,"Demand":0,"DemandMax":1,"Value":12771},{"Length":49,"Height":40,"Demand":0,"DemandMax":1,"Value":1960},{"Length":100,"Height":6,"Demand":0,"DemandMax":1,"Value":1800},{"Length":28,"Height":42,"Demand":0,"DemandMax":1,"Value":1176},{"Length":28,"Height":18,"Demand":0,"DemandMax":1,"Value":504},{"Length":47,"Height":90,"Demand":0,"DemandMax":1,"Value":8460},{"Length":25,"Height":38,"Demand":0,"DemandMax":1,"Value":2850},{"Length":85,"Height":40,"Demand":0,"DemandMax":1,"Value":3400},{"Length":42,"Height":2,"Demand":0,"DemandMax":1,"Value":84},{"Length":18,"Height":82,"Demand":0,"DemandMax":1,"Value":1476},{"Length":2,"Height":22,"Demand":0,"DemandMax":1,"Value":88},{"Length":33,"Height":44,"Demand":0,"DemandMax":1,"Value":2904},{"Length":4,"Height":84,"Demand":0,"DemandMax":1,"Value":672},{"Length":38,"Height":23,"Demand":0,"DemandMax":1,"Value":1748},{"Length":57,"Height":77,"Demand":0,"DemandMax":1,"Value":13167},{"Length":24,"Height":19,"Demand":0,"DemandMax":1,"Value":456},{"Length":91,"Height":52,"Demand":0,"DemandMax":1,"Value":9464},{"Length":7,"Height":4,"Demand":0,"DemandMax":1,"Value":28},{"Length":79,"Height":16,"Demand":0,"DemandMax":1,"Value":3792},{"Length":7,"Height":8,"Demand":0,"DemandMax":1,"Value":56},{"Length":30,"Height":14,"Demand":0,"DemandMax":1,"Value":1260},{"Length":99,"Height":35,"Demand":0,"DemandMax":1,"Value":6930},{"Length":32,"Height":99,"Demand":0,"DemandMax":1,"Value":9504},{"Length":11,"Height":39,"Demand":0,"DemandMax":1,"Value":1287},{"Length":32,"Height":83,"Demand":0,"DemandMax":1,"Value":7968},{"Length":44,"Height":17,"Demand":0,"DemandMax":1,"Value":748},{"Length":21,"Height":49,"Demand":0,"DemandMax":1,"Value":2058},{"Length":43,"Height":38,"Demand":0,"DemandMax":1,"Value":1634},{"Length":97,"Height":37,"Demand":0,"DemandMax":1,"Value":10767},{"Length":77,"Height":42,"Demand":0,"DemandMax":1,"Value":6468},{"Length":46,"Height":46,"Demand":0,"DemandMax":1,"Value":2116},{"Length":41,"Height":18,"Demand":0,"DemandMax":1,"Value":1476},{"Length":17,"Height":9,"Demand":0,"DemandMax":1,"Value":306},{"Length":23,"Height":98,"Demand":0,"DemandMax":1,"Value":6762},{"Length":90,"Height":75,"Demand":0,"DemandMax":1,"Value":13500},{"Length":90,"Height":20,"Demand":0,"DemandMax":1,"Value":1800},{"Length":2,"Height":24,"Demand":0,"DemandMax":1,"Value":96},{"Length":49,"Height":76,"Demand":0,"DemandMax":1,"Value":3724},{"Length":69,"Height":52,"Demand":0,"DemandMax":1,"Value":7176},{"Length":37,"Height":88,"Demand":0,"DemandMax":1,"Value":3256},{"Length":47,"Height":88,"Demand":0,"DemandMax":1,"Value":12408},{"Length":43,"Height":35,"Demand":0,"DemandMax":1,"Value":4515},{"Length":64,"Height":58,"Demand":0,"DemandMax":1,"Value":3712},{"Length":85,"Height":47,"Demand":0,"DemandMax":1,"Value":7990},{"Length":64,"Height":59,"Demand":0,"DemandMax":1,"Value":11328},{"Length":87,"Height":23,"Demand":0,"DemandMax":1,"Value":2001},{"Length":52,"Height":77,"Demand":0,"DemandMax":1,"Value":4004},{"Length":84,"Height":15,"Demand":0,"DemandMax":1,"Value":3780},{"Length":33,"Height":90,"Demand":0,"DemandMax":1,"Value":5940},{"Length":24,"Height":89,"Demand":0,"DemandMax":1,"Value":4272},{"Length":33,"Height":85,"Demand":0,"DemandMax":1,"Value":5610},{"Length":47,"Height":84,"Demand":0,"DemandMax":1,"Value":3948},{"Length":17,"Height":81,"Demand":0,"DemandMax":1,"Value":2754},{"Length":33,"Height":14,"Demand":0,"DemandMax":1,"Value":462},{"Length":100,"Height":39,"Demand":0,"DemandMax":1,"Value":7800},{"Length":16,"Height":49,"Demand":0,"DemandMax":1,"Value":2352},{"Length":12,"Height":8,"Demand":0,"DemandMax":1,"Value":96},{"Length":75,"Height":85,"Demand":0,"DemandMax":1,"Value":19125},{"Length":38,"Height":31,"Demand":0,"DemandMax":1,"Value":2356},{"Length":95,"Height":98,"Demand":0,"DemandMax":1,"Value":18620},{"Length":71,"Height":79,"Demand":0,"DemandMax":1,"Value":5609},{"Length":7,"Height":85,"Demand":0,"DemandMax":1,"Value":1785},{"Length":86,"Height":8,"Demand":0,"DemandMax":1,"Value":688},{"Length":7,"Height":14,"Demand":0,"DemandMax":1,"Value":98},{"Length":77,"Height":18,"Demand":0,"DemandMax":1,"Value":1386},{"Length":32,"Height":93,"Demand":0,"DemandMax":1,"Value":8928},{"Length":81,"Height":78,"Demand":0,"DemandMax":1,"Value":6318},{"Length":79,"Height":94,"Demand":0,"DemandMax":1,"Value":7426},{"Length":83,"Height":62,"Demand":0,"DemandMax":1,"Value":5146},{"Length":25,"Height":31,"Demand":0,"DemandMax":1,"Value":1550},{"Length":97,"Height":12,"Demand":0,"DemandMax":1,"Value":3492},{"Length":94,"Height":37,"Demand":0,"DemandMax":1,"Value":6956},{"Length":70,"Height":67,"Demand":0,"DemandMax":1,"Value":4690},{"Length":18,"Height":7,"Demand":0,"DemandMax":1,"Value":252},{"Length":20,"Height":4,"Demand":0,"DemandMax":1,"Value":80},{"Length":34,"Height":9,"Demand":0,"DemandMax":1,"Value":612},{"Length":76,"Height":48,"Demand":0,"DemandMax":1,"Value":7296},{"Length":29,"Height":79,"Demand":0,"DemandMax":1,"Value":2291},{"Length":18,"Height":33,"Demand":0,"DemandMax":1,"Value":1782},{"Length":8,"Height":49,"Demand":0,"DemandMax":1,"Value":392},{"Length":24,"Height":8,"Demand":0,"DemandMax":1,"Value":384},{"Length":79,"Height":3,"Demand":0,"DemandMax":1,"Value":474},{"Length":40,"Height":18,"Demand":0,"DemandMax":1,"Value":1440},{"Length":22,"Height":35,"Demand":0,"DemandMax":1,"Value":1540},{"Length":95,"Height":9,"Demand":0,"DemandMax":1,"Value":2565},{"Length":18,"Height":91,"Demand":0,"DemandMax":1,"Value":1638},{"Length":81,"Height":27,"Demand":0,"DemandMax":1,"Value":2187},{"Length":100,"Height":17,"Demand":0,"DemandMax":1,"Value":3400},{"Length":85,"Height":22,"Demand":0,"DemandMax":1,"Value":3740},{"Length":4,"Height":43,"Demand":0,"DemandMax":1,"Value":344},{"Length":81,"Height":89,"Demand":0,"DemandMax":1,"Value":7209},{"Length":16,"Height":21,"Demand":0,"DemandMax":1,"Value":672},{"Length":50,"Height":23,"Demand":0,"DemandMax":1,"Value":1150},{"Length":49,"Height":86,"Demand":0,"DemandMax":1,"Value":4214},{"Length":94,"Height":24,"Demand":0,"DemandMax":1,"Value":6768},{"Length":16,"Height":83,"Demand":0,"DemandMax":1,"Value":3984},{"Length":89,"Height":13,"Demand":0,"DemandMax":1,"Value":1157},{"Length":99,"Height":27,"Demand":0,"DemandMax":1,"Value":5346},{"Length":79,"Height":19,"Demand":0,"DemandMax":1,"Value":4503},{"Length":57,"Height":71,"Demand":0,"DemandMax":1,"Value":12141},{"Length":31,"Height":79,"Demand":0,"DemandMax":1,"Value":7347},{"Length":90,"Height":28,"Demand":0,"DemandMax":1,"Value":7560},{"Length":50,"Height":81,"Demand":0,"DemandMax":1,"Value":8100},{"Length":41,"Height":22,"Demand":0,"DemandMax":1,"Value":1804},{"Length":100,"Height":85,"Demand":0,"DemandMax":1,"Value":8500},{"Length":9,"Height":7,"Demand":0,"DemandMax":1,"Value":189},{"Length":8,"Height":84,"Demand":0,"DemandMax":1,"Value":1344}]}