{"Name":"ngcutfs3_84","Objects":[{"Length":100,"Height":100,"Stock":null,"Cost":10000}],"Items":[{"Length":4,"Height":18,"Demand":0,"DemandMax":4,"Value":216},{"Length":27,"Height":79,"Demand":0,"DemandMax":4,"Value":4266},{"Length":17,"Height":12,"Demand":0,"DemandMax":4,"Value":612},{"Length":95,"Height":32,"Demand":0,"DemandMax":4,"Value":3040},{"Length":42,"Height":78,"Demand":0,"DemandMax":4,"Value":6552},{"Length":3,"Height":10,"Demand":0,"DemandMax":4,"Value":60},{"Length":7,"Height":18,"Demand":0,"DemandMax":4,"Value":252},{"Length":44,"Height":46,"Demand":0,"DemandMax":4,"Value":4048},{"Length":50,"Height":36,"Demand":0,"DemandMax":4,"Value":3600},{"Length":19,"Height":29,"Demand":0,"DemandMax":4,"Value":1102},{"Length":29,"Height":3,"Demand":0,"DemandMax":4,"Value":87},{"Length":38,"Height":15,"Demand":0,"DemandMax":4,"Value":570},{"Length":42,"Height":10,"Demand":0,"DemandMax":4,"Value":840},{"Length":19,"Height":34,"Demand":0,"DemandMax":4,"Value":646},{"Length":18,"Height":86,"Demand":0,"DemandMax":4,"Value":3096},{"Length":45,"Height":20,"Demand":0,"DemandMax":4,"Value":1800},{"Length":2,"Height":30,"Demand":0,"DemandMax":4,"Value":60},{"Length":18,"Height":50,"Demand":0,"DemandMax":4,"Value":1800},{"Length":8,"Height":12,"Demand":0,"DemandMax":4,"Value":96},{"Length":45,"Height":14,"Demand":0,"DemandMax":4,"Value":630},{"Length":14,"Height":96,"Demand":0,"DemandMax":4,"Value":4032},{"Length":29,"Height":30,"Demand":0,"DemandMax":4,"Value":2610},{"Length":49,"Height":5,"Demand":0,"DemandMax":4,"Value":245},{"Length":9,"Height":91,"Demand":0,"DemandMax":4,"Value":1638},{"Length":27,"Height":13,"Demand":0,"DemandMax":4,"Value":702},{"Length":17,"Height":91,"Demand":0,"DemandMax":4,"Value":1547},{"Length":48,"Height":7,"Demand":0,"DemandMax":4,"Value":336},{"Length":50,"Height":42,"Demand":0,"DemandMax":4,"Value":4200},{"Length":45,"Height":82,"Demand":0,"DemandMax":4,"Value":11070},{"Length":30,"Height":21,"Demand":0,"DemandMax":4,"Value":1260},{"Length":31,"Height":27,"Demand":0,"DemandMax":4,"Value":2511},{"Length":18,"Height":23,"Demand":0,"DemandMax":4,"Value":828},{"Length":76,"Height":51,"Demand":0,"DemandMax":4,"Value":11628},{"Length":47,"Height":45,"Demand":0,"DemandMax":4,"Value":6345},{"Length":70,"Height":69,"Demand":0,"DemandMax":4,"Value":4830},{"Length":36,"Height":28,"Demand":0,"DemandMax":4,"Value":2016},{"Length":7,"Height":46,"Demand":0,"DemandMax":4,"Value":644},{"Length":23,"Height":12,"Demand":0,"DemandMax":4,"Value":276},{"Length":34,"Height":13,"Demand":0,"DemandMax":4,"Value":884},{"Length":98,"Height":37,"Demand":0,"DemandMax":4,"Value":3626},{"Length":33,"Height":19,"Demand":0,"DemandMax":4,"Value":1881},{"Length":16,"Height":29,"Demand":0,"DemandMax":4,"Value":464},{"Length":21,"Height":7,"Demand":0,"DemandMax":4,"Value":441},{"Length":36,"Height":23,"Demand":0,"DemandMax":4,"Value":2484},{"Length":84,"Height":3,"Demand":0,"DemandMax":4,"Value":252},{"Length":43,"Height":33,"Demand":0,"DemandMax":4,"Value":4257},{"Length":29,"Height":26,"Demand":0,"DemandMax":4,"Value":754},{"Length":35,"Height":20,"Demand":0,"DemandMax":4,"Value":2100},{"Length":84,"Height":16,"Demand":0,"DemandMax":4,"Value":1344},{"Length":34,"Height":21,"Demand":0,"DemandMax":4,"Value":1428},{"Length":93,"Height":13,"Demand":0,"DemandMax":4,"Value":3627},{"Length":96,"Height":28,"Demand":0,"DemandMax":4,"Value":2688},{"Length":6,"Height":100,"Demand":0,"DemandMax":4,"Value":1800},{"Length":25,"Height":30,"Demand":0,"DemandMax":4,"Value":2250},{"Length":88,"Height":59,"Demand":0,"DemandMax":4,"Value":10384},{"Length":45,"Height":96,"Demand":0,"DemandMax":4,"Value":8640},{"Length":29,"Height":8,"Demand":0,"DemandMax":4,"Value":464},{"Length":22,"Height":42,"Demand":0,"DemandMax":4,"Value":924},{"Length":74,"Height":54,"Demand":0,"DemandMax":4,"Value":11988},{"Length":39,"Height":31,"Demand":0,"DemandMax":4,"Value":2418},{"Length":3,"Height":30,"Demand":0,"DemandMax":4,"Value":180},{"Length":32,"Height":37,"Demand":0,"DemandMax":4,"Value":1184},{"Length":27,"Height":3,"Demand":0,"DemandMax":4,"Value":81},{"Length":31,"Height":34,"Demand":0,"DemandMax":4,"Value":3162},{"Length":92,"Height":32,"Demand":0,"DemandMax":4,"Value":2944},{"Length":19,"Height":15,"Demand":0,"DemandMax":4,"Value":855},{"Length":40,"Height":7,"Demand":0,"DemandMax":4,"Value":560},{"Length":32,"Height":92,"Demand":0,"DemandMax":4,"Value":5888},{"Length":92,"Height":48,"Demand":0,"DemandMax":4,"Value":8832},{"Length":23,"Height":27,"Demand":0,"DemandMax":4,"Value":1863},{"Length":82,"Height":46,"Demand":0,"DemandMax":4,"Value":11316},{"Length":30,"Height":47,"Demand":0,"DemandMax":4,"Value":1410},{"Length":84,"Height":81,"Demand":0,"DemandMax":4,"Value":20412},{"Length":36,"Height":77,"Demand":0,"DemandMax":4,"Value":8316},{"Length":77,"Height":72,"Demand":0,"DemandMax":4,"Value":11088},{"Length":15,"Height":16,"Demand":0,"DemandMax":4,"Value":720},{"Length":37,"Height":82,"Demand":0,"DemandMax":4,"Value":3034},{"Length":6,"Height":29,"Demand":0,"DemandMax":4,"Value":348},{"Length":80,"Height":23,"Demand":0,"DemandMax":4,"Value":1840},{"Length":20,"Height":20,"Demand":0,"DemandMax":4,"Value":800},{"Length":36,"Height":4,"Demand":0,"DemandMax":4,"Value":144},{"Length":3,"Height":32,"Demand":0,"DemandMax":4,"Value":96},{"Length":83,"Height":13,"Demand":0,"DemandMax":4,"Value":2158},{"Length":44,"Height":79,"Demand":0,"DemandMax":4,"Value":10428},{"Length":89,"Height":30,"Demand":0,"DemandMax":4,"Value":2670},{"Length":47,"Height":9,"Demand":0,"DemandMax":4,"Value":846},{"Length":39,"Height":43,"Demand":0,"DemandMax":4,"Value":5031},{"Length":42,"Height":5,"Demand":0,"DemandMax":4,"Value":420},{"Length":39,"Height":19,"Demand":0,"DemandMax":4,"Value":2223},{"Length":38,"Height":36,"Demand":0,"DemandMax":4,"Value":1368},{"Length":10,"Height":24,"Demand":0,"DemandMax":4,"Value":480},{"Length":69,"Height":75,"Demand":0,"DemandMax":4,"Value":5175},{"Length":82,"Height":18,"Demand":0,"DemandMax":4,"Value":2952},{"Length":84,"Height":90,"Demand":0,"DemandMax":4,"Value":15120},{"Length":54,"Height":88,"Demand":0,"DemandMax":4,"Value":14256},{"Length":6,"Height":38,"Demand":0,"DemandMax":4,"Value":456},{"Length":17,"Height":33,"Demand":0,"DemandMax":4,"Value":561},{"Length":29,"Height":13,"Demand":0,"DemandMax":4,"Value":754},{"Length":32,"Height":82,"Demand":0,"DemandMax":4,"Value":5248},{"Length":65,"Height":59,"Demand":0,"DemandMax":4,"Value":3835}]}