{"Name":"ngcutfs1_25","Objects":[{"Length":100,"Height":100,"Stock":null,"Cost":10000}],"Items":[{"Length":6,"Height":89,"Demand":0,"DemandMax":4,"Value":1602},{"Length":27,"Height":91,"Demand":0,"DemandMax":4,"Value":4914},{"Length":49,"Height":26,"Demand":0,"DemandMax":4,"Value":3822},{"Length":18,"Height":15,"Demand":0,"DemandMax":4,"Value":810},{"Length":8,"Height":78,"Demand":0,"DemandMax":4,"Value":624},{"Length":36,"Height":49,"Demand":0,"DemandMax":4,"Value":1764},{"Length":17,"Height":47,"Demand":0,"DemandMax":4,"Value":2397},{"Length":96,"Height":4,"Demand":0,"DemandMax":4,"Value":1152},{"Length":85,"Height":46,"Demand":0,"DemandMax":4,"Value":11730},{"Length":3,"Height":31,"Demand":0,"DemandMax":4,"Value":279},{"Length":88,"Height":26,"Demand":0,"DemandMax":4,"Value":2288},{"Length":40,"Height":95,"Demand":0,"DemandMax":4,"Value":7600},{"Length":4,"Height":3,"Demand":0,"DemandMax":4,"Value":24},{"Length":23,"Height":28,"Demand":0,"DemandMax":4,"Value":1288},{"Length":42,"Height":31,"Demand":0,"DemandMax":4,"Value":2604},{"Length":43,"Height":18,"Demand":0,"DemandMax":4,"Value":2322},{"Length":45,"Height":78,"Demand":0,"DemandMax":4,"Value":7020},{"Length":57,"Height":66,"Demand":0,"DemandMax":4,"Value":3762},{"Length":69,"Height":52,"Demand":0,"DemandMax":4,"Value":3588},{"Length":96,"Height":23,"Demand":0,"DemandMax":4,"Value":4416},{"Length":93,"Height":35,"Demand":0,"DemandMax":4,"Value":6510},{"Length":84,"Height":31,"Demand":0,"DemandMax":4,"Value":2604},{"Length":9,"Height":88,"Demand":0,"DemandMax":4,"Value":792},{"Length":47,"Height":18,"Demand":0,"DemandMax":4,"Value":2538},{"Length":54,"Height":57,"Demand":0,"DemandMax":4,"Value":9234},{"Length":84,"Height":5,"Demand":0,"DemandMax":4,"Value":840},{"Length":67,"Height":56,"Demand":0,"DemandMax":4,"Value":11256},{"Length":42,"Height":35,"Demand":0,"DemandMax":4,"Value":2940},{"Length":97,"Height":77,"Demand":0,"DemandMax":4,"Value":22407},{"Length":47,"Height":3,"Demand":0,"DemandMax":4,"Value":282},{"Length":96,"Height":38,"Demand":0,"DemandMax":4,"Value":7296},{"Length":86,"Height":47,"Demand":0,"DemandMax":4,"Value":8084},{"Length":100,"Height":48,"Demand":0,"DemandMax":4,"Value":4800},{"Length":84,"Height":13,"Demand":0,"DemandMax":4,"Value":3276},{"Length":26,"Height":8,"Demand":0,"DemandMax":4,"Value":208},{"Length":58,"Height":60,"Demand":0,"DemandMax":4,"Value":6960},{"Length":45,"Height":50,"Demand":0,"DemandMax":4,"Value":4500},{"Length":16,"Height":98,"Demand":0,"DemandMax":4,"Value":1568},{"Length":20,"Height":6,"Demand":0,"DemandMax":4,"Value":120},{"Length":48,"Height":93,"Demand":0,"DemandMax":4,"Value":8928}]}