{"Name":"ngcutfs2_28","Objects":[{"Length":100,"Height":100,"Stock":null,"Cost":10000}],"Items":[{"Length":78,"Height":10,"Demand":0,"DemandMax":4,"Value":2340},{"Length":90,"Height":70,"Demand":0,"DemandMax":4,"Value":18900},{"Length":46,"Height":20,"Demand":0,"DemandMax":4,"Value":1840},{"Length":50,"Height":5,"Demand":0,"DemandMax":4,"Value":250},{"Length":60,"Height":91,"Demand":0,"DemandMax":4,"Value":5460},{"Length":16,"Height":35,"Demand":0,"DemandMax":4,"Value":1680},{"Length":41,"Height":23,"Demand":0,"DemandMax":4,"Value":943},{"Length":88,"Height":17,"Demand":0,"DemandMax":4,"Value":4488},{"Length":39,"Height":21,"Demand":0,"DemandMax":4,"Value":819},{"Length":85,"Height":60,"Demand":0,"DemandMax":4,"Value":15300},{"Length":62,"Height":72,"Demand":0,"DemandMax":4,"Value":8928},{"Length":6,"Height":43,"Demand":0,"DemandMax":4,"Value":258},{"Length":15,"Height":90,"Demand":0,"DemandMax":4,"Value":2700},{"Length":4,"Height":2,"Demand":0,"DemandMax":4,"Value":16},{"Length":81,"Height":44,"Demand":0,"DemandMax":4,"Value":3564},{"Length":62,"Height":80,"Demand":0,"DemandMax":4,"Value":9920},{"Length":80,"Height":34,"Demand":0,"DemandMax":4,"Value":2720},{"Length":93,"Height":49,"Demand":0,"DemandMax":4,"Value":9114},{"Length":49,"Height":27,"Demand":0,"DemandMax":4,"Value":2646},{"Length":21,"Height":36,"Demand":0,"DemandMax":4,"Value":2268},{"Length":20,"Height":83,"Demand":0,"DemandMax":4,"Value":1660},{"Length":61,"Height":53,"Demand":0,"DemandMax":4,"Value":6466},{"Length":36,"Height":3,"Demand":0,"DemandMax":4,"Value":216},{"Length":13,"Height":47,"Demand":0,"DemandMax":4,"Value":1833},{"Length":72,"Height":78,"Demand":0,"DemandMax":4,"Value":11232},{"Length":5,"Height":26,"Demand":0,"DemandMax":4,"Value":130},{"Length":11,"Height":81,"Demand":0,"DemandMax":4,"Value":891},{"Length":46,"Height":78,"Demand":0,"DemandMax":4,"Value":10764},{"Length":20,"Height":33,"Demand":0,"DemandMax":4,"Value":660},{"Length":38,"Height":44,"Demand":0,"DemandMax":4,"Value":3344},{"Length":6,"Height":21,"Demand":0,"DemandMax":4,"Value":378},{"Length":12,"Height":11,"Demand":0,"DemandMax":4,"Value":396},{"Length":21,"Height":40,"Demand":0,"DemandMax":4,"Value":2520},{"Length":16,"Height":40,"Demand":0,"DemandMax":4,"Value":1280},{"Length":44,"Height":28,"Demand":0,"DemandMax":4,"Value":1232},{"Length":14,"Height":48,"Demand":0,"DemandMax":4,"Value":2016},{"Length":25,"Height":18,"Demand":0,"DemandMax":4,"Value":450},{"Length":81,"Height":100,"Demand":0,"DemandMax":4,"Value":24300},{"Length":38,"Height":19,"Demand":0,"DemandMax":4,"Value":1444},{"Length":27,"Height":19,"Demand":0,"DemandMax":4,"Value":1539}]}