{"Name":"ngcutfs2_129","Objects":[{"Length":100,"Height":100,"Stock":null,"Cost":10000}],"Items":[{"Length":6,"Height":34,"Demand":0,"DemandMax":1,"Value":204},{"Length":82,"Height":10,"Demand":0,"DemandMax":1,"Value":1640},{"Length":29,"Height":33,"Demand":0,"DemandMax":1,"Value":957},{"Length":21,"Height":8,"Demand":0,"DemandMax":2,"Value":504},{"Length":85,"Height":82,"Demand":0,"DemandMax":1,"Value":13940},{"Length":48,"Height":6,"Demand":0,"DemandMax":1,"Value":576},{"Length":68,"Height":80,"Demand":0,"DemandMax":1,"Value":16320},{"Length":26,"Height":18,"Demand":0,"DemandMax":1,"Value":468},{"Length":8,"Height":99,"Demand":0,"DemandMax":1,"Value":2376},{"Length":37,"Height":83,"Demand":0,"DemandMax":1,"Value":6142},{"Length":91,"Height":50,"Demand":0,"DemandMax":1,"Value":9100},{"Length":50,"Height":77,"Demand":0,"DemandMax":1,"Value":7700},{"Length":30,"Height":26,"Demand":0,"DemandMax":1,"Value":780},{"Length":20,"Height":29,"Demand":0,"DemandMax":1,"Value":580},{"Length":35,"Height":43,"Demand":0,"DemandMax":1,"Value":4515},{"Length":86,"Height":5,"Demand":0,"DemandMax":1,"Value":1290},{"Length":79,"Height":87,"Demand":0,"DemandMax":1,"Value":13746},{"Length":30,"Height":48,"Demand":0,"DemandMax":1,"Value":1440},{"Length":49,"Height":94,"Demand":0,"DemandMax":1,"Value":9212},{"Length":100,"Height":19,"Demand":0,"DemandMax":1,"Value":1900},{"Length":15,"Height":49,"Demand":0,"DemandMax":1,"Value":1470},{"Length":85,"Height":5,"Demand":0,"DemandMax":1,"Value":425},{"Length":7,"Height":6,"Demand":0,"DemandMax":1,"Value":84},{"Length":34,"Height":21,"Demand":0,"DemandMax":1,"Value":1428},{"Length":18,"Height":41,"Demand":0,"DemandMax":1,"Value":738},{"Length":10,"Height":33,"Demand":0,"DemandMax":1,"Value":990},{"Length":32,"Height":32,"Demand":0,"DemandMax":1,"Value":1024},{"Length":12,"Height":10,"Demand":0,"DemandMax":1,"Value":120},{"Length":26,"Height":35,"Demand":0,"DemandMax":1,"Value":2730},{"Length":36,"Height":10,"Demand":0,"DemandMax":1,"Value":360},{"Length":76,"Height":9,"Demand":0,"DemandMax":1,"Value":1368},{"Length":100,"Height":7,"Demand":0,"DemandMax":1,"Value":700},{"Length":30,"Height":19,"Demand":0,"DemandMax":1,"Value":1140},{"Length":39,"Height":17,"Demand":0,"DemandMax":1,"Value":663},{"Length":47,"Height":5,"Demand":0,"DemandMax":1,"Value":235},{"Length":44,"Height":94,"Demand":0,"DemandMax":1,"Value":4136},{"Length":58,"Height":92,"Demand":0,"DemandMax":1,"Value":10672},{"Length":43,"Height":42,"Demand":0,"DemandMax":1,"Value":1806},{"Length":14,"Height":48,"Demand":0,"DemandMax":1,"Value":1344},{"Length":14,"Height":28,"Demand":0,"DemandMax":1,"Value":1176},{"Length":26,"Height":22,"Demand":0,"DemandMax":1,"Value":1144},{"Length":31,"Height":10,"Demand":0,"DemandMax":1,"Value":310},{"Length":43,"Height":34,"Demand":0,"DemandMax":1,"Value":1462},{"Length":99,"Height":34,"Demand":0,"DemandMax":1,"Value":10098},{"Length":21,"Height":83,"Demand":0,"DemandMax":1,"Value":3486},{"Length":93,"Height":51,"Demand":0,"DemandMax":1,"Value":4743},{"Length":25,"Height":15,"Demand":0,"DemandMax":1,"Value":375},{"Length":6,"Height":25,"Demand":0,"DemandMax":1,"Value":300},{"Length":3,"Height":100,"Demand":0,"DemandMax":1,"Value":600},{"Length":37,"Height":31,"Demand":0,"DemandMax":1,"Value":2294},{"Length":98,"Height":4,"Demand":0,"DemandMax":1,"Value":392},{"Length":30,"Height":7,"Demand":0,"DemandMax":1,"Value":420},{"Length":91,"Height":3,"Demand":0,"DemandMax":1,"Value":273},{"Length":15,"Height":10,"Demand":0,"DemandMax":1,"Value":300},{"Length":11,"Height":10,"Demand":0,"DemandMax":1,"Value":330},{"Length":5,"Height":44,"Demand":0,"DemandMax":1,"Value":660},{"Length":10,"Height":84,"Demand":0,"DemandMax":1,"Value":840},{"Length":3,"Height":85,"Demand":0,"DemandMax":1,"Value":765},{"Length":96,"Height":23,"Demand":0,"DemandMax":1,"Value":2208},{"Length":3,"Height":9,"Demand":0,"DemandMax":1,"Value":54},{"Length":78,"Height":45,"Demand":0,"DemandMax":1,"Value":3510},{"Length":76,"Height":27,"Demand":0,"DemandMax":1,"Value":2052},{"Length":45,"Height":82,"Demand":0,"DemandMax":1,"Value":3690},{"Length":96,"Height":24,"Demand":0,"DemandMax":1,"Value":4608},{"Length":76,"Height":3,"Demand":0,"DemandMax":1,"Value":456},{"Length":3,"Height":3,"Demand":0,"DemandMax":1,"Value":27},{"Length":82,"Height":5,"Demand":0,"DemandMax":1,"Value":1230},{"Length":83,"Height":16,"Demand":0,"DemandMax":1,"Value":1328},{"Length":34,"Height":4,"Demand":0,"DemandMax":1,"Value":408},{"Length":37,"Height":85,"Demand":0,"DemandMax":1,"Value":9435},{"Length":16,"Height":89,"Demand":0,"DemandMax":2,"Value":4272},{"Length":33,"Height":35,"Demand":0,"DemandMax":1,"Value":2310},{"Length":49,"Height":87,"Demand":0,"DemandMax":1,"Value":8526},{"Length":90,"Height":36,"Demand":0,"DemandMax":1,"Value":6480},{"Length":35,"Height":37,"Demand":0,"DemandMax":1,"Value":2590},{"Length":28,"Height":15,"Demand":0,"DemandMax":1,"Value":1260},{"Length":69,"Height":90,"Demand":0,"DemandMax":1,"Value":6210},{"Length":9,"Height":5,"Demand":0,"DemandMax":1,"Value":45},{"Length":24,"Height":34,"Demand":0,"DemandMax":1,"Value":1632},{"Length":23,"Height":19,"Demand":0,"DemandMax":1,"Value":874},{"Length":43,"Height":82,"Demand":0,"DemandMax":1,"Value":7052},{"Length":65,"Height":80,"Demand":0,"DemandMax":1,"Value":10400},{"Length":93,"Height":100,"Demand":0,"DemandMax":1,"Value":9300},{"Length":11,"Height":3,"Demand":0,"DemandMax":1,"Value":66},{"Length":33,"Height":42,"Demand":0,"DemandMax":1,"Value":1386},{"Length":65,"Height":100,"Demand":0,"DemandMax":1,"Value":19500},{"Length":34,"Height":29,"Demand":0,"DemandMax":1,"Value":986},{"Length":88,"Height":63,"Demand":0,"DemandMax":1,"Value":5544},{"Length":10,"Height":30,"Demand":0,"DemandMax":1,"Value":300},{"Length":47,"Height":6,"Demand":0,"DemandMax":1,"Value":846},{"Length":15,"Height":82,"Demand":0,"DemandMax":1,"Value":1230},{"Length":35,"Height":96,"Demand":0,"DemandMax":1,"Value":10080},{"Length":43,"Height":34,"Demand":0,"DemandMax":1,"Value":2924},{"Length":6,"Height":78,"Demand":0,"DemandMax":1,"Value":936},{"Length":48,"Height":29,"Demand":0,"DemandMax":1,"Value":1392},{"Length":26,"Height":81,"Demand":0,"DemandMax":1,"Value":4212},{"Length":38,"Height":18,"Demand":0,"DemandMax":1,"Value":1368},{"Length":83,"Height":28,"Demand":0,"DemandMax":1,"Value":6972},{"Length":23,"Height":38,"Demand":0,"DemandMax":1,"Value":874},{"Length":39,"Height":23,"Demand":0,"DemandMax":1,"Value":897},{"Length":39,"Height":84,"Demand":0,"DemandMax":1,"Value":6552},{"Length":12,"Height":8,"Demand":0,"DemandMax":1,"Value":192},{"Length":36,"Height":94,"Demand":0,"DemandMax":1,"Value":10152},{"Length":18,"Height":43,"Demand":0,"DemandMax":1,"Value":2322},{"Length":34,"Height":18,"Demand":0,"DemandMax":1,"Value":1836},{"Length":39,"Height":34,"Demand":0,"DemandMax":1,"Value":1326},{"Length":97,"Height":83,"Demand":0,"DemandMax":1,"Value":16102},{"Length":42,"Height":39,"Demand":0,"DemandMax":1,"Value":3276},{"Length":10,"Height":47,"Demand":0,"DemandMax":1,"Value":1410},{"Length":73,"Height":92,"Demand":0,"DemandMax":1,"Value":13432},{"Length":83,"Height":41,"Demand":0,"DemandMax":1,"Value":3403},{"Length":79,"Height":87,"Demand":0,"DemandMax":1,"Value":6873},{"Length":42,"Height":25,"Demand":0,"DemandMax":1,"Value":3150},{"Length":47,"Height":95,"Demand":0,"DemandMax":1,"Value":4465},{"Length":94,"Height":5,"Demand":0,"DemandMax":1,"Value":1410},{"Length":99,"Height":39,"Demand":0,"DemandMax":1,"Value":3861},{"Length":35,"Height":20,"Demand":0,"DemandMax":1,"Value":700},{"Length":63,"Height":90,"Demand":0,"DemandMax":1,"Value":11340},{"Length":19,"Height":13,"Demand":0,"DemandMax":1,"Value":247},{"Length":42,"Height":78,"Demand":0,"DemandMax":1,"Value":9828},{"Length":86,"Height":47,"Demand":0,"DemandMax":1,"Value":4042},{"Length":9,"Height":23,"Demand":0,"DemandMax":1,"Value":621},{"Length":12,"Height":32,"Demand":0,"DemandMax":1,"Value":1152},{"Length":11,"Height":46,"Demand":0,"DemandMax":1,"Value":1518},{"Length":3,"Height":87,"Demand":0,"DemandMax":1,"Value":261},{"Length":2,"Height":2,"Demand":0,"DemandMax":1,"Value":8},{"Length":45,"Height":8,"Demand":0,"DemandMax":1,"Value":1080},{"Length":78,"Height":37,"Demand":0,"DemandMax":1,"Value":8658},{"Length":97,"Height":40,"Demand":0,"DemandMax":1,"Value":7760},{"Length":50,"Height":33,"Demand":0,"DemandMax":1,"Value":1650},{"Length":4,"Height":21,"Demand":0,"DemandMax":1,"Value":168},{"Length":15,"Height":44,"Demand":0,"DemandMax":1,"Value":1320},{"Length":46,"Height":99,"Demand":0,"DemandMax":1,"Value":13662},{"Length":79,"Height":5,"Demand":0,"DemandMax":1,"Value":395},{"Length":33,"Height":36,"Demand":0,"DemandMax":1,"Value":3564},{"Length":47,"Height":43,"Demand":0,"DemandMax":1,"Value":4042},{"Length":26,"Height":48,"Demand":0,"DemandMax":1,"Value":2496},{"Length":46,"Height":32,"Demand":0,"DemandMax":1,"Value":1472},{"Length":30,"Height":40,"Demand":0,"DemandMax":1,"Value":3600},{"Length":13,"Height":13,"Demand":0,"DemandMax":1,"Value":169},{"Length":35,"Height":8,"Demand":0,"DemandMax":1,"Value":840},{"Length":19,"Height":32,"Demand":0,"DemandMax":1,"Value":1824},{"Length":34,"Height":5,"Demand":0,"DemandMax":1,"Value":510},{"Length":99,"Height":88,"Demand":0,"DemandMax":1,"Value":26136},{"Length":98,"Height":24,"Demand":0,"DemandMax":1,"Value":7056},{"Length":67,"Height":96,"Demand":0,"DemandMax":1,"Value":12864},{"Length":6,"Height":42,"Demand":0,"DemandMax":1,"Value":252},{"Length":22,"Height":8,"Demand":0,"DemandMax":1,"Value":528},{"Length":47,"Height":20,"Demand":0,"DemandMax":1,"Value":1880},{"Length":94,"Height":44,"Demand":0,"DemandMax":1,"Value":8272},{"Length":36,"Height":35,"Demand":0,"DemandMax":1,"Value":2520},{"Length":34,"Height":49,"Demand":0,"DemandMax":1,"Value":3332},{"Length":66,"Height":98,"Demand":0,"DemandMax":1,"Value":12936},{"Length":37,"Height":13,"Demand":0,"DemandMax":1,"Value":481},{"Length":22,"Height":4,"Demand":0,"DemandMax":1,"Value":264},{"Length":91,"Height":37,"Demand":0,"DemandMax":1,"Value":6734},{"Length":94,"Height":33,"Demand":0,"DemandMax":1,"Value":3102},{"Length":8,"Height":2,"Demand":0,"DemandMax":1,"Value":32},{"Length":45,"Height":19,"Demand":0,"DemandMax":1,"Value":2565},{"Length":50,"Height":35,"Demand":0,"DemandMax":1,"Value":1750},{"Length":11,"Height":18,"Demand":0,"DemandMax":1,"Value":396},{"Length":46,"Height":98,"Demand":0,"DemandMax":1,"Value":4508},{"Length":24,"Height":27,"Demand":0,"DemandMax":1,"Value":1296},{"Length":37,"Height":43,"Demand":0,"DemandMax":1,"Value":4773},{"Length":93,"Height":82,"Demand":0,"DemandMax":1,"Value":7626},{"Length":46,"Height":76,"Demand":0,"DemandMax":1,"Value":3496},{"Length":13,"Height":43,"Demand":0,"DemandMax":1,"Value":1118},{"Length":8,"Height":30,"Demand":0,"DemandMax":1,"Value":480},{"Length":9,"Height":38,"Demand":0,"DemandMax":1,"Value":684},{"Length":40,"Height":13,"Demand":0,"DemandMax":1,"Value":520},{"Length":78,"Height":74,"Demand":0,"DemandMax":1,"Value":17316},{"Length":36,"Height":16,"Demand":0,"DemandMax":1,"Value":1728},{"Length":6,"Height":27,"Demand":0,"DemandMax":1,"Value":162},{"Length":4,"Height":26,"Demand":0,"DemandMax":1,"Value":104},{"Length":13,"Height":36,"Demand":0,"DemandMax":1,"Value":1404},{"Length":33,"Height":6,"Demand":0,"DemandMax":1,"Value":198},{"Length":41,"Height":14,"Demand":0,"DemandMax":1,"Value":1722},{"Length":19,"Height":80,"Demand":0,"DemandMax":1,"Value":1520},{"Length":3,"Height":13,"Demand":0,"DemandMax":1,"Value":78},{"Length":35,"Height":8,"Demand":0,"DemandMax":1,"Value":560},{"Length":45,"Height":47,"Demand":0,"DemandMax":1,"Value":4230},{"Length":46,"Height":48,"Demand":0,"DemandMax":1,"Value":6624},{"Length":44,"Height":34,"Demand":0,"DemandMax":1,"Value":1496},{"Length":89,"Height":4,"Demand":0,"DemandMax":1,"Value":1068},{"Length":14,"Height":22,"Demand":0,"DemandMax":1,"Value":924},{"Length":2,"Height":31,"Demand":0,"DemandMax":1,"Value":186},{"Length":45,"Height":27,"Demand":0,"DemandMax":1,"Value":3645},{"Length":28,"Height":4,"Demand":0,"DemandMax":1,"Value":224},{"Length":92,"Height":27,"Demand":0,"DemandMax":1,"Value":4968},{"Length":26,"Height":21,"Demand":0,"DemandMax":1,"Value":1092},{"Length":20,"Height":100,"Demand":0,"DemandMax":1,"Value":2000},{"Length":18,"Height":81,"Demand":0,"DemandMax":1,"Value":2916},{"Length":10,"Height":33,"Demand":0,"DemandMax":1,"Value":660},{"Length":18,"Height":2,"Demand":0,"DemandMax":1,"Value":72},{"Length":93,"Height":65,"Demand":0,"DemandMax":1,"Value":12090},{"Length":34,"Height":22,"Demand":0,"DemandMax":1,"Value":2244},{"Length":29,"Height":80,"Demand":0,"DemandMax":1,"Value":4640},{"Length":37,"Height":44,"Demand":0,"DemandMax":1,"Value":1628},{"Length":50,"Height":28,"Demand":0,"DemandMax":1,"Value":2800},{"Length":83,"Height":57,"Demand":0,"DemandMax":1,"Value":14193},{"Length":96,"Height":26,"Demand":0,"DemandMax":1,"Value":7488},{"Length":26,"Height":30,"Demand":0,"DemandMax":1,"Value":1560},{"Length":14,"Height":2,"Demand":0,"DemandMax":1,"Value":56},{"Length":28,"Height":14,"Demand":0,"DemandMax":1,"Value":1176},{"Length":26,"Height":91,"Demand":0,"DemandMax":1,"Value":7098},{"Length":92,"Height":78,"Demand":0,"DemandMax":1,"Value":14352},{"Length":95,"Height":35,"Demand":0,"DemandMax":1,"Value":9975},{"Length":20,"Height":12,"Demand":0,"DemandMax":1,"Value":240},{"Length":34,"Height":14,"Demand":0,"DemandMax":1,"Value":1428},{"Length":25,"Height":13,"Demand":0,"DemandMax":1,"Value":325},{"Length":94,"Height":23,"Demand":0,"DemandMax":1,"Value":4324},{"Length":91,"Height":76,"Demand":0,"DemandMax":1,"Value":6916},{"Length":50,"Height":2,"Demand":0,"DemandMax":1,"Value":100},{"Length":23,"Height":29,"Demand":0,"DemandMax":1,"Value":667},{"Length":30,"Height":17,"Demand":0,"DemandMax":1,"Value":1530},{"Length":8,"Height":6,"Demand":0,"DemandMax":1,"Value":48},{"Length":6,"Height":35,"Demand":0,"DemandMax":1,"Value":210},{"Length":49,"Height":26,"Demand":0,"DemandMax":1,"Value":1274},{"Length":15,"Height":27,"Demand":0,"DemandMax":1,"Value":810},{"Length":9,"Height":15,"Demand":0,"DemandMax":1,"Value":135},{"Length":25,"Height":28,"Demand":0,"DemandMax":1,"Value":2100},{"Length":14,"Height":92,"Demand":0,"DemandMax":1,"Value":2576},{"Length":85,"Height":14,"Demand":0,"DemandMax":1,"Value":2380},{"Length":26,"Height":30,"Demand":0,"DemandMax":1,"Value":2340},{"Length":85,"Height":77,"Demand":0,"DemandMax":1,"Value":13090},{"Length":39,"Height":22,"Demand":0,"DemandMax":1,"Value":2574},{"Length":19,"Height":44,"Demand":0,"DemandMax":1,"Value":2508},{"Length":43,"Height":98,"Demand":0,"DemandMax":1,"Value":4214},{"Length":59,"Height":96,"Demand":0,"DemandMax":1,"Value":16992},{"Length":86,"Height":12,"Demand":0,"DemandMax":1,"Value":3096},{"Length":97,"Height":45,"Demand":0,"DemandMax":1,"Value":8730},{"Length":48,"Height":17,"Demand":0,"DemandMax":1,"Value":2448},{"Length":11,"Height":46,"Demand":0,"DemandMax":1,"Value":1012},{"Length":38,"Height":42,"Demand":0,"DemandMax":1,"Value":4788},{"Length":2,"Height":92,"Demand":0,"DemandMax":1,"Value":368},{"Length":27,"Height":13,"Demand":0,"DemandMax":1,"Value":351},{"Length":80,"Height":5,"Demand":0,"DemandMax":1,"Value":1200},{"Length":40,"Height":11,"Demand":0,"DemandMax":1,"Value":440},{"Length":16,"Height":34,"Demand":0,"DemandMax":1,"Value":1088},{"Length":29,"Height":77,"Demand":0,"DemandMax":1,"Value":2233},{"Length":96,"Height":46,"Demand":0,"DemandMax":1,"Value":8832},{"Length":12,"Height":9,"Demand":0,"DemandMax":1,"Value":108},{"Length":32,"Height":28,"Demand":0,"DemandMax":1,"Value":896},{"Length":13,"Height":30,"Demand":0,"DemandMax":1,"Value":390},{"Length":82,"Height":19,"Demand":0,"DemandMax":1,"Value":3116},{"Length":28,"Height":36,"Demand":0,"DemandMax":1,"Value":1008},{"Length":12,"Height":34,"Demand":0,"DemandMax":1,"Value":816},{"Length":49,"Height":40,"Demand":0,"DemandMax":1,"Value":1960}]}