{"Name":"ngcutfs2_77","Objects":[{"Length":100,"Height":100,"Stock":null,"Cost":10000}],"Items":[{"Length":18,"Height":34,"Demand":0,"DemandMax":3,"Value":1224},{"Length":68,"Height":57,"Demand":0,"DemandMax":3,"Value":3876},{"Length":14,"Height":46,"Demand":0,"DemandMax":3,"Value":1932},{"Length":4,"Height":83,"Demand":0,"DemandMax":3,"Value":996},{"Length":4,"Height":39,"Demand":0,"DemandMax":3,"Value":156},{"Length":94,"Height":30,"Demand":0,"DemandMax":3,"Value":2820},{"Length":14,"Height":16,"Demand":0,"DemandMax":3,"Value":448},{"Length":3,"Height":13,"Demand":0,"DemandMax":3,"Value":78},{"Length":31,"Height":4,"Demand":0,"DemandMax":3,"Value":124},{"Length":56,"Height":82,"Demand":0,"DemandMax":3,"Value":13776},{"Length":99,"Height":11,"Demand":0,"DemandMax":3,"Value":3267},{"Length":98,"Height":32,"Demand":0,"DemandMax":3,"Value":3136},{"Length":44,"Height":5,"Demand":0,"DemandMax":3,"Value":440},{"Length":36,"Height":18,"Demand":0,"DemandMax":3,"Value":1296},{"Length":11,"Height":29,"Demand":0,"DemandMax":3,"Value":638},{"Length":97,"Height":74,"Demand":0,"DemandMax":3,"Value":7178},{"Length":31,"Height":38,"Demand":0,"DemandMax":3,"Value":1178},{"Length":42,"Height":20,"Demand":0,"DemandMax":3,"Value":1680},{"Length":50,"Height":48,"Demand":0,"DemandMax":3,"Value":2400},{"Length":70,"Height":100,"Demand":0,"DemandMax":3,"Value":21000},{"Length":18,"Height":41,"Demand":0,"DemandMax":3,"Value":2214},{"Length":11,"Height":10,"Demand":0,"DemandMax":3,"Value":220},{"Length":66,"Height":79,"Demand":0,"DemandMax":3,"Value":15642},{"Length":46,"Height":48,"Demand":0,"DemandMax":3,"Value":6624},{"Length":25,"Height":39,"Demand":0,"DemandMax":3,"Value":1950},{"Length":24,"Height":7,"Demand":0,"DemandMax":3,"Value":336},{"Length":30,"Height":14,"Demand":0,"DemandMax":3,"Value":420},{"Length":10,"Height":42,"Demand":0,"DemandMax":3,"Value":840},{"Length":59,"Height":98,"Demand":0,"DemandMax":3,"Value":17346},{"Length":38,"Height":49,"Demand":0,"DemandMax":3,"Value":5586},{"Length":31,"Height":37,"Demand":0,"DemandMax":3,"Value":1147},{"Length":8,"Height":17,"Demand":0,"DemandMax":3,"Value":136},{"Length":88,"Height":21,"Demand":0,"DemandMax":3,"Value":1848},{"Length":55,"Height":64,"Demand":0,"DemandMax":3,"Value":10560},{"Length":100,"Height":7,"Demand":0,"DemandMax":3,"Value":2100},{"Length":15,"Height":7,"Demand":0,"DemandMax":3,"Value":315},{"Length":30,"Height":76,"Demand":0,"DemandMax":3,"Value":6840},{"Length":98,"Height":61,"Demand":0,"DemandMax":3,"Value":17934},{"Length":40,"Height":17,"Demand":0,"DemandMax":3,"Value":680},{"Length":30,"Height":46,"Demand":0,"DemandMax":3,"Value":1380},{"Length":9,"Height":87,"Demand":0,"DemandMax":3,"Value":2349},{"Length":42,"Height":19,"Demand":0,"DemandMax":3,"Value":2394},{"Length":74,"Height":83,"Demand":0,"DemandMax":3,"Value":18426},{"Length":24,"Height":35,"Demand":0,"DemandMax":3,"Value":1680},{"Length":28,"Height":98,"Demand":0,"DemandMax":3,"Value":5488},{"Length":32,"Height":9,"Demand":0,"DemandMax":3,"Value":576},{"Length":9,"Height":46,"Demand":0,"DemandMax":3,"Value":414},{"Length":4,"Height":11,"Demand":0,"DemandMax":3,"Value":44},{"Length":20,"Height":79,"Demand":0,"DemandMax":3,"Value":4740},{"Length":69,"Height":82,"Demand":0,"DemandMax":3,"Value":16974},{"Length":42,"Height":49,"Demand":0,"DemandMax":3,"Value":2058},{"Length":11,"Height":44,"Demand":0,"DemandMax":3,"Value":1452},{"Length":3,"Height":49,"Demand":0,"DemandMax":3,"Value":294},{"Length":61,"Height":74,"Demand":0,"DemandMax":3,"Value":13542},{"Length":5,"Height":76,"Demand":0,"DemandMax":3,"Value":1140},{"Length":29,"Height":39,"Demand":0,"DemandMax":3,"Value":1131},{"Length":35,"Height":26,"Demand":0,"DemandMax":3,"Value":1820},{"Length":17,"Height":27,"Demand":0,"DemandMax":3,"Value":1377},{"Length":54,"Height":70,"Demand":0,"DemandMax":3,"Value":7560},{"Length":48,"Height":89,"Demand":0,"DemandMax":3,"Value":12816},{"Length":29,"Height":11,"Demand":0,"DemandMax":3,"Value":319},{"Length":56,"Height":57,"Demand":0,"DemandMax":3,"Value":6384},{"Length":10,"Height":2,"Demand":0,"DemandMax":3,"Value":60},{"Length":82,"Height":82,"Demand":0,"DemandMax":3,"Value":13448},{"Length":98,"Height":2,"Demand":0,"DemandMax":3,"Value":196},{"Length":9,"Height":47,"Demand":0,"DemandMax":3,"Value":423},{"Length":26,"Height":76,"Demand":0,"DemandMax":3,"Value":3952},{"Length":36,"Height":50,"Demand":0,"DemandMax":3,"Value":3600},{"Length":34,"Height":12,"Demand":0,"DemandMax":3,"Value":816},{"Length":47,"Height":6,"Demand":0,"DemandMax":3,"Value":282},{"Length":15,"Height":49,"Demand":0,"DemandMax":3,"Value":2205},{"Length":21,"Height":37,"Demand":0,"DemandMax":3,"Value":1554},{"Length":94,"Height":39,"Demand":0,"DemandMax":3,"Value":3666},{"Length":43,"Height":92,"Demand":0,"DemandMax":3,"Value":3956},{"Length":12,"Height":78,"Demand":0,"DemandMax":3,"Value":936},{"Length":54,"Height":51,"Demand":0,"DemandMax":3,"Value":2754},{"Length":9,"Height":29,"Demand":0,"DemandMax":3,"Value":261},{"Length":31,"Height":16,"Demand":0,"DemandMax":3,"Value":992},{"Length":42,"Height":89,"Demand":0,"DemandMax":3,"Value":3738},{"Length":83,"Height":69,"Demand":0,"DemandMax":3,"Value":11454},{"Length":98,"Height":3,"Demand":0,"DemandMax":3,"Value":882},{"Length":16,"Height":8,"Demand":0,"DemandMax":3,"Value":256},{"Length":16,"Height":28,"Demand":0,"DemandMax":3,"Value":896},{"Length":42,"Height":76,"Demand":0,"DemandMax":3,"Value":9576},{"Length":87,"Height":6,"Demand":0,"DemandMax":3,"Value":1044},{"Length":42,"Height":47,"Demand":0,"DemandMax":3,"Value":5922},{"Length":41,"Height":50,"Demand":0,"DemandMax":3,"Value":2050},{"Length":13,"Height":81,"Demand":0,"DemandMax":3,"Value":1053},{"Length":78,"Height":89,"Demand":0,"DemandMax":3,"Value":20826},{"Length":40,"Height":42,"Demand":0,"DemandMax":3,"Value":3360},{"Length":39,"Height":22,"Demand":0,"DemandMax":3,"Value":1716},{"Length":46,"Height":34,"Demand":0,"DemandMax":3,"Value":4692},{"Length":79,"Height":2,"Demand":0,"DemandMax":3,"Value":158},{"Length":95,"Height":50,"Demand":0,"DemandMax":3,"Value":9500},{"Length":95,"Height":42,"Demand":0,"DemandMax":3,"Value":3990},{"Length":45,"Height":40,"Demand":0,"DemandMax":3,"Value":3600},{"Length":19,"Height":76,"Demand":0,"DemandMax":3,"Value":4332},{"Length":52,"Height":85,"Demand":0,"DemandMax":3,"Value":8840},{"Length":49,"Height":95,"Demand":0,"DemandMax":3,"Value":4655},{"Length":39,"Height":8,"Demand":0,"DemandMax":3,"Value":624}]}