{"Name":"ngcutfs2_57","Objects":[{"Length":100,"Height":100,"Stock":null,"Cost":10000}],"Items":[{"Length":46,"Height":18,"Demand":0,"DemandMax":4,"Value":2484},{"Length":50,"Height":16,"Demand":0,"DemandMax":4,"Value":1600},{"Length":48,"Height":33,"Demand":0,"DemandMax":4,"Value":1584},{"Length":70,"Height":90,"Demand":0,"DemandMax":4,"Value":18900},{"Length":29,"Height":93,"Demand":0,"DemandMax":4,"Value":5394},{"Length":31,"Height":4,"Demand":0,"DemandMax":4,"Value":248},{"Length":2,"Height":28,"Demand":0,"DemandMax":4,"Value":56},{"Length":10,"Height":92,"Demand":0,"DemandMax":4,"Value":920},{"Length":11,"Height":40,"Demand":0,"DemandMax":4,"Value":1320},{"Length":41,"Height":10,"Demand":0,"DemandMax":4,"Value":410},{"Length":86,"Height":48,"Demand":0,"DemandMax":4,"Value":8256},{"Length":11,"Height":100,"Demand":0,"DemandMax":4,"Value":3300},{"Length":19,"Height":78,"Demand":0,"DemandMax":4,"Value":2964},{"Length":85,"Height":45,"Demand":0,"DemandMax":4,"Value":7650},{"Length":42,"Height":6,"Demand":0,"DemandMax":4,"Value":252},{"Length":10,"Height":97,"Demand":0,"DemandMax":4,"Value":1940},{"Length":10,"Height":28,"Demand":0,"DemandMax":4,"Value":840},{"Length":85,"Height":100,"Demand":0,"DemandMax":4,"Value":25500},{"Length":17,"Height":8,"Demand":0,"DemandMax":4,"Value":136},{"Length":14,"Height":3,"Demand":0,"DemandMax":4,"Value":126},{"Length":8,"Height":38,"Demand":0,"DemandMax":4,"Value":608},{"Length":11,"Height":47,"Demand":0,"DemandMax":4,"Value":517},{"Length":100,"Height":100,"Demand":0,"DemandMax":4,"Value":10000},{"Length":45,"Height":38,"Demand":0,"DemandMax":4,"Value":3420},{"Length":31,"Height":79,"Demand":0,"DemandMax":4,"Value":2449},{"Length":6,"Height":24,"Demand":0,"DemandMax":4,"Value":144},{"Length":19,"Height":40,"Demand":0,"DemandMax":4,"Value":1520},{"Length":74,"Height":95,"Demand":0,"DemandMax":4,"Value":7030},{"Length":45,"Height":34,"Demand":0,"DemandMax":4,"Value":3060},{"Length":41,"Height":39,"Demand":0,"DemandMax":4,"Value":3198},{"Length":49,"Height":31,"Demand":0,"DemandMax":4,"Value":3038},{"Length":27,"Height":10,"Demand":0,"DemandMax":4,"Value":810},{"Length":95,"Height":98,"Demand":0,"DemandMax":4,"Value":27930},{"Length":94,"Height":87,"Demand":0,"DemandMax":4,"Value":16356},{"Length":2,"Height":80,"Demand":0,"DemandMax":4,"Value":320},{"Length":31,"Height":28,"Demand":0,"DemandMax":4,"Value":1736},{"Length":41,"Height":23,"Demand":0,"DemandMax":4,"Value":943},{"Length":36,"Height":48,"Demand":0,"DemandMax":4,"Value":1728},{"Length":19,"Height":82,"Demand":0,"DemandMax":4,"Value":4674},{"Length":42,"Height":10,"Demand":0,"DemandMax":4,"Value":1260},{"Length":95,"Height":34,"Demand":0,"DemandMax":4,"Value":6460},{"Length":22,"Height":44,"Demand":0,"DemandMax":4,"Value":968},{"Length":17,"Height":16,"Demand":0,"DemandMax":4,"Value":544},{"Length":22,"Height":35,"Demand":0,"DemandMax":4,"Value":2310},{"Length":95,"Height":40,"Demand":0,"DemandMax":4,"Value":7600},{"Length":31,"Height":43,"Demand":0,"DemandMax":4,"Value":3999},{"Length":21,"Height":17,"Demand":0,"DemandMax":4,"Value":1071},{"Length":37,"Height":33,"Demand":0,"DemandMax":4,"Value":2442},{"Length":37,"Height":16,"Demand":0,"DemandMax":4,"Value":592},{"Length":64,"Height":70,"Demand":0,"DemandMax":4,"Value":8960}]}