{"Name":"ngcutfs1_130","Objects":[{"Length":100,"Height":100,"Stock":null,"Cost":10000}],"Items":[{"Length":38,"Height":27,"Demand":0,"DemandMax":1,"Value":1026},{"Length":41,"Height":4,"Demand":0,"DemandMax":1,"Value":328},{"Length":45,"Height":81,"Demand":0,"DemandMax":1,"Value":7290},{"Length":83,"Height":100,"Demand":0,"DemandMax":1,"Value":24900},{"Length":44,"Height":43,"Demand":0,"DemandMax":1,"Value":5676},{"Length":83,"Height":26,"Demand":0,"DemandMax":1,"Value":2158},{"Length":99,"Height":69,"Demand":0,"DemandMax":1,"Value":6831},{"Length":73,"Height":55,"Demand":0,"DemandMax":1,"Value":4015},{"Length":67,"Height":81,"Demand":0,"DemandMax":1,"Value":5427},{"Length":33,"Height":92,"Demand":0,"DemandMax":1,"Value":6072},{"Length":16,"Height":31,"Demand":0,"DemandMax":1,"Value":992},{"Length":67,"Height":55,"Demand":0,"DemandMax":1,"Value":11055},{"Length":36,"Height":37,"Demand":0,"DemandMax":1,"Value":3996},{"Length":4,"Height":77,"Demand":0,"DemandMax":1,"Value":924},{"Length":5,"Height":99,"Demand":0,"DemandMax":1,"Value":1485},{"Length":67,"Height":85,"Demand":0,"DemandMax":1,"Value":5695},{"Length":14,"Height":91,"Demand":0,"DemandMax":1,"Value":2548},{"Length":17,"Height":47,"Demand":0,"DemandMax":1,"Value":2397},{"Length":25,"Height":80,"Demand":0,"DemandMax":1,"Value":6000},{"Length":54,"Height":70,"Demand":0,"DemandMax":1,"Value":3780},{"Length":44,"Height":80,"Demand":0,"DemandMax":1,"Value":7040},{"Length":30,"Height":24,"Demand":0,"DemandMax":1,"Value":2160},{"Length":93,"Height":31,"Demand":0,"DemandMax":1,"Value":8649},{"Length":40,"Height":24,"Demand":0,"DemandMax":1,"Value":1920},{"Length":76,"Height":24,"Demand":0,"DemandMax":1,"Value":3648},{"Length":70,"Height":90,"Demand":0,"DemandMax":1,"Value":18900},{"Length":8,"Height":85,"Demand":0,"DemandMax":1,"Value":2040},{"Length":17,"Height":33,"Demand":0,"DemandMax":1,"Value":1122},{"Length":19,"Height":22,"Demand":0,"DemandMax":1,"Value":418},{"Length":77,"Height":20,"Demand":0,"DemandMax":1,"Value":3080},{"Length":13,"Height":22,"Demand":0,"DemandMax":1,"Value":286},{"Length":22,"Height":6,"Demand":0,"DemandMax":1,"Value":264},{"Length":26,"Height":8,"Demand":0,"DemandMax":1,"Value":624},{"Length":47,"Height":29,"Demand":0,"DemandMax":1,"Value":4089},{"Length":99,"Height":36,"Demand":0,"DemandMax":1,"Value":3564},{"Length":3,"Height":4,"Demand":0,"DemandMax":1,"Value":36},{"Length":82,"Height":7,"Demand":0,"DemandMax":1,"Value":1722},{"Length":93,"Height":18,"Demand":0,"DemandMax":1,"Value":5022},{"Length":96,"Height":49,"Demand":0,"DemandMax":1,"Value":14112},{"Length":25,"Height":2,"Demand":0,"DemandMax":1,"Value":50},{"Length":80,"Height":5,"Demand":0,"DemandMax":1,"Value":800},{"Length":24,"Height":16,"Demand":0,"DemandMax":1,"Value":1152},{"Length":24,"Height":28,"Demand":0,"DemandMax":1,"Value":2016},{"Length":10,"Height":100,"Demand":0,"DemandMax":1,"Value":3000},{"Length":23,"Height":97,"Demand":0,"DemandMax":1,"Value":2231},{"Length":94,"Height":91,"Demand":0,"DemandMax":1,"Value":17108},{"Length":48,"Height":47,"Demand":0,"DemandMax":1,"Value":4512},{"Length":5,"Height":6,"Demand":0,"DemandMax":1,"Value":60},{"Length":28,"Height":36,"Demand":0,"DemandMax":1,"Value":2016},{"Length":21,"Height":37,"Demand":0,"DemandMax":1,"Value":1554},{"Length":85,"Height":97,"Demand":0,"DemandMax":1,"Value":8245},{"Length":67,"Height":94,"Demand":0,"DemandMax":1,"Value":6298},{"Length":95,"Height":98,"Demand":0,"DemandMax":1,"Value":18620},{"Length":94,"Height":45,"Demand":0,"DemandMax":1,"Value":4230},{"Length":22,"Height":33,"Demand":0,"DemandMax":1,"Value":726},{"Length":43,"Height":3,"Demand":0,"DemandMax":1,"Value":258},{"Length":36,"Height":36,"Demand":0,"DemandMax":1,"Value":3888},{"Length":89,"Height":5,"Demand":0,"DemandMax":1,"Value":890},{"Length":4,"Height":6,"Demand":0,"DemandMax":1,"Value":72},{"Length":26,"Height":45,"Demand":0,"DemandMax":1,"Value":1170},{"Length":13,"Height":100,"Demand":0,"DemandMax":1,"Value":3900},{"Length":77,"Height":40,"Demand":0,"DemandMax":1,"Value":3080},{"Length":34,"Height":85,"Demand":0,"DemandMax":1,"Value":2890},{"Length":83,"Height":14,"Demand":0,"DemandMax":1,"Value":1162},{"Length":85,"Height":81,"Demand":0,"DemandMax":1,"Value":6885},{"Length":11,"Height":87,"Demand":0,"DemandMax":1,"Value":957},{"Length":94,"Height":20,"Demand":0,"DemandMax":1,"Value":5640},{"Length":33,"Height":86,"Demand":0,"DemandMax":1,"Value":2838},{"Length":53,"Height":65,"Demand":0,"DemandMax":1,"Value":10335},{"Length":79,"Height":73,"Demand":0,"DemandMax":1,"Value":5767},{"Length":25,"Height":81,"Demand":0,"DemandMax":1,"Value":4050},{"Length":73,"Height":87,"Demand":0,"DemandMax":1,"Value":6351},{"Length":33,"Height":35,"Demand":0,"DemandMax":1,"Value":1155},{"Length":18,"Height":78,"Demand":0,"DemandMax":1,"Value":2808},{"Length":12,"Height":40,"Demand":0,"DemandMax":1,"Value":480},{"Length":5,"Height":40,"Demand":0,"DemandMax":1,"Value":200},{"Length":23,"Height":40,"Demand":0,"DemandMax":1,"Value":920},{"Length":19,"Height":100,"Demand":0,"DemandMax":1,"Value":1900},{"Length":55,"Height":58,"Demand":0,"DemandMax":1,"Value":6380},{"Length":97,"Height":22,"Demand":0,"DemandMax":1,"Value":2134},{"Length":5,"Height":83,"Demand":0,"DemandMax":1,"Value":830},{"Length":48,"Height":88,"Demand":0,"DemandMax":1,"Value":12672},{"Length":38,"Height":50,"Demand":0,"DemandMax":1,"Value":1900},{"Length":90,"Height":21,"Demand":0,"DemandMax":1,"Value":5670},{"Length":87,"Height":6,"Demand":0,"DemandMax":1,"Value":522},{"Length":72,"Height":79,"Demand":0,"DemandMax":1,"Value":11376},{"Length":63,"Height":97,"Demand":0,"DemandMax":1,"Value":18333},{"Length":8,"Height":77,"Demand":0,"DemandMax":1,"Value":1232},{"Length":87,"Height":16,"Demand":0,"DemandMax":1,"Value":2784},{"Length":100,"Height":15,"Demand":0,"DemandMax":1,"Value":3000},{"Length":93,"Height":30,"Demand":0,"DemandMax":1,"Value":2790},{"Length":8,"Height":97,"Demand":0,"DemandMax":1,"Value":2328},{"Length":32,"Height":90,"Demand":0,"DemandMax":1,"Value":8640},{"Length":16,"Height":6,"Demand":0,"DemandMax":1,"Value":96},{"Length":23,"Height":35,"Demand":0,"DemandMax":1,"Value":2415},{"Length":35,"Height":96,"Demand":0,"DemandMax":1,"Value":6720},{"Length":11,"Height":37,"Demand":0,"DemandMax":1,"Value":1221},{"Length":52,"Height":58,"Demand":0,"DemandMax":1,"Value":6032},{"Length":86,"Height":42,"Demand":0,"DemandMax":1,"Value":7224},{"Length":39,"Height":7,"Demand":0,"DemandMax":1,"Value":819},{"Length":47,"Height":18,"Demand":0,"DemandMax":1,"Value":846},{"Length":3,"Height":21,"Demand":0,"DemandMax":1,"Value":126},{"Length":64,"Height":52,"Demand":0,"DemandMax":1,"Value":9984},{"Length":50,"Height":15,"Demand":0,"DemandMax":1,"Value":2250},{"Length":89,"Height":65,"Demand":0,"DemandMax":1,"Value":5785},{"Length":26,"Height":30,"Demand":0,"DemandMax":1,"Value":1560},{"Length":23,"Height":2,"Demand":0,"DemandMax":1,"Value":92},{"Length":30,"Height":7,"Demand":0,"DemandMax":1,"Value":210},{"Length":26,"Height":13,"Demand":0,"DemandMax":1,"Value":338},{"Length":20,"Height":42,"Demand":0,"DemandMax":1,"Value":2520},{"Length":35,"Height":90,"Demand":0,"DemandMax":1,"Value":3150},{"Length":85,"Height":29,"Demand":0,"DemandMax":1,"Value":4930},{"Length":23,"Height":80,"Demand":0,"DemandMax":1,"Value":1840},{"Length":92,"Height":70,"Demand":0,"DemandMax":1,"Value":6440},{"Length":96,"Height":30,"Demand":0,"DemandMax":1,"Value":2880},{"Length":13,"Height":82,"Demand":0,"DemandMax":1,"Value":3198},{"Length":76,"Height":57,"Demand":0,"DemandMax":1,"Value":4332},{"Length":80,"Height":53,"Demand":0,"DemandMax":1,"Value":8480},{"Length":3,"Height":39,"Demand":0,"DemandMax":1,"Value":234},{"Length":54,"Height":77,"Demand":0,"DemandMax":1,"Value":4158},{"Length":28,"Height":95,"Demand":0,"DemandMax":1,"Value":2660},{"Length":47,"Height":24,"Demand":0,"DemandMax":1,"Value":2256},{"Length":64,"Height":90,"Demand":0,"DemandMax":1,"Value":17280},{"Length":7,"Height":26,"Demand":0,"DemandMax":1,"Value":546},{"Length":25,"Height":40,"Demand":0,"DemandMax":1,"Value":2000},{"Length":24,"Height":36,"Demand":0,"DemandMax":1,"Value":864},{"Length":93,"Height":70,"Demand":0,"DemandMax":1,"Value":6510},{"Length":63,"Height":56,"Demand":0,"DemandMax":1,"Value":3528},{"Length":33,"Height":42,"Demand":0,"DemandMax":1,"Value":1386},{"Length":78,"Height":75,"Demand":0,"DemandMax":1,"Value":11700},{"Length":39,"Height":19,"Demand":0,"DemandMax":1,"Value":741},{"Length":93,"Height":17,"Demand":0,"DemandMax":1,"Value":3162},{"Length":93,"Height":55,"Demand":0,"DemandMax":1,"Value":5115},{"Length":10,"Height":95,"Demand":0,"DemandMax":1,"Value":950},{"Length":82,"Height":14,"Demand":0,"DemandMax":1,"Value":1148},{"Length":66,"Height":83,"Demand":0,"DemandMax":1,"Value":5478},{"Length":78,"Height":10,"Demand":0,"DemandMax":1,"Value":780},{"Length":17,"Height":49,"Demand":0,"DemandMax":1,"Value":2499},{"Length":3,"Height":40,"Demand":0,"DemandMax":1,"Value":240},{"Length":34,"Height":32,"Demand":0,"DemandMax":1,"Value":2176},{"Length":5,"Height":43,"Demand":0,"DemandMax":1,"Value":645},{"Length":97,"Height":87,"Demand":0,"DemandMax":1,"Value":25317},{"Length":90,"Height":40,"Demand":0,"DemandMax":1,"Value":7200},{"Length":91,"Height":91,"Demand":0,"DemandMax":1,"Value":24843},{"Length":33,"Height":87,"Demand":0,"DemandMax":1,"Value":8613},{"Length":18,"Height":14,"Demand":0,"DemandMax":1,"Value":252},{"Length":40,"Height":76,"Demand":0,"DemandMax":1,"Value":6080},{"Length":12,"Height":88,"Demand":0,"DemandMax":1,"Value":3168},{"Length":93,"Height":29,"Demand":0,"DemandMax":1,"Value":5394},{"Length":96,"Height":73,"Demand":0,"DemandMax":1,"Value":21024},{"Length":84,"Height":24,"Demand":0,"DemandMax":1,"Value":2016},{"Length":36,"Height":39,"Demand":0,"DemandMax":1,"Value":1404},{"Length":7,"Height":85,"Demand":0,"DemandMax":1,"Value":1190},{"Length":21,"Height":11,"Demand":0,"DemandMax":1,"Value":231},{"Length":12,"Height":47,"Demand":0,"DemandMax":1,"Value":564},{"Length":16,"Height":21,"Demand":0,"DemandMax":1,"Value":672},{"Length":75,"Height":74,"Demand":0,"DemandMax":1,"Value":16650},{"Length":61,"Height":100,"Demand":0,"DemandMax":1,"Value":6100},{"Length":48,"Height":86,"Demand":0,"DemandMax":1,"Value":4128},{"Length":15,"Height":34,"Demand":0,"DemandMax":1,"Value":1020},{"Length":37,"Height":40,"Demand":0,"DemandMax":1,"Value":4440},{"Length":42,"Height":29,"Demand":0,"DemandMax":1,"Value":3654},{"Length":100,"Height":44,"Demand":0,"DemandMax":1,"Value":8800},{"Length":95,"Height":80,"Demand":0,"DemandMax":1,"Value":15200},{"Length":7,"Height":42,"Demand":0,"DemandMax":1,"Value":882},{"Length":13,"Height":40,"Demand":0,"DemandMax":1,"Value":1560},{"Length":11,"Height":24,"Demand":0,"DemandMax":1,"Value":528},{"Length":84,"Height":19,"Demand":0,"DemandMax":1,"Value":3192},{"Length":5,"Height":95,"Demand":0,"DemandMax":1,"Value":1425},{"Length":8,"Height":48,"Demand":0,"DemandMax":1,"Value":768},{"Length":84,"Height":37,"Demand":0,"DemandMax":1,"Value":6216},{"Length":87,"Height":91,"Demand":0,"DemandMax":1,"Value":7917},{"Length":78,"Height":33,"Demand":0,"DemandMax":1,"Value":7722},{"Length":98,"Height":88,"Demand":0,"DemandMax":1,"Value":17248},{"Length":38,"Height":100,"Demand":0,"DemandMax":1,"Value":3800},{"Length":61,"Height":58,"Demand":0,"DemandMax":1,"Value":10614},{"Length":49,"Height":2,"Demand":0,"DemandMax":1,"Value":294},{"Length":90,"Height":4,"Demand":0,"DemandMax":1,"Value":360},{"Length":36,"Height":13,"Demand":0,"DemandMax":1,"Value":936},{"Length":27,"Height":19,"Demand":0,"DemandMax":1,"Value":1026},{"Length":13,"Height":13,"Demand":0,"DemandMax":1,"Value":338},{"Length":40,"Height":29,"Demand":0,"DemandMax":1,"Value":1160},{"Length":77,"Height":26,"Demand":0,"DemandMax":1,"Value":2002},{"Length":21,"Height":20,"Demand":0,"DemandMax":1,"Value":1260},{"Length":31,"Height":23,"Demand":0,"DemandMax":1,"Value":713},{"Length":13,"Height":35,"Demand":0,"DemandMax":1,"Value":455},{"Length":24,"Height":85,"Demand":0,"DemandMax":1,"Value":6120},{"Length":19,"Height":19,"Demand":0,"DemandMax":1,"Value":361},{"Length":90,"Height":52,"Demand":0,"DemandMax":1,"Value":9360},{"Length":5,"Height":22,"Demand":0,"DemandMax":1,"Value":330},{"Length":85,"Height":75,"Demand":0,"DemandMax":1,"Value":6375},{"Length":30,"Height":41,"Demand":0,"DemandMax":1,"Value":1230},{"Length":26,"Height":2,"Demand":0,"DemandMax":1,"Value":104},{"Length":29,"Height":36,"Demand":0,"DemandMax":1,"Value":3132},{"Length":27,"Height":80,"Demand":0,"DemandMax":1,"Value":4320},{"Length":33,"Height":31,"Demand":0,"DemandMax":1,"Value":3069},{"Length":23,"Height":16,"Demand":0,"DemandMax":1,"Value":368},{"Length":49,"Height":93,"Demand":0,"DemandMax":1,"Value":4557},{"Length":47,"Height":79,"Demand":0,"DemandMax":1,"Value":7426},{"Length":22,"Height":37,"Demand":0,"DemandMax":1,"Value":1628},{"Length":33,"Height":87,"Demand":0,"DemandMax":1,"Value":2871},{"Length":21,"Height":39,"Demand":0,"DemandMax":1,"Value":1638},{"Length":57,"Height":93,"Demand":0,"DemandMax":1,"Value":15903},{"Length":80,"Height":54,"Demand":0,"DemandMax":1,"Value":8640},{"Length":23,"Height":14,"Demand":0,"DemandMax":1,"Value":644},{"Length":10,"Height":46,"Demand":0,"DemandMax":1,"Value":460},{"Length":13,"Height":19,"Demand":0,"DemandMax":1,"Value":494},{"Length":15,"Height":81,"Demand":0,"DemandMax":1,"Value":1215},{"Length":46,"Height":83,"Demand":0,"DemandMax":1,"Value":3818},{"Length":47,"Height":86,"Demand":0,"DemandMax":1,"Value":12126},{"Length":81,"Height":38,"Demand":0,"DemandMax":1,"Value":3078},{"Length":8,"Height":84,"Demand":0,"DemandMax":1,"Value":1344},{"Length":5,"Height":36,"Demand":0,"DemandMax":1,"Value":180},{"Length":11,"Height":4,"Demand":0,"DemandMax":1,"Value":88},{"Length":24,"Height":13,"Demand":0,"DemandMax":1,"Value":312},{"Length":48,"Height":23,"Demand":0,"DemandMax":1,"Value":3312},{"Length":8,"Height":99,"Demand":0,"DemandMax":1,"Value":792},{"Length":59,"Height":51,"Demand":0,"DemandMax":1,"Value":3009},{"Length":26,"Height":42,"Demand":0,"DemandMax":1,"Value":1092},{"Length":8,"Height":7,"Demand":0,"DemandMax":1,"Value":56},{"Length":96,"Height":46,"Demand":0,"DemandMax":1,"Value":4416},{"Length":75,"Height":54,"Demand":0,"DemandMax":1,"Value":8100},{"Length":23,"Height":86,"Demand":0,"DemandMax":1,"Value":5934},{"Length":76,"Height":65,"Demand":0,"DemandMax":1,"Value":14820},{"Length":20,"Height":38,"Demand":0,"DemandMax":1,"Value":1520},{"Length":49,"Height":26,"Demand":0,"DemandMax":1,"Value":1274},{"Length":46,"Height":41,"Demand":0,"DemandMax":1,"Value":5658},{"Length":33,"Height":26,"Demand":0,"DemandMax":1,"Value":858},{"Length":9,"Height":29,"Demand":0,"DemandMax":1,"Value":522},{"Length":16,"Height":38,"Demand":0,"DemandMax":1,"Value":1824},{"Length":65,"Height":87,"Demand":0,"DemandMax":1,"Value":11310},{"Length":47,"Height":22,"Demand":0,"DemandMax":1,"Value":3102},{"Length":55,"Height":57,"Demand":0,"DemandMax":1,"Value":6270},{"Length":68,"Height":67,"Demand":0,"DemandMax":1,"Value":9112},{"Length":17,"Height":27,"Demand":0,"DemandMax":1,"Value":918},{"Length":81,"Height":47,"Demand":0,"DemandMax":1,"Value":3807},{"Length":3,"Height":4,"Demand":0,"DemandMax":1,"Value":24},{"Length":38,"Height":12,"Demand":0,"DemandMax":1,"Value":1368},{"Length":25,"Height":7,"Demand":0,"DemandMax":1,"Value":350},{"Length":83,"Height":18,"Demand":0,"DemandMax":1,"Value":4482},{"Length":96,"Height":100,"Demand":0,"DemandMax":1,"Value":9600},{"Length":47,"Height":49,"Demand":0,"DemandMax":1,"Value":2303},{"Length":69,"Height":91,"Demand":0,"DemandMax":1,"Value":12558},{"Length":52,"Height":94,"Demand":0,"DemandMax":1,"Value":14664},{"Length":47,"Height":94,"Demand":0,"DemandMax":1,"Value":8836},{"Length":46,"Height":27,"Demand":0,"DemandMax":1,"Value":3726},{"Length":78,"Height":2,"Demand":0,"DemandMax":1,"Value":156},{"Length":19,"Height":83,"Demand":0,"DemandMax":1,"Value":3154},{"Length":42,"Height":25,"Demand":0,"DemandMax":1,"Value":2100},{"Length":90,"Height":68,"Demand":0,"DemandMax":1,"Value":6120}]}