{"Name":"ngcutfs1_27","Objects":[{"Length":100,"Height":100,"Stock":null,"Cost":10000}],"Items":[{"Length":26,"Height":32,"Demand":0,"DemandMax":4,"Value":1664},{"Length":19,"Height":91,"Demand":0,"DemandMax":4,"Value":1729},{"Length":7,"Height":30,"Demand":0,"DemandMax":4,"Value":420},{"Length":90,"Height":13,"Demand":0,"DemandMax":4,"Value":3510},{"Length":47,"Height":44,"Demand":0,"DemandMax":4,"Value":2068},{"Length":16,"Height":91,"Demand":0,"DemandMax":4,"Value":4368},{"Length":91,"Height":79,"Demand":0,"DemandMax":4,"Value":21567},{"Length":18,"Height":46,"Demand":0,"DemandMax":4,"Value":2484},{"Length":92,"Height":39,"Demand":0,"DemandMax":4,"Value":3588},{"Length":3,"Height":29,"Demand":0,"DemandMax":4,"Value":87},{"Length":5,"Height":29,"Demand":0,"DemandMax":4,"Value":290},{"Length":70,"Height":66,"Demand":0,"DemandMax":4,"Value":13860},{"Length":44,"Height":23,"Demand":0,"DemandMax":4,"Value":2024},{"Length":8,"Height":18,"Demand":0,"DemandMax":4,"Value":432},{"Length":44,"Height":100,"Demand":0,"DemandMax":4,"Value":4400},{"Length":97,"Height":74,"Demand":0,"DemandMax":4,"Value":7178},{"Length":22,"Height":44,"Demand":0,"DemandMax":4,"Value":2904},{"Length":76,"Height":38,"Demand":0,"DemandMax":4,"Value":8664},{"Length":61,"Height":75,"Demand":0,"DemandMax":4,"Value":13725},{"Length":76,"Height":32,"Demand":0,"DemandMax":4,"Value":4864},{"Length":96,"Height":9,"Demand":0,"DemandMax":4,"Value":2592},{"Length":35,"Height":11,"Demand":0,"DemandMax":4,"Value":770},{"Length":99,"Height":3,"Demand":0,"DemandMax":4,"Value":297},{"Length":24,"Height":84,"Demand":0,"DemandMax":4,"Value":6048},{"Length":36,"Height":89,"Demand":0,"DemandMax":4,"Value":9612},{"Length":12,"Height":15,"Demand":0,"DemandMax":4,"Value":180},{"Length":22,"Height":5,"Demand":0,"DemandMax":4,"Value":220},{"Length":23,"Height":45,"Demand":0,"DemandMax":4,"Value":2070},{"Length":16,"Height":16,"Demand":0,"DemandMax":4,"Value":256},{"Length":10,"Height":17,"Demand":0,"DemandMax":4,"Value":340},{"Length":38,"Height":19,"Demand":0,"DemandMax":4,"Value":1444},{"Length":88,"Height":46,"Demand":0,"DemandMax":4,"Value":4048},{"Length":79,"Height":32,"Demand":0,"DemandMax":4,"Value":5056},{"Length":39,"Height":19,"Demand":0,"DemandMax":4,"Value":1482},{"Length":42,"Height":49,"Demand":0,"DemandMax":4,"Value":2058},{"Length":6,"Height":95,"Demand":0,"DemandMax":4,"Value":1710},{"Length":86,"Height":36,"Demand":0,"DemandMax":4,"Value":6192},{"Length":27,"Height":76,"Demand":0,"DemandMax":4,"Value":6156},{"Length":83,"Height":41,"Demand":0,"DemandMax":4,"Value":6806},{"Length":81,"Height":86,"Demand":0,"DemandMax":4,"Value":6966}]}