{"Name":"ngcutfs2_62","Objects":[{"Length":100,"Height":100,"Stock":null,"Cost":10000}],"Items":[{"Length":44,"Height":24,"Demand":0,"DemandMax":1,"Value":1056},{"Length":10,"Height":90,"Demand":0,"DemandMax":1,"Value":900},{"Length":63,"Height":90,"Demand":0,"DemandMax":1,"Value":17010},{"Length":71,"Height":87,"Demand":0,"DemandMax":1,"Value":18531},{"Length":94,"Height":31,"Demand":0,"DemandMax":1,"Value":5828},{"Length":5,"Height":22,"Demand":0,"DemandMax":1,"Value":330},{"Length":22,"Height":30,"Demand":0,"DemandMax":1,"Value":660},{"Length":38,"Height":33,"Demand":0,"DemandMax":1,"Value":2508},{"Length":44,"Height":100,"Demand":0,"DemandMax":1,"Value":8800},{"Length":37,"Height":50,"Demand":0,"DemandMax":1,"Value":5550},{"Length":13,"Height":4,"Demand":0,"DemandMax":1,"Value":104},{"Length":99,"Height":17,"Demand":0,"DemandMax":1,"Value":1683},{"Length":100,"Height":7,"Demand":0,"DemandMax":1,"Value":1400},{"Length":36,"Height":7,"Demand":0,"DemandMax":1,"Value":756},{"Length":18,"Height":7,"Demand":0,"DemandMax":1,"Value":378},{"Length":12,"Height":41,"Demand":0,"DemandMax":1,"Value":984},{"Length":29,"Height":87,"Demand":0,"DemandMax":1,"Value":7569},{"Length":25,"Height":9,"Demand":0,"DemandMax":1,"Value":225},{"Length":28,"Height":89,"Demand":0,"DemandMax":1,"Value":2492},{"Length":37,"Height":78,"Demand":0,"DemandMax":1,"Value":2886},{"Length":86,"Height":43,"Demand":0,"DemandMax":1,"Value":3698},{"Length":3,"Height":43,"Demand":0,"DemandMax":1,"Value":387},{"Length":89,"Height":14,"Demand":0,"DemandMax":1,"Value":2492},{"Length":25,"Height":88,"Demand":0,"DemandMax":1,"Value":6600},{"Length":27,"Height":15,"Demand":0,"DemandMax":1,"Value":810},{"Length":23,"Height":10,"Demand":0,"DemandMax":1,"Value":460},{"Length":21,"Height":8,"Demand":0,"DemandMax":1,"Value":504},{"Length":35,"Height":14,"Demand":0,"DemandMax":1,"Value":980},{"Length":97,"Height":60,"Demand":0,"DemandMax":1,"Value":17460},{"Length":50,"Height":5,"Demand":0,"DemandMax":1,"Value":750},{"Length":44,"Height":23,"Demand":0,"DemandMax":1,"Value":3036},{"Length":37,"Height":27,"Demand":0,"DemandMax":1,"Value":999},{"Length":89,"Height":15,"Demand":0,"DemandMax":1,"Value":2670},{"Length":17,"Height":19,"Demand":0,"DemandMax":1,"Value":323},{"Length":36,"Height":36,"Demand":0,"DemandMax":1,"Value":3888},{"Length":41,"Height":8,"Demand":0,"DemandMax":1,"Value":656},{"Length":47,"Height":36,"Demand":0,"DemandMax":1,"Value":1692},{"Length":10,"Height":7,"Demand":0,"DemandMax":1,"Value":70},{"Length":46,"Height":39,"Demand":0,"DemandMax":1,"Value":5382},{"Length":83,"Height":50,"Demand":0,"DemandMax":1,"Value":12450},{"Length":52,"Height":70,"Demand":0,"DemandMax":1,"Value":7280},{"Length":16,"Height":94,"Demand":0,"DemandMax":1,"Value":1504},{"Length":96,"Height":55,"Demand":0,"DemandMax":1,"Value":5280},{"Length":25,"Height":21,"Demand":0,"DemandMax":1,"Value":525},{"Length":11,"Height":11,"Demand":0,"DemandMax":1,"Value":121},{"Length":99,"Height":44,"Demand":0,"DemandMax":1,"Value":4356},{"Length":90,"Height":94,"Demand":0,"DemandMax":1,"Value":8460},{"Length":43,"Height":12,"Demand":0,"DemandMax":2,"Value":1548},{"Length":59,"Height":68,"Demand":0,"DemandMax":1,"Value":8024},{"Length":7,"Height":24,"Demand":0,"DemandMax":1,"Value":504},{"Length":40,"Height":31,"Demand":0,"DemandMax":1,"Value":3720},{"Length":48,"Height":5,"Demand":0,"DemandMax":1,"Value":720},{"Length":80,"Height":80,"Demand":0,"DemandMax":1,"Value":6400},{"Length":41,"Height":91,"Demand":0,"DemandMax":1,"Value":7462},{"Length":27,"Height":2,"Demand":0,"DemandMax":1,"Value":108},{"Length":47,"Height":19,"Demand":0,"DemandMax":1,"Value":1786},{"Length":8,"Height":37,"Demand":0,"DemandMax":1,"Value":888},{"Length":7,"Height":22,"Demand":0,"DemandMax":1,"Value":462},{"Length":42,"Height":21,"Demand":0,"DemandMax":1,"Value":882},{"Length":43,"Height":24,"Demand":0,"DemandMax":1,"Value":2064},{"Length":21,"Height":11,"Demand":0,"DemandMax":1,"Value":231},{"Length":36,"Height":38,"Demand":0,"DemandMax":1,"Value":2736},{"Length":95,"Height":25,"Demand":0,"DemandMax":1,"Value":4750},{"Length":91,"Height":35,"Demand":0,"DemandMax":1,"Value":3185},{"Length":31,"Height":83,"Demand":0,"DemandMax":1,"Value":5146},{"Length":28,"Height":13,"Demand":0,"DemandMax":1,"Value":728},{"Length":87,"Height":18,"Demand":0,"DemandMax":1,"Value":1566},{"Length":85,"Height":57,"Demand":0,"DemandMax":1,"Value":4845},{"Length":67,"Height":57,"Demand":0,"DemandMax":1,"Value":11457},{"Length":40,"Height":3,"Demand":0,"DemandMax":1,"Value":360},{"Length":78,"Height":5,"Demand":0,"DemandMax":1,"Value":1170},{"Length":81,"Height":47,"Demand":0,"DemandMax":1,"Value":3807},{"Length":9,"Height":45,"Demand":0,"DemandMax":1,"Value":405},{"Length":26,"Height":39,"Demand":0,"DemandMax":1,"Value":3042},{"Length":97,"Height":47,"Demand":0,"DemandMax":1,"Value":9118},{"Length":87,"Height":63,"Demand":0,"DemandMax":1,"Value":5481},{"Length":27,"Height":17,"Demand":0,"DemandMax":1,"Value":918},{"Length":17,"Height":28,"Demand":0,"DemandMax":1,"Value":952},{"Length":27,"Height":7,"Demand":0,"DemandMax":1,"Value":567},{"Length":19,"Height":25,"Demand":0,"DemandMax":1,"Value":475},{"Length":16,"Height":32,"Demand":0,"DemandMax":1,"Value":1536},{"Length":33,"Height":88,"Demand":0,"DemandMax":1,"Value":2904},{"Length":95,"Height":25,"Demand":0,"DemandMax":1,"Value":7125},{"Length":12,"Height":14,"Demand":0,"DemandMax":1,"Value":168},{"Length":79,"Height":26,"Demand":0,"DemandMax":1,"Value":2054},{"Length":4,"Height":4,"Demand":0,"DemandMax":1,"Value":48},{"Length":6,"Height":16,"Demand":0,"DemandMax":1,"Value":192},{"Length":11,"Height":25,"Demand":0,"DemandMax":1,"Value":275},{"Length":12,"Height":86,"Demand":0,"DemandMax":1,"Value":1032},{"Length":21,"Height":14,"Demand":0,"DemandMax":1,"Value":588},{"Length":79,"Height":23,"Demand":0,"DemandMax":1,"Value":3634},{"Length":64,"Height":85,"Demand":0,"DemandMax":1,"Value":10880},{"Length":22,"Height":15,"Demand":0,"DemandMax":1,"Value":330},{"Length":44,"Height":42,"Demand":0,"DemandMax":1,"Value":1848},{"Length":24,"Height":47,"Demand":0,"DemandMax":1,"Value":3384},{"Length":17,"Height":26,"Demand":0,"DemandMax":1,"Value":884},{"Length":10,"Height":95,"Demand":0,"DemandMax":1,"Value":1900},{"Length":19,"Height":27,"Demand":0,"DemandMax":1,"Value":1539},{"Length":79,"Height":6,"Demand":0,"DemandMax":1,"Value":1422}]}