{"Name":"ngcutfs1_150","Objects":[{"Length":100,"Height":100,"Stock":null,"Cost":10000}],"Items":[{"Length":27,"Height":78,"Demand":0,"DemandMax":4,"Value":4212},{"Length":39,"Height":7,"Demand":0,"DemandMax":4,"Value":546},{"Length":26,"Height":15,"Demand":0,"DemandMax":4,"Value":780},{"Length":93,"Height":5,"Demand":0,"DemandMax":4,"Value":1395},{"Length":22,"Height":77,"Demand":0,"DemandMax":4,"Value":1694},{"Length":49,"Height":25,"Demand":0,"DemandMax":4,"Value":2450},{"Length":24,"Height":5,"Demand":0,"DemandMax":4,"Value":120},{"Length":96,"Height":33,"Demand":0,"DemandMax":4,"Value":9504},{"Length":2,"Height":35,"Demand":0,"DemandMax":4,"Value":140},{"Length":84,"Height":2,"Demand":0,"DemandMax":4,"Value":504},{"Length":81,"Height":50,"Demand":0,"DemandMax":4,"Value":4050},{"Length":18,"Height":14,"Demand":0,"DemandMax":4,"Value":504},{"Length":86,"Height":96,"Demand":0,"DemandMax":4,"Value":16512},{"Length":21,"Height":98,"Demand":0,"DemandMax":4,"Value":6174},{"Length":100,"Height":19,"Demand":0,"DemandMax":4,"Value":1900},{"Length":90,"Height":96,"Demand":0,"DemandMax":4,"Value":8640},{"Length":78,"Height":39,"Demand":0,"DemandMax":4,"Value":6084},{"Length":78,"Height":36,"Demand":0,"DemandMax":8,"Value":2808},{"Length":76,"Height":93,"Demand":0,"DemandMax":4,"Value":7068},{"Length":76,"Height":40,"Demand":0,"DemandMax":4,"Value":9120},{"Length":8,"Height":81,"Demand":0,"DemandMax":4,"Value":1944},{"Length":43,"Height":19,"Demand":0,"DemandMax":4,"Value":2451},{"Length":17,"Height":34,"Demand":0,"DemandMax":4,"Value":1734},{"Length":10,"Height":32,"Demand":0,"DemandMax":4,"Value":960},{"Length":51,"Height":94,"Demand":0,"DemandMax":4,"Value":4794},{"Length":80,"Height":26,"Demand":0,"DemandMax":4,"Value":4160},{"Length":3,"Height":13,"Demand":0,"DemandMax":4,"Value":117},{"Length":34,"Height":22,"Demand":0,"DemandMax":4,"Value":748},{"Length":32,"Height":33,"Demand":0,"DemandMax":4,"Value":1056},{"Length":4,"Height":91,"Demand":0,"DemandMax":4,"Value":364},{"Length":99,"Height":5,"Demand":0,"DemandMax":4,"Value":495},{"Length":18,"Height":16,"Demand":0,"DemandMax":4,"Value":288},{"Length":82,"Height":22,"Demand":0,"DemandMax":4,"Value":5412},{"Length":45,"Height":21,"Demand":0,"DemandMax":8,"Value":2835},{"Length":100,"Height":83,"Demand":0,"DemandMax":4,"Value":8300},{"Length":71,"Height":97,"Demand":0,"DemandMax":4,"Value":13774},{"Length":2,"Height":81,"Demand":0,"DemandMax":4,"Value":324},{"Length":80,"Height":30,"Demand":0,"DemandMax":4,"Value":7200},{"Length":60,"Height":61,"Demand":0,"DemandMax":4,"Value":7320},{"Length":47,"Height":2,"Demand":0,"DemandMax":4,"Value":94},{"Length":48,"Height":48,"Demand":0,"DemandMax":4,"Value":6912},{"Length":59,"Height":79,"Demand":0,"DemandMax":4,"Value":9322},{"Length":45,"Height":11,"Demand":0,"DemandMax":4,"Value":495},{"Length":37,"Height":94,"Demand":0,"DemandMax":4,"Value":6956},{"Length":92,"Height":32,"Demand":0,"DemandMax":4,"Value":8832},{"Length":82,"Height":22,"Demand":0,"DemandMax":4,"Value":1804},{"Length":32,"Height":10,"Demand":0,"DemandMax":4,"Value":960},{"Length":76,"Height":37,"Demand":0,"DemandMax":4,"Value":8436},{"Length":52,"Height":77,"Demand":0,"DemandMax":4,"Value":8008},{"Length":5,"Height":21,"Demand":0,"DemandMax":4,"Value":105},{"Length":93,"Height":29,"Demand":0,"DemandMax":4,"Value":8091},{"Length":26,"Height":30,"Demand":0,"DemandMax":4,"Value":780},{"Length":91,"Height":9,"Demand":0,"DemandMax":4,"Value":1638},{"Length":95,"Height":41,"Demand":0,"DemandMax":4,"Value":11685},{"Length":44,"Height":79,"Demand":0,"DemandMax":4,"Value":3476},{"Length":71,"Height":81,"Demand":0,"DemandMax":4,"Value":11502},{"Length":95,"Height":59,"Demand":0,"DemandMax":4,"Value":11210},{"Length":49,"Height":42,"Demand":0,"DemandMax":4,"Value":4116},{"Length":13,"Height":45,"Demand":0,"DemandMax":4,"Value":585},{"Length":44,"Height":23,"Demand":0,"DemandMax":4,"Value":1012},{"Length":33,"Height":50,"Demand":0,"DemandMax":4,"Value":1650},{"Length":40,"Height":98,"Demand":0,"DemandMax":4,"Value":7840},{"Length":13,"Height":47,"Demand":0,"DemandMax":4,"Value":611},{"Length":97,"Height":23,"Demand":0,"DemandMax":4,"Value":2231},{"Length":84,"Height":39,"Demand":0,"DemandMax":4,"Value":3276},{"Length":89,"Height":12,"Demand":0,"DemandMax":4,"Value":3204},{"Length":18,"Height":45,"Demand":0,"DemandMax":4,"Value":810},{"Length":3,"Height":79,"Demand":0,"DemandMax":4,"Value":237},{"Length":9,"Height":7,"Demand":0,"DemandMax":4,"Value":126},{"Length":76,"Height":82,"Demand":0,"DemandMax":4,"Value":18696},{"Length":91,"Height":79,"Demand":0,"DemandMax":4,"Value":14378},{"Length":2,"Height":47,"Demand":0,"DemandMax":4,"Value":282},{"Length":7,"Height":23,"Demand":0,"DemandMax":4,"Value":483},{"Length":44,"Height":42,"Demand":0,"DemandMax":4,"Value":5544},{"Length":22,"Height":34,"Demand":0,"DemandMax":4,"Value":2244},{"Length":98,"Height":63,"Demand":0,"DemandMax":4,"Value":12348},{"Length":22,"Height":24,"Demand":0,"DemandMax":4,"Value":528},{"Length":49,"Height":29,"Demand":0,"DemandMax":4,"Value":4263},{"Length":7,"Height":29,"Demand":0,"DemandMax":4,"Value":406},{"Length":41,"Height":90,"Demand":0,"DemandMax":4,"Value":7380},{"Length":34,"Height":33,"Demand":0,"DemandMax":4,"Value":2244},{"Length":75,"Height":84,"Demand":0,"DemandMax":4,"Value":6300},{"Length":4,"Height":27,"Demand":0,"DemandMax":4,"Value":216},{"Length":50,"Height":82,"Demand":0,"DemandMax":4,"Value":8200},{"Length":97,"Height":60,"Demand":0,"DemandMax":4,"Value":11640},{"Length":33,"Height":91,"Demand":0,"DemandMax":4,"Value":9009},{"Length":30,"Height":24,"Demand":0,"DemandMax":4,"Value":1440},{"Length":14,"Height":97,"Demand":0,"DemandMax":4,"Value":4074},{"Length":74,"Height":60,"Demand":0,"DemandMax":4,"Value":13320},{"Length":56,"Height":93,"Demand":0,"DemandMax":4,"Value":5208},{"Length":31,"Height":22,"Demand":0,"DemandMax":4,"Value":682},{"Length":44,"Height":13,"Demand":0,"DemandMax":4,"Value":1144},{"Length":69,"Height":56,"Demand":0,"DemandMax":4,"Value":11592},{"Length":44,"Height":16,"Demand":0,"DemandMax":8,"Value":704},{"Length":27,"Height":36,"Demand":0,"DemandMax":4,"Value":2916},{"Length":72,"Height":75,"Demand":0,"DemandMax":4,"Value":10800},{"Length":77,"Height":79,"Demand":0,"DemandMax":4,"Value":18249},{"Length":85,"Height":86,"Demand":0,"DemandMax":4,"Value":7310},{"Length":27,"Height":76,"Demand":0,"DemandMax":4,"Value":2052},{"Length":24,"Height":23,"Demand":0,"DemandMax":4,"Value":1104},{"Length":38,"Height":11,"Demand":0,"DemandMax":4,"Value":836},{"Length":85,"Height":39,"Demand":0,"DemandMax":4,"Value":9945},{"Length":29,"Height":87,"Demand":0,"DemandMax":4,"Value":7569},{"Length":95,"Height":21,"Demand":0,"DemandMax":4,"Value":5985},{"Length":24,"Height":18,"Demand":0,"DemandMax":4,"Value":864},{"Length":3,"Height":88,"Demand":0,"DemandMax":4,"Value":264},{"Length":84,"Height":85,"Demand":0,"DemandMax":4,"Value":14280},{"Length":71,"Height":57,"Demand":0,"DemandMax":4,"Value":12141},{"Length":21,"Height":81,"Demand":0,"DemandMax":4,"Value":5103},{"Length":34,"Height":39,"Demand":0,"DemandMax":4,"Value":2652},{"Length":6,"Height":23,"Demand":0,"DemandMax":4,"Value":276},{"Length":7,"Height":49,"Demand":0,"DemandMax":4,"Value":686},{"Length":85,"Height":66,"Demand":0,"DemandMax":4,"Value":16830},{"Length":88,"Height":27,"Demand":0,"DemandMax":4,"Value":4752},{"Length":4,"Height":28,"Demand":0,"DemandMax":4,"Value":112},{"Length":40,"Height":22,"Demand":0,"DemandMax":4,"Value":2640},{"Length":81,"Height":31,"Demand":0,"DemandMax":4,"Value":5022},{"Length":12,"Height":33,"Demand":0,"DemandMax":4,"Value":396},{"Length":87,"Height":36,"Demand":0,"DemandMax":4,"Value":3132},{"Length":69,"Height":89,"Demand":0,"DemandMax":4,"Value":6141},{"Length":55,"Height":70,"Demand":0,"DemandMax":4,"Value":11550},{"Length":25,"Height":17,"Demand":0,"DemandMax":4,"Value":850},{"Length":2,"Height":46,"Demand":0,"DemandMax":4,"Value":184},{"Length":92,"Height":90,"Demand":0,"DemandMax":4,"Value":16560},{"Length":64,"Height":61,"Demand":0,"DemandMax":4,"Value":7808},{"Length":98,"Height":7,"Demand":0,"DemandMax":4,"Value":2058},{"Length":7,"Height":43,"Demand":0,"DemandMax":4,"Value":903},{"Length":41,"Height":12,"Demand":0,"DemandMax":4,"Value":984},{"Length":28,"Height":15,"Demand":0,"DemandMax":4,"Value":1260},{"Length":5,"Height":81,"Demand":0,"DemandMax":4,"Value":1215},{"Length":13,"Height":39,"Demand":0,"DemandMax":4,"Value":1521},{"Length":27,"Height":82,"Demand":0,"DemandMax":4,"Value":4428},{"Length":4,"Height":40,"Demand":0,"DemandMax":4,"Value":160},{"Length":85,"Height":9,"Demand":0,"DemandMax":4,"Value":1530},{"Length":49,"Height":26,"Demand":0,"DemandMax":4,"Value":1274},{"Length":7,"Height":36,"Demand":0,"DemandMax":4,"Value":756},{"Length":13,"Height":6,"Demand":0,"DemandMax":4,"Value":234},{"Length":97,"Height":67,"Demand":0,"DemandMax":4,"Value":12998},{"Length":8,"Height":26,"Demand":0,"DemandMax":4,"Value":624},{"Length":29,"Height":7,"Demand":0,"DemandMax":4,"Value":406},{"Length":36,"Height":10,"Demand":0,"DemandMax":4,"Value":720},{"Length":7,"Height":48,"Demand":0,"DemandMax":4,"Value":672},{"Length":59,"Height":53,"Demand":0,"DemandMax":4,"Value":6254},{"Length":74,"Height":67,"Demand":0,"DemandMax":4,"Value":14874},{"Length":29,"Height":37,"Demand":0,"DemandMax":4,"Value":3219},{"Length":26,"Height":93,"Demand":0,"DemandMax":4,"Value":7254},{"Length":46,"Height":9,"Demand":0,"DemandMax":4,"Value":828},{"Length":91,"Height":26,"Demand":0,"DemandMax":4,"Value":7098},{"Length":96,"Height":24,"Demand":0,"DemandMax":4,"Value":2304},{"Length":76,"Height":64,"Demand":0,"DemandMax":4,"Value":9728},{"Length":92,"Height":79,"Demand":0,"DemandMax":4,"Value":7268},{"Length":36,"Height":100,"Demand":0,"DemandMax":4,"Value":10800},{"Length":92,"Height":83,"Demand":0,"DemandMax":4,"Value":15272},{"Length":79,"Height":10,"Demand":0,"DemandMax":4,"Value":2370},{"Length":50,"Height":24,"Demand":0,"DemandMax":4,"Value":1200},{"Length":3,"Height":32,"Demand":0,"DemandMax":4,"Value":96},{"Length":76,"Height":99,"Demand":0,"DemandMax":4,"Value":15048},{"Length":4,"Height":79,"Demand":0,"DemandMax":4,"Value":632},{"Length":84,"Height":31,"Demand":0,"DemandMax":4,"Value":2604},{"Length":82,"Height":80,"Demand":0,"DemandMax":4,"Value":6560},{"Length":8,"Height":80,"Demand":0,"DemandMax":4,"Value":1280},{"Length":7,"Height":23,"Demand":0,"DemandMax":4,"Value":322},{"Length":90,"Height":28,"Demand":0,"DemandMax":4,"Value":5040},{"Length":85,"Height":5,"Demand":0,"DemandMax":4,"Value":850},{"Length":32,"Height":34,"Demand":0,"DemandMax":4,"Value":2176},{"Length":71,"Height":60,"Demand":0,"DemandMax":4,"Value":8520},{"Length":18,"Height":49,"Demand":0,"DemandMax":4,"Value":882},{"Length":3,"Height":42,"Demand":0,"DemandMax":4,"Value":252},{"Length":7,"Height":97,"Demand":0,"DemandMax":4,"Value":1358},{"Length":45,"Height":40,"Demand":0,"DemandMax":4,"Value":5400},{"Length":23,"Height":39,"Demand":0,"DemandMax":4,"Value":2691},{"Length":14,"Height":100,"Demand":0,"DemandMax":4,"Value":4200},{"Length":34,"Height":80,"Demand":0,"DemandMax":4,"Value":5440},{"Length":83,"Height":4,"Demand":0,"DemandMax":4,"Value":996},{"Length":29,"Height":89,"Demand":0,"DemandMax":4,"Value":2581},{"Length":12,"Height":98,"Demand":0,"DemandMax":4,"Value":2352},{"Length":33,"Height":13,"Demand":0,"DemandMax":4,"Value":858},{"Length":82,"Height":50,"Demand":0,"DemandMax":4,"Value":12300},{"Length":83,"Height":13,"Demand":0,"DemandMax":4,"Value":2158},{"Length":89,"Height":18,"Demand":0,"DemandMax":4,"Value":1602},{"Length":99,"Height":16,"Demand":0,"DemandMax":4,"Value":3168},{"Length":87,"Height":73,"Demand":0,"DemandMax":4,"Value":6351},{"Length":50,"Height":99,"Demand":0,"DemandMax":4,"Value":9900},{"Length":32,"Height":89,"Demand":0,"DemandMax":4,"Value":2848},{"Length":41,"Height":21,"Demand":0,"DemandMax":4,"Value":861},{"Length":23,"Height":27,"Demand":0,"DemandMax":4,"Value":1242},{"Length":63,"Height":76,"Demand":0,"DemandMax":4,"Value":9576},{"Length":97,"Height":66,"Demand":0,"DemandMax":4,"Value":6402},{"Length":8,"Height":47,"Demand":0,"DemandMax":4,"Value":1128},{"Length":7,"Height":80,"Demand":0,"DemandMax":4,"Value":560},{"Length":33,"Height":94,"Demand":0,"DemandMax":4,"Value":9306},{"Length":67,"Height":62,"Demand":0,"DemandMax":4,"Value":8308},{"Length":80,"Height":45,"Demand":0,"DemandMax":4,"Value":3600},{"Length":39,"Height":45,"Demand":0,"DemandMax":4,"Value":3510},{"Length":73,"Height":79,"Demand":0,"DemandMax":4,"Value":5767},{"Length":13,"Height":43,"Demand":0,"DemandMax":4,"Value":1677},{"Length":89,"Height":24,"Demand":0,"DemandMax":4,"Value":4272},{"Length":96,"Height":99,"Demand":0,"DemandMax":4,"Value":19008},{"Length":87,"Height":27,"Demand":0,"DemandMax":4,"Value":2349},{"Length":20,"Height":24,"Demand":0,"DemandMax":4,"Value":960},{"Length":22,"Height":49,"Demand":0,"DemandMax":4,"Value":3234},{"Length":26,"Height":45,"Demand":0,"DemandMax":4,"Value":1170},{"Length":79,"Height":43,"Demand":0,"DemandMax":4,"Value":6794},{"Length":76,"Height":89,"Demand":0,"DemandMax":4,"Value":6764},{"Length":35,"Height":30,"Demand":0,"DemandMax":4,"Value":3150},{"Length":41,"Height":42,"Demand":0,"DemandMax":4,"Value":3444},{"Length":95,"Height":41,"Demand":0,"DemandMax":4,"Value":7790},{"Length":22,"Height":11,"Demand":0,"DemandMax":4,"Value":484},{"Length":88,"Height":9,"Demand":0,"DemandMax":4,"Value":792},{"Length":36,"Height":20,"Demand":0,"DemandMax":4,"Value":1440},{"Length":37,"Height":39,"Demand":0,"DemandMax":4,"Value":2886},{"Length":4,"Height":18,"Demand":0,"DemandMax":4,"Value":216},{"Length":47,"Height":22,"Demand":0,"DemandMax":4,"Value":2068},{"Length":22,"Height":14,"Demand":0,"DemandMax":4,"Value":924},{"Length":86,"Height":45,"Demand":0,"DemandMax":4,"Value":7740},{"Length":78,"Height":45,"Demand":0,"DemandMax":4,"Value":7020},{"Length":92,"Height":14,"Demand":0,"DemandMax":4,"Value":2576},{"Length":48,"Height":13,"Demand":0,"DemandMax":4,"Value":624},{"Length":25,"Height":35,"Demand":0,"DemandMax":4,"Value":1750},{"Length":43,"Height":4,"Demand":0,"DemandMax":4,"Value":344},{"Length":23,"Height":44,"Demand":0,"DemandMax":4,"Value":3036},{"Length":18,"Height":91,"Demand":0,"DemandMax":4,"Value":4914},{"Length":35,"Height":5,"Demand":0,"DemandMax":4,"Value":525},{"Length":63,"Height":83,"Demand":0,"DemandMax":4,"Value":5229},{"Length":99,"Height":52,"Demand":0,"DemandMax":4,"Value":10296},{"Length":26,"Height":86,"Demand":0,"DemandMax":4,"Value":2236},{"Length":92,"Height":48,"Demand":0,"DemandMax":4,"Value":13248},{"Length":79,"Height":27,"Demand":0,"DemandMax":4,"Value":6399},{"Length":86,"Height":47,"Demand":0,"DemandMax":4,"Value":12126},{"Length":89,"Height":3,"Demand":0,"DemandMax":4,"Value":534},{"Length":24,"Height":20,"Demand":0,"DemandMax":4,"Value":960},{"Length":24,"Height":9,"Demand":0,"DemandMax":4,"Value":432},{"Length":90,"Height":63,"Demand":0,"DemandMax":4,"Value":17010},{"Length":88,"Height":81,"Demand":0,"DemandMax":4,"Value":7128},{"Length":93,"Height":36,"Demand":0,"DemandMax":4,"Value":10044},{"Length":32,"Height":93,"Demand":0,"DemandMax":4,"Value":5952},{"Length":30,"Height":47,"Demand":0,"DemandMax":4,"Value":4230},{"Length":19,"Height":29,"Demand":0,"DemandMax":4,"Value":551},{"Length":21,"Height":44,"Demand":0,"DemandMax":4,"Value":924},{"Length":24,"Height":76,"Demand":0,"DemandMax":4,"Value":5472},{"Length":18,"Height":40,"Demand":0,"DemandMax":4,"Value":720},{"Length":26,"Height":76,"Demand":0,"DemandMax":4,"Value":3952},{"Length":78,"Height":18,"Demand":0,"DemandMax":4,"Value":4212},{"Length":33,"Height":93,"Demand":0,"DemandMax":4,"Value":3069},{"Length":99,"Height":42,"Demand":0,"DemandMax":4,"Value":8316},{"Length":84,"Height":20,"Demand":0,"DemandMax":4,"Value":5040},{"Length":57,"Height":58,"Demand":0,"DemandMax":4,"Value":9918}]}