{"Name":"ngcutfs3_3","Objects":[{"Length":100,"Height":100,"Stock":null,"Cost":10000}],"Items":[{"Length":31,"Height":36,"Demand":0,"DemandMax":1,"Value":1116},{"Length":48,"Height":30,"Demand":0,"DemandMax":1,"Value":1440},{"Length":18,"Height":11,"Demand":0,"DemandMax":1,"Value":396},{"Length":13,"Height":25,"Demand":0,"DemandMax":1,"Value":975},{"Length":15,"Height":24,"Demand":0,"DemandMax":1,"Value":360},{"Length":39,"Height":36,"Demand":0,"DemandMax":1,"Value":4212},{"Length":44,"Height":24,"Demand":0,"DemandMax":1,"Value":3168},{"Length":4,"Height":88,"Demand":0,"DemandMax":1,"Value":1056},{"Length":75,"Height":75,"Demand":0,"DemandMax":1,"Value":16875},{"Length":23,"Height":45,"Demand":0,"DemandMax":1,"Value":1035},{"Length":21,"Height":45,"Demand":0,"DemandMax":1,"Value":1890},{"Length":32,"Height":29,"Demand":0,"DemandMax":1,"Value":2784},{"Length":13,"Height":31,"Demand":0,"DemandMax":1,"Value":1209},{"Length":99,"Height":23,"Demand":0,"DemandMax":1,"Value":4554},{"Length":22,"Height":94,"Demand":0,"DemandMax":1,"Value":6204},{"Length":11,"Height":20,"Demand":0,"DemandMax":1,"Value":220},{"Length":21,"Height":43,"Demand":0,"DemandMax":1,"Value":2709},{"Length":77,"Height":55,"Demand":0,"DemandMax":1,"Value":12705},{"Length":21,"Height":12,"Demand":0,"DemandMax":1,"Value":756},{"Length":11,"Height":100,"Demand":0,"DemandMax":1,"Value":3300},{"Length":31,"Height":8,"Demand":0,"DemandMax":1,"Value":744},{"Length":59,"Height":55,"Demand":0,"DemandMax":1,"Value":3245},{"Length":28,"Height":39,"Demand":0,"DemandMax":1,"Value":2184},{"Length":41,"Height":80,"Demand":0,"DemandMax":1,"Value":9840},{"Length":32,"Height":21,"Demand":0,"DemandMax":1,"Value":1344},{"Length":10,"Height":43,"Demand":0,"DemandMax":1,"Value":860},{"Length":42,"Height":15,"Demand":0,"DemandMax":1,"Value":1890},{"Length":45,"Height":13,"Demand":0,"DemandMax":1,"Value":1170},{"Length":21,"Height":10,"Demand":0,"DemandMax":1,"Value":210},{"Length":15,"Height":81,"Demand":0,"DemandMax":1,"Value":2430},{"Length":18,"Height":28,"Demand":0,"DemandMax":1,"Value":1008},{"Length":44,"Height":33,"Demand":0,"DemandMax":1,"Value":4356},{"Length":90,"Height":11,"Demand":0,"DemandMax":1,"Value":2970},{"Length":28,"Height":100,"Demand":0,"DemandMax":1,"Value":8400},{"Length":68,"Height":71,"Demand":0,"DemandMax":1,"Value":4828},{"Length":36,"Height":78,"Demand":0,"DemandMax":1,"Value":2808},{"Length":37,"Height":11,"Demand":0,"DemandMax":1,"Value":1221},{"Length":7,"Height":44,"Demand":0,"DemandMax":1,"Value":616},{"Length":46,"Height":11,"Demand":0,"DemandMax":1,"Value":1518},{"Length":11,"Height":8,"Demand":0,"DemandMax":1,"Value":176}]}