{"Name":"ngcutfs1_41","Objects":[{"Length":100,"Height":100,"Stock":null,"Cost":10000}],"Items":[{"Length":23,"Height":40,"Demand":0,"DemandMax":3,"Value":2760},{"Length":95,"Height":32,"Demand":0,"DemandMax":3,"Value":9120},{"Length":22,"Height":26,"Demand":0,"DemandMax":3,"Value":1716},{"Length":7,"Height":82,"Demand":0,"DemandMax":3,"Value":1148},{"Length":79,"Height":57,"Demand":0,"DemandMax":3,"Value":9006},{"Length":72,"Height":60,"Demand":0,"DemandMax":3,"Value":8640},{"Length":85,"Height":66,"Demand":0,"DemandMax":3,"Value":11220},{"Length":85,"Height":22,"Demand":0,"DemandMax":3,"Value":5610},{"Length":39,"Height":38,"Demand":0,"DemandMax":3,"Value":4446},{"Length":9,"Height":87,"Demand":0,"DemandMax":3,"Value":783},{"Length":11,"Height":43,"Demand":0,"DemandMax":3,"Value":473},{"Length":51,"Height":95,"Demand":0,"DemandMax":3,"Value":14535},{"Length":20,"Height":42,"Demand":0,"DemandMax":3,"Value":840},{"Length":28,"Height":80,"Demand":0,"DemandMax":3,"Value":6720},{"Length":19,"Height":89,"Demand":0,"DemandMax":3,"Value":3382},{"Length":16,"Height":2,"Demand":0,"DemandMax":3,"Value":64},{"Length":38,"Height":89,"Demand":0,"DemandMax":3,"Value":10146},{"Length":80,"Height":66,"Demand":0,"DemandMax":3,"Value":5280},{"Length":36,"Height":91,"Demand":0,"DemandMax":3,"Value":6552},{"Length":17,"Height":37,"Demand":0,"DemandMax":3,"Value":1887},{"Length":3,"Height":48,"Demand":0,"DemandMax":3,"Value":432},{"Length":37,"Height":28,"Demand":0,"DemandMax":3,"Value":1036},{"Length":25,"Height":26,"Demand":0,"DemandMax":3,"Value":650},{"Length":30,"Height":17,"Demand":0,"DemandMax":3,"Value":510},{"Length":7,"Height":16,"Demand":0,"DemandMax":3,"Value":112},{"Length":100,"Height":63,"Demand":0,"DemandMax":3,"Value":18900},{"Length":40,"Height":96,"Demand":0,"DemandMax":3,"Value":3840},{"Length":58,"Height":92,"Demand":0,"DemandMax":3,"Value":16008},{"Length":21,"Height":10,"Demand":0,"DemandMax":3,"Value":210},{"Length":26,"Height":29,"Demand":0,"DemandMax":3,"Value":754},{"Length":13,"Height":78,"Demand":0,"DemandMax":3,"Value":2028},{"Length":31,"Height":80,"Demand":0,"DemandMax":3,"Value":7440},{"Length":36,"Height":23,"Demand":0,"DemandMax":3,"Value":828},{"Length":49,"Height":15,"Demand":0,"DemandMax":3,"Value":2205},{"Length":98,"Height":36,"Demand":0,"DemandMax":3,"Value":3528},{"Length":38,"Height":88,"Demand":0,"DemandMax":3,"Value":6688},{"Length":67,"Height":74,"Demand":0,"DemandMax":3,"Value":9916},{"Length":11,"Height":17,"Demand":0,"DemandMax":3,"Value":374},{"Length":100,"Height":48,"Demand":0,"DemandMax":3,"Value":9600},{"Length":25,"Height":33,"Demand":0,"DemandMax":3,"Value":825},{"Length":100,"Height":78,"Demand":0,"DemandMax":3,"Value":15600},{"Length":43,"Height":77,"Demand":0,"DemandMax":3,"Value":9933},{"Length":59,"Height":81,"Demand":0,"DemandMax":3,"Value":9558},{"Length":54,"Height":66,"Demand":0,"DemandMax":3,"Value":10692},{"Length":5,"Height":14,"Demand":0,"DemandMax":3,"Value":210},{"Length":17,"Height":44,"Demand":0,"DemandMax":3,"Value":1496},{"Length":86,"Height":89,"Demand":0,"DemandMax":3,"Value":15308},{"Length":19,"Height":81,"Demand":0,"DemandMax":3,"Value":1539},{"Length":5,"Height":77,"Demand":0,"DemandMax":3,"Value":1155},{"Length":65,"Height":92,"Demand":0,"DemandMax":3,"Value":17940}]}