{"Name":"ngcutfs3_113","Objects":[{"Length":100,"Height":100,"Stock":null,"Cost":10000}],"Items":[{"Length":31,"Height":36,"Demand":0,"DemandMax":4,"Value":1116},{"Length":43,"Height":45,"Demand":0,"DemandMax":4,"Value":5805},{"Length":40,"Height":33,"Demand":0,"DemandMax":4,"Value":3960},{"Length":10,"Height":48,"Demand":0,"DemandMax":4,"Value":960},{"Length":88,"Height":55,"Demand":0,"DemandMax":4,"Value":9680},{"Length":21,"Height":45,"Demand":0,"DemandMax":4,"Value":1890},{"Length":5,"Height":33,"Demand":0,"DemandMax":4,"Value":495},{"Length":92,"Height":33,"Demand":0,"DemandMax":4,"Value":3036},{"Length":81,"Height":6,"Demand":0,"DemandMax":4,"Value":972},{"Length":98,"Height":14,"Demand":0,"DemandMax":4,"Value":2744},{"Length":39,"Height":81,"Demand":0,"DemandMax":4,"Value":6318},{"Length":22,"Height":18,"Demand":0,"DemandMax":4,"Value":396},{"Length":32,"Height":48,"Demand":0,"DemandMax":4,"Value":4608},{"Length":86,"Height":55,"Demand":0,"DemandMax":4,"Value":14190},{"Length":10,"Height":25,"Demand":0,"DemandMax":4,"Value":500},{"Length":9,"Height":47,"Demand":0,"DemandMax":4,"Value":1269},{"Length":27,"Height":22,"Demand":0,"DemandMax":4,"Value":1782},{"Length":67,"Height":65,"Demand":0,"DemandMax":4,"Value":13065},{"Length":21,"Height":3,"Demand":0,"DemandMax":4,"Value":126},{"Length":95,"Height":29,"Demand":0,"DemandMax":4,"Value":8265},{"Length":24,"Height":8,"Demand":0,"DemandMax":4,"Value":576},{"Length":78,"Height":53,"Demand":0,"DemandMax":4,"Value":12402},{"Length":81,"Height":63,"Demand":0,"DemandMax":4,"Value":10206},{"Length":33,"Height":18,"Demand":0,"DemandMax":4,"Value":1782},{"Length":38,"Height":22,"Demand":0,"DemandMax":4,"Value":1672},{"Length":49,"Height":3,"Demand":0,"DemandMax":4,"Value":147},{"Length":16,"Height":42,"Demand":0,"DemandMax":4,"Value":672},{"Length":13,"Height":42,"Demand":0,"DemandMax":4,"Value":1092},{"Length":30,"Height":5,"Demand":0,"DemandMax":4,"Value":300},{"Length":39,"Height":48,"Demand":0,"DemandMax":4,"Value":3744},{"Length":74,"Height":89,"Demand":0,"DemandMax":4,"Value":6586},{"Length":94,"Height":8,"Demand":0,"DemandMax":4,"Value":1504},{"Length":42,"Height":16,"Demand":0,"DemandMax":4,"Value":672},{"Length":9,"Height":6,"Demand":0,"DemandMax":4,"Value":162},{"Length":46,"Height":30,"Demand":0,"DemandMax":4,"Value":2760},{"Length":28,"Height":17,"Demand":0,"DemandMax":4,"Value":476},{"Length":39,"Height":42,"Demand":0,"DemandMax":4,"Value":1638},{"Length":41,"Height":34,"Demand":0,"DemandMax":4,"Value":2788},{"Length":47,"Height":25,"Demand":0,"DemandMax":4,"Value":3525},{"Length":44,"Height":16,"Demand":0,"DemandMax":4,"Value":2112},{"Length":3,"Height":98,"Demand":0,"DemandMax":4,"Value":588},{"Length":3,"Height":91,"Demand":0,"DemandMax":4,"Value":546},{"Length":9,"Height":23,"Demand":0,"DemandMax":4,"Value":414},{"Length":25,"Height":33,"Demand":0,"DemandMax":4,"Value":2475},{"Length":99,"Height":14,"Demand":0,"DemandMax":4,"Value":4158},{"Length":35,"Height":38,"Demand":0,"DemandMax":4,"Value":2660},{"Length":23,"Height":18,"Demand":0,"DemandMax":4,"Value":1242},{"Length":48,"Height":22,"Demand":0,"DemandMax":4,"Value":3168},{"Length":32,"Height":17,"Demand":0,"DemandMax":4,"Value":544},{"Length":35,"Height":10,"Demand":0,"DemandMax":4,"Value":1050},{"Length":20,"Height":39,"Demand":0,"DemandMax":4,"Value":780},{"Length":9,"Height":50,"Demand":0,"DemandMax":4,"Value":1350},{"Length":8,"Height":37,"Demand":0,"DemandMax":4,"Value":592},{"Length":16,"Height":38,"Demand":0,"DemandMax":4,"Value":1216},{"Length":28,"Height":24,"Demand":0,"DemandMax":4,"Value":1344},{"Length":30,"Height":11,"Demand":0,"DemandMax":4,"Value":660},{"Length":96,"Height":37,"Demand":0,"DemandMax":4,"Value":10656},{"Length":8,"Height":84,"Demand":0,"DemandMax":4,"Value":2016},{"Length":26,"Height":17,"Demand":0,"DemandMax":4,"Value":442},{"Length":43,"Height":34,"Demand":0,"DemandMax":4,"Value":2924},{"Length":15,"Height":89,"Demand":0,"DemandMax":4,"Value":2670},{"Length":33,"Height":27,"Demand":0,"DemandMax":4,"Value":891},{"Length":36,"Height":7,"Demand":0,"DemandMax":4,"Value":252},{"Length":33,"Height":84,"Demand":0,"DemandMax":4,"Value":2772},{"Length":43,"Height":8,"Demand":0,"DemandMax":4,"Value":688},{"Length":50,"Height":29,"Demand":0,"DemandMax":4,"Value":1450},{"Length":5,"Height":42,"Demand":0,"DemandMax":4,"Value":420},{"Length":32,"Height":24,"Demand":0,"DemandMax":4,"Value":2304},{"Length":27,"Height":33,"Demand":0,"DemandMax":4,"Value":2673},{"Length":17,"Height":13,"Demand":0,"DemandMax":4,"Value":442},{"Length":93,"Height":89,"Demand":0,"DemandMax":4,"Value":16554},{"Length":89,"Height":74,"Demand":0,"DemandMax":4,"Value":19758},{"Length":33,"Height":13,"Demand":0,"DemandMax":4,"Value":1287},{"Length":23,"Height":12,"Demand":0,"DemandMax":4,"Value":276},{"Length":19,"Height":18,"Demand":0,"DemandMax":4,"Value":684},{"Length":77,"Height":23,"Demand":0,"DemandMax":4,"Value":3542},{"Length":23,"Height":12,"Demand":0,"DemandMax":4,"Value":552},{"Length":9,"Height":17,"Demand":0,"DemandMax":4,"Value":306},{"Length":36,"Height":93,"Demand":0,"DemandMax":4,"Value":10044},{"Length":66,"Height":97,"Demand":0,"DemandMax":4,"Value":12804},{"Length":47,"Height":13,"Demand":0,"DemandMax":4,"Value":1833},{"Length":35,"Height":88,"Demand":0,"DemandMax":4,"Value":9240},{"Length":4,"Height":32,"Demand":0,"DemandMax":4,"Value":384},{"Length":28,"Height":5,"Demand":0,"DemandMax":4,"Value":140},{"Length":30,"Height":49,"Demand":0,"DemandMax":4,"Value":1470},{"Length":49,"Height":32,"Demand":0,"DemandMax":4,"Value":3136},{"Length":34,"Height":22,"Demand":0,"DemandMax":4,"Value":2244},{"Length":34,"Height":9,"Demand":0,"DemandMax":4,"Value":612},{"Length":39,"Height":23,"Demand":0,"DemandMax":4,"Value":897},{"Length":24,"Height":12,"Demand":0,"DemandMax":4,"Value":288},{"Length":42,"Height":88,"Demand":0,"DemandMax":4,"Value":11088},{"Length":15,"Height":46,"Demand":0,"DemandMax":4,"Value":2070},{"Length":10,"Height":18,"Demand":0,"DemandMax":4,"Value":180},{"Length":31,"Height":87,"Demand":0,"DemandMax":4,"Value":2697},{"Length":27,"Height":77,"Demand":0,"DemandMax":4,"Value":2079},{"Length":90,"Height":54,"Demand":0,"DemandMax":4,"Value":14580},{"Length":26,"Height":39,"Demand":0,"DemandMax":4,"Value":2028},{"Length":17,"Height":15,"Demand":0,"DemandMax":4,"Value":510},{"Length":26,"Height":33,"Demand":0,"DemandMax":4,"Value":2574},{"Length":23,"Height":9,"Demand":0,"DemandMax":4,"Value":414},{"Length":43,"Height":28,"Demand":0,"DemandMax":4,"Value":2408},{"Length":27,"Height":43,"Demand":0,"DemandMax":4,"Value":2322},{"Length":27,"Height":27,"Demand":0,"DemandMax":4,"Value":2187},{"Length":37,"Height":4,"Demand":0,"DemandMax":4,"Value":296},{"Length":22,"Height":96,"Demand":0,"DemandMax":4,"Value":2112},{"Length":95,"Height":6,"Demand":0,"DemandMax":4,"Value":1710},{"Length":3,"Height":21,"Demand":0,"DemandMax":4,"Value":126},{"Length":82,"Height":24,"Demand":0,"DemandMax":4,"Value":1968},{"Length":67,"Height":88,"Demand":0,"DemandMax":4,"Value":11792},{"Length":21,"Height":79,"Demand":0,"DemandMax":4,"Value":4977},{"Length":15,"Height":40,"Demand":0,"DemandMax":4,"Value":1800},{"Length":31,"Height":14,"Demand":0,"DemandMax":4,"Value":434},{"Length":49,"Height":76,"Demand":0,"DemandMax":4,"Value":11172},{"Length":28,"Height":20,"Demand":0,"DemandMax":4,"Value":1680},{"Length":96,"Height":41,"Demand":0,"DemandMax":4,"Value":7872},{"Length":39,"Height":37,"Demand":0,"DemandMax":4,"Value":1443},{"Length":5,"Height":40,"Demand":0,"DemandMax":4,"Value":400},{"Length":4,"Height":36,"Demand":0,"DemandMax":4,"Value":432},{"Length":64,"Height":98,"Demand":0,"DemandMax":4,"Value":6272},{"Length":39,"Height":29,"Demand":0,"DemandMax":4,"Value":3393},{"Length":14,"Height":84,"Demand":0,"DemandMax":4,"Value":2352},{"Length":45,"Height":24,"Demand":0,"DemandMax":4,"Value":3240},{"Length":22,"Height":19,"Demand":0,"DemandMax":4,"Value":418},{"Length":87,"Height":89,"Demand":0,"DemandMax":4,"Value":15486},{"Length":3,"Height":94,"Demand":0,"DemandMax":4,"Value":564},{"Length":16,"Height":34,"Demand":0,"DemandMax":4,"Value":1088},{"Length":36,"Height":8,"Demand":0,"DemandMax":4,"Value":288},{"Length":28,"Height":37,"Demand":0,"DemandMax":4,"Value":3108},{"Length":44,"Height":7,"Demand":0,"DemandMax":4,"Value":924},{"Length":15,"Height":87,"Demand":0,"DemandMax":4,"Value":3915},{"Length":91,"Height":24,"Demand":0,"DemandMax":4,"Value":4368},{"Length":12,"Height":99,"Demand":0,"DemandMax":4,"Value":2376},{"Length":22,"Height":40,"Demand":0,"DemandMax":4,"Value":1760},{"Length":16,"Height":22,"Demand":0,"DemandMax":4,"Value":352},{"Length":4,"Height":12,"Demand":0,"DemandMax":4,"Value":144},{"Length":25,"Height":96,"Demand":0,"DemandMax":4,"Value":2400},{"Length":12,"Height":43,"Demand":0,"DemandMax":4,"Value":1548},{"Length":79,"Height":92,"Demand":0,"DemandMax":4,"Value":21804},{"Length":24,"Height":37,"Demand":0,"DemandMax":4,"Value":888},{"Length":20,"Height":31,"Demand":0,"DemandMax":4,"Value":1240},{"Length":12,"Height":25,"Demand":0,"DemandMax":4,"Value":300},{"Length":34,"Height":99,"Demand":0,"DemandMax":4,"Value":3366},{"Length":42,"Height":11,"Demand":0,"DemandMax":4,"Value":924},{"Length":3,"Height":47,"Demand":0,"DemandMax":4,"Value":141},{"Length":98,"Height":17,"Demand":0,"DemandMax":4,"Value":1666},{"Length":26,"Height":15,"Demand":0,"DemandMax":4,"Value":390},{"Length":3,"Height":9,"Demand":0,"DemandMax":4,"Value":27},{"Length":28,"Height":36,"Demand":0,"DemandMax":4,"Value":3024},{"Length":24,"Height":96,"Demand":0,"DemandMax":4,"Value":6912},{"Length":3,"Height":15,"Demand":0,"DemandMax":4,"Value":90}]}