{"Name":"ngcutfs2_31","Objects":[{"Length":100,"Height":100,"Stock":null,"Cost":10000}],"Items":[{"Length":97,"Height":50,"Demand":0,"DemandMax":1,"Value":4850},{"Length":54,"Height":59,"Demand":0,"DemandMax":1,"Value":6372},{"Length":93,"Height":22,"Demand":0,"DemandMax":1,"Value":2046},{"Length":68,"Height":52,"Demand":0,"DemandMax":1,"Value":3536},{"Length":52,"Height":67,"Demand":0,"DemandMax":1,"Value":3484},{"Length":10,"Height":25,"Demand":0,"DemandMax":1,"Value":750},{"Length":41,"Height":22,"Demand":0,"DemandMax":1,"Value":1804},{"Length":99,"Height":37,"Demand":0,"DemandMax":1,"Value":7326},{"Length":61,"Height":59,"Demand":0,"DemandMax":1,"Value":7198},{"Length":17,"Height":6,"Demand":0,"DemandMax":1,"Value":306},{"Length":11,"Height":12,"Demand":0,"DemandMax":1,"Value":132},{"Length":69,"Height":87,"Demand":0,"DemandMax":1,"Value":18009},{"Length":21,"Height":7,"Demand":0,"DemandMax":1,"Value":441},{"Length":58,"Height":61,"Demand":0,"DemandMax":1,"Value":3538},{"Length":5,"Height":46,"Demand":0,"DemandMax":1,"Value":690},{"Length":21,"Height":8,"Demand":0,"DemandMax":1,"Value":504},{"Length":77,"Height":15,"Demand":0,"DemandMax":1,"Value":1155},{"Length":87,"Height":40,"Demand":0,"DemandMax":1,"Value":10440},{"Length":25,"Height":49,"Demand":0,"DemandMax":1,"Value":1225},{"Length":34,"Height":27,"Demand":0,"DemandMax":1,"Value":918},{"Length":10,"Height":50,"Demand":0,"DemandMax":1,"Value":1000},{"Length":35,"Height":50,"Demand":0,"DemandMax":1,"Value":3500},{"Length":10,"Height":8,"Demand":0,"DemandMax":1,"Value":80},{"Length":25,"Height":34,"Demand":0,"DemandMax":1,"Value":850},{"Length":36,"Height":36,"Demand":0,"DemandMax":1,"Value":1296},{"Length":44,"Height":4,"Demand":0,"DemandMax":1,"Value":352},{"Length":48,"Height":37,"Demand":0,"DemandMax":1,"Value":3552},{"Length":30,"Height":44,"Demand":0,"DemandMax":1,"Value":3960},{"Length":85,"Height":50,"Demand":0,"DemandMax":1,"Value":8500},{"Length":14,"Height":91,"Demand":0,"DemandMax":1,"Value":1274},{"Length":86,"Height":48,"Demand":0,"DemandMax":1,"Value":12384},{"Length":96,"Height":81,"Demand":0,"DemandMax":1,"Value":15552},{"Length":44,"Height":32,"Demand":0,"DemandMax":1,"Value":1408},{"Length":19,"Height":23,"Demand":0,"DemandMax":1,"Value":437},{"Length":18,"Height":26,"Demand":0,"DemandMax":1,"Value":936},{"Length":23,"Height":89,"Demand":0,"DemandMax":1,"Value":6141},{"Length":10,"Height":89,"Demand":0,"DemandMax":1,"Value":890},{"Length":31,"Height":29,"Demand":0,"DemandMax":1,"Value":2697},{"Length":93,"Height":73,"Demand":0,"DemandMax":1,"Value":20367},{"Length":100,"Height":58,"Demand":0,"DemandMax":1,"Value":11600},{"Length":18,"Height":6,"Demand":0,"DemandMax":1,"Value":216},{"Length":36,"Height":42,"Demand":0,"DemandMax":1,"Value":3024},{"Length":83,"Height":40,"Demand":0,"DemandMax":1,"Value":6640},{"Length":19,"Height":21,"Demand":0,"DemandMax":1,"Value":1197},{"Length":88,"Height":25,"Demand":0,"DemandMax":1,"Value":2200},{"Length":94,"Height":68,"Demand":0,"DemandMax":1,"Value":19176},{"Length":66,"Height":83,"Demand":0,"DemandMax":1,"Value":10956},{"Length":8,"Height":5,"Demand":0,"DemandMax":1,"Value":120},{"Length":10,"Height":30,"Demand":0,"DemandMax":1,"Value":900},{"Length":5,"Height":14,"Demand":0,"DemandMax":1,"Value":70}]}