{"Name":"ngcutfs3_15","Objects":[{"Length":100,"Height":100,"Stock":null,"Cost":10000}],"Items":[{"Length":25,"Height":47,"Demand":0,"DemandMax":3,"Value":3525},{"Length":36,"Height":80,"Demand":0,"DemandMax":3,"Value":2880},{"Length":26,"Height":44,"Demand":0,"DemandMax":3,"Value":3432},{"Length":46,"Height":11,"Demand":0,"DemandMax":3,"Value":506},{"Length":96,"Height":62,"Demand":0,"DemandMax":3,"Value":17856},{"Length":73,"Height":98,"Demand":0,"DemandMax":3,"Value":21462},{"Length":15,"Height":39,"Demand":0,"DemandMax":3,"Value":585},{"Length":16,"Height":34,"Demand":0,"DemandMax":3,"Value":544},{"Length":41,"Height":45,"Demand":0,"DemandMax":3,"Value":5535},{"Length":83,"Height":19,"Demand":0,"DemandMax":3,"Value":3154},{"Length":38,"Height":17,"Demand":0,"DemandMax":3,"Value":646},{"Length":10,"Height":34,"Demand":0,"DemandMax":3,"Value":1020},{"Length":48,"Height":20,"Demand":0,"DemandMax":3,"Value":1920},{"Length":20,"Height":90,"Demand":0,"DemandMax":3,"Value":3600},{"Length":2,"Height":38,"Demand":0,"DemandMax":3,"Value":152},{"Length":50,"Height":80,"Demand":0,"DemandMax":3,"Value":12000},{"Length":92,"Height":87,"Demand":0,"DemandMax":3,"Value":24012},{"Length":10,"Height":23,"Demand":0,"DemandMax":3,"Value":460},{"Length":69,"Height":69,"Demand":0,"DemandMax":3,"Value":4761},{"Length":81,"Height":85,"Demand":0,"DemandMax":3,"Value":20655},{"Length":5,"Height":27,"Demand":0,"DemandMax":3,"Value":270},{"Length":23,"Height":9,"Demand":0,"DemandMax":3,"Value":621},{"Length":98,"Height":50,"Demand":0,"DemandMax":3,"Value":9800},{"Length":81,"Height":98,"Demand":0,"DemandMax":3,"Value":23814},{"Length":50,"Height":3,"Demand":0,"DemandMax":3,"Value":450},{"Length":3,"Height":44,"Demand":0,"DemandMax":3,"Value":132},{"Length":16,"Height":46,"Demand":0,"DemandMax":3,"Value":736},{"Length":14,"Height":93,"Demand":0,"DemandMax":3,"Value":1302},{"Length":10,"Height":83,"Demand":0,"DemandMax":3,"Value":2490},{"Length":36,"Height":27,"Demand":0,"DemandMax":3,"Value":972},{"Length":11,"Height":35,"Demand":0,"DemandMax":3,"Value":1155},{"Length":20,"Height":88,"Demand":0,"DemandMax":3,"Value":5280},{"Length":91,"Height":38,"Demand":0,"DemandMax":3,"Value":3458},{"Length":35,"Height":20,"Demand":0,"DemandMax":3,"Value":700},{"Length":36,"Height":42,"Demand":0,"DemandMax":3,"Value":3024},{"Length":10,"Height":99,"Demand":0,"DemandMax":3,"Value":1980},{"Length":29,"Height":42,"Demand":0,"DemandMax":3,"Value":2436},{"Length":13,"Height":34,"Demand":0,"DemandMax":3,"Value":884},{"Length":46,"Height":46,"Demand":0,"DemandMax":3,"Value":6348},{"Length":38,"Height":31,"Demand":0,"DemandMax":3,"Value":2356}]}