{"Name":"ngcutfs2_67","Objects":[{"Length":100,"Height":100,"Stock":null,"Cost":10000}],"Items":[{"Length":30,"Height":49,"Demand":0,"DemandMax":1,"Value":4410},{"Length":3,"Height":9,"Demand":0,"DemandMax":1,"Value":27},{"Length":99,"Height":10,"Demand":0,"DemandMax":1,"Value":990},{"Length":20,"Height":13,"Demand":0,"DemandMax":1,"Value":260},{"Length":12,"Height":42,"Demand":0,"DemandMax":1,"Value":504},{"Length":7,"Height":4,"Demand":0,"DemandMax":1,"Value":56},{"Length":17,"Height":35,"Demand":0,"DemandMax":1,"Value":595},{"Length":81,"Height":49,"Demand":0,"DemandMax":1,"Value":7938},{"Length":100,"Height":62,"Demand":0,"DemandMax":1,"Value":12400},{"Length":76,"Height":30,"Demand":0,"DemandMax":1,"Value":2280},{"Length":15,"Height":39,"Demand":0,"DemandMax":1,"Value":1170},{"Length":92,"Height":9,"Demand":0,"DemandMax":1,"Value":2484},{"Length":78,"Height":67,"Demand":0,"DemandMax":1,"Value":10452},{"Length":87,"Height":8,"Demand":0,"DemandMax":1,"Value":2088},{"Length":84,"Height":41,"Demand":0,"DemandMax":1,"Value":6888},{"Length":44,"Height":30,"Demand":0,"DemandMax":1,"Value":1320},{"Length":8,"Height":27,"Demand":0,"DemandMax":1,"Value":432},{"Length":78,"Height":91,"Demand":0,"DemandMax":1,"Value":7098},{"Length":11,"Height":83,"Demand":0,"DemandMax":1,"Value":1826},{"Length":32,"Height":10,"Demand":0,"DemandMax":1,"Value":320},{"Length":91,"Height":26,"Demand":0,"DemandMax":1,"Value":4732},{"Length":87,"Height":69,"Demand":0,"DemandMax":1,"Value":18009},{"Length":87,"Height":52,"Demand":0,"DemandMax":1,"Value":9048},{"Length":35,"Height":11,"Demand":0,"DemandMax":1,"Value":770},{"Length":21,"Height":81,"Demand":0,"DemandMax":1,"Value":5103},{"Length":28,"Height":96,"Demand":0,"DemandMax":1,"Value":5376},{"Length":5,"Height":5,"Demand":0,"DemandMax":1,"Value":75},{"Length":12,"Height":15,"Demand":0,"DemandMax":1,"Value":360},{"Length":20,"Height":96,"Demand":0,"DemandMax":1,"Value":3840},{"Length":5,"Height":41,"Demand":0,"DemandMax":1,"Value":205},{"Length":35,"Height":8,"Demand":0,"DemandMax":1,"Value":840},{"Length":6,"Height":89,"Demand":0,"DemandMax":1,"Value":1602},{"Length":89,"Height":18,"Demand":0,"DemandMax":1,"Value":1602},{"Length":7,"Height":99,"Demand":0,"DemandMax":1,"Value":693},{"Length":29,"Height":42,"Demand":0,"DemandMax":1,"Value":2436},{"Length":15,"Height":16,"Demand":0,"DemandMax":1,"Value":240},{"Length":95,"Height":52,"Demand":0,"DemandMax":1,"Value":9880},{"Length":41,"Height":97,"Demand":0,"DemandMax":1,"Value":11931},{"Length":15,"Height":94,"Demand":0,"DemandMax":1,"Value":4230},{"Length":2,"Height":2,"Demand":0,"DemandMax":1,"Value":4},{"Length":26,"Height":15,"Demand":0,"DemandMax":1,"Value":780},{"Length":96,"Height":92,"Demand":0,"DemandMax":1,"Value":26496},{"Length":68,"Height":74,"Demand":0,"DemandMax":1,"Value":15096},{"Length":27,"Height":43,"Demand":0,"DemandMax":1,"Value":3483},{"Length":49,"Height":32,"Demand":0,"DemandMax":1,"Value":3136},{"Length":42,"Height":25,"Demand":0,"DemandMax":1,"Value":2100},{"Length":44,"Height":49,"Demand":0,"DemandMax":1,"Value":6468},{"Length":85,"Height":99,"Demand":0,"DemandMax":1,"Value":16830},{"Length":27,"Height":20,"Demand":0,"DemandMax":1,"Value":1620},{"Length":36,"Height":94,"Demand":0,"DemandMax":1,"Value":3384},{"Length":27,"Height":85,"Demand":0,"DemandMax":1,"Value":4590},{"Length":100,"Height":58,"Demand":0,"DemandMax":1,"Value":11600},{"Length":52,"Height":57,"Demand":0,"DemandMax":1,"Value":8892},{"Length":97,"Height":13,"Demand":0,"DemandMax":1,"Value":2522},{"Length":9,"Height":10,"Demand":0,"DemandMax":1,"Value":180},{"Length":41,"Height":18,"Demand":0,"DemandMax":1,"Value":738},{"Length":37,"Height":28,"Demand":0,"DemandMax":1,"Value":3108},{"Length":19,"Height":47,"Demand":0,"DemandMax":1,"Value":1786},{"Length":22,"Height":16,"Demand":0,"DemandMax":1,"Value":352},{"Length":6,"Height":26,"Demand":0,"DemandMax":1,"Value":468},{"Length":48,"Height":99,"Demand":0,"DemandMax":1,"Value":14256},{"Length":80,"Height":50,"Demand":0,"DemandMax":1,"Value":12000},{"Length":33,"Height":94,"Demand":0,"DemandMax":1,"Value":6204},{"Length":24,"Height":18,"Demand":0,"DemandMax":1,"Value":1296},{"Length":93,"Height":79,"Demand":0,"DemandMax":1,"Value":7347},{"Length":85,"Height":26,"Demand":0,"DemandMax":1,"Value":6630},{"Length":71,"Height":75,"Demand":0,"DemandMax":1,"Value":5325},{"Length":50,"Height":87,"Demand":0,"DemandMax":1,"Value":4350},{"Length":12,"Height":79,"Demand":0,"DemandMax":1,"Value":2844},{"Length":99,"Height":81,"Demand":0,"DemandMax":1,"Value":24057},{"Length":29,"Height":94,"Demand":0,"DemandMax":1,"Value":2726},{"Length":93,"Height":17,"Demand":0,"DemandMax":1,"Value":1581},{"Length":47,"Height":92,"Demand":0,"DemandMax":1,"Value":4324},{"Length":46,"Height":44,"Demand":0,"DemandMax":1,"Value":6072},{"Length":9,"Height":81,"Demand":0,"DemandMax":1,"Value":2187},{"Length":41,"Height":16,"Demand":0,"DemandMax":1,"Value":656},{"Length":36,"Height":33,"Demand":0,"DemandMax":1,"Value":3564},{"Length":33,"Height":77,"Demand":0,"DemandMax":1,"Value":7623},{"Length":19,"Height":90,"Demand":0,"DemandMax":1,"Value":3420},{"Length":35,"Height":40,"Demand":0,"DemandMax":1,"Value":2800},{"Length":36,"Height":15,"Demand":0,"DemandMax":1,"Value":540},{"Length":57,"Height":62,"Demand":0,"DemandMax":1,"Value":7068},{"Length":27,"Height":17,"Demand":0,"DemandMax":1,"Value":918},{"Length":12,"Height":82,"Demand":0,"DemandMax":1,"Value":984},{"Length":11,"Height":26,"Demand":0,"DemandMax":1,"Value":858},{"Length":19,"Height":80,"Demand":0,"DemandMax":1,"Value":1520},{"Length":9,"Height":22,"Demand":0,"DemandMax":1,"Value":594},{"Length":25,"Height":94,"Demand":0,"DemandMax":1,"Value":2350},{"Length":6,"Height":36,"Demand":0,"DemandMax":1,"Value":432},{"Length":4,"Height":29,"Demand":0,"DemandMax":1,"Value":348},{"Length":83,"Height":19,"Demand":0,"DemandMax":1,"Value":4731},{"Length":7,"Height":24,"Demand":0,"DemandMax":1,"Value":336},{"Length":44,"Height":97,"Demand":0,"DemandMax":1,"Value":8536},{"Length":37,"Height":23,"Demand":0,"DemandMax":1,"Value":2553},{"Length":46,"Height":31,"Demand":0,"DemandMax":1,"Value":4278},{"Length":47,"Height":40,"Demand":0,"DemandMax":1,"Value":3760},{"Length":19,"Height":16,"Demand":0,"DemandMax":1,"Value":304},{"Length":46,"Height":50,"Demand":0,"DemandMax":1,"Value":2300},{"Length":32,"Height":96,"Demand":0,"DemandMax":1,"Value":9216},{"Length":59,"Height":91,"Demand":0,"DemandMax":1,"Value":16107}]}