{"Name":"ngcutfs2_85","Objects":[{"Length":100,"Height":100,"Stock":null,"Cost":10000}],"Items":[{"Length":59,"Height":96,"Demand":0,"DemandMax":4,"Value":16992},{"Length":8,"Height":92,"Demand":0,"DemandMax":4,"Value":1472},{"Length":47,"Height":30,"Demand":0,"DemandMax":4,"Value":2820},{"Length":54,"Height":56,"Demand":0,"DemandMax":4,"Value":6048},{"Length":35,"Height":18,"Demand":0,"DemandMax":4,"Value":1890},{"Length":79,"Height":87,"Demand":0,"DemandMax":4,"Value":13746},{"Length":44,"Height":3,"Demand":0,"DemandMax":4,"Value":264},{"Length":43,"Height":39,"Demand":0,"DemandMax":4,"Value":3354},{"Length":34,"Height":90,"Demand":0,"DemandMax":4,"Value":9180},{"Length":95,"Height":59,"Demand":0,"DemandMax":4,"Value":16815},{"Length":41,"Height":20,"Demand":0,"DemandMax":4,"Value":1640},{"Length":32,"Height":84,"Demand":0,"DemandMax":4,"Value":8064},{"Length":89,"Height":39,"Demand":0,"DemandMax":4,"Value":6942},{"Length":30,"Height":31,"Demand":0,"DemandMax":4,"Value":930},{"Length":82,"Height":39,"Demand":0,"DemandMax":4,"Value":3198},{"Length":50,"Height":13,"Demand":0,"DemandMax":4,"Value":1950},{"Length":38,"Height":90,"Demand":0,"DemandMax":4,"Value":3420},{"Length":90,"Height":11,"Demand":0,"DemandMax":4,"Value":2970},{"Length":95,"Height":2,"Demand":0,"DemandMax":4,"Value":190},{"Length":99,"Height":39,"Demand":0,"DemandMax":4,"Value":11583},{"Length":28,"Height":43,"Demand":0,"DemandMax":4,"Value":1204},{"Length":21,"Height":46,"Demand":0,"DemandMax":4,"Value":966},{"Length":21,"Height":33,"Demand":0,"DemandMax":4,"Value":2079},{"Length":80,"Height":28,"Demand":0,"DemandMax":4,"Value":4480},{"Length":2,"Height":98,"Demand":0,"DemandMax":4,"Value":196},{"Length":4,"Height":12,"Demand":0,"DemandMax":4,"Value":48},{"Length":6,"Height":41,"Demand":0,"DemandMax":4,"Value":246},{"Length":61,"Height":91,"Demand":0,"DemandMax":4,"Value":5551},{"Length":30,"Height":16,"Demand":0,"DemandMax":4,"Value":960},{"Length":18,"Height":27,"Demand":0,"DemandMax":4,"Value":1458},{"Length":88,"Height":53,"Demand":0,"DemandMax":4,"Value":13992},{"Length":77,"Height":95,"Demand":0,"DemandMax":4,"Value":7315},{"Length":41,"Height":33,"Demand":0,"DemandMax":4,"Value":1353},{"Length":41,"Height":89,"Demand":0,"DemandMax":4,"Value":7298},{"Length":35,"Height":14,"Demand":0,"DemandMax":4,"Value":1470},{"Length":87,"Height":2,"Demand":0,"DemandMax":4,"Value":174},{"Length":88,"Height":18,"Demand":0,"DemandMax":4,"Value":1584},{"Length":10,"Height":45,"Demand":0,"DemandMax":4,"Value":450},{"Length":66,"Height":76,"Demand":0,"DemandMax":4,"Value":15048},{"Length":34,"Height":31,"Demand":0,"DemandMax":4,"Value":1054},{"Length":48,"Height":36,"Demand":0,"DemandMax":4,"Value":3456},{"Length":16,"Height":94,"Demand":0,"DemandMax":4,"Value":4512},{"Length":15,"Height":15,"Demand":0,"DemandMax":4,"Value":450},{"Length":35,"Height":17,"Demand":0,"DemandMax":4,"Value":1785},{"Length":9,"Height":23,"Demand":0,"DemandMax":4,"Value":621},{"Length":47,"Height":84,"Demand":0,"DemandMax":4,"Value":3948},{"Length":30,"Height":37,"Demand":0,"DemandMax":4,"Value":1110},{"Length":43,"Height":3,"Demand":0,"DemandMax":4,"Value":129},{"Length":10,"Height":99,"Demand":0,"DemandMax":4,"Value":990},{"Length":26,"Height":28,"Demand":0,"DemandMax":4,"Value":2184},{"Length":25,"Height":33,"Demand":0,"DemandMax":4,"Value":2475},{"Length":86,"Height":27,"Demand":0,"DemandMax":4,"Value":6966},{"Length":82,"Height":46,"Demand":0,"DemandMax":4,"Value":11316},{"Length":41,"Height":40,"Demand":0,"DemandMax":4,"Value":1640},{"Length":26,"Height":29,"Demand":0,"DemandMax":4,"Value":1508},{"Length":14,"Height":24,"Demand":0,"DemandMax":4,"Value":336},{"Length":51,"Height":94,"Demand":0,"DemandMax":4,"Value":9588},{"Length":15,"Height":19,"Demand":0,"DemandMax":4,"Value":285},{"Length":35,"Height":44,"Demand":0,"DemandMax":4,"Value":3080},{"Length":5,"Height":7,"Demand":0,"DemandMax":4,"Value":70},{"Length":32,"Height":12,"Demand":0,"DemandMax":4,"Value":1152},{"Length":46,"Height":87,"Demand":0,"DemandMax":4,"Value":4002},{"Length":10,"Height":24,"Demand":0,"DemandMax":4,"Value":480},{"Length":6,"Height":98,"Demand":0,"DemandMax":4,"Value":588},{"Length":11,"Height":39,"Demand":0,"DemandMax":4,"Value":1287},{"Length":46,"Height":13,"Demand":0,"DemandMax":4,"Value":1794},{"Length":9,"Height":40,"Demand":0,"DemandMax":4,"Value":360},{"Length":20,"Height":80,"Demand":0,"DemandMax":4,"Value":1600},{"Length":88,"Height":41,"Demand":0,"DemandMax":4,"Value":3608},{"Length":19,"Height":85,"Demand":0,"DemandMax":4,"Value":1615},{"Length":17,"Height":28,"Demand":0,"DemandMax":4,"Value":952},{"Length":7,"Height":31,"Demand":0,"DemandMax":4,"Value":651},{"Length":87,"Height":20,"Demand":0,"DemandMax":4,"Value":5220},{"Length":30,"Height":3,"Demand":0,"DemandMax":4,"Value":270},{"Length":39,"Height":83,"Demand":0,"DemandMax":4,"Value":9711},{"Length":46,"Height":8,"Demand":0,"DemandMax":4,"Value":368},{"Length":11,"Height":10,"Demand":0,"DemandMax":4,"Value":330},{"Length":48,"Height":19,"Demand":0,"DemandMax":4,"Value":2736},{"Length":20,"Height":22,"Demand":0,"DemandMax":4,"Value":440},{"Length":87,"Height":38,"Demand":0,"DemandMax":4,"Value":3306},{"Length":29,"Height":30,"Demand":0,"DemandMax":4,"Value":2610},{"Length":68,"Height":85,"Demand":0,"DemandMax":4,"Value":5780},{"Length":69,"Height":91,"Demand":0,"DemandMax":4,"Value":6279},{"Length":41,"Height":17,"Demand":0,"DemandMax":4,"Value":1394},{"Length":20,"Height":2,"Demand":0,"DemandMax":4,"Value":40},{"Length":77,"Height":44,"Demand":0,"DemandMax":4,"Value":3388},{"Length":64,"Height":88,"Demand":0,"DemandMax":4,"Value":16896},{"Length":29,"Height":38,"Demand":0,"DemandMax":4,"Value":2204},{"Length":43,"Height":32,"Demand":0,"DemandMax":4,"Value":4128},{"Length":24,"Height":90,"Demand":0,"DemandMax":4,"Value":2160},{"Length":16,"Height":19,"Demand":0,"DemandMax":4,"Value":608},{"Length":6,"Height":27,"Demand":0,"DemandMax":4,"Value":162},{"Length":11,"Height":45,"Demand":0,"DemandMax":4,"Value":990},{"Length":12,"Height":94,"Demand":0,"DemandMax":4,"Value":1128},{"Length":38,"Height":9,"Demand":0,"DemandMax":4,"Value":342},{"Length":69,"Height":91,"Demand":0,"DemandMax":4,"Value":18837},{"Length":78,"Height":17,"Demand":0,"DemandMax":4,"Value":3978},{"Length":3,"Height":17,"Demand":0,"DemandMax":4,"Value":51},{"Length":39,"Height":44,"Demand":0,"DemandMax":4,"Value":5148},{"Length":88,"Height":40,"Demand":0,"DemandMax":4,"Value":7040}]}