{"Name":"ngcutfs2_116","Objects":[{"Length":100,"Height":100,"Stock":null,"Cost":10000}],"Items":[{"Length":2,"Height":47,"Demand":0,"DemandMax":4,"Value":94},{"Length":4,"Height":39,"Demand":0,"DemandMax":4,"Value":468},{"Length":31,"Height":6,"Demand":0,"DemandMax":4,"Value":558},{"Length":30,"Height":40,"Demand":0,"DemandMax":4,"Value":2400},{"Length":54,"Height":75,"Demand":0,"DemandMax":4,"Value":8100},{"Length":90,"Height":99,"Demand":0,"DemandMax":4,"Value":26730},{"Length":77,"Height":45,"Demand":0,"DemandMax":4,"Value":3465},{"Length":21,"Height":9,"Demand":0,"DemandMax":4,"Value":189},{"Length":6,"Height":42,"Demand":0,"DemandMax":4,"Value":252},{"Length":16,"Height":4,"Demand":0,"DemandMax":4,"Value":64},{"Length":80,"Height":61,"Demand":0,"DemandMax":4,"Value":9760},{"Length":6,"Height":17,"Demand":0,"DemandMax":4,"Value":306},{"Length":22,"Height":30,"Demand":0,"DemandMax":4,"Value":1980},{"Length":6,"Height":49,"Demand":0,"DemandMax":4,"Value":294},{"Length":77,"Height":72,"Demand":0,"DemandMax":4,"Value":11088},{"Length":42,"Height":42,"Demand":0,"DemandMax":4,"Value":5292},{"Length":69,"Height":67,"Demand":0,"DemandMax":4,"Value":4623},{"Length":80,"Height":38,"Demand":0,"DemandMax":4,"Value":6080},{"Length":21,"Height":96,"Demand":0,"DemandMax":4,"Value":6048},{"Length":48,"Height":25,"Demand":0,"DemandMax":4,"Value":3600},{"Length":27,"Height":41,"Demand":0,"DemandMax":4,"Value":2214},{"Length":77,"Height":7,"Demand":0,"DemandMax":4,"Value":1078},{"Length":19,"Height":23,"Demand":0,"DemandMax":4,"Value":874},{"Length":11,"Height":13,"Demand":0,"DemandMax":4,"Value":286},{"Length":8,"Height":17,"Demand":0,"DemandMax":4,"Value":136},{"Length":80,"Height":88,"Demand":0,"DemandMax":4,"Value":7040},{"Length":8,"Height":92,"Demand":0,"DemandMax":4,"Value":1472},{"Length":63,"Height":95,"Demand":0,"DemandMax":4,"Value":5985},{"Length":93,"Height":31,"Demand":0,"DemandMax":4,"Value":8649},{"Length":30,"Height":81,"Demand":0,"DemandMax":4,"Value":4860},{"Length":55,"Height":83,"Demand":0,"DemandMax":4,"Value":13695},{"Length":17,"Height":48,"Demand":0,"DemandMax":4,"Value":1632},{"Length":80,"Height":26,"Demand":0,"DemandMax":4,"Value":2080},{"Length":29,"Height":80,"Demand":0,"DemandMax":4,"Value":6960},{"Length":76,"Height":10,"Demand":0,"DemandMax":4,"Value":2280},{"Length":55,"Height":65,"Demand":0,"DemandMax":4,"Value":10725},{"Length":6,"Height":22,"Demand":0,"DemandMax":4,"Value":396},{"Length":37,"Height":35,"Demand":0,"DemandMax":4,"Value":3885},{"Length":29,"Height":85,"Demand":0,"DemandMax":4,"Value":7395},{"Length":10,"Height":38,"Demand":0,"DemandMax":4,"Value":760},{"Length":18,"Height":35,"Demand":0,"DemandMax":4,"Value":1260},{"Length":12,"Height":10,"Demand":0,"DemandMax":4,"Value":360},{"Length":11,"Height":15,"Demand":0,"DemandMax":4,"Value":165},{"Length":22,"Height":97,"Demand":0,"DemandMax":4,"Value":2134},{"Length":80,"Height":16,"Demand":0,"DemandMax":4,"Value":2560},{"Length":41,"Height":88,"Demand":0,"DemandMax":4,"Value":3608},{"Length":66,"Height":73,"Demand":0,"DemandMax":4,"Value":9636},{"Length":83,"Height":39,"Demand":0,"DemandMax":4,"Value":6474},{"Length":48,"Height":5,"Demand":0,"DemandMax":4,"Value":480},{"Length":86,"Height":14,"Demand":0,"DemandMax":4,"Value":2408},{"Length":34,"Height":27,"Demand":0,"DemandMax":4,"Value":918},{"Length":2,"Height":95,"Demand":0,"DemandMax":4,"Value":570},{"Length":25,"Height":6,"Demand":0,"DemandMax":4,"Value":300},{"Length":77,"Height":49,"Demand":0,"DemandMax":4,"Value":11319},{"Length":7,"Height":22,"Demand":0,"DemandMax":4,"Value":154},{"Length":16,"Height":32,"Demand":0,"DemandMax":4,"Value":1536},{"Length":18,"Height":82,"Demand":0,"DemandMax":4,"Value":2952},{"Length":5,"Height":29,"Demand":0,"DemandMax":4,"Value":435},{"Length":78,"Height":49,"Demand":0,"DemandMax":4,"Value":11466},{"Length":24,"Height":20,"Demand":0,"DemandMax":4,"Value":480},{"Length":7,"Height":39,"Demand":0,"DemandMax":4,"Value":819},{"Length":39,"Height":17,"Demand":0,"DemandMax":4,"Value":1989},{"Length":100,"Height":48,"Demand":0,"DemandMax":4,"Value":9600},{"Length":43,"Height":36,"Demand":0,"DemandMax":4,"Value":3096},{"Length":48,"Height":49,"Demand":0,"DemandMax":4,"Value":7056},{"Length":5,"Height":16,"Demand":0,"DemandMax":4,"Value":240},{"Length":76,"Height":47,"Demand":0,"DemandMax":4,"Value":7144},{"Length":38,"Height":17,"Demand":0,"DemandMax":4,"Value":1938},{"Length":45,"Height":50,"Demand":0,"DemandMax":4,"Value":2250},{"Length":23,"Height":38,"Demand":0,"DemandMax":4,"Value":1748},{"Length":15,"Height":9,"Demand":0,"DemandMax":4,"Value":135},{"Length":26,"Height":99,"Demand":0,"DemandMax":4,"Value":2574},{"Length":82,"Height":56,"Demand":0,"DemandMax":4,"Value":9184},{"Length":29,"Height":24,"Demand":0,"DemandMax":4,"Value":1392},{"Length":22,"Height":3,"Demand":0,"DemandMax":4,"Value":198},{"Length":58,"Height":59,"Demand":0,"DemandMax":4,"Value":10266},{"Length":14,"Height":93,"Demand":0,"DemandMax":4,"Value":2604},{"Length":32,"Height":29,"Demand":0,"DemandMax":4,"Value":928},{"Length":39,"Height":33,"Demand":0,"DemandMax":4,"Value":3861},{"Length":72,"Height":99,"Demand":0,"DemandMax":4,"Value":14256},{"Length":48,"Height":9,"Demand":0,"DemandMax":4,"Value":1296},{"Length":6,"Height":86,"Demand":0,"DemandMax":4,"Value":516},{"Length":4,"Height":37,"Demand":0,"DemandMax":4,"Value":296},{"Length":28,"Height":50,"Demand":0,"DemandMax":4,"Value":2800},{"Length":32,"Height":12,"Demand":0,"DemandMax":4,"Value":1152},{"Length":48,"Height":42,"Demand":0,"DemandMax":4,"Value":6048},{"Length":82,"Height":43,"Demand":0,"DemandMax":4,"Value":3526},{"Length":47,"Height":19,"Demand":0,"DemandMax":4,"Value":2679},{"Length":56,"Height":66,"Demand":0,"DemandMax":4,"Value":11088},{"Length":14,"Height":20,"Demand":0,"DemandMax":4,"Value":280},{"Length":4,"Height":32,"Demand":0,"DemandMax":4,"Value":256},{"Length":11,"Height":7,"Demand":0,"DemandMax":4,"Value":154},{"Length":28,"Height":47,"Demand":0,"DemandMax":8,"Value":1316},{"Length":8,"Height":24,"Demand":0,"DemandMax":4,"Value":192},{"Length":21,"Height":87,"Demand":0,"DemandMax":4,"Value":5481},{"Length":48,"Height":83,"Demand":0,"DemandMax":4,"Value":7968},{"Length":19,"Height":47,"Demand":0,"DemandMax":4,"Value":893},{"Length":2,"Height":49,"Demand":0,"DemandMax":4,"Value":196},{"Length":21,"Height":85,"Demand":0,"DemandMax":4,"Value":1785},{"Length":74,"Height":99,"Demand":0,"DemandMax":4,"Value":7326},{"Length":29,"Height":47,"Demand":0,"DemandMax":4,"Value":4089},{"Length":49,"Height":50,"Demand":0,"DemandMax":4,"Value":7350},{"Length":4,"Height":43,"Demand":0,"DemandMax":4,"Value":516},{"Length":82,"Height":54,"Demand":0,"DemandMax":4,"Value":4428},{"Length":40,"Height":36,"Demand":0,"DemandMax":4,"Value":4320},{"Length":94,"Height":24,"Demand":0,"DemandMax":4,"Value":6768},{"Length":22,"Height":24,"Demand":0,"DemandMax":4,"Value":1584},{"Length":22,"Height":40,"Demand":0,"DemandMax":4,"Value":880},{"Length":53,"Height":72,"Demand":0,"DemandMax":4,"Value":3816},{"Length":17,"Height":79,"Demand":0,"DemandMax":4,"Value":2686},{"Length":82,"Height":100,"Demand":0,"DemandMax":4,"Value":16400},{"Length":5,"Height":83,"Demand":0,"DemandMax":4,"Value":1245},{"Length":95,"Height":96,"Demand":0,"DemandMax":4,"Value":27360},{"Length":47,"Height":93,"Demand":0,"DemandMax":4,"Value":4371},{"Length":32,"Height":20,"Demand":0,"DemandMax":4,"Value":1920},{"Length":32,"Height":45,"Demand":0,"DemandMax":4,"Value":4320},{"Length":7,"Height":27,"Demand":0,"DemandMax":4,"Value":189},{"Length":10,"Height":21,"Demand":0,"DemandMax":4,"Value":420},{"Length":82,"Height":24,"Demand":0,"DemandMax":4,"Value":1968},{"Length":31,"Height":26,"Demand":0,"DemandMax":4,"Value":2418},{"Length":49,"Height":89,"Demand":0,"DemandMax":4,"Value":13083},{"Length":79,"Height":73,"Demand":0,"DemandMax":4,"Value":17301},{"Length":39,"Height":34,"Demand":0,"DemandMax":4,"Value":2652},{"Length":16,"Height":5,"Demand":0,"DemandMax":4,"Value":160},{"Length":31,"Height":47,"Demand":0,"DemandMax":4,"Value":2914},{"Length":89,"Height":68,"Demand":0,"DemandMax":4,"Value":18156},{"Length":77,"Height":2,"Demand":0,"DemandMax":4,"Value":462},{"Length":6,"Height":32,"Demand":0,"DemandMax":4,"Value":192},{"Length":18,"Height":94,"Demand":0,"DemandMax":4,"Value":3384},{"Length":47,"Height":30,"Demand":0,"DemandMax":4,"Value":1410},{"Length":38,"Height":50,"Demand":0,"DemandMax":4,"Value":1900},{"Length":13,"Height":42,"Demand":0,"DemandMax":4,"Value":1638},{"Length":7,"Height":41,"Demand":0,"DemandMax":4,"Value":287},{"Length":97,"Height":2,"Demand":0,"DemandMax":4,"Value":582},{"Length":20,"Height":38,"Demand":0,"DemandMax":4,"Value":1520},{"Length":3,"Height":18,"Demand":0,"DemandMax":4,"Value":108},{"Length":31,"Height":79,"Demand":0,"DemandMax":4,"Value":7347},{"Length":48,"Height":26,"Demand":0,"DemandMax":4,"Value":3744},{"Length":43,"Height":27,"Demand":0,"DemandMax":4,"Value":2322},{"Length":93,"Height":21,"Demand":0,"DemandMax":4,"Value":5859},{"Length":29,"Height":10,"Demand":0,"DemandMax":4,"Value":290},{"Length":69,"Height":66,"Demand":0,"DemandMax":4,"Value":9108},{"Length":85,"Height":74,"Demand":0,"DemandMax":4,"Value":18870},{"Length":23,"Height":78,"Demand":0,"DemandMax":4,"Value":1794},{"Length":10,"Height":94,"Demand":0,"DemandMax":4,"Value":1880},{"Length":98,"Height":19,"Demand":0,"DemandMax":4,"Value":5586},{"Length":51,"Height":70,"Demand":0,"DemandMax":4,"Value":3570},{"Length":17,"Height":30,"Demand":0,"DemandMax":4,"Value":510},{"Length":24,"Height":48,"Demand":0,"DemandMax":4,"Value":1152}]}