{"Name":"ngcutfs1_203","Objects":[{"Length":100,"Height":100,"Stock":null,"Cost":10000}],"Items":[{"Length":87,"Height":56,"Demand":0,"DemandMax":4,"Value":9744},{"Length":84,"Height":33,"Demand":0,"DemandMax":4,"Value":2772},{"Length":51,"Height":98,"Demand":0,"DemandMax":4,"Value":4998},{"Length":12,"Height":4,"Demand":0,"DemandMax":4,"Value":48},{"Length":72,"Height":93,"Demand":0,"DemandMax":4,"Value":6696},{"Length":25,"Height":90,"Demand":0,"DemandMax":4,"Value":4500},{"Length":86,"Height":17,"Demand":0,"DemandMax":4,"Value":1462},{"Length":84,"Height":99,"Demand":0,"DemandMax":4,"Value":24948},{"Length":12,"Height":50,"Demand":0,"DemandMax":4,"Value":1800},{"Length":29,"Height":93,"Demand":0,"DemandMax":4,"Value":5394},{"Length":87,"Height":96,"Demand":0,"DemandMax":4,"Value":8352},{"Length":79,"Height":14,"Demand":0,"DemandMax":4,"Value":2212},{"Length":78,"Height":29,"Demand":0,"DemandMax":4,"Value":4524},{"Length":31,"Height":8,"Demand":0,"DemandMax":4,"Value":496},{"Length":44,"Height":12,"Demand":0,"DemandMax":4,"Value":1584},{"Length":91,"Height":10,"Demand":0,"DemandMax":4,"Value":2730},{"Length":42,"Height":36,"Demand":0,"DemandMax":4,"Value":1512},{"Length":91,"Height":74,"Demand":0,"DemandMax":4,"Value":13468},{"Length":88,"Height":18,"Demand":0,"DemandMax":4,"Value":1584},{"Length":24,"Height":5,"Demand":0,"DemandMax":4,"Value":360},{"Length":46,"Height":21,"Demand":0,"DemandMax":4,"Value":966},{"Length":17,"Height":4,"Demand":0,"DemandMax":4,"Value":68},{"Length":84,"Height":21,"Demand":0,"DemandMax":8,"Value":5292},{"Length":97,"Height":65,"Demand":0,"DemandMax":4,"Value":6305},{"Length":20,"Height":82,"Demand":0,"DemandMax":4,"Value":3280},{"Length":38,"Height":12,"Demand":0,"DemandMax":4,"Value":912},{"Length":42,"Height":99,"Demand":0,"DemandMax":4,"Value":4158},{"Length":89,"Height":2,"Demand":0,"DemandMax":4,"Value":178},{"Length":20,"Height":25,"Demand":0,"DemandMax":4,"Value":1500},{"Length":50,"Height":43,"Demand":0,"DemandMax":4,"Value":4300},{"Length":28,"Height":91,"Demand":0,"DemandMax":4,"Value":2548},{"Length":20,"Height":9,"Demand":0,"DemandMax":4,"Value":360},{"Length":94,"Height":52,"Demand":0,"DemandMax":4,"Value":9776},{"Length":81,"Height":48,"Demand":0,"DemandMax":4,"Value":3888},{"Length":99,"Height":14,"Demand":0,"DemandMax":4,"Value":4158},{"Length":97,"Height":27,"Demand":0,"DemandMax":4,"Value":5238},{"Length":41,"Height":79,"Demand":0,"DemandMax":4,"Value":3239},{"Length":12,"Height":44,"Demand":0,"DemandMax":4,"Value":1584},{"Length":34,"Height":98,"Demand":0,"DemandMax":4,"Value":9996},{"Length":82,"Height":13,"Demand":0,"DemandMax":4,"Value":3198},{"Length":32,"Height":40,"Demand":0,"DemandMax":8,"Value":2560},{"Length":48,"Height":83,"Demand":0,"DemandMax":4,"Value":3984},{"Length":93,"Height":73,"Demand":0,"DemandMax":4,"Value":13578},{"Length":85,"Height":57,"Demand":0,"DemandMax":4,"Value":14535},{"Length":5,"Height":79,"Demand":0,"DemandMax":4,"Value":790},{"Length":93,"Height":71,"Demand":0,"DemandMax":4,"Value":13206},{"Length":89,"Height":10,"Demand":0,"DemandMax":4,"Value":890},{"Length":26,"Height":98,"Demand":0,"DemandMax":4,"Value":5096},{"Length":6,"Height":20,"Demand":0,"DemandMax":4,"Value":240},{"Length":86,"Height":72,"Demand":0,"DemandMax":4,"Value":18576},{"Length":88,"Height":78,"Demand":0,"DemandMax":4,"Value":20592},{"Length":43,"Height":96,"Demand":0,"DemandMax":4,"Value":4128},{"Length":15,"Height":79,"Demand":0,"DemandMax":4,"Value":3555},{"Length":18,"Height":40,"Demand":0,"DemandMax":4,"Value":720},{"Length":55,"Height":99,"Demand":0,"DemandMax":4,"Value":16335},{"Length":87,"Height":17,"Demand":0,"DemandMax":4,"Value":4437},{"Length":55,"Height":83,"Demand":0,"DemandMax":4,"Value":4565},{"Length":20,"Height":87,"Demand":0,"DemandMax":4,"Value":5220},{"Length":41,"Height":38,"Demand":0,"DemandMax":4,"Value":1558},{"Length":95,"Height":60,"Demand":0,"DemandMax":4,"Value":5700},{"Length":9,"Height":7,"Demand":0,"DemandMax":4,"Value":126},{"Length":97,"Height":35,"Demand":0,"DemandMax":4,"Value":3395},{"Length":34,"Height":41,"Demand":0,"DemandMax":4,"Value":1394},{"Length":28,"Height":96,"Demand":0,"DemandMax":4,"Value":5376},{"Length":66,"Height":70,"Demand":0,"DemandMax":4,"Value":4620},{"Length":67,"Height":81,"Demand":0,"DemandMax":4,"Value":16281},{"Length":27,"Height":9,"Demand":0,"DemandMax":4,"Value":486},{"Length":26,"Height":8,"Demand":0,"DemandMax":4,"Value":416},{"Length":50,"Height":16,"Demand":0,"DemandMax":4,"Value":800},{"Length":39,"Height":25,"Demand":0,"DemandMax":4,"Value":1950},{"Length":10,"Height":80,"Demand":0,"DemandMax":4,"Value":800},{"Length":88,"Height":27,"Demand":0,"DemandMax":4,"Value":2376},{"Length":11,"Height":88,"Demand":0,"DemandMax":4,"Value":2904},{"Length":43,"Height":18,"Demand":0,"DemandMax":4,"Value":774},{"Length":21,"Height":87,"Demand":0,"DemandMax":4,"Value":5481},{"Length":78,"Height":21,"Demand":0,"DemandMax":4,"Value":3276},{"Length":66,"Height":84,"Demand":0,"DemandMax":4,"Value":11088},{"Length":29,"Height":26,"Demand":0,"DemandMax":4,"Value":754},{"Length":76,"Height":31,"Demand":0,"DemandMax":4,"Value":7068},{"Length":16,"Height":7,"Demand":0,"DemandMax":4,"Value":112},{"Length":21,"Height":21,"Demand":0,"DemandMax":4,"Value":1323},{"Length":86,"Height":82,"Demand":0,"DemandMax":4,"Value":21156},{"Length":100,"Height":85,"Demand":0,"DemandMax":4,"Value":8500},{"Length":26,"Height":99,"Demand":0,"DemandMax":4,"Value":2574},{"Length":89,"Height":52,"Demand":0,"DemandMax":4,"Value":9256},{"Length":80,"Height":40,"Demand":0,"DemandMax":4,"Value":9600},{"Length":16,"Height":85,"Demand":0,"DemandMax":4,"Value":2720},{"Length":89,"Height":7,"Demand":0,"DemandMax":4,"Value":1869},{"Length":23,"Height":18,"Demand":0,"DemandMax":4,"Value":828},{"Length":17,"Height":30,"Demand":0,"DemandMax":4,"Value":1020},{"Length":31,"Height":8,"Demand":0,"DemandMax":4,"Value":248},{"Length":27,"Height":5,"Demand":0,"DemandMax":4,"Value":405},{"Length":80,"Height":27,"Demand":0,"DemandMax":4,"Value":6480},{"Length":14,"Height":92,"Demand":0,"DemandMax":4,"Value":3864},{"Length":48,"Height":99,"Demand":0,"DemandMax":4,"Value":14256},{"Length":37,"Height":11,"Demand":0,"DemandMax":4,"Value":1221},{"Length":23,"Height":98,"Demand":0,"DemandMax":4,"Value":4508},{"Length":41,"Height":37,"Demand":0,"DemandMax":8,"Value":3034},{"Length":95,"Height":8,"Demand":0,"DemandMax":4,"Value":2280},{"Length":12,"Height":80,"Demand":0,"DemandMax":4,"Value":960},{"Length":91,"Height":6,"Demand":0,"DemandMax":4,"Value":546},{"Length":7,"Height":21,"Demand":0,"DemandMax":4,"Value":294},{"Length":15,"Height":31,"Demand":0,"DemandMax":4,"Value":1395},{"Length":69,"Height":86,"Demand":0,"DemandMax":4,"Value":5934},{"Length":90,"Height":11,"Demand":0,"DemandMax":4,"Value":2970},{"Length":76,"Height":57,"Demand":0,"DemandMax":4,"Value":8664},{"Length":76,"Height":42,"Demand":0,"DemandMax":4,"Value":3192},{"Length":13,"Height":34,"Demand":0,"DemandMax":4,"Value":884},{"Length":99,"Height":20,"Demand":0,"DemandMax":4,"Value":3960},{"Length":47,"Height":93,"Demand":0,"DemandMax":4,"Value":8742},{"Length":50,"Height":42,"Demand":0,"DemandMax":4,"Value":2100},{"Length":14,"Height":29,"Demand":0,"DemandMax":4,"Value":812},{"Length":79,"Height":44,"Demand":0,"DemandMax":4,"Value":10428},{"Length":94,"Height":98,"Demand":0,"DemandMax":4,"Value":9212},{"Length":18,"Height":48,"Demand":0,"DemandMax":4,"Value":1728},{"Length":66,"Height":53,"Demand":0,"DemandMax":4,"Value":3498},{"Length":33,"Height":92,"Demand":0,"DemandMax":4,"Value":6072},{"Length":76,"Height":50,"Demand":0,"DemandMax":4,"Value":11400},{"Length":35,"Height":50,"Demand":0,"DemandMax":4,"Value":3500},{"Length":7,"Height":43,"Demand":0,"DemandMax":4,"Value":903},{"Length":83,"Height":20,"Demand":0,"DemandMax":4,"Value":4980},{"Length":19,"Height":97,"Demand":0,"DemandMax":4,"Value":3686},{"Length":87,"Height":5,"Demand":0,"DemandMax":4,"Value":435},{"Length":38,"Height":9,"Demand":0,"DemandMax":4,"Value":1026},{"Length":27,"Height":32,"Demand":0,"DemandMax":4,"Value":2592},{"Length":14,"Height":82,"Demand":0,"DemandMax":4,"Value":2296},{"Length":41,"Height":94,"Demand":0,"DemandMax":4,"Value":3854},{"Length":3,"Height":21,"Demand":0,"DemandMax":4,"Value":126},{"Length":95,"Height":54,"Demand":0,"DemandMax":4,"Value":5130},{"Length":85,"Height":39,"Demand":0,"DemandMax":4,"Value":9945},{"Length":50,"Height":21,"Demand":0,"DemandMax":4,"Value":1050},{"Length":24,"Height":42,"Demand":0,"DemandMax":4,"Value":2016},{"Length":46,"Height":10,"Demand":0,"DemandMax":4,"Value":920},{"Length":10,"Height":32,"Demand":0,"DemandMax":4,"Value":640},{"Length":8,"Height":12,"Demand":0,"DemandMax":4,"Value":192},{"Length":11,"Height":98,"Demand":0,"DemandMax":4,"Value":1078},{"Length":15,"Height":2,"Demand":0,"DemandMax":4,"Value":60},{"Length":78,"Height":46,"Demand":0,"DemandMax":4,"Value":3588},{"Length":31,"Height":96,"Demand":0,"DemandMax":4,"Value":2976},{"Length":11,"Height":77,"Demand":0,"DemandMax":4,"Value":847},{"Length":25,"Height":93,"Demand":0,"DemandMax":4,"Value":4650},{"Length":97,"Height":95,"Demand":0,"DemandMax":4,"Value":27645},{"Length":92,"Height":9,"Demand":0,"DemandMax":4,"Value":2484},{"Length":55,"Height":61,"Demand":0,"DemandMax":4,"Value":3355},{"Length":81,"Height":65,"Demand":0,"DemandMax":4,"Value":10530},{"Length":3,"Height":34,"Demand":0,"DemandMax":4,"Value":306},{"Length":11,"Height":4,"Demand":0,"DemandMax":4,"Value":44},{"Length":78,"Height":41,"Demand":0,"DemandMax":4,"Value":6396},{"Length":61,"Height":53,"Demand":0,"DemandMax":4,"Value":9699},{"Length":13,"Height":26,"Demand":0,"DemandMax":4,"Value":676},{"Length":90,"Height":100,"Demand":0,"DemandMax":4,"Value":27000},{"Length":49,"Height":12,"Demand":0,"DemandMax":4,"Value":1764},{"Length":25,"Height":6,"Demand":0,"DemandMax":4,"Value":150},{"Length":87,"Height":60,"Demand":0,"DemandMax":8,"Value":5220},{"Length":22,"Height":8,"Demand":0,"DemandMax":4,"Value":352},{"Length":20,"Height":85,"Demand":0,"DemandMax":8,"Value":5100},{"Length":43,"Height":47,"Demand":0,"DemandMax":4,"Value":2021},{"Length":72,"Height":51,"Demand":0,"DemandMax":4,"Value":3672},{"Length":39,"Height":15,"Demand":0,"DemandMax":4,"Value":1170},{"Length":22,"Height":21,"Demand":0,"DemandMax":4,"Value":462},{"Length":34,"Height":99,"Demand":0,"DemandMax":8,"Value":3366},{"Length":76,"Height":8,"Demand":0,"DemandMax":4,"Value":1824},{"Length":7,"Height":99,"Demand":0,"DemandMax":8,"Value":2079},{"Length":40,"Height":7,"Demand":0,"DemandMax":4,"Value":840},{"Length":100,"Height":88,"Demand":0,"DemandMax":4,"Value":8800},{"Length":7,"Height":82,"Demand":0,"DemandMax":4,"Value":574},{"Length":5,"Height":37,"Demand":0,"DemandMax":4,"Value":185},{"Length":99,"Height":44,"Demand":0,"DemandMax":4,"Value":4356},{"Length":11,"Height":82,"Demand":0,"DemandMax":4,"Value":1804},{"Length":63,"Height":62,"Demand":0,"DemandMax":4,"Value":7812},{"Length":38,"Height":78,"Demand":0,"DemandMax":4,"Value":5928},{"Length":41,"Height":40,"Demand":0,"DemandMax":4,"Value":1640},{"Length":95,"Height":35,"Demand":0,"DemandMax":4,"Value":9975},{"Length":71,"Height":85,"Demand":0,"DemandMax":4,"Value":12070},{"Length":35,"Height":15,"Demand":0,"DemandMax":4,"Value":1575},{"Length":86,"Height":75,"Demand":0,"DemandMax":4,"Value":6450},{"Length":95,"Height":55,"Demand":0,"DemandMax":4,"Value":15675},{"Length":93,"Height":57,"Demand":0,"DemandMax":4,"Value":5301},{"Length":23,"Height":16,"Demand":0,"DemandMax":4,"Value":368},{"Length":80,"Height":25,"Demand":0,"DemandMax":4,"Value":4000},{"Length":88,"Height":50,"Demand":0,"DemandMax":4,"Value":8800},{"Length":2,"Height":35,"Demand":0,"DemandMax":4,"Value":70},{"Length":95,"Height":44,"Demand":0,"DemandMax":4,"Value":12540},{"Length":49,"Height":94,"Demand":0,"DemandMax":4,"Value":13818},{"Length":82,"Height":16,"Demand":0,"DemandMax":8,"Value":1312},{"Length":70,"Height":97,"Demand":0,"DemandMax":4,"Value":6790},{"Length":31,"Height":99,"Demand":0,"DemandMax":4,"Value":9207},{"Length":46,"Height":15,"Demand":0,"DemandMax":4,"Value":2070},{"Length":38,"Height":27,"Demand":0,"DemandMax":4,"Value":3078},{"Length":27,"Height":27,"Demand":0,"DemandMax":4,"Value":729},{"Length":60,"Height":64,"Demand":0,"DemandMax":4,"Value":11520},{"Length":89,"Height":79,"Demand":0,"DemandMax":4,"Value":7031},{"Length":43,"Height":78,"Demand":0,"DemandMax":4,"Value":6708},{"Length":36,"Height":95,"Demand":0,"DemandMax":4,"Value":6840},{"Length":38,"Height":2,"Demand":0,"DemandMax":4,"Value":76},{"Length":7,"Height":88,"Demand":0,"DemandMax":4,"Value":616},{"Length":37,"Height":50,"Demand":0,"DemandMax":4,"Value":5550},{"Length":25,"Height":20,"Demand":0,"DemandMax":8,"Value":500},{"Length":85,"Height":28,"Demand":0,"DemandMax":4,"Value":2380},{"Length":8,"Height":40,"Demand":0,"DemandMax":4,"Value":320},{"Length":42,"Height":38,"Demand":0,"DemandMax":4,"Value":3192},{"Length":33,"Height":76,"Demand":0,"DemandMax":4,"Value":2508},{"Length":100,"Height":34,"Demand":0,"DemandMax":8,"Value":3400},{"Length":21,"Height":90,"Demand":0,"DemandMax":8,"Value":3780},{"Length":19,"Height":15,"Demand":0,"DemandMax":4,"Value":285},{"Length":24,"Height":83,"Demand":0,"DemandMax":4,"Value":5976},{"Length":43,"Height":27,"Demand":0,"DemandMax":4,"Value":3483},{"Length":81,"Height":89,"Demand":0,"DemandMax":4,"Value":7209},{"Length":9,"Height":34,"Demand":0,"DemandMax":4,"Value":306},{"Length":30,"Height":81,"Demand":0,"DemandMax":4,"Value":2430},{"Length":19,"Height":13,"Demand":0,"DemandMax":4,"Value":741},{"Length":90,"Height":48,"Demand":0,"DemandMax":4,"Value":8640},{"Length":2,"Height":6,"Demand":0,"DemandMax":4,"Value":12},{"Length":44,"Height":24,"Demand":0,"DemandMax":4,"Value":2112},{"Length":92,"Height":64,"Demand":0,"DemandMax":4,"Value":11776},{"Length":15,"Height":27,"Demand":0,"DemandMax":4,"Value":1215},{"Length":36,"Height":31,"Demand":0,"DemandMax":4,"Value":1116},{"Length":17,"Height":100,"Demand":0,"DemandMax":4,"Value":1700},{"Length":7,"Height":89,"Demand":0,"DemandMax":4,"Value":1246},{"Length":40,"Height":79,"Demand":0,"DemandMax":4,"Value":9480},{"Length":85,"Height":44,"Demand":0,"DemandMax":4,"Value":11220},{"Length":46,"Height":93,"Demand":0,"DemandMax":4,"Value":8556},{"Length":41,"Height":95,"Demand":0,"DemandMax":4,"Value":11685},{"Length":76,"Height":16,"Demand":0,"DemandMax":4,"Value":2432},{"Length":94,"Height":30,"Demand":0,"DemandMax":4,"Value":8460},{"Length":46,"Height":25,"Demand":0,"DemandMax":4,"Value":2300},{"Length":41,"Height":91,"Demand":0,"DemandMax":4,"Value":3731},{"Length":10,"Height":87,"Demand":0,"DemandMax":4,"Value":2610},{"Length":53,"Height":98,"Demand":0,"DemandMax":4,"Value":15582},{"Length":91,"Height":19,"Demand":0,"DemandMax":4,"Value":1729},{"Length":28,"Height":26,"Demand":0,"DemandMax":4,"Value":728},{"Length":40,"Height":26,"Demand":0,"DemandMax":4,"Value":1040},{"Length":79,"Height":14,"Demand":0,"DemandMax":4,"Value":3318},{"Length":53,"Height":60,"Demand":0,"DemandMax":4,"Value":9540},{"Length":34,"Height":98,"Demand":0,"DemandMax":4,"Value":6664},{"Length":42,"Height":80,"Demand":0,"DemandMax":4,"Value":3360},{"Length":97,"Height":33,"Demand":0,"DemandMax":4,"Value":6402},{"Length":85,"Height":97,"Demand":0,"DemandMax":4,"Value":8245},{"Length":78,"Height":6,"Demand":0,"DemandMax":4,"Value":1404},{"Length":49,"Height":34,"Demand":0,"DemandMax":4,"Value":4998},{"Length":89,"Height":32,"Demand":0,"DemandMax":4,"Value":8544},{"Length":81,"Height":30,"Demand":0,"DemandMax":4,"Value":2430},{"Length":35,"Height":78,"Demand":0,"DemandMax":4,"Value":8190},{"Length":96,"Height":40,"Demand":0,"DemandMax":4,"Value":3840},{"Length":43,"Height":42,"Demand":0,"DemandMax":4,"Value":3612},{"Length":6,"Height":18,"Demand":0,"DemandMax":4,"Value":324},{"Length":46,"Height":28,"Demand":0,"DemandMax":4,"Value":2576},{"Length":2,"Height":49,"Demand":0,"DemandMax":4,"Value":196},{"Length":36,"Height":46,"Demand":0,"DemandMax":4,"Value":3312},{"Length":9,"Height":44,"Demand":0,"DemandMax":4,"Value":396},{"Length":61,"Height":56,"Demand":0,"DemandMax":4,"Value":6832},{"Length":39,"Height":39,"Demand":0,"DemandMax":4,"Value":1521},{"Length":76,"Height":14,"Demand":0,"DemandMax":4,"Value":3192},{"Length":41,"Height":19,"Demand":0,"DemandMax":4,"Value":1558},{"Length":30,"Height":33,"Demand":0,"DemandMax":4,"Value":1980},{"Length":86,"Height":22,"Demand":0,"DemandMax":4,"Value":5676},{"Length":68,"Height":65,"Demand":0,"DemandMax":4,"Value":13260},{"Length":89,"Height":21,"Demand":0,"DemandMax":4,"Value":5607},{"Length":47,"Height":28,"Demand":0,"DemandMax":4,"Value":1316},{"Length":10,"Height":14,"Demand":0,"DemandMax":4,"Value":140},{"Length":22,"Height":16,"Demand":0,"DemandMax":4,"Value":704},{"Length":40,"Height":80,"Demand":0,"DemandMax":4,"Value":6400},{"Length":62,"Height":72,"Demand":0,"DemandMax":4,"Value":8928},{"Length":22,"Height":9,"Demand":0,"DemandMax":4,"Value":396},{"Length":49,"Height":49,"Demand":0,"DemandMax":4,"Value":4802},{"Length":97,"Height":30,"Demand":0,"DemandMax":4,"Value":5820},{"Length":68,"Height":67,"Demand":0,"DemandMax":4,"Value":13668},{"Length":22,"Height":11,"Demand":0,"DemandMax":4,"Value":242},{"Length":31,"Height":48,"Demand":0,"DemandMax":8,"Value":1488},{"Length":93,"Height":41,"Demand":0,"DemandMax":4,"Value":11439},{"Length":80,"Height":88,"Demand":0,"DemandMax":4,"Value":14080},{"Length":44,"Height":8,"Demand":0,"DemandMax":4,"Value":1056},{"Length":3,"Height":86,"Demand":0,"DemandMax":4,"Value":258},{"Length":15,"Height":90,"Demand":0,"DemandMax":4,"Value":2700},{"Length":44,"Height":8,"Demand":0,"DemandMax":4,"Value":704},{"Length":6,"Height":13,"Demand":0,"DemandMax":4,"Value":234},{"Length":66,"Height":85,"Demand":0,"DemandMax":4,"Value":16830},{"Length":9,"Height":47,"Demand":0,"DemandMax":4,"Value":846},{"Length":14,"Height":96,"Demand":0,"DemandMax":4,"Value":4032},{"Length":21,"Height":91,"Demand":0,"DemandMax":4,"Value":3822},{"Length":20,"Height":39,"Demand":0,"DemandMax":4,"Value":780},{"Length":22,"Height":6,"Demand":0,"DemandMax":4,"Value":396},{"Length":46,"Height":80,"Demand":0,"DemandMax":4,"Value":7360},{"Length":25,"Height":12,"Demand":0,"DemandMax":8,"Value":300},{"Length":14,"Height":87,"Demand":0,"DemandMax":4,"Value":2436},{"Length":100,"Height":84,"Demand":0,"DemandMax":4,"Value":25200},{"Length":15,"Height":98,"Demand":0,"DemandMax":4,"Value":1470},{"Length":31,"Height":97,"Demand":0,"DemandMax":4,"Value":9021},{"Length":43,"Height":88,"Demand":0,"DemandMax":4,"Value":11352},{"Length":94,"Height":25,"Demand":0,"DemandMax":4,"Value":7050},{"Length":27,"Height":91,"Demand":0,"DemandMax":4,"Value":2457},{"Length":29,"Height":26,"Demand":0,"DemandMax":4,"Value":2262},{"Length":39,"Height":43,"Demand":0,"DemandMax":4,"Value":1677},{"Length":87,"Height":13,"Demand":0,"DemandMax":4,"Value":1131},{"Length":42,"Height":43,"Demand":0,"DemandMax":4,"Value":5418},{"Length":43,"Height":12,"Demand":0,"DemandMax":8,"Value":1032},{"Length":32,"Height":50,"Demand":0,"DemandMax":4,"Value":1600},{"Length":75,"Height":96,"Demand":0,"DemandMax":4,"Value":14400},{"Length":56,"Height":65,"Demand":0,"DemandMax":4,"Value":10920},{"Length":17,"Height":32,"Demand":0,"DemandMax":4,"Value":1632},{"Length":91,"Height":25,"Demand":0,"DemandMax":4,"Value":6825},{"Length":91,"Height":38,"Demand":0,"DemandMax":4,"Value":3458},{"Length":29,"Height":76,"Demand":0,"DemandMax":4,"Value":4408},{"Length":23,"Height":19,"Demand":0,"DemandMax":4,"Value":1311},{"Length":74,"Height":81,"Demand":0,"DemandMax":4,"Value":17982},{"Length":34,"Height":84,"Demand":0,"DemandMax":4,"Value":5712},{"Length":50,"Height":9,"Demand":0,"DemandMax":4,"Value":450},{"Length":90,"Height":65,"Demand":0,"DemandMax":8,"Value":17550},{"Length":22,"Height":19,"Demand":0,"DemandMax":4,"Value":418},{"Length":31,"Height":100,"Demand":0,"DemandMax":4,"Value":3100},{"Length":32,"Height":34,"Demand":0,"DemandMax":8,"Value":3264},{"Length":9,"Height":33,"Demand":0,"DemandMax":8,"Value":297},{"Length":21,"Height":40,"Demand":0,"DemandMax":4,"Value":1680},{"Length":78,"Height":89,"Demand":0,"DemandMax":4,"Value":6942},{"Length":37,"Height":91,"Demand":0,"DemandMax":4,"Value":3367},{"Length":50,"Height":8,"Demand":0,"DemandMax":4,"Value":400},{"Length":79,"Height":43,"Demand":0,"DemandMax":4,"Value":10191},{"Length":48,"Height":79,"Demand":0,"DemandMax":4,"Value":7584},{"Length":79,"Height":9,"Demand":0,"DemandMax":4,"Value":2133},{"Length":17,"Height":90,"Demand":0,"DemandMax":4,"Value":4590},{"Length":99,"Height":54,"Demand":0,"DemandMax":4,"Value":10692},{"Length":44,"Height":99,"Demand":0,"DemandMax":4,"Value":4356},{"Length":82,"Height":9,"Demand":0,"DemandMax":4,"Value":738},{"Length":3,"Height":14,"Demand":0,"DemandMax":4,"Value":126},{"Length":78,"Height":66,"Demand":0,"DemandMax":4,"Value":5148},{"Length":85,"Height":25,"Demand":0,"DemandMax":4,"Value":4250},{"Length":70,"Height":52,"Demand":0,"DemandMax":4,"Value":3640},{"Length":8,"Height":26,"Demand":0,"DemandMax":4,"Value":624},{"Length":20,"Height":94,"Demand":0,"DemandMax":4,"Value":1880},{"Length":91,"Height":13,"Demand":0,"DemandMax":4,"Value":1183},{"Length":15,"Height":85,"Demand":0,"DemandMax":4,"Value":1275},{"Length":53,"Height":78,"Demand":0,"DemandMax":4,"Value":4134},{"Length":2,"Height":41,"Demand":0,"DemandMax":4,"Value":82},{"Length":26,"Height":97,"Demand":0,"DemandMax":4,"Value":2522},{"Length":45,"Height":18,"Demand":0,"DemandMax":4,"Value":1620},{"Length":85,"Height":90,"Demand":0,"DemandMax":4,"Value":7650},{"Length":49,"Height":77,"Demand":0,"DemandMax":4,"Value":11319},{"Length":23,"Height":90,"Demand":0,"DemandMax":4,"Value":6210},{"Length":95,"Height":51,"Demand":0,"DemandMax":4,"Value":9690},{"Length":31,"Height":98,"Demand":0,"DemandMax":4,"Value":6076},{"Length":9,"Height":14,"Demand":0,"DemandMax":4,"Value":126},{"Length":7,"Height":31,"Demand":0,"DemandMax":4,"Value":217},{"Length":91,"Height":93,"Demand":0,"DemandMax":4,"Value":25389},{"Length":100,"Height":49,"Demand":0,"DemandMax":4,"Value":14700},{"Length":23,"Height":30,"Demand":0,"DemandMax":4,"Value":1380},{"Length":64,"Height":91,"Demand":0,"DemandMax":4,"Value":17472},{"Length":7,"Height":20,"Demand":0,"DemandMax":4,"Value":280},{"Length":21,"Height":43,"Demand":0,"DemandMax":4,"Value":903},{"Length":29,"Height":46,"Demand":0,"DemandMax":4,"Value":2668},{"Length":100,"Height":75,"Demand":0,"DemandMax":4,"Value":22500},{"Length":6,"Height":86,"Demand":0,"DemandMax":4,"Value":1032},{"Length":39,"Height":18,"Demand":0,"DemandMax":4,"Value":1404},{"Length":22,"Height":83,"Demand":0,"DemandMax":4,"Value":3652},{"Length":18,"Height":94,"Demand":0,"DemandMax":4,"Value":1692},{"Length":76,"Height":50,"Demand":0,"DemandMax":4,"Value":7600},{"Length":31,"Height":99,"Demand":0,"DemandMax":4,"Value":3069},{"Length":25,"Height":29,"Demand":0,"DemandMax":4,"Value":1450},{"Length":10,"Height":92,"Demand":0,"DemandMax":4,"Value":920},{"Length":50,"Height":35,"Demand":0,"DemandMax":4,"Value":3500},{"Length":8,"Height":23,"Demand":0,"DemandMax":4,"Value":184},{"Length":49,"Height":49,"Demand":0,"DemandMax":4,"Value":7203},{"Length":90,"Height":29,"Demand":0,"DemandMax":4,"Value":2610},{"Length":12,"Height":85,"Demand":0,"DemandMax":4,"Value":2040},{"Length":62,"Height":77,"Demand":0,"DemandMax":4,"Value":14322},{"Length":25,"Height":47,"Demand":0,"DemandMax":4,"Value":3525},{"Length":26,"Height":24,"Demand":0,"DemandMax":4,"Value":1248},{"Length":49,"Height":2,"Demand":0,"DemandMax":4,"Value":98},{"Length":93,"Height":57,"Demand":0,"DemandMax":4,"Value":10602},{"Length":64,"Height":52,"Demand":0,"DemandMax":4,"Value":9984},{"Length":83,"Height":46,"Demand":0,"DemandMax":4,"Value":7636},{"Length":44,"Height":76,"Demand":0,"DemandMax":4,"Value":3344},{"Length":21,"Height":25,"Demand":0,"DemandMax":4,"Value":1050},{"Length":57,"Height":81,"Demand":0,"DemandMax":4,"Value":4617},{"Length":29,"Height":30,"Demand":0,"DemandMax":4,"Value":1740},{"Length":21,"Height":10,"Demand":0,"DemandMax":4,"Value":630},{"Length":79,"Height":87,"Demand":0,"DemandMax":4,"Value":20619},{"Length":27,"Height":45,"Demand":0,"DemandMax":4,"Value":1215},{"Length":100,"Height":50,"Demand":0,"DemandMax":4,"Value":15000},{"Length":3,"Height":4,"Demand":0,"DemandMax":4,"Value":12},{"Length":94,"Height":94,"Demand":0,"DemandMax":4,"Value":26508},{"Length":94,"Height":16,"Demand":0,"DemandMax":4,"Value":4512},{"Length":90,"Height":46,"Demand":0,"DemandMax":4,"Value":12420},{"Length":56,"Height":96,"Demand":0,"DemandMax":4,"Value":10752},{"Length":69,"Height":70,"Demand":0,"DemandMax":4,"Value":4830},{"Length":85,"Height":96,"Demand":0,"DemandMax":4,"Value":16320},{"Length":81,"Height":66,"Demand":0,"DemandMax":4,"Value":16038},{"Length":77,"Height":20,"Demand":0,"DemandMax":4,"Value":4620},{"Length":46,"Height":23,"Demand":0,"DemandMax":8,"Value":2116},{"Length":20,"Height":99,"Demand":0,"DemandMax":4,"Value":1980},{"Length":59,"Height":99,"Demand":0,"DemandMax":4,"Value":17523},{"Length":92,"Height":15,"Demand":0,"DemandMax":4,"Value":4140},{"Length":19,"Height":87,"Demand":0,"DemandMax":4,"Value":4959},{"Length":66,"Height":81,"Demand":0,"DemandMax":4,"Value":5346},{"Length":17,"Height":17,"Demand":0,"DemandMax":4,"Value":867},{"Length":59,"Height":69,"Demand":0,"DemandMax":4,"Value":12213},{"Length":80,"Height":26,"Demand":0,"DemandMax":4,"Value":2080},{"Length":16,"Height":7,"Demand":0,"DemandMax":8,"Value":336},{"Length":16,"Height":14,"Demand":0,"DemandMax":4,"Value":672},{"Length":20,"Height":26,"Demand":0,"DemandMax":4,"Value":520},{"Length":68,"Height":54,"Demand":0,"DemandMax":4,"Value":3672},{"Length":31,"Height":3,"Demand":0,"DemandMax":4,"Value":93},{"Length":22,"Height":45,"Demand":0,"DemandMax":4,"Value":2970},{"Length":31,"Height":6,"Demand":0,"DemandMax":8,"Value":558},{"Length":41,"Height":13,"Demand":0,"DemandMax":4,"Value":1599},{"Length":42,"Height":32,"Demand":0,"DemandMax":4,"Value":2688},{"Length":14,"Height":80,"Demand":0,"DemandMax":8,"Value":3360},{"Length":34,"Height":97,"Demand":0,"DemandMax":4,"Value":3298},{"Length":2,"Height":20,"Demand":0,"DemandMax":4,"Value":40},{"Length":33,"Height":44,"Demand":0,"DemandMax":4,"Value":4356},{"Length":67,"Height":92,"Demand":0,"DemandMax":4,"Value":12328},{"Length":20,"Height":80,"Demand":0,"DemandMax":4,"Value":4800},{"Length":30,"Height":24,"Demand":0,"DemandMax":4,"Value":2160},{"Length":23,"Height":32,"Demand":0,"DemandMax":4,"Value":2208},{"Length":74,"Height":89,"Demand":0,"DemandMax":8,"Value":19758},{"Length":76,"Height":27,"Demand":0,"DemandMax":4,"Value":2052},{"Length":36,"Height":40,"Demand":0,"DemandMax":4,"Value":4320},{"Length":79,"Height":39,"Demand":0,"DemandMax":4,"Value":6162},{"Length":42,"Height":23,"Demand":0,"DemandMax":4,"Value":1932},{"Length":100,"Height":79,"Demand":0,"DemandMax":4,"Value":15800},{"Length":97,"Height":82,"Demand":0,"DemandMax":4,"Value":23862},{"Length":33,"Height":40,"Demand":0,"DemandMax":8,"Value":3960},{"Length":50,"Height":77,"Demand":0,"DemandMax":8,"Value":7700},{"Length":88,"Height":67,"Demand":0,"DemandMax":4,"Value":5896},{"Length":47,"Height":25,"Demand":0,"DemandMax":4,"Value":1175},{"Length":40,"Height":29,"Demand":0,"DemandMax":4,"Value":2320},{"Length":92,"Height":74,"Demand":0,"DemandMax":4,"Value":13616},{"Length":19,"Height":91,"Demand":0,"DemandMax":4,"Value":5187},{"Length":53,"Height":98,"Demand":0,"DemandMax":4,"Value":10388},{"Length":100,"Height":61,"Demand":0,"DemandMax":4,"Value":12200},{"Length":44,"Height":80,"Demand":0,"DemandMax":4,"Value":7040},{"Length":77,"Height":25,"Demand":0,"DemandMax":4,"Value":1925},{"Length":17,"Height":23,"Demand":0,"DemandMax":4,"Value":1173},{"Length":38,"Height":33,"Demand":0,"DemandMax":4,"Value":1254},{"Length":56,"Height":80,"Demand":0,"DemandMax":4,"Value":8960},{"Length":34,"Height":91,"Demand":0,"DemandMax":4,"Value":6188},{"Length":37,"Height":98,"Demand":0,"DemandMax":4,"Value":3626},{"Length":85,"Height":35,"Demand":0,"DemandMax":4,"Value":5950},{"Length":80,"Height":43,"Demand":0,"DemandMax":4,"Value":6880},{"Length":21,"Height":100,"Demand":0,"DemandMax":4,"Value":4200},{"Length":44,"Height":90,"Demand":0,"DemandMax":4,"Value":7920},{"Length":11,"Height":76,"Demand":0,"DemandMax":4,"Value":1672},{"Length":26,"Height":49,"Demand":0,"DemandMax":4,"Value":3822},{"Length":40,"Height":20,"Demand":0,"DemandMax":4,"Value":2400},{"Length":84,"Height":13,"Demand":0,"DemandMax":4,"Value":1092},{"Length":38,"Height":6,"Demand":0,"DemandMax":4,"Value":684},{"Length":83,"Height":37,"Demand":0,"DemandMax":4,"Value":9213},{"Length":33,"Height":82,"Demand":0,"DemandMax":4,"Value":8118},{"Length":94,"Height":54,"Demand":0,"DemandMax":4,"Value":5076},{"Length":76,"Height":7,"Demand":0,"DemandMax":4,"Value":532},{"Length":3,"Height":80,"Demand":0,"DemandMax":4,"Value":240},{"Length":79,"Height":14,"Demand":0,"DemandMax":4,"Value":1106},{"Length":35,"Height":97,"Demand":0,"DemandMax":4,"Value":6790},{"Length":97,"Height":36,"Demand":0,"DemandMax":4,"Value":3492},{"Length":71,"Height":76,"Demand":0,"DemandMax":4,"Value":10792},{"Length":31,"Height":92,"Demand":0,"DemandMax":4,"Value":2852},{"Length":4,"Height":2,"Demand":0,"DemandMax":4,"Value":8},{"Length":16,"Height":80,"Demand":0,"DemandMax":8,"Value":3840},{"Length":23,"Height":31,"Demand":0,"DemandMax":4,"Value":1426},{"Length":80,"Height":58,"Demand":0,"DemandMax":4,"Value":4640},{"Length":29,"Height":79,"Demand":0,"DemandMax":4,"Value":6873},{"Length":19,"Height":43,"Demand":0,"DemandMax":4,"Value":817},{"Length":93,"Height":39,"Demand":0,"DemandMax":4,"Value":3627},{"Length":49,"Height":35,"Demand":0,"DemandMax":4,"Value":1715},{"Length":71,"Height":71,"Demand":0,"DemandMax":4,"Value":10082},{"Length":83,"Height":70,"Demand":0,"DemandMax":4,"Value":17430},{"Length":9,"Height":42,"Demand":0,"DemandMax":4,"Value":1134},{"Length":55,"Height":94,"Demand":0,"DemandMax":4,"Value":10340},{"Length":44,"Height":46,"Demand":0,"DemandMax":4,"Value":2024},{"Length":95,"Height":71,"Demand":0,"DemandMax":4,"Value":13490},{"Length":25,"Height":89,"Demand":0,"DemandMax":4,"Value":4450},{"Length":87,"Height":75,"Demand":0,"DemandMax":4,"Value":6525},{"Length":88,"Height":86,"Demand":0,"DemandMax":4,"Value":22704},{"Length":57,"Height":93,"Demand":0,"DemandMax":4,"Value":15903},{"Length":61,"Height":76,"Demand":0,"DemandMax":4,"Value":4636},{"Length":93,"Height":23,"Demand":0,"DemandMax":4,"Value":6417},{"Length":47,"Height":81,"Demand":0,"DemandMax":4,"Value":3807},{"Length":85,"Height":41,"Demand":0,"DemandMax":4,"Value":6970},{"Length":52,"Height":68,"Demand":0,"DemandMax":4,"Value":10608},{"Length":23,"Height":41,"Demand":0,"DemandMax":4,"Value":1886},{"Length":95,"Height":12,"Demand":0,"DemandMax":4,"Value":1140},{"Length":22,"Height":14,"Demand":0,"DemandMax":4,"Value":924},{"Length":13,"Height":48,"Demand":0,"DemandMax":4,"Value":624},{"Length":94,"Height":23,"Demand":0,"DemandMax":4,"Value":6486},{"Length":43,"Height":40,"Demand":0,"DemandMax":4,"Value":3440},{"Length":2,"Height":88,"Demand":0,"DemandMax":4,"Value":528},{"Length":31,"Height":11,"Demand":0,"DemandMax":4,"Value":1023},{"Length":40,"Height":86,"Demand":0,"DemandMax":4,"Value":3440},{"Length":70,"Height":84,"Demand":0,"DemandMax":4,"Value":17640},{"Length":14,"Height":84,"Demand":0,"DemandMax":4,"Value":3528},{"Length":6,"Height":23,"Demand":0,"DemandMax":4,"Value":276},{"Length":91,"Height":3,"Demand":0,"DemandMax":4,"Value":819},{"Length":94,"Height":57,"Demand":0,"DemandMax":4,"Value":10716},{"Length":93,"Height":48,"Demand":0,"DemandMax":4,"Value":13392},{"Length":4,"Height":92,"Demand":0,"DemandMax":4,"Value":368},{"Length":21,"Height":29,"Demand":0,"DemandMax":4,"Value":1827},{"Length":27,"Height":26,"Demand":0,"DemandMax":4,"Value":2106},{"Length":79,"Height":28,"Demand":0,"DemandMax":4,"Value":4424},{"Length":27,"Height":30,"Demand":0,"DemandMax":4,"Value":810},{"Length":6,"Height":78,"Demand":0,"DemandMax":4,"Value":468},{"Length":100,"Height":95,"Demand":0,"DemandMax":4,"Value":9500},{"Length":51,"Height":90,"Demand":0,"DemandMax":4,"Value":13770},{"Length":5,"Height":89,"Demand":0,"DemandMax":4,"Value":890},{"Length":54,"Height":65,"Demand":0,"DemandMax":4,"Value":3510},{"Length":94,"Height":9,"Demand":0,"DemandMax":4,"Value":2538},{"Length":94,"Height":46,"Demand":0,"DemandMax":4,"Value":8648},{"Length":27,"Height":43,"Demand":0,"DemandMax":4,"Value":2322},{"Length":27,"Height":47,"Demand":0,"DemandMax":4,"Value":1269},{"Length":8,"Height":40,"Demand":0,"DemandMax":4,"Value":640},{"Length":10,"Height":7,"Demand":0,"DemandMax":4,"Value":140},{"Length":91,"Height":82,"Demand":0,"DemandMax":4,"Value":14924},{"Length":33,"Height":46,"Demand":0,"DemandMax":4,"Value":4554},{"Length":39,"Height":32,"Demand":0,"DemandMax":4,"Value":1248},{"Length":91,"Height":48,"Demand":0,"DemandMax":4,"Value":13104},{"Length":100,"Height":46,"Demand":0,"DemandMax":4,"Value":13800},{"Length":51,"Height":78,"Demand":0,"DemandMax":4,"Value":3978},{"Length":54,"Height":71,"Demand":0,"DemandMax":4,"Value":3834},{"Length":70,"Height":54,"Demand":0,"DemandMax":4,"Value":7560},{"Length":24,"Height":100,"Demand":0,"DemandMax":4,"Value":7200},{"Length":25,"Height":4,"Demand":0,"DemandMax":4,"Value":200},{"Length":15,"Height":91,"Demand":0,"DemandMax":4,"Value":2730},{"Length":26,"Height":100,"Demand":0,"DemandMax":4,"Value":7800},{"Length":20,"Height":35,"Demand":0,"DemandMax":4,"Value":2100},{"Length":10,"Height":15,"Demand":0,"DemandMax":4,"Value":300},{"Length":9,"Height":76,"Demand":0,"DemandMax":4,"Value":684},{"Length":100,"Height":38,"Demand":0,"DemandMax":4,"Value":3800},{"Length":97,"Height":30,"Demand":0,"DemandMax":4,"Value":2910},{"Length":89,"Height":2,"Demand":0,"DemandMax":4,"Value":356},{"Length":17,"Height":2,"Demand":0,"DemandMax":4,"Value":102},{"Length":87,"Height":93,"Demand":0,"DemandMax":4,"Value":8091},{"Length":36,"Height":9,"Demand":0,"DemandMax":4,"Value":648},{"Length":50,"Height":99,"Demand":0,"DemandMax":4,"Value":4950},{"Length":4,"Height":30,"Demand":0,"DemandMax":4,"Value":120},{"Length":50,"Height":94,"Demand":0,"DemandMax":4,"Value":4700},{"Length":91,"Height":21,"Demand":0,"DemandMax":4,"Value":3822},{"Length":53,"Height":93,"Demand":0,"DemandMax":4,"Value":14787},{"Length":9,"Height":50,"Demand":0,"DemandMax":4,"Value":900},{"Length":14,"Height":22,"Demand":0,"DemandMax":4,"Value":616},{"Length":65,"Height":92,"Demand":0,"DemandMax":4,"Value":17940},{"Length":83,"Height":27,"Demand":0,"DemandMax":4,"Value":4482},{"Length":46,"Height":38,"Demand":0,"DemandMax":4,"Value":1748},{"Length":17,"Height":88,"Demand":0,"DemandMax":4,"Value":2992},{"Length":79,"Height":55,"Demand":0,"DemandMax":4,"Value":13035},{"Length":18,"Height":3,"Demand":0,"DemandMax":4,"Value":108},{"Length":100,"Height":27,"Demand":0,"DemandMax":4,"Value":5400},{"Length":26,"Height":92,"Demand":0,"DemandMax":4,"Value":7176},{"Length":49,"Height":43,"Demand":0,"DemandMax":4,"Value":6321},{"Length":80,"Height":23,"Demand":0,"DemandMax":8,"Value":5520},{"Length":93,"Height":41,"Demand":0,"DemandMax":4,"Value":7626},{"Length":47,"Height":32,"Demand":0,"DemandMax":4,"Value":3008},{"Length":20,"Height":15,"Demand":0,"DemandMax":4,"Value":900},{"Length":82,"Height":95,"Demand":0,"DemandMax":4,"Value":15580},{"Length":24,"Height":84,"Demand":0,"DemandMax":4,"Value":4032},{"Length":46,"Height":30,"Demand":0,"DemandMax":4,"Value":2760},{"Length":7,"Height":47,"Demand":0,"DemandMax":4,"Value":987},{"Length":27,"Height":33,"Demand":0,"DemandMax":4,"Value":2673},{"Length":46,"Height":91,"Demand":0,"DemandMax":4,"Value":8372},{"Length":28,"Height":21,"Demand":0,"DemandMax":4,"Value":588},{"Length":40,"Height":13,"Demand":0,"DemandMax":4,"Value":520},{"Length":16,"Height":8,"Demand":0,"DemandMax":4,"Value":384},{"Length":2,"Height":32,"Demand":0,"DemandMax":4,"Value":64},{"Length":26,"Height":7,"Demand":0,"DemandMax":4,"Value":546},{"Length":7,"Height":42,"Demand":0,"DemandMax":4,"Value":294},{"Length":30,"Height":39,"Demand":0,"DemandMax":4,"Value":3510},{"Length":20,"Height":19,"Demand":0,"DemandMax":4,"Value":760},{"Length":50,"Height":44,"Demand":0,"DemandMax":4,"Value":4400},{"Length":10,"Height":10,"Demand":0,"DemandMax":8,"Value":300},{"Length":64,"Height":62,"Demand":0,"DemandMax":4,"Value":3968},{"Length":93,"Height":80,"Demand":0,"DemandMax":4,"Value":22320},{"Length":16,"Height":33,"Demand":0,"DemandMax":4,"Value":1584},{"Length":81,"Height":4,"Demand":0,"DemandMax":4,"Value":324},{"Length":26,"Height":91,"Demand":0,"DemandMax":4,"Value":2366},{"Length":7,"Height":22,"Demand":0,"DemandMax":4,"Value":308},{"Length":81,"Height":79,"Demand":0,"DemandMax":4,"Value":6399},{"Length":2,"Height":49,"Demand":0,"DemandMax":4,"Value":98},{"Length":47,"Height":100,"Demand":0,"DemandMax":4,"Value":4700},{"Length":82,"Height":68,"Demand":0,"DemandMax":4,"Value":11152},{"Length":27,"Height":8,"Demand":0,"DemandMax":4,"Value":648},{"Length":24,"Height":20,"Demand":0,"DemandMax":4,"Value":960},{"Length":81,"Height":62,"Demand":0,"DemandMax":4,"Value":15066},{"Length":92,"Height":86,"Demand":0,"DemandMax":4,"Value":7912},{"Length":84,"Height":34,"Demand":0,"DemandMax":4,"Value":5712},{"Length":86,"Height":68,"Demand":0,"DemandMax":4,"Value":17544},{"Length":37,"Height":47,"Demand":0,"DemandMax":4,"Value":1739},{"Length":81,"Height":50,"Demand":0,"DemandMax":4,"Value":4050},{"Length":95,"Height":30,"Demand":0,"DemandMax":4,"Value":8550},{"Length":13,"Height":91,"Demand":0,"DemandMax":4,"Value":2366},{"Length":93,"Height":21,"Demand":0,"DemandMax":4,"Value":3906},{"Length":85,"Height":11,"Demand":0,"DemandMax":4,"Value":1870},{"Length":54,"Height":85,"Demand":0,"DemandMax":4,"Value":9180},{"Length":81,"Height":23,"Demand":0,"DemandMax":4,"Value":3726},{"Length":75,"Height":77,"Demand":0,"DemandMax":4,"Value":5775},{"Length":91,"Height":22,"Demand":0,"DemandMax":4,"Value":4004},{"Length":62,"Height":60,"Demand":0,"DemandMax":4,"Value":7440},{"Length":2,"Height":93,"Demand":0,"DemandMax":4,"Value":186},{"Length":15,"Height":14,"Demand":0,"DemandMax":4,"Value":210},{"Length":74,"Height":82,"Demand":0,"DemandMax":4,"Value":12136},{"Length":6,"Height":28,"Demand":0,"DemandMax":4,"Value":168},{"Length":86,"Height":76,"Demand":0,"DemandMax":4,"Value":6536},{"Length":37,"Height":96,"Demand":0,"DemandMax":4,"Value":10656},{"Length":95,"Height":2,"Demand":0,"DemandMax":4,"Value":190},{"Length":46,"Height":34,"Demand":0,"DemandMax":4,"Value":3128},{"Length":43,"Height":83,"Demand":0,"DemandMax":4,"Value":10707},{"Length":26,"Height":15,"Demand":0,"DemandMax":4,"Value":780},{"Length":40,"Height":13,"Demand":0,"DemandMax":4,"Value":1560},{"Length":61,"Height":54,"Demand":0,"DemandMax":4,"Value":9882},{"Length":96,"Height":45,"Demand":0,"DemandMax":4,"Value":12960},{"Length":25,"Height":17,"Demand":0,"DemandMax":4,"Value":850},{"Length":46,"Height":77,"Demand":0,"DemandMax":4,"Value":10626},{"Length":94,"Height":79,"Demand":0,"DemandMax":4,"Value":7426},{"Length":94,"Height":42,"Demand":0,"DemandMax":4,"Value":11844},{"Length":96,"Height":71,"Demand":0,"DemandMax":4,"Value":13632},{"Length":13,"Height":98,"Demand":0,"DemandMax":4,"Value":3822},{"Length":85,"Height":47,"Demand":0,"DemandMax":4,"Value":11985},{"Length":76,"Height":27,"Demand":0,"DemandMax":4,"Value":4104},{"Length":32,"Height":47,"Demand":0,"DemandMax":4,"Value":4512},{"Length":45,"Height":42,"Demand":0,"DemandMax":4,"Value":1890},{"Length":76,"Height":32,"Demand":0,"DemandMax":4,"Value":2432},{"Length":82,"Height":56,"Demand":0,"DemandMax":4,"Value":13776},{"Length":76,"Height":65,"Demand":0,"DemandMax":4,"Value":14820},{"Length":52,"Height":59,"Demand":0,"DemandMax":4,"Value":6136},{"Length":44,"Height":28,"Demand":0,"DemandMax":4,"Value":3696},{"Length":40,"Height":3,"Demand":0,"DemandMax":4,"Value":120},{"Length":35,"Height":9,"Demand":0,"DemandMax":4,"Value":315},{"Length":88,"Height":70,"Demand":0,"DemandMax":4,"Value":18480},{"Length":34,"Height":80,"Demand":0,"DemandMax":4,"Value":5440},{"Length":39,"Height":42,"Demand":0,"DemandMax":4,"Value":1638},{"Length":13,"Height":94,"Demand":0,"DemandMax":4,"Value":2444},{"Length":47,"Height":43,"Demand":0,"DemandMax":4,"Value":6063},{"Length":66,"Height":85,"Demand":0,"DemandMax":4,"Value":11220},{"Length":26,"Height":4,"Demand":0,"DemandMax":4,"Value":312},{"Length":78,"Height":46,"Demand":0,"DemandMax":4,"Value":7176},{"Length":84,"Height":47,"Demand":0,"DemandMax":4,"Value":11844},{"Length":27,"Height":40,"Demand":0,"DemandMax":4,"Value":3240},{"Length":82,"Height":13,"Demand":0,"DemandMax":4,"Value":1066},{"Length":32,"Height":36,"Demand":0,"DemandMax":4,"Value":3456},{"Length":75,"Height":77,"Demand":0,"DemandMax":4,"Value":17325},{"Length":28,"Height":26,"Demand":0,"DemandMax":4,"Value":2184},{"Length":87,"Height":51,"Demand":0,"DemandMax":4,"Value":8874},{"Length":17,"Height":43,"Demand":0,"DemandMax":4,"Value":1462},{"Length":46,"Height":92,"Demand":0,"DemandMax":4,"Value":12696},{"Length":44,"Height":91,"Demand":0,"DemandMax":4,"Value":8008},{"Length":96,"Height":5,"Demand":0,"DemandMax":4,"Value":480},{"Length":83,"Height":92,"Demand":0,"DemandMax":4,"Value":15272},{"Length":39,"Height":20,"Demand":0,"DemandMax":4,"Value":780},{"Length":77,"Height":28,"Demand":0,"DemandMax":4,"Value":2156},{"Length":40,"Height":45,"Demand":0,"DemandMax":4,"Value":5400},{"Length":4,"Height":11,"Demand":0,"DemandMax":4,"Value":132},{"Length":27,"Height":98,"Demand":0,"DemandMax":4,"Value":5292},{"Length":41,"Height":20,"Demand":0,"DemandMax":4,"Value":2460},{"Length":50,"Height":45,"Demand":0,"DemandMax":4,"Value":2250},{"Length":29,"Height":3,"Demand":0,"DemandMax":4,"Value":261},{"Length":36,"Height":41,"Demand":0,"DemandMax":4,"Value":4428},{"Length":11,"Height":46,"Demand":0,"DemandMax":4,"Value":1012},{"Length":84,"Height":10,"Demand":0,"DemandMax":4,"Value":840},{"Length":87,"Height":70,"Demand":0,"DemandMax":4,"Value":12180},{"Length":96,"Height":49,"Demand":0,"DemandMax":4,"Value":9408},{"Length":98,"Height":51,"Demand":0,"DemandMax":4,"Value":14994},{"Length":100,"Height":69,"Demand":0,"DemandMax":4,"Value":20700},{"Length":60,"Height":77,"Demand":0,"DemandMax":4,"Value":4620},{"Length":33,"Height":42,"Demand":0,"DemandMax":4,"Value":1386},{"Length":41,"Height":96,"Demand":0,"DemandMax":4,"Value":11808},{"Length":34,"Height":24,"Demand":0,"DemandMax":4,"Value":2448},{"Length":32,"Height":23,"Demand":0,"DemandMax":4,"Value":2208},{"Length":39,"Height":41,"Demand":0,"DemandMax":4,"Value":1599},{"Length":37,"Height":88,"Demand":0,"DemandMax":4,"Value":6512},{"Length":22,"Height":41,"Demand":0,"DemandMax":4,"Value":2706},{"Length":81,"Height":6,"Demand":0,"DemandMax":4,"Value":1458},{"Length":76,"Height":75,"Demand":0,"DemandMax":4,"Value":5700},{"Length":84,"Height":62,"Demand":0,"DemandMax":4,"Value":15624},{"Length":4,"Height":99,"Demand":0,"DemandMax":4,"Value":792},{"Length":99,"Height":20,"Demand":0,"DemandMax":4,"Value":5940},{"Length":5,"Height":22,"Demand":0,"DemandMax":4,"Value":110},{"Length":2,"Height":8,"Demand":0,"DemandMax":4,"Value":16},{"Length":44,"Height":47,"Demand":0,"DemandMax":4,"Value":6204},{"Length":91,"Height":47,"Demand":0,"DemandMax":4,"Value":4277},{"Length":52,"Height":72,"Demand":0,"DemandMax":4,"Value":7488},{"Length":16,"Height":16,"Demand":0,"DemandMax":4,"Value":512},{"Length":8,"Height":24,"Demand":0,"DemandMax":4,"Value":576},{"Length":2,"Height":41,"Demand":0,"DemandMax":4,"Value":246},{"Length":95,"Height":21,"Demand":0,"DemandMax":4,"Value":3990},{"Length":66,"Height":86,"Demand":0,"DemandMax":4,"Value":17028},{"Length":8,"Height":50,"Demand":0,"DemandMax":4,"Value":1200},{"Length":6,"Height":83,"Demand":0,"DemandMax":4,"Value":996},{"Length":36,"Height":85,"Demand":0,"DemandMax":4,"Value":3060},{"Length":23,"Height":14,"Demand":0,"DemandMax":4,"Value":322},{"Length":98,"Height":38,"Demand":0,"DemandMax":4,"Value":11172},{"Length":69,"Height":61,"Demand":0,"DemandMax":4,"Value":12627},{"Length":90,"Height":21,"Demand":0,"DemandMax":4,"Value":3780},{"Length":11,"Height":10,"Demand":0,"DemandMax":4,"Value":110},{"Length":28,"Height":46,"Demand":0,"DemandMax":4,"Value":2576},{"Length":83,"Height":16,"Demand":0,"DemandMax":4,"Value":1328},{"Length":26,"Height":79,"Demand":0,"DemandMax":4,"Value":6162},{"Length":96,"Height":5,"Demand":0,"DemandMax":4,"Value":960},{"Length":2,"Height":85,"Demand":0,"DemandMax":4,"Value":170},{"Length":83,"Height":84,"Demand":0,"DemandMax":4,"Value":13944},{"Length":18,"Height":44,"Demand":0,"DemandMax":4,"Value":792},{"Length":38,"Height":25,"Demand":0,"DemandMax":4,"Value":950},{"Length":3,"Height":77,"Demand":0,"DemandMax":4,"Value":693},{"Length":92,"Height":12,"Demand":0,"DemandMax":4,"Value":2208},{"Length":44,"Height":100,"Demand":0,"DemandMax":4,"Value":8800},{"Length":77,"Height":35,"Demand":0,"DemandMax":4,"Value":8085},{"Length":81,"Height":85,"Demand":0,"DemandMax":4,"Value":20655},{"Length":18,"Height":83,"Demand":0,"DemandMax":4,"Value":2988},{"Length":87,"Height":33,"Demand":0,"DemandMax":4,"Value":8613},{"Length":24,"Height":11,"Demand":0,"DemandMax":4,"Value":792},{"Length":48,"Height":47,"Demand":0,"DemandMax":4,"Value":4512},{"Length":10,"Height":23,"Demand":0,"DemandMax":4,"Value":230},{"Length":96,"Height":43,"Demand":0,"DemandMax":4,"Value":12384},{"Length":32,"Height":25,"Demand":0,"DemandMax":4,"Value":1600},{"Length":3,"Height":40,"Demand":0,"DemandMax":4,"Value":120},{"Length":65,"Height":96,"Demand":0,"DemandMax":4,"Value":18720},{"Length":30,"Height":92,"Demand":0,"DemandMax":4,"Value":2760},{"Length":19,"Height":94,"Demand":0,"DemandMax":4,"Value":3572},{"Length":21,"Height":99,"Demand":0,"DemandMax":4,"Value":4158},{"Length":4,"Height":35,"Demand":0,"DemandMax":4,"Value":140},{"Length":80,"Height":21,"Demand":0,"DemandMax":4,"Value":1680},{"Length":50,"Height":29,"Demand":0,"DemandMax":4,"Value":2900},{"Length":93,"Height":46,"Demand":0,"DemandMax":4,"Value":4278},{"Length":89,"Height":47,"Demand":0,"DemandMax":4,"Value":12549},{"Length":91,"Height":46,"Demand":0,"DemandMax":4,"Value":4186},{"Length":87,"Height":98,"Demand":0,"DemandMax":4,"Value":25578},{"Length":25,"Height":40,"Demand":0,"DemandMax":4,"Value":1000},{"Length":20,"Height":28,"Demand":0,"DemandMax":4,"Value":1120},{"Length":39,"Height":93,"Demand":0,"DemandMax":4,"Value":7254},{"Length":46,"Height":91,"Demand":0,"DemandMax":4,"Value":4186},{"Length":37,"Height":46,"Demand":0,"DemandMax":4,"Value":1702},{"Length":45,"Height":98,"Demand":0,"DemandMax":4,"Value":13230},{"Length":26,"Height":16,"Demand":0,"DemandMax":4,"Value":832},{"Length":77,"Height":89,"Demand":0,"DemandMax":4,"Value":6853},{"Length":38,"Height":41,"Demand":0,"DemandMax":4,"Value":4674},{"Length":2,"Height":6,"Demand":0,"DemandMax":4,"Value":36},{"Length":68,"Height":57,"Demand":0,"DemandMax":4,"Value":11628},{"Length":95,"Height":29,"Demand":0,"DemandMax":4,"Value":5510},{"Length":43,"Height":30,"Demand":0,"DemandMax":4,"Value":3870},{"Length":63,"Height":86,"Demand":0,"DemandMax":4,"Value":10836},{"Length":4,"Height":50,"Demand":0,"DemandMax":4,"Value":200},{"Length":77,"Height":68,"Demand":0,"DemandMax":4,"Value":10472},{"Length":84,"Height":87,"Demand":0,"DemandMax":4,"Value":7308},{"Length":19,"Height":85,"Demand":0,"DemandMax":4,"Value":3230},{"Length":24,"Height":33,"Demand":0,"DemandMax":4,"Value":792},{"Length":89,"Height":18,"Demand":0,"DemandMax":4,"Value":3204},{"Length":5,"Height":4,"Demand":0,"DemandMax":4,"Value":20},{"Length":85,"Height":38,"Demand":0,"DemandMax":4,"Value":9690},{"Length":16,"Height":94,"Demand":0,"DemandMax":4,"Value":4512},{"Length":57,"Height":94,"Demand":0,"DemandMax":4,"Value":10716},{"Length":55,"Height":100,"Demand":0,"DemandMax":4,"Value":16500},{"Length":62,"Height":67,"Demand":0,"DemandMax":4,"Value":4154},{"Length":4,"Height":80,"Demand":0,"DemandMax":4,"Value":640},{"Length":36,"Height":23,"Demand":0,"DemandMax":4,"Value":1656},{"Length":21,"Height":50,"Demand":0,"DemandMax":4,"Value":2100},{"Length":16,"Height":36,"Demand":0,"DemandMax":4,"Value":1152},{"Length":29,"Height":15,"Demand":0,"DemandMax":4,"Value":870},{"Length":12,"Height":23,"Demand":0,"DemandMax":4,"Value":552},{"Length":99,"Height":56,"Demand":0,"DemandMax":4,"Value":5544},{"Length":19,"Height":90,"Demand":0,"DemandMax":4,"Value":3420},{"Length":5,"Height":22,"Demand":0,"DemandMax":4,"Value":330},{"Length":5,"Height":47,"Demand":0,"DemandMax":4,"Value":235},{"Length":79,"Height":16,"Demand":0,"DemandMax":4,"Value":3792},{"Length":35,"Height":97,"Demand":0,"DemandMax":4,"Value":10185},{"Length":92,"Height":16,"Demand":0,"DemandMax":4,"Value":2944},{"Length":82,"Height":39,"Demand":0,"DemandMax":4,"Value":9594},{"Length":31,"Height":91,"Demand":0,"DemandMax":4,"Value":5642},{"Length":29,"Height":32,"Demand":0,"DemandMax":4,"Value":2784},{"Length":5,"Height":93,"Demand":0,"DemandMax":4,"Value":930},{"Length":65,"Height":54,"Demand":0,"DemandMax":4,"Value":10530},{"Length":13,"Height":8,"Demand":0,"DemandMax":4,"Value":104},{"Length":86,"Height":47,"Demand":0,"DemandMax":4,"Value":12126},{"Length":76,"Height":82,"Demand":0,"DemandMax":4,"Value":18696},{"Length":95,"Height":28,"Demand":0,"DemandMax":4,"Value":5320},{"Length":95,"Height":52,"Demand":0,"DemandMax":4,"Value":4940},{"Length":87,"Height":54,"Demand":0,"DemandMax":4,"Value":14094},{"Length":92,"Height":94,"Demand":0,"DemandMax":4,"Value":17296},{"Length":80,"Height":24,"Demand":0,"DemandMax":4,"Value":5760},{"Length":37,"Height":90,"Demand":0,"DemandMax":4,"Value":6660},{"Length":45,"Height":47,"Demand":0,"DemandMax":4,"Value":6345},{"Length":22,"Height":11,"Demand":0,"DemandMax":4,"Value":484},{"Length":10,"Height":32,"Demand":0,"DemandMax":4,"Value":960},{"Length":7,"Height":45,"Demand":0,"DemandMax":4,"Value":630},{"Length":40,"Height":36,"Demand":0,"DemandMax":4,"Value":1440},{"Length":76,"Height":66,"Demand":0,"DemandMax":4,"Value":15048},{"Length":6,"Height":93,"Demand":0,"DemandMax":4,"Value":1674},{"Length":7,"Height":91,"Demand":0,"DemandMax":4,"Value":1274},{"Length":12,"Height":83,"Demand":0,"DemandMax":4,"Value":996},{"Length":57,"Height":60,"Demand":0,"DemandMax":4,"Value":3420},{"Length":36,"Height":81,"Demand":0,"DemandMax":4,"Value":2916},{"Length":52,"Height":71,"Demand":0,"DemandMax":4,"Value":3692},{"Length":83,"Height":92,"Demand":0,"DemandMax":4,"Value":22908},{"Length":93,"Height":93,"Demand":0,"DemandMax":4,"Value":8649},{"Length":44,"Height":93,"Demand":0,"DemandMax":4,"Value":8184},{"Length":56,"Height":59,"Demand":0,"DemandMax":4,"Value":3304},{"Length":34,"Height":8,"Demand":0,"DemandMax":4,"Value":272},{"Length":30,"Height":16,"Demand":0,"DemandMax":4,"Value":1440},{"Length":77,"Height":74,"Demand":0,"DemandMax":4,"Value":5698},{"Length":56,"Height":79,"Demand":0,"DemandMax":4,"Value":4424},{"Length":40,"Height":86,"Demand":0,"DemandMax":4,"Value":10320},{"Length":71,"Height":75,"Demand":0,"DemandMax":4,"Value":15975},{"Length":24,"Height":98,"Demand":0,"DemandMax":4,"Value":4704},{"Length":20,"Height":84,"Demand":0,"DemandMax":4,"Value":3360},{"Length":12,"Height":93,"Demand":0,"DemandMax":4,"Value":2232},{"Length":6,"Height":8,"Demand":0,"DemandMax":4,"Value":96},{"Length":25,"Height":77,"Demand":0,"DemandMax":4,"Value":3850},{"Length":35,"Height":42,"Demand":0,"DemandMax":4,"Value":2940},{"Length":11,"Height":8,"Demand":0,"DemandMax":4,"Value":264},{"Length":33,"Height":4,"Demand":0,"DemandMax":4,"Value":264},{"Length":77,"Height":39,"Demand":0,"DemandMax":4,"Value":3003},{"Length":100,"Height":16,"Demand":0,"DemandMax":4,"Value":4800},{"Length":67,"Height":85,"Demand":0,"DemandMax":4,"Value":17085},{"Length":87,"Height":79,"Demand":0,"DemandMax":4,"Value":20619},{"Length":39,"Height":83,"Demand":0,"DemandMax":4,"Value":6474},{"Length":42,"Height":96,"Demand":0,"DemandMax":4,"Value":8064},{"Length":89,"Height":68,"Demand":0,"DemandMax":4,"Value":6052},{"Length":9,"Height":49,"Demand":0,"DemandMax":4,"Value":1323},{"Length":60,"Height":59,"Demand":0,"DemandMax":4,"Value":10620},{"Length":44,"Height":3,"Demand":0,"DemandMax":4,"Value":264},{"Length":27,"Height":91,"Demand":0,"DemandMax":4,"Value":4914},{"Length":19,"Height":95,"Demand":0,"DemandMax":4,"Value":3610},{"Length":68,"Height":75,"Demand":0,"DemandMax":4,"Value":5100},{"Length":96,"Height":41,"Demand":0,"DemandMax":4,"Value":7872},{"Length":51,"Height":93,"Demand":0,"DemandMax":4,"Value":4743},{"Length":48,"Height":30,"Demand":0,"DemandMax":4,"Value":1440},{"Length":33,"Height":90,"Demand":0,"DemandMax":4,"Value":8910},{"Length":82,"Height":74,"Demand":0,"DemandMax":4,"Value":12136},{"Length":15,"Height":18,"Demand":0,"DemandMax":4,"Value":540},{"Length":40,"Height":79,"Demand":0,"DemandMax":4,"Value":6320},{"Length":14,"Height":76,"Demand":0,"DemandMax":4,"Value":2128},{"Length":42,"Height":49,"Demand":0,"DemandMax":4,"Value":2058},{"Length":95,"Height":22,"Demand":0,"DemandMax":4,"Value":4180},{"Length":17,"Height":10,"Demand":0,"DemandMax":4,"Value":340},{"Length":29,"Height":81,"Demand":0,"DemandMax":4,"Value":7047},{"Length":56,"Height":78,"Demand":0,"DemandMax":4,"Value":8736},{"Length":92,"Height":45,"Demand":0,"DemandMax":4,"Value":8280},{"Length":33,"Height":10,"Demand":0,"DemandMax":4,"Value":330},{"Length":16,"Height":97,"Demand":0,"DemandMax":4,"Value":3104},{"Length":54,"Height":61,"Demand":0,"DemandMax":4,"Value":6588},{"Length":68,"Height":76,"Demand":0,"DemandMax":4,"Value":10336},{"Length":40,"Height":22,"Demand":0,"DemandMax":4,"Value":2640},{"Length":37,"Height":31,"Demand":0,"DemandMax":4,"Value":2294},{"Length":64,"Height":60,"Demand":0,"DemandMax":4,"Value":3840},{"Length":10,"Height":33,"Demand":0,"DemandMax":4,"Value":990},{"Length":41,"Height":98,"Demand":0,"DemandMax":4,"Value":12054},{"Length":21,"Height":23,"Demand":0,"DemandMax":4,"Value":966},{"Length":50,"Height":30,"Demand":0,"DemandMax":4,"Value":4500},{"Length":62,"Height":68,"Demand":0,"DemandMax":4,"Value":8432},{"Length":58,"Height":71,"Demand":0,"DemandMax":4,"Value":8236},{"Length":91,"Height":19,"Demand":0,"DemandMax":4,"Value":3458},{"Length":41,"Height":6,"Demand":0,"DemandMax":4,"Value":246},{"Length":100,"Height":87,"Demand":0,"DemandMax":4,"Value":8700},{"Length":24,"Height":9,"Demand":0,"DemandMax":4,"Value":648},{"Length":87,"Height":5,"Demand":0,"DemandMax":4,"Value":870},{"Length":67,"Height":80,"Demand":0,"DemandMax":4,"Value":5360},{"Length":9,"Height":95,"Demand":0,"DemandMax":4,"Value":855},{"Length":6,"Height":48,"Demand":0,"DemandMax":4,"Value":288},{"Length":8,"Height":30,"Demand":0,"DemandMax":4,"Value":480},{"Length":29,"Height":88,"Demand":0,"DemandMax":4,"Value":2552},{"Length":84,"Height":73,"Demand":0,"DemandMax":4,"Value":18396},{"Length":88,"Height":34,"Demand":0,"DemandMax":4,"Value":2992},{"Length":32,"Height":98,"Demand":0,"DemandMax":4,"Value":3136},{"Length":76,"Height":25,"Demand":0,"DemandMax":4,"Value":1900},{"Length":2,"Height":94,"Demand":0,"DemandMax":4,"Value":376},{"Length":11,"Height":91,"Demand":0,"DemandMax":4,"Value":3003},{"Length":80,"Height":80,"Demand":0,"DemandMax":4,"Value":12800},{"Length":11,"Height":42,"Demand":0,"DemandMax":4,"Value":462},{"Length":46,"Height":32,"Demand":0,"DemandMax":4,"Value":2944},{"Length":33,"Height":14,"Demand":0,"DemandMax":4,"Value":462},{"Length":28,"Height":28,"Demand":0,"DemandMax":4,"Value":1568},{"Length":7,"Height":14,"Demand":0,"DemandMax":4,"Value":196},{"Length":20,"Height":36,"Demand":0,"DemandMax":4,"Value":2160},{"Length":91,"Height":22,"Demand":0,"DemandMax":4,"Value":2002},{"Length":94,"Height":55,"Demand":0,"DemandMax":4,"Value":10340},{"Length":98,"Height":27,"Demand":0,"DemandMax":4,"Value":5292},{"Length":49,"Height":10,"Demand":0,"DemandMax":4,"Value":1470},{"Length":39,"Height":79,"Demand":0,"DemandMax":4,"Value":6162},{"Length":27,"Height":29,"Demand":0,"DemandMax":4,"Value":1566},{"Length":14,"Height":13,"Demand":0,"DemandMax":4,"Value":364},{"Length":80,"Height":34,"Demand":0,"DemandMax":4,"Value":8160},{"Length":5,"Height":30,"Demand":0,"DemandMax":4,"Value":300},{"Length":40,"Height":97,"Demand":0,"DemandMax":4,"Value":7760},{"Length":16,"Height":42,"Demand":0,"DemandMax":4,"Value":2016},{"Length":34,"Height":86,"Demand":0,"DemandMax":4,"Value":8772},{"Length":12,"Height":7,"Demand":0,"DemandMax":4,"Value":84},{"Length":16,"Height":17,"Demand":0,"DemandMax":4,"Value":272},{"Length":81,"Height":54,"Demand":0,"DemandMax":4,"Value":4374},{"Length":88,"Height":44,"Demand":0,"DemandMax":4,"Value":3872},{"Length":40,"Height":5,"Demand":0,"DemandMax":4,"Value":600},{"Length":48,"Height":90,"Demand":0,"DemandMax":4,"Value":8640},{"Length":81,"Height":98,"Demand":0,"DemandMax":4,"Value":23814},{"Length":21,"Height":40,"Demand":0,"DemandMax":4,"Value":840},{"Length":13,"Height":34,"Demand":0,"DemandMax":4,"Value":442},{"Length":50,"Height":81,"Demand":0,"DemandMax":4,"Value":12150},{"Length":24,"Height":33,"Demand":0,"DemandMax":4,"Value":2376},{"Length":48,"Height":18,"Demand":0,"DemandMax":4,"Value":864},{"Length":45,"Height":50,"Demand":0,"DemandMax":4,"Value":6750},{"Length":89,"Height":76,"Demand":0,"DemandMax":4,"Value":6764},{"Length":89,"Height":50,"Demand":0,"DemandMax":4,"Value":4450},{"Length":18,"Height":76,"Demand":0,"DemandMax":4,"Value":1368},{"Length":67,"Height":72,"Demand":0,"DemandMax":4,"Value":14472},{"Length":33,"Height":32,"Demand":0,"DemandMax":4,"Value":2112},{"Length":77,"Height":77,"Demand":0,"DemandMax":4,"Value":11858},{"Length":33,"Height":25,"Demand":0,"DemandMax":4,"Value":1650},{"Length":96,"Height":3,"Demand":0,"DemandMax":4,"Value":864},{"Length":55,"Height":81,"Demand":0,"DemandMax":4,"Value":13365},{"Length":45,"Height":95,"Demand":0,"DemandMax":4,"Value":12825},{"Length":14,"Height":28,"Demand":0,"DemandMax":4,"Value":784},{"Length":59,"Height":67,"Demand":0,"DemandMax":4,"Value":3953},{"Length":12,"Height":30,"Demand":0,"DemandMax":4,"Value":1080},{"Length":32,"Height":8,"Demand":0,"DemandMax":4,"Value":256},{"Length":38,"Height":86,"Demand":0,"DemandMax":4,"Value":6536},{"Length":52,"Height":81,"Demand":0,"DemandMax":4,"Value":4212},{"Length":6,"Height":39,"Demand":0,"DemandMax":4,"Value":468},{"Length":96,"Height":95,"Demand":0,"DemandMax":4,"Value":18240},{"Length":81,"Height":44,"Demand":0,"DemandMax":4,"Value":3564},{"Length":29,"Height":20,"Demand":0,"DemandMax":4,"Value":1740},{"Length":35,"Height":50,"Demand":0,"DemandMax":4,"Value":5250},{"Length":42,"Height":46,"Demand":0,"DemandMax":4,"Value":3864},{"Length":82,"Height":20,"Demand":0,"DemandMax":4,"Value":3280},{"Length":81,"Height":39,"Demand":0,"DemandMax":4,"Value":3159},{"Length":17,"Height":49,"Demand":0,"DemandMax":4,"Value":1666},{"Length":41,"Height":44,"Demand":0,"DemandMax":4,"Value":1804},{"Length":82,"Height":13,"Demand":0,"DemandMax":4,"Value":2132},{"Length":29,"Height":21,"Demand":0,"DemandMax":4,"Value":609},{"Length":62,"Height":80,"Demand":0,"DemandMax":4,"Value":4960},{"Length":93,"Height":86,"Demand":0,"DemandMax":4,"Value":23994},{"Length":84,"Height":39,"Demand":0,"DemandMax":4,"Value":6552},{"Length":91,"Height":60,"Demand":0,"DemandMax":4,"Value":10920},{"Length":28,"Height":80,"Demand":0,"DemandMax":4,"Value":2240},{"Length":48,"Height":78,"Demand":0,"DemandMax":4,"Value":11232},{"Length":50,"Height":25,"Demand":0,"DemandMax":4,"Value":3750},{"Length":12,"Height":82,"Demand":0,"DemandMax":4,"Value":984},{"Length":92,"Height":45,"Demand":0,"DemandMax":4,"Value":12420},{"Length":47,"Height":20,"Demand":0,"DemandMax":4,"Value":940},{"Length":8,"Height":79,"Demand":0,"DemandMax":4,"Value":1896},{"Length":28,"Height":18,"Demand":0,"DemandMax":4,"Value":1512},{"Length":11,"Height":82,"Demand":0,"DemandMax":4,"Value":902},{"Length":22,"Height":99,"Demand":0,"DemandMax":4,"Value":2178},{"Length":52,"Height":85,"Demand":0,"DemandMax":4,"Value":13260},{"Length":90,"Height":8,"Demand":0,"DemandMax":4,"Value":1440},{"Length":99,"Height":28,"Demand":0,"DemandMax":4,"Value":5544},{"Length":24,"Height":80,"Demand":0,"DemandMax":4,"Value":3840},{"Length":14,"Height":50,"Demand":0,"DemandMax":4,"Value":700},{"Length":38,"Height":37,"Demand":0,"DemandMax":4,"Value":4218},{"Length":10,"Height":18,"Demand":0,"DemandMax":4,"Value":360},{"Length":13,"Height":29,"Demand":0,"DemandMax":4,"Value":377},{"Length":22,"Height":91,"Demand":0,"DemandMax":4,"Value":4004},{"Length":82,"Height":44,"Demand":0,"DemandMax":4,"Value":7216},{"Length":53,"Height":79,"Demand":0,"DemandMax":4,"Value":12561},{"Length":22,"Height":49,"Demand":0,"DemandMax":4,"Value":1078},{"Length":18,"Height":24,"Demand":0,"DemandMax":4,"Value":432},{"Length":22,"Height":76,"Demand":0,"DemandMax":8,"Value":3344},{"Length":30,"Height":21,"Demand":0,"DemandMax":4,"Value":630},{"Length":48,"Height":85,"Demand":0,"DemandMax":4,"Value":8160},{"Length":31,"Height":87,"Demand":0,"DemandMax":4,"Value":8091},{"Length":41,"Height":9,"Demand":0,"DemandMax":4,"Value":738},{"Length":81,"Height":5,"Demand":0,"DemandMax":4,"Value":405},{"Length":5,"Height":18,"Demand":0,"DemandMax":4,"Value":90},{"Length":19,"Height":94,"Demand":0,"DemandMax":4,"Value":1786},{"Length":95,"Height":30,"Demand":0,"DemandMax":4,"Value":5700},{"Length":42,"Height":7,"Demand":0,"DemandMax":4,"Value":882},{"Length":97,"Height":31,"Demand":0,"DemandMax":4,"Value":3007},{"Length":38,"Height":42,"Demand":0,"DemandMax":4,"Value":3192},{"Length":99,"Height":40,"Demand":0,"DemandMax":4,"Value":11880},{"Length":93,"Height":52,"Demand":0,"DemandMax":4,"Value":9672},{"Length":19,"Height":80,"Demand":0,"DemandMax":4,"Value":3040},{"Length":86,"Height":70,"Demand":0,"DemandMax":4,"Value":12040},{"Length":79,"Height":29,"Demand":0,"DemandMax":4,"Value":2291},{"Length":11,"Height":96,"Demand":0,"DemandMax":4,"Value":1056},{"Length":15,"Height":22,"Demand":0,"DemandMax":4,"Value":330},{"Length":21,"Height":89,"Demand":0,"DemandMax":4,"Value":3738},{"Length":18,"Height":76,"Demand":0,"DemandMax":4,"Value":4104},{"Length":34,"Height":100,"Demand":0,"DemandMax":4,"Value":6800},{"Length":41,"Height":77,"Demand":0,"DemandMax":4,"Value":6314},{"Length":21,"Height":81,"Demand":0,"DemandMax":4,"Value":1701},{"Length":18,"Height":87,"Demand":0,"DemandMax":4,"Value":1566}]}