{"Name":"ngcutfs2_155","Objects":[{"Length":100,"Height":100,"Stock":null,"Cost":10000}],"Items":[{"Length":3,"Height":49,"Demand":0,"DemandMax":1,"Value":441},{"Length":9,"Height":24,"Demand":0,"DemandMax":1,"Value":432},{"Length":11,"Height":83,"Demand":0,"DemandMax":1,"Value":2739},{"Length":36,"Height":16,"Demand":0,"DemandMax":1,"Value":1728},{"Length":9,"Height":49,"Demand":0,"DemandMax":1,"Value":441},{"Length":68,"Height":91,"Demand":0,"DemandMax":1,"Value":18564},{"Length":12,"Height":13,"Demand":0,"DemandMax":1,"Value":156},{"Length":46,"Height":26,"Demand":0,"DemandMax":1,"Value":2392},{"Length":53,"Height":75,"Demand":0,"DemandMax":1,"Value":11925},{"Length":50,"Height":89,"Demand":0,"DemandMax":1,"Value":4450},{"Length":13,"Height":23,"Demand":0,"DemandMax":1,"Value":598},{"Length":80,"Height":6,"Demand":0,"DemandMax":1,"Value":1440},{"Length":81,"Height":20,"Demand":0,"DemandMax":1,"Value":3240},{"Length":65,"Height":58,"Demand":0,"DemandMax":1,"Value":11310},{"Length":23,"Height":49,"Demand":0,"DemandMax":1,"Value":2254},{"Length":51,"Height":65,"Demand":0,"DemandMax":1,"Value":9945},{"Length":24,"Height":28,"Demand":0,"DemandMax":1,"Value":1344},{"Length":49,"Height":25,"Demand":0,"DemandMax":1,"Value":1225},{"Length":42,"Height":43,"Demand":0,"DemandMax":1,"Value":3612},{"Length":40,"Height":10,"Demand":0,"DemandMax":1,"Value":400},{"Length":17,"Height":86,"Demand":0,"DemandMax":1,"Value":4386},{"Length":33,"Height":99,"Demand":0,"DemandMax":1,"Value":9801},{"Length":40,"Height":46,"Demand":0,"DemandMax":1,"Value":1840},{"Length":78,"Height":84,"Demand":0,"DemandMax":1,"Value":6552},{"Length":36,"Height":25,"Demand":0,"DemandMax":1,"Value":2700},{"Length":23,"Height":89,"Demand":0,"DemandMax":1,"Value":6141},{"Length":92,"Height":33,"Demand":0,"DemandMax":1,"Value":3036},{"Length":12,"Height":8,"Demand":0,"DemandMax":1,"Value":192},{"Length":8,"Height":98,"Demand":0,"DemandMax":1,"Value":1568},{"Length":4,"Height":45,"Demand":0,"DemandMax":1,"Value":360},{"Length":80,"Height":96,"Demand":0,"DemandMax":1,"Value":7680},{"Length":21,"Height":87,"Demand":0,"DemandMax":1,"Value":5481},{"Length":29,"Height":20,"Demand":0,"DemandMax":1,"Value":1160},{"Length":5,"Height":15,"Demand":0,"DemandMax":1,"Value":75},{"Length":19,"Height":14,"Demand":0,"DemandMax":1,"Value":532},{"Length":32,"Height":26,"Demand":0,"DemandMax":1,"Value":1664},{"Length":78,"Height":7,"Demand":0,"DemandMax":1,"Value":546},{"Length":20,"Height":88,"Demand":0,"DemandMax":1,"Value":3520},{"Length":93,"Height":8,"Demand":0,"DemandMax":1,"Value":2232},{"Length":36,"Height":8,"Demand":0,"DemandMax":1,"Value":576},{"Length":62,"Height":97,"Demand":0,"DemandMax":1,"Value":6014},{"Length":16,"Height":14,"Demand":0,"DemandMax":1,"Value":448},{"Length":25,"Height":41,"Demand":0,"DemandMax":1,"Value":1025},{"Length":100,"Height":49,"Demand":0,"DemandMax":1,"Value":9800},{"Length":16,"Height":40,"Demand":0,"DemandMax":1,"Value":640},{"Length":14,"Height":24,"Demand":0,"DemandMax":1,"Value":672},{"Length":83,"Height":32,"Demand":0,"DemandMax":1,"Value":2656},{"Length":32,"Height":43,"Demand":0,"DemandMax":1,"Value":1376},{"Length":48,"Height":84,"Demand":0,"DemandMax":1,"Value":4032},{"Length":19,"Height":35,"Demand":0,"DemandMax":1,"Value":1995},{"Length":29,"Height":95,"Demand":0,"DemandMax":1,"Value":5510},{"Length":95,"Height":28,"Demand":0,"DemandMax":1,"Value":2660},{"Length":50,"Height":77,"Demand":0,"DemandMax":1,"Value":11550},{"Length":47,"Height":49,"Demand":0,"DemandMax":1,"Value":4606},{"Length":25,"Height":25,"Demand":0,"DemandMax":1,"Value":1250},{"Length":12,"Height":7,"Demand":0,"DemandMax":1,"Value":84},{"Length":7,"Height":92,"Demand":0,"DemandMax":1,"Value":644},{"Length":42,"Height":2,"Demand":0,"DemandMax":1,"Value":84},{"Length":9,"Height":25,"Demand":0,"DemandMax":1,"Value":225},{"Length":70,"Height":100,"Demand":0,"DemandMax":1,"Value":21000},{"Length":19,"Height":28,"Demand":0,"DemandMax":1,"Value":1064},{"Length":27,"Height":30,"Demand":0,"DemandMax":1,"Value":810},{"Length":91,"Height":59,"Demand":0,"DemandMax":1,"Value":16107},{"Length":6,"Height":77,"Demand":0,"DemandMax":1,"Value":462},{"Length":78,"Height":19,"Demand":0,"DemandMax":1,"Value":4446},{"Length":4,"Height":15,"Demand":0,"DemandMax":1,"Value":180},{"Length":5,"Height":48,"Demand":0,"DemandMax":1,"Value":720},{"Length":47,"Height":90,"Demand":0,"DemandMax":1,"Value":12690},{"Length":90,"Height":9,"Demand":0,"DemandMax":1,"Value":1620},{"Length":46,"Height":27,"Demand":0,"DemandMax":1,"Value":3726},{"Length":84,"Height":58,"Demand":0,"DemandMax":1,"Value":14616},{"Length":68,"Height":71,"Demand":0,"DemandMax":1,"Value":4828},{"Length":80,"Height":36,"Demand":0,"DemandMax":1,"Value":2880},{"Length":76,"Height":93,"Demand":0,"DemandMax":1,"Value":7068},{"Length":83,"Height":11,"Demand":0,"DemandMax":1,"Value":913},{"Length":79,"Height":2,"Demand":0,"DemandMax":1,"Value":316},{"Length":36,"Height":28,"Demand":0,"DemandMax":1,"Value":1008},{"Length":99,"Height":42,"Demand":0,"DemandMax":1,"Value":8316},{"Length":34,"Height":13,"Demand":0,"DemandMax":1,"Value":442},{"Length":60,"Height":74,"Demand":0,"DemandMax":1,"Value":4440},{"Length":40,"Height":3,"Demand":0,"DemandMax":1,"Value":360},{"Length":48,"Height":18,"Demand":0,"DemandMax":2,"Value":864},{"Length":87,"Height":38,"Demand":0,"DemandMax":1,"Value":9918},{"Length":55,"Height":81,"Demand":0,"DemandMax":1,"Value":4455},{"Length":22,"Height":24,"Demand":0,"DemandMax":1,"Value":528},{"Length":43,"Height":99,"Demand":0,"DemandMax":1,"Value":12771},{"Length":44,"Height":33,"Demand":0,"DemandMax":1,"Value":2904},{"Length":92,"Height":82,"Demand":0,"DemandMax":1,"Value":15088},{"Length":79,"Height":60,"Demand":0,"DemandMax":1,"Value":9480},{"Length":68,"Height":60,"Demand":0,"DemandMax":1,"Value":4080},{"Length":30,"Height":6,"Demand":0,"DemandMax":1,"Value":360},{"Length":3,"Height":49,"Demand":0,"DemandMax":1,"Value":147},{"Length":12,"Height":80,"Demand":0,"DemandMax":1,"Value":2880},{"Length":92,"Height":43,"Demand":0,"DemandMax":1,"Value":7912},{"Length":75,"Height":54,"Demand":0,"DemandMax":1,"Value":8100},{"Length":22,"Height":24,"Demand":0,"DemandMax":1,"Value":1584},{"Length":42,"Height":2,"Demand":0,"DemandMax":1,"Value":252},{"Length":31,"Height":43,"Demand":0,"DemandMax":1,"Value":2666},{"Length":4,"Height":4,"Demand":0,"DemandMax":1,"Value":48},{"Length":3,"Height":4,"Demand":0,"DemandMax":1,"Value":12},{"Length":46,"Height":12,"Demand":0,"DemandMax":1,"Value":1656},{"Length":65,"Height":82,"Demand":0,"DemandMax":1,"Value":10660},{"Length":28,"Height":44,"Demand":0,"DemandMax":1,"Value":2464},{"Length":71,"Height":58,"Demand":0,"DemandMax":1,"Value":4118},{"Length":41,"Height":37,"Demand":0,"DemandMax":1,"Value":3034},{"Length":54,"Height":93,"Demand":0,"DemandMax":1,"Value":10044},{"Length":25,"Height":34,"Demand":0,"DemandMax":1,"Value":850},{"Length":5,"Height":3,"Demand":0,"DemandMax":1,"Value":45},{"Length":82,"Height":35,"Demand":0,"DemandMax":1,"Value":2870},{"Length":36,"Height":27,"Demand":0,"DemandMax":1,"Value":2916},{"Length":10,"Height":22,"Demand":0,"DemandMax":1,"Value":660},{"Length":27,"Height":33,"Demand":0,"DemandMax":1,"Value":2673},{"Length":91,"Height":68,"Demand":0,"DemandMax":1,"Value":18564},{"Length":24,"Height":2,"Demand":0,"DemandMax":1,"Value":48},{"Length":99,"Height":50,"Demand":0,"DemandMax":1,"Value":4950},{"Length":24,"Height":29,"Demand":0,"DemandMax":1,"Value":1392},{"Length":76,"Height":54,"Demand":0,"DemandMax":1,"Value":4104},{"Length":82,"Height":44,"Demand":0,"DemandMax":1,"Value":3608},{"Length":95,"Height":36,"Demand":0,"DemandMax":1,"Value":3420},{"Length":20,"Height":25,"Demand":0,"DemandMax":1,"Value":1500},{"Length":39,"Height":50,"Demand":0,"DemandMax":1,"Value":5850},{"Length":72,"Height":96,"Demand":0,"DemandMax":1,"Value":20736},{"Length":41,"Height":9,"Demand":0,"DemandMax":1,"Value":1107},{"Length":59,"Height":82,"Demand":0,"DemandMax":1,"Value":4838},{"Length":34,"Height":43,"Demand":0,"DemandMax":1,"Value":4386},{"Length":23,"Height":35,"Demand":0,"DemandMax":1,"Value":1610},{"Length":7,"Height":10,"Demand":0,"DemandMax":1,"Value":70},{"Length":41,"Height":39,"Demand":0,"DemandMax":1,"Value":3198},{"Length":87,"Height":4,"Demand":0,"DemandMax":1,"Value":1044},{"Length":12,"Height":19,"Demand":0,"DemandMax":1,"Value":684},{"Length":59,"Height":95,"Demand":0,"DemandMax":1,"Value":16815},{"Length":83,"Height":92,"Demand":0,"DemandMax":1,"Value":7636},{"Length":95,"Height":14,"Demand":0,"DemandMax":1,"Value":1330},{"Length":13,"Height":46,"Demand":0,"DemandMax":1,"Value":1794},{"Length":34,"Height":83,"Demand":0,"DemandMax":1,"Value":5644},{"Length":3,"Height":14,"Demand":0,"DemandMax":1,"Value":42},{"Length":76,"Height":30,"Demand":0,"DemandMax":1,"Value":4560},{"Length":96,"Height":6,"Demand":0,"DemandMax":1,"Value":1728},{"Length":13,"Height":18,"Demand":0,"DemandMax":1,"Value":234},{"Length":20,"Height":19,"Demand":0,"DemandMax":2,"Value":1140},{"Length":75,"Height":85,"Demand":0,"DemandMax":1,"Value":19125},{"Length":61,"Height":79,"Demand":0,"DemandMax":1,"Value":9638},{"Length":40,"Height":97,"Demand":0,"DemandMax":1,"Value":11640},{"Length":36,"Height":29,"Demand":0,"DemandMax":1,"Value":2088},{"Length":95,"Height":25,"Demand":0,"DemandMax":1,"Value":7125},{"Length":87,"Height":3,"Demand":0,"DemandMax":1,"Value":522},{"Length":96,"Height":68,"Demand":0,"DemandMax":1,"Value":19584},{"Length":57,"Height":87,"Demand":0,"DemandMax":1,"Value":14877},{"Length":25,"Height":26,"Demand":0,"DemandMax":1,"Value":1300},{"Length":31,"Height":3,"Demand":0,"DemandMax":1,"Value":279},{"Length":47,"Height":50,"Demand":0,"DemandMax":1,"Value":7050},{"Length":25,"Height":14,"Demand":0,"DemandMax":1,"Value":1050},{"Length":84,"Height":28,"Demand":0,"DemandMax":1,"Value":7056},{"Length":28,"Height":77,"Demand":0,"DemandMax":1,"Value":6468},{"Length":88,"Height":43,"Demand":0,"DemandMax":1,"Value":3784},{"Length":86,"Height":81,"Demand":0,"DemandMax":1,"Value":6966},{"Length":7,"Height":15,"Demand":0,"DemandMax":1,"Value":210},{"Length":50,"Height":90,"Demand":0,"DemandMax":1,"Value":13500},{"Length":79,"Height":84,"Demand":0,"DemandMax":1,"Value":19908},{"Length":35,"Height":2,"Demand":0,"DemandMax":1,"Value":70},{"Length":62,"Height":96,"Demand":0,"DemandMax":1,"Value":11904},{"Length":99,"Height":32,"Demand":0,"DemandMax":1,"Value":6336},{"Length":5,"Height":48,"Demand":0,"DemandMax":1,"Value":480},{"Length":82,"Height":50,"Demand":0,"DemandMax":1,"Value":12300},{"Length":22,"Height":21,"Demand":0,"DemandMax":1,"Value":462},{"Length":2,"Height":27,"Demand":0,"DemandMax":1,"Value":162},{"Length":19,"Height":5,"Demand":0,"DemandMax":1,"Value":190},{"Length":59,"Height":87,"Demand":0,"DemandMax":1,"Value":15399},{"Length":94,"Height":35,"Demand":0,"DemandMax":1,"Value":9870},{"Length":21,"Height":90,"Demand":0,"DemandMax":1,"Value":3780},{"Length":73,"Height":97,"Demand":0,"DemandMax":1,"Value":7081},{"Length":21,"Height":94,"Demand":0,"DemandMax":1,"Value":1974},{"Length":96,"Height":46,"Demand":0,"DemandMax":1,"Value":4416},{"Length":78,"Height":72,"Demand":0,"DemandMax":1,"Value":16848},{"Length":15,"Height":94,"Demand":0,"DemandMax":1,"Value":1410},{"Length":22,"Height":33,"Demand":0,"DemandMax":1,"Value":726},{"Length":48,"Height":19,"Demand":0,"DemandMax":1,"Value":2736},{"Length":51,"Height":55,"Demand":0,"DemandMax":1,"Value":2805},{"Length":24,"Height":5,"Demand":0,"DemandMax":1,"Value":360},{"Length":37,"Height":24,"Demand":0,"DemandMax":1,"Value":2664},{"Length":11,"Height":32,"Demand":0,"DemandMax":1,"Value":352},{"Length":41,"Height":32,"Demand":0,"DemandMax":1,"Value":2624},{"Length":23,"Height":30,"Demand":0,"DemandMax":1,"Value":2070},{"Length":15,"Height":8,"Demand":0,"DemandMax":1,"Value":360},{"Length":18,"Height":96,"Demand":0,"DemandMax":1,"Value":5184},{"Length":57,"Height":64,"Demand":0,"DemandMax":1,"Value":3648},{"Length":37,"Height":49,"Demand":0,"DemandMax":1,"Value":5439},{"Length":95,"Height":47,"Demand":0,"DemandMax":1,"Value":4465},{"Length":50,"Height":40,"Demand":0,"DemandMax":1,"Value":4000},{"Length":23,"Height":49,"Demand":0,"DemandMax":1,"Value":3381},{"Length":40,"Height":30,"Demand":0,"DemandMax":1,"Value":2400},{"Length":87,"Height":7,"Demand":0,"DemandMax":1,"Value":1827},{"Length":17,"Height":92,"Demand":0,"DemandMax":1,"Value":4692},{"Length":29,"Height":2,"Demand":0,"DemandMax":1,"Value":116},{"Length":77,"Height":28,"Demand":0,"DemandMax":1,"Value":2156},{"Length":36,"Height":7,"Demand":0,"DemandMax":1,"Value":756},{"Length":26,"Height":90,"Demand":0,"DemandMax":1,"Value":4680},{"Length":16,"Height":2,"Demand":0,"DemandMax":1,"Value":96},{"Length":26,"Height":36,"Demand":0,"DemandMax":1,"Value":936},{"Length":9,"Height":21,"Demand":0,"DemandMax":1,"Value":189},{"Length":25,"Height":27,"Demand":0,"DemandMax":1,"Value":1350},{"Length":99,"Height":11,"Demand":0,"DemandMax":1,"Value":2178},{"Length":49,"Height":88,"Demand":0,"DemandMax":1,"Value":8624},{"Length":40,"Height":39,"Demand":0,"DemandMax":1,"Value":1560},{"Length":15,"Height":92,"Demand":0,"DemandMax":1,"Value":1380},{"Length":75,"Height":56,"Demand":0,"DemandMax":1,"Value":12600},{"Length":98,"Height":93,"Demand":0,"DemandMax":1,"Value":27342},{"Length":4,"Height":42,"Demand":0,"DemandMax":1,"Value":504},{"Length":18,"Height":99,"Demand":0,"DemandMax":1,"Value":5346},{"Length":10,"Height":45,"Demand":0,"DemandMax":1,"Value":450},{"Length":31,"Height":31,"Demand":0,"DemandMax":1,"Value":2883},{"Length":50,"Height":44,"Demand":0,"DemandMax":1,"Value":6600},{"Length":28,"Height":15,"Demand":0,"DemandMax":1,"Value":1260},{"Length":45,"Height":20,"Demand":0,"DemandMax":1,"Value":900},{"Length":12,"Height":42,"Demand":0,"DemandMax":1,"Value":1512},{"Length":91,"Height":19,"Demand":0,"DemandMax":1,"Value":1729},{"Length":46,"Height":77,"Demand":0,"DemandMax":1,"Value":10626},{"Length":50,"Height":2,"Demand":0,"DemandMax":1,"Value":200},{"Length":4,"Height":50,"Demand":0,"DemandMax":1,"Value":400},{"Length":32,"Height":18,"Demand":0,"DemandMax":1,"Value":576},{"Length":35,"Height":30,"Demand":0,"DemandMax":1,"Value":1050},{"Length":46,"Height":35,"Demand":0,"DemandMax":1,"Value":3220},{"Length":34,"Height":22,"Demand":0,"DemandMax":1,"Value":1496},{"Length":100,"Height":41,"Demand":0,"DemandMax":1,"Value":12300},{"Length":11,"Height":9,"Demand":0,"DemandMax":1,"Value":198},{"Length":35,"Height":86,"Demand":0,"DemandMax":1,"Value":6020},{"Length":35,"Height":84,"Demand":0,"DemandMax":1,"Value":8820},{"Length":90,"Height":99,"Demand":0,"DemandMax":1,"Value":17820},{"Length":36,"Height":93,"Demand":0,"DemandMax":1,"Value":6696},{"Length":6,"Height":10,"Demand":0,"DemandMax":1,"Value":180},{"Length":97,"Height":42,"Demand":0,"DemandMax":1,"Value":4074},{"Length":30,"Height":2,"Demand":0,"DemandMax":1,"Value":120},{"Length":18,"Height":47,"Demand":0,"DemandMax":1,"Value":2538},{"Length":93,"Height":78,"Demand":0,"DemandMax":1,"Value":21762},{"Length":22,"Height":48,"Demand":0,"DemandMax":1,"Value":2112},{"Length":57,"Height":69,"Demand":0,"DemandMax":1,"Value":3933},{"Length":96,"Height":38,"Demand":0,"DemandMax":1,"Value":3648},{"Length":37,"Height":34,"Demand":0,"DemandMax":1,"Value":2516},{"Length":27,"Height":44,"Demand":0,"DemandMax":1,"Value":2376},{"Length":17,"Height":76,"Demand":0,"DemandMax":1,"Value":2584},{"Length":50,"Height":39,"Demand":0,"DemandMax":1,"Value":1950},{"Length":87,"Height":14,"Demand":0,"DemandMax":2,"Value":2436},{"Length":86,"Height":57,"Demand":0,"DemandMax":1,"Value":4902},{"Length":17,"Height":17,"Demand":0,"DemandMax":1,"Value":867},{"Length":16,"Height":98,"Demand":0,"DemandMax":1,"Value":1568},{"Length":77,"Height":69,"Demand":0,"DemandMax":1,"Value":10626},{"Length":9,"Height":10,"Demand":0,"DemandMax":1,"Value":180},{"Length":47,"Height":89,"Demand":0,"DemandMax":1,"Value":8366},{"Length":6,"Height":23,"Demand":0,"DemandMax":2,"Value":138},{"Length":4,"Height":21,"Demand":0,"DemandMax":1,"Value":252},{"Length":14,"Height":11,"Demand":0,"DemandMax":1,"Value":462},{"Length":12,"Height":95,"Demand":0,"DemandMax":1,"Value":3420},{"Length":36,"Height":25,"Demand":0,"DemandMax":1,"Value":1800},{"Length":88,"Height":44,"Demand":0,"DemandMax":1,"Value":3872},{"Length":21,"Height":30,"Demand":0,"DemandMax":1,"Value":1260},{"Length":25,"Height":91,"Demand":0,"DemandMax":1,"Value":6825},{"Length":38,"Height":5,"Demand":0,"DemandMax":1,"Value":380},{"Length":26,"Height":17,"Demand":0,"DemandMax":1,"Value":1326},{"Length":30,"Height":20,"Demand":0,"DemandMax":1,"Value":600},{"Length":38,"Height":29,"Demand":0,"DemandMax":1,"Value":3306},{"Length":2,"Height":31,"Demand":0,"DemandMax":1,"Value":62},{"Length":19,"Height":34,"Demand":0,"DemandMax":1,"Value":646},{"Length":46,"Height":6,"Demand":0,"DemandMax":1,"Value":828},{"Length":32,"Height":6,"Demand":0,"DemandMax":1,"Value":192},{"Length":12,"Height":38,"Demand":0,"DemandMax":1,"Value":912},{"Length":45,"Height":80,"Demand":0,"DemandMax":1,"Value":3600},{"Length":21,"Height":49,"Demand":0,"DemandMax":1,"Value":1029},{"Length":12,"Height":30,"Demand":0,"DemandMax":1,"Value":1080},{"Length":66,"Height":88,"Demand":0,"DemandMax":1,"Value":11616},{"Length":94,"Height":37,"Demand":0,"DemandMax":1,"Value":10434},{"Length":28,"Height":30,"Demand":0,"DemandMax":1,"Value":1680},{"Length":86,"Height":37,"Demand":0,"DemandMax":1,"Value":9546},{"Length":12,"Height":31,"Demand":0,"DemandMax":1,"Value":744},{"Length":98,"Height":30,"Demand":0,"DemandMax":1,"Value":8820},{"Length":11,"Height":13,"Demand":0,"DemandMax":1,"Value":429},{"Length":19,"Height":17,"Demand":0,"DemandMax":1,"Value":323},{"Length":3,"Height":2,"Demand":0,"DemandMax":1,"Value":18},{"Length":12,"Height":14,"Demand":0,"DemandMax":1,"Value":168},{"Length":45,"Height":45,"Demand":0,"DemandMax":1,"Value":4050},{"Length":30,"Height":81,"Demand":0,"DemandMax":1,"Value":4860},{"Length":52,"Height":99,"Demand":0,"DemandMax":1,"Value":5148},{"Length":78,"Height":25,"Demand":0,"DemandMax":1,"Value":5850},{"Length":13,"Height":44,"Demand":0,"DemandMax":1,"Value":1716},{"Length":34,"Height":96,"Demand":0,"DemandMax":1,"Value":6528},{"Length":90,"Height":83,"Demand":0,"DemandMax":1,"Value":7470},{"Length":63,"Height":72,"Demand":0,"DemandMax":1,"Value":9072},{"Length":4,"Height":8,"Demand":0,"DemandMax":1,"Value":32},{"Length":78,"Height":78,"Demand":0,"DemandMax":1,"Value":6084},{"Length":55,"Height":100,"Demand":0,"DemandMax":1,"Value":11000},{"Length":11,"Height":48,"Demand":0,"DemandMax":1,"Value":1584},{"Length":34,"Height":48,"Demand":0,"DemandMax":1,"Value":4896},{"Length":78,"Height":8,"Demand":0,"DemandMax":1,"Value":1248},{"Length":77,"Height":31,"Demand":0,"DemandMax":1,"Value":4774},{"Length":49,"Height":12,"Demand":0,"DemandMax":1,"Value":1176},{"Length":41,"Height":34,"Demand":0,"DemandMax":1,"Value":2788},{"Length":45,"Height":84,"Demand":0,"DemandMax":1,"Value":7560},{"Length":46,"Height":92,"Demand":0,"DemandMax":1,"Value":4232},{"Length":49,"Height":42,"Demand":0,"DemandMax":1,"Value":4116},{"Length":92,"Height":11,"Demand":0,"DemandMax":1,"Value":1012},{"Length":50,"Height":91,"Demand":0,"DemandMax":1,"Value":13650},{"Length":30,"Height":23,"Demand":0,"DemandMax":1,"Value":1380},{"Length":34,"Height":29,"Demand":0,"DemandMax":1,"Value":986},{"Length":77,"Height":10,"Demand":0,"DemandMax":1,"Value":2310},{"Length":20,"Height":24,"Demand":0,"DemandMax":1,"Value":960},{"Length":19,"Height":50,"Demand":0,"DemandMax":1,"Value":950},{"Length":89,"Height":39,"Demand":0,"DemandMax":1,"Value":10413},{"Length":47,"Height":41,"Demand":0,"DemandMax":1,"Value":5781},{"Length":45,"Height":46,"Demand":0,"DemandMax":1,"Value":2070},{"Length":26,"Height":100,"Demand":0,"DemandMax":1,"Value":7800},{"Length":52,"Height":82,"Demand":0,"DemandMax":1,"Value":8528},{"Length":42,"Height":10,"Demand":0,"DemandMax":1,"Value":840},{"Length":15,"Height":18,"Demand":0,"DemandMax":1,"Value":810},{"Length":19,"Height":40,"Demand":0,"DemandMax":1,"Value":760},{"Length":62,"Height":55,"Demand":0,"DemandMax":1,"Value":6820},{"Length":21,"Height":2,"Demand":0,"DemandMax":1,"Value":126},{"Length":61,"Height":97,"Demand":0,"DemandMax":1,"Value":17751},{"Length":20,"Height":38,"Demand":0,"DemandMax":1,"Value":2280},{"Length":14,"Height":17,"Demand":0,"DemandMax":1,"Value":714},{"Length":40,"Height":30,"Demand":0,"DemandMax":1,"Value":1200},{"Length":94,"Height":53,"Demand":0,"DemandMax":1,"Value":4982},{"Length":37,"Height":9,"Demand":0,"DemandMax":1,"Value":666},{"Length":20,"Height":15,"Demand":0,"DemandMax":1,"Value":900},{"Length":26,"Height":11,"Demand":0,"DemandMax":1,"Value":572},{"Length":36,"Height":35,"Demand":0,"DemandMax":1,"Value":3780},{"Length":98,"Height":14,"Demand":0,"DemandMax":1,"Value":4116},{"Length":43,"Height":82,"Demand":0,"DemandMax":1,"Value":3526},{"Length":18,"Height":12,"Demand":0,"DemandMax":1,"Value":216},{"Length":24,"Height":27,"Demand":0,"DemandMax":1,"Value":1296},{"Length":81,"Height":49,"Demand":0,"DemandMax":1,"Value":7938},{"Length":31,"Height":9,"Demand":0,"DemandMax":1,"Value":558},{"Length":29,"Height":27,"Demand":0,"DemandMax":1,"Value":2349},{"Length":22,"Height":95,"Demand":0,"DemandMax":1,"Value":4180},{"Length":80,"Height":28,"Demand":0,"DemandMax":1,"Value":2240},{"Length":45,"Height":38,"Demand":0,"DemandMax":1,"Value":5130},{"Length":19,"Height":82,"Demand":0,"DemandMax":1,"Value":1558},{"Length":6,"Height":91,"Demand":0,"DemandMax":1,"Value":546},{"Length":19,"Height":21,"Demand":0,"DemandMax":1,"Value":399},{"Length":78,"Height":13,"Demand":0,"DemandMax":1,"Value":1014},{"Length":5,"Height":41,"Demand":0,"DemandMax":1,"Value":615},{"Length":15,"Height":3,"Demand":0,"DemandMax":1,"Value":135},{"Length":87,"Height":27,"Demand":0,"DemandMax":1,"Value":2349},{"Length":84,"Height":76,"Demand":0,"DemandMax":1,"Value":19152},{"Length":84,"Height":5,"Demand":0,"DemandMax":1,"Value":420},{"Length":76,"Height":22,"Demand":0,"DemandMax":2,"Value":5016},{"Length":27,"Height":76,"Demand":0,"DemandMax":1,"Value":4104},{"Length":87,"Height":48,"Demand":0,"DemandMax":1,"Value":12528},{"Length":40,"Height":16,"Demand":0,"DemandMax":1,"Value":1280},{"Length":10,"Height":22,"Demand":0,"DemandMax":1,"Value":220},{"Length":90,"Height":13,"Demand":0,"DemandMax":1,"Value":1170},{"Length":94,"Height":13,"Demand":0,"DemandMax":1,"Value":2444},{"Length":14,"Height":9,"Demand":0,"DemandMax":1,"Value":252},{"Length":90,"Height":23,"Demand":0,"DemandMax":1,"Value":2070},{"Length":30,"Height":14,"Demand":0,"DemandMax":1,"Value":840},{"Length":16,"Height":95,"Demand":0,"DemandMax":1,"Value":1520},{"Length":3,"Height":34,"Demand":0,"DemandMax":1,"Value":204},{"Length":38,"Height":48,"Demand":0,"DemandMax":1,"Value":1824},{"Length":44,"Height":43,"Demand":0,"DemandMax":1,"Value":5676},{"Length":24,"Height":49,"Demand":0,"DemandMax":1,"Value":1176},{"Length":17,"Height":16,"Demand":0,"DemandMax":1,"Value":816},{"Length":44,"Height":6,"Demand":0,"DemandMax":1,"Value":264},{"Length":44,"Height":5,"Demand":0,"DemandMax":1,"Value":440},{"Length":44,"Height":25,"Demand":0,"DemandMax":1,"Value":1100},{"Length":62,"Height":75,"Demand":0,"DemandMax":1,"Value":13950},{"Length":32,"Height":20,"Demand":0,"DemandMax":1,"Value":1280},{"Length":43,"Height":97,"Demand":0,"DemandMax":1,"Value":8342},{"Length":51,"Height":58,"Demand":0,"DemandMax":1,"Value":2958},{"Length":56,"Height":77,"Demand":0,"DemandMax":1,"Value":8624},{"Length":40,"Height":22,"Demand":0,"DemandMax":1,"Value":880},{"Length":32,"Height":19,"Demand":0,"DemandMax":1,"Value":1824},{"Length":78,"Height":43,"Demand":0,"DemandMax":1,"Value":10062},{"Length":41,"Height":15,"Demand":0,"DemandMax":1,"Value":1230},{"Length":50,"Height":50,"Demand":0,"DemandMax":1,"Value":2500},{"Length":15,"Height":29,"Demand":0,"DemandMax":1,"Value":1305},{"Length":45,"Height":24,"Demand":0,"DemandMax":1,"Value":3240},{"Length":31,"Height":28,"Demand":0,"DemandMax":1,"Value":868},{"Length":12,"Height":4,"Demand":0,"DemandMax":1,"Value":144},{"Length":88,"Height":73,"Demand":0,"DemandMax":1,"Value":19272},{"Length":16,"Height":42,"Demand":0,"DemandMax":2,"Value":2016},{"Length":15,"Height":25,"Demand":0,"DemandMax":1,"Value":750},{"Length":30,"Height":11,"Demand":0,"DemandMax":1,"Value":990},{"Length":31,"Height":81,"Demand":0,"DemandMax":1,"Value":2511},{"Length":89,"Height":47,"Demand":0,"DemandMax":1,"Value":12549},{"Length":82,"Height":11,"Demand":0,"DemandMax":1,"Value":902},{"Length":50,"Height":50,"Demand":0,"DemandMax":1,"Value":5000},{"Length":89,"Height":49,"Demand":0,"DemandMax":1,"Value":4361},{"Length":7,"Height":96,"Demand":0,"DemandMax":1,"Value":1344},{"Length":75,"Height":61,"Demand":0,"DemandMax":1,"Value":9150},{"Length":78,"Height":84,"Demand":0,"DemandMax":1,"Value":19656},{"Length":26,"Height":50,"Demand":0,"DemandMax":1,"Value":3900},{"Length":100,"Height":15,"Demand":0,"DemandMax":1,"Value":4500},{"Length":43,"Height":91,"Demand":0,"DemandMax":1,"Value":11739},{"Length":9,"Height":12,"Demand":0,"DemandMax":1,"Value":108},{"Length":8,"Height":11,"Demand":0,"DemandMax":1,"Value":264},{"Length":41,"Height":78,"Demand":0,"DemandMax":1,"Value":6396},{"Length":23,"Height":6,"Demand":0,"DemandMax":1,"Value":414},{"Length":9,"Height":83,"Demand":0,"DemandMax":1,"Value":747},{"Length":18,"Height":77,"Demand":0,"DemandMax":1,"Value":1386},{"Length":27,"Height":88,"Demand":0,"DemandMax":1,"Value":4752},{"Length":8,"Height":35,"Demand":0,"DemandMax":1,"Value":280},{"Length":34,"Height":10,"Demand":0,"DemandMax":1,"Value":340},{"Length":46,"Height":39,"Demand":0,"DemandMax":1,"Value":5382},{"Length":87,"Height":2,"Demand":0,"DemandMax":1,"Value":522},{"Length":3,"Height":6,"Demand":0,"DemandMax":1,"Value":18},{"Length":30,"Height":89,"Demand":0,"DemandMax":1,"Value":2670},{"Length":18,"Height":38,"Demand":0,"DemandMax":1,"Value":684},{"Length":31,"Height":50,"Demand":0,"DemandMax":1,"Value":1550},{"Length":95,"Height":68,"Demand":0,"DemandMax":1,"Value":19380},{"Length":48,"Height":33,"Demand":0,"DemandMax":1,"Value":1584},{"Length":11,"Height":18,"Demand":0,"DemandMax":1,"Value":396},{"Length":93,"Height":59,"Demand":0,"DemandMax":1,"Value":16461},{"Length":11,"Height":24,"Demand":0,"DemandMax":1,"Value":792},{"Length":60,"Height":97,"Demand":0,"DemandMax":1,"Value":5820},{"Length":34,"Height":9,"Demand":0,"DemandMax":1,"Value":306},{"Length":37,"Height":91,"Demand":0,"DemandMax":1,"Value":6734},{"Length":47,"Height":9,"Demand":0,"DemandMax":1,"Value":423},{"Length":47,"Height":33,"Demand":0,"DemandMax":1,"Value":3102},{"Length":87,"Height":41,"Demand":0,"DemandMax":1,"Value":10701},{"Length":86,"Height":45,"Demand":0,"DemandMax":1,"Value":11610},{"Length":45,"Height":84,"Demand":0,"DemandMax":1,"Value":11340},{"Length":33,"Height":26,"Demand":0,"DemandMax":1,"Value":858},{"Length":23,"Height":5,"Demand":0,"DemandMax":1,"Value":230},{"Length":81,"Height":76,"Demand":0,"DemandMax":1,"Value":18468},{"Length":87,"Height":11,"Demand":0,"DemandMax":1,"Value":2871},{"Length":100,"Height":33,"Demand":0,"DemandMax":1,"Value":9900},{"Length":85,"Height":37,"Demand":0,"DemandMax":1,"Value":3145},{"Length":13,"Height":4,"Demand":0,"DemandMax":1,"Value":52},{"Length":49,"Height":46,"Demand":0,"DemandMax":1,"Value":2254},{"Length":16,"Height":44,"Demand":0,"DemandMax":1,"Value":1408},{"Length":85,"Height":74,"Demand":0,"DemandMax":1,"Value":6290},{"Length":9,"Height":48,"Demand":0,"DemandMax":1,"Value":1296},{"Length":13,"Height":25,"Demand":0,"DemandMax":1,"Value":650},{"Length":16,"Height":33,"Demand":0,"DemandMax":1,"Value":528},{"Length":45,"Height":77,"Demand":0,"DemandMax":1,"Value":10395},{"Length":83,"Height":75,"Demand":0,"DemandMax":1,"Value":18675},{"Length":37,"Height":46,"Demand":0,"DemandMax":1,"Value":3404},{"Length":13,"Height":46,"Demand":0,"DemandMax":1,"Value":598},{"Length":50,"Height":6,"Demand":0,"DemandMax":1,"Value":600},{"Length":17,"Height":37,"Demand":0,"DemandMax":1,"Value":629},{"Length":23,"Height":12,"Demand":0,"DemandMax":1,"Value":276},{"Length":25,"Height":6,"Demand":0,"DemandMax":1,"Value":300},{"Length":76,"Height":60,"Demand":0,"DemandMax":1,"Value":13680},{"Length":91,"Height":27,"Demand":0,"DemandMax":1,"Value":7371},{"Length":20,"Height":82,"Demand":0,"DemandMax":1,"Value":1640},{"Length":19,"Height":84,"Demand":0,"DemandMax":1,"Value":4788},{"Length":17,"Height":50,"Demand":0,"DemandMax":1,"Value":1700},{"Length":27,"Height":44,"Demand":0,"DemandMax":1,"Value":1188},{"Length":38,"Height":11,"Demand":0,"DemandMax":1,"Value":418},{"Length":21,"Height":31,"Demand":0,"DemandMax":1,"Value":651},{"Length":29,"Height":19,"Demand":0,"DemandMax":1,"Value":551},{"Length":67,"Height":77,"Demand":0,"DemandMax":1,"Value":10318},{"Length":21,"Height":32,"Demand":0,"DemandMax":1,"Value":1344},{"Length":98,"Height":48,"Demand":0,"DemandMax":1,"Value":4704},{"Length":48,"Height":29,"Demand":0,"DemandMax":1,"Value":1392},{"Length":75,"Height":86,"Demand":0,"DemandMax":1,"Value":19350},{"Length":38,"Height":38,"Demand":0,"DemandMax":1,"Value":1444},{"Length":12,"Height":44,"Demand":0,"DemandMax":1,"Value":1584},{"Length":28,"Height":14,"Demand":0,"DemandMax":1,"Value":784},{"Length":4,"Height":50,"Demand":0,"DemandMax":1,"Value":200},{"Length":47,"Height":35,"Demand":0,"DemandMax":1,"Value":3290},{"Length":49,"Height":36,"Demand":0,"DemandMax":1,"Value":1764},{"Length":36,"Height":40,"Demand":0,"DemandMax":1,"Value":1440},{"Length":24,"Height":49,"Demand":0,"DemandMax":1,"Value":3528},{"Length":95,"Height":32,"Demand":0,"DemandMax":1,"Value":3040},{"Length":45,"Height":11,"Demand":0,"DemandMax":1,"Value":990},{"Length":5,"Height":88,"Demand":0,"DemandMax":1,"Value":880},{"Length":52,"Height":69,"Demand":0,"DemandMax":1,"Value":7176},{"Length":45,"Height":79,"Demand":0,"DemandMax":1,"Value":3555},{"Length":54,"Height":96,"Demand":0,"DemandMax":1,"Value":10368},{"Length":87,"Height":6,"Demand":0,"DemandMax":1,"Value":1044},{"Length":37,"Height":32,"Demand":0,"DemandMax":1,"Value":1184},{"Length":71,"Height":83,"Demand":0,"DemandMax":1,"Value":11786},{"Length":79,"Height":44,"Demand":0,"DemandMax":1,"Value":6952},{"Length":7,"Height":31,"Demand":0,"DemandMax":1,"Value":217},{"Length":23,"Height":28,"Demand":0,"DemandMax":1,"Value":644},{"Length":43,"Height":12,"Demand":0,"DemandMax":1,"Value":1032},{"Length":49,"Height":43,"Demand":0,"DemandMax":1,"Value":2107},{"Length":36,"Height":17,"Demand":0,"DemandMax":1,"Value":1224},{"Length":6,"Height":6,"Demand":0,"DemandMax":1,"Value":72},{"Length":16,"Height":14,"Demand":0,"DemandMax":1,"Value":224},{"Length":22,"Height":36,"Demand":0,"DemandMax":1,"Value":2376},{"Length":87,"Height":40,"Demand":0,"DemandMax":1,"Value":6960},{"Length":8,"Height":42,"Demand":0,"DemandMax":1,"Value":336},{"Length":16,"Height":5,"Demand":0,"DemandMax":1,"Value":160},{"Length":47,"Height":98,"Demand":0,"DemandMax":1,"Value":13818},{"Length":5,"Height":43,"Demand":0,"DemandMax":1,"Value":430},{"Length":37,"Height":13,"Demand":0,"DemandMax":1,"Value":1443},{"Length":26,"Height":44,"Demand":0,"DemandMax":1,"Value":1144},{"Length":93,"Height":54,"Demand":0,"DemandMax":1,"Value":10044},{"Length":36,"Height":26,"Demand":0,"DemandMax":1,"Value":936},{"Length":86,"Height":35,"Demand":0,"DemandMax":1,"Value":3010},{"Length":31,"Height":22,"Demand":0,"DemandMax":1,"Value":1364},{"Length":41,"Height":27,"Demand":0,"DemandMax":1,"Value":2214},{"Length":37,"Height":21,"Demand":0,"DemandMax":1,"Value":2331},{"Length":10,"Height":6,"Demand":0,"DemandMax":1,"Value":60}]}