{"Name":"ngcutfs2_150","Objects":[{"Length":100,"Height":100,"Stock":null,"Cost":10000}],"Items":[{"Length":4,"Height":47,"Demand":0,"DemandMax":4,"Value":376},{"Length":95,"Height":82,"Demand":0,"DemandMax":4,"Value":23370},{"Length":80,"Height":13,"Demand":0,"DemandMax":4,"Value":2080},{"Length":39,"Height":7,"Demand":0,"DemandMax":4,"Value":273},{"Length":27,"Height":15,"Demand":0,"DemandMax":4,"Value":405},{"Length":18,"Height":23,"Demand":0,"DemandMax":4,"Value":1242},{"Length":50,"Height":76,"Demand":0,"DemandMax":4,"Value":3800},{"Length":28,"Height":95,"Demand":0,"DemandMax":4,"Value":5320},{"Length":50,"Height":86,"Demand":0,"DemandMax":4,"Value":4300},{"Length":76,"Height":28,"Demand":0,"DemandMax":4,"Value":6384},{"Length":44,"Height":83,"Demand":0,"DemandMax":4,"Value":7304},{"Length":2,"Height":22,"Demand":0,"DemandMax":8,"Value":132},{"Length":55,"Height":80,"Demand":0,"DemandMax":4,"Value":13200},{"Length":25,"Height":25,"Demand":0,"DemandMax":4,"Value":625},{"Length":59,"Height":82,"Demand":0,"DemandMax":4,"Value":9676},{"Length":92,"Height":100,"Demand":0,"DemandMax":4,"Value":18400},{"Length":98,"Height":67,"Demand":0,"DemandMax":4,"Value":6566},{"Length":19,"Height":3,"Demand":0,"DemandMax":4,"Value":171},{"Length":27,"Height":15,"Demand":0,"DemandMax":4,"Value":1215},{"Length":41,"Height":90,"Demand":0,"DemandMax":4,"Value":3690},{"Length":4,"Height":49,"Demand":0,"DemandMax":4,"Value":196},{"Length":9,"Height":43,"Demand":0,"DemandMax":4,"Value":1161},{"Length":11,"Height":86,"Demand":0,"DemandMax":4,"Value":1892},{"Length":21,"Height":84,"Demand":0,"DemandMax":4,"Value":3528},{"Length":46,"Height":34,"Demand":0,"DemandMax":4,"Value":4692},{"Length":28,"Height":23,"Demand":0,"DemandMax":4,"Value":1932},{"Length":6,"Height":79,"Demand":0,"DemandMax":4,"Value":948},{"Length":55,"Height":55,"Demand":0,"DemandMax":4,"Value":6050},{"Length":87,"Height":42,"Demand":0,"DemandMax":4,"Value":10962},{"Length":59,"Height":96,"Demand":0,"DemandMax":4,"Value":11328},{"Length":11,"Height":5,"Demand":0,"DemandMax":4,"Value":110},{"Length":7,"Height":23,"Demand":0,"DemandMax":4,"Value":161},{"Length":7,"Height":19,"Demand":0,"DemandMax":4,"Value":133},{"Length":44,"Height":84,"Demand":0,"DemandMax":4,"Value":7392},{"Length":17,"Height":27,"Demand":0,"DemandMax":4,"Value":1377},{"Length":86,"Height":55,"Demand":0,"DemandMax":4,"Value":9460},{"Length":36,"Height":34,"Demand":0,"DemandMax":4,"Value":2448},{"Length":12,"Height":32,"Demand":0,"DemandMax":4,"Value":768},{"Length":47,"Height":81,"Demand":0,"DemandMax":4,"Value":11421},{"Length":56,"Height":65,"Demand":0,"DemandMax":4,"Value":3640},{"Length":87,"Height":58,"Demand":0,"DemandMax":4,"Value":5046},{"Length":11,"Height":44,"Demand":0,"DemandMax":4,"Value":1452},{"Length":46,"Height":50,"Demand":0,"DemandMax":4,"Value":4600},{"Length":25,"Height":45,"Demand":0,"DemandMax":4,"Value":2250},{"Length":41,"Height":95,"Demand":0,"DemandMax":4,"Value":7790},{"Length":22,"Height":99,"Demand":0,"DemandMax":4,"Value":6534},{"Length":93,"Height":63,"Demand":0,"DemandMax":4,"Value":5859},{"Length":48,"Height":8,"Demand":0,"DemandMax":4,"Value":384},{"Length":7,"Height":8,"Demand":0,"DemandMax":4,"Value":168},{"Length":32,"Height":50,"Demand":0,"DemandMax":4,"Value":4800},{"Length":20,"Height":26,"Demand":0,"DemandMax":4,"Value":1560},{"Length":37,"Height":12,"Demand":0,"DemandMax":4,"Value":1332},{"Length":45,"Height":15,"Demand":0,"DemandMax":4,"Value":675},{"Length":50,"Height":77,"Demand":0,"DemandMax":4,"Value":3850},{"Length":48,"Height":50,"Demand":0,"DemandMax":4,"Value":2400},{"Length":28,"Height":7,"Demand":0,"DemandMax":4,"Value":196},{"Length":30,"Height":46,"Demand":0,"DemandMax":4,"Value":2760},{"Length":89,"Height":9,"Demand":0,"DemandMax":4,"Value":1602},{"Length":13,"Height":34,"Demand":0,"DemandMax":4,"Value":442},{"Length":27,"Height":44,"Demand":0,"DemandMax":4,"Value":2376},{"Length":10,"Height":41,"Demand":0,"DemandMax":4,"Value":410},{"Length":37,"Height":48,"Demand":0,"DemandMax":4,"Value":1776},{"Length":28,"Height":50,"Demand":0,"DemandMax":4,"Value":4200},{"Length":5,"Height":94,"Demand":0,"DemandMax":4,"Value":940},{"Length":16,"Height":32,"Demand":0,"DemandMax":4,"Value":512},{"Length":23,"Height":23,"Demand":0,"DemandMax":4,"Value":1058},{"Length":44,"Height":26,"Demand":0,"DemandMax":4,"Value":3432},{"Length":12,"Height":7,"Demand":0,"DemandMax":4,"Value":168},{"Length":32,"Height":9,"Demand":0,"DemandMax":4,"Value":288},{"Length":20,"Height":18,"Demand":0,"DemandMax":4,"Value":720},{"Length":38,"Height":9,"Demand":0,"DemandMax":4,"Value":684},{"Length":39,"Height":15,"Demand":0,"DemandMax":4,"Value":585},{"Length":9,"Height":21,"Demand":0,"DemandMax":4,"Value":567},{"Length":89,"Height":61,"Demand":0,"DemandMax":4,"Value":10858},{"Length":80,"Height":86,"Demand":0,"DemandMax":4,"Value":13760},{"Length":10,"Height":26,"Demand":0,"DemandMax":4,"Value":520},{"Length":27,"Height":9,"Demand":0,"DemandMax":4,"Value":243},{"Length":90,"Height":41,"Demand":0,"DemandMax":4,"Value":11070},{"Length":93,"Height":12,"Demand":0,"DemandMax":4,"Value":3348},{"Length":65,"Height":95,"Demand":0,"DemandMax":4,"Value":6175},{"Length":33,"Height":11,"Demand":0,"DemandMax":4,"Value":726},{"Length":52,"Height":89,"Demand":0,"DemandMax":4,"Value":4628},{"Length":29,"Height":28,"Demand":0,"DemandMax":4,"Value":1624},{"Length":12,"Height":44,"Demand":0,"DemandMax":4,"Value":528},{"Length":44,"Height":25,"Demand":0,"DemandMax":4,"Value":2200},{"Length":42,"Height":10,"Demand":0,"DemandMax":4,"Value":1260},{"Length":11,"Height":8,"Demand":0,"DemandMax":4,"Value":176},{"Length":4,"Height":18,"Demand":0,"DemandMax":4,"Value":72},{"Length":79,"Height":5,"Demand":0,"DemandMax":4,"Value":790},{"Length":41,"Height":25,"Demand":0,"DemandMax":4,"Value":1025},{"Length":85,"Height":29,"Demand":0,"DemandMax":4,"Value":7395},{"Length":25,"Height":2,"Demand":0,"DemandMax":4,"Value":150},{"Length":90,"Height":55,"Demand":0,"DemandMax":4,"Value":14850},{"Length":18,"Height":20,"Demand":0,"DemandMax":4,"Value":1080},{"Length":5,"Height":46,"Demand":0,"DemandMax":4,"Value":460},{"Length":8,"Height":23,"Demand":0,"DemandMax":4,"Value":552},{"Length":48,"Height":33,"Demand":0,"DemandMax":4,"Value":3168},{"Length":36,"Height":37,"Demand":0,"DemandMax":4,"Value":1332},{"Length":27,"Height":46,"Demand":0,"DemandMax":4,"Value":1242},{"Length":24,"Height":34,"Demand":0,"DemandMax":4,"Value":816},{"Length":16,"Height":30,"Demand":0,"DemandMax":4,"Value":480},{"Length":45,"Height":5,"Demand":0,"DemandMax":4,"Value":675},{"Length":30,"Height":46,"Demand":0,"DemandMax":4,"Value":4140},{"Length":96,"Height":61,"Demand":0,"DemandMax":4,"Value":5856},{"Length":14,"Height":24,"Demand":0,"DemandMax":4,"Value":1008},{"Length":10,"Height":81,"Demand":0,"DemandMax":4,"Value":810},{"Length":34,"Height":10,"Demand":0,"DemandMax":4,"Value":340},{"Length":92,"Height":74,"Demand":0,"DemandMax":4,"Value":13616},{"Length":13,"Height":35,"Demand":0,"DemandMax":4,"Value":910},{"Length":12,"Height":6,"Demand":0,"DemandMax":4,"Value":216},{"Length":23,"Height":25,"Demand":0,"DemandMax":4,"Value":1725},{"Length":35,"Height":35,"Demand":0,"DemandMax":4,"Value":2450},{"Length":41,"Height":48,"Demand":0,"DemandMax":4,"Value":5904},{"Length":87,"Height":30,"Demand":0,"DemandMax":4,"Value":2610},{"Length":50,"Height":26,"Demand":0,"DemandMax":4,"Value":2600},{"Length":12,"Height":3,"Demand":0,"DemandMax":4,"Value":36},{"Length":34,"Height":7,"Demand":0,"DemandMax":4,"Value":476},{"Length":49,"Height":38,"Demand":0,"DemandMax":4,"Value":5586},{"Length":8,"Height":39,"Demand":0,"DemandMax":4,"Value":312},{"Length":29,"Height":42,"Demand":0,"DemandMax":4,"Value":2436},{"Length":75,"Height":97,"Demand":0,"DemandMax":4,"Value":21825},{"Length":16,"Height":99,"Demand":0,"DemandMax":4,"Value":4752},{"Length":14,"Height":81,"Demand":0,"DemandMax":4,"Value":1134},{"Length":84,"Height":77,"Demand":0,"DemandMax":4,"Value":12936},{"Length":38,"Height":27,"Demand":0,"DemandMax":4,"Value":3078},{"Length":89,"Height":44,"Demand":0,"DemandMax":4,"Value":11748},{"Length":38,"Height":22,"Demand":0,"DemandMax":4,"Value":1672},{"Length":7,"Height":98,"Demand":0,"DemandMax":4,"Value":2058},{"Length":12,"Height":38,"Demand":0,"DemandMax":4,"Value":456},{"Length":18,"Height":14,"Demand":0,"DemandMax":4,"Value":756},{"Length":8,"Height":43,"Demand":0,"DemandMax":4,"Value":1032},{"Length":8,"Height":96,"Demand":0,"DemandMax":4,"Value":768},{"Length":100,"Height":86,"Demand":0,"DemandMax":4,"Value":8600},{"Length":18,"Height":21,"Demand":0,"DemandMax":4,"Value":378},{"Length":49,"Height":94,"Demand":0,"DemandMax":4,"Value":9212},{"Length":50,"Height":27,"Demand":0,"DemandMax":4,"Value":2700},{"Length":23,"Height":20,"Demand":0,"DemandMax":4,"Value":460},{"Length":10,"Height":2,"Demand":0,"DemandMax":4,"Value":20},{"Length":87,"Height":31,"Demand":0,"DemandMax":4,"Value":8091},{"Length":75,"Height":84,"Demand":0,"DemandMax":4,"Value":12600},{"Length":19,"Height":37,"Demand":0,"DemandMax":4,"Value":1406},{"Length":47,"Height":95,"Demand":0,"DemandMax":4,"Value":8930},{"Length":27,"Height":99,"Demand":0,"DemandMax":4,"Value":5346},{"Length":45,"Height":97,"Demand":0,"DemandMax":4,"Value":8730},{"Length":88,"Height":37,"Demand":0,"DemandMax":4,"Value":6512},{"Length":50,"Height":17,"Demand":0,"DemandMax":4,"Value":2550},{"Length":22,"Height":6,"Demand":0,"DemandMax":4,"Value":264},{"Length":43,"Height":10,"Demand":0,"DemandMax":4,"Value":860},{"Length":31,"Height":84,"Demand":0,"DemandMax":4,"Value":7812},{"Length":44,"Height":7,"Demand":0,"DemandMax":4,"Value":308},{"Length":23,"Height":32,"Demand":0,"DemandMax":4,"Value":1472},{"Length":28,"Height":39,"Demand":0,"DemandMax":4,"Value":1092},{"Length":87,"Height":32,"Demand":0,"DemandMax":4,"Value":2784},{"Length":18,"Height":47,"Demand":0,"DemandMax":4,"Value":846},{"Length":25,"Height":31,"Demand":0,"DemandMax":4,"Value":775},{"Length":7,"Height":88,"Demand":0,"DemandMax":4,"Value":1232},{"Length":38,"Height":47,"Demand":0,"DemandMax":4,"Value":3572},{"Length":35,"Height":27,"Demand":0,"DemandMax":4,"Value":1890},{"Length":3,"Height":97,"Demand":0,"DemandMax":4,"Value":291},{"Length":68,"Height":59,"Demand":0,"DemandMax":4,"Value":12036},{"Length":47,"Height":21,"Demand":0,"DemandMax":4,"Value":2961},{"Length":42,"Height":25,"Demand":0,"DemandMax":4,"Value":1050},{"Length":73,"Height":86,"Demand":0,"DemandMax":4,"Value":18834},{"Length":76,"Height":96,"Demand":0,"DemandMax":4,"Value":7296},{"Length":30,"Height":4,"Demand":0,"DemandMax":4,"Value":120},{"Length":43,"Height":29,"Demand":0,"DemandMax":4,"Value":2494},{"Length":28,"Height":3,"Demand":0,"DemandMax":4,"Value":84},{"Length":14,"Height":49,"Demand":0,"DemandMax":4,"Value":1372},{"Length":99,"Height":14,"Demand":0,"DemandMax":4,"Value":4158},{"Length":42,"Height":14,"Demand":0,"DemandMax":4,"Value":1176},{"Length":25,"Height":89,"Demand":0,"DemandMax":4,"Value":6675},{"Length":37,"Height":13,"Demand":0,"DemandMax":4,"Value":481},{"Length":52,"Height":56,"Demand":0,"DemandMax":4,"Value":2912},{"Length":18,"Height":44,"Demand":0,"DemandMax":4,"Value":2376},{"Length":20,"Height":18,"Demand":0,"DemandMax":4,"Value":360},{"Length":30,"Height":35,"Demand":0,"DemandMax":4,"Value":2100},{"Length":27,"Height":31,"Demand":0,"DemandMax":4,"Value":837},{"Length":33,"Height":39,"Demand":0,"DemandMax":4,"Value":2574},{"Length":43,"Height":45,"Demand":0,"DemandMax":4,"Value":1935},{"Length":99,"Height":98,"Demand":0,"DemandMax":4,"Value":19404},{"Length":84,"Height":17,"Demand":0,"DemandMax":4,"Value":1428},{"Length":2,"Height":13,"Demand":0,"DemandMax":4,"Value":26},{"Length":85,"Height":53,"Demand":0,"DemandMax":4,"Value":4505},{"Length":8,"Height":35,"Demand":0,"DemandMax":4,"Value":560},{"Length":30,"Height":35,"Demand":0,"DemandMax":4,"Value":1050},{"Length":73,"Height":71,"Demand":0,"DemandMax":4,"Value":5183},{"Length":66,"Height":65,"Demand":0,"DemandMax":4,"Value":4290},{"Length":98,"Height":14,"Demand":0,"DemandMax":4,"Value":4116},{"Length":93,"Height":79,"Demand":0,"DemandMax":4,"Value":14694},{"Length":10,"Height":10,"Demand":0,"DemandMax":4,"Value":200},{"Length":28,"Height":38,"Demand":0,"DemandMax":4,"Value":1064},{"Length":41,"Height":89,"Demand":0,"DemandMax":4,"Value":3649},{"Length":45,"Height":83,"Demand":0,"DemandMax":4,"Value":7470},{"Length":25,"Height":35,"Demand":0,"DemandMax":4,"Value":875},{"Length":41,"Height":97,"Demand":0,"DemandMax":4,"Value":3977},{"Length":40,"Height":50,"Demand":0,"DemandMax":4,"Value":4000},{"Length":41,"Height":18,"Demand":0,"DemandMax":4,"Value":738},{"Length":90,"Height":38,"Demand":0,"DemandMax":4,"Value":6840},{"Length":37,"Height":4,"Demand":0,"DemandMax":4,"Value":444},{"Length":91,"Height":63,"Demand":0,"DemandMax":4,"Value":11466},{"Length":38,"Height":100,"Demand":0,"DemandMax":4,"Value":11400},{"Length":41,"Height":47,"Demand":0,"DemandMax":4,"Value":1927},{"Length":3,"Height":49,"Demand":0,"DemandMax":4,"Value":147},{"Length":58,"Height":99,"Demand":0,"DemandMax":4,"Value":11484},{"Length":98,"Height":58,"Demand":0,"DemandMax":4,"Value":5684},{"Length":47,"Height":22,"Demand":0,"DemandMax":4,"Value":3102},{"Length":90,"Height":43,"Demand":0,"DemandMax":4,"Value":3870},{"Length":86,"Height":14,"Demand":0,"DemandMax":4,"Value":1204},{"Length":42,"Height":79,"Demand":0,"DemandMax":4,"Value":9954},{"Length":99,"Height":2,"Demand":0,"DemandMax":4,"Value":198},{"Length":47,"Height":5,"Demand":0,"DemandMax":4,"Value":705},{"Length":88,"Height":94,"Demand":0,"DemandMax":4,"Value":8272},{"Length":37,"Height":19,"Demand":0,"DemandMax":4,"Value":1406},{"Length":9,"Height":8,"Demand":0,"DemandMax":4,"Value":216},{"Length":26,"Height":24,"Demand":0,"DemandMax":4,"Value":1248},{"Length":82,"Height":18,"Demand":0,"DemandMax":4,"Value":1476},{"Length":10,"Height":86,"Demand":0,"DemandMax":4,"Value":860},{"Length":40,"Height":83,"Demand":0,"DemandMax":4,"Value":6640},{"Length":90,"Height":48,"Demand":0,"DemandMax":4,"Value":4320},{"Length":14,"Height":86,"Demand":0,"DemandMax":4,"Value":2408},{"Length":10,"Height":43,"Demand":0,"DemandMax":4,"Value":430},{"Length":46,"Height":41,"Demand":0,"DemandMax":4,"Value":3772},{"Length":65,"Height":77,"Demand":0,"DemandMax":4,"Value":15015},{"Length":89,"Height":20,"Demand":0,"DemandMax":4,"Value":3560},{"Length":35,"Height":81,"Demand":0,"DemandMax":4,"Value":8505},{"Length":77,"Height":49,"Demand":0,"DemandMax":4,"Value":3773},{"Length":7,"Height":18,"Demand":0,"DemandMax":4,"Value":126},{"Length":92,"Height":36,"Demand":0,"DemandMax":4,"Value":3312},{"Length":41,"Height":92,"Demand":0,"DemandMax":4,"Value":11316},{"Length":45,"Height":79,"Demand":0,"DemandMax":4,"Value":10665},{"Length":57,"Height":99,"Demand":0,"DemandMax":4,"Value":5643},{"Length":48,"Height":26,"Demand":0,"DemandMax":4,"Value":3744},{"Length":3,"Height":12,"Demand":0,"DemandMax":4,"Value":36},{"Length":96,"Height":74,"Demand":0,"DemandMax":4,"Value":14208},{"Length":28,"Height":25,"Demand":0,"DemandMax":4,"Value":700},{"Length":50,"Height":4,"Demand":0,"DemandMax":4,"Value":200},{"Length":15,"Height":81,"Demand":0,"DemandMax":4,"Value":1215},{"Length":34,"Height":22,"Demand":0,"DemandMax":4,"Value":748},{"Length":86,"Height":25,"Demand":0,"DemandMax":4,"Value":4300},{"Length":43,"Height":39,"Demand":0,"DemandMax":4,"Value":3354},{"Length":11,"Height":41,"Demand":0,"DemandMax":4,"Value":451},{"Length":37,"Height":21,"Demand":0,"DemandMax":4,"Value":777},{"Length":79,"Height":2,"Demand":0,"DemandMax":4,"Value":158},{"Length":27,"Height":21,"Demand":0,"DemandMax":4,"Value":1701},{"Length":26,"Height":13,"Demand":0,"DemandMax":4,"Value":676},{"Length":6,"Height":30,"Demand":0,"DemandMax":4,"Value":540},{"Length":2,"Height":99,"Demand":0,"DemandMax":4,"Value":594},{"Length":19,"Height":33,"Demand":0,"DemandMax":4,"Value":627},{"Length":27,"Height":5,"Demand":0,"DemandMax":4,"Value":270}]}