{"Name":"ngcutfs2_178","Objects":[{"Length":100,"Height":100,"Stock":null,"Cost":10000}],"Items":[{"Length":47,"Height":41,"Demand":0,"DemandMax":4,"Value":3854},{"Length":100,"Height":4,"Demand":0,"DemandMax":4,"Value":400},{"Length":41,"Height":47,"Demand":0,"DemandMax":4,"Value":3854},{"Length":24,"Height":3,"Demand":0,"DemandMax":4,"Value":216},{"Length":89,"Height":21,"Demand":0,"DemandMax":8,"Value":5607},{"Length":5,"Height":49,"Demand":0,"DemandMax":4,"Value":245},{"Length":26,"Height":40,"Demand":0,"DemandMax":4,"Value":1040},{"Length":6,"Height":28,"Demand":0,"DemandMax":4,"Value":336},{"Length":8,"Height":46,"Demand":0,"DemandMax":4,"Value":368},{"Length":23,"Height":92,"Demand":0,"DemandMax":4,"Value":2116},{"Length":15,"Height":32,"Demand":0,"DemandMax":4,"Value":960},{"Length":46,"Height":30,"Demand":0,"DemandMax":4,"Value":4140},{"Length":18,"Height":9,"Demand":0,"DemandMax":4,"Value":324},{"Length":81,"Height":22,"Demand":0,"DemandMax":4,"Value":3564},{"Length":13,"Height":2,"Demand":0,"DemandMax":4,"Value":52},{"Length":42,"Height":38,"Demand":0,"DemandMax":4,"Value":4788},{"Length":10,"Height":98,"Demand":0,"DemandMax":4,"Value":980},{"Length":23,"Height":17,"Demand":0,"DemandMax":4,"Value":782},{"Length":8,"Height":38,"Demand":0,"DemandMax":4,"Value":608},{"Length":80,"Height":26,"Demand":0,"DemandMax":4,"Value":4160},{"Length":8,"Height":79,"Demand":0,"DemandMax":4,"Value":1264},{"Length":4,"Height":29,"Demand":0,"DemandMax":4,"Value":232},{"Length":2,"Height":38,"Demand":0,"DemandMax":4,"Value":228},{"Length":36,"Height":32,"Demand":0,"DemandMax":4,"Value":3456},{"Length":79,"Height":6,"Demand":0,"DemandMax":4,"Value":474},{"Length":44,"Height":80,"Demand":0,"DemandMax":4,"Value":7040},{"Length":38,"Height":33,"Demand":0,"DemandMax":4,"Value":2508},{"Length":78,"Height":96,"Demand":0,"DemandMax":4,"Value":7488},{"Length":49,"Height":6,"Demand":0,"DemandMax":4,"Value":882},{"Length":2,"Height":5,"Demand":0,"DemandMax":4,"Value":20},{"Length":43,"Height":49,"Demand":0,"DemandMax":4,"Value":2107},{"Length":25,"Height":14,"Demand":0,"DemandMax":4,"Value":700},{"Length":5,"Height":42,"Demand":0,"DemandMax":4,"Value":420},{"Length":27,"Height":91,"Demand":0,"DemandMax":8,"Value":4914},{"Length":3,"Height":21,"Demand":0,"DemandMax":4,"Value":126},{"Length":40,"Height":3,"Demand":0,"DemandMax":4,"Value":120},{"Length":86,"Height":37,"Demand":0,"DemandMax":4,"Value":6364},{"Length":30,"Height":25,"Demand":0,"DemandMax":4,"Value":2250},{"Length":36,"Height":48,"Demand":0,"DemandMax":4,"Value":1728},{"Length":48,"Height":21,"Demand":0,"DemandMax":8,"Value":2016},{"Length":90,"Height":71,"Demand":0,"DemandMax":4,"Value":6390},{"Length":31,"Height":50,"Demand":0,"DemandMax":4,"Value":3100},{"Length":79,"Height":11,"Demand":0,"DemandMax":4,"Value":1738},{"Length":27,"Height":78,"Demand":0,"DemandMax":4,"Value":6318},{"Length":18,"Height":14,"Demand":0,"DemandMax":4,"Value":252},{"Length":91,"Height":77,"Demand":0,"DemandMax":4,"Value":7007},{"Length":25,"Height":86,"Demand":0,"DemandMax":4,"Value":2150},{"Length":77,"Height":42,"Demand":0,"DemandMax":4,"Value":9702},{"Length":16,"Height":42,"Demand":0,"DemandMax":4,"Value":672},{"Length":29,"Height":86,"Demand":0,"DemandMax":4,"Value":2494},{"Length":16,"Height":3,"Demand":0,"DemandMax":4,"Value":48},{"Length":11,"Height":17,"Demand":0,"DemandMax":4,"Value":187},{"Length":19,"Height":20,"Demand":0,"DemandMax":4,"Value":1140},{"Length":28,"Height":33,"Demand":0,"DemandMax":4,"Value":924},{"Length":54,"Height":82,"Demand":0,"DemandMax":4,"Value":13284},{"Length":41,"Height":3,"Demand":0,"DemandMax":4,"Value":369},{"Length":87,"Height":83,"Demand":0,"DemandMax":4,"Value":21663},{"Length":96,"Height":25,"Demand":0,"DemandMax":4,"Value":7200},{"Length":3,"Height":19,"Demand":0,"DemandMax":4,"Value":114},{"Length":18,"Height":27,"Demand":0,"DemandMax":4,"Value":486},{"Length":19,"Height":37,"Demand":0,"DemandMax":4,"Value":1406},{"Length":88,"Height":76,"Demand":0,"DemandMax":4,"Value":13376},{"Length":22,"Height":83,"Demand":0,"DemandMax":4,"Value":5478},{"Length":79,"Height":66,"Demand":0,"DemandMax":4,"Value":5214},{"Length":42,"Height":91,"Demand":0,"DemandMax":4,"Value":3822},{"Length":65,"Height":93,"Demand":0,"DemandMax":4,"Value":6045},{"Length":94,"Height":68,"Demand":0,"DemandMax":4,"Value":19176},{"Length":79,"Height":60,"Demand":0,"DemandMax":4,"Value":4740},{"Length":23,"Height":12,"Demand":0,"DemandMax":4,"Value":552},{"Length":44,"Height":31,"Demand":0,"DemandMax":4,"Value":2728},{"Length":2,"Height":17,"Demand":0,"DemandMax":4,"Value":34},{"Length":86,"Height":9,"Demand":0,"DemandMax":4,"Value":1548},{"Length":49,"Height":24,"Demand":0,"DemandMax":4,"Value":3528},{"Length":65,"Height":97,"Demand":0,"DemandMax":4,"Value":12610},{"Length":30,"Height":79,"Demand":0,"DemandMax":4,"Value":7110},{"Length":87,"Height":31,"Demand":0,"DemandMax":4,"Value":8091},{"Length":68,"Height":75,"Demand":0,"DemandMax":4,"Value":10200},{"Length":93,"Height":6,"Demand":0,"DemandMax":4,"Value":1674},{"Length":77,"Height":95,"Demand":0,"DemandMax":4,"Value":14630},{"Length":77,"Height":12,"Demand":0,"DemandMax":4,"Value":1848},{"Length":25,"Height":24,"Demand":0,"DemandMax":4,"Value":600},{"Length":28,"Height":38,"Demand":0,"DemandMax":4,"Value":3192},{"Length":11,"Height":4,"Demand":0,"DemandMax":4,"Value":88},{"Length":10,"Height":48,"Demand":0,"DemandMax":4,"Value":480},{"Length":19,"Height":93,"Demand":0,"DemandMax":4,"Value":5301},{"Length":43,"Height":27,"Demand":0,"DemandMax":4,"Value":1161},{"Length":25,"Height":50,"Demand":0,"DemandMax":4,"Value":1250},{"Length":47,"Height":4,"Demand":0,"DemandMax":4,"Value":376},{"Length":10,"Height":18,"Demand":0,"DemandMax":4,"Value":360},{"Length":40,"Height":49,"Demand":0,"DemandMax":4,"Value":5880},{"Length":26,"Height":23,"Demand":0,"DemandMax":4,"Value":1794},{"Length":98,"Height":36,"Demand":0,"DemandMax":4,"Value":10584},{"Length":2,"Height":7,"Demand":0,"DemandMax":4,"Value":14},{"Length":77,"Height":6,"Demand":0,"DemandMax":4,"Value":1386},{"Length":31,"Height":23,"Demand":0,"DemandMax":4,"Value":2139},{"Length":78,"Height":85,"Demand":0,"DemandMax":4,"Value":13260},{"Length":9,"Height":22,"Demand":0,"DemandMax":4,"Value":396},{"Length":29,"Height":11,"Demand":0,"DemandMax":4,"Value":638},{"Length":86,"Height":5,"Demand":0,"DemandMax":4,"Value":860},{"Length":21,"Height":2,"Demand":0,"DemandMax":4,"Value":126},{"Length":7,"Height":50,"Demand":0,"DemandMax":4,"Value":700},{"Length":92,"Height":7,"Demand":0,"DemandMax":4,"Value":1288},{"Length":88,"Height":38,"Demand":0,"DemandMax":4,"Value":6688},{"Length":35,"Height":41,"Demand":0,"DemandMax":4,"Value":1435},{"Length":20,"Height":29,"Demand":0,"DemandMax":4,"Value":580},{"Length":52,"Height":84,"Demand":0,"DemandMax":4,"Value":8736},{"Length":40,"Height":28,"Demand":0,"DemandMax":4,"Value":1120},{"Length":48,"Height":17,"Demand":0,"DemandMax":4,"Value":2448},{"Length":5,"Height":80,"Demand":0,"DemandMax":4,"Value":800},{"Length":31,"Height":11,"Demand":0,"DemandMax":4,"Value":341},{"Length":8,"Height":4,"Demand":0,"DemandMax":4,"Value":32},{"Length":15,"Height":25,"Demand":0,"DemandMax":4,"Value":750},{"Length":15,"Height":11,"Demand":0,"DemandMax":4,"Value":495},{"Length":37,"Height":89,"Demand":0,"DemandMax":4,"Value":6586},{"Length":16,"Height":94,"Demand":0,"DemandMax":4,"Value":3008},{"Length":35,"Height":13,"Demand":0,"DemandMax":4,"Value":1365},{"Length":32,"Height":7,"Demand":0,"DemandMax":4,"Value":448},{"Length":66,"Height":71,"Demand":0,"DemandMax":4,"Value":4686},{"Length":44,"Height":6,"Demand":0,"DemandMax":4,"Value":264},{"Length":58,"Height":51,"Demand":0,"DemandMax":4,"Value":2958},{"Length":30,"Height":17,"Demand":0,"DemandMax":4,"Value":510},{"Length":95,"Height":32,"Demand":0,"DemandMax":4,"Value":3040},{"Length":75,"Height":98,"Demand":0,"DemandMax":4,"Value":14700},{"Length":41,"Height":37,"Demand":0,"DemandMax":4,"Value":1517},{"Length":34,"Height":80,"Demand":0,"DemandMax":4,"Value":8160},{"Length":83,"Height":18,"Demand":0,"DemandMax":4,"Value":1494},{"Length":18,"Height":2,"Demand":0,"DemandMax":4,"Value":36},{"Length":90,"Height":7,"Demand":0,"DemandMax":4,"Value":630},{"Length":26,"Height":36,"Demand":0,"DemandMax":4,"Value":936},{"Length":22,"Height":4,"Demand":0,"DemandMax":4,"Value":176},{"Length":50,"Height":80,"Demand":0,"DemandMax":4,"Value":12000},{"Length":97,"Height":69,"Demand":0,"DemandMax":4,"Value":13386},{"Length":45,"Height":78,"Demand":0,"DemandMax":4,"Value":3510},{"Length":59,"Height":91,"Demand":0,"DemandMax":4,"Value":16107},{"Length":33,"Height":2,"Demand":0,"DemandMax":4,"Value":66},{"Length":42,"Height":18,"Demand":0,"DemandMax":4,"Value":756},{"Length":3,"Height":48,"Demand":0,"DemandMax":4,"Value":288},{"Length":86,"Height":11,"Demand":0,"DemandMax":4,"Value":946},{"Length":18,"Height":13,"Demand":0,"DemandMax":4,"Value":234},{"Length":39,"Height":12,"Demand":0,"DemandMax":4,"Value":936},{"Length":37,"Height":83,"Demand":0,"DemandMax":4,"Value":6142},{"Length":24,"Height":76,"Demand":0,"DemandMax":4,"Value":3648},{"Length":95,"Height":68,"Demand":0,"DemandMax":4,"Value":19380},{"Length":35,"Height":34,"Demand":0,"DemandMax":4,"Value":2380},{"Length":20,"Height":9,"Demand":0,"DemandMax":4,"Value":360},{"Length":44,"Height":86,"Demand":0,"DemandMax":4,"Value":3784},{"Length":14,"Height":93,"Demand":0,"DemandMax":4,"Value":3906},{"Length":62,"Height":91,"Demand":0,"DemandMax":4,"Value":11284},{"Length":30,"Height":45,"Demand":0,"DemandMax":4,"Value":4050},{"Length":12,"Height":87,"Demand":0,"DemandMax":4,"Value":2088},{"Length":81,"Height":23,"Demand":0,"DemandMax":4,"Value":3726},{"Length":13,"Height":38,"Demand":0,"DemandMax":4,"Value":988},{"Length":16,"Height":2,"Demand":0,"DemandMax":4,"Value":64},{"Length":45,"Height":81,"Demand":0,"DemandMax":4,"Value":7290},{"Length":29,"Height":7,"Demand":0,"DemandMax":4,"Value":609},{"Length":46,"Height":48,"Demand":0,"DemandMax":4,"Value":2208},{"Length":65,"Height":76,"Demand":0,"DemandMax":4,"Value":9880},{"Length":9,"Height":12,"Demand":0,"DemandMax":4,"Value":216},{"Length":85,"Height":19,"Demand":0,"DemandMax":4,"Value":4845},{"Length":47,"Height":34,"Demand":0,"DemandMax":4,"Value":1598},{"Length":34,"Height":28,"Demand":0,"DemandMax":4,"Value":2856},{"Length":36,"Height":48,"Demand":0,"DemandMax":4,"Value":3456},{"Length":100,"Height":18,"Demand":0,"DemandMax":4,"Value":3600},{"Length":27,"Height":18,"Demand":0,"DemandMax":4,"Value":972},{"Length":42,"Height":39,"Demand":0,"DemandMax":4,"Value":3276},{"Length":90,"Height":24,"Demand":0,"DemandMax":4,"Value":4320},{"Length":11,"Height":45,"Demand":0,"DemandMax":4,"Value":990},{"Length":61,"Height":90,"Demand":0,"DemandMax":4,"Value":10980},{"Length":42,"Height":83,"Demand":0,"DemandMax":4,"Value":3486},{"Length":57,"Height":92,"Demand":0,"DemandMax":4,"Value":10488},{"Length":71,"Height":76,"Demand":0,"DemandMax":4,"Value":16188},{"Length":13,"Height":45,"Demand":0,"DemandMax":4,"Value":1755},{"Length":46,"Height":36,"Demand":0,"DemandMax":4,"Value":1656},{"Length":88,"Height":29,"Demand":0,"DemandMax":4,"Value":2552},{"Length":13,"Height":33,"Demand":0,"DemandMax":4,"Value":858},{"Length":35,"Height":36,"Demand":0,"DemandMax":4,"Value":1260},{"Length":92,"Height":17,"Demand":0,"DemandMax":4,"Value":1564},{"Length":27,"Height":38,"Demand":0,"DemandMax":4,"Value":2052},{"Length":24,"Height":9,"Demand":0,"DemandMax":4,"Value":432},{"Length":83,"Height":4,"Demand":0,"DemandMax":4,"Value":664},{"Length":97,"Height":30,"Demand":0,"DemandMax":4,"Value":2910},{"Length":56,"Height":86,"Demand":0,"DemandMax":4,"Value":4816},{"Length":21,"Height":98,"Demand":0,"DemandMax":4,"Value":2058},{"Length":47,"Height":38,"Demand":0,"DemandMax":4,"Value":5358},{"Length":28,"Height":97,"Demand":0,"DemandMax":4,"Value":2716},{"Length":42,"Height":17,"Demand":0,"DemandMax":8,"Value":2142},{"Length":83,"Height":51,"Demand":0,"DemandMax":4,"Value":8466},{"Length":50,"Height":45,"Demand":0,"DemandMax":4,"Value":4500},{"Length":8,"Height":23,"Demand":0,"DemandMax":4,"Value":368},{"Length":7,"Height":2,"Demand":0,"DemandMax":4,"Value":14},{"Length":35,"Height":7,"Demand":0,"DemandMax":4,"Value":490},{"Length":90,"Height":67,"Demand":0,"DemandMax":4,"Value":6030},{"Length":42,"Height":11,"Demand":0,"DemandMax":4,"Value":924},{"Length":38,"Height":26,"Demand":0,"DemandMax":4,"Value":988},{"Length":45,"Height":13,"Demand":0,"DemandMax":4,"Value":1755},{"Length":26,"Height":49,"Demand":0,"DemandMax":4,"Value":3822},{"Length":14,"Height":31,"Demand":0,"DemandMax":4,"Value":434},{"Length":32,"Height":7,"Demand":0,"DemandMax":4,"Value":672},{"Length":16,"Height":33,"Demand":0,"DemandMax":4,"Value":1056},{"Length":41,"Height":29,"Demand":0,"DemandMax":4,"Value":2378},{"Length":35,"Height":100,"Demand":0,"DemandMax":4,"Value":10500},{"Length":33,"Height":11,"Demand":0,"DemandMax":4,"Value":363},{"Length":51,"Height":97,"Demand":0,"DemandMax":4,"Value":9894},{"Length":38,"Height":27,"Demand":0,"DemandMax":4,"Value":3078},{"Length":71,"Height":65,"Demand":0,"DemandMax":4,"Value":13845},{"Length":13,"Height":32,"Demand":0,"DemandMax":4,"Value":1248},{"Length":38,"Height":94,"Demand":0,"DemandMax":4,"Value":10716},{"Length":32,"Height":14,"Demand":0,"DemandMax":4,"Value":896},{"Length":46,"Height":9,"Demand":0,"DemandMax":4,"Value":828},{"Length":95,"Height":24,"Demand":0,"DemandMax":4,"Value":6840},{"Length":48,"Height":27,"Demand":0,"DemandMax":4,"Value":2592},{"Length":89,"Height":84,"Demand":0,"DemandMax":4,"Value":22428},{"Length":37,"Height":14,"Demand":0,"DemandMax":4,"Value":518},{"Length":92,"Height":6,"Demand":0,"DemandMax":4,"Value":552},{"Length":35,"Height":46,"Demand":0,"DemandMax":4,"Value":1610},{"Length":78,"Height":15,"Demand":0,"DemandMax":4,"Value":3510},{"Length":15,"Height":27,"Demand":0,"DemandMax":4,"Value":405},{"Length":95,"Height":74,"Demand":0,"DemandMax":4,"Value":7030},{"Length":31,"Height":93,"Demand":0,"DemandMax":4,"Value":5766},{"Length":22,"Height":87,"Demand":0,"DemandMax":4,"Value":3828},{"Length":40,"Height":15,"Demand":0,"DemandMax":4,"Value":600},{"Length":15,"Height":33,"Demand":0,"DemandMax":4,"Value":1485},{"Length":38,"Height":82,"Demand":0,"DemandMax":4,"Value":6232},{"Length":32,"Height":28,"Demand":0,"DemandMax":4,"Value":896},{"Length":18,"Height":94,"Demand":0,"DemandMax":4,"Value":1692},{"Length":25,"Height":45,"Demand":0,"DemandMax":4,"Value":2250},{"Length":35,"Height":30,"Demand":0,"DemandMax":4,"Value":2100},{"Length":38,"Height":4,"Demand":0,"DemandMax":4,"Value":456},{"Length":15,"Height":28,"Demand":0,"DemandMax":4,"Value":420},{"Length":11,"Height":26,"Demand":0,"DemandMax":4,"Value":858},{"Length":82,"Height":52,"Demand":0,"DemandMax":4,"Value":4264},{"Length":14,"Height":19,"Demand":0,"DemandMax":4,"Value":532},{"Length":15,"Height":15,"Demand":0,"DemandMax":4,"Value":675},{"Length":77,"Height":5,"Demand":0,"DemandMax":4,"Value":385},{"Length":59,"Height":93,"Demand":0,"DemandMax":4,"Value":16461},{"Length":98,"Height":2,"Demand":0,"DemandMax":4,"Value":196},{"Length":35,"Height":42,"Demand":0,"DemandMax":4,"Value":4410},{"Length":44,"Height":26,"Demand":0,"DemandMax":4,"Value":1144},{"Length":13,"Height":3,"Demand":0,"DemandMax":4,"Value":117},{"Length":82,"Height":71,"Demand":0,"DemandMax":4,"Value":11644},{"Length":42,"Height":16,"Demand":0,"DemandMax":4,"Value":672},{"Length":36,"Height":13,"Demand":0,"DemandMax":4,"Value":936},{"Length":8,"Height":8,"Demand":0,"DemandMax":4,"Value":64},{"Length":40,"Height":18,"Demand":0,"DemandMax":4,"Value":2160},{"Length":4,"Height":18,"Demand":0,"DemandMax":4,"Value":72},{"Length":99,"Height":7,"Demand":0,"DemandMax":4,"Value":1386},{"Length":86,"Height":36,"Demand":0,"DemandMax":4,"Value":9288},{"Length":22,"Height":40,"Demand":0,"DemandMax":4,"Value":2640},{"Length":29,"Height":34,"Demand":0,"DemandMax":4,"Value":986},{"Length":20,"Height":3,"Demand":0,"DemandMax":4,"Value":120},{"Length":39,"Height":18,"Demand":0,"DemandMax":4,"Value":1404},{"Length":28,"Height":15,"Demand":0,"DemandMax":4,"Value":840},{"Length":46,"Height":10,"Demand":0,"DemandMax":4,"Value":1380},{"Length":91,"Height":80,"Demand":0,"DemandMax":4,"Value":21840},{"Length":19,"Height":24,"Demand":0,"DemandMax":4,"Value":1368},{"Length":46,"Height":19,"Demand":0,"DemandMax":4,"Value":874},{"Length":85,"Height":30,"Demand":0,"DemandMax":4,"Value":2550},{"Length":81,"Height":13,"Demand":0,"DemandMax":4,"Value":2106},{"Length":80,"Height":15,"Demand":0,"DemandMax":4,"Value":3600},{"Length":20,"Height":89,"Demand":0,"DemandMax":4,"Value":5340},{"Length":59,"Height":81,"Demand":0,"DemandMax":4,"Value":4779},{"Length":32,"Height":96,"Demand":0,"DemandMax":4,"Value":6144},{"Length":6,"Height":46,"Demand":0,"DemandMax":4,"Value":552},{"Length":38,"Height":91,"Demand":0,"DemandMax":4,"Value":6916},{"Length":19,"Height":91,"Demand":0,"DemandMax":4,"Value":3458},{"Length":18,"Height":38,"Demand":0,"DemandMax":4,"Value":684},{"Length":10,"Height":30,"Demand":0,"DemandMax":4,"Value":900},{"Length":42,"Height":30,"Demand":0,"DemandMax":4,"Value":2520},{"Length":91,"Height":17,"Demand":0,"DemandMax":4,"Value":4641},{"Length":11,"Height":14,"Demand":0,"DemandMax":4,"Value":154},{"Length":25,"Height":80,"Demand":0,"DemandMax":4,"Value":6000},{"Length":63,"Height":74,"Demand":0,"DemandMax":4,"Value":13986},{"Length":39,"Height":5,"Demand":0,"DemandMax":4,"Value":195},{"Length":5,"Height":22,"Demand":0,"DemandMax":4,"Value":110},{"Length":40,"Height":99,"Demand":0,"DemandMax":4,"Value":3960},{"Length":38,"Height":8,"Demand":0,"DemandMax":4,"Value":912},{"Length":28,"Height":3,"Demand":0,"DemandMax":4,"Value":252},{"Length":61,"Height":84,"Demand":0,"DemandMax":4,"Value":5124},{"Length":39,"Height":43,"Demand":0,"DemandMax":4,"Value":1677},{"Length":21,"Height":48,"Demand":0,"DemandMax":4,"Value":3024},{"Length":30,"Height":49,"Demand":0,"DemandMax":4,"Value":4410},{"Length":23,"Height":42,"Demand":0,"DemandMax":4,"Value":2898},{"Length":40,"Height":16,"Demand":0,"DemandMax":4,"Value":1280},{"Length":99,"Height":24,"Demand":0,"DemandMax":4,"Value":2376},{"Length":31,"Height":5,"Demand":0,"DemandMax":4,"Value":465},{"Length":92,"Height":32,"Demand":0,"DemandMax":4,"Value":8832},{"Length":85,"Height":35,"Demand":0,"DemandMax":4,"Value":2975},{"Length":29,"Height":35,"Demand":0,"DemandMax":4,"Value":2030},{"Length":71,"Height":89,"Demand":0,"DemandMax":4,"Value":6319},{"Length":23,"Height":23,"Demand":0,"DemandMax":4,"Value":1058},{"Length":11,"Height":9,"Demand":0,"DemandMax":4,"Value":297},{"Length":48,"Height":39,"Demand":0,"DemandMax":4,"Value":1872},{"Length":10,"Height":16,"Demand":0,"DemandMax":4,"Value":160},{"Length":82,"Height":22,"Demand":0,"DemandMax":4,"Value":1804},{"Length":13,"Height":29,"Demand":0,"DemandMax":4,"Value":377},{"Length":94,"Height":50,"Demand":0,"DemandMax":4,"Value":14100},{"Length":20,"Height":35,"Demand":0,"DemandMax":4,"Value":2100},{"Length":17,"Height":3,"Demand":0,"DemandMax":4,"Value":153},{"Length":35,"Height":43,"Demand":0,"DemandMax":4,"Value":1505},{"Length":50,"Height":7,"Demand":0,"DemandMax":4,"Value":350},{"Length":80,"Height":45,"Demand":0,"DemandMax":4,"Value":10800},{"Length":23,"Height":38,"Demand":0,"DemandMax":4,"Value":2622},{"Length":46,"Height":3,"Demand":0,"DemandMax":4,"Value":276},{"Length":31,"Height":29,"Demand":0,"DemandMax":4,"Value":1798},{"Length":38,"Height":48,"Demand":0,"DemandMax":4,"Value":3648},{"Length":19,"Height":42,"Demand":0,"DemandMax":4,"Value":2394},{"Length":25,"Height":47,"Demand":0,"DemandMax":4,"Value":3525},{"Length":59,"Height":94,"Demand":0,"DemandMax":4,"Value":16638},{"Length":50,"Height":87,"Demand":0,"DemandMax":4,"Value":13050},{"Length":5,"Height":3,"Demand":0,"DemandMax":4,"Value":30},{"Length":36,"Height":95,"Demand":0,"DemandMax":4,"Value":10260},{"Length":80,"Height":16,"Demand":0,"DemandMax":4,"Value":3840},{"Length":29,"Height":8,"Demand":0,"DemandMax":4,"Value":232},{"Length":16,"Height":8,"Demand":0,"DemandMax":4,"Value":384},{"Length":89,"Height":39,"Demand":0,"DemandMax":4,"Value":6942},{"Length":93,"Height":48,"Demand":0,"DemandMax":4,"Value":13392},{"Length":95,"Height":50,"Demand":0,"DemandMax":4,"Value":9500},{"Length":85,"Height":49,"Demand":0,"DemandMax":4,"Value":4165},{"Length":14,"Height":44,"Demand":0,"DemandMax":4,"Value":1232},{"Length":5,"Height":40,"Demand":0,"DemandMax":4,"Value":200},{"Length":79,"Height":5,"Demand":0,"DemandMax":4,"Value":395},{"Length":39,"Height":22,"Demand":0,"DemandMax":4,"Value":858},{"Length":18,"Height":83,"Demand":0,"DemandMax":4,"Value":2988},{"Length":81,"Height":42,"Demand":0,"DemandMax":4,"Value":6804},{"Length":36,"Height":12,"Demand":0,"DemandMax":4,"Value":864},{"Length":35,"Height":31,"Demand":0,"DemandMax":4,"Value":3255},{"Length":16,"Height":18,"Demand":0,"DemandMax":4,"Value":864},{"Length":92,"Height":42,"Demand":0,"DemandMax":4,"Value":3864},{"Length":32,"Height":37,"Demand":0,"DemandMax":4,"Value":2368},{"Length":41,"Height":42,"Demand":0,"DemandMax":4,"Value":1722},{"Length":44,"Height":8,"Demand":0,"DemandMax":4,"Value":1056},{"Length":47,"Height":13,"Demand":0,"DemandMax":4,"Value":611},{"Length":95,"Height":6,"Demand":0,"DemandMax":4,"Value":1140},{"Length":48,"Height":6,"Demand":0,"DemandMax":4,"Value":288},{"Length":4,"Height":83,"Demand":0,"DemandMax":4,"Value":332},{"Length":46,"Height":88,"Demand":0,"DemandMax":4,"Value":8096},{"Length":35,"Height":12,"Demand":0,"DemandMax":4,"Value":840},{"Length":42,"Height":40,"Demand":0,"DemandMax":4,"Value":5040},{"Length":20,"Height":35,"Demand":0,"DemandMax":4,"Value":1400},{"Length":29,"Height":39,"Demand":0,"DemandMax":4,"Value":1131},{"Length":95,"Height":28,"Demand":0,"DemandMax":4,"Value":5320},{"Length":57,"Height":85,"Demand":0,"DemandMax":4,"Value":4845},{"Length":94,"Height":77,"Demand":0,"DemandMax":4,"Value":14476},{"Length":22,"Height":93,"Demand":0,"DemandMax":4,"Value":6138},{"Length":26,"Height":35,"Demand":0,"DemandMax":4,"Value":1820},{"Length":19,"Height":76,"Demand":0,"DemandMax":4,"Value":2888},{"Length":21,"Height":9,"Demand":0,"DemandMax":4,"Value":567},{"Length":56,"Height":60,"Demand":0,"DemandMax":4,"Value":6720},{"Length":91,"Height":27,"Demand":0,"DemandMax":4,"Value":7371},{"Length":33,"Height":31,"Demand":0,"DemandMax":4,"Value":1023},{"Length":44,"Height":47,"Demand":0,"DemandMax":4,"Value":6204},{"Length":98,"Height":4,"Demand":0,"DemandMax":4,"Value":392},{"Length":99,"Height":21,"Demand":0,"DemandMax":4,"Value":4158},{"Length":97,"Height":20,"Demand":0,"DemandMax":4,"Value":5820},{"Length":48,"Height":26,"Demand":0,"DemandMax":4,"Value":1248},{"Length":4,"Height":11,"Demand":0,"DemandMax":4,"Value":88},{"Length":33,"Height":42,"Demand":0,"DemandMax":4,"Value":1386},{"Length":8,"Height":22,"Demand":0,"DemandMax":4,"Value":352},{"Length":45,"Height":20,"Demand":0,"DemandMax":4,"Value":2700},{"Length":8,"Height":82,"Demand":0,"DemandMax":4,"Value":656},{"Length":93,"Height":68,"Demand":0,"DemandMax":4,"Value":6324},{"Length":48,"Height":41,"Demand":0,"DemandMax":4,"Value":1968},{"Length":5,"Height":94,"Demand":0,"DemandMax":4,"Value":470},{"Length":3,"Height":20,"Demand":0,"DemandMax":4,"Value":120},{"Length":4,"Height":23,"Demand":0,"DemandMax":4,"Value":184},{"Length":32,"Height":43,"Demand":0,"DemandMax":4,"Value":2752},{"Length":19,"Height":10,"Demand":0,"DemandMax":4,"Value":570},{"Length":50,"Height":35,"Demand":0,"DemandMax":4,"Value":3500},{"Length":100,"Height":69,"Demand":0,"DemandMax":4,"Value":6900},{"Length":50,"Height":8,"Demand":0,"DemandMax":4,"Value":400},{"Length":60,"Height":87,"Demand":0,"DemandMax":4,"Value":5220},{"Length":99,"Height":34,"Demand":0,"DemandMax":4,"Value":3366},{"Length":59,"Height":64,"Demand":0,"DemandMax":4,"Value":11328},{"Length":10,"Height":18,"Demand":0,"DemandMax":4,"Value":180},{"Length":44,"Height":82,"Demand":0,"DemandMax":4,"Value":10824},{"Length":2,"Height":30,"Demand":0,"DemandMax":4,"Value":120},{"Length":91,"Height":62,"Demand":0,"DemandMax":4,"Value":5642},{"Length":79,"Height":96,"Demand":0,"DemandMax":4,"Value":15168},{"Length":23,"Height":7,"Demand":0,"DemandMax":4,"Value":483},{"Length":63,"Height":98,"Demand":0,"DemandMax":4,"Value":6174},{"Length":72,"Height":84,"Demand":0,"DemandMax":4,"Value":6048},{"Length":30,"Height":10,"Demand":0,"DemandMax":4,"Value":300},{"Length":28,"Height":4,"Demand":0,"DemandMax":4,"Value":336},{"Length":19,"Height":5,"Demand":0,"DemandMax":4,"Value":285},{"Length":34,"Height":25,"Demand":0,"DemandMax":4,"Value":2550},{"Length":93,"Height":38,"Demand":0,"DemandMax":4,"Value":10602},{"Length":31,"Height":30,"Demand":0,"DemandMax":4,"Value":1860},{"Length":28,"Height":22,"Demand":0,"DemandMax":4,"Value":1848},{"Length":50,"Height":39,"Demand":0,"DemandMax":4,"Value":1950},{"Length":38,"Height":49,"Demand":0,"DemandMax":4,"Value":5586},{"Length":33,"Height":32,"Demand":0,"DemandMax":4,"Value":2112},{"Length":38,"Height":16,"Demand":0,"DemandMax":4,"Value":1824},{"Length":79,"Height":28,"Demand":0,"DemandMax":4,"Value":2212},{"Length":10,"Height":6,"Demand":0,"DemandMax":4,"Value":120},{"Length":88,"Height":34,"Demand":0,"DemandMax":4,"Value":8976},{"Length":38,"Height":30,"Demand":0,"DemandMax":4,"Value":2280},{"Length":99,"Height":48,"Demand":0,"DemandMax":4,"Value":9504},{"Length":90,"Height":31,"Demand":0,"DemandMax":4,"Value":8370},{"Length":45,"Height":94,"Demand":0,"DemandMax":4,"Value":8460},{"Length":85,"Height":10,"Demand":0,"DemandMax":4,"Value":850},{"Length":22,"Height":24,"Demand":0,"DemandMax":4,"Value":1584},{"Length":31,"Height":11,"Demand":0,"DemandMax":4,"Value":1023},{"Length":5,"Height":44,"Demand":0,"DemandMax":4,"Value":440},{"Length":94,"Height":39,"Demand":0,"DemandMax":4,"Value":7332},{"Length":80,"Height":11,"Demand":0,"DemandMax":4,"Value":880},{"Length":95,"Height":44,"Demand":0,"DemandMax":4,"Value":8360},{"Length":50,"Height":49,"Demand":0,"DemandMax":8,"Value":2450},{"Length":79,"Height":50,"Demand":0,"DemandMax":4,"Value":3950},{"Length":11,"Height":39,"Demand":0,"DemandMax":4,"Value":429},{"Length":85,"Height":11,"Demand":0,"DemandMax":4,"Value":935},{"Length":88,"Height":4,"Demand":0,"DemandMax":4,"Value":704},{"Length":45,"Height":44,"Demand":0,"DemandMax":4,"Value":5940},{"Length":5,"Height":11,"Demand":0,"DemandMax":4,"Value":110},{"Length":27,"Height":6,"Demand":0,"DemandMax":4,"Value":486},{"Length":19,"Height":7,"Demand":0,"DemandMax":4,"Value":133},{"Length":20,"Height":79,"Demand":0,"DemandMax":4,"Value":4740},{"Length":42,"Height":24,"Demand":0,"DemandMax":4,"Value":3024},{"Length":21,"Height":24,"Demand":0,"DemandMax":4,"Value":504},{"Length":33,"Height":91,"Demand":0,"DemandMax":4,"Value":3003},{"Length":30,"Height":23,"Demand":0,"DemandMax":4,"Value":690},{"Length":41,"Height":50,"Demand":0,"DemandMax":4,"Value":6150},{"Length":12,"Height":23,"Demand":0,"DemandMax":4,"Value":552},{"Length":29,"Height":84,"Demand":0,"DemandMax":4,"Value":2436},{"Length":11,"Height":88,"Demand":0,"DemandMax":4,"Value":2904},{"Length":19,"Height":30,"Demand":0,"DemandMax":4,"Value":1710},{"Length":19,"Height":44,"Demand":0,"DemandMax":4,"Value":836},{"Length":45,"Height":18,"Demand":0,"DemandMax":4,"Value":1620},{"Length":79,"Height":80,"Demand":0,"DemandMax":4,"Value":18960},{"Length":62,"Height":95,"Demand":0,"DemandMax":4,"Value":5890},{"Length":35,"Height":36,"Demand":0,"DemandMax":4,"Value":2520},{"Length":88,"Height":93,"Demand":0,"DemandMax":4,"Value":24552},{"Length":82,"Height":90,"Demand":0,"DemandMax":4,"Value":14760},{"Length":95,"Height":5,"Demand":0,"DemandMax":4,"Value":950},{"Length":82,"Height":100,"Demand":0,"DemandMax":4,"Value":24600},{"Length":45,"Height":31,"Demand":0,"DemandMax":4,"Value":2790},{"Length":72,"Height":61,"Demand":0,"DemandMax":4,"Value":13176},{"Length":19,"Height":27,"Demand":0,"DemandMax":4,"Value":513},{"Length":47,"Height":21,"Demand":0,"DemandMax":4,"Value":1974},{"Length":45,"Height":32,"Demand":0,"DemandMax":4,"Value":1440},{"Length":92,"Height":4,"Demand":0,"DemandMax":4,"Value":736},{"Length":42,"Height":31,"Demand":0,"DemandMax":4,"Value":2604},{"Length":99,"Height":80,"Demand":0,"DemandMax":4,"Value":15840},{"Length":77,"Height":17,"Demand":0,"DemandMax":4,"Value":3927},{"Length":6,"Height":31,"Demand":0,"DemandMax":4,"Value":558},{"Length":26,"Height":16,"Demand":0,"DemandMax":4,"Value":832},{"Length":23,"Height":39,"Demand":0,"DemandMax":4,"Value":897},{"Length":30,"Height":2,"Demand":0,"DemandMax":4,"Value":60},{"Length":31,"Height":47,"Demand":0,"DemandMax":4,"Value":4371},{"Length":3,"Height":15,"Demand":0,"DemandMax":4,"Value":45},{"Length":50,"Height":3,"Demand":0,"DemandMax":4,"Value":300},{"Length":97,"Height":30,"Demand":0,"DemandMax":4,"Value":5820},{"Length":82,"Height":42,"Demand":0,"DemandMax":4,"Value":6888},{"Length":83,"Height":7,"Demand":0,"DemandMax":4,"Value":1743},{"Length":4,"Height":92,"Demand":0,"DemandMax":4,"Value":368},{"Length":14,"Height":11,"Demand":0,"DemandMax":4,"Value":154},{"Length":8,"Height":88,"Demand":0,"DemandMax":4,"Value":2112},{"Length":48,"Height":94,"Demand":0,"DemandMax":4,"Value":13536},{"Length":85,"Height":28,"Demand":0,"DemandMax":4,"Value":7140},{"Length":5,"Height":29,"Demand":0,"DemandMax":4,"Value":435},{"Length":42,"Height":36,"Demand":0,"DemandMax":4,"Value":4536},{"Length":25,"Height":97,"Demand":0,"DemandMax":4,"Value":4850},{"Length":16,"Height":50,"Demand":0,"DemandMax":4,"Value":800},{"Length":96,"Height":15,"Demand":0,"DemandMax":4,"Value":1440},{"Length":47,"Height":32,"Demand":0,"DemandMax":4,"Value":4512},{"Length":43,"Height":95,"Demand":0,"DemandMax":4,"Value":12255},{"Length":38,"Height":21,"Demand":0,"DemandMax":4,"Value":798},{"Length":31,"Height":22,"Demand":0,"DemandMax":4,"Value":2046},{"Length":33,"Height":18,"Demand":0,"DemandMax":4,"Value":1188},{"Length":11,"Height":26,"Demand":0,"DemandMax":4,"Value":572},{"Length":94,"Height":12,"Demand":0,"DemandMax":4,"Value":2256},{"Length":21,"Height":41,"Demand":0,"DemandMax":4,"Value":2583},{"Length":29,"Height":23,"Demand":0,"DemandMax":4,"Value":2001},{"Length":48,"Height":36,"Demand":0,"DemandMax":4,"Value":5184},{"Length":48,"Height":47,"Demand":0,"DemandMax":4,"Value":2256},{"Length":11,"Height":16,"Demand":0,"DemandMax":4,"Value":176},{"Length":67,"Height":94,"Demand":0,"DemandMax":4,"Value":18894},{"Length":97,"Height":3,"Demand":0,"DemandMax":4,"Value":873},{"Length":27,"Height":28,"Demand":0,"DemandMax":4,"Value":756},{"Length":31,"Height":13,"Demand":0,"DemandMax":4,"Value":403},{"Length":98,"Height":64,"Demand":0,"DemandMax":4,"Value":12544},{"Length":80,"Height":84,"Demand":0,"DemandMax":4,"Value":20160},{"Length":23,"Height":26,"Demand":0,"DemandMax":4,"Value":1196},{"Length":5,"Height":2,"Demand":0,"DemandMax":4,"Value":20},{"Length":20,"Height":11,"Demand":0,"DemandMax":4,"Value":220},{"Length":16,"Height":46,"Demand":0,"DemandMax":4,"Value":2208},{"Length":30,"Height":23,"Demand":0,"DemandMax":4,"Value":1380},{"Length":100,"Height":40,"Demand":0,"DemandMax":4,"Value":8000},{"Length":68,"Height":87,"Demand":0,"DemandMax":4,"Value":17748},{"Length":44,"Height":39,"Demand":0,"DemandMax":4,"Value":5148},{"Length":74,"Height":54,"Demand":0,"DemandMax":4,"Value":3996},{"Length":46,"Height":19,"Demand":0,"DemandMax":4,"Value":1748},{"Length":40,"Height":48,"Demand":0,"DemandMax":4,"Value":3840},{"Length":4,"Height":98,"Demand":0,"DemandMax":4,"Value":392},{"Length":71,"Height":85,"Demand":0,"DemandMax":4,"Value":18105},{"Length":13,"Height":10,"Demand":0,"DemandMax":4,"Value":130}]}