{"Name":"ngcutfs2_157","Objects":[{"Length":100,"Height":100,"Stock":null,"Cost":10000}],"Items":[{"Length":27,"Height":8,"Demand":0,"DemandMax":1,"Value":216},{"Length":60,"Height":82,"Demand":0,"DemandMax":1,"Value":14760},{"Length":42,"Height":26,"Demand":0,"DemandMax":1,"Value":2184},{"Length":7,"Height":92,"Demand":0,"DemandMax":1,"Value":1288},{"Length":78,"Height":11,"Demand":0,"DemandMax":1,"Value":858},{"Length":84,"Height":77,"Demand":0,"DemandMax":1,"Value":19404},{"Length":25,"Height":22,"Demand":0,"DemandMax":1,"Value":1650},{"Length":78,"Height":3,"Demand":0,"DemandMax":1,"Value":702},{"Length":12,"Height":48,"Demand":0,"DemandMax":1,"Value":576},{"Length":78,"Height":6,"Demand":0,"DemandMax":1,"Value":936},{"Length":38,"Height":86,"Demand":0,"DemandMax":1,"Value":9804},{"Length":23,"Height":44,"Demand":0,"DemandMax":1,"Value":1012},{"Length":35,"Height":6,"Demand":0,"DemandMax":1,"Value":630},{"Length":44,"Height":15,"Demand":0,"DemandMax":1,"Value":1320},{"Length":100,"Height":18,"Demand":0,"DemandMax":1,"Value":5400},{"Length":15,"Height":7,"Demand":0,"DemandMax":1,"Value":105},{"Length":24,"Height":30,"Demand":0,"DemandMax":1,"Value":1440},{"Length":30,"Height":40,"Demand":0,"DemandMax":1,"Value":3600},{"Length":76,"Height":63,"Demand":0,"DemandMax":1,"Value":14364},{"Length":23,"Height":2,"Demand":0,"DemandMax":1,"Value":138},{"Length":26,"Height":23,"Demand":0,"DemandMax":1,"Value":1794},{"Length":49,"Height":47,"Demand":0,"DemandMax":1,"Value":6909},{"Length":26,"Height":18,"Demand":0,"DemandMax":1,"Value":468},{"Length":25,"Height":30,"Demand":0,"DemandMax":1,"Value":2250},{"Length":35,"Height":14,"Demand":0,"DemandMax":1,"Value":980},{"Length":69,"Height":89,"Demand":0,"DemandMax":1,"Value":12282},{"Length":22,"Height":2,"Demand":0,"DemandMax":1,"Value":88},{"Length":49,"Height":34,"Demand":0,"DemandMax":1,"Value":1666},{"Length":41,"Height":48,"Demand":0,"DemandMax":1,"Value":1968},{"Length":26,"Height":6,"Demand":0,"DemandMax":1,"Value":312},{"Length":49,"Height":12,"Demand":0,"DemandMax":1,"Value":1176},{"Length":35,"Height":97,"Demand":0,"DemandMax":1,"Value":3395},{"Length":33,"Height":47,"Demand":0,"DemandMax":1,"Value":3102},{"Length":48,"Height":91,"Demand":0,"DemandMax":1,"Value":8736},{"Length":42,"Height":8,"Demand":0,"DemandMax":1,"Value":336},{"Length":79,"Height":45,"Demand":0,"DemandMax":1,"Value":3555},{"Length":24,"Height":19,"Demand":0,"DemandMax":1,"Value":912},{"Length":6,"Height":85,"Demand":0,"DemandMax":1,"Value":1020},{"Length":4,"Height":38,"Demand":0,"DemandMax":1,"Value":152},{"Length":8,"Height":37,"Demand":0,"DemandMax":1,"Value":888},{"Length":26,"Height":38,"Demand":0,"DemandMax":1,"Value":1976},{"Length":38,"Height":4,"Demand":0,"DemandMax":1,"Value":456},{"Length":34,"Height":3,"Demand":0,"DemandMax":1,"Value":204},{"Length":31,"Height":84,"Demand":0,"DemandMax":1,"Value":5208},{"Length":23,"Height":33,"Demand":0,"DemandMax":1,"Value":1518},{"Length":42,"Height":25,"Demand":0,"DemandMax":1,"Value":2100},{"Length":4,"Height":10,"Demand":0,"DemandMax":1,"Value":80},{"Length":34,"Height":36,"Demand":0,"DemandMax":1,"Value":1224},{"Length":41,"Height":10,"Demand":0,"DemandMax":1,"Value":820},{"Length":30,"Height":47,"Demand":0,"DemandMax":1,"Value":2820},{"Length":86,"Height":20,"Demand":0,"DemandMax":1,"Value":1720},{"Length":19,"Height":87,"Demand":0,"DemandMax":1,"Value":3306},{"Length":46,"Height":84,"Demand":0,"DemandMax":1,"Value":3864},{"Length":83,"Height":93,"Demand":0,"DemandMax":1,"Value":7719},{"Length":77,"Height":27,"Demand":0,"DemandMax":1,"Value":6237},{"Length":16,"Height":84,"Demand":0,"DemandMax":1,"Value":4032},{"Length":5,"Height":49,"Demand":0,"DemandMax":1,"Value":245},{"Length":54,"Height":91,"Demand":0,"DemandMax":1,"Value":4914},{"Length":88,"Height":87,"Demand":0,"DemandMax":1,"Value":15312},{"Length":19,"Height":47,"Demand":0,"DemandMax":1,"Value":1786},{"Length":47,"Height":31,"Demand":0,"DemandMax":1,"Value":2914},{"Length":47,"Height":38,"Demand":0,"DemandMax":1,"Value":5358},{"Length":21,"Height":24,"Demand":0,"DemandMax":1,"Value":1512},{"Length":78,"Height":12,"Demand":0,"DemandMax":1,"Value":1872},{"Length":99,"Height":50,"Demand":0,"DemandMax":1,"Value":4950},{"Length":76,"Height":5,"Demand":0,"DemandMax":1,"Value":380},{"Length":41,"Height":47,"Demand":0,"DemandMax":1,"Value":1927},{"Length":15,"Height":33,"Demand":0,"DemandMax":1,"Value":1485},{"Length":10,"Height":10,"Demand":0,"DemandMax":1,"Value":100},{"Length":8,"Height":20,"Demand":0,"DemandMax":1,"Value":160},{"Length":90,"Height":18,"Demand":0,"DemandMax":1,"Value":1620},{"Length":47,"Height":13,"Demand":0,"DemandMax":1,"Value":611},{"Length":2,"Height":16,"Demand":0,"DemandMax":1,"Value":32},{"Length":19,"Height":11,"Demand":0,"DemandMax":1,"Value":418},{"Length":7,"Height":4,"Demand":0,"DemandMax":1,"Value":84},{"Length":28,"Height":48,"Demand":0,"DemandMax":1,"Value":4032},{"Length":63,"Height":89,"Demand":0,"DemandMax":1,"Value":11214},{"Length":88,"Height":22,"Demand":0,"DemandMax":1,"Value":3872},{"Length":47,"Height":23,"Demand":0,"DemandMax":1,"Value":1081},{"Length":93,"Height":24,"Demand":0,"DemandMax":1,"Value":2232},{"Length":18,"Height":96,"Demand":0,"DemandMax":1,"Value":5184},{"Length":40,"Height":91,"Demand":0,"DemandMax":1,"Value":7280},{"Length":45,"Height":10,"Demand":0,"DemandMax":1,"Value":900},{"Length":22,"Height":13,"Demand":0,"DemandMax":1,"Value":858},{"Length":83,"Height":27,"Demand":0,"DemandMax":1,"Value":6723},{"Length":95,"Height":61,"Demand":0,"DemandMax":1,"Value":11590},{"Length":98,"Height":9,"Demand":0,"DemandMax":1,"Value":2646},{"Length":2,"Height":28,"Demand":0,"DemandMax":1,"Value":112},{"Length":7,"Height":6,"Demand":0,"DemandMax":1,"Value":126},{"Length":15,"Height":12,"Demand":0,"DemandMax":1,"Value":360},{"Length":51,"Height":54,"Demand":0,"DemandMax":1,"Value":5508},{"Length":19,"Height":3,"Demand":0,"DemandMax":1,"Value":114},{"Length":32,"Height":27,"Demand":0,"DemandMax":1,"Value":1728},{"Length":78,"Height":27,"Demand":0,"DemandMax":1,"Value":6318},{"Length":31,"Height":6,"Demand":0,"DemandMax":1,"Value":186},{"Length":35,"Height":91,"Demand":0,"DemandMax":1,"Value":6370},{"Length":11,"Height":28,"Demand":0,"DemandMax":1,"Value":616},{"Length":9,"Height":34,"Demand":0,"DemandMax":2,"Value":918},{"Length":99,"Height":85,"Demand":0,"DemandMax":1,"Value":8415},{"Length":87,"Height":23,"Demand":0,"DemandMax":2,"Value":6003},{"Length":29,"Height":8,"Demand":0,"DemandMax":1,"Value":464},{"Length":43,"Height":41,"Demand":0,"DemandMax":1,"Value":3526},{"Length":41,"Height":100,"Demand":0,"DemandMax":1,"Value":12300},{"Length":37,"Height":46,"Demand":0,"DemandMax":1,"Value":3404},{"Length":39,"Height":79,"Demand":0,"DemandMax":1,"Value":9243},{"Length":33,"Height":8,"Demand":0,"DemandMax":1,"Value":528},{"Length":26,"Height":34,"Demand":0,"DemandMax":1,"Value":1768},{"Length":81,"Height":81,"Demand":0,"DemandMax":1,"Value":13122},{"Length":12,"Height":83,"Demand":0,"DemandMax":1,"Value":1992},{"Length":92,"Height":91,"Demand":0,"DemandMax":1,"Value":25116},{"Length":16,"Height":8,"Demand":0,"DemandMax":1,"Value":256},{"Length":14,"Height":15,"Demand":0,"DemandMax":1,"Value":420},{"Length":40,"Height":48,"Demand":0,"DemandMax":1,"Value":3840},{"Length":34,"Height":21,"Demand":0,"DemandMax":1,"Value":714},{"Length":12,"Height":10,"Demand":0,"DemandMax":1,"Value":240},{"Length":97,"Height":48,"Demand":0,"DemandMax":1,"Value":9312},{"Length":28,"Height":93,"Demand":0,"DemandMax":1,"Value":2604},{"Length":86,"Height":54,"Demand":0,"DemandMax":1,"Value":13932},{"Length":53,"Height":97,"Demand":0,"DemandMax":1,"Value":5141},{"Length":44,"Height":96,"Demand":0,"DemandMax":1,"Value":8448},{"Length":41,"Height":84,"Demand":0,"DemandMax":1,"Value":10332},{"Length":21,"Height":9,"Demand":0,"DemandMax":1,"Value":189},{"Length":78,"Height":25,"Demand":0,"DemandMax":1,"Value":5850},{"Length":26,"Height":88,"Demand":0,"DemandMax":1,"Value":6864},{"Length":50,"Height":85,"Demand":0,"DemandMax":1,"Value":12750},{"Length":85,"Height":97,"Demand":0,"DemandMax":1,"Value":16490},{"Length":27,"Height":100,"Demand":0,"DemandMax":1,"Value":8100},{"Length":47,"Height":49,"Demand":0,"DemandMax":1,"Value":6909},{"Length":39,"Height":15,"Demand":0,"DemandMax":1,"Value":1170},{"Length":93,"Height":67,"Demand":0,"DemandMax":1,"Value":6231},{"Length":36,"Height":21,"Demand":0,"DemandMax":1,"Value":756},{"Length":10,"Height":21,"Demand":0,"DemandMax":1,"Value":420},{"Length":44,"Height":48,"Demand":0,"DemandMax":1,"Value":2112},{"Length":34,"Height":22,"Demand":0,"DemandMax":1,"Value":2244},{"Length":33,"Height":23,"Demand":0,"DemandMax":1,"Value":2277},{"Length":40,"Height":43,"Demand":0,"DemandMax":1,"Value":5160},{"Length":96,"Height":79,"Demand":0,"DemandMax":1,"Value":7584},{"Length":87,"Height":18,"Demand":0,"DemandMax":1,"Value":3132},{"Length":32,"Height":13,"Demand":0,"DemandMax":1,"Value":832},{"Length":68,"Height":64,"Demand":0,"DemandMax":1,"Value":4352},{"Length":30,"Height":28,"Demand":0,"DemandMax":1,"Value":2520},{"Length":23,"Height":18,"Demand":0,"DemandMax":1,"Value":414},{"Length":31,"Height":50,"Demand":0,"DemandMax":1,"Value":3100},{"Length":2,"Height":10,"Demand":0,"DemandMax":1,"Value":40},{"Length":7,"Height":19,"Demand":0,"DemandMax":1,"Value":399},{"Length":29,"Height":37,"Demand":0,"DemandMax":1,"Value":3219},{"Length":28,"Height":42,"Demand":0,"DemandMax":1,"Value":2352},{"Length":23,"Height":94,"Demand":0,"DemandMax":1,"Value":2162},{"Length":8,"Height":30,"Demand":0,"DemandMax":1,"Value":480},{"Length":50,"Height":94,"Demand":0,"DemandMax":1,"Value":14100},{"Length":80,"Height":58,"Demand":0,"DemandMax":1,"Value":9280},{"Length":11,"Height":85,"Demand":0,"DemandMax":1,"Value":935},{"Length":5,"Height":80,"Demand":0,"DemandMax":1,"Value":400},{"Length":17,"Height":96,"Demand":0,"DemandMax":1,"Value":1632},{"Length":42,"Height":19,"Demand":0,"DemandMax":1,"Value":2394},{"Length":8,"Height":77,"Demand":0,"DemandMax":1,"Value":616},{"Length":38,"Height":48,"Demand":0,"DemandMax":1,"Value":5472},{"Length":66,"Height":66,"Demand":0,"DemandMax":1,"Value":4356},{"Length":28,"Height":6,"Demand":0,"DemandMax":1,"Value":168},{"Length":22,"Height":26,"Demand":0,"DemandMax":1,"Value":1144},{"Length":30,"Height":14,"Demand":0,"DemandMax":1,"Value":1260},{"Length":69,"Height":81,"Demand":0,"DemandMax":1,"Value":5589},{"Length":34,"Height":11,"Demand":0,"DemandMax":1,"Value":748},{"Length":21,"Height":41,"Demand":0,"DemandMax":1,"Value":2583},{"Length":13,"Height":27,"Demand":0,"DemandMax":1,"Value":702},{"Length":38,"Height":45,"Demand":0,"DemandMax":1,"Value":5130},{"Length":59,"Height":83,"Demand":0,"DemandMax":1,"Value":14691},{"Length":45,"Height":36,"Demand":0,"DemandMax":1,"Value":1620},{"Length":47,"Height":27,"Demand":0,"DemandMax":1,"Value":2538},{"Length":86,"Height":16,"Demand":0,"DemandMax":1,"Value":1376},{"Length":44,"Height":90,"Demand":0,"DemandMax":1,"Value":11880},{"Length":13,"Height":9,"Demand":0,"DemandMax":1,"Value":351},{"Length":21,"Height":29,"Demand":0,"DemandMax":1,"Value":1827},{"Length":44,"Height":36,"Demand":0,"DemandMax":1,"Value":1584},{"Length":46,"Height":35,"Demand":0,"DemandMax":1,"Value":3220},{"Length":61,"Height":82,"Demand":0,"DemandMax":1,"Value":10004},{"Length":95,"Height":48,"Demand":0,"DemandMax":1,"Value":4560},{"Length":27,"Height":29,"Demand":0,"DemandMax":1,"Value":2349},{"Length":32,"Height":50,"Demand":0,"DemandMax":1,"Value":1600},{"Length":27,"Height":76,"Demand":0,"DemandMax":1,"Value":2052},{"Length":100,"Height":80,"Demand":0,"DemandMax":1,"Value":16000},{"Length":42,"Height":33,"Demand":0,"DemandMax":1,"Value":2772},{"Length":63,"Height":97,"Demand":0,"DemandMax":1,"Value":12222},{"Length":90,"Height":24,"Demand":0,"DemandMax":1,"Value":2160},{"Length":11,"Height":80,"Demand":0,"DemandMax":1,"Value":1760},{"Length":23,"Height":7,"Demand":0,"DemandMax":1,"Value":483},{"Length":59,"Height":67,"Demand":0,"DemandMax":1,"Value":7906},{"Length":12,"Height":7,"Demand":0,"DemandMax":1,"Value":84},{"Length":63,"Height":89,"Demand":0,"DemandMax":1,"Value":16821},{"Length":78,"Height":47,"Demand":0,"DemandMax":1,"Value":7332},{"Length":18,"Height":10,"Demand":0,"DemandMax":1,"Value":180},{"Length":66,"Height":58,"Demand":0,"DemandMax":1,"Value":11484},{"Length":25,"Height":11,"Demand":0,"DemandMax":1,"Value":275},{"Length":32,"Height":23,"Demand":0,"DemandMax":1,"Value":1472},{"Length":82,"Height":54,"Demand":0,"DemandMax":1,"Value":13284},{"Length":43,"Height":25,"Demand":0,"DemandMax":1,"Value":1075},{"Length":7,"Height":76,"Demand":0,"DemandMax":1,"Value":532},{"Length":95,"Height":20,"Demand":0,"DemandMax":1,"Value":3800},{"Length":15,"Height":76,"Demand":0,"DemandMax":1,"Value":2280},{"Length":17,"Height":79,"Demand":0,"DemandMax":1,"Value":2686},{"Length":96,"Height":33,"Demand":0,"DemandMax":1,"Value":9504},{"Length":87,"Height":41,"Demand":0,"DemandMax":1,"Value":10701},{"Length":87,"Height":100,"Demand":0,"DemandMax":1,"Value":26100},{"Length":85,"Height":31,"Demand":0,"DemandMax":1,"Value":7905},{"Length":32,"Height":19,"Demand":0,"DemandMax":1,"Value":1216},{"Length":90,"Height":92,"Demand":0,"DemandMax":1,"Value":24840},{"Length":21,"Height":4,"Demand":0,"DemandMax":1,"Value":252},{"Length":48,"Height":31,"Demand":0,"DemandMax":1,"Value":4464},{"Length":20,"Height":10,"Demand":0,"DemandMax":1,"Value":400},{"Length":4,"Height":9,"Demand":0,"DemandMax":1,"Value":36},{"Length":97,"Height":38,"Demand":0,"DemandMax":1,"Value":11058},{"Length":38,"Height":20,"Demand":0,"DemandMax":1,"Value":1520},{"Length":45,"Height":98,"Demand":0,"DemandMax":1,"Value":8820},{"Length":28,"Height":17,"Demand":0,"DemandMax":1,"Value":952},{"Length":27,"Height":89,"Demand":0,"DemandMax":1,"Value":2403},{"Length":31,"Height":49,"Demand":0,"DemandMax":1,"Value":1519},{"Length":91,"Height":36,"Demand":0,"DemandMax":1,"Value":6552},{"Length":100,"Height":33,"Demand":0,"DemandMax":1,"Value":6600},{"Length":33,"Height":25,"Demand":0,"DemandMax":1,"Value":825},{"Length":98,"Height":47,"Demand":0,"DemandMax":1,"Value":4606},{"Length":44,"Height":28,"Demand":0,"DemandMax":1,"Value":2464},{"Length":98,"Height":94,"Demand":0,"DemandMax":1,"Value":9212},{"Length":5,"Height":8,"Demand":0,"DemandMax":1,"Value":120},{"Length":88,"Height":57,"Demand":0,"DemandMax":1,"Value":5016},{"Length":53,"Height":62,"Demand":0,"DemandMax":1,"Value":3286},{"Length":28,"Height":20,"Demand":0,"DemandMax":1,"Value":560},{"Length":23,"Height":16,"Demand":0,"DemandMax":2,"Value":1104},{"Length":40,"Height":31,"Demand":0,"DemandMax":1,"Value":3720},{"Length":88,"Height":14,"Demand":0,"DemandMax":1,"Value":3696},{"Length":3,"Height":92,"Demand":0,"DemandMax":1,"Value":828},{"Length":13,"Height":40,"Demand":0,"DemandMax":1,"Value":520},{"Length":29,"Height":100,"Demand":0,"DemandMax":1,"Value":8700},{"Length":77,"Height":26,"Demand":0,"DemandMax":1,"Value":4004},{"Length":29,"Height":16,"Demand":0,"DemandMax":1,"Value":928},{"Length":42,"Height":6,"Demand":0,"DemandMax":2,"Value":756},{"Length":48,"Height":30,"Demand":0,"DemandMax":1,"Value":2880},{"Length":64,"Height":73,"Demand":0,"DemandMax":1,"Value":14016},{"Length":14,"Height":36,"Demand":0,"DemandMax":1,"Value":504},{"Length":82,"Height":74,"Demand":0,"DemandMax":1,"Value":12136},{"Length":6,"Height":81,"Demand":0,"DemandMax":1,"Value":1458},{"Length":17,"Height":83,"Demand":0,"DemandMax":1,"Value":4233},{"Length":46,"Height":25,"Demand":0,"DemandMax":1,"Value":3450},{"Length":16,"Height":45,"Demand":0,"DemandMax":1,"Value":720},{"Length":85,"Height":17,"Demand":0,"DemandMax":1,"Value":4335},{"Length":31,"Height":6,"Demand":0,"DemandMax":1,"Value":372},{"Length":67,"Height":85,"Demand":0,"DemandMax":1,"Value":5695},{"Length":71,"Height":83,"Demand":0,"DemandMax":1,"Value":17679},{"Length":28,"Height":4,"Demand":0,"DemandMax":1,"Value":112},{"Length":15,"Height":78,"Demand":0,"DemandMax":1,"Value":2340},{"Length":82,"Height":13,"Demand":0,"DemandMax":1,"Value":3198},{"Length":44,"Height":3,"Demand":0,"DemandMax":1,"Value":396},{"Length":20,"Height":34,"Demand":0,"DemandMax":1,"Value":2040},{"Length":16,"Height":2,"Demand":0,"DemandMax":1,"Value":96},{"Length":17,"Height":2,"Demand":0,"DemandMax":1,"Value":68},{"Length":13,"Height":36,"Demand":0,"DemandMax":1,"Value":468},{"Length":29,"Height":11,"Demand":0,"DemandMax":1,"Value":319},{"Length":40,"Height":98,"Demand":0,"DemandMax":1,"Value":11760},{"Length":28,"Height":92,"Demand":0,"DemandMax":1,"Value":2576},{"Length":25,"Height":82,"Demand":0,"DemandMax":1,"Value":4100},{"Length":14,"Height":34,"Demand":0,"DemandMax":1,"Value":952},{"Length":90,"Height":34,"Demand":0,"DemandMax":1,"Value":6120},{"Length":92,"Height":12,"Demand":0,"DemandMax":1,"Value":2208},{"Length":79,"Height":41,"Demand":0,"DemandMax":1,"Value":9717},{"Length":12,"Height":99,"Demand":0,"DemandMax":1,"Value":3564},{"Length":67,"Height":85,"Demand":0,"DemandMax":1,"Value":17085},{"Length":42,"Height":9,"Demand":0,"DemandMax":1,"Value":1134},{"Length":46,"Height":47,"Demand":0,"DemandMax":1,"Value":4324},{"Length":2,"Height":42,"Demand":0,"DemandMax":1,"Value":84},{"Length":95,"Height":43,"Demand":0,"DemandMax":1,"Value":8170},{"Length":37,"Height":10,"Demand":0,"DemandMax":2,"Value":1110},{"Length":21,"Height":39,"Demand":0,"DemandMax":1,"Value":2457},{"Length":10,"Height":37,"Demand":0,"DemandMax":1,"Value":370},{"Length":18,"Height":26,"Demand":0,"DemandMax":1,"Value":936},{"Length":2,"Height":86,"Demand":0,"DemandMax":1,"Value":172},{"Length":37,"Height":44,"Demand":0,"DemandMax":1,"Value":4884},{"Length":45,"Height":23,"Demand":0,"DemandMax":1,"Value":3105},{"Length":22,"Height":77,"Demand":0,"DemandMax":1,"Value":1694},{"Length":17,"Height":14,"Demand":0,"DemandMax":1,"Value":238},{"Length":93,"Height":76,"Demand":0,"DemandMax":1,"Value":21204},{"Length":50,"Height":2,"Demand":0,"DemandMax":1,"Value":300},{"Length":20,"Height":90,"Demand":0,"DemandMax":1,"Value":5400},{"Length":34,"Height":33,"Demand":0,"DemandMax":1,"Value":3366},{"Length":58,"Height":85,"Demand":0,"DemandMax":1,"Value":9860},{"Length":32,"Height":10,"Demand":0,"DemandMax":1,"Value":960},{"Length":85,"Height":3,"Demand":0,"DemandMax":1,"Value":765},{"Length":79,"Height":22,"Demand":0,"DemandMax":1,"Value":1738},{"Length":96,"Height":35,"Demand":0,"DemandMax":1,"Value":10080},{"Length":100,"Height":49,"Demand":0,"DemandMax":1,"Value":14700},{"Length":84,"Height":63,"Demand":0,"DemandMax":1,"Value":5292},{"Length":40,"Height":29,"Demand":0,"DemandMax":1,"Value":1160},{"Length":49,"Height":6,"Demand":0,"DemandMax":1,"Value":588},{"Length":19,"Height":13,"Demand":0,"DemandMax":1,"Value":247},{"Length":27,"Height":3,"Demand":0,"DemandMax":1,"Value":81},{"Length":91,"Height":27,"Demand":0,"DemandMax":1,"Value":7371},{"Length":40,"Height":49,"Demand":0,"DemandMax":1,"Value":1960},{"Length":39,"Height":39,"Demand":0,"DemandMax":1,"Value":3042},{"Length":34,"Height":9,"Demand":0,"DemandMax":1,"Value":918},{"Length":19,"Height":3,"Demand":0,"DemandMax":1,"Value":171},{"Length":90,"Height":3,"Demand":0,"DemandMax":1,"Value":810},{"Length":4,"Height":28,"Demand":0,"DemandMax":1,"Value":336},{"Length":26,"Height":31,"Demand":0,"DemandMax":1,"Value":1612},{"Length":71,"Height":68,"Demand":0,"DemandMax":1,"Value":9656},{"Length":35,"Height":81,"Demand":0,"DemandMax":1,"Value":2835},{"Length":8,"Height":28,"Demand":0,"DemandMax":1,"Value":672},{"Length":68,"Height":57,"Demand":0,"DemandMax":1,"Value":7752},{"Length":57,"Height":61,"Demand":0,"DemandMax":1,"Value":3477},{"Length":71,"Height":75,"Demand":0,"DemandMax":1,"Value":10650},{"Length":48,"Height":76,"Demand":0,"DemandMax":1,"Value":3648},{"Length":3,"Height":33,"Demand":0,"DemandMax":1,"Value":198},{"Length":69,"Height":84,"Demand":0,"DemandMax":1,"Value":11592},{"Length":18,"Height":78,"Demand":0,"DemandMax":1,"Value":1404},{"Length":45,"Height":5,"Demand":0,"DemandMax":1,"Value":225},{"Length":20,"Height":28,"Demand":0,"DemandMax":1,"Value":560},{"Length":87,"Height":7,"Demand":0,"DemandMax":1,"Value":1827},{"Length":17,"Height":94,"Demand":0,"DemandMax":1,"Value":4794},{"Length":16,"Height":41,"Demand":0,"DemandMax":1,"Value":1312},{"Length":95,"Height":49,"Demand":0,"DemandMax":1,"Value":4655},{"Length":11,"Height":98,"Demand":0,"DemandMax":1,"Value":3234},{"Length":20,"Height":5,"Demand":0,"DemandMax":1,"Value":100},{"Length":2,"Height":33,"Demand":0,"DemandMax":1,"Value":132},{"Length":77,"Height":40,"Demand":0,"DemandMax":1,"Value":9240},{"Length":4,"Height":88,"Demand":0,"DemandMax":1,"Value":352},{"Length":2,"Height":2,"Demand":0,"DemandMax":1,"Value":12},{"Length":29,"Height":15,"Demand":0,"DemandMax":1,"Value":870},{"Length":3,"Height":26,"Demand":0,"DemandMax":1,"Value":78},{"Length":37,"Height":29,"Demand":0,"DemandMax":1,"Value":1073},{"Length":24,"Height":10,"Demand":0,"DemandMax":1,"Value":720},{"Length":100,"Height":72,"Demand":0,"DemandMax":1,"Value":7200},{"Length":99,"Height":81,"Demand":0,"DemandMax":1,"Value":8019},{"Length":8,"Height":25,"Demand":0,"DemandMax":1,"Value":200},{"Length":80,"Height":36,"Demand":0,"DemandMax":1,"Value":5760},{"Length":20,"Height":49,"Demand":0,"DemandMax":1,"Value":980},{"Length":17,"Height":12,"Demand":0,"DemandMax":1,"Value":408},{"Length":26,"Height":98,"Demand":0,"DemandMax":1,"Value":5096},{"Length":10,"Height":93,"Demand":0,"DemandMax":1,"Value":930},{"Length":41,"Height":9,"Demand":0,"DemandMax":1,"Value":369},{"Length":18,"Height":33,"Demand":0,"DemandMax":1,"Value":1782},{"Length":88,"Height":50,"Demand":0,"DemandMax":1,"Value":4400},{"Length":79,"Height":13,"Demand":0,"DemandMax":1,"Value":2054},{"Length":8,"Height":31,"Demand":0,"DemandMax":1,"Value":496},{"Length":3,"Height":91,"Demand":0,"DemandMax":1,"Value":819},{"Length":39,"Height":22,"Demand":0,"DemandMax":1,"Value":858},{"Length":85,"Height":45,"Demand":0,"DemandMax":1,"Value":3825},{"Length":69,"Height":85,"Demand":0,"DemandMax":1,"Value":11730},{"Length":40,"Height":90,"Demand":0,"DemandMax":1,"Value":10800},{"Length":26,"Height":6,"Demand":0,"DemandMax":1,"Value":156},{"Length":36,"Height":77,"Demand":0,"DemandMax":1,"Value":2772},{"Length":92,"Height":94,"Demand":0,"DemandMax":1,"Value":17296},{"Length":42,"Height":24,"Demand":0,"DemandMax":1,"Value":2016},{"Length":38,"Height":84,"Demand":0,"DemandMax":1,"Value":6384},{"Length":49,"Height":3,"Demand":0,"DemandMax":1,"Value":441},{"Length":36,"Height":97,"Demand":0,"DemandMax":1,"Value":6984},{"Length":34,"Height":77,"Demand":0,"DemandMax":1,"Value":2618},{"Length":76,"Height":38,"Demand":0,"DemandMax":1,"Value":8664},{"Length":27,"Height":9,"Demand":0,"DemandMax":1,"Value":486},{"Length":15,"Height":7,"Demand":0,"DemandMax":1,"Value":315},{"Length":3,"Height":96,"Demand":0,"DemandMax":1,"Value":288},{"Length":25,"Height":3,"Demand":0,"DemandMax":1,"Value":75},{"Length":100,"Height":7,"Demand":0,"DemandMax":1,"Value":2100},{"Length":51,"Height":54,"Demand":0,"DemandMax":1,"Value":8262},{"Length":60,"Height":58,"Demand":0,"DemandMax":1,"Value":10440},{"Length":82,"Height":24,"Demand":0,"DemandMax":1,"Value":5904},{"Length":14,"Height":31,"Demand":0,"DemandMax":1,"Value":1302},{"Length":77,"Height":46,"Demand":0,"DemandMax":1,"Value":7084},{"Length":37,"Height":83,"Demand":0,"DemandMax":1,"Value":9213},{"Length":2,"Height":41,"Demand":0,"DemandMax":1,"Value":246},{"Length":10,"Height":27,"Demand":0,"DemandMax":1,"Value":540},{"Length":99,"Height":20,"Demand":0,"DemandMax":1,"Value":1980},{"Length":37,"Height":92,"Demand":0,"DemandMax":1,"Value":6808},{"Length":38,"Height":49,"Demand":0,"DemandMax":1,"Value":1862},{"Length":14,"Height":45,"Demand":0,"DemandMax":1,"Value":1890},{"Length":42,"Height":27,"Demand":0,"DemandMax":1,"Value":1134},{"Length":25,"Height":43,"Demand":0,"DemandMax":1,"Value":1075},{"Length":37,"Height":9,"Demand":0,"DemandMax":1,"Value":999},{"Length":2,"Height":8,"Demand":0,"DemandMax":1,"Value":48},{"Length":24,"Height":16,"Demand":0,"DemandMax":1,"Value":768},{"Length":29,"Height":26,"Demand":0,"DemandMax":1,"Value":2262},{"Length":48,"Height":50,"Demand":0,"DemandMax":1,"Value":2400},{"Length":21,"Height":83,"Demand":0,"DemandMax":1,"Value":3486},{"Length":38,"Height":28,"Demand":0,"DemandMax":1,"Value":3192},{"Length":50,"Height":26,"Demand":0,"DemandMax":1,"Value":2600},{"Length":6,"Height":21,"Demand":0,"DemandMax":1,"Value":252},{"Length":34,"Height":10,"Demand":0,"DemandMax":1,"Value":340},{"Length":21,"Height":40,"Demand":0,"DemandMax":1,"Value":1680},{"Length":27,"Height":29,"Demand":0,"DemandMax":1,"Value":783},{"Length":28,"Height":13,"Demand":0,"DemandMax":1,"Value":728},{"Length":52,"Height":95,"Demand":0,"DemandMax":1,"Value":4940},{"Length":84,"Height":39,"Demand":0,"DemandMax":1,"Value":9828},{"Length":48,"Height":5,"Demand":0,"DemandMax":1,"Value":240},{"Length":24,"Height":3,"Demand":0,"DemandMax":1,"Value":72},{"Length":7,"Height":89,"Demand":0,"DemandMax":1,"Value":623},{"Length":48,"Height":22,"Demand":0,"DemandMax":1,"Value":1056},{"Length":82,"Height":41,"Demand":0,"DemandMax":1,"Value":3362},{"Length":72,"Height":64,"Demand":0,"DemandMax":1,"Value":9216},{"Length":82,"Height":21,"Demand":0,"DemandMax":1,"Value":5166},{"Length":86,"Height":11,"Demand":0,"DemandMax":1,"Value":1892},{"Length":47,"Height":46,"Demand":0,"DemandMax":1,"Value":2162},{"Length":76,"Height":20,"Demand":0,"DemandMax":1,"Value":3040},{"Length":27,"Height":11,"Demand":0,"DemandMax":1,"Value":594},{"Length":88,"Height":19,"Demand":0,"DemandMax":1,"Value":3344},{"Length":79,"Height":4,"Demand":0,"DemandMax":1,"Value":948},{"Length":7,"Height":90,"Demand":0,"DemandMax":1,"Value":1260},{"Length":5,"Height":24,"Demand":0,"DemandMax":1,"Value":360},{"Length":20,"Height":25,"Demand":0,"DemandMax":1,"Value":1500},{"Length":13,"Height":43,"Demand":0,"DemandMax":1,"Value":1118},{"Length":44,"Height":40,"Demand":0,"DemandMax":1,"Value":5280},{"Length":20,"Height":84,"Demand":0,"DemandMax":1,"Value":3360},{"Length":34,"Height":20,"Demand":0,"DemandMax":1,"Value":680},{"Length":84,"Height":52,"Demand":0,"DemandMax":1,"Value":8736},{"Length":81,"Height":22,"Demand":0,"DemandMax":1,"Value":5346},{"Length":49,"Height":99,"Demand":0,"DemandMax":1,"Value":9702},{"Length":92,"Height":53,"Demand":0,"DemandMax":1,"Value":4876},{"Length":61,"Height":84,"Demand":0,"DemandMax":1,"Value":5124},{"Length":89,"Height":9,"Demand":0,"DemandMax":1,"Value":2403},{"Length":44,"Height":79,"Demand":0,"DemandMax":1,"Value":6952},{"Length":7,"Height":97,"Demand":0,"DemandMax":1,"Value":2037},{"Length":81,"Height":8,"Demand":0,"DemandMax":1,"Value":1296},{"Length":63,"Height":67,"Demand":0,"DemandMax":1,"Value":8442},{"Length":37,"Height":24,"Demand":0,"DemandMax":1,"Value":1776},{"Length":70,"Height":87,"Demand":0,"DemandMax":1,"Value":12180},{"Length":76,"Height":84,"Demand":0,"DemandMax":1,"Value":6384},{"Length":28,"Height":32,"Demand":0,"DemandMax":1,"Value":1792},{"Length":15,"Height":39,"Demand":0,"DemandMax":1,"Value":585},{"Length":18,"Height":12,"Demand":0,"DemandMax":1,"Value":432},{"Length":23,"Height":17,"Demand":0,"DemandMax":1,"Value":391},{"Length":10,"Height":43,"Demand":0,"DemandMax":1,"Value":430},{"Length":27,"Height":36,"Demand":0,"DemandMax":1,"Value":2916},{"Length":12,"Height":4,"Demand":0,"DemandMax":1,"Value":96},{"Length":8,"Height":90,"Demand":0,"DemandMax":1,"Value":1440},{"Length":79,"Height":82,"Demand":0,"DemandMax":1,"Value":12956},{"Length":37,"Height":3,"Demand":0,"DemandMax":1,"Value":222},{"Length":79,"Height":90,"Demand":0,"DemandMax":1,"Value":14220},{"Length":11,"Height":9,"Demand":0,"DemandMax":1,"Value":198},{"Length":13,"Height":11,"Demand":0,"DemandMax":1,"Value":286},{"Length":91,"Height":70,"Demand":0,"DemandMax":1,"Value":12740},{"Length":32,"Height":48,"Demand":0,"DemandMax":1,"Value":1536},{"Length":46,"Height":32,"Demand":0,"DemandMax":1,"Value":4416},{"Length":26,"Height":20,"Demand":0,"DemandMax":1,"Value":1560},{"Length":37,"Height":5,"Demand":0,"DemandMax":1,"Value":370},{"Length":82,"Height":29,"Demand":0,"DemandMax":1,"Value":2378},{"Length":42,"Height":41,"Demand":0,"DemandMax":1,"Value":1722},{"Length":64,"Height":74,"Demand":0,"DemandMax":1,"Value":14208},{"Length":45,"Height":44,"Demand":0,"DemandMax":1,"Value":3960},{"Length":23,"Height":42,"Demand":0,"DemandMax":1,"Value":2898},{"Length":84,"Height":78,"Demand":0,"DemandMax":1,"Value":13104},{"Length":44,"Height":99,"Demand":0,"DemandMax":1,"Value":4356},{"Length":96,"Height":39,"Demand":0,"DemandMax":1,"Value":3744},{"Length":15,"Height":97,"Demand":0,"DemandMax":1,"Value":1455},{"Length":83,"Height":30,"Demand":0,"DemandMax":1,"Value":7470},{"Length":77,"Height":90,"Demand":0,"DemandMax":1,"Value":20790},{"Length":30,"Height":3,"Demand":0,"DemandMax":1,"Value":90},{"Length":58,"Height":52,"Demand":0,"DemandMax":1,"Value":9048},{"Length":44,"Height":37,"Demand":0,"DemandMax":1,"Value":1628},{"Length":35,"Height":24,"Demand":0,"DemandMax":1,"Value":1680},{"Length":73,"Height":77,"Demand":0,"DemandMax":1,"Value":16863},{"Length":96,"Height":33,"Demand":0,"DemandMax":1,"Value":3168},{"Length":2,"Height":14,"Demand":0,"DemandMax":1,"Value":28},{"Length":30,"Height":6,"Demand":0,"DemandMax":1,"Value":540},{"Length":38,"Height":93,"Demand":0,"DemandMax":1,"Value":3534},{"Length":11,"Height":37,"Demand":0,"DemandMax":1,"Value":1221},{"Length":88,"Height":29,"Demand":0,"DemandMax":1,"Value":2552},{"Length":21,"Height":39,"Demand":0,"DemandMax":1,"Value":819},{"Length":21,"Height":16,"Demand":0,"DemandMax":1,"Value":672},{"Length":8,"Height":23,"Demand":0,"DemandMax":1,"Value":552},{"Length":39,"Height":15,"Demand":0,"DemandMax":1,"Value":1755},{"Length":24,"Height":29,"Demand":0,"DemandMax":1,"Value":1392},{"Length":94,"Height":35,"Demand":0,"DemandMax":1,"Value":9870},{"Length":41,"Height":76,"Demand":0,"DemandMax":1,"Value":9348},{"Length":12,"Height":87,"Demand":0,"DemandMax":1,"Value":3132},{"Length":11,"Height":24,"Demand":0,"DemandMax":1,"Value":528},{"Length":58,"Height":80,"Demand":0,"DemandMax":1,"Value":4640},{"Length":90,"Height":63,"Demand":0,"DemandMax":1,"Value":5670},{"Length":47,"Height":24,"Demand":0,"DemandMax":1,"Value":3384},{"Length":87,"Height":70,"Demand":0,"DemandMax":1,"Value":12180},{"Length":51,"Height":55,"Demand":0,"DemandMax":1,"Value":5610},{"Length":39,"Height":29,"Demand":0,"DemandMax":1,"Value":2262},{"Length":11,"Height":31,"Demand":0,"DemandMax":1,"Value":682},{"Length":6,"Height":14,"Demand":0,"DemandMax":1,"Value":168},{"Length":47,"Height":41,"Demand":0,"DemandMax":1,"Value":1927},{"Length":82,"Height":12,"Demand":0,"DemandMax":1,"Value":1968},{"Length":41,"Height":39,"Demand":0,"DemandMax":1,"Value":1599},{"Length":2,"Height":18,"Demand":0,"DemandMax":1,"Value":108},{"Length":81,"Height":48,"Demand":0,"DemandMax":1,"Value":11664},{"Length":31,"Height":87,"Demand":0,"DemandMax":1,"Value":2697},{"Length":40,"Height":13,"Demand":0,"DemandMax":1,"Value":520},{"Length":94,"Height":77,"Demand":0,"DemandMax":1,"Value":7238},{"Length":89,"Height":24,"Demand":0,"DemandMax":1,"Value":2136},{"Length":9,"Height":96,"Demand":0,"DemandMax":1,"Value":1728},{"Length":41,"Height":27,"Demand":0,"DemandMax":1,"Value":2214},{"Length":43,"Height":87,"Demand":0,"DemandMax":1,"Value":11223},{"Length":39,"Height":43,"Demand":0,"DemandMax":1,"Value":1677},{"Length":15,"Height":33,"Demand":0,"DemandMax":1,"Value":990},{"Length":17,"Height":95,"Demand":0,"DemandMax":1,"Value":1615},{"Length":16,"Height":48,"Demand":0,"DemandMax":1,"Value":768},{"Length":19,"Height":24,"Demand":0,"DemandMax":1,"Value":456}]}