{"Name":"ngcutfs3_119","Objects":[{"Length":100,"Height":100,"Stock":null,"Cost":10000}],"Items":[{"Length":12,"Height":41,"Demand":0,"DemandMax":4,"Value":1476},{"Length":83,"Height":48,"Demand":0,"DemandMax":4,"Value":3984},{"Length":28,"Height":25,"Demand":0,"DemandMax":4,"Value":2100},{"Length":34,"Height":9,"Demand":0,"DemandMax":4,"Value":918},{"Length":41,"Height":50,"Demand":0,"DemandMax":4,"Value":6150},{"Length":43,"Height":83,"Demand":0,"DemandMax":4,"Value":7138},{"Length":13,"Height":11,"Demand":0,"DemandMax":4,"Value":286},{"Length":7,"Height":23,"Demand":0,"DemandMax":4,"Value":483},{"Length":26,"Height":10,"Demand":0,"DemandMax":4,"Value":780},{"Length":30,"Height":5,"Demand":0,"DemandMax":4,"Value":450},{"Length":62,"Height":61,"Demand":0,"DemandMax":4,"Value":11346},{"Length":20,"Height":49,"Demand":0,"DemandMax":4,"Value":1960},{"Length":41,"Height":10,"Demand":0,"DemandMax":4,"Value":820},{"Length":34,"Height":48,"Demand":0,"DemandMax":4,"Value":3264},{"Length":23,"Height":6,"Demand":0,"DemandMax":4,"Value":414},{"Length":15,"Height":50,"Demand":0,"DemandMax":4,"Value":1500},{"Length":17,"Height":81,"Demand":0,"DemandMax":4,"Value":1377},{"Length":23,"Height":22,"Demand":0,"DemandMax":4,"Value":1012},{"Length":22,"Height":82,"Demand":0,"DemandMax":4,"Value":1804},{"Length":7,"Height":40,"Demand":0,"DemandMax":4,"Value":560},{"Length":8,"Height":26,"Demand":0,"DemandMax":4,"Value":208},{"Length":22,"Height":89,"Demand":0,"DemandMax":4,"Value":3916},{"Length":27,"Height":43,"Demand":0,"DemandMax":4,"Value":2322},{"Length":38,"Height":49,"Demand":0,"DemandMax":4,"Value":3724},{"Length":3,"Height":12,"Demand":0,"DemandMax":4,"Value":72},{"Length":91,"Height":55,"Demand":0,"DemandMax":4,"Value":10010},{"Length":36,"Height":21,"Demand":0,"DemandMax":4,"Value":1512},{"Length":28,"Height":38,"Demand":0,"DemandMax":4,"Value":3192},{"Length":19,"Height":15,"Demand":0,"DemandMax":4,"Value":285},{"Length":29,"Height":22,"Demand":0,"DemandMax":4,"Value":1276},{"Length":10,"Height":39,"Demand":0,"DemandMax":4,"Value":780},{"Length":46,"Height":48,"Demand":0,"DemandMax":4,"Value":2208},{"Length":20,"Height":34,"Demand":0,"DemandMax":4,"Value":1360},{"Length":100,"Height":96,"Demand":0,"DemandMax":4,"Value":9600},{"Length":38,"Height":22,"Demand":0,"DemandMax":4,"Value":2508},{"Length":50,"Height":30,"Demand":0,"DemandMax":4,"Value":1500},{"Length":17,"Height":34,"Demand":0,"DemandMax":4,"Value":578},{"Length":12,"Height":83,"Demand":0,"DemandMax":4,"Value":996},{"Length":76,"Height":17,"Demand":0,"DemandMax":4,"Value":2584},{"Length":28,"Height":11,"Demand":0,"DemandMax":4,"Value":924},{"Length":30,"Height":3,"Demand":0,"DemandMax":4,"Value":180},{"Length":6,"Height":48,"Demand":0,"DemandMax":4,"Value":864},{"Length":83,"Height":74,"Demand":0,"DemandMax":4,"Value":18426},{"Length":65,"Height":91,"Demand":0,"DemandMax":4,"Value":5915},{"Length":83,"Height":75,"Demand":0,"DemandMax":4,"Value":6225},{"Length":68,"Height":63,"Demand":0,"DemandMax":4,"Value":12852},{"Length":35,"Height":25,"Demand":0,"DemandMax":4,"Value":875},{"Length":4,"Height":32,"Demand":0,"DemandMax":4,"Value":256},{"Length":2,"Height":46,"Demand":0,"DemandMax":4,"Value":184},{"Length":45,"Height":9,"Demand":0,"DemandMax":4,"Value":810},{"Length":32,"Height":22,"Demand":0,"DemandMax":4,"Value":704},{"Length":8,"Height":14,"Demand":0,"DemandMax":4,"Value":336},{"Length":15,"Height":40,"Demand":0,"DemandMax":4,"Value":600},{"Length":2,"Height":3,"Demand":0,"DemandMax":4,"Value":18},{"Length":70,"Height":54,"Demand":0,"DemandMax":4,"Value":7560},{"Length":24,"Height":12,"Demand":0,"DemandMax":4,"Value":288},{"Length":33,"Height":8,"Demand":0,"DemandMax":4,"Value":792},{"Length":18,"Height":15,"Demand":0,"DemandMax":4,"Value":810},{"Length":17,"Height":23,"Demand":0,"DemandMax":4,"Value":1173},{"Length":48,"Height":7,"Demand":0,"DemandMax":4,"Value":1008},{"Length":7,"Height":80,"Demand":0,"DemandMax":4,"Value":560},{"Length":25,"Height":93,"Demand":0,"DemandMax":4,"Value":2325},{"Length":23,"Height":4,"Demand":0,"DemandMax":4,"Value":92},{"Length":37,"Height":11,"Demand":0,"DemandMax":4,"Value":407},{"Length":47,"Height":41,"Demand":0,"DemandMax":4,"Value":5781},{"Length":96,"Height":87,"Demand":0,"DemandMax":4,"Value":16704},{"Length":20,"Height":2,"Demand":0,"DemandMax":4,"Value":120},{"Length":45,"Height":21,"Demand":0,"DemandMax":4,"Value":945},{"Length":25,"Height":35,"Demand":0,"DemandMax":4,"Value":2625},{"Length":47,"Height":15,"Demand":0,"DemandMax":4,"Value":1410},{"Length":47,"Height":10,"Demand":0,"DemandMax":4,"Value":1410},{"Length":14,"Height":9,"Demand":0,"DemandMax":4,"Value":252},{"Length":44,"Height":36,"Demand":0,"DemandMax":4,"Value":4752},{"Length":14,"Height":46,"Demand":0,"DemandMax":4,"Value":1288},{"Length":93,"Height":44,"Demand":0,"DemandMax":4,"Value":8184},{"Length":76,"Height":6,"Demand":0,"DemandMax":4,"Value":912},{"Length":36,"Height":35,"Demand":0,"DemandMax":4,"Value":3780},{"Length":8,"Height":4,"Demand":0,"DemandMax":4,"Value":64},{"Length":27,"Height":16,"Demand":0,"DemandMax":4,"Value":864},{"Length":37,"Height":84,"Demand":0,"DemandMax":4,"Value":3108},{"Length":34,"Height":33,"Demand":0,"DemandMax":4,"Value":3366},{"Length":88,"Height":50,"Demand":0,"DemandMax":4,"Value":13200},{"Length":45,"Height":50,"Demand":0,"DemandMax":4,"Value":4500},{"Length":76,"Height":90,"Demand":0,"DemandMax":4,"Value":13680},{"Length":97,"Height":57,"Demand":0,"DemandMax":4,"Value":5529},{"Length":65,"Height":96,"Demand":0,"DemandMax":4,"Value":12480},{"Length":97,"Height":3,"Demand":0,"DemandMax":4,"Value":291},{"Length":8,"Height":13,"Demand":0,"DemandMax":4,"Value":208},{"Length":49,"Height":46,"Demand":0,"DemandMax":4,"Value":2254},{"Length":48,"Height":16,"Demand":0,"DemandMax":4,"Value":1536},{"Length":41,"Height":40,"Demand":0,"DemandMax":4,"Value":3280},{"Length":64,"Height":85,"Demand":0,"DemandMax":4,"Value":5440},{"Length":45,"Height":27,"Demand":0,"DemandMax":4,"Value":1215},{"Length":35,"Height":50,"Demand":0,"DemandMax":4,"Value":5250},{"Length":16,"Height":92,"Demand":0,"DemandMax":4,"Value":2944},{"Length":24,"Height":10,"Demand":0,"DemandMax":4,"Value":240},{"Length":36,"Height":50,"Demand":0,"DemandMax":4,"Value":3600},{"Length":4,"Height":24,"Demand":0,"DemandMax":4,"Value":288},{"Length":27,"Height":6,"Demand":0,"DemandMax":4,"Value":486},{"Length":22,"Height":10,"Demand":0,"DemandMax":4,"Value":660},{"Length":22,"Height":3,"Demand":0,"DemandMax":4,"Value":66},{"Length":98,"Height":15,"Demand":0,"DemandMax":4,"Value":1470},{"Length":11,"Height":34,"Demand":0,"DemandMax":4,"Value":1122},{"Length":5,"Height":13,"Demand":0,"DemandMax":4,"Value":195},{"Length":50,"Height":30,"Demand":0,"DemandMax":4,"Value":3000},{"Length":7,"Height":8,"Demand":0,"DemandMax":4,"Value":168},{"Length":40,"Height":36,"Demand":0,"DemandMax":4,"Value":2880},{"Length":4,"Height":30,"Demand":0,"DemandMax":4,"Value":120},{"Length":37,"Height":2,"Demand":0,"DemandMax":4,"Value":148},{"Length":81,"Height":89,"Demand":0,"DemandMax":4,"Value":21627},{"Length":28,"Height":44,"Demand":0,"DemandMax":4,"Value":1232},{"Length":44,"Height":40,"Demand":0,"DemandMax":4,"Value":1760},{"Length":36,"Height":29,"Demand":0,"DemandMax":4,"Value":2088},{"Length":72,"Height":52,"Demand":0,"DemandMax":4,"Value":3744},{"Length":30,"Height":20,"Demand":0,"DemandMax":4,"Value":1200},{"Length":3,"Height":10,"Demand":0,"DemandMax":4,"Value":90},{"Length":20,"Height":81,"Demand":0,"DemandMax":4,"Value":1620},{"Length":4,"Height":50,"Demand":0,"DemandMax":4,"Value":400},{"Length":16,"Height":2,"Demand":0,"DemandMax":4,"Value":32},{"Length":95,"Height":2,"Demand":0,"DemandMax":4,"Value":380},{"Length":2,"Height":22,"Demand":0,"DemandMax":4,"Value":132},{"Length":98,"Height":32,"Demand":0,"DemandMax":4,"Value":6272},{"Length":99,"Height":28,"Demand":0,"DemandMax":4,"Value":8316},{"Length":25,"Height":33,"Demand":0,"DemandMax":4,"Value":1650},{"Length":42,"Height":21,"Demand":0,"DemandMax":4,"Value":1764},{"Length":14,"Height":18,"Demand":0,"DemandMax":4,"Value":504},{"Length":42,"Height":26,"Demand":0,"DemandMax":4,"Value":2184},{"Length":82,"Height":65,"Demand":0,"DemandMax":4,"Value":15990},{"Length":9,"Height":37,"Demand":0,"DemandMax":4,"Value":999},{"Length":30,"Height":41,"Demand":0,"DemandMax":4,"Value":2460},{"Length":80,"Height":18,"Demand":0,"DemandMax":4,"Value":1440},{"Length":87,"Height":63,"Demand":0,"DemandMax":4,"Value":16443},{"Length":34,"Height":26,"Demand":0,"DemandMax":4,"Value":884},{"Length":33,"Height":82,"Demand":0,"DemandMax":4,"Value":5412},{"Length":14,"Height":98,"Demand":0,"DemandMax":4,"Value":4116},{"Length":32,"Height":8,"Demand":0,"DemandMax":4,"Value":512},{"Length":22,"Height":19,"Demand":0,"DemandMax":4,"Value":418},{"Length":27,"Height":97,"Demand":0,"DemandMax":4,"Value":5238},{"Length":12,"Height":19,"Demand":0,"DemandMax":4,"Value":228},{"Length":26,"Height":24,"Demand":0,"DemandMax":4,"Value":1872},{"Length":46,"Height":7,"Demand":0,"DemandMax":4,"Value":322},{"Length":39,"Height":5,"Demand":0,"DemandMax":4,"Value":585},{"Length":37,"Height":43,"Demand":0,"DemandMax":4,"Value":4773},{"Length":80,"Height":44,"Demand":0,"DemandMax":4,"Value":3520},{"Length":7,"Height":38,"Demand":0,"DemandMax":4,"Value":532},{"Length":43,"Height":39,"Demand":0,"DemandMax":4,"Value":3354},{"Length":80,"Height":95,"Demand":0,"DemandMax":4,"Value":15200},{"Length":89,"Height":30,"Demand":0,"DemandMax":4,"Value":5340},{"Length":4,"Height":46,"Demand":0,"DemandMax":4,"Value":368},{"Length":10,"Height":43,"Demand":0,"DemandMax":4,"Value":1290}]}