{"Name":"ngcutfs1_20","Objects":[{"Length":100,"Height":100,"Stock":null,"Cost":10000}],"Items":[{"Length":49,"Height":25,"Demand":0,"DemandMax":3,"Value":2450},{"Length":52,"Height":67,"Demand":0,"DemandMax":3,"Value":6968},{"Length":95,"Height":52,"Demand":0,"DemandMax":3,"Value":9880},{"Length":24,"Height":99,"Demand":0,"DemandMax":3,"Value":7128},{"Length":66,"Height":64,"Demand":0,"DemandMax":3,"Value":12672},{"Length":13,"Height":99,"Demand":0,"DemandMax":3,"Value":2574},{"Length":32,"Height":95,"Demand":0,"DemandMax":3,"Value":9120},{"Length":21,"Height":86,"Demand":0,"DemandMax":3,"Value":5418},{"Length":100,"Height":48,"Demand":0,"DemandMax":3,"Value":9600},{"Length":7,"Height":48,"Demand":0,"DemandMax":3,"Value":1008},{"Length":46,"Height":25,"Demand":0,"DemandMax":3,"Value":2300},{"Length":14,"Height":47,"Demand":0,"DemandMax":3,"Value":658},{"Length":87,"Height":83,"Demand":0,"DemandMax":3,"Value":7221},{"Length":32,"Height":17,"Demand":0,"DemandMax":3,"Value":544},{"Length":37,"Height":92,"Demand":0,"DemandMax":3,"Value":6808},{"Length":85,"Height":24,"Demand":0,"DemandMax":3,"Value":6120},{"Length":23,"Height":23,"Demand":0,"DemandMax":3,"Value":1587},{"Length":89,"Height":81,"Demand":0,"DemandMax":3,"Value":14418},{"Length":42,"Height":28,"Demand":0,"DemandMax":3,"Value":2352},{"Length":79,"Height":69,"Demand":0,"DemandMax":3,"Value":10902},{"Length":24,"Height":3,"Demand":0,"DemandMax":3,"Value":144},{"Length":10,"Height":27,"Demand":0,"DemandMax":3,"Value":540},{"Length":16,"Height":50,"Demand":0,"DemandMax":3,"Value":2400},{"Length":76,"Height":92,"Demand":0,"DemandMax":3,"Value":6992},{"Length":41,"Height":26,"Demand":0,"DemandMax":3,"Value":2132},{"Length":73,"Height":95,"Demand":0,"DemandMax":3,"Value":13870},{"Length":22,"Height":4,"Demand":0,"DemandMax":3,"Value":176},{"Length":28,"Height":85,"Demand":0,"DemandMax":3,"Value":2380},{"Length":100,"Height":34,"Demand":0,"DemandMax":3,"Value":6800},{"Length":94,"Height":36,"Demand":0,"DemandMax":3,"Value":10152},{"Length":49,"Height":16,"Demand":0,"DemandMax":3,"Value":2352},{"Length":36,"Height":42,"Demand":0,"DemandMax":3,"Value":1512},{"Length":46,"Height":47,"Demand":0,"DemandMax":3,"Value":2162},{"Length":94,"Height":74,"Demand":0,"DemandMax":3,"Value":20868},{"Length":57,"Height":86,"Demand":0,"DemandMax":3,"Value":14706},{"Length":3,"Height":76,"Demand":0,"DemandMax":3,"Value":228},{"Length":15,"Height":34,"Demand":0,"DemandMax":3,"Value":1020},{"Length":56,"Height":78,"Demand":0,"DemandMax":3,"Value":4368},{"Length":76,"Height":11,"Demand":0,"DemandMax":3,"Value":2508},{"Length":21,"Height":76,"Demand":0,"DemandMax":3,"Value":3192}]}