{"Name":"ngcutfs3_76","Objects":[{"Length":100,"Height":100,"Stock":null,"Cost":10000}],"Items":[{"Length":19,"Height":32,"Demand":0,"DemandMax":3,"Value":608},{"Length":49,"Height":92,"Demand":0,"DemandMax":3,"Value":13524},{"Length":37,"Height":7,"Demand":0,"DemandMax":3,"Value":518},{"Length":43,"Height":11,"Demand":0,"DemandMax":3,"Value":1419},{"Length":16,"Height":11,"Demand":0,"DemandMax":3,"Value":352},{"Length":50,"Height":8,"Demand":0,"DemandMax":3,"Value":800},{"Length":15,"Height":16,"Demand":0,"DemandMax":3,"Value":720},{"Length":30,"Height":30,"Demand":0,"DemandMax":3,"Value":900},{"Length":33,"Height":44,"Demand":0,"DemandMax":3,"Value":2904},{"Length":10,"Height":32,"Demand":0,"DemandMax":3,"Value":320},{"Length":26,"Height":3,"Demand":0,"DemandMax":3,"Value":234},{"Length":3,"Height":13,"Demand":0,"DemandMax":3,"Value":39},{"Length":43,"Height":41,"Demand":0,"DemandMax":3,"Value":1763},{"Length":12,"Height":5,"Demand":0,"DemandMax":3,"Value":60},{"Length":94,"Height":37,"Demand":0,"DemandMax":3,"Value":3478},{"Length":23,"Height":89,"Demand":0,"DemandMax":3,"Value":6141},{"Length":20,"Height":92,"Demand":0,"DemandMax":3,"Value":3680},{"Length":5,"Height":83,"Demand":0,"DemandMax":3,"Value":415},{"Length":96,"Height":46,"Demand":0,"DemandMax":3,"Value":13248},{"Length":36,"Height":6,"Demand":0,"DemandMax":3,"Value":432},{"Length":47,"Height":44,"Demand":0,"DemandMax":3,"Value":2068},{"Length":5,"Height":40,"Demand":0,"DemandMax":6,"Value":600},{"Length":27,"Height":8,"Demand":0,"DemandMax":3,"Value":648},{"Length":3,"Height":3,"Demand":0,"DemandMax":3,"Value":9},{"Length":12,"Height":9,"Demand":0,"DemandMax":3,"Value":324},{"Length":36,"Height":2,"Demand":0,"DemandMax":3,"Value":72},{"Length":38,"Height":9,"Demand":0,"DemandMax":3,"Value":684},{"Length":30,"Height":30,"Demand":0,"DemandMax":3,"Value":2700},{"Length":20,"Height":39,"Demand":0,"DemandMax":3,"Value":1560},{"Length":98,"Height":5,"Demand":0,"DemandMax":3,"Value":490},{"Length":38,"Height":100,"Demand":0,"DemandMax":3,"Value":11400},{"Length":9,"Height":79,"Demand":0,"DemandMax":3,"Value":2133},{"Length":27,"Height":4,"Demand":0,"DemandMax":3,"Value":216},{"Length":94,"Height":88,"Demand":0,"DemandMax":3,"Value":8272},{"Length":35,"Height":16,"Demand":0,"DemandMax":3,"Value":1120},{"Length":19,"Height":31,"Demand":0,"DemandMax":3,"Value":1178},{"Length":80,"Height":31,"Demand":0,"DemandMax":3,"Value":2480},{"Length":22,"Height":20,"Demand":0,"DemandMax":3,"Value":440},{"Length":14,"Height":8,"Demand":0,"DemandMax":3,"Value":112},{"Length":23,"Height":13,"Demand":0,"DemandMax":3,"Value":897},{"Length":77,"Height":20,"Demand":0,"DemandMax":3,"Value":3080},{"Length":7,"Height":20,"Demand":0,"DemandMax":3,"Value":420},{"Length":33,"Height":12,"Demand":0,"DemandMax":3,"Value":1188},{"Length":63,"Height":95,"Demand":0,"DemandMax":3,"Value":17955},{"Length":45,"Height":84,"Demand":0,"DemandMax":3,"Value":3780},{"Length":13,"Height":13,"Demand":0,"DemandMax":3,"Value":338},{"Length":43,"Height":12,"Demand":0,"DemandMax":3,"Value":516},{"Length":41,"Height":24,"Demand":0,"DemandMax":3,"Value":2952},{"Length":8,"Height":3,"Demand":0,"DemandMax":3,"Value":48},{"Length":22,"Height":47,"Demand":0,"DemandMax":3,"Value":2068},{"Length":34,"Height":50,"Demand":0,"DemandMax":3,"Value":1700},{"Length":76,"Height":40,"Demand":0,"DemandMax":3,"Value":9120},{"Length":95,"Height":61,"Demand":0,"DemandMax":3,"Value":17385},{"Length":36,"Height":37,"Demand":0,"DemandMax":3,"Value":3996},{"Length":7,"Height":29,"Demand":0,"DemandMax":3,"Value":609},{"Length":77,"Height":5,"Demand":0,"DemandMax":3,"Value":1155},{"Length":16,"Height":2,"Demand":0,"DemandMax":3,"Value":32},{"Length":89,"Height":19,"Demand":0,"DemandMax":3,"Value":3382},{"Length":33,"Height":49,"Demand":0,"DemandMax":3,"Value":1617},{"Length":10,"Height":22,"Demand":0,"DemandMax":3,"Value":440},{"Length":50,"Height":33,"Demand":0,"DemandMax":3,"Value":4950},{"Length":37,"Height":47,"Demand":0,"DemandMax":3,"Value":1739},{"Length":75,"Height":60,"Demand":0,"DemandMax":3,"Value":13500},{"Length":38,"Height":27,"Demand":0,"DemandMax":3,"Value":3078},{"Length":7,"Height":25,"Demand":0,"DemandMax":3,"Value":525},{"Length":13,"Height":49,"Demand":0,"DemandMax":3,"Value":1911},{"Length":17,"Height":20,"Demand":0,"DemandMax":3,"Value":680},{"Length":38,"Height":16,"Demand":0,"DemandMax":3,"Value":608},{"Length":99,"Height":8,"Demand":0,"DemandMax":3,"Value":2376},{"Length":19,"Height":81,"Demand":0,"DemandMax":3,"Value":3078},{"Length":34,"Height":38,"Demand":0,"DemandMax":3,"Value":3876},{"Length":46,"Height":15,"Demand":0,"DemandMax":3,"Value":1380},{"Length":6,"Height":17,"Demand":0,"DemandMax":3,"Value":204},{"Length":97,"Height":50,"Demand":0,"DemandMax":3,"Value":9700},{"Length":54,"Height":56,"Demand":0,"DemandMax":3,"Value":9072},{"Length":20,"Height":21,"Demand":0,"DemandMax":3,"Value":420},{"Length":43,"Height":88,"Demand":0,"DemandMax":3,"Value":7568},{"Length":80,"Height":16,"Demand":0,"DemandMax":3,"Value":1280},{"Length":8,"Height":93,"Demand":0,"DemandMax":3,"Value":1488},{"Length":39,"Height":31,"Demand":0,"DemandMax":3,"Value":1209},{"Length":7,"Height":44,"Demand":0,"DemandMax":3,"Value":616},{"Length":6,"Height":34,"Demand":0,"DemandMax":3,"Value":204},{"Length":6,"Height":39,"Demand":0,"DemandMax":3,"Value":468},{"Length":9,"Height":36,"Demand":0,"DemandMax":3,"Value":648},{"Length":94,"Height":84,"Demand":0,"DemandMax":3,"Value":7896},{"Length":85,"Height":44,"Demand":0,"DemandMax":3,"Value":11220},{"Length":85,"Height":35,"Demand":0,"DemandMax":3,"Value":2975},{"Length":3,"Height":36,"Demand":0,"DemandMax":3,"Value":324},{"Length":40,"Height":27,"Demand":0,"DemandMax":3,"Value":2160},{"Length":4,"Height":95,"Demand":0,"DemandMax":3,"Value":1140},{"Length":13,"Height":50,"Demand":0,"DemandMax":3,"Value":650},{"Length":49,"Height":10,"Demand":0,"DemandMax":3,"Value":1470},{"Length":43,"Height":24,"Demand":0,"DemandMax":3,"Value":3096},{"Length":18,"Height":3,"Demand":0,"DemandMax":3,"Value":108},{"Length":98,"Height":43,"Demand":0,"DemandMax":3,"Value":12642},{"Length":39,"Height":24,"Demand":0,"DemandMax":3,"Value":1872},{"Length":31,"Height":31,"Demand":0,"DemandMax":3,"Value":961},{"Length":28,"Height":43,"Demand":0,"DemandMax":3,"Value":1204},{"Length":40,"Height":20,"Demand":0,"DemandMax":3,"Value":1600}]}