{"Name":"ngcutfs3_115","Objects":[{"Length":100,"Height":100,"Stock":null,"Cost":10000}],"Items":[{"Length":8,"Height":83,"Demand":0,"DemandMax":4,"Value":1328},{"Length":45,"Height":97,"Demand":0,"DemandMax":4,"Value":13095},{"Length":28,"Height":24,"Demand":0,"DemandMax":4,"Value":1344},{"Length":4,"Height":17,"Demand":0,"DemandMax":4,"Value":136},{"Length":22,"Height":5,"Demand":0,"DemandMax":4,"Value":110},{"Length":12,"Height":36,"Demand":0,"DemandMax":4,"Value":432},{"Length":50,"Height":80,"Demand":0,"DemandMax":4,"Value":12000},{"Length":20,"Height":44,"Demand":0,"DemandMax":4,"Value":1760},{"Length":12,"Height":21,"Demand":0,"DemandMax":8,"Value":252},{"Length":50,"Height":39,"Demand":0,"DemandMax":4,"Value":3900},{"Length":48,"Height":34,"Demand":0,"DemandMax":4,"Value":3264},{"Length":45,"Height":36,"Demand":0,"DemandMax":4,"Value":4860},{"Length":8,"Height":96,"Demand":0,"DemandMax":4,"Value":768},{"Length":36,"Height":7,"Demand":0,"DemandMax":4,"Value":252},{"Length":24,"Height":86,"Demand":0,"DemandMax":4,"Value":6192},{"Length":50,"Height":17,"Demand":0,"DemandMax":4,"Value":850},{"Length":25,"Height":21,"Demand":0,"DemandMax":4,"Value":1050},{"Length":20,"Height":36,"Demand":0,"DemandMax":4,"Value":1440},{"Length":31,"Height":39,"Demand":0,"DemandMax":4,"Value":1209},{"Length":45,"Height":11,"Demand":0,"DemandMax":4,"Value":495},{"Length":98,"Height":55,"Demand":0,"DemandMax":4,"Value":10780},{"Length":28,"Height":14,"Demand":0,"DemandMax":4,"Value":392},{"Length":31,"Height":32,"Demand":0,"DemandMax":4,"Value":992},{"Length":40,"Height":40,"Demand":0,"DemandMax":4,"Value":3200},{"Length":30,"Height":23,"Demand":0,"DemandMax":4,"Value":2070},{"Length":17,"Height":33,"Demand":0,"DemandMax":4,"Value":1122},{"Length":87,"Height":21,"Demand":0,"DemandMax":4,"Value":1827},{"Length":27,"Height":43,"Demand":0,"DemandMax":4,"Value":2322},{"Length":86,"Height":9,"Demand":0,"DemandMax":4,"Value":774},{"Length":8,"Height":30,"Demand":0,"DemandMax":4,"Value":720},{"Length":27,"Height":46,"Demand":0,"DemandMax":4,"Value":1242},{"Length":93,"Height":47,"Demand":0,"DemandMax":4,"Value":13113},{"Length":17,"Height":14,"Demand":0,"DemandMax":4,"Value":476},{"Length":28,"Height":20,"Demand":0,"DemandMax":4,"Value":1120},{"Length":30,"Height":11,"Demand":0,"DemandMax":4,"Value":330},{"Length":8,"Height":14,"Demand":0,"DemandMax":4,"Value":224},{"Length":77,"Height":65,"Demand":0,"DemandMax":4,"Value":15015},{"Length":49,"Height":29,"Demand":0,"DemandMax":4,"Value":1421},{"Length":42,"Height":19,"Demand":0,"DemandMax":4,"Value":2394},{"Length":22,"Height":26,"Demand":0,"DemandMax":4,"Value":1716},{"Length":81,"Height":2,"Demand":0,"DemandMax":4,"Value":486},{"Length":21,"Height":27,"Demand":0,"DemandMax":4,"Value":1134},{"Length":2,"Height":17,"Demand":0,"DemandMax":4,"Value":34},{"Length":24,"Height":50,"Demand":0,"DemandMax":4,"Value":1200},{"Length":11,"Height":35,"Demand":0,"DemandMax":4,"Value":1155},{"Length":21,"Height":23,"Demand":0,"DemandMax":4,"Value":966},{"Length":41,"Height":34,"Demand":0,"DemandMax":4,"Value":1394},{"Length":9,"Height":92,"Demand":0,"DemandMax":4,"Value":1656},{"Length":33,"Height":96,"Demand":0,"DemandMax":4,"Value":9504},{"Length":30,"Height":6,"Demand":0,"DemandMax":4,"Value":360},{"Length":76,"Height":43,"Demand":0,"DemandMax":4,"Value":6536},{"Length":36,"Height":13,"Demand":0,"DemandMax":4,"Value":1404},{"Length":31,"Height":40,"Demand":0,"DemandMax":4,"Value":1240},{"Length":43,"Height":77,"Demand":0,"DemandMax":4,"Value":3311},{"Length":34,"Height":35,"Demand":0,"DemandMax":4,"Value":2380},{"Length":6,"Height":27,"Demand":0,"DemandMax":4,"Value":486},{"Length":49,"Height":20,"Demand":0,"DemandMax":4,"Value":980},{"Length":33,"Height":21,"Demand":0,"DemandMax":4,"Value":1386},{"Length":7,"Height":23,"Demand":0,"DemandMax":4,"Value":483},{"Length":97,"Height":46,"Demand":0,"DemandMax":4,"Value":13386},{"Length":81,"Height":19,"Demand":0,"DemandMax":4,"Value":3078},{"Length":12,"Height":47,"Demand":0,"DemandMax":4,"Value":564},{"Length":93,"Height":21,"Demand":0,"DemandMax":4,"Value":1953},{"Length":5,"Height":33,"Demand":0,"DemandMax":4,"Value":165},{"Length":15,"Height":49,"Demand":0,"DemandMax":4,"Value":2205},{"Length":35,"Height":47,"Demand":0,"DemandMax":4,"Value":1645},{"Length":40,"Height":32,"Demand":0,"DemandMax":4,"Value":1280},{"Length":30,"Height":50,"Demand":0,"DemandMax":4,"Value":1500},{"Length":15,"Height":87,"Demand":0,"DemandMax":4,"Value":3915},{"Length":41,"Height":24,"Demand":0,"DemandMax":4,"Value":984},{"Length":36,"Height":39,"Demand":0,"DemandMax":4,"Value":2808},{"Length":25,"Height":17,"Demand":0,"DemandMax":4,"Value":850},{"Length":27,"Height":19,"Demand":0,"DemandMax":4,"Value":1539},{"Length":6,"Height":2,"Demand":0,"DemandMax":4,"Value":36},{"Length":47,"Height":22,"Demand":0,"DemandMax":4,"Value":1034},{"Length":96,"Height":45,"Demand":0,"DemandMax":4,"Value":8640},{"Length":48,"Height":83,"Demand":0,"DemandMax":4,"Value":3984},{"Length":22,"Height":43,"Demand":0,"DemandMax":4,"Value":946},{"Length":4,"Height":49,"Demand":0,"DemandMax":4,"Value":588},{"Length":6,"Height":27,"Demand":0,"DemandMax":4,"Value":324},{"Length":78,"Height":25,"Demand":0,"DemandMax":4,"Value":1950},{"Length":50,"Height":43,"Demand":0,"DemandMax":4,"Value":6450},{"Length":9,"Height":43,"Demand":0,"DemandMax":4,"Value":1161},{"Length":42,"Height":30,"Demand":0,"DemandMax":4,"Value":1260},{"Length":5,"Height":84,"Demand":0,"DemandMax":4,"Value":420},{"Length":37,"Height":17,"Demand":0,"DemandMax":4,"Value":1258},{"Length":41,"Height":23,"Demand":0,"DemandMax":4,"Value":2829},{"Length":29,"Height":22,"Demand":0,"DemandMax":4,"Value":1914},{"Length":44,"Height":12,"Demand":0,"DemandMax":4,"Value":1584},{"Length":7,"Height":4,"Demand":0,"DemandMax":4,"Value":28},{"Length":4,"Height":9,"Demand":0,"DemandMax":4,"Value":108},{"Length":4,"Height":79,"Demand":0,"DemandMax":4,"Value":948},{"Length":45,"Height":4,"Demand":0,"DemandMax":4,"Value":180},{"Length":43,"Height":26,"Demand":0,"DemandMax":4,"Value":3354},{"Length":49,"Height":40,"Demand":0,"DemandMax":4,"Value":3920},{"Length":59,"Height":80,"Demand":0,"DemandMax":4,"Value":4720},{"Length":46,"Height":15,"Demand":0,"DemandMax":4,"Value":690},{"Length":3,"Height":10,"Demand":0,"DemandMax":4,"Value":90},{"Length":90,"Height":78,"Demand":0,"DemandMax":4,"Value":7020},{"Length":4,"Height":82,"Demand":0,"DemandMax":4,"Value":328},{"Length":29,"Height":47,"Demand":0,"DemandMax":4,"Value":2726},{"Length":26,"Height":43,"Demand":0,"DemandMax":4,"Value":3354},{"Length":40,"Height":47,"Demand":0,"DemandMax":8,"Value":5640},{"Length":31,"Height":16,"Demand":0,"DemandMax":4,"Value":992},{"Length":7,"Height":47,"Demand":0,"DemandMax":4,"Value":987},{"Length":100,"Height":17,"Demand":0,"DemandMax":4,"Value":5100},{"Length":20,"Height":77,"Demand":0,"DemandMax":4,"Value":1540},{"Length":97,"Height":92,"Demand":0,"DemandMax":4,"Value":8924},{"Length":3,"Height":37,"Demand":0,"DemandMax":4,"Value":222},{"Length":23,"Height":19,"Demand":0,"DemandMax":4,"Value":437},{"Length":17,"Height":50,"Demand":0,"DemandMax":4,"Value":850},{"Length":66,"Height":69,"Demand":0,"DemandMax":4,"Value":4554},{"Length":33,"Height":92,"Demand":0,"DemandMax":4,"Value":3036},{"Length":16,"Height":82,"Demand":0,"DemandMax":4,"Value":1312},{"Length":15,"Height":13,"Demand":0,"DemandMax":4,"Value":585},{"Length":45,"Height":12,"Demand":0,"DemandMax":4,"Value":1620},{"Length":48,"Height":9,"Demand":0,"DemandMax":4,"Value":1296},{"Length":29,"Height":19,"Demand":0,"DemandMax":4,"Value":1102},{"Length":42,"Height":20,"Demand":0,"DemandMax":4,"Value":1680},{"Length":40,"Height":50,"Demand":0,"DemandMax":4,"Value":6000},{"Length":92,"Height":54,"Demand":0,"DemandMax":4,"Value":4968},{"Length":8,"Height":85,"Demand":0,"DemandMax":4,"Value":1360},{"Length":10,"Height":76,"Demand":0,"DemandMax":4,"Value":2280},{"Length":100,"Height":29,"Demand":0,"DemandMax":4,"Value":2900},{"Length":45,"Height":7,"Demand":0,"DemandMax":4,"Value":315},{"Length":8,"Height":40,"Demand":0,"DemandMax":4,"Value":960},{"Length":31,"Height":43,"Demand":0,"DemandMax":4,"Value":1333},{"Length":26,"Height":11,"Demand":0,"DemandMax":4,"Value":572},{"Length":28,"Height":30,"Demand":0,"DemandMax":4,"Value":1680},{"Length":26,"Height":96,"Demand":0,"DemandMax":4,"Value":7488},{"Length":40,"Height":23,"Demand":0,"DemandMax":4,"Value":2760},{"Length":50,"Height":22,"Demand":0,"DemandMax":4,"Value":3300},{"Length":57,"Height":56,"Demand":0,"DemandMax":4,"Value":3192},{"Length":3,"Height":83,"Demand":0,"DemandMax":4,"Value":747},{"Length":25,"Height":41,"Demand":0,"DemandMax":4,"Value":2050},{"Length":11,"Height":40,"Demand":0,"DemandMax":4,"Value":1320},{"Length":87,"Height":54,"Demand":0,"DemandMax":4,"Value":9396},{"Length":16,"Height":39,"Demand":0,"DemandMax":4,"Value":1248},{"Length":47,"Height":89,"Demand":0,"DemandMax":4,"Value":12549},{"Length":47,"Height":45,"Demand":0,"DemandMax":4,"Value":2115},{"Length":35,"Height":32,"Demand":0,"DemandMax":4,"Value":1120},{"Length":37,"Height":44,"Demand":0,"DemandMax":4,"Value":1628},{"Length":12,"Height":94,"Demand":0,"DemandMax":4,"Value":2256},{"Length":52,"Height":96,"Demand":0,"DemandMax":4,"Value":14976},{"Length":31,"Height":31,"Demand":0,"DemandMax":4,"Value":961},{"Length":22,"Height":38,"Demand":0,"DemandMax":4,"Value":1672},{"Length":12,"Height":13,"Demand":0,"DemandMax":4,"Value":468},{"Length":30,"Height":92,"Demand":0,"DemandMax":4,"Value":8280}]}