{"Name":"ngcutfs3_53","Objects":[{"Length":100,"Height":100,"Stock":null,"Cost":10000}],"Items":[{"Length":28,"Height":12,"Demand":0,"DemandMax":4,"Value":1008},{"Length":14,"Height":24,"Demand":0,"DemandMax":4,"Value":1008},{"Length":32,"Height":40,"Demand":0,"DemandMax":4,"Value":1280},{"Length":16,"Height":27,"Demand":0,"DemandMax":4,"Value":864},{"Length":18,"Height":42,"Demand":0,"DemandMax":4,"Value":2268},{"Length":44,"Height":76,"Demand":0,"DemandMax":4,"Value":3344},{"Length":12,"Height":27,"Demand":0,"DemandMax":4,"Value":324},{"Length":87,"Height":95,"Demand":0,"DemandMax":4,"Value":8265},{"Length":31,"Height":15,"Demand":0,"DemandMax":4,"Value":930},{"Length":33,"Height":12,"Demand":0,"DemandMax":4,"Value":396},{"Length":2,"Height":43,"Demand":0,"DemandMax":4,"Value":258},{"Length":45,"Height":21,"Demand":0,"DemandMax":4,"Value":945},{"Length":2,"Height":29,"Demand":0,"DemandMax":4,"Value":116},{"Length":33,"Height":6,"Demand":0,"DemandMax":4,"Value":594},{"Length":12,"Height":10,"Demand":0,"DemandMax":4,"Value":360},{"Length":14,"Height":44,"Demand":0,"DemandMax":4,"Value":1232},{"Length":19,"Height":44,"Demand":0,"DemandMax":4,"Value":1672},{"Length":84,"Height":30,"Demand":0,"DemandMax":4,"Value":7560},{"Length":73,"Height":98,"Demand":0,"DemandMax":4,"Value":21462},{"Length":19,"Height":48,"Demand":0,"DemandMax":4,"Value":912},{"Length":76,"Height":3,"Demand":0,"DemandMax":4,"Value":456},{"Length":43,"Height":7,"Demand":0,"DemandMax":4,"Value":602},{"Length":92,"Height":17,"Demand":0,"DemandMax":4,"Value":1564},{"Length":12,"Height":32,"Demand":0,"DemandMax":4,"Value":384},{"Length":54,"Height":63,"Demand":0,"DemandMax":4,"Value":6804},{"Length":12,"Height":78,"Demand":0,"DemandMax":4,"Value":1872},{"Length":50,"Height":19,"Demand":0,"DemandMax":4,"Value":1900},{"Length":7,"Height":3,"Demand":0,"DemandMax":4,"Value":42},{"Length":47,"Height":13,"Demand":0,"DemandMax":4,"Value":1222},{"Length":39,"Height":30,"Demand":0,"DemandMax":4,"Value":3510},{"Length":78,"Height":34,"Demand":0,"DemandMax":4,"Value":5304},{"Length":23,"Height":44,"Demand":0,"DemandMax":4,"Value":2024},{"Length":3,"Height":12,"Demand":0,"DemandMax":4,"Value":36},{"Length":46,"Height":41,"Demand":0,"DemandMax":4,"Value":3772},{"Length":26,"Height":18,"Demand":0,"DemandMax":4,"Value":468},{"Length":42,"Height":92,"Demand":0,"DemandMax":4,"Value":7728},{"Length":48,"Height":29,"Demand":0,"DemandMax":4,"Value":1392},{"Length":31,"Height":16,"Demand":0,"DemandMax":4,"Value":496},{"Length":91,"Height":11,"Demand":0,"DemandMax":4,"Value":1001},{"Length":59,"Height":83,"Demand":0,"DemandMax":4,"Value":9794},{"Length":21,"Height":27,"Demand":0,"DemandMax":4,"Value":1134},{"Length":30,"Height":11,"Demand":0,"DemandMax":4,"Value":330},{"Length":13,"Height":22,"Demand":0,"DemandMax":4,"Value":572},{"Length":47,"Height":6,"Demand":0,"DemandMax":4,"Value":282},{"Length":17,"Height":29,"Demand":0,"DemandMax":4,"Value":493},{"Length":7,"Height":83,"Demand":0,"DemandMax":4,"Value":581},{"Length":27,"Height":48,"Demand":0,"DemandMax":4,"Value":3888},{"Length":8,"Height":100,"Demand":0,"DemandMax":4,"Value":2400},{"Length":94,"Height":71,"Demand":0,"DemandMax":4,"Value":20022},{"Length":11,"Height":12,"Demand":0,"DemandMax":4,"Value":264}]}