{"Name":"ngcutfs1_29","Objects":[{"Length":100,"Height":100,"Stock":null,"Cost":10000}],"Items":[{"Length":9,"Height":3,"Demand":0,"DemandMax":4,"Value":27},{"Length":100,"Height":81,"Demand":0,"DemandMax":4,"Value":24300},{"Length":40,"Height":76,"Demand":0,"DemandMax":4,"Value":6080},{"Length":13,"Height":34,"Demand":0,"DemandMax":4,"Value":442},{"Length":8,"Height":16,"Demand":0,"DemandMax":4,"Value":128},{"Length":50,"Height":93,"Demand":0,"DemandMax":4,"Value":13950},{"Length":95,"Height":94,"Demand":0,"DemandMax":4,"Value":26790},{"Length":21,"Height":32,"Demand":0,"DemandMax":4,"Value":2016},{"Length":75,"Height":88,"Demand":0,"DemandMax":4,"Value":19800},{"Length":85,"Height":25,"Demand":0,"DemandMax":4,"Value":6375},{"Length":76,"Height":8,"Demand":0,"DemandMax":4,"Value":1824},{"Length":52,"Height":75,"Demand":0,"DemandMax":4,"Value":3900},{"Length":83,"Height":39,"Demand":0,"DemandMax":4,"Value":6474},{"Length":94,"Height":21,"Demand":0,"DemandMax":4,"Value":5922},{"Length":17,"Height":77,"Demand":0,"DemandMax":4,"Value":2618},{"Length":4,"Height":79,"Demand":0,"DemandMax":4,"Value":948},{"Length":39,"Height":93,"Demand":0,"DemandMax":4,"Value":3627},{"Length":59,"Height":52,"Demand":0,"DemandMax":4,"Value":3068},{"Length":97,"Height":26,"Demand":0,"DemandMax":4,"Value":7566},{"Length":4,"Height":87,"Demand":0,"DemandMax":4,"Value":696},{"Length":55,"Height":73,"Demand":0,"DemandMax":4,"Value":8030},{"Length":25,"Height":48,"Demand":0,"DemandMax":4,"Value":2400},{"Length":39,"Height":37,"Demand":0,"DemandMax":4,"Value":1443},{"Length":74,"Height":60,"Demand":0,"DemandMax":4,"Value":13320},{"Length":62,"Height":82,"Demand":0,"DemandMax":4,"Value":10168},{"Length":3,"Height":28,"Demand":0,"DemandMax":4,"Value":84},{"Length":98,"Height":17,"Demand":0,"DemandMax":4,"Value":1666},{"Length":94,"Height":57,"Demand":0,"DemandMax":4,"Value":10716},{"Length":88,"Height":50,"Demand":0,"DemandMax":4,"Value":8800},{"Length":10,"Height":17,"Demand":0,"DemandMax":4,"Value":170},{"Length":82,"Height":16,"Demand":0,"DemandMax":4,"Value":1312},{"Length":37,"Height":99,"Demand":0,"DemandMax":4,"Value":10989},{"Length":43,"Height":81,"Demand":0,"DemandMax":4,"Value":6966},{"Length":80,"Height":2,"Demand":0,"DemandMax":4,"Value":160},{"Length":76,"Height":58,"Demand":0,"DemandMax":4,"Value":8816},{"Length":16,"Height":89,"Demand":0,"DemandMax":4,"Value":4272},{"Length":12,"Height":42,"Demand":0,"DemandMax":4,"Value":504},{"Length":76,"Height":28,"Demand":0,"DemandMax":4,"Value":4256},{"Length":63,"Height":72,"Demand":0,"DemandMax":4,"Value":4536},{"Length":55,"Height":91,"Demand":0,"DemandMax":4,"Value":5005}]}