{"Name":"ngcutfs1_129","Objects":[{"Length":100,"Height":100,"Stock":null,"Cost":10000}],"Items":[{"Length":27,"Height":34,"Demand":0,"DemandMax":1,"Value":918},{"Length":13,"Height":22,"Demand":0,"DemandMax":1,"Value":286},{"Length":95,"Height":72,"Demand":0,"DemandMax":1,"Value":6840},{"Length":87,"Height":89,"Demand":0,"DemandMax":1,"Value":23229},{"Length":76,"Height":97,"Demand":0,"DemandMax":1,"Value":14744},{"Length":29,"Height":18,"Demand":0,"DemandMax":1,"Value":1044},{"Length":98,"Height":58,"Demand":0,"DemandMax":1,"Value":17052},{"Length":75,"Height":88,"Demand":0,"DemandMax":1,"Value":6600},{"Length":87,"Height":24,"Demand":0,"DemandMax":1,"Value":6264},{"Length":34,"Height":47,"Demand":0,"DemandMax":1,"Value":1598},{"Length":12,"Height":40,"Demand":0,"DemandMax":1,"Value":960},{"Length":76,"Height":15,"Demand":0,"DemandMax":1,"Value":3420},{"Length":37,"Height":9,"Demand":0,"DemandMax":1,"Value":999},{"Length":77,"Height":34,"Demand":0,"DemandMax":1,"Value":7854},{"Length":70,"Height":76,"Demand":0,"DemandMax":1,"Value":5320},{"Length":46,"Height":4,"Demand":0,"DemandMax":1,"Value":368},{"Length":30,"Height":95,"Demand":0,"DemandMax":1,"Value":5700},{"Length":99,"Height":55,"Demand":0,"DemandMax":1,"Value":10890},{"Length":37,"Height":88,"Demand":0,"DemandMax":1,"Value":3256},{"Length":34,"Height":29,"Demand":0,"DemandMax":1,"Value":2958},{"Length":86,"Height":6,"Demand":0,"DemandMax":1,"Value":1032},{"Length":27,"Height":16,"Demand":0,"DemandMax":1,"Value":432},{"Length":54,"Height":87,"Demand":0,"DemandMax":1,"Value":9396},{"Length":19,"Height":39,"Demand":0,"DemandMax":1,"Value":1482},{"Length":77,"Height":73,"Demand":0,"DemandMax":1,"Value":5621},{"Length":31,"Height":7,"Demand":0,"DemandMax":1,"Value":434},{"Length":8,"Height":5,"Demand":0,"DemandMax":1,"Value":120},{"Length":76,"Height":22,"Demand":0,"DemandMax":1,"Value":5016},{"Length":94,"Height":66,"Demand":0,"DemandMax":1,"Value":18612},{"Length":83,"Height":8,"Demand":0,"DemandMax":1,"Value":1328},{"Length":13,"Height":23,"Demand":0,"DemandMax":1,"Value":299},{"Length":71,"Height":84,"Demand":0,"DemandMax":1,"Value":17892},{"Length":26,"Height":36,"Demand":0,"DemandMax":1,"Value":936},{"Length":36,"Height":6,"Demand":0,"DemandMax":1,"Value":216},{"Length":37,"Height":20,"Demand":0,"DemandMax":1,"Value":2220},{"Length":47,"Height":48,"Demand":0,"DemandMax":1,"Value":2256},{"Length":26,"Height":7,"Demand":0,"DemandMax":1,"Value":364},{"Length":92,"Height":23,"Demand":0,"DemandMax":1,"Value":2116},{"Length":45,"Height":23,"Demand":0,"DemandMax":1,"Value":2070},{"Length":13,"Height":30,"Demand":0,"DemandMax":1,"Value":780},{"Length":30,"Height":81,"Demand":0,"DemandMax":1,"Value":7290},{"Length":5,"Height":77,"Demand":0,"DemandMax":1,"Value":1155},{"Length":90,"Height":6,"Demand":0,"DemandMax":1,"Value":540},{"Length":7,"Height":45,"Demand":0,"DemandMax":1,"Value":315},{"Length":54,"Height":71,"Demand":0,"DemandMax":1,"Value":11502},{"Length":18,"Height":47,"Demand":0,"DemandMax":1,"Value":1692},{"Length":15,"Height":45,"Demand":0,"DemandMax":1,"Value":675},{"Length":37,"Height":86,"Demand":0,"DemandMax":1,"Value":6364},{"Length":14,"Height":83,"Demand":0,"DemandMax":1,"Value":3486},{"Length":71,"Height":63,"Demand":0,"DemandMax":1,"Value":4473},{"Length":81,"Height":72,"Demand":0,"DemandMax":1,"Value":11664},{"Length":68,"Height":85,"Demand":0,"DemandMax":1,"Value":17340},{"Length":79,"Height":45,"Demand":0,"DemandMax":1,"Value":10665},{"Length":19,"Height":30,"Demand":0,"DemandMax":1,"Value":1140},{"Length":27,"Height":76,"Demand":0,"DemandMax":1,"Value":2052},{"Length":38,"Height":35,"Demand":0,"DemandMax":1,"Value":3990},{"Length":76,"Height":48,"Demand":0,"DemandMax":1,"Value":10944},{"Length":86,"Height":5,"Demand":0,"DemandMax":1,"Value":430},{"Length":83,"Height":94,"Demand":0,"DemandMax":1,"Value":15604},{"Length":27,"Height":87,"Demand":0,"DemandMax":1,"Value":2349},{"Length":38,"Height":9,"Demand":0,"DemandMax":1,"Value":342},{"Length":87,"Height":37,"Demand":0,"DemandMax":1,"Value":9657},{"Length":87,"Height":47,"Demand":0,"DemandMax":1,"Value":12267},{"Length":45,"Height":84,"Demand":0,"DemandMax":1,"Value":7560},{"Length":99,"Height":90,"Demand":0,"DemandMax":1,"Value":17820},{"Length":27,"Height":47,"Demand":0,"DemandMax":1,"Value":1269},{"Length":90,"Height":42,"Demand":0,"DemandMax":1,"Value":7560},{"Length":9,"Height":90,"Demand":0,"DemandMax":1,"Value":810},{"Length":99,"Height":30,"Demand":0,"DemandMax":1,"Value":2970},{"Length":23,"Height":79,"Demand":0,"DemandMax":1,"Value":3634},{"Length":96,"Height":71,"Demand":0,"DemandMax":1,"Value":20448},{"Length":31,"Height":39,"Demand":0,"DemandMax":1,"Value":1209},{"Length":17,"Height":81,"Demand":0,"DemandMax":1,"Value":2754},{"Length":32,"Height":17,"Demand":0,"DemandMax":1,"Value":544},{"Length":85,"Height":98,"Demand":0,"DemandMax":1,"Value":24990},{"Length":55,"Height":79,"Demand":0,"DemandMax":1,"Value":13035},{"Length":78,"Height":16,"Demand":0,"DemandMax":1,"Value":2496},{"Length":42,"Height":28,"Demand":0,"DemandMax":1,"Value":3528},{"Length":95,"Height":54,"Demand":0,"DemandMax":1,"Value":5130},{"Length":46,"Height":5,"Demand":0,"DemandMax":1,"Value":230},{"Length":49,"Height":9,"Demand":0,"DemandMax":1,"Value":441},{"Length":88,"Height":49,"Demand":0,"DemandMax":1,"Value":12936},{"Length":83,"Height":80,"Demand":0,"DemandMax":1,"Value":6640},{"Length":6,"Height":34,"Demand":0,"DemandMax":1,"Value":408},{"Length":11,"Height":14,"Demand":0,"DemandMax":1,"Value":308},{"Length":36,"Height":2,"Demand":0,"DemandMax":1,"Value":144},{"Length":17,"Height":25,"Demand":0,"DemandMax":1,"Value":1275},{"Length":44,"Height":42,"Demand":0,"DemandMax":1,"Value":3696},{"Length":17,"Height":5,"Demand":0,"DemandMax":1,"Value":255},{"Length":97,"Height":10,"Demand":0,"DemandMax":1,"Value":970},{"Length":67,"Height":99,"Demand":0,"DemandMax":1,"Value":6633},{"Length":45,"Height":21,"Demand":0,"DemandMax":1,"Value":1890},{"Length":43,"Height":31,"Demand":0,"DemandMax":1,"Value":1333},{"Length":20,"Height":37,"Demand":0,"DemandMax":1,"Value":740},{"Length":75,"Height":79,"Demand":0,"DemandMax":1,"Value":11850},{"Length":27,"Height":39,"Demand":0,"DemandMax":1,"Value":3159},{"Length":96,"Height":14,"Demand":0,"DemandMax":1,"Value":4032},{"Length":37,"Height":42,"Demand":0,"DemandMax":1,"Value":4662},{"Length":65,"Height":52,"Demand":0,"DemandMax":1,"Value":3380},{"Length":10,"Height":10,"Demand":0,"DemandMax":1,"Value":300},{"Length":42,"Height":86,"Demand":0,"DemandMax":1,"Value":3612},{"Length":78,"Height":23,"Demand":0,"DemandMax":1,"Value":5382},{"Length":20,"Height":83,"Demand":0,"DemandMax":1,"Value":3320},{"Length":6,"Height":36,"Demand":0,"DemandMax":1,"Value":432},{"Length":74,"Height":62,"Demand":0,"DemandMax":1,"Value":9176},{"Length":11,"Height":97,"Demand":0,"DemandMax":1,"Value":1067},{"Length":20,"Height":96,"Demand":0,"DemandMax":1,"Value":5760},{"Length":5,"Height":9,"Demand":0,"DemandMax":1,"Value":135},{"Length":45,"Height":15,"Demand":0,"DemandMax":1,"Value":1350},{"Length":24,"Height":46,"Demand":0,"DemandMax":1,"Value":1104},{"Length":78,"Height":85,"Demand":0,"DemandMax":1,"Value":19890},{"Length":24,"Height":3,"Demand":0,"DemandMax":1,"Value":216},{"Length":13,"Height":28,"Demand":0,"DemandMax":1,"Value":364},{"Length":41,"Height":96,"Demand":0,"DemandMax":1,"Value":3936},{"Length":69,"Height":89,"Demand":0,"DemandMax":1,"Value":12282},{"Length":76,"Height":51,"Demand":0,"DemandMax":1,"Value":11628},{"Length":35,"Height":81,"Demand":0,"DemandMax":1,"Value":5670},{"Length":2,"Height":90,"Demand":0,"DemandMax":1,"Value":180},{"Length":85,"Height":86,"Demand":0,"DemandMax":1,"Value":7310},{"Length":20,"Height":76,"Demand":0,"DemandMax":1,"Value":3040},{"Length":26,"Height":41,"Demand":0,"DemandMax":1,"Value":2132},{"Length":100,"Height":71,"Demand":0,"DemandMax":1,"Value":7100},{"Length":20,"Height":95,"Demand":0,"DemandMax":1,"Value":3800},{"Length":39,"Height":13,"Demand":0,"DemandMax":1,"Value":507},{"Length":12,"Height":19,"Demand":0,"DemandMax":1,"Value":456},{"Length":99,"Height":85,"Demand":0,"DemandMax":1,"Value":25245},{"Length":92,"Height":90,"Demand":0,"DemandMax":1,"Value":24840},{"Length":76,"Height":42,"Demand":0,"DemandMax":1,"Value":3192},{"Length":74,"Height":73,"Demand":0,"DemandMax":1,"Value":10804},{"Length":2,"Height":39,"Demand":0,"DemandMax":1,"Value":234},{"Length":47,"Height":15,"Demand":0,"DemandMax":1,"Value":2115},{"Length":22,"Height":4,"Demand":0,"DemandMax":1,"Value":176},{"Length":76,"Height":41,"Demand":0,"DemandMax":1,"Value":9348},{"Length":78,"Height":35,"Demand":0,"DemandMax":1,"Value":8190},{"Length":49,"Height":87,"Demand":0,"DemandMax":1,"Value":8526},{"Length":85,"Height":4,"Demand":0,"DemandMax":1,"Value":1020},{"Length":13,"Height":22,"Demand":0,"DemandMax":1,"Value":858},{"Length":39,"Height":42,"Demand":0,"DemandMax":1,"Value":4914},{"Length":89,"Height":56,"Demand":0,"DemandMax":1,"Value":9968},{"Length":93,"Height":22,"Demand":0,"DemandMax":1,"Value":4092},{"Length":81,"Height":64,"Demand":0,"DemandMax":1,"Value":15552},{"Length":25,"Height":34,"Demand":0,"DemandMax":1,"Value":850},{"Length":87,"Height":24,"Demand":0,"DemandMax":1,"Value":4176},{"Length":32,"Height":12,"Demand":0,"DemandMax":1,"Value":384},{"Length":23,"Height":95,"Demand":0,"DemandMax":1,"Value":6555},{"Length":39,"Height":93,"Demand":0,"DemandMax":1,"Value":10881},{"Length":48,"Height":9,"Demand":0,"DemandMax":1,"Value":432},{"Length":11,"Height":41,"Demand":0,"DemandMax":1,"Value":451},{"Length":45,"Height":41,"Demand":0,"DemandMax":1,"Value":3690},{"Length":69,"Height":73,"Demand":0,"DemandMax":1,"Value":10074},{"Length":80,"Height":73,"Demand":0,"DemandMax":1,"Value":5840},{"Length":2,"Height":86,"Demand":0,"DemandMax":1,"Value":344},{"Length":2,"Height":26,"Demand":0,"DemandMax":1,"Value":156},{"Length":44,"Height":17,"Demand":0,"DemandMax":1,"Value":1496},{"Length":7,"Height":17,"Demand":0,"DemandMax":1,"Value":357},{"Length":84,"Height":32,"Demand":0,"DemandMax":1,"Value":2688},{"Length":98,"Height":20,"Demand":0,"DemandMax":1,"Value":1960},{"Length":48,"Height":15,"Demand":0,"DemandMax":1,"Value":720},{"Length":15,"Height":9,"Demand":0,"DemandMax":1,"Value":135},{"Length":71,"Height":65,"Demand":0,"DemandMax":1,"Value":4615},{"Length":14,"Height":5,"Demand":0,"DemandMax":1,"Value":210},{"Length":24,"Height":44,"Demand":0,"DemandMax":1,"Value":1056},{"Length":100,"Height":90,"Demand":0,"DemandMax":1,"Value":9000},{"Length":77,"Height":51,"Demand":0,"DemandMax":1,"Value":3927},{"Length":99,"Height":28,"Demand":0,"DemandMax":1,"Value":8316},{"Length":38,"Height":80,"Demand":0,"DemandMax":1,"Value":3040},{"Length":10,"Height":4,"Demand":0,"DemandMax":1,"Value":120},{"Length":99,"Height":13,"Demand":0,"DemandMax":1,"Value":1287},{"Length":17,"Height":50,"Demand":0,"DemandMax":1,"Value":2550},{"Length":91,"Height":72,"Demand":0,"DemandMax":1,"Value":13104},{"Length":30,"Height":16,"Demand":0,"DemandMax":1,"Value":1440},{"Length":92,"Height":44,"Demand":0,"DemandMax":1,"Value":4048},{"Length":84,"Height":61,"Demand":0,"DemandMax":1,"Value":15372},{"Length":26,"Height":96,"Demand":0,"DemandMax":1,"Value":7488},{"Length":10,"Height":22,"Demand":0,"DemandMax":1,"Value":440},{"Length":85,"Height":5,"Demand":0,"DemandMax":1,"Value":1275},{"Length":68,"Height":64,"Demand":0,"DemandMax":1,"Value":8704},{"Length":15,"Height":83,"Demand":0,"DemandMax":1,"Value":2490},{"Length":7,"Height":46,"Demand":0,"DemandMax":1,"Value":644},{"Length":77,"Height":4,"Demand":0,"DemandMax":1,"Value":308},{"Length":2,"Height":28,"Demand":0,"DemandMax":1,"Value":56},{"Length":55,"Height":70,"Demand":0,"DemandMax":1,"Value":3850},{"Length":88,"Height":90,"Demand":0,"DemandMax":1,"Value":23760},{"Length":24,"Height":47,"Demand":0,"DemandMax":1,"Value":2256},{"Length":87,"Height":74,"Demand":0,"DemandMax":1,"Value":6438},{"Length":28,"Height":9,"Demand":0,"DemandMax":1,"Value":504},{"Length":77,"Height":16,"Demand":0,"DemandMax":1,"Value":2464},{"Length":9,"Height":91,"Demand":0,"DemandMax":1,"Value":2457},{"Length":7,"Height":30,"Demand":0,"DemandMax":1,"Value":630},{"Length":95,"Height":98,"Demand":0,"DemandMax":1,"Value":18620},{"Length":86,"Height":24,"Demand":0,"DemandMax":1,"Value":6192},{"Length":93,"Height":29,"Demand":0,"DemandMax":1,"Value":5394},{"Length":99,"Height":39,"Demand":0,"DemandMax":1,"Value":7722},{"Length":37,"Height":37,"Demand":0,"DemandMax":1,"Value":1369},{"Length":28,"Height":10,"Demand":0,"DemandMax":1,"Value":560},{"Length":46,"Height":10,"Demand":0,"DemandMax":1,"Value":1380},{"Length":82,"Height":56,"Demand":0,"DemandMax":1,"Value":13776},{"Length":38,"Height":21,"Demand":0,"DemandMax":1,"Value":1596},{"Length":27,"Height":50,"Demand":0,"DemandMax":1,"Value":4050},{"Length":78,"Height":44,"Demand":0,"DemandMax":1,"Value":6864},{"Length":40,"Height":35,"Demand":0,"DemandMax":1,"Value":4200},{"Length":91,"Height":22,"Demand":0,"DemandMax":1,"Value":6006},{"Length":97,"Height":11,"Demand":0,"DemandMax":1,"Value":1067},{"Length":92,"Height":32,"Demand":0,"DemandMax":1,"Value":5888},{"Length":95,"Height":28,"Demand":0,"DemandMax":1,"Value":2660},{"Length":75,"Height":68,"Demand":0,"DemandMax":1,"Value":15300},{"Length":78,"Height":51,"Demand":0,"DemandMax":1,"Value":11934},{"Length":39,"Height":49,"Demand":0,"DemandMax":1,"Value":5733},{"Length":17,"Height":78,"Demand":0,"DemandMax":1,"Value":2652},{"Length":88,"Height":65,"Demand":0,"DemandMax":1,"Value":17160},{"Length":80,"Height":74,"Demand":0,"DemandMax":1,"Value":17760},{"Length":98,"Height":93,"Demand":0,"DemandMax":1,"Value":18228},{"Length":76,"Height":33,"Demand":0,"DemandMax":1,"Value":5016},{"Length":10,"Height":49,"Demand":0,"DemandMax":1,"Value":980},{"Length":4,"Height":77,"Demand":0,"DemandMax":1,"Value":308},{"Length":20,"Height":10,"Demand":0,"DemandMax":1,"Value":400},{"Length":29,"Height":2,"Demand":0,"DemandMax":1,"Value":58},{"Length":75,"Height":69,"Demand":0,"DemandMax":1,"Value":10350},{"Length":30,"Height":4,"Demand":0,"DemandMax":1,"Value":120},{"Length":27,"Height":94,"Demand":0,"DemandMax":1,"Value":5076},{"Length":17,"Height":29,"Demand":0,"DemandMax":1,"Value":986},{"Length":22,"Height":6,"Demand":0,"DemandMax":1,"Value":264},{"Length":35,"Height":88,"Demand":0,"DemandMax":1,"Value":6160},{"Length":56,"Height":78,"Demand":0,"DemandMax":1,"Value":13104},{"Length":50,"Height":4,"Demand":0,"DemandMax":1,"Value":400},{"Length":100,"Height":64,"Demand":0,"DemandMax":1,"Value":6400},{"Length":98,"Height":81,"Demand":0,"DemandMax":1,"Value":7938},{"Length":47,"Height":50,"Demand":0,"DemandMax":1,"Value":7050},{"Length":48,"Height":44,"Demand":0,"DemandMax":1,"Value":4224},{"Length":43,"Height":30,"Demand":0,"DemandMax":1,"Value":3870},{"Length":47,"Height":84,"Demand":0,"DemandMax":1,"Value":11844},{"Length":57,"Height":67,"Demand":0,"DemandMax":1,"Value":11457},{"Length":73,"Height":86,"Demand":0,"DemandMax":1,"Value":6278},{"Length":56,"Height":82,"Demand":0,"DemandMax":1,"Value":9184},{"Length":96,"Height":22,"Demand":0,"DemandMax":1,"Value":2112},{"Length":74,"Height":73,"Demand":0,"DemandMax":1,"Value":5402},{"Length":17,"Height":29,"Demand":0,"DemandMax":1,"Value":493},{"Length":94,"Height":4,"Demand":0,"DemandMax":1,"Value":1128},{"Length":21,"Height":88,"Demand":0,"DemandMax":1,"Value":1848},{"Length":22,"Height":13,"Demand":0,"DemandMax":1,"Value":858},{"Length":3,"Height":40,"Demand":0,"DemandMax":1,"Value":240},{"Length":23,"Height":87,"Demand":0,"DemandMax":1,"Value":4002},{"Length":8,"Height":24,"Demand":0,"DemandMax":1,"Value":384},{"Length":80,"Height":8,"Demand":0,"DemandMax":1,"Value":1920},{"Length":97,"Height":63,"Demand":0,"DemandMax":1,"Value":12222},{"Length":80,"Height":19,"Demand":0,"DemandMax":1,"Value":4560},{"Length":95,"Height":8,"Demand":0,"DemandMax":1,"Value":1520},{"Length":35,"Height":100,"Demand":0,"DemandMax":1,"Value":3500},{"Length":23,"Height":17,"Demand":0,"DemandMax":1,"Value":391},{"Length":100,"Height":91,"Demand":0,"DemandMax":1,"Value":9100}]}