{"Name":"ngcutfs3_103","Objects":[{"Length":100,"Height":100,"Stock":null,"Cost":10000}],"Items":[{"Length":45,"Height":20,"Demand":0,"DemandMax":3,"Value":1800},{"Length":54,"Height":73,"Demand":0,"DemandMax":3,"Value":11826},{"Length":88,"Height":40,"Demand":0,"DemandMax":3,"Value":7040},{"Length":24,"Height":49,"Demand":0,"DemandMax":3,"Value":2352},{"Length":46,"Height":42,"Demand":0,"DemandMax":3,"Value":3864},{"Length":69,"Height":90,"Demand":0,"DemandMax":3,"Value":18630},{"Length":24,"Height":41,"Demand":0,"DemandMax":3,"Value":984},{"Length":35,"Height":99,"Demand":0,"DemandMax":3,"Value":6930},{"Length":78,"Height":45,"Demand":0,"DemandMax":3,"Value":7020},{"Length":47,"Height":45,"Demand":0,"DemandMax":3,"Value":4230},{"Length":96,"Height":88,"Demand":0,"DemandMax":3,"Value":25344},{"Length":23,"Height":38,"Demand":0,"DemandMax":3,"Value":874},{"Length":36,"Height":19,"Demand":0,"DemandMax":3,"Value":1368},{"Length":31,"Height":95,"Demand":0,"DemandMax":3,"Value":8835},{"Length":22,"Height":27,"Demand":0,"DemandMax":3,"Value":594},{"Length":35,"Height":93,"Demand":0,"DemandMax":3,"Value":3255},{"Length":9,"Height":10,"Demand":0,"DemandMax":3,"Value":90},{"Length":45,"Height":17,"Demand":0,"DemandMax":3,"Value":2295},{"Length":10,"Height":17,"Demand":0,"DemandMax":3,"Value":170},{"Length":2,"Height":47,"Demand":0,"DemandMax":3,"Value":94},{"Length":42,"Height":48,"Demand":0,"DemandMax":3,"Value":6048},{"Length":4,"Height":24,"Demand":0,"DemandMax":3,"Value":192},{"Length":90,"Height":14,"Demand":0,"DemandMax":3,"Value":3780},{"Length":48,"Height":37,"Demand":0,"DemandMax":3,"Value":1776},{"Length":37,"Height":43,"Demand":0,"DemandMax":3,"Value":4773},{"Length":36,"Height":6,"Demand":0,"DemandMax":3,"Value":648},{"Length":20,"Height":87,"Demand":0,"DemandMax":3,"Value":1740},{"Length":13,"Height":33,"Demand":0,"DemandMax":3,"Value":858},{"Length":62,"Height":74,"Demand":0,"DemandMax":3,"Value":9176},{"Length":8,"Height":34,"Demand":0,"DemandMax":3,"Value":816},{"Length":10,"Height":89,"Demand":0,"DemandMax":3,"Value":2670},{"Length":37,"Height":6,"Demand":0,"DemandMax":3,"Value":444},{"Length":81,"Height":49,"Demand":0,"DemandMax":3,"Value":7938},{"Length":48,"Height":40,"Demand":0,"DemandMax":3,"Value":5760},{"Length":30,"Height":28,"Demand":0,"DemandMax":3,"Value":840},{"Length":41,"Height":3,"Demand":0,"DemandMax":3,"Value":369},{"Length":47,"Height":40,"Demand":0,"DemandMax":3,"Value":3760},{"Length":44,"Height":27,"Demand":0,"DemandMax":3,"Value":1188},{"Length":81,"Height":18,"Demand":0,"DemandMax":3,"Value":1458},{"Length":79,"Height":64,"Demand":0,"DemandMax":3,"Value":5056},{"Length":94,"Height":78,"Demand":0,"DemandMax":3,"Value":14664},{"Length":19,"Height":24,"Demand":0,"DemandMax":3,"Value":1368},{"Length":21,"Height":45,"Demand":0,"DemandMax":3,"Value":1890},{"Length":81,"Height":39,"Demand":0,"DemandMax":3,"Value":6318},{"Length":44,"Height":50,"Demand":0,"DemandMax":3,"Value":4400},{"Length":22,"Height":32,"Demand":0,"DemandMax":3,"Value":2112},{"Length":78,"Height":3,"Demand":0,"DemandMax":3,"Value":702},{"Length":14,"Height":4,"Demand":0,"DemandMax":3,"Value":56},{"Length":2,"Height":27,"Demand":0,"DemandMax":3,"Value":162},{"Length":30,"Height":19,"Demand":0,"DemandMax":3,"Value":1710},{"Length":49,"Height":31,"Demand":0,"DemandMax":3,"Value":1519},{"Length":83,"Height":64,"Demand":0,"DemandMax":3,"Value":15936},{"Length":26,"Height":25,"Demand":0,"DemandMax":3,"Value":1950},{"Length":8,"Height":98,"Demand":0,"DemandMax":3,"Value":1568},{"Length":89,"Height":50,"Demand":0,"DemandMax":3,"Value":13350},{"Length":8,"Height":49,"Demand":0,"DemandMax":3,"Value":392},{"Length":95,"Height":92,"Demand":0,"DemandMax":3,"Value":17480},{"Length":77,"Height":2,"Demand":0,"DemandMax":3,"Value":462},{"Length":94,"Height":66,"Demand":0,"DemandMax":3,"Value":6204},{"Length":36,"Height":24,"Demand":0,"DemandMax":3,"Value":1728},{"Length":5,"Height":31,"Demand":0,"DemandMax":3,"Value":465},{"Length":24,"Height":10,"Demand":0,"DemandMax":3,"Value":240},{"Length":5,"Height":13,"Demand":0,"DemandMax":3,"Value":195},{"Length":35,"Height":87,"Demand":0,"DemandMax":3,"Value":6090},{"Length":15,"Height":33,"Demand":0,"DemandMax":3,"Value":495},{"Length":100,"Height":13,"Demand":0,"DemandMax":3,"Value":2600},{"Length":34,"Height":35,"Demand":0,"DemandMax":3,"Value":3570},{"Length":34,"Height":24,"Demand":0,"DemandMax":3,"Value":1632},{"Length":29,"Height":28,"Demand":0,"DemandMax":3,"Value":1624},{"Length":44,"Height":37,"Demand":0,"DemandMax":6,"Value":3256},{"Length":32,"Height":49,"Demand":0,"DemandMax":3,"Value":3136},{"Length":10,"Height":36,"Demand":0,"DemandMax":3,"Value":360},{"Length":47,"Height":22,"Demand":0,"DemandMax":3,"Value":2068},{"Length":38,"Height":36,"Demand":0,"DemandMax":3,"Value":2736},{"Length":89,"Height":18,"Demand":0,"DemandMax":3,"Value":4806},{"Length":32,"Height":35,"Demand":0,"DemandMax":3,"Value":1120},{"Length":81,"Height":3,"Demand":0,"DemandMax":3,"Value":486},{"Length":10,"Height":14,"Demand":0,"DemandMax":3,"Value":420},{"Length":99,"Height":24,"Demand":0,"DemandMax":3,"Value":2376},{"Length":43,"Height":11,"Demand":0,"DemandMax":3,"Value":473},{"Length":99,"Height":71,"Demand":0,"DemandMax":3,"Value":14058},{"Length":66,"Height":85,"Demand":0,"DemandMax":3,"Value":16830},{"Length":19,"Height":26,"Demand":0,"DemandMax":3,"Value":494},{"Length":82,"Height":57,"Demand":0,"DemandMax":3,"Value":9348},{"Length":92,"Height":65,"Demand":0,"DemandMax":3,"Value":5980},{"Length":14,"Height":45,"Demand":0,"DemandMax":3,"Value":630},{"Length":49,"Height":49,"Demand":0,"DemandMax":3,"Value":7203},{"Length":47,"Height":21,"Demand":0,"DemandMax":3,"Value":1974},{"Length":29,"Height":47,"Demand":0,"DemandMax":3,"Value":2726},{"Length":27,"Height":49,"Demand":0,"DemandMax":3,"Value":1323},{"Length":33,"Height":93,"Demand":0,"DemandMax":3,"Value":9207},{"Length":29,"Height":13,"Demand":0,"DemandMax":3,"Value":377},{"Length":10,"Height":2,"Demand":0,"DemandMax":3,"Value":60},{"Length":26,"Height":33,"Demand":0,"DemandMax":3,"Value":1716},{"Length":25,"Height":86,"Demand":0,"DemandMax":3,"Value":4300},{"Length":29,"Height":5,"Demand":0,"DemandMax":3,"Value":290},{"Length":93,"Height":11,"Demand":0,"DemandMax":3,"Value":1023},{"Length":21,"Height":40,"Demand":0,"DemandMax":3,"Value":1680},{"Length":2,"Height":9,"Demand":0,"DemandMax":3,"Value":18},{"Length":12,"Height":47,"Demand":0,"DemandMax":3,"Value":1128},{"Length":40,"Height":10,"Demand":0,"DemandMax":3,"Value":1200},{"Length":27,"Height":44,"Demand":0,"DemandMax":3,"Value":2376},{"Length":48,"Height":6,"Demand":0,"DemandMax":3,"Value":288},{"Length":48,"Height":91,"Demand":0,"DemandMax":3,"Value":13104},{"Length":14,"Height":94,"Demand":0,"DemandMax":3,"Value":3948},{"Length":79,"Height":34,"Demand":0,"DemandMax":3,"Value":2686},{"Length":28,"Height":97,"Demand":0,"DemandMax":3,"Value":8148},{"Length":42,"Height":2,"Demand":0,"DemandMax":3,"Value":84},{"Length":83,"Height":7,"Demand":0,"DemandMax":3,"Value":1162},{"Length":48,"Height":4,"Demand":0,"DemandMax":3,"Value":192},{"Length":39,"Height":18,"Demand":0,"DemandMax":3,"Value":1404},{"Length":49,"Height":36,"Demand":0,"DemandMax":3,"Value":1764},{"Length":29,"Height":47,"Demand":0,"DemandMax":3,"Value":4089},{"Length":42,"Height":17,"Demand":0,"DemandMax":3,"Value":714},{"Length":21,"Height":42,"Demand":0,"DemandMax":3,"Value":882},{"Length":22,"Height":25,"Demand":0,"DemandMax":3,"Value":1100},{"Length":9,"Height":76,"Demand":0,"DemandMax":3,"Value":1368},{"Length":2,"Height":94,"Demand":0,"DemandMax":3,"Value":188},{"Length":29,"Height":36,"Demand":0,"DemandMax":3,"Value":1044},{"Length":6,"Height":18,"Demand":0,"DemandMax":3,"Value":108},{"Length":19,"Height":21,"Demand":0,"DemandMax":3,"Value":399},{"Length":33,"Height":82,"Demand":0,"DemandMax":3,"Value":2706},{"Length":49,"Height":22,"Demand":0,"DemandMax":3,"Value":1078},{"Length":43,"Height":36,"Demand":0,"DemandMax":3,"Value":1548},{"Length":79,"Height":92,"Demand":0,"DemandMax":3,"Value":14536},{"Length":24,"Height":28,"Demand":0,"DemandMax":3,"Value":2016},{"Length":5,"Height":43,"Demand":0,"DemandMax":3,"Value":430},{"Length":46,"Height":85,"Demand":0,"DemandMax":3,"Value":7820},{"Length":34,"Height":13,"Demand":0,"DemandMax":3,"Value":884},{"Length":9,"Height":46,"Demand":0,"DemandMax":3,"Value":828},{"Length":20,"Height":36,"Demand":0,"DemandMax":3,"Value":2160},{"Length":32,"Height":42,"Demand":0,"DemandMax":3,"Value":2688},{"Length":5,"Height":24,"Demand":0,"DemandMax":3,"Value":240},{"Length":35,"Height":49,"Demand":0,"DemandMax":3,"Value":1715},{"Length":10,"Height":12,"Demand":0,"DemandMax":3,"Value":240},{"Length":3,"Height":19,"Demand":0,"DemandMax":3,"Value":114},{"Length":25,"Height":28,"Demand":0,"DemandMax":3,"Value":1400},{"Length":14,"Height":21,"Demand":0,"DemandMax":3,"Value":882},{"Length":20,"Height":84,"Demand":0,"DemandMax":3,"Value":5040},{"Length":26,"Height":83,"Demand":0,"DemandMax":3,"Value":2158},{"Length":36,"Height":39,"Demand":0,"DemandMax":3,"Value":2808},{"Length":7,"Height":93,"Demand":0,"DemandMax":3,"Value":1953},{"Length":77,"Height":98,"Demand":0,"DemandMax":3,"Value":22638},{"Length":7,"Height":9,"Demand":0,"DemandMax":3,"Value":126},{"Length":89,"Height":61,"Demand":0,"DemandMax":3,"Value":5429},{"Length":36,"Height":39,"Demand":0,"DemandMax":3,"Value":1404},{"Length":9,"Height":77,"Demand":0,"DemandMax":3,"Value":2079},{"Length":78,"Height":9,"Demand":0,"DemandMax":3,"Value":2106},{"Length":93,"Height":47,"Demand":0,"DemandMax":3,"Value":13113}]}