{"Name":"ngcutfs1_157","Objects":[{"Length":100,"Height":100,"Stock":null,"Cost":10000}],"Items":[{"Length":83,"Height":48,"Demand":0,"DemandMax":1,"Value":7968},{"Length":50,"Height":93,"Demand":0,"DemandMax":1,"Value":4650},{"Length":41,"Height":36,"Demand":0,"DemandMax":1,"Value":1476},{"Length":55,"Height":63,"Demand":0,"DemandMax":1,"Value":3465},{"Length":85,"Height":28,"Demand":0,"DemandMax":1,"Value":4760},{"Length":45,"Height":33,"Demand":0,"DemandMax":1,"Value":4455},{"Length":16,"Height":94,"Demand":0,"DemandMax":1,"Value":1504},{"Length":71,"Height":77,"Demand":0,"DemandMax":1,"Value":16401},{"Length":60,"Height":66,"Demand":0,"DemandMax":1,"Value":11880},{"Length":85,"Height":54,"Demand":0,"DemandMax":1,"Value":13770},{"Length":35,"Height":41,"Demand":0,"DemandMax":1,"Value":2870},{"Length":18,"Height":13,"Demand":0,"DemandMax":1,"Value":234},{"Length":2,"Height":100,"Demand":0,"DemandMax":1,"Value":200},{"Length":18,"Height":34,"Demand":0,"DemandMax":1,"Value":1224},{"Length":100,"Height":9,"Demand":0,"DemandMax":1,"Value":2700},{"Length":47,"Height":18,"Demand":0,"DemandMax":1,"Value":1692},{"Length":79,"Height":97,"Demand":0,"DemandMax":1,"Value":7663},{"Length":10,"Height":87,"Demand":0,"DemandMax":1,"Value":870},{"Length":11,"Height":15,"Demand":0,"DemandMax":1,"Value":165},{"Length":14,"Height":26,"Demand":0,"DemandMax":1,"Value":364},{"Length":78,"Height":16,"Demand":0,"DemandMax":1,"Value":2496},{"Length":88,"Height":56,"Demand":0,"DemandMax":1,"Value":14784},{"Length":41,"Height":94,"Demand":0,"DemandMax":1,"Value":11562},{"Length":81,"Height":39,"Demand":0,"DemandMax":1,"Value":9477},{"Length":97,"Height":39,"Demand":0,"DemandMax":1,"Value":11349},{"Length":29,"Height":38,"Demand":0,"DemandMax":1,"Value":1102},{"Length":21,"Height":29,"Demand":0,"DemandMax":1,"Value":609},{"Length":66,"Height":69,"Demand":0,"DemandMax":1,"Value":13662},{"Length":32,"Height":89,"Demand":0,"DemandMax":1,"Value":5696},{"Length":99,"Height":55,"Demand":0,"DemandMax":1,"Value":5445},{"Length":3,"Height":46,"Demand":0,"DemandMax":1,"Value":276},{"Length":83,"Height":6,"Demand":0,"DemandMax":1,"Value":1494},{"Length":43,"Height":27,"Demand":0,"DemandMax":1,"Value":1161},{"Length":22,"Height":87,"Demand":0,"DemandMax":1,"Value":5742},{"Length":48,"Height":16,"Demand":0,"DemandMax":1,"Value":2304},{"Length":94,"Height":95,"Demand":0,"DemandMax":1,"Value":8930},{"Length":9,"Height":22,"Demand":0,"DemandMax":1,"Value":198},{"Length":29,"Height":32,"Demand":0,"DemandMax":1,"Value":2784},{"Length":21,"Height":29,"Demand":0,"DemandMax":1,"Value":1827},{"Length":36,"Height":35,"Demand":0,"DemandMax":1,"Value":3780},{"Length":41,"Height":48,"Demand":0,"DemandMax":1,"Value":1968},{"Length":86,"Height":24,"Demand":0,"DemandMax":1,"Value":6192},{"Length":50,"Height":31,"Demand":0,"DemandMax":1,"Value":4650},{"Length":37,"Height":25,"Demand":0,"DemandMax":1,"Value":1850},{"Length":40,"Height":28,"Demand":0,"DemandMax":1,"Value":3360},{"Length":19,"Height":84,"Demand":0,"DemandMax":1,"Value":1596},{"Length":81,"Height":77,"Demand":0,"DemandMax":1,"Value":12474},{"Length":27,"Height":7,"Demand":0,"DemandMax":1,"Value":189},{"Length":22,"Height":7,"Demand":0,"DemandMax":2,"Value":308},{"Length":51,"Height":63,"Demand":0,"DemandMax":1,"Value":3213},{"Length":23,"Height":97,"Demand":0,"DemandMax":1,"Value":6693},{"Length":11,"Height":10,"Demand":0,"DemandMax":1,"Value":220},{"Length":5,"Height":21,"Demand":0,"DemandMax":1,"Value":315},{"Length":30,"Height":8,"Demand":0,"DemandMax":1,"Value":720},{"Length":18,"Height":85,"Demand":0,"DemandMax":1,"Value":4590},{"Length":19,"Height":85,"Demand":0,"DemandMax":1,"Value":4845},{"Length":46,"Height":96,"Demand":0,"DemandMax":1,"Value":13248},{"Length":7,"Height":28,"Demand":0,"DemandMax":1,"Value":588},{"Length":22,"Height":50,"Demand":0,"DemandMax":1,"Value":1100},{"Length":57,"Height":57,"Demand":0,"DemandMax":1,"Value":9747},{"Length":12,"Height":41,"Demand":0,"DemandMax":1,"Value":492},{"Length":53,"Height":89,"Demand":0,"DemandMax":1,"Value":14151},{"Length":35,"Height":91,"Demand":0,"DemandMax":1,"Value":9555},{"Length":90,"Height":35,"Demand":0,"DemandMax":1,"Value":9450},{"Length":85,"Height":46,"Demand":0,"DemandMax":1,"Value":7820},{"Length":83,"Height":38,"Demand":0,"DemandMax":1,"Value":3154},{"Length":82,"Height":58,"Demand":0,"DemandMax":1,"Value":9512},{"Length":79,"Height":30,"Demand":0,"DemandMax":1,"Value":4740},{"Length":45,"Height":33,"Demand":0,"DemandMax":1,"Value":2970},{"Length":5,"Height":79,"Demand":0,"DemandMax":1,"Value":395},{"Length":71,"Height":66,"Demand":0,"DemandMax":1,"Value":4686},{"Length":47,"Height":8,"Demand":0,"DemandMax":1,"Value":752},{"Length":90,"Height":33,"Demand":0,"DemandMax":1,"Value":2970},{"Length":94,"Height":47,"Demand":0,"DemandMax":1,"Value":4418},{"Length":33,"Height":81,"Demand":0,"DemandMax":1,"Value":5346},{"Length":96,"Height":15,"Demand":0,"DemandMax":1,"Value":2880},{"Length":57,"Height":88,"Demand":0,"DemandMax":1,"Value":15048},{"Length":82,"Height":33,"Demand":0,"DemandMax":1,"Value":2706},{"Length":11,"Height":100,"Demand":0,"DemandMax":1,"Value":3300},{"Length":87,"Height":50,"Demand":0,"DemandMax":1,"Value":13050},{"Length":97,"Height":11,"Demand":0,"DemandMax":1,"Value":3201},{"Length":85,"Height":17,"Demand":0,"DemandMax":1,"Value":4335},{"Length":30,"Height":31,"Demand":0,"DemandMax":1,"Value":930},{"Length":89,"Height":77,"Demand":0,"DemandMax":1,"Value":13706},{"Length":5,"Height":88,"Demand":0,"DemandMax":1,"Value":880},{"Length":61,"Height":76,"Demand":0,"DemandMax":1,"Value":13908},{"Length":36,"Height":15,"Demand":0,"DemandMax":1,"Value":1080},{"Length":31,"Height":27,"Demand":0,"DemandMax":1,"Value":2511},{"Length":4,"Height":27,"Demand":0,"DemandMax":1,"Value":324},{"Length":7,"Height":18,"Demand":0,"DemandMax":1,"Value":126},{"Length":44,"Height":27,"Demand":0,"DemandMax":1,"Value":3564},{"Length":21,"Height":39,"Demand":0,"DemandMax":1,"Value":819},{"Length":75,"Height":77,"Demand":0,"DemandMax":1,"Value":17325},{"Length":13,"Height":2,"Demand":0,"DemandMax":1,"Value":78},{"Length":79,"Height":56,"Demand":0,"DemandMax":1,"Value":13272},{"Length":85,"Height":6,"Demand":0,"DemandMax":1,"Value":510},{"Length":36,"Height":34,"Demand":0,"DemandMax":1,"Value":1224},{"Length":85,"Height":44,"Demand":0,"DemandMax":1,"Value":11220},{"Length":18,"Height":45,"Demand":0,"DemandMax":1,"Value":2430},{"Length":96,"Height":57,"Demand":0,"DemandMax":2,"Value":5472},{"Length":88,"Height":75,"Demand":0,"DemandMax":1,"Value":13200},{"Length":97,"Height":49,"Demand":0,"DemandMax":1,"Value":9506},{"Length":26,"Height":98,"Demand":0,"DemandMax":1,"Value":2548},{"Length":98,"Height":7,"Demand":0,"DemandMax":1,"Value":1372},{"Length":49,"Height":10,"Demand":0,"DemandMax":1,"Value":1470},{"Length":4,"Height":9,"Demand":0,"DemandMax":1,"Value":108},{"Length":68,"Height":69,"Demand":0,"DemandMax":1,"Value":4692},{"Length":18,"Height":20,"Demand":0,"DemandMax":1,"Value":1080},{"Length":22,"Height":33,"Demand":0,"DemandMax":1,"Value":1452},{"Length":48,"Height":4,"Demand":0,"DemandMax":1,"Value":576},{"Length":73,"Height":61,"Demand":0,"DemandMax":1,"Value":4453},{"Length":22,"Height":99,"Demand":0,"DemandMax":1,"Value":6534},{"Length":81,"Height":74,"Demand":0,"DemandMax":1,"Value":11988},{"Length":44,"Height":84,"Demand":0,"DemandMax":1,"Value":11088},{"Length":63,"Height":94,"Demand":0,"DemandMax":1,"Value":17766},{"Length":38,"Height":47,"Demand":0,"DemandMax":1,"Value":1786},{"Length":30,"Height":100,"Demand":0,"DemandMax":1,"Value":3000},{"Length":83,"Height":21,"Demand":0,"DemandMax":1,"Value":1743},{"Length":19,"Height":42,"Demand":0,"DemandMax":1,"Value":2394},{"Length":52,"Height":97,"Demand":0,"DemandMax":1,"Value":10088},{"Length":80,"Height":45,"Demand":0,"DemandMax":1,"Value":3600},{"Length":70,"Height":100,"Demand":0,"DemandMax":1,"Value":21000},{"Length":77,"Height":28,"Demand":0,"DemandMax":1,"Value":2156},{"Length":99,"Height":49,"Demand":0,"DemandMax":1,"Value":4851},{"Length":87,"Height":34,"Demand":0,"DemandMax":1,"Value":5916},{"Length":73,"Height":88,"Demand":0,"DemandMax":1,"Value":12848},{"Length":92,"Height":35,"Demand":0,"DemandMax":1,"Value":9660},{"Length":63,"Height":51,"Demand":0,"DemandMax":1,"Value":6426},{"Length":78,"Height":55,"Demand":0,"DemandMax":1,"Value":12870},{"Length":92,"Height":51,"Demand":0,"DemandMax":1,"Value":9384},{"Length":36,"Height":20,"Demand":0,"DemandMax":1,"Value":1440},{"Length":32,"Height":46,"Demand":0,"DemandMax":1,"Value":2944},{"Length":89,"Height":76,"Demand":0,"DemandMax":1,"Value":20292},{"Length":91,"Height":26,"Demand":0,"DemandMax":2,"Value":2366},{"Length":79,"Height":91,"Demand":0,"DemandMax":1,"Value":21567},{"Length":21,"Height":42,"Demand":0,"DemandMax":1,"Value":1764},{"Length":65,"Height":82,"Demand":0,"DemandMax":1,"Value":15990},{"Length":46,"Height":91,"Demand":0,"DemandMax":1,"Value":8372},{"Length":57,"Height":78,"Demand":0,"DemandMax":1,"Value":13338},{"Length":92,"Height":87,"Demand":0,"DemandMax":1,"Value":8004},{"Length":93,"Height":32,"Demand":0,"DemandMax":1,"Value":5952},{"Length":66,"Height":55,"Demand":0,"DemandMax":1,"Value":3630},{"Length":67,"Height":63,"Demand":0,"DemandMax":1,"Value":8442},{"Length":9,"Height":47,"Demand":0,"DemandMax":1,"Value":1269},{"Length":36,"Height":27,"Demand":0,"DemandMax":1,"Value":1944},{"Length":3,"Height":9,"Demand":0,"DemandMax":1,"Value":54},{"Length":97,"Height":25,"Demand":0,"DemandMax":1,"Value":7275},{"Length":25,"Height":86,"Demand":0,"DemandMax":1,"Value":2150},{"Length":50,"Height":3,"Demand":0,"DemandMax":1,"Value":150},{"Length":32,"Height":28,"Demand":0,"DemandMax":1,"Value":2688},{"Length":75,"Height":68,"Demand":0,"DemandMax":1,"Value":5100},{"Length":26,"Height":89,"Demand":0,"DemandMax":1,"Value":6942},{"Length":99,"Height":16,"Demand":0,"DemandMax":1,"Value":3168},{"Length":33,"Height":47,"Demand":0,"DemandMax":1,"Value":4653},{"Length":24,"Height":90,"Demand":0,"DemandMax":1,"Value":6480},{"Length":25,"Height":7,"Demand":0,"DemandMax":1,"Value":525},{"Length":100,"Height":68,"Demand":0,"DemandMax":1,"Value":20400},{"Length":50,"Height":96,"Demand":0,"DemandMax":1,"Value":14400},{"Length":90,"Height":6,"Demand":0,"DemandMax":1,"Value":1080},{"Length":98,"Height":10,"Demand":0,"DemandMax":1,"Value":1960},{"Length":24,"Height":36,"Demand":0,"DemandMax":1,"Value":1728},{"Length":9,"Height":12,"Demand":0,"DemandMax":1,"Value":108},{"Length":7,"Height":41,"Demand":0,"DemandMax":1,"Value":861},{"Length":93,"Height":8,"Demand":0,"DemandMax":1,"Value":2232},{"Length":66,"Height":65,"Demand":0,"DemandMax":1,"Value":8580},{"Length":47,"Height":81,"Demand":0,"DemandMax":1,"Value":11421},{"Length":5,"Height":80,"Demand":0,"DemandMax":1,"Value":1200},{"Length":41,"Height":25,"Demand":0,"DemandMax":1,"Value":2050},{"Length":11,"Height":44,"Demand":0,"DemandMax":1,"Value":968},{"Length":6,"Height":44,"Demand":0,"DemandMax":1,"Value":528},{"Length":42,"Height":11,"Demand":0,"DemandMax":1,"Value":462},{"Length":73,"Height":57,"Demand":0,"DemandMax":1,"Value":4161},{"Length":14,"Height":47,"Demand":0,"DemandMax":1,"Value":658},{"Length":80,"Height":46,"Demand":0,"DemandMax":1,"Value":3680},{"Length":8,"Height":22,"Demand":0,"DemandMax":1,"Value":176},{"Length":10,"Height":24,"Demand":0,"DemandMax":1,"Value":480},{"Length":87,"Height":42,"Demand":0,"DemandMax":1,"Value":7308},{"Length":84,"Height":73,"Demand":0,"DemandMax":1,"Value":18396},{"Length":37,"Height":86,"Demand":0,"DemandMax":1,"Value":6364},{"Length":7,"Height":26,"Demand":0,"DemandMax":1,"Value":546},{"Length":5,"Height":6,"Demand":0,"DemandMax":1,"Value":90},{"Length":80,"Height":91,"Demand":0,"DemandMax":1,"Value":21840},{"Length":100,"Height":14,"Demand":0,"DemandMax":1,"Value":2800},{"Length":5,"Height":81,"Demand":0,"DemandMax":1,"Value":810},{"Length":76,"Height":24,"Demand":0,"DemandMax":1,"Value":1824},{"Length":6,"Height":17,"Demand":0,"DemandMax":2,"Value":102},{"Length":89,"Height":84,"Demand":0,"DemandMax":1,"Value":22428},{"Length":5,"Height":32,"Demand":0,"DemandMax":1,"Value":480},{"Length":29,"Height":6,"Demand":0,"DemandMax":1,"Value":174},{"Length":44,"Height":48,"Demand":0,"DemandMax":1,"Value":2112},{"Length":90,"Height":43,"Demand":0,"DemandMax":1,"Value":11610},{"Length":96,"Height":50,"Demand":0,"DemandMax":1,"Value":4800},{"Length":100,"Height":53,"Demand":0,"DemandMax":1,"Value":15900},{"Length":82,"Height":26,"Demand":0,"DemandMax":1,"Value":4264},{"Length":4,"Height":50,"Demand":0,"DemandMax":1,"Value":600},{"Length":7,"Height":76,"Demand":0,"DemandMax":1,"Value":532},{"Length":2,"Height":45,"Demand":0,"DemandMax":1,"Value":180},{"Length":94,"Height":92,"Demand":0,"DemandMax":1,"Value":17296},{"Length":40,"Height":13,"Demand":0,"DemandMax":1,"Value":1040},{"Length":96,"Height":61,"Demand":0,"DemandMax":1,"Value":5856},{"Length":44,"Height":50,"Demand":0,"DemandMax":1,"Value":6600},{"Length":9,"Height":30,"Demand":0,"DemandMax":1,"Value":540},{"Length":72,"Height":82,"Demand":0,"DemandMax":1,"Value":5904},{"Length":56,"Height":66,"Demand":0,"DemandMax":1,"Value":3696},{"Length":32,"Height":39,"Demand":0,"DemandMax":1,"Value":1248},{"Length":83,"Height":40,"Demand":0,"DemandMax":1,"Value":9960},{"Length":33,"Height":44,"Demand":0,"DemandMax":1,"Value":1452},{"Length":31,"Height":89,"Demand":0,"DemandMax":1,"Value":5518},{"Length":94,"Height":5,"Demand":0,"DemandMax":1,"Value":1410},{"Length":62,"Height":100,"Demand":0,"DemandMax":1,"Value":6200},{"Length":75,"Height":53,"Demand":0,"DemandMax":1,"Value":3975},{"Length":2,"Height":36,"Demand":0,"DemandMax":1,"Value":72},{"Length":47,"Height":38,"Demand":0,"DemandMax":1,"Value":5358},{"Length":99,"Height":42,"Demand":0,"DemandMax":1,"Value":4158},{"Length":9,"Height":6,"Demand":0,"DemandMax":1,"Value":108},{"Length":16,"Height":79,"Demand":0,"DemandMax":1,"Value":2528},{"Length":12,"Height":5,"Demand":0,"DemandMax":1,"Value":120},{"Length":81,"Height":25,"Demand":0,"DemandMax":1,"Value":2025},{"Length":78,"Height":93,"Demand":0,"DemandMax":1,"Value":7254},{"Length":97,"Height":65,"Demand":0,"DemandMax":1,"Value":12610},{"Length":94,"Height":41,"Demand":0,"DemandMax":1,"Value":7708},{"Length":45,"Height":76,"Demand":0,"DemandMax":1,"Value":10260},{"Length":97,"Height":49,"Demand":0,"DemandMax":1,"Value":14259},{"Length":3,"Height":100,"Demand":0,"DemandMax":1,"Value":300},{"Length":49,"Height":98,"Demand":0,"DemandMax":1,"Value":14406},{"Length":98,"Height":40,"Demand":0,"DemandMax":1,"Value":7840},{"Length":63,"Height":61,"Demand":0,"DemandMax":1,"Value":7686},{"Length":14,"Height":38,"Demand":0,"DemandMax":1,"Value":1064},{"Length":89,"Height":69,"Demand":0,"DemandMax":1,"Value":12282},{"Length":12,"Height":21,"Demand":0,"DemandMax":1,"Value":504},{"Length":10,"Height":50,"Demand":0,"DemandMax":1,"Value":1500},{"Length":85,"Height":31,"Demand":0,"DemandMax":1,"Value":5270},{"Length":9,"Height":81,"Demand":0,"DemandMax":1,"Value":729},{"Length":14,"Height":22,"Demand":0,"DemandMax":1,"Value":308},{"Length":40,"Height":41,"Demand":0,"DemandMax":1,"Value":3280},{"Length":29,"Height":29,"Demand":0,"DemandMax":1,"Value":2523},{"Length":40,"Height":4,"Demand":0,"DemandMax":1,"Value":320},{"Length":55,"Height":77,"Demand":0,"DemandMax":1,"Value":4235},{"Length":86,"Height":43,"Demand":0,"DemandMax":1,"Value":3698},{"Length":61,"Height":81,"Demand":0,"DemandMax":1,"Value":4941},{"Length":27,"Height":2,"Demand":0,"DemandMax":1,"Value":54},{"Length":2,"Height":28,"Demand":0,"DemandMax":1,"Value":168},{"Length":4,"Height":87,"Demand":0,"DemandMax":1,"Value":696},{"Length":44,"Height":11,"Demand":0,"DemandMax":1,"Value":484},{"Length":98,"Height":29,"Demand":0,"DemandMax":1,"Value":2842},{"Length":83,"Height":24,"Demand":0,"DemandMax":1,"Value":5976},{"Length":39,"Height":13,"Demand":0,"DemandMax":1,"Value":1014},{"Length":22,"Height":15,"Demand":0,"DemandMax":1,"Value":990},{"Length":36,"Height":98,"Demand":0,"DemandMax":1,"Value":10584},{"Length":30,"Height":13,"Demand":0,"DemandMax":1,"Value":780},{"Length":17,"Height":78,"Demand":0,"DemandMax":1,"Value":1326},{"Length":88,"Height":28,"Demand":0,"DemandMax":1,"Value":7392},{"Length":29,"Height":88,"Demand":0,"DemandMax":1,"Value":2552},{"Length":32,"Height":47,"Demand":0,"DemandMax":1,"Value":4512},{"Length":10,"Height":35,"Demand":0,"DemandMax":1,"Value":700},{"Length":33,"Height":17,"Demand":0,"DemandMax":1,"Value":561},{"Length":20,"Height":14,"Demand":0,"DemandMax":1,"Value":840},{"Length":93,"Height":43,"Demand":0,"DemandMax":1,"Value":7998},{"Length":35,"Height":10,"Demand":0,"DemandMax":1,"Value":700},{"Length":36,"Height":12,"Demand":0,"DemandMax":1,"Value":864},{"Length":47,"Height":14,"Demand":0,"DemandMax":1,"Value":658},{"Length":23,"Height":94,"Demand":0,"DemandMax":1,"Value":6486},{"Length":37,"Height":33,"Demand":0,"DemandMax":1,"Value":1221},{"Length":70,"Height":99,"Demand":0,"DemandMax":1,"Value":13860},{"Length":29,"Height":24,"Demand":0,"DemandMax":1,"Value":2088},{"Length":35,"Height":34,"Demand":0,"DemandMax":2,"Value":1190},{"Length":40,"Height":82,"Demand":0,"DemandMax":1,"Value":3280},{"Length":72,"Height":76,"Demand":0,"DemandMax":1,"Value":10944},{"Length":77,"Height":12,"Demand":0,"DemandMax":1,"Value":1848},{"Length":30,"Height":5,"Demand":0,"DemandMax":1,"Value":150},{"Length":36,"Height":9,"Demand":0,"DemandMax":1,"Value":324},{"Length":93,"Height":47,"Demand":0,"DemandMax":1,"Value":13113},{"Length":98,"Height":31,"Demand":0,"DemandMax":1,"Value":6076},{"Length":94,"Height":49,"Demand":0,"DemandMax":1,"Value":9212},{"Length":18,"Height":2,"Demand":0,"DemandMax":1,"Value":72},{"Length":28,"Height":6,"Demand":0,"DemandMax":1,"Value":504},{"Length":4,"Height":34,"Demand":0,"DemandMax":1,"Value":136},{"Length":87,"Height":21,"Demand":0,"DemandMax":1,"Value":1827},{"Length":97,"Height":46,"Demand":0,"DemandMax":1,"Value":8924},{"Length":27,"Height":3,"Demand":0,"DemandMax":1,"Value":243},{"Length":98,"Height":12,"Demand":0,"DemandMax":1,"Value":1176},{"Length":88,"Height":89,"Demand":0,"DemandMax":1,"Value":23496},{"Length":84,"Height":24,"Demand":0,"DemandMax":1,"Value":4032},{"Length":46,"Height":86,"Demand":0,"DemandMax":1,"Value":3956},{"Length":81,"Height":12,"Demand":0,"DemandMax":1,"Value":2916},{"Length":72,"Height":83,"Demand":0,"DemandMax":1,"Value":11952},{"Length":33,"Height":47,"Demand":0,"DemandMax":1,"Value":3102},{"Length":76,"Height":26,"Demand":0,"DemandMax":1,"Value":1976},{"Length":46,"Height":14,"Demand":0,"DemandMax":1,"Value":644},{"Length":78,"Height":62,"Demand":0,"DemandMax":1,"Value":9672},{"Length":14,"Height":12,"Demand":0,"DemandMax":1,"Value":336},{"Length":79,"Height":22,"Demand":0,"DemandMax":1,"Value":3476},{"Length":19,"Height":84,"Demand":0,"DemandMax":1,"Value":4788},{"Length":54,"Height":82,"Demand":0,"DemandMax":1,"Value":8856},{"Length":42,"Height":39,"Demand":0,"DemandMax":1,"Value":3276},{"Length":91,"Height":81,"Demand":0,"DemandMax":1,"Value":22113},{"Length":45,"Height":85,"Demand":0,"DemandMax":1,"Value":3825},{"Length":86,"Height":21,"Demand":0,"DemandMax":1,"Value":3612},{"Length":32,"Height":6,"Demand":0,"DemandMax":1,"Value":576},{"Length":73,"Height":100,"Demand":0,"DemandMax":1,"Value":21900},{"Length":15,"Height":46,"Demand":0,"DemandMax":1,"Value":1380},{"Length":77,"Height":86,"Demand":0,"DemandMax":1,"Value":13244},{"Length":3,"Height":81,"Demand":0,"DemandMax":1,"Value":729},{"Length":35,"Height":93,"Demand":0,"DemandMax":1,"Value":6510},{"Length":27,"Height":43,"Demand":0,"DemandMax":1,"Value":2322},{"Length":90,"Height":48,"Demand":0,"DemandMax":1,"Value":4320},{"Length":84,"Height":95,"Demand":0,"DemandMax":1,"Value":23940},{"Length":87,"Height":66,"Demand":0,"DemandMax":1,"Value":17226},{"Length":42,"Height":33,"Demand":0,"DemandMax":1,"Value":2772},{"Length":91,"Height":48,"Demand":0,"DemandMax":1,"Value":4368},{"Length":14,"Height":5,"Demand":0,"DemandMax":1,"Value":140},{"Length":89,"Height":12,"Demand":0,"DemandMax":1,"Value":2136},{"Length":51,"Height":87,"Demand":0,"DemandMax":1,"Value":4437},{"Length":31,"Height":89,"Demand":0,"DemandMax":1,"Value":8277},{"Length":54,"Height":75,"Demand":0,"DemandMax":1,"Value":12150},{"Length":58,"Height":52,"Demand":0,"DemandMax":1,"Value":9048},{"Length":36,"Height":3,"Demand":0,"DemandMax":1,"Value":324},{"Length":79,"Height":16,"Demand":0,"DemandMax":1,"Value":3792},{"Length":7,"Height":84,"Demand":0,"DemandMax":1,"Value":588},{"Length":43,"Height":38,"Demand":0,"DemandMax":1,"Value":1634},{"Length":15,"Height":17,"Demand":0,"DemandMax":1,"Value":765},{"Length":67,"Height":91,"Demand":0,"DemandMax":1,"Value":6097},{"Length":50,"Height":97,"Demand":0,"DemandMax":1,"Value":4850},{"Length":89,"Height":14,"Demand":0,"DemandMax":1,"Value":2492},{"Length":15,"Height":39,"Demand":0,"DemandMax":1,"Value":585},{"Length":5,"Height":21,"Demand":0,"DemandMax":1,"Value":105},{"Length":5,"Height":95,"Demand":0,"DemandMax":1,"Value":950},{"Length":24,"Height":97,"Demand":0,"DemandMax":1,"Value":4656},{"Length":28,"Height":13,"Demand":0,"DemandMax":1,"Value":1092},{"Length":50,"Height":91,"Demand":0,"DemandMax":1,"Value":9100},{"Length":96,"Height":7,"Demand":0,"DemandMax":1,"Value":1344},{"Length":8,"Height":45,"Demand":0,"DemandMax":1,"Value":1080},{"Length":9,"Height":15,"Demand":0,"DemandMax":1,"Value":270},{"Length":21,"Height":5,"Demand":0,"DemandMax":1,"Value":210},{"Length":84,"Height":44,"Demand":0,"DemandMax":1,"Value":11088},{"Length":100,"Height":41,"Demand":0,"DemandMax":1,"Value":12300},{"Length":8,"Height":19,"Demand":0,"DemandMax":1,"Value":456},{"Length":35,"Height":7,"Demand":0,"DemandMax":1,"Value":245},{"Length":82,"Height":85,"Demand":0,"DemandMax":1,"Value":6970},{"Length":3,"Height":84,"Demand":0,"DemandMax":1,"Value":252},{"Length":91,"Height":36,"Demand":0,"DemandMax":1,"Value":6552},{"Length":18,"Height":98,"Demand":0,"DemandMax":1,"Value":5292},{"Length":14,"Height":15,"Demand":0,"DemandMax":1,"Value":420},{"Length":78,"Height":25,"Demand":0,"DemandMax":1,"Value":1950},{"Length":87,"Height":14,"Demand":0,"DemandMax":1,"Value":2436},{"Length":97,"Height":5,"Demand":0,"DemandMax":1,"Value":1455},{"Length":72,"Height":83,"Demand":0,"DemandMax":1,"Value":5976},{"Length":44,"Height":40,"Demand":0,"DemandMax":1,"Value":5280},{"Length":2,"Height":11,"Demand":0,"DemandMax":1,"Value":66},{"Length":55,"Height":96,"Demand":0,"DemandMax":1,"Value":5280},{"Length":30,"Height":2,"Demand":0,"DemandMax":1,"Value":60},{"Length":95,"Height":42,"Demand":0,"DemandMax":1,"Value":11970},{"Length":45,"Height":50,"Demand":0,"DemandMax":1,"Value":2250},{"Length":43,"Height":18,"Demand":0,"DemandMax":1,"Value":774},{"Length":8,"Height":34,"Demand":0,"DemandMax":1,"Value":816},{"Length":4,"Height":43,"Demand":0,"DemandMax":1,"Value":172},{"Length":32,"Height":33,"Demand":0,"DemandMax":2,"Value":2112},{"Length":47,"Height":33,"Demand":0,"DemandMax":1,"Value":3102},{"Length":31,"Height":19,"Demand":0,"DemandMax":1,"Value":589},{"Length":22,"Height":44,"Demand":0,"DemandMax":1,"Value":1936},{"Length":78,"Height":4,"Demand":0,"DemandMax":1,"Value":936},{"Length":30,"Height":31,"Demand":0,"DemandMax":1,"Value":2790},{"Length":93,"Height":48,"Demand":0,"DemandMax":1,"Value":13392},{"Length":36,"Height":23,"Demand":0,"DemandMax":1,"Value":1656},{"Length":97,"Height":25,"Demand":0,"DemandMax":1,"Value":4850},{"Length":20,"Height":8,"Demand":0,"DemandMax":1,"Value":160},{"Length":27,"Height":15,"Demand":0,"DemandMax":1,"Value":810},{"Length":7,"Height":3,"Demand":0,"DemandMax":1,"Value":63},{"Length":47,"Height":95,"Demand":0,"DemandMax":1,"Value":8930},{"Length":93,"Height":8,"Demand":0,"DemandMax":1,"Value":1488},{"Length":26,"Height":45,"Demand":0,"DemandMax":1,"Value":1170},{"Length":4,"Height":77,"Demand":0,"DemandMax":1,"Value":924},{"Length":7,"Height":77,"Demand":0,"DemandMax":1,"Value":539},{"Length":66,"Height":87,"Demand":0,"DemandMax":1,"Value":11484},{"Length":6,"Height":20,"Demand":0,"DemandMax":1,"Value":120},{"Length":44,"Height":92,"Demand":0,"DemandMax":1,"Value":12144},{"Length":35,"Height":85,"Demand":0,"DemandMax":1,"Value":8925},{"Length":81,"Height":47,"Demand":0,"DemandMax":1,"Value":7614},{"Length":28,"Height":40,"Demand":0,"DemandMax":1,"Value":1120},{"Length":88,"Height":7,"Demand":0,"DemandMax":1,"Value":616},{"Length":18,"Height":93,"Demand":0,"DemandMax":1,"Value":1674},{"Length":12,"Height":16,"Demand":0,"DemandMax":1,"Value":384},{"Length":20,"Height":3,"Demand":0,"DemandMax":1,"Value":180},{"Length":7,"Height":37,"Demand":0,"DemandMax":1,"Value":259},{"Length":69,"Height":100,"Demand":0,"DemandMax":1,"Value":20700},{"Length":63,"Height":90,"Demand":0,"DemandMax":1,"Value":17010},{"Length":22,"Height":29,"Demand":0,"DemandMax":1,"Value":1276},{"Length":98,"Height":35,"Demand":0,"DemandMax":1,"Value":3430},{"Length":14,"Height":24,"Demand":0,"DemandMax":1,"Value":1008},{"Length":11,"Height":98,"Demand":0,"DemandMax":1,"Value":1078},{"Length":10,"Height":100,"Demand":0,"DemandMax":1,"Value":1000},{"Length":14,"Height":23,"Demand":0,"DemandMax":1,"Value":644},{"Length":3,"Height":42,"Demand":0,"DemandMax":1,"Value":126},{"Length":49,"Height":88,"Demand":0,"DemandMax":1,"Value":4312},{"Length":42,"Height":34,"Demand":0,"DemandMax":2,"Value":2856},{"Length":98,"Height":15,"Demand":0,"DemandMax":1,"Value":2940},{"Length":40,"Height":79,"Demand":0,"DemandMax":1,"Value":6320},{"Length":6,"Height":35,"Demand":0,"DemandMax":1,"Value":630},{"Length":37,"Height":13,"Demand":0,"DemandMax":1,"Value":1443},{"Length":16,"Height":25,"Demand":0,"DemandMax":1,"Value":800},{"Length":96,"Height":40,"Demand":0,"DemandMax":1,"Value":7680},{"Length":20,"Height":4,"Demand":0,"DemandMax":1,"Value":160},{"Length":15,"Height":79,"Demand":0,"DemandMax":1,"Value":3555},{"Length":2,"Height":9,"Demand":0,"DemandMax":1,"Value":54},{"Length":29,"Height":77,"Demand":0,"DemandMax":1,"Value":2233},{"Length":64,"Height":79,"Demand":0,"DemandMax":1,"Value":5056},{"Length":43,"Height":42,"Demand":0,"DemandMax":1,"Value":5418},{"Length":5,"Height":15,"Demand":0,"DemandMax":1,"Value":75},{"Length":99,"Height":38,"Demand":0,"DemandMax":1,"Value":7524},{"Length":99,"Height":71,"Demand":0,"DemandMax":1,"Value":7029},{"Length":39,"Height":20,"Demand":0,"DemandMax":1,"Value":2340},{"Length":5,"Height":82,"Demand":0,"DemandMax":1,"Value":1230},{"Length":6,"Height":33,"Demand":0,"DemandMax":1,"Value":396},{"Length":99,"Height":61,"Demand":0,"DemandMax":1,"Value":18117},{"Length":20,"Height":34,"Demand":0,"DemandMax":1,"Value":680},{"Length":24,"Height":21,"Demand":0,"DemandMax":1,"Value":504},{"Length":41,"Height":87,"Demand":0,"DemandMax":1,"Value":7134},{"Length":35,"Height":82,"Demand":0,"DemandMax":1,"Value":8610},{"Length":19,"Height":98,"Demand":0,"DemandMax":1,"Value":1862},{"Length":98,"Height":37,"Demand":0,"DemandMax":1,"Value":3626},{"Length":93,"Height":75,"Demand":0,"DemandMax":1,"Value":13950},{"Length":89,"Height":96,"Demand":0,"DemandMax":1,"Value":25632},{"Length":35,"Height":39,"Demand":0,"DemandMax":1,"Value":4095},{"Length":91,"Height":40,"Demand":0,"DemandMax":1,"Value":3640},{"Length":3,"Height":5,"Demand":0,"DemandMax":1,"Value":30},{"Length":38,"Height":33,"Demand":0,"DemandMax":1,"Value":2508},{"Length":78,"Height":92,"Demand":0,"DemandMax":1,"Value":21528},{"Length":5,"Height":29,"Demand":0,"DemandMax":1,"Value":290},{"Length":92,"Height":22,"Demand":0,"DemandMax":1,"Value":4048},{"Length":92,"Height":3,"Demand":0,"DemandMax":1,"Value":828},{"Length":52,"Height":65,"Demand":0,"DemandMax":1,"Value":10140},{"Length":99,"Height":14,"Demand":0,"DemandMax":1,"Value":4158},{"Length":37,"Height":12,"Demand":0,"DemandMax":1,"Value":1332},{"Length":36,"Height":79,"Demand":0,"DemandMax":1,"Value":2844},{"Length":76,"Height":18,"Demand":0,"DemandMax":1,"Value":4104},{"Length":3,"Height":36,"Demand":0,"DemandMax":1,"Value":324},{"Length":92,"Height":6,"Demand":0,"DemandMax":1,"Value":1104},{"Length":87,"Height":70,"Demand":0,"DemandMax":1,"Value":6090},{"Length":49,"Height":4,"Demand":0,"DemandMax":1,"Value":588},{"Length":92,"Height":97,"Demand":0,"DemandMax":1,"Value":17848},{"Length":38,"Height":80,"Demand":0,"DemandMax":1,"Value":9120},{"Length":92,"Height":21,"Demand":0,"DemandMax":1,"Value":3864},{"Length":37,"Height":39,"Demand":0,"DemandMax":1,"Value":4329},{"Length":6,"Height":49,"Demand":0,"DemandMax":1,"Value":294},{"Length":20,"Height":78,"Demand":0,"DemandMax":1,"Value":1560},{"Length":50,"Height":14,"Demand":0,"DemandMax":1,"Value":700},{"Length":32,"Height":9,"Demand":0,"DemandMax":1,"Value":864},{"Length":15,"Height":42,"Demand":0,"DemandMax":1,"Value":1890},{"Length":90,"Height":75,"Demand":0,"DemandMax":1,"Value":13500},{"Length":3,"Height":50,"Demand":0,"DemandMax":1,"Value":300},{"Length":91,"Height":33,"Demand":0,"DemandMax":1,"Value":3003},{"Length":54,"Height":57,"Demand":0,"DemandMax":1,"Value":3078},{"Length":23,"Height":93,"Demand":0,"DemandMax":1,"Value":6417},{"Length":21,"Height":79,"Demand":0,"DemandMax":1,"Value":4977},{"Length":45,"Height":13,"Demand":0,"DemandMax":1,"Value":1170},{"Length":32,"Height":26,"Demand":0,"DemandMax":1,"Value":2496},{"Length":49,"Height":7,"Demand":0,"DemandMax":1,"Value":343},{"Length":77,"Height":40,"Demand":0,"DemandMax":1,"Value":9240},{"Length":11,"Height":37,"Demand":0,"DemandMax":1,"Value":407},{"Length":81,"Height":81,"Demand":0,"DemandMax":1,"Value":19683},{"Length":68,"Height":84,"Demand":0,"DemandMax":1,"Value":11424},{"Length":6,"Height":23,"Demand":0,"DemandMax":1,"Value":138},{"Length":61,"Height":79,"Demand":0,"DemandMax":1,"Value":4819},{"Length":44,"Height":7,"Demand":0,"DemandMax":1,"Value":308},{"Length":89,"Height":32,"Demand":0,"DemandMax":1,"Value":2848},{"Length":94,"Height":38,"Demand":0,"DemandMax":1,"Value":10716},{"Length":22,"Height":49,"Demand":0,"DemandMax":1,"Value":1078},{"Length":76,"Height":40,"Demand":0,"DemandMax":1,"Value":6080},{"Length":45,"Height":77,"Demand":0,"DemandMax":1,"Value":3465},{"Length":43,"Height":33,"Demand":0,"DemandMax":1,"Value":1419},{"Length":9,"Height":29,"Demand":0,"DemandMax":1,"Value":783},{"Length":22,"Height":23,"Demand":0,"DemandMax":1,"Value":1518},{"Length":12,"Height":87,"Demand":0,"DemandMax":1,"Value":1044},{"Length":24,"Height":17,"Demand":0,"DemandMax":1,"Value":816},{"Length":45,"Height":78,"Demand":0,"DemandMax":1,"Value":7020},{"Length":79,"Height":37,"Demand":0,"DemandMax":1,"Value":5846},{"Length":85,"Height":98,"Demand":0,"DemandMax":1,"Value":16660},{"Length":91,"Height":20,"Demand":0,"DemandMax":1,"Value":1820},{"Length":34,"Height":16,"Demand":0,"DemandMax":1,"Value":544},{"Length":64,"Height":84,"Demand":0,"DemandMax":1,"Value":16128},{"Length":43,"Height":38,"Demand":0,"DemandMax":1,"Value":4902},{"Length":98,"Height":58,"Demand":0,"DemandMax":1,"Value":5684},{"Length":27,"Height":37,"Demand":0,"DemandMax":1,"Value":1998},{"Length":6,"Height":31,"Demand":0,"DemandMax":1,"Value":372},{"Length":9,"Height":37,"Demand":0,"DemandMax":1,"Value":999},{"Length":96,"Height":53,"Demand":0,"DemandMax":1,"Value":5088},{"Length":72,"Height":88,"Demand":0,"DemandMax":1,"Value":19008},{"Length":23,"Height":13,"Demand":0,"DemandMax":1,"Value":598},{"Length":27,"Height":14,"Demand":0,"DemandMax":1,"Value":1134},{"Length":26,"Height":21,"Demand":0,"DemandMax":1,"Value":546},{"Length":45,"Height":18,"Demand":0,"DemandMax":1,"Value":2430},{"Length":33,"Height":18,"Demand":0,"DemandMax":1,"Value":1782},{"Length":25,"Height":6,"Demand":0,"DemandMax":1,"Value":450}]}