{"Name":"ngcutfs1_22","Objects":[{"Length":100,"Height":100,"Stock":null,"Cost":10000}],"Items":[{"Length":21,"Height":4,"Demand":0,"DemandMax":4,"Value":168},{"Length":2,"Height":49,"Demand":0,"DemandMax":4,"Value":294},{"Length":42,"Height":91,"Demand":0,"DemandMax":4,"Value":11466},{"Length":10,"Height":35,"Demand":0,"DemandMax":4,"Value":1050},{"Length":45,"Height":21,"Demand":0,"DemandMax":4,"Value":1890},{"Length":96,"Height":29,"Demand":0,"DemandMax":4,"Value":8352},{"Length":46,"Height":41,"Demand":0,"DemandMax":4,"Value":3772},{"Length":30,"Height":41,"Demand":0,"DemandMax":4,"Value":3690},{"Length":33,"Height":14,"Demand":0,"DemandMax":4,"Value":462},{"Length":6,"Height":16,"Demand":0,"DemandMax":4,"Value":288},{"Length":47,"Height":85,"Demand":0,"DemandMax":4,"Value":11985},{"Length":28,"Height":29,"Demand":0,"DemandMax":4,"Value":1624},{"Length":33,"Height":14,"Demand":0,"DemandMax":4,"Value":1386},{"Length":76,"Height":33,"Demand":0,"DemandMax":4,"Value":2508},{"Length":92,"Height":10,"Demand":0,"DemandMax":4,"Value":1840},{"Length":65,"Height":67,"Demand":0,"DemandMax":4,"Value":4355},{"Length":82,"Height":33,"Demand":0,"DemandMax":4,"Value":8118},{"Length":37,"Height":82,"Demand":0,"DemandMax":4,"Value":3034},{"Length":14,"Height":39,"Demand":0,"DemandMax":4,"Value":1092},{"Length":23,"Height":48,"Demand":0,"DemandMax":4,"Value":2208},{"Length":7,"Height":90,"Demand":0,"DemandMax":4,"Value":1890},{"Length":69,"Height":97,"Demand":0,"DemandMax":4,"Value":6693},{"Length":37,"Height":42,"Demand":0,"DemandMax":4,"Value":3108},{"Length":95,"Height":28,"Demand":0,"DemandMax":4,"Value":2660},{"Length":2,"Height":47,"Demand":0,"DemandMax":4,"Value":188},{"Length":26,"Height":10,"Demand":0,"DemandMax":4,"Value":520},{"Length":41,"Height":89,"Demand":0,"DemandMax":4,"Value":7298},{"Length":90,"Height":17,"Demand":0,"DemandMax":4,"Value":1530},{"Length":15,"Height":20,"Demand":0,"DemandMax":4,"Value":900},{"Length":94,"Height":41,"Demand":0,"DemandMax":4,"Value":11562},{"Length":41,"Height":90,"Demand":0,"DemandMax":4,"Value":11070},{"Length":85,"Height":39,"Demand":0,"DemandMax":4,"Value":3315},{"Length":40,"Height":84,"Demand":0,"DemandMax":4,"Value":10080},{"Length":15,"Height":32,"Demand":0,"DemandMax":4,"Value":960},{"Length":97,"Height":10,"Demand":0,"DemandMax":4,"Value":2910},{"Length":18,"Height":99,"Demand":0,"DemandMax":4,"Value":3564},{"Length":24,"Height":49,"Demand":0,"DemandMax":4,"Value":1176},{"Length":28,"Height":98,"Demand":0,"DemandMax":4,"Value":8232},{"Length":20,"Height":24,"Demand":0,"DemandMax":4,"Value":1440},{"Length":80,"Height":56,"Demand":0,"DemandMax":4,"Value":4480}]}