{"Name":"ngcutfs3_11","Objects":[{"Length":100,"Height":100,"Stock":null,"Cost":10000}],"Items":[{"Length":3,"Height":9,"Demand":0,"DemandMax":3,"Value":54},{"Length":31,"Height":39,"Demand":0,"DemandMax":3,"Value":2418},{"Length":26,"Height":47,"Demand":0,"DemandMax":3,"Value":3666},{"Length":3,"Height":36,"Demand":0,"DemandMax":3,"Value":216},{"Length":92,"Height":15,"Demand":0,"DemandMax":3,"Value":2760},{"Length":24,"Height":7,"Demand":0,"DemandMax":3,"Value":504},{"Length":47,"Height":18,"Demand":0,"DemandMax":3,"Value":2538},{"Length":18,"Height":14,"Demand":0,"DemandMax":3,"Value":252},{"Length":5,"Height":77,"Demand":0,"DemandMax":3,"Value":770},{"Length":96,"Height":35,"Demand":0,"DemandMax":3,"Value":6720},{"Length":15,"Height":39,"Demand":0,"DemandMax":3,"Value":1170},{"Length":20,"Height":46,"Demand":0,"DemandMax":3,"Value":920},{"Length":23,"Height":15,"Demand":0,"DemandMax":3,"Value":690},{"Length":15,"Height":5,"Demand":0,"DemandMax":3,"Value":150},{"Length":63,"Height":76,"Demand":0,"DemandMax":3,"Value":9576},{"Length":81,"Height":71,"Demand":0,"DemandMax":3,"Value":5751},{"Length":99,"Height":82,"Demand":0,"DemandMax":3,"Value":8118},{"Length":81,"Height":11,"Demand":0,"DemandMax":3,"Value":2673},{"Length":47,"Height":76,"Demand":0,"DemandMax":3,"Value":10716},{"Length":18,"Height":5,"Demand":0,"DemandMax":3,"Value":270},{"Length":20,"Height":27,"Demand":0,"DemandMax":3,"Value":1080},{"Length":43,"Height":19,"Demand":0,"DemandMax":3,"Value":2451},{"Length":7,"Height":22,"Demand":0,"DemandMax":3,"Value":308},{"Length":34,"Height":18,"Demand":0,"DemandMax":3,"Value":612},{"Length":24,"Height":5,"Demand":0,"DemandMax":3,"Value":360},{"Length":3,"Height":50,"Demand":0,"DemandMax":3,"Value":450},{"Length":86,"Height":52,"Demand":0,"DemandMax":3,"Value":8944},{"Length":49,"Height":20,"Demand":0,"DemandMax":3,"Value":980},{"Length":15,"Height":49,"Demand":0,"DemandMax":3,"Value":2205},{"Length":49,"Height":91,"Demand":0,"DemandMax":3,"Value":4459},{"Length":50,"Height":7,"Demand":0,"DemandMax":3,"Value":350},{"Length":7,"Height":76,"Demand":0,"DemandMax":3,"Value":532},{"Length":45,"Height":36,"Demand":0,"DemandMax":3,"Value":4860},{"Length":85,"Height":45,"Demand":0,"DemandMax":3,"Value":11475},{"Length":5,"Height":28,"Demand":0,"DemandMax":3,"Value":140},{"Length":92,"Height":16,"Demand":0,"DemandMax":3,"Value":2944},{"Length":2,"Height":87,"Demand":0,"DemandMax":3,"Value":522},{"Length":50,"Height":83,"Demand":0,"DemandMax":3,"Value":12450},{"Length":10,"Height":8,"Demand":0,"DemandMax":3,"Value":240},{"Length":47,"Height":48,"Demand":0,"DemandMax":3,"Value":4512}]}