{"Name":"ngcutfs1_109","Objects":[{"Length":100,"Height":100,"Stock":null,"Cost":10000}],"Items":[{"Length":86,"Height":61,"Demand":0,"DemandMax":3,"Value":5246},{"Length":97,"Height":86,"Demand":0,"DemandMax":3,"Value":8342},{"Length":23,"Height":33,"Demand":0,"DemandMax":3,"Value":2277},{"Length":77,"Height":16,"Demand":0,"DemandMax":3,"Value":1232},{"Length":3,"Height":84,"Demand":0,"DemandMax":3,"Value":756},{"Length":76,"Height":96,"Demand":0,"DemandMax":3,"Value":21888},{"Length":67,"Height":87,"Demand":0,"DemandMax":3,"Value":17487},{"Length":35,"Height":40,"Demand":0,"DemandMax":3,"Value":4200},{"Length":44,"Height":42,"Demand":0,"DemandMax":3,"Value":3696},{"Length":10,"Height":5,"Demand":0,"DemandMax":3,"Value":50},{"Length":66,"Height":93,"Demand":0,"DemandMax":3,"Value":12276},{"Length":26,"Height":98,"Demand":0,"DemandMax":3,"Value":5096},{"Length":19,"Height":40,"Demand":0,"DemandMax":3,"Value":1520},{"Length":7,"Height":94,"Demand":0,"DemandMax":3,"Value":1316},{"Length":14,"Height":14,"Demand":0,"DemandMax":3,"Value":392},{"Length":85,"Height":34,"Demand":0,"DemandMax":3,"Value":2890},{"Length":9,"Height":37,"Demand":0,"DemandMax":3,"Value":333},{"Length":23,"Height":47,"Demand":0,"DemandMax":3,"Value":1081},{"Length":91,"Height":23,"Demand":0,"DemandMax":3,"Value":6279},{"Length":97,"Height":70,"Demand":0,"DemandMax":3,"Value":6790},{"Length":54,"Height":72,"Demand":0,"DemandMax":3,"Value":7776},{"Length":80,"Height":13,"Demand":0,"DemandMax":3,"Value":3120},{"Length":98,"Height":26,"Demand":0,"DemandMax":3,"Value":2548},{"Length":35,"Height":12,"Demand":0,"DemandMax":3,"Value":840},{"Length":89,"Height":12,"Demand":0,"DemandMax":3,"Value":1068},{"Length":46,"Height":84,"Demand":0,"DemandMax":3,"Value":11592},{"Length":77,"Height":25,"Demand":0,"DemandMax":3,"Value":5775},{"Length":14,"Height":24,"Demand":0,"DemandMax":6,"Value":672},{"Length":53,"Height":91,"Demand":0,"DemandMax":3,"Value":14469},{"Length":33,"Height":47,"Demand":0,"DemandMax":3,"Value":3102},{"Length":78,"Height":18,"Demand":0,"DemandMax":3,"Value":1404},{"Length":16,"Height":48,"Demand":0,"DemandMax":3,"Value":2304},{"Length":46,"Height":79,"Demand":0,"DemandMax":3,"Value":10902},{"Length":80,"Height":75,"Demand":0,"DemandMax":3,"Value":12000},{"Length":97,"Height":37,"Demand":0,"DemandMax":3,"Value":7178},{"Length":47,"Height":18,"Demand":0,"DemandMax":3,"Value":2538},{"Length":49,"Height":31,"Demand":0,"DemandMax":3,"Value":3038},{"Length":84,"Height":57,"Demand":0,"DemandMax":3,"Value":4788},{"Length":40,"Height":23,"Demand":0,"DemandMax":3,"Value":1840},{"Length":98,"Height":45,"Demand":0,"DemandMax":3,"Value":13230},{"Length":89,"Height":38,"Demand":0,"DemandMax":3,"Value":10146},{"Length":60,"Height":99,"Demand":0,"DemandMax":3,"Value":11880},{"Length":15,"Height":82,"Demand":0,"DemandMax":3,"Value":2460},{"Length":26,"Height":83,"Demand":0,"DemandMax":3,"Value":2158},{"Length":11,"Height":19,"Demand":0,"DemandMax":3,"Value":418},{"Length":95,"Height":39,"Demand":0,"DemandMax":3,"Value":7410},{"Length":3,"Height":48,"Demand":0,"DemandMax":3,"Value":288},{"Length":57,"Height":70,"Demand":0,"DemandMax":3,"Value":7980},{"Length":90,"Height":38,"Demand":0,"DemandMax":3,"Value":3420},{"Length":15,"Height":43,"Demand":0,"DemandMax":3,"Value":645},{"Length":15,"Height":47,"Demand":0,"DemandMax":3,"Value":1410},{"Length":98,"Height":65,"Demand":0,"DemandMax":3,"Value":6370},{"Length":48,"Height":10,"Demand":0,"DemandMax":3,"Value":960},{"Length":91,"Height":12,"Demand":0,"DemandMax":3,"Value":2184},{"Length":40,"Height":10,"Demand":0,"DemandMax":3,"Value":400},{"Length":17,"Height":48,"Demand":0,"DemandMax":3,"Value":2448},{"Length":12,"Height":14,"Demand":0,"DemandMax":3,"Value":336},{"Length":22,"Height":79,"Demand":0,"DemandMax":3,"Value":5214},{"Length":29,"Height":41,"Demand":0,"DemandMax":3,"Value":1189},{"Length":88,"Height":33,"Demand":0,"DemandMax":3,"Value":5808},{"Length":96,"Height":17,"Demand":0,"DemandMax":3,"Value":1632},{"Length":11,"Height":15,"Demand":0,"DemandMax":3,"Value":165},{"Length":97,"Height":31,"Demand":0,"DemandMax":3,"Value":6014},{"Length":11,"Height":77,"Demand":0,"DemandMax":3,"Value":1694},{"Length":10,"Height":76,"Demand":0,"DemandMax":3,"Value":1520},{"Length":93,"Height":99,"Demand":0,"DemandMax":3,"Value":18414},{"Length":30,"Height":49,"Demand":0,"DemandMax":3,"Value":2940},{"Length":90,"Height":40,"Demand":0,"DemandMax":3,"Value":7200},{"Length":10,"Height":80,"Demand":0,"DemandMax":3,"Value":1600},{"Length":15,"Height":35,"Demand":0,"DemandMax":3,"Value":1575},{"Length":16,"Height":43,"Demand":0,"DemandMax":3,"Value":1376},{"Length":8,"Height":41,"Demand":0,"DemandMax":3,"Value":984},{"Length":91,"Height":4,"Demand":0,"DemandMax":3,"Value":364},{"Length":45,"Height":3,"Demand":0,"DemandMax":3,"Value":405},{"Length":14,"Height":97,"Demand":0,"DemandMax":3,"Value":1358},{"Length":92,"Height":11,"Demand":0,"DemandMax":3,"Value":1012},{"Length":8,"Height":40,"Demand":0,"DemandMax":3,"Value":320},{"Length":74,"Height":93,"Demand":0,"DemandMax":3,"Value":13764},{"Length":92,"Height":19,"Demand":0,"DemandMax":3,"Value":5244},{"Length":62,"Height":99,"Demand":0,"DemandMax":3,"Value":6138},{"Length":78,"Height":82,"Demand":0,"DemandMax":3,"Value":19188},{"Length":32,"Height":24,"Demand":0,"DemandMax":3,"Value":1536},{"Length":5,"Height":41,"Demand":0,"DemandMax":3,"Value":205},{"Length":79,"Height":19,"Demand":0,"DemandMax":3,"Value":1501},{"Length":39,"Height":40,"Demand":0,"DemandMax":3,"Value":1560},{"Length":6,"Height":91,"Demand":0,"DemandMax":3,"Value":1638},{"Length":28,"Height":17,"Demand":0,"DemandMax":3,"Value":476},{"Length":81,"Height":36,"Demand":0,"DemandMax":3,"Value":8748},{"Length":94,"Height":84,"Demand":0,"DemandMax":3,"Value":15792},{"Length":44,"Height":30,"Demand":0,"DemandMax":3,"Value":1320},{"Length":19,"Height":23,"Demand":0,"DemandMax":3,"Value":874},{"Length":43,"Height":43,"Demand":0,"DemandMax":3,"Value":3698},{"Length":11,"Height":24,"Demand":0,"DemandMax":3,"Value":528},{"Length":97,"Height":75,"Demand":0,"DemandMax":3,"Value":7275},{"Length":34,"Height":50,"Demand":0,"DemandMax":3,"Value":5100},{"Length":47,"Height":6,"Demand":0,"DemandMax":3,"Value":564},{"Length":38,"Height":16,"Demand":0,"DemandMax":3,"Value":1216},{"Length":76,"Height":72,"Demand":0,"DemandMax":3,"Value":16416},{"Length":2,"Height":94,"Demand":0,"DemandMax":3,"Value":376},{"Length":43,"Height":87,"Demand":0,"DemandMax":3,"Value":7482},{"Length":90,"Height":32,"Demand":0,"DemandMax":3,"Value":5760},{"Length":17,"Height":21,"Demand":0,"DemandMax":3,"Value":1071},{"Length":56,"Height":96,"Demand":0,"DemandMax":3,"Value":5376},{"Length":3,"Height":88,"Demand":0,"DemandMax":3,"Value":264},{"Length":10,"Height":27,"Demand":0,"DemandMax":3,"Value":540},{"Length":6,"Height":81,"Demand":0,"DemandMax":3,"Value":972},{"Length":38,"Height":89,"Demand":0,"DemandMax":3,"Value":10146},{"Length":93,"Height":40,"Demand":0,"DemandMax":3,"Value":3720},{"Length":23,"Height":8,"Demand":0,"DemandMax":3,"Value":368},{"Length":79,"Height":22,"Demand":0,"DemandMax":3,"Value":3476},{"Length":99,"Height":95,"Demand":0,"DemandMax":3,"Value":28215},{"Length":100,"Height":7,"Demand":0,"DemandMax":3,"Value":2100},{"Length":81,"Height":4,"Demand":0,"DemandMax":3,"Value":648},{"Length":23,"Height":41,"Demand":0,"DemandMax":3,"Value":943},{"Length":19,"Height":97,"Demand":0,"DemandMax":3,"Value":5529},{"Length":6,"Height":78,"Demand":0,"DemandMax":3,"Value":468},{"Length":4,"Height":18,"Demand":0,"DemandMax":3,"Value":144},{"Length":30,"Height":82,"Demand":0,"DemandMax":3,"Value":7380},{"Length":87,"Height":27,"Demand":0,"DemandMax":3,"Value":7047},{"Length":65,"Height":63,"Demand":0,"DemandMax":3,"Value":8190},{"Length":78,"Height":15,"Demand":0,"DemandMax":3,"Value":2340},{"Length":99,"Height":94,"Demand":0,"DemandMax":3,"Value":9306},{"Length":5,"Height":48,"Demand":0,"DemandMax":3,"Value":720},{"Length":41,"Height":8,"Demand":0,"DemandMax":3,"Value":328},{"Length":74,"Height":55,"Demand":0,"DemandMax":3,"Value":8140},{"Length":6,"Height":22,"Demand":0,"DemandMax":3,"Value":264},{"Length":42,"Height":22,"Demand":0,"DemandMax":3,"Value":2772},{"Length":36,"Height":30,"Demand":0,"DemandMax":3,"Value":3240},{"Length":85,"Height":28,"Demand":0,"DemandMax":3,"Value":4760},{"Length":89,"Height":92,"Demand":0,"DemandMax":3,"Value":8188},{"Length":81,"Height":16,"Demand":0,"DemandMax":3,"Value":2592},{"Length":94,"Height":50,"Demand":0,"DemandMax":3,"Value":14100},{"Length":59,"Height":88,"Demand":0,"DemandMax":3,"Value":10384},{"Length":40,"Height":92,"Demand":0,"DemandMax":3,"Value":3680},{"Length":32,"Height":94,"Demand":0,"DemandMax":3,"Value":6016},{"Length":86,"Height":9,"Demand":0,"DemandMax":3,"Value":1548},{"Length":48,"Height":39,"Demand":0,"DemandMax":3,"Value":1872},{"Length":37,"Height":97,"Demand":0,"DemandMax":3,"Value":10767},{"Length":77,"Height":67,"Demand":0,"DemandMax":3,"Value":5159},{"Length":41,"Height":19,"Demand":0,"DemandMax":3,"Value":779},{"Length":85,"Height":73,"Demand":0,"DemandMax":3,"Value":6205},{"Length":3,"Height":21,"Demand":0,"DemandMax":3,"Value":189},{"Length":96,"Height":5,"Demand":0,"DemandMax":3,"Value":1440},{"Length":3,"Height":79,"Demand":0,"DemandMax":3,"Value":474},{"Length":50,"Height":94,"Demand":0,"DemandMax":3,"Value":9400},{"Length":41,"Height":76,"Demand":0,"DemandMax":3,"Value":9348},{"Length":23,"Height":21,"Demand":0,"DemandMax":3,"Value":1449},{"Length":31,"Height":22,"Demand":0,"DemandMax":3,"Value":682},{"Length":89,"Height":8,"Demand":0,"DemandMax":3,"Value":712}]}