{"Name":"ngcutfs2_115","Objects":[{"Length":100,"Height":100,"Stock":null,"Cost":10000}],"Items":[{"Length":24,"Height":100,"Demand":0,"DemandMax":4,"Value":7200},{"Length":24,"Height":45,"Demand":0,"DemandMax":4,"Value":2160},{"Length":46,"Height":39,"Demand":0,"DemandMax":4,"Value":5382},{"Length":4,"Height":100,"Demand":0,"DemandMax":4,"Value":400},{"Length":30,"Height":38,"Demand":0,"DemandMax":4,"Value":1140},{"Length":10,"Height":40,"Demand":0,"DemandMax":4,"Value":1200},{"Length":99,"Height":29,"Demand":0,"DemandMax":4,"Value":2871},{"Length":48,"Height":16,"Demand":0,"DemandMax":4,"Value":1536},{"Length":97,"Height":98,"Demand":0,"DemandMax":4,"Value":19012},{"Length":4,"Height":44,"Demand":0,"DemandMax":4,"Value":176},{"Length":49,"Height":34,"Demand":0,"DemandMax":4,"Value":3332},{"Length":87,"Height":15,"Demand":0,"DemandMax":4,"Value":1305},{"Length":31,"Height":23,"Demand":0,"DemandMax":4,"Value":1426},{"Length":99,"Height":79,"Demand":0,"DemandMax":4,"Value":7821},{"Length":29,"Height":31,"Demand":0,"DemandMax":4,"Value":2697},{"Length":44,"Height":24,"Demand":0,"DemandMax":4,"Value":3168},{"Length":21,"Height":18,"Demand":0,"DemandMax":4,"Value":1134},{"Length":32,"Height":27,"Demand":0,"DemandMax":4,"Value":864},{"Length":49,"Height":28,"Demand":0,"DemandMax":4,"Value":4116},{"Length":44,"Height":49,"Demand":0,"DemandMax":4,"Value":2156},{"Length":15,"Height":2,"Demand":0,"DemandMax":4,"Value":90},{"Length":18,"Height":100,"Demand":0,"DemandMax":4,"Value":1800},{"Length":8,"Height":22,"Demand":0,"DemandMax":4,"Value":528},{"Length":62,"Height":100,"Demand":0,"DemandMax":4,"Value":6200},{"Length":32,"Height":4,"Demand":0,"DemandMax":4,"Value":128},{"Length":6,"Height":31,"Demand":0,"DemandMax":4,"Value":372},{"Length":10,"Height":88,"Demand":0,"DemandMax":4,"Value":1760},{"Length":18,"Height":86,"Demand":0,"DemandMax":4,"Value":4644},{"Length":46,"Height":21,"Demand":0,"DemandMax":4,"Value":2898},{"Length":36,"Height":34,"Demand":0,"DemandMax":4,"Value":2448},{"Length":78,"Height":74,"Demand":0,"DemandMax":4,"Value":11544},{"Length":3,"Height":4,"Demand":0,"DemandMax":4,"Value":24},{"Length":15,"Height":9,"Demand":0,"DemandMax":4,"Value":270},{"Length":10,"Height":24,"Demand":0,"DemandMax":4,"Value":480},{"Length":83,"Height":67,"Demand":0,"DemandMax":4,"Value":5561},{"Length":71,"Height":73,"Demand":0,"DemandMax":4,"Value":15549},{"Length":20,"Height":24,"Demand":0,"DemandMax":4,"Value":1440},{"Length":30,"Height":83,"Demand":0,"DemandMax":4,"Value":2490},{"Length":100,"Height":68,"Demand":0,"DemandMax":4,"Value":20400},{"Length":12,"Height":82,"Demand":0,"DemandMax":4,"Value":1968},{"Length":14,"Height":9,"Demand":0,"DemandMax":4,"Value":126},{"Length":96,"Height":42,"Demand":0,"DemandMax":4,"Value":12096},{"Length":30,"Height":39,"Demand":0,"DemandMax":4,"Value":2340},{"Length":5,"Height":17,"Demand":0,"DemandMax":4,"Value":85},{"Length":33,"Height":86,"Demand":0,"DemandMax":4,"Value":5676},{"Length":13,"Height":27,"Demand":0,"DemandMax":4,"Value":351},{"Length":81,"Height":55,"Demand":0,"DemandMax":4,"Value":8910},{"Length":7,"Height":14,"Demand":0,"DemandMax":4,"Value":196},{"Length":42,"Height":30,"Demand":0,"DemandMax":4,"Value":1260},{"Length":15,"Height":39,"Demand":0,"DemandMax":4,"Value":1170},{"Length":21,"Height":28,"Demand":0,"DemandMax":4,"Value":1176},{"Length":27,"Height":43,"Demand":0,"DemandMax":4,"Value":2322},{"Length":73,"Height":77,"Demand":0,"DemandMax":4,"Value":5621},{"Length":2,"Height":45,"Demand":0,"DemandMax":4,"Value":270},{"Length":45,"Height":49,"Demand":0,"DemandMax":4,"Value":2205},{"Length":69,"Height":55,"Demand":0,"DemandMax":4,"Value":7590},{"Length":28,"Height":18,"Demand":0,"DemandMax":4,"Value":1008},{"Length":46,"Height":87,"Demand":0,"DemandMax":4,"Value":8004},{"Length":62,"Height":65,"Demand":0,"DemandMax":4,"Value":12090},{"Length":13,"Height":22,"Demand":0,"DemandMax":4,"Value":286},{"Length":37,"Height":13,"Demand":0,"DemandMax":4,"Value":962},{"Length":19,"Height":40,"Demand":0,"DemandMax":4,"Value":2280},{"Length":79,"Height":58,"Demand":0,"DemandMax":4,"Value":13746},{"Length":56,"Height":90,"Demand":0,"DemandMax":4,"Value":15120},{"Length":23,"Height":35,"Demand":0,"DemandMax":4,"Value":805},{"Length":53,"Height":63,"Demand":0,"DemandMax":4,"Value":6678},{"Length":33,"Height":41,"Demand":0,"DemandMax":4,"Value":2706},{"Length":26,"Height":14,"Demand":0,"DemandMax":4,"Value":728},{"Length":20,"Height":38,"Demand":0,"DemandMax":4,"Value":760},{"Length":65,"Height":63,"Demand":0,"DemandMax":4,"Value":8190},{"Length":21,"Height":20,"Demand":0,"DemandMax":4,"Value":420},{"Length":13,"Height":50,"Demand":0,"DemandMax":4,"Value":650},{"Length":28,"Height":2,"Demand":0,"DemandMax":4,"Value":56},{"Length":50,"Height":92,"Demand":0,"DemandMax":4,"Value":13800},{"Length":30,"Height":42,"Demand":0,"DemandMax":4,"Value":1260},{"Length":10,"Height":25,"Demand":0,"DemandMax":4,"Value":250},{"Length":42,"Height":22,"Demand":0,"DemandMax":4,"Value":1848},{"Length":8,"Height":20,"Demand":0,"DemandMax":4,"Value":320},{"Length":92,"Height":66,"Demand":0,"DemandMax":4,"Value":6072},{"Length":4,"Height":47,"Demand":0,"DemandMax":4,"Value":564},{"Length":31,"Height":28,"Demand":0,"DemandMax":4,"Value":2604},{"Length":30,"Height":85,"Demand":0,"DemandMax":4,"Value":7650},{"Length":37,"Height":17,"Demand":0,"DemandMax":4,"Value":1887},{"Length":3,"Height":8,"Demand":0,"DemandMax":4,"Value":48},{"Length":34,"Height":35,"Demand":0,"DemandMax":4,"Value":1190},{"Length":32,"Height":2,"Demand":0,"DemandMax":4,"Value":128},{"Length":65,"Height":96,"Demand":0,"DemandMax":4,"Value":12480},{"Length":7,"Height":34,"Demand":0,"DemandMax":4,"Value":238},{"Length":33,"Height":31,"Demand":0,"DemandMax":4,"Value":1023},{"Length":48,"Height":25,"Demand":0,"DemandMax":4,"Value":2400},{"Length":77,"Height":85,"Demand":0,"DemandMax":4,"Value":6545},{"Length":98,"Height":40,"Demand":0,"DemandMax":4,"Value":7840},{"Length":47,"Height":8,"Demand":0,"DemandMax":4,"Value":376},{"Length":32,"Height":43,"Demand":0,"DemandMax":4,"Value":1376},{"Length":5,"Height":46,"Demand":0,"DemandMax":4,"Value":230},{"Length":22,"Height":27,"Demand":0,"DemandMax":4,"Value":1188},{"Length":83,"Height":43,"Demand":0,"DemandMax":4,"Value":3569},{"Length":14,"Height":5,"Demand":0,"DemandMax":4,"Value":210},{"Length":29,"Height":87,"Demand":0,"DemandMax":4,"Value":2523},{"Length":86,"Height":11,"Demand":0,"DemandMax":4,"Value":2838},{"Length":69,"Height":73,"Demand":0,"DemandMax":4,"Value":15111},{"Length":4,"Height":13,"Demand":0,"DemandMax":4,"Value":104},{"Length":32,"Height":78,"Demand":0,"DemandMax":4,"Value":2496},{"Length":63,"Height":68,"Demand":0,"DemandMax":4,"Value":4284},{"Length":9,"Height":50,"Demand":0,"DemandMax":4,"Value":450},{"Length":30,"Height":9,"Demand":0,"DemandMax":4,"Value":540},{"Length":9,"Height":19,"Demand":0,"DemandMax":4,"Value":513},{"Length":43,"Height":39,"Demand":0,"DemandMax":4,"Value":5031},{"Length":5,"Height":19,"Demand":0,"DemandMax":4,"Value":285},{"Length":19,"Height":39,"Demand":0,"DemandMax":4,"Value":2223},{"Length":36,"Height":7,"Demand":0,"DemandMax":4,"Value":504},{"Length":87,"Height":24,"Demand":0,"DemandMax":4,"Value":2088},{"Length":75,"Height":67,"Demand":0,"DemandMax":4,"Value":5025},{"Length":84,"Height":23,"Demand":0,"DemandMax":4,"Value":1932},{"Length":40,"Height":28,"Demand":0,"DemandMax":4,"Value":1120},{"Length":38,"Height":97,"Demand":0,"DemandMax":4,"Value":11058},{"Length":38,"Height":89,"Demand":0,"DemandMax":4,"Value":6764},{"Length":83,"Height":53,"Demand":0,"DemandMax":4,"Value":8798},{"Length":13,"Height":24,"Demand":0,"DemandMax":4,"Value":312},{"Length":13,"Height":34,"Demand":0,"DemandMax":4,"Value":442},{"Length":80,"Height":17,"Demand":0,"DemandMax":4,"Value":2720},{"Length":36,"Height":84,"Demand":0,"DemandMax":4,"Value":3024},{"Length":27,"Height":98,"Demand":0,"DemandMax":4,"Value":2646},{"Length":39,"Height":42,"Demand":0,"DemandMax":4,"Value":3276},{"Length":33,"Height":18,"Demand":0,"DemandMax":4,"Value":1782},{"Length":56,"Height":61,"Demand":0,"DemandMax":4,"Value":6832},{"Length":45,"Height":5,"Demand":0,"DemandMax":4,"Value":675},{"Length":12,"Height":6,"Demand":0,"DemandMax":4,"Value":216},{"Length":98,"Height":36,"Demand":0,"DemandMax":4,"Value":7056},{"Length":84,"Height":80,"Demand":0,"DemandMax":4,"Value":13440},{"Length":10,"Height":26,"Demand":0,"DemandMax":4,"Value":520},{"Length":99,"Height":24,"Demand":0,"DemandMax":4,"Value":4752},{"Length":28,"Height":44,"Demand":0,"DemandMax":4,"Value":3696},{"Length":93,"Height":92,"Demand":0,"DemandMax":4,"Value":25668},{"Length":32,"Height":86,"Demand":0,"DemandMax":4,"Value":8256},{"Length":41,"Height":34,"Demand":0,"DemandMax":4,"Value":1394},{"Length":36,"Height":5,"Demand":0,"DemandMax":4,"Value":540},{"Length":13,"Height":81,"Demand":0,"DemandMax":4,"Value":1053},{"Length":12,"Height":40,"Demand":0,"DemandMax":4,"Value":480},{"Length":15,"Height":34,"Demand":0,"DemandMax":4,"Value":510},{"Length":38,"Height":15,"Demand":0,"DemandMax":4,"Value":1140},{"Length":26,"Height":81,"Demand":0,"DemandMax":4,"Value":4212},{"Length":41,"Height":76,"Demand":0,"DemandMax":4,"Value":9348},{"Length":81,"Height":13,"Demand":0,"DemandMax":4,"Value":2106},{"Length":35,"Height":50,"Demand":0,"DemandMax":4,"Value":5250},{"Length":13,"Height":89,"Demand":0,"DemandMax":4,"Value":3471},{"Length":99,"Height":3,"Demand":0,"DemandMax":4,"Value":891},{"Length":36,"Height":44,"Demand":0,"DemandMax":4,"Value":1584},{"Length":90,"Height":38,"Demand":0,"DemandMax":4,"Value":6840},{"Length":77,"Height":32,"Demand":0,"DemandMax":4,"Value":7392}]}