{"Name":"ngcutfs2_93","Objects":[{"Length":100,"Height":100,"Stock":null,"Cost":10000}],"Items":[{"Length":85,"Height":9,"Demand":0,"DemandMax":1,"Value":2295},{"Length":36,"Height":32,"Demand":0,"DemandMax":1,"Value":3456},{"Length":32,"Height":48,"Demand":0,"DemandMax":1,"Value":1536},{"Length":24,"Height":34,"Demand":0,"DemandMax":1,"Value":816},{"Length":27,"Height":36,"Demand":0,"DemandMax":1,"Value":972},{"Length":41,"Height":10,"Demand":0,"DemandMax":1,"Value":820},{"Length":43,"Height":83,"Demand":0,"DemandMax":1,"Value":3569},{"Length":33,"Height":12,"Demand":0,"DemandMax":1,"Value":1188},{"Length":47,"Height":25,"Demand":0,"DemandMax":1,"Value":3525},{"Length":3,"Height":33,"Demand":0,"DemandMax":1,"Value":198},{"Length":77,"Height":30,"Demand":0,"DemandMax":1,"Value":4620},{"Length":35,"Height":25,"Demand":0,"DemandMax":1,"Value":1750},{"Length":28,"Height":25,"Demand":0,"DemandMax":1,"Value":700},{"Length":20,"Height":36,"Demand":0,"DemandMax":1,"Value":1440},{"Length":10,"Height":36,"Demand":0,"DemandMax":1,"Value":720},{"Length":77,"Height":21,"Demand":0,"DemandMax":1,"Value":3234},{"Length":77,"Height":67,"Demand":0,"DemandMax":1,"Value":5159},{"Length":48,"Height":96,"Demand":0,"DemandMax":1,"Value":9216},{"Length":2,"Height":35,"Demand":0,"DemandMax":1,"Value":140},{"Length":31,"Height":35,"Demand":0,"DemandMax":1,"Value":3255},{"Length":91,"Height":94,"Demand":0,"DemandMax":1,"Value":8554},{"Length":90,"Height":83,"Demand":0,"DemandMax":1,"Value":7470},{"Length":46,"Height":39,"Demand":0,"DemandMax":1,"Value":5382},{"Length":30,"Height":31,"Demand":0,"DemandMax":1,"Value":2790},{"Length":32,"Height":19,"Demand":0,"DemandMax":1,"Value":1216},{"Length":8,"Height":26,"Demand":0,"DemandMax":1,"Value":624},{"Length":35,"Height":21,"Demand":0,"DemandMax":1,"Value":1470},{"Length":79,"Height":47,"Demand":0,"DemandMax":1,"Value":11139},{"Length":11,"Height":93,"Demand":0,"DemandMax":1,"Value":2046},{"Length":89,"Height":29,"Demand":0,"DemandMax":1,"Value":7743},{"Length":95,"Height":24,"Demand":0,"DemandMax":1,"Value":6840},{"Length":5,"Height":50,"Demand":0,"DemandMax":1,"Value":750},{"Length":29,"Height":47,"Demand":0,"DemandMax":1,"Value":4089},{"Length":6,"Height":26,"Demand":0,"DemandMax":1,"Value":468},{"Length":33,"Height":98,"Demand":0,"DemandMax":1,"Value":3234},{"Length":20,"Height":9,"Demand":0,"DemandMax":1,"Value":540},{"Length":23,"Height":86,"Demand":0,"DemandMax":1,"Value":3956},{"Length":13,"Height":77,"Demand":0,"DemandMax":1,"Value":2002},{"Length":17,"Height":22,"Demand":0,"DemandMax":1,"Value":374},{"Length":30,"Height":28,"Demand":0,"DemandMax":1,"Value":1680},{"Length":98,"Height":58,"Demand":0,"DemandMax":1,"Value":5684},{"Length":45,"Height":17,"Demand":0,"DemandMax":1,"Value":765},{"Length":44,"Height":91,"Demand":0,"DemandMax":1,"Value":12012},{"Length":41,"Height":48,"Demand":0,"DemandMax":1,"Value":5904},{"Length":98,"Height":30,"Demand":0,"DemandMax":1,"Value":8820},{"Length":46,"Height":19,"Demand":0,"DemandMax":1,"Value":874},{"Length":18,"Height":46,"Demand":0,"DemandMax":1,"Value":828},{"Length":4,"Height":12,"Demand":0,"DemandMax":1,"Value":48},{"Length":22,"Height":45,"Demand":0,"DemandMax":1,"Value":1980},{"Length":40,"Height":37,"Demand":0,"DemandMax":1,"Value":2960},{"Length":26,"Height":86,"Demand":0,"DemandMax":1,"Value":4472},{"Length":20,"Height":86,"Demand":0,"DemandMax":2,"Value":1720},{"Length":21,"Height":11,"Demand":0,"DemandMax":1,"Value":462},{"Length":69,"Height":87,"Demand":0,"DemandMax":1,"Value":6003},{"Length":82,"Height":33,"Demand":0,"DemandMax":1,"Value":2706},{"Length":43,"Height":38,"Demand":0,"DemandMax":1,"Value":4902},{"Length":87,"Height":28,"Demand":0,"DemandMax":1,"Value":2436},{"Length":4,"Height":32,"Demand":0,"DemandMax":1,"Value":384},{"Length":34,"Height":3,"Demand":0,"DemandMax":1,"Value":306},{"Length":90,"Height":25,"Demand":0,"DemandMax":1,"Value":2250},{"Length":86,"Height":4,"Demand":0,"DemandMax":1,"Value":1032},{"Length":45,"Height":16,"Demand":0,"DemandMax":1,"Value":720},{"Length":51,"Height":89,"Demand":0,"DemandMax":1,"Value":13617},{"Length":8,"Height":41,"Demand":0,"DemandMax":1,"Value":656},{"Length":9,"Height":22,"Demand":0,"DemandMax":1,"Value":396},{"Length":26,"Height":19,"Demand":0,"DemandMax":1,"Value":988},{"Length":10,"Height":49,"Demand":0,"DemandMax":1,"Value":490},{"Length":29,"Height":48,"Demand":0,"DemandMax":1,"Value":2784},{"Length":84,"Height":78,"Demand":0,"DemandMax":1,"Value":19656},{"Length":27,"Height":19,"Demand":0,"DemandMax":1,"Value":513},{"Length":56,"Height":82,"Demand":0,"DemandMax":1,"Value":9184},{"Length":47,"Height":45,"Demand":0,"DemandMax":1,"Value":6345},{"Length":41,"Height":93,"Demand":0,"DemandMax":1,"Value":7626},{"Length":40,"Height":82,"Demand":0,"DemandMax":1,"Value":9840},{"Length":19,"Height":24,"Demand":0,"DemandMax":1,"Value":1368},{"Length":3,"Height":47,"Demand":0,"DemandMax":1,"Value":282},{"Length":77,"Height":69,"Demand":0,"DemandMax":1,"Value":5313},{"Length":25,"Height":43,"Demand":0,"DemandMax":1,"Value":1075},{"Length":31,"Height":21,"Demand":0,"DemandMax":1,"Value":1302},{"Length":44,"Height":41,"Demand":0,"DemandMax":1,"Value":3608},{"Length":34,"Height":33,"Demand":0,"DemandMax":1,"Value":1122},{"Length":36,"Height":33,"Demand":0,"DemandMax":1,"Value":1188},{"Length":76,"Height":93,"Demand":0,"DemandMax":1,"Value":7068},{"Length":16,"Height":5,"Demand":0,"DemandMax":1,"Value":80},{"Length":46,"Height":34,"Demand":0,"DemandMax":1,"Value":4692},{"Length":86,"Height":16,"Demand":0,"DemandMax":1,"Value":2752},{"Length":12,"Height":30,"Demand":0,"DemandMax":1,"Value":720},{"Length":86,"Height":50,"Demand":0,"DemandMax":1,"Value":4300},{"Length":97,"Height":39,"Demand":0,"DemandMax":1,"Value":11349},{"Length":95,"Height":76,"Demand":0,"DemandMax":1,"Value":7220},{"Length":16,"Height":49,"Demand":0,"DemandMax":1,"Value":1568},{"Length":16,"Height":43,"Demand":0,"DemandMax":1,"Value":2064},{"Length":40,"Height":15,"Demand":0,"DemandMax":1,"Value":1800},{"Length":40,"Height":36,"Demand":0,"DemandMax":1,"Value":1440},{"Length":3,"Height":33,"Demand":0,"DemandMax":1,"Value":297},{"Length":41,"Height":88,"Demand":0,"DemandMax":1,"Value":3608},{"Length":41,"Height":37,"Demand":0,"DemandMax":1,"Value":1517},{"Length":19,"Height":50,"Demand":0,"DemandMax":1,"Value":950},{"Length":33,"Height":32,"Demand":0,"DemandMax":1,"Value":3168},{"Length":31,"Height":28,"Demand":0,"DemandMax":1,"Value":2604},{"Length":48,"Height":38,"Demand":0,"DemandMax":1,"Value":5472},{"Length":89,"Height":70,"Demand":0,"DemandMax":1,"Value":6230},{"Length":95,"Height":29,"Demand":0,"DemandMax":1,"Value":8265},{"Length":24,"Height":47,"Demand":0,"DemandMax":1,"Value":3384},{"Length":92,"Height":10,"Demand":0,"DemandMax":1,"Value":1840},{"Length":44,"Height":20,"Demand":0,"DemandMax":1,"Value":2640},{"Length":94,"Height":94,"Demand":0,"DemandMax":1,"Value":17672},{"Length":20,"Height":34,"Demand":0,"DemandMax":1,"Value":2040},{"Length":18,"Height":9,"Demand":0,"DemandMax":1,"Value":162},{"Length":4,"Height":92,"Demand":0,"DemandMax":1,"Value":1104},{"Length":76,"Height":30,"Demand":0,"DemandMax":1,"Value":2280},{"Length":38,"Height":31,"Demand":0,"DemandMax":1,"Value":3534},{"Length":92,"Height":37,"Demand":0,"DemandMax":1,"Value":6808},{"Length":3,"Height":26,"Demand":0,"DemandMax":1,"Value":78},{"Length":17,"Height":2,"Demand":0,"DemandMax":1,"Value":68},{"Length":47,"Height":50,"Demand":0,"DemandMax":1,"Value":2350},{"Length":3,"Height":2,"Demand":0,"DemandMax":1,"Value":18},{"Length":10,"Height":2,"Demand":0,"DemandMax":1,"Value":20},{"Length":82,"Height":41,"Demand":0,"DemandMax":1,"Value":3362},{"Length":49,"Height":32,"Demand":0,"DemandMax":1,"Value":3136},{"Length":5,"Height":9,"Demand":0,"DemandMax":1,"Value":135},{"Length":46,"Height":50,"Demand":0,"DemandMax":1,"Value":2300},{"Length":55,"Height":61,"Demand":0,"DemandMax":1,"Value":3355},{"Length":48,"Height":23,"Demand":0,"DemandMax":1,"Value":3312},{"Length":62,"Height":58,"Demand":0,"DemandMax":1,"Value":3596},{"Length":46,"Height":5,"Demand":0,"DemandMax":1,"Value":230},{"Length":20,"Height":29,"Demand":0,"DemandMax":1,"Value":580},{"Length":94,"Height":47,"Demand":0,"DemandMax":1,"Value":4418},{"Length":36,"Height":13,"Demand":0,"DemandMax":1,"Value":1404},{"Length":21,"Height":22,"Demand":0,"DemandMax":1,"Value":462},{"Length":13,"Height":29,"Demand":0,"DemandMax":1,"Value":1131},{"Length":72,"Height":76,"Demand":0,"DemandMax":1,"Value":5472},{"Length":35,"Height":11,"Demand":0,"DemandMax":1,"Value":770},{"Length":15,"Height":30,"Demand":0,"DemandMax":1,"Value":1350},{"Length":39,"Height":80,"Demand":0,"DemandMax":1,"Value":6240},{"Length":10,"Height":24,"Demand":0,"DemandMax":1,"Value":720},{"Length":39,"Height":8,"Demand":0,"DemandMax":1,"Value":936},{"Length":20,"Height":45,"Demand":0,"DemandMax":1,"Value":1800},{"Length":81,"Height":4,"Demand":0,"DemandMax":1,"Value":648},{"Length":29,"Height":16,"Demand":0,"DemandMax":1,"Value":928},{"Length":6,"Height":89,"Demand":0,"DemandMax":1,"Value":534},{"Length":77,"Height":50,"Demand":0,"DemandMax":1,"Value":11550},{"Length":71,"Height":97,"Demand":0,"DemandMax":1,"Value":20661},{"Length":47,"Height":8,"Demand":0,"DemandMax":1,"Value":376},{"Length":5,"Height":34,"Demand":0,"DemandMax":1,"Value":340},{"Length":95,"Height":61,"Demand":0,"DemandMax":1,"Value":17385},{"Length":29,"Height":100,"Demand":0,"DemandMax":1,"Value":8700},{"Length":90,"Height":5,"Demand":0,"DemandMax":1,"Value":1350},{"Length":20,"Height":78,"Demand":0,"DemandMax":1,"Value":3120}]}