{"Name":"ngcutfs2_117","Objects":[{"Length":100,"Height":100,"Stock":null,"Cost":10000}],"Items":[{"Length":45,"Height":37,"Demand":0,"DemandMax":4,"Value":4995},{"Length":46,"Height":35,"Demand":0,"DemandMax":4,"Value":3220},{"Length":35,"Height":8,"Demand":0,"DemandMax":4,"Value":280},{"Length":77,"Height":71,"Demand":0,"DemandMax":4,"Value":16401},{"Length":12,"Height":81,"Demand":0,"DemandMax":4,"Value":2916},{"Length":46,"Height":19,"Demand":0,"DemandMax":4,"Value":874},{"Length":41,"Height":87,"Demand":0,"DemandMax":4,"Value":10701},{"Length":98,"Height":43,"Demand":0,"DemandMax":4,"Value":8428},{"Length":90,"Height":84,"Demand":0,"DemandMax":4,"Value":7560},{"Length":19,"Height":95,"Demand":0,"DemandMax":4,"Value":1805},{"Length":78,"Height":34,"Demand":0,"DemandMax":4,"Value":5304},{"Length":42,"Height":3,"Demand":0,"DemandMax":4,"Value":378},{"Length":33,"Height":20,"Demand":0,"DemandMax":4,"Value":1980},{"Length":9,"Height":6,"Demand":0,"DemandMax":4,"Value":162},{"Length":4,"Height":17,"Demand":0,"DemandMax":4,"Value":204},{"Length":42,"Height":12,"Demand":0,"DemandMax":4,"Value":1512},{"Length":41,"Height":23,"Demand":0,"DemandMax":4,"Value":1886},{"Length":14,"Height":35,"Demand":0,"DemandMax":4,"Value":490},{"Length":57,"Height":96,"Demand":0,"DemandMax":4,"Value":16416},{"Length":85,"Height":49,"Demand":0,"DemandMax":4,"Value":8330},{"Length":99,"Height":14,"Demand":0,"DemandMax":4,"Value":1386},{"Length":38,"Height":98,"Demand":0,"DemandMax":4,"Value":7448},{"Length":46,"Height":22,"Demand":0,"DemandMax":4,"Value":1012},{"Length":45,"Height":26,"Demand":0,"DemandMax":4,"Value":1170},{"Length":91,"Height":83,"Demand":0,"DemandMax":4,"Value":15106},{"Length":93,"Height":42,"Demand":0,"DemandMax":4,"Value":3906},{"Length":79,"Height":85,"Demand":0,"DemandMax":4,"Value":13430},{"Length":49,"Height":23,"Demand":0,"DemandMax":4,"Value":3381},{"Length":17,"Height":6,"Demand":0,"DemandMax":4,"Value":102},{"Length":6,"Height":28,"Demand":0,"DemandMax":4,"Value":504},{"Length":40,"Height":47,"Demand":0,"DemandMax":4,"Value":1880},{"Length":28,"Height":28,"Demand":0,"DemandMax":4,"Value":784},{"Length":2,"Height":79,"Demand":0,"DemandMax":4,"Value":158},{"Length":7,"Height":28,"Demand":0,"DemandMax":4,"Value":588},{"Length":5,"Height":84,"Demand":0,"DemandMax":4,"Value":420},{"Length":68,"Height":65,"Demand":0,"DemandMax":4,"Value":4420},{"Length":5,"Height":16,"Demand":0,"DemandMax":4,"Value":160},{"Length":48,"Height":35,"Demand":0,"DemandMax":4,"Value":1680},{"Length":92,"Height":8,"Demand":0,"DemandMax":4,"Value":2208},{"Length":91,"Height":19,"Demand":0,"DemandMax":4,"Value":5187},{"Length":88,"Height":38,"Demand":0,"DemandMax":4,"Value":3344},{"Length":29,"Height":87,"Demand":0,"DemandMax":4,"Value":5046},{"Length":63,"Height":91,"Demand":0,"DemandMax":4,"Value":11466},{"Length":8,"Height":2,"Demand":0,"DemandMax":4,"Value":16},{"Length":6,"Height":7,"Demand":0,"DemandMax":4,"Value":126},{"Length":66,"Height":95,"Demand":0,"DemandMax":4,"Value":12540},{"Length":17,"Height":91,"Demand":0,"DemandMax":4,"Value":3094},{"Length":86,"Height":43,"Demand":0,"DemandMax":4,"Value":7396},{"Length":45,"Height":38,"Demand":0,"DemandMax":4,"Value":3420},{"Length":7,"Height":11,"Demand":0,"DemandMax":4,"Value":77},{"Length":35,"Height":27,"Demand":0,"DemandMax":4,"Value":1890},{"Length":16,"Height":13,"Demand":0,"DemandMax":4,"Value":208},{"Length":48,"Height":44,"Demand":0,"DemandMax":4,"Value":4224},{"Length":96,"Height":13,"Demand":0,"DemandMax":4,"Value":3744},{"Length":47,"Height":14,"Demand":0,"DemandMax":4,"Value":1316},{"Length":20,"Height":45,"Demand":0,"DemandMax":4,"Value":1800},{"Length":82,"Height":31,"Demand":0,"DemandMax":4,"Value":7626},{"Length":5,"Height":48,"Demand":0,"DemandMax":4,"Value":240},{"Length":68,"Height":56,"Demand":0,"DemandMax":4,"Value":3808},{"Length":3,"Height":10,"Demand":0,"DemandMax":4,"Value":60},{"Length":16,"Height":33,"Demand":0,"DemandMax":4,"Value":1056},{"Length":31,"Height":86,"Demand":0,"DemandMax":4,"Value":7998},{"Length":74,"Height":95,"Demand":0,"DemandMax":4,"Value":7030},{"Length":5,"Height":5,"Demand":0,"DemandMax":4,"Value":50},{"Length":9,"Height":100,"Demand":0,"DemandMax":4,"Value":900},{"Length":49,"Height":10,"Demand":0,"DemandMax":4,"Value":490},{"Length":43,"Height":41,"Demand":0,"DemandMax":4,"Value":5289},{"Length":87,"Height":95,"Demand":0,"DemandMax":4,"Value":8265},{"Length":81,"Height":40,"Demand":0,"DemandMax":4,"Value":3240},{"Length":92,"Height":70,"Demand":0,"DemandMax":4,"Value":6440},{"Length":46,"Height":37,"Demand":0,"DemandMax":4,"Value":5106},{"Length":87,"Height":62,"Demand":0,"DemandMax":4,"Value":5394},{"Length":7,"Height":34,"Demand":0,"DemandMax":4,"Value":714},{"Length":27,"Height":96,"Demand":0,"DemandMax":4,"Value":2592},{"Length":46,"Height":33,"Demand":0,"DemandMax":4,"Value":3036},{"Length":42,"Height":45,"Demand":0,"DemandMax":4,"Value":5670},{"Length":50,"Height":93,"Demand":0,"DemandMax":4,"Value":4650},{"Length":26,"Height":39,"Demand":0,"DemandMax":4,"Value":3042},{"Length":17,"Height":37,"Demand":0,"DemandMax":4,"Value":1887},{"Length":79,"Height":47,"Demand":0,"DemandMax":4,"Value":3713},{"Length":37,"Height":33,"Demand":0,"DemandMax":4,"Value":3663},{"Length":11,"Height":38,"Demand":0,"DemandMax":4,"Value":1254},{"Length":30,"Height":80,"Demand":0,"DemandMax":4,"Value":4800},{"Length":36,"Height":7,"Demand":0,"DemandMax":4,"Value":756},{"Length":15,"Height":13,"Demand":0,"DemandMax":4,"Value":585},{"Length":50,"Height":83,"Demand":0,"DemandMax":4,"Value":4150},{"Length":48,"Height":34,"Demand":0,"DemandMax":4,"Value":3264},{"Length":48,"Height":22,"Demand":0,"DemandMax":4,"Value":3168},{"Length":7,"Height":80,"Demand":0,"DemandMax":4,"Value":1120},{"Length":39,"Height":47,"Demand":0,"DemandMax":4,"Value":5499},{"Length":65,"Height":92,"Demand":0,"DemandMax":4,"Value":11960},{"Length":90,"Height":48,"Demand":0,"DemandMax":4,"Value":8640},{"Length":21,"Height":3,"Demand":0,"DemandMax":4,"Value":63},{"Length":30,"Height":34,"Demand":0,"DemandMax":4,"Value":3060},{"Length":48,"Height":3,"Demand":0,"DemandMax":4,"Value":288},{"Length":15,"Height":8,"Demand":0,"DemandMax":4,"Value":240},{"Length":34,"Height":25,"Demand":0,"DemandMax":4,"Value":850},{"Length":29,"Height":41,"Demand":0,"DemandMax":4,"Value":2378},{"Length":4,"Height":90,"Demand":0,"DemandMax":4,"Value":1080},{"Length":74,"Height":67,"Demand":0,"DemandMax":4,"Value":9916},{"Length":38,"Height":35,"Demand":0,"DemandMax":4,"Value":3990},{"Length":26,"Height":23,"Demand":0,"DemandMax":4,"Value":598},{"Length":45,"Height":83,"Demand":0,"DemandMax":4,"Value":11205},{"Length":38,"Height":26,"Demand":0,"DemandMax":4,"Value":2964},{"Length":4,"Height":80,"Demand":0,"DemandMax":4,"Value":320},{"Length":82,"Height":12,"Demand":0,"DemandMax":4,"Value":984},{"Length":32,"Height":10,"Demand":0,"DemandMax":4,"Value":640},{"Length":24,"Height":20,"Demand":0,"DemandMax":4,"Value":960},{"Length":15,"Height":6,"Demand":0,"DemandMax":4,"Value":180},{"Length":47,"Height":98,"Demand":0,"DemandMax":4,"Value":4606},{"Length":33,"Height":24,"Demand":0,"DemandMax":4,"Value":792},{"Length":10,"Height":34,"Demand":0,"DemandMax":4,"Value":1020},{"Length":86,"Height":13,"Demand":0,"DemandMax":4,"Value":3354},{"Length":59,"Height":72,"Demand":0,"DemandMax":4,"Value":12744},{"Length":96,"Height":7,"Demand":0,"DemandMax":4,"Value":1344},{"Length":31,"Height":44,"Demand":0,"DemandMax":4,"Value":1364},{"Length":38,"Height":2,"Demand":0,"DemandMax":4,"Value":152},{"Length":78,"Height":6,"Demand":0,"DemandMax":4,"Value":936},{"Length":80,"Height":51,"Demand":0,"DemandMax":4,"Value":12240},{"Length":2,"Height":13,"Demand":0,"DemandMax":4,"Value":26},{"Length":44,"Height":27,"Demand":0,"DemandMax":4,"Value":2376},{"Length":39,"Height":5,"Demand":0,"DemandMax":4,"Value":585},{"Length":9,"Height":19,"Demand":0,"DemandMax":4,"Value":513},{"Length":36,"Height":87,"Demand":0,"DemandMax":4,"Value":9396},{"Length":43,"Height":43,"Demand":0,"DemandMax":4,"Value":3698},{"Length":62,"Height":67,"Demand":0,"DemandMax":4,"Value":12462},{"Length":15,"Height":41,"Demand":0,"DemandMax":4,"Value":1845},{"Length":33,"Height":45,"Demand":0,"DemandMax":4,"Value":1485},{"Length":37,"Height":95,"Demand":0,"DemandMax":4,"Value":3515},{"Length":84,"Height":20,"Demand":0,"DemandMax":4,"Value":3360},{"Length":61,"Height":84,"Demand":0,"DemandMax":4,"Value":15372},{"Length":97,"Height":87,"Demand":0,"DemandMax":4,"Value":25317},{"Length":81,"Height":85,"Demand":0,"DemandMax":4,"Value":13770},{"Length":42,"Height":5,"Demand":0,"DemandMax":4,"Value":420},{"Length":11,"Height":4,"Demand":0,"DemandMax":4,"Value":88},{"Length":12,"Height":44,"Demand":0,"DemandMax":4,"Value":528},{"Length":78,"Height":8,"Demand":0,"DemandMax":4,"Value":624},{"Length":9,"Height":3,"Demand":0,"DemandMax":4,"Value":81},{"Length":12,"Height":5,"Demand":0,"DemandMax":4,"Value":120},{"Length":92,"Height":51,"Demand":0,"DemandMax":4,"Value":9384},{"Length":27,"Height":19,"Demand":0,"DemandMax":4,"Value":1026},{"Length":41,"Height":47,"Demand":0,"DemandMax":4,"Value":5781},{"Length":85,"Height":16,"Demand":0,"DemandMax":4,"Value":2720},{"Length":21,"Height":20,"Demand":0,"DemandMax":4,"Value":1260},{"Length":40,"Height":14,"Demand":0,"DemandMax":4,"Value":1680},{"Length":50,"Height":43,"Demand":0,"DemandMax":4,"Value":6450},{"Length":7,"Height":45,"Demand":0,"DemandMax":4,"Value":945},{"Length":19,"Height":82,"Demand":0,"DemandMax":4,"Value":1558},{"Length":77,"Height":14,"Demand":0,"DemandMax":4,"Value":3234},{"Length":5,"Height":95,"Demand":0,"DemandMax":4,"Value":1425}]}