{"Name":"ngcutfs3_9","Objects":[{"Length":100,"Height":100,"Stock":null,"Cost":10000}],"Items":[{"Length":33,"Height":32,"Demand":0,"DemandMax":1,"Value":3168},{"Length":4,"Height":31,"Demand":0,"DemandMax":1,"Value":372},{"Length":33,"Height":77,"Demand":0,"DemandMax":1,"Value":7623},{"Length":41,"Height":28,"Demand":0,"DemandMax":1,"Value":3444},{"Length":42,"Height":49,"Demand":0,"DemandMax":1,"Value":6174},{"Length":16,"Height":30,"Demand":0,"DemandMax":1,"Value":480},{"Length":77,"Height":95,"Demand":0,"DemandMax":1,"Value":21945},{"Length":22,"Height":12,"Demand":0,"DemandMax":1,"Value":528},{"Length":94,"Height":30,"Demand":0,"DemandMax":1,"Value":8460},{"Length":42,"Height":23,"Demand":0,"DemandMax":1,"Value":2898},{"Length":41,"Height":27,"Demand":0,"DemandMax":1,"Value":3321},{"Length":42,"Height":18,"Demand":0,"DemandMax":1,"Value":1512},{"Length":91,"Height":6,"Demand":0,"DemandMax":1,"Value":1092},{"Length":26,"Height":37,"Demand":0,"DemandMax":1,"Value":1924},{"Length":7,"Height":31,"Demand":0,"DemandMax":1,"Value":217},{"Length":31,"Height":7,"Demand":0,"DemandMax":1,"Value":217},{"Length":20,"Height":89,"Demand":0,"DemandMax":1,"Value":1780},{"Length":9,"Height":21,"Demand":0,"DemandMax":1,"Value":378},{"Length":44,"Height":10,"Demand":0,"DemandMax":1,"Value":880},{"Length":2,"Height":32,"Demand":0,"DemandMax":1,"Value":64},{"Length":34,"Height":25,"Demand":0,"DemandMax":1,"Value":1700},{"Length":30,"Height":42,"Demand":0,"DemandMax":1,"Value":1260},{"Length":4,"Height":19,"Demand":0,"DemandMax":1,"Value":152},{"Length":39,"Height":17,"Demand":0,"DemandMax":1,"Value":1989},{"Length":96,"Height":100,"Demand":0,"DemandMax":1,"Value":19200},{"Length":19,"Height":8,"Demand":0,"DemandMax":1,"Value":304},{"Length":99,"Height":21,"Demand":0,"DemandMax":1,"Value":2079},{"Length":18,"Height":32,"Demand":0,"DemandMax":1,"Value":576},{"Length":37,"Height":29,"Demand":0,"DemandMax":1,"Value":1073},{"Length":36,"Height":34,"Demand":0,"DemandMax":1,"Value":3672},{"Length":50,"Height":34,"Demand":0,"DemandMax":1,"Value":1700},{"Length":38,"Height":49,"Demand":0,"DemandMax":1,"Value":5586},{"Length":89,"Height":86,"Demand":0,"DemandMax":1,"Value":7654},{"Length":37,"Height":21,"Demand":0,"DemandMax":1,"Value":2331},{"Length":78,"Height":84,"Demand":0,"DemandMax":1,"Value":13104},{"Length":16,"Height":17,"Demand":0,"DemandMax":1,"Value":816},{"Length":40,"Height":4,"Demand":0,"DemandMax":1,"Value":160},{"Length":47,"Height":26,"Demand":0,"DemandMax":1,"Value":2444},{"Length":12,"Height":29,"Demand":0,"DemandMax":1,"Value":1044},{"Length":22,"Height":79,"Demand":0,"DemandMax":1,"Value":3476}]}