{"Name":"ngcutfs1_116","Objects":[{"Length":100,"Height":100,"Stock":null,"Cost":10000}],"Items":[{"Length":93,"Height":61,"Demand":0,"DemandMax":4,"Value":11346},{"Length":8,"Height":93,"Demand":0,"DemandMax":4,"Value":1488},{"Length":60,"Height":95,"Demand":0,"DemandMax":4,"Value":17100},{"Length":11,"Height":24,"Demand":0,"DemandMax":4,"Value":792},{"Length":32,"Height":18,"Demand":0,"DemandMax":4,"Value":1152},{"Length":3,"Height":13,"Demand":0,"DemandMax":4,"Value":78},{"Length":31,"Height":45,"Demand":0,"DemandMax":4,"Value":4185},{"Length":34,"Height":29,"Demand":0,"DemandMax":4,"Value":1972},{"Length":14,"Height":96,"Demand":0,"DemandMax":4,"Value":2688},{"Length":67,"Height":59,"Demand":0,"DemandMax":4,"Value":11859},{"Length":50,"Height":10,"Demand":0,"DemandMax":4,"Value":1000},{"Length":86,"Height":37,"Demand":0,"DemandMax":4,"Value":6364},{"Length":92,"Height":67,"Demand":0,"DemandMax":4,"Value":6164},{"Length":12,"Height":28,"Demand":0,"DemandMax":4,"Value":336},{"Length":86,"Height":5,"Demand":0,"DemandMax":4,"Value":860},{"Length":24,"Height":92,"Demand":0,"DemandMax":4,"Value":2208},{"Length":11,"Height":10,"Demand":0,"DemandMax":4,"Value":220},{"Length":73,"Height":71,"Demand":0,"DemandMax":4,"Value":5183},{"Length":44,"Height":24,"Demand":0,"DemandMax":4,"Value":3168},{"Length":31,"Height":42,"Demand":0,"DemandMax":4,"Value":1302},{"Length":47,"Height":38,"Demand":0,"DemandMax":4,"Value":5358},{"Length":18,"Height":34,"Demand":0,"DemandMax":4,"Value":1836},{"Length":45,"Height":49,"Demand":0,"DemandMax":4,"Value":4410},{"Length":96,"Height":68,"Demand":0,"DemandMax":4,"Value":6528},{"Length":86,"Height":79,"Demand":0,"DemandMax":4,"Value":13588},{"Length":37,"Height":43,"Demand":0,"DemandMax":4,"Value":1591},{"Length":23,"Height":88,"Demand":0,"DemandMax":4,"Value":2024},{"Length":23,"Height":6,"Demand":0,"DemandMax":4,"Value":138},{"Length":39,"Height":42,"Demand":0,"DemandMax":4,"Value":3276},{"Length":44,"Height":16,"Demand":0,"DemandMax":4,"Value":704},{"Length":88,"Height":29,"Demand":0,"DemandMax":4,"Value":5104},{"Length":20,"Height":31,"Demand":0,"DemandMax":4,"Value":620},{"Length":79,"Height":55,"Demand":0,"DemandMax":4,"Value":4345},{"Length":37,"Height":79,"Demand":0,"DemandMax":4,"Value":2923},{"Length":9,"Height":18,"Demand":0,"DemandMax":4,"Value":324},{"Length":42,"Height":29,"Demand":0,"DemandMax":4,"Value":1218},{"Length":5,"Height":2,"Demand":0,"DemandMax":4,"Value":30},{"Length":94,"Height":17,"Demand":0,"DemandMax":4,"Value":1598},{"Length":16,"Height":16,"Demand":0,"DemandMax":4,"Value":768},{"Length":98,"Height":99,"Demand":0,"DemandMax":4,"Value":29106},{"Length":62,"Height":86,"Demand":0,"DemandMax":4,"Value":15996},{"Length":18,"Height":93,"Demand":0,"DemandMax":4,"Value":1674},{"Length":79,"Height":33,"Demand":0,"DemandMax":4,"Value":2607},{"Length":23,"Height":77,"Demand":0,"DemandMax":4,"Value":5313},{"Length":29,"Height":9,"Demand":0,"DemandMax":4,"Value":522},{"Length":37,"Height":22,"Demand":0,"DemandMax":4,"Value":2442},{"Length":96,"Height":30,"Demand":0,"DemandMax":4,"Value":2880},{"Length":47,"Height":27,"Demand":0,"DemandMax":4,"Value":2538},{"Length":89,"Height":21,"Demand":0,"DemandMax":4,"Value":3738},{"Length":93,"Height":71,"Demand":0,"DemandMax":4,"Value":19809},{"Length":49,"Height":10,"Demand":0,"DemandMax":4,"Value":490},{"Length":42,"Height":77,"Demand":0,"DemandMax":4,"Value":3234},{"Length":11,"Height":16,"Demand":0,"DemandMax":4,"Value":352},{"Length":44,"Height":29,"Demand":0,"DemandMax":4,"Value":3828},{"Length":23,"Height":92,"Demand":0,"DemandMax":4,"Value":4232},{"Length":26,"Height":82,"Demand":0,"DemandMax":4,"Value":4264},{"Length":100,"Height":6,"Demand":0,"DemandMax":4,"Value":1200},{"Length":22,"Height":45,"Demand":0,"DemandMax":4,"Value":2970},{"Length":77,"Height":66,"Demand":0,"DemandMax":4,"Value":10164},{"Length":62,"Height":59,"Demand":0,"DemandMax":4,"Value":10974},{"Length":75,"Height":55,"Demand":0,"DemandMax":4,"Value":4125},{"Length":90,"Height":11,"Demand":0,"DemandMax":4,"Value":2970},{"Length":93,"Height":24,"Demand":0,"DemandMax":4,"Value":2232},{"Length":45,"Height":43,"Demand":0,"DemandMax":4,"Value":1935},{"Length":7,"Height":24,"Demand":0,"DemandMax":4,"Value":168},{"Length":81,"Height":31,"Demand":0,"DemandMax":4,"Value":5022},{"Length":93,"Height":46,"Demand":0,"DemandMax":4,"Value":12834},{"Length":49,"Height":18,"Demand":0,"DemandMax":4,"Value":1764},{"Length":47,"Height":88,"Demand":0,"DemandMax":4,"Value":4136},{"Length":52,"Height":85,"Demand":0,"DemandMax":4,"Value":4420},{"Length":96,"Height":76,"Demand":0,"DemandMax":4,"Value":14592},{"Length":16,"Height":21,"Demand":0,"DemandMax":4,"Value":336},{"Length":36,"Height":86,"Demand":0,"DemandMax":4,"Value":9288},{"Length":53,"Height":92,"Demand":0,"DemandMax":4,"Value":9752},{"Length":67,"Height":51,"Demand":0,"DemandMax":4,"Value":6834},{"Length":22,"Height":45,"Demand":0,"DemandMax":4,"Value":1980},{"Length":79,"Height":58,"Demand":0,"DemandMax":4,"Value":13746},{"Length":43,"Height":19,"Demand":0,"DemandMax":4,"Value":2451},{"Length":6,"Height":95,"Demand":0,"DemandMax":4,"Value":570},{"Length":7,"Height":9,"Demand":0,"DemandMax":4,"Value":126},{"Length":46,"Height":16,"Demand":0,"DemandMax":4,"Value":1472},{"Length":94,"Height":88,"Demand":0,"DemandMax":4,"Value":16544},{"Length":33,"Height":48,"Demand":0,"DemandMax":4,"Value":3168},{"Length":34,"Height":31,"Demand":0,"DemandMax":4,"Value":1054},{"Length":4,"Height":33,"Demand":0,"DemandMax":4,"Value":396},{"Length":98,"Height":74,"Demand":0,"DemandMax":4,"Value":21756},{"Length":19,"Height":9,"Demand":0,"DemandMax":4,"Value":342},{"Length":87,"Height":4,"Demand":0,"DemandMax":4,"Value":696},{"Length":70,"Height":88,"Demand":0,"DemandMax":4,"Value":12320},{"Length":15,"Height":47,"Demand":0,"DemandMax":4,"Value":705},{"Length":48,"Height":91,"Demand":0,"DemandMax":4,"Value":4368},{"Length":88,"Height":21,"Demand":0,"DemandMax":4,"Value":5544},{"Length":26,"Height":100,"Demand":0,"DemandMax":4,"Value":5200},{"Length":8,"Height":23,"Demand":0,"DemandMax":4,"Value":552},{"Length":56,"Height":96,"Demand":0,"DemandMax":4,"Value":16128},{"Length":10,"Height":92,"Demand":0,"DemandMax":4,"Value":2760},{"Length":34,"Height":16,"Demand":0,"DemandMax":4,"Value":544},{"Length":11,"Height":95,"Demand":0,"DemandMax":4,"Value":3135},{"Length":27,"Height":39,"Demand":0,"DemandMax":4,"Value":1053},{"Length":35,"Height":38,"Demand":0,"DemandMax":4,"Value":3990},{"Length":92,"Height":9,"Demand":0,"DemandMax":4,"Value":1656},{"Length":3,"Height":2,"Demand":0,"DemandMax":4,"Value":6},{"Length":17,"Height":26,"Demand":0,"DemandMax":4,"Value":442},{"Length":46,"Height":43,"Demand":0,"DemandMax":4,"Value":5934},{"Length":9,"Height":47,"Demand":0,"DemandMax":4,"Value":1269},{"Length":35,"Height":37,"Demand":0,"DemandMax":4,"Value":3885},{"Length":78,"Height":8,"Demand":0,"DemandMax":4,"Value":1248},{"Length":14,"Height":26,"Demand":0,"DemandMax":4,"Value":1092},{"Length":91,"Height":15,"Demand":0,"DemandMax":4,"Value":1365},{"Length":33,"Height":81,"Demand":0,"DemandMax":4,"Value":8019},{"Length":83,"Height":2,"Demand":0,"DemandMax":4,"Value":498},{"Length":23,"Height":81,"Demand":0,"DemandMax":4,"Value":1863},{"Length":61,"Height":54,"Demand":0,"DemandMax":4,"Value":3294},{"Length":24,"Height":22,"Demand":0,"DemandMax":4,"Value":1056},{"Length":54,"Height":91,"Demand":0,"DemandMax":4,"Value":9828},{"Length":32,"Height":50,"Demand":0,"DemandMax":4,"Value":3200},{"Length":58,"Height":89,"Demand":0,"DemandMax":4,"Value":15486},{"Length":5,"Height":78,"Demand":0,"DemandMax":4,"Value":780},{"Length":35,"Height":80,"Demand":0,"DemandMax":4,"Value":8400},{"Length":7,"Height":29,"Demand":0,"DemandMax":4,"Value":203},{"Length":28,"Height":20,"Demand":0,"DemandMax":4,"Value":1120},{"Length":15,"Height":37,"Demand":0,"DemandMax":4,"Value":555},{"Length":12,"Height":96,"Demand":0,"DemandMax":4,"Value":3456},{"Length":66,"Height":64,"Demand":0,"DemandMax":4,"Value":8448},{"Length":25,"Height":39,"Demand":0,"DemandMax":4,"Value":2925},{"Length":91,"Height":100,"Demand":0,"DemandMax":4,"Value":18200},{"Length":63,"Height":69,"Demand":0,"DemandMax":4,"Value":8694},{"Length":23,"Height":96,"Demand":0,"DemandMax":4,"Value":6624},{"Length":13,"Height":49,"Demand":0,"DemandMax":4,"Value":1911},{"Length":95,"Height":4,"Demand":0,"DemandMax":4,"Value":1140},{"Length":20,"Height":21,"Demand":0,"DemandMax":4,"Value":420},{"Length":13,"Height":14,"Demand":0,"DemandMax":4,"Value":364},{"Length":34,"Height":6,"Demand":0,"DemandMax":4,"Value":408},{"Length":47,"Height":3,"Demand":0,"DemandMax":4,"Value":141},{"Length":94,"Height":8,"Demand":0,"DemandMax":4,"Value":2256},{"Length":42,"Height":32,"Demand":0,"DemandMax":4,"Value":4032},{"Length":16,"Height":22,"Demand":0,"DemandMax":4,"Value":352},{"Length":3,"Height":28,"Demand":0,"DemandMax":4,"Value":252},{"Length":48,"Height":38,"Demand":0,"DemandMax":4,"Value":3648},{"Length":48,"Height":4,"Demand":0,"DemandMax":4,"Value":576},{"Length":32,"Height":78,"Demand":0,"DemandMax":4,"Value":2496},{"Length":66,"Height":59,"Demand":0,"DemandMax":4,"Value":11682},{"Length":48,"Height":81,"Demand":0,"DemandMax":4,"Value":3888},{"Length":91,"Height":14,"Demand":0,"DemandMax":4,"Value":2548},{"Length":51,"Height":59,"Demand":0,"DemandMax":4,"Value":9027},{"Length":88,"Height":21,"Demand":0,"DemandMax":4,"Value":1848},{"Length":94,"Height":17,"Demand":0,"DemandMax":4,"Value":3196},{"Length":67,"Height":99,"Demand":0,"DemandMax":4,"Value":19899},{"Length":5,"Height":50,"Demand":0,"DemandMax":4,"Value":250},{"Length":77,"Height":11,"Demand":0,"DemandMax":4,"Value":2541}]}