{"Name":"ngcutfs1_128","Objects":[{"Length":100,"Height":100,"Stock":null,"Cost":10000}],"Items":[{"Length":49,"Height":38,"Demand":0,"DemandMax":1,"Value":5586},{"Length":97,"Height":67,"Demand":0,"DemandMax":1,"Value":6499},{"Length":33,"Height":29,"Demand":0,"DemandMax":1,"Value":2871},{"Length":22,"Height":24,"Demand":0,"DemandMax":1,"Value":1056},{"Length":19,"Height":6,"Demand":0,"DemandMax":1,"Value":114},{"Length":65,"Height":66,"Demand":0,"DemandMax":1,"Value":12870},{"Length":34,"Height":86,"Demand":0,"DemandMax":1,"Value":8772},{"Length":94,"Height":33,"Demand":0,"DemandMax":1,"Value":6204},{"Length":99,"Height":3,"Demand":0,"DemandMax":1,"Value":594},{"Length":26,"Height":25,"Demand":0,"DemandMax":1,"Value":650},{"Length":4,"Height":87,"Demand":0,"DemandMax":1,"Value":1044},{"Length":34,"Height":91,"Demand":0,"DemandMax":1,"Value":6188},{"Length":94,"Height":32,"Demand":0,"DemandMax":1,"Value":3008},{"Length":25,"Height":92,"Demand":0,"DemandMax":1,"Value":2300},{"Length":41,"Height":22,"Demand":0,"DemandMax":1,"Value":902},{"Length":77,"Height":31,"Demand":0,"DemandMax":1,"Value":7161},{"Length":2,"Height":3,"Demand":0,"DemandMax":1,"Value":18},{"Length":10,"Height":18,"Demand":0,"DemandMax":1,"Value":360},{"Length":5,"Height":24,"Demand":0,"DemandMax":1,"Value":360},{"Length":77,"Height":94,"Demand":0,"DemandMax":1,"Value":14476},{"Length":37,"Height":33,"Demand":0,"DemandMax":1,"Value":1221},{"Length":96,"Height":73,"Demand":0,"DemandMax":1,"Value":21024},{"Length":10,"Height":5,"Demand":0,"DemandMax":1,"Value":150},{"Length":48,"Height":13,"Demand":0,"DemandMax":1,"Value":1872},{"Length":46,"Height":8,"Demand":0,"DemandMax":2,"Value":736},{"Length":97,"Height":2,"Demand":0,"DemandMax":1,"Value":388},{"Length":16,"Height":38,"Demand":0,"DemandMax":1,"Value":608},{"Length":19,"Height":95,"Demand":0,"DemandMax":1,"Value":1805},{"Length":7,"Height":99,"Demand":0,"DemandMax":1,"Value":2079},{"Length":24,"Height":84,"Demand":0,"DemandMax":1,"Value":4032},{"Length":88,"Height":99,"Demand":0,"DemandMax":1,"Value":17424},{"Length":89,"Height":31,"Demand":0,"DemandMax":1,"Value":2759},{"Length":80,"Height":93,"Demand":0,"DemandMax":1,"Value":7440},{"Length":3,"Height":39,"Demand":0,"DemandMax":1,"Value":351},{"Length":23,"Height":31,"Demand":0,"DemandMax":1,"Value":2139},{"Length":100,"Height":54,"Demand":0,"DemandMax":1,"Value":16200},{"Length":6,"Height":44,"Demand":0,"DemandMax":1,"Value":528},{"Length":87,"Height":27,"Demand":0,"DemandMax":1,"Value":7047},{"Length":40,"Height":22,"Demand":0,"DemandMax":1,"Value":1760},{"Length":81,"Height":83,"Demand":0,"DemandMax":1,"Value":13446},{"Length":31,"Height":34,"Demand":0,"DemandMax":2,"Value":1054},{"Length":3,"Height":84,"Demand":0,"DemandMax":1,"Value":504},{"Length":6,"Height":78,"Demand":0,"DemandMax":1,"Value":1404},{"Length":82,"Height":78,"Demand":0,"DemandMax":1,"Value":12792},{"Length":100,"Height":30,"Demand":0,"DemandMax":1,"Value":9000},{"Length":82,"Height":89,"Demand":0,"DemandMax":1,"Value":14596},{"Length":86,"Height":6,"Demand":0,"DemandMax":1,"Value":516},{"Length":92,"Height":94,"Demand":0,"DemandMax":1,"Value":25944},{"Length":44,"Height":98,"Demand":0,"DemandMax":1,"Value":4312},{"Length":28,"Height":48,"Demand":0,"DemandMax":1,"Value":1344},{"Length":12,"Height":79,"Demand":0,"DemandMax":1,"Value":1896},{"Length":98,"Height":53,"Demand":0,"DemandMax":1,"Value":10388},{"Length":99,"Height":43,"Demand":0,"DemandMax":1,"Value":12771},{"Length":73,"Height":57,"Demand":0,"DemandMax":1,"Value":12483},{"Length":85,"Height":57,"Demand":0,"DemandMax":1,"Value":14535},{"Length":99,"Height":39,"Demand":0,"DemandMax":1,"Value":7722},{"Length":58,"Height":54,"Demand":0,"DemandMax":1,"Value":3132},{"Length":85,"Height":86,"Demand":0,"DemandMax":1,"Value":14620},{"Length":99,"Height":75,"Demand":0,"DemandMax":1,"Value":14850},{"Length":20,"Height":80,"Demand":0,"DemandMax":1,"Value":1600},{"Length":20,"Height":37,"Demand":0,"DemandMax":1,"Value":740},{"Length":33,"Height":23,"Demand":0,"DemandMax":1,"Value":759},{"Length":7,"Height":45,"Demand":0,"DemandMax":1,"Value":945},{"Length":97,"Height":98,"Demand":0,"DemandMax":1,"Value":28518},{"Length":47,"Height":25,"Demand":0,"DemandMax":1,"Value":3525},{"Length":15,"Height":21,"Demand":0,"DemandMax":1,"Value":630},{"Length":45,"Height":4,"Demand":0,"DemandMax":1,"Value":540},{"Length":65,"Height":51,"Demand":0,"DemandMax":1,"Value":6630},{"Length":44,"Height":34,"Demand":0,"DemandMax":1,"Value":4488},{"Length":82,"Height":48,"Demand":0,"DemandMax":1,"Value":3936},{"Length":15,"Height":100,"Demand":0,"DemandMax":1,"Value":3000},{"Length":90,"Height":4,"Demand":0,"DemandMax":1,"Value":1080},{"Length":76,"Height":90,"Demand":0,"DemandMax":1,"Value":13680},{"Length":20,"Height":36,"Demand":0,"DemandMax":1,"Value":720},{"Length":84,"Height":30,"Demand":0,"DemandMax":1,"Value":7560},{"Length":93,"Height":32,"Demand":0,"DemandMax":1,"Value":5952},{"Length":9,"Height":6,"Demand":0,"DemandMax":1,"Value":54},{"Length":50,"Height":3,"Demand":0,"DemandMax":1,"Value":450},{"Length":15,"Height":96,"Demand":0,"DemandMax":1,"Value":1440},{"Length":21,"Height":38,"Demand":0,"DemandMax":1,"Value":1596},{"Length":3,"Height":89,"Demand":0,"DemandMax":1,"Value":267},{"Length":14,"Height":29,"Demand":0,"DemandMax":1,"Value":406},{"Length":14,"Height":79,"Demand":0,"DemandMax":1,"Value":1106},{"Length":10,"Height":98,"Demand":0,"DemandMax":1,"Value":2940},{"Length":40,"Height":90,"Demand":0,"DemandMax":1,"Value":7200},{"Length":89,"Height":4,"Demand":0,"DemandMax":1,"Value":712},{"Length":76,"Height":74,"Demand":0,"DemandMax":1,"Value":5624},{"Length":9,"Height":32,"Demand":0,"DemandMax":1,"Value":864},{"Length":12,"Height":50,"Demand":0,"DemandMax":1,"Value":1200},{"Length":49,"Height":48,"Demand":0,"DemandMax":1,"Value":4704},{"Length":8,"Height":38,"Demand":0,"DemandMax":1,"Value":912},{"Length":61,"Height":71,"Demand":0,"DemandMax":1,"Value":8662},{"Length":19,"Height":39,"Demand":0,"DemandMax":1,"Value":741},{"Length":73,"Height":80,"Demand":0,"DemandMax":1,"Value":17520},{"Length":66,"Height":72,"Demand":0,"DemandMax":1,"Value":14256},{"Length":33,"Height":7,"Demand":0,"DemandMax":1,"Value":693},{"Length":42,"Height":2,"Demand":0,"DemandMax":1,"Value":84},{"Length":19,"Height":97,"Demand":0,"DemandMax":1,"Value":1843},{"Length":47,"Height":33,"Demand":0,"DemandMax":1,"Value":1551},{"Length":69,"Height":59,"Demand":0,"DemandMax":1,"Value":4071},{"Length":61,"Height":92,"Demand":0,"DemandMax":1,"Value":5612},{"Length":26,"Height":91,"Demand":0,"DemandMax":1,"Value":7098},{"Length":42,"Height":43,"Demand":0,"DemandMax":1,"Value":1806},{"Length":26,"Height":29,"Demand":0,"DemandMax":1,"Value":1508},{"Length":99,"Height":32,"Demand":0,"DemandMax":1,"Value":6336},{"Length":9,"Height":30,"Demand":0,"DemandMax":1,"Value":270},{"Length":9,"Height":78,"Demand":0,"DemandMax":1,"Value":702},{"Length":30,"Height":41,"Demand":0,"DemandMax":1,"Value":3690},{"Length":86,"Height":74,"Demand":0,"DemandMax":1,"Value":6364},{"Length":82,"Height":25,"Demand":0,"DemandMax":1,"Value":4100},{"Length":35,"Height":96,"Demand":0,"DemandMax":1,"Value":3360},{"Length":29,"Height":6,"Demand":0,"DemandMax":1,"Value":522},{"Length":90,"Height":12,"Demand":0,"DemandMax":1,"Value":2160},{"Length":96,"Height":67,"Demand":0,"DemandMax":1,"Value":12864},{"Length":62,"Height":92,"Demand":0,"DemandMax":1,"Value":11408},{"Length":12,"Height":18,"Demand":0,"DemandMax":1,"Value":648},{"Length":100,"Height":89,"Demand":0,"DemandMax":1,"Value":17800},{"Length":16,"Height":49,"Demand":0,"DemandMax":1,"Value":2352},{"Length":95,"Height":43,"Demand":0,"DemandMax":1,"Value":4085},{"Length":12,"Height":92,"Demand":0,"DemandMax":1,"Value":2208},{"Length":93,"Height":63,"Demand":0,"DemandMax":1,"Value":11718},{"Length":100,"Height":23,"Demand":0,"DemandMax":1,"Value":2300},{"Length":53,"Height":81,"Demand":0,"DemandMax":1,"Value":8586},{"Length":23,"Height":35,"Demand":0,"DemandMax":1,"Value":1610},{"Length":25,"Height":8,"Demand":0,"DemandMax":1,"Value":200},{"Length":64,"Height":95,"Demand":0,"DemandMax":1,"Value":6080},{"Length":22,"Height":12,"Demand":0,"DemandMax":1,"Value":528},{"Length":31,"Height":90,"Demand":0,"DemandMax":1,"Value":5580},{"Length":11,"Height":3,"Demand":0,"DemandMax":1,"Value":99},{"Length":88,"Height":78,"Demand":0,"DemandMax":1,"Value":20592},{"Length":32,"Height":92,"Demand":0,"DemandMax":1,"Value":8832},{"Length":85,"Height":49,"Demand":0,"DemandMax":1,"Value":12495},{"Length":12,"Height":81,"Demand":0,"DemandMax":1,"Value":972},{"Length":80,"Height":42,"Demand":0,"DemandMax":1,"Value":6720},{"Length":31,"Height":28,"Demand":0,"DemandMax":1,"Value":1736},{"Length":14,"Height":4,"Demand":0,"DemandMax":1,"Value":168},{"Length":44,"Height":34,"Demand":0,"DemandMax":1,"Value":1496},{"Length":6,"Height":50,"Demand":0,"DemandMax":1,"Value":300},{"Length":68,"Height":61,"Demand":0,"DemandMax":1,"Value":4148},{"Length":17,"Height":82,"Demand":0,"DemandMax":1,"Value":4182},{"Length":94,"Height":30,"Demand":0,"DemandMax":1,"Value":5640},{"Length":85,"Height":68,"Demand":0,"DemandMax":1,"Value":17340},{"Length":91,"Height":45,"Demand":0,"DemandMax":1,"Value":12285},{"Length":18,"Height":2,"Demand":0,"DemandMax":1,"Value":36},{"Length":3,"Height":6,"Demand":0,"DemandMax":1,"Value":18},{"Length":92,"Height":27,"Demand":0,"DemandMax":1,"Value":4968},{"Length":4,"Height":25,"Demand":0,"DemandMax":1,"Value":300},{"Length":66,"Height":70,"Demand":0,"DemandMax":1,"Value":13860},{"Length":79,"Height":59,"Demand":0,"DemandMax":1,"Value":13983},{"Length":31,"Height":37,"Demand":0,"DemandMax":1,"Value":1147},{"Length":40,"Height":95,"Demand":0,"DemandMax":1,"Value":3800},{"Length":24,"Height":81,"Demand":0,"DemandMax":1,"Value":5832},{"Length":75,"Height":79,"Demand":0,"DemandMax":1,"Value":5925},{"Length":21,"Height":82,"Demand":0,"DemandMax":1,"Value":3444},{"Length":44,"Height":4,"Demand":0,"DemandMax":1,"Value":528},{"Length":94,"Height":50,"Demand":0,"DemandMax":1,"Value":14100},{"Length":5,"Height":15,"Demand":0,"DemandMax":1,"Value":225},{"Length":33,"Height":86,"Demand":0,"DemandMax":1,"Value":2838},{"Length":11,"Height":28,"Demand":0,"DemandMax":1,"Value":308},{"Length":78,"Height":37,"Demand":0,"DemandMax":1,"Value":2886},{"Length":87,"Height":18,"Demand":0,"DemandMax":1,"Value":4698},{"Length":48,"Height":24,"Demand":0,"DemandMax":1,"Value":2304},{"Length":23,"Height":20,"Demand":0,"DemandMax":1,"Value":1380},{"Length":98,"Height":36,"Demand":0,"DemandMax":1,"Value":3528},{"Length":41,"Height":32,"Demand":0,"DemandMax":1,"Value":2624},{"Length":86,"Height":46,"Demand":0,"DemandMax":1,"Value":3956},{"Length":19,"Height":12,"Demand":0,"DemandMax":1,"Value":228},{"Length":30,"Height":40,"Demand":0,"DemandMax":1,"Value":3600},{"Length":89,"Height":67,"Demand":0,"DemandMax":1,"Value":5963},{"Length":93,"Height":8,"Demand":0,"DemandMax":1,"Value":1488},{"Length":46,"Height":16,"Demand":0,"DemandMax":1,"Value":736},{"Length":14,"Height":87,"Demand":0,"DemandMax":1,"Value":2436},{"Length":68,"Height":54,"Demand":0,"DemandMax":1,"Value":3672},{"Length":19,"Height":11,"Demand":0,"DemandMax":1,"Value":627},{"Length":80,"Height":72,"Demand":0,"DemandMax":1,"Value":11520},{"Length":19,"Height":8,"Demand":0,"DemandMax":1,"Value":152},{"Length":4,"Height":16,"Demand":0,"DemandMax":1,"Value":128},{"Length":80,"Height":99,"Demand":0,"DemandMax":1,"Value":23760},{"Length":20,"Height":2,"Demand":0,"DemandMax":1,"Value":120},{"Length":92,"Height":15,"Demand":0,"DemandMax":1,"Value":2760},{"Length":28,"Height":3,"Demand":0,"DemandMax":1,"Value":84},{"Length":83,"Height":30,"Demand":0,"DemandMax":1,"Value":7470},{"Length":24,"Height":25,"Demand":0,"DemandMax":1,"Value":1200},{"Length":49,"Height":94,"Demand":0,"DemandMax":1,"Value":13818},{"Length":49,"Height":35,"Demand":0,"DemandMax":1,"Value":5145},{"Length":51,"Height":92,"Demand":0,"DemandMax":1,"Value":9384},{"Length":9,"Height":4,"Demand":0,"DemandMax":1,"Value":36},{"Length":43,"Height":34,"Demand":0,"DemandMax":1,"Value":1462},{"Length":92,"Height":20,"Demand":0,"DemandMax":1,"Value":1840},{"Length":78,"Height":93,"Demand":0,"DemandMax":1,"Value":7254},{"Length":22,"Height":4,"Demand":0,"DemandMax":1,"Value":88},{"Length":5,"Height":96,"Demand":0,"DemandMax":1,"Value":480},{"Length":46,"Height":85,"Demand":0,"DemandMax":1,"Value":7820},{"Length":20,"Height":36,"Demand":0,"DemandMax":1,"Value":1440},{"Length":50,"Height":38,"Demand":0,"DemandMax":1,"Value":5700},{"Length":25,"Height":30,"Demand":0,"DemandMax":1,"Value":1500},{"Length":19,"Height":92,"Demand":0,"DemandMax":1,"Value":5244},{"Length":16,"Height":77,"Demand":0,"DemandMax":1,"Value":3696},{"Length":37,"Height":39,"Demand":0,"DemandMax":1,"Value":2886},{"Length":31,"Height":13,"Demand":0,"DemandMax":1,"Value":403},{"Length":9,"Height":87,"Demand":0,"DemandMax":1,"Value":1566},{"Length":12,"Height":26,"Demand":0,"DemandMax":1,"Value":936},{"Length":98,"Height":33,"Demand":0,"DemandMax":1,"Value":6468},{"Length":83,"Height":38,"Demand":0,"DemandMax":1,"Value":3154},{"Length":9,"Height":48,"Demand":0,"DemandMax":1,"Value":432},{"Length":53,"Height":65,"Demand":0,"DemandMax":1,"Value":6890},{"Length":23,"Height":37,"Demand":0,"DemandMax":1,"Value":851},{"Length":13,"Height":28,"Demand":0,"DemandMax":1,"Value":364},{"Length":12,"Height":37,"Demand":0,"DemandMax":1,"Value":888},{"Length":89,"Height":57,"Demand":0,"DemandMax":1,"Value":5073},{"Length":79,"Height":92,"Demand":0,"DemandMax":1,"Value":21804},{"Length":44,"Height":78,"Demand":0,"DemandMax":1,"Value":6864},{"Length":46,"Height":91,"Demand":0,"DemandMax":1,"Value":4186},{"Length":69,"Height":81,"Demand":0,"DemandMax":1,"Value":16767},{"Length":11,"Height":30,"Demand":0,"DemandMax":1,"Value":660},{"Length":18,"Height":84,"Demand":0,"DemandMax":1,"Value":4536},{"Length":84,"Height":12,"Demand":0,"DemandMax":1,"Value":1008},{"Length":22,"Height":43,"Demand":0,"DemandMax":1,"Value":946},{"Length":10,"Height":16,"Demand":0,"DemandMax":1,"Value":320},{"Length":54,"Height":61,"Demand":0,"DemandMax":1,"Value":6588},{"Length":12,"Height":81,"Demand":0,"DemandMax":1,"Value":2916},{"Length":57,"Height":69,"Demand":0,"DemandMax":1,"Value":3933},{"Length":100,"Height":25,"Demand":0,"DemandMax":1,"Value":5000},{"Length":37,"Height":90,"Demand":0,"DemandMax":1,"Value":3330},{"Length":42,"Height":97,"Demand":0,"DemandMax":1,"Value":8148},{"Length":86,"Height":69,"Demand":0,"DemandMax":1,"Value":17802},{"Length":25,"Height":97,"Demand":0,"DemandMax":1,"Value":2425},{"Length":25,"Height":78,"Demand":0,"DemandMax":1,"Value":1950},{"Length":25,"Height":42,"Demand":0,"DemandMax":1,"Value":2100},{"Length":9,"Height":85,"Demand":0,"DemandMax":1,"Value":2295},{"Length":14,"Height":27,"Demand":0,"DemandMax":1,"Value":378},{"Length":18,"Height":31,"Demand":0,"DemandMax":1,"Value":558},{"Length":16,"Height":7,"Demand":0,"DemandMax":1,"Value":336},{"Length":18,"Height":95,"Demand":0,"DemandMax":1,"Value":5130},{"Length":95,"Height":67,"Demand":0,"DemandMax":1,"Value":6365},{"Length":50,"Height":83,"Demand":0,"DemandMax":1,"Value":8300},{"Length":25,"Height":42,"Demand":0,"DemandMax":1,"Value":3150},{"Length":34,"Height":4,"Demand":0,"DemandMax":1,"Value":136},{"Length":89,"Height":10,"Demand":0,"DemandMax":1,"Value":890},{"Length":6,"Height":49,"Demand":0,"DemandMax":1,"Value":294},{"Length":60,"Height":80,"Demand":0,"DemandMax":1,"Value":14400},{"Length":2,"Height":21,"Demand":0,"DemandMax":1,"Value":42},{"Length":2,"Height":83,"Demand":0,"DemandMax":1,"Value":498},{"Length":17,"Height":32,"Demand":0,"DemandMax":1,"Value":1632},{"Length":40,"Height":41,"Demand":0,"DemandMax":1,"Value":4920},{"Length":98,"Height":63,"Demand":0,"DemandMax":1,"Value":12348},{"Length":62,"Height":61,"Demand":0,"DemandMax":1,"Value":11346},{"Length":10,"Height":30,"Demand":0,"DemandMax":1,"Value":600}]}