{"Name":"ngcutfs3_60","Objects":[{"Length":100,"Height":100,"Stock":null,"Cost":10000}],"Items":[{"Length":20,"Height":25,"Demand":0,"DemandMax":4,"Value":1000},{"Length":33,"Height":29,"Demand":0,"DemandMax":4,"Value":2871},{"Length":97,"Height":16,"Demand":0,"DemandMax":4,"Value":3104},{"Length":44,"Height":9,"Demand":0,"DemandMax":4,"Value":792},{"Length":80,"Height":24,"Demand":0,"DemandMax":4,"Value":1920},{"Length":21,"Height":29,"Demand":0,"DemandMax":4,"Value":1218},{"Length":5,"Height":77,"Demand":0,"DemandMax":4,"Value":385},{"Length":36,"Height":8,"Demand":0,"DemandMax":4,"Value":864},{"Length":31,"Height":15,"Demand":0,"DemandMax":4,"Value":930},{"Length":23,"Height":6,"Demand":0,"DemandMax":4,"Value":414},{"Length":2,"Height":85,"Demand":0,"DemandMax":4,"Value":510},{"Length":22,"Height":11,"Demand":0,"DemandMax":4,"Value":484},{"Length":44,"Height":16,"Demand":0,"DemandMax":4,"Value":2112},{"Length":12,"Height":44,"Demand":0,"DemandMax":4,"Value":1056},{"Length":93,"Height":42,"Demand":0,"DemandMax":4,"Value":7812},{"Length":67,"Height":94,"Demand":0,"DemandMax":4,"Value":18894},{"Length":27,"Height":45,"Demand":0,"DemandMax":4,"Value":3645},{"Length":22,"Height":48,"Demand":0,"DemandMax":4,"Value":3168},{"Length":18,"Height":5,"Demand":0,"DemandMax":4,"Value":270},{"Length":6,"Height":37,"Demand":0,"DemandMax":4,"Value":666},{"Length":38,"Height":5,"Demand":0,"DemandMax":4,"Value":380},{"Length":82,"Height":16,"Demand":0,"DemandMax":4,"Value":1312},{"Length":41,"Height":2,"Demand":0,"DemandMax":4,"Value":246},{"Length":7,"Height":82,"Demand":0,"DemandMax":4,"Value":1722},{"Length":11,"Height":46,"Demand":0,"DemandMax":4,"Value":1012},{"Length":79,"Height":32,"Demand":0,"DemandMax":4,"Value":7584},{"Length":98,"Height":66,"Demand":0,"DemandMax":4,"Value":12936},{"Length":37,"Height":99,"Demand":0,"DemandMax":4,"Value":7326},{"Length":28,"Height":9,"Demand":0,"DemandMax":4,"Value":252},{"Length":28,"Height":18,"Demand":0,"DemandMax":4,"Value":1008},{"Length":10,"Height":16,"Demand":0,"DemandMax":4,"Value":480},{"Length":8,"Height":39,"Demand":0,"DemandMax":4,"Value":624},{"Length":32,"Height":76,"Demand":0,"DemandMax":4,"Value":4864},{"Length":8,"Height":24,"Demand":0,"DemandMax":4,"Value":192},{"Length":32,"Height":15,"Demand":0,"DemandMax":4,"Value":1440},{"Length":20,"Height":96,"Demand":0,"DemandMax":4,"Value":5760},{"Length":2,"Height":32,"Demand":0,"DemandMax":4,"Value":192},{"Length":28,"Height":50,"Demand":0,"DemandMax":4,"Value":4200},{"Length":46,"Height":27,"Demand":0,"DemandMax":4,"Value":2484},{"Length":98,"Height":30,"Demand":0,"DemandMax":4,"Value":8820},{"Length":6,"Height":32,"Demand":0,"DemandMax":4,"Value":576},{"Length":20,"Height":87,"Demand":0,"DemandMax":4,"Value":5220},{"Length":44,"Height":6,"Demand":0,"DemandMax":4,"Value":792},{"Length":92,"Height":29,"Demand":0,"DemandMax":4,"Value":8004},{"Length":36,"Height":42,"Demand":0,"DemandMax":4,"Value":4536},{"Length":33,"Height":14,"Demand":0,"DemandMax":4,"Value":1386},{"Length":46,"Height":32,"Demand":0,"DemandMax":4,"Value":4416},{"Length":38,"Height":30,"Demand":0,"DemandMax":4,"Value":3420},{"Length":3,"Height":50,"Demand":0,"DemandMax":4,"Value":300},{"Length":38,"Height":31,"Demand":0,"DemandMax":4,"Value":1178}]}