{"Name":"ATP38","Objects":[{"Length":731,"Height":358,"Stock":null,"Cost":261698}],"Items":[{"Length":43,"Height":30,"Demand":5,"DemandMax":null,"Value":1290},{"Length":70,"Height":33,"Demand":1,"DemandMax":null,"Value":2310},{"Length":119,"Height":126,"Demand":2,"DemandMax":null,"Value":14994},{"Length":197,"Height":100,"Demand":7,"DemandMax":null,"Value":19700},{"Length":227,"Height":76,"Demand":9,"DemandMax":null,"Value":17252},{"Length":193,"Height":116,"Demand":3,"DemandMax":null,"Value":22388},{"Length":167,"Height":138,"Demand":8,"DemandMax":null,"Value":23046},{"Length":201,"Height":26,"Demand":8,"DemandMax":null,"Value":5226},{"Length":179,"Height":59,"Demand":2,"DemandMax":null,"Value":10561},{"Length":124,"Height":26,"Demand":3,"DemandMax":null,"Value":3224},{"Length":289,"Height":51,"Demand":1,"DemandMax":null,"Value":14739},{"Length":254,"Height":124,"Demand":4,"DemandMax":null,"Value":31496},{"Length":187,"Height":77,"Demand":2,"DemandMax":null,"Value":14399},{"Length":156,"Height":41,"Demand":8,"DemandMax":null,"Value":6396},{"Length":171,"Height":100,"Demand":8,"DemandMax":null,"Value":17100},{"Length":131,"Height":56,"Demand":3,"DemandMax":null,"Value":7336},{"Length":73,"Height":32,"Demand":6,"DemandMax":null,"Value":2336},{"Length":159,"Height":59,"Demand":4,"DemandMax":null,"Value":9381},{"Length":264,"Height":140,"Demand":4,"DemandMax":null,"Value":36960},{"Length":155,"Height":54,"Demand":7,"DemandMax":null,"Value":8370},{"Length":127,"Height":21,"Demand":3,"DemandMax":null,"Value":2667},{"Length":251,"Height":116,"Demand":4,"DemandMax":null,"Value":29116},{"Length":157,"Height":43,"Demand":9,"DemandMax":null,"Value":6751},{"Length":87,"Height":53,"Demand":4,"DemandMax":null,"Value":4611},{"Length":239,"Height":101,"Demand":2,"DemandMax":null,"Value":24139},{"Length":189,"Height":21,"Demand":9,"DemandMax":null,"Value":3969},{"Length":272,"Height":87,"Demand":5,"DemandMax":null,"Value":23664},{"Length":43,"Height":88,"Demand":3,"DemandMax":null,"Value":3784},{"Length":57,"Height":54,"Demand":3,"DemandMax":null,"Value":3078},{"Length":45,"Height":130,"Demand":3,"DemandMax":null,"Value":5850},{"Length":231,"Height":94,"Demand":8,"DemandMax":null,"Value":21714},{"Length":151,"Height":54,"Demand":9,"DemandMax":null,"Value":8154},{"Length":176,"Height":30,"Demand":3,"DemandMax":null,"Value":5280},{"Length":105,"Height":102,"Demand":9,"DemandMax":null,"Value":10710},{"Length":41,"Height":75,"Demand":4,"DemandMax":null,"Value":3075},{"Length":195,"Height":100,"Demand":9,"DemandMax":null,"Value":19500},{"Length":247,"Height":60,"Demand":3,"DemandMax":null,"Value":14820},{"Length":266,"Height":46,"Demand":5,"DemandMax":null,"Value":12236},{"Length":251,"Height":118,"Demand":3,"DemandMax":null,"Value":29618},{"Length":287,"Height":19,"Demand":9,"DemandMax":null,"Value":5453}]}