{"Name":"ATP25","Objects":[{"Length":2885,"Height":1715,"Stock":null,"Cost":4947775}],"Items":[{"Length":641,"Height":401,"Demand":1,"DemandMax":null,"Value":102817},{"Length":1142,"Height":148,"Demand":1,"DemandMax":null,"Value":50705},{"Length":657,"Height":553,"Demand":1,"DemandMax":null,"Value":141696},{"Length":459,"Height":270,"Demand":1,"DemandMax":null,"Value":59487},{"Length":679,"Height":495,"Demand":1,"DemandMax":null,"Value":245357},{"Length":165,"Height":501,"Demand":1,"DemandMax":null,"Value":56213},{"Length":159,"Height":153,"Demand":1,"DemandMax":null,"Value":17273},{"Length":980,"Height":498,"Demand":1,"DemandMax":null,"Value":209858},{"Length":585,"Height":403,"Demand":1,"DemandMax":null,"Value":77800},{"Length":326,"Height":170,"Demand":1,"DemandMax":null,"Value":36023},{"Length":531,"Height":491,"Demand":1,"DemandMax":null,"Value":187720},{"Length":317,"Height":441,"Demand":1,"DemandMax":null,"Value":44736},{"Length":422,"Height":333,"Demand":1,"DemandMax":null,"Value":53400},{"Length":222,"Height":479,"Demand":1,"DemandMax":null,"Value":38282},{"Length":870,"Height":493,"Demand":1,"DemandMax":null,"Value":124384},{"Length":663,"Height":413,"Demand":1,"DemandMax":null,"Value":90361},{"Length":624,"Height":428,"Demand":1,"DemandMax":null,"Value":192292},{"Length":370,"Height":523,"Demand":1,"DemandMax":null,"Value":98691},{"Length":205,"Height":414,"Demand":1,"DemandMax":null,"Value":42435},{"Length":636,"Height":493,"Demand":1,"DemandMax":null,"Value":222620},{"Length":1117,"Height":544,"Demand":1,"DemandMax":null,"Value":261289},{"Length":302,"Height":555,"Demand":1,"DemandMax":null,"Value":73749},{"Length":649,"Height":402,"Demand":1,"DemandMax":null,"Value":177411},{"Length":461,"Height":299,"Demand":1,"DemandMax":null,"Value":51001},{"Length":428,"Height":618,"Demand":1,"DemandMax":null,"Value":92577},{"Length":710,"Height":559,"Demand":1,"DemandMax":null,"Value":254010},{"Length":460,"Height":281,"Demand":1,"DemandMax":null,"Value":60753},{"Length":1080,"Height":571,"Demand":1,"DemandMax":null,"Value":259006},{"Length":870,"Height":451,"Demand":1,"DemandMax":null,"Value":270736},{"Length":549,"Height":619,"Demand":1,"DemandMax":null,"Value":115543},{"Length":228,"Height":522,"Demand":1,"DemandMax":null,"Value":47607},{"Length":243,"Height":537,"Demand":1,"DemandMax":null,"Value":93954},{"Length":580,"Height":679,"Demand":1,"DemandMax":null,"Value":220540},{"Length":183,"Height":102,"Demand":1,"DemandMax":null,"Value":11013},{"Length":975,"Height":217,"Demand":1,"DemandMax":null,"Value":93093},{"Length":713,"Height":93,"Demand":1,"DemandMax":null,"Value":33818}]}