{"Name":"ATP36","Objects":[{"Length":537,"Height":244,"Stock":null,"Cost":131028}],"Items":[{"Length":128,"Height":66,"Demand":7,"DemandMax":null,"Value":8448},{"Length":188,"Height":44,"Demand":8,"DemandMax":null,"Value":8272},{"Length":58,"Height":88,"Demand":6,"DemandMax":null,"Value":5104},{"Length":181,"Height":38,"Demand":2,"DemandMax":null,"Value":6878},{"Length":100,"Height":20,"Demand":5,"DemandMax":null,"Value":2000},{"Length":209,"Height":91,"Demand":4,"DemandMax":null,"Value":19019},{"Length":111,"Height":43,"Demand":7,"DemandMax":null,"Value":4773},{"Length":123,"Height":56,"Demand":3,"DemandMax":null,"Value":6888},{"Length":119,"Height":24,"Demand":9,"DemandMax":null,"Value":2856},{"Length":157,"Height":36,"Demand":6,"DemandMax":null,"Value":5652},{"Length":101,"Height":86,"Demand":1,"DemandMax":null,"Value":8686},{"Length":57,"Height":48,"Demand":3,"DemandMax":null,"Value":2736},{"Length":143,"Height":40,"Demand":4,"DemandMax":null,"Value":5720},{"Length":100,"Height":75,"Demand":8,"DemandMax":null,"Value":7500},{"Length":73,"Height":63,"Demand":9,"DemandMax":null,"Value":4599},{"Length":79,"Height":89,"Demand":6,"DemandMax":null,"Value":7031},{"Length":47,"Height":62,"Demand":6,"DemandMax":null,"Value":2914},{"Length":189,"Height":36,"Demand":1,"DemandMax":null,"Value":6804},{"Length":42,"Height":31,"Demand":6,"DemandMax":null,"Value":1302},{"Length":53,"Height":57,"Demand":7,"DemandMax":null,"Value":3021},{"Length":113,"Height":38,"Demand":3,"DemandMax":null,"Value":4294},{"Length":30,"Height":66,"Demand":9,"DemandMax":null,"Value":1980},{"Length":116,"Height":90,"Demand":7,"DemandMax":null,"Value":10440},{"Length":105,"Height":73,"Demand":5,"DemandMax":null,"Value":7665},{"Length":209,"Height":54,"Demand":7,"DemandMax":null,"Value":11286},{"Length":111,"Height":45,"Demand":5,"DemandMax":null,"Value":4995},{"Length":49,"Height":56,"Demand":5,"DemandMax":null,"Value":2744},{"Length":175,"Height":79,"Demand":4,"DemandMax":null,"Value":13825}]}