{"Name":"ATP12","Objects":[{"Length":2662,"Height":1941,"Stock":null,"Cost":5166942}],"Items":[{"Length":420,"Height":570,"Demand":1,"DemandMax":null,"Value":239400},{"Length":875,"Height":585,"Demand":1,"DemandMax":null,"Value":511875},{"Length":400,"Height":323,"Demand":1,"DemandMax":null,"Value":129200},{"Length":504,"Height":644,"Demand":1,"DemandMax":null,"Value":324576},{"Length":706,"Height":99,"Demand":1,"DemandMax":null,"Value":69894},{"Length":487,"Height":602,"Demand":1,"DemandMax":null,"Value":293174},{"Length":1061,"Height":577,"Demand":1,"DemandMax":null,"Value":612197},{"Length":604,"Height":385,"Demand":1,"DemandMax":null,"Value":232540},{"Length":314,"Height":365,"Demand":1,"DemandMax":null,"Value":114610},{"Length":946,"Height":676,"Demand":1,"DemandMax":null,"Value":639496},{"Length":704,"Height":241,"Demand":1,"DemandMax":null,"Value":169664},{"Length":188,"Height":589,"Demand":1,"DemandMax":null,"Value":110732},{"Length":140,"Height":360,"Demand":1,"DemandMax":null,"Value":50400},{"Length":494,"Height":514,"Demand":1,"DemandMax":null,"Value":253916},{"Length":423,"Height":593,"Demand":1,"DemandMax":null,"Value":250839},{"Length":442,"Height":631,"Demand":1,"DemandMax":null,"Value":278902},{"Length":689,"Height":613,"Demand":1,"DemandMax":null,"Value":422357},{"Length":154,"Height":534,"Demand":1,"DemandMax":null,"Value":82236},{"Length":280,"Height":413,"Demand":1,"DemandMax":null,"Value":115640},{"Length":972,"Height":631,"Demand":1,"DemandMax":null,"Value":613332},{"Length":797,"Height":556,"Demand":1,"DemandMax":null,"Value":443132},{"Length":586,"Height":583,"Demand":1,"DemandMax":null,"Value":341638},{"Length":821,"Height":145,"Demand":1,"DemandMax":null,"Value":119045},{"Length":382,"Height":189,"Demand":1,"DemandMax":null,"Value":72198},{"Length":1000,"Height":644,"Demand":1,"DemandMax":null,"Value":644000},{"Length":808,"Height":709,"Demand":1,"DemandMax":null,"Value":572872},{"Length":860,"Height":619,"Demand":1,"DemandMax":null,"Value":532340},{"Length":577,"Height":498,"Demand":1,"DemandMax":null,"Value":287346},{"Length":399,"Height":407,"Demand":1,"DemandMax":null,"Value":162393},{"Length":641,"Height":563,"Demand":1,"DemandMax":null,"Value":360883},{"Length":859,"Height":423,"Demand":1,"DemandMax":null,"Value":363357},{"Length":834,"Height":366,"Demand":1,"DemandMax":null,"Value":305244},{"Length":962,"Height":569,"Demand":1,"DemandMax":null,"Value":547378},{"Length":358,"Height":162,"Demand":1,"DemandMax":null,"Value":57996},{"Length":713,"Height":743,"Demand":1,"DemandMax":null,"Value":529759}]}