{"Name":"ATP47","Objects":[{"Length":393,"Height":554,"Stock":null,"Cost":217722}],"Items":[{"Length":48,"Height":85,"Demand":2,"DemandMax":null,"Value":2734},{"Length":125,"Height":211,"Demand":6,"DemandMax":null,"Value":8440},{"Length":56,"Height":135,"Demand":7,"DemandMax":null,"Value":2495},{"Length":88,"Height":147,"Demand":8,"DemandMax":null,"Value":5046},{"Length":142,"Height":173,"Demand":5,"DemandMax":null,"Value":11055},{"Length":116,"Height":80,"Demand":6,"DemandMax":null,"Value":6311},{"Length":40,"Height":198,"Demand":4,"DemandMax":null,"Value":5624},{"Length":98,"Height":99,"Demand":7,"DemandMax":null,"Value":4269},{"Length":26,"Height":179,"Demand":2,"DemandMax":null,"Value":2653},{"Length":113,"Height":191,"Demand":6,"DemandMax":null,"Value":6260},{"Length":135,"Height":67,"Demand":1,"DemandMax":null,"Value":6422},{"Length":105,"Height":73,"Demand":1,"DemandMax":null,"Value":3756},{"Length":148,"Height":215,"Demand":3,"DemandMax":null,"Value":23547},{"Length":51,"Height":205,"Demand":9,"DemandMax":null,"Value":6483},{"Length":89,"Height":82,"Demand":7,"DemandMax":null,"Value":2044},{"Length":88,"Height":116,"Demand":2,"DemandMax":null,"Value":5207},{"Length":113,"Height":56,"Demand":5,"DemandMax":null,"Value":1836},{"Length":27,"Height":52,"Demand":7,"DemandMax":null,"Value":731},{"Length":63,"Height":208,"Demand":6,"DemandMax":null,"Value":3408},{"Length":62,"Height":123,"Demand":1,"DemandMax":null,"Value":4729},{"Length":86,"Height":32,"Demand":3,"DemandMax":null,"Value":1982},{"Length":46,"Height":59,"Demand":1,"DemandMax":null,"Value":788},{"Length":90,"Height":156,"Demand":6,"DemandMax":null,"Value":6740},{"Length":94,"Height":154,"Demand":8,"DemandMax":null,"Value":10278},{"Length":116,"Height":186,"Demand":6,"DemandMax":null,"Value":6473},{"Length":35,"Height":99,"Demand":1,"DemandMax":null,"Value":901},{"Length":102,"Height":85,"Demand":9,"DemandMax":null,"Value":2341},{"Length":47,"Height":168,"Demand":5,"DemandMax":null,"Value":3238},{"Length":154,"Height":195,"Demand":4,"DemandMax":null,"Value":17718},{"Length":141,"Height":100,"Demand":5,"DemandMax":null,"Value":4372},{"Length":75,"Height":143,"Demand":7,"DemandMax":null,"Value":6221},{"Length":146,"Height":140,"Demand":6,"DemandMax":null,"Value":5110},{"Length":72,"Height":77,"Demand":8,"DemandMax":null,"Value":2994},{"Length":53,"Height":164,"Demand":2,"DemandMax":null,"Value":3999},{"Length":53,"Height":200,"Demand":8,"DemandMax":null,"Value":5088},{"Length":32,"Height":185,"Demand":7,"DemandMax":null,"Value":3908},{"Length":90,"Height":117,"Demand":1,"DemandMax":null,"Value":5581},{"Length":124,"Height":111,"Demand":7,"DemandMax":null,"Value":6194},{"Length":25,"Height":161,"Demand":1,"DemandMax":null,"Value":1128},{"Length":156,"Height":100,"Demand":3,"DemandMax":null,"Value":8581},{"Length":108,"Height":212,"Demand":4,"DemandMax":null,"Value":9617},{"Length":152,"Height":177,"Demand":3,"DemandMax":null,"Value":7265},{"Length":82,"Height":92,"Demand":4,"DemandMax":null,"Value":4301}]}