{"Name":"ATP33","Objects":[{"Length":241,"Height":983,"Stock":null,"Cost":236903}],"Items":[{"Length":46,"Height":129,"Demand":3,"DemandMax":null,"Value":5934},{"Length":71,"Height":204,"Demand":9,"DemandMax":null,"Value":14484},{"Length":26,"Height":330,"Demand":5,"DemandMax":null,"Value":8580},{"Length":15,"Height":72,"Demand":6,"DemandMax":null,"Value":1080},{"Length":81,"Height":180,"Demand":7,"DemandMax":null,"Value":14580},{"Length":63,"Height":239,"Demand":3,"DemandMax":null,"Value":15057},{"Length":54,"Height":302,"Demand":6,"DemandMax":null,"Value":16308},{"Length":15,"Height":214,"Demand":3,"DemandMax":null,"Value":3210},{"Length":72,"Height":93,"Demand":2,"DemandMax":null,"Value":6696},{"Length":59,"Height":154,"Demand":9,"DemandMax":null,"Value":9086},{"Length":90,"Height":266,"Demand":6,"DemandMax":null,"Value":23940},{"Length":41,"Height":151,"Demand":3,"DemandMax":null,"Value":6191},{"Length":70,"Height":281,"Demand":1,"DemandMax":null,"Value":19670},{"Length":50,"Height":268,"Demand":8,"DemandMax":null,"Value":13400},{"Length":46,"Height":285,"Demand":7,"DemandMax":null,"Value":13110},{"Length":49,"Height":263,"Demand":2,"DemandMax":null,"Value":12887},{"Length":80,"Height":341,"Demand":4,"DemandMax":null,"Value":27280},{"Length":65,"Height":390,"Demand":5,"DemandMax":null,"Value":25350},{"Length":89,"Height":52,"Demand":5,"DemandMax":null,"Value":4628},{"Length":85,"Height":185,"Demand":1,"DemandMax":null,"Value":15725},{"Length":74,"Height":289,"Demand":2,"DemandMax":null,"Value":21386},{"Length":18,"Height":379,"Demand":8,"DemandMax":null,"Value":6822},{"Length":59,"Height":139,"Demand":8,"DemandMax":null,"Value":8201},{"Length":39,"Height":52,"Demand":8,"DemandMax":null,"Value":2028},{"Length":83,"Height":98,"Demand":3,"DemandMax":null,"Value":8134},{"Length":56,"Height":355,"Demand":5,"DemandMax":null,"Value":19880},{"Length":76,"Height":142,"Demand":7,"DemandMax":null,"Value":10792},{"Length":81,"Height":371,"Demand":4,"DemandMax":null,"Value":30051},{"Length":41,"Height":249,"Demand":8,"DemandMax":null,"Value":10209},{"Length":59,"Height":233,"Demand":8,"DemandMax":null,"Value":13747},{"Length":38,"Height":279,"Demand":3,"DemandMax":null,"Value":10602},{"Length":82,"Height":170,"Demand":9,"DemandMax":null,"Value":13940},{"Length":47,"Height":233,"Demand":1,"DemandMax":null,"Value":10951},{"Length":77,"Height":274,"Demand":4,"DemandMax":null,"Value":21098},{"Length":57,"Height":224,"Demand":7,"DemandMax":null,"Value":12768},{"Length":42,"Height":313,"Demand":6,"DemandMax":null,"Value":13146},{"Length":37,"Height":135,"Demand":7,"DemandMax":null,"Value":4995},{"Length":86,"Height":275,"Demand":2,"DemandMax":null,"Value":23650},{"Length":46,"Height":357,"Demand":5,"DemandMax":null,"Value":16422},{"Length":19,"Height":270,"Demand":1,"DemandMax":null,"Value":5130},{"Length":52,"Height":165,"Demand":9,"DemandMax":null,"Value":8580},{"Length":82,"Height":124,"Demand":9,"DemandMax":null,"Value":10168},{"Length":68,"Height":257,"Demand":2,"DemandMax":null,"Value":17476},{"Length":54,"Height":56,"Demand":3,"DemandMax":null,"Value":3024}]}