{"Name":"ATP34","Objects":[{"Length":795,"Height":456,"Stock":null,"Cost":362520}],"Items":[{"Length":220,"Height":173,"Demand":1,"DemandMax":null,"Value":38060},{"Length":151,"Height":22,"Demand":9,"DemandMax":null,"Value":3322},{"Length":289,"Height":30,"Demand":3,"DemandMax":null,"Value":8670},{"Length":46,"Height":92,"Demand":9,"DemandMax":null,"Value":4232},{"Length":125,"Height":27,"Demand":8,"DemandMax":null,"Value":3375},{"Length":264,"Height":30,"Demand":1,"DemandMax":null,"Value":7920},{"Length":125,"Height":55,"Demand":3,"DemandMax":null,"Value":6875},{"Length":213,"Height":78,"Demand":4,"DemandMax":null,"Value":16614},{"Length":172,"Height":106,"Demand":7,"DemandMax":null,"Value":18232},{"Length":260,"Height":128,"Demand":8,"DemandMax":null,"Value":33280},{"Length":285,"Height":124,"Demand":2,"DemandMax":null,"Value":35340},{"Length":153,"Height":34,"Demand":4,"DemandMax":null,"Value":5202},{"Length":174,"Height":121,"Demand":3,"DemandMax":null,"Value":21054},{"Length":282,"Height":172,"Demand":3,"DemandMax":null,"Value":48504},{"Length":230,"Height":73,"Demand":4,"DemandMax":null,"Value":16790},{"Length":167,"Height":27,"Demand":4,"DemandMax":null,"Value":4509},{"Length":46,"Height":77,"Demand":6,"DemandMax":null,"Value":3542},{"Length":66,"Height":82,"Demand":6,"DemandMax":null,"Value":5412},{"Length":308,"Height":126,"Demand":5,"DemandMax":null,"Value":38808},{"Length":96,"Height":118,"Demand":7,"DemandMax":null,"Value":11328},{"Length":266,"Height":143,"Demand":1,"DemandMax":null,"Value":38038},{"Length":229,"Height":23,"Demand":8,"DemandMax":null,"Value":5267},{"Length":258,"Height":118,"Demand":1,"DemandMax":null,"Value":30444},{"Length":49,"Height":59,"Demand":3,"DemandMax":null,"Value":2891},{"Length":88,"Height":23,"Demand":7,"DemandMax":null,"Value":2024},{"Length":210,"Height":104,"Demand":9,"DemandMax":null,"Value":21840},{"Length":221,"Height":150,"Demand":4,"DemandMax":null,"Value":33150}]}