{"Name":"ATP18","Objects":[{"Length":2775,"Height":2105,"Stock":null,"Cost":5841375}],"Items":[{"Length":576,"Height":721,"Demand":1,"DemandMax":null,"Value":415296},{"Length":930,"Height":222,"Demand":1,"DemandMax":null,"Value":206460},{"Length":279,"Height":356,"Demand":1,"DemandMax":null,"Value":99324},{"Length":501,"Height":502,"Demand":1,"DemandMax":null,"Value":251502},{"Length":702,"Height":277,"Demand":1,"DemandMax":null,"Value":194454},{"Length":758,"Height":773,"Demand":1,"DemandMax":null,"Value":585934},{"Length":571,"Height":820,"Demand":1,"DemandMax":null,"Value":468220},{"Length":278,"Height":650,"Demand":1,"DemandMax":null,"Value":180700},{"Length":360,"Height":641,"Demand":1,"DemandMax":null,"Value":230760},{"Length":1068,"Height":138,"Demand":1,"DemandMax":null,"Value":147384},{"Length":1073,"Height":239,"Demand":1,"DemandMax":null,"Value":256447},{"Length":602,"Height":811,"Demand":1,"DemandMax":null,"Value":488222},{"Length":216,"Height":784,"Demand":1,"DemandMax":null,"Value":169344},{"Length":488,"Height":818,"Demand":1,"DemandMax":null,"Value":399184},{"Length":538,"Height":460,"Demand":1,"DemandMax":null,"Value":247480},{"Length":693,"Height":664,"Demand":1,"DemandMax":null,"Value":460152},{"Length":420,"Height":108,"Demand":1,"DemandMax":null,"Value":45360},{"Length":683,"Height":612,"Demand":1,"DemandMax":null,"Value":417996},{"Length":910,"Height":492,"Demand":1,"DemandMax":null,"Value":447720},{"Length":686,"Height":755,"Demand":1,"DemandMax":null,"Value":517930},{"Length":245,"Height":753,"Demand":1,"DemandMax":null,"Value":184485},{"Length":164,"Height":814,"Demand":1,"DemandMax":null,"Value":133496},{"Length":156,"Height":284,"Demand":1,"DemandMax":null,"Value":44304},{"Length":290,"Height":387,"Demand":1,"DemandMax":null,"Value":112230},{"Length":635,"Height":317,"Demand":1,"DemandMax":null,"Value":201295},{"Length":721,"Height":411,"Demand":1,"DemandMax":null,"Value":296331},{"Length":650,"Height":818,"Demand":1,"DemandMax":null,"Value":531700},{"Length":372,"Height":651,"Demand":1,"DemandMax":null,"Value":242172},{"Length":928,"Height":792,"Demand":1,"DemandMax":null,"Value":734976},{"Length":262,"Height":599,"Demand":1,"DemandMax":null,"Value":156938},{"Length":1030,"Height":515,"Demand":1,"DemandMax":null,"Value":530450}]}