{"Name":"ATP37","Objects":[{"Length":440,"Height":881,"Stock":null,"Cost":387640}],"Items":[{"Length":158,"Height":73,"Demand":6,"DemandMax":null,"Value":11534},{"Length":100,"Height":179,"Demand":9,"DemandMax":null,"Value":17900},{"Length":150,"Height":227,"Demand":4,"DemandMax":null,"Value":34050},{"Length":83,"Height":181,"Demand":8,"DemandMax":null,"Value":15023},{"Length":68,"Height":298,"Demand":5,"DemandMax":null,"Value":20264},{"Length":23,"Height":107,"Demand":4,"DemandMax":null,"Value":2461},{"Length":41,"Height":174,"Demand":2,"DemandMax":null,"Value":7134},{"Length":101,"Height":236,"Demand":6,"DemandMax":null,"Value":23836},{"Length":70,"Height":78,"Demand":2,"DemandMax":null,"Value":5460},{"Length":89,"Height":104,"Demand":2,"DemandMax":null,"Value":9256},{"Length":28,"Height":279,"Demand":5,"DemandMax":null,"Value":7812},{"Length":89,"Height":249,"Demand":3,"DemandMax":null,"Value":22161},{"Length":55,"Height":236,"Demand":2,"DemandMax":null,"Value":12980},{"Length":129,"Height":287,"Demand":3,"DemandMax":null,"Value":37023},{"Length":136,"Height":236,"Demand":2,"DemandMax":null,"Value":32096},{"Length":171,"Height":117,"Demand":2,"DemandMax":null,"Value":20007},{"Length":74,"Height":309,"Demand":6,"DemandMax":null,"Value":22866},{"Length":60,"Height":230,"Demand":6,"DemandMax":null,"Value":13800},{"Length":26,"Height":92,"Demand":9,"DemandMax":null,"Value":2392},{"Length":28,"Height":217,"Demand":1,"DemandMax":null,"Value":6076},{"Length":55,"Height":284,"Demand":6,"DemandMax":null,"Value":15620},{"Length":64,"Height":82,"Demand":3,"DemandMax":null,"Value":5248},{"Length":89,"Height":129,"Demand":7,"DemandMax":null,"Value":11481},{"Length":154,"Height":54,"Demand":9,"DemandMax":null,"Value":8316},{"Length":126,"Height":172,"Demand":9,"DemandMax":null,"Value":21672},{"Length":146,"Height":138,"Demand":4,"DemandMax":null,"Value":20148},{"Length":79,"Height":133,"Demand":8,"DemandMax":null,"Value":10507},{"Length":29,"Height":304,"Demand":2,"DemandMax":null,"Value":8816},{"Length":174,"Height":200,"Demand":8,"DemandMax":null,"Value":34800},{"Length":148,"Height":115,"Demand":3,"DemandMax":null,"Value":17020},{"Length":60,"Height":207,"Demand":8,"DemandMax":null,"Value":12420},{"Length":135,"Height":231,"Demand":9,"DemandMax":null,"Value":31185},{"Length":171,"Height":82,"Demand":8,"DemandMax":null,"Value":14022},{"Length":82,"Height":263,"Demand":8,"DemandMax":null,"Value":21566},{"Length":109,"Height":340,"Demand":8,"DemandMax":null,"Value":37060},{"Length":131,"Height":350,"Demand":6,"DemandMax":null,"Value":45850},{"Length":40,"Height":135,"Demand":4,"DemandMax":null,"Value":5400},{"Length":146,"Height":328,"Demand":1,"DemandMax":null,"Value":47888},{"Length":38,"Height":297,"Demand":7,"DemandMax":null,"Value":11286},{"Length":106,"Height":149,"Demand":8,"DemandMax":null,"Value":15794},{"Length":138,"Height":235,"Demand":5,"DemandMax":null,"Value":32430},{"Length":128,"Height":51,"Demand":1,"DemandMax":null,"Value":6528},{"Length":175,"Height":119,"Demand":3,"DemandMax":null,"Value":20825}]}