{"Name":"ATP31","Objects":[{"Length":856,"Height":964,"Stock":null,"Cost":825184}],"Items":[{"Length":290,"Height":350,"Demand":4,"DemandMax":null,"Value":101500},{"Length":328,"Height":292,"Demand":3,"DemandMax":null,"Value":95776},{"Length":240,"Height":206,"Demand":1,"DemandMax":null,"Value":49440},{"Length":246,"Height":126,"Demand":9,"DemandMax":null,"Value":30996},{"Length":250,"Height":279,"Demand":7,"DemandMax":null,"Value":69750},{"Length":71,"Height":353,"Demand":9,"DemandMax":null,"Value":25063},{"Length":67,"Height":127,"Demand":9,"DemandMax":null,"Value":8509},{"Length":209,"Height":275,"Demand":1,"DemandMax":null,"Value":57475},{"Length":317,"Height":264,"Demand":6,"DemandMax":null,"Value":83688},{"Length":119,"Height":228,"Demand":2,"DemandMax":null,"Value":27132},{"Length":331,"Height":50,"Demand":4,"DemandMax":null,"Value":16550},{"Length":138,"Height":163,"Demand":7,"DemandMax":null,"Value":22494},{"Length":60,"Height":339,"Demand":2,"DemandMax":null,"Value":20340},{"Length":187,"Height":298,"Demand":1,"DemandMax":null,"Value":55726},{"Length":73,"Height":104,"Demand":7,"DemandMax":null,"Value":7592},{"Length":164,"Height":123,"Demand":8,"DemandMax":null,"Value":20172},{"Length":250,"Height":189,"Demand":5,"DemandMax":null,"Value":47250},{"Length":228,"Height":143,"Demand":5,"DemandMax":null,"Value":32604},{"Length":154,"Height":345,"Demand":5,"DemandMax":null,"Value":53130},{"Length":70,"Height":297,"Demand":4,"DemandMax":null,"Value":20790},{"Length":198,"Height":376,"Demand":8,"DemandMax":null,"Value":74448},{"Length":170,"Height":100,"Demand":7,"DemandMax":null,"Value":17000},{"Length":295,"Height":292,"Demand":6,"DemandMax":null,"Value":86140},{"Length":238,"Height":177,"Demand":7,"DemandMax":null,"Value":42126},{"Length":195,"Height":187,"Demand":3,"DemandMax":null,"Value":36465},{"Length":252,"Height":132,"Demand":5,"DemandMax":null,"Value":33264},{"Length":313,"Height":148,"Demand":6,"DemandMax":null,"Value":46324},{"Length":175,"Height":162,"Demand":6,"DemandMax":null,"Value":28350},{"Length":44,"Height":206,"Demand":5,"DemandMax":null,"Value":9064},{"Length":164,"Height":366,"Demand":6,"DemandMax":null,"Value":60024},{"Length":161,"Height":339,"Demand":9,"DemandMax":null,"Value":54579},{"Length":62,"Height":81,"Demand":5,"DemandMax":null,"Value":5022},{"Length":304,"Height":165,"Demand":2,"DemandMax":null,"Value":50160},{"Length":284,"Height":302,"Demand":6,"DemandMax":null,"Value":85768},{"Length":261,"Height":376,"Demand":6,"DemandMax":null,"Value":98136},{"Length":183,"Height":80,"Demand":4,"DemandMax":null,"Value":14640},{"Length":224,"Height":163,"Demand":2,"DemandMax":null,"Value":36512},{"Length":212,"Height":366,"Demand":8,"DemandMax":null,"Value":77592},{"Length":46,"Height":75,"Demand":6,"DemandMax":null,"Value":3450},{"Length":66,"Height":158,"Demand":5,"DemandMax":null,"Value":10428},{"Length":179,"Height":207,"Demand":7,"DemandMax":null,"Value":37053},{"Length":314,"Height":98,"Demand":2,"DemandMax":null,"Value":30772},{"Length":96,"Height":107,"Demand":1,"DemandMax":null,"Value":10272},{"Length":320,"Height":380,"Demand":3,"DemandMax":null,"Value":121600},{"Length":211,"Height":82,"Demand":3,"DemandMax":null,"Value":17302},{"Length":252,"Height":53,"Demand":6,"DemandMax":null,"Value":13356},{"Length":74,"Height":183,"Demand":6,"DemandMax":null,"Value":13542},{"Length":274,"Height":72,"Demand":1,"DemandMax":null,"Value":19728},{"Length":65,"Height":240,"Demand":7,"DemandMax":null,"Value":15600},{"Length":229,"Height":321,"Demand":4,"DemandMax":null,"Value":73509},{"Length":265,"Height":280,"Demand":7,"DemandMax":null,"Value":74200}]}