{"Name":"ATP17","Objects":[{"Length":2313,"Height":1962,"Stock":null,"Cost":4538106}],"Items":[{"Length":577,"Height":159,"Demand":1,"DemandMax":null,"Value":91743},{"Length":341,"Height":442,"Demand":1,"DemandMax":null,"Value":150722},{"Length":792,"Height":582,"Demand":1,"DemandMax":null,"Value":460944},{"Length":511,"Height":598,"Demand":1,"DemandMax":null,"Value":305578},{"Length":515,"Height":656,"Demand":1,"DemandMax":null,"Value":337840},{"Length":827,"Height":256,"Demand":1,"DemandMax":null,"Value":211712},{"Length":608,"Height":725,"Demand":1,"DemandMax":null,"Value":440800},{"Length":850,"Height":530,"Demand":1,"DemandMax":null,"Value":450500},{"Length":139,"Height":629,"Demand":1,"DemandMax":null,"Value":87431},{"Length":327,"Height":440,"Demand":1,"DemandMax":null,"Value":143880},{"Length":464,"Height":315,"Demand":1,"DemandMax":null,"Value":146160},{"Length":684,"Height":653,"Demand":1,"DemandMax":null,"Value":446652},{"Length":895,"Height":542,"Demand":1,"DemandMax":null,"Value":485090},{"Length":549,"Height":456,"Demand":1,"DemandMax":null,"Value":250344},{"Length":560,"Height":231,"Demand":1,"DemandMax":null,"Value":129360},{"Length":692,"Height":293,"Demand":1,"DemandMax":null,"Value":202756},{"Length":754,"Height":768,"Demand":1,"DemandMax":null,"Value":579072},{"Length":561,"Height":287,"Demand":1,"DemandMax":null,"Value":161007},{"Length":514,"Height":100,"Demand":1,"DemandMax":null,"Value":51400},{"Length":182,"Height":202,"Demand":1,"DemandMax":null,"Value":36764},{"Length":798,"Height":639,"Demand":1,"DemandMax":null,"Value":509922},{"Length":136,"Height":190,"Demand":1,"DemandMax":null,"Value":25840},{"Length":263,"Height":98,"Demand":1,"DemandMax":null,"Value":25774},{"Length":429,"Height":246,"Demand":1,"DemandMax":null,"Value":105534},{"Length":457,"Height":252,"Demand":1,"DemandMax":null,"Value":115164},{"Length":663,"Height":433,"Demand":1,"DemandMax":null,"Value":287079},{"Length":174,"Height":690,"Demand":1,"DemandMax":null,"Value":120060},{"Length":732,"Height":514,"Demand":1,"DemandMax":null,"Value":376248},{"Length":853,"Height":206,"Demand":1,"DemandMax":null,"Value":175718},{"Length":386,"Height":350,"Demand":1,"DemandMax":null,"Value":135100},{"Length":327,"Height":319,"Demand":1,"DemandMax":null,"Value":104313},{"Length":129,"Height":382,"Demand":1,"DemandMax":null,"Value":49278},{"Length":851,"Height":664,"Demand":1,"DemandMax":null,"Value":565064},{"Length":178,"Height":147,"Demand":1,"DemandMax":null,"Value":26166},{"Length":624,"Height":630,"Demand":1,"DemandMax":null,"Value":393120},{"Length":746,"Height":307,"Demand":1,"DemandMax":null,"Value":229022},{"Length":399,"Height":407,"Demand":1,"DemandMax":null,"Value":162393},{"Length":400,"Height":643,"Demand":1,"DemandMax":null,"Value":257200},{"Length":882,"Height":734,"Demand":1,"DemandMax":null,"Value":647388},{"Length":598,"Height":203,"Demand":1,"DemandMax":null,"Value":121394},{"Length":631,"Height":693,"Demand":1,"DemandMax":null,"Value":437283},{"Length":194,"Height":267,"Demand":1,"DemandMax":null,"Value":51798},{"Length":133,"Height":372,"Demand":1,"DemandMax":null,"Value":49476},{"Length":180,"Height":551,"Demand":1,"DemandMax":null,"Value":99180},{"Length":725,"Height":199,"Demand":1,"DemandMax":null,"Value":144275},{"Length":824,"Height":288,"Demand":1,"DemandMax":null,"Value":237312},{"Length":768,"Height":350,"Demand":1,"DemandMax":null,"Value":268800},{"Length":132,"Height":774,"Demand":1,"DemandMax":null,"Value":102168},{"Length":439,"Height":250,"Demand":1,"DemandMax":null,"Value":109750},{"Length":915,"Height":448,"Demand":1,"DemandMax":null,"Value":409920},{"Length":541,"Height":219,"Demand":1,"DemandMax":null,"Value":118479},{"Length":534,"Height":350,"Demand":1,"DemandMax":null,"Value":186900},{"Length":207,"Height":448,"Demand":1,"DemandMax":null,"Value":92736},{"Length":607,"Height":753,"Demand":1,"DemandMax":null,"Value":457071},{"Length":772,"Height":765,"Demand":1,"DemandMax":null,"Value":590580},{"Length":195,"Height":612,"Demand":1,"DemandMax":null,"Value":119340},{"Length":436,"Height":469,"Demand":1,"DemandMax":null,"Value":204484},{"Length":846,"Height":539,"Demand":1,"DemandMax":null,"Value":455994},{"Length":775,"Height":321,"Demand":1,"DemandMax":null,"Value":248775}]}