{"Name":"ATP40","Objects":[{"Length":683,"Height":138,"Stock":null,"Cost":94254}],"Items":[{"Length":67,"Height":47,"Demand":5,"DemandMax":null,"Value":1323},{"Length":61,"Height":48,"Demand":2,"DemandMax":null,"Value":791},{"Length":38,"Height":16,"Demand":7,"DemandMax":null,"Value":165},{"Length":78,"Height":16,"Demand":3,"DemandMax":null,"Value":737},{"Length":265,"Height":12,"Demand":1,"DemandMax":null,"Value":2099},{"Length":176,"Height":14,"Demand":1,"DemandMax":null,"Value":1528},{"Length":46,"Height":26,"Demand":2,"DemandMax":null,"Value":515},{"Length":59,"Height":30,"Demand":4,"DemandMax":null,"Value":1080},{"Length":67,"Height":34,"Demand":9,"DemandMax":null,"Value":1390},{"Length":267,"Height":36,"Demand":2,"DemandMax":null,"Value":6729},{"Length":111,"Height":34,"Demand":2,"DemandMax":null,"Value":1737},{"Length":270,"Height":28,"Demand":3,"DemandMax":null,"Value":3856},{"Length":165,"Height":51,"Demand":3,"DemandMax":null,"Value":4881},{"Length":177,"Height":11,"Demand":1,"DemandMax":null,"Value":585},{"Length":100,"Height":41,"Demand":8,"DemandMax":null,"Value":2624},{"Length":78,"Height":53,"Demand":9,"DemandMax":null,"Value":2729},{"Length":118,"Height":10,"Demand":6,"DemandMax":null,"Value":661},{"Length":146,"Height":31,"Demand":8,"DemandMax":null,"Value":1223},{"Length":259,"Height":17,"Demand":3,"DemandMax":null,"Value":1674},{"Length":39,"Height":50,"Demand":8,"DemandMax":null,"Value":605},{"Length":179,"Height":21,"Demand":5,"DemandMax":null,"Value":2143},{"Length":250,"Height":47,"Demand":4,"DemandMax":null,"Value":3291},{"Length":164,"Height":43,"Demand":2,"DemandMax":null,"Value":3597},{"Length":140,"Height":24,"Demand":2,"DemandMax":null,"Value":1714},{"Length":245,"Height":20,"Demand":6,"DemandMax":null,"Value":2156},{"Length":65,"Height":18,"Demand":4,"DemandMax":null,"Value":773},{"Length":71,"Height":33,"Demand":8,"DemandMax":null,"Value":1359},{"Length":185,"Height":42,"Demand":3,"DemandMax":null,"Value":2642},{"Length":245,"Height":22,"Demand":6,"DemandMax":null,"Value":3612},{"Length":257,"Height":22,"Demand":7,"DemandMax":null,"Value":4071},{"Length":102,"Height":29,"Demand":4,"DemandMax":null,"Value":2101},{"Length":184,"Height":44,"Demand":7,"DemandMax":null,"Value":2186},{"Length":57,"Height":24,"Demand":6,"DemandMax":null,"Value":944},{"Length":99,"Height":10,"Demand":2,"DemandMax":null,"Value":525},{"Length":162,"Height":11,"Demand":5,"DemandMax":null,"Value":660},{"Length":263,"Height":46,"Demand":6,"DemandMax":null,"Value":5445},{"Length":127,"Height":16,"Demand":9,"DemandMax":null,"Value":1423},{"Length":250,"Height":15,"Demand":8,"DemandMax":null,"Value":1051},{"Length":84,"Height":54,"Demand":9,"DemandMax":null,"Value":3176},{"Length":96,"Height":47,"Demand":2,"DemandMax":null,"Value":2482},{"Length":190,"Height":34,"Demand":7,"DemandMax":null,"Value":3166},{"Length":34,"Height":6,"Demand":3,"DemandMax":null,"Value":115},{"Length":258,"Height":34,"Demand":7,"DemandMax":null,"Value":2895},{"Length":253,"Height":36,"Demand":6,"DemandMax":null,"Value":4828},{"Length":134,"Height":20,"Demand":3,"DemandMax":null,"Value":1984},{"Length":223,"Height":42,"Demand":8,"DemandMax":null,"Value":6369},{"Length":107,"Height":33,"Demand":9,"DemandMax":null,"Value":2402},{"Length":190,"Height":48,"Demand":6,"DemandMax":null,"Value":4469},{"Length":150,"Height":23,"Demand":2,"DemandMax":null,"Value":1104},{"Length":77,"Height":36,"Demand":7,"DemandMax":null,"Value":1303},{"Length":150,"Height":46,"Demand":9,"DemandMax":null,"Value":2071},{"Length":83,"Height":20,"Demand":6,"DemandMax":null,"Value":781},{"Length":165,"Height":10,"Demand":7,"DemandMax":null,"Value":1056},{"Length":122,"Height":50,"Demand":9,"DemandMax":null,"Value":3722},{"Length":237,"Height":37,"Demand":6,"DemandMax":null,"Value":5613},{"Length":248,"Height":47,"Demand":3,"DemandMax":null,"Value":8626}]}