{"Name":"ATP14","Objects":[{"Length":2090,"Height":2138,"Stock":null,"Cost":4468420}],"Items":[{"Length":815,"Height":781,"Demand":1,"DemandMax":null,"Value":636515},{"Length":593,"Height":412,"Demand":1,"DemandMax":null,"Value":244316},{"Length":703,"Height":839,"Demand":1,"DemandMax":null,"Value":589817},{"Length":217,"Height":771,"Demand":1,"DemandMax":null,"Value":167307},{"Length":685,"Height":306,"Demand":1,"DemandMax":null,"Value":209610},{"Length":140,"Height":329,"Demand":1,"DemandMax":null,"Value":46060},{"Length":564,"Height":277,"Demand":1,"DemandMax":null,"Value":156228},{"Length":573,"Height":842,"Demand":1,"DemandMax":null,"Value":482466},{"Length":328,"Height":609,"Demand":1,"DemandMax":null,"Value":199752},{"Length":667,"Height":672,"Demand":1,"DemandMax":null,"Value":448224},{"Length":791,"Height":227,"Demand":1,"DemandMax":null,"Value":179557},{"Length":651,"Height":200,"Demand":1,"DemandMax":null,"Value":130200},{"Length":650,"Height":144,"Demand":1,"DemandMax":null,"Value":93600},{"Length":413,"Height":216,"Demand":1,"DemandMax":null,"Value":89208},{"Length":234,"Height":217,"Demand":1,"DemandMax":null,"Value":50778},{"Length":352,"Height":769,"Demand":1,"DemandMax":null,"Value":270688},{"Length":206,"Height":849,"Demand":1,"DemandMax":null,"Value":174894},{"Length":139,"Height":497,"Demand":1,"DemandMax":null,"Value":69083},{"Length":374,"Height":683,"Demand":1,"DemandMax":null,"Value":255442},{"Length":491,"Height":160,"Demand":1,"DemandMax":null,"Value":78560},{"Length":775,"Height":745,"Demand":1,"DemandMax":null,"Value":577375},{"Length":648,"Height":657,"Demand":1,"DemandMax":null,"Value":425736},{"Length":661,"Height":818,"Demand":1,"DemandMax":null,"Value":540698},{"Length":330,"Height":755,"Demand":1,"DemandMax":null,"Value":249150},{"Length":502,"Height":779,"Demand":1,"DemandMax":null,"Value":391058},{"Length":323,"Height":537,"Demand":1,"DemandMax":null,"Value":173451},{"Length":427,"Height":159,"Demand":1,"DemandMax":null,"Value":67893},{"Length":230,"Height":814,"Demand":1,"DemandMax":null,"Value":187220},{"Length":209,"Height":415,"Demand":1,"DemandMax":null,"Value":86735},{"Length":704,"Height":769,"Demand":1,"DemandMax":null,"Value":541376},{"Length":817,"Height":182,"Demand":1,"DemandMax":null,"Value":148694},{"Length":647,"Height":555,"Demand":1,"DemandMax":null,"Value":359085},{"Length":194,"Height":729,"Demand":1,"DemandMax":null,"Value":141426},{"Length":359,"Height":622,"Demand":1,"DemandMax":null,"Value":223298},{"Length":115,"Height":651,"Demand":1,"DemandMax":null,"Value":74865},{"Length":388,"Height":757,"Demand":1,"DemandMax":null,"Value":293716},{"Length":686,"Height":758,"Demand":1,"DemandMax":null,"Value":519988},{"Length":465,"Height":347,"Demand":1,"DemandMax":null,"Value":161355},{"Length":794,"Height":459,"Demand":1,"DemandMax":null,"Value":364446},{"Length":735,"Height":602,"Demand":1,"DemandMax":null,"Value":442470},{"Length":110,"Height":587,"Demand":1,"DemandMax":null,"Value":64570},{"Length":143,"Height":514,"Demand":1,"DemandMax":null,"Value":73502}]}