{"Name":"ATP43","Objects":[{"Length":362,"Height":917,"Stock":null,"Cost":331954}],"Items":[{"Length":104,"Height":192,"Demand":3,"DemandMax":null,"Value":14377},{"Length":123,"Height":101,"Demand":7,"DemandMax":null,"Value":6957},{"Length":56,"Height":298,"Demand":2,"DemandMax":null,"Value":11515},{"Length":106,"Height":220,"Demand":4,"DemandMax":null,"Value":10494},{"Length":32,"Height":189,"Demand":5,"DemandMax":null,"Value":3811},{"Length":100,"Height":336,"Demand":6,"DemandMax":null,"Value":9744},{"Length":44,"Height":211,"Demand":4,"DemandMax":null,"Value":3714},{"Length":82,"Height":359,"Demand":8,"DemandMax":null,"Value":8243},{"Length":28,"Height":190,"Demand":3,"DemandMax":null,"Value":1916},{"Length":143,"Height":149,"Demand":5,"DemandMax":null,"Value":8310},{"Length":29,"Height":295,"Demand":8,"DemandMax":null,"Value":2738},{"Length":88,"Height":66,"Demand":8,"DemandMax":null,"Value":1801},{"Length":84,"Height":329,"Demand":5,"DemandMax":null,"Value":10226},{"Length":102,"Height":294,"Demand":6,"DemandMax":null,"Value":19193},{"Length":52,"Height":349,"Demand":1,"DemandMax":null,"Value":8349},{"Length":130,"Height":185,"Demand":7,"DemandMax":null,"Value":10101},{"Length":35,"Height":362,"Demand":2,"DemandMax":null,"Value":4562},{"Length":79,"Height":231,"Demand":8,"DemandMax":null,"Value":7483},{"Length":122,"Height":55,"Demand":1,"DemandMax":null,"Value":2550},{"Length":100,"Height":208,"Demand":3,"DemandMax":null,"Value":6449},{"Length":75,"Height":184,"Demand":7,"DemandMax":null,"Value":5658},{"Length":70,"Height":255,"Demand":5,"DemandMax":null,"Value":11603},{"Length":116,"Height":136,"Demand":2,"DemandMax":null,"Value":4576},{"Length":35,"Height":76,"Demand":2,"DemandMax":null,"Value":1570},{"Length":142,"Height":355,"Demand":4,"DemandMax":null,"Value":24701},{"Length":101,"Height":89,"Demand":9,"DemandMax":null,"Value":4315},{"Length":39,"Height":313,"Demand":8,"DemandMax":null,"Value":6958},{"Length":19,"Height":65,"Demand":9,"DemandMax":null,"Value":359},{"Length":62,"Height":49,"Demand":9,"DemandMax":null,"Value":1550},{"Length":122,"Height":46,"Demand":9,"DemandMax":null,"Value":1516},{"Length":45,"Height":148,"Demand":6,"DemandMax":null,"Value":2198},{"Length":61,"Height":339,"Demand":5,"DemandMax":null,"Value":9926},{"Length":68,"Height":148,"Demand":5,"DemandMax":null,"Value":4630},{"Length":20,"Height":272,"Demand":7,"DemandMax":null,"Value":3536},{"Length":72,"Height":207,"Demand":6,"DemandMax":null,"Value":7751},{"Length":119,"Height":192,"Demand":9,"DemandMax":null,"Value":6398},{"Length":58,"Height":230,"Demand":4,"DemandMax":null,"Value":4936},{"Length":142,"Height":302,"Demand":3,"DemandMax":null,"Value":27446},{"Length":110,"Height":333,"Demand":3,"DemandMax":null,"Value":16118},{"Length":112,"Height":171,"Demand":7,"DemandMax":null,"Value":9193},{"Length":118,"Height":52,"Demand":9,"DemandMax":null,"Value":2762},{"Length":48,"Height":221,"Demand":1,"DemandMax":null,"Value":7002},{"Length":90,"Height":170,"Demand":9,"DemandMax":null,"Value":5203},{"Length":63,"Height":353,"Demand":1,"DemandMax":null,"Value":11565},{"Length":31,"Height":78,"Demand":2,"DemandMax":null,"Value":1524},{"Length":37,"Height":227,"Demand":7,"DemandMax":null,"Value":5124},{"Length":31,"Height":326,"Demand":5,"DemandMax":null,"Value":4649},{"Length":115,"Height":222,"Demand":5,"DemandMax":null,"Value":16850},{"Length":51,"Height":66,"Demand":5,"DemandMax":null,"Value":2020}]}