{"Name":"ATP32","Objects":[{"Length":307,"Height":124,"Stock":null,"Cost":38068}],"Items":[{"Length":99,"Height":18,"Demand":2,"DemandMax":null,"Value":1782},{"Length":80,"Height":17,"Demand":2,"DemandMax":null,"Value":1360},{"Length":67,"Height":16,"Demand":2,"DemandMax":null,"Value":1072},{"Length":70,"Height":44,"Demand":2,"DemandMax":null,"Value":3080},{"Length":23,"Height":36,"Demand":2,"DemandMax":null,"Value":828},{"Length":51,"Height":16,"Demand":2,"DemandMax":null,"Value":816},{"Length":58,"Height":8,"Demand":9,"DemandMax":null,"Value":464},{"Length":53,"Height":25,"Demand":3,"DemandMax":null,"Value":1325},{"Length":98,"Height":19,"Demand":6,"DemandMax":null,"Value":1862},{"Length":117,"Height":21,"Demand":1,"DemandMax":null,"Value":2457},{"Length":52,"Height":11,"Demand":3,"DemandMax":null,"Value":572},{"Length":77,"Height":41,"Demand":2,"DemandMax":null,"Value":3157},{"Length":72,"Height":27,"Demand":9,"DemandMax":null,"Value":1944},{"Length":92,"Height":35,"Demand":7,"DemandMax":null,"Value":3220},{"Length":81,"Height":46,"Demand":6,"DemandMax":null,"Value":3726},{"Length":23,"Height":18,"Demand":4,"DemandMax":null,"Value":414},{"Length":64,"Height":21,"Demand":1,"DemandMax":null,"Value":1344},{"Length":99,"Height":37,"Demand":8,"DemandMax":null,"Value":3663},{"Length":47,"Height":34,"Demand":5,"DemandMax":null,"Value":1598},{"Length":109,"Height":32,"Demand":2,"DemandMax":null,"Value":3488},{"Length":95,"Height":37,"Demand":7,"DemandMax":null,"Value":3515},{"Length":96,"Height":29,"Demand":7,"DemandMax":null,"Value":2784},{"Length":105,"Height":19,"Demand":8,"DemandMax":null,"Value":1995},{"Length":105,"Height":13,"Demand":1,"DemandMax":null,"Value":1365},{"Length":46,"Height":19,"Demand":8,"DemandMax":null,"Value":874},{"Length":55,"Height":42,"Demand":5,"DemandMax":null,"Value":2310},{"Length":95,"Height":43,"Demand":6,"DemandMax":null,"Value":4085},{"Length":42,"Height":6,"Demand":2,"DemandMax":null,"Value":252},{"Length":49,"Height":42,"Demand":1,"DemandMax":null,"Value":2058},{"Length":26,"Height":10,"Demand":2,"DemandMax":null,"Value":260},{"Length":28,"Height":19,"Demand":5,"DemandMax":null,"Value":532},{"Length":59,"Height":9,"Demand":2,"DemandMax":null,"Value":531},{"Length":16,"Height":14,"Demand":5,"DemandMax":null,"Value":224},{"Length":55,"Height":45,"Demand":8,"DemandMax":null,"Value":2475},{"Length":51,"Height":20,"Demand":7,"DemandMax":null,"Value":1020},{"Length":29,"Height":26,"Demand":7,"DemandMax":null,"Value":754},{"Length":39,"Height":15,"Demand":5,"DemandMax":null,"Value":585},{"Length":99,"Height":15,"Demand":8,"DemandMax":null,"Value":1485},{"Length":47,"Height":39,"Demand":4,"DemandMax":null,"Value":1833},{"Length":84,"Height":14,"Demand":5,"DemandMax":null,"Value":1176},{"Length":106,"Height":12,"Demand":6,"DemandMax":null,"Value":1272},{"Length":32,"Height":14,"Demand":7,"DemandMax":null,"Value":448},{"Length":72,"Height":33,"Demand":7,"DemandMax":null,"Value":2376},{"Length":52,"Height":21,"Demand":2,"DemandMax":null,"Value":1092},{"Length":51,"Height":26,"Demand":5,"DemandMax":null,"Value":1326},{"Length":62,"Height":23,"Demand":1,"DemandMax":null,"Value":1426},{"Length":100,"Height":29,"Demand":4,"DemandMax":null,"Value":2900},{"Length":68,"Height":32,"Demand":1,"DemandMax":null,"Value":2176},{"Length":37,"Height":27,"Demand":3,"DemandMax":null,"Value":999},{"Length":51,"Height":13,"Demand":4,"DemandMax":null,"Value":663},{"Length":19,"Height":30,"Demand":6,"DemandMax":null,"Value":570},{"Length":60,"Height":22,"Demand":2,"DemandMax":null,"Value":1320},{"Length":64,"Height":9,"Demand":4,"DemandMax":null,"Value":576},{"Length":118,"Height":28,"Demand":8,"DemandMax":null,"Value":3304},{"Length":120,"Height":24,"Demand":8,"DemandMax":null,"Value":2880}]}