{"Name":"ATP24","Objects":[{"Length":2070,"Height":2729,"Stock":null,"Cost":5649030}],"Items":[{"Length":178,"Height":482,"Demand":1,"DemandMax":null,"Value":57484},{"Length":688,"Height":596,"Demand":1,"DemandMax":null,"Value":127115},{"Length":177,"Height":917,"Demand":1,"DemandMax":null,"Value":108748},{"Length":220,"Height":688,"Demand":1,"DemandMax":null,"Value":86276},{"Length":328,"Height":933,"Demand":1,"DemandMax":null,"Value":180555},{"Length":536,"Height":557,"Demand":1,"DemandMax":null,"Value":214958},{"Length":435,"Height":760,"Demand":1,"DemandMax":null,"Value":148770},{"Length":198,"Height":627,"Demand":1,"DemandMax":null,"Value":43452},{"Length":820,"Height":601,"Demand":1,"DemandMax":null,"Value":295693},{"Length":411,"Height":537,"Demand":1,"DemandMax":null,"Value":141253},{"Length":439,"Height":454,"Demand":1,"DemandMax":null,"Value":105633},{"Length":648,"Height":215,"Demand":1,"DemandMax":null,"Value":78020},{"Length":156,"Height":539,"Demand":1,"DemandMax":null,"Value":58018},{"Length":153,"Height":604,"Demand":1,"DemandMax":null,"Value":33269},{"Length":309,"Height":401,"Demand":1,"DemandMax":null,"Value":49564},{"Length":271,"Height":198,"Demand":1,"DemandMax":null,"Value":22000},{"Length":544,"Height":528,"Demand":1,"DemandMax":null,"Value":94787},{"Length":338,"Height":778,"Demand":1,"DemandMax":null,"Value":65741},{"Length":467,"Height":743,"Demand":1,"DemandMax":null,"Value":170021},{"Length":184,"Height":374,"Demand":1,"DemandMax":null,"Value":41978},{"Length":376,"Height":149,"Demand":1,"DemandMax":null,"Value":19049},{"Length":559,"Height":190,"Demand":1,"DemandMax":null,"Value":58416},{"Length":648,"Height":531,"Demand":1,"DemandMax":null,"Value":147958},{"Length":744,"Height":670,"Demand":1,"DemandMax":null,"Value":328997},{"Length":480,"Height":813,"Demand":1,"DemandMax":null,"Value":241949},{"Length":603,"Height":1024,"Demand":1,"DemandMax":null,"Value":456930},{"Length":352,"Height":701,"Demand":1,"DemandMax":null,"Value":93766},{"Length":555,"Height":307,"Demand":1,"DemandMax":null,"Value":115862},{"Length":226,"Height":150,"Demand":1,"DemandMax":null,"Value":18646},{"Length":180,"Height":1000,"Demand":1,"DemandMax":null,"Value":50401},{"Length":742,"Height":381,"Demand":1,"DemandMax":null,"Value":98946},{"Length":545,"Height":783,"Demand":1,"DemandMax":null,"Value":298715},{"Length":149,"Height":723,"Demand":1,"DemandMax":null,"Value":26932},{"Length":822,"Height":173,"Demand":1,"DemandMax":null,"Value":66837},{"Length":754,"Height":825,"Demand":1,"DemandMax":null,"Value":329687},{"Length":793,"Height":263,"Demand":1,"DemandMax":null,"Value":104280},{"Length":234,"Height":599,"Demand":1,"DemandMax":null,"Value":53264},{"Length":544,"Height":1054,"Demand":1,"DemandMax":null,"Value":149078},{"Length":445,"Height":762,"Demand":1,"DemandMax":null,"Value":183109},{"Length":258,"Height":383,"Demand":1,"DemandMax":null,"Value":39526},{"Length":364,"Height":153,"Demand":1,"DemandMax":null,"Value":27846},{"Length":813,"Height":136,"Demand":1,"DemandMax":null,"Value":60813},{"Length":724,"Height":331,"Demand":1,"DemandMax":null,"Value":71894},{"Length":131,"Height":640,"Demand":1,"DemandMax":null,"Value":49466}]}