{"Name":"r1","Objects":[{"Length":2325,"Height":1825,"Stock":null,"Cost":4243125}],"Items":[{"Length":1200,"Height":1100,"Demand":1,"DemandMax":null,"Value":1320000},{"Length":800,"Height":600,"Demand":2,"DemandMax":null,"Value":480000},{"Length":800,"Height":400,"Demand":2,"DemandMax":null,"Value":320000},{"Length":1200,"Height":800,"Demand":1,"DemandMax":null,"Value":960000},{"Length":550,"Height":300,"Demand":2,"DemandMax":null,"Value":165000},{"Length":500,"Height":400,"Demand":1,"DemandMax":null,"Value":200000},{"Length":850,"Height":600,"Demand":1,"DemandMax":null,"Value":510000}]}