{"Name":"1","Objects":[{"Length":400,"Height":200,"Stock":null,"Cost":80000}],"Items":[{"Length":200,"Height":100,"Demand":1,"DemandMax":null,"Value":20000},{"Length":100,"Height":50,"Demand":2,"DemandMax":null,"Value":5000},{"Length":100,"Height":100,"Demand":1,"DemandMax":null,"Value":10000},{"Length":100,"Height":120,"Demand":1,"DemandMax":null,"Value":12000},{"Length":100,"Height":60,"Demand":1,"DemandMax":null,"Value":6000},{"Length":60,"Height":60,"Demand":1,"DemandMax":null,"Value":3600},{"Length":40,"Height":100,"Demand":1,"DemandMax":null,"Value":4000},{"Length":160,"Height":40,"Demand":1,"DemandMax":null,"Value":6400},{"Length":200,"Height":40,"Demand":1,"DemandMax":null,"Value":8000}]}