{"Name":"ngcutcon16","Objects":[{"Length":40,"Height":70,"Stock":null,"Cost":2800}],"Items":[{"Length":31,"Height":43,"Demand":0,"DemandMax":4,"Value":500},{"Length":30,"Height":41,"Demand":0,"DemandMax":2,"Value":480},{"Length":29,"Height":39,"Demand":0,"DemandMax":4,"Value":460},{"Length":28,"Height":38,"Demand":0,"DemandMax":4,"Value":440},{"Length":27,"Height":37,"Demand":0,"DemandMax":3,"Value":420},{"Length":26,"Height":36,"Demand":0,"DemandMax":4,"Value":410},{"Length":25,"Height":35,"Demand":1,"DemandMax":3,"Value":400},{"Length":24,"Height":34,"Demand":0,"DemandMax":4,"Value":380},{"Length":33,"Height":23,"Demand":0,"DemandMax":4,"Value":360},{"Length":22,"Height":32,"Demand":0,"DemandMax":3,"Value":340},{"Length":31,"Height":21,"Demand":0,"DemandMax":3,"Value":320},{"Length":29,"Height":18,"Demand":0,"DemandMax":3,"Value":300},{"Length":17,"Height":27,"Demand":0,"DemandMax":2,"Value":280},{"Length":15,"Height":24,"Demand":0,"DemandMax":3,"Value":240},{"Length":16,"Height":25,"Demand":0,"DemandMax":4,"Value":260},{"Length":23,"Height":14,"Demand":0,"DemandMax":4,"Value":220},{"Length":21,"Height":12,"Demand":0,"DemandMax":3,"Value":180},{"Length":19,"Height":11,"Demand":0,"DemandMax":4,"Value":160},{"Length":9,"Height":17,"Demand":0,"DemandMax":1,"Value":140}]}