{"Name":"ngcutcon3","Objects":[{"Length":10,"Height":10,"Stock":null,"Cost":100}],"Items":[{"Length":3,"Height":2,"Demand":1,"DemandMax":2,"Value":7},{"Length":7,"Height":2,"Demand":1,"DemandMax":3,"Value":20},{"Length":4,"Height":5,"Demand":0,"DemandMax":2,"Value":60},{"Length":4,"Height":1,"Demand":1,"DemandMax":2,"Value":9},{"Length":1,"Height":10,"Demand":0,"DemandMax":1,"Value":14},{"Length":8,"Height":4,"Demand":0,"DemandMax":1,"Value":79},{"Length":4,"Height":2,"Demand":1,"DemandMax":2,"Value":11},{"Length":3,"Height":7,"Demand":0,"DemandMax":3,"Value":52},{"Length":6,"Height":2,"Demand":0,"DemandMax":3,"Value":13},{"Length":9,"Height":1,"Demand":0,"DemandMax":2,"Value":21}]}