{"Name":"ngcutcon11","Objects":[{"Length":30,"Height":30,"Stock":null,"Cost":900}],"Items":[{"Length":3,"Height":23,"Demand":1,"DemandMax":3,"Value":118},{"Length":29,"Height":5,"Demand":1,"DemandMax":1,"Value":244},{"Length":21,"Height":2,"Demand":1,"DemandMax":3,"Value":81},{"Length":17,"Height":11,"Demand":0,"DemandMax":3,"Value":371},{"Length":14,"Height":7,"Demand":0,"DemandMax":2,"Value":254},{"Length":8,"Height":5,"Demand":1,"DemandMax":2,"Value":78},{"Length":21,"Height":8,"Demand":0,"DemandMax":1,"Value":293}]}