{"Name":"A4","Objects":[{"Length":90,"Height":70,"Stock":null,"Cost":6300}],"Items":[{"Length":31,"Height":43,"Demand":1,"DemandMax":null,"Value":1333},{"Length":30,"Height":41,"Demand":2,"DemandMax":null,"Value":1230},{"Length":29,"Height":39,"Demand":1,"DemandMax":null,"Value":1131},{"Length":28,"Height":38,"Demand":2,"DemandMax":null,"Value":1064},{"Length":27,"Height":37,"Demand":3,"DemandMax":null,"Value":999},{"Length":26,"Height":36,"Demand":2,"DemandMax":null,"Value":936},{"Length":25,"Height":35,"Demand":1,"DemandMax":null,"Value":875},{"Length":24,"Height":34,"Demand":1,"DemandMax":null,"Value":816},{"Length":33,"Height":23,"Demand":2,"DemandMax":null,"Value":759},{"Length":22,"Height":32,"Demand":3,"DemandMax":null,"Value":704},{"Length":31,"Height":21,"Demand":2,"DemandMax":null,"Value":651},{"Length":29,"Height":18,"Demand":1,"DemandMax":null,"Value":522},{"Length":17,"Height":27,"Demand":2,"DemandMax":null,"Value":459},{"Length":15,"Height":24,"Demand":4,"DemandMax":null,"Value":360},{"Length":16,"Height":25,"Demand":1,"DemandMax":null,"Value":400},{"Length":23,"Height":14,"Demand":3,"DemandMax":null,"Value":322},{"Length":21,"Height":12,"Demand":1,"DemandMax":null,"Value":252},{"Length":19,"Height":11,"Demand":2,"DemandMax":null,"Value":209},{"Length":9,"Height":17,"Demand":1,"DemandMax":null,"Value":153}]}