{"Name":"UU7","Objects":[{"Length":1465,"Height":2024,"Stock":null,"Cost":2965160}],"Items":[{"Length":371,"Height":614,"Demand":1,"DemandMax":null,"Value":227794},{"Length":557,"Height":1223,"Demand":1,"DemandMax":null,"Value":681211},{"Length":906,"Height":937,"Demand":1,"DemandMax":null,"Value":848922},{"Length":368,"Height":429,"Demand":1,"DemandMax":null,"Value":157872},{"Length":874,"Height":490,"Demand":1,"DemandMax":null,"Value":428260},{"Length":406,"Height":1262,"Demand":1,"DemandMax":null,"Value":512372},{"Length":570,"Height":1124,"Demand":1,"DemandMax":null,"Value":640680},{"Length":514,"Height":658,"Demand":1,"DemandMax":null,"Value":338212},{"Length":926,"Height":1125,"Demand":1,"DemandMax":null,"Value":1041750},{"Length":774,"Height":705,"Demand":1,"DemandMax":null,"Value":545670},{"Length":625,"Height":1280,"Demand":1,"DemandMax":null,"Value":800000},{"Length":897,"Height":457,"Demand":1,"DemandMax":null,"Value":409929},{"Length":726,"Height":1121,"Demand":1,"DemandMax":null,"Value":813846},{"Length":422,"Height":940,"Demand":1,"DemandMax":null,"Value":396680},{"Length":315,"Height":578,"Demand":1,"DemandMax":null,"Value":182070},{"Length":543,"Height":558,"Demand":1,"DemandMax":null,"Value":302994},{"Length":700,"Height":1189,"Demand":1,"DemandMax":null,"Value":832300},{"Length":699,"Height":411,"Demand":1,"DemandMax":null,"Value":287289},{"Length":317,"Height":1251,"Demand":1,"DemandMax":null,"Value":396567},{"Length":832,"Height":427,"Demand":1,"DemandMax":null,"Value":355264},{"Length":793,"Height":637,"Demand":1,"DemandMax":null,"Value":505141},{"Length":860,"Height":1043,"Demand":1,"DemandMax":null,"Value":896980},{"Length":790,"Height":606,"Demand":1,"DemandMax":null,"Value":478740},{"Length":596,"Height":1059,"Demand":1,"DemandMax":null,"Value":631164},{"Length":402,"Height":945,"Demand":1,"DemandMax":null,"Value":379890},{"Length":309,"Height":837,"Demand":1,"DemandMax":null,"Value":258633},{"Length":516,"Height":934,"Demand":1,"DemandMax":null,"Value":481944},{"Length":595,"Height":594,"Demand":1,"DemandMax":null,"Value":353430},{"Length":596,"Height":622,"Demand":1,"DemandMax":null,"Value":370712},{"Length":813,"Height":1231,"Demand":1,"DemandMax":null,"Value":1000803},{"Length":731,"Height":978,"Demand":1,"DemandMax":null,"Value":714918},{"Length":323,"Height":488,"Demand":1,"DemandMax":null,"Value":157624},{"Length":301,"Height":496,"Demand":1,"DemandMax":null,"Value":149296},{"Length":794,"Height":686,"Demand":1,"DemandMax":null,"Value":544684},{"Length":711,"Height":1026,"Demand":1,"DemandMax":null,"Value":729486},{"Length":319,"Height":695,"Demand":1,"DemandMax":null,"Value":221705},{"Length":365,"Height":1145,"Demand":1,"DemandMax":null,"Value":417925},{"Length":899,"Height":722,"Demand":1,"DemandMax":null,"Value":649078},{"Length":343,"Height":418,"Demand":1,"DemandMax":null,"Value":143374},{"Length":772,"Height":1020,"Demand":1,"DemandMax":null,"Value":787440},{"Length":568,"Height":1150,"Demand":1,"DemandMax":null,"Value":653200},{"Length":372,"Height":990,"Demand":1,"DemandMax":null,"Value":368280},{"Length":451,"Height":579,"Demand":1,"DemandMax":null,"Value":261129},{"Length":611,"Height":979,"Demand":1,"DemandMax":null,"Value":598169},{"Length":362,"Height":944,"Demand":1,"DemandMax":null,"Value":341728},{"Length":819,"Height":751,"Demand":1,"DemandMax":null,"Value":615069},{"Length":886,"Height":842,"Demand":1,"DemandMax":null,"Value":746012},{"Length":802,"Height":687,"Demand":1,"DemandMax":null,"Value":550974},{"Length":758,"Height":573,"Demand":1,"DemandMax":null,"Value":434334},{"Length":418,"Height":934,"Demand":1,"DemandMax":null,"Value":390412}]}