{"Name":"UW1","Objects":[{"Length":500,"Height":500,"Stock":null,"Cost":250000}],"Items":[{"Length":240,"Height":247,"Demand":1,"DemandMax":null,"Value":202},{"Length":252,"Height":182,"Demand":1,"DemandMax":null,"Value":738},{"Length":187,"Height":147,"Demand":1,"DemandMax":null,"Value":197},{"Length":203,"Height":266,"Demand":1,"DemandMax":null,"Value":361},{"Length":111,"Height":235,"Demand":1,"DemandMax":null,"Value":723},{"Length":205,"Height":168,"Demand":1,"DemandMax":null,"Value":330},{"Length":274,"Height":202,"Demand":1,"DemandMax":null,"Value":664},{"Length":229,"Height":176,"Demand":1,"DemandMax":null,"Value":179},{"Length":224,"Height":190,"Demand":1,"DemandMax":null,"Value":637},{"Length":307,"Height":224,"Demand":1,"DemandMax":null,"Value":583},{"Length":231,"Height":260,"Demand":1,"DemandMax":null,"Value":200},{"Length":250,"Height":286,"Demand":1,"DemandMax":null,"Value":288},{"Length":115,"Height":142,"Demand":1,"DemandMax":null,"Value":503},{"Length":174,"Height":278,"Demand":1,"DemandMax":null,"Value":715},{"Length":142,"Height":127,"Demand":1,"DemandMax":null,"Value":155},{"Length":223,"Height":157,"Demand":1,"DemandMax":null,"Value":719},{"Length":143,"Height":146,"Demand":1,"DemandMax":null,"Value":280},{"Length":214,"Height":205,"Demand":1,"DemandMax":null,"Value":309},{"Length":183,"Height":137,"Demand":1,"DemandMax":null,"Value":574},{"Length":174,"Height":258,"Demand":1,"DemandMax":null,"Value":671},{"Length":216,"Height":278,"Demand":1,"DemandMax":null,"Value":386},{"Length":214,"Height":238,"Demand":1,"DemandMax":null,"Value":292},{"Length":263,"Height":240,"Demand":1,"DemandMax":null,"Value":269},{"Length":237,"Height":117,"Demand":1,"DemandMax":null,"Value":514},{"Length":180,"Height":188,"Demand":1,"DemandMax":null,"Value":465}]}