{"Name":"CW4","Objects":[{"Length":465,"Height":387,"Stock":null,"Cost":179955}],"Items":[{"Length":240,"Height":227,"Demand":1,"DemandMax":null,"Value":366},{"Length":288,"Height":191,"Demand":1,"DemandMax":null,"Value":168},{"Length":112,"Height":177,"Demand":8,"DemandMax":null,"Value":328},{"Length":156,"Height":235,"Demand":1,"DemandMax":null,"Value":458},{"Length":147,"Height":141,"Demand":2,"DemandMax":null,"Value":334},{"Length":236,"Height":181,"Demand":2,"DemandMax":null,"Value":696},{"Length":119,"Height":226,"Demand":2,"DemandMax":null,"Value":613},{"Length":216,"Height":243,"Demand":2,"DemandMax":null,"Value":576},{"Length":152,"Height":132,"Demand":4,"DemandMax":null,"Value":435},{"Length":259,"Height":132,"Demand":1,"DemandMax":null,"Value":601},{"Length":140,"Height":231,"Demand":2,"DemandMax":null,"Value":499},{"Length":155,"Height":228,"Demand":2,"DemandMax":null,"Value":557},{"Length":122,"Height":111,"Demand":6,"DemandMax":null,"Value":682},{"Length":256,"Height":115,"Demand":3,"DemandMax":null,"Value":656},{"Length":289,"Height":222,"Demand":1,"DemandMax":null,"Value":292},{"Length":265,"Height":231,"Demand":1,"DemandMax":null,"Value":442},{"Length":275,"Height":215,"Demand":1,"DemandMax":null,"Value":633},{"Length":297,"Height":205,"Demand":1,"DemandMax":null,"Value":152},{"Length":168,"Height":100,"Demand":2,"DemandMax":null,"Value":626},{"Length":235,"Height":199,"Demand":1,"DemandMax":null,"Value":405},{"Length":236,"Height":111,"Demand":3,"DemandMax":null,"Value":547},{"Length":171,"Height":230,"Demand":1,"DemandMax":null,"Value":551},{"Length":222,"Height":172,"Demand":1,"DemandMax":null,"Value":250},{"Length":265,"Height":209,"Demand":1,"DemandMax":null,"Value":169},{"Length":234,"Height":236,"Demand":1,"DemandMax":null,"Value":505},{"Length":285,"Height":86,"Demand":3,"DemandMax":null,"Value":749},{"Length":144,"Height":79,"Demand":7,"DemandMax":null,"Value":191},{"Length":186,"Height":227,"Demand":1,"DemandMax":null,"Value":497},{"Length":133,"Height":112,"Demand":4,"DemandMax":null,"Value":687},{"Length":253,"Height":163,"Demand":1,"DemandMax":null,"Value":236},{"Length":215,"Height":243,"Demand":2,"DemandMax":null,"Value":203},{"Length":190,"Height":225,"Demand":2,"DemandMax":null,"Value":321},{"Length":212,"Height":183,"Demand":1,"DemandMax":null,"Value":519},{"Length":145,"Height":204,"Demand":2,"DemandMax":null,"Value":309},{"Length":108,"Height":147,"Demand":4,"DemandMax":null,"Value":291},{"Length":151,"Height":96,"Demand":5,"DemandMax":null,"Value":155},{"Length":215,"Height":145,"Demand":1,"DemandMax":null,"Value":171},{"Length":263,"Height":156,"Demand":1,"DemandMax":null,"Value":317},{"Length":208,"Height":153,"Demand":1,"DemandMax":null,"Value":180}]}