{"Name":"CW9","Objects":[{"Length":405,"Height":362,"Stock":null,"Cost":146610}],"Items":[{"Length":137,"Height":230,"Demand":2,"DemandMax":null,"Value":273},{"Length":204,"Height":98,"Demand":1,"DemandMax":null,"Value":550},{"Length":260,"Height":122,"Demand":2,"DemandMax":null,"Value":702},{"Length":205,"Height":168,"Demand":1,"DemandMax":null,"Value":337},{"Length":252,"Height":77,"Demand":1,"DemandMax":null,"Value":542},{"Length":110,"Height":132,"Demand":3,"DemandMax":null,"Value":213},{"Length":162,"Height":217,"Demand":1,"DemandMax":null,"Value":346},{"Length":106,"Height":164,"Demand":3,"DemandMax":null,"Value":552},{"Length":123,"Height":75,"Demand":10,"DemandMax":null,"Value":731},{"Length":229,"Height":202,"Demand":1,"DemandMax":null,"Value":616},{"Length":83,"Height":228,"Demand":1,"DemandMax":null,"Value":442},{"Length":192,"Height":153,"Demand":3,"DemandMax":null,"Value":609},{"Length":257,"Height":222,"Demand":1,"DemandMax":null,"Value":404},{"Length":257,"Height":151,"Demand":1,"DemandMax":null,"Value":840},{"Length":259,"Height":220,"Demand":1,"DemandMax":null,"Value":899},{"Length":213,"Height":141,"Demand":2,"DemandMax":null,"Value":792},{"Length":217,"Height":170,"Demand":2,"DemandMax":null,"Value":973},{"Length":131,"Height":158,"Demand":4,"DemandMax":null,"Value":698},{"Length":114,"Height":150,"Demand":4,"DemandMax":null,"Value":441},{"Length":196,"Height":179,"Demand":3,"DemandMax":null,"Value":700},{"Length":103,"Height":200,"Demand":3,"DemandMax":null,"Value":728},{"Length":186,"Height":234,"Demand":2,"DemandMax":null,"Value":205},{"Length":190,"Height":176,"Demand":4,"DemandMax":null,"Value":444},{"Length":233,"Height":163,"Demand":2,"DemandMax":null,"Value":668},{"Length":115,"Height":106,"Demand":8,"DemandMax":null,"Value":205},{"Length":159,"Height":200,"Demand":2,"DemandMax":null,"Value":779},{"Length":253,"Height":185,"Demand":1,"DemandMax":null,"Value":160},{"Length":133,"Height":204,"Demand":2,"DemandMax":null,"Value":683},{"Length":213,"Height":201,"Demand":1,"DemandMax":null,"Value":739},{"Length":103,"Height":212,"Demand":1,"DemandMax":null,"Value":841},{"Length":121,"Height":189,"Demand":2,"DemandMax":null,"Value":372},{"Length":214,"Height":160,"Demand":2,"DemandMax":null,"Value":326},{"Length":204,"Height":200,"Demand":1,"DemandMax":null,"Value":505},{"Length":109,"Height":91,"Demand":4,"DemandMax":null,"Value":476},{"Length":118,"Height":95,"Demand":8,"DemandMax":null,"Value":978},{"Length":118,"Height":110,"Demand":2,"DemandMax":null,"Value":461},{"Length":102,"Height":184,"Demand":2,"DemandMax":null,"Value":751},{"Length":152,"Height":100,"Demand":3,"DemandMax":null,"Value":680},{"Length":226,"Height":116,"Demand":1,"DemandMax":null,"Value":898},{"Length":114,"Height":134,"Demand":3,"DemandMax":null,"Value":389},{"Length":179,"Height":89,"Demand":3,"DemandMax":null,"Value":365},{"Length":88,"Height":87,"Demand":9,"DemandMax":null,"Value":217},{"Length":254,"Height":137,"Demand":1,"DemandMax":null,"Value":311},{"Length":135,"Height":154,"Demand":4,"DemandMax":null,"Value":978},{"Length":164,"Height":229,"Demand":2,"DemandMax":null,"Value":240},{"Length":162,"Height":123,"Demand":4,"DemandMax":null,"Value":764},{"Length":216,"Height":200,"Demand":1,"DemandMax":null,"Value":544},{"Length":175,"Height":176,"Demand":4,"DemandMax":null,"Value":722},{"Length":185,"Height":182,"Demand":1,"DemandMax":null,"Value":606},{"Length":257,"Height":207,"Demand":1,"DemandMax":null,"Value":940}]}