{"Name":"UU8","Objects":[{"Length":2000,"Height":2000,"Stock":null,"Cost":4000000}],"Items":[{"Length":852,"Height":1085,"Demand":1,"DemandMax":null,"Value":924420},{"Length":1026,"Height":911,"Demand":1,"DemandMax":null,"Value":934686},{"Length":758,"Height":1263,"Demand":1,"DemandMax":null,"Value":957354},{"Length":757,"Height":854,"Demand":1,"DemandMax":null,"Value":646478},{"Length":549,"Height":1014,"Demand":1,"DemandMax":null,"Value":556686},{"Length":731,"Height":474,"Demand":1,"DemandMax":null,"Value":346494},{"Length":566,"Height":889,"Demand":1,"DemandMax":null,"Value":503174},{"Length":585,"Height":1263,"Demand":1,"DemandMax":null,"Value":738855},{"Length":872,"Height":1233,"Demand":1,"DemandMax":null,"Value":1075176},{"Length":720,"Height":466,"Demand":1,"DemandMax":null,"Value":335520},{"Length":525,"Height":722,"Demand":1,"DemandMax":null,"Value":379050},{"Length":1297,"Height":774,"Demand":1,"DemandMax":null,"Value":1003878},{"Length":476,"Height":993,"Demand":1,"DemandMax":null,"Value":472668},{"Length":908,"Height":634,"Demand":1,"DemandMax":null,"Value":575672},{"Length":1211,"Height":1259,"Demand":1,"DemandMax":null,"Value":1524649},{"Length":724,"Height":1187,"Demand":1,"DemandMax":null,"Value":859388},{"Length":1272,"Height":650,"Demand":1,"DemandMax":null,"Value":826800},{"Length":824,"Height":957,"Demand":1,"DemandMax":null,"Value":788568},{"Length":1282,"Height":1270,"Demand":1,"DemandMax":null,"Value":1628140},{"Length":617,"Height":1271,"Demand":1,"DemandMax":null,"Value":784207},{"Length":1175,"Height":509,"Demand":1,"DemandMax":null,"Value":598075},{"Length":596,"Height":650,"Demand":1,"DemandMax":null,"Value":387400},{"Length":632,"Height":941,"Demand":1,"DemandMax":null,"Value":594712},{"Length":1005,"Height":798,"Demand":1,"DemandMax":null,"Value":801990},{"Length":563,"Height":862,"Demand":1,"DemandMax":null,"Value":485306},{"Length":1216,"Height":872,"Demand":1,"DemandMax":null,"Value":1060352},{"Length":460,"Height":592,"Demand":1,"DemandMax":null,"Value":272320},{"Length":704,"Height":836,"Demand":1,"DemandMax":null,"Value":588544},{"Length":819,"Height":1204,"Demand":1,"DemandMax":null,"Value":986076},{"Length":529,"Height":555,"Demand":1,"DemandMax":null,"Value":293595},{"Length":692,"Height":621,"Demand":1,"DemandMax":null,"Value":429732},{"Length":774,"Height":762,"Demand":1,"DemandMax":null,"Value":589788},{"Length":995,"Height":986,"Demand":1,"DemandMax":null,"Value":981070},{"Length":729,"Height":553,"Demand":1,"DemandMax":null,"Value":403137},{"Length":453,"Height":492,"Demand":1,"DemandMax":null,"Value":222876},{"Length":607,"Height":753,"Demand":1,"DemandMax":null,"Value":457071},{"Length":462,"Height":1153,"Demand":1,"DemandMax":null,"Value":532686},{"Length":1104,"Height":1280,"Demand":1,"DemandMax":null,"Value":1413120},{"Length":1144,"Height":905,"Demand":1,"DemandMax":null,"Value":1035320},{"Length":936,"Height":893,"Demand":1,"DemandMax":null,"Value":835848},{"Length":1228,"Height":883,"Demand":1,"DemandMax":null,"Value":1084324},{"Length":631,"Height":1141,"Demand":1,"DemandMax":null,"Value":719971},{"Length":1036,"Height":508,"Demand":1,"DemandMax":null,"Value":526288},{"Length":944,"Height":1052,"Demand":1,"DemandMax":null,"Value":993088},{"Length":770,"Height":877,"Demand":1,"DemandMax":null,"Value":675290},{"Length":1182,"Height":792,"Demand":1,"DemandMax":null,"Value":936144},{"Length":1091,"Height":514,"Demand":1,"DemandMax":null,"Value":560774},{"Length":818,"Height":1206,"Demand":1,"DemandMax":null,"Value":986508},{"Length":1069,"Height":582,"Demand":1,"DemandMax":null,"Value":622158},{"Length":829,"Height":1214,"Demand":1,"DemandMax":null,"Value":1006406},{"Length":918,"Height":1230,"Demand":1,"DemandMax":null,"Value":1129140},{"Length":1037,"Height":1066,"Demand":1,"DemandMax":null,"Value":1105442},{"Length":406,"Height":674,"Demand":1,"DemandMax":null,"Value":273644},{"Length":778,"Height":529,"Demand":1,"DemandMax":null,"Value":411562},{"Length":683,"Height":628,"Demand":1,"DemandMax":null,"Value":428924}]}