{"Name":"CW10","Objects":[{"Length":992,"Height":970,"Stock":null,"Cost":962240}],"Items":[{"Length":278,"Height":613,"Demand":2,"DemandMax":null,"Value":334},{"Length":564,"Height":347,"Demand":3,"DemandMax":null,"Value":669},{"Length":431,"Height":203,"Demand":5,"DemandMax":null,"Value":240},{"Length":199,"Height":590,"Demand":2,"DemandMax":null,"Value":159},{"Length":576,"Height":608,"Demand":1,"DemandMax":null,"Value":243},{"Length":481,"Height":573,"Demand":2,"DemandMax":null,"Value":505},{"Length":359,"Height":296,"Demand":2,"DemandMax":null,"Value":154},{"Length":536,"Height":585,"Demand":1,"DemandMax":null,"Value":196},{"Length":385,"Height":486,"Demand":3,"DemandMax":null,"Value":525},{"Length":636,"Height":399,"Demand":3,"DemandMax":null,"Value":323},{"Length":580,"Height":570,"Demand":1,"DemandMax":null,"Value":426},{"Length":539,"Height":587,"Demand":1,"DemandMax":null,"Value":306},{"Length":477,"Height":323,"Demand":2,"DemandMax":null,"Value":613},{"Length":466,"Height":278,"Demand":4,"DemandMax":null,"Value":841},{"Length":504,"Height":592,"Demand":1,"DemandMax":null,"Value":827},{"Length":498,"Height":577,"Demand":1,"DemandMax":null,"Value":283},{"Length":322,"Height":496,"Demand":2,"DemandMax":null,"Value":232},{"Length":211,"Height":464,"Demand":3,"DemandMax":null,"Value":733},{"Length":542,"Height":296,"Demand":3,"DemandMax":null,"Value":441},{"Length":590,"Height":619,"Demand":1,"DemandMax":null,"Value":807},{"Length":321,"Height":414,"Demand":3,"DemandMax":null,"Value":330},{"Length":489,"Height":546,"Demand":1,"DemandMax":null,"Value":537},{"Length":532,"Height":623,"Demand":1,"DemandMax":null,"Value":696},{"Length":275,"Height":402,"Demand":4,"DemandMax":null,"Value":763},{"Length":505,"Height":443,"Demand":1,"DemandMax":null,"Value":675},{"Length":288,"Height":320,"Demand":2,"DemandMax":null,"Value":153},{"Length":465,"Height":275,"Demand":3,"DemandMax":null,"Value":719},{"Length":450,"Height":425,"Demand":3,"DemandMax":null,"Value":252},{"Length":484,"Height":279,"Demand":5,"DemandMax":null,"Value":362},{"Length":434,"Height":411,"Demand":4,"DemandMax":null,"Value":848},{"Length":494,"Height":274,"Demand":4,"DemandMax":null,"Value":415},{"Length":384,"Height":289,"Demand":1,"DemandMax":null,"Value":464},{"Length":534,"Height":489,"Demand":1,"DemandMax":null,"Value":211},{"Length":571,"Height":590,"Demand":1,"DemandMax":null,"Value":205},{"Length":629,"Height":537,"Demand":1,"DemandMax":null,"Value":278},{"Length":414,"Height":580,"Demand":2,"DemandMax":null,"Value":146},{"Length":455,"Height":555,"Demand":1,"DemandMax":null,"Value":630},{"Length":410,"Height":498,"Demand":1,"DemandMax":null,"Value":514},{"Length":350,"Height":504,"Demand":2,"DemandMax":null,"Value":527},{"Length":467,"Height":511,"Demand":1,"DemandMax":null,"Value":240},{"Length":387,"Height":482,"Demand":2,"DemandMax":null,"Value":626},{"Length":569,"Height":615,"Demand":1,"DemandMax":null,"Value":299},{"Length":545,"Height":404,"Demand":2,"DemandMax":null,"Value":591},{"Length":328,"Height":599,"Demand":2,"DemandMax":null,"Value":442},{"Length":488,"Height":348,"Demand":1,"DemandMax":null,"Value":354},{"Length":406,"Height":547,"Demand":2,"DemandMax":null,"Value":595},{"Length":544,"Height":428,"Demand":1,"DemandMax":null,"Value":762},{"Length":262,"Height":291,"Demand":4,"DemandMax":null,"Value":363},{"Length":365,"Height":611,"Demand":1,"DemandMax":null,"Value":155},{"Length":265,"Height":380,"Demand":4,"DemandMax":null,"Value":782},{"Length":354,"Height":392,"Demand":3,"DemandMax":null,"Value":427},{"Length":220,"Height":432,"Demand":4,"DemandMax":null,"Value":689},{"Length":198,"Height":524,"Demand":4,"DemandMax":null,"Value":583},{"Length":415,"Height":366,"Demand":1,"DemandMax":null,"Value":702},{"Length":437,"Height":313,"Demand":5,"DemandMax":null,"Value":819},{"Length":438,"Height":194,"Demand":3,"DemandMax":null,"Value":499},{"Length":620,"Height":201,"Demand":1,"DemandMax":null,"Value":230},{"Length":432,"Height":593,"Demand":1,"DemandMax":null,"Value":806},{"Length":580,"Height":500,"Demand":1,"DemandMax":null,"Value":551},{"Length":614,"Height":491,"Demand":2,"DemandMax":null,"Value":342}]}