{"Name":"CU10","Objects":[{"Length":794,"Height":985,"Stock":null,"Cost":782090}],"Items":[{"Length":124,"Height":237,"Demand":7,"DemandMax":null,"Value":29388},{"Length":185,"Height":201,"Demand":4,"DemandMax":null,"Value":37185},{"Length":319,"Height":201,"Demand":1,"DemandMax":null,"Value":64119},{"Length":219,"Height":315,"Demand":5,"DemandMax":null,"Value":68985},{"Length":386,"Height":304,"Demand":5,"DemandMax":null,"Value":117344},{"Length":183,"Height":329,"Demand":6,"DemandMax":null,"Value":60207},{"Length":250,"Height":149,"Demand":4,"DemandMax":null,"Value":37250},{"Length":222,"Height":537,"Demand":3,"DemandMax":null,"Value":119214},{"Length":309,"Height":227,"Demand":3,"DemandMax":null,"Value":70143},{"Length":273,"Height":209,"Demand":4,"DemandMax":null,"Value":57057},{"Length":325,"Height":206,"Demand":2,"DemandMax":null,"Value":66950},{"Length":344,"Height":421,"Demand":4,"DemandMax":null,"Value":144824},{"Length":380,"Height":497,"Demand":2,"DemandMax":null,"Value":188860},{"Length":301,"Height":228,"Demand":4,"DemandMax":null,"Value":68628},{"Length":261,"Height":409,"Demand":1,"DemandMax":null,"Value":106749},{"Length":194,"Height":206,"Demand":3,"DemandMax":null,"Value":39964},{"Length":175,"Height":300,"Demand":6,"DemandMax":null,"Value":52500},{"Length":256,"Height":244,"Demand":1,"DemandMax":null,"Value":62464},{"Length":183,"Height":342,"Demand":2,"DemandMax":null,"Value":62586},{"Length":282,"Height":231,"Demand":4,"DemandMax":null,"Value":65142},{"Length":326,"Height":147,"Demand":4,"DemandMax":null,"Value":47922},{"Length":268,"Height":237,"Demand":2,"DemandMax":null,"Value":63516},{"Length":384,"Height":362,"Demand":1,"DemandMax":null,"Value":139008},{"Length":248,"Height":363,"Demand":3,"DemandMax":null,"Value":90024},{"Length":295,"Height":368,"Demand":1,"DemandMax":null,"Value":108560},{"Length":315,"Height":408,"Demand":2,"DemandMax":null,"Value":128520},{"Length":411,"Height":246,"Demand":3,"DemandMax":null,"Value":101106},{"Length":189,"Height":576,"Demand":3,"DemandMax":null,"Value":108864},{"Length":261,"Height":314,"Demand":3,"DemandMax":null,"Value":81954},{"Length":181,"Height":382,"Demand":7,"DemandMax":null,"Value":69142},{"Length":256,"Height":367,"Demand":5,"DemandMax":null,"Value":93952},{"Length":315,"Height":464,"Demand":3,"DemandMax":null,"Value":146160},{"Length":186,"Height":561,"Demand":2,"DemandMax":null,"Value":104346},{"Length":167,"Height":354,"Demand":3,"DemandMax":null,"Value":59118},{"Length":500,"Height":267,"Demand":2,"DemandMax":null,"Value":133500},{"Length":313,"Height":471,"Demand":1,"DemandMax":null,"Value":147423},{"Length":492,"Height":321,"Demand":2,"DemandMax":null,"Value":157932},{"Length":251,"Height":260,"Demand":7,"DemandMax":null,"Value":65260},{"Length":282,"Height":364,"Demand":1,"DemandMax":null,"Value":102648},{"Length":429,"Height":264,"Demand":3,"DemandMax":null,"Value":113256}]}