{"Name":"UW2","Objects":[{"Length":560,"Height":750,"Stock":null,"Cost":420000}],"Items":[{"Length":360,"Height":183,"Demand":1,"DemandMax":null,"Value":570},{"Length":113,"Height":454,"Demand":1,"DemandMax":null,"Value":688},{"Length":145,"Height":427,"Demand":1,"DemandMax":null,"Value":503},{"Length":256,"Height":247,"Demand":1,"DemandMax":null,"Value":417},{"Length":206,"Height":441,"Demand":1,"DemandMax":null,"Value":653},{"Length":235,"Height":293,"Demand":1,"DemandMax":null,"Value":576},{"Length":183,"Height":283,"Demand":1,"DemandMax":null,"Value":681},{"Length":317,"Height":202,"Demand":1,"DemandMax":null,"Value":304},{"Length":146,"Height":461,"Demand":1,"DemandMax":null,"Value":544},{"Length":216,"Height":316,"Demand":1,"DemandMax":null,"Value":554},{"Length":182,"Height":314,"Demand":1,"DemandMax":null,"Value":551},{"Length":153,"Height":341,"Demand":1,"DemandMax":null,"Value":532},{"Length":315,"Height":387,"Demand":1,"DemandMax":null,"Value":662},{"Length":298,"Height":203,"Demand":1,"DemandMax":null,"Value":165},{"Length":253,"Height":327,"Demand":1,"DemandMax":null,"Value":521},{"Length":212,"Height":343,"Demand":1,"DemandMax":null,"Value":347},{"Length":221,"Height":215,"Demand":1,"DemandMax":null,"Value":420},{"Length":152,"Height":381,"Demand":1,"DemandMax":null,"Value":595},{"Length":126,"Height":156,"Demand":1,"DemandMax":null,"Value":492},{"Length":201,"Height":182,"Demand":1,"DemandMax":null,"Value":342},{"Length":273,"Height":343,"Demand":1,"DemandMax":null,"Value":582},{"Length":159,"Height":212,"Demand":1,"DemandMax":null,"Value":704},{"Length":134,"Height":197,"Demand":1,"DemandMax":null,"Value":195},{"Length":260,"Height":327,"Demand":1,"DemandMax":null,"Value":633},{"Length":251,"Height":327,"Demand":1,"DemandMax":null,"Value":579},{"Length":318,"Height":478,"Demand":1,"DemandMax":null,"Value":338},{"Length":126,"Height":430,"Demand":1,"DemandMax":null,"Value":269},{"Length":194,"Height":253,"Demand":1,"DemandMax":null,"Value":466},{"Length":157,"Height":174,"Demand":1,"DemandMax":null,"Value":620},{"Length":235,"Height":356,"Demand":1,"DemandMax":null,"Value":254},{"Length":157,"Height":418,"Demand":1,"DemandMax":null,"Value":449},{"Length":356,"Height":391,"Demand":1,"DemandMax":null,"Value":696},{"Length":357,"Height":302,"Demand":1,"DemandMax":null,"Value":431},{"Length":249,"Height":349,"Demand":1,"DemandMax":null,"Value":732},{"Length":123,"Height":289,"Demand":1,"DemandMax":null,"Value":527}]}