{"Name":"CU9","Objects":[{"Length":856,"Height":785,"Stock":null,"Cost":671960}],"Items":[{"Length":198,"Height":399,"Demand":5,"DemandMax":null,"Value":79002},{"Length":331,"Height":285,"Demand":2,"DemandMax":null,"Value":94335},{"Length":497,"Height":384,"Demand":3,"DemandMax":null,"Value":190848},{"Length":397,"Height":236,"Demand":2,"DemandMax":null,"Value":93692},{"Length":272,"Height":389,"Demand":2,"DemandMax":null,"Value":105808},{"Length":505,"Height":418,"Demand":3,"DemandMax":null,"Value":211090},{"Length":499,"Height":180,"Demand":3,"DemandMax":null,"Value":89820},{"Length":256,"Height":458,"Demand":1,"DemandMax":null,"Value":117248},{"Length":293,"Height":262,"Demand":2,"DemandMax":null,"Value":76766},{"Length":287,"Height":294,"Demand":4,"DemandMax":null,"Value":84378},{"Length":180,"Height":312,"Demand":5,"DemandMax":null,"Value":56160},{"Length":331,"Height":274,"Demand":4,"DemandMax":null,"Value":90694},{"Length":438,"Height":218,"Demand":3,"DemandMax":null,"Value":95484},{"Length":397,"Height":470,"Demand":2,"DemandMax":null,"Value":186590},{"Length":486,"Height":354,"Demand":5,"DemandMax":null,"Value":172044},{"Length":223,"Height":445,"Demand":2,"DemandMax":null,"Value":99235},{"Length":351,"Height":490,"Demand":2,"DemandMax":null,"Value":171990},{"Length":487,"Height":296,"Demand":3,"DemandMax":null,"Value":144152},{"Length":214,"Height":221,"Demand":2,"DemandMax":null,"Value":47294},{"Length":527,"Height":276,"Demand":2,"DemandMax":null,"Value":145452},{"Length":186,"Height":373,"Demand":8,"DemandMax":null,"Value":69378},{"Length":270,"Height":317,"Demand":3,"DemandMax":null,"Value":85590},{"Length":386,"Height":319,"Demand":2,"DemandMax":null,"Value":123134},{"Length":509,"Height":210,"Demand":3,"DemandMax":null,"Value":106890},{"Length":434,"Height":192,"Demand":3,"DemandMax":null,"Value":83328}]}