{"Name":"CU6","Objects":[{"Length":356,"Height":447,"Stock":null,"Cost":159132}],"Items":[{"Length":111,"Height":225,"Demand":3,"DemandMax":null,"Value":24975},{"Length":162,"Height":210,"Demand":1,"DemandMax":null,"Value":34020},{"Length":144,"Height":98,"Demand":5,"DemandMax":null,"Value":14112},{"Length":107,"Height":115,"Demand":7,"DemandMax":null,"Value":12305},{"Length":126,"Height":96,"Demand":7,"DemandMax":null,"Value":12096},{"Length":227,"Height":210,"Demand":2,"DemandMax":null,"Value":47670},{"Length":132,"Height":104,"Demand":2,"DemandMax":null,"Value":13728},{"Length":227,"Height":268,"Demand":1,"DemandMax":null,"Value":60836},{"Length":152,"Height":122,"Demand":3,"DemandMax":null,"Value":18544},{"Length":166,"Height":185,"Demand":1,"DemandMax":null,"Value":30710},{"Length":196,"Height":156,"Demand":1,"DemandMax":null,"Value":30576},{"Length":224,"Height":192,"Demand":1,"DemandMax":null,"Value":43008},{"Length":136,"Height":244,"Demand":2,"DemandMax":null,"Value":33184},{"Length":155,"Height":252,"Demand":1,"DemandMax":null,"Value":39060},{"Length":211,"Height":172,"Demand":2,"DemandMax":null,"Value":36292},{"Length":169,"Height":186,"Demand":3,"DemandMax":null,"Value":31434},{"Length":172,"Height":210,"Demand":4,"DemandMax":null,"Value":36120},{"Length":196,"Height":255,"Demand":1,"DemandMax":null,"Value":49980},{"Length":193,"Height":137,"Demand":1,"DemandMax":null,"Value":26441},{"Length":171,"Height":112,"Demand":2,"DemandMax":null,"Value":19152},{"Length":117,"Height":110,"Demand":4,"DemandMax":null,"Value":12870},{"Length":195,"Height":285,"Demand":1,"DemandMax":null,"Value":55575},{"Length":92,"Height":169,"Demand":6,"DemandMax":null,"Value":15548},{"Length":82,"Height":206,"Demand":5,"DemandMax":null,"Value":16892},{"Length":211,"Height":98,"Demand":3,"DemandMax":null,"Value":20678},{"Length":109,"Height":127,"Demand":5,"DemandMax":null,"Value":13843},{"Length":175,"Height":227,"Demand":1,"DemandMax":null,"Value":39725},{"Length":160,"Height":140,"Demand":3,"DemandMax":null,"Value":22400},{"Length":220,"Height":250,"Demand":1,"DemandMax":null,"Value":55000},{"Length":125,"Height":92,"Demand":4,"DemandMax":null,"Value":11500},{"Length":102,"Height":121,"Demand":5,"DemandMax":null,"Value":12342},{"Length":129,"Height":239,"Demand":2,"DemandMax":null,"Value":30831},{"Length":113,"Height":157,"Demand":1,"DemandMax":null,"Value":17741},{"Length":178,"Height":162,"Demand":4,"DemandMax":null,"Value":28836},{"Length":133,"Height":169,"Demand":1,"DemandMax":null,"Value":22477},{"Length":182,"Height":99,"Demand":2,"DemandMax":null,"Value":18018},{"Length":150,"Height":220,"Demand":1,"DemandMax":null,"Value":33000},{"Length":116,"Height":128,"Demand":6,"DemandMax":null,"Value":14848},{"Length":172,"Height":144,"Demand":2,"DemandMax":null,"Value":24768},{"Length":146,"Height":172,"Demand":1,"DemandMax":null,"Value":25112},{"Length":148,"Height":128,"Demand":4,"DemandMax":null,"Value":18944},{"Length":189,"Height":96,"Demand":4,"DemandMax":null,"Value":18144},{"Length":82,"Height":269,"Demand":3,"DemandMax":null,"Value":22058},{"Length":182,"Height":177,"Demand":1,"DemandMax":null,"Value":32214},{"Length":95,"Height":146,"Demand":4,"DemandMax":null,"Value":13870}]}