{"Name":"UW7","Objects":[{"Length":2250,"Height":1875,"Stock":null,"Cost":4218750}],"Items":[{"Length":611,"Height":788,"Demand":1,"DemandMax":null,"Value":184},{"Length":884,"Height":928,"Demand":1,"DemandMax":null,"Value":393},{"Length":875,"Height":990,"Demand":1,"DemandMax":null,"Value":243},{"Length":936,"Height":961,"Demand":1,"DemandMax":null,"Value":479},{"Length":1224,"Height":958,"Demand":1,"DemandMax":null,"Value":707},{"Length":791,"Height":1163,"Demand":1,"DemandMax":null,"Value":378},{"Length":1139,"Height":848,"Demand":1,"DemandMax":null,"Value":425},{"Length":1002,"Height":747,"Demand":1,"DemandMax":null,"Value":637},{"Length":988,"Height":434,"Demand":1,"DemandMax":null,"Value":635},{"Length":1181,"Height":1024,"Demand":1,"DemandMax":null,"Value":223},{"Length":868,"Height":1043,"Demand":1,"DemandMax":null,"Value":225},{"Length":598,"Height":580,"Demand":1,"DemandMax":null,"Value":733},{"Length":1252,"Height":479,"Demand":1,"DemandMax":null,"Value":727},{"Length":507,"Height":467,"Demand":1,"DemandMax":null,"Value":654},{"Length":984,"Height":438,"Demand":1,"DemandMax":null,"Value":727},{"Length":1020,"Height":1067,"Demand":1,"DemandMax":null,"Value":696},{"Length":1304,"Height":467,"Demand":1,"DemandMax":null,"Value":319},{"Length":774,"Height":458,"Demand":1,"DemandMax":null,"Value":410},{"Length":1314,"Height":796,"Demand":1,"DemandMax":null,"Value":737},{"Length":679,"Height":881,"Demand":1,"DemandMax":null,"Value":328},{"Length":1197,"Height":745,"Demand":1,"DemandMax":null,"Value":677},{"Length":1379,"Height":418,"Demand":1,"DemandMax":null,"Value":732},{"Length":846,"Height":1093,"Demand":1,"DemandMax":null,"Value":427},{"Length":672,"Height":1014,"Demand":1,"DemandMax":null,"Value":466},{"Length":869,"Height":578,"Demand":1,"DemandMax":null,"Value":463},{"Length":710,"Height":1148,"Demand":1,"DemandMax":null,"Value":618},{"Length":914,"Height":844,"Demand":1,"DemandMax":null,"Value":355},{"Length":807,"Height":1160,"Demand":1,"DemandMax":null,"Value":399},{"Length":685,"Height":1050,"Demand":1,"DemandMax":null,"Value":677},{"Length":1432,"Height":425,"Demand":1,"DemandMax":null,"Value":734},{"Length":1257,"Height":929,"Demand":1,"DemandMax":null,"Value":291},{"Length":1041,"Height":482,"Demand":1,"DemandMax":null,"Value":408},{"Length":920,"Height":1152,"Demand":1,"DemandMax":null,"Value":559},{"Length":1022,"Height":878,"Demand":1,"DemandMax":null,"Value":550},{"Length":1085,"Height":643,"Demand":1,"DemandMax":null,"Value":492},{"Length":849,"Height":553,"Demand":1,"DemandMax":null,"Value":299},{"Length":534,"Height":1018,"Demand":1,"DemandMax":null,"Value":413},{"Length":720,"Height":630,"Demand":1,"DemandMax":null,"Value":182},{"Length":574,"Height":863,"Demand":1,"DemandMax":null,"Value":701},{"Length":1120,"Height":510,"Demand":1,"DemandMax":null,"Value":532},{"Length":872,"Height":813,"Demand":1,"DemandMax":null,"Value":402},{"Length":762,"Height":377,"Demand":1,"DemandMax":null,"Value":207},{"Length":1084,"Height":510,"Demand":1,"DemandMax":null,"Value":327},{"Length":615,"Height":818,"Demand":1,"DemandMax":null,"Value":461},{"Length":1328,"Height":1041,"Demand":1,"DemandMax":null,"Value":238},{"Length":1175,"Height":638,"Demand":1,"DemandMax":null,"Value":329},{"Length":486,"Height":441,"Demand":1,"DemandMax":null,"Value":643},{"Length":494,"Height":957,"Demand":1,"DemandMax":null,"Value":719},{"Length":1219,"Height":787,"Demand":1,"DemandMax":null,"Value":657},{"Length":1019,"Height":668,"Demand":1,"DemandMax":null,"Value":500}]}