{"Name":"UU2","Objects":[{"Length":750,"Height":800,"Stock":null,"Cost":600000}],"Items":[{"Length":202,"Height":395,"Demand":1,"DemandMax":null,"Value":79790},{"Length":355,"Height":266,"Demand":1,"DemandMax":null,"Value":94430},{"Length":437,"Height":357,"Demand":1,"DemandMax":null,"Value":156009},{"Length":449,"Height":386,"Demand":1,"DemandMax":null,"Value":173314},{"Length":222,"Height":439,"Demand":1,"DemandMax":null,"Value":97458},{"Length":466,"Height":493,"Demand":1,"DemandMax":null,"Value":229738},{"Length":411,"Height":269,"Demand":1,"DemandMax":null,"Value":110559},{"Length":273,"Height":266,"Demand":1,"DemandMax":null,"Value":72618},{"Length":200,"Height":218,"Demand":1,"DemandMax":null,"Value":43600},{"Length":237,"Height":312,"Demand":1,"DemandMax":null,"Value":73944},{"Length":459,"Height":368,"Demand":1,"DemandMax":null,"Value":168912},{"Length":208,"Height":428,"Demand":1,"DemandMax":null,"Value":89024},{"Length":387,"Height":419,"Demand":1,"DemandMax":null,"Value":162153},{"Length":300,"Height":399,"Demand":1,"DemandMax":null,"Value":119700},{"Length":315,"Height":251,"Demand":1,"DemandMax":null,"Value":79065},{"Length":347,"Height":256,"Demand":1,"DemandMax":null,"Value":88832},{"Length":198,"Height":255,"Demand":1,"DemandMax":null,"Value":50490},{"Length":360,"Height":415,"Demand":1,"DemandMax":null,"Value":149400},{"Length":339,"Height":487,"Demand":1,"DemandMax":null,"Value":165093},{"Length":444,"Height":501,"Demand":1,"DemandMax":null,"Value":222444},{"Length":160,"Height":288,"Demand":1,"DemandMax":null,"Value":46080},{"Length":359,"Height":227,"Demand":1,"DemandMax":null,"Value":81493},{"Length":170,"Height":315,"Demand":1,"DemandMax":null,"Value":53550},{"Length":351,"Height":239,"Demand":1,"DemandMax":null,"Value":83889},{"Length":153,"Height":280,"Demand":1,"DemandMax":null,"Value":42840},{"Length":372,"Height":219,"Demand":1,"DemandMax":null,"Value":81468},{"Length":291,"Height":480,"Demand":1,"DemandMax":null,"Value":139680},{"Length":406,"Height":274,"Demand":1,"DemandMax":null,"Value":111244},{"Length":243,"Height":280,"Demand":1,"DemandMax":null,"Value":68040},{"Length":439,"Height":174,"Demand":1,"DemandMax":null,"Value":76386}]}