{"Name":"UW4","Objects":[{"Length":1245,"Height":1015,"Stock":null,"Cost":1263675}],"Items":[{"Length":633,"Height":266,"Demand":1,"DemandMax":null,"Value":248},{"Length":508,"Height":545,"Demand":1,"DemandMax":null,"Value":302},{"Length":800,"Height":368,"Demand":1,"DemandMax":null,"Value":537},{"Length":357,"Height":265,"Demand":1,"DemandMax":null,"Value":704},{"Length":640,"Height":477,"Demand":1,"DemandMax":null,"Value":249},{"Length":608,"Height":323,"Demand":1,"DemandMax":null,"Value":386},{"Length":433,"Height":204,"Demand":1,"DemandMax":null,"Value":483},{"Length":691,"Height":590,"Demand":1,"DemandMax":null,"Value":243},{"Length":433,"Height":584,"Demand":1,"DemandMax":null,"Value":253},{"Length":260,"Height":594,"Demand":1,"DemandMax":null,"Value":694},{"Length":380,"Height":294,"Demand":1,"DemandMax":null,"Value":407},{"Length":350,"Height":524,"Demand":1,"DemandMax":null,"Value":537},{"Length":322,"Height":554,"Demand":1,"DemandMax":null,"Value":686},{"Length":316,"Height":387,"Demand":1,"DemandMax":null,"Value":397},{"Length":800,"Height":382,"Demand":1,"DemandMax":null,"Value":422},{"Length":451,"Height":260,"Demand":1,"DemandMax":null,"Value":531},{"Length":598,"Height":215,"Demand":1,"DemandMax":null,"Value":221},{"Length":341,"Height":435,"Demand":1,"DemandMax":null,"Value":218},{"Length":324,"Height":532,"Demand":1,"DemandMax":null,"Value":224},{"Length":713,"Height":538,"Demand":1,"DemandMax":null,"Value":520},{"Length":599,"Height":218,"Demand":1,"DemandMax":null,"Value":706},{"Length":604,"Height":333,"Demand":1,"DemandMax":null,"Value":710},{"Length":434,"Height":363,"Demand":1,"DemandMax":null,"Value":682},{"Length":521,"Height":458,"Demand":1,"DemandMax":null,"Value":436},{"Length":488,"Height":281,"Demand":1,"DemandMax":null,"Value":249},{"Length":311,"Height":318,"Demand":1,"DemandMax":null,"Value":170},{"Length":394,"Height":284,"Demand":1,"DemandMax":null,"Value":335},{"Length":532,"Height":236,"Demand":1,"DemandMax":null,"Value":700},{"Length":309,"Height":477,"Demand":1,"DemandMax":null,"Value":725},{"Length":468,"Height":504,"Demand":1,"DemandMax":null,"Value":432},{"Length":607,"Height":332,"Demand":1,"DemandMax":null,"Value":168},{"Length":492,"Height":569,"Demand":1,"DemandMax":null,"Value":514},{"Length":523,"Height":374,"Demand":1,"DemandMax":null,"Value":587},{"Length":511,"Height":377,"Demand":1,"DemandMax":null,"Value":254},{"Length":265,"Height":331,"Demand":1,"DemandMax":null,"Value":566},{"Length":739,"Height":495,"Demand":1,"DemandMax":null,"Value":566},{"Length":655,"Height":633,"Demand":1,"DemandMax":null,"Value":322},{"Length":298,"Height":495,"Demand":1,"DemandMax":null,"Value":503},{"Length":586,"Height":321,"Demand":1,"DemandMax":null,"Value":626},{"Length":769,"Height":246,"Demand":1,"DemandMax":null,"Value":196},{"Length":483,"Height":427,"Demand":1,"DemandMax":null,"Value":456},{"Length":287,"Height":534,"Demand":1,"DemandMax":null,"Value":516},{"Length":370,"Height":609,"Demand":1,"DemandMax":null,"Value":288},{"Length":708,"Height":231,"Demand":1,"DemandMax":null,"Value":532},{"Length":414,"Height":447,"Demand":1,"DemandMax":null,"Value":677}]}