{"Name":"UW11","Objects":[{"Length":555,"Height":632,"Stock":null,"Cost":350760}],"Items":[{"Length":110,"Height":100,"Demand":1,"DemandMax":null,"Value":110},{"Length":141,"Height":261,"Demand":1,"DemandMax":null,"Value":130},{"Length":312,"Height":122,"Demand":1,"DemandMax":null,"Value":150},{"Length":212,"Height":252,"Demand":1,"DemandMax":null,"Value":340},{"Length":100,"Height":123,"Demand":1,"DemandMax":null,"Value":170},{"Length":98,"Height":110,"Demand":1,"DemandMax":null,"Value":300},{"Length":213,"Height":101,"Demand":1,"DemandMax":null,"Value":370},{"Length":112,"Height":219,"Demand":1,"DemandMax":null,"Value":160},{"Length":141,"Height":102,"Demand":1,"DemandMax":null,"Value":480},{"Length":111,"Height":153,"Demand":1,"DemandMax":null,"Value":160},{"Length":133,"Height":227,"Demand":1,"DemandMax":null,"Value":310},{"Length":220,"Height":230,"Demand":1,"DemandMax":null,"Value":520},{"Length":166,"Height":236,"Demand":1,"DemandMax":null,"Value":600},{"Length":99,"Height":129,"Demand":1,"DemandMax":null,"Value":700},{"Length":186,"Height":335,"Demand":1,"DemandMax":null,"Value":580},{"Length":267,"Height":331,"Demand":1,"DemandMax":null,"Value":630},{"Length":333,"Height":130,"Demand":1,"DemandMax":null,"Value":620},{"Length":120,"Height":252,"Demand":1,"DemandMax":null,"Value":524},{"Length":121,"Height":257,"Demand":1,"DemandMax":null,"Value":620},{"Length":121,"Height":124,"Demand":1,"DemandMax":null,"Value":427},{"Length":257,"Height":163,"Demand":1,"DemandMax":null,"Value":469},{"Length":152,"Height":251,"Demand":1,"DemandMax":null,"Value":357},{"Length":354,"Height":254,"Demand":1,"DemandMax":null,"Value":354},{"Length":96,"Height":200,"Demand":1,"DemandMax":null,"Value":452},{"Length":119,"Height":98,"Demand":1,"DemandMax":null,"Value":307}]}