{"Name":"UU11","Objects":[{"Length":3500,"Height":3765,"Stock":null,"Cost":13177500}],"Items":[{"Length":300,"Height":162,"Demand":1,"DemandMax":null,"Value":48600},{"Length":1293,"Height":2009,"Demand":1,"DemandMax":null,"Value":2597637},{"Length":253,"Height":1267,"Demand":1,"DemandMax":null,"Value":320551},{"Length":37,"Height":710,"Demand":1,"DemandMax":null,"Value":26270},{"Length":794,"Height":1597,"Demand":1,"DemandMax":null,"Value":1268018},{"Length":1466,"Height":1065,"Demand":1,"DemandMax":null,"Value":1561290},{"Length":429,"Height":1201,"Demand":1,"DemandMax":null,"Value":515229},{"Length":236,"Height":857,"Demand":1,"DemandMax":null,"Value":202252},{"Length":1532,"Height":1371,"Demand":1,"DemandMax":null,"Value":2100372},{"Length":623,"Height":1441,"Demand":1,"DemandMax":null,"Value":897743},{"Length":1000,"Height":1490,"Demand":1,"DemandMax":null,"Value":1490000},{"Length":1643,"Height":1525,"Demand":1,"DemandMax":null,"Value":2505575},{"Length":369,"Height":644,"Demand":1,"DemandMax":null,"Value":237636},{"Length":1006,"Height":1251,"Demand":1,"DemandMax":null,"Value":1258506},{"Length":1801,"Height":2004,"Demand":1,"DemandMax":null,"Value":3609204},{"Length":1827,"Height":323,"Demand":1,"DemandMax":null,"Value":590121},{"Length":1456,"Height":1746,"Demand":1,"DemandMax":null,"Value":2542176},{"Length":131,"Height":1143,"Demand":1,"DemandMax":null,"Value":149733},{"Length":1423,"Height":1531,"Demand":1,"DemandMax":null,"Value":2178613},{"Length":247,"Height":108,"Demand":1,"DemandMax":null,"Value":26676},{"Length":759,"Height":1775,"Demand":1,"DemandMax":null,"Value":1347225},{"Length":1894,"Height":1291,"Demand":1,"DemandMax":null,"Value":2445154},{"Length":1232,"Height":278,"Demand":1,"DemandMax":null,"Value":342496},{"Length":1448,"Height":1940,"Demand":1,"DemandMax":null,"Value":2809120},{"Length":883,"Height":1612,"Demand":1,"DemandMax":null,"Value":1423396}]}