{"Name":"ep2-200-SC25","Objects":[{"Length":329,"Height":658,"Stock":null,"Cost":216482}],"Items":[{"Length":80,"Height":80,"Demand":10,"DemandMax":null,"Value":19200},{"Length":58,"Height":58,"Demand":10,"DemandMax":null,"Value":10092},{"Length":71,"Height":71,"Demand":10,"DemandMax":null,"Value":15123},{"Length":68,"Height":68,"Demand":20,"DemandMax":null,"Value":4624},{"Length":65,"Height":65,"Demand":10,"DemandMax":null,"Value":12675},{"Length":1,"Height":1,"Demand":10,"DemandMax":null,"Value":1},{"Length":42,"Height":42,"Demand":10,"DemandMax":null,"Value":3528},{"Length":51,"Height":51,"Demand":10,"DemandMax":null,"Value":7803},{"Length":98,"Height":98,"Demand":10,"DemandMax":null,"Value":19208},{"Length":82,"Height":82,"Demand":10,"DemandMax":null,"Value":13448},{"Length":88,"Height":88,"Demand":10,"DemandMax":null,"Value":7744},{"Length":69,"Height":69,"Demand":10,"DemandMax":null,"Value":9522},{"Length":57,"Height":57,"Demand":10,"DemandMax":null,"Value":9747},{"Length":39,"Height":39,"Demand":10,"DemandMax":null,"Value":4563},{"Length":48,"Height":48,"Demand":10,"DemandMax":null,"Value":2304},{"Length":56,"Height":56,"Demand":10,"DemandMax":null,"Value":9408},{"Length":41,"Height":41,"Demand":10,"DemandMax":null,"Value":5043},{"Length":74,"Height":74,"Demand":10,"DemandMax":null,"Value":16428},{"Length":89,"Height":89,"Demand":10,"DemandMax":null,"Value":23763}]}