{"Name":"ep2-30-SR25","Objects":[{"Length":127,"Height":255,"Stock":null,"Cost":32385}],"Items":[{"Length":80,"Height":80,"Demand":1,"DemandMax":null,"Value":19200},{"Length":58,"Height":58,"Demand":1,"DemandMax":null,"Value":3364},{"Length":71,"Height":71,"Demand":1,"DemandMax":null,"Value":10082},{"Length":68,"Height":68,"Demand":1,"DemandMax":null,"Value":9248},{"Length":65,"Height":65,"Demand":1,"DemandMax":null,"Value":4225},{"Length":1,"Height":1,"Demand":1,"DemandMax":null,"Value":2},{"Length":42,"Height":42,"Demand":1,"DemandMax":null,"Value":3528},{"Length":68,"Height":68,"Demand":1,"DemandMax":null,"Value":4624},{"Length":51,"Height":51,"Demand":1,"DemandMax":null,"Value":7803},{"Length":98,"Height":98,"Demand":1,"DemandMax":null,"Value":28812},{"Length":82,"Height":82,"Demand":1,"DemandMax":null,"Value":13448},{"Length":88,"Height":88,"Demand":1,"DemandMax":null,"Value":23232},{"Length":69,"Height":69,"Demand":1,"DemandMax":null,"Value":4761},{"Length":57,"Height":57,"Demand":1,"DemandMax":null,"Value":6498},{"Length":39,"Height":39,"Demand":1,"DemandMax":null,"Value":4563},{"Length":48,"Height":48,"Demand":1,"DemandMax":null,"Value":4608},{"Length":56,"Height":56,"Demand":1,"DemandMax":null,"Value":9408},{"Length":41,"Height":41,"Demand":1,"DemandMax":null,"Value":5043},{"Length":74,"Height":74,"Demand":1,"DemandMax":null,"Value":5476},{"Length":89,"Height":89,"Demand":1,"DemandMax":null,"Value":23763},{"Length":90,"Height":90,"Demand":1,"DemandMax":null,"Value":24300},{"Length":59,"Height":59,"Demand":1,"DemandMax":null,"Value":3481},{"Length":96,"Height":96,"Demand":1,"DemandMax":null,"Value":18432},{"Length":54,"Height":54,"Demand":1,"DemandMax":null,"Value":8748},{"Length":16,"Height":16,"Demand":1,"DemandMax":null,"Value":512},{"Length":69,"Height":69,"Demand":1,"DemandMax":null,"Value":14283},{"Length":97,"Height":97,"Demand":1,"DemandMax":null,"Value":18818},{"Length":10,"Height":10,"Demand":1,"DemandMax":null,"Value":300},{"Length":32,"Height":32,"Demand":1,"DemandMax":null,"Value":2048},{"Length":66,"Height":66,"Demand":1,"DemandMax":null,"Value":8712}]}