{"Name":"ep2-200-UC25","Objects":[{"Length":427,"Height":854,"Stock":null,"Cost":364658}],"Items":[{"Length":89,"Height":94,"Demand":10,"DemandMax":null,"Value":25098},{"Length":94,"Height":99,"Demand":10,"DemandMax":null,"Value":18612},{"Length":88,"Height":92,"Demand":10,"DemandMax":null,"Value":16192},{"Length":83,"Height":84,"Demand":10,"DemandMax":null,"Value":6972},{"Length":95,"Height":70,"Demand":10,"DemandMax":null,"Value":6650},{"Length":71,"Height":96,"Demand":10,"DemandMax":null,"Value":13632},{"Length":97,"Height":78,"Demand":10,"DemandMax":null,"Value":7566},{"Length":83,"Height":66,"Demand":10,"DemandMax":null,"Value":10956},{"Length":85,"Height":85,"Demand":10,"DemandMax":null,"Value":21675},{"Length":82,"Height":72,"Demand":10,"DemandMax":null,"Value":5904},{"Length":78,"Height":92,"Demand":10,"DemandMax":null,"Value":14352},{"Length":78,"Height":88,"Demand":10,"DemandMax":null,"Value":20592},{"Length":83,"Height":86,"Demand":10,"DemandMax":null,"Value":14276},{"Length":96,"Height":74,"Demand":10,"DemandMax":null,"Value":21312},{"Length":91,"Height":89,"Demand":10,"DemandMax":null,"Value":8099},{"Length":81,"Height":77,"Demand":10,"DemandMax":null,"Value":18711},{"Length":87,"Height":95,"Demand":10,"DemandMax":null,"Value":16530},{"Length":87,"Height":85,"Demand":10,"DemandMax":null,"Value":7395},{"Length":71,"Height":99,"Demand":10,"DemandMax":null,"Value":7029},{"Length":95,"Height":87,"Demand":10,"DemandMax":null,"Value":8265}]}